8044.571,4485.850,4277.400,3743.542,5367.933,3582.160,3845.000,3227.542,3270.720,3929.208,3083.080,2962.440
7702.500,4445.800,4238.000,3777.292,5321.167,3438.840,3691.417,3221.500,3230.960,3878.375,3061.600,2894.240
7875.536,4395.650,4203.800,3774.458,5212.600,3226.120,3439.083,3276.083,3190.800,3738.333,2987.280,2821.360
8020.500,4361.900,4183.143,3783.083,4997.400,3219.520,3384.250,3271.875,3195.000,3705.458,2975.960,2839.320
8142.393,4309.350,4168.486,3781.583,4891.100,3255.680,3383.833,3285.000,3206.080,3693.208,2966.320,2810.280
8314.571,4274.300,4169.057,3786.958,4842.667,3247.440,3370.083,3263.708,3209.240,3670.167,2995.160,2841.520
8357.107,4275.150,4156.886,3772.833,4781.633,3251.760,3404.833,3282.667,3201.920,3653.958,2987.840,2851.400
8336.071,4224.450,4119.029,3813.667,4737.733,3253.120,3443.083,3262.583,3187.200,3638.500,3003.600,2858.240
8224.286,4182.650,4113.000,3791.500,4749.667,3263.320,3443.333,3273.875,3217.880,3624.000,2983.560,2863.040
8043.893,4166.050,4084.400,3805.917,4702.467,3290.000,3411.917,3262.167,3193.520,3624.875,2969.200,2854.480
8037.393,4137.400,4076.143,3784.250,4715.367,3267.040,3440.417,3266.750,3196.360,3597.125,2990.280,2865.200
8033.571,4145.050,4076.829,3777.917,4693.800,3279.400,3404.000,3254.667,3194.280,3628.500,2963.400,2868.120
8149.714,4117.950,4076.143,3755.958,4733.300,3284.400,3423.000,3250.792,3183.800,3654.917,2975.960,2848.200
8110.464,4137.150,4085.886,3742.458,4770.400,3291.440,3413.833,3243.000,3187.840,3658.125,2957.320,2822.440
8007.429,4108.650,4048.086,3717.875,4755.633,3310.280,3445.917,3251.083,3169.480,3654.917,2949.040,2850.640
7978.464,4136.700,4074.514,3725.792,4797.100,3311.240,3440.083,3272.958,3209.760,3689.333,2940.600,2851.600
7958.786,4146.350,4065.829,3735.000,4784.967,3296.240,3471.750,3268.000,3197.920,3652.458,2977.840,2852.440
7898.536,4136.650,4087.000,3735.458,4796.467,3344.040,3420.250,3252.333,3177.480,3668.875,2988.640,2852.880
7857.964,4164.400,4057.914,3748.625,4801.267,3332.680,3453.583,3262.042,3161.320,3710.542,2980.520,2852.560
7893.179,4175.550,4102.457,3741.833,4859.000,3313.840,3472.417,3256.500,3201.600,3668.375,2982.800,2843.680
7882.964,4150.650,4072.000,3727.167,4827.400,3350.400,3502.917,3280.750,3182.040,3705.458,2995.560,2872.240
7841.893,4183.750,4079.857,3727.708,4850.100,3354.560,3470.833,3289.292,3192.720,3688.375,2980.440,2863.880
7863.000,4170.650,4074.971,3716.167,4803.733,3363.600,3476.000,3298.333,3188.000,3745.875,2968.480,2877.880
7835.714,4182.450,4089.857,3742.708,4865.067,3364.560,3513.250,3282.500,3212.320,3724.167,2982.320,2883.000
7780.143,4179.550,4098.257,3742.833,4836.400,3383.280,3506.250,3283.000,3207.440,3748.750,2978.400,2879.240
7768.607,4179.600,4088.486,3715.583,4853.067,3394.040,3527.000,3289.417,3189.920,3726.292,2980.200,2883.520
7790.750,4178.200,4067.457,3745.042,4868.333,3398.360,3498.083,3274.375,3201.040,3769.083,3016.440,2884.680
7717.500,4179.800,4104.600,3708.917,4854.967,3372.160,3480.833,3283.833,3186.160,3728.250,2983.800,2874.640
7647.321,4132.900,4083.971,3723.000,4850.200,3405.920,3500.250,3289.083,3227.680,3750.458,3001.720,2876.520
7646.679,4148.850,4108.171,3735.208,4856.467,3402.080,3482.000,3297.417,3199.080,3738.958,2989.080,2880.280
7637.286,4174.700,4097.457,3717.083,4859.533,3427.480,3500.583,3272.625,3208.880,3763.667,2982.160,2872.040
7678.929,4163.200,4096.943,3730.333,4840.033,3426.320,3543.417,3289.292,3213.800,3786.333,2995.240,2874.200
7630.607,4155.250,4093.714,3751.750,4847.233,3455.480,3560.417,3309.875,3198.000,3774.667,2995.600,2884.240
7623.643,4160.650,4086.314,3701.583,4856.567,3437.160,3531.000,3277.208,3203.920,3755.833,2967.720,2883.080
7588.393,4107.000,4103.200,3731.833,4838.100,3449.440,3576.083,3292.583,3201.080,3753.833,2999.320,2882.360
7539.750,4133.000,4089.771,3756.083,4837.333,3453.240,3568.167,3296.125,3195.520,3764.583,2995.080,2887.040
7603.250,4151.150,4100.800,3719.167,4841.067,3435.000,3498.333,3287.917,3188.480,3721.208,2986.280,2874.120
7527.857,4177.100,4119.286,3728.125,4863.000,3463.120,3535.917,3299.917,3205.880,3750.625,3011.440,2873.200
7455.821,4135.550,4081.686,3725.292,4843.867,3451.360,3568.417,3288.333,3196.240,3737.500,2996.720,2864.840
7376.107,4156.650,4115.457,3700.625,4854.300,3431.800,3523.667,3255.542,3217.880,3755.708,3005.360,2878.600
7342.107,4146.050,4090.600,3718.292,4838.933,3441.160,3537.333,3293.333,3200.000,3743.958,3013.600,2875.240
7284.929,4121.750,4111.971,3738.208,4860.867,3470.200,3547.583,3252.333,3204.200,3740.417,2997.440,2880.360
7189.071,4134.250,4134.086,3721.542,4804.200,3468.600,3575.833,3287.000,3204.200,3740.958,2969.560,2883.720
7237.750,4112.750,4074.800,3728.542,4838.300,3475.120,3526.833,3284.000,3217.640,3764.750,3013.360,2879.840
7255.071,4124.250,4099.486,3719.583,4841.533,3480.320,3554.667,3273.458,3187.200,3757.208,3000.160,2864.000
7286.286,4135.950,4107.000,3721.500,4865.133,3470.120,3567.750,3298.833,3195.720,3755.208,2959.880,2878.000
7233.821,4098.250,4087.400,3733.625,4921.500,3485.800,3590.333,3287.375,3184.760,3736.333,2991.480,2875.640
7174.286,4126.450,4086.086,3729.333,4876.167,3481.320,3557.833,3270.625,3196.320,3761.542,3000.560,2890.160
7136.607,4118.150,4062.686,3709.250,4883.400,3502.440,3580.917,3270.792,3206.280,3781.292,3000.920,2882.040
7049.250,4109.550,4060.514,3707.875,4858.433,3511.120,3562.417,3290.167,3194.200,3746.250,2995.280,2888.960
7044.821,4103.600,4063.314,3703.250,4850.233,3510.640,3550.083,3290.708,3198.520,3749.250,2981.040,2869.320
6893.214,4114.650,4079.943,3720.083,4888.600,3494.440,3568.833,3272.500,3210.680,3750.417,2978.320,2878.560
6844.250,4072.850,4074.914,3710.167,4891.133,3500.640,3571.833,3275.000,3196.320,3770.917,2996.840,2876.320
6793.786,4108.450,4077.572,3712.750,4898.167,3540.280,3571.917,3266.833,3180.600,3777.917,2989.440,2892.880
6825.786,4121.950,4099.543,3702.792,4877.433,3533.560,3602.500,3316.250,3191.320,3742.917,2980.360,2869.560
6888.821,4116.850,4076.257,3701.375,4930.300,3517.440,3575.833,3292.333,3195.560,3760.583,2995.640,2914.240
6921.393,4124.650,4048.543,3714.917,4901.233,3543.040,3616.000,3301.333,3197.880,3781.625,2998.240,2895.240
6809.536,4099.250,4058.086,3729.500,4911.767,3539.080,3581.833,3294.042,3208.040,3764.250,3005.960,2900.080
6765.500,4084.150,4085.971,3721.792,4925.700,3533.240,3568.500,3309.500,3183.080,3769.333,2993.320,2905.520
6753.000,4134.850,4099.829,3703.750,4921.967,3524.520,3586.000,3278.917,3185.200,3745.833,3009.200,2892.360
6677.536,4070.450,4045.514,3716.750,4946.333,3508.160,3605.500,3270.750,3186.280,3779.792,3022.560,2903.080
6682.393,4095.800,4081.286,3721.750,4948.100,3504.080,3591.667,3321.125,3211.960,3735.167,2960.960,2901.440
6704.643,4138.450,4051.572,3733.125,4974.100,3528.680,3594.833,3306.833,3184.640,3763.333,3005.720,2905.840
6621.607,4102.800,4082.600,3732.542,4949.567,3538.120,3601.167,3292.333,3207.440,3750.708,2986.320,2902.840
6619.536,4096.900,4079.200,3746.375,4925.733,3525.160,3584.500,3300.333,3175.400,3753.083,2992.640,2891.560
6620.750,4084.900,4106.314,3713.958,4933.500,3534.120,3563.333,3308.292,3186.920,3762.167,3002.200,2904.680
6572.607,4094.200,4065.343,3697.708,4939.667,3531.840,3622.750,3296.458,3199.720,3748.958,2976.680,2890.000
6651.821,4084.600,4060.286,3731.125,4903.300,3525.960,3600.667,3304.958,3167.880,3774.833,2989.200,2900.000
6522.143,4125.300,4077.286,3735.542,4898.933,3561.760,3590.250,3283.208,3205.400,3750.542,2995.880,2900.160
6537.929,4105.850,4079.114,3736.792,4936.633,3567.880,3607.250,3288.000,3201.320,3751.375,3004.840,2884.720
6526.750,4101.650,4063.229,3719.958,4920.167,3556.520,3614.167,3283.125,3201.440,3743.292,2972.000,2915.920
6565.714,4111.700,4074.457,3733.333,4912.533,3572.680,3647.167,3301.000,3179.320,3753.750,2983.240,2893.640
6523.357,4110.000,4068.886,3725.167,4911.800,3572.280,3615.750,3299.458,3181.800,3747.167,2995.800,2909.760
6533.286,4108.500,4095.829,3715.292,4911.133,3572.880,3594.417,3288.667,3201.840,3742.500,3001.480,2892.200
6540.071,4108.500,4080.486,3721.000,4866.533,3604.920,3638.583,3293.792,3184.080,3743.125,2991.040,2904.720
6534.143,4125.300,4091.486,3720.208,4856.833,3586.720,3588.167,3301.292,3193.400,3781.708,2981.960,2913.560
6536.500,4099.350,4075.457,3704.417,4926.900,3588.800,3643.917,3278.500,3181.360,3749.667,2983.280,2913.920
6523.607,4156.600,4077.400,3727.792,4864.833,3593.080,3619.417,3310.875,3193.000,3763.542,2988.680,2946.440
6504.429,4100.950,4090.029,3700.958,4877.833,3587.640,3598.417,3290.833,3184.760,3758.708,2978.120,2917.640
6470.893,4140.800,4094.428,3692.958,4883.067,3583.880,3618.500,3298.125,3215.920,3733.792,2975.080,2915.880
6423.321,4114.050,4079.943,3728.625,4872.267,3579.200,3587.917,3261.292,3191.720,3744.042,2984.480,2904.920
6403.964,4115.100,4065.629,3696.208,4868.600,3608.760,3608.667,3279.708,3166.800,3762.333,2978.000,2916.080
6346.964,4090.000,4075.514,3706.542,4881.733,3603.040,3593.167,3293.542,3179.280,3713.958,2948.720,2885.200
6308.393,4124.850,4076.029,3726.542,4853.033,3603.840,3605.417,3314.542,3191.040,3736.458,2962.440,2897.720
6331.214,4102.450,4071.800,3713.208,4907.367,3627.480,3589.250,3292.750,3170.840,3720.208,2979.200,2908.720
6322.500,4137.200,4072.629,3731.917,4855.833,3604.640,3637.083,3312.125,3187.400,3748.708,2994.200,2911.360
6273.393,4126.150,4045.343,3717.042,4862.600,3593.320,3617.667,3284.375,3189.880,3728.292,2968.680,2918.600
6248.679,4114.150,4046.743,3715.792,4878.000,3620.480,3592.083,3293.500,3183.800,3681.250,2977.160,2903.160
6227.821,4161.900,4062.829,3711.833,4854.200,3581.280,3653.667,3280.917,3186.800,3733.375,3007.760,2926.680
6203.857,4085.700,4057.543,3705.750,4839.367,3608.480,3595.583,3295.458,3173.240,3713.292,2976.280,2910.440
6190.393,4112.700,4072.572,3691.958,4842.200,3628.840,3604.667,3310.583,3190.600,3712.458,2961.200,2928.240
6237.107,4113.300,4051.257,3698.167,4862.333,3595.320,3593.583,3313.667,3199.960,3742.417,2963.840,2909.960
6191.464,4086.500,4051.029,3705.167,4841.633,3596.680,3600.750,3303.875,3181.120,3695.667,2972.120,2922.400
6185.786,4128.150,4053.943,3718.125,4851.533,3606.600,3604.750,3307.375,3177.960,3718.667,2978.440,2927.800
6135.429,4103.750,4063.771,3719.167,4857.533,3603.600,3580.583,3299.917,3165.960,3709.167,2959.600,2908.120
6144.464,4120.750,4053.057,3716.750,4831.067,3607.920,3583.500,3280.125,3195.040,3690.792,2960.320,2914.720
6135.714,4132.850,4061.286,3702.750,4870.367,3618.040,3601.000,3290.000,3191.840,3723.208,2939.680,2913.480
6066.214,4120.500,4052.143,3693.292,4837.933,3593.560,3576.917,3277.708,3213.480,3722.875,2981.400,2891.920
6058.500,4106.750,4032.971,3716.208,4801.800,3598.400,3590.917,3290.125,3172.440,3700.208,2963.640,2913.520
6053.607,4096.700,4047.971,3710.292,4808.700,3589.720,3621.083,3288.375,3180.640,3680.000,2978.240,2926.920
6046.143,4141.500,4032.629,3684.708,4798.667,3585.040,3581.500,3285.000,3187.120,3682.417,2960.880,2912.480
6027.286,4119.550,4058.771,3682.875,4814.900,3630.080,3613.083,3302.208,3183.280,3699.958,2967.160,2895.720
6008.464,4103.400,4023.914,3674.708,4784.833,3596.920,3594.500,3269.750,3172.880,3683.833,2962.000,2914.640
6015.821,4074.650,4029.971,3698.833,4803.933,3606.880,3575.083,3303.083,3195.440,3684.083,2971.480,2893.600
5998.071,4098.400,4035.114,3682.125,4812.667,3612.600,3598.000,3290.542,3187.320,3697.333,2956.720,2913.960
5999.857,4081.600,4007.543,3707.125,4795.800,3623.960,3595.750,3283.458,3207.920,3691.917,2952.640,2914.760
5995.500,4109.400,4037.657,3714.625,4790.700,3639.600,3586.167,3275.125,3193.600,3690.875,2971.960,2912.800
5985.036,4140.600,4038.114,3695.708,4790.567,3629.240,3596.583,3304.833,3158.440,3673.625,2952.200,2928.360
5976.107,4093.700,4053.800,3723.875,4746.567,3628.280,3617.833,3296.542,3184.040,3672.958,2937.680,2932.520
5946.536,4092.800,4022.143,3698.708,4777.133,3629.040,3569.417,3304.625,3186.040,3652.875,2950.120,2934.520
5882.000,4096.750,4029.629,3669.750,4750.100,3624.440,3549.333,3279.458,3168.160,3667.708,2943.200,2912.040
5899.357,4073.200,4031.486,3668.417,4747.400,3628.880,3606.750,3307.667,3181.720,3680.208,2972.480,2907.320
5904.679,4111.250,4043.428,3731.042,4730.767,3606.920,3596.583,3280.875,3187.560,3658.333,2973.520,2894.920
5852.357,4100.150,4027.914,3690.208,4715.167,3650.560,3604.667,3287.917,3161.920,3662.625,2968.520,2901.880
5818.571,4097.400,4011.400,3655.958,4722.500,3621.520,3598.333,3292.208,3168.440,3674.708,2958.920,2933.280
5803.464,4086.900,4035.829,3694.500,4725.967,3623.240,3589.083,3276.500,3188.600,3685.375,2957.720,2920.320
5806.821,4094.650,4020.057,3701.458,4689.000,3639.840,3620.583,3309.208,3172.200,3675.458,2952.600,2915.120
5750.214,4075.000,4006.943,3690.250,4700.967,3628.280,3620.833,3266.875,3185.040,3670.958,2966.200,2905.600
5751.714,4101.450,4021.400,3675.500,4696.633,3639.840,3593.583,3289.625,3185.800,3681.292,2940.800,2907.200
5787.536,4101.400,4032.886,3697.333,4713.133,3627.200,3580.750,3271.875,3165.720,3655.542,2961.880,2910.200
5765.000,4116.200,4039.886,3678.833,4696.467,3613.840,3612.667,3273.375,3179.120,3680.208,2952.520,2919.760
5762.929,4135.450,4019.086,3703.292,4666.700,3655.640,3573.167,3288.083,3175.600,3653.667,2955.080,2931.800
5773.143,4113.750,4008.829,3699.750,4660.367,3636.240,3583.500,3267.167,3170.800,3654.958,2944.160,2924.520
5767.286,4091.600,4030.029,3673.542,4635.867,3622.680,3600.417,3288.833,3185.720,3642.375,2955.200,2934.240
5718.500,4111.050,3999.057,3647.542,4621.833,3597.160,3617.417,3299.250,3169.800,3651.167,2952.200,2889.720
5716.536,4097.350,4000.029,3685.750,4620.833,3604.600,3599.750,3291.917,3170.560,3653.833,2945.240,2909.240
5709.679,4113.100,4028.600,3699.833,4650.400,3602.200,3612.917,3291.458,3157.200,3666.458,2952.280,2933.320
5738.214,4134.650,3980.257,3675.917,4634.467,3613.960,3612.500,3288.167,3184.720,3660.125,2931.480,2932.680
5701.500,4119.850,4015.714,3691.917,4628.533,3631.120,3534.417,3302.583,3177.240,3666.542,2955.640,2924.320
5718.643,4123.700,4010.057,3686.208,4624.333,3650.320,3597.000,3271.292,3173.120,3650.458,2947.440,2930.360
5692.143,4087.900,4029.200,3697.208,4621.333,3636.320,3586.167,3317.958,3178.720,3658.333,2955.240,2935.920
5680.429,4093.700,4039.857,3679.583,4619.833,3645.520,3569.333,3276.833,3170.920,3626.792,2954.200,2927.400
5667.179,4110.750,4011.714,3680.458,4612.267,3640.120,3606.417,3295.458,3192.720,3634.208,2954.000,2911.480
5673.179,4107.200,4018.114,3681.750,4593.967,3631.720,3595.750,3293.333,3157.000,3641.625,2944.240,2914.840
5617.143,4121.400,3991.343,3686.000,4608.800,3626.920,3599.417,3281.958,3165.400,3644.083,2938.120,2914.320
5582.929,4095.800,4015.829,3678.000,4577.500,3662.800,3600.750,3286.833,3172.240,3632.833,2943.360,2924.720
5619.321,4109.200,4015.714,3687.958,4578.833,3672.840,3573.917,3283.875,3188.040,3639.083,2928.360,2922.360
5603.321,4132.450,4012.029,3698.458,4601.133,3608.240,3566.250,3286.625,3181.080,3645.500,2948.200,2923.800
5571.929,4085.150,4007.886,3679.250,4585.367,3625.200,3582.750,3298.917,3188.560,3620.458,2927.960,2917.760
5537.571,4138.350,4001.886,3688.167,4578.200,3635.560,3547.083,3295.583,3172.920,3623.375,2954.640,2908.760
5523.036,4103.600,4020.086,3690.292,4590.400,3636.200,3551.917,3281.667,3172.320,3648.583,2946.040,2919.160
5525.107,4098.600,4026.714,3658.583,4577.333,3651.640,3588.167,3286.750,3163.680,3643.583,2936.000,2903.840
5481.893,4082.700,4004.829,3691.250,4559.400,3625.400,3569.667,3315.667,3188.480,3623.167,2959.120,2951.120
5496.000,4114.900,4001.314,3679.542,4553.633,3630.640,3571.000,3306.542,3183.120,3641.625,2940.400,2935.640
5444.250,4097.650,4014.057,3665.583,4587.000,3627.160,3559.000,3298.708,3138.160,3623.125,2953.160,2926.320
5460.714,4094.250,4030.771,3686.542,4547.167,3599.480,3566.750,3285.375,3157.840,3625.542,2901.960,2918.440
5430.250,4113.350,4022.114,3689.625,4513.767,3609.400,3534.417,3294.625,3188.920,3608.000,2926.640,2910.600
5470.607,4073.450,4006.114,3672.083,4530.567,3607.440,3551.167,3297.375,3177.560,3601.000,2930.320,2900.400
5383.607,4123.150,3998.143,3683.542,4526.800,3628.920,3579.750,3293.333,3167.000,3622.375,2916.960,2904.840
5379.500,4091.950,4007.286,3685.458,4500.167,3648.040,3555.500,3288.042,3169.880,3608.208,2932.040,2915.160
5383.571,4088.050,3998.857,3691.000,4528.433,3607.240,3556.083,3295.667,3166.680,3581.208,2949.200,2944.040
5408.143,4086.650,4004.171,3700.625,4483.067,3624.360,3573.667,3279.000,3158.160,3603.458,2934.080,2913.280
5430.071,4103.600,4017.314,3682.500,4482.300,3636.240,3551.917,3287.042,3158.200,3610.542,2928.000,2903.800
5413.857,4069.500,4004.000,3637.292,4490.000,3634.920,3529.167,3271.167,3155.520,3585.542,2931.640,2947.920
5386.357,4096.000,4011.771,3661.375,4482.833,3617.040,3549.167,3312.708,3175.200,3613.667,2924.120,2902.880
5343.464,4109.100,4008.600,3675.292,4502.133,3629.160,3567.333,3285.792,3166.120,3605.750,2913.000,2916.600
5370.714,4124.000,3977.428,3672.708,4470.867,3635.200,3551.000,3292.917,3167.880,3616.250,2934.000,2914.320
5341.607,4092.050,4006.000,3661.917,4473.800,3609.160,3571.833,3296.750,3176.920,3605.667,2939.640,2926.720
5317.750,4076.900,4018.114,3696.625,4476.267,3637.080,3529.000,3288.583,3174.720,3629.000,2923.880,2916.320
5328.536,4092.650,3959.914,3666.667,4483.367,3621.040,3538.417,3306.125,3187.280,3590.292,2912.400,2909.000
5283.036,4106.300,3979.829,3658.708,4460.933,3609.960,3529.417,3288.000,3157.280,3600.250,2916.240,2919.560
5292.393,4097.600,3991.486,3679.833,4459.500,3610.080,3542.167,3282.750,3142.000,3603.125,2908.480,2911.640
5250.321,4102.500,3980.343,3678.417,4434.900,3631.760,3563.667,3303.292,3197.920,3614.875,2922.280,2914.760
5228.179,4113.600,3966.000,3650.167,4428.933,3611.120,3533.250,3303.125,3162.720,3608.125,2924.720,2921.880
5246.821,4079.500,3960.400,3662.917,4418.900,3607.880,3546.833,3300.917,3170.520,3583.542,2919.880,2917.320
5253.500,4100.350,3995.200,3658.917,4448.733,3626.120,3534.750,3295.250,3167.240,3579.375,2930.360,2913.520
5235.107,4109.800,3973.257,3651.375,4385.933,3598.920,3521.917,3294.125,3170.280,3590.042,2894.000,2917.200
5249.214,4112.350,3984.057,3652.792,4428.100,3608.280,3495.250,3300.167,3175.760,3590.708,2918.320,2933.640
5230.250,4087.150,3993.343,3678.458,4433.967,3617.000,3493.500,3289.125,3179.240,3581.833,2909.400,2917.800
5201.821,4092.250,3997.686,3651.167,4402.133,3617.960,3508.333,3302.042,3164.920,3588.875,2919.360,2934.520
5196.821,4102.650,3974.114,3661.417,4405.000,3633.960,3551.500,3292.917,3161.600,3581.542,2927.240,2938.680
5192.214,4105.600,3981.000,3645.375,4422.667,3630.400,3501.667,3284.750,3150.240,3600.958,2912.480,2923.600
5178.750,4075.450,3991.286,3663.375,4420.500,3613.280,3512.750,3290.167,3158.040,3565.958,2912.680,2921.320
5179.750,4103.950,3981.286,3667.375,4402.033,3618.040,3528.167,3281.500,3174.520,3569.083,2902.640,2936.640
5182.607,4108.000,3990.457,3625.750,4391.500,3604.560,3548.500,3295.458,3146.200,3578.500,2914.120,2930.040
5192.857,4070.900,3959.771,3645.417,4377.733,3604.560,3502.333,3292.458,3168.800,3574.417,2924.920,2904.120
5158.250,4097.600,3967.486,3677.625,4362.567,3606.360,3550.083,3282.292,3149.560,3567.750,2896.840,2908.280
5155.071,4085.000,3969.714,3657.542,4363.867,3574.880,3502.250,3286.958,3157.680,3578.167,2891.640,2916.200
5156.679,4074.850,3972.057,3644.000,4378.167,3590.720,3514.000,3300.167,3172.000,3587.792,2915.080,2913.840
5147.571,4089.250,3968.657,3661.500,4344.033,3576.360,3538.500,3286.042,3153.240,3603.583,2918.080,2921.880
5102.000,4088.100,3986.400,3664.042,4336.833,3581.200,3508.667,3281.125,3176.920,3574.417,2918.880,2905.880
5063.536,4111.550,3942.914,3670.625,4348.733,3567.680,3513.833,3294.750,3126.160,3561.417,2919.760,2902.520
5059.750,4057.200,3957.714,3665.125,4347.167,3571.200,3524.000,3284.750,3154.640,3555.458,2903.200,2911.080
5053.321,4046.500,3960.486,3647.708,4337.667,3567.800,3474.083,3297.458,3162.360,3569.625,2915.680,2904.080
4996.500,4080.800,3974.057,3642.917,4308.100,3586.400,3506.917,3285.292,3148.120,3569.750,2909.680,2896.360
5023.857,4085.900,3944.714,3649.667,4333.000,3597.240,3492.167,3270.417,3155.560,3570.417,2918.960,2912.320
5025.250,4071.250,3962.600,3655.000,4322.533,3561.600,3488.083,3304.167,3139.560,3571.375,2910.440,2927.200
4974.500,4092.950,3976.114,3628.583,4300.233,3581.720,3514.667,3298.250,3142.520,3575.792,2895.120,2903.680
4957.714,4054.650,3969.086,3636.875,4345.767,3595.520,3480.417,3292.875,3154.440,3557.542,2905.840,2911.520
4982.179,4072.250,3980.086,3618.167,4333.967,3554.480,3502.667,3252.208,3166.600,3580.208,2892.120,2917.360
4962.643,4041.200,3966.800,3635.875,4311.367,3565.760,3496.333,3274.792,3143.800,3529.667,2905.280,2909.320
4926.893,4034.050,3963.743,3628.042,4312.933,3561.960,3492.917,3270.417,3136.600,3528.792,2884.000,2904.560
4925.857,4050.100,3962.257,3651.833,4274.033,3561.040,3449.833,3277.750,3151.520,3548.875,2903.400,2903.640
4897.464,4068.800,3957.286,3647.875,4255.867,3550.920,3493.250,3276.083,3128.480,3565.583,2898.640,2894.600
4911.179,4063.300,3934.114,3642.125,4299.133,3567.560,3477.667,3293.250,3147.360,3520.250,2892.120,2902.880
4925.500,4049.750,3966.200,3622.250,4297.333,3561.680,3488.083,3278.542,3132.800,3543.458,2899.120,2913.640
4897.786,4042.100,3951.600,3658.333,4282.900,3579.720,3497.417,3285.917,3172.480,3512.792,2904.800,2899.680
4894.357,4022.850,3964.371,3636.000,4283.633,3574.840,3497.417,3278.458,3166.200,3543.375,2892.560,2919.240
4911.964,4023.650,3948.314,3641.083,4266.733,3566.040,3487.250,3304.167,3163.120,3519.417,2889.880,2901.400
4863.357,4055.850,3944.486,3621.333,4276.233,3577.040,3488.417,3281.625,3152.040,3529.542,2886.480,2921.000
4860.357,4039.050,3959.543,3626.042,4249.500,3544.840,3485.000,3296.208,3155.640,3542.000,2898.960,2904.200
4845.929,4033.200,3957.086,3623.792,4259.133,3559.840,3467.250,3271.625,3157.920,3518.125,2893.840,2905.360
4812.821,4051.400,3915.086,3646.208,4248.900,3542.600,3498.750,3284.333,3142.200,3534.750,2881.000,2888.160
4807.143,4045.850,3938.686,3620.917,4261.933,3568.120,3471.667,3259.167,3143.000,3505.667,2890.360,2881.800
4811.714,4015.250,3933.514,3618.292,4254.067,3556.920,3479.917,3268.167,3150.400,3513.417,2885.640,2898.760
4803.500,4067.800,3922.029,3629.333,4251.833,3593.720,3501.917,3285.333,3162.600,3531.750,2904.080,2921.880
4795.500,4059.800,3936.914,3616.667,4250.200,3536.600,3454.500,3266.208,3146.840,3522.000,2897.800,2888.240
4760.714,4052.450,3924.743,3613.250,4245.667,3564.400,3502.250,3295.250,3142.680,3485.833,2894.280,2908.320
4764.429,4025.250,3929.457,3600.875,4237.500,3547.120,3497.500,3269.667,3153.440,3509.917,2890.440,2910.120
4793.750,4019.650,3917.057,3596.792,4259.633,3554.120,3503.250,3280.000,3163.960,3509.583,2902.520,2893.640
4770.964,4035.400,3909.114,3619.083,4242.767,3547.200,3449.583,3273.375,3134.000,3504.917,2885.920,2891.920
4750.643,4040.700,3915.800,3628.625,4240.433,3530.680,3474.250,3279.333,3147.640,3507.875,2892.200,2905.360
4779.536,4027.100,3920.086,3615.625,4251.967,3541.720,3457.417,3262.208,3142.280,3498.667,2905.920,2886.680
4720.821,4048.800,3904.886,3616.458,4192.900,3558.320,3489.750,3289.292,3127.520,3491.083,2890.880,2907.120
4744.143,4040.300,3931.572,3651.708,4199.667,3553.840,3452.667,3259.667,3169.400,3533.375,2898.760,2914.680
4752.214,4017.550,3910.143,3611.667,4203.600,3558.520,3490.583,3285.333,3137.040,3480.667,2879.720,2898.720
4752.036,4052.100,3926.371,3664.083,4206.733,3576.680,3461.083,3301.667,3146.000,3511.375,2870.000,2919.600
4764.286,4017.550,3920.057,3621.208,4208.533,3543.600,3468.667,3274.875,3164.280,3494.375,2861.120,2894.920
4763.464,4054.950,3911.943,3608.750,4181.133,3548.600,3468.750,3277.250,3147.320,3508.000,2885.680,2908.880
4747.143,4008.200,3916.400,3630.708,4205.267,3549.920,3476.833,3269.083,3161.960,3520.083,2904.400,2907.320
4761.964,4036.750,3924.543,3614.417,4199.167,3560.200,3466.583,3269.250,3134.920,3518.542,2890.480,2901.840
4743.071,4040.250,3927.086,3610.625,4190.500,3535.280,3504.750,3279.333,3139.360,3491.083,2880.680,2894.640
4728.964,4052.200,3897.029,3593.417,4181.967,3563.520,3458.333,3272.625,3134.760,3495.500,2880.560,2907.280
4741.214,4015.700,3898.572,3631.333,4152.567,3562.040,3460.500,3262.375,3133.040,3499.958,2904.400,2914.760
4721.214,4056.200,3927.314,3599.292,4187.567,3584.760,3459.417,3281.208,3149.560,3510.292,2898.280,2898.960
4735.250,4012.150,3905.171,3615.083,4157.467,3550.040,3442.167,3275.667,3150.480,3500.667,2879.440,2917.080
4703.750,4052.200,3893.971,3617.000,4160.833,3537.240,3474.417,3276.625,3164.760,3494.583,2872.040,2897.240
4683.214,4023.200,3917.200,3606.750,4148.800,3538.200,3453.417,3272.167,3144.200,3483.208,2888.200,2907.960
4693.679,4025.150,3920.629,3657.625,4168.667,3531.440,3446.500,3262.458,3146.400,3491.917,2867.200,2913.600
4699.214,4009.950,3895.143,3634.667,4163.533,3534.200,3455.083,3274.500,3124.560,3510.958,2895.360,2900.040
4652.964,4038.800,3909.257,3621.708,4127.900,3551.480,3455.583,3278.125,3129.920,3503.417,2904.240,2894.800
4667.250,4026.500,3887.400,3630.375,4137.333,3556.160,3447.500,3268.708,3155.360,3498.208,2894.600,2899.640
4709.464,4043.050,3906.257,3622.333,4153.067,3573.360,3441.833,3275.333,3150.320,3486.542,2896.640,2891.080
4683.964,4034.250,3876.771,3620.167,4133.400,3520.800,3462.917,3264.500,3145.920,3471.167,2855.560,2930.800
4715.714,4026.450,3924.343,3625.292,4159.333,3541.080,3429.167,3293.792,3133.480,3483.625,2879.920,2903.240
4654.000,4071.900,3921.171,3616.375,4142.233,3575.520,3439.833,3286.208,3130.600,3489.833,2885.200,2914.400
4648.929,4011.600,3899.857,3613.917,4141.000,3558.080,3456.333,3257.292,3136.640,3493.042,2858.760,2896.320
4625.714,4036.150,3876.914,3611.458,4125.800,3566.200,3440.167,3255.458,3143.120,3487.083,2865.280,2895.440
4598.071,4063.400,3906.286,3608.125,4123.867,3532.840,3431.167,3293.042,3147.440,3487.333,2873.840,2894.640
4568.107,4049.450,3874.543,3604.583,4142.933,3527.600,3447.250,3289.833,3139.400,3464.833,2872.520,2909.880
4576.750,4037.350,3878.086,3609.208,4115.500,3558.160,3454.750,3275.458,3131.800,3479.292,2871.600,2895.800
4611.821,4036.550,3876.086,3598.833,4108.667,3529.280,3436.250,3267.875,3149.880,3465.083,2890.480,2902.520
4598.286,4031.550,3892.514,3578.000,4093.000,3524.920,3446.750,3284.208,3132.240,3467.833,2863.120,2904.000
4585.714,4031.800,3880.171,3613.167,4121.800,3541.480,3445.500,3278.667,3125.160,3450.833,2871.280,2906.920
4562.214,4019.250,3901.428,3613.542,4101.500,3552.960,3433.417,3301.708,3147.920,3487.750,2891.520,2897.360
4560.643,4026.750,3883.771,3618.625,4094.467,3540.160,3451.917,3272.208,3141.000,3460.542,2890.400,2889.400
4560.429,4083.550,3888.800,3632.750,4078.567,3514.880,3441.667,3289.000,3148.320,3468.833,2895.480,2895.360
4583.679,4075.250,3898.886,3628.750,4102.533,3539.840,3456.667,3289.625,3151.160,3451.333,2865.680,2897.880
4563.393,4044.300,3901.629,3600.125,4093.100,3537.920,3426.167,3269.917,3145.400,3468.667,2883.480,2898.680
4548.500,4037.150,3878.600,3634.208,4082.200,3538.840,3440.833,3273.875,3165.840,3465.000,2869.400,2903.280
4544.214,4040.750,3875.286,3610.250,4058.767,3536.160,3430.917,3289.417,3145.600,3474.958,2871.360,2921.280
4541.321,4061.450,3892.486,3613.875,4088.267,3551.040,3454.667,3268.167,3151.120,3448.667,2867.600,2909.000
4570.321,4050.450,3901.486,3623.000,4078.933,3532.600,3402.333,3281.875,3132.800,3463.667,2884.600,2926.240
4580.714,4069.450,3883.229,3601.875,4045.633,3549.320,3420.583,3291.583,3157.360,3462.042,2871.120,2920.360
4590.929,4057.500,3912.029,3625.958,4093.667,3571.840,3432.417,3276.625,3141.560,3454.250,2877.360,2917.240
4576.893,4085.850,3872.400,3616.875,4066.067,3542.200,3430.917,3275.750,3150.240,3452.375,2861.880,2930.520
4582.286,4086.500,3881.629,3616.375,4036.900,3554.040,3438.417,3272.750,3131.920,3450.208,2866.160,2931.160
4531.643,4054.250,3891.343,3626.792,4061.700,3556.080,3423.333,3282.083,3138.720,3433.833,2876.800,2928.080
4556.143,4048.050,3891.257,3623.208,4033.033,3542.400,3441.250,3287.125,3140.880,3424.208,2863.080,2929.160
4539.536,4027.300,3859.314,3616.292,4037.333,3574.520,3430.750,3282.250,3126.080,3488.917,2865.920,2921.480
4544.107,4067.700,3874.457,3632.125,4066.033,3583.240,3452.250,3286.208,3125.760,3470.083,2851.840,2935.240
4525.714,4053.750,3876.600,3621.333,4059.800,3568.840,3420.583,3284.542,3140.520,3433.875,2881.240,2929.360
4535.821,4066.200,3870.572,3620.792,4049.433,3583.840,3481.417,3283.833,3148.920,3457.708,2862.280,2942.920
4520.107,4084.400,3878.657,3658.708,4040.967,3580.960,3435.083,3303.708,3136.240,3436.458,2854.320,2940.560
4524.536,4040.700,3881.943,3628.458,4029.467,3561.360,3458.917,3294.500,3118.280,3455.083,2867.640,2936.880
4509.429,4034.650,3880.400,3610.458,4040.600,3530.360,3431.667,3297.042,3156.200,3450.125,2876.880,2916.400
4498.000,4050.150,3872.029,3603.958,4026.200,3562.520,3413.583,3293.833,3123.600,3437.833,2869.120,2914.720
4471.214,4076.150,3867.171,3634.833,4049.400,3578.240,3428.500,3284.917,3132.080,3422.500,2867.560,2927.440
4463.464,4068.750,3861.686,3617.250,4041.033,3559.480,3448.917,3281.042,3146.560,3435.667,2863.720,2929.560
4476.464,4095.150,3854.114,3634.917,4006.033,3561.520,3404.917,3268.667,3137.320,3430.708,2858.760,2914.000
4468.679,4052.200,3865.000,3595.708,4014.500,3566.520,3412.167,3287.250,3132.920,3434.500,2863.640,2915.600
4476.643,4048.300,3879.514,3594.667,4017.467,3565.640,3455.083,3287.833,3153.520,3404.292,2860.360,2948.920
4437.750,4062.150,3865.572,3609.083,4006.233,3550.240,3433.500,3291.000,3139.040,3441.583,2868.440,2921.000
4446.036,4028.500,3863.428,3605.750,4008.867,3576.360,3439.667,3273.750,3120.520,3439.417,2858.840,2921.200
4445.821,4078.500,3857.286,3596.875,4010.467,3560.280,3449.333,3288.542,3127.600,3405.708,2868.840,2925.320
4422.821,4088.000,3826.514,3608.833,4028.933,3543.520,3447.083,3282.333,3123.840,3425.333,2856.680,2940.040
4403.786,4027.550,3845.057,3613.708,4002.133,3541.240,3408.583,3252.292,3141.880,3418.083,2857.080,2902.200
4403.464,4053.800,3834.886,3612.167,4022.600,3547.600,3426.750,3280.208,3138.160,3420.000,2873.720,2935.040
4402.286,4022.200,3850.400,3617.792,4031.400,3546.120,3433.833,3286.583,3128.040,3399.708,2862.720,2915.760
4394.071,4038.150,3863.457,3615.292,4008.100,3545.040,3438.333,3267.458,3130.600,3432.917,2875.960,2919.760
4427.321,4046.800,3852.229,3614.292,4017.467,3558.960,3402.583,3275.792,3138.280,3411.250,2874.520,2925.360
4402.179,4059.450,3861.857,3624.458,4005.233,3552.200,3454.333,3294.833,3129.760,3395.125,2872.720,2933.920
4371.071,4053.250,3861.343,3600.292,4009.167,3545.400,3397.333,3278.500,3141.600,3409.542,2857.320,2927.880
4377.000,4056.700,3861.657,3598.125,4008.800,3524.320,3403.083,3287.875,3111.800,3433.292,2856.560,2931.280
4364.679,4047.500,3818.514,3581.083,4003.933,3569.520,3427.917,3291.750,3121.600,3402.083,2853.840,2935.480
4382.571,4084.300,3848.200,3613.000,4005.000,3549.280,3414.333,3288.292,3127.760,3389.250,2852.280,2903.760
4338.500,4059.850,3854.200,3599.250,3983.167,3543.280,3388.917,3275.542,3137.640,3425.333,2836.200,2927.640
4322.036,4045.800,3866.428,3597.292,4010.333,3549.920,3407.417,3285.208,3126.840,3388.000,2853.120,2928.720
4345.429,4065.250,3834.343,3615.375,3995.900,3564.600,3414.917,3280.250,3114.120,3411.250,2847.960,2917.480
4321.964,4009.050,3852.229,3631.792,4001.233,3562.040,3439.000,3261.125,3134.120,3366.458,2839.600,2912.200
4347.786,4039.950,3813.428,3620.958,4031.667,3551.320,3406.500,3291.542,3141.720,3410.292,2838.600,2942.560
4318.393,4048.050,3838.229,3609.083,3985.033,3540.480,3387.167,3277.417,3110.240,3399.833,2866.040,2906.120
4321.071,4066.400,3841.543,3602.167,3999.167,3549.560,3394.500,3288.042,3118.360,3416.000,2848.120,2928.280
4286.536,4062.700,3825.514,3610.458,3978.933,3525.760,3411.250,3298.750,3119.040,3409.000,2849.240,2922.560
4299.821,4061.450,3839.057,3581.625,4013.200,3553.760,3439.667,3255.375,3127.920,3402.792,2834.760,2921.560
4306.214,4078.700,3831.543,3611.333,3990.700,3562.600,3411.000,3290.583,3132.440,3380.083,2850.440,2893.400
4308.000,4079.350,3834.714,3613.458,3964.300,3545.680,3409.167,3279.875,3123.080,3408.458,2845.720,2924.280
4297.429,4085.600,3831.086,3616.833,4006.500,3545.000,3379.500,3267.333,3131.840,3368.375,2852.560,2929.920
4290.857,4086.900,3823.371,3613.708,3970.700,3558.480,3416.583,3302.500,3125.440,3380.042,2863.720,2914.640
4286.893,4066.550,3849.086,3610.292,3969.300,3558.800,3412.917,3297.833,3120.480,3393.208,2857.440,2940.880
4243.929,4071.450,3823.486,3607.708,3981.100,3538.360,3400.750,3277.500,3112.120,3384.292,2847.360,2940.760
4277.929,4059.650,3811.257,3621.250,3971.300,3550.680,3421.083,3272.042,3098.600,3392.542,2841.520,2936.160
4284.393,4038.050,3827.114,3635.333,3969.100,3536.640,3389.917,3273.292,3121.040,3395.417,2847.480,2923.360
4222.143,4098.650,3819.114,3614.125,3966.300,3550.200,3435.083,3277.958,3114.800,3392.833,2854.640,2917.360
4252.929,4072.750,3826.914,3613.583,3986.100,3560.880,3420.583,3282.167,3119.880,3397.583,2838.240,2937.240
4233.143,4039.850,3796.943,3602.375,3962.400,3539.680,3369.667,3303.250,3128.920,3379.250,2851.160,2933.000
4262.714,4096.000,3836.229,3612.958,3956.267,3560.800,3406.083,3285.000,3093.400,3359.375,2838.320,2933.760
4243.107,4074.800,3805.486,3608.583,3965.567,3558.000,3378.667,3269.250,3115.960,3372.458,2827.440,2944.840
4258.393,4079.050,3824.457,3617.417,3937.633,3540.120,3372.833,3302.958,3129.280,3381.292,2872.120,2952.800
4234.107,4061.150,3840.457,3612.833,3967.867,3534.040,3418.417,3289.750,3130.000,3397.667,2841.320,2956.840
4210.679,4064.200,3833.200,3612.250,3979.633,3552.760,3402.583,3266.583,3114.840,3371.708,2842.600,2934.200
4226.000,4093.200,3798.086,3628.875,3953.733,3545.960,3388.500,3283.000,3099.440,3386.833,2852.000,2931.360
4235.536,4054.000,3797.657,3605.833,3940.733,3509.320,3414.750,3269.708,3107.680,3361.333,2848.160,2939.240
4205.893,4073.800,3812.943,3610.333,3957.100,3547.960,3422.417,3284.917,3102.520,3393.125,2848.000,2943.920
4188.821,4056.850,3810.829,3592.500,3937.233,3535.320,3387.000,3247.750,3101.480,3389.833,2842.360,2933.960
4234.000,4068.800,3804.572,3586.667,3947.133,3517.920,3417.917,3268.833,3109.920,3360.333,2835.240,2930.600
4201.036,4073.500,3828.657,3610.083,3915.333,3534.200,3378.917,3266.917,3126.760,3371.542,2839.440,2942.240
4199.321,4012.150,3820.314,3601.417,3962.967,3504.520,3373.750,3269.917,3143.840,3362.792,2843.640,2913.400
4195.214,4016.700,3803.657,3585.250,3938.400,3545.280,3403.750,3283.500,3103.560,3375.208,2843.200,2940.280
4191.536,4041.900,3832.371,3588.875,3945.967,3508.880,3370.417,3294.250,3138.520,3346.917,2846.280,2925.800
4191.107,4040.050,3815.343,3609.417,3923.967,3522.560,3361.667,3256.958,3118.080,3382.125,2821.720,2927.880
4197.893,4063.750,3800.743,3617.875,3912.733,3538.560,3379.667,3283.833,3109.920,3388.667,2857.040,2912.760
4223.036,4014.400,3797.714,3592.833,3936.233,3528.000,3412.167,3270.542,3111.880,3370.042,2843.480,2925.800
4206.107,4032.450,3820.714,3595.458,3937.200,3527.840,3352.917,3282.083,3125.640,3385.792,2837.080,2921.640
4190.143,4019.200,3808.657,3580.292,3949.200,3538.200,3375.000,3273.833,3135.760,3359.500,2849.400,2914.120
4202.107,4009.850,3804.943,3579.000,3934.467,3544.520,3365.750,3285.750,3114.400,3371.708,2828.000,2935.080
4195.143,4051.650,3800.971,3598.208,3932.867,3548.160,3414.250,3262.833,3113.800,3357.125,2829.240,2919.720
4186.143,4057.600,3794.486,3611.417,3913.800,3526.760,3398.500,3276.125,3118.720,3359.250,2848.160,2933.600
4178.607,4059.700,3815.057,3576.500,3916.033,3520.200,3408.500,3307.333,3119.880,3366.750,2846.040,2917.200
4177.857,4068.550,3805.286,3607.833,3935.300,3524.400,3376.667,3296.333,3126.880,3351.042,2836.960,2923.400
4144.893,4052.200,3788.400,3573.667,3935.100,3549.800,3364.500,3288.417,3130.000,3353.667,2827.640,2946.000
4158.357,4065.100,3802.371,3596.750,3969.333,3531.760,3371.167,3270.375,3127.080,3385.750,2844.880,2927.800
4174.000,4085.200,3783.114,3599.542,3935.000,3545.480,3387.000,3293.167,3117.520,3353.833,2846.960,2960.560
4139.607,4026.400,3804.086,3591.667,3928.067,3527.200,3364.083,3267.083,3109.640,3331.667,2842.520,2933.400
4177.643,4054.550,3800.486,3617.833,3903.000,3503.080,3377.583,3275.083,3106.240,3358.625,2848.160,2932.240
4125.357,4016.900,3793.943,3593.333,3905.567,3502.120,3408.333,3285.542,3103.480,3359.375,2844.160,2926.600
4109.607,4026.350,3771.143,3578.250,3882.700,3527.960,3358.167,3291.083,3117.080,3350.750,2831.960,2943.080
4108.643,4021.650,3784.514,3612.417,3919.067,3530.440,3405.333,3285.458,3126.040,3326.417,2837.480,2932.680
4108.821,4017.550,3792.143,3576.958,3868.567,3540.200,3372.667,3290.792,3110.920,3348.458,2841.040,2938.320
4112.536,4030.450,3772.514,3610.292,3886.867,3533.240,3357.583,3265.292,3101.200,3349.667,2844.400,2928.920
4096.286,4036.950,3802.572,3593.667,3869.967,3523.120,3406.417,3268.917,3105.560,3359.167,2847.480,2937.600
4113.714,4029.250,3794.171,3601.542,3888.367,3502.040,3336.583,3271.750,3126.080,3335.083,2851.200,2922.240
4091.250,4043.000,3778.086,3597.083,3889.133,3532.200,3396.083,3257.083,3129.880,3335.417,2830.160,2936.840
4104.214,4047.100,3785.914,3588.458,3882.933,3510.320,3383.250,3293.958,3107.720,3314.250,2832.480,2942.680
4094.000,4013.850,3778.829,3617.542,3856.933,3515.160,3376.750,3287.125,3121.240,3327.250,2839.680,2940.400
4092.643,4050.400,3765.629,3611.333,3874.700,3497.120,3403.500,3287.625,3113.200,3336.917,2847.160,2904.760
4091.072,4066.750,3782.086,3586.875,3858.300,3507.240,3386.000,3273.833,3081.080,3339.125,2823.440,2920.520
4070.607,4015.700,3801.686,3609.417,3870.933,3520.200,3335.750,3273.000,3113.440,3354.875,2836.560,2924.520
4084.714,4031.300,3768.514,3587.625,3864.733,3497.680,3360.750,3305.958,3093.280,3366.500,2833.680,2940.000
4137.250,4034.250,3771.572,3588.542,3846.233,3508.920,3378.000,3277.625,3112.400,3348.583,2829.680,2934.480
4070.714,4006.750,3771.829,3581.750,3856.500,3505.640,3396.750,3293.000,3107.360,3293.958,2831.600,2927.280
4086.250,4059.700,3766.514,3612.875,3850.800,3503.560,3358.333,3281.875,3117.240,3348.417,2819.640,2940.760
3928.643,3870.600,3736.657,3548.458,3803.133,3493.320,3398.417,3233.292,3095.080,3296.708,2833.280,2889.960
3939.893,3862.900,3710.314,3553.208,3832.667,3509.920,3374.917,3242.542,3120.240,3326.042,2808.240,2900.960
4100.500,4065.350,3781.114,3600.292,3850.267,3512.760,3350.750,3276.958,3132.680,3352.875,2819.800,2925.160
4124.143,4076.800,3785.771,3607.042,3870.000,3502.720,3370.083,3280.917,3084.120,3325.833,2832.120,2929.600
4181.893,4182.700,3804.057,3640.000,3855.967,3467.600,3347.583,3294.167,3086.440,3333.208,2824.000,2933.880
4194.536,4203.300,3830.400,3622.750,3878.933,3458.920,3311.167,3303.583,3123.120,3325.000,2802.480,2956.400
4203.500,4233.750,3804.171,3654.042,3865.567,3438.680,3326.083,3269.833,3098.320,3340.333,2817.080,2897.880
4219.643,4243.900,3782.600,3642.625,3853.867,3483.040,3301.333,3281.042,3084.520,3297.500,2831.760,2940.240
4209.536,4219.600,3806.171,3640.167,3868.467,3487.720,3324.500,3288.000,3096.640,3324.792,2796.400,2921.400
4224.321,4212.500,3787.400,3654.333,3848.633,3497.200,3274.000,3296.333,3109.200,3329.750,2820.200,2918.640
4212.071,4230.000,3792.200,3637.292,3844.000,3456.360,3308.750,3287.833,3104.680,3323.833,2826.320,2925.480
4235.500,4227.850,3787.457,3662.083,3837.000,3452.960,3332.667,3280.792,3095.640,3301.042,2820.440,2931.520
4196.071,4188.700,3802.200,3658.958,3842.667,3459.040,3295.333,3300.667,3121.400,3303.458,2807.640,2926.400
4195.036,4185.600,3772.229,3634.958,3846.867,3454.160,3343.250,3288.125,3102.960,3284.875,2799.280,2931.480
4188.214,4224.850,3801.714,3646.333,3867.333,3459.440,3311.167,3267.458,3093.240,3326.583,2802.800,2930.200
4212.679,4195.650,3801.000,3644.542,3857.767,3448.400,3269.750,3279.000,3113.360,3331.875,2801.120,2915.520
4239.071,4196.550,3800.629,3626.000,3853.400,3464.480,3286.500,3297.125,3095.720,3313.250,2805.760,2947.400
4194.321,4197.850,3787.171,3638.042,3860.833,3440.040,3332.167,3275.958,3092.480,3307.292,2815.120,2909.120
4195.393,4216.250,3793.914,3628.708,3853.800,3459.880,3294.333,3278.833,3100.040,3294.083,2796.680,2897.800
4173.250,4170.700,3794.114,3635.000,3847.067,3461.840,3275.333,3276.083,3095.960,3313.292,2807.760,2926.480
4198.071,4208.500,3793.086,3634.667,3847.700,3480.720,3271.667,3272.125,3117.240,3318.917,2806.000,2911.960
4208.000,4196.050,3788.886,3631.333,3844.900,3450.240,3309.417,3271.083,3092.440,3310.333,2822.960,2910.960
4179.143,4205.400,3772.371,3629.792,3846.800,3452.400,3291.000,3274.500,3089.320,3276.375,2816.440,2908.280
4166.357,4198.350,3797.657,3631.292,3836.900,3458.000,3309.167,3292.125,3101.040,3303.292,2797.560,2918.720
4182.607,4196.450,3778.886,3624.250,3834.500,3435.640,3263.583,3285.042,3102.520,3312.417,2818.880,2922.080
4189.464,4182.100,3747.714,3630.167,3805.333,3435.040,3291.500,3289.917,3112.360,3294.958,2825.000,2926.480
4187.571,4174.050,3779.829,3606.417,3831.800,3454.640,3300.750,3263.375,3078.520,3284.625,2819.440,2928.640
4178.286,4185.050,3766.229,3623.708,3851.300,3451.160,3313.917,3270.208,3107.520,3294.667,2833.800,2928.000
4153.536,4184.100,3789.457,3623.208,3821.267,3433.600,3305.417,3277.958,3092.200,3287.917,2824.040,2911.360
4171.143,4195.450,3766.086,3630.750,3812.900,3447.520,3291.000,3282.917,3124.600,3299.000,2824.720,2903.040
4185.143,4196.650,3782.400,3620.125,3813.867,3449.400,3300.000,3279.542,3079.560,3294.833,2798.400,2903.400
4168.357,4156.150,3781.543,3642.292,3794.933,3412.000,3298.833,3300.167,3109.800,3279.125,2823.760,2909.040
4168.500,4178.550,3790.943,3635.292,3821.300,3459.000,3315.917,3288.333,3089.200,3298.917,2816.040,2928.080
4127.929,4160.900,3778.057,3606.125,3812.233,3423.680,3298.917,3290.500,3088.240,3295.042,2827.840,2920.960
4152.964,4197.650,3756.457,3620.583,3794.133,3447.200,3289.167,3254.667,3103.720,3289.292,2808.280,2913.280
4168.286,4174.600,3748.514,3622.708,3806.300,3445.040,3297.917,3275.667,3107.840,3289.250,2816.760,2923.680
4176.750,4164.750,3779.800,3617.042,3815.067,3416.560,3266.833,3259.333,3104.320,3309.375,2817.280,2896.360
4178.286,4171.950,3763.229,3624.625,3782.033,3457.400,3326.250,3278.500,3098.640,3283.083,2798.840,2892.560
4171.179,4189.400,3770.457,3622.667,3806.600,3403.680,3273.833,3275.625,3093.320,3276.500,2787.080,2899.840
4239.571,4162.800,3744.572,3607.708,3803.833,3424.160,3311.333,3272.167,3079.000,3285.417,2802.280,2890.120
4174.071,4171.400,3753.257,3638.708,3789.433,3440.680,3283.500,3284.417,3096.000,3266.042,2832.960,2904.920
4171.571,4189.750,3752.572,3630.375,3774.900,3432.200,3303.167,3254.458,3086.320,3283.000,2815.040,2923.760
4183.036,4158.750,3764.971,3613.458,3785.667,3434.080,3298.417,3271.708,3086.960,3293.292,2796.280,2890.720
4198.536,4182.450,3761.572,3628.917,3780.700,3426.880,3276.167,3271.583,3083.800,3279.167,2825.720,2924.800
4174.036,4185.200,3756.171,3628.125,3780.467,3445.160,3278.667,3270.458,3106.280,3290.958,2807.320,2921.560
4194.857,4150.950,3762.771,3590.750,3778.900,3414.400,3310.500,3258.083,3070.440,3261.250,2820.760,2912.360
4198.786,4158.350,3762.572,3622.708,3776.267,3433.000,3274.333,3265.333,3097.840,3273.625,2813.720,2922.080
4222.929,4173.900,3755.629,3620.625,3787.433,3446.360,3273.750,3268.125,3103.320,3294.917,2810.000,2911.440
4170.714,4153.350,3755.143,3633.125,3782.533,3434.440,3261.583,3267.708,3094.040,3287.125,2805.600,2926.480
4162.679,4158.850,3766.714,3599.083,3785.100,3450.000,3262.750,3263.458,3091.680,3278.958,2803.560,2915.720
4193.286,4175.750,3784.800,3614.500,3767.700,3414.880,3279.333,3271.792,3092.640,3250.292,2820.040,2914.200
4192.679,4147.900,3747.400,3604.333,3772.433,3405.520,3307.500,3265.458,3094.240,3259.292,2806.920,2910.520
4180.893,4181.150,3728.714,3606.625,3767.267,3417.120,3288.250,3265.833,3094.960,3262.958,2812.320,2910.560
4209.321,4143.150,3740.743,3583.917,3788.867,3437.880,3287.917,3263.333,3100.480,3259.917,2798.280,2898.800
4203.357,4133.900,3745.286,3621.417,3746.733,3425.320,3289.250,3267.792,3097.120,3271.750,2824.720,2909.320
4193.286,4137.200,3746.229,3605.667,3750.733,3425.960,3305.250,3276.667,3083.440,3250.875,2796.640,2932.280
4200.250,4171.000,3762.400,3606.958,3777.667,3455.240,3304.417,3257.042,3098.160,3275.667,2793.840,2912.880
4154.500,4152.550,3740.343,3620.625,3745.433,3421.960,3281.000,3258.458,3090.760,3273.208,2806.200,2923.280
4176.964,4104.600,3724.029,3619.208,3748.400,3450.640,3294.417,3284.500,3090.800,3267.958,2807.000,2923.080
4155.714,4135.500,3737.400,3593.458,3753.067,3415.240,3289.167,3286.792,3072.240,3267.917,2794.000,2900.520
4143.714,4124.450,3743.686,3638.667,3750.000,3424.480,3279.333,3268.167,3103.320,3268.083,2810.000,2910.920
4181.679,4117.950,3714.714,3618.292,3767.833,3432.400,3290.250,3254.583,3107.680,3243.583,2813.600,2900.680
4172.464,4130.400,3736.886,3618.042,3725.567,3437.600,3291.500,3266.333,3090.320,3247.833,2813.520,2908.960
4205.821,4117.150,3742.971,3624.875,3755.900,3422.080,3300.750,3277.667,3092.360,3267.625,2814.960,2896.880
4196.821,4136.550,3731.600,3621.458,3751.900,3420.880,3285.000,3259.375,3093.560,3279.292,2823.280,2892.920
4165.643,4177.100,3707.657,3609.042,3753.200,3423.080,3253.417,3263.333,3108.920,3267.750,2781.720,2921.120
4170.143,4139.200,3723.514,3618.792,3752.733,3443.560,3273.500,3262.000,3107.920,3265.083,2809.800,2931.520
4155.571,4118.600,3722.029,3616.792,3721.667,3423.320,3273.000,3274.708,3079.640,3245.250,2806.320,2901.080
4166.107,4139.150,3730.657,3595.833,3743.833,3432.640,3261.083,3279.167,3081.240,3242.833,2799.040,2908.160
4165.107,4123.850,3745.371,3611.500,3720.267,3405.440,3258.000,3270.875,3099.880,3255.500,2797.000,2906.960
4167.500,4105.450,3755.229,3615.750,3748.100,3441.000,3296.083,3270.667,3078.320,3245.667,2796.720,2903.520
4151.143,4088.850,3714.086,3609.833,3745.100,3434.480,3274.250,3256.833,3099.160,3238.167,2801.360,2902.880
4163.786,4084.300,3723.629,3607.458,3765.633,3431.920,3274.583,3268.208,3070.000,3247.083,2807.920,2886.640
4193.429,4089.650,3709.514,3637.292,3753.000,3416.000,3286.583,3260.167,3092.080,3223.083,2782.960,2905.720
4138.000,4124.000,3714.057,3590.292,3759.533,3388.960,3263.750,3255.917,3081.000,3222.083,2797.800,2928.520
4190.143,4117.950,3705.114,3593.083,3753.667,3436.440,3289.833,3278.625,3090.480,3239.833,2792.560,2925.320
4131.107,4129.300,3735.371,3598.792,3738.467,3421.400,3263.083,3267.958,3082.880,3256.917,2796.720,2905.960
4142.643,4090.250,3739.400,3585.417,3715.733,3411.480,3254.250,3268.417,3081.840,3237.125,2804.280,2921.080
4148.893,4106.850,3726.771,3585.792,3726.033,3422.400,3280.417,3259.583,3076.480,3223.208,2816.640,2895.680
4140.464,4089.700,3711.771,3622.542,3739.267,3424.800,3223.833,3253.333,3083.720,3247.875,2799.280,2908.360
4145.536,4086.350,3729.400,3599.292,3738.133,3404.640,3252.667,3253.958,3072.360,3237.167,2796.160,2901.800
4149.929,4128.500,3711.314,3594.958,3746.167,3408.560,3234.917,3251.833,3066.800,3242.083,2815.080,2909.320
4177.250,4084.250,3733.029,3606.708,3736.867,3414.280,3284.583,3260.250,3059.440,3261.917,2823.120,2908.600
4150.821,4102.550,3707.000,3582.292,3723.100,3409.960,3289.333,3267.750,3075.760,3224.250,2788.280,2919.280
4126.964,4069.600,3717.257,3567.042,3734.900,3422.320,3235.750,3252.625,3076.320,3226.750,2802.000,2916.360
4129.750,4046.600,3731.943,3625.625,3726.600,3407.520,3286.167,3259.333,3070.680,3254.375,2805.560,2908.160
4122.143,4104.850,3715.514,3595.917,3725.400,3402.440,3234.500,3256.292,3108.240,3221.750,2796.200,2910.240
4127.643,4093.250,3704.400,3577.583,3723.700,3422.960,3258.500,3247.625,3054.040,3222.667,2777.880,2907.760
4164.607,4095.400,3724.086,3604.875,3722.100,3411.160,3275.500,3266.958,3083.240,3261.875,2783.760,2916.760
4145.393,4105.100,3711.286,3591.625,3738.800,3412.600,3279.083,3267.000,3081.000,3228.958,2806.000,2904.680
4142.714,4079.300,3707.657,3606.542,3722.533,3419.920,3260.083,3235.125,3082.000,3223.958,2812.320,2908.000
4090.928,4089.950,3698.057,3603.208,3722.933,3420.680,3245.917,3271.792,3103.360,3245.583,2779.120,2883.680
4102.250,4099.700,3724.057,3592.250,3724.833,3426.400,3277.750,3281.667,3088.240,3238.000,2786.040,2895.640
4144.000,4097.700,3707.943,3614.958,3719.867,3419.160,3283.667,3265.542,3083.360,3209.167,2787.400,2920.720
4109.000,4063.800,3684.543,3615.250,3730.267,3416.920,3257.667,3249.875,3100.880,3211.917,2802.800,2903.160
4107.321,4094.750,3682.714,3580.167,3709.267,3426.880,3246.417,3246.250,3068.040,3217.500,2804.760,2903.600
4108.393,4073.100,3698.572,3592.042,3721.000,3429.200,3286.167,3264.833,3078.800,3247.042,2809.560,2928.880
4119.893,4111.000,3696.029,3583.208,3712.200,3429.560,3265.750,3275.292,3087.080,3240.917,2806.560,2936.840
4101.000,4043.200,3684.886,3600.875,3723.500,3404.440,3270.500,3258.500,3084.200,3230.542,2807.680,2915.200
4098.357,4073.150,3686.886,3598.667,3716.833,3422.400,3261.417,3255.917,3088.280,3229.208,2799.680,2909.440
4152.107,4074.600,3694.800,3604.750,3724.700,3420.440,3256.583,3252.625,3065.720,3226.750,2794.240,2913.080
4108.714,4084.450,3700.400,3609.250,3714.033,3389.720,3268.500,3255.292,3071.600,3201.458,2771.560,2897.920
4122.321,4088.150,3690.914,3602.958,3719.667,3442.280,3278.667,3253.208,3078.000,3198.792,2785.200,2919.840
4091.036,4075.600,3686.400,3582.917,3731.700,3423.400,3288.167,3288.833,3069.120,3219.667,2787.800,2916.560
4119.786,4069.050,3721.486,3596.792,3714.433,3401.080,3273.583,3243.458,3081.520,3219.583,2787.280,2893.440
4110.714,4079.400,3707.029,3594.375,3720.433,3414.600,3263.250,3263.167,3089.600,3225.208,2780.160,2915.320
4083.786,4069.400,3712.829,3605.250,3705.700,3419.200,3240.667,3244.625,3059.760,3227.958,2776.920,2918.000
4098.286,4059.000,3684.457,3574.583,3716.833,3415.760,3250.417,3265.792,3066.000,3231.500,2784.560,2914.720
4124.107,4062.350,3686.800,3589.417,3703.667,3413.560,3282.750,3257.542,3091.760,3216.208,2786.560,2909.480
4072.928,4075.900,3682.086,3586.000,3712.800,3394.880,3255.083,3251.042,3073.280,3218.375,2803.080,2908.800
4085.036,4051.750,3694.543,3587.042,3703.167,3418.960,3282.750,3248.250,3073.960,3212.875,2789.080,2916.440
4088.714,4062.200,3694.000,3604.500,3696.900,3421.400,3249.417,3236.125,3061.360,3191.583,2793.640,2911.080
4100.393,4057.250,3678.857,3582.833,3703.233,3411.480,3275.083,3239.917,3077.120,3207.333,2793.040,2903.560
4101.500,4058.200,3683.686,3558.875,3687.667,3403.840,3270.083,3248.583,3052.120,3212.250,2795.880,2914.040
4075.750,4049.500,3687.543,3593.917,3716.967,3412.200,3249.750,3253.958,3069.800,3197.917,2799.240,2902.840
4119.571,4071.050,3675.314,3578.208,3701.833,3421.480,3260.000,3250.625,3065.600,3201.625,2794.200,2904.160
4103.321,4043.900,3693.286,3609.458,3713.800,3426.520,3274.583,3241.542,3063.280,3170.792,2796.520,2903.360
4106.679,4018.500,3691.428,3590.333,3734.000,3396.200,3243.250,3263.458,3084.800,3191.625,2774.880,2908.080
4090.322,4075.850,3670.914,3571.542,3727.133,3419.360,3263.750,3230.833,3065.320,3213.833,2806.600,2914.920
4117.714,4055.700,3674.572,3592.667,3699.433,3427.920,3265.333,3242.208,3056.920,3179.583,2788.120,2908.520
4080.572,4029.900,3645.143,3590.542,3714.967,3393.640,3255.500,3267.750,3067.360,3196.208,2792.600,2924.560
4107.607,4052.250,3692.629,3588.167,3712.933,3399.280,3223.833,3242.917,3034.520,3201.792,2784.840,2882.200
4101.357,4019.700,3654.829,3575.333,3698.800,3416.400,3240.000,3227.958,3065.680,3202.875,2772.000,2900.600
4109.643,4014.800,3678.229,3596.583,3716.067,3414.360,3290.583,3256.292,3072.160,3208.500,2789.560,2903.320
4094.250,4070.800,3653.000,3559.167,3706.400,3409.440,3263.583,3257.333,3089.600,3188.458,2783.600,2899.440
4080.964,4028.550,3658.971,3589.000,3700.000,3421.960,3247.667,3259.000,3075.640,3198.667,2780.680,2909.120
4062.000,4040.500,3674.971,3591.333,3698.600,3405.440,3230.250,3239.750,3080.200,3203.542,2776.640,2906.040
4103.214,4026.250,3679.914,3598.583,3699.033,3409.520,3287.833,3234.833,3068.760,3207.917,2788.800,2908.840
4104.571,4059.500,3698.743,3563.708,3691.000,3446.760,3275.250,3234.292,3067.360,3201.708,2788.760,2890.680
4057.000,4055.750,3679.971,3595.333,3687.667,3428.080,3269.000,3248.542,3071.040,3181.000,2792.440,2901.400
4105.714,4032.700,3693.171,3592.458,3730.667,3422.520,3251.167,3252.958,3076.280,3217.167,2809.040,2906.160
4069.678,4010.000,3660.171,3585.208,3697.400,3416.440,3285.250,3246.208,3064.920,3205.792,2786.720,2901.760
4075.857,4025.950,3657.486,3576.375,3698.933,3422.440,3268.000,3220.833,3048.800,3204.458,2793.480,2909.880
4078.036,4060.700,3682.000,3604.875,3704.400,3407.840,3224.000,3223.250,3083.880,3194.625,2791.200,2916.360
4099.179,4000.150,3671.771,3583.458,3674.933,3432.880,3236.083,3207.583,3082.840,3186.167,2800.040,2916.560
4123.571,4035.750,3675.200,3585.792,3701.467,3427.480,3272.083,3243.917,3051.960,3159.000,2791.520,2899.120
4100.786,4005.100,3683.457,3604.042,3709.833,3422.880,3259.083,3241.667,3047.320,3191.458,2809.560,2905.480
4083.428,4015.350,3670.743,3559.708,3672.267,3405.920,3248.417,3264.250,3058.240,3206.333,2773.400,2892.080
4083.643,4004.050,3654.000,3578.417,3688.133,3411.080,3251.417,3228.833,3062.400,3192.542,2770.200,2902.240
4079.893,4027.900,3665.428,3593.750,3660.367,3414.560,3252.250,3240.417,3074.200,3213.125,2779.880,2878.240
4087.964,4001.200,3671.629,3571.917,3693.400,3420.800,3263.667,3230.208,3066.680,3172.625,2771.320,2903.160
4078.143,4039.800,3666.371,3586.417,3681.667,3402.280,3219.417,3227.042,3049.720,3172.333,2796.120,2918.960
4078.286,4005.700,3659.714,3606.292,3686.100,3418.120,3260.667,3237.458,3076.000,3203.458,2783.200,2911.880
4083.072,4037.600,3657.486,3584.208,3681.533,3427.320,3284.417,3235.708,3048.720,3169.208,2774.960,2922.720
4062.036,4009.700,3643.686,3576.750,3679.100,3422.240,3233.250,3228.000,3042.160,3174.208,2759.120,2905.560
4072.393,4010.300,3664.943,3590.875,3683.367,3416.800,3238.167,3246.667,3056.800,3175.250,2798.600,2908.200
4081.143,4020.400,3642.000,3550.125,3672.700,3417.320,3256.000,3239.292,3057.640,3170.125,2782.160,2926.240
4078.393,4025.700,3648.371,3569.458,3684.267,3403.680,3247.833,3214.792,3059.160,3189.458,2771.720,2928.960
4064.500,4029.650,3637.943,3548.875,3684.267,3417.360,3239.167,3226.333,3061.760,3180.375,2777.600,2895.920
4072.678,4021.500,3659.371,3582.625,3685.100,3436.480,3221.500,3235.250,3056.280,3201.208,2787.760,2879.240
4087.143,4002.100,3650.971,3556.083,3698.933,3402.720,3261.500,3231.167,3065.880,3166.667,2784.680,2914.320
4070.536,4005.400,3648.314,3576.500,3672.933,3425.800,3244.917,3221.333,3072.440,3149.750,2763.320,2905.000
4050.428,4017.850,3660.257,3556.667,3666.133,3432.800,3247.833,3245.792,3045.920,3196.583,2782.760,2907.640
4075.572,4024.550,3648.086,3571.750,3673.467,3407.240,3259.750,3245.958,3078.560,3188.833,2782.920,2907.720
4059.572,4011.250,3653.514,3583.333,3683.100,3409.440,3263.917,3219.958,3065.160,3159.042,2778.880,2899.400
4041.357,3982.400,3672.800,3576.958,3646.000,3427.800,3270.667,3233.667,3070.640,3186.625,2771.040,2893.240
4044.322,3998.300,3654.286,3554.667,3672.733,3397.640,3228.333,3228.083,3083.840,3181.792,2793.000,2894.640
4030.250,3977.000,3631.914,3578.875,3667.533,3388.040,3261.083,3217.833,3056.040,3164.667,2776.080,2924.840
4038.464,3965.800,3660.971,3618.833,3698.400,3426.320,3268.833,3238.083,3060.760,3168.000,2773.240,2911.600
4068.286,3993.750,3642.428,3553.333,3687.100,3433.880,3253.167,3225.000,3053.200,3179.500,2795.960,2904.760
4065.464,3969.150,3627.486,3558.542,3660.033,3430.840,3235.583,3216.458,3050.080,3159.958,2786.320,2911.080
4046.678,3984.950,3640.343,3567.042,3695.967,3410.680,3251.583,3221.875,3054.600,3174.958,2788.080,2894.360
4044.214,4014.550,3655.714,3558.583,3689.267,3397.600,3244.667,3244.000,3060.400,3199.250,2772.920,2895.480
4065.643,3982.800,3641.714,3589.958,3647.967,3431.360,3295.750,3232.583,3056.520,3168.833,2782.080,2889.840
4077.822,3982.600,3628.257,3560.167,3676.933,3417.880,3245.750,3224.542,3056.520,3160.375,2792.480,2903.840
4025.928,3976.900,3630.800,3579.333,3658.367,3419.520,3240.750,3217.083,3054.160,3198.792,2775.680,2915.400
4055.000,3981.350,3619.971,3553.875,3657.367,3407.360,3217.917,3225.458,3053.000,3160.625,2812.040,2905.200
4048.572,3962.550,3624.572,3569.542,3683.533,3410.240,3232.083,3223.792,3055.600,3162.083,2792.680,2911.320
4066.643,4003.000,3643.572,3573.792,3673.233,3415.880,3258.333,3216.833,3063.360,3181.125,2801.440,2904.440
4024.464,3992.300,3647.343,3578.542,3663.467,3431.080,3215.833,3229.042,3052.160,3190.042,2778.000,2897.680
4061.107,3973.050,3638.029,3563.375,3673.033,3421.520,3266.917,3213.208,3053.640,3159.042,2769.320,2904.120
4055.393,3998.550,3625.771,3560.167,3648.033,3417.080,3241.000,3230.208,3054.880,3172.958,2773.680,2910.320
4059.393,3984.450,3641.114,3596.083,3651.267,3410.920,3245.417,3234.250,3048.680,3182.500,2790.720,2895.240
4057.822,3983.700,3628.314,3573.583,3654.300,3421.320,3254.833,3234.458,3068.200,3161.708,2800.560,2917.480
4032.357,3965.150,3631.971,3580.417,3660.400,3394.000,3222.917,3213.500,3025.240,3148.417,2794.320,2907.920
4052.500,3979.850,3644.029,3561.833,3674.733,3402.120,3265.083,3221.792,3045.840,3161.375,2775.360,2905.360
4036.822,3959.450,3619.514,3564.125,3656.300,3409.680,3243.750,3226.000,3052.920,3168.083,2775.520,2914.400
4032.464,3975.200,3617.714,3581.083,3639.967,3414.040,3254.333,3213.750,3077.560,3147.625,2768.240,2907.040
4054.143,3945.300,3624.486,3574.917,3656.433,3403.800,3207.833,3212.917,3069.840,3168.625,2771.840,2905.720
4046.214,3983.400,3627.457,3569.208,3671.100,3402.840,3254.750,3195.042,3059.280,3155.333,2774.280,2928.320
4059.572,3956.750,3635.371,3579.625,3660.367,3408.520,3247.583,3222.583,3066.120,3153.500,2793.040,2907.760
4049.786,3937.700,3669.572,3599.292,3647.467,3417.160,3264.000,3227.750,3041.120,3130.667,2788.360,2905.520
4066.500,4013.500,3645.229,3566.875,3666.600,3397.760,3266.083,3208.958,3062.960,3151.542,2802.200,2919.560
4053.322,3933.900,3609.314,3553.083,3672.600,3402.840,3260.000,3229.583,3059.240,3140.333,2781.040,2931.480
4087.572,3950.150,3632.200,3578.833,3669.033,3422.320,3244.917,3208.292,3039.200,3160.292,2784.320,2918.440
4053.000,3968.450,3621.086,3555.708,3651.133,3406.480,3261.667,3214.375,3056.800,3140.083,2781.120,2886.320
4035.964,3967.350,3621.257,3587.083,3669.967,3385.840,3235.250,3226.083,3053.200,3149.708,2786.320,2923.760
4044.286,3937.250,3623.057,3554.042,3645.400,3400.040,3224.917,3225.708,3057.240,3154.000,2785.520,2908.280
4059.250,3943.100,3639.600,3547.375,3657.033,3413.600,3228.750,3206.208,3035.520,3139.208,2779.040,2913.760
4047.750,3920.050,3640.971,3560.792,3659.167,3421.840,3273.250,3214.958,3061.200,3151.625,2775.880,2904.240
4041.393,3934.750,3620.428,3543.417,3660.467,3382.680,3234.083,3222.167,3056.080,3153.500,2771.280,2912.080
4024.678,3964.950,3622.486,3570.125,3654.300,3396.680,3219.167,3220.667,3065.200,3175.417,2762.480,2904.320
4036.786,3928.200,3619.029,3558.458,3665.133,3427.000,3219.333,3212.917,3051.880,3141.125,2783.800,2905.000
4033.964,3951.550,3611.857,3561.333,3667.667,3398.560,3234.417,3202.625,3025.320,3142.958,2789.640,2917.640
4031.322,3919.050,3617.629,3569.417,3628.700,3420.160,3207.000,3194.417,3039.880,3144.125,2771.000,2905.760
4025.107,3944.800,3615.400,3584.333,3663.033,3417.760,3271.333,3196.167,3037.360,3153.292,2778.800,2889.520
4023.893,3914.600,3636.086,3562.333,3641.233,3389.360,3232.250,3180.250,3050.600,3122.292,2754.640,2920.920
4031.428,3944.100,3617.286,3561.417,3689.733,3405.480,3236.250,3192.917,3051.040,3139.792,2772.600,2896.240
4014.714,3909.550,3605.543,3562.958,3644.500,3406.480,3234.917,3209.958,3049.640,3141.417,2800.680,2898.520
4040.036,3937.000,3614.457,3546.167,3651.567,3424.720,3231.917,3209.000,3036.360,3159.750,2781.480,2892.040
4037.536,3930.150,3612.400,3545.625,3651.833,3381.280,3226.583,3226.542,3040.840,3121.542,2790.960,2908.360
4036.143,3907.600,3628.371,3574.917,3663.367,3405.640,3237.750,3208.583,3043.440,3128.875,2777.880,2907.840
4020.250,3921.550,3618.971,3556.000,3668.467,3405.800,3228.250,3175.417,3025.680,3137.208,2800.280,2905.560
4025.893,3932.450,3615.629,3561.917,3643.000,3396.280,3230.167,3212.458,3044.880,3150.958,2762.440,2898.120
4005.143,3934.500,3611.457,3535.333,3656.367,3390.760,3243.583,3187.625,3052.080,3133.083,2778.920,2887.600
4026.786,3921.200,3618.657,3543.083,3645.067,3420.440,3229.833,3191.833,3027.040,3163.958,2781.560,2918.280
4029.428,3942.600,3597.171,3557.167,3665.467,3396.760,3254.583,3203.917,3051.160,3134.750,2751.240,2911.800
4026.786,3907.750,3598.686,3538.750,3665.167,3388.320,3240.167,3213.250,3059.480,3140.333,2774.920,2899.160
4025.214,3943.550,3599.514,3545.375,3657.267,3388.200,3276.167,3194.917,3051.880,3124.042,2762.640,2884.120
4029.393,3952.600,3586.343,3578.833,3659.933,3406.440,3226.083,3193.458,3034.880,3121.917,2768.000,2916.960
4039.286,3894.700,3586.600,3566.708,3644.633,3425.040,3211.917,3213.583,3045.440,3129.083,2774.240,2914.720
4029.393,3912.700,3616.029,3549.625,3632.200,3383.960,3222.250,3212.125,3028.600,3115.958,2763.320,2884.800
4027.893,3906.500,3604.086,3566.417,3640.567,3401.400,3177.833,3193.208,3049.120,3120.958,2778.440,2897.560
3995.393,3926.300,3592.428,3539.167,3663.867,3411.000,3202.083,3200.958,3045.680,3115.500,2765.240,2916.520
4003.678,3913.100,3601.314,3580.708,3636.267,3392.560,3232.250,3196.667,3034.400,3122.625,2774.360,2924.240
3994.786,3919.550,3591.000,3590.417,3643.367,3400.080,3190.583,3197.792,3055.520,3143.833,2782.920,2912.600
4031.286,3921.300,3600.629,3552.792,3655.867,3408.440,3238.167,3195.875,3054.560,3116.083,2779.040,2908.480
4021.893,3921.000,3589.200,3572.125,3642.167,3403.360,3239.667,3194.583,3037.560,3114.625,2753.960,2894.400
4011.250,3890.250,3610.572,3565.667,3647.567,3416.400,3208.750,3208.167,3061.080,3122.292,2762.120,2917.760
4000.107,3895.450,3591.886,3573.250,3662.100,3417.080,3251.250,3195.167,3039.080,3116.667,2786.160,2923.920
4017.036,3901.400,3604.886,3545.292,3641.033,3399.640,3210.417,3168.292,3049.280,3133.542,2782.880,2915.640
4016.714,3920.300,3614.371,3540.083,3656.833,3417.640,3222.833,3186.542,3035.960,3120.583,2779.280,2906.400
4012.357,3918.200,3601.572,3570.917,3665.400,3415.400,3227.417,3161.542,3035.680,3140.667,2770.040,2907.800
4008.643,3924.650,3610.200,3567.542,3650.133,3393.680,3218.167,3184.708,3047.360,3116.708,2782.640,2899.080
3998.857,3893.500,3602.257,3565.458,3664.433,3404.760,3238.667,3195.125,3033.520,3113.000,2764.000,2901.320
4030.214,3864.450,3586.743,3525.417,3646.733,3407.360,3231.000,3183.292,3022.960,3107.167,2769.400,2907.560
4019.250,3859.900,3601.629,3568.083,3653.733,3432.200,3274.667,3184.375,3042.360,3110.833,2761.160,2913.200
4019.822,3879.750,3594.572,3561.333,3666.133,3397.600,3211.417,3184.458,3024.480,3101.042,2767.040,2895.400
3995.572,3872.950,3602.457,3547.917,3631.700,3400.720,3208.250,3204.667,3025.400,3126.292,2778.160,2903.320
4000.857,3877.750,3583.886,3554.500,3648.100,3379.360,3233.167,3195.583,3039.760,3131.125,2777.560,2920.040
4045.000,3902.500,3602.114,3549.625,3642.733,3403.440,3233.167,3172.542,3039.720,3133.625,2773.640,2910.040
4047.500,3882.000,3593.371,3543.917,3659.200,3374.360,3251.417,3200.417,3020.400,3128.667,2769.040,2907.360
3985.322,3867.750,3587.657,3555.917,3652.900,3372.880,3254.167,3166.083,3060.440,3115.125,2774.400,2899.600
4014.250,3894.050,3602.343,3584.708,3642.100,3391.320,3255.500,3185.292,3042.640,3096.542,2760.520,2913.840
4017.000,3880.600,3599.114,3568.292,3666.933,3401.480,3205.917,3174.083,3031.880,3145.208,2774.400,2903.520
4041.822,3897.550,3581.086,3545.625,3657.367,3374.280,3204.500,3168.167,3013.040,3093.458,2769.640,2925.480
4015.036,3860.550,3573.629,3552.417,3646.933,3393.720,3238.750,3200.833,3037.960,3120.375,2764.360,2915.880
4005.428,3876.900,3593.943,3569.083,3654.133,3383.320,3233.000,3185.042,3045.520,3119.500,2762.800,2915.240
3999.286,3856.500,3594.371,3549.792,3642.400,3392.800,3230.583,3201.750,3039.440,3102.292,2783.360,2886.920
3991.214,3862.850,3599.229,3571.792,3631.667,3388.240,3227.583,3165.375,3013.520,3110.292,2757.720,2899.720
4030.357,3873.550,3575.714,3533.042,3645.000,3402.680,3218.917,3172.958,3046.680,3104.625,2767.360,2909.160
4002.572,3837.600,3589.143,3535.375,3653.367,3402.080,3254.417,3184.167,3023.640,3111.917,2758.200,2908.040
4012.428,3893.300,3593.543,3563.208,3666.667,3389.240,3208.250,3178.250,3025.680,3116.542,2794.160,2904.040
4019.964,3837.800,3592.400,3539.042,3667.067,3426.080,3238.583,3181.583,3034.080,3109.917,2764.600,2922.800
3993.107,3835.850,3597.057,3584.708,3669.867,3388.440,3234.250,3171.708,3041.600,3104.000,2766.400,2920.520
4019.178,3866.500,3579.829,3556.000,3643.600,3396.280,3233.417,3164.333,3035.480,3118.375,2776.920,2924.760
4011.536,3844.850,3565.600,3532.125,3631.567,3405.560,3254.500,3163.458,3020.160,3131.667,2764.960,2907.520
4036.250,3866.200,3585.343,3536.917,3653.367,3384.000,3214.917,3155.333,3028.680,3111.375,2788.920,2919.600
4016.000,3854.400,3600.171,3549.500,3648.200,3406.800,3232.833,3172.042,3017.320,3099.708,2765.400,2908.840
4015.357,3859.050,3579.600,3541.917,3640.167,3393.040,3239.083,3180.667,3051.840,3111.042,2773.320,2949.160
4010.893,3855.800,3582.486,3547.042,3658.867,3407.680,3232.250,3166.875,3027.240,3109.417,2758.040,2910.560
4026.286,3854.650,3573.171,3534.833,3635.700,3390.680,3235.500,3173.167,3025.200,3090.083,2756.640,2919.120
4017.536,3869.500,3582.857,3561.792,3607.700,3396.560,3220.833,3165.250,3037.840,3109.792,2765.080,2930.440
4012.357,3863.800,3580.057,3557.083,3622.533,3440.880,3224.750,3171.333,3025.200,3095.333,2770.640,2921.920
4011.678,3829.350,3579.257,3575.542,3666.800,3380.240,3251.083,3173.583,3024.800,3098.958,2772.120,2908.560
4032.500,3833.000,3576.914,3572.333,3644.400,3424.240,3245.500,3179.125,3019.200,3113.375,2773.600,2925.600
3986.572,3848.750,3591.400,3531.792,3638.100,3394.920,3230.500,3160.417,3045.920,3107.708,2777.720,2919.080
4017.214,3829.500,3585.943,3552.458,3652.433,3384.640,3223.667,3167.042,3041.120,3076.417,2767.880,2900.960
4006.714,3828.150,3565.800,3552.417,3660.867,3413.120,3229.000,3174.250,3050.680,3114.500,2765.240,2918.160
4020.893,3848.450,3568.714,3554.042,3637.067,3403.200,3199.417,3140.542,3022.560,3093.542,2754.400,2911.440
4014.250,3838.750,3562.629,3557.542,3629.700,3411.240,3195.250,3150.375,3046.040,3131.792,2768.200,2917.880
4013.893,3856.550,3562.286,3544.792,3631.733,3413.320,3196.500,3144.417,3004.560,3091.000,2757.760,2907.400
4012.036,3857.250,3576.143,3555.833,3601.567,3393.760,3203.000,3145.917,3010.240,3098.125,2758.480,2913.360
3976.678,3798.700,3571.743,3561.750,3621.733,3393.040,3228.833,3141.917,3050.960,3104.375,2757.240,2910.040
3979.572,3841.450,3572.543,3556.250,3623.733,3404.520,3218.917,3158.333,3018.240,3104.333,2756.880,2934.880
4009.464,3812.900,3573.029,3530.750,3652.367,3394.240,3210.250,3158.125,3015.600,3101.208,2760.920,2914.200
4007.607,3838.300,3560.629,3554.708,3665.533,3396.320,3197.417,3163.167,3023.720,3101.167,2771.680,2908.720
4003.572,3828.200,3548.686,3550.333,3614.867,3395.000,3206.333,3148.250,2998.440,3091.875,2767.200,2924.240
3989.322,3796.400,3590.428,3541.583,3629.700,3373.880,3229.917,3177.958,3004.760,3103.292,2791.920,2909.360
3989.322,3830.050,3567.829,3551.292,3620.967,3394.280,3204.667,3151.375,3033.520,3103.042,2757.480,2916.640
3996.536,3825.900,3569.686,3570.375,3648.200,3386.040,3233.250,3151.042,3022.960,3093.375,2773.080,2913.160
3997.428,3808.650,3567.771,3549.250,3642.300,3397.480,3241.750,3144.333,3033.880,3109.750,2778.080,2911.600
4012.464,3777.800,3562.543,3559.833,3643.100,3399.720,3210.333,3157.167,3011.720,3103.792,2767.880,2915.720
3992.464,3822.550,3574.543,3548.083,3623.567,3382.000,3248.583,3156.333,3024.320,3096.125,2765.120,2913.080
4000.322,3815.050,3576.943,3545.875,3624.900,3383.000,3215.917,3158.167,3025.000,3097.792,2763.440,2913.800
3977.822,3785.400,3567.143,3520.875,3636.633,3393.240,3204.000,3151.833,3020.440,3110.042,2765.560,2928.720
4001.072,3826.600,3564.428,3554.083,3642.300,3407.200,3214.750,3160.833,3012.840,3114.375,2742.760,2936.960
4016.286,3784.000,3569.971,3554.958,3643.367,3391.720,3228.000,3184.542,3021.400,3113.292,2772.400,2911.520
4005.464,3803.500,3585.771,3537.250,3616.967,3380.920,3228.583,3136.000,3021.720,3095.208,2764.600,2916.880
3987.893,3785.500,3583.629,3556.583,3649.033,3404.640,3242.333,3136.875,3021.160,3095.583,2748.800,2924.240
3989.072,3807.500,3580.886,3537.083,3615.767,3418.800,3216.250,3151.292,3011.840,3103.292,2778.080,2919.400
3992.678,3836.950,3580.371,3532.917,3612.167,3395.760,3201.667,3141.542,3009.360,3089.292,2737.520,2907.360
3990.000,3808.050,3566.143,3523.583,3621.300,3375.920,3241.000,3145.583,3016.440,3084.083,2751.520,2923.440
3978.822,3822.050,3544.257,3516.083,3615.233,3383.440,3252.583,3145.833,3014.360,3116.750,2753.720,2920.560
3976.893,3790.850,3557.800,3557.500,3603.533,3396.000,3214.000,3161.667,3010.280,3089.083,2768.200,2921.360
3998.072,3790.700,3568.943,3526.667,3606.733,3402.160,3240.833,3152.208,3003.800,3081.958,2756.920,2910.800
3991.964,3779.300,3574.057,3543.042,3621.300,3401.280,3224.750,3147.167,3024.480,3086.958,2765.560,2920.040
4004.250,3804.450,3567.743,3560.250,3611.133,3373.720,3206.333,3145.000,3014.560,3082.042,2752.160,2921.600
4007.000,3819.200,3548.600,3536.583,3634.333,3404.680,3212.083,3130.750,3039.000,3096.042,2759.200,2916.400
3989.250,3802.400,3552.286,3535.708,3631.700,3394.560,3208.750,3160.417,3012.760,3080.292,2757.800,2922.720
4000.750,3809.200,3560.657,3545.875,3667.333,3385.600,3232.000,3149.833,3023.480,3095.458,2764.320,2915.800
3989.464,3770.000,3529.000,3546.917,3630.167,3416.880,3189.833,3150.500,3020.680,3071.917,2765.680,2921.080
4005.036,3791.450,3563.514,3556.375,3623.700,3391.240,3231.917,3134.417,3008.200,3093.458,2763.760,2902.400
4015.643,3770.250,3566.857,3545.208,3636.133,3387.840,3197.583,3140.542,3036.920,3087.625,2754.120,2912.800
4004.393,3786.100,3579.257,3538.333,3619.200,3410.080,3230.000,3141.125,3022.040,3088.417,2758.520,2910.040
3994.000,3807.800,3536.943,3580.792,3641.800,3394.400,3205.500,3156.583,3020.120,3080.958,2767.880,2917.560
4001.822,3799.800,3581.572,3561.875,3635.800,3402.560,3248.333,3142.875,2992.920,3104.667,2749.800,2933.280
4022.536,3791.700,3552.343,3544.292,3616.800,3403.160,3189.667,3137.542,3004.800,3101.667,2756.000,2928.200
4017.178,3756.600,3557.829,3556.333,3634.500,3398.640,3220.917,3126.875,3030.200,3125.375,2758.920,2940.560
3976.357,3761.650,3539.629,3551.375,3631.500,3408.320,3214.000,3127.875,3025.840,3096.792,2759.480,2921.240
3972.178,3752.200,3533.057,3545.333,3621.200,3408.400,3198.250,3132.458,3013.480,3084.667,2764.840,2916.280
4012.072,3786.150,3551.857,3544.750,3644.433,3402.400,3186.667,3162.250,3030.760,3088.792,2742.360,2935.880
3990.107,3769.250,3531.572,3589.792,3637.800,3391.880,3217.750,3156.000,3022.640,3085.208,2757.800,2941.680
3993.607,3769.050,3541.886,3541.875,3647.000,3403.880,3217.000,3140.375,2998.720,3104.833,2760.040,2918.520
4002.393,3756.400,3548.629,3558.625,3624.100,3414.600,3191.583,3139.375,2995.600,3068.000,2772.600,2927.240
4002.822,3777.500,3553.543,3556.958,3629.633,3392.560,3224.750,3122.917,3009.320,3094.542,2764.680,2934.680
4003.678,3787.100,3563.343,3548.083,3631.700,3395.440,3237.833,3135.667,3000.400,3108.208,2760.200,2931.600
3993.178,3750.450,3539.486,3554.708,3630.600,3401.200,3178.333,3128.208,3014.880,3073.250,2762.880,2925.120
4008.572,3789.200,3528.200,3554.042,3633.033,3396.120,3201.083,3140.833,3017.480,3092.875,2751.480,2930.040
3998.072,3748.350,3565.200,3549.292,3623.800,3418.560,3226.583,3139.292,3014.840,3083.250,2767.240,2951.040
4001.964,3785.900,3534.657,3555.625,3613.567,3396.080,3213.083,3111.625,3017.960,3089.000,2776.000,2950.440
3972.607,3776.850,3546.200,3555.417,3632.867,3393.720,3226.917,3143.250,3013.000,3065.542,2762.680,2927.320
3978.107,3761.150,3543.714,3557.667,3627.700,3385.840,3225.583,3136.125,3011.120,3075.250,2754.600,2917.480
3988.036,3782.100,3549.057,3538.333,3633.767,3418.920,3204.083,3122.917,3027.320,3088.208,2756.320,2941.480
3999.072,3742.700,3529.428,3556.750,3608.833,3407.000,3210.167,3148.917,3024.800,3104.667,2768.920,2925.480
3963.607,3772.300,3559.343,3563.792,3624.900,3394.160,3165.500,3139.875,3018.600,3064.958,2760.560,2935.880
3973.393,3778.350,3550.171,3535.292,3627.900,3385.400,3222.667,3110.500,3002.760,3087.917,2750.520,2951.360
3987.964,3766.300,3554.086,3543.917,3627.600,3407.880,3187.417,3115.667,3020.800,3095.750,2760.200,2961.680
3971.143,3747.000,3528.171,3571.208,3631.000,3385.920,3219.417,3137.000,3013.560,3066.875,2772.840,2946.040
3984.357,3782.600,3557.343,3559.708,3618.200,3419.160,3204.750,3124.583,3028.480,3069.167,2752.280,2935.200
3995.786,3790.800,3542.686,3535.500,3638.067,3406.480,3234.417,3130.542,3012.240,3067.667,2771.480,2925.320
3977.643,3767.900,3558.771,3555.458,3641.167,3405.400,3213.250,3105.167,3019.440,3096.333,2776.800,2917.120
3973.928,3730.900,3548.771,3544.375,3633.533,3405.360,3207.167,3133.667,3003.680,3088.125,2764.840,2943.600
3977.964,3740.200,3567.400,3559.708,3608.933,3380.800,3217.000,3139.792,2994.440,3074.042,2770.720,2968.360
3943.428,3752.600,3544.314,3539.208,3618.233,3395.040,3187.333,3128.208,3008.600,3071.958,2763.480,2934.000
3968.714,3772.100,3519.000,3519.208,3642.967,3395.880,3231.833,3110.292,3009.000,3076.000,2776.040,2937.000
3976.750,3763.900,3557.572,3526.667,3637.267,3409.480,3217.167,3139.667,3019.400,3058.458,2764.440,2941.200
3949.286,3755.700,3536.943,3553.333,3628.867,3396.520,3222.750,3119.458,3005.000,3067.333,2748.760,2939.280
3986.464,3747.750,3540.400,3534.250,3647.300,3400.560,3236.167,3142.833,3005.880,3083.417,2767.360,2928.920
3962.250,3775.200,3514.943,3555.208,3625.000,3376.280,3225.583,3136.042,3015.880,3036.500,2741.200,2934.400
3968.857,3748.100,3523.029,3523.542,3616.167,3397.840,3223.333,3143.917,3006.360,3083.000,2767.360,2947.800
3982.286,3761.450,3560.200,3541.167,3631.333,3404.960,3212.417,3100.292,2993.200,3083.458,2754.080,2929.920
3979.786,3777.250,3546.400,3532.000,3632.467,3417.920,3209.833,3117.292,3018.840,3103.417,2750.200,2920.680
3976.928,3732.850,3547.886,3558.333,3641.867,3416.520,3173.583,3093.875,3009.440,3066.333,2732.200,2916.640
3951.928,3748.850,3541.657,3540.583,3607.700,3407.480,3231.250,3109.333,3017.600,3069.125,2746.200,2930.880
3956.428,3748.900,3531.971,3538.583,3615.400,3376.760,3216.250,3107.375,3007.280,3078.958,2770.360,2922.120
3997.000,3766.050,3544.543,3542.792,3656.867,3406.720,3196.833,3120.583,3007.560,3074.625,2776.560,2939.520
3962.072,3730.800,3532.343,3552.000,3640.233,3400.320,3187.250,3137.375,2993.440,3063.708,2753.640,2915.000
3989.393,3766.350,3516.371,3542.167,3641.333,3377.680,3221.250,3111.708,3019.160,3082.208,2742.000,2949.200
3969.572,3729.600,3519.371,3537.750,3626.700,3356.440,3233.000,3092.583,3009.480,3069.625,2746.600,2933.400
3958.607,3748.550,3542.257,3555.375,3645.033,3381.800,3207.083,3137.667,3023.480,3061.125,2752.160,2945.760
4003.643,3748.400,3553.800,3535.875,3639.300,3385.120,3197.500,3111.750,3013.480,3096.125,2773.880,2943.440
3954.500,3735.600,3535.657,3541.625,3634.867,3389.840,3211.500,3109.250,2992.760,3080.125,2748.040,2943.560
3984.643,3722.150,3544.257,3548.333,3634.267,3390.440,3216.083,3132.875,3005.840,3091.667,2755.760,2953.440
3965.822,3717.700,3535.400,3566.083,3626.033,3418.120,3188.667,3113.458,3008.800,3083.417,2763.600,2942.280
3955.893,3768.600,3532.543,3550.667,3639.867,3393.200,3241.333,3128.292,3004.360,3068.042,2762.000,2952.200
3962.750,3724.500,3525.971,3535.042,3632.300,3398.160,3189.333,3115.708,3002.440,3078.500,2745.280,2951.600
3986.286,3746.850,3511.943,3541.500,3657.267,3408.680,3201.000,3125.583,3003.640,3055.208,2761.280,2963.360
3964.822,3733.400,3510.428,3547.042,3622.367,3414.800,3197.000,3105.833,2993.960,3061.750,2747.360,2948.400
3975.786,3743.950,3540.286,3551.083,3628.633,3424.920,3196.417,3094.042,2995.800,3089.333,2742.640,2935.920
3960.678,3707.300,3565.114,3516.250,3612.933,3393.480,3171.250,3119.667,3002.760,3066.667,2767.920,2930.680
3981.250,3759.750,3536.057,3534.500,3612.400,3430.440,3228.083,3107.042,2988.960,3061.667,2759.360,2947.800
3984.143,3738.050,3528.886,3532.083,3634.400,3393.360,3240.000,3077.917,3026.600,3103.375,2751.720,2942.440
3963.428,3763.600,3536.029,3543.042,3607.833,3410.480,3238.833,3117.000,3013.720,3081.417,2769.680,2944.080
3949.143,3736.350,3529.800,3527.417,3612.333,3403.200,3229.667,3117.000,2994.720,3066.708,2747.600,2968.920
3945.357,3708.150,3547.200,3547.625,3618.900,3390.720,3213.333,3130.750,2995.000,3041.083,2755.480,2929.360
3977.036,3729.250,3530.057,3533.292,3636.600,3387.160,3181.417,3086.583,3004.280,3058.750,2751.200,2946.440
3958.214,3721.100,3547.200,3529.750,3618.500,3404.200,3193.917,3108.500,2983.240,3073.792,2737.760,2969.360
3950.786,3747.700,3523.572,3555.792,3638.033,3391.800,3204.083,3126.708,2997.200,3063.583,2749.760,2938.840
3958.893,3704.200,3531.229,3524.958,3625.733,3379.760,3215.250,3101.500,3018.360,3074.042,2753.920,2935.000
3981.607,3726.150,3525.314,3557.500,3620.433,3393.880,3171.500,3093.000,3003.880,3081.042,2764.360,2943.960
3978.250,3711.150,3515.971,3534.208,3622.100,3388.320,3194.167,3093.083,3000.760,3057.000,2754.520,2936.160
3963.893,3679.150,3538.771,3545.625,3632.567,3374.720,3215.000,3077.000,3005.560,3056.292,2735.720,2933.280
3968.786,3723.850,3532.457,3541.500,3622.933,3390.400,3209.583,3121.958,3002.560,3046.250,2736.240,2932.920
3972.964,3737.550,3533.428,3512.833,3606.533,3409.880,3193.333,3102.083,3020.960,3072.083,2753.760,2962.760
3954.928,3738.800,3516.857,3547.167,3626.300,3382.240,3201.750,3110.917,2998.760,3068.792,2756.880,2942.640
3958.786,3735.550,3512.314,3507.000,3618.733,3397.160,3206.667,3107.250,3016.280,3061.833,2748.720,2940.000
3953.428,3733.250,3535.114,3540.042,3627.200,3383.520,3191.333,3098.792,2989.480,3054.833,2744.200,2936.560
3953.500,3714.650,3541.743,3519.583,3618.433,3376.400,3183.000,3108.833,2994.080,3080.292,2746.640,2937.200
3960.893,3736.450,3526.171,3537.375,3622.833,3404.160,3219.917,3089.667,2997.400,3080.083,2744.600,2945.520
3971.928,3707.000,3532.686,3548.667,3628.000,3397.040,3191.750,3105.833,3001.520,3061.750,2750.600,2962.560
3950.750,3721.000,3513.000,3560.833,3619.400,3391.560,3213.167,3081.833,2977.480,3051.542,2746.000,2952.200
3965.928,3734.300,3531.943,3563.750,3628.667,3388.480,3227.583,3110.583,2991.600,3059.958,2755.680,2956.760
3982.072,3725.300,3535.572,3530.708,3618.400,3388.880,3206.750,3071.917,2997.960,3061.083,2763.480,2937.320
3951.607,3712.200,3523.057,3518.583,3609.333,3410.520,3195.167,3095.958,2988.760,3064.458,2743.680,2965.000
3936.536,3710.800,3524.514,3511.917,3635.167,3407.120,3206.083,3096.375,3003.560,3084.833,2746.360,2972.080
3960.393,3730.000,3531.428,3525.042,3641.333,3385.040,3221.500,3107.750,2999.080,3062.542,2742.400,2952.400
3951.214,3724.850,3531.428,3560.750,3607.867,3397.440,3209.167,3094.875,3000.760,3047.125,2739.280,2957.520
3981.928,3705.350,3504.943,3561.000,3637.733,3383.080,3199.917,3086.042,2989.280,3074.250,2742.680,2951.840
3959.464,3707.700,3525.714,3549.958,3626.867,3394.120,3187.167,3076.125,3014.640,3039.833,2743.160,2957.280
3984.464,3707.250,3512.971,3545.042,3639.700,3371.080,3197.333,3102.458,3009.160,3043.542,2738.800,2950.360
3940.036,3731.200,3534.543,3561.750,3638.200,3401.280,3210.167,3101.375,2991.720,3083.250,2757.360,2953.480
3972.250,3692.550,3510.886,3524.167,3624.867,3406.800,3195.500,3090.833,3006.040,3074.167,2737.720,2962.760
3977.428,3717.400,3526.914,3549.500,3633.633,3414.920,3213.167,3123.042,3006.800,3078.458,2766.840,2945.560
3965.178,3740.800,3526.143,3548.458,3626.000,3398.880,3167.250,3092.042,3003.200,3062.417,2757.840,2971.360
3951.464,3726.800,3512.257,3551.958,3616.933,3414.360,3176.917,3094.583,2995.960,3048.458,2740.600,2981.640
3952.428,3699.600,3524.943,3542.000,3601.467,3404.080,3179.167,3088.208,2983.000,3061.333,2747.320,2950.400
3969.000,3699.700,3522.143,3533.792,3621.133,3395.000,3179.167,3097.333,2996.280,3036.542,2759.120,2950.800
3960.786,3704.500,3509.514,3541.708,3601.700,3406.880,3220.667,3110.333,2990.360,3070.250,2750.520,2944.040
3943.857,3690.700,3524.943,3541.667,3615.133,3405.200,3230.000,3099.917,2984.640,3070.542,2766.920,2977.480
3934.822,3730.400,3521.743,3545.500,3596.233,3398.720,3214.583,3086.375,2982.880,3049.792,2752.200,2967.680
3958.072,3708.000,3525.629,3532.208,3638.400,3427.720,3228.833,3093.042,2993.080,3043.792,2758.400,2958.520
3964.607,3722.600,3513.229,3561.292,3633.233,3404.000,3223.500,3094.167,2997.360,3069.792,2758.120,2961.440
3971.536,3708.550,3513.257,3520.958,3643.267,3414.840,3186.583,3094.958,3000.200,3055.625,2735.400,2974.320
3974.607,3720.650,3516.600,3536.292,3618.567,3424.560,3221.000,3089.208,2991.360,3069.833,2745.200,2963.120
3940.322,3686.050,3518.714,3514.333,3610.367,3385.800,3201.917,3067.875,2983.440,3075.333,2762.160,2958.920
3976.572,3685.000,3531.771,3549.000,3634.100,3390.680,3216.167,3080.625,3005.960,3078.958,2750.800,2962.920
3962.822,3706.700,3511.514,3535.250,3624.500,3415.640,3202.250,3096.125,3004.720,3068.708,2758.040,2973.000
3987.500,3705.800,3510.314,3543.667,3614.600,3414.840,3200.250,3095.792,2994.200,3074.625,2743.400,2964.120
3951.893,3674.650,3521.600,3506.167,3635.000,3409.560,3208.083,3080.042,2982.000,3059.000,2765.320,2968.560
3946.250,3685.000,3514.000,3542.042,3636.100,3416.120,3236.333,3085.333,3000.640,3061.958,2746.480,2958.240
3968.857,3732.600,3526.286,3540.167,3634.800,3400.120,3195.833,3096.125,2985.080,3073.375,2752.720,2969.120
3940.107,3697.700,3512.600,3533.583,3635.600,3419.080,3210.250,3083.000,2985.280,3058.250,2741.720,2956.400
3947.393,3674.300,3511.943,3536.458,3633.333,3404.920,3189.250,3083.542,2988.800,3075.708,2762.920,2970.440
3940.678,3697.700,3510.514,3545.750,3615.800,3408.600,3184.750,3081.625,3009.680,3053.000,2758.440,2979.240
3937.928,3691.500,3527.400,3518.125,3612.700,3410.360,3206.833,3071.000,3007.000,3045.042,2759.840,2953.200
3926.857,3699.050,3507.286,3557.667,3637.300,3406.520,3191.833,3108.375,2977.440,3041.417,2736.320,2974.960
3967.643,3691.950,3502.200,3586.083,3617.633,3417.400,3212.083,3062.042,2979.360,3048.083,2731.320,2977.000
3948.536,3735.250,3501.286,3533.750,3611.667,3429.880,3175.583,3055.875,2986.640,3040.542,2744.040,2972.200
3955.678,3686.350,3526.600,3547.458,3655.467,3405.240,3196.083,3118.125,3012.920,3064.375,2733.520,2960.120
3937.178,3688.750,3531.171,3548.875,3612.833,3400.920,3192.917,3079.375,3010.480,3056.167,2745.600,2969.480
3941.072,3693.250,3511.029,3514.708,3627.667,3411.640,3213.333,3061.958,3002.320,3071.333,2761.320,2978.440
3968.822,3698.750,3512.914,3523.583,3636.133,3388.720,3222.833,3071.042,2989.080,3077.917,2731.880,2965.960
3961.393,3688.600,3520.714,3523.417,3613.667,3417.160,3193.667,3076.042,2982.880,3053.792,2751.920,2962.520
3962.428,3685.750,3517.457,3519.125,3614.333,3427.440,3219.417,3063.875,3002.080,3067.458,2750.720,2941.240
3939.000,3709.650,3519.486,3546.958,3631.033,3398.520,3215.417,3057.625,2988.720,3039.167,2747.400,2948.920
3950.107,3690.850,3496.000,3548.667,3629.933,3402.200,3202.750,3077.042,2992.000,3042.917,2756.120,2970.400
3960.928,3728.850,3521.343,3540.000,3620.867,3410.160,3192.250,3103.833,2993.760,3064.917,2748.120,2957.120
3952.964,3697.550,3519.057,3528.917,3645.933,3413.320,3187.250,3077.625,2982.640,3049.667,2757.120,2991.440
3956.393,3705.200,3508.400,3541.833,3625.367,3423.960,3198.417,3045.000,2992.160,3054.458,2770.600,2983.720
3932.393,3710.550,3499.714,3554.667,3629.367,3392.240,3205.667,3070.292,2998.120,3060.625,2759.840,2972.280
3940.678,3686.900,3523.657,3546.792,3608.900,3413.520,3197.167,3102.958,2995.840,3070.083,2750.440,2968.320
3930.322,3698.050,3527.657,3517.083,3606.667,3384.520,3222.500,3091.667,2997.040,3059.125,2753.920,2979.920
3953.393,3689.450,3529.829,3539.000,3623.400,3410.280,3180.083,3086.167,2979.480,3051.500,2735.160,2986.320
3967.643,3700.250,3522.029,3549.542,3631.600,3396.640,3191.167,3094.000,2993.200,3074.792,2733.200,2981.240
3955.214,3684.950,3516.114,3546.583,3617.933,3413.760,3217.750,3070.458,2990.440,3072.125,2738.400,2968.720
3930.822,3698.650,3506.428,3504.542,3632.600,3409.560,3175.000,3085.500,2985.600,3032.417,2749.240,2979.480
3957.250,3696.600,3507.457,3537.583,3624.300,3412.000,3211.667,3087.958,3006.160,3067.625,2744.800,2976.680
3912.250,3679.850,3504.572,3523.375,3606.467,3407.760,3195.250,3070.500,3007.600,3058.333,2728.120,2962.360
3939.928,3710.050,3517.971,3500.417,3617.200,3402.440,3173.833,3056.042,2991.480,3064.792,2760.000,2979.800
3940.357,3679.950,3505.171,3522.875,3615.500,3392.400,3210.333,3069.625,2974.760,3066.333,2754.200,2979.960
3950.857,3672.250,3507.314,3512.417,3607.267,3386.120,3190.583,3054.958,2995.000,3047.958,2744.080,2989.040
3941.143,3688.150,3513.743,3543.625,3620.933,3404.040,3213.833,3096.667,3015.520,3047.333,2751.240,2969.800
3957.786,3678.800,3515.171,3533.625,3620.400,3387.240,3185.667,3054.958,2989.280,3058.583,2732.160,2983.800
3945.572,3670.000,3505.000,3533.667,3607.867,3440.680,3166.167,3079.417,2983.400,3052.333,2758.920,2991.080
3905.678,3687.000,3518.943,3550.667,3649.033,3394.560,3184.250,3076.958,3009.320,3052.875,2753.200,2968.720
3927.678,3685.750,3511.486,3499.708,3634.200,3402.680,3205.167,3072.333,2983.320,3037.625,2736.400,2972.120
3895.178,3685.150,3512.629,3538.958,3626.533,3408.640,3204.167,3052.042,2993.560,3050.583,2760.400,2986.920
3913.250,3683.650,3498.257,3536.375,3614.767,3406.880,3206.667,3058.208,2993.680,3052.458,2729.760,3003.320
3928.786,3692.750,3518.800,3547.958,3605.167,3406.720,3193.250,3076.417,2978.120,3078.250,2744.320,2964.640
3934.322,3681.600,3478.114,3522.583,3621.467,3409.960,3228.833,3066.792,2977.800,3070.875,2743.280,2983.680
3955.286,3709.400,3502.257,3538.583,3617.100,3429.560,3201.417,3067.625,2984.360,3056.792,2744.280,2971.240
3940.822,3700.500,3519.914,3558.583,3637.867,3396.240,3205.000,3071.583,2996.120,3047.917,2765.000,2986.840
3959.750,3690.150,3517.257,3536.667,3633.333,3405.520,3171.667,3071.708,2981.440,3059.458,2750.640,2985.240
3964.678,3658.650,3473.143,3525.958,3623.733,3399.640,3243.500,3072.583,2978.640,3048.708,2754.760,2989.360
3951.178,3673.500,3495.428,3554.750,3622.533,3395.080,3202.250,3062.667,2965.800,3067.167,2746.440,2978.280
3947.072,3680.150,3505.800,3509.625,3634.867,3404.240,3197.583,3085.958,2985.800,3078.208,2746.640,2985.840
3917.678,3683.850,3508.743,3562.458,3617.433,3425.400,3234.500,3062.417,2995.440,3062.250,2752.840,2978.240
3942.500,3699.000,3512.171,3545.167,3629.067,3401.880,3176.500,3071.625,2991.480,3052.375,2762.080,3013.480
3915.643,3670.750,3517.029,3514.417,3620.167,3400.520,3230.500,3049.458,2993.560,3050.333,2752.840,2993.200
3935.964,3695.900,3511.971,3516.125,3636.400,3410.600,3175.083,3063.042,2980.640,3024.875,2751.360,2974.720
3926.250,3676.450,3510.000,3524.583,3621.967,3420.480,3195.917,3063.375,2989.440,3054.208,2725.720,2975.520
3924.357,3668.950,3497.257,3514.833,3621.767,3431.200,3215.667,3058.792,2967.120,3037.125,2764.400,2968.360
3918.643,3671.550,3514.229,3544.208,3604.333,3407.640,3175.750,3067.750,2991.840,3051.375,2750.920,2989.080
3927.750,3671.600,3494.486,3517.625,3622.267,3407.120,3198.417,3082.958,2986.320,3053.958,2734.440,2980.040
3936.786,3715.750,3505.057,3535.625,3638.433,3394.520,3230.083,3076.167,2996.520,3056.542,2743.600,2989.680
3903.750,3645.550,3523.286,3526.000,3633.533,3415.560,3212.000,3048.542,2975.080,3059.292,2742.920,2985.280
3923.178,3689.500,3517.229,3526.000,3620.333,3402.440,3206.000,3076.083,2966.920,3044.458,2733.040,3008.720
3915.500,3675.750,3501.400,3496.542,3628.967,3432.160,3217.250,3053.375,2991.080,3040.083,2761.160,3001.880
3912.607,3675.600,3506.771,3534.958,3633.067,3434.920,3196.583,3058.667,2962.920,3042.500,2741.000,2963.560
3921.822,3680.350,3487.428,3551.458,3618.500,3383.960,3188.250,3065.500,2976.120,3050.083,2756.640,2990.600
3907.786,3692.150,3493.171,3546.708,3615.600,3411.800,3192.750,3062.292,2986.720,3055.042,2734.640,2966.480
3949.393,3658.150,3501.657,3522.958,3632.600,3407.480,3186.583,3068.417,2982.080,3043.667,2738.720,2996.040
3927.893,3678.750,3509.543,3522.958,3635.267,3413.520,3183.917,3054.625,2994.400,3049.292,2749.080,3016.400
3900.500,3690.500,3504.857,3523.125,3614.100,3427.920,3186.000,3049.292,2980.960,3051.708,2746.360,2990.640
3928.536,3672.200,3515.886,3547.625,3618.700,3404.120,3197.833,3062.042,2973.320,3074.667,2750.920,2990.000
3905.572,3658.200,3496.971,3521.500,3612.933,3400.520,3206.333,3061.458,2987.640,3046.250,2748.640,2988.200
3898.572,3687.500,3498.686,3500.250,3630.667,3390.760,3166.083,3061.250,2984.760,3060.875,2747.920,2994.160
3917.000,3688.150,3508.029,3523.958,3603.600,3421.080,3189.250,3054.625,2985.960,3036.333,2741.040,2990.600
3927.178,3682.500,3494.771,3526.125,3648.500,3426.200,3220.000,3049.125,2989.360,3055.583,2752.280,2989.200
3899.214,3665.750,3493.000,3534.625,3615.433,3399.800,3161.167,3053.500,2978.400,3057.917,2750.280,2995.120
3926.500,3698.000,3502.886,3519.667,3634.100,3401.600,3205.750,3054.542,2968.720,3069.667,2751.680,2989.040
3909.214,3686.250,3499.086,3544.125,3639.667,3405.600,3208.583,3059.375,2973.560,3054.333,2732.240,2987.320
3893.000,3626.000,3507.743,3523.750,3605.600,3433.040,3211.417,3083.417,2977.120,3037.458,2755.400,2989.360
3956.178,3680.000,3528.600,3516.167,3612.967,3425.880,3194.833,3038.583,2992.760,3059.667,2761.600,2993.960
3914.786,3678.500,3506.086,3501.708,3596.633,3386.560,3209.250,3052.167,2986.200,3056.417,2736.720,3000.320
3881.678,3653.000,3499.743,3534.542,3611.300,3401.120,3230.000,3036.792,2988.920,3075.958,2752.320,2997.720
3917.500,3680.350,3515.400,3519.542,3610.667,3394.520,3192.833,3058.500,2992.360,3060.500,2760.560,2984.760
3918.822,3690.300,3491.943,3544.083,3622.467,3424.960,3196.500,3049.875,2971.200,3042.458,2744.720,2997.240
3902.072,3671.600,3521.971,3508.625,3630.333,3397.120,3213.917,3059.250,2999.040,3036.625,2764.720,2998.040
3895.286,3666.200,3508.543,3508.875,3625.433,3415.400,3222.667,3059.375,2973.600,3030.708,2744.600,2983.640
3916.286,3654.900,3497.543,3528.500,3606.033,3404.240,3191.250,3043.542,2983.840,3048.042,2733.720,3008.480
3883.500,3656.600,3512.943,3529.375,3603.900,3417.880,3214.750,3064.083,2981.720,3062.208,2736.840,2966.520
3886.893,3661.950,3519.486,3544.375,3614.567,3397.400,3219.500,3055.333,2996.160,3047.583,2774.680,3009.640
3917.964,3691.950,3493.857,3536.250,3645.433,3407.240,3205.500,3057.083,2974.920,3044.875,2752.240,2996.640
3866.250,3646.400,3506.943,3521.000,3633.400,3405.160,3183.917,3060.458,2986.720,3040.708,2726.200,2986.800
3906.857,3681.600,3505.657,3543.917,3610.967,3416.680,3196.000,3061.542,3003.760,3046.500,2762.200,3011.880
3908.572,3672.350,3491.857,3525.875,3623.900,3412.720,3204.000,3057.792,2981.520,3053.500,2759.560,3006.280
3902.643,3689.450,3502.143,3547.292,3617.633,3405.040,3186.750,3056.708,2982.160,3055.542,2753.640,3008.920
3894.750,3641.550,3504.114,3535.458,3610.567,3418.320,3181.583,3050.875,2985.960,3062.250,2762.560,2997.600
3908.928,3702.150,3500.029,3510.708,3613.167,3415.800,3197.667,3048.875,2976.040,3050.458,2750.320,2999.360
3891.643,3669.900,3479.143,3519.208,3631.800,3405.840,3196.250,3051.125,2975.040,3052.500,2747.240,3012.160
3918.607,3672.150,3497.771,3521.500,3625.833,3400.320,3182.583,3031.167,2981.440,3047.000,2751.240,3018.120
3863.822,3670.500,3511.143,3515.292,3633.667,3408.520,3183.917,3061.583,2988.880,3035.583,2726.000,3025.400
3885.393,3681.050,3488.343,3531.125,3627.500,3394.480,3198.500,3056.125,2978.680,3036.958,2750.280,3003.520
3904.036,3658.400,3508.771,3517.667,3628.667,3436.040,3221.833,3067.000,3000.120,3028.417,2745.560,3000.240
3898.286,3658.650,3507.914,3531.750,3624.100,3395.760,3182.333,3032.167,2974.800,3053.125,2754.400,3003.080
3912.928,3655.500,3496.629,3534.167,3623.833,3407.120,3186.083,3081.292,2986.240,3042.125,2744.480,2994.400
3881.428,3651.900,3490.971,3530.250,3590.667,3409.880,3197.667,3053.833,2986.600,3038.542,2739.000,2996.680
3907.964,3642.500,3514.057,3531.833,3632.667,3398.280,3208.667,3073.875,2979.520,3053.542,2739.800,3009.040
3919.286,3646.700,3498.771,3514.208,3621.433,3381.280,3209.500,3065.333,2983.800,3060.375,2764.240,3017.280
3910.678,3656.750,3509.771,3523.500,3629.067,3415.800,3216.333,3066.958,2980.600,3067.833,2754.560,3004.440
3911.322,3659.050,3497.971,3527.292,3620.567,3403.200,3202.917,3045.750,2974.760,3052.000,2755.520,3034.640
3898.357,3672.500,3504.371,3517.333,3622.700,3405.440,3219.417,3052.500,2984.280,3040.917,2763.280,3011.760
3905.750,3653.800,3483.914,3527.375,3636.033,3417.400,3210.750,3039.250,2971.960,3056.375,2759.680,3017.000
3892.714,3647.200,3487.914,3542.208,3615.567,3399.320,3220.167,3043.542,2966.440,3027.750,2736.880,2999.400
3902.322,3668.000,3504.971,3522.625,3634.167,3427.800,3197.167,3043.375,2968.080,3051.958,2740.280,3008.800
3889.428,3655.900,3510.171,3535.208,3611.400,3403.280,3177.667,3055.083,2969.440,3051.375,2740.800,3000.080
3912.143,3639.050,3502.714,3550.042,3622.433,3398.520,3193.583,3040.750,2971.840,3075.042,2742.680,3014.440
3908.393,3685.150,3495.029,3541.333,3619.967,3406.200,3188.750,3046.750,2960.400,3052.542,2733.840,3017.160
3898.857,3684.250,3502.971,3558.250,3633.300,3400.320,3192.833,3048.000,3008.200,3070.292,2748.480,3015.760
3897.893,3657.900,3493.600,3540.458,3609.467,3405.120,3211.250,3039.375,2977.600,3045.458,2747.480,3015.800
3882.428,3670.850,3502.486,3523.708,3632.600,3399.360,3189.833,3070.000,2975.720,3065.625,2743.200,3027.360
3889.322,3668.750,3473.343,3534.833,3598.500,3409.360,3235.250,3036.625,2979.600,3035.125,2743.720,3017.280
3919.286,3622.600,3496.629,3536.917,3639.567,3413.680,3209.250,3031.042,2959.360,3040.583,2749.520,3015.400
3901.286,3652.400,3517.657,3516.875,3610.567,3419.080,3217.583,3039.208,3006.200,3065.083,2755.360,3010.120
3888.572,3642.650,3509.029,3536.750,3615.367,3417.000,3192.333,3047.750,2970.400,3047.875,2749.840,3023.880
3888.250,3676.450,3468.286,3535.917,3624.933,3405.960,3201.250,3048.625,2987.600,3036.417,2747.080,3040.800
3904.750,3635.550,3497.257,3528.417,3609.333,3392.440,3208.917,3056.542,2954.880,3049.542,2736.720,3036.760
3855.286,3655.750,3494.229,3543.500,3629.033,3384.440,3212.167,3053.917,2954.520,3050.042,2735.320,3017.760
3846.428,3636.300,3492.257,3500.417,3597.300,3391.120,3204.167,3036.333,2991.440,3021.917,2748.440,3005.400
3887.928,3661.300,3500.600,3547.083,3628.233,3420.360,3194.083,3036.125,2981.080,3051.958,2747.720,3022.760
3917.178,3703.300,3500.171,3533.667,3628.200,3398.720,3175.500,3061.250,2989.760,3043.417,2745.480,2995.200
3860.964,3658.850,3504.000,3569.250,3623.033,3398.840,3193.250,3016.833,2974.280,3039.333,2754.120,3022.120
3865.428,3693.600,3489.286,3511.083,3618.667,3401.480,3210.250,3035.833,2955.920,3043.208,2738.240,2992.920
3912.714,3655.850,3502.886,3532.292,3635.600,3416.440,3186.667,3049.583,2986.160,3052.208,2743.080,3026.080
3875.750,3679.750,3509.914,3556.083,3619.000,3410.360,3205.833,3041.000,2969.240,3062.000,2739.400,3021.920
3900.393,3680.600,3481.486,3552.083,3596.667,3402.320,3175.917,3039.833,2966.680,3031.458,2742.160,3026.160
3892.536,3640.250,3501.314,3507.375,3622.567,3413.840,3181.500,3048.375,2967.400,3040.958,2726.640,2999.520
3895.036,3659.950,3518.086,3520.792,3606.300,3411.280,3203.750,3047.500,2987.240,3047.500,2734.760,3025.080
3867.000,3636.550,3481.686,3553.375,3614.967,3396.120,3177.917,3045.417,2965.800,3055.875,2747.680,3022.480
3877.643,3669.450,3491.914,3505.375,3617.167,3395.280,3199.917,3052.625,2977.520,3043.083,2740.120,3019.240
3890.322,3674.100,3514.200,3526.250,3614.433,3384.800,3200.083,3064.958,2971.760,3058.917,2717.360,3007.000
3850.643,3646.800,3498.714,3511.375,3611.833,3415.760,3183.917,3036.250,2979.200,3058.375,2759.640,3009.120
3864.893,3668.450,3498.000,3538.750,3602.767,3408.600,3166.667,3043.000,2984.400,3034.792,2746.880,3034.680
3874.143,3668.900,3505.743,3556.750,3620.333,3404.320,3216.500,3062.875,2967.240,3057.125,2748.280,3006.200
3888.572,3664.150,3488.572,3505.250,3604.967,3414.040,3212.333,3059.125,2976.840,3032.583,2762.000,3023.520
3889.250,3641.400,3507.914,3528.958,3620.567,3416.200,3208.833,3052.417,2976.840,3043.292,2757.640,3035.080
3882.786,3679.600,3511.257,3522.417,3601.600,3414.160,3171.167,3063.083,2973.960,3063.250,2726.880,3003.320
3860.036,3703.650,3493.771,3529.667,3620.000,3407.640,3192.833,3032.042,2970.680,3035.667,2736.960,3010.000
3863.393,3632.000,3503.714,3518.875,3592.333,3410.560,3204.833,3039.750,2978.880,3046.042,2761.080,3014.080
3870.357,3661.600,3493.400,3522.000,3598.733,3405.040,3179.667,3024.083,2973.560,3071.750,2745.680,3028.560
3853.250,3660.400,3495.629,3541.458,3597.667,3394.120,3202.417,3064.125,2975.000,3053.833,2748.640,3024.000
3859.714,3670.850,3487.286,3533.833,3595.433,3416.480,3191.250,3035.375,2990.440,3046.792,2748.840,3033.800
3863.536,3675.900,3486.029,3545.208,3612.500,3405.320,3194.833,3029.583,2984.200,3039.167,2737.400,3027.840
3876.750,3659.900,3499.886,3526.792,3616.900,3420.760,3214.750,3037.333,2965.120,3044.417,2748.000,3044.000
3863.928,3649.450,3491.086,3542.208,3622.200,3395.240,3200.333,3051.875,2979.400,3035.917,2747.880,3036.760
3866.607,3638.150,3518.400,3547.292,3576.067,3411.800,3189.500,3043.500,2958.720,3048.417,2738.920,3028.280
3850.286,3673.000,3504.886,3528.583,3619.700,3409.520,3201.250,3043.875,2959.400,3046.250,2754.240,3030.160
3861.178,3659.700,3502.771,3541.625,3594.867,3407.960,3199.333,3028.333,2979.040,3033.417,2743.280,3016.240
3860.750,3641.750,3501.857,3504.792,3591.167,3404.440,3183.833,3024.250,2981.200,3048.750,2729.760,3022.640
3872.286,3639.550,3500.029,3517.750,3605.733,3399.560,3200.917,3036.708,2961.320,3026.292,2738.840,3014.480
3871.036,3641.200,3486.057,3531.833,3609.600,3410.720,3217.833,3039.250,2986.760,3056.583,2740.400,3012.840
3876.000,3671.200,3487.400,3534.667,3605.833,3411.040,3186.667,3029.000,2969.480,3050.792,2728.160,3010.920
3863.464,3673.450,3498.371,3554.792,3584.367,3407.240,3193.500,3034.042,2958.280,3055.750,2741.040,2994.520
3846.964,3632.700,3494.114,3532.000,3606.100,3418.280,3229.833,3047.958,2981.440,3056.792,2732.960,3050.240
3863.893,3673.850,3501.572,3523.458,3603.700,3394.280,3172.083,3027.667,2955.320,3037.125,2723.480,3047.160
3853.143,3673.550,3509.257,3521.250,3623.100,3412.600,3197.917,3044.417,2952.080,3054.375,2731.640,3026.680
3872.928,3652.750,3512.686,3516.333,3610.400,3397.880,3169.583,3043.792,2967.800,3054.125,2736.760,3023.440
3866.143,3662.150,3493.914,3534.167,3609.400,3426.360,3226.500,3010.667,2978.640,3045.292,2751.880,3049.760
3851.428,3614.700,3486.943,3512.000,3622.533,3401.880,3194.083,3038.667,2975.480,3055.792,2751.920,3013.760
3844.428,3672.050,3481.057,3533.167,3633.600,3418.760,3212.167,3017.458,2943.880,3058.792,2743.800,3038.080
3835.000,3645.350,3500.143,3525.125,3615.067,3406.440,3194.333,3043.583,2961.280,3045.750,2726.520,3025.480
3872.928,3667.200,3494.743,3506.792,3616.467,3381.720,3193.750,3046.250,2958.320,3057.292,2744.160,3027.040
3861.143,3694.400,3508.143,3546.542,3592.233,3423.440,3195.083,3054.792,2976.160,3037.333,2737.800,3032.360
3837.214,3643.850,3482.572,3527.708,3598.767,3432.200,3233.583,3033.292,2966.440,3047.792,2757.240,3031.400
3857.572,3673.000,3498.086,3538.500,3603.133,3420.480,3202.167,3031.750,2975.120,3040.917,2731.240,3016.840
3816.893,3663.300,3486.114,3536.750,3606.533,3418.640,3203.583,3028.500,2990.800,3063.917,2728.520,3044.120
3864.393,3672.650,3489.829,3522.125,3615.333,3433.760,3175.417,3026.833,2975.240,3024.333,2740.600,3050.720
3829.143,3688.000,3473.314,3524.250,3604.833,3397.920,3209.917,3041.833,2960.320,3050.875,2730.520,3060.000
3835.607,3685.950,3484.572,3533.625,3632.067,3407.880,3209.583,3044.792,2969.880,3060.583,2733.760,3028.960
3827.464,3666.300,3478.486,3560.083,3588.100,3414.880,3195.667,3036.542,2959.320,3040.125,2738.840,3020.160
3871.072,3693.100,3514.514,3546.708,3605.000,3412.640,3190.167,3035.833,2973.160,3039.208,2736.840,3027.000
3850.572,3673.650,3509.686,3532.000,3605.900,3426.320,3202.500,3035.708,2972.680,3052.917,2733.360,3027.520
3838.893,3660.650,3489.543,3527.083,3598.567,3402.080,3205.500,3040.583,2973.520,3028.083,2750.440,3055.520
3868.143,3679.000,3496.714,3537.375,3597.133,3415.280,3214.083,3039.875,2974.680,3027.042,2729.920,3051.800
3829.393,3674.450,3493.343,3530.042,3626.267,3403.440,3162.167,3047.083,2983.080,3030.833,2739.880,3064.200
3851.893,3703.500,3495.829,3527.208,3607.500,3418.800,3176.833,3045.292,2962.600,3044.500,2749.280,3052.040
3843.964,3637.500,3509.343,3517.167,3625.333,3398.880,3182.917,3022.458,2953.600,3046.667,2739.680,3045.320
3840.000,3670.500,3481.657,3525.875,3612.400,3402.960,3175.167,3023.875,2964.840,3056.458,2738.080,3053.920
3842.607,3682.300,3472.343,3532.792,3601.567,3407.600,3176.083,3040.500,2968.720,3056.333,2728.000,3073.480
3839.178,3664.850,3489.743,3527.958,3606.567,3388.360,3200.667,3036.708,2969.160,3051.917,2748.880,3051.520
3829.072,3649.950,3483.971,3537.167,3627.067,3435.440,3205.250,3028.083,2968.000,3031.542,2735.880,3048.600
3859.536,3660.950,3493.229,3543.417,3617.200,3391.320,3181.917,3037.542,2955.280,3063.833,2730.440,3033.760
3836.893,3691.750,3495.829,3532.458,3594.300,3398.800,3183.417,3036.625,2981.640,3040.042,2747.640,3020.120
3833.786,3679.550,3480.886,3534.042,3624.733,3417.360,3227.333,3035.875,2971.240,3050.625,2750.520,3038.600
3871.393,3647.750,3484.971,3530.125,3596.867,3395.760,3188.667,3037.917,2961.440,3034.500,2746.520,3048.480
3859.000,3705.100,3510.400,3526.292,3623.100,3421.280,3153.083,3040.125,2941.800,3029.125,2722.040,3054.560
3837.714,3679.550,3500.629,3515.000,3592.067,3405.080,3191.167,3033.458,2963.800,3042.250,2737.800,3044.600
3842.750,3686.050,3501.314,3538.292,3617.733,3407.800,3177.750,3021.917,2956.840,3061.292,2747.880,3052.600
3857.357,3651.450,3485.057,3519.750,3624.800,3381.480,3175.500,3023.625,2978.440,3056.625,2739.960,3045.160
3838.036,3673.350,3490.057,3528.958,3632.267,3406.400,3181.833,3059.458,2951.480,3064.875,2733.960,3018.480
3852.428,3688.550,3482.600,3543.917,3607.033,3393.480,3197.167,3064.583,2958.000,3045.292,2749.000,3046.520
3826.822,3662.850,3509.629,3526.542,3610.100,3397.360,3186.333,3022.875,2998.120,3052.833,2745.360,3047.760
3844.214,3672.800,3491.371,3525.583,3601.600,3412.000,3214.917,3032.750,2967.840,3036.208,2728.560,3050.200
3814.500,3666.100,3493.914,3528.875,3630.633,3411.520,3169.583,3034.750,3002.120,3024.333,2730.600,3045.080
3830.643,3646.750,3476.657,3544.625,3612.000,3410.280,3222.750,3028.125,2955.680,3050.208,2750.480,3022.080
3824.500,3673.500,3490.143,3511.667,3614.800,3399.320,3204.167,3031.625,2975.000,3045.167,2739.440,3054.880
3828.357,3653.050,3507.114,3521.833,3606.200,3388.320,3175.167,3039.417,2976.320,3041.708,2715.760,3034.000
3821.464,3690.500,3497.943,3534.833,3626.167,3381.360,3181.833,3032.042,2955.520,3055.833,2765.840,3050.280
3838.750,3686.650,3499.572,3527.000,3601.900,3394.280,3211.667,3028.958,2954.680,3027.667,2743.080,3051.880
3820.428,3650.250,3484.200,3527.750,3618.400,3389.680,3170.333,3038.833,2960.080,3055.500,2739.280,3037.680
3835.000,3658.100,3507.629,3528.750,3595.800,3391.160,3209.917,3034.708,2963.640,3051.833,2749.560,3038.640
3818.143,3642.800,3478.829,3523.167,3583.467,3394.760,3196.500,3025.083,2957.560,3063.167,2729.680,3063.480
3806.000,3650.950,3462.200,3525.250,3599.500,3397.720,3192.583,3034.000,2958.120,3035.875,2738.840,3047.800
3832.143,3647.200,3478.800,3523.792,3601.933,3395.400,3230.167,3036.500,2949.960,3024.375,2744.720,3048.280
3823.143,3692.150,3487.829,3524.583,3603.067,3397.880,3182.333,3047.083,2960.840,3032.167,2731.280,3035.240
3827.964,3696.400,3496.143,3503.000,3618.900,3396.800,3184.417,3030.667,2970.480,3045.083,2733.000,3057.040
3834.678,3688.650,3493.257,3514.208,3622.767,3421.160,3188.667,3035.167,2961.000,3064.083,2748.480,3080.720
3815.786,3679.050,3491.086,3539.000,3599.667,3402.480,3177.500,3024.625,2966.320,3039.125,2741.720,3044.720
3830.000,3694.700,3495.829,3533.542,3612.667,3392.320,3182.333,3039.083,2965.920,3070.333,2730.520,3043.320
3822.357,3685.100,3468.200,3511.708,3626.133,3414.040,3216.333,3051.125,2969.240,3052.000,2741.360,3049.600
3817.286,3687.400,3476.171,3521.458,3589.900,3412.080,3204.750,3021.125,2948.840,3052.208,2759.520,3039.960
3822.750,3651.150,3492.314,3519.208,3581.867,3400.440,3227.583,3027.458,2955.400,3039.875,2727.040,3053.720
3847.036,3687.050,3490.514,3509.542,3585.367,3428.800,3185.000,3036.333,2961.560,3051.167,2740.960,3058.280
3808.500,3649.350,3484.486,3548.958,3606.700,3392.040,3188.000,3019.667,2941.760,3047.500,2724.680,3043.960
3825.964,3668.200,3472.857,3543.000,3605.767,3405.760,3224.000,3031.542,2951.680,3045.667,2734.560,3032.400
3835.072,3664.700,3478.971,3518.292,3609.633,3403.320,3217.750,3029.167,2976.040,3028.875,2735.840,3038.560
3822.428,3678.900,3455.572,3510.667,3582.200,3399.640,3183.250,3037.000,2957.560,3043.042,2727.920,3046.720
3801.750,3654.750,3472.143,3521.417,3619.800,3395.840,3199.667,3035.250,2962.360,3050.833,2720.920,3060.120
3815.322,3702.400,3485.286,3524.208,3629.667,3394.520,3210.917,3033.958,2965.240,3040.417,2761.360,3056.520
3834.072,3657.000,3483.143,3508.917,3604.767,3413.360,3207.083,3050.500,2963.920,3034.333,2742.760,3052.320
3828.107,3673.850,3480.971,3524.875,3616.600,3403.960,3172.333,3019.958,2953.400,3048.625,2732.520,3042.520
3829.714,3675.800,3490.171,3539.167,3605.133,3380.720,3231.917,3045.750,2938.440,3038.000,2741.200,3019.760
3810.714,3644.600,3481.629,3542.208,3616.600,3419.440,3196.083,3034.333,2965.680,3041.083,2746.440,3038.000
3826.072,3689.100,3480.400,3536.875,3612.300,3360.920,3185.750,3016.375,2951.680,3059.375,2747.400,3048.320
3862.500,3668.450,3479.171,3520.708,3597.100,3393.160,3189.000,3050.000,2958.200,3044.333,2719.080,3030.600
3882.428,3670.900,3488.572,3534.833,3608.600,3379.760,3202.417,3038.292,2960.600,3066.042,2753.560,3077.600
3902.322,3666.100,3490.543,3542.083,3608.367,3386.160,3192.667,3060.208,2982.520,3053.958,2746.360,3054.800
3888.036,3661.250,3496.743,3550.250,3626.533,3396.720,3167.500,3030.542,2948.720,3049.458,2742.680,3038.200
3862.143,3684.250,3478.114,3509.292,3609.500,3401.640,3197.000,3050.167,2966.320,3028.417,2747.640,3033.000
3861.286,3688.450,3485.686,3541.167,3606.633,3372.520,3229.583,3039.708,2986.720,3049.667,2728.440,3054.360
3869.036,3691.450,3485.800,3533.458,3619.700,3380.160,3216.167,3046.750,2963.080,3034.333,2744.640,3054.280
3845.357,3671.250,3479.428,3542.958,3605.633,3385.200,3171.333,3044.125,2970.520,3055.375,2742.840,3038.280
3845.250,3678.700,3477.514,3526.417,3622.900,3382.880,3193.333,3040.375,2950.080,3033.625,2746.400,3042.000
3846.107,3646.050,3498.314,3527.375,3603.167,3406.840,3188.750,3034.333,2961.920,3040.875,2745.400,3062.800
3839.393,3643.650,3488.686,3530.625,3615.200,3418.120,3216.417,3027.000,2951.440,3050.917,2739.440,3028.600
3858.857,3685.450,3481.257,3494.458,3607.100,3373.560,3191.417,3052.500,2959.880,3024.875,2736.080,3054.560
3814.357,3688.150,3485.486,3539.417,3587.900,3404.520,3175.083,3047.875,2941.440,3030.458,2760.840,3055.760
3827.036,3669.450,3488.428,3508.042,3601.533,3408.680,3202.417,3040.708,2962.400,3061.292,2735.680,3053.200
3839.464,3679.150,3493.886,3551.000,3608.467,3381.600,3195.917,3050.292,2966.000,3058.333,2736.560,3075.040
3832.393,3664.050,3478.200,3530.917,3584.967,3401.800,3180.833,3016.958,2965.440,3035.167,2747.720,3047.560
3857.178,3663.550,3486.400,3505.750,3605.100,3384.800,3203.333,3009.792,2966.520,3062.250,2751.000,3042.560
3805.678,3659.050,3483.000,3557.708,3598.233,3401.840,3203.083,3019.708,2965.920,3072.833,2743.080,3055.800
3824.393,3695.400,3477.486,3515.583,3611.800,3390.960,3210.667,3050.667,2960.040,3044.083,2729.800,3061.000
3824.607,3659.850,3491.257,3541.792,3633.567,3384.680,3179.500,3040.958,2966.280,3041.625,2736.520,3052.960
3816.214,3694.400,3489.486,3541.542,3598.100,3379.440,3204.583,3052.833,2962.760,3036.708,2741.440,3057.720
3817.714,3674.650,3489.086,3505.625,3611.033,3379.560,3196.000,3027.083,2970.040,3057.833,2755.680,3065.600
3830.536,3699.150,3476.800,3522.833,3607.800,3374.720,3204.833,3052.917,2955.960,3046.625,2738.440,3059.720
3935.322,3668.900,3478.114,3535.333,3625.867,3394.600,3206.417,3025.833,2963.800,3071.833,2731.840,3046.040
4175.607,3685.950,3486.428,3511.625,3596.767,3495.240,3209.833,3033.000,2976.440,3184.417,2755.720,3071.800
4400.286,3703.850,3481.514,3532.833,3617.867,3938.400,3201.583,3041.625,2954.440,3315.833,2750.400,3040.880
4446.571,3717.250,3466.543,3506.958,3588.933,4510.480,3248.833,3024.750,2956.280,3512.958,2751.880,3057.360
4386.750,3687.900,3474.572,3528.708,3597.400,4561.600,3217.083,3036.458,2961.360,3506.750,2741.720,3069.080
4329.607,3702.700,3475.114,3539.833,3598.133,4487.520,3244.417,3039.208,2960.200,3462.375,2721.080,3062.560
4249.143,3698.150,3470.314,3516.000,3583.700,4364.240,3206.667,3022.250,2987.880,3423.583,2749.320,3054.760
4219.036,3675.400,3474.343,3513.792,3609.467,4276.640,3190.083,3042.208,2953.240,3425.083,2738.440,3053.240
4172.750,3669.000,3485.229,3540.292,3609.733,4278.320,3191.333,3035.708,2943.840,3418.667,2763.000,3052.320
4121.179,3710.150,3443.314,3531.458,3622.367,4187.080,3173.750,3035.417,2966.480,3379.292,2750.080,3044.960
4082.536,3700.200,3470.943,3508.625,3601.200,4188.720,3222.250,3035.292,2941.400,3357.875,2731.280,3053.880
4066.714,3703.750,3459.171,3539.167,3599.900,4124.960,3237.333,3052.458,2972.240,3364.708,2752.520,3049.680
4063.286,3674.700,3503.286,3547.792,3610.800,4117.520,3199.917,3040.625,2962.160,3374.000,2748.480,3056.040
4067.214,3692.000,3477.829,3561.083,3597.067,4097.560,3230.500,3037.750,2978.040,3372.625,2743.160,3056.960
3996.607,3675.500,3481.914,3511.292,3618.967,4084.120,3230.833,3048.000,2953.400,3362.375,2725.800,3036.760
3990.822,3707.600,3497.257,3536.875,3585.133,4047.480,3203.333,3029.292,2967.040,3353.500,2737.280,3056.040
3987.822,3659.800,3484.829,3534.917,3573.200,4020.800,3193.167,3037.333,2983.120,3364.292,2735.440,3043.880
3970.464,3692.650,3480.543,3547.583,3599.300,4018.200,3208.917,3035.667,2955.440,3357.750,2743.600,3061.840
3999.643,3682.200,3492.714,3527.917,3621.300,3983.240,3217.667,3035.667,2940.080,3365.875,2741.480,3041.640
3935.250,3686.800,3473.914,3519.083,3586.000,3980.600,3222.000,3027.500,2980.480,3343.458,2741.640,3046.280
3953.643,3692.100,3461.914,3541.125,3608.033,3972.000,3212.500,3046.125,2960.960,3341.167,2750.360,3065.600
3974.072,3670.800,3484.229,3524.958,3582.867,3941.240,3222.250,3023.792,2951.920,3341.625,2753.680,3052.840
4124.536,3699.450,3475.829,3502.708,3599.700,3981.680,3238.083,3053.333,2977.040,3404.458,2737.680,3050.960
4781.821,3953.550,3470.171,3533.792,3689.800,4368.240,3389.417,3017.583,2957.520,3559.833,2775.520,3093.480
5884.679,4366.300,3568.771,3717.792,3999.967,5085.080,3908.917,3026.958,2965.880,3796.250,2842.040,3117.120
6938.321,4919.100,3820.771,3956.500,4581.100,5805.360,4658.667,3043.375,2972.880,4050.917,2964.360,3204.920
7755.679,5385.250,4088.886,4111.375,5082.367,6402.280,5328.167,3049.667,3011.080,4255.875,3081.840,3318.040
7872.857,5506.350,4316.314,4212.667,5255.533,6761.800,5563.250,3066.083,3029.560,4291.667,3122.960,3352.200
7646.464,5507.700,4327.400,4145.458,5150.600,6891.200,5546.667,3054.542,3035.800,4315.667,3117.240,3328.520
7364.214,5535.950,4243.971,4092.333,5030.667,6874.480,5579.167,3065.208,3054.880,4340.167,3081.000,3339.960
7195.500,5474.200,4205.114,4081.375,4989.167,6783.840,5458.667,3044.167,3037.120,4331.667,3089.160,3307.040
6947.571,5422.150,4184.829,4037.208,4942.433,6697.960,5323.250,3043.458,3037.160,4286.167,3057.320,3291.080
6776.286,5341.200,4143.286,4013.833,4868.133,6585.000,5297.333,3062.375,3036.680,4266.083,3051.920,3260.400
6612.179,5290.900,4128.886,4043.167,4795.633,6440.880,5251.083,3034.208,3046.040,4234.875,3050.400,3279.280
6514.429,5276.400,4099.971,4015.000,4814.333,6399.840,5169.917,3047.875,3030.240,4214.042,3037.000,3244.440
6349.179,5230.550,4088.371,3972.583,4763.767,6314.800,5098.083,3044.125,3040.960,4202.417,3020.000,3254.840
6257.464,5221.150,4060.171,3982.833,4709.933,6269.160,5103.833,3030.625,3032.720,4183.542,3025.120,3248.440
6151.000,5160.150,4061.914,3955.417,4659.333,6145.800,5091.250,3046.375,3026.320,4162.625,3003.200,3268.560
6017.929,5152.850,4039.229,3942.792,4617.567,6101.480,4996.750,3048.792,3048.800,4125.792,3006.080,3248.520
5913.929,5077.450,4021.371,3931.542,4605.367,6027.200,4921.750,3050.917,3034.760,4143.000,2999.080,3245.320
5837.000,5084.000,4009.171,3903.708,4577.400,5984.800,4892.250,3055.042,3015.120,4130.000,2999.800,3247.640
5743.893,5023.350,4002.857,3885.625,4555.900,5934.120,4773.917,3047.083,3032.440,4132.500,3000.120,3251.560
5674.214,5037.650,3985.829,3903.708,4528.833,5817.920,4769.917,3051.208,3032.040,4119.208,2979.720,3227.840
5586.929,5002.300,4005.686,3868.917,4486.100,5825.080,4752.750,3051.375,3028.080,4134.833,2968.440,3259.600
5796.714,5086.400,3990.743,3871.125,4488.367,5841.760,4717.417,3035.917,2997.040,4130.000,2970.400,3261.080
6477.143,5286.600,4017.086,3943.042,4540.600,6136.200,4765.000,3048.208,3020.800,4244.750,3018.320,3296.240
7894.964,6066.900,4312.286,4237.083,4946.400,6858.560,5478.750,3071.667,3050.800,4577.333,3111.960,3435.960
9657.143,6820.550,4771.029,4681.542,5523.367,7662.080,6391.167,3056.333,3090.800,4915.458,3231.400,3639.360
11158.321,7557.600,5305.657,5093.917,6171.433,8419.600,7102.500,3063.833,3148.920,5281.167,3392.800,3893.400
12540.607,8276.100,5849.086,5483.792,6720.567,9107.440,7941.250,3071.917,3249.840,5601.917,3528.880,4100.680
13514.393,9015.600,6312.600,5716.167,7322.667,9642.280,8555.417,3064.333,3285.640,5938.792,3664.480,4340.760
13879.786,9462.700,6655.971,5921.167,7622.433,10189.240,8857.833,3111.542,3320.440,6145.167,3758.320,4483.440
13537.179,9565.650,6633.857,5918.792,7527.400,10297.200,8890.000,3078.667,3332.720,6075.250,3762.280,4487.480
13021.429,9599.850,6543.429,5794.542,7393.100,10169.520,8707.167,3096.792,3316.720,6028.708,3745.000,4401.680
12578.500,9455.900,6457.657,5755.375,7288.400,10026.520,8563.000,3103.042,3306.720,5993.250,3708.200,4368.040
12168.536,9319.150,6370.743,5648.542,7151.633,9845.520,8397.417,3062.333,3303.280,5950.792,3681.120,4295.600
11827.286,9239.300,6299.571,5627.667,7008.467,9712.320,8281.250,3097.708,3280.280,5883.292,3646.840,4283.640
11538.964,9078.500,6221.372,5515.958,6940.767,9596.640,8138.333,3091.750,3270.840,5842.792,3621.960,4285.680
11262.071,8954.250,6142.429,5440.167,6828.667,9414.760,8049.500,3108.208,3287.480,5823.167,3604.840,4271.000
10981.964,8912.900,6110.314,5415.042,6757.900,9334.040,7874.500,3084.667,3281.560,5748.625,3607.000,4244.800
10766.607,8796.900,6020.057,5386.667,6635.867,9114.160,7741.833,3067.917,3262.040,5717.750,3567.000,4195.760
10517.143,8678.250,5906.829,5298.333,6571.733,8990.840,7581.583,3104.000,3258.720,5676.583,3561.320,4181.080
10333.929,8585.400,5899.029,5221.875,6487.467,8926.760,7466.583,3096.000,3279.600,5658.708,3524.640,4134.160
10183.679,8523.450,5848.857,5172.250,6397.967,8845.480,7342.667,3071.208,3263.600,5613.375,3517.040,4169.360
10005.679,8418.100,5797.257,5112.875,6312.433,8682.360,7227.917,3087.667,3246.560,5568.708,3526.800,4125.920
9807.893,8327.450,5766.429,5083.333,6221.400,8664.480,7202.750,3077.500,3249.640,5524.208,3490.320,4148.280
9675.643,8250.700,5667.400,5050.333,6200.600,8499.440,7045.417,3092.125,3242.680,5535.292,3453.560,4118.720
9703.286,8239.800,5670.886,5016.417,6173.800,8448.480,7033.500,3093.625,3244.040,5487.917,3468.520,4116.560
10665.607,8381.550,5703.714,5056.833,6158.233,8583.920,6961.167,3101.667,3251.080,5565.292,3478.640,4159.040
12432.607,8818.650,6020.514,5345.417,6324.500,9005.480,7315.417,3085.792,3276.520,5732.083,3569.560,4257.720
14140.536,9623.900,6617.543,5725.417,6753.733,9525.760,7994.833,3086.917,3329.760,6085.875,3728.440,4525.600
15845.929,10561.450,7163.657,6210.000,7284.733,10179.000,8580.083,3119.875,3409.200,6386.542,3903.920,4774.240
17486.107,11312.000,7738.286,6562.417,7939.167,10791.880,9401.167,3142.833,3512.360,6782.417,4110.360,5084.960
18614.500,12152.400,8198.200,6904.292,8420.033,11271.080,10046.167,3166.042,3632.200,7070.542,4286.440,5337.240
19073.785,12636.450,8487.400,7056.875,8748.767,11590.960,10640.250,3217.083,3695.920,7299.833,4414.800,5514.520
19428.607,13294.350,8739.485,7141.875,8939.267,11930.880,10888.583,3233.417,3773.400,7487.417,4525.360,5654.760
19135.750,13539.650,8773.714,7100.500,8926.333,12095.600,11039.167,3237.542,3822.480,7477.833,4577.720,5774.200
18483.785,13555.350,8653.200,7065.292,8772.667,11942.040,10922.250,3210.625,3862.520,7475.125,4540.960,5745.800
17922.250,13418.700,8536.686,6905.917,8620.934,11862.640,10845.250,3236.083,3884.480,7406.125,4531.520,5718.600
17337.500,13230.750,8426.257,6814.500,8471.167,11665.800,10577.500,3215.958,3826.800,7309.792,4442.280,5661.440
16854.035,13082.200,8280.457,6666.917,8378.566,11477.040,10369.333,3215.333,3814.920,7236.000,4396.920,5626.480
16419.857,12924.350,8163.457,6580.500,8234.667,11320.160,10170.167,3226.875,3807.160,7191.208,4381.760,5539.200
16065.750,12760.200,8064.886,6524.125,8120.167,11118.400,9980.083,3188.833,3815.600,7115.125,4327.440,5517.280
15725.571,12638.850,7959.200,6377.292,8025.767,10946.760,9764.417,3198.875,3786.080,7035.625,4278.920,5487.000
15477.036,12350.750,7886.372,6361.792,7899.233,10827.760,9609.333,3206.625,3766.280,6969.917,4282.560,5455.480
15217.179,12259.650,7738.800,6254.375,7826.667,10655.480,9480.000,3193.417,3745.720,6910.833,4248.320,5407.360
15078.607,12077.100,7678.686,6162.250,7701.700,10512.640,9282.500,3230.917,3727.760,6870.625,4202.360,5410.280
14811.464,11983.700,7583.771,6083.042,7642.867,10379.640,9187.250,3187.833,3709.040,6785.625,4136.200,5351.480
14603.750,11889.450,7486.200,6030.583,7514.933,10256.880,8987.583,3202.125,3697.480,6772.000,4123.720,5329.360
14378.536,11711.650,7431.857,5972.708,7484.367,10182.960,8866.667,3167.458,3697.320,6710.667,4126.920,5297.480
14429.107,11643.500,7354.800,5929.667,7378.900,10100.080,8718.917,3189.625,3666.360,6716.417,4098.080,5238.160
14962.679,11490.750,7301.514,5868.125,7308.000,10147.840,8581.500,3194.250,3668.800,6716.917,4072.000,5271.840
16281.964,11811.800,7450.628,5999.125,7434.200,10560.120,8867.917,3209.333,3699.440,6784.417,4124.560,5321.000
17957.785,12447.650,7811.628,6434.667,7923.233,11314.160,9471.750,3208.667,3762.520,7047.583,4287.560,5546.560
19349.285,13219.650,8338.600,6820.000,8561.967,12032.400,10056.500,3196.083,3893.320,7322.292,4393.280,5854.720
20477.785,13947.450,8812.657,7181.208,9202.600,12730.200,10716.083,3241.833,3985.560,7675.375,4547.680,6204.680
21144.857,14563.500,9197.571,7467.625,9674.167,13264.000,11289.083,3280.125,4083.440,7882.542,4659.640,6535.480
21491.322,15124.450,9504.571,7756.417,10125.533,13710.760,11811.833,3305.958,4213.200,8093.458,4850.120,6827.160
21741.035,15543.200,9763.114,7870.042,10499.066,14019.760,12213.667,3361.333,4291.120,8282.125,5008.240,7098.520
21374.357,15752.300,9808.657,7824.875,10514.100,14082.760,12245.333,3383.167,4333.760,8370.458,5052.560,7234.160
20781.178,15864.100,9688.600,7764.083,10346.000,13900.200,12110.833,3373.458,4343.640,8321.500,5039.200,7219.000
20132.428,15657.200,9562.972,7640.167,10155.900,13699.920,12027.000,3381.542,4353.240,8251.375,4992.520,7125.160
19665.750,15505.750,9417.743,7551.250,10068.533,13566.440,11783.750,3370.042,4403.240,8193.083,4982.960,7094.600
19267.643,15231.700,9320.058,7410.917,9904.500,13296.600,11698.333,3360.000,4377.640,8141.875,4933.960,7100.960
18795.822,15041.600,9191.800,7333.208,9722.366,13064.240,11395.167,3359.083,4391.520,8056.875,4852.080,7004.480
18423.965,14933.800,9093.286,7198.125,9591.833,12853.360,11193.250,3348.750,4317.880,8006.042,4828.360,6931.040
18064.965,14763.800,8979.972,7110.083,9472.267,12731.320,10953.083,3354.000,4299.160,7874.208,4785.080,6884.360
17746.678,14509.050,8867.485,6999.667,9320.033,12614.800,10753.250,3348.708,4276.440,7803.042,4726.320,6858.640
17417.893,14376.700,8722.571,6936.042,9155.934,12372.720,10623.167,3354.667,4219.080,7793.750,4693.200,6825.320
17185.857,14168.600,8605.400,6843.458,9021.000,12210.720,10435.250,3345.083,4240.800,7659.958,4630.760,6753.800
16851.715,13963.650,8568.114,6731.542,8930.033,12155.440,10180.417,3330.917,4220.240,7606.333,4627.760,6722.920
16647.893,13803.800,8459.229,6652.958,8772.833,11995.160,9980.333,3326.000,4176.600,7552.750,4570.560,6632.000
16295.536,13606.800,8390.086,6588.625,8694.967,11826.040,9794.833,3327.458,4156.160,7480.625,4540.080,6640.680
16417.000,13481.450,8311.629,6484.792,8582.533,11728.080,9792.417,3316.708,4130.600,7395.042,4509.720,6636.840
17118.107,13671.700,8260.485,6626.292,8569.767,11840.040,9750.000,3338.833,4165.600,7416.458,4526.080,6626.520
18315.715,14071.150,8435.857,6856.583,8852.167,12353.040,9868.583,3334.583,4224.160,7653.083,4565.200,6755.880
19651.107,14643.000,8702.828,7200.083,9309.366,12827.280,10408.583,3405.583,4256.480,7833.958,4693.000,6978.840
20711.178,15328.050,9076.371,7550.333,9764.533,13455.800,11022.750,3399.292,4410.680,8162.792,4840.560,7331.920
21771.107,15841.400,9428.143,7969.458,10339.267,13862.920,11558.167,3501.792,4498.120,8502.250,5027.960,7736.080
22369.785,16323.700,9764.343,8190.750,10810.200,14389.880,12018.167,3562.167,4581.600,8767.708,5205.960,8132.400
22197.250,16703.551,9953.515,8355.000,11131.200,14518.760,12279.917,3586.708,4637.480,8983.333,5337.400,8374.560
22119.785,17057.750,10106.771,8460.458,11369.400,14642.880,12501.917,3694.292,4664.520,9181.708,5457.920,8643.080
22075.107,17169.100,10202.314,8597.792,11542.600,14798.640,12750.917,3704.000,4725.840,9329.167,5574.680,8889.520
21967.607,17383.801,10276.086,8659.792,11749.200,14880.560,12654.167,3739.625,4781.360,9454.458,5689.640,9127.560
21478.072,17405.350,10178.657,8521.208,11592.400,14694.960,12686.083,3744.375,4817.880,9450.708,5720.720,9204.880
20864.428,17157.250,10088.657,8406.083,11450.267,14527.600,12361.667,3733.333,4834.000,9369.250,5648.080,9159.760
20413.107,16990.150,9995.200,8278.875,11202.700,14250.040,12221.083,3737.917,4852.360,9336.792,5600.640,9090.640
19827.357,16770.900,9875.257,8105.792,11151.066,13971.280,12032.083,3701.417,4812.560,9234.583,5523.920,9020.720
19362.607,16522.000,9752.743,7963.333,10868.700,13769.640,11812.250,3711.833,4829.280,9160.708,5471.360,8962.280
18982.893,16159.150,9560.515,7822.542,10745.167,13586.160,11501.750,3666.625,4772.400,8988.958,5398.840,8915.000
18592.035,15987.350,9482.286,7719.625,10537.500,13396.840,11327.417,3667.917,4737.200,8958.000,5344.480,8800.040
18191.572,15806.100,9385.343,7522.042,10453.833,13126.200,11080.917,3662.250,4678.520,8811.917,5275.960,8747.320
17788.178,15543.900,9269.886,7474.875,10256.066,12952.280,10930.833,3631.833,4686.600,8776.667,5250.600,8676.400
17569.893,15324.100,9152.657,7350.208,10130.200,12780.720,10681.750,3647.167,4629.960,8683.167,5164.120,8570.360
17267.965,15096.900,9052.914,7217.917,9990.900,12638.320,10512.750,3639.208,4586.600,8602.292,5132.320,8529.440
17120.393,14963.450,8971.457,7120.958,9858.366,12539.520,10360.833,3614.500,4561.800,8505.833,5072.480,8511.680
17003.643,14878.150,8869.028,7066.583,9724.600,12541.760,10129.500,3625.333,4550.600,8471.917,5065.040,8461.520
17042.143,14691.150,8781.857,7045.292,9650.866,12555.880,10051.000,3589.167,4564.200,8430.125,5027.320,8432.320
17673.750,14816.800,8820.571,7074.583,9697.634,12807.840,10068.250,3606.542,4571.680,8433.083,5045.360,8561.760
18796.322,15145.900,9027.143,7361.708,9843.500,13152.920,10420.583,3655.250,4642.280,8584.167,5208.320,8728.120
19733.357,15574.250,9317.028,7772.500,10251.900,13547.320,10972.917,3704.917,4702.280,8787.958,5349.960,9099.920
20166.928,15999.150,9550.914,8184.833,10579.533,13910.920,11341.917,3743.875,4802.320,9006.250,5551.600,9456.760
20476.893,16377.450,9746.314,8495.917,10799.400,14196.600,11771.833,3774.500,4881.840,9177.125,5666.560,9735.440
20838.178,16629.900,9873.771,8763.833,11148.667,14525.480,12203.750,3857.458,4968.240,9394.042,5855.080,10057.840
21384.928,17063.650,10041.257,9024.500,11487.300,14703.480,12528.417,3930.625,4994.080,9507.042,6077.560,10364.920
21317.715,17242.000,10187.028,9143.125,11613.934,14795.720,12725.417,3990.417,5049.280,9723.958,6239.280,10628.840
21073.178,17379.449,10194.714,9142.792,11650.833,14741.920,12825.333,3997.542,5099.880,9802.167,6278.880,10794.600
20906.822,17461.949,10277.800,9200.625,11729.866,14731.600,12822.250,4062.125,5182.480,9874.458,6355.040,10927.760
20591.072,17306.900,10239.172,9131.375,11625.233,14660.960,12692.167,4003.250,5175.240,9933.458,6377.520,10973.080
19999.965,17263.750,10126.857,8947.333,11510.000,14430.520,12579.667,4066.833,5180.760,9795.000,6330.600,10926.040
19520.250,16946.100,10024.972,8868.208,11304.866,14129.760,12392.833,4028.542,5162.120,9773.667,6288.000,10838.560
19002.285,16750.250,9910.686,8698.167,11071.000,13957.360,12059.583,4011.833,5130.520,9666.792,6192.240,10791.120
18614.285,16529.100,9777.400,8555.167,10898.033,13730.120,11928.583,3962.417,5112.080,9608.958,6106.440,10698.400
18160.715,16294.950,9624.886,8410.042,10778.833,13512.160,11634.833,3991.458,5095.000,9484.208,6077.080,10603.800
17707.785,15989.450,9513.371,8269.333,10565.267,13289.280,11400.250,3969.708,5032.840,9403.042,5936.840,10523.800
17367.322,15888.850,9407.657,8137.125,10415.866,13098.840,11223.167,3951.292,5037.200,9236.500,5916.880,10418.840
17044.857,15653.400,9328.543,8016.750,10328.000,12891.360,11066.667,3903.542,4998.800,9178.667,5827.400,10360.720
16689.785,15475.300,9246.028,7901.583,10138.566,12692.280,10851.250,3921.000,4899.240,9083.917,5714.480,10296.320
16329.786,15291.750,9071.771,7752.458,10003.566,12533.000,10704.833,3913.125,4869.080,8970.958,5682.560,10235.040
16454.822,15147.900,9024.972,7675.708,9921.667,12453.600,10557.833,3862.875,4834.560,8948.833,5595.080,10211.920
17132.107,15145.350,9002.629,7659.292,9899.800,12623.720,10611.417,3854.083,4850.840,8939.292,5613.360,10194.240
17674.285,15262.200,9156.058,7841.042,10025.800,12813.600,10693.583,3874.375,4800.400,8985.125,5649.560,10200.320
18024.215,15502.600,9227.028,7933.792,10168.667,13129.880,10897.250,3881.750,4841.080,9013.292,5698.120,10357.480
18235.428,15556.250,9295.457,8166.542,10364.566,13279.240,11048.083,3895.417,4846.040,9162.083,5771.720,10431.160
18856.250,15910.000,9500.828,8400.667,10739.800,13619.360,11458.083,3925.000,4869.120,9334.083,5885.760,10526.040
19440.965,16179.850,9670.743,8694.792,11199.333,13860.840,11794.583,3979.042,4914.160,9543.083,6026.320,10629.400
19809.285,16557.801,9801.857,8888.125,11554.733,14087.200,12103.500,4027.292,4931.200,9650.333,6111.160,10785.880
20082.607,16936.900,9920.800,9081.333,11823.866,14206.160,12270.333,4048.292,4969.880,9821.292,6230.480,10790.120
20329.857,17171.900,9933.543,9198.458,12132.233,14289.320,12484.917,4087.167,4985.920,9965.292,6334.200,10849.760
20247.607,17264.301,9962.286,9210.500,12190.000,14329.880,12623.667,4087.125,5016.720,10043.625,6387.480,10932.000
20185.607,17271.551,9946.657,9200.208,12281.300,14318.800,12651.083,4128.500,5030.520,10135.292,6437.720,10936.280
19939.750,17310.801,9928.686,9129.917,12199.467,14254.600,12622.083,4118.208,5016.440,10169.625,6448.920,10895.440
19397.428,17183.350,9843.942,9089.708,12031.366,14074.040,12476.083,4114.042,5051.280,10079.792,6430.080,10930.880
19147.643,17129.250,9735.028,8950.125,11911.100,13995.640,12439.833,4126.208,5018.160,10140.333,6364.880,10878.760
18754.215,17044.551,9697.400,8872.417,11735.267,13883.760,12216.583,4112.875,4983.960,10026.292,6319.800,10873.200
18377.107,16809.551,9564.229,8703.292,11602.767,13620.160,11992.750,4083.667,4951.560,9970.583,6234.120,10730.200
17805.643,16571.650,9458.200,8544.125,11388.467,13400.960,11800.917,4091.792,4888.200,9871.042,6128.600,10675.800
17373.285,16271.350,9345.743,8427.542,11261.733,13190.960,11534.833,4058.375,4922.920,9795.833,6031.000,10645.880
16990.785,16092.600,9214.743,8328.542,11087.267,12944.360,11338.500,4072.250,4840.800,9749.708,5978.200,10527.000
16537.107,15807.750,9093.686,8182.625,10881.066,12756.920,11138.250,4022.417,4866.840,9558.750,5914.440,10442.600
16179.000,15608.600,8970.314,8048.875,10725.500,12602.880,10858.417,4035.583,4775.920,9470.292,5810.480,10424.160
15951.607,15400.250,8879.172,7872.792,10657.967,12373.360,10671.833,3991.125,4739.000,9368.458,5791.360,10345.160
15998.286,15259.700,8805.371,7780.875,10495.934,12371.520,10524.750,3981.375,4705.360,9328.708,5696.000,10341.520
16030.750,15124.950,8771.571,7714.542,10329.600,12553.680,10436.250,4004.917,4718.200,9293.083,5690.360,10322.440
15903.857,15100.300,8706.857,7648.208,10235.866,12552.640,10349.000,3944.833,4709.760,9213.792,5625.840,10401.000
15955.071,15123.050,8728.515,7652.958,10186.033,12688.760,10306.250,3951.250,4720.480,9184.083,5641.320,10443.360
16826.678,15332.550,8830.914,7796.333,10397.634,12892.880,10423.833,3962.083,4727.360,9297.375,5681.120,10641.920
17507.500,15612.700,8950.914,8081.375,10767.634,13320.360,10703.833,3988.042,4743.600,9442.042,5844.080,10776.160
17833.285,15822.150,9098.743,8239.708,11080.600,13466.120,10917.000,4008.917,4758.760,9561.208,5979.920,10906.960
18071.822,16024.300,9185.543,8385.542,11182.467,13521.400,11121.167,4010.875,4775.200,9681.667,6095.200,10971.680
18472.572,16257.550,9278.086,8478.167,11392.566,13647.360,11268.583,4032.542,4781.120,9752.542,6173.120,11019.360
18786.250,16307.000,9339.485,8555.375,11633.934,13711.800,11504.333,4071.917,4826.480,9874.375,6225.160,11160.840
18941.500,16328.050,9364.257,8551.500,11712.333,13700.440,11571.583,4085.542,4803.360,9856.958,6321.520,11141.440
19090.250,16486.500,9424.114,8616.875,11844.066,13639.360,11584.333,4087.167,4796.440,9914.667,6391.400,11175.040
19233.715,16468.150,9375.086,8675.000,11928.967,13609.920,11714.917,4067.500,4800.400,9959.708,6472.120,11126.440
19094.178,16395.350,9424.114,8642.625,11907.566,13619.560,11746.917,4062.542,4807.560,9942.833,6492.000,11172.840
18945.465,16423.301,9356.972,8597.500,11872.767,13400.520,11643.667,4051.583,4792.960,9947.625,6506.240,11141.520
18578.500,16358.700,9300.657,8544.000,11695.700,13265.600,11591.250,4058.708,4790.040,9946.792,6468.800,11165.040
18159.965,16122.650,9171.286,8404.042,11592.700,13131.120,11459.167,4034.292,4786.880,9836.875,6462.880,11048.440
17659.357,15889.300,9074.200,8313.917,11380.033,12862.200,11356.917,4034.958,4811.440,9774.958,6398.120,10954.040
17210.428,15611.250,8983.886,8170.875,11166.967,12682.360,11099.000,3993.167,4727.680,9644.750,6324.800,10855.000
16796.643,15469.800,8852.857,8075.083,11035.066,12451.880,10932.000,3996.083,4745.320,9593.542,6204.480,10686.440
16426.750,15349.800,8757.371,7932.250,10880.566,12294.160,10730.833,3973.333,4710.000,9410.958,6141.080,10679.600
15941.929,15085.350,8670.114,7828.208,10660.134,12104.640,10587.417,3968.083,4651.520,9298.417,6031.720,10555.320
15743.857,14904.000,8555.515,7718.000,10566.100,11918.480,10334.250,3958.958,4625.720,9201.083,5974.200,10432.400
15893.321,14795.050,8516.143,7610.208,10391.167,11910.760,10202.417,3939.625,4622.360,9168.208,5986.040,10390.640
15717.714,14654.450,8480.086,7533.875,10329.600,11984.200,10064.250,3930.833,4622.600,9098.667,5916.360,10360.920
15423.214,14512.000,8443.143,7464.625,10165.300,11832.960,9957.417,3908.625,4623.240,9039.042,5822.280,10264.760
15868.750,14654.850,8443.828,7530.333,10169.366,11989.800,9956.667,3939.333,4587.680,8973.083,5804.720,10236.280
16262.107,14692.100,8449.314,7592.875,10212.634,12062.600,10003.417,3897.375,4647.320,9004.708,5860.960,10298.920
16671.215,14915.400,8511.200,7716.792,10332.134,12153.280,9944.917,3926.083,4569.200,9089.167,5865.360,10263.960
17189.750,15073.000,8550.314,7840.542,10487.533,12217.560,10124.833,3889.875,4552.440,9073.875,5930.600,10269.280
17536.965,15227.850,8577.972,7931.458,10767.533,12303.960,10276.500,3915.792,4572.600,9169.583,6019.520,10274.280
18123.322,15310.050,8606.429,8014.750,10980.533,12342.760,10364.167,3912.167,4585.680,9244.958,6069.320,10368.920
18344.928,15573.950,8603.914,8080.167,11108.700,12382.880,10394.917,3924.583,4579.920,9257.667,6105.600,10312.120
18636.822,15634.250,8567.028,8122.250,11237.200,12260.160,10542.250,3919.667,4571.120,9322.167,6111.120,10325.320
18885.250,15744.450,8610.371,8187.792,11439.066,12244.680,10606.250,3916.250,4562.800,9312.458,6157.400,10367.600
18855.857,15729.150,8578.086,8134.417,11525.833,12292.920,10647.250,3904.042,4546.080,9364.042,6220.920,10355.440
18763.428,15828.000,8590.200,8192.000,11562.667,12280.000,10618.583,3950.000,4547.320,9366.292,6222.240,10323.080
18493.393,15770.550,8522.000,8199.042,11436.733,12123.640,10616.417,3902.042,4507.360,9350.542,6218.560,10296.320
18320.465,15757.500,8506.743,8153.167,11362.267,12090.200,10658.417,3908.417,4504.720,9299.042,6268.360,10274.960
18104.357,15647.500,8440.000,8082.792,11304.066,12062.600,10525.250,3919.208,4489.880,9254.083,6245.080,10177.720
17938.035,15502.550,8339.457,8052.833,11194.600,11981.000,10315.500,3897.667,4480.120,9208.125,6257.120,10103.520
17502.607,15391.150,8284.200,7950.875,11034.333,11810.960,10322.333,3884.125,4444.440,9121.000,6235.760,10011.760
16971.607,15185.850,8211.314,7840.458,10856.667,11587.560,10092.000,3891.917,4423.920,9041.417,6122.600,9891.440
16541.678,14943.900,8084.314,7729.542,10644.300,11461.760,9950.667,3870.917,4422.800,8926.917,6096.000,9892.800
16291.464,14794.600,8062.457,7641.333,10595.733,11330.440,9794.000,3864.458,4403.680,8852.625,5997.400,9820.640
16016.714,14603.400,7968.114,7590.000,10423.400,11220.080,9679.667,3845.000,4390.640,8769.500,5947.640,9786.720
15650.643,14486.850,7897.714,7434.750,10265.400,11054.120,9508.250,3825.875,4365.880,8719.875,5804.120,9725.520
15284.286,14247.700,7803.514,7363.458,10134.066,11007.000,9380.667,3801.375,4328.680,8635.417,5786.040,9655.280
15212.107,14079.250,7727.372,7289.083,9964.600,10930.240,9220.250,3794.083,4294.600,8583.375,5743.800,9555.200
15337.964,14105.950,7753.372,7229.750,9928.000,11016.720,9180.333,3778.625,4284.040,8533.667,5714.240,9559.080
15391.821,14102.350,7738.057,7274.083,9884.167,11019.680,9164.750,3755.958,4262.200,8463.333,5638.240,9530.880
15829.321,14260.550,7730.657,7317.125,9873.200,11047.360,9174.333,3796.917,4248.000,8513.667,5689.480,9515.080
16135.036,14329.450,7766.286,7384.542,9937.833,11065.320,9163.583,3770.542,4240.120,8538.542,5680.000,9536.520
16440.857,14348.350,7775.571,7361.708,10120.934,11146.880,9298.750,3782.875,4228.840,8563.958,5743.440,9524.760
16716.035,14461.850,7828.829,7421.083,10177.967,11092.560,9309.750,3785.792,4206.240,8579.458,5775.760,9568.320
16870.178,14522.050,7862.086,7538.375,10297.033,11181.320,9353.250,3756.625,4226.280,8580.667,5828.480,9571.240
17193.965,14580.700,7850.372,7551.583,10433.467,11168.600,9370.333,3801.792,4253.760,8613.667,5910.400,9500.680
17413.250,14694.950,7808.657,7607.667,10621.033,11103.720,9412.500,3825.833,4227.040,8632.958,5892.840,9508.040
17435.643,14613.150,7809.171,7651.417,10617.866,11121.880,9372.417,3816.042,4208.840,8687.875,5975.280,9464.440
17529.072,14603.850,7745.171,7594.833,10733.634,11148.920,9315.083,3805.500,4208.800,8698.167,5952.600,9411.440
17528.107,14684.700,7687.086,7567.833,10715.767,11072.080,9283.667,3764.208,4176.600,8635.917,5985.520,9445.640
17377.178,14598.600,7695.514,7495.500,10695.634,11008.400,9241.083,3773.042,4199.320,8651.417,5981.040,9346.920
17166.143,14448.300,7594.343,7437.000,10656.634,10877.080,9030.667,3777.125,4160.960,8612.792,6019.800,9326.480
16844.072,14387.600,7589.114,7365.875,10492.634,10836.120,9088.083,3760.583,4144.720,8567.208,6038.200,9283.880
16517.393,14281.550,7508.429,7271.625,10356.900,10746.760,9004.500,3743.333,4108.360,8518.875,6005.560,9199.600
16157.500,14140.800,7444.543,7217.708,10225.566,10577.040,8915.167,3750.292,4101.200,8467.000,5912.160,9132.960
15709.643,13965.300,7403.771,7136.167,10123.767,10401.920,8761.417,3745.792,4102.920,8375.042,5851.680,9092.120
15463.214,13796.650,7344.628,7029.833,9961.900,10250.080,8628.750,3739.917,4084.920,8317.958,5785.760,9020.680
15047.357,13554.750,7267.257,6910.833,9755.866,10082.560,8547.667,3708.708,4079.440,8245.625,5705.440,8938.000
14665.143,13367.800,7239.686,6855.167,9644.000,9999.080,8428.917,3693.375,4061.840,8152.958,5683.680,8902.560
14445.000,13292.250,7159.829,6729.458,9508.767,9998.720,8277.250,3675.917,4039.520,8098.708,5583.360,8842.320
14426.429,13167.900,7111.829,6692.000,9401.634,9853.760,8252.583,3713.708,4044.120,8039.417,5527.520,8780.760
14258.714,13046.050,7064.057,6604.958,9263.533,9804.760,8117.500,3685.250,4018.840,7967.958,5457.800,8761.480
14212.536,12945.050,7043.971,6547.375,9137.467,9678.880,8001.833,3682.417,4037.480,7961.458,5396.520,8674.960
14562.179,12865.250,7050.343,6511.125,9200.967,9705.600,7971.750,3673.417,4011.600,7956.083,5383.680,8654.200
14896.286,12803.450,6997.914,6482.833,9241.600,9640.200,7902.583,3668.417,3996.600,7949.917,5386.600,8602.960
15162.964,12800.300,7023.343,6480.875,9383.167,9633.160,7976.417,3671.292,3994.640,7949.208,5371.280,8685.240
15429.000,12781.450,7026.628,6428.375,9519.300,9626.520,7988.667,3653.667,3955.000,7922.708,5387.320,8627.520
15684.214,12787.050,6996.514,6465.875,9617.033,9570.200,8019.833,3663.083,3986.880,7931.167,5409.920,8637.080
15921.643,12591.000,6995.857,6439.875,9748.667,9624.320,7974.583,3671.875,3950.480,7910.542,5454.120,8605.400
16048.429,12480.250,7017.743,6355.625,9781.667,9619.840,7967.917,3656.750,3930.720,7844.958,5421.720,8640.440
16119.250,12469.350,7051.457,6411.833,9871.500,9555.440,8028.417,3656.667,3924.040,7830.917,5405.400,8599.840
16212.893,12370.050,7005.886,6416.958,9904.000,9495.560,7919.167,3626.167,3900.520,7834.958,5413.320,8552.240
16263.429,12339.250,6965.714,6378.375,9925.033,9458.320,7979.917,3620.875,3909.960,7800.000,5363.960,8502.120
16151.929,12214.250,6941.543,6341.625,9919.333,9360.320,7944.667,3648.500,3885.760,7744.292,5337.000,8480.720
16082.071,12120.250,6904.314,6279.292,9876.566,9379.760,7971.500,3629.917,3862.560,7740.583,5296.880,8475.400
15934.893,11946.600,6872.571,6326.833,9812.434,9314.840,7921.250,3614.583,3852.120,7714.042,5298.720,8427.840
15543.357,11857.600,6819.429,6225.000,9658.500,9180.760,7825.833,3585.417,3859.400,7632.958,5246.520,8378.400
15439.393,11796.700,6754.571,6185.083,9557.700,9086.760,7788.583,3584.375,3841.360,7569.750,5183.560,8303.600
15505.357,11716.700,6746.257,6144.125,9448.267,8980.840,7731.167,3549.750,3805.400,7548.167,5240.720,8255.080
15221.286,11560.550,6708.686,6120.625,9400.967,8913.160,7602.833,3594.917,3800.880,7501.333,5160.120,8194.560
14905.857,11444.150,6659.886,6056.458,9261.066,8841.480,7593.250,3562.500,3797.520,7442.167,5112.880,8130.440
14409.107,11303.700,6599.086,5994.250,9093.600,8769.720,7438.000,3524.250,3764.600,7377.292,5067.720,8077.720
14055.750,11232.050,6560.543,5940.875,8966.500,8621.000,7367.500,3537.917,3755.920,7292.958,5013.800,7993.920
13889.857,11108.400,6496.286,5886.375,8898.866,8556.320,7358.167,3531.542,3742.440,7242.500,4927.240,7953.840
13947.571,11044.300,6495.743,5850.667,8804.800,8502.400,7198.750,3511.375,3743.400,7227.792,4910.960,7910.920
13711.536,11003.050,6416.800,5880.417,8688.400,8433.280,7258.167,3506.625,3718.640,7185.292,4871.120,7868.440
13590.571,10917.950,6468.086,5787.792,8596.100,8421.360,7172.083,3492.333,3691.280,7171.708,4839.040,7819.320
13648.571,10843.950,6374.143,5797.500,8583.233,8338.120,7130.417,3494.792,3707.920,7144.417,4839.440,7729.000
13822.571,10805.250,6391.657,5770.583,8537.366,8320.400,7137.583,3496.167,3666.920,7100.208,4774.280,7669.600
14076.107,10800.400,6387.286,5769.208,8636.066,8311.680,7132.167,3481.292,3682.440,7122.083,4820.240,7675.800
14362.071,10776.250,6423.229,5738.500,8658.000,8259.560,7129.333,3472.917,3688.280,7117.500,4774.800,7659.920
14556.143,10737.800,6396.829,5742.208,8721.500,8233.160,7143.917,3467.375,3667.800,7069.208,4782.120,7662.000
14664.714,10792.300,6384.429,5713.833,8730.667,8184.080,7188.500,3477.542,3653.120,7062.042,4829.760,7643.920
14783.393,10764.350,6460.429,5711.083,8736.167,8121.920,7146.083,3466.583,3665.880,7028.500,4820.800,7582.680
14973.750,10707.500,6414.257,5667.958,8808.967,8118.600,7041.833,3472.542,3653.680,6992.458,4840.800,7541.720
15091.429,10674.350,6472.600,5689.417,8842.600,8072.280,6991.833,3466.458,3634.400,7010.167,4816.240,7515.080
14965.214,10729.100,6442.800,5664.125,8854.800,8013.960,6902.167,3425.292,3623.000,7009.667,4814.920,7464.080
14865.893,10654.300,6375.343,5620.833,8835.233,7911.600,6900.833,3448.208,3599.640,6960.208,4806.040,7417.480
14608.714,10558.850,6308.600,5589.125,8731.500,7840.400,6860.333,3451.500,3626.200,6941.000,4828.240,7382.320
14428.643,10524.600,6321.600,5528.542,8655.634,7816.000,6767.250,3452.292,3613.680,6959.042,4770.320,7314.240
14366.464,10384.150,6311.086,5484.875,8695.866,7713.360,6758.833,3445.625,3564.680,6887.542,4806.960,7206.360
14080.393,10328.050,6259.886,5453.375,8589.100,7662.880,6701.833,3436.083,3601.560,6813.375,4785.440,7238.880
13694.750,10210.150,6222.571,5398.417,8458.634,7611.680,6625.500,3434.917,3579.960,6779.917,4771.560,7175.720
13412.857,10129.450,6186.971,5372.917,8359.333,7518.760,6578.917,3388.292,3553.480,6770.083,4699.560,7122.120
13409.107,9969.950,6145.714,5361.125,8263.533,7473.120,6539.083,3425.333,3556.640,6762.042,4694.680,7064.040
13235.929,9937.100,6118.229,5329.708,8203.333,7395.280,6454.583,3406.083,3544.240,6683.333,4676.480,7018.200
12902.571,9766.250,6074.943,5300.167,8139.833,7297.000,6349.000,3433.750,3526.400,6662.125,4621.840,6935.240
12636.214,9709.450,6025.286,5240.167,7985.567,7236.360,6382.750,3428.125,3546.520,6607.667,4537.440,6921.600
12665.893,9671.150,5999.400,5244.625,7907.867,7202.360,6307.500,3382.667,3512.720,6548.125,4547.280,6866.520
12661.607,9530.950,5992.628,5153.333,7901.200,7157.640,6247.417,3378.625,3515.560,6517.042,4492.000,6811.800
12642.393,9506.100,5929.829,5157.917,7834.300,7082.320,6216.167,3396.167,3503.600,6461.375,4508.400,6730.240
12706.929,9422.950,5943.714,5153.250,7820.500,7038.440,6229.167,3372.417,3475.360,6433.208,4482.920,6717.000
12749.071,9397.900,5872.886,5123.750,7760.567,7032.760,6178.750,3399.833,3506.440,6416.250,4464.480,6665.400
12872.679,9314.800,5876.114,5178.208,7831.133,6972.240,6161.333,3399.750,3480.160,6452.375,4468.120,6642.640
13059.393,9290.250,5894.229,5169.917,7851.300,6873.840,6140.250,3377.792,3493.280,6443.250,4486.760,6628.640
13113.964,9201.800,5868.143,5129.000,7839.700,6900.840,6134.250,3395.375,3483.040,6415.167,4491.240,6593.360
13230.893,9142.150,5866.914,5117.833,7831.800,6826.440,6197.833,3388.500,3480.000,6427.417,4501.000,6559.240
13319.500,9034.400,5855.714,5106.042,7890.333,6788.520,6149.250,3390.042,3473.120,6408.208,4474.360,6547.600
13412.893,9035.550,5810.029,5132.042,7926.833,6720.040,6113.250,3377.458,3469.160,6415.875,4493.040,6514.120
13516.464,8985.350,5792.686,5076.375,7908.667,6690.200,6017.167,3353.167,3492.920,6414.208,4541.320,6484.560
13602.429,8892.950,5781.857,5044.750,7952.300,6663.800,6052.667,3344.417,3514.520,6388.333,4516.280,6465.880
13506.714,8898.650,5775.086,5019.208,7900.233,6638.760,5962.167,3327.333,3498.360,6405.667,4538.160,6429.040
13441.107,8743.200,5727.029,5013.000,7820.267,6620.240,5953.833,3371.042,3496.280,6370.500,4538.640,6390.800
13413.536,8665.450,5691.886,5011.542,7842.633,6613.640,5949.417,3325.625,3492.080,6363.875,4498.520,6379.920
13213.357,8558.900,5683.714,4979.167,7801.433,6542.800,5879.583,3321.250,3479.680,6316.583,4492.680,6270.680
13084.750,8482.350,5685.171,4975.208,7666.800,6504.720,5828.167,3318.583,3471.480,6280.583,4470.800,6279.680
13037.179,8448.250,5607.486,4925.333,7650.433,6455.200,5796.333,3312.708,3479.680,6221.458,4429.920,6257.280
12919.643,8406.200,5603.086,4926.875,7578.233,6401.280,5707.750,3327.583,3455.680,6197.250,4444.320,6219.880
12796.571,8282.150,5546.400,4909.542,7511.267,6335.840,5652.250,3315.458,3459.120,6174.458,4423.880,6196.960
12456.643,8182.400,5550.600,4884.833,7420.967,6328.240,5651.500,3340.417,3467.120,6131.750,4425.640,6127.560
12219.607,8131.600,5495.800,4837.500,7351.667,6278.040,5602.667,3343.708,3432.120,6089.875,4399.440,6117.400
12150.500,8026.250,5421.057,4831.583,7302.500,6246.800,5628.583,3315.875,3438.120,6026.250,4358.200,6052.800
12239.929,8014.650,5427.171,4775.875,7223.233,6199.400,5519.833,3319.833,3430.040,6027.333,4366.520,6060.600
12362.393,8059.100,5382.914,4777.792,7237.433,6189.320,5491.750,3332.000,3413.640,6063.000,4336.480,6013.800
12540.036,7930.850,5389.486,4755.125,7250.367,6169.040,5411.667,3333.667,3421.640,6005.917,4315.920,6032.560
12570.643,7925.450,5372.943,4749.375,7221.733,6139.320,5417.750,3311.208,3447.800,5978.125,4292.200,5988.600
12678.786,7874.800,5331.372,4728.292,7214.800,6100.760,5392.833,3312.917,3405.920,5939.708,4304.640,5977.800
12891.393,7768.700,5335.771,4686.792,7295.833,6035.720,5359.333,3300.292,3379.520,5919.333,4260.640,5962.440
13095.214,7771.300,5332.714,4729.458,7318.733,6046.920,5381.833,3302.792,3397.400,5912.750,4236.000,5878.480
13169.036,7798.050,5272.600,4672.917,7326.967,6005.680,5405.000,3311.000,3379.200,5932.375,4259.680,5883.560
13185.500,7695.550,5277.971,4657.167,7334.367,5935.680,5381.333,3307.292,3382.400,5875.167,4191.840,5813.800
13253.750,7683.550,5248.857,4610.292,7348.700,5884.520,5374.167,3301.458,3386.320,5847.833,4217.920,5784.280
13280.607,7640.800,5219.343,4617.750,7316.967,5864.200,5303.250,3295.167,3377.680,5855.542,4235.920,5756.920
13317.214,7624.800,5218.200,4600.833,7344.233,5854.960,5348.917,3291.375,3391.320,5835.208,4215.960,5757.680
13231.964,7568.700,5157.086,4578.292,7349.400,5793.520,5285.333,3287.667,3356.720,5753.250,4225.040,5713.200
13018.179,7501.850,5154.714,4605.042,7343.400,5750.720,5276.667,3269.333,3350.480,5728.708,4225.560,5669.560
12859.714,7470.850,5123.457,4557.750,7314.000,5737.920,5182.000,3302.083,3380.840,5702.833,4200.680,5648.520
12728.536,7401.800,5086.571,4542.625,7231.167,5682.040,5170.583,3286.167,3368.280,5732.417,4168.680,5641.720
12652.321,7312.300,5067.086,4514.167,7207.267,5645.440,5139.833,3288.167,3326.600,5617.250,4145.440,5583.920
12465.929,7235.800,5037.686,4488.667,7178.567,5598.840,5147.917,3292.333,3361.960,5624.542,4141.120,5614.080
12213.821,7200.450,5037.114,4505.750,7087.667,5566.440,5046.750,3261.208,3349.840,5640.458,4081.680,5533.800
12017.393,7186.050,5018.886,4497.833,7010.133,5527.920,5009.333,3280.958,3352.440,5532.917,4072.800,5505.960
11880.357,7113.400,4988.600,4489.667,7012.633,5525.440,5018.667,3302.958,3329.480,5540.333,4053.160,5495.160
11810.000,7046.050,4978.429,4444.042,6928.367,5473.320,4964.500,3305.500,3329.600,5549.083,4020.560,5466.080
11666.750,7005.300,4957.543,4419.792,6813.600,5434.320,4964.250,3288.917,3357.240,5529.875,4015.000,5471.240
11424.357,6962.700,4939.829,4386.917,6766.367,5407.560,4919.250,3283.417,3318.080,5432.667,3959.160,5445.480
11316.750,6858.000,4936.628,4398.708,6750.600,5393.640,4884.083,3288.708,3312.960,5424.625,3940.600,5407.080
11200.393,6843.950,4898.914,4367.625,6729.933,5369.360,4853.750,3289.417,3270.520,5388.625,3941.480,5388.080
11119.214,6826.650,4869.343,4364.375,6718.400,5323.720,4817.583,3264.083,3328.000,5385.958,3904.880,5360.960
11128.214,6772.000,4868.914,4337.625,6700.033,5327.080,4815.167,3255.917,3290.600,5378.958,3874.000,5313.680
10973.536,6716.200,4855.486,4323.333,6655.967,5267.160,4812.417,3251.250,3294.520,5287.000,3875.440,5277.240
10965.321,6710.650,4866.400,4308.792,6678.400,5293.920,4760.083,3274.625,3277.440,5292.833,3852.280,5289.440
10980.607,6623.800,4828.771,4278.333,6631.900,5252.880,4755.750,3270.125,3299.800,5322.125,3866.960,5242.640
11000.571,6634.400,4807.000,4301.208,6663.867,5255.640,4716.167,3281.875,3299.760,5257.333,3850.640,5233.120
10981.679,6541.700,4821.914,4303.333,6650.533,5204.880,4745.333,3259.958,3294.680,5320.417,3822.320,5190.440
10996.143,6478.700,4805.114,4288.917,6675.867,5145.160,4724.333,3246.042,3298.280,5271.958,3787.240,5169.000
10902.857,6445.700,4761.486,4261.417,6661.233,5143.080,4686.083,3262.208,3287.720,5250.792,3791.640,5128.760
10824.464,6404.800,4755.486,4291.250,6649.433,5129.280,4653.667,3260.292,3287.520,5249.417,3771.320,5125.960
10794.321,6376.250,4710.886,4264.958,6618.067,5099.880,4654.167,3233.625,3282.720,5265.375,3768.160,5067.560
10649.643,6329.850,4723.029,4246.000,6601.300,5070.400,4641.833,3226.042,3249.840,5253.208,3769.480,5075.160
10505.214,6342.250,4712.229,4239.792,6594.100,5033.960,4657.167,3232.125,3228.040,5229.000,3756.480,5036.920
10300.750,6290.350,4663.714,4214.958,6560.000,5033.520,4624.250,3217.125,3263.560,5206.417,3745.800,5018.760
10181.429,6238.600,4667.771,4243.125,6555.933,5007.920,4554.000,3224.917,3269.080,5162.958,3764.920,4991.320
9953.107,6211.600,4660.514,4204.542,6499.633,5021.200,4557.333,3221.333,3248.640,5155.833,3738.320,5003.960
9781.464,6184.250,4649.600,4234.875,6468.700,4977.760,4551.250,3209.125,3237.840,5135.500,3748.320,4949.720
9592.429,6151.500,4615.600,4228.500,6429.967,4939.240,4523.333,3232.625,3225.720,5079.417,3719.000,4921.640
9488.500,6176.500,4619.257,4179.708,6380.500,4983.440,4491.917,3218.375,3236.480,5104.708,3728.680,4885.120
9253.643,6140.150,4570.057,4136.292,6336.433,4923.200,4505.000,3223.833,3231.560,5075.667,3715.200,4837.400
9144.679,6015.250,4580.029,4176.667,6271.067,4921.840,4472.333,3223.167,3218.960,5027.375,3697.680,4798.760
9137.250,6080.100,4549.714,4142.958,6248.167,4917.360,4424.333,3193.167,3230.280,5000.417,3660.520,4814.280
9104.107,5993.450,4528.486,4178.917,6228.767,4926.280,4349.667,3203.375,3234.800,4979.417,3668.680,4798.120
9102.821,5972.850,4517.800,4167.833,6250.100,4908.880,4425.000,3203.917,3229.160,4991.083,3651.240,4763.320
9136.286,5951.650,4512.400,4138.042,6207.367,4953.600,4370.167,3193.083,3236.720,4968.125,3649.480,4754.040
9157.821,5943.950,4525.829,4128.875,6209.600,4909.480,4362.667,3211.208,3238.360,4930.083,3642.200,4759.720
9242.750,5961.600,4484.514,4126.917,6224.067,4915.400,4324.750,3202.375,3221.680,4911.917,3616.320,4761.200
9291.250,5936.200,4485.171,4129.833,6263.633,4930.480,4326.083,3199.583,3223.080,4862.458,3617.520,4748.120
9295.286,5908.500,4452.429,4112.458,6260.733,4909.480,4278.667,3172.875,3228.200,4827.125,3597.880,4722.040
9439.036,5852.150,4446.286,4114.542,6244.767,4916.760,4300.917,3185.083,3221.200,4796.917,3569.960,4693.440
9540.964,5826.000,4420.286,4109.500,6275.967,4896.640,4275.333,3190.000,3201.000,4792.250,3550.080,4696.520
9457.571,5830.350,4428.457,4101.167,6270.500,4924.840,4285.500,3174.042,3216.280,4798.958,3550.840,4658.800
9448.857,5800.850,4397.343,4072.083,6255.967,4861.080,4260.500,3174.750,3198.760,4768.208,3520.400,4646.200
9424.571,5821.600,4386.143,4073.417,6233.400,4862.280,4287.500,3171.292,3201.000,4779.542,3513.880,4669.920
9292.500,5783.850,4406.628,4049.125,6250.367,4829.000,4266.583,3172.417,3197.360,4729.333,3493.040,4618.400
9246.643,5747.900,4373.800,4056.625,6236.433,4813.640,4205.250,3197.625,3202.560,4724.833,3511.160,4627.520
9238.821,5686.000,4339.171,4027.083,6217.767,4798.760,4174.250,3212.208,3185.960,4693.542,3475.160,4619.400
9204.179,5663.250,4345.029,4051.083,6203.700,4800.880,4161.417,3190.042,3210.200,4675.875,3492.160,4564.600
9206.857,5608.500,4330.000,4001.917,6133.867,4759.040,4180.417,3190.833,3208.720,4672.250,3449.600,4533.600
9140.393,5588.950,4342.800,4001.083,6142.200,4749.520,4142.333,3175.292,3221.560,4653.708,3457.320,4540.520
9038.750,5564.150,4361.657,4000.167,6096.667,4731.200,4150.167,3191.333,3225.320,4623.292,3447.680,4504.880
9021.357,5588.350,4313.543,4024.500,6056.333,4687.160,4134.500,3169.292,3227.680,4598.083,3414.880,4473.720
8922.357,5545.750,4324.543,3997.458,5993.700,4706.480,4093.583,3171.583,3205.240,4592.542,3426.000,4448.840
8863.643,5556.500,4310.514,3976.917,5946.100,4661.160,4100.917,3181.208,3197.200,4581.667,3400.680,4433.760
8850.536,5517.450,4281.314,3959.083,5879.967,4645.000,4102.917,3177.500,3208.240,4547.500,3400.640,4380.080
8782.321,5524.050,4296.143,3988.458,5885.500,4587.800,4046.833,3158.917,3229.760,4520.667,3414.120,4403.360
8769.179,5474.950,4280.286,3965.833,5859.600,4620.000,4016.250,3154.292,3225.240,4526.958,3405.880,4384.600
8735.536,5518.000,4265.686,3940.458,5827.400,4620.960,4035.833,3176.375,3200.760,4518.875,3389.400,4350.440
8846.357,5471.750,4296.857,3921.750,5815.600,4625.480,4001.583,3162.875,3211.640,4485.000,3371.080,4374.760
8816.107,5450.050,4271.057,3929.125,5830.567,4610.320,4035.583,3167.958,3201.440,4484.417,3362.560,4339.160
8833.857,5484.000,4246.114,3908.833,5804.133,4650.760,3988.250,3163.500,3215.040,4455.125,3347.640,4334.920
8891.964,5482.400,4228.686,3898.792,5798.133,4619.040,3959.917,3149.792,3224.960,4442.625,3322.840,4319.960
8911.893,5447.150,4222.829,3915.042,5770.833,4611.160,3951.083,3162.042,3211.360,4473.042,3343.360,4320.960
8988.500,5398.550,4207.000,3926.417,5747.867,4651.720,3919.333,3178.875,3194.440,4436.667,3308.000,4289.360
9043.214,5421.200,4236.372,3882.625,5740.500,4637.960,3922.667,3145.125,3207.360,4405.750,3327.720,4281.480
9080.250,5404.750,4205.600,3896.000,5760.667,4625.680,3903.167,3159.333,3211.760,4449.833,3306.720,4270.160
9154.750,5347.000,4206.571,3858.333,5766.400,4613.080,3872.333,3188.917,3208.000,4415.583,3312.880,4231.560
9137.786,5412.900,4199.571,3894.375,5705.833,4620.600,3876.583,3150.750,3193.880,4413.583,3307.640,4202.360
9068.143,5380.750,4181.971,3863.458,5650.833,4608.800,3894.250,3177.958,3184.280,4424.917,3285.760,4203.080
9056.286,5342.950,4150.857,3865.708,5611.133,4600.160,3872.667,3171.750,3184.560,4410.333,3280.880,4166.200
8935.464,5327.800,4167.400,3826.833,5607.833,4595.560,3888.083,3182.292,3192.800,4426.500,3261.120,4202.520
8867.143,5335.950,4158.143,3850.667,5567.300,4565.920,3857.417,3153.583,3163.040,4352.042,3241.600,4172.280
8776.464,5300.150,4144.914,3867.333,5552.400,4583.960,3847.833,3150.583,3176.480,4359.000,3214.120,4185.400
8719.714,5301.500,4128.400,3840.542,5546.567,4532.960,3827.917,3148.583,3141.840,4344.292,3218.240,4176.800
8666.143,5278.650,4106.314,3829.250,5488.833,4543.760,3820.833,3135.500,3172.840,4342.875,3196.560,4118.640
8631.857,5201.350,4132.600,3850.917,5470.567,4514.120,3815.167,3156.750,3165.360,4321.458,3219.760,4130.040
8576.357,5236.250,4100.229,3819.208,5441.133,4470.480,3821.000,3147.542,3157.680,4300.708,3191.640,4107.640
8525.893,5189.250,4115.657,3805.375,5408.367,4464.120,3794.917,3150.125,3157.960,4298.583,3191.760,4125.160
8517.821,5157.550,4090.257,3826.542,5420.767,4444.160,3798.583,3140.750,3137.000,4285.208,3172.360,4110.600
8463.107,5141.900,4111.257,3781.042,5372.400,4425.920,3764.833,3132.958,3141.160,4268.833,3165.040,4079.680
8524.143,5142.700,4082.886,3802.042,5374.967,4434.520,3743.750,3128.708,3139.880,4243.500,3150.880,4113.960
8578.714,5133.250,4076.114,3792.500,5366.867,4421.040,3731.750,3121.333,3136.720,4233.292,3152.400,4081.440
8610.179,5085.700,4084.400,3771.167,5298.867,4404.640,3761.750,3135.125,3139.680,4240.958,3138.520,4078.120
8768.464,5104.750,4055.400,3808.042,5296.967,4407.280,3703.750,3141.167,3153.400,4229.458,3144.320,4044.880
8880.286,5109.550,4069.686,3785.250,5318.867,4392.800,3749.500,3136.917,3154.880,4229.167,3150.160,4057.000
8817.929,5042.750,4048.543,3774.417,5348.167,4375.160,3720.417,3154.042,3143.200,4234.917,3135.280,4047.080
8859.714,5058.550,4059.171,3788.208,5324.300,4356.440,3698.167,3140.375,3135.720,4179.917,3131.240,4032.680
8751.643,4991.450,4035.600,3795.583,5323.767,4337.760,3729.167,3165.167,3156.440,4180.458,3130.000,4022.280
8896.821,4961.550,4034.829,3771.750,5375.733,4379.600,3693.333,3116.583,3113.240,4163.292,3132.880,4053.480
9149.821,4969.650,4029.371,3758.875,5373.633,4324.600,3714.417,3156.917,3105.480,4188.250,3104.720,4007.680
9147.679,4930.350,4004.657,3728.667,5353.967,4316.880,3731.667,3128.375,3144.520,4167.250,3083.960,4004.800
9175.000,4912.000,4021.800,3756.292,5365.633,4301.120,3690.167,3113.500,3127.400,4142.958,3085.800,4011.080
9173.821,4870.750,4013.086,3764.250,5368.367,4306.840,3735.917,3113.833,3111.840,4123.625,3095.200,4029.560
9270.250,4857.200,4018.857,3738.542,5327.000,4280.240,3685.250,3123.083,3133.080,4110.167,3083.840,3987.640
9363.786,4820.950,4005.800,3772.917,5322.667,4271.120,3650.667,3125.458,3129.680,4077.250,3087.240,4003.720
9399.250,4829.550,3989.657,3709.208,5291.833,4310.120,3713.167,3133.458,3118.000,4090.625,3071.800,3975.560
9333.607,4820.050,4003.743,3690.458,5303.167,4280.160,3683.250,3118.583,3125.360,4079.167,3078.880,3958.360
9119.857,4809.200,3977.029,3729.167,5230.567,4297.360,3695.333,3142.792,3133.280,4062.542,3067.960,3972.440
9089.607,4784.050,3971.857,3723.333,5210.533,4278.360,3672.667,3111.583,3118.080,4039.667,3032.880,3940.760
9010.607,4791.200,3981.829,3730.833,5188.100,4277.360,3666.000,3124.667,3124.360,4003.375,3059.600,3977.160
8922.214,4748.850,3965.057,3702.875,5162.233,4290.800,3646.917,3132.625,3117.000,4032.833,3051.480,3968.880
8811.750,4764.500,3977.486,3671.875,5123.600,4251.600,3546.000,3127.917,3119.880,4021.500,3053.600,3950.880
8793.571,4679.000,3948.457,3696.083,5088.633,4271.400,3559.417,3120.708,3135.120,3986.167,3067.320,3930.160
8792.321,4671.650,3939.200,3687.458,5077.667,4255.200,3470.667,3121.125,3122.160,3960.542,3026.560,3928.960
8783.500,4662.350,3949.200,3677.500,5067.800,4269.320,3470.083,3119.917,3129.600,3976.708,3052.800,3926.720
8791.250,4625.350,3955.343,3699.125,5076.733,4236.640,3430.417,3116.333,3134.240,3967.500,3008.880,3897.160
8870.464,4630.750,3925.629,3669.542,5077.500,4266.320,3424.667,3137.875,3148.400,3920.500,3046.400,3877.560
8915.571,4584.050,3924.371,3693.958,5016.200,4247.400,3421.333,3118.458,3120.800,3935.792,3045.720,3894.960
9012.107,4665.250,3931.029,3666.458,5044.933,4214.400,3401.000,3106.042,3137.160,3938.333,3036.480,3899.240
8956.179,4617.000,3943.514,3674.250,5009.533,4272.040,3397.750,3121.458,3127.760,3951.792,3033.080,3871.400
9004.643,4579.600,3920.486,3678.708,5001.000,4214.280,3375.167,3135.750,3131.320,3939.667,3038.600,3867.600
9108.464,4561.050,3935.857,3677.208,4969.233,4239.520,3361.750,3131.292,3124.120,3945.792,3039.480,3853.800
9095.214,4544.400,3960.143,3677.792,4981.533,4249.440,3378.167,3109.458,3114.680,3898.667,3026.720,3872.160
9119.571,4532.950,3939.428,3685.125,4952.600,4228.280,3374.000,3126.208,3119.960,3912.625,3014.080,3869.920
9130.429,4477.700,3935.572,3674.417,4945.533,4246.720,3374.333,3150.500,3118.760,3904.417,3016.360,3836.400
9201.179,4535.400,3940.286,3677.292,4925.633,4227.600,3371.333,3107.167,3126.080,3880.083,3023.920,3839.760
9219.107,4501.250,3927.657,3658.667,4910.333,4221.040,3335.167,3116.667,3101.200,3843.583,3027.560,3848.200
9272.286,4501.300,3939.428,3660.833,4903.033,4249.440,3338.500,3112.417,3163.120,3851.417,3027.000,3840.080
9314.821,4517.100,3892.343,3674.750,4904.933,4252.920,3319.333,3107.917,3124.440,3864.292,3044.600,3845.480
9303.393,4514.100,3912.857,3664.458,4902.267,4191.960,3365.083,3134.083,3137.720,3840.542,3011.240,3822.960
9273.607,4488.300,3895.371,3672.542,4874.267,4215.520,3341.833,3097.958,3143.760,3843.292,3025.280,3825.400
9264.750,4504.900,3893.743,3660.708,4848.367,4213.040,3347.750,3122.250,3140.720,3804.167,3037.920,3812.640
9181.893,4483.900,3861.600,3636.292,4810.967,4209.720,3343.500,3123.750,3131.840,3821.833,3019.680,3801.640
8977.964,4401.250,3842.343,3614.875,4751.667,4186.800,3310.833,3095.000,3135.760,3782.500,2995.560,3781.040
9107.571,4501.750,3884.686,3642.125,4763.833,4221.200,3312.167,3116.125,3136.560,3803.917,3025.600,3780.000
9087.571,4480.350,3865.286,3659.208,4782.733,4224.280,3354.500,3123.333,3164.200,3806.500,3023.400,3763.640
9090.964,4516.300,3870.629,3617.708,4755.900,4201.160,3329.583,3109.583,3153.000,3820.083,3035.640,3777.960
9056.250,4533.250,3860.657,3625.083,4718.467,4217.440,3354.083,3111.667,3182.520,3799.458,3011.520,3767.760
9085.821,4491.600,3856.229,3633.792,4680.567,4192.280,3292.583,3111.542,3156.040,3788.833,3013.240,3756.280
9153.357,4459.700,3843.857,3618.167,4681.633,4183.720,3321.000,3102.250,3142.000,3785.583,3018.560,3771.360
9201.107,4492.600,3818.914,3649.667,4659.767,4183.800,3290.667,3106.958,3152.280,3770.167,3012.000,3743.000
9207.964,4490.950,3851.143,3643.875,4624.933,4167.000,3318.167,3108.333,3163.240,3771.875,3031.840,3752.000
9186.357,4465.750,3828.428,3621.250,4599.833,4166.120,3288.833,3095.167,3155.560,3753.083,3039.480,3719.400
9207.214,4455.600,3848.457,3604.000,4606.767,4156.080,3285.583,3095.250,3177.560,3748.625,3015.800,3697.440
9291.214,4455.050,3868.286,3615.875,4578.867,4157.400,3300.667,3092.083,3148.120,3758.833,3026.000,3703.680
9387.321,4429.550,3844.600,3599.958,4556.067,4142.520,3276.667,3099.083,3164.680,3726.583,3046.200,3720.000
9533.179,4388.400,3831.000,3600.208,4549.700,4175.680,3273.583,3094.792,3184.200,3724.833,3041.440,3709.600
9564.857,4401.500,3838.000,3595.000,4565.267,4157.920,3281.167,3095.583,3188.240,3735.292,3056.960,3732.880
9643.143,4357.300,3811.000,3590.792,4542.700,4140.000,3252.083,3095.542,3167.440,3697.875,3012.040,3698.720
9539.964,4356.400,3822.600,3621.500,4542.333,4150.920,3263.417,3090.833,3135.000,3710.375,3064.160,3707.200
9580.107,4351.200,3814.428,3596.458,4516.000,4144.360,3282.583,3103.667,3169.440,3702.667,3050.800,3710.080
9517.643,4327.350,3796.829,3587.375,4530.700,4150.840,3257.833,3097.250,3142.760,3707.208,3037.920,3710.520
9347.321,4357.250,3807.829,3568.500,4524.633,4156.720,3249.417,3099.458,3156.560,3715.917,3037.760,3691.200
9356.286,4333.100,3810.886,3591.792,4497.300,4137.640,3252.833,3083.000,3143.520,3676.625,3028.600,3747.720
9301.536,4312.650,3792.314,3610.708,4480.933,4095.920,3246.250,3084.000,3134.880,3679.625,3046.320,3739.960
9214.250,4304.800,3790.629,3592.750,4510.400,4142.960,3262.917,3092.792,3139.920,3648.917,3038.960,3731.880
9226.286,4323.100,3787.286,3592.458,4485.200,4148.360,3198.667,3093.000,3141.400,3617.083,3040.520,3743.920
9204.786,4314.300,3779.743,3591.917,4519.967,4155.920,3246.417,3089.750,3157.960,3617.083,3034.120,3727.880
9261.571,4273.100,3765.971,3583.083,4497.133,4156.720,3199.000,3070.917,3142.360,3617.917,3010.240,3741.680
9175.679,4252.350,3753.457,3574.250,4471.967,4121.920,3206.667,3088.042,3147.400,3613.375,3012.000,3723.800
9122.571,4250.250,3771.457,3601.792,4491.300,4150.240,3232.250,3100.083,3161.480,3608.083,3040.640,3704.480
9191.286,4288.650,3743.114,3579.042,4462.967,4182.520,3194.917,3097.333,3154.120,3606.333,3040.080,3713.280
9319.357,4240.800,3758.143,3590.083,4502.267,4154.240,3167.083,3085.292,3161.160,3583.208,3031.560,3728.440
9400.000,4260.700,3738.057,3577.792,4456.000,4155.120,3200.667,3065.042,3163.480,3596.083,3026.000,3724.840
9425.286,4232.600,3751.572,3588.833,4451.333,4168.520,3198.083,3088.000,3155.960,3609.125,3037.760,3720.440
9534.429,4187.700,3732.143,3579.250,4431.800,4203.040,3213.917,3090.792,3158.960,3607.750,3035.480,3732.520
9606.357,4228.550,3738.457,3571.250,4426.667,4165.040,3179.250,3088.458,3162.280,3582.750,3044.200,3693.720
9604.857,4184.950,3751.029,3601.333,4408.867,4172.160,3167.667,3074.792,3154.440,3594.083,3063.520,3698.760
9752.429,4177.450,3736.686,3601.167,4413.767,4170.480,3180.667,3055.958,3142.920,3604.500,3062.000,3708.480
9750.929,4203.200,3732.886,3601.458,4384.600,4141.760,3165.000,3078.542,3144.720,3597.958,3056.640,3706.120
9674.786,4178.200,3707.200,3603.708,4422.567,4177.920,3173.167,3090.583,3136.600,3561.208,3067.800,3709.960
9742.036,4186.100,3732.800,3576.833,4387.500,4122.880,3188.833,3085.833,3122.480,3586.500,3055.120,3702.040
9741.750,4192.250,3707.457,3585.417,4388.033,4152.400,3177.250,3064.917,3158.880,3575.042,3071.560,3698.640
9789.571,4163.350,3719.428,3588.458,4337.700,4140.880,3146.417,3067.125,3153.240,3596.958,3052.840,3695.160
9759.250,4109.850,3731.200,3575.667,4357.633,4145.440,3183.417,3081.667,3142.280,3594.042,3056.360,3693.960
9803.571,4145.850,3706.343,3597.583,4332.300,4137.440,3148.917,3064.875,3143.480,3584.667,3087.320,3676.000
9850.571,4120.000,3702.143,3565.917,4322.700,4159.800,3169.750,3083.208,3135.840,3590.625,3079.680,3717.840
9864.179,4107.050,3683.428,3571.542,4332.133,4167.680,3154.833,3068.750,3133.160,3597.917,3071.680,3673.640
9855.214,4139.850,3716.371,3584.208,4263.667,4157.600,3125.667,3060.875,3141.560,3600.625,3090.360,3688.840
9853.857,4090.550,3712.400,3602.583,4282.367,4122.520,3111.917,3088.417,3129.640,3574.542,3078.560,3695.280
9787.750,4137.250,3706.629,3598.958,4272.433,4124.440,3150.083,3072.750,3129.960,3583.500,3079.920,3712.160
9849.750,4057.750,3688.800,3573.958,4245.933,4114.600,3170.833,3090.208,3147.600,3585.250,3078.520,3699.640
9684.286,4077.550,3679.771,3570.125,4268.767,4141.920,3144.333,3105.000,3133.080,3606.083,3086.000,3694.440
9585.107,4062.100,3688.857,3584.958,4198.633,4127.200,3179.167,3049.458,3137.160,3598.917,3079.160,3737.960
9522.929,4058.950,3713.857,3554.333,4212.000,4116.160,3193.250,3053.750,3141.360,3591.500,3065.120,3737.760
9604.714,4061.050,3681.286,3577.125,4226.467,4100.440,3184.000,3082.208,3145.120,3598.667,3063.200,3694.560
9694.357,4055.150,3668.143,3573.542,4170.733,4121.280,3148.000,3106.458,3135.640,3574.542,3074.040,3719.560
9854.107,4054.500,3664.457,3553.250,4194.167,4162.800,3162.500,3092.958,3139.440,3585.125,3100.240,3742.240
9899.714,4058.300,3682.371,3545.542,4189.667,4117.480,3152.583,3076.042,3134.520,3594.042,3065.000,3720.720
10016.107,4000.400,3680.257,3577.167,4193.967,4098.000,3118.250,3094.250,3127.920,3578.875,3088.920,3730.640
10093.964,4022.200,3663.857,3568.792,4158.367,4060.640,3147.000,3071.958,3150.720,3554.125,3095.600,3718.600
10037.500,4025.400,3643.943,3551.792,4178.100,4051.600,3152.500,3075.250,3147.240,3585.500,3069.560,3736.560
10125.464,4013.200,3652.514,3563.250,4186.067,4034.280,3166.250,3084.583,3152.560,3573.750,3067.880,3764.280
10122.464,4030.900,3629.428,3558.583,4147.733,4059.960,3164.917,3072.250,3140.640,3587.458,3057.920,3775.480
10213.179,4014.200,3652.428,3606.542,4132.867,4075.160,3174.417,3081.917,3154.360,3604.083,3083.400,3747.440
10188.857,4023.650,3662.600,3576.958,4133.267,4040.960,3153.167,3077.458,3150.040,3576.625,3064.720,3745.880
10244.821,3996.450,3666.572,3578.208,4131.500,4059.520,3156.917,3064.250,3142.160,3576.417,3066.160,3761.000
10370.643,4041.000,3660.171,3617.500,4138.367,4049.280,3139.250,3065.167,3128.120,3547.958,3041.320,3744.920
10465.857,4040.950,3690.686,3583.750,4097.933,4051.360,3150.250,3087.917,3138.960,3588.292,3037.320,3774.400
10521.964,4046.500,3669.686,3588.917,4121.333,4055.200,3147.833,3076.583,3124.480,3561.625,3038.160,3760.760
10476.464,4035.800,3677.943,3566.542,4128.833,4061.400,3172.917,3090.167,3102.600,3578.667,3043.480,3769.320
10406.321,4019.550,3694.971,3591.917,4120.967,4045.760,3177.917,3085.833,3125.920,3567.375,3021.840,3781.760
10379.536,4021.500,3675.257,3571.917,4129.367,4034.160,3152.917,3087.583,3125.480,3583.708,3024.440,3764.840
10285.821,4052.900,3692.086,3584.792,4097.867,4056.960,3158.167,3085.917,3133.280,3596.917,3038.480,3784.800
10221.929,4041.350,3690.600,3578.750,4102.867,4041.400,3174.917,3089.000,3136.280,3596.750,3017.480,3784.600
10201.607,4034.150,3690.286,3575.667,4119.633,4033.960,3159.417,3105.792,3135.640,3591.167,2999.520,3788.560
10177.929,4069.250,3694.400,3564.875,4103.900,4017.600,3167.333,3078.750,3124.600,3574.958,2993.320,3779.480
10153.714,4015.150,3713.428,3552.792,4125.267,4009.600,3157.750,3052.375,3128.760,3599.375,2993.480,3791.520
10215.571,4015.800,3688.629,3574.917,4107.767,4016.680,3151.333,3090.625,3128.560,3603.667,2973.800,3804.960
10368.107,4027.500,3722.714,3564.083,4107.067,4021.680,3149.750,3091.667,3114.000,3602.625,2987.880,3792.360
10456.750,4034.950,3710.343,3594.458,4091.667,4039.160,3154.750,3076.667,3082.480,3606.833,2979.840,3800.360
10386.036,4001.050,3714.971,3570.792,4117.833,3989.800,3184.083,3062.750,3093.880,3626.167,2991.120,3804.800
10399.714,3996.750,3702.514,3596.292,4092.467,4032.040,3165.000,3071.458,3092.640,3613.333,2978.960,3848.200
10460.893,4038.900,3700.086,3580.750,4124.800,4049.360,3185.250,3091.000,3127.280,3602.792,2985.320,3811.440
10572.857,4010.750,3709.514,3581.500,4126.267,4041.040,3185.750,3079.083,3088.160,3592.333,2979.080,3841.720
10641.821,4004.250,3725.143,3558.333,4117.867,4056.160,3154.583,3070.875,3097.080,3588.958,2978.040,3848.160
10703.679,3986.050,3722.029,3573.583,4135.533,4039.000,3160.667,3065.792,3077.560,3582.208,2980.920,3871.240
10835.607,3982.000,3703.114,3597.625,4113.567,4044.240,3142.083,3068.792,3099.800,3592.958,2981.760,3853.400
10879.036,3996.800,3711.514,3592.250,4158.333,4070.160,3182.250,3080.667,3083.360,3573.042,2981.400,3834.200
10936.964,3964.250,3701.143,3560.042,4153.067,4055.680,3161.333,3054.125,3076.080,3568.792,2950.320,3828.960
11026.250,3991.150,3703.428,3574.958,4126.633,4051.760,3146.583,3072.333,3089.120,3580.417,2960.040,3821.480
10947.143,3956.550,3705.657,3572.125,4145.100,4056.760,3152.167,3079.250,3077.280,3550.167,2927.200,3818.200
10964.964,3978.100,3710.629,3568.000,4187.267,4067.760,3172.000,3068.083,3070.600,3540.083,2953.920,3822.200
10964.964,3942.000,3719.686,3575.292,4187.100,4068.080,3205.000,3075.917,3086.040,3567.833,2950.440,3841.680
11126.893,3961.850,3726.000,3567.083,4205.367,4045.760,3191.417,3084.167,3069.640,3560.833,2940.080,3818.160
11185.536,3949.100,3719.029,3567.750,4205.667,4086.800,3168.667,3082.792,3071.520,3553.875,2931.960,3812.480
11163.750,3949.650,3724.714,3576.458,4204.533,4079.400,3164.750,3072.833,3074.240,3565.250,2919.680,3798.920
11246.464,4003.650,3720.572,3595.583,4180.300,4127.120,3167.250,3048.458,3075.200,3524.792,2936.240,3814.040
11221.429,4007.100,3722.029,3556.667,4191.333,4105.800,3189.667,3073.750,3048.960,3520.958,2911.880,3805.960
11219.286,3990.150,3718.200,3600.250,4233.933,4139.600,3172.750,3057.833,3056.040,3547.167,2918.040,3815.680
11167.036,3998.000,3731.457,3588.917,4215.667,4131.880,3184.917,3062.958,3073.760,3503.167,2898.320,3786.800
11097.893,3977.800,3730.657,3576.542,4235.767,4129.960,3174.250,3071.542,3073.640,3521.000,2910.680,3806.440
11019.750,3980.900,3736.457,3573.583,4216.600,4139.480,3172.583,3073.000,3051.400,3504.667,2892.720,3802.760
11062.393,4021.050,3743.600,3590.542,4198.633,4097.720,3199.917,3065.375,3063.920,3518.917,2921.480,3783.360
11000.786,3994.850,3745.486,3591.625,4201.367,4133.280,3182.750,3056.500,3048.920,3518.292,2896.720,3772.480
10949.857,3969.200,3737.686,3583.125,4211.000,4115.160,3185.917,3047.250,3066.840,3515.042,2891.840,3777.600
10946.571,3989.200,3761.143,3573.917,4194.700,4147.000,3212.833,3060.667,3049.880,3518.167,2904.360,3772.040
10923.143,4036.200,3765.257,3596.750,4184.667,4148.000,3204.417,3051.208,3067.880,3521.167,2906.080,3794.120
10994.893,4006.250,3768.800,3579.917,4175.100,4119.000,3132.083,3039.417,3055.040,3500.500,2902.720,3777.360
11115.321,4013.950,3772.000,3587.833,4152.833,4143.920,3202.667,3075.250,3040.080,3514.000,2916.760,3789.600
11111.929,4005.400,3757.428,3589.542,4163.300,4118.400,3174.167,3064.875,3047.360,3520.458,2933.520,3786.200
11171.857,4010.000,3747.343,3592.458,4184.467,4089.720,3159.833,3037.708,3050.760,3519.542,2930.760,3791.880
11183.286,4012.200,3773.029,3575.583,4165.333,4094.080,3149.333,3041.750,3053.040,3522.250,2934.560,3795.440
11253.607,4024.950,3756.229,3582.500,4174.867,4095.720,3182.500,3073.708,3043.200,3519.292,2889.200,3793.600
11276.857,4011.600,3761.886,3578.333,4161.733,4077.960,3157.917,3073.917,3043.000,3518.833,2928.720,3805.240
11320.571,4014.650,3750.886,3582.875,4170.267,4086.120,3175.833,3075.875,3057.840,3531.542,2912.120,3800.320
11293.214,4042.700,3747.086,3584.333,4177.100,4106.240,3159.000,3073.833,3059.080,3511.750,2931.120,3811.320
11234.893,4035.700,3758.457,3577.958,4148.733,4124.800,3197.333,3079.500,3052.880,3495.958,2948.720,3826.800
11192.357,4049.200,3722.457,3558.625,4154.167,4127.720,3204.500,3066.667,3052.200,3510.500,2923.040,3846.240
11283.393,4031.050,3759.428,3569.167,4145.833,4107.440,3185.750,3073.167,3042.760,3505.375,2939.920,3813.640
11237.750,4095.450,3750.857,3573.083,4145.667,4090.240,3198.417,3052.667,3048.240,3514.875,2944.240,3826.640
11213.607,4048.300,3761.057,3585.958,4136.867,4066.680,3218.917,3065.625,3032.360,3507.458,2939.640,3846.840
11153.250,4049.200,3766.286,3578.500,4130.100,4066.320,3250.917,3028.667,3031.800,3541.625,2952.160,3814.560
11156.286,4083.900,3759.457,3553.583,4109.667,4045.040,3217.083,3058.792,3028.680,3531.625,2940.400,3823.760
11186.250,4099.950,3752.600,3592.208,4133.933,4063.480,3213.750,3080.583,3046.720,3542.792,2936.840,3819.280
11261.714,4073.550,3771.686,3590.667,4098.533,4044.280,3193.500,3064.042,3035.960,3528.500,2930.840,3822.960
11279.036,4069.800,3765.600,3596.875,4105.700,4049.800,3199.250,3063.917,3053.600,3525.750,2926.240,3818.080
11213.214,4064.750,3773.457,3579.250,4106.333,4053.680,3186.083,3061.750,3048.280,3517.333,2943.040,3826.040
11213.321,4038.050,3758.314,3561.708,4102.967,4053.040,3181.583,3066.583,3041.280,3540.542,2927.360,3828.120
11329.107,4024.000,3764.543,3558.917,4083.733,4016.320,3213.583,3059.292,3042.080,3574.625,2937.360,3793.440
11334.893,4090.350,3771.314,3553.792,4100.733,4059.160,3217.417,3058.958,3023.360,3556.833,2956.640,3805.240
11252.429,4041.650,3782.314,3532.667,4078.500,4046.960,3273.500,3069.667,3023.680,3530.375,2958.920,3810.360
11321.250,4071.950,3772.857,3564.292,4079.100,4041.440,3212.333,3058.667,3015.000,3532.042,2973.480,3824.920
11391.571,4081.850,3752.343,3553.292,4089.867,4063.840,3241.917,3059.500,3035.480,3526.042,2968.600,3811.640
11374.643,4048.650,3769.400,3551.958,4080.767,4036.760,3206.417,3052.292,3030.920,3536.875,2956.320,3828.360
11335.679,4034.200,3757.200,3555.458,4090.667,4084.960,3236.667,3054.417,3028.000,3527.042,2945.160,3814.680
11419.893,4079.400,3771.229,3561.042,4078.167,4066.440,3244.917,3029.583,3038.000,3558.792,2953.600,3873.520
11396.929,4100.400,3770.371,3557.625,4113.800,4069.600,3239.000,3051.958,3043.320,3536.417,2950.840,3828.480
11335.821,4066.450,3761.829,3549.833,4132.000,4050.880,3221.750,3048.167,3059.480,3514.875,2955.920,3877.680
11302.179,4061.750,3762.171,3531.958,4119.267,4052.040,3186.083,3057.208,3032.160,3529.917,2985.560,3837.560
11147.821,4059.250,3778.314,3553.000,4115.333,4061.400,3184.417,3049.292,3008.960,3509.083,2939.720,3868.240
11053.071,4040.900,3778.829,3544.917,4125.533,4062.600,3240.000,3075.375,3033.320,3533.833,2964.400,3860.720
10930.821,4027.800,3775.971,3559.417,4124.500,4044.360,3255.583,3051.208,3034.320,3526.708,2952.880,3895.200
10841.571,4064.700,3800.657,3542.750,4109.467,4059.320,3210.500,3061.583,3027.560,3499.417,2961.680,3917.480
10801.893,4033.700,3804.686,3563.208,4097.533,4056.400,3219.750,3075.292,3036.960,3522.042,2959.360,3925.040
10715.750,4054.850,3796.314,3546.292,4147.100,4064.200,3196.750,3066.250,3049.760,3499.667,2952.800,3914.440
10661.286,4054.200,3819.314,3559.917,4114.600,4059.520,3254.417,3057.083,3060.840,3510.125,2960.040,3923.280
10653.071,4047.950,3812.572,3569.208,4154.700,4081.840,3239.500,3064.750,3056.880,3521.042,2969.640,3925.560
10559.750,4035.000,3827.971,3556.625,4148.100,4064.720,3251.083,3072.958,3048.520,3506.292,2975.480,3910.080
10417.536,4047.900,3826.914,3564.917,4137.133,4058.600,3237.750,3060.542,3020.880,3487.208,2964.480,3908.960
10394.679,4012.400,3808.971,3560.083,4107.567,4045.240,3256.000,3070.625,3034.080,3507.625,2954.120,3897.600
10357.893,4011.500,3834.086,3529.375,4100.533,4048.040,3240.583,3077.333,3039.440,3490.000,2980.960,3917.120
10277.214,4083.000,3833.914,3522.292,4155.233,4034.840,3284.917,3063.792,3040.120,3491.875,2971.480,3924.120
10219.821,4045.550,3835.743,3513.583,4129.133,3996.520,3279.167,3069.458,3049.880,3510.875,2972.720,3940.320
10234.786,4079.350,3805.029,3525.042,4138.267,3981.960,3282.667,3070.208,3032.680,3509.500,2957.240,3942.840
10177.429,4081.150,3810.514,3514.833,4135.600,3979.120,3279.917,3053.708,3047.240,3514.792,2973.760,3948.240
10093.964,4051.200,3823.771,3536.167,4161.533,4007.120,3279.583,3053.208,3024.080,3485.583,2966.280,3941.960
10102.786,4050.750,3832.314,3510.500,4184.467,4016.720,3270.667,3046.417,3034.880,3487.917,2990.560,3975.440
10045.964,4025.600,3852.029,3505.833,4164.067,4001.000,3272.333,3071.958,3039.640,3491.042,2982.000,3986.280
10031.786,4034.950,3832.600,3515.583,4172.400,3998.520,3266.500,3060.417,3043.160,3515.167,2963.520,3980.640
10033.607,4028.600,3812.114,3508.292,4198.267,3994.880,3282.083,3053.458,3042.920,3474.667,3025.720,3965.000
9929.821,4051.950,3834.629,3518.583,4183.933,3978.000,3269.583,3058.042,3045.240,3515.042,2991.840,4016.960
9898.071,4034.300,3794.057,3539.750,4192.167,3969.440,3300.667,3047.875,3042.160,3504.375,3007.400,3982.760
9826.000,4054.450,3828.086,3489.333,4175.300,3995.880,3269.750,3047.167,3039.720,3510.125,2989.760,4006.440
9799.571,4048.600,3784.486,3495.500,4210.900,3964.680,3269.167,3056.792,3041.040,3485.167,3044.200,4022.440
9812.643,3986.500,3802.829,3506.417,4233.600,3989.280,3286.917,3060.250,3042.760,3506.958,3055.400,4042.600
9788.393,4048.900,3823.857,3531.208,4239.967,3988.040,3263.000,3066.167,3044.280,3474.958,3064.560,4034.320
9723.571,4000.600,3815.143,3520.875,4272.967,3975.440,3231.500,3056.708,3062.680,3480.250,3033.800,4007.680
9727.821,4031.400,3843.143,3496.417,4241.833,3964.400,3244.667,3085.708,3036.480,3495.208,3070.320,4043.120
9712.071,4004.450,3805.600,3506.625,4276.633,3955.600,3263.250,3046.083,3074.360,3472.583,3062.240,4025.000
9679.679,4012.150,3824.457,3493.875,4331.467,3963.320,3274.500,3067.458,3060.080,3483.083,3098.000,4009.720
9576.214,4008.600,3824.800,3498.583,4337.867,3946.040,3254.667,3044.875,3072.280,3491.042,3086.880,4002.520
9603.036,4003.850,3812.143,3485.500,4308.500,3934.800,3247.417,3061.333,3045.000,3497.083,3083.440,4018.680
9522.893,4036.550,3819.457,3507.500,4317.267,3937.880,3216.333,3046.042,3085.880,3455.500,3091.920,4034.360
9569.607,4050.600,3843.229,3504.000,4327.433,3941.880,3280.417,3053.208,3065.000,3473.083,3109.880,3998.360
9568.214,4067.550,3831.000,3524.833,4343.233,3929.240,3286.417,3063.250,3070.440,3469.917,3135.840,4021.200
9613.893,4082.850,3870.800,3510.917,4380.367,3993.160,3259.250,3066.792,3111.040,3468.208,3154.520,4027.200
9546.321,4098.400,3869.971,3502.500,4364.233,3955.520,3246.083,3066.583,3081.600,3460.500,3146.880,4021.680
9439.929,4109.300,3864.000,3480.833,4393.867,3930.480,3246.750,3061.458,3092.640,3439.333,3158.320,4023.000
9395.500,4124.450,3866.771,3506.375,4399.467,3939.320,3262.583,3040.917,3087.960,3454.542,3159.800,4053.120
9378.536,4091.500,3875.857,3470.917,4418.233,3936.200,3273.667,3064.833,3075.840,3493.375,3158.800,4067.800
9335.536,4071.850,3854.057,3508.292,4431.133,3927.840,3226.583,3039.875,3082.200,3462.250,3171.520,4079.440
9249.571,4059.700,3854.514,3491.750,4423.200,3965.760,3268.917,3061.375,3069.040,3474.667,3170.120,4154.480
9177.500,4107.600,3879.886,3505.333,4461.767,3923.600,3267.917,3048.958,3069.520,3473.125,3164.520,4125.720
9137.821,4061.550,3842.657,3484.417,4467.900,3936.040,3267.500,3042.542,3045.040,3481.375,3207.800,4153.520
9126.286,4087.250,3851.629,3476.750,4511.067,3887.120,3246.250,3046.667,3059.760,3465.542,3209.320,4165.080
9029.893,4113.300,3866.572,3476.417,4510.300,3900.880,3266.333,3069.500,3073.400,3486.250,3196.320,4192.720
8972.464,4075.450,3828.629,3468.250,4527.667,3887.640,3294.500,3052.000,3068.360,3478.375,3220.760,4196.200
8924.000,4086.000,3858.914,3474.708,4517.400,3905.600,3276.500,3043.958,3051.720,3479.292,3234.880,4221.440
8895.214,4089.600,3863.686,3488.333,4485.767,3886.840,3276.417,3051.333,3047.840,3500.708,3197.880,4226.560
8849.714,4091.900,3864.314,3492.125,4473.033,3866.680,3277.750,3041.667,3060.480,3483.333,3210.200,4214.200
8964.500,4099.350,3878.857,3502.708,4521.067,3868.360,3303.750,3060.458,3055.880,3465.792,3237.280,4261.880
8969.143,4096.950,3872.343,3478.417,4495.067,3868.280,3308.833,3069.917,3045.960,3489.125,3238.400,4262.600
8992.536,4126.100,3856.514,3471.375,4478.333,3869.800,3269.500,3055.042,3028.320,3480.458,3227.000,4268.320
9091.143,4114.600,3880.800,3497.375,4495.300,3855.880,3291.083,3028.875,3062.600,3476.792,3226.360,4261.640
9090.536,4163.300,3884.514,3488.500,4508.200,3872.800,3256.417,3057.583,3058.480,3476.125,3232.280,4276.640
9060.786,4124.550,3928.629,3500.417,4510.633,3857.680,3289.417,3038.000,3042.000,3458.000,3212.280,4277.680
9100.964,4129.700,3906.857,3492.750,4511.867,3872.000,3282.583,3048.000,3019.680,3477.625,3259.200,4246.360
9097.393,4173.700,3944.914,3467.667,4490.433,3845.160,3276.250,3058.042,3024.320,3455.250,3235.160,4228.640
9006.857,4105.200,3894.200,3492.292,4517.833,3853.920,3260.417,3058.125,3029.480,3432.292,3255.480,4221.160
8939.464,4123.050,3891.971,3490.500,4491.367,3843.520,3290.833,3043.667,3024.360,3452.250,3237.160,4241.840
8918.250,4088.350,3888.686,3491.958,4499.633,3817.800,3328.333,3048.708,3031.200,3459.875,3243.000,4228.480
8949.643,4139.950,3906.229,3485.500,4515.600,3836.040,3298.000,3038.917,3030.000,3466.208,3244.120,4235.520
8906.429,4092.350,3901.514,3496.375,4522.767,3799.160,3318.250,3044.917,3050.400,3440.167,3226.480,4246.240
8934.786,4110.450,3909.114,3481.375,4522.833,3821.160,3369.667,3055.542,3055.880,3442.208,3239.640,4233.600
8940.857,4123.750,3897.000,3499.667,4531.667,3835.800,3358.167,3042.458,3022.880,3457.542,3209.320,4264.200
8975.714,4124.550,3892.657,3501.000,4558.100,3819.000,3338.583,3049.458,3032.400,3480.292,3180.880,4268.360
8941.786,4196.750,3901.857,3473.458,4533.767,3840.680,3386.500,3045.458,3027.880,3462.417,3221.520,4272.920
8958.821,4152.550,3920.943,3492.292,4545.533,3819.240,3416.667,3028.958,3036.800,3460.792,3218.840,4290.000
8969.071,4157.350,3926.886,3458.125,4549.933,3830.880,3383.750,3039.417,3030.720,3476.000,3215.200,4332.320
9014.857,4159.450,3909.629,3473.083,4556.100,3845.960,3371.583,3020.708,3032.800,3496.125,3211.800,4364.840
9011.929,4150.800,3927.829,3468.250,4570.767,3803.120,3388.000,3042.333,3027.920,3509.750,3213.320,4370.120
8958.393,4203.350,3947.286,3493.375,4570.167,3805.480,3351.167,3018.667,3038.440,3476.167,3215.720,4393.560
8915.393,4230.450,3948.886,3506.917,4604.133,3829.720,3409.333,3034.500,3051.160,3496.250,3220.520,4426.000
8989.929,4209.150,3981.657,3509.750,4607.600,3822.800,3414.917,3060.250,3036.080,3498.042,3203.560,4403.640
8999.643,4255.950,3954.572,3504.958,4607.567,3798.080,3370.417,3044.292,3053.520,3478.917,3196.240,4413.000
9113.571,4235.200,3981.886,3513.125,4626.000,3837.040,3376.917,3012.500,3042.920,3483.208,3210.800,4416.400
9102.786,4252.350,4003.600,3511.125,4628.233,3803.040,3407.500,2995.167,3063.400,3477.250,3196.600,4432.440
9122.714,4255.750,3973.971,3518.083,4644.500,3789.760,3418.833,3023.167,3053.200,3468.250,3172.360,4430.000
9120.893,4227.000,3975.057,3529.667,4660.867,3797.840,3380.583,3023.292,3033.040,3458.250,3172.080,4431.800
9182.179,4228.700,4014.486,3486.458,4649.400,3791.040,3404.250,3010.417,3061.240,3452.292,3208.600,4420.320
9175.750,4283.400,4017.800,3509.500,4624.467,3759.440,3389.083,3024.250,3037.520,3443.000,3191.120,4472.240
9196.643,4307.700,4034.543,3512.875,4639.800,3770.640,3397.333,3020.417,3037.040,3447.250,3200.520,4435.600
9256.429,4335.900,4046.171,3497.458,4611.700,3768.760,3428.167,3021.083,3064.000,3443.125,3224.600,4473.520
9259.393,4354.300,4050.086,3504.750,4633.600,3764.800,3395.333,3010.292,3055.200,3431.625,3227.800,4485.000
9214.679,4318.250,4047.686,3509.042,4613.933,3776.240,3442.083,3036.208,3052.840,3455.375,3252.080,4516.240
9226.107,4336.850,4090.000,3507.625,4589.000,3798.000,3484.333,3052.917,3062.320,3438.708,3241.160,4497.200
9208.071,4359.450,4085.886,3503.125,4595.667,3806.600,3482.417,2994.042,3049.920,3460.250,3264.240,4536.200
9191.964,4315.800,4081.600,3516.500,4585.767,3819.360,3497.333,3038.500,3060.480,3432.583,3249.440,4518.760
9223.750,4340.250,4122.857,3514.375,4596.400,3817.680,3523.833,3022.250,3048.280,3432.667,3273.560,4558.680
9263.571,4299.750,4124.600,3512.875,4639.367,3800.560,3501.333,3042.375,3035.080,3424.000,3255.600,4543.760
9238.786,4367.350,4136.143,3503.500,4641.833,3843.800,3490.917,3017.958,3038.720,3414.167,3243.720,4580.640
9167.536,4320.100,4109.857,3553.917,4609.733,3808.080,3508.333,3020.417,3017.240,3394.167,3246.640,4549.120
9122.036,4322.400,4121.486,3529.125,4613.533,3843.520,3521.083,3040.000,3033.520,3426.417,3236.840,4573.320
9020.893,4353.950,4137.000,3531.292,4613.300,3837.040,3495.750,3033.167,3043.560,3418.750,3265.600,4584.200
9031.393,4345.900,4143.600,3534.458,4641.000,3831.520,3497.500,3022.917,3024.600,3440.958,3253.600,4603.520
8985.214,4320.900,4109.800,3539.542,4619.667,3837.720,3537.917,3019.500,3029.640,3431.375,3251.160,4599.840
8971.964,4319.700,4134.000,3549.458,4647.800,3831.840,3537.500,3036.792,3017.800,3453.042,3252.880,4631.000
9006.643,4311.250,4131.400,3523.708,4619.867,3820.160,3506.667,3038.542,3023.600,3411.750,3251.920,4624.440
9011.821,4336.350,4107.628,3561.042,4649.233,3822.200,3496.750,3013.875,3011.560,3429.500,3258.560,4631.200
8975.964,4327.900,4093.114,3545.458,4678.433,3832.240,3474.750,3024.833,3028.160,3455.250,3275.360,4662.440
8954.000,4344.750,4089.743,3547.708,4707.667,3809.440,3518.917,3029.000,3024.240,3429.375,3259.240,4645.680
8848.143,4306.500,4116.657,3564.333,4690.567,3821.760,3497.583,3040.250,3017.440,3453.167,3265.160,4698.760
8894.607,4288.800,4076.400,3558.750,4672.833,3804.440,3483.167,3019.542,3007.280,3417.125,3266.080,4732.880
8805.679,4298.850,4099.800,3564.083,4693.667,3816.480,3524.500,3047.292,3008.800,3451.375,3289.880,4759.800
8795.036,4287.550,4077.829,3578.292,4705.400,3804.360,3487.583,2997.833,3034.080,3449.375,3268.080,4753.240
8794.893,4301.600,4101.200,3565.833,4700.633,3800.120,3489.583,3035.208,3010.440,3444.000,3244.960,4753.280
8752.464,4332.500,4056.600,3579.708,4735.100,3798.240,3525.833,3030.792,3005.120,3464.250,3258.920,4779.320
8792.571,4293.350,4042.400,3601.458,4772.533,3774.960,3492.917,3029.667,3006.400,3479.583,3254.120,4802.960
8827.393,4316.100,4034.943,3593.250,4718.767,3801.680,3493.083,3043.417,3031.240,3453.167,3251.800,4803.880
8797.429,4318.900,4062.343,3576.583,4733.300,3795.920,3516.333,3042.917,3017.560,3451.042,3251.280,4786.240
8849.571,4324.800,4073.086,3583.833,4718.600,3783.840,3526.583,3019.500,3022.480,3449.208,3246.160,4799.000
8828.679,4298.200,4025.914,3597.417,4728.133,3777.160,3540.250,3058.292,3016.240,3459.875,3248.200,4860.960
8803.571,4304.950,4034.514,3606.667,4741.267,3788.680,3458.417,3052.875,3035.040,3452.375,3263.040,4868.480
8780.036,4297.650,4061.229,3607.542,4744.233,3781.480,3490.333,3026.375,3027.600,3457.417,3270.200,4840.200
8673.143,4271.950,4048.229,3600.000,4742.533,3802.000,3507.500,3031.750,3033.200,3444.708,3265.920,4892.640
8588.250,4278.900,4042.086,3602.167,4758.100,3769.720,3518.667,3043.208,3037.200,3456.208,3259.720,4880.760
8481.357,4286.400,4038.114,3589.708,4766.500,3761.920,3500.750,3017.625,3037.760,3469.542,3297.040,4885.840
8394.214,4269.700,4032.000,3580.167,4799.433,3746.720,3471.250,3022.708,3040.480,3489.542,3301.720,4883.240
8380.607,4276.450,4015.371,3592.583,4809.367,3771.400,3458.250,3011.042,3054.640,3498.667,3312.960,4926.600
8299.929,4252.500,4028.829,3616.542,4807.367,3750.680,3518.833,3026.083,3052.600,3497.792,3308.920,4919.480
8184.464,4268.650,4034.029,3580.250,4821.367,3763.560,3514.917,3033.833,3047.160,3470.333,3329.800,4938.480
8101.929,4268.300,4021.686,3601.208,4800.033,3727.200,3494.917,3030.750,3064.600,3483.667,3364.920,4935.800
8010.464,4292.600,4002.143,3595.292,4827.033,3757.360,3491.250,3013.292,3049.840,3477.792,3336.240,4926.720
7953.679,4275.400,4005.086,3590.000,4812.000,3758.600,3500.167,3027.667,3064.200,3488.792,3333.920,4920.600
7904.536,4259.250,3995.057,3599.167,4818.433,3746.120,3481.750,3032.792,3063.880,3493.125,3352.720,4944.760
7873.821,4297.250,3988.286,3595.083,4812.433,3709.160,3486.833,3034.042,3075.520,3490.417,3362.360,4909.840
7800.714,4276.250,4003.371,3572.208,4820.867,3724.440,3497.750,3040.583,3068.520,3475.250,3364.160,4904.560
7678.500,4251.400,3987.343,3575.458,4834.267,3711.200,3468.250,3037.625,3073.000,3497.208,3375.520,4912.240
7656.000,4256.800,3992.000,3571.833,4838.467,3721.080,3468.333,3012.000,3069.120,3488.000,3368.280,4872.160
7642.393,4255.100,4002.486,3568.583,4821.200,3741.280,3491.333,3043.375,3081.920,3484.208,3383.720,4903.520
7665.964,4217.350,4004.486,3586.250,4851.467,3700.840,3516.500,3063.042,3061.680,3508.292,3381.320,4890.760
7682.250,4263.500,3971.229,3578.708,4840.233,3729.600,3499.750,3042.542,3078.640,3480.417,3371.520,4883.040
7698.429,4255.850,4003.514,3547.417,4873.667,3744.080,3526.833,3041.875,3093.880,3499.667,3355.840,4906.440
7760.893,4262.100,3981.029,3548.625,4844.433,3721.160,3504.500,3041.792,3087.200,3497.833,3377.440,4901.880
7779.179,4269.350,4015.086,3547.583,4857.067,3730.160,3517.167,3062.583,3089.400,3501.958,3376.440,4922.280
7760.107,4254.150,4003.371,3580.000,4850.100,3748.560,3502.750,3045.458,3066.200,3503.625,3363.680,4933.120
7819.393,4229.250,4008.629,3559.000,4896.967,3723.680,3520.500,3050.042,3089.840,3506.125,3361.200,4948.760
7779.857,4228.600,3985.143,3557.708,4910.933,3732.760,3541.250,3047.125,3089.400,3489.542,3340.840,4932.200
7779.214,4230.150,3993.943,3573.958,4956.533,3753.560,3532.083,3025.875,3092.560,3478.500,3359.440,4966.560
7811.214,4245.200,4006.343,3554.750,4920.000,3751.760,3515.083,3053.667,3073.800,3535.958,3370.520,5011.080
7864.857,4238.300,4007.600,3557.208,4944.833,3728.440,3562.750,3055.750,3072.080,3503.083,3350.920,4983.120
7741.036,4251.150,3998.400,3565.500,4933.167,3739.840,3536.833,3053.917,3062.840,3523.875,3349.920,5001.680
7713.393,4246.050,4002.686,3588.250,4939.633,3760.600,3500.833,3064.167,3087.120,3523.167,3335.760,4984.520
7719.464,4226.700,4010.514,3568.250,4935.367,3771.680,3550.917,3054.958,3083.160,3525.000,3365.560,5023.000
7691.464,4233.850,3982.314,3569.500,4965.667,3783.000,3557.500,3060.333,3088.640,3503.583,3343.600,5034.520
7585.107,4219.750,3993.686,3573.500,4962.500,3767.280,3594.750,3070.667,3092.520,3519.375,3367.400,5009.520
7569.679,4214.550,3973.543,3583.250,4959.367,3790.640,3583.250,3076.708,3093.600,3543.708,3360.120,5034.120
7538.464,4229.650,3968.514,3557.625,4975.833,3780.680,3567.750,3037.917,3102.120,3535.750,3353.320,5055.120
7480.500,4196.800,3980.000,3568.042,4950.433,3785.760,3584.250,3065.333,3095.880,3567.083,3352.080,4995.160
7445.821,4221.600,3967.371,3552.458,4932.667,3819.960,3569.417,3044.500,3099.240,3582.875,3339.680,4991.000
7392.929,4151.800,3976.371,3577.625,4941.367,3833.400,3583.167,3037.667,3116.400,3585.500,3376.200,4961.520
7436.321,4166.850,3950.914,3590.708,4918.267,3835.120,3566.000,3046.958,3113.280,3597.167,3374.120,4987.280
7371.571,4181.350,3939.229,3535.417,4922.033,3826.880,3569.083,3056.667,3126.800,3596.375,3339.960,4928.080
7297.143,4173.700,3923.200,3598.167,4923.533,3834.960,3567.500,3065.375,3115.280,3631.792,3341.160,4920.040
7287.143,4178.800,3937.543,3559.667,4939.267,3858.760,3574.583,3051.958,3120.440,3608.417,3370.840,4935.240
7187.679,4147.650,3925.143,3599.625,4923.000,3864.600,3585.417,3041.750,3137.280,3653.417,3361.640,4961.760
7164.571,4148.700,3925.771,3559.292,4970.667,3849.160,3570.583,3071.417,3107.840,3667.000,3379.040,4926.440
7107.964,4135.750,3907.086,3569.792,4975.133,3844.760,3583.333,3053.042,3116.880,3704.208,3360.920,4946.920
7072.393,4137.650,3922.314,3593.333,4965.600,3829.840,3592.000,3063.583,3117.040,3671.625,3360.240,4954.560
7023.821,4102.400,3889.114,3543.958,4971.067,3837.000,3550.500,3058.667,3088.000,3710.542,3371.160,4938.920
7049.179,4121.800,3884.428,3569.958,5000.100,3810.040,3554.417,3069.292,3085.480,3691.458,3379.880,4923.680
7049.821,4103.400,3878.771,3563.958,5007.967,3804.760,3533.417,3037.167,3097.400,3699.667,3383.800,4893.960
6996.571,4112.050,3893.829,3572.625,5036.133,3828.160,3562.667,3066.042,3113.760,3730.083,3376.480,4862.240
6958.536,4130.250,3900.229,3583.833,5006.000,3814.840,3555.833,3059.083,3090.600,3706.958,3366.080,4906.480
6933.571,4104.900,3883.143,3543.542,4998.567,3810.800,3560.833,3060.292,3072.200,3728.250,3358.400,4876.720
6875.893,4094.550,3896.857,3541.083,5005.700,3802.320,3562.500,3057.917,3085.760,3720.583,3354.080,4888.800
6772.000,4098.900,3890.000,3568.708,5012.367,3809.480,3525.083,3056.542,3066.640,3719.292,3347.000,4858.440
6790.571,4099.150,3888.743,3552.000,5033.200,3803.000,3568.833,3060.583,3089.480,3723.500,3350.320,4887.080
6687.000,4092.450,3926.400,3546.250,5033.967,3821.880,3540.667,3072.083,3075.040,3700.125,3344.560,4838.840
6641.071,4105.050,3900.428,3534.750,5012.933,3813.400,3561.250,3067.292,3092.320,3737.708,3325.160,4840.880
6599.107,4107.150,3917.286,3530.667,5023.867,3828.360,3532.417,3052.208,3081.880,3721.500,3341.160,4788.800
6606.786,4092.900,3930.572,3522.417,5030.067,3826.280,3560.750,3049.167,3080.440,3719.583,3323.520,4833.560
6516.179,4065.300,3913.572,3521.333,5041.567,3819.000,3514.583,3049.333,3062.880,3758.083,3292.880,4832.400
6490.929,4096.650,3959.400,3515.250,5025.767,3829.440,3562.583,3050.292,3074.360,3762.708,3307.000,4803.640
6514.429,4048.450,3950.657,3521.917,5029.867,3825.280,3565.083,3054.667,3098.160,3776.250,3282.600,4790.280
6521.571,4034.950,3954.800,3502.792,5026.167,3862.440,3560.500,3054.542,3083.600,3772.833,3289.960,4792.440
6517.821,4038.900,3931.743,3550.375,4997.567,3872.720,3547.667,3065.042,3079.400,3754.167,3294.920,4757.880
6583.071,4056.950,3956.914,3517.250,5022.933,3871.120,3551.500,3053.500,3093.960,3742.917,3282.400,4725.400
6557.250,4061.250,3952.829,3512.042,5005.467,3861.400,3581.000,3056.375,3088.840,3756.667,3278.960,4772.840
6549.571,4078.400,3949.600,3512.125,5012.433,3870.840,3544.000,3083.375,3099.720,3785.958,3279.640,4692.960
6571.321,4063.700,3937.314,3540.458,4970.467,3862.520,3568.750,3060.875,3106.520,3725.458,3281.520,4693.920
6584.321,4105.650,3956.343,3548.292,4973.500,3842.680,3550.750,3052.500,3089.960,3751.042,3300.720,4672.720
6566.893,4093.950,3962.857,3506.167,4974.667,3863.600,3562.417,3051.292,3106.480,3740.417,3310.720,4684.440
6517.821,4113.650,3953.743,3523.875,4929.100,3840.560,3529.667,3046.083,3080.080,3741.917,3299.400,4699.440
6520.750,4102.700,3945.457,3504.458,4928.100,3872.480,3552.667,3040.167,3108.000,3728.833,3314.920,4688.200
6550.750,4096.000,3944.943,3542.667,4908.000,3863.960,3587.417,3023.625,3103.840,3722.583,3314.400,4669.520
6604.429,4077.500,3940.086,3553.875,4905.200,3877.960,3601.750,3058.500,3092.160,3726.833,3346.400,4671.680
6619.143,4100.600,3922.886,3544.792,4943.633,3865.120,3607.167,3063.792,3095.880,3710.333,3348.280,4666.960
6607.536,4120.200,3911.886,3516.167,4888.000,3880.920,3612.417,3039.208,3112.200,3732.375,3363.680,4672.040
6620.643,4128.650,3906.600,3542.625,4895.733,3890.640,3602.417,3053.500,3090.400,3742.833,3361.560,4628.480
6682.643,4105.100,3912.171,3558.917,4929.933,3895.600,3578.667,3062.542,3089.000,3752.458,3370.240,4639.040
6654.821,4120.850,3902.229,3532.333,4910.033,3908.280,3607.583,3074.458,3076.080,3735.250,3356.400,4640.680
6691.000,4119.400,3889.400,3546.042,4927.100,3916.680,3616.583,3071.292,3080.080,3750.375,3343.560,4650.800
6591.607,4124.000,3877.171,3549.542,4921.733,3935.080,3605.417,3050.917,3065.560,3740.750,3367.880,4614.560
6550.393,4074.300,3899.371,3522.875,4910.833,3948.600,3595.083,3069.167,3062.400,3744.042,3369.840,4624.800
6546.357,4132.150,3919.771,3539.500,4907.033,3952.600,3581.750,3066.625,3075.080,3750.250,3387.120,4633.880
6462.179,4137.500,3898.600,3499.708,4887.867,3951.920,3588.500,3058.833,3079.400,3744.208,3377.000,4599.040
6455.964,4124.400,3907.629,3516.083,4899.733,3975.560,3626.833,3051.417,3054.640,3724.958,3398.680,4593.200
6435.250,4099.450,3910.343,3497.792,4897.767,3972.520,3656.667,3042.167,3076.400,3723.708,3407.320,4567.960
6474.286,4103.400,3921.286,3526.625,4880.600,3999.520,3640.333,3069.500,3079.800,3766.792,3396.720,4573.360
6427.750,4124.050,3901.457,3518.458,4881.733,3970.320,3615.333,3060.375,3066.720,3758.333,3376.680,4592.200
6373.107,4107.700,3904.229,3499.833,4837.700,3924.960,3628.500,3035.083,3075.280,3722.667,3374.240,4542.360
6332.500,4088.050,3910.857,3508.333,4789.567,3915.840,3621.583,3041.250,3070.800,3704.417,3424.800,4562.680
6339.643,4127.750,3907.829,3501.292,4821.500,3908.720,3600.000,3048.792,3045.440,3692.542,3433.560,4559.520
6328.464,4132.050,3936.686,3511.125,4776.933,3939.840,3606.333,3058.208,3075.360,3706.917,3423.240,4534.640
6321.036,4104.750,3862.086,3504.417,4763.233,3905.240,3576.000,3052.542,3056.240,3733.000,3448.360,4534.200
6325.607,4114.700,3917.171,3500.708,4788.933,3961.160,3609.750,3045.083,3072.560,3731.958,3490.600,4534.800
6367.821,4093.700,3917.514,3518.750,4760.600,3963.480,3626.000,3023.917,3050.720,3752.250,3490.760,4547.720
6428.964,4121.700,3915.257,3520.708,4735.833,3952.880,3598.917,3031.333,3068.800,3693.667,3536.560,4554.560
6464.679,4145.500,3920.400,3495.542,4726.000,3969.840,3600.500,3036.042,3071.960,3724.125,3574.000,4557.040
6525.607,4161.250,3917.800,3505.375,4709.233,3978.000,3640.000,3045.458,3093.280,3719.708,3598.680,4573.360
6497.821,4171.900,3947.743,3507.083,4695.467,3960.120,3614.417,3032.667,3064.000,3713.917,3636.880,4579.240
6571.321,4212.400,3936.857,3493.958,4691.167,3954.960,3654.083,3025.125,3081.240,3741.583,3646.600,4589.880
6600.357,4222.900,3940.143,3495.667,4674.867,3942.880,3663.417,3041.833,3051.680,3766.625,3680.240,4592.720
6655.321,4262.800,3961.400,3485.083,4668.333,3959.680,3638.000,3029.333,3049.480,3719.583,3675.400,4618.560
6681.214,4251.350,3977.800,3482.458,4696.467,3962.120,3666.667,3052.708,3042.160,3725.125,3705.240,4602.280
6697.000,4313.700,3959.057,3505.333,4652.700,3944.560,3640.500,3020.125,3056.880,3734.375,3706.440,4616.920
6744.571,4366.200,3958.200,3473.208,4678.200,3934.280,3623.417,3043.375,3047.760,3751.917,3675.360,4576.720
6793.786,4407.100,3944.143,3508.167,4688.133,3964.200,3633.750,3069.750,3054.840,3768.042,3680.160,4594.680
6750.750,4460.200,3952.286,3514.750,4655.267,3951.800,3610.333,3055.542,3052.920,3744.292,3635.120,4619.200
6725.393,4441.550,3943.086,3531.250,4647.333,3991.320,3622.500,3059.667,3034.440,3711.208,3654.000,4637.640
6722.500,4457.750,3956.686,3539.667,4673.533,3987.720,3642.250,3035.667,3043.360,3750.292,3669.560,4615.520
6666.714,4459.850,3951.600,3535.000,4636.600,3990.640,3646.083,3046.500,3030.680,3709.917,3640.120,4624.760
6622.036,4501.600,3953.572,3529.750,4631.000,4013.440,3653.833,3052.750,3012.160,3761.375,3671.120,4637.840
6568.821,4489.600,3961.914,3537.500,4646.400,3999.400,3630.833,3038.083,3020.360,3746.458,3693.160,4601.560
6504.357,4552.750,3983.000,3513.542,4639.367,3984.120,3721.250,3041.292,3040.360,3751.333,3728.120,4609.000
6493.964,4538.000,3961.572,3535.458,4621.900,4000.440,3704.833,3032.292,3032.520,3751.333,3705.320,4630.000
6499.179,4517.650,3951.572,3528.333,4670.633,4008.080,3670.583,3030.333,3027.600,3725.667,3719.000,4593.320
6469.571,4485.350,3948.743,3516.208,4636.533,4028.240,3670.833,3029.500,3030.600,3711.542,3715.160,4648.240
6515.071,4527.400,3944.029,3532.792,4621.500,4022.960,3676.333,3026.208,3016.640,3757.667,3732.280,4630.760
6556.679,4574.950,3942.886,3515.083,4635.767,4020.720,3658.083,3028.083,3002.520,3742.000,3744.280,4620.040
6572.071,4541.550,3960.800,3524.208,4583.733,4038.480,3670.667,3050.167,3014.680,3743.833,3717.920,4627.280
6583.107,4550.200,3924.914,3527.125,4635.933,4076.520,3664.667,3044.750,3013.600,3768.500,3742.000,4640.680
6639.321,4602.650,3946.829,3525.708,4611.767,4040.560,3709.250,3039.375,3005.280,3756.417,3721.320,4629.040
6662.036,4609.550,3943.714,3533.250,4655.000,4053.520,3704.167,3044.750,3012.200,3755.708,3699.800,4637.960
6666.250,4584.050,3935.771,3516.625,4664.867,4052.080,3668.667,3047.625,3018.280,3729.417,3725.560,4647.800
6733.679,4582.100,3918.029,3509.542,4635.167,4068.920,3692.667,3026.958,2994.000,3756.542,3710.640,4621.400
6708.643,4576.150,3920.486,3488.125,4659.200,4070.400,3701.917,3051.458,2998.840,3724.792,3723.400,4626.840
6700.893,4580.100,3930.971,3504.125,4648.567,4035.000,3662.250,3061.917,3021.600,3732.333,3716.720,4643.760
6709.214,4596.650,3916.428,3508.292,4618.900,4038.400,3664.750,3059.292,2994.240,3730.833,3715.840,4649.480
6703.857,4616.100,3922.971,3499.083,4622.100,4068.440,3662.917,3018.792,3003.800,3734.000,3731.120,4648.840
6751.321,4596.850,3914.229,3491.875,4605.933,4061.320,3690.583,3035.042,3002.160,3704.417,3647.600,4632.640
6770.429,4601.800,3900.714,3489.583,4582.500,4069.600,3675.083,3041.917,2992.280,3704.917,3646.280,4673.760
6748.857,4583.400,3928.714,3482.583,4565.867,4054.720,3674.833,3029.542,3013.320,3683.958,3704.000,4713.280
6751.250,4575.000,3904.400,3477.083,4546.067,4035.200,3620.750,3032.083,2986.680,3708.417,3666.400,4663.480
6794.357,4572.100,3934.057,3481.875,4538.367,4040.680,3672.000,3036.208,2990.560,3703.375,3661.680,4681.320
6851.071,4574.150,3944.486,3480.208,4498.567,4014.800,3671.167,3032.208,3003.040,3667.292,3666.160,4673.440
6884.000,4540.750,3954.771,3478.042,4441.200,4018.400,3695.917,3041.708,3010.240,3701.167,3655.400,4688.480
6908.750,4607.450,3930.514,3493.708,4441.700,4046.680,3667.000,3018.833,3007.480,3677.667,3633.320,4671.360
6959.357,4556.500,3951.343,3498.625,4429.400,4009.640,3659.500,3046.375,3024.600,3685.458,3653.960,4645.400
6959.179,4561.050,3964.514,3474.667,4450.533,4001.560,3667.667,3018.500,3010.280,3670.875,3612.760,4655.560
6932.357,4559.800,3958.829,3488.708,4431.900,4001.280,3693.833,3031.958,2992.600,3691.542,3586.600,4668.280
6957.179,4524.350,3964.514,3460.917,4465.900,4002.800,3680.000,3028.125,2998.480,3684.542,3568.600,4631.120
6960.607,4539.650,3958.286,3495.500,4426.167,3967.680,3704.917,3044.750,3001.640,3663.625,3562.000,4626.640
6942.857,4534.850,3981.343,3497.417,4410.233,3989.800,3686.583,3013.667,3012.480,3652.458,3570.320,4649.840
7063.036,4523.150,3970.600,3481.292,4406.400,3998.600,3704.917,3027.500,2995.400,3638.625,3553.800,4603.440
7013.357,4512.400,3977.428,3494.375,4410.633,4013.480,3659.000,2991.167,3025.240,3661.333,3537.760,4604.160
7053.071,4483.900,3965.714,3478.333,4388.933,3994.160,3683.167,3021.292,3010.720,3654.833,3538.960,4587.200
7036.000,4490.500,3955.086,3439.708,4421.067,4008.920,3685.667,3031.333,3009.280,3634.917,3514.400,4566.360
7077.571,4461.950,3961.000,3479.958,4420.567,3987.360,3688.167,3009.958,3027.160,3657.958,3518.640,4558.400
7026.786,4432.550,3974.657,3459.000,4409.400,3986.520,3683.583,3016.083,3011.720,3632.083,3533.680,4560.120
7017.679,4456.000,3969.829,3461.167,4428.467,4009.960,3670.417,3014.708,3012.960,3623.667,3508.600,4543.480
6938.107,4445.800,3994.657,3488.958,4440.100,4022.880,3668.083,3026.875,3013.640,3633.458,3476.880,4528.520
6967.179,4446.800,3977.514,3453.375,4437.267,4008.000,3708.000,3016.333,3027.800,3647.625,3474.160,4539.480
6951.643,4472.200,3987.457,3480.458,4408.800,4031.040,3683.083,3027.125,2999.760,3614.167,3476.160,4539.120
6928.929,4457.800,3982.600,3463.833,4456.733,3992.040,3695.750,2999.833,3032.200,3610.000,3498.320,4542.120
6969.036,4432.650,4036.057,3484.542,4461.200,4010.400,3694.167,3045.875,3042.280,3661.125,3446.920,4501.080
6991.286,4429.300,4005.257,3465.625,4479.633,4002.320,3662.833,3010.458,3027.480,3617.125,3459.920,4508.960
7066.107,4440.200,4000.257,3452.542,4473.267,3981.480,3662.083,3025.417,3004.160,3592.250,3464.480,4501.120
7083.286,4399.450,4009.629,3474.708,4517.333,3985.720,3659.833,3020.625,3035.520,3600.833,3455.200,4499.560
7131.857,4404.700,4023.428,3469.625,4508.733,3987.920,3661.250,3020.625,3031.200,3577.125,3429.120,4501.640
7145.107,4407.050,4034.200,3477.417,4515.600,3953.920,3676.583,3023.250,3024.840,3612.167,3439.280,4523.480
7233.036,4428.900,4010.514,3468.250,4561.133,3979.320,3681.583,3027.917,3050.720,3595.250,3426.520,4484.840
7179.679,4372.100,4055.857,3498.917,4579.700,3958.920,3663.333,2994.208,3028.360,3601.792,3382.880,4527.880
7214.679,4377.950,4037.486,3475.042,4559.867,3933.600,3670.833,3017.208,3025.480,3587.750,3424.400,4513.720
7209.929,4362.350,4029.400,3496.750,4597.467,3951.560,3675.667,3007.750,3025.120,3577.667,3414.600,4534.880
7211.321,4358.300,4014.486,3473.667,4619.433,3919.440,3693.083,3030.792,3028.560,3569.417,3415.320,4513.600
7291.393,4383.250,4008.343,3492.208,4605.233,3924.960,3749.917,3035.333,3020.480,3583.417,3422.880,4508.400
7233.036,4373.100,4021.343,3488.750,4630.367,3965.320,3702.583,3019.875,3018.320,3601.375,3403.200,4509.680
7242.571,4430.150,4015.400,3496.625,4593.000,3961.000,3726.583,3001.167,3015.080,3582.875,3386.280,4514.800
7271.429,4435.900,3988.686,3493.917,4596.700,3943.600,3713.583,3024.333,3034.480,3611.208,3398.080,4534.320
7321.893,4416.350,3999.572,3484.792,4626.967,3951.000,3721.083,3034.750,3032.600,3586.375,3391.960,4563.480
7326.714,4412.200,4028.600,3502.000,4631.167,3939.880,3778.667,3024.250,3021.040,3587.458,3392.280,4587.520
7341.250,4422.700,3995.086,3539.167,4639.067,3921.680,3707.583,3019.500,3030.960,3573.042,3378.360,4570.040
7304.143,4414.300,4015.171,3524.208,4666.300,3905.600,3723.500,3041.542,3051.120,3563.208,3386.720,4585.040
7287.786,4405.350,3999.514,3494.208,4676.800,3909.520,3715.167,2997.750,3034.040,3594.917,3363.720,4587.400
7259.000,4402.500,4011.000,3501.333,4719.867,3885.080,3728.000,3019.833,3024.720,3589.625,3375.040,4603.920
7273.536,4424.550,3982.314,3469.000,4722.233,3907.160,3703.833,3035.583,3039.120,3576.708,3364.880,4607.560
7310.286,4439.100,3991.686,3534.875,4744.233,3912.640,3675.167,3019.042,3014.080,3581.500,3336.600,4622.560
7246.964,4425.050,3990.514,3527.417,4735.867,3879.480,3713.833,3040.875,3028.520,3588.875,3359.240,4643.320
7311.179,4372.150,3994.029,3502.167,4752.600,3898.040,3714.167,3028.958,3027.960,3588.333,3351.080,4624.480
7226.893,4336.700,4007.200,3491.708,4753.567,3867.720,3705.417,3034.917,3017.440,3592.917,3337.160,4652.960
7225.964,4341.800,3997.800,3506.708,4784.733,3883.960,3714.167,3035.292,3021.560,3586.333,3343.120,4632.240
7221.571,4342.850,4007.829,3508.917,4809.400,3883.160,3701.167,3026.792,3036.960,3587.125,3324.840,4660.360
7188.143,4349.500,4026.086,3505.750,4806.267,3884.880,3693.583,3025.333,3010.360,3580.042,3316.440,4652.480
7138.857,4322.300,4037.886,3513.417,4785.167,3869.440,3701.417,3024.958,3018.200,3599.542,3333.960,4648.720
7135.036,4278.500,4035.771,3506.250,4781.633,3827.720,3704.667,3015.708,3015.120,3614.833,3310.000,4630.880
7149.250,4279.400,4011.286,3496.125,4774.300,3853.200,3722.333,2990.083,3022.960,3593.375,3309.200,4644.960
7144.429,4325.400,4027.486,3482.625,4801.967,3862.160,3675.083,3019.542,2999.720,3624.208,3285.400,4677.560
7232.143,4291.400,4032.086,3496.083,4788.833,3841.520,3748.417,3005.875,2998.920,3655.042,3294.720,4654.240
7144.321,4300.200,4031.857,3468.542,4779.133,3851.960,3731.667,3012.708,3003.400,3655.208,3292.680,4646.680
7155.643,4241.750,4029.857,3467.125,4783.633,3854.480,3717.917,3018.042,2998.320,3622.375,3280.040,4647.760
7095.179,4258.850,4035.743,3486.958,4794.733,3860.520,3687.167,3017.917,2994.120,3652.417,3287.320,4631.760
7062.321,4263.000,4047.657,3486.208,4786.967,3844.160,3686.917,3002.833,2995.960,3627.625,3267.680,4609.480
7033.286,4265.450,4046.029,3469.500,4771.033,3813.400,3704.833,3005.042,2996.480,3663.583,3289.160,4584.080
6976.500,4258.300,4006.857,3499.458,4806.300,3835.680,3710.167,3020.792,2984.080,3660.500,3284.520,4583.600
6934.821,4239.950,4007.286,3459.833,4768.900,3820.840,3714.083,3006.542,3008.760,3677.750,3297.280,4562.960
6876.750,4257.800,4033.286,3493.083,4790.833,3819.080,3684.833,2992.167,2997.160,3649.708,3285.640,4575.680
6898.393,4236.700,3986.514,3469.208,4827.133,3847.640,3696.250,3002.958,3023.040,3660.208,3299.040,4576.560
6854.857,4249.250,4019.714,3482.583,4797.400,3844.400,3656.750,2986.083,3006.000,3685.833,3283.200,4524.520
6899.321,4245.800,4011.971,3496.167,4795.700,3877.000,3683.083,3026.542,2993.560,3674.375,3275.680,4567.800
6878.357,4247.550,3991.914,3489.875,4790.967,3859.760,3703.500,3013.375,3020.920,3658.542,3291.120,4541.360
6892.036,4239.750,4008.914,3489.167,4814.533,3875.920,3649.500,2997.125,2997.800,3682.125,3272.480,4533.920
6909.321,4247.500,4002.771,3488.042,4786.033,3892.720,3657.583,3012.750,2988.520,3679.750,3282.960,4498.680
6897.679,4213.100,4011.600,3489.125,4788.500,3905.120,3667.583,3002.417,2972.600,3677.042,3276.080,4510.840
6900.071,4208.500,4009.943,3496.583,4795.567,3892.840,3713.750,3005.000,2978.520,3707.500,3304.480,4509.680
6934.750,4178.150,3993.657,3511.125,4776.933,3883.160,3704.417,3014.042,2984.800,3710.000,3273.520,4551.760
6900.821,4199.250,4034.800,3525.750,4767.800,3920.960,3686.833,2984.500,2987.200,3737.042,3266.040,4552.520
6967.643,4189.550,4024.229,3515.708,4728.767,3886.800,3680.917,2994.333,2975.720,3725.917,3277.880,4555.520
6937.536,4236.300,4018.400,3519.708,4709.367,3881.360,3648.500,3014.083,2987.760,3721.167,3272.560,4535.120
6916.250,4189.900,4015.857,3512.583,4717.967,3886.280,3611.333,3005.000,2980.520,3724.083,3278.920,4576.880
6932.071,4213.300,4006.629,3519.375,4694.033,3868.240,3637.667,3008.000,2986.160,3727.792,3272.120,4558.600
6893.786,4229.900,3997.143,3525.042,4673.333,3876.640,3658.250,3022.333,2977.960,3684.208,3233.400,4562.000
6835.750,4201.850,3998.286,3520.500,4716.333,3881.000,3633.333,3006.417,2973.920,3710.125,3235.440,4536.160
6831.964,4217.100,4015.629,3511.500,4738.800,3918.480,3638.667,2984.875,2970.280,3712.375,3239.520,4544.240
6863.071,4224.350,4002.286,3525.000,4737.933,3882.640,3668.083,3016.000,2988.000,3692.042,3234.680,4547.680
6828.107,4205.400,3998.600,3550.833,4770.900,3882.680,3620.500,3016.542,2993.640,3682.917,3208.880,4551.440
6770.179,4177.100,3997.343,3545.875,4779.067,3901.560,3636.083,3007.125,2971.760,3693.958,3251.680,4606.120
6739.214,4207.800,3996.286,3553.083,4758.000,3884.640,3605.083,2998.500,2989.360,3698.583,3206.480,4540.880
6698.143,4231.300,3998.457,3539.208,4705.567,3901.480,3599.083,2995.250,2970.920,3697.833,3210.600,4527.680
6632.214,4236.150,3997.229,3528.417,4705.333,3918.600,3610.167,3021.917,3026.360,3720.000,3199.520,4559.080
6634.571,4224.800,3992.629,3508.292,4743.333,3885.240,3616.083,2995.250,2991.160,3714.542,3227.880,4561.920
6604.643,4218.450,3996.771,3529.125,4762.700,3893.080,3602.750,2993.042,2993.840,3715.083,3196.440,4536.920
6591.071,4251.950,4001.229,3523.792,4724.333,3888.560,3630.167,2992.542,3002.800,3688.667,3190.560,4507.480
6554.643,4227.900,4000.800,3528.083,4746.967,3875.600,3617.000,2992.333,2988.000,3684.208,3172.120,4543.640
6557.464,4234.600,3992.943,3524.667,4757.567,3889.280,3595.333,2991.458,3006.920,3657.333,3176.840,4549.360
6516.964,4263.250,3977.714,3538.625,4774.333,3903.320,3591.167,3002.583,3018.720,3678.500,3191.800,4567.360
6465.571,4263.750,3997.857,3541.917,4762.167,3865.800,3581.833,3007.667,3002.480,3655.500,3194.920,4537.400
6476.607,4305.050,3993.600,3551.375,4805.867,3862.680,3556.917,2985.125,3017.040,3686.500,3184.320,4550.760
6457.821,4282.550,3994.428,3534.375,4814.233,3870.000,3562.917,2981.208,3015.120,3641.333,3190.320,4522.240
6449.071,4273.300,3986.057,3546.917,4801.233,3881.720,3587.417,2991.375,3009.080,3671.000,3188.800,4529.240
6567.964,4279.250,3977.086,3534.333,4815.533,3854.120,3569.833,2977.167,3012.280,3646.583,3192.160,4517.920
6520.107,4278.950,3985.314,3568.083,4798.767,3832.240,3574.083,2995.417,3005.080,3675.333,3162.360,4534.440
6567.250,4299.250,3974.286,3565.542,4844.433,3847.040,3591.083,2978.792,2995.480,3676.417,3190.000,4529.680
6545.393,4306.350,3979.829,3535.750,4875.100,3844.840,3572.333,2978.208,3017.480,3645.625,3155.080,4536.520
6569.036,4292.250,3970.971,3549.083,4874.200,3855.840,3587.583,2984.792,3013.880,3643.000,3186.320,4514.880
6606.964,4282.000,3981.886,3529.292,4861.467,3841.800,3596.667,2986.750,3001.120,3635.875,3194.960,4541.960
6689.143,4252.650,3940.600,3557.667,4896.500,3845.920,3615.083,3009.042,3017.200,3644.333,3216.520,4532.760
6717.143,4292.000,3954.914,3568.792,4890.933,3823.320,3589.500,2967.917,3015.360,3639.958,3189.520,4541.520
6714.714,4255.900,3954.257,3567.250,4853.933,3811.360,3536.250,2990.583,3000.200,3646.125,3194.000,4477.680
6704.464,4255.650,3970.714,3573.750,4849.033,3816.600,3581.250,2992.250,2983.880,3635.125,3205.840,4545.640
6735.000,4267.500,3946.314,3561.125,4927.067,3801.880,3572.167,3007.625,2991.240,3647.625,3177.080,4559.640
6787.964,4272.550,3970.771,3537.917,4894.600,3817.960,3583.917,2989.500,2986.080,3670.125,3167.200,4562.880
6815.000,4245.750,3979.457,3546.125,4892.367,3824.640,3538.083,2997.958,3005.520,3646.375,3160.160,4537.600
6856.607,4256.600,3936.371,3538.750,4922.333,3842.720,3602.167,3011.875,3002.960,3656.292,3186.400,4528.840
6848.143,4228.700,3957.171,3526.000,4925.133,3829.600,3576.667,2964.792,3014.520,3668.667,3167.160,4561.520
6855.643,4278.100,3958.114,3523.583,4966.500,3823.000,3608.917,2981.292,3001.920,3705.167,3166.680,4539.440
6923.607,4288.250,3971.200,3525.417,4964.767,3813.680,3579.583,2996.417,3007.280,3662.375,3171.560,4566.840
6884.107,4265.950,3957.514,3533.208,4969.633,3833.160,3581.750,2986.500,3015.520,3669.042,3141.320,4548.760
6889.714,4260.150,3976.171,3534.333,5002.600,3811.680,3575.750,2980.875,3000.040,3663.958,3163.480,4552.480
6892.714,4295.850,3967.457,3534.500,5028.833,3801.000,3578.167,2990.833,2994.040,3693.750,3186.840,4577.600
6880.536,4280.550,3974.114,3536.708,5004.000,3787.720,3653.750,3005.000,3002.000,3700.208,3197.600,4584.520
6874.500,4292.550,3991.000,3549.708,5004.033,3807.600,3607.333,2985.708,3014.680,3704.667,3185.080,4571.760
6901.321,4304.400,3966.057,3539.250,4960.433,3780.120,3678.583,3001.417,3024.440,3697.458,3199.360,4559.400
6844.857,4309.900,3977.257,3553.583,4960.033,3818.800,3623.667,2998.708,3029.280,3698.792,3216.720,4566.040
6802.143,4307.250,3992.229,3594.042,4952.833,3813.960,3634.000,3001.583,3000.320,3682.667,3221.200,4522.080
6815.821,4311.550,3984.514,3571.625,4943.933,3797.360,3643.000,2999.292,3016.520,3716.917,3184.040,4517.920
6740.929,4315.900,3996.457,3555.500,4921.333,3808.960,3641.833,3000.833,3023.440,3686.167,3195.320,4542.840
6789.857,4318.400,4013.171,3571.000,4931.167,3802.720,3639.250,3000.958,3022.640,3698.000,3188.960,4545.400
6759.107,4342.350,4047.257,3575.125,4940.967,3785.600,3670.167,3008.167,3023.440,3698.750,3185.640,4531.600
6734.286,4327.850,4047.457,3540.875,4900.800,3843.400,3661.917,2996.125,3021.840,3699.042,3189.960,4517.880
6795.179,4317.000,4040.771,3542.792,4890.833,3774.080,3713.417,2998.417,3012.040,3691.625,3181.560,4550.280
6816.429,4337.550,4020.114,3524.000,4910.467,3768.280,3714.917,2993.333,3013.240,3700.750,3186.080,4535.960
6756.143,4321.200,4039.829,3531.125,4915.067,3767.360,3771.583,2989.083,3010.000,3681.417,3180.920,4528.240
6748.714,4338.850,4004.086,3537.375,4920.767,3772.000,3759.417,2999.000,3034.880,3727.125,3198.360,4526.840
6694.357,4319.100,4026.057,3518.583,4913.000,3739.520,3736.167,2969.458,3007.080,3680.083,3183.520,4575.920
6673.643,4314.350,4032.829,3534.292,4925.733,3763.600,3751.250,3012.500,3017.760,3726.833,3181.760,4558.200
6689.929,4336.600,4004.057,3529.042,4964.933,3744.440,3769.000,2987.917,3007.520,3707.667,3148.520,4598.000
6653.143,4367.050,4032.086,3501.083,4967.000,3739.040,3770.083,3008.917,2980.600,3707.958,3180.800,4571.200
6702.786,4350.550,4053.657,3541.375,4968.667,3733.280,3761.250,3009.250,2994.600,3695.958,3173.640,4555.480
6637.607,4389.950,4038.600,3538.667,4965.333,3729.600,3731.917,2993.875,2985.600,3727.125,3192.520,4565.600
6632.714,4345.950,4054.143,3538.917,5006.367,3725.800,3741.083,2983.333,3000.320,3726.417,3196.040,4559.480
6666.536,4374.750,4053.400,3515.583,5018.933,3723.240,3748.000,2989.208,3004.440,3710.292,3165.600,4564.680
6625.357,4371.250,4082.514,3534.083,5007.767,3701.920,3757.833,2994.167,3019.080,3682.542,3155.080,4566.800
6597.250,4382.700,4110.257,3544.625,4948.767,3731.040,3739.500,2998.333,3003.080,3722.292,3169.720,4578.280
6561.286,4363.000,4092.171,3525.333,5025.400,3733.520,3720.250,2997.625,2995.240,3709.917,3195.040,4609.160
6558.143,4360.600,4102.057,3559.042,5002.200,3719.080,3742.000,2995.292,3000.600,3724.917,3174.200,4566.480
6531.036,4351.100,4113.400,3562.417,5009.100,3740.880,3728.500,3009.750,3009.080,3685.875,3181.520,4576.440
6507.893,4370.650,4096.914,3543.875,4982.867,3717.440,3686.750,2991.000,3018.840,3686.375,3157.600,4591.040
6488.429,4391.250,4118.286,3552.042,5001.567,3711.840,3725.083,2999.583,3050.000,3697.583,3179.800,4588.200
6452.143,4319.750,4119.400,3556.208,5006.433,3721.240,3700.750,2992.042,3017.480,3672.000,3163.880,4638.280
6383.857,4333.400,4111.714,3556.958,4999.467,3732.280,3710.833,2996.042,3033.920,3698.083,3181.440,4581.600
6420.821,4339.950,4130.886,3564.958,5020.800,3718.120,3660.333,2993.250,3017.680,3703.083,3190.560,4631.040
6415.179,4352.800,4115.029,3559.792,4995.467,3737.840,3694.333,3000.833,3022.640,3688.375,3177.200,4643.320
6385.071,4306.800,4115.686,3546.125,5047.700,3764.320,3678.917,2999.583,3012.400,3671.792,3175.680,4657.480
6377.893,4327.650,4120.400,3549.458,5050.433,3718.800,3645.750,3013.917,3045.600,3647.333,3161.440,4620.800
6366.036,4321.550,4117.914,3537.417,5059.367,3741.240,3678.500,3022.792,3037.240,3661.917,3163.280,4658.240
6381.071,4308.600,4099.114,3538.167,5047.700,3727.320,3656.250,3004.000,3034.680,3656.625,3128.680,4672.560
6372.643,4255.250,4146.800,3527.458,5057.333,3728.520,3634.083,3008.208,3036.400,3660.708,3166.840,4719.720
6361.821,4284.700,4140.400,3529.250,5074.667,3745.440,3651.167,3010.875,3037.280,3660.958,3194.400,4730.960
6364.107,4262.800,4134.314,3534.958,5029.600,3728.600,3637.083,3003.583,3048.800,3684.958,3179.040,4770.680
6323.071,4303.100,4137.486,3542.542,5005.533,3725.680,3635.667,3000.875,3042.960,3673.167,3186.400,4745.400
6327.250,4274.800,4145.800,3531.667,5019.000,3738.120,3615.583,3030.208,3030.840,3647.542,3200.120,4762.240
6262.786,4309.550,4157.771,3511.417,5020.600,3739.440,3599.750,3002.125,3035.240,3662.583,3191.120,4747.240
6235.571,4273.400,4158.057,3550.208,5031.967,3735.200,3592.417,3010.292,3046.720,3628.917,3187.560,4787.880
6186.357,4260.500,4181.029,3521.417,5047.733,3732.880,3616.333,2991.167,3026.520,3618.208,3227.800,4732.320
6162.429,4248.100,4162.257,3523.500,5035.800,3730.760,3625.583,3015.417,3026.880,3612.458,3209.360,4740.720
6144.464,4282.850,4182.057,3525.458,5013.533,3753.880,3619.667,3016.458,3041.520,3615.958,3211.360,4741.160
6125.143,4242.300,4163.057,3524.083,5002.967,3724.080,3639.000,3004.500,3053.600,3616.375,3212.960,4723.800
6076.214,4306.950,4139.714,3518.000,5017.567,3737.440,3594.250,3019.958,3042.680,3589.792,3206.000,4742.360
6073.536,4276.400,4155.171,3527.292,5058.100,3750.840,3597.417,3029.375,3030.280,3588.833,3215.320,4709.000
6031.929,4298.650,4166.800,3505.333,5068.533,3710.440,3627.417,3014.792,3051.080,3607.958,3224.160,4679.920
6048.786,4280.300,4154.514,3513.667,5060.867,3758.480,3628.417,3019.458,3037.760,3569.875,3208.520,4737.560
6047.214,4276.050,4166.429,3515.125,5078.033,3753.560,3616.917,3019.542,3026.360,3573.458,3190.680,4714.680
6027.250,4290.900,4160.229,3531.250,5075.833,3788.840,3600.583,3009.333,3050.120,3568.875,3183.240,4717.320
6016.929,4305.750,4162.000,3532.750,5091.467,3779.320,3630.000,3001.542,3042.360,3573.958,3198.560,4739.200
6001.714,4318.650,4161.714,3552.458,5095.667,3760.760,3606.333,3004.792,3027.400,3567.167,3174.360,4763.120
5902.464,4338.700,4159.057,3540.292,5095.900,3792.560,3633.417,3003.250,3016.760,3560.833,3195.960,4779.440
5931.857,4332.400,4166.857,3535.958,5043.200,3773.800,3648.583,3000.167,3037.240,3534.583,3200.560,4748.360
5913.250,4365.100,4152.143,3519.583,5022.633,3787.120,3688.167,2985.958,3001.560,3560.042,3186.360,4763.400
5896.429,4345.050,4160.743,3500.958,5069.000,3776.160,3650.250,3006.958,3024.280,3536.500,3208.120,4772.400
5906.107,4328.200,4168.686,3528.292,5028.567,3759.840,3647.917,3004.458,3026.720,3545.833,3165.560,4737.320
5901.321,4356.650,4173.514,3531.750,5032.800,3760.960,3618.667,3015.333,3020.080,3543.542,3192.440,4739.600
5883.607,4379.650,4141.857,3526.708,5039.667,3757.160,3657.417,2994.125,3021.600,3556.625,3173.120,4736.120
5883.571,4365.250,4145.743,3505.625,5044.300,3763.800,3644.250,3006.250,3003.600,3530.375,3166.240,4729.640
5824.821,4389.350,4144.571,3527.917,5037.933,3750.920,3648.750,3010.042,3023.200,3535.792,3181.080,4699.720
5782.571,4363.000,4118.400,3503.333,5050.533,3785.640,3650.833,2997.042,3012.640,3554.917,3176.760,4702.680
5777.750,4376.250,4135.600,3513.542,5078.200,3742.040,3653.250,3014.792,2996.160,3553.000,3170.440,4680.800
5761.643,4398.250,4163.286,3510.042,5026.100,3764.440,3660.833,2998.125,3008.360,3528.500,3165.400,4684.000
5722.036,4387.000,4166.086,3497.875,5038.500,3762.280,3643.167,2985.042,3015.040,3553.958,3166.520,4669.120
5707.250,4380.900,4152.600,3522.625,5087.767,3756.200,3664.583,2981.042,3030.640,3564.958,3167.120,4688.320
5710.321,4424.250,4167.314,3515.875,5044.833,3758.480,3650.667,2981.875,3016.440,3555.542,3146.440,4689.560
5741.536,4382.550,4175.771,3508.083,5063.200,3769.720,3647.000,2977.542,3010.200,3537.208,3184.560,4727.280
5741.536,4375.450,4150.114,3483.250,5029.100,3762.480,3590.333,2994.000,3017.080,3529.375,3166.320,4731.000
5759.214,4402.300,4175.343,3507.292,5060.567,3791.640,3625.000,2983.875,3014.240,3533.417,3151.160,4762.680
5767.214,4402.650,4175.943,3504.042,5060.567,3777.640,3589.417,2990.292,3022.480,3530.667,3175.920,4745.000
5773.536,4419.550,4154.457,3495.000,5052.767,3747.240,3573.583,2980.792,3007.600,3544.833,3153.400,4791.680
5778.679,4410.000,4129.343,3489.208,5039.967,3739.760,3655.000,2984.292,3015.080,3523.792,3164.760,4769.280
5789.250,4458.650,4146.457,3498.458,5030.133,3730.520,3667.750,2987.292,3017.280,3541.208,3168.320,4767.280
5785.036,4452.000,4149.171,3506.083,5047.667,3738.760,3592.833,2966.167,2993.720,3553.000,3172.480,4766.640
5772.821,4434.450,4117.743,3477.917,5046.367,3743.880,3635.333,3012.667,3003.560,3537.500,3154.000,4808.440
5775.107,4443.550,4131.286,3469.958,5070.800,3722.160,3670.167,2994.792,3001.160,3563.250,3145.880,4828.800
5751.679,4434.250,4116.143,3465.250,5071.267,3727.720,3661.167,2992.333,2975.720,3555.458,3175.120,4838.200
5811.643,4443.350,4123.571,3500.875,5075.900,3730.160,3661.667,2981.208,3004.560,3542.000,3168.160,4834.520
5794.143,4451.200,4144.829,3500.667,5081.300,3715.880,3681.583,2997.417,3017.760,3564.208,3189.720,4832.680
5788.429,4425.750,4122.714,3471.542,5075.067,3728.640,3683.000,2986.750,3010.640,3560.208,3171.440,4855.200
5767.036,4418.250,4139.743,3471.875,5100.100,3727.120,3674.583,2996.292,3014.840,3575.000,3182.800,4833.520
5794.500,4430.300,4143.943,3458.292,5150.833,3719.680,3636.750,3011.208,3005.600,3570.333,3179.760,4892.160
5769.500,4438.700,4127.829,3492.792,5146.300,3709.080,3662.500,2990.792,3007.600,3567.333,3179.360,4922.360
5765.500,4420.500,4133.886,3490.125,5141.567,3711.760,3659.417,2988.500,3025.400,3585.792,3185.320,4855.200
5737.571,4387.050,4134.000,3460.458,5161.400,3721.320,3647.500,2974.958,3021.040,3577.375,3164.040,4874.120
5749.607,4401.900,4122.000,3470.292,5182.767,3712.640,3648.417,3003.750,3007.640,3596.625,3167.280,4894.280
5788.286,4400.000,4145.886,3485.750,5166.667,3761.040,3623.750,2984.083,3058.520,3576.750,3170.040,4904.040
5748.679,4348.250,4159.457,3501.833,5166.133,3769.920,3631.667,3003.500,3039.800,3605.958,3192.200,4898.520
5772.429,4396.550,4143.829,3501.000,5190.800,3773.400,3604.917,2994.333,3027.480,3603.292,3144.840,4960.720
5729.321,4406.950,4165.543,3470.083,5155.500,3731.760,3580.083,3006.167,3034.800,3561.250,3171.280,4899.200
5701.071,4409.600,4158.457,3491.417,5194.700,3742.360,3626.917,2983.750,2984.280,3576.875,3174.600,4903.640
5706.107,4413.050,4156.086,3489.583,5167.600,3715.760,3600.583,3001.833,3017.120,3566.375,3160.760,4946.720
5730.357,4382.550,4136.714,3493.000,5149.633,3728.720,3605.083,2993.708,3032.480,3571.458,3207.560,4897.520
5786.179,4361.950,4169.029,3483.792,5163.967,3734.080,3617.667,3001.625,3028.520,3564.125,3157.920,4908.440
5801.321,4344.500,4131.286,3463.417,5130.900,3691.440,3622.667,3008.167,3020.200,3584.167,3175.600,4904.080
5796.750,4356.750,4131.200,3496.583,5180.000,3661.560,3619.417,3004.458,3021.600,3573.167,3163.200,4912.600
5773.964,4331.450,4141.372,3502.583,5144.433,3667.120,3598.167,2993.750,3031.040,3551.792,3169.800,4933.120
5783.429,4308.550,4106.429,3475.208,5143.733,3653.720,3627.750,3016.083,3022.320,3563.417,3160.840,4949.920
5799.893,4317.700,4134.000,3497.750,5142.433,3668.080,3616.167,2996.625,3014.040,3565.417,3177.320,4910.600
5774.643,4294.250,4123.943,3521.083,5101.533,3642.560,3605.333,2987.125,3017.840,3581.292,3166.360,4912.320
5729.857,4285.600,4113.943,3481.750,5121.067,3631.120,3612.583,2981.125,3018.720,3586.417,3158.920,4918.280
5741.536,4320.100,4103.771,3467.792,5122.733,3629.360,3596.333,2989.708,3024.560,3571.958,3157.120,4909.160
5729.179,4294.950,4098.714,3491.875,5107.533,3642.480,3598.083,3016.042,3019.880,3590.250,3155.560,4947.960
5706.821,4317.250,4093.343,3502.458,5080.167,3645.000,3617.417,2993.375,3024.360,3608.583,3133.480,4963.800
5709.679,4290.100,4111.743,3525.833,5103.667,3642.400,3607.500,3000.583,3007.560,3560.083,3136.320,4940.040
5675.893,4319.500,4100.543,3479.042,5114.233,3646.560,3587.833,2992.750,3018.160,3569.542,3110.440,4910.280
5693.464,4251.550,4096.571,3486.583,5141.100,3600.120,3601.500,2987.625,3013.440,3591.167,3122.600,4946.760
5645.607,4294.350,4101.686,3494.292,5123.400,3591.000,3575.417,3020.958,3023.120,3591.125,3129.840,4923.400
5689.464,4281.700,4116.400,3499.500,5145.467,3606.400,3578.917,3009.292,3037.280,3585.083,3129.720,4909.240
5687.536,4245.250,4095.057,3477.208,5112.533,3574.600,3585.583,2983.833,3021.960,3567.250,3124.160,4906.120
5707.071,4267.300,4092.857,3473.208,5109.300,3585.000,3600.500,2997.375,3038.040,3569.375,3123.520,4931.520
5721.964,4212.850,4066.886,3489.042,5133.900,3598.800,3550.833,3015.375,3004.600,3583.125,3132.760,4919.800
5761.393,4273.550,4066.257,3470.208,5114.733,3588.160,3539.000,2994.042,3017.760,3600.583,3160.080,4939.520
5714.571,4252.050,4082.029,3469.417,5115.033,3581.880,3553.000,3012.583,3011.080,3616.292,3144.360,4931.680
5708.500,4233.900,4071.400,3473.625,5082.467,3552.000,3540.750,2994.917,3030.080,3589.250,3137.240,4912.560
5702.821,4211.100,4068.286,3471.167,5067.100,3603.880,3556.917,2994.208,3018.840,3583.125,3125.960,4873.800
5713.964,4154.100,4065.800,3473.458,5074.000,3602.240,3552.667,2992.250,3011.800,3603.750,3117.840,4850.680
5751.679,4204.100,4063.114,3477.292,5043.467,3593.720,3577.750,2985.500,2998.120,3567.292,3094.440,4860.440
5713.536,4198.050,4065.428,3463.500,5032.067,3556.600,3584.667,2994.625,2991.000,3552.667,3106.960,4891.920
5696.357,4171.650,4077.914,3475.958,5029.633,3581.800,3545.417,2985.292,3008.520,3573.875,3101.840,4891.480
5791.250,4190.200,4055.800,3482.417,5028.200,3594.280,3572.500,3005.042,3020.040,3584.417,3105.200,4852.200
5801.250,4149.100,4070.143,3469.042,5056.500,3556.960,3537.167,2986.333,3035.200,3562.458,3099.200,4862.920
5820.714,4175.350,4053.000,3494.708,5022.667,3566.520,3553.917,3001.708,3037.000,3595.500,3097.680,4855.240
5811.036,4173.950,4072.171,3502.042,5020.733,3599.320,3587.167,2984.667,3017.240,3588.708,3102.240,4856.680
5828.500,4149.800,4082.543,3480.875,5017.500,3587.240,3551.000,2978.625,3033.120,3624.542,3117.200,4874.120
5844.750,4139.750,4078.829,3453.208,5004.567,3564.080,3543.667,2986.333,3009.400,3607.375,3085.440,4851.520
5831.464,4119.300,4066.314,3475.250,5034.867,3567.160,3524.500,2971.208,3024.080,3604.958,3077.240,4822.520
5848.786,4137.550,4044.686,3457.125,4990.500,3558.800,3541.333,2993.750,3012.960,3615.833,3063.640,4827.680
5821.643,4122.350,4069.343,3468.625,4975.367,3556.160,3568.000,2982.708,3037.920,3594.375,3089.360,4781.880
5855.393,4118.500,4071.457,3459.083,4979.167,3540.080,3575.167,2989.958,3021.200,3574.708,3072.040,4762.640
5835.571,4130.100,4065.114,3458.250,4995.500,3559.760,3597.917,2979.458,3027.560,3582.333,3068.600,4787.800
5847.750,4117.350,4064.857,3454.417,4959.433,3589.920,3592.333,2975.792,3017.400,3605.875,3063.280,4785.120
5870.107,4099.950,4076.000,3461.708,4966.667,3566.880,3569.000,2986.708,3022.600,3601.083,3062.400,4772.880
5911.429,4118.650,4069.343,3443.875,4967.133,3640.760,3604.417,2997.708,3029.480,3613.208,3090.200,4823.520
5938.929,4108.550,4118.171,3495.167,5018.367,3748.440,3657.833,3001.375,3055.560,3640.000,3081.560,4880.160
5908.786,4091.000,4125.086,3472.042,4978.233,3762.720,3723.833,3006.000,3053.760,3626.042,3072.040,4877.720
