100.00	0.00	7.23	30.00	150.00	2.70	97.30	0.50	

25.00	12.00	0.000000	06.564
25.00	12.00	0.000017	06.669
24.95	12.00	0.000033	06.764
24.66	12.00	0.000050	06.863
24.45	12.00	0.000067	06.968
23.89	12.00	0.000083	07.062
21.76	12.00	0.000100	07.162
21.66	12.00	0.000117	07.266
21.27	12.00	0.000133	07.361
20.76	12.00	0.000150	07.463
20.48	12.00	0.000167	07.565
19.86	12.00	0.000183	07.660
19.23	12.00	0.000200	07.762
18.92	12.00	0.000217	07.864
18.30	12.00	0.000233	07.960
17.99	12.00	0.000250	08.065
17.43	12.00	0.000267	08.164
16.86	12.00	0.000283	08.259
16.61	12.00	0.000300	08.364
16.12	12.00	0.000317	08.463
15.68	12.00	0.000333	08.557
15.48	12.00	0.000350	08.662
15.09	12.00	0.000367	08.761
14.76	12.00	0.000383	08.856
14.61	12.00	0.000400	08.961
14.33	12.00	0.000416	09.056
14.04	12.00	0.000433	09.155
13.92	12.00	0.000450	09.260
13.66	12.00	0.000466	09.354
13.43	12.00	0.000483	09.454
13.30	12.00	0.000500	09.559
13.09	12.00	0.000516	09.653
12.86	12.00	0.000533	09.753
12.76	12.00	0.000550	09.857
12.56	12.00	0.000566	09.952
12.35	12.00	0.000583	10.050
12.27	12.00	0.000600	10.155
12.07	12.00	0.000616	10.250
11.92	12.00	0.000633	10.349
11.84	12.00	0.000650	10.454
11.66	12.00	0.000666	10.548
11.53	12.00	0.000683	10.648
11.45	12.00	0.000700	10.752
11.33	12.00	0.000716	10.847
11.22	12.00	0.000733	10.947
11.17	12.00	0.000750	11.051
11.07	12.00	0.000766	11.146
10.97	12.00	0.000783	11.247
10.94	12.00	0.000800	11.350
10.86	12.00	0.000816	11.446
10.81	12.00	0.000833	11.547
10.81	12.00	0.000850	11.648
10.76	12.00	0.000866	11.746
10.71	12.00	0.000883	11.848
10.71	12.00	0.000900	11.947
10.66	12.00	0.000916	12.046
10.66	12.00	0.000933	12.146
10.66	12.00	0.000950	12.246
10.61	12.00	0.000966	12.346
10.58	12.00	0.000983	12.446
10.56	12.00	0.001000	12.546
10.53	12.00	0.001016	12.646
10.53	12.00	0.001033	12.746
10.50	12.00	0.001050	12.846
10.50	12.00	0.001066	12.946
10.50	12.00	0.001083	13.046
10.50	12.00	0.001100	13.146
10.50	12.00	0.001116	13.246
10.50	12.00	0.001133	13.346
10.50	12.00	0.001150	13.447
10.50	12.00	0.001166	13.546
10.50	12.00	0.001183	13.646
10.56	12.00	0.001200	13.746
10.63	12.00	0.001216	13.846
10.66	12.00	0.001233	13.946
10.74	12.00	0.001250	14.046
10.79	12.00	0.001266	14.146
10.81	12.00	0.001283	14.247
10.86	12.00	0.001299	14.346
10.92	12.00	0.001316	14.446
10.92	12.00	0.001333	14.546
10.92	12.00	0.001349	14.646
10.94	12.00	0.001366	14.746
10.94	12.00	0.001383	14.846
10.97	12.00	0.001399	14.946
10.97	12.00	0.001416	15.046
11.02	12.00	0.001433	15.146
11.09	12.00	0.001449	15.246
11.12	12.00	0.001466	15.346
11.15	12.00	0.001483	15.446
11.17	12.00	0.001499	15.546
11.22	12.00	0.001516	15.646
11.25	12.00	0.001533	15.746
11.25	12.00	0.001549	15.847
11.30	12.00	0.001566	15.946
11.30	12.00	0.001583	16.046
11.35	12.00	0.001599	16.146
11.35	12.00	0.001616	16.246
11.35	12.00	0.001633	16.346
11.38	12.00	0.001649	16.446
11.38	12.00	0.001666	16.546
11.43	12.00	0.001683	16.646
11.53	12.00	0.001699	16.770
11.53	12.00	0.001716	16.875
11.53	12.00	0.001733	16.970
11.53	12.00	0.001749	17.046
11.56	12.00	0.001766	17.174
11.61	12.00	0.001783	17.268
11.61	12.00	0.001799	17.346
11.61	12.00	0.001816	17.472
11.63	12.00	0.001833	17.567
11.63	12.00	0.001849	17.647
11.66	12.00	0.001866	17.771
11.68	12.00	0.001883	17.866
11.71	12.00	0.001899	17.969
11.71	12.00	0.001916	18.070
11.76	12.00	0.001933	18.164
11.76	12.00	0.001949	18.268
11.79	12.00	0.001966	18.367
11.79	12.00	0.001983	18.462
11.79	12.00	0.001999	18.567
11.81	12.00	0.002016	18.661
11.81	12.00	0.002033	18.761
11.81	12.00	0.002049	18.865
11.84	12.00	0.002066	18.960
11.84	12.00	0.002082	19.059
11.84	12.00	0.002099	19.164
11.86	12.00	0.002116	19.258
11.86	12.00	0.002132	19.358
11.86	12.00	0.002149	19.463
11.86	12.00	0.002166	19.557
11.89	12.00	0.002182	19.657
11.89	12.00	0.002199	19.761
11.89	12.00	0.002216	19.856
11.92	12.00	0.002232	19.955
11.92	12.00	0.002249	20.060
11.92	12.00	0.002266	20.155
11.94	12.00	0.002282	20.254
11.94	12.00	0.002299	20.359
11.94	12.00	0.002316	20.453
11.94	12.00	0.002332	20.553
11.94	12.00	0.002349	20.657
11.97	12.00	0.002366	20.752
11.97	12.00	0.002382	20.852
11.97	12.00	0.002399	20.956
11.97	12.00	0.002416	21.051
11.97	12.00	0.002432	21.152
11.99	12.00	0.002449	21.255
11.99	12.00	0.002466	21.349
11.99	12.00	0.002482	21.453
11.99	12.00	0.002499	21.553
11.99	12.00	0.002516	21.648
11.99	12.00	0.002532	21.753
11.99	12.00	0.002549	21.852
11.99	12.00	0.002566	21.947
11.99	12.00	0.002582	22.051
11.99	12.00	0.002599	22.151
11.99	12.00	0.002616	22.247
11.99	12.00	0.002632	22.350
11.99	12.00	0.002649	22.449
11.99	12.00	0.002666	22.547
11.99	12.00	0.002682	22.648
11.99	12.00	0.002699	22.749
11.99	12.00	0.002716	22.847
11.99	12.00	0.002732	22.947
11.99	12.00	0.002749	23.050
11.99	12.00	0.002766	23.147
11.99	12.00	0.002782	23.247
11.99	12.00	0.002799	23.349
11.99	12.00	0.002816	23.447
11.99	12.00	0.002832	23.548
11.99	12.00	0.002849	23.650
11.99	12.00	0.002866	23.747
11.99	12.00	0.002882	23.847
11.99	12.00	0.002899	23.950
11.99	12.00	0.002915	24.047
11.99	12.00	0.002932	24.147
11.99	12.00	0.002949	24.250
11.99	12.00	0.002965	24.348
11.99	12.00	0.002982	24.447
11.99	12.00	0.002999	24.551
11.99	12.00	0.003015	24.647
11.99	12.00	0.003032	24.747
11.99	12.00	0.003049	24.850
11.99	12.00	0.003065	24.947
11.99	12.00	0.003082	25.047
11.99	12.00	0.003099	25.151
11.99	12.00	0.003115	25.247
11.99	12.00	0.003132	25.347
11.99	12.00	0.003149	25.451
11.99	12.00	0.003165	25.547
11.99	12.00	0.003182	25.647
11.99	12.00	0.003199	25.751
11.99	12.00	0.003215	25.847
11.99	12.00	0.003232	25.947
11.99	12.00	0.003249	26.051
11.99	12.00	0.003265	26.147
11.99	12.00	0.003282	26.247
11.99	12.00	0.003299	26.352
11.99	12.00	0.003315	26.447
11.99	12.00	0.003332	26.547
11.99	12.00	0.003349	26.651
11.99	12.00	0.003365	26.747
11.99	12.00	0.003382	26.848
11.99	12.00	0.003399	26.952
11.99	12.00	0.003415	27.047
11.99	12.00	0.003432	27.147
11.99	12.00	0.003449	27.247
11.99	12.00	0.003465	27.347
11.99	12.00	0.003482	27.447
11.99	12.00	0.003499	27.575
11.99	12.00	0.003515	27.675
11.99	12.00	0.003532	27.769
11.99	12.00	0.003549	27.874
11.99	12.00	0.003565	27.974
11.99	12.00	0.003582	28.068
11.99	12.00	0.003599	28.173
11.99	12.00	0.003615	28.272
11.99	12.00	0.003632	28.367
11.99	12.00	0.003649	28.471
11.99	12.00	0.003665	28.566
11.99	12.00	0.003682	28.666
11.99	12.00	0.003699	28.770
11.99	12.00	0.003715	28.865
11.99	12.00	0.003732	28.965
11.99	12.00	0.003748	29.069
11.99	12.00	0.003765	29.163
11.99	12.00	0.003782	29.263
11.99	12.00	0.003798	29.367
11.99	12.00	0.003815	29.462
11.99	12.00	0.003832	29.562
11.99	12.00	0.003848	29.666
11.99	12.00	0.003865	29.761
11.99	12.00	0.003882	29.860
11.99	12.00	0.003898	29.965
11.99	12.00	0.003915	30.059
11.99	12.00	0.003932	30.159
11.99	12.00	0.003948	30.264
11.99	12.00	0.003965	30.358
11.99	12.00	0.003982	30.458
11.99	12.00	0.003998	30.562
11.99	12.00	0.004015	30.656
11.99	12.00	0.004032	30.758
11.99	12.00	0.004048	30.860
11.99	12.00	0.004065	30.955
11.99	12.00	0.004082	31.059
11.99	12.00	0.004098	31.159
11.99	12.00	0.004115	31.254
11.99	12.00	0.004132	31.358
11.99	12.00	0.004148	31.458
11.99	12.00	0.004165	31.552
11.99	12.00	0.004182	31.657
11.99	12.00	0.004198	31.756
11.99	12.00	0.004215	31.851
11.99	12.00	0.004232	31.956
11.99	12.00	0.004248	32.055
11.99	12.00	0.004265	32.150
11.99	12.00	0.004282	32.254
11.99	12.00	0.004298	32.349
11.99	12.00	0.004315	32.449
11.99	12.00	0.004332	32.553
12.02	12.00	0.004348	32.649
12.02	12.00	0.004365	32.749
12.02	12.00	0.004382	32.852
12.02	12.00	0.004398	32.950
12.02	12.00	0.004415	33.050
12.02	12.00	0.004432	33.150
12.02	12.00	0.004448	33.250
12.02	12.00	0.004465	33.350
11.99	12.00	0.004482	33.450
11.99	12.00	0.004498	33.550
11.99	12.00	0.004515	33.650
11.99	12.00	0.004532	33.750
11.99	12.00	0.004548	33.850
11.99	12.00	0.004565	33.950
11.99	12.00	0.004581	34.050
11.99	12.00	0.004598	34.150
11.99	12.00	0.004615	34.251
11.99	12.00	0.004631	34.350
11.99	12.00	0.004648	34.450
11.99	12.00	0.004665	34.550
11.99	12.00	0.004681	34.650
11.99	12.00	0.004698	34.750
11.97	12.00	0.004715	34.850
11.97	12.00	0.004731	34.950
11.97	12.00	0.004748	35.050
11.97	12.00	0.004765	35.150
11.97	12.00	0.004781	35.250
11.97	12.00	0.004798	35.350
11.97	12.00	0.004815	35.450
11.99	12.00	0.004831	35.550
11.99	12.00	0.004848	35.650
11.99	12.00	0.004865	35.750
11.99	12.00	0.004881	35.851
11.99	12.00	0.004898	35.950
11.99	12.00	0.004915	36.050
11.99	12.00	0.004931	36.150
11.99	12.00	0.004948	36.250
11.99	12.00	0.004965	36.350
11.99	12.00	0.004981	36.450
11.99	12.00	0.004998	36.550
11.99	12.00	0.005015	36.650
11.99	12.00	0.005031	36.750
11.99	12.00	0.005048	36.850
11.99	12.00	0.005065	36.950
12.02	12.00	0.005081	37.050
12.02	12.00	0.005098	37.150
12.02	12.00	0.005115	37.250
12.02	12.00	0.005131	37.350
12.02	12.00	0.005148	37.451
12.02	12.00	0.005165	37.550
12.02	12.00	0.005181	37.650
12.02	12.00	0.005198	37.750
12.02	12.00	0.005215	37.879
11.99	12.00	0.005231	37.973
11.99	12.00	0.005248	38.078
11.99	12.00	0.005265	38.172
11.99	12.00	0.005281	38.273
11.99	12.00	0.005298	38.377
11.99	12.00	0.005315	38.471
11.99	12.00	0.005331	38.570
11.99	12.00	0.005348	38.675
11.99	12.00	0.005365	38.769
11.99	12.00	0.005381	38.869
11.99	12.00	0.005398	38.973
11.99	12.00	0.005414	39.068
11.99	12.00	0.005431	39.168
11.99	12.00	0.005448	39.272
11.99	12.00	0.005464	39.367
11.99	12.00	0.005481	39.466
11.99	12.00	0.005498	39.571
11.99	12.00	0.005514	39.665
11.99	12.00	0.005531	39.765
11.99	12.00	0.005548	39.870
11.99	12.00	0.005564	39.964
11.99	12.00	0.005581	40.064
11.99	12.00	0.005598	40.168
11.99	12.00	0.005614	40.263
11.99	12.00	0.005631	40.363
11.99	12.00	0.005648	40.467
11.99	12.00	0.005664	40.562
11.99	12.00	0.005681	40.664
11.99	12.00	0.005698	40.766
11.99	12.00	0.005714	40.860
11.99	12.00	0.005731	40.964
11.99	12.00	0.005748	41.064
11.99	12.00	0.005764	41.159
12.02	12.00	0.005781	41.263
12.02	12.00	0.005798	41.363
12.02	12.00	0.005814	41.458
12.02	12.00	0.005831	41.562
12.02	12.00	0.005848	41.662
12.02	12.00	0.005864	41.756
12.02	12.00	0.005881	41.861
12.02	12.00	0.005898	41.960
12.02	12.00	0.005914	42.055
12.02	12.00	0.005931	42.160
11.99	12.00	0.005948	42.254
11.99	12.00	0.005964	42.354
11.99	12.00	0.005981	42.458
11.99	12.00	0.005998	42.553
11.99	12.00	0.006014	42.651
11.99	12.00	0.006031	42.757
11.99	12.00	0.006048	42.851
11.99	12.00	0.006064	42.951
11.99	12.00	0.006081	43.055
11.99	12.00	0.006098	43.151
11.99	12.00	0.006114	43.251
11.99	12.00	0.006131	43.353
11.99	12.00	0.006148	43.451
11.99	12.00	0.006164	43.551
11.99	12.00	0.006181	43.652
11.99	12.00	0.006198	43.751
11.99	12.00	0.006214	43.851
11.99	12.00	0.006231	43.951
11.99	12.00	0.006247	44.051
11.99	12.00	0.006264	44.151
11.99	12.00	0.006281	44.251
11.99	12.00	0.006297	44.351
11.99	12.00	0.006314	44.451
11.99	12.00	0.006331	44.551
11.99	12.00	0.006347	44.651
11.99	12.00	0.006364	44.751
11.99	12.00	0.006381	44.851
11.99	12.00	0.006397	44.951
11.99	12.00	0.006414	45.051
11.99	12.00	0.006431	45.151
11.99	12.00	0.006447	45.251
11.99	12.00	0.006464	45.351
11.99	12.00	0.006481	45.451
11.99	12.00	0.006497	45.552
11.99	12.00	0.006514	45.652
11.99	12.00	0.006531	45.752
11.99	12.00	0.006547	45.852
11.99	12.00	0.006564	45.952
11.99	12.00	0.006581	46.052
11.99	12.00	0.006597	46.152
11.99	12.00	0.006614	46.252
12.02	12.00	0.006631	46.352
12.02	12.00	0.006647	46.452
12.02	12.00	0.006664	46.552
12.02	12.00	0.006681	46.652
12.02	12.00	0.006697	46.752
12.02	12.00	0.006714	46.852
12.02	12.00	0.006731	46.953
12.02	12.00	0.006747	47.052
12.02	12.00	0.006764	47.152
12.02	12.00	0.006781	47.252
11.99	12.00	0.006797	47.352
11.99	12.00	0.006814	47.452
11.99	12.00	0.006831	47.552
11.99	12.00	0.006847	47.652
11.99	12.00	0.006864	47.752
11.99	12.00	0.006881	47.853
11.99	12.00	0.006897	47.952
11.99	12.00	0.006914	48.052
11.99	12.00	0.006931	48.152
11.99	12.00	0.006947	48.252
11.99	12.00	0.006964	48.376
11.99	12.00	0.006981	48.476
11.99	12.00	0.006997	48.580
11.99	12.00	0.007014	48.675
11.99	12.00	0.007031	48.774
11.99	12.00	0.007047	48.879
11.99	12.00	0.007064	48.974
11.99	12.00	0.007080	49.073
11.99	12.00	0.007097	49.178
11.99	12.00	0.007114	49.272
11.99	12.00	0.007130	49.371
11.99	12.00	0.007147	49.475
11.99	12.00	0.007164	49.570
11.99	12.00	0.007180	49.670
11.99	12.00	0.007197	49.774
11.99	12.00	0.007214	49.869
12.02	12.00	0.007230	49.969
12.02	12.00	0.007247	50.073
12.02	12.00	0.007264	50.167
12.02	12.00	0.007280	50.269
12.02	12.00	0.007297	50.371
12.02	12.00	0.007314	50.466
12.02	12.00	0.007330	50.570
12.02	12.00	0.007347	50.670
12.02	12.00	0.007364	50.765
11.99	12.00	0.007380	50.869
11.99	12.00	0.007397	50.969
11.99	12.00	0.007414	51.063
11.99	12.00	0.007430	51.168
11.99	12.00	0.007447	51.268
11.99	12.00	0.007464	51.362
11.99	12.00	0.007480	51.467
11.99	12.00	0.007497	51.566
11.99	12.00	0.007514	51.661
11.99	12.00	0.007530	51.765
11.99	12.00	0.007547	51.860
11.99	12.00	0.007564	51.959
11.99	12.00	0.007580	52.064
11.99	12.00	0.007597	52.159
11.99	12.00	0.007614	52.258
11.99	12.00	0.007630	52.363
11.99	12.00	0.007647	52.457
11.99	12.00	0.007664	52.557
11.99	12.00	0.007680	52.661
11.99	12.00	0.007697	52.756
11.99	12.00	0.007714	52.856
11.99	12.00	0.007730	52.960
11.99	12.00	0.007747	53.055
12.02	12.00	0.007764	53.154
12.02	12.00	0.007780	53.259
12.02	12.00	0.007797	53.354
12.02	12.00	0.007814	53.454
12.02	12.00	0.007830	53.557
12.02	12.00	0.007847	53.655
12.02	12.00	0.007864	53.755
12.02	12.00	0.007880	53.856
12.02	12.00	0.007897	53.955
12.02	12.00	0.007913	54.055
12.02	12.00	0.007930	54.155
12.02	12.00	0.007947	54.255
11.99	12.00	0.007963	54.355
11.99	12.00	0.007980	54.455
11.99	12.00	0.007997	54.555
11.99	12.00	0.008013	54.655
11.99	12.00	0.008030	54.755
11.99	12.00	0.008047	54.855
11.99	12.00	0.008063	54.955
11.99	12.00	0.008080	55.055
11.99	12.00	0.008097	55.155
11.99	12.00	0.008113	55.255
11.99	12.00	0.008130	55.356
11.99	12.00	0.008147	55.455
11.99	12.00	0.008163	55.555
11.99	12.00	0.008180	55.655
11.99	12.00	0.008197	55.755
11.99	12.00	0.008213	55.855
11.99	12.00	0.008230	55.954
11.99	12.00	0.008247	56.054
11.99	12.00	0.008263	56.155
11.99	12.00	0.008280	56.255
11.99	12.00	0.008297	56.355
11.99	12.00	0.008313	56.455
11.99	12.00	0.008330	56.555
11.99	12.00	0.008347	56.655
11.99	12.00	0.008363	56.755
11.99	12.00	0.008380	56.855
11.99	12.00	0.008397	56.955
11.99	12.00	0.008413	57.055
11.99	12.00	0.008430	57.155
11.99	12.00	0.008447	57.255
11.99	12.00	0.008463	57.355
12.02	12.00	0.008480	57.455
12.02	12.00	0.008497	57.555
12.02	12.00	0.008513	57.656
12.02	12.00	0.008530	57.755
12.02	12.00	0.008547	57.855
12.02	12.00	0.008563	57.955
12.02	12.00	0.008580	58.055
12.02	12.00	0.008597	58.155
12.02	12.00	0.008613	58.255
12.02	12.00	0.008630	58.355
12.02	12.00	0.008647	58.455
12.02	12.00	0.008663	58.555
11.99	12.00	0.008680	58.679
11.99	12.00	0.008697	58.784
11.99	12.00	0.008713	58.878
11.99	12.00	0.008730	58.978
11.99	12.00	0.008746	59.082
11.99	12.00	0.008763	59.176
11.99	12.00	0.008780	59.276
11.99	12.00	0.008796	59.380
11.99	12.00	0.008813	59.475
11.99	12.00	0.008830	59.575
11.99	12.00	0.008846	59.679
11.99	12.00	0.008863	59.774
11.99	12.00	0.008880	59.874
11.99	12.00	0.008896	59.978
11.99	12.00	0.008913	00.072
11.99	12.00	0.008930	00.175
11.99	12.00	0.008946	00.277
11.99	12.00	0.008963	00.371
11.99	12.00	0.008980	00.475
11.99	12.00	0.008996	00.575
11.99	12.00	0.009013	00.670
11.99	12.00	0.009030	00.774
11.99	12.00	0.009046	00.874
11.99	12.00	0.009063	00.969
11.99	12.00	0.009080	01.073
11.99	12.00	0.009096	01.173
11.99	12.00	0.009113	01.267
11.99	12.00	0.009130	01.372
11.99	12.00	0.009146	01.471
11.99	12.00	0.009163	01.566
11.99	12.00	0.009180	01.670
11.99	12.00	0.009196	01.765
11.99	12.00	0.009213	01.865
11.99	12.00	0.009230	01.969
11.99	12.00	0.009246	02.064
12.02	12.00	0.009263	02.163
12.02	12.00	0.009280	02.268
12.02	12.00	0.009296	02.362
12.02	12.00	0.009313	02.462
12.02	12.00	0.009330	02.567
12.02	12.00	0.009346	02.661
12.02	12.00	0.009363	02.761
12.02	12.00	0.009380	02.865
12.02	12.00	0.009396	02.960
12.02	12.00	0.009413	03.059
12.02	12.00	0.009430	03.164
12.02	12.00	0.009446	03.258
12.02	12.00	0.009463	03.357
12.02	12.00	0.009480	03.462
11.99	12.00	0.009496	03.557
11.99	12.00	0.009513	03.657
11.99	12.00	0.009530	03.761
11.99	12.00	0.009546	03.857
11.99	12.00	0.009563	03.957
11.99	12.00	0.009579	04.059
11.99	12.00	0.009596	04.157
11.99	12.00	0.009613	04.257
11.99	12.00	0.009629	04.358
11.99	12.00	0.009646	04.457
11.99	12.00	0.009663	04.557
11.99	12.00	0.009679	04.657
11.99	12.00	0.009696	04.757
11.99	12.00	0.009713	04.857
11.99	12.00	0.009729	04.958
11.99	12.00	0.009746	05.057
11.99	12.00	0.009763	05.158
11.99	12.00	0.009779	05.258
11.99	12.00	0.009796	05.358
11.99	12.00	0.009813	05.458
11.99	12.00	0.009829	05.558
11.99	12.00	0.009846	05.658
11.99	12.00	0.009863	05.758
11.99	12.00	0.009879	05.858
11.99	12.00	0.009896	05.958
11.99	12.00	0.009913	06.058
11.99	12.00	0.009929	06.158
11.99	12.00	0.009946	06.258
11.99	12.00	0.009963	06.358
11.99	12.00	0.009979	06.458
11.99	12.00	0.009996	06.559
11.99	12.00	0.010013	06.658
12.02	12.00	0.010029	06.758
12.02	12.00	0.010046	06.858
12.02	12.00	0.010063	06.958
12.02	12.00	0.010079	07.058
12.02	12.00	0.010096	07.158
12.02	12.00	0.010113	07.259
12.02	12.00	0.010129	07.358
12.02	12.00	0.010146	07.458
12.02	12.00	0.010163	07.558
11.99	12.00	0.010179	07.658
11.99	12.00	0.010196	07.758
11.99	12.00	0.010213	07.858
11.99	12.00	0.010229	07.958
11.99	12.00	0.010246	08.058
11.99	12.00	0.010263	08.159
11.99	12.00	0.010279	08.259
11.99	12.00	0.010296	08.360
11.99	12.00	0.010313	08.459
11.99	12.00	0.010329	08.559
11.99	12.00	0.010346	08.688
11.99	12.00	0.010363	08.783
11.99	12.00	0.010379	08.882
11.99	12.00	0.010396	08.987
11.99	12.00	0.010412	09.082
11.99	12.00	0.010429	09.181
11.99	12.00	0.010446	09.286
11.99	12.00	0.010462	09.380
11.99	12.00	0.010479	09.480
11.99	12.00	0.010496	09.584
11.99	12.00	0.010512	09.679
11.99	12.00	0.010529	09.780
12.02	12.00	0.010546	09.883
12.02	12.00	0.010562	09.978
12.02	12.00	0.010579	10.080
12.02	12.00	0.010596	10.182
12.02	12.00	0.010612	10.276
12.02	12.00	0.010629	10.381
12.02	12.00	0.010646	10.480
12.02	12.00	0.010662	10.575
12.02	12.00	0.010679	10.679
12.02	12.00	0.010696	10.779
12.02	12.00	0.010712	10.874
12.02	12.00	0.010729	10.978
12.02	12.00	0.010746	11.078
12.02	12.00	0.010762	11.172
11.99	12.00	0.010779	11.277
11.99	12.00	0.010796	11.370
11.99	12.00	0.010812	11.471
11.99	12.00	0.010829	11.576
11.99	12.00	0.010846	11.669
11.99	12.00	0.010862	11.769
11.99	12.00	0.010879	11.873
11.99	12.00	0.010896	11.968
11.99	12.00	0.010912	12.067
11.99	12.00	0.010929	12.172
11.99	12.00	0.010946	12.267
11.99	12.00	0.010962	12.366
11.99	12.00	0.010979	12.471
11.99	12.00	0.010996	12.565
11.99	12.00	0.011012	12.665
11.99	12.00	0.011029	12.769
11.99	12.00	0.011046	12.864
11.99	12.00	0.011062	12.963
11.99	12.00	0.011079	13.068
11.99	12.00	0.011096	13.163
11.99	12.00	0.011112	13.262
11.99	12.00	0.011129	13.367
11.99	12.00	0.011146	13.461
11.99	12.00	0.011162	13.562
11.99	12.00	0.011179	13.665
11.99	12.00	0.011196	13.761
11.99	12.00	0.011212	13.863
11.99	12.00	0.011229	13.964
11.99	12.00	0.011245	14.061
11.99	12.00	0.011262	14.163
11.99	12.00	0.011279	14.262
11.99	12.00	0.011295	14.361
11.99	12.00	0.011312	14.461
11.99	12.00	0.011329	14.561
12.02	12.00	0.011345	14.662
12.02	12.00	0.011362	14.761
12.02	12.00	0.011379	14.861
12.02	12.00	0.011395	14.961
12.02	12.00	0.011412	15.061
12.02	12.00	0.011429	15.161
12.02	12.00	0.011445	15.261
12.02	12.00	0.011462	15.361
12.02	12.00	0.011479	15.461
12.02	12.00	0.011495	15.561
12.02	12.00	0.011512	15.661
12.02	12.00	0.011529	15.761
12.02	12.00	0.011545	15.861
11.99	12.00	0.011562	15.961
11.99	12.00	0.011579	16.061
11.99	12.00	0.011595	16.161
11.99	12.00	0.011612	16.262
11.99	12.00	0.011629	16.361
11.99	12.00	0.011645	16.461
11.99	12.00	0.011662	16.561
11.99	12.00	0.011679	16.661
11.99	12.00	0.011695	16.761
11.99	12.00	0.011712	16.861
11.99	12.00	0.011729	16.961
11.99	12.00	0.011745	17.061
11.99	12.00	0.011762	17.161
11.99	12.00	0.011779	17.261
11.99	12.00	0.011795	17.361
11.99	12.00	0.011812	17.461
11.99	12.00	0.011829	17.561
11.99	12.00	0.011845	17.661
11.99	12.00	0.011862	17.761
11.99	12.00	0.011879	17.861
11.99	12.00	0.011895	17.961
11.99	12.00	0.011912	18.061
11.99	12.00	0.011929	18.161
11.99	12.00	0.011945	18.261
12.02	12.00	0.011962	18.361
12.02	12.00	0.011979	18.461
12.02	12.00	0.011995	18.561
12.02	12.00	0.012012	18.661
12.02	12.00	0.012029	18.762
12.02	12.00	0.012045	18.861
12.02	12.00	0.012062	18.961
12.02	12.00	0.012078	19.061
12.02	12.00	0.012095	19.161
12.02	12.00	0.012112	19.285
11.99	12.00	0.012128	19.361
11.99	12.00	0.012145	19.489
11.99	12.00	0.012162	19.584
11.99	12.00	0.012178	19.662
11.99	12.00	0.012195	19.788
11.99	12.00	0.012212	19.883
11.99	12.00	0.012228	19.961
11.99	12.00	0.012245	20.087
11.99	12.00	0.012262	20.180
11.99	12.00	0.012278	20.286
11.99	12.00	0.012295	20.384
11.99	12.00	0.012312	20.479
11.99	12.00	0.012328	20.584
11.99	12.00	0.012345	20.683
11.99	12.00	0.012362	20.778
11.99	12.00	0.012378	20.882
11.99	12.00	0.012395	20.982
11.99	12.00	0.012412	21.077
11.99	12.00	0.012428	21.181
11.99	12.00	0.012445	21.276
11.99	12.00	0.012462	21.376
11.99	12.00	0.012478	21.480
11.99	12.00	0.012495	21.575
11.99	12.00	0.012512	21.674
11.99	12.00	0.012528	21.779
11.99	12.00	0.012545	21.873
11.99	12.00	0.012562	21.973
11.99	12.00	0.012578	22.077
11.99	12.00	0.012595	22.172
11.99	12.00	0.012612	22.272
11.99	12.00	0.012628	22.376
12.02	12.00	0.012645	22.471
12.02	12.00	0.012662	22.570
12.02	12.00	0.012678	22.675
12.02	12.00	0.012695	22.769
12.02	12.00	0.012712	22.869
12.02	12.00	0.012728	22.974
12.02	12.00	0.012745	23.068
12.02	12.00	0.012762	23.168
12.02	12.00	0.012778	23.272
12.02	12.00	0.012795	23.366
12.02	12.00	0.012812	23.468
12.02	12.00	0.012828	23.571
11.99	12.00	0.012845	23.664
11.99	12.00	0.012862	23.768
11.99	12.00	0.012878	23.869
11.99	12.00	0.012895	23.963
11.99	12.00	0.012911	24.068
11.99	12.00	0.012928	24.167
11.99	12.00	0.012945	24.262
11.99	12.00	0.012961	24.366
11.99	12.00	0.012978	24.466
11.99	12.00	0.012995	24.562
11.99	12.00	0.013011	24.665
11.99	12.00	0.013028	24.765
11.99	12.00	0.013045	24.861
11.99	12.00	0.013061	24.964
11.99	12.00	0.013078	25.064
11.99	12.00	0.013095	25.162
11.99	12.00	0.013111	25.262
11.99	12.00	0.013128	25.365
11.99	12.00	0.013145	25.462
11.99	12.00	0.013161	25.562
11.99	12.00	0.013178	25.665
11.99	12.00	0.013195	25.762
12.02	12.00	0.013211	25.862
12.02	12.00	0.013228	25.965
12.02	12.00	0.013245	26.062
12.02	12.00	0.013261	26.162
12.02	12.00	0.013278	26.265
12.02	12.00	0.013295	26.362
12.02	12.00	0.013311	26.462
12.02	12.00	0.013328	26.565
12.02	12.00	0.013345	26.662
11.99	12.00	0.013361	26.762
11.99	12.00	0.013378	26.866
11.99	12.00	0.013395	26.962
11.99	12.00	0.013411	27.062
11.99	12.00	0.013428	27.166
11.99	12.00	0.013445	27.262
11.99	12.00	0.013461	27.362
11.99	12.00	0.013478	27.465
11.99	12.00	0.013495	27.562
11.99	12.00	0.013511	27.662
11.99	12.00	0.013528	27.766
11.99	12.00	0.013545	27.862
11.99	12.00	0.013561	27.962
11.99	12.00	0.013578	28.066
11.99	12.00	0.013595	28.162
11.99	12.00	0.013611	28.262
11.99	12.00	0.013628	28.367
11.99	12.00	0.013645	28.462
11.99	12.00	0.013661	28.562
11.99	12.00	0.013678	28.666
11.99	12.00	0.013695	28.762
11.99	12.00	0.013711	28.862
11.99	12.00	0.013728	28.966
11.99	12.00	0.013744	29.062
12.02	12.00	0.013761	29.163
12.02	12.00	0.013778	29.267
12.02	12.00	0.013794	29.362
12.02	12.00	0.013811	29.462
12.02	12.00	0.013828	29.562
12.02	12.00	0.013844	29.662
12.02	12.00	0.013861	29.762
12.02	12.00	0.013878	29.862
12.02	12.00	0.013894	29.961
12.02	12.00	0.013911	30.061
12.02	12.00	0.013928	30.190
11.99	12.00	0.013944	30.290
11.99	12.00	0.013961	30.384
11.99	12.00	0.013978	30.489
11.99	12.00	0.013994	30.588
11.99	12.00	0.014011	30.683
11.99	12.00	0.014028	30.788
11.99	12.00	0.014044	30.882
11.99	12.00	0.014061	30.981
11.99	12.00	0.014078	31.086
11.99	12.00	0.014094	31.180
11.99	12.00	0.014111	31.280
11.99	12.00	0.014128	31.384
11.99	12.00	0.014144	31.479
11.99	12.00	0.014161	31.579
11.99	12.00	0.014178	31.683
11.99	12.00	0.014194	31.778
11.99	12.00	0.014211	31.877
11.99	12.00	0.014228	31.982
11.99	12.00	0.014244	32.076
11.99	12.00	0.014261	32.176
11.99	12.00	0.014278	32.281
11.99	12.00	0.014294	32.375
11.99	12.00	0.014311	32.475
11.99	12.00	0.014328	32.579
11.99	12.00	0.014344	32.674
12.02	12.00	0.014361	32.773
12.02	12.00	0.014378	32.878
12.02	12.00	0.014394	32.972
12.02	12.00	0.014411	33.073
12.02	12.00	0.014428	33.177
12.02	12.00	0.014444	33.271
12.02	12.00	0.014461	33.374
12.02	12.00	0.014478	33.475
12.02	12.00	0.014494	33.570
12.02	12.00	0.014511	33.673
11.99	12.00	0.014528	33.774
11.99	12.00	0.014544	33.869
11.99	12.00	0.014561	33.973
11.99	12.00	0.014577	34.073
11.99	12.00	0.014594	34.167
11.99	12.00	0.014611	34.272
11.99	12.00	0.014627	34.371
11.99	12.00	0.014644	34.466
11.99	12.00	0.014661	34.570
11.99	12.00	0.014677	34.664
11.99	12.00	0.014694	34.764
11.99	12.00	0.014711	34.869
11.99	12.00	0.014727	34.964
11.99	12.00	0.014744	35.063
11.99	12.00	0.014761	35.168
11.99	12.00	0.014777	35.262
11.99	12.00	0.014794	35.362
11.99	12.00	0.014811	35.465
11.99	12.00	0.014827	35.562
11.99	12.00	0.014844	35.662
11.99	12.00	0.014861	35.764
11.99	12.00	0.014877	35.862
11.99	12.00	0.014894	35.962
11.99	12.00	0.014911	36.063
11.99	12.00	0.014927	36.162
11.99	12.00	0.014944	36.262
11.99	12.00	0.014961	36.362
11.99	12.00	0.014977	36.462
12.02	12.00	0.014994	36.562
12.02	12.00	0.015011	36.662
12.02	12.00	0.015027	36.762
12.02	12.00	0.015044	36.862
12.02	12.00	0.015061	36.962
12.02	12.00	0.015077	37.062
12.02	12.00	0.015094	37.162
12.02	12.00	0.015111	37.263
12.02	12.00	0.015127	37.362
12.02	12.00	0.015144	37.462
12.02	12.00	0.015161	37.562
12.02	12.00	0.015177	37.662
11.99	12.00	0.015194	37.762
11.99	12.00	0.015211	37.862
11.99	12.00	0.015227	37.962
11.99	12.00	0.015244	38.062
11.99	12.00	0.015261	38.162
11.99	12.00	0.015277	38.262
11.99	12.00	0.015294	38.362
11.99	12.00	0.015311	38.462
11.99	12.00	0.015327	38.562
11.99	12.00	0.015344	38.663
11.99	12.00	0.015361	38.762
11.99	12.00	0.015377	38.862
11.99	12.00	0.015394	38.962
11.99	12.00	0.015410	39.062
11.99	12.00	0.015427	39.162
11.99	12.00	0.015444	39.262
11.99	12.00	0.015460	39.362
11.99	12.00	0.015477	39.462
11.99	12.00	0.015494	39.562
11.99	12.00	0.015510	39.662
11.99	12.00	0.015527	39.762
11.99	12.00	0.015544	39.862
11.99	12.00	0.015560	39.963
11.99	12.00	0.015577	40.062
11.99	12.00	0.015594	40.162
11.99	12.00	0.015610	40.262
12.02	12.00	0.015627	40.362
12.02	12.00	0.015644	40.462
12.02	12.00	0.015660	40.562
12.02	12.00	0.015677	40.662
12.02	12.00	0.015694	40.762
12.02	12.00	0.015710	40.862
12.02	12.00	0.015727	40.992
12.02	12.00	0.015744	41.085
12.02	12.00	0.015760	41.185
12.02	12.00	0.015777	41.289
11.99	12.00	0.015794	41.384
11.99	12.00	0.015810	41.483
11.99	12.00	0.015827	41.588
11.99	12.00	0.015844	41.683
11.99	12.00	0.015860	41.782
11.99	12.00	0.015877	41.887
11.99	12.00	0.015894	41.981
11.99	12.00	0.015910	42.081
11.99	12.00	0.015927	42.185
11.99	12.00	0.015944	42.280
11.99	12.00	0.015960	42.379
11.99	12.00	0.015977	42.484
11.99	12.00	0.015994	42.579
11.99	12.00	0.016010	42.679
11.99	12.00	0.016027	42.783
11.99	12.00	0.016044	42.877
11.99	12.00	0.016060	42.979
11.99	12.00	0.016077	43.081
11.99	12.00	0.016094	43.176
11.99	12.00	0.016110	43.278
11.99	12.00	0.016127	43.380
11.99	12.00	0.016144	43.475
11.99	12.00	0.016160	43.579
11.99	12.00	0.016177	43.679
11.99	12.00	0.016194	43.773
11.99	12.00	0.016210	43.878
11.99	12.00	0.016227	43.977
11.99	12.00	0.016244	44.072
11.99	12.00	0.016260	44.177
12.02	12.00	0.016277	44.276
12.02	12.00	0.016293	44.371
12.02	12.00	0.016310	44.475
12.02	12.00	0.016327	44.570
12.02	12.00	0.016343	44.669
12.02	12.00	0.016360	44.774
12.02	12.00	0.016377	44.869
12.02	12.00	0.016393	44.968
12.02	12.00	0.016410	45.073
12.02	12.00	0.016427	45.167
12.02	12.00	0.016443	45.267
12.02	12.00	0.016460	45.371
11.99	12.00	0.016477	45.465
11.99	12.00	0.016493	45.564
11.99	12.00	0.016510	45.669
11.99	12.00	0.016527	45.764
11.99	12.00	0.016543	45.864
11.99	12.00	0.016560	45.968
11.99	12.00	0.016577	46.064
11.99	12.00	0.016593	46.164
11.99	12.00	0.016610	46.266
11.99	12.00	0.016627	46.364
11.99	12.00	0.016643	46.465
11.99	12.00	0.016660	46.565
11.99	12.00	0.016677	46.664
11.99	12.00	0.016693	46.764
11.99	12.00	0.016710	46.864
11.99	12.00	0.016727	46.964
11.99	12.00	0.016743	47.064
11.99	12.00	0.016760	47.164
11.99	12.00	0.016777	47.264
11.99	12.00	0.016793	47.364
11.99	12.00	0.016810	47.464
11.99	12.00	0.016827	47.564
11.99	12.00	0.016843	47.664
11.99	12.00	0.016860	47.764
11.99	12.00	0.016877	47.864
12.02	12.00	0.016893	47.964
12.02	12.00	0.016910	48.064
12.02	12.00	0.016927	48.164
12.02	12.00	0.016943	48.264
12.02	12.00	0.016960	48.364
12.02	12.00	0.016977	48.464
12.02	12.00	0.016993	48.564
12.02	12.00	0.017010	48.664
12.02	12.00	0.017027	48.764
12.02	12.00	0.017043	48.864
12.02	12.00	0.017060	48.965
11.99	12.00	0.017077	49.064
11.99	12.00	0.017093	49.164
11.99	12.00	0.017110	49.264
11.99	12.00	0.017126	49.364
11.99	12.00	0.017143	49.464
11.99	12.00	0.017160	49.564
11.99	12.00	0.017176	49.664
11.99	12.00	0.017193	49.764
11.99	12.00	0.017210	49.865
11.99	12.00	0.017226	49.964
11.99	12.00	0.017243	50.064
11.99	12.00	0.017260	50.164
11.99	12.00	0.017276	50.264
11.99	12.00	0.017293	50.364
11.99	12.00	0.017310	50.464
11.99	12.00	0.017326	50.564
11.99	12.00	0.017343	50.664
11.99	12.00	0.017360	50.764
11.99	12.00	0.017376	50.864
11.99	12.00	0.017393	50.964
11.99	12.00	0.017410	51.064
11.99	12.00	0.017426	51.164
11.99	12.00	0.017443	51.264
12.02	12.00	0.017460	51.364
12.02	12.00	0.017476	51.493
12.02	12.00	0.017493	51.588
12.02	12.00	0.017510	51.688
12.02	12.00	0.017526	51.792
12.02	12.00	0.017543	51.887
12.02	12.00	0.017560	51.986
12.02	12.00	0.017576	52.091
12.02	12.00	0.017593	52.185
11.99	12.00	0.017610	52.284
11.99	12.00	0.017626	52.388
11.99	12.00	0.017643	52.483
11.99	12.00	0.017660	52.585
11.99	12.00	0.017676	52.687
11.99	12.00	0.017693	52.782
11.99	12.00	0.017710	52.884
11.99	12.00	0.017726	52.986
11.99	12.00	0.017743	53.080
11.99	12.00	0.017760	53.185
11.99	12.00	0.017776	53.285
11.99	12.00	0.017793	53.379
11.99	12.00	0.017810	53.484
11.99	12.00	0.017826	53.583
11.99	12.00	0.017843	53.678
11.99	12.00	0.017860	53.782
11.99	12.00	0.017876	53.881
11.99	12.00	0.017893	53.977
11.99	12.00	0.017910	54.081
11.99	12.00	0.017926	54.176
11.99	12.00	0.017943	54.275
11.99	12.00	0.017959	54.380
11.99	12.00	0.017976	54.474
11.99	12.00	0.017993	54.574
11.99	12.00	0.018009	54.678
11.99	12.00	0.018026	54.773
11.99	12.00	0.018043	54.873
12.02	12.00	0.018059	54.977
12.02	12.00	0.018076	55.072
12.02	12.00	0.018093	55.171
12.02	12.00	0.018109	55.276
12.02	12.00	0.018126	55.370
12.02	12.00	0.018143	55.470
12.02	12.00	0.018159	55.575
12.02	12.00	0.018176	55.669
12.02	12.00	0.018193	55.769
12.02	12.00	0.018209	55.873
12.02	12.00	0.018226	55.968
12.02	12.00	0.018243	56.067
11.99	12.00	0.018259	56.172
11.99	12.00	0.018276	56.266
11.99	12.00	0.018293	56.366
11.99	12.00	0.018309	56.470
11.99	12.00	0.018326	56.564
11.99	12.00	0.018343	56.667
11.99	12.00	0.018359	56.768
11.99	12.00	0.018376	56.864
11.99	12.00	0.018393	56.966
11.99	12.00	0.018409	57.067
11.99	12.00	0.018426	57.165
11.99	12.00	0.018443	57.266
11.99	12.00	0.018459	57.366
11.99	12.00	0.018476	57.464
11.99	12.00	0.018493	57.565
11.99	12.00	0.018509	57.664
11.99	12.00	0.018526	57.764
11.99	12.00	0.018543	57.864
11.99	12.00	0.018559	57.964
11.99	12.00	0.018576	58.064
11.99	12.00	0.018593	58.164
11.99	12.00	0.018609	58.264
11.99	12.00	0.018626	58.364
11.99	12.00	0.018643	58.464
11.99	12.00	0.018659	58.564
11.99	12.00	0.018676	58.664
12.02	12.00	0.018693	58.764
12.02	12.00	0.018709	58.864
12.02	12.00	0.018726	58.964
12.02	12.00	0.018743	59.064
12.02	12.00	0.018759	59.164
12.02	12.00	0.018776	59.264
12.02	12.00	0.018792	59.364
12.02	12.00	0.018809	59.464
12.02	12.00	0.018826	59.564
12.02	12.00	0.018842	59.665
12.02	12.00	0.018859	59.764
11.99	12.00	0.018876	59.864
11.99	12.00	0.018892	59.964
11.99	12.00	0.018909	00.064
11.99	12.00	0.018926	00.164
11.99	12.00	0.018942	00.264
11.99	12.00	0.018959	00.365
11.99	12.00	0.018976	00.464
11.99	12.00	0.018992	00.564
11.99	12.00	0.019009	00.664
11.99	12.00	0.019026	00.764
11.99	12.00	0.019042	00.864
11.99	12.00	0.019059	00.965
11.99	12.00	0.019076	01.065
11.99	12.00	0.019092	01.165
11.99	12.00	0.019109	01.265
11.99	12.00	0.019126	01.365
11.99	12.00	0.019142	01.465
11.99	12.00	0.019159	01.565
11.99	12.00	0.019176	01.665
11.99	12.00	0.019192	01.765
11.99	12.00	0.019209	01.865
12.02	12.00	0.019226	01.966
12.02	12.00	0.019242	02.065
12.02	12.00	0.019259	02.166
12.02	12.00	0.019276	02.294
12.02	12.00	0.019292	02.389
12.02	12.00	0.019309	02.490
12.02	12.00	0.019326	02.593
12.02	12.00	0.019342	02.687
12.02	12.00	0.019359	02.766
12.02	12.00	0.019376	02.891
11.99	12.00	0.019392	02.985
11.99	12.00	0.019409	03.090
11.99	12.00	0.019426	03.189
11.99	12.00	0.019442	03.284
11.99	12.00	0.019459	03.388
11.99	12.00	0.019476	03.488
11.99	12.00	0.019492	03.582
11.99	12.00	0.019509	03.687
11.99	12.00	0.019526	03.787
11.99	12.00	0.019542	03.881
11.99	12.00	0.019559	03.986
11.99	12.00	0.019576	04.080
11.99	12.00	0.019592	04.180
11.99	12.00	0.019609	04.284
11.99	12.00	0.019625	04.379
11.99	12.00	0.019642	04.478
11.99	12.00	0.019659	04.583
11.99	12.00	0.019675	04.678
11.99	12.00	0.019692	04.777
11.99	12.00	0.019709	04.882
11.99	12.00	0.019725	04.976
12.02	12.00	0.019742	05.076
12.02	12.00	0.019759	05.180
12.02	12.00	0.019775	05.275
12.02	12.00	0.019792	05.375
12.02	12.00	0.019809	05.479
12.02	12.00	0.019825	05.574
12.02	12.00	0.019842	05.673
12.02	12.00	0.019859	05.778
12.02	12.00	0.019875	05.872
12.02	12.00	0.019892	05.972
11.99	12.00	0.019909	06.077
11.99	12.00	0.019925	06.171
11.99	12.00	0.019942	06.272
11.99	12.00	0.019959	06.375
11.99	12.00	0.019975	06.470
11.99	12.00	0.019992	06.572
11.99	12.00	0.020009	06.674
11.99	12.00	0.020025	06.767
11.99	12.00	0.020042	06.872
11.99	12.00	0.020059	06.972
11.99	12.00	0.020075	07.067
11.99	12.00	0.020092	07.171
11.99	12.00	0.020109	07.270
11.99	12.00	0.020125	07.367
11.99	12.00	0.020142	07.469
11.99	12.00	0.020159	07.569
11.99	12.00	0.020175	07.668
11.99	12.00	0.020192	07.768
11.99	12.00	0.020209	07.869
11.99	12.00	0.020225	07.967
11.99	12.00	0.020242	08.067
11.99	12.00	0.020259	08.168
11.99	12.00	0.020275	08.267
11.99	12.00	0.020292	08.367
11.99	12.00	0.020309	08.469
11.99	12.00	0.020325	08.567
11.99	12.00	0.020342	08.667
12.02	12.00	0.020359	08.769
12.02	12.00	0.020375	08.867
12.02	12.00	0.020392	08.967
12.02	12.00	0.020409	09.069
12.02	12.00	0.020425	09.167
12.02	12.00	0.020442	09.267
12.02	12.00	0.020458	09.369
12.02	12.00	0.020475	09.467
12.02	12.00	0.020492	09.567
11.99	12.00	0.020508	09.670
11.99	12.00	0.020525	09.767
11.99	12.00	0.020542	09.867
11.99	12.00	0.020558	09.970
11.99	12.00	0.020575	10.067
11.99	12.00	0.020592	10.167
11.99	12.00	0.020608	10.270
11.99	12.00	0.020625	10.367
11.99	12.00	0.020642	10.467
11.99	12.00	0.020658	10.571
11.99	12.00	0.020675	10.667
11.99	12.00	0.020692	10.767
11.99	12.00	0.020708	10.870
11.99	12.00	0.020725	10.967
11.99	12.00	0.020742	11.068
11.99	12.00	0.020758	11.170
11.99	12.00	0.020775	11.267
11.99	12.00	0.020792	11.367
11.99	12.00	0.020808	11.471
12.02	12.00	0.020825	11.567
12.02	12.00	0.020842	11.667
12.02	12.00	0.020858	11.771
12.02	12.00	0.020875	11.867
12.02	12.00	0.020892	11.968
12.02	12.00	0.020908	12.071
12.02	12.00	0.020925	12.167
12.02	12.00	0.020942	12.267
12.02	12.00	0.020958	12.371
12.02	12.00	0.020975	12.467
12.02	12.00	0.020992	12.567
11.99	12.00	0.021008	12.671
11.99	12.00	0.021025	12.796
11.99	12.00	0.021042	12.890
11.99	12.00	0.021058	12.995
11.99	12.00	0.021075	13.095
11.99	12.00	0.021092	13.189
11.99	12.00	0.021108	13.294
11.99	12.00	0.021125	13.393
11.99	12.00	0.021142	13.488
11.99	12.00	0.021158	13.592
11.99	12.00	0.021175	13.687
11.99	12.00	0.021192	13.786
11.99	12.00	0.021208	13.890
11.99	12.00	0.021225	13.985
11.99	12.00	0.021242	14.084
11.99	12.00	0.021258	14.189
11.99	12.00	0.021275	14.283
11.99	12.00	0.021291	14.383
11.99	12.00	0.021308	14.487
11.99	12.00	0.021325	14.583
11.99	12.00	0.021341	14.682
11.99	12.00	0.021358	14.787
11.99	12.00	0.021375	14.881
12.02	12.00	0.021391	14.981
12.02	12.00	0.021408	15.085
12.02	12.00	0.021425	15.180
12.02	12.00	0.021441	15.280
12.02	12.00	0.021458	15.384
12.02	12.00	0.021475	15.479
12.02	12.00	0.021491	15.578
12.02	12.00	0.021508	15.683
12.02	12.00	0.021525	15.777
12.02	12.00	0.021541	15.878
11.99	12.00	0.021558	15.981
11.99	12.00	0.021575	16.076
11.99	12.00	0.021591	16.178
11.99	12.00	0.021608	16.280
11.99	12.00	0.021625	16.374
11.99	12.00	0.021641	16.478
11.99	12.00	0.021658	16.578
11.99	12.00	0.021675	16.672
11.99	12.00	0.021691	16.777
11.99	12.00	0.021708	16.877
11.99	12.00	0.021725	16.971
11.99	12.00	0.021741	17.076
11.99	12.00	0.021758	17.175
11.99	12.00	0.021775	17.270
11.99	12.00	0.021791	17.374
11.99	12.00	0.021808	17.474
11.99	12.00	0.021825	17.568
11.99	12.00	0.021841	17.673
11.99	12.00	0.021858	17.768
11.99	12.00	0.021875	17.867
11.99	12.00	0.021891	17.972
11.99	12.00	0.021908	18.067
11.99	12.00	0.021925	18.167
11.99	12.00	0.021941	18.270
11.99	12.00	0.021958	18.367
11.99	12.00	0.021975	18.468
11.99	12.00	0.021991	18.569
11.99	12.00	0.022008	18.667
12.02	12.00	0.022025	18.767
12.02	12.00	0.022041	18.868
12.02	12.00	0.022058	18.967
12.02	12.00	0.022075	19.067
12.02	12.00	0.022091	19.167
12.02	12.00	0.022108	19.267
12.02	12.00	0.022124	19.367
12.02	12.00	0.022141	19.467
12.02	12.00	0.022158	19.567
12.02	12.00	0.022174	19.667
12.02	12.00	0.022191	19.767
11.99	12.00	0.022208	19.867
11.99	12.00	0.022224	19.967
11.99	12.00	0.022241	20.068
11.99	12.00	0.022258	20.167
11.99	12.00	0.022274	20.267
11.99	12.00	0.022291	20.367
11.99	12.00	0.022308	20.467
11.99	12.00	0.022324	20.567
11.99	12.00	0.022341	20.667
11.99	12.00	0.022358	20.767
11.99	12.00	0.022374	20.868
11.99	12.00	0.022391	20.967
11.99	12.00	0.022408	21.067
11.99	12.00	0.022424	21.167
11.99	12.00	0.022441	21.267
11.99	12.00	0.022458	21.367
11.99	12.00	0.022474	21.467
11.99	12.00	0.022491	21.567
12.02	12.00	0.022508	21.667
12.02	12.00	0.022524	21.768
12.02	12.00	0.022541	21.867
12.02	12.00	0.022558	21.967
12.02	12.00	0.022574	22.067
12.02	12.00	0.022591	22.167
12.02	12.00	0.022608	22.267
12.02	12.00	0.022624	22.367
12.02	12.00	0.022641	22.467
12.02	12.00	0.022658	22.567
12.02	12.00	0.022674	22.667
11.99	12.00	0.022691	22.767
11.99	12.00	0.022708	22.867
11.99	12.00	0.022724	22.967
11.99	12.00	0.022741	23.067
11.99	12.00	0.022758	23.167
11.99	12.00	0.022774	23.267
11.99	12.00	0.022791	23.368
11.99	12.00	0.022808	23.467
11.99	12.00	0.022824	23.567
11.99	12.00	0.022841	23.691
11.99	12.00	0.022858	23.796
11.99	12.00	0.022874	23.890
11.99	12.00	0.022891	23.990
11.99	12.00	0.022908	24.094
11.99	12.00	0.022924	24.189
11.99	12.00	0.022941	24.288
11.99	12.00	0.022957	24.393
11.99	12.00	0.022974	24.488
11.99	12.00	0.022991	24.587
11.99	12.00	0.023007	24.692
11.99	12.00	0.023024	24.786
11.99	12.00	0.023041	24.886
11.99	12.00	0.023057	24.989
12.02	12.00	0.023074	25.085
12.02	12.00	0.023091	25.185
12.02	12.00	0.023107	25.289
12.02	12.00	0.023124	25.384
12.02	12.00	0.023141	25.484
12.02	12.00	0.023157	25.587
12.02	12.00	0.023174	25.682
12.02	12.00	0.023191	25.783
12.02	12.00	0.023207	25.886
12.02	12.00	0.023224	25.980
11.99	12.00	0.023241	26.084
11.99	12.00	0.023257	26.184
11.99	12.00	0.023274	26.279
11.99	12.00	0.023291	26.384
11.99	12.00	0.023307	26.483
11.99	12.00	0.023324	26.578
11.99	12.00	0.023341	26.682
11.99	12.00	0.023357	26.781
11.99	12.00	0.023374	26.876
11.99	12.00	0.023391	26.981
11.99	12.00	0.023407	27.081
11.99	12.00	0.023424	27.175
11.99	12.00	0.023441	27.280
11.99	12.00	0.023457	27.374
11.99	12.00	0.023474	27.474
11.99	12.00	0.023491	27.578
11.99	12.00	0.023507	27.673
11.99	12.00	0.023524	27.772
11.99	12.00	0.023541	27.877
11.99	12.00	0.023557	27.972
11.99	12.00	0.023574	28.071
11.99	12.00	0.023591	28.175
11.99	12.00	0.023607	28.269
12.02	12.00	0.023624	28.370
12.02	12.00	0.023641	28.474
12.02	12.00	0.023657	28.569
12.02	12.00	0.023674	28.669
12.02	12.00	0.023691	28.773
12.02	12.00	0.023707	28.868
12.02	12.00	0.023724	28.967
12.02	12.00	0.023741	29.072
12.02	12.00	0.023757	29.167
12.02	12.00	0.023774	29.267
11.99	12.00	0.023790	29.370
11.99	12.00	0.023807	29.468
11.99	12.00	0.023824	29.568
11.99	12.00	0.023840	29.668
11.99	12.00	0.023857	29.768
11.99	12.00	0.023874	29.868
11.99	12.00	0.023890	29.968
11.99	12.00	0.023907	30.068
11.99	12.00	0.023924	30.168
11.99	12.00	0.023940	30.269
11.99	12.00	0.023957	30.368
11.99	12.00	0.023974	30.468
11.99	12.00	0.023990	30.568
11.99	12.00	0.024007	30.668
11.99	12.00	0.024024	30.768
11.99	12.00	0.024040	30.868
11.99	12.00	0.024057	30.968
11.99	12.00	0.024074	31.068
11.99	12.00	0.024090	31.168
11.99	12.00	0.024107	31.268
11.99	12.00	0.024124	31.368
12.02	12.00	0.024140	31.468
12.02	12.00	0.024157	31.568
12.02	12.00	0.024174	31.668
12.02	12.00	0.024190	31.768
12.02	12.00	0.024207	31.869
12.02	12.00	0.024224	31.968
12.02	12.00	0.024240	32.068
12.02	12.00	0.024257	32.168
12.02	12.00	0.024274	32.268
12.02	12.00	0.024290	32.368
11.99	12.00	0.024307	32.468
11.99	12.00	0.024324	32.568
11.99	12.00	0.024340	32.669
11.99	12.00	0.024357	32.768
11.99	12.00	0.024374	32.868
11.99	12.00	0.024390	32.968
11.99	12.00	0.024407	33.068
11.99	12.00	0.024424	33.168
11.99	12.00	0.024440	33.268
11.99	12.00	0.024457	33.368
11.99	12.00	0.024474	33.468
11.99	12.00	0.024490	33.569
11.99	12.00	0.024507	33.668
11.99	12.00	0.024524	33.768
11.99	12.00	0.024540	33.868
11.99	12.00	0.024557	33.968
11.99	12.00	0.024574	34.068
11.99	12.00	0.024590	34.168
11.99	12.00	0.024607	34.297
11.99	12.00	0.024623	34.392
11.99	12.00	0.024640	34.491
12.02	12.00	0.024657	34.596
12.02	12.00	0.024673	34.691
12.02	12.00	0.024690	34.790
12.02	12.00	0.024707	34.895
12.02	12.00	0.024723	34.989
12.02	12.00	0.024740	35.089
12.02	12.00	0.024757	35.193
12.02	12.00	0.024773	35.288
12.02	12.00	0.024790	35.390
12.02	12.00	0.024807	35.492
12.02	12.00	0.024823	35.587
12.02	12.00	0.024840	35.689
11.99	12.00	0.024857	35.791
11.99	12.00	0.024873	35.885
11.99	12.00	0.024890	35.989
11.99	12.00	0.024907	36.089
11.99	12.00	0.024923	36.184
11.99	12.00	0.024940	36.289
11.99	12.00	0.024957	36.388
11.99	12.00	0.024973	36.483
11.99	12.00	0.024990	36.587
11.99	12.00	0.025007	36.687
11.99	12.00	0.025023	36.781
11.99	12.00	0.025040	36.886
11.99	12.00	0.025057	36.981
11.99	12.00	0.025073	37.080
11.99	12.00	0.025090	37.184
11.99	12.00	0.025107	37.278
11.99	12.00	0.025123	37.378
11.99	12.00	0.025140	37.482
11.99	12.00	0.025157	37.577
11.99	12.00	0.025173	37.677
11.99	12.00	0.025190	37.781
11.99	12.00	0.025207	37.876
11.99	12.00	0.025223	37.975
11.99	12.00	0.025240	38.080
11.99	12.00	0.025257	38.174
11.99	12.00	0.025273	38.274
11.99	12.00	0.025290	38.378
11.99	12.00	0.025307	38.473
11.99	12.00	0.025323	38.573
11.99	12.00	0.025340	38.677
12.02	12.00	0.025357	38.772
12.02	12.00	0.025373	38.871
12.02	12.00	0.025390	38.976
12.02	12.00	0.025407	39.070
12.02	12.00	0.025423	39.171
12.02	12.00	0.025440	39.275
12.02	12.00	0.025456	39.369
12.02	12.00	0.025473	39.472
12.02	12.00	0.025490	39.573
12.02	12.00	0.025506	39.669
12.02	12.00	0.025523	39.771
12.02	12.00	0.025540	39.872
12.02	12.00	0.025556	39.969
12.02	12.00	0.025573	40.071
12.02	12.00	0.025590	40.171
11.99	12.00	0.025606	40.269
11.99	12.00	0.025623	40.370
11.99	12.00	0.025640	40.469
11.99	12.00	0.025656	40.569
11.99	12.00	0.025673	40.669
11.99	12.00	0.025690	40.769
11.99	12.00	0.025706	40.870
11.99	12.00	0.025723	40.969
11.99	12.00	0.025740	41.069
11.99	12.00	0.025756	41.169
11.99	12.00	0.025773	41.269
11.99	12.00	0.025790	41.369
11.99	12.00	0.025806	41.469
11.99	12.00	0.025823	41.569
11.99	12.00	0.025840	41.669
11.99	12.00	0.025856	41.769
11.99	12.00	0.025873	41.869
11.99	12.00	0.025890	41.969
11.99	12.00	0.025906	42.069
11.99	12.00	0.025923	42.169
11.99	12.00	0.025940	42.269
11.99	12.00	0.025956	42.369
11.99	12.00	0.025973	42.469
11.99	12.00	0.025990	42.570
11.99	12.00	0.026006	42.669
11.99	12.00	0.026023	42.769
12.02	12.00	0.026040	42.869
12.02	12.00	0.026056	42.969
12.02	12.00	0.026073	43.069
12.02	12.00	0.026090	43.169
12.02	12.00	0.026106	43.269
12.02	12.00	0.026123	43.369
12.02	12.00	0.026140	43.470
12.02	12.00	0.026156	43.569
12.02	12.00	0.026173	43.669
12.02	12.00	0.026190	43.769
12.02	12.00	0.026206	43.869
12.02	12.00	0.026223	43.969
11.99	12.00	0.026240	44.070
11.99	12.00	0.026256	44.170
11.99	12.00	0.026273	44.269
11.99	12.00	0.026289	44.370
11.99	12.00	0.026306	44.469
11.99	12.00	0.026323	44.569
11.99	12.00	0.026339	44.670
11.99	12.00	0.026356	44.769
11.99	12.00	0.026373	44.870
11.99	12.00	0.026389	44.970
11.99	12.00	0.026406	45.069
11.99	12.00	0.026423	45.193
11.99	12.00	0.026439	45.271
11.99	12.00	0.026456	45.397
11.99	12.00	0.026473	45.492
11.99	12.00	0.026489	45.570
11.99	12.00	0.026506	45.695
11.99	12.00	0.026523	45.789
11.99	12.00	0.026539	45.894
11.99	12.00	0.026556	45.994
11.99	12.00	0.026573	46.088
11.99	12.00	0.026589	46.193
11.99	12.00	0.026606	46.292
11.99	12.00	0.026623	46.387
11.99	12.00	0.026639	46.491
11.99	12.00	0.026656	46.591
11.99	12.00	0.026673	46.686
11.99	12.00	0.026689	46.790
11.99	12.00	0.026706	46.885
11.99	12.00	0.026723	46.984
11.99	12.00	0.026739	47.089
12.02	12.00	0.026756	47.183
12.02	12.00	0.026773	47.283
12.02	12.00	0.026789	47.387
12.02	12.00	0.026806	47.482
12.02	12.00	0.026823	47.582
12.02	12.00	0.026839	47.686
12.02	12.00	0.026856	47.781
12.02	12.00	0.026873	47.880
12.02	12.00	0.026889	47.985
12.02	12.00	0.026906	48.079
12.02	12.00	0.026923	48.179
12.02	12.00	0.026939	48.284
12.02	12.00	0.026956	48.378
11.99	12.00	0.026973	48.478
11.99	12.00	0.026989	48.582
11.99	12.00	0.027006	48.677
11.99	12.00	0.027023	48.777
11.99	12.00	0.027039	48.881
11.99	12.00	0.027056	48.976
11.99	12.00	0.027073	49.077
11.99	12.00	0.027089	49.180
11.99	12.00	0.027106	49.274
11.99	12.00	0.027122	49.377
11.99	12.00	0.027139	49.478
11.99	12.00	0.027156	49.572
11.99	12.00	0.027172	49.677
11.99	12.00	0.027189	49.776
11.99	12.00	0.027206	49.871
11.99	12.00	0.027222	49.975
11.99	12.00	0.027239	50.075
11.99	12.00	0.027256	50.170
11.99	12.00	0.027272	50.274
11.99	12.00	0.027289	50.374
11.99	12.00	0.027306	50.469
11.99	12.00	0.027322	50.573
11.99	12.00	0.027339	50.673
11.99	12.00	0.027356	50.769
11.99	12.00	0.027372	50.871
12.02	12.00	0.027389	50.974
12.02	12.00	0.027406	51.071
12.02	12.00	0.027422	51.170
12.02	12.00	0.027439	51.274
12.02	12.00	0.027456	51.370
12.02	12.00	0.027472	51.470
12.02	12.00	0.027489	51.574
12.02	12.00	0.027506	51.670
12.02	12.00	0.027522	51.771
12.02	12.00	0.027539	51.874
12.02	12.00	0.027556	51.970
11.99	12.00	0.027572	52.070
11.99	12.00	0.027589	52.174
11.99	12.00	0.027606	52.270
11.99	12.00	0.027622	52.370
11.99	12.00	0.027639	52.475
11.99	12.00	0.027656	52.571
11.99	12.00	0.027672	52.670
11.99	12.00	0.027689	52.770
11.99	12.00	0.027706	52.870
11.99	12.00	0.027722	52.970
11.99	12.00	0.027739	53.075
11.99	12.00	0.027756	53.170
11.99	12.00	0.027772	53.270
11.99	12.00	0.027789	53.370
11.99	12.00	0.027806	53.471
11.99	12.00	0.027822	53.570
11.99	12.00	0.027839	53.670
11.99	12.00	0.027856	53.770
11.99	12.00	0.027872	53.870
11.99	12.00	0.027889	53.970
11.99	12.00	0.027906	54.070
11.99	12.00	0.027922	54.170
11.99	12.00	0.027939	54.270
11.99	12.00	0.027955	54.370
11.99	12.00	0.027972	54.470
11.99	12.00	0.027989	54.570
11.99	12.00	0.028005	54.670
12.02	12.00	0.028022	54.770
12.02	12.00	0.028039	54.870
12.02	12.00	0.028055	54.970
12.02	12.00	0.028072	55.071
12.02	12.00	0.028089	55.170
12.02	12.00	0.028105	55.270
12.02	12.00	0.028122	55.370
12.02	12.00	0.028139	55.470
12.02	12.00	0.028155	55.570
12.02	12.00	0.028172	55.670
12.02	12.00	0.028189	55.799
12.02	12.00	0.028205	55.899
12.02	12.00	0.028222	55.969
12.02	12.00	0.028239	56.098
12.02	12.00	0.028255	56.198
12.02	12.00	0.028272	56.292
11.99	12.00	0.028289	56.397
11.99	12.00	0.028305	56.491
11.99	12.00	0.028322	56.591
11.99	12.00	0.028339	56.695
11.99	12.00	0.028355	56.790
11.99	12.00	0.028372	56.890
11.99	12.00	0.028389	56.994
11.99	12.00	0.028405	57.089
11.99	12.00	0.028422	57.188
11.99	12.00	0.028439	57.293
11.99	12.00	0.028455	57.387
11.99	12.00	0.028472	57.486
11.99	12.00	0.028489	57.591
11.99	12.00	0.028505	57.685
11.99	12.00	0.028522	57.785
11.99	12.00	0.028539	57.889
11.99	12.00	0.028555	57.984
11.99	12.00	0.028572	58.083
11.99	12.00	0.028589	58.188
11.99	12.00	0.028605	58.282
11.99	12.00	0.028622	58.382
11.99	12.00	0.028639	58.487
11.99	12.00	0.028655	58.581
11.99	12.00	0.028672	58.683
11.99	12.00	0.028689	58.785
11.99	12.00	0.028705	58.880
11.99	12.00	0.028722	58.982
11.99	12.00	0.028739	59.084
11.99	12.00	0.028755	59.179
11.99	12.00	0.028772	59.283
11.99	12.00	0.028788	59.383
11.99	12.00	0.028805	59.478
11.99	12.00	0.028822	59.582
11.99	12.00	0.028838	59.681
12.02	12.00	0.028855	59.776
12.02	12.00	0.028872	59.880
12.02	12.00	0.028888	59.980
12.02	12.00	0.028905	00.075
12.02	12.00	0.028922	00.180
12.02	12.00	0.028938	00.274
12.02	12.00	0.028955	00.373
12.02	12.00	0.028972	00.477
12.02	12.00	0.028988	00.572
12.02	12.00	0.029005	00.672
12.02	12.00	0.029022	00.776
11.99	12.00	0.029038	00.871
11.99	12.00	0.029055	00.971
11.99	12.00	0.029072	01.075
11.99	12.00	0.029088	01.171
11.99	12.00	0.029105	01.271
11.99	12.00	0.029122	01.373
11.99	12.00	0.029138	01.471
11.99	12.00	0.029155	01.572
11.99	12.00	0.029172	01.672
11.99	12.00	0.029188	01.771
11.99	12.00	0.029205	01.871
11.99	12.00	0.029222	01.971
11.99	12.00	0.029238	02.071
11.99	12.00	0.029255	02.171
11.99	12.00	0.029272	02.271
11.99	12.00	0.029288	02.371
11.99	12.00	0.029305	02.471
11.99	12.00	0.029322	02.571
11.99	12.00	0.029338	02.671
11.99	12.00	0.029355	02.771
11.99	12.00	0.029372	02.871
12.02	12.00	0.029388	02.971
12.02	12.00	0.029405	03.071
12.02	12.00	0.029422	03.172
12.02	12.00	0.029438	03.271
12.02	12.00	0.029455	03.371
12.02	12.00	0.029472	03.471
12.02	12.00	0.029488	03.571
12.02	12.00	0.029505	03.671
12.02	12.00	0.029522	03.771
12.02	12.00	0.029538	03.871
12.02	12.00	0.029555	03.971
11.99	12.00	0.029572	04.071
11.99	12.00	0.029588	04.171
11.99	12.00	0.029605	04.271
11.99	12.00	0.029621	04.371
11.99	12.00	0.029638	04.471
11.99	12.00	0.029655	04.571
11.99	12.00	0.029671	04.671
11.99	12.00	0.029688	04.772
11.99	12.00	0.029705	04.871
11.99	12.00	0.029721	04.971
11.99	12.00	0.029738	05.071
11.99	12.00	0.029755	05.172
11.99	12.00	0.029771	05.271
11.99	12.00	0.029788	05.371
11.99	12.00	0.029805	05.471
11.99	12.00	0.029821	05.571
11.99	12.00	0.029838	05.671
11.99	12.00	0.029855	05.771
11.99	12.00	0.029871	05.872
11.99	12.00	0.029888	05.971
11.99	12.00	0.029905	06.071
12.02	12.00	0.029921	06.171
12.02	12.00	0.029938	06.271
12.02	12.00	0.029955	06.371
12.02	12.00	0.029971	06.471
12.02	12.00	0.029988	06.600
12.02	12.00	0.030005	06.695
12.02	12.00	0.030021	06.794
12.02	12.00	0.030038	06.899
12.02	12.00	0.030055	06.994
12.02	12.00	0.030071	07.093
12.02	12.00	0.030088	07.198
12.02	12.00	0.030105	07.292
11.99	12.00	0.030121	07.391
11.99	12.00	0.030138	07.496
11.99	12.00	0.030155	07.590
11.99	12.00	0.030171	07.690
11.99	12.00	0.030188	07.794
11.99	12.00	0.030205	07.889
11.99	12.00	0.030221	07.988
11.99	12.00	0.030238	08.093
11.99	12.00	0.030255	08.187
11.99	12.00	0.030271	08.288
11.99	12.00	0.030288	08.391
11.99	12.00	0.030305	08.486
11.99	12.00	0.030321	08.589
11.99	12.00	0.030338	08.690
11.99	12.00	0.030355	08.785
11.99	12.00	0.030371	08.888
11.99	12.00	0.030388	08.989
11.99	12.00	0.030405	09.083
11.99	12.00	0.030421	09.188
11.99	12.00	0.030438	09.288
11.99	12.00	0.030454	09.382
11.99	12.00	0.030471	09.487
11.99	12.00	0.030488	09.586
11.99	12.00	0.030504	09.681
11.99	12.00	0.030521	09.785
11.99	12.00	0.030538	09.885
11.99	12.00	0.030554	09.979
11.99	12.00	0.030571	10.084
11.99	12.00	0.030588	10.179
11.99	12.00	0.030604	10.278
12.02	12.00	0.030621	10.383
12.02	12.00	0.030638	10.477
12.02	12.00	0.030654	10.577
12.02	12.00	0.030671	10.681
12.02	12.00	0.030688	10.776
12.02	12.00	0.030704	10.876
12.02	12.00	0.030721	10.980
12.02	12.00	0.030738	11.074
12.02	12.00	0.030754	11.174
12.02	12.00	0.030771	11.278
12.02	12.00	0.030788	11.373
11.99	12.00	0.030804	11.472
11.99	12.00	0.030821	11.577
11.99	12.00	0.030838	11.672
11.99	12.00	0.030854	11.772
11.99	12.00	0.030871	11.876
11.99	12.00	0.030888	11.972
11.99	12.00	0.030904	12.072
11.99	12.00	0.030921	12.174
11.99	12.00	0.030938	12.272
11.99	12.00	0.030954	12.372
11.99	12.00	0.030971	12.473
11.99	12.00	0.030988	12.572
11.99	12.00	0.031004	12.672
11.99	12.00	0.031021	12.772
11.99	12.00	0.031038	12.872
11.99	12.00	0.031054	12.972
12.02	12.00	0.031071	13.072
12.02	12.00	0.031088	13.172
12.02	12.00	0.031104	13.273
12.02	12.00	0.031121	13.372
12.02	12.00	0.031138	13.472
12.02	12.00	0.031154	13.572
12.02	12.00	0.031171	13.672
12.02	12.00	0.031188	13.772
12.02	12.00	0.031204	13.872
12.02	12.00	0.031221	13.972
11.99	12.00	0.031238	14.072
11.99	12.00	0.031254	14.172
11.99	12.00	0.031271	14.272
11.99	12.00	0.031287	14.372
11.99	12.00	0.031304	14.472
11.99	12.00	0.031321	14.572
11.99	12.00	0.031337	14.672
11.99	12.00	0.031354	14.772
11.99	12.00	0.031371	14.872
11.99	12.00	0.031387	14.972
11.99	12.00	0.031404	15.072
11.99	12.00	0.031421	15.172
11.99	12.00	0.031437	15.272
11.99	12.00	0.031454	15.372
11.99	12.00	0.031471	15.472
11.99	12.00	0.031487	15.572
11.99	12.00	0.031504	15.672
11.99	12.00	0.031521	15.772
11.99	12.00	0.031537	15.872
11.99	12.00	0.031554	15.972
11.99	12.00	0.031571	16.072
11.99	12.00	0.031587	16.172
11.99	12.00	0.031604	16.272
11.99	12.00	0.031621	16.372
11.99	12.00	0.031637	16.472
11.99	12.00	0.031654	16.572
12.02	12.00	0.031671	16.672
12.02	12.00	0.031687	16.772
12.02	12.00	0.031704	16.873
12.02	12.00	0.031721	16.972
12.02	12.00	0.031737	17.072
12.02	12.00	0.031754	17.172
12.02	12.00	0.031771	17.271
12.02	12.00	0.031787	17.401
12.02	12.00	0.031804	17.495
12.02	12.00	0.031821	17.594
12.02	12.00	0.031837	17.700
11.99	12.00	0.031854	17.793
11.99	12.00	0.031871	17.894
11.99	12.00	0.031887	17.998
11.99	12.00	0.031904	18.092
11.99	12.00	0.031921	18.194
11.99	12.00	0.031937	18.296
11.99	12.00	0.031954	18.391
11.99	12.00	0.031971	18.494
11.99	12.00	0.031987	18.595
11.99	12.00	0.032004	18.690
11.99	12.00	0.032021	18.794
11.99	12.00	0.032037	18.894
11.99	12.00	0.032054	18.988
11.99	12.00	0.032071	19.093
11.99	12.00	0.032087	19.192
11.99	12.00	0.032104	19.287
11.99	12.00	0.032120	19.391
11.99	12.00	0.032137	19.491
11.99	12.00	0.032154	19.586
11.99	12.00	0.032170	19.690
11.99	12.00	0.032187	19.785
11.99	12.00	0.032204	19.884
11.99	12.00	0.032220	19.989
11.99	12.00	0.032237	20.083
11.99	12.00	0.032254	20.183
11.99	12.00	0.032270	20.287
12.02	12.00	0.032287	20.382
12.02	12.00	0.032304	20.482
12.02	12.00	0.032320	20.586
12.02	12.00	0.032337	20.681
12.02	12.00	0.032354	20.780
12.02	12.00	0.032370	20.885
12.02	12.00	0.032387	20.979
12.02	12.00	0.032404	21.079
12.02	12.00	0.032420	21.184
12.02	12.00	0.032437	21.278
12.02	12.00	0.032454	21.378
12.02	12.00	0.032470	21.482
11.99	12.00	0.032487	21.577
11.99	12.00	0.032504	21.675
11.99	12.00	0.032520	21.780
11.99	12.00	0.032537	21.875
11.99	12.00	0.032554	21.976
11.99	12.00	0.032570	22.079
11.99	12.00	0.032587	22.174
11.99	12.00	0.032604	22.276
11.99	12.00	0.032620	22.378
11.99	12.00	0.032637	22.472
11.99	12.00	0.032654	22.576
11.99	12.00	0.032670	22.676
11.99	12.00	0.032687	22.772
11.99	12.00	0.032704	22.876
11.99	12.00	0.032720	22.975
11.99	12.00	0.032737	23.072
11.99	12.00	0.032754	23.174
11.99	12.00	0.032770	23.274
11.99	12.00	0.032787	23.372
11.99	12.00	0.032804	23.472
11.99	12.00	0.032820	23.573
11.99	12.00	0.032837	23.672
11.99	12.00	0.032854	23.772
12.02	12.00	0.032870	23.872
12.02	12.00	0.032887	23.972
12.02	12.00	0.032904	24.072
12.02	12.00	0.032920	24.173
12.02	12.00	0.032937	24.273
12.02	12.00	0.032953	24.372
12.02	12.00	0.032970	24.473
12.02	12.00	0.032987	24.572
12.02	12.00	0.033003	24.672
12.02	12.00	0.033020	24.773
12.02	12.00	0.033037	24.872
12.02	12.00	0.033053	24.972
11.99	12.00	0.033070	25.074
11.99	12.00	0.033087	25.173
11.99	12.00	0.033103	25.272
11.99	12.00	0.033120	25.373
11.99	12.00	0.033137	25.472
11.99	12.00	0.033153	25.572
11.99	12.00	0.033170	25.674
11.99	12.00	0.033187	25.773
11.99	12.00	0.033203	25.873
11.99	12.00	0.033220	25.974
11.99	12.00	0.033237	26.073
11.99	12.00	0.033253	26.173
11.99	12.00	0.033270	26.274
11.99	12.00	0.033287	26.373
11.99	12.00	0.033303	26.473
11.99	12.00	0.033320	26.574
11.99	12.00	0.033337	26.673
11.99	12.00	0.033353	26.774
11.99	12.00	0.033370	26.874
11.99	12.00	0.033387	26.974
11.99	12.00	0.033403	27.074
11.99	12.00	0.033420	27.175
11.99	12.00	0.033437	27.274
11.99	12.00	0.033453	27.374
11.99	12.00	0.033470	27.474
11.99	12.00	0.033487	27.574
11.99	12.00	0.033503	27.674
12.02	12.00	0.033520	27.775
12.02	12.00	0.033537	27.873
12.02	12.00	0.033553	27.997
12.02	12.00	0.033570	28.075
12.02	12.00	0.033587	28.201
12.02	12.00	0.033603	28.296
12.02	12.00	0.033620	28.376
12.02	12.00	0.033637	28.500
12.02	12.00	0.033653	28.595
12.02	12.00	0.033670	28.699
12.02	12.00	0.033687	28.799
12.02	12.00	0.033703	28.893
12.02	12.00	0.033720	28.998
12.02	12.00	0.033737	29.097
11.99	12.00	0.033753	29.192
11.99	12.00	0.033770	29.296
11.99	12.00	0.033786	29.391
11.99	12.00	0.033803	29.491
11.99	12.00	0.033820	29.595
11.99	12.00	0.033836	29.690
11.99	12.00	0.033853	29.789
11.99	12.00	0.033870	29.894
11.99	12.00	0.033886	29.988
11.99	12.00	0.033903	30.087
11.99	12.00	0.033920	30.193
11.99	12.00	0.033936	30.286
11.99	12.00	0.033953	30.386
11.99	12.00	0.033970	30.490
11.99	12.00	0.033986	30.585
11.99	12.00	0.034003	30.684
11.99	12.00	0.034020	30.789
11.99	12.00	0.034036	30.884
11.99	12.00	0.034053	30.983
11.99	12.00	0.034070	31.088
11.99	12.00	0.034086	31.182
11.99	12.00	0.034103	31.282
11.99	12.00	0.034120	31.386
11.99	12.00	0.034136	31.481
11.99	12.00	0.034153	31.581
12.02	12.00	0.034170	31.685
12.02	12.00	0.034186	31.780
12.02	12.00	0.034203	31.882
12.02	12.00	0.034220	31.984
12.02	12.00	0.034236	32.079
12.02	12.00	0.034253	32.182
12.02	12.00	0.034270	32.283
12.02	12.00	0.034286	32.377
12.02	12.00	0.034303	32.482
11.99	12.00	0.034320	32.581
11.99	12.00	0.034336	32.675
11.99	12.00	0.034353	32.780
11.99	12.00	0.034370	32.879
11.99	12.00	0.034386	32.975
11.99	12.00	0.034403	33.078
11.99	12.00	0.034420	33.178
11.99	12.00	0.034436	33.276
11.99	12.00	0.034453	33.377
11.99	12.00	0.034470	33.479
11.99	12.00	0.034486	33.575
11.99	12.00	0.034503	33.676
11.99	12.00	0.034520	33.778
11.99	12.00	0.034536	33.875
11.99	12.00	0.034553	33.975
11.99	12.00	0.034570	34.079
11.99	12.00	0.034586	34.175
11.99	12.00	0.034603	34.275
12.02	12.00	0.034619	34.379
12.02	12.00	0.034636	34.475
12.02	12.00	0.034653	34.575
12.02	12.00	0.034669	34.679
12.02	12.00	0.034686	34.775
12.02	12.00	0.034703	34.875
12.02	12.00	0.034719	34.979
12.02	12.00	0.034736	35.075
12.02	12.00	0.034753	35.175
12.02	12.00	0.034769	35.280
12.02	12.00	0.034786	35.375
12.02	12.00	0.034803	35.475
11.99	12.00	0.034819	35.579
11.99	12.00	0.034836	35.675
11.99	12.00	0.034853	35.775
11.99	12.00	0.034869	35.880
11.99	12.00	0.034886	35.975
11.99	12.00	0.034903	36.075
11.99	12.00	0.034919	36.180
11.99	12.00	0.034936	36.276
11.99	12.00	0.034953	36.376
11.99	12.00	0.034969	36.480
11.99	12.00	0.034986	36.576
11.99	12.00	0.035003	36.676
11.99	12.00	0.035019	36.780
11.99	12.00	0.035036	36.876
11.99	12.00	0.035053	36.976
11.99	12.00	0.035069	37.080
11.99	12.00	0.035086	37.176
11.99	12.00	0.035103	37.276
11.99	12.00	0.035119	37.381
11.99	12.00	0.035136	37.476
11.99	12.00	0.035153	37.577
11.99	12.00	0.035169	37.681
11.99	12.00	0.035186	37.776
11.99	12.00	0.035203	37.876
11.99	12.00	0.035219	37.976
11.99	12.00	0.035236	38.076
11.99	12.00	0.035253	38.176
11.99	12.00	0.035269	38.305
11.99	12.00	0.035286	38.405
11.99	12.00	0.035303	38.499
11.99	12.00	0.035319	38.604
11.99	12.00	0.035336	38.703
11.99	12.00	0.035353	38.798
12.02	12.00	0.035369	38.902
12.02	12.00	0.035386	39.002
12.02	12.00	0.035403	39.096
12.02	12.00	0.035419	39.201
12.02	12.00	0.035436	39.296
12.02	12.00	0.035452	39.395
12.02	12.00	0.035469	39.500
12.02	12.00	0.035486	39.594
12.02	12.00	0.035502	39.694
12.02	12.00	0.035519	39.798
12.02	12.00	0.035536	39.893
12.02	12.00	0.035552	39.992
12.02	12.00	0.035569	40.097
11.99	12.00	0.035586	40.192
11.99	12.00	0.035602	40.291
11.99	12.00	0.035619	40.395
11.99	12.00	0.035636	40.490
11.99	12.00	0.035652	40.589
11.99	12.00	0.035669	40.694
11.99	12.00	0.035686	40.788
11.99	12.00	0.035702	40.888
11.99	12.00	0.035719	40.993
11.99	12.00	0.035736	41.087
11.99	12.00	0.035752	41.187
11.99	12.00	0.035769	41.291
11.99	12.00	0.035786	41.386
11.99	12.00	0.035802	41.487
11.99	12.00	0.035819	41.590
11.99	12.00	0.035836	41.685
11.99	12.00	0.035852	41.787
11.99	12.00	0.035869	41.889
11.99	12.00	0.035886	41.983
11.99	12.00	0.035902	42.088
11.99	12.00	0.035919	42.187
11.99	12.00	0.035936	42.282
11.99	12.00	0.035952	42.386
12.02	12.00	0.035969	42.486
12.02	12.00	0.035986	42.581
12.02	12.00	0.036002	42.685
12.02	12.00	0.036019	42.785
12.02	12.00	0.036036	42.879
12.02	12.00	0.036052	42.984
12.02	12.00	0.036069	43.078
12.02	12.00	0.036086	43.178
12.02	12.00	0.036102	43.283
12.02	12.00	0.036119	43.377
12.02	12.00	0.036136	43.477
12.02	12.00	0.036152	43.581
11.99	12.00	0.036169	43.676
11.99	12.00	0.036186	43.776
11.99	12.00	0.036202	43.879
11.99	12.00	0.036219	43.976
11.99	12.00	0.036236	44.076
11.99	12.00	0.036252	44.178
11.99	12.00	0.036269	44.276
11.99	12.00	0.036285	44.376
11.99	12.00	0.036302	44.476
11.99	12.00	0.036319	44.576
11.99	12.00	0.036335	44.677
11.99	12.00	0.036352	44.776
11.99	12.00	0.036369	44.876
11.99	12.00	0.036385	44.976
11.99	12.00	0.036402	45.076
11.99	12.00	0.036419	45.176
11.99	12.00	0.036435	45.276
11.99	12.00	0.036452	45.376
11.99	12.00	0.036469	45.476
11.99	12.00	0.036485	45.576
11.99	12.00	0.036502	45.676
11.99	12.00	0.036519	45.776
11.99	12.00	0.036535	45.876
11.99	12.00	0.036552	45.976
11.99	12.00	0.036569	46.076
11.99	12.00	0.036585	46.176
11.99	12.00	0.036602	46.276
12.02	12.00	0.036619	46.376
12.02	12.00	0.036635	46.476
12.02	12.00	0.036652	46.576
12.02	12.00	0.036669	46.677
12.02	12.00	0.036685	46.776
12.02	12.00	0.036702	46.876
12.02	12.00	0.036719	46.976
12.02	12.00	0.036735	47.076
12.02	12.00	0.036752	47.177
12.02	12.00	0.036769	47.277
11.99	12.00	0.036785	47.378
11.99	12.00	0.036802	47.478
11.99	12.00	0.036819	47.578
11.99	12.00	0.036835	47.678
11.99	12.00	0.036852	47.778
11.99	12.00	0.036869	47.878
11.99	12.00	0.036885	47.978
11.99	12.00	0.036902	48.078
11.99	12.00	0.036919	48.178
11.99	12.00	0.036935	48.278
11.99	12.00	0.036952	48.378
11.99	12.00	0.036969	48.478
11.99	12.00	0.036985	48.578
11.99	12.00	0.037002	48.678
11.99	12.00	0.037019	48.777
11.99	12.00	0.037035	48.877
11.99	12.00	0.037052	49.001
11.99	12.00	0.037069	49.106
12.02	12.00	0.037085	49.200
12.02	12.00	0.037102	49.300
12.02	12.00	0.037118	49.405
12.02	12.00	0.037135	49.499
12.02	12.00	0.037152	49.599
12.02	12.00	0.037168	49.703
12.02	12.00	0.037185	49.798
12.02	12.00	0.037202	49.897
12.02	12.00	0.037218	50.002
11.99	12.00	0.037235	50.096
11.99	12.00	0.037252	50.196
11.99	12.00	0.037268	50.301
11.99	12.00	0.037285	50.395
11.99	12.00	0.037302	50.494
11.99	12.00	0.037318	50.598
11.99	12.00	0.037335	50.693
11.99	12.00	0.037352	50.793
11.99	12.00	0.037368	50.897
11.99	12.00	0.037385	50.992
11.99	12.00	0.037402	51.093
11.99	12.00	0.037418	51.196
11.99	12.00	0.037435	51.290
11.99	12.00	0.037452	51.393
11.99	12.00	0.037468	51.494
11.99	12.00	0.037485	51.589
11.99	12.00	0.037502	51.693
11.99	12.00	0.037518	51.794
11.99	12.00	0.037535	51.888
11.99	12.00	0.037552	51.993
11.99	12.00	0.037568	52.092
12.02	12.00	0.037585	52.186
12.02	12.00	0.037602	52.291
12.02	12.00	0.037618	52.390
12.02	12.00	0.037635	52.485
12.02	12.00	0.037652	52.589
12.02	12.00	0.037668	52.690
12.02	12.00	0.037685	52.784
12.02	12.00	0.037702	52.889
12.02	12.00	0.037718	52.983
12.02	12.00	0.037735	53.083
12.02	12.00	0.037752	53.187
12.02	12.00	0.037768	53.282
11.99	12.00	0.037785	53.381
11.99	12.00	0.037802	53.485
11.99	12.00	0.037818	53.580
11.99	12.00	0.037835	53.679
11.99	12.00	0.037852	53.784
11.99	12.00	0.037868	53.878
11.99	12.00	0.037885	53.978
11.99	12.00	0.037902	54.083
11.99	12.00	0.037918	54.178
11.99	12.00	0.037935	54.278
11.99	12.00	0.037951	54.382
11.99	12.00	0.037968	54.478
11.99	12.00	0.037985	54.578
11.99	12.00	0.038001	54.681
11.99	12.00	0.038018	54.778
11.99	12.00	0.038035	54.878
11.99	12.00	0.038051	54.978
11.99	12.00	0.038068	55.078
11.99	12.00	0.038085	55.178
11.99	12.00	0.038101	55.278
11.99	12.00	0.038118	55.378
11.99	12.00	0.038135	55.478
11.99	12.00	0.038151	55.578
11.99	12.00	0.038168	55.678
11.99	12.00	0.038185	55.778
12.02	12.00	0.038201	55.878
12.02	12.00	0.038218	55.978
12.02	12.00	0.038235	56.078
12.02	12.00	0.038251	56.178
12.02	12.00	0.038268	56.278
12.02	12.00	0.038285	56.378
12.02	12.00	0.038301	56.478
12.02	12.00	0.038318	56.578
12.02	12.00	0.038335	56.678
12.02	12.00	0.038351	56.778
12.02	12.00	0.038368	56.878
12.02	12.00	0.038385	56.978
12.02	12.00	0.038401	57.079
12.02	12.00	0.038418	57.180
12.02	12.00	0.038435	57.279
11.99	12.00	0.038451	57.379
11.99	12.00	0.038468	57.479
11.99	12.00	0.038485	57.579
11.99	12.00	0.038501	57.679
11.99	12.00	0.038518	57.779
11.99	12.00	0.038535	57.879
11.99	12.00	0.038551	57.979
11.99	12.00	0.038568	58.079
11.99	12.00	0.038585	58.179
11.99	12.00	0.038601	58.279
11.99	12.00	0.038618	58.379
11.99	12.00	0.038635	58.479
11.99	12.00	0.038651	58.579
11.99	12.00	0.038668	58.679
11.99	12.00	0.038685	58.780
11.99	12.00	0.038701	58.879
11.99	12.00	0.038718	58.979
11.99	12.00	0.038735	59.079
11.99	12.00	0.038751	59.179
11.99	12.00	0.038768	59.279
11.99	12.00	0.038784	59.379
11.99	12.00	0.038801	59.503
11.99	12.00	0.038818	59.608
11.99	12.00	0.038834	59.702
11.99	12.00	0.038851	59.802
11.99	12.00	0.038868	59.907
12.02	12.00	0.038884	00.001
12.02	12.00	0.038901	00.101
12.02	12.00	0.038918	00.205
12.02	12.00	0.038934	00.300
12.02	12.00	0.038951	00.399
12.02	12.00	0.038968	00.504
12.02	12.00	0.038984	00.599
12.02	12.00	0.039001	00.698
12.02	12.00	0.039018	00.803
12.02	12.00	0.039034	00.897
12.02	12.00	0.039051	00.999
12.02	12.00	0.039068	01.101
11.99	12.00	0.039084	01.196
11.99	12.00	0.039101	01.298
11.99	12.00	0.039118	01.400
11.99	12.00	0.039134	01.494
11.99	12.00	0.039151	01.598
11.99	12.00	0.039168	01.698
11.99	12.00	0.039184	01.792
11.99	12.00	0.039201	01.897
11.99	12.00	0.039218	01.996
11.99	12.00	0.039234	02.091
11.99	12.00	0.039251	02.196
11.99	12.00	0.039268	02.295
11.99	12.00	0.039284	02.390
11.99	12.00	0.039301	02.494
11.99	12.00	0.039318	02.589
11.99	12.00	0.039334	02.688
11.99	12.00	0.039351	02.793
11.99	12.00	0.039368	02.888
11.99	12.00	0.039384	02.987
11.99	12.00	0.039401	03.092
11.99	12.00	0.039418	03.186
11.99	12.00	0.039434	03.286
11.99	12.00	0.039451	03.390
11.99	12.00	0.039468	03.485
11.99	12.00	0.039484	03.584
11.99	12.00	0.039501	03.689
12.02	12.00	0.039518	03.784
12.02	12.00	0.039534	03.883
12.02	12.00	0.039551	03.988
12.02	12.00	0.039568	04.082
12.02	12.00	0.039584	04.182
12.02	12.00	0.039601	04.286
12.02	12.00	0.039617	04.382
12.02	12.00	0.039634	04.482
12.02	12.00	0.039651	04.585
12.02	12.00	0.039667	04.682
12.02	12.00	0.039684	04.782
11.99	12.00	0.039701	04.884
11.99	12.00	0.039717	04.982
11.99	12.00	0.039734	05.082
11.99	12.00	0.039751	05.182
11.99	12.00	0.039767	05.282
11.99	12.00	0.039784	05.382
11.99	12.00	0.039801	05.482
11.99	12.00	0.039817	05.582
11.99	12.00	0.039834	05.682
11.99	12.00	0.039851	05.782
11.99	12.00	0.039867	05.882
11.99	12.00	0.039884	05.982
11.99	12.00	0.039901	06.082
11.99	12.00	0.039917	06.182
11.99	12.00	0.039934	06.282
11.99	12.00	0.039951	06.382
11.99	12.00	0.039967	06.482
11.99	12.00	0.039984	06.582
11.99	12.00	0.040001	06.682
11.99	12.00	0.040017	06.782
11.99	12.00	0.040034	06.882
11.99	12.00	0.040051	06.983
11.99	12.00	0.040067	07.082
11.99	12.00	0.040084	07.182
11.99	12.00	0.040101	07.282
12.02	12.00	0.040117	07.382
12.02	12.00	0.040134	07.482
12.02	12.00	0.040151	07.582
12.02	12.00	0.040167	07.682
12.02	12.00	0.040184	07.783
12.02	12.00	0.040201	07.882
12.02	12.00	0.040217	07.982
12.02	12.00	0.040234	08.082
12.02	12.00	0.040251	08.182
12.02	12.00	0.040267	08.282
12.02	12.00	0.040284	08.382
12.02	12.00	0.040301	08.482
11.99	12.00	0.040317	08.582
11.99	12.00	0.040334	08.682
11.99	12.00	0.040351	08.782
11.99	12.00	0.040367	08.882
11.99	12.00	0.040384	08.982
11.99	12.00	0.040401	09.082
11.99	12.00	0.040417	09.182
11.99	12.00	0.040434	09.282
11.99	12.00	0.040450	09.382
11.99	12.00	0.040467	09.482
11.99	12.00	0.040484	09.582
11.99	12.00	0.040500	09.682
11.99	12.00	0.040517	09.782
11.99	12.00	0.040534	09.906
11.99	12.00	0.040550	10.006
11.99	12.00	0.040567	10.110
11.99	12.00	0.040584	10.205
11.99	12.00	0.040600	10.304
11.99	12.00	0.040617	10.409
11.99	12.00	0.040634	10.503
11.99	12.00	0.040650	10.604
11.99	12.00	0.040667	10.707
11.99	12.00	0.040684	10.802
11.99	12.00	0.040700	10.904
11.99	12.00	0.040717	11.006
12.02	12.00	0.040734	11.100
12.02	12.00	0.040750	11.204
12.02	12.00	0.040767	11.305
12.02	12.00	0.040784	11.399
12.02	12.00	0.040800	11.504
12.02	12.00	0.040817	11.603
12.02	12.00	0.040834	11.698
12.02	12.00	0.040850	11.802
12.02	12.00	0.040867	11.902
12.02	12.00	0.040884	11.997
12.02	12.00	0.040900	12.102
12.02	12.00	0.040917	12.201
11.99	12.00	0.040934	12.295
11.99	12.00	0.040950	12.400
11.99	12.00	0.040967	12.494
11.99	12.00	0.040984	12.594
11.99	12.00	0.041000	12.698
11.99	12.00	0.041017	12.792
11.99	12.00	0.041034	12.893
11.99	12.00	0.041050	12.996
11.99	12.00	0.041067	13.091
11.99	12.00	0.041084	13.190
11.99	12.00	0.041100	13.295
11.99	12.00	0.041117	13.389
11.99	12.00	0.041134	13.489
11.99	12.00	0.041150	13.594
11.99	12.00	0.041167	13.688
11.99	12.00	0.041184	13.788
11.99	12.00	0.041200	13.892
11.99	12.00	0.041217	13.987
11.99	12.00	0.041234	14.086
11.99	12.00	0.041250	14.191
11.99	12.00	0.041267	14.285
11.99	12.00	0.041283	14.386
11.99	12.00	0.041300	14.489
11.99	12.00	0.041317	14.585
11.99	12.00	0.041333	14.686
11.99	12.00	0.041350	14.788
11.99	12.00	0.041367	14.885
12.02	12.00	0.041383	14.986
12.02	12.00	0.041400	15.088
12.02	12.00	0.041417	15.185
12.02	12.00	0.041433	15.286
12.02	12.00	0.041450	15.385
12.02	12.00	0.041467	15.485
12.02	12.00	0.041483	15.585
12.02	12.00	0.041500	15.685
12.02	12.00	0.041517	15.785
12.02	12.00	0.041533	15.885
12.02	12.00	0.041550	15.985
12.02	12.00	0.041567	16.085
11.99	12.00	0.041583	16.185
11.99	12.00	0.041600	16.285
11.99	12.00	0.041617	16.385
11.99	12.00	0.041633	16.485
11.99	12.00	0.041650	16.585
11.99	12.00	0.041667	16.686
11.99	12.00	0.041683	16.785
11.99	12.00	0.041700	16.885
11.99	12.00	0.041717	16.985
11.99	12.00	0.041733	17.085
11.99	12.00	0.041750	17.185
11.99	12.00	0.041767	17.285
11.99	12.00	0.041783	17.385
11.99	12.00	0.041800	17.485
11.99	12.00	0.041817	17.586
11.99	12.00	0.041833	17.685
11.99	12.00	0.041850	17.785
11.99	12.00	0.041867	17.885
11.99	12.00	0.041883	17.985
11.99	12.00	0.041900	18.085
11.99	12.00	0.041917	18.186
11.99	12.00	0.041933	18.286
11.99	12.00	0.041950	18.386
11.99	12.00	0.041967	18.486
11.99	12.00	0.041983	18.586
12.02	12.00	0.042000	18.686
12.02	12.00	0.042017	18.786
12.02	12.00	0.042033	18.886
12.02	12.00	0.042050	18.986
12.02	12.00	0.042067	19.086
12.02	12.00	0.042083	19.186
12.02	12.00	0.042100	19.286
12.02	12.00	0.042116	19.386
12.02	12.00	0.042133	19.486
12.02	12.00	0.042150	19.586
12.02	12.00	0.042166	19.686
12.02	12.00	0.042183	19.786
11.99	12.00	0.042200	19.910
11.99	12.00	0.042216	20.015
11.99	12.00	0.042233	20.109
11.99	12.00	0.042250	20.209
11.99	12.00	0.042266	20.314
11.99	12.00	0.042283	20.408
11.99	12.00	0.042300	20.485
11.99	12.00	0.042316	20.612
11.99	12.00	0.042333	20.707
11.99	12.00	0.042350	20.809
11.99	12.00	0.042366	20.911
11.99	12.00	0.042383	21.005
11.99	12.00	0.042400	21.110
11.99	12.00	0.042416	21.210
11.99	12.00	0.042433	21.304
11.99	12.00	0.042450	21.408
11.99	12.00	0.042466	21.507
11.99	12.00	0.042483	21.602
11.99	12.00	0.042500	21.706
11.99	12.00	0.042516	21.806
11.99	12.00	0.042533	21.901
11.99	12.00	0.042550	22.005
11.99	12.00	0.042566	22.100
11.99	12.00	0.042583	22.199
11.99	12.00	0.042600	22.304
12.02	12.00	0.042616	22.398
12.02	12.00	0.042633	22.499
12.02	12.00	0.042650	22.602
12.02	12.00	0.042666	22.697
12.02	12.00	0.042683	22.797
12.02	12.00	0.042700	22.901
12.02	12.00	0.042716	22.996
12.02	12.00	0.042733	23.095
12.02	12.00	0.042750	23.200
12.02	12.00	0.042766	23.294
11.99	12.00	0.042783	23.394
11.99	12.00	0.042800	23.499
11.99	12.00	0.042816	23.593
11.99	12.00	0.042833	23.693
11.99	12.00	0.042850	23.797
11.99	12.00	0.042866	23.892
11.99	12.00	0.042883	23.991
11.99	12.00	0.042900	24.096
11.99	12.00	0.042916	24.190
11.99	12.00	0.042933	24.291
11.99	12.00	0.042949	24.395
11.99	12.00	0.042966	24.489
11.99	12.00	0.042983	24.592
11.99	12.00	0.042999	24.693
11.99	12.00	0.043016	24.788
11.99	12.00	0.043033	24.891
11.99	12.00	0.043049	24.992
11.99	12.00	0.043066	25.087
11.99	12.00	0.043083	25.191
11.99	12.00	0.043099	25.291
11.99	12.00	0.043116	25.387
11.99	12.00	0.043133	25.490
12.02	12.00	0.043149	25.589
12.02	12.00	0.043166	25.687
12.02	12.00	0.043183	25.788
12.02	12.00	0.043199	25.888
12.02	12.00	0.043216	25.987
12.02	12.00	0.043233	26.087
12.02	12.00	0.043249	26.189
12.02	12.00	0.043266	26.287
12.02	12.00	0.043283	26.387
12.02	12.00	0.043299	26.488
12.02	12.00	0.043316	26.587
12.02	12.00	0.043333	26.687
11.99	12.00	0.043349	26.789
11.99	12.00	0.043366	26.887
11.99	12.00	0.043383	26.987
11.99	12.00	0.043399	27.088
11.99	12.00	0.043416	27.187
11.99	12.00	0.043433	27.287
11.99	12.00	0.043449	27.389
11.99	12.00	0.043466	27.487
11.99	12.00	0.043483	27.587
11.99	12.00	0.043499	27.689
11.99	12.00	0.043516	27.787
11.99	12.00	0.043533	27.888
11.99	12.00	0.043549	27.989
11.99	12.00	0.043566	28.086
11.99	12.00	0.043583	28.187
11.99	12.00	0.043599	28.290
11.99	12.00	0.043616	28.387
11.99	12.00	0.043633	28.487
11.99	12.00	0.043649	28.589
11.99	12.00	0.043666	28.687
11.99	12.00	0.043683	28.788
11.99	12.00	0.043699	28.890
11.99	12.00	0.043716	28.987
11.99	12.00	0.043733	29.087
11.99	12.00	0.043749	29.190
11.99	12.00	0.043766	29.287
12.02	12.00	0.043782	29.387
12.02	12.00	0.043799	29.490
12.02	12.00	0.043816	29.587
12.02	12.00	0.043832	29.687
12.02	12.00	0.043849	29.790
12.02	12.00	0.043866	29.887
12.02	12.00	0.043882	29.987
12.02	12.00	0.043899	30.091
12.02	12.00	0.043916	30.187
12.02	12.00	0.043932	30.287
12.02	12.00	0.043949	30.391
12.02	12.00	0.043966	30.487
12.02	12.00	0.043982	30.587
11.99	12.00	0.043999	30.691
11.99	12.00	0.044016	30.816
11.99	12.00	0.044032	30.910
11.99	12.00	0.044049	31.015
11.99	12.00	0.044066	31.114
11.99	12.00	0.044082	31.208
11.99	12.00	0.044099	31.313
11.99	12.00	0.044116	31.412
11.99	12.00	0.044132	31.507
11.99	12.00	0.044149	31.611
11.99	12.00	0.044166	31.706
11.99	12.00	0.044182	31.806
11.99	12.00	0.044199	31.910
11.99	12.00	0.044216	32.005
11.99	12.00	0.044232	32.104
11.99	12.00	0.044249	32.209
11.99	12.00	0.044266	32.303
11.99	12.00	0.044282	32.403
11.99	12.00	0.044299	32.508
11.99	12.00	0.044316	32.602
11.99	12.00	0.044332	32.702
11.99	12.00	0.044349	32.806
11.99	12.00	0.044366	32.901
11.99	12.00	0.044382	33.000
11.99	12.00	0.044399	33.105
11.99	12.00	0.044416	33.199
11.99	12.00	0.044432	33.299
11.99	12.00	0.044449	33.404
11.99	12.00	0.044466	33.498
11.99	12.00	0.044482	33.598
11.99	12.00	0.044499	33.702
12.02	12.00	0.044516	33.796
12.02	12.00	0.044532	33.897
12.02	12.00	0.044549	34.000
12.02	12.00	0.044566	34.095
12.02	12.00	0.044582	34.198
12.02	12.00	0.044599	34.299
12.02	12.00	0.044615	34.394
12.02	12.00	0.044632	34.497
12.02	12.00	0.044649	34.598
12.02	12.00	0.044665	34.692
12.02	12.00	0.044682	34.797
12.02	12.00	0.044699	34.897
12.02	12.00	0.044715	34.991
12.02	12.00	0.044732	35.096
11.99	12.00	0.044749	35.195
11.99	12.00	0.044765	35.290
11.99	12.00	0.044782	35.394
11.99	12.00	0.044799	35.494
11.99	12.00	0.044815	35.588
11.99	12.00	0.044832	35.693
11.99	12.00	0.044849	35.788
11.99	12.00	0.044865	35.888
11.99	12.00	0.044882	35.991
11.99	12.00	0.044899	36.088
11.99	12.00	0.044915	36.189
11.99	12.00	0.044932	36.290
11.99	12.00	0.044949	36.388
11.99	12.00	0.044965	36.488
11.99	12.00	0.044982	36.589
11.99	12.00	0.044999	36.694
11.99	12.00	0.045015	36.790
11.99	12.00	0.045032	36.890
11.99	12.00	0.045049	36.995
12.02	12.00	0.045065	37.090
12.02	12.00	0.045082	37.190
12.02	12.00	0.045099	37.295
12.02	12.00	0.045115	37.391
12.02	12.00	0.045132	37.491
12.02	12.00	0.045149	37.595
12.02	12.00	0.045165	37.691
12.02	12.00	0.045182	37.792
12.02	12.00	0.045199	37.895
12.02	12.00	0.045215	37.991
12.02	12.00	0.045232	38.091
12.02	12.00	0.045249	38.196
11.99	12.00	0.045265	38.291
11.99	12.00	0.045282	38.391
11.99	12.00	0.045299	38.495
11.99	12.00	0.045315	38.591
11.99	12.00	0.045332	38.691
11.99	12.00	0.045349	38.796
11.99	12.00	0.045365	38.891
11.99	12.00	0.045382	38.991
11.99	12.00	0.045399	39.091
11.99	12.00	0.045415	39.191
11.99	12.00	0.045432	39.291
11.99	12.00	0.045448	39.396
11.99	12.00	0.045465	39.491
11.99	12.00	0.045482	39.591
11.99	12.00	0.045498	39.691
11.99	12.00	0.045515	39.791
11.99	12.00	0.045532	39.891
11.99	12.00	0.045548	39.991
11.99	12.00	0.045565	40.092
11.99	12.00	0.045582	40.191
11.99	12.00	0.045598	40.291
11.99	12.00	0.045615	40.391
11.99	12.00	0.045632	40.491
11.99	12.00	0.045648	40.620
11.99	12.00	0.045665	40.691
12.02	12.00	0.045682	40.815
12.02	12.00	0.045698	40.920
12.02	12.00	0.045715	41.019
12.02	12.00	0.045732	41.114
12.02	12.00	0.045748	41.219
12.02	12.00	0.045765	41.317
12.02	12.00	0.045782	41.412
12.02	12.00	0.045798	41.517
12.02	12.00	0.045815	41.611
12.02	12.00	0.045832	41.710
12.02	12.00	0.045848	41.815
11.99	12.00	0.045865	41.909
11.99	12.00	0.045882	42.009
11.99	12.00	0.045898	42.114
11.99	12.00	0.045915	42.208
11.99	12.00	0.045932	42.308
11.99	12.00	0.045948	42.412
11.99	12.00	0.045965	42.507
11.99	12.00	0.045982	42.606
11.99	12.00	0.045998	42.711
11.99	12.00	0.046015	42.806
11.99	12.00	0.046032	42.905
11.99	12.00	0.046048	43.010
11.99	12.00	0.046065	43.104
11.99	12.00	0.046082	43.204
11.99	12.00	0.046098	43.308
11.99	12.00	0.046115	43.403
11.99	12.00	0.046132	43.502
11.99	12.00	0.046148	43.607
11.99	12.00	0.046165	43.701
11.99	12.00	0.046182	43.803
11.99	12.00	0.046198	43.905
11.99	12.00	0.046215	44.000
11.99	12.00	0.046232	44.103
11.99	12.00	0.046248	44.204
12.02	12.00	0.046265	44.298
12.02	12.00	0.046281	44.403
12.02	12.00	0.046298	44.503
12.02	12.00	0.046315	44.597
12.02	12.00	0.046331	44.702
12.02	12.00	0.046348	44.801
12.02	12.00	0.046365	44.896
12.02	12.00	0.046381	45.000
12.02	12.00	0.046398	45.100
12.02	12.00	0.046415	45.195
12.02	12.00	0.046431	45.299
12.02	12.00	0.046448	45.394
11.99	12.00	0.046465	45.493
11.99	12.00	0.046481	45.598
11.99	12.00	0.046498	45.692
11.99	12.00	0.046515	45.792
11.99	12.00	0.046531	45.896
11.99	12.00	0.046548	45.991
11.99	12.00	0.046565	46.091
11.99	12.00	0.046581	46.195
11.99	12.00	0.046598	46.290
11.99	12.00	0.046615	46.390
11.99	12.00	0.046631	46.494
11.99	12.00	0.046648	46.591
11.99	12.00	0.046665	46.691
11.99	12.00	0.046681	46.792
11.99	12.00	0.046698	46.891
11.99	12.00	0.046715	46.991
11.99	12.00	0.046731	47.091
11.99	12.00	0.046748	47.191
11.99	12.00	0.046765	47.291
11.99	12.00	0.046781	47.391
12.02	12.00	0.046798	47.491
12.02	12.00	0.046815	47.591
12.02	12.00	0.046831	47.691
12.02	12.00	0.046848	47.791
12.02	12.00	0.046865	47.891
12.02	12.00	0.046881	47.991
12.02	12.00	0.046898	48.091
12.02	12.00	0.046915	48.191
12.02	12.00	0.046931	48.291
12.02	12.00	0.046948	48.391
12.02	12.00	0.046965	48.491
12.02	12.00	0.046981	48.591
12.02	12.00	0.046998	48.691
11.99	12.00	0.047015	48.791
11.99	12.00	0.047031	48.891
11.99	12.00	0.047048	48.992
11.99	12.00	0.047065	49.091
11.99	12.00	0.047081	49.191
11.99	12.00	0.047098	49.291
11.99	12.00	0.047114	49.391
11.99	12.00	0.047131	49.491
11.99	12.00	0.047148	49.591
11.99	12.00	0.047164	49.691
11.99	12.00	0.047181	49.791
11.99	12.00	0.047198	49.891
11.99	12.00	0.047214	49.991
11.99	12.00	0.047231	50.091
11.99	12.00	0.047248	50.191
11.99	12.00	0.047264	50.291
11.99	12.00	0.047281	50.391
11.99	12.00	0.047298	50.491
11.99	12.00	0.047314	50.591
11.99	12.00	0.047331	50.691
11.99	12.00	0.047348	50.791
11.99	12.00	0.047364	50.891
11.99	12.00	0.047381	50.992
11.99	12.00	0.047398	51.091
11.99	12.00	0.047414	51.191
11.99	12.00	0.047431	51.291
11.99	12.00	0.047448	51.391
11.99	12.00	0.047464	51.491
12.02	12.00	0.047481	51.591
12.02	12.00	0.047498	51.720
12.02	12.00	0.047514	51.815
12.02	12.00	0.047531	51.914
12.02	12.00	0.047548	52.019
12.02	12.00	0.047564	52.114
12.02	12.00	0.047581	52.213
12.02	12.00	0.047598	52.318
12.02	12.00	0.047614	52.412
12.02	12.00	0.047631	52.512
11.99	12.00	0.047648	52.616
11.99	12.00	0.047664	52.710
11.99	12.00	0.047681	52.810
11.99	12.00	0.047698	52.914
11.99	12.00	0.047714	53.009
11.99	12.00	0.047731	53.108
11.99	12.00	0.047748	53.213
11.99	12.00	0.047764	53.307
11.99	12.00	0.047781	53.408
11.99	12.00	0.047798	53.512
11.99	12.00	0.047814	53.606
11.99	12.00	0.047831	53.709
11.99	12.00	0.047848	53.810
11.99	12.00	0.047864	53.905
11.99	12.00	0.047881	54.008
11.99	12.00	0.047898	54.109
11.99	12.00	0.047914	54.204
11.99	12.00	0.047931	54.308
11.99	12.00	0.047947	54.408
11.99	12.00	0.047964	54.502
12.02	12.00	0.047981	54.607
12.02	12.00	0.047997	54.706
12.02	12.00	0.048014	54.801
12.02	12.00	0.048031	54.905
12.02	12.00	0.048047	55.005
12.02	12.00	0.048064	55.100
12.02	12.00	0.048081	55.204
12.02	12.00	0.048097	55.299
12.02	12.00	0.048114	55.398
12.02	12.00	0.048131	55.503
12.02	12.00	0.048147	55.597
12.02	12.00	0.048164	55.697
11.99	12.00	0.048181	55.801
11.99	12.00	0.048197	55.896
11.99	12.00	0.048214	55.996
11.99	12.00	0.048231	56.100
11.99	12.00	0.048247	56.195
11.99	12.00	0.048264	56.294
11.99	12.00	0.048281	56.399
11.99	12.00	0.048297	56.493
11.99	12.00	0.048314	56.593
11.99	12.00	0.048331	56.698
11.99	12.00	0.048347	56.792
11.99	12.00	0.048364	56.892
11.99	12.00	0.048381	56.995
11.99	12.00	0.048397	57.093
11.99	12.00	0.048414	57.193
11.99	12.00	0.048431	57.294
11.99	12.00	0.048447	57.394
11.99	12.00	0.048464	57.493
11.99	12.00	0.048481	57.593
11.99	12.00	0.048497	57.693
12.02	12.00	0.048514	57.793
12.02	12.00	0.048531	57.893
12.02	12.00	0.048547	57.993
12.02	12.00	0.048564	58.093
12.02	12.00	0.048581	58.193
12.02	12.00	0.048597	58.294
12.02	12.00	0.048614	58.393
12.02	12.00	0.048631	58.493
12.02	12.00	0.048647	58.593
12.02	12.00	0.048664	58.693
12.02	12.00	0.048681	58.793
11.99	12.00	0.048697	58.893
11.99	12.00	0.048714	58.993
11.99	12.00	0.048731	59.094
11.99	12.00	0.048747	59.194
11.99	12.00	0.048764	59.294
11.99	12.00	0.048780	59.394
11.99	12.00	0.048797	59.494
11.99	12.00	0.048814	59.594
11.99	12.00	0.048830	59.694
11.99	12.00	0.048847	59.794
11.99	12.00	0.048864	59.894
11.99	12.00	0.048880	59.994
11.99	12.00	0.048897	00.094
11.99	12.00	0.048914	00.194
11.99	12.00	0.048930	00.294
11.99	12.00	0.048947	00.394
11.99	12.00	0.048964	00.494
11.99	12.00	0.048980	00.594
11.99	12.00	0.048997	00.694
11.99	12.00	0.049014	00.794
11.99	12.00	0.049030	00.894
11.99	12.00	0.049047	00.994
11.99	12.00	0.049064	01.094
11.99	12.00	0.049080	01.194
11.99	12.00	0.049097	01.294
11.99	12.00	0.049114	01.394
11.99	12.00	0.049130	01.495
11.99	12.00	0.049147	01.594
11.99	12.00	0.049164	01.694
12.02	12.00	0.049180	01.794
12.02	12.00	0.049197	01.894
12.02	12.00	0.049214	02.018
12.02	12.00	0.049230	02.118
12.02	12.00	0.049247	02.222
12.02	12.00	0.049264	02.317
12.02	12.00	0.049280	02.417
12.02	12.00	0.049297	02.521
12.02	12.00	0.049314	02.616
12.02	12.00	0.049330	02.715
12.02	12.00	0.049347	02.820
11.99	12.00	0.049364	02.914
11.99	12.00	0.049380	03.014
11.99	12.00	0.049397	03.118
11.99	12.00	0.049414	03.213
11.99	12.00	0.049430	03.315
11.99	12.00	0.049447	03.417
11.99	12.00	0.049464	03.511
11.99	12.00	0.049480	03.614
11.99	12.00	0.049497	03.715
11.99	12.00	0.049514	03.809
11.99	12.00	0.049530	03.914
11.99	12.00	0.049547	04.013
11.99	12.00	0.049564	04.108
11.99	12.00	0.049580	04.213
11.99	12.00	0.049597	04.312
11.99	12.00	0.049613	04.407
11.99	12.00	0.049630	04.511
11.99	12.00	0.049647	04.611
11.99	12.00	0.049663	04.705
11.99	12.00	0.049680	04.810
11.99	12.00	0.049697	04.905
11.99	12.00	0.049713	05.004
11.99	12.00	0.049730	05.109
11.99	12.00	0.049747	05.203
11.99	12.00	0.049763	05.303
11.99	12.00	0.049780	05.407
11.99	12.00	0.049797	05.502
12.02	12.00	0.049813	05.601
12.02	12.00	0.049830	05.706
12.02	12.00	0.049847	05.801
12.02	12.00	0.049863	05.900
12.02	12.00	0.049880	06.005
12.02	12.00	0.049897	06.099
12.02	12.00	0.049913	06.199
12.02	12.00	0.049930	06.303
12.02	12.00	0.049947	06.398
12.02	12.00	0.049963	06.498
12.02	12.00	0.049980	06.602
12.02	12.00	0.049997	06.697
12.02	12.01	0.050013	06.796
12.02	12.01	0.050030	06.900
11.99	12.01	0.050047	06.995
11.99	12.02	0.050063	07.096
11.99	12.02	0.050080	07.199
11.99	12.03	0.050097	07.294
11.99	12.03	0.050113	07.396
11.99	12.03	0.050130	07.498
11.99	12.04	0.050147	07.594
11.99	12.04	0.050163	07.697
11.99	12.04	0.050180	07.796
11.99	12.05	0.050197	07.894
11.99	12.05	0.050213	07.996
12.02	12.05	0.050230	08.095
12.02	12.06	0.050247	08.194
12.02	12.06	0.050263	08.294
12.02	12.06	0.050280	08.394
12.02	12.07	0.050297	08.494
12.04	12.07	0.050313	08.594
12.04	12.07	0.050330	08.694
12.04	12.07	0.050347	08.794
12.04	12.08	0.050363	08.894
12.07	12.08	0.050380	08.994
12.07	12.08	0.050397	09.094
12.07	12.09	0.050413	09.194
12.09	12.09	0.050430	09.294
12.09	12.09	0.050446	09.394
12.09	12.10	0.050463	09.494
12.12	12.10	0.050480	09.595
12.12	12.10	0.050496	09.694
12.12	12.10	0.050513	09.794
12.12	12.11	0.050530	09.894
12.12	12.11	0.050546	09.994
12.12	12.11	0.050563	10.094
12.15	12.11	0.050580	10.194
12.15	12.12	0.050596	10.294
12.15	12.12	0.050613	10.394
12.15	12.12	0.050630	10.494
12.15	12.12	0.050646	10.594
12.15	12.13	0.050663	10.694
12.15	12.13	0.050680	10.794
12.15	12.13	0.050696	10.894
12.15	12.13	0.050713	10.994
12.15	12.13	0.050730	11.095
12.15	12.14	0.050746	11.194
12.15	12.14	0.050763	11.294
12.15	12.14	0.050780	11.395
12.15	12.14	0.050796	11.494
12.15	12.14	0.050813	11.594
12.15	12.14	0.050830	11.695
12.15	12.14	0.050846	11.794
12.15	12.15	0.050863	11.894
12.15	12.15	0.050880	11.995
12.15	12.15	0.050896	12.096
12.12	12.15	0.050913	12.196
12.12	12.15	0.050930	12.295
12.12	12.15	0.050946	12.395
12.12	12.15	0.050963	12.495
12.12	12.15	0.050980	12.596
12.12	12.16	0.050996	12.694
12.15	12.16	0.051013	12.794
12.15	12.16	0.051030	12.920
12.15	12.16	0.051046	13.023
12.15	12.16	0.051063	13.117
12.15	12.16	0.051080	13.195
12.15	12.16	0.051096	13.322
12.15	12.16	0.051113	13.416
12.15	12.16	0.051130	13.496
12.15	12.16	0.051146	13.620
12.17	12.16	0.051163	13.715
12.17	12.16	0.051180	13.819
12.17	12.16	0.051196	13.919
12.17	12.16	0.051213	14.014
12.17	12.16	0.051230	14.118
12.17	12.16	0.051246	14.218
12.17	12.16	0.051263	14.312
12.17	12.16	0.051279	14.417
12.17	12.16	0.051296	14.511
12.17	12.16	0.051313	14.610
12.17	12.16	0.051329	14.715
12.17	12.16	0.051346	14.810
12.17	12.16	0.051363	14.909
12.20	12.16	0.051379	15.014
12.20	12.16	0.051396	15.108
12.20	12.16	0.051413	15.208
12.20	12.15	0.051429	15.312
12.20	12.15	0.051446	15.407
12.17	12.15	0.051463	15.507
12.17	12.15	0.051479	15.611
12.17	12.15	0.051496	15.706
12.17	12.15	0.051513	15.805
12.17	12.15	0.051529	15.910
12.17	12.15	0.051546	16.004
12.17	12.15	0.051563	16.104
12.17	12.15	0.051579	16.208
12.15	12.14	0.051596	16.303
12.15	12.14	0.051613	16.403
12.15	12.14	0.051629	16.507
12.15	12.14	0.051646	16.602
12.15	12.14	0.051663	16.702
12.15	12.14	0.051679	16.805
12.15	12.14	0.051696	16.900
12.15	12.13	0.051713	17.002
12.12	12.13	0.051729	17.104
12.12	12.13	0.051746	17.199
12.12	12.13	0.051763	17.302
12.12	12.13	0.051779	17.403
12.12	12.13	0.051796	17.497
12.12	12.12	0.051813	17.602
12.12	12.12	0.051829	17.702
12.12	12.12	0.051846	17.797
12.12	12.12	0.051863	17.900
12.12	12.12	0.051879	18.000
12.12	12.12	0.051896	18.097
12.09	12.11	0.051913	18.199
12.09	12.11	0.051929	18.299
12.09	12.11	0.051946	18.397
12.09	12.11	0.051963	18.498
12.09	12.11	0.051979	18.598
12.09	12.11	0.051996	18.697
12.09	12.10	0.052013	18.797
12.09	12.10	0.052029	18.899
12.09	12.10	0.052046	18.997
12.12	12.10	0.052063	19.097
12.12	12.10	0.052079	19.199
12.12	12.10	0.052096	19.298
12.12	12.09	0.052112	19.398
12.12	12.09	0.052129	19.499
12.12	12.09	0.052146	19.598
12.12	12.09	0.052162	19.698
12.12	12.09	0.052179	19.799
12.12	12.09	0.052196	19.898
12.09	12.08	0.052212	19.998
12.09	12.08	0.052229	20.100
12.09	12.08	0.052246	20.198
12.09	12.08	0.052262	20.298
12.09	12.08	0.052279	20.399
12.09	12.08	0.052296	20.498
12.09	12.08	0.052312	20.599
12.07	12.07	0.052329	20.700
12.07	12.07	0.052346	20.798
12.07	12.07	0.052362	20.898
12.07	12.07	0.052379	21.000
12.07	12.07	0.052396	21.098
12.07	12.07	0.052412	21.198
12.07	12.07	0.052429	21.300
12.07	12.07	0.052446	21.398
12.04	12.06	0.052462	21.498
12.04	12.06	0.052479	21.600
12.04	12.06	0.052496	21.698
12.04	12.06	0.052512	21.798
12.04	12.06	0.052529	21.901
12.04	12.06	0.052546	21.998
12.04	12.06	0.052562	22.098
12.04	12.06	0.052579	22.201
12.04	12.06	0.052596	22.298
12.04	12.06	0.052612	22.398
12.04	12.06	0.052629	22.501
12.04	12.06	0.052646	22.598
12.04	12.06	0.052662	22.698
12.04	12.06	0.052679	22.801
12.04	12.06	0.052696	22.927
12.04	12.06	0.052712	23.022
12.04	12.06	0.052729	23.102
12.07	12.06	0.052746	23.227
12.07	12.06	0.052762	23.321
12.07	12.06	0.052779	23.426
12.07	12.06	0.052796	23.525
12.07	12.06	0.052812	23.619
12.07	12.06	0.052829	23.724
12.07	12.06	0.052846	23.823
12.07	12.06	0.052862	23.918
12.07	12.06	0.052879	24.023
12.07	12.06	0.052896	24.123
12.07	12.06	0.052912	24.217
12.07	12.06	0.052929	24.322
12.07	12.06	0.052945	24.416
12.07	12.06	0.052962	24.516
12.07	12.06	0.052979	24.620
12.07	12.06	0.052995	24.715
12.07	12.06	0.053012	24.815
12.07	12.06	0.053029	24.919
12.07	12.06	0.053045	25.014
12.07	12.07	0.053062	25.112
12.07	12.07	0.053079	25.218
12.04	12.07	0.053095	25.311
12.04	12.07	0.053112	25.412
12.04	12.07	0.053129	25.515
12.04	12.07	0.053145	25.610
12.04	12.07	0.053162	25.710
12.04	12.08	0.053179	25.814
12.04	12.08	0.053195	25.909
12.07	12.08	0.053212	26.008
12.07	12.08	0.053229	26.113
12.07	12.08	0.053245	26.208
12.07	12.09	0.053262	26.308
12.07	12.09	0.053279	26.412
12.07	12.09	0.053295	26.506
12.07	12.09	0.053312	26.608
12.07	12.09	0.053329	26.710
12.07	12.10	0.053345	26.805
12.09	12.10	0.053362	26.907
12.09	12.10	0.053379	27.009
12.09	12.10	0.053395	27.104
12.09	12.11	0.053412	27.208
12.09	12.11	0.053429	27.308
12.09	12.11	0.053445	27.402
12.09	12.11	0.053462	27.507
12.09	12.12	0.053479	27.606
12.12	12.12	0.053495	27.701
12.12	12.12	0.053512	27.805
12.12	12.13	0.053529	27.905
12.12	12.13	0.053545	28.001
12.12	12.13	0.053562	28.104
12.12	12.13	0.053579	28.205
12.12	12.14	0.053595	28.301
12.15	12.14	0.053612	28.403
12.15	12.14	0.053629	28.504
12.15	12.15	0.053645	28.601
12.15	12.15	0.053662	28.702
12.15	12.15	0.053679	28.805
12.15	12.16	0.053695	28.901
12.15	12.16	0.053712	29.001
12.15	12.16	0.053729	29.105
12.15	12.17	0.053745	29.201
12.15	12.17	0.053762	29.301
12.17	12.17	0.053778	29.405
12.17	12.18	0.053795	29.501
12.17	12.18	0.053812	29.601
12.17	12.18	0.053828	29.705
12.17	12.19	0.053845	29.801
12.17	12.19	0.053862	29.901
12.17	12.19	0.053878	30.006
12.20	12.20	0.053895	30.101
12.20	12.20	0.053912	30.201
12.20	12.20	0.053928	30.305
12.20	12.21	0.053945	30.401
12.20	12.21	0.053962	30.515
12.20	12.21	0.053978	30.609
12.20	12.22	0.053995	30.710
12.22	12.22	0.054012	30.810
12.22	12.22	0.054028	30.910
12.22	12.23	0.054045	31.010
12.22	12.23	0.054062	31.110
12.22	12.24	0.054078	31.211
12.22	12.24	0.054095	31.310
12.22	12.24	0.054112	31.410
12.25	12.25	0.054128	31.534
12.25	12.25	0.054145	31.638
12.25	12.25	0.054162	31.733
12.25	12.26	0.054178	31.833
12.25	12.26	0.054195	31.936
12.25	12.26	0.054212	32.031
12.25	12.27	0.054228	32.131
12.25	12.27	0.054245	32.235
12.27	12.27	0.054262	32.331
12.27	12.28	0.054278	32.431
12.27	12.28	0.054295	32.534
12.27	12.28	0.054312	32.628
12.27	12.29	0.054328	32.732
12.27	12.29	0.054345	32.832
12.27	12.29	0.054362	32.927
12.30	12.29	0.054378	33.031
12.30	12.30	0.054395	33.132
12.30	12.30	0.054412	33.226
12.30	12.30	0.054428	33.331
12.30	12.31	0.054445	33.430
12.30	12.31	0.054462	33.525
12.30	12.31	0.054478	33.629
12.33	12.31	0.054495	33.729
12.33	12.32	0.054512	33.824
12.33	12.32	0.054528	33.928
12.33	12.32	0.054545	34.023
12.33	12.32	0.054562	34.122
12.33	12.33	0.054578	34.227
12.33	12.33	0.054595	34.320
12.33	12.33	0.054611	34.420
12.33	12.33	0.054628	34.524
12.33	12.34	0.054645	34.619
12.35	12.34	0.054661	34.720
12.35	12.34	0.054678	34.824
12.35	12.34	0.054695	34.918
12.35	12.34	0.054711	35.018
12.35	12.35	0.054728	35.122
12.35	12.35	0.054745	35.217
12.35	12.35	0.054761	35.317
12.35	12.35	0.054778	35.421
12.35	12.35	0.054795	35.516
12.35	12.36	0.054811	35.615
12.35	12.36	0.054828	35.720
12.35	12.36	0.054845	35.814
12.38	12.36	0.054861	35.914
12.38	12.36	0.054878	36.018
12.38	12.36	0.054895	36.113
12.38	12.36	0.054911	36.214
12.38	12.36	0.054928	36.317
12.38	12.37	0.054945	36.412
12.38	12.37	0.054961	36.513
12.38	12.37	0.054978	36.615
12.38	12.37	0.054995	36.710
12.38	12.37	0.055011	36.814
12.38	12.37	0.055028	36.913
12.38	12.37	0.055045	37.010
12.38	12.37	0.055061	37.113
12.38	12.37	0.055078	37.212
12.38	12.37	0.055095	37.310
12.38	12.37	0.055111	37.411
12.38	12.37	0.055128	37.511
12.38	12.37	0.055145	37.610
12.38	12.37	0.055161	37.710
12.38	12.37	0.055178	37.810
12.38	12.37	0.055195	37.910
12.38	12.37	0.055211	38.010
12.38	12.37	0.055228	38.110
12.38	12.37	0.055245	38.210
12.38	12.37	0.055261	38.310
12.38	12.37	0.055278	38.410
12.38	12.37	0.055295	38.511
12.38	12.37	0.055311	38.610
12.38	12.37	0.055328	38.711
12.38	12.37	0.055345	38.810
12.38	12.37	0.055361	38.910
12.38	12.37	0.055378	39.010
12.38	12.37	0.055395	39.110
12.38	12.37	0.055411	39.210
12.38	12.37	0.055428	39.311
12.38	12.37	0.055444	39.410
12.38	12.37	0.055461	39.510
12.38	12.36	0.055478	39.611
12.35	12.36	0.055494	39.710
12.35	12.36	0.055511	39.810
12.35	12.36	0.055528	39.911
12.35	12.36	0.055544	40.010
12.35	12.36	0.055561	40.111
12.35	12.36	0.055578	40.211
12.35	12.36	0.055594	40.311
12.35	12.36	0.055611	40.411
12.35	12.35	0.055628	40.512
12.35	12.35	0.055644	40.611
12.35	12.35	0.055661	40.711
12.35	12.35	0.055678	40.811
12.35	12.35	0.055694	40.911
12.35	12.35	0.055711	41.012
12.35	12.35	0.055728	41.112
12.35	12.34	0.055744	41.211
12.38	12.34	0.055761	41.311
12.38	12.34	0.055778	41.412
12.38	12.34	0.055794	41.511
12.38	12.34	0.055811	41.611
12.38	12.34	0.055828	41.712
12.38	12.33	0.055844	41.811
12.35	12.33	0.055861	41.912
12.35	12.33	0.055878	42.012
12.35	12.33	0.055894	42.141
12.35	12.33	0.055911	42.235
12.35	12.33	0.055928	42.313
12.35	12.32	0.055944	42.439
12.33	12.32	0.055961	42.534
12.33	12.32	0.055978	42.612
12.33	12.32	0.055994	42.738
12.33	12.32	0.056011	42.833
12.33	12.32	0.056028	42.937
12.33	12.31	0.056044	43.037
12.30	12.31	0.056061	43.131
12.30	12.31	0.056078	43.236
12.30	12.31	0.056094	43.334
12.30	12.31	0.056111	43.429
12.30	12.31	0.056128	43.533
12.30	12.30	0.056144	43.634
12.30	12.30	0.056161	43.728
12.30	12.30	0.056178	43.832
12.30	12.30	0.056194	43.927
12.27	12.30	0.056211	44.026
12.27	12.30	0.056228	44.131
12.27	12.29	0.056244	44.225
12.27	12.29	0.056261	44.325
12.27	12.29	0.056277	44.429
12.27	12.29	0.056294	44.524
12.27	12.29	0.056311	44.624
12.27	12.29	0.056327	44.728
12.27	12.29	0.056344	44.823
12.27	12.28	0.056361	44.922
12.27	12.28	0.056377	45.027
12.27	12.28	0.056394	45.122
12.27	12.28	0.056411	45.222
12.30	12.28	0.056427	45.326
12.30	12.28	0.056444	45.421
12.30	12.28	0.056461	45.520
12.30	12.28	0.056477	45.625
12.30	12.28	0.056494	45.719
12.30	12.28	0.056511	45.819
12.30	12.27	0.056527	45.923
12.30	12.27	0.056544	46.018
12.30	12.27	0.056561	46.120
12.30	12.27	0.056577	46.222
12.30	12.27	0.056594	46.317
12.27	12.27	0.056611	46.419
12.27	12.27	0.056627	46.520
12.27	12.27	0.056644	46.614
12.27	12.27	0.056661	46.719
12.27	12.27	0.056677	46.818
12.27	12.27	0.056694	46.913
12.27	12.27	0.056711	47.018
12.27	12.27	0.056727	47.117
12.25	12.27	0.056744	47.212
12.25	12.27	0.056761	47.316
12.25	12.27	0.056777	47.416
12.25	12.27	0.056794	47.512
12.25	12.27	0.056811	47.615
12.25	12.27	0.056827	47.716
12.25	12.27	0.056844	47.812
12.25	12.27	0.056861	47.914
12.25	12.27	0.056877	48.016
12.25	12.27	0.056894	48.113
12.25	12.27	0.056911	48.213
12.25	12.27	0.056927	48.316
12.25	12.27	0.056944	48.413
12.25	12.27	0.056961	48.513
12.27	12.27	0.056977	48.617
12.27	12.28	0.056994	48.713
12.27	12.28	0.057011	48.813
12.27	12.28	0.057027	48.916
12.27	12.28	0.057044	49.013
12.27	12.28	0.057061	49.113
12.27	12.28	0.057077	49.217
12.27	12.28	0.057094	49.314
12.27	12.28	0.057110	49.413
12.27	12.28	0.057127	49.517
12.27	12.29	0.057144	49.613
12.27	12.29	0.057160	49.713
12.27	12.29	0.057177	49.817
12.27	12.29	0.057194	49.913
12.27	12.29	0.057210	50.013
12.30	12.30	0.057227	50.117
12.30	12.30	0.057244	50.214
12.30	12.30	0.057260	50.313
12.30	12.30	0.057277	50.418
12.30	12.30	0.057294	50.513
12.30	12.31	0.057310	50.613
12.30	12.31	0.057327	50.717
12.30	12.31	0.057344	50.813
12.30	12.31	0.057360	50.914
12.30	12.31	0.057377	51.018
12.30	12.32	0.057394	51.114
12.33	12.32	0.057410	51.214
12.33	12.32	0.057427	51.318
12.33	12.32	0.057444	51.414
12.33	12.33	0.057460	51.514
12.33	12.33	0.057477	51.618
12.33	12.33	0.057494	51.714
12.33	12.34	0.057510	51.815
12.33	12.34	0.057527	51.918
12.33	12.34	0.057544	52.014
12.33	12.34	0.057560	52.114
12.33	12.35	0.057577	52.219
12.33	12.35	0.057594	52.314
12.33	12.35	0.057610	52.414
12.35	12.36	0.057627	52.518
12.35	12.36	0.057644	52.643
12.35	12.36	0.057660	52.737
12.35	12.37	0.057677	52.842
12.35	12.37	0.057694	52.942
12.35	12.37	0.057710	53.035
12.35	12.38	0.057727	53.140
12.35	12.38	0.057744	53.239
12.35	12.38	0.057760	53.334
12.35	12.39	0.057777	53.438
12.38	12.39	0.057794	53.533
12.38	12.39	0.057810	53.633
12.38	12.40	0.057827	53.737
12.38	12.40	0.057844	53.832
12.38	12.40	0.057860	53.931
12.40	12.41	0.057877	54.036
12.40	12.41	0.057894	54.130
12.40	12.41	0.057910	54.230
12.40	12.42	0.057927	54.334
12.40	12.42	0.057943	54.429
12.40	12.42	0.057960	54.529
12.43	12.43	0.057977	54.633
12.43	12.43	0.057993	54.728
12.43	12.43	0.058010	54.827
12.43	12.44	0.058027	54.932
12.43	12.44	0.058043	55.026
12.43	12.45	0.058060	55.126
12.45	12.45	0.058077	55.230
12.45	12.45	0.058093	55.325
12.45	12.46	0.058110	55.425
12.45	12.46	0.058127	55.529
12.45	12.46	0.058143	55.624
12.45	12.47	0.058160	55.724
12.48	12.47	0.058177	55.828
12.48	12.47	0.058193	55.922
12.48	12.48	0.058210	56.025
12.48	12.48	0.058227	56.127
12.48	12.48	0.058243	56.221
12.48	12.49	0.058260	56.325
12.48	12.49	0.058277	56.425
12.50	12.49	0.058293	56.519
12.50	12.50	0.058310	56.624
12.50	12.50	0.058327	56.723
12.50	12.50	0.058343	56.818
12.50	12.50	0.058360	56.923
12.50	12.51	0.058377	57.022
12.50	12.51	0.058393	57.117
12.50	12.51	0.058410	57.221
12.53	12.52	0.058427	57.316
12.53	12.52	0.058443	57.415
12.53	12.52	0.058460	57.520
12.53	12.52	0.058477	57.615
12.53	12.53	0.058493	57.714
12.53	12.53	0.058510	57.819
12.53	12.53	0.058527	57.914
12.53	12.54	0.058543	58.014
12.53	12.54	0.058560	58.117
12.56	12.54	0.058577	58.214
12.56	12.54	0.058593	58.314
12.56	12.55	0.058610	58.416
12.56	12.55	0.058627	58.514
12.56	12.55	0.058643	58.614
12.56	12.55	0.058660	58.715
12.56	12.55	0.058677	58.814
12.56	12.56	0.058693	58.914
12.56	12.56	0.058710	59.014
12.56	12.56	0.058727	59.114
12.56	12.56	0.058743	59.215
12.56	12.56	0.058760	59.314
12.56	12.57	0.058776	59.414
12.56	12.57	0.058793	59.514
12.56	12.57	0.058810	59.614
12.56	12.57	0.058826	59.714
12.56	12.57	0.058843	59.814
12.56	12.57	0.058860	59.914
12.58	12.57	0.058876	00.014
12.58	12.58	0.058893	00.114
12.58	12.58	0.058910	00.214
12.58	12.58	0.058926	00.314
12.58	12.58	0.058943	00.414
12.58	12.58	0.058960	00.514
12.58	12.58	0.058976	00.614
12.58	12.58	0.058993	00.714
12.58	12.58	0.059010	00.815
12.58	12.58	0.059026	00.914
12.58	12.58	0.059043	01.014
12.58	12.58	0.059060	01.114
12.61	12.58	0.059076	01.214
12.61	12.59	0.059093	01.314
12.61	12.59	0.059110	01.414
12.61	12.59	0.059126	01.514
12.61	12.59	0.059143	01.614
12.61	12.59	0.059160	01.715
12.61	12.59	0.059176	01.814
12.61	12.59	0.059193	01.914
12.61	12.59	0.059210	02.014
12.61	12.59	0.059226	02.114
12.61	12.59	0.059243	02.214
12.61	12.59	0.059260	02.314
12.61	12.59	0.059276	02.414
12.61	12.59	0.059293	02.514
12.61	12.59	0.059310	02.614
12.58	12.58	0.059326	02.714
12.58	12.58	0.059343	02.814
12.58	12.58	0.059360	02.914
12.58	12.58	0.059376	03.014
12.58	12.58	0.059393	03.114
12.58	12.58	0.059410	03.214
12.58	12.58	0.059426	03.343
12.58	12.58	0.059443	03.438
12.58	12.58	0.059460	03.514
12.58	12.58	0.059476	03.642
12.58	12.58	0.059493	03.737
12.58	12.58	0.059510	03.836
12.58	12.58	0.059526	03.941
12.58	12.57	0.059543	04.035
12.58	12.57	0.059560	04.135
12.58	12.57	0.059576	04.239
12.58	12.57	0.059593	04.334
12.58	12.57	0.059609	04.434
12.58	12.57	0.059626	04.538
12.58	12.57	0.059643	04.633
12.58	12.57	0.059659	04.733
12.58	12.56	0.059676	04.837
12.58	12.56	0.059693	04.932
12.58	12.56	0.059709	05.031
12.58	12.56	0.059726	05.136
12.56	12.56	0.059743	05.230
12.56	12.56	0.059759	05.330
12.56	12.55	0.059776	05.434
12.56	12.55	0.059793	05.528
12.56	12.55	0.059809	05.631
12.56	12.55	0.059826	05.732
12.56	12.55	0.059843	05.827
12.56	12.55	0.059859	05.931
12.56	12.54	0.059876	06.031
12.56	12.54	0.059893	06.126
12.56	12.54	0.059909	06.230
12.56	12.54	0.059926	06.330
12.56	12.54	0.059943	06.424
12.56	12.54	0.059959	06.529
12.56	12.53	0.059976	06.628
12.53	12.53	0.059993	06.723
12.53	12.53	0.060009	06.828
12.53	12.53	0.060026	06.927
12.53	12.53	0.060043	07.022
12.53	12.53	0.060059	07.126
12.53	12.52	0.060076	07.221
12.53	12.52	0.060093	07.320
12.53	12.52	0.060109	07.425
12.53	12.52	0.060126	07.520
12.50	12.52	0.060143	07.619
12.50	12.52	0.060159	07.723
12.50	12.51	0.060176	07.818
12.50	12.51	0.060193	07.917
12.50	12.51	0.060209	08.022
12.50	12.51	0.060226	08.116
12.50	12.51	0.060243	08.216
12.50	12.51	0.060259	08.320
12.50	12.50	0.060276	08.416
12.50	12.50	0.060293	08.515
12.50	12.50	0.060309	08.620
12.50	12.50	0.060326	08.715
12.50	12.50	0.060343	08.815
12.50	12.50	0.060359	08.918
12.50	12.50	0.060376	09.015
12.50	12.50	0.060393	09.115
12.50	12.49	0.060409	09.217
12.50	12.49	0.060426	09.315
12.50	12.49	0.060442	09.415
12.50	12.49	0.060459	09.516
12.50	12.49	0.060476	09.615
12.48	12.49	0.060492	09.715
12.48	12.49	0.060509	09.815
12.48	12.49	0.060526	09.915
12.48	12.49	0.060542	10.016
12.48	12.49	0.060559	10.115
12.48	12.49	0.060576	10.215
12.48	12.48	0.060592	10.315
12.48	12.48	0.060609	10.415
12.48	12.48	0.060626	10.515
12.48	12.48	0.060642	10.615
12.48	12.48	0.060659	10.715
12.48	12.48	0.060676	10.815
12.48	12.48	0.060692	10.916
12.48	12.48	0.060709	11.015
12.48	12.48	0.060726	11.115
12.48	12.48	0.060742	11.215
12.48	12.48	0.060759	11.315
12.48	12.48	0.060776	11.415
12.48	12.48	0.060792	11.515
12.48	12.48	0.060809	11.615
12.48	12.48	0.060826	11.715
12.48	12.48	0.060842	11.815
12.48	12.48	0.060859	11.915
12.48	12.48	0.060876	12.015
12.48	12.48	0.060892	12.115
12.48	12.48	0.060909	12.215
12.48	12.49	0.060926	12.315
12.48	12.49	0.060942	12.415
12.48	12.49	0.060959	12.515
12.48	12.49	0.060976	12.615
12.48	12.49	0.060992	12.715
12.48	12.49	0.061009	12.815
12.48	12.49	0.061026	12.915
12.48	12.49	0.061042	13.015
12.48	12.49	0.061059	13.115
12.48	12.49	0.061076	13.215
12.48	12.50	0.061092	13.316
12.48	12.50	0.061109	13.415
12.48	12.50	0.061126	13.515
12.48	12.50	0.061142	13.615
12.48	12.50	0.061159	13.715
12.48	12.50	0.061176	13.815
12.48	12.50	0.061192	13.915
12.48	12.51	0.061209	14.015
12.48	12.51	0.061226	14.115
12.48	12.51	0.061242	14.239
12.48	12.51	0.061259	14.338
12.50	12.51	0.061275	14.444
12.50	12.52	0.061292	14.537
12.50	12.52	0.061309	14.637
12.50	12.52	0.061325	14.741
12.50	12.52	0.061342	14.836
12.50	12.53	0.061359	14.936
12.50	12.53	0.061375	15.040
12.53	12.53	0.061392	15.135
12.53	12.53	0.061409	15.237
12.53	12.54	0.061425	15.339
12.53	12.54	0.061442	15.434
12.53	12.54	0.061459	15.536
12.53	12.54	0.061475	15.638
12.56	12.55	0.061492	15.732
12.56	12.55	0.061509	15.836
12.56	12.55	0.061525	15.937
12.56	12.55	0.061542	16.031
12.56	12.56	0.061559	16.136
12.56	12.56	0.061575	16.235
12.56	12.56	0.061592	16.329
12.56	12.57	0.061609	16.434
12.56	12.57	0.061625	16.533
12.56	12.57	0.061642	16.627
12.56	12.58	0.061659	16.732
12.58	12.58	0.061675	16.828
12.58	12.58	0.061692	16.927
12.58	12.59	0.061709	17.032
12.58	12.59	0.061725	17.125
12.58	12.59	0.061742	17.226
12.58	12.60	0.061759	17.329
12.58	12.60	0.061775	17.424
12.58	12.60	0.061792	17.524
12.58	12.61	0.061809	17.628
12.58	12.61	0.061825	17.723
12.61	12.61	0.061842	17.823
12.61	12.62	0.061859	17.927
12.61	12.62	0.061875	18.022
12.61	12.62	0.061892	18.121
12.61	12.63	0.061909	18.226
12.61	12.63	0.061925	18.320
12.61	12.63	0.061942	18.420
12.63	12.64	0.061959	18.525
12.63	12.64	0.061975	18.619
12.63	12.64	0.061992	18.719
12.63	12.65	0.062009	18.823
12.63	12.65	0.062025	18.918
12.63	12.65	0.062042	19.018
12.66	12.66	0.062059	19.122
12.66	12.66	0.062075	19.217
12.66	12.67	0.062092	19.318
12.66	12.67	0.062108	19.421
12.66	12.67	0.062125	19.516
12.66	12.68	0.062142	19.619
12.68	12.68	0.062158	19.719
12.68	12.68	0.062175	19.816
12.68	12.69	0.062192	19.917
12.68	12.69	0.062208	20.017
12.68	12.69	0.062225	20.117
12.68	12.70	0.062242	20.216
12.71	12.70	0.062258	20.316
12.71	12.70	0.062275	20.416
12.71	12.71	0.062292	20.516
12.71	12.71	0.062308	20.616
12.71	12.71	0.062325	20.716
12.71	12.71	0.062342	20.816
12.74	12.72	0.062358	20.916
12.74	12.72	0.062375	21.016
12.74	12.72	0.062392	21.116
12.74	12.73	0.062408	21.216
12.74	12.73	0.062425	21.316
12.74	12.73	0.062442	21.416
12.74	12.74	0.062458	21.516
12.74	12.74	0.062475	21.616
12.74	12.74	0.062492	21.716
12.74	12.74	0.062508	21.816
12.74	12.75	0.062525	21.916
12.74	12.75	0.062542	22.016
12.76	12.75	0.062558	22.116
12.76	12.75	0.062575	22.216
12.76	12.76	0.062592	22.316
12.76	12.76	0.062608	22.416
12.76	12.76	0.062625	22.516
12.76	12.76	0.062642	22.616
12.76	12.77	0.062658	22.716
12.76	12.77	0.062675	22.817
12.76	12.77	0.062692	22.917
12.76	12.77	0.062708	23.017
12.76	12.77	0.062725	23.117
12.76	12.78	0.062742	23.217
12.79	12.78	0.062758	23.317
12.79	12.78	0.062775	23.417
12.79	12.78	0.062792	23.517
12.79	12.78	0.062808	23.617
12.79	12.78	0.062825	23.717
12.79	12.78	0.062842	23.817
12.79	12.79	0.062858	23.917
12.79	12.79	0.062875	24.017
12.79	12.79	0.062892	24.117
12.79	12.79	0.062908	24.218
12.79	12.79	0.062925	24.317
12.79	12.79	0.062941	24.417
12.79	12.79	0.062958	24.517
12.79	12.79	0.062975	24.617
12.81	12.80	0.062991	24.741
12.81	12.80	0.063008	24.817
12.81	12.80	0.063025	24.945
12.81	12.80	0.063041	25.040
12.81	12.80	0.063058	25.118
12.81	12.80	0.063075	25.244
12.81	12.80	0.063091	25.339
12.81	12.80	0.063108	25.417
12.81	12.80	0.063125	25.543
12.81	12.80	0.063141	25.637
12.81	12.80	0.063158	25.742
12.81	12.80	0.063175	25.841
12.81	12.80	0.063191	25.936
12.81	12.80	0.063208	26.041
12.81	12.80	0.063225	26.140
12.81	12.80	0.063241	26.235
12.81	12.80	0.063258	26.339
12.81	12.80	0.063275	26.439
12.81	12.80	0.063291	26.533
12.81	12.80	0.063308	26.637
12.81	12.80	0.063325	26.731
12.81	12.80	0.063341	26.831
12.81	12.80	0.063358	26.937
12.81	12.80	0.063375	27.030
12.81	12.80	0.063391	27.130
12.81	12.80	0.063408	27.234
12.81	12.79	0.063425	27.329
12.81	12.79	0.063441	27.429
12.81	12.79	0.063458	27.533
12.81	12.79	0.063475	27.628
12.79	12.79	0.063491	27.727
12.79	12.79	0.063508	27.832
12.79	12.79	0.063525	27.926
12.79	12.79	0.063541	28.026
12.79	12.79	0.063558	28.130
12.79	12.79	0.063575	28.225
12.79	12.78	0.063591	28.324
12.79	12.78	0.063608	28.429
12.79	12.78	0.063625	28.524
12.79	12.78	0.063641	28.624
12.79	12.78	0.063658	28.728
12.79	12.78	0.063675	28.822
12.79	12.78	0.063691	28.924
12.79	12.77	0.063708	29.026
12.79	12.77	0.063725	29.121
12.79	12.77	0.063741	29.225
12.79	12.77	0.063758	29.325
12.79	12.77	0.063774	29.420
12.79	12.77	0.063791	29.524
12.76	12.76	0.063808	29.624
12.76	12.76	0.063824	29.719
12.76	12.76	0.063841	29.823
12.76	12.76	0.063858	29.922
12.76	12.76	0.063874	30.019
12.76	12.76	0.063891	30.122
12.76	12.75	0.063908	30.221
12.76	12.75	0.063924	30.319
12.76	12.75	0.063941	30.420
12.76	12.75	0.063958	30.520
12.76	12.75	0.063974	30.619
12.76	12.75	0.063991	30.719
12.76	12.74	0.064008	30.821
12.76	12.74	0.064024	30.919
12.74	12.74	0.064041	31.019
12.74	12.74	0.064058	31.121
12.74	12.74	0.064074	31.219
12.74	12.74	0.064091	31.319
12.74	12.73	0.064108	31.421
12.74	12.73	0.064124	31.519
12.74	12.73	0.064141	31.619
12.74	12.73	0.064158	31.721
12.74	12.73	0.064174	31.819
12.74	12.73	0.064191	31.919
12.74	12.72	0.064208	32.021
12.74	12.72	0.064224	32.119
12.74	12.72	0.064241	32.220
12.71	12.72	0.064258	32.321
12.71	12.72	0.064274	32.420
12.71	12.72	0.064291	32.520
12.71	12.72	0.064308	32.621
12.71	12.71	0.064324	32.720
12.71	12.71	0.064341	32.820
12.71	12.71	0.064358	32.922
12.71	12.71	0.064374	33.021
12.71	12.71	0.064391	33.121
12.71	12.71	0.064408	33.222
12.71	12.71	0.064424	33.321
12.71	12.71	0.064441	33.421
12.71	12.70	0.064458	33.522
12.71	12.70	0.064474	33.622
12.71	12.70	0.064491	33.721
12.71	12.70	0.064508	33.823
12.71	12.70	0.064524	33.921
12.68	12.70	0.064541	34.021
12.68	12.70	0.064558	34.122
12.68	12.70	0.064574	34.222
12.68	12.70	0.064591	34.322
12.68	12.70	0.064607	34.423
12.68	12.70	0.064624	34.522
12.68	12.70	0.064641	34.646
12.68	12.70	0.064657	34.723
12.68	12.70	0.064674	34.850
12.68	12.70	0.064691	34.945
12.68	12.70	0.064707	35.023
12.68	12.70	0.064724	35.149
12.68	12.70	0.064741	35.243
12.68	12.70	0.064757	35.323
12.68	12.70	0.064774	35.448
12.68	12.70	0.064791	35.542
12.68	12.70	0.064807	35.647
12.71	12.70	0.064824	35.746
12.71	12.70	0.064841	35.841
12.71	12.70	0.064857	35.945
12.71	12.70	0.064874	36.045
12.71	12.70	0.064891	36.139
12.71	12.70	0.064907	36.244
12.71	12.70	0.064924	36.339
12.71	12.70	0.064941	36.438
12.71	12.70	0.064957	36.543
12.71	12.70	0.064974	36.637
12.71	12.70	0.064991	36.737
12.71	12.70	0.065007	36.841
12.71	12.70	0.065024	36.936
12.71	12.70	0.065041	37.036
12.71	12.71	0.065057	37.139
12.71	12.71	0.065074	37.234
12.71	12.71	0.065091	37.333
12.71	12.71	0.065107	37.438
12.71	12.71	0.065124	37.532
12.71	12.71	0.065141	37.632
12.71	12.71	0.065157	37.736
12.71	12.72	0.065174	37.831
12.71	12.72	0.065191	37.931
12.71	12.72	0.065207	38.035
12.71	12.72	0.065224	38.130
12.71	12.72	0.065241	38.229
12.71	12.73	0.065257	38.334
12.71	12.73	0.065274	38.428
12.71	12.73	0.065291	38.529
12.71	12.73	0.065307	38.633
12.71	12.73	0.065324	38.727
12.71	12.74	0.065341	38.830
12.71	12.74	0.065357	38.931
12.71	12.74	0.065374	39.026
12.71	12.74	0.065391	39.129
12.71	12.75	0.065407	39.230
12.71	12.75	0.065424	39.324
12.71	12.75	0.065440	39.429
12.71	12.75	0.065457	39.529
12.74	12.76	0.065474	39.624
12.74	12.76	0.065490	39.728
12.74	12.76	0.065507	39.827
12.74	12.77	0.065524	39.924
12.74	12.77	0.065540	40.026
12.74	12.77	0.065557	40.126
12.76	12.77	0.065574	40.225
12.76	12.78	0.065590	40.325
12.76	12.78	0.065607	40.426
12.76	12.78	0.065624	40.524
12.76	12.79	0.065640	40.624
12.79	12.79	0.065657	40.726
12.79	12.79	0.065674	40.824
12.79	12.80	0.065690	40.925
12.79	12.80	0.065707	41.026
12.79	12.80	0.065724	41.124
12.81	12.81	0.065740	41.224
12.81	12.81	0.065757	41.327
12.81	12.81	0.065774	41.424
12.81	12.82	0.065790	41.524
12.81	12.82	0.065807	41.626
12.81	12.82	0.065824	41.724
12.81	12.83	0.065840	41.824
12.84	12.83	0.065857	41.927
12.84	12.83	0.065874	42.024
12.84	12.84	0.065890	42.124
12.84	12.84	0.065907	42.227
12.84	12.84	0.065924	42.324
12.84	12.85	0.065940	42.424
12.84	12.85	0.065957	42.527
12.86	12.85	0.065974	42.624
12.86	12.86	0.065990	42.724
12.86	12.86	0.066007	42.827
12.86	12.86	0.066024	42.924
12.86	12.87	0.066040	43.024
12.86	12.87	0.066057	43.128
12.86	12.88	0.066074	43.224
12.86	12.88	0.066090	43.324
12.86	12.88	0.066107	43.428
12.89	12.89	0.066124	43.524
12.89	12.89	0.066140	43.624
12.89	12.89	0.066157	43.728
12.89	12.90	0.066174	43.824
12.89	12.90	0.066190	43.924
12.89	12.90	0.066207	44.028
12.89	12.91	0.066224	44.125
12.89	12.91	0.066240	44.224
12.92	12.91	0.066257	44.324
12.92	12.92	0.066273	44.424
12.92	12.92	0.066290	44.524
12.92	12.92	0.066307	44.628
12.92	12.93	0.066323	44.724
12.92	12.93	0.066340	44.824
12.92	12.93	0.066357	44.924
12.94	12.93	0.066373	45.053
12.94	12.94	0.066390	45.148
12.94	12.94	0.066407	45.253
12.94	12.94	0.066423	45.352
12.94	12.95	0.066440	45.447
12.94	12.95	0.066457	45.551
12.94	12.95	0.066473	45.651
12.94	12.95	0.066490	45.745
12.97	12.96	0.066507	45.850
12.97	12.96	0.066523	45.949
12.97	12.96	0.066540	46.044
12.97	12.96	0.066557	46.149
12.97	12.97	0.066573	46.243
12.97	12.97	0.066590	46.343
12.97	12.97	0.066607	46.447
12.97	12.97	0.066623	46.542
12.97	12.98	0.066640	46.641
12.97	12.98	0.066657	46.746
12.97	12.98	0.066673	46.841
12.97	12.98	0.066690	46.940
12.99	12.98	0.066707	47.044
12.99	12.99	0.066723	47.139
12.99	12.99	0.066740	47.238
12.99	12.99	0.066757	47.343
12.99	12.99	0.066773	47.437
12.99	12.99	0.066790	47.537
12.99	13.00	0.066807	47.642
12.99	13.00	0.066823	47.736
12.99	13.00	0.066840	47.836
12.99	13.00	0.066857	47.940
12.99	13.00	0.066873	48.035
13.02	13.00	0.066890	48.135
13.02	13.00	0.066907	48.239
13.02	13.00	0.066923	48.334
13.02	13.01	0.066940	48.435
13.02	13.01	0.066957	48.538
13.02	13.01	0.066973	48.632
13.02	13.01	0.066990	48.736
13.02	13.01	0.067007	48.836
13.02	13.01	0.067023	48.931
13.02	13.01	0.067040	49.035
13.02	13.01	0.067057	49.135
13.02	13.01	0.067073	49.230
13.02	13.01	0.067090	49.334
13.02	13.01	0.067106	49.434
13.02	13.01	0.067123	49.528
13.02	13.01	0.067140	49.633
13.02	13.01	0.067156	49.732
13.02	13.01	0.067173	49.827
13.02	13.01	0.067190	49.931
13.02	13.01	0.067206	50.026
13.02	13.01	0.067223	50.126
13.02	13.01	0.067240	50.230
13.02	13.01	0.067256	50.325
13.02	13.01	0.067273	50.425
13.02	13.01	0.067290	50.529
13.02	13.01	0.067306	50.625
13.04	13.01	0.067323	50.725
13.04	13.01	0.067340	50.828
13.04	13.01	0.067356	50.925
13.04	13.01	0.067373	51.025
13.04	13.01	0.067390	51.126
13.02	13.01	0.067406	51.225
13.02	13.01	0.067423	51.325
13.02	13.01	0.067440	51.425
13.02	13.01	0.067456	51.525
13.02	13.00	0.067473	51.625
13.02	13.00	0.067490	51.725
13.02	13.00	0.067506	51.826
13.02	13.00	0.067523	51.926
13.02	13.00	0.067540	52.026
13.02	13.00	0.067556	52.126
13.02	13.00	0.067573	52.226
12.99	13.00	0.067590	52.326
12.99	13.00	0.067606	52.426
12.99	12.99	0.067623	52.526
12.99	12.99	0.067640	52.626
12.99	12.99	0.067656	52.726
12.99	12.99	0.067673	52.826
12.99	12.99	0.067690	52.926
12.99	12.99	0.067706	53.026
12.99	12.99	0.067723	53.126
12.99	12.98	0.067740	53.227
12.99	12.98	0.067756	53.326
12.99	12.98	0.067773	53.426
12.97	12.98	0.067790	53.526
12.97	12.98	0.067806	53.626
12.97	12.98	0.067823	53.726
12.97	12.97	0.067840	53.826
12.97	12.97	0.067856	53.926
12.97	12.97	0.067873	54.026
12.97	12.97	0.067890	54.126
12.97	12.97	0.067906	54.226
12.97	12.97	0.067923	54.326
12.97	12.96	0.067939	54.426
12.97	12.96	0.067956	54.526
12.97	12.96	0.067973	54.626
12.97	12.96	0.067989	54.726
12.97	12.96	0.068006	54.826
12.97	12.96	0.068023	54.926
12.97	12.95	0.068039	55.026
12.97	12.95	0.068056	55.126
12.97	12.95	0.068073	55.226
12.97	12.95	0.068089	55.326
12.94	12.95	0.068106	55.426
12.94	12.95	0.068123	55.526
12.94	12.94	0.068139	55.625
12.94	12.94	0.068156	55.725
12.94	12.94	0.068173	55.849
12.94	12.94	0.068189	55.949
12.94	12.94	0.068206	56.053
12.94	12.94	0.068223	56.148
12.94	12.93	0.068239	56.247
12.94	12.93	0.068256	56.352
12.94	12.93	0.068273	56.447
12.94	12.93	0.068289	56.546
12.94	12.93	0.068306	56.651
12.94	12.93	0.068323	56.745
12.94	12.93	0.068339	56.845
12.92	12.92	0.068356	56.949
12.92	12.92	0.068373	57.044
12.92	12.92	0.068389	57.144
12.92	12.92	0.068406	57.248
12.92	12.92	0.068423	57.343
12.92	12.92	0.068439	57.442
12.92	12.92	0.068456	57.547
12.92	12.92	0.068473	57.641
12.92	12.92	0.068489	57.741
12.92	12.92	0.068506	57.846
12.92	12.91	0.068523	57.940
12.92	12.91	0.068539	58.041
12.89	12.91	0.068556	58.144
12.89	12.91	0.068573	58.239
12.89	12.91	0.068589	58.341
12.89	12.91	0.068606	58.443
12.89	12.91	0.068623	58.536
12.89	12.91	0.068639	58.641
12.89	12.91	0.068656	58.741
12.89	12.91	0.068673	58.836
12.89	12.91	0.068689	58.940
12.89	12.91	0.068706	59.040
12.89	12.91	0.068723	59.134
12.89	12.91	0.068739	59.239
12.89	12.91	0.068756	59.338
12.92	12.91	0.068772	59.433
12.92	12.91	0.068789	59.538
12.92	12.91	0.068806	59.632
12.92	12.91	0.068822	59.732
12.92	12.91	0.068839	59.836
12.92	12.91	0.068856	59.931
12.92	12.91	0.068872	00.030
12.92	12.91	0.068889	00.135
12.92	12.91	0.068906	00.230
12.92	12.91	0.068922	00.329
12.92	12.91	0.068939	00.434
12.92	12.91	0.068956	00.528
12.92	12.91	0.068972	00.628
12.92	12.92	0.068989	00.732
12.92	12.92	0.069006	00.826
12.92	12.92	0.069022	00.927
12.92	12.92	0.069039	01.030
12.89	12.92	0.069056	01.126
12.89	12.92	0.069072	01.226
12.89	12.92	0.069089	01.330
12.89	12.92	0.069106	01.426
12.89	12.92	0.069122	01.526
12.89	12.93	0.069139	01.627
12.89	12.93	0.069156	01.726
12.92	12.93	0.069172	01.826
12.92	12.93	0.069189	01.926
12.92	12.93	0.069206	02.026
12.92	12.94	0.069222	02.126
12.92	12.94	0.069239	02.226
12.92	12.94	0.069256	02.326
12.92	12.94	0.069272	02.426
12.92	12.94	0.069289	02.526
12.94	12.95	0.069306	02.626
12.94	12.95	0.069322	02.727
12.94	12.95	0.069339	02.826
12.94	12.95	0.069356	02.926
12.94	12.95	0.069372	03.026
12.94	12.96	0.069389	03.126
12.94	12.96	0.069406	03.226
12.94	12.96	0.069422	03.326
12.97	12.96	0.069439	03.426
12.97	12.97	0.069456	03.526
12.97	12.97	0.069472	03.627
12.97	12.97	0.069489	03.726
12.97	12.98	0.069506	03.826
12.97	12.98	0.069522	03.926
12.97	12.98	0.069539	04.026
12.97	12.98	0.069556	04.126
12.97	12.99	0.069572	04.226
12.97	12.99	0.069589	04.326
12.99	12.99	0.069605	04.426
12.99	13.00	0.069622	04.526
12.99	13.00	0.069639	04.626
12.99	13.00	0.069655	04.726
12.99	13.01	0.069672	04.826
12.99	13.01	0.069689	04.926
12.99	13.01	0.069705	05.026
12.99	13.02	0.069722	05.126
12.99	13.02	0.069739	05.227
13.02	13.02	0.069755	05.326
13.02	13.03	0.069772	05.426
13.02	13.03	0.069789	05.526
13.02	13.03	0.069805	05.626
13.02	13.04	0.069822	05.726
13.02	13.04	0.069839	05.826
13.02	13.04	0.069855	05.926
13.02	13.05	0.069872	06.026
13.04	13.05	0.069889	06.126
13.04	13.05	0.069905	06.226
13.04	13.06	0.069922	06.326
13.04	13.06	0.069939	06.426
13.04	13.06	0.069955	06.526
13.07	13.07	0.069972	06.650
13.07	13.07	0.069989	06.750
13.07	13.07	0.070005	06.854
13.07	13.08	0.070022	06.949
13.09	13.08	0.070039	07.049
13.09	13.09	0.070055	07.153
13.09	13.09	0.070072	07.248
13.09	13.09	0.070089	07.347
13.09	13.10	0.070105	07.452
13.09	13.10	0.070122	07.546
13.12	13.10	0.070139	07.647
13.12	13.11	0.070155	07.750
13.12	13.11	0.070172	07.845
13.12	13.11	0.070189	07.946
13.12	13.12	0.070205	08.049
13.12	13.12	0.070222	08.143
13.12	13.12	0.070239	08.247
13.12	13.13	0.070255	08.347
13.15	13.13	0.070272	08.442
13.15	13.13	0.070289	08.547
13.15	13.14	0.070305	08.646
13.15	13.14	0.070322	08.741
13.15	13.14	0.070339	08.845
13.15	13.14	0.070355	08.945
13.15	13.15	0.070372	09.039
13.15	13.15	0.070389	09.144
13.15	13.15	0.070405	09.244
13.15	13.16	0.070422	09.338
13.15	13.16	0.070438	09.443
13.15	13.16	0.070455	09.537
13.15	13.16	0.070472	09.637
13.15	13.17	0.070488	09.741
13.15	13.17	0.070505	09.836
13.17	13.17	0.070522	09.935
13.17	13.18	0.070538	10.040
13.17	13.18	0.070555	10.135
13.17	13.18	0.070572	10.234
13.17	13.18	0.070588	10.338
13.17	13.19	0.070605	10.432
13.17	13.19	0.070622	10.532
13.17	13.19	0.070638	10.636
13.17	13.19	0.070655	10.731
13.20	13.19	0.070672	10.831
13.20	13.20	0.070688	10.935
13.20	13.20	0.070705	11.030
13.20	13.20	0.070722	11.129
13.20	13.20	0.070738	11.234
13.20	13.20	0.070755	11.328
13.22	13.21	0.070772	11.429
13.22	13.21	0.070788	11.532
13.22	13.21	0.070805	11.627
13.22	13.21	0.070822	11.729
13.22	13.21	0.070838	11.832
13.22	13.21	0.070855	11.926
13.22	13.21	0.070872	12.029
13.22	13.22	0.070888	12.130
13.22	13.22	0.070905	12.226
13.22	13.22	0.070922	12.328
13.22	13.22	0.070938	12.429
13.22	13.22	0.070955	12.526
13.22	13.22	0.070972	12.627
13.22	13.22	0.070988	12.727
13.22	13.22	0.071005	12.826
13.25	13.22	0.071022	12.926
13.25	13.22	0.071038	13.026
13.25	13.22	0.071055	13.126
13.25	13.22	0.071072	13.226
13.25	13.23	0.071088	13.326
13.25	13.23	0.071105	13.426
13.25	13.23	0.071122	13.526
13.25	13.23	0.071138	13.626
13.25	13.23	0.071155	13.726
13.25	13.23	0.071172	13.826
13.25	13.23	0.071188	13.927
13.25	13.23	0.071205	14.026
13.25	13.23	0.071222	14.126
13.22	13.23	0.071238	14.226
13.22	13.23	0.071255	14.326
13.22	13.23	0.071271	14.426
13.22	13.23	0.071288	14.526
13.22	13.23	0.071305	14.626
13.22	13.22	0.071321	14.726
13.22	13.22	0.071338	14.827
13.22	13.22	0.071355	14.926
13.22	13.22	0.071371	15.027
13.22	13.22	0.071388	15.127
13.22	13.22	0.071405	15.227
13.22	13.22	0.071421	15.327
13.22	13.22	0.071438	15.427
13.22	13.22	0.071455	15.527
13.22	13.22	0.071471	15.627
13.22	13.22	0.071488	15.727
13.22	13.22	0.071505	15.827
13.22	13.22	0.071521	15.928
13.22	13.21	0.071538	16.028
13.22	13.21	0.071555	16.128
13.22	13.21	0.071571	16.228
13.22	13.21	0.071588	16.328
13.22	13.21	0.071605	16.428
13.22	13.21	0.071621	16.528
13.22	13.21	0.071638	16.628
13.22	13.21	0.071655	16.728
13.22	13.20	0.071671	16.828
13.22	13.20	0.071688	16.928
13.22	13.20	0.071705	17.028
13.22	13.20	0.071721	17.127
13.22	13.20	0.071738	17.228
13.22	13.20	0.071755	17.356
13.22	13.19	0.071771	17.451
13.22	13.19	0.071788	17.527
13.22	13.19	0.071805	17.655
13.22	13.19	0.071821	17.749
13.22	13.19	0.071838	17.828
13.22	13.19	0.071855	17.954
13.20	13.18	0.071871	18.048
13.20	13.18	0.071888	18.128
13.20	13.18	0.071905	18.252
13.20	13.18	0.071921	18.347
13.20	13.18	0.071938	18.451
13.20	13.18	0.071955	18.551
13.17	13.17	0.071971	18.646
13.17	13.17	0.071988	18.750
13.17	13.17	0.072005	18.850
13.17	13.17	0.072021	18.944
13.17	13.17	0.072038	19.049
13.17	13.17	0.072055	19.143
13.17	13.16	0.072071	19.243
13.17	13.16	0.072088	19.347
13.15	13.16	0.072104	19.442
13.15	13.16	0.072121	19.542
13.15	13.16	0.072138	19.646
13.15	13.16	0.072154	19.741
13.15	13.15	0.072171	19.840
13.15	13.15	0.072188	19.945
13.15	13.15	0.072204	20.039
13.15	13.15	0.072221	20.139
13.15	13.15	0.072238	20.243
13.15	13.15	0.072254	20.338
13.15	13.14	0.072271	20.438
13.15	13.14	0.072288	20.542
13.15	13.14	0.072304	20.636
13.12	13.14	0.072321	20.736
13.12	13.14	0.072338	20.840
13.12	13.14	0.072354	20.935
13.12	13.14	0.072371	21.035
13.12	13.14	0.072388	21.139
13.12	13.13	0.072404	21.234
13.12	13.13	0.072421	21.334
13.12	13.13	0.072438	21.438
13.12	13.13	0.072454	21.532
13.12	13.13	0.072471	21.635
13.12	13.13	0.072488	21.736
13.12	13.13	0.072504	21.831
13.12	13.13	0.072521	21.935
13.12	13.13	0.072538	22.035
13.12	13.13	0.072554	22.130
13.12	13.13	0.072571	22.234
13.12	13.12	0.072588	22.334
13.12	13.12	0.072604	22.429
13.12	13.12	0.072621	22.533
13.12	13.12	0.072638	22.632
13.12	13.12	0.072654	22.729
13.12	13.12	0.072671	22.831
13.12	13.12	0.072688	22.931
13.12	13.12	0.072704	23.030
13.12	13.12	0.072721	23.130
13.12	13.12	0.072738	23.231
13.12	13.12	0.072754	23.330
13.12	13.12	0.072771	23.430
13.12	13.12	0.072788	23.532
13.12	13.12	0.072804	23.630
13.12	13.12	0.072821	23.730
13.12	13.12	0.072838	23.831
13.12	13.12	0.072854	23.930
13.12	13.12	0.072871	24.030
13.12	13.12	0.072888	24.132
13.12	13.12	0.072904	24.230
13.12	13.13	0.072921	24.330
13.12	13.13	0.072937	24.432
13.12	13.13	0.072954	24.530
13.12	13.13	0.072971	24.630
13.12	13.13	0.072987	24.732
13.12	13.13	0.073004	24.830
13.12	13.13	0.073021	24.931
13.12	13.13	0.073037	25.032
13.12	13.13	0.073054	25.130
13.15	13.13	0.073071	25.230
13.15	13.14	0.073087	25.333
13.15	13.14	0.073104	25.430
13.15	13.14	0.073121	25.530
13.15	13.14	0.073137	25.632
13.15	13.14	0.073154	25.730
13.15	13.14	0.073171	25.830
13.15	13.14	0.073187	25.933
13.15	13.15	0.073204	26.030
13.15	13.15	0.073221	26.130
13.15	13.15	0.073237	26.233
13.15	13.15	0.073254	26.330
13.12	13.15	0.073271	26.430
13.12	13.16	0.073287	26.534
13.12	13.16	0.073304	26.630
13.12	13.16	0.073321	26.730
13.12	13.16	0.073337	26.833
13.12	13.17	0.073354	26.930
13.15	13.17	0.073371	27.030
13.15	13.17	0.073387	27.134
13.15	13.17	0.073404	27.230
13.15	13.18	0.073421	27.330
13.15	13.18	0.073437	27.434
13.15	13.18	0.073454	27.530
13.15	13.18	0.073471	27.630
13.17	13.19	0.073487	27.733
13.17	13.19	0.073504	27.859
13.17	13.19	0.073521	27.953
13.17	13.19	0.073537	28.058
13.17	13.20	0.073554	28.157
13.20	13.20	0.073571	28.252
13.20	13.20	0.073587	28.357
13.20	13.21	0.073604	28.456
13.20	13.21	0.073621	28.551
13.20	13.21	0.073637	28.655
13.20	13.22	0.073654	28.754
13.22	13.22	0.073671	28.848
13.22	13.22	0.073687	28.954
13.22	13.23	0.073704	29.049
13.22	13.23	0.073721	29.147
13.22	13.23	0.073737	29.252
13.22	13.24	0.073754	29.346
13.22	13.24	0.073770	29.446
13.22	13.24	0.073787	29.550
13.25	13.25	0.073804	29.645
13.25	13.25	0.073820	29.744
13.25	13.25	0.073837	29.849
13.25	13.26	0.073854	29.944
13.25	13.26	0.073870	30.043
13.25	13.26	0.073887	30.148
13.25	13.27	0.073904	30.242
13.27	13.27	0.073920	30.342
13.27	13.27	0.073937	30.447
13.27	13.28	0.073954	30.541
13.27	13.28	0.073970	30.641
13.27	13.28	0.073987	30.746
13.27	13.29	0.074004	30.840
13.27	13.29	0.074020	30.940
13.27	13.29	0.074037	31.044
13.30	13.30	0.074054	31.139
13.30	13.30	0.074070	31.240
13.30	13.31	0.074087	31.343
13.30	13.31	0.074104	31.437
13.30	13.31	0.074120	31.540
13.30	13.32	0.074137	31.641
13.30	13.32	0.074154	31.735
13.33	13.32	0.074170	31.841
13.33	13.33	0.074187	31.939
13.33	13.33	0.074204	32.034
13.33	13.33	0.074220	32.138
13.33	13.34	0.074237	32.238
13.33	13.34	0.074254	32.333
13.33	13.34	0.074270	32.437
13.33	13.35	0.074287	32.537
13.35	13.35	0.074304	32.631
13.35	13.35	0.074320	32.736
13.35	13.35	0.074337	32.831
13.35	13.36	0.074354	32.931
13.35	13.36	0.074370	33.035
13.35	13.36	0.074387	33.131
13.35	13.37	0.074404	33.232
13.35	13.37	0.074420	33.333
13.38	13.37	0.074437	33.432
13.38	13.38	0.074454	33.532
13.38	13.38	0.074470	33.632
13.38	13.38	0.074487	33.737
13.38	13.38	0.074504	33.832
13.38	13.39	0.074520	33.932
13.38	13.39	0.074537	34.032
13.40	13.39	0.074554	34.132
13.40	13.39	0.074570	34.232
13.40	13.40	0.074587	34.332
13.40	13.40	0.074603	34.432
13.40	13.40	0.074620	34.532
13.40	13.40	0.074637	34.633
13.40	13.41	0.074653	34.732
13.40	13.41	0.074670	34.832
13.40	13.41	0.074687	34.932
13.40	13.41	0.074703	35.032
13.43	13.41	0.074720	35.132
13.43	13.42	0.074737	35.231
13.43	13.42	0.074753	35.332
13.43	13.42	0.074770	35.432
13.43	13.42	0.074787	35.533
13.43	13.42	0.074803	35.632
13.43	13.42	0.074820	35.732
13.43	13.42	0.074837	35.832
13.43	13.43	0.074853	35.932
13.43	13.43	0.074870	36.032
13.43	13.43	0.074887	36.132
13.43	13.43	0.074903	36.232
13.43	13.43	0.074920	36.332
13.43	13.43	0.074937	36.432
13.45	13.43	0.074953	36.533
13.45	13.43	0.074970	36.633
13.45	13.44	0.074987	36.733
13.45	13.44	0.075003	36.833
13.45	13.44	0.075020	36.933
13.45	13.44	0.075037	37.033
13.45	13.44	0.075053	37.133
13.45	13.44	0.075070	37.233
13.45	13.44	0.075087	37.333
13.45	13.44	0.075103	37.433
13.45	13.44	0.075120	37.533
13.45	13.44	0.075137	37.633
13.45	13.44	0.075153	37.733
13.45	13.44	0.075170	37.833
13.45	13.44	0.075187	37.962
13.45	13.44	0.075203	38.033
13.45	13.44	0.075220	38.156
13.45	13.44	0.075237	38.261
13.45	13.44	0.075253	38.361
13.45	13.44	0.075270	38.455
13.45	13.44	0.075287	38.560
13.45	13.44	0.075303	38.654
13.45	13.44	0.075320	38.754
13.45	13.44	0.075337	38.859
13.45	13.44	0.075353	38.953
13.45	13.44	0.075370	39.053
13.45	13.44	0.075387	39.157
13.45	13.44	0.075403	39.252
13.45	13.43	0.075420	39.351
13.45	13.43	0.075436	39.456
13.45	13.43	0.075453	39.550
13.45	13.43	0.075470	39.650
13.45	13.43	0.075486	39.755
13.45	13.43	0.075503	39.849
13.45	13.43	0.075520	39.949
13.45	13.43	0.075536	40.053
13.45	13.43	0.075553	40.148
13.43	13.43	0.075570	40.247
13.43	13.42	0.075586	40.352
13.43	13.42	0.075603	40.446
13.43	13.42	0.075620	40.546
13.43	13.42	0.075636	40.650
13.43	13.42	0.075653	40.744
13.43	13.42	0.075670	40.846
13.43	13.42	0.075686	40.948
13.43	13.41	0.075703	41.043
13.43	13.41	0.075720	41.146
13.43	13.41	0.075736	41.247
13.43	13.41	0.075753	41.342
13.40	13.41	0.075770	41.446
13.40	13.41	0.075786	41.546
13.40	13.40	0.075803	41.640
13.40	13.40	0.075820	41.745
13.40	13.40	0.075836	41.844
13.40	13.40	0.075853	41.939
13.40	13.40	0.075870	42.044
13.40	13.40	0.075886	42.143
13.40	13.39	0.075903	42.238
13.40	13.39	0.075920	42.342
13.40	13.39	0.075936	42.437
13.40	13.39	0.075953	42.537
13.40	13.39	0.075970	42.641
13.40	13.39	0.075986	42.736
13.40	13.38	0.076003	42.836
13.40	13.38	0.076020	42.940
13.40	13.38	0.076036	43.034
13.38	13.38	0.076053	43.134
13.38	13.38	0.076070	43.238
13.38	13.38	0.076086	43.334
13.38	13.37	0.076103	43.434
13.38	13.37	0.076120	43.536
13.38	13.37	0.076136	43.634
13.38	13.37	0.076153	43.734
13.38	13.37	0.076170	43.835
13.38	13.37	0.076186	43.934
13.38	13.36	0.076203	44.034
13.38	13.36	0.076220	44.134
13.35	13.36	0.076236	44.234
13.35	13.36	0.076253	44.334
13.35	13.36	0.076269	44.435
13.35	13.36	0.076286	44.534
13.35	13.36	0.076303	44.634
13.35	13.35	0.076319	44.734
13.35	13.35	0.076336	44.834
13.35	13.35	0.076353	44.934
13.35	13.35	0.076369	45.034
13.35	13.35	0.076386	45.134
13.35	13.35	0.076403	45.233
13.35	13.35	0.076419	45.334
13.33	13.35	0.076436	45.434
13.33	13.34	0.076453	45.534
13.33	13.34	0.076469	45.634
13.33	13.34	0.076486	45.734
13.33	13.34	0.076503	45.834
13.33	13.34	0.076519	45.934
13.33	13.34	0.076536	46.035
13.33	13.34	0.076553	46.134
13.33	13.34	0.076569	46.234
13.33	13.34	0.076586	46.334
13.33	13.34	0.076603	46.434
13.33	13.34	0.076619	46.534
13.33	13.34	0.076636	46.634
13.33	13.34	0.076653	46.734
13.33	13.34	0.076669	46.834
13.33	13.34	0.076686	46.934
13.33	13.34	0.076703	47.034
13.33	13.34	0.076719	47.134
13.33	13.34	0.076736	47.234
13.33	13.34	0.076753	47.334
13.33	13.34	0.076769	47.434
13.35	13.34	0.076786	47.534
13.35	13.34	0.076803	47.634
13.35	13.34	0.076819	47.734
13.35	13.34	0.076836	47.834
13.35	13.34	0.076853	47.934
13.35	13.34	0.076869	48.034
13.35	13.34	0.076886	48.134
13.35	13.34	0.076903	48.234
13.35	13.34	0.076919	48.334
13.35	13.34	0.076936	48.434
13.35	13.34	0.076953	48.535
13.35	13.34	0.076969	48.634
13.35	13.34	0.076986	48.734
13.33	13.34	0.077003	48.857
13.33	13.34	0.077019	48.957
13.33	13.34	0.077036	49.062
13.33	13.35	0.077053	49.156
13.33	13.35	0.077069	49.255
13.33	13.35	0.077086	49.360
13.33	13.35	0.077102	49.454
13.33	13.35	0.077119	49.554
13.33	13.35	0.077136	49.659
13.33	13.35	0.077152	49.753
13.33	13.36	0.077169	49.853
13.33	13.36	0.077186	49.957
13.33	13.36	0.077202	50.052
13.33	13.36	0.077219	50.151
13.33	13.36	0.077236	50.256
13.35	13.37	0.077252	50.351
13.35	13.37	0.077269	50.451
13.35	13.37	0.077286	50.555
13.35	13.37	0.077302	50.649
13.35	13.37	0.077319	50.752
13.35	13.38	0.077336	50.853
13.35	13.38	0.077352	50.948
13.38	13.38	0.077369	51.051
13.38	13.38	0.077386	51.152
13.38	13.39	0.077402	51.247
13.38	13.39	0.077419	51.351
13.38	13.39	0.077436	51.451
13.38	13.39	0.077452	51.546
13.38	13.40	0.077469	51.650
13.40	13.40	0.077486	51.750
13.40	13.40	0.077502	51.844
13.40	13.41	0.077519	51.949
13.40	13.41	0.077536	52.048
13.40	13.41	0.077552	52.142
13.40	13.41	0.077569	52.247
13.40	13.42	0.077586	52.341
13.43	13.42	0.077602	52.442
13.43	13.42	0.077619	52.546
13.43	13.43	0.077636	52.640
13.43	13.43	0.077652	52.740
13.43	13.43	0.077669	52.844
13.43	13.44	0.077686	52.939
13.43	13.44	0.077702	53.038
13.43	13.44	0.077719	53.143
13.43	13.45	0.077736	53.237
13.45	13.45	0.077752	53.337
13.45	13.45	0.077769	53.441
13.45	13.46	0.077786	53.536
13.45	13.46	0.077802	53.636
13.45	13.46	0.077819	53.740
13.45	13.47	0.077836	53.835
13.45	13.47	0.077852	53.934
13.45	13.47	0.077869	54.039
13.45	13.48	0.077886	54.135
13.48	13.48	0.077902	54.235
13.48	13.48	0.077919	54.338
13.48	13.49	0.077935	54.435
13.48	13.49	0.077952	54.535
13.48	13.49	0.077969	54.636
13.48	13.50	0.077985	54.735
13.48	13.50	0.078002	54.835
13.48	13.50	0.078019	54.935
13.50	13.51	0.078035	55.035
13.50	13.51	0.078052	55.136
13.50	13.52	0.078069	55.235
13.50	13.52	0.078085	55.335
13.50	13.52	0.078102	55.435
13.50	13.53	0.078119	55.535
13.53	13.53	0.078135	55.635
13.53	13.53	0.078152	55.735
13.53	13.54	0.078169	55.835
13.53	13.54	0.078185	55.935
13.53	13.54	0.078202	56.036
13.53	13.55	0.078219	56.135
13.56	13.55	0.078235	56.235
13.56	13.55	0.078252	56.335
13.56	13.56	0.078269	56.435
13.56	13.56	0.078285	56.535
13.56	13.56	0.078302	56.635
13.56	13.57	0.078319	56.735
13.58	13.57	0.078335	56.835
13.58	13.57	0.078352	56.935
13.58	13.57	0.078369	57.035
13.58	13.58	0.078385	57.135
13.58	13.58	0.078402	57.235
13.58	13.58	0.078419	57.335
13.58	13.59	0.078435	57.435
13.58	13.59	0.078452	57.535
13.58	13.59	0.078469	57.636
13.58	13.59	0.078485	57.735
13.61	13.60	0.078502	57.835
13.61	13.60	0.078519	57.935
13.61	13.60	0.078535	58.036
13.61	13.60	0.078552	58.135
13.61	13.61	0.078569	58.235
13.61	13.61	0.078585	58.335
13.61	13.61	0.078602	58.435
13.61	13.61	0.078619	58.535
13.61	13.62	0.078635	58.635
13.61	13.62	0.078652	58.735
13.63	13.62	0.078669	58.835
13.63	13.62	0.078685	58.935
13.63	13.62	0.078702	59.035
13.63	13.63	0.078719	59.135
13.63	13.63	0.078735	59.235
13.63	13.63	0.078752	59.335
13.63	13.63	0.078768	59.459
13.63	13.63	0.078785	59.564
13.63	13.64	0.078802	59.658
13.63	13.64	0.078818	59.758
13.63	13.64	0.078835	59.862
13.63	13.64	0.078852	59.957
13.66	13.64	0.078868	00.057
13.66	13.64	0.078885	00.161
13.66	13.64	0.078902	00.256
13.66	13.64	0.078918	00.357
13.66	13.65	0.078935	00.460
13.66	13.65	0.078952	00.554
13.66	13.65	0.078968	00.657
13.66	13.65	0.078985	00.759
13.66	13.65	0.079002	00.853
13.66	13.65	0.079018	00.958
13.66	13.65	0.079035	01.057
13.66	13.65	0.079052	01.152
13.66	13.65	0.079068	01.256
13.66	13.65	0.079085	01.356
13.66	13.65	0.079102	01.450
13.66	13.65	0.079118	01.555
13.66	13.65	0.079135	01.655
13.66	13.65	0.079152	01.749
13.66	13.65	0.079168	01.854
13.66	13.65	0.079185	01.948
13.66	13.65	0.079202	02.048
13.66	13.65	0.079218	02.152
13.66	13.65	0.079235	02.247
13.66	13.65	0.079252	02.347
13.66	13.65	0.079268	02.451
13.66	13.65	0.079285	02.546
13.66	13.65	0.079302	02.645
13.66	13.65	0.079318	02.750
13.66	13.65	0.079335	02.843
13.66	13.65	0.079352	02.943
13.66	13.65	0.079368	03.048
13.66	13.65	0.079385	03.142
13.66	13.65	0.079402	03.242
13.66	13.65	0.079418	03.346
13.66	13.65	0.079435	03.441
13.66	13.65	0.079452	03.540
13.66	13.64	0.079468	03.645
13.66	13.64	0.079485	03.740
13.66	13.64	0.079502	03.840
13.66	13.64	0.079518	03.944
13.66	13.64	0.079535	04.039
13.66	13.64	0.079552	04.139
13.66	13.64	0.079568	04.243
13.66	13.64	0.079585	04.337
13.66	13.64	0.079601	04.439
13.63	13.63	0.079618	04.540
13.63	13.63	0.079635	04.635
13.63	13.63	0.079651	04.740
13.63	13.63	0.079668	04.840
13.63	13.63	0.079685	04.935
13.63	13.63	0.079701	05.039
13.63	13.63	0.079718	05.138
13.63	13.62	0.079735	05.235
13.63	13.62	0.079751	05.337
13.63	13.62	0.079768	05.437
13.63	13.62	0.079785	05.535
13.63	13.62	0.079801	05.636
13.63	13.62	0.079818	05.736
13.61	13.61	0.079835	05.835
13.61	13.61	0.079851	05.935
13.61	13.61	0.079868	06.035
13.61	13.61	0.079885	06.135
13.61	13.61	0.079901	06.236
13.61	13.61	0.079918	06.336
13.61	13.60	0.079935	06.435
13.61	13.60	0.079951	06.535
13.61	13.60	0.079968	06.636
13.61	13.60	0.079985	06.735
13.61	13.60	0.080001	06.835
13.61	13.60	0.080018	06.936
13.61	13.59	0.080035	07.035
13.61	13.59	0.080051	07.135
13.61	13.59	0.080068	07.236
13.61	13.59	0.080085	07.335
13.61	13.59	0.080101	07.435
13.61	13.59	0.080118	07.537
13.58	13.58	0.080135	07.635
13.58	13.58	0.080151	07.735
13.58	13.58	0.080168	07.837
13.58	13.58	0.080185	07.935
13.58	13.58	0.080201	08.035
13.58	13.58	0.080218	08.137
13.58	13.57	0.080235	08.235
13.58	13.57	0.080251	08.335
13.58	13.57	0.080268	08.437
13.58	13.57	0.080285	08.536
13.58	13.57	0.080301	08.635
13.56	13.57	0.080318	08.738
13.56	13.57	0.080335	08.835
13.56	13.56	0.080351	08.935
13.56	13.56	0.080368	09.037
13.56	13.56	0.080385	09.135
13.56	13.56	0.080401	09.235
13.56	13.56	0.080418	09.338
13.56	13.56	0.080434	09.435
13.56	13.56	0.080451	09.535
13.56	13.56	0.080468	09.638
13.56	13.56	0.080484	09.735
13.56	13.56	0.080501	09.835
13.56	13.55	0.080518	09.938
13.56	13.55	0.080534	10.035
13.56	13.55	0.080551	10.136
13.56	13.55	0.080568	10.238
13.56	13.55	0.080584	10.335
13.56	13.55	0.080601	10.434
13.53	13.55	0.080618	10.539
13.53	13.55	0.080634	10.663
13.53	13.55	0.080651	10.758
13.53	13.55	0.080668	10.862
13.53	13.55	0.080684	10.962
13.53	13.55	0.080701	11.056
13.53	13.55	0.080718	11.161
13.53	13.55	0.080734	11.261
13.53	13.55	0.080751	11.355
13.53	13.55	0.080768	11.460
13.53	13.55	0.080784	11.559
13.53	13.55	0.080801	11.654
13.53	13.55	0.080818	11.758
13.53	13.55	0.080834	11.853
13.53	13.55	0.080851	11.953
13.53	13.55	0.080868	12.057
13.53	13.55	0.080884	12.152
13.53	13.55	0.080901	12.251
13.56	13.55	0.080918	12.356
13.56	13.55	0.080934	12.450
13.56	13.55	0.080951	12.550
13.56	13.55	0.080968	12.654
13.56	13.56	0.080984	12.749
13.56	13.56	0.081001	12.849
13.56	13.56	0.081018	12.953
13.56	13.56	0.081034	13.047
13.56	13.56	0.081051	13.147
13.56	13.56	0.081068	13.251
13.56	13.56	0.081084	13.346
13.56	13.56	0.081101	13.446
13.56	13.56	0.081118	13.550
13.56	13.57	0.081134	13.645
13.56	13.57	0.081151	13.744
13.56	13.57	0.081168	13.849
13.56	13.57	0.081184	13.943
13.56	13.57	0.081201	14.045
13.56	13.58	0.081218	14.147
13.56	13.58	0.081234	14.242
13.56	13.58	0.081251	14.345
13.56	13.58	0.081267	14.446
13.56	13.58	0.081284	14.541
13.56	13.59	0.081301	14.645
13.56	13.59	0.081317	14.745
13.58	13.59	0.081334	14.839
13.58	13.59	0.081351	14.944
13.58	13.59	0.081367	15.043
13.58	13.60	0.081384	15.138
13.58	13.60	0.081401	15.243
13.58	13.60	0.081417	15.342
13.58	13.60	0.081434	15.437
13.58	13.61	0.081451	15.540
13.58	13.61	0.081467	15.636
13.61	13.61	0.081484	15.735
13.61	13.62	0.081501	15.839
13.61	13.62	0.081517	15.935
13.61	13.62	0.081534	16.035
13.61	13.62	0.081551	16.138
13.61	13.63	0.081567	16.235
13.61	13.63	0.081584	16.335
13.63	13.63	0.081601	16.437
13.63	13.64	0.081617	16.535
13.63	13.64	0.081634	16.635
13.63	13.64	0.081651	16.736
13.63	13.65	0.081667	16.835
13.63	13.65	0.081684	16.935
13.63	13.65	0.081701	17.035
13.66	13.66	0.081717	17.135
13.66	13.66	0.081734	17.234
13.66	13.66	0.081751	17.335
13.66	13.67	0.081767	17.435
13.66	13.67	0.081784	17.535
13.66	13.67	0.081801	17.635
13.66	13.68	0.081817	17.735
13.68	13.68	0.081834	17.836
13.68	13.68	0.081851	17.936
13.68	13.69	0.081867	18.036
13.68	13.69	0.081884	18.136
13.68	13.69	0.081901	18.236
13.68	13.70	0.081917	18.336
13.68	13.70	0.081934	18.437
13.68	13.70	0.081951	18.536
13.71	13.71	0.081967	18.636
13.71	13.71	0.081984	18.736
13.71	13.71	0.082001	18.836
13.71	13.72	0.082017	18.936
13.71	13.72	0.082034	19.036
13.71	13.73	0.082051	19.136
13.74	13.73	0.082067	19.236
13.74	13.73	0.082084	19.336
13.74	13.74	0.082100	19.436
13.74	13.74	0.082117	19.536
13.74	13.74	0.082134	19.636
13.74	13.75	0.082150	19.736
13.74	13.75	0.082167	19.836
13.76	13.75	0.082184	19.936
13.76	13.76	0.082200	20.037
13.76	13.76	0.082217	20.136
13.76	13.76	0.082234	20.236
13.76	13.77	0.082250	20.336
13.76	13.77	0.082267	20.436
13.76	13.77	0.082284	20.536
13.76	13.78	0.082300	20.636
13.76	13.78	0.082317	20.736
13.79	13.78	0.082334	20.836
13.79	13.78	0.082350	20.937
13.79	13.79	0.082367	21.036
13.79	13.79	0.082384	21.136
13.79	13.79	0.082400	21.260
13.79	13.80	0.082417	21.365
13.79	13.80	0.082434	21.459
13.81	13.80	0.082450	21.559
13.81	13.80	0.082467	21.663
13.81	13.81	0.082484	21.758
13.81	13.81	0.082500	21.858
13.81	13.81	0.082517	21.962
13.81	13.82	0.082534	22.057
13.81	13.82	0.082550	22.156
13.81	13.82	0.082567	22.261
13.81	13.82	0.082584	22.354
13.81	13.83	0.082600	22.455
13.81	13.83	0.082617	22.558
13.84	13.83	0.082634	22.654
13.84	13.83	0.082650	22.754
13.84	13.83	0.082667	22.858
13.84	13.84	0.082684	22.953
13.84	13.84	0.082700	23.051
13.84	13.84	0.082717	23.156
13.84	13.84	0.082734	23.250
13.84	13.84	0.082750	23.350
13.84	13.85	0.082767	23.455
13.86	13.85	0.082784	23.549
13.86	13.85	0.082800	23.651
13.86	13.85	0.082817	23.753
13.86	13.85	0.082834	23.848
13.86	13.85	0.082850	23.950
13.86	13.85	0.082867	24.052
13.86	13.86	0.082884	24.146
13.86	13.86	0.082900	24.251
13.86	13.86	0.082917	24.351
13.86	13.86	0.082933	24.445
13.86	13.86	0.082950	24.550
13.86	13.86	0.082967	24.649
13.86	13.86	0.082983	24.744
13.86	13.86	0.083000	24.848
13.89	13.86	0.083017	24.948
13.89	13.86	0.083033	25.043
13.89	13.86	0.083050	25.147
13.89	13.86	0.083067	25.242
13.89	13.87	0.083083	25.341
13.89	13.87	0.083100	25.446
13.89	13.87	0.083117	25.540
13.89	13.87	0.083133	25.639
13.89	13.87	0.083150	25.744
13.89	13.87	0.083167	25.839
13.89	13.87	0.083183	25.938
13.89	13.87	0.083200	26.043
13.89	13.87	0.083217	26.137
13.89	13.87	0.083233	26.237
13.89	13.87	0.083250	26.341
13.86	13.87	0.083267	26.436
13.86	13.87	0.083283	26.536
13.86	13.87	0.083300	26.640
13.86	13.86	0.083317	26.736
13.86	13.86	0.083333	26.836
13.86	13.86	0.083350	26.939
13.86	13.86	0.083367	27.036
13.86	13.86	0.083383	27.136
13.86	13.86	0.083400	27.237
13.86	13.86	0.083417	27.336
13.86	13.86	0.083433	27.437
13.86	13.86	0.083450	27.536
13.86	13.86	0.083467	27.636
13.86	13.86	0.083483	27.736
13.86	13.86	0.083500	27.836
13.86	13.86	0.083517	27.936
13.86	13.85	0.083533	28.036
13.86	13.85	0.083550	28.136
13.86	13.85	0.083567	28.236
13.86	13.85	0.083583	28.336
13.86	13.85	0.083600	28.436
13.86	13.85	0.083617	28.536
13.86	13.85	0.083633	28.636
13.86	13.85	0.083650	28.736
13.86	13.84	0.083667	28.836
13.86	13.84	0.083683	28.936
13.86	13.84	0.083700	29.037
13.86	13.84	0.083717	29.136
13.86	13.84	0.083733	29.236
13.86	13.84	0.083750	29.336
13.86	13.83	0.083766	29.436
13.86	13.83	0.083783	29.536
13.86	13.83	0.083800	29.636
13.86	13.83	0.083816	29.736
13.84	13.83	0.083833	29.836
13.84	13.83	0.083850	29.936
13.84	13.82	0.083866	30.036
13.84	13.82	0.083883	30.136
13.84	13.82	0.083900	30.236
13.84	13.82	0.083916	30.336
13.84	13.82	0.083933	30.436
13.81	13.82	0.083950	30.536
13.81	13.81	0.083966	30.636
13.81	13.81	0.083983	30.736
13.81	13.81	0.084000	30.836
13.81	13.81	0.084016	30.936
13.81	13.81	0.084033	31.036
13.81	13.81	0.084050	31.136
13.81	13.80	0.084066	31.236
13.81	13.80	0.084083	31.336
13.79	13.80	0.084100	31.437
13.79	13.80	0.084116	31.537
13.79	13.80	0.084133	31.637
13.79	13.80	0.084150	31.737
13.79	13.79	0.084166	31.837
13.79	13.79	0.084183	31.937
13.79	13.79	0.084200	32.061
13.79	13.79	0.084216	32.166
13.79	13.79	0.084233	32.259
13.79	13.79	0.084250	32.359
13.79	13.78	0.084266	32.464
13.79	13.78	0.084283	32.558
13.79	13.78	0.084300	32.658
13.79	13.78	0.084316	32.762
13.79	13.78	0.084333	32.857
13.79	13.78	0.084350	32.956
13.79	13.78	0.084366	33.061
13.76	13.78	0.084383	33.155
13.76	13.77	0.084400	33.256
13.76	13.77	0.084416	33.360
13.76	13.77	0.084433	33.454
13.76	13.77	0.084450	33.557
13.76	13.77	0.084466	33.658
13.76	13.77	0.084483	33.753
13.76	13.77	0.084500	33.856
13.76	13.77	0.084516	33.957
13.76	13.77	0.084533	34.052
13.76	13.77	0.084550	34.156
13.76	13.77	0.084566	34.256
13.76	13.76	0.084583	34.350
13.76	13.76	0.084599	34.455
13.76	13.76	0.084616	34.554
13.76	13.76	0.084633	34.649
13.76	13.76	0.084649	34.753
13.76	13.76	0.084666	34.853
13.76	13.76	0.084683	34.948
13.76	13.76	0.084699	35.052
13.76	13.76	0.084716	35.147
13.76	13.76	0.084733	35.246
13.76	13.76	0.084749	35.351
13.76	13.76	0.084766	35.445
13.76	13.76	0.084783	35.545
13.76	13.76	0.084799	35.650
13.76	13.76	0.084816	35.744
13.76	13.76	0.084833	35.844
13.76	13.76	0.084849	35.948
13.76	13.76	0.084866	36.043
13.76	13.76	0.084883	36.142
13.76	13.76	0.084899	36.247
13.76	13.77	0.084916	36.340
13.76	13.77	0.084933	36.441
13.76	13.77	0.084949	36.546
13.76	13.77	0.084966	36.639
13.76	13.77	0.084983	36.739
13.76	13.77	0.084999	36.843
13.76	13.77	0.085016	36.938
13.76	13.77	0.085033	37.038
13.76	13.77	0.085049	37.142
13.76	13.77	0.085066	37.238
13.76	13.78	0.085083	37.338
13.76	13.78	0.085099	37.441
13.76	13.78	0.085116	37.537
13.76	13.78	0.085133	37.639
13.76	13.78	0.085149	37.739
13.76	13.78	0.085166	37.837
13.76	13.78	0.085183	37.938
13.76	13.79	0.085199	38.038
13.76	13.79	0.085216	38.137
13.76	13.79	0.085233	38.237
13.79	13.79	0.085249	38.337
13.79	13.79	0.085266	38.437
13.79	13.80	0.085283	38.537
13.79	13.80	0.085299	38.637
13.79	13.80	0.085316	38.737
13.79	13.80	0.085333	38.838
13.79	13.81	0.085349	38.937
13.79	13.81	0.085366	39.037
13.79	13.81	0.085383	39.137
13.81	13.81	0.085399	39.237
13.81	13.82	0.085416	39.337
13.81	13.82	0.085432	39.437
13.81	13.82	0.085449	39.537
13.81	13.82	0.085466	39.637
13.81	13.83	0.085482	39.737
13.81	13.83	0.085499	39.837
13.81	13.83	0.085516	39.937
13.81	13.83	0.085532	40.037
13.84	13.84	0.085549	40.137
13.84	13.84	0.085566	40.237
13.84	13.84	0.085582	40.337
13.84	13.85	0.085599	40.438
13.84	13.85	0.085616	40.537
13.84	13.85	0.085632	40.637
13.84	13.86	0.085649	40.737
13.84	13.86	0.085666	40.837
13.84	13.86	0.085682	40.937
13.86	13.87	0.085699	41.037
13.86	13.87	0.085716	41.137
13.86	13.87	0.085732	41.237
13.86	13.88	0.085749	41.337
13.86	13.88	0.085766	41.437
13.86	13.88	0.085782	41.538
13.86	13.89	0.085799	41.638
13.89	13.89	0.085816	41.738
13.89	13.89	0.085832	41.838
13.89	13.90	0.085849	41.938
13.89	13.90	0.085866	42.038
13.89	13.90	0.085882	42.138
13.89	13.91	0.085899	42.238
13.89	13.91	0.085916	42.338
13.92	13.91	0.085932	42.438
13.92	13.92	0.085949	42.538
13.92	13.92	0.085966	42.638
13.92	13.92	0.085982	42.762
13.92	13.93	0.085999	42.862
13.92	13.93	0.086016	42.966
13.94	13.93	0.086032	43.061
13.94	13.94	0.086049	43.162
13.94	13.94	0.086066	43.264
13.94	13.95	0.086082	43.359
13.94	13.95	0.086099	43.462
13.94	13.95	0.086116	43.563
13.94	13.96	0.086132	43.657
13.97	13.96	0.086149	43.762
13.97	13.96	0.086166	43.862
13.97	13.97	0.086182	43.956
13.97	13.97	0.086199	44.061
13.97	13.97	0.086216	44.160
13.97	13.98	0.086232	44.255
13.97	13.98	0.086249	44.359
13.97	13.98	0.086265	44.459
13.97	13.99	0.086282	44.553
13.99	13.99	0.086299	44.658
13.99	13.99	0.086315	44.753
13.99	13.99	0.086332	44.852
13.99	14.00	0.086349	44.957
13.99	14.00	0.086365	45.051
13.99	14.00	0.086382	45.151
13.99	14.01	0.086399	45.255
13.99	14.01	0.086415	45.350
13.99	14.01	0.086432	45.450
14.02	14.02	0.086449	45.554
14.02	14.02	0.086465	45.649
14.02	14.02	0.086482	45.748
14.02	14.02	0.086499	45.853
14.02	14.03	0.086515	45.947
14.02	14.03	0.086532	46.047
14.02	14.03	0.086549	46.151
14.04	14.03	0.086565	46.246
14.04	14.04	0.086582	46.346
14.04	14.04	0.086599	46.450
14.04	14.04	0.086615	46.545
14.04	14.04	0.086632	46.644
14.04	14.05	0.086649	46.749
14.04	14.05	0.086665	46.843
14.04	14.05	0.086682	46.944
14.04	14.05	0.086699	47.048
14.07	14.05	0.086715	47.142
14.07	14.06	0.086732	47.245
14.07	14.06	0.086749	47.346
14.07	14.06	0.086765	47.441
14.07	14.06	0.086782	47.544
14.07	14.06	0.086799	47.645
14.07	14.06	0.086815	47.740
14.07	14.06	0.086832	47.844
14.07	14.07	0.086849	47.943
14.07	14.07	0.086865	48.040
14.07	14.07	0.086882	48.142
14.09	14.07	0.086899	48.242
14.09	14.07	0.086915	48.341
14.09	14.07	0.086932	48.441
14.09	14.07	0.086949	48.541
14.09	14.07	0.086965	48.641
14.09	14.08	0.086982	48.741
14.09	14.08	0.086999	48.841
14.09	14.08	0.087015	48.941
14.09	14.08	0.087032	49.041
14.09	14.08	0.087049	49.141
14.09	14.08	0.087065	49.241
14.09	14.08	0.087082	49.341
14.09	14.08	0.087098	49.442
14.09	14.08	0.087115	49.541
14.09	14.08	0.087132	49.641
14.09	14.08	0.087148	49.741
14.09	14.08	0.087165	49.841
14.09	14.08	0.087182	49.941
14.09	14.08	0.087198	50.042
14.09	14.08	0.087215	50.141
14.09	14.08	0.087232	50.241
14.09	14.08	0.087248	50.342
14.09	14.08	0.087265	50.441
14.09	14.08	0.087282	50.541
14.09	14.08	0.087298	50.642
14.09	14.08	0.087315	50.741
14.09	14.08	0.087332	50.841
14.09	14.08	0.087348	50.941
14.09	14.08	0.087365	51.041
14.09	14.08	0.087382	51.141
14.09	14.08	0.087398	51.242
14.09	14.07	0.087415	51.341
14.09	14.07	0.087432	51.441
14.09	14.07	0.087448	51.542
14.09	14.07	0.087465	51.641
14.09	14.07	0.087482	51.741
14.07	14.07	0.087498	51.843
14.07	14.07	0.087515	51.941
14.07	14.07	0.087532	52.041
14.07	14.07	0.087548	52.142
14.07	14.07	0.087565	52.241
14.07	14.06	0.087582	52.341
14.07	14.06	0.087598	52.443
14.07	14.06	0.087615	52.541
14.07	14.06	0.087632	52.642
14.07	14.06	0.087648	52.743
14.07	14.06	0.087665	52.841
14.07	14.06	0.087682	52.941
14.07	14.05	0.087698	53.043
14.07	14.05	0.087715	53.170
14.07	14.05	0.087732	53.264
14.07	14.05	0.087748	53.343
14.07	14.05	0.087765	53.469
14.04	14.05	0.087782	53.562
14.04	14.04	0.087798	53.667
14.04	14.04	0.087815	53.767
14.04	14.04	0.087832	53.861
14.04	14.04	0.087848	53.966
14.04	14.04	0.087865	54.065
14.04	14.04	0.087882	54.160
14.04	14.03	0.087898	54.265
14.04	14.03	0.087915	54.364
14.04	14.03	0.087931	54.459
14.04	14.03	0.087948	54.564
14.04	14.03	0.087965	54.658
14.04	14.03	0.087981	54.758
14.04	14.02	0.087998	54.862
14.02	14.02	0.088015	54.956
14.02	14.02	0.088031	55.055
14.02	14.02	0.088048	55.160
14.02	14.02	0.088065	55.255
14.02	14.02	0.088081	55.354
14.02	14.01	0.088098	55.459
14.02	14.01	0.088115	55.553
14.02	14.01	0.088131	55.653
14.02	14.01	0.088148	55.757
14.02	14.01	0.088165	55.852
14.02	14.01	0.088181	55.951
14.02	14.00	0.088198	56.056
14.02	14.00	0.088215	56.151
13.99	14.00	0.088231	56.250
13.99	14.00	0.088248	56.355
13.99	14.00	0.088265	56.449
13.99	14.00	0.088281	56.550
13.99	14.00	0.088298	56.653
13.99	13.99	0.088315	56.748
13.99	13.99	0.088331	56.850
13.99	13.99	0.088348	56.952
13.99	13.99	0.088365	57.047
13.99	13.99	0.088381	57.150
13.99	13.99	0.088398	57.251
13.99	13.99	0.088415	57.345
13.99	13.99	0.088431	57.450
13.99	13.98	0.088448	57.549
13.99	13.98	0.088465	57.644
13.99	13.98	0.088481	57.749
13.99	13.98	0.088498	57.848
13.99	13.98	0.088515	57.943
13.99	13.98	0.088531	58.047
13.97	13.98	0.088548	58.147
13.97	13.98	0.088565	58.241
13.97	13.98	0.088581	58.346
13.97	13.98	0.088598	58.442
13.97	13.98	0.088615	58.541
13.97	13.98	0.088631	58.645
13.97	13.98	0.088648	58.741
13.97	13.98	0.088665	58.841
13.97	13.98	0.088681	58.943
13.97	13.98	0.088698	59.041
13.97	13.98	0.088715	59.142
13.97	13.98	0.088731	59.242
13.97	13.98	0.088748	59.342
13.97	13.98	0.088764	59.442
13.97	13.98	0.088781	59.542
13.97	13.98	0.088798	59.642
13.97	13.98	0.088814	59.742
13.97	13.98	0.088831	59.842
13.97	13.98	0.088848	59.942
13.97	13.98	0.088864	00.042
13.97	13.98	0.088881	00.142
13.97	13.98	0.088898	00.242
13.97	13.98	0.088914	00.342
13.97	13.98	0.088931	00.442
13.97	13.98	0.088948	00.542
13.97	13.98	0.088964	00.642
13.97	13.98	0.088981	00.742
13.97	13.98	0.088998	00.842
13.97	13.98	0.089014	00.942
13.97	13.98	0.089031	01.042
13.97	13.99	0.089048	01.142
13.99	13.99	0.089064	01.242
13.99	13.99	0.089081	01.342
13.99	13.99	0.089098	01.442
13.99	13.99	0.089114	01.543
13.99	13.99	0.089131	01.642
13.99	13.99	0.089148	01.742
13.99	14.00	0.089164	01.842
13.99	14.00	0.089181	01.942
13.99	14.00	0.089198	02.042
13.99	14.00	0.089214	02.143
13.99	14.00	0.089231	02.242
13.99	14.01	0.089248	02.342
13.99	14.01	0.089264	02.442
13.99	14.01	0.089281	02.542
13.99	14.01	0.089298	02.642
13.99	14.01	0.089314	02.742
13.99	14.02	0.089331	02.842
14.02	14.02	0.089348	02.943
14.02	14.02	0.089364	03.042
14.02	14.02	0.089381	03.142
14.02	14.03	0.089398	03.242
14.02	14.03	0.089414	03.342
14.02	14.03	0.089431	03.442
14.02	14.03	0.089448	03.542
14.02	14.04	0.089464	03.671
14.02	14.04	0.089481	03.766
14.02	14.04	0.089498	03.870
14.02	14.05	0.089514	03.970
14.02	14.05	0.089531	04.065
14.04	14.05	0.089548	04.169
14.04	14.05	0.089564	04.264
14.04	14.06	0.089581	04.363
14.04	14.06	0.089597	04.468
14.04	14.06	0.089614	04.562
14.04	14.07	0.089631	04.662
14.04	14.07	0.089647	04.767
14.07	14.07	0.089664	04.861
14.07	14.08	0.089681	04.961
14.07	14.08	0.089697	05.065
14.07	14.08	0.089714	05.160
14.07	14.09	0.089731	05.259
14.07	14.09	0.089747	05.364
14.07	14.09	0.089764	05.459
14.09	14.10	0.089781	05.558
14.09	14.10	0.089797	05.663
14.09	14.10	0.089814	05.757
14.09	14.11	0.089831	05.857
14.09	14.11	0.089847	05.961
14.09	14.11	0.089864	06.056
14.12	14.12	0.089881	06.155
14.12	14.12	0.089897	06.260
14.12	14.12	0.089914	06.355
14.12	14.13	0.089931	06.455
14.12	14.13	0.089947	06.559
14.12	14.13	0.089964	06.653
14.12	14.14	0.089981	06.756
14.15	14.14	0.089997	06.857
14.15	14.14	0.090014	06.952
14.15	14.15	0.090031	07.056
14.15	14.15	0.090047	07.156
14.15	14.16	0.090064	07.251
14.15	14.16	0.090081	07.355
14.15	14.16	0.090097	07.454
14.17	14.17	0.090114	07.549
14.17	14.17	0.090131	07.653
14.17	14.17	0.090147	07.753
14.17	14.18	0.090164	07.847
14.17	14.18	0.090181	07.952
14.17	14.18	0.090197	08.047
14.17	14.19	0.090214	08.146
14.17	14.19	0.090231	08.251
14.20	14.19	0.090247	08.345
14.20	14.20	0.090264	08.445
14.20	14.20	0.090281	08.549
14.20	14.20	0.090297	08.644
14.20	14.21	0.090314	08.743
14.20	14.21	0.090331	08.848
14.20	14.21	0.090347	08.943
14.22	14.21	0.090364	09.042
14.22	14.22	0.090381	09.147
14.22	14.22	0.090397	09.242
14.22	14.22	0.090414	09.342
14.22	14.23	0.090430	09.445
14.22	14.23	0.090447	09.542
14.22	14.23	0.090464	09.643
14.22	14.23	0.090480	09.743
14.25	14.24	0.090497	09.842
14.25	14.24	0.090514	09.942
14.25	14.24	0.090530	10.043
14.25	14.24	0.090547	10.142
14.25	14.25	0.090564	10.242
14.25	14.25	0.090580	10.342
14.25	14.25	0.090597	10.442
14.25	14.25	0.090614	10.542
14.25	14.26	0.090630	10.642
14.25	14.26	0.090647	10.742
14.27	14.26	0.090664	10.842
14.27	14.26	0.090680	10.942
14.27	14.26	0.090697	11.042
14.27	14.27	0.090714	11.142
14.27	14.27	0.090730	11.241
14.27	14.27	0.090747	11.342
14.27	14.27	0.090764	11.442
14.27	14.27	0.090780	11.542
14.27	14.28	0.090797	11.642
14.27	14.28	0.090814	11.742
14.27	14.28	0.090830	11.843
14.30	14.28	0.090847	11.944
14.30	14.28	0.090864	12.043
14.30	14.28	0.090880	12.143
14.30	14.28	0.090897	12.243
14.30	14.28	0.090914	12.343
14.30	14.29	0.090930	12.443
14.30	14.29	0.090947	12.543
14.30	14.29	0.090964	12.643
14.30	14.29	0.090980	12.743
14.30	14.29	0.090997	12.844
14.30	14.29	0.091014	12.943
14.30	14.29	0.091030	13.043
14.30	14.29	0.091047	13.143
14.30	14.29	0.091064	13.243
14.30	14.29	0.091080	13.343
14.30	14.29	0.091097	13.443
14.30	14.29	0.091114	13.543
14.30	14.29	0.091130	13.643
14.30	14.29	0.091147	13.743
14.30	14.29	0.091164	13.843
14.30	14.29	0.091180	13.943
14.30	14.29	0.091197	14.043
14.30	14.29	0.091214	14.143
14.30	14.29	0.091230	14.242
14.30	14.29	0.091247	14.343
14.30	14.29	0.091263	14.467
14.30	14.29	0.091280	14.542
14.30	14.29	0.091297	14.672
14.30	14.29	0.091313	14.766
14.30	14.29	0.091330	14.866
14.30	14.29	0.091347	14.970
14.30	14.29	0.091363	15.065
14.27	14.29	0.091380	15.164
14.27	14.29	0.091397	15.269
14.27	14.29	0.091413	15.363
14.27	14.29	0.091430	15.463
14.27	14.29	0.091447	15.568
14.27	14.28	0.091463	15.662
14.27	14.28	0.091480	15.761
14.30	14.28	0.091497	15.867
14.30	14.28	0.091513	15.961
14.30	14.28	0.091530	16.062
14.30	14.28	0.091547	16.165
14.30	14.28	0.091563	16.259
14.30	14.28	0.091580	16.361
14.30	14.28	0.091597	16.463
14.30	14.27	0.091613	16.557
14.30	14.27	0.091630	16.662
14.30	14.27	0.091647	16.762
14.30	14.27	0.091663	16.856
14.30	14.27	0.091680	16.961
14.30	14.27	0.091697	17.060
14.30	14.27	0.091713	17.155
14.27	14.26	0.091730	17.259
14.27	14.26	0.091747	17.359
14.27	14.26	0.091763	17.454
14.27	14.26	0.091780	17.558
14.27	14.26	0.091797	17.658
14.27	14.26	0.091813	17.752
14.27	14.25	0.091830	17.857
14.27	14.25	0.091847	17.951
14.27	14.25	0.091863	18.051
14.25	14.25	0.091880	18.155
14.25	14.25	0.091897	18.250
14.25	14.25	0.091913	18.350
14.25	14.24	0.091930	18.454
14.25	14.24	0.091947	18.549
14.25	14.24	0.091963	18.648
14.25	14.24	0.091980	18.753
14.25	14.24	0.091997	18.847
14.25	14.24	0.092013	18.947
14.25	14.23	0.092030	19.052
14.25	14.23	0.092047	19.146
14.22	14.23	0.092063	19.246
14.22	14.23	0.092080	19.350
14.22	14.23	0.092096	19.445
14.22	14.23	0.092113	19.544
14.22	14.22	0.092130	19.649
14.22	14.22	0.092146	19.744
14.22	14.22	0.092163	19.844
14.22	14.22	0.092180	19.948
14.22	14.22	0.092196	20.044
14.22	14.22	0.092213	20.144
14.22	14.21	0.092230	20.246
14.22	14.21	0.092246	20.344
14.22	14.21	0.092263	20.444
14.20	14.21	0.092280	20.545
14.20	14.21	0.092296	20.645
14.20	14.21	0.092313	20.744
14.20	14.21	0.092330	20.844
14.20	14.20	0.092346	20.944
14.20	14.20	0.092363	21.044
14.20	14.20	0.092380	21.144
14.20	14.20	0.092396	21.244
14.20	14.20	0.092413	21.344
14.20	14.20	0.092430	21.444
14.20	14.20	0.092446	21.545
14.20	14.20	0.092463	21.644
14.20	14.20	0.092480	21.744
14.20	14.20	0.092496	21.844
14.20	14.19	0.092513	21.944
14.20	14.19	0.092530	22.044
14.20	14.19	0.092546	22.144
14.20	14.19	0.092563	22.245
14.20	14.19	0.092580	22.345
14.20	14.19	0.092596	22.445
14.17	14.19	0.092613	22.545
14.17	14.19	0.092630	22.645
14.17	14.19	0.092646	22.745
14.17	14.19	0.092663	22.845
14.17	14.19	0.092680	22.945
14.17	14.19	0.092696	23.045
14.17	14.19	0.092713	23.145
14.17	14.19	0.092730	23.245
14.17	14.19	0.092746	23.345
14.17	14.19	0.092763	23.445
14.17	14.19	0.092780	23.545
14.17	14.19	0.092796	23.645
14.17	14.19	0.092813	23.745
14.17	14.19	0.092830	23.845
14.20	14.19	0.092846	23.945
14.20	14.19	0.092863	24.045
14.20	14.19	0.092880	24.145
14.20	14.19	0.092896	24.245
14.20	14.19	0.092913	24.345
14.20	14.19	0.092929	24.445
14.20	14.19	0.092946	24.545
14.20	14.19	0.092963	24.645
14.20	14.20	0.092979	24.745
14.20	14.20	0.092996	24.845
14.20	14.20	0.093013	24.945
14.20	14.20	0.093029	25.044
14.20	14.20	0.093046	25.144
14.20	14.20	0.093063	25.268
14.20	14.20	0.093079	25.368
14.20	14.20	0.093096	25.472
14.20	14.20	0.093113	25.567
14.20	14.21	0.093129	25.666
14.20	14.21	0.093146	25.771
14.20	14.21	0.093163	25.866
14.20	14.21	0.093179	25.967
14.20	14.21	0.093196	26.070
14.20	14.22	0.093213	26.164
14.20	14.22	0.093229	26.267
14.20	14.22	0.093246	26.368
14.20	14.22	0.093263	26.463
14.20	14.22	0.093279	26.567
14.20	14.23	0.093296	26.667
14.20	14.23	0.093313	26.762
14.20	14.23	0.093329	26.866
14.20	14.23	0.093346	26.966
14.20	14.23	0.093363	27.059
14.20	14.24	0.093379	27.165
14.22	14.24	0.093396	27.264
14.22	14.24	0.093413	27.359
14.22	14.24	0.093429	27.463
14.22	14.25	0.093446	27.557
14.22	14.25	0.093463	27.657
14.22	14.25	0.093479	27.761
14.25	14.26	0.093496	27.856
14.25	14.26	0.093513	27.956
14.25	14.26	0.093529	28.061
14.25	14.26	0.093546	28.155
14.25	14.27	0.093563	28.255
14.27	14.27	0.093579	28.359
14.27	14.27	0.093596	28.454
14.27	14.28	0.093613	28.553
14.27	14.28	0.093629	28.658
14.27	14.28	0.093646	28.752
14.27	14.29	0.093663	28.852
14.27	14.29	0.093679	28.956
14.30	14.29	0.093696	29.051
14.30	14.30	0.093713	29.151
14.30	14.30	0.093729	29.255
14.30	14.30	0.093746	29.350
14.30	14.31	0.093762	29.449
14.30	14.31	0.093779	29.554
14.30	14.31	0.093796	29.648
14.30	14.32	0.093812	29.749
14.33	14.32	0.093829	29.852
14.33	14.32	0.093846	29.947
14.33	14.33	0.093862	30.050
14.33	14.33	0.093879	30.151
14.33	14.33	0.093896	30.246
14.33	14.34	0.093912	30.349
14.33	14.34	0.093929	30.449
14.33	14.34	0.093946	30.546
14.33	14.35	0.093962	30.648
14.35	14.35	0.093979	30.747
14.35	14.35	0.093996	30.846
14.35	14.36	0.094012	30.947
14.35	14.36	0.094029	31.046
14.35	14.37	0.094046	31.146
14.35	14.37	0.094062	31.246
14.35	14.37	0.094079	31.346
14.35	14.38	0.094096	31.446
14.38	14.38	0.094112	31.546
14.38	14.38	0.094129	31.647
14.38	14.39	0.094146	31.746
14.38	14.39	0.094162	31.846
14.38	14.39	0.094179	31.946
14.38	14.40	0.094196	32.046
14.38	14.40	0.094212	32.146
14.40	14.40	0.094229	32.246
14.40	14.41	0.094246	32.346
14.40	14.41	0.094262	32.446
14.40	14.41	0.094279	32.547
14.40	14.42	0.094296	32.646
14.40	14.42	0.094312	32.746
14.40	14.42	0.094329	32.846
14.43	14.42	0.094346	32.946
14.43	14.43	0.094362	33.046
14.43	14.43	0.094379	33.147
14.43	14.43	0.094396	33.247
14.43	14.44	0.094412	33.346
14.43	14.44	0.094429	33.447
14.45	14.44	0.094446	33.546
14.45	14.44	0.094462	33.646
14.45	14.45	0.094479	33.747
14.45	14.45	0.094496	33.846
14.45	14.45	0.094512	33.946
14.45	14.46	0.094529	34.047
14.45	14.46	0.094546	34.146
14.48	14.46	0.094562	34.246
14.48	14.46	0.094579	34.348
14.48	14.47	0.094595	34.446
14.48	14.47	0.094612	34.546
14.48	14.47	0.094629	34.647
14.48	14.47	0.094645	34.746
14.48	14.47	0.094662	34.846
14.48	14.48	0.094679	34.948
14.48	14.48	0.094695	35.046
14.48	14.48	0.094712	35.146
14.50	14.48	0.094729	35.248
14.50	14.48	0.094745	35.346
14.50	14.49	0.094762	35.446
14.50	14.49	0.094779	35.548
14.50	14.49	0.094795	35.646
14.50	14.49	0.094812	35.770
14.50	14.49	0.094829	35.848
14.50	14.49	0.094845	35.975
14.50	14.49	0.094862	36.069
14.50	14.50	0.094879	36.148
14.50	14.50	0.094895	36.273
14.50	14.50	0.094912	36.367
14.50	14.50	0.094929	36.472
14.50	14.50	0.094945	36.571
14.50	14.50	0.094962	36.666
14.50	14.50	0.094979	36.770
14.50	14.50	0.094995	36.871
14.50	14.50	0.095012	36.964
14.50	14.50	0.095029	37.069
14.50	14.50	0.095045	37.163
14.50	14.50	0.095062	37.263
14.50	14.51	0.095079	37.368
14.50	14.51	0.095095	37.462
14.53	14.51	0.095112	37.563
14.53	14.51	0.095129	37.667
14.53	14.51	0.095145	37.761
14.53	14.51	0.095162	37.860
14.53	14.51	0.095179	37.965
14.53	14.51	0.095195	38.059
14.53	14.51	0.095212	38.159
14.53	14.51	0.095229	38.264
14.53	14.51	0.095245	38.358
14.53	14.51	0.095262	38.458
14.53	14.51	0.095279	38.562
14.53	14.51	0.095295	38.657
14.53	14.50	0.095312	38.756
14.53	14.50	0.095329	38.861
14.53	14.50	0.095345	38.956
14.50	14.50	0.095362	39.055
14.50	14.50	0.095379	39.160
14.50	14.50	0.095395	39.254
14.50	14.50	0.095412	39.355
14.50	14.50	0.095428	39.458
14.50	14.50	0.095445	39.553
14.50	14.50	0.095462	39.655
14.50	14.50	0.095478	39.757
14.50	14.50	0.095495	39.852
14.50	14.50	0.095512	39.955
14.50	14.49	0.095528	40.056
14.50	14.49	0.095545	40.150
14.50	14.49	0.095562	40.255
14.50	14.49	0.095578	40.354
14.50	14.49	0.095595	40.449
14.50	14.49	0.095612	40.554
14.50	14.49	0.095628	40.653
14.50	14.49	0.095645	40.748
14.50	14.48	0.095662	40.852
14.50	14.48	0.095678	40.952
14.50	14.48	0.095695	41.047
14.50	14.48	0.095712	41.151
14.50	14.48	0.095728	41.256
14.48	14.48	0.095745	41.348
14.48	14.47	0.095762	41.449
14.48	14.47	0.095778	41.552
14.48	14.47	0.095795	41.649
14.48	14.47	0.095812	41.749
14.48	14.47	0.095828	41.852
14.48	14.47	0.095845	41.949
14.48	14.46	0.095862	42.049
14.48	14.46	0.095878	42.152
14.48	14.46	0.095895	42.249
14.48	14.46	0.095912	42.349
14.48	14.46	0.095928	42.452
14.48	14.46	0.095945	42.549
14.45	14.45	0.095962	42.649
14.45	14.45	0.095978	42.753
14.45	14.45	0.095995	42.849
14.45	14.45	0.096012	42.949
14.45	14.45	0.096028	43.052
14.45	14.45	0.096045	43.149
14.45	14.44	0.096062	43.249
14.45	14.44	0.096078	43.353
14.45	14.44	0.096095	43.449
14.45	14.44	0.096112	43.549
14.43	14.44	0.096128	43.653
14.43	14.44	0.096145	43.749
14.43	14.43	0.096162	43.851
14.43	14.43	0.096178	43.953
14.43	14.43	0.096195	44.050
14.43	14.43	0.096212	44.150
14.43	14.43	0.096228	44.254
14.43	14.43	0.096245	44.350
14.43	14.42	0.096261	44.450
14.43	14.42	0.096278	44.553
14.43	14.42	0.096295	44.650
14.43	14.42	0.096311	44.750
14.40	14.42	0.096328	44.854
14.40	14.42	0.096345	44.951
14.40	14.42	0.096361	45.051
14.40	14.42	0.096378	45.154
14.40	14.41	0.096395	45.251
14.40	14.41	0.096411	45.351
14.40	14.41	0.096428	45.454
14.40	14.41	0.096445	45.551
14.40	14.41	0.096461	45.651
14.40	14.41	0.096478	45.754
14.40	14.41	0.096495	45.880
14.40	14.41	0.096511	45.974
14.40	14.41	0.096528	46.079
14.40	14.41	0.096545	46.178
14.40	14.41	0.096561	46.273
14.40	14.40	0.096578	46.377
14.40	14.40	0.096595	46.476
14.40	14.40	0.096611	46.571
14.40	14.40	0.096628	46.675
14.43	14.40	0.096645	46.776
14.43	14.40	0.096661	46.870
14.43	14.40	0.096678	46.975
14.43	14.40	0.096695	47.068
14.43	14.40	0.096711	47.169
14.43	14.40	0.096728	47.272
14.40	14.40	0.096745	47.367
14.40	14.40	0.096761	47.467
14.40	14.40	0.096778	47.571
14.40	14.40	0.096795	47.666
14.40	14.40	0.096811	47.765
14.40	14.40	0.096828	47.870
14.40	14.40	0.096845	47.964
14.40	14.40	0.096861	48.064
14.40	14.40	0.096878	48.169
14.40	14.40	0.096895	48.263
14.38	14.41	0.096911	48.363
14.38	14.41	0.096928	48.467
14.38	14.41	0.096945	48.562
14.38	14.41	0.096961	48.661
14.38	14.41	0.096978	48.766
14.38	14.41	0.096995	48.861
14.38	14.41	0.097011	48.960
14.38	14.41	0.097028	49.065
14.40	14.41	0.097045	49.159
14.40	14.41	0.097061	49.261
14.40	14.42	0.097078	49.363
14.40	14.42	0.097094	49.458
14.40	14.42	0.097111	49.560
14.40	14.42	0.097128	49.662
14.40	14.42	0.097144	49.757
14.40	14.42	0.097161	49.861
14.40	14.42	0.097178	49.961
14.43	14.43	0.097194	50.055
14.43	14.43	0.097211	50.160
14.43	14.43	0.097228	50.259
14.43	14.43	0.097244	50.354
14.43	14.43	0.097261	50.458
14.43	14.44	0.097278	50.558
14.43	14.44	0.097294	50.654
14.43	14.44	0.097311	50.757
14.43	14.44	0.097328	50.857
14.43	14.45	0.097344	50.954
14.43	14.45	0.097361	51.056
14.45	14.45	0.097378	51.157
14.45	14.45	0.097394	51.254
14.45	14.46	0.097411	51.355
14.45	14.46	0.097428	51.458
14.45	14.46	0.097444	51.554
14.45	14.46	0.097461	51.654
14.45	14.47	0.097478	51.758
14.45	14.47	0.097494	51.854
14.45	14.47	0.097511	51.954
14.45	14.47	0.097528	52.058
14.45	14.48	0.097544	52.154
14.45	14.48	0.097561	52.254
14.48	14.48	0.097578	52.358
14.48	14.49	0.097594	52.454
14.48	14.49	0.097611	52.554
14.48	14.49	0.097628	52.658
14.48	14.50	0.097644	52.754
14.48	14.50	0.097661	52.854
14.50	14.50	0.097678	52.958
14.50	14.51	0.097694	53.054
14.50	14.51	0.097711	53.154
14.50	14.51	0.097728	53.254
14.50	14.52	0.097744	53.354
14.50	14.52	0.097761	53.454
14.50	14.52	0.097778	53.559
14.53	14.53	0.097794	53.654
14.53	14.53	0.097811	53.755
14.53	14.53	0.097828	53.854
14.53	14.54	0.097844	53.954
14.53	14.54	0.097861	54.054
14.53	14.54	0.097878	54.154
14.53	14.55	0.097894	54.254
14.56	14.55	0.097911	54.354
14.56	14.55	0.097927	54.454
14.56	14.56	0.097944	54.554
14.56	14.56	0.097961	54.654
14.56	14.56	0.097977	54.754
14.56	14.57	0.097994	54.855
14.56	14.57	0.098011	54.955
14.56	14.57	0.098027	55.055
14.58	14.58	0.098044	55.155
14.58	14.58	0.098061	55.255
14.58	14.59	0.098077	55.359
14.58	14.59	0.098094	55.456
14.58	14.59	0.098111	55.555
14.58	14.60	0.098127	55.655
14.58	14.60	0.098144	55.754
14.58	14.60	0.098161	55.854
14.61	14.61	0.098177	55.983
14.61	14.61	0.098194	56.083
14.61	14.61	0.098211	56.177
14.61	14.62	0.098227	56.282
14.61	14.62	0.098244	56.381
14.61	14.62	0.098261	56.476
14.61	14.63	0.098277	56.581
14.61	14.63	0.098294	56.675
14.63	14.63	0.098311	56.775
14.63	14.63	0.098327	56.879
14.63	14.64	0.098344	56.974
14.63	14.64	0.098361	57.073
14.63	14.64	0.098377	57.178
14.63	14.65	0.098394	57.272
14.63	14.65	0.098411	57.372
14.63	14.65	0.098427	57.476
14.66	14.66	0.098444	57.571
14.66	14.66	0.098461	57.671
14.66	14.66	0.098477	57.775
14.66	14.66	0.098494	57.870
14.66	14.67	0.098511	57.969
14.66	14.67	0.098527	58.074
14.68	14.67	0.098544	58.168
14.68	14.67	0.098561	58.268
14.68	14.68	0.098577	58.373
14.68	14.68	0.098594	58.467
14.68	14.68	0.098611	58.567
14.68	14.68	0.098627	58.671
14.68	14.69	0.098644	58.766
14.71	14.69	0.098661	58.866
14.71	14.69	0.098677	58.970
14.71	14.69	0.098694	59.064
14.71	14.69	0.098711	59.167
14.71	14.70	0.098727	59.269
14.71	14.70	0.098744	59.363
14.71	14.70	0.098760	59.467
14.71	14.70	0.098777	59.567
14.71	14.70	0.098794	59.662
14.71	14.70	0.098810	59.766
14.71	14.70	0.098827	59.866
14.71	14.71	0.098844	59.960
14.71	14.71	0.098860	00.064
14.71	14.71	0.098877	00.164
14.71	14.71	0.098894	00.258
14.71	14.71	0.098910	00.363
14.74	14.71	0.098927	00.462
14.74	14.71	0.098944	00.557
14.74	14.71	0.098960	00.661
14.74	14.72	0.098977	00.757
14.74	14.72	0.098994	00.856
14.74	14.72	0.099010	00.960
14.74	14.72	0.099027	01.055
14.74	14.72	0.099044	01.155
14.74	14.72	0.099060	01.259
14.74	14.72	0.099077	01.355
14.71	14.72	0.099094	01.455
14.71	14.72	0.099110	01.558
14.71	14.72	0.099127	01.655
14.71	14.72	0.099144	01.755
14.71	14.72	0.099160	01.856
14.71	14.72	0.099177	01.955
14.71	14.72	0.099194	02.055
14.71	14.72	0.099210	02.155
14.71	14.72	0.099227	02.255
14.71	14.72	0.099244	02.355
14.71	14.72	0.099260	02.455
14.71	14.72	0.099277	02.555
14.74	14.72	0.099294	02.655
14.74	14.72	0.099310	02.755
14.74	14.72	0.099327	02.855
14.74	14.72	0.099344	02.955
14.74	14.72	0.099360	03.055
14.74	14.72	0.099377	03.156
14.74	14.72	0.099394	03.255
14.74	14.71	0.099410	03.355
14.74	14.71	0.099427	03.455
14.74	14.71	0.099444	03.555
14.74	14.71	0.099460	03.655
14.74	14.71	0.099477	03.755
14.74	14.71	0.099494	03.855
14.74	14.71	0.099510	03.955
14.71	14.71	0.099527	04.055
14.71	14.71	0.099544	04.155
14.71	14.71	0.099560	04.255
14.71	14.70	0.099577	04.355
14.71	14.70	0.099593	04.455
14.71	14.70	0.099610	04.555
14.71	14.70	0.099627	04.655
14.71	14.70	0.099643	04.756
14.71	14.70	0.099660	04.855
14.71	14.70	0.099677	04.955
14.71	14.69	0.099693	05.055
14.68	14.69	0.099710	05.155
14.68	14.69	0.099727	05.255
14.68	14.69	0.099743	05.355
14.68	14.69	0.099760	05.456
14.68	14.69	0.099777	05.556
14.68	14.68	0.099793	05.656
14.68	14.68	0.099810	05.756
14.68	14.68	0.099827	05.856
14.68	14.68	0.099843	05.956
14.68	14.68	0.099860	06.056
14.68	14.68	0.099877	06.156
14.68	14.67	0.099893	06.257
14.68	14.67	0.099910	06.381
14.68	14.67	0.099927	06.486
14.68	14.67	0.099943	06.581
14.68	14.67	0.099960	06.680
14.68	14.67	0.099977	06.785
14.68	14.66	0.099993	06.879
14.68	14.66	0.100010	06.979
14.68	14.66	0.100027	07.083
14.68	14.66	0.100043	07.177
14.68	14.66	0.100060	07.277
14.68	14.66	0.100077	07.381
14.66	14.65	0.100093	07.476
14.66	14.65	0.100110	07.576
14.66	14.65	0.100127	07.680
14.66	14.65	0.100143	07.775
14.66	14.65	0.100160	07.874
14.66	14.65	0.100177	07.979
14.66	14.64	0.100193	08.073
14.66	14.64	0.100210	08.173
14.66	14.64	0.100227	08.278
14.66	14.64	0.100243	08.372
14.63	14.64	0.100260	08.472
14.63	14.64	0.100277	08.576
14.63	14.64	0.100293	08.671
14.63	14.63	0.100310	08.772
14.63	14.63	0.100327	08.875
14.63	14.63	0.100343	08.969
14.63	14.63	0.100360	09.072
14.63	14.63	0.100377	09.174
14.61	14.63	0.100393	09.268
14.61	14.63	0.100410	09.373
14.61	14.63	0.100426	09.471
14.61	14.62	0.100443	09.567
14.61	14.62	0.100460	09.670
14.61	14.62	0.100476	09.770
14.61	14.62	0.100493	09.865
14.61	14.62	0.100510	09.969
14.61	14.62	0.100526	10.069
14.61	14.62	0.100543	10.163
14.61	14.62	0.100560	10.268
14.61	14.62	0.100576	10.362
14.61	14.62	0.100593	10.462
14.61	14.62	0.100610	10.566
14.61	14.62	0.100626	10.661
14.61	14.62	0.100643	10.761
14.61	14.62	0.100660	10.865
14.61	14.62	0.100676	10.960
14.61	14.62	0.100693	11.059
14.61	14.62	0.100710	11.164
14.61	14.62	0.100726	11.258
14.61	14.62	0.100743	11.358
14.61	14.62	0.100760	11.463
14.61	14.62	0.100776	11.557
14.61	14.62	0.100793	11.657
14.61	14.62	0.100810	11.761
14.61	14.62	0.100826	11.857
14.61	14.62	0.100843	11.957
14.61	14.62	0.100860	12.060
14.61	14.62	0.100876	12.157
14.63	14.62	0.100893	12.257
14.63	14.62	0.100910	12.359
14.63	14.62	0.100926	12.457
14.63	14.62	0.100943	12.557
14.63	14.62	0.100960	12.657
14.63	14.62	0.100976	12.757
14.63	14.62	0.100993	12.857
14.63	14.62	0.101010	12.957
14.63	14.62	0.101026	13.058
14.63	14.63	0.101043	13.157
14.63	14.63	0.101060	13.257
14.63	14.63	0.101076	13.357
14.63	14.63	0.101093	13.457
14.63	14.63	0.101110	13.557
14.63	14.63	0.101126	13.657
14.63	14.63	0.101143	13.757
14.63	14.64	0.101160	13.857
14.63	14.64	0.101176	13.958
14.63	14.64	0.101193	14.057
14.61	14.64	0.101210	14.157
14.61	14.64	0.101226	14.257
14.61	14.65	0.101243	14.357
14.61	14.65	0.101259	14.457
14.63	14.65	0.101276	14.557
14.63	14.65	0.101293	14.657
14.63	14.65	0.101309	14.757
14.63	14.66	0.101326	14.857
14.63	14.66	0.101343	14.957
14.63	14.66	0.101359	15.057
14.63	14.66	0.101376	15.157
14.63	14.67	0.101393	15.257
14.63	14.67	0.101409	15.357
14.66	14.67	0.101426	15.457
14.66	14.67	0.101443	15.558
14.66	14.68	0.101459	15.657
14.66	14.68	0.101476	15.757
14.66	14.68	0.101493	15.857
14.68	14.69	0.101509	15.957
14.68	14.69	0.101526	16.057
14.68	14.69	0.101543	16.157
14.68	14.69	0.101559	16.257
14.68	14.70	0.101576	16.357
14.71	14.70	0.101593	16.457
14.71	14.70	0.101609	16.557
14.71	14.71	0.101626	16.657
14.71	14.71	0.101643	16.757
14.71	14.71	0.101659	16.857
14.71	14.72	0.101676	16.957
14.71	14.72	0.101693	17.057
14.74	14.72	0.101709	17.158
14.74	14.73	0.101726	17.286
14.74	14.73	0.101743	17.357
14.74	14.73	0.101759	17.480
14.74	14.74	0.101776	17.585
14.74	14.74	0.101793	17.679
14.74	14.74	0.101809	17.779
14.74	14.75	0.101826	17.883
14.74	14.75	0.101843	17.978
14.74	14.75	0.101859	18.077
14.74	14.76	0.101876	18.182
14.74	14.76	0.101893	18.277
14.74	14.76	0.101909	18.377
14.74	14.77	0.101926	18.481
14.76	14.77	0.101943	18.576
14.76	14.77	0.101959	18.678
14.76	14.78	0.101976	18.780
14.76	14.78	0.101993	18.874
14.76	14.78	0.102009	18.978
14.76	14.79	0.102026	19.078
14.76	14.79	0.102043	19.173
14.76	14.80	0.102059	19.277
14.79	14.80	0.102076	19.377
14.79	14.80	0.102092	19.472
14.79	14.81	0.102109	19.576
14.79	14.81	0.102126	19.676
14.79	14.81	0.102142	19.770
14.81	14.82	0.102159	19.875
14.81	14.82	0.102176	19.969
14.81	14.82	0.102192	20.069
14.81	14.83	0.102209	20.173
14.81	14.83	0.102226	20.268
14.84	14.83	0.102242	20.368
14.84	14.84	0.102259	20.472
14.84	14.84	0.102276	20.567
14.84	14.84	0.102292	20.666
14.84	14.85	0.102309	20.771
14.84	14.85	0.102326	20.864
14.86	14.85	0.102342	20.965
14.86	14.85	0.102359	21.070
14.86	14.86	0.102376	21.164
14.86	14.86	0.102392	21.263
14.86	14.86	0.102409	21.367
14.86	14.87	0.102426	21.462
14.86	14.87	0.102442	21.561
14.86	14.87	0.102459	21.666
14.89	14.87	0.102476	21.760
14.89	14.88	0.102492	21.860
14.89	14.88	0.102509	21.965
14.89	14.88	0.102526	22.059
14.89	14.88	0.102542	22.160
14.89	14.89	0.102559	22.264
14.89	14.89	0.102576	22.359
14.89	14.89	0.102592	22.460
14.89	14.89	0.102609	22.562
14.89	14.90	0.102626	22.659
14.92	14.90	0.102642	22.760
14.92	14.90	0.102659	22.861
14.92	14.90	0.102676	22.959
14.92	14.90	0.102692	23.060
14.92	14.91	0.102709	23.159
14.92	14.91	0.102726	23.259
14.92	14.91	0.102742	23.359
14.92	14.91	0.102759	23.459
14.92	14.91	0.102776	23.559
14.92	14.92	0.102792	23.659
14.92	14.92	0.102809	23.759
14.92	14.92	0.102826	23.859
14.92	14.92	0.102842	23.959
14.92	14.92	0.102859	24.059
14.92	14.92	0.102876	24.159
14.92	14.92	0.102892	24.259
14.92	14.92	0.102909	24.359
14.92	14.93	0.102925	24.460
14.92	14.93	0.102942	24.559
14.92	14.93	0.102959	24.660
14.92	14.93	0.102975	24.760
14.92	14.93	0.102992	24.860
14.94	14.93	0.103009	24.960
14.94	14.93	0.103025	25.060
14.94	14.93	0.103042	25.160
14.94	14.93	0.103059	25.260
14.94	14.93	0.103075	25.361
14.94	14.93	0.103092	25.460
14.94	14.93	0.103109	25.560
14.94	14.93	0.103125	25.660
14.94	14.93	0.103142	25.760
14.94	14.93	0.103159	25.860
14.94	14.93	0.103175	25.960
14.94	14.93	0.103192	26.061
14.94	14.93	0.103209	26.161
14.94	14.93	0.103225	26.261
14.94	14.93	0.103242	26.361
14.94	14.93	0.103259	26.461
14.94	14.93	0.103275	26.561
14.94	14.93	0.103292	26.661
14.94	14.93	0.103309	26.761
14.94	14.93	0.103325	26.861
14.94	14.93	0.103342	26.961
14.94	14.93	0.103359	27.061
14.94	14.93	0.103375	27.161
14.94	14.93	0.103392	27.261
14.94	14.93	0.103409	27.361
14.94	14.93	0.103425	27.490
14.94	14.93	0.103442	27.585
14.94	14.92	0.103459	27.684
14.94	14.92	0.103475	27.789
14.94	14.92	0.103492	27.883
14.94	14.92	0.103509	27.984
14.94	14.92	0.103525	28.088
14.92	14.92	0.103542	28.182
14.92	14.92	0.103559	28.284
14.92	14.92	0.103575	28.386
14.92	14.92	0.103592	28.480
14.92	14.91	0.103609	28.584
14.92	14.91	0.103625	28.685
14.92	14.91	0.103642	28.779
14.92	14.91	0.103659	28.884
14.92	14.91	0.103675	28.983
14.92	14.91	0.103692	29.077
14.92	14.91	0.103709	29.182
14.92	14.90	0.103725	29.281
14.92	14.90	0.103742	29.376
14.92	14.90	0.103758	29.481
14.92	14.90	0.103775	29.580
14.92	14.90	0.103792	29.675
14.92	14.90	0.103808	29.779
14.92	14.89	0.103825	29.874
14.92	14.89	0.103842	29.973
14.92	14.89	0.103858	30.078
14.89	14.89	0.103875	30.172
14.89	14.89	0.103892	30.272
14.89	14.89	0.103908	30.377
14.89	14.88	0.103925	30.471
14.89	14.88	0.103942	30.571
14.89	14.88	0.103958	30.675
14.89	14.88	0.103975	30.770
14.89	14.88	0.103992	30.869
14.86	14.88	0.104008	30.974
14.86	14.87	0.104025	31.069
14.86	14.87	0.104042	31.168
14.86	14.87	0.104058	31.273
14.86	14.87	0.104075	31.367
14.86	14.87	0.104092	31.467
14.86	14.87	0.104108	31.571
14.86	14.86	0.104125	31.666
14.86	14.86	0.104142	31.766
14.86	14.86	0.104158	31.870
14.86	14.86	0.104175	31.965
14.86	14.86	0.104192	32.066
14.86	14.86	0.104208	32.169
14.86	14.85	0.104225	32.263
14.86	14.85	0.104242	32.367
14.86	14.85	0.104258	32.467
14.86	14.85	0.104275	32.562
14.86	14.85	0.104292	32.666
14.86	14.85	0.104308	32.766
14.86	14.85	0.104325	32.862
14.84	14.84	0.104342	32.965
14.84	14.84	0.104358	33.065
14.84	14.84	0.104375	33.162
14.84	14.84	0.104392	33.263
14.84	14.84	0.104408	33.363
14.84	14.84	0.104425	33.463
14.84	14.84	0.104442	33.562
14.84	14.84	0.104458	33.663
14.84	14.84	0.104475	33.762
14.84	14.84	0.104492	33.862
14.84	14.83	0.104508	33.964
14.84	14.83	0.104525	34.062
14.84	14.83	0.104542	34.162
14.84	14.83	0.104558	34.263
14.84	14.83	0.104575	34.362
14.84	14.83	0.104591	34.463
14.84	14.83	0.104608	34.564
14.84	14.83	0.104625	34.662
14.81	14.83	0.104641	34.762
14.81	14.83	0.104658	34.864
14.81	14.83	0.104675	34.962
14.81	14.83	0.104691	35.062
14.81	14.83	0.104708	35.164
14.81	14.83	0.104725	35.263
14.81	14.83	0.104741	35.362
14.81	14.83	0.104758	35.465
14.81	14.83	0.104775	35.562
14.81	14.83	0.104791	35.662
14.81	14.83	0.104808	35.764
14.81	14.83	0.104825	35.862
14.81	14.83	0.104841	35.962
14.81	14.83	0.104858	36.065
14.81	14.83	0.104875	36.161
14.84	14.83	0.104891	36.262
14.84	14.83	0.104908	36.365
14.84	14.83	0.104925	36.462
14.84	14.83	0.104941	36.562
14.84	14.83	0.104958	36.665
14.84	14.84	0.104975	36.762
14.84	14.84	0.104991	36.862
14.84	14.84	0.105008	36.966
14.84	14.84	0.105025	37.062
14.84	14.84	0.105041	37.162
14.84	14.84	0.105058	37.265
14.84	14.84	0.105075	37.362
14.84	14.84	0.105091	37.462
14.84	14.84	0.105108	37.566
14.84	14.85	0.105125	37.663
14.84	14.85	0.105141	37.762
14.84	14.85	0.105158	37.866
14.84	14.85	0.105175	37.962
14.84	14.85	0.105191	38.062
14.84	14.86	0.105208	38.166
14.84	14.86	0.105225	38.291
14.84	14.86	0.105241	38.385
14.84	14.86	0.105258	38.490
14.84	14.86	0.105275	38.589
14.84	14.87	0.105291	38.684
14.84	14.87	0.105308	38.789
14.84	14.87	0.105325	38.888
14.86	14.87	0.105341	38.983
14.86	14.87	0.105358	39.087
14.86	14.88	0.105375	39.186
14.86	14.88	0.105391	39.281
14.86	14.88	0.105408	39.385
14.86	14.88	0.105424	39.480
14.86	14.89	0.105441	39.580
14.86	14.89	0.105458	39.684
14.89	14.89	0.105474	39.779
14.89	14.90	0.105491	39.878
14.89	14.90	0.105508	39.983
14.89	14.90	0.105524	40.077
14.89	14.90	0.105541	40.177
14.89	14.91	0.105558	40.282
14.89	14.91	0.105574	40.376
14.92	14.91	0.105591	40.476
14.92	14.92	0.105608	40.580
14.92	14.92	0.105624	40.675
14.92	14.92	0.105641	40.774
14.92	14.93	0.105658	40.879
14.92	14.93	0.105674	40.973
14.92	14.93	0.105691	41.073
14.92	14.94	0.105708	41.178
14.94	14.94	0.105724	41.272
14.94	14.94	0.105741	41.373
14.94	14.95	0.105758	41.476
14.94	14.95	0.105774	41.571
14.94	14.95	0.105791	41.672
14.94	14.96	0.105808	41.775
14.94	14.96	0.105824	41.870
14.94	14.96	0.105841	41.973
14.97	14.97	0.105858	42.074
14.97	14.97	0.105874	42.168
14.97	14.97	0.105891	42.273
14.97	14.98	0.105908	42.372
14.97	14.98	0.105924	42.467
14.97	14.98	0.105941	42.571
14.97	14.99	0.105958	42.671
14.99	14.99	0.105974	42.766
14.99	14.99	0.105991	42.870
14.99	15.00	0.106008	42.970
14.99	15.00	0.106024	43.063
14.99	15.01	0.106041	43.169
14.99	15.01	0.106058	43.263
14.99	15.01	0.106074	43.363
15.02	15.02	0.106091	43.467
15.02	15.02	0.106108	43.563
15.02	15.02	0.106124	43.663
15.02	15.03	0.106141	43.765
15.02	15.03	0.106158	43.863
15.02	15.03	0.106174	43.963
15.02	15.04	0.106191	44.064
15.04	15.04	0.106208	44.163
15.04	15.04	0.106224	44.264
15.04	15.05	0.106241	44.363
15.04	15.05	0.106257	44.463
15.04	15.05	0.106274	44.563
15.04	15.06	0.106291	44.663
15.04	15.06	0.106307	44.763
15.07	15.06	0.106324	44.863
15.07	15.06	0.106341	44.963
15.07	15.07	0.106357	45.063
15.07	15.07	0.106374	45.163
15.07	15.07	0.106391	45.263
15.07	15.08	0.106407	45.363
15.07	15.08	0.106424	45.463
15.09	15.08	0.106441	45.563
15.09	15.08	0.106457	45.663
15.09	15.09	0.106474	45.763
15.09	15.09	0.106491	45.863
15.09	15.09	0.106507	45.963
15.09	15.10	0.106524	46.063
15.09	15.10	0.106541	46.163
15.09	15.10	0.106557	46.263
15.12	15.10	0.106574	46.363
15.12	15.11	0.106591	46.463
15.12	15.11	0.106607	46.563
15.12	15.11	0.106624	46.663
15.12	15.11	0.106641	46.763
15.12	15.11	0.106657	46.863
15.12	15.12	0.106674	46.963
15.12	15.12	0.106691	47.063
15.12	15.12	0.106707	47.163
15.12	15.12	0.106724	47.263
15.12	15.12	0.106741	47.364
15.12	15.13	0.106757	47.463
15.15	15.13	0.106774	47.563
15.15	15.13	0.106791	47.663
15.15	15.13	0.106807	47.763
15.15	15.13	0.106824	47.863
15.15	15.13	0.106841	47.963
15.15	15.13	0.106857	48.063
15.15	15.14	0.106874	48.163
15.15	15.14	0.106891	48.264
15.15	15.14	0.106907	48.363
15.15	15.14	0.106924	48.463
15.15	15.14	0.106941	48.563
15.15	15.14	0.106957	48.663
15.15	15.14	0.106974	48.763
15.15	15.14	0.106991	48.863
15.15	15.14	0.107007	48.992
15.15	15.14	0.107024	49.087
15.15	15.14	0.107041	49.187
15.15	15.14	0.107057	49.291
15.15	15.15	0.107074	49.386
15.15	15.15	0.107090	49.485
15.15	15.15	0.107107	49.590
15.15	15.15	0.107124	49.683
15.15	15.15	0.107140	49.784
15.15	15.15	0.107157	49.888
15.15	15.15	0.107174	49.983
15.15	15.15	0.107190	50.082
15.15	15.15	0.107207	50.186
15.15	15.15	0.107224	50.281
15.15	15.15	0.107240	50.380
15.15	15.15	0.107257	50.485
15.15	15.15	0.107274	50.579
15.15	15.15	0.107290	50.679
15.15	15.14	0.107307	50.783
15.15	15.14	0.107324	50.878
15.15	15.14	0.107340	50.979
15.15	15.14	0.107357	51.082
15.15	15.14	0.107374	51.177
15.15	15.14	0.107390	51.278
15.15	15.14	0.107407	51.381
15.15	15.14	0.107424	51.475
15.15	15.14	0.107440	51.579
15.15	15.14	0.107457	51.680
15.15	15.14	0.107474	51.774
15.15	15.14	0.107490	51.879
15.15	15.14	0.107507	51.978
15.15	15.13	0.107524	52.073
15.15	15.13	0.107540	52.177
15.15	15.13	0.107557	52.277
15.15	15.13	0.107574	52.372
15.15	15.13	0.107590	52.476
15.15	15.13	0.107607	52.576
15.15	15.13	0.107624	52.670
15.15	15.13	0.107640	52.775
15.15	15.12	0.107657	52.869
15.15	15.12	0.107674	52.969
15.12	15.12	0.107690	53.073
15.12	15.12	0.107707	53.168
15.12	15.12	0.107724	53.268
15.12	15.12	0.107740	53.372
15.12	15.11	0.107757	53.467
15.12	15.11	0.107774	53.566
15.12	15.11	0.107790	53.671
15.12	15.11	0.107807	53.765
15.12	15.11	0.107824	53.865
15.12	15.11	0.107840	53.970
15.12	15.10	0.107857	54.064
15.12	15.10	0.107874	54.164
15.12	15.10	0.107890	54.268
15.12	15.10	0.107907	54.363
15.09	15.10	0.107923	54.463
15.09	15.10	0.107940	54.567
15.09	15.09	0.107957	54.664
15.09	15.09	0.107973	54.763
15.09	15.09	0.107990	54.865
15.09	15.09	0.108007	54.963
15.09	15.09	0.108023	55.063
15.09	15.09	0.108040	55.163
15.09	15.08	0.108057	55.263
15.09	15.08	0.108073	55.363
15.09	15.08	0.108090	55.463
15.09	15.08	0.108107	55.564
15.09	15.08	0.108123	55.663
15.09	15.08	0.108140	55.763
15.09	15.07	0.108157	55.863
15.07	15.07	0.108173	55.963
15.07	15.07	0.108190	56.063
15.07	15.07	0.108207	56.162
15.07	15.07	0.108223	56.262
15.07	15.07	0.108240	56.363
15.07	15.06	0.108257	56.463
15.07	15.06	0.108273	56.563
15.07	15.06	0.108290	56.663
15.07	15.06	0.108307	56.763
15.07	15.06	0.108323	56.863
15.07	15.06	0.108340	56.963
15.07	15.06	0.108357	57.063
15.07	15.06	0.108373	57.163
15.07	15.05	0.108390	57.263
15.07	15.05	0.108407	57.363
15.04	15.05	0.108423	57.463
15.04	15.05	0.108440	57.563
15.04	15.05	0.108457	57.663
15.04	15.05	0.108473	57.763
15.04	15.05	0.108490	57.863
15.04	15.05	0.108507	57.963
15.04	15.05	0.108523	58.063
15.04	15.05	0.108540	58.163
15.04	15.05	0.108557	58.263
15.04	15.04	0.108573	58.364
15.04	15.04	0.108590	58.463
15.04	15.04	0.108607	58.563
15.04	15.04	0.108623	58.663
15.04	15.04	0.108640	58.763
15.04	15.04	0.108657	58.863
15.04	15.04	0.108673	58.963
15.04	15.04	0.108690	59.063
15.04	15.04	0.108707	59.163
15.02	15.04	0.108723	59.263
15.02	15.04	0.108740	59.363
15.02	15.04	0.108756	59.463
15.02	15.04	0.108773	59.564
15.02	15.04	0.108790	59.663
15.02	15.04	0.108806	59.763
15.02	15.04	0.108823	59.863
15.02	15.04	0.108840	59.963
15.02	15.04	0.108856	00.091
15.04	15.04	0.108873	00.186
15.04	15.04	0.108890	00.286
15.04	15.05	0.108906	00.390
15.04	15.05	0.108923	00.485
15.04	15.05	0.108940	00.584
15.04	15.05	0.108956	00.689
15.04	15.05	0.108973	00.783
15.04	15.05	0.108990	00.884
15.04	15.05	0.109006	00.987
15.04	15.05	0.109023	01.082
15.04	15.05	0.109040	01.185
15.04	15.05	0.109056	01.286
15.04	15.06	0.109073	01.381
15.04	15.06	0.109090	01.484
15.04	15.06	0.109106	01.585
15.04	15.06	0.109123	01.679
15.04	15.06	0.109140	01.784
15.04	15.06	0.109156	01.884
15.07	15.06	0.109173	01.978
15.07	15.07	0.109190	02.083
15.07	15.07	0.109206	02.182
15.07	15.07	0.109223	02.277
15.07	15.07	0.109240	02.381
15.07	15.07	0.109256	02.476
15.07	15.08	0.109273	02.576
15.07	15.08	0.109290	02.680
15.07	15.08	0.109306	02.775
15.07	15.08	0.109323	02.874
15.07	15.09	0.109340	02.979
15.07	15.09	0.109356	03.073
15.07	15.09	0.109373	03.172
15.07	15.09	0.109390	03.277
15.09	15.10	0.109406	03.372
15.09	15.10	0.109423	03.471
15.09	15.10	0.109440	03.576
15.09	15.10	0.109456	03.670
15.09	15.11	0.109473	03.770
15.09	15.11	0.109490	03.874
15.09	15.11	0.109506	03.969
15.09	15.11	0.109523	04.069
15.09	15.12	0.109540	04.173
15.12	15.12	0.109556	04.268
15.12	15.12	0.109573	04.367
15.12	15.13	0.109589	04.472
15.12	15.13	0.109606	04.566
15.12	15.13	0.109623	04.667
15.12	15.14	0.109639	04.770
15.12	15.14	0.109656	04.865
15.15	15.14	0.109673	04.967
15.15	15.15	0.109689	05.069
15.15	15.15	0.109706	05.164
15.15	15.15	0.109723	05.267
15.15	15.16	0.109739	05.368
15.15	15.16	0.109756	05.463
15.15	15.16	0.109773	05.567
15.15	15.17	0.109789	05.665
15.17	15.17	0.109806	05.763
15.17	15.17	0.109823	05.865
15.17	15.18	0.109839	05.964
15.17	15.18	0.109856	06.063
15.17	15.18	0.109873	06.163
15.17	15.19	0.109889	06.263
15.17	15.19	0.109906	06.363
15.17	15.19	0.109923	06.463
15.20	15.20	0.109939	06.564
15.20	15.20	0.109956	06.663
15.20	15.20	0.109973	06.763
15.20	15.21	0.109989	06.863
15.20	15.21	0.110006	06.963
15.20	15.21	0.110023	07.063
15.20	15.22	0.110039	07.164
15.22	15.22	0.110056	07.262
15.22	15.23	0.110073	07.363
15.22	15.23	0.110089	07.464
15.22	15.23	0.110106	07.563
15.22	15.24	0.110123	07.663
15.22	15.24	0.110139	07.764
15.22	15.24	0.110156	07.863
15.22	15.25	0.110173	07.963
15.25	15.25	0.110189	08.064
15.25	15.25	0.110206	08.164
15.25	15.26	0.110223	08.263
15.25	15.26	0.110239	08.365
15.25	15.26	0.110256	08.463
15.25	15.27	0.110273	08.563
15.25	15.27	0.110289	08.664
15.27	15.27	0.110306	08.763
15.27	15.27	0.110323	08.863
15.27	15.28	0.110339	08.965
15.27	15.28	0.110356	09.063
15.27	15.28	0.110373	09.163
15.27	15.29	0.110389	09.265
15.30	15.29	0.110406	09.363
15.30	15.29	0.110422	09.463
15.30	15.30	0.110439	09.565
15.30	15.30	0.110456	09.663
15.30	15.30	0.110472	09.764
15.30	15.30	0.110489	09.865
15.30	15.31	0.110506	09.963
15.33	15.31	0.110522	10.063
15.33	15.31	0.110539	10.166
15.33	15.31	0.110556	10.263
15.33	15.32	0.110572	10.363
15.33	15.32	0.110589	10.465
15.33	15.32	0.110606	10.563
15.33	15.32	0.110622	10.664
15.33	15.33	0.110639	10.766
15.33	15.33	0.110656	10.863
15.33	15.33	0.110672	10.963
15.33	15.33	0.110689	11.066
15.35	15.33	0.110706	11.191
15.35	15.34	0.110722	11.285
15.35	15.34	0.110739	11.390
15.35	15.34	0.110756	11.489
15.35	15.34	0.110772	11.584
15.35	15.34	0.110789	11.689
15.35	15.34	0.110806	11.788
15.35	15.34	0.110822	11.883
15.35	15.35	0.110839	11.987
15.35	15.35	0.110856	12.087
15.35	15.35	0.110872	12.181
15.35	15.35	0.110889	12.286
15.35	15.35	0.110906	12.381
15.35	15.35	0.110922	12.480
15.35	15.35	0.110939	12.585
15.35	15.35	0.110956	12.679
15.35	15.36	0.110972	12.779
15.38	15.36	0.110989	12.883
15.38	15.36	0.111006	12.978
15.38	15.36	0.111022	13.077
15.38	15.36	0.111039	13.182
15.38	15.36	0.111056	13.277
15.38	15.36	0.111072	13.376
15.38	15.36	0.111089	13.481
15.38	15.36	0.111106	13.575
15.38	15.36	0.111122	13.675
15.38	15.36	0.111139	13.779
15.38	15.36	0.111156	13.874
15.38	15.36	0.111172	13.974
15.38	15.36	0.111189	14.078
15.38	15.36	0.111206	14.173
15.35	15.36	0.111222	14.272
15.35	15.36	0.111239	14.377
15.35	15.36	0.111255	14.471
15.35	15.36	0.111272	14.573
15.35	15.36	0.111289	14.675
15.35	15.36	0.111305	14.770
15.35	15.36	0.111322	14.873
15.35	15.36	0.111339	14.974
15.35	15.36	0.111355	15.069
15.35	15.36	0.111372	15.172
15.35	15.36	0.111389	15.273
15.35	15.35	0.111405	15.367
15.35	15.35	0.111422	15.472
15.35	15.35	0.111439	15.570
15.35	15.35	0.111455	15.665
15.35	15.35	0.111472	15.770
15.38	15.35	0.111489	15.870
15.38	15.35	0.111505	15.964
15.38	15.35	0.111522	16.069
15.38	15.35	0.111539	16.164
15.38	15.35	0.111555	16.264
15.38	15.34	0.111572	16.368
15.38	15.34	0.111589	16.470
15.38	15.34	0.111605	16.564
15.38	15.34	0.111622	16.666
15.35	15.34	0.111639	16.764
15.35	15.34	0.111655	16.864
15.35	15.34	0.111672	16.964
15.35	15.33	0.111689	17.064
15.35	15.33	0.111705	17.165
15.35	15.33	0.111722	17.264
15.35	15.33	0.111739	17.364
15.33	15.33	0.111755	17.464
15.33	15.33	0.111772	17.564
15.33	15.32	0.111789	17.664
15.33	15.32	0.111805	17.764
15.33	15.32	0.111822	17.864
15.33	15.32	0.111839	17.964
15.33	15.32	0.111855	18.065
15.33	15.32	0.111872	18.164
15.33	15.31	0.111889	18.264
15.30	15.31	0.111905	18.364
15.30	15.31	0.111922	18.464
15.30	15.31	0.111939	18.564
15.30	15.31	0.111955	18.664
15.30	15.31	0.111972	18.764
15.30	15.30	0.111989	18.864
15.30	15.30	0.112005	18.964
15.30	15.30	0.112022	19.064
15.30	15.30	0.112039	19.164
15.30	15.30	0.112055	19.264
15.30	15.30	0.112072	19.364
15.30	15.29	0.112088	19.464
15.30	15.29	0.112105	19.564
15.30	15.29	0.112122	19.664
15.30	15.29	0.112138	19.764
15.30	15.29	0.112155	19.864
15.30	15.29	0.112172	19.964
15.27	15.28	0.112188	20.064
15.27	15.28	0.112205	20.164
15.27	15.28	0.112222	20.264
15.27	15.28	0.112238	20.364
15.27	15.28	0.112255	20.464
15.27	15.28	0.112272	20.564
15.27	15.28	0.112288	20.664
15.27	15.27	0.112305	20.765
15.27	15.27	0.112322	20.864
15.27	15.27	0.112338	20.964
15.27	15.27	0.112355	21.064
15.27	15.27	0.112372	21.164
15.27	15.27	0.112388	21.264
15.27	15.27	0.112405	21.364
15.27	15.27	0.112422	21.464
15.27	15.26	0.112438	21.564
15.27	15.26	0.112455	21.693
15.27	15.26	0.112472	21.788
15.27	15.26	0.112488	21.893
15.27	15.26	0.112505	21.987
15.27	15.26	0.112522	22.087
15.27	15.26	0.112538	22.192
15.27	15.26	0.112555	22.285
15.27	15.26	0.112572	22.385
15.27	15.26	0.112588	22.489
15.27	15.26	0.112605	22.584
15.25	15.26	0.112622	22.684
15.25	15.26	0.112638	22.788
15.25	15.26	0.112655	22.883
15.25	15.26	0.112672	22.982
15.25	15.26	0.112688	23.087
15.25	15.26	0.112705	23.181
15.25	15.26	0.112722	23.281
15.25	15.26	0.112738	23.385
15.25	15.26	0.112755	23.480
15.25	15.26	0.112772	23.580
15.25	15.26	0.112788	23.684
15.25	15.26	0.112805	23.779
15.25	15.26	0.112822	23.878
15.25	15.26	0.112838	23.983
15.25	15.26	0.112855	24.077
15.25	15.26	0.112872	24.178
15.25	15.26	0.112888	24.281
15.25	15.26	0.112905	24.376
15.25	15.26	0.112921	24.479
15.25	15.26	0.112938	24.580
15.25	15.26	0.112955	24.675
15.25	15.26	0.112971	24.778
15.25	15.26	0.112988	24.879
15.25	15.26	0.113005	24.973
15.25	15.26	0.113021	25.078
15.25	15.27	0.113038	25.178
15.25	15.27	0.113055	25.272
15.25	15.27	0.113071	25.377
15.25	15.27	0.113088	25.476
15.25	15.27	0.113105	25.571
15.25	15.27	0.113121	25.675
15.27	15.27	0.113138	25.770
15.27	15.28	0.113155	25.869
15.27	15.28	0.113171	25.974
15.27	15.28	0.113188	26.069
15.27	15.28	0.113205	26.168
15.27	15.28	0.113221	26.273
15.27	15.29	0.113238	26.367
15.27	15.29	0.113255	26.466
15.27	15.29	0.113271	26.571
15.27	15.29	0.113288	26.666
15.27	15.29	0.113305	26.765
15.27	15.30	0.113321	26.870
15.30	15.30	0.113338	26.965
15.30	15.30	0.113355	27.064
15.30	15.30	0.113371	27.169
15.30	15.31	0.113388	27.264
15.30	15.31	0.113405	27.364
15.30	15.31	0.113421	27.466
15.30	15.31	0.113438	27.564
15.30	15.32	0.113455	27.664
15.30	15.32	0.113471	27.765
15.33	15.32	0.113488	27.865
15.33	15.33	0.113505	27.964
15.33	15.33	0.113521	28.065
15.33	15.33	0.113538	28.163
15.33	15.33	0.113555	28.264
15.33	15.34	0.113571	28.364
15.33	15.34	0.113588	28.464
15.33	15.34	0.113605	28.564
15.33	15.35	0.113621	28.664
15.33	15.35	0.113638	28.764
15.33	15.35	0.113655	28.864
15.35	15.36	0.113671	28.964
15.35	15.36	0.113688	29.064
15.35	15.36	0.113705	29.164
15.35	15.37	0.113721	29.264
15.35	15.37	0.113738	29.365
15.35	15.37	0.113754	29.464
15.35	15.38	0.113771	29.564
15.35	15.38	0.113788	29.664
15.38	15.38	0.113804	29.764
15.38	15.39	0.113821	29.864
15.38	15.39	0.113838	29.964
15.38	15.39	0.113854	30.064
15.38	15.40	0.113871	30.164
15.38	15.40	0.113888	30.265
15.38	15.40	0.113904	30.364
15.40	15.41	0.113921	30.464
15.40	15.41	0.113938	30.564
15.40	15.41	0.113954	30.664
15.40	15.42	0.113971	30.764
15.40	15.42	0.113988	30.864
15.43	15.42	0.114004	30.964
15.43	15.43	0.114021	31.064
15.43	15.43	0.114038	31.164
15.43	15.44	0.114054	31.264
15.43	15.44	0.114071	31.364
15.43	15.44	0.114088	31.464
15.45	15.45	0.114104	31.564
15.45	15.45	0.114121	31.664
15.45	15.45	0.114138	31.764
15.45	15.46	0.114154	31.865
15.45	15.46	0.114171	31.964
15.45	15.46	0.114188	32.064
15.45	15.47	0.114204	32.164
15.48	15.47	0.114221	32.264
15.48	15.47	0.114238	32.364
15.48	15.48	0.114254	32.464
15.48	15.48	0.114271	32.564
15.48	15.48	0.114288	32.664
15.48	15.49	0.114304	32.787
15.48	15.49	0.114321	32.887
15.48	15.49	0.114338	32.992
15.50	15.49	0.114354	33.087
15.50	15.50	0.114371	33.186
15.50	15.50	0.114388	33.290
15.50	15.50	0.114404	33.385
15.50	15.51	0.114421	33.484
15.50	15.51	0.114438	33.589
15.50	15.51	0.114454	33.683
15.50	15.51	0.114471	33.784
15.53	15.52	0.114488	33.888
15.53	15.52	0.114504	33.982
15.53	15.52	0.114521	34.085
15.53	15.52	0.114538	34.186
15.53	15.53	0.114554	34.281
15.53	15.53	0.114571	34.384
15.53	15.53	0.114587	34.485
15.53	15.53	0.114604	34.580
15.53	15.54	0.114621	34.684
15.53	15.54	0.114637	34.784
15.56	15.54	0.114654	34.878
15.56	15.54	0.114671	34.983
15.56	15.54	0.114687	35.082
15.56	15.55	0.114704	35.177
15.56	15.55	0.114721	35.281
15.56	15.55	0.114737	35.381
15.56	15.55	0.114754	35.476
15.56	15.55	0.114771	35.580
15.56	15.56	0.114787	35.675
15.56	15.56	0.114804	35.774
15.56	15.56	0.114821	35.879
15.56	15.56	0.114837	35.973
15.56	15.56	0.114854	36.073
15.56	15.56	0.114871	36.178
15.56	15.56	0.114887	36.272
15.56	15.56	0.114904	36.372
15.56	15.57	0.114921	36.476
15.56	15.57	0.114937	36.571
15.56	15.57	0.114954	36.670
15.56	15.57	0.114971	36.775
15.58	15.57	0.114987	36.869
15.58	15.57	0.115004	36.969
15.58	15.57	0.115021	37.074
15.58	15.57	0.115037	37.168
15.58	15.57	0.115054	37.268
15.58	15.57	0.115071	37.372
15.58	15.57	0.115087	37.467
15.58	15.57	0.115104	37.566
15.58	15.57	0.115121	37.671
15.58	15.57	0.115137	37.766
15.58	15.57	0.115154	37.866
15.58	15.57	0.115171	37.969
15.58	15.57	0.115187	38.065
15.58	15.57	0.115204	38.166
15.58	15.57	0.115221	38.268
15.58	15.57	0.115237	38.365
15.58	15.57	0.115254	38.467
15.58	15.57	0.115271	38.567
15.58	15.57	0.115287	38.665
15.58	15.57	0.115304	38.766
15.58	15.57	0.115321	38.865
15.58	15.57	0.115337	38.965
15.58	15.57	0.115354	39.065
15.58	15.57	0.115371	39.167
15.58	15.57	0.115387	39.266
15.58	15.57	0.115404	39.366
15.58	15.57	0.115420	39.466
15.58	15.57	0.115437	39.566
15.58	15.56	0.115454	39.666
15.58	15.56	0.115470	39.766
15.58	15.56	0.115487	39.866
15.58	15.56	0.115504	39.966
15.58	15.56	0.115520	40.067
15.58	15.56	0.115537	40.166
15.58	15.56	0.115554	40.266
15.58	15.56	0.115570	40.366
15.56	15.56	0.115587	40.466
15.56	15.55	0.115604	40.566
15.56	15.55	0.115620	40.666
15.56	15.55	0.115637	40.767
15.56	15.55	0.115654	40.867
15.56	15.55	0.115670	40.967
15.56	15.55	0.115687	41.067
15.56	15.55	0.115704	41.167
15.56	15.54	0.115720	41.267
15.56	15.54	0.115737	41.367
15.56	15.54	0.115754	41.467
15.56	15.54	0.115770	41.567
15.56	15.54	0.115787	41.668
15.56	15.54	0.115804	41.767
15.53	15.53	0.115820	41.867
15.53	15.53	0.115837	41.967
15.53	15.53	0.115854	42.067
15.53	15.53	0.115870	42.167
15.53	15.53	0.115887	42.267
15.53	15.53	0.115904	42.367
15.53	15.52	0.115920	42.467
15.53	15.52	0.115937	42.568
15.53	15.52	0.115954	42.667
15.53	15.52	0.115970	42.767
15.53	15.52	0.115987	42.867
15.53	15.52	0.116004	42.967
15.50	15.51	0.116020	43.091
15.50	15.51	0.116037	43.195
15.50	15.51	0.116054	43.290
15.50	15.51	0.116070	43.389
15.50	15.51	0.116087	43.494
15.50	15.51	0.116104	43.589
15.50	15.50	0.116120	43.690
15.50	15.50	0.116137	43.793
15.50	15.50	0.116154	43.887
15.50	15.50	0.116170	43.990
15.50	15.50	0.116187	44.092
15.50	15.50	0.116204	44.186
15.50	15.49	0.116220	44.290
15.50	15.49	0.116237	44.391
15.50	15.49	0.116253	44.485
15.50	15.49	0.116270	44.590
15.50	15.49	0.116287	44.689
15.50	15.49	0.116303	44.784
15.50	15.49	0.116320	44.888
15.50	15.48	0.116337	44.988
15.50	15.48	0.116353	45.082
15.48	15.48	0.116370	45.187
15.48	15.48	0.116387	45.280
15.48	15.48	0.116403	45.380
15.48	15.48	0.116420	45.485
15.48	15.48	0.116437	45.579
15.48	15.48	0.116453	45.679
15.48	15.48	0.116470	45.783
15.48	15.48	0.116487	45.878
15.48	15.47	0.116503	45.977
15.48	15.47	0.116520	46.083
15.48	15.47	0.116537	46.177
15.48	15.47	0.116553	46.276
15.48	15.47	0.116570	46.381
15.48	15.47	0.116587	46.475
15.48	15.47	0.116603	46.575
15.48	15.47	0.116620	46.679
15.48	15.47	0.116637	46.774
15.45	15.47	0.116653	46.873
15.45	15.47	0.116670	46.978
15.45	15.47	0.116687	47.073
15.45	15.47	0.116703	47.172
15.45	15.47	0.116720	47.277
15.45	15.47	0.116737	47.371
15.45	15.47	0.116753	47.472
15.45	15.47	0.116770	47.575
15.45	15.47	0.116787	47.670
15.45	15.47	0.116803	47.773
15.45	15.47	0.116820	47.874
15.45	15.47	0.116837	47.969
15.45	15.47	0.116853	48.072
15.45	15.47	0.116870	48.173
15.45	15.47	0.116887	48.268
15.45	15.47	0.116903	48.372
15.48	15.47	0.116920	48.471
15.48	15.47	0.116937	48.568
15.48	15.47	0.116953	48.671
15.48	15.48	0.116970	48.770
15.48	15.48	0.116987	48.868
15.48	15.48	0.117003	48.969
15.48	15.48	0.117020	49.069
15.48	15.48	0.117037	49.168
15.48	15.48	0.117053	49.268
15.48	15.48	0.117070	49.369
15.48	15.48	0.117086	49.468
15.48	15.48	0.117103	49.568
15.48	15.49	0.117120	49.669
15.48	15.49	0.117136	49.768
15.48	15.49	0.117153	49.868
15.48	15.49	0.117170	49.969
15.48	15.49	0.117186	50.068
15.48	15.50	0.117203	50.168
15.48	15.50	0.117220	50.269
15.48	15.50	0.117236	50.368
15.48	15.50	0.117253	50.468
15.50	15.50	0.117270	50.570
15.50	15.51	0.117286	50.668
15.50	15.51	0.117303	50.768
15.50	15.51	0.117320	50.869
15.50	15.51	0.117336	50.968
15.50	15.51	0.117353	51.069
15.50	15.52	0.117370	51.170
15.50	15.52	0.117386	51.268
15.50	15.52	0.117403	51.368
15.50	15.52	0.117420	51.470
15.50	15.53	0.117436	51.568
15.53	15.53	0.117453	51.668
15.53	15.53	0.117470	51.770
15.53	15.54	0.117486	51.868
15.53	15.54	0.117503	51.968
15.53	15.54	0.117520	52.070
15.53	15.54	0.117536	52.167
15.53	15.55	0.117553	52.267
15.53	15.55	0.117570	52.371
15.53	15.55	0.117586	52.468
15.53	15.56	0.117603	52.568
15.56	15.56	0.117620	52.670
15.56	15.56	0.117636	52.768
15.56	15.57	0.117653	52.868
15.56	15.57	0.117670	52.971
15.56	15.57	0.117686	53.068
15.56	15.58	0.117703	53.168
15.56	15.58	0.117720	53.271
15.58	15.58	0.117736	53.368
15.58	15.59	0.117753	53.468
15.58	15.59	0.117770	53.572
15.58	15.59	0.117786	53.668
15.58	15.60	0.117803	53.768
15.58	15.60	0.117820	53.871
15.58	15.60	0.117836	53.997
15.61	15.61	0.117853	54.091
15.61	15.61	0.117870	54.195
15.61	15.61	0.117886	54.295
15.61	15.62	0.117903	54.389
15.61	15.62	0.117919	54.494
15.61	15.62	0.117936	54.594
15.61	15.63	0.117953	54.688
15.63	15.63	0.117969	54.793
15.63	15.63	0.117986	54.892
15.63	15.64	0.118003	54.987
15.63	15.64	0.118019	55.091
15.63	15.65	0.118036	55.186
15.63	15.65	0.118053	55.285
15.63	15.65	0.118069	55.390
15.66	15.66	0.118086	55.485
15.66	15.66	0.118103	55.584
15.66	15.66	0.118119	55.689
15.66	15.67	0.118136	55.783
15.66	15.67	0.118153	55.883
15.66	15.67	0.118169	55.987
15.66	15.68	0.118186	56.082
15.68	15.68	0.118203	56.182
15.68	15.68	0.118219	56.286
15.68	15.69	0.118236	56.381
15.68	15.69	0.118253	56.480
15.68	15.69	0.118269	56.585
15.68	15.70	0.118286	56.679
15.68	15.70	0.118303	56.779
15.68	15.70	0.118319	56.883
15.71	15.70	0.118336	56.978
15.71	15.71	0.118353	57.078
15.71	15.71	0.118369	57.182
15.71	15.71	0.118386	57.277
15.71	15.72	0.118403	57.378
15.71	15.72	0.118419	57.481
15.71	15.72	0.118436	57.575
15.74	15.72	0.118453	57.678
15.74	15.73	0.118469	57.780
15.74	15.73	0.118486	57.874
15.74	15.73	0.118503	57.979
15.74	15.74	0.118519	58.078
15.74	15.74	0.118536	58.172
15.74	15.74	0.118553	58.276
15.74	15.74	0.118569	58.376
15.74	15.75	0.118586	58.470
15.74	15.75	0.118603	58.575
15.76	15.75	0.118619	58.675
15.76	15.75	0.118636	58.770
15.76	15.75	0.118653	58.875
15.76	15.76	0.118669	58.974
15.76	15.76	0.118686	59.070
15.76	15.76	0.118703	59.172
15.76	15.76	0.118719	59.274
15.76	15.76	0.118736	59.370
15.76	15.77	0.118752	59.472
15.76	15.77	0.118769	59.570
15.76	15.77	0.118786	59.670
15.76	15.77	0.118802	59.770
15.76	15.77	0.118819	59.870
15.79	15.77	0.118836	59.970
15.79	15.77	0.118852	00.070
15.79	15.78	0.118869	00.170
15.79	15.78	0.118886	00.270
15.79	15.78	0.118902	00.370
15.79	15.78	0.118919	00.470
15.79	15.78	0.118936	00.570
15.79	15.78	0.118952	00.670
15.79	15.78	0.118969	00.770
15.79	15.78	0.118986	00.871
15.79	15.78	0.119002	00.970
15.79	15.78	0.119019	01.070
15.79	15.78	0.119036	01.170
15.79	15.78	0.119052	01.270
15.79	15.79	0.119069	01.370
15.79	15.79	0.119086	01.470
15.79	15.79	0.119102	01.571
15.79	15.79	0.119119	01.671
15.79	15.79	0.119136	01.771
15.79	15.79	0.119152	01.871
15.79	15.79	0.119169	01.971
15.79	15.79	0.119186	02.071
15.81	15.79	0.119202	02.171
15.81	15.79	0.119219	02.271
15.81	15.79	0.119236	02.371
15.81	15.79	0.119252	02.471
15.81	15.79	0.119269	02.571
15.81	15.79	0.119286	02.671
15.81	15.78	0.119302	02.771
15.81	15.78	0.119319	02.871
15.81	15.78	0.119336	02.971
15.81	15.78	0.119352	03.071
15.81	15.78	0.119369	03.171
15.81	15.78	0.119386	03.271
15.79	15.78	0.119402	03.372
15.79	15.78	0.119419	03.471
15.79	15.78	0.119436	03.571
15.79	15.78	0.119452	03.671
15.79	15.78	0.119469	03.771
15.79	15.78	0.119486	03.871
15.79	15.78	0.119502	03.971
15.79	15.77	0.119519	04.100
15.79	15.77	0.119536	04.170
15.79	15.77	0.119552	04.270
15.76	15.77	0.119569	04.399
15.76	15.77	0.119585	04.499
15.76	15.77	0.119602	04.593
15.76	15.77	0.119619	04.698
15.76	15.77	0.119635	04.792
15.76	15.76	0.119652	04.892
15.76	15.76	0.119669	04.996
15.76	15.76	0.119685	05.091
15.76	15.76	0.119702	05.191
15.76	15.76	0.119719	05.295
15.76	15.76	0.119735	05.390
15.76	15.75	0.119752	05.489
15.76	15.75	0.119769	05.594
15.76	15.75	0.119785	05.688
15.76	15.75	0.119802	05.788
15.76	15.75	0.119819	05.892
15.76	15.75	0.119835	05.987
15.76	15.74	0.119852	06.087
15.76	15.74	0.119869	06.191
15.76	15.74	0.119885	06.286
15.76	15.74	0.119902	06.385
15.76	15.74	0.119919	06.490
15.76	15.74	0.119935	06.585
15.74	15.73	0.119952	06.684
15.74	15.73	0.119969	06.789
15.74	15.73	0.119985	06.883
15.74	15.73	0.120002	06.984
15.74	15.73	0.120019	07.087
15.74	15.73	0.120035	07.182
15.74	15.72	0.120052	07.284
15.74	15.72	0.120069	07.386
15.74	15.72	0.120085	07.481
15.71	15.72	0.120102	07.584
15.71	15.72	0.120119	07.684
15.71	15.72	0.120135	07.778
15.71	15.71	0.120152	07.884
15.71	15.71	0.120169	07.982
15.71	15.71	0.120185	08.077
15.71	15.71	0.120202	08.181
15.71	15.71	0.120219	08.281
15.71	15.71	0.120235	08.376
15.71	15.70	0.120252	08.480
15.68	15.70	0.120269	08.575
15.68	15.70	0.120285	08.674
15.68	15.70	0.120302	08.779
15.68	15.70	0.120319	08.873
15.68	15.70	0.120335	08.973
15.68	15.70	0.120352	09.078
15.68	15.70	0.120369	09.172
15.68	15.69	0.120385	09.272
15.68	15.69	0.120402	09.377
15.68	15.69	0.120418	09.472
15.68	15.69	0.120435	09.572
15.68	15.69	0.120452	09.674
15.68	15.69	0.120468	09.772
15.68	15.69	0.120485	09.872
15.68	15.69	0.120502	09.973
15.68	15.69	0.120518	10.072
15.68	15.69	0.120535	10.172
15.68	15.69	0.120552	10.272
15.68	15.68	0.120568	10.372
15.71	15.68	0.120585	10.472
15.71	15.68	0.120602	10.573
15.71	15.68	0.120618	10.672
15.71	15.68	0.120635	10.772
15.71	15.68	0.120652	10.872
15.71	15.68	0.120668	10.972
15.71	15.68	0.120685	11.072
15.68	15.68	0.120702	11.172
15.68	15.68	0.120718	11.272
15.68	15.68	0.120735	11.372
15.68	15.68	0.120752	11.472
15.68	15.68	0.120768	11.572
15.68	15.68	0.120785	11.672
15.68	15.68	0.120802	11.772
15.68	15.68	0.120818	11.872
15.68	15.68	0.120835	11.972
15.68	15.68	0.120852	12.072
15.68	15.68	0.120868	12.172
15.68	15.68	0.120885	12.272
15.66	15.69	0.120902	12.372
15.66	15.69	0.120918	12.472
15.66	15.69	0.120935	12.572
15.66	15.69	0.120952	12.672
15.66	15.69	0.120968	12.772
15.66	15.69	0.120985	12.872
15.66	15.69	0.121002	12.972
15.66	15.69	0.121018	13.073
15.66	15.69	0.121035	13.172
15.68	15.69	0.121052	13.272
15.68	15.70	0.121068	13.372
15.68	15.70	0.121085	13.472
15.68	15.70	0.121102	13.572
15.68	15.70	0.121118	13.672
15.68	15.70	0.121135	13.772
15.68	15.70	0.121152	13.872
15.68	15.70	0.121168	13.972
15.71	15.71	0.121185	14.072
15.71	15.71	0.121202	14.172
15.71	15.71	0.121218	14.272
15.71	15.71	0.121235	14.372
15.71	15.71	0.121251	14.472
15.71	15.72	0.121268	14.572
15.71	15.72	0.121285	14.672
15.71	15.72	0.121301	14.772
15.71	15.72	0.121318	14.872
15.71	15.73	0.121335	14.972
15.74	15.73	0.121351	15.096
15.74	15.73	0.121368	15.200
15.74	15.73	0.121385	15.294
15.74	15.74	0.121401	15.394
15.74	15.74	0.121418	15.498
15.74	15.74	0.121435	15.593
15.74	15.74	0.121451	15.693
15.74	15.75	0.121468	15.797
15.74	15.75	0.121485	15.892
15.74	15.75	0.121501	15.991
15.74	15.75	0.121518	16.096
15.74	15.76	0.121535	16.190
15.74	15.76	0.121551	16.290
15.74	15.76	0.121568	16.394
15.76	15.77	0.121585	16.489
15.76	15.77	0.121601	16.590
15.76	15.77	0.121618	16.693
15.76	15.78	0.121635	16.788
15.76	15.78	0.121651	16.889
15.76	15.78	0.121668	16.992
15.76	15.79	0.121685	17.087
15.76	15.79	0.121701	17.189
15.76	15.79	0.121718	17.291
15.79	15.80	0.121735	17.385
15.79	15.80	0.121751	17.490
15.79	15.80	0.121768	17.589
15.79	15.81	0.121785	17.684
15.79	15.81	0.121801	17.789
15.79	15.81	0.121818	17.888
15.81	15.82	0.121835	17.983
15.81	15.82	0.121851	18.087
15.81	15.82	0.121868	18.186
15.81	15.83	0.121885	18.281
15.81	15.83	0.121901	18.385
15.81	15.83	0.121918	18.480
15.84	15.84	0.121935	18.579
15.84	15.84	0.121951	18.684
15.84	15.84	0.121968	18.778
15.84	15.85	0.121985	18.878
15.84	15.85	0.122001	18.982
15.84	15.85	0.122018	19.077
15.86	15.86	0.122035	19.176
15.86	15.86	0.122051	19.281
15.86	15.87	0.122068	19.376
15.86	15.87	0.122084	19.475
15.86	15.87	0.122101	19.580
15.86	15.88	0.122118	19.674
15.86	15.88	0.122134	19.774
15.89	15.88	0.122151	19.878
15.89	15.89	0.122168	19.973
15.89	15.89	0.122184	20.073
15.89	15.89	0.122201	20.177
15.89	15.90	0.122218	20.272
15.89	15.90	0.122234	20.372
15.89	15.90	0.122251	20.476
15.92	15.91	0.122268	20.572
15.92	15.91	0.122284	20.672
15.92	15.91	0.122301	20.774
15.92	15.91	0.122318	20.872
15.92	15.92	0.122334	20.972
15.92	15.92	0.122351	21.073
15.92	15.92	0.122368	21.173
15.94	15.93	0.122384	21.273
15.94	15.93	0.122401	21.373
15.94	15.93	0.122418	21.473
15.94	15.94	0.122434	21.573
15.94	15.94	0.122451	21.673
15.94	15.94	0.122468	21.773
15.94	15.94	0.122484	21.873
15.94	15.95	0.122501	21.973
15.94	15.95	0.122518	22.073
15.94	15.95	0.122534	22.173
15.94	15.95	0.122551	22.273
15.94	15.96	0.122568	22.373
15.97	15.96	0.122584	22.473
15.97	15.96	0.122601	22.574
15.97	15.96	0.122618	22.673
15.97	15.97	0.122634	22.773
15.97	15.97	0.122651	22.873
15.97	15.97	0.122668	22.973
15.97	15.97	0.122684	23.073
15.97	15.97	0.122701	23.173
15.97	15.98	0.122718	23.273
15.97	15.98	0.122734	23.373
15.99	15.98	0.122751	23.473
15.99	15.98	0.122768	23.573
15.99	15.98	0.122784	23.674
15.99	15.98	0.122801	23.774
15.99	15.98	0.122818	23.874
15.99	15.99	0.122834	23.974
15.99	15.99	0.122851	24.074
15.99	15.99	0.122868	24.174
15.99	15.99	0.122884	24.274
15.99	15.99	0.122901	24.374
15.99	15.99	0.122917	24.474
15.99	15.99	0.122934	24.574
15.99	15.99	0.122951	24.674
15.99	16.00	0.122967	24.774
15.99	16.00	0.122984	24.874
15.99	16.00	0.123001	24.974
16.02	16.00	0.123017	25.075
16.02	16.00	0.123034	25.174
16.02	16.00	0.123051	25.274
16.02	16.00	0.123067	25.374
16.02	16.00	0.123084	25.474
16.02	16.00	0.123101	25.598
16.02	16.00	0.123117	25.703
16.02	16.00	0.123134	25.797
16.02	16.00	0.123151	25.897
16.02	16.00	0.123167	26.001
16.02	16.00	0.123184	26.096
16.02	16.00	0.123201	26.196
16.02	16.00	0.123217	26.300
16.02	16.00	0.123234	26.394
16.02	16.00	0.123251	26.495
16.02	16.00	0.123267	26.599
16.02	16.00	0.123284	26.693
16.02	16.00	0.123301	26.796
15.99	16.00	0.123317	26.897
15.99	16.00	0.123334	26.991
15.99	16.00	0.123351	27.095
15.99	16.00	0.123367	27.195
15.99	16.00	0.123384	27.290
15.99	15.99	0.123401	27.394
15.99	15.99	0.123417	27.494
15.99	15.99	0.123434	27.588
15.99	15.99	0.123451	27.693
15.99	15.99	0.123467	27.792
15.99	15.99	0.123484	27.887
15.99	15.99	0.123501	27.992
15.99	15.99	0.123517	28.086
15.99	15.99	0.123534	28.186
15.99	15.99	0.123551	28.290
15.99	15.98	0.123567	28.385
15.99	15.98	0.123584	28.484
15.99	15.98	0.123601	28.589
15.99	15.98	0.123617	28.683
15.99	15.98	0.123634	28.783
15.99	15.98	0.123651	28.888
15.99	15.98	0.123667	28.982
15.99	15.97	0.123684	29.082
15.99	15.97	0.123701	29.186
15.99	15.97	0.123717	29.281
15.99	15.97	0.123734	29.380
15.99	15.97	0.123750	29.485
15.99	15.97	0.123767	29.580
15.99	15.96	0.123784	29.679
15.99	15.96	0.123800	29.784
15.99	15.96	0.123817	29.878
15.99	15.96	0.123834	29.978
15.99	15.96	0.123850	30.082
15.97	15.96	0.123867	30.177
15.97	15.95	0.123884	30.278
15.97	15.95	0.123900	30.381
15.97	15.95	0.123917	30.476
15.97	15.95	0.123934	30.577
15.97	15.95	0.123950	30.680
15.97	15.95	0.123967	30.774
15.94	15.94	0.123984	30.878
15.94	15.94	0.124000	30.978
15.94	15.94	0.124017	31.074
15.94	15.94	0.124034	31.178
15.94	15.94	0.124050	31.277
15.94	15.94	0.124067	31.374
15.94	15.93	0.124084	31.476
15.94	15.93	0.124100	31.576
15.92	15.93	0.124117	31.674
15.92	15.93	0.124134	31.775
15.92	15.93	0.124150	31.874
15.92	15.93	0.124167	31.974
15.92	15.92	0.124184	32.074
15.92	15.92	0.124200	32.174
15.92	15.92	0.124217	32.274
15.92	15.92	0.124234	32.374
15.92	15.92	0.124250	32.474
15.92	15.92	0.124267	32.574
15.92	15.92	0.124284	32.674
15.92	15.91	0.124300	32.775
15.92	15.91	0.124317	32.874
15.92	15.91	0.124334	32.975
15.92	15.91	0.124350	33.075
15.92	15.91	0.124367	33.175
15.92	15.91	0.124384	33.275
15.92	15.91	0.124400	33.375
15.92	15.91	0.124417	33.475
15.89	15.90	0.124434	33.575
15.89	15.90	0.124450	33.676
15.89	15.90	0.124467	33.775
15.89	15.90	0.124484	33.875
15.89	15.90	0.124500	33.975
15.89	15.90	0.124517	34.075
15.89	15.90	0.124534	34.175
15.89	15.90	0.124550	34.275
15.89	15.90	0.124567	34.376
15.89	15.90	0.124583	34.475
15.89	15.90	0.124600	34.576
15.89	15.90	0.124617	34.675
15.89	15.90	0.124633	34.775
15.89	15.90	0.124650	34.875
15.89	15.90	0.124667	35.010
15.89	15.90	0.124683	35.104
15.89	15.90	0.124700	35.204
15.89	15.90	0.124717	35.308
15.89	15.90	0.124733	35.403
15.89	15.90	0.124750	35.503
15.89	15.90	0.124767	35.608
15.89	15.90	0.124783	35.701
15.89	15.90	0.124800	35.802
15.89	15.90	0.124817	35.905
15.89	15.90	0.124833	36.000
15.89	15.90	0.124850	36.101
15.89	15.90	0.124867	36.205
15.89	15.90	0.124883	36.299
15.89	15.90	0.124900	36.401
15.89	15.90	0.124917	36.503
15.89	15.90	0.124933	36.598
15.89	15.90	0.124950	36.702
15.89	15.90	0.124967	36.802
15.89	15.90	0.124983	36.897
15.89	15.90	0.125000	37.001
15.89	15.90	0.125017	37.101
15.89	15.91	0.125033	37.195
15.89	15.91	0.125050	37.300
15.92	15.91	0.125067	37.399
15.92	15.91	0.125083	37.493
15.92	15.91	0.125100	37.598
15.92	15.91	0.125117	37.697
15.92	15.91	0.125133	37.792
15.92	15.92	0.125150	37.897
15.92	15.92	0.125167	37.991
15.92	15.92	0.125183	38.091
15.92	15.92	0.125200	38.195
15.92	15.92	0.125217	38.290
15.92	15.93	0.125233	38.389
15.92	15.93	0.125250	38.494
15.92	15.93	0.125267	38.589
15.92	15.93	0.125283	38.688
15.92	15.93	0.125300	38.793
15.92	15.94	0.125317	38.887
15.92	15.94	0.125333	38.987
15.92	15.94	0.125350	39.091
15.92	15.94	0.125367	39.186
15.92	15.95	0.125383	39.286
15.92	15.95	0.125400	39.390
15.92	15.95	0.125416	39.485
15.92	15.95	0.125433	39.584
15.92	15.96	0.125450	39.689
15.94	15.96	0.125466	39.783
15.94	15.96	0.125483	39.883
15.94	15.97	0.125500	39.987
15.94	15.97	0.125516	40.082
15.94	15.97	0.125533	40.184
15.94	15.97	0.125550	40.286
15.97	15.98	0.125566	40.381
15.97	15.98	0.125583	40.483
15.97	15.98	0.125600	40.585
15.97	15.99	0.125616	40.681
15.97	15.99	0.125633	40.784
15.99	15.99	0.125650	40.884
15.99	16.00	0.125666	40.981
15.99	16.00	0.125683	41.083
15.99	16.00	0.125700	41.181
15.99	16.01	0.125716	41.281
15.99	16.01	0.125733	41.381
16.02	16.01	0.125750	41.481
16.02	16.02	0.125766	41.581
16.02	16.02	0.125783	41.681
16.02	16.02	0.125800	41.782
16.02	16.03	0.125816	41.881
16.02	16.03	0.125833	41.981
16.02	16.03	0.125850	42.081
16.04	16.04	0.125866	42.181
16.04	16.04	0.125883	42.281
16.04	16.04	0.125900	42.381
16.04	16.05	0.125916	42.481
16.04	16.05	0.125933	42.581
16.04	16.05	0.125950	42.681
16.04	16.06	0.125966	42.781
16.04	16.06	0.125983	42.881
16.04	16.06	0.126000	42.981
16.07	16.07	0.126016	43.081
16.07	16.07	0.126033	43.181
16.07	16.08	0.126050	43.281
16.07	16.08	0.126066	43.382
16.07	16.08	0.126083	43.481
16.07	16.09	0.126100	43.581
16.07	16.09	0.126116	43.681
16.09	16.09	0.126133	43.781
16.09	16.10	0.126150	43.881
16.09	16.10	0.126166	43.981
16.09	16.10	0.126183	44.081
16.09	16.11	0.126200	44.182
16.09	16.11	0.126216	44.281
16.09	16.11	0.126233	44.381
16.12	16.12	0.126249	44.481
16.12	16.12	0.126266	44.581
16.12	16.12	0.126283	44.681
16.12	16.13	0.126299	44.782
16.12	16.13	0.126316	44.881
16.12	16.13	0.126333	44.981
16.15	16.13	0.126349	45.082
16.15	16.14	0.126366	45.181
16.15	16.14	0.126383	45.281
16.15	16.14	0.126399	45.382
16.15	16.15	0.126416	45.481
16.15	16.15	0.126433	45.581
16.15	16.15	0.126449	45.682
16.15	16.15	0.126466	45.782
16.15	16.16	0.126483	45.881
16.17	16.16	0.126499	45.983
16.17	16.16	0.126516	46.110
16.17	16.16	0.126533	46.205
16.17	16.17	0.126549	46.282
16.17	16.17	0.126566	46.408
16.17	16.17	0.126583	46.502
16.17	16.17	0.126599	46.583
16.17	16.18	0.126616	46.706
16.17	16.18	0.126633	46.801
16.17	16.18	0.126649	46.906
16.20	16.18	0.126666	47.005
16.20	16.18	0.126683	47.100
16.20	16.19	0.126699	47.205
16.20	16.19	0.126716	47.304
16.20	16.19	0.126733	47.399
16.20	16.19	0.126749	47.503
16.20	16.19	0.126766	47.598
16.20	16.20	0.126783	47.698
16.20	16.20	0.126799	47.802
16.20	16.20	0.126816	47.896
16.20	16.20	0.126833	47.995
16.20	16.20	0.126849	48.100
16.20	16.20	0.126866	48.195
16.20	16.20	0.126883	48.295
16.20	16.20	0.126899	48.399
16.20	16.21	0.126916	48.493
16.20	16.21	0.126933	48.593
16.22	16.21	0.126949	48.698
16.22	16.21	0.126966	48.792
16.22	16.21	0.126983	48.892
16.22	16.21	0.126999	48.996
16.22	16.21	0.127016	49.091
16.22	16.21	0.127033	49.190
16.22	16.21	0.127049	49.295
16.22	16.21	0.127066	49.389
16.22	16.21	0.127082	49.489
16.22	16.21	0.127099	49.593
16.22	16.21	0.127116	49.688
16.22	16.21	0.127132	49.789
16.22	16.21	0.127149	49.893
16.22	16.21	0.127166	49.987
16.22	16.21	0.127182	50.089
16.22	16.21	0.127199	50.191
16.22	16.21	0.127216	50.286
16.22	16.21	0.127232	50.389
16.22	16.21	0.127249	50.490
16.22	16.21	0.127266	50.584
16.22	16.21	0.127282	50.688
16.22	16.21	0.127299	50.788
16.22	16.21	0.127316	50.882
16.22	16.21	0.127332	50.987
16.22	16.21	0.127349	51.086
16.22	16.21	0.127366	51.181
16.22	16.21	0.127382	51.285
16.22	16.21	0.127399	51.386
16.22	16.21	0.127416	51.481
16.22	16.21	0.127432	51.584
16.22	16.20	0.127449	51.681
16.22	16.20	0.127466	51.781
16.22	16.20	0.127482	51.883
16.22	16.20	0.127499	51.986
16.22	16.20	0.127516	52.081
16.22	16.20	0.127532	52.182
16.22	16.20	0.127549	52.281
16.22	16.20	0.127566	52.381
16.22	16.20	0.127582	52.481
16.22	16.19	0.127599	52.581
16.20	16.19	0.127616	52.681
16.20	16.19	0.127632	52.781
16.20	16.19	0.127649	52.881
16.20	16.19	0.127666	52.982
16.20	16.19	0.127682	53.081
16.20	16.19	0.127699	53.181
16.20	16.18	0.127716	53.281
16.20	16.18	0.127732	53.381
16.20	16.18	0.127749	53.481
16.20	16.18	0.127766	53.581
16.20	16.18	0.127782	53.681
16.17	16.18	0.127799	53.781
16.17	16.17	0.127816	53.881
16.17	16.17	0.127832	53.981
16.17	16.17	0.127849	54.082
16.17	16.17	0.127866	54.182
16.17	16.17	0.127882	54.282
16.17	16.17	0.127899	54.382
16.17	16.16	0.127915	54.482
16.17	16.16	0.127932	54.582
16.17	16.16	0.127949	54.682
16.17	16.16	0.127965	54.782
16.17	16.16	0.127982	54.882
16.17	16.16	0.127999	54.982
16.15	16.15	0.128015	55.082
16.15	16.15	0.128032	55.182
16.15	16.15	0.128049	55.282
16.15	16.15	0.128065	55.382
16.15	16.15	0.128082	55.483
16.15	16.15	0.128099	55.582
16.15	16.14	0.128115	55.682
16.15	16.14	0.128132	55.782
16.15	16.14	0.128149	55.882
16.15	16.14	0.128165	55.982
16.15	16.14	0.128182	56.082
16.15	16.14	0.128199	56.182
16.15	16.13	0.128215	56.282
16.15	16.13	0.128232	56.383
16.15	16.13	0.128249	56.482
16.15	16.13	0.128265	56.582
16.12	16.13	0.128282	56.682
16.12	16.13	0.128299	56.811
16.12	16.13	0.128315	56.911
16.12	16.12	0.128332	57.005
16.12	16.12	0.128349	57.110
16.12	16.12	0.128365	57.209
16.12	16.12	0.128382	57.304
16.12	16.12	0.128399	57.409
16.12	16.12	0.128415	57.503
16.12	16.12	0.128432	57.602
16.12	16.12	0.128449	57.706
16.09	16.12	0.128465	57.802
16.09	16.12	0.128482	57.900
16.09	16.11	0.128499	58.006
16.09	16.11	0.128515	58.099
16.09	16.11	0.128532	58.199
16.09	16.11	0.128549	58.304
16.09	16.11	0.128565	58.398
16.09	16.11	0.128582	58.498
16.09	16.11	0.128599	58.602
16.09	16.11	0.128615	58.697
16.09	16.11	0.128632	58.797
16.09	16.11	0.128649	58.901
16.09	16.11	0.128665	58.996
16.09	16.11	0.128682	59.096
16.12	16.11	0.128699	59.200
16.12	16.11	0.128715	59.295
16.12	16.11	0.128732	59.395
16.12	16.11	0.128748	59.499
16.12	16.11	0.128765	59.593
16.12	16.11	0.128782	59.695
16.12	16.11	0.128798	59.797
16.12	16.11	0.128815	59.892
16.12	16.11	0.128832	59.995
16.12	16.11	0.128848	00.096
16.12	16.11	0.128865	00.191
16.12	16.11	0.128882	00.295
16.12	16.11	0.128898	00.395
16.12	16.11	0.128915	00.489
16.12	16.11	0.128932	00.594
16.12	16.11	0.128948	00.693
16.12	16.12	0.128965	00.788
16.12	16.12	0.128982	00.893
16.12	16.12	0.128998	00.992
16.12	16.12	0.129015	01.087
16.09	16.12	0.129032	01.191
16.09	16.12	0.129048	01.286
16.09	16.12	0.129065	01.385
16.09	16.12	0.129082	01.489
16.09	16.12	0.129098	01.583
16.09	16.13	0.129115	01.683
16.09	16.13	0.129132	01.788
16.09	16.13	0.129148	01.882
16.12	16.13	0.129165	01.983
16.12	16.13	0.129182	02.087
16.12	16.14	0.129198	02.182
16.12	16.14	0.129215	02.282
16.12	16.14	0.129232	02.385
16.12	16.14	0.129248	02.483
16.12	16.14	0.129265	02.582
16.12	16.15	0.129282	02.684
16.15	16.15	0.129298	02.782
16.15	16.15	0.129315	02.882
16.15	16.15	0.129332	02.982
16.15	16.15	0.129348	03.081
16.15	16.16	0.129365	03.181
16.15	16.16	0.129382	03.281
16.15	16.16	0.129398	03.383
16.15	16.16	0.129415	03.482
16.15	16.17	0.129432	03.582
16.17	16.17	0.129448	03.682
16.17	16.17	0.129465	03.782
16.17	16.18	0.129482	03.882
16.17	16.18	0.129498	03.982
16.17	16.18	0.129515	04.082
16.17	16.18	0.129532	04.182
16.17	16.19	0.129548	04.282
16.17	16.19	0.129565	04.382
16.17	16.19	0.129581	04.482
16.20	16.20	0.129598	04.582
16.20	16.20	0.129615	04.682
16.20	16.20	0.129631	04.782
16.20	16.21	0.129648	04.882
16.20	16.21	0.129665	04.983
16.20	16.21	0.129681	05.082
16.20	16.22	0.129698	05.183
16.20	16.22	0.129715	05.283
16.20	16.22	0.129731	05.383
16.22	16.23	0.129748	05.483
16.22	16.23	0.129765	05.583
16.22	16.23	0.129781	05.683
16.22	16.24	0.129798	05.783
16.22	16.24	0.129815	05.883
16.22	16.24	0.129831	05.983
16.22	16.25	0.129848	06.083
16.22	16.25	0.129865	06.183
16.25	16.25	0.129881	06.283
16.25	16.26	0.129898	06.383
16.25	16.26	0.129915	06.483
16.25	16.26	0.129931	06.584
16.25	16.27	0.129948	06.683
16.25	16.27	0.129965	06.783
16.27	16.27	0.129981	06.883
16.27	16.28	0.129998	06.983
16.27	16.28	0.130015	07.083
16.27	16.29	0.130031	07.183
16.27	16.29	0.130048	07.283
16.27	16.29	0.130065	07.383
16.30	16.30	0.130081	07.483
16.30	16.30	0.130098	07.612
16.30	16.30	0.130115	07.707
16.30	16.31	0.130131	07.806
16.30	16.31	0.130148	07.911
16.33	16.31	0.130165	08.005
16.33	16.32	0.130181	08.105
16.33	16.32	0.130198	08.209
16.33	16.32	0.130215	08.304
16.33	16.33	0.130231	08.404
16.33	16.33	0.130248	08.508
16.33	16.33	0.130265	08.603
16.33	16.34	0.130281	08.702
16.35	16.34	0.130298	08.806
16.35	16.34	0.130315	08.901
16.35	16.34	0.130331	09.000
16.35	16.35	0.130348	09.105
16.35	16.35	0.130365	09.200
16.35	16.35	0.130381	09.301
16.35	16.36	0.130398	09.403
16.35	16.36	0.130414	09.498
16.35	16.36	0.130431	09.601
16.35	16.36	0.130448	09.702
16.35	16.37	0.130464	09.796
16.35	16.37	0.130481	09.901
16.35	16.37	0.130498	10.001
16.38	16.38	0.130514	10.095
16.38	16.38	0.130531	10.200
16.38	16.38	0.130548	10.299
16.38	16.38	0.130564	10.394
16.38	16.39	0.130581	10.498
16.38	16.39	0.130598	10.598
16.38	16.39	0.130614	10.692
16.38	16.39	0.130631	10.797
16.38	16.39	0.130648	10.892
16.40	16.40	0.130664	10.991
16.40	16.40	0.130681	11.096
16.40	16.40	0.130698	11.190
16.40	16.40	0.130714	11.290
16.40	16.40	0.130731	11.394
16.40	16.41	0.130748	11.489
16.40	16.41	0.130764	11.589
16.43	16.41	0.130781	11.693
16.43	16.41	0.130798	11.788
16.43	16.41	0.130814	11.887
16.43	16.41	0.130831	11.992
16.43	16.41	0.130848	12.086
16.43	16.42	0.130864	12.186
16.43	16.42	0.130881	12.290
16.43	16.42	0.130898	12.385
16.43	16.42	0.130914	12.485
16.43	16.42	0.130931	12.589
16.43	16.42	0.130948	12.684
16.43	16.42	0.130964	12.783
16.43	16.42	0.130981	12.888
16.43	16.42	0.130998	12.984
16.43	16.42	0.131014	13.083
16.43	16.42	0.131031	13.187
16.43	16.42	0.131048	13.283
16.43	16.43	0.131064	13.383
16.43	16.43	0.131081	13.485
16.43	16.43	0.131098	13.583
16.43	16.43	0.131114	13.683
16.43	16.43	0.131131	13.783
16.43	16.43	0.131148	13.883
16.43	16.43	0.131164	13.983
16.43	16.43	0.131181	14.083
16.45	16.43	0.131198	14.183
16.45	16.43	0.131214	14.283
16.45	16.43	0.131231	14.383
16.45	16.43	0.131247	14.483
16.45	16.43	0.131264	14.584
16.45	16.43	0.131281	14.683
16.45	16.42	0.131297	14.783
16.45	16.42	0.131314	14.883
16.45	16.42	0.131331	14.983
16.45	16.42	0.131347	15.083
16.45	16.42	0.131364	15.183
16.43	16.42	0.131381	15.284
16.43	16.42	0.131397	15.384
16.43	16.42	0.131414	15.484
16.43	16.42	0.131431	15.584
16.43	16.42	0.131447	15.684
16.43	16.42	0.131464	15.784
16.43	16.42	0.131481	15.884
16.43	16.42	0.131497	15.984
16.43	16.41	0.131514	16.084
16.43	16.41	0.131531	16.184
16.43	16.41	0.131547	16.284
16.43	16.41	0.131564	16.384
16.40	16.41	0.131581	16.484
16.40	16.41	0.131597	16.584
16.40	16.41	0.131614	16.684
16.40	16.41	0.131631	16.784
16.40	16.40	0.131647	16.884
16.40	16.40	0.131664	16.984
16.40	16.40	0.131681	17.085
16.40	16.40	0.131697	17.184
16.40	16.40	0.131714	17.284
16.40	16.40	0.131731	17.384
16.40	16.39	0.131747	17.484
16.40	16.39	0.131764	17.584
16.40	16.39	0.131781	17.684
16.40	16.39	0.131797	17.784
16.40	16.39	0.131814	17.884
16.40	16.39	0.131831	17.984
16.40	16.38	0.131847	18.084
16.40	16.38	0.131864	18.184
16.40	16.38	0.131881	18.283
16.40	16.38	0.131897	18.383
16.38	16.38	0.131914	18.507
16.38	16.38	0.131931	18.607
16.38	16.37	0.131947	18.711
16.38	16.37	0.131964	18.806
16.38	16.37	0.131981	18.907
16.38	16.37	0.131997	19.010
16.38	16.37	0.132014	19.105
16.38	16.37	0.132031	19.207
16.38	16.36	0.132047	19.309
16.38	16.36	0.132064	19.403
16.38	16.36	0.132080	19.507
16.38	16.36	0.132097	19.607
16.35	16.36	0.132114	19.702
16.35	16.36	0.132130	19.807
16.35	16.35	0.132147	19.906
16.35	16.35	0.132164	20.001
16.35	16.35	0.132180	20.105
16.35	16.35	0.132197	20.205
16.35	16.35	0.132214	20.300
16.35	16.35	0.132230	20.403
16.35	16.34	0.132247	20.504
16.35	16.34	0.132264	20.598
16.35	16.34	0.132280	20.703
16.35	16.34	0.132297	20.796
16.35	16.34	0.132314	20.897
16.33	16.34	0.132330	21.000
16.33	16.34	0.132347	21.095
16.33	16.34	0.132364	21.195
16.33	16.33	0.132380	21.299
16.33	16.33	0.132397	21.394
16.33	16.33	0.132414	21.493
16.33	16.33	0.132430	21.598
16.33	16.33	0.132447	21.692
16.33	16.33	0.132464	21.792
16.33	16.33	0.132480	21.897
16.33	16.33	0.132497	21.991
16.33	16.33	0.132514	22.091
16.33	16.33	0.132530	22.195
16.33	16.33	0.132547	22.290
16.33	16.32	0.132564	22.389
16.33	16.32	0.132580	22.494
16.33	16.32	0.132597	22.589
16.33	16.32	0.132614	22.689
16.33	16.32	0.132630	22.793
16.30	16.32	0.132647	22.887
16.30	16.32	0.132664	22.989
16.30	16.32	0.132680	23.091
16.30	16.32	0.132697	23.186
16.30	16.32	0.132714	23.288
16.30	16.32	0.132730	23.390
16.30	16.32	0.132747	23.485
16.30	16.32	0.132764	23.589
16.30	16.32	0.132780	23.689
16.30	16.32	0.132797	23.785
16.30	16.32	0.132814	23.888
16.30	16.32	0.132830	23.987
16.30	16.32	0.132847	24.085
16.30	16.32	0.132864	24.187
16.30	16.32	0.132880	24.286
16.33	16.33	0.132897	24.385
16.33	16.33	0.132913	24.485
16.33	16.33	0.132930	24.586
16.33	16.33	0.132947	24.685
16.33	16.33	0.132963	24.785
16.33	16.33	0.132980	24.885
16.33	16.33	0.132997	24.985
16.33	16.33	0.133013	25.086
16.33	16.33	0.133030	25.186
16.33	16.33	0.133047	25.285
16.33	16.34	0.133063	25.385
16.33	16.34	0.133080	25.486
16.33	16.34	0.133097	25.585
16.33	16.34	0.133113	25.685
16.33	16.34	0.133130	25.786
16.33	16.34	0.133147	25.885
16.33	16.34	0.133163	25.985
16.33	16.35	0.133180	26.086
16.33	16.35	0.133197	26.185
16.33	16.35	0.133213	26.285
16.33	16.35	0.133230	26.387
16.33	16.35	0.133247	26.485
16.33	16.36	0.133263	26.585
16.35	16.36	0.133280	26.687
16.35	16.36	0.133297	26.785
16.35	16.36	0.133313	26.885
16.35	16.37	0.133330	26.987
16.35	16.37	0.133347	27.085
16.35	16.37	0.133363	27.185
16.35	16.37	0.133380	27.287
16.35	16.38	0.133397	27.385
16.35	16.38	0.133413	27.485
16.38	16.38	0.133430	27.587
16.38	16.38	0.133447	27.685
16.38	16.39	0.133463	27.785
16.38	16.39	0.133480	27.888
16.38	16.39	0.133497	27.985
16.38	16.39	0.133513	28.085
16.38	16.40	0.133530	28.187
16.38	16.40	0.133547	28.285
16.40	16.40	0.133563	28.385
16.40	16.41	0.133580	28.488
16.40	16.41	0.133597	28.585
16.40	16.41	0.133613	28.685
16.40	16.42	0.133630	28.788
16.40	16.42	0.133647	28.885
16.40	16.42	0.133663	28.985
16.43	16.43	0.133680	29.088
16.43	16.43	0.133697	29.214
16.43	16.43	0.133713	29.308
16.43	16.44	0.133730	29.388
16.43	16.44	0.133746	29.512
16.43	16.44	0.133763	29.606
16.43	16.45	0.133780	29.711
16.43	16.45	0.133796	29.811
16.45	16.45	0.133813	29.905
16.45	16.46	0.133830	30.010
16.45	16.46	0.133846	30.109
16.45	16.46	0.133863	30.204
16.45	16.47	0.133880	30.308
16.45	16.47	0.133896	30.403
16.45	16.47	0.133913	30.503
16.45	16.48	0.133930	30.607
16.48	16.48	0.133946	30.702
16.48	16.48	0.133963	30.801
16.48	16.49	0.133980	30.906
16.48	16.49	0.133996	31.000
16.48	16.49	0.134013	31.100
16.48	16.50	0.134030	31.204
16.48	16.50	0.134046	31.299
16.50	16.51	0.134063	31.399
16.50	16.51	0.134080	31.503
16.50	16.51	0.134096	31.598
16.50	16.52	0.134113	31.697
16.50	16.52	0.134130	31.802
16.50	16.52	0.134146	31.896
16.53	16.53	0.134163	31.996
16.53	16.53	0.134180	32.100
16.53	16.53	0.134196	32.195
16.53	16.54	0.134213	32.294
16.53	16.54	0.134230	32.399
16.53	16.54	0.134246	32.494
16.56	16.55	0.134263	32.595
16.56	16.55	0.134280	32.698
16.56	16.55	0.134296	32.792
16.56	16.55	0.134313	32.895
16.56	16.56	0.134330	32.996
16.56	16.56	0.134346	33.091
16.56	16.56	0.134363	33.194
16.58	16.57	0.134380	33.295
16.58	16.57	0.134396	33.390
16.58	16.57	0.134413	33.494
16.58	16.58	0.134430	33.594
16.58	16.58	0.134446	33.688
16.58	16.58	0.134463	33.793
16.58	16.58	0.134480	33.892
16.58	16.59	0.134496	33.987
16.58	16.59	0.134513	34.092
16.58	16.59	0.134530	34.191
16.58	16.59	0.134546	34.287
16.58	16.60	0.134563	34.390
16.58	16.60	0.134579	34.492
16.61	16.60	0.134596	34.587
16.61	16.60	0.134613	34.689
16.61	16.61	0.134629	34.791
16.61	16.61	0.134646	34.887
16.61	16.61	0.134663	34.987
16.61	16.61	0.134679	35.092
16.61	16.61	0.134696	35.187
16.61	16.62	0.134713	35.287
16.63	16.62	0.134729	35.387
16.63	16.62	0.134746	35.487
16.63	16.62	0.134763	35.587
16.63	16.62	0.134779	35.692
16.63	16.62	0.134796	35.787
16.63	16.62	0.134813	35.888
16.63	16.63	0.134829	35.987
16.63	16.63	0.134846	36.087
16.63	16.63	0.134863	36.187
16.63	16.63	0.134879	36.287
16.63	16.63	0.134896	36.387
16.66	16.63	0.134913	36.487
16.66	16.63	0.134929	36.587
16.66	16.63	0.134946	36.687
16.66	16.64	0.134963	36.788
16.66	16.64	0.134979	36.887
16.66	16.64	0.134996	36.987
16.66	16.64	0.135013	37.087
16.66	16.64	0.135029	37.187
16.66	16.64	0.135046	37.287
16.66	16.64	0.135063	37.387
16.66	16.64	0.135079	37.487
16.66	16.64	0.135096	37.587
16.66	16.64	0.135113	37.687
16.66	16.64	0.135129	37.787
16.66	16.64	0.135146	37.887
16.63	16.64	0.135163	37.987
16.63	16.64	0.135179	38.087
16.63	16.64	0.135196	38.187
16.63	16.64	0.135213	38.287
16.63	16.64	0.135229	38.387
16.63	16.64	0.135246	38.487
16.63	16.64	0.135263	38.587
16.63	16.64	0.135279	38.687
16.63	16.64	0.135296	38.787
16.63	16.64	0.135313	38.887
16.63	16.64	0.135329	38.987
16.63	16.64	0.135346	39.087
16.63	16.64	0.135363	39.187
16.63	16.64	0.135379	39.288
16.63	16.63	0.135396	39.387
16.63	16.63	0.135412	39.487
16.66	16.63	0.135429	39.586
16.66	16.63	0.135446	39.686
16.66	16.63	0.135462	39.810
16.66	16.63	0.135479	39.915
16.66	16.63	0.135496	40.014
16.66	16.63	0.135512	40.109
16.66	16.63	0.135529	40.213
16.63	16.63	0.135546	40.308
16.63	16.62	0.135562	40.408
16.63	16.62	0.135579	40.512
16.63	16.62	0.135596	40.607
16.63	16.62	0.135612	40.706
16.63	16.62	0.135629	40.811
16.63	16.62	0.135646	40.905
16.63	16.62	0.135662	41.005
16.63	16.61	0.135679	41.110
16.63	16.61	0.135696	41.204
16.63	16.61	0.135712	41.304
16.61	16.61	0.135729	41.408
16.61	16.61	0.135746	41.503
16.61	16.61	0.135762	41.602
16.61	16.60	0.135779	41.707
16.61	16.60	0.135796	41.801
16.61	16.60	0.135812	41.901
16.61	16.60	0.135829	42.006
16.61	16.60	0.135846	42.100
16.61	16.60	0.135862	42.201
16.61	16.59	0.135879	42.304
16.61	16.59	0.135896	42.399
16.61	16.59	0.135912	42.500
16.58	16.59	0.135929	42.603
16.58	16.59	0.135946	42.698
16.58	16.59	0.135962	42.800
16.58	16.58	0.135979	42.902
16.58	16.58	0.135996	42.996
16.58	16.58	0.136012	43.101
16.58	16.58	0.136029	43.200
16.58	16.58	0.136046	43.295
16.58	16.58	0.136062	43.399
16.58	16.57	0.136079	43.499
16.58	16.57	0.136096	43.594
16.58	16.57	0.136112	43.698
16.58	16.57	0.136129	43.798
16.58	16.57	0.136146	43.892
16.58	16.57	0.136162	43.997
16.58	16.56	0.136179	44.091
16.58	16.56	0.136196	44.191
16.56	16.56	0.136212	44.295
16.56	16.56	0.136229	44.389
16.56	16.56	0.136245	44.489
16.56	16.56	0.136262	44.593
16.56	16.56	0.136279	44.688
16.56	16.55	0.136295	44.788
16.56	16.55	0.136312	44.892
16.56	16.55	0.136329	44.988
16.56	16.55	0.136345	45.088
16.56	16.55	0.136362	45.191
16.56	16.55	0.136379	45.288
16.53	16.55	0.136395	45.388
16.53	16.55	0.136412	45.489
16.53	16.54	0.136429	45.588
16.53	16.54	0.136445	45.688
16.53	16.54	0.136462	45.788
16.53	16.54	0.136479	45.889
16.53	16.54	0.136495	45.988
16.53	16.54	0.136512	46.088
16.53	16.54	0.136529	46.188
16.53	16.54	0.136545	46.288
16.53	16.54	0.136562	46.388
16.53	16.54	0.136579	46.488
16.53	16.54	0.136595	46.588
16.53	16.54	0.136612	46.688
16.53	16.54	0.136629	46.789
16.53	16.54	0.136645	46.888
16.53	16.54	0.136662	46.988
16.53	16.54	0.136679	47.088
16.53	16.54	0.136695	47.188
16.53	16.54	0.136712	47.288
16.53	16.54	0.136729	47.388
16.53	16.54	0.136745	47.488
16.53	16.54	0.136762	47.588
16.53	16.54	0.136779	47.688
16.53	16.54	0.136795	47.788
16.53	16.54	0.136812	47.888
16.53	16.54	0.136829	47.988
16.53	16.54	0.136845	48.088
16.53	16.54	0.136862	48.188
16.53	16.54	0.136879	48.288
16.56	16.54	0.136895	48.389
16.56	16.54	0.136912	48.488
16.56	16.54	0.136929	48.588
16.56	16.54	0.136945	48.688
16.56	16.54	0.136962	48.788
16.56	16.54	0.136979	48.888
16.56	16.54	0.136995	48.988
16.56	16.54	0.137012	49.088
16.56	16.55	0.137029	49.188
16.56	16.55	0.137045	49.288
16.53	16.55	0.137062	49.388
16.53	16.55	0.137078	49.488
16.53	16.55	0.137095	49.588
16.53	16.55	0.137112	49.688
16.53	16.55	0.137128	49.788
16.53	16.56	0.137145	49.888
16.53	16.56	0.137162	49.989
16.53	16.56	0.137178	50.088
16.53	16.56	0.137195	50.188
16.53	16.56	0.137212	50.313
16.53	16.57	0.137228	50.388
16.53	16.57	0.137245	50.512
16.56	16.57	0.137262	50.612
16.56	16.57	0.137278	50.716
16.56	16.57	0.137295	50.811
16.56	16.58	0.137312	50.910
16.56	16.58	0.137328	51.014
16.56	16.58	0.137345	51.110
16.58	16.58	0.137362	51.209
16.58	16.59	0.137378	51.314
16.58	16.59	0.137395	51.408
16.58	16.59	0.137412	51.507
16.58	16.59	0.137428	51.611
16.58	16.60	0.137445	51.706
16.58	16.60	0.137462	51.806
16.58	16.60	0.137478	51.910
16.58	16.61	0.137495	52.005
16.61	16.61	0.137512	52.106
16.61	16.61	0.137528	52.209
16.61	16.61	0.137545	52.303
16.61	16.62	0.137562	52.406
16.61	16.62	0.137578	52.507
16.61	16.62	0.137595	52.602
16.61	16.63	0.137612	52.707
16.61	16.63	0.137628	52.806
16.63	16.63	0.137645	52.901
16.63	16.64	0.137662	53.005
16.63	16.64	0.137678	53.105
16.63	16.64	0.137695	53.199
16.63	16.65	0.137712	53.304
16.63	16.65	0.137728	53.403
16.63	16.65	0.137745	53.498
16.63	16.66	0.137762	53.603
16.66	16.66	0.137778	53.697
16.66	16.66	0.137795	53.797
16.66	16.67	0.137812	53.901
16.66	16.67	0.137828	53.996
16.66	16.67	0.137845	54.095
16.66	16.68	0.137862	54.200
16.68	16.68	0.137878	54.295
16.68	16.68	0.137895	54.394
16.68	16.69	0.137911	54.499
16.68	16.69	0.137928	54.593
16.68	16.69	0.137945	54.693
16.68	16.70	0.137961	54.797
16.68	16.70	0.137978	54.892
16.71	16.70	0.137995	54.992
16.71	16.71	0.138011	55.096
16.71	16.71	0.138028	55.190
16.71	16.72	0.138045	55.290
16.71	16.72	0.138061	55.394
16.71	16.72	0.138078	55.489
16.71	16.73	0.138095	55.588
16.71	16.73	0.138111	55.693
16.74	16.73	0.138128	55.789
16.74	16.74	0.138145	55.888
16.74	16.74	0.138161	55.992
16.74	16.74	0.138178	56.088
16.74	16.75	0.138195	56.189
16.74	16.75	0.138211	56.290
16.74	16.75	0.138228	56.388
16.76	16.76	0.138245	56.488
16.76	16.76	0.138261	56.589
16.76	16.76	0.138278	56.688
16.76	16.77	0.138295	56.788
16.76	16.77	0.138311	56.889
16.76	16.77	0.138328	56.989
16.76	16.77	0.138345	57.089
16.76	16.78	0.138361	57.189
16.76	16.78	0.138378	57.289
16.79	16.78	0.138395	57.389
16.79	16.79	0.138411	57.489
16.79	16.79	0.138428	57.589
16.79	16.79	0.138445	57.689
16.79	16.79	0.138461	57.789
16.79	16.80	0.138478	57.889
16.79	16.80	0.138495	57.989
16.79	16.80	0.138511	58.089
16.81	16.80	0.138528	58.189
16.81	16.81	0.138545	58.290
16.81	16.81	0.138561	58.389
16.81	16.81	0.138578	58.489
16.81	16.81	0.138595	58.589
16.81	16.82	0.138611	58.689
16.81	16.82	0.138628	58.789
16.81	16.82	0.138645	58.889
16.81	16.82	0.138661	58.990
16.84	16.82	0.138678	59.090
16.84	16.83	0.138695	59.190
16.84	16.83	0.138711	59.290
16.84	16.83	0.138728	59.390
16.84	16.83	0.138744	59.490
16.84	16.83	0.138761	59.590
16.84	16.84	0.138778	59.690
16.84	16.84	0.138794	59.790
16.84	16.84	0.138811	59.891
16.84	16.84	0.138828	59.990
16.84	16.84	0.138844	00.090
16.86	16.84	0.138861	00.190
16.86	16.84	0.138878	00.290
16.86	16.84	0.138894	00.390
16.86	16.85	0.138911	00.491
16.86	16.85	0.138928	00.591
16.86	16.85	0.138944	00.691
16.86	16.85	0.138961	00.815
16.86	16.85	0.138978	00.920
16.86	16.85	0.138994	01.014
16.86	16.85	0.139011	01.114
16.86	16.85	0.139028	01.218
16.86	16.85	0.139044	01.313
16.86	16.85	0.139061	01.413
16.86	16.85	0.139078	01.517
16.86	16.85	0.139094	01.612
16.86	16.85	0.139111	01.711
16.86	16.85	0.139128	01.816
16.86	16.85	0.139144	01.910
16.86	16.85	0.139161	02.012
16.86	16.85	0.139178	02.115
16.86	16.85	0.139194	02.208
16.86	16.85	0.139211	02.312
16.86	16.85	0.139228	02.412
16.86	16.85	0.139244	02.507
16.86	16.85	0.139261	02.611
16.86	16.85	0.139278	02.711
16.86	16.85	0.139294	02.806
16.86	16.85	0.139311	02.910
16.86	16.85	0.139328	03.010
16.86	16.85	0.139344	03.104
16.86	16.85	0.139361	03.209
16.86	16.85	0.139378	03.308
16.86	16.85	0.139394	03.403
16.86	16.85	0.139411	03.507
16.86	16.85	0.139428	03.602
16.86	16.84	0.139444	03.702
16.86	16.84	0.139461	03.807
16.86	16.84	0.139478	03.901
16.86	16.84	0.139494	04.001
16.86	16.84	0.139511	04.105
16.86	16.84	0.139528	04.200
16.86	16.84	0.139544	04.299
16.86	16.84	0.139561	04.404
16.86	16.84	0.139577	04.499
16.86	16.83	0.139594	04.598
16.86	16.83	0.139611	04.703
16.84	16.83	0.139627	04.796
16.84	16.83	0.139644	04.896
16.84	16.83	0.139661	05.000
16.84	16.83	0.139677	05.095
16.84	16.83	0.139694	05.195
16.84	16.82	0.139711	05.299
16.84	16.82	0.139727	05.394
16.84	16.82	0.139744	05.494
16.84	16.82	0.139761	05.598
16.81	16.82	0.139777	05.692
16.81	16.82	0.139794	05.794
16.81	16.81	0.139811	05.896
16.81	16.81	0.139827	05.992
16.81	16.81	0.139844	06.095
16.81	16.81	0.139861	06.195
16.81	16.81	0.139877	06.292
16.81	16.81	0.139894	06.394
16.81	16.80	0.139911	06.494
16.81	16.80	0.139927	06.592
16.81	16.80	0.139944	06.693
16.79	16.80	0.139961	06.793
16.79	16.80	0.139977	06.892
16.79	16.80	0.139994	06.992
16.79	16.79	0.140011	07.092
16.79	16.79	0.140027	07.192
16.79	16.79	0.140044	07.292
16.79	16.79	0.140061	07.392
16.79	16.79	0.140077	07.492
16.79	16.79	0.140094	07.592
16.79	16.78	0.140111	07.692
16.79	16.78	0.140127	07.792
16.79	16.78	0.140144	07.892
16.79	16.78	0.140161	07.992
16.79	16.78	0.140177	08.092
16.79	16.78	0.140194	08.192
16.79	16.77	0.140211	08.292
16.79	16.77	0.140227	08.393
16.79	16.77	0.140244	08.492
16.76	16.77	0.140261	08.592
16.76	16.77	0.140277	08.692
16.76	16.77	0.140294	08.792
16.76	16.77	0.140311	08.892
16.76	16.76	0.140327	08.992
16.76	16.76	0.140344	09.091
16.76	16.76	0.140361	09.192
16.76	16.76	0.140377	09.292
16.76	16.76	0.140394	09.392
16.76	16.76	0.140410	09.492
16.76	16.76	0.140427	09.592
16.76	16.76	0.140444	09.692
16.76	16.76	0.140460	09.792
16.76	16.76	0.140477	09.892
16.76	16.75	0.140494	09.992
16.76	16.75	0.140510	10.092
16.76	16.75	0.140527	10.192
16.76	16.75	0.140544	10.292
16.74	16.75	0.140560	10.392
16.74	16.75	0.140577	10.492
16.74	16.75	0.140594	10.592
16.74	16.75	0.140610	10.692
16.74	16.75	0.140627	10.792
16.74	16.75	0.140644	10.893
16.74	16.75	0.140660	10.993
16.74	16.75	0.140677	11.092
16.74	16.75	0.140694	11.192
16.74	16.75	0.140710	11.293
16.74	16.75	0.140727	11.392
16.74	16.75	0.140744	11.492
16.74	16.75	0.140760	11.592
16.74	16.75	0.140777	11.721
16.74	16.75	0.140794	11.814
16.74	16.75	0.140810	11.893
16.74	16.75	0.140827	12.019
16.74	16.75	0.140844	12.113
16.74	16.75	0.140860	12.193
16.74	16.75	0.140877	12.317
16.74	16.75	0.140894	12.412
16.74	16.75	0.140910	12.516
16.74	16.75	0.140927	12.616
16.74	16.75	0.140944	12.711
16.74	16.76	0.140960	12.815
16.74	16.76	0.140977	12.915
16.74	16.76	0.140994	13.009
16.74	16.76	0.141010	13.114
16.74	16.76	0.141027	13.208
16.74	16.76	0.141044	13.308
16.74	16.76	0.141060	13.412
16.76	16.76	0.141077	13.507
16.76	16.76	0.141094	13.607
16.76	16.77	0.141110	13.711
16.76	16.77	0.141127	13.806
16.76	16.77	0.141144	13.905
16.76	16.77	0.141160	14.010
16.76	16.77	0.141177	14.104
16.76	16.78	0.141194	14.204
16.76	16.78	0.141210	14.308
16.76	16.78	0.141227	14.403
16.76	16.78	0.141243	14.503
16.76	16.78	0.141260	14.607
16.79	16.79	0.141277	14.702
16.79	16.79	0.141293	14.801
16.79	16.79	0.141310	14.906
16.79	16.79	0.141327	15.000
16.79	16.79	0.141343	15.100
16.79	16.80	0.141360	15.205
16.79	16.80	0.141377	15.299
16.79	16.80	0.141393	15.400
16.79	16.80	0.141410	15.503
16.79	16.81	0.141427	15.598
16.81	16.81	0.141443	15.699
16.81	16.81	0.141460	15.802
16.81	16.82	0.141477	15.897
16.81	16.82	0.141493	16.000
16.81	16.82	0.141510	16.101
16.81	16.82	0.141527	16.195
16.81	16.83	0.141543	16.300
16.81	16.83	0.141560	16.399
16.81	16.83	0.141577	16.495
16.81	16.84	0.141593	16.598
16.81	16.84	0.141610	16.698
16.84	16.84	0.141627	16.795
16.84	16.85	0.141643	16.897
16.84	16.85	0.141660	16.997
16.84	16.85	0.141677	17.095
16.84	16.86	0.141693	17.196
16.84	16.86	0.141710	17.296
16.84	16.86	0.141727	17.395
16.84	16.87	0.141743	17.496
16.86	16.87	0.141760	17.596
16.86	16.87	0.141777	17.695
16.86	16.88	0.141793	17.795
16.86	16.88	0.141810	17.897
16.86	16.88	0.141827	17.995
16.86	16.89	0.141843	18.095
16.89	16.89	0.141860	18.196
16.89	16.89	0.141877	18.295
16.89	16.90	0.141893	18.395
16.89	16.90	0.141910	18.497
16.89	16.90	0.141927	18.595
16.89	16.91	0.141943	18.695
16.92	16.91	0.141960	18.797
16.92	16.91	0.141977	18.895
16.92	16.92	0.141993	18.995
16.92	16.92	0.142010	19.097
16.92	16.93	0.142027	19.195
16.92	16.93	0.142043	19.295
16.92	16.93	0.142060	19.397
16.94	16.94	0.142076	19.495
16.94	16.94	0.142093	19.595
16.94	16.94	0.142110	19.697
16.94	16.95	0.142126	19.795
16.94	16.95	0.142143	19.896
16.94	16.95	0.142160	19.998
16.94	16.96	0.142176	20.095
16.94	16.96	0.142193	20.195
16.97	16.96	0.142210	20.298
16.97	16.97	0.142226	20.395
16.97	16.97	0.142243	20.495
16.97	16.97	0.142260	20.598
16.97	16.98	0.142276	20.695
16.97	16.98	0.142293	20.795
16.97	16.98	0.142310	20.898
16.99	16.98	0.142326	20.995
16.99	16.99	0.142343	21.095
16.99	16.99	0.142360	21.199
16.99	16.99	0.142376	21.295
16.99	17.00	0.142393	21.395
16.99	17.00	0.142410	21.498
16.99	17.00	0.142426	21.595
17.02	17.00	0.142443	21.695
17.02	17.01	0.142460	21.799
17.02	17.01	0.142476	21.895
17.02	17.01	0.142493	22.019
17.02	17.02	0.142510	22.123
17.02	17.02	0.142526	22.222
17.02	17.02	0.142543	22.317
17.02	17.02	0.142560	22.421
17.04	17.03	0.142576	22.521
17.04	17.03	0.142593	22.616
17.04	17.03	0.142610	22.720
17.04	17.03	0.142626	22.820
17.04	17.03	0.142643	22.914
17.04	17.04	0.142660	23.019
17.04	17.04	0.142676	23.113
17.04	17.04	0.142693	23.213
17.04	17.04	0.142710	23.317
17.04	17.04	0.142726	23.412
17.04	17.05	0.142743	23.512
17.04	17.05	0.142760	23.616
17.07	17.05	0.142776	23.711
17.07	17.05	0.142793	23.810
17.07	17.05	0.142810	23.915
17.07	17.05	0.142826	24.009
17.07	17.05	0.142843	24.109
17.07	17.06	0.142860	24.214
17.07	17.06	0.142876	24.308
17.07	17.06	0.142893	24.408
17.07	17.06	0.142909	24.512
17.07	17.06	0.142926	24.607
17.07	17.06	0.142943	24.706
17.07	17.06	0.142959	24.811
17.07	17.06	0.142976	24.906
17.07	17.06	0.142993	25.005
17.07	17.06	0.143009	25.110
17.07	17.06	0.143026	25.204
17.07	17.06	0.143043	25.306
17.07	17.07	0.143059	25.408
17.07	17.07	0.143076	25.503
17.07	17.07	0.143093	25.605
17.07	17.07	0.143109	25.707
17.07	17.07	0.143126	25.802
17.07	17.07	0.143143	25.905
17.07	17.07	0.143159	26.006
17.07	17.07	0.143176	26.100
17.07	17.07	0.143193	26.205
17.07	17.07	0.143209	26.304
17.07	17.07	0.143226	26.399
17.07	17.07	0.143243	26.503
17.07	17.07	0.143259	26.603
17.07	17.07	0.143276	26.698
17.07	17.06	0.143293	26.802
17.07	17.06	0.143309	26.896
17.07	17.06	0.143326	26.996
17.07	17.06	0.143343	27.100
17.07	17.06	0.143359	27.195
17.07	17.06	0.143376	27.296
17.07	17.06	0.143393	27.399
17.07	17.06	0.143409	27.495
17.07	17.06	0.143426	27.595
17.07	17.06	0.143443	27.698
17.07	17.06	0.143459	27.795
17.07	17.06	0.143476	27.895
17.07	17.06	0.143493	27.996
17.07	17.05	0.143509	28.095
17.07	17.05	0.143526	28.195
17.07	17.05	0.143543	28.295
17.07	17.05	0.143559	28.395
17.07	17.05	0.143576	28.495
17.07	17.05	0.143593	28.595
17.07	17.05	0.143609	28.695
17.04	17.05	0.143626	28.795
17.04	17.04	0.143643	28.895
17.04	17.04	0.143659	28.995
17.04	17.04	0.143676	29.095
17.04	17.04	0.143693	29.195
17.04	17.04	0.143709	29.295
17.04	17.04	0.143726	29.395
17.04	17.03	0.143742	29.495
17.04	17.03	0.143759	29.595
17.04	17.03	0.143776	29.695
17.04	17.03	0.143792	29.795
17.04	17.03	0.143809	29.895
17.04	17.03	0.143826	29.995
17.04	17.02	0.143842	30.095
17.04	17.02	0.143859	30.195
17.04	17.02	0.143876	30.295
17.04	17.02	0.143892	30.395
17.04	17.02	0.143909	30.495
17.04	17.02	0.143926	30.596
17.02	17.01	0.143942	30.695
17.02	17.01	0.143959	30.795
17.02	17.01	0.143976	30.895
17.02	17.01	0.143992	30.995
17.02	17.01	0.144009	31.095
17.02	17.01	0.144026	31.195
17.02	17.00	0.144042	31.295
17.02	17.00	0.144059	31.396
17.02	17.00	0.144076	31.495
17.02	17.00	0.144092	31.595
16.99	17.00	0.144109	31.695
16.99	17.00	0.144126	31.795
16.99	16.99	0.144142	31.895
16.99	16.99	0.144159	31.995
16.99	16.99	0.144176	32.095
16.99	16.99	0.144192	32.195
16.99	16.99	0.144209	32.295
16.99	16.99	0.144226	32.395
16.99	16.98	0.144242	32.495
16.99	16.98	0.144259	32.595
16.99	16.98	0.144276	32.695
16.99	16.98	0.144292	32.819
16.99	16.98	0.144309	32.924
16.97	16.98	0.144326	33.018
16.97	16.98	0.144342	33.118
16.97	16.98	0.144359	33.223
16.97	16.97	0.144376	33.317
16.97	16.97	0.144392	33.417
16.97	16.97	0.144409	33.521
16.97	16.97	0.144426	33.616
16.97	16.97	0.144442	33.715
16.97	16.97	0.144459	33.820
16.97	16.97	0.144476	33.914
16.97	16.97	0.144492	34.014
16.97	16.97	0.144509	34.119
16.97	16.97	0.144526	34.213
16.97	16.97	0.144542	34.313
16.97	16.96	0.144559	34.417
16.97	16.96	0.144575	34.512
16.94	16.96	0.144592	34.611
16.94	16.96	0.144609	34.716
16.94	16.96	0.144625	34.811
16.94	16.96	0.144642	34.911
16.94	16.96	0.144659	35.015
16.94	16.96	0.144675	35.109
16.94	16.96	0.144692	35.211
16.94	16.96	0.144709	35.313
16.94	16.96	0.144725	35.408
16.94	16.96	0.144742	35.511
16.94	16.96	0.144759	35.612
16.94	16.96	0.144775	35.707
16.94	16.96	0.144792	35.811
16.94	16.96	0.144809	35.911
16.94	16.96	0.144825	36.005
16.97	16.96	0.144842	36.110
16.97	16.96	0.144859	36.209
16.97	16.96	0.144875	36.304
16.97	16.97	0.144892	36.409
16.97	16.97	0.144909	36.508
16.97	16.97	0.144925	36.603
16.97	16.97	0.144942	36.707
16.97	16.97	0.144959	36.801
16.97	16.97	0.144975	36.901
16.97	16.97	0.144992	37.005
16.97	16.97	0.145009	37.100
16.97	16.97	0.145025	37.199
16.97	16.97	0.145042	37.304
16.97	16.98	0.145059	37.398
16.97	16.98	0.145075	37.498
16.97	16.98	0.145092	37.602
16.97	16.98	0.145109	37.697
16.97	16.98	0.145125	37.797
16.97	16.98	0.145142	37.901
16.97	16.98	0.145159	37.996
16.97	16.99	0.145175	38.096
16.97	16.99	0.145192	38.200
16.97	16.99	0.145209	38.295
16.97	16.99	0.145225	38.395
16.97	16.99	0.145242	38.499
16.97	17.00	0.145259	38.595
16.97	17.00	0.145275	38.695
16.97	17.00	0.145292	38.798
16.99	17.00	0.145309	38.895
16.99	17.01	0.145325	38.995
16.99	17.01	0.145342	39.095
16.99	17.01	0.145359	39.195
16.99	17.01	0.145375	39.295
16.99	17.02	0.145392	39.395
16.99	17.02	0.145408	39.496
17.02	17.02	0.145425	39.595
17.02	17.02	0.145442	39.696
17.02	17.03	0.145458	39.796
17.02	17.03	0.145475	39.896
17.02	17.03	0.145492	39.996
17.02	17.03	0.145508	40.096
17.02	17.04	0.145525	40.196
17.04	17.04	0.145542	40.296
17.04	17.04	0.145558	40.396
17.04	17.05	0.145575	40.496
17.04	17.05	0.145592	40.597
17.04	17.05	0.145608	40.696
17.04	17.06	0.145625	40.796
17.04	17.06	0.145642	40.896
17.07	17.06	0.145658	40.996
17.07	17.07	0.145675	41.096
17.07	17.07	0.145692	41.196
17.07	17.07	0.145708	41.296
17.07	17.08	0.145725	41.396
17.07	17.08	0.145742	41.497
17.07	17.08	0.145758	41.596
17.07	17.09	0.145775	41.696
17.07	17.09	0.145792	41.796
17.07	17.09	0.145808	41.896
17.09	17.10	0.145825	41.996
17.09	17.10	0.145842	42.096
17.09	17.10	0.145858	42.196
17.09	17.11	0.145875	42.296
17.09	17.11	0.145892	42.396
17.09	17.11	0.145908	42.496
17.09	17.12	0.145925	42.596
17.12	17.12	0.145942	42.696
17.12	17.12	0.145958	42.796
17.12	17.13	0.145975	42.896
17.12	17.13	0.145992	42.996
17.12	17.13	0.146008	43.096
17.12	17.14	0.146025	43.196
17.15	17.14	0.146042	43.296
17.15	17.15	0.146058	43.396
17.15	17.15	0.146075	43.496
17.15	17.15	0.146092	43.596
17.15	17.16	0.146108	43.725
17.15	17.16	0.146125	43.820
17.17	17.16	0.146142	43.919
17.17	17.17	0.146158	44.024
17.17	17.17	0.146175	44.119
17.17	17.17	0.146192	44.218
17.17	17.18	0.146208	44.323
17.17	17.18	0.146225	44.417
17.17	17.18	0.146241	44.517
17.17	17.19	0.146258	44.621
17.20	17.19	0.146275	44.716
17.20	17.19	0.146291	44.817
17.20	17.19	0.146308	44.920
17.20	17.20	0.146325	45.015
17.20	17.20	0.146341	45.116
17.20	17.20	0.146358	45.218
17.20	17.21	0.146375	45.312
17.20	17.21	0.146391	45.417
17.20	17.21	0.146408	45.516
17.22	17.22	0.146425	45.611
17.22	17.22	0.146441	45.716
17.22	17.22	0.146458	45.815
17.22	17.22	0.146475	45.910
17.22	17.23	0.146491	46.014
17.22	17.23	0.146508	46.114
17.22	17.23	0.146525	46.208
17.22	17.23	0.146541	46.313
17.25	17.24	0.146558	46.407
17.25	17.24	0.146575	46.507
17.25	17.24	0.146591	46.612
17.25	17.24	0.146608	46.706
17.25	17.25	0.146625	46.806
17.25	17.25	0.146641	46.910
17.25	17.25	0.146658	47.005
17.25	17.25	0.146675	47.104
17.25	17.25	0.146691	47.209
17.25	17.26	0.146708	47.304
17.27	17.26	0.146725	47.403
17.27	17.26	0.146741	47.508
17.27	17.26	0.146758	47.602
17.27	17.26	0.146775	47.702
17.27	17.26	0.146791	47.806
17.27	17.26	0.146808	47.901
17.27	17.27	0.146825	48.000
17.27	17.27	0.146841	48.105
17.27	17.27	0.146858	48.200
17.27	17.27	0.146875	48.299
17.27	17.27	0.146891	48.404
17.27	17.27	0.146908	48.498
17.27	17.27	0.146925	48.599
17.27	17.27	0.146941	48.702
17.27	17.28	0.146958	48.797
17.30	17.28	0.146975	48.899
17.30	17.28	0.146991	49.001
17.30	17.28	0.147008	49.096
17.30	17.28	0.147025	49.199
17.30	17.28	0.147041	49.299
17.30	17.28	0.147058	49.396
17.30	17.28	0.147074	49.498
17.30	17.28	0.147091	49.598
17.30	17.28	0.147108	49.697
17.30	17.28	0.147124	49.797
17.30	17.28	0.147141	49.897
17.30	17.28	0.147158	49.996
17.30	17.28	0.147174	50.096
17.30	17.28	0.147191	50.196
17.30	17.28	0.147208	50.296
17.30	17.28	0.147224	50.396
17.30	17.28	0.147241	50.496
17.27	17.28	0.147258	50.596
17.27	17.28	0.147274	50.696
17.27	17.28	0.147291	50.796
17.27	17.28	0.147308	50.896
17.27	17.28	0.147324	50.996
17.27	17.28	0.147341	51.097
17.27	17.28	0.147358	51.197
17.27	17.28	0.147374	51.298
17.27	17.27	0.147391	51.397
17.27	17.27	0.147408	51.497
17.27	17.27	0.147424	51.597
17.27	17.27	0.147441	51.697
17.27	17.27	0.147458	51.797
17.27	17.27	0.147474	51.897
17.27	17.27	0.147491	51.997
17.27	17.27	0.147508	52.097
17.27	17.27	0.147524	52.197
17.30	17.27	0.147541	52.297
17.30	17.26	0.147558	52.397
17.30	17.26	0.147574	52.497
17.30	17.26	0.147591	52.597
17.30	17.26	0.147608	52.697
17.30	17.26	0.147624	52.797
17.27	17.26	0.147641	52.897
17.27	17.26	0.147658	52.997
17.27	17.25	0.147674	53.097
17.27	17.25	0.147691	53.197
17.27	17.25	0.147708	53.297
17.27	17.25	0.147724	53.397
17.27	17.25	0.147741	53.497
17.27	17.25	0.147758	53.597
17.25	17.24	0.147774	53.697
17.25	17.24	0.147791	53.798
17.25	17.24	0.147808	53.897
17.25	17.24	0.147824	53.997
17.25	17.24	0.147841	54.097
17.25	17.24	0.147858	54.197
17.25	17.23	0.147874	54.297
17.25	17.23	0.147891	54.398
17.22	17.23	0.147907	54.526
17.22	17.23	0.147924	54.621
17.22	17.23	0.147941	54.698
17.22	17.23	0.147957	54.825
17.22	17.22	0.147974	54.919
17.22	17.22	0.147991	54.998
17.22	17.22	0.148007	55.123
17.22	17.22	0.148024	55.217
17.22	17.22	0.148041	55.322
17.22	17.22	0.148057	55.421
17.22	17.21	0.148074	55.516
17.22	17.21	0.148091	55.621
17.20	17.21	0.148107	55.720
17.20	17.21	0.148124	55.815
17.20	17.21	0.148141	55.919
17.20	17.21	0.148157	56.019
17.20	17.20	0.148174	56.113
17.20	17.20	0.148191	56.218
17.20	17.20	0.148207	56.312
17.20	17.20	0.148224	56.412
17.20	17.20	0.148241	56.517
17.20	17.20	0.148257	56.611
17.20	17.20	0.148274	56.711
17.20	17.19	0.148291	56.815
17.20	17.19	0.148307	56.910
17.20	17.19	0.148324	57.009
17.20	17.19	0.148341	57.114
17.20	17.19	0.148357	57.209
17.20	17.19	0.148374	57.308
17.20	17.19	0.148391	57.413
17.20	17.19	0.148407	57.507
17.20	17.18	0.148424	57.607
17.20	17.18	0.148441	57.711
17.20	17.18	0.148457	57.806
17.20	17.18	0.148474	57.905
17.20	17.18	0.148491	58.010
17.17	17.18	0.148507	58.105
17.17	17.18	0.148524	58.204
17.17	17.18	0.148541	58.309
17.17	17.18	0.148557	58.403
17.17	17.18	0.148574	58.505
17.17	17.18	0.148591	58.607
17.17	17.18	0.148607	58.702
17.17	17.18	0.148624	58.805
17.17	17.18	0.148641	58.906
17.17	17.18	0.148657	59.001
17.17	17.18	0.148674	59.105
17.17	17.18	0.148691	59.205
17.17	17.18	0.148707	59.301
17.17	17.18	0.148724	59.404
17.17	17.18	0.148740	59.503
17.17	17.18	0.148757	59.601
17.17	17.18	0.148774	59.702
17.17	17.18	0.148790	59.801
17.17	17.18	0.148807	59.901
17.17	17.18	0.148824	00.001
17.17	17.18	0.148840	00.101
17.17	17.18	0.148857	00.201
17.17	17.18	0.148874	00.302
17.17	17.18	0.148890	00.401
17.17	17.18	0.148907	00.501
17.17	17.18	0.148924	00.601
17.17	17.18	0.148940	00.702
17.17	17.18	0.148957	00.801
17.17	17.18	0.148974	00.901
17.17	17.18	0.148990	01.001
17.17	17.18	0.149007	01.101
17.17	17.19	0.149024	01.201
17.17	17.19	0.149040	01.302
17.17	17.19	0.149057	01.401
17.17	17.19	0.149074	01.501
17.17	17.19	0.149090	01.602
17.17	17.19	0.149107	01.701
17.20	17.19	0.149124	01.801
17.20	17.20	0.149140	01.902
17.20	17.20	0.149157	02.001
17.20	17.20	0.149174	02.101
17.20	17.20	0.149190	02.203
17.20	17.20	0.149207	02.301
17.20	17.21	0.149224	02.400
17.20	17.21	0.149240	02.502
17.20	17.21	0.149257	02.601
17.20	17.21	0.149274	02.701
17.20	17.21	0.149290	02.803
17.20	17.22	0.149307	02.901
17.20	17.22	0.149324	03.001
17.20	17.22	0.149340	03.103
17.20	17.22	0.149357	03.201
17.20	17.23	0.149374	03.301
17.22	17.23	0.149390	03.403
17.22	17.23	0.149407	03.501
17.22	17.23	0.149424	03.601
17.22	17.24	0.149440	03.703
17.22	17.24	0.149457	03.801
17.22	17.24	0.149474	03.901
17.22	17.25	0.149490	04.004
17.22	17.25	0.149507	04.101
17.22	17.25	0.149524	04.201
17.22	17.25	0.149540	04.303
17.25	17.26	0.149557	04.401
17.25	17.26	0.149573	04.525
17.25	17.26	0.149590	04.604
17.25	17.27	0.149607	04.730
17.25	17.27	0.149623	04.824
17.25	17.27	0.149640	04.904
17.25	17.28	0.149657	05.028
17.27	17.28	0.149673	05.123
17.27	17.28	0.149690	05.227
17.27	17.29	0.149707	05.327
17.27	17.29	0.149723	05.422
17.27	17.29	0.149740	05.526
17.30	17.30	0.149757	05.626
17.30	17.30	0.149773	05.720
17.30	17.30	0.149790	05.825
17.30	17.31	0.149807	05.919
17.30	17.31	0.149823	06.019
17.30	17.31	0.149840	06.123
17.33	17.32	0.149857	06.218
17.33	17.32	0.149873	06.318
17.33	17.32	0.149890	06.422
17.33	17.33	0.149907	06.517
17.33	17.33	0.149923	06.615
17.33	17.33	0.149940	06.720
17.33	17.34	0.149957	06.814
17.35	17.34	0.149973	06.915
17.35	17.34	0.149990	07.020
17.35	17.35	0.150007	07.113
17.35	17.35	0.150023	07.213
17.35	17.36	0.150040	07.317
17.35	17.36	0.150057	07.412
17.35	17.36	0.150073	07.511
17.35	17.37	0.150090	07.616
17.35	17.37	0.150107	07.711
17.35	17.37	0.150123	07.810
17.35	17.38	0.150140	07.915
17.38	17.38	0.150157	08.009
17.38	17.38	0.150173	08.111
17.38	17.39	0.150190	08.213
17.38	17.39	0.150207	08.308
17.38	17.39	0.150223	08.410
17.38	17.40	0.150240	08.512
17.38	17.40	0.150257	08.607
17.40	17.40	0.150273	08.710
17.40	17.41	0.150290	08.811
17.40	17.41	0.150307	08.905
17.40	17.41	0.150323	09.010
17.40	17.41	0.150340	09.109
17.40	17.42	0.150357	09.204
17.40	17.42	0.150373	09.309
17.43	17.42	0.150390	09.408
17.43	17.43	0.150406	09.503
17.43	17.43	0.150423	09.607
17.43	17.43	0.150440	09.702
17.43	17.43	0.150456	09.802
17.43	17.44	0.150473	09.905
17.43	17.44	0.150490	10.002
17.45	17.44	0.150506	10.102
17.45	17.44	0.150523	10.204
17.45	17.45	0.150540	10.302
17.45	17.45	0.150556	10.402
17.45	17.45	0.150573	10.503
17.45	17.45	0.150590	10.602
17.45	17.46	0.150606	10.702
17.45	17.46	0.150623	10.803
17.48	17.46	0.150640	10.902
17.48	17.46	0.150656	11.002
17.48	17.46	0.150673	11.102
17.48	17.47	0.150690	11.202
17.48	17.47	0.150706	11.302
17.48	17.47	0.150723	11.402
17.48	17.47	0.150740	11.502
17.48	17.47	0.150756	11.603
17.48	17.48	0.150773	11.702
17.48	17.48	0.150790	11.802
17.48	17.48	0.150806	11.902
17.48	17.48	0.150823	12.002
17.48	17.48	0.150840	12.102
17.48	17.48	0.150856	12.202
17.50	17.48	0.150873	12.302
17.50	17.48	0.150890	12.403
17.50	17.49	0.150906	12.502
17.50	17.49	0.150923	12.602
17.50	17.49	0.150940	12.702
17.50	17.49	0.150956	12.802
17.50	17.49	0.150973	12.902
17.50	17.49	0.150990	13.002
17.50	17.49	0.151006	13.102
17.50	17.49	0.151023	13.203
17.50	17.49	0.151040	13.303
17.50	17.49	0.151056	13.403
17.50	17.49	0.151073	13.503
17.50	17.49	0.151090	13.603
17.50	17.49	0.151106	13.703
17.50	17.49	0.151123	13.803
17.50	17.49	0.151140	13.903
17.50	17.49	0.151156	14.003
17.50	17.49	0.151173	14.103
17.50	17.49	0.151190	14.203
17.50	17.49	0.151206	14.303
17.50	17.49	0.151223	14.403
17.50	17.49	0.151239	14.503
17.50	17.49	0.151256	14.603
17.50	17.49	0.151273	14.703
17.50	17.49	0.151289	14.803
17.50	17.49	0.151306	14.904
17.50	17.49	0.151323	15.003
17.50	17.49	0.151339	15.103
17.50	17.49	0.151356	15.232
17.50	17.49	0.151373	15.327
17.50	17.49	0.151389	15.431
17.50	17.49	0.151406	15.531
17.50	17.49	0.151423	15.625
17.50	17.48	0.151439	15.730
17.50	17.48	0.151456	15.825
17.50	17.48	0.151473	15.924
17.50	17.48	0.151489	16.029
17.50	17.48	0.151506	16.123
17.50	17.48	0.151523	16.223
17.50	17.48	0.151539	16.327
17.50	17.48	0.151556	16.421
17.48	17.48	0.151573	16.520
17.48	17.47	0.151589	16.625
17.48	17.47	0.151606	16.720
17.48	17.47	0.151623	16.819
17.48	17.47	0.151639	16.924
17.48	17.47	0.151656	17.018
17.48	17.47	0.151673	17.118
17.48	17.47	0.151689	17.222
17.48	17.46	0.151706	17.317
17.48	17.46	0.151723	17.417
17.48	17.46	0.151739	17.521
17.48	17.46	0.151756	17.616
17.45	17.46	0.151773	17.716
17.45	17.46	0.151789	17.820
17.45	17.45	0.151806	17.914
17.45	17.45	0.151823	18.016
17.45	17.45	0.151839	18.118
17.45	17.45	0.151856	18.213
17.45	17.45	0.151873	18.317
17.45	17.45	0.151889	18.417
17.45	17.44	0.151906	18.512
17.45	17.44	0.151923	18.616
17.45	17.44	0.151939	18.716
17.45	17.44	0.151956	18.810
17.45	17.44	0.151973	18.915
17.45	17.44	0.151989	19.014
17.45	17.43	0.152006	19.109
17.45	17.43	0.152023	19.214
17.43	17.43	0.152039	19.313
17.43	17.43	0.152056	19.408
17.43	17.43	0.152072	19.512
17.43	17.43	0.152089	19.607
17.43	17.42	0.152106	19.706
17.43	17.42	0.152122	19.811
17.43	17.42	0.152139	19.906
17.43	17.42	0.152156	20.005
17.43	17.42	0.152172	20.109
17.43	17.42	0.152189	20.204
17.43	17.41	0.152206	20.303
17.43	17.41	0.152222	20.408
17.40	17.41	0.152239	20.503
17.40	17.41	0.152256	20.603
17.40	17.41	0.152272	20.707
17.40	17.41	0.152289	20.803
17.40	17.41	0.152306	20.903
17.40	17.40	0.152322	21.005
17.40	17.40	0.152339	21.103
17.40	17.40	0.152356	21.203
17.40	17.40	0.152372	21.304
17.40	17.40	0.152389	21.404
17.40	17.40	0.152406	21.503
17.40	17.40	0.152422	21.603
17.40	17.40	0.152439	21.703
17.40	17.40	0.152456	21.803
17.40	17.40	0.152472	21.903
17.40	17.39	0.152489	22.003
17.40	17.39	0.152506	22.103
17.40	17.39	0.152522	22.203
17.40	17.39	0.152539	22.304
17.40	17.39	0.152556	22.403
17.40	17.39	0.152572	22.503
17.38	17.39	0.152589	22.603
17.38	17.39	0.152606	22.703
17.38	17.39	0.152622	22.803
17.38	17.39	0.152639	22.903
17.38	17.39	0.152656	23.003
17.38	17.39	0.152672	23.104
17.38	17.39	0.152689	23.204
17.38	17.39	0.152706	23.304
17.38	17.39	0.152722	23.404
17.38	17.39	0.152739	23.504
17.38	17.39	0.152756	23.604
17.38	17.39	0.152772	23.704
17.38	17.39	0.152789	23.804
17.38	17.39	0.152806	23.904
17.38	17.39	0.152822	24.004
17.38	17.39	0.152839	24.104
17.38	17.39	0.152856	24.204
17.38	17.39	0.152872	24.304
17.38	17.39	0.152889	24.404
17.38	17.39	0.152905	24.504
17.38	17.39	0.152922	24.604
17.38	17.39	0.152939	24.704
17.38	17.40	0.152955	24.804
17.38	17.40	0.152972	24.904
17.38	17.40	0.152989	25.004
17.38	17.40	0.153005	25.104
17.38	17.40	0.153022	25.204
17.38	17.40	0.153039	25.304
17.40	17.40	0.153055	25.404
17.40	17.40	0.153072	25.504
17.40	17.40	0.153089	25.604
17.40	17.41	0.153105	25.704
17.40	17.41	0.153122	25.803
17.40	17.41	0.153139	25.904
17.40	17.41	0.153155	26.027
17.40	17.41	0.153172	26.127
17.40	17.42	0.153189	26.231
17.40	17.42	0.153205	26.327
17.40	17.42	0.153222	26.426
17.40	17.42	0.153239	26.531
17.40	17.42	0.153255	26.625
17.40	17.43	0.153272	26.724
17.40	17.43	0.153289	26.828
17.43	17.43	0.153305	26.923
17.43	17.43	0.153322	27.023
17.43	17.43	0.153339	27.127
17.43	17.44	0.153355	27.222
17.43	17.44	0.153372	27.321
17.43	17.44	0.153389	27.426
17.43	17.44	0.153405	27.520
17.43	17.45	0.153422	27.622
17.43	17.45	0.153439	27.725
17.45	17.45	0.153455	27.819
17.45	17.46	0.153472	27.922
17.45	17.46	0.153489	28.023
17.45	17.46	0.153505	28.118
17.45	17.46	0.153522	28.222
17.45	17.47	0.153539	28.322
17.45	17.47	0.153555	28.417
17.45	17.47	0.153572	28.521
17.45	17.48	0.153589	28.621
17.48	17.48	0.153605	28.715
17.48	17.48	0.153622	28.820
17.48	17.49	0.153639	28.919
17.48	17.49	0.153655	29.014
17.48	17.49	0.153672	29.118
17.48	17.50	0.153689	29.213
17.48	17.50	0.153705	29.313
17.48	17.50	0.153722	29.417
17.50	17.51	0.153738	29.512
17.50	17.51	0.153755	29.611
17.50	17.51	0.153772	29.716
17.50	17.52	0.153788	29.810
17.50	17.52	0.153805	29.910
17.50	17.52	0.153822	30.015
17.53	17.53	0.153838	30.109
17.53	17.53	0.153855	30.209
17.53	17.53	0.153872	30.313
17.53	17.54	0.153888	30.408
17.53	17.54	0.153905	30.507
17.53	17.54	0.153922	30.612
17.53	17.55	0.153938	30.706
17.56	17.55	0.153955	30.806
17.56	17.55	0.153972	30.911
17.56	17.56	0.153988	31.005
17.56	17.56	0.154005	31.105
17.56	17.57	0.154022	31.209
17.56	17.57	0.154038	31.304
17.56	17.57	0.154055	31.404
17.56	17.58	0.154072	31.507
17.58	17.58	0.154088	31.604
17.58	17.58	0.154105	31.704
17.58	17.59	0.154122	31.807
17.58	17.59	0.154138	31.904
17.58	17.59	0.154155	32.004
17.58	17.60	0.154172	32.104
17.58	17.60	0.154188	32.204
17.58	17.60	0.154205	32.304
17.61	17.61	0.154222	32.404
17.61	17.61	0.154238	32.505
17.61	17.61	0.154255	32.604
17.61	17.62	0.154272	32.704
17.61	17.62	0.154288	32.804
17.61	17.62	0.154305	32.904
17.61	17.62	0.154322	33.004
17.63	17.63	0.154338	33.104
17.63	17.63	0.154355	33.204
17.63	17.63	0.154372	33.304
17.63	17.64	0.154388	33.404
17.63	17.64	0.154405	33.504
17.63	17.64	0.154422	33.604
17.66	17.64	0.154438	33.704
17.66	17.65	0.154455	33.804
17.66	17.65	0.154472	33.904
17.66	17.65	0.154488	34.004
17.66	17.66	0.154505	34.104
17.66	17.66	0.154522	34.204
17.66	17.66	0.154538	34.304
17.66	17.66	0.154555	34.404
17.66	17.67	0.154571	34.504
17.68	17.67	0.154588	34.604
17.68	17.67	0.154605	34.704
17.68	17.67	0.154621	34.804
17.68	17.67	0.154638	34.905
17.68	17.68	0.154655	35.004
17.68	17.68	0.154671	35.104
17.68	17.68	0.154688	35.204
17.68	17.68	0.154705	35.304
17.68	17.68	0.154721	35.404
17.68	17.69	0.154738	35.504
17.68	17.69	0.154755	35.604
17.68	17.69	0.154771	35.704
17.68	17.69	0.154788	35.805
17.71	17.69	0.154805	35.904
17.71	17.69	0.154821	36.004
17.71	17.69	0.154838	36.104
17.71	17.70	0.154855	36.204
17.71	17.70	0.154871	36.304
17.71	17.70	0.154888	36.404
17.71	17.70	0.154905	36.503
17.71	17.70	0.154921	36.605
17.71	17.70	0.154938	36.705
17.71	17.70	0.154955	36.828
17.71	17.70	0.154971	36.928
17.71	17.70	0.154988	37.032
17.71	17.70	0.155005	37.127
17.71	17.70	0.155021	37.227
17.71	17.70	0.155038	37.331
17.71	17.71	0.155055	37.425
17.71	17.71	0.155071	37.528
17.71	17.71	0.155088	37.629
17.71	17.71	0.155105	37.724
17.71	17.71	0.155121	37.828
17.71	17.71	0.155138	37.928
17.71	17.71	0.155155	38.023
17.71	17.71	0.155171	38.127
17.71	17.71	0.155188	38.227
17.71	17.71	0.155205	38.321
17.71	17.71	0.155221	38.426
17.71	17.71	0.155238	38.526
17.71	17.71	0.155255	38.620
17.74	17.71	0.155271	38.725
17.74	17.70	0.155288	38.824
17.74	17.70	0.155305	38.919
17.74	17.70	0.155321	39.023
17.74	17.70	0.155338	39.118
17.74	17.70	0.155355	39.218
17.74	17.70	0.155371	39.322
17.71	17.70	0.155388	39.417
17.71	17.70	0.155404	39.516
17.71	17.70	0.155421	39.621
17.71	17.70	0.155438	39.715
17.71	17.70	0.155454	39.815
17.71	17.70	0.155471	39.919
17.71	17.70	0.155488	40.014
17.71	17.69	0.155504	40.114
17.71	17.69	0.155521	40.218
17.68	17.69	0.155538	40.313
17.68	17.69	0.155554	40.412
17.68	17.69	0.155571	40.517
17.68	17.69	0.155588	40.611
17.68	17.69	0.155604	40.711
17.68	17.69	0.155621	40.816
17.68	17.68	0.155638	40.910
17.68	17.68	0.155654	41.010
17.68	17.68	0.155671	41.114
17.68	17.68	0.155688	41.209
17.68	17.68	0.155704	41.309
17.68	17.68	0.155721	41.413
17.68	17.67	0.155738	41.507
17.68	17.67	0.155754	41.610
17.68	17.67	0.155771	41.712
17.68	17.67	0.155788	41.806
17.68	17.67	0.155804	41.910
17.68	17.67	0.155821	42.010
17.68	17.66	0.155838	42.106
17.68	17.66	0.155854	42.209
17.68	17.66	0.155871	42.309
17.68	17.66	0.155888	42.407
17.68	17.66	0.155904	42.507
17.68	17.66	0.155921	42.607
17.68	17.65	0.155938	42.706
17.66	17.65	0.155954	42.806
17.66	17.65	0.155971	42.906
17.66	17.65	0.155988	43.006
17.66	17.65	0.156004	43.106
17.66	17.65	0.156021	43.206
17.66	17.64	0.156038	43.306
17.66	17.64	0.156054	43.406
17.66	17.64	0.156071	43.507
17.66	17.64	0.156088	43.607
17.63	17.64	0.156104	43.707
17.63	17.64	0.156121	43.807
17.63	17.63	0.156138	43.907
17.63	17.63	0.156154	44.007
17.63	17.63	0.156171	44.107
17.63	17.63	0.156188	44.207
17.63	17.63	0.156204	44.307
17.63	17.63	0.156221	44.407
17.63	17.62	0.156237	44.507
17.63	17.62	0.156254	44.607
17.63	17.62	0.156271	44.707
17.61	17.62	0.156287	44.807
17.61	17.62	0.156304	44.908
17.61	17.62	0.156321	45.007
17.61	17.62	0.156337	45.107
17.61	17.62	0.156354	45.207
17.61	17.61	0.156371	45.308
17.61	17.61	0.156387	45.407
17.61	17.61	0.156404	45.507
17.61	17.61	0.156421	45.607
17.61	17.61	0.156437	45.707
17.61	17.61	0.156454	45.808
17.61	17.61	0.156471	45.908
17.61	17.61	0.156487	46.007
17.61	17.61	0.156504	46.107
17.61	17.61	0.156521	46.208
17.61	17.61	0.156537	46.307
17.61	17.60	0.156554	46.407
17.61	17.60	0.156571	46.508
17.61	17.60	0.156587	46.608
17.61	17.60	0.156604	46.708
17.61	17.60	0.156621	46.808
17.61	17.60	0.156637	46.908
17.61	17.60	0.156654	47.032
17.58	17.60	0.156671	47.109
17.58	17.60	0.156687	47.236
17.58	17.60	0.156704	47.331
17.58	17.60	0.156721	47.408
17.58	17.60	0.156737	47.535
17.58	17.60	0.156754	47.630
17.58	17.60	0.156771	47.709
17.58	17.60	0.156787	47.834
17.58	17.60	0.156804	47.928
17.58	17.60	0.156821	48.033
17.58	17.60	0.156837	48.132
17.58	17.60	0.156854	48.227
17.58	17.60	0.156871	48.331
17.58	17.61	0.156887	48.431
17.58	17.61	0.156904	48.526
17.58	17.61	0.156921	48.630
17.58	17.61	0.156937	48.725
17.58	17.61	0.156954	48.824
17.61	17.61	0.156971	48.929
17.61	17.61	0.156987	49.023
17.61	17.61	0.157004	49.123
17.61	17.61	0.157021	49.226
17.61	17.61	0.157037	49.322
17.61	17.62	0.157054	49.422
17.61	17.62	0.157070	49.525
17.61	17.62	0.157087	49.620
17.61	17.62	0.157104	49.719
17.61	17.62	0.157120	49.824
17.63	17.62	0.157137	49.919
17.63	17.62	0.157154	50.019
17.63	17.63	0.157170	50.124
17.63	17.63	0.157187	50.217
17.63	17.63	0.157204	50.317
17.63	17.63	0.157220	50.421
17.63	17.63	0.157237	50.516
17.63	17.64	0.157254	50.615
17.63	17.64	0.157270	50.720
17.63	17.64	0.157287	50.815
17.63	17.64	0.157304	50.915
17.63	17.65	0.157320	51.019
17.63	17.65	0.157337	51.113
17.63	17.65	0.157354	51.216
17.63	17.65	0.157370	51.317
17.63	17.66	0.157387	51.412
17.63	17.66	0.157404	51.515
17.66	17.66	0.157420	51.616
17.66	17.66	0.157437	51.711
17.66	17.67	0.157454	51.815
17.66	17.67	0.157470	51.915
17.66	17.67	0.157487	52.009
17.66	17.67	0.157504	52.114
17.66	17.68	0.157520	52.213
17.66	17.68	0.157537	52.308
17.66	17.68	0.157554	52.412
17.68	17.69	0.157570	52.512
17.68	17.69	0.157587	52.608
17.68	17.69	0.157604	52.711
17.68	17.70	0.157620	52.812
17.68	17.70	0.157637	52.908
17.68	17.70	0.157654	53.010
17.68	17.71	0.157670	53.112
17.68	17.71	0.157687	53.208
17.71	17.71	0.157704	53.309
17.71	17.72	0.157720	53.412
17.71	17.72	0.157737	53.508
17.71	17.72	0.157754	53.608
17.71	17.73	0.157770	53.708
17.71	17.73	0.157787	53.808
17.74	17.73	0.157804	53.908
17.74	17.74	0.157820	54.012
17.74	17.74	0.157837	54.108
17.74	17.74	0.157854	54.208
17.74	17.75	0.157870	54.313
17.74	17.75	0.157887	54.409
17.76	17.75	0.157903	54.509
17.76	17.76	0.157920	54.613
17.76	17.76	0.157937	54.709
17.76	17.76	0.157953	54.809
17.76	17.77	0.157970	54.913
17.76	17.77	0.157987	55.009
17.76	17.77	0.158003	55.109
17.76	17.78	0.158020	55.213
17.76	17.78	0.158037	55.309
17.79	17.79	0.158053	55.409
17.79	17.79	0.158070	55.514
17.79	17.79	0.158087	55.609
17.79	17.80	0.158103	55.709
17.79	17.80	0.158120	55.813
17.79	17.80	0.158137	55.909
17.79	17.81	0.158153	56.009
17.79	17.81	0.158170	56.114
17.81	17.81	0.158187	56.209
17.81	17.82	0.158203	56.309
17.81	17.82	0.158220	56.409
17.81	17.82	0.158237	56.509
17.81	17.83	0.158253	56.609
17.81	17.83	0.158270	56.715
17.81	17.83	0.158287	56.809
17.84	17.83	0.158303	56.909
17.84	17.84	0.158320	57.009
17.84	17.84	0.158337	57.109
17.84	17.84	0.158353	57.209
17.84	17.85	0.158370	57.309
17.84	17.85	0.158387	57.409
17.84	17.85	0.158403	57.509
17.86	17.86	0.158420	57.609
17.86	17.86	0.158437	57.709
17.86	17.86	0.158453	57.809
17.86	17.86	0.158470	57.937
17.86	17.87	0.158487	58.037
17.86	17.87	0.158503	58.131
17.86	17.87	0.158520	58.236
17.89	17.87	0.158537	58.335
17.89	17.88	0.158553	58.430
17.89	17.88	0.158570	58.535
17.89	17.88	0.158587	58.629
17.89	17.88	0.158603	58.729
17.89	17.89	0.158620	58.833
17.89	17.89	0.158637	58.928
17.89	17.89	0.158653	59.027
17.89	17.89	0.158670	59.132
17.89	17.89	0.158687	59.226
17.92	17.90	0.158703	59.326
17.92	17.90	0.158720	59.431
17.92	17.90	0.158736	59.525
17.92	17.90	0.158753	59.625
17.92	17.90	0.158770	59.729
17.92	17.90	0.158786	59.824
17.92	17.90	0.158803	59.923
17.92	17.91	0.158820	00.028
17.92	17.91	0.158836	00.123
17.92	17.91	0.158853	00.222
17.92	17.91	0.158870	00.327
17.92	17.91	0.158886	00.421
17.92	17.91	0.158903	00.521
17.92	17.91	0.158920	00.625
17.92	17.91	0.158936	00.720
17.92	17.92	0.158953	00.822
17.92	17.92	0.158970	00.924
17.92	17.92	0.158986	01.019
17.92	17.92	0.159003	01.121
17.92	17.92	0.159020	01.223
17.92	17.92	0.159036	01.317
17.92	17.92	0.159053	01.421
17.92	17.92	0.159070	01.521
17.92	17.92	0.159086	01.616
17.92	17.92	0.159103	01.721
17.92	17.92	0.159120	01.819
17.92	17.92	0.159136	01.914
17.92	17.92	0.159153	02.018
17.92	17.92	0.159170	02.118
17.92	17.92	0.159186	02.213
17.92	17.92	0.159203	02.317
17.92	17.92	0.159220	02.412
17.92	17.92	0.159236	02.511
17.92	17.92	0.159253	02.616
17.92	17.92	0.159270	02.710
17.92	17.92	0.159286	02.810
17.92	17.92	0.159303	02.914
17.94	17.92	0.159320	03.009
17.94	17.92	0.159336	03.109
17.94	17.92	0.159353	03.213
17.94	17.92	0.159370	03.309
17.94	17.91	0.159386	03.409
17.94	17.91	0.159403	03.512
17.94	17.91	0.159420	03.609
17.94	17.91	0.159436	03.709
17.94	17.91	0.159453	03.810
17.94	17.91	0.159470	03.909
17.92	17.91	0.159486	04.010
17.92	17.91	0.159503	04.109
17.92	17.91	0.159520	04.209
17.92	17.91	0.159536	04.309
17.92	17.90	0.159553	04.409
17.92	17.90	0.159569	04.509
17.92	17.90	0.159586	04.609
17.92	17.90	0.159603	04.709
17.92	17.90	0.159619	04.809
17.92	17.90	0.159636	04.909
17.92	17.90	0.159653	05.009
17.89	17.89	0.159669	05.109
17.89	17.89	0.159686	05.209
17.89	17.89	0.159703	05.309
17.89	17.89	0.159719	05.409
17.89	17.89	0.159736	05.509
17.89	17.89	0.159753	05.609
17.89	17.88	0.159769	05.709
17.89	17.88	0.159786	05.810
17.89	17.88	0.159803	05.909
17.89	17.88	0.159819	06.009
17.89	17.88	0.159836	06.109
17.89	17.88	0.159853	06.209
17.86	17.87	0.159869	06.309
17.86	17.87	0.159886	06.409
17.86	17.87	0.159903	06.509
17.86	17.87	0.159919	06.609
17.86	17.87	0.159936	06.709
17.86	17.87	0.159953	06.809
17.86	17.86	0.159969	06.909
17.86	17.86	0.159986	07.009
17.86	17.86	0.160003	07.109
17.86	17.86	0.160019	07.209
17.86	17.86	0.160036	07.309
17.86	17.86	0.160053	07.410
17.86	17.85	0.160069	07.509
17.86	17.85	0.160086	07.609
17.86	17.85	0.160103	07.709
17.86	17.85	0.160119	07.809
17.86	17.85	0.160136	07.909
17.86	17.85	0.160153	08.009
17.86	17.84	0.160169	08.109
17.86	17.84	0.160186	08.209
17.86	17.84	0.160203	08.310
17.86	17.84	0.160219	08.409
17.86	17.84	0.160236	08.509
17.86	17.84	0.160253	08.609
17.86	17.84	0.160269	08.709
17.84	17.83	0.160286	08.809
17.84	17.83	0.160303	08.932
17.84	17.83	0.160319	09.038
17.84	17.83	0.160336	09.131
17.84	17.83	0.160353	09.231
17.84	17.83	0.160369	09.335
17.84	17.83	0.160386	09.430
17.84	17.83	0.160402	09.529
17.81	17.82	0.160419	09.634
17.81	17.82	0.160436	09.729
17.81	17.82	0.160452	09.828
17.81	17.82	0.160469	09.933
17.81	17.82	0.160486	10.027
17.81	17.82	0.160502	10.127
17.81	17.82	0.160519	10.231
17.81	17.82	0.160536	10.326
17.81	17.82	0.160552	10.427
17.81	17.82	0.160569	10.530
17.81	17.82	0.160586	10.625
17.81	17.82	0.160602	10.727
17.81	17.82	0.160619	10.829
17.81	17.82	0.160636	10.923
17.81	17.82	0.160652	11.027
17.81	17.82	0.160669	11.127
17.81	17.82	0.160686	11.222
17.79	17.82	0.160702	11.327
17.79	17.82	0.160719	11.426
17.79	17.82	0.160736	11.521
17.79	17.82	0.160752	11.625
17.79	17.82	0.160769	11.725
17.79	17.82	0.160786	11.819
17.81	17.82	0.160802	11.924
17.81	17.82	0.160819	12.024
17.81	17.82	0.160836	12.118
17.81	17.82	0.160852	12.223
17.81	17.82	0.160869	12.317
17.81	17.82	0.160886	12.417
17.81	17.82	0.160902	12.521
17.81	17.82	0.160919	12.616
17.81	17.82	0.160936	12.715
17.81	17.82	0.160952	12.820
17.81	17.82	0.160969	12.915
17.81	17.82	0.160986	13.014
17.81	17.82	0.161002	13.119
17.81	17.83	0.161019	13.213
17.84	17.83	0.161036	13.313
17.84	17.83	0.161052	13.417
17.84	17.83	0.161069	13.512
17.84	17.83	0.161086	13.612
17.84	17.83	0.161102	13.716
17.84	17.83	0.161119	13.811
17.84	17.84	0.161136	13.909
17.84	17.84	0.161152	14.014
17.84	17.84	0.161169	14.109
17.84	17.84	0.161186	14.210
17.84	17.84	0.161202	14.312
17.84	17.85	0.161219	14.410
17.84	17.85	0.161235	14.510
17.84	17.85	0.161252	14.611
17.84	17.85	0.161269	14.710
17.84	17.85	0.161285	14.810
17.84	17.86	0.161302	14.910
17.84	17.86	0.161319	15.010
17.84	17.86	0.161335	15.110
17.84	17.86	0.161352	15.211
17.84	17.87	0.161369	15.310
17.84	17.87	0.161385	15.410
17.84	17.87	0.161402	15.510
17.86	17.87	0.161419	15.610
17.86	17.88	0.161435	15.710
17.86	17.88	0.161452	15.810
17.86	17.88	0.161469	15.910
17.86	17.89	0.161485	16.010
17.86	17.89	0.161502	16.110
17.86	17.89	0.161519	16.210
17.86	17.89	0.161535	16.310
17.89	17.90	0.161552	16.410
17.89	17.90	0.161569	16.510
17.89	17.90	0.161585	16.610
17.89	17.91	0.161602	16.710
17.89	17.91	0.161619	16.810
17.89	17.91	0.161635	16.910
17.92	17.92	0.161652	17.010
17.92	17.92	0.161669	17.110
17.92	17.92	0.161685	17.210
17.92	17.93	0.161702	17.310
17.92	17.93	0.161719	17.410
17.92	17.93	0.161735	17.510
17.94	17.94	0.161752	17.610
17.94	17.94	0.161769	17.711
17.94	17.94	0.161785	17.810
17.94	17.95	0.161802	17.910
17.94	17.95	0.161819	18.010
17.94	17.95	0.161835	18.110
17.94	17.96	0.161852	18.210
17.94	17.96	0.161869	18.310
17.97	17.96	0.161885	18.410
17.97	17.97	0.161902	18.510
17.97	17.97	0.161919	18.610
17.97	17.97	0.161935	18.710
17.97	17.98	0.161952	18.810
17.97	17.98	0.161969	18.910
17.97	17.98	0.161985	19.010
17.99	17.99	0.162002	19.110
17.99	17.99	0.162019	19.210
17.99	18.00	0.162035	19.310
17.99	18.00	0.162052	19.410
17.99	18.00	0.162068	19.510
17.99	18.01	0.162085	19.634
17.99	18.01	0.162102	19.734
17.99	18.01	0.162118	19.838
17.99	18.02	0.162135	19.933
18.02	18.02	0.162152	20.032
18.02	18.02	0.162168	20.137
18.02	18.03	0.162185	20.231
18.02	18.03	0.162202	20.332
18.02	18.03	0.162218	20.436
18.02	18.04	0.162235	20.530
18.04	18.04	0.162252	20.633
18.04	18.04	0.162268	20.734
18.04	18.05	0.162285	20.829
18.04	18.05	0.162302	20.932
18.04	18.05	0.162318	21.032
18.04	18.05	0.162335	21.127
18.04	18.06	0.162352	21.231
18.04	18.06	0.162368	21.331
18.07	18.06	0.162385	21.426
18.07	18.07	0.162402	21.530
18.07	18.07	0.162418	21.629
18.07	18.07	0.162435	21.724
18.07	18.07	0.162452	21.828
18.07	18.08	0.162468	21.923
18.09	18.08	0.162485	22.024
18.09	18.08	0.162502	22.127
18.09	18.08	0.162518	22.222
18.09	18.09	0.162535	22.321
18.09	18.09	0.162552	22.426
18.09	18.09	0.162568	22.520
18.09	18.09	0.162585	22.620
18.09	18.10	0.162602	22.724
18.12	18.10	0.162618	22.819
18.12	18.10	0.162635	22.919
18.12	18.10	0.162652	23.023
18.12	18.10	0.162668	23.118
18.12	18.11	0.162685	23.217
18.12	18.11	0.162702	23.322
18.12	18.11	0.162718	23.416
18.12	18.11	0.162735	23.516
18.12	18.11	0.162752	23.621
18.12	18.12	0.162768	23.715
18.12	18.12	0.162785	23.815
18.12	18.12	0.162802	23.919
18.12	18.12	0.162818	24.014
18.15	18.12	0.162835	24.114
18.15	18.12	0.162852	24.218
18.15	18.12	0.162868	24.313
18.15	18.12	0.162885	24.415
18.15	18.13	0.162901	24.517
18.15	18.13	0.162918	24.611
18.15	18.13	0.162935	24.715
18.15	18.13	0.162951	24.815
18.15	18.13	0.162968	24.911
18.15	18.13	0.162985	25.014
18.15	18.13	0.163001	25.114
18.15	18.13	0.163018	25.211
18.15	18.13	0.163035	25.313
18.15	18.13	0.163051	25.413
18.12	18.13	0.163068	25.511
18.12	18.13	0.163085	25.612
18.12	18.13	0.163101	25.711
18.12	18.13	0.163118	25.811
18.12	18.13	0.163135	25.912
18.12	18.13	0.163151	26.011
18.12	18.13	0.163168	26.111
18.12	18.13	0.163185	26.211
18.12	18.13	0.163201	26.312
18.12	18.13	0.163218	26.411
18.12	18.13	0.163235	26.510
18.12	18.13	0.163251	26.611
18.12	18.13	0.163268	26.711
18.12	18.13	0.163285	26.812
18.12	18.13	0.163301	26.911
18.15	18.13	0.163318	27.011
18.15	18.13	0.163335	27.111
18.15	18.13	0.163351	27.212
18.15	18.13	0.163368	27.311
18.15	18.13	0.163385	27.411
18.15	18.13	0.163401	27.512
18.15	18.13	0.163418	27.612
18.15	18.12	0.163435	27.712
18.15	18.12	0.163451	27.812
18.15	18.12	0.163468	27.912
18.15	18.12	0.163485	28.012
18.15	18.12	0.163501	28.112
18.12	18.12	0.163518	28.212
18.12	18.12	0.163535	28.312
18.12	18.12	0.163551	28.413
18.12	18.12	0.163568	28.511
18.12	18.11	0.163585	28.612
18.12	18.11	0.163601	28.712
18.12	18.11	0.163618	28.812
18.12	18.11	0.163635	28.912
18.12	18.11	0.163651	29.013
18.12	18.11	0.163668	29.112
18.12	18.11	0.163685	29.212
18.12	18.10	0.163701	29.313
18.12	18.10	0.163718	29.412
18.09	18.10	0.163734	29.512
18.09	18.10	0.163751	29.614
18.09	18.10	0.163768	29.712
18.09	18.10	0.163784	29.813
18.09	18.09	0.163801	29.913
18.09	18.09	0.163818	30.042
18.09	18.09	0.163834	30.136
18.09	18.09	0.163851	30.213
18.09	18.09	0.163868	30.340
18.09	18.09	0.163884	30.435
18.09	18.08	0.163901	30.514
18.09	18.08	0.163918	30.639
18.09	18.08	0.163934	30.734
18.09	18.08	0.163951	30.838
18.09	18.08	0.163968	30.938
18.09	18.08	0.163984	31.032
18.09	18.07	0.164001	31.137
18.09	18.07	0.164018	31.236
18.09	18.07	0.164034	31.331
18.09	18.07	0.164051	31.436
18.09	18.07	0.164068	31.535
18.09	18.07	0.164084	31.630
18.09	18.06	0.164101	31.734
18.09	18.06	0.164118	31.829
18.07	18.06	0.164134	31.928
18.07	18.06	0.164151	32.033
18.07	18.06	0.164168	32.127
18.07	18.06	0.164184	32.226
18.07	18.05	0.164201	32.332
18.07	18.05	0.164218	32.425
18.07	18.05	0.164234	32.526
18.07	18.05	0.164251	32.630
18.07	18.05	0.164268	32.724
18.04	18.05	0.164284	32.823
18.04	18.05	0.164301	32.928
18.04	18.04	0.164318	33.023
18.04	18.04	0.164334	33.122
18.04	18.04	0.164351	33.227
18.04	18.04	0.164368	33.321
18.04	18.04	0.164384	33.421
18.04	18.04	0.164401	33.525
18.02	18.04	0.164418	33.620
18.02	18.04	0.164434	33.720
18.02	18.04	0.164451	33.824
18.02	18.04	0.164468	33.919
18.02	18.03	0.164484	34.020
18.02	18.03	0.164501	34.123
18.02	18.03	0.164518	34.217
18.02	18.03	0.164534	34.320
18.02	18.03	0.164551	34.421
18.02	18.03	0.164567	34.516
18.02	18.03	0.164584	34.621
18.02	18.03	0.164601	34.720
18.02	18.03	0.164617	34.815
18.02	18.03	0.164634	34.919
18.02	18.03	0.164651	35.019
18.02	18.03	0.164667	35.113
18.02	18.03	0.164684	35.218
18.02	18.03	0.164701	35.318
18.02	18.03	0.164717	35.413
18.02	18.03	0.164734	35.517
18.02	18.03	0.164751	35.616
18.02	18.03	0.164767	35.713
18.02	18.03	0.164784	35.815
18.02	18.03	0.164801	35.917
18.04	18.03	0.164817	36.013
18.04	18.03	0.164834	36.114
18.04	18.03	0.164851	36.217
18.04	18.03	0.164867	36.313
18.04	18.03	0.164884	36.414
18.04	18.03	0.164901	36.517
18.04	18.03	0.164917	36.614
18.04	18.03	0.164934	36.714
18.04	18.04	0.164951	36.817
18.04	18.04	0.164967	36.914
18.04	18.04	0.164984	37.014
18.02	18.04	0.165001	37.117
18.02	18.04	0.165017	37.214
18.02	18.04	0.165034	37.314
18.02	18.04	0.165051	37.418
18.02	18.04	0.165067	37.514
18.02	18.04	0.165084	37.614
18.02	18.05	0.165101	37.717
18.02	18.05	0.165117	37.814
18.02	18.05	0.165134	37.914
18.04	18.05	0.165151	38.018
18.04	18.05	0.165167	38.114
18.04	18.06	0.165184	38.214
18.04	18.06	0.165201	38.318
18.04	18.06	0.165217	38.414
18.04	18.06	0.165234	38.514
18.04	18.06	0.165251	38.618
18.04	18.07	0.165267	38.714
18.04	18.07	0.165284	38.815
18.07	18.07	0.165301	38.918
18.07	18.07	0.165317	39.014
18.07	18.07	0.165334	39.114
18.07	18.08	0.165351	39.219
18.07	18.08	0.165367	39.314
18.07	18.08	0.165384	39.414
18.07	18.08	0.165400	39.518
18.07	18.09	0.165417	39.614
18.07	18.09	0.165434	39.714
18.07	18.09	0.165450	39.814
18.07	18.10	0.165467	39.914
18.09	18.10	0.165484	40.014
18.09	18.10	0.165500	40.114
18.09	18.10	0.165517	40.214
18.09	18.11	0.165534	40.314
18.09	18.11	0.165550	40.420
18.09	18.11	0.165567	40.514
18.09	18.12	0.165584	40.614
18.09	18.12	0.165600	40.743
18.12	18.12	0.165617	40.843
18.12	18.13	0.165634	40.937
18.12	18.13	0.165650	41.042
18.12	18.13	0.165667	41.141
18.12	18.14	0.165684	41.236
18.12	18.14	0.165700	41.340
18.15	18.14	0.165717	41.440
18.15	18.15	0.165734	41.535
18.15	18.15	0.165750	41.639
18.15	18.15	0.165767	41.734
18.15	18.16	0.165784	41.833
18.15	18.16	0.165800	41.938
18.15	18.16	0.165817	42.032
18.17	18.17	0.165834	42.132
18.17	18.17	0.165850	42.236
18.17	18.17	0.165867	42.331
18.17	18.18	0.165884	42.431
18.17	18.18	0.165900	42.534
18.17	18.18	0.165917	42.629
18.17	18.19	0.165934	42.729
18.17	18.19	0.165950	42.833
18.17	18.19	0.165967	42.927
18.20	18.20	0.165984	43.028
18.20	18.20	0.166000	43.133
18.20	18.21	0.166017	43.226
18.20	18.21	0.166034	43.326
18.20	18.21	0.166050	43.430
18.20	18.22	0.166067	43.525
18.20	18.22	0.166084	43.625
18.20	18.22	0.166100	43.729
18.22	18.23	0.166117	43.824
18.22	18.23	0.166134	43.926
18.22	18.23	0.166150	44.028
18.22	18.24	0.166167	44.122
18.22	18.24	0.166184	44.226
18.22	18.24	0.166200	44.326
18.25	18.25	0.166217	44.421
18.25	18.25	0.166233	44.525
18.25	18.25	0.166250	44.625
18.25	18.26	0.166267	44.720
18.25	18.26	0.166283	44.824
18.25	18.26	0.166300	44.924
18.27	18.26	0.166317	45.018
18.27	18.27	0.166333	45.123
18.27	18.27	0.166350	45.222
18.27	18.27	0.166367	45.317
18.27	18.28	0.166383	45.421
18.27	18.28	0.166400	45.516
18.27	18.28	0.166417	45.616
18.30	18.28	0.166433	45.720
18.30	18.29	0.166450	45.816
18.30	18.29	0.166467	45.916
18.30	18.29	0.166483	46.019
18.30	18.30	0.166500	46.116
18.30	18.30	0.166517	46.216
18.30	18.30	0.166533	46.318
18.30	18.30	0.166550	46.416
18.33	18.31	0.166567	46.516
18.33	18.31	0.166583	46.616
18.33	18.31	0.166600	46.716
18.33	18.31	0.166617	46.816
18.33	18.31	0.166633	46.916
18.33	18.32	0.166650	47.016
18.33	18.32	0.166667	47.116
18.33	18.32	0.166683	47.216
18.33	18.32	0.166700	47.316
18.33	18.32	0.166717	47.416
18.33	18.33	0.166733	47.516
18.33	18.33	0.166750	47.616
18.33	18.33	0.166767	47.716
18.33	18.33	0.166783	47.816
18.33	18.33	0.166800	47.917
18.33	18.33	0.166817	48.016
18.33	18.33	0.166833	48.116
18.33	18.34	0.166850	48.216
18.33	18.34	0.166867	48.316
18.33	18.34	0.166883	48.416
18.33	18.34	0.166900	48.516
18.33	18.34	0.166917	48.616
18.35	18.34	0.166933	48.716
18.35	18.34	0.166950	48.816
18.35	18.34	0.166967	48.916
18.35	18.34	0.166983	49.016
18.35	18.34	0.167000	49.116
18.35	18.34	0.167017	49.216
18.35	18.34	0.167033	49.316
18.35	18.35	0.167050	49.416
18.35	18.35	0.167066	49.516
18.35	18.35	0.167083	49.616
18.35	18.35	0.167100	49.716
18.35	18.35	0.167116	49.816
18.35	18.35	0.167133	49.916
18.35	18.35	0.167150	50.016
18.35	18.35	0.167166	50.116
18.35	18.35	0.167183	50.216
18.35	18.35	0.167200	50.316
18.35	18.35	0.167216	50.417
18.35	18.35	0.167233	50.516
18.35	18.35	0.167250	50.616
18.35	18.35	0.167266	50.716
18.35	18.34	0.167283	50.816
18.38	18.34	0.167300	50.916
18.38	18.34	0.167316	51.016
18.38	18.34	0.167333	51.140
18.38	18.34	0.167350	51.245
18.38	18.34	0.167366	51.316
18.38	18.34	0.167383	51.439
18.38	18.34	0.167400	51.544
18.38	18.34	0.167416	51.638
18.35	18.34	0.167433	51.738
18.35	18.34	0.167450	51.842
18.35	18.34	0.167466	51.937
18.35	18.34	0.167483	52.036
18.35	18.33	0.167500	52.141
18.35	18.33	0.167516	52.236
18.35	18.33	0.167533	52.335
18.33	18.33	0.167550	52.440
18.33	18.33	0.167566	52.534
18.33	18.33	0.167583	52.634
18.33	18.33	0.167600	52.738
18.33	18.33	0.167616	52.833
18.33	18.32	0.167633	52.932
18.33	18.32	0.167650	53.037
18.33	18.32	0.167666	53.132
18.33	18.32	0.167683	53.231
18.33	18.32	0.167700	53.336
18.30	18.32	0.167716	53.430
18.30	18.31	0.167733	53.531
18.30	18.31	0.167750	53.634
18.30	18.31	0.167766	53.729
18.30	18.31	0.167783	53.832
18.30	18.31	0.167800	53.933
18.30	18.31	0.167816	54.028
18.30	18.30	0.167833	54.131
18.30	18.30	0.167850	54.232
18.30	18.30	0.167866	54.326
18.30	18.30	0.167883	54.431
18.30	18.30	0.167899	54.530
18.30	18.30	0.167916	54.625
18.30	18.29	0.167933	54.730
18.30	18.29	0.167949	54.829
18.30	18.29	0.167966	54.924
18.30	18.29	0.167983	55.028
18.30	18.29	0.167999	55.123
18.30	18.29	0.168016	55.222
18.30	18.28	0.168033	55.327
18.30	18.28	0.168049	55.422
18.30	18.28	0.168066	55.521
18.30	18.28	0.168083	55.626
18.30	18.28	0.168099	55.720
18.30	18.28	0.168116	55.820
18.30	18.27	0.168133	55.924
18.30	18.27	0.168149	56.019
18.30	18.27	0.168166	56.118
18.27	18.27	0.168183	56.223
18.27	18.27	0.168199	56.317
18.27	18.27	0.168216	56.417
18.27	18.26	0.168233	56.522
18.27	18.26	0.168249	56.617
18.27	18.26	0.168266	56.717
18.27	18.26	0.168283	56.819
18.27	18.26	0.168299	56.917
18.27	18.26	0.168316	57.018
18.25	18.26	0.168333	57.118
18.25	18.26	0.168349	57.217
18.25	18.25	0.168366	57.317
18.25	18.25	0.168383	57.417
18.25	18.25	0.168399	57.517
18.25	18.25	0.168416	57.617
18.25	18.25	0.168433	57.717
18.25	18.25	0.168449	57.817
18.25	18.25	0.168466	57.917
18.25	18.25	0.168483	58.017
18.25	18.25	0.168499	58.117
18.25	18.25	0.168516	58.217
18.25	18.25	0.168533	58.317
18.22	18.24	0.168549	58.417
18.22	18.24	0.168566	58.517
18.22	18.24	0.168583	58.617
18.22	18.24	0.168599	58.717
18.22	18.24	0.168616	58.817
18.22	18.24	0.168633	58.917
18.22	18.24	0.168649	59.017
18.22	18.24	0.168666	59.117
18.22	18.24	0.168683	59.217
18.22	18.24	0.168699	59.317
18.22	18.24	0.168716	59.417
18.22	18.24	0.168732	59.518
18.22	18.24	0.168749	59.617
18.22	18.24	0.168766	59.717
18.25	18.24	0.168782	59.817
18.25	18.24	0.168799	59.917
18.25	18.24	0.168816	00.017
18.25	18.24	0.168832	00.117
18.25	18.24	0.168849	00.217
18.25	18.24	0.168866	00.317
18.25	18.25	0.168882	00.417
18.25	18.25	0.168899	00.517
18.25	18.25	0.168916	00.617
18.25	18.25	0.168932	00.717
18.25	18.25	0.168949	00.817
18.25	18.25	0.168966	00.917
18.25	18.25	0.168982	01.017
18.25	18.25	0.168999	01.118
18.25	18.25	0.169016	01.217
18.25	18.25	0.169032	01.317
18.25	18.26	0.169049	01.417
18.25	18.26	0.169066	01.517
18.25	18.26	0.169082	01.617
18.25	18.26	0.169099	01.717
18.25	18.26	0.169116	01.817
18.25	18.26	0.169132	01.917
18.25	18.26	0.169149	02.017
18.25	18.27	0.169166	02.141
18.25	18.27	0.169182	02.241
18.25	18.27	0.169199	02.345
18.25	18.27	0.169216	02.440
18.25	18.27	0.169232	02.539
18.25	18.28	0.169249	02.644
18.25	18.28	0.169266	02.738
18.25	18.28	0.169282	02.838
18.25	18.28	0.169299	02.943
18.25	18.29	0.169316	03.037
18.25	18.29	0.169332	03.137
18.25	18.29	0.169349	03.241
18.27	18.29	0.169366	03.336
18.27	18.30	0.169382	03.437
18.27	18.30	0.169399	03.539
18.27	18.30	0.169416	03.633
18.27	18.30	0.169432	03.737
18.27	18.31	0.169449	03.838
18.30	18.31	0.169466	03.932
18.30	18.31	0.169482	04.037
18.30	18.31	0.169499	04.136
18.30	18.32	0.169516	04.231
18.30	18.32	0.169532	04.335
18.33	18.32	0.169549	04.435
18.33	18.33	0.169565	04.530
18.33	18.33	0.169582	04.634
18.33	18.33	0.169599	04.734
18.33	18.34	0.169615	04.828
18.33	18.34	0.169632	04.933
18.35	18.34	0.169649	05.027
18.35	18.35	0.169665	05.127
18.35	18.35	0.169682	05.231
18.35	18.35	0.169699	05.326
18.35	18.36	0.169715	05.426
18.35	18.36	0.169732	05.530
18.35	18.36	0.169749	05.625
18.35	18.37	0.169765	05.724
18.38	18.37	0.169782	05.829
18.38	18.37	0.169799	05.923
18.38	18.38	0.169815	06.023
18.38	18.38	0.169832	06.127
18.38	18.38	0.169849	06.222
18.38	18.39	0.169865	06.322
18.38	18.39	0.169882	06.426
18.38	18.39	0.169899	06.521
18.38	18.40	0.169915	06.620
18.40	18.40	0.169932	06.725
18.40	18.40	0.169949	06.819
18.40	18.41	0.169965	06.919
18.40	18.41	0.169982	07.024
18.40	18.41	0.169999	07.118
18.40	18.42	0.170015	07.219
18.40	18.42	0.170032	07.322
18.40	18.43	0.170049	07.418
18.43	18.43	0.170065	07.519
18.43	18.43	0.170082	07.621
18.43	18.44	0.170099	07.718
18.43	18.44	0.170115	07.819
18.43	18.44	0.170132	07.920
18.43	18.45	0.170149	08.018
18.43	18.45	0.170165	08.119
18.45	18.45	0.170182	08.218
18.45	18.46	0.170199	08.318
18.45	18.46	0.170215	08.418
18.45	18.46	0.170232	08.518
18.45	18.47	0.170249	08.619
18.45	18.47	0.170265	08.718
18.48	18.47	0.170282	08.818
18.48	18.47	0.170299	08.918
18.48	18.48	0.170315	09.018
18.48	18.48	0.170332	09.118
18.48	18.48	0.170349	09.218
18.48	18.49	0.170365	09.318
18.48	18.49	0.170382	09.418
18.50	18.49	0.170398	09.518
18.50	18.50	0.170415	09.618
18.50	18.50	0.170432	09.718
18.50	18.50	0.170448	09.818
18.50	18.50	0.170465	09.918
18.50	18.51	0.170482	10.018
18.50	18.51	0.170498	10.118
18.50	18.51	0.170515	10.219
18.50	18.51	0.170532	10.318
18.53	18.52	0.170548	10.418
18.53	18.52	0.170565	10.518
18.53	18.52	0.170582	10.618
18.53	18.52	0.170598	10.718
18.53	18.53	0.170615	10.818
18.53	18.53	0.170632	10.918
18.53	18.53	0.170648	11.018
18.53	18.53	0.170665	11.118
18.53	18.53	0.170682	11.218
18.56	18.54	0.170698	11.319
18.56	18.54	0.170715	11.419
18.56	18.54	0.170732	11.519
18.56	18.54	0.170748	11.619
18.56	18.54	0.170765	11.719
18.56	18.54	0.170782	11.819
18.56	18.54	0.170798	11.919
18.56	18.55	0.170815	12.019
18.56	18.55	0.170832	12.119
18.56	18.55	0.170848	12.220
18.56	18.55	0.170865	12.319
18.56	18.55	0.170882	12.419
18.56	18.55	0.170898	12.548
18.56	18.55	0.170915	12.643
18.56	18.55	0.170932	12.742
18.56	18.56	0.170948	12.847
18.56	18.56	0.170965	12.942
18.56	18.56	0.170982	13.042
18.56	18.56	0.170998	13.146
18.56	18.56	0.171015	13.240
18.56	18.56	0.171032	13.343
18.56	18.56	0.171048	13.444
18.56	18.56	0.171065	13.539
18.56	18.56	0.171082	13.642
18.56	18.56	0.171098	13.743
18.56	18.56	0.171115	13.838
18.56	18.56	0.171132	13.942
18.56	18.56	0.171148	14.042
18.56	18.56	0.171165	14.136
18.56	18.56	0.171182	14.241
18.56	18.56	0.171198	14.340
18.56	18.56	0.171215	14.435
18.56	18.56	0.171231	14.539
18.56	18.56	0.171248	14.639
18.56	18.56	0.171265	14.734
18.56	18.56	0.171281	14.838
18.56	18.56	0.171298	14.933
18.58	18.56	0.171315	15.032
18.58	18.56	0.171331	15.137
18.58	18.56	0.171348	15.231
18.58	18.56	0.171365	15.331
18.58	18.55	0.171381	15.436
18.58	18.55	0.171398	15.530
18.58	18.55	0.171415	15.630
18.58	18.55	0.171431	15.734
18.58	18.55	0.171448	15.829
18.56	18.55	0.171465	15.928
18.56	18.55	0.171481	16.033
18.56	18.55	0.171498	16.128
18.56	18.55	0.171515	16.227
18.56	18.55	0.171531	16.332
18.56	18.54	0.171548	16.426
18.56	18.54	0.171565	16.526
18.56	18.54	0.171581	16.630
18.56	18.54	0.171598	16.725
18.56	18.54	0.171615	16.824
18.56	18.54	0.171631	16.929
18.53	18.54	0.171648	17.024
18.53	18.53	0.171665	17.125
18.53	18.53	0.171681	17.228
18.53	18.53	0.171698	17.321
18.53	18.53	0.171715	17.425
18.53	18.53	0.171731	17.525
18.53	18.53	0.171748	17.620
18.53	18.52	0.171765	17.725
18.53	18.52	0.171781	17.825
18.53	18.52	0.171798	17.920
18.53	18.52	0.171815	18.023
18.53	18.52	0.171831	18.123
18.53	18.52	0.171848	18.220
18.53	18.51	0.171865	18.322
18.50	18.51	0.171881	18.421
18.50	18.51	0.171898	18.520
18.50	18.51	0.171915	18.621
18.50	18.51	0.171931	18.721
18.50	18.51	0.171948	18.820
18.50	18.50	0.171965	18.920
18.50	18.50	0.171981	19.022
18.50	18.50	0.171998	19.120
18.50	18.50	0.172015	19.220
18.50	18.50	0.172031	19.321
18.50	18.50	0.172048	19.421
18.50	18.49	0.172064	19.521
18.50	18.49	0.172081	19.622
18.50	18.49	0.172098	19.721
18.50	18.49	0.172114	19.821
18.50	18.49	0.172131	19.922
18.50	18.49	0.172148	20.021
18.50	18.48	0.172164	20.121
18.50	18.48	0.172181	20.223
18.50	18.48	0.172198	20.321
18.50	18.48	0.172214	20.421
18.50	18.48	0.172231	20.522
18.48	18.48	0.172248	20.621
18.48	18.48	0.172264	20.721
18.48	18.47	0.172281	20.823
18.48	18.47	0.172298	20.921
18.48	18.47	0.172314	21.021
18.48	18.47	0.172331	21.123
18.48	18.47	0.172348	21.221
18.48	18.47	0.172364	21.321
18.48	18.47	0.172381	21.423
18.48	18.47	0.172398	21.521
18.48	18.46	0.172414	21.621
18.45	18.46	0.172431	21.723
18.45	18.46	0.172448	21.822
18.45	18.46	0.172464	21.921
18.45	18.46	0.172481	22.024
18.45	18.46	0.172498	22.121
18.45	18.46	0.172514	22.221
18.45	18.46	0.172531	22.323
18.45	18.46	0.172548	22.421
18.45	18.46	0.172564	22.521
18.45	18.46	0.172581	22.624
18.45	18.46	0.172598	22.722
18.45	18.46	0.172614	22.821
18.45	18.46	0.172631	22.924
18.45	18.46	0.172648	23.021
18.45	18.46	0.172664	23.121
18.45	18.46	0.172681	23.224
18.45	18.46	0.172698	23.350
18.45	18.46	0.172714	23.444
18.45	18.46	0.172731	23.524
18.45	18.46	0.172748	23.648
18.45	18.46	0.172764	23.743
18.45	18.46	0.172781	23.848
18.45	18.46	0.172798	23.947
18.45	18.46	0.172814	24.042
18.45	18.46	0.172831	24.146
18.45	18.46	0.172848	24.245
18.45	18.46	0.172864	24.339
18.45	18.46	0.172881	24.444
18.45	18.46	0.172897	24.539
18.45	18.46	0.172914	24.638
18.45	18.46	0.172931	24.743
18.45	18.46	0.172947	24.837
18.45	18.46	0.172964	24.937
18.45	18.46	0.172981	25.041
18.45	18.46	0.172997	25.136
18.45	18.47	0.173014	25.235
18.45	18.47	0.173031	25.340
18.45	18.47	0.173047	25.435
18.45	18.47	0.173064	25.534
18.45	18.47	0.173081	25.639
18.45	18.47	0.173097	25.733
18.45	18.47	0.173114	25.833
18.45	18.48	0.173131	25.937
18.48	18.48	0.173147	26.032
18.48	18.48	0.173164	26.132
18.48	18.48	0.173181	26.236
18.48	18.48	0.173197	26.331
18.48	18.49	0.173214	26.430
18.48	18.49	0.173231	26.535
18.48	18.49	0.173247	26.629
18.48	18.49	0.173264	26.730
18.48	18.49	0.173281	26.834
18.48	18.50	0.173297	26.928
18.48	18.50	0.173314	27.031
18.48	18.50	0.173331	27.132
18.50	18.50	0.173347	27.227
18.50	18.51	0.173364	27.330
18.50	18.51	0.173381	27.431
18.50	18.51	0.173397	27.525
18.50	18.51	0.173414	27.630
18.50	18.52	0.173431	27.730
18.50	18.52	0.173447	27.824
18.50	18.52	0.173464	27.929
18.50	18.53	0.173481	28.028
18.50	18.53	0.173497	28.123
18.50	18.53	0.173514	28.227
18.53	18.53	0.173531	28.322
18.53	18.54	0.173547	28.423
18.53	18.54	0.173564	28.526
18.53	18.54	0.173581	28.622
18.53	18.55	0.173597	28.722
18.53	18.55	0.173614	28.825
18.53	18.55	0.173631	28.922
18.56	18.56	0.173647	29.022
18.56	18.56	0.173664	29.123
18.56	18.56	0.173681	29.222
18.56	18.57	0.173697	29.322
18.56	18.57	0.173714	29.422
18.56	18.57	0.173730	29.521
18.56	18.58	0.173747	29.622
18.58	18.58	0.173764	29.722
18.58	18.58	0.173780	29.822
18.58	18.59	0.173797	29.922
18.58	18.59	0.173814	30.022
18.58	18.59	0.173830	30.122
18.58	18.60	0.173847	30.222
18.58	18.60	0.173864	30.322
18.58	18.60	0.173880	30.422
18.61	18.61	0.173897	30.522
18.61	18.61	0.173914	30.622
18.61	18.61	0.173930	30.722
18.61	18.62	0.173947	30.822
18.61	18.62	0.173964	30.923
18.61	18.62	0.173980	31.022
18.63	18.63	0.173997	31.122
18.63	18.63	0.174014	31.222
18.63	18.64	0.174030	31.322
18.63	18.64	0.174047	31.422
18.63	18.64	0.174064	31.522
18.63	18.65	0.174080	31.623
18.63	18.65	0.174097	31.723
18.63	18.65	0.174114	31.823
18.66	18.66	0.174130	31.923
18.66	18.66	0.174147	32.023
18.66	18.66	0.174164	32.123
18.66	18.67	0.174180	32.223
18.66	18.67	0.174197	32.323
18.66	18.67	0.174214	32.423
18.69	18.68	0.174230	32.523
18.69	18.68	0.174247	32.623
18.69	18.68	0.174264	32.723
18.69	18.69	0.174280	32.823
18.69	18.69	0.174297	32.923
18.69	18.69	0.174314	33.023
18.69	18.69	0.174330	33.123
18.69	18.70	0.174347	33.223
18.69	18.70	0.174364	33.323
18.71	18.70	0.174380	33.424
18.71	18.71	0.174397	33.523
18.71	18.71	0.174414	33.623
18.71	18.71	0.174430	33.722
18.71	18.71	0.174447	33.822
18.71	18.72	0.174464	33.946
18.71	18.72	0.174480	34.051
18.71	18.72	0.174497	34.150
18.71	18.72	0.174514	34.245
18.71	18.73	0.174530	34.349
18.74	18.73	0.174547	34.444
18.74	18.73	0.174563	34.544
18.74	18.73	0.174580	34.648
18.74	18.74	0.174597	34.743
18.74	18.74	0.174613	34.842
18.74	18.74	0.174630	34.947
18.74	18.74	0.174647	35.041
18.74	18.74	0.174663	35.141
18.74	18.75	0.174680	35.246
18.76	18.75	0.174697	35.340
18.76	18.75	0.174713	35.440
18.76	18.75	0.174730	35.544
18.76	18.75	0.174747	35.639
18.76	18.76	0.174763	35.738
18.76	18.76	0.174780	35.843
18.76	18.76	0.174797	35.937
18.76	18.76	0.174813	36.037
18.76	18.76	0.174830	36.142
18.76	18.76	0.174847	36.236
18.76	18.76	0.174863	36.336
18.76	18.76	0.174880	36.440
18.76	18.77	0.174897	36.535
18.79	18.77	0.174913	36.636
18.79	18.77	0.174930	36.739
18.79	18.77	0.174947	36.834
18.79	18.77	0.174963	36.936
18.79	18.77	0.174980	37.038
18.79	18.77	0.174997	37.132
18.79	18.77	0.175013	37.237
18.79	18.77	0.175030	37.336
18.79	18.77	0.175047	37.431
18.79	18.77	0.175063	37.535
18.79	18.77	0.175080	37.635
18.79	18.77	0.175097	37.730
18.79	18.77	0.175113	37.834
18.79	18.77	0.175130	37.934
18.79	18.77	0.175147	38.028
18.79	18.77	0.175163	38.133
18.79	18.77	0.175180	38.227
18.79	18.77	0.175197	38.326
18.79	18.77	0.175213	38.431
18.76	18.77	0.175230	38.525
18.76	18.77	0.175247	38.625
18.76	18.77	0.175263	38.729
18.76	18.77	0.175280	38.824
18.76	18.77	0.175297	38.924
18.76	18.77	0.175313	39.028
18.76	18.77	0.175330	39.124
18.76	18.77	0.175347	39.224
18.76	18.77	0.175363	39.327
18.76	18.77	0.175380	39.424
18.76	18.77	0.175396	39.524
18.76	18.77	0.175413	39.625
18.76	18.76	0.175430	39.724
18.76	18.76	0.175446	39.824
18.76	18.76	0.175463	39.924
18.76	18.76	0.175480	40.025
18.76	18.76	0.175496	40.124
18.76	18.76	0.175513	40.224
18.76	18.76	0.175530	40.324
18.76	18.76	0.175546	40.424
18.76	18.76	0.175563	40.524
18.76	18.75	0.175580	40.624
18.76	18.75	0.175596	40.724
18.76	18.75	0.175613	40.824
18.79	18.75	0.175630	40.924
18.79	18.75	0.175646	41.024
18.79	18.75	0.175663	41.124
18.79	18.75	0.175680	41.224
18.76	18.74	0.175696	41.324
18.76	18.74	0.175713	41.424
18.76	18.74	0.175730	41.524
18.76	18.74	0.175746	41.625
18.76	18.74	0.175763	41.724
18.76	18.74	0.175780	41.824
18.76	18.73	0.175796	41.924
18.76	18.73	0.175813	42.024
18.76	18.73	0.175830	42.124
18.74	18.73	0.175846	42.224
18.74	18.73	0.175863	42.324
18.74	18.73	0.175880	42.424
18.74	18.72	0.175896	42.525
18.74	18.72	0.175913	42.624
18.74	18.72	0.175930	42.724
18.74	18.72	0.175946	42.824
18.71	18.72	0.175963	42.924
18.71	18.72	0.175980	43.024
18.71	18.71	0.175996	43.124
18.71	18.71	0.176013	43.224
18.71	18.71	0.176030	43.324
18.71	18.71	0.176046	43.424
18.71	18.71	0.176063	43.523
18.71	18.71	0.176080	43.624
18.71	18.70	0.176096	43.724
18.69	18.70	0.176113	43.824
18.69	18.70	0.176130	43.924
18.69	18.70	0.176146	44.024
18.69	18.70	0.176163	44.125
18.69	18.70	0.176180	44.224
18.69	18.69	0.176196	44.324
18.69	18.69	0.176213	44.424
18.69	18.69	0.176229	44.524
18.69	18.69	0.176246	44.648
18.69	18.69	0.176263	44.748
18.69	18.69	0.176279	44.852
18.69	18.69	0.176296	44.947
18.69	18.68	0.176313	45.046
18.69	18.68	0.176329	45.151
18.69	18.68	0.176346	45.246
18.69	18.68	0.176363	45.345
18.69	18.68	0.176379	45.450
18.69	18.68	0.176396	45.544
18.69	18.68	0.176413	45.644
18.69	18.68	0.176429	45.748
18.66	18.68	0.176446	45.843
18.66	18.68	0.176463	45.942
18.66	18.67	0.176479	46.047
18.66	18.67	0.176496	46.141
18.66	18.67	0.176513	46.242
18.66	18.67	0.176529	46.346
18.66	18.67	0.176546	46.439
18.66	18.67	0.176563	46.542
18.66	18.67	0.176579	46.643
18.66	18.67	0.176596	46.738
18.66	18.67	0.176613	46.842
18.66	18.67	0.176629	46.942
18.66	18.67	0.176646	47.037
18.66	18.67	0.176663	47.141
18.66	18.67	0.176679	47.241
18.66	18.67	0.176696	47.335
18.66	18.67	0.176713	47.440
18.66	18.67	0.176729	47.539
18.66	18.67	0.176746	47.634
18.66	18.67	0.176763	47.738
18.66	18.67	0.176779	47.838
18.66	18.67	0.176796	47.933
18.66	18.67	0.176813	48.037
18.66	18.67	0.176829	48.132
18.66	18.67	0.176846	48.231
18.69	18.67	0.176863	48.336
18.69	18.67	0.176879	48.430
18.69	18.67	0.176896	48.530
18.69	18.67	0.176913	48.634
18.69	18.67	0.176929	48.729
18.69	18.68	0.176946	48.829
18.69	18.68	0.176963	48.933
18.69	18.68	0.176979	49.028
18.69	18.68	0.176996	49.127
18.66	18.68	0.177013	49.232
18.66	18.68	0.177029	49.326
18.66	18.68	0.177046	49.426
18.66	18.68	0.177062	49.531
18.66	18.68	0.177079	49.625
18.66	18.69	0.177096	49.725
18.66	18.69	0.177112	49.829
18.66	18.69	0.177129	49.924
18.66	18.69	0.177146	50.024
18.66	18.69	0.177162	50.128
18.66	18.70	0.177179	50.223
18.66	18.70	0.177196	50.324
18.69	18.70	0.177212	50.427
18.69	18.70	0.177229	50.524
18.69	18.70	0.177246	50.624
18.69	18.71	0.177262	50.725
18.69	18.71	0.177279	50.824
18.69	18.71	0.177296	50.924
18.69	18.71	0.177312	51.024
18.69	18.71	0.177329	51.125
18.71	18.72	0.177346	51.224
18.71	18.72	0.177362	51.324
18.71	18.72	0.177379	51.424
18.71	18.72	0.177396	51.524
18.71	18.73	0.177412	51.624
18.71	18.73	0.177429	51.724
18.71	18.73	0.177446	51.824
18.71	18.74	0.177462	51.924
18.74	18.74	0.177479	52.024
18.74	18.74	0.177496	52.124
18.74	18.74	0.177512	52.224
18.74	18.75	0.177529	52.324
18.74	18.75	0.177546	52.424
18.74	18.75	0.177562	52.524
18.74	18.76	0.177579	52.624
18.74	18.76	0.177596	52.725
18.76	18.76	0.177612	52.824
18.76	18.77	0.177629	52.924
18.76	18.77	0.177646	53.024
18.76	18.77	0.177662	53.124
18.76	18.78	0.177679	53.224
18.76	18.78	0.177696	53.324
18.76	18.78	0.177712	53.424
18.79	18.79	0.177729	53.524
18.79	18.79	0.177746	53.625
18.79	18.79	0.177762	53.724
18.79	18.80	0.177779	53.824
18.79	18.80	0.177796	53.924
18.79	18.80	0.177812	54.024
18.79	18.81	0.177829	54.124
18.82	18.81	0.177846	54.224
18.82	18.81	0.177862	54.324
18.82	18.82	0.177879	54.424
18.82	18.82	0.177895	54.524
18.82	18.82	0.177912	54.624
18.82	18.83	0.177929	54.724
18.82	18.83	0.177945	54.824
18.82	18.83	0.177962	54.924
18.84	18.84	0.177979	55.024
18.84	18.84	0.177995	55.124
18.84	18.85	0.178012	55.225
18.84	18.85	0.178029	55.324
18.84	18.85	0.178045	55.424
18.84	18.86	0.178062	55.523
18.84	18.86	0.178079	55.623
18.84	18.86	0.178095	55.747
18.87	18.87	0.178112	55.848
18.87	18.87	0.178129	55.951
18.87	18.87	0.178145	56.046
18.87	18.88	0.178162	56.147
18.87	18.88	0.178179	56.250
18.87	18.88	0.178195	56.345
18.87	18.89	0.178212	56.447
18.87	18.89	0.178229	56.549
18.89	18.89	0.178245	56.643
18.89	18.90	0.178262	56.748
18.89	18.90	0.178279	56.847
18.89	18.90	0.178295	56.942
18.89	18.90	0.178312	57.046
18.89	18.91	0.178329	57.146
18.92	18.91	0.178345	57.241
18.92	18.91	0.178362	57.345
18.92	18.92	0.178379	57.445
18.92	18.92	0.178395	57.539
18.92	18.92	0.178412	57.644
18.92	18.92	0.178429	57.738
18.92	18.93	0.178445	57.838
18.92	18.93	0.178462	57.943
18.95	18.93	0.178479	58.037
18.95	18.94	0.178495	58.137
18.95	18.94	0.178512	58.241
18.95	18.94	0.178529	58.336
18.95	18.94	0.178545	58.435
18.95	18.95	0.178562	58.540
18.95	18.95	0.178579	58.635
18.95	18.95	0.178595	58.734
18.95	18.95	0.178612	58.839
18.95	18.95	0.178629	58.933
18.95	18.96	0.178645	59.033
18.95	18.96	0.178662	59.137
18.97	18.96	0.178679	59.232
18.97	18.96	0.178695	59.331
18.97	18.96	0.178712	59.436
18.97	18.97	0.178728	59.531
18.97	18.97	0.178745	59.630
18.97	18.97	0.178762	59.735
18.97	18.97	0.178778	59.829
18.97	18.97	0.178795	59.930
18.97	18.97	0.178812	00.033
18.97	18.97	0.178828	00.127
18.97	18.98	0.178845	00.229
18.97	18.98	0.178862	00.331
18.97	18.98	0.178878	00.426
19.00	18.98	0.178895	00.530
19.00	18.98	0.178912	00.631
19.00	18.98	0.178928	00.724
19.00	18.98	0.178945	00.829
19.00	18.98	0.178962	00.928
19.00	18.98	0.178978	01.024
19.00	18.98	0.178995	01.128
19.00	18.98	0.179012	01.227
19.00	18.98	0.179028	01.324
19.00	18.99	0.179045	01.426
19.00	18.99	0.179062	01.526
19.00	18.99	0.179078	01.624
19.00	18.99	0.179095	01.725
19.00	18.99	0.179112	01.826
19.00	18.99	0.179128	01.924
19.00	18.99	0.179145	02.024
19.00	18.99	0.179162	02.126
19.00	18.99	0.179178	02.224
19.00	18.99	0.179195	02.324
19.00	18.99	0.179212	02.427
19.00	18.99	0.179228	02.524
19.00	18.99	0.179245	02.624
19.00	18.99	0.179262	02.727
19.00	18.98	0.179278	02.824
19.00	18.98	0.179295	02.924
19.00	18.98	0.179312	03.027
19.00	18.98	0.179328	03.124
19.00	18.98	0.179345	03.224
18.97	18.98	0.179362	03.327
18.97	18.98	0.179378	03.424
18.97	18.98	0.179395	03.524
18.97	18.98	0.179412	03.628
18.97	18.98	0.179428	03.724
18.97	18.98	0.179445	03.824
18.97	18.98	0.179462	03.927
18.97	18.98	0.179478	04.024
18.97	18.97	0.179495	04.124
18.97	18.97	0.179512	04.228
18.97	18.97	0.179528	04.324
18.97	18.97	0.179545	04.424
18.97	18.97	0.179561	04.528
18.97	18.97	0.179578	04.624
18.97	18.97	0.179595	04.724
18.97	18.97	0.179611	04.828
18.97	18.96	0.179628	04.924
18.97	18.96	0.179645	05.024
18.97	18.96	0.179661	05.128
18.97	18.96	0.179678	05.225
18.97	18.96	0.179695	05.324
18.97	18.96	0.179711	05.429
18.97	18.95	0.179728	05.524
18.97	18.95	0.179745	05.624
18.97	18.95	0.179761	05.728
18.97	18.95	0.179778	05.824
18.97	18.95	0.179795	05.924
18.97	18.95	0.179811	06.029
18.97	18.94	0.179828	06.124
18.97	18.94	0.179845	06.224
18.97	18.94	0.179861	06.324
18.97	18.94	0.179878	06.424
18.97	18.94	0.179895	06.524
18.97	18.94	0.179911	06.653
18.97	18.93	0.179928	06.753
18.95	18.93	0.179945	06.847
18.95	18.93	0.179961	06.952
18.95	18.93	0.179978	07.052
18.95	18.93	0.179995	07.146
18.95	18.93	0.180011	07.251
18.95	18.92	0.180028	07.350
18.92	18.92	0.180045	07.445
18.92	18.92	0.180061	07.549
18.92	18.92	0.180078	07.644
18.92	18.92	0.180095	07.742
18.92	18.92	0.180111	07.848
18.92	18.91	0.180128	07.943
18.92	18.91	0.180145	08.042
18.92	18.91	0.180161	08.147
18.89	18.91	0.180178	08.240
18.89	18.91	0.180195	08.340
18.89	18.91	0.180211	08.444
18.89	18.90	0.180228	08.539
18.89	18.90	0.180245	08.639
18.89	18.90	0.180261	08.743
18.89	18.90	0.180278	08.838
18.89	18.90	0.180295	08.937
18.89	18.90	0.180311	09.042
18.89	18.90	0.180328	09.136
18.89	18.90	0.180345	09.236
18.89	18.89	0.180361	09.340
18.89	18.89	0.180378	09.435
18.89	18.89	0.180394	09.536
18.89	18.89	0.180411	09.639
18.89	18.89	0.180428	09.734
18.89	18.89	0.180444	09.835
18.89	18.89	0.180461	09.938
18.89	18.89	0.180478	10.032
18.89	18.89	0.180494	10.136
18.89	18.89	0.180511	10.236
18.87	18.89	0.180528	10.331
18.87	18.88	0.180544	10.436
18.87	18.88	0.180561	10.535
18.87	18.88	0.180578	10.630
18.87	18.88	0.180594	10.734
18.87	18.88	0.180611	10.834
18.87	18.88	0.180628	10.928
18.87	18.88	0.180644	11.033
18.87	18.88	0.180661	11.133
18.87	18.88	0.180678	11.227
18.87	18.88	0.180694	11.332
18.87	18.88	0.180711	11.426
18.87	18.88	0.180728	11.526
18.87	18.88	0.180744	11.630
18.87	18.88	0.180761	11.725
18.87	18.88	0.180778	11.825
18.87	18.88	0.180794	11.929
18.87	18.88	0.180811	12.024
18.89	18.88	0.180828	12.124
18.89	18.88	0.180844	12.228
18.89	18.88	0.180861	12.324
18.89	18.89	0.180878	12.424
18.89	18.89	0.180894	12.526
18.89	18.89	0.180911	12.625
18.89	18.89	0.180928	12.725
18.89	18.89	0.180944	12.825
18.89	18.89	0.180961	12.925
18.89	18.89	0.180978	13.025
18.89	18.89	0.180994	13.125
18.89	18.89	0.181011	13.225
18.89	18.89	0.181028	13.325
18.89	18.90	0.181044	13.425
18.89	18.90	0.181061	13.525
18.89	18.90	0.181078	13.625
18.89	18.90	0.181094	13.725
18.89	18.90	0.181111	13.825
18.89	18.90	0.181128	13.925
18.89	18.90	0.181144	14.025
18.89	18.91	0.181161	14.125
18.89	18.91	0.181178	14.225
18.89	18.91	0.181194	14.326
18.89	18.91	0.181211	14.425
18.89	18.91	0.181227	14.525
18.89	18.92	0.181244	14.625
18.89	18.92	0.181261	14.725
18.89	18.92	0.181277	14.825
18.89	18.92	0.181294	14.925
18.89	18.93	0.181311	15.025
18.89	18.93	0.181327	15.125
18.89	18.93	0.181344	15.226
18.89	18.93	0.181361	15.326
18.92	18.94	0.181377	15.426
18.92	18.94	0.181394	15.526
18.92	18.94	0.181411	15.626
18.92	18.94	0.181427	15.726
18.92	18.95	0.181444	15.826
18.95	18.95	0.181461	15.926
18.95	18.95	0.181477	16.026
18.95	18.95	0.181494	16.126
18.95	18.96	0.181511	16.226
18.95	18.96	0.181527	16.326
18.95	18.96	0.181544	16.426
18.97	18.97	0.181561	16.526
18.97	18.97	0.181577	16.626
18.97	18.97	0.181594	16.726
18.97	18.98	0.181611	16.827
18.97	18.98	0.181627	16.926
18.97	18.98	0.181644	17.026
18.97	18.99	0.181661	17.125
18.97	18.99	0.181677	17.225
19.00	18.99	0.181694	17.349
19.00	19.00	0.181711	17.454
19.00	19.00	0.181727	17.548
19.00	19.00	0.181744	17.648
19.00	19.01	0.181761	17.752
19.00	19.01	0.181777	17.847
19.00	19.01	0.181794	17.947
19.00	19.02	0.181811	18.051
19.02	19.02	0.181827	18.146
19.02	19.02	0.181844	18.245
19.02	19.03	0.181861	18.350
19.02	19.03	0.181877	18.444
19.02	19.03	0.181894	18.544
19.02	19.04	0.181911	18.649
19.02	19.04	0.181927	18.743
19.02	19.04	0.181944	18.843
19.05	19.05	0.181961	18.947
19.05	19.05	0.181977	19.042
19.05	19.05	0.181994	19.141
19.05	19.06	0.182011	19.246
19.05	19.06	0.182027	19.340
19.05	19.07	0.182044	19.441
19.05	19.07	0.182060	19.545
19.08	19.07	0.182077	19.639
19.08	19.08	0.182094	19.742
19.08	19.08	0.182110	19.843
19.08	19.08	0.182127	19.938
19.08	19.09	0.182144	20.041
19.08	19.09	0.182160	20.142
19.08	19.09	0.182177	20.237
19.08	19.10	0.182194	20.341
19.10	19.10	0.182210	20.441
19.10	19.10	0.182227	20.535
19.10	19.11	0.182244	20.640
19.10	19.11	0.182260	20.739
19.10	19.11	0.182277	20.834
19.10	19.11	0.182294	20.938
19.10	19.12	0.182310	21.038
19.10	19.12	0.182327	21.133
19.13	19.12	0.182344	21.237
19.13	19.13	0.182360	21.332
19.13	19.13	0.182377	21.430
19.13	19.13	0.182394	21.535
19.13	19.14	0.182410	21.629
19.13	19.14	0.182427	21.729
19.13	19.14	0.182444	21.834
19.13	19.14	0.182460	21.928
19.15	19.15	0.182477	22.028
19.15	19.15	0.182494	22.132
19.15	19.15	0.182510	22.228
19.15	19.15	0.182527	22.328
19.15	19.16	0.182544	22.431
19.15	19.16	0.182560	22.528
19.15	19.16	0.182577	22.628
19.15	19.16	0.182594	22.730
19.18	19.17	0.182610	22.828
19.18	19.17	0.182627	22.928
19.18	19.17	0.182644	23.028
19.18	19.17	0.182660	23.128
19.18	19.17	0.182677	23.228
19.18	19.18	0.182694	23.328
19.18	19.18	0.182710	23.429
19.18	19.18	0.182727	23.528
19.18	19.18	0.182744	23.628
19.21	19.18	0.182760	23.728
19.21	19.18	0.182777	23.828
19.21	19.18	0.182794	23.928
19.21	19.19	0.182810	24.028
19.21	19.19	0.182827	24.128
19.21	19.19	0.182844	24.228
19.21	19.19	0.182860	24.328
19.21	19.19	0.182877	24.428
19.21	19.19	0.182893	24.529
19.21	19.19	0.182910	24.629
19.21	19.19	0.182927	24.729
19.21	19.20	0.182943	24.829
19.21	19.20	0.182960	24.929
19.21	19.20	0.182977	25.029
19.21	19.20	0.182993	25.129
19.21	19.20	0.183010	25.229
19.21	19.20	0.183027	25.329
19.21	19.20	0.183043	25.429
19.21	19.20	0.183060	25.529
19.18	19.20	0.183077	25.629
19.18	19.20	0.183093	25.729
19.18	19.20	0.183110	25.829
19.18	19.20	0.183127	25.930
19.18	19.20	0.183143	26.029
19.18	19.20	0.183160	26.129
19.18	19.20	0.183177	26.229
19.21	19.20	0.183193	26.329
19.21	19.20	0.183210	26.429
19.21	19.20	0.183227	26.529
19.21	19.20	0.183243	26.629
19.21	19.20	0.183260	26.729
19.21	19.20	0.183277	26.829
19.21	19.20	0.183293	26.929
19.21	19.20	0.183310	27.029
19.21	19.20	0.183327	27.129
19.21	19.20	0.183343	27.229
19.21	19.20	0.183360	27.329
19.21	19.19	0.183377	27.429
19.21	19.19	0.183393	27.553
19.21	19.19	0.183410	27.658
19.21	19.19	0.183427	27.753
19.21	19.19	0.183443	27.852
19.21	19.19	0.183460	27.957
19.21	19.19	0.183477	28.051
19.21	19.19	0.183493	28.151
19.21	19.19	0.183510	28.255
19.21	19.19	0.183527	28.350
19.21	19.18	0.183543	28.449
19.21	19.18	0.183560	28.554
19.21	19.18	0.183577	28.649
19.21	19.18	0.183593	28.748
19.21	19.18	0.183610	28.853
19.18	19.18	0.183627	28.947
19.18	19.18	0.183643	29.047
19.18	19.17	0.183660	29.151
19.18	19.17	0.183677	29.245
19.18	19.17	0.183693	29.347
19.18	19.17	0.183710	29.449
19.18	19.17	0.183726	29.544
19.18	19.17	0.183743	29.647
19.18	19.16	0.183760	29.748
19.15	19.16	0.183776	29.842
19.15	19.16	0.183793	29.947
19.15	19.16	0.183810	30.046
19.15	19.16	0.183826	30.141
19.15	19.16	0.183843	30.246
19.15	19.15	0.183860	30.345
19.15	19.15	0.183876	30.440
19.15	19.15	0.183893	30.544
19.15	19.15	0.183910	30.644
19.15	19.15	0.183926	30.738
19.15	19.15	0.183943	30.843
19.15	19.14	0.183960	30.938
19.15	19.14	0.183976	31.037
19.15	19.14	0.183993	31.142
19.15	19.14	0.184010	31.236
19.15	19.14	0.184026	31.336
19.15	19.14	0.184043	31.440
19.13	19.13	0.184060	31.535
19.13	19.13	0.184076	31.634
19.13	19.13	0.184093	31.739
19.13	19.13	0.184110	31.834
19.13	19.13	0.184126	31.933
19.13	19.13	0.184143	32.038
19.13	19.12	0.184160	32.132
19.13	19.12	0.184176	32.232
19.13	19.12	0.184193	32.336
19.13	19.12	0.184210	32.431
19.13	19.12	0.184226	32.530
19.13	19.12	0.184243	32.635
19.13	19.12	0.184260	32.730
19.10	19.11	0.184276	32.829
19.10	19.11	0.184293	32.934
19.10	19.11	0.184310	33.029
19.10	19.11	0.184326	33.129
19.10	19.11	0.184343	33.232
19.10	19.11	0.184360	33.329
19.10	19.11	0.184376	33.430
19.10	19.11	0.184393	33.531
19.10	19.10	0.184410	33.629
19.10	19.10	0.184426	33.729
19.10	19.10	0.184443	33.830
19.10	19.10	0.184460	33.929
19.10	19.10	0.184476	34.029
19.10	19.10	0.184493	34.129
19.10	19.10	0.184510	34.229
19.10	19.10	0.184526	34.329
19.10	19.10	0.184543	34.429
19.10	19.10	0.184559	34.529
19.10	19.10	0.184576	34.629
19.10	19.10	0.184593	34.729
19.10	19.10	0.184609	34.829
19.10	19.10	0.184626	34.929
19.10	19.10	0.184643	35.030
19.10	19.10	0.184659	35.129
19.10	19.10	0.184676	35.229
19.10	19.10	0.184693	35.329
19.10	19.10	0.184709	35.429
19.10	19.10	0.184726	35.529
19.10	19.10	0.184743	35.629
19.10	19.10	0.184759	35.730
19.10	19.10	0.184776	35.830
19.08	19.10	0.184793	35.930
19.08	19.10	0.184809	36.030
19.08	19.10	0.184826	36.130
19.08	19.10	0.184843	36.230
19.08	19.10	0.184859	36.330
19.08	19.10	0.184876	36.430
19.08	19.10	0.184893	36.530
19.08	19.10	0.184909	36.631
19.10	19.10	0.184926	36.730
19.10	19.10	0.184943	36.830
19.10	19.10	0.184959	36.930
19.10	19.10	0.184976	37.030
19.10	19.10	0.184993	37.130
19.10	19.11	0.185009	37.230
19.10	19.11	0.185026	37.330
19.10	19.11	0.185043	37.430
19.10	19.11	0.185059	37.531
19.10	19.11	0.185076	37.630
19.10	19.11	0.185093	37.730
19.10	19.11	0.185109	37.830
19.10	19.12	0.185126	37.930
19.10	19.12	0.185143	38.030
19.10	19.12	0.185159	38.130
19.10	19.12	0.185176	38.254
19.10	19.12	0.185193	38.354
19.10	19.13	0.185209	38.458
19.10	19.13	0.185226	38.553
19.13	19.13	0.185243	38.653
19.13	19.13	0.185259	38.757
19.13	19.13	0.185276	38.852
19.13	19.14	0.185293	38.952
19.13	19.14	0.185309	39.056
19.13	19.14	0.185326	39.150
19.13	19.14	0.185343	39.252
19.13	19.15	0.185359	39.355
19.13	19.15	0.185376	39.449
19.13	19.15	0.185392	39.553
19.13	19.15	0.185409	39.653
19.15	19.16	0.185426	39.748
19.15	19.16	0.185442	39.852
19.15	19.16	0.185459	39.952
19.15	19.17	0.185476	40.046
19.15	19.17	0.185492	40.151
19.15	19.17	0.185509	40.251
19.15	19.17	0.185526	40.345
19.15	19.18	0.185542	40.450
19.18	19.18	0.185559	40.549
19.18	19.18	0.185576	40.644
19.18	19.19	0.185592	40.748
19.18	19.19	0.185609	40.843
19.18	19.19	0.185626	40.943
19.18	19.20	0.185642	41.047
19.18	19.20	0.185659	41.142
19.21	19.20	0.185676	41.241
19.21	19.21	0.185692	41.346
19.21	19.21	0.185709	41.440
19.21	19.21	0.185726	41.540
19.21	19.22	0.185742	41.645
19.21	19.22	0.185759	41.739
19.21	19.22	0.185776	41.838
19.23	19.23	0.185792	41.943
19.23	19.23	0.185809	42.038
19.23	19.23	0.185826	42.136
19.23	19.24	0.185842	42.242
19.23	19.24	0.185859	42.335
19.23	19.24	0.185876	42.435
19.23	19.25	0.185892	42.540
19.23	19.25	0.185909	42.634
19.26	19.25	0.185926	42.735
19.26	19.26	0.185942	42.838
19.26	19.26	0.185959	42.933
19.26	19.26	0.185976	43.034
19.26	19.27	0.185992	43.137
19.26	19.27	0.186009	43.232
19.26	19.28	0.186026	43.335
19.26	19.28	0.186042	43.436
19.28	19.28	0.186059	43.531
19.28	19.29	0.186076	43.635
19.28	19.29	0.186092	43.734
19.28	19.29	0.186109	43.831
19.28	19.30	0.186126	43.933
19.28	19.30	0.186142	44.033
19.28	19.30	0.186159	44.131
19.28	19.31	0.186176	44.232
19.31	19.31	0.186192	44.332
19.31	19.31	0.186209	44.431
19.31	19.32	0.186225	44.531
19.31	19.32	0.186242	44.631
19.31	19.32	0.186259	44.731
19.31	19.33	0.186275	44.831
19.34	19.33	0.186292	44.931
19.34	19.33	0.186309	45.031
19.34	19.33	0.186325	45.131
19.34	19.34	0.186342	45.232
19.34	19.34	0.186359	45.331
19.34	19.34	0.186375	45.431
19.34	19.35	0.186392	45.531
19.36	19.35	0.186409	45.631
19.36	19.35	0.186425	45.732
19.36	19.35	0.186442	45.832
19.36	19.36	0.186459	45.931
19.36	19.36	0.186475	46.031
19.36	19.36	0.186492	46.132
19.36	19.36	0.186509	46.231
19.36	19.37	0.186525	46.331
19.36	19.37	0.186542	46.432
19.36	19.37	0.186559	46.531
19.36	19.37	0.186575	46.631
19.39	19.38	0.186592	46.732
19.39	19.38	0.186609	46.831
19.39	19.38	0.186625	46.931
19.39	19.38	0.186642	47.033
19.39	19.38	0.186659	47.131
19.39	19.39	0.186675	47.231
19.39	19.39	0.186692	47.333
19.39	19.39	0.186709	47.431
19.39	19.39	0.186725	47.531
19.39	19.39	0.186742	47.633
19.39	19.40	0.186759	47.731
19.39	19.40	0.186775	47.831
19.41	19.40	0.186792	47.933
19.41	19.40	0.186809	48.031
19.41	19.40	0.186825	48.131
19.41	19.40	0.186842	48.234
19.41	19.40	0.186859	48.331
19.41	19.40	0.186875	48.431
19.41	19.41	0.186892	48.533
19.41	19.41	0.186909	48.631
19.41	19.41	0.186925	48.731
19.41	19.41	0.186942	48.834
19.41	19.41	0.186959	48.961
19.41	19.41	0.186975	49.056
19.41	19.41	0.186992	49.134
19.41	19.41	0.187009	49.260
19.44	19.41	0.187025	49.355
19.44	19.41	0.187042	49.434
19.44	19.41	0.187058	49.559
19.44	19.41	0.187075	49.653
19.44	19.41	0.187092	49.758
19.44	19.41	0.187108	49.857
19.44	19.41	0.187125	49.951
19.44	19.41	0.187142	50.058
19.44	19.41	0.187158	50.156
19.44	19.41	0.187175	50.250
19.44	19.41	0.187192	50.355
19.41	19.41	0.187208	50.449
19.41	19.41	0.187225	50.549
19.41	19.41	0.187242	50.654
19.41	19.41	0.187258	50.748
19.41	19.41	0.187275	50.848
19.41	19.41	0.187292	50.952
19.41	19.41	0.187308	51.047
19.41	19.41	0.187325	51.146
19.41	19.41	0.187342	51.251
19.41	19.41	0.187358	51.346
19.41	19.41	0.187375	51.445
19.41	19.41	0.187392	51.550
19.41	19.41	0.187408	51.643
19.41	19.40	0.187425	51.744
19.41	19.40	0.187442	51.848
19.41	19.40	0.187458	51.943
19.41	19.40	0.187475	52.041
19.41	19.40	0.187492	52.147
19.41	19.40	0.187508	52.241
19.41	19.40	0.187525	52.341
19.41	19.40	0.187542	52.445
19.39	19.40	0.187558	52.540
19.39	19.39	0.187575	52.640
19.39	19.39	0.187592	52.744
19.39	19.39	0.187608	52.838
19.39	19.39	0.187625	52.940
19.39	19.39	0.187642	53.043
19.39	19.39	0.187658	53.137
19.39	19.39	0.187675	53.241
19.39	19.38	0.187692	53.341
19.39	19.38	0.187708	53.436
19.39	19.38	0.187725	53.540
19.39	19.38	0.187742	53.640
19.39	19.38	0.187758	53.736
19.39	19.38	0.187775	53.839
19.39	19.37	0.187792	53.939
19.39	19.37	0.187808	54.035
19.39	19.37	0.187825	54.138
19.39	19.37	0.187842	54.237
19.39	19.37	0.187858	54.335
19.39	19.37	0.187875	54.436
19.39	19.36	0.187891	54.537
19.39	19.36	0.187908	54.636
19.39	19.36	0.187925	54.735
19.36	19.36	0.187941	54.838
19.36	19.36	0.187958	54.935
19.36	19.36	0.187975	55.035
19.36	19.35	0.187991	55.137
19.36	19.35	0.188008	55.235
19.36	19.35	0.188025	55.335
19.36	19.35	0.188041	55.438
19.36	19.35	0.188058	55.535
19.36	19.35	0.188075	55.635
19.36	19.34	0.188091	55.738
19.34	19.34	0.188108	55.835
19.34	19.34	0.188125	55.935
19.34	19.34	0.188141	56.038
19.34	19.34	0.188158	56.135
19.34	19.34	0.188175	56.236
19.34	19.33	0.188191	56.338
19.34	19.33	0.188208	56.435
19.34	19.33	0.188225	56.535
19.34	19.33	0.188241	56.639
19.34	19.33	0.188258	56.735
19.34	19.33	0.188275	56.835
19.34	19.33	0.188291	56.938
19.31	19.32	0.188308	57.035
19.31	19.32	0.188325	57.135
19.31	19.32	0.188341	57.239
19.31	19.32	0.188358	57.335
19.31	19.32	0.188375	57.435
19.31	19.32	0.188391	57.539
19.31	19.32	0.188408	57.635
19.31	19.32	0.188425	57.735
19.31	19.32	0.188441	57.839
19.31	19.32	0.188458	57.935
19.31	19.31	0.188475	58.035
19.31	19.31	0.188491	58.139
19.31	19.31	0.188508	58.235
19.31	19.31	0.188525	58.335
19.31	19.31	0.188541	58.440
19.31	19.31	0.188558	58.535
19.31	19.31	0.188575	58.635
19.31	19.31	0.188591	58.740
19.31	19.31	0.188608	58.835
19.31	19.31	0.188625	58.935
19.31	19.31	0.188641	59.040
19.31	19.31	0.188658	59.135
19.31	19.31	0.188675	59.259
19.31	19.31	0.188691	59.364
19.31	19.31	0.188708	59.463
19.31	19.31	0.188724	59.558
19.31	19.31	0.188741	59.662
19.28	19.31	0.188758	59.762
19.28	19.31	0.188774	59.857
19.28	19.31	0.188791	59.961
19.28	19.31	0.188808	00.061
19.28	19.31	0.188824	00.155
19.28	19.31	0.188841	00.260
19.28	19.31	0.188858	00.354
19.31	19.31	0.188874	00.454
19.31	19.31	0.188891	00.559
19.31	19.31	0.188908	00.653
19.31	19.31	0.188924	00.753
19.31	19.32	0.188941	00.857
19.31	19.32	0.188958	00.952
19.31	19.32	0.188974	01.051
19.31	19.32	0.188991	01.156
19.31	19.32	0.189008	01.251
19.31	19.32	0.189024	01.350
19.31	19.32	0.189041	01.454
19.31	19.32	0.189058	01.548
19.31	19.32	0.189074	01.649
19.34	19.33	0.189091	01.753
19.34	19.33	0.189108	01.848
19.34	19.33	0.189124	01.947
19.34	19.33	0.189141	02.052
19.34	19.33	0.189158	02.147
19.34	19.34	0.189174	02.246
19.34	19.34	0.189191	02.350
19.34	19.34	0.189208	02.444
19.34	19.34	0.189224	02.546
19.34	19.34	0.189241	02.648
19.34	19.35	0.189258	02.743
19.34	19.35	0.189274	02.847
19.34	19.35	0.189291	02.947
19.34	19.35	0.189308	03.042
19.34	19.35	0.189324	03.146
19.34	19.36	0.189341	03.246
19.34	19.36	0.189358	03.340
19.34	19.36	0.189374	03.445
19.34	19.36	0.189391	03.544
19.34	19.37	0.189408	03.639
19.34	19.37	0.189424	03.744
19.34	19.37	0.189441	03.843
19.34	19.38	0.189458	03.938
19.34	19.38	0.189474	04.042
19.36	19.38	0.189491	04.137
19.36	19.38	0.189508	04.236
19.36	19.39	0.189524	04.341
19.36	19.39	0.189541	04.437
19.36	19.39	0.189557	04.536
19.36	19.40	0.189574	04.640
19.39	19.40	0.189591	04.736
19.39	19.40	0.189607	04.836
19.39	19.41	0.189624	04.938
19.39	19.41	0.189641	05.036
19.41	19.41	0.189657	05.136
19.41	19.42	0.189674	05.237
19.41	19.42	0.189691	05.336
19.41	19.42	0.189707	05.436
19.41	19.43	0.189724	05.536
19.41	19.43	0.189741	05.636
19.44	19.43	0.189757	05.736
19.44	19.44	0.189774	05.836
19.44	19.44	0.189791	05.936
19.44	19.44	0.189807	06.037
19.44	19.45	0.189824	06.136
19.44	19.45	0.189841	06.236
19.47	19.45	0.189857	06.336
19.47	19.46	0.189874	06.436
19.47	19.46	0.189891	06.536
19.47	19.46	0.189907	06.636
19.47	19.47	0.189924	06.736
19.47	19.47	0.189941	06.836
19.47	19.47	0.189957	06.937
19.47	19.48	0.189974	07.036
19.47	19.48	0.189991	07.137
19.47	19.49	0.190007	07.237
19.47	19.49	0.190024	07.338
19.49	19.49	0.190041	07.437
19.49	19.50	0.190057	07.537
19.49	19.50	0.190074	07.637
19.49	19.50	0.190091	07.737
19.49	19.51	0.190107	07.837
19.49	19.51	0.190124	07.937
19.49	19.51	0.190141	08.037
19.49	19.52	0.190157	08.138
19.52	19.52	0.190174	08.237
19.52	19.52	0.190191	08.337
19.52	19.53	0.190207	08.437
19.52	19.53	0.190224	08.537
19.52	19.53	0.190241	08.637
19.52	19.54	0.190257	08.737
19.52	19.54	0.190274	08.838
19.54	19.54	0.190291	08.937
19.54	19.54	0.190307	09.037
19.54	19.55	0.190324	09.137
19.54	19.55	0.190341	09.237
19.54	19.55	0.190357	09.337
19.54	19.56	0.190374	09.437
19.57	19.56	0.190390	09.537
19.57	19.56	0.190407	09.637
19.57	19.56	0.190424	09.737
19.57	19.57	0.190440	09.866
19.57	19.57	0.190457	09.936
19.57	19.57	0.190474	10.060
19.57	19.58	0.190490	10.165
19.60	19.58	0.190507	10.259
19.60	19.58	0.190524	10.359
19.60	19.58	0.190540	10.463
19.60	19.59	0.190557	10.558
19.60	19.59	0.190574	10.657
19.60	19.59	0.190590	10.762
19.60	19.59	0.190607	10.856
19.60	19.59	0.190624	10.956
19.60	19.60	0.190640	11.060
19.60	19.60	0.190657	11.155
19.60	19.60	0.190674	11.254
19.60	19.60	0.190690	11.359
19.60	19.60	0.190707	11.454
19.60	19.61	0.190724	11.553
19.60	19.61	0.190740	11.658
19.60	19.61	0.190757	11.752
19.60	19.61	0.190774	11.852
19.62	19.61	0.190790	11.956
19.62	19.61	0.190807	12.051
19.62	19.61	0.190824	12.152
19.62	19.62	0.190840	12.255
19.62	19.62	0.190857	12.350
19.62	19.62	0.190874	12.452
19.62	19.62	0.190890	12.554
19.62	19.62	0.190907	12.648
19.62	19.62	0.190924	12.752
19.62	19.62	0.190940	12.852
19.62	19.62	0.190957	12.947
19.62	19.62	0.190974	13.052
19.62	19.62	0.190990	13.151
19.62	19.62	0.191007	13.246
19.62	19.62	0.191024	13.350
19.65	19.63	0.191040	13.450
19.65	19.63	0.191057	13.545
19.65	19.63	0.191074	13.649
19.65	19.63	0.191090	13.749
19.65	19.63	0.191107	13.843
19.65	19.63	0.191124	13.948
19.65	19.63	0.191140	14.042
19.65	19.63	0.191157	14.142
19.65	19.63	0.191174	14.246
19.65	19.63	0.191190	14.341
19.65	19.63	0.191207	14.441
19.65	19.63	0.191223	14.545
19.65	19.63	0.191240	14.640
19.65	19.63	0.191257	14.738
19.65	19.62	0.191273	14.844
19.65	19.62	0.191290	14.938
19.62	19.62	0.191307	15.038
19.62	19.62	0.191323	15.142
19.62	19.62	0.191340	15.238
19.62	19.62	0.191357	15.339
19.62	19.62	0.191373	15.440
19.62	19.62	0.191390	15.539
19.62	19.62	0.191407	15.639
19.62	19.62	0.191423	15.739
19.62	19.62	0.191440	15.839
19.62	19.62	0.191457	15.939
19.62	19.62	0.191473	16.039
19.62	19.61	0.191490	16.139
19.62	19.61	0.191507	16.239
19.62	19.61	0.191523	16.339
19.62	19.61	0.191540	16.440
19.62	19.61	0.191557	16.540
19.62	19.61	0.191573	16.640
19.62	19.61	0.191590	16.741
19.62	19.61	0.191607	16.840
19.62	19.60	0.191623	16.940
19.62	19.60	0.191640	17.040
19.62	19.60	0.191657	17.140
19.62	19.60	0.191673	17.240
19.62	19.60	0.191690	17.340
19.62	19.60	0.191707	17.440
19.62	19.59	0.191723	17.540
19.62	19.59	0.191740	17.640
19.60	19.59	0.191757	17.740
19.60	19.59	0.191773	17.840
19.60	19.59	0.191790	17.941
19.60	19.59	0.191807	18.040
19.60	19.58	0.191823	18.140
19.60	19.58	0.191840	18.240
19.60	19.58	0.191857	18.340
19.60	19.58	0.191873	18.440
19.60	19.58	0.191890	18.540
19.57	19.58	0.191907	18.640
19.57	19.57	0.191923	18.740
19.57	19.57	0.191940	18.840
19.57	19.57	0.191957	18.940
19.57	19.57	0.191973	19.040
19.57	19.57	0.191990	19.140
19.57	19.57	0.192007	19.241
19.57	19.56	0.192023	19.340
19.57	19.56	0.192040	19.440
19.57	19.56	0.192056	19.540
19.57	19.56	0.192073	19.640
19.57	19.56	0.192090	19.740
19.54	19.56	0.192106	19.840
19.54	19.55	0.192123	19.940
19.54	19.55	0.192140	20.040
19.54	19.55	0.192156	20.140
19.54	19.55	0.192173	20.264
19.54	19.55	0.192190	20.369
19.54	19.55	0.192206	20.463
19.54	19.54	0.192223	20.563
19.54	19.54	0.192240	20.667
19.54	19.54	0.192256	20.762
19.54	19.54	0.192273	20.861
19.54	19.54	0.192290	20.966
19.54	19.54	0.192306	21.061
19.54	19.54	0.192323	21.160
19.54	19.54	0.192340	21.265
19.54	19.53	0.192356	21.359
19.54	19.53	0.192373	21.459
19.54	19.53	0.192390	21.563
19.54	19.53	0.192406	21.658
19.54	19.53	0.192423	21.757
19.54	19.53	0.192440	21.862
19.54	19.53	0.192456	21.957
19.54	19.53	0.192473	22.058
19.52	19.53	0.192490	22.161
19.52	19.53	0.192506	22.254
19.52	19.53	0.192523	22.358
19.52	19.52	0.192540	22.458
19.52	19.52	0.192556	22.553
19.52	19.52	0.192573	22.658
19.52	19.52	0.192590	22.757
19.52	19.52	0.192606	22.852
19.52	19.52	0.192623	22.956
19.52	19.52	0.192640	23.056
19.52	19.52	0.192656	23.150
19.52	19.52	0.192673	23.255
19.52	19.52	0.192690	23.354
19.52	19.52	0.192706	23.449
19.52	19.52	0.192723	23.554
19.52	19.52	0.192740	23.648
19.52	19.52	0.192756	23.748
19.52	19.52	0.192773	23.852
19.52	19.52	0.192790	23.947
19.52	19.52	0.192806	24.046
19.52	19.52	0.192823	24.151
19.52	19.52	0.192840	24.246
19.49	19.52	0.192856	24.345
19.49	19.53	0.192873	24.450
19.49	19.53	0.192889	24.544
19.49	19.53	0.192906	24.644
19.49	19.53	0.192923	24.748
19.49	19.53	0.192939	24.843
19.49	19.53	0.192956	24.942
19.52	19.53	0.192973	25.047
19.52	19.53	0.192989	25.142
19.52	19.53	0.193006	25.242
19.52	19.53	0.193023	25.346
19.52	19.54	0.193039	25.442
19.52	19.54	0.193056	25.542
19.52	19.54	0.193073	25.644
19.52	19.54	0.193089	25.742
19.52	19.54	0.193106	25.843
19.54	19.54	0.193123	25.943
19.54	19.54	0.193139	26.042
19.54	19.55	0.193156	26.142
19.54	19.55	0.193173	26.242
19.54	19.55	0.193189	26.342
19.54	19.55	0.193206	26.442
19.54	19.55	0.193223	26.542
19.54	19.56	0.193239	26.643
19.54	19.56	0.193256	26.742
19.54	19.56	0.193273	26.842
19.57	19.56	0.193289	26.942
19.57	19.57	0.193306	27.042
19.57	19.57	0.193323	27.142
19.57	19.57	0.193339	27.242
19.57	19.57	0.193356	27.342
19.57	19.58	0.193373	27.443
19.57	19.58	0.193389	27.542
19.57	19.58	0.193406	27.642
19.57	19.58	0.193423	27.742
19.57	19.59	0.193439	27.842
19.60	19.59	0.193456	27.942
19.60	19.59	0.193473	28.042
19.60	19.59	0.193489	28.143
19.60	19.60	0.193506	28.243
19.60	19.60	0.193523	28.343
19.60	19.60	0.193539	28.443
19.60	19.61	0.193556	28.543
19.60	19.61	0.193573	28.643
19.60	19.61	0.193589	28.743
19.60	19.62	0.193606	28.843
19.60	19.62	0.193623	28.943
19.60	19.62	0.193639	29.044
19.60	19.63	0.193656	29.143
19.60	19.63	0.193673	29.243
19.60	19.63	0.193689	29.343
19.60	19.64	0.193706	29.443
19.62	19.64	0.193722	29.543
19.62	19.64	0.193739	29.643
19.62	19.65	0.193756	29.743
19.62	19.65	0.193772	29.843
19.62	19.65	0.193789	29.943
19.62	19.66	0.193806	30.043
19.65	19.66	0.193822	30.143
19.65	19.66	0.193839	30.243
19.65	19.67	0.193856	30.343
19.65	19.67	0.193872	30.467
19.67	19.67	0.193889	30.572
19.67	19.68	0.193906	30.666
19.67	19.68	0.193922	30.766
19.67	19.68	0.193939	30.871
19.67	19.69	0.193956	30.965
19.70	19.69	0.193972	31.065
19.70	19.69	0.193989	31.169
19.70	19.70	0.194006	31.264
19.70	19.70	0.194022	31.363
19.70	19.71	0.194039	31.468
19.70	19.71	0.194056	31.563
19.73	19.71	0.194072	31.663
19.73	19.72	0.194089	31.767
19.73	19.72	0.194106	31.861
19.73	19.72	0.194122	31.964
19.73	19.73	0.194139	32.065
19.73	19.73	0.194156	32.160
19.73	19.73	0.194172	32.263
19.73	19.74	0.194189	32.364
19.73	19.74	0.194206	32.459
19.73	19.74	0.194222	32.563
19.75	19.75	0.194239	32.662
19.75	19.75	0.194256	32.757
19.75	19.75	0.194272	32.861
19.75	19.75	0.194289	32.961
19.75	19.76	0.194306	33.055
19.75	19.76	0.194322	33.160
19.75	19.76	0.194339	33.260
19.75	19.77	0.194356	33.354
19.78	19.77	0.194372	33.459
19.78	19.77	0.194389	33.553
19.78	19.78	0.194406	33.653
19.78	19.78	0.194422	33.757
19.78	19.78	0.194439	33.852
19.78	19.78	0.194456	33.952
19.78	19.79	0.194472	34.056
19.78	19.79	0.194489	34.150
19.78	19.79	0.194506	34.250
19.80	19.79	0.194522	34.355
19.80	19.80	0.194539	34.450
19.80	19.80	0.194555	34.548
19.80	19.80	0.194572	34.653
19.80	19.80	0.194589	34.748
19.80	19.81	0.194605	34.847
19.80	19.81	0.194622	34.952
19.80	19.81	0.194639	35.046
19.80	19.81	0.194655	35.146
19.80	19.81	0.194672	35.250
19.83	19.82	0.194689	35.345
19.83	19.82	0.194705	35.445
19.83	19.82	0.194722	35.549
19.83	19.82	0.194739	35.644
19.83	19.82	0.194755	35.746
19.83	19.82	0.194772	35.848
19.83	19.82	0.194789	35.943
19.83	19.83	0.194805	36.046
19.83	19.83	0.194822	36.146
19.83	19.83	0.194839	36.243
19.86	19.83	0.194855	36.346
19.86	19.83	0.194872	36.445
19.86	19.83	0.194889	36.543
19.86	19.83	0.194905	36.644
19.86	19.83	0.194922	36.744
19.86	19.84	0.194939	36.843
19.86	19.84	0.194955	36.943
19.86	19.84	0.194972	37.043
19.86	19.84	0.194989	37.143
19.86	19.84	0.195005	37.243
19.86	19.84	0.195022	37.343
19.83	19.84	0.195039	37.443
19.83	19.84	0.195055	37.543
19.83	19.84	0.195072	37.643
19.83	19.84	0.195089	37.743
19.83	19.84	0.195105	37.843
19.83	19.84	0.195122	37.943
19.83	19.84	0.195139	38.043
19.83	19.84	0.195155	38.143
19.83	19.84	0.195172	38.243
19.83	19.84	0.195189	38.343
19.83	19.84	0.195205	38.443
19.83	19.84	0.195222	38.543
19.83	19.84	0.195239	38.643
19.83	19.84	0.195255	38.743
19.83	19.84	0.195272	38.844
19.86	19.84	0.195289	38.943
19.86	19.84	0.195305	39.043
19.86	19.84	0.195322	39.143
19.86	19.84	0.195339	39.243
19.86	19.84	0.195355	39.343
19.86	19.83	0.195372	39.443
19.86	19.83	0.195388	39.543
19.86	19.83	0.195405	39.643
19.86	19.83	0.195422	39.744
19.86	19.83	0.195438	39.843
19.86	19.83	0.195455	39.943
19.86	19.83	0.195472	40.044
19.86	19.83	0.195488	40.143
19.83	19.83	0.195505	40.243
19.83	19.83	0.195522	40.344
19.83	19.82	0.195538	40.443
19.83	19.82	0.195555	40.544
19.83	19.82	0.195572	40.644
19.83	19.82	0.195588	40.743
19.83	19.82	0.195605	40.843
19.83	19.82	0.195622	40.945
19.83	19.82	0.195638	41.043
19.80	19.81	0.195655	41.143
19.80	19.81	0.195672	41.244
19.80	19.81	0.195688	41.343
19.80	19.81	0.195705	41.443
19.80	19.81	0.195722	41.544
19.80	19.81	0.195738	41.672
19.80	19.80	0.195755	41.766
19.80	19.80	0.195772	41.845
19.80	19.80	0.195788	41.970
19.80	19.80	0.195805	42.065
19.80	19.80	0.195822	42.169
19.80	19.80	0.195838	42.269
19.80	19.79	0.195855	42.364
19.80	19.79	0.195872	42.468
19.80	19.79	0.195888	42.568
19.80	19.79	0.195905	42.662
19.80	19.79	0.195922	42.767
19.80	19.79	0.195938	42.866
19.80	19.78	0.195955	42.961
19.80	19.78	0.195972	43.065
19.80	19.78	0.195988	43.160
19.80	19.78	0.196005	43.260
19.80	19.78	0.196022	43.364
19.80	19.78	0.196038	43.459
19.80	19.77	0.196055	43.558
19.80	19.77	0.196072	43.663
19.78	19.77	0.196088	43.757
19.78	19.77	0.196105	43.857
19.78	19.77	0.196122	43.962
19.78	19.77	0.196138	44.056
19.78	19.76	0.196155	44.156
19.78	19.76	0.196172	44.260
19.78	19.76	0.196188	44.355
19.78	19.76	0.196205	44.454
19.78	19.76	0.196221	44.559
19.75	19.76	0.196238	44.652
19.75	19.76	0.196255	44.752
19.75	19.75	0.196271	44.858
19.75	19.75	0.196288	44.951
19.75	19.75	0.196305	45.051
19.75	19.75	0.196321	45.155
19.75	19.75	0.196338	45.250
19.75	19.75	0.196355	45.351
19.75	19.75	0.196371	45.454
19.75	19.75	0.196388	45.549
19.73	19.74	0.196405	45.651
19.73	19.74	0.196421	45.753
19.73	19.74	0.196438	45.847
19.73	19.74	0.196455	45.951
19.73	19.74	0.196471	46.052
19.73	19.74	0.196488	46.146
19.73	19.74	0.196505	46.251
19.73	19.74	0.196521	46.351
19.73	19.74	0.196538	46.445
19.73	19.74	0.196555	46.550
19.73	19.74	0.196571	46.649
19.73	19.74	0.196588	46.744
19.73	19.74	0.196605	46.848
19.73	19.74	0.196621	46.943
19.73	19.74	0.196638	47.043
19.73	19.74	0.196655	47.147
19.73	19.74	0.196671	47.243
19.73	19.74	0.196688	47.343
19.73	19.74	0.196705	47.445
19.73	19.74	0.196721	47.543
19.73	19.74	0.196738	47.643
19.73	19.74	0.196755	47.743
19.73	19.74	0.196771	47.843
19.73	19.74	0.196788	47.944
19.73	19.74	0.196805	48.043
19.73	19.74	0.196821	48.143
19.73	19.74	0.196838	48.243
19.73	19.74	0.196855	48.343
19.73	19.74	0.196871	48.443
19.73	19.74	0.196888	48.543
19.73	19.74	0.196905	48.643
19.73	19.74	0.196921	48.743
19.75	19.74	0.196938	48.843
19.75	19.74	0.196955	48.943
19.75	19.74	0.196971	49.043
19.75	19.74	0.196988	49.143
19.75	19.75	0.197005	49.243
19.75	19.75	0.197021	49.343
19.75	19.75	0.197038	49.443
19.75	19.75	0.197054	49.543
19.75	19.75	0.197071	49.643
19.75	19.75	0.197088	49.743
19.75	19.75	0.197104	49.843
19.75	19.76	0.197121	49.943
19.75	19.76	0.197138	50.043
19.75	19.76	0.197154	50.143
19.75	19.76	0.197171	50.243
19.75	19.76	0.197188	50.343
19.75	19.77	0.197204	50.443
19.75	19.77	0.197221	50.543
19.75	19.77	0.197238	50.643
19.75	19.77	0.197254	50.743
19.75	19.77	0.197271	50.843
19.75	19.78	0.197288	50.943
19.75	19.78	0.197304	51.044
19.75	19.78	0.197321	51.143
19.75	19.78	0.197338	51.243
19.75	19.79	0.197354	51.343
19.75	19.79	0.197371	51.443
19.75	19.79	0.197388	51.543
19.78	19.79	0.197404	51.643
19.78	19.80	0.197421	51.743
19.78	19.80	0.197438	51.843
19.78	19.80	0.197454	51.943
19.78	19.81	0.197471	52.043
19.78	19.81	0.197488	52.143
19.80	19.81	0.197504	52.243
19.80	19.81	0.197521	52.343
19.80	19.82	0.197538	52.472
19.80	19.82	0.197554	52.567
19.80	19.82	0.197571	52.671
19.83	19.83	0.197588	52.771
19.83	19.83	0.197604	52.866
19.83	19.83	0.197621	52.970
19.83	19.84	0.197638	53.065
19.83	19.84	0.197654	53.164
19.83	19.84	0.197671	53.269
19.86	19.85	0.197688	53.363
19.86	19.85	0.197704	53.463
19.86	19.85	0.197721	53.567
19.86	19.86	0.197738	53.662
19.86	19.86	0.197754	53.762
19.86	19.86	0.197771	53.866
19.86	19.87	0.197788	53.961
19.86	19.87	0.197804	54.060
19.88	19.87	0.197821	54.165
19.88	19.88	0.197838	54.259
19.88	19.88	0.197854	54.359
19.88	19.88	0.197871	54.463
19.88	19.89	0.197887	54.558
19.88	19.89	0.197904	54.658
19.88	19.89	0.197921	54.762
19.88	19.90	0.197937	54.857
19.88	19.90	0.197954	54.957
19.88	19.90	0.197971	55.061
19.91	19.91	0.197987	55.155
19.91	19.91	0.198004	55.257
19.91	19.92	0.198021	55.360
19.91	19.92	0.198037	55.454
19.91	19.92	0.198054	55.557
19.91	19.93	0.198071	55.658
19.91	19.93	0.198087	55.753
19.91	19.93	0.198104	55.857
19.93	19.94	0.198121	55.957
19.93	19.94	0.198137	56.052
19.93	19.94	0.198154	56.156
19.93	19.95	0.198171	56.256
19.93	19.95	0.198187	56.350
19.93	19.95	0.198204	56.455
19.96	19.96	0.198221	56.554
19.96	19.96	0.198237	56.649
19.96	19.96	0.198254	56.752
19.96	19.97	0.198271	56.847
19.96	19.97	0.198287	56.947
19.96	19.97	0.198304	57.051
19.96	19.97	0.198321	57.146
19.99	19.98	0.198337	57.245
19.99	19.98	0.198354	57.350
19.99	19.98	0.198371	57.445
19.99	19.99	0.198387	57.545
19.99	19.99	0.198404	57.648
19.99	19.99	0.198421	57.745
19.99	19.99	0.198437	57.845
20.01	20.00	0.198454	57.947
20.01	20.00	0.198471	58.045
20.01	20.00	0.198487	58.145
20.01	20.00	0.198504	58.246
20.01	20.01	0.198521	58.345
20.01	20.01	0.198537	58.445
20.01	20.01	0.198554	58.546
20.01	20.01	0.198571	58.645
20.01	20.02	0.198587	58.745
20.01	20.02	0.198604	58.845
20.01	20.02	0.198621	58.945
20.01	20.02	0.198637	59.045
20.01	20.02	0.198654	59.145
20.04	20.03	0.198671	59.245
20.04	20.03	0.198687	59.345
20.04	20.03	0.198704	59.445
20.04	20.03	0.198720	59.545
20.04	20.03	0.198737	59.645
20.04	20.04	0.198754	59.745
20.04	20.04	0.198770	59.845
20.04	20.04	0.198787	59.945
20.04	20.04	0.198804	00.045
20.04	20.04	0.198820	00.146
20.04	20.04	0.198837	00.245
20.04	20.04	0.198854	00.345
20.06	20.04	0.198870	00.445
20.06	20.05	0.198887	00.545
20.06	20.05	0.198904	00.645
20.06	20.05	0.198920	00.745
20.06	20.05	0.198937	00.845
20.06	20.05	0.198954	00.945
20.06	20.05	0.198970	01.045
20.06	20.05	0.198987	01.145
20.06	20.05	0.199004	01.245
20.06	20.05	0.199020	01.345
20.06	20.05	0.199037	01.445
20.06	20.05	0.199054	01.545
20.06	20.05	0.199070	01.645
20.06	20.05	0.199087	01.745
20.06	20.05	0.199104	01.845
20.06	20.05	0.199120	01.945
20.06	20.05	0.199137	02.045
20.06	20.05	0.199154	02.145
20.06	20.05	0.199170	02.245
20.06	20.05	0.199187	02.345
20.06	20.05	0.199204	02.445
20.06	20.05	0.199220	02.545
20.06	20.05	0.199237	02.645
20.06	20.05	0.199254	02.745
20.06	20.05	0.199270	02.845
20.06	20.05	0.199287	02.945
20.06	20.05	0.199304	03.044
20.06	20.05	0.199320	03.174
20.06	20.05	0.199337	03.268
20.06	20.05	0.199354	03.368
20.06	20.05	0.199370	03.472
20.06	20.05	0.199387	03.567
20.06	20.05	0.199404	03.667
20.06	20.04	0.199420	03.771
20.06	20.04	0.199437	03.866
20.06	20.04	0.199454	03.965
20.06	20.04	0.199470	04.070
20.06	20.04	0.199487	04.164
20.06	20.04	0.199504	04.264
20.06	20.04	0.199520	04.368
20.06	20.04	0.199537	04.463
20.06	20.04	0.199553	04.563
20.06	20.03	0.199570	04.667
20.06	20.03	0.199587	04.762
20.06	20.03	0.199603	04.862
20.04	20.03	0.199620	04.966
20.04	20.03	0.199637	05.060
20.04	20.03	0.199653	05.163
20.04	20.03	0.199670	05.265
20.04	20.02	0.199687	05.359
20.04	20.02	0.199703	05.463
20.04	20.02	0.199720	05.563
20.04	20.02	0.199737	05.658
20.04	20.02	0.199753	05.762
20.01	20.02	0.199770	05.862
20.01	20.01	0.199787	05.956
20.01	20.01	0.199803	06.061
20.01	20.01	0.199820	06.161
20.01	20.01	0.199837	06.255
20.01	20.01	0.199853	06.360
20.01	20.01	0.199870	06.453
20.01	20.00	0.199887	06.554
20.01	20.00	0.199903	06.658
19.99	20.00	0.199920	06.753
19.99	20.00	0.199937	06.852
19.99	20.00	0.199953	06.956
19.99	20.00	0.199970	07.051
19.99	19.99	0.199987	07.151
19.99	19.99	0.200003	07.255
19.99	19.99	0.200020	07.349
19.99	19.99	0.200037	07.449
19.99	19.99	0.200053	07.553
19.99	19.99	0.200070	07.648
19.99	19.98	0.200087	07.748
19.99	19.98	0.200103	07.852
19.99	19.98	0.200120	07.947
19.99	19.98	0.200137	08.046
19.99	19.98	0.200153	08.151
19.99	19.98	0.200170	08.246
19.99	19.97	0.200187	08.346
19.99	19.97	0.200203	08.450
19.96	19.97	0.200220	08.546
19.96	19.97	0.200237	08.646
19.96	19.97	0.200253	08.748
19.96	19.97	0.200270	08.846
19.96	19.97	0.200287	08.946
19.96	19.96	0.200303	09.047
19.96	19.96	0.200320	09.146
19.96	19.96	0.200337	09.246
19.96	19.96	0.200353	09.346
19.96	19.96	0.200370	09.446
19.96	19.96	0.200386	09.546
19.96	19.96	0.200403	09.646
19.96	19.96	0.200420	09.746
19.96	19.96	0.200436	09.846
19.96	19.96	0.200453	09.946
19.96	19.95	0.200470	10.046
19.96	19.95	0.200486	10.146
19.96	19.95	0.200503	10.247
19.93	19.95	0.200520	10.347
19.93	19.95	0.200536	10.447
19.93	19.95	0.200553	10.547
19.93	19.95	0.200570	10.647
19.93	19.95	0.200586	10.747
19.93	19.95	0.200603	10.847
19.93	19.95	0.200620	10.948
19.93	19.95	0.200636	11.047
19.93	19.95	0.200653	11.147
19.93	19.95	0.200670	11.247
19.93	19.95	0.200686	11.347
19.93	19.95	0.200703	11.447
19.96	19.95	0.200720	11.547
19.96	19.95	0.200736	11.647
19.96	19.95	0.200753	11.747
19.96	19.95	0.200770	11.847
19.96	19.95	0.200786	11.947
19.96	19.95	0.200803	12.047
19.96	19.95	0.200820	12.147
19.96	19.95	0.200836	12.247
19.96	19.95	0.200853	12.347
19.96	19.95	0.200870	12.447
19.96	19.95	0.200886	12.547
19.96	19.95	0.200903	12.647
19.96	19.95	0.200920	12.747
19.96	19.96	0.200936	12.847
19.96	19.96	0.200953	12.947
19.96	19.96	0.200970	13.047
19.96	19.96	0.200986	13.147
19.96	19.96	0.201003	13.247
19.96	19.96	0.201020	13.347
19.96	19.96	0.201036	13.448
19.96	19.96	0.201053	13.547
19.96	19.96	0.201070	13.647
19.96	19.97	0.201086	13.771
19.96	19.97	0.201103	13.871
19.96	19.97	0.201120	13.975
19.96	19.97	0.201136	14.070
19.96	19.97	0.201153	14.168
19.96	19.98	0.201170	14.274
19.93	19.98	0.201186	14.367
19.93	19.98	0.201203	14.468
19.93	19.98	0.201219	14.572
19.96	19.98	0.201236	14.666
19.96	19.99	0.201253	14.769
19.96	19.99	0.201269	14.870
19.96	19.99	0.201286	14.965
19.96	19.99	0.201303	15.068
19.96	19.99	0.201319	15.169
19.96	20.00	0.201336	15.264
19.96	20.00	0.201353	15.368
19.99	20.00	0.201369	15.468
19.99	20.00	0.201386	15.562
19.99	20.01	0.201403	15.667
19.99	20.01	0.201419	15.766
19.99	20.01	0.201436	15.861
19.99	20.02	0.201453	15.965
20.01	20.02	0.201469	16.065
20.01	20.02	0.201486	16.160
20.01	20.02	0.201503	16.264
20.01	20.03	0.201519	16.359
20.01	20.03	0.201536	16.458
20.01	20.03	0.201553	16.563
20.04	20.04	0.201569	16.657
20.04	20.04	0.201586	16.757
20.04	20.04	0.201603	16.862
20.04	20.05	0.201619	16.956
20.04	20.05	0.201636	17.056
20.04	20.05	0.201653	17.160
20.06	20.06	0.201669	17.255
20.06	20.06	0.201686	17.354
20.06	20.06	0.201703	17.459
20.06	20.07	0.201719	17.553
20.06	20.07	0.201736	17.653
20.06	20.07	0.201753	17.758
20.06	20.08	0.201769	17.852
20.06	20.08	0.201786	17.952
20.06	20.08	0.201803	18.056
20.09	20.09	0.201819	18.151
20.09	20.09	0.201836	18.250
20.09	20.09	0.201853	18.355
20.09	20.10	0.201869	18.450
20.09	20.10	0.201886	18.550
20.09	20.10	0.201903	18.654
20.09	20.11	0.201919	18.748
20.12	20.11	0.201936	18.851
20.12	20.11	0.201953	18.952
20.12	20.12	0.201969	19.048
20.12	20.12	0.201986	19.150
20.12	20.13	0.202003	19.251
20.12	20.13	0.202019	19.348
20.12	20.13	0.202036	19.450
20.12	20.14	0.202052	19.550
20.12	20.14	0.202069	19.648
20.14	20.14	0.202086	19.748
20.14	20.15	0.202102	19.848
20.14	20.15	0.202119	19.948
20.14	20.15	0.202136	20.049
20.14	20.16	0.202152	20.148
20.14	20.16	0.202169	20.248
20.14	20.16	0.202186	20.348
20.17	20.17	0.202202	20.448
20.17	20.17	0.202219	20.548
20.17	20.17	0.202236	20.648
20.17	20.18	0.202252	20.748
20.17	20.18	0.202269	20.848
20.17	20.18	0.202286	20.948
20.17	20.18	0.202302	21.048
20.19	20.19	0.202319	21.148
20.19	20.19	0.202336	21.248
20.19	20.19	0.202352	21.348
20.19	20.20	0.202369	21.448
20.19	20.20	0.202386	21.548
20.19	20.20	0.202402	21.649
20.19	20.20	0.202419	21.748
20.19	20.21	0.202436	21.848
20.22	20.21	0.202452	21.948
20.22	20.21	0.202469	22.048
20.22	20.22	0.202486	22.148
20.22	20.22	0.202502	22.248
20.22	20.22	0.202519	22.348
20.22	20.22	0.202536	22.448
20.22	20.23	0.202552	22.549
20.22	20.23	0.202569	22.648
20.25	20.23	0.202586	22.748
20.25	20.23	0.202602	22.848
20.25	20.23	0.202619	22.948
20.25	20.24	0.202636	23.048
20.25	20.24	0.202652	23.149
20.25	20.24	0.202669	23.248
20.25	20.24	0.202686	23.348
20.25	20.24	0.202702	23.449
20.25	20.25	0.202719	23.548
20.25	20.25	0.202736	23.648
20.25	20.25	0.202752	23.749
20.25	20.25	0.202769	23.848
20.25	20.25	0.202786	23.948
20.25	20.25	0.202802	24.049
20.25	20.25	0.202819	24.149
20.25	20.26	0.202836	24.248
20.27	20.26	0.202852	24.350
20.27	20.26	0.202869	24.477
20.27	20.26	0.202885	24.572
20.27	20.26	0.202902	24.649
20.27	20.26	0.202919	24.776
20.27	20.26	0.202935	24.870
20.27	20.26	0.202952	24.950
20.27	20.26	0.202969	25.075
20.27	20.26	0.202985	25.169
20.27	20.26	0.203002	25.274
20.27	20.26	0.203019	25.373
20.27	20.27	0.203035	25.468
20.27	20.27	0.203052	25.572
20.27	20.27	0.203069	25.672
20.27	20.27	0.203085	25.766
20.27	20.27	0.203102	25.871
20.27	20.27	0.203119	25.966
20.27	20.27	0.203135	26.065
20.27	20.27	0.203152	26.170
20.27	20.27	0.203169	26.263
20.27	20.27	0.203185	26.363
20.27	20.27	0.203202	26.467
20.27	20.27	0.203219	26.562
20.27	20.27	0.203235	26.662
20.30	20.27	0.203252	26.767
20.30	20.26	0.203269	26.862
20.30	20.26	0.203285	26.961
20.30	20.26	0.203302	27.066
20.30	20.26	0.203319	27.159
20.30	20.26	0.203335	27.259
20.30	20.26	0.203352	27.363
20.30	20.26	0.203369	27.458
20.27	20.26	0.203385	27.558
20.27	20.26	0.203402	27.662
20.27	20.26	0.203419	27.757
20.27	20.26	0.203435	27.856
20.27	20.26	0.203452	27.961
20.27	20.26	0.203469	28.055
20.27	20.25	0.203485	28.156
20.27	20.25	0.203502	28.260
20.25	20.25	0.203519	28.354
20.25	20.25	0.203535	28.457
20.25	20.25	0.203552	28.558
20.25	20.25	0.203569	28.653
20.25	20.25	0.203585	28.756
20.25	20.25	0.203602	28.857
20.25	20.24	0.203619	28.952
20.25	20.24	0.203635	29.056
20.25	20.24	0.203652	29.156
20.25	20.24	0.203669	29.251
20.25	20.24	0.203685	29.355
20.25	20.24	0.203702	29.455
20.22	20.23	0.203718	29.548
20.22	20.23	0.203735	29.653
20.22	20.23	0.203752	29.752
20.22	20.23	0.203768	29.848
20.22	20.23	0.203785	29.952
20.22	20.23	0.203802	30.053
20.22	20.22	0.203818	30.148
20.22	20.22	0.203835	30.250
20.22	20.22	0.203852	30.348
20.22	20.22	0.203868	30.448
20.22	20.22	0.203885	30.549
20.22	20.22	0.203902	30.648
20.22	20.21	0.203918	30.748
20.22	20.21	0.203935	30.848
20.22	20.21	0.203952	30.948
20.22	20.21	0.203968	31.048
20.22	20.21	0.203985	31.148
20.22	20.21	0.204002	31.248
20.22	20.20	0.204018	31.349
20.22	20.20	0.204035	31.449
20.22	20.20	0.204052	31.549
20.22	20.20	0.204068	31.649
20.22	20.20	0.204085	31.749
20.22	20.20	0.204102	31.853
20.22	20.19	0.204118	31.949
20.19	20.19	0.204135	32.049
20.19	20.19	0.204152	32.154
20.19	20.19	0.204168	32.249
20.19	20.19	0.204185	32.349
20.19	20.19	0.204202	32.449
20.19	20.18	0.204218	32.549
20.19	20.18	0.204235	32.649
20.19	20.18	0.204252	32.750
20.19	20.18	0.204268	32.849
20.19	20.18	0.204285	32.949
20.19	20.18	0.204302	33.049
20.17	20.18	0.204318	33.149
20.17	20.18	0.204335	33.249
20.17	20.17	0.204352	33.349
20.17	20.17	0.204368	33.449
20.17	20.17	0.204385	33.549
20.17	20.17	0.204402	33.650
20.17	20.17	0.204418	33.749
20.17	20.17	0.204435	33.849
20.17	20.17	0.204452	33.949
20.17	20.17	0.204468	34.049
20.17	20.17	0.204485	34.149
20.17	20.17	0.204502	34.249
20.17	20.17	0.204518	34.349
20.17	20.16	0.204535	34.449
20.17	20.16	0.204551	34.548
20.14	20.16	0.204568	34.649
20.14	20.16	0.204585	34.749
20.14	20.16	0.204601	34.850
20.14	20.16	0.204618	34.949
20.14	20.16	0.204635	35.049
20.14	20.16	0.204651	35.148
20.14	20.16	0.204668	35.248
20.14	20.16	0.204685	35.372
20.14	20.16	0.204701	35.477
20.14	20.16	0.204718	35.576
20.14	20.16	0.204735	35.671
20.14	20.16	0.204751	35.775
20.14	20.16	0.204768	35.870
20.17	20.16	0.204785	35.970
20.17	20.16	0.204801	36.074
20.17	20.16	0.204818	36.169
20.17	20.16	0.204835	36.268
20.17	20.16	0.204851	36.373
20.17	20.17	0.204868	36.467
20.17	20.17	0.204885	36.567
20.17	20.17	0.204901	36.672
20.17	20.17	0.204918	36.766
20.17	20.17	0.204935	36.866
20.17	20.17	0.204951	36.970
20.17	20.17	0.204968	37.065
20.17	20.17	0.204985	37.164
20.17	20.17	0.205001	37.268
20.17	20.17	0.205018	37.363
20.17	20.18	0.205035	37.463
20.17	20.18	0.205051	37.567
20.17	20.18	0.205068	37.662
20.17	20.18	0.205085	37.761
20.17	20.18	0.205101	37.866
20.17	20.18	0.205118	37.960
20.17	20.18	0.205135	38.062
20.17	20.19	0.205151	38.164
20.17	20.19	0.205168	38.259
20.17	20.19	0.205185	38.362
20.17	20.19	0.205201	38.463
20.17	20.19	0.205218	38.558
20.17	20.20	0.205235	38.662
20.17	20.20	0.205251	38.761
20.17	20.20	0.205268	38.856
20.17	20.20	0.205285	38.961
20.17	20.21	0.205301	39.061
20.17	20.21	0.205318	39.155
20.17	20.21	0.205335	39.259
20.19	20.21	0.205351	39.359
20.19	20.22	0.205368	39.453
20.19	20.22	0.205384	39.558
20.19	20.22	0.205401	39.652
20.19	20.22	0.205418	39.752
20.22	20.23	0.205434	39.857
20.22	20.23	0.205451	39.951
20.22	20.23	0.205468	40.051
20.22	20.23	0.205484	40.155
20.22	20.24	0.205501	40.250
20.25	20.24	0.205518	40.350
20.25	20.24	0.205534	40.454
20.25	20.25	0.205551	40.551
20.25	20.25	0.205568	40.650
20.25	20.25	0.205584	40.753
20.25	20.26	0.205601	40.850
20.25	20.26	0.205618	40.950
20.25	20.26	0.205634	41.051
20.27	20.27	0.205651	41.150
20.27	20.27	0.205668	41.250
20.27	20.27	0.205684	41.351
20.27	20.28	0.205701	41.450
20.27	20.28	0.205718	41.550
20.27	20.28	0.205734	41.650
20.27	20.29	0.205751	41.750
20.27	20.29	0.205768	41.850
20.27	20.29	0.205784	41.950
20.30	20.30	0.205801	42.050
20.30	20.30	0.205818	42.151
20.30	20.30	0.205834	42.251
20.30	20.31	0.205851	42.351
20.30	20.31	0.205868	42.451
20.30	20.31	0.205884	42.551
20.30	20.32	0.205901	42.651
20.30	20.32	0.205918	42.751
20.32	20.32	0.205934	42.851
20.32	20.33	0.205951	42.952
20.32	20.33	0.205968	43.051
20.32	20.33	0.205984	43.151
20.32	20.34	0.206001	43.251
20.32	20.34	0.206018	43.351
20.32	20.35	0.206034	43.451
20.35	20.35	0.206051	43.551
20.35	20.35	0.206068	43.651
20.35	20.36	0.206084	43.751
20.35	20.36	0.206101	43.851
20.35	20.36	0.206118	43.951
20.35	20.37	0.206134	44.052
20.35	20.37	0.206151	44.152
20.38	20.37	0.206168	44.252
20.38	20.38	0.206184	44.352
20.38	20.38	0.206201	44.452
20.38	20.38	0.206217	44.552
20.38	20.39	0.206234	44.652
20.38	20.39	0.206251	44.752
20.38	20.39	0.206267	44.852
20.40	20.39	0.206284	44.952
20.40	20.40	0.206301	45.052
20.40	20.40	0.206317	45.152
20.40	20.40	0.206334	45.252
20.40	20.41	0.206351	45.352
20.40	20.41	0.206367	45.477
20.40	20.41	0.206384	45.576
20.43	20.42	0.206401	45.681
20.43	20.42	0.206417	45.775
20.43	20.42	0.206434	45.875
20.43	20.42	0.206451	45.979
20.43	20.43	0.206467	46.074
20.43	20.43	0.206484	46.174
20.43	20.43	0.206501	46.278
20.43	20.43	0.206517	46.373
20.45	20.44	0.206534	46.472
20.45	20.44	0.206551	46.577
20.45	20.44	0.206567	46.671
20.45	20.44	0.206584	46.771
20.45	20.45	0.206601	46.876
20.45	20.45	0.206617	46.970
20.45	20.45	0.206634	47.070
20.45	20.45	0.206651	47.174
20.45	20.45	0.206667	47.268
20.45	20.46	0.206684	47.367
20.45	20.46	0.206701	47.472
20.45	20.46	0.206717	47.567
20.45	20.46	0.206734	47.667
20.48	20.46	0.206751	47.772
20.48	20.46	0.206767	47.866
20.48	20.46	0.206784	47.968
20.48	20.47	0.206801	48.070
20.48	20.47	0.206817	48.164
20.48	20.47	0.206834	48.268
20.48	20.47	0.206851	48.368
20.48	20.47	0.206867	48.463
20.48	20.47	0.206884	48.567
20.48	20.47	0.206901	48.667
20.48	20.47	0.206917	48.761
20.48	20.48	0.206934	48.866
20.48	20.48	0.206951	48.965
20.48	20.48	0.206967	49.060
20.48	20.48	0.206984	49.164
20.48	20.48	0.207001	49.264
20.48	20.48	0.207017	49.359
20.48	20.48	0.207034	49.463
20.48	20.48	0.207050	49.558
20.48	20.48	0.207067	49.657
20.48	20.48	0.207084	49.762
20.48	20.48	0.207100	49.856
20.48	20.48	0.207117	49.956
20.48	20.48	0.207134	50.061
20.48	20.48	0.207150	50.155
20.48	20.48	0.207167	50.255
20.48	20.48	0.207184	50.359
20.50	20.48	0.207200	50.454
20.50	20.48	0.207217	50.553
20.50	20.48	0.207234	50.658
20.50	20.48	0.207250	50.753
20.50	20.48	0.207267	50.852
20.50	20.48	0.207284	50.957
20.50	20.48	0.207300	51.052
20.50	20.48	0.207317	51.152
20.50	20.48	0.207334	51.255
20.50	20.48	0.207350	51.352
20.50	20.47	0.207367	51.452
20.50	20.47	0.207384	51.554
20.50	20.47	0.207400	51.652
20.48	20.47	0.207417	51.752
20.48	20.47	0.207434	51.853
20.48	20.47	0.207450	51.952
20.48	20.47	0.207467	52.052
20.48	20.47	0.207484	52.152
20.48	20.47	0.207500	52.252
20.48	20.47	0.207517	52.353
20.48	20.46	0.207534	52.452
20.48	20.46	0.207550	52.552
20.48	20.46	0.207567	52.652
20.48	20.46	0.207584	52.752
20.48	20.46	0.207600	52.852
20.48	20.46	0.207617	52.952
20.45	20.46	0.207634	53.052
20.45	20.45	0.207650	53.152
20.45	20.45	0.207667	53.253
20.45	20.45	0.207684	53.352
20.45	20.45	0.207700	53.452
20.45	20.45	0.207717	53.552
20.45	20.45	0.207734	53.652
20.45	20.44	0.207750	53.752
20.45	20.44	0.207767	53.852
20.45	20.44	0.207784	53.952
20.45	20.44	0.207800	54.052
20.45	20.44	0.207817	54.152
20.45	20.44	0.207834	54.252
20.45	20.43	0.207850	54.352
20.43	20.43	0.207867	54.452
20.43	20.43	0.207883	54.552
20.43	20.43	0.207900	54.652
20.43	20.43	0.207917	54.752
20.43	20.43	0.207933	54.852
20.43	20.42	0.207950	54.952
20.43	20.42	0.207967	55.052
20.43	20.42	0.207983	55.152
20.43	20.42	0.208000	55.251
20.43	20.42	0.208017	55.351
20.43	20.42	0.208033	55.451
20.43	20.41	0.208050	55.551
20.43	20.41	0.208067	55.652
20.43	20.41	0.208083	55.753
20.43	20.41	0.208100	55.852
20.43	20.41	0.208117	55.952
20.43	20.41	0.208133	56.052
20.40	20.40	0.208150	56.152
20.40	20.40	0.208167	56.252
20.40	20.40	0.208183	56.352
20.40	20.40	0.208200	56.481
20.40	20.40	0.208217	56.576
20.40	20.40	0.208233	56.676
20.40	20.40	0.208250	56.780
20.40	20.39	0.208267	56.875
20.40	20.39	0.208283	56.974
20.40	20.39	0.208300	57.079
20.38	20.39	0.208317	57.173
20.38	20.39	0.208333	57.274
20.38	20.39	0.208350	57.377
20.38	20.39	0.208367	57.472
20.38	20.39	0.208383	57.574
20.38	20.38	0.208400	57.676
20.38	20.38	0.208417	57.771
20.38	20.38	0.208433	57.873
20.38	20.38	0.208450	57.975
20.38	20.38	0.208467	58.069
20.38	20.38	0.208483	58.174
20.38	20.38	0.208500	58.273
20.38	20.38	0.208517	58.368
20.38	20.38	0.208533	58.473
20.38	20.38	0.208550	58.572
20.38	20.38	0.208567	58.667
20.38	20.38	0.208583	58.771
20.38	20.38	0.208600	58.871
20.35	20.38	0.208617	58.965
20.35	20.38	0.208633	59.070
20.35	20.38	0.208650	59.165
20.35	20.38	0.208667	59.264
20.35	20.38	0.208683	59.369
20.35	20.38	0.208700	59.463
20.35	20.38	0.208716	59.563
20.35	20.38	0.208733	59.667
20.35	20.38	0.208750	59.762
20.38	20.38	0.208766	59.861
20.38	20.38	0.208783	59.966
20.38	20.38	0.208800	00.060
20.38	20.38	0.208816	00.160
20.38	20.38	0.208833	00.264
20.38	20.38	0.208850	00.359
20.38	20.38	0.208866	00.458
20.38	20.38	0.208883	00.563
20.38	20.38	0.208900	00.657
20.38	20.38	0.208916	00.757
20.38	20.38	0.208933	00.861
20.38	20.38	0.208950	00.956
20.38	20.38	0.208966	01.056
20.38	20.38	0.208983	01.160
20.38	20.39	0.209000	01.255
20.38	20.39	0.209016	01.355
20.38	20.39	0.209033	01.459
20.38	20.39	0.209050	01.553
20.38	20.39	0.209066	01.656
20.40	20.39	0.209083	01.757
20.40	20.39	0.209100	01.852
20.40	20.40	0.209116	01.956
20.40	20.40	0.209133	02.056
20.40	20.40	0.209150	02.152
20.40	20.40	0.209166	02.255
20.40	20.40	0.209183	02.354
20.40	20.41	0.209200	02.452
20.40	20.41	0.209216	02.554
20.40	20.41	0.209233	02.653
20.40	20.41	0.209250	02.752
20.40	20.41	0.209266	02.852
20.40	20.42	0.209283	02.952
20.40	20.42	0.209300	03.052
20.40	20.42	0.209316	03.152
20.40	20.42	0.209333	03.253
20.40	20.43	0.209350	03.352
20.40	20.43	0.209366	03.452
20.40	20.43	0.209383	03.552
20.40	20.43	0.209400	03.652
20.40	20.44	0.209416	03.752
20.40	20.44	0.209433	03.853
20.43	20.44	0.209450	03.952
20.43	20.45	0.209466	04.052
20.43	20.45	0.209483	04.153
20.43	20.45	0.209500	04.252
20.43	20.45	0.209516	04.352
20.43	20.46	0.209533	04.453
20.45	20.46	0.209549	04.552
20.45	20.46	0.209566	04.652
20.45	20.47	0.209583	04.753
20.45	20.47	0.209599	04.852
20.45	20.47	0.209616	04.952
20.45	20.48	0.209633	05.054
20.48	20.48	0.209649	05.152
20.48	20.48	0.209666	05.252
20.48	20.49	0.209683	05.353
20.48	20.49	0.209699	05.452
20.48	20.49	0.209716	05.552
20.48	20.50	0.209733	05.654
20.50	20.50	0.209749	05.753
20.50	20.50	0.209766	05.852
20.50	20.51	0.209783	05.954
20.50	20.51	0.209799	06.052
20.50	20.51	0.209816	06.152
20.50	20.52	0.209833	06.254
20.50	20.52	0.209849	06.352
20.50	20.52	0.209866	06.452
20.53	20.53	0.209883	06.554
20.53	20.53	0.209899	06.652
20.53	20.53	0.209916	06.752
20.53	20.54	0.209933	06.855
20.53	20.54	0.209949	06.952
20.53	20.54	0.209966	07.052
20.53	20.55	0.209983	07.154
20.56	20.55	0.209999	07.252
20.56	20.56	0.210016	07.353
20.56	20.56	0.210033	07.455
20.56	20.56	0.210049	07.552
20.56	20.57	0.210066	07.676
20.56	20.57	0.210083	07.755
20.56	20.57	0.210099	07.880
20.58	20.58	0.210116	07.974
20.58	20.58	0.210133	08.079
20.58	20.58	0.210149	08.178
20.58	20.59	0.210166	08.273
20.58	20.59	0.210183	08.378
20.58	20.59	0.210199	08.477
20.58	20.60	0.210216	08.572
20.58	20.60	0.210233	08.676
20.61	20.60	0.210249	08.776
20.61	20.61	0.210266	08.870
20.61	20.61	0.210283	08.975
20.61	20.61	0.210299	09.069
20.61	20.61	0.210316	09.169
20.61	20.62	0.210333	09.274
20.61	20.62	0.210349	09.368
20.61	20.62	0.210366	09.468
20.63	20.63	0.210382	09.572
20.63	20.63	0.210399	09.667
20.63	20.63	0.210416	09.766
20.63	20.63	0.210432	09.871
20.63	20.64	0.210449	09.966
20.63	20.64	0.210466	10.065
20.63	20.64	0.210482	10.170
20.63	20.64	0.210499	10.263
20.66	20.65	0.210516	10.364
20.66	20.65	0.210532	10.468
20.66	20.65	0.210549	10.563
20.66	20.65	0.210566	10.662
20.66	20.66	0.210582	10.767
20.66	20.66	0.210599	10.862
20.66	20.66	0.210616	10.961
20.66	20.66	0.210632	11.065
20.66	20.66	0.210649	11.159
20.68	20.67	0.210666	11.262
20.68	20.67	0.210682	11.363
20.68	20.67	0.210699	11.458
20.68	20.67	0.210716	11.562
20.68	20.67	0.210732	11.662
20.68	20.68	0.210749	11.757
20.68	20.68	0.210766	11.861
20.68	20.68	0.210782	11.961
20.68	20.68	0.210799	12.055
20.68	20.68	0.210816	12.160
20.68	20.68	0.210832	12.260
20.68	20.68	0.210849	12.354
20.68	20.68	0.210866	12.459
20.71	20.69	0.210882	12.558
20.71	20.69	0.210899	12.653
20.71	20.69	0.210916	12.757
20.71	20.69	0.210932	12.852
20.71	20.69	0.210949	12.953
20.71	20.69	0.210966	13.056
20.71	20.69	0.210982	13.152
20.71	20.69	0.210999	13.252
20.71	20.69	0.211016	13.355
20.71	20.69	0.211032	13.452
20.71	20.69	0.211049	13.552
20.71	20.69	0.211066	13.653
20.71	20.69	0.211082	13.752
20.71	20.69	0.211099	13.853
20.71	20.69	0.211116	13.952
20.71	20.69	0.211132	14.052
20.71	20.69	0.211149	14.152
20.71	20.69	0.211166	14.252
20.71	20.69	0.211182	14.353
20.68	20.69	0.211199	14.452
20.68	20.69	0.211215	14.552
20.68	20.69	0.211232	14.652
20.68	20.69	0.211249	14.752
20.68	20.69	0.211265	14.852
20.68	20.69	0.211282	14.952
20.68	20.69	0.211299	15.052
20.68	20.69	0.211315	15.153
20.68	20.69	0.211332	15.252
20.68	20.69	0.211349	15.352
20.68	20.69	0.211365	15.452
20.68	20.69	0.211382	15.552
20.68	20.69	0.211399	15.652
20.68	20.68	0.211415	15.752
20.68	20.68	0.211432	15.852
20.68	20.68	0.211449	15.952
20.68	20.68	0.211465	16.052
20.68	20.68	0.211482	16.152
20.68	20.68	0.211499	16.252
20.68	20.68	0.211515	16.352
20.68	20.68	0.211532	16.452
20.68	20.68	0.211549	16.552
20.71	20.67	0.211565	16.652
20.71	20.67	0.211582	16.753
20.71	20.67	0.211599	16.852
20.71	20.67	0.211615	16.952
20.71	20.67	0.211632	17.052
20.71	20.67	0.211649	17.152
20.68	20.67	0.211665	17.252
20.68	20.66	0.211682	17.352
20.68	20.66	0.211699	17.452
20.68	20.66	0.211715	17.552
20.68	20.66	0.211732	17.652
20.68	20.66	0.211749	17.752
20.68	20.66	0.211765	17.852
20.68	20.65	0.211782	17.952
20.68	20.65	0.211799	18.052
20.66	20.65	0.211815	18.152
20.66	20.65	0.211832	18.252
20.66	20.65	0.211849	18.352
20.66	20.65	0.211865	18.452
20.66	20.64	0.211882	18.552
20.66	20.64	0.211899	18.676
20.66	20.64	0.211915	18.776
20.63	20.64	0.211932	18.880
20.63	20.64	0.211949	18.975
20.63	20.64	0.211965	19.073
20.63	20.63	0.211982	19.179
20.63	20.63	0.211999	19.273
20.63	20.63	0.212015	19.372
20.63	20.63	0.212032	19.477
20.63	20.63	0.212048	19.571
20.63	20.63	0.212065	19.671
20.63	20.62	0.212082	19.776
20.63	20.62	0.212098	19.870
20.61	20.62	0.212115	19.969
20.61	20.62	0.212132	20.074
20.61	20.62	0.212148	20.169
20.61	20.62	0.212165	20.268
20.61	20.61	0.212182	20.373
20.61	20.61	0.212198	20.467
20.61	20.61	0.212215	20.567
20.61	20.61	0.212232	20.671
20.61	20.61	0.212248	20.766
20.61	20.61	0.212265	20.868
20.61	20.61	0.212282	20.970
20.61	20.60	0.212298	21.065
20.61	20.60	0.212315	21.167
20.61	20.60	0.212332	21.269
20.61	20.60	0.212348	21.363
20.61	20.60	0.212365	21.468
20.61	20.60	0.212382	21.567
20.61	20.60	0.212398	21.662
20.61	20.60	0.212415	21.767
20.61	20.60	0.212432	21.866
20.61	20.60	0.212448	21.961
20.58	20.59	0.212465	22.065
20.58	20.59	0.212482	22.165
20.58	20.59	0.212498	22.259
20.58	20.59	0.212515	22.364
20.58	20.59	0.212532	22.459
20.58	20.59	0.212548	22.558
20.58	20.59	0.212565	22.663
20.58	20.59	0.212582	22.757
20.58	20.59	0.212598	22.857
20.58	20.59	0.212615	22.961
20.58	20.59	0.212632	23.056
20.58	20.59	0.212648	23.155
20.58	20.59	0.212665	23.260
20.58	20.59	0.212682	23.355
20.58	20.59	0.212698	23.454
20.58	20.59	0.212715	23.559
20.58	20.59	0.212732	23.653
20.58	20.59	0.212748	23.753
20.58	20.59	0.212765	23.857
20.58	20.59	0.212782	23.952
20.58	20.59	0.212798	24.053
20.58	20.59	0.212815	24.156
20.58	20.59	0.212832	24.252
20.58	20.59	0.212848	24.352
20.58	20.59	0.212865	24.454
20.58	20.59	0.212881	24.552
20.58	20.59	0.212898	24.652
20.58	20.59	0.212915	24.753
20.58	20.60	0.212931	24.853
20.58	20.60	0.212948	24.953
20.58	20.60	0.212965	25.053
20.58	20.60	0.212981	25.153
20.58	20.60	0.212998	25.253
20.58	20.60	0.213015	25.353
20.58	20.60	0.213031	25.453
20.61	20.60	0.213048	25.553
20.61	20.60	0.213065	25.653
20.61	20.61	0.213081	25.753
20.61	20.61	0.213098	25.853
20.61	20.61	0.213115	25.953
20.61	20.61	0.213131	26.053
20.61	20.61	0.213148	26.153
20.61	20.62	0.213165	26.253
20.61	20.62	0.213181	26.353
20.61	20.62	0.213198	26.453
20.61	20.62	0.213215	26.554
20.61	20.62	0.213231	26.653
20.61	20.63	0.213248	26.753
20.61	20.63	0.213265	26.853
20.61	20.63	0.213281	26.953
20.61	20.63	0.213298	27.053
20.61	20.63	0.213315	27.153
20.61	20.64	0.213331	27.253
20.61	20.64	0.213348	27.353
20.61	20.64	0.213365	27.453
20.63	20.64	0.213381	27.553
20.63	20.65	0.213398	27.653
20.63	20.65	0.213415	27.753
20.63	20.65	0.213431	27.853
20.63	20.66	0.213448	27.953
20.63	20.66	0.213465	28.053
20.63	20.66	0.213481	28.154
20.63	20.66	0.213498	28.254
20.66	20.67	0.213515	28.354
20.66	20.67	0.213531	28.454
20.66	20.67	0.213548	28.554
20.66	20.68	0.213565	28.654
20.66	20.68	0.213581	28.755
20.68	20.68	0.213598	28.855
20.68	20.69	0.213615	28.955
20.68	20.69	0.213631	29.084
20.68	20.69	0.213648	29.178
20.68	20.70	0.213665	29.277
20.68	20.70	0.213681	29.382
20.71	20.70	0.213698	29.476
20.71	20.71	0.213714	29.576
20.71	20.71	0.213731	29.680
20.71	20.71	0.213748	29.775
20.71	20.72	0.213764	29.875
20.71	20.72	0.213781	29.979
20.71	20.72	0.213798	30.074
20.74	20.73	0.213814	30.173
20.74	20.73	0.213831	30.278
20.74	20.73	0.213848	30.372
20.74	20.74	0.213864	30.473
20.74	20.74	0.213881	30.576
20.74	20.74	0.213898	30.671
20.74	20.75	0.213914	30.774
20.74	20.75	0.213931	30.875
20.74	20.75	0.213948	30.970
20.76	20.76	0.213964	31.073
20.76	20.76	0.213981	31.174
20.76	20.77	0.213998	31.268
20.76	20.77	0.214014	31.373
20.76	20.77	0.214031	31.473
20.76	20.78	0.214048	31.567
20.76	20.78	0.214064	31.672
20.76	20.78	0.214081	31.771
20.76	20.79	0.214098	31.866
20.76	20.79	0.214114	31.970
20.76	20.79	0.214131	32.070
20.79	20.80	0.214148	32.164
20.79	20.80	0.214164	32.269
20.79	20.80	0.214181	32.364
20.79	20.81	0.214198	32.463
20.79	20.81	0.214214	32.568
20.81	20.81	0.214231	32.662
20.81	20.82	0.214248	32.762
20.81	20.82	0.214264	32.866
20.81	20.82	0.214281	32.961
20.81	20.82	0.214298	33.061
20.84	20.83	0.214314	33.165
20.84	20.83	0.214331	33.259
20.84	20.83	0.214348	33.359
20.84	20.84	0.214364	33.463
20.84	20.84	0.214381	33.558
20.84	20.84	0.214398	33.657
20.86	20.84	0.214414	33.762
20.86	20.85	0.214431	33.857
20.86	20.85	0.214448	33.956
20.86	20.85	0.214464	34.061
20.86	20.86	0.214481	34.156
20.86	20.86	0.214498	34.256
20.86	20.86	0.214514	34.359
20.86	20.86	0.214531	34.456
20.86	20.87	0.214547	34.557
20.89	20.87	0.214564	34.658
20.89	20.87	0.214581	34.756
20.89	20.87	0.214597	34.856
20.89	20.87	0.214614	34.957
20.89	20.88	0.214631	35.056
20.89	20.88	0.214647	35.156
20.89	20.88	0.214664	35.256
20.89	20.88	0.214681	35.356
20.89	20.88	0.214697	35.457
20.89	20.89	0.214714	35.556
20.89	20.89	0.214731	35.656
20.89	20.89	0.214747	35.756
20.89	20.89	0.214764	35.856
20.89	20.89	0.214781	35.956
20.89	20.89	0.214797	36.056
20.89	20.89	0.214814	36.157
20.89	20.90	0.214831	36.257
20.89	20.90	0.214847	36.357
20.92	20.90	0.214864	36.457
20.92	20.90	0.214881	36.557
20.92	20.90	0.214897	36.657
20.92	20.90	0.214914	36.757
20.92	20.90	0.214931	36.857
20.92	20.90	0.214947	36.957
20.92	20.90	0.214964	37.058
20.92	20.90	0.214981	37.157
20.92	20.90	0.214997	37.257
20.92	20.90	0.215014	37.357
20.92	20.91	0.215031	37.457
20.92	20.91	0.215047	37.557
20.92	20.91	0.215064	37.657
20.92	20.91	0.215081	37.757
20.92	20.91	0.215097	37.857
20.92	20.91	0.215114	37.957
20.92	20.91	0.215131	38.057
20.92	20.91	0.215147	38.157
20.89	20.91	0.215164	38.257
20.89	20.91	0.215181	38.357
20.89	20.91	0.215197	38.457
20.89	20.91	0.215214	38.557
20.89	20.91	0.215231	38.658
20.89	20.91	0.215247	38.757
20.89	20.90	0.215264	38.857
20.89	20.90	0.215281	38.957
20.89	20.90	0.215297	39.057
20.92	20.90	0.215314	39.157
20.92	20.90	0.215331	39.257
20.92	20.90	0.215347	39.381
20.92	20.90	0.215364	39.481
20.92	20.90	0.215380	39.586
20.92	20.90	0.215397	39.681
20.92	20.90	0.215414	39.780
20.92	20.90	0.215430	39.885
20.92	20.90	0.215447	39.979
20.92	20.90	0.215464	40.079
20.92	20.89	0.215480	40.183
20.92	20.89	0.215497	40.278
20.92	20.89	0.215514	40.380
20.92	20.89	0.215530	40.482
20.92	20.89	0.215547	40.577
20.92	20.89	0.215564	40.679
20.89	20.89	0.215580	40.781
20.89	20.89	0.215597	40.875
20.89	20.88	0.215614	40.979
20.89	20.88	0.215630	41.079
20.89	20.88	0.215647	41.174
20.89	20.88	0.215664	41.279
20.89	20.88	0.215680	41.377
20.89	20.88	0.215697	41.472
20.89	20.87	0.215714	41.577
20.89	20.87	0.215730	41.676
20.86	20.87	0.215747	41.770
20.86	20.87	0.215764	41.875
20.86	20.87	0.215780	41.970
20.86	20.87	0.215797	42.069
20.86	20.86	0.215814	42.174
20.86	20.86	0.215830	42.268
20.86	20.86	0.215847	42.368
20.86	20.86	0.215864	42.472
20.86	20.86	0.215880	42.567
20.86	20.86	0.215897	42.666
20.86	20.85	0.215914	42.771
20.86	20.85	0.215930	42.866
20.86	20.85	0.215947	42.965
20.86	20.85	0.215964	43.070
20.86	20.85	0.215980	43.164
20.86	20.85	0.215997	43.264
20.86	20.84	0.216014	43.368
20.86	20.84	0.216030	43.463
20.86	20.84	0.216047	43.563
20.84	20.84	0.216064	43.667
20.84	20.84	0.216080	43.762
20.84	20.84	0.216097	43.861
20.84	20.83	0.216114	43.966
20.84	20.83	0.216130	44.061
20.84	20.83	0.216147	44.161
20.84	20.83	0.216164	44.264
20.84	20.83	0.216180	44.359
20.84	20.83	0.216197	44.461
20.84	20.82	0.216213	44.564
20.84	20.82	0.216230	44.658
20.84	20.82	0.216247	44.762
20.81	20.82	0.216263	44.861
20.81	20.82	0.216280	44.958
20.81	20.82	0.216297	45.060
20.81	20.82	0.216313	45.160
20.81	20.82	0.216330	45.258
20.81	20.81	0.216347	45.359
20.81	20.81	0.216363	45.459
20.81	20.81	0.216380	45.558
20.81	20.81	0.216397	45.658
20.81	20.81	0.216413	45.758
20.81	20.81	0.216430	45.858
20.81	20.81	0.216447	45.959
20.81	20.81	0.216463	46.058
20.81	20.81	0.216480	46.159
20.81	20.81	0.216497	46.259
20.79	20.81	0.216513	46.359
20.79	20.80	0.216530	46.459
20.79	20.80	0.216547	46.559
20.79	20.80	0.216563	46.659
20.79	20.80	0.216580	46.759
20.79	20.80	0.216597	46.859
20.79	20.80	0.216613	46.959
20.79	20.80	0.216630	47.059
20.79	20.80	0.216647	47.159
20.79	20.80	0.216663	47.259
20.79	20.80	0.216680	47.359
20.79	20.80	0.216697	47.459
20.79	20.80	0.216713	47.559
20.79	20.80	0.216730	47.659
20.79	20.80	0.216747	47.759
20.79	20.80	0.216763	47.859
20.79	20.80	0.216780	47.959
20.79	20.80	0.216797	48.059
20.79	20.80	0.216813	48.159
20.79	20.80	0.216830	48.259
20.79	20.80	0.216847	48.359
20.79	20.81	0.216863	48.460
20.79	20.81	0.216880	48.559
20.79	20.81	0.216897	48.659
20.79	20.81	0.216913	48.759
20.79	20.81	0.216930	48.859
20.79	20.81	0.216947	48.959
20.79	20.81	0.216963	49.060
20.79	20.81	0.216980	49.159
20.79	20.81	0.216997	49.259
20.81	20.81	0.217013	49.360
20.81	20.82	0.217030	49.459
20.81	20.82	0.217046	49.559
20.81	20.82	0.217063	49.660
20.81	20.82	0.217080	49.759
20.81	20.82	0.217096	49.859
20.81	20.82	0.217113	49.960
20.81	20.82	0.217130	50.088
20.81	20.83	0.217146	50.183
20.81	20.83	0.217163	50.261
20.81	20.83	0.217180	50.387
20.81	20.83	0.217196	50.482
20.84	20.83	0.217213	50.560
20.84	20.84	0.217230	50.686
20.84	20.84	0.217246	50.780
20.84	20.84	0.217263	50.885
20.84	20.84	0.217280	50.984
20.84	20.85	0.217296	51.079
20.84	20.85	0.217313	51.183
20.84	20.85	0.217330	51.282
20.84	20.85	0.217346	51.377
20.84	20.86	0.217363	51.481
20.84	20.86	0.217380	51.581
20.84	20.86	0.217396	51.675
20.84	20.86	0.217413	51.780
20.86	20.87	0.217430	51.875
20.86	20.87	0.217446	51.974
20.86	20.87	0.217463	52.079
20.86	20.87	0.217480	52.173
20.86	20.88	0.217496	52.273
20.86	20.88	0.217513	52.377
20.86	20.88	0.217530	52.472
20.86	20.89	0.217546	52.571
20.89	20.89	0.217563	52.676
20.89	20.89	0.217580	52.771
20.89	20.90	0.217596	52.870
20.89	20.90	0.217613	52.975
20.89	20.90	0.217630	53.069
20.89	20.91	0.217646	53.169
20.89	20.91	0.217663	53.273
20.89	20.91	0.217680	53.368
20.92	20.92	0.217696	53.468
20.92	20.92	0.217713	53.572
20.92	20.92	0.217730	53.667
20.92	20.93	0.217746	53.767
20.92	20.93	0.217763	53.871
20.92	20.93	0.217780	53.965
20.92	20.94	0.217796	54.067
20.94	20.94	0.217813	54.169
20.94	20.94	0.217830	54.264
20.94	20.95	0.217846	54.368
20.94	20.95	0.217863	54.468
20.94	20.95	0.217879	54.563
20.94	20.96	0.217896	54.667
20.94	20.96	0.217913	54.767
20.94	20.96	0.217929	54.861
20.97	20.97	0.217946	54.966
20.97	20.97	0.217963	55.066
20.97	20.97	0.217979	55.160
20.97	20.98	0.217996	55.265
20.97	20.98	0.218013	55.364
20.97	20.99	0.218029	55.459
20.97	20.99	0.218046	55.563
20.99	20.99	0.218063	55.664
20.99	21.00	0.218079	55.759
20.99	21.00	0.218096	55.862
20.99	21.00	0.218113	55.959
20.99	21.01	0.218129	56.059
20.99	21.01	0.218146	56.161
20.99	21.01	0.218163	56.264
20.99	21.02	0.218179	56.359
21.02	21.02	0.218196	56.459
21.02	21.02	0.218213	56.559
21.02	21.03	0.218229	56.660
21.02	21.03	0.218246	56.759
21.02	21.03	0.218263	56.859
21.02	21.03	0.218279	56.959
21.02	21.04	0.218296	57.059
21.04	21.04	0.218313	57.159
21.04	21.04	0.218329	57.259
21.04	21.05	0.218346	57.359
21.04	21.05	0.218363	57.459
21.04	21.05	0.218379	57.560
21.04	21.06	0.218396	57.659
21.07	21.06	0.218413	57.759
21.07	21.06	0.218429	57.859
21.07	21.06	0.218446	57.959
21.07	21.07	0.218463	58.059
21.07	21.07	0.218479	58.159
21.07	21.07	0.218496	58.259
21.07	21.07	0.218513	58.359
21.09	21.08	0.218529	58.459
21.09	21.08	0.218546	58.559
21.09	21.08	0.218563	58.659
21.09	21.08	0.218579	58.759
21.09	21.09	0.218596	58.859
21.09	21.09	0.218613	58.959
21.09	21.09	0.218629	59.059
21.09	21.09	0.218646	59.160
21.09	21.09	0.218663	59.259
21.09	21.10	0.218679	59.359
21.09	21.10	0.218696	59.459
21.12	21.10	0.218712	59.559
21.12	21.10	0.218729	59.659
21.12	21.10	0.218746	59.759
21.12	21.10	0.218762	59.859
21.12	21.10	0.218779	59.959
21.12	21.11	0.218796	00.061
21.12	21.11	0.218812	00.161
21.12	21.11	0.218829	00.261
21.12	21.11	0.218846	00.361
21.12	21.11	0.218862	00.461
21.12	21.11	0.218879	00.590
21.12	21.11	0.218896	00.685
21.12	21.11	0.218912	00.789
21.12	21.12	0.218929	00.889
21.12	21.12	0.218946	00.984
21.12	21.12	0.218962	01.088
21.12	21.12	0.218979	01.188
21.12	21.12	0.218996	01.282
21.12	21.12	0.219012	01.387
21.15	21.12	0.219029	01.481
21.15	21.12	0.219046	01.581
21.15	21.12	0.219062	01.685
21.15	21.12	0.219079	01.780
21.15	21.12	0.219096	01.880
21.15	21.12	0.219112	01.984
21.15	21.12	0.219129	02.079
21.15	21.12	0.219146	02.178
21.15	21.12	0.219162	02.283
21.15	21.12	0.219179	02.377
21.15	21.12	0.219196	02.477
21.12	21.12	0.219212	02.582
21.12	21.12	0.219229	02.676
21.12	21.12	0.219246	02.775
21.12	21.12	0.219262	02.880
21.12	21.12	0.219279	02.974
21.12	21.12	0.219296	03.074
21.12	21.12	0.219312	03.178
21.12	21.12	0.219329	03.273
21.12	21.12	0.219346	03.373
21.12	21.11	0.219362	03.477
21.12	21.11	0.219379	03.572
21.12	21.11	0.219396	03.673
21.12	21.11	0.219412	03.776
21.12	21.11	0.219429	03.870
21.09	21.11	0.219446	03.973
21.09	21.11	0.219462	04.074
21.09	21.11	0.219479	04.169
21.09	21.11	0.219496	04.273
21.09	21.11	0.219512	04.373
21.09	21.10	0.219529	04.467
21.09	21.10	0.219545	04.572
21.09	21.10	0.219562	04.671
21.09	21.10	0.219579	04.766
21.09	21.10	0.219595	04.870
21.09	21.10	0.219612	04.970
21.12	21.10	0.219629	05.065
21.12	21.09	0.219645	05.169
21.12	21.09	0.219662	05.269
21.12	21.09	0.219679	05.363
21.12	21.09	0.219695	05.468
21.12	21.09	0.219712	05.562
21.12	21.09	0.219729	05.662
21.12	21.08	0.219745	05.767
21.12	21.08	0.219762	05.861
21.12	21.08	0.219779	05.961
21.09	21.08	0.219795	06.066
21.09	21.08	0.219812	06.161
21.09	21.08	0.219829	06.261
21.09	21.07	0.219845	06.364
21.09	21.07	0.219862	06.461
21.09	21.07	0.219879	06.561
21.09	21.07	0.219895	06.663
21.09	21.07	0.219912	06.761
21.07	21.07	0.219929	06.861
21.07	21.06	0.219945	06.961
21.07	21.06	0.219962	07.061
21.07	21.06	0.219979	07.161
21.07	21.06	0.219995	07.262
21.07	21.06	0.220012	07.361
21.07	21.06	0.220029	07.461
21.07	21.05	0.220045	07.561
21.04	21.05	0.220062	07.661
21.04	21.05	0.220079	07.761
21.04	21.05	0.220095	07.861
21.04	21.05	0.220112	07.961
21.04	21.05	0.220129	08.062
21.04	21.04	0.220145	08.161
21.04	21.04	0.220162	08.261
21.04	21.04	0.220179	08.361
21.04	21.04	0.220195	08.461
21.04	21.04	0.220212	08.561
21.04	21.04	0.220229	08.661
21.04	21.04	0.220245	08.761
21.04	21.03	0.220262	08.862
21.04	21.03	0.220279	08.961
21.04	21.03	0.220295	09.061
21.04	21.03	0.220312	09.161
21.04	21.03	0.220329	09.261
21.02	21.03	0.220345	09.361
21.02	21.03	0.220362	09.461
21.02	21.03	0.220378	09.561
21.02	21.02	0.220395	09.661
21.02	21.02	0.220412	09.761
21.02	21.02	0.220428	09.861
21.02	21.02	0.220445	09.961
21.02	21.02	0.220462	10.061
21.02	21.02	0.220478	10.161
21.02	21.02	0.220495	10.261
21.02	21.02	0.220512	10.361
21.02	21.02	0.220528	10.462
21.02	21.02	0.220545	10.561
21.02	21.02	0.220562	10.661
21.02	21.02	0.220578	10.761
21.02	21.02	0.220595	10.861
20.99	21.02	0.220612	10.961
20.99	21.02	0.220628	11.061
20.99	21.02	0.220645	11.161
20.99	21.02	0.220662	11.261
20.99	21.02	0.220678	11.361
20.99	21.02	0.220695	11.461
20.99	21.02	0.220712	11.590
20.99	21.02	0.220728	11.685
21.02	21.02	0.220745	11.784
21.02	21.02	0.220762	11.889
21.02	21.02	0.220778	11.983
21.02	21.02	0.220795	12.083
21.02	21.02	0.220812	12.188
21.02	21.02	0.220828	12.282
21.02	21.02	0.220845	12.382
21.02	21.02	0.220862	12.486
21.02	21.02	0.220878	12.581
21.02	21.02	0.220895	12.680
21.02	21.02	0.220912	12.785
21.02	21.02	0.220928	12.879
21.02	21.02	0.220945	12.979
21.02	21.02	0.220962	13.084
21.02	21.02	0.220978	13.178
21.02	21.03	0.220995	13.279
21.02	21.03	0.221012	13.382
21.02	21.03	0.221028	13.477
21.02	21.03	0.221045	13.578
21.02	21.03	0.221062	13.681
21.02	21.03	0.221078	13.776
21.02	21.03	0.221095	13.879
21.02	21.04	0.221112	13.980
21.04	21.04	0.221128	14.074
21.04	21.04	0.221145	14.179
21.04	21.04	0.221162	14.278
21.04	21.04	0.221178	14.373
21.04	21.05	0.221195	14.477
21.04	21.05	0.221211	14.577
21.04	21.05	0.221228	14.672
21.04	21.05	0.221245	14.776
21.04	21.05	0.221261	14.876
21.04	21.06	0.221278	14.970
21.04	21.06	0.221295	15.075
21.04	21.06	0.221311	15.169
21.04	21.06	0.221328	15.269
21.04	21.07	0.221345	15.373
21.04	21.07	0.221361	15.468
21.04	21.07	0.221378	15.568
21.04	21.07	0.221395	15.672
21.07	21.08	0.221411	15.767
21.07	21.08	0.221428	15.866
21.07	21.08	0.221445	15.971
21.07	21.09	0.221461	16.065
21.07	21.09	0.221478	16.164
21.07	21.09	0.221495	16.269
21.07	21.09	0.221511	16.363
21.09	21.10	0.221528	16.463
21.09	21.10	0.221545	16.567
21.09	21.10	0.221561	16.662
21.09	21.11	0.221578	16.762
21.09	21.11	0.221595	16.866
21.09	21.11	0.221611	16.962
21.09	21.12	0.221628	17.062
21.12	21.12	0.221645	17.165
21.12	21.12	0.221661	17.262
21.12	21.13	0.221678	17.362
21.12	21.13	0.221695	17.464
21.12	21.13	0.221711	17.562
21.12	21.14	0.221728	17.662
21.12	21.14	0.221745	17.763
21.15	21.14	0.221761	17.862
21.15	21.15	0.221778	17.962
21.15	21.15	0.221795	18.062
21.15	21.15	0.221811	18.162
21.15	21.16	0.221828	18.262
21.15	21.16	0.221845	18.362
21.15	21.16	0.221861	18.462
21.15	21.17	0.221878	18.563
21.17	21.17	0.221895	18.662
21.17	21.17	0.221911	18.762
21.17	21.18	0.221928	18.862
21.17	21.18	0.221945	18.962
21.17	21.18	0.221961	19.062
21.17	21.19	0.221978	19.162
21.17	21.19	0.221995	19.263
21.20	21.20	0.222011	19.363
21.20	21.20	0.222028	19.463
21.20	21.20	0.222044	19.563
21.20	21.21	0.222061	19.663
21.20	21.21	0.222078	19.763
21.20	21.21	0.222094	19.863
21.20	21.22	0.222111	19.963
21.20	21.22	0.222128	20.063
21.22	21.22	0.222144	20.164
21.22	21.23	0.222161	20.263
21.22	21.23	0.222178	20.363
21.22	21.23	0.222194	20.463
21.22	21.24	0.222211	20.563
21.22	21.24	0.222228	20.663
21.25	21.24	0.222244	20.763
21.25	21.25	0.222261	20.863
21.25	21.25	0.222278	20.963
21.25	21.25	0.222294	21.064
21.25	21.25	0.222311	21.163
21.25	21.26	0.222328	21.263
21.25	21.26	0.222344	21.363
21.27	21.26	0.222361	21.463
21.27	21.27	0.222378	21.563
21.27	21.27	0.222394	21.663
21.27	21.27	0.222411	21.764
21.27	21.27	0.222428	21.863
21.27	21.28	0.222444	21.963
21.27	21.28	0.222461	22.063
21.27	21.28	0.222478	22.163
21.30	21.28	0.222494	22.287
21.30	21.29	0.222511	22.392
21.30	21.29	0.222528	22.486
21.30	21.29	0.222544	22.586
21.30	21.29	0.222561	22.690
21.30	21.30	0.222578	22.785
21.30	21.30	0.222594	22.885
21.30	21.30	0.222611	22.988
21.33	21.30	0.222628	23.084
21.33	21.30	0.222644	23.184
21.33	21.31	0.222661	23.288
21.33	21.31	0.222678	23.382
21.33	21.31	0.222694	23.485
21.33	21.31	0.222711	23.587
21.33	21.31	0.222728	23.680
21.33	21.32	0.222744	23.785
21.33	21.32	0.222761	23.884
21.33	21.32	0.222778	23.979
21.33	21.32	0.222794	24.083
21.33	21.32	0.222811	24.183
21.33	21.32	0.222828	24.277
21.33	21.32	0.222844	24.382
21.33	21.32	0.222861	24.482
21.33	21.33	0.222877	24.576
21.33	21.33	0.222894	24.681
21.33	21.33	0.222911	24.775
21.33	21.33	0.222927	24.875
21.33	21.33	0.222944	24.979
21.33	21.33	0.222961	25.074
21.33	21.33	0.222977	25.174
21.33	21.33	0.222994	25.278
21.33	21.33	0.223011	25.373
21.33	21.33	0.223027	25.472
21.33	21.33	0.223044	25.577
21.33	21.33	0.223061	25.671
21.33	21.33	0.223077	25.771
21.33	21.33	0.223094	25.875
21.33	21.33	0.223111	25.970
21.33	21.33	0.223127	26.070
21.33	21.33	0.223144	26.174
21.33	21.33	0.223161	26.269
21.33	21.33	0.223177	26.368
21.33	21.33	0.223194	26.473
21.33	21.33	0.223211	26.567
21.33	21.33	0.223227	26.667
21.33	21.33	0.223244	26.772
21.33	21.33	0.223261	26.866
21.33	21.33	0.223277	26.967
21.33	21.33	0.223294	27.070
21.33	21.33	0.223311	27.165
21.33	21.33	0.223327	27.266
21.33	21.33	0.223344	27.369
21.35	21.33	0.223361	27.465
21.35	21.33	0.223377	27.567
21.35	21.33	0.223394	27.668
21.35	21.32	0.223411	27.764
21.35	21.32	0.223427	27.867
21.35	21.32	0.223444	27.966
21.35	21.32	0.223461	28.064
21.35	21.32	0.223477	28.165
21.35	21.32	0.223494	28.265
21.35	21.32	0.223511	28.365
21.35	21.32	0.223527	28.464
21.33	21.32	0.223544	28.564
21.33	21.31	0.223561	28.664
21.33	21.31	0.223577	28.764
21.33	21.31	0.223594	28.864
21.33	21.31	0.223611	28.964
21.33	21.31	0.223627	29.065
21.33	21.31	0.223644	29.165
21.33	21.31	0.223661	29.265
21.33	21.30	0.223677	29.365
21.30	21.30	0.223694	29.465
21.30	21.30	0.223710	29.565
21.30	21.30	0.223727	29.665
21.30	21.30	0.223744	29.765
21.30	21.30	0.223760	29.865
21.30	21.29	0.223777	29.966
21.30	21.29	0.223794	30.065
21.30	21.29	0.223810	30.165
21.27	21.29	0.223827	30.265
21.27	21.29	0.223844	30.365
21.27	21.29	0.223860	30.465
21.27	21.28	0.223877	30.565
21.27	21.28	0.223894	30.665
21.27	21.28	0.223910	30.765
21.27	21.28	0.223927	30.865
21.27	21.28	0.223944	30.965
21.27	21.28	0.223960	31.066
21.27	21.27	0.223977	31.166
21.27	21.27	0.223994	31.266
21.27	21.27	0.224010	31.366
21.27	21.27	0.224027	31.466
21.27	21.27	0.224044	31.566
21.27	21.27	0.224060	31.666
21.27	21.26	0.224077	31.766
21.27	21.26	0.224094	31.866
21.27	21.26	0.224110	31.966
21.27	21.26	0.224127	32.066
21.27	21.26	0.224144	32.166
21.27	21.26	0.224160	32.266
21.27	21.25	0.224177	32.366
21.27	21.25	0.224194	32.466
21.27	21.25	0.224210	32.565
21.27	21.25	0.224227	32.690
21.27	21.25	0.224244	32.790
21.27	21.25	0.224260	32.894
21.27	21.25	0.224277	32.988
21.25	21.24	0.224294	33.066
21.25	21.24	0.224310	33.192
21.25	21.24	0.224327	33.287
21.25	21.24	0.224344	33.366
21.25	21.24	0.224360	33.491
21.25	21.24	0.224377	33.586
21.25	21.24	0.224394	33.690
21.25	21.24	0.224410	33.790
21.22	21.24	0.224427	33.884
21.22	21.24	0.224444	33.989
21.22	21.23	0.224460	34.088
21.22	21.23	0.224477	34.183
21.22	21.23	0.224494	34.288
21.22	21.23	0.224510	34.387
21.22	21.23	0.224527	34.482
21.22	21.23	0.224543	34.586
21.22	21.23	0.224560	34.681
21.22	21.23	0.224577	34.780
21.22	21.23	0.224593	34.885
21.22	21.23	0.224610	34.979
21.22	21.23	0.224627	35.079
21.22	21.23	0.224643	35.184
21.22	21.23	0.224660	35.278
21.22	21.23	0.224677	35.378
21.22	21.23	0.224693	35.482
21.22	21.23	0.224710	35.576
21.22	21.23	0.224727	35.676
21.22	21.23	0.224743	35.780
21.22	21.23	0.224760	35.875
21.22	21.23	0.224777	35.975
21.22	21.23	0.224793	36.079
21.22	21.23	0.224810	36.174
21.22	21.23	0.224827	36.273
21.22	21.23	0.224843	36.378
21.22	21.23	0.224860	36.472
21.22	21.23	0.224877	36.572
21.22	21.23	0.224893	36.677
21.22	21.23	0.224910	36.771
21.22	21.24	0.224927	36.873
21.22	21.24	0.224943	36.975
21.22	21.24	0.224960	37.070
21.22	21.24	0.224977	37.172
21.22	21.24	0.224993	37.274
21.22	21.24	0.225010	37.369
21.22	21.24	0.225027	37.472
21.22	21.24	0.225043	37.573
21.22	21.24	0.225060	37.667
21.25	21.25	0.225077	37.772
21.25	21.25	0.225093	37.871
21.25	21.25	0.225110	37.966
21.25	21.25	0.225127	38.070
21.25	21.25	0.225143	38.170
21.25	21.26	0.225160	38.266
21.25	21.26	0.225177	38.369
21.25	21.26	0.225193	38.469
21.25	21.26	0.225210	38.566
21.25	21.26	0.225227	38.667
21.25	21.27	0.225243	38.769
21.25	21.27	0.225260	38.866
21.25	21.27	0.225277	38.966
21.27	21.27	0.225293	39.069
21.27	21.27	0.225310	39.166
21.27	21.28	0.225327	39.266
21.27	21.28	0.225343	39.370
21.27	21.28	0.225360	39.466
21.27	21.28	0.225376	39.566
21.27	21.29	0.225393	39.669
21.27	21.29	0.225410	39.766
21.27	21.29	0.225426	39.867
21.30	21.30	0.225443	39.970
21.30	21.30	0.225460	40.066
21.30	21.30	0.225476	40.166
21.30	21.30	0.225493	40.270
21.30	21.31	0.225510	40.366
21.30	21.31	0.225526	40.466
21.30	21.31	0.225543	40.570
21.30	21.32	0.225560	40.666
21.30	21.32	0.225576	40.766
21.30	21.32	0.225593	40.870
21.30	21.33	0.225610	40.966
21.33	21.33	0.225626	41.066
21.33	21.33	0.225643	41.171
21.33	21.34	0.225660	41.266
21.33	21.34	0.225676	41.366
21.33	21.34	0.225693	41.470
21.33	21.35	0.225710	41.566
21.33	21.35	0.225726	41.666
21.33	21.35	0.225743	41.771
21.33	21.36	0.225760	41.866
21.35	21.36	0.225776	41.966
21.35	21.36	0.225793	42.066
21.35	21.37	0.225810	42.166
21.35	21.37	0.225826	42.266
21.35	21.37	0.225843	42.366
21.35	21.38	0.225860	42.466
21.38	21.38	0.225876	42.566
21.38	21.38	0.225893	42.666
21.38	21.39	0.225910	42.766
21.38	21.39	0.225926	42.866
21.38	21.39	0.225943	42.966
21.38	21.40	0.225960	43.066
21.38	21.40	0.225976	43.166
21.40	21.41	0.225993	43.266
21.40	21.41	0.226010	43.366
21.40	21.41	0.226026	43.466
21.40	21.42	0.226043	43.595
21.40	21.42	0.226060	43.695
21.43	21.42	0.226076	43.789
21.43	21.43	0.226093	43.894
21.43	21.43	0.226110	43.993
21.43	21.43	0.226126	44.088
21.43	21.44	0.226143	44.193
21.43	21.44	0.226160	44.287
21.45	21.44	0.226176	44.387
21.45	21.45	0.226193	44.491
21.45	21.45	0.226209	44.586
21.45	21.45	0.226226	44.685
21.45	21.46	0.226243	44.790
21.45	21.46	0.226259	44.884
21.45	21.46	0.226276	44.984
21.45	21.46	0.226293	45.089
21.48	21.47	0.226309	45.183
21.48	21.47	0.226326	45.283
21.48	21.47	0.226343	45.387
21.48	21.48	0.226359	45.482
21.48	21.48	0.226376	45.581
21.48	21.48	0.226393	45.686
21.48	21.48	0.226409	45.780
21.50	21.49	0.226426	45.880
21.50	21.49	0.226443	45.985
21.50	21.49	0.226459	46.079
21.50	21.50	0.226476	46.179
21.50	21.50	0.226493	46.283
21.50	21.50	0.226509	46.378
21.50	21.50	0.226526	46.477
21.50	21.51	0.226543	46.581
21.50	21.51	0.226559	46.676
21.50	21.51	0.226576	46.778
21.50	21.51	0.226593	46.880
21.53	21.51	0.226609	46.975
21.53	21.52	0.226626	47.079
21.53	21.52	0.226643	47.178
21.53	21.52	0.226659	47.274
21.53	21.52	0.226676	47.378
21.53	21.52	0.226693	47.478
21.53	21.53	0.226709	47.572
21.53	21.53	0.226726	47.677
21.53	21.53	0.226743	47.776
21.53	21.53	0.226759	47.871
21.53	21.53	0.226776	47.975
21.53	21.53	0.226793	48.075
21.53	21.53	0.226809	48.170
21.53	21.54	0.226826	48.274
21.53	21.54	0.226843	48.369
21.53	21.54	0.226859	48.467
21.53	21.54	0.226876	48.573
21.56	21.54	0.226893	48.667
21.56	21.54	0.226909	48.767
21.56	21.54	0.226926	48.871
21.56	21.54	0.226943	48.966
21.56	21.54	0.226959	49.066
21.56	21.54	0.226976	49.170
21.56	21.54	0.226993	49.266
21.56	21.54	0.227009	49.366
21.56	21.55	0.227026	49.468
21.56	21.55	0.227042	49.566
21.56	21.55	0.227059	49.666
21.56	21.55	0.227076	49.767
21.56	21.55	0.227092	49.866
21.56	21.55	0.227109	49.966
21.56	21.55	0.227126	50.066
21.56	21.55	0.227142	50.166
21.56	21.55	0.227159	50.266
21.56	21.55	0.227176	50.366
21.56	21.55	0.227192	50.467
21.56	21.55	0.227209	50.566
21.56	21.55	0.227226	50.666
21.56	21.55	0.227242	50.766
21.56	21.54	0.227259	50.866
21.56	21.54	0.227276	50.966
21.56	21.54	0.227292	51.066
21.56	21.54	0.227309	51.166
21.56	21.54	0.227326	51.266
21.56	21.54	0.227342	51.367
21.56	21.54	0.227359	51.466
21.53	21.54	0.227376	51.566
21.53	21.54	0.227392	51.666
21.53	21.54	0.227409	51.766
21.53	21.54	0.227426	51.866
21.53	21.54	0.227442	51.966
21.53	21.54	0.227459	52.066
21.53	21.53	0.227476	52.166
21.53	21.53	0.227492	52.266
21.53	21.53	0.227509	52.366
21.53	21.53	0.227526	52.466
21.53	21.53	0.227542	52.566
21.53	21.53	0.227559	52.666
21.53	21.53	0.227576	52.766
21.53	21.53	0.227592	52.866
21.53	21.52	0.227609	52.967
21.53	21.52	0.227626	53.066
21.53	21.52	0.227642	53.166
21.53	21.52	0.227659	53.266
21.53	21.52	0.227676	53.366
21.53	21.52	0.227692	53.466
21.53	21.51	0.227709	53.566
21.53	21.51	0.227726	53.666
21.53	21.51	0.227742	53.766
21.53	21.51	0.227759	53.867
21.53	21.51	0.227776	53.966
21.53	21.51	0.227792	54.066
21.53	21.50	0.227809	54.166
21.53	21.50	0.227826	54.266
21.53	21.50	0.227842	54.366
21.53	21.50	0.227859	54.466
21.53	21.50	0.227875	54.566
21.53	21.50	0.227892	54.695
21.53	21.49	0.227909	54.790
21.50	21.49	0.227925	54.889
21.50	21.49	0.227942	54.994
21.50	21.49	0.227959	55.088
21.50	21.49	0.227975	55.187
21.50	21.49	0.227992	55.292
21.50	21.48	0.228009	55.386
21.48	21.48	0.228025	55.486
21.48	21.48	0.228042	55.590
21.48	21.48	0.228059	55.685
21.48	21.48	0.228075	55.785
21.48	21.48	0.228092	55.889
21.48	21.47	0.228109	55.984
21.48	21.47	0.228125	56.083
21.48	21.47	0.228142	56.188
21.48	21.47	0.228159	56.282
21.45	21.47	0.228175	56.384
21.45	21.47	0.228192	56.487
21.45	21.46	0.228209	56.581
21.45	21.46	0.228225	56.684
21.45	21.46	0.228242	56.785
21.45	21.46	0.228259	56.880
21.45	21.46	0.228275	56.984
21.45	21.46	0.228292	57.084
21.45	21.46	0.228309	57.179
21.45	21.46	0.228325	57.283
21.45	21.45	0.228342	57.383
21.45	21.45	0.228359	57.477
21.45	21.45	0.228375	57.582
21.45	21.45	0.228392	57.681
21.45	21.45	0.228409	57.775
21.45	21.45	0.228425	57.880
21.45	21.45	0.228442	57.975
21.45	21.45	0.228459	58.074
21.45	21.45	0.228475	58.179
21.45	21.45	0.228492	58.273
21.45	21.45	0.228509	58.373
21.43	21.44	0.228525	58.477
21.43	21.44	0.228542	58.572
21.43	21.44	0.228559	58.671
21.43	21.44	0.228575	58.776
21.43	21.44	0.228592	58.871
21.43	21.44	0.228609	58.970
21.43	21.44	0.228625	59.075
21.43	21.44	0.228642	59.169
21.43	21.44	0.228659	59.269
21.43	21.44	0.228675	59.373
21.43	21.44	0.228692	59.468
21.43	21.44	0.228708	59.568
21.43	21.44	0.228725	59.672
21.43	21.44	0.228742	59.767
21.43	21.44	0.228758	59.866
21.43	21.44	0.228775	59.971
21.43	21.44	0.228792	00.066
21.43	21.44	0.228808	00.166
21.43	21.44	0.228825	00.269
21.45	21.44	0.228842	00.366
21.45	21.45	0.228858	00.466
21.45	21.45	0.228875	00.568
21.45	21.45	0.228892	00.666
21.45	21.45	0.228908	00.766
21.45	21.45	0.228925	00.866
21.45	21.45	0.228942	00.966
21.45	21.45	0.228958	01.067
21.45	21.45	0.228975	01.167
21.45	21.45	0.228992	01.267
21.45	21.45	0.229008	01.367
21.45	21.46	0.229025	01.467
21.45	21.46	0.229042	01.567
21.45	21.46	0.229058	01.667
21.45	21.46	0.229075	01.768
21.45	21.46	0.229092	01.868
21.45	21.46	0.229108	01.968
21.45	21.46	0.229125	02.068
21.45	21.47	0.229142	02.168
21.45	21.47	0.229158	02.268
21.45	21.47	0.229175	02.368
21.45	21.47	0.229192	02.468
21.45	21.47	0.229208	02.568
21.45	21.48	0.229225	02.668
21.45	21.48	0.229242	02.768
21.45	21.48	0.229258	02.868
21.45	21.48	0.229275	02.968
21.48	21.49	0.229292	03.068
21.48	21.49	0.229308	03.168
21.48	21.49	0.229325	03.268
21.48	21.49	0.229342	03.368
21.48	21.50	0.229358	03.468
21.48	21.50	0.229375	03.569
21.48	21.50	0.229392	03.668
21.48	21.50	0.229408	03.768
21.50	21.51	0.229425	03.868
21.50	21.51	0.229442	03.968
21.50	21.51	0.229458	04.068
21.50	21.51	0.229475	04.168
21.50	21.52	0.229492	04.268
21.50	21.52	0.229508	04.369
21.50	21.52	0.229525	04.468
21.53	21.53	0.229541	04.568
21.53	21.53	0.229558	04.668
21.53	21.53	0.229575	04.768
21.53	21.54	0.229591	04.868
21.53	21.54	0.229608	04.968
21.53	21.54	0.229625	05.092
21.53	21.55	0.229641	05.197
21.53	21.55	0.229658	05.291
21.56	21.55	0.229675	05.391
21.56	21.56	0.229691	05.496
21.56	21.56	0.229708	05.590
21.56	21.56	0.229725	05.690
21.56	21.57	0.229741	05.794
21.56	21.57	0.229758	05.889
21.56	21.57	0.229775	05.989
21.56	21.58	0.229791	06.093
21.56	21.58	0.229808	06.188
21.58	21.58	0.229825	06.290
21.58	21.59	0.229841	06.392
21.58	21.59	0.229858	06.486
21.58	21.59	0.229875	06.590
21.58	21.60	0.229891	06.690
21.58	21.60	0.229908	06.785
21.58	21.60	0.229925	06.889
21.58	21.61	0.229941	06.989
21.61	21.61	0.229958	07.084
21.61	21.61	0.229975	07.188
21.61	21.62	0.229991	07.288
21.61	21.62	0.230008	07.382
21.61	21.63	0.230025	07.487
21.61	21.63	0.230041	07.586
21.61	21.63	0.230058	07.681
21.63	21.64	0.230075	07.786
21.63	21.64	0.230091	07.880
21.63	21.64	0.230108	07.980
21.63	21.65	0.230125	08.084
21.63	21.65	0.230141	08.184
21.66	21.65	0.230158	08.279
21.66	21.66	0.230175	08.383
21.66	21.66	0.230191	08.480
21.66	21.66	0.230208	08.580
21.66	21.67	0.230225	08.681
21.66	21.67	0.230241	08.780
21.68	21.67	0.230258	08.880
21.68	21.67	0.230275	08.980
21.68	21.68	0.230291	09.080
21.68	21.68	0.230308	09.180
21.68	21.68	0.230325	09.280
21.68	21.69	0.230341	09.380
21.68	21.69	0.230358	09.480
21.71	21.69	0.230374	09.580
21.71	21.70	0.230391	09.680
21.71	21.70	0.230408	09.780
21.71	21.70	0.230424	09.880
21.71	21.70	0.230441	09.981
21.71	21.71	0.230458	10.080
21.71	21.71	0.230474	10.180
21.71	21.71	0.230491	10.280
21.71	21.71	0.230508	10.380
21.71	21.72	0.230524	10.480
21.74	21.72	0.230541	10.580
21.74	21.72	0.230558	10.680
21.74	21.72	0.230574	10.780
21.74	21.73	0.230591	10.880
21.74	21.73	0.230608	10.980
21.74	21.73	0.230624	11.080
21.74	21.73	0.230641	11.180
21.74	21.73	0.230658	11.280
21.74	21.74	0.230674	11.380
21.74	21.74	0.230691	11.480
21.74	21.74	0.230708	11.580
21.74	21.74	0.230724	11.680
21.74	21.74	0.230741	11.780
21.74	21.74	0.230758	11.880
21.74	21.74	0.230774	11.980
21.74	21.75	0.230791	12.080
21.74	21.75	0.230808	12.180
21.74	21.75	0.230824	12.280
21.74	21.75	0.230841	12.380
21.74	21.75	0.230858	12.480
21.76	21.75	0.230874	12.580
21.76	21.75	0.230891	12.680
21.76	21.75	0.230908	12.780
21.76	21.76	0.230924	12.880
21.76	21.76	0.230941	12.980
21.76	21.76	0.230958	13.080
21.76	21.76	0.230974	13.180
21.76	21.76	0.230991	13.280
21.76	21.76	0.231008	13.381
21.76	21.76	0.231024	13.480
21.76	21.76	0.231041	13.580
21.76	21.76	0.231058	13.703
21.76	21.76	0.231074	13.803
21.76	21.76	0.231091	13.907
21.79	21.76	0.231108	14.003
21.79	21.76	0.231124	14.102
21.79	21.76	0.231141	14.207
21.79	21.76	0.231158	14.300
21.79	21.76	0.231174	14.401
21.79	21.76	0.231191	14.505
21.79	21.76	0.231207	14.599
21.79	21.76	0.231224	14.699
21.79	21.76	0.231241	14.804
21.79	21.76	0.231257	14.898
21.79	21.76	0.231274	14.998
21.79	21.76	0.231291	15.102
21.79	21.76	0.231307	15.197
21.76	21.76	0.231324	15.297
21.76	21.76	0.231341	15.401
21.76	21.75	0.231357	15.496
21.76	21.75	0.231374	15.595
21.76	21.75	0.231391	15.700
21.76	21.75	0.231407	15.794
21.76	21.75	0.231424	15.895
21.76	21.75	0.231441	15.999
21.76	21.75	0.231457	16.093
21.76	21.75	0.231474	16.196
21.76	21.75	0.231491	16.296
21.74	21.75	0.231507	16.391
21.74	21.74	0.231524	16.495
21.74	21.74	0.231541	16.595
21.74	21.74	0.231557	16.689
21.74	21.74	0.231574	16.794
21.74	21.74	0.231591	16.894
21.74	21.74	0.231607	16.988
21.74	21.74	0.231624	17.093
21.74	21.73	0.231641	17.192
21.74	21.73	0.231657	17.287
21.74	21.73	0.231674	17.391
21.74	21.73	0.231691	17.486
21.74	21.73	0.231707	17.586
21.74	21.73	0.231724	17.690
21.74	21.72	0.231741	17.785
21.74	21.72	0.231757	17.884
21.74	21.72	0.231774	17.989
21.74	21.72	0.231791	18.083
21.74	21.72	0.231807	18.183
21.71	21.72	0.231824	18.288
21.71	21.71	0.231841	18.382
21.71	21.71	0.231857	18.482
21.71	21.71	0.231874	18.587
21.71	21.71	0.231891	18.681
21.71	21.71	0.231907	18.781
21.71	21.71	0.231924	18.885
21.71	21.70	0.231941	18.980
21.71	21.70	0.231957	19.080
21.71	21.70	0.231974	19.184
21.71	21.70	0.231991	19.280
21.71	21.70	0.232007	19.381
21.71	21.70	0.232024	19.482
21.68	21.69	0.232040	19.580
21.68	21.69	0.232057	19.680
21.68	21.69	0.232074	19.780
21.68	21.69	0.232090	19.880
21.68	21.69	0.232107	19.980
21.68	21.69	0.232124	20.080
21.68	21.68	0.232140	20.181
21.68	21.68	0.232157	20.280
21.68	21.68	0.232174	20.380
21.68	21.68	0.232190	20.480
21.68	21.68	0.232207	20.580
21.68	21.68	0.232224	20.680
21.68	21.68	0.232240	20.780
21.68	21.67	0.232257	20.880
21.68	21.67	0.232274	20.980
21.68	21.67	0.232290	21.080
21.68	21.67	0.232307	21.180
21.68	21.67	0.232324	21.280
21.68	21.67	0.232340	21.380
21.68	21.67	0.232357	21.480
21.68	21.67	0.232374	21.580
21.68	21.66	0.232390	21.681
21.68	21.66	0.232407	21.781
21.68	21.66	0.232424	21.881
21.66	21.66	0.232440	21.981
21.66	21.66	0.232457	22.081
21.66	21.66	0.232474	22.181
21.66	21.66	0.232490	22.281
21.66	21.66	0.232507	22.381
21.66	21.66	0.232524	22.481
21.66	21.66	0.232540	22.582
21.66	21.66	0.232557	22.681
21.66	21.66	0.232574	22.781
21.66	21.66	0.232590	22.881
21.66	21.66	0.232607	22.981
21.66	21.66	0.232624	23.081
21.66	21.66	0.232640	23.181
21.66	21.66	0.232657	23.281
21.63	21.66	0.232674	23.382
21.63	21.66	0.232690	23.481
21.63	21.66	0.232707	23.581
21.63	21.66	0.232724	23.681
21.63	21.66	0.232740	23.781
21.63	21.66	0.232757	23.881
21.63	21.66	0.232774	23.981
21.63	21.66	0.232790	24.081
21.63	21.66	0.232807	24.181
21.63	21.66	0.232824	24.281
21.66	21.66	0.232840	24.410
21.66	21.66	0.232857	24.505
21.66	21.66	0.232873	24.604
21.66	21.66	0.232890	24.709
21.66	21.66	0.232907	24.803
21.66	21.66	0.232923	24.903
21.66	21.66	0.232940	25.007
21.66	21.66	0.232957	25.102
21.66	21.66	0.232973	25.202
21.66	21.67	0.232990	25.306
21.66	21.67	0.233007	25.401
21.66	21.67	0.233023	25.501
21.66	21.67	0.233040	25.605
21.68	21.67	0.233057	25.699
21.68	21.67	0.233073	25.801
21.68	21.67	0.233090	25.903
21.68	21.68	0.233107	25.998
21.68	21.68	0.233123	26.102
21.68	21.68	0.233140	26.202
21.68	21.68	0.233157	26.297
21.68	21.68	0.233173	26.401
21.68	21.69	0.233190	26.501
21.68	21.69	0.233207	26.594
21.68	21.69	0.233223	26.700
21.68	21.69	0.233240	26.799
21.68	21.69	0.233257	26.894
21.68	21.70	0.233273	26.998
21.68	21.70	0.233290	27.098
21.68	21.70	0.233307	27.192
21.68	21.70	0.233323	27.296
21.68	21.71	0.233340	27.391
21.68	21.71	0.233357	27.490
21.68	21.71	0.233373	27.595
21.68	21.71	0.233390	27.690
21.68	21.72	0.233407	27.789
21.71	21.72	0.233423	27.894
21.71	21.72	0.233440	27.988
21.71	21.73	0.233457	28.088
21.71	21.73	0.233473	28.192
21.71	21.73	0.233490	28.287
21.71	21.73	0.233507	28.387
21.71	21.74	0.233523	28.491
21.74	21.74	0.233540	28.586
21.74	21.74	0.233557	28.685
21.74	21.75	0.233573	28.790
21.74	21.75	0.233590	28.884
21.74	21.75	0.233607	28.984
21.74	21.76	0.233623	29.088
21.74	21.76	0.233640	29.183
21.76	21.76	0.233657	29.283
21.76	21.77	0.233673	29.388
21.76	21.77	0.233690	29.482
21.76	21.77	0.233706	29.583
21.76	21.78	0.233723	29.685
21.76	21.78	0.233740	29.781
21.76	21.78	0.233756	29.883
21.79	21.79	0.233773	29.985
21.79	21.79	0.233790	30.081
21.79	21.79	0.233806	30.183
21.79	21.80	0.233823	30.284
21.79	21.80	0.233840	30.381
21.79	21.80	0.233856	30.482
21.79	21.81	0.233873	30.581
21.81	21.81	0.233890	30.681
21.81	21.81	0.233906	30.782
21.81	21.82	0.233923	30.881
21.81	21.82	0.233940	30.981
21.81	21.82	0.233956	31.081
21.81	21.83	0.233973	31.181
21.81	21.83	0.233990	31.281
21.84	21.84	0.234006	31.381
21.84	21.84	0.234023	31.481
21.84	21.84	0.234040	31.581
21.84	21.85	0.234056	31.682
21.84	21.85	0.234073	31.781
21.84	21.85	0.234090	31.881
21.84	21.86	0.234106	31.981
21.86	21.86	0.234123	32.081
21.86	21.86	0.234140	32.181
21.86	21.87	0.234156	32.281
21.86	21.87	0.234173	32.382
21.86	21.87	0.234190	32.481
21.86	21.88	0.234206	32.581
21.86	21.88	0.234223	32.681
21.89	21.88	0.234240	32.781
21.89	21.89	0.234256	32.881
21.89	21.89	0.234273	32.981
21.89	21.89	0.234290	33.081
21.89	21.89	0.234306	33.181
21.89	21.90	0.234323	33.282
21.89	21.90	0.234340	33.381
21.89	21.90	0.234356	33.481
21.92	21.91	0.234373	33.581
21.92	21.91	0.234390	33.681
21.92	21.91	0.234406	33.781
21.92	21.91	0.234423	33.881
21.92	21.92	0.234440	33.981
21.92	21.92	0.234456	34.081
21.92	21.92	0.234473	34.182
21.92	21.92	0.234490	34.281
21.92	21.93	0.234506	34.381
21.92	21.93	0.234523	34.481
21.92	21.93	0.234539	34.581
21.94	21.93	0.234556	34.681
21.94	21.94	0.234573	34.782
21.94	21.94	0.234589	34.882
21.94	21.94	0.234606	34.981
21.94	21.94	0.234623	35.082
21.94	21.94	0.234639	35.181
21.94	21.95	0.234656	35.281
21.94	21.95	0.234673	35.382
21.94	21.95	0.234689	35.510
21.94	21.95	0.234706	35.604
21.94	21.95	0.234723	35.682
21.97	21.96	0.234739	35.808
21.97	21.96	0.234756	35.903
21.97	21.96	0.234773	35.983
21.97	21.96	0.234789	36.107
21.97	21.96	0.234806	36.202
21.97	21.96	0.234823	36.306
21.97	21.96	0.234839	36.406
21.97	21.96	0.234856	36.500
21.97	21.97	0.234873	36.605
21.97	21.97	0.234889	36.704
21.97	21.97	0.234906	36.799
21.97	21.97	0.234923	36.904
21.97	21.97	0.234939	36.998
21.97	21.97	0.234956	37.098
21.99	21.97	0.234973	37.202
21.99	21.97	0.234989	37.297
21.99	21.97	0.235006	37.396
21.99	21.97	0.235023	37.501
21.99	21.97	0.235039	37.596
21.99	21.97	0.235056	37.695
21.99	21.97	0.235073	37.800
21.99	21.97	0.235089	37.894
21.99	21.97	0.235106	37.994
21.99	21.97	0.235123	38.098
21.99	21.97	0.235139	38.192
21.99	21.97	0.235156	38.293
21.99	21.97	0.235173	38.396
21.99	21.97	0.235189	38.491
21.99	21.97	0.235206	38.590
21.99	21.97	0.235223	38.695
21.99	21.97	0.235239	38.789
21.99	21.97	0.235256	38.889
21.99	21.97	0.235273	38.993
21.99	21.97	0.235289	39.088
21.97	21.97	0.235306	39.189
21.97	21.97	0.235323	39.292
21.97	21.97	0.235339	39.387
21.97	21.97	0.235356	39.489
21.97	21.97	0.235372	39.591
21.97	21.97	0.235389	39.685
21.97	21.96	0.235406	39.789
21.97	21.96	0.235422	39.889
21.97	21.96	0.235439	39.984
21.97	21.96	0.235456	40.089
21.97	21.96	0.235472	40.188
21.97	21.96	0.235489	40.283
21.97	21.96	0.235506	40.387
21.97	21.96	0.235522	40.487
21.97	21.96	0.235539	40.581
21.97	21.95	0.235556	40.686
21.97	21.95	0.235572	40.786
21.97	21.95	0.235589	40.881
21.97	21.95	0.235606	40.985
21.97	21.95	0.235622	41.086
21.94	21.95	0.235639	41.181
21.94	21.95	0.235656	41.283
21.94	21.94	0.235672	41.385
21.94	21.94	0.235689	41.482
21.94	21.94	0.235706	41.582
21.94	21.94	0.235722	41.686
21.94	21.94	0.235739	41.782
21.94	21.94	0.235756	41.882
21.94	21.93	0.235772	41.986
21.94	21.93	0.235789	42.082
21.94	21.93	0.235806	42.182
21.94	21.93	0.235822	42.286
21.94	21.93	0.235839	42.382
21.94	21.93	0.235856	42.482
21.94	21.92	0.235872	42.586
21.94	21.92	0.235889	42.682
21.94	21.92	0.235906	42.783
21.92	21.92	0.235922	42.887
21.92	21.92	0.235939	42.982
21.92	21.92	0.235956	43.082
21.92	21.91	0.235972	43.182
21.92	21.91	0.235989	43.282
21.92	21.91	0.236006	43.382
21.92	21.91	0.236022	43.487
21.92	21.91	0.236039	43.582
21.92	21.91	0.236056	43.683
21.92	21.90	0.236072	43.782
21.92	21.90	0.236089	43.882
21.92	21.90	0.236106	43.982
21.92	21.90	0.236122	44.087
21.89	21.90	0.236139	44.182
21.89	21.90	0.236156	44.282
21.89	21.89	0.236172	44.382
21.89	21.89	0.236189	44.482
21.89	21.89	0.236205	44.582
21.89	21.89	0.236222	44.682
21.89	21.89	0.236239	44.782
21.89	21.89	0.236255	44.882
21.89	21.89	0.236272	44.982
21.89	21.88	0.236289	45.082
21.89	21.88	0.236305	45.182
21.89	21.88	0.236322	45.282
21.89	21.88	0.236339	45.382
21.89	21.88	0.236355	45.482
21.86	21.88	0.236372	45.582
21.86	21.88	0.236389	45.682
21.86	21.88	0.236405	45.782
21.86	21.88	0.236422	45.882
21.86	21.88	0.236439	45.982
21.86	21.87	0.236455	46.082
21.86	21.87	0.236472	46.211
21.86	21.87	0.236489	46.311
21.86	21.87	0.236505	46.406
21.86	21.87	0.236522	46.510
21.86	21.87	0.236539	46.610
21.86	21.87	0.236555	46.704
21.86	21.87	0.236572	46.809
21.86	21.87	0.236589	46.903
21.86	21.87	0.236605	47.003
21.86	21.87	0.236622	47.107
21.86	21.87	0.236639	47.202
21.86	21.87	0.236655	47.301
21.86	21.87	0.236672	47.405
21.86	21.87	0.236689	47.500
21.86	21.87	0.236705	47.599
21.86	21.87	0.236722	47.704
21.89	21.87	0.236739	47.799
21.89	21.87	0.236755	47.899
21.89	21.87	0.236772	48.004
21.89	21.87	0.236789	48.098
21.89	21.87	0.236805	48.197
21.89	21.87	0.236822	48.302
21.89	21.87	0.236839	48.396
21.89	21.87	0.236855	48.496
21.89	21.87	0.236872	48.600
21.86	21.87	0.236889	48.695
21.86	21.87	0.236905	48.795
21.86	21.88	0.236922	48.899
21.86	21.88	0.236939	48.994
21.86	21.88	0.236955	49.095
21.86	21.88	0.236972	49.198
21.86	21.88	0.236989	49.292
21.86	21.88	0.237005	49.395
21.86	21.88	0.237022	49.496
21.86	21.88	0.237038	49.591
21.86	21.88	0.237055	49.695
21.86	21.89	0.237072	49.795
21.86	21.89	0.237088	49.890
21.86	21.89	0.237105	49.994
21.86	21.89	0.237122	50.094
21.86	21.89	0.237138	50.187
21.89	21.90	0.237155	50.293
21.89	21.90	0.237172	50.393
21.89	21.90	0.237188	50.486
21.89	21.90	0.237205	50.591
21.89	21.90	0.237222	50.685
21.89	21.91	0.237238	50.786
21.89	21.91	0.237255	50.889
21.89	21.91	0.237272	50.984
21.92	21.91	0.237288	51.084
21.92	21.91	0.237305	51.188
21.92	21.92	0.237322	51.283
21.92	21.92	0.237338	51.382
21.92	21.92	0.237355	51.487
21.92	21.92	0.237372	51.582
21.92	21.93	0.237388	51.682
21.92	21.93	0.237405	51.785
21.92	21.93	0.237422	51.882
21.92	21.94	0.237438	51.982
21.92	21.94	0.237455	52.084
21.92	21.94	0.237472	52.183
21.94	21.94	0.237488	52.283
21.94	21.95	0.237505	52.383
21.94	21.95	0.237522	52.483
21.94	21.95	0.237538	52.583
21.94	21.96	0.237555	52.683
21.94	21.96	0.237572	52.783
21.94	21.96	0.237588	52.883
21.94	21.97	0.237605	52.983
21.94	21.97	0.237622	53.083
21.94	21.97	0.237638	53.183
21.94	21.98	0.237655	53.283
21.97	21.98	0.237672	53.383
21.97	21.98	0.237688	53.483
21.97	21.99	0.237705	53.583
21.97	21.99	0.237722	53.683
21.97	21.99	0.237738	53.783
21.97	22.00	0.237755	53.883
21.99	22.00	0.237772	53.983
21.99	22.00	0.237788	54.083
21.99	22.01	0.237805	54.183
21.99	22.01	0.237822	54.284
21.99	22.01	0.237838	54.383
22.02	22.02	0.237855	54.483
22.02	22.02	0.237871	54.583
22.02	22.02	0.237888	54.683
22.02	22.03	0.237905	54.783
22.02	22.03	0.237921	54.883
22.02	22.03	0.237938	54.983
22.04	22.04	0.237955	55.083
22.04	22.04	0.237971	55.183
22.04	22.05	0.237988	55.283
22.04	22.05	0.238005	55.383
22.04	22.05	0.238021	55.483
22.04	22.06	0.238038	55.583
22.07	22.06	0.238055	55.683
22.07	22.06	0.238071	55.783
22.07	22.07	0.238088	55.883
22.07	22.07	0.238105	55.983
22.07	22.07	0.238121	56.083
22.07	22.08	0.238138	56.183
22.07	22.08	0.238155	56.283
22.09	22.08	0.238171	56.383
22.09	22.09	0.238188	56.483
22.09	22.09	0.238205	56.583
22.09	22.09	0.238221	56.683
22.09	22.10	0.238238	56.784
22.09	22.10	0.238255	56.883
22.09	22.10	0.238271	56.983
22.09	22.10	0.238288	57.107
22.12	22.11	0.238305	57.207
22.12	22.11	0.238321	57.311
22.12	22.11	0.238338	57.406
22.12	22.12	0.238355	57.505
22.12	22.12	0.238371	57.610
22.12	22.12	0.238388	57.704
22.12	22.12	0.238405	57.803
22.12	22.13	0.238421	57.908
22.15	22.13	0.238438	58.003
22.15	22.13	0.238455	58.103
22.15	22.14	0.238471	58.207
22.15	22.14	0.238488	58.302
22.15	22.14	0.238505	58.400
22.15	22.14	0.238521	58.505
22.15	22.15	0.238538	58.600
22.15	22.15	0.238555	58.700
22.15	22.15	0.238571	58.804
22.15	22.15	0.238588	58.898
22.15	22.15	0.238605	59.001
22.15	22.16	0.238621	59.102
22.15	22.16	0.238638	59.197
22.17	22.16	0.238655	59.300
22.17	22.16	0.238671	59.401
22.17	22.16	0.238688	59.496
22.17	22.17	0.238704	59.600
22.17	22.17	0.238721	59.700
22.17	22.17	0.238738	59.794
22.17	22.17	0.238754	59.899
22.17	22.17	0.238771	59.998
22.17	22.17	0.238788	00.093
22.17	22.17	0.238804	00.198
22.17	22.18	0.238821	00.297
22.17	22.18	0.238838	00.392
22.17	22.18	0.238854	00.496
22.17	22.18	0.238871	00.591
22.17	22.18	0.238888	00.690
22.17	22.18	0.238904	00.795
22.20	22.18	0.238921	00.889
22.20	22.18	0.238938	00.989
22.20	22.18	0.238954	01.094
22.20	22.18	0.238971	01.188
22.20	22.18	0.238988	01.288
22.20	22.18	0.239004	01.392
22.20	22.19	0.239021	01.487
22.20	22.19	0.239038	01.586
22.20	22.19	0.239054	01.691
22.20	22.19	0.239071	01.786
22.20	22.19	0.239088	01.885
22.20	22.19	0.239104	01.990
22.20	22.19	0.239121	02.084
22.20	22.19	0.239138	02.184
22.20	22.19	0.239154	02.289
22.20	22.19	0.239171	02.383
22.20	22.19	0.239188	02.483
22.20	22.19	0.239204	02.586
22.20	22.19	0.239221	02.683
22.20	22.19	0.239238	02.783
22.20	22.18	0.239254	02.886
22.20	22.18	0.239271	02.984
22.20	22.18	0.239288	03.083
22.20	22.18	0.239304	03.185
22.20	22.18	0.239321	03.283
22.20	22.18	0.239338	03.383
22.20	22.18	0.239354	03.483
22.20	22.18	0.239371	03.583
22.20	22.18	0.239388	03.683
22.20	22.18	0.239404	03.783
22.17	22.18	0.239421	03.884
22.17	22.18	0.239438	03.983
22.17	22.18	0.239454	04.083
22.17	22.17	0.239471	04.183
22.17	22.17	0.239488	04.283
22.17	22.17	0.239504	04.383
22.17	22.17	0.239521	04.483
22.17	22.17	0.239537	04.583
22.17	22.17	0.239554	04.683
22.17	22.17	0.239571	04.783
22.17	22.17	0.239587	04.883
22.17	22.16	0.239604	04.983
22.17	22.16	0.239621	05.083
22.17	22.16	0.239637	05.183
22.17	22.16	0.239654	05.283
22.17	22.16	0.239671	05.383
22.17	22.16	0.239687	05.484
22.17	22.15	0.239704	05.583
22.17	22.15	0.239721	05.683
22.17	22.15	0.239737	05.783
22.17	22.15	0.239754	05.883
22.17	22.15	0.239771	05.983
22.17	22.15	0.239787	06.083
22.15	22.14	0.239804	06.183
22.15	22.14	0.239821	06.283
22.15	22.14	0.239837	06.383
22.15	22.14	0.239854	06.483
22.15	22.14	0.239871	06.583
22.15	22.14	0.239887	06.683
22.15	22.13	0.239904	06.783
22.15	22.13	0.239921	06.883
22.15	22.13	0.239937	06.983
22.15	22.13	0.239954	07.083
22.12	22.13	0.239971	07.183
22.12	22.13	0.239987	07.283
22.12	22.12	0.240004	07.383
22.12	22.12	0.240021	07.483
22.12	22.12	0.240037	07.583
22.12	22.12	0.240054	07.683
22.12	22.12	0.240071	07.783
22.12	22.12	0.240087	07.883
22.12	22.11	0.240104	07.982
22.12	22.11	0.240121	08.112
22.12	22.11	0.240137	08.207
22.09	22.11	0.240154	08.306
22.09	22.11	0.240171	08.411
22.09	22.11	0.240187	08.505
22.09	22.10	0.240204	08.606
22.09	22.10	0.240221	08.710
22.09	22.10	0.240237	08.804
22.09	22.10	0.240254	08.907
22.09	22.10	0.240271	09.008
22.09	22.10	0.240287	09.102
22.09	22.10	0.240304	09.206
22.09	22.10	0.240321	09.306
22.09	22.09	0.240337	09.400
22.09	22.09	0.240354	09.505
22.09	22.09	0.240370	09.605
22.09	22.09	0.240387	09.699
22.09	22.09	0.240404	09.804
22.09	22.09	0.240420	09.903
22.09	22.09	0.240437	09.998
22.09	22.09	0.240454	10.102
22.09	22.09	0.240470	10.197
22.09	22.09	0.240487	10.297
22.09	22.09	0.240504	10.401
22.09	22.08	0.240520	10.496
22.09	22.08	0.240537	10.595
22.09	22.08	0.240554	10.700
22.09	22.08	0.240570	10.794
22.09	22.08	0.240587	10.894
22.09	22.08	0.240604	10.999
22.09	22.08	0.240620	11.093
22.09	22.08	0.240637	11.193
22.09	22.08	0.240654	11.297
22.09	22.08	0.240670	11.392
22.09	22.08	0.240687	11.491
22.09	22.08	0.240704	11.596
22.09	22.08	0.240720	11.691
22.09	22.08	0.240737	11.790
22.09	22.08	0.240754	11.895
22.09	22.08	0.240770	11.989
22.09	22.08	0.240787	12.089
22.09	22.08	0.240804	12.193
22.09	22.08	0.240820	12.288
22.09	22.08	0.240837	12.388
22.09	22.09	0.240854	12.492
22.09	22.09	0.240870	12.587
22.07	22.09	0.240887	12.688
22.07	22.09	0.240904	12.791
22.07	22.09	0.240920	12.885
22.07	22.09	0.240937	12.989
22.07	22.09	0.240954	13.089
22.07	22.09	0.240970	13.184
22.07	22.09	0.240987	13.288
22.07	22.09	0.241004	13.388
22.07	22.10	0.241020	13.483
22.07	22.10	0.241037	13.587
22.07	22.10	0.241054	13.687
22.07	22.10	0.241070	13.783
22.07	22.10	0.241087	13.886
22.09	22.10	0.241104	13.985
22.09	22.10	0.241120	14.083
22.09	22.11	0.241137	14.185
22.09	22.11	0.241154	14.285
22.09	22.11	0.241170	14.383
22.09	22.11	0.241187	14.483
22.09	22.11	0.241203	14.585
22.09	22.12	0.241220	14.683
22.09	22.12	0.241237	14.783
22.12	22.12	0.241253	14.885
22.12	22.12	0.241270	14.983
22.12	22.13	0.241287	15.083
22.12	22.13	0.241303	15.185
22.12	22.13	0.241320	15.283
22.12	22.13	0.241337	15.383
22.12	22.14	0.241353	15.486
22.12	22.14	0.241370	15.583
22.12	22.14	0.241387	15.683
22.15	22.14	0.241403	15.786
22.15	22.15	0.241420	15.883
22.15	22.15	0.241437	15.983
22.15	22.15	0.241453	16.086
22.15	22.15	0.241470	16.183
22.15	22.16	0.241487	16.283
22.15	22.16	0.241503	16.386
22.15	22.16	0.241520	16.483
22.15	22.17	0.241537	16.583
22.15	22.17	0.241553	16.687
22.15	22.17	0.241570	16.783
22.15	22.18	0.241587	16.883
22.15	22.18	0.241603	16.986
22.17	22.18	0.241620	17.083
22.17	22.19	0.241637	17.183
22.17	22.19	0.241653	17.287
22.17	22.19	0.241670	17.384
22.17	22.20	0.241687	17.483
22.17	22.20	0.241703	17.587
22.17	22.20	0.241720	17.683
22.20	22.21	0.241737	17.783
22.20	22.21	0.241753	17.887
22.20	22.21	0.241770	17.983
22.20	22.22	0.241787	18.082
22.20	22.22	0.241803	18.187
22.20	22.22	0.241820	18.283
22.22	22.23	0.241837	18.383
22.22	22.23	0.241853	18.487
22.22	22.23	0.241870	18.583
22.22	22.24	0.241887	18.683
22.22	22.24	0.241903	18.787
22.22	22.24	0.241920	18.883
22.25	22.25	0.241937	18.982
22.25	22.25	0.241953	19.112
22.25	22.25	0.241970	19.212
22.25	22.26	0.241987	19.306
22.25	22.26	0.242003	19.411
22.27	22.27	0.242020	19.510
22.27	22.27	0.242036	19.605
22.27	22.27	0.242053	19.710
22.27	22.28	0.242070	19.809
22.27	22.28	0.242086	19.904
22.27	22.28	0.242103	20.008
22.27	22.29	0.242120	20.103
22.30	22.29	0.242136	20.202
22.30	22.29	0.242153	20.307
22.30	22.30	0.242170	20.402
22.30	22.30	0.242186	20.501
22.30	22.30	0.242203	20.606
22.30	22.31	0.242220	20.699
22.30	22.31	0.242236	20.799
22.30	22.31	0.242253	20.904
22.33	22.31	0.242270	20.998
22.33	22.32	0.242286	21.098
22.33	22.32	0.242303	21.203
22.33	22.32	0.242320	21.297
22.33	22.33	0.242336	21.397
22.33	22.33	0.242353	21.501
22.33	22.33	0.242370	21.595
22.33	22.34	0.242386	21.695
22.33	22.34	0.242403	21.799
22.33	22.34	0.242420	21.894
22.35	22.34	0.242436	21.994
22.35	22.35	0.242453	22.098
22.35	22.35	0.242470	22.193
22.35	22.35	0.242486	22.294
22.35	22.35	0.242503	22.397
22.35	22.36	0.242520	22.491
22.35	22.36	0.242536	22.594
22.35	22.36	0.242553	22.696
22.35	22.36	0.242570	22.790
22.35	22.37	0.242586	22.894
22.38	22.37	0.242603	22.994
22.38	22.37	0.242620	23.089
22.38	22.37	0.242636	23.193
22.38	22.37	0.242653	23.293
22.38	22.38	0.242670	23.388
22.38	22.38	0.242686	23.492
22.38	22.38	0.242703	23.592
22.38	22.38	0.242720	23.686
22.38	22.38	0.242736	23.791
22.38	22.38	0.242753	23.885
22.38	22.38	0.242770	23.985
22.40	22.39	0.242786	24.089
22.40	22.39	0.242803	24.184
22.40	22.39	0.242820	24.284
22.40	22.39	0.242836	24.388
22.40	22.39	0.242853	24.483
22.40	22.39	0.242869	24.583
22.40	22.39	0.242886	24.687
22.40	22.39	0.242903	24.783
22.40	22.40	0.242919	24.883
22.40	22.40	0.242936	24.986
22.40	22.40	0.242953	25.083
22.40	22.40	0.242969	25.183
22.40	22.40	0.242986	25.284
22.40	22.40	0.243003	25.383
22.40	22.40	0.243019	25.483
22.40	22.40	0.243036	25.583
22.40	22.40	0.243053	25.683
22.40	22.40	0.243069	25.783
22.40	22.40	0.243086	25.883
22.43	22.40	0.243103	25.983
22.43	22.40	0.243119	26.083
22.43	22.40	0.243136	26.183
22.43	22.40	0.243153	26.283
22.43	22.40	0.243169	26.383
22.43	22.40	0.243186	26.483
22.43	22.40	0.243203	26.583
22.43	22.40	0.243219	26.683
22.43	22.40	0.243236	26.783
22.43	22.40	0.243253	26.883
22.43	22.40	0.243269	26.983
22.40	22.40	0.243286	27.083
22.40	22.40	0.243303	27.183
22.40	22.40	0.243319	27.283
22.40	22.40	0.243336	27.383
22.40	22.39	0.243353	27.483
22.40	22.39	0.243369	27.583
22.40	22.39	0.243386	27.683
22.40	22.39	0.243403	27.783
22.40	22.39	0.243419	27.883
22.40	22.39	0.243436	27.983
22.40	22.39	0.243453	28.083
22.40	22.39	0.243469	28.184
22.40	22.39	0.243486	28.283
22.40	22.39	0.243503	28.383
22.40	22.38	0.243519	28.483
22.40	22.38	0.243536	28.583
22.40	22.38	0.243553	28.683
22.38	22.38	0.243569	28.783
22.38	22.38	0.243586	28.883
22.38	22.38	0.243603	28.983
22.38	22.38	0.243619	29.083
22.38	22.37	0.243636	29.183
22.38	22.37	0.243653	29.283
22.38	22.37	0.243669	29.382
22.38	22.37	0.243686	29.483
22.38	22.37	0.243702	29.583
22.38	22.37	0.243719	29.683
22.38	22.36	0.243736	29.783
22.38	22.36	0.243752	29.883
22.38	22.36	0.243769	29.983
22.38	22.36	0.243786	30.107
22.38	22.36	0.243802	30.212
22.38	22.36	0.243819	30.306
22.35	22.35	0.243836	30.406
22.35	22.35	0.243852	30.510
22.35	22.35	0.243869	30.605
22.35	22.35	0.243886	30.704
22.35	22.35	0.243902	30.809
22.35	22.35	0.243919	30.904
22.35	22.34	0.243936	31.003
22.35	22.34	0.243952	31.108
22.35	22.34	0.243969	31.202
22.35	22.34	0.243986	31.302
22.35	22.34	0.244002	31.406
22.33	22.34	0.244019	31.501
22.33	22.33	0.244036	31.600
22.33	22.33	0.244052	31.705
22.33	22.33	0.244069	31.800
22.33	22.33	0.244086	31.899
22.33	22.33	0.244102	32.004
22.33	22.33	0.244119	32.098
22.33	22.32	0.244136	32.200
22.33	22.32	0.244152	32.302
22.33	22.32	0.244169	32.397
22.33	22.32	0.244186	32.500
22.33	22.32	0.244202	32.601
22.33	22.32	0.244219	32.695
22.33	22.32	0.244236	32.800
22.33	22.31	0.244252	32.899
22.33	22.31	0.244269	32.994
22.33	22.31	0.244286	33.098
22.30	22.31	0.244302	33.198
22.30	22.31	0.244319	33.293
22.30	22.31	0.244336	33.397
22.30	22.31	0.244352	33.497
22.30	22.31	0.244369	33.591
22.30	22.30	0.244386	33.696
22.30	22.30	0.244402	33.790
22.30	22.30	0.244419	33.890
22.30	22.30	0.244436	33.994
22.30	22.30	0.244452	34.089
22.30	22.30	0.244469	34.189
22.30	22.30	0.244486	34.293
22.30	22.30	0.244502	34.388
22.30	22.30	0.244519	34.487
22.30	22.30	0.244535	34.592
22.30	22.30	0.244552	34.686
22.30	22.30	0.244569	34.786
22.30	22.30	0.244585	34.891
22.30	22.30	0.244602	34.985
22.27	22.30	0.244619	35.085
22.27	22.30	0.244635	35.189
22.27	22.30	0.244652	35.284
22.27	22.30	0.244669	35.384
22.27	22.30	0.244685	35.488
22.27	22.30	0.244702	35.584
22.27	22.30	0.244719	35.684
22.27	22.30	0.244735	35.787
22.27	22.30	0.244752	35.884
22.27	22.30	0.244769	35.984
22.30	22.30	0.244785	36.085
22.30	22.30	0.244802	36.184
22.30	22.30	0.244819	36.284
22.30	22.30	0.244835	36.384
22.30	22.30	0.244852	36.485
22.30	22.30	0.244869	36.584
22.30	22.30	0.244885	36.684
22.30	22.30	0.244902	36.784
22.30	22.30	0.244919	36.884
22.30	22.30	0.244935	36.984
22.30	22.30	0.244952	37.084
22.30	22.30	0.244969	37.184
22.30	22.31	0.244985	37.285
22.33	22.31	0.245002	37.384
22.33	22.31	0.245019	37.484
22.33	22.31	0.245035	37.584
22.33	22.31	0.245052	37.684
22.33	22.31	0.245069	37.784
22.33	22.31	0.245085	37.884
22.33	22.32	0.245102	37.984
22.33	22.32	0.245119	38.084
22.33	22.32	0.245135	38.184
22.30	22.32	0.245152	38.284
22.30	22.32	0.245169	38.384
22.30	22.33	0.245185	38.484
22.30	22.33	0.245202	38.584
22.30	22.33	0.245219	38.684
22.30	22.33	0.245235	38.784
22.30	22.33	0.245252	38.884
22.30	22.34	0.245269	38.984
22.30	22.34	0.245285	39.084
22.33	22.34	0.245302	39.184
22.33	22.34	0.245319	39.284
22.33	22.35	0.245335	39.384
22.33	22.35	0.245352	39.484
22.33	22.35	0.245368	39.584
22.33	22.35	0.245385	39.684
22.33	22.36	0.245402	39.784
22.33	22.36	0.245418	39.884
22.35	22.36	0.245435	39.984
22.35	22.37	0.245452	40.084
22.35	22.37	0.245468	40.184
22.35	22.37	0.245485	40.284
22.35	22.37	0.245502	40.384
22.35	22.38	0.245518	40.485
22.38	22.38	0.245535	40.584
22.38	22.38	0.245552	40.684
22.38	22.39	0.245568	40.784
22.38	22.39	0.245585	40.884
22.38	22.39	0.245602	41.013
22.38	22.40	0.245618	41.107
22.40	22.40	0.245635	41.206
22.40	22.40	0.245652	41.311
22.40	22.41	0.245668	41.405
22.40	22.41	0.245685	41.505
22.40	22.41	0.245702	41.610
22.40	22.42	0.245718	41.704
22.40	22.42	0.245735	41.806
22.40	22.42	0.245752	41.908
22.43	22.43	0.245768	42.003
22.43	22.43	0.245785	42.105
22.43	22.43	0.245802	42.207
22.43	22.44	0.245818	42.301
22.43	22.44	0.245835	42.406
22.43	22.44	0.245852	42.506
22.43	22.45	0.245868	42.600
22.43	22.45	0.245885	42.705
22.45	22.45	0.245902	42.804
22.45	22.46	0.245918	42.899
22.45	22.46	0.245935	43.003
22.45	22.46	0.245952	43.103
22.45	22.47	0.245968	43.197
22.45	22.47	0.245985	43.302
22.45	22.48	0.246002	43.397
22.48	22.48	0.246018	43.496
22.48	22.48	0.246035	43.601
22.48	22.49	0.246052	43.695
22.48	22.49	0.246068	43.795
22.48	22.49	0.246085	43.899
22.48	22.50	0.246102	43.994
22.50	22.50	0.246118	44.094
22.50	22.50	0.246135	44.198
22.50	22.51	0.246152	44.293
22.50	22.51	0.246168	44.392
22.50	22.51	0.246185	44.497
22.50	22.52	0.246201	44.591
22.53	22.52	0.246218	44.691
22.53	22.52	0.246235	44.795
22.53	22.53	0.246251	44.890
22.53	22.53	0.246268	44.990
22.53	22.53	0.246285	45.094
22.53	22.53	0.246301	45.189
22.53	22.54	0.246318	45.288
22.53	22.54	0.246335	45.393
22.56	22.54	0.246351	45.487
22.56	22.55	0.246368	45.588
22.56	22.55	0.246385	45.691
22.56	22.55	0.246401	45.786
22.56	22.55	0.246418	45.888
22.56	22.56	0.246435	45.990
22.56	22.56	0.246451	46.085
22.56	22.56	0.246468	46.188
22.56	22.56	0.246485	46.289
22.56	22.57	0.246501	46.385
22.56	22.57	0.246518	46.488
22.58	22.57	0.246535	46.588
22.58	22.57	0.246551	46.685
22.58	22.58	0.246568	46.787
22.58	22.58	0.246585	46.885
22.58	22.58	0.246601	46.985
22.58	22.58	0.246618	47.085
22.58	22.58	0.246635	47.185
22.58	22.59	0.246651	47.285
22.58	22.59	0.246668	47.385
22.58	22.59	0.246685	47.485
22.58	22.59	0.246701	47.585
22.61	22.59	0.246718	47.685
22.61	22.60	0.246735	47.785
22.61	22.60	0.246751	47.885
22.61	22.60	0.246768	47.986
22.61	22.60	0.246785	48.085
22.61	22.60	0.246801	48.185
22.61	22.60	0.246818	48.285
22.61	22.60	0.246835	48.385
22.61	22.60	0.246851	48.485
22.61	22.61	0.246868	48.585
22.61	22.61	0.246885	48.685
22.61	22.61	0.246901	48.785
22.61	22.61	0.246918	48.885
22.61	22.61	0.246935	48.985
22.61	22.61	0.246951	49.085
22.61	22.61	0.246968	49.185
22.63	22.61	0.246985	49.285
22.63	22.61	0.247001	49.385
22.63	22.61	0.247018	49.485
22.63	22.61	0.247034	49.585
22.63	22.61	0.247051	49.685
22.63	22.61	0.247068	49.785
22.63	22.61	0.247084	49.885
22.63	22.61	0.247101	49.985
22.63	22.61	0.247118	50.085
22.63	22.61	0.247134	50.186
22.63	22.61	0.247151	50.285
22.63	22.61	0.247168	50.385
22.63	22.61	0.247184	50.487
22.63	22.61	0.247201	50.585
22.63	22.61	0.247218	50.685
22.61	22.61	0.247234	50.786
22.61	22.61	0.247251	50.885
22.61	22.61	0.247268	50.985
22.61	22.61	0.247284	51.087
22.61	22.61	0.247301	51.185
22.61	22.61	0.247318	51.285
22.61	22.61	0.247334	51.387
22.61	22.61	0.247351	51.485
22.61	22.61	0.247368	51.585
22.61	22.61	0.247384	51.686
22.61	22.60	0.247401	51.784
22.61	22.60	0.247418	51.908
22.61	22.60	0.247434	51.987
22.61	22.60	0.247451	52.112
22.61	22.60	0.247468	52.207
22.61	22.60	0.247484	52.311
22.61	22.60	0.247501	52.411
22.61	22.60	0.247518	52.506
22.61	22.60	0.247534	52.610
22.61	22.59	0.247551	52.710
22.61	22.59	0.247568	52.804
22.61	22.59	0.247584	52.909
22.61	22.59	0.247601	53.008
22.61	22.59	0.247618	53.103
22.61	22.59	0.247634	53.208
22.58	22.59	0.247651	53.302
22.58	22.58	0.247668	53.402
22.58	22.58	0.247684	53.506
22.58	22.58	0.247701	53.601
22.58	22.58	0.247718	53.700
22.58	22.58	0.247734	53.805
22.58	22.58	0.247751	53.900
22.58	22.57	0.247768	53.999
22.58	22.57	0.247784	54.104
22.58	22.57	0.247801	54.198
22.58	22.57	0.247818	54.298
22.58	22.57	0.247834	54.402
22.58	22.57	0.247851	54.497
22.58	22.56	0.247867	54.596
22.58	22.56	0.247884	54.701
22.58	22.56	0.247901	54.796
22.56	22.56	0.247917	54.895
22.56	22.56	0.247934	55.000
22.56	22.56	0.247951	55.094
22.56	22.55	0.247967	55.194
22.56	22.55	0.247984	55.298
22.56	22.55	0.248001	55.393
22.56	22.55	0.248017	55.493
22.56	22.55	0.248034	55.597
22.56	22.55	0.248051	55.692
22.56	22.54	0.248067	55.794
22.56	22.54	0.248084	55.896
22.56	22.54	0.248101	55.990
22.56	22.54	0.248117	56.094
22.53	22.54	0.248134	56.194
22.53	22.54	0.248151	56.288
22.53	22.53	0.248167	56.393
22.53	22.53	0.248184	56.492
22.53	22.53	0.248201	56.587
22.53	22.53	0.248217	56.691
22.53	22.53	0.248234	56.791
22.53	22.53	0.248251	56.885
22.53	22.53	0.248267	56.990
22.53	22.52	0.248284	57.089
22.53	22.52	0.248301	57.185
22.53	22.52	0.248317	57.289
22.53	22.52	0.248334	57.385
22.53	22.52	0.248351	57.485
22.50	22.52	0.248367	57.587
22.50	22.52	0.248384	57.685
22.50	22.52	0.248401	57.785
22.50	22.52	0.248417	57.886
22.50	22.52	0.248434	57.985
22.50	22.51	0.248451	58.085
22.50	22.51	0.248467	58.185
22.50	22.51	0.248484	58.285
22.50	22.51	0.248501	58.385
22.50	22.51	0.248517	58.485
22.50	22.51	0.248534	58.585
22.50	22.51	0.248551	58.685
22.50	22.51	0.248567	58.785
22.50	22.51	0.248584	58.885
22.50	22.51	0.248601	58.985
22.50	22.51	0.248617	59.085
22.50	22.51	0.248634	59.185
22.50	22.51	0.248651	59.285
22.50	22.51	0.248667	59.386
22.50	22.51	0.248684	59.485
22.50	22.51	0.248700	59.585
22.50	22.51	0.248717	59.685
22.50	22.51	0.248734	59.785
22.50	22.51	0.248750	59.885
22.50	22.51	0.248767	59.985
22.50	22.51	0.248784	00.085
22.50	22.51	0.248800	00.185
22.50	22.51	0.248817	00.285
22.50	22.51	0.248834	00.385
22.50	22.51	0.248850	00.486
22.53	22.51	0.248867	00.585
22.53	22.51	0.248884	00.685
22.53	22.51	0.248900	00.785
22.53	22.52	0.248917	00.885
22.53	22.52	0.248934	00.985
22.53	22.52	0.248950	01.085
22.53	22.52	0.248967	01.185
22.53	22.52	0.248984	01.285
22.53	22.52	0.249000	01.385
22.53	22.52	0.249017	01.485
22.53	22.52	0.249034	01.585
22.53	22.52	0.249050	01.685
22.53	22.53	0.249067	01.785
22.53	22.53	0.249084	01.885
22.53	22.53	0.249100	01.985
22.53	22.53	0.249117	02.086
22.53	22.53	0.249134	02.185
22.50	22.54	0.249150	02.285
22.50	22.54	0.249167	02.385
22.50	22.54	0.249184	02.485
22.50	22.54	0.249200	02.585
22.50	22.54	0.249217	02.685
22.50	22.55	0.249234	02.814
22.53	22.55	0.249250	02.914
22.53	22.55	0.249267	03.008
22.53	22.55	0.249284	03.113
22.53	22.55	0.249300	03.208
22.53	22.56	0.249317	03.307
22.53	22.56	0.249334	03.411
22.53	22.56	0.249350	03.505
22.56	22.56	0.249367	03.605
22.56	22.57	0.249384	03.709
22.56	22.57	0.249400	03.804
22.56	22.57	0.249417	03.904
22.56	22.58	0.249434	04.008
22.56	22.58	0.249450	04.103
22.58	22.58	0.249467	04.202
22.58	22.58	0.249484	04.307
22.58	22.59	0.249500	04.401
22.58	22.59	0.249517	04.501
22.58	22.59	0.249533	04.605
22.58	22.60	0.249550	04.700
22.58	22.60	0.249567	04.800
22.61	22.60	0.249583	04.904
22.61	22.61	0.249600	04.999
22.61	22.61	0.249617	05.099
22.61	22.61	0.249633	05.203
22.61	22.62	0.249650	05.297
22.61	22.62	0.249667	05.399
22.61	22.62	0.249683	05.501
22.61	22.63	0.249700	05.596
22.61	22.63	0.249717	05.700
22.61	22.63	0.249733	05.800
22.63	22.64	0.249750	05.895
22.63	22.64	0.249767	05.999
22.63	22.64	0.249783	06.099
22.63	22.65	0.249800	06.193
22.63	22.65	0.249817	06.298
22.63	22.65	0.249833	06.398
22.63	22.66	0.249850	06.492
22.63	22.66	0.249867	06.597
22.63	22.66	0.249883	06.696
22.66	22.67	0.249900	06.791
22.66	22.67	0.249917	06.895
22.66	22.67	0.249933	06.990
22.66	22.68	0.249950	07.090
22.66	22.68	0.249967	07.194
22.68	22.69	0.249983	07.289
22.68	22.69	0.250000	07.388
22.68	22.69	0.250017	07.493
22.68	22.70	0.250033	07.587
22.68	22.70	0.250050	07.687
22.68	22.70	0.250067	07.791
22.71	22.71	0.250083	07.886
22.71	22.71	0.250100	07.986
22.71	22.71	0.250117	08.090
22.71	22.72	0.250133	08.185
22.71	22.72	0.250150	08.285
22.74	22.72	0.250167	08.389
22.74	22.73	0.250183	08.485
22.74	22.73	0.250200	08.585
22.74	22.73	0.250217	08.687
22.74	22.74	0.250233	08.785
22.74	22.74	0.250250	08.885
22.74	22.74	0.250267	08.985
22.74	22.74	0.250283	09.085
22.76	22.75	0.250300	09.185
22.76	22.75	0.250317	09.285
22.76	22.75	0.250333	09.385
22.76	22.76	0.250350	09.485
22.76	22.76	0.250366	09.586
22.76	22.76	0.250383	09.685
22.76	22.76	0.250400	09.785
22.76	22.77	0.250416	09.885
22.76	22.77	0.250433	09.985
22.76	22.77	0.250450	10.085
22.76	22.78	0.250466	10.185
22.76	22.78	0.250483	10.286
22.79	22.78	0.250500	10.385
22.79	22.78	0.250516	10.485
22.79	22.79	0.250533	10.585
22.79	22.79	0.250550	10.685
22.79	22.79	0.250566	10.785
22.79	22.79	0.250583	10.885
22.79	22.79	0.250600	10.985
22.79	22.80	0.250616	11.085
22.79	22.80	0.250633	11.186
22.79	22.80	0.250650	11.285
22.81	22.80	0.250666	11.385
22.81	22.80	0.250683	11.485
22.81	22.81	0.250700	11.585
22.81	22.81	0.250716	11.685
22.81	22.81	0.250733	11.785
22.81	22.81	0.250750	11.885
22.81	22.81	0.250766	11.985
22.81	22.81	0.250783	12.085
22.81	22.81	0.250800	12.185
22.81	22.82	0.250816	12.285
22.81	22.82	0.250833	12.385
22.84	22.82	0.250850	12.485
22.84	22.82	0.250866	12.585
22.84	22.82	0.250883	12.685
22.84	22.82	0.250900	12.785
22.84	22.82	0.250916	12.885
22.84	22.82	0.250933	12.985
22.84	22.82	0.250950	13.085
22.84	22.82	0.250966	13.185
22.84	22.82	0.250983	13.285
22.84	22.82	0.251000	13.385
22.84	22.83	0.251016	13.485
22.84	22.83	0.251033	13.585
22.84	22.83	0.251050	13.685
22.84	22.83	0.251066	13.809
22.84	22.83	0.251083	13.914
22.84	22.83	0.251100	14.009
22.84	22.83	0.251116	14.108
22.84	22.83	0.251133	14.213
22.84	22.83	0.251150	14.307
22.84	22.83	0.251166	14.407
22.84	22.83	0.251183	14.511
22.84	22.83	0.251199	14.605
22.84	22.83	0.251216	14.705
22.84	22.83	0.251233	14.810
22.84	22.82	0.251249	14.905
22.84	22.82	0.251266	15.005
22.84	22.82	0.251283	15.109
22.84	22.82	0.251299	15.203
22.84	22.82	0.251316	15.305
22.84	22.82	0.251333	15.407
22.84	22.82	0.251349	15.501
22.84	22.82	0.251366	15.605
22.84	22.82	0.251383	15.705
22.84	22.82	0.251399	15.800
22.84	22.82	0.251416	15.904
22.84	22.82	0.251433	16.004
22.81	22.82	0.251449	16.099
22.81	22.81	0.251466	16.203
22.81	22.81	0.251483	16.303
22.81	22.81	0.251499	16.397
22.81	22.81	0.251516	16.502
22.81	22.81	0.251533	16.601
22.81	22.81	0.251549	16.696
22.81	22.81	0.251566	16.800
22.81	22.81	0.251583	16.895
22.81	22.80	0.251599	16.995
22.81	22.80	0.251616	17.100
22.81	22.80	0.251633	17.194
22.81	22.80	0.251649	17.294
22.81	22.80	0.251666	17.398
22.81	22.80	0.251683	17.493
22.81	22.79	0.251699	17.592
22.81	22.79	0.251716	17.697
22.81	22.79	0.251733	17.791
22.81	22.79	0.251749	17.890
22.81	22.79	0.251766	17.996
22.79	22.79	0.251783	18.089
22.79	22.78	0.251799	18.189
22.79	22.78	0.251816	18.293
22.79	22.78	0.251833	18.388
22.79	22.78	0.251849	18.487
22.79	22.78	0.251866	18.592
22.79	22.78	0.251883	18.687
22.79	22.77	0.251899	18.787
22.79	22.77	0.251916	18.891
22.79	22.77	0.251933	18.985
22.76	22.77	0.251949	19.088
22.76	22.77	0.251966	19.189
22.76	22.77	0.251983	19.285
22.76	22.76	0.251999	19.387
22.76	22.76	0.252016	19.488
22.76	22.76	0.252032	19.585
22.76	22.76	0.252049	19.687
22.76	22.76	0.252066	19.787
22.76	22.76	0.252082	19.885
22.76	22.75	0.252099	19.986
22.76	22.75	0.252116	20.085
22.76	22.75	0.252132	20.185
22.74	22.75	0.252149	20.285
22.74	22.75	0.252166	20.385
22.74	22.75	0.252182	20.485
22.74	22.74	0.252199	20.585
22.74	22.74	0.252216	20.685
22.74	22.74	0.252232	20.785
22.74	22.74	0.252249	20.885
22.74	22.74	0.252266	20.985
22.74	22.74	0.252282	21.085
22.74	22.74	0.252299	21.185
22.74	22.74	0.252316	21.285
22.74	22.73	0.252332	21.385
22.74	22.73	0.252349	21.485
22.74	22.73	0.252366	21.585
22.74	22.73	0.252382	21.685
22.74	22.73	0.252399	21.785
22.74	22.73	0.252416	21.886
22.74	22.73	0.252432	21.985
22.74	22.73	0.252449	22.085
22.74	22.73	0.252466	22.186
22.74	22.73	0.252482	22.286
22.74	22.73	0.252499	22.386
22.74	22.72	0.252516	22.486
22.71	22.72	0.252532	22.586
22.71	22.72	0.252549	22.686
22.71	22.72	0.252566	22.786
22.71	22.72	0.252582	22.886
22.71	22.72	0.252599	22.986
22.71	22.72	0.252616	23.086
22.71	22.72	0.252632	23.186
22.71	22.72	0.252649	23.286
22.71	22.72	0.252666	23.386
22.71	22.72	0.252682	23.487
22.71	22.72	0.252699	23.586
22.71	22.72	0.252716	23.686
22.71	22.72	0.252732	23.786
22.71	22.72	0.252749	23.886
22.71	22.72	0.252766	23.986
22.71	22.72	0.252782	24.086
22.71	22.72	0.252799	24.186
22.71	22.72	0.252816	24.286
22.71	22.72	0.252832	24.386
22.71	22.73	0.252849	24.486
22.71	22.73	0.252865	24.586
22.71	22.73	0.252882	24.714
22.71	22.73	0.252899	24.809
22.71	22.73	0.252915	24.886
22.71	22.73	0.252932	25.013
22.71	22.73	0.252949	25.107
22.71	22.73	0.252965	25.186
22.71	22.73	0.252982	25.312
22.71	22.73	0.252999	25.406
22.74	22.74	0.253015	25.511
22.74	22.74	0.253032	25.610
22.74	22.74	0.253049	25.705
22.74	22.74	0.253065	25.809
22.74	22.74	0.253082	25.909
22.74	22.74	0.253099	26.003
22.74	22.74	0.253115	26.108
22.74	22.75	0.253132	26.208
22.74	22.75	0.253149	26.302
22.74	22.75	0.253165	26.407
22.74	22.75	0.253182	26.502
22.74	22.75	0.253199	26.601
22.74	22.76	0.253215	26.706
22.74	22.76	0.253232	26.800
22.74	22.76	0.253249	26.900
22.74	22.76	0.253265	27.004
22.74	22.77	0.253282	27.099
22.76	22.77	0.253299	27.199
22.76	22.77	0.253315	27.303
22.76	22.77	0.253332	27.398
22.76	22.78	0.253349	27.497
22.76	22.78	0.253365	27.602
22.76	22.78	0.253382	27.696
22.76	22.78	0.253399	27.796
22.76	22.79	0.253415	27.900
22.76	22.79	0.253432	27.994
22.79	22.79	0.253449	28.095
22.79	22.79	0.253465	28.199
22.79	22.80	0.253482	28.294
22.79	22.80	0.253499	28.392
22.79	22.80	0.253515	28.497
22.79	22.81	0.253532	28.591
22.79	22.81	0.253549	28.693
22.79	22.81	0.253565	28.796
22.81	22.82	0.253582	28.890
22.81	22.82	0.253599	28.993
22.81	22.82	0.253615	29.094
22.81	22.83	0.253632	29.189
22.81	22.83	0.253649	29.293
22.81	22.83	0.253665	29.393
22.84	22.84	0.253682	29.488
22.84	22.84	0.253698	29.592
22.84	22.84	0.253715	29.692
22.84	22.85	0.253732	29.787
22.84	22.85	0.253748	29.891
22.84	22.85	0.253765	29.990
22.84	22.86	0.253782	30.087
22.84	22.86	0.253798	30.189
22.86	22.86	0.253815	30.289
22.86	22.87	0.253832	30.387
22.86	22.87	0.253848	30.488
22.86	22.87	0.253865	30.590
22.86	22.88	0.253882	30.687
22.86	22.88	0.253898	30.787
22.86	22.88	0.253915	30.889
22.89	22.89	0.253932	30.987
22.89	22.89	0.253948	31.087
22.89	22.89	0.253965	31.190
22.89	22.90	0.253982	31.287
22.89	22.90	0.253998	31.387
22.89	22.91	0.254015	31.490
22.89	22.91	0.254032	31.587
22.92	22.91	0.254048	31.687
22.92	22.92	0.254065	31.790
22.92	22.92	0.254082	31.887
22.92	22.92	0.254098	31.988
22.92	22.93	0.254115	32.090
22.92	22.93	0.254132	32.187
22.92	22.93	0.254148	32.287
22.94	22.94	0.254165	32.391
22.94	22.94	0.254182	32.487
22.94	22.94	0.254198	32.587
22.94	22.95	0.254215	32.690
22.94	22.95	0.254232	32.787
22.94	22.95	0.254248	32.887
22.94	22.95	0.254265	32.991
22.97	22.96	0.254282	33.087
22.97	22.96	0.254298	33.187
22.97	22.96	0.254315	33.291
22.97	22.97	0.254332	33.387
22.97	22.97	0.254348	33.487
22.97	22.97	0.254365	33.592
22.97	22.98	0.254382	33.687
22.97	22.98	0.254398	33.787
22.99	22.98	0.254415	33.891
22.99	22.98	0.254432	33.987
22.99	22.99	0.254448	34.087
22.99	22.99	0.254465	34.192
22.99	22.99	0.254482	34.288
22.99	22.99	0.254498	34.388
22.99	23.00	0.254515	34.492
22.99	23.00	0.254531	34.588
22.99	23.00	0.254548	34.688
22.99	23.00	0.254565	34.792
22.99	23.01	0.254581	34.888
23.02	23.01	0.254598	34.988
23.02	23.01	0.254615	35.092
23.02	23.01	0.254631	35.217
23.02	23.01	0.254648	35.312
23.02	23.02	0.254665	35.416
23.02	23.02	0.254681	35.516
23.02	23.02	0.254698	35.611
23.02	23.02	0.254715	35.715
23.02	23.02	0.254731	35.814
23.04	23.02	0.254748	35.909
23.04	23.02	0.254765	36.014
23.04	23.03	0.254781	36.113
23.04	23.03	0.254798	36.208
23.04	23.03	0.254815	36.312
23.04	23.03	0.254831	36.406
23.04	23.03	0.254848	36.506
23.04	23.03	0.254865	36.610
23.04	23.03	0.254881	36.705
23.04	23.03	0.254898	36.804
23.04	23.04	0.254915	36.909
23.04	23.04	0.254931	37.004
23.04	23.04	0.254948	37.103
23.04	23.04	0.254965	37.208
23.04	23.04	0.254981	37.302
23.04	23.04	0.254998	37.402
23.04	23.04	0.255015	37.507
23.04	23.04	0.255031	37.601
23.07	23.04	0.255048	37.701
23.07	23.04	0.255065	37.806
23.07	23.04	0.255081	37.900
23.07	23.04	0.255098	38.000
23.07	23.04	0.255115	38.104
23.07	23.04	0.255131	38.199
23.07	23.04	0.255148	38.298
23.07	23.04	0.255165	38.403
23.07	23.04	0.255181	38.498
23.07	23.04	0.255198	38.599
23.07	23.04	0.255215	38.702
23.04	23.04	0.255231	38.796
23.04	23.04	0.255248	38.899
23.04	23.04	0.255265	39.000
23.04	23.04	0.255281	39.094
23.04	23.04	0.255298	39.198
23.04	23.04	0.255315	39.298
23.04	23.04	0.255331	39.393
23.04	23.03	0.255348	39.498
23.04	23.03	0.255364	39.597
23.04	23.03	0.255381	39.691
23.04	23.03	0.255398	39.796
23.04	23.03	0.255414	39.896
23.04	23.03	0.255431	39.990
23.04	23.03	0.255448	40.095
23.04	23.03	0.255464	40.190
23.04	23.03	0.255481	40.289
23.04	23.03	0.255498	40.394
23.04	23.02	0.255514	40.488
23.02	23.02	0.255531	40.588
23.02	23.02	0.255548	40.691
23.02	23.02	0.255564	40.788
23.02	23.02	0.255581	40.888
23.02	23.02	0.255598	40.990
23.02	23.02	0.255614	41.088
23.02	23.01	0.255631	41.188
23.02	23.01	0.255648	41.290
23.02	23.01	0.255664	41.388
23.02	23.01	0.255681	41.488
23.02	23.01	0.255698	41.588
23.02	23.01	0.255714	41.688
23.02	23.00	0.255731	41.788
23.02	23.00	0.255748	41.888
23.02	23.00	0.255764	41.988
23.02	23.00	0.255781	42.088
23.02	23.00	0.255798	42.188
23.02	23.00	0.255814	42.288
22.99	22.99	0.255831	42.388
22.99	22.99	0.255848	42.488
22.99	22.99	0.255864	42.588
22.99	22.99	0.255881	42.688
22.99	22.99	0.255898	42.788
22.99	22.99	0.255914	42.888
22.99	22.98	0.255931	42.988
22.99	22.98	0.255948	43.088
22.99	22.98	0.255964	43.189
22.99	22.98	0.255981	43.288
22.99	22.98	0.255998	43.388
22.99	22.98	0.256014	43.488
22.97	22.97	0.256031	43.588
22.97	22.97	0.256048	43.688
22.97	22.97	0.256064	43.788
22.97	22.97	0.256081	43.888
22.97	22.97	0.256098	43.988
22.97	22.97	0.256114	44.088
22.97	22.96	0.256131	44.188
22.97	22.96	0.256148	44.288
22.97	22.96	0.256164	44.389
22.97	22.96	0.256181	44.489
22.97	22.96	0.256197	44.589
22.97	22.96	0.256214	44.689
22.97	22.96	0.256231	44.790
22.97	22.95	0.256247	44.889
22.97	22.95	0.256264	44.989
22.94	22.95	0.256281	45.089
22.94	22.95	0.256297	45.189
22.94	22.95	0.256314	45.289
22.94	22.95	0.256331	45.389
22.94	22.95	0.256347	45.489
22.94	22.95	0.256364	45.589
22.94	22.94	0.256381	45.689
22.94	22.94	0.256397	45.789
22.94	22.94	0.256414	45.889
22.94	22.94	0.256431	46.013
22.94	22.94	0.256447	46.113
22.94	22.94	0.256464	46.217
22.94	22.94	0.256481	46.312
22.94	22.94	0.256497	46.411
22.94	22.94	0.256514	46.516
22.94	22.94	0.256531	46.611
22.94	22.94	0.256547	46.710
22.94	22.94	0.256564	46.815
22.94	22.94	0.256581	46.909
22.94	22.94	0.256597	47.009
22.94	22.94	0.256614	47.113
22.94	22.94	0.256631	47.208
22.94	22.94	0.256647	47.307
22.94	22.94	0.256664	47.412
22.94	22.94	0.256681	47.507
22.92	22.94	0.256697	47.606
22.92	22.94	0.256714	47.711
22.92	22.94	0.256731	47.804
22.92	22.94	0.256747	47.905
22.92	22.94	0.256764	48.008
22.92	22.94	0.256781	48.103
22.92	22.94	0.256797	48.205
22.92	22.94	0.256814	48.307
22.92	22.94	0.256831	48.402
22.94	22.94	0.256847	48.505
22.94	22.94	0.256864	48.606
22.94	22.94	0.256881	48.700
22.94	22.94	0.256897	48.805
22.94	22.94	0.256914	48.904
22.94	22.94	0.256931	48.999
22.94	22.94	0.256947	49.104
22.94	22.94	0.256964	49.203
22.94	22.95	0.256981	49.298
22.94	22.95	0.256997	49.402
22.94	22.95	0.257014	49.502
22.94	22.95	0.257030	49.596
22.94	22.95	0.257047	49.701
22.94	22.95	0.257064	49.796
22.94	22.95	0.257080	49.895
22.94	22.96	0.257097	50.000
22.94	22.96	0.257114	50.094
22.94	22.96	0.257130	50.194
22.94	22.96	0.257147	50.298
22.94	22.96	0.257164	50.393
22.94	22.97	0.257180	50.492
22.94	22.97	0.257197	50.597
22.94	22.97	0.257214	50.692
22.97	22.97	0.257230	50.791
22.97	22.97	0.257247	50.896
22.97	22.98	0.257264	50.990
22.97	22.98	0.257280	51.090
22.97	22.98	0.257297	51.194
22.97	22.98	0.257314	51.290
22.97	22.99	0.257330	51.391
22.97	22.99	0.257347	51.493
22.97	22.99	0.257364	51.590
22.97	22.99	0.257380	51.690
22.99	23.00	0.257397	51.792
22.99	23.00	0.257414	51.890
22.99	23.00	0.257430	51.990
22.99	23.01	0.257447	52.090
22.99	23.01	0.257464	52.190
22.99	23.01	0.257480	52.290
22.99	23.01	0.257497	52.390
22.99	23.02	0.257514	52.490
23.02	23.02	0.257530	52.591
23.02	23.02	0.257547	52.690
23.02	23.03	0.257564	52.790
23.02	23.03	0.257580	52.890
23.02	23.03	0.257597	52.990
23.02	23.04	0.257614	53.090
23.02	23.04	0.257630	53.190
23.02	23.04	0.257647	53.290
23.02	23.05	0.257664	53.391
23.04	23.05	0.257680	53.490
23.04	23.05	0.257697	53.590
23.04	23.06	0.257714	53.690
23.04	23.06	0.257730	53.790
23.04	23.06	0.257747	53.890
23.04	23.07	0.257764	53.990
23.04	23.07	0.257780	54.090
23.07	23.07	0.257797	54.190
23.07	23.08	0.257814	54.291
23.07	23.08	0.257830	54.390
23.07	23.08	0.257847	54.490
23.07	23.09	0.257863	54.590
23.09	23.09	0.257880	54.690
23.09	23.09	0.257897	54.790
23.09	23.10	0.257913	54.890
23.09	23.10	0.257930	54.990
23.09	23.10	0.257947	55.090
23.09	23.11	0.257963	55.190
23.12	23.11	0.257980	55.290
23.12	23.12	0.257997	55.390
23.12	23.12	0.258013	55.490
23.12	23.12	0.258030	55.590
23.12	23.13	0.258047	55.690
23.12	23.13	0.258063	55.790
23.12	23.13	0.258080	55.891
23.12	23.14	0.258097	55.990
23.15	23.14	0.258113	56.090
23.15	23.14	0.258130	56.190
23.15	23.15	0.258147	56.290
23.15	23.15	0.258163	56.390
23.15	23.15	0.258180	56.490
23.15	23.16	0.258197	56.590
23.15	23.16	0.258213	56.690
23.17	23.16	0.258230	56.814
23.17	23.17	0.258247	56.914
23.17	23.17	0.258263	57.019
23.17	23.17	0.258280	57.113
23.17	23.17	0.258297	57.212
23.17	23.18	0.258313	57.317
23.17	23.18	0.258330	57.411
23.17	23.18	0.258347	57.510
23.20	23.19	0.258363	57.616
23.20	23.19	0.258380	57.710
23.20	23.19	0.258397	57.810
23.20	23.19	0.258413	57.914
23.20	23.20	0.258430	58.008
23.20	23.20	0.258447	58.111
23.20	23.20	0.258463	58.212
23.20	23.20	0.258480	58.307
23.20	23.21	0.258497	58.410
23.22	23.21	0.258513	58.511
23.22	23.21	0.258530	58.606
23.22	23.21	0.258547	58.710
23.22	23.22	0.258563	58.810
23.22	23.22	0.258580	58.904
23.22	23.22	0.258597	59.009
23.22	23.22	0.258613	59.108
23.22	23.22	0.258630	59.203
23.22	23.23	0.258647	59.307
23.22	23.23	0.258663	59.407
23.22	23.23	0.258680	59.502
23.25	23.23	0.258696	59.606
23.25	23.23	0.258713	59.701
23.25	23.24	0.258730	59.800
23.25	23.24	0.258746	59.905
23.25	23.24	0.258763	59.999
23.25	23.24	0.258780	00.099
23.25	23.24	0.258796	00.204
23.25	23.24	0.258813	00.298
23.25	23.24	0.258830	00.398
23.25	23.24	0.258846	00.502
23.25	23.25	0.258863	00.596
23.25	23.25	0.258880	00.696
23.25	23.25	0.258896	00.800
23.25	23.25	0.258913	00.895
23.25	23.25	0.258930	00.995
23.25	23.25	0.258946	01.099
23.25	23.25	0.258963	01.194
23.27	23.25	0.258980	01.293
23.27	23.25	0.258996	01.398
23.27	23.25	0.259013	01.492
23.27	23.25	0.259030	01.592
23.27	23.25	0.259046	01.697
23.27	23.25	0.259063	01.791
23.27	23.25	0.259080	01.893
23.27	23.25	0.259096	01.995
23.27	23.25	0.259113	02.092
23.27	23.25	0.259130	02.193
23.27	23.25	0.259146	02.294
23.27	23.25	0.259163	02.393
23.27	23.25	0.259180	02.493
23.27	23.25	0.259196	02.593
23.25	23.25	0.259213	02.693
23.25	23.25	0.259230	02.793
23.25	23.25	0.259246	02.894
23.25	23.25	0.259263	02.993
23.25	23.25	0.259280	03.093
23.25	23.25	0.259296	03.193
23.25	23.25	0.259313	03.293
23.25	23.25	0.259330	03.393
23.25	23.25	0.259346	03.493
23.25	23.25	0.259363	03.593
23.25	23.25	0.259380	03.693
23.25	23.24	0.259396	03.793
23.25	23.24	0.259413	03.893
23.25	23.24	0.259430	03.993
23.25	23.24	0.259446	04.093
23.25	23.24	0.259463	04.193
23.25	23.24	0.259480	04.293
23.25	23.24	0.259496	04.393
23.25	23.24	0.259513	04.494
23.25	23.24	0.259529	04.593
23.25	23.23	0.259546	04.693
23.25	23.23	0.259563	04.793
23.25	23.23	0.259579	04.893
23.25	23.23	0.259596	04.993
23.22	23.23	0.259613	05.093
23.22	23.23	0.259629	05.193
23.22	23.23	0.259646	05.293
23.22	23.22	0.259663	05.394
23.22	23.22	0.259679	05.492
23.22	23.22	0.259696	05.593
23.22	23.22	0.259713	05.693
23.22	23.22	0.259729	05.793
23.22	23.22	0.259746	05.893
23.22	23.21	0.259763	05.993
23.22	23.21	0.259779	06.094
23.22	23.21	0.259796	06.194
23.22	23.21	0.259813	06.294
23.22	23.21	0.259829	06.394
23.22	23.21	0.259846	06.494
23.22	23.20	0.259863	06.594
23.22	23.20	0.259879	06.694
23.22	23.20	0.259896	06.794
23.22	23.20	0.259913	06.924
23.22	23.20	0.259929	07.017
23.22	23.20	0.259946	07.117
23.22	23.19	0.259963	07.223
23.20	23.19	0.259979	07.316
23.20	23.19	0.259996	07.416
23.20	23.19	0.260013	07.520
23.20	23.19	0.260029	07.615
23.20	23.19	0.260046	07.716
23.20	23.18	0.260063	07.819
23.20	23.18	0.260079	07.914
23.20	23.18	0.260096	08.016
23.20	23.18	0.260113	08.118
23.17	23.18	0.260129	08.212
23.17	23.18	0.260146	08.317
23.17	23.17	0.260163	08.416
23.17	23.17	0.260179	08.511
23.17	23.17	0.260196	08.615
23.17	23.17	0.260213	08.715
23.17	23.17	0.260229	08.810
23.17	23.17	0.260246	08.914
23.15	23.17	0.260263	09.014
23.15	23.16	0.260279	09.108
23.15	23.16	0.260296	09.213
23.15	23.16	0.260313	09.307
23.15	23.16	0.260329	09.407
23.15	23.16	0.260346	09.511
23.15	23.16	0.260362	09.606
23.15	23.16	0.260379	09.706
23.15	23.16	0.260396	09.810
23.15	23.16	0.260412	09.905
23.15	23.16	0.260429	10.004
23.15	23.15	0.260446	10.109
23.15	23.15	0.260462	10.203
23.15	23.15	0.260479	10.303
23.15	23.15	0.260496	10.408
23.15	23.15	0.260512	10.502
23.15	23.15	0.260529	10.602
23.15	23.15	0.260546	10.706
23.15	23.15	0.260562	10.801
23.15	23.15	0.260579	10.900
23.15	23.15	0.260596	11.005
23.15	23.15	0.260612	11.099
23.15	23.15	0.260629	11.199
23.15	23.15	0.260646	11.304
23.15	23.15	0.260662	11.398
23.15	23.15	0.260679	11.498
23.15	23.15	0.260696	11.602
23.15	23.15	0.260712	11.696
23.15	23.15	0.260729	11.798
23.15	23.15	0.260746	11.900
23.15	23.15	0.260762	11.995
23.15	23.15	0.260779	12.098
23.15	23.15	0.260796	12.199
23.15	23.15	0.260812	12.294
23.15	23.15	0.260829	12.398
23.15	23.15	0.260846	12.497
23.15	23.15	0.260862	12.594
23.15	23.15	0.260879	12.696
23.15	23.15	0.260896	12.796
23.15	23.16	0.260912	12.894
23.12	23.16	0.260929	12.995
23.12	23.16	0.260946	13.095
23.12	23.16	0.260962	13.194
23.12	23.16	0.260979	13.294
23.12	23.16	0.260996	13.394
23.15	23.16	0.261012	13.494
23.15	23.16	0.261029	13.595
23.15	23.16	0.261046	13.695
23.15	23.17	0.261062	13.794
23.15	23.17	0.261079	13.894
23.15	23.17	0.261096	13.995
23.15	23.17	0.261112	14.094
23.15	23.17	0.261129	14.194
23.15	23.18	0.261146	14.295
23.17	23.18	0.261162	14.394
23.17	23.18	0.261179	14.494
23.17	23.18	0.261195	14.595
23.17	23.18	0.261212	14.694
23.17	23.19	0.261229	14.794
23.17	23.19	0.261245	14.896
23.17	23.19	0.261262	14.994
23.17	23.19	0.261279	15.094
23.20	23.19	0.261295	15.195
23.20	23.20	0.261312	15.294
23.20	23.20	0.261329	15.394
23.20	23.20	0.261345	15.496
23.20	23.20	0.261362	15.594
23.20	23.21	0.261379	15.694
23.20	23.21	0.261395	15.796
23.20	23.21	0.261412	15.894
23.20	23.22	0.261429	15.994
23.22	23.22	0.261445	16.097
23.22	23.22	0.261462	16.194
23.22	23.22	0.261479	16.294
23.22	23.23	0.261495	16.396
23.22	23.23	0.261512	16.494
23.22	23.23	0.261529	16.594
23.22	23.24	0.261545	16.697
23.22	23.24	0.261562	16.794
23.22	23.24	0.261579	16.894
23.22	23.25	0.261595	16.997
23.22	23.25	0.261612	17.094
23.25	23.25	0.261629	17.194
23.25	23.26	0.261645	17.297
23.25	23.26	0.261662	17.394
23.25	23.26	0.261679	17.494
23.25	23.27	0.261695	17.597
23.25	23.27	0.261712	17.694
23.25	23.27	0.261729	17.794
23.27	23.28	0.261745	17.898
23.27	23.28	0.261762	18.023
23.27	23.28	0.261779	18.118
23.27	23.29	0.261795	18.222
23.27	23.29	0.261812	18.322
23.27	23.29	0.261829	18.416
23.30	23.30	0.261845	18.521
23.30	23.30	0.261862	18.620
23.30	23.30	0.261879	18.715
23.30	23.31	0.261895	18.820
23.30	23.31	0.261912	18.919
23.30	23.31	0.261929	19.014
23.30	23.32	0.261945	19.118
23.33	23.32	0.261962	19.213
23.33	23.33	0.261979	19.312
23.33	23.33	0.261995	19.417
23.33	23.33	0.262012	19.512
23.33	23.34	0.262028	19.611
23.33	23.34	0.262045	19.715
23.35	23.34	0.262062	19.810
23.35	23.35	0.262078	19.909
23.35	23.35	0.262095	20.013
23.35	23.35	0.262112	20.108
23.35	23.36	0.262128	20.207
23.35	23.36	0.262145	20.312
23.35	23.36	0.262162	20.407
23.35	23.37	0.262178	20.506
23.35	23.37	0.262195	20.611
23.38	23.37	0.262212	20.705
23.38	23.38	0.262228	20.805
23.38	23.38	0.262245	20.909
23.38	23.38	0.262262	21.004
23.38	23.38	0.262278	21.104
23.38	23.39	0.262295	21.208
23.38	23.39	0.262312	21.303
23.38	23.39	0.262328	21.404
23.38	23.40	0.262345	21.507
23.40	23.40	0.262362	21.601
23.40	23.40	0.262378	21.704
23.40	23.40	0.262395	21.805
23.40	23.41	0.262412	21.900
23.40	23.41	0.262428	22.004
23.40	23.41	0.262445	22.104
23.40	23.42	0.262462	22.199
23.43	23.42	0.262478	22.303
23.43	23.42	0.262495	22.403
23.43	23.42	0.262512	22.497
23.43	23.43	0.262528	22.602
23.43	23.43	0.262545	22.702
23.43	23.43	0.262562	22.796
23.43	23.43	0.262578	22.901
23.43	23.43	0.262595	22.995
23.45	23.44	0.262612	23.095
23.45	23.44	0.262628	23.199
23.45	23.44	0.262645	23.294
23.45	23.44	0.262662	23.394
23.45	23.44	0.262678	23.498
23.45	23.45	0.262695	23.594
23.45	23.45	0.262712	23.694
23.45	23.45	0.262728	23.797
23.45	23.45	0.262745	23.894
23.45	23.45	0.262762	23.994
23.45	23.45	0.262778	24.094
23.45	23.45	0.262795	24.194
23.45	23.46	0.262812	24.294
23.45	23.46	0.262828	24.394
23.48	23.46	0.262845	24.494
23.48	23.46	0.262861	24.594
23.48	23.46	0.262878	24.694
23.48	23.46	0.262895	24.794
23.48	23.46	0.262911	24.894
23.48	23.46	0.262928	24.995
23.48	23.46	0.262945	25.094
23.48	23.46	0.262961	25.194
23.48	23.46	0.262978	25.294
23.48	23.46	0.262995	25.394
23.48	23.47	0.263011	25.494
23.48	23.47	0.263028	25.594
23.48	23.47	0.263045	25.694
23.48	23.47	0.263061	25.794
23.48	23.47	0.263078	25.895
23.48	23.47	0.263095	25.994
23.48	23.47	0.263111	26.094
23.48	23.47	0.263128	26.194
23.48	23.47	0.263145	26.294
23.48	23.47	0.263161	26.394
23.48	23.47	0.263178	26.494
23.48	23.47	0.263195	26.594
23.48	23.47	0.263211	26.694
23.48	23.47	0.263228	26.794
23.48	23.46	0.263245	26.894
23.48	23.46	0.263261	26.994
23.48	23.46	0.263278	27.094
23.48	23.46	0.263295	27.194
23.48	23.46	0.263311	27.294
23.48	23.46	0.263328	27.394
23.48	23.46	0.263345	27.494
23.45	23.46	0.263361	27.594
23.45	23.46	0.263378	27.694
23.45	23.46	0.263395	27.794
23.45	23.46	0.263411	27.894
23.45	23.46	0.263428	27.994
23.45	23.46	0.263445	28.094
23.45	23.45	0.263461	28.195
23.45	23.45	0.263478	28.295
23.45	23.45	0.263495	28.396
23.45	23.45	0.263511	28.494
23.45	23.45	0.263528	28.595
23.45	23.45	0.263545	28.694
23.45	23.45	0.263561	28.794
23.45	23.45	0.263578	28.918
23.45	23.44	0.263595	29.023
23.45	23.44	0.263611	29.117
23.45	23.44	0.263628	29.217
23.45	23.44	0.263645	29.321
23.45	23.44	0.263661	29.416
23.45	23.44	0.263678	29.516
23.45	23.43	0.263694	29.620
23.45	23.43	0.263711	29.715
23.45	23.43	0.263728	29.814
23.45	23.43	0.263744	29.919
23.45	23.43	0.263761	30.013
23.45	23.43	0.263778	30.113
23.45	23.42	0.263794	30.218
23.45	23.42	0.263811	30.312
23.45	23.42	0.263828	30.412
23.45	23.42	0.263844	30.516
23.45	23.42	0.263861	30.611
23.43	23.42	0.263878	30.710
23.43	23.41	0.263894	30.815
23.43	23.41	0.263911	30.909
23.43	23.41	0.263928	31.010
23.43	23.41	0.263944	31.114
23.43	23.41	0.263961	31.208
23.43	23.41	0.263978	31.310
23.43	23.40	0.263994	31.412
23.40	23.40	0.264011	31.507
23.40	23.40	0.264028	31.610
23.40	23.40	0.264044	31.711
23.40	23.40	0.264061	31.806
23.40	23.40	0.264078	31.910
23.40	23.39	0.264094	32.010
23.38	23.39	0.264111	32.104
23.38	23.39	0.264128	32.208
23.38	23.39	0.264144	32.308
23.38	23.39	0.264161	32.402
23.38	23.39	0.264178	32.507
23.38	23.38	0.264194	32.607
23.38	23.38	0.264211	32.701
23.38	23.38	0.264228	32.806
23.38	23.38	0.264244	32.900
23.38	23.38	0.264261	33.000
23.38	23.38	0.264278	33.104
23.38	23.38	0.264294	33.199
23.35	23.38	0.264311	33.299
23.35	23.37	0.264328	33.403
23.35	23.37	0.264344	33.498
23.35	23.37	0.264361	33.597
23.35	23.37	0.264378	33.702
23.35	23.37	0.264394	33.796
23.35	23.37	0.264411	33.896
23.35	23.37	0.264428	34.000
23.35	23.37	0.264444	34.095
23.35	23.37	0.264461	34.195
23.35	23.37	0.264478	34.299
23.35	23.37	0.264494	34.395
23.35	23.36	0.264511	34.495
23.38	23.36	0.264527	34.598
23.38	23.36	0.264544	34.695
23.38	23.36	0.264561	34.795
23.38	23.36	0.264577	34.897
23.38	23.36	0.264594	34.995
23.38	23.36	0.264611	35.095
23.38	23.36	0.264627	35.195
23.38	23.36	0.264644	35.295
23.38	23.36	0.264661	35.395
23.38	23.36	0.264677	35.495
23.38	23.36	0.264694	35.595
23.38	23.36	0.264711	35.695
23.38	23.36	0.264727	35.795
23.35	23.36	0.264744	35.895
23.35	23.36	0.264761	35.995
23.35	23.36	0.264777	36.094
23.35	23.36	0.264794	36.195
23.35	23.36	0.264811	36.295
23.35	23.36	0.264827	36.395
23.35	23.37	0.264844	36.496
23.35	23.37	0.264861	36.595
23.35	23.37	0.264877	36.695
23.35	23.37	0.264894	36.795
23.35	23.37	0.264911	36.895
23.35	23.37	0.264927	36.995
23.35	23.37	0.264944	37.095
23.35	23.37	0.264961	37.195
23.35	23.37	0.264977	37.295
23.35	23.37	0.264994	37.395
23.35	23.38	0.265011	37.495
23.35	23.38	0.265027	37.595
23.35	23.38	0.265044	37.695
23.35	23.38	0.265061	37.795
23.35	23.38	0.265077	37.895
23.35	23.38	0.265094	37.995
23.35	23.38	0.265111	38.095
23.38	23.39	0.265127	38.195
23.38	23.39	0.265144	38.295
23.38	23.39	0.265161	38.395
23.38	23.39	0.265177	38.495
23.38	23.39	0.265194	38.595
23.38	23.40	0.265211	38.695
23.38	23.40	0.265227	38.795
23.40	23.40	0.265244	38.895
23.40	23.40	0.265261	38.996
23.40	23.41	0.265277	39.095
23.40	23.41	0.265294	39.195
23.40	23.41	0.265311	39.295
23.40	23.41	0.265327	39.395
23.40	23.42	0.265344	39.495
23.40	23.42	0.265360	39.595
23.40	23.42	0.265377	39.719
23.43	23.42	0.265394	39.824
23.43	23.43	0.265410	39.918
23.43	23.43	0.265427	40.018
23.43	23.43	0.265444	40.123
23.43	23.43	0.265460	40.217
23.43	23.44	0.265477	40.317
23.43	23.44	0.265494	40.421
23.43	23.44	0.265510	40.516
23.43	23.45	0.265527	40.615
23.45	23.45	0.265544	40.720
23.45	23.45	0.265560	40.815
23.45	23.46	0.265577	40.916
23.45	23.46	0.265594	41.019
23.45	23.46	0.265610	41.113
23.45	23.47	0.265627	41.216
23.45	23.47	0.265644	41.317
23.45	23.47	0.265660	41.412
23.45	23.48	0.265677	41.515
23.45	23.48	0.265694	41.616
23.48	23.48	0.265710	41.711
23.48	23.49	0.265727	41.815
23.48	23.49	0.265744	41.915
23.48	23.49	0.265760	42.009
23.48	23.50	0.265777	42.114
23.48	23.50	0.265794	42.213
23.48	23.50	0.265810	42.308
23.48	23.51	0.265827	42.412
23.50	23.51	0.265844	42.507
23.50	23.51	0.265860	42.607
23.50	23.52	0.265877	42.711
23.50	23.52	0.265894	42.806
23.50	23.52	0.265910	42.904
23.50	23.53	0.265927	43.009
23.53	23.53	0.265944	43.104
23.53	23.53	0.265960	43.203
23.53	23.54	0.265977	43.309
23.53	23.54	0.265994	43.402
23.53	23.55	0.266010	43.502
23.53	23.55	0.266027	43.606
23.56	23.55	0.266044	43.701
23.56	23.56	0.266060	43.800
23.56	23.56	0.266077	43.905
23.56	23.56	0.266094	44.000
23.56	23.57	0.266110	44.099
23.56	23.57	0.266127	44.204
23.58	23.57	0.266144	44.298
23.58	23.58	0.266160	44.398
23.58	23.58	0.266177	44.502
23.58	23.58	0.266193	44.597
23.58	23.59	0.266210	44.698
23.58	23.59	0.266227	44.802
23.58	23.59	0.266243	44.896
23.61	23.59	0.266260	44.998
23.61	23.60	0.266277	45.100
23.61	23.60	0.266293	45.196
23.61	23.60	0.266310	45.298
23.61	23.61	0.266327	45.399
23.61	23.61	0.266343	45.496
23.61	23.61	0.266360	45.597
23.61	23.62	0.266377	45.697
23.61	23.62	0.266393	45.796
23.61	23.62	0.266410	45.896
23.63	23.62	0.266427	45.996
23.63	23.63	0.266443	46.096
23.63	23.63	0.266460	46.196
23.63	23.63	0.266477	46.296
23.63	23.63	0.266493	46.396
23.63	23.64	0.266510	46.496
23.63	23.64	0.266527	46.596
23.63	23.64	0.266543	46.696
23.63	23.64	0.266560	46.796
23.66	23.65	0.266577	46.896
23.66	23.65	0.266593	46.996
23.66	23.65	0.266610	47.096
23.66	23.65	0.266627	47.196
23.66	23.65	0.266643	47.297
23.66	23.66	0.266660	47.396
23.66	23.66	0.266677	47.496
23.66	23.66	0.266693	47.596
23.66	23.66	0.266710	47.696
23.66	23.66	0.266727	47.796
23.66	23.66	0.266743	47.896
23.66	23.66	0.266760	47.996
23.68	23.67	0.266777	48.096
23.68	23.67	0.266793	48.196
23.68	23.67	0.266810	48.296
23.68	23.67	0.266827	48.396
23.68	23.67	0.266843	48.496
23.68	23.67	0.266860	48.596
23.68	23.67	0.266877	48.696
23.68	23.67	0.266893	48.796
23.68	23.68	0.266910	48.897
23.68	23.68	0.266927	48.996
23.68	23.68	0.266943	49.096
23.68	23.68	0.266960	49.196
23.68	23.68	0.266977	49.296
23.68	23.68	0.266993	49.396
23.68	23.68	0.267010	49.496
23.68	23.68	0.267026	49.596
23.68	23.68	0.267043	49.696
23.68	23.68	0.267060	49.796
23.68	23.68	0.267076	49.896
23.68	23.68	0.267093	49.996
23.68	23.68	0.267110	50.096
23.71	23.68	0.267126	50.197
23.71	23.68	0.267143	50.296
23.71	23.68	0.267160	50.396
23.71	23.68	0.267176	50.497
23.71	23.68	0.267193	50.625
23.71	23.68	0.267210	50.720
23.71	23.68	0.267226	50.796
23.71	23.68	0.267243	50.924
23.71	23.68	0.267260	51.018
23.71	23.68	0.267276	51.097
23.71	23.68	0.267293	51.222
23.68	23.68	0.267310	51.317
23.68	23.68	0.267326	51.422
23.68	23.67	0.267343	51.521
23.68	23.67	0.267360	51.616
23.68	23.67	0.267376	51.720
23.68	23.67	0.267393	51.820
23.68	23.67	0.267410	51.914
23.68	23.67	0.267426	52.019
23.68	23.67	0.267443	52.118
23.68	23.67	0.267460	52.213
23.68	23.67	0.267476	52.318
23.68	23.67	0.267493	52.412
23.68	23.66	0.267510	52.512
23.68	23.66	0.267526	52.616
23.68	23.66	0.267543	52.710
23.66	23.66	0.267560	52.809
23.66	23.66	0.267576	52.914
23.66	23.66	0.267593	53.009
23.66	23.66	0.267610	53.108
23.66	23.65	0.267626	53.214
23.66	23.65	0.267643	53.307
23.66	23.65	0.267660	53.407
23.66	23.65	0.267676	53.511
23.66	23.65	0.267693	53.606
23.66	23.65	0.267710	53.706
23.66	23.64	0.267726	53.810
23.66	23.64	0.267743	53.905
23.66	23.64	0.267760	54.004
23.66	23.64	0.267776	54.109
23.66	23.64	0.267793	54.203
23.63	23.64	0.267810	54.304
23.63	23.63	0.267826	54.407
23.63	23.63	0.267843	54.502
23.63	23.63	0.267859	54.604
23.63	23.63	0.267876	54.706
23.63	23.63	0.267893	54.801
23.63	23.63	0.267909	54.903
23.63	23.62	0.267926	55.005
23.63	23.62	0.267943	55.099
23.63	23.62	0.267959	55.204
23.63	23.62	0.267976	55.303
23.63	23.62	0.267993	55.398
23.63	23.62	0.268009	55.503
23.63	23.61	0.268026	55.602
23.61	23.61	0.268043	55.698
23.61	23.61	0.268059	55.801
23.61	23.61	0.268076	55.901
23.61	23.61	0.268093	55.998
23.61	23.61	0.268109	56.100
23.61	23.60	0.268126	56.200
23.61	23.60	0.268143	56.298
23.61	23.60	0.268159	56.399
23.61	23.60	0.268176	56.500
23.61	23.60	0.268193	56.598
23.61	23.60	0.268209	56.698
23.61	23.60	0.268226	56.800
23.61	23.59	0.268243	56.898
23.61	23.59	0.268259	56.998
23.58	23.59	0.268276	57.101
23.58	23.59	0.268293	57.198
23.58	23.59	0.268309	57.298
23.58	23.59	0.268326	57.400
23.58	23.59	0.268343	57.498
23.58	23.59	0.268359	57.598
23.58	23.58	0.268376	57.701
23.58	23.58	0.268393	57.799
23.58	23.58	0.268409	57.898
23.58	23.58	0.268426	58.001
23.58	23.58	0.268443	58.098
23.58	23.58	0.268459	58.198
23.58	23.58	0.268476	58.301
23.58	23.58	0.268493	58.398
23.58	23.58	0.268509	58.498
23.58	23.58	0.268526	58.601
23.58	23.58	0.268543	58.699
23.58	23.58	0.268559	58.798
23.58	23.58	0.268576	58.902
23.58	23.58	0.268593	58.998
23.58	23.58	0.268609	59.098
23.56	23.58	0.268626	59.201
23.56	23.58	0.268643	59.298
23.56	23.58	0.268659	59.399
23.56	23.58	0.268676	59.502
23.56	23.58	0.268692	59.599
23.56	23.58	0.268709	59.699
23.56	23.58	0.268726	59.802
23.56	23.58	0.268742	59.899
23.56	23.58	0.268759	59.999
23.56	23.58	0.268776	00.102
23.56	23.58	0.268792	00.199
23.56	23.58	0.268809	00.299
23.58	23.58	0.268826	00.402
23.58	23.58	0.268842	00.499
23.58	23.58	0.268859	00.599
23.58	23.58	0.268876	00.703
23.58	23.58	0.268892	00.798
23.58	23.58	0.268909	00.923
23.58	23.58	0.268926	01.002
23.58	23.58	0.268942	01.127
23.58	23.58	0.268959	01.221
23.58	23.59	0.268976	01.326
23.58	23.59	0.268992	01.426
23.58	23.59	0.269009	01.520
23.58	23.59	0.269026	01.625
23.58	23.59	0.269042	01.724
23.58	23.59	0.269059	01.819
23.58	23.59	0.269076	01.923
23.58	23.60	0.269092	02.018
23.58	23.60	0.269109	02.118
23.58	23.60	0.269126	02.223
23.58	23.60	0.269142	02.317
23.61	23.60	0.269159	02.417
23.61	23.61	0.269176	02.521
23.61	23.61	0.269192	02.616
23.61	23.61	0.269209	02.715
23.61	23.61	0.269226	02.820
23.61	23.61	0.269242	02.914
23.61	23.62	0.269259	03.014
23.61	23.62	0.269276	03.118
23.61	23.62	0.269292	03.212
23.61	23.62	0.269309	03.312
23.61	23.63	0.269326	03.416
23.61	23.63	0.269342	03.511
23.61	23.63	0.269359	03.610
23.61	23.63	0.269376	03.715
23.61	23.64	0.269392	03.810
23.61	23.64	0.269409	03.909
23.61	23.64	0.269426	04.014
23.63	23.65	0.269442	04.108
23.63	23.65	0.269459	04.209
23.63	23.65	0.269476	04.312
23.63	23.65	0.269492	04.407
23.63	23.66	0.269509	04.510
23.63	23.66	0.269525	04.611
23.63	23.66	0.269542	04.706
23.66	23.67	0.269559	04.810
23.66	23.67	0.269575	04.910
23.66	23.67	0.269592	05.005
23.66	23.68	0.269609	05.109
23.66	23.68	0.269625	05.208
23.66	23.68	0.269642	05.303
23.68	23.69	0.269659	05.408
23.68	23.69	0.269675	05.507
23.68	23.69	0.269692	05.602
23.68	23.70	0.269709	05.706
23.68	23.70	0.269725	05.805
23.71	23.70	0.269742	05.902
23.71	23.71	0.269759	06.005
23.71	23.71	0.269775	06.106
23.71	23.71	0.269792	06.203
23.71	23.72	0.269809	06.303
23.71	23.72	0.269825	06.406
23.74	23.72	0.269842	06.503
23.74	23.73	0.269859	06.603
23.74	23.73	0.269875	06.706
23.74	23.73	0.269892	06.803
23.74	23.74	0.269909	06.904
23.74	23.74	0.269925	07.006
23.74	23.74	0.269942	07.103
23.74	23.75	0.269959	07.203
23.74	23.75	0.269975	07.307
23.76	23.76	0.269992	07.403
23.76	23.76	0.270009	07.503
23.76	23.76	0.270025	07.606
23.76	23.77	0.270042	07.704
23.76	23.77	0.270059	07.804
23.76	23.77	0.270075	07.907
23.76	23.78	0.270092	08.004
23.76	23.78	0.270109	08.104
23.76	23.78	0.270125	08.207
23.76	23.79	0.270142	08.304
23.79	23.79	0.270159	08.404
23.79	23.79	0.270175	08.508
23.79	23.80	0.270192	08.604
23.79	23.80	0.270209	08.704
23.79	23.80	0.270225	08.807
23.79	23.81	0.270242	08.904
23.79	23.81	0.270259	09.004
23.81	23.81	0.270275	09.108
23.81	23.81	0.270292	09.204
23.81	23.82	0.270309	09.304
23.81	23.82	0.270325	09.408
23.81	23.82	0.270342	09.504
23.81	23.83	0.270358	09.604
23.84	23.83	0.270375	09.708
23.84	23.83	0.270392	09.804
23.84	23.83	0.270408	09.904
23.84	23.84	0.270425	10.008
23.84	23.84	0.270442	10.105
23.84	23.84	0.270458	10.204
23.84	23.84	0.270475	10.309
23.86	23.85	0.270492	10.404
23.86	23.85	0.270508	10.504
23.86	23.85	0.270525	10.608
23.86	23.85	0.270542	10.704
23.86	23.86	0.270558	10.828
23.86	23.86	0.270575	10.933
23.86	23.86	0.270592	11.032
23.86	23.86	0.270608	11.127
23.86	23.86	0.270625	11.232
23.86	23.87	0.270642	11.331
23.86	23.87	0.270658	11.426
23.86	23.87	0.270675	11.530
23.89	23.87	0.270692	11.630
23.89	23.87	0.270708	11.724
23.89	23.88	0.270725	11.829
23.89	23.88	0.270742	11.923
23.89	23.88	0.270758	12.023
23.89	23.88	0.270775	12.128
23.89	23.88	0.270792	12.222
23.89	23.88	0.270808	12.322
23.89	23.88	0.270825	12.426
23.89	23.88	0.270842	12.521
23.89	23.89	0.270858	12.620
23.89	23.89	0.270875	12.725
23.89	23.89	0.270892	12.819
23.89	23.89	0.270908	12.919
23.89	23.89	0.270925	13.023
23.89	23.89	0.270942	13.118
23.92	23.89	0.270958	13.217
23.92	23.89	0.270975	13.322
23.92	23.89	0.270992	13.416
23.92	23.89	0.271008	13.516
23.92	23.89	0.271025	13.621
23.92	23.89	0.271042	13.715
23.92	23.89	0.271058	13.815
23.92	23.89	0.271075	13.919
23.92	23.89	0.271092	14.014
23.92	23.89	0.271108	14.115
23.92	23.89	0.271125	14.218
23.92	23.89	0.271142	14.313
23.89	23.89	0.271158	14.415
23.89	23.89	0.271175	14.517
23.89	23.89	0.271191	14.611
23.89	23.89	0.271208	14.716
23.89	23.89	0.271225	14.815
23.89	23.89	0.271241	14.910
23.89	23.89	0.271258	15.014
23.89	23.89	0.271275	15.114
23.89	23.89	0.271291	15.209
23.89	23.89	0.271308	15.313
23.89	23.89	0.271325	15.413
23.89	23.89	0.271341	15.506
23.89	23.89	0.271358	15.612
23.89	23.89	0.271375	15.705
23.89	23.88	0.271391	15.806
23.89	23.88	0.271408	15.911
23.89	23.88	0.271425	16.005
23.89	23.88	0.271441	16.105
23.89	23.88	0.271458	16.209
23.89	23.88	0.271475	16.305
23.89	23.88	0.271491	16.405
23.89	23.88	0.271508	16.507
23.89	23.88	0.271525	16.606
23.89	23.87	0.271541	16.706
23.86	23.87	0.271558	16.806
23.86	23.87	0.271575	16.906
23.86	23.87	0.271591	17.006
23.86	23.87	0.271608	17.106
23.86	23.87	0.271625	17.206
23.86	23.87	0.271641	17.306
23.86	23.86	0.271658	17.406
23.86	23.86	0.271675	17.506
23.86	23.86	0.271691	17.607
23.86	23.86	0.271708	17.706
23.86	23.86	0.271725	17.806
23.86	23.86	0.271741	17.906
23.86	23.85	0.271758	18.006
23.86	23.85	0.271775	18.106
23.86	23.85	0.271791	18.206
23.86	23.85	0.271808	18.306
23.86	23.85	0.271825	18.406
23.86	23.85	0.271841	18.506
23.86	23.84	0.271858	18.606
23.86	23.84	0.271875	18.706
23.86	23.84	0.271891	18.806
23.86	23.84	0.271908	18.906
23.86	23.84	0.271925	19.006
23.86	23.84	0.271941	19.106
23.86	23.83	0.271958	19.206
23.86	23.83	0.271975	19.306
23.86	23.83	0.271991	19.406
23.86	23.83	0.272008	19.506
23.86	23.83	0.272024	19.606
23.86	23.83	0.272041	19.706
23.84	23.82	0.272058	19.806
23.84	23.82	0.272074	19.906
23.84	23.82	0.272091	20.006
23.84	23.82	0.272108	20.106
23.84	23.82	0.272124	20.206
23.84	23.82	0.272141	20.306
23.81	23.81	0.272158	20.407
23.81	23.81	0.272174	20.506
23.81	23.81	0.272191	20.606
23.81	23.81	0.272208	20.706
23.81	23.81	0.272224	20.806
23.81	23.81	0.272241	20.906
23.81	23.81	0.272258	21.006
23.79	23.80	0.272274	21.106
23.79	23.80	0.272291	21.206
23.79	23.80	0.272308	21.306
23.79	23.80	0.272324	21.435
23.79	23.80	0.272341	21.535
23.79	23.80	0.272358	21.629
23.79	23.80	0.272374	21.734
23.79	23.80	0.272391	21.828
23.79	23.80	0.272408	21.928
23.79	23.80	0.272424	22.032
23.79	23.79	0.272441	22.127
23.79	23.79	0.272458	22.227
23.79	23.79	0.272474	22.331
23.79	23.79	0.272491	22.426
23.79	23.79	0.272508	22.525
23.79	23.79	0.272524	22.630
23.79	23.79	0.272541	22.724
23.76	23.79	0.272558	22.824
23.76	23.79	0.272574	22.928
23.76	23.79	0.272591	23.023
23.76	23.79	0.272608	23.123
23.76	23.79	0.272624	23.227
23.76	23.79	0.272641	23.322
23.76	23.79	0.272658	23.421
23.76	23.79	0.272674	23.526
23.79	23.79	0.272691	23.620
23.79	23.79	0.272708	23.721
23.79	23.79	0.272724	23.824
23.79	23.79	0.272741	23.919
23.79	23.79	0.272758	24.021
23.79	23.79	0.272774	24.123
23.79	23.79	0.272791	24.218
23.79	23.79	0.272808	24.321
23.79	23.79	0.272824	24.422
23.79	23.79	0.272841	24.516
23.79	23.79	0.272857	24.621
23.79	23.79	0.272874	24.721
23.79	23.79	0.272891	24.815
23.79	23.80	0.272907	24.919
23.79	23.80	0.272924	25.018
23.79	23.80	0.272941	25.114
23.79	23.80	0.272957	25.217
23.79	23.80	0.272974	25.317
23.79	23.80	0.272991	25.412
23.81	23.80	0.273007	25.517
23.81	23.80	0.273024	25.611
23.81	23.80	0.273041	25.710
23.81	23.81	0.273057	25.815
23.81	23.81	0.273074	25.909
23.81	23.81	0.273091	26.009
23.81	23.81	0.273107	26.113
23.81	23.81	0.273124	26.208
23.81	23.82	0.273141	26.308
23.81	23.82	0.273157	26.412
23.81	23.82	0.273174	26.507
23.81	23.82	0.273191	26.606
23.81	23.82	0.273207	26.711
23.81	23.83	0.273224	26.806
23.81	23.83	0.273241	26.906
23.81	23.83	0.273257	27.009
23.81	23.83	0.273274	27.106
23.81	23.83	0.273291	27.206
23.81	23.84	0.273307	27.308
23.81	23.84	0.273324	27.406
23.81	23.84	0.273341	27.506
23.81	23.84	0.273357	27.607
23.81	23.85	0.273374	27.706
23.84	23.85	0.273391	27.806
23.84	23.85	0.273407	27.907
23.84	23.86	0.273424	28.006
23.84	23.86	0.273441	28.105
23.84	23.86	0.273457	28.206
23.84	23.86	0.273474	28.306
23.84	23.87	0.273491	28.406
23.86	23.87	0.273507	28.506
23.86	23.87	0.273524	28.606
23.86	23.88	0.273541	28.706
23.86	23.88	0.273557	28.806
23.86	23.88	0.273574	28.906
23.86	23.89	0.273591	29.006
23.89	23.89	0.273607	29.106
23.89	23.89	0.273624	29.206
23.89	23.90	0.273641	29.306
23.89	23.90	0.273657	29.406
23.89	23.90	0.273674	29.506
23.89	23.91	0.273690	29.606
23.92	23.91	0.273707	29.706
23.92	23.91	0.273724	29.806
23.92	23.92	0.273740	29.906
23.92	23.92	0.273757	30.006
23.92	23.92	0.273774	30.106
23.92	23.93	0.273790	30.206
23.92	23.93	0.273807	30.306
23.92	23.93	0.273824	30.407
23.94	23.94	0.273840	30.506
23.94	23.94	0.273857	30.606
23.94	23.94	0.273874	30.706
23.94	23.95	0.273890	30.806
23.94	23.95	0.273907	30.906
23.94	23.95	0.273924	31.006
23.94	23.96	0.273940	31.106
23.94	23.96	0.273957	31.206
23.94	23.97	0.273974	31.306
23.94	23.97	0.273990	31.406
23.97	23.97	0.274007	31.506
23.97	23.98	0.274024	31.606
23.97	23.98	0.274040	31.706
23.97	23.98	0.274057	31.806
23.97	23.99	0.274074	31.906
23.97	23.99	0.274090	32.006
23.99	23.99	0.274107	32.106
23.99	24.00	0.274124	32.206
23.99	24.00	0.274140	32.306
23.99	24.00	0.274157	32.406
23.99	24.01	0.274174	32.535
23.99	24.01	0.274190	32.630
24.02	24.01	0.274207	32.729
24.02	24.02	0.274224	32.834
24.02	24.02	0.274240	32.928
24.02	24.02	0.274257	33.028
24.02	24.02	0.274274	33.133
24.02	24.03	0.274290	33.227
24.04	24.03	0.274307	33.327
24.04	24.03	0.274324	33.431
24.04	24.04	0.274340	33.526
24.04	24.04	0.274357	33.626
24.04	24.04	0.274374	33.729
24.04	24.04	0.274390	33.823
24.04	24.05	0.274407	33.926
24.04	24.05	0.274424	34.028
24.04	24.05	0.274440	34.122
24.07	24.06	0.274457	34.227
24.07	24.06	0.274474	34.326
24.07	24.06	0.274490	34.421
24.07	24.06	0.274507	34.525
24.07	24.07	0.274523	34.625
24.07	24.07	0.274540	34.720
24.07	24.07	0.274557	34.824
24.07	24.07	0.274573	34.924
24.07	24.07	0.274590	35.018
24.07	24.08	0.274607	35.123
24.09	24.08	0.274623	35.222
24.09	24.08	0.274640	35.317
24.09	24.08	0.274657	35.421
24.09	24.08	0.274673	35.516
24.09	24.09	0.274690	35.616
24.09	24.09	0.274707	35.720
24.09	24.09	0.274723	35.815
24.09	24.09	0.274740	35.914
24.09	24.09	0.274757	36.019
24.09	24.09	0.274773	36.113
24.09	24.09	0.274790	36.213
24.09	24.10	0.274807	36.318
24.09	24.10	0.274823	36.412
24.09	24.10	0.274840	36.512
24.12	24.10	0.274857	36.616
24.12	24.10	0.274873	36.711
24.12	24.10	0.274890	36.810
24.12	24.10	0.274907	36.915
24.12	24.10	0.274923	37.009
24.12	24.10	0.274940	37.109
24.12	24.10	0.274957	37.214
24.12	24.10	0.274973	37.309
24.12	24.10	0.274990	37.409
24.12	24.11	0.275007	37.512
24.12	24.11	0.275023	37.609
24.12	24.11	0.275040	37.709
24.12	24.11	0.275057	37.811
24.12	24.11	0.275073	37.910
24.12	24.11	0.275090	38.009
24.12	24.11	0.275107	38.110
24.12	24.11	0.275123	38.209
24.12	24.11	0.275140	38.309
24.12	24.11	0.275157	38.410
24.12	24.11	0.275173	38.510
24.12	24.11	0.275190	38.610
24.12	24.11	0.275207	38.710
24.12	24.11	0.275223	38.810
24.12	24.10	0.275240	38.910
24.12	24.10	0.275257	39.010
24.12	24.10	0.275273	39.110
24.12	24.10	0.275290	39.210
24.12	24.10	0.275307	39.311
24.12	24.10	0.275323	39.410
24.12	24.10	0.275340	39.510
24.12	24.10	0.275356	39.610
24.12	24.10	0.275373	39.710
24.12	24.10	0.275390	39.810
24.09	24.10	0.275406	39.910
24.09	24.10	0.275423	40.010
24.09	24.10	0.275440	40.112
24.09	24.09	0.275456	40.211
24.09	24.09	0.275473	40.311
24.09	24.09	0.275490	40.411
24.09	24.09	0.275506	40.511
24.09	24.09	0.275523	40.611
24.09	24.09	0.275540	40.711
24.09	24.09	0.275556	40.811
24.09	24.09	0.275573	40.911
24.09	24.08	0.275590	41.011
24.09	24.08	0.275606	41.111
24.09	24.08	0.275623	41.210
24.09	24.08	0.275640	41.311
24.09	24.08	0.275656	41.411
24.09	24.08	0.275673	41.511
24.09	24.07	0.275690	41.611
24.09	24.07	0.275706	41.712
24.09	24.07	0.275723	41.811
24.09	24.07	0.275740	41.911
24.09	24.07	0.275756	42.011
24.09	24.07	0.275773	42.111
24.07	24.06	0.275790	42.236
24.07	24.06	0.275806	42.311
24.07	24.06	0.275823	42.440
24.07	24.06	0.275840	42.534
24.07	24.06	0.275856	42.634
24.07	24.06	0.275873	42.739
24.07	24.05	0.275890	42.834
24.07	24.05	0.275906	42.933
24.07	24.05	0.275923	43.038
24.07	24.05	0.275940	43.132
24.07	24.05	0.275956	43.232
24.07	24.05	0.275973	43.336
24.04	24.04	0.275990	43.430
24.04	24.04	0.276006	43.533
24.04	24.04	0.276023	43.634
24.04	24.04	0.276040	43.729
24.04	24.04	0.276056	43.832
24.04	24.04	0.276073	43.933
24.04	24.03	0.276090	44.027
24.04	24.03	0.276106	44.132
24.04	24.03	0.276123	44.232
24.04	24.03	0.276140	44.326
24.04	24.03	0.276156	44.431
24.04	24.03	0.276173	44.530
24.02	24.02	0.276189	44.625
24.02	24.02	0.276206	44.729
24.02	24.02	0.276223	44.829
24.02	24.02	0.276239	44.923
24.02	24.02	0.276256	45.028
24.02	24.02	0.276273	45.123
24.02	24.02	0.276289	45.222
24.02	24.02	0.276306	45.327
24.02	24.01	0.276323	45.421
24.02	24.01	0.276339	45.521
24.02	24.01	0.276356	45.625
24.02	24.01	0.276373	45.720
24.02	24.01	0.276389	45.819
24.02	24.01	0.276406	45.924
24.02	24.01	0.276423	46.019
24.02	24.01	0.276439	46.118
23.99	24.01	0.276456	46.223
23.99	24.01	0.276473	46.317
23.99	24.01	0.276489	46.417
23.99	24.00	0.276506	46.521
23.99	24.00	0.276523	46.616
23.99	24.00	0.276539	46.715
23.99	24.00	0.276556	46.820
23.99	24.00	0.276573	46.915
23.99	24.00	0.276589	47.014
23.99	24.00	0.276606	47.119
23.99	24.00	0.276623	47.213
23.99	24.00	0.276639	47.314
23.99	24.00	0.276656	47.417
23.99	24.00	0.276673	47.512
23.99	24.00	0.276689	47.615
23.99	24.00	0.276706	47.716
23.99	24.00	0.276723	47.811
23.99	24.00	0.276739	47.914
23.99	24.00	0.276756	48.015
23.99	24.00	0.276773	48.111
23.99	24.00	0.276789	48.214
23.99	24.00	0.276806	48.313
23.99	24.00	0.276823	48.412
23.99	24.01	0.276839	48.513
23.99	24.01	0.276856	48.612
23.99	24.01	0.276873	48.712
23.99	24.01	0.276889	48.812
23.99	24.01	0.276906	48.912
23.99	24.01	0.276923	49.012
23.99	24.01	0.276939	49.112
23.99	24.01	0.276956	49.212
23.99	24.01	0.276973	49.312
23.99	24.01	0.276989	49.412
24.02	24.02	0.277006	49.512
24.02	24.02	0.277022	49.612
24.02	24.02	0.277039	49.712
24.02	24.02	0.277056	49.812
24.02	24.02	0.277072	49.912
24.02	24.02	0.277089	50.012
24.02	24.02	0.277106	50.113
24.02	24.03	0.277122	50.212
24.02	24.03	0.277139	50.312
24.02	24.03	0.277156	50.412
24.02	24.03	0.277172	50.512
24.02	24.03	0.277189	50.612
24.02	24.04	0.277206	50.712
24.02	24.04	0.277222	50.812
24.02	24.04	0.277239	50.912
24.02	24.04	0.277256	51.012
24.04	24.05	0.277272	51.112
24.04	24.05	0.277289	51.212
24.04	24.05	0.277306	51.312
24.04	24.05	0.277322	51.412
24.04	24.06	0.277339	51.512
24.04	24.06	0.277356	51.612
24.04	24.06	0.277372	51.712
24.04	24.06	0.277389	51.812
24.04	24.07	0.277406	51.913
24.07	24.07	0.277422	52.012
24.07	24.07	0.277439	52.112
24.07	24.07	0.277456	52.212
24.07	24.08	0.277472	52.312
24.07	24.08	0.277489	52.412
24.07	24.08	0.277506	52.513
24.07	24.09	0.277522	52.613
24.07	24.09	0.277539	52.712
24.09	24.09	0.277556	52.813
24.09	24.10	0.277572	52.912
24.09	24.10	0.277589	53.012
24.09	24.10	0.277606	53.113
24.09	24.11	0.277622	53.211
24.09	24.11	0.277639	53.335
24.09	24.11	0.277656	53.413
24.12	24.12	0.277672	53.539
24.12	24.12	0.277689	53.634
24.12	24.12	0.277706	53.714
24.12	24.13	0.277722	53.838
24.12	24.13	0.277739	53.933
24.12	24.13	0.277756	54.037
24.12	24.14	0.277772	54.137
24.15	24.14	0.277789	54.231
24.15	24.14	0.277806	54.336
24.15	24.15	0.277822	54.435
24.15	24.15	0.277839	54.530
24.15	24.15	0.277855	54.635
24.15	24.16	0.277872	54.734
24.15	24.16	0.277889	54.829
24.15	24.16	0.277905	54.933
24.15	24.17	0.277922	55.028
24.17	24.17	0.277939	55.127
24.17	24.17	0.277955	55.232
24.17	24.18	0.277972	55.327
24.17	24.18	0.277989	55.426
24.17	24.19	0.278005	55.531
24.17	24.19	0.278022	55.625
24.17	24.19	0.278039	55.725
24.17	24.20	0.278055	55.829
24.17	24.20	0.278072	55.924
24.20	24.20	0.278089	56.024
24.20	24.21	0.278105	56.128
24.20	24.21	0.278122	56.223
24.20	24.21	0.278139	56.322
24.20	24.22	0.278155	56.427
24.20	24.22	0.278172	56.521
24.22	24.22	0.278189	56.621
24.22	24.23	0.278205	56.725
24.22	24.23	0.278222	56.820
24.22	24.23	0.278239	56.920
24.22	24.23	0.278255	57.023
24.25	24.24	0.278272	57.119
24.25	24.24	0.278289	57.220
24.25	24.24	0.278305	57.323
24.25	24.25	0.278322	57.417
24.25	24.25	0.278339	57.520
24.25	24.25	0.278355	57.620
24.25	24.26	0.278372	57.715
24.27	24.26	0.278389	57.821
24.27	24.26	0.278405	57.919
24.27	24.26	0.278422	58.014
24.27	24.27	0.278439	58.118
24.27	24.27	0.278455	58.218
24.27	24.27	0.278472	58.313
24.27	24.27	0.278489	58.417
24.27	24.28	0.278505	58.517
24.27	24.28	0.278522	58.613
24.27	24.28	0.278539	58.716
24.27	24.28	0.278555	58.816
24.27	24.29	0.278572	58.913
24.30	24.29	0.278589	59.014
24.30	24.29	0.278605	59.116
24.30	24.29	0.278622	59.213
24.30	24.29	0.278639	59.313
24.30	24.30	0.278655	59.417
24.30	24.30	0.278672	59.513
24.30	24.30	0.278688	59.613
24.30	24.30	0.278705	59.716
24.30	24.30	0.278722	59.813
24.30	24.30	0.278738	59.914
24.30	24.30	0.278755	00.017
24.33	24.31	0.278772	00.113
24.33	24.31	0.278788	00.213
24.33	24.31	0.278805	00.317
24.33	24.31	0.278822	00.413
24.33	24.31	0.278838	00.513
24.33	24.31	0.278855	00.617
24.33	24.31	0.278872	00.713
24.33	24.31	0.278888	00.813
24.33	24.32	0.278905	00.917
24.33	24.32	0.278922	01.013
24.33	24.32	0.278938	01.113
24.33	24.32	0.278955	01.218
24.33	24.32	0.278972	01.313
24.33	24.32	0.278988	01.413
24.33	24.32	0.279005	01.518
24.33	24.32	0.279022	01.613
24.33	24.32	0.279038	01.713
24.33	24.32	0.279055	01.813
24.33	24.32	0.279072	01.913
24.33	24.32	0.279088	02.013
24.33	24.32	0.279105	02.113
24.33	24.32	0.279122	02.213
24.33	24.32	0.279138	02.313
24.33	24.32	0.279155	02.413
24.33	24.32	0.279172	02.513
24.33	24.32	0.279188	02.613
24.33	24.32	0.279205	02.713
24.33	24.32	0.279222	02.813
24.33	24.32	0.279238	02.913
24.33	24.32	0.279255	03.013
24.33	24.32	0.279272	03.113
24.33	24.32	0.279288	03.214
24.33	24.32	0.279305	03.313
24.33	24.32	0.279322	03.413
24.33	24.31	0.279338	03.513
24.30	24.31	0.279355	03.613
24.30	24.31	0.279372	03.713
24.30	24.31	0.279388	03.813
24.30	24.31	0.279405	03.942
24.30	24.31	0.279422	04.042
24.30	24.31	0.279438	04.136
24.30	24.31	0.279455	04.242
24.30	24.31	0.279472	04.341
24.30	24.31	0.279488	04.435
24.30	24.30	0.279505	04.540
24.33	24.30	0.279521	04.635
24.33	24.30	0.279538	04.734
24.33	24.30	0.279555	04.839
24.33	24.30	0.279571	04.934
24.33	24.30	0.279588	05.032
24.33	24.30	0.279605	05.138
24.33	24.29	0.279621	05.232
24.33	24.29	0.279638	05.331
24.30	24.29	0.279655	05.435
24.30	24.29	0.279671	05.530
24.30	24.29	0.279688	05.629
24.30	24.29	0.279705	05.734
24.30	24.28	0.279721	05.829
24.30	24.28	0.279738	05.928
24.30	24.28	0.279755	06.033
24.30	24.28	0.279771	06.127
24.30	24.28	0.279788	06.227
24.27	24.28	0.279805	06.331
24.27	24.27	0.279821	06.426
24.27	24.27	0.279838	06.526
24.27	24.27	0.279855	06.630
24.27	24.27	0.279871	06.725
24.27	24.27	0.279888	06.825
24.27	24.27	0.279905	06.929
24.27	24.26	0.279921	07.023
24.27	24.26	0.279938	07.126
24.27	24.26	0.279955	07.227
24.27	24.26	0.279971	07.322
24.27	24.26	0.279988	07.426
24.27	24.26	0.280005	07.526
24.27	24.25	0.280021	07.621
24.27	24.25	0.280038	07.725
24.25	24.25	0.280055	07.825
24.25	24.25	0.280071	07.919
24.25	24.25	0.280088	08.024
24.25	24.25	0.280105	08.124
24.25	24.24	0.280121	08.218
24.25	24.24	0.280138	08.323
24.25	24.24	0.280155	08.422
24.25	24.24	0.280171	08.517
24.25	24.24	0.280188	08.621
24.25	24.24	0.280205	08.716
24.25	24.24	0.280221	08.815
24.25	24.23	0.280238	08.920
24.22	24.23	0.280255	09.015
24.22	24.23	0.280271	09.114
24.22	24.23	0.280288	09.219
24.22	24.23	0.280305	09.313
24.22	24.23	0.280321	09.413
24.22	24.23	0.280338	09.517
24.22	24.23	0.280354	09.613
24.22	24.22	0.280371	09.714
24.22	24.22	0.280388	09.816
24.22	24.22	0.280404	09.913
24.22	24.22	0.280421	10.013
24.22	24.22	0.280438	10.115
24.22	24.22	0.280454	10.213
24.22	24.22	0.280471	10.313
24.22	24.22	0.280488	10.413
24.22	24.22	0.280504	10.513
24.22	24.22	0.280521	10.614
24.22	24.22	0.280538	10.713
24.22	24.22	0.280554	10.813
24.22	24.22	0.280571	10.913
24.22	24.22	0.280588	11.013
24.22	24.22	0.280604	11.113
24.22	24.22	0.280621	11.213
24.22	24.22	0.280638	11.313
24.20	24.22	0.280654	11.413
24.20	24.22	0.280671	11.513
24.20	24.22	0.280688	11.613
24.20	24.22	0.280704	11.713
24.20	24.22	0.280721	11.813
24.20	24.22	0.280738	11.913
24.20	24.22	0.280754	12.013
24.20	24.22	0.280771	12.113
24.20	24.22	0.280788	12.215
24.20	24.22	0.280804	12.314
24.22	24.22	0.280821	12.414
24.22	24.22	0.280838	12.514
24.22	24.22	0.280854	12.614
24.22	24.22	0.280871	12.714
24.22	24.22	0.280888	12.814
24.22	24.22	0.280904	12.914
24.22	24.22	0.280921	13.014
24.22	24.22	0.280938	13.114
24.22	24.22	0.280954	13.214
24.22	24.23	0.280971	13.314
24.22	24.23	0.280988	13.414
24.22	24.23	0.281004	13.514
24.22	24.23	0.281021	13.614
24.22	24.23	0.281038	13.714
24.22	24.23	0.281054	13.814
24.22	24.23	0.281071	13.914
24.22	24.24	0.281088	14.014
24.22	24.24	0.281104	14.114
24.22	24.24	0.281121	14.214
24.22	24.24	0.281138	14.314
24.22	24.24	0.281154	14.414
24.22	24.25	0.281171	14.514
24.22	24.25	0.281187	14.614
24.25	24.25	0.281204	14.743
24.25	24.25	0.281221	14.814
24.25	24.25	0.281237	14.938
24.25	24.26	0.281254	15.043
24.25	24.26	0.281271	15.136
24.25	24.26	0.281287	15.237
24.25	24.26	0.281304	15.340
24.25	24.27	0.281321	15.435
24.25	24.27	0.281337	15.535
24.25	24.27	0.281354	15.639
24.27	24.27	0.281371	15.734
24.27	24.28	0.281387	15.833
24.27	24.28	0.281404	15.938
24.27	24.28	0.281421	16.032
24.27	24.29	0.281437	16.132
24.27	24.29	0.281454	16.236
24.27	24.29	0.281471	16.331
24.27	24.29	0.281487	16.431
24.27	24.30	0.281504	16.535
24.27	24.30	0.281521	16.630
24.30	24.30	0.281537	16.731
24.30	24.31	0.281554	16.834
24.30	24.31	0.281571	16.928
24.30	24.31	0.281587	17.032
24.30	24.32	0.281604	17.132
24.30	24.32	0.281621	17.227
24.30	24.32	0.281637	17.332
24.33	24.33	0.281654	17.431
24.33	24.33	0.281671	17.526
24.33	24.33	0.281687	17.630
24.33	24.34	0.281704	17.730
24.33	24.34	0.281721	17.824
24.33	24.34	0.281737	17.929
24.33	24.35	0.281754	18.028
24.35	24.35	0.281771	18.123
24.35	24.35	0.281787	18.228
24.35	24.36	0.281804	18.322
24.35	24.36	0.281821	18.422
24.35	24.36	0.281837	18.526
24.35	24.37	0.281854	18.621
24.35	24.37	0.281871	18.720
24.35	24.37	0.281887	18.825
24.38	24.38	0.281904	18.920
24.38	24.38	0.281921	19.019
24.38	24.38	0.281937	19.124
24.38	24.39	0.281954	19.218
24.38	24.39	0.281971	19.318
24.38	24.40	0.281987	19.422
24.38	24.40	0.282004	19.516
24.38	24.40	0.282020	19.616
24.40	24.41	0.282037	19.721
24.40	24.41	0.282054	19.815
24.40	24.41	0.282070	19.915
24.40	24.42	0.282087	20.019
24.40	24.42	0.282104	20.115
24.40	24.42	0.282120	20.215
24.40	24.43	0.282137	20.318
24.43	24.43	0.282154	20.415
24.43	24.43	0.282170	20.515
24.43	24.44	0.282187	20.617
24.43	24.44	0.282204	20.715
24.43	24.44	0.282220	20.815
24.43	24.45	0.282237	20.915
24.45	24.45	0.282254	21.015
24.45	24.45	0.282270	21.115
24.45	24.45	0.282287	21.215
24.45	24.46	0.282304	21.316
24.45	24.46	0.282320	21.415
24.48	24.46	0.282337	21.515
24.48	24.47	0.282354	21.615
24.48	24.47	0.282370	21.715
24.48	24.47	0.282387	21.815
24.48	24.47	0.282404	21.915
24.48	24.48	0.282420	22.015
24.48	24.48	0.282437	22.115
24.48	24.48	0.282454	22.216
24.50	24.48	0.282470	22.315
24.50	24.49	0.282487	22.415
24.50	24.49	0.282504	22.515
24.50	24.49	0.282520	22.615
24.50	24.49	0.282537	22.715
24.50	24.50	0.282554	22.815
24.50	24.50	0.282570	22.915
24.50	24.50	0.282587	23.015
24.50	24.50	0.282604	23.115
24.50	24.50	0.282620	23.215
24.50	24.51	0.282637	23.315
24.50	24.51	0.282654	23.415
24.50	24.51	0.282670	23.515
24.53	24.51	0.282687	23.614
24.53	24.51	0.282704	23.715
24.53	24.52	0.282720	23.816
24.53	24.52	0.282737	23.915
24.53	24.52	0.282754	24.015
24.53	24.52	0.282770	24.115
24.53	24.52	0.282787	24.215
24.53	24.52	0.282804	24.315
24.53	24.52	0.282820	24.415
24.53	24.52	0.282837	24.515
24.53	24.53	0.282853	24.615
24.53	24.53	0.282870	24.715
24.53	24.53	0.282887	24.815
24.53	24.53	0.282903	24.915
24.53	24.53	0.282920	25.015
24.53	24.53	0.282937	25.115
24.56	24.53	0.282953	25.215
24.56	24.53	0.282970	25.315
24.56	24.53	0.282987	25.416
24.56	24.53	0.283003	25.515
24.56	24.53	0.283020	25.615
24.56	24.53	0.283037	25.739
24.56	24.53	0.283053	25.844
24.56	24.53	0.283070	25.938
24.56	24.53	0.283087	26.038
24.56	24.53	0.283103	26.142
24.53	24.53	0.283120	26.237
24.53	24.53	0.283137	26.337
24.53	24.53	0.283153	26.441
24.53	24.53	0.283170	26.535
24.53	24.53	0.283187	26.637
24.53	24.53	0.283203	26.739
24.53	24.53	0.283220	26.833
24.53	24.53	0.283237	26.937
24.53	24.53	0.283253	27.037
24.53	24.53	0.283270	27.132
24.53	24.53	0.283287	27.237
24.53	24.53	0.283303	27.336
24.53	24.53	0.283320	27.431
24.53	24.53	0.283337	27.535
24.53	24.53	0.283353	27.635
24.53	24.53	0.283370	27.729
24.53	24.52	0.283387	27.834
24.53	24.52	0.283403	27.933
24.53	24.52	0.283420	28.028
24.53	24.52	0.283437	28.133
24.53	24.52	0.283453	28.227
24.53	24.52	0.283470	28.327
24.53	24.52	0.283487	28.431
24.53	24.52	0.283503	28.526
24.53	24.52	0.283520	28.626
24.53	24.51	0.283537	28.730
24.53	24.51	0.283553	28.825
24.50	24.51	0.283570	28.924
24.50	24.51	0.283587	29.029
24.50	24.51	0.283603	29.123
24.50	24.51	0.283620	29.223
24.50	24.51	0.283637	29.327
24.50	24.50	0.283653	29.422
24.50	24.50	0.283670	29.522
24.50	24.50	0.283686	29.626
24.50	24.50	0.283703	29.721
24.50	24.50	0.283720	29.820
24.50	24.50	0.283736	29.925
24.50	24.49	0.283753	30.019
24.50	24.49	0.283770	30.119
24.50	24.49	0.283786	30.223
24.50	24.49	0.283803	30.318
24.50	24.49	0.283820	30.420
24.50	24.49	0.283836	30.522
24.50	24.48	0.283853	30.617
24.50	24.48	0.283870	30.719
24.50	24.48	0.283886	30.821
24.50	24.48	0.283903	30.915
24.50	24.48	0.283920	31.020
24.50	24.48	0.283936	31.120
24.50	24.47	0.283953	31.215
24.50	24.47	0.283970	31.319
24.50	24.47	0.283986	31.418
24.50	24.47	0.284003	31.515
24.50	24.47	0.284020	31.617
24.48	24.47	0.284036	31.717
24.48	24.46	0.284053	31.815
24.48	24.46	0.284070	31.916
24.48	24.46	0.284086	32.016
24.48	24.46	0.284103	32.115
24.48	24.46	0.284120	32.215
24.48	24.46	0.284136	32.316
24.45	24.45	0.284153	32.415
24.45	24.45	0.284170	32.515
24.45	24.45	0.284186	32.616
24.45	24.45	0.284203	32.716
24.45	24.45	0.284220	32.815
24.45	24.45	0.284236	32.917
24.45	24.45	0.284253	33.015
24.45	24.44	0.284270	33.115
24.45	24.44	0.284286	33.216
24.43	24.44	0.284303	33.315
24.43	24.44	0.284320	33.416
24.43	24.44	0.284336	33.517
24.43	24.44	0.284353	33.615
24.43	24.44	0.284370	33.715
24.43	24.44	0.284386	33.817
24.43	24.44	0.284403	33.915
24.43	24.44	0.284420	34.015
24.43	24.43	0.284436	34.117
24.43	24.43	0.284453	34.216
24.43	24.43	0.284470	34.317
24.43	24.43	0.284486	34.417
24.43	24.43	0.284503	34.516
24.43	24.43	0.284519	34.616
24.43	24.43	0.284536	34.718
24.43	24.43	0.284553	34.816
24.43	24.43	0.284569	34.916
24.43	24.43	0.284586	35.017
24.43	24.43	0.284603	35.116
24.40	24.43	0.284619	35.216
24.40	24.43	0.284636	35.318
24.40	24.43	0.284653	35.416
24.40	24.43	0.284669	35.516
24.40	24.43	0.284686	35.618
24.40	24.43	0.284703	35.716
24.40	24.43	0.284719	35.816
24.40	24.43	0.284736	35.918
24.40	24.43	0.284753	36.016
24.43	24.43	0.284769	36.116
24.43	24.43	0.284786	36.218
24.43	24.43	0.284803	36.316
24.43	24.43	0.284819	36.440
24.43	24.43	0.284836	36.518
24.43	24.43	0.284853	36.644
24.43	24.43	0.284869	36.739
24.43	24.43	0.284886	36.819
24.43	24.44	0.284903	36.943
24.43	24.44	0.284919	37.038
24.43	24.44	0.284936	37.142
24.43	24.44	0.284953	37.242
24.43	24.44	0.284969	37.336
24.43	24.44	0.284986	37.441
24.43	24.44	0.285003	37.540
24.43	24.44	0.285019	37.635
24.43	24.44	0.285036	37.739
24.45	24.45	0.285053	37.834
24.45	24.45	0.285069	37.934
24.45	24.45	0.285086	38.038
24.45	24.45	0.285103	38.133
24.45	24.45	0.285119	38.232
24.45	24.46	0.285136	38.337
24.45	24.46	0.285153	38.431
24.45	24.46	0.285169	38.531
24.45	24.46	0.285186	38.635
24.45	24.46	0.285203	38.729
24.45	24.47	0.285219	38.830
24.45	24.47	0.285236	38.933
24.45	24.47	0.285253	39.028
24.45	24.47	0.285269	39.128
24.45	24.47	0.285286	39.232
24.48	24.48	0.285303	39.327
24.48	24.48	0.285319	39.427
24.48	24.48	0.285336	39.531
24.48	24.48	0.285352	39.625
24.48	24.49	0.285369	39.725
24.48	24.49	0.285386	39.829
24.48	24.49	0.285402	39.924
24.48	24.50	0.285419	40.025
24.48	24.50	0.285436	40.128
24.48	24.50	0.285452	40.223
24.48	24.50	0.285469	40.325
24.50	24.51	0.285486	40.427
24.50	24.51	0.285502	40.521
24.50	24.51	0.285519	40.625
24.50	24.52	0.285536	40.725
24.50	24.52	0.285552	40.820
24.50	24.52	0.285569	40.925
24.50	24.53	0.285586	41.024
24.50	24.53	0.285602	41.119
24.50	24.53	0.285619	41.223
24.53	24.54	0.285636	41.323
24.53	24.54	0.285652	41.417
24.53	24.54	0.285669	41.522
24.53	24.55	0.285686	41.621
24.53	24.55	0.285702	41.717
24.53	24.55	0.285719	41.820
24.56	24.56	0.285736	41.917
24.56	24.56	0.285752	42.017
24.56	24.56	0.285769	42.120
24.56	24.57	0.285786	42.221
24.56	24.57	0.285802	42.317
24.56	24.57	0.285819	42.417
24.56	24.58	0.285836	42.517
24.58	24.58	0.285852	42.617
24.58	24.58	0.285869	42.717
24.58	24.59	0.285886	42.817
24.58	24.59	0.285902	42.917
24.58	24.59	0.285919	43.017
24.58	24.60	0.285936	43.117
24.58	24.60	0.285952	43.217
24.58	24.61	0.285969	43.317
24.61	24.61	0.285986	43.417
24.61	24.61	0.286002	43.517
24.61	24.62	0.286019	43.617
24.61	24.62	0.286036	43.717
24.61	24.62	0.286052	43.817
24.61	24.63	0.286069	43.917
24.61	24.63	0.286086	44.017
24.63	24.63	0.286102	44.117
24.63	24.64	0.286119	44.217
24.63	24.64	0.286136	44.317
24.63	24.64	0.286152	44.417
24.63	24.65	0.286169	44.518
24.63	24.65	0.286185	44.617
24.66	24.65	0.286202	44.717
24.66	24.66	0.286219	44.817
24.66	24.66	0.286235	44.917
24.66	24.66	0.286252	45.017
24.66	24.66	0.286269	45.117
24.66	24.67	0.286285	45.217
24.66	24.67	0.286302	45.317
24.69	24.67	0.286319	45.417
24.69	24.68	0.286335	45.517
24.69	24.68	0.286352	45.617
24.69	24.68	0.286369	45.717
24.69	24.68	0.286385	45.817
24.69	24.69	0.286402	45.917
24.69	24.69	0.286419	46.017
24.69	24.69	0.286435	46.118
24.69	24.70	0.286452	46.217
24.71	24.70	0.286469	46.317
24.71	24.70	0.286485	46.417
24.71	24.70	0.286502	46.517
24.71	24.71	0.286519	46.617
24.71	24.71	0.286535	46.717
24.71	24.71	0.286552	46.817
24.71	24.71	0.286569	46.917
24.71	24.71	0.286585	47.018
24.71	24.72	0.286602	47.117
24.71	24.72	0.286619	47.217
24.71	24.72	0.286635	47.346
24.71	24.72	0.286652	47.446
24.74	24.72	0.286669	47.540
24.74	24.73	0.286685	47.645
24.74	24.73	0.286702	47.739
24.74	24.73	0.286719	47.839
24.74	24.73	0.286735	47.943
24.74	24.73	0.286752	48.038
24.74	24.73	0.286769	48.138
24.74	24.73	0.286785	48.242
24.74	24.74	0.286802	48.337
24.74	24.74	0.286819	48.435
24.74	24.74	0.286835	48.540
24.74	24.74	0.286852	48.635
24.76	24.74	0.286869	48.735
24.76	24.74	0.286885	48.839
24.76	24.74	0.286902	48.933
24.76	24.74	0.286919	49.033
24.76	24.74	0.286935	49.137
24.76	24.74	0.286952	49.232
24.76	24.74	0.286969	49.331
24.76	24.74	0.286985	49.436
24.76	24.75	0.287002	49.531
24.76	24.75	0.287018	49.630
24.76	24.75	0.287035	49.735
24.76	24.75	0.287052	49.829
24.76	24.75	0.287068	49.931
24.76	24.75	0.287085	50.033
24.76	24.75	0.287102	50.128
24.76	24.75	0.287118	50.231
24.76	24.75	0.287135	50.332
24.76	24.75	0.287152	50.427
24.76	24.75	0.287168	50.531
24.76	24.75	0.287185	50.631
24.76	24.75	0.287202	50.725
24.74	24.75	0.287218	50.830
24.74	24.74	0.287235	50.929
24.74	24.74	0.287252	51.024
24.74	24.74	0.287268	51.129
24.74	24.74	0.287285	51.228
24.74	24.74	0.287302	51.323
24.74	24.74	0.287318	51.427
24.74	24.74	0.287335	51.522
24.74	24.74	0.287352	51.621
24.74	24.74	0.287368	51.726
24.74	24.74	0.287385	51.821
24.74	24.74	0.287402	51.920
24.74	24.74	0.287418	52.025
24.74	24.74	0.287435	52.119
24.74	24.73	0.287452	52.219
24.74	24.73	0.287468	52.323
24.76	24.73	0.287485	52.418
24.76	24.73	0.287502	52.518
24.76	24.73	0.287518	52.622
24.76	24.73	0.287535	52.718
24.74	24.73	0.287552	52.818
24.74	24.73	0.287568	52.921
24.74	24.72	0.287585	53.018
24.74	24.72	0.287602	53.118
24.74	24.72	0.287618	53.219
24.74	24.72	0.287635	53.319
24.74	24.72	0.287652	53.418
24.74	24.72	0.287668	53.518
24.74	24.71	0.287685	53.618
24.74	24.71	0.287702	53.718
24.74	24.71	0.287718	53.818
24.71	24.71	0.287735	53.918
24.71	24.71	0.287752	54.018
24.71	24.71	0.287768	54.118
24.71	24.70	0.287785	54.219
24.71	24.70	0.287802	54.318
24.71	24.70	0.287818	54.418
24.71	24.70	0.287835	54.518
24.71	24.70	0.287851	54.618
24.71	24.70	0.287868	54.718
24.71	24.69	0.287885	54.818
24.69	24.69	0.287901	54.918
24.69	24.69	0.287918	55.018
24.69	24.69	0.287935	55.118
24.69	24.69	0.287951	55.217
24.69	24.69	0.287968	55.318
24.69	24.68	0.287985	55.418
24.69	24.68	0.288001	55.518
24.69	24.68	0.288018	55.618
24.69	24.68	0.288035	55.718
24.69	24.68	0.288051	55.819
24.69	24.68	0.288068	55.918
24.69	24.67	0.288085	56.018
24.69	24.67	0.288101	56.118
24.69	24.67	0.288118	56.218
24.66	24.67	0.288135	56.318
24.66	24.67	0.288151	56.418
24.66	24.67	0.288168	56.518
24.66	24.66	0.288185	56.618
24.66	24.66	0.288201	56.719
24.66	24.66	0.288218	56.818
24.66	24.66	0.288235	56.918
24.66	24.66	0.288251	57.018
24.66	24.66	0.288268	57.118
24.66	24.66	0.288285	57.218
24.66	24.66	0.288301	57.318
24.66	24.65	0.288318	57.418
24.63	24.65	0.288335	57.518
24.63	24.65	0.288351	57.618
24.63	24.65	0.288368	57.718
24.63	24.65	0.288385	57.818
24.63	24.65	0.288401	57.918
24.63	24.65	0.288418	58.018
24.63	24.65	0.288435	58.147
24.63	24.65	0.288451	58.242
24.63	24.65	0.288468	58.341
24.63	24.65	0.288485	58.446
24.63	24.64	0.288501	58.541
24.63	24.64	0.288518	58.640
24.63	24.64	0.288535	58.745
24.63	24.64	0.288551	58.839
24.63	24.64	0.288568	58.939
24.63	24.64	0.288585	59.043
24.66	24.64	0.288601	59.138
24.66	24.64	0.288618	59.237
24.66	24.64	0.288635	59.342
24.66	24.64	0.288651	59.437
24.66	24.64	0.288668	59.536
24.66	24.64	0.288684	59.641
24.66	24.64	0.288701	59.735
24.66	24.64	0.288718	59.837
24.66	24.64	0.288734	59.939
24.66	24.64	0.288751	00.033
24.63	24.64	0.288768	00.137
24.63	24.64	0.288784	00.237
24.63	24.64	0.288801	00.332
24.63	24.64	0.288818	00.436
24.63	24.65	0.288834	00.536
24.63	24.65	0.288851	00.630
24.63	24.65	0.288868	00.735
24.63	24.65	0.288884	00.834
24.63	24.65	0.288901	00.929
24.63	24.65	0.288918	01.034
24.63	24.65	0.288934	01.133
24.63	24.65	0.288951	01.228
24.63	24.65	0.288968	01.332
24.63	24.65	0.288984	01.427
24.63	24.66	0.289001	01.526
24.63	24.66	0.289018	01.631
24.63	24.66	0.289034	01.726
24.66	24.66	0.289051	01.825
24.66	24.66	0.289068	01.930
24.66	24.66	0.289084	02.024
24.66	24.66	0.289101	02.124
24.66	24.67	0.289118	02.228
24.66	24.67	0.289134	02.323
24.66	24.67	0.289151	02.422
24.66	24.67	0.289168	02.527
24.66	24.67	0.289184	02.622
24.66	24.68	0.289201	02.721
24.69	24.68	0.289218	02.826
24.69	24.68	0.289234	02.920
24.69	24.68	0.289251	03.020
24.69	24.69	0.289268	03.124
24.69	24.69	0.289284	03.219
24.69	24.69	0.289301	03.319
24.69	24.69	0.289318	03.423
24.69	24.70	0.289334	03.529
24.69	24.70	0.289351	03.630
24.69	24.70	0.289368	03.730
24.69	24.70	0.289384	03.834
24.69	24.71	0.289401	03.930
24.69	24.71	0.289418	04.030
24.69	24.71	0.289434	04.135
24.69	24.71	0.289451	04.230
24.69	24.72	0.289468	04.330
24.71	24.72	0.289484	04.430
24.71	24.72	0.289501	04.530
24.71	24.73	0.289517	04.630
24.71	24.73	0.289534	04.734
24.71	24.73	0.289551	04.830
24.71	24.74	0.289567	04.931
24.71	24.74	0.289584	05.030
24.71	24.74	0.289601	05.130
24.71	24.75	0.289617	05.230
24.74	24.75	0.289634	05.330
24.74	24.75	0.289651	05.430
24.74	24.76	0.289667	05.530
24.74	24.76	0.289684	05.630
24.74	24.76	0.289701	05.730
24.74	24.77	0.289717	05.831
24.76	24.77	0.289734	05.930
24.76	24.77	0.289751	06.030
24.76	24.78	0.289767	06.130
24.76	24.78	0.289784	06.230
24.76	24.78	0.289801	06.330
24.79	24.79	0.289817	06.430
24.79	24.79	0.289834	06.559
24.79	24.79	0.289851	06.659
24.79	24.80	0.289867	06.753
24.79	24.80	0.289884	06.858
24.79	24.80	0.289901	06.957
24.82	24.81	0.289917	07.052
24.82	24.81	0.289934	07.157
24.82	24.81	0.289951	07.251
24.82	24.82	0.289967	07.351
24.82	24.82	0.289984	07.454
24.82	24.83	0.290001	07.549
24.82	24.83	0.290017	07.649
24.82	24.83	0.290034	07.753
24.84	24.84	0.290051	07.848
24.84	24.84	0.290067	07.947
24.84	24.84	0.290084	08.052
24.84	24.85	0.290101	08.146
24.84	24.85	0.290117	08.246
24.84	24.85	0.290134	08.350
24.84	24.86	0.290151	08.445
24.84	24.86	0.290167	08.545
24.84	24.86	0.290184	08.649
24.87	24.87	0.290201	08.744
24.87	24.87	0.290217	08.843
24.87	24.87	0.290234	08.948
24.87	24.87	0.290251	09.042
24.87	24.88	0.290267	09.142
24.87	24.88	0.290284	09.247
24.87	24.88	0.290301	09.341
24.89	24.89	0.290317	09.442
24.89	24.89	0.290334	09.545
24.89	24.89	0.290350	09.640
24.89	24.90	0.290367	09.742
24.89	24.90	0.290384	09.844
24.89	24.90	0.290400	09.939
24.89	24.90	0.290417	10.042
24.89	24.91	0.290434	10.143
24.92	24.91	0.290450	10.237
24.92	24.91	0.290467	10.342
24.92	24.91	0.290484	10.441
24.92	24.92	0.290500	10.536
24.92	24.92	0.290517	10.640
24.92	24.92	0.290534	10.740
24.92	24.92	0.290550	10.835
24.92	24.93	0.290567	10.939
24.95	24.93	0.290584	11.039
24.95	24.93	0.290600	11.133
24.95	24.93	0.290617	11.238
24.95	24.93	0.290634	11.332
24.95	24.94	0.290650	11.432
24.95	24.94	0.290667	11.536
24.95	24.94	0.290684	11.631
24.95	24.94	0.290700	11.731
24.95	24.94	0.290717	11.835
24.95	24.94	0.290734	11.930
24.95	24.94	0.290750	12.030
24.95	24.95	0.290767	12.133
24.95	24.95	0.290784	12.230
24.95	24.95	0.290800	12.330
24.95	24.95	0.290817	12.432
24.95	24.95	0.290834	12.530
24.95	24.95	0.290850	12.630
24.95	24.95	0.290867	12.730
24.95	24.95	0.290884	12.830
24.95	24.96	0.290900	12.930
24.95	24.96	0.290917	13.030
24.95	24.96	0.290934	13.131
24.97	24.96	0.290950	13.230
24.97	24.96	0.290967	13.330
24.97	24.96	0.290984	13.430
24.97	24.96	0.291000	13.530
24.97	24.96	0.291017	13.630
24.97	24.96	0.291034	13.730
24.97	24.96	0.291050	13.830
24.97	24.96	0.291067	13.930
24.97	24.96	0.291084	14.030
24.97	24.96	0.291100	14.130
24.97	24.96	0.291117	14.230
24.97	24.96	0.291134	14.330
24.97	24.96	0.291150	14.430
24.97	24.96	0.291167	14.530
24.97	24.96	0.291183	14.630
24.97	24.96	0.291200	14.731
24.97	24.96	0.291217	14.830
24.97	24.96	0.291233	14.930
24.97	24.96	0.291250	15.030
24.97	24.96	0.291267	15.130
24.97	24.96	0.291283	15.230
24.97	24.96	0.291300	15.330
24.97	24.96	0.291317	15.430
24.97	24.95	0.291333	15.530
24.97	24.95	0.291350	15.631
24.97	24.95	0.291367	15.730
24.97	24.95	0.291383	15.830
24.97	24.95	0.291400	15.930
24.97	24.95	0.291417	16.030
24.97	24.95	0.291433	16.130
24.97	24.95	0.291450	16.230
24.97	24.95	0.291467	16.330
24.95	24.95	0.291483	16.430
24.95	24.94	0.291500	16.530
24.95	24.94	0.291517	16.630
24.95	24.94	0.291533	16.730
24.95	24.94	0.291550	16.830
24.95	24.94	0.291567	16.930
24.95	24.94	0.291583	17.030
24.95	24.94	0.291600	17.130
24.95	24.93	0.291617	17.230
24.95	24.93	0.291633	17.330
24.95	24.93	0.291650	17.430
24.95	24.93	0.291667	17.554
24.95	24.93	0.291683	17.659
24.95	24.93	0.291700	17.753
24.92	24.92	0.291717	17.853
24.92	24.92	0.291733	17.957
24.92	24.92	0.291750	18.052
24.92	24.92	0.291767	18.151
24.92	24.92	0.291783	18.256
24.92	24.92	0.291800	18.351
24.92	24.91	0.291817	18.450
24.92	24.91	0.291833	18.555
24.92	24.91	0.291850	18.649
24.92	24.91	0.291867	18.749
24.92	24.91	0.291883	18.853
24.92	24.91	0.291900	18.948
24.92	24.90	0.291917	19.048
24.92	24.90	0.291933	19.152
24.92	24.90	0.291950	19.247
24.92	24.90	0.291967	19.348
24.92	24.90	0.291983	19.451
24.89	24.90	0.292000	19.545
24.89	24.89	0.292016	19.648
24.89	24.89	0.292033	19.749
24.89	24.89	0.292050	19.844
24.89	24.89	0.292066	19.949
24.89	24.89	0.292083	20.048
24.89	24.89	0.292100	20.142
24.89	24.88	0.292116	20.247
24.89	24.88	0.292133	20.347
24.89	24.88	0.292150	20.441
24.89	24.88	0.292166	20.546
24.89	24.88	0.292183	20.645
24.89	24.88	0.292200	20.740
24.89	24.88	0.292216	20.845
24.89	24.87	0.292233	20.939
24.87	24.87	0.292250	21.039
24.87	24.87	0.292266	21.143
24.87	24.87	0.292283	21.237
24.87	24.87	0.292300	21.336
24.87	24.87	0.292316	21.441
24.87	24.87	0.292333	21.536
24.87	24.87	0.292350	21.635
24.87	24.86	0.292366	21.741
24.87	24.86	0.292383	21.834
24.87	24.86	0.292400	21.934
24.87	24.86	0.292416	22.038
24.87	24.86	0.292433	22.133
24.87	24.86	0.292450	22.232
24.84	24.86	0.292466	22.337
24.84	24.86	0.292483	22.432
24.84	24.86	0.292500	22.531
24.84	24.86	0.292516	22.636
24.84	24.86	0.292533	22.730
24.84	24.86	0.292550	22.830
24.84	24.86	0.292566	22.934
24.84	24.86	0.292583	23.030
24.84	24.86	0.292600	23.131
24.84	24.86	0.292616	23.233
24.84	24.86	0.292633	23.330
24.84	24.86	0.292650	23.430
24.84	24.86	0.292666	23.532
24.84	24.86	0.292683	23.630
24.84	24.86	0.292700	23.730
24.84	24.86	0.292716	23.830
24.84	24.86	0.292733	23.930
24.84	24.86	0.292750	24.030
24.87	24.86	0.292766	24.130
24.87	24.86	0.292783	24.230
24.87	24.86	0.292800	24.330
24.87	24.86	0.292816	24.430
24.87	24.86	0.292833	24.530
24.87	24.86	0.292849	24.630
24.87	24.86	0.292866	24.731
24.87	24.86	0.292883	24.830
24.87	24.86	0.292899	24.930
24.87	24.86	0.292916	25.030
24.87	24.86	0.292933	25.130
24.87	24.86	0.292949	25.230
24.87	24.87	0.292966	25.330
24.87	24.87	0.292983	25.430
24.87	24.87	0.292999	25.530
24.87	24.87	0.293016	25.631
24.87	24.87	0.293033	25.730
24.87	24.87	0.293049	25.830
24.87	24.87	0.293066	25.930
24.87	24.88	0.293083	26.030
24.87	24.88	0.293099	26.130
24.87	24.88	0.293116	26.230
24.87	24.88	0.293133	26.330
24.87	24.88	0.293149	26.430
24.87	24.89	0.293166	26.530
24.87	24.89	0.293183	26.630
24.87	24.89	0.293199	26.730
24.87	24.89	0.293216	26.830
24.87	24.89	0.293233	26.930
24.87	24.90	0.293249	27.030
24.87	24.90	0.293266	27.130
24.87	24.90	0.293283	27.231
24.87	24.90	0.293299	27.330
24.87	24.91	0.293316	27.430
24.87	24.91	0.293333	27.530
24.89	24.91	0.293349	27.630
24.89	24.91	0.293366	27.730
24.89	24.92	0.293383	27.830
24.89	24.92	0.293399	27.930
24.89	24.92	0.293416	28.030
24.89	24.93	0.293433	28.131
24.89	24.93	0.293449	28.230
24.92	24.93	0.293466	28.330
24.92	24.93	0.293483	28.430
24.92	24.94	0.293499	28.530
24.92	24.94	0.293516	28.654
24.92	24.94	0.293533	28.759
24.95	24.95	0.293549	28.853
24.95	24.95	0.293566	28.954
24.95	24.95	0.293583	29.057
24.95	24.96	0.293599	29.152
24.95	24.96	0.293616	29.229
24.95	24.96	0.293633	29.355
24.97	24.97	0.293649	29.450
24.97	24.97	0.293666	29.554
24.97	24.97	0.293682	29.654
24.97	24.98	0.293699	29.748
24.97	24.98	0.293716	29.853
24.97	24.98	0.293732	29.953
24.97	24.99	0.293749	30.047
24.97	24.99	0.293766	30.152
25.00	24.99	0.293782	30.251
25.00	25.00	0.293799	30.346
25.00	25.00	0.293816	30.450
25.00	25.00	0.293832	30.550
25.00	25.01	0.293849	30.644
25.00	25.01	0.293866	30.749
25.00	25.01	0.293882	30.844
25.02	25.02	0.293899	30.943
25.02	25.02	0.293916	31.048
25.02	25.02	0.293932	31.142
25.02	25.03	0.293949	31.242
25.02	25.03	0.293966	31.346
25.02	25.04	0.293982	31.441
25.02	25.04	0.293999	31.541
25.02	25.04	0.294016	31.645
25.02	25.05	0.294032	31.740
25.05	25.05	0.294049	31.839
25.05	25.05	0.294066	31.944
25.05	25.06	0.294082	32.038
25.05	25.06	0.294099	32.138
25.05	25.06	0.294116	32.242
25.05	25.07	0.294132	32.337
25.05	25.07	0.294149	32.437
25.08	25.07	0.294166	32.541
25.08	25.08	0.294182	32.636
25.08	25.08	0.294199	32.735
25.08	25.08	0.294216	32.840
25.08	25.09	0.294232	32.934
25.08	25.09	0.294249	33.036
25.10	25.09	0.294266	33.138
25.10	25.09	0.294282	33.233
25.10	25.10	0.294299	33.336
25.10	25.10	0.294316	33.437
25.10	25.10	0.294332	33.532
25.10	25.11	0.294349	33.636
25.10	25.11	0.294366	33.736
25.13	25.11	0.294382	33.831
25.13	25.11	0.294399	33.935
25.13	25.12	0.294416	34.035
25.13	25.12	0.294432	34.131
25.13	25.12	0.294449	34.234
25.13	25.12	0.294466	34.333
25.13	25.13	0.294482	34.431
25.13	25.13	0.294499	34.532
25.13	25.13	0.294515	34.632
25.13	25.13	0.294532	34.731
25.13	25.14	0.294549	34.831
25.13	25.14	0.294565	34.933
25.15	25.14	0.294582	35.031
25.15	25.14	0.294599	35.131
25.15	25.14	0.294615	35.232
25.15	25.15	0.294632	35.331
25.15	25.15	0.294649	35.431
25.15	25.15	0.294665	35.533
25.15	25.15	0.294682	35.632
25.15	25.15	0.294699	35.731
25.15	25.16	0.294715	35.833
25.15	25.16	0.294732	35.931
25.15	25.16	0.294749	36.031
25.18	25.16	0.294765	36.133
25.18	25.16	0.294782	36.231
25.18	25.16	0.294799	36.331
25.18	25.16	0.294815	36.433
25.18	25.16	0.294832	36.531
25.18	25.17	0.294849	36.631
25.18	25.17	0.294865	36.734
25.18	25.17	0.294882	36.831
25.18	25.17	0.294899	36.931
25.18	25.17	0.294915	37.033
25.18	25.17	0.294932	37.131
25.18	25.17	0.294949	37.232
25.18	25.17	0.294965	37.334
25.18	25.17	0.294982	37.431
25.18	25.17	0.294999	37.531
25.18	25.17	0.295015	37.634
25.18	25.17	0.295032	37.731
25.18	25.17	0.295049	37.831
25.18	25.17	0.295065	37.934
25.18	25.17	0.295082	38.031
25.18	25.17	0.295099	38.133
25.18	25.17	0.295115	38.234
25.18	25.17	0.295132	38.332
25.18	25.17	0.295149	38.432
25.18	25.17	0.295165	38.535
25.18	25.17	0.295182	38.632
25.18	25.17	0.295199	38.732
25.18	25.17	0.295215	38.834
25.18	25.17	0.295232	38.932
25.18	25.17	0.295249	39.032
25.18	25.17	0.295265	39.135
25.18	25.17	0.295282	39.231
25.18	25.17	0.295299	39.355
25.18	25.17	0.295315	39.435
25.18	25.17	0.295332	39.559
25.18	25.17	0.295348	39.654
25.18	25.17	0.295365	39.758
25.18	25.16	0.295382	39.858
25.18	25.16	0.295398	39.953
25.18	25.16	0.295415	40.057
25.18	25.16	0.295432	40.157
25.18	25.16	0.295448	40.251
25.18	25.16	0.295465	40.356
25.15	25.16	0.295482	40.450
25.15	25.16	0.295498	40.550
25.15	25.16	0.295515	40.654
25.15	25.15	0.295532	40.749
25.15	25.15	0.295548	40.849
25.15	25.15	0.295565	40.953
25.15	25.15	0.295582	41.048
25.15	25.15	0.295598	41.147
25.15	25.15	0.295615	41.252
25.15	25.15	0.295632	41.346
25.15	25.14	0.295648	41.446
25.15	25.14	0.295665	41.551
25.15	25.14	0.295682	41.645
25.15	25.14	0.295698	41.745
25.15	25.14	0.295715	41.849
25.15	25.14	0.295732	41.944
25.15	25.13	0.295748	42.043
25.15	25.13	0.295765	42.148
25.15	25.13	0.295782	42.242
25.13	25.13	0.295798	42.342
25.13	25.13	0.295815	42.447
25.13	25.13	0.295832	42.541
25.13	25.12	0.295848	42.642
25.13	25.12	0.295865	42.745
25.13	25.12	0.295882	42.840
25.13	25.12	0.295898	42.941
25.13	25.12	0.295915	43.044
25.13	25.12	0.295932	43.139
25.13	25.11	0.295948	43.242
25.13	25.11	0.295965	43.343
25.13	25.11	0.295982	43.437
25.13	25.11	0.295998	43.542
25.13	25.11	0.296015	43.641
25.10	25.11	0.296032	43.735
25.10	25.10	0.296048	43.840
25.10	25.10	0.296065	43.939
25.10	25.10	0.296082	44.034
25.10	25.10	0.296098	44.138
25.10	25.10	0.296115	44.238
25.10	25.10	0.296132	44.332
25.10	25.09	0.296148	44.437
25.10	25.09	0.296165	44.532
25.10	25.09	0.296181	44.632
25.10	25.09	0.296198	44.736
25.10	25.09	0.296215	44.832
25.08	25.09	0.296231	44.932
25.08	25.09	0.296248	45.034
25.08	25.08	0.296265	45.132
25.08	25.08	0.296281	45.232
25.08	25.08	0.296298	45.333
25.08	25.08	0.296315	45.432
25.08	25.08	0.296331	45.532
25.08	25.08	0.296348	45.632
25.08	25.08	0.296365	45.732
25.08	25.08	0.296381	45.832
25.08	25.08	0.296398	45.932
25.08	25.08	0.296415	46.032
25.08	25.07	0.296431	46.132
25.08	25.07	0.296448	46.232
25.08	25.07	0.296465	46.332
25.05	25.07	0.296481	46.432
25.05	25.07	0.296498	46.532
25.05	25.07	0.296515	46.632
25.05	25.07	0.296531	46.732
25.05	25.07	0.296548	46.832
25.05	25.07	0.296565	46.932
25.05	25.07	0.296581	47.032
25.05	25.07	0.296598	47.132
25.05	25.07	0.296615	47.233
25.05	25.07	0.296631	47.332
25.05	25.07	0.296648	47.432
25.08	25.07	0.296665	47.532
25.08	25.07	0.296681	47.632
25.08	25.07	0.296698	47.732
25.08	25.07	0.296715	47.832
25.08	25.07	0.296731	47.932
25.08	25.07	0.296748	48.032
25.08	25.07	0.296765	48.133
25.08	25.07	0.296781	48.232
25.08	25.07	0.296798	48.332
25.08	25.07	0.296815	48.432
25.08	25.07	0.296831	48.532
25.08	25.07	0.296848	48.632
25.08	25.07	0.296865	48.731
25.08	25.07	0.296881	48.832
25.08	25.08	0.296898	48.932
25.08	25.08	0.296915	49.032
25.08	25.08	0.296931	49.132
25.08	25.08	0.296948	49.232
25.08	25.08	0.296965	49.332
25.05	25.08	0.296981	49.432
25.05	25.08	0.296998	49.532
25.05	25.08	0.297014	49.632
25.05	25.08	0.297031	49.733
25.05	25.09	0.297048	49.832
25.05	25.09	0.297064	49.932
25.05	25.09	0.297081	50.032
25.05	25.09	0.297098	50.132
25.08	25.09	0.297114	50.261
25.08	25.10	0.297131	50.356
25.08	25.10	0.297148	50.455
25.08	25.10	0.297164	50.560
25.08	25.10	0.297181	50.654
25.08	25.10	0.297198	50.754
25.08	25.11	0.297214	50.859
25.10	25.11	0.297231	50.953
25.10	25.11	0.297248	51.053
25.10	25.11	0.297264	51.157
25.10	25.11	0.297281	51.252
25.10	25.12	0.297298	51.351
25.10	25.12	0.297314	51.456
25.10	25.12	0.297331	51.551
25.13	25.12	0.297348	51.650
25.13	25.13	0.297364	51.755
25.13	25.13	0.297381	51.849
25.13	25.13	0.297398	51.949
25.13	25.14	0.297414	52.053
25.13	25.14	0.297431	52.147
25.13	25.14	0.297448	52.247
25.13	25.14	0.297464	52.351
25.15	25.15	0.297481	52.447
25.15	25.15	0.297498	52.547
25.15	25.15	0.297514	52.650
25.15	25.16	0.297531	52.744
25.15	25.16	0.297548	52.847
25.15	25.16	0.297564	52.948
25.15	25.17	0.297581	53.043
25.15	25.17	0.297598	53.147
25.15	25.17	0.297614	53.247
25.15	25.18	0.297631	53.342
25.15	25.18	0.297648	53.446
25.18	25.18	0.297664	53.546
25.18	25.19	0.297681	53.640
25.18	25.19	0.297698	53.745
25.18	25.19	0.297714	53.844
25.18	25.20	0.297731	53.939
25.18	25.20	0.297748	54.044
25.18	25.20	0.297764	54.138
25.21	25.21	0.297781	54.238
25.21	25.21	0.297798	54.342
25.21	25.21	0.297814	54.437
25.21	25.22	0.297831	54.536
25.21	25.22	0.297847	54.641
25.21	25.22	0.297864	54.736
25.21	25.23	0.297881	54.835
25.21	25.23	0.297897	54.940
25.23	25.23	0.297914	55.034
25.23	25.24	0.297931	55.134
25.23	25.24	0.297947	55.238
25.23	25.25	0.297964	55.333
25.23	25.25	0.297981	55.433
25.23	25.25	0.297997	55.537
25.23	25.26	0.298014	55.634
25.26	25.26	0.298031	55.733
25.26	25.26	0.298047	55.836
25.26	25.27	0.298064	55.933
25.26	25.27	0.298081	56.033
25.26	25.27	0.298097	56.134
25.26	25.28	0.298114	56.233
25.28	25.28	0.298131	56.333
25.28	25.28	0.298147	56.433
25.28	25.29	0.298164	56.533
25.28	25.29	0.298181	56.632
25.28	25.29	0.298197	56.733
25.28	25.30	0.298214	56.833
25.28	25.30	0.298231	56.933
25.28	25.30	0.298247	57.033
25.31	25.30	0.298264	57.133
25.31	25.31	0.298281	57.233
25.31	25.31	0.298297	57.333
25.31	25.31	0.298314	57.433
25.31	25.32	0.298331	57.533
25.31	25.32	0.298347	57.633
25.31	25.32	0.298364	57.733
25.34	25.32	0.298381	57.833
25.34	25.33	0.298397	57.934
25.34	25.33	0.298414	58.033
25.34	25.33	0.298431	58.133
25.34	25.34	0.298447	58.233
25.34	25.34	0.298464	58.333
25.34	25.34	0.298481	58.433
25.34	25.34	0.298497	58.533
25.34	25.35	0.298514	58.633
25.36	25.35	0.298531	58.733
25.36	25.35	0.298547	58.833
25.36	25.35	0.298564	58.933
25.36	25.35	0.298581	59.033
25.36	25.36	0.298597	59.133
25.36	25.36	0.298614	59.233
25.36	25.36	0.298631	59.333
25.36	25.36	0.298647	59.433
25.36	25.36	0.298664	59.534
25.36	25.37	0.298680	59.633
25.36	25.37	0.298697	59.733
25.36	25.37	0.298714	59.833
25.36	25.37	0.298730	59.933
25.36	25.37	0.298747	00.033
25.39	25.37	0.298764	00.133
25.39	25.37	0.298780	00.233
25.39	25.38	0.298797	00.333
25.39	25.38	0.298814	00.433
25.39	25.38	0.298830	00.533
25.39	25.38	0.298847	00.633
25.39	25.38	0.298864	00.733
25.39	25.38	0.298880	00.833
25.39	25.38	0.298897	00.957
25.39	25.38	0.298914	01.062
25.39	25.38	0.298930	01.156
25.39	25.38	0.298947	01.256
25.39	25.38	0.298964	01.361
25.39	25.38	0.298980	01.455
25.39	25.39	0.298997	01.555
25.39	25.39	0.299014	01.659
25.39	25.39	0.299030	01.754
25.39	25.39	0.299047	01.853
25.39	25.39	0.299064	01.958
25.39	25.39	0.299080	02.052
25.39	25.39	0.299097	02.153
25.39	25.39	0.299114	02.257
25.39	25.39	0.299130	02.351
25.39	25.39	0.299147	02.453
25.41	25.39	0.299164	02.555
25.41	25.39	0.299180	02.650
25.41	25.39	0.299197	02.753
25.41	25.39	0.299214	02.854
25.41	25.38	0.299230	02.949
25.41	25.38	0.299247	03.053
25.41	25.38	0.299264	03.153
25.41	25.38	0.299280	03.247
25.41	25.38	0.299297	03.352
25.41	25.38	0.299314	03.451
25.41	25.38	0.299330	03.546
25.41	25.38	0.299347	03.650
25.39	25.38	0.299364	03.750
25.39	25.38	0.299380	03.845
25.39	25.38	0.299397	03.949
25.39	25.38	0.299414	04.044
25.39	25.38	0.299430	04.143
25.39	25.37	0.299447	04.248
25.39	25.37	0.299464	04.342
25.39	25.37	0.299480	04.442
25.39	25.37	0.299497	04.546
25.36	25.37	0.299513	04.641
25.36	25.37	0.299530	04.741
25.36	25.37	0.299547	04.845
25.36	25.37	0.299563	04.940
25.36	25.36	0.299580	05.039
25.36	25.36	0.299597	05.144
25.36	25.36	0.299613	05.238
25.36	25.36	0.299630	05.337
25.36	25.36	0.299647	05.443
25.36	25.36	0.299663	05.536
25.36	25.35	0.299680	05.637
25.36	25.35	0.299697	05.741
25.36	25.35	0.299713	05.836
25.36	25.35	0.299730	05.935
25.36	25.35	0.299747	06.040
25.36	25.35	0.299763	06.135
25.36	25.34	0.299780	06.235
25.36	25.34	0.299797	06.339
25.36	25.34	0.299813	06.433
25.36	25.34	0.299830	06.536
25.36	25.34	0.299847	06.636
25.34	25.34	0.299863	06.733
25.34	25.33	0.299880	06.835
25.34	25.33	0.299897	06.935
25.34	25.33	0.299913	07.033
25.34	25.33	0.299930	07.134
25.34	25.33	0.299947	07.234
25.34	25.33	0.299963	07.333
25.34	25.32	0.299980	07.433
25.34	25.32	0.299997	07.533
25.34	25.32	0.300013	07.633
25.34	25.32	0.300030	07.733
25.34	25.32	0.300047	07.833
25.31	25.32	0.300063	07.933
25.31	25.31	0.300080	08.033
25.31	25.31	0.300097	08.133
25.31	25.31	0.300113	08.233
25.31	25.31	0.300130	08.333
25.31	25.31	0.300147	08.433
25.31	25.31	0.300163	08.533
25.31	25.30	0.300180	08.633
25.31	25.30	0.300197	08.733
25.31	25.30	0.300213	08.833
25.31	25.30	0.300230	08.933
25.31	25.30	0.300247	09.033
25.31	25.30	0.300263	09.133
25.31	25.30	0.300280	09.233
25.28	25.30	0.300297	09.333
25.28	25.29	0.300313	09.433
25.28	25.29	0.300330	09.533
25.28	25.29	0.300346	09.633
25.28	25.29	0.300363	09.733
25.28	25.29	0.300380	09.833
25.28	25.29	0.300396	09.934
25.28	25.29	0.300413	10.033
25.28	25.29	0.300430	10.133
25.28	25.29	0.300446	10.233
25.28	25.29	0.300463	10.333
25.28	25.29	0.300480	10.433
25.28	25.28	0.300496	10.533
25.28	25.28	0.300513	10.633
25.28	25.28	0.300530	10.733
25.28	25.28	0.300546	10.834
25.28	25.28	0.300563	10.933
25.28	25.28	0.300580	11.033
25.28	25.28	0.300596	11.133
25.28	25.28	0.300613	11.233
25.28	25.28	0.300630	11.333
25.28	25.28	0.300646	11.434
25.28	25.28	0.300663	11.533
25.28	25.28	0.300680	11.633
25.28	25.28	0.300696	11.734
25.28	25.28	0.300713	11.833
25.28	25.28	0.300730	11.933
25.28	25.28	0.300746	12.034
25.28	25.28	0.300763	12.132
25.28	25.28	0.300780	12.256
25.28	25.28	0.300796	12.334
25.28	25.28	0.300813	12.460
25.28	25.29	0.300830	12.555
25.28	25.29	0.300846	12.635
25.28	25.29	0.300863	12.759
25.28	25.29	0.300880	12.854
25.28	25.29	0.300896	12.958
25.28	25.29	0.300913	13.058
25.28	25.29	0.300930	13.152
25.28	25.29	0.300946	13.257
25.28	25.29	0.300963	13.356
25.28	25.29	0.300980	13.451
25.28	25.30	0.300996	13.556
25.28	25.30	0.301013	13.655
25.28	25.30	0.301030	13.750
25.28	25.30	0.301046	13.854
25.28	25.30	0.301063	13.949
25.28	25.30	0.301080	14.048
25.28	25.30	0.301096	14.153
25.31	25.31	0.301113	14.248
25.31	25.31	0.301130	14.347
25.31	25.31	0.301146	14.452
25.31	25.31	0.301163	14.546
25.31	25.31	0.301179	14.646
25.31	25.32	0.301196	14.750
25.31	25.32	0.301213	14.845
25.31	25.32	0.301229	14.944
25.31	25.32	0.301246	15.049
25.31	25.33	0.301263	15.144
25.31	25.33	0.301279	15.243
25.31	25.33	0.301296	15.348
25.31	25.33	0.301313	15.442
25.31	25.34	0.301329	15.542
25.31	25.34	0.301346	15.646
25.31	25.34	0.301363	15.741
25.31	25.34	0.301379	15.841
25.34	25.35	0.301396	15.945
25.34	25.35	0.301413	16.040
25.34	25.35	0.301429	16.141
25.34	25.35	0.301446	16.244
25.34	25.36	0.301463	16.338
25.34	25.36	0.301479	16.441
25.34	25.36	0.301496	16.541
25.34	25.37	0.301513	16.636
25.36	25.37	0.301529	16.741
25.36	25.37	0.301546	16.840
25.36	25.38	0.301563	16.935
25.36	25.38	0.301579	17.039
25.36	25.38	0.301596	17.139
25.36	25.39	0.301613	17.233
25.36	25.39	0.301629	17.338
25.39	25.39	0.301646	17.438
25.39	25.40	0.301663	17.533
25.39	25.40	0.301679	17.637
25.39	25.40	0.301696	17.737
25.39	25.41	0.301713	17.833
25.39	25.41	0.301729	17.935
25.41	25.41	0.301746	18.038
25.41	25.42	0.301763	18.133
25.41	25.42	0.301779	18.234
25.41	25.42	0.301796	18.333
25.41	25.43	0.301813	18.433
25.41	25.43	0.301829	18.533
25.41	25.43	0.301846	18.637
25.44	25.44	0.301863	18.733
25.44	25.44	0.301879	18.833
25.44	25.44	0.301896	18.933
25.44	25.45	0.301913	19.033
25.44	25.45	0.301929	19.133
25.44	25.45	0.301946	19.233
25.47	25.46	0.301963	19.333
25.47	25.46	0.301979	19.433
25.47	25.47	0.301996	19.533
25.47	25.47	0.302012	19.633
25.47	25.47	0.302029	19.733
25.47	25.48	0.302046	19.833
25.47	25.48	0.302062	19.934
25.47	25.48	0.302079	20.033
25.47	25.49	0.302096	20.133
25.49	25.49	0.302112	20.233
25.49	25.49	0.302129	20.333
25.49	25.50	0.302146	20.433
25.49	25.50	0.302162	20.534
25.49	25.50	0.302179	20.634
25.49	25.51	0.302196	20.734
25.49	25.51	0.302212	20.834
25.52	25.51	0.302229	20.934
25.52	25.51	0.302246	21.034
25.52	25.52	0.302262	21.134
25.52	25.52	0.302279	21.234
25.52	25.52	0.302296	21.334
25.52	25.53	0.302312	21.434
25.52	25.53	0.302329	21.534
25.52	25.53	0.302346	21.634
25.54	25.54	0.302362	21.734
25.54	25.54	0.302379	21.834
25.54	25.54	0.302396	21.934
25.54	25.54	0.302412	22.034
25.54	25.55	0.302429	22.134
25.54	25.55	0.302446	22.234
25.54	25.55	0.302462	22.334
25.54	25.55	0.302479	22.435
25.57	25.56	0.302496	22.534
25.57	25.56	0.302512	22.634
25.57	25.56	0.302529	22.734
25.57	25.56	0.302546	22.834
25.57	25.57	0.302562	22.963
25.57	25.57	0.302579	23.058
25.57	25.57	0.302596	23.162
25.57	25.57	0.302612	23.262
25.57	25.57	0.302629	23.356
25.57	25.58	0.302646	23.461
25.60	25.58	0.302662	23.556
25.60	25.58	0.302679	23.655
25.60	25.58	0.302696	23.760
25.60	25.58	0.302712	23.854
25.60	25.58	0.302729	23.954
25.60	25.58	0.302746	24.058
25.60	25.59	0.302762	24.153
25.60	25.59	0.302779	24.253
25.60	25.59	0.302796	24.357
25.60	25.59	0.302812	24.452
25.60	25.59	0.302829	24.550
25.60	25.59	0.302845	24.655
25.60	25.59	0.302862	24.749
25.60	25.59	0.302879	24.849
25.60	25.60	0.302895	24.953
25.60	25.60	0.302912	25.048
25.60	25.60	0.302929	25.148
25.60	25.60	0.302945	25.252
25.60	25.60	0.302962	25.347
25.60	25.60	0.302979	25.446
25.60	25.60	0.302995	25.551
25.60	25.60	0.303012	25.645
25.62	25.60	0.303029	25.747
25.62	25.60	0.303045	25.850
25.62	25.60	0.303062	25.944
25.62	25.60	0.303079	26.047
25.62	25.60	0.303095	26.148
25.62	25.60	0.303112	26.243
25.62	25.60	0.303129	26.347
25.62	25.60	0.303145	26.447
25.62	25.60	0.303162	26.541
25.62	25.60	0.303179	26.646
25.62	25.60	0.303195	26.746
25.62	25.60	0.303212	26.840
25.62	25.60	0.303229	26.945
25.60	25.60	0.303245	27.044
25.60	25.60	0.303262	27.139
25.60	25.60	0.303279	27.243
25.60	25.60	0.303295	27.343
25.60	25.60	0.303312	27.438
25.60	25.59	0.303329	27.542
25.60	25.59	0.303345	27.637
25.60	25.59	0.303362	27.736
25.60	25.59	0.303379	27.841
25.60	25.59	0.303395	27.935
25.60	25.59	0.303412	28.035
25.60	25.59	0.303429	28.139
25.60	25.59	0.303445	28.234
25.60	25.59	0.303462	28.334
25.60	25.59	0.303479	28.438
25.60	25.58	0.303495	28.534
25.60	25.58	0.303512	28.634
25.60	25.58	0.303529	28.737
25.60	25.58	0.303545	28.834
25.60	25.58	0.303562	28.934
25.60	25.58	0.303579	29.036
25.60	25.58	0.303595	29.134
25.60	25.57	0.303612	29.234
25.60	25.57	0.303629	29.334
25.60	25.57	0.303645	29.434
25.57	25.57	0.303662	29.534
25.57	25.57	0.303678	29.634
25.57	25.57	0.303695	29.734
25.57	25.56	0.303712	29.834
25.57	25.56	0.303728	29.935
25.57	25.56	0.303745	30.034
25.57	25.56	0.303762	30.134
25.57	25.56	0.303778	30.234
25.57	25.56	0.303795	30.334
25.57	25.55	0.303812	30.434
25.57	25.55	0.303828	30.534
25.54	25.55	0.303845	30.634
25.54	25.55	0.303862	30.734
25.54	25.55	0.303878	30.834
25.54	25.55	0.303895	30.934
25.54	25.54	0.303912	31.034
25.54	25.54	0.303928	31.134
25.54	25.54	0.303945	31.234
25.54	25.54	0.303962	31.334
25.54	25.54	0.303978	31.434
25.54	25.54	0.303995	31.535
25.54	25.53	0.304012	31.634
25.54	25.53	0.304028	31.734
25.54	25.53	0.304045	31.834
25.54	25.53	0.304062	31.934
25.54	25.53	0.304078	32.034
25.54	25.53	0.304095	32.134
25.54	25.52	0.304112	32.234
25.52	25.52	0.304128	32.334
25.52	25.52	0.304145	32.435
25.52	25.52	0.304162	32.534
25.52	25.52	0.304178	32.634
25.52	25.52	0.304195	32.734
25.52	25.52	0.304212	32.834
25.52	25.51	0.304228	32.934
25.52	25.51	0.304245	33.034
25.52	25.51	0.304262	33.135
25.52	25.51	0.304278	33.235
25.52	25.51	0.304295	33.335
25.52	25.51	0.304312	33.435
25.52	25.51	0.304328	33.535
25.52	25.51	0.304345	33.664
25.49	25.50	0.304362	33.759
25.49	25.50	0.304378	33.858
25.49	25.50	0.304395	33.963
25.49	25.50	0.304412	34.057
25.49	25.50	0.304428	34.157
25.49	25.50	0.304445	34.262
25.49	25.50	0.304462	34.356
25.49	25.50	0.304478	34.456
25.49	25.50	0.304495	34.560
25.49	25.50	0.304511	34.655
25.49	25.50	0.304528	34.754
25.49	25.50	0.304545	34.859
25.49	25.50	0.304561	34.953
25.49	25.50	0.304578	35.053
25.49	25.50	0.304595	35.158
25.49	25.50	0.304611	35.252
25.49	25.50	0.304628	35.353
25.49	25.50	0.304645	35.456
25.49	25.50	0.304661	35.551
25.49	25.50	0.304678	35.652
25.49	25.50	0.304695	35.755
25.49	25.50	0.304711	35.850
25.49	25.50	0.304728	35.953
25.49	25.50	0.304745	36.054
25.49	25.50	0.304761	36.148
25.49	25.50	0.304778	36.253
25.49	25.50	0.304795	36.352
25.49	25.50	0.304811	36.447
25.49	25.50	0.304828	36.551
25.49	25.50	0.304845	36.651
25.49	25.50	0.304861	36.746
25.49	25.50	0.304878	36.850
25.49	25.50	0.304895	36.950
25.49	25.50	0.304911	37.044
25.49	25.50	0.304928	37.149
25.49	25.50	0.304945	37.243
25.49	25.51	0.304961	37.343
25.49	25.51	0.304978	37.447
25.49	25.51	0.304995	37.542
25.52	25.51	0.305011	37.642
25.52	25.51	0.305028	37.746
25.52	25.51	0.305045	37.841
25.52	25.51	0.305061	37.940
25.52	25.52	0.305078	38.045
25.52	25.52	0.305095	38.139
25.52	25.52	0.305111	38.239
25.52	25.52	0.305128	38.344
25.52	25.52	0.305145	38.438
25.52	25.53	0.305161	38.538
25.52	25.53	0.305178	38.642
25.52	25.53	0.305195	38.737
25.52	25.53	0.305211	38.837
25.52	25.53	0.305228	38.941
25.52	25.54	0.305245	39.037
25.52	25.54	0.305261	39.137
25.52	25.54	0.305278	39.239
25.52	25.54	0.305295	39.337
25.52	25.55	0.305311	39.437
25.52	25.55	0.305328	39.538
25.54	25.55	0.305344	39.637
25.54	25.55	0.305361	39.737
25.54	25.56	0.305378	39.837
25.54	25.56	0.305394	39.937
25.54	25.56	0.305411	40.037
25.54	25.57	0.305428	40.137
25.54	25.57	0.305444	40.237
25.54	25.57	0.305461	40.338
25.54	25.57	0.305478	40.437
25.57	25.58	0.305494	40.537
25.57	25.58	0.305511	40.637
25.57	25.58	0.305528	40.737
25.57	25.59	0.305544	40.837
25.57	25.59	0.305561	40.937
25.57	25.59	0.305578	41.037
25.60	25.60	0.305594	41.137
25.60	25.60	0.305611	41.238
25.60	25.60	0.305628	41.337
25.60	25.61	0.305644	41.437
25.60	25.61	0.305661	41.537
25.60	25.61	0.305678	41.637
25.60	25.62	0.305694	41.737
25.60	25.62	0.305711	41.837
25.62	25.62	0.305728	41.937
25.62	25.63	0.305744	42.037
25.62	25.63	0.305761	42.137
25.62	25.63	0.305778	42.237
25.62	25.64	0.305794	42.337
25.62	25.64	0.305811	42.437
25.62	25.64	0.305828	42.537
25.62	25.65	0.305844	42.637
25.65	25.65	0.305861	42.737
25.65	25.65	0.305878	42.837
25.65	25.66	0.305894	42.937
25.65	25.66	0.305911	43.037
25.65	25.66	0.305928	43.137
25.65	25.67	0.305944	43.237
25.65	25.67	0.305961	43.337
25.67	25.68	0.305978	43.437
25.67	25.68	0.305994	43.537
25.67	25.68	0.306011	43.637
25.67	25.69	0.306028	43.737
25.67	25.69	0.306044	43.837
25.67	25.69	0.306061	43.937
25.67	25.70	0.306078	44.037
25.70	25.70	0.306094	44.137
25.70	25.70	0.306111	44.261
25.70	25.71	0.306128	44.361
25.70	25.71	0.306144	44.465
25.70	25.71	0.306161	44.560
25.73	25.72	0.306177	44.659
25.73	25.72	0.306194	44.764
25.73	25.72	0.306211	44.859
25.73	25.73	0.306227	44.958
25.73	25.73	0.306244	45.063
25.73	25.73	0.306261	45.157
25.75	25.73	0.306277	45.259
25.75	25.74	0.306294	45.361
25.75	25.74	0.306311	45.456
25.75	25.74	0.306327	45.559
25.75	25.75	0.306344	45.660
25.75	25.75	0.306361	45.755
25.75	25.75	0.306377	45.859
25.75	25.75	0.306394	45.959
25.75	25.76	0.306411	46.053
25.75	25.76	0.306427	46.158
25.78	25.76	0.306444	46.257
25.78	25.76	0.306461	46.352
25.78	25.77	0.306477	46.457
25.78	25.77	0.306494	46.556
25.78	25.77	0.306511	46.651
25.78	25.77	0.306527	46.755
25.78	25.78	0.306544	46.850
25.78	25.78	0.306561	46.949
25.78	25.78	0.306577	47.054
25.78	25.78	0.306594	47.149
25.78	25.78	0.306611	47.248
25.80	25.79	0.306627	47.353
25.80	25.79	0.306644	47.447
25.80	25.79	0.306661	47.547
25.80	25.79	0.306677	47.651
25.80	25.79	0.306694	47.746
25.80	25.80	0.306711	47.846
25.80	25.80	0.306727	47.950
25.80	25.80	0.306744	48.045
25.80	25.80	0.306761	48.144
25.80	25.80	0.306777	48.249
25.80	25.80	0.306794	48.343
25.80	25.80	0.306811	48.443
25.80	25.80	0.306827	48.547
25.80	25.81	0.306844	48.642
25.80	25.81	0.306861	48.741
25.80	25.81	0.306877	48.845
25.83	25.81	0.306894	48.941
25.83	25.81	0.306911	49.041
25.83	25.81	0.306927	49.145
25.83	25.81	0.306944	49.238
25.83	25.81	0.306961	49.341
25.83	25.81	0.306977	49.443
25.83	25.81	0.306994	49.538
25.83	25.81	0.307010	49.642
25.83	25.81	0.307027	49.741
25.83	25.81	0.307044	49.838
25.83	25.81	0.307060	49.940
25.83	25.81	0.307077	50.040
25.83	25.81	0.307094	50.137
25.83	25.81	0.307110	50.239
25.83	25.81	0.307127	50.339
25.83	25.81	0.307144	50.438
25.83	25.81	0.307160	50.538
25.83	25.81	0.307177	50.638
25.83	25.81	0.307194	50.738
25.83	25.81	0.307210	50.838
25.80	25.81	0.307227	50.938
25.80	25.81	0.307244	51.038
25.80	25.81	0.307260	51.138
25.80	25.81	0.307277	51.238
25.80	25.81	0.307294	51.338
25.80	25.81	0.307310	51.438
25.80	25.81	0.307327	51.538
25.80	25.81	0.307344	51.638
25.80	25.81	0.307360	51.738
25.80	25.80	0.307377	51.838
25.80	25.80	0.307394	51.939
25.80	25.80	0.307410	52.038
25.80	25.80	0.307427	52.139
25.80	25.80	0.307444	52.238
25.80	25.80	0.307460	52.338
25.80	25.80	0.307477	52.438
25.80	25.80	0.307494	52.538
25.80	25.80	0.307510	52.638
25.80	25.79	0.307527	52.739
25.80	25.79	0.307544	52.839
25.80	25.79	0.307560	52.938
25.80	25.79	0.307577	53.039
25.80	25.79	0.307594	53.139
25.80	25.79	0.307610	53.238
25.80	25.79	0.307627	53.339
25.80	25.78	0.307644	53.438
25.80	25.78	0.307660	53.538
25.80	25.78	0.307677	53.639
25.80	25.78	0.307694	53.738
25.80	25.78	0.307710	53.839
25.80	25.78	0.307727	53.939
25.80	25.77	0.307744	54.039
25.80	25.77	0.307760	54.139
25.80	25.77	0.307777	54.240
25.80	25.77	0.307794	54.339
25.80	25.77	0.307810	54.439
25.80	25.77	0.307827	54.539
25.80	25.76	0.307843	54.639
25.78	25.76	0.307860	54.739
25.78	25.76	0.307877	54.840
25.78	25.76	0.307893	54.939
25.78	25.76	0.307910	55.063
25.78	25.76	0.307927	55.140
25.78	25.75	0.307943	55.267
25.75	25.75	0.307960	55.362
25.75	25.75	0.307977	55.440
25.75	25.75	0.307993	55.566
25.75	25.75	0.308010	55.659
25.75	25.75	0.308027	55.764
25.75	25.74	0.308043	55.865
25.73	25.74	0.308060	55.959
25.73	25.74	0.308077	56.063
25.73	25.74	0.308093	56.162
25.73	25.74	0.308110	56.257
25.73	25.74	0.308127	56.361
25.73	25.73	0.308143	56.461
25.73	25.73	0.308160	56.555
25.73	25.73	0.308177	56.660
25.73	25.73	0.308193	56.755
25.73	25.73	0.308210	56.854
25.73	25.73	0.308227	56.959
25.73	25.73	0.308243	57.053
25.73	25.72	0.308260	57.153
25.73	25.72	0.308277	57.257
25.73	25.72	0.308293	57.352
25.70	25.72	0.308310	57.452
25.70	25.72	0.308327	57.556
25.70	25.72	0.308343	57.651
25.70	25.72	0.308360	57.750
25.70	25.72	0.308377	57.855
25.70	25.72	0.308393	57.949
25.70	25.72	0.308410	58.049
25.70	25.71	0.308427	58.153
25.70	25.71	0.308443	58.248
25.70	25.71	0.308460	58.348
25.70	25.71	0.308477	58.452
25.70	25.71	0.308493	58.547
25.70	25.71	0.308510	58.646
25.70	25.71	0.308527	58.751
25.70	25.71	0.308543	58.845
25.70	25.71	0.308560	58.947
25.70	25.71	0.308577	59.050
25.70	25.71	0.308593	59.144
25.73	25.71	0.308610	59.247
25.73	25.71	0.308627	59.348
25.73	25.71	0.308643	59.443
25.73	25.71	0.308660	59.547
25.73	25.71	0.308676	59.647
25.73	25.71	0.308693	59.741
25.73	25.71	0.308710	59.846
25.73	25.71	0.308726	59.946
25.73	25.71	0.308743	00.040
25.70	25.71	0.308760	00.145
25.70	25.71	0.308776	00.244
25.70	25.71	0.308793	00.340
25.70	25.71	0.308810	00.443
25.70	25.71	0.308826	00.543
25.70	25.71	0.308843	00.641
25.70	25.71	0.308860	00.742
25.70	25.71	0.308876	00.844
25.70	25.72	0.308893	00.940
25.70	25.72	0.308910	01.041
25.70	25.72	0.308926	01.143
25.70	25.72	0.308943	01.240
25.70	25.72	0.308960	01.340
25.70	25.72	0.308976	01.444
25.70	25.72	0.308993	01.540
25.70	25.72	0.309010	01.640
25.70	25.72	0.309026	01.744
25.70	25.73	0.309043	01.840
25.70	25.73	0.309060	01.940
25.70	25.73	0.309076	02.044
25.70	25.73	0.309093	02.141
25.73	25.73	0.309110	02.242
25.73	25.74	0.309126	02.344
25.73	25.74	0.309143	02.441
25.73	25.74	0.309160	02.541
25.73	25.74	0.309176	02.645
25.73	25.74	0.309193	02.741
25.73	25.75	0.309210	02.841
25.73	25.75	0.309226	02.944
25.73	25.75	0.309243	03.041
25.75	25.75	0.309260	03.142
25.75	25.75	0.309276	03.245
25.75	25.76	0.309293	03.341
25.75	25.76	0.309310	03.441
25.75	25.76	0.309326	03.545
25.75	25.76	0.309343	03.641
25.75	25.77	0.309360	03.741
25.75	25.77	0.309376	03.845
25.75	25.77	0.309393	03.941
25.75	25.78	0.309410	04.041
25.75	25.78	0.309426	04.145
25.78	25.78	0.309443	04.242
25.78	25.78	0.309460	04.342
25.78	25.79	0.309476	04.446
25.78	25.79	0.309493	04.542
25.78	25.79	0.309509	04.642
25.78	25.80	0.309526	04.746
25.78	25.80	0.309543	04.842
25.78	25.80	0.309559	04.942
25.80	25.81	0.309576	05.046
25.80	25.81	0.309593	05.142
25.80	25.81	0.309609	05.266
25.80	25.82	0.309626	05.346
25.80	25.82	0.309643	05.470
25.80	25.82	0.309659	05.565
25.80	25.83	0.309676	05.669
25.83	25.83	0.309693	05.769
25.83	25.83	0.309709	05.864
25.83	25.84	0.309726	05.968
25.83	25.84	0.309743	06.068
25.83	25.84	0.309759	06.162
25.83	25.85	0.309776	06.267
25.83	25.85	0.309793	06.366
25.86	25.85	0.309809	06.461
25.86	25.86	0.309826	06.565
25.86	25.86	0.309843	06.660
25.86	25.86	0.309859	06.760
25.86	25.87	0.309876	06.864
25.86	25.87	0.309893	06.959
25.88	25.87	0.309909	07.058
25.88	25.88	0.309926	07.163
25.88	25.88	0.309943	07.257
25.88	25.89	0.309959	07.357
25.88	25.89	0.309976	07.462
25.88	25.89	0.309993	07.556
25.88	25.90	0.310009	07.656
25.88	25.90	0.310026	07.760
25.88	25.90	0.310043	07.855
25.91	25.91	0.310059	07.954
25.91	25.91	0.310076	08.059
25.91	25.91	0.310093	08.153
25.91	25.92	0.310109	08.253
25.91	25.92	0.310126	08.358
25.91	25.92	0.310143	08.452
25.91	25.93	0.310159	08.553
25.91	25.93	0.310176	08.656
25.93	25.93	0.310193	08.751
25.93	25.94	0.310209	08.852
25.93	25.94	0.310226	08.955
25.93	25.94	0.310243	09.050
25.93	25.94	0.310259	09.152
25.93	25.95	0.310276	09.254
25.93	25.95	0.310293	09.348
25.96	25.95	0.310309	09.453
25.96	25.96	0.310326	09.552
25.96	25.96	0.310342	09.646
25.96	25.96	0.310359	09.752
25.96	25.96	0.310376	09.850
25.96	25.97	0.310392	09.945
25.96	25.97	0.310409	10.049
25.96	25.97	0.310426	10.149
25.99	25.98	0.310442	10.243
25.99	25.98	0.310459	10.348
25.99	25.98	0.310476	10.443
25.99	25.98	0.310492	10.543
25.99	25.99	0.310509	10.647
25.99	25.99	0.310526	10.743
25.99	25.99	0.310542	10.843
25.99	25.99	0.310559	10.945
25.99	25.99	0.310576	11.043
26.01	26.00	0.310592	11.143
26.01	26.00	0.310609	11.244
26.01	26.00	0.310626	11.344
26.01	26.00	0.310642	11.443
26.01	26.00	0.310659	11.543
26.01	26.01	0.310676	11.643
26.01	26.01	0.310692	11.743
26.01	26.01	0.310709	11.843
26.01	26.01	0.310726	11.943
26.01	26.01	0.310742	12.043
26.01	26.01	0.310759	12.143
26.01	26.01	0.310776	12.244
26.01	26.02	0.310792	12.343
26.01	26.02	0.310809	12.443
26.01	26.02	0.310826	12.543
26.04	26.02	0.310842	12.643
26.04	26.02	0.310859	12.743
26.04	26.02	0.310876	12.843
26.04	26.02	0.310892	12.943
26.04	26.02	0.310909	13.043
26.04	26.02	0.310926	13.143
26.04	26.02	0.310942	13.243
26.04	26.02	0.310959	13.343
26.04	26.02	0.310976	13.443
26.04	26.03	0.310992	13.543
26.04	26.03	0.311009	13.643
26.04	26.03	0.311026	13.743
26.04	26.03	0.311042	13.844
26.04	26.03	0.311059	13.943
26.04	26.03	0.311076	14.043
26.04	26.03	0.311092	14.143
26.04	26.03	0.311109	14.242
26.04	26.03	0.311126	14.342
26.04	26.03	0.311142	14.443
26.04	26.03	0.311159	14.543
26.04	26.03	0.311175	14.643
26.04	26.03	0.311192	14.743
26.04	26.03	0.311209	14.843
26.04	26.02	0.311225	14.943
26.04	26.02	0.311242	15.043
26.04	26.02	0.311259	15.143
26.04	26.02	0.311275	15.243
26.04	26.02	0.311292	15.343
26.01	26.02	0.311309	15.443
26.01	26.02	0.311325	15.543
26.01	26.02	0.311342	15.643
26.01	26.02	0.311359	15.743
26.01	26.02	0.311375	15.843
26.01	26.02	0.311392	15.943
26.01	26.02	0.311409	16.043
26.01	26.02	0.311425	16.172
26.01	26.01	0.311442	16.267
26.01	26.01	0.311459	16.366
26.01	26.01	0.311475	16.471
26.01	26.01	0.311492	16.566
26.01	26.01	0.311509	16.665
26.01	26.01	0.311525	16.770
26.01	26.01	0.311542	16.864
26.01	26.01	0.311559	16.964
26.01	26.00	0.311575	17.068
26.04	26.00	0.311592	17.163
26.04	26.00	0.311609	17.262
26.04	26.00	0.311625	17.367
26.04	26.00	0.311642	17.462
26.04	26.00	0.311659	17.561
26.04	25.99	0.311675	17.666
26.01	25.99	0.311692	17.760
26.01	25.99	0.311709	17.860
26.01	25.99	0.311725	17.964
26.01	25.99	0.311742	18.058
26.01	25.99	0.311759	18.159
26.01	25.98	0.311775	18.263
26.01	25.98	0.311792	18.358
26.01	25.98	0.311809	18.458
26.01	25.98	0.311825	18.562
25.99	25.98	0.311842	18.655
25.99	25.98	0.311859	18.759
25.99	25.97	0.311875	18.859
25.99	25.97	0.311892	18.954
25.99	25.97	0.311909	19.059
25.99	25.97	0.311925	19.158
25.99	25.97	0.311942	19.253
25.96	25.97	0.311959	19.357
25.96	25.96	0.311975	19.457
25.96	25.96	0.311992	19.551
25.96	25.96	0.312008	19.656
25.96	25.96	0.312025	19.756
25.96	25.96	0.312042	19.850
25.96	25.96	0.312058	19.955
25.96	25.95	0.312075	20.049
25.93	25.95	0.312092	20.149
25.93	25.95	0.312108	20.253
25.93	25.95	0.312125	20.348
25.93	25.95	0.312142	20.447
25.93	25.95	0.312158	20.552
25.93	25.94	0.312175	20.647
25.93	25.94	0.312192	20.746
25.93	25.94	0.312208	20.851
25.93	25.94	0.312225	20.945
25.93	25.94	0.312242	21.045
25.93	25.94	0.312258	21.149
25.93	25.94	0.312275	21.244
25.93	25.94	0.312292	21.344
25.93	25.93	0.312308	21.448
25.93	25.93	0.312325	21.543
25.93	25.93	0.312342	21.643
25.93	25.93	0.312358	21.747
25.93	25.93	0.312375	21.843
25.93	25.93	0.312392	21.943
25.93	25.93	0.312408	22.045
25.93	25.93	0.312425	22.143
25.93	25.93	0.312442	22.243
25.93	25.93	0.312458	22.344
25.93	25.93	0.312475	22.443
25.93	25.92	0.312492	22.543
25.93	25.92	0.312508	22.643
25.93	25.92	0.312525	22.743
25.93	25.92	0.312542	22.843
25.93	25.92	0.312558	22.943
25.93	25.92	0.312575	23.043
25.93	25.92	0.312592	23.143
25.93	25.92	0.312608	23.243
25.93	25.92	0.312625	23.343
25.93	25.92	0.312642	23.443
25.93	25.92	0.312658	23.543
25.93	25.92	0.312675	23.643
25.93	25.92	0.312692	23.743
25.91	25.92	0.312708	23.844
25.91	25.92	0.312725	23.943
25.91	25.92	0.312742	24.043
25.91	25.92	0.312758	24.144
25.91	25.92	0.312775	24.244
25.91	25.92	0.312792	24.344
25.91	25.92	0.312808	24.444
25.91	25.93	0.312825	24.544
25.91	25.93	0.312841	24.644
25.91	25.93	0.312858	24.744
25.91	25.93	0.312875	24.844
25.91	25.93	0.312891	24.944
25.91	25.93	0.312908	25.044
25.91	25.93	0.312925	25.144
25.91	25.93	0.312941	25.244
25.91	25.93	0.312958	25.344
25.91	25.93	0.312975	25.445
25.91	25.94	0.312991	25.544
25.91	25.94	0.313008	25.644
25.93	25.94	0.313025	25.744
25.93	25.94	0.313041	25.844
25.93	25.94	0.313058	25.944
25.93	25.94	0.313075	26.044
25.93	25.94	0.313091	26.144
25.93	25.95	0.313108	26.244
25.93	25.95	0.313125	26.344
25.93	25.95	0.313141	26.444
25.93	25.95	0.313158	26.544
25.93	25.95	0.313175	26.644
25.93	25.96	0.313191	26.744
25.93	25.96	0.313208	26.868
25.96	25.96	0.313225	26.973
25.96	25.96	0.313241	27.067
25.96	25.97	0.313258	27.167
25.96	25.97	0.313275	27.272
25.96	25.97	0.313291	27.366
25.96	25.97	0.313308	27.466
25.96	25.98	0.313325	27.571
25.96	25.98	0.313341	27.665
25.96	25.98	0.313358	27.765
25.96	25.98	0.313375	27.869
25.99	25.99	0.313391	27.964
25.99	25.99	0.313408	28.064
25.99	25.99	0.313425	28.168
25.99	25.99	0.313441	28.263
25.99	26.00	0.313458	28.364
25.99	26.00	0.313475	28.467
25.99	26.00	0.313491	28.561
25.99	26.01	0.313508	28.664
25.99	26.01	0.313525	28.765
26.01	26.01	0.313541	28.860
26.01	26.02	0.313558	28.964
26.01	26.02	0.313575	29.063
26.01	26.02	0.313591	29.158
26.01	26.03	0.313608	29.262
26.01	26.03	0.313625	29.363
26.01	26.03	0.313641	29.456
26.01	26.04	0.313658	29.561
26.01	26.04	0.313674	29.660
26.04	26.04	0.313691	29.755
26.04	26.05	0.313708	29.860
26.04	26.05	0.313724	29.954
26.04	26.05	0.313741	30.054
26.04	26.06	0.313758	30.158
26.04	26.06	0.313774	30.253
26.04	26.06	0.313791	30.352
26.06	26.07	0.313808	30.457
26.06	26.07	0.313824	30.552
26.06	26.07	0.313841	30.651
26.06	26.08	0.313858	30.756
26.06	26.08	0.313874	30.850
26.06	26.08	0.313891	30.950
26.09	26.09	0.313908	31.054
26.09	26.09	0.313924	31.149
26.09	26.09	0.313941	31.248
26.09	26.10	0.313958	31.353
26.09	26.10	0.313974	31.448
26.09	26.11	0.313991	31.547
26.12	26.11	0.314008	31.652
26.12	26.11	0.314024	31.746
26.12	26.12	0.314041	31.846
26.12	26.12	0.314058	31.950
26.12	26.12	0.314074	32.045
26.12	26.13	0.314091	32.147
26.14	26.13	0.314108	32.249
26.14	26.13	0.314124	32.344
26.14	26.14	0.314141	32.446
26.14	26.14	0.314158	32.548
26.14	26.14	0.314174	32.644
26.14	26.15	0.314191	32.747
26.14	26.15	0.314208	32.846
26.14	26.15	0.314224	32.944
26.14	26.15	0.314241	33.046
26.17	26.16	0.314258	33.145
26.17	26.16	0.314274	33.244
26.17	26.16	0.314291	33.344
26.17	26.17	0.314308	33.444
26.17	26.17	0.314324	33.544
26.17	26.17	0.314341	33.644
26.17	26.18	0.314358	33.744
26.17	26.18	0.314374	33.844
26.19	26.18	0.314391	33.944
26.19	26.18	0.314408	34.044
26.19	26.19	0.314424	34.144
26.19	26.19	0.314441	34.244
26.19	26.19	0.314458	34.344
26.19	26.19	0.314474	34.444
26.19	26.20	0.314491	34.544
26.19	26.20	0.314507	34.644
26.19	26.20	0.314524	34.744
26.19	26.20	0.314541	34.844
26.19	26.21	0.314557	34.944
26.22	26.21	0.314574	35.044
26.22	26.21	0.314591	35.144
26.22	26.21	0.314607	35.244
26.22	26.21	0.314624	35.344
26.22	26.22	0.314641	35.444
26.22	26.22	0.314657	35.544
26.22	26.22	0.314674	35.644
26.22	26.22	0.314691	35.744
26.22	26.22	0.314707	35.844
26.22	26.22	0.314724	35.944
26.22	26.22	0.314741	36.045
26.25	26.23	0.314757	36.144
26.25	26.23	0.314774	36.244
26.25	26.23	0.314791	36.344
26.25	26.23	0.314807	36.444
26.25	26.23	0.314824	36.544
26.25	26.23	0.314841	36.644
26.25	26.23	0.314857	36.744
26.25	26.23	0.314874	36.844
26.25	26.24	0.314891	36.944
26.25	26.24	0.314907	37.045
26.25	26.24	0.314924	37.144
26.25	26.24	0.314941	37.244
26.25	26.24	0.314957	37.345
26.25	26.24	0.314974	37.444
26.25	26.24	0.314991	37.544
26.25	26.24	0.315007	37.646
26.25	26.24	0.315024	37.744
26.25	26.24	0.315041	37.844
26.25	26.24	0.315057	37.945
26.25	26.24	0.315074	38.043
26.25	26.24	0.315091	38.167
26.25	26.24	0.315107	38.245
26.25	26.24	0.315124	38.371
26.25	26.24	0.315141	38.466
26.25	26.24	0.315157	38.546
26.25	26.24	0.315174	38.670
26.25	26.24	0.315191	38.765
26.25	26.24	0.315207	38.869
26.25	26.24	0.315224	38.969
26.25	26.24	0.315241	39.063
26.25	26.24	0.315257	39.168
26.25	26.24	0.315274	39.267
26.25	26.24	0.315291	39.362
26.25	26.24	0.315307	39.467
26.25	26.23	0.315324	39.566
26.25	26.23	0.315340	39.661
26.22	26.23	0.315357	39.765
26.22	26.23	0.315374	39.860
26.22	26.23	0.315390	39.959
26.22	26.23	0.315407	40.064
26.22	26.23	0.315424	40.158
26.22	26.23	0.315440	40.258
26.22	26.23	0.315457	40.363
26.22	26.23	0.315474	40.457
26.22	26.22	0.315490	40.557
26.22	26.22	0.315507	40.661
26.22	26.22	0.315524	40.756
26.22	26.22	0.315540	40.855
26.22	26.22	0.315557	40.960
26.22	26.22	0.315574	41.055
26.22	26.22	0.315590	41.154
26.22	26.21	0.315607	41.259
26.22	26.21	0.315624	41.353
26.22	26.21	0.315640	41.453
26.22	26.21	0.315657	41.557
26.22	26.21	0.315674	41.652
26.22	26.21	0.315690	41.752
26.22	26.20	0.315707	41.856
26.22	26.20	0.315724	41.951
26.22	26.20	0.315740	42.052
26.22	26.20	0.315757	42.155
26.22	26.20	0.315774	42.249
26.22	26.20	0.315790	42.353
26.22	26.19	0.315807	42.453
26.22	26.19	0.315824	42.548
26.22	26.19	0.315840	42.653
26.22	26.19	0.315857	42.752
26.22	26.19	0.315874	42.846
26.22	26.19	0.315890	42.951
26.22	26.18	0.315907	43.051
26.22	26.18	0.315924	43.145
26.22	26.18	0.315940	43.249
26.19	26.18	0.315957	43.348
26.19	26.18	0.315974	43.445
26.19	26.18	0.315990	43.548
26.19	26.17	0.316007	43.648
26.19	26.17	0.316024	43.745
26.19	26.17	0.316040	43.846
26.17	26.17	0.316057	43.949
26.17	26.17	0.316074	44.045
26.17	26.17	0.316090	44.145
26.17	26.16	0.316107	44.249
26.17	26.16	0.316124	44.345
26.17	26.16	0.316140	44.446
26.17	26.16	0.316157	44.549
26.14	26.16	0.316173	44.646
26.14	26.16	0.316190	44.746
26.14	26.16	0.316207	44.849
26.14	26.15	0.316223	44.946
26.14	26.15	0.316240	45.046
26.14	26.15	0.316257	45.150
26.14	26.15	0.316273	45.246
26.14	26.15	0.316290	45.346
26.14	26.15	0.316307	45.449
26.14	26.15	0.316323	45.546
26.14	26.15	0.316340	45.646
26.14	26.14	0.316357	45.750
26.14	26.14	0.316373	45.847
26.14	26.14	0.316390	45.946
26.14	26.14	0.316407	46.050
26.14	26.14	0.316423	46.146
26.14	26.14	0.316440	46.246
26.14	26.14	0.316457	46.350
26.14	26.14	0.316473	46.446
26.14	26.14	0.316490	46.546
26.14	26.14	0.316507	46.650
26.14	26.14	0.316523	46.747
26.14	26.14	0.316540	46.846
26.12	26.14	0.316557	46.946
26.12	26.14	0.316573	47.046
26.12	26.14	0.316590	47.146
26.12	26.14	0.316607	47.250
26.12	26.14	0.316623	47.346
26.12	26.14	0.316640	47.446
26.12	26.14	0.316657	47.546
26.12	26.14	0.316673	47.646
26.14	26.14	0.316690	47.746
26.14	26.14	0.316707	47.846
26.14	26.14	0.316723	47.946
26.14	26.14	0.316740	48.046
26.14	26.14	0.316757	48.146
26.14	26.14	0.316773	48.246
26.14	26.14	0.316790	48.346
26.14	26.14	0.316807	48.446
26.14	26.14	0.316823	48.546
26.14	26.14	0.316840	48.670
26.14	26.14	0.316857	48.775
26.14	26.14	0.316873	48.874
26.14	26.14	0.316890	48.969
26.14	26.14	0.316907	49.073
26.14	26.14	0.316923	49.173
26.14	26.14	0.316940	49.267
26.14	26.15	0.316957	49.372
26.14	26.15	0.316973	49.467
26.14	26.15	0.316990	49.566
26.14	26.15	0.317006	49.671
26.14	26.15	0.317023	49.765
26.14	26.15	0.317040	49.864
26.14	26.15	0.317056	49.968
26.14	26.16	0.317073	50.063
26.14	26.16	0.317090	50.163
26.14	26.16	0.317106	50.267
26.14	26.16	0.317123	50.362
26.14	26.16	0.317140	50.461
26.14	26.17	0.317156	50.566
26.14	26.17	0.317173	50.660
26.14	26.17	0.317190	50.760
26.17	26.17	0.317206	50.864
26.17	26.17	0.317223	50.959
26.17	26.18	0.317240	51.059
26.17	26.18	0.317256	51.163
26.17	26.18	0.317273	51.258
26.17	26.18	0.317290	51.357
26.17	26.19	0.317306	51.462
26.17	26.19	0.317323	51.556
26.17	26.19	0.317340	51.658
26.17	26.19	0.317356	51.760
26.17	26.20	0.317373	51.855
26.19	26.20	0.317390	51.958
26.19	26.20	0.317406	52.059
26.19	26.21	0.317423	52.154
26.19	26.21	0.317440	52.258
26.19	26.21	0.317456	52.358
26.19	26.21	0.317473	52.452
26.19	26.22	0.317490	52.557
26.19	26.22	0.317506	52.657
26.22	26.22	0.317523	52.751
26.22	26.23	0.317540	52.856
26.22	26.23	0.317556	52.955
26.22	26.23	0.317573	53.050
26.22	26.24	0.317590	53.154
26.22	26.24	0.317606	53.249
26.22	26.24	0.317623	53.349
26.22	26.25	0.317640	53.453
26.25	26.25	0.317656	53.548
26.25	26.25	0.317673	53.647
26.25	26.26	0.317690	53.752
26.25	26.26	0.317706	53.847
26.25	26.26	0.317723	53.947
26.25	26.27	0.317740	54.050
26.27	26.27	0.317756	54.147
26.27	26.27	0.317773	54.248
26.27	26.28	0.317790	54.349
26.27	26.28	0.317806	54.447
26.27	26.28	0.317823	54.547
26.27	26.29	0.317839	54.648
26.27	26.29	0.317856	54.747
26.30	26.29	0.317873	54.847
26.30	26.30	0.317889	54.947
26.30	26.30	0.317906	55.047
26.30	26.30	0.317923	55.147
26.30	26.31	0.317939	55.247
26.30	26.31	0.317956	55.347
26.30	26.32	0.317973	55.447
26.30	26.32	0.317989	55.547
26.32	26.32	0.318006	55.647
26.32	26.33	0.318023	55.747
26.32	26.33	0.318039	55.848
26.32	26.33	0.318056	55.947
26.32	26.34	0.318073	56.047
26.32	26.34	0.318089	56.147
26.32	26.34	0.318106	56.247
26.35	26.35	0.318123	56.347
26.35	26.35	0.318139	56.447
26.35	26.35	0.318156	56.547
26.35	26.36	0.318173	56.647
26.35	26.36	0.318189	56.747
26.35	26.36	0.318206	56.847
26.35	26.37	0.318223	56.947
26.38	26.37	0.318239	57.047
26.38	26.37	0.318256	57.147
26.38	26.37	0.318273	57.247
26.38	26.38	0.318289	57.347
26.38	26.38	0.318306	57.447
26.38	26.38	0.318323	57.547
26.38	26.39	0.318339	57.647
26.38	26.39	0.318356	57.747
26.40	26.39	0.318373	57.847
26.40	26.39	0.318389	57.947
26.40	26.40	0.318406	58.047
26.40	26.40	0.318423	58.147
26.40	26.40	0.318439	58.247
26.40	26.40	0.318456	58.348
26.40	26.41	0.318473	58.447
26.40	26.41	0.318489	58.547
26.40	26.41	0.318506	58.647
26.40	26.41	0.318523	58.747
26.43	26.42	0.318539	58.847
26.43	26.42	0.318556	58.947
26.43	26.42	0.318573	59.047
26.43	26.42	0.318589	59.147
26.43	26.42	0.318606	59.247
26.43	26.43	0.318623	59.346
26.43	26.43	0.318639	59.446
26.43	26.43	0.318656	59.575
26.43	26.43	0.318672	59.670
26.43	26.43	0.318689	59.769
26.43	26.44	0.318706	59.874
26.43	26.44	0.318722	59.968
26.45	26.44	0.318739	00.068
26.45	26.44	0.318756	00.173
26.45	26.44	0.318772	00.267
26.45	26.44	0.318789	00.367
26.45	26.44	0.318806	00.471
26.45	26.44	0.318822	00.566
26.45	26.45	0.318839	00.665
26.45	26.45	0.318856	00.770
26.45	26.45	0.318872	00.864
26.45	26.45	0.318889	00.964
26.45	26.45	0.318906	01.069
26.45	26.45	0.318922	01.163
26.45	26.45	0.318939	01.264
26.45	26.45	0.318956	01.367
26.48	26.45	0.318972	01.462
26.48	26.45	0.318989	01.563
26.48	26.45	0.319006	01.666
26.48	26.45	0.319022	01.761
26.48	26.45	0.319039	01.864
26.48	26.45	0.319056	01.965
26.48	26.45	0.319072	02.059
26.48	26.45	0.319089	02.164
26.48	26.45	0.319106	02.263
26.48	26.45	0.319122	02.358
26.48	26.45	0.319139	02.462
26.48	26.45	0.319156	02.562
26.48	26.45	0.319172	02.657
26.48	26.45	0.319189	02.761
26.45	26.45	0.319206	02.861
26.45	26.45	0.319222	02.955
26.45	26.45	0.319239	03.060
26.45	26.45	0.319256	03.154
26.45	26.45	0.319272	03.254
26.45	26.45	0.319289	03.358
26.45	26.45	0.319306	03.453
26.45	26.45	0.319322	03.553
26.45	26.45	0.319339	03.657
26.45	26.45	0.319356	03.752
26.45	26.44	0.319372	03.851
26.45	26.44	0.319389	03.956
26.45	26.44	0.319406	04.050
26.45	26.44	0.319422	04.150
26.45	26.44	0.319439	04.254
26.45	26.44	0.319456	04.349
26.45	26.44	0.319472	04.449
26.45	26.44	0.319489	04.553
26.45	26.44	0.319505	04.647
26.45	26.43	0.319522	04.747
26.45	26.43	0.319539	04.852
26.45	26.43	0.319555	04.948
26.45	26.43	0.319572	05.048
26.45	26.43	0.319589	05.150
26.45	26.43	0.319605	05.248
26.43	26.43	0.319622	05.348
26.43	26.42	0.319639	05.448
26.43	26.42	0.319655	05.548
26.43	26.42	0.319672	05.648
26.43	26.42	0.319689	05.748
26.43	26.42	0.319705	05.848
26.43	26.42	0.319722	05.948
26.43	26.41	0.319739	06.048
26.43	26.41	0.319755	06.148
26.43	26.41	0.319772	06.248
26.43	26.41	0.319789	06.348
26.43	26.41	0.319805	06.448
26.43	26.41	0.319822	06.548
26.40	26.40	0.319839	06.648
26.40	26.40	0.319855	06.749
26.40	26.40	0.319872	06.848
26.40	26.40	0.319889	06.948
26.40	26.40	0.319905	07.048
26.40	26.40	0.319922	07.148
26.40	26.39	0.319939	07.248
26.40	26.39	0.319955	07.348
26.40	26.39	0.319972	07.448
26.40	26.39	0.319989	07.548
26.40	26.39	0.320005	07.648
26.38	26.39	0.320022	07.748
26.38	26.38	0.320039	07.848
26.38	26.38	0.320055	07.948
26.38	26.38	0.320072	08.048
26.38	26.38	0.320089	08.148
26.38	26.38	0.320105	08.248
26.38	26.38	0.320122	08.349
26.38	26.37	0.320139	08.448
26.38	26.37	0.320155	08.548
26.38	26.37	0.320172	08.648
26.38	26.37	0.320189	08.748
26.38	26.37	0.320205	08.848
26.38	26.37	0.320222	08.948
26.38	26.37	0.320239	09.048
26.35	26.36	0.320255	09.148
26.35	26.36	0.320272	09.249
26.35	26.36	0.320289	09.348
26.35	26.36	0.320305	09.448
26.35	26.36	0.320322	09.548
26.35	26.36	0.320338	09.648
26.35	26.36	0.320355	09.748
26.35	26.36	0.320372	09.848
26.35	26.36	0.320388	09.948
26.35	26.36	0.320405	10.048
26.35	26.35	0.320422	10.148
26.35	26.35	0.320438	10.272
26.35	26.35	0.320455	10.377
26.35	26.35	0.320472	10.471
26.35	26.35	0.320488	10.571
26.35	26.35	0.320505	10.675
26.35	26.35	0.320522	10.770
26.35	26.35	0.320538	10.869
26.35	26.35	0.320555	10.974
26.35	26.35	0.320572	11.069
26.35	26.35	0.320588	11.169
26.35	26.35	0.320605	11.273
26.35	26.35	0.320622	11.367
26.35	26.35	0.320638	11.470
26.35	26.35	0.320655	11.571
26.35	26.35	0.320672	11.666
26.35	26.35	0.320688	11.769
26.35	26.35	0.320705	11.870
26.35	26.35	0.320722	11.964
26.35	26.35	0.320738	12.069
26.35	26.35	0.320755	12.169
26.35	26.35	0.320772	12.262
26.32	26.35	0.320788	12.367
26.32	26.35	0.320805	12.466
26.32	26.35	0.320822	12.561
26.32	26.35	0.320838	12.666
26.32	26.35	0.320855	12.760
26.32	26.35	0.320872	12.860
26.32	26.36	0.320888	12.964
26.35	26.36	0.320905	13.059
26.35	26.36	0.320922	13.158
26.35	26.36	0.320938	13.263
26.35	26.36	0.320955	13.357
26.35	26.36	0.320972	13.457
26.35	26.36	0.320988	13.562
26.35	26.36	0.321005	13.656
26.35	26.36	0.321022	13.756
26.35	26.37	0.321038	13.860
26.35	26.37	0.321055	13.955
26.38	26.37	0.321072	14.054
26.38	26.37	0.321088	14.159
26.38	26.37	0.321105	14.254
26.38	26.38	0.321122	14.353
26.38	26.38	0.321138	14.458
26.38	26.38	0.321155	14.552
26.38	26.38	0.321171	14.652
26.38	26.38	0.321188	14.756
26.38	26.39	0.321205	14.851
26.38	26.39	0.321221	14.952
26.38	26.39	0.321238	15.055
26.38	26.39	0.321255	15.150
26.38	26.39	0.321271	15.252
26.38	26.40	0.321288	15.354
26.38	26.40	0.321305	15.448
26.38	26.40	0.321321	15.552
26.40	26.40	0.321338	15.652
26.40	26.41	0.321355	15.748
26.40	26.41	0.321371	15.852
26.40	26.41	0.321388	15.951
26.40	26.42	0.321405	16.048
26.40	26.42	0.321421	16.150
26.40	26.42	0.321438	16.250
26.40	26.42	0.321455	16.348
26.40	26.43	0.321471	16.449
26.40	26.43	0.321488	16.548
26.43	26.43	0.321505	16.648
26.43	26.44	0.321521	16.748
26.43	26.44	0.321538	16.848
26.43	26.44	0.321555	16.948
26.43	26.45	0.321571	17.048
26.43	26.45	0.321588	17.148
26.43	26.45	0.321605	17.248
26.45	26.46	0.321621	17.348
26.45	26.46	0.321638	17.449
26.45	26.46	0.321655	17.548
26.45	26.47	0.321671	17.648
26.45	26.47	0.321688	17.748
26.45	26.47	0.321705	17.848
26.45	26.48	0.321721	17.948
26.45	26.48	0.321738	18.049
26.48	26.48	0.321755	18.148
26.48	26.49	0.321771	18.248
26.48	26.49	0.321788	18.349
26.48	26.49	0.321805	18.448
26.48	26.50	0.321821	18.548
26.50	26.50	0.321838	18.649
26.50	26.50	0.321855	18.748
26.50	26.51	0.321871	18.848
26.50	26.51	0.321888	18.950
26.50	26.51	0.321905	19.049
26.50	26.52	0.321921	19.149
26.53	26.52	0.321938	19.250
26.53	26.53	0.321955	19.349
26.53	26.53	0.321971	19.449
26.53	26.53	0.321988	19.549
26.53	26.54	0.322004	19.649
26.53	26.54	0.322021	19.749
26.53	26.54	0.322038	19.850
26.56	26.55	0.322054	19.949
26.56	26.55	0.322071	20.049
26.56	26.55	0.322088	20.151
26.56	26.56	0.322104	20.249
26.56	26.56	0.322121	20.349
26.56	26.56	0.322138	20.450
26.56	26.57	0.322154	20.549
26.56	26.57	0.322171	20.649
26.58	26.57	0.322188	20.751
26.58	26.58	0.322204	20.878
26.58	26.58	0.322221	20.949
26.58	26.58	0.322238	21.051
26.58	26.58	0.322254	21.177
26.58	26.59	0.322271	21.272
26.58	26.59	0.322288	21.350
26.58	26.59	0.322304	21.476
26.58	26.60	0.322321	21.570
26.58	26.60	0.322338	21.675
26.58	26.60	0.322354	21.774
26.61	26.60	0.322371	21.869
26.61	26.61	0.322388	21.974
26.61	26.61	0.322404	22.073
26.61	26.61	0.322421	22.168
26.61	26.62	0.322438	22.272
26.61	26.62	0.322454	22.372
26.61	26.62	0.322471	22.466
26.61	26.62	0.322488	22.571
26.63	26.63	0.322504	22.666
26.63	26.63	0.322521	22.765
26.63	26.63	0.322538	22.870
26.63	26.63	0.322554	22.964
26.63	26.63	0.322571	23.064
26.63	26.64	0.322588	23.168
26.63	26.64	0.322604	23.263
26.63	26.64	0.322621	23.362
26.63	26.64	0.322638	23.467
26.66	26.64	0.322654	23.562
26.66	26.65	0.322671	23.661
26.66	26.65	0.322688	23.766
26.66	26.65	0.322704	23.860
26.66	26.65	0.322721	23.960
26.66	26.65	0.322738	24.064
26.66	26.65	0.322754	24.159
26.66	26.65	0.322771	24.259
26.66	26.66	0.322788	24.363
26.66	26.66	0.322804	24.458
26.66	26.66	0.322821	24.557
26.66	26.66	0.322837	24.662
26.66	26.66	0.322854	24.756
26.66	26.66	0.322871	24.858
26.66	26.66	0.322887	24.960
26.68	26.66	0.322904	25.055
26.68	26.66	0.322921	25.158
26.68	26.66	0.322937	25.259
26.68	26.66	0.322954	25.354
26.68	26.66	0.322971	25.458
26.68	26.67	0.322987	25.558
26.68	26.67	0.323004	25.652
26.68	26.67	0.323021	25.757
26.68	26.67	0.323037	25.856
26.68	26.67	0.323054	25.951
26.68	26.67	0.323071	26.056
26.68	26.67	0.323087	26.155
26.68	26.67	0.323104	26.250
26.68	26.67	0.323121	26.354
26.68	26.67	0.323137	26.454
26.68	26.67	0.323154	26.550
26.68	26.67	0.323171	26.652
26.68	26.67	0.323187	26.754
26.68	26.67	0.323204	26.850
26.68	26.66	0.323221	26.952
26.68	26.66	0.323237	27.054
26.68	26.66	0.323254	27.150
26.68	26.66	0.323271	27.250
26.68	26.66	0.323287	27.355
26.66	26.66	0.323304	27.451
26.66	26.66	0.323321	27.550
26.66	26.66	0.323337	27.650
26.66	26.66	0.323354	27.750
26.66	26.66	0.323371	27.850
26.66	26.66	0.323387	27.954
26.66	26.66	0.323404	28.050
26.66	26.66	0.323421	28.150
26.66	26.65	0.323437	28.250
26.66	26.65	0.323454	28.351
26.66	26.65	0.323471	28.450
26.66	26.65	0.323487	28.550
26.66	26.65	0.323504	28.650
26.66	26.65	0.323521	28.750
26.66	26.65	0.323537	28.850
26.66	26.65	0.323554	28.950
26.66	26.64	0.323571	29.050
26.66	26.64	0.323587	29.150
26.66	26.64	0.323604	29.250
26.66	26.64	0.323621	29.350
26.66	26.64	0.323637	29.450
26.66	26.64	0.323654	29.550
26.66	26.63	0.323670	29.650
26.66	26.63	0.323687	29.750
26.66	26.63	0.323704	29.850
26.63	26.63	0.323720	29.950
26.63	26.63	0.323737	30.050
26.63	26.63	0.323754	30.150
26.63	26.62	0.323770	30.250
26.63	26.62	0.323787	30.350
26.63	26.62	0.323804	30.450
26.63	26.62	0.323820	30.550
26.63	26.62	0.323837	30.650
26.63	26.62	0.323854	30.750
26.63	26.61	0.323870	30.851
26.61	26.61	0.323887	30.950
26.61	26.61	0.323904	31.050
26.61	26.61	0.323920	31.150
26.61	26.61	0.323937	31.250
26.61	26.61	0.323954	31.350
26.61	26.60	0.323970	31.450
26.61	26.60	0.323987	31.550
26.61	26.60	0.324004	31.650
26.61	26.60	0.324020	31.750
26.61	26.60	0.324037	31.879
26.61	26.60	0.324054	31.979
26.61	26.59	0.324070	32.073
26.58	26.59	0.324087	32.178
26.58	26.59	0.324104	32.277
26.58	26.59	0.324120	32.372
26.58	26.59	0.324137	32.476
26.58	26.59	0.324154	32.571
26.58	26.58	0.324170	32.671
26.58	26.58	0.324187	32.775
26.58	26.58	0.324204	32.870
26.58	26.58	0.324220	32.969
26.58	26.58	0.324237	33.074
26.58	26.58	0.324254	33.168
26.58	26.58	0.324270	33.268
26.58	26.58	0.324287	33.372
26.58	26.57	0.324304	33.467
26.58	26.57	0.324320	33.567
26.58	26.57	0.324337	33.671
26.58	26.57	0.324354	33.766
26.58	26.57	0.324370	33.865
26.58	26.57	0.324387	33.970
26.58	26.57	0.324404	34.064
26.58	26.57	0.324420	34.164
26.56	26.57	0.324437	34.269
26.56	26.57	0.324454	34.362
26.56	26.57	0.324470	34.464
26.56	26.56	0.324487	34.567
26.56	26.56	0.324503	34.661
26.56	26.56	0.324520	34.763
26.56	26.56	0.324537	34.866
26.56	26.56	0.324553	34.959
26.56	26.56	0.324570	35.063
26.56	26.56	0.324587	35.164
26.56	26.56	0.324603	35.258
26.56	26.56	0.324620	35.363
26.56	26.56	0.324637	35.462
26.56	26.56	0.324653	35.557
26.56	26.56	0.324670	35.661
26.56	26.56	0.324687	35.761
26.56	26.56	0.324703	35.856
26.56	26.56	0.324720	35.960
26.56	26.56	0.324737	36.060
26.56	26.56	0.324753	36.154
26.56	26.56	0.324770	36.259
26.56	26.56	0.324787	36.353
26.56	26.56	0.324803	36.453
26.56	26.57	0.324820	36.557
26.56	26.57	0.324837	36.652
26.56	26.57	0.324853	36.752
26.56	26.57	0.324870	36.856
26.56	26.57	0.324887	36.951
26.56	26.57	0.324903	37.051
26.56	26.57	0.324920	37.155
26.56	26.57	0.324937	37.251
26.56	26.57	0.324953	37.351
26.56	26.57	0.324970	37.454
26.56	26.58	0.324987	37.551
26.56	26.58	0.325003	37.651
26.56	26.58	0.325020	37.752
26.56	26.58	0.325037	37.851
26.56	26.58	0.325053	37.951
26.56	26.58	0.325070	38.051
26.56	26.58	0.325087	38.151
26.56	26.59	0.325103	38.251
26.56	26.59	0.325120	38.351
26.56	26.59	0.325137	38.451
26.56	26.59	0.325153	38.551
26.56	26.59	0.325170	38.651
26.58	26.60	0.325187	38.751
26.58	26.60	0.325203	38.851
26.58	26.60	0.325220	38.951
26.58	26.60	0.325237	39.052
26.58	26.61	0.325253	39.151
26.58	26.61	0.325270	39.251
26.58	26.61	0.325287	39.351
26.58	26.61	0.325303	39.451
26.61	26.62	0.325320	39.551
26.61	26.62	0.325336	39.651
26.61	26.62	0.325353	39.751
26.61	26.62	0.325370	39.851
26.61	26.63	0.325386	39.952
26.61	26.63	0.325403	40.051
26.61	26.63	0.325420	40.151
26.63	26.63	0.325436	40.251
26.63	26.64	0.325453	40.351
26.63	26.64	0.325470	40.451
26.63	26.64	0.325486	40.551
26.63	26.65	0.325503	40.651
26.63	26.65	0.325520	40.751
26.63	26.65	0.325536	40.851
26.63	26.66	0.325553	40.951
26.66	26.66	0.325570	41.051
26.66	26.66	0.325586	41.151
26.66	26.67	0.325603	41.251
26.66	26.67	0.325620	41.351
26.66	26.67	0.325636	41.451
26.66	26.68	0.325653	41.552
26.68	26.68	0.325670	41.651
26.68	26.68	0.325686	41.751
26.68	26.69	0.325703	41.851
26.68	26.69	0.325720	41.951
26.68	26.69	0.325736	42.051
26.68	26.70	0.325753	42.151
26.68	26.70	0.325770	42.251
26.71	26.70	0.325786	42.351
26.71	26.71	0.325803	42.451
26.71	26.71	0.325820	42.551
26.71	26.71	0.325836	42.651
26.71	26.72	0.325853	42.774
26.74	26.72	0.325870	42.875
26.74	26.72	0.325886	42.979
26.74	26.73	0.325903	43.074
26.74	26.73	0.325920	43.172
26.74	26.73	0.325936	43.278
26.74	26.74	0.325953	43.372
26.74	26.74	0.325970	43.471
26.74	26.75	0.325986	43.576
26.74	26.75	0.326003	43.670
26.74	26.75	0.326020	43.770
26.76	26.76	0.326036	43.874
26.76	26.76	0.326053	43.969
26.76	26.76	0.326070	44.068
26.76	26.77	0.326086	44.173
26.76	26.77	0.326103	44.268
26.76	26.77	0.326120	44.369
26.76	26.78	0.326136	44.472
26.76	26.78	0.326153	44.566
26.76	26.78	0.326169	44.669
26.76	26.79	0.326186	44.770
26.79	26.79	0.326203	44.865
26.79	26.79	0.326219	44.969
26.79	26.79	0.326236	45.069
26.79	26.80	0.326253	45.164
26.79	26.80	0.326269	45.268
26.81	26.80	0.326286	45.368
26.81	26.81	0.326303	45.462
26.81	26.81	0.326319	45.567
26.81	26.81	0.326336	45.666
26.81	26.82	0.326353	45.761
26.81	26.82	0.326369	45.866
26.81	26.82	0.326386	45.960
26.84	26.82	0.326403	46.060
26.84	26.83	0.326419	46.164
26.84	26.83	0.326436	46.259
26.84	26.83	0.326453	46.358
26.84	26.83	0.326469	46.463
26.84	26.84	0.326486	46.558
26.84	26.84	0.326503	46.657
26.84	26.84	0.326519	46.762
26.84	26.84	0.326536	46.856
26.84	26.85	0.326553	46.956
26.84	26.85	0.326569	47.060
26.86	26.85	0.326586	47.155
26.86	26.85	0.326603	47.254
26.86	26.85	0.326619	47.359
26.86	26.86	0.326636	47.454
26.86	26.86	0.326653	47.553
26.86	26.86	0.326669	47.658
26.86	26.86	0.326686	47.752
26.86	26.86	0.326703	47.852
26.86	26.86	0.326719	47.956
26.86	26.86	0.326736	48.051
26.86	26.87	0.326753	48.152
26.86	26.87	0.326769	48.254
26.86	26.87	0.326786	48.351
26.89	26.87	0.326803	48.451
26.89	26.87	0.326819	48.554
26.89	26.87	0.326836	48.651
26.89	26.87	0.326853	48.752
26.89	26.87	0.326869	48.852
26.89	26.88	0.326886	48.951
26.89	26.88	0.326903	49.052
26.89	26.88	0.326919	49.151
26.89	26.88	0.326936	49.252
26.89	26.88	0.326953	49.352
26.89	26.88	0.326969	49.452
26.89	26.88	0.326986	49.552
26.89	26.88	0.327002	49.652
26.89	26.88	0.327019	49.752
26.89	26.88	0.327036	49.852
26.89	26.88	0.327052	49.952
26.89	26.88	0.327069	50.052
26.89	26.88	0.327086	50.152
26.89	26.88	0.327102	50.252
26.89	26.88	0.327119	50.352
26.89	26.88	0.327136	50.452
26.89	26.88	0.327152	50.552
26.89	26.88	0.327169	50.652
26.89	26.88	0.327186	50.752
26.89	26.88	0.327202	50.852
26.89	26.88	0.327219	50.952
26.89	26.88	0.327236	51.052
26.89	26.88	0.327252	51.152
26.89	26.88	0.327269	51.252
26.89	26.88	0.327286	51.352
26.89	26.88	0.327302	51.452
26.89	26.87	0.327319	51.553
26.89	26.87	0.327336	51.652
26.89	26.87	0.327352	51.752
26.89	26.87	0.327369	51.852
26.89	26.87	0.327386	51.952
26.89	26.87	0.327402	52.052
26.89	26.87	0.327419	52.152
26.89	26.87	0.327436	52.252
26.89	26.87	0.327452	52.352
26.89	26.87	0.327469	52.452
26.89	26.86	0.327486	52.552
26.89	26.86	0.327502	52.652
26.89	26.86	0.327519	52.752
26.86	26.86	0.327536	52.852
26.86	26.86	0.327552	52.952
26.86	26.86	0.327569	53.052
26.86	26.86	0.327586	53.152
26.86	26.85	0.327602	53.252
26.86	26.85	0.327619	53.352
26.86	26.85	0.327636	53.481
26.86	26.85	0.327652	53.576
26.86	26.85	0.327669	53.675
26.86	26.85	0.327686	53.780
26.84	26.84	0.327702	53.874
26.84	26.84	0.327719	53.975
26.84	26.84	0.327736	54.078
26.84	26.84	0.327752	54.173
26.84	26.84	0.327769	54.275
26.84	26.84	0.327786	54.377
26.84	26.83	0.327802	54.472
26.84	26.83	0.327819	54.575
26.84	26.83	0.327835	54.676
26.84	26.83	0.327852	54.770
26.84	26.83	0.327869	54.875
26.84	26.83	0.327885	54.974
26.84	26.82	0.327902	55.069
26.84	26.82	0.327919	55.174
26.84	26.82	0.327935	55.273
26.84	26.82	0.327952	55.368
26.84	26.82	0.327969	55.472
26.81	26.82	0.327985	55.572
26.81	26.81	0.328002	55.666
26.81	26.81	0.328019	55.771
26.81	26.81	0.328035	55.866
26.81	26.81	0.328052	55.965
26.81	26.81	0.328069	56.070
26.81	26.81	0.328085	56.164
26.81	26.80	0.328102	56.264
26.81	26.80	0.328119	56.368
26.81	26.80	0.328135	56.463
26.81	26.80	0.328152	56.563
26.81	26.80	0.328169	56.667
26.79	26.80	0.328185	56.761
26.79	26.80	0.328202	56.860
26.79	26.79	0.328219	56.966
26.79	26.79	0.328235	57.059
26.79	26.79	0.328252	57.159
26.79	26.79	0.328269	57.263
26.79	26.79	0.328285	57.358
26.79	26.79	0.328302	57.458
26.79	26.79	0.328319	57.562
26.79	26.79	0.328335	57.657
26.79	26.78	0.328352	57.757
26.79	26.78	0.328369	57.861
26.79	26.78	0.328385	57.955
26.79	26.78	0.328402	58.057
26.79	26.78	0.328419	58.159
26.79	26.78	0.328435	58.254
26.79	26.78	0.328452	58.358
26.79	26.78	0.328469	58.458
26.76	26.78	0.328485	58.553
26.76	26.78	0.328502	58.657
26.76	26.78	0.328519	58.757
26.76	26.78	0.328535	58.852
26.76	26.78	0.328552	58.956
26.76	26.78	0.328569	59.056
26.76	26.78	0.328585	59.152
26.76	26.78	0.328602	59.255
26.76	26.78	0.328619	59.354
26.76	26.78	0.328635	59.452
26.76	26.78	0.328652	59.553
26.76	26.78	0.328668	59.654
26.76	26.78	0.328685	59.752
26.76	26.78	0.328702	59.852
26.76	26.78	0.328718	59.954
26.76	26.78	0.328735	00.052
26.76	26.78	0.328752	00.152
26.79	26.78	0.328768	00.253
26.79	26.78	0.328785	00.352
26.79	26.78	0.328802	00.452
26.79	26.78	0.328818	00.554
26.79	26.78	0.328835	00.653
26.79	26.78	0.328852	00.752
26.79	26.78	0.328868	00.854
26.79	26.78	0.328885	00.952
26.79	26.78	0.328902	01.052
26.79	26.78	0.328918	01.154
26.79	26.78	0.328935	01.252
26.79	26.79	0.328952	01.352
26.79	26.79	0.328968	01.455
26.79	26.79	0.328985	01.552
26.79	26.79	0.329002	01.652
26.79	26.79	0.329018	01.755
26.79	26.79	0.329035	01.852
26.79	26.79	0.329052	01.952
26.79	26.80	0.329068	02.055
26.79	26.80	0.329085	02.152
26.79	26.80	0.329102	02.253
26.79	26.80	0.329118	02.355
26.79	26.80	0.329135	02.452
26.79	26.81	0.329152	02.552
26.79	26.81	0.329168	02.656
26.79	26.81	0.329185	02.752
26.79	26.81	0.329202	02.852
26.79	26.81	0.329218	02.955
26.79	26.82	0.329235	03.052
26.79	26.82	0.329252	03.152
26.79	26.82	0.329268	03.256
26.79	26.82	0.329285	03.352
26.79	26.83	0.329302	03.452
26.81	26.83	0.329318	03.556
26.81	26.83	0.329335	03.652
26.81	26.83	0.329352	03.752
26.81	26.84	0.329368	03.856
26.81	26.84	0.329385	03.952
26.81	26.84	0.329402	04.052
26.81	26.85	0.329418	04.156
26.84	26.85	0.329435	04.252
26.84	26.85	0.329452	04.351
26.84	26.85	0.329468	04.451
26.84	26.86	0.329485	04.580
26.84	26.86	0.329501	04.676
26.84	26.86	0.329518	04.779
26.86	26.87	0.329535	04.880
26.86	26.87	0.329551	04.974
26.86	26.87	0.329568	05.078
26.86	26.88	0.329585	05.178
26.86	26.88	0.329601	05.272
26.86	26.88	0.329618	05.377
26.86	26.89	0.329635	05.471
26.89	26.89	0.329651	05.571
26.89	26.89	0.329668	05.675
26.89	26.90	0.329685	05.770
26.89	26.90	0.329701	05.870
26.89	26.90	0.329718	05.974
26.89	26.91	0.329735	06.069
26.92	26.91	0.329751	06.168
26.92	26.91	0.329768	06.273
26.92	26.92	0.329785	06.367
26.92	26.92	0.329801	06.467
26.92	26.92	0.329818	06.571
26.92	26.93	0.329835	06.666
26.92	26.93	0.329851	06.766
26.92	26.93	0.329868	06.870
26.92	26.94	0.329885	06.965
26.94	26.94	0.329901	07.064
26.94	26.94	0.329918	07.169
26.94	26.95	0.329935	07.263
26.94	26.95	0.329951	07.363
26.94	26.96	0.329968	07.468
26.94	26.96	0.329985	07.562
26.94	26.96	0.330001	07.663
26.94	26.97	0.330018	07.766
26.97	26.97	0.330035	07.861
26.97	26.97	0.330051	07.963
26.97	26.98	0.330068	08.065
26.97	26.98	0.330085	08.159
26.97	26.98	0.330101	08.263
26.97	26.99	0.330118	08.364
26.99	26.99	0.330135	08.458
26.99	26.99	0.330151	08.563
26.99	27.00	0.330168	08.662
26.99	27.00	0.330185	08.757
26.99	27.00	0.330201	08.861
26.99	27.01	0.330218	08.961
27.02	27.01	0.330235	09.056
27.02	27.01	0.330251	09.160
27.02	27.01	0.330268	09.260
27.02	27.02	0.330285	09.354
27.02	27.02	0.330301	09.459
27.02	27.02	0.330318	09.553
27.02	27.03	0.330334	09.653
27.04	27.03	0.330351	09.757
27.04	27.03	0.330368	09.852
27.04	27.03	0.330384	09.952
27.04	27.04	0.330401	10.056
27.04	27.04	0.330418	10.152
27.04	27.04	0.330434	10.252
27.04	27.04	0.330451	10.354
27.04	27.05	0.330468	10.452
27.04	27.05	0.330484	10.552
27.07	27.05	0.330501	10.654
27.07	27.05	0.330518	10.752
27.07	27.06	0.330534	10.852
27.07	27.06	0.330551	10.952
27.07	27.06	0.330568	11.052
27.07	27.06	0.330584	11.152
27.07	27.06	0.330601	11.252
27.07	27.07	0.330618	11.352
27.07	27.07	0.330634	11.452
27.07	27.07	0.330651	11.552
27.07	27.07	0.330668	11.652
27.07	27.07	0.330684	11.752
27.09	27.08	0.330701	11.852
27.09	27.08	0.330718	11.952
27.09	27.08	0.330734	12.052
27.09	27.08	0.330751	12.152
27.09	27.08	0.330768	12.252
27.09	27.08	0.330784	12.352
27.09	27.08	0.330801	12.452
27.09	27.08	0.330818	12.552
27.09	27.09	0.330834	12.652
27.09	27.09	0.330851	12.752
27.09	27.09	0.330868	12.852
27.09	27.09	0.330884	12.952
27.09	27.09	0.330901	13.052
27.09	27.09	0.330918	13.153
27.09	27.09	0.330934	13.252
27.09	27.09	0.330951	13.352
27.12	27.09	0.330968	13.452
27.12	27.09	0.330984	13.552
27.12	27.09	0.331001	13.652
27.12	27.09	0.331018	13.752
27.12	27.09	0.331034	13.852
27.12	27.09	0.331051	13.952
27.12	27.09	0.331068	14.052
27.12	27.09	0.331084	14.152
27.12	27.09	0.331101	14.252
27.12	27.09	0.331118	14.352
27.09	27.09	0.331134	14.452
27.09	27.09	0.331151	14.552
27.09	27.09	0.331167	14.652
27.09	27.09	0.331184	14.753
27.09	27.09	0.331201	14.852
27.09	27.09	0.331217	14.952
27.09	27.09	0.331234	15.052
27.09	27.09	0.331251	15.152
27.09	27.09	0.331267	15.252
27.09	27.09	0.331284	15.352
27.09	27.09	0.331301	15.476
27.09	27.09	0.331317	15.581
27.09	27.09	0.331334	15.675
27.09	27.09	0.331351	15.775
27.09	27.08	0.331367	15.880
27.09	27.08	0.331384	15.974
27.09	27.08	0.331401	16.074
27.09	27.08	0.331417	16.178
27.09	27.08	0.331434	16.273
27.09	27.08	0.331451	16.372
27.09	27.08	0.331467	16.477
27.09	27.08	0.331484	16.571
27.09	27.08	0.331501	16.671
27.09	27.07	0.331517	16.775
27.09	27.07	0.331534	16.870
27.09	27.07	0.331551	16.970
27.09	27.07	0.331567	17.074
27.09	27.07	0.331584	17.169
27.09	27.07	0.331601	17.268
27.09	27.07	0.331617	17.373
27.07	27.06	0.331634	17.467
27.07	27.06	0.331651	17.569
27.07	27.06	0.331667	17.672
27.07	27.06	0.331684	17.766
27.07	27.06	0.331701	17.869
27.07	27.06	0.331717	17.970
27.07	27.05	0.331734	18.065
27.07	27.05	0.331751	18.169
27.07	27.05	0.331767	18.269
27.07	27.05	0.331784	18.363
27.07	27.05	0.331801	18.468
27.07	27.05	0.331817	18.568
27.07	27.04	0.331834	18.662
27.04	27.04	0.331851	18.767
27.04	27.04	0.331867	18.866
27.04	27.04	0.331884	18.961
27.04	27.04	0.331901	19.065
27.04	27.04	0.331917	19.160
27.04	27.03	0.331934	19.260
27.04	27.03	0.331951	19.364
27.04	27.03	0.331967	19.459
27.04	27.03	0.331984	19.558
27.04	27.03	0.332000	19.663
27.02	27.03	0.332017	19.757
27.02	27.02	0.332034	19.856
27.02	27.02	0.332050	19.960
27.02	27.02	0.332067	20.055
27.02	27.02	0.332084	20.155
27.02	27.02	0.332100	20.259
27.02	27.02	0.332117	20.354
27.02	27.01	0.332134	20.454
27.02	27.01	0.332150	20.559
27.02	27.01	0.332167	20.652
27.02	27.01	0.332184	20.752
27.02	27.01	0.332200	20.857
26.99	27.01	0.332217	20.952
26.99	27.01	0.332234	21.052
26.99	27.00	0.332250	21.155
26.99	27.00	0.332267	21.252
26.99	27.00	0.332284	21.352
26.99	27.00	0.332300	21.454
26.99	27.00	0.332317	21.552
26.99	27.00	0.332334	21.652
26.99	27.00	0.332350	21.753
26.99	27.00	0.332367	21.852
26.99	27.00	0.332384	21.952
26.99	27.00	0.332400	22.052
26.99	26.99	0.332417	22.152
26.99	26.99	0.332434	22.252
26.99	26.99	0.332450	22.352
26.99	26.99	0.332467	22.453
26.99	26.99	0.332484	22.552
26.99	26.99	0.332500	22.652
26.99	26.99	0.332517	22.752
26.99	26.99	0.332534	22.852
26.99	26.99	0.332550	22.952
26.99	26.99	0.332567	23.052
26.99	26.99	0.332584	23.152
26.99	26.99	0.332600	23.252
26.97	26.99	0.332617	23.352
26.97	26.99	0.332634	23.452
26.97	26.99	0.332650	23.553
26.97	26.99	0.332667	23.653
26.97	26.99	0.332684	23.753
26.97	26.99	0.332700	23.853
26.97	26.99	0.332717	23.953
26.97	26.99	0.332734	24.053
26.97	26.99	0.332750	24.153
26.99	26.99	0.332767	24.253
26.99	26.99	0.332784	24.353
26.99	26.99	0.332800	24.453
26.99	26.99	0.332817	24.553
26.99	26.99	0.332833	24.653
26.99	26.99	0.332850	24.753
26.99	26.99	0.332867	24.853
26.99	27.00	0.332883	24.953
26.99	27.00	0.332900	25.053
26.99	27.00	0.332917	25.153
26.99	27.00	0.332933	25.253
26.99	27.00	0.332950	25.353
26.99	27.00	0.332967	25.453
26.99	27.00	0.332983	25.553
26.99	27.00	0.333000	25.653
26.99	27.00	0.333017	25.753
26.99	27.01	0.333033	25.853
26.99	27.01	0.333050	25.953
26.99	27.01	0.333067	26.053
26.99	27.01	0.333083	26.153
26.99	27.01	0.333100	26.253
26.99	27.02	0.333117	26.382
26.99	27.02	0.333133	26.477
27.02	27.02	0.333150	26.576
27.02	27.02	0.333167	26.681
27.02	27.02	0.333183	26.776
27.02	27.03	0.333200	26.875
27.02	27.03	0.333217	26.980
27.02	27.03	0.333233	27.074
27.02	27.03	0.333250	27.174
27.02	27.03	0.333267	27.278
27.02	27.04	0.333283	27.372
27.02	27.04	0.333300	27.474
27.02	27.04	0.333317	27.576
27.04	27.04	0.333333	27.671
27.04	27.05	0.333350	27.774
27.04	27.05	0.333367	27.875
27.04	27.05	0.333383	27.969
27.04	27.06	0.333400	28.074
27.04	27.06	0.333417	28.173
27.04	27.06	0.333433	28.268
27.04	27.06	0.333450	28.373
27.04	27.07	0.333467	28.472
27.04	27.07	0.333483	28.567
27.07	27.07	0.333500	28.671
27.07	27.08	0.333517	28.771
27.07	27.08	0.333533	28.865
27.07	27.08	0.333550	28.970
27.07	27.09	0.333567	29.064
27.07	27.09	0.333583	29.164
27.07	27.09	0.333600	29.269
27.09	27.10	0.333617	29.363
27.09	27.10	0.333633	29.463
27.09	27.10	0.333650	29.567
27.09	27.11	0.333666	29.662
27.09	27.11	0.333683	29.761
27.09	27.11	0.333700	29.866
27.09	27.12	0.333716	29.961
27.12	27.12	0.333733	30.060
27.12	27.12	0.333750	30.165
27.12	27.13	0.333766	30.259
27.12	27.13	0.333783	30.359
27.12	27.13	0.333800	30.463
27.15	27.14	0.333816	30.558
27.15	27.14	0.333833	30.657
27.15	27.14	0.333850	30.762
27.15	27.15	0.333866	30.857
27.15	27.15	0.333883	30.956
27.15	27.15	0.333900	31.061
27.15	27.16	0.333916	31.155
27.17	27.16	0.333933	31.257
27.17	27.17	0.333950	31.359
27.17	27.17	0.333966	31.454
27.17	27.17	0.333983	31.556
27.17	27.18	0.334000	31.658
27.17	27.18	0.334016	31.754
27.17	27.18	0.334033	31.857
27.17	27.19	0.334050	31.957
27.17	27.19	0.334066	32.054
27.20	27.19	0.334083	32.156
27.20	27.20	0.334100	32.255
27.20	27.20	0.334116	32.354
27.20	27.20	0.334133	32.454
27.20	27.21	0.334150	32.554
27.20	27.21	0.334166	32.654
27.20	27.21	0.334183	32.754
27.20	27.22	0.334200	32.854
27.22	27.22	0.334216	32.954
27.22	27.22	0.334233	33.054
27.22	27.22	0.334250	33.154
27.22	27.23	0.334266	33.254
27.22	27.23	0.334283	33.354
27.22	27.23	0.334300	33.454
27.22	27.24	0.334316	33.555
27.22	27.24	0.334333	33.654
27.25	27.24	0.334350	33.754
27.25	27.24	0.334366	33.854
27.25	27.25	0.334383	33.954
27.25	27.25	0.334400	34.054
27.25	27.25	0.334416	34.154
27.25	27.26	0.334433	34.254
27.25	27.26	0.334450	34.354
27.25	27.26	0.334466	34.454
27.27	27.26	0.334483	34.554
27.27	27.27	0.334499	34.654
27.27	27.27	0.334516	34.754
27.27	27.27	0.334533	34.854
27.27	27.27	0.334549	34.954
27.27	27.27	0.334566	35.054
27.27	27.28	0.334583	35.154
27.27	27.28	0.334599	35.254
27.30	27.28	0.334616	35.354
27.30	27.28	0.334633	35.454
27.30	27.28	0.334649	35.555
27.30	27.29	0.334666	35.654
27.30	27.29	0.334683	35.754
27.30	27.29	0.334699	35.854
27.30	27.29	0.334716	35.954
27.30	27.29	0.334733	36.055
27.30	27.29	0.334749	36.155
27.30	27.29	0.334766	36.254
27.30	27.30	0.334783	36.354
27.30	27.30	0.334799	36.455
27.30	27.30	0.334816	36.554
27.30	27.30	0.334833	36.654
27.30	27.30	0.334849	36.755
27.30	27.30	0.334866	36.854
27.30	27.30	0.334883	36.954
27.33	27.30	0.334899	37.055
27.33	27.30	0.334916	37.153
27.33	27.30	0.334933	37.278
27.33	27.30	0.334949	37.356
27.33	27.30	0.334966	37.482
27.33	27.31	0.334983	37.577
27.33	27.31	0.334999	37.656
27.33	27.31	0.335016	37.780
27.33	27.31	0.335033	37.875
27.33	27.31	0.335049	37.979
27.30	27.31	0.335066	38.079
27.30	27.31	0.335083	38.173
27.30	27.31	0.335099	38.278
27.30	27.31	0.335116	38.377
27.30	27.31	0.335133	38.472
27.30	27.31	0.335149	38.577
27.30	27.31	0.335166	38.676
27.30	27.31	0.335183	38.771
27.30	27.31	0.335199	38.875
27.30	27.30	0.335216	38.970
27.30	27.30	0.335233	39.069
27.30	27.30	0.335249	39.174
27.30	27.30	0.335266	39.268
27.30	27.30	0.335283	39.368
27.30	27.30	0.335299	39.473
27.30	27.30	0.335316	39.567
27.30	27.30	0.335332	39.667
27.30	27.30	0.335349	39.771
27.30	27.30	0.335366	39.866
27.30	27.30	0.335382	39.965
27.30	27.30	0.335399	40.070
27.30	27.30	0.335416	40.165
27.30	27.29	0.335432	40.264
27.30	27.29	0.335449	40.369
27.30	27.29	0.335466	40.463
27.33	27.29	0.335482	40.563
27.33	27.29	0.335499	40.667
27.33	27.29	0.335516	40.762
27.33	27.29	0.335532	40.862
27.33	27.29	0.335549	40.966
27.33	27.28	0.335566	41.061
27.30	27.28	0.335582	41.162
27.30	27.28	0.335599	41.265
27.30	27.28	0.335616	41.359
27.30	27.28	0.335632	41.463
27.30	27.28	0.335649	41.563
27.30	27.27	0.335666	41.658
27.30	27.27	0.335682	41.763
27.30	27.27	0.335699	41.862
27.27	27.27	0.335716	41.957
27.27	27.27	0.335732	42.061
27.27	27.27	0.335749	42.161
27.27	27.26	0.335766	42.255
27.27	27.26	0.335782	42.360
27.27	27.26	0.335799	42.459
27.27	27.26	0.335816	42.555
27.27	27.26	0.335832	42.659
27.25	27.26	0.335849	42.758
27.25	27.25	0.335866	42.855
27.25	27.25	0.335882	42.956
27.25	27.25	0.335899	43.059
27.25	27.25	0.335916	43.155
27.25	27.25	0.335932	43.255
27.25	27.25	0.335949	43.358
27.25	27.24	0.335966	43.455
27.25	27.24	0.335982	43.555
27.25	27.24	0.335999	43.659
27.25	27.24	0.336016	43.755
27.25	27.24	0.336032	43.855
27.25	27.24	0.336049	43.959
27.22	27.23	0.336066	44.055
27.22	27.23	0.336082	44.155
27.22	27.23	0.336099	44.260
27.22	27.23	0.336116	44.355
27.22	27.23	0.336132	44.455
27.22	27.23	0.336149	44.559
27.22	27.22	0.336165	44.655
27.22	27.22	0.336182	44.755
27.22	27.22	0.336199	44.855
27.22	27.22	0.336215	44.955
27.22	27.22	0.336232	45.055
27.22	27.22	0.336249	45.155
27.22	27.22	0.336265	45.255
27.22	27.22	0.336282	45.355
27.22	27.21	0.336299	45.455
27.22	27.21	0.336315	45.555
27.22	27.21	0.336332	45.655
27.22	27.21	0.336349	45.755
27.22	27.21	0.336365	45.855
27.22	27.21	0.336382	45.955
27.22	27.21	0.336399	46.056
27.22	27.21	0.336415	46.155
27.22	27.21	0.336432	46.255
27.20	27.21	0.336449	46.355
27.20	27.21	0.336465	46.455
27.20	27.20	0.336482	46.555
27.20	27.20	0.336499	46.655
27.20	27.20	0.336515	46.755
27.20	27.20	0.336532	46.855
27.20	27.20	0.336549	46.955
27.20	27.20	0.336565	47.055
27.20	27.20	0.336582	47.155
27.20	27.20	0.336599	47.255
27.20	27.20	0.336615	47.355
27.20	27.20	0.336632	47.455
27.20	27.20	0.336649	47.555
27.20	27.20	0.336665	47.656
27.20	27.20	0.336682	47.755
27.20	27.20	0.336699	47.855
27.20	27.20	0.336715	47.984
27.20	27.20	0.336732	48.079
27.20	27.20	0.336749	48.183
27.17	27.20	0.336765	48.283
27.17	27.20	0.336782	48.377
27.17	27.20	0.336799	48.482
27.17	27.21	0.336815	48.576
27.17	27.21	0.336832	48.676
27.17	27.21	0.336849	48.781
27.17	27.21	0.336865	48.875
27.20	27.21	0.336882	48.975
27.20	27.21	0.336899	49.079
27.20	27.21	0.336915	49.174
27.20	27.21	0.336932	49.273
27.20	27.21	0.336949	49.378
27.20	27.21	0.336965	49.473
27.20	27.22	0.336982	49.572
27.20	27.22	0.336998	49.677
27.20	27.22	0.337015	49.771
27.20	27.22	0.337032	49.871
27.20	27.22	0.337048	49.975
27.22	27.22	0.337065	50.070
27.22	27.22	0.337082	50.169
27.22	27.23	0.337098	50.274
27.22	27.23	0.337115	50.369
27.22	27.23	0.337132	50.468
27.22	27.23	0.337148	50.573
27.22	27.23	0.337165	50.667
27.22	27.24	0.337182	50.768
27.22	27.24	0.337198	50.871
27.22	27.24	0.337215	50.966
27.22	27.24	0.337232	51.067
27.22	27.25	0.337248	51.170
27.22	27.25	0.337265	51.265
27.22	27.25	0.337282	51.368
27.25	27.25	0.337298	51.469
27.25	27.26	0.337315	51.563
27.25	27.26	0.337332	51.667
27.25	27.26	0.337348	51.766
27.25	27.26	0.337365	51.862
27.25	27.27	0.337382	51.966
27.25	27.27	0.337398	52.065
27.25	27.27	0.337415	52.160
27.27	27.27	0.337432	52.264
27.27	27.28	0.337448	52.364
27.27	27.28	0.337465	52.458
27.27	27.28	0.337482	52.563
27.27	27.29	0.337498	52.658
27.27	27.29	0.337515	52.757
27.27	27.29	0.337532	52.862
27.27	27.30	0.337548	52.956
27.30	27.30	0.337565	53.056
27.30	27.30	0.337582	53.160
27.30	27.31	0.337598	53.255
27.30	27.31	0.337615	53.355
27.30	27.31	0.337632	53.459
27.30	27.32	0.337648	53.556
27.30	27.32	0.337665	53.655
27.33	27.32	0.337682	53.758
27.33	27.33	0.337698	53.855
27.33	27.33	0.337715	53.955
27.33	27.33	0.337732	54.056
27.33	27.34	0.337748	54.155
27.33	27.34	0.337765	54.255
27.33	27.34	0.337782	54.355
27.35	27.35	0.337798	54.455
27.35	27.35	0.337815	54.555
27.35	27.35	0.337831	54.655
27.35	27.36	0.337848	54.755
27.35	27.36	0.337865	54.855
27.35	27.36	0.337881	54.955
27.35	27.37	0.337898	55.055
27.38	27.37	0.337915	55.156
27.38	27.37	0.337931	55.255
27.38	27.38	0.337948	55.355
27.38	27.38	0.337965	55.455
27.38	27.39	0.337981	55.555
27.38	27.39	0.337998	55.655
27.38	27.39	0.338015	55.755
27.38	27.40	0.338031	55.855
27.38	27.40	0.338048	55.955
27.40	27.40	0.338065	56.056
27.40	27.41	0.338081	56.155
27.40	27.41	0.338098	56.255
27.40	27.41	0.338115	56.355
27.40	27.42	0.338131	56.455
27.40	27.42	0.338148	56.555
27.40	27.42	0.338165	56.655
27.43	27.43	0.338181	56.755
27.43	27.43	0.338198	56.855
27.43	27.43	0.338215	56.955
27.43	27.43	0.338231	57.055
27.43	27.44	0.338248	57.155
27.43	27.44	0.338265	57.255
27.43	27.44	0.338281	57.355
27.45	27.45	0.338298	57.455
27.45	27.45	0.338315	57.555
27.45	27.45	0.338331	57.656
27.45	27.46	0.338348	57.755
27.45	27.46	0.338365	57.855
27.45	27.46	0.338381	57.955
27.48	27.46	0.338398	58.055
27.48	27.47	0.338415	58.155
27.48	27.47	0.338431	58.255
27.48	27.47	0.338448	58.355
27.48	27.47	0.338465	58.455
27.48	27.48	0.338481	58.556
27.48	27.48	0.338498	58.655
27.48	27.48	0.338515	58.755
27.50	27.48	0.338531	58.854
27.50	27.49	0.338548	58.955
27.50	27.49	0.338565	59.079
27.50	27.49	0.338581	59.179
27.50	27.49	0.338598	59.283
27.50	27.49	0.338615	59.378
27.50	27.50	0.338631	59.478
27.50	27.50	0.338648	59.582
27.50	27.50	0.338664	59.677
27.50	27.50	0.338681	59.775
27.50	27.50	0.338698	59.880
27.50	27.50	0.338714	59.974
27.50	27.50	0.338731	00.074
27.50	27.51	0.338748	00.178
27.53	27.51	0.338764	00.274
27.53	27.51	0.338781	00.374
27.53	27.51	0.338798	00.477
27.53	27.51	0.338814	00.572
27.53	27.51	0.338831	00.673
27.53	27.51	0.338848	00.776
27.53	27.51	0.338864	00.870
27.53	27.52	0.338881	00.974
27.53	27.52	0.338898	01.075
27.53	27.52	0.338914	01.169
27.53	27.52	0.338931	01.274
27.53	27.52	0.338948	01.373
27.53	27.52	0.338964	01.468
27.53	27.52	0.338981	01.572
27.53	27.52	0.338998	01.672
27.53	27.52	0.339014	01.767
27.53	27.52	0.339031	01.871
27.50	27.52	0.339048	01.971
27.50	27.52	0.339064	02.065
27.50	27.52	0.339081	02.170
27.50	27.52	0.339098	02.264
27.50	27.52	0.339114	02.364
27.50	27.52	0.339131	02.468
27.50	27.52	0.339148	02.563
27.50	27.52	0.339164	02.663
27.50	27.52	0.339181	02.767
27.53	27.52	0.339198	02.862
27.53	27.52	0.339214	02.961
27.53	27.52	0.339231	03.066
27.53	27.52	0.339248	03.160
27.53	27.52	0.339264	03.260
27.53	27.52	0.339281	03.365
27.53	27.52	0.339298	03.459
27.53	27.51	0.339314	03.559
27.53	27.51	0.339331	03.663
27.53	27.51	0.339348	03.758
27.53	27.51	0.339364	03.857
27.53	27.51	0.339381	03.962
27.53	27.51	0.339398	04.057
27.53	27.51	0.339414	04.156
27.53	27.51	0.339431	04.261
27.53	27.51	0.339448	04.355
27.53	27.51	0.339464	04.456
27.53	27.50	0.339481	04.559
27.53	27.50	0.339497	04.655
27.53	27.50	0.339514	04.756
27.53	27.50	0.339531	04.858
27.53	27.50	0.339547	04.956
27.53	27.50	0.339564	05.056
27.50	27.50	0.339581	05.157
27.50	27.49	0.339597	05.255
27.50	27.49	0.339614	05.355
27.50	27.49	0.339631	05.455
27.50	27.49	0.339647	05.555
27.50	27.49	0.339664	05.655
27.50	27.49	0.339681	05.755
27.50	27.48	0.339697	05.855
27.50	27.48	0.339714	05.955
27.50	27.48	0.339731	06.055
27.48	27.48	0.339747	06.155
27.48	27.48	0.339764	06.255
27.48	27.48	0.339781	06.355
27.48	27.47	0.339797	06.455
27.48	27.47	0.339814	06.556
27.48	27.47	0.339831	06.655
27.48	27.47	0.339847	06.755
27.48	27.47	0.339864	06.855
27.48	27.47	0.339881	06.955
27.48	27.46	0.339897	07.055
27.48	27.46	0.339914	07.155
27.45	27.46	0.339931	07.255
27.45	27.46	0.339947	07.355
27.45	27.46	0.339964	07.455
27.45	27.46	0.339981	07.555
27.45	27.45	0.339997	07.655
27.45	27.45	0.340014	07.755
27.45	27.45	0.340031	07.855
27.45	27.45	0.340047	07.955
27.45	27.45	0.340064	08.055
27.45	27.45	0.340081	08.156
27.45	27.44	0.340097	08.255
27.45	27.44	0.340114	08.355
27.45	27.44	0.340131	08.455
27.45	27.44	0.340147	08.555
27.45	27.44	0.340164	08.655
27.45	27.44	0.340181	08.755
27.45	27.44	0.340197	08.855
27.45	27.43	0.340214	08.955
27.43	27.43	0.340231	09.055
27.43	27.43	0.340247	09.156
27.43	27.43	0.340264	09.257
27.43	27.43	0.340281	09.357
27.43	27.43	0.340297	09.457
27.43	27.43	0.340314	09.581
27.43	27.43	0.340330	09.681
27.43	27.42	0.340347	09.785
27.43	27.42	0.340364	09.880
27.43	27.42	0.340380	09.979
27.43	27.42	0.340397	10.084
27.43	27.42	0.340414	10.179
27.43	27.42	0.340430	10.279
27.40	27.42	0.340447	10.383
27.40	27.42	0.340464	10.477
27.40	27.42	0.340480	10.580
27.40	27.42	0.340497	10.681
27.40	27.42	0.340514	10.776
27.40	27.42	0.340530	10.880
27.40	27.42	0.340547	10.980
27.40	27.42	0.340564	11.075
27.40	27.42	0.340580	11.179
27.40	27.42	0.340597	11.279
27.40	27.42	0.340614	11.373
27.40	27.42	0.340630	11.478
27.40	27.42	0.340647	11.577
27.40	27.42	0.340664	11.672
27.40	27.42	0.340680	11.777
27.40	27.42	0.340697	11.876
27.40	27.42	0.340714	11.971
27.40	27.42	0.340730	12.075
27.40	27.42	0.340747	12.169
27.43	27.42	0.340764	12.269
27.43	27.42	0.340780	12.374
27.43	27.42	0.340797	12.469
27.43	27.42	0.340814	12.568
27.43	27.42	0.340830	12.673
27.43	27.42	0.340847	12.767
27.43	27.42	0.340864	12.867
27.43	27.42	0.340880	12.971
27.43	27.42	0.340897	13.066
27.43	27.42	0.340914	13.165
27.43	27.42	0.340930	13.270
27.43	27.43	0.340947	13.364
27.43	27.43	0.340964	13.463
27.43	27.43	0.340980	13.568
27.43	27.43	0.340997	13.662
27.43	27.43	0.341014	13.762
27.43	27.43	0.341030	13.866
27.43	27.43	0.341047	13.961
27.43	27.44	0.341064	14.062
27.43	27.44	0.341080	14.165
27.43	27.44	0.341097	14.260
27.43	27.44	0.341114	14.361
27.43	27.44	0.341130	14.464
27.43	27.45	0.341147	14.558
27.43	27.45	0.341163	14.662
27.43	27.45	0.341180	14.762
27.43	27.45	0.341197	14.857
27.43	27.45	0.341213	14.962
27.43	27.46	0.341230	15.061
27.43	27.46	0.341247	15.157
27.43	27.46	0.341263	15.260
27.43	27.46	0.341280	15.360
27.43	27.47	0.341297	15.457
27.43	27.47	0.341313	15.559
27.43	27.47	0.341330	15.659
27.45	27.47	0.341347	15.757
27.45	27.48	0.341363	15.858
27.45	27.48	0.341380	15.958
27.45	27.48	0.341397	16.057
27.45	27.49	0.341413	16.157
27.45	27.49	0.341430	16.258
27.48	27.49	0.341447	16.357
27.48	27.49	0.341463	16.457
27.48	27.50	0.341480	16.559
27.48	27.50	0.341497	16.657
27.48	27.50	0.341513	16.757
27.50	27.51	0.341530	16.858
27.50	27.51	0.341547	16.957
27.50	27.51	0.341563	17.057
27.50	27.52	0.341580	17.159
27.53	27.52	0.341597	17.257
27.53	27.52	0.341613	17.357
27.53	27.53	0.341630	17.459
27.53	27.53	0.341647	17.557
27.53	27.53	0.341663	17.657
27.53	27.54	0.341680	17.759
27.53	27.54	0.341697	17.857
27.56	27.54	0.341713	17.957
27.56	27.55	0.341730	18.059
27.56	27.55	0.341747	18.158
27.56	27.55	0.341763	18.257
27.56	27.56	0.341780	18.360
27.56	27.56	0.341797	18.457
27.56	27.56	0.341813	18.557
27.56	27.57	0.341830	18.659
27.56	27.57	0.341847	18.757
27.56	27.57	0.341863	18.857
27.58	27.58	0.341880	18.960
27.58	27.58	0.341897	19.057
27.58	27.58	0.341913	19.157
27.58	27.59	0.341930	19.260
27.58	27.59	0.341947	19.357
27.58	27.60	0.341963	19.457
27.58	27.60	0.341980	19.560
27.58	27.60	0.341996	19.657
27.58	27.61	0.342013	19.757
27.58	27.61	0.342030	19.860
27.61	27.61	0.342046	19.957
27.61	27.62	0.342063	20.057
27.61	27.62	0.342080	20.161
27.61	27.62	0.342096	20.257
27.61	27.63	0.342113	20.357
27.61	27.63	0.342130	20.460
27.63	27.63	0.342146	20.557
27.63	27.64	0.342163	20.681
27.63	27.64	0.342180	20.760
27.63	27.64	0.342196	20.885
27.63	27.65	0.342213	20.979
27.63	27.65	0.342230	21.084
27.63	27.65	0.342246	21.183
27.66	27.65	0.342263	21.279
27.66	27.66	0.342280	21.382
27.66	27.66	0.342296	21.482
27.66	27.66	0.342313	21.576
27.66	27.67	0.342330	21.681
27.66	27.67	0.342346	21.776
27.66	27.67	0.342363	21.875
27.68	27.67	0.342380	21.980
27.68	27.68	0.342396	22.074
27.68	27.68	0.342413	22.174
27.68	27.68	0.342430	22.278
27.68	27.68	0.342446	22.373
27.68	27.69	0.342463	22.473
27.68	27.69	0.342480	22.577
27.68	27.69	0.342496	22.672
27.71	27.69	0.342513	22.771
27.71	27.70	0.342530	22.876
27.71	27.70	0.342546	22.970
27.71	27.70	0.342563	23.070
27.71	27.70	0.342580	23.174
27.71	27.70	0.342596	23.269
27.71	27.71	0.342613	23.369
27.71	27.71	0.342630	23.473
27.71	27.71	0.342646	23.568
27.71	27.71	0.342663	23.667
27.71	27.71	0.342680	23.772
27.74	27.72	0.342696	23.866
27.74	27.72	0.342713	23.967
27.74	27.72	0.342730	24.070
27.74	27.72	0.342746	24.165
27.74	27.72	0.342763	24.268
27.74	27.72	0.342780	24.369
27.74	27.72	0.342796	24.464
27.74	27.72	0.342813	24.567
27.74	27.73	0.342829	24.668
27.74	27.73	0.342846	24.762
27.74	27.73	0.342863	24.867
27.74	27.73	0.342879	24.967
27.74	27.73	0.342896	25.061
27.74	27.73	0.342913	25.166
27.74	27.73	0.342929	25.265
27.74	27.73	0.342946	25.360
27.74	27.73	0.342963	25.464
27.74	27.73	0.342979	25.564
27.74	27.73	0.342996	25.658
27.74	27.73	0.343013	25.763
27.74	27.73	0.343029	25.858
27.74	27.73	0.343046	25.958
27.74	27.73	0.343063	26.062
27.74	27.73	0.343079	26.158
27.74	27.73	0.343096	26.258
27.74	27.73	0.343113	26.360
27.74	27.73	0.343129	26.458
27.74	27.73	0.343146	26.559
27.74	27.73	0.343163	26.659
27.74	27.73	0.343179	26.758
27.74	27.73	0.343196	26.858
27.74	27.73	0.343213	26.958
27.74	27.73	0.343229	27.058
27.74	27.73	0.343246	27.158
27.74	27.73	0.343263	27.258
27.74	27.73	0.343279	27.358
27.74	27.73	0.343296	27.458
27.74	27.73	0.343313	27.558
27.74	27.73	0.343329	27.658
27.74	27.73	0.343346	27.758
27.74	27.72	0.343363	27.858
27.74	27.72	0.343379	27.958
27.74	27.72	0.343396	28.058
27.74	27.72	0.343413	28.159
27.74	27.72	0.343429	28.258
27.74	27.72	0.343446	28.358
27.71	27.72	0.343463	28.458
27.71	27.72	0.343479	28.558
27.71	27.72	0.343496	28.658
27.71	27.71	0.343513	28.758
27.71	27.71	0.343529	28.858
27.71	27.71	0.343546	28.958
27.71	27.71	0.343563	29.059
27.71	27.71	0.343579	29.158
27.71	27.71	0.343596	29.258
27.71	27.71	0.343613	29.358
27.71	27.70	0.343629	29.458
27.71	27.70	0.343646	29.558
27.71	27.70	0.343662	29.658
27.71	27.70	0.343679	29.758
27.71	27.70	0.343696	29.858
27.71	27.70	0.343712	29.958
27.71	27.69	0.343729	30.058
27.71	27.69	0.343746	30.158
27.71	27.69	0.343762	30.258
27.71	27.69	0.343779	30.358
27.71	27.69	0.343796	30.458
27.71	27.69	0.343812	30.558
27.71	27.68	0.343829	30.658
27.71	27.68	0.343846	30.758
27.68	27.68	0.343862	30.858
27.68	27.68	0.343879	30.958
27.68	27.68	0.343896	31.058
27.68	27.68	0.343912	31.158
27.68	27.67	0.343929	31.258
27.68	27.67	0.343946	31.387
27.68	27.67	0.343962	31.482
27.68	27.67	0.343979	31.586
27.68	27.67	0.343996	31.681
27.68	27.67	0.344012	31.781
27.66	27.66	0.344029	31.885
27.66	27.66	0.344046	31.980
27.66	27.66	0.344062	32.079
27.66	27.66	0.344079	32.184
27.66	27.66	0.344096	32.278
27.66	27.66	0.344112	32.378
27.66	27.65	0.344129	32.482
27.66	27.65	0.344146	32.577
27.66	27.65	0.344162	32.677
27.66	27.65	0.344179	32.781
27.66	27.65	0.344196	32.876
27.66	27.65	0.344212	32.975
27.66	27.65	0.344229	33.080
27.66	27.64	0.344246	33.174
27.63	27.64	0.344262	33.274
27.63	27.64	0.344279	33.379
27.63	27.64	0.344296	33.473
27.63	27.64	0.344312	33.573
27.63	27.64	0.344329	33.677
27.63	27.64	0.344346	33.772
27.63	27.64	0.344362	33.873
27.63	27.64	0.344379	33.976
27.63	27.64	0.344396	34.070
27.63	27.63	0.344412	34.173
27.63	27.63	0.344429	34.275
27.63	27.63	0.344446	34.369
27.63	27.63	0.344462	34.473
27.63	27.63	0.344479	34.573
27.63	27.63	0.344495	34.668
27.63	27.63	0.344512	34.772
27.63	27.63	0.344529	34.872
27.63	27.63	0.344545	34.967
27.63	27.63	0.344562	35.071
27.63	27.63	0.344579	35.171
27.63	27.63	0.344595	35.265
27.63	27.63	0.344612	35.370
27.63	27.63	0.344629	35.464
27.63	27.63	0.344645	35.563
27.63	27.63	0.344662	35.668
27.63	27.63	0.344679	35.762
27.63	27.63	0.344695	35.862
27.63	27.63	0.344712	35.966
27.63	27.63	0.344729	36.061
27.63	27.63	0.344745	36.160
27.63	27.63	0.344762	36.265
27.63	27.63	0.344779	36.359
27.63	27.63	0.344795	36.459
27.63	27.63	0.344812	36.564
27.61	27.63	0.344829	36.658
27.61	27.63	0.344845	36.758
27.61	27.63	0.344862	36.862
27.61	27.64	0.344879	36.958
27.61	27.64	0.344895	37.058
27.61	27.64	0.344912	37.161
27.61	27.64	0.344929	37.258
27.61	27.64	0.344945	37.358
27.61	27.64	0.344962	37.460
27.63	27.64	0.344979	37.558
27.63	27.64	0.344995	37.658
27.63	27.64	0.345012	37.758
27.63	27.65	0.345029	37.858
27.63	27.65	0.345045	37.958
27.63	27.65	0.345062	38.058
27.63	27.65	0.345079	38.158
27.63	27.65	0.345095	38.258
27.63	27.66	0.345112	38.358
27.66	27.66	0.345129	38.458
27.66	27.66	0.345145	38.558
27.66	27.66	0.345162	38.658
27.66	27.66	0.345179	38.758
27.66	27.67	0.345195	38.858
27.66	27.67	0.345212	38.958
27.66	27.67	0.345229	39.059
27.66	27.67	0.345245	39.158
27.66	27.67	0.345262	39.258
27.66	27.68	0.345279	39.358
27.66	27.68	0.345295	39.458
27.66	27.68	0.345312	39.558
27.68	27.68	0.345328	39.658
27.68	27.69	0.345345	39.758
27.68	27.69	0.345362	39.858
27.68	27.69	0.345378	39.959
27.68	27.70	0.345395	40.058
27.68	27.70	0.345412	40.158
27.68	27.70	0.345428	40.258
27.68	27.70	0.345445	40.358
27.68	27.71	0.345462	40.458
27.71	27.71	0.345478	40.558
27.71	27.71	0.345495	40.658
27.71	27.72	0.345512	40.758
27.71	27.72	0.345528	40.858
27.71	27.72	0.345545	40.958
27.71	27.73	0.345562	41.058
27.71	27.73	0.345578	41.158
27.71	27.73	0.345595	41.258
27.74	27.74	0.345612	41.358
27.74	27.74	0.345628	41.458
27.74	27.74	0.345645	41.559
27.74	27.75	0.345662	41.658
27.74	27.75	0.345678	41.758
27.74	27.75	0.345695	41.858
27.74	27.76	0.345712	41.958
27.74	27.76	0.345728	42.058
27.74	27.76	0.345745	42.158
27.76	27.77	0.345762	42.258
27.76	27.77	0.345778	42.358
27.76	27.77	0.345795	42.458
27.76	27.78	0.345812	42.582
27.76	27.78	0.345828	42.687
27.76	27.78	0.345845	42.781
27.79	27.79	0.345862	42.881
27.79	27.79	0.345878	42.985
27.79	27.79	0.345895	43.080
27.79	27.80	0.345912	43.179
27.79	27.80	0.345928	43.284
27.79	27.81	0.345945	43.379
27.79	27.81	0.345962	43.478
27.81	27.81	0.345978	43.583
27.81	27.82	0.345995	43.677
27.81	27.82	0.346012	43.779
27.81	27.82	0.346028	43.881
27.81	27.83	0.346045	43.976
27.81	27.83	0.346062	44.079
27.84	27.83	0.346078	44.180
27.84	27.84	0.346095	44.274
27.84	27.84	0.346112	44.379
27.84	27.84	0.346128	44.478
27.84	27.85	0.346145	44.573
27.84	27.85	0.346161	44.678
27.86	27.85	0.346178	44.777
27.86	27.86	0.346195	44.872
27.86	27.86	0.346211	44.976
27.86	27.86	0.346228	45.076
27.86	27.86	0.346245	45.169
27.86	27.87	0.346261	45.274
27.86	27.87	0.346278	45.369
27.86	27.87	0.346295	45.468
27.86	27.88	0.346311	45.573
27.89	27.88	0.346328	45.668
27.89	27.88	0.346345	45.768
27.89	27.88	0.346361	45.872
27.89	27.89	0.346378	45.967
27.89	27.89	0.346395	46.066
27.89	27.89	0.346411	46.170
27.89	27.90	0.346428	46.265
27.89	27.90	0.346445	46.364
27.89	27.90	0.346461	46.469
27.89	27.90	0.346478	46.563
27.92	27.91	0.346495	46.663
27.92	27.91	0.346511	46.767
27.92	27.91	0.346528	46.862
27.92	27.91	0.346545	46.962
27.92	27.91	0.346561	47.066
27.92	27.92	0.346578	47.161
27.92	27.92	0.346595	47.260
27.92	27.92	0.346611	47.365
27.92	27.92	0.346628	47.459
27.92	27.92	0.346645	47.561
27.92	27.93	0.346661	47.664
27.94	27.93	0.346678	47.758
27.94	27.93	0.346695	47.861
27.94	27.93	0.346711	47.962
27.94	27.93	0.346728	48.058
27.94	27.93	0.346745	48.161
27.94	27.93	0.346761	48.261
27.94	27.94	0.346778	48.358
27.94	27.94	0.346795	48.460
27.94	27.94	0.346811	48.560
27.94	27.94	0.346828	48.658
27.94	27.94	0.346845	48.759
27.94	27.94	0.346861	48.858
27.94	27.94	0.346878	48.958
27.94	27.94	0.346895	49.058
27.94	27.94	0.346911	49.158
27.97	27.94	0.346928	49.258
27.97	27.94	0.346945	49.358
27.97	27.94	0.346961	49.458
27.97	27.95	0.346978	49.558
27.97	27.95	0.346994	49.658
27.97	27.95	0.347011	49.758
27.97	27.95	0.347028	49.858
27.97	27.95	0.347044	49.958
27.97	27.95	0.347061	50.058
27.97	27.95	0.347078	50.159
27.97	27.95	0.347094	50.258
27.97	27.95	0.347111	50.358
27.97	27.95	0.347128	50.458
27.97	27.95	0.347144	50.558
27.97	27.95	0.347161	50.658
27.97	27.95	0.347178	50.758
27.97	27.95	0.347194	50.858
27.97	27.94	0.347211	50.958
27.94	27.94	0.347228	51.059
27.94	27.94	0.347244	51.158
27.94	27.94	0.347261	51.259
27.94	27.94	0.347278	51.358
27.94	27.94	0.347294	51.458
27.94	27.94	0.347311	51.558
27.94	27.94	0.347328	51.658
27.94	27.94	0.347344	51.758
27.94	27.94	0.347361	51.859
27.94	27.94	0.347378	51.958
27.94	27.94	0.347394	52.058
27.94	27.94	0.347411	52.159
27.94	27.93	0.347428	52.258
27.94	27.93	0.347444	52.358
27.94	27.93	0.347461	52.459
27.94	27.93	0.347478	52.558
27.94	27.93	0.347494	52.659
27.94	27.93	0.347511	52.759
27.94	27.93	0.347528	52.858
27.94	27.93	0.347544	52.958
27.94	27.92	0.347561	53.060
27.94	27.92	0.347578	53.158
27.92	27.92	0.347594	53.258
27.92	27.92	0.347611	53.359
27.92	27.92	0.347628	53.458
27.92	27.92	0.347644	53.558
27.92	27.91	0.347661	53.660
27.92	27.91	0.347678	53.787
27.92	27.91	0.347694	53.881
27.92	27.91	0.347711	53.960
27.92	27.91	0.347728	54.085
27.92	27.91	0.347744	54.180
27.92	27.90	0.347761	54.284
27.92	27.90	0.347778	54.384
27.92	27.90	0.347794	54.478
27.92	27.90	0.347811	54.583
27.92	27.90	0.347827	54.682
27.92	27.90	0.347844	54.776
27.92	27.89	0.347861	54.882
27.92	27.89	0.347877	54.980
27.92	27.89	0.347894	55.075
27.89	27.89	0.347911	55.179
27.89	27.89	0.347927	55.274
27.89	27.89	0.347944	55.374
27.89	27.88	0.347961	55.478
27.89	27.88	0.347977	55.573
27.89	27.88	0.347994	55.672
27.89	27.88	0.348011	55.777
27.89	27.88	0.348027	55.871
27.89	27.88	0.348044	55.971
27.89	27.87	0.348061	56.075
27.89	27.87	0.348077	56.170
27.86	27.87	0.348094	56.270
27.86	27.87	0.348111	56.374
27.86	27.87	0.348127	56.469
27.86	27.87	0.348144	56.568
27.86	27.86	0.348161	56.673
27.86	27.86	0.348177	56.767
27.86	27.86	0.348194	56.867
27.86	27.86	0.348211	56.972
27.86	27.86	0.348227	57.066
27.86	27.86	0.348244	57.167
27.86	27.86	0.348261	57.270
27.86	27.86	0.348277	57.365
27.86	27.85	0.348294	57.466
27.86	27.85	0.348311	57.569
27.86	27.85	0.348327	57.664
27.86	27.85	0.348344	57.767
27.86	27.85	0.348361	57.868
27.84	27.85	0.348377	57.962
27.84	27.85	0.348394	58.067
27.84	27.85	0.348411	58.166
27.84	27.85	0.348427	58.261
27.84	27.85	0.348444	58.365
27.84	27.85	0.348461	58.465
27.84	27.84	0.348477	58.560
27.84	27.84	0.348494	58.664
27.84	27.84	0.348511	58.764
27.84	27.84	0.348527	58.859
27.84	27.84	0.348544	58.963
27.84	27.84	0.348561	59.063
27.84	27.84	0.348577	59.159
27.84	27.84	0.348594	59.261
27.84	27.84	0.348611	59.363
27.84	27.84	0.348627	59.459
27.84	27.84	0.348644	59.559
27.84	27.84	0.348660	59.664
27.84	27.84	0.348677	59.759
27.84	27.84	0.348694	59.859
27.84	27.84	0.348710	59.963
27.84	27.84	0.348727	00.059
27.84	27.84	0.348744	00.160
27.81	27.84	0.348760	00.264
27.81	27.84	0.348777	00.359
27.81	27.84	0.348794	00.459
27.81	27.85	0.348810	00.559
27.81	27.85	0.348827	00.659
27.81	27.85	0.348844	00.759
27.81	27.85	0.348860	00.864
27.81	27.85	0.348877	00.959
27.84	27.85	0.348894	01.059
27.84	27.85	0.348910	01.159
27.84	27.85	0.348927	01.260
27.84	27.85	0.348944	01.360
27.84	27.85	0.348960	01.465
27.84	27.86	0.348977	01.560
27.84	27.86	0.348994	01.660
27.84	27.86	0.349010	01.764
27.84	27.86	0.349027	01.860
27.86	27.86	0.349044	01.960
27.86	27.86	0.349060	02.065
27.86	27.86	0.349077	02.160
27.86	27.87	0.349094	02.260
27.86	27.87	0.349110	02.360
27.86	27.87	0.349127	02.460
27.86	27.87	0.349144	02.560
27.86	27.87	0.349160	02.665
27.86	27.88	0.349177	02.760
27.86	27.88	0.349194	02.860
27.86	27.88	0.349210	02.960
27.86	27.88	0.349227	03.060
27.86	27.89	0.349244	03.160
27.86	27.89	0.349260	03.260
27.89	27.89	0.349277	03.360
27.89	27.89	0.349294	03.460
27.89	27.90	0.349310	03.560
27.89	27.90	0.349327	03.660
27.89	27.90	0.349344	03.760
27.89	27.90	0.349360	03.860
27.89	27.91	0.349377	03.960
27.89	27.91	0.349394	04.084
27.89	27.91	0.349410	04.189
27.89	27.91	0.349427	04.288
27.92	27.92	0.349444	04.383
27.92	27.92	0.349460	04.487
27.92	27.92	0.349477	04.587
27.92	27.93	0.349493	04.682
27.92	27.93	0.349510	04.786
27.92	27.93	0.349527	04.881
27.92	27.94	0.349543	04.980
27.92	27.94	0.349560	05.085
27.92	27.94	0.349577	05.179
27.94	27.95	0.349593	05.279
27.94	27.95	0.349610	05.384
27.94	27.95	0.349627	05.478
27.94	27.96	0.349643	05.578
27.94	27.96	0.349660	05.682
27.94	27.96	0.349677	05.777
27.94	27.97	0.349693	05.876
27.94	27.97	0.349710	05.981
27.97	27.97	0.349727	06.075
27.97	27.98	0.349743	06.175
27.97	27.98	0.349760	06.280
27.97	27.98	0.349777	06.374
27.97	27.99	0.349793	06.474
27.97	27.99	0.349810	06.578
27.99	27.99	0.349827	06.673
27.99	28.00	0.349843	06.772
27.99	28.00	0.349860	06.877
