2800.045,2590.837,2875.086,2754.033,2732.341,2707.900,2639.000,2611.700,2905.467,2636.818
2802.636,2589.010,2883.686,2743.850,2729.659,2685.767,2598.857,2612.067,2907.511,2614.455
2817.045,2601.000,2883.543,2739.900,2706.773,2705.067,2595.143,2600.967,2907.489,2639.000
2836.818,2615.163,2916.600,2744.533,2727.909,2736.100,2577.000,2557.600,2928.645,2656.727
2862.182,2620.275,2927.514,2756.200,2715.182,2746.767,2571.428,2564.500,2962.378,2699.606
2876.773,2634.541,2876.343,2760.783,2730.068,2764.567,2526.072,2518.833,2985.622,2726.758
2880.273,2642.521,2794.114,2760.667,2763.000,2784.533,2546.714,2520.933,3015.533,2783.061
2894.591,2647.296,2757.286,2763.850,2778.386,2809.533,2566.928,2525.100,3039.756,2793.606
2900.682,2656.265,2722.572,2772.167,2798.500,2842.100,2542.857,2518.900,3039.844,2826.061
2914.212,2661.918,2698.914,2782.417,2802.023,2830.700,2567.714,2534.033,3059.333,2839.818
2915.985,2653.541,2654.314,2779.867,2810.318,2854.067,2569.000,2525.067,3065.844,2867.606
2933.242,2655.296,2617.371,2769.550,2807.386,2862.400,2576.786,2522.633,3087.355,2844.182
2916.818,2653.582,2612.829,2734.733,2814.818,2846.033,2548.786,2509.467,3073.489,2847.545
2910.303,2656.928,2596.257,2710.217,2827.023,2838.900,2552.286,2509.700,3085.133,2835.667
2918.591,2659.021,2579.914,2704.850,2814.477,2834.767,2557.072,2511.500,3088.133,2861.333
2913.152,2642.428,2565.857,2692.717,2813.795,2839.867,2532.357,2521.967,3074.422,2840.303
2892.788,2645.653,2554.086,2668.550,2815.818,2834.433,2531.143,2526.967,3072.889,2867.424
2906.500,2640.286,2546.143,2651.300,2803.023,2831.867,2523.500,2509.700,3086.911,2842.515
2894.879,2624.082,2547.200,2639.400,2793.341,2822.167,2509.286,2500.567,3059.311,2828.758
2887.288,2632.623,2536.171,2607.883,2801.318,2820.467,2504.786,2504.200,3069.222,2836.788
2895.348,2630.051,2552.572,2598.150,2811.886,2824.867,2514.428,2488.400,3058.844,2822.091
2881.788,2632.296,2542.743,2594.100,2800.591,2841.100,2539.857,2480.933,3065.844,2846.545
2890.182,2639.592,2547.886,2589.367,2806.477,2824.833,2530.928,2484.000,3047.000,2830.545
2887.682,2636.928,2529.371,2562.217,2797.659,2809.367,2519.572,2486.033,3071.422,2821.424
2894.424,2636.326,2553.000,2559.850,2801.591,2820.333,2509.000,2488.767,3053.400,2815.667
2883.758,2637.041,2518.457,2565.117,2808.841,2824.400,2513.786,2509.967,3039.156,2824.182
2872.439,2634.572,2556.371,2558.117,2793.136,2827.400,2520.572,2484.567,3052.622,2790.636
2868.697,2636.357,2546.914,2544.000,2791.614,2824.233,2533.643,2483.533,3052.689,2809.667
2862.636,2641.572,2540.572,2546.333,2806.023,2829.167,2528.214,2501.967,3032.222,2811.394
2838.485,2630.725,2535.143,2544.533,2804.591,2832.900,2501.714,2499.033,3024.689,2825.939
2815.348,2638.479,2541.257,2544.900,2800.455,2846.267,2518.143,2503.100,3008.689,2813.061
2802.045,2635.806,2540.771,2549.450,2812.841,2839.067,2512.572,2521.167,3029.645,2841.697
2771.303,2629.357,2552.428,2546.233,2799.227,2828.067,2516.928,2524.033,2999.422,2819.030
2751.515,2625.602,2542.086,2554.700,2794.636,2833.633,2513.072,2519.500,2999.756,2818.061
2746.955,2640.275,2512.229,2550.567,2791.932,2829.100,2543.857,2540.467,2991.578,2807.364
2728.000,2642.572,2536.686,2544.750,2798.932,2837.600,2531.928,2526.900,2970.222,2805.818
2728.500,2640.439,2534.200,2544.850,2812.955,2835.100,2527.572,2562.167,2955.933,2819.394
2713.212,2632.806,2544.686,2535.900,2800.864,2857.300,2547.786,2560.200,2937.511,2803.818
2711.833,2643.275,2527.200,2548.700,2824.955,2850.567,2557.857,2582.967,2917.889,2813.424
2717.288,2626.163,2528.514,2541.033,2805.773,2846.700,2539.572,2572.600,2913.133,2806.485
2716.288,2635.796,2540.428,2549.567,2825.205,2841.900,2548.500,2594.367,2918.089,2797.848
2716.606,2636.398,2552.343,2544.833,2842.045,2853.867,2550.643,2594.033,2932.533,2797.515
2710.076,2635.245,2535.714,2546.783,2881.659,2854.967,2579.786,2623.867,2915.111,2805.727
2710.742,2634.041,2542.771,2546.017,2903.568,2843.300,2575.572,2608.633,2919.556,2799.242
2701.712,2631.021,2532.829,2550.500,2938.341,2869.733,2576.928,2632.500,2931.578,2802.970
2683.015,2637.275,2542.714,2543.850,2935.955,2855.500,2610.428,2658.467,2924.400,2793.152
2709.970,2631.459,2545.657,2550.400,2946.659,2847.833,2614.714,2664.633,2921.822,2805.545
2698.803,2625.235,2551.800,2547.850,2950.182,2872.733,2637.428,2711.900,2928.489,2778.152
2690.152,2628.418,2569.971,2564.150,2943.955,2882.200,2673.286,2716.900,2943.400,2790.182
2694.864,2638.888,2585.600,2562.700,2947.318,2867.667,2675.572,2758.233,2956.355,2788.788
2674.773,2635.225,2627.400,2567.417,2980.159,2859.467,2679.428,2770.400,2978.800,2786.182
2697.530,2627.031,2641.371,2563.867,3001.045,2863.833,2702.643,2793.100,3005.889,2773.667
2684.242,2629.847,2677.629,2583.050,2998.636,2866.433,2734.428,2779.767,3033.711,2760.061
2680.833,2648.123,2691.457,2591.067,2988.818,2871.633,2752.786,2796.167,3062.844,2752.576
2676.242,2633.041,2732.914,2599.383,3019.636,2904.733,2771.857,2777.667,3069.244,2778.394
2679.742,2627.898,2771.343,2614.667,2997.773,2889.133,2800.500,2818.233,3068.933,2760.939
2685.894,2630.928,2781.886,2632.167,2991.614,2895.033,2795.214,2822.967,3062.156,2779.636
2678.591,2624.714,2797.057,2647.733,2984.795,2919.433,2805.428,2798.600,3063.622,2765.909
2680.348,2632.428,2816.629,2661.967,3002.455,2925.667,2805.072,2805.267,3071.289,2753.152
2680.455,2641.643,2833.771,2675.267,2982.341,2894.867,2797.500,2809.667,3067.978,2745.273
2684.515,2640.265,2857.714,2694.350,2978.591,2908.533,2804.572,2799.267,3061.244,2718.727
2695.955,2638.826,2843.914,2703.317,2977.591,2923.500,2818.643,2805.567,3053.756,2751.121
2672.939,2642.255,2863.200,2738.817,2981.023,2913.867,2806.357,2826.800,3076.489,2717.727
2677.288,2629.388,2847.286,2752.883,2973.591,2906.100,2818.357,2804.200,3065.911,2737.576
2680.864,2634.704,2861.800,2755.367,2977.227,2916.567,2809.000,2800.667,3061.244,2745.333
2667.636,2631.357,2860.771,2775.617,2971.500,2910.400,2836.428,2815.200,3040.200,2715.242
2683.667,2633.775,2886.229,2784.950,2953.705,2905.067,2847.857,2791.533,3062.822,2736.455
2684.818,2636.469,2889.657,2797.417,2953.023,2928.400,2809.143,2785.800,3071.133,2712.091
2677.818,2640.684,2886.000,2813.267,2962.705,2912.200,2829.000,2774.767,3067.000,2705.273
2670.485,2636.306,2877.114,2831.050,2940.886,2922.667,2824.428,2773.633,3061.533,2692.364
2671.409,2632.725,2893.457,2843.233,2939.864,2926.033,2795.286,2771.067,3051.800,2701.424
2666.030,2629.367,2890.629,2851.850,2953.114,2922.800,2834.286,2765.867,3055.533,2699.455
2671.091,2644.469,2892.829,2852.017,2949.614,2921.133,2819.572,2755.933,3043.511,2672.030
2674.455,2637.572,2884.057,2862.467,2944.000,2925.900,2815.072,2753.833,3046.000,2693.061
2684.818,2634.663,2899.057,2861.700,2948.909,2904.967,2825.714,2746.467,3044.333,2688.000
2656.227,2628.347,2892.029,2858.967,2940.091,2899.533,2810.072,2747.333,3050.733,2683.333
2669.712,2631.837,2904.657,2878.350,2956.068,2896.767,2797.857,2723.667,3053.022,2695.242
2668.591,2630.469,2881.743,2876.800,2943.955,2864.200,2774.000,2749.167,3055.533,2667.545
2671.955,2628.377,2892.857,2881.167,2937.591,2874.633,2765.000,2738.700,3054.022,2692.182
2658.136,2629.377,2889.886,2871.700,2938.795,2872.367,2754.072,2755.167,3029.733,2666.939
2658.258,2627.684,2892.000,2888.267,2945.068,2872.600,2790.072,2733.067,3053.711,2669.091
2653.712,2626.459,2893.286,2881.800,2931.273,2861.200,2775.572,2728.367,3037.956,2672.606
2660.667,2638.031,2886.486,2871.483,2925.773,2834.700,2760.857,2726.167,3063.378,2688.455
2665.000,2623.490,2892.457,2874.500,2930.636,2826.633,2765.714,2732.167,3047.022,2670.758
2659.379,2637.357,2896.657,2875.350,2943.545,2835.767,2747.500,2720.933,3040.111,2664.576
2663.879,2620.235,2909.229,2872.383,2926.477,2819.333,2742.714,2741.233,3048.867,2661.364
2663.712,2623.888,2890.086,2881.550,2927.955,2817.733,2735.143,2728.767,3037.533,2653.788
2651.848,2627.388,2889.771,2880.017,2929.091,2812.400,2761.643,2720.633,3055.000,2662.788
2665.439,2628.826,2874.286,2882.133,2920.841,2800.633,2745.714,2724.133,3043.911,2663.212
2659.561,2626.786,2868.829,2869.233,2930.955,2815.067,2716.857,2712.333,3030.067,2662.515
2662.485,2626.449,2864.314,2893.017,2943.068,2798.367,2745.643,2726.267,3039.867,2651.848
2664.500,2638.377,2853.743,2892.517,2909.659,2774.133,2718.214,2711.333,3025.600,2664.121
2653.136,2621.082,2830.286,2899.033,2920.136,2786.900,2743.357,2725.267,3049.244,2660.242
2659.288,2629.112,2847.086,2892.300,2906.886,2784.400,2712.786,2703.233,3038.911,2649.939
2653.409,2631.225,2829.600,2899.667,2932.977,2779.633,2713.214,2715.967,3047.956,2671.455
2663.409,2630.092,2813.143,2881.733,2931.932,2787.833,2742.572,2709.200,3031.867,2660.485
2660.652,2624.663,2835.257,2885.467,2923.841,2786.833,2723.928,2694.633,3026.289,2658.667
2653.000,2625.572,2815.029,2881.350,2919.091,2783.300,2731.000,2709.767,3023.622,2649.909
2668.364,2633.643,2804.057,2885.850,2917.318,2759.833,2730.214,2701.767,3043.844,2655.091
2666.576,2624.592,2792.943,2884.900,2928.659,2759.367,2730.143,2695.000,3033.844,2637.061
2642.273,2628.398,2808.029,2888.050,2913.659,2765.333,2709.928,2713.933,3033.378,2645.394
2656.318,2620.979,2789.600,2888.633,2928.977,2781.833,2731.214,2702.133,3040.089,2660.273
2655.788,2622.786,2779.486,2890.650,2921.636,2773.400,2721.500,2682.067,3050.355,2649.758
2650.121,2615.663,2786.543,2883.767,2919.909,2772.100,2730.500,2692.867,3035.089,2661.545
2649.636,2622.755,2782.743,2893.417,2917.227,2774.767,2722.572,2707.333,3023.133,2652.576
2658.833,2632.602,2772.743,2893.217,2912.795,2773.667,2740.357,2699.400,3033.244,2651.697
2656.167,2618.112,2769.629,2890.683,2923.568,2767.700,2731.714,2691.700,3042.756,2648.848
2650.742,2623.082,2770.714,2892.417,2929.909,2776.100,2742.786,2697.533,3026.978,2655.273
2651.879,2616.796,2766.286,2891.467,2923.614,2760.800,2682.143,2686.133,3031.378,2646.606
2655.455,2621.979,2747.743,2890.867,2926.750,2753.700,2706.143,2687.300,3025.133,2635.909
2662.500,2623.418,2739.486,2889.167,2927.205,2755.233,2759.857,2674.533,3028.067,2629.424
2657.197,2619.633,2739.600,2878.583,2923.432,2758.300,2703.214,2698.500,3026.378,2643.212
2649.682,2622.918,2740.371,2882.167,2921.568,2755.633,2725.643,2694.467,3040.489,2638.909
2662.318,2614.612,2736.371,2889.867,2916.114,2749.900,2715.786,2694.133,3024.511,2647.182
2654.015,2622.928,2728.657,2895.000,2907.841,2736.100,2716.072,2692.900,3024.756,2641.606
2661.455,2619.918,2712.971,2893.800,2924.568,2733.500,2701.643,2712.300,3014.267,2653.091
2652.470,2618.326,2710.457,2893.400,2925.136,2723.633,2717.928,2696.133,3011.289,2649.818
2651.409,2621.582,2711.143,2896.767,2907.295,2727.067,2705.786,2683.200,3024.756,2653.667
2646.394,2617.582,2712.457,2902.500,2911.568,2714.633,2718.714,2674.767,3033.156,2632.030
2664.985,2622.612,2698.000,2898.300,2902.318,2727.933,2701.857,2703.367,3011.733,2643.182
2671.273,2619.908,2711.000,2897.233,2897.955,2733.800,2715.214,2671.233,3019.467,2630.424
2662.485,2614.867,2687.486,2910.350,2906.818,2713.833,2717.214,2686.700,3035.867,2624.333
2661.606,2622.194,2679.714,2894.817,2907.591,2718.733,2705.928,2690.000,3020.222,2624.818
2661.667,2614.908,2693.572,2892.650,2906.636,2704.933,2699.572,2685.300,3004.733,2629.242
2664.818,2615.806,2665.743,2904.567,2904.068,2723.600,2733.643,2687.700,3019.956,2629.273
2650.000,2624.123,2670.171,2915.533,2921.455,2707.233,2690.928,2699.633,3015.333,2635.061
2658.303,2615.214,2663.143,2894.517,2909.205,2702.767,2685.000,2674.433,3020.444,2637.788
2645.848,2612.918,2654.771,2897.133,2919.068,2722.833,2693.072,2699.167,3020.156,2618.879
2653.167,2617.490,2653.371,2905.933,2907.091,2716.900,2691.714,2683.433,3022.889,2628.273
2647.909,2612.061,2644.857,2900.283,2895.841,2738.800,2701.643,2686.733,3012.378,2617.273
2643.288,2618.082,2642.800,2904.267,2908.841,2726.200,2686.928,2690.467,3009.133,2634.152
2660.182,2614.908,2655.943,2893.767,2897.795,2715.733,2685.500,2679.300,3020.267,2633.939
2648.076,2615.908,2645.428,2896.683,2906.227,2716.300,2700.357,2700.800,3030.956,2628.091
2654.182,2611.521,2645.714,2897.350,2897.841,2730.033,2706.643,2692.267,3009.978,2627.939
2665.530,2617.633,2642.686,2913.217,2901.614,2727.967,2698.857,2695.667,3005.867,2636.152
2658.803,2615.112,2637.371,2908.767,2907.318,2711.100,2693.928,2691.833,3021.133,2626.273
2659.318,2606.184,2623.371,2918.933,2902.750,2711.767,2680.714,2680.433,3001.133,2624.909
2649.227,2610.000,2639.714,2905.100,2907.136,2697.367,2686.928,2684.167,2997.733,2622.030
2646.955,2607.469,2624.171,2894.333,2896.682,2709.267,2702.572,2699.767,3006.711,2632.455
2660.667,2606.428,2624.629,2911.050,2895.250,2722.133,2683.714,2692.033,3013.689,2642.364
2657.030,2614.490,2617.000,2901.733,2895.682,2710.633,2678.072,2695.067,3005.178,2631.061
2654.530,2605.010,2620.714,2910.850,2903.159,2712.533,2684.214,2673.900,3012.089,2623.818
2651.197,2614.551,2628.200,2901.783,2903.795,2689.867,2686.143,2681.233,3000.889,2612.970
2648.470,2609.326,2636.829,2905.483,2910.614,2702.200,2706.072,2679.833,3003.400,2637.273
2653.121,2614.888,2621.971,2905.317,2913.455,2702.267,2702.786,2669.867,3012.067,2630.606
2650.106,2606.531,2610.943,2896.967,2910.568,2716.733,2707.286,2686.200,2993.933,2630.121
2640.152,2607.572,2632.572,2898.550,2898.682,2716.433,2686.643,2676.267,3005.733,2625.818
2657.045,2611.102,2616.686,2904.083,2917.409,2714.733,2712.357,2690.533,2987.222,2632.394
2641.394,2604.082,2623.657,2913.883,2901.886,2702.933,2716.643,2682.833,3000.400,2619.455
2655.318,2606.510,2625.514,2909.633,2901.614,2694.233,2668.928,2657.633,2986.844,2625.000
2645.894,2609.837,2608.057,2912.633,2902.477,2703.100,2692.072,2680.133,3002.867,2617.364
2653.273,2606.510,2624.257,2901.433,2902.659,2699.567,2706.072,2682.733,3024.178,2629.273
2644.318,2613.265,2605.257,2900.600,2902.705,2711.833,2682.428,2677.700,3005.000,2627.091
2642.379,2609.143,2621.714,2903.117,2911.250,2713.433,2689.214,2661.800,3024.867,2630.515
2648.061,2604.959,2612.143,2902.833,2903.682,2714.700,2685.500,2675.100,3014.844,2611.485
2641.727,2609.990,2627.857,2904.867,2901.227,2703.033,2686.500,2683.267,3002.867,2635.939
2645.136,2608.582,2621.572,2901.150,2914.091,2707.600,2686.072,2680.567,2984.444,2637.576
2654.697,2609.633,2619.886,2903.850,2896.636,2711.233,2705.500,2681.067,2997.533,2620.848
2645.697,2610.225,2618.686,2908.883,2902.250,2717.933,2686.643,2687.833,3010.578,2624.455
2640.485,2614.592,2593.114,2900.067,2893.455,2715.200,2709.357,2679.000,3009.689,2623.364
2646.985,2609.643,2616.857,2897.467,2917.477,2723.400,2715.928,2676.367,3002.645,2624.394
2650.818,2603.786,2616.114,2908.467,2901.409,2698.167,2686.643,2675.133,3000.378,2611.152
2649.212,2616.163,2591.800,2905.300,2906.909,2709.500,2691.143,2683.533,3006.689,2616.333
2651.864,2605.133,2600.428,2900.550,2899.659,2711.800,2684.857,2671.400,3000.756,2623.515
2646.318,2607.510,2595.829,2908.767,2884.841,2720.733,2682.572,2690.633,3030.200,2623.576
2652.712,2601.051,2593.229,2908.733,2902.364,2711.400,2690.572,2690.267,3005.378,2613.303
2641.530,2600.408,2592.629,2917.667,2901.455,2709.400,2664.286,2685.567,3002.489,2623.758
2652.318,2606.133,2594.257,2907.333,2887.000,2706.400,2665.000,2681.733,3004.289,2638.545
2644.333,2600.572,2596.086,2903.817,2904.636,2690.667,2687.214,2694.400,2999.533,2622.970
2650.727,2609.786,2578.657,2907.967,2889.682,2709.433,2669.786,2681.933,2999.622,2638.091
2648.576,2602.163,2595.086,2899.233,2890.818,2718.400,2663.143,2689.433,3001.867,2624.879
2656.136,2583.979,2591.457,2902.167,2905.909,2714.700,2657.357,2704.567,2988.022,2622.970
2658.894,2602.898,2589.143,2913.933,2905.023,2722.967,2662.286,2689.567,2991.089,2618.515
2647.439,2610.643,2602.857,2911.083,2892.750,2717.167,2670.500,2702.167,3008.756,2624.212
2654.864,2596.510,2604.714,2904.317,2906.568,2705.267,2685.000,2696.800,3014.511,2629.121
2650.242,2597.959,2595.457,2900.017,2891.114,2712.367,2686.000,2689.400,3004.711,2638.879
2638.242,2602.643,2589.257,2896.000,2902.523,2710.833,2674.857,2691.333,3002.133,2640.758
2648.606,2608.633,2584.343,2901.767,2911.977,2714.700,2681.643,2685.733,2998.267,2626.636
2642.712,2600.561,2584.486,2902.400,2891.750,2710.633,2666.000,2691.667,2987.267,2625.212
2649.500,2597.163,2600.657,2901.017,2904.636,2704.700,2658.928,2686.767,2998.533,2639.394
2659.788,2604.296,2584.257,2903.933,2912.705,2704.267,2664.428,2684.367,3010.200,2626.152
2646.758,2606.602,2595.286,2910.217,2889.568,2705.267,2669.286,2682.300,3023.044,2615.818
2648.909,2603.021,2595.743,2904.700,2889.932,2700.833,2658.428,2672.667,3001.022,2628.545
2645.515,2603.572,2579.314,2900.667,2883.182,2693.500,2671.357,2691.000,3008.667,2624.333
2648.530,2591.072,2594.543,2902.183,2896.886,2694.733,2660.072,2673.300,3003.200,2637.697
2646.742,2599.255,2586.143,2898.517,2903.068,2708.367,2668.714,2692.233,3005.911,2601.879
2648.515,2597.275,2575.143,2893.583,2891.409,2697.067,2672.714,2654.967,3012.200,2611.212
2640.818,2594.572,2588.514,2901.617,2884.500,2706.367,2680.928,2687.633,2983.222,2624.727
2648.667,2592.153,2577.029,2910.767,2884.477,2695.500,2673.786,2693.433,2983.533,2611.939
2651.909,2603.010,2579.743,2904.733,2895.250,2704.700,2646.572,2670.667,3006.289,2626.364
2655.318,2597.806,2590.428,2906.367,2896.250,2695.000,2654.500,2665.800,2993.667,2632.333
2641.985,2596.367,2579.486,2904.533,2891.250,2708.933,2662.143,2679.700,3013.556,2623.970
2658.121,2600.398,2574.057,2908.533,2892.159,2700.433,2667.500,2674.600,2985.933,2614.758
2670.924,2593.684,2586.857,2906.600,2891.455,2690.367,2680.857,2672.433,2992.889,2630.576
2656.758,2598.643,2585.143,2891.983,2891.841,2711.600,2674.286,2677.133,2999.933,2623.182
2664.545,2595.928,2572.886,2888.967,2904.727,2699.933,2682.357,2664.400,3007.333,2609.333
2657.500,2601.418,2574.743,2893.317,2884.955,2693.133,2700.714,2673.567,3000.689,2618.121
2660.561,2595.092,2584.229,2896.233,2881.364,2679.633,2670.214,2686.867,2976.822,2634.879
2657.106,2600.286,2568.029,2898.983,2885.932,2686.200,2715.000,2673.000,2988.733,2626.152
2662.288,2592.796,2576.829,2897.100,2910.864,2677.800,2665.143,2684.900,3000.756,2625.091
2655.000,2595.867,2578.286,2895.600,2892.273,2692.433,2674.000,2686.967,2968.267,2610.606
2670.667,2606.898,2604.314,2909.100,2898.477,2670.867,2693.357,2677.733,2993.333,2614.061
2663.742,2595.490,2573.029,2905.767,2884.386,2679.133,2667.928,2682.867,2993.289,2621.030
2661.045,2600.928,2576.686,2900.033,2891.318,2699.933,2707.500,2670.033,2987.600,2616.394
2665.015,2595.510,2552.543,2897.200,2900.341,2682.833,2690.286,2675.667,2979.378,2607.515
2660.379,2596.204,2577.657,2901.333,2892.841,2675.300,2665.000,2670.133,2985.333,2614.424
2665.455,2598.602,2565.629,2885.967,2910.205,2683.467,2660.857,2695.333,2983.022,2592.970
2672.621,2596.347,2574.829,2906.317,2895.409,2684.067,2673.928,2675.733,2983.133,2616.515
2675.182,2589.959,2586.572,2894.367,2880.841,2693.067,2681.714,2672.367,2966.711,2608.697
2670.727,2598.255,2581.600,2885.917,2894.841,2687.400,2668.428,2673.467,2978.378,2629.758
2671.197,2589.867,2569.514,2893.083,2887.364,2681.700,2675.072,2675.100,2980.844,2617.909
2676.227,2598.286,2568.914,2892.850,2874.750,2688.433,2682.714,2676.867,2985.378,2609.636
2675.621,2594.735,2586.257,2887.033,2896.023,2690.867,2631.214,2675.933,3002.111,2613.152
2668.773,2596.775,2582.171,2902.317,2896.386,2686.867,2637.214,2666.667,2992.156,2617.152
2681.864,2590.112,2568.714,2897.717,2875.636,2679.267,2667.428,2685.900,2980.400,2628.000
2683.621,2595.541,2561.314,2899.950,2885.591,2695.967,2685.000,2680.600,2988.622,2609.939
2681.470,2586.123,2582.229,2892.417,2887.068,2688.667,2679.643,2677.433,2978.822,2616.000
2677.348,2591.255,2577.800,2893.583,2905.159,2690.433,2676.714,2661.633,2987.733,2625.606
2688.515,2596.500,2563.629,2893.317,2890.227,2677.167,2710.786,2669.267,2977.133,2616.152
2703.000,2588.786,2578.943,2902.017,2887.682,2675.367,2685.357,2659.767,2974.422,2621.636
2696.015,2596.592,2576.057,2914.350,2867.432,2672.600,2654.928,2652.467,2984.311,2610.970
2691.470,2587.786,2561.857,2899.967,2890.273,2700.500,2656.214,2661.100,2968.645,2617.212
2701.727,2588.051,2555.400,2905.700,2886.227,2682.100,2683.286,2656.567,2981.267,2608.303
2703.636,2592.888,2560.886,2898.317,2881.432,2671.300,2656.428,2673.567,2962.156,2605.000
2697.424,2591.051,2568.771,2900.233,2876.864,2664.533,2665.214,2677.267,2971.000,2597.424
2704.288,2584.765,2564.600,2897.983,2884.682,2679.667,2678.000,2670.500,2963.933,2606.152
2711.773,2592.592,2553.486,2902.033,2888.114,2693.800,2690.428,2671.600,2978.178,2609.091
2717.955,2592.316,2558.572,2902.567,2880.455,2659.300,2675.357,2649.533,2951.556,2616.970
2723.136,2587.072,2560.229,2897.067,2882.977,2663.367,2699.572,2662.033,2979.978,2614.970
2720.894,2588.367,2558.371,2898.617,2877.432,2684.933,2689.428,2653.067,2965.645,2598.061
2719.455,2591.541,2559.057,2899.767,2872.886,2683.567,2672.714,2653.100,2963.667,2615.182
2730.045,2595.021,2556.343,2895.383,2865.955,2665.567,2672.928,2656.233,2981.600,2614.182
2730.212,2590.021,2557.857,2893.033,2891.364,2669.800,2663.857,2671.367,2966.511,2607.091
2732.212,2595.133,2557.371,2894.033,2887.568,2671.667,2694.286,2663.133,2968.978,2601.879
2751.182,2598.877,2563.400,2902.550,2882.818,2662.200,2701.786,2659.333,2974.511,2628.182
2737.939,2597.092,2563.428,2901.650,2884.591,2668.400,2659.786,2658.967,2963.022,2618.212
2736.939,2594.745,2574.829,2884.283,2889.750,2663.533,2654.928,2662.100,2961.556,2625.333
2750.000,2580.531,2562.800,2888.317,2866.295,2663.667,2662.428,2663.733,2966.222,2612.697
2736.955,2592.816,2569.686,2896.450,2884.159,2674.767,2673.857,2649.067,2976.600,2615.212
2756.833,2586.316,2586.400,2900.517,2895.182,2677.467,2670.072,2667.400,2971.911,2599.818
2749.030,2599.684,2560.400,2908.750,2883.841,2669.300,2672.357,2648.667,2961.222,2625.091
2753.364,2589.735,2560.314,2896.683,2885.523,2683.600,2676.214,2645.733,2949.533,2629.152
2754.697,2586.092,2570.114,2892.383,2884.318,2686.033,2671.286,2654.567,2965.244,2617.697
2755.924,2600.755,2562.371,2892.450,2882.227,2664.567,2691.928,2659.533,2948.645,2612.485
2768.303,2579.775,2555.714,2891.767,2870.455,2676.600,2667.714,2661.467,2971.600,2613.515
2760.727,2588.357,2571.629,2900.217,2902.091,2665.567,2664.714,2659.733,2973.156,2606.879
2762.667,2585.377,2577.286,2904.283,2880.136,2680.167,2664.428,2655.033,2957.289,2614.061
2763.379,2591.123,2554.600,2895.700,2891.591,2668.600,2666.214,2655.633,2971.756,2626.636
2767.682,2595.357,2550.543,2906.333,2880.341,2651.233,2656.714,2654.400,2978.711,2635.303
2772.030,2594.439,2570.572,2903.650,2890.705,2690.800,2669.928,2646.733,2963.867,2632.091
2774.636,2589.908,2563.572,2886.433,2886.045,2684.300,2678.857,2663.433,2940.156,2620.091
2768.136,2593.928,2561.343,2888.467,2900.864,2685.667,2662.714,2662.800,2985.667,2634.455
2777.576,2581.714,2569.257,2892.333,2885.068,2676.033,2655.572,2643.600,2972.044,2645.303
2766.409,2583.898,2559.029,2896.750,2891.500,2668.100,2655.143,2644.900,2979.222,2622.394
2779.197,2592.255,2557.657,2893.317,2889.636,2674.333,2657.072,2661.900,2963.667,2613.242
2772.364,2587.225,2545.371,2893.883,2856.727,2683.067,2659.643,2651.933,2973.022,2622.697
2790.182,2580.194,2562.400,2909.050,2881.000,2682.467,2672.500,2674.267,2966.267,2644.788
2779.258,2592.347,2556.286,2880.500,2874.864,2673.600,2675.357,2668.100,2975.133,2607.939
2783.803,2580.806,2558.200,2891.750,2894.341,2678.733,2661.072,2655.967,2960.911,2615.152
2778.409,2589.704,2562.800,2897.550,2880.364,2678.033,2664.714,2661.967,2962.400,2632.636
2784.576,2588.367,2562.314,2896.967,2876.227,2668.000,2665.643,2669.700,2971.756,2615.242
2779.227,2583.928,2548.514,2890.283,2871.614,2676.367,2690.500,2651.167,2953.578,2626.970
2801.561,2591.449,2562.143,2889.383,2889.000,2657.533,2670.286,2659.333,2969.111,2630.879
2798.758,2586.102,2561.143,2879.117,2885.886,2689.033,2681.214,2653.200,2968.311,2626.879
2803.015,2597.082,2554.771,2895.050,2894.591,2682.567,2629.928,2659.900,2962.822,2629.061
2792.379,2594.867,2560.514,2894.767,2878.455,2661.800,2662.214,2646.367,2960.867,2624.333
2808.364,2586.510,2552.314,2913.133,2873.614,2665.333,2641.286,2655.067,2967.289,2619.727
2816.727,2593.541,2555.857,2905.450,2893.045,2672.367,2655.500,2631.433,2957.311,2618.818
2799.273,2583.908,2547.229,2886.733,2870.682,2683.300,2656.500,2653.233,2957.645,2615.667
2807.939,2580.755,2558.829,2901.600,2870.250,2661.400,2660.714,2663.133,2967.556,2613.030
2808.742,2592.214,2549.171,2885.133,2884.659,2648.033,2646.428,2646.433,2967.222,2608.424
2808.652,2582.877,2561.486,2885.467,2879.409,2667.600,2685.643,2642.000,2969.444,2625.606
2817.303,2583.786,2553.543,2882.417,2882.432,2661.433,2668.357,2636.433,2942.333,2611.818
2822.394,2582.612,2557.286,2894.033,2884.818,2679.967,2675.857,2648.967,2952.933,2615.848
2822.636,2577.857,2549.457,2894.017,2888.591,2662.833,2664.857,2661.967,2955.911,2611.879
2820.803,2579.316,2546.600,2892.150,2883.909,2659.200,2657.643,2637.300,2952.756,2626.091
2806.455,2583.704,2548.514,2890.667,2875.500,2645.800,2658.143,2647.667,2960.222,2620.394
2822.348,2582.714,2547.714,2881.100,2882.545,2669.733,2675.714,2646.767,2948.378,2624.061
2821.470,2595.623,2556.286,2885.600,2869.886,2649.067,2651.286,2646.533,2950.689,2615.424
2823.030,2587.857,2571.657,2889.750,2876.318,2654.167,2667.428,2653.300,2951.867,2606.485
2827.576,2584.174,2541.086,2881.183,2874.591,2679.067,2665.428,2647.200,2956.933,2616.152
2812.530,2591.521,2555.686,2889.900,2888.182,2657.633,2670.286,2649.067,2954.733,2621.545
2817.667,2581.928,2549.143,2882.217,2872.227,2669.267,2620.428,2636.867,2953.933,2631.182
2834.409,2585.582,2531.200,2874.717,2888.023,2672.600,2663.500,2651.533,2946.622,2615.606
2832.227,2579.500,2554.486,2893.433,2881.295,2660.167,2654.928,2649.500,2954.200,2618.970
2824.318,2585.041,2545.371,2892.883,2867.068,2656.933,2671.357,2640.900,2959.422,2618.970
2832.106,2592.245,2551.971,2871.050,2873.250,2653.933,2658.643,2638.933,2952.022,2622.182
2835.742,2589.031,2547.400,2900.150,2863.705,2640.600,2666.714,2641.700,2956.511,2606.091
2821.258,2590.888,2544.971,2884.033,2870.136,2643.833,2673.572,2641.000,2948.933,2611.121
2839.742,2585.786,2546.000,2889.350,2879.727,2640.733,2667.072,2656.333,2952.800,2625.848
2834.909,2587.031,2547.286,2883.733,2867.432,2667.467,2658.143,2658.833,2939.711,2617.758
2825.848,2590.102,2549.629,2895.733,2874.773,2657.633,2657.714,2658.133,2947.044,2617.485
2852.242,2583.602,2551.514,2895.650,2872.023,2653.933,2649.143,2642.433,2948.267,2621.394
2838.515,2585.888,2545.057,2890.533,2878.205,2641.100,2679.072,2641.600,2951.956,2619.273
2841.470,2586.847,2547.029,2890.683,2870.250,2642.200,2668.214,2636.533,2943.044,2621.212
2843.561,2581.500,2544.000,2889.450,2871.841,2639.067,2670.428,2643.433,2964.156,2614.818
2847.682,2585.510,2558.800,2898.800,2886.955,2656.333,2627.428,2646.700,2958.000,2622.030
2842.288,2584.255,2541.400,2886.450,2862.045,2645.633,2642.428,2637.167,2948.422,2612.455
2840.924,2579.674,2539.514,2881.950,2872.159,2653.533,2650.500,2647.767,2950.956,2620.576
2839.924,2586.265,2555.086,2893.433,2882.409,2644.067,2666.786,2649.267,2958.089,2630.485
2846.197,2580.969,2549.286,2889.850,2875.455,2661.200,2662.643,2635.867,2955.222,2629.333
2845.333,2589.245,2544.114,2872.583,2863.773,2653.867,2653.714,2638.800,2966.267,2610.455
2847.833,2582.133,2545.086,2869.250,2861.705,2659.600,2663.286,2632.567,2941.956,2628.667
2853.818,2584.296,2551.629,2885.417,2866.773,2657.800,2652.786,2648.033,2943.733,2621.545
2839.045,2589.663,2554.514,2887.317,2873.477,2643.433,2676.928,2633.167,2951.267,2612.061
2842.909,2583.255,2550.029,2882.250,2875.227,2640.367,2656.357,2650.967,2940.244,2622.879
2849.576,2584.592,2537.143,2892.650,2862.045,2643.467,2673.500,2636.400,2961.933,2603.909
2846.758,2580.214,2547.343,2877.900,2857.977,2649.367,2665.572,2636.800,2960.800,2635.879
2856.909,2583.745,2554.000,2881.883,2869.432,2665.400,2636.072,2639.000,2951.778,2613.303
2843.121,2581.612,2541.457,2873.983,2862.568,2672.500,2643.000,2642.800,2957.444,2620.879
2852.106,2583.041,2538.171,2880.100,2856.795,2636.033,2656.714,2643.933,2946.044,2619.121
2851.939,2592.153,2545.857,2882.667,2865.636,2653.433,2658.072,2629.300,2965.578,2622.273
2859.561,2582.316,2567.686,2884.233,2865.705,2648.467,2666.428,2639.967,2959.089,2625.697
2853.182,2585.643,2556.486,2884.617,2858.523,2641.800,2679.143,2633.733,2956.044,2636.152
2854.197,2587.153,2547.029,2892.317,2882.068,2654.900,2660.572,2659.667,2950.689,2626.879
2854.591,2584.235,2553.829,2876.933,2860.818,2647.600,2651.500,2633.400,2953.244,2613.455
2850.515,2583.010,2541.171,2879.750,2860.227,2655.800,2660.857,2643.167,2951.089,2629.545
2839.591,2576.745,2565.829,2877.900,2863.727,2632.967,2654.786,2640.667,2965.911,2617.485
2845.379,2576.725,2551.143,2881.683,2868.818,2664.667,2661.500,2651.233,2966.022,2633.121
2859.318,2583.306,2548.543,2886.317,2870.500,2653.833,2656.357,2646.500,2950.222,2647.788
2845.818,2580.531,2555.800,2884.367,2870.273,2648.400,2676.428,2635.767,2937.156,2647.758
2844.333,2575.041,2539.943,2875.950,2869.636,2658.867,2657.500,2641.567,2953.511,2616.970
2853.439,2575.979,2556.686,2887.233,2878.818,2673.067,2649.072,2633.933,2941.111,2637.606
2844.924,2580.174,2554.114,2877.550,2868.295,2639.300,2640.357,2647.900,2923.556,2621.485
2852.864,2582.275,2553.229,2856.417,2862.909,2631.533,2669.286,2637.100,2942.978,2628.848
2857.485,2576.745,2537.686,2891.783,2854.364,2634.500,2664.143,2629.533,2943.978,2633.182
2845.303,2581.826,2541.971,2867.967,2865.159,2647.967,2656.214,2642.767,2950.222,2627.182
2853.167,2580.816,2555.857,2881.067,2859.114,2639.933,2661.928,2650.200,2945.111,2613.152
2851.182,2578.072,2554.943,2879.767,2857.386,2642.200,2643.500,2632.800,2949.000,2636.879
2860.788,2577.888,2532.086,2879.000,2857.864,2629.867,2647.572,2644.600,2933.711,2639.909
2854.758,2574.572,2534.029,2886.500,2878.727,2635.633,2630.643,2638.133,2939.467,2622.030
2855.561,2575.959,2537.428,2875.350,2860.568,2642.600,2646.000,2657.900,2936.178,2621.091
2849.212,2576.082,2543.086,2883.933,2868.341,2639.467,2661.572,2656.867,2938.489,2606.606
2857.409,2580.908,2540.886,2868.917,2852.659,2647.800,2666.572,2640.400,2925.178,2612.455
2846.485,2590.041,2546.800,2881.933,2869.250,2631.533,2666.500,2634.133,2946.267,2623.818
2846.848,2588.326,2552.371,2881.150,2860.432,2639.867,2667.928,2640.100,2942.000,2612.909
2846.712,2582.521,2555.200,2879.083,2867.977,2644.900,2653.428,2663.900,2945.911,2631.848
2856.288,2575.347,2537.600,2867.250,2863.250,2644.467,2642.428,2643.200,2939.378,2609.848
2859.439,2580.898,2545.257,2886.900,2862.136,2643.333,2657.857,2641.200,2945.333,2636.303
2860.682,2584.072,2533.114,2876.000,2873.955,2651.667,2665.928,2652.567,2942.889,2642.394
2848.848,2588.214,2545.914,2885.417,2866.773,2644.367,2685.143,2621.933,2946.111,2626.394
2854.091,2578.582,2537.057,2875.933,2869.273,2651.333,2663.072,2632.733,2945.933,2629.303
2861.561,2582.898,2533.971,2881.283,2880.545,2654.667,2680.500,2646.000,2922.311,2638.515
2856.333,2581.133,2545.543,2900.567,2872.614,2655.333,2677.857,2626.600,2951.978,2620.424
2853.409,2573.725,2540.572,2870.683,2870.364,2665.000,2658.214,2645.200,2950.200,2645.061
2855.152,2577.204,2543.257,2883.150,2877.136,2640.667,2670.428,2636.600,2941.044,2650.000
2847.909,2585.959,2542.029,2885.867,2881.727,2667.733,2656.572,2644.700,2952.067,2635.485
2857.045,2577.082,2536.514,2876.600,2875.341,2640.767,2643.643,2630.233,2945.511,2633.242
2851.758,2571.796,2540.657,2875.550,2876.636,2649.867,2655.643,2637.233,2944.244,2634.000
2844.773,2577.918,2542.114,2885.550,2868.932,2669.633,2646.857,2643.900,2940.622,2638.303
2853.424,2582.857,2555.486,2878.050,2867.045,2654.567,2674.214,2667.000,2948.333,2633.606
2856.258,2574.990,2536.029,2876.350,2860.955,2648.833,2675.572,2654.033,2959.200,2646.121
2836.091,2573.123,2527.000,2879.100,2861.432,2644.967,2652.072,2643.000,2944.267,2632.909
2851.530,2579.408,2528.829,2866.283,2850.886,2647.533,2657.928,2636.167,2937.978,2613.515
2870.045,2575.612,2535.371,2868.133,2874.523,2645.833,2647.643,2619.933,2938.645,2630.667
2851.727,2583.041,2538.543,2879.617,2864.909,2653.867,2638.143,2628.267,2932.089,2642.848
2856.197,2574.225,2535.286,2855.233,2860.909,2656.967,2654.357,2625.900,2943.822,2622.848
2858.727,2580.408,2552.629,2878.833,2872.295,2656.500,2674.572,2635.733,2937.956,2625.394
2855.727,2585.449,2536.914,2865.433,2860.591,2645.267,2655.572,2654.967,2958.933,2632.667
2865.485,2577.398,2539.800,2872.500,2863.114,2660.567,2641.428,2657.100,2945.467,2654.273
2863.515,2582.531,2546.400,2874.850,2873.295,2672.100,2645.714,2639.067,2946.444,2645.970
2854.652,2577.847,2538.229,2878.167,2864.909,2660.233,2652.714,2642.633,2968.489,2644.182
2864.561,2573.102,2542.886,2866.733,2884.659,2661.267,2674.072,2642.267,2937.956,2634.424
2860.485,2578.939,2548.914,2883.333,2861.727,2636.867,2661.928,2640.200,2932.778,2637.485
2868.500,2582.235,2537.886,2873.667,2852.432,2657.033,2686.143,2633.633,2953.933,2650.545
2847.803,2565.000,2557.000,2882.350,2866.318,2648.633,2653.928,2627.267,2949.133,2645.364
2861.379,2575.296,2552.343,2868.083,2873.795,2660.867,2674.857,2626.833,2945.689,2630.576
2864.439,2576.092,2543.371,2879.433,2847.932,2630.700,2652.072,2620.900,2937.000,2640.667
2855.848,2579.877,2534.857,2875.417,2861.705,2638.600,2674.072,2643.300,2942.267,2638.818
2865.258,2573.694,2528.943,2880.383,2876.636,2649.400,2675.000,2627.767,2951.244,2644.424
2853.455,2576.684,2536.714,2869.017,2865.909,2641.200,2666.643,2632.933,2979.645,2637.667
2848.303,2575.561,2543.200,2865.083,2869.659,2661.733,2644.786,2643.667,2938.978,2639.576
2857.939,2581.541,2550.314,2877.983,2881.432,2655.700,2659.500,2641.967,2946.511,2640.636
2852.030,2584.112,2551.086,2857.217,2851.955,2676.967,2683.072,2643.600,2950.578,2662.697
2857.485,2581.082,2540.714,2873.483,2868.136,2671.833,2665.857,2644.033,2956.200,2649.030
2863.394,2576.255,2540.657,2860.633,2880.727,2672.467,2682.428,2645.700,2948.645,2651.636
2853.970,2576.286,2554.257,2870.967,2872.091,2661.567,2662.714,2647.267,2955.378,2668.333
2863.167,2582.143,2551.943,2866.600,2877.705,2650.633,2670.714,2644.233,2955.222,2647.000
2854.515,2572.123,2546.257,2869.067,2883.000,2657.100,2652.286,2646.867,2948.355,2634.000
2852.515,2565.143,2530.371,2867.467,2869.727,2665.800,2668.428,2638.367,2944.244,2654.909
2845.848,2564.592,2542.971,2868.683,2867.864,2663.600,2687.857,2654.433,2944.822,2637.485
2856.030,2574.072,2547.029,2866.500,2880.750,2665.667,2661.857,2645.000,2953.022,2650.697
2850.091,2571.357,2542.314,2877.683,2860.364,2655.533,2669.857,2647.500,2943.511,2663.818
2850.636,2578.061,2551.343,2882.400,2867.182,2664.767,2685.572,2653.233,2943.733,2657.788
2850.697,2580.735,2546.229,2861.183,2869.636,2670.600,2690.428,2647.867,2963.000,2667.303
2863.409,2580.194,2551.629,2871.683,2867.114,2659.300,2695.357,2643.500,2955.156,2634.970
2853.303,2587.133,2532.686,2866.733,2864.227,2662.800,2677.928,2666.133,2943.756,2655.879
2862.939,2580.704,2536.629,2894.917,2864.045,2657.567,2671.143,2636.967,2956.467,2661.758
2855.500,2568.459,2537.029,2870.283,2858.341,2662.500,2676.357,2651.700,2953.689,2648.515
2853.455,2578.643,2542.143,2876.350,2870.250,2669.333,2672.072,2643.567,2954.200,2639.788
2863.348,2574.908,2536.829,2862.050,2871.932,2667.967,2692.857,2646.433,2943.089,2662.485
2853.333,2583.398,2532.800,2870.433,2883.523,2668.733,2662.072,2622.400,2954.067,2647.000
2857.697,2580.428,2550.371,2870.133,2883.955,2660.367,2675.286,2639.900,2944.022,2644.727
2854.152,2575.704,2547.057,2878.650,2857.977,2660.833,2669.857,2644.400,2951.600,2655.697
2873.848,2581.133,2549.886,2866.467,2880.432,2679.567,2684.928,2646.600,2954.511,2658.636
2861.348,2581.367,2542.371,2865.817,2873.364,2670.167,2670.928,2633.333,2981.156,2662.515
2857.515,2570.755,2544.086,2875.283,2871.341,2673.600,2696.143,2649.700,2947.400,2668.879
2850.318,2569.255,2536.457,2869.700,2858.977,2655.367,2662.572,2624.633,2958.311,2663.333
2849.848,2579.245,2530.171,2869.017,2868.182,2680.900,2682.072,2642.567,2954.622,2672.394
2847.152,2571.663,2519.914,2865.100,2874.023,2674.700,2652.500,2636.833,2950.711,2673.939
2858.288,2586.918,2544.629,2871.767,2872.205,2681.200,2676.928,2656.667,2961.267,2670.333
2859.879,2578.245,2547.657,2879.033,2847.909,2669.267,2674.000,2649.167,2949.822,2643.455
2858.197,2574.674,2537.857,2870.150,2864.727,2647.133,2696.143,2645.833,2962.000,2662.333
2851.742,2579.428,2526.943,2863.833,2863.591,2657.067,2668.714,2645.933,2948.400,2655.394
2843.621,2568.531,2542.543,2873.700,2865.409,2653.367,2689.786,2650.933,2950.267,2653.879
2848.530,2581.214,2541.800,2862.067,2865.068,2669.200,2672.072,2636.133,2971.889,2655.848
2842.212,2572.194,2536.171,2871.950,2861.568,2664.700,2688.928,2622.233,2943.355,2655.576
2855.167,2575.428,2527.886,2868.983,2860.773,2651.667,2671.214,2637.833,2946.267,2664.030
2857.500,2577.225,2528.400,2862.417,2870.000,2660.633,2662.500,2642.767,2950.578,2658.545
2854.212,2575.949,2539.572,2850.650,2858.432,2681.800,2650.214,2632.133,2944.355,2676.485
2847.803,2579.286,2540.029,2866.367,2862.023,2649.233,2664.500,2653.300,2949.000,2661.788
2859.485,2565.633,2541.200,2856.350,2872.818,2667.333,2716.000,2658.633,2946.733,2662.697
2847.091,2580.939,2528.171,2867.067,2867.591,2656.600,2697.857,2638.767,2960.244,2669.394
2848.364,2579.847,2528.029,2871.117,2858.341,2677.200,2691.428,2644.500,2962.511,2667.394
2863.424,2567.765,2541.629,2865.900,2873.659,2656.067,2688.000,2626.400,2951.378,2650.636
2859.242,2569.174,2545.771,2869.950,2868.114,2671.000,2686.857,2643.600,2955.867,2654.545
2852.273,2570.510,2527.514,2852.367,2869.205,2674.033,2674.714,2639.733,2955.956,2659.545
2835.682,2577.184,2533.857,2852.100,2853.432,2676.300,2661.286,2638.700,2945.689,2662.545
2860.348,2569.265,2535.314,2861.667,2858.568,2671.133,2688.143,2645.900,2954.511,2651.030
2841.106,2574.959,2527.143,2854.783,2867.114,2669.667,2667.357,2639.600,2945.489,2657.212
2848.061,2571.939,2539.829,2850.950,2850.386,2666.500,2687.143,2640.067,2931.467,2663.545
2849.939,2562.000,2537.714,2862.517,2856.500,2681.200,2683.000,2652.533,2946.711,2664.970
2844.455,2574.551,2537.457,2864.367,2860.841,2651.767,2702.928,2627.967,2952.489,2662.242
2854.803,2577.500,2514.171,2869.833,2856.182,2672.933,2656.928,2643.733,2956.289,2653.576
2858.667,2584.979,2523.543,2857.867,2860.000,2656.667,2668.000,2634.633,2961.200,2668.667
2833.485,2571.092,2530.943,2849.033,2854.864,2651.833,2680.143,2642.800,2965.667,2640.848
2840.167,2568.357,2519.743,2845.950,2846.386,2646.600,2681.143,2622.000,2945.244,2653.030
2847.379,2567.725,2527.943,2853.050,2847.977,2636.200,2685.428,2626.200,2950.444,2650.788
2841.803,2580.969,2538.029,2859.100,2866.909,2651.300,2687.000,2638.900,2936.956,2656.636
2844.742,2571.857,2519.743,2856.283,2846.682,2660.400,2670.500,2627.200,2949.556,2630.364
2839.833,2569.449,2532.857,2867.683,2875.636,2677.467,2689.000,2638.433,2938.622,2661.606
2854.788,2571.143,2538.486,2851.450,2839.000,2662.800,2666.072,2615.833,2940.956,2664.818
2841.227,2572.214,2518.857,2858.083,2855.455,2656.967,2673.714,2633.233,2952.044,2652.485
2856.788,2572.908,2530.971,2850.450,2846.000,2658.667,2703.786,2628.300,2951.667,2664.788
2845.333,2566.755,2548.171,2860.183,2852.159,2661.467,2685.357,2641.400,2956.311,2664.576
2844.742,2568.643,2538.743,2848.450,2849.864,2639.067,2690.643,2644.133,2966.489,2662.485
2852.955,2576.888,2535.229,2869.450,2852.432,2673.567,2671.500,2646.000,2953.933,2654.364
2849.667,2575.235,2553.743,2845.167,2855.659,2666.967,2687.500,2611.167,2951.489,2648.970
2842.879,2567.704,2534.428,2843.867,2856.841,2652.600,2704.928,2633.433,2960.556,2668.576
2846.439,2576.153,2523.457,2844.067,2856.886,2667.033,2683.286,2632.333,2963.733,2662.879
2845.121,2570.796,2537.143,2852.167,2862.477,2668.267,2671.428,2647.433,2963.978,2671.061
2842.773,2575.908,2537.971,2857.717,2867.295,2655.067,2679.214,2627.933,2961.244,2656.455
2851.258,2583.765,2534.114,2863.517,2872.773,2672.000,2681.143,2644.667,2961.933,2658.970
2835.667,2574.235,2529.543,2843.583,2859.591,2664.300,2678.286,2635.500,2952.844,2680.879
2847.121,2567.459,2522.057,2863.233,2850.682,2669.500,2713.000,2647.700,2969.778,2679.000
2853.712,2571.623,2528.229,2856.233,2859.227,2676.533,2690.428,2636.100,2954.645,2674.424
2840.955,2571.357,2522.771,2847.567,2861.114,2676.567,2720.072,2627.667,2960.933,2666.545
2838.333,2575.408,2548.029,2850.433,2856.341,2684.167,2706.714,2635.800,2965.667,2670.515
2838.939,2569.959,2530.457,2843.833,2855.636,2675.667,2707.072,2642.333,2935.444,2664.333
2838.348,2569.531,2536.629,2845.317,2872.864,2658.500,2683.786,2648.667,2945.645,2677.576
2840.000,2570.479,2539.086,2857.550,2861.773,2677.767,2682.143,2637.600,2961.756,2654.485
2834.667,2568.735,2544.286,2836.683,2863.182,2673.500,2686.000,2634.400,2951.756,2672.758
2831.939,2570.102,2533.572,2848.617,2851.818,2674.633,2694.857,2634.300,2952.000,2669.848
2839.955,2576.357,2537.400,2850.117,2849.364,2680.700,2678.572,2635.767,2939.556,2669.242
2839.333,2565.623,2520.514,2866.133,2856.091,2680.133,2688.786,2646.700,2943.400,2650.788
2833.833,2568.694,2531.057,2849.467,2870.159,2671.333,2699.143,2638.800,2950.222,2684.121
2842.985,2574.500,2536.943,2851.683,2854.727,2695.400,2704.928,2644.667,2955.311,2677.879
2839.682,2569.510,2521.829,2853.300,2866.295,2670.633,2675.428,2649.933,2964.511,2681.333
2848.030,2574.377,2545.857,2857.933,2865.682,2678.700,2701.572,2636.933,2959.956,2669.939
2845.318,2570.847,2531.057,2847.117,2858.750,2680.033,2725.000,2631.533,2953.556,2666.273
2853.091,2569.561,2545.800,2841.100,2858.182,2692.667,2738.500,2643.500,2955.933,2682.182
2834.970,2582.510,2546.400,2852.600,2853.523,2676.233,2707.572,2633.733,2957.022,2662.606
2844.500,2579.582,2525.629,2858.467,2860.636,2682.667,2687.000,2624.667,2963.067,2666.970
2837.712,2567.725,2530.886,2859.783,2859.000,2665.033,2700.786,2636.400,2962.867,2670.939
2838.258,2566.010,2531.314,2858.467,2855.455,2672.933,2674.072,2629.267,2955.000,2656.485
2828.348,2568.704,2512.400,2853.567,2862.955,2677.433,2681.714,2648.067,2963.733,2678.606
2842.136,2574.418,2545.086,2843.967,2842.864,2661.833,2698.357,2640.300,2952.089,2658.606
2838.076,2575.051,2532.000,2847.633,2858.432,2670.167,2686.928,2642.100,2945.467,2655.758
2831.818,2576.367,2535.000,2853.867,2859.727,2661.267,2685.500,2635.833,2951.378,2685.424
2836.697,2567.888,2526.229,2852.733,2855.477,2662.667,2703.357,2647.233,2952.311,2657.576
2836.000,2569.286,2523.343,2850.517,2845.455,2676.233,2709.000,2646.067,2941.733,2665.030
2840.030,2571.214,2520.829,2850.833,2873.614,2665.800,2712.072,2627.233,2961.600,2660.424
2826.636,2567.275,2531.914,2840.200,2845.500,2676.467,2710.928,2642.667,2950.711,2662.667
2825.848,2566.521,2526.743,2843.600,2845.977,2684.533,2698.714,2632.033,2957.089,2653.667
2831.348,2570.479,2527.800,2843.783,2850.909,2669.833,2683.572,2644.900,2967.044,2662.667
2836.379,2582.021,2528.514,2845.500,2840.386,2660.467,2699.572,2652.733,2942.511,2678.606
2826.061,2566.806,2515.829,2843.633,2863.795,2681.867,2698.286,2630.667,2952.711,2672.485
2839.682,2569.602,2525.114,2859.933,2857.205,2670.100,2715.428,2645.800,2967.400,2689.273
2826.667,2574.204,2531.857,2851.883,2855.818,2671.767,2698.572,2638.200,2964.111,2669.727
2826.682,2573.184,2533.771,2837.867,2855.909,2671.433,2701.643,2629.767,2962.044,2663.152
2843.773,2566.725,2530.543,2852.467,2857.705,2681.633,2698.500,2620.300,2977.111,2685.061
2842.409,2570.888,2535.914,2851.667,2874.909,2687.067,2703.786,2627.300,2960.978,2679.333
2830.197,2574.439,2519.286,2850.200,2866.068,2679.167,2697.857,2633.533,2950.667,2668.394
2832.379,2568.418,2537.914,2857.717,2869.864,2695.900,2703.428,2638.233,2958.689,2677.909
2837.227,2573.725,2542.086,2849.767,2840.432,2683.033,2715.572,2633.067,2955.133,2690.061
2823.682,2569.469,2527.600,2856.483,2863.500,2685.467,2724.428,2650.900,2965.289,2669.788
2828.894,2568.918,2534.857,2839.900,2867.614,2692.133,2713.643,2637.733,2969.800,2693.455
2850.818,2574.704,2522.257,2846.583,2864.227,2685.833,2712.572,2663.133,2967.089,2673.909
2835.364,2588.031,2540.200,2852.750,2859.750,2699.333,2741.572,2647.367,2973.044,2671.576
2839.409,2576.235,2539.971,2842.250,2857.409,2711.267,2747.500,2649.567,2968.311,2680.455
2836.106,2566.428,2536.086,2836.783,2847.727,2707.067,2704.143,2637.533,2988.667,2680.333
2835.712,2569.806,2536.572,2850.567,2870.932,2682.967,2728.500,2648.300,2976.756,2685.091
2834.030,2574.377,2529.086,2842.217,2856.909,2694.833,2715.857,2660.333,2962.156,2673.273
2831.758,2565.521,2523.600,2853.117,2863.364,2674.400,2748.286,2653.567,2983.511,2704.879
2825.212,2567.674,2541.572,2851.717,2847.932,2690.767,2727.500,2649.633,2964.289,2672.061
2820.455,2573.623,2525.543,2843.367,2863.068,2715.633,2736.928,2641.100,2973.911,2683.394
2833.015,2571.265,2545.686,2840.500,2864.000,2704.100,2722.714,2642.533,2972.889,2690.394
2836.500,2568.867,2532.000,2838.667,2860.023,2710.000,2732.428,2643.367,2981.867,2687.667
2834.455,2568.857,2539.714,2823.467,2858.977,2691.833,2728.714,2637.700,2945.600,2686.000
2826.939,2576.092,2542.114,2844.633,2865.773,2702.233,2728.286,2646.533,2965.778,2694.000
2838.364,2569.439,2523.572,2835.967,2876.295,2696.233,2719.000,2630.700,2965.067,2693.000
2824.848,2576.143,2531.886,2837.183,2859.205,2714.767,2736.072,2650.833,2970.511,2683.636
2828.394,2573.112,2521.857,2836.800,2850.114,2688.400,2726.357,2645.033,2985.511,2686.939
2826.439,2573.428,2532.371,2853.300,2863.182,2688.967,2723.928,2635.633,2983.511,2690.909
2833.788,2569.082,2528.229,2831.767,2863.295,2700.600,2725.428,2631.967,2982.844,2678.152
2836.561,2572.133,2543.486,2839.283,2864.045,2712.933,2742.214,2637.767,2967.378,2684.182
2835.879,2565.143,2526.371,2840.250,2850.614,2699.633,2719.857,2649.133,2948.556,2673.667
2822.985,2563.592,2530.800,2838.200,2859.341,2698.233,2728.357,2625.267,2966.756,2678.818
2834.212,2571.969,2532.714,2840.250,2869.455,2715.567,2726.714,2637.067,2966.156,2685.061
2835.242,2575.500,2522.257,2844.117,2853.386,2697.900,2713.428,2650.000,2975.400,2695.576
2829.394,2574.194,2515.886,2843.467,2848.750,2680.633,2724.286,2636.200,2956.911,2686.848
2853.152,2565.908,2543.543,2843.850,2853.818,2697.200,2740.714,2635.867,2956.378,2681.182
2826.242,2557.204,2540.829,2840.417,2849.818,2695.267,2720.428,2633.333,2960.822,2686.424
2820.545,2558.449,2533.771,2848.733,2844.455,2693.200,2726.000,2626.800,2967.600,2682.727
2832.318,2569.010,2542.314,2848.617,2860.136,2691.200,2717.714,2651.400,2978.400,2691.758
2830.545,2568.990,2525.143,2846.000,2853.227,2674.000,2724.214,2639.433,2964.178,2666.485
2829.061,2565.643,2537.800,2856.033,2854.227,2690.100,2720.286,2636.567,2963.822,2662.606
2824.485,2570.296,2532.314,2845.033,2841.886,2696.167,2706.500,2628.200,2969.822,2668.848
2824.909,2573.490,2524.314,2847.450,2854.932,2677.167,2712.286,2645.233,2963.844,2666.515
2830.833,2573.306,2523.086,2843.367,2851.205,2704.867,2714.572,2638.133,2975.689,2672.788
2828.045,2569.623,2512.229,2835.400,2843.273,2668.233,2730.643,2627.567,2946.800,2682.545
2828.742,2558.306,2534.886,2838.550,2835.227,2678.433,2704.357,2625.333,2955.178,2675.727
2825.227,2572.521,2518.971,2840.600,2848.659,2660.400,2705.500,2634.567,2962.400,2658.364
2815.076,2559.469,2525.428,2830.533,2840.636,2681.133,2686.214,2638.733,2968.133,2667.697
2832.152,2568.184,2520.771,2839.967,2842.023,2670.367,2704.214,2640.000,2958.956,2664.879
2813.182,2560.653,2531.371,2841.117,2840.364,2670.233,2735.428,2632.100,2956.800,2662.182
2830.470,2567.153,2527.457,2844.150,2847.273,2683.567,2716.786,2633.167,2962.022,2677.273
2825.848,2558.398,2525.800,2830.667,2849.636,2688.000,2715.572,2640.733,2958.289,2664.697
2823.803,2562.490,2528.114,2844.167,2847.341,2680.500,2711.572,2632.300,2980.689,2684.091
2813.045,2562.123,2539.257,2832.017,2862.909,2687.800,2726.500,2642.233,2960.000,2676.091
2817.106,2556.541,2528.914,2833.333,2831.432,2669.867,2722.786,2624.267,2952.578,2676.697
2829.061,2565.255,2518.143,2827.417,2852.091,2676.200,2731.572,2637.000,2963.733,2655.576
2825.924,2571.214,2534.543,2841.850,2860.295,2692.933,2715.928,2648.333,2960.978,2683.636
2820.545,2564.275,2514.371,2834.150,2848.409,2665.200,2727.643,2640.867,2969.267,2674.515
2826.682,2572.867,2517.714,2842.150,2835.000,2672.400,2691.714,2630.967,2957.578,2657.273
2818.818,2568.867,2538.200,2840.583,2839.841,2672.467,2720.072,2633.400,2961.622,2666.152
2823.970,2571.275,2505.314,2840.250,2830.932,2668.433,2713.000,2637.900,2956.978,2673.727
2824.848,2563.490,2520.057,2850.617,2839.659,2668.800,2736.214,2651.467,2949.756,2675.364
2814.712,2561.225,2530.343,2839.250,2855.273,2664.067,2728.428,2649.333,2973.667,2676.364
2827.439,2570.235,2532.857,2836.983,2833.523,2680.100,2753.000,2646.967,2966.933,2678.091
2829.879,2565.551,2513.857,2833.300,2832.977,2679.100,2735.500,2640.733,2961.133,2672.848
2821.152,2559.235,2506.886,2833.583,2845.864,2666.200,2721.000,2644.100,2959.800,2657.788
2825.000,2563.582,2524.457,2822.183,2838.000,2672.500,2717.072,2620.000,2962.200,2674.848
2826.091,2549.612,2513.143,2825.083,2846.386,2675.333,2706.428,2628.167,2951.689,2678.273
2816.864,2550.031,2517.400,2832.150,2836.432,2693.967,2711.928,2630.500,2966.867,2670.152
2822.848,2565.653,2522.057,2839.883,2830.250,2683.233,2728.428,2627.100,2951.289,2665.515
2816.136,2564.796,2514.857,2834.367,2850.318,2676.233,2748.143,2613.967,2962.911,2658.182
2820.409,2561.898,2533.229,2835.667,2837.659,2670.800,2727.428,2632.767,2951.311,2661.939
2822.939,2563.021,2521.914,2831.517,2847.159,2663.667,2684.357,2619.267,2954.311,2664.788
2818.697,2560.184,2529.943,2829.883,2829.591,2665.633,2719.072,2635.867,2957.622,2661.364
2825.576,2558.653,2530.971,2821.567,2850.364,2681.867,2722.286,2602.667,2963.156,2663.909
2812.894,2566.225,2515.600,2844.050,2833.136,2678.767,2694.357,2629.300,2938.200,2645.091
2817.833,2562.061,2526.114,2837.867,2845.727,2661.567,2696.286,2628.367,2954.956,2680.697
2825.030,2564.000,2524.600,2828.817,2840.477,2666.967,2702.714,2624.733,2958.711,2674.515
2817.379,2563.725,2521.514,2828.633,2836.409,2678.233,2713.643,2614.500,2937.044,2668.545
2823.091,2562.857,2504.371,2822.533,2844.114,2668.167,2704.643,2616.500,2947.378,2670.636
2823.424,2558.500,2526.543,2843.700,2822.795,2660.900,2720.643,2610.600,2949.844,2664.242
2822.773,2557.714,2524.400,2842.267,2841.545,2656.533,2711.286,2615.933,2941.244,2664.212
2826.727,2558.643,2508.029,2831.267,2820.841,2647.133,2689.928,2624.100,2945.911,2653.879
2833.030,2561.704,2509.914,2831.500,2838.455,2645.500,2698.214,2616.200,2953.889,2671.545
2801.955,2558.337,2509.543,2826.900,2847.932,2655.633,2706.072,2616.133,2940.022,2653.030
2824.106,2560.051,2522.343,2835.283,2815.455,2663.067,2712.000,2623.100,2955.645,2662.788
2813.455,2556.316,2523.343,2831.483,2834.932,2656.000,2706.714,2634.233,2964.956,2661.242
2809.030,2558.133,2525.428,2832.133,2836.091,2647.567,2680.857,2614.933,2957.200,2659.485
2818.136,2555.072,2499.086,2836.850,2835.591,2653.000,2671.286,2616.133,2949.333,2654.939
2822.652,2552.408,2494.229,2835.133,2826.568,2640.667,2688.286,2627.833,2950.156,2659.545
2814.121,2554.337,2520.314,2834.083,2847.000,2652.633,2705.072,2614.533,2939.778,2645.000
2810.924,2555.102,2527.914,2822.217,2842.227,2655.700,2710.714,2612.167,2938.978,2650.909
2825.894,2557.939,2516.800,2827.983,2836.136,2642.833,2683.643,2611.567,2952.111,2653.545
2814.318,2552.500,2519.000,2835.000,2829.227,2649.567,2687.143,2617.933,2961.089,2657.242
2822.409,2554.918,2515.514,2845.950,2831.295,2634.267,2699.357,2618.600,2937.645,2648.576
2827.970,2558.174,2514.543,2831.283,2837.477,2640.600,2700.500,2595.167,2948.733,2653.364
2817.379,2553.479,2500.543,2837.700,2831.409,2643.133,2704.857,2614.433,2944.600,2668.939
2832.667,2560.184,2512.086,2834.450,2813.000,2646.500,2680.286,2609.767,2938.600,2652.758
2817.833,2555.979,2505.800,2828.650,2841.227,2649.133,2699.572,2617.467,2939.556,2641.303
2830.030,2555.918,2512.029,2842.417,2815.977,2629.000,2706.357,2611.833,2941.089,2655.667
2824.379,2550.347,2515.343,2848.650,2812.409,2642.300,2684.572,2617.767,2949.778,2654.758
2822.576,2540.704,2518.114,2852.433,2841.682,2636.600,2678.643,2623.933,2954.244,2643.061
2815.530,2562.112,2513.857,2840.567,2823.068,2642.633,2695.643,2605.133,2955.489,2648.485
2807.924,2549.735,2517.714,2837.950,2829.659,2627.300,2711.000,2615.467,2938.956,2641.030
2811.424,2551.612,2506.800,2831.683,2817.273,2641.100,2670.143,2619.833,2942.444,2637.091
2831.803,2556.194,2519.057,2836.300,2840.159,2643.800,2702.143,2617.300,2956.267,2634.061
2812.909,2556.153,2521.257,2835.117,2833.636,2649.933,2691.214,2605.867,2941.200,2646.242
2817.621,2551.847,2500.000,2837.733,2835.205,2626.233,2690.714,2612.867,2946.089,2660.152
2821.742,2551.653,2500.171,2833.433,2834.636,2651.500,2672.714,2617.633,2950.844,2660.515
2816.530,2557.979,2521.057,2829.117,2828.818,2628.433,2695.786,2601.567,2946.667,2648.212
2827.848,2555.684,2506.971,2825.133,2827.227,2635.800,2691.357,2602.767,2949.311,2650.394
2811.364,2553.857,2519.914,2818.133,2828.841,2643.467,2681.428,2614.900,2931.533,2646.242
2825.136,2558.816,2516.171,2819.733,2822.636,2634.500,2696.500,2620.633,2954.400,2654.818
2821.000,2547.857,2505.257,2830.017,2819.750,2636.200,2712.857,2603.133,2946.444,2651.970
2815.924,2553.826,2501.029,2820.550,2824.614,2637.367,2682.928,2614.900,2958.467,2664.909
2808.121,2550.072,2497.000,2821.917,2823.955,2633.233,2698.714,2608.733,2932.533,2653.788
2808.197,2549.286,2506.743,2814.000,2841.318,2633.900,2689.500,2619.567,2956.178,2628.212
2812.591,2557.755,2501.600,2825.617,2830.659,2628.933,2705.000,2608.400,2956.200,2659.485
2811.561,2552.592,2511.800,2820.033,2816.795,2631.533,2689.786,2620.167,2937.600,2644.394
2815.076,2542.255,2504.971,2832.233,2819.159,2636.367,2704.928,2614.633,2943.400,2654.939
2811.212,2554.521,2507.000,2820.367,2819.341,2629.533,2710.428,2621.433,2941.511,2646.788
2812.379,2549.847,2517.343,2825.700,2825.682,2633.400,2696.928,2626.267,2943.733,2644.697
2810.061,2556.816,2487.943,2817.450,2836.386,2642.567,2692.572,2610.367,2936.378,2666.485
2807.970,2562.867,2496.857,2825.100,2826.795,2651.967,2672.357,2604.533,2942.822,2667.212
2821.985,2551.000,2507.572,2815.133,2824.432,2625.667,2695.714,2603.900,2931.645,2640.545
2811.061,2561.531,2498.371,2825.333,2826.159,2629.867,2707.000,2621.267,2952.822,2647.212
2813.121,2553.500,2504.514,2802.517,2823.068,2622.433,2674.214,2624.733,2948.400,2630.394
2823.076,2550.133,2505.371,2826.567,2813.182,2640.000,2684.214,2604.267,2950.422,2637.606
2814.606,2554.592,2516.400,2814.167,2829.205,2635.333,2699.643,2612.367,2952.378,2624.939
2811.424,2557.255,2507.086,2810.900,2819.159,2644.967,2683.357,2611.067,2956.355,2646.697
2812.500,2546.939,2511.543,2820.583,2840.909,2643.300,2698.857,2604.667,2938.822,2654.030
2817.667,2555.765,2516.314,2821.000,2837.955,2648.033,2718.857,2614.033,2957.178,2652.606
2826.167,2555.796,2513.057,2818.283,2845.205,2652.267,2663.572,2640.767,2964.800,2643.182
2802.136,2548.357,2512.771,2804.933,2836.136,2653.467,2691.500,2610.100,2969.467,2637.212
2822.576,2559.418,2512.114,2816.950,2836.432,2667.467,2703.857,2621.433,2960.822,2645.000
2799.076,2549.000,2496.743,2813.933,2811.886,2640.933,2685.714,2626.000,2946.867,2630.061
2808.242,2556.582,2505.514,2815.600,2839.182,2640.700,2715.286,2608.833,2934.911,2630.030
2813.924,2558.031,2507.257,2823.367,2832.727,2628.667,2670.357,2609.500,2935.778,2642.697
2808.197,2554.602,2507.829,2821.017,2828.909,2627.600,2680.286,2612.500,2944.400,2637.152
2807.106,2549.398,2504.600,2818.700,2818.523,2626.967,2687.143,2596.800,2955.667,2638.758
2808.167,2550.204,2501.029,2804.600,2822.955,2622.767,2663.143,2621.567,2949.067,2622.727
2812.485,2559.796,2512.257,2821.233,2815.727,2634.167,2664.500,2592.367,2938.222,2633.879
2814.697,2550.347,2494.886,2814.017,2813.091,2613.667,2681.786,2613.367,2951.956,2641.909
2804.227,2549.286,2495.943,2815.733,2818.545,2603.667,2682.072,2597.600,2944.511,2652.424
2812.152,2549.296,2495.286,2813.767,2822.136,2636.533,2693.357,2599.733,2948.267,2631.424
2805.273,2545.184,2490.543,2805.450,2827.932,2611.733,2684.857,2601.300,2946.800,2631.030
2810.697,2554.837,2505.714,2810.650,2811.977,2629.067,2677.286,2606.300,2948.222,2639.515
2803.697,2548.939,2506.200,2817.283,2825.500,2629.100,2680.643,2596.200,2950.911,2625.909
2795.258,2554.745,2501.257,2801.717,2830.023,2621.000,2688.928,2611.767,2939.933,2645.485
2797.985,2547.439,2496.286,2812.833,2817.795,2625.100,2674.643,2594.600,2940.889,2641.455
2793.606,2548.163,2513.143,2812.783,2800.045,2603.267,2695.500,2598.600,2954.444,2622.818
2805.909,2547.949,2496.114,2808.950,2821.091,2617.433,2697.857,2604.233,2949.822,2645.333
2811.015,2551.469,2501.400,2821.167,2823.841,2616.567,2702.643,2601.200,2948.156,2650.545
2818.712,2554.367,2513.600,2813.617,2800.295,2623.700,2663.572,2592.733,2953.111,2629.939
2807.424,2548.979,2495.200,2811.767,2816.841,2635.867,2696.714,2616.333,2939.222,2627.758
2808.742,2555.663,2507.171,2817.217,2811.432,2624.933,2685.500,2611.233,2947.689,2648.576
2801.712,2546.979,2511.714,2814.617,2823.114,2618.367,2671.500,2614.900,2945.244,2632.364
2808.318,2555.377,2488.714,2819.267,2808.659,2630.033,2688.714,2598.767,2943.911,2642.697
2807.000,2539.072,2495.543,2804.350,2807.091,2617.267,2686.286,2605.000,2955.311,2624.424
2817.833,2555.633,2499.943,2808.400,2826.318,2630.633,2670.857,2614.600,2938.844,2637.515
2811.152,2542.265,2507.400,2803.933,2806.364,2614.533,2685.928,2601.733,2938.778,2642.909
2807.894,2552.674,2488.400,2809.617,2817.750,2623.200,2673.428,2599.933,2939.933,2642.515
2812.758,2551.469,2496.400,2805.700,2821.636,2613.567,2693.643,2613.500,2936.533,2619.242
2810.621,2535.877,2497.543,2809.850,2812.159,2616.933,2693.357,2594.767,2931.622,2634.545
2811.106,2549.928,2487.943,2808.267,2802.409,2599.933,2664.000,2612.500,2934.978,2632.091
2802.197,2544.969,2510.743,2801.567,2800.909,2601.367,2670.928,2597.633,2934.956,2635.152
2807.667,2539.510,2483.029,2808.883,2814.818,2611.600,2670.428,2597.200,2938.156,2638.303
2812.470,2542.143,2494.057,2800.700,2810.636,2621.500,2677.357,2597.133,2935.400,2660.000
2802.030,2547.521,2489.171,2800.017,2815.932,2622.800,2679.072,2596.667,2937.022,2643.576
2808.515,2541.786,2495.800,2798.900,2799.000,2601.067,2671.857,2592.800,2926.867,2634.121
2793.530,2546.194,2500.371,2795.500,2817.091,2626.367,2675.000,2600.067,2939.733,2631.606
2805.455,2545.255,2476.971,2800.050,2800.091,2601.133,2670.500,2573.133,2945.556,2643.758
2806.818,2542.072,2499.486,2788.067,2808.614,2592.767,2664.643,2606.200,2935.067,2641.152
2798.970,2543.337,2501.629,2804.367,2814.818,2591.733,2691.357,2606.933,2935.511,2641.061
2805.303,2548.796,2500.514,2801.333,2816.500,2612.700,2664.000,2609.667,2924.622,2656.545
2814.258,2549.775,2499.200,2804.617,2786.432,2609.800,2682.072,2603.733,2946.511,2640.364
2796.500,2552.133,2495.657,2807.667,2814.409,2611.767,2676.928,2607.000,2940.244,2650.545
2806.015,2543.449,2503.943,2796.867,2794.818,2603.000,2684.428,2596.267,2946.000,2642.424
2813.167,2548.816,2503.486,2807.033,2808.091,2606.600,2658.572,2607.900,2937.689,2642.152
2803.545,2535.725,2496.086,2802.583,2820.886,2611.500,2662.072,2602.300,2923.444,2621.667
2808.970,2547.541,2502.257,2793.200,2818.318,2609.867,2670.572,2601.033,2924.067,2629.818
2812.848,2545.531,2499.943,2800.983,2821.705,2610.167,2647.643,2596.500,2931.289,2625.939
2808.045,2538.837,2498.743,2804.483,2795.477,2620.300,2658.357,2595.333,2929.956,2648.030
2798.636,2551.755,2492.857,2807.267,2811.000,2624.033,2687.000,2583.167,2929.956,2642.515
2817.879,2545.949,2483.543,2803.633,2815.341,2607.867,2704.572,2581.933,2929.178,2653.455
2807.000,2533.214,2510.543,2786.217,2809.568,2610.367,2665.714,2593.367,2917.400,2631.394
2813.894,2541.684,2482.229,2797.817,2804.159,2589.400,2692.143,2579.467,2916.489,2626.515
2809.424,2540.735,2499.057,2808.683,2792.386,2601.500,2679.072,2571.467,2921.067,2633.545
2795.303,2539.725,2483.914,2801.867,2799.182,2596.800,2665.143,2597.933,2927.645,2628.182
2806.030,2539.204,2498.229,2804.150,2789.545,2600.633,2655.786,2588.567,2930.667,2628.909
2805.864,2540.969,2490.400,2795.750,2813.409,2606.100,2672.143,2604.533,2938.333,2619.000
2797.348,2541.572,2488.657,2792.100,2818.955,2605.500,2666.500,2584.733,2944.400,2623.879
2808.424,2544.949,2500.343,2804.633,2801.409,2598.500,2664.357,2601.233,2922.400,2609.030
2804.515,2537.439,2488.000,2803.117,2807.000,2595.300,2680.643,2592.733,2929.822,2628.939
2794.879,2544.021,2497.428,2808.517,2805.818,2583.633,2696.428,2607.733,2929.756,2623.061
2803.288,2544.306,2508.771,2796.600,2815.159,2589.400,2676.928,2584.633,2934.089,2636.333
2796.470,2551.847,2490.457,2789.833,2806.568,2600.333,2664.857,2596.333,2934.711,2624.273
2810.864,2547.735,2501.457,2805.533,2807.795,2609.067,2678.072,2584.033,2920.289,2617.697
2810.864,2544.021,2488.829,2802.983,2811.273,2598.467,2671.357,2600.767,2945.711,2624.000
2814.833,2547.745,2493.771,2796.450,2797.773,2600.600,2636.643,2592.733,2931.844,2617.788
2803.652,2533.388,2472.743,2798.883,2810.750,2606.600,2657.643,2597.933,2930.778,2623.879
2805.909,2542.235,2493.686,2794.300,2800.841,2603.833,2687.072,2606.067,2924.911,2626.485
2799.833,2540.163,2487.514,2785.667,2809.341,2592.133,2695.857,2583.267,2925.978,2631.303
2807.742,2543.428,2493.629,2804.850,2809.545,2599.633,2658.072,2590.833,2926.178,2625.121
2804.652,2543.010,2494.600,2794.967,2788.977,2607.600,2662.428,2586.600,2941.378,2631.091
2814.152,2540.847,2484.400,2791.217,2820.205,2590.367,2671.214,2581.233,2942.355,2630.970
2793.182,2536.102,2495.314,2807.133,2801.636,2602.100,2664.072,2602.633,2924.667,2624.818
2805.909,2542.418,2482.600,2790.617,2796.886,2600.867,2675.643,2573.167,2937.978,2622.727
2801.939,2541.500,2492.400,2809.483,2806.568,2595.267,2652.072,2596.133,2920.844,2631.606
2793.742,2537.214,2487.143,2787.250,2801.932,2586.167,2663.357,2580.533,2926.311,2636.182
2819.439,2539.306,2480.371,2789.150,2805.205,2600.933,2664.357,2591.800,2914.844,2615.303
2790.167,2536.816,2486.886,2803.800,2805.295,2589.633,2651.714,2584.167,2922.200,2615.697
2806.864,2538.500,2512.428,2793.967,2794.705,2595.367,2665.428,2594.667,2922.711,2612.818
2790.182,2544.174,2488.114,2790.583,2805.818,2581.867,2657.428,2582.067,2910.133,2618.788
2803.561,2541.051,2492.857,2800.900,2800.091,2606.167,2685.572,2590.633,2931.133,2634.970
2795.333,2543.979,2483.114,2798.817,2796.727,2595.233,2649.143,2586.700,2919.067,2639.182
2796.030,2536.939,2487.800,2788.917,2802.250,2588.967,2660.214,2579.167,2948.800,2627.152
2788.061,2547.306,2477.400,2798.467,2801.727,2588.767,2643.500,2582.133,2918.978,2615.030
2809.439,2536.296,2475.029,2793.650,2808.523,2593.467,2675.643,2588.633,2905.733,2628.121
2806.803,2528.479,2494.743,2798.167,2803.795,2593.133,2675.214,2587.267,2925.355,2630.485
2811.106,2538.990,2483.143,2800.350,2813.523,2603.533,2698.357,2580.200,2922.756,2616.364
2810.955,2541.541,2488.771,2786.083,2809.864,2611.600,2671.357,2595.400,2921.378,2636.182
2798.758,2541.459,2499.971,2780.933,2807.455,2592.733,2655.643,2597.167,2917.244,2615.697
2803.167,2537.837,2495.743,2791.817,2802.000,2590.733,2659.428,2589.567,2922.089,2631.121
2802.742,2535.867,2480.000,2782.700,2813.977,2590.533,2656.357,2588.633,2920.533,2616.606
2813.955,2537.041,2485.771,2805.683,2802.773,2601.667,2672.000,2597.933,2923.400,2621.576
2803.182,2531.082,2496.514,2795.717,2810.318,2606.367,2683.214,2585.467,2916.244,2629.939
2805.924,2544.725,2493.114,2795.750,2818.636,2606.233,2679.500,2578.200,2904.578,2644.030
2802.030,2540.296,2494.886,2781.483,2796.795,2592.267,2674.357,2607.467,2933.689,2634.394
2795.030,2534.072,2491.629,2787.950,2813.136,2593.967,2646.786,2592.233,2924.667,2618.727
2794.061,2542.531,2490.971,2790.833,2799.273,2583.500,2677.857,2577.133,2913.067,2634.273
2812.636,2541.214,2488.971,2781.117,2802.568,2599.567,2667.357,2580.800,2929.489,2610.788
2789.530,2538.225,2482.457,2791.350,2796.591,2583.400,2642.072,2573.900,2937.422,2643.485
2806.076,2537.847,2488.971,2787.417,2801.523,2587.533,2681.072,2581.833,2933.200,2621.970
2798.000,2535.225,2470.428,2796.000,2783.477,2597.533,2678.572,2580.367,2923.844,2629.061
2794.939,2535.816,2480.143,2797.867,2797.909,2610.167,2666.000,2581.367,2937.778,2635.212
2794.333,2532.051,2475.057,2802.300,2793.205,2584.233,2677.500,2582.600,2923.844,2633.121
2806.409,2532.265,2496.200,2773.883,2806.114,2591.667,2629.357,2578.467,2922.044,2622.667
2794.485,2539.418,2487.143,2794.517,2805.523,2600.033,2646.072,2584.367,2924.422,2605.000
2809.152,2544.531,2486.572,2790.200,2794.932,2595.133,2631.928,2576.367,2930.289,2626.909
2799.167,2534.031,2471.629,2795.383,2801.955,2585.933,2658.286,2585.767,2920.378,2615.909
2802.864,2539.051,2492.143,2795.350,2793.659,2588.600,2663.072,2577.367,2914.444,2624.667
2799.439,2536.928,2487.200,2794.067,2801.182,2577.900,2664.072,2583.400,2936.911,2620.333
2804.030,2534.531,2487.029,2791.750,2804.159,2584.500,2642.928,2595.333,2944.311,2632.758
2806.955,2533.694,2491.114,2779.000,2808.795,2595.333,2693.143,2589.867,2939.622,2635.212
2798.727,2541.582,2486.400,2781.967,2802.364,2578.600,2646.214,2580.267,2913.178,2637.061
2808.500,2538.877,2479.371,2786.433,2808.614,2605.067,2659.357,2594.633,2927.778,2642.606
2808.924,2533.551,2494.600,2786.083,2802.727,2600.333,2675.143,2587.133,2945.355,2618.909
2803.727,2543.072,2480.257,2782.117,2789.455,2574.933,2672.072,2583.067,2919.378,2608.727
2801.424,2533.745,2480.743,2779.383,2794.864,2597.800,2659.143,2587.233,2926.600,2627.939
2808.455,2538.826,2482.543,2770.100,2797.023,2592.033,2669.857,2595.800,2935.244,2612.273
2807.803,2540.714,2487.400,2794.267,2805.841,2582.667,2673.500,2577.800,2936.022,2623.091
2796.758,2544.959,2479.486,2782.833,2805.773,2593.667,2667.714,2586.900,2937.533,2631.182
2802.879,2533.714,2483.086,2768.983,2799.886,2593.733,2664.572,2586.800,2919.533,2616.091
2799.000,2535.225,2489.686,2789.583,2820.795,2578.000,2667.714,2588.067,2917.267,2635.848
2802.545,2542.959,2480.857,2796.583,2817.614,2603.900,2675.500,2589.000,2915.600,2634.030
2808.773,2534.908,2483.457,2787.317,2793.545,2582.433,2692.214,2584.433,2942.800,2635.636
2802.424,2529.398,2493.171,2787.650,2802.409,2582.100,2635.072,2584.500,2953.933,2629.121
2813.682,2540.674,2487.771,2791.683,2805.841,2594.967,2666.000,2573.167,2941.933,2628.152
2788.030,2537.357,2487.457,2791.717,2803.864,2594.467,2664.214,2571.400,2936.022,2636.273
2791.455,2540.510,2478.257,2787.983,2804.614,2607.600,2674.714,2586.767,2920.800,2623.848
2799.045,2534.255,2481.543,2781.767,2804.477,2590.700,2652.500,2574.200,2926.133,2612.000
2808.136,2528.245,2474.143,2784.883,2798.591,2587.667,2675.857,2599.900,2947.111,2636.152
2805.879,2536.796,2468.743,2785.517,2808.545,2612.400,2686.286,2586.433,2925.489,2638.455
2798.879,2532.775,2467.686,2801.517,2798.568,2585.733,2663.857,2593.733,2938.978,2631.333
2802.364,2539.326,2466.286,2788.717,2796.705,2591.567,2663.000,2586.900,2929.156,2645.576
2793.455,2532.847,2483.771,2784.400,2789.955,2607.100,2677.357,2595.467,2921.267,2634.576
2802.561,2539.428,2484.114,2782.567,2802.523,2602.533,2658.928,2594.200,2934.133,2626.485
2796.636,2528.347,2480.857,2785.900,2807.909,2581.800,2683.714,2602.967,2940.489,2656.576
2792.348,2533.490,2493.600,2785.383,2807.841,2594.833,2677.714,2580.533,2910.156,2625.636
2812.939,2534.857,2474.428,2796.717,2814.045,2610.967,2679.286,2592.800,2926.800,2640.394
2807.182,2540.225,2477.086,2796.633,2801.818,2609.600,2671.572,2597.433,2932.178,2631.848
2812.500,2530.979,2480.543,2788.667,2798.864,2594.800,2667.857,2587.000,2934.022,2630.212
2805.818,2527.602,2484.229,2797.183,2801.841,2584.833,2646.357,2588.567,2913.400,2618.152
2805.167,2544.408,2498.029,2794.700,2814.136,2578.567,2648.072,2581.233,2926.556,2641.212
2804.015,2544.153,2487.400,2792.417,2808.614,2590.567,2681.072,2593.000,2923.133,2640.606
2810.348,2537.928,2487.371,2788.550,2805.409,2605.533,2671.643,2601.267,2927.444,2624.455
2795.182,2537.347,2487.829,2787.383,2800.250,2607.500,2664.428,2586.333,2946.600,2625.333
2806.439,2537.479,2483.771,2774.217,2814.841,2597.800,2667.500,2594.833,2939.267,2627.576
2807.667,2537.714,2474.686,2780.367,2808.341,2598.767,2676.286,2589.800,2935.355,2622.939
2815.439,2540.786,2482.029,2790.183,2811.136,2608.933,2651.786,2578.467,2932.778,2641.606
2807.045,2539.123,2480.286,2794.083,2810.500,2599.833,2677.143,2583.933,2951.111,2636.424
2813.045,2531.561,2476.657,2795.850,2796.909,2586.933,2697.214,2592.100,2921.044,2623.727
2798.485,2529.592,2484.943,2787.333,2800.068,2581.467,2641.572,2594.367,2913.733,2636.545
2807.879,2533.418,2480.371,2783.233,2802.045,2590.533,2667.643,2577.067,2926.044,2620.121
2800.818,2524.153,2467.057,2784.867,2809.568,2594.600,2649.928,2577.033,2906.267,2607.303
2802.682,2530.949,2475.714,2772.650,2805.114,2579.333,2641.786,2569.567,2918.244,2641.909
2804.561,2535.082,2474.657,2787.083,2799.159,2571.633,2669.000,2582.200,2917.022,2626.697
2802.924,2527.847,2479.657,2783.967,2805.068,2593.933,2653.357,2590.667,2912.645,2621.000
2795.379,2535.265,2482.314,2772.033,2793.250,2589.000,2686.643,2578.067,2921.711,2636.152
2794.652,2529.214,2482.686,2773.117,2800.955,2586.567,2681.214,2585.933,2929.933,2630.515
2801.515,2522.551,2465.086,2786.533,2796.068,2608.100,2667.214,2587.400,2934.444,2640.242
2801.712,2536.010,2477.286,2792.250,2802.000,2605.467,2675.857,2595.400,2923.844,2629.182
2800.545,2531.439,2479.914,2777.783,2803.159,2602.067,2689.072,2589.233,2933.022,2631.697
2806.030,2530.643,2479.000,2792.783,2812.977,2592.300,2673.286,2592.667,2906.022,2636.091
2789.439,2534.490,2486.314,2788.200,2812.341,2587.033,2673.428,2599.300,2921.067,2629.697
2800.485,2530.408,2478.057,2774.683,2793.818,2600.200,2676.072,2592.267,2926.711,2656.242
2797.303,2536.072,2485.629,2789.450,2807.045,2598.867,2661.572,2582.933,2928.333,2640.333
2813.576,2530.286,2488.200,2763.467,2807.114,2603.567,2669.786,2588.800,2905.311,2630.606
2804.636,2533.255,2479.914,2778.583,2794.500,2612.000,2668.000,2593.467,2927.600,2647.697
2799.652,2534.296,2478.286,2789.217,2804.705,2607.300,2665.714,2584.767,2918.133,2624.545
2795.606,2529.551,2483.114,2785.117,2813.045,2614.867,2667.286,2590.100,2930.978,2644.212
2814.106,2530.072,2485.314,2775.950,2810.568,2584.667,2681.286,2572.533,2931.267,2635.182
2795.106,2523.337,2473.686,2772.717,2803.182,2601.567,2667.000,2591.133,2930.444,2651.909
2793.788,2530.684,2477.943,2768.967,2803.068,2597.233,2716.143,2584.800,2926.667,2644.455
2790.591,2530.653,2471.971,2773.017,2808.227,2585.400,2683.500,2587.767,2928.889,2649.061
2801.848,2537.643,2473.314,2775.050,2801.682,2611.467,2668.643,2594.300,2929.178,2652.970
2792.227,2530.714,2467.543,2798.167,2803.409,2611.067,2667.143,2589.133,2936.645,2642.424
2797.515,2529.388,2488.371,2782.650,2817.091,2594.300,2674.857,2575.133,2932.267,2634.515
2790.848,2529.174,2475.257,2769.733,2783.614,2599.533,2680.214,2583.600,2933.133,2623.545
2795.697,2532.867,2483.457,2767.483,2806.818,2603.433,2686.143,2588.300,2922.933,2648.758
2792.000,2534.725,2477.457,2777.733,2811.409,2604.333,2691.500,2589.500,2924.756,2636.182
2778.621,2531.337,2496.886,2781.817,2799.977,2591.067,2684.928,2604.800,2933.756,2630.273
2799.818,2534.928,2479.657,2791.867,2799.705,2624.867,2677.143,2580.833,2926.956,2638.364
2795.727,2541.939,2483.314,2784.117,2831.273,2613.133,2682.786,2589.533,2925.778,2659.424
2789.212,2534.857,2473.629,2784.350,2812.568,2623.433,2687.643,2595.400,2926.200,2641.758
2800.515,2533.174,2474.343,2765.583,2820.750,2612.300,2672.572,2590.333,2934.511,2658.576
2798.030,2537.704,2488.486,2790.983,2824.318,2610.967,2697.286,2584.500,2937.022,2653.364
2793.485,2528.061,2479.314,2791.217,2817.682,2605.200,2688.857,2595.633,2943.156,2641.030
2796.182,2530.204,2481.171,2779.100,2814.614,2604.867,2669.072,2588.333,2923.022,2653.485
2796.909,2526.275,2470.000,2774.000,2801.864,2606.667,2679.714,2601.700,2929.289,2646.212
2794.045,2523.500,2478.457,2776.967,2803.773,2609.800,2672.857,2597.367,2943.200,2655.970
2810.576,2528.979,2497.829,2778.250,2821.500,2604.300,2682.500,2590.433,2938.622,2641.606
2791.576,2540.021,2486.029,2786.000,2812.091,2614.567,2701.572,2593.500,2946.422,2635.152
2796.727,2532.428,2473.572,2788.867,2817.523,2614.333,2703.000,2605.633,2946.867,2644.848
2797.561,2542.449,2477.971,2784.883,2812.591,2608.367,2717.214,2583.300,2939.489,2654.970
2794.970,2523.428,2471.600,2777.317,2816.045,2623.567,2690.928,2582.567,2933.511,2650.000
2780.121,2530.837,2487.029,2777.283,2817.455,2609.167,2687.857,2589.933,2933.444,2629.303
2801.318,2533.531,2491.257,2780.583,2801.477,2595.833,2705.286,2592.967,2931.778,2660.576
2786.470,2533.979,2465.857,2786.283,2817.023,2619.300,2685.857,2581.967,2947.489,2650.152
2797.288,2538.857,2480.743,2776.900,2830.705,2621.833,2676.857,2603.333,2940.244,2640.818
2793.879,2533.306,2491.428,2774.500,2813.364,2612.200,2676.357,2588.600,2940.844,2642.879
2788.439,2532.214,2483.000,2773.150,2804.250,2625.333,2689.928,2583.067,2937.267,2656.818
2791.727,2526.939,2489.886,2771.083,2792.773,2612.200,2706.928,2595.933,2927.800,2648.485
2793.530,2530.286,2477.771,2775.900,2805.659,2619.567,2648.572,2586.600,2910.067,2652.061
2791.591,2526.928,2483.714,2788.933,2804.455,2606.133,2693.357,2579.867,2929.489,2644.970
2799.242,2520.123,2474.543,2769.550,2811.091,2598.033,2698.786,2588.567,2936.222,2631.818
2797.348,2524.918,2474.200,2765.717,2808.500,2606.300,2699.643,2598.967,2922.667,2629.667
2788.939,2535.296,2476.029,2776.867,2802.818,2598.800,2677.286,2594.100,2915.311,2652.727
2789.333,2531.082,2471.200,2776.500,2801.727,2605.000,2674.643,2586.133,2915.667,2649.030
2792.909,2532.602,2482.114,2768.733,2812.705,2599.533,2675.357,2590.300,2926.289,2655.424
2808.712,2528.582,2463.572,2783.433,2800.750,2589.267,2697.572,2584.733,2941.178,2653.152
2804.485,2529.082,2487.714,2781.733,2820.545,2625.100,2675.643,2594.800,2934.289,2644.879
2800.258,2534.225,2484.771,2776.850,2808.545,2594.667,2672.072,2585.633,2940.422,2646.303
2800.788,2521.031,2490.314,2774.067,2801.159,2607.233,2689.500,2582.667,2922.289,2646.455
2805.364,2532.061,2470.400,2770.300,2822.841,2616.433,2694.428,2597.433,2930.533,2635.939
2803.864,2527.969,2485.343,2779.283,2791.773,2616.400,2700.357,2605.033,2948.800,2637.303
2796.455,2534.163,2482.143,2771.917,2812.227,2594.533,2687.357,2588.833,2938.911,2632.879
2799.758,2530.000,2478.829,2759.417,2797.341,2614.100,2684.357,2576.467,2940.267,2646.152
2800.227,2534.204,2485.086,2767.000,2814.864,2614.700,2684.572,2570.267,2932.956,2644.515
2785.879,2531.898,2479.714,2771.667,2823.341,2601.933,2694.214,2594.633,2945.578,2636.212
2803.394,2534.602,2492.200,2774.217,2818.432,2609.200,2693.928,2602.400,2930.422,2655.000
2792.106,2527.469,2474.000,2779.017,2824.227,2592.600,2701.357,2586.667,2940.689,2638.424
2799.348,2523.143,2477.057,2768.117,2798.227,2603.433,2675.857,2589.100,2940.156,2649.606
2796.591,2529.479,2481.971,2781.117,2805.136,2616.967,2694.214,2582.867,2937.733,2643.909
2793.030,2537.898,2469.943,2771.450,2814.795,2602.433,2671.072,2580.600,2937.933,2643.788
2797.606,2534.541,2484.714,2781.750,2811.409,2615.467,2699.857,2591.533,2949.355,2644.333
2801.076,2517.847,2469.800,2766.167,2816.455,2607.367,2678.714,2586.800,2934.600,2656.394
2798.712,2526.755,2470.914,2775.717,2818.523,2602.100,2692.643,2599.867,2925.333,2622.121
2792.500,2524.133,2470.200,2778.300,2822.795,2607.233,2685.428,2575.900,2936.800,2639.455
2810.318,2530.602,2470.543,2773.983,2790.955,2593.933,2679.500,2583.467,2939.511,2640.788
2793.227,2529.316,2474.057,2782.867,2799.318,2615.200,2670.714,2600.467,2924.733,2636.303
2791.621,2521.102,2461.886,2768.583,2810.886,2605.433,2688.000,2586.167,2917.933,2627.909
2805.636,2519.633,2468.971,2774.500,2814.318,2607.300,2658.072,2590.800,2949.178,2646.970
2792.318,2521.000,2469.200,2777.017,2799.977,2594.433,2693.214,2577.133,2928.822,2637.242
2794.894,2525.541,2474.486,2759.683,2802.023,2589.300,2686.357,2577.933,2927.800,2629.909
2796.015,2525.174,2469.229,2766.550,2805.000,2585.133,2694.428,2587.633,2943.867,2649.636
2793.833,2525.714,2473.229,2763.300,2790.364,2599.533,2688.643,2590.100,2923.822,2648.394
2808.152,2531.123,2480.771,2763.217,2802.341,2602.100,2691.500,2578.767,2926.867,2639.242
2804.197,2524.092,2473.143,2770.617,2807.750,2592.133,2689.357,2584.167,2935.378,2634.182
2798.667,2530.959,2473.143,2776.183,2802.705,2592.200,2667.714,2578.533,2936.822,2622.970
2795.576,2531.684,2483.200,2777.483,2802.545,2575.633,2685.357,2562.300,2915.244,2628.182
2795.955,2520.296,2467.371,2762.983,2789.455,2604.133,2694.572,2598.733,2917.267,2646.424
2797.773,2530.653,2473.200,2761.967,2802.045,2596.767,2661.857,2577.633,2941.511,2649.364
2806.530,2527.041,2465.771,2772.550,2806.636,2592.833,2683.000,2580.067,2925.533,2632.667
2804.894,2523.806,2467.600,2758.983,2797.955,2602.233,2675.643,2580.000,2941.800,2646.545
2804.727,2530.357,2475.800,2774.550,2802.159,2587.067,2674.928,2578.933,2904.956,2623.697
2798.273,2527.143,2474.886,2782.367,2809.136,2596.200,2674.714,2578.400,2922.489,2647.939
2797.182,2527.653,2474.657,2768.667,2801.727,2594.833,2694.286,2579.767,2950.889,2624.970
2804.682,2519.857,2465.914,2762.550,2817.545,2592.633,2682.857,2572.700,2923.000,2636.667
2780.485,2524.296,2461.714,2766.167,2810.205,2600.400,2687.714,2588.033,2909.222,2649.939
2799.515,2517.653,2472.057,2766.083,2800.932,2597.667,2695.643,2599.367,2920.200,2629.697
2802.030,2521.684,2479.829,2768.450,2804.250,2609.567,2696.072,2577.900,2936.200,2646.242
2800.879,2520.296,2470.029,2773.050,2815.955,2591.400,2697.357,2592.100,2918.911,2635.818
2815.545,2522.867,2471.057,2772.683,2804.091,2614.400,2696.857,2581.533,2930.289,2639.091
2810.409,2523.847,2475.229,2764.667,2814.114,2599.300,2694.214,2580.367,2923.933,2647.697
2803.727,2528.786,2474.829,2777.200,2805.795,2620.467,2694.357,2586.600,2913.311,2635.000
2806.576,2523.857,2465.457,2771.683,2792.386,2599.833,2681.428,2584.867,2932.355,2629.848
2810.621,2525.531,2476.200,2766.367,2811.864,2575.200,2697.786,2575.667,2924.133,2629.394
2795.894,2520.837,2463.314,2767.217,2802.614,2590.767,2674.643,2578.500,2926.444,2635.636
2814.121,2525.857,2475.743,2769.333,2813.136,2587.200,2695.500,2585.267,2918.378,2634.758
2806.818,2521.531,2480.800,2765.467,2815.023,2600.767,2694.072,2577.067,2911.533,2622.758
2809.742,2517.918,2475.629,2769.450,2809.864,2598.167,2685.357,2591.067,2929.200,2630.576
2806.561,2525.296,2469.171,2774.517,2812.182,2581.933,2686.286,2583.667,2929.933,2624.152
2806.727,2526.572,2479.143,2771.400,2799.591,2593.533,2682.072,2581.333,2934.822,2633.424
2796.985,2514.806,2471.857,2774.950,2817.091,2592.600,2693.572,2578.100,2917.622,2632.061
2800.500,2529.021,2467.572,2757.633,2803.068,2571.733,2709.000,2584.600,2934.422,2622.636
2791.803,2538.898,2468.857,2776.867,2795.614,2601.533,2684.214,2578.367,2931.000,2632.848
2796.182,2526.133,2486.686,2769.083,2810.818,2582.167,2702.643,2592.133,2932.711,2631.515
2797.955,2520.714,2474.543,2771.317,2800.864,2577.867,2670.857,2580.767,2922.378,2633.152
2788.576,2521.623,2463.314,2763.517,2810.136,2587.867,2691.286,2566.600,2924.467,2620.818
2804.621,2522.082,2468.257,2770.483,2795.909,2602.400,2686.143,2584.833,2917.600,2646.636
2798.591,2514.918,2458.171,2771.833,2804.932,2595.700,2695.143,2599.533,2926.333,2653.515
2791.833,2520.551,2477.400,2767.000,2803.091,2592.433,2687.286,2570.633,2924.556,2642.545
2788.227,2521.939,2461.971,2766.850,2788.432,2587.633,2687.357,2565.400,2936.311,2621.212
2791.318,2516.255,2471.600,2762.000,2801.227,2600.933,2701.786,2580.067,2936.600,2642.455
2815.485,2522.918,2469.886,2771.267,2804.273,2597.167,2668.500,2584.600,2925.289,2644.000
2810.106,2521.214,2482.629,2773.217,2801.636,2600.167,2695.072,2586.200,2907.822,2640.909
2806.985,2520.031,2479.428,2773.583,2804.386,2602.633,2662.072,2579.633,2930.422,2619.424
2806.455,2526.296,2464.343,2771.267,2790.364,2596.433,2695.786,2566.500,2934.289,2643.242
2807.939,2508.735,2471.543,2772.133,2795.614,2597.433,2678.357,2584.400,2931.844,2656.667
2805.485,2518.674,2457.400,2765.800,2791.682,2583.700,2665.143,2569.067,2939.822,2654.364
2791.864,2517.326,2470.943,2764.450,2803.114,2587.267,2691.000,2588.500,2915.067,2644.182
2783.227,2515.684,2473.400,2772.033,2793.795,2577.433,2686.357,2578.633,2935.311,2621.939
2790.788,2517.633,2469.686,2764.550,2784.705,2578.500,2692.357,2574.567,2917.044,2614.939
2794.045,2517.857,2482.000,2765.100,2801.614,2585.933,2667.286,2579.900,2907.467,2633.273
2785.227,2519.979,2474.257,2754.000,2798.364,2584.733,2697.214,2584.867,2918.156,2627.485
2771.212,2514.194,2462.000,2760.683,2808.545,2583.600,2668.286,2582.867,2916.689,2641.333
2775.273,2521.428,2475.000,2760.133,2801.500,2598.000,2692.143,2573.067,2929.378,2632.909
2787.712,2526.561,2459.629,2765.217,2784.773,2588.133,2666.357,2576.767,2938.800,2642.121
2761.152,2517.061,2467.943,2764.100,2810.886,2594.033,2678.572,2583.567,2927.111,2641.939
2770.652,2525.082,2464.314,2768.683,2799.432,2594.400,2669.500,2594.800,2922.711,2649.182
2780.333,2526.928,2467.086,2763.867,2790.341,2588.367,2681.214,2582.633,2929.978,2654.515
2775.258,2514.194,2463.400,2762.917,2798.500,2586.233,2693.857,2582.067,2939.822,2655.545
2788.985,2522.663,2459.657,2764.100,2790.182,2591.867,2708.857,2585.100,2922.778,2635.879
2775.621,2522.174,2464.200,2757.383,2796.568,2598.067,2692.786,2588.333,2918.089,2654.909
2776.667,2517.561,2463.400,2761.500,2795.886,2585.233,2693.428,2566.900,2946.378,2635.758
2768.667,2523.235,2464.486,2764.983,2795.614,2577.500,2681.357,2593.800,2918.711,2648.364
2772.924,2525.255,2455.229,2759.500,2783.727,2582.767,2676.214,2578.367,2913.911,2630.485
2791.000,2521.469,2451.714,2758.167,2796.614,2574.267,2673.357,2578.333,2918.222,2647.606
2783.667,2509.021,2473.543,2762.583,2794.523,2580.033,2694.286,2579.700,2910.622,2651.091
2794.545,2515.245,2455.428,2763.967,2782.955,2589.567,2692.857,2575.033,2924.111,2643.545
2787.091,2517.428,2452.714,2749.900,2798.000,2575.400,2685.357,2587.367,2923.600,2638.394
2786.606,2527.847,2467.286,2761.783,2804.523,2590.533,2671.500,2578.767,2934.355,2660.000
2781.470,2520.816,2470.943,2762.967,2807.614,2596.233,2671.714,2584.433,2953.378,2655.576
2777.318,2513.990,2477.629,2745.817,2798.477,2587.700,2696.500,2594.700,2929.244,2649.091
2777.045,2517.684,2469.857,2777.700,2787.023,2581.167,2703.214,2579.467,2934.933,2645.212
2784.030,2524.092,2460.086,2754.050,2799.341,2571.467,2690.286,2576.600,2934.756,2656.485
2787.197,2522.867,2464.343,2769.583,2789.295,2599.533,2731.643,2586.967,2932.422,2634.455
2774.530,2519.357,2464.086,2750.100,2796.000,2593.233,2717.643,2585.867,2936.600,2651.394
2772.015,2515.786,2468.343,2766.117,2799.455,2604.567,2706.000,2593.133,2943.244,2634.455
2761.000,2523.174,2450.714,2766.783,2787.568,2608.200,2707.714,2593.567,2939.044,2648.545
2769.848,2521.979,2476.686,2753.567,2817.682,2590.467,2704.857,2589.367,2939.533,2632.061
2773.455,2519.694,2472.400,2767.033,2787.977,2589.333,2718.500,2586.800,2924.311,2651.485
2783.045,2531.357,2464.143,2759.750,2812.182,2605.533,2718.357,2577.133,2940.533,2643.394
2773.242,2526.531,2474.200,2752.167,2802.977,2596.500,2708.357,2589.100,2941.067,2644.091
2772.970,2520.377,2466.714,2756.850,2797.818,2593.400,2720.714,2578.833,2921.978,2642.909
2783.985,2520.184,2475.486,2770.667,2803.523,2586.733,2715.357,2574.467,2929.022,2637.727
2768.212,2506.255,2469.229,2745.600,2785.750,2594.167,2693.714,2569.767,2927.867,2659.455
2769.288,2519.755,2479.257,2766.867,2802.023,2600.867,2707.857,2584.833,2928.733,2627.879
2770.364,2514.816,2466.457,2750.417,2815.545,2590.933,2708.500,2571.967,2945.178,2654.727
2768.455,2513.572,2468.457,2768.100,2802.068,2597.567,2725.357,2586.967,2939.289,2623.333
2773.742,2518.725,2468.314,2763.450,2795.614,2602.633,2720.000,2573.300,2945.267,2645.424
2772.621,2516.204,2457.428,2762.617,2790.818,2601.667,2700.500,2581.667,2951.022,2639.848
2766.818,2513.592,2481.800,2757.083,2800.250,2597.967,2704.214,2565.567,2991.289,2639.515
2774.318,2517.663,2459.400,2747.800,2798.250,2601.367,2704.857,2584.333,2998.400,2657.667
2781.848,2518.347,2469.771,2761.533,2785.818,2592.200,2716.072,2575.733,3028.133,2639.485
2779.924,2514.612,2465.286,2756.033,2802.795,2615.800,2698.286,2584.433,3036.244,2644.455
2771.485,2528.214,2456.029,2754.033,2804.364,2586.633,2692.928,2579.933,3014.911,2656.121
2785.030,2516.867,2460.886,2749.400,2802.773,2610.667,2707.357,2584.533,3021.133,2667.152
2781.242,2530.061,2468.657,2750.350,2793.886,2593.600,2685.357,2601.400,3015.022,2657.121
2769.500,2516.908,2473.400,2754.533,2801.932,2615.567,2673.572,2576.100,2979.800,2654.485
2780.091,2519.592,2470.171,2744.950,2805.500,2616.900,2709.214,2571.367,3005.355,2657.879
2781.712,2520.623,2463.057,2753.183,2805.250,2623.233,2714.357,2586.333,2993.645,2654.818
2772.500,2520.633,2467.572,2761.117,2797.955,2618.567,2683.072,2560.000,2991.089,2657.909
2771.788,2524.377,2460.257,2779.167,2790.818,2596.633,2728.928,2577.067,2974.311,2639.909
2771.273,2520.041,2461.829,2762.967,2797.045,2598.200,2691.500,2585.033,2981.800,2651.606
2770.636,2522.061,2465.600,2761.250,2792.932,2591.100,2710.928,2564.367,2958.289,2650.576
2763.530,2512.694,2472.771,2771.800,2797.091,2588.100,2710.643,2573.333,2986.578,2639.485
2773.212,2514.592,2481.514,2753.317,2809.318,2575.833,2675.714,2578.233,2971.400,2626.970
2769.697,2520.949,2462.029,2754.283,2803.091,2603.967,2705.500,2567.633,2981.533,2650.576
2767.045,2517.786,2467.057,2767.433,2787.045,2595.467,2738.928,2582.833,2962.089,2638.606
2761.576,2517.572,2465.343,2764.967,2793.455,2588.100,2716.786,2583.167,2959.978,2657.970
2767.152,2522.755,2447.171,2744.467,2798.568,2600.500,2697.500,2575.567,2966.622,2649.121
2764.227,2523.674,2466.086,2745.283,2791.886,2606.733,2721.500,2579.500,2984.089,2640.091
2765.667,2513.377,2473.572,2759.033,2795.659,2596.500,2692.428,2576.700,2979.578,2655.121
2763.333,2523.133,2470.629,2759.000,2801.068,2594.100,2722.143,2587.767,3001.444,2663.242
2778.833,2515.174,2441.229,2752.467,2784.114,2592.400,2711.143,2575.200,3018.489,2674.091
2771.924,2519.133,2458.714,2763.950,2802.705,2581.300,2719.500,2590.933,3048.556,2681.091
2772.833,2517.398,2442.257,2746.767,2789.864,2585.533,2693.428,2582.267,3072.200,2690.909
2786.682,2512.021,2468.600,2751.717,2787.250,2592.067,2692.714,2583.733,3097.000,2694.485
2784.000,2514.408,2453.943,2750.183,2793.205,2571.667,2698.572,2569.067,3094.200,2698.970
2776.848,2511.857,2468.086,2761.683,2796.523,2576.700,2710.143,2568.833,3100.289,2674.576
2778.470,2518.857,2455.572,2752.900,2799.432,2600.867,2714.072,2574.100,3081.022,2691.455
2773.318,2519.633,2463.886,2756.567,2795.136,2588.833,2687.143,2572.100,3082.022,2700.606
2777.970,2516.500,2468.200,2753.483,2799.523,2586.767,2716.857,2568.300,3083.556,2675.455
2784.333,2517.072,2455.457,2749.783,2802.795,2586.767,2715.714,2581.633,3063.244,2690.303
2770.955,2513.439,2467.486,2754.683,2772.136,2604.700,2712.428,2581.800,3017.867,2692.727
2765.773,2516.898,2454.200,2757.733,2798.682,2615.500,2722.143,2574.500,3019.889,2673.818
2772.167,2522.143,2458.600,2752.917,2798.727,2593.133,2725.000,2578.867,3020.067,2682.182
2769.909,2515.153,2467.572,2751.533,2784.636,2599.200,2716.143,2591.700,3041.556,2665.727
2773.545,2516.225,2465.629,2756.217,2797.773,2608.667,2712.572,2578.433,3036.645,2680.667
2780.394,2517.786,2457.029,2747.417,2793.864,2589.067,2708.428,2578.300,3039.556,2666.606
2767.242,2518.806,2452.343,2751.333,2794.795,2599.700,2708.857,2572.267,3049.156,2679.212
2770.091,2510.174,2462.486,2750.433,2797.705,2606.533,2716.500,2594.467,3010.200,2666.697
2765.333,2505.235,2470.657,2743.433,2794.500,2590.267,2725.143,2571.500,3012.511,2673.333
2774.591,2513.082,2470.657,2739.733,2799.227,2595.167,2727.286,2581.967,3022.355,2671.364
2762.015,2513.041,2451.200,2752.983,2790.114,2608.033,2714.072,2565.533,3031.400,2673.606
2775.288,2519.041,2468.600,2758.267,2786.795,2591.133,2727.143,2576.067,3056.556,2687.788
2780.273,2516.000,2463.143,2753.100,2790.591,2611.167,2713.928,2565.767,3093.467,2695.152
2769.379,2518.521,2473.686,2743.500,2784.864,2581.067,2695.572,2581.867,3151.089,2723.697
2788.030,2517.612,2457.486,2744.367,2773.682,2592.967,2716.572,2586.333,3159.000,2760.576
2784.061,2515.408,2474.943,2736.250,2793.159,2595.367,2720.786,2598.867,3191.400,2746.879
2790.500,2512.235,2487.257,2753.250,2796.250,2599.733,2695.786,2583.267,3187.156,2766.303
2789.288,2523.959,2495.257,2747.133,2812.432,2608.400,2716.500,2593.000,3216.156,2766.030
2786.833,2515.092,2482.143,2748.033,2793.841,2616.067,2727.643,2581.467,3226.533,2760.970
2786.409,2514.888,2478.143,2749.750,2794.318,2627.833,2738.072,2607.500,3196.000,2764.939
2778.318,2506.418,2489.200,2751.100,2802.455,2616.067,2726.786,2600.800,3189.111,2755.333
2794.318,2530.816,2485.800,2758.717,2815.591,2607.300,2754.000,2595.833,3184.956,2747.970
2782.030,2519.928,2482.428,2748.633,2804.364,2621.400,2749.786,2607.700,3162.600,2744.061
2778.439,2525.184,2471.714,2744.350,2798.091,2602.700,2730.072,2602.033,3159.311,2752.030
2774.621,2520.072,2497.086,2742.650,2814.409,2624.667,2754.857,2580.267,3143.889,2724.909
2777.379,2525.225,2469.114,2755.200,2797.682,2611.133,2718.286,2610.333,3162.200,2726.273
2767.515,2518.398,2457.800,2753.317,2794.636,2606.933,2717.643,2598.267,3128.756,2724.000
2782.273,2517.245,2467.886,2745.717,2804.864,2615.000,2736.143,2589.467,3136.867,2711.152
2780.894,2520.510,2462.686,2749.717,2806.364,2602.733,2740.857,2587.867,3107.400,2715.364
2782.439,2525.316,2466.229,2747.683,2795.318,2606.800,2730.286,2585.267,3104.444,2699.364
2771.288,2516.979,2454.743,2755.267,2811.318,2618.567,2744.357,2589.267,3098.156,2719.515
2781.015,2519.572,2461.543,2749.400,2787.568,2609.433,2751.143,2568.367,3081.800,2695.939
2775.333,2517.377,2468.257,2750.483,2797.659,2616.567,2739.072,2591.200,3091.689,2711.212
2780.379,2509.061,2460.257,2751.550,2806.909,2604.867,2721.643,2566.533,3113.778,2716.152
2786.288,2509.408,2457.457,2756.300,2783.773,2610.133,2740.928,2581.400,3142.222,2736.091
2763.394,2508.531,2466.229,2745.500,2783.932,2591.267,2718.286,2584.300,3160.200,2737.545
2789.318,2517.684,2469.428,2745.600,2784.886,2620.133,2715.572,2584.833,3189.533,2752.061
2785.273,2527.184,2477.314,2746.183,2788.045,2615.800,2746.072,2586.933,3225.711,2779.697
2790.318,2514.745,2467.943,2752.900,2788.273,2607.967,2718.286,2586.200,3253.156,2803.061
2803.515,2518.275,2481.114,2753.150,2804.682,2602.900,2775.072,2604.867,3263.111,2801.485
2803.061,2530.857,2485.457,2745.783,2820.455,2589.400,2751.214,2597.867,3265.511,2796.848
2791.667,2527.959,2466.400,2754.633,2817.341,2628.667,2775.786,2621.133,3252.733,2808.394
2799.985,2523.969,2496.286,2754.800,2821.364,2628.400,2737.214,2622.833,3238.533,2799.606
2810.758,2516.286,2487.200,2755.833,2826.295,2649.667,2752.000,2609.633,3241.444,2792.727
2787.788,2526.316,2481.943,2752.950,2825.705,2633.200,2747.428,2612.767,3228.378,2767.879
2788.697,2527.245,2471.171,2755.333,2800.500,2622.067,2752.500,2606.800,3218.200,2774.576
2800.348,2528.174,2488.400,2760.817,2814.705,2639.433,2788.286,2603.467,3201.800,2776.515
2786.773,2525.796,2486.686,2753.017,2839.295,2603.333,2760.072,2608.833,3192.822,2755.788
2783.530,2522.541,2463.657,2756.500,2800.227,2622.733,2766.572,2596.267,3192.511,2759.121
2791.348,2525.225,2481.857,2757.950,2798.477,2628.433,2774.500,2613.567,3176.822,2762.485
2780.273,2527.296,2478.800,2750.833,2816.477,2631.467,2732.143,2598.800,3174.600,2752.939
2796.424,2529.326,2470.029,2748.800,2811.841,2628.100,2747.214,2600.733,3170.756,2763.212
2784.879,2519.214,2467.400,2733.367,2803.023,2609.700,2737.428,2594.100,3151.511,2748.061
2785.333,2523.286,2456.771,2763.733,2809.432,2620.467,2756.714,2595.067,3137.333,2736.424
2790.879,2531.908,2472.143,2744.650,2804.886,2605.233,2744.786,2593.100,3117.378,2748.879
2785.470,2521.735,2459.000,2744.800,2802.727,2609.667,2734.428,2585.700,3131.156,2750.182
2802.167,2515.428,2474.229,2742.650,2806.091,2605.000,2732.214,2601.567,3130.489,2745.909
2775.152,2531.082,2442.286,2742.483,2799.432,2606.333,2770.000,2588.900,3156.067,2754.364
2806.197,2522.235,2457.600,2736.717,2804.636,2615.333,2745.000,2576.267,3182.956,2783.242
2807.061,2521.255,2470.029,2741.967,2805.818,2619.900,2730.786,2577.200,3209.533,2811.424
2810.121,2523.388,2474.600,2747.600,2810.068,2607.633,2752.428,2615.000,3224.222,2811.273
2812.470,2520.541,2484.800,2743.550,2809.091,2611.267,2783.214,2601.100,3252.378,2849.727
2815.409,2527.010,2465.257,2764.083,2810.159,2621.333,2774.428,2608.533,3295.311,2851.667
2819.273,2522.979,2488.600,2765.650,2815.318,2636.067,2770.786,2625.733,3270.267,2831.727
2834.045,2528.714,2489.257,2782.667,2828.182,2632.533,2787.072,2613.100,3291.000,2849.909
2817.212,2536.633,2498.743,2784.667,2845.477,2638.567,2792.500,2626.867,3279.289,2862.697
2824.848,2536.704,2482.886,2782.767,2845.386,2635.767,2807.857,2613.400,3272.244,2856.424
2821.182,2534.092,2467.857,2790.083,2830.227,2643.767,2822.286,2635.533,3262.333,2848.364
2807.136,2538.143,2475.229,2777.100,2858.091,2639.200,2825.857,2612.533,3247.511,2845.394
2816.561,2532.857,2472.771,2780.233,2840.614,2641.067,2821.857,2617.033,3244.733,2832.606
2818.348,2537.286,2465.229,2774.533,2837.614,2635.633,2835.928,2629.600,3238.467,2843.909
2807.121,2538.847,2483.971,2787.167,2839.773,2645.967,2818.072,2625.200,3228.178,2834.333
2801.318,2533.275,2481.343,2766.600,2847.818,2652.367,2808.072,2630.067,3215.333,2812.545
2806.530,2538.969,2493.229,2784.133,2823.523,2627.200,2816.786,2604.833,3204.689,2814.545
2810.561,2534.572,2485.029,2784.900,2826.932,2643.233,2823.714,2621.867,3222.244,2835.212
2808.576,2537.592,2473.400,2771.333,2828.841,2640.333,2810.786,2612.900,3184.756,2800.879
2794.121,2542.551,2474.029,2766.767,2845.455,2651.567,2816.143,2625.200,3165.378,2802.515
2806.833,2522.010,2474.657,2766.833,2840.818,2654.533,2784.857,2611.367,3171.289,2813.242
2793.697,2540.816,2474.200,2773.033,2819.273,2645.000,2819.857,2626.133,3168.267,2803.939
2801.652,2527.745,2477.114,2771.767,2831.591,2632.467,2825.286,2618.700,3164.733,2799.697
2786.015,2538.388,2461.000,2762.300,2815.977,2647.900,2793.786,2617.167,3180.822,2823.212
2813.318,2530.541,2465.800,2755.767,2809.795,2630.633,2811.714,2613.500,3220.578,2832.545
2811.970,2528.061,2467.886,2763.400,2830.568,2639.533,2798.286,2612.433,3247.333,2873.758
2811.227,2536.745,2485.572,2761.200,2832.455,2632.767,2830.143,2601.967,3267.489,2890.152
2815.409,2537.786,2487.057,2762.567,2825.159,2638.167,2802.500,2608.800,3295.200,2878.545
2837.727,2531.765,2470.943,2776.900,2849.341,2630.267,2840.357,2635.067,3311.222,2898.758
2835.091,2539.235,2493.114,2767.283,2850.136,2628.833,2849.786,2636.333,3333.244,2900.182
2848.803,2538.194,2490.371,2796.017,2866.932,2653.167,2864.643,2651.667,3325.978,2927.455
2840.242,2543.214,2485.514,2802.583,2853.773,2656.667,2868.428,2652.033,3308.800,2929.606
2834.515,2550.255,2491.314,2814.167,2872.955,2646.733,2856.714,2637.800,3314.867,2919.121
2838.485,2560.857,2489.114,2822.083,2857.545,2660.200,2876.928,2627.767,3314.111,2902.970
2846.348,2545.500,2483.257,2813.233,2848.841,2662.800,2842.000,2642.867,3294.422,2888.879
2836.652,2552.163,2469.314,2806.067,2882.614,2662.533,2876.214,2650.967,3283.956,2895.545
2858.227,2555.561,2495.286,2808.500,2864.614,2643.500,2876.857,2611.933,3273.355,2898.818
2844.167,2549.326,2479.743,2824.133,2860.682,2652.200,2890.000,2625.900,3267.733,2872.303
2841.939,2550.694,2486.657,2811.983,2856.636,2654.200,2872.714,2631.533,3264.000,2863.758
2833.000,2550.806,2470.886,2821.717,2862.227,2656.667,2814.643,2633.667,3253.667,2882.242
2825.015,2553.123,2464.086,2801.533,2860.295,2645.167,2857.286,2642.933,3218.600,2863.970
2825.545,2547.510,2479.829,2803.917,2854.886,2650.733,2831.500,2638.867,3217.333,2855.030
2830.955,2546.143,2465.457,2803.033,2871.500,2660.000,2861.500,2620.067,3235.578,2827.545
2813.803,2542.949,2467.286,2804.033,2842.545,2664.767,2842.786,2639.267,3186.467,2832.939
2828.727,2541.725,2472.971,2803.450,2838.205,2643.300,2846.214,2618.567,3193.689,2824.879
2819.227,2545.612,2465.771,2788.083,2856.159,2624.767,2856.214,2617.067,3177.000,2837.424
2818.848,2532.561,2464.657,2801.583,2830.886,2625.267,2831.428,2616.633,3186.311,2839.848
2807.621,2538.275,2444.971,2792.617,2841.386,2634.033,2832.143,2608.633,3201.689,2848.818
2832.030,2547.337,2470.743,2785.050,2846.091,2634.733,2839.786,2622.500,3258.978,2891.303
2848.500,2547.286,2472.229,2797.383,2854.409,2629.900,2847.928,2630.000,3265.355,2887.091
2852.545,2546.174,2478.657,2785.183,2844.614,2651.900,2866.714,2636.633,3303.044,2900.848
2869.758,2555.265,2482.314,2811.317,2864.341,2655.400,2876.714,2631.367,3311.000,2901.091
2871.379,2554.072,2488.143,2825.550,2867.477,2666.700,2880.643,2640.067,3320.889,2927.667
2863.848,2560.255,2488.029,2834.083,2875.455,2669.500,2907.928,2666.067,3314.622,2936.000
2871.621,2563.031,2487.486,2841.467,2885.136,2666.467,2911.928,2647.100,3320.578,2926.818
2875.712,2561.806,2493.914,2854.367,2887.636,2680.233,2919.572,2642.967,3312.111,2931.727
2870.712,2559.969,2469.171,2859.467,2898.955,2663.500,2911.786,2639.033,3295.844,2910.455
2866.561,2562.510,2487.714,2861.467,2874.523,2680.933,2932.286,2654.100,3307.933,2912.091
2858.485,2566.510,2494.229,2879.483,2874.432,2675.267,2927.286,2662.733,3300.667,2899.939
2856.758,2560.051,2499.257,2877.150,2885.432,2655.667,2901.714,2640.933,3280.844,2899.182
2858.000,2569.979,2486.771,2878.217,2879.591,2679.600,2902.500,2628.400,3268.622,2906.545
2850.500,2558.949,2491.800,2851.917,2887.841,2676.767,2882.572,2641.000,3270.267,2897.242
2845.500,2564.459,2482.400,2857.133,2876.773,2664.700,2855.072,2629.700,3248.022,2878.939
2840.788,2554.439,2480.114,2855.000,2867.455,2670.600,2879.072,2640.967,3214.711,2872.909
2843.061,2568.316,2465.314,2867.183,2872.364,2654.033,2896.072,2636.700,3221.467,2864.485
2835.091,2559.082,2458.771,2853.233,2872.091,2664.567,2899.214,2629.000,3196.200,2855.727
2825.545,2544.602,2470.657,2837.883,2881.000,2673.267,2896.714,2631.233,3211.800,2843.000
2831.000,2562.969,2460.943,2836.233,2870.432,2651.467,2870.428,2615.567,3196.578,2849.758
2826.045,2549.959,2481.343,2820.983,2869.568,2661.233,2876.000,2625.067,3193.622,2840.848
2832.455,2548.837,2464.314,2836.867,2853.477,2674.067,2856.357,2622.900,3191.756,2858.727
2833.985,2557.418,2470.800,2833.183,2858.750,2647.400,2898.428,2628.867,3199.089,2861.970
2825.788,2544.459,2470.543,2832.600,2864.227,2655.667,2861.428,2631.933,3204.178,2874.303
2820.000,2542.704,2475.857,2821.250,2854.886,2662.200,2869.786,2635.767,3226.933,2880.000
2840.485,2549.326,2481.086,2828.933,2853.136,2652.733,2888.000,2629.867,3270.689,2894.485
2846.985,2553.000,2484.914,2841.483,2865.864,2657.267,2906.000,2648.467,3274.733,2889.030
2854.818,2551.163,2474.800,2846.983,2883.614,2676.667,2891.928,2640.600,3283.489,2900.273
2852.485,2566.582,2496.486,2884.033,2881.773,2664.967,2930.572,2652.500,3291.556,2914.303
2875.409,2570.908,2497.114,2883.700,2896.477,2680.633,2921.500,2664.967,3302.822,2923.061
2851.985,2555.541,2496.629,2891.267,2893.977,2696.933,2928.000,2646.267,3314.667,2918.636
2871.030,2564.898,2486.514,2892.700,2910.705,2676.933,2944.143,2643.100,3311.600,2939.485
2861.424,2567.918,2478.886,2905.650,2881.909,2698.900,2951.428,2647.067,3302.022,2920.000
2855.818,2572.357,2495.572,2902.617,2911.773,2686.133,2922.643,2653.400,3291.067,2916.939
2884.485,2563.245,2474.057,2892.783,2904.205,2674.333,2890.357,2656.800,3293.489,2915.333
2853.409,2570.265,2506.743,2893.733,2899.318,2692.533,2930.428,2644.800,3294.667,2916.061
2867.045,2565.796,2485.000,2892.400,2895.409,2698.100,2945.500,2646.433,3253.444,2895.273
2869.485,2567.990,2489.200,2900.350,2892.182,2695.267,2947.000,2631.333,3266.800,2878.061
2859.985,2572.408,2489.343,2883.233,2901.591,2711.633,2926.072,2660.067,3278.422,2891.303
2838.136,2564.061,2473.371,2875.950,2891.795,2695.133,2894.286,2637.500,3245.844,2872.303
2838.864,2566.000,2488.000,2885.683,2894.886,2680.933,2881.428,2631.333,3256.689,2874.818
2839.833,2562.704,2471.400,2866.250,2882.886,2687.500,2910.500,2623.633,3216.111,2860.788
2841.333,2563.826,2473.971,2868.883,2889.477,2673.467,2895.000,2642.700,3207.511,2842.212
2821.121,2567.459,2469.543,2865.850,2862.159,2670.833,2905.643,2628.133,3219.956,2854.758
2835.424,2552.041,2461.829,2857.983,2871.227,2652.467,2883.000,2620.300,3205.333,2863.303
2843.742,2556.490,2473.600,2862.467,2859.136,2673.600,2882.357,2621.200,3218.711,2858.273
2831.121,2555.918,2482.457,2868.233,2863.614,2659.833,2890.286,2639.567,3246.267,2864.182
2829.197,2555.643,2474.943,2854.733,2859.477,2658.867,2882.786,2625.967,3249.444,2871.333
2841.788,2558.245,2472.514,2864.200,2866.205,2673.700,2895.357,2624.433,3266.533,2869.697
2851.833,2555.918,2483.029,2860.317,2862.705,2661.500,2894.072,2625.000,3268.933,2885.152
2850.818,2559.898,2470.657,2871.550,2868.455,2662.533,2914.500,2642.233,3308.133,2872.182
2864.530,2568.775,2482.771,2874.500,2898.659,2687.867,2941.786,2656.433,3304.022,2853.909
2854.394,2563.408,2488.171,2895.333,2886.750,2695.300,2930.143,2654.267,3326.533,2859.636
2865.076,2563.847,2480.771,2902.683,2896.045,2693.167,2914.714,2647.833,3322.400,2854.727
2862.333,2565.469,2492.543,2905.283,2899.227,2690.433,2933.714,2637.933,3321.556,2855.970
2852.818,2580.000,2474.800,2909.567,2920.955,2694.733,2927.500,2652.400,3314.444,2850.394
2859.970,2571.439,2499.943,2917.517,2907.227,2712.167,2949.786,2655.667,3335.667,2849.273
2865.924,2568.908,2475.800,2911.500,2904.409,2704.067,2965.214,2655.000,3318.822,2843.545
2849.333,2570.612,2494.200,2912.000,2917.068,2699.300,2910.357,2647.200,3309.444,2834.242
2856.121,2572.969,2491.286,2905.033,2909.023,2695.300,2927.500,2658.867,3283.556,2827.606
2839.470,2574.255,2488.000,2905.567,2904.045,2686.467,2930.214,2658.533,3282.044,2827.606
2841.682,2559.051,2484.572,2904.217,2908.977,2696.733,2935.643,2635.833,3279.533,2796.000
2853.894,2566.061,2469.886,2907.600,2901.773,2693.433,2932.500,2637.533,3264.489,2804.091
2849.212,2568.674,2473.914,2887.367,2897.864,2699.233,2922.572,2654.367,3263.889,2803.667
2826.091,2565.265,2481.543,2892.367,2883.795,2696.167,2916.786,2632.367,3236.444,2788.727
2839.485,2561.908,2489.457,2881.333,2907.136,2693.167,2948.214,2633.267,3261.311,2776.515
2834.197,2563.623,2462.486,2884.350,2896.227,2690.233,2907.643,2653.000,3230.422,2790.545
2809.530,2558.204,2462.686,2879.767,2899.364,2697.200,2906.572,2619.333,3237.444,2778.364
2822.803,2551.826,2465.029,2859.883,2881.182,2693.100,2897.214,2621.733,3211.378,2787.121
2810.333,2556.612,2485.086,2863.333,2876.182,2673.633,2918.428,2626.600,3234.511,2804.364
2838.742,2559.806,2471.743,2882.533,2878.682,2673.700,2901.214,2630.100,3241.733,2784.909
2825.303,2558.551,2483.629,2861.733,2879.114,2671.367,2921.786,2612.367,3255.467,2791.879
2842.242,2551.275,2479.143,2867.050,2887.477,2678.767,2925.643,2629.233,3271.622,2806.636
2839.773,2557.531,2484.686,2874.600,2897.182,2685.500,2919.214,2629.367,3288.889,2817.636
2854.227,2567.867,2497.686,2891.300,2911.250,2709.967,2908.714,2648.100,3303.244,2821.909
2853.682,2560.561,2475.829,2916.517,2904.795,2690.500,2913.714,2657.200,3293.355,2831.606
2856.818,2566.653,2497.314,2892.833,2898.205,2716.200,2908.714,2636.200,3316.222,2828.212
2862.667,2572.133,2485.371,2903.367,2905.386,2699.600,2940.143,2656.700,3323.667,2840.091
2870.682,2559.877,2489.229,2914.717,2911.341,2712.033,2946.928,2646.567,3327.556,2841.606
2860.212,2571.602,2490.000,2918.150,2904.205,2715.000,2939.500,2649.700,3328.178,2834.091
2851.621,2568.296,2492.200,2929.033,2904.000,2699.700,2931.286,2664.067,3308.822,2828.515
2870.303,2567.877,2494.886,2912.983,2904.136,2701.267,2943.500,2643.567,3296.711,2815.000
2847.167,2552.847,2492.086,2917.917,2919.841,2693.167,2931.357,2661.700,3301.667,2821.606
2848.924,2573.888,2485.400,2916.517,2911.955,2708.533,2910.786,2646.933,3277.111,2825.061
2845.970,2564.092,2485.829,2899.617,2897.477,2700.133,2914.857,2637.767,3273.333,2810.848
2853.273,2563.500,2487.914,2896.983,2900.614,2705.600,2928.928,2644.300,3274.867,2816.606
2848.742,2563.449,2500.543,2897.467,2908.705,2691.933,2909.428,2638.733,3269.156,2798.788
2837.364,2561.572,2468.457,2881.567,2897.682,2687.533,2882.786,2614.700,3255.489,2800.758
2835.318,2554.296,2483.771,2887.617,2888.455,2688.867,2940.572,2631.467,3239.422,2793.909
2840.424,2553.684,2477.971,2870.633,2897.114,2685.600,2906.428,2629.600,3221.733,2792.091
2836.924,2554.765,2480.314,2870.967,2889.273,2683.167,2898.214,2614.133,3227.533,2793.242
2824.894,2555.388,2468.800,2878.733,2895.864,2687.733,2864.786,2615.700,3197.911,2764.333
2839.076,2552.112,2465.971,2875.433,2873.114,2674.133,2900.500,2644.000,3221.244,2767.879
2835.242,2556.235,2467.086,2866.083,2864.205,2669.733,2877.572,2623.333,3214.622,2775.364
2843.576,2553.643,2479.057,2868.200,2897.818,2674.533,2892.857,2627.133,3233.911,2771.333
2836.682,2552.745,2472.857,2871.900,2870.591,2676.933,2885.072,2618.467,3231.889,2779.364
2839.227,2556.194,2477.000,2881.650,2884.955,2675.067,2868.357,2606.533,3241.578,2793.000
2848.303,2548.612,2474.629,2885.333,2888.114,2667.033,2927.143,2637.400,3275.533,2804.121
2844.500,2543.867,2471.886,2883.083,2901.182,2678.400,2894.572,2624.933,3279.311,2788.273
2849.379,2559.877,2481.114,2876.083,2883.386,2690.633,2885.643,2646.233,3283.156,2809.545
2854.636,2552.826,2479.943,2908.533,2882.841,2684.167,2927.428,2626.933,3287.711,2795.121
2855.045,2558.837,2473.086,2903.667,2898.136,2680.133,2879.572,2623.233,3287.156,2787.182
2868.545,2564.898,2479.886,2899.217,2880.091,2689.200,2901.286,2642.933,3296.222,2790.152
2866.833,2561.928,2488.400,2896.583,2908.068,2692.367,2892.643,2638.333,3288.778,2790.939
2859.864,2563.174,2481.286,2902.500,2899.773,2689.300,2906.572,2638.533,3309.022,2788.030
2854.879,2554.194,2467.543,2889.800,2911.659,2687.300,2893.857,2627.800,3297.156,2779.909
2842.667,2564.469,2480.514,2890.350,2887.341,2686.300,2873.286,2625.267,3288.133,2783.576
2859.424,2555.143,2475.400,2899.900,2882.955,2689.533,2893.428,2640.000,3300.867,2781.515
2846.212,2569.388,2478.629,2885.317,2892.432,2674.333,2889.857,2635.700,3274.822,2762.758
2848.303,2564.551,2477.943,2892.850,2902.273,2684.333,2867.214,2630.567,3281.844,2775.061
2842.758,2548.888,2461.971,2892.817,2888.432,2684.367,2881.214,2634.167,3271.311,2793.182
2839.182,2552.602,2476.543,2868.633,2868.636,2664.367,2879.928,2613.500,3251.933,2779.818
2844.318,2546.347,2465.000,2872.867,2884.318,2687.567,2899.357,2632.133,3253.978,2762.121
2829.545,2543.326,2470.686,2871.150,2868.432,2671.533,2894.857,2630.200,3238.022,2762.697
2831.364,2553.663,2460.714,2861.050,2874.205,2654.333,2872.572,2631.400,3221.156,2756.848
2837.500,2541.959,2465.686,2870.500,2877.591,2665.400,2858.143,2624.133,3230.511,2752.545
2827.697,2549.174,2461.743,2863.433,2874.477,2686.100,2855.857,2630.500,3230.822,2773.000
2834.545,2547.918,2467.343,2858.067,2866.114,2675.567,2898.286,2620.600,3226.933,2761.606
2818.242,2545.265,2459.029,2856.350,2885.364,2678.667,2884.928,2619.667,3240.689,2772.152
2833.455,2542.857,2477.114,2863.883,2870.523,2662.733,2868.072,2615.600,3256.311,2771.939
2826.106,2556.928,2482.486,2863.617,2880.841,2674.333,2912.428,2626.067,3265.667,2779.879
2861.924,2553.939,2471.914,2874.433,2885.841,2675.433,2855.500,2628.600,3267.022,2792.485
2837.212,2543.469,2479.943,2867.800,2885.977,2670.400,2859.143,2620.567,3266.200,2795.758
2839.985,2555.051,2485.343,2882.417,2875.659,2679.533,2891.357,2627.367,3282.889,2792.273
2843.182,2546.143,2482.229,2869.533,2878.091,2681.333,2892.428,2622.900,3279.044,2814.727
2835.561,2540.306,2494.286,2887.750,2897.091,2676.433,2891.857,2617.267,3291.622,2799.636
2827.182,2546.388,2476.886,2887.433,2895.841,2695.167,2900.214,2639.367,3283.044,2791.242
2831.788,2558.428,2484.486,2894.733,2889.364,2685.033,2880.143,2636.067,3295.000,2799.606
2830.591,2560.133,2478.686,2892.550,2900.318,2696.133,2873.072,2609.200,3288.956,2815.273
2828.924,2554.837,2484.171,2887.450,2893.295,2687.433,2913.500,2632.933,3272.333,2816.576
2835.591,2556.031,2471.572,2900.133,2886.955,2699.467,2867.572,2627.033,3283.422,2815.455
2818.712,2555.755,2475.114,2870.583,2877.591,2691.933,2890.357,2638.533,3260.933,2801.455
2825.788,2563.306,2471.829,2887.583,2895.250,2691.767,2857.072,2631.233,3262.556,2816.424
2818.894,2545.928,2472.971,2871.833,2893.818,2680.167,2879.857,2601.000,3255.400,2791.697
2814.500,2546.990,2472.572,2871.967,2891.432,2678.133,2863.428,2597.933,3248.578,2775.667
2805.121,2548.612,2472.486,2866.233,2892.182,2689.100,2844.572,2610.067,3236.133,2755.879
2801.591,2549.041,2457.800,2854.017,2876.682,2675.300,2862.286,2608.367,3223.378,2773.879
2793.015,2545.765,2459.686,2866.233,2871.727,2671.267,2862.143,2614.900,3212.200,2761.697
2783.409,2539.939,2471.200,2848.283,2848.182,2663.400,2847.500,2592.733,3219.800,2757.182
2787.545,2546.428,2468.229,2853.750,2880.568,2671.100,2852.500,2600.467,3223.733,2766.576
2793.955,2549.765,2465.057,2844.633,2873.659,2669.167,2850.428,2604.967,3231.645,2774.606
2782.818,2548.112,2467.600,2852.433,2869.568,2670.033,2863.786,2609.300,3230.956,2793.970
2793.970,2537.194,2479.086,2842.283,2867.091,2658.800,2875.357,2614.033,3233.267,2789.758
2786.258,2539.867,2472.743,2866.717,2879.977,2667.033,2888.643,2623.367,3261.156,2798.727
2779.273,2551.531,2462.229,2851.433,2882.159,2664.500,2870.714,2613.500,3261.667,2782.061
2791.212,2542.194,2474.514,2858.467,2884.205,2677.567,2878.286,2608.833,3256.378,2807.303
2794.000,2549.918,2474.629,2869.150,2882.795,2671.933,2878.857,2614.400,3266.133,2805.212
2785.848,2547.357,2470.686,2878.733,2873.500,2657.500,2872.286,2607.433,3272.200,2786.697
2773.000,2538.255,2471.257,2873.367,2884.705,2656.133,2865.143,2618.433,3250.156,2807.727
2772.197,2535.612,2478.400,2869.300,2898.341,2678.533,2874.214,2608.433,3253.067,2795.333
2784.136,2540.326,2468.714,2876.033,2891.750,2677.833,2892.072,2607.067,3273.089,2796.727
2786.894,2547.123,2483.114,2873.583,2890.909,2680.967,2848.143,2624.400,3264.311,2797.939
2771.364,2529.174,2465.914,2873.467,2884.795,2667.833,2900.500,2623.767,3260.733,2794.818
2780.955,2540.490,2456.629,2884.900,2874.045,2666.233,2863.286,2614.767,3270.422,2794.576
2778.061,2541.316,2465.886,2873.717,2866.523,2689.967,2903.572,2624.200,3252.289,2803.667
2769.076,2542.428,2475.543,2874.733,2893.432,2678.467,2870.072,2589.967,3254.289,2791.879
2762.061,2538.021,2478.886,2882.167,2881.455,2689.933,2886.357,2604.633,3234.178,2789.727
2771.045,2530.684,2468.971,2871.783,2880.795,2669.167,2885.357,2613.467,3226.822,2776.576
2773.045,2534.082,2470.886,2867.883,2881.182,2671.733,2879.000,2599.800,3225.622,2781.152
2774.258,2538.877,2471.714,2856.600,2856.886,2650.300,2860.072,2607.033,3209.200,2786.242
2766.894,2530.755,2471.371,2867.817,2869.114,2651.833,2824.500,2609.600,3216.778,2790.758
2766.848,2532.990,2446.714,2855.817,2861.886,2669.367,2862.500,2606.133,3201.956,2767.515
2753.530,2530.398,2472.857,2842.600,2875.114,2654.867,2832.214,2599.400,3196.645,2760.727
2765.864,2538.735,2477.057,2846.467,2876.841,2653.500,2832.857,2595.400,3183.822,2754.485
2744.606,2534.428,2459.400,2838.350,2857.068,2652.300,2847.786,2615.400,3183.400,2765.576
2763.167,2525.021,2463.057,2834.800,2860.295,2663.667,2842.072,2609.233,3196.800,2762.182
2742.742,2535.245,2467.486,2844.067,2855.682,2658.733,2865.072,2595.133,3208.156,2761.061
2746.000,2536.398,2473.486,2835.433,2866.136,2664.933,2860.143,2599.967,3203.956,2790.333
2753.485,2537.092,2484.000,2855.667,2863.682,2647.000,2882.428,2612.100,3203.733,2802.030
2748.530,2541.102,2472.914,2860.583,2865.841,2686.567,2861.786,2594.367,3214.067,2799.727
2753.439,2531.367,2480.114,2845.250,2865.977,2669.700,2854.500,2621.167,3212.244,2796.970
2753.561,2536.623,2476.286,2850.117,2869.500,2698.400,2861.000,2598.200,3225.355,2784.636
2742.000,2537.521,2479.771,2851.267,2860.682,2670.533,2838.286,2604.300,3223.667,2797.333
2762.636,2536.674,2484.829,2881.617,2874.386,2673.067,2870.572,2607.567,3237.622,2800.879
2754.667,2532.418,2485.600,2858.800,2855.068,2668.700,2878.572,2600.067,3219.489,2790.758
2757.394,2534.000,2488.314,2853.617,2861.977,2685.233,2859.428,2606.900,3231.222,2798.545
2758.500,2532.582,2474.257,2847.933,2863.818,2676.667,2844.928,2595.933,3226.267,2778.455
2749.091,2539.439,2462.086,2850.217,2865.386,2667.000,2857.357,2596.300,3232.289,2780.970
2754.000,2539.275,2477.200,2852.967,2854.568,2665.067,2865.500,2602.933,3213.355,2771.030
2751.061,2542.500,2469.486,2859.467,2860.091,2679.133,2876.428,2609.900,3219.511,2777.879
2747.712,2537.816,2467.572,2847.083,2873.318,2669.367,2833.500,2618.800,3214.444,2773.545
2744.470,2534.704,2470.286,2834.867,2859.068,2672.067,2844.572,2591.300,3200.422,2779.848
2742.652,2538.725,2463.257,2839.783,2874.932,2666.100,2826.000,2619.233,3188.067,2764.515
2750.303,2536.102,2466.171,2848.467,2860.545,2669.633,2870.286,2593.600,3195.378,2772.545
2730.318,2535.928,2461.057,2832.967,2847.273,2671.567,2842.928,2593.267,3185.800,2779.970
2746.636,2535.755,2458.971,2833.933,2848.273,2657.900,2867.214,2576.067,3176.533,2768.030
2752.636,2531.214,2451.086,2826.833,2834.318,2676.133,2826.786,2587.967,3172.667,2768.000
2739.333,2522.623,2466.343,2829.717,2842.273,2660.400,2852.357,2600.533,3167.067,2772.818
2724.970,2539.296,2466.743,2837.650,2840.750,2659.633,2834.072,2602.533,3168.133,2758.242
2734.924,2526.612,2473.629,2825.100,2855.205,2644.133,2836.572,2588.633,3173.822,2780.515
2736.485,2524.398,2466.486,2830.467,2850.295,2642.067,2853.000,2577.733,3160.355,2775.364
2725.864,2538.531,2475.457,2826.467,2850.909,2669.700,2842.214,2599.167,3180.711,2767.485
2743.045,2535.072,2465.143,2836.133,2847.114,2638.800,2823.357,2588.533,3191.533,2784.909
2725.985,2542.725,2469.886,2835.267,2850.932,2645.233,2835.643,2606.900,3193.600,2778.091
2728.848,2542.582,2465.543,2836.200,2849.977,2655.667,2828.214,2602.900,3189.489,2776.455
2732.682,2534.592,2484.543,2840.250,2845.386,2664.167,2845.428,2588.000,3177.933,2779.515
2729.152,2533.735,2482.514,2830.333,2853.318,2671.533,2822.000,2596.633,3187.533,2763.000
2716.758,2530.775,2488.200,2842.433,2848.682,2651.533,2841.428,2582.733,3178.956,2745.182
2733.091,2531.582,2469.371,2835.567,2846.205,2671.033,2828.214,2593.967,3171.667,2763.121
2727.682,2509.908,2483.428,2831.850,2845.091,2652.433,2822.214,2596.733,3197.533,2738.576
2722.015,2502.612,2454.057,2836.183,2854.023,2663.167,2820.072,2572.200,3184.889,2745.727
2732.258,2489.979,2470.428,2817.083,2857.727,2654.767,2797.928,2593.900,3164.267,2770.879
2723.379,2498.479,2457.029,2841.250,2833.909,2651.767,2842.428,2580.167,3169.822,2748.758
2722.924,2480.459,2453.171,2832.933,2834.864,2658.733,2816.572,2592.600,3158.844,2735.515
2727.985,2481.245,2456.572,2824.217,2831.818,2662.833,2785.072,2574.433,3162.911,2743.606
2723.591,2482.490,2440.572,2830.933,2845.159,2653.100,2795.357,2606.100,3156.867,2748.606
2697.833,2477.245,2438.457,2833.000,2826.932,2646.667,2837.000,2595.033,3127.511,2749.667
2715.758,2478.123,2450.486,2821.233,2840.932,2654.400,2792.286,2577.833,3133.733,2741.727
2710.258,2474.786,2446.629,2818.950,2838.750,2657.467,2811.072,2574.333,3128.111,2743.818
2717.045,2475.428,2438.086,2813.633,2819.159,2666.867,2818.572,2592.767,3116.267,2746.606
2714.000,2466.714,2442.829,2821.133,2842.727,2649.900,2821.286,2578.500,3123.133,2734.242
2718.515,2467.235,2435.457,2809.467,2829.682,2638.433,2818.428,2585.000,3123.889,2760.000
2723.424,2464.184,2443.428,2811.950,2833.523,2640.067,2829.714,2600.300,3118.711,2757.364
2704.924,2453.479,2444.057,2819.933,2842.091,2646.467,2802.286,2588.900,3130.200,2745.303
2715.364,2465.357,2437.200,2817.900,2833.023,2642.567,2830.500,2582.933,3136.778,2760.394
2716.909,2464.418,2454.200,2814.850,2834.000,2666.967,2822.786,2577.467,3139.733,2754.455
2701.500,2457.939,2442.200,2821.267,2839.886,2658.033,2816.000,2591.600,3154.111,2769.485
2701.121,2452.051,2441.000,2813.850,2854.227,2661.167,2803.214,2580.200,3133.933,2751.030
2707.818,2465.408,2437.029,2814.650,2832.250,2645.767,2787.000,2584.633,3140.778,2765.818
2708.091,2467.510,2463.743,2818.967,2844.205,2659.367,2804.072,2592.500,3155.733,2764.394
2705.348,2454.918,2447.514,2821.867,2840.318,2643.967,2807.857,2586.900,3150.156,2766.152
2706.621,2459.623,2440.428,2824.450,2841.500,2648.333,2795.714,2559.133,3172.667,2748.636
2698.939,2467.449,2449.943,2826.367,2834.045,2654.300,2800.928,2571.067,3122.444,2756.758
2703.818,2460.898,2452.229,2826.100,2830.273,2633.200,2778.072,2575.933,3133.800,2729.636
2701.742,2460.245,2454.229,2811.217,2837.045,2647.033,2770.214,2569.733,3146.645,2740.091
2708.091,2467.469,2447.171,2819.233,2846.455,2627.367,2786.000,2573.800,3111.956,2725.212
2697.773,2462.877,2427.200,2811.717,2836.273,2630.300,2775.643,2579.767,3109.244,2732.455
2693.045,2456.102,2442.543,2818.217,2841.477,2642.867,2790.357,2587.767,3107.978,2739.030
2702.424,2458.521,2431.086,2811.317,2834.705,2646.700,2787.714,2584.933,3115.000,2731.152
2690.697,2465.021,2443.400,2807.217,2824.205,2645.467,2812.286,2581.700,3111.822,2717.242
2700.985,2461.316,2448.371,2819.100,2814.477,2645.000,2778.643,2568.733,3109.689,2696.697
2699.318,2458.663,2433.886,2814.700,2825.727,2628.067,2778.857,2576.067,3126.844,2720.121
2689.848,2456.857,2437.514,2812.617,2830.205,2635.267,2801.857,2583.200,3083.289,2722.424
2683.545,2464.775,2438.371,2800.950,2833.182,2639.100,2793.000,2568.400,3093.889,2728.091
2693.197,2457.092,2441.686,2809.667,2829.477,2637.433,2802.714,2575.300,3098.689,2722.727
2703.818,2459.602,2425.543,2795.183,2820.795,2653.967,2808.572,2586.467,3102.222,2725.212
2688.924,2453.928,2446.143,2810.067,2832.659,2635.700,2804.143,2585.233,3093.956,2728.394
2701.909,2460.908,2438.686,2791.400,2835.045,2649.967,2794.714,2571.900,3087.533,2734.667
2690.121,2466.694,2437.914,2804.150,2822.045,2633.667,2779.857,2578.267,3102.645,2760.697
2682.242,2452.061,2436.257,2797.533,2824.432,2630.467,2786.214,2567.867,3114.289,2728.727
2693.697,2466.459,2438.229,2806.633,2817.614,2632.967,2827.643,2573.733,3108.467,2744.030
2690.818,2465.398,2441.543,2788.317,2827.477,2637.533,2817.072,2579.600,3091.645,2722.788
2691.636,2464.582,2443.486,2812.550,2832.182,2641.500,2799.143,2591.700,3107.067,2720.727
2702.803,2459.826,2441.457,2811.150,2825.841,2632.733,2819.000,2583.167,3099.711,2715.758
2709.106,2451.479,2444.886,2808.683,2817.636,2625.933,2782.643,2572.867,3116.867,2710.606
2681.985,2460.633,2443.114,2807.767,2819.636,2640.700,2822.214,2578.633,3112.933,2706.455
2676.364,2461.326,2441.400,2806.850,2819.841,2658.833,2777.786,2581.700,3108.311,2714.636
2681.667,2456.755,2437.114,2805.933,2811.750,2635.967,2784.786,2567.700,3116.689,2721.667
2705.985,2458.439,2428.886,2799.617,2828.955,2637.933,2773.143,2569.133,3094.400,2699.697
2686.667,2446.235,2437.943,2798.400,2828.682,2656.333,2775.714,2578.867,3100.667,2723.212
2699.803,2464.194,2433.143,2798.150,2827.909,2643.900,2803.214,2587.400,3100.444,2695.212
2693.136,2449.745,2439.857,2800.500,2811.614,2639.000,2805.143,2551.200,3104.244,2718.091
2684.712,2457.541,2450.543,2799.767,2821.773,2634.067,2756.928,2588.900,3097.089,2730.970
2694.136,2453.623,2436.286,2788.817,2823.023,2632.200,2760.000,2582.867,3083.778,2699.485
2698.152,2454.959,2434.314,2800.883,2829.364,2625.200,2786.072,2574.167,3078.511,2716.030
2681.303,2458.908,2434.543,2780.900,2826.614,2634.300,2784.643,2579.233,3087.178,2703.000
2678.076,2460.959,2438.943,2785.433,2820.477,2633.700,2774.643,2550.367,3083.511,2701.394
2681.227,2448.898,2439.057,2784.667,2831.682,2638.100,2754.428,2566.700,3088.156,2697.242
2689.879,2455.582,2434.114,2790.800,2810.091,2613.433,2759.643,2562.200,3072.844,2697.667
2682.742,2446.837,2432.686,2792.367,2815.977,2619.567,2775.643,2553.767,3069.111,2695.455
2683.545,2450.735,2441.229,2779.833,2819.250,2619.733,2767.714,2570.667,3082.889,2706.121
2690.909,2458.449,2445.457,2784.983,2808.705,2626.900,2781.000,2567.333,3080.489,2701.485
2691.727,2456.286,2427.171,2782.767,2813.773,2629.367,2736.714,2553.300,3077.800,2708.758
2693.212,2449.714,2436.572,2783.867,2812.295,2618.367,2784.428,2563.200,3079.756,2723.424
2689.833,2446.694,2438.114,2790.800,2813.250,2618.100,2768.714,2588.067,3087.578,2708.909
2676.833,2453.275,2429.257,2778.550,2813.432,2625.500,2766.428,2556.200,3111.222,2703.273
2690.273,2449.316,2437.572,2787.967,2825.273,2627.933,2757.286,2565.867,3079.311,2690.394
2685.515,2453.663,2442.371,2790.733,2816.864,2635.067,2750.072,2578.367,3084.244,2680.697
2688.924,2458.663,2439.943,2775.933,2810.545,2605.500,2785.286,2578.567,3084.289,2707.182
2677.712,2445.674,2452.314,2789.567,2805.864,2625.033,2772.500,2572.300,3093.956,2703.515
2682.576,2447.428,2434.257,2787.567,2813.955,2622.333,2754.286,2566.767,3101.622,2692.121
2690.682,2452.674,2436.914,2778.650,2812.773,2613.467,2765.000,2563.400,3099.111,2706.909
2671.182,2450.918,2425.657,2788.750,2798.341,2625.433,2768.786,2576.167,3090.889,2704.424
2679.818,2456.541,2453.714,2785.017,2804.795,2615.533,2788.214,2570.000,3089.711,2690.424
2679.091,2448.296,2453.400,2782.933,2803.000,2632.533,2777.000,2558.933,3080.355,2701.303
2685.136,2447.174,2443.086,2769.433,2799.659,2640.667,2758.286,2564.500,3087.222,2700.909
2674.258,2452.541,2439.572,2780.633,2810.432,2634.567,2752.643,2563.367,3098.800,2675.455
2671.076,2452.949,2428.971,2782.217,2796.045,2619.967,2741.928,2557.767,3061.778,2674.061
2673.879,2446.633,2443.229,2786.750,2808.295,2630.133,2753.286,2574.033,3066.622,2694.424
2682.000,2451.969,2429.171,2779.833,2797.045,2644.100,2769.928,2569.667,3069.733,2696.121
2673.818,2451.439,2430.914,2776.417,2796.386,2644.800,2753.928,2567.067,3055.533,2687.636
2686.576,2463.102,2430.457,2768.483,2791.432,2622.367,2769.286,2565.233,3074.378,2694.273
2674.167,2452.643,2437.971,2774.000,2799.545,2639.467,2771.428,2576.400,3077.244,2687.788
2692.727,2453.806,2423.543,2770.833,2784.045,2619.767,2781.072,2561.100,3071.956,2704.879
2678.667,2449.326,2440.143,2764.383,2812.227,2646.533,2783.214,2549.767,3070.400,2688.182
2670.545,2455.572,2429.914,2769.350,2802.886,2627.767,2777.286,2553.867,3051.889,2684.970
2673.197,2454.939,2432.428,2768.600,2787.659,2621.867,2785.714,2565.833,3058.667,2692.515
2685.818,2447.826,2427.543,2771.350,2783.955,2623.367,2769.286,2561.467,3067.844,2693.000
2676.409,2450.286,2436.629,2764.417,2806.091,2631.033,2773.214,2558.667,3068.333,2711.121
2683.773,2449.775,2435.971,2782.850,2800.682,2627.467,2774.286,2576.200,3067.400,2695.697
2681.970,2453.072,2435.400,2777.450,2803.477,2624.867,2759.857,2571.800,3053.578,2713.576
2674.606,2447.010,2429.314,2773.800,2817.727,2616.400,2751.143,2560.700,3055.622,2691.364
2674.379,2446.979,2435.200,2778.217,2812.841,2618.233,2801.572,2556.467,3073.800,2706.697
2657.076,2451.510,2430.286,2778.283,2805.864,2629.800,2762.214,2565.333,3053.911,2697.939
2666.742,2451.255,2425.943,2769.333,2803.523,2624.233,2764.428,2552.000,3063.422,2698.303
2678.697,2442.908,2423.457,2773.817,2805.205,2624.567,2769.357,2556.267,3052.022,2681.939
2674.788,2448.979,2433.543,2775.683,2807.250,2625.900,2778.928,2564.733,3058.200,2697.909
2664.591,2441.357,2442.314,2759.900,2792.409,2631.833,2757.714,2559.133,3065.000,2687.515
2668.970,2447.102,2432.514,2770.317,2793.705,2601.867,2745.500,2558.400,3081.667,2719.485
2673.288,2450.490,2429.428,2762.867,2804.705,2617.567,2764.500,2577.000,3053.978,2674.242
2673.076,2444.102,2442.286,2772.567,2799.750,2612.167,2780.857,2567.833,3065.156,2678.394
2659.455,2445.551,2421.143,2765.267,2799.932,2631.867,2764.857,2549.267,3052.689,2686.091
2672.061,2446.061,2425.714,2760.883,2801.045,2611.033,2761.214,2567.867,3056.222,2683.273
2663.864,2451.296,2417.943,2767.417,2809.341,2640.033,2794.072,2568.667,3072.022,2689.091
2656.061,2447.357,2438.572,2757.233,2792.159,2622.033,2764.357,2558.267,3068.311,2673.364
2664.818,2443.347,2444.800,2754.450,2796.250,2618.100,2750.643,2567.367,3057.222,2687.091
2666.455,2448.479,2435.114,2764.800,2794.068,2620.200,2777.357,2546.800,3071.133,2690.848
2668.182,2451.092,2428.086,2765.067,2785.295,2607.967,2779.500,2566.400,3048.778,2693.212
2671.424,2456.928,2428.286,2753.717,2794.273,2621.900,2741.500,2562.667,3041.289,2686.091
2662.742,2452.398,2425.286,2753.850,2811.068,2626.633,2784.572,2559.333,3057.355,2702.121
2670.424,2451.816,2427.314,2770.633,2808.750,2616.367,2760.572,2556.033,3072.978,2696.576
2673.333,2452.684,2430.829,2753.550,2789.409,2615.567,2763.572,2556.533,3066.222,2679.242
2671.818,2447.275,2443.971,2765.750,2796.568,2615.800,2768.214,2559.767,3060.711,2688.515
2658.591,2447.367,2440.857,2763.000,2793.250,2628.100,2789.714,2560.867,3069.667,2691.939
2659.500,2453.449,2442.343,2774.600,2792.205,2621.900,2761.214,2568.167,3061.978,2702.848
2665.318,2448.918,2427.257,2756.017,2784.318,2624.233,2760.928,2571.733,3063.911,2686.000
2666.439,2443.786,2428.943,2764.850,2802.273,2616.700,2741.286,2554.200,3051.844,2711.515
2667.879,2447.072,2442.829,2761.533,2787.023,2619.967,2738.143,2540.533,3071.511,2685.121
2665.167,2446.918,2418.600,2771.600,2778.068,2610.533,2732.928,2561.000,3064.911,2695.333
2668.697,2439.225,2428.629,2763.233,2812.341,2606.433,2770.572,2551.667,3064.267,2687.818
2675.485,2444.143,2436.572,2775.967,2803.250,2625.767,2760.500,2550.267,3055.289,2681.909
2667.227,2441.572,2433.829,2757.583,2810.341,2621.133,2727.643,2562.667,3055.756,2683.909
2660.015,2444.928,2430.629,2770.667,2795.250,2617.233,2756.143,2573.900,3063.156,2684.515
2662.773,2448.939,2438.143,2757.600,2784.750,2603.267,2740.143,2550.467,3059.533,2684.576
2650.091,2455.377,2428.371,2766.083,2791.250,2610.667,2757.928,2555.100,3042.067,2701.394
2669.803,2440.428,2433.771,2766.100,2790.841,2609.867,2762.572,2542.633,3020.489,2679.455
2661.000,2454.928,2420.629,2767.900,2789.205,2595.533,2761.786,2548.000,3041.645,2685.121
2669.621,2440.786,2429.229,2766.950,2779.818,2626.367,2781.428,2551.100,3059.578,2688.758
2673.894,2448.061,2420.029,2763.700,2805.023,2629.733,2761.143,2556.200,3036.267,2684.212
2669.576,2444.449,2438.771,2765.433,2801.545,2608.900,2759.500,2550.300,3044.911,2667.606
2659.364,2444.684,2436.086,2751.983,2799.773,2611.667,2743.000,2582.200,3032.200,2681.576
2662.591,2450.755,2427.428,2758.733,2778.250,2609.467,2755.643,2563.467,3025.044,2683.576
2662.348,2448.541,2443.714,2766.267,2782.045,2614.933,2741.857,2547.667,3029.000,2695.212
2664.015,2450.418,2430.486,2763.250,2779.568,2617.300,2753.143,2565.567,3037.578,2665.030
2656.030,2447.428,2418.886,2761.317,2783.227,2597.400,2781.572,2560.433,3021.533,2680.273
2664.985,2439.806,2441.771,2751.883,2795.341,2613.000,2733.572,2566.867,3029.311,2669.727
2662.121,2452.092,2427.457,2756.200,2795.727,2620.600,2774.000,2568.033,3037.533,2674.121
2662.894,2443.275,2425.229,2754.717,2804.818,2617.867,2770.857,2566.500,3036.400,2671.879
2657.242,2446.612,2414.657,2766.400,2791.273,2616.667,2765.214,2566.833,3014.044,2699.212
2655.697,2438.214,2432.657,2757.617,2794.500,2609.700,2734.500,2561.667,3035.178,2669.242
2648.803,2444.643,2442.171,2760.933,2792.432,2610.500,2746.143,2579.133,3026.067,2697.545
2669.652,2440.469,2424.800,2759.950,2784.636,2611.867,2759.357,2568.367,3025.022,2670.061
2662.712,2448.653,2416.114,2766.517,2785.045,2614.700,2760.928,2567.933,3032.156,2678.515
2660.197,2451.102,2418.200,2748.317,2780.000,2618.033,2770.072,2566.533,3010.800,2693.636
2660.833,2448.694,2431.657,2762.633,2778.886,2621.900,2763.214,2561.633,3032.511,2685.394
2664.561,2452.347,2419.543,2757.367,2795.841,2601.100,2748.714,2558.000,3043.111,2677.576
2673.152,2445.041,2440.114,2761.050,2785.659,2626.567,2761.072,2558.900,3022.222,2687.879
2660.182,2446.694,2420.000,2756.267,2792.795,2614.967,2743.928,2558.933,3015.244,2666.970
2652.227,2444.418,2422.029,2762.183,2783.955,2623.400,2745.214,2562.300,3019.111,2669.576
2658.258,2446.051,2441.714,2754.883,2794.523,2617.433,2748.286,2571.433,3017.400,2681.818
2660.106,2449.133,2429.857,2760.533,2783.091,2614.833,2731.857,2562.767,3016.178,2670.606
2672.652,2439.428,2439.686,2761.667,2793.909,2623.333,2747.357,2562.833,3017.867,2690.788
2667.227,2436.857,2445.857,2765.767,2782.159,2607.300,2761.000,2550.967,3016.355,2672.697
2656.773,2444.010,2434.371,2761.817,2795.091,2631.367,2734.714,2563.033,3025.089,2662.061
2674.364,2453.061,2424.114,2758.417,2794.227,2618.833,2736.143,2552.400,3015.600,2683.939
2664.348,2445.745,2430.657,2753.500,2795.182,2630.700,2766.714,2554.600,3030.800,2689.000
2648.924,2446.704,2411.400,2748.933,2806.409,2611.200,2731.786,2559.833,3026.600,2671.606
2660.773,2443.561,2425.486,2753.333,2786.545,2626.167,2747.214,2549.867,3036.511,2676.182
2655.652,2441.633,2421.543,2751.500,2789.455,2623.067,2756.072,2554.633,3024.800,2684.697
2660.394,2444.612,2414.428,2742.217,2765.068,2622.200,2766.357,2553.300,3018.355,2673.030
2665.576,2439.326,2423.057,2760.017,2772.636,2597.933,2751.286,2565.633,3034.645,2666.606
2652.030,2449.163,2427.629,2742.933,2774.114,2619.533,2743.786,2552.400,3027.378,2676.303
2658.439,2453.255,2414.257,2762.183,2791.023,2625.667,2739.714,2551.600,3042.378,2681.515
2655.697,2443.388,2435.286,2750.783,2792.386,2612.367,2744.572,2560.633,3033.089,2671.091
2661.667,2438.898,2419.286,2752.917,2781.795,2610.333,2762.643,2563.500,3040.422,2655.939
2665.273,2446.877,2429.771,2744.100,2778.591,2620.067,2770.500,2563.167,3029.044,2659.303
2664.606,2450.286,2423.086,2750.767,2773.136,2602.033,2716.428,2556.500,3019.578,2662.212
2661.939,2448.449,2422.114,2757.017,2773.318,2624.400,2728.572,2549.600,3030.355,2691.758
2656.652,2438.072,2423.486,2733.533,2787.955,2602.133,2726.928,2544.100,3041.311,2657.970
2651.545,2440.408,2412.200,2760.150,2770.818,2603.533,2715.143,2566.467,3029.511,2664.121
2655.061,2439.663,2421.257,2745.717,2783.364,2606.700,2750.357,2563.000,3020.689,2669.182
2651.439,2448.928,2423.971,2749.350,2779.386,2622.067,2761.000,2560.433,3037.178,2658.000
2662.758,2445.959,2424.857,2742.983,2770.705,2611.100,2747.500,2570.400,3021.111,2658.455
2644.000,2443.969,2429.486,2751.400,2783.409,2627.533,2734.428,2564.733,3032.133,2666.394
2652.879,2446.796,2418.629,2755.033,2789.295,2612.833,2755.143,2566.967,3028.867,2675.485
2649.000,2441.918,2434.572,2758.850,2782.432,2631.000,2762.214,2572.233,3022.889,2665.303
2645.955,2440.102,2430.200,2728.100,2783.045,2609.667,2756.214,2563.300,3017.267,2668.485
2668.530,2447.877,2432.086,2753.067,2766.932,2621.033,2735.143,2543.900,3021.622,2678.364
2661.439,2439.826,2419.629,2739.983,2768.977,2626.767,2766.143,2556.967,3005.556,2663.364
2657.879,2445.061,2415.886,2739.850,2787.909,2605.667,2762.357,2557.300,3024.222,2680.182
2655.000,2443.888,2411.800,2751.350,2787.091,2612.133,2750.357,2566.900,3012.956,2683.394
2659.894,2445.163,2425.743,2742.083,2775.727,2638.000,2748.928,2558.700,3027.222,2683.788
2646.833,2448.735,2421.514,2740.700,2788.386,2620.267,2746.357,2564.033,3023.733,2679.667
2656.167,2450.837,2415.486,2738.183,2791.886,2619.733,2754.857,2539.033,3026.422,2672.364
2640.985,2442.510,2404.886,2749.533,2783.455,2619.633,2789.857,2552.733,3029.267,2679.000
2656.985,2442.592,2436.914,2752.467,2787.295,2627.833,2760.357,2574.400,3036.000,2686.485
2649.803,2443.949,2421.514,2741.683,2784.932,2615.033,2746.857,2551.467,3043.711,2683.879
2657.682,2441.561,2411.486,2742.517,2786.477,2625.000,2773.572,2561.233,3047.067,2694.364
2652.030,2441.245,2424.171,2755.067,2777.045,2620.700,2764.072,2547.333,3038.489,2680.182
2650.106,2445.990,2411.057,2740.317,2767.159,2623.167,2771.072,2555.533,3067.622,2693.212
2648.485,2441.500,2417.200,2743.550,2779.523,2631.467,2741.857,2561.500,3061.867,2687.273
2657.864,2443.551,2416.114,2751.250,2784.250,2631.267,2750.572,2554.433,3051.489,2659.818
2659.030,2431.367,2429.343,2741.733,2782.045,2621.833,2737.214,2561.367,3043.978,2663.485
2654.636,2446.653,2432.657,2751.100,2786.977,2623.300,2739.286,2551.067,3055.378,2658.697
2656.030,2453.990,2409.371,2744.167,2776.136,2619.400,2759.428,2568.933,3036.600,2657.333
2662.652,2439.898,2417.743,2751.600,2775.955,2638.567,2747.286,2550.733,3040.778,2655.121
2649.591,2438.337,2421.343,2745.533,2787.568,2632.033,2741.572,2575.300,3041.756,2654.455
2658.758,2442.490,2435.572,2751.167,2774.364,2637.000,2766.286,2557.633,3016.000,2653.121
2654.758,2442.408,2420.857,2753.633,2781.159,2617.233,2767.143,2562.833,3021.822,2654.848
2650.333,2440.775,2425.200,2745.650,2778.000,2628.067,2756.857,2549.000,3040.378,2649.939
2640.652,2444.531,2445.543,2743.800,2767.318,2628.900,2754.572,2553.333,3011.933,2653.636
2663.924,2443.398,2426.514,2743.750,2769.568,2610.733,2748.072,2553.167,3003.933,2637.879
2650.500,2449.275,2415.114,2736.567,2785.159,2623.567,2757.143,2570.600,3023.244,2665.667
2666.318,2449.959,2419.200,2745.683,2778.386,2614.867,2740.072,2566.600,3016.178,2646.545
2658.667,2446.643,2423.428,2732.883,2781.273,2621.333,2757.714,2568.567,3002.133,2656.576
2646.879,2445.990,2427.943,2741.550,2785.386,2636.667,2734.000,2568.000,3010.000,2638.939
2648.636,2437.551,2422.686,2726.350,2779.409,2626.767,2760.428,2553.333,3012.444,2665.273
2650.106,2438.826,2422.114,2735.367,2769.886,2636.700,2752.714,2563.467,2998.889,2662.576
2653.955,2441.500,2427.543,2734.133,2767.341,2625.200,2770.786,2550.633,3011.222,2658.182
2658.136,2438.163,2422.171,2732.467,2785.091,2622.967,2752.286,2547.400,3000.111,2655.121
2650.333,2437.439,2435.314,2740.767,2781.614,2622.433,2739.072,2549.333,2999.956,2654.667
2646.318,2429.398,2412.686,2734.400,2786.136,2610.967,2728.000,2555.500,3007.511,2645.394
2645.500,2443.092,2414.229,2738.967,2755.705,2618.667,2725.143,2556.300,2995.511,2642.030
2645.409,2444.112,2418.543,2735.417,2769.023,2620.400,2724.286,2540.733,2997.556,2653.970
2653.242,2441.326,2422.600,2729.350,2777.636,2623.200,2750.714,2554.633,3014.978,2645.667
2647.303,2434.428,2420.686,2739.533,2781.409,2625.067,2734.572,2568.800,2995.711,2648.364
2650.667,2431.623,2432.714,2738.917,2777.182,2618.833,2752.286,2564.300,3002.089,2648.091
2647.485,2437.898,2419.543,2738.150,2776.523,2615.600,2751.214,2564.467,2992.622,2667.455
2630.545,2440.837,2429.000,2729.667,2780.886,2618.967,2741.072,2554.500,3007.267,2648.758
2645.212,2445.408,2419.829,2730.283,2769.205,2621.133,2750.714,2578.600,2983.133,2640.212
2641.348,2444.174,2426.343,2724.783,2764.250,2623.567,2749.500,2545.633,2996.444,2637.697
2648.227,2447.112,2427.371,2737.400,2773.886,2627.167,2754.000,2565.833,2985.289,2648.000
2624.348,2446.449,2416.600,2736.200,2783.455,2621.900,2749.428,2559.767,2990.889,2643.970
2631.439,2436.694,2420.143,2733.583,2784.705,2626.700,2756.786,2563.633,2993.689,2637.303
2620.364,2446.010,2412.629,2732.483,2777.614,2617.933,2741.072,2551.167,2997.778,2637.242
2617.106,2445.500,2418.657,2735.900,2766.386,2617.867,2750.286,2552.867,2997.044,2619.182
2617.242,2436.602,2427.971,2730.817,2775.341,2619.400,2761.500,2553.400,3003.467,2642.333
2610.197,2436.592,2423.743,2721.533,2770.955,2628.200,2741.928,2565.000,2980.067,2629.182
2613.485,2439.367,2419.686,2727.083,2760.750,2613.967,2743.357,2565.067,2991.467,2625.576
2600.167,2445.296,2422.257,2728.467,2773.068,2634.700,2740.286,2561.033,2985.622,2624.455
2593.667,2435.428,2431.572,2724.817,2773.250,2622.733,2769.357,2532.067,2998.778,2632.000
2589.970,2439.990,2428.686,2734.450,2783.909,2641.567,2734.857,2575.633,2999.289,2627.758
2596.197,2444.582,2422.229,2730.067,2773.864,2634.433,2761.214,2568.833,3004.178,2635.576
2597.333,2444.347,2422.629,2735.433,2783.205,2628.133,2786.357,2568.033,3013.267,2633.879
2597.045,2441.194,2417.000,2730.833,2781.523,2610.633,2734.857,2581.233,3010.200,2645.758
2599.803,2445.979,2416.486,2738.033,2783.727,2652.233,2760.500,2558.100,3007.355,2641.970
2595.742,2442.255,2423.371,2732.300,2784.864,2642.933,2769.928,2577.167,3016.022,2654.091
2599.470,2442.112,2429.800,2727.033,2767.955,2634.000,2747.714,2569.933,3017.933,2645.152
2590.182,2441.235,2411.257,2741.333,2769.500,2641.267,2759.643,2563.900,2992.400,2633.364
2587.561,2444.888,2418.657,2733.833,2766.273,2647.100,2735.928,2560.200,3004.511,2637.212
2588.197,2445.041,2433.371,2741.050,2773.136,2633.767,2750.428,2568.633,3007.911,2640.212
2584.167,2440.969,2418.771,2737.617,2772.250,2642.967,2750.714,2561.700,3000.978,2646.545
2581.636,2436.265,2412.829,2730.533,2772.386,2634.933,2771.500,2575.767,2990.511,2620.485
2583.621,2442.010,2416.057,2726.983,2776.705,2624.233,2749.714,2567.667,3014.111,2623.758
2599.303,2448.214,2416.629,2738.717,2783.318,2642.900,2775.072,2553.700,3006.667,2647.636
2589.788,2455.898,2422.143,2741.033,2783.250,2614.733,2754.143,2564.167,3008.022,2633.545
2585.500,2444.572,2433.343,2740.000,2772.568,2640.567,2755.786,2554.100,3012.111,2651.909
2585.955,2449.021,2403.229,2737.483,2780.523,2645.167,2743.428,2558.200,2996.067,2632.939
2576.288,2451.143,2420.514,2732.383,2774.432,2645.433,2757.143,2562.233,2988.622,2627.697
2580.848,2446.990,2418.200,2727.100,2783.136,2642.567,2772.857,2559.000,2993.911,2627.879
2573.636,2444.123,2418.114,2724.633,2774.614,2647.233,2774.643,2557.967,2997.711,2635.606
2574.818,2442.316,2424.143,2728.783,2778.091,2650.233,2764.857,2545.467,3004.444,2660.485
2577.212,2445.928,2424.686,2738.050,2771.318,2633.133,2770.286,2558.600,3002.422,2634.667
2580.848,2443.602,2422.914,2727.117,2785.409,2647.133,2784.072,2561.100,3002.378,2643.515
2580.712,2447.041,2413.771,2730.733,2765.182,2644.100,2757.857,2564.933,3004.756,2635.667
2571.000,2446.663,2421.314,2741.417,2772.886,2629.333,2749.857,2562.700,3011.556,2659.545
2579.727,2448.031,2431.771,2726.967,2773.205,2648.200,2764.714,2556.100,2997.844,2641.000
2580.667,2443.092,2418.572,2751.533,2779.182,2647.267,2740.857,2572.767,3002.889,2639.364
2579.197,2441.786,2403.771,2728.200,2779.045,2640.933,2758.714,2570.733,3012.911,2632.333
2588.864,2445.949,2422.914,2729.317,2785.795,2651.400,2784.143,2562.533,3016.355,2651.242
2573.955,2445.541,2430.371,2731.217,2775.568,2634.167,2755.286,2560.933,3011.556,2662.394
2569.167,2452.541,2422.771,2720.433,2765.318,2644.233,2790.500,2554.500,3026.267,2655.333
2581.106,2446.377,2414.800,2719.317,2774.977,2636.600,2783.857,2561.467,3036.711,2644.788
2583.682,2445.521,2420.314,2728.500,2773.273,2659.033,2762.500,2564.300,3007.489,2659.636
2571.530,2433.674,2441.229,2726.750,2771.114,2659.067,2777.143,2555.500,3013.800,2634.970
2582.894,2442.561,2430.714,2730.750,2779.977,2656.667,2771.786,2572.000,3013.667,2641.727
2579.939,2448.265,2429.000,2734.550,2768.159,2661.500,2761.286,2560.067,3020.000,2655.970
2572.742,2439.214,2416.343,2726.117,2766.932,2648.767,2756.428,2564.800,3026.645,2638.727
2575.636,2444.867,2420.771,2724.767,2765.023,2646.567,2769.000,2553.400,3031.667,2645.152
2588.939,2446.408,2429.114,2723.117,2763.205,2651.633,2761.714,2572.400,3032.933,2641.121
2580.818,2442.877,2434.314,2740.633,2773.091,2653.133,2759.286,2573.800,3029.044,2635.606
2573.985,2448.408,2424.971,2727.367,2762.114,2658.333,2800.428,2568.633,3036.022,2650.455
2577.697,2436.979,2433.143,2734.500,2769.250,2666.000,2762.643,2561.033,3005.733,2622.303
2571.818,2447.939,2432.829,2734.300,2774.205,2659.367,2769.214,2555.800,3024.200,2641.727
2577.424,2452.428,2418.371,2730.683,2779.636,2673.400,2782.928,2573.600,3025.733,2667.182
2591.545,2452.245,2430.829,2738.050,2779.000,2667.600,2771.143,2568.633,3043.489,2673.455
2577.879,2452.602,2424.971,2732.133,2771.545,2679.933,2801.072,2570.200,3040.889,2672.212
2571.591,2449.908,2424.000,2718.367,2758.568,2661.233,2781.214,2572.800,3037.378,2639.212
2580.439,2449.531,2429.371,2726.783,2768.000,2667.467,2770.786,2569.767,3045.200,2662.667
2578.818,2449.082,2433.743,2718.650,2783.205,2670.700,2785.428,2559.700,3030.533,2646.000
2585.879,2443.051,2429.971,2721.133,2768.545,2677.200,2781.000,2566.400,3038.133,2655.758
2593.485,2455.377,2398.371,2728.283,2771.205,2664.567,2819.000,2563.633,3048.067,2657.727
2574.409,2448.163,2427.171,2724.850,2769.409,2671.867,2787.928,2570.167,3047.778,2649.697
2573.258,2450.775,2415.229,2725.017,2768.205,2667.367,2768.072,2564.000,3045.022,2654.818
2578.258,2444.143,2426.286,2732.367,2769.023,2664.667,2751.000,2559.033,3051.933,2642.303
2577.606,2443.418,2441.257,2719.783,2755.159,2661.067,2775.357,2559.167,3046.022,2651.727
2577.939,2446.541,2418.657,2727.817,2758.295,2674.000,2794.928,2580.767,3049.867,2660.303
2582.045,2455.041,2408.457,2724.967,2756.364,2669.033,2759.286,2559.800,3048.022,2644.879
2583.212,2441.225,2432.114,2722.783,2761.068,2657.733,2779.000,2571.633,3042.400,2640.788
2579.985,2448.623,2421.800,2733.200,2769.205,2674.800,2787.500,2575.867,3065.044,2664.091
2582.379,2444.174,2426.086,2733.283,2761.682,2678.900,2772.357,2578.833,3068.911,2668.697
2588.485,2450.725,2434.829,2733.983,2758.182,2681.867,2792.428,2575.367,3073.733,2658.242
2572.015,2449.969,2419.629,2724.667,2770.568,2685.033,2810.857,2570.067,3074.111,2653.061
2581.015,2454.265,2406.486,2730.733,2772.091,2687.400,2791.143,2568.400,3053.733,2651.515
2582.379,2458.531,2428.457,2726.217,2776.386,2684.033,2789.643,2575.467,3058.844,2660.697
2584.318,2449.225,2421.000,2734.917,2771.841,2682.667,2794.000,2571.867,3073.289,2667.758
2576.136,2449.174,2420.800,2729.950,2768.114,2683.400,2816.072,2574.600,3067.822,2661.061
2587.879,2456.643,2416.286,2731.033,2766.841,2675.600,2826.714,2569.700,3069.289,2663.212
2574.364,2454.633,2422.486,2728.017,2774.386,2685.200,2793.000,2567.200,3078.600,2672.455
2588.076,2450.643,2423.114,2729.267,2758.409,2690.933,2808.214,2566.333,3055.844,2658.758
2589.455,2456.082,2424.000,2725.000,2776.432,2689.800,2805.643,2589.333,3059.822,2687.667
2586.273,2453.633,2422.657,2741.600,2785.591,2696.200,2806.857,2584.633,3076.400,2662.273
2590.409,2456.235,2411.114,2715.917,2759.091,2684.733,2792.714,2576.133,3076.889,2686.121
2578.894,2462.275,2421.057,2724.533,2785.795,2696.633,2789.000,2561.767,3081.533,2684.333
2576.742,2450.775,2410.714,2722.817,2773.523,2690.733,2792.500,2572.067,3087.756,2667.182
2575.227,2458.623,2416.286,2727.983,2771.273,2694.033,2789.928,2573.133,3079.511,2662.515
2585.076,2452.684,2427.543,2730.133,2764.705,2684.600,2783.286,2583.533,3094.756,2686.909
2574.985,2458.194,2420.657,2724.800,2760.659,2681.233,2817.214,2577.767,3091.044,2682.485
2574.258,2454.010,2422.714,2734.050,2763.250,2694.267,2796.572,2566.367,3078.511,2681.758
2589.758,2448.704,2429.657,2732.533,2762.591,2686.533,2806.572,2563.067,3096.711,2681.000
2578.712,2449.735,2426.229,2720.467,2772.364,2708.367,2787.643,2575.000,3076.267,2672.606
2582.379,2449.755,2419.371,2731.217,2762.614,2680.200,2799.572,2566.533,3091.689,2654.212
2582.652,2449.041,2430.800,2731.400,2767.818,2697.833,2792.500,2578.967,3083.956,2684.545
2579.758,2457.265,2419.572,2727.350,2767.545,2689.300,2817.357,2579.467,3087.778,2671.576
2569.894,2454.408,2411.857,2723.350,2750.318,2679.067,2808.714,2561.500,3083.578,2689.758
2575.348,2457.194,2426.914,2724.583,2748.773,2697.600,2808.786,2561.667,3107.156,2688.030
2578.970,2453.898,2421.657,2721.417,2762.023,2704.700,2810.072,2577.633,3086.044,2664.667
2574.500,2440.163,2424.486,2719.933,2747.682,2671.067,2814.357,2579.467,3096.022,2673.152
2582.455,2449.979,2422.486,2743.400,2762.295,2693.167,2779.286,2567.600,3078.156,2669.939
2585.652,2450.949,2415.428,2728.617,2769.591,2699.300,2775.714,2586.333,3088.289,2675.303
2578.015,2448.867,2420.286,2723.833,2757.795,2700.100,2815.500,2569.600,3074.089,2676.970
2577.636,2457.469,2418.000,2725.467,2767.682,2681.500,2802.286,2559.333,3082.800,2669.030
2566.909,2456.449,2412.886,2715.850,2753.523,2689.367,2786.714,2582.767,3074.600,2668.364
2574.591,2454.969,2428.886,2719.800,2763.409,2687.267,2798.286,2566.067,3094.578,2685.758
2580.576,2459.174,2432.343,2729.933,2758.568,2707.367,2796.500,2581.167,3077.933,2664.000
2576.348,2458.204,2421.143,2742.017,2776.227,2697.867,2807.000,2574.900,3079.355,2678.242
2572.152,2454.796,2426.771,2718.000,2775.205,2683.100,2801.000,2571.933,3071.822,2670.727
2584.227,2451.143,2405.428,2719.050,2762.955,2693.500,2777.286,2562.467,3091.733,2664.848
2581.803,2448.684,2425.171,2716.317,2755.114,2675.767,2796.500,2587.100,3088.733,2669.000
2572.788,2464.592,2430.229,2730.633,2739.977,2708.967,2779.786,2577.767,3073.844,2662.303
2575.742,2457.184,2445.886,2732.650,2755.545,2699.333,2790.357,2575.800,3082.467,2683.212
2569.879,2444.163,2418.286,2725.450,2749.545,2693.533,2797.857,2564.367,3083.467,2682.212
2578.091,2453.061,2428.572,2722.567,2752.773,2691.833,2782.857,2580.500,3072.444,2680.152
2571.303,2456.163,2423.486,2713.483,2747.705,2698.500,2795.072,2562.100,3081.622,2677.424
2573.485,2449.469,2427.543,2717.117,2757.432,2702.433,2783.428,2561.433,3072.556,2691.273
2570.667,2459.479,2417.543,2728.733,2777.386,2704.867,2811.500,2572.333,3095.067,2684.848
2576.076,2456.806,2425.600,2726.983,2759.227,2683.333,2818.714,2571.833,3059.222,2688.212
2575.818,2452.347,2431.686,2710.167,2751.318,2704.233,2802.072,2570.533,3073.222,2681.939
2564.955,2458.184,2416.971,2709.450,2750.409,2711.233,2782.143,2573.533,3071.000,2675.788
2568.227,2457.143,2428.743,2716.000,2754.773,2702.400,2776.000,2576.300,3077.422,2683.727
2561.015,2455.245,2411.000,2725.283,2746.432,2699.700,2781.143,2582.067,3070.733,2683.939
2580.015,2461.551,2432.543,2721.367,2768.045,2700.133,2819.643,2564.800,3045.133,2677.606
2570.424,2449.888,2435.686,2713.967,2752.068,2690.600,2785.643,2568.133,3051.200,2652.242
2561.803,2452.306,2419.886,2727.650,2754.773,2687.200,2793.643,2570.900,3084.978,2681.303
2587.530,2458.439,2432.857,2728.117,2756.114,2700.067,2812.000,2560.933,3074.756,2660.667
2584.167,2448.245,2423.543,2722.433,2761.409,2700.033,2807.143,2568.900,3071.867,2664.000
2575.121,2453.602,2417.572,2707.567,2763.432,2696.133,2786.714,2573.167,3060.733,2666.697
2579.788,2450.092,2411.029,2718.367,2766.841,2694.100,2789.000,2570.767,3086.756,2664.424
2576.182,2455.092,2437.143,2733.417,2766.114,2705.367,2800.643,2575.033,3072.444,2657.727
2566.788,2445.469,2420.686,2724.333,2765.705,2699.700,2781.786,2569.267,3080.533,2663.242
2570.667,2456.735,2429.171,2725.250,2756.864,2690.200,2802.428,2551.367,3061.689,2688.697
2567.909,2451.592,2429.229,2720.967,2760.409,2701.933,2799.500,2572.333,3058.489,2665.212
2569.545,2448.592,2416.914,2722.833,2756.159,2693.867,2798.143,2561.567,3059.200,2657.848
2567.652,2461.633,2420.486,2722.183,2770.909,2696.900,2786.928,2550.933,3070.911,2665.394
2568.242,2456.061,2420.257,2727.733,2765.795,2700.600,2794.500,2549.400,3075.378,2660.333
2570.606,2447.959,2429.714,2721.833,2757.591,2702.733,2809.643,2559.567,3070.978,2671.303
2562.121,2451.235,2413.200,2728.550,2752.841,2703.700,2760.072,2568.633,3074.378,2661.576
2578.333,2461.021,2417.371,2732.000,2761.432,2692.967,2794.786,2547.233,3092.867,2664.121
2574.152,2447.949,2433.229,2711.433,2755.773,2696.667,2781.143,2559.167,3076.689,2681.364
2581.773,2452.286,2430.029,2735.233,2764.591,2691.933,2772.786,2555.367,3072.600,2672.515
2569.091,2456.194,2422.629,2735.400,2772.182,2722.133,2786.214,2552.467,3076.978,2645.364
2565.652,2455.153,2414.343,2725.883,2751.795,2695.200,2803.857,2555.667,3066.911,2645.545
2569.758,2445.969,2411.543,2721.917,2755.295,2676.500,2803.214,2550.767,3064.556,2662.303
2574.515,2446.082,2426.800,2725.733,2760.205,2704.700,2786.714,2567.267,3065.733,2667.333
2566.258,2450.663,2416.629,2720.917,2754.250,2710.000,2793.500,2561.567,3051.889,2665.303
2567.485,2455.204,2429.971,2722.250,2750.500,2697.800,2810.928,2544.400,3048.089,2677.242
2574.939,2445.643,2414.572,2721.300,2754.591,2698.667,2799.000,2552.800,3058.578,2655.606
2579.864,2456.184,2431.829,2717.250,2761.682,2678.967,2783.357,2554.233,3054.067,2652.818
2587.803,2456.184,2428.600,2718.683,2755.795,2712.833,2819.714,2558.300,3055.778,2667.061
2570.712,2460.775,2428.257,2736.933,2757.591,2697.000,2779.143,2560.600,3042.689,2651.545
2579.076,2457.235,2425.657,2732.117,2763.091,2702.967,2815.000,2556.133,3054.489,2653.152
2576.697,2453.225,2434.086,2722.667,2753.841,2699.067,2775.214,2548.200,3061.844,2665.364
2573.909,2447.990,2420.029,2732.417,2753.500,2715.133,2789.286,2550.467,3040.533,2657.970
2572.258,2447.449,2418.829,2718.883,2753.182,2719.067,2805.214,2560.833,3051.978,2666.727
2577.227,2446.959,2419.714,2736.250,2745.795,2702.967,2799.000,2557.933,3033.311,2672.242
2586.409,2453.092,2427.743,2728.533,2751.795,2692.733,2792.572,2567.167,3054.645,2650.152
2565.167,2460.245,2416.857,2731.183,2755.045,2705.367,2769.286,2550.800,3063.533,2658.758
2574.455,2451.694,2426.114,2727.667,2764.977,2691.133,2795.643,2564.133,3047.400,2681.152
2572.621,2456.969,2429.143,2733.467,2751.409,2697.833,2800.928,2556.367,3082.311,2681.333
2566.712,2450.816,2417.572,2717.167,2746.909,2695.633,2794.928,2553.067,3063.111,2661.667
2568.636,2441.469,2422.829,2729.350,2752.205,2693.200,2800.786,2559.800,3066.200,2649.394
2568.879,2452.316,2434.572,2729.217,2766.159,2678.167,2801.000,2571.500,3057.444,2653.182
2567.727,2454.786,2407.572,2722.533,2748.000,2709.067,2761.143,2566.667,3051.978,2659.970
2584.470,2454.521,2422.286,2722.433,2749.477,2714.300,2773.786,2566.967,3060.178,2654.091
2574.197,2455.010,2421.086,2724.250,2749.864,2699.300,2788.714,2564.767,3053.911,2663.364
2559.621,2450.357,2429.143,2737.367,2760.523,2674.567,2811.500,2542.533,3056.933,2677.758
2571.591,2444.939,2411.000,2724.700,2758.409,2696.400,2795.714,2552.500,3056.222,2663.515
2575.455,2449.765,2418.200,2730.833,2740.273,2719.200,2817.857,2549.900,3048.844,2650.848
2568.030,2450.592,2422.572,2717.600,2750.341,2686.000,2789.500,2557.233,3050.200,2658.758
2569.348,2445.561,2426.343,2719.317,2764.477,2685.867,2790.857,2537.567,3068.178,2647.697
2560.970,2460.582,2421.600,2722.233,2745.068,2709.633,2801.714,2544.967,3075.533,2652.848
2560.045,2457.347,2438.829,2724.317,2754.727,2676.667,2756.643,2542.733,3050.622,2676.788
2551.894,2453.357,2434.286,2727.617,2755.273,2675.567,2801.286,2554.833,3057.844,2661.727
2559.924,2451.500,2409.600,2726.283,2754.568,2665.800,2799.214,2533.667,3052.289,2652.424
2572.348,2446.408,2426.428,2738.950,2746.932,2673.067,2789.357,2543.967,3042.244,2672.848
2568.697,2452.214,2439.486,2738.767,2753.386,2670.300,2783.072,2552.667,3035.556,2657.273
2570.227,2444.990,2432.600,2727.717,2751.182,2682.033,2791.714,2541.867,3029.911,2661.000
2562.288,2456.908,2434.286,2722.767,2763.591,2654.800,2800.143,2550.633,3027.844,2652.485
2565.091,2446.949,2424.000,2727.317,2748.705,2644.367,2786.928,2549.033,3043.844,2662.758
2561.167,2446.663,2421.971,2715.033,2749.500,2647.000,2770.357,2524.867,3043.933,2662.212
2559.045,2450.265,2432.200,2718.367,2757.523,2652.700,2774.928,2541.267,3044.778,2649.424
2569.576,2446.775,2428.086,2727.233,2757.886,2656.967,2750.072,2554.300,3057.400,2665.152
2565.939,2453.725,2414.286,2713.533,2749.477,2658.567,2785.214,2549.600,3057.400,2665.333
2557.712,2453.888,2420.657,2718.150,2751.545,2668.233,2790.643,2539.700,3042.400,2664.697
2554.864,2448.990,2428.657,2718.583,2749.705,2642.567,2768.072,2549.433,3015.844,2666.879
2576.788,2450.898,2444.686,2710.050,2757.386,2658.833,2779.286,2564.333,3029.622,2655.606
2563.697,2457.021,2413.000,2705.917,2755.068,2650.867,2763.643,2573.400,3035.711,2672.091
2568.545,2453.714,2422.686,2703.850,2748.568,2646.133,2790.143,2554.367,3035.511,2663.939
2559.712,2461.051,2430.000,2708.917,2750.364,2668.533,2768.214,2574.667,3048.867,2664.545
2555.409,2450.928,2426.457,2702.817,2748.727,2653.833,2791.428,2552.600,3022.289,2671.727
2556.939,2451.408,2427.400,2698.150,2747.727,2645.367,2785.357,2540.200,3047.400,2670.394
2571.227,2457.123,2427.714,2696.250,2751.205,2649.200,2774.214,2551.633,3032.378,2669.576
2574.000,2452.398,2420.143,2700.050,2749.727,2653.900,2805.572,2531.667,3026.933,2655.424
2559.742,2451.898,2425.743,2700.917,2739.477,2663.267,2760.357,2552.333,3045.578,2648.000
2567.970,2450.021,2423.829,2704.783,2743.364,2664.100,2775.214,2549.300,3047.178,2673.758
2567.515,2456.521,2422.200,2706.450,2759.432,2667.333,2780.428,2555.933,3022.044,2667.879
2550.333,2454.541,2425.286,2705.133,2761.955,2647.567,2773.000,2547.400,3038.978,2680.121
2571.000,2460.867,2416.314,2692.400,2757.818,2667.267,2768.072,2562.467,3020.267,2667.848
2561.545,2445.592,2425.743,2704.383,2747.341,2653.900,2763.643,2557.033,3029.756,2661.394
2556.182,2451.296,2427.486,2702.317,2740.977,2666.933,2783.928,2549.833,3025.400,2662.364
2553.076,2453.633,2428.486,2692.067,2748.114,2649.900,2748.928,2553.867,3014.133,2666.545
2562.727,2461.051,2439.343,2700.200,2749.000,2658.033,2766.500,2541.300,3035.489,2664.818
2566.621,2460.979,2434.829,2699.017,2761.523,2668.167,2784.428,2538.333,3045.156,2668.273
2566.606,2453.704,2421.486,2702.367,2761.773,2681.867,2793.428,2557.000,3018.444,2663.030
2557.682,2453.061,2420.371,2700.517,2762.136,2656.967,2736.143,2549.567,3020.867,2667.424
2565.348,2451.367,2414.800,2704.417,2750.273,2648.533,2773.928,2547.533,3034.311,2667.606
2555.561,2454.174,2423.857,2679.900,2736.659,2646.100,2800.500,2557.533,3029.622,2660.212
2563.985,2444.918,2419.343,2704.583,2759.795,2645.000,2771.428,2549.133,3026.822,2677.000
2568.364,2452.225,2407.600,2707.233,2763.250,2664.033,2765.214,2539.467,3019.800,2660.030
2562.333,2445.867,2421.400,2703.967,2753.114,2674.033,2789.072,2549.133,3032.956,2669.697
2562.455,2459.265,2426.914,2695.033,2746.182,2663.133,2779.714,2542.667,3046.622,2663.848
2549.364,2454.653,2422.486,2695.950,2726.500,2657.767,2788.643,2548.933,3035.867,2676.576
2563.152,2455.347,2423.171,2693.800,2751.227,2659.400,2778.786,2560.600,3054.400,2666.545
2582.333,2453.225,2417.257,2695.283,2752.955,2656.467,2759.857,2565.733,3033.933,2675.758
2565.348,2457.653,2417.428,2693.417,2757.682,2662.567,2782.072,2549.733,3025.778,2670.333
2562.712,2447.123,2414.572,2697.550,2751.932,2656.733,2783.500,2539.267,3049.222,2682.273
2571.500,2447.867,2416.229,2696.283,2740.341,2658.800,2756.000,2540.533,3040.756,2656.515
2556.455,2448.377,2422.886,2706.583,2735.545,2658.633,2771.786,2555.533,3044.956,2669.121
2555.879,2456.388,2420.543,2691.033,2746.023,2654.167,2760.357,2555.100,3031.089,2660.758
2563.909,2457.826,2411.600,2705.300,2756.591,2655.900,2755.428,2545.900,3023.378,2653.091
2570.470,2451.908,2414.743,2686.450,2761.864,2651.400,2751.572,2548.900,3020.378,2666.091
2562.561,2446.031,2424.086,2699.817,2751.023,2666.933,2768.572,2559.433,3040.089,2666.242
2564.015,2454.408,2419.886,2689.517,2747.432,2665.500,2806.857,2549.733,3017.444,2666.545
2555.712,2451.735,2433.029,2686.433,2748.523,2659.667,2767.357,2550.133,3030.089,2667.697
2557.833,2454.153,2436.114,2699.050,2744.750,2660.067,2797.643,2558.333,3019.645,2652.667
2558.152,2462.388,2425.286,2697.217,2743.909,2680.133,2772.072,2546.567,3023.756,2645.545
2562.197,2459.306,2434.057,2696.333,2741.909,2668.667,2781.928,2540.300,3003.133,2659.121
2551.909,2444.602,2417.229,2688.783,2754.386,2666.267,2782.072,2539.500,3016.711,2657.515
2558.758,2450.837,2430.686,2679.933,2739.614,2664.667,2773.857,2544.900,3031.489,2653.667
2549.152,2451.541,2423.543,2690.167,2757.386,2660.700,2748.572,2563.333,3029.533,2651.818
2563.136,2450.123,2415.286,2695.317,2737.773,2652.167,2765.857,2554.900,3032.111,2669.697
2564.106,2449.286,2411.857,2698.633,2737.886,2673.967,2764.072,2556.567,3039.911,2680.697
2559.803,2450.357,2417.657,2690.517,2756.364,2659.500,2796.143,2547.833,3033.067,2647.485
2560.985,2453.633,2421.314,2689.633,2746.114,2668.167,2778.214,2543.333,3030.156,2640.212
2549.712,2461.337,2429.314,2697.283,2736.636,2669.700,2748.643,2553.233,3036.333,2652.000
2550.545,2447.510,2416.514,2691.100,2735.909,2664.000,2785.857,2553.000,3033.689,2660.061
2544.697,2448.174,2414.572,2692.800,2742.409,2667.067,2783.286,2550.933,3023.533,2646.394
2559.591,2447.500,2427.771,2700.950,2751.545,2665.967,2760.857,2556.567,3034.978,2655.424
2559.697,2447.000,2417.914,2672.667,2746.795,2650.067,2763.000,2553.200,3036.089,2668.727
2552.879,2451.184,2424.286,2699.283,2764.227,2682.100,2805.643,2543.333,3023.711,2667.697
2564.864,2462.459,2422.457,2689.767,2746.795,2667.367,2798.072,2558.933,3033.711,2662.424
2557.091,2451.582,2420.686,2694.033,2765.068,2673.700,2777.072,2559.767,3021.711,2648.121
2553.530,2454.796,2417.914,2703.117,2725.205,2659.400,2794.000,2530.900,3015.667,2644.636
2569.227,2453.184,2424.829,2683.717,2740.818,2673.333,2778.714,2553.500,3036.711,2653.152
2558.758,2450.531,2427.629,2688.217,2752.182,2654.933,2768.286,2544.500,3027.667,2663.273
2559.955,2451.184,2419.771,2694.500,2752.682,2659.867,2768.072,2541.033,3028.933,2648.394
2549.697,2454.316,2414.400,2673.183,2757.455,2639.600,2792.786,2562.833,3021.156,2660.364
2556.515,2449.133,2423.886,2693.617,2759.409,2657.133,2827.786,2537.133,3023.689,2670.848
2558.485,2451.296,2417.457,2698.200,2739.318,2655.700,2776.286,2559.467,3013.778,2667.636
2559.212,2457.306,2429.200,2690.867,2757.727,2665.700,2758.000,2539.300,3017.355,2656.576
2556.152,2448.153,2425.714,2693.983,2754.386,2659.400,2770.357,2546.033,3024.600,2661.091
2555.000,2445.663,2420.114,2671.717,2738.182,2657.267,2757.357,2557.833,3029.467,2640.758
2558.152,2449.796,2417.457,2700.367,2737.614,2654.767,2757.000,2533.300,3015.733,2664.182
2552.894,2458.010,2421.886,2686.950,2744.227,2646.700,2778.714,2545.533,3009.778,2665.394
2544.864,2450.939,2418.086,2694.283,2748.023,2658.200,2767.786,2548.200,3030.422,2654.091
2555.561,2448.388,2418.686,2686.433,2752.909,2661.767,2771.786,2550.200,3027.889,2660.303
2554.924,2446.694,2423.343,2689.833,2737.000,2654.867,2776.500,2545.400,3030.867,2663.364
2553.742,2453.204,2415.857,2687.183,2746.409,2649.333,2761.857,2540.767,3003.711,2665.576
2554.288,2450.623,2409.800,2689.483,2756.886,2653.033,2789.000,2526.533,3022.600,2643.152
2549.273,2450.990,2423.314,2682.617,2734.614,2662.400,2776.643,2540.967,3015.867,2661.727
2549.379,2450.531,2408.714,2683.833,2746.705,2660.433,2763.214,2540.300,3023.711,2643.000
2546.500,2445.867,2428.572,2683.867,2752.886,2649.000,2774.357,2552.500,3006.622,2654.667
2560.061,2454.449,2425.572,2686.600,2752.273,2656.500,2778.500,2548.733,3020.067,2650.788
2543.015,2457.061,2421.400,2683.433,2758.545,2658.900,2775.072,2543.867,3025.978,2631.333
2550.348,2446.612,2424.114,2685.567,2745.455,2658.867,2753.643,2536.400,2998.645,2656.576
2547.288,2456.633,2417.743,2692.933,2746.205,2662.233,2753.714,2543.267,3008.178,2657.182
2550.303,2450.531,2426.829,2692.850,2751.727,2666.433,2756.428,2547.867,3029.867,2642.030
2544.773,2450.092,2422.086,2686.550,2747.932,2674.067,2761.643,2544.233,3020.311,2667.939
2546.788,2458.428,2423.629,2694.283,2745.227,2665.933,2768.214,2553.900,3024.244,2657.848
2548.985,2452.714,2427.257,2704.067,2744.977,2649.600,2752.072,2547.867,3001.444,2655.485
2554.409,2449.775,2417.943,2683.900,2756.341,2659.067,2782.072,2551.100,3018.111,2648.273
2548.591,2449.418,2408.257,2692.450,2754.023,2669.033,2785.000,2547.133,3012.645,2638.121
2559.409,2455.174,2418.514,2684.317,2747.432,2673.800,2766.214,2552.700,3006.889,2632.030
2546.318,2446.592,2425.314,2686.717,2740.705,2655.033,2765.000,2545.567,3010.089,2646.758
2551.985,2458.021,2426.057,2690.300,2742.500,2649.400,2778.357,2549.000,3008.200,2632.939
2549.197,2455.204,2425.943,2694.533,2758.818,2666.700,2756.786,2553.367,3005.844,2635.848
2547.242,2449.939,2417.914,2688.200,2744.386,2657.533,2790.072,2552.867,3033.444,2645.303
2551.470,2444.959,2414.686,2694.850,2740.091,2658.633,2765.214,2552.933,3000.289,2647.545
2543.455,2444.306,2409.171,2673.350,2745.386,2670.667,2753.786,2529.667,3013.756,2647.606
2545.667,2445.643,2419.257,2674.433,2744.182,2653.267,2765.357,2547.667,3005.889,2631.515
2552.864,2449.663,2417.486,2680.883,2740.523,2659.400,2748.643,2543.833,3004.645,2635.545
2545.470,2453.255,2426.029,2676.933,2740.341,2666.633,2747.714,2535.867,3011.289,2640.061
2540.894,2444.153,2423.771,2689.267,2731.205,2648.233,2738.143,2535.700,3015.511,2642.121
2548.212,2449.479,2420.686,2689.800,2740.250,2658.800,2791.000,2547.767,2993.444,2628.030
2544.152,2453.786,2426.514,2685.383,2730.977,2656.400,2767.428,2556.600,2998.533,2636.273
2558.788,2451.388,2419.229,2681.150,2747.045,2658.233,2793.643,2548.133,2994.111,2645.303
2542.652,2450.235,2419.257,2692.917,2742.523,2657.233,2774.572,2547.200,2997.578,2624.242
2561.485,2446.184,2409.514,2685.717,2739.841,2662.233,2747.500,2543.133,2994.978,2645.424
2543.879,2449.418,2424.829,2683.900,2735.205,2676.200,2770.500,2544.000,3000.756,2647.364
2549.682,2456.877,2422.914,2687.867,2738.318,2654.533,2743.143,2532.433,2990.333,2644.545
2550.970,2446.031,2421.000,2683.267,2718.409,2649.733,2768.786,2551.567,3004.244,2638.697
2538.970,2447.826,2416.314,2684.900,2744.000,2663.900,2759.143,2553.767,3003.733,2633.758
2559.303,2454.837,2428.771,2676.567,2735.091,2657.133,2790.428,2534.167,3004.822,2663.121
2547.076,2454.979,2432.686,2687.500,2730.295,2668.200,2748.143,2552.000,2989.378,2630.818
2552.621,2448.826,2423.400,2687.600,2746.273,2689.167,2779.928,2539.833,3010.778,2646.697
2550.833,2452.959,2423.914,2689.183,2755.091,2681.067,2760.000,2539.633,3003.156,2653.667
2544.273,2452.225,2416.714,2684.183,2729.818,2672.000,2778.072,2552.533,3004.822,2645.636
2555.152,2447.326,2417.457,2689.033,2741.705,2671.200,2754.286,2536.667,3008.444,2622.788
2540.273,2448.561,2418.000,2686.100,2742.205,2676.200,2773.428,2546.667,3009.533,2643.636
2552.182,2447.704,2407.800,2692.600,2756.386,2674.467,2781.857,2533.567,3019.111,2649.000
2550.152,2453.123,2417.428,2680.583,2745.523,2672.567,2779.572,2553.200,3014.778,2647.273
2538.803,2454.500,2419.343,2688.250,2748.682,2668.567,2788.214,2558.700,3022.156,2641.091
2562.333,2445.398,2426.486,2682.650,2748.977,2663.967,2765.286,2551.833,2998.578,2637.788
2547.864,2438.449,2425.486,2680.283,2736.045,2682.967,2781.857,2559.033,2999.511,2641.970
2550.470,2444.398,2419.171,2686.000,2724.523,2683.700,2773.357,2536.867,3024.000,2634.061
2541.970,2452.326,2427.400,2694.850,2741.568,2671.467,2742.714,2556.267,3009.867,2644.152
2543.273,2449.010,2419.743,2680.983,2729.523,2692.533,2774.286,2540.233,3011.289,2635.030
2552.788,2447.275,2414.857,2696.717,2745.273,2685.267,2782.357,2540.867,3012.667,2651.545
2551.470,2447.653,2419.686,2693.367,2749.227,2662.633,2748.928,2526.567,3006.311,2645.970
2553.621,2451.184,2419.114,2686.100,2737.636,2664.800,2773.928,2533.733,3025.533,2632.636
2536.409,2450.531,2415.686,2678.767,2742.455,2676.733,2761.143,2549.567,3010.200,2637.000
2546.545,2461.510,2410.600,2692.833,2750.886,2668.800,2786.357,2543.800,3018.800,2615.970
2546.545,2454.633,2416.771,2683.783,2733.500,2684.467,2784.786,2540.967,3006.933,2641.758
2540.273,2454.418,2423.686,2688.167,2747.841,2668.800,2766.500,2548.300,3001.111,2643.061
2539.955,2449.204,2425.057,2685.767,2734.727,2663.600,2763.786,2547.767,3014.711,2623.788
2547.348,2450.174,2421.000,2682.267,2755.341,2691.900,2798.786,2543.700,3013.333,2640.121
2551.227,2446.204,2422.886,2680.117,2743.114,2681.767,2801.072,2561.500,3019.756,2634.848
2538.470,2455.725,2418.000,2687.933,2732.068,2676.600,2793.286,2541.333,3014.422,2638.152
2548.985,2444.908,2414.400,2682.800,2741.295,2688.700,2760.286,2564.367,2990.622,2639.576
2545.364,2449.275,2425.229,2690.333,2736.727,2682.600,2770.286,2552.300,3015.978,2639.545
2546.939,2445.479,2424.400,2683.817,2740.750,2695.200,2793.000,2546.400,3028.000,2650.545
2552.576,2446.694,2425.029,2691.867,2746.841,2685.667,2751.286,2555.067,3005.667,2640.455
2546.106,2449.949,2427.771,2683.317,2739.636,2670.033,2779.643,2549.233,3020.933,2649.697
2553.652,2453.051,2416.971,2693.617,2739.523,2678.867,2792.643,2527.867,3010.578,2641.788
2549.879,2444.847,2412.086,2697.533,2741.864,2668.233,2773.143,2531.267,3009.978,2634.636
2559.167,2447.031,2422.714,2689.350,2746.477,2673.700,2774.357,2534.333,3017.422,2647.879
2539.167,2449.949,2418.600,2685.967,2726.455,2678.933,2780.572,2540.033,3009.422,2649.667
2546.758,2446.653,2418.714,2685.683,2750.591,2681.700,2787.572,2541.533,3013.000,2646.545
2536.712,2445.041,2410.086,2692.600,2741.114,2681.133,2779.143,2545.300,3000.089,2658.545
2552.545,2453.674,2425.343,2682.317,2742.886,2672.467,2775.572,2540.067,3009.978,2638.879
2547.970,2446.949,2419.943,2685.983,2749.136,2686.633,2786.714,2553.867,3002.044,2645.697
2549.970,2446.541,2421.714,2685.117,2745.659,2666.233,2788.143,2536.267,3003.556,2634.364
2541.045,2444.745,2426.600,2679.133,2747.386,2680.667,2788.572,2561.200,3012.578,2640.939
2542.879,2445.490,2407.229,2688.183,2731.114,2681.500,2773.786,2549.333,3018.022,2643.061
2546.773,2450.347,2422.486,2683.583,2737.682,2683.767,2749.714,2533.567,3002.222,2646.879
2547.864,2448.439,2423.714,2694.050,2720.955,2674.233,2743.357,2554.933,2997.000,2642.727
2539.197,2451.612,2409.743,2693.800,2740.523,2688.033,2765.786,2542.133,2983.889,2640.636
2541.803,2451.449,2415.029,2680.733,2724.295,2675.300,2766.786,2538.733,2987.200,2639.727
2547.091,2451.837,2424.114,2692.317,2733.250,2677.267,2789.143,2542.167,3006.600,2650.939
2549.242,2453.735,2417.629,2693.200,2740.409,2678.700,2766.143,2547.733,3010.311,2652.636
2547.742,2449.694,2410.914,2684.700,2744.955,2699.033,2762.428,2546.633,2993.156,2653.091
2546.636,2450.500,2409.257,2683.050,2747.750,2667.167,2775.643,2546.500,3006.645,2643.758
2544.197,2445.479,2418.971,2686.917,2745.386,2681.567,2766.428,2538.067,2992.156,2636.909
2565.455,2446.775,2418.629,2698.417,2741.091,2666.800,2774.500,2539.933,3003.133,2638.152
2550.288,2447.316,2426.886,2691.350,2739.773,2689.600,2760.000,2552.700,2997.244,2626.424
2544.591,2445.959,2421.657,2682.700,2742.432,2675.500,2789.643,2552.433,3006.378,2634.576
2547.621,2444.010,2420.886,2695.467,2738.773,2682.467,2756.928,2558.167,3006.578,2627.333
2540.076,2445.786,2402.486,2694.483,2754.273,2668.333,2767.000,2542.067,2996.800,2636.636
2533.288,2447.877,2412.143,2709.083,2743.636,2684.000,2760.643,2551.733,2998.689,2634.364
2546.576,2450.908,2420.229,2697.300,2744.205,2675.333,2765.572,2527.467,3004.244,2637.848
2546.879,2452.286,2415.229,2687.250,2721.227,2685.467,2741.714,2545.600,3004.422,2644.727
2531.803,2446.898,2419.029,2683.817,2737.136,2663.300,2797.214,2551.000,3007.800,2645.636
2544.515,2449.806,2414.029,2684.033,2745.932,2686.800,2782.786,2556.367,3011.511,2637.576
2545.924,2448.745,2410.457,2704.200,2729.727,2683.600,2768.857,2547.333,3010.444,2641.091
2536.682,2447.082,2415.657,2693.067,2736.955,2685.767,2791.857,2550.333,3010.089,2639.606
2542.348,2446.051,2428.829,2685.700,2729.773,2681.667,2773.428,2542.433,3003.200,2643.061
2543.000,2450.979,2418.114,2701.883,2747.977,2697.867,2755.572,2548.933,3006.089,2646.606
2547.545,2448.572,2423.000,2698.067,2745.364,2681.133,2759.214,2536.233,3005.733,2650.697
2535.424,2446.796,2408.629,2695.000,2728.136,2674.867,2775.143,2537.700,2987.533,2626.576
2541.955,2449.623,2422.057,2682.367,2741.182,2685.000,2773.928,2548.600,2991.200,2640.424
2542.576,2444.806,2419.771,2699.433,2727.341,2696.033,2758.286,2552.267,2974.400,2645.061
2530.727,2450.000,2421.714,2689.283,2725.773,2682.867,2774.143,2563.033,2988.311,2656.333
2536.485,2442.143,2415.629,2687.483,2740.750,2680.833,2772.643,2543.667,3002.533,2635.727
2534.212,2452.490,2409.086,2688.483,2721.364,2673.767,2789.928,2548.300,2987.667,2626.364
2542.636,2450.490,2416.086,2696.317,2737.273,2692.400,2777.286,2541.000,2994.355,2641.242
2541.182,2447.704,2419.829,2690.900,2741.909,2692.967,2803.928,2555.000,2990.578,2639.000
2540.000,2446.674,2410.143,2697.683,2732.295,2681.167,2783.572,2542.400,2993.800,2630.182
2548.318,2448.143,2418.657,2688.567,2728.364,2673.733,2781.500,2541.567,2988.333,2638.515
2542.076,2447.235,2420.314,2696.100,2734.841,2698.733,2751.714,2551.167,2995.311,2641.970
2541.333,2454.592,2407.572,2696.817,2745.045,2679.767,2782.428,2559.733,2997.156,2646.636
2534.697,2443.612,2419.029,2686.567,2734.568,2682.667,2770.928,2550.733,2988.089,2630.030
2535.530,2446.388,2429.428,2704.567,2738.250,2683.433,2735.286,2546.700,2992.511,2629.030
2536.848,2446.816,2408.428,2677.617,2740.023,2702.400,2751.572,2554.500,2997.400,2639.848
2528.394,2458.051,2417.286,2690.783,2727.977,2694.133,2770.643,2551.633,2988.444,2649.455
2536.803,2446.326,2402.743,2699.883,2727.750,2690.467,2779.714,2564.667,3001.645,2648.636
2529.636,2451.939,2412.686,2700.833,2736.636,2693.533,2777.786,2534.767,2999.911,2631.091
2535.879,2445.572,2415.371,2691.017,2737.909,2674.933,2755.143,2544.200,3001.556,2632.212
2525.545,2438.072,2411.086,2691.317,2721.318,2700.667,2764.000,2539.067,2984.867,2627.545
2536.636,2440.388,2409.057,2695.000,2737.250,2673.567,2776.786,2548.700,2993.600,2642.455
2543.045,2440.735,2408.314,2690.567,2730.864,2696.633,2775.500,2563.200,2998.489,2641.212
2532.439,2453.847,2419.314,2697.317,2729.205,2677.733,2767.643,2543.033,2979.355,2635.030
2526.530,2448.214,2412.371,2698.050,2727.500,2695.267,2773.214,2536.033,2979.311,2639.121
2537.697,2448.674,2416.829,2688.267,2727.182,2692.433,2761.786,2565.100,2990.444,2639.455
2529.879,2439.592,2414.143,2696.833,2743.909,2696.567,2786.428,2556.433,2983.689,2631.455
2543.136,2441.623,2414.743,2690.000,2736.477,2707.800,2776.857,2553.267,2969.600,2642.545
2530.015,2455.653,2417.457,2690.850,2730.750,2693.300,2796.214,2542.000,2994.556,2632.061
2543.712,2447.092,2401.257,2691.650,2746.273,2719.333,2742.428,2550.700,2988.156,2622.455
2523.848,2448.316,2411.257,2682.200,2724.273,2698.567,2743.286,2544.367,2974.400,2640.879
2529.758,2444.979,2411.971,2681.517,2745.477,2686.467,2802.928,2553.067,2982.289,2642.758
2536.182,2446.602,2410.914,2685.533,2738.386,2708.867,2755.286,2541.500,2996.511,2632.909
2538.652,2441.561,2412.029,2686.700,2735.636,2693.467,2740.428,2558.100,2974.822,2645.030
2542.333,2450.806,2413.114,2695.167,2724.795,2690.867,2753.643,2539.933,2980.511,2638.061
2540.985,2448.255,2413.943,2700.317,2731.636,2699.167,2805.572,2546.400,2981.222,2638.727
2532.561,2445.765,2410.629,2688.317,2736.455,2701.800,2765.000,2548.600,2977.533,2634.152
2537.152,2455.061,2415.800,2687.950,2738.909,2682.167,2773.643,2544.167,2988.756,2641.455
2538.258,2449.286,2415.286,2691.933,2737.864,2696.133,2760.143,2555.567,2974.200,2639.576
2544.652,2439.418,2413.486,2690.967,2728.864,2695.267,2784.786,2549.300,2983.867,2634.970
2534.591,2448.235,2408.514,2701.750,2730.045,2702.667,2760.714,2548.533,2987.067,2633.182
2534.258,2454.694,2406.314,2676.750,2738.614,2679.133,2759.214,2550.567,2980.778,2633.242
2533.924,2442.367,2406.057,2688.950,2733.341,2703.200,2781.143,2546.500,2995.089,2642.091
2538.985,2450.000,2410.400,2687.817,2733.977,2702.433,2782.286,2562.567,2988.978,2640.000
2531.727,2452.296,2413.600,2688.783,2739.295,2705.667,2772.643,2559.767,2989.800,2628.394
2536.348,2445.051,2408.428,2693.933,2735.659,2722.333,2774.143,2552.967,3002.355,2625.485
2541.364,2450.521,2416.029,2699.867,2733.750,2714.900,2752.714,2545.500,2982.333,2633.939
2541.409,2447.959,2402.000,2687.783,2731.182,2709.667,2793.428,2553.733,2993.956,2638.152
2535.636,2448.725,2429.800,2676.067,2732.432,2713.633,2780.643,2550.067,2990.867,2634.455
2536.818,2451.633,2417.371,2705.133,2732.318,2718.700,2787.643,2551.767,2990.333,2645.909
2524.924,2445.653,2408.114,2692.933,2723.545,2688.900,2790.357,2549.667,2977.111,2633.818
2541.742,2451.347,2407.314,2692.433,2723.614,2704.433,2807.857,2545.533,2993.133,2631.848
2541.106,2447.316,2402.286,2697.733,2729.205,2707.800,2780.857,2552.867,2982.289,2636.061
2541.561,2454.755,2410.771,2692.683,2728.250,2710.900,2788.857,2543.267,2998.889,2649.879
2543.530,2442.316,2426.257,2686.883,2732.364,2707.367,2800.214,2565.800,2991.711,2633.030
2528.000,2447.949,2418.257,2683.567,2729.000,2708.033,2805.286,2555.733,2987.667,2643.485
2533.985,2454.408,2418.914,2699.333,2746.841,2713.600,2782.000,2559.300,2984.911,2632.182
2547.273,2449.153,2405.029,2698.750,2732.864,2720.333,2781.072,2552.667,2990.578,2652.273
2537.045,2444.531,2418.657,2683.000,2738.705,2715.067,2777.714,2548.233,2990.422,2629.394
2526.561,2444.796,2415.829,2694.567,2727.273,2697.100,2804.286,2552.233,2986.911,2645.545
2530.833,2447.061,2398.371,2692.050,2717.250,2715.200,2786.286,2550.667,2996.867,2640.000
2531.288,2451.255,2403.314,2689.717,2742.136,2699.800,2756.072,2553.100,2976.733,2638.636
2540.424,2453.521,2409.857,2694.750,2718.591,2709.767,2791.643,2561.033,3002.067,2633.182
2543.470,2436.459,2408.314,2682.333,2727.250,2718.267,2772.357,2548.233,2990.333,2632.818
2533.439,2446.459,2413.800,2681.550,2734.545,2710.900,2780.857,2536.333,2985.089,2650.636
2534.258,2449.714,2410.257,2685.033,2731.977,2717.267,2789.786,2544.767,2997.333,2621.424
2530.697,2441.408,2427.743,2680.500,2716.818,2712.433,2774.000,2550.033,2984.533,2656.061
2534.545,2443.979,2411.143,2694.767,2729.886,2718.233,2771.072,2560.100,2989.089,2625.606
2527.273,2447.316,2409.314,2692.717,2717.295,2686.633,2778.286,2546.167,2987.645,2646.000
2543.591,2447.408,2408.686,2674.633,2735.659,2711.267,2775.714,2551.600,3001.489,2645.970
2527.621,2449.572,2399.400,2680.833,2715.523,2709.133,2771.214,2559.033,2979.578,2652.667
2529.348,2442.826,2410.143,2697.783,2729.727,2730.267,2770.357,2561.867,3007.867,2638.212
2533.909,2440.296,2417.914,2684.333,2737.773,2711.267,2781.143,2556.700,2985.111,2637.939
2520.848,2446.245,2421.200,2693.100,2744.818,2709.100,2766.714,2561.767,2991.355,2644.606
2531.727,2449.990,2406.343,2701.133,2733.909,2711.367,2799.643,2553.600,2991.178,2628.061
2530.758,2442.653,2420.943,2698.933,2729.000,2707.233,2796.072,2564.867,3003.822,2639.273
2536.682,2436.245,2393.171,2695.567,2723.409,2710.933,2799.714,2557.500,2988.133,2621.121
2545.712,2434.949,2412.171,2686.883,2730.773,2709.467,2771.357,2539.167,2965.867,2634.636
2537.242,2437.582,2396.771,2710.333,2708.432,2723.367,2773.714,2544.433,2968.222,2648.818
2530.955,2428.714,2382.000,2708.583,2730.432,2710.433,2781.357,2553.433,2985.600,2636.909
2541.818,2437.357,2395.657,2689.983,2728.477,2720.800,2772.643,2561.533,2987.067,2634.061
2534.333,2433.010,2395.886,2692.317,2729.636,2715.600,2816.000,2551.167,2980.333,2637.636
2533.394,2428.245,2399.457,2694.850,2745.068,2723.500,2770.000,2556.167,2995.556,2633.848
2535.818,2439.133,2403.743,2696.683,2717.318,2717.000,2779.643,2535.300,2977.933,2634.182
2528.409,2431.479,2395.486,2689.333,2724.045,2718.000,2770.500,2550.133,2966.378,2653.030
2526.833,2431.623,2391.457,2676.417,2729.955,2715.067,2772.286,2562.933,2986.911,2634.242
2527.712,2429.704,2383.971,2701.500,2737.705,2710.300,2787.857,2544.600,2962.400,2632.424
2528.212,2435.898,2388.171,2695.050,2732.909,2722.033,2773.714,2547.433,2971.511,2635.273
2525.242,2426.010,2382.343,2695.267,2722.682,2710.533,2789.857,2561.400,2964.733,2641.606
2532.621,2428.561,2404.943,2693.700,2712.386,2709.867,2786.143,2558.067,2968.222,2639.394
2524.576,2436.888,2397.572,2674.033,2737.523,2740.333,2797.214,2550.600,2974.978,2649.606
2524.439,2429.153,2387.600,2671.050,2723.068,2706.633,2775.428,2561.267,2975.956,2633.091
2522.606,2433.663,2397.371,2665.550,2726.477,2714.433,2779.500,2549.833,2968.911,2634.152
2527.985,2433.204,2397.114,2674.617,2740.432,2699.400,2790.000,2558.133,2962.044,2616.455
2528.424,2428.490,2394.314,2658.650,2704.614,2712.467,2771.214,2556.567,2985.933,2643.273
2528.167,2429.633,2395.343,2669.150,2713.409,2710.800,2772.643,2561.933,2974.311,2640.394
2529.455,2428.939,2403.629,2662.500,2726.000,2726.467,2784.428,2559.533,2982.178,2639.030
2532.288,2426.357,2390.029,2665.233,2708.932,2738.067,2783.428,2548.833,2961.067,2615.879
2530.985,2425.245,2392.829,2661.350,2716.250,2696.133,2800.000,2548.267,2966.689,2628.152
2535.894,2435.367,2393.114,2670.283,2726.136,2730.567,2751.286,2554.400,2970.844,2629.485
2528.076,2435.316,2386.114,2669.800,2720.727,2710.567,2783.428,2528.200,2965.022,2623.152
2527.455,2426.735,2386.971,2666.933,2715.955,2730.933,2792.428,2558.267,2980.889,2636.939
2535.182,2434.194,2391.486,2665.483,2740.909,2697.767,2806.000,2544.600,2967.244,2644.182
2543.061,2433.265,2394.514,2660.933,2728.773,2718.000,2783.143,2563.733,2982.267,2632.394
2523.712,2437.928,2393.743,2671.700,2717.659,2726.700,2783.428,2553.667,2965.422,2624.788
2530.288,2431.725,2394.514,2667.917,2720.409,2717.100,2792.572,2557.933,2998.044,2637.242
2520.545,2424.377,2385.829,2646.767,2718.477,2735.833,2774.072,2557.867,2979.178,2623.758
2532.864,2431.521,2394.743,2670.450,2725.864,2724.567,2791.928,2562.100,2969.467,2625.424
2523.742,2433.377,2404.514,2661.800,2719.273,2722.300,2755.214,2550.033,2973.578,2624.061
2539.500,2424.367,2404.229,2657.583,2745.795,2711.600,2787.072,2561.600,2970.889,2606.061
2534.197,2425.694,2381.029,2665.850,2720.705,2726.033,2799.428,2548.533,2977.822,2625.667
2526.530,2436.633,2390.771,2676.283,2706.250,2718.333,2768.643,2563.900,2984.156,2649.818
2531.727,2431.439,2402.486,2662.450,2718.273,2724.900,2815.857,2541.300,2974.244,2638.182
2538.470,2426.663,2376.629,2670.467,2721.705,2732.033,2784.500,2554.600,2986.689,2634.303
2537.000,2436.102,2389.657,2666.767,2713.318,2728.000,2784.428,2557.800,2984.645,2631.879
2533.712,2426.479,2388.714,2664.967,2728.341,2697.867,2802.000,2547.900,2974.622,2634.970
2532.470,2433.123,2390.029,2654.667,2726.159,2732.100,2777.500,2560.533,2984.778,2635.424
2535.818,2414.398,2392.943,2658.117,2734.864,2714.500,2787.643,2559.300,2975.067,2618.636
2527.909,2432.347,2402.371,2656.483,2725.591,2724.267,2772.214,2549.867,2984.800,2632.212
2533.576,2433.255,2391.857,2660.033,2715.477,2734.233,2765.143,2553.967,2968.422,2619.394
2530.364,2433.592,2388.543,2656.983,2720.750,2740.633,2776.643,2545.100,2992.000,2636.152
2529.742,2435.898,2374.886,2650.450,2710.318,2710.933,2776.714,2567.700,2975.422,2625.061
2524.697,2440.428,2401.771,2663.417,2721.591,2708.767,2754.286,2555.200,2970.133,2613.939
2521.576,2429.786,2381.143,2653.533,2724.477,2723.200,2790.572,2562.067,2985.422,2635.485
2527.333,2432.459,2389.457,2668.433,2723.636,2716.600,2799.928,2556.000,2978.889,2623.848
2528.955,2434.918,2391.400,2661.433,2736.091,2736.900,2769.928,2551.267,2967.578,2624.152
2527.318,2427.479,2400.771,2661.233,2711.932,2730.600,2790.143,2553.867,2982.978,2617.818
2538.545,2432.806,2397.428,2657.150,2708.636,2723.033,2784.072,2568.633,2980.933,2628.727
2528.697,2434.561,2384.057,2660.250,2722.045,2733.767,2780.214,2561.967,2981.756,2628.121
2529.970,2430.796,2394.086,2657.417,2734.864,2728.567,2766.643,2552.400,2990.067,2626.788
2529.106,2429.428,2404.371,2659.217,2717.864,2713.533,2783.143,2563.567,2990.533,2629.545
2524.970,2433.194,2393.029,2672.350,2717.659,2727.533,2800.428,2556.633,2982.222,2646.152
2523.742,2436.112,2402.714,2650.133,2704.591,2736.167,2782.857,2556.033,3001.689,2627.303
2525.879,2431.582,2394.143,2653.733,2712.591,2739.333,2781.357,2575.467,2990.933,2626.848
2534.530,2431.102,2377.428,2652.600,2730.318,2731.767,2777.000,2561.167,2989.444,2625.182
2517.530,2429.408,2393.886,2651.600,2728.023,2722.333,2778.072,2556.300,2999.178,2614.303
2517.500,2436.694,2387.400,2665.333,2731.386,2751.033,2789.214,2556.533,2995.467,2611.667
2525.152,2432.225,2385.343,2658.183,2729.750,2729.867,2777.286,2565.867,2996.822,2623.788
2528.515,2426.796,2385.743,2661.850,2712.023,2719.233,2766.072,2549.700,2993.000,2615.091
2520.697,2436.398,2393.686,2650.350,2710.136,2722.867,2775.786,2541.400,2986.733,2623.697
2528.121,2430.653,2392.314,2636.467,2724.432,2712.967,2771.500,2553.800,2979.978,2619.606
2537.318,2430.174,2400.600,2658.217,2720.705,2724.900,2764.286,2551.133,2992.511,2620.939
2537.924,2428.959,2389.229,2656.750,2725.364,2712.000,2788.857,2557.400,2989.422,2594.848
2535.258,2435.847,2390.771,2662.333,2722.386,2733.700,2751.928,2552.667,2985.267,2605.424
2531.545,2437.633,2383.857,2660.800,2722.568,2718.900,2752.357,2549.067,2984.622,2622.303
2529.591,2425.092,2389.657,2661.667,2710.477,2739.367,2771.214,2555.233,3001.467,2628.424
2529.955,2427.898,2391.543,2649.517,2717.955,2731.900,2797.286,2549.033,3005.711,2617.212
2518.439,2423.694,2387.657,2658.917,2725.682,2720.900,2773.143,2564.267,2991.933,2607.818
2532.515,2442.112,2397.143,2655.150,2726.773,2737.400,2782.428,2556.333,2994.844,2614.212
2526.333,2439.174,2386.600,2659.050,2722.682,2747.533,2770.572,2554.367,3011.889,2631.879
2540.045,2431.082,2399.686,2656.867,2722.250,2732.900,2777.857,2558.633,2983.489,2608.818
2529.045,2431.010,2401.486,2658.400,2733.932,2740.433,2776.143,2553.233,2991.044,2619.303
2533.667,2431.061,2389.857,2648.217,2721.591,2731.400,2782.428,2565.867,3011.044,2610.909
2528.182,2427.755,2390.629,2655.300,2711.955,2739.533,2790.500,2560.733,3006.489,2598.242
2519.697,2432.469,2392.114,2650.417,2731.068,2731.300,2790.000,2568.067,2990.911,2602.242
2522.333,2433.582,2394.171,2653.867,2715.591,2747.133,2803.072,2569.000,2997.222,2624.606
2530.076,2430.837,2382.000,2654.850,2734.159,2734.633,2797.000,2542.100,3008.844,2621.576
2530.182,2430.051,2384.657,2652.533,2725.227,2758.000,2756.500,2578.300,3007.933,2625.909
2530.258,2437.082,2386.029,2643.733,2719.659,2742.000,2815.214,2562.833,3013.956,2612.848
2527.167,2431.541,2412.114,2654.517,2712.864,2743.533,2779.428,2565.167,3011.711,2615.848
2536.803,2436.500,2394.971,2651.317,2723.159,2754.367,2803.000,2556.467,3001.867,2608.515
2520.121,2433.408,2390.143,2653.583,2716.659,2743.167,2789.428,2554.133,3000.444,2606.788
2530.621,2424.204,2383.314,2656.217,2714.500,2743.833,2776.857,2564.067,3018.889,2611.758
2526.061,2422.623,2384.114,2652.950,2720.909,2748.300,2806.643,2571.900,3006.267,2625.970
2524.652,2433.072,2397.657,2647.967,2711.841,2751.333,2785.928,2563.700,2995.378,2612.091
2533.636,2423.510,2381.229,2655.933,2715.182,2730.933,2793.786,2573.200,3003.711,2626.121
2539.545,2435.775,2388.457,2649.317,2729.977,2728.267,2798.357,2548.567,3009.645,2620.061
2527.379,2427.725,2385.086,2653.383,2719.068,2728.800,2771.572,2559.567,3014.244,2617.394
2529.091,2428.949,2380.343,2648.500,2713.705,2732.733,2785.572,2544.133,3018.645,2611.758
2523.348,2434.102,2394.686,2647.567,2716.386,2732.833,2805.000,2543.567,3009.645,2616.758
2525.197,2431.112,2389.371,2655.867,2722.818,2740.133,2799.928,2571.733,3010.067,2617.394
2522.985,2423.928,2391.057,2654.517,2714.432,2732.400,2805.000,2563.033,3011.044,2623.636
2523.758,2441.072,2393.086,2652.450,2717.068,2736.900,2782.928,2564.600,3009.956,2616.152
2529.773,2432.163,2388.543,2648.333,2719.023,2734.600,2773.714,2552.900,2999.244,2612.576
2526.303,2429.959,2382.800,2659.417,2731.636,2743.900,2781.857,2571.300,3012.578,2638.242
2535.409,2432.449,2384.314,2650.917,2704.455,2735.467,2778.786,2547.433,2994.311,2631.182
2528.697,2435.021,2393.629,2653.183,2724.682,2740.933,2787.500,2564.400,3003.111,2623.424
2524.576,2427.010,2391.657,2643.350,2727.136,2746.800,2776.786,2559.900,2993.044,2611.273
2529.848,2431.061,2373.914,2656.883,2725.864,2734.133,2793.000,2551.000,3004.778,2633.606
2531.667,2422.194,2382.800,2653.517,2728.068,2751.500,2802.357,2554.000,3002.978,2626.697
2528.515,2431.735,2387.971,2658.133,2713.818,2759.433,2786.286,2552.167,3008.578,2631.242
2529.364,2431.388,2384.314,2643.117,2712.227,2739.333,2798.214,2546.733,3004.267,2635.000
2535.742,2427.194,2379.314,2671.717,2723.523,2756.567,2802.357,2541.633,3001.067,2617.212
2529.879,2433.143,2386.829,2655.533,2718.023,2753.033,2795.214,2547.967,2999.645,2629.606
2540.258,2426.500,2380.543,2645.433,2714.477,2754.567,2774.714,2548.267,3013.956,2628.485
2530.091,2423.633,2388.829,2650.383,2717.091,2753.667,2779.500,2535.533,3004.822,2620.636
2527.894,2432.786,2384.543,2640.433,2711.045,2738.067,2758.786,2546.700,3005.778,2631.788
2522.379,2428.857,2395.428,2647.033,2711.955,2733.467,2790.572,2529.533,3007.978,2621.485
2519.470,2428.959,2382.829,2651.533,2717.909,2743.067,2783.786,2536.767,3028.244,2616.333
2517.212,2425.684,2389.800,2653.667,2716.318,2732.767,2778.286,2532.200,3003.200,2609.030
2527.470,2433.459,2378.371,2645.317,2716.932,2724.200,2798.714,2527.333,3023.378,2610.576
2522.742,2432.255,2390.086,2651.900,2711.136,2747.100,2774.072,2528.767,3005.378,2614.879
2528.500,2428.326,2390.371,2643.250,2714.818,2735.200,2772.143,2527.167,2998.489,2614.818
2519.106,2430.469,2382.572,2656.483,2705.023,2750.533,2753.857,2535.233,3006.645,2618.000
2525.621,2428.572,2391.771,2642.317,2719.227,2747.333,2780.000,2543.467,3009.200,2628.182
2518.924,2431.541,2399.971,2657.083,2699.864,2757.000,2796.500,2536.000,2995.133,2616.000
2522.788,2431.745,2378.914,2664.617,2708.932,2745.033,2797.143,2545.433,3033.400,2615.182
2525.682,2443.082,2370.428,2655.133,2713.955,2750.467,2791.714,2544.700,2983.911,2604.091
2514.742,2431.959,2389.029,2658.717,2714.818,2769.667,2796.500,2539.467,2996.933,2608.788
2526.833,2427.704,2366.457,2652.717,2723.136,2755.867,2770.357,2539.533,3014.867,2608.879
2519.545,2428.541,2386.971,2655.983,2721.909,2750.033,2792.286,2533.567,2984.911,2598.091
2521.848,2430.735,2394.629,2653.383,2727.636,2764.300,2753.928,2533.967,2998.200,2604.636
2527.712,2424.928,2370.629,2653.000,2712.136,2737.767,2794.786,2521.300,3002.800,2617.121
2527.773,2429.367,2378.686,2650.050,2702.568,2764.000,2782.286,2526.500,2979.978,2613.000
2519.606,2437.163,2387.514,2647.300,2713.114,2763.233,2793.286,2532.000,3006.822,2618.455
2522.106,2427.949,2401.086,2657.250,2700.773,2745.267,2768.572,2530.433,3004.422,2608.758
2533.258,2427.500,2383.514,2646.100,2712.000,2751.533,2782.572,2524.067,2999.200,2613.636
2532.803,2431.837,2398.743,2650.917,2713.864,2746.667,2790.857,2537.733,3001.178,2614.061
2528.045,2432.786,2366.257,2665.750,2711.205,2737.200,2795.857,2534.033,2995.867,2626.000
2531.258,2432.928,2383.686,2661.917,2718.545,2765.700,2801.786,2524.600,2991.133,2613.364
2519.288,2427.979,2380.057,2651.917,2720.182,2758.167,2809.928,2533.733,2988.178,2607.515
2530.121,2431.714,2385.943,2647.683,2704.341,2751.967,2778.000,2539.033,2998.556,2614.394
2527.439,2436.725,2393.428,2643.150,2717.091,2741.400,2793.786,2539.967,2994.022,2599.667
2528.924,2430.979,2378.200,2649.133,2708.955,2746.367,2789.000,2546.400,2986.778,2602.485
2529.803,2424.490,2382.800,2653.967,2708.773,2752.933,2796.000,2532.200,2974.533,2623.697
2532.227,2424.775,2393.514,2656.500,2707.750,2745.300,2788.928,2538.367,2973.355,2600.970
2529.136,2434.867,2382.029,2665.617,2713.886,2749.333,2775.286,2518.467,2973.711,2622.303
2515.970,2421.561,2400.657,2648.917,2713.114,2752.100,2786.643,2526.533,2971.844,2621.273
2541.576,2432.408,2386.286,2646.283,2698.841,2747.367,2784.857,2539.600,2992.778,2616.576
2518.091,2424.796,2390.771,2649.183,2723.159,2751.200,2778.428,2520.667,2991.933,2605.879
2526.409,2434.408,2381.114,2653.117,2708.386,2739.867,2775.572,2536.000,2978.422,2614.091
2524.667,2438.531,2388.743,2663.117,2710.477,2752.500,2795.857,2535.033,2969.067,2621.091
2525.470,2434.500,2370.000,2657.883,2716.273,2752.667,2763.928,2535.733,2997.022,2618.242
2524.348,2422.735,2386.543,2646.850,2719.523,2758.267,2770.286,2534.300,2980.222,2606.273
2518.015,2426.235,2391.629,2640.417,2700.364,2749.667,2789.500,2533.733,2988.022,2620.818
2512.318,2430.806,2381.114,2652.983,2713.432,2749.167,2794.928,2542.033,2975.289,2630.727
2533.197,2427.541,2386.257,2656.617,2708.250,2770.433,2763.500,2537.900,2981.867,2624.606
2518.985,2430.398,2385.572,2654.133,2703.341,2764.900,2760.214,2534.967,2976.178,2619.333
2512.242,2426.112,2388.600,2655.483,2710.523,2755.200,2786.643,2525.567,2986.156,2617.545
2512.894,2430.490,2383.600,2648.083,2716.841,2754.000,2793.928,2527.267,2973.489,2628.576
2521.439,2436.694,2391.971,2653.950,2709.364,2756.967,2773.500,2534.367,2975.200,2622.333
2519.667,2432.021,2380.114,2652.917,2703.114,2748.000,2769.857,2529.900,2983.844,2632.758
2524.015,2426.633,2382.800,2649.133,2710.750,2766.800,2771.572,2544.167,2985.489,2616.758
2521.348,2427.612,2373.457,2637.317,2715.886,2770.567,2783.857,2527.700,2983.689,2610.939
2517.197,2432.928,2384.914,2647.150,2701.023,2747.867,2771.000,2534.800,2981.289,2628.242
2532.667,2433.459,2388.914,2666.700,2719.136,2749.600,2755.643,2531.600,2955.244,2621.667
2520.348,2425.010,2373.057,2643.283,2692.295,2745.633,2768.428,2534.733,2973.089,2612.636
2522.379,2433.510,2372.257,2644.633,2704.886,2731.367,2758.572,2519.100,2970.711,2625.061
2522.030,2428.316,2385.800,2647.483,2685.409,2731.467,2754.357,2532.400,2975.200,2614.636
2519.970,2430.928,2385.572,2647.433,2700.341,2733.000,2777.000,2530.533,2973.289,2617.606
2512.500,2424.653,2394.143,2640.650,2696.295,2730.800,2769.643,2539.333,2966.067,2609.606
2512.894,2431.072,2390.600,2640.100,2693.455,2731.767,2757.428,2528.733,2963.200,2615.970
2530.030,2419.051,2380.657,2646.350,2696.250,2738.700,2777.143,2542.133,2956.089,2627.394
2528.879,2435.286,2375.629,2643.967,2696.386,2722.033,2767.143,2530.867,2962.067,2609.970
2525.121,2430.826,2393.800,2643.133,2705.909,2724.633,2765.000,2526.867,2974.978,2631.818
2523.333,2436.337,2375.543,2661.217,2699.727,2743.600,2772.357,2539.400,2964.333,2624.424
2525.606,2438.510,2384.829,2651.783,2702.159,2735.867,2764.286,2539.000,2967.289,2607.273
2518.303,2425.143,2392.914,2646.467,2699.568,2751.400,2765.500,2539.500,2964.200,2611.485
2520.818,2435.255,2381.714,2654.517,2696.773,2750.233,2769.000,2541.400,2964.956,2608.758
2526.758,2441.714,2378.029,2657.083,2698.000,2770.367,2792.286,2528.567,2971.244,2606.788
2529.682,2442.969,2390.286,2638.250,2703.955,2740.500,2753.786,2527.667,2960.378,2612.212
2521.561,2436.898,2389.428,2648.050,2706.091,2748.333,2768.643,2525.733,2955.822,2638.333
2526.712,2434.857,2396.714,2651.800,2695.795,2752.500,2781.572,2526.367,2965.089,2613.455
2529.045,2431.337,2373.543,2638.050,2694.773,2741.900,2774.857,2533.767,2968.400,2617.000
2519.576,2432.521,2377.857,2655.400,2687.636,2735.400,2764.500,2525.167,2956.578,2630.697
2526.015,2423.469,2376.886,2649.317,2681.523,2738.333,2766.572,2518.200,2964.067,2625.273
2530.561,2436.541,2390.943,2656.767,2687.977,2741.433,2795.714,2521.700,2977.533,2633.576
2533.955,2443.867,2384.629,2667.017,2698.318,2763.133,2787.500,2542.767,2983.111,2628.636
2527.545,2441.143,2384.543,2663.867,2715.773,2766.633,2819.143,2558.300,2987.378,2646.667
2538.045,2439.367,2405.486,2669.150,2723.386,2766.633,2813.286,2554.767,3017.667,2652.545
