100.00	0.00	7.23	30.00	150.00	2.70	97.30	0.50	

25.02	12.00	0.000000	04.154
25.02	12.00	0.000017	04.256
24.95	12.00	0.000033	04.351
24.71	12.00	0.000050	04.455
24.50	12.00	0.000067	04.554
23.99	12.00	0.000083	04.650
23.68	12.00	0.000100	04.754
21.61	12.00	0.000117	04.854
21.38	12.00	0.000133	04.951
21.17	12.00	0.000150	05.053
20.68	12.00	0.000167	05.152
20.17	12.00	0.000183	05.251
19.88	12.00	0.000200	05.351
19.34	12.00	0.000217	05.453
18.79	12.00	0.000233	05.551
18.53	12.00	0.000250	05.652
17.99	12.00	0.000267	05.753
17.50	12.00	0.000283	05.851
17.25	12.00	0.000300	05.951
16.79	12.00	0.000317	06.053
16.35	12.00	0.000333	06.150
16.15	12.00	0.000350	06.251
15.76	12.00	0.000367	06.353
15.43	12.00	0.000383	06.451
15.27	12.00	0.000400	06.552
14.97	12.00	0.000416	06.653
14.68	12.00	0.000433	06.752
14.56	12.00	0.000450	06.852
14.30	12.00	0.000466	06.953
14.07	12.00	0.000483	07.051
13.94	12.00	0.000500	07.152
13.71	12.00	0.000516	07.253
13.48	12.00	0.000533	07.352
13.38	12.00	0.000550	07.452
13.17	12.00	0.000566	07.553
12.97	12.00	0.000583	07.652
12.86	12.00	0.000600	07.751
12.66	12.00	0.000616	07.854
12.48	12.00	0.000633	07.951
12.40	12.00	0.000650	08.052
12.22	12.00	0.000666	08.154
12.07	12.00	0.000683	08.253
11.94	12.00	0.000700	08.384
11.81	12.00	0.000716	08.484
11.76	12.00	0.000733	08.589
11.63	12.00	0.000750	08.683
11.53	12.00	0.000766	08.784
11.48	12.00	0.000783	08.888
11.38	12.00	0.000800	08.982
11.30	12.00	0.000816	09.081
11.25	12.00	0.000833	09.186
11.17	12.00	0.000850	09.281
11.15	12.00	0.000866	09.380
11.09	12.00	0.000883	09.485
11.07	12.00	0.000900	09.579
11.02	12.00	0.000916	09.679
10.97	12.00	0.000933	09.783
10.94	12.00	0.000950	09.878
10.92	12.00	0.000966	09.979
10.86	12.00	0.000983	10.082
10.86	12.00	0.001000	10.177
10.81	12.00	0.001016	10.279
10.81	12.00	0.001033	10.381
10.81	12.00	0.001050	10.475
10.79	12.00	0.001066	10.579
10.79	12.00	0.001083	10.680
10.76	12.00	0.001100	10.774
10.76	12.00	0.001116	10.879
10.76	12.00	0.001133	10.978
10.74	12.00	0.001150	11.073
10.74	12.00	0.001166	11.177
10.74	12.00	0.001183	11.277
10.71	12.00	0.001200	11.371
10.71	12.00	0.001216	11.476
10.71	12.00	0.001233	11.576
10.71	12.00	0.001250	11.672
10.71	12.00	0.001266	11.775
10.71	12.00	0.001283	11.876
10.71	12.00	0.001299	11.971
10.71	12.00	0.001316	12.073
10.71	12.00	0.001333	12.176
10.71	12.00	0.001349	12.272
10.71	12.00	0.001366	12.373
10.74	12.00	0.001383	12.476
10.79	12.00	0.001399	12.573
10.79	12.00	0.001416	12.674
10.84	12.00	0.001433	12.775
10.86	12.00	0.001449	12.874
10.89	12.00	0.001466	12.974
10.92	12.00	0.001483	13.076
10.97	12.00	0.001499	13.174
10.97	12.00	0.001516	13.274
10.99	12.00	0.001533	13.376
11.04	12.00	0.001549	13.473
11.04	12.00	0.001566	13.574
11.04	12.00	0.001583	13.676
11.09	12.00	0.001599	13.774
11.12	12.00	0.001616	13.874
11.15	12.00	0.001633	13.976
11.20	12.00	0.001649	14.074
11.20	12.00	0.001666	14.174
11.22	12.00	0.001683	14.277
11.27	12.00	0.001699	14.373
11.27	12.00	0.001716	14.474
11.27	12.00	0.001733	14.576
11.33	12.00	0.001749	14.674
11.33	12.00	0.001766	14.774
11.35	12.00	0.001783	14.877
11.38	12.00	0.001799	14.975
11.40	12.00	0.001816	15.074
11.40	12.00	0.001833	15.177
11.40	12.00	0.001849	15.274
11.45	12.00	0.001866	15.375
11.48	12.00	0.001883	15.478
11.50	12.00	0.001899	15.575
11.53	12.00	0.001916	15.675
11.53	12.00	0.001933	15.777
11.53	12.00	0.001949	15.875
11.56	12.00	0.001966	15.974
11.61	12.00	0.001983	16.077
11.61	12.00	0.001999	16.175
11.61	12.00	0.002016	16.275
11.63	12.00	0.002033	16.378
11.63	12.00	0.002049	16.504
11.66	12.00	0.002066	16.599
11.66	12.00	0.002082	16.677
11.71	12.00	0.002099	16.803
11.71	12.00	0.002116	16.897
11.74	12.00	0.002132	17.002
11.74	12.00	0.002149	17.101
11.79	12.00	0.002166	17.196
11.79	12.00	0.002182	17.301
11.81	12.00	0.002199	17.400
11.81	12.00	0.002216	17.495
11.81	12.00	0.002232	17.599
11.84	12.00	0.002249	17.699
11.84	12.00	0.002266	17.793
11.84	12.00	0.002282	17.898
11.84	12.00	0.002299	17.993
11.86	12.00	0.002316	18.092
11.86	12.00	0.002332	18.197
11.86	12.00	0.002349	18.291
11.89	12.00	0.002366	18.391
11.89	12.00	0.002382	18.495
11.89	12.00	0.002399	18.590
11.92	12.00	0.002416	18.689
11.92	12.00	0.002432	18.794
11.92	12.00	0.002449	18.889
11.92	12.00	0.002466	18.988
11.92	12.00	0.002482	19.093
11.94	12.00	0.002499	19.187
11.94	12.00	0.002516	19.287
11.94	12.00	0.002532	19.391
11.94	12.00	0.002549	19.486
11.97	12.00	0.002566	19.586
11.97	12.00	0.002582	19.690
11.97	12.00	0.002599	19.785
11.97	12.00	0.002616	19.884
11.97	12.00	0.002632	19.989
11.97	12.00	0.002649	20.083
11.97	12.00	0.002666	20.184
11.99	12.00	0.002682	20.287
11.99	12.00	0.002699	20.382
11.99	12.00	0.002716	20.484
11.99	12.00	0.002732	20.586
11.99	12.00	0.002749	20.681
11.99	12.00	0.002766	20.784
11.99	12.00	0.002782	20.885
11.99	12.00	0.002799	20.979
11.99	12.00	0.002816	21.084
11.99	12.00	0.002832	21.184
11.99	12.00	0.002849	21.278
11.99	12.00	0.002866	21.383
11.99	12.00	0.002882	21.482
11.99	12.00	0.002899	21.577
11.99	12.00	0.002915	21.681
12.02	12.00	0.002932	21.781
12.02	12.00	0.002949	21.876
12.02	12.00	0.002965	21.980
12.02	12.00	0.002982	22.075
12.02	12.00	0.002999	22.175
12.02	12.00	0.003015	22.279
12.02	12.00	0.003032	22.374
12.02	12.00	0.003049	22.475
12.02	12.00	0.003065	22.577
12.02	12.00	0.003082	22.675
12.02	12.00	0.003099	22.775
12.02	12.00	0.003115	22.876
12.02	12.00	0.003132	22.975
11.99	12.00	0.003149	23.075
11.99	12.00	0.003165	23.175
11.99	12.00	0.003182	23.274
11.99	12.00	0.003199	23.375
11.99	12.00	0.003215	23.474
11.99	12.00	0.003232	23.575
11.99	12.00	0.003249	23.675
11.99	12.00	0.003265	23.775
11.99	12.00	0.003282	23.875
11.99	12.00	0.003299	23.974
11.99	12.00	0.003315	24.075
11.99	12.00	0.003332	24.174
11.99	12.00	0.003349	24.275
11.99	12.00	0.003365	24.375
11.99	12.00	0.003382	24.476
11.99	12.00	0.003399	24.576
11.99	12.00	0.003415	24.676
11.99	12.00	0.003432	24.776
11.99	12.00	0.003449	24.875
11.99	12.00	0.003465	24.976
11.97	12.00	0.003482	25.075
11.97	12.00	0.003499	25.176
11.97	12.00	0.003515	25.276
11.97	12.00	0.003532	25.376
11.97	12.00	0.003549	25.476
11.97	12.00	0.003565	25.575
11.97	12.00	0.003582	25.676
11.97	12.00	0.003599	25.775
11.97	12.00	0.003615	25.876
11.97	12.00	0.003632	25.976
11.97	12.00	0.003649	26.076
11.97	12.00	0.003665	26.176
11.97	12.00	0.003682	26.276
11.97	12.00	0.003699	26.376
11.97	12.00	0.003715	26.475
11.97	12.00	0.003732	26.576
11.97	12.00	0.003748	26.675
11.97	12.00	0.003765	26.776
11.97	12.00	0.003782	26.876
11.97	12.00	0.003798	26.976
11.97	12.00	0.003815	27.076
11.97	12.00	0.003832	27.176
11.97	12.00	0.003848	27.276
11.97	12.00	0.003865	27.375
11.97	12.00	0.003882	27.476
11.97	12.00	0.003898	27.605
11.97	12.00	0.003915	27.699
11.97	12.00	0.003932	27.804
11.97	12.00	0.003948	27.904
11.97	12.00	0.003965	27.998
11.97	12.00	0.003982	28.103
11.99	12.00	0.003998	28.197
11.99	12.00	0.004015	28.297
11.99	12.00	0.004032	28.401
11.99	12.00	0.004048	28.496
11.99	12.00	0.004065	28.595
11.99	12.00	0.004082	28.700
11.99	12.00	0.004098	28.795
11.99	12.00	0.004115	28.894
11.99	12.00	0.004132	28.999
11.99	12.00	0.004148	29.093
11.99	12.00	0.004165	29.193
11.99	12.00	0.004182	29.297
11.99	12.00	0.004198	29.392
11.99	12.00	0.004215	29.492
11.99	12.00	0.004232	29.597
11.99	12.00	0.004248	29.691
11.99	12.00	0.004265	29.790
11.99	12.00	0.004282	29.895
11.99	12.00	0.004298	29.989
11.99	12.00	0.004315	30.089
11.99	12.00	0.004332	30.194
11.99	12.00	0.004348	30.289
11.97	12.00	0.004365	30.388
11.97	12.00	0.004382	30.493
11.97	12.00	0.004398	30.587
11.97	12.00	0.004415	30.689
11.97	12.00	0.004432	30.791
11.97	12.00	0.004448	30.885
11.97	12.00	0.004465	30.989
11.97	12.00	0.004482	31.089
11.97	12.00	0.004498	31.184
11.99	12.00	0.004515	31.288
11.99	12.00	0.004532	31.388
11.99	12.00	0.004548	31.483
11.99	12.00	0.004565	31.587
11.99	12.00	0.004581	31.686
11.99	12.00	0.004598	31.781
11.99	12.00	0.004615	31.886
11.99	12.00	0.004631	31.985
11.99	12.00	0.004648	32.080
11.99	12.00	0.004665	32.184
11.99	12.00	0.004681	32.279
11.99	12.00	0.004698	32.378
11.99	12.00	0.004715	32.483
11.99	12.00	0.004731	32.578
11.99	12.00	0.004748	32.677
11.99	12.00	0.004765	32.782
11.99	12.00	0.004781	32.877
11.99	12.00	0.004798	32.977
11.99	12.00	0.004815	33.080
11.99	12.00	0.004831	33.177
11.99	12.00	0.004848	33.276
11.99	12.00	0.004865	33.379
11.99	12.00	0.004881	33.477
11.99	12.00	0.004898	33.577
11.99	12.00	0.004915	33.678
11.99	12.00	0.004931	33.776
11.99	12.00	0.004948	33.877
11.99	12.00	0.004965	33.976
11.99	12.00	0.004981	34.077
11.99	12.00	0.004998	34.176
11.99	12.00	0.005015	34.277
11.99	12.00	0.005031	34.377
11.99	12.00	0.005048	34.477
11.99	12.00	0.005065	34.577
11.99	12.00	0.005081	34.676
11.99	12.00	0.005098	34.777
11.99	12.00	0.005115	34.876
11.99	12.00	0.005131	34.977
11.99	12.00	0.005148	35.077
11.99	12.00	0.005165	35.177
12.02	12.00	0.005181	35.277
12.02	12.00	0.005198	35.377
12.02	12.00	0.005215	35.477
12.02	12.00	0.005231	35.576
12.02	12.00	0.005248	35.677
12.02	12.00	0.005265	35.776
12.02	12.00	0.005281	35.877
12.02	12.00	0.005298	35.977
12.02	12.00	0.005315	36.077
11.99	12.00	0.005331	36.177
11.99	12.00	0.005348	36.276
11.99	12.00	0.005365	36.377
11.99	12.00	0.005381	36.476
11.99	12.00	0.005398	36.577
11.99	12.00	0.005414	36.676
11.99	12.00	0.005431	36.777
11.99	12.00	0.005448	36.877
11.99	12.00	0.005464	36.977
11.99	12.00	0.005481	37.078
11.99	12.00	0.005498	37.177
11.99	12.00	0.005514	37.278
11.99	12.00	0.005531	37.377
11.99	12.00	0.005548	37.478
11.99	12.00	0.005564	37.578
11.99	12.00	0.005581	37.678
11.99	12.00	0.005598	37.778
11.99	12.00	0.005614	37.878
11.99	12.00	0.005631	37.978
11.99	12.00	0.005648	38.077
11.99	12.00	0.005664	38.178
11.99	12.00	0.005681	38.277
11.99	12.00	0.005698	38.378
11.99	12.00	0.005714	38.478
11.99	12.00	0.005731	38.606
11.99	12.00	0.005748	38.701
11.99	12.00	0.005764	38.800
11.99	12.00	0.005781	38.905
11.99	12.00	0.005798	38.999
11.99	12.00	0.005814	39.099
11.99	12.00	0.005831	39.203
11.99	12.00	0.005848	39.298
11.99	12.00	0.005864	39.398
11.99	12.00	0.005881	39.502
11.99	12.00	0.005898	39.597
11.99	12.00	0.005914	39.696
11.99	12.00	0.005931	39.801
11.99	12.00	0.005948	39.895
12.02	12.00	0.005964	39.995
12.02	12.00	0.005981	40.100
12.02	12.00	0.005998	40.194
12.02	12.00	0.006014	40.294
12.02	12.00	0.006031	40.398
12.02	12.00	0.006048	40.493
12.02	12.00	0.006064	40.593
12.02	12.00	0.006081	40.697
12.02	12.00	0.006098	40.792
12.02	12.00	0.006114	40.893
11.99	12.00	0.006131	40.996
11.99	12.00	0.006148	41.090
11.99	12.00	0.006164	41.193
11.99	12.00	0.006181	41.294
11.99	12.00	0.006198	41.389
11.99	12.00	0.006214	41.493
11.99	12.00	0.006231	41.593
11.99	12.00	0.006247	41.688
11.99	12.00	0.006264	41.792
11.99	12.00	0.006281	41.892
11.99	12.00	0.006297	41.987
11.99	12.00	0.006314	42.091
11.99	12.00	0.006331	42.191
11.99	12.00	0.006347	42.285
11.99	12.00	0.006364	42.390
11.99	12.00	0.006381	42.485
11.99	12.00	0.006397	42.584
11.99	12.00	0.006414	42.689
11.99	12.00	0.006431	42.783
11.99	12.00	0.006447	42.883
11.99	12.00	0.006464	42.987
11.99	12.00	0.006481	43.082
11.99	12.00	0.006497	43.182
11.99	12.00	0.006514	43.286
11.99	12.00	0.006531	43.381
11.99	12.00	0.006547	43.480
11.99	12.00	0.006564	43.585
11.99	12.00	0.006581	43.679
11.99	12.00	0.006597	43.779
11.99	12.00	0.006614	43.883
11.99	12.00	0.006631	43.978
11.99	12.00	0.006647	44.078
11.99	12.00	0.006664	44.181
11.99	12.00	0.006681	44.278
11.99	12.00	0.006697	44.377
11.99	12.00	0.006714	44.480
12.02	12.00	0.006731	44.577
12.02	12.00	0.006747	44.678
12.02	12.00	0.006764	44.780
12.02	12.00	0.006781	44.878
12.02	12.00	0.006797	44.979
12.02	12.00	0.006814	45.079
12.02	12.00	0.006831	45.179
12.02	12.00	0.006847	45.278
12.02	12.00	0.006864	45.379
12.02	12.00	0.006881	45.478
12.02	12.00	0.006897	45.579
12.02	12.00	0.006914	45.679
11.99	12.00	0.006931	45.779
11.99	12.00	0.006947	45.879
11.99	12.00	0.006964	45.979
11.99	12.00	0.006981	46.079
11.99	12.00	0.006997	46.178
11.99	12.00	0.007014	46.279
11.99	12.00	0.007031	46.378
11.99	12.00	0.007047	46.479
11.99	12.00	0.007064	46.579
11.99	12.00	0.007080	46.679
11.99	12.00	0.007097	46.779
11.99	12.00	0.007114	46.878
11.99	12.00	0.007130	46.979
11.99	12.00	0.007147	47.078
11.99	12.00	0.007164	47.179
11.99	12.00	0.007180	47.279
11.99	12.00	0.007197	47.379
11.99	12.00	0.007214	47.479
11.99	12.00	0.007230	47.579
11.99	12.00	0.007247	47.679
11.99	12.00	0.007264	47.778
11.99	12.00	0.007280	47.879
11.99	12.00	0.007297	47.978
11.99	12.00	0.007314	48.079
11.99	12.00	0.007330	48.179
11.99	12.00	0.007347	48.279
11.99	12.00	0.007364	48.379
11.99	12.00	0.007380	48.479
11.99	12.00	0.007397	48.579
11.99	12.00	0.007414	48.678
11.99	12.00	0.007430	48.779
11.99	12.00	0.007447	48.878
11.99	12.00	0.007464	48.979
12.02	12.00	0.007480	49.079
12.02	12.00	0.007497	49.179
12.02	12.00	0.007514	49.279
12.02	12.00	0.007530	49.378
12.02	12.00	0.007547	49.479
12.02	12.00	0.007564	49.578
12.02	12.00	0.007580	49.708
12.02	12.00	0.007597	49.802
12.02	12.00	0.007614	49.902
12.02	12.00	0.007630	50.007
12.02	12.00	0.007647	50.101
12.02	12.00	0.007664	50.201
12.02	12.00	0.007680	50.305
11.99	12.00	0.007697	50.400
11.99	12.00	0.007714	50.499
11.99	12.00	0.007730	50.604
11.99	12.00	0.007747	50.698
11.99	12.00	0.007764	50.798
11.99	12.00	0.007780	50.903
11.99	12.00	0.007797	50.997
11.99	12.00	0.007814	51.098
11.99	12.00	0.007830	51.201
11.99	12.00	0.007847	51.296
11.99	12.00	0.007864	51.398
11.99	12.00	0.007880	51.500
11.99	12.00	0.007897	51.594
11.99	12.00	0.007913	51.698
11.99	12.00	0.007930	51.798
11.99	12.00	0.007947	51.892
11.99	12.00	0.007963	51.998
11.99	12.00	0.007980	52.096
11.99	12.00	0.007997	52.192
11.99	12.00	0.008013	52.296
11.99	12.00	0.008030	52.395
11.99	12.00	0.008047	52.490
11.99	12.00	0.008063	52.594
11.99	12.00	0.008080	52.694
11.99	12.00	0.008097	52.788
11.99	12.00	0.008113	52.893
11.99	12.00	0.008130	52.988
11.99	12.00	0.008147	53.087
11.99	12.00	0.008163	53.191
11.99	12.00	0.008180	53.286
11.99	12.00	0.008197	53.386
11.99	12.00	0.008213	53.490
12.02	12.00	0.008230	53.586
12.02	12.00	0.008247	53.685
12.02	12.00	0.008263	53.790
12.02	12.00	0.008280	53.884
12.02	12.00	0.008297	53.984
12.02	12.00	0.008313	54.089
12.02	12.00	0.008330	54.183
12.02	12.00	0.008347	54.282
12.02	12.00	0.008363	54.387
12.02	12.00	0.008380	54.482
12.02	12.00	0.008397	54.581
11.99	12.00	0.008413	54.686
11.99	12.00	0.008430	54.780
11.99	12.00	0.008447	54.880
11.99	12.00	0.008463	54.984
11.99	12.00	0.008480	55.080
11.99	12.00	0.008497	55.180
11.99	12.00	0.008513	55.282
11.99	12.00	0.008530	55.380
11.99	12.00	0.008547	55.479
11.99	12.00	0.008563	55.581
11.99	12.00	0.008580	55.680
11.99	12.00	0.008597	55.780
11.99	12.00	0.008613	55.880
11.99	12.00	0.008630	55.979
11.99	12.00	0.008647	56.080
11.99	12.00	0.008663	56.179
11.99	12.00	0.008680	56.280
11.99	12.00	0.008697	56.380
11.99	12.00	0.008713	56.480
11.99	12.00	0.008730	56.580
11.99	12.00	0.008746	56.680
11.99	12.00	0.008763	56.780
11.99	12.00	0.008780	56.879
11.99	12.00	0.008796	56.980
11.99	12.00	0.008813	57.079
11.99	12.00	0.008830	57.180
11.99	12.00	0.008846	57.280
11.99	12.00	0.008863	57.380
11.99	12.00	0.008880	57.480
11.99	12.00	0.008896	57.579
11.99	12.00	0.008913	57.680
11.99	12.00	0.008930	57.779
11.99	12.00	0.008946	57.880
12.02	12.00	0.008963	57.979
12.02	12.00	0.008980	58.080
12.02	12.00	0.008996	58.180
12.02	12.00	0.009013	58.280
12.02	12.00	0.009030	58.380
12.02	12.00	0.009046	58.479
12.02	12.00	0.009063	58.580
12.02	12.00	0.009080	58.679
12.02	12.00	0.009096	58.780
12.02	12.00	0.009113	58.881
12.02	12.00	0.009130	58.981
12.02	12.00	0.009146	59.081
11.99	12.00	0.009163	59.181
11.99	12.00	0.009180	59.281
11.99	12.00	0.009196	59.380
11.99	12.00	0.009213	59.481
11.99	12.00	0.009230	59.580
11.99	12.00	0.009246	59.681
11.99	12.00	0.009263	59.781
11.99	12.00	0.009280	59.881
11.99	12.00	0.009296	59.981
11.99	12.00	0.009313	00.080
11.99	12.00	0.009330	00.181
11.99	12.00	0.009346	00.280
11.99	12.00	0.009363	00.381
11.99	12.00	0.009380	00.481
11.99	12.00	0.009396	00.604
11.99	12.00	0.009413	00.704
11.99	12.00	0.009430	00.808
11.99	12.00	0.009446	00.903
11.99	12.00	0.009463	01.002
11.99	12.00	0.009480	01.107
11.99	12.00	0.009496	01.201
11.99	12.00	0.009513	01.303
11.99	12.00	0.009530	01.405
11.99	12.00	0.009546	01.500
11.99	12.00	0.009563	01.603
11.99	12.00	0.009579	01.704
11.99	12.00	0.009596	01.799
11.99	12.00	0.009613	01.902
11.99	12.00	0.009629	02.003
11.99	12.00	0.009646	02.097
11.99	12.00	0.009663	02.202
12.02	12.00	0.009679	02.302
12.02	12.00	0.009696	02.396
12.02	12.00	0.009713	02.501
12.02	12.00	0.009729	02.600
12.02	12.00	0.009746	02.695
12.02	12.00	0.009763	02.799
12.02	12.00	0.009779	02.899
12.02	12.00	0.009796	02.993
12.02	12.00	0.009813	03.099
12.02	12.00	0.009829	03.193
12.02	12.00	0.009846	03.292
12.02	12.00	0.009863	03.398
12.02	12.00	0.009879	03.491
11.99	12.00	0.009896	03.591
11.99	12.00	0.009913	03.695
11.99	12.00	0.009929	03.790
11.99	12.00	0.009946	03.890
11.99	12.00	0.009963	03.994
11.99	12.00	0.009979	04.089
11.99	12.00	0.009996	04.188
11.99	12.00	0.010013	04.293
11.99	12.00	0.010029	04.387
11.99	12.00	0.010046	04.487
11.99	12.00	0.010063	04.591
11.99	12.00	0.010079	04.686
11.99	12.00	0.010096	04.786
11.99	12.00	0.010113	04.890
11.99	12.00	0.010129	04.985
11.99	12.00	0.010146	05.084
11.99	12.00	0.010163	05.189
11.99	12.00	0.010179	05.283
11.99	12.00	0.010196	05.384
11.99	12.00	0.010213	05.487
11.99	12.00	0.010229	05.582
11.99	12.00	0.010246	05.685
11.99	12.00	0.010263	05.786
11.99	12.00	0.010279	05.881
11.99	12.00	0.010296	05.984
11.99	12.00	0.010313	06.085
11.99	12.00	0.010329	06.180
11.99	12.00	0.010346	06.284
11.99	12.00	0.010363	06.384
11.99	12.00	0.010379	06.481
11.99	12.00	0.010396	06.583
12.02	12.00	0.010412	06.682
12.02	12.00	0.010429	06.781
12.02	12.00	0.010446	06.881
12.02	12.00	0.010462	06.981
12.02	12.00	0.010479	07.080
12.02	12.00	0.010496	07.181
12.02	12.00	0.010512	07.281
12.02	12.00	0.010529	07.381
12.02	12.00	0.010546	07.481
12.02	12.00	0.010562	07.581
12.02	12.00	0.010579	07.681
12.02	12.00	0.010596	07.780
11.99	12.00	0.010612	07.881
11.99	12.00	0.010629	07.982
11.99	12.00	0.010646	08.082
11.99	12.00	0.010662	08.182
11.99	12.00	0.010679	08.282
11.99	12.00	0.010696	08.382
11.99	12.00	0.010712	08.481
11.99	12.00	0.010729	08.582
11.99	12.00	0.010746	08.681
11.99	12.00	0.010762	08.782
11.99	12.00	0.010779	08.882
11.99	12.00	0.010796	08.982
11.99	12.00	0.010812	09.082
11.99	12.00	0.010829	09.182
11.99	12.00	0.010846	09.282
11.99	12.00	0.010862	09.381
11.99	12.00	0.010879	09.482
11.99	12.00	0.010896	09.581
11.99	12.00	0.010912	09.682
11.99	12.00	0.010929	09.782
11.99	12.00	0.010946	09.882
11.99	12.00	0.010962	09.982
11.99	12.00	0.010979	10.081
11.99	12.00	0.010996	10.182
11.99	12.00	0.011012	10.282
11.99	12.00	0.011029	10.382
11.99	12.00	0.011046	10.482
12.02	12.00	0.011062	10.582
12.02	12.00	0.011079	10.682
12.02	12.00	0.011096	10.782
12.02	12.00	0.011112	10.883
12.02	12.00	0.011129	10.981
12.02	12.00	0.011146	11.082
12.02	12.00	0.011162	11.182
12.02	12.00	0.011179	11.282
12.02	12.00	0.011196	11.382
12.02	12.00	0.011212	11.483
12.02	12.00	0.011229	11.611
12.02	12.00	0.011245	11.681
11.99	12.00	0.011262	11.783
11.99	12.00	0.011279	11.909
11.99	12.00	0.011295	12.004
11.99	12.00	0.011312	12.083
11.99	12.00	0.011329	12.208
11.99	12.00	0.011345	12.303
11.99	12.00	0.011362	12.407
11.99	12.00	0.011379	12.507
11.99	12.00	0.011395	12.601
11.99	12.00	0.011412	12.706
11.99	12.00	0.011429	12.805
11.99	12.00	0.011445	12.900
11.99	12.00	0.011462	13.004
11.99	12.00	0.011479	13.104
11.99	12.00	0.011495	13.199
11.99	12.00	0.011512	13.303
11.99	12.00	0.011529	13.398
11.99	12.00	0.011545	13.497
11.99	12.00	0.011562	13.602
11.99	12.00	0.011579	13.696
11.99	12.00	0.011595	13.796
11.99	12.00	0.011612	13.901
11.99	12.00	0.011629	13.995
11.99	12.00	0.011645	14.095
11.99	12.00	0.011662	14.199
11.99	12.00	0.011679	14.294
11.99	12.00	0.011695	14.393
11.99	12.00	0.011712	14.498
11.99	12.00	0.011729	14.592
11.99	12.00	0.011745	14.692
11.99	12.00	0.011762	14.797
11.99	12.00	0.011779	14.891
12.02	12.00	0.011795	14.991
12.02	12.00	0.011812	15.096
12.02	12.00	0.011829	15.190
12.02	12.00	0.011845	15.290
12.02	12.00	0.011862	15.394
12.02	12.00	0.011879	15.489
12.02	12.00	0.011895	15.590
12.02	12.00	0.011912	15.693
12.02	12.00	0.011929	15.788
12.02	12.00	0.011945	15.889
12.02	12.00	0.011962	15.991
11.99	12.00	0.011979	16.086
11.99	12.00	0.011995	16.190
11.99	12.00	0.012012	16.290
11.99	12.00	0.012029	16.385
11.99	12.00	0.012045	16.489
11.99	12.00	0.012062	16.589
11.99	12.00	0.012078	16.683
11.99	12.00	0.012095	16.788
11.99	12.00	0.012112	16.887
11.99	12.00	0.012128	16.982
11.99	12.00	0.012145	17.087
11.99	12.00	0.012162	17.186
11.99	12.00	0.012178	17.282
11.99	12.00	0.012195	17.385
11.99	12.00	0.012212	17.486
11.99	12.00	0.012228	17.581
11.99	12.00	0.012245	17.684
11.99	12.00	0.012262	17.785
11.99	12.00	0.012278	17.882
11.99	12.00	0.012295	17.983
11.99	12.00	0.012312	18.086
11.99	12.00	0.012328	18.182
11.99	12.00	0.012345	18.281
12.02	12.00	0.012362	18.386
12.02	12.00	0.012378	18.481
12.02	12.00	0.012395	18.582
12.02	12.00	0.012412	18.687
12.02	12.00	0.012428	18.782
12.02	12.00	0.012445	18.882
12.02	12.00	0.012462	18.986
12.02	12.00	0.012478	19.082
12.02	12.00	0.012495	19.181
12.02	12.00	0.012512	19.287
11.99	12.00	0.012528	19.381
11.99	12.00	0.012545	19.482
11.99	12.00	0.012562	19.582
11.99	12.00	0.012578	19.682
11.99	12.00	0.012595	19.782
11.99	12.00	0.012612	19.881
11.99	12.00	0.012628	19.982
11.99	12.00	0.012645	20.081
11.99	12.00	0.012662	20.182
11.99	12.00	0.012678	20.282
11.99	12.00	0.012695	20.382
11.99	12.00	0.012712	20.482
11.99	12.00	0.012728	20.582
11.99	12.00	0.012745	20.682
11.99	12.00	0.012762	20.781
11.99	12.00	0.012778	20.882
11.99	12.00	0.012795	20.981
11.99	12.00	0.012812	21.082
11.99	12.00	0.012828	21.182
11.99	12.00	0.012845	21.282
11.99	12.00	0.012862	21.382
11.99	12.00	0.012878	21.482
11.99	12.00	0.012895	21.582
11.99	12.00	0.012911	21.681
11.99	12.00	0.012928	21.782
11.99	12.00	0.012945	21.881
11.99	12.00	0.012961	21.982
11.99	12.00	0.012978	22.082
11.99	12.00	0.012995	22.182
12.02	12.00	0.013011	22.282
12.02	12.00	0.013028	22.381
12.02	12.00	0.013045	22.482
12.02	12.00	0.013061	22.581
12.02	12.00	0.013078	22.682
12.02	12.00	0.013095	22.781
12.02	12.00	0.013111	22.911
12.02	12.00	0.013128	23.011
12.02	12.00	0.013145	23.105
12.02	12.00	0.013161	23.210
11.99	12.00	0.013178	23.309
11.99	12.00	0.013195	23.404
11.99	12.00	0.013211	23.508
11.99	12.00	0.013228	23.603
11.99	12.00	0.013245	23.702
11.99	12.00	0.013261	23.807
11.99	12.00	0.013278	23.902
11.99	12.00	0.013295	24.001
11.99	12.00	0.013311	24.106
11.99	12.00	0.013328	24.200
11.99	12.00	0.013345	24.300
11.99	12.00	0.013361	24.404
11.99	12.00	0.013378	24.499
11.99	12.00	0.013395	24.599
11.99	12.00	0.013411	24.703
11.99	12.00	0.013428	24.798
11.99	12.00	0.013445	24.897
11.99	12.00	0.013461	25.002
11.99	12.00	0.013478	25.096
11.99	12.00	0.013495	25.196
11.99	12.00	0.013511	25.300
11.99	12.00	0.013528	25.395
11.99	12.00	0.013545	25.495
11.99	12.00	0.013561	25.599
11.99	12.00	0.013578	25.694
11.99	12.00	0.013595	25.793
11.99	12.00	0.013611	25.898
11.99	12.00	0.013628	25.992
12.02	12.00	0.013645	26.094
12.02	12.00	0.013661	26.197
12.02	12.00	0.013678	26.291
12.02	12.00	0.013695	26.394
12.02	12.00	0.013711	26.495
12.02	12.00	0.013728	26.590
12.02	12.00	0.013744	26.694
12.02	12.00	0.013761	26.794
12.02	12.00	0.013778	26.888
12.02	12.00	0.013794	26.993
12.02	12.00	0.013811	27.093
11.99	12.00	0.013828	27.187
11.99	12.00	0.013844	27.292
11.99	12.00	0.013861	27.391
11.99	12.00	0.013878	27.486
11.99	12.00	0.013894	27.590
11.99	12.00	0.013911	27.685
11.99	12.00	0.013928	27.785
11.99	12.00	0.013944	27.889
11.99	12.00	0.013961	27.984
11.99	12.00	0.013978	28.083
11.99	12.00	0.013994	28.188
11.99	12.00	0.014011	28.282
11.99	12.00	0.014028	28.382
11.99	12.00	0.014044	28.485
11.99	12.00	0.014061	28.582
11.99	12.00	0.014078	28.682
11.99	12.00	0.014094	28.785
11.99	12.00	0.014111	28.882
11.99	12.00	0.014128	28.981
11.99	12.00	0.014144	29.083
11.99	12.00	0.014161	29.181
11.99	12.00	0.014178	29.282
11.99	12.00	0.014194	29.382
11.99	12.00	0.014211	29.482
12.02	12.00	0.014228	29.582
12.02	12.00	0.014244	29.682
12.02	12.00	0.014261	29.782
12.02	12.00	0.014278	29.881
12.02	12.00	0.014294	29.982
12.02	12.00	0.014311	30.081
12.02	12.00	0.014328	30.182
12.02	12.00	0.014344	30.282
12.02	12.00	0.014361	30.382
12.02	12.00	0.014378	30.482
12.02	12.00	0.014394	30.581
12.02	12.00	0.014411	30.681
11.99	12.00	0.014428	30.782
11.99	12.00	0.014444	30.881
11.99	12.00	0.014461	30.982
11.99	12.00	0.014478	31.082
11.99	12.00	0.014494	31.182
11.99	12.00	0.014511	31.282
11.99	12.00	0.014528	31.381
11.99	12.00	0.014544	31.482
11.99	12.00	0.014561	31.581
11.99	12.00	0.014577	31.681
11.99	12.00	0.014594	31.782
11.99	12.00	0.014611	31.882
11.99	12.00	0.014627	31.982
11.99	12.00	0.014644	32.082
11.99	12.00	0.014661	32.182
11.99	12.00	0.014677	32.281
11.99	12.00	0.014694	32.382
11.99	12.00	0.014711	32.481
11.99	12.00	0.014727	32.582
11.99	12.00	0.014744	32.682
11.99	12.00	0.014761	32.782
11.99	12.00	0.014777	32.882
11.99	12.00	0.014794	32.982
11.99	12.00	0.014811	33.082
11.99	12.00	0.014827	33.181
11.99	12.00	0.014844	33.282
11.99	12.00	0.014861	33.381
11.99	12.00	0.014877	33.482
11.99	12.00	0.014894	33.582
11.99	12.00	0.014911	33.682
11.99	12.00	0.014927	33.782
11.99	12.00	0.014944	33.881
11.99	12.00	0.014961	33.982
11.99	12.00	0.014977	34.081
12.02	12.00	0.014994	34.181
12.02	12.00	0.015011	34.310
12.02	12.00	0.015027	34.405
12.02	12.00	0.015044	34.505
12.02	12.00	0.015061	34.609
12.02	12.00	0.015077	34.704
12.02	12.00	0.015094	34.803
12.02	12.00	0.015111	34.908
12.02	12.00	0.015127	35.002
12.02	12.00	0.015144	35.102
11.99	12.00	0.015161	35.206
11.99	12.00	0.015177	35.301
11.99	12.00	0.015194	35.401
11.99	12.00	0.015211	35.505
11.99	12.00	0.015227	35.600
11.99	12.00	0.015244	35.699
11.99	12.00	0.015261	35.804
11.99	12.00	0.015277	35.898
11.99	12.00	0.015294	35.998
11.99	12.00	0.015311	36.103
11.99	12.00	0.015327	36.197
11.99	12.00	0.015344	36.299
11.99	12.00	0.015361	36.401
11.99	12.00	0.015377	36.496
11.99	12.00	0.015394	36.598
11.99	12.00	0.015410	36.700
11.99	12.00	0.015427	36.794
11.99	12.00	0.015444	36.899
11.99	12.00	0.015460	36.999
11.99	12.00	0.015477	37.093
11.99	12.00	0.015494	37.198
11.99	12.00	0.015510	37.297
11.99	12.00	0.015527	37.392
11.99	12.00	0.015544	37.496
12.02	12.00	0.015560	37.596
12.02	12.00	0.015577	37.691
12.02	12.00	0.015594	37.795
12.02	12.00	0.015610	37.890
12.02	12.00	0.015627	37.989
12.02	12.00	0.015644	38.094
12.02	12.00	0.015660	38.188
12.02	12.00	0.015677	38.288
12.02	12.00	0.015694	38.392
12.02	12.00	0.015710	38.487
12.02	12.00	0.015727	38.587
12.02	12.00	0.015744	38.691
11.99	12.00	0.015760	38.786
11.99	12.00	0.015777	38.885
11.99	12.00	0.015794	38.990
11.99	12.00	0.015810	39.085
11.99	12.00	0.015827	39.184
11.99	12.00	0.015844	39.288
11.99	12.00	0.015860	39.385
11.99	12.00	0.015877	39.485
11.99	12.00	0.015894	39.587
11.99	12.00	0.015910	39.684
11.99	12.00	0.015927	39.785
11.99	12.00	0.015944	39.885
11.99	12.00	0.015960	39.985
11.99	12.00	0.015977	40.085
11.99	12.00	0.015994	40.185
11.99	12.00	0.016010	40.285
11.99	12.00	0.016027	40.385
11.99	12.00	0.016044	40.485
11.99	12.00	0.016060	40.584
11.99	12.00	0.016077	40.685
11.99	12.00	0.016094	40.784
11.99	12.00	0.016110	40.885
11.99	12.00	0.016127	40.985
11.99	12.00	0.016144	41.085
11.99	12.00	0.016160	41.185
11.99	12.00	0.016177	41.285
11.99	12.00	0.016194	41.385
11.99	12.00	0.016210	41.484
12.02	12.00	0.016227	41.585
12.02	12.00	0.016244	41.684
12.02	12.00	0.016260	41.785
12.02	12.00	0.016277	41.885
12.02	12.00	0.016293	41.985
12.02	12.00	0.016310	42.085
12.02	12.00	0.016327	42.185
12.02	12.00	0.016343	42.286
12.02	12.00	0.016360	42.385
12.02	12.00	0.016377	42.486
12.02	12.00	0.016393	42.586
11.99	12.00	0.016410	42.686
11.99	12.00	0.016427	42.786
11.99	12.00	0.016443	42.886
11.99	12.00	0.016460	42.986
11.99	12.00	0.016477	43.085
11.99	12.00	0.016493	43.186
11.99	12.00	0.016510	43.287
11.99	12.00	0.016527	43.387
11.99	12.00	0.016543	43.487
11.99	12.00	0.016560	43.587
11.99	12.00	0.016577	43.687
11.99	12.00	0.016593	43.787
11.99	12.00	0.016610	43.886
11.99	12.00	0.016627	43.986
11.99	12.00	0.016643	44.087
11.99	12.00	0.016660	44.188
11.99	12.00	0.016677	44.311
11.99	12.00	0.016693	44.411
11.99	12.00	0.016710	44.515
11.99	12.00	0.016727	44.610
11.99	12.00	0.016743	44.709
11.99	12.00	0.016760	44.814
11.99	12.00	0.016777	44.908
12.02	12.00	0.016793	45.008
12.02	12.00	0.016810	45.113
12.02	12.00	0.016827	45.207
12.02	12.00	0.016843	45.307
12.02	12.00	0.016860	45.411
12.02	12.00	0.016877	45.506
12.02	12.00	0.016893	45.605
12.02	12.00	0.016910	45.710
12.02	12.00	0.016927	45.804
12.02	12.00	0.016943	45.904
12.02	12.00	0.016960	46.009
12.02	12.00	0.016977	46.103
11.99	12.00	0.016993	46.203
11.99	12.00	0.017010	46.307
11.99	12.00	0.017027	46.402
11.99	12.00	0.017043	46.503
11.99	12.00	0.017060	46.606
11.99	12.00	0.017077	46.701
11.99	12.00	0.017093	46.803
11.99	12.00	0.017110	46.905
11.99	12.00	0.017126	46.999
11.99	12.00	0.017143	47.104
11.99	12.00	0.017160	47.203
11.99	12.00	0.017176	47.298
11.99	12.00	0.017193	47.402
11.99	12.00	0.017210	47.502
11.99	12.00	0.017226	47.597
11.99	12.00	0.017243	47.701
11.99	12.00	0.017260	47.801
11.99	12.00	0.017276	47.895
11.99	12.00	0.017293	48.000
11.99	12.00	0.017310	48.094
11.99	12.00	0.017326	48.194
11.99	12.00	0.017343	48.299
11.99	12.00	0.017360	48.393
11.99	12.00	0.017376	48.493
11.99	12.00	0.017393	48.597
11.99	12.00	0.017410	48.692
11.99	12.00	0.017426	48.791
12.02	12.00	0.017443	48.896
12.02	12.00	0.017460	48.990
12.02	12.00	0.017476	49.091
12.02	12.00	0.017493	49.195
12.02	12.00	0.017510	49.291
12.02	12.00	0.017526	49.391
12.02	12.00	0.017543	49.493
12.02	12.00	0.017560	49.591
12.02	12.00	0.017576	49.690
11.99	12.00	0.017593	49.792
11.99	12.00	0.017610	49.891
11.99	12.00	0.017626	49.991
11.99	12.00	0.017643	50.091
11.99	12.00	0.017660	50.191
11.99	12.00	0.017676	50.291
11.99	12.00	0.017693	50.390
11.99	12.00	0.017710	50.491
11.99	12.00	0.017726	50.590
11.99	12.00	0.017743	50.691
11.99	12.00	0.017760	50.791
11.99	12.00	0.017776	50.891
11.99	12.00	0.017793	50.991
11.99	12.00	0.017810	51.091
11.99	12.00	0.017826	51.191
11.99	12.00	0.017843	51.290
11.99	12.00	0.017860	51.391
11.99	12.00	0.017876	51.490
11.99	12.00	0.017893	51.591
11.99	12.00	0.017910	51.691
11.99	12.00	0.017926	51.791
11.99	12.00	0.017943	51.891
12.02	12.00	0.017959	51.990
12.02	12.00	0.017976	52.091
12.02	12.00	0.017993	52.190
12.02	12.00	0.018009	52.291
12.02	12.00	0.018026	52.391
12.02	12.00	0.018043	52.491
12.02	12.00	0.018059	52.591
12.02	12.00	0.018076	52.691
12.02	12.00	0.018093	52.791
12.02	12.00	0.018109	52.890
12.02	12.00	0.018126	52.991
11.99	12.00	0.018143	53.091
11.99	12.00	0.018159	53.190
11.99	12.00	0.018176	53.291
11.99	12.00	0.018193	53.391
11.99	12.00	0.018209	53.491
11.99	12.00	0.018226	53.592
11.99	12.00	0.018243	53.691
11.99	12.00	0.018259	53.792
11.99	12.00	0.018276	53.891
11.99	12.00	0.018293	53.992
11.99	12.00	0.018309	54.092
11.99	12.00	0.018326	54.192
11.99	12.00	0.018343	54.292
11.99	12.00	0.018359	54.392
11.99	12.00	0.018376	54.492
11.99	12.00	0.018393	54.591
11.99	12.00	0.018409	54.721
11.99	12.00	0.018426	54.815
11.99	12.00	0.018443	54.914
11.99	12.00	0.018459	55.019
11.99	12.00	0.018476	55.114
11.99	12.00	0.018493	55.213
11.99	12.00	0.018509	55.318
11.99	12.00	0.018526	55.412
11.99	12.00	0.018543	55.512
11.99	12.00	0.018559	55.616
11.99	12.00	0.018576	55.711
11.99	12.00	0.018593	55.810
11.99	12.00	0.018609	55.915
11.99	12.00	0.018626	56.010
12.02	12.00	0.018643	56.109
12.02	12.00	0.018659	56.214
12.02	12.00	0.018676	56.308
12.02	12.00	0.018693	56.408
12.02	12.00	0.018709	56.513
12.02	12.00	0.018726	56.606
12.02	12.00	0.018743	56.708
12.02	12.00	0.018759	56.811
12.02	12.00	0.018776	56.906
12.02	12.00	0.018792	57.008
12.02	12.00	0.018809	57.109
12.02	12.00	0.018826	57.204
11.99	12.00	0.018842	57.308
11.99	12.00	0.018859	57.408
11.99	12.00	0.018876	57.503
11.99	12.00	0.018892	57.608
11.99	12.00	0.018909	57.707
11.99	12.00	0.018926	57.802
11.99	12.00	0.018942	57.906
11.99	12.00	0.018959	58.006
11.99	12.00	0.018976	58.100
11.99	12.00	0.018992	58.205
11.99	12.00	0.019009	58.305
11.99	12.00	0.019026	58.399
11.99	12.00	0.019042	58.504
11.99	12.00	0.019059	58.598
11.99	12.00	0.019076	58.698
11.99	12.00	0.019092	58.802
11.99	12.00	0.019109	58.897
11.99	12.00	0.019126	58.996
11.99	12.00	0.019142	59.101
11.99	12.00	0.019159	59.196
11.99	12.00	0.019176	59.295
11.99	12.00	0.019192	59.400
11.99	12.00	0.019209	59.494
11.99	12.00	0.019226	59.594
11.99	12.00	0.019242	59.698
11.99	12.00	0.019259	59.793
11.99	12.00	0.019276	59.893
11.99	12.00	0.019292	59.997
11.99	12.00	0.019309	00.092
11.99	12.00	0.019326	00.192
11.99	12.00	0.019342	00.296
12.02	12.00	0.019359	00.391
12.02	12.00	0.019376	00.492
12.02	12.00	0.019392	00.594
12.02	12.00	0.019409	00.692
12.02	12.00	0.019426	00.792
12.02	12.00	0.019442	00.893
12.02	12.00	0.019459	00.992
12.02	12.00	0.019476	01.092
12.02	12.00	0.019492	01.192
12.02	12.00	0.019509	01.291
12.02	12.00	0.019526	01.392
12.02	12.00	0.019542	01.491
12.02	12.00	0.019559	01.592
11.99	12.00	0.019576	01.692
11.99	12.00	0.019592	01.792
11.99	12.00	0.019609	01.892
11.99	12.00	0.019625	01.992
11.99	12.00	0.019642	02.091
11.99	12.00	0.019659	02.192
11.99	12.00	0.019675	02.292
11.99	12.00	0.019692	02.392
11.99	12.00	0.019709	02.492
11.99	12.00	0.019725	02.592
11.99	12.00	0.019742	02.692
11.99	12.00	0.019759	02.792
11.99	12.00	0.019775	02.891
11.99	12.00	0.019792	02.992
11.99	12.00	0.019809	03.091
11.99	12.00	0.019825	03.192
11.99	12.00	0.019842	03.292
11.99	12.00	0.019859	03.392
11.99	12.00	0.019875	03.492
11.99	12.00	0.019892	03.592
11.99	12.00	0.019909	03.692
11.99	12.00	0.019925	03.792
11.99	12.00	0.019942	03.891
11.99	12.00	0.019959	03.993
11.99	12.00	0.019975	04.093
11.99	12.00	0.019992	04.193
11.99	12.00	0.020009	04.293
11.99	12.00	0.020025	04.393
12.02	12.00	0.020042	04.493
12.02	12.00	0.020059	04.592
12.02	12.00	0.020075	04.693
12.02	12.00	0.020092	04.792
12.02	12.00	0.020109	04.893
12.02	12.00	0.020125	04.993
12.02	12.00	0.020142	05.093
12.02	12.00	0.020159	05.193
12.02	12.00	0.020175	05.292
12.02	12.00	0.020192	05.393
12.02	12.00	0.020209	05.492
12.02	12.00	0.020225	05.593
11.99	12.00	0.020242	05.692
11.99	12.00	0.020259	05.821
11.99	12.00	0.020275	05.916
11.99	12.00	0.020292	06.015
11.99	12.00	0.020309	06.120
11.99	12.00	0.020325	06.214
11.99	12.00	0.020342	06.314
11.99	12.00	0.020359	06.418
11.99	12.00	0.020375	06.513
11.99	12.00	0.020392	06.612
11.99	12.00	0.020409	06.717
11.99	12.00	0.020425	06.812
11.99	12.00	0.020442	06.912
11.99	12.00	0.020458	07.016
11.99	12.00	0.020475	07.110
11.99	12.00	0.020492	07.213
11.99	12.00	0.020508	07.314
11.99	12.00	0.020525	07.409
11.99	12.00	0.020542	07.512
11.99	12.00	0.020558	07.613
11.99	12.00	0.020575	07.708
11.99	12.00	0.020592	07.812
11.99	12.00	0.020608	07.912
11.99	12.00	0.020625	08.007
11.99	12.00	0.020642	08.111
11.99	12.00	0.020658	08.211
12.02	12.00	0.020675	08.306
12.02	12.00	0.020692	08.410
12.02	12.00	0.020708	08.510
12.02	12.00	0.020725	08.604
12.02	12.00	0.020742	08.709
12.02	12.00	0.020758	08.803
12.02	12.00	0.020775	08.902
12.02	12.00	0.020792	09.007
12.02	12.00	0.020808	09.102
12.02	12.00	0.020825	09.201
12.02	12.00	0.020842	09.306
12.02	12.00	0.020858	09.400
12.02	12.00	0.020875	09.500
12.02	12.00	0.020892	09.604
11.99	12.00	0.020908	09.699
11.99	12.00	0.020925	09.798
11.99	12.00	0.020942	09.903
11.99	12.00	0.020958	09.998
11.99	12.00	0.020975	10.097
11.99	12.00	0.020992	10.202
11.99	12.00	0.021008	10.296
11.99	12.00	0.021025	10.396
11.99	12.00	0.021042	10.500
11.99	12.00	0.021058	10.595
11.99	12.00	0.021075	10.695
11.99	12.00	0.021092	10.799
11.99	12.00	0.021108	10.894
11.99	12.00	0.021125	10.994
11.99	12.00	0.021142	11.098
11.99	12.00	0.021158	11.193
11.99	12.00	0.021175	11.294
11.99	12.00	0.021192	11.396
11.99	12.00	0.021208	11.494
11.99	12.00	0.021225	11.595
11.99	12.00	0.021242	11.695
11.99	12.00	0.021258	11.794
11.99	12.00	0.021275	11.894
11.99	12.00	0.021291	11.994
11.99	12.00	0.021308	12.093
11.99	12.00	0.021325	12.194
11.99	12.00	0.021341	12.294
11.99	12.00	0.021358	12.394
11.99	12.00	0.021375	12.494
11.99	12.00	0.021391	12.594
11.99	12.00	0.021408	12.694
11.99	12.00	0.021425	12.793
11.99	12.00	0.021441	12.894
12.02	12.00	0.021458	12.993
12.02	12.00	0.021475	13.094
12.02	12.00	0.021491	13.194
12.02	12.00	0.021508	13.294
12.02	12.00	0.021525	13.394
12.02	12.00	0.021541	13.493
12.02	12.00	0.021558	13.594
12.02	12.00	0.021575	13.693
12.02	12.00	0.021591	13.794
12.02	12.00	0.021608	13.894
12.02	12.00	0.021625	13.994
12.02	12.00	0.021641	14.094
12.02	12.00	0.021658	14.194
12.02	12.00	0.021675	14.294
11.99	12.00	0.021691	14.393
11.99	12.00	0.021708	14.494
11.99	12.00	0.021725	14.593
11.99	12.00	0.021741	14.694
11.99	12.00	0.021758	14.794
11.99	12.00	0.021775	14.894
11.99	12.00	0.021791	14.994
11.99	12.00	0.021808	15.094
11.99	12.00	0.021825	15.194
11.99	12.00	0.021841	15.293
11.99	12.00	0.021858	15.394
11.99	12.00	0.021875	15.493
11.99	12.00	0.021891	15.594
11.99	12.00	0.021908	15.693
11.99	12.00	0.021925	15.794
11.99	12.00	0.021941	15.894
11.99	12.00	0.021958	15.994
11.99	12.00	0.021975	16.094
11.99	12.00	0.021991	16.193
11.99	12.00	0.022008	16.294
11.99	12.00	0.022025	16.393
11.99	12.00	0.022041	16.494
11.99	12.00	0.022058	16.594
11.99	12.00	0.022075	16.718
11.99	12.00	0.022091	16.818
11.99	12.00	0.022108	16.922
11.99	12.00	0.022124	17.017
12.02	12.00	0.022141	17.117
12.02	12.00	0.022158	17.221
12.02	12.00	0.022174	17.315
12.02	12.00	0.022191	17.417
12.02	12.00	0.022208	17.519
12.02	12.00	0.022224	17.614
12.02	12.00	0.022241	17.718
12.02	12.00	0.022258	17.818
12.02	12.00	0.022274	17.913
12.02	12.00	0.022291	18.017
12.02	12.00	0.022308	18.117
12.02	12.00	0.022324	18.211
12.02	12.00	0.022341	18.316
11.99	12.00	0.022358	18.416
11.99	12.00	0.022374	18.510
11.99	12.00	0.022391	18.615
11.99	12.00	0.022408	18.714
11.99	12.00	0.022424	18.809
11.99	12.00	0.022441	18.913
11.99	12.00	0.022458	19.008
11.99	12.00	0.022474	19.107
11.99	12.00	0.022491	19.212
11.99	12.00	0.022508	19.306
11.99	12.00	0.022524	19.406
11.99	12.00	0.022541	19.510
11.99	12.00	0.022558	19.605
11.99	12.00	0.022574	19.704
11.99	12.00	0.022591	19.809
11.99	12.00	0.022608	19.903
11.99	12.00	0.022624	20.003
11.99	12.00	0.022641	20.108
11.99	12.00	0.022658	20.202
11.99	12.00	0.022674	20.302
11.99	12.00	0.022691	20.406
11.99	12.00	0.022708	20.501
11.99	12.00	0.022724	20.600
11.99	12.00	0.022741	20.705
11.99	12.00	0.022758	20.800
11.99	12.00	0.022774	20.899
11.99	12.00	0.022791	21.004
11.99	12.00	0.022808	21.098
11.99	12.00	0.022824	21.199
12.02	12.00	0.022841	21.302
12.02	12.00	0.022858	21.397
12.02	12.00	0.022874	21.498
12.02	12.00	0.022891	21.601
12.02	12.00	0.022908	21.696
12.02	12.00	0.022924	21.799
12.02	12.00	0.022941	21.900
12.02	12.00	0.022957	21.994
12.02	12.00	0.022974	22.099
12.02	12.00	0.022991	22.198
12.02	12.00	0.023007	22.294
12.02	12.00	0.023024	22.398
11.99	12.00	0.023041	22.497
11.99	12.00	0.023057	22.594
11.99	12.00	0.023074	22.696
11.99	12.00	0.023091	22.796
11.99	12.00	0.023107	22.893
11.99	12.00	0.023124	22.995
11.99	12.00	0.023141	23.095
11.99	12.00	0.023157	23.194
11.99	12.00	0.023174	23.295
11.99	12.00	0.023191	23.395
11.99	12.00	0.023207	23.495
11.99	12.00	0.023224	23.594
11.99	12.00	0.023241	23.696
11.99	12.00	0.023257	23.794
11.99	12.00	0.023274	23.895
11.99	12.00	0.023291	23.996
11.99	12.00	0.023307	24.096
11.99	12.00	0.023324	24.196
11.99	12.00	0.023341	24.296
11.99	12.00	0.023357	24.395
11.99	12.00	0.023374	24.496
11.99	12.00	0.023391	24.595
11.99	12.00	0.023407	24.696
12.02	12.00	0.023424	24.797
12.02	12.00	0.023441	24.897
12.02	12.00	0.023457	24.997
12.02	12.00	0.023474	25.097
12.02	12.00	0.023491	25.197
12.02	12.00	0.023507	25.297
12.02	12.00	0.023524	25.398
12.02	12.00	0.023541	25.497
12.02	12.00	0.023557	25.598
12.02	12.00	0.023574	25.698
12.02	12.00	0.023591	25.798
12.02	12.00	0.023607	25.898
12.02	12.00	0.023624	25.997
11.99	12.00	0.023641	26.098
11.99	12.00	0.023657	26.197
11.99	12.00	0.023674	26.299
11.99	12.00	0.023691	26.398
11.99	12.00	0.023707	26.499
11.99	12.00	0.023724	26.599
11.99	12.00	0.023741	26.699
11.99	12.00	0.023757	26.799
11.99	12.00	0.023774	26.898
11.99	12.00	0.023790	27.023
11.99	12.00	0.023807	27.127
11.99	12.00	0.023824	27.222
11.99	12.00	0.023840	27.321
11.99	12.00	0.023857	27.426
11.99	12.00	0.023874	27.521
11.99	12.00	0.023890	27.622
11.99	12.00	0.023907	27.725
11.99	12.00	0.023924	27.819
11.99	12.00	0.023940	27.922
11.99	12.00	0.023957	28.023
11.99	12.00	0.023974	28.117
11.99	12.00	0.023990	28.222
11.99	12.00	0.024007	28.322
11.99	12.00	0.024024	28.416
11.99	12.00	0.024040	28.521
11.99	12.00	0.024057	28.620
11.99	12.00	0.024074	28.715
11.99	12.00	0.024090	28.819
11.99	12.00	0.024107	28.919
12.02	12.00	0.024124	29.013
12.02	12.00	0.024140	29.118
12.02	12.00	0.024157	29.213
12.02	12.00	0.024174	29.312
12.02	12.00	0.024190	29.417
12.02	12.00	0.024207	29.511
12.02	12.00	0.024224	29.611
12.02	12.00	0.024240	29.715
12.02	12.00	0.024257	29.810
12.02	12.00	0.024274	29.910
12.02	12.00	0.024290	30.014
12.02	12.00	0.024307	30.109
11.99	12.00	0.024324	30.209
11.99	12.00	0.024340	30.313
11.99	12.00	0.024357	30.408
11.99	12.00	0.024374	30.507
11.99	12.00	0.024390	30.612
11.99	12.00	0.024407	30.706
11.99	12.00	0.024424	30.806
11.99	12.00	0.024440	30.911
11.99	12.00	0.024457	31.005
11.99	12.00	0.024474	31.104
11.99	12.00	0.024490	31.208
11.99	12.00	0.024507	31.303
11.99	12.00	0.024524	31.403
11.99	12.00	0.024540	31.507
11.99	12.00	0.024557	31.602
11.99	12.00	0.024574	31.703
11.99	12.00	0.024590	31.806
11.99	12.00	0.024607	31.900
11.99	12.00	0.024623	32.004
11.99	12.00	0.024640	32.105
11.99	12.00	0.024657	32.200
11.99	12.00	0.024673	32.303
11.99	12.00	0.024690	32.403
11.99	12.00	0.024707	32.500
12.02	12.00	0.024723	32.603
12.02	12.00	0.024740	32.702
12.02	12.00	0.024757	32.799
12.02	12.00	0.024773	32.902
12.02	12.00	0.024790	33.001
12.02	12.00	0.024807	33.100
12.02	12.00	0.024823	33.200
12.02	12.00	0.024840	33.300
12.02	12.00	0.024857	33.400
12.02	12.00	0.024873	33.500
12.02	12.00	0.024890	33.600
11.99	12.00	0.024907	33.699
11.99	12.00	0.024923	33.800
11.99	12.00	0.024940	33.900
11.99	12.00	0.024957	34.000
11.99	12.00	0.024973	34.100
11.99	12.00	0.024990	34.201
11.99	12.00	0.025007	34.301
11.99	12.00	0.025023	34.401
11.99	12.00	0.025040	34.501
11.99	12.00	0.025057	34.600
11.99	12.00	0.025073	34.701
11.99	12.00	0.025090	34.800
11.99	12.00	0.025107	34.901
11.99	12.00	0.025123	35.002
11.99	12.00	0.025140	35.102
11.99	12.00	0.025157	35.202
11.99	12.00	0.025173	35.301
11.99	12.00	0.025190	35.402
11.99	12.00	0.025207	35.501
11.99	12.00	0.025223	35.602
11.99	12.00	0.025240	35.701
11.99	12.00	0.025257	35.802
11.99	12.00	0.025273	35.902
11.99	12.00	0.025290	36.002
11.99	12.00	0.025307	36.102
11.99	12.00	0.025323	36.202
11.99	12.00	0.025340	36.301
12.02	12.00	0.025357	36.402
12.02	12.00	0.025373	36.501
12.02	12.00	0.025390	36.602
12.02	12.00	0.025407	36.702
12.02	12.00	0.025423	36.802
12.02	12.00	0.025440	36.903
12.02	12.00	0.025456	37.002
12.02	12.00	0.025473	37.103
12.02	12.00	0.025490	37.202
12.02	12.00	0.025506	37.302
12.02	12.00	0.025523	37.402
11.99	12.00	0.025540	37.526
11.99	12.00	0.025556	37.631
11.99	12.00	0.025573	37.725
11.99	12.00	0.025590	37.827
11.99	12.00	0.025606	37.929
11.99	12.00	0.025623	38.024
11.99	12.00	0.025640	38.102
11.99	12.00	0.025656	38.228
11.99	12.00	0.025673	38.322
11.99	12.00	0.025690	38.426
11.99	12.00	0.025706	38.527
11.99	12.00	0.025723	38.621
11.99	12.00	0.025740	38.726
11.99	12.00	0.025756	38.825
11.99	12.00	0.025773	38.920
11.99	12.00	0.025790	39.024
11.99	12.00	0.025806	39.124
11.99	12.00	0.025823	39.219
11.99	12.00	0.025840	39.323
11.99	12.00	0.025856	39.418
11.99	12.00	0.025873	39.517
11.99	12.00	0.025890	39.622
12.02	12.00	0.025906	39.716
12.02	12.00	0.025923	39.816
12.02	12.00	0.025940	39.920
12.02	12.00	0.025956	40.015
12.02	12.00	0.025973	40.114
12.02	12.00	0.025990	40.219
12.02	12.00	0.026006	40.313
12.02	12.00	0.026023	40.413
12.02	12.00	0.026040	40.517
12.02	12.00	0.026056	40.612
11.99	12.00	0.026073	40.712
11.99	12.00	0.026090	40.816
11.99	12.00	0.026106	40.911
11.99	12.00	0.026123	41.010
11.99	12.00	0.026140	41.115
11.99	12.00	0.026156	41.209
11.99	12.00	0.026173	41.309
11.99	12.00	0.026190	41.413
11.99	12.00	0.026206	41.508
11.99	12.00	0.026223	41.608
11.99	12.00	0.026240	41.712
11.99	12.00	0.026256	41.807
11.99	12.00	0.026273	41.908
11.99	12.00	0.026289	42.011
11.99	12.00	0.026306	42.105
11.99	12.00	0.026323	42.208
11.99	12.00	0.026339	42.310
11.99	12.00	0.026356	42.404
11.99	12.00	0.026373	42.508
11.99	12.00	0.026389	42.608
11.99	12.00	0.026406	42.704
11.99	12.00	0.026423	42.807
11.99	12.00	0.026439	42.907
11.99	12.00	0.026456	43.004
11.99	12.00	0.026473	43.106
11.99	12.00	0.026489	43.206
12.02	12.00	0.026506	43.304
12.02	12.00	0.026523	43.405
12.02	12.00	0.026539	43.504
12.02	12.00	0.026556	43.604
12.02	12.00	0.026573	43.703
12.02	12.00	0.026589	43.805
12.02	12.00	0.026606	43.904
12.02	12.00	0.026623	44.004
12.02	12.00	0.026639	44.105
12.02	12.00	0.026656	44.204
12.02	12.00	0.026673	44.304
11.99	12.00	0.026689	44.405
11.99	12.00	0.026706	44.504
11.99	12.00	0.026723	44.603
11.99	12.00	0.026739	44.705
11.99	12.00	0.026756	44.804
11.99	12.00	0.026773	44.904
11.99	12.00	0.026789	45.005
11.99	12.00	0.026806	45.103
11.99	12.00	0.026823	45.204
11.99	12.00	0.026839	45.305
11.99	12.00	0.026856	45.404
11.99	12.00	0.026873	45.504
11.99	12.00	0.026889	45.605
11.99	12.00	0.026906	45.704
11.99	12.00	0.026923	45.804
11.99	12.00	0.026939	45.906
11.99	12.00	0.026956	46.003
11.99	12.00	0.026973	46.103
11.99	12.00	0.026989	46.205
11.99	12.00	0.027006	46.304
11.99	12.00	0.027023	46.404
11.99	12.00	0.027039	46.506
11.99	12.00	0.027056	46.604
11.99	12.00	0.027073	46.704
12.02	12.00	0.027089	46.806
12.02	12.00	0.027106	46.903
12.02	12.00	0.027122	47.004
12.02	12.00	0.027139	47.106
12.02	12.00	0.027156	47.204
12.02	12.00	0.027172	47.304
12.02	12.00	0.027189	47.406
12.02	12.00	0.027206	47.504
12.02	12.00	0.027222	47.603
12.02	12.00	0.027239	47.707
12.02	12.00	0.027256	47.803
11.99	12.00	0.027272	47.904
11.99	12.00	0.027289	48.006
11.99	12.00	0.027306	48.104
11.99	12.00	0.027322	48.204
11.99	12.00	0.027339	48.307
11.99	12.00	0.027356	48.403
11.99	12.00	0.027372	48.502
11.99	12.00	0.027389	48.607
11.99	12.00	0.027406	48.731
11.99	12.00	0.027422	48.826
11.99	12.00	0.027439	48.930
11.99	12.00	0.027456	49.030
11.99	12.00	0.027472	49.125
11.99	12.00	0.027489	49.230
11.99	12.00	0.027506	49.328
11.99	12.00	0.027522	49.423
11.99	12.00	0.027539	49.527
11.99	12.00	0.027556	49.627
11.99	12.00	0.027572	49.721
11.99	12.00	0.027589	49.826
11.99	12.00	0.027606	49.921
11.99	12.00	0.027622	50.020
11.99	12.00	0.027639	50.125
11.99	12.00	0.027656	50.219
12.02	12.00	0.027672	50.320
12.02	12.00	0.027689	50.424
12.02	12.00	0.027706	50.519
12.02	12.00	0.027722	50.619
12.02	12.00	0.027739	50.723
12.02	12.00	0.027756	50.817
12.02	12.00	0.027772	50.917
12.02	12.00	0.027789	51.021
12.02	12.00	0.027806	51.115
12.02	12.00	0.027822	51.216
12.02	12.00	0.027839	51.320
12.02	12.00	0.027856	51.414
12.02	12.00	0.027872	51.515
12.02	12.00	0.027889	51.618
11.99	12.00	0.027906	51.713
11.99	12.00	0.027922	51.812
11.99	12.00	0.027939	51.917
11.99	12.00	0.027955	52.011
11.99	12.00	0.027972	52.113
11.99	12.00	0.027989	52.216
11.99	12.00	0.028005	52.310
11.99	12.00	0.028022	52.413
11.99	12.00	0.028039	52.514
11.99	12.00	0.028055	52.609
11.99	12.00	0.028072	52.713
11.99	12.00	0.028089	52.813
11.99	12.00	0.028105	52.907
11.99	12.00	0.028122	53.012
11.99	12.00	0.028139	53.112
11.99	12.00	0.028155	53.206
11.99	12.00	0.028172	53.311
11.99	12.00	0.028189	53.410
11.99	12.00	0.028205	53.505
11.99	12.00	0.028222	53.609
11.99	12.00	0.028239	53.709
11.99	12.00	0.028255	53.804
11.99	12.00	0.028272	53.908
11.99	12.00	0.028289	54.004
11.99	12.00	0.028305	54.104
11.99	12.00	0.028322	54.207
12.02	12.00	0.028339	54.303
12.02	12.00	0.028355	54.404
12.02	12.00	0.028372	54.505
12.02	12.00	0.028389	54.604
12.02	12.00	0.028405	54.704
12.02	12.00	0.028422	54.804
12.02	12.00	0.028439	54.904
12.02	12.00	0.028455	55.003
12.02	12.00	0.028472	55.104
12.02	12.00	0.028489	55.203
11.99	12.00	0.028505	55.304
11.99	12.00	0.028522	55.404
11.99	12.00	0.028539	55.504
11.99	12.00	0.028555	55.604
11.99	12.00	0.028572	55.704
11.99	12.00	0.028589	55.804
11.99	12.00	0.028605	55.903
11.99	12.00	0.028622	56.004
11.99	12.00	0.028639	56.103
11.99	12.00	0.028655	56.204
11.99	12.00	0.028672	56.304
11.99	12.00	0.028689	56.404
11.99	12.00	0.028705	56.504
11.99	12.00	0.028722	56.604
11.99	12.00	0.028739	56.704
11.99	12.00	0.028755	56.803
11.99	12.00	0.028772	56.904
11.99	12.00	0.028788	57.003
11.99	12.00	0.028805	57.104
11.99	12.00	0.028822	57.204
11.99	12.00	0.028838	57.304
11.99	12.00	0.028855	57.404
11.99	12.00	0.028872	57.503
11.99	12.00	0.028888	57.604
11.99	12.00	0.028905	57.703
11.99	12.00	0.028922	57.804
11.99	12.00	0.028938	57.904
11.99	12.00	0.028955	58.004
12.02	12.00	0.028972	58.104
12.02	12.00	0.028988	58.204
12.02	12.00	0.029005	58.304
12.02	12.00	0.029022	58.403
12.02	12.00	0.029038	58.504
12.02	12.00	0.029055	58.603
12.02	12.00	0.029072	58.704
12.02	12.00	0.029088	58.804
12.02	12.00	0.029105	58.904
12.02	12.00	0.029122	59.004
12.02	12.00	0.029138	59.104
12.02	12.00	0.029155	59.204
11.99	12.00	0.029172	59.303
11.99	12.00	0.029188	59.404
11.99	12.00	0.029205	59.503
11.99	12.00	0.029222	59.604
11.99	12.00	0.029238	59.704
11.99	12.00	0.029255	59.832
11.99	12.00	0.029272	59.927
11.99	12.00	0.029288	00.032
11.99	12.00	0.029305	00.126
11.99	12.00	0.029322	00.226
11.99	12.00	0.029338	00.330
11.99	12.00	0.029355	00.425
11.99	12.00	0.029372	00.525
11.99	12.00	0.029388	00.629
11.99	12.00	0.029405	00.724
11.99	12.00	0.029422	00.823
11.99	12.00	0.029438	00.928
11.99	12.00	0.029455	01.022
11.99	12.00	0.029472	01.122
11.99	12.00	0.029488	01.226
11.99	12.00	0.029505	01.321
11.99	12.00	0.029522	01.421
11.99	12.00	0.029538	01.525
11.99	12.00	0.029555	01.619
12.02	12.00	0.029572	01.719
12.02	12.00	0.029588	01.824
12.02	12.00	0.029605	01.918
12.02	12.00	0.029621	02.018
12.02	12.00	0.029638	02.123
12.02	12.00	0.029655	02.217
12.02	12.00	0.029671	02.318
12.02	12.00	0.029688	02.421
12.02	12.00	0.029705	02.516
12.02	12.00	0.029721	02.618
12.02	12.00	0.029738	02.720
11.99	12.00	0.029755	02.815
11.99	12.00	0.029771	02.918
11.99	12.00	0.029788	03.019
11.99	12.00	0.029805	03.113
11.99	12.00	0.029821	03.218
11.99	12.00	0.029838	03.316
11.99	12.00	0.029855	03.411
11.99	12.00	0.029871	03.515
11.99	12.00	0.029888	03.615
11.99	12.00	0.029905	03.710
11.99	12.00	0.029921	03.814
11.99	12.00	0.029938	03.914
11.99	12.00	0.029955	04.009
11.99	12.00	0.029971	04.113
11.99	12.00	0.029988	04.207
11.99	12.00	0.030005	04.307
11.99	12.00	0.030021	04.411
11.99	12.00	0.030038	04.506
11.99	12.00	0.030055	04.606
11.99	12.00	0.030071	04.710
11.99	12.00	0.030088	04.805
11.99	12.00	0.030105	04.904
11.99	12.00	0.030121	05.009
11.99	12.00	0.030138	05.105
11.99	12.00	0.030155	05.204
12.02	12.00	0.030171	05.308
12.02	12.00	0.030188	05.404
12.02	12.00	0.030205	05.505
12.02	12.00	0.030221	05.607
12.02	12.00	0.030238	05.705
12.02	12.00	0.030255	05.805
12.02	12.00	0.030271	05.905
12.02	12.00	0.030288	06.005
12.02	12.00	0.030305	06.104
12.02	12.00	0.030321	06.205
12.02	12.00	0.030338	06.305
12.02	12.00	0.030355	06.405
12.02	12.00	0.030371	06.505
11.99	12.00	0.030388	06.605
11.99	12.00	0.030405	06.705
11.99	12.00	0.030421	06.804
11.99	12.00	0.030438	06.905
11.99	12.00	0.030454	07.004
11.99	12.00	0.030471	07.105
11.99	12.00	0.030488	07.205
11.99	12.00	0.030504	07.305
11.99	12.00	0.030521	07.405
11.99	12.00	0.030538	07.505
11.99	12.00	0.030554	07.605
11.99	12.00	0.030571	07.704
11.99	12.00	0.030588	07.805
11.99	12.00	0.030604	07.904
11.99	12.00	0.030621	08.005
11.99	12.00	0.030638	08.105
11.99	12.00	0.030654	08.205
11.99	12.00	0.030671	08.305
11.99	12.00	0.030688	08.404
11.99	12.00	0.030704	08.505
11.99	12.00	0.030721	08.604
11.99	12.00	0.030738	08.705
11.99	12.00	0.030754	08.806
11.99	12.00	0.030771	08.906
11.99	12.00	0.030788	09.006
11.99	12.00	0.030804	09.106
11.99	12.00	0.030821	09.206
11.99	12.00	0.030838	09.305
11.99	12.00	0.030854	09.406
12.02	12.00	0.030871	09.505
12.02	12.00	0.030888	09.606
12.02	12.00	0.030904	09.706
12.02	12.00	0.030921	09.806
12.02	12.00	0.030938	09.906
12.02	12.00	0.030954	10.006
12.02	12.00	0.030971	10.105
12.02	12.00	0.030988	10.206
12.02	12.00	0.031004	10.305
12.02	12.00	0.031021	10.406
12.02	12.00	0.031038	10.506
11.99	12.00	0.031054	10.630
11.99	12.00	0.031071	10.729
11.99	12.00	0.031088	10.834
11.99	12.00	0.031104	10.928
11.99	12.00	0.031121	11.027
11.99	12.00	0.031138	11.132
11.99	12.00	0.031154	11.227
11.99	12.00	0.031171	11.326
11.99	12.00	0.031188	11.431
11.99	12.00	0.031204	11.525
11.99	12.00	0.031221	11.625
11.99	12.00	0.031238	11.729
11.99	12.00	0.031254	11.824
11.99	12.00	0.031271	11.923
11.99	12.00	0.031287	12.028
11.99	12.00	0.031304	12.123
11.99	12.00	0.031321	12.222
11.99	12.00	0.031337	12.327
11.99	12.00	0.031354	12.421
11.99	12.00	0.031371	12.522
11.99	12.00	0.031387	12.625
11.99	12.00	0.031404	12.720
11.99	12.00	0.031421	12.822
11.99	12.00	0.031437	12.924
11.99	12.00	0.031454	13.019
12.02	12.00	0.031471	13.123
12.02	12.00	0.031487	13.223
12.02	12.00	0.031504	13.317
12.02	12.00	0.031521	13.422
12.02	12.00	0.031537	13.521
12.02	12.00	0.031554	13.616
12.02	12.00	0.031571	13.721
12.02	12.00	0.031587	13.820
12.02	12.00	0.031604	13.915
12.02	12.00	0.031621	14.019
12.02	12.00	0.031637	14.119
12.02	12.00	0.031654	14.213
11.99	12.00	0.031671	14.318
11.99	12.00	0.031687	14.413
11.99	12.00	0.031704	14.512
11.99	12.00	0.031721	14.617
11.99	12.00	0.031737	14.711
11.99	12.00	0.031754	14.811
11.99	12.00	0.031771	14.915
11.99	12.00	0.031787	15.010
11.99	12.00	0.031804	15.109
11.99	12.00	0.031821	15.214
11.99	12.00	0.031837	15.309
11.99	12.00	0.031854	15.408
11.99	12.00	0.031871	15.513
11.99	12.00	0.031887	15.607
11.99	12.00	0.031904	15.707
11.99	12.00	0.031921	15.811
11.99	12.00	0.031937	15.906
11.99	12.00	0.031954	16.006
11.99	12.00	0.031971	16.110
11.99	12.00	0.031987	16.206
11.99	12.00	0.032004	16.306
11.99	12.00	0.032021	16.409
11.99	12.00	0.032037	16.505
11.99	12.00	0.032054	16.606
11.99	12.00	0.032071	16.707
12.02	12.00	0.032087	16.806
12.02	12.00	0.032104	16.906
12.02	12.00	0.032120	17.006
12.02	12.00	0.032137	17.106
12.02	12.00	0.032154	17.206
12.02	12.00	0.032170	17.306
12.02	12.00	0.032187	17.405
12.02	12.00	0.032204	17.506
12.02	12.00	0.032220	17.605
12.02	12.00	0.032237	17.706
11.99	12.00	0.032254	17.806
11.99	12.00	0.032270	17.906
11.99	12.00	0.032287	18.006
11.99	12.00	0.032304	18.105
11.99	12.00	0.032320	18.206
11.99	12.00	0.032337	18.305
11.99	12.00	0.032354	18.406
11.99	12.00	0.032370	18.505
11.99	12.00	0.032387	18.606
11.99	12.00	0.032404	18.706
11.99	12.00	0.032420	18.806
11.99	12.00	0.032437	18.907
11.99	12.00	0.032454	19.006
11.99	12.00	0.032470	19.107
11.99	12.00	0.032487	19.206
11.99	12.00	0.032504	19.307
11.99	12.00	0.032520	19.407
11.99	12.00	0.032537	19.507
11.99	12.00	0.032554	19.607
11.99	12.00	0.032570	19.707
11.99	12.00	0.032587	19.807
11.99	12.00	0.032604	19.906
11.99	12.00	0.032620	20.007
11.99	12.00	0.032637	20.106
11.99	12.00	0.032654	20.207
11.99	12.00	0.032670	20.307
11.99	12.00	0.032687	20.407
12.02	12.00	0.032704	20.507
12.02	12.00	0.032720	20.606
12.02	12.00	0.032737	20.707
12.02	12.00	0.032754	20.806
12.02	12.00	0.032770	20.907
12.02	12.00	0.032787	21.007
12.02	12.00	0.032804	21.107
12.02	12.00	0.032820	21.207
12.02	12.00	0.032837	21.307
12.02	12.00	0.032854	21.407
12.02	12.00	0.032870	21.506
12.02	12.00	0.032887	21.606
12.02	12.00	0.032904	21.705
11.99	12.00	0.032920	21.830
11.99	12.00	0.032937	21.934
11.99	12.00	0.032953	22.029
11.99	12.00	0.032970	22.129
11.99	12.00	0.032987	22.233
11.99	12.00	0.033003	22.328
11.99	12.00	0.033020	22.427
11.99	12.00	0.033037	22.531
11.99	12.00	0.033053	22.626
11.99	12.00	0.033070	22.727
11.99	12.00	0.033087	22.830
11.99	12.00	0.033103	22.925
11.99	12.00	0.033120	23.027
11.99	12.00	0.033137	23.129
11.99	12.00	0.033153	23.223
11.99	12.00	0.033170	23.327
11.99	12.00	0.033187	23.428
11.99	12.00	0.033203	23.522
11.99	12.00	0.033220	23.627
11.99	12.00	0.033237	23.726
11.99	12.00	0.033253	23.821
12.02	12.00	0.033270	23.925
12.02	12.00	0.033287	24.025
12.02	12.00	0.033303	24.119
12.02	12.00	0.033320	24.224
12.02	12.00	0.033337	24.324
12.02	12.00	0.033353	24.418
12.02	12.00	0.033370	24.523
12.02	12.00	0.033387	24.617
12.02	12.00	0.033403	24.717
12.02	12.00	0.033420	24.822
12.02	12.00	0.033437	24.916
11.99	12.00	0.033453	25.016
11.99	12.00	0.033470	25.120
11.99	12.00	0.033487	25.215
11.99	12.00	0.033503	25.314
11.99	12.00	0.033520	25.419
11.99	12.00	0.033537	25.513
11.99	12.00	0.033553	25.613
11.99	12.00	0.033570	25.717
11.99	12.00	0.033587	25.812
11.99	12.00	0.033603	25.912
11.99	12.00	0.033620	26.017
11.99	12.00	0.033637	26.111
11.99	12.00	0.033653	26.211
11.99	12.00	0.033670	26.315
11.99	12.00	0.033687	26.410
11.99	12.00	0.033703	26.510
11.99	12.00	0.033720	26.614
11.99	12.00	0.033737	26.709
11.99	12.00	0.033753	26.808
11.99	12.00	0.033770	26.913
11.99	12.00	0.033786	27.007
11.99	12.00	0.033803	27.109
11.99	12.00	0.033820	27.211
11.99	12.00	0.033836	27.307
11.99	12.00	0.033853	27.409
11.99	12.00	0.033870	27.510
12.02	12.00	0.033886	27.607
12.02	12.00	0.033903	27.709
12.02	12.00	0.033920	27.809
12.02	12.00	0.033936	27.906
12.02	12.00	0.033953	28.008
12.02	12.00	0.033970	28.107
12.02	12.00	0.033986	28.206
12.02	12.00	0.034003	28.307
12.02	12.00	0.034020	28.407
12.02	12.00	0.034036	28.507
12.02	12.00	0.034053	28.607
11.99	12.00	0.034070	28.707
11.99	12.00	0.034086	28.807
11.99	12.00	0.034103	28.906
11.99	12.00	0.034120	29.007
11.99	12.00	0.034136	29.106
11.99	12.00	0.034153	29.207
11.99	12.00	0.034170	29.307
11.99	12.00	0.034186	29.407
11.99	12.00	0.034203	29.507
11.99	12.00	0.034220	29.607
11.99	12.00	0.034236	29.707
11.99	12.00	0.034253	29.805
11.99	12.00	0.034270	29.906
11.99	12.00	0.034286	30.006
11.99	12.00	0.034303	30.107
11.99	12.00	0.034320	30.207
11.99	12.00	0.034336	30.307
11.99	12.00	0.034353	30.406
11.99	12.00	0.034370	30.507
11.99	12.00	0.034386	30.606
11.99	12.00	0.034403	30.707
11.99	12.00	0.034420	30.807
11.99	12.00	0.034436	30.907
11.99	12.00	0.034453	31.007
11.99	12.00	0.034470	31.107
11.99	12.00	0.034486	31.207
11.99	12.00	0.034503	31.306
11.99	12.00	0.034520	31.407
12.02	12.00	0.034536	31.506
12.02	12.00	0.034553	31.607
12.02	12.00	0.034570	31.707
12.02	12.00	0.034586	31.807
12.02	12.00	0.034603	31.907
12.02	12.00	0.034619	32.007
12.02	12.00	0.034636	32.107
12.02	12.00	0.034653	32.206
12.02	12.00	0.034669	32.307
12.02	12.00	0.034686	32.406
12.02	12.00	0.034703	32.507
11.99	12.00	0.034719	32.608
11.99	12.00	0.034736	32.707
11.99	12.00	0.034753	32.807
11.99	12.00	0.034769	32.907
11.99	12.00	0.034786	33.036
11.99	12.00	0.034803	33.130
11.99	12.00	0.034819	33.207
11.99	12.00	0.034836	33.334
11.99	12.00	0.034853	33.429
11.99	12.00	0.034869	33.508
11.99	12.00	0.034886	33.633
11.99	12.00	0.034903	33.728
11.99	12.00	0.034919	33.832
11.99	12.00	0.034936	33.932
11.99	12.00	0.034953	34.026
11.99	12.00	0.034969	34.131
11.99	12.00	0.034986	34.230
11.99	12.00	0.035003	34.325
11.99	12.00	0.035019	34.430
11.99	12.00	0.035036	34.529
11.99	12.00	0.035053	34.624
11.99	12.00	0.035069	34.728
11.99	12.00	0.035086	34.823
12.02	12.00	0.035103	34.922
12.02	12.00	0.035119	35.027
12.02	12.00	0.035136	35.122
12.02	12.00	0.035153	35.221
12.02	12.00	0.035169	35.326
12.02	12.00	0.035186	35.420
12.02	12.00	0.035203	35.520
12.02	12.00	0.035219	35.624
12.02	12.00	0.035236	35.719
12.02	12.00	0.035253	35.818
12.02	12.00	0.035269	35.923
11.99	12.00	0.035286	36.018
11.99	12.00	0.035303	36.117
11.99	12.00	0.035319	36.222
11.99	12.00	0.035336	36.316
11.99	12.00	0.035353	36.416
11.99	12.00	0.035369	36.520
11.99	12.00	0.035386	36.615
11.99	12.00	0.035403	36.714
11.99	12.00	0.035419	36.818
11.99	12.00	0.035436	36.913
11.99	12.00	0.035452	37.013
11.99	12.00	0.035469	37.117
11.99	12.00	0.035486	37.211
11.99	12.00	0.035502	37.313
11.99	12.00	0.035519	37.415
11.99	12.00	0.035536	37.510
11.99	12.00	0.035552	37.614
11.99	12.00	0.035569	37.714
11.99	12.00	0.035586	37.809
11.99	12.00	0.035602	37.913
11.99	12.00	0.035619	38.013
11.99	12.00	0.035636	38.107
11.99	12.00	0.035652	38.212
11.99	12.00	0.035669	38.312
11.99	12.00	0.035686	38.407
11.99	12.00	0.035702	38.511
11.99	12.00	0.035719	38.611
12.02	12.00	0.035736	38.707
12.02	12.00	0.035752	38.809
12.02	12.00	0.035769	38.910
12.02	12.00	0.035786	39.006
12.02	12.00	0.035802	39.108
12.02	12.00	0.035819	39.210
12.02	12.00	0.035836	39.307
12.02	12.00	0.035852	39.407
12.02	12.00	0.035869	39.510
12.02	12.00	0.035886	39.607
12.02	12.00	0.035902	39.706
12.02	12.00	0.035919	39.810
11.99	12.00	0.035936	39.908
11.99	12.00	0.035952	40.008
11.99	12.00	0.035969	40.110
11.99	12.00	0.035986	40.208
11.99	12.00	0.036002	40.307
11.99	12.00	0.036019	40.411
11.99	12.00	0.036036	40.507
11.99	12.00	0.036052	40.608
11.99	12.00	0.036069	40.711
11.99	12.00	0.036086	40.808
11.99	12.00	0.036102	40.908
11.99	12.00	0.036119	41.011
11.99	12.00	0.036136	41.108
11.99	12.00	0.036152	41.207
11.99	12.00	0.036169	41.311
11.99	12.00	0.036186	41.407
11.99	12.00	0.036202	41.508
11.99	12.00	0.036219	41.612
11.99	12.00	0.036236	41.708
11.99	12.00	0.036252	41.808
11.99	12.00	0.036269	41.912
12.02	12.00	0.036285	42.008
12.02	12.00	0.036302	42.107
12.02	12.00	0.036319	42.211
12.02	12.00	0.036335	42.308
12.02	12.00	0.036352	42.408
12.02	12.00	0.036369	42.511
12.02	12.00	0.036385	42.608
12.02	12.00	0.036402	42.707
12.02	12.00	0.036419	42.812
12.02	12.00	0.036435	42.907
12.02	12.00	0.036452	43.008
11.99	12.00	0.036469	43.112
11.99	12.00	0.036485	43.208
11.99	12.00	0.036502	43.308
11.99	12.00	0.036519	43.412
11.99	12.00	0.036535	43.508
11.99	12.00	0.036552	43.607
11.99	12.00	0.036569	43.712
11.99	12.00	0.036585	43.808
11.99	12.00	0.036602	43.908
11.99	12.00	0.036619	44.012
11.99	12.00	0.036635	44.137
11.99	12.00	0.036652	44.231
11.99	12.00	0.036669	44.335
11.99	12.00	0.036685	44.435
11.99	12.00	0.036702	44.529
11.99	12.00	0.036719	44.634
11.99	12.00	0.036735	44.733
11.99	12.00	0.036752	44.828
11.99	12.00	0.036769	44.933
11.99	12.00	0.036785	45.027
11.99	12.00	0.036802	45.127
11.99	12.00	0.036819	45.231
11.99	12.00	0.036835	45.326
11.99	12.00	0.036852	45.425
11.99	12.00	0.036869	45.530
12.02	12.00	0.036885	45.625
12.02	12.00	0.036902	45.724
12.02	12.00	0.036919	45.829
12.02	12.00	0.036935	45.923
12.02	12.00	0.036952	46.023
12.02	12.00	0.036969	46.127
12.02	12.00	0.036985	46.222
12.02	12.00	0.037002	46.321
12.02	12.00	0.037019	46.426
12.02	12.00	0.037035	46.521
12.02	12.00	0.037052	46.620
12.02	12.00	0.037069	46.725
11.99	12.00	0.037085	46.819
11.99	12.00	0.037102	46.919
11.99	12.00	0.037118	47.023
11.99	12.00	0.037135	47.118
11.99	12.00	0.037152	47.218
11.99	12.00	0.037168	47.322
11.99	12.00	0.037185	47.417
11.99	12.00	0.037202	47.518
11.99	12.00	0.037218	47.621
11.99	12.00	0.037235	47.715
11.99	12.00	0.037252	47.818
11.99	12.00	0.037268	47.919
11.99	12.00	0.037285	48.014
11.99	12.00	0.037302	48.119
11.99	12.00	0.037318	48.218
11.99	12.00	0.037335	48.313
11.99	12.00	0.037352	48.417
11.99	12.00	0.037368	48.517
11.99	12.00	0.037385	48.611
11.99	12.00	0.037402	48.716
11.99	12.00	0.037418	48.815
11.99	12.00	0.037435	48.911
11.99	12.00	0.037452	49.014
11.99	12.00	0.037468	49.115
11.99	12.00	0.037485	49.210
11.99	12.00	0.037502	49.313
11.99	12.00	0.037518	49.414
11.99	12.00	0.037535	49.511
11.99	12.00	0.037552	49.612
12.02	12.00	0.037568	49.715
12.02	12.00	0.037585	49.812
12.02	12.00	0.037602	49.912
12.02	12.00	0.037618	50.015
12.02	12.00	0.037635	50.111
12.02	12.00	0.037652	50.212
12.02	12.00	0.037668	50.315
12.02	12.00	0.037685	50.412
12.02	12.00	0.037702	50.512
12.02	12.00	0.037718	50.615
11.99	12.00	0.037735	50.712
11.99	12.00	0.037752	50.811
11.99	12.00	0.037768	50.916
11.99	12.00	0.037785	51.011
11.99	12.00	0.037802	51.112
11.99	12.00	0.037818	51.215
11.99	12.00	0.037835	51.312
11.99	12.00	0.037852	51.412
11.99	12.00	0.037868	51.519
11.99	12.00	0.037885	51.619
11.99	12.00	0.037902	51.718
11.99	12.00	0.037918	51.819
11.99	12.00	0.037935	51.918
11.99	12.00	0.037951	52.019
11.99	12.00	0.037968	52.120
11.99	12.00	0.037985	52.220
11.99	12.00	0.038001	52.320
11.99	12.00	0.038018	52.420
11.99	12.00	0.038035	52.520
11.99	12.00	0.038051	52.619
11.99	12.00	0.038068	52.743
11.99	12.00	0.038085	52.847
12.02	12.00	0.038101	52.943
12.02	12.00	0.038118	53.042
12.02	12.00	0.038135	53.147
12.02	12.00	0.038151	53.242
12.02	12.00	0.038168	53.341
12.02	12.00	0.038185	53.446
12.02	12.00	0.038201	53.539
12.02	12.00	0.038218	53.641
12.02	12.00	0.038235	53.744
12.02	12.00	0.038251	53.838
12.02	12.00	0.038268	53.942
12.02	12.00	0.038285	54.042
11.99	12.00	0.038301	54.137
11.99	12.00	0.038318	54.241
11.99	12.00	0.038335	54.341
11.99	12.00	0.038351	54.435
11.99	12.00	0.038368	54.540
11.99	12.00	0.038385	54.639
11.99	12.00	0.038401	54.734
11.99	12.00	0.038418	54.839
11.99	12.00	0.038435	54.938
11.99	12.00	0.038451	55.033
11.99	12.00	0.038468	55.137
11.99	12.00	0.038485	55.232
11.99	12.00	0.038501	55.331
11.99	12.00	0.038518	55.436
11.99	12.00	0.038535	55.531
11.99	12.00	0.038551	55.630
11.99	12.00	0.038568	55.735
11.99	12.00	0.038585	55.829
11.99	12.00	0.038601	55.929
11.99	12.00	0.038618	56.033
11.99	12.00	0.038635	56.128
11.99	12.00	0.038651	56.227
11.99	12.00	0.038668	56.332
11.99	12.00	0.038685	56.427
11.99	12.00	0.038701	56.526
11.99	12.00	0.038718	56.631
11.99	12.00	0.038735	56.726
12.02	12.00	0.038751	56.825
12.02	12.00	0.038768	56.930
12.02	12.00	0.038784	57.025
12.02	12.00	0.038801	57.124
12.02	12.00	0.038818	57.229
12.02	12.00	0.038834	57.323
12.02	12.00	0.038851	57.423
12.02	12.00	0.038868	57.527
12.02	12.00	0.038884	57.622
12.02	12.00	0.038901	57.722
12.02	12.00	0.038918	57.826
12.02	12.00	0.038934	57.921
12.02	12.00	0.038951	58.023
12.02	12.00	0.038968	58.125
11.99	12.00	0.038984	58.220
11.99	12.00	0.039001	58.323
11.99	12.00	0.039018	58.422
11.99	12.00	0.039034	58.521
11.99	12.00	0.039051	58.622
11.99	12.00	0.039068	58.721
11.99	12.00	0.039084	58.821
11.99	12.00	0.039101	58.921
11.99	12.00	0.039118	59.021
11.99	12.00	0.039134	59.119
11.99	12.00	0.039151	59.221
11.99	12.00	0.039168	59.320
11.99	12.00	0.039184	59.421
11.99	12.00	0.039201	59.521
11.99	12.00	0.039218	59.621
11.99	12.00	0.039234	59.721
11.99	12.00	0.039251	59.820
11.99	12.00	0.039268	59.921
11.99	12.00	0.039284	00.020
11.99	12.00	0.039301	00.121
11.99	12.00	0.039318	00.221
11.99	12.00	0.039334	00.321
11.99	12.00	0.039351	00.421
11.99	12.00	0.039368	00.520
11.99	12.00	0.039384	00.621
11.99	12.00	0.039401	00.720
11.99	12.00	0.039418	00.821
11.99	12.00	0.039434	00.920
11.99	12.00	0.039451	01.021
12.02	12.00	0.039468	01.121
12.02	12.00	0.039484	01.221
12.02	12.00	0.039501	01.321
12.02	12.00	0.039518	01.420
12.02	12.00	0.039534	01.521
12.02	12.00	0.039551	01.620
12.02	12.00	0.039568	01.721
12.02	12.00	0.039584	01.821
12.02	12.00	0.039601	01.921
12.02	12.00	0.039617	02.021
12.02	12.00	0.039634	02.119
11.99	12.00	0.039651	02.221
11.99	12.00	0.039667	02.320
11.99	12.00	0.039684	02.421
11.99	12.00	0.039701	02.520
11.99	12.00	0.039717	02.621
11.99	12.00	0.039734	02.721
11.99	12.00	0.039751	02.821
11.99	12.00	0.039767	02.921
11.99	12.00	0.039784	03.020
11.99	12.00	0.039801	03.121
11.99	12.00	0.039817	03.220
11.99	12.00	0.039834	03.321
11.99	12.00	0.039851	03.421
11.99	12.00	0.039867	03.521
11.99	12.00	0.039884	03.621
11.99	12.00	0.039901	03.744
11.99	12.00	0.039917	03.821
11.99	12.00	0.039934	03.948
11.99	12.00	0.039951	04.043
11.99	12.00	0.039967	04.121
11.99	12.00	0.039984	04.247
11.99	12.00	0.040001	04.342
11.99	12.00	0.040017	04.421
11.99	12.00	0.040034	04.546
12.02	12.00	0.040051	04.641
12.02	12.00	0.040067	04.746
12.02	12.00	0.040084	04.844
12.02	12.00	0.040101	04.939
12.02	12.00	0.040117	05.043
12.02	12.00	0.040134	05.143
12.02	12.00	0.040151	05.238
12.02	12.00	0.040167	05.342
12.02	12.00	0.040184	05.443
12.02	12.00	0.040201	05.536
12.02	12.00	0.040217	05.642
12.02	12.00	0.040234	05.735
11.99	12.00	0.040251	05.835
11.99	12.00	0.040267	05.939
11.99	12.00	0.040284	06.034
11.99	12.00	0.040301	06.134
11.99	12.00	0.040317	06.238
11.99	12.00	0.040334	06.333
11.99	12.00	0.040351	06.432
11.99	12.00	0.040367	06.537
11.99	12.00	0.040384	06.631
11.99	12.00	0.040401	06.731
11.99	12.00	0.040417	06.836
11.99	12.00	0.040434	06.930
11.99	12.00	0.040450	07.030
11.99	12.00	0.040467	07.134
11.99	12.00	0.040484	07.229
11.99	12.00	0.040500	07.328
11.99	12.00	0.040517	07.433
11.99	12.00	0.040534	07.528
11.99	12.00	0.040550	07.627
11.99	12.00	0.040567	07.732
11.99	12.00	0.040584	07.826
11.99	12.00	0.040600	07.927
11.99	12.00	0.040617	08.030
11.99	12.00	0.040634	08.125
11.99	12.00	0.040650	08.227
11.99	12.00	0.040667	08.329
12.02	12.00	0.040684	08.424
12.02	12.00	0.040700	08.527
12.02	12.00	0.040717	08.628
12.02	12.00	0.040734	08.722
12.02	12.00	0.040750	08.827
12.02	12.00	0.040767	08.926
12.02	12.00	0.040784	09.022
12.02	12.00	0.040800	09.125
12.02	12.00	0.040817	09.225
12.02	12.00	0.040834	09.322
12.02	12.00	0.040850	09.424
12.02	12.00	0.040867	09.524
11.99	12.00	0.040884	09.621
11.99	12.00	0.040900	09.723
11.99	12.00	0.040917	09.823
11.99	12.00	0.040934	09.922
11.99	12.00	0.040950	10.022
11.99	12.00	0.040967	10.124
11.99	12.00	0.040984	10.222
11.99	12.00	0.041000	10.322
11.99	12.00	0.041017	10.424
11.99	12.00	0.041034	10.521
11.99	12.00	0.041050	10.622
11.99	12.00	0.041067	10.724
11.99	12.00	0.041084	10.822
11.99	12.00	0.041100	10.922
11.99	12.00	0.041117	11.024
11.99	12.00	0.041134	11.121
11.99	12.00	0.041150	11.221
11.99	12.00	0.041167	11.325
11.99	12.00	0.041184	11.421
11.99	12.00	0.041200	11.522
11.99	12.00	0.041217	11.625
11.99	12.00	0.041234	11.722
11.99	12.00	0.041250	11.822
11.99	12.00	0.041267	11.925
12.02	12.00	0.041283	12.022
12.02	12.00	0.041300	12.121
12.02	12.00	0.041317	12.225
12.02	12.00	0.041333	12.321
12.02	12.00	0.041350	12.422
12.02	12.00	0.041367	12.526
12.02	12.00	0.041383	12.622
12.02	12.00	0.041400	12.722
12.02	12.00	0.041417	12.825
12.02	12.00	0.041433	12.922
11.99	12.00	0.041450	13.021
11.99	12.00	0.041467	13.126
11.99	12.00	0.041483	13.221
11.99	12.00	0.041500	13.322
11.99	12.00	0.041517	13.426
11.99	12.00	0.041533	13.522
11.99	12.00	0.041550	13.622
11.99	12.00	0.041567	13.725
11.99	12.00	0.041583	13.822
11.99	12.00	0.041600	13.921
11.99	12.00	0.041617	14.026
11.99	12.00	0.041633	14.121
11.99	12.00	0.041650	14.222
11.99	12.00	0.041667	14.326
11.99	12.00	0.041683	14.422
11.99	12.00	0.041700	14.522
11.99	12.00	0.041717	14.626
11.99	12.00	0.041733	14.721
11.99	12.00	0.041750	14.820
11.99	12.00	0.041767	14.950
12.02	12.00	0.041783	15.049
12.02	12.00	0.041800	15.144
12.02	12.00	0.041817	15.249
12.02	12.00	0.041833	15.348
12.02	12.00	0.041850	15.443
12.02	12.00	0.041867	15.547
12.02	12.00	0.041883	15.647
12.02	12.00	0.041900	15.741
12.02	12.00	0.041917	15.846
11.99	12.00	0.041933	15.941
11.99	12.00	0.041950	16.040
11.99	12.00	0.041967	16.145
11.99	12.00	0.041983	16.239
11.99	12.00	0.042000	16.339
11.99	12.00	0.042017	16.443
11.99	12.00	0.042033	16.538
11.99	12.00	0.042050	16.639
11.99	12.00	0.042067	16.742
11.99	12.00	0.042083	16.837
11.99	12.00	0.042100	16.936
11.99	12.00	0.042116	17.041
11.99	12.00	0.042133	17.135
11.99	12.00	0.042150	17.235
11.99	12.00	0.042166	17.340
11.99	12.00	0.042183	17.434
11.99	12.00	0.042200	17.534
11.99	12.00	0.042216	17.638
11.99	12.00	0.042233	17.733
11.99	12.00	0.042250	17.832
12.02	12.00	0.042266	17.937
12.02	12.00	0.042283	18.031
12.02	12.00	0.042300	18.132
12.02	12.00	0.042316	18.236
12.02	12.00	0.042333	18.330
12.02	12.00	0.042350	18.432
12.02	12.00	0.042366	18.534
12.02	12.00	0.042383	18.629
12.02	12.00	0.042400	18.732
12.02	12.00	0.042416	18.833
12.02	12.00	0.042433	18.928
12.02	12.00	0.042450	19.032
11.99	12.00	0.042466	19.132
11.99	12.00	0.042483	19.226
11.99	12.00	0.042500	19.331
11.99	12.00	0.042516	19.430
11.99	12.00	0.042533	19.525
11.99	12.00	0.042550	19.629
11.99	12.00	0.042566	19.729
11.99	12.00	0.042583	19.825
11.99	12.00	0.042600	19.928
11.99	12.00	0.042616	20.029
11.99	12.00	0.042633	20.124
11.99	12.00	0.042650	20.227
11.99	12.00	0.042666	20.328
11.99	12.00	0.042683	20.425
11.99	12.00	0.042700	20.525
11.99	12.00	0.042716	20.629
11.99	12.00	0.042733	20.725
11.99	12.00	0.042750	20.825
11.99	12.00	0.042766	20.929
11.99	12.00	0.042783	21.024
11.99	12.00	0.042800	21.125
11.99	12.00	0.042816	21.229
11.99	12.00	0.042833	21.325
11.99	12.00	0.042850	21.426
11.99	12.00	0.042866	21.529
11.99	12.00	0.042883	21.626
11.99	12.00	0.042900	21.726
11.99	12.00	0.042916	21.829
12.02	12.00	0.042933	21.926
12.02	12.00	0.042949	22.025
12.02	12.00	0.042966	22.129
12.02	12.00	0.042983	22.226
12.02	12.00	0.042999	22.326
12.02	12.00	0.043016	22.430
12.02	12.00	0.043033	22.526
12.02	12.00	0.043049	22.626
12.02	12.00	0.043066	22.729
12.02	12.00	0.043083	22.826
12.02	12.00	0.043099	22.925
11.99	12.00	0.043116	23.030
11.99	12.00	0.043133	23.125
11.99	12.00	0.043149	23.226
11.99	12.00	0.043166	23.330
11.99	12.00	0.043183	23.426
11.99	12.00	0.043199	23.525
11.99	12.00	0.043216	23.630
11.99	12.00	0.043233	23.725
11.99	12.00	0.043249	23.826
11.99	12.00	0.043266	23.931
11.99	12.00	0.043283	24.026
11.99	12.00	0.043299	24.126
11.99	12.00	0.043316	24.225
11.99	12.00	0.043333	24.325
11.99	12.00	0.043349	24.426
11.99	12.00	0.043366	24.525
11.99	12.00	0.043383	24.626
11.99	12.00	0.043399	24.726
11.99	12.00	0.043416	24.830
11.99	12.00	0.043433	24.926
11.99	12.00	0.043449	25.025
12.02	12.00	0.043466	25.125
12.02	12.00	0.043483	25.224
12.02	12.00	0.043499	25.349
12.02	12.00	0.043516	25.453
12.02	12.00	0.043533	25.553
12.02	12.00	0.043549	25.648
12.02	12.00	0.043566	25.752
12.02	12.00	0.043583	25.852
12.02	12.00	0.043599	25.947
12.02	12.00	0.043616	26.051
12.02	12.00	0.043633	26.146
11.99	12.00	0.043649	26.245
11.99	12.00	0.043666	26.350
11.99	12.00	0.043683	26.444
11.99	12.00	0.043699	26.544
11.99	12.00	0.043716	26.648
11.99	12.00	0.043733	26.743
11.99	12.00	0.043749	26.842
11.99	12.00	0.043766	26.947
11.99	12.00	0.043782	27.042
11.99	12.00	0.043799	27.141
11.99	12.00	0.043816	27.246
11.99	12.00	0.043832	27.340
11.99	12.00	0.043849	27.440
11.99	12.00	0.043866	27.544
11.99	12.00	0.043882	27.639
11.99	12.00	0.043899	27.738
11.99	12.00	0.043916	27.843
11.99	12.00	0.043932	27.938
11.99	12.00	0.043949	28.037
11.99	12.00	0.043966	28.142
11.99	12.00	0.043982	28.236
11.99	12.00	0.043999	28.337
11.99	12.00	0.044016	28.440
11.99	12.00	0.044032	28.535
12.02	12.00	0.044049	28.637
12.02	12.00	0.044066	28.739
12.02	12.00	0.044082	28.834
12.02	12.00	0.044099	28.937
12.02	12.00	0.044116	29.038
12.02	12.00	0.044132	29.132
12.02	12.00	0.044149	29.237
12.02	12.00	0.044166	29.336
12.02	12.00	0.044182	29.431
12.02	12.00	0.044199	29.536
11.99	12.00	0.044216	29.635
11.99	12.00	0.044232	29.730
11.99	12.00	0.044249	29.834
11.99	12.00	0.044266	29.934
11.99	12.00	0.044282	30.028
11.99	12.00	0.044299	30.133
11.99	12.00	0.044316	30.227
11.99	12.00	0.044332	30.327
11.99	12.00	0.044349	30.432
11.99	12.00	0.044366	30.526
11.99	12.00	0.044382	30.626
11.99	12.00	0.044399	30.730
11.99	12.00	0.044416	30.826
11.99	12.00	0.044432	30.925
11.99	12.00	0.044449	31.029
11.99	12.00	0.044466	31.126
11.99	12.00	0.044482	31.226
11.99	12.00	0.044499	31.328
11.99	12.00	0.044516	31.426
11.99	12.00	0.044532	31.526
11.99	12.00	0.044549	31.626
11.99	12.00	0.044566	31.726
11.99	12.00	0.044582	31.825
11.99	12.00	0.044599	31.926
11.99	12.00	0.044615	32.026
11.99	12.00	0.044632	32.126
11.99	12.00	0.044649	32.226
11.99	12.00	0.044665	32.325
12.02	12.00	0.044682	32.426
12.02	12.00	0.044699	32.525
12.02	12.00	0.044715	32.626
12.02	12.00	0.044732	32.726
12.02	12.00	0.044749	32.826
12.02	12.00	0.044765	32.926
12.02	12.00	0.044782	33.026
12.02	12.00	0.044799	33.125
12.02	12.00	0.044815	33.225
12.02	12.00	0.044832	33.326
12.02	12.00	0.044849	33.425
11.99	12.00	0.044865	33.526
11.99	12.00	0.044882	33.626
11.99	12.00	0.044899	33.726
11.99	12.00	0.044915	33.826
11.99	12.00	0.044932	33.926
11.99	12.00	0.044949	34.026
11.99	12.00	0.044965	34.125
11.99	12.00	0.044982	34.226
11.99	12.00	0.044999	34.325
11.99	12.00	0.045015	34.426
11.99	12.00	0.045032	34.526
11.99	12.00	0.045049	34.626
11.99	12.00	0.045065	34.726
11.99	12.00	0.045082	34.825
11.99	12.00	0.045099	34.926
11.99	12.00	0.045115	35.025
11.99	12.00	0.045132	35.125
11.99	12.00	0.045149	35.226
11.99	12.00	0.045165	35.326
11.99	12.00	0.045182	35.426
12.02	12.00	0.045199	35.526
12.02	12.00	0.045215	35.625
12.02	12.00	0.045232	35.726
12.02	12.00	0.045249	35.825
12.02	12.00	0.045265	35.926
12.02	12.00	0.045282	36.026
12.02	12.00	0.045299	36.126
12.02	12.00	0.045315	36.226
12.02	12.00	0.045332	36.326
12.02	12.00	0.045349	36.426
12.02	12.00	0.045365	36.525
11.99	12.00	0.045382	36.649
11.99	12.00	0.045399	36.748
11.99	12.00	0.045415	36.853
11.99	12.00	0.045432	36.947
11.99	12.00	0.045448	37.047
11.99	12.00	0.045465	37.152
11.99	12.00	0.045482	37.246
11.99	12.00	0.045498	37.346
11.99	12.00	0.045515	37.450
11.99	12.00	0.045532	37.545
11.99	12.00	0.045548	37.644
11.99	12.00	0.045565	37.749
11.99	12.00	0.045582	37.844
11.99	12.00	0.045598	37.943
11.99	12.00	0.045615	38.048
11.99	12.00	0.045632	38.142
11.99	12.00	0.045648	38.242
11.99	12.00	0.045665	38.346
11.99	12.00	0.045682	38.441
11.99	12.00	0.045698	38.541
11.99	12.00	0.045715	38.645
11.99	12.00	0.045732	38.740
11.99	12.00	0.045748	38.842
12.02	12.00	0.045765	38.944
12.02	12.00	0.045782	39.038
12.02	12.00	0.045798	39.142
12.02	12.00	0.045815	39.242
12.02	12.00	0.045832	39.337
12.02	12.00	0.045848	39.441
12.02	12.00	0.045865	39.541
12.02	12.00	0.045882	39.636
12.02	12.00	0.045898	39.740
12.02	12.00	0.045915	39.840
12.02	12.00	0.045932	39.934
12.02	12.00	0.045948	40.039
11.99	12.00	0.045965	40.138
11.99	12.00	0.045982	40.233
11.99	12.00	0.045998	40.338
11.99	12.00	0.046015	40.432
11.99	12.00	0.046032	40.532
11.99	12.00	0.046048	40.636
11.99	12.00	0.046065	40.731
11.99	12.00	0.046082	40.830
11.99	12.00	0.046098	40.935
11.99	12.00	0.046115	41.029
11.99	12.00	0.046132	41.129
11.99	12.00	0.046148	41.234
11.99	12.00	0.046165	41.328
11.99	12.00	0.046182	41.428
11.99	12.00	0.046198	41.532
11.99	12.00	0.046215	41.627
11.99	12.00	0.046232	41.726
11.99	12.00	0.046248	41.831
11.99	12.00	0.046265	41.926
11.99	12.00	0.046281	42.026
11.99	12.00	0.046298	42.130
11.99	12.00	0.046315	42.226
11.99	12.00	0.046331	42.326
11.99	12.00	0.046348	42.428
11.99	12.00	0.046365	42.526
12.02	12.00	0.046381	42.625
12.02	12.00	0.046398	42.727
12.02	12.00	0.046415	42.826
12.02	12.00	0.046431	42.926
12.02	12.00	0.046448	43.026
12.02	12.00	0.046465	43.124
12.02	12.00	0.046481	43.226
12.02	12.00	0.046498	43.325
12.02	12.00	0.046515	43.426
12.02	12.00	0.046531	43.526
11.99	12.00	0.046548	43.626
11.99	12.00	0.046565	43.726
11.99	12.00	0.046581	43.826
11.99	12.00	0.046598	43.926
11.99	12.00	0.046615	44.025
11.99	12.00	0.046631	44.126
11.99	12.00	0.046648	44.225
11.99	12.00	0.046665	44.326
11.99	12.00	0.046681	44.426
11.99	12.00	0.046698	44.526
11.99	12.00	0.046715	44.626
11.99	12.00	0.046731	44.726
11.99	12.00	0.046748	44.826
11.99	12.00	0.046765	44.925
11.99	12.00	0.046781	45.026
11.99	12.00	0.046798	45.125
11.99	12.00	0.046815	45.226
11.99	12.00	0.046831	45.326
11.99	12.00	0.046848	45.426
11.99	12.00	0.046865	45.526
11.99	12.00	0.046881	45.625
11.99	12.00	0.046898	45.726
11.99	12.00	0.046915	45.825
11.99	12.00	0.046931	45.926
12.02	12.00	0.046948	46.027
12.02	12.00	0.046965	46.127
12.02	12.00	0.046981	46.227
12.02	12.00	0.046998	46.327
12.02	12.00	0.047015	46.427
12.02	12.00	0.047031	46.526
12.02	12.00	0.047048	46.627
12.02	12.00	0.047065	46.727
12.02	12.00	0.047081	46.827
12.02	12.00	0.047098	46.927
12.02	12.00	0.047114	47.027
12.02	12.00	0.047131	47.126
11.99	12.00	0.047148	47.226
11.99	12.00	0.047164	47.327
11.99	12.00	0.047181	47.426
11.99	12.00	0.047198	47.526
11.99	12.00	0.047214	47.626
11.99	12.00	0.047231	47.750
11.99	12.00	0.047248	47.850
11.99	12.00	0.047264	47.954
11.99	12.00	0.047281	48.049
11.99	12.00	0.047298	48.148
11.99	12.00	0.047314	48.253
11.99	12.00	0.047331	48.347
11.99	12.00	0.047348	48.447
11.99	12.00	0.047364	48.551
11.99	12.00	0.047381	48.646
11.99	12.00	0.047398	48.746
11.99	12.00	0.047414	48.850
11.99	12.00	0.047431	48.944
11.99	12.00	0.047448	49.046
11.99	12.00	0.047464	49.148
11.99	12.00	0.047481	49.243
11.99	12.00	0.047498	49.347
11.99	12.00	0.047514	49.447
11.99	12.00	0.047531	49.542
11.99	12.00	0.047548	49.646
11.99	12.00	0.047564	49.746
11.99	12.00	0.047581	49.840
12.02	12.00	0.047598	49.945
12.02	12.00	0.047614	50.044
12.02	12.00	0.047631	50.139
12.02	12.00	0.047648	50.244
12.02	12.00	0.047664	50.343
12.02	12.00	0.047681	50.438
12.02	12.00	0.047698	50.542
12.02	12.00	0.047714	50.637
12.02	12.00	0.047731	50.736
12.02	12.00	0.047748	50.841
12.02	12.00	0.047764	50.936
12.02	12.00	0.047781	51.035
12.02	12.00	0.047798	51.140
11.99	12.00	0.047814	51.234
11.99	12.00	0.047831	51.334
11.99	12.00	0.047848	51.438
11.99	12.00	0.047864	51.533
11.99	12.00	0.047881	51.632
11.99	12.00	0.047898	51.737
11.99	12.00	0.047914	51.832
11.99	12.00	0.047931	51.931
11.99	12.00	0.047947	52.036
11.99	12.00	0.047964	52.130
11.99	12.00	0.047981	52.230
11.99	12.00	0.047997	52.334
11.99	12.00	0.048014	52.429
11.99	12.00	0.048031	52.529
11.99	12.00	0.048047	52.633
11.99	12.00	0.048064	52.728
11.99	12.00	0.048081	52.828
11.99	12.00	0.048097	52.932
11.99	12.00	0.048114	53.027
11.99	12.00	0.048131	53.128
11.99	12.00	0.048147	53.231
11.99	12.00	0.048164	53.328
11.99	12.00	0.048181	53.428
11.99	12.00	0.048197	53.529
11.99	12.00	0.048214	53.628
12.02	12.00	0.048231	53.729
12.02	12.00	0.048247	53.828
12.02	12.00	0.048264	53.928
12.02	12.00	0.048281	54.027
12.02	12.00	0.048297	54.128
12.02	12.00	0.048314	54.228
12.02	12.00	0.048331	54.328
12.02	12.00	0.048347	54.428
12.02	12.00	0.048364	54.528
12.02	12.00	0.048381	54.628
12.02	12.00	0.048397	54.727
11.99	12.00	0.048414	54.828
11.99	12.00	0.048431	54.927
11.99	12.00	0.048447	55.028
11.99	12.00	0.048464	55.128
11.99	12.00	0.048481	55.228
11.99	12.00	0.048497	55.328
11.99	12.00	0.048514	55.427
11.99	12.00	0.048531	55.528
11.99	12.00	0.048547	55.627
11.99	12.00	0.048564	55.728
11.99	12.00	0.048581	55.828
11.99	12.00	0.048597	55.928
11.99	12.00	0.048614	56.028
11.99	12.00	0.048631	56.128
11.99	12.00	0.048647	56.228
11.99	12.00	0.048664	56.327
11.99	12.00	0.048681	56.428
11.99	12.00	0.048697	56.528
11.99	12.00	0.048714	56.628
11.99	12.00	0.048731	56.728
11.99	12.00	0.048747	56.827
11.99	12.00	0.048764	56.928
11.99	12.00	0.048780	57.027
12.02	12.00	0.048797	57.127
12.02	12.00	0.048814	57.228
12.02	12.00	0.048830	57.328
12.02	12.00	0.048847	57.428
12.02	12.00	0.048864	57.527
12.02	12.00	0.048880	57.628
12.02	12.00	0.048897	57.727
12.02	12.00	0.048914	57.828
12.02	12.00	0.048930	57.928
12.02	12.00	0.048947	58.028
12.02	12.00	0.048964	58.128
12.02	12.00	0.048980	58.228
11.99	12.00	0.048997	58.328
11.99	12.00	0.049014	58.427
11.99	12.00	0.049030	58.528
11.99	12.00	0.049047	58.627
11.99	12.00	0.049064	58.756
11.99	12.00	0.049080	58.850
11.99	12.00	0.049097	58.951
11.99	12.00	0.049114	59.055
11.99	12.00	0.049130	59.149
11.99	12.00	0.049147	59.251
11.99	12.00	0.049164	59.353
11.99	12.00	0.049180	59.448
11.99	12.00	0.049197	59.551
11.99	12.00	0.049214	59.652
11.99	12.00	0.049230	59.747
11.99	12.00	0.049247	59.852
11.99	12.00	0.049264	59.951
11.99	12.00	0.049280	00.046
11.99	12.00	0.049297	00.150
11.99	12.00	0.049314	00.250
11.99	12.00	0.049330	00.344
11.99	12.00	0.049347	00.449
11.99	12.00	0.049364	00.549
11.99	12.00	0.049380	00.643
11.99	12.00	0.049397	00.748
11.99	12.00	0.049414	00.842
12.02	12.00	0.049430	00.942
12.02	12.00	0.049447	01.046
12.02	12.00	0.049464	01.141
12.02	12.00	0.049480	01.240
12.02	12.00	0.049497	01.345
12.02	12.00	0.049514	01.440
12.02	12.00	0.049530	01.539
12.02	12.00	0.049547	01.644
12.02	12.00	0.049564	01.738
12.02	12.00	0.049580	01.838
12.02	12.00	0.049597	01.942
12.02	12.00	0.049613	02.037
11.99	12.00	0.049630	02.136
11.99	12.00	0.049647	02.241
11.99	12.00	0.049663	02.336
11.99	12.00	0.049680	02.435
11.99	12.00	0.049697	02.540
11.99	12.00	0.049713	02.634
11.99	12.00	0.049730	02.734
11.99	12.00	0.049747	02.838
11.99	12.00	0.049763	02.933
11.99	12.00	0.049780	03.033
11.99	12.00	0.049797	03.137
11.99	12.00	0.049813	03.232
11.99	12.00	0.049830	03.333
11.99	12.00	0.049847	03.435
11.99	12.00	0.049863	03.537
11.99	12.00	0.049880	03.638
11.99	12.00	0.049897	03.740
11.99	12.00	0.049913	03.840
11.99	12.00	0.049930	03.941
11.99	12.00	0.049947	04.041
11.99	12.00	0.049963	04.141
11.99	12.00	0.049980	04.240
11.99	12.00	0.049997	04.341
11.99	12.01	0.050013	04.440
12.02	12.01	0.050030	04.541
12.02	12.01	0.050047	04.641
12.02	12.02	0.050063	04.741
12.02	12.02	0.050080	04.841
12.02	12.03	0.050097	04.940
12.02	12.03	0.050113	05.041
12.02	12.03	0.050130	05.139
12.02	12.04	0.050147	05.241
12.02	12.04	0.050163	05.341
12.02	12.04	0.050180	05.441
12.02	12.05	0.050197	05.541
12.02	12.05	0.050213	05.641
12.02	12.05	0.050230	05.740
12.02	12.06	0.050247	05.841
12.02	12.06	0.050263	05.940
12.02	12.06	0.050280	06.041
12.04	12.07	0.050297	06.141
12.04	12.07	0.050313	06.241
12.04	12.07	0.050330	06.341
12.04	12.07	0.050347	06.440
12.04	12.08	0.050363	06.541
12.07	12.08	0.050380	06.642
12.07	12.08	0.050397	06.741
12.07	12.09	0.050413	06.871
12.09	12.09	0.050430	06.971
12.09	12.09	0.050446	07.064
12.09	12.10	0.050463	07.170
12.09	12.10	0.050480	07.263
12.09	12.10	0.050496	07.363
12.12	12.10	0.050513	07.468
12.12	12.11	0.050530	07.563
12.12	12.11	0.050546	07.662
12.12	12.11	0.050563	07.767
12.12	12.11	0.050580	07.862
12.12	12.12	0.050596	07.960
12.12	12.12	0.050613	08.065
12.15	12.12	0.050630	08.159
12.15	12.12	0.050646	08.259
12.15	12.13	0.050663	08.363
12.15	12.13	0.050680	08.458
12.15	12.13	0.050696	08.558
12.15	12.13	0.050713	08.662
12.15	12.13	0.050730	08.757
12.15	12.14	0.050746	08.856
12.15	12.14	0.050763	08.961
12.15	12.14	0.050780	09.055
12.15	12.14	0.050796	09.155
12.15	12.14	0.050813	09.260
12.15	12.14	0.050830	09.354
12.15	12.14	0.050846	09.456
12.15	12.15	0.050863	09.558
12.15	12.15	0.050880	09.653
12.15	12.15	0.050896	09.755
12.15	12.15	0.050913	09.857
12.15	12.15	0.050930	09.951
12.15	12.15	0.050946	10.056
12.15	12.15	0.050963	10.156
12.15	12.15	0.050980	10.250
12.15	12.16	0.050996	10.354
12.15	12.16	0.051013	10.454
12.15	12.16	0.051030	10.549
12.15	12.16	0.051046	10.653
12.15	12.16	0.051063	10.753
12.15	12.16	0.051080	10.847
12.15	12.16	0.051096	10.952
12.15	12.16	0.051113	11.051
12.15	12.16	0.051130	11.146
12.15	12.16	0.051146	11.251
12.15	12.16	0.051163	11.345
12.15	12.16	0.051180	11.445
12.15	12.16	0.051196	11.549
12.15	12.16	0.051213	11.644
12.15	12.16	0.051230	11.743
12.15	12.16	0.051246	11.848
12.15	12.16	0.051263	11.942
12.17	12.16	0.051279	12.043
12.17	12.16	0.051296	12.147
12.17	12.16	0.051313	12.243
12.17	12.16	0.051329	12.344
12.17	12.16	0.051346	12.445
12.17	12.16	0.051363	12.544
12.17	12.16	0.051379	12.643
12.17	12.16	0.051396	12.744
12.17	12.16	0.051413	12.844
12.17	12.15	0.051429	12.944
12.17	12.15	0.051446	13.044
12.17	12.15	0.051463	13.144
12.17	12.15	0.051479	13.244
12.17	12.15	0.051496	13.343
12.17	12.15	0.051513	13.444
12.17	12.15	0.051529	13.543
12.17	12.15	0.051546	13.644
12.17	12.15	0.051563	13.744
12.17	12.15	0.051579	13.844
12.17	12.14	0.051596	13.944
12.17	12.14	0.051613	14.043
12.17	12.14	0.051629	14.144
12.17	12.14	0.051646	14.244
12.17	12.14	0.051663	14.344
12.17	12.14	0.051679	14.443
12.17	12.14	0.051696	14.544
12.15	12.13	0.051713	14.643
12.15	12.13	0.051729	14.744
12.15	12.13	0.051746	14.844
12.15	12.13	0.051763	14.944
12.15	12.13	0.051779	15.044
12.15	12.13	0.051796	15.143
12.12	12.12	0.051813	15.244
12.12	12.12	0.051829	15.343
12.12	12.12	0.051846	15.444
12.12	12.12	0.051863	15.544
12.12	12.12	0.051879	15.644
12.12	12.12	0.051896	15.744
12.09	12.11	0.051913	15.843
12.09	12.11	0.051929	15.944
12.09	12.11	0.051946	16.043
12.09	12.11	0.051963	16.144
12.09	12.11	0.051979	16.243
12.09	12.11	0.051996	16.344
12.09	12.10	0.052013	16.444
12.09	12.10	0.052029	16.544
12.09	12.10	0.052046	16.644
12.09	12.10	0.052063	16.743
12.09	12.10	0.052079	16.844
12.09	12.10	0.052096	16.943
12.09	12.09	0.052112	17.044
12.09	12.09	0.052129	17.144
12.09	12.09	0.052146	17.244
12.09	12.09	0.052162	17.344
12.09	12.09	0.052179	17.444
12.09	12.09	0.052196	17.544
12.09	12.08	0.052212	17.643
12.09	12.08	0.052229	17.768
12.09	12.08	0.052246	17.867
12.09	12.08	0.052262	17.972
12.09	12.08	0.052279	18.066
12.09	12.08	0.052296	18.166
12.09	12.08	0.052312	18.270
12.09	12.07	0.052329	18.365
12.09	12.07	0.052346	18.464
12.09	12.07	0.052362	18.568
12.09	12.07	0.052379	18.663
12.09	12.07	0.052396	18.763
12.09	12.07	0.052412	18.867
12.09	12.07	0.052429	18.962
12.09	12.07	0.052446	19.061
12.09	12.06	0.052462	19.166
12.07	12.06	0.052479	19.260
12.07	12.06	0.052496	19.360
12.07	12.06	0.052512	19.464
12.07	12.06	0.052529	19.559
12.07	12.06	0.052546	19.660
12.07	12.06	0.052562	19.763
12.07	12.06	0.052579	19.858
12.07	12.06	0.052596	19.960
12.04	12.06	0.052612	20.062
12.04	12.06	0.052629	20.156
12.04	12.06	0.052646	20.260
12.04	12.06	0.052662	20.361
12.04	12.06	0.052679	20.455
12.04	12.06	0.052696	20.560
12.04	12.06	0.052712	20.659
12.04	12.06	0.052729	20.754
12.04	12.06	0.052746	20.858
12.04	12.06	0.052762	20.958
12.04	12.06	0.052779	21.052
12.04	12.06	0.052796	21.157
12.04	12.06	0.052812	21.257
12.04	12.06	0.052829	21.351
12.04	12.06	0.052846	21.456
12.04	12.06	0.052862	21.550
12.04	12.06	0.052879	21.650
12.04	12.06	0.052896	21.754
12.04	12.06	0.052912	21.849
12.04	12.06	0.052929	21.949
12.04	12.06	0.052945	22.053
12.04	12.06	0.052962	22.148
12.04	12.06	0.052979	22.247
12.04	12.06	0.052995	22.352
12.04	12.06	0.053012	22.447
12.04	12.06	0.053029	22.546
12.07	12.06	0.053045	22.651
12.07	12.07	0.053062	22.746
12.07	12.07	0.053079	22.845
12.07	12.07	0.053095	22.950
12.07	12.07	0.053112	23.045
12.07	12.07	0.053129	23.145
12.07	12.07	0.053145	23.247
12.07	12.07	0.053162	23.345
12.07	12.08	0.053179	23.444
12.07	12.08	0.053195	23.546
12.07	12.08	0.053212	23.645
12.07	12.08	0.053229	23.745
12.07	12.08	0.053245	23.845
12.07	12.09	0.053262	23.944
12.07	12.09	0.053279	24.045
12.07	12.09	0.053295	24.144
12.09	12.09	0.053312	24.245
12.09	12.09	0.053329	24.345
12.09	12.10	0.053345	24.445
12.09	12.10	0.053362	24.545
12.09	12.10	0.053379	24.645
12.09	12.10	0.053395	24.745
12.09	12.11	0.053412	24.844
12.09	12.11	0.053429	24.945
12.09	12.11	0.053445	25.044
12.09	12.11	0.053462	25.145
12.09	12.12	0.053479	25.245
12.12	12.12	0.053495	25.345
12.12	12.12	0.053512	25.445
12.12	12.13	0.053529	25.589
12.12	12.13	0.053545	25.684
12.12	12.13	0.053562	25.783
12.12	12.13	0.053579	25.887
12.12	12.14	0.053595	25.981
12.12	12.14	0.053612	26.083
12.15	12.14	0.053629	26.185
12.15	12.15	0.053645	26.280
12.15	12.15	0.053662	26.383
12.15	12.15	0.053679	26.484
12.15	12.16	0.053695	26.579
12.15	12.16	0.053712	26.682
12.15	12.16	0.053729	26.782
12.15	12.17	0.053745	26.877
12.17	12.17	0.053762	26.981
12.17	12.17	0.053778	27.081
12.17	12.18	0.053795	27.176
12.17	12.18	0.053812	27.280
12.17	12.18	0.053828	27.380
12.17	12.19	0.053845	27.474
12.17	12.19	0.053862	27.579
12.17	12.19	0.053878	27.673
12.17	12.20	0.053895	27.773
12.20	12.20	0.053912	27.877
12.20	12.20	0.053928	27.973
12.20	12.21	0.053945	28.072
12.20	12.21	0.053962	28.176
12.20	12.21	0.053978	28.270
12.20	12.22	0.053995	28.370
12.20	12.22	0.054012	28.474
12.22	12.22	0.054028	28.569
12.22	12.23	0.054045	28.669
12.22	12.23	0.054062	28.773
12.22	12.24	0.054078	28.868
12.22	12.24	0.054095	28.967
12.22	12.24	0.054112	29.072
12.22	12.25	0.054128	29.166
12.25	12.25	0.054145	29.266
12.25	12.25	0.054162	29.370
12.25	12.26	0.054178	29.465
12.25	12.26	0.054195	29.565
12.25	12.26	0.054212	29.669
12.25	12.27	0.054228	29.764
12.25	12.27	0.054245	29.864
12.27	12.27	0.054262	29.968
12.27	12.28	0.054278	30.064
12.27	12.28	0.054295	30.164
12.27	12.28	0.054312	30.267
12.27	12.29	0.054328	30.364
12.27	12.29	0.054345	30.464
12.30	12.29	0.054362	30.566
12.30	12.29	0.054378	30.663
12.30	12.30	0.054395	30.764
12.30	12.30	0.054412	30.864
12.30	12.30	0.054428	30.964
12.30	12.31	0.054445	31.065
12.33	12.31	0.054462	31.165
12.33	12.31	0.054478	31.265
12.33	12.31	0.054495	31.365
12.33	12.32	0.054512	31.465
12.33	12.32	0.054528	31.564
12.33	12.32	0.054545	31.665
12.33	12.32	0.054562	31.764
12.33	12.33	0.054578	31.865
12.33	12.33	0.054595	31.965
12.33	12.33	0.054611	32.065
12.35	12.33	0.054628	32.165
12.35	12.34	0.054645	32.265
12.35	12.34	0.054661	32.365
12.35	12.34	0.054678	32.464
12.35	12.34	0.054695	32.565
12.35	12.34	0.054711	32.664
12.35	12.35	0.054728	32.765
12.35	12.35	0.054745	32.865
12.35	12.35	0.054761	32.965
12.35	12.35	0.054778	33.065
12.35	12.35	0.054795	33.165
12.35	12.36	0.054811	33.264
12.35	12.36	0.054828	33.365
12.35	12.36	0.054845	33.464
12.35	12.36	0.054861	33.565
12.38	12.36	0.054878	33.665
12.38	12.36	0.054895	33.765
12.38	12.36	0.054911	33.865
12.38	12.36	0.054928	33.964
12.38	12.37	0.054945	34.065
12.38	12.37	0.054961	34.164
12.38	12.37	0.054978	34.265
12.38	12.37	0.054995	34.365
12.38	12.37	0.055011	34.465
12.38	12.37	0.055028	34.565
12.38	12.37	0.055045	34.665
12.38	12.37	0.055061	34.764
12.38	12.37	0.055078	34.865
12.38	12.37	0.055095	34.964
12.38	12.37	0.055111	35.066
12.38	12.37	0.055128	35.165
12.38	12.37	0.055145	35.290
12.38	12.37	0.055161	35.390
12.38	12.37	0.055178	35.494
12.38	12.37	0.055195	35.589
12.38	12.37	0.055211	35.688
12.38	12.37	0.055228	35.793
12.38	12.37	0.055245	35.887
12.38	12.37	0.055261	35.987
12.38	12.37	0.055278	36.091
12.38	12.37	0.055295	36.186
12.38	12.37	0.055311	36.287
12.38	12.37	0.055328	36.390
12.38	12.37	0.055345	36.485
12.38	12.37	0.055361	36.587
12.38	12.37	0.055378	36.689
12.38	12.37	0.055395	36.783
12.38	12.37	0.055411	36.887
12.38	12.37	0.055428	36.987
12.35	12.37	0.055444	37.082
12.35	12.37	0.055461	37.187
12.35	12.36	0.055478	37.286
12.35	12.36	0.055494	37.381
12.35	12.36	0.055511	37.485
12.35	12.36	0.055528	37.585
12.35	12.36	0.055544	37.679
12.35	12.36	0.055561	37.784
12.35	12.36	0.055578	37.884
12.35	12.36	0.055594	37.978
12.35	12.36	0.055611	38.083
12.38	12.35	0.055628	38.177
12.38	12.35	0.055644	38.277
12.38	12.35	0.055661	38.381
12.38	12.35	0.055678	38.476
12.38	12.35	0.055694	38.576
12.38	12.35	0.055711	38.680
12.38	12.35	0.055728	38.775
12.35	12.34	0.055744	38.874
12.35	12.34	0.055761	38.979
12.35	12.34	0.055778	39.073
12.35	12.34	0.055794	39.173
12.35	12.34	0.055811	39.277
12.35	12.34	0.055828	39.372
12.35	12.33	0.055844	39.472
12.35	12.33	0.055861	39.576
12.35	12.33	0.055878	39.671
12.33	12.33	0.055894	39.770
12.33	12.33	0.055911	39.875
12.33	12.33	0.055928	39.969
12.33	12.32	0.055944	40.069
12.33	12.32	0.055961	40.174
12.33	12.32	0.055978	40.268
12.33	12.32	0.055994	40.369
12.33	12.32	0.056011	40.472
12.33	12.32	0.056028	40.566
12.30	12.31	0.056044	40.668
12.30	12.31	0.056061	40.770
12.30	12.31	0.056078	40.866
12.30	12.31	0.056094	40.969
12.30	12.31	0.056111	41.069
12.30	12.31	0.056128	41.168
12.30	12.30	0.056144	41.269
12.30	12.30	0.056161	41.368
12.30	12.30	0.056178	41.469
12.30	12.30	0.056194	41.568
12.30	12.30	0.056211	41.669
12.30	12.30	0.056228	41.769
12.30	12.29	0.056244	41.869
12.30	12.29	0.056261	41.969
12.30	12.29	0.056277	42.069
12.30	12.29	0.056294	42.169
12.27	12.29	0.056311	42.268
12.27	12.29	0.056327	42.369
12.27	12.29	0.056344	42.468
12.27	12.28	0.056361	42.569
12.27	12.28	0.056377	42.669
12.27	12.28	0.056394	42.769
12.27	12.28	0.056411	42.869
12.27	12.28	0.056427	42.968
12.27	12.28	0.056444	43.068
12.27	12.28	0.056461	43.169
12.27	12.28	0.056477	43.268
12.27	12.28	0.056494	43.369
12.27	12.28	0.056511	43.469
12.30	12.27	0.056527	43.569
12.30	12.27	0.056544	43.669
12.30	12.27	0.056561	43.768
12.30	12.27	0.056577	43.869
12.30	12.27	0.056594	43.968
12.30	12.27	0.056611	44.069
12.30	12.27	0.056627	44.169
12.30	12.27	0.056644	44.269
12.27	12.27	0.056661	44.369
12.27	12.27	0.056677	44.469
12.27	12.27	0.056694	44.569
12.27	12.27	0.056711	44.668
12.27	12.27	0.056727	44.769
12.27	12.27	0.056744	44.868
12.27	12.27	0.056761	44.969
12.25	12.27	0.056777	45.069
12.25	12.27	0.056794	45.169
12.25	12.27	0.056811	45.269
12.25	12.27	0.056827	45.368
12.25	12.27	0.056844	45.469
12.25	12.27	0.056861	45.568
12.25	12.27	0.056877	45.669
12.25	12.27	0.056894	45.768
12.25	12.27	0.056911	45.893
12.25	12.27	0.056927	45.997
12.25	12.27	0.056944	46.092
12.25	12.27	0.056961	46.192
12.25	12.27	0.056977	46.296
12.25	12.28	0.056994	46.391
12.25	12.28	0.057011	46.491
12.25	12.28	0.057027	46.595
12.27	12.28	0.057044	46.689
12.27	12.28	0.057061	46.791
12.27	12.28	0.057077	46.893
12.27	12.28	0.057094	46.988
12.27	12.28	0.057110	47.091
12.27	12.28	0.057127	47.192
12.27	12.29	0.057144	47.287
12.27	12.29	0.057160	47.391
12.27	12.29	0.057177	47.491
12.30	12.29	0.057194	47.585
12.30	12.29	0.057210	47.690
12.30	12.30	0.057227	47.789
12.30	12.30	0.057244	47.884
12.30	12.30	0.057260	47.988
12.30	12.30	0.057277	48.088
12.30	12.30	0.057294	48.182
12.30	12.31	0.057310	48.287
12.30	12.31	0.057327	48.382
12.30	12.31	0.057344	48.481
12.30	12.31	0.057360	48.586
12.30	12.31	0.057377	48.680
12.33	12.32	0.057394	48.780
12.33	12.32	0.057410	48.884
12.33	12.32	0.057427	48.979
12.33	12.32	0.057444	49.079
12.33	12.33	0.057460	49.184
12.33	12.33	0.057477	49.278
12.33	12.33	0.057494	49.378
12.33	12.34	0.057510	49.482
12.33	12.34	0.057527	49.577
12.33	12.34	0.057544	49.676
12.33	12.34	0.057560	49.781
12.33	12.35	0.057577	49.875
12.33	12.35	0.057594	49.975
12.33	12.35	0.057610	50.080
12.33	12.36	0.057627	50.174
12.33	12.36	0.057644	50.274
12.33	12.36	0.057660	50.378
12.33	12.37	0.057677	50.473
12.35	12.37	0.057694	50.573
12.35	12.37	0.057710	50.677
12.35	12.38	0.057727	50.772
12.35	12.38	0.057744	50.873
12.35	12.38	0.057760	50.976
12.35	12.39	0.057777	51.070
12.38	12.39	0.057794	51.173
12.38	12.39	0.057810	51.274
12.38	12.40	0.057827	51.369
12.38	12.40	0.057844	51.473
12.38	12.40	0.057860	51.573
12.40	12.41	0.057877	51.669
12.40	12.41	0.057894	51.772
12.40	12.41	0.057910	51.872
12.40	12.42	0.057927	51.968
12.40	12.42	0.057943	52.070
12.43	12.42	0.057960	52.170
12.43	12.43	0.057977	52.269
12.43	12.43	0.057993	52.370
12.43	12.43	0.058010	52.469
12.43	12.44	0.058027	52.569
12.43	12.44	0.058043	52.669
12.45	12.45	0.058060	52.770
12.45	12.45	0.058077	52.868
12.45	12.45	0.058093	52.969
12.45	12.46	0.058110	53.069
12.45	12.46	0.058127	53.169
12.45	12.46	0.058143	53.269
12.48	12.47	0.058160	53.370
12.48	12.47	0.058177	53.469
12.48	12.47	0.058193	53.568
12.48	12.48	0.058210	53.670
12.48	12.48	0.058227	53.768
12.48	12.48	0.058243	53.869
12.48	12.49	0.058260	53.970
12.48	12.49	0.058277	54.069
12.50	12.49	0.058293	54.169
12.50	12.50	0.058310	54.270
12.50	12.50	0.058327	54.369
12.50	12.50	0.058343	54.468
12.50	12.50	0.058360	54.570
12.50	12.51	0.058377	54.668
12.50	12.51	0.058393	54.769
12.50	12.51	0.058410	54.870
12.50	12.52	0.058427	54.969
12.53	12.52	0.058443	55.069
12.53	12.52	0.058460	55.171
12.53	12.52	0.058477	55.268
12.53	12.53	0.058493	55.369
12.53	12.53	0.058510	55.470
12.53	12.53	0.058527	55.569
12.53	12.54	0.058543	55.669
12.53	12.54	0.058560	55.771
12.53	12.54	0.058577	55.869
12.53	12.54	0.058593	55.969
12.53	12.55	0.058610	56.071
12.56	12.55	0.058627	56.168
12.56	12.55	0.058643	56.269
12.56	12.55	0.058660	56.371
12.56	12.55	0.058677	56.469
12.56	12.56	0.058693	56.569
12.56	12.56	0.058710	56.671
12.56	12.56	0.058727	56.769
12.56	12.56	0.058743	56.868
12.56	12.56	0.058760	56.972
12.56	12.57	0.058776	57.069
12.56	12.57	0.058793	57.168
12.58	12.57	0.058810	57.271
12.58	12.57	0.058826	57.397
12.58	12.57	0.058843	57.492
12.58	12.57	0.058860	57.572
12.58	12.57	0.058876	57.696
12.58	12.58	0.058893	57.791
12.58	12.58	0.058910	57.895
12.58	12.58	0.058926	57.995
12.58	12.58	0.058943	58.089
12.58	12.58	0.058960	58.194
12.58	12.58	0.058976	58.293
12.58	12.58	0.058993	58.388
12.58	12.58	0.059010	58.493
12.58	12.58	0.059026	58.587
12.58	12.58	0.059043	58.686
12.58	12.58	0.059060	58.791
12.58	12.58	0.059076	58.885
12.61	12.59	0.059093	58.985
12.61	12.59	0.059110	59.089
12.61	12.59	0.059126	59.184
12.61	12.59	0.059143	59.284
12.61	12.59	0.059160	59.388
12.61	12.59	0.059176	59.483
12.61	12.59	0.059193	59.582
12.61	12.59	0.059210	59.687
12.61	12.59	0.059226	59.781
12.61	12.59	0.059243	59.881
12.61	12.59	0.059260	59.986
12.61	12.59	0.059276	00.080
12.61	12.59	0.059293	00.180
12.58	12.59	0.059310	00.284
12.58	12.58	0.059326	00.379
12.58	12.58	0.059343	00.478
12.58	12.58	0.059360	00.583
12.58	12.58	0.059376	00.678
12.58	12.58	0.059393	00.777
12.58	12.58	0.059410	00.882
12.58	12.58	0.059426	00.976
12.58	12.58	0.059443	01.078
12.58	12.58	0.059460	01.180
12.58	12.58	0.059476	01.275
12.58	12.58	0.059493	01.377
12.58	12.58	0.059510	01.479
12.58	12.58	0.059526	01.574
12.58	12.57	0.059543	01.678
12.58	12.57	0.059560	01.778
12.58	12.57	0.059576	01.872
12.58	12.57	0.059593	01.977
12.58	12.57	0.059609	02.076
12.58	12.57	0.059626	02.171
12.58	12.57	0.059643	02.275
12.58	12.57	0.059659	02.375
12.58	12.56	0.059676	02.471
12.58	12.56	0.059693	02.574
12.58	12.56	0.059709	02.674
12.58	12.56	0.059726	02.770
12.58	12.56	0.059743	02.873
12.58	12.56	0.059759	02.974
12.58	12.55	0.059776	03.071
12.58	12.55	0.059793	03.172
12.56	12.55	0.059809	03.274
12.56	12.55	0.059826	03.371
12.56	12.55	0.059843	03.471
12.56	12.55	0.059859	03.575
12.56	12.54	0.059876	03.670
12.56	12.54	0.059893	03.771
12.56	12.54	0.059909	03.874
12.56	12.54	0.059926	03.971
12.56	12.54	0.059943	04.071
12.53	12.54	0.059959	04.174
12.53	12.53	0.059976	04.271
12.53	12.53	0.059993	04.370
12.53	12.53	0.060009	04.475
12.53	12.53	0.060026	04.570
12.53	12.53	0.060043	04.671
12.53	12.53	0.060059	04.774
12.53	12.52	0.060076	04.871
12.53	12.52	0.060093	04.971
12.53	12.52	0.060109	05.075
12.53	12.52	0.060126	05.171
12.50	12.52	0.060143	05.270
12.50	12.52	0.060159	05.375
12.50	12.51	0.060176	05.470
12.50	12.51	0.060193	05.571
12.50	12.51	0.060209	05.676
12.50	12.51	0.060226	05.771
12.50	12.51	0.060243	05.871
12.50	12.51	0.060259	05.975
12.50	12.50	0.060276	06.071
12.50	12.50	0.060293	06.170
12.50	12.50	0.060309	06.276
12.50	12.50	0.060326	06.370
12.50	12.50	0.060343	06.471
12.50	12.50	0.060359	06.571
12.50	12.50	0.060376	06.671
12.50	12.50	0.060393	06.771
12.50	12.49	0.060409	06.871
12.50	12.49	0.060426	06.970
12.50	12.49	0.060442	07.071
12.50	12.49	0.060459	07.170
12.50	12.49	0.060476	07.271
12.50	12.49	0.060492	07.371
12.50	12.49	0.060509	07.471
12.50	12.49	0.060526	07.570
12.48	12.49	0.060542	07.671
12.48	12.49	0.060559	07.770
12.48	12.49	0.060576	07.871
12.48	12.48	0.060592	07.971
12.48	12.48	0.060609	08.100
12.48	12.48	0.060626	08.200
12.48	12.48	0.060642	08.294
12.48	12.48	0.060659	08.399
12.48	12.48	0.060676	08.498
12.48	12.48	0.060692	08.593
12.48	12.48	0.060709	08.697
12.48	12.48	0.060726	08.797
12.48	12.48	0.060742	08.891
12.48	12.48	0.060759	08.996
12.48	12.48	0.060776	09.091
12.48	12.48	0.060792	09.190
12.48	12.48	0.060809	09.295
12.48	12.48	0.060826	09.389
12.48	12.48	0.060842	09.489
12.48	12.48	0.060859	09.593
12.48	12.48	0.060876	09.688
12.48	12.48	0.060892	09.788
12.48	12.48	0.060909	09.892
12.45	12.49	0.060926	09.986
12.45	12.49	0.060942	10.086
12.45	12.49	0.060959	10.190
12.45	12.49	0.060976	10.285
12.45	12.49	0.060992	10.384
12.45	12.49	0.061009	10.489
12.45	12.49	0.061026	10.584
12.48	12.49	0.061042	10.683
12.48	12.49	0.061059	10.788
12.48	12.49	0.061076	10.882
12.48	12.50	0.061092	10.982
12.48	12.50	0.061109	11.086
12.48	12.50	0.061126	11.181
12.48	12.50	0.061142	11.282
12.48	12.50	0.061159	11.385
12.50	12.50	0.061176	11.480
12.50	12.50	0.061192	11.582
12.50	12.51	0.061209	11.684
12.50	12.51	0.061226	11.778
12.50	12.51	0.061242	11.882
12.50	12.51	0.061259	11.982
12.50	12.51	0.061275	12.077
12.50	12.52	0.061292	12.182
12.53	12.52	0.061309	12.281
12.53	12.52	0.061325	12.376
12.53	12.52	0.061342	12.480
12.53	12.53	0.061359	12.580
12.53	12.53	0.061375	12.674
12.53	12.53	0.061392	12.778
12.53	12.53	0.061409	12.878
12.53	12.54	0.061425	12.973
12.53	12.54	0.061442	13.077
12.53	12.54	0.061459	13.172
12.53	12.54	0.061475	13.271
12.56	12.55	0.061492	13.376
12.56	12.55	0.061509	13.470
12.56	12.55	0.061525	13.571
12.56	12.55	0.061542	13.675
12.56	12.56	0.061559	13.771
12.56	12.56	0.061575	13.871
12.56	12.56	0.061592	13.973
12.56	12.57	0.061609	14.071
12.56	12.57	0.061625	14.170
12.56	12.57	0.061642	14.272
12.56	12.58	0.061659	14.371
12.56	12.58	0.061675	14.471
12.56	12.58	0.061692	14.571
12.56	12.59	0.061709	14.670
12.56	12.59	0.061725	14.771
12.56	12.59	0.061742	14.870
12.56	12.60	0.061759	14.971
12.56	12.60	0.061775	15.071
12.58	12.60	0.061792	15.171
12.58	12.61	0.061809	15.271
12.58	12.61	0.061825	15.371
12.58	12.61	0.061842	15.471
12.58	12.62	0.061859	15.571
12.61	12.62	0.061875	15.671
12.61	12.62	0.061892	15.770
12.61	12.63	0.061909	15.871
12.61	12.63	0.061925	15.970
12.61	12.63	0.061942	16.071
12.63	12.64	0.061959	16.171
12.63	12.64	0.061975	16.271
12.63	12.64	0.061992	16.371
12.63	12.65	0.062009	16.471
12.63	12.65	0.062025	16.571
12.66	12.65	0.062042	16.670
12.66	12.66	0.062059	16.771
12.66	12.66	0.062075	16.870
12.66	12.67	0.062092	16.971
12.66	12.67	0.062108	17.071
12.68	12.67	0.062125	17.171
12.68	12.68	0.062142	17.271
12.68	12.68	0.062158	17.370
12.68	12.68	0.062175	17.471
12.68	12.69	0.062192	17.570
12.68	12.69	0.062208	17.671
12.68	12.69	0.062225	17.771
12.71	12.70	0.062242	17.871
12.71	12.70	0.062258	17.971
12.71	12.70	0.062275	18.071
12.71	12.71	0.062292	18.172
12.71	12.71	0.062308	18.271
12.71	12.71	0.062325	18.372
12.71	12.71	0.062342	18.471
12.71	12.72	0.062358	18.572
12.74	12.72	0.062375	18.672
12.74	12.72	0.062392	18.772
12.74	12.73	0.062408	18.872
12.74	12.73	0.062425	18.972
12.74	12.73	0.062442	19.071
12.74	12.74	0.062458	19.171
12.74	12.74	0.062475	19.270
12.74	12.74	0.062492	19.395
12.74	12.74	0.062508	19.499
12.74	12.75	0.062525	19.594
12.74	12.75	0.062542	19.694
12.74	12.75	0.062558	19.798
12.76	12.75	0.062575	19.893
12.76	12.76	0.062592	19.992
12.76	12.76	0.062608	20.097
12.76	12.76	0.062625	20.191
12.76	12.76	0.062642	20.291
12.76	12.77	0.062658	20.395
12.76	12.77	0.062675	20.490
12.76	12.77	0.062692	20.590
12.76	12.77	0.062708	20.694
12.76	12.77	0.062725	20.789
12.76	12.78	0.062742	20.888
12.79	12.78	0.062758	20.993
12.79	12.78	0.062775	21.087
12.79	12.78	0.062792	21.187
12.79	12.78	0.062808	21.292
12.79	12.78	0.062825	21.386
12.79	12.78	0.062842	21.487
12.79	12.79	0.062858	21.590
12.79	12.79	0.062875	21.685
12.79	12.79	0.062892	21.786
12.79	12.79	0.062908	21.889
12.81	12.79	0.062925	21.983
12.81	12.79	0.062941	22.086
12.81	12.79	0.062958	22.188
12.81	12.79	0.062975	22.282
12.81	12.80	0.062991	22.387
12.81	12.80	0.063008	22.486
12.81	12.80	0.063025	22.581
12.81	12.80	0.063041	22.685
12.81	12.80	0.063058	22.785
12.81	12.80	0.063075	22.880
12.81	12.80	0.063091	22.984
12.81	12.80	0.063108	23.084
12.81	12.80	0.063125	23.178
12.81	12.80	0.063141	23.283
12.81	12.80	0.063158	23.377
12.81	12.80	0.063175	23.477
12.81	12.80	0.063191	23.582
12.81	12.80	0.063208	23.676
12.81	12.80	0.063225	23.776
12.81	12.80	0.063241	23.880
12.81	12.80	0.063258	23.975
12.81	12.80	0.063275	24.074
12.81	12.80	0.063291	24.179
12.81	12.80	0.063308	24.274
12.81	12.80	0.063325	24.373
12.81	12.80	0.063341	24.478
12.81	12.80	0.063358	24.572
12.79	12.80	0.063375	24.672
12.79	12.80	0.063391	24.776
12.79	12.80	0.063408	24.871
12.79	12.79	0.063425	24.972
12.79	12.79	0.063441	25.075
12.79	12.79	0.063458	25.172
12.79	12.79	0.063475	25.272
12.79	12.79	0.063491	25.373
12.79	12.79	0.063508	25.472
12.79	12.79	0.063525	25.571
12.79	12.79	0.063541	25.672
12.79	12.79	0.063558	25.771
12.79	12.79	0.063575	25.872
12.79	12.78	0.063591	25.972
12.79	12.78	0.063608	26.072
12.79	12.78	0.063625	26.172
12.79	12.78	0.063641	26.272
12.79	12.78	0.063658	26.371
12.79	12.78	0.063675	26.472
12.79	12.78	0.063691	26.572
12.79	12.77	0.063708	26.672
12.79	12.77	0.063725	26.772
12.79	12.77	0.063741	26.872
12.79	12.77	0.063758	26.972
12.79	12.77	0.063774	27.071
12.79	12.77	0.063791	27.172
12.79	12.76	0.063808	27.271
12.79	12.76	0.063824	27.372
12.79	12.76	0.063841	27.472
12.79	12.76	0.063858	27.572
12.79	12.76	0.063874	27.671
12.79	12.76	0.063891	27.772
12.79	12.75	0.063908	27.872
12.76	12.75	0.063924	27.971
12.76	12.75	0.063941	28.072
12.76	12.75	0.063958	28.172
12.76	12.75	0.063974	28.272
12.76	12.75	0.063991	28.372
12.74	12.74	0.064008	28.472
12.74	12.74	0.064024	28.571
12.74	12.74	0.064041	28.672
12.74	12.74	0.064058	28.772
12.74	12.74	0.064074	28.872
12.74	12.74	0.064091	28.972
12.74	12.73	0.064108	29.072
12.74	12.73	0.064124	29.171
12.71	12.73	0.064141	29.272
12.71	12.73	0.064158	29.371
12.71	12.73	0.064174	29.472
12.71	12.73	0.064191	29.571
12.71	12.72	0.064208	29.672
12.71	12.72	0.064224	29.772
12.71	12.72	0.064241	29.872
12.71	12.72	0.064258	29.972
12.71	12.72	0.064274	30.071
12.71	12.72	0.064291	30.172
12.71	12.72	0.064308	30.271
12.71	12.71	0.064324	30.372
12.71	12.71	0.064341	30.472
12.71	12.71	0.064358	30.600
12.71	12.71	0.064374	30.695
12.71	12.71	0.064391	30.794
12.71	12.71	0.064408	30.899
12.71	12.71	0.064424	30.993
12.71	12.71	0.064441	31.093
12.71	12.70	0.064458	31.197
12.71	12.70	0.064474	31.292
12.71	12.70	0.064491	31.391
12.71	12.70	0.064508	31.496
12.71	12.70	0.064524	31.591
12.71	12.70	0.064541	31.690
12.71	12.70	0.064558	31.796
12.71	12.70	0.064574	31.889
12.68	12.70	0.064591	31.991
12.68	12.70	0.064607	32.093
12.68	12.70	0.064624	32.188
12.68	12.70	0.064641	32.291
12.68	12.70	0.064657	32.392
12.68	12.70	0.064674	32.487
12.68	12.70	0.064691	32.590
12.68	12.70	0.064707	32.691
12.68	12.70	0.064724	32.785
12.68	12.70	0.064741	32.890
12.68	12.70	0.064757	32.989
12.68	12.70	0.064774	33.084
12.68	12.70	0.064791	33.189
12.71	12.70	0.064807	33.288
12.71	12.70	0.064824	33.383
12.71	12.70	0.064841	33.487
12.71	12.70	0.064857	33.587
12.71	12.70	0.064874	33.681
12.71	12.70	0.064891	33.786
12.71	12.70	0.064907	33.881
12.71	12.70	0.064924	33.980
12.71	12.70	0.064941	34.085
12.71	12.70	0.064957	34.179
12.71	12.70	0.064974	34.279
12.71	12.70	0.064991	34.383
12.71	12.70	0.065007	34.478
12.71	12.70	0.065024	34.577
12.71	12.70	0.065041	34.682
12.71	12.71	0.065057	34.777
12.71	12.71	0.065074	34.876
12.71	12.71	0.065091	34.981
12.71	12.71	0.065107	35.075
12.71	12.71	0.065124	35.175
12.71	12.71	0.065141	35.279
12.71	12.71	0.065157	35.374
12.71	12.72	0.065174	35.474
12.71	12.72	0.065191	35.578
12.68	12.72	0.065207	35.673
12.68	12.72	0.065224	35.772
12.68	12.72	0.065241	35.877
12.68	12.73	0.065257	35.971
12.68	12.73	0.065274	36.072
12.68	12.73	0.065291	36.176
12.71	12.73	0.065307	36.272
12.71	12.73	0.065324	36.372
12.71	12.74	0.065341	36.475
12.71	12.74	0.065357	36.572
12.71	12.74	0.065374	36.672
12.71	12.74	0.065391	36.772
12.74	12.75	0.065407	36.872
12.74	12.75	0.065424	36.974
12.74	12.75	0.065440	37.076
12.74	12.75	0.065457	37.175
12.74	12.76	0.065474	37.276
12.74	12.76	0.065490	37.376
12.76	12.76	0.065507	37.475
12.76	12.77	0.065524	37.576
12.76	12.77	0.065540	37.675
12.76	12.77	0.065557	37.776
12.76	12.77	0.065574	37.876
12.76	12.78	0.065590	37.976
12.76	12.78	0.065607	38.076
12.79	12.78	0.065624	38.176
12.79	12.79	0.065640	38.276
12.79	12.79	0.065657	38.375
12.79	12.79	0.065674	38.476
12.79	12.80	0.065690	38.575
12.79	12.80	0.065707	38.676
12.79	12.80	0.065724	38.776
12.81	12.81	0.065740	38.876
12.81	12.81	0.065757	38.976
12.81	12.81	0.065774	39.075
12.81	12.82	0.065790	39.176
12.81	12.82	0.065807	39.275
12.81	12.82	0.065824	39.376
12.81	12.83	0.065840	39.475
12.81	12.83	0.065857	39.576
12.81	12.83	0.065874	39.676
12.84	12.84	0.065890	39.776
12.84	12.84	0.065907	39.876
12.84	12.84	0.065924	39.975
12.84	12.85	0.065940	40.075
12.84	12.85	0.065957	40.176
12.84	12.85	0.065974	40.275
12.86	12.86	0.065990	40.376
12.86	12.86	0.066007	40.476
12.86	12.86	0.066024	40.576
12.86	12.87	0.066040	40.676
12.86	12.87	0.066057	40.775
12.86	12.88	0.066074	40.875
12.86	12.88	0.066090	40.974
12.89	12.88	0.066107	41.104
12.89	12.89	0.066124	41.198
12.89	12.89	0.066140	41.298
12.89	12.89	0.066157	41.403
12.89	12.90	0.066174	41.497
12.89	12.90	0.066190	41.597
12.89	12.90	0.066207	41.701
12.89	12.91	0.066224	41.796
12.92	12.91	0.066240	41.895
12.92	12.91	0.066257	42.000
12.92	12.92	0.066273	42.094
12.92	12.92	0.066290	42.195
12.92	12.92	0.066307	42.299
12.92	12.93	0.066323	42.393
12.92	12.93	0.066340	42.495
12.92	12.93	0.066357	42.597
12.92	12.93	0.066373	42.692
12.94	12.94	0.066390	42.795
12.94	12.94	0.066407	42.896
12.94	12.94	0.066423	42.991
12.94	12.95	0.066440	43.095
12.94	12.95	0.066457	43.195
12.94	12.95	0.066473	43.289
12.94	12.95	0.066490	43.394
12.94	12.96	0.066507	43.493
12.94	12.96	0.066523	43.588
12.97	12.96	0.066540	43.692
12.97	12.96	0.066557	43.792
12.97	12.97	0.066573	43.887
12.97	12.97	0.066590	43.991
12.97	12.97	0.066607	44.086
12.97	12.97	0.066623	44.185
12.97	12.98	0.066640	44.290
12.97	12.98	0.066657	44.384
12.99	12.98	0.066673	44.484
12.99	12.98	0.066690	44.589
12.99	12.98	0.066707	44.683
12.99	12.99	0.066723	44.783
12.99	12.99	0.066740	44.887
12.99	12.99	0.066757	44.982
12.99	12.99	0.066773	45.081
12.99	12.99	0.066790	45.186
12.99	13.00	0.066807	45.280
12.99	13.00	0.066823	45.380
13.02	13.00	0.066840	45.485
13.02	13.00	0.066857	45.579
13.02	13.00	0.066873	45.679
13.02	13.00	0.066890	45.783
13.02	13.00	0.066907	45.878
13.02	13.00	0.066923	45.977
13.02	13.01	0.066940	46.082
13.02	13.01	0.066957	46.177
13.02	13.01	0.066973	46.277
13.02	13.01	0.066990	46.381
13.02	13.01	0.067007	46.476
13.02	13.01	0.067023	46.577
13.02	13.01	0.067040	46.679
13.02	13.01	0.067057	46.777
13.02	13.01	0.067073	46.876
13.02	13.01	0.067090	46.978
13.02	13.01	0.067106	47.077
13.02	13.01	0.067123	47.177
13.02	13.01	0.067140	47.277
13.02	13.01	0.067156	47.376
13.02	13.01	0.067173	47.477
13.02	13.01	0.067190	47.576
13.02	13.01	0.067206	47.677
13.02	13.01	0.067223	47.777
13.02	13.01	0.067240	47.877
13.02	13.01	0.067256	47.977
13.02	13.01	0.067273	48.077
13.02	13.01	0.067290	48.177
13.02	13.01	0.067306	48.276
13.02	13.01	0.067323	48.377
13.02	13.01	0.067340	48.476
13.02	13.01	0.067356	48.577
13.02	13.01	0.067373	48.677
13.02	13.01	0.067390	48.777
13.02	13.01	0.067406	48.877
13.02	13.01	0.067423	48.976
13.02	13.01	0.067440	49.077
13.02	13.01	0.067456	49.176
13.02	13.00	0.067473	49.277
12.99	13.00	0.067490	49.376
12.99	13.00	0.067506	49.477
12.99	13.00	0.067523	49.577
12.99	13.00	0.067540	49.677
12.99	13.00	0.067556	49.777
12.99	13.00	0.067573	49.876
12.99	13.00	0.067590	49.977
12.99	13.00	0.067606	50.076
12.99	12.99	0.067623	50.177
12.99	12.99	0.067640	50.277
12.99	12.99	0.067656	50.377
12.99	12.99	0.067673	50.477
12.99	12.99	0.067690	50.577
12.99	12.99	0.067706	50.677
12.99	12.99	0.067723	50.776
12.99	12.98	0.067740	50.877
12.99	12.98	0.067756	50.976
12.99	12.98	0.067773	51.077
12.99	12.98	0.067790	51.177
12.99	12.98	0.067806	51.277
12.99	12.98	0.067823	51.377
12.99	12.97	0.067840	51.476
12.99	12.97	0.067856	51.577
12.99	12.97	0.067873	51.676
12.99	12.97	0.067890	51.777
12.99	12.97	0.067906	51.877
12.99	12.97	0.067923	52.001
12.99	12.96	0.067939	52.101
12.99	12.96	0.067956	52.205
12.99	12.96	0.067973	52.300
12.99	12.96	0.067989	52.399
12.99	12.96	0.068006	52.504
12.99	12.96	0.068023	52.598
12.97	12.95	0.068039	52.700
12.97	12.95	0.068056	52.802
12.97	12.95	0.068073	52.897
12.97	12.95	0.068089	53.000
12.97	12.95	0.068106	53.101
12.97	12.95	0.068123	53.196
12.94	12.94	0.068139	53.299
12.94	12.94	0.068156	53.400
12.94	12.94	0.068173	53.494
12.94	12.94	0.068189	53.599
12.94	12.94	0.068206	53.699
12.94	12.94	0.068223	53.793
12.92	12.93	0.068239	53.898
12.92	12.93	0.068256	53.997
12.92	12.93	0.068273	54.092
12.92	12.93	0.068289	54.196
12.92	12.93	0.068306	54.296
12.92	12.93	0.068323	54.391
12.92	12.93	0.068339	54.495
12.92	12.92	0.068356	54.590
12.92	12.92	0.068373	54.689
12.92	12.92	0.068389	54.794
12.89	12.92	0.068406	54.888
12.89	12.92	0.068423	54.988
12.89	12.92	0.068439	55.092
12.89	12.92	0.068456	55.187
12.89	12.92	0.068473	55.287
12.89	12.92	0.068489	55.391
12.89	12.92	0.068506	55.486
12.89	12.91	0.068523	55.585
12.89	12.91	0.068539	55.690
12.89	12.91	0.068556	55.784
12.92	12.91	0.068573	55.884
12.92	12.91	0.068589	55.988
12.92	12.91	0.068606	56.083
12.92	12.91	0.068623	56.183
12.92	12.91	0.068639	56.287
12.92	12.91	0.068656	56.382
12.92	12.91	0.068673	56.481
12.92	12.91	0.068689	56.586
12.92	12.91	0.068706	56.680
12.92	12.91	0.068723	56.781
12.92	12.91	0.068739	56.885
12.92	12.91	0.068756	56.979
12.92	12.91	0.068772	57.082
12.92	12.91	0.068789	57.183
12.92	12.91	0.068806	57.277
12.92	12.91	0.068822	57.381
12.92	12.91	0.068839	57.481
12.92	12.91	0.068856	57.577
12.89	12.91	0.068872	57.680
12.89	12.91	0.068889	57.780
12.89	12.91	0.068906	57.877
12.89	12.91	0.068922	57.979
12.89	12.91	0.068939	58.078
12.89	12.91	0.068956	58.177
12.89	12.91	0.068972	58.277
12.89	12.92	0.068989	58.378
12.89	12.92	0.069006	58.477
12.89	12.92	0.069022	58.577
12.89	12.92	0.069039	58.678
12.89	12.92	0.069056	58.776
12.92	12.92	0.069072	58.877
12.92	12.92	0.069089	58.978
12.92	12.92	0.069106	59.078
12.92	12.92	0.069122	59.177
12.92	12.93	0.069139	59.278
12.92	12.93	0.069156	59.378
12.92	12.93	0.069172	59.478
12.92	12.93	0.069189	59.578
12.92	12.93	0.069206	59.677
12.92	12.94	0.069222	59.778
12.94	12.94	0.069239	59.878
12.94	12.94	0.069256	59.978
12.94	12.94	0.069272	00.079
12.94	12.94	0.069289	00.179
12.94	12.95	0.069306	00.279
12.94	12.95	0.069322	00.378
12.94	12.95	0.069339	00.479
12.94	12.95	0.069356	00.578
12.94	12.95	0.069372	00.679
12.94	12.96	0.069389	00.779
12.94	12.96	0.069406	00.879
12.94	12.96	0.069422	00.979
12.97	12.96	0.069439	01.079
12.97	12.97	0.069456	01.179
12.97	12.97	0.069472	01.278
12.97	12.97	0.069489	01.379
12.97	12.98	0.069506	01.478
12.97	12.98	0.069522	01.579
12.97	12.98	0.069539	01.680
12.97	12.98	0.069556	01.779
12.97	12.99	0.069572	01.879
12.97	12.99	0.069589	01.979
12.97	12.99	0.069605	02.079
12.97	13.00	0.069622	02.178
12.99	13.00	0.069639	02.280
12.99	13.00	0.069655	02.378
12.99	13.01	0.069672	02.479
12.99	13.01	0.069689	02.580
12.99	13.01	0.069705	02.679
12.99	13.02	0.069722	02.779
12.99	13.02	0.069739	02.880
13.02	13.02	0.069755	03.007
13.02	13.03	0.069772	03.101
13.02	13.03	0.069789	03.180
13.02	13.03	0.069805	03.305
13.02	13.04	0.069822	03.400
13.02	13.04	0.069839	03.480
13.04	13.04	0.069855	03.604
13.04	13.05	0.069872	03.699
13.04	13.05	0.069889	03.803
13.04	13.05	0.069905	03.903
13.04	13.06	0.069922	03.997
13.04	13.06	0.069939	04.102
13.07	13.06	0.069955	04.202
13.07	13.07	0.069972	04.296
13.07	13.07	0.069989	04.401
13.07	13.07	0.070005	04.495
13.07	13.08	0.070022	04.595
13.07	13.08	0.070039	04.699
13.07	13.09	0.070055	04.794
13.09	13.09	0.070072	04.893
13.09	13.09	0.070089	04.998
13.09	13.10	0.070105	05.093
13.09	13.10	0.070122	05.192
13.09	13.10	0.070139	05.297
13.09	13.11	0.070155	05.391
13.09	13.11	0.070172	05.491
13.12	13.11	0.070189	05.595
13.12	13.12	0.070205	05.690
13.12	13.12	0.070222	05.789
13.12	13.12	0.070239	05.894
13.12	13.13	0.070255	05.989
13.12	13.13	0.070272	06.088
13.12	13.13	0.070289	06.193
13.15	13.14	0.070305	06.287
13.15	13.14	0.070322	06.387
13.15	13.14	0.070339	06.491
13.15	13.14	0.070355	06.586
13.15	13.15	0.070372	06.687
13.15	13.15	0.070389	06.790
13.15	13.15	0.070405	06.885
13.17	13.16	0.070422	06.986
13.17	13.16	0.070438	07.089
13.17	13.16	0.070455	07.183
13.17	13.16	0.070472	07.287
13.17	13.17	0.070488	07.387
13.17	13.17	0.070505	07.482
13.17	13.17	0.070522	07.586
13.17	13.18	0.070538	07.687
13.17	13.18	0.070555	07.781
13.17	13.18	0.070572	07.886
13.17	13.18	0.070588	07.985
13.17	13.19	0.070605	08.080
13.17	13.19	0.070622	08.184
13.17	13.19	0.070638	08.284
13.20	13.19	0.070655	08.380
13.20	13.19	0.070672	08.483
13.20	13.20	0.070688	08.583
13.20	13.20	0.070705	08.679
13.20	13.20	0.070722	08.782
13.20	13.20	0.070738	08.882
13.20	13.20	0.070755	08.980
13.20	13.21	0.070772	09.080
13.20	13.21	0.070788	09.183
13.22	13.21	0.070805	09.280
13.22	13.21	0.070822	09.380
13.22	13.21	0.070838	09.483
13.22	13.21	0.070855	09.580
13.22	13.21	0.070872	09.679
13.22	13.22	0.070888	09.783
13.22	13.22	0.070905	09.880
13.22	13.22	0.070922	09.980
13.22	13.22	0.070938	10.084
13.22	13.22	0.070955	10.180
13.22	13.22	0.070972	10.280
13.25	13.22	0.070988	10.383
13.25	13.22	0.071005	10.480
13.25	13.22	0.071022	10.579
13.25	13.22	0.071038	10.684
13.25	13.22	0.071055	10.780
13.25	13.22	0.071072	10.880
13.25	13.23	0.071088	10.984
13.25	13.23	0.071105	11.079
13.25	13.23	0.071122	11.180
13.25	13.23	0.071138	11.279
13.25	13.23	0.071155	11.380
13.25	13.23	0.071172	11.480
13.22	13.23	0.071188	11.584
13.22	13.23	0.071205	11.680
13.22	13.23	0.071222	11.780
13.22	13.23	0.071238	11.885
13.22	13.23	0.071255	11.979
13.22	13.23	0.071271	12.080
13.22	13.23	0.071288	12.179
13.22	13.23	0.071305	12.280
13.22	13.22	0.071321	12.380
13.22	13.22	0.071338	12.485
13.22	13.22	0.071355	12.580
13.22	13.22	0.071371	12.680
13.22	13.22	0.071388	12.780
13.22	13.22	0.071405	12.879
13.22	13.22	0.071421	12.980
13.22	13.22	0.071438	13.085
13.22	13.22	0.071455	13.181
13.22	13.22	0.071471	13.280
13.22	13.22	0.071488	13.385
13.22	13.22	0.071505	13.480
13.22	13.22	0.071521	13.580
13.22	13.21	0.071538	13.685
13.22	13.21	0.071555	13.779
13.22	13.21	0.071571	13.904
13.22	13.21	0.071588	14.008
13.22	13.21	0.071605	14.108
13.22	13.21	0.071621	14.203
13.22	13.21	0.071638	14.307
13.22	13.21	0.071655	14.407
13.22	13.20	0.071671	14.501
13.22	13.20	0.071688	14.606
13.22	13.20	0.071705	14.705
13.22	13.20	0.071721	14.800
13.22	13.20	0.071738	14.904
13.22	13.20	0.071755	14.999
13.22	13.19	0.071771	15.099
13.22	13.19	0.071788	15.203
13.22	13.19	0.071805	15.298
13.22	13.19	0.071821	15.397
13.22	13.19	0.071838	15.502
13.20	13.19	0.071855	15.596
13.20	13.18	0.071871	15.696
13.20	13.18	0.071888	15.801
13.20	13.18	0.071905	15.895
13.20	13.18	0.071921	15.995
13.20	13.18	0.071938	16.099
13.20	13.18	0.071955	16.194
13.17	13.17	0.071971	16.293
13.17	13.17	0.071988	16.398
13.17	13.17	0.072005	16.492
13.17	13.17	0.072021	16.592
13.17	13.17	0.072038	16.696
13.17	13.17	0.072055	16.791
13.17	13.16	0.072071	16.891
13.15	13.16	0.072088	16.996
13.15	13.16	0.072104	17.089
13.15	13.16	0.072121	17.191
13.15	13.16	0.072138	17.293
13.15	13.16	0.072154	17.388
13.15	13.15	0.072171	17.492
13.15	13.15	0.072188	17.593
13.15	13.15	0.072204	17.687
13.15	13.15	0.072221	17.792
13.15	13.15	0.072238	17.891
13.15	13.15	0.072254	17.986
13.15	13.14	0.072271	18.091
13.15	13.14	0.072288	18.190
13.15	13.14	0.072304	18.285
13.12	13.14	0.072321	18.389
13.12	13.14	0.072338	18.489
13.12	13.14	0.072354	18.583
13.12	13.14	0.072371	18.688
13.12	13.14	0.072388	18.782
13.12	13.13	0.072404	18.883
13.12	13.13	0.072421	18.987
13.12	13.13	0.072438	19.088
13.12	13.13	0.072454	19.184
13.12	13.13	0.072471	19.285
13.12	13.13	0.072488	19.388
13.12	13.13	0.072504	19.483
13.12	13.13	0.072521	19.584
13.12	13.13	0.072538	19.688
13.12	13.13	0.072554	19.784
13.12	13.13	0.072571	19.884
13.15	13.12	0.072588	19.988
13.15	13.12	0.072604	20.084
13.15	13.12	0.072621	20.183
13.15	13.12	0.072638	20.288
13.15	13.12	0.072654	20.383
13.15	13.12	0.072671	20.484
13.15	13.12	0.072688	20.584
13.12	13.12	0.072704	20.684
13.12	13.12	0.072721	20.784
13.12	13.12	0.072738	20.883
13.12	13.12	0.072754	20.984
13.12	13.12	0.072771	21.083
13.12	13.12	0.072788	21.189
13.12	13.12	0.072804	21.283
13.12	13.12	0.072821	21.384
13.12	13.12	0.072838	21.484
13.12	13.12	0.072854	21.584
13.09	13.12	0.072871	21.684
13.09	13.12	0.072888	21.783
13.09	13.12	0.072904	21.884
13.09	13.13	0.072921	21.983
13.09	13.13	0.072937	22.084
13.09	13.13	0.072954	22.185
13.09	13.13	0.072971	22.285
13.09	13.13	0.072987	22.390
13.09	13.13	0.073004	22.485
13.12	13.13	0.073021	22.585
13.12	13.13	0.073037	22.684
13.12	13.13	0.073054	22.785
13.12	13.13	0.073071	22.884
13.12	13.14	0.073087	22.990
13.12	13.14	0.073104	23.085
13.12	13.14	0.073121	23.185
13.15	13.14	0.073137	23.285
13.15	13.14	0.073154	23.384
13.15	13.14	0.073171	23.485
13.15	13.14	0.073187	23.584
13.15	13.15	0.073204	23.685
13.15	13.15	0.073221	23.786
13.15	13.15	0.073237	23.890
13.15	13.15	0.073254	24.015
13.15	13.15	0.073271	24.109
13.15	13.16	0.073287	24.214
13.15	13.16	0.073304	24.313
13.15	13.16	0.073321	24.408
13.15	13.16	0.073337	24.512
13.15	13.17	0.073354	24.612
13.15	13.17	0.073371	24.706
13.15	13.17	0.073387	24.811
13.17	13.17	0.073404	24.911
13.17	13.18	0.073421	25.005
13.17	13.18	0.073437	25.110
13.17	13.18	0.073454	25.204
13.17	13.18	0.073471	25.304
13.17	13.19	0.073487	25.408
13.17	13.19	0.073504	25.503
13.17	13.19	0.073521	25.603
13.17	13.19	0.073537	25.707
13.17	13.20	0.073554	25.802
13.20	13.20	0.073571	25.901
13.20	13.20	0.073587	26.006
13.20	13.21	0.073604	26.100
13.20	13.21	0.073621	26.200
13.20	13.21	0.073637	26.304
13.20	13.22	0.073654	26.399
13.20	13.22	0.073671	26.499
13.20	13.22	0.073687	26.603
13.22	13.23	0.073704	26.698
13.22	13.23	0.073721	26.797
13.22	13.23	0.073737	26.902
13.22	13.24	0.073754	26.996
13.22	13.24	0.073770	27.096
13.22	13.24	0.073787	27.200
13.25	13.25	0.073804	27.295
13.25	13.25	0.073820	27.396
13.25	13.25	0.073837	27.499
13.25	13.26	0.073854	27.594
13.25	13.26	0.073870	27.696
13.25	13.26	0.073887	27.798
13.27	13.27	0.073904	27.893
13.27	13.27	0.073920	27.996
13.27	13.27	0.073937	28.097
13.27	13.28	0.073954	28.191
13.27	13.28	0.073970	28.296
13.27	13.28	0.073987	28.395
13.30	13.29	0.074004	28.490
13.30	13.29	0.074020	28.594
13.30	13.29	0.074037	28.694
13.30	13.30	0.074054	28.789
13.30	13.30	0.074070	28.893
13.30	13.31	0.074087	28.987
13.30	13.31	0.074104	29.087
13.30	13.31	0.074120	29.191
13.30	13.32	0.074137	29.286
13.30	13.32	0.074154	29.387
13.30	13.32	0.074170	29.490
13.33	13.33	0.074187	29.592
13.33	13.33	0.074204	29.688
13.33	13.33	0.074220	29.788
13.33	13.34	0.074237	29.888
13.33	13.34	0.074254	29.987
13.33	13.34	0.074270	30.088
13.33	13.35	0.074287	30.187
13.33	13.35	0.074304	30.288
13.35	13.35	0.074320	30.388
13.35	13.35	0.074337	30.488
13.35	13.36	0.074354	30.588
13.35	13.36	0.074370	30.688
13.35	13.36	0.074387	30.788
13.35	13.37	0.074404	30.887
13.35	13.37	0.074420	30.988
13.38	13.37	0.074437	31.088
13.38	13.38	0.074454	31.188
13.38	13.38	0.074470	31.288
13.38	13.38	0.074487	31.388
13.38	13.38	0.074504	31.488
13.38	13.39	0.074520	31.588
13.40	13.39	0.074537	31.687
13.40	13.39	0.074554	31.788
13.40	13.39	0.074570	31.887
13.40	13.40	0.074587	31.988
13.40	13.40	0.074603	32.088
13.40	13.40	0.074620	32.188
13.40	13.40	0.074637	32.288
13.40	13.41	0.074653	32.387
13.40	13.41	0.074670	32.488
13.43	13.41	0.074687	32.587
13.43	13.41	0.074703	32.688
13.43	13.41	0.074720	32.787
13.43	13.42	0.074737	32.888
13.43	13.42	0.074753	32.988
13.43	13.42	0.074770	33.088
13.43	13.42	0.074787	33.188
13.43	13.42	0.074803	33.287
13.43	13.42	0.074820	33.388
13.43	13.42	0.074837	33.487
13.43	13.43	0.074853	33.588
13.43	13.43	0.074870	33.688
13.43	13.43	0.074887	33.788
13.43	13.43	0.074903	33.888
13.43	13.43	0.074920	33.988
13.43	13.43	0.074937	34.088
13.43	13.43	0.074953	34.187
13.43	13.43	0.074970	34.288
13.45	13.44	0.074987	34.387
13.45	13.44	0.075003	34.488
13.45	13.44	0.075020	34.588
13.45	13.44	0.075037	34.717
13.45	13.44	0.075053	34.817
13.45	13.44	0.075070	34.911
13.45	13.44	0.075087	35.016
13.45	13.44	0.075103	35.115
13.45	13.44	0.075120	35.210
13.45	13.44	0.075137	35.314
13.45	13.44	0.075153	35.409
13.45	13.44	0.075170	35.509
13.45	13.44	0.075187	35.613
13.45	13.44	0.075203	35.708
13.45	13.44	0.075220	35.807
13.45	13.44	0.075237	35.912
13.45	13.44	0.075253	36.006
13.45	13.44	0.075270	36.106
13.45	13.44	0.075287	36.210
13.45	13.44	0.075303	36.305
13.45	13.44	0.075320	36.405
13.45	13.44	0.075337	36.509
13.45	13.44	0.075353	36.604
13.45	13.44	0.075370	36.703
13.45	13.44	0.075387	36.808
13.45	13.44	0.075403	36.902
13.45	13.43	0.075420	37.002
13.45	13.43	0.075436	37.107
13.45	13.43	0.075453	37.201
13.45	13.43	0.075470	37.301
13.45	13.43	0.075486	37.405
13.45	13.43	0.075503	37.500
13.43	13.43	0.075520	37.601
13.43	13.43	0.075536	37.704
13.43	13.43	0.075553	37.799
13.43	13.43	0.075570	37.901
13.43	13.42	0.075586	38.003
13.43	13.42	0.075603	38.097
13.43	13.42	0.075620	38.201
13.43	13.42	0.075636	38.301
13.43	13.42	0.075653	38.396
13.43	13.42	0.075670	38.500
13.43	13.42	0.075686	38.600
13.43	13.41	0.075703	38.695
13.43	13.41	0.075720	38.799
13.40	13.41	0.075736	38.899
13.40	13.41	0.075753	38.993
13.40	13.41	0.075770	39.098
13.40	13.41	0.075786	39.197
13.40	13.40	0.075803	39.292
13.40	13.40	0.075820	39.397
13.40	13.40	0.075836	39.491
13.40	13.40	0.075853	39.591
13.40	13.40	0.075870	39.695
13.40	13.40	0.075886	39.790
13.40	13.39	0.075903	39.889
13.40	13.39	0.075920	39.994
13.40	13.39	0.075936	40.088
13.40	13.39	0.075953	40.188
13.40	13.39	0.075970	40.293
13.40	13.39	0.075986	40.388
13.40	13.38	0.076003	40.488
13.40	13.38	0.076020	40.591
13.40	13.38	0.076036	40.688
13.38	13.38	0.076053	40.787
13.38	13.38	0.076070	40.890
13.38	13.38	0.076086	40.988
13.38	13.37	0.076103	41.088
13.38	13.37	0.076120	41.188
13.38	13.37	0.076136	41.288
13.38	13.37	0.076153	41.387
13.38	13.37	0.076170	41.488
13.38	13.37	0.076186	41.587
13.38	13.36	0.076203	41.688
13.38	13.36	0.076220	41.787
13.35	13.36	0.076236	41.888
13.35	13.36	0.076253	41.988
13.35	13.36	0.076269	42.088
13.35	13.36	0.076286	42.189
13.35	13.36	0.076303	42.288
13.35	13.35	0.076319	42.389
13.35	13.35	0.076336	42.488
13.35	13.35	0.076353	42.589
13.35	13.35	0.076369	42.689
13.35	13.35	0.076386	42.789
13.35	13.35	0.076403	42.889
13.35	13.35	0.076419	42.989
13.35	13.35	0.076436	43.089
13.35	13.34	0.076453	43.188
13.35	13.34	0.076469	43.289
13.35	13.34	0.076486	43.388
13.33	13.34	0.076503	43.489
13.33	13.34	0.076519	43.589
13.33	13.34	0.076536	43.689
13.33	13.34	0.076553	43.789
13.33	13.34	0.076569	43.888
13.33	13.34	0.076586	43.989
13.33	13.34	0.076603	44.088
13.33	13.34	0.076619	44.189
13.33	13.34	0.076636	44.289
13.33	13.34	0.076653	44.389
13.33	13.34	0.076669	44.489
13.33	13.34	0.076686	44.589
13.33	13.34	0.076703	44.689
13.33	13.34	0.076719	44.788
13.33	13.34	0.076736	44.889
13.33	13.34	0.076753	44.988
13.33	13.34	0.076769	45.089
13.33	13.34	0.076786	45.189
13.33	13.34	0.076803	45.289
13.35	13.34	0.076819	45.389
13.35	13.34	0.076836	45.489
13.35	13.34	0.076853	45.589
13.35	13.34	0.076869	45.688
13.35	13.34	0.076886	45.789
13.35	13.34	0.076903	45.888
13.35	13.34	0.076919	46.012
13.35	13.34	0.076936	46.116
13.35	13.34	0.076953	46.211
13.35	13.34	0.076969	46.311
13.35	13.34	0.076986	46.416
13.33	13.34	0.077003	46.510
13.33	13.34	0.077019	46.610
13.33	13.34	0.077036	46.714
13.33	13.35	0.077053	46.809
13.33	13.35	0.077069	46.908
13.33	13.35	0.077086	47.013
13.33	13.35	0.077102	47.108
13.33	13.35	0.077119	47.207
13.33	13.35	0.077136	47.312
13.33	13.35	0.077152	47.406
13.33	13.36	0.077169	47.505
13.33	13.36	0.077186	47.610
13.33	13.36	0.077202	47.705
13.35	13.36	0.077219	47.806
13.35	13.36	0.077236	47.909
13.35	13.37	0.077252	48.003
13.35	13.37	0.077269	48.106
13.35	13.37	0.077286	48.207
13.35	13.37	0.077302	48.302
13.35	13.37	0.077319	48.405
13.35	13.38	0.077336	48.506
13.35	13.38	0.077352	48.601
13.38	13.38	0.077369	48.705
13.38	13.38	0.077386	48.805
13.38	13.39	0.077402	48.899
13.38	13.39	0.077419	49.004
13.38	13.39	0.077436	49.103
13.38	13.39	0.077452	49.198
13.38	13.40	0.077469	49.302
13.40	13.40	0.077486	49.402
13.40	13.40	0.077502	49.497
13.40	13.41	0.077519	49.601
13.40	13.41	0.077536	49.696
13.40	13.41	0.077552	49.795
13.40	13.41	0.077569	49.900
13.40	13.42	0.077586	49.994
13.40	13.42	0.077602	50.094
13.40	13.42	0.077619	50.199
13.43	13.43	0.077636	50.293
13.43	13.43	0.077652	50.393
13.43	13.43	0.077669	50.497
13.43	13.44	0.077686	50.592
13.43	13.44	0.077702	50.691
13.43	13.44	0.077719	50.796
13.43	13.45	0.077736	50.890
13.45	13.45	0.077752	50.990
13.45	13.45	0.077769	51.095
13.45	13.46	0.077786	51.190
13.45	13.46	0.077802	51.291
13.45	13.46	0.077819	51.393
13.45	13.47	0.077836	51.491
13.45	13.47	0.077852	51.590
13.45	13.47	0.077869	51.692
13.45	13.48	0.077886	51.791
13.48	13.48	0.077902	51.891
13.48	13.48	0.077919	51.991
13.48	13.49	0.077935	52.091
13.48	13.49	0.077952	52.190
13.48	13.49	0.077969	52.291
13.48	13.50	0.077985	52.390
13.48	13.50	0.078002	52.491
13.50	13.50	0.078019	52.591
13.50	13.51	0.078035	52.691
13.50	13.51	0.078052	52.791
13.50	13.52	0.078069	52.891
13.50	13.52	0.078085	52.991
13.50	13.52	0.078102	53.090
13.50	13.53	0.078119	53.191
13.53	13.53	0.078135	53.290
13.53	13.53	0.078152	53.391
13.53	13.54	0.078169	53.491
13.53	13.54	0.078185	53.591
13.53	13.54	0.078202	53.691
13.53	13.55	0.078219	53.791
13.56	13.55	0.078235	53.890
13.56	13.55	0.078252	53.991
13.56	13.56	0.078269	54.090
13.56	13.56	0.078285	54.191
13.56	13.56	0.078302	54.292
13.56	13.57	0.078319	54.392
13.58	13.57	0.078335	54.492
13.58	13.57	0.078352	54.591
13.58	13.57	0.078369	54.692
13.58	13.58	0.078385	54.791
13.58	13.58	0.078402	54.892
13.58	13.58	0.078419	54.992
13.58	13.59	0.078435	55.092
13.58	13.59	0.078452	55.192
13.58	13.59	0.078469	55.292
13.58	13.59	0.078485	55.392
13.61	13.60	0.078502	55.491
13.61	13.60	0.078519	55.592
13.61	13.60	0.078535	55.691
13.61	13.60	0.078552	55.792
13.61	13.61	0.078569	55.892
13.61	13.61	0.078585	55.992
13.61	13.61	0.078602	56.092
13.61	13.61	0.078619	56.192
13.61	13.62	0.078635	56.291
13.63	13.62	0.078652	56.392
13.63	13.62	0.078669	56.491
13.63	13.62	0.078685	56.621
13.63	13.62	0.078702	56.715
13.63	13.63	0.078719	56.815
13.63	13.63	0.078735	56.919
13.63	13.63	0.078752	57.013
13.63	13.63	0.078768	57.113
13.63	13.63	0.078785	57.217
13.63	13.64	0.078802	57.312
13.63	13.64	0.078818	57.411
13.63	13.64	0.078835	57.516
13.66	13.64	0.078852	57.612
13.66	13.64	0.078868	57.710
13.66	13.64	0.078885	57.815
13.66	13.64	0.078902	57.909
13.66	13.64	0.078918	58.011
13.66	13.65	0.078935	58.114
13.66	13.65	0.078952	58.208
13.66	13.65	0.078968	58.310
13.66	13.65	0.078985	58.412
13.66	13.65	0.079002	58.507
13.66	13.65	0.079018	58.611
13.66	13.65	0.079035	58.711
13.66	13.65	0.079052	58.805
13.66	13.65	0.079068	58.910
13.66	13.65	0.079085	59.010
13.66	13.65	0.079102	59.104
13.66	13.65	0.079118	59.209
13.66	13.65	0.079135	59.309
13.66	13.65	0.079152	59.403
13.66	13.65	0.079168	59.508
13.66	13.65	0.079185	59.607
13.66	13.65	0.079202	59.702
13.66	13.65	0.079218	59.806
13.66	13.65	0.079235	59.901
13.66	13.65	0.079252	00.001
13.66	13.65	0.079268	00.105
13.66	13.65	0.079285	00.200
13.66	13.65	0.079302	00.299
13.66	13.65	0.079318	00.404
13.66	13.65	0.079335	00.498
13.66	13.65	0.079352	00.598
13.66	13.65	0.079368	00.702
13.66	13.65	0.079385	00.797
13.66	13.65	0.079402	00.897
13.66	13.65	0.079418	01.001
13.63	13.65	0.079435	01.096
13.63	13.65	0.079452	01.195
13.63	13.64	0.079468	01.300
13.63	13.64	0.079485	01.394
13.63	13.64	0.079502	01.494
13.63	13.64	0.079518	01.599
13.63	13.64	0.079535	01.693
13.63	13.64	0.079552	01.793
13.63	13.64	0.079568	01.897
13.63	13.64	0.079585	01.993
13.63	13.64	0.079601	02.092
13.63	13.63	0.079618	02.196
13.66	13.63	0.079635	02.292
13.66	13.63	0.079651	02.393
13.66	13.63	0.079668	02.495
13.66	13.63	0.079685	02.593
13.66	13.63	0.079701	02.693
13.66	13.63	0.079718	02.793
13.66	13.62	0.079735	02.893
13.66	13.62	0.079751	02.992
13.66	13.62	0.079768	03.094
13.63	13.62	0.079785	03.193
13.63	13.62	0.079801	03.294
13.63	13.62	0.079818	03.394
13.63	13.61	0.079835	03.494
13.63	13.61	0.079851	03.594
13.63	13.61	0.079868	03.694
13.61	13.61	0.079885	03.794
13.61	13.61	0.079901	03.893
13.61	13.61	0.079918	03.994
13.61	13.60	0.079935	04.093
13.61	13.60	0.079951	04.194
13.61	13.60	0.079968	04.294
13.61	13.60	0.079985	04.394
13.61	13.60	0.080001	04.494
13.58	13.60	0.080018	04.593
13.58	13.59	0.080035	04.694
13.58	13.59	0.080051	04.793
13.58	13.59	0.080068	04.894
13.58	13.59	0.080085	04.994
13.58	13.59	0.080101	05.094
13.58	13.59	0.080118	05.194
13.58	13.58	0.080135	05.294
13.58	13.58	0.080151	05.394
13.58	13.58	0.080168	05.493
13.58	13.58	0.080185	05.594
13.58	13.58	0.080201	05.693
13.58	13.58	0.080218	05.794
13.58	13.57	0.080235	05.894
13.58	13.57	0.080251	05.994
13.58	13.57	0.080268	06.094
13.58	13.57	0.080285	06.193
13.58	13.57	0.080301	06.294
13.58	13.57	0.080318	06.393
13.56	13.57	0.080335	06.494
13.56	13.56	0.080351	06.593
13.56	13.56	0.080368	06.694
13.56	13.56	0.080385	06.794
13.56	13.56	0.080401	06.894
13.56	13.56	0.080418	06.994
13.56	13.56	0.080434	07.094
13.56	13.56	0.080451	07.219
13.56	13.56	0.080468	07.318
13.56	13.56	0.080484	07.423
13.56	13.56	0.080501	07.517
13.56	13.55	0.080518	07.617
13.56	13.55	0.080534	07.722
13.56	13.55	0.080551	07.816
13.56	13.55	0.080568	07.915
13.56	13.55	0.080584	08.020
13.56	13.55	0.080601	08.114
13.56	13.55	0.080618	08.215
13.53	13.55	0.080634	08.318
13.53	13.55	0.080651	08.413
13.53	13.55	0.080668	08.516
13.53	13.55	0.080684	08.617
13.53	13.55	0.080701	08.712
13.53	13.55	0.080718	08.815
13.53	13.55	0.080734	08.916
13.53	13.55	0.080751	09.010
13.53	13.55	0.080768	09.115
13.53	13.55	0.080784	09.214
13.53	13.55	0.080801	09.309
13.53	13.55	0.080818	09.414
13.53	13.55	0.080834	09.513
13.56	13.55	0.080851	09.608
13.56	13.55	0.080868	09.712
13.56	13.55	0.080884	09.812
13.56	13.55	0.080901	09.906
13.56	13.55	0.080918	10.011
13.56	13.55	0.080934	10.106
13.56	13.55	0.080951	10.205
13.56	13.55	0.080968	10.310
13.56	13.56	0.080984	10.404
13.56	13.56	0.081001	10.504
13.56	13.56	0.081018	10.608
13.56	13.56	0.081034	10.703
13.56	13.56	0.081051	10.802
13.56	13.56	0.081068	10.907
13.56	13.56	0.081084	11.002
13.56	13.56	0.081101	11.101
13.56	13.56	0.081118	11.206
13.56	13.57	0.081134	11.300
13.56	13.57	0.081151	11.400
13.56	13.57	0.081168	11.504
13.56	13.57	0.081184	11.599
13.56	13.57	0.081201	11.699
13.56	13.58	0.081218	11.803
13.56	13.58	0.081234	11.898
13.56	13.58	0.081251	11.997
13.56	13.58	0.081267	12.102
13.56	13.58	0.081284	12.196
13.56	13.59	0.081301	12.297
13.56	13.59	0.081317	12.400
13.56	13.59	0.081334	12.495
13.56	13.59	0.081351	12.597
13.56	13.59	0.081367	12.699
13.56	13.60	0.081384	12.795
13.56	13.60	0.081401	12.897
13.56	13.60	0.081417	12.998
13.58	13.60	0.081434	13.094
13.58	13.61	0.081451	13.197
13.58	13.61	0.081467	13.297
13.58	13.61	0.081484	13.395
13.58	13.62	0.081501	13.496
13.61	13.62	0.081517	13.595
13.61	13.62	0.081534	13.695
13.61	13.62	0.081551	13.794
13.61	13.63	0.081567	13.895
13.61	13.63	0.081584	13.995
13.63	13.63	0.081601	14.095
13.63	13.64	0.081617	14.195
13.63	13.64	0.081634	14.295
13.63	13.64	0.081651	14.395
13.63	13.65	0.081667	14.494
13.66	13.65	0.081684	14.595
13.66	13.65	0.081701	14.694
13.66	13.66	0.081717	14.795
13.66	13.66	0.081734	14.895
13.66	13.66	0.081751	14.995
13.66	13.67	0.081767	15.095
13.68	13.67	0.081784	15.194
13.68	13.67	0.081801	15.295
13.68	13.68	0.081817	15.394
13.68	13.68	0.081834	15.495
13.68	13.68	0.081851	15.594
13.68	13.69	0.081867	15.695
13.68	13.69	0.081884	15.795
13.68	13.69	0.081901	15.895
13.68	13.70	0.081917	15.995
13.71	13.70	0.081934	16.094
13.71	13.70	0.081951	16.195
13.71	13.71	0.081967	16.294
13.71	13.71	0.081984	16.395
13.71	13.71	0.082001	16.495
13.71	13.72	0.082017	16.595
13.71	13.72	0.082034	16.695
13.71	13.73	0.082051	16.795
13.71	13.73	0.082067	16.895
13.74	13.73	0.082084	16.994
13.74	13.74	0.082100	17.095
13.74	13.74	0.082117	17.194
13.74	13.74	0.082134	17.295
13.74	13.75	0.082150	17.395
13.74	13.75	0.082167	17.495
13.74	13.75	0.082184	17.595
13.74	13.76	0.082200	17.694
13.74	13.76	0.082217	17.795
13.76	13.76	0.082234	17.894
13.76	13.77	0.082250	17.995
13.76	13.77	0.082267	18.096
13.76	13.77	0.082284	18.195
13.76	13.78	0.082300	18.295
13.76	13.78	0.082317	18.395
13.76	13.78	0.082334	18.494
13.79	13.78	0.082350	18.593
13.79	13.79	0.082367	18.696
13.79	13.79	0.082384	18.822
13.79	13.79	0.082400	18.917
13.79	13.80	0.082417	18.996
13.79	13.80	0.082434	19.121
13.81	13.80	0.082450	19.216
13.81	13.80	0.082467	19.320
13.81	13.81	0.082484	19.420
13.81	13.81	0.082500	19.514
13.81	13.81	0.082517	19.619
13.81	13.82	0.082534	19.718
13.81	13.82	0.082550	19.813
13.81	13.82	0.082567	19.917
13.84	13.82	0.082584	20.017
13.84	13.83	0.082600	20.112
13.84	13.83	0.082617	20.216
13.84	13.83	0.082634	20.311
13.84	13.83	0.082650	20.410
13.84	13.83	0.082667	20.515
13.84	13.84	0.082684	20.609
13.84	13.84	0.082700	20.709
13.84	13.84	0.082717	20.814
13.84	13.84	0.082734	20.908
13.84	13.84	0.082750	21.008
13.84	13.85	0.082767	21.112
13.86	13.85	0.082784	21.207
13.86	13.85	0.082800	21.306
13.86	13.85	0.082817	21.411
13.86	13.85	0.082834	21.505
13.86	13.85	0.082850	21.605
13.86	13.85	0.082867	21.710
13.86	13.86	0.082884	21.804
13.86	13.86	0.082900	21.904
13.86	13.86	0.082917	22.008
13.86	13.86	0.082933	22.103
13.86	13.86	0.082950	22.202
13.86	13.86	0.082967	22.307
13.86	13.86	0.082983	22.402
13.86	13.86	0.083000	22.502
13.86	13.86	0.083017	22.606
13.86	13.86	0.083033	22.700
13.86	13.86	0.083050	22.802
13.86	13.86	0.083067	22.904
13.86	13.87	0.083083	22.999
13.89	13.87	0.083100	23.102
13.89	13.87	0.083117	23.203
13.89	13.87	0.083133	23.298
13.89	13.87	0.083150	23.402
13.89	13.87	0.083167	23.502
13.89	13.87	0.083183	23.596
13.89	13.87	0.083200	23.701
13.89	13.87	0.083217	23.800
13.89	13.87	0.083233	23.895
13.89	13.87	0.083250	23.999
13.89	13.87	0.083267	24.099
13.89	13.87	0.083283	24.195
13.89	13.87	0.083300	24.298
13.86	13.86	0.083317	24.398
13.86	13.86	0.083333	24.496
13.86	13.86	0.083350	24.596
13.86	13.86	0.083367	24.698
13.86	13.86	0.083383	24.796
13.86	13.86	0.083400	24.896
13.86	13.86	0.083417	24.999
13.86	13.86	0.083433	25.095
13.86	13.86	0.083450	25.196
13.86	13.86	0.083467	25.298
13.86	13.86	0.083483	25.396
13.86	13.86	0.083500	25.497
13.86	13.86	0.083517	25.599
13.86	13.85	0.083533	25.697
13.86	13.85	0.083550	25.797
13.86	13.85	0.083567	25.899
13.86	13.85	0.083583	25.996
13.86	13.85	0.083600	26.097
13.86	13.85	0.083617	26.199
13.86	13.85	0.083633	26.297
13.86	13.85	0.083650	26.397
13.86	13.84	0.083667	26.499
13.86	13.84	0.083683	26.597
13.86	13.84	0.083700	26.696
13.86	13.84	0.083717	26.800
13.86	13.84	0.083733	26.896
13.86	13.84	0.083750	26.997
13.84	13.83	0.083766	27.099
13.84	13.83	0.083783	27.197
13.84	13.83	0.083800	27.297
13.84	13.83	0.083816	27.400
13.84	13.83	0.083833	27.497
13.84	13.83	0.083850	27.596
13.84	13.82	0.083866	27.700
13.84	13.82	0.083883	27.796
13.84	13.82	0.083900	27.897
13.84	13.82	0.083916	28.000
13.84	13.82	0.083933	28.097
13.81	13.82	0.083950	28.197
13.81	13.81	0.083966	28.301
13.81	13.81	0.083983	28.396
13.81	13.81	0.084000	28.497
13.81	13.81	0.084016	28.600
13.81	13.81	0.084033	28.697
13.81	13.81	0.084050	28.797
13.81	13.80	0.084066	28.900
13.81	13.80	0.084083	28.997
13.81	13.80	0.084100	29.095
13.79	13.80	0.084116	29.201
13.79	13.80	0.084133	29.296
13.79	13.80	0.084150	29.421
13.79	13.79	0.084166	29.525
13.79	13.79	0.084183	29.625
13.79	13.79	0.084200	29.720
13.79	13.79	0.084216	29.824
13.79	13.79	0.084233	29.924
13.79	13.79	0.084250	30.018
13.79	13.78	0.084266	30.123
13.79	13.78	0.084283	30.222
13.79	13.78	0.084300	30.317
13.79	13.78	0.084316	30.421
13.79	13.78	0.084333	30.516
13.79	13.78	0.084350	30.616
13.79	13.78	0.084366	30.720
13.76	13.78	0.084383	30.815
13.76	13.77	0.084400	30.914
13.76	13.77	0.084416	31.019
13.76	13.77	0.084433	31.113
13.76	13.77	0.084450	31.213
13.76	13.77	0.084466	31.317
13.76	13.77	0.084483	31.412
13.76	13.77	0.084500	31.512
13.76	13.77	0.084516	31.616
13.76	13.77	0.084533	31.711
13.76	13.77	0.084550	31.810
13.76	13.77	0.084566	31.915
13.76	13.76	0.084583	32.009
13.76	13.76	0.084599	32.109
13.76	13.76	0.084616	32.214
13.76	13.76	0.084633	32.308
13.76	13.76	0.084649	32.408
13.76	13.76	0.084666	32.512
13.76	13.76	0.084683	32.607
13.76	13.76	0.084699	32.706
13.76	13.76	0.084716	32.811
13.76	13.76	0.084733	32.906
13.76	13.76	0.084749	33.007
13.76	13.76	0.084766	33.109
13.76	13.76	0.084783	33.204
13.76	13.76	0.084799	33.307
13.76	13.76	0.084816	33.408
13.76	13.76	0.084833	33.502
13.76	13.76	0.084849	33.607
13.76	13.76	0.084866	33.706
13.76	13.76	0.084883	33.801
13.76	13.76	0.084899	33.906
13.76	13.77	0.084916	34.005
13.76	13.77	0.084933	34.100
13.76	13.77	0.084949	34.204
13.76	13.77	0.084966	34.304
13.76	13.77	0.084983	34.399
13.76	13.77	0.084999	34.503
13.76	13.77	0.085016	34.604
13.76	13.77	0.085033	34.700
13.76	13.77	0.085049	34.802
13.76	13.77	0.085066	34.903
13.76	13.78	0.085083	35.000
13.76	13.78	0.085099	35.100
13.76	13.78	0.085116	35.203
13.76	13.78	0.085133	35.299
13.76	13.78	0.085149	35.400
13.76	13.78	0.085166	35.504
13.76	13.78	0.085183	35.600
13.76	13.79	0.085199	35.700
13.79	13.79	0.085216	35.803
13.79	13.79	0.085233	35.900
13.79	13.79	0.085249	35.999
13.79	13.79	0.085266	36.104
13.79	13.80	0.085283	36.201
13.79	13.80	0.085299	36.301
13.79	13.80	0.085316	36.404
13.79	13.80	0.085333	36.501
13.79	13.81	0.085349	36.601
13.79	13.81	0.085366	36.704
13.79	13.81	0.085383	36.801
13.79	13.81	0.085399	36.900
13.79	13.82	0.085416	37.004
13.79	13.82	0.085432	37.101
13.81	13.82	0.085449	37.201
13.81	13.82	0.085466	37.305
13.81	13.83	0.085482	37.401
13.81	13.83	0.085499	37.501
13.81	13.83	0.085516	37.604
13.81	13.83	0.085532	37.701
13.81	13.84	0.085549	37.800
13.81	13.84	0.085566	37.905
13.84	13.84	0.085582	38.002
13.84	13.85	0.085599	38.102
13.84	13.85	0.085616	38.205
13.84	13.85	0.085632	38.301
13.84	13.86	0.085649	38.402
13.84	13.86	0.085666	38.505
13.86	13.86	0.085682	38.602
13.86	13.87	0.085699	38.703
13.86	13.87	0.085716	38.805
13.86	13.87	0.085732	38.903
13.86	13.88	0.085749	39.003
13.86	13.88	0.085766	39.106
13.89	13.88	0.085782	39.202
13.89	13.89	0.085799	39.302
13.89	13.89	0.085816	39.405
13.89	13.89	0.085832	39.531
13.89	13.90	0.085849	39.625
13.89	13.90	0.085866	39.705
13.89	13.90	0.085882	39.830
13.92	13.91	0.085899	39.924
13.92	13.91	0.085916	40.029
13.92	13.91	0.085932	40.128
13.92	13.92	0.085949	40.223
13.92	13.92	0.085966	40.327
13.92	13.92	0.085982	40.427
13.92	13.93	0.085999	40.522
13.92	13.93	0.086016	40.626
13.92	13.93	0.086032	40.721
13.92	13.94	0.086049	40.820
13.94	13.94	0.086066	40.925
13.94	13.95	0.086082	41.019
13.94	13.95	0.086099	41.119
13.94	13.95	0.086116	41.223
13.94	13.96	0.086132	41.318
13.94	13.96	0.086149	41.418
13.94	13.96	0.086166	41.522
13.94	13.97	0.086182	41.617
13.94	13.97	0.086199	41.716
13.97	13.97	0.086216	41.821
13.97	13.98	0.086232	41.915
13.97	13.98	0.086249	42.015
13.97	13.98	0.086265	42.119
13.97	13.99	0.086282	42.214
13.97	13.99	0.086299	42.314
13.99	13.99	0.086315	42.418
13.99	13.99	0.086332	42.513
13.99	14.00	0.086349	42.612
13.99	14.00	0.086365	42.717
13.99	14.00	0.086382	42.811
13.99	14.01	0.086399	42.912
14.02	14.01	0.086415	43.016
14.02	14.01	0.086432	43.110
14.02	14.02	0.086449	43.212
14.02	14.02	0.086465	43.314
14.02	14.02	0.086482	43.408
14.02	14.02	0.086499	43.512
14.04	14.03	0.086515	43.612
14.04	14.03	0.086532	43.707
14.04	14.03	0.086549	43.812
14.04	14.03	0.086565	43.911
14.04	14.04	0.086582	44.006
14.04	14.04	0.086599	44.110
14.04	14.04	0.086615	44.210
14.04	14.04	0.086632	44.304
14.04	14.05	0.086649	44.409
14.07	14.05	0.086665	44.509
14.07	14.05	0.086682	44.603
14.07	14.05	0.086699	44.708
14.07	14.05	0.086715	44.803
14.07	14.06	0.086732	44.903
14.07	14.06	0.086749	45.006
14.07	14.06	0.086765	45.103
14.07	14.06	0.086782	45.202
14.07	14.06	0.086799	45.305
14.07	14.06	0.086815	45.403
14.07	14.06	0.086832	45.503
14.07	14.07	0.086849	45.604
14.07	14.07	0.086865	45.702
14.07	14.07	0.086882	45.803
14.07	14.07	0.086899	45.902
14.07	14.07	0.086915	46.003
14.07	14.07	0.086932	46.103
14.07	14.07	0.086949	46.203
14.09	14.07	0.086965	46.303
14.09	14.08	0.086982	46.403
14.09	14.08	0.086999	46.503
14.09	14.08	0.087015	46.602
14.09	14.08	0.087032	46.703
14.09	14.08	0.087049	46.802
14.09	14.08	0.087065	46.903
14.09	14.08	0.087082	47.003
14.09	14.08	0.087098	47.103
14.09	14.08	0.087115	47.203
14.09	14.08	0.087132	47.302
14.09	14.08	0.087148	47.403
14.09	14.08	0.087165	47.502
14.09	14.08	0.087182	47.603
14.09	14.08	0.087198	47.702
14.09	14.08	0.087215	47.803
14.09	14.08	0.087232	47.903
14.09	14.08	0.087248	48.002
14.09	14.08	0.087265	48.102
14.09	14.08	0.087282	48.201
14.09	14.08	0.087298	48.302
14.09	14.08	0.087315	48.401
14.09	14.08	0.087332	48.502
14.09	14.08	0.087348	48.603
14.09	14.08	0.087365	48.703
14.09	14.08	0.087382	48.803
14.09	14.08	0.087398	48.903
14.09	14.07	0.087415	49.003
14.09	14.07	0.087432	49.102
14.07	14.07	0.087448	49.203
14.07	14.07	0.087465	49.302
14.07	14.07	0.087482	49.403
14.07	14.07	0.087498	49.503
14.07	14.07	0.087515	49.603
14.07	14.07	0.087532	49.703
14.07	14.07	0.087548	49.802
14.07	14.07	0.087565	49.903
14.07	14.06	0.087582	50.002
14.07	14.06	0.087598	50.103
14.07	14.06	0.087615	50.203
14.07	14.06	0.087632	50.303
14.07	14.06	0.087648	50.403
14.07	14.06	0.087665	50.503
14.07	14.06	0.087682	50.603
14.07	14.05	0.087698	50.702
14.07	14.05	0.087715	50.831
14.07	14.05	0.087732	50.925
14.07	14.05	0.087748	51.025
14.07	14.05	0.087765	51.130
14.07	14.05	0.087782	51.224
14.04	14.04	0.087798	51.324
14.04	14.04	0.087815	51.428
14.04	14.04	0.087832	51.523
14.04	14.04	0.087848	51.622
14.04	14.04	0.087865	51.727
14.04	14.04	0.087882	51.821
14.04	14.03	0.087898	51.921
14.04	14.03	0.087915	52.026
14.04	14.03	0.087931	52.120
14.04	14.03	0.087948	52.220
14.04	14.03	0.087965	52.324
14.04	14.03	0.087981	52.419
14.04	14.02	0.087998	52.518
14.02	14.02	0.088015	52.623
14.02	14.02	0.088031	52.717
14.02	14.02	0.088048	52.817
14.02	14.02	0.088065	52.922
14.02	14.02	0.088081	53.016
14.02	14.01	0.088098	53.117
14.02	14.01	0.088115	53.221
14.02	14.01	0.088131	53.315
14.02	14.01	0.088148	53.417
14.02	14.01	0.088165	53.520
14.02	14.01	0.088181	53.614
14.02	14.00	0.088198	53.717
14.02	14.00	0.088215	53.818
13.99	14.00	0.088231	53.913
13.99	14.00	0.088248	54.017
13.99	14.00	0.088265	54.116
13.99	14.00	0.088281	54.211
13.99	14.00	0.088298	54.315
13.99	13.99	0.088315	54.415
13.99	13.99	0.088331	54.509
13.99	13.99	0.088348	54.614
13.99	13.99	0.088365	54.713
13.99	13.99	0.088381	54.808
13.99	13.99	0.088398	54.913
13.99	13.99	0.088415	55.008
13.99	13.99	0.088431	55.107
13.99	13.98	0.088448	55.211
13.99	13.98	0.088465	55.306
13.99	13.98	0.088481	55.405
13.99	13.98	0.088498	55.510
13.97	13.98	0.088515	55.605
13.97	13.98	0.088531	55.704
13.97	13.98	0.088548	55.809
13.97	13.98	0.088565	55.903
13.97	13.98	0.088581	56.003
13.97	13.98	0.088598	56.108
13.97	13.98	0.088615	56.202
13.97	13.98	0.088631	56.303
13.97	13.98	0.088648	56.407
13.97	13.98	0.088665	56.503
13.97	13.98	0.088681	56.603
13.97	13.98	0.088698	56.705
13.97	13.98	0.088715	56.803
13.97	13.98	0.088731	56.902
13.97	13.98	0.088748	57.004
13.97	13.98	0.088764	57.103
13.97	13.98	0.088781	57.203
13.97	13.98	0.088798	57.303
13.97	13.98	0.088814	57.403
13.97	13.98	0.088831	57.503
13.97	13.98	0.088848	57.602
13.97	13.98	0.088864	57.703
13.97	13.98	0.088881	57.802
13.97	13.98	0.088898	57.903
13.97	13.98	0.088914	58.003
13.97	13.98	0.088931	58.103
13.97	13.98	0.088948	58.203
13.97	13.98	0.088964	58.302
13.97	13.98	0.088981	58.403
13.97	13.98	0.088998	58.502
13.97	13.98	0.089014	58.603
13.97	13.98	0.089031	58.703
13.97	13.99	0.089048	58.803
13.97	13.99	0.089064	58.903
13.99	13.99	0.089081	59.003
13.99	13.99	0.089098	59.102
13.99	13.99	0.089114	59.203
13.99	13.99	0.089131	59.302
13.99	13.99	0.089148	59.403
13.99	14.00	0.089164	59.503
13.99	14.00	0.089181	59.603
13.99	14.00	0.089198	59.703
13.99	14.00	0.089214	59.803
13.99	14.00	0.089231	59.903
13.99	14.01	0.089248	00.002
13.99	14.01	0.089264	00.103
13.99	14.01	0.089281	00.202
13.99	14.01	0.089298	00.303
13.99	14.01	0.089314	00.403
13.99	14.02	0.089331	00.503
14.02	14.02	0.089348	00.603
14.02	14.02	0.089364	00.702
14.02	14.02	0.089381	00.803
14.02	14.03	0.089398	00.902
14.02	14.03	0.089414	01.003
14.02	14.03	0.089431	01.102
14.02	14.03	0.089448	01.203
14.02	14.04	0.089464	01.303
14.02	14.04	0.089481	01.403
14.02	14.04	0.089498	01.503
14.04	14.05	0.089514	01.602
14.04	14.05	0.089531	01.703
14.04	14.05	0.089548	01.802
14.04	14.05	0.089564	01.932
14.04	14.06	0.089581	02.027
14.04	14.06	0.089597	02.126
14.04	14.06	0.089614	02.231
14.04	14.07	0.089631	02.326
14.04	14.07	0.089647	02.425
14.07	14.07	0.089664	02.530
14.07	14.08	0.089681	02.624
14.07	14.08	0.089697	02.724
14.07	14.08	0.089714	02.828
14.07	14.09	0.089731	02.923
14.07	14.09	0.089747	03.022
14.09	14.09	0.089764	03.127
14.09	14.10	0.089781	03.221
14.09	14.10	0.089797	03.322
14.09	14.10	0.089814	03.425
14.09	14.11	0.089831	03.520
14.09	14.11	0.089847	03.621
14.12	14.11	0.089864	03.724
14.12	14.12	0.089881	03.819
14.12	14.12	0.089897	03.922
14.12	14.12	0.089914	04.023
14.12	14.13	0.089931	04.117
14.12	14.13	0.089947	04.222
14.15	14.13	0.089964	04.321
14.15	14.14	0.089981	04.416
14.15	14.14	0.089997	04.521
14.15	14.14	0.090014	04.620
14.15	14.15	0.090031	04.715
14.15	14.15	0.090047	04.819
14.15	14.16	0.090064	04.919
14.15	14.16	0.090081	05.013
14.15	14.16	0.090097	05.118
14.15	14.17	0.090114	05.212
14.17	14.17	0.090131	05.312
14.17	14.17	0.090147	05.417
14.17	14.18	0.090164	05.511
14.17	14.18	0.090181	05.611
14.17	14.18	0.090197	05.715
14.17	14.19	0.090214	05.810
14.17	14.19	0.090231	05.909
14.17	14.19	0.090247	06.014
14.20	14.20	0.090264	06.109
14.20	14.20	0.090281	06.208
14.20	14.20	0.090297	06.313
14.20	14.21	0.090314	06.407
14.20	14.21	0.090331	06.507
14.20	14.21	0.090347	06.611
14.22	14.21	0.090364	06.706
14.22	14.22	0.090381	06.805
14.22	14.22	0.090397	06.910
14.22	14.22	0.090414	07.005
14.22	14.23	0.090430	07.104
14.22	14.23	0.090447	07.209
14.22	14.23	0.090464	07.303
14.22	14.23	0.090480	07.404
14.25	14.24	0.090497	07.507
14.25	14.24	0.090514	07.604
14.25	14.24	0.090530	07.704
14.25	14.24	0.090547	07.806
14.25	14.25	0.090564	07.904
14.25	14.25	0.090580	08.004
14.25	14.25	0.090597	08.105
14.25	14.25	0.090614	08.203
14.27	14.26	0.090630	08.304
14.27	14.26	0.090647	08.404
14.27	14.26	0.090664	08.505
14.27	14.26	0.090680	08.605
14.27	14.26	0.090697	08.705
14.27	14.27	0.090714	08.805
14.27	14.27	0.090730	08.904
14.27	14.27	0.090747	09.005
14.27	14.27	0.090764	09.105
14.27	14.27	0.090780	09.204
14.27	14.28	0.090797	09.305
14.27	14.28	0.090814	09.406
14.27	14.28	0.090830	09.506
14.27	14.28	0.090847	09.606
14.30	14.28	0.090864	09.705
14.30	14.28	0.090880	09.806
14.30	14.28	0.090897	09.905
14.30	14.28	0.090914	10.006
14.30	14.29	0.090930	10.106
14.30	14.29	0.090947	10.206
14.30	14.29	0.090964	10.306
14.30	14.29	0.090980	10.406
14.30	14.29	0.090997	10.506
14.30	14.29	0.091014	10.605
14.30	14.29	0.091030	10.706
14.30	14.29	0.091047	10.805
14.30	14.29	0.091064	10.906
14.30	14.29	0.091080	11.006
14.30	14.29	0.091097	11.106
14.30	14.29	0.091114	11.206
14.30	14.29	0.091130	11.305
14.30	14.29	0.091147	11.406
14.30	14.29	0.091164	11.505
14.30	14.29	0.091180	11.606
14.30	14.29	0.091197	11.706
14.30	14.29	0.091214	11.806
14.30	14.29	0.091230	11.906
14.30	14.29	0.091247	12.005
14.30	14.29	0.091263	12.106
14.30	14.29	0.091280	12.205
14.30	14.29	0.091297	12.306
14.30	14.29	0.091313	12.405
14.30	14.29	0.091330	12.506
14.30	14.29	0.091347	12.606
14.30	14.29	0.091363	12.734
14.27	14.29	0.091380	12.829
14.27	14.29	0.091397	12.928
14.27	14.29	0.091413	13.033
14.27	14.29	0.091430	13.128
14.27	14.29	0.091447	13.227
14.27	14.28	0.091463	13.332
14.27	14.28	0.091480	13.426
14.30	14.28	0.091497	13.527
14.30	14.28	0.091513	13.631
14.30	14.28	0.091530	13.725
14.30	14.28	0.091547	13.827
14.30	14.28	0.091563	13.929
14.30	14.28	0.091580	14.024
14.30	14.28	0.091597	14.126
14.30	14.27	0.091613	14.228
14.30	14.27	0.091630	14.322
14.30	14.27	0.091647	14.427
14.30	14.27	0.091663	14.527
14.30	14.27	0.091680	14.621
14.30	14.27	0.091697	14.726
14.27	14.27	0.091713	14.825
14.27	14.26	0.091730	14.920
14.27	14.26	0.091747	15.024
14.27	14.26	0.091763	15.124
14.27	14.26	0.091780	15.219
14.27	14.26	0.091797	15.323
14.27	14.26	0.091813	15.418
14.27	14.25	0.091830	15.517
14.27	14.25	0.091847	15.622
14.25	14.25	0.091863	15.716
14.25	14.25	0.091880	15.816
14.25	14.25	0.091897	15.920
14.25	14.25	0.091913	16.015
14.25	14.24	0.091930	16.115
14.25	14.24	0.091947	16.219
14.25	14.24	0.091963	16.314
14.25	14.24	0.091980	16.413
14.25	14.24	0.091997	16.518
14.25	14.24	0.092013	16.612
14.22	14.23	0.092030	16.712
14.22	14.23	0.092047	16.816
14.22	14.23	0.092063	16.911
14.22	14.23	0.092080	17.011
14.22	14.23	0.092096	17.115
14.22	14.23	0.092113	17.210
14.22	14.22	0.092130	17.309
14.22	14.22	0.092146	17.413
14.22	14.22	0.092163	17.508
14.22	14.22	0.092180	17.609
14.22	14.22	0.092196	17.712
14.22	14.22	0.092213	17.807
14.22	14.21	0.092230	17.908
14.22	14.21	0.092246	18.011
14.22	14.21	0.092263	18.106
14.22	14.21	0.092280	18.209
14.22	14.21	0.092296	18.309
14.22	14.21	0.092313	18.407
14.22	14.21	0.092330	18.509
14.20	14.20	0.092346	18.608
14.20	14.20	0.092363	18.707
14.20	14.20	0.092380	18.807
14.20	14.20	0.092396	18.907
14.20	14.20	0.092413	19.007
14.20	14.20	0.092430	19.106
14.20	14.20	0.092446	19.207
14.20	14.20	0.092463	19.307
14.20	14.20	0.092480	19.407
14.20	14.20	0.092496	19.507
14.20	14.19	0.092513	19.607
14.20	14.19	0.092530	19.707
14.20	14.19	0.092546	19.806
14.20	14.19	0.092563	19.907
14.17	14.19	0.092580	20.006
14.17	14.19	0.092596	20.107
14.17	14.19	0.092613	20.207
14.17	14.19	0.092630	20.307
14.17	14.19	0.092646	20.407
14.17	14.19	0.092663	20.506
14.17	14.19	0.092680	20.607
14.17	14.19	0.092696	20.706
14.17	14.19	0.092713	20.807
14.17	14.19	0.092730	20.907
14.17	14.19	0.092746	21.007
14.17	14.19	0.092763	21.107
14.17	14.19	0.092780	21.207
14.17	14.19	0.092796	21.307
14.17	14.19	0.092813	21.406
14.17	14.19	0.092830	21.507
14.20	14.19	0.092846	21.606
14.20	14.19	0.092863	21.707
14.20	14.19	0.092880	21.807
14.20	14.19	0.092896	21.907
14.20	14.19	0.092913	22.007
14.20	14.19	0.092929	22.107
14.20	14.19	0.092946	22.207
14.20	14.19	0.092963	22.306
14.20	14.20	0.092979	22.407
14.20	14.20	0.092996	22.506
14.20	14.20	0.093013	22.607
14.20	14.20	0.093029	22.707
14.20	14.20	0.093046	22.807
14.20	14.20	0.093063	22.907
14.20	14.20	0.093079	23.006
14.20	14.20	0.093096	23.107
14.20	14.20	0.093113	23.206
14.20	14.21	0.093129	23.307
14.20	14.21	0.093146	23.407
14.20	14.21	0.093163	23.507
14.20	14.21	0.093179	23.607
14.20	14.21	0.093196	23.707
14.20	14.22	0.093213	23.836
14.20	14.22	0.093229	23.930
14.20	14.22	0.093246	24.007
14.20	14.22	0.093263	24.134
14.20	14.22	0.093279	24.229
14.20	14.23	0.093296	24.308
14.20	14.23	0.093313	24.433
14.20	14.23	0.093329	24.528
14.20	14.23	0.093346	24.607
14.20	14.23	0.093363	24.732
14.20	14.24	0.093379	24.826
14.22	14.24	0.093396	24.931
14.22	14.24	0.093413	25.030
14.22	14.24	0.093429	25.125
14.22	14.25	0.093446	25.230
14.22	14.25	0.093463	25.329
14.22	14.25	0.093479	25.424
14.22	14.26	0.093496	25.528
14.25	14.26	0.093513	25.623
14.25	14.26	0.093529	25.722
14.25	14.26	0.093546	25.827
14.25	14.27	0.093563	25.921
14.27	14.27	0.093579	26.021
14.27	14.27	0.093596	26.126
14.27	14.28	0.093613	26.220
14.27	14.28	0.093629	26.320
14.27	14.28	0.093646	26.424
14.27	14.29	0.093663	26.519
14.30	14.29	0.093679	26.618
14.30	14.29	0.093696	26.723
14.30	14.30	0.093713	26.818
14.30	14.30	0.093729	26.917
14.30	14.30	0.093746	27.022
14.30	14.31	0.093762	27.116
14.30	14.31	0.093779	27.216
14.30	14.31	0.093796	27.320
14.33	14.32	0.093812	27.415
14.33	14.32	0.093829	27.514
14.33	14.32	0.093846	27.619
14.33	14.33	0.093862	27.714
14.33	14.33	0.093879	27.813
14.33	14.33	0.093896	27.918
14.33	14.34	0.093912	28.012
14.33	14.34	0.093929	28.114
14.33	14.34	0.093946	28.216
14.35	14.35	0.093962	28.311
14.35	14.35	0.093979	28.414
14.35	14.35	0.093996	28.515
14.35	14.36	0.094012	28.610
14.35	14.36	0.094029	28.713
14.35	14.37	0.094046	28.814
14.35	14.37	0.094062	28.908
14.35	14.37	0.094079	29.013
14.35	14.38	0.094096	29.112
14.35	14.38	0.094112	29.207
14.38	14.38	0.094129	29.312
14.38	14.39	0.094146	29.411
14.38	14.39	0.094162	29.506
14.38	14.39	0.094179	29.610
14.38	14.40	0.094196	29.710
14.38	14.40	0.094212	29.807
14.40	14.40	0.094229	29.908
14.40	14.41	0.094246	30.011
14.40	14.41	0.094262	30.107
14.40	14.41	0.094279	30.207
14.40	14.42	0.094296	30.310
14.43	14.42	0.094312	30.407
14.43	14.42	0.094329	30.506
14.43	14.42	0.094346	30.611
14.43	14.43	0.094362	30.706
14.43	14.43	0.094379	30.807
14.43	14.43	0.094396	30.911
14.45	14.44	0.094412	31.008
14.45	14.44	0.094429	31.107
14.45	14.44	0.094446	31.211
14.45	14.44	0.094462	31.307
14.45	14.45	0.094479	31.408
14.45	14.45	0.094496	31.510
14.45	14.45	0.094512	31.608
14.45	14.46	0.094529	31.708
14.48	14.46	0.094546	31.811
14.48	14.46	0.094562	31.908
14.48	14.46	0.094579	32.007
14.48	14.47	0.094595	32.111
14.48	14.47	0.094612	32.207
14.48	14.47	0.094629	32.308
14.48	14.47	0.094645	32.412
14.48	14.47	0.094662	32.508
14.48	14.48	0.094679	32.608
14.48	14.48	0.094695	32.711
14.48	14.48	0.094712	32.808
14.48	14.48	0.094729	32.907
14.48	14.48	0.094745	33.012
14.48	14.49	0.094762	33.107
14.48	14.49	0.094779	33.208
14.48	14.49	0.094795	33.312
14.48	14.49	0.094812	33.408
14.48	14.49	0.094829	33.508
14.48	14.49	0.094845	33.607
14.50	14.49	0.094862	33.708
14.50	14.50	0.094879	33.807
14.50	14.50	0.094895	33.912
14.50	14.50	0.094912	34.007
14.50	14.50	0.094929	34.108
14.50	14.50	0.094945	34.207
14.50	14.50	0.094962	34.307
14.50	14.50	0.094979	34.408
14.50	14.50	0.094995	34.507
14.50	14.50	0.095012	34.608
14.50	14.50	0.095029	34.707
14.50	14.50	0.095045	34.837
14.53	14.50	0.095062	34.936
14.53	14.51	0.095079	35.031
14.53	14.51	0.095095	35.136
14.53	14.51	0.095112	35.235
14.53	14.51	0.095129	35.330
14.53	14.51	0.095145	35.434
14.53	14.51	0.095162	35.534
14.53	14.51	0.095179	35.628
14.53	14.51	0.095195	35.733
14.53	14.51	0.095212	35.828
14.53	14.51	0.095229	35.927
14.53	14.51	0.095245	36.032
14.53	14.51	0.095262	36.126
14.50	14.51	0.095279	36.225
14.50	14.51	0.095295	36.330
14.50	14.50	0.095312	36.425
14.50	14.50	0.095329	36.524
14.50	14.50	0.095345	36.629
14.50	14.50	0.095362	36.723
14.50	14.50	0.095379	36.823
14.50	14.50	0.095395	36.927
14.50	14.50	0.095412	37.022
14.50	14.50	0.095428	37.122
14.50	14.50	0.095445	37.226
14.50	14.50	0.095462	37.321
14.50	14.50	0.095478	37.420
14.50	14.50	0.095495	37.525
14.50	14.50	0.095512	37.619
14.50	14.49	0.095528	37.719
14.50	14.49	0.095545	37.823
14.50	14.49	0.095562	37.918
14.50	14.49	0.095578	38.019
14.50	14.49	0.095595	38.122
14.50	14.49	0.095612	38.217
14.50	14.49	0.095628	38.318
14.50	14.49	0.095645	38.421
14.50	14.48	0.095662	38.515
14.50	14.48	0.095678	38.619
14.50	14.48	0.095695	38.720
14.50	14.48	0.095712	38.814
14.50	14.48	0.095728	38.919
14.50	14.48	0.095745	39.018
14.50	14.47	0.095762	39.113
14.50	14.47	0.095778	39.217
14.50	14.47	0.095795	39.317
14.48	14.47	0.095812	39.411
14.48	14.47	0.095828	39.516
14.48	14.47	0.095845	39.616
14.48	14.46	0.095862	39.710
14.48	14.46	0.095878	39.815
14.48	14.46	0.095895	39.909
14.48	14.46	0.095912	40.009
14.48	14.46	0.095928	40.113
14.45	14.46	0.095945	40.209
14.45	14.45	0.095962	40.309
14.45	14.45	0.095978	40.412
14.45	14.45	0.095995	40.509
14.45	14.45	0.096012	40.609
14.45	14.45	0.096028	40.711
14.45	14.45	0.096045	40.808
14.45	14.44	0.096062	40.909
14.45	14.44	0.096078	41.009
14.45	14.44	0.096095	41.109
14.43	14.44	0.096112	41.209
14.43	14.44	0.096128	41.309
14.43	14.44	0.096145	41.409
14.43	14.43	0.096162	41.517
14.43	14.43	0.096178	41.617
14.43	14.43	0.096195	41.716
14.43	14.43	0.096212	41.817
14.43	14.43	0.096228	41.916
14.43	14.43	0.096245	42.017
14.43	14.42	0.096261	42.117
14.43	14.42	0.096278	42.217
14.43	14.42	0.096295	42.317
14.43	14.42	0.096311	42.416
14.43	14.42	0.096328	42.517
14.43	14.42	0.096345	42.616
14.43	14.42	0.096361	42.717
14.40	14.42	0.096378	42.817
14.40	14.41	0.096395	42.917
14.40	14.41	0.096411	43.017
14.40	14.41	0.096428	43.117
14.40	14.41	0.096445	43.217
14.40	14.41	0.096461	43.316
14.40	14.41	0.096478	43.417
14.40	14.41	0.096495	43.517
14.40	14.41	0.096511	43.617
14.40	14.41	0.096528	43.717
14.40	14.41	0.096545	43.817
14.40	14.41	0.096561	43.917
14.40	14.40	0.096578	44.016
14.40	14.40	0.096595	44.117
14.40	14.40	0.096611	44.215
14.40	14.40	0.096628	44.340
14.40	14.40	0.096645	44.418
14.40	14.40	0.096661	44.544
14.40	14.40	0.096678	44.639
14.40	14.40	0.096695	44.742
14.40	14.40	0.096711	44.843
14.40	14.40	0.096728	44.937
14.40	14.40	0.096745	45.042
14.40	14.40	0.096761	45.141
14.40	14.40	0.096778	45.236
14.40	14.40	0.096795	45.340
14.40	14.40	0.096811	45.440
14.40	14.40	0.096828	45.535
14.40	14.40	0.096845	45.639
14.40	14.40	0.096861	45.739
14.40	14.40	0.096878	45.833
14.40	14.40	0.096895	45.938
14.38	14.41	0.096911	46.032
14.38	14.41	0.096928	46.132
14.38	14.41	0.096945	46.237
14.38	14.41	0.096961	46.331
14.38	14.41	0.096978	46.431
14.38	14.41	0.096995	46.535
14.38	14.41	0.097011	46.630
14.40	14.41	0.097028	46.729
14.40	14.41	0.097045	46.834
14.40	14.41	0.097061	46.928
14.40	14.42	0.097078	47.028
14.40	14.42	0.097094	47.133
14.40	14.42	0.097111	47.227
14.40	14.42	0.097128	47.327
14.40	14.42	0.097144	47.431
14.40	14.42	0.097161	47.526
14.40	14.42	0.097178	47.625
14.43	14.43	0.097194	47.730
14.43	14.43	0.097211	47.825
14.43	14.43	0.097228	47.924
14.43	14.43	0.097244	48.029
14.43	14.43	0.097261	48.123
14.43	14.44	0.097278	48.223
14.43	14.44	0.097294	48.327
14.43	14.44	0.097311	48.422
14.43	14.44	0.097328	48.523
14.43	14.45	0.097344	48.626
14.45	14.45	0.097361	48.721
14.45	14.45	0.097378	48.824
14.45	14.45	0.097394	48.924
14.45	14.46	0.097411	49.022
14.45	14.46	0.097428	49.124
14.45	14.46	0.097444	49.223
14.45	14.46	0.097461	49.322
14.45	14.47	0.097478	49.422
14.45	14.47	0.097494	49.522
14.45	14.47	0.097511	49.621
14.45	14.47	0.097528	49.722
14.48	14.48	0.097544	49.821
14.48	14.48	0.097561	49.922
14.48	14.48	0.097578	50.022
14.48	14.49	0.097594	50.121
14.48	14.49	0.097611	50.222
14.48	14.49	0.097628	50.321
14.48	14.50	0.097644	50.422
14.48	14.50	0.097661	50.521
14.48	14.50	0.097678	50.622
14.50	14.51	0.097694	50.721
14.50	14.51	0.097711	50.822
14.50	14.51	0.097728	50.922
14.50	14.52	0.097744	51.022
14.50	14.52	0.097761	51.122
14.50	14.52	0.097778	51.221
14.50	14.53	0.097794	51.322
14.53	14.53	0.097811	51.421
14.53	14.53	0.097828	51.522
14.53	14.54	0.097844	51.622
14.53	14.54	0.097861	51.722
14.53	14.54	0.097878	51.822
14.53	14.55	0.097894	51.922
14.53	14.55	0.097911	52.022
14.53	14.55	0.097927	52.121
14.56	14.56	0.097944	52.222
14.56	14.56	0.097961	52.321
14.56	14.56	0.097977	52.422
14.56	14.57	0.097994	52.522
14.56	14.57	0.098011	52.622
14.56	14.57	0.098027	52.722
14.58	14.58	0.098044	52.821
14.58	14.58	0.098061	52.922
14.58	14.59	0.098077	53.021
14.58	14.59	0.098094	53.122
14.58	14.59	0.098111	53.222
14.58	14.60	0.098127	53.322
14.58	14.60	0.098144	53.422
14.58	14.60	0.098161	53.523
14.61	14.61	0.098177	53.622
14.61	14.61	0.098194	53.723
14.61	14.61	0.098211	53.822
14.61	14.62	0.098227	53.923
14.61	14.62	0.098244	54.023
14.61	14.62	0.098261	54.152
14.63	14.63	0.098277	54.247
14.63	14.63	0.098294	54.347
14.63	14.63	0.098311	54.451
14.63	14.63	0.098327	54.545
14.63	14.64	0.098344	54.622
14.63	14.64	0.098361	54.749
14.63	14.64	0.098377	54.844
14.66	14.65	0.098394	54.923
14.66	14.65	0.098411	55.048
14.66	14.65	0.098427	55.143
14.66	14.66	0.098444	55.247
14.66	14.66	0.098461	55.347
14.66	14.66	0.098477	55.441
14.66	14.66	0.098494	55.546
14.66	14.67	0.098511	55.645
14.66	14.67	0.098527	55.740
14.66	14.67	0.098544	55.844
14.68	14.67	0.098561	55.944
14.68	14.68	0.098577	56.039
14.68	14.68	0.098594	56.143
14.68	14.68	0.098611	56.238
14.68	14.68	0.098627	56.337
14.68	14.69	0.098644	56.442
14.68	14.69	0.098661	56.536
14.68	14.69	0.098677	56.636
14.68	14.69	0.098694	56.741
14.68	14.69	0.098711	56.835
14.71	14.70	0.098727	56.935
14.71	14.70	0.098744	57.039
14.71	14.70	0.098760	57.134
14.71	14.70	0.098777	57.233
14.71	14.70	0.098794	57.338
14.71	14.70	0.098810	57.433
14.71	14.70	0.098827	57.532
14.71	14.71	0.098844	57.637
14.71	14.71	0.098860	57.731
14.71	14.71	0.098877	57.831
14.71	14.71	0.098894	57.935
14.71	14.71	0.098910	58.030
14.71	14.71	0.098927	58.129
14.74	14.71	0.098944	58.234
14.74	14.71	0.098960	58.329
14.74	14.72	0.098977	58.428
14.74	14.72	0.098994	58.533
14.74	14.72	0.099010	58.627
14.74	14.72	0.099027	58.729
14.74	14.72	0.099044	58.831
14.74	14.72	0.099060	58.926
14.74	14.72	0.099077	59.029
14.74	14.72	0.099094	59.130
14.74	14.72	0.099110	59.225
14.74	14.72	0.099127	59.329
14.74	14.72	0.099144	59.429
14.74	14.72	0.099160	59.522
14.71	14.72	0.099177	59.627
14.71	14.72	0.099194	59.726
14.71	14.72	0.099210	59.823
14.71	14.72	0.099227	59.926
14.71	14.72	0.099244	00.025
14.71	14.72	0.099260	00.123
14.71	14.72	0.099277	00.224
14.71	14.72	0.099294	00.325
14.71	14.72	0.099310	00.422
14.71	14.72	0.099327	00.523
14.71	14.72	0.099344	00.626
14.71	14.72	0.099360	00.723
14.71	14.72	0.099377	00.823
14.71	14.72	0.099394	00.925
14.71	14.71	0.099410	01.023
14.71	14.71	0.099427	01.122
14.74	14.71	0.099444	01.226
14.74	14.71	0.099460	01.322
14.74	14.71	0.099477	01.423
14.74	14.71	0.099494	01.526
14.74	14.71	0.099510	01.623
14.74	14.71	0.099527	01.723
14.74	14.71	0.099544	01.826
14.74	14.71	0.099560	01.923
14.74	14.70	0.099577	02.022
14.74	14.70	0.099593	02.126
14.71	14.70	0.099610	02.223
14.71	14.70	0.099627	02.323
14.71	14.70	0.099643	02.427
14.71	14.70	0.099660	02.523
14.71	14.70	0.099677	02.623
14.71	14.69	0.099693	02.726
14.71	14.69	0.099710	02.823
14.71	14.69	0.099727	02.922
14.68	14.69	0.099743	03.026
14.68	14.69	0.099760	03.123
14.68	14.69	0.099777	03.223
14.68	14.68	0.099793	03.327
14.68	14.68	0.099810	03.423
14.68	14.68	0.099827	03.524
14.68	14.68	0.099843	03.626
14.68	14.68	0.099860	03.724
14.68	14.68	0.099877	03.824
14.68	14.67	0.099893	03.927
14.68	14.67	0.099910	04.024
14.68	14.67	0.099927	04.124
14.68	14.67	0.099943	04.227
14.68	14.67	0.099960	04.323
14.66	14.67	0.099977	04.424
14.66	14.66	0.099993	04.527
14.66	14.66	0.100010	04.624
14.66	14.66	0.100027	04.724
14.66	14.66	0.100043	04.827
14.66	14.66	0.100060	04.924
14.66	14.66	0.100077	05.023
14.66	14.65	0.100093	05.128
14.66	14.65	0.100110	05.223
14.66	14.65	0.100127	05.348
14.66	14.65	0.100143	05.452
14.66	14.65	0.100160	05.552
14.66	14.65	0.100177	05.647
14.66	14.64	0.100193	05.751
14.66	14.64	0.100210	05.851
14.66	14.64	0.100227	05.945
14.63	14.64	0.100243	06.049
14.63	14.64	0.100260	06.149
14.63	14.64	0.100277	06.243
14.63	14.64	0.100293	06.348
14.63	14.63	0.100310	06.443
14.63	14.63	0.100327	06.542
14.63	14.63	0.100343	06.647
14.63	14.63	0.100360	06.741
14.63	14.63	0.100377	06.841
14.63	14.63	0.100393	06.945
14.63	14.63	0.100410	07.040
14.63	14.63	0.100426	07.139
14.63	14.62	0.100443	07.244
14.63	14.62	0.100460	07.339
14.63	14.62	0.100476	07.438
14.63	14.62	0.100493	07.543
14.63	14.62	0.100510	07.637
14.63	14.62	0.100526	07.737
14.63	14.62	0.100543	07.841
14.63	14.62	0.100560	07.936
14.61	14.62	0.100576	08.036
14.61	14.62	0.100593	08.140
14.61	14.62	0.100610	08.235
14.61	14.62	0.100626	08.334
14.61	14.62	0.100643	08.439
14.61	14.62	0.100660	08.533
14.61	14.62	0.100676	08.634
14.61	14.62	0.100693	08.737
14.61	14.62	0.100710	08.832
14.61	14.62	0.100726	08.934
14.61	14.62	0.100743	09.036
14.61	14.62	0.100760	09.131
14.61	14.62	0.100776	09.233
14.61	14.62	0.100793	09.335
14.61	14.62	0.100810	09.429
14.61	14.62	0.100826	09.534
14.61	14.62	0.100843	09.634
14.61	14.62	0.100860	09.728
14.61	14.62	0.100876	09.833
14.61	14.62	0.100893	09.932
14.61	14.62	0.100910	10.027
14.61	14.62	0.100926	10.131
14.61	14.62	0.100943	10.231
14.61	14.62	0.100960	10.327
14.61	14.62	0.100976	10.430
14.61	14.62	0.100993	10.530
14.61	14.62	0.101010	10.627
14.61	14.62	0.101026	10.729
14.61	14.63	0.101043	10.830
14.61	14.63	0.101060	10.927
14.61	14.63	0.101076	11.027
14.61	14.63	0.101093	11.130
14.61	14.63	0.101110	11.227
14.63	14.63	0.101126	11.327
14.63	14.63	0.101143	11.431
14.63	14.64	0.101160	11.527
14.63	14.64	0.101176	11.627
14.63	14.64	0.101193	11.730
14.63	14.64	0.101210	11.827
14.63	14.64	0.101226	11.926
14.63	14.65	0.101243	12.031
14.63	14.65	0.101259	12.127
14.63	14.65	0.101276	12.227
14.63	14.65	0.101293	12.331
14.63	14.65	0.101309	12.426
14.63	14.66	0.101326	12.527
14.63	14.66	0.101343	12.626
14.66	14.66	0.101359	12.727
14.66	14.66	0.101376	12.828
14.66	14.67	0.101393	12.931
14.66	14.67	0.101409	13.028
14.66	14.67	0.101426	13.128
14.66	14.67	0.101443	13.232
14.66	14.68	0.101459	13.327
14.66	14.68	0.101476	13.428
14.66	14.68	0.101493	13.531
14.68	14.69	0.101509	13.628
14.68	14.69	0.101526	13.728
14.68	14.69	0.101543	13.832
14.68	14.69	0.101559	13.928
14.68	14.70	0.101576	14.027
14.68	14.70	0.101593	14.132
14.68	14.70	0.101609	14.227
14.68	14.71	0.101626	14.328
14.71	14.71	0.101643	14.432
14.71	14.71	0.101659	14.528
14.71	14.72	0.101676	14.628
14.71	14.72	0.101693	14.732
14.71	14.72	0.101709	14.828
14.71	14.73	0.101726	14.927
14.74	14.73	0.101743	15.033
14.74	14.73	0.101759	15.127
14.74	14.74	0.101776	15.228
14.74	14.74	0.101793	15.328
14.74	14.74	0.101809	15.428
14.74	14.75	0.101826	15.528
14.74	14.75	0.101843	15.657
14.76	14.75	0.101859	15.757
14.76	14.76	0.101876	15.851
14.76	14.76	0.101893	15.956
14.76	14.76	0.101909	16.055
14.76	14.77	0.101926	16.150
14.76	14.77	0.101943	16.254
14.76	14.77	0.101959	16.354
14.76	14.78	0.101976	16.449
14.76	14.78	0.101993	16.553
14.79	14.78	0.102009	16.648
14.79	14.79	0.102026	16.747
14.79	14.79	0.102043	16.852
14.79	14.80	0.102059	16.946
14.79	14.80	0.102076	17.046
14.79	14.80	0.102092	17.151
14.79	14.81	0.102109	17.245
14.79	14.81	0.102126	17.345
14.81	14.81	0.102142	17.449
14.81	14.82	0.102159	17.544
14.81	14.82	0.102176	17.643
14.81	14.82	0.102192	17.748
14.81	14.83	0.102209	17.842
14.81	14.83	0.102226	17.942
14.81	14.83	0.102242	18.047
14.84	14.84	0.102259	18.141
14.84	14.84	0.102276	18.241
14.84	14.84	0.102292	18.345
14.84	14.85	0.102309	18.439
14.84	14.85	0.102326	18.539
14.84	14.85	0.102342	18.644
14.84	14.85	0.102359	18.738
14.86	14.86	0.102376	18.839
14.86	14.86	0.102392	18.942
14.86	14.86	0.102409	19.037
14.86	14.87	0.102426	19.138
14.86	14.87	0.102442	19.241
14.86	14.87	0.102459	19.336
14.86	14.87	0.102476	19.439
14.89	14.88	0.102492	19.540
14.89	14.88	0.102509	19.634
14.89	14.88	0.102526	19.739
14.89	14.88	0.102542	19.838
14.89	14.89	0.102559	19.933
14.89	14.89	0.102576	20.037
14.89	14.89	0.102592	20.137
14.89	14.89	0.102609	20.232
14.92	14.90	0.102626	20.336
14.92	14.90	0.102642	20.436
14.92	14.90	0.102659	20.530
14.92	14.90	0.102676	20.635
14.92	14.90	0.102692	20.729
14.92	14.91	0.102709	20.829
14.92	14.91	0.102726	20.934
14.92	14.91	0.102742	21.029
14.92	14.91	0.102759	21.129
14.92	14.91	0.102776	21.232
14.92	14.92	0.102792	21.329
14.92	14.92	0.102809	21.428
14.92	14.92	0.102826	21.531
14.92	14.92	0.102842	21.628
14.92	14.92	0.102859	21.729
14.92	14.92	0.102876	21.830
14.92	14.92	0.102892	21.929
14.92	14.92	0.102909	22.029
14.92	14.93	0.102925	22.128
14.92	14.93	0.102942	22.229
14.92	14.93	0.102959	22.328
14.92	14.93	0.102975	22.429
14.92	14.93	0.102992	22.528
14.92	14.93	0.103009	22.629
14.92	14.93	0.103025	22.729
14.92	14.93	0.103042	22.829
14.94	14.93	0.103059	22.929
14.94	14.93	0.103075	23.028
14.94	14.93	0.103092	23.128
14.94	14.93	0.103109	23.228
14.94	14.93	0.103125	23.329
14.94	14.93	0.103142	23.429
14.94	14.93	0.103159	23.529
14.94	14.93	0.103175	23.629
14.94	14.93	0.103192	23.729
14.94	14.93	0.103209	23.829
14.94	14.93	0.103225	23.928
14.94	14.93	0.103242	24.029
14.94	14.93	0.103259	24.128
14.94	14.93	0.103275	24.229
14.94	14.93	0.103292	24.329
14.94	14.93	0.103309	24.429
14.94	14.93	0.103325	24.529
14.94	14.93	0.103342	24.628
14.94	14.93	0.103359	24.729
14.94	14.93	0.103375	24.828
14.94	14.93	0.103392	24.929
14.94	14.93	0.103409	25.030
14.94	14.93	0.103425	25.130
14.94	14.93	0.103442	25.230
14.94	14.92	0.103459	25.330
14.94	14.92	0.103475	25.430
14.94	14.92	0.103492	25.529
14.94	14.92	0.103509	25.630
14.94	14.92	0.103525	25.729
14.94	14.92	0.103542	25.830
14.94	14.92	0.103559	25.930
14.94	14.92	0.103575	26.030
14.94	14.92	0.103592	26.130
14.94	14.91	0.103609	26.230
14.94	14.91	0.103625	26.330
14.92	14.91	0.103642	26.429
14.92	14.91	0.103659	26.529
14.92	14.91	0.103675	26.653
14.92	14.91	0.103692	26.758
14.92	14.91	0.103709	26.852
14.92	14.90	0.103725	26.952
14.92	14.90	0.103742	27.057
14.92	14.90	0.103758	27.151
14.89	14.90	0.103775	27.251
14.89	14.90	0.103792	27.355
14.89	14.90	0.103808	27.450
14.89	14.89	0.103825	27.549
14.89	14.89	0.103842	27.654
14.89	14.89	0.103858	27.749
14.89	14.89	0.103875	27.848
14.89	14.89	0.103892	27.953
14.89	14.89	0.103908	28.047
14.89	14.88	0.103925	28.147
14.89	14.88	0.103942	28.251
14.89	14.88	0.103958	28.346
14.86	14.88	0.103975	28.445
14.86	14.88	0.103992	28.550
14.86	14.88	0.104008	28.645
14.86	14.87	0.104025	28.744
14.86	14.87	0.104042	28.849
14.86	14.87	0.104058	28.943
14.86	14.87	0.104075	29.043
14.86	14.87	0.104092	29.147
14.86	14.87	0.104108	29.241
14.86	14.86	0.104125	29.344
14.86	14.86	0.104142	29.446
14.86	14.86	0.104158	29.540
14.86	14.86	0.104175	29.644
14.86	14.86	0.104192	29.744
14.86	14.86	0.104208	29.840
14.86	14.85	0.104225	29.944
14.86	14.85	0.104242	30.044
14.86	14.85	0.104258	30.138
14.86	14.85	0.104275	30.243
14.86	14.85	0.104292	30.343
14.86	14.85	0.104308	30.437
14.86	14.85	0.104325	30.542
14.86	14.84	0.104342	30.641
14.86	14.84	0.104358	30.736
14.86	14.84	0.104375	30.840
14.86	14.84	0.104392	30.935
14.86	14.84	0.104408	31.034
14.86	14.84	0.104425	31.139
14.86	14.84	0.104442	31.233
14.86	14.84	0.104458	31.333
14.84	14.84	0.104475	31.437
14.84	14.84	0.104492	31.531
14.84	14.83	0.104508	31.632
14.84	14.83	0.104525	31.735
14.84	14.83	0.104542	31.831
14.84	14.83	0.104558	31.931
14.84	14.83	0.104575	32.034
14.84	14.83	0.104591	32.131
14.84	14.83	0.104608	32.231
14.84	14.83	0.104625	32.333
14.81	14.83	0.104641	32.430
14.81	14.83	0.104658	32.531
14.81	14.83	0.104675	32.631
14.81	14.83	0.104691	32.731
14.81	14.83	0.104708	32.831
14.81	14.83	0.104725	32.931
14.81	14.83	0.104741	33.031
14.81	14.83	0.104758	33.131
14.81	14.83	0.104775	33.230
14.81	14.83	0.104791	33.331
14.81	14.83	0.104808	33.430
14.81	14.83	0.104825	33.531
14.81	14.83	0.104841	33.631
14.81	14.83	0.104858	33.731
14.81	14.83	0.104875	33.831
14.81	14.83	0.104891	33.930
14.81	14.83	0.104908	34.031
14.81	14.83	0.104925	34.130
14.81	14.83	0.104941	34.231
14.84	14.83	0.104958	34.331
14.84	14.84	0.104975	34.431
14.84	14.84	0.104991	34.531
14.84	14.84	0.105008	34.631
14.84	14.84	0.105025	34.731
14.84	14.84	0.105041	34.830
14.84	14.84	0.105058	34.931
14.84	14.84	0.105075	35.030
14.84	14.84	0.105091	35.131
14.84	14.84	0.105108	35.231
14.84	14.85	0.105125	35.331
14.84	14.85	0.105141	35.431
14.84	14.85	0.105158	35.531
14.84	14.85	0.105175	35.631
14.84	14.85	0.105191	35.730
14.84	14.86	0.105208	35.831
14.84	14.86	0.105225	35.930
14.84	14.86	0.105241	36.031
14.84	14.86	0.105258	36.131
14.84	14.86	0.105275	36.231
14.84	14.87	0.105291	36.331
14.86	14.87	0.105308	36.431
14.86	14.87	0.105325	36.531
14.86	14.87	0.105341	36.630
14.86	14.87	0.105358	36.731
14.86	14.88	0.105375	36.831
14.86	14.88	0.105391	36.931
14.86	14.88	0.105408	37.031
14.86	14.88	0.105424	37.131
14.86	14.89	0.105441	37.231
14.89	14.89	0.105458	37.330
14.89	14.89	0.105474	37.431
14.89	14.90	0.105491	37.530
14.89	14.90	0.105508	37.655
14.89	14.90	0.105524	37.754
14.89	14.90	0.105541	37.859
14.89	14.91	0.105558	37.954
14.92	14.91	0.105574	38.053
14.92	14.91	0.105591	38.158
14.92	14.92	0.105608	38.252
14.92	14.92	0.105624	38.352
14.92	14.92	0.105641	38.456
14.92	14.93	0.105658	38.551
14.92	14.93	0.105674	38.651
14.92	14.93	0.105691	38.755
14.92	14.94	0.105708	38.850
14.92	14.94	0.105724	38.949
14.92	14.94	0.105741	39.054
14.94	14.95	0.105758	39.148
14.94	14.95	0.105774	39.248
14.94	14.95	0.105791	39.352
14.94	14.96	0.105808	39.447
14.94	14.96	0.105824	39.549
14.94	14.96	0.105841	39.651
14.94	14.97	0.105858	39.746
14.97	14.97	0.105874	39.848
14.97	14.97	0.105891	39.950
14.97	14.98	0.105908	40.044
14.97	14.98	0.105924	40.149
14.97	14.98	0.105941	40.248
14.97	14.99	0.105958	40.343
14.97	14.99	0.105974	40.448
14.97	14.99	0.105991	40.547
14.99	15.00	0.106008	40.642
14.99	15.00	0.106024	40.746
14.99	15.01	0.106041	40.846
14.99	15.01	0.106058	40.940
14.99	15.01	0.106074	41.045
15.02	15.02	0.106091	41.140
15.02	15.02	0.106108	41.239
15.02	15.02	0.106124	41.344
15.02	15.03	0.106141	41.438
15.02	15.03	0.106158	41.538
15.02	15.03	0.106174	41.642
15.04	15.04	0.106191	41.737
15.04	15.04	0.106208	41.838
15.04	15.04	0.106224	41.941
15.04	15.05	0.106241	42.038
15.04	15.05	0.106257	42.138
15.04	15.05	0.106274	42.240
15.07	15.06	0.106291	42.337
15.07	15.06	0.106307	42.438
15.07	15.06	0.106324	42.538
15.07	15.06	0.106341	42.638
15.07	15.07	0.106357	42.738
15.07	15.07	0.106374	42.838
15.07	15.07	0.106391	42.938
15.09	15.08	0.106407	43.038
15.09	15.08	0.106424	43.138
15.09	15.08	0.106441	43.237
15.09	15.08	0.106457	43.338
15.09	15.09	0.106474	43.438
15.09	15.09	0.106491	43.538
15.09	15.09	0.106507	43.638
15.09	15.10	0.106524	43.738
15.09	15.10	0.106541	43.838
15.09	15.10	0.106557	43.937
15.09	15.10	0.106574	44.038
15.12	15.11	0.106591	44.137
15.12	15.11	0.106607	44.238
15.12	15.11	0.106624	44.339
15.12	15.11	0.106641	44.439
15.12	15.11	0.106657	44.539
15.12	15.12	0.106674	44.638
15.12	15.12	0.106691	44.739
15.12	15.12	0.106707	44.838
15.12	15.12	0.106724	44.939
15.12	15.12	0.106741	45.038
15.12	15.13	0.106757	45.139
15.15	15.13	0.106774	45.239
15.15	15.13	0.106791	45.339
15.15	15.13	0.106807	45.439
15.15	15.13	0.106824	45.538
15.15	15.13	0.106841	45.639
15.15	15.13	0.106857	45.738
15.15	15.14	0.106874	45.839
15.15	15.14	0.106891	45.940
15.15	15.14	0.106907	46.040
15.15	15.14	0.106924	46.140
15.15	15.14	0.106941	46.240
15.15	15.14	0.106957	46.340
15.15	15.14	0.106974	46.439
15.15	15.14	0.106991	46.540
15.15	15.14	0.107007	46.639
15.15	15.14	0.107024	46.740
15.15	15.14	0.107041	46.840
15.15	15.14	0.107057	46.969
15.15	15.15	0.107074	47.064
15.15	15.15	0.107090	47.168
15.15	15.15	0.107107	47.268
15.15	15.15	0.107124	47.362
15.15	15.15	0.107140	47.467
15.15	15.15	0.107157	47.561
15.15	15.15	0.107174	47.661
15.12	15.15	0.107190	47.765
15.12	15.15	0.107207	47.860
15.12	15.15	0.107224	47.960
15.12	15.15	0.107240	48.064
15.15	15.15	0.107257	48.159
15.15	15.15	0.107274	48.258
15.15	15.15	0.107290	48.363
15.15	15.14	0.107307	48.457
15.15	15.14	0.107324	48.557
15.15	15.14	0.107340	48.662
15.15	15.14	0.107357	48.756
15.15	15.14	0.107374	48.856
15.15	15.14	0.107390	48.960
15.15	15.14	0.107407	49.055
15.15	15.14	0.107424	49.154
15.15	15.14	0.107440	49.259
15.15	15.14	0.107457	49.354
15.15	15.14	0.107474	49.453
15.15	15.14	0.107490	49.558
15.15	15.14	0.107507	49.652
15.15	15.13	0.107524	49.753
15.15	15.13	0.107540	49.856
15.15	15.13	0.107557	49.951
15.15	15.13	0.107574	50.053
15.15	15.13	0.107590	50.154
15.15	15.13	0.107607	50.249
15.15	15.13	0.107624	50.354
15.15	15.13	0.107640	50.453
15.15	15.12	0.107657	50.548
15.15	15.12	0.107674	50.652
15.15	15.12	0.107690	50.752
15.15	15.12	0.107707	50.846
15.15	15.12	0.107724	50.951
15.15	15.12	0.107740	51.051
15.12	15.11	0.107757	51.145
15.12	15.11	0.107774	51.250
15.12	15.11	0.107790	51.349
15.12	15.11	0.107807	51.444
15.12	15.11	0.107824	51.548
15.12	15.11	0.107840	51.643
15.12	15.10	0.107857	51.743
15.12	15.10	0.107874	51.847
15.09	15.10	0.107890	51.942
15.09	15.10	0.107907	52.041
15.09	15.10	0.107923	52.146
15.09	15.10	0.107940	52.240
15.09	15.09	0.107957	52.341
15.09	15.09	0.107973	52.444
15.09	15.09	0.107990	52.541
15.09	15.09	0.108007	52.641
15.09	15.09	0.108023	52.743
15.09	15.09	0.108040	52.841
15.09	15.08	0.108057	52.940
15.09	15.08	0.108073	53.042
15.09	15.08	0.108090	53.140
15.07	15.08	0.108107	53.241
15.07	15.08	0.108123	53.340
15.07	15.08	0.108140	53.441
15.07	15.07	0.108157	53.541
15.07	15.07	0.108173	53.641
15.07	15.07	0.108190	53.741
15.07	15.07	0.108207	53.841
15.07	15.07	0.108223	53.940
15.07	15.07	0.108240	54.041
15.07	15.06	0.108257	54.139
15.07	15.06	0.108273	54.241
15.07	15.06	0.108290	54.341
15.07	15.06	0.108307	54.441
15.07	15.06	0.108323	54.541
15.07	15.06	0.108340	54.641
15.07	15.06	0.108357	54.741
15.07	15.06	0.108373	54.840
15.04	15.05	0.108390	54.941
15.04	15.05	0.108407	55.040
15.04	15.05	0.108423	55.141
15.04	15.05	0.108440	55.241
15.04	15.05	0.108457	55.341
15.04	15.05	0.108473	55.441
15.04	15.05	0.108490	55.540
15.04	15.05	0.108507	55.641
15.04	15.05	0.108523	55.739
15.04	15.05	0.108540	55.841
15.04	15.05	0.108557	55.940
15.04	15.04	0.108573	56.041
15.04	15.04	0.108590	56.141
15.04	15.04	0.108607	56.241
15.04	15.04	0.108623	56.341
15.04	15.04	0.108640	56.440
15.04	15.04	0.108657	56.541
15.04	15.04	0.108673	56.640
15.04	15.04	0.108690	56.741
15.04	15.04	0.108707	56.841
15.04	15.04	0.108723	56.941
15.04	15.04	0.108740	57.041
15.04	15.04	0.108756	57.141
15.04	15.04	0.108773	57.241
15.04	15.04	0.108790	57.340
15.04	15.04	0.108806	57.441
15.04	15.04	0.108823	57.540
15.04	15.04	0.108840	57.641
15.04	15.04	0.108856	57.741
15.04	15.04	0.108873	57.841
15.04	15.04	0.108890	57.941
15.04	15.05	0.108906	58.065
15.04	15.05	0.108923	58.165
15.04	15.05	0.108940	58.269
15.04	15.05	0.108956	58.364
15.04	15.05	0.108973	58.463
15.04	15.05	0.108990	58.568
15.04	15.05	0.109006	58.662
15.04	15.05	0.109023	58.762
15.04	15.05	0.109040	58.867
15.04	15.05	0.109056	58.961
15.04	15.06	0.109073	59.061
15.04	15.06	0.109090	59.165
15.04	15.06	0.109106	59.260
15.04	15.06	0.109123	59.359
15.04	15.06	0.109140	59.464
15.04	15.06	0.109156	59.559
15.04	15.06	0.109173	59.658
15.04	15.07	0.109190	59.763
15.04	15.07	0.109206	59.857
15.04	15.07	0.109223	59.958
15.04	15.07	0.109240	00.061
15.04	15.07	0.109256	00.156
15.07	15.08	0.109273	00.258
15.07	15.08	0.109290	00.360
15.07	15.08	0.109306	00.455
15.07	15.08	0.109323	00.558
15.07	15.09	0.109340	00.659
15.07	15.09	0.109356	00.752
15.07	15.09	0.109373	00.858
15.07	15.09	0.109390	00.957
15.09	15.10	0.109406	01.052
15.09	15.10	0.109423	01.157
15.09	15.10	0.109440	01.256
15.09	15.10	0.109456	01.351
15.09	15.11	0.109473	01.455
15.09	15.11	0.109490	01.555
15.09	15.11	0.109506	01.648
15.12	15.11	0.109523	01.754
15.12	15.12	0.109540	01.849
15.12	15.12	0.109556	01.948
15.12	15.12	0.109573	02.053
15.12	15.13	0.109589	02.147
15.12	15.13	0.109606	02.246
15.12	15.13	0.109623	02.351
15.12	15.14	0.109639	02.445
15.15	15.14	0.109656	02.545
15.15	15.14	0.109673	02.650
15.15	15.15	0.109689	02.745
15.15	15.15	0.109706	02.844
15.15	15.15	0.109723	02.949
15.15	15.16	0.109739	03.043
15.15	15.16	0.109756	03.142
15.15	15.16	0.109773	03.246
15.15	15.17	0.109789	03.341
15.15	15.17	0.109806	03.441
15.15	15.17	0.109823	03.545
15.17	15.18	0.109839	03.641
15.17	15.18	0.109856	03.741
15.17	15.18	0.109873	03.844
15.17	15.19	0.109889	03.940
15.17	15.19	0.109906	04.041
15.17	15.19	0.109923	04.142
15.17	15.20	0.109939	04.241
15.20	15.20	0.109956	04.341
15.20	15.20	0.109973	04.441
15.20	15.21	0.109989	04.541
15.20	15.21	0.110006	04.640
15.20	15.21	0.110023	04.741
15.20	15.22	0.110039	04.840
15.22	15.22	0.110056	04.941
15.22	15.23	0.110073	05.040
15.22	15.23	0.110089	05.141
15.22	15.23	0.110106	05.241
15.22	15.24	0.110123	05.341
15.22	15.24	0.110139	05.441
15.22	15.24	0.110156	05.540
15.25	15.25	0.110173	05.641
15.25	15.25	0.110189	05.740
15.25	15.25	0.110206	05.841
15.25	15.26	0.110223	05.941
15.25	15.26	0.110239	06.041
15.25	15.26	0.110256	06.140
15.27	15.27	0.110273	06.240
15.27	15.27	0.110289	06.341
15.27	15.27	0.110306	06.440
15.27	15.27	0.110323	06.541
15.27	15.28	0.110339	06.640
15.27	15.28	0.110356	06.741
15.30	15.28	0.110373	06.841
15.30	15.29	0.110389	06.941
15.30	15.29	0.110406	07.041
15.30	15.29	0.110422	07.141
15.30	15.30	0.110439	07.241
15.30	15.30	0.110456	07.340
15.30	15.30	0.110472	07.441
15.30	15.30	0.110489	07.540
15.30	15.31	0.110506	07.641
15.30	15.31	0.110522	07.741
15.33	15.31	0.110539	07.841
15.33	15.31	0.110556	07.941
15.33	15.32	0.110572	08.040
15.33	15.32	0.110589	08.141
15.33	15.32	0.110606	08.240
15.33	15.32	0.110622	08.341
15.33	15.33	0.110639	08.440
15.33	15.33	0.110656	08.541
15.33	15.33	0.110672	08.641
15.33	15.33	0.110689	08.741
15.33	15.33	0.110706	08.841
15.33	15.34	0.110722	08.940
15.33	15.34	0.110739	09.041
15.33	15.34	0.110756	09.140
15.33	15.34	0.110772	09.241
15.33	15.34	0.110789	09.341
15.35	15.34	0.110806	09.465
15.35	15.34	0.110822	09.565
15.35	15.35	0.110839	09.669
15.35	15.35	0.110856	09.764
15.35	15.35	0.110872	09.863
15.35	15.35	0.110889	09.968
15.35	15.35	0.110906	10.062
15.35	15.35	0.110922	10.162
15.35	15.35	0.110939	10.266
15.35	15.35	0.110956	10.361
15.35	15.36	0.110972	10.463
15.35	15.36	0.110989	10.565
15.35	15.36	0.111006	10.660
15.38	15.36	0.111022	10.762
15.38	15.36	0.111039	10.864
15.38	15.36	0.111056	10.958
15.38	15.36	0.111072	11.063
15.38	15.36	0.111089	11.163
15.38	15.36	0.111106	11.257
15.38	15.36	0.111122	11.362
15.38	15.36	0.111139	11.461
15.38	15.36	0.111156	11.556
15.38	15.36	0.111172	11.660
15.38	15.36	0.111189	11.760
15.38	15.36	0.111206	11.854
15.38	15.36	0.111222	11.959
15.38	15.36	0.111239	12.054
15.38	15.36	0.111255	12.153
15.38	15.36	0.111272	12.258
15.38	15.36	0.111289	12.352
15.38	15.36	0.111305	12.452
15.35	15.36	0.111322	12.556
15.35	15.36	0.111339	12.651
15.35	15.36	0.111355	12.751
15.35	15.36	0.111372	12.855
15.35	15.36	0.111389	12.949
15.35	15.35	0.111405	13.049
15.35	15.35	0.111422	13.154
15.35	15.35	0.111439	13.247
15.35	15.35	0.111455	13.347
15.35	15.35	0.111472	13.451
15.35	15.35	0.111489	13.546
15.35	15.35	0.111505	13.646
15.35	15.35	0.111522	13.750
15.35	15.35	0.111539	13.845
15.35	15.35	0.111555	13.944
15.35	15.34	0.111572	14.049
15.35	15.34	0.111589	14.143
15.35	15.34	0.111605	14.244
15.35	15.34	0.111622	14.349
15.35	15.34	0.111639	14.442
15.35	15.34	0.111655	14.545
15.35	15.34	0.111672	14.647
15.35	15.33	0.111689	14.742
15.35	15.33	0.111705	14.844
15.35	15.33	0.111722	14.945
15.35	15.33	0.111739	15.042
15.35	15.33	0.111755	15.145
15.35	15.33	0.111772	15.244
15.35	15.32	0.111789	15.342
15.35	15.32	0.111805	15.443
15.35	15.32	0.111822	15.543
15.35	15.32	0.111839	15.641
15.35	15.32	0.111855	15.742
15.35	15.32	0.111872	15.841
15.33	15.31	0.111889	15.942
15.33	15.31	0.111905	16.042
15.33	15.31	0.111922	16.142
15.33	15.31	0.111939	16.242
15.33	15.31	0.111955	16.341
15.33	15.31	0.111972	16.442
15.30	15.30	0.111989	16.541
15.30	15.30	0.112005	16.642
15.30	15.30	0.112022	16.742
15.30	15.30	0.112039	16.842
15.30	15.30	0.112055	16.942
15.30	15.30	0.112072	17.042
15.27	15.29	0.112088	17.142
15.27	15.29	0.112105	17.241
15.27	15.29	0.112122	17.342
15.27	15.29	0.112138	17.441
15.27	15.29	0.112155	17.542
15.27	15.29	0.112172	17.642
15.27	15.28	0.112188	17.742
15.27	15.28	0.112205	17.842
15.27	15.28	0.112222	17.942
15.27	15.28	0.112238	18.043
15.27	15.28	0.112255	18.142
15.27	15.28	0.112272	18.243
15.27	15.28	0.112288	18.342
15.27	15.27	0.112305	18.443
15.27	15.27	0.112322	18.543
15.27	15.27	0.112338	18.643
15.27	15.27	0.112355	18.743
15.27	15.27	0.112372	18.842
15.27	15.27	0.112388	18.943
15.27	15.27	0.112405	19.042
15.27	15.27	0.112422	19.143
15.27	15.26	0.112438	19.243
15.27	15.26	0.112455	19.343
15.27	15.26	0.112472	19.443
15.27	15.26	0.112488	19.542
15.27	15.26	0.112505	19.643
15.27	15.26	0.112522	19.742
15.27	15.26	0.112538	19.843
15.27	15.26	0.112555	19.942
15.25	15.26	0.112572	20.043
15.25	15.26	0.112588	20.143
15.25	15.26	0.112605	20.267
15.25	15.26	0.112622	20.343
15.25	15.26	0.112638	20.441
15.25	15.26	0.112655	20.566
15.25	15.26	0.112672	20.642
15.25	15.26	0.112688	20.770
15.25	15.26	0.112705	20.864
15.25	15.26	0.112722	20.943
15.25	15.26	0.112738	21.069
15.25	15.26	0.112755	21.163
15.25	15.26	0.112772	21.243
15.25	15.26	0.112788	21.367
15.25	15.26	0.112805	21.462
15.25	15.26	0.112822	21.566
15.25	15.26	0.112838	21.666
15.25	15.26	0.112855	21.760
15.25	15.26	0.112872	21.865
15.25	15.26	0.112888	21.965
15.25	15.26	0.112905	22.059
15.25	15.26	0.112921	22.164
15.25	15.26	0.112938	22.258
15.25	15.26	0.112955	22.358
15.25	15.26	0.112971	22.462
15.25	15.26	0.112988	22.557
15.27	15.26	0.113005	22.657
15.27	15.26	0.113021	22.761
15.27	15.27	0.113038	22.856
15.27	15.27	0.113055	22.959
15.27	15.27	0.113071	23.060
15.27	15.27	0.113088	23.154
15.27	15.27	0.113105	23.254
15.27	15.27	0.113121	23.358
15.27	15.27	0.113138	23.453
15.27	15.28	0.113155	23.553
15.27	15.28	0.113171	23.657
15.27	15.28	0.113188	23.752
15.27	15.28	0.113205	23.851
15.27	15.28	0.113221	23.956
15.27	15.29	0.113238	24.050
15.27	15.29	0.113255	24.150
15.27	15.29	0.113271	24.254
15.27	15.29	0.113288	24.349
15.27	15.29	0.113305	24.448
15.27	15.30	0.113321	24.553
15.27	15.30	0.113338	24.647
15.27	15.30	0.113355	24.749
15.27	15.30	0.113371	24.851
15.27	15.31	0.113388	24.946
15.30	15.31	0.113405	25.049
15.30	15.31	0.113421	25.150
15.30	15.31	0.113438	25.245
15.30	15.32	0.113455	25.349
15.30	15.32	0.113471	25.449
15.30	15.32	0.113488	25.543
15.30	15.33	0.113505	25.648
15.33	15.33	0.113521	25.747
15.33	15.33	0.113538	25.844
15.33	15.33	0.113555	25.947
15.33	15.34	0.113571	26.046
15.33	15.34	0.113588	26.144
15.33	15.34	0.113605	26.245
15.33	15.35	0.113621	26.345
15.35	15.35	0.113638	26.443
15.35	15.35	0.113655	26.544
15.35	15.36	0.113671	26.645
15.35	15.36	0.113688	26.744
15.35	15.36	0.113705	26.844
15.35	15.37	0.113721	26.946
15.35	15.37	0.113738	27.044
15.35	15.37	0.113754	27.144
15.38	15.38	0.113771	27.245
15.38	15.38	0.113788	27.344
15.38	15.38	0.113804	27.443
15.38	15.39	0.113821	27.546
15.38	15.39	0.113838	27.644
15.38	15.39	0.113854	27.744
15.38	15.40	0.113871	27.846
15.40	15.40	0.113888	27.943
15.40	15.40	0.113904	28.044
15.40	15.41	0.113921	28.146
15.40	15.41	0.113938	28.245
15.40	15.41	0.113954	28.345
15.40	15.42	0.113971	28.446
15.40	15.42	0.113988	28.545
15.40	15.42	0.114004	28.645
15.43	15.43	0.114021	28.747
15.43	15.43	0.114038	28.844
15.43	15.44	0.114054	28.945
15.43	15.44	0.114071	29.046
15.43	15.44	0.114088	29.145
15.43	15.45	0.114104	29.245
15.43	15.45	0.114121	29.347
15.45	15.45	0.114138	29.445
15.45	15.46	0.114154	29.545
15.45	15.46	0.114171	29.647
15.45	15.46	0.114188	29.744
15.45	15.47	0.114204	29.845
15.45	15.47	0.114221	29.947
15.45	15.47	0.114238	30.045
15.48	15.48	0.114254	30.145
15.48	15.48	0.114271	30.247
15.48	15.48	0.114288	30.345
15.48	15.49	0.114304	30.444
15.48	15.49	0.114321	30.547
15.48	15.49	0.114338	30.644
15.50	15.49	0.114354	30.745
15.50	15.50	0.114371	30.847
15.50	15.50	0.114388	30.945
15.50	15.50	0.114404	31.045
15.50	15.51	0.114421	31.147
15.50	15.51	0.114438	31.274
15.50	15.51	0.114454	31.368
15.53	15.51	0.114471	31.448
15.53	15.52	0.114488	31.572
15.53	15.52	0.114504	31.667
15.53	15.52	0.114521	31.771
15.53	15.52	0.114538	31.871
15.53	15.53	0.114554	31.966
15.53	15.53	0.114571	32.070
15.53	15.53	0.114587	32.170
15.53	15.53	0.114604	32.264
15.56	15.54	0.114621	32.369
15.56	15.54	0.114637	32.468
15.56	15.54	0.114654	32.563
15.56	15.54	0.114671	32.667
15.56	15.54	0.114687	32.762
15.56	15.55	0.114704	32.862
15.56	15.55	0.114721	32.966
15.56	15.55	0.114737	33.061
15.56	15.55	0.114754	33.160
15.56	15.55	0.114771	33.265
15.56	15.56	0.114787	33.359
15.56	15.56	0.114804	33.459
15.56	15.56	0.114821	33.564
15.56	15.56	0.114837	33.658
15.56	15.56	0.114854	33.758
15.56	15.56	0.114871	33.862
15.56	15.56	0.114887	33.957
15.56	15.56	0.114904	34.056
15.56	15.57	0.114921	34.161
15.56	15.57	0.114937	34.256
15.56	15.57	0.114954	34.355
15.56	15.57	0.114971	34.460
15.56	15.57	0.114987	34.554
15.56	15.57	0.115004	34.654
15.56	15.57	0.115021	34.758
15.58	15.57	0.115037	34.853
15.58	15.57	0.115054	34.953
15.58	15.57	0.115071	35.057
15.58	15.57	0.115087	35.152
15.58	15.57	0.115104	35.254
15.58	15.57	0.115121	35.356
15.58	15.57	0.115137	35.450
15.58	15.57	0.115154	35.554
15.58	15.57	0.115171	35.654
15.58	15.57	0.115187	35.749
15.58	15.57	0.115204	35.853
15.58	15.57	0.115221	35.953
15.58	15.57	0.115237	36.047
15.58	15.57	0.115254	36.152
15.58	15.57	0.115271	36.251
15.58	15.57	0.115287	36.346
15.58	15.57	0.115304	36.450
15.58	15.57	0.115321	36.550
15.58	15.57	0.115337	36.645
15.58	15.57	0.115354	36.749
15.58	15.57	0.115371	36.850
15.58	15.57	0.115387	36.946
15.58	15.57	0.115404	37.048
15.58	15.57	0.115420	37.145
15.58	15.57	0.115437	37.246
15.58	15.56	0.115454	37.346
15.58	15.56	0.115470	37.450
15.58	15.56	0.115487	37.546
15.58	15.56	0.115504	37.646
15.58	15.56	0.115520	37.746
15.58	15.56	0.115537	37.846
15.58	15.56	0.115554	37.946
15.58	15.56	0.115570	38.045
15.58	15.56	0.115587	38.146
15.56	15.55	0.115604	38.245
15.56	15.55	0.115620	38.346
15.56	15.55	0.115637	38.446
15.56	15.55	0.115654	38.546
15.56	15.55	0.115670	38.646
15.56	15.55	0.115687	38.745
15.56	15.55	0.115704	38.846
15.56	15.54	0.115720	38.945
15.56	15.54	0.115737	39.046
15.56	15.54	0.115754	39.146
15.56	15.54	0.115770	39.245
15.56	15.54	0.115787	39.346
15.56	15.54	0.115804	39.445
15.53	15.53	0.115820	39.546
15.53	15.53	0.115837	39.646
15.53	15.53	0.115854	39.746
15.53	15.53	0.115870	39.846
15.53	15.53	0.115887	39.946
15.53	15.53	0.115904	40.046
15.53	15.52	0.115920	40.145
15.53	15.52	0.115937	40.246
15.53	15.52	0.115954	40.345
15.50	15.52	0.115970	40.446
15.50	15.52	0.115987	40.546
15.50	15.52	0.116004	40.646
15.50	15.51	0.116020	40.746
15.50	15.51	0.116037	40.846
15.50	15.51	0.116054	40.946
15.50	15.51	0.116070	41.045
15.50	15.51	0.116087	41.146
15.50	15.51	0.116104	41.245
15.50	15.50	0.116120	41.346
15.50	15.50	0.116137	41.446
15.50	15.50	0.116154	41.546
15.50	15.50	0.116170	41.646
15.50	15.50	0.116187	41.745
15.50	15.50	0.116204	41.846
15.50	15.49	0.116220	41.945
15.50	15.49	0.116237	42.046
15.50	15.49	0.116253	42.145
15.50	15.49	0.116270	42.275
15.50	15.49	0.116287	42.374
15.50	15.49	0.116303	42.469
15.50	15.49	0.116320	42.574
15.50	15.48	0.116337	42.673
15.50	15.48	0.116353	42.768
15.50	15.48	0.116370	42.872
15.50	15.48	0.116387	42.967
15.50	15.48	0.116403	43.066
15.50	15.48	0.116420	43.171
15.48	15.48	0.116437	43.266
15.48	15.48	0.116453	43.365
15.48	15.48	0.116470	43.470
15.48	15.48	0.116487	43.564
15.48	15.47	0.116503	43.664
15.48	15.47	0.116520	43.768
15.48	15.47	0.116537	43.863
15.48	15.47	0.116553	43.963
15.48	15.47	0.116570	44.067
15.45	15.47	0.116587	44.162
15.45	15.47	0.116603	44.261
15.45	15.47	0.116620	44.366
15.45	15.47	0.116637	44.460
15.45	15.47	0.116653	44.560
15.45	15.47	0.116670	44.664
15.45	15.47	0.116687	44.759
15.45	15.47	0.116703	44.859
15.45	15.47	0.116720	44.963
15.45	15.47	0.116737	45.058
15.45	15.47	0.116753	45.158
15.45	15.47	0.116770	45.262
15.45	15.47	0.116787	45.356
15.45	15.47	0.116803	45.458
15.45	15.47	0.116820	45.561
15.45	15.47	0.116837	45.655
15.45	15.47	0.116853	45.759
15.45	15.47	0.116870	45.859
15.45	15.47	0.116887	45.954
15.45	15.47	0.116903	46.058
15.48	15.47	0.116920	46.158
15.48	15.47	0.116937	46.252
15.48	15.47	0.116953	46.357
15.48	15.48	0.116970	46.457
15.48	15.48	0.116987	46.551
15.48	15.48	0.117003	46.656
15.48	15.48	0.117020	46.755
15.48	15.48	0.117037	46.850
15.48	15.48	0.117053	46.954
15.48	15.48	0.117070	47.049
15.48	15.48	0.117086	47.149
15.48	15.48	0.117103	47.253
15.48	15.49	0.117120	47.349
15.48	15.49	0.117136	47.449
15.48	15.49	0.117153	47.552
15.48	15.49	0.117170	47.649
15.50	15.49	0.117186	47.748
15.50	15.50	0.117203	47.850
15.50	15.50	0.117220	47.950
15.50	15.50	0.117236	48.051
15.50	15.50	0.117253	48.152
15.50	15.50	0.117270	48.255
15.50	15.51	0.117286	48.352
15.50	15.51	0.117303	48.451
15.50	15.51	0.117320	48.556
15.50	15.51	0.117336	48.651
15.50	15.51	0.117353	48.752
15.50	15.52	0.117370	48.856
15.50	15.52	0.117386	48.952
15.50	15.52	0.117403	49.052
15.50	15.52	0.117420	49.156
15.50	15.53	0.117436	49.252
15.50	15.53	0.117453	49.351
15.50	15.53	0.117470	49.456
15.53	15.54	0.117486	49.551
15.53	15.54	0.117503	49.652
15.53	15.54	0.117520	49.757
15.53	15.54	0.117536	49.852
15.53	15.55	0.117553	49.952
15.53	15.55	0.117570	50.056
15.53	15.55	0.117586	50.152
15.56	15.56	0.117603	50.251
15.56	15.56	0.117620	50.356
15.56	15.56	0.117636	50.451
15.56	15.57	0.117653	50.552
15.56	15.57	0.117670	50.656
15.56	15.57	0.117686	50.752
15.56	15.58	0.117703	50.852
15.56	15.58	0.117720	50.952
15.56	15.58	0.117736	51.051
15.58	15.59	0.117753	51.152
15.58	15.59	0.117770	51.251
15.58	15.59	0.117786	51.352
15.58	15.60	0.117803	51.452
15.58	15.60	0.117820	51.552
15.58	15.60	0.117836	51.652
15.58	15.61	0.117853	51.752
15.61	15.61	0.117870	51.851
15.61	15.61	0.117886	51.952
15.61	15.62	0.117903	52.051
15.61	15.62	0.117919	52.152
15.61	15.62	0.117936	52.252
15.61	15.63	0.117953	52.376
15.63	15.63	0.117969	52.480
15.63	15.63	0.117986	52.580
15.63	15.64	0.118003	52.674
15.63	15.64	0.118019	52.778
15.63	15.65	0.118036	52.878
15.63	15.65	0.118053	52.973
15.63	15.65	0.118069	53.078
15.66	15.66	0.118086	53.172
15.66	15.66	0.118103	53.272
15.66	15.66	0.118119	53.376
15.66	15.67	0.118136	53.471
15.66	15.67	0.118153	53.570
15.66	15.67	0.118169	53.675
15.68	15.68	0.118186	53.770
15.68	15.68	0.118203	53.869
15.68	15.68	0.118219	53.974
15.68	15.69	0.118236	54.068
15.68	15.69	0.118253	54.168
15.68	15.69	0.118269	54.272
15.68	15.70	0.118286	54.367
15.68	15.70	0.118303	54.467
15.71	15.70	0.118319	54.571
15.71	15.70	0.118336	54.666
15.71	15.71	0.118353	54.765
15.71	15.71	0.118369	54.870
15.71	15.71	0.118386	54.964
15.71	15.72	0.118403	55.064
15.71	15.72	0.118419	55.168
15.74	15.72	0.118436	55.263
15.74	15.72	0.118453	55.364
15.74	15.73	0.118469	55.467
15.74	15.73	0.118486	55.562
15.74	15.73	0.118503	55.663
15.74	15.74	0.118519	55.766
15.74	15.74	0.118536	55.860
15.74	15.74	0.118553	55.963
15.74	15.74	0.118569	56.064
15.74	15.75	0.118586	56.159
15.74	15.75	0.118603	56.264
15.74	15.75	0.118619	56.363
15.74	15.75	0.118636	56.458
15.76	15.75	0.118653	56.562
15.76	15.76	0.118669	56.662
15.76	15.76	0.118686	56.756
15.76	15.76	0.118703	56.861
15.76	15.76	0.118719	56.961
15.76	15.76	0.118736	57.054
15.76	15.77	0.118752	57.160
15.76	15.77	0.118769	57.254
15.76	15.77	0.118786	57.354
15.76	15.77	0.118802	57.457
15.76	15.77	0.118819	57.554
15.79	15.77	0.118836	57.653
15.79	15.77	0.118852	57.757
15.79	15.78	0.118869	57.854
15.79	15.78	0.118886	57.954
15.79	15.78	0.118902	58.056
15.79	15.78	0.118919	58.153
15.79	15.78	0.118936	58.254
15.79	15.78	0.118952	58.354
15.79	15.78	0.118969	58.454
15.79	15.78	0.118986	58.555
15.79	15.78	0.119002	58.655
15.79	15.78	0.119019	58.755
15.79	15.78	0.119036	58.855
15.79	15.78	0.119052	58.955
15.79	15.79	0.119069	59.060
15.79	15.79	0.119086	59.156
15.79	15.79	0.119102	59.255
15.79	15.79	0.119119	59.360
15.79	15.79	0.119136	59.456
15.79	15.79	0.119152	59.556
15.79	15.79	0.119169	59.656
15.81	15.79	0.119186	59.755
15.81	15.79	0.119202	59.856
15.81	15.79	0.119219	59.955
15.81	15.79	0.119236	00.056
15.81	15.79	0.119252	00.155
15.81	15.79	0.119269	00.256
15.81	15.79	0.119286	00.355
15.81	15.78	0.119302	00.456
15.81	15.78	0.119319	00.556
15.81	15.78	0.119336	00.656
15.81	15.78	0.119352	00.756
15.79	15.78	0.119369	00.856
15.79	15.78	0.119386	00.956
15.79	15.78	0.119402	01.055
15.79	15.78	0.119419	01.156
15.79	15.78	0.119436	01.255
15.79	15.78	0.119452	01.356
15.79	15.78	0.119469	01.456
15.79	15.78	0.119486	01.556
15.79	15.78	0.119502	01.656
15.79	15.77	0.119519	01.755
15.79	15.77	0.119536	01.856
15.79	15.77	0.119552	01.955
15.76	15.77	0.119569	02.056
15.76	15.77	0.119585	02.155
15.76	15.77	0.119602	02.256
15.76	15.77	0.119619	02.356
15.76	15.77	0.119635	02.456
15.76	15.76	0.119652	02.556
15.76	15.76	0.119669	02.655
15.76	15.76	0.119685	02.785
15.76	15.76	0.119702	02.879
15.76	15.76	0.119719	02.984
15.76	15.76	0.119735	03.083
15.76	15.75	0.119752	03.178
15.76	15.75	0.119769	03.283
15.76	15.75	0.119785	03.377
15.76	15.75	0.119802	03.477
15.76	15.75	0.119819	03.581
15.76	15.75	0.119835	03.676
15.76	15.74	0.119852	03.775
15.76	15.74	0.119869	03.880
15.76	15.74	0.119885	03.975
15.76	15.74	0.119902	04.074
15.76	15.74	0.119919	04.179
15.74	15.74	0.119935	04.273
15.74	15.73	0.119952	04.373
15.74	15.73	0.119969	04.477
15.74	15.73	0.119985	04.572
15.74	15.73	0.120002	04.671
15.74	15.73	0.120019	04.776
15.74	15.73	0.120035	04.871
15.74	15.72	0.120052	04.970
15.74	15.72	0.120069	05.075
15.74	15.72	0.120085	05.169
15.71	15.72	0.120102	05.269
15.71	15.72	0.120119	05.373
15.71	15.72	0.120135	05.468
15.71	15.71	0.120152	05.567
15.71	15.71	0.120169	05.672
15.71	15.71	0.120185	05.766
15.71	15.71	0.120202	05.868
15.71	15.71	0.120219	05.970
15.71	15.71	0.120235	06.065
15.71	15.70	0.120252	06.168
15.71	15.70	0.120269	06.269
15.71	15.70	0.120285	06.364
15.68	15.70	0.120302	06.468
15.68	15.70	0.120319	06.568
15.68	15.70	0.120335	06.662
15.68	15.70	0.120352	06.767
15.68	15.70	0.120369	06.866
15.68	15.69	0.120385	06.961
15.68	15.69	0.120402	07.065
15.68	15.69	0.120418	07.165
15.68	15.69	0.120435	07.260
15.68	15.69	0.120452	07.364
15.68	15.69	0.120468	07.459
15.68	15.69	0.120485	07.558
15.68	15.69	0.120502	07.663
15.68	15.69	0.120518	07.757
15.68	15.69	0.120535	07.857
15.68	15.69	0.120552	07.961
15.68	15.68	0.120568	08.056
15.68	15.68	0.120585	08.156
15.68	15.68	0.120602	08.260
15.68	15.68	0.120618	08.356
15.71	15.68	0.120635	08.455
15.71	15.68	0.120652	08.559
15.71	15.68	0.120668	08.655
15.71	15.68	0.120685	08.756
15.71	15.68	0.120702	08.858
15.68	15.68	0.120718	08.956
15.68	15.68	0.120735	09.056
15.68	15.68	0.120752	09.156
15.68	15.68	0.120768	09.255
15.68	15.68	0.120785	09.356
15.68	15.68	0.120802	09.455
15.68	15.68	0.120818	09.556
15.68	15.68	0.120835	09.656
15.68	15.68	0.120852	09.756
15.68	15.68	0.120868	09.856
15.68	15.68	0.120885	09.955
15.68	15.69	0.120902	10.056
15.68	15.69	0.120918	10.155
15.66	15.69	0.120935	10.256
15.66	15.69	0.120952	10.355
15.66	15.69	0.120968	10.456
15.66	15.69	0.120985	10.556
15.66	15.69	0.121002	10.656
15.66	15.69	0.121018	10.756
15.66	15.69	0.121035	10.855
15.68	15.69	0.121052	10.956
15.68	15.70	0.121068	11.055
15.68	15.70	0.121085	11.156
15.68	15.70	0.121102	11.256
15.68	15.70	0.121118	11.356
15.68	15.70	0.121135	11.456
15.68	15.70	0.121152	11.556
15.68	15.70	0.121168	11.656
15.68	15.71	0.121185	11.755
15.68	15.71	0.121202	11.856
15.71	15.71	0.121218	11.955
15.71	15.71	0.121235	12.056
15.71	15.71	0.121251	12.156
15.71	15.72	0.121268	12.256
15.71	15.72	0.121285	12.356
15.71	15.72	0.121301	12.455
15.71	15.72	0.121318	12.556
15.71	15.73	0.121335	12.655
15.74	15.73	0.121351	12.756
15.74	15.73	0.121368	12.855
15.74	15.73	0.121385	12.956
15.74	15.74	0.121401	13.056
15.74	15.74	0.121418	13.156
15.74	15.74	0.121435	13.257
15.74	15.74	0.121451	13.356
15.74	15.75	0.121468	13.457
15.74	15.75	0.121485	13.556
15.74	15.75	0.121501	13.657
15.74	15.75	0.121518	13.757
15.74	15.76	0.121535	13.881
15.74	15.76	0.121551	13.981
15.76	15.76	0.121568	14.085
15.76	15.77	0.121585	14.180
15.76	15.77	0.121601	14.279
15.76	15.77	0.121618	14.384
15.76	15.78	0.121635	14.478
15.76	15.78	0.121651	14.578
15.76	15.78	0.121668	14.682
15.76	15.79	0.121685	14.777
15.76	15.79	0.121701	14.877
15.76	15.79	0.121718	14.981
15.79	15.80	0.121735	15.076
15.79	15.80	0.121751	15.175
15.79	15.80	0.121768	15.280
15.79	15.81	0.121785	15.374
15.79	15.81	0.121801	15.474
15.79	15.81	0.121818	15.578
15.81	15.82	0.121835	15.673
15.81	15.82	0.121851	15.773
15.81	15.82	0.121868	15.877
15.81	15.83	0.121885	15.972
15.81	15.83	0.121901	16.072
15.81	15.83	0.121918	16.175
15.81	15.84	0.121935	16.269
15.84	15.84	0.121951	16.373
15.84	15.84	0.121968	16.475
15.84	15.85	0.121985	16.569
15.84	15.85	0.122001	16.673
15.84	15.85	0.122018	16.773
15.86	15.86	0.122035	16.868
15.86	15.86	0.122051	16.972
15.86	15.87	0.122068	17.072
15.86	15.87	0.122084	17.167
15.86	15.87	0.122101	17.270
15.86	15.88	0.122118	17.370
15.86	15.88	0.122134	17.465
15.86	15.88	0.122151	17.570
15.89	15.89	0.122168	17.669
15.89	15.89	0.122184	17.763
15.89	15.89	0.122201	17.868
15.89	15.90	0.122218	17.963
15.89	15.90	0.122234	18.062
15.89	15.90	0.122251	18.166
15.92	15.91	0.122268	18.262
15.92	15.91	0.122284	18.361
15.92	15.91	0.122301	18.466
15.92	15.91	0.122318	18.560
15.92	15.92	0.122334	18.659
15.92	15.92	0.122351	18.764
15.92	15.92	0.122368	18.858
15.94	15.93	0.122384	18.958
15.94	15.93	0.122401	19.062
15.94	15.93	0.122418	19.158
15.94	15.94	0.122434	19.256
15.94	15.94	0.122451	19.361
15.94	15.94	0.122468	19.456
15.94	15.94	0.122484	19.557
15.94	15.95	0.122501	19.660
15.94	15.95	0.122518	19.757
15.94	15.95	0.122534	19.857
15.94	15.95	0.122551	19.958
15.94	15.96	0.122568	20.057
15.97	15.96	0.122584	20.156
15.97	15.96	0.122601	20.257
15.97	15.96	0.122618	20.357
15.97	15.97	0.122634	20.457
15.97	15.97	0.122651	20.557
15.97	15.97	0.122668	20.657
15.97	15.97	0.122684	20.757
15.97	15.97	0.122701	20.856
15.97	15.98	0.122718	20.957
15.97	15.98	0.122734	21.056
15.97	15.98	0.122751	21.156
15.99	15.98	0.122768	21.257
15.99	15.98	0.122784	21.357
15.99	15.98	0.122801	21.457
15.99	15.98	0.122818	21.556
15.99	15.99	0.122834	21.657
15.99	15.99	0.122851	21.756
15.99	15.99	0.122868	21.857
15.99	15.99	0.122884	21.956
15.99	15.99	0.122901	22.057
15.99	15.99	0.122917	22.157
15.99	15.99	0.122934	22.257
15.99	15.99	0.122951	22.357
15.99	16.00	0.122967	22.456
15.99	16.00	0.122984	22.557
15.99	16.00	0.123001	22.656
15.99	16.00	0.123017	22.757
16.02	16.00	0.123034	22.857
16.02	16.00	0.123051	22.957
16.02	16.00	0.123067	23.057
16.02	16.00	0.123084	23.157
16.02	16.00	0.123101	23.257
16.02	16.00	0.123117	23.356
16.02	16.00	0.123134	23.457
16.02	16.00	0.123151	23.556
16.02	16.00	0.123167	23.657
16.02	16.00	0.123184	23.757
16.02	16.00	0.123201	23.857
16.02	16.00	0.123217	23.957
16.02	16.00	0.123234	24.057
16.02	16.00	0.123251	24.156
16.02	16.00	0.123267	24.257
16.02	16.00	0.123284	24.356
16.02	16.00	0.123301	24.457
15.99	16.00	0.123317	24.557
15.99	16.00	0.123334	24.657
15.99	16.00	0.123351	24.757
15.99	16.00	0.123367	24.856
15.99	16.00	0.123384	24.957
15.99	15.99	0.123401	25.057
15.99	15.99	0.123417	25.185
15.99	15.99	0.123434	25.280
15.99	15.99	0.123451	25.379
15.99	15.99	0.123467	25.484
15.99	15.99	0.123484	25.579
15.99	15.99	0.123501	25.678
15.99	15.99	0.123517	25.783
15.99	15.99	0.123534	25.877
15.99	15.99	0.123551	25.977
15.99	15.98	0.123567	26.081
15.99	15.98	0.123584	26.176
15.99	15.98	0.123601	26.278
15.99	15.98	0.123617	26.380
15.99	15.98	0.123634	26.475
15.99	15.98	0.123651	26.577
15.99	15.98	0.123667	26.679
15.99	15.97	0.123684	26.774
15.99	15.97	0.123701	26.878
15.99	15.97	0.123717	26.977
15.99	15.97	0.123734	27.072
15.99	15.97	0.123750	27.178
15.99	15.97	0.123767	27.276
15.99	15.96	0.123784	27.371
15.99	15.96	0.123800	27.476
15.99	15.96	0.123817	27.575
15.99	15.96	0.123834	27.669
15.99	15.96	0.123850	27.774
15.99	15.96	0.123867	27.874
15.97	15.95	0.123884	27.968
15.97	15.95	0.123900	28.073
15.97	15.95	0.123917	28.167
15.97	15.95	0.123934	28.267
15.97	15.95	0.123950	28.371
15.97	15.95	0.123967	28.466
15.97	15.94	0.123984	28.565
15.94	15.94	0.124000	28.670
15.94	15.94	0.124017	28.765
15.94	15.94	0.124034	28.864
15.94	15.94	0.124050	28.969
15.94	15.94	0.124067	29.063
15.94	15.93	0.124084	29.164
15.94	15.93	0.124100	29.267
15.92	15.93	0.124117	29.364
15.92	15.93	0.124134	29.464
15.92	15.93	0.124150	29.566
15.92	15.93	0.124167	29.664
15.92	15.92	0.124184	29.764
15.92	15.92	0.124200	29.865
15.92	15.92	0.124217	29.963
15.92	15.92	0.124234	30.064
15.92	15.92	0.124250	30.163
15.92	15.92	0.124267	30.264
15.92	15.92	0.124284	30.364
15.92	15.91	0.124300	30.464
15.92	15.91	0.124317	30.564
15.89	15.91	0.124334	30.663
15.89	15.91	0.124350	30.764
15.89	15.91	0.124367	30.863
15.89	15.91	0.124384	30.964
15.89	15.91	0.124400	31.064
15.89	15.91	0.124417	31.165
15.89	15.90	0.124434	31.265
15.89	15.90	0.124450	31.365
15.89	15.90	0.124467	31.465
15.89	15.90	0.124484	31.564
15.89	15.90	0.124500	31.665
15.89	15.90	0.124517	31.765
15.89	15.90	0.124534	31.864
15.89	15.90	0.124550	31.965
15.89	15.90	0.124567	32.066
15.89	15.90	0.124583	32.166
15.89	15.90	0.124600	32.266
15.92	15.90	0.124617	32.365
15.92	15.90	0.124633	32.466
15.92	15.90	0.124650	32.565
15.92	15.90	0.124667	32.666
15.92	15.90	0.124683	32.766
15.92	15.90	0.124700	32.866
15.92	15.90	0.124717	32.966
15.92	15.90	0.124733	33.066
15.92	15.90	0.124750	33.165
15.89	15.90	0.124767	33.266
15.89	15.90	0.124783	33.365
15.89	15.90	0.124800	33.466
15.89	15.90	0.124817	33.566
15.89	15.90	0.124833	33.666
15.89	15.90	0.124850	33.766
15.89	15.90	0.124867	33.866
15.89	15.90	0.124883	33.966
15.89	15.90	0.124900	34.065
15.89	15.90	0.124917	34.166
15.89	15.90	0.124933	34.265
15.89	15.90	0.124950	34.390
15.89	15.90	0.124967	34.495
15.89	15.90	0.124983	34.590
15.89	15.90	0.125000	34.689
15.89	15.90	0.125017	34.794
15.89	15.91	0.125033	34.888
15.89	15.91	0.125050	34.988
15.89	15.91	0.125067	35.092
15.89	15.91	0.125083	35.187
15.89	15.91	0.125100	35.287
15.89	15.91	0.125117	35.391
15.89	15.91	0.125133	35.486
15.89	15.92	0.125150	35.585
15.89	15.92	0.125167	35.690
15.89	15.92	0.125183	35.784
15.92	15.92	0.125200	35.884
15.92	15.92	0.125217	35.988
15.92	15.93	0.125233	36.083
15.92	15.93	0.125250	36.183
15.92	15.93	0.125267	36.288
15.92	15.93	0.125283	36.382
15.92	15.93	0.125300	36.482
15.92	15.94	0.125317	36.586
15.92	15.94	0.125333	36.679
15.92	15.94	0.125350	36.782
15.92	15.94	0.125367	36.884
15.94	15.95	0.125383	36.979
15.94	15.95	0.125400	37.082
15.94	15.95	0.125416	37.183
15.94	15.95	0.125433	37.277
15.94	15.96	0.125450	37.382
15.94	15.96	0.125466	37.481
15.94	15.96	0.125483	37.576
15.94	15.97	0.125500	37.681
15.97	15.97	0.125516	37.780
15.97	15.97	0.125533	37.875
15.97	15.97	0.125550	37.979
15.97	15.98	0.125566	38.079
15.97	15.98	0.125583	38.173
15.97	15.98	0.125600	38.278
15.97	15.99	0.125616	38.372
15.97	15.99	0.125633	38.472
15.97	15.99	0.125650	38.577
15.99	16.00	0.125666	38.671
15.99	16.00	0.125683	38.771
15.99	16.00	0.125700	38.875
15.99	16.01	0.125716	38.970
15.99	16.01	0.125733	39.069
15.99	16.01	0.125750	39.174
16.02	16.02	0.125766	39.270
16.02	16.02	0.125783	39.370
16.02	16.02	0.125800	39.473
16.02	16.03	0.125816	39.570
16.02	16.03	0.125833	39.671
16.02	16.03	0.125850	39.771
16.04	16.04	0.125866	39.871
16.04	16.04	0.125883	39.970
16.04	16.04	0.125900	40.071
16.04	16.05	0.125916	40.171
16.04	16.05	0.125933	40.271
16.04	16.05	0.125950	40.370
16.04	16.06	0.125966	40.471
16.04	16.06	0.125983	40.571
16.04	16.06	0.126000	40.670
16.07	16.07	0.126016	40.771
16.07	16.07	0.126033	40.871
16.07	16.08	0.126050	40.971
16.07	16.08	0.126066	41.071
16.07	16.08	0.126083	41.171
16.07	16.09	0.126100	41.271
16.07	16.09	0.126116	41.370
16.09	16.09	0.126133	41.471
16.09	16.10	0.126150	41.570
16.09	16.10	0.126166	41.671
16.09	16.10	0.126183	41.771
16.09	16.11	0.126200	41.871
16.09	16.11	0.126216	41.971
16.12	16.11	0.126233	42.070
16.12	16.12	0.126249	42.171
16.12	16.12	0.126266	42.270
16.12	16.12	0.126283	42.371
16.12	16.13	0.126299	42.471
16.12	16.13	0.126316	42.571
16.12	16.13	0.126333	42.671
16.15	16.13	0.126349	42.771
16.15	16.14	0.126366	42.871
16.15	16.14	0.126383	42.970
16.15	16.14	0.126399	43.071
16.15	16.15	0.126416	43.170
16.15	16.15	0.126433	43.271
16.15	16.15	0.126449	43.371
16.15	16.15	0.126466	43.471
16.15	16.16	0.126483	43.571
16.15	16.16	0.126499	43.671
16.17	16.16	0.126516	43.771
16.17	16.16	0.126533	43.870
16.17	16.17	0.126549	43.971
16.17	16.17	0.126566	44.070
16.17	16.17	0.126583	44.171
16.17	16.17	0.126599	44.271
16.17	16.18	0.126616	44.371
16.17	16.18	0.126633	44.471
16.17	16.18	0.126649	44.570
16.17	16.18	0.126666	44.700
16.17	16.18	0.126683	44.769
16.20	16.19	0.126699	44.894
16.20	16.19	0.126716	44.999
16.20	16.19	0.126733	45.093
16.20	16.19	0.126749	45.193
16.20	16.19	0.126766	45.298
16.20	16.20	0.126783	45.391
16.20	16.20	0.126799	45.491
16.20	16.20	0.126816	45.595
16.20	16.20	0.126833	45.690
16.20	16.20	0.126849	45.789
16.20	16.20	0.126866	45.894
16.22	16.20	0.126883	45.989
16.22	16.20	0.126899	46.088
16.22	16.21	0.126916	46.193
16.22	16.21	0.126933	46.287
16.22	16.21	0.126949	46.387
16.22	16.21	0.126966	46.491
16.22	16.21	0.126983	46.586
16.22	16.21	0.126999	46.687
16.22	16.21	0.127016	46.790
16.22	16.21	0.127033	46.885
16.22	16.21	0.127049	46.987
16.22	16.21	0.127066	47.089
16.22	16.21	0.127082	47.183
16.22	16.21	0.127099	47.287
16.22	16.21	0.127116	47.387
16.22	16.21	0.127132	47.482
16.22	16.21	0.127149	47.587
16.22	16.21	0.127166	47.686
16.22	16.21	0.127182	47.781
16.22	16.21	0.127199	47.885
16.22	16.21	0.127216	47.985
16.22	16.21	0.127232	48.079
16.22	16.21	0.127249	48.184
16.22	16.21	0.127266	48.284
16.22	16.21	0.127282	48.378
16.22	16.21	0.127299	48.483
16.22	16.21	0.127316	48.577
16.22	16.21	0.127332	48.677
16.22	16.21	0.127349	48.781
16.22	16.21	0.127366	48.876
16.22	16.21	0.127382	48.976
16.22	16.21	0.127399	49.080
16.22	16.21	0.127416	49.175
16.22	16.21	0.127432	49.274
16.22	16.20	0.127449	49.379
16.22	16.20	0.127466	49.473
16.22	16.20	0.127482	49.573
16.22	16.20	0.127499	49.677
16.22	16.20	0.127516	49.772
16.22	16.20	0.127532	49.872
16.20	16.20	0.127549	49.977
16.20	16.20	0.127566	50.071
16.20	16.20	0.127582	50.171
16.20	16.19	0.127599	50.275
16.20	16.19	0.127616	50.371
16.20	16.19	0.127632	50.471
16.20	16.19	0.127649	50.574
16.20	16.19	0.127666	50.671
16.20	16.19	0.127682	50.771
16.20	16.19	0.127699	50.872
16.20	16.18	0.127716	50.971
16.20	16.18	0.127732	51.070
16.20	16.18	0.127749	51.171
16.17	16.18	0.127766	51.270
16.17	16.18	0.127782	51.371
16.17	16.18	0.127799	51.471
16.17	16.17	0.127816	51.571
16.17	16.17	0.127832	51.671
16.17	16.17	0.127849	51.770
16.17	16.17	0.127866	51.871
16.17	16.17	0.127882	51.970
16.17	16.17	0.127899	52.071
16.17	16.16	0.127915	52.171
16.17	16.16	0.127932	52.271
16.17	16.16	0.127949	52.371
16.17	16.16	0.127965	52.471
16.17	16.16	0.127982	52.571
16.17	16.16	0.127999	52.670
16.17	16.15	0.128015	52.771
16.17	16.15	0.128032	52.870
16.17	16.15	0.128049	52.971
16.15	16.15	0.128065	53.071
16.15	16.15	0.128082	53.171
16.15	16.15	0.128099	53.271
16.15	16.14	0.128115	53.370
16.15	16.14	0.128132	53.471
16.15	16.14	0.128149	53.570
16.15	16.14	0.128165	53.671
16.15	16.14	0.128182	53.770
16.15	16.14	0.128199	53.871
16.15	16.13	0.128215	53.971
16.15	16.13	0.128232	54.071
16.12	16.13	0.128249	54.171
16.12	16.13	0.128265	54.270
16.12	16.13	0.128282	54.371
16.12	16.13	0.128299	54.470
16.12	16.13	0.128315	54.571
16.12	16.12	0.128332	54.671
16.12	16.12	0.128349	54.771
16.12	16.12	0.128365	54.871
16.12	16.12	0.128382	54.971
16.12	16.12	0.128399	55.071
16.12	16.12	0.128415	55.170
16.12	16.12	0.128432	55.271
16.12	16.12	0.128449	55.370
16.12	16.12	0.128465	55.471
16.12	16.12	0.128482	55.571
16.12	16.11	0.128499	55.671
16.12	16.11	0.128515	55.771
16.09	16.11	0.128532	55.870
16.09	16.11	0.128549	55.970
16.09	16.11	0.128565	56.100
16.09	16.11	0.128582	56.194
16.09	16.11	0.128599	56.294
16.09	16.11	0.128615	56.398
16.09	16.11	0.128632	56.493
16.09	16.11	0.128649	56.593
16.09	16.11	0.128665	56.697
16.09	16.11	0.128682	56.792
16.09	16.11	0.128699	56.891
16.09	16.11	0.128715	56.996
16.09	16.11	0.128732	57.090
16.09	16.11	0.128748	57.191
16.12	16.11	0.128765	57.294
16.12	16.11	0.128782	57.389
16.12	16.11	0.128798	57.491
16.12	16.11	0.128815	57.593
16.12	16.11	0.128832	57.687
16.12	16.11	0.128848	57.792
16.12	16.11	0.128865	57.892
16.12	16.11	0.128882	57.987
16.12	16.11	0.128898	58.090
16.12	16.11	0.128915	58.190
16.12	16.11	0.128932	58.284
16.12	16.11	0.128948	58.389
16.12	16.12	0.128965	58.489
16.12	16.12	0.128982	58.583
16.12	16.12	0.128998	58.688
16.12	16.12	0.129015	58.782
16.12	16.12	0.129032	58.882
16.12	16.12	0.129048	58.986
16.12	16.12	0.129065	59.081
16.12	16.12	0.129082	59.181
16.12	16.12	0.129098	59.285
16.12	16.13	0.129115	59.380
16.12	16.13	0.129132	59.479
16.12	16.13	0.129148	59.584
16.12	16.13	0.129165	59.678
16.12	16.13	0.129182	59.778
16.12	16.14	0.129198	59.882
16.12	16.14	0.129215	59.977
16.12	16.14	0.129232	00.077
16.12	16.14	0.129248	00.181
16.12	16.14	0.129265	00.276
16.12	16.15	0.129282	00.375
16.12	16.15	0.129298	00.480
16.12	16.15	0.129315	00.574
16.12	16.15	0.129332	00.674
16.12	16.15	0.129348	00.779
16.12	16.16	0.129365	00.873
16.12	16.16	0.129382	00.973
16.12	16.16	0.129398	01.077
16.15	16.16	0.129415	01.172
16.15	16.17	0.129432	01.273
16.15	16.17	0.129448	01.376
16.15	16.17	0.129465	01.471
16.15	16.18	0.129482	01.573
16.15	16.18	0.129498	01.675
16.17	16.18	0.129515	01.771
16.17	16.18	0.129532	01.874
16.17	16.19	0.129548	01.973
16.17	16.19	0.129565	02.071
16.17	16.19	0.129581	02.172
16.20	16.20	0.129598	02.272
16.20	16.20	0.129615	02.371
16.20	16.20	0.129631	02.471
16.20	16.21	0.129648	02.571
16.20	16.21	0.129665	02.670
16.20	16.21	0.129681	02.771
16.22	16.22	0.129698	02.870
16.22	16.22	0.129715	02.971
16.22	16.22	0.129731	03.071
16.22	16.23	0.129748	03.171
16.22	16.23	0.129765	03.271
16.22	16.23	0.129781	03.371
16.22	16.24	0.129798	03.470
16.25	16.24	0.129815	03.571
16.25	16.24	0.129831	03.670
16.25	16.25	0.129848	03.771
16.25	16.25	0.129865	03.871
16.25	16.25	0.129881	03.971
16.25	16.26	0.129898	04.071
16.25	16.26	0.129915	04.172
16.25	16.26	0.129931	04.271
16.25	16.27	0.129948	04.372
16.25	16.27	0.129965	04.471
16.27	16.27	0.129981	04.572
16.27	16.28	0.129998	04.672
16.27	16.28	0.130015	04.772
16.27	16.29	0.130031	04.872
16.27	16.29	0.130048	04.972
16.27	16.29	0.130065	05.071
16.27	16.30	0.130081	05.172
16.27	16.30	0.130098	05.271
16.30	16.30	0.130115	05.372
16.30	16.31	0.130131	05.472
16.30	16.31	0.130148	05.572
16.30	16.31	0.130165	05.672
16.30	16.32	0.130181	05.772
16.33	16.32	0.130198	05.872
16.33	16.32	0.130215	05.971
16.33	16.33	0.130231	06.072
16.33	16.33	0.130248	06.171
16.33	16.33	0.130265	06.272
16.33	16.34	0.130281	06.372
16.33	16.34	0.130298	06.472
16.35	16.34	0.130315	06.572
16.35	16.34	0.130331	06.671
16.35	16.35	0.130348	06.772
16.35	16.35	0.130365	06.872
16.35	16.35	0.130381	06.972
16.35	16.36	0.130398	07.096
16.35	16.36	0.130414	07.201
16.38	16.36	0.130431	07.295
16.38	16.36	0.130448	07.397
16.38	16.37	0.130464	07.499
16.38	16.37	0.130481	07.594
16.38	16.37	0.130498	07.671
16.38	16.38	0.130514	07.798
16.38	16.38	0.130531	07.892
16.38	16.38	0.130548	07.996
16.38	16.38	0.130564	08.097
16.38	16.39	0.130581	08.191
16.38	16.39	0.130598	08.296
16.38	16.39	0.130614	08.395
16.40	16.39	0.130631	08.490
16.40	16.39	0.130648	08.594
16.40	16.40	0.130664	08.694
16.40	16.40	0.130681	08.789
16.40	16.40	0.130698	08.893
16.40	16.40	0.130714	08.993
16.40	16.40	0.130731	09.087
16.40	16.41	0.130748	09.192
16.40	16.41	0.130764	09.286
16.40	16.41	0.130781	09.386
16.40	16.41	0.130798	09.490
16.40	16.41	0.130814	09.585
16.40	16.41	0.130831	09.685
16.43	16.41	0.130848	09.789
16.43	16.42	0.130864	09.884
16.43	16.42	0.130881	09.983
16.43	16.42	0.130898	10.088
16.43	16.42	0.130914	10.182
16.43	16.42	0.130931	10.282
16.43	16.42	0.130948	10.387
16.43	16.42	0.130964	10.481
16.43	16.42	0.130981	10.581
16.43	16.42	0.130998	10.685
16.43	16.42	0.131014	10.780
16.43	16.42	0.131031	10.879
16.43	16.42	0.131048	10.984
16.43	16.43	0.131064	11.079
16.43	16.43	0.131081	11.178
16.43	16.43	0.131098	11.283
16.43	16.43	0.131114	11.377
16.43	16.43	0.131131	11.478
16.43	16.43	0.131148	11.581
16.43	16.43	0.131164	11.676
16.45	16.43	0.131181	11.778
16.45	16.43	0.131198	11.880
16.45	16.43	0.131214	11.975
16.45	16.43	0.131231	12.078
16.45	16.43	0.131247	12.179
16.45	16.43	0.131264	12.273
16.45	16.43	0.131281	12.378
16.45	16.42	0.131297	12.477
16.45	16.42	0.131314	12.573
16.45	16.42	0.131331	12.676
16.45	16.42	0.131347	12.776
16.45	16.42	0.131364	12.873
16.43	16.42	0.131381	12.975
16.43	16.42	0.131397	13.075
16.43	16.42	0.131414	13.172
16.43	16.42	0.131431	13.274
16.43	16.42	0.131447	13.374
16.43	16.42	0.131464	13.473
16.43	16.42	0.131481	13.573
16.43	16.42	0.131497	13.675
16.43	16.41	0.131514	13.773
16.43	16.41	0.131531	13.873
16.43	16.41	0.131547	13.975
16.40	16.41	0.131564	14.072
16.40	16.41	0.131581	14.173
16.40	16.41	0.131597	14.274
16.40	16.41	0.131614	14.373
16.40	16.41	0.131631	14.473
16.40	16.40	0.131647	14.575
16.40	16.40	0.131664	14.673
16.40	16.40	0.131681	14.772
16.40	16.40	0.131697	14.875
16.40	16.40	0.131714	14.972
16.40	16.40	0.131731	15.073
16.40	16.39	0.131747	15.175
16.40	16.39	0.131764	15.273
16.40	16.39	0.131781	15.373
16.40	16.39	0.131797	15.475
16.40	16.39	0.131814	15.573
16.40	16.39	0.131831	15.672
16.40	16.38	0.131847	15.776
16.40	16.38	0.131864	15.872
16.40	16.38	0.131881	15.973
16.40	16.38	0.131897	16.076
16.40	16.38	0.131914	16.173
16.40	16.38	0.131931	16.273
16.38	16.37	0.131947	16.376
16.38	16.37	0.131964	16.473
16.38	16.37	0.131981	16.572
16.38	16.37	0.131997	16.676
16.38	16.37	0.132014	16.772
16.38	16.37	0.132031	16.873
16.38	16.36	0.132047	16.977
16.38	16.36	0.132064	17.073
16.38	16.36	0.132080	17.173
16.38	16.36	0.132097	17.276
16.35	16.36	0.132114	17.373
16.35	16.36	0.132130	17.472
16.35	16.35	0.132147	17.577
16.35	16.35	0.132164	17.672
16.35	16.35	0.132180	17.773
16.35	16.35	0.132197	17.877
16.35	16.35	0.132214	17.973
16.35	16.35	0.132230	18.073
16.35	16.34	0.132247	18.176
16.35	16.34	0.132264	18.302
16.35	16.34	0.132280	18.396
16.33	16.34	0.132297	18.501
16.33	16.34	0.132314	18.600
16.33	16.34	0.132330	18.695
16.33	16.34	0.132347	18.800
16.33	16.34	0.132364	18.899
16.33	16.33	0.132380	18.994
16.33	16.33	0.132397	19.098
16.33	16.33	0.132414	19.198
16.33	16.33	0.132430	19.292
16.33	16.33	0.132447	19.397
16.33	16.33	0.132464	19.492
16.33	16.33	0.132480	19.591
16.33	16.33	0.132497	19.696
16.33	16.33	0.132514	19.790
16.33	16.33	0.132530	19.890
16.33	16.33	0.132547	19.994
16.33	16.32	0.132564	20.089
16.33	16.32	0.132580	20.188
16.33	16.32	0.132597	20.293
16.33	16.32	0.132614	20.388
16.30	16.32	0.132630	20.487
16.30	16.32	0.132647	20.592
16.30	16.32	0.132664	20.686
16.30	16.32	0.132680	20.785
16.30	16.32	0.132697	20.890
16.30	16.32	0.132714	20.984
16.30	16.32	0.132730	21.084
16.30	16.32	0.132747	21.189
16.30	16.32	0.132764	21.283
16.30	16.32	0.132780	21.383
16.30	16.32	0.132797	21.487
16.30	16.32	0.132814	21.582
16.33	16.32	0.132830	21.682
16.33	16.32	0.132847	21.786
16.33	16.32	0.132864	21.881
16.33	16.32	0.132880	21.983
16.33	16.33	0.132897	22.085
16.33	16.33	0.132913	22.179
16.33	16.33	0.132930	22.283
16.33	16.33	0.132947	22.383
16.33	16.33	0.132963	22.478
16.33	16.33	0.132980	22.582
16.33	16.33	0.132997	22.682
16.33	16.33	0.133013	22.777
16.33	16.33	0.133030	22.881
16.33	16.33	0.133047	22.981
16.33	16.34	0.133063	23.075
16.33	16.34	0.133080	23.180
16.33	16.34	0.133097	23.279
16.33	16.34	0.133113	23.374
16.33	16.34	0.133130	23.478
16.33	16.34	0.133147	23.574
16.33	16.34	0.133163	23.674
16.33	16.35	0.133180	23.777
16.33	16.35	0.133197	23.874
16.33	16.35	0.133213	23.973
16.33	16.35	0.133230	24.076
16.33	16.35	0.133247	24.173
16.33	16.36	0.133263	24.274
16.33	16.36	0.133280	24.375
16.33	16.36	0.133297	24.474
16.33	16.36	0.133313	24.574
16.33	16.37	0.133330	24.673
16.33	16.37	0.133347	24.774
16.35	16.37	0.133363	24.873
16.35	16.37	0.133380	24.974
16.35	16.38	0.133397	25.074
16.35	16.38	0.133413	25.174
16.35	16.38	0.133430	25.274
16.35	16.38	0.133447	25.374
16.38	16.39	0.133463	25.474
16.38	16.39	0.133480	25.573
16.38	16.39	0.133497	25.674
16.38	16.39	0.133513	25.773
16.38	16.40	0.133530	25.874
16.40	16.40	0.133547	25.974
16.40	16.40	0.133563	26.074
16.40	16.41	0.133580	26.174
16.40	16.41	0.133597	26.273
16.40	16.41	0.133613	26.374
16.40	16.42	0.133630	26.473
16.40	16.42	0.133647	26.574
16.43	16.42	0.133663	26.675
16.43	16.43	0.133680	26.775
16.43	16.43	0.133697	26.875
16.43	16.43	0.133713	26.975
16.43	16.44	0.133730	27.075
16.43	16.44	0.133746	27.174
16.43	16.44	0.133763	27.275
16.45	16.45	0.133780	27.374
16.45	16.45	0.133796	27.475
16.45	16.45	0.133813	27.575
16.45	16.46	0.133830	27.675
16.45	16.46	0.133846	27.775
16.45	16.46	0.133863	27.875
16.45	16.47	0.133880	27.975
16.45	16.47	0.133896	28.074
16.45	16.47	0.133913	28.175
16.48	16.48	0.133930	28.274
16.48	16.48	0.133946	28.375
16.48	16.48	0.133963	28.475
16.48	16.49	0.133980	28.575
16.48	16.49	0.133996	28.675
16.48	16.49	0.134013	28.774
16.48	16.50	0.134030	28.875
16.50	16.50	0.134046	28.974
16.50	16.51	0.134063	29.104
16.50	16.51	0.134080	29.174
16.50	16.51	0.134096	29.303
16.50	16.52	0.134113	29.403
16.50	16.52	0.134130	29.497
16.50	16.52	0.134146	29.602
16.53	16.53	0.134163	29.696
16.53	16.53	0.134180	29.796
16.53	16.53	0.134196	29.900
16.53	16.54	0.134213	29.995
16.53	16.54	0.134230	30.094
16.53	16.54	0.134246	30.199
16.53	16.55	0.134263	30.294
16.56	16.55	0.134280	30.393
16.56	16.55	0.134296	30.498
16.56	16.55	0.134313	30.592
16.56	16.56	0.134330	30.692
16.56	16.56	0.134346	30.796
16.56	16.56	0.134363	30.891
16.56	16.57	0.134380	30.991
16.58	16.57	0.134396	31.095
16.58	16.57	0.134413	31.190
16.58	16.58	0.134430	31.289
16.58	16.58	0.134446	31.394
16.58	16.58	0.134463	31.488
16.58	16.58	0.134480	31.588
16.58	16.59	0.134496	31.692
16.58	16.59	0.134513	31.787
16.58	16.59	0.134530	31.888
16.61	16.59	0.134546	31.991
16.61	16.60	0.134563	32.086
16.61	16.60	0.134579	32.187
16.61	16.60	0.134596	32.290
16.61	16.60	0.134613	32.384
16.61	16.61	0.134629	32.488
16.61	16.61	0.134646	32.588
16.61	16.61	0.134663	32.683
16.61	16.61	0.134679	32.788
16.63	16.61	0.134696	32.887
16.63	16.62	0.134713	32.982
16.63	16.62	0.134729	33.086
16.63	16.62	0.134746	33.186
16.63	16.62	0.134763	33.280
16.63	16.62	0.134779	33.385
16.63	16.62	0.134796	33.485
16.63	16.62	0.134813	33.579
16.63	16.63	0.134829	33.684
16.63	16.63	0.134846	33.778
16.63	16.63	0.134863	33.878
16.63	16.63	0.134879	33.982
16.63	16.63	0.134896	34.077
16.63	16.63	0.134913	34.177
16.63	16.63	0.134929	34.281
16.63	16.63	0.134946	34.376
16.63	16.64	0.134963	34.475
16.63	16.64	0.134979	34.580
16.63	16.64	0.134996	34.674
16.63	16.64	0.135013	34.775
16.66	16.64	0.135029	34.878
16.66	16.64	0.135046	34.975
16.66	16.64	0.135063	35.075
16.66	16.64	0.135079	35.177
16.66	16.64	0.135096	35.275
16.66	16.64	0.135113	35.374
16.66	16.64	0.135129	35.476
16.66	16.64	0.135146	35.574
16.66	16.64	0.135163	35.675
16.66	16.64	0.135179	35.774
16.66	16.64	0.135196	35.875
16.66	16.64	0.135213	35.975
16.66	16.64	0.135229	36.075
16.66	16.64	0.135246	36.175
16.66	16.64	0.135263	36.274
16.66	16.64	0.135279	36.375
16.66	16.64	0.135296	36.474
16.66	16.64	0.135313	36.575
16.66	16.64	0.135329	36.675
16.63	16.64	0.135346	36.775
16.63	16.64	0.135363	36.875
16.63	16.64	0.135379	36.975
16.63	16.63	0.135396	37.074
16.63	16.63	0.135412	37.175
16.63	16.63	0.135429	37.274
16.63	16.63	0.135446	37.375
16.63	16.63	0.135462	37.475
16.63	16.63	0.135479	37.575
16.63	16.63	0.135496	37.675
16.63	16.63	0.135512	37.774
16.63	16.63	0.135529	37.875
16.63	16.63	0.135546	37.974
16.63	16.62	0.135562	38.075
16.63	16.62	0.135579	38.175
16.63	16.62	0.135596	38.275
16.63	16.62	0.135612	38.375
16.63	16.62	0.135629	38.475
16.63	16.62	0.135646	38.575
16.63	16.62	0.135662	38.674
16.63	16.61	0.135679	38.775
16.63	16.61	0.135696	38.874
16.63	16.61	0.135712	38.975
16.63	16.61	0.135729	39.075
16.63	16.61	0.135746	39.175
16.63	16.61	0.135762	39.275
16.63	16.60	0.135779	39.374
16.63	16.60	0.135796	39.475
16.63	16.60	0.135812	39.574
16.61	16.60	0.135829	39.675
16.61	16.60	0.135846	39.775
16.61	16.60	0.135862	39.875
16.61	16.59	0.135879	39.975
16.61	16.59	0.135896	40.075
16.61	16.59	0.135912	40.175
16.61	16.59	0.135929	40.274
16.58	16.59	0.135946	40.404
16.58	16.59	0.135962	40.498
16.58	16.58	0.135979	40.598
16.58	16.58	0.135996	40.702
16.58	16.58	0.136012	40.797
16.58	16.58	0.136029	40.897
16.58	16.58	0.136046	41.001
16.58	16.58	0.136062	41.096
16.58	16.57	0.136079	41.195
16.58	16.57	0.136096	41.300
16.56	16.57	0.136112	41.394
16.56	16.57	0.136129	41.494
16.56	16.57	0.136146	41.598
16.56	16.57	0.136162	41.693
16.56	16.56	0.136179	41.793
16.56	16.56	0.136196	41.897
16.56	16.56	0.136212	41.992
16.56	16.56	0.136229	42.092
16.56	16.56	0.136245	42.196
16.56	16.56	0.136262	42.290
16.56	16.56	0.136279	42.392
16.56	16.55	0.136295	42.495
16.56	16.55	0.136312	42.589
16.56	16.55	0.136329	42.693
16.56	16.55	0.136345	42.793
16.56	16.55	0.136362	42.888
16.56	16.55	0.136379	42.992
16.56	16.55	0.136395	43.092
16.56	16.55	0.136412	43.187
16.56	16.54	0.136429	43.291
16.53	16.54	0.136445	43.391
16.53	16.54	0.136462	43.485
16.53	16.54	0.136479	43.590
16.53	16.54	0.136495	43.689
16.53	16.54	0.136512	43.784
16.53	16.54	0.136529	43.888
16.53	16.54	0.136545	43.983
16.53	16.54	0.136562	44.083
16.53	16.54	0.136579	44.187
16.53	16.54	0.136595	44.282
16.53	16.54	0.136612	44.381
16.53	16.54	0.136629	44.486
16.53	16.54	0.136645	44.580
16.53	16.54	0.136662	44.680
16.53	16.54	0.136679	44.784
16.53	16.54	0.136695	44.879
16.53	16.54	0.136712	44.979
16.53	16.54	0.136729	45.083
16.53	16.54	0.136745	45.178
16.53	16.54	0.136762	45.277
16.53	16.54	0.136779	45.382
16.53	16.54	0.136795	45.476
16.53	16.54	0.136812	45.576
16.53	16.54	0.136829	45.681
16.53	16.54	0.136845	45.775
16.53	16.54	0.136862	45.875
16.53	16.54	0.136879	45.979
16.53	16.54	0.136895	46.075
16.53	16.54	0.136912	46.174
16.53	16.54	0.136929	46.278
16.53	16.54	0.136945	46.374
16.53	16.54	0.136962	46.475
16.53	16.54	0.136979	46.577
16.56	16.54	0.136995	46.675
16.56	16.54	0.137012	46.775
16.56	16.55	0.137029	46.875
16.56	16.55	0.137045	46.975
16.56	16.55	0.137062	47.074
16.56	16.55	0.137078	47.175
16.56	16.55	0.137095	47.275
16.56	16.55	0.137112	47.375
16.56	16.55	0.137128	47.475
16.56	16.56	0.137145	47.575
16.56	16.56	0.137162	47.675
16.56	16.56	0.137178	47.774
16.53	16.56	0.137195	47.875
16.53	16.56	0.137212	47.974
16.53	16.57	0.137228	48.075
16.53	16.57	0.137245	48.175
16.53	16.57	0.137262	48.275
16.53	16.57	0.137278	48.375
16.56	16.57	0.137295	48.474
16.56	16.58	0.137312	48.575
16.56	16.58	0.137328	48.674
16.56	16.58	0.137345	48.775
16.56	16.58	0.137362	48.874
16.56	16.59	0.137378	48.975
16.56	16.59	0.137395	49.075
16.56	16.59	0.137412	49.175
16.58	16.59	0.137428	49.275
16.58	16.60	0.137445	49.374
16.58	16.60	0.137462	49.475
16.58	16.60	0.137478	49.575
16.58	16.61	0.137495	49.675
16.58	16.61	0.137512	49.775
16.61	16.61	0.137528	49.875
16.61	16.61	0.137545	49.975
16.61	16.62	0.137562	50.074
16.61	16.62	0.137578	50.175
16.61	16.62	0.137595	50.274
16.61	16.63	0.137612	50.375
16.63	16.63	0.137628	50.475
16.63	16.63	0.137645	50.575
16.63	16.64	0.137662	50.675
16.63	16.64	0.137678	50.774
16.63	16.64	0.137695	50.875
16.63	16.65	0.137712	50.974
16.66	16.65	0.137728	51.075
16.66	16.65	0.137745	51.175
16.66	16.66	0.137762	51.275
16.66	16.66	0.137778	51.375
16.66	16.66	0.137795	51.475
16.66	16.67	0.137812	51.600
16.66	16.67	0.137828	51.699
16.66	16.67	0.137845	51.804
16.66	16.68	0.137862	51.898
16.68	16.68	0.137878	51.998
16.68	16.68	0.137895	52.102
16.68	16.69	0.137911	52.197
16.68	16.69	0.137928	52.297
16.68	16.69	0.137945	52.401
16.68	16.70	0.137961	52.496
16.68	16.70	0.137978	52.597
16.68	16.70	0.137995	52.700
16.71	16.71	0.138011	52.794
16.71	16.71	0.138028	52.897
16.71	16.72	0.138045	52.998
16.71	16.72	0.138061	53.093
16.71	16.72	0.138078	53.197
16.71	16.73	0.138095	53.297
16.71	16.73	0.138111	53.392
16.71	16.73	0.138128	53.496
16.74	16.74	0.138145	53.596
16.74	16.74	0.138161	53.690
16.74	16.74	0.138178	53.795
16.74	16.75	0.138195	53.895
16.74	16.75	0.138211	53.989
16.74	16.75	0.138228	54.094
16.76	16.76	0.138245	54.193
16.76	16.76	0.138261	54.288
16.76	16.76	0.138278	54.392
16.76	16.77	0.138295	54.487
16.76	16.77	0.138311	54.587
16.76	16.77	0.138328	54.691
16.76	16.77	0.138345	54.785
16.79	16.78	0.138361	54.885
16.79	16.78	0.138378	54.989
16.79	16.78	0.138395	55.085
16.79	16.79	0.138411	55.183
16.79	16.79	0.138428	55.288
16.79	16.79	0.138445	55.383
16.79	16.79	0.138461	55.482
16.79	16.80	0.138478	55.587
16.79	16.80	0.138495	55.681
16.81	16.80	0.138511	55.781
16.81	16.80	0.138528	55.885
16.81	16.81	0.138545	55.980
16.81	16.81	0.138561	56.079
16.81	16.81	0.138578	56.184
16.81	16.81	0.138595	56.279
16.81	16.82	0.138611	56.378
16.81	16.82	0.138628	56.483
16.81	16.82	0.138645	56.577
16.81	16.82	0.138661	56.679
16.81	16.82	0.138678	56.781
16.84	16.83	0.138695	56.876
16.84	16.83	0.138711	56.978
16.84	16.83	0.138728	57.080
16.84	16.83	0.138744	57.176
16.84	16.83	0.138761	57.279
16.84	16.84	0.138778	57.379
16.84	16.84	0.138794	57.475
16.84	16.84	0.138811	57.578
16.84	16.84	0.138828	57.677
16.84	16.84	0.138844	57.776
16.86	16.84	0.138861	57.877
16.86	16.84	0.138878	57.976
16.86	16.84	0.138894	58.076
16.86	16.85	0.138911	58.176
16.86	16.85	0.138928	58.276
16.86	16.85	0.138944	58.375
16.86	16.85	0.138961	58.476
16.86	16.85	0.138978	58.575
16.86	16.85	0.138994	58.676
16.86	16.85	0.139011	58.776
16.86	16.85	0.139028	58.876
16.86	16.85	0.139044	58.976
16.86	16.85	0.139061	59.075
16.86	16.85	0.139078	59.176
16.86	16.85	0.139094	59.275
16.86	16.85	0.139111	59.376
16.86	16.85	0.139128	59.476
16.86	16.85	0.139144	59.576
16.86	16.85	0.139161	59.676
16.86	16.85	0.139178	59.776
16.86	16.85	0.139194	59.876
16.86	16.85	0.139211	59.975
16.86	16.85	0.139228	00.076
16.86	16.85	0.139244	00.175
16.86	16.85	0.139261	00.276
16.86	16.85	0.139278	00.376
16.86	16.85	0.139294	00.476
16.86	16.85	0.139311	00.576
16.86	16.85	0.139328	00.676
16.86	16.85	0.139344	00.776
16.86	16.85	0.139361	00.875
16.86	16.85	0.139378	00.976
16.86	16.85	0.139394	01.076
16.86	16.85	0.139411	01.176
16.86	16.85	0.139428	01.277
16.86	16.84	0.139444	01.375
16.84	16.84	0.139461	01.476
16.84	16.84	0.139478	01.576
16.84	16.84	0.139494	01.676
16.84	16.84	0.139511	01.776
16.84	16.84	0.139528	01.876
16.84	16.84	0.139544	01.976
16.84	16.84	0.139561	02.076
16.84	16.84	0.139577	02.177
16.84	16.83	0.139594	02.275
16.84	16.83	0.139611	02.376
16.84	16.83	0.139627	02.476
16.84	16.83	0.139644	02.576
16.84	16.83	0.139661	02.676
16.84	16.83	0.139677	02.777
16.84	16.83	0.139694	02.875
16.84	16.82	0.139711	03.000
16.84	16.82	0.139727	03.077
16.84	16.82	0.139744	03.204
16.84	16.82	0.139761	03.299
16.84	16.82	0.139777	03.377
16.84	16.82	0.139794	03.503
16.84	16.81	0.139811	03.597
16.81	16.81	0.139827	03.701
16.81	16.81	0.139844	03.800
16.81	16.81	0.139861	03.895
16.81	16.81	0.139877	04.000
16.81	16.81	0.139894	04.099
16.81	16.80	0.139911	04.194
16.81	16.80	0.139927	04.298
16.81	16.80	0.139944	04.398
16.81	16.80	0.139961	04.492
16.81	16.80	0.139977	04.597
16.81	16.80	0.139994	04.691
16.81	16.79	0.140011	04.791
16.79	16.79	0.140027	04.896
16.79	16.79	0.140044	04.991
16.79	16.79	0.140061	05.090
16.79	16.79	0.140077	05.195
16.79	16.79	0.140094	05.289
16.79	16.78	0.140111	05.389
16.79	16.78	0.140127	05.493
16.79	16.78	0.140144	05.588
16.79	16.78	0.140161	05.688
16.79	16.78	0.140177	05.792
16.79	16.78	0.140194	05.887
16.79	16.77	0.140211	05.986
16.79	16.77	0.140227	06.091
16.76	16.77	0.140244	06.185
16.76	16.77	0.140261	06.285
16.76	16.77	0.140277	06.390
16.76	16.77	0.140294	06.484
16.76	16.77	0.140311	06.584
16.76	16.76	0.140327	06.688
16.76	16.76	0.140344	06.783
16.76	16.76	0.140361	06.883
16.76	16.76	0.140377	06.987
16.76	16.76	0.140394	07.082
16.76	16.76	0.140410	07.183
16.76	16.76	0.140427	07.286
16.76	16.76	0.140444	07.380
16.76	16.76	0.140460	07.484
16.76	16.76	0.140477	07.584
16.76	16.75	0.140494	07.679
16.76	16.75	0.140510	07.783
16.76	16.75	0.140527	07.883
16.74	16.75	0.140544	07.978
16.74	16.75	0.140560	08.082
16.74	16.75	0.140577	08.182
16.74	16.75	0.140594	08.276
16.74	16.75	0.140610	08.381
16.74	16.75	0.140627	08.480
16.74	16.75	0.140644	08.577
16.74	16.75	0.140660	08.679
16.74	16.75	0.140677	08.780
16.74	16.75	0.140694	08.877
16.74	16.75	0.140710	08.977
16.74	16.75	0.140727	09.080
16.74	16.75	0.140744	09.176
16.74	16.75	0.140760	09.277
16.74	16.75	0.140777	09.380
16.74	16.75	0.140794	09.477
16.74	16.75	0.140810	09.577
16.74	16.75	0.140827	09.680
16.74	16.75	0.140844	09.777
16.74	16.75	0.140860	09.877
16.74	16.75	0.140877	09.980
16.74	16.75	0.140894	10.076
16.74	16.75	0.140910	10.177
16.74	16.75	0.140927	10.280
16.74	16.75	0.140944	10.377
16.74	16.76	0.140960	10.477
16.76	16.76	0.140977	10.580
16.76	16.76	0.140994	10.677
16.76	16.76	0.141010	10.776
16.76	16.76	0.141027	10.881
16.76	16.76	0.141044	10.976
16.76	16.76	0.141060	11.077
16.76	16.76	0.141077	11.180
16.76	16.76	0.141094	11.277
16.76	16.77	0.141110	11.377
16.76	16.77	0.141127	11.481
16.76	16.77	0.141144	11.578
16.76	16.77	0.141160	11.677
16.76	16.77	0.141177	11.781
16.76	16.78	0.141194	11.877
16.76	16.78	0.141210	11.978
16.76	16.78	0.141227	12.082
16.76	16.78	0.141243	12.178
16.76	16.78	0.141260	12.278
16.76	16.79	0.141277	12.381
16.76	16.79	0.141293	12.478
16.76	16.79	0.141310	12.577
16.79	16.79	0.141327	12.682
16.79	16.79	0.141343	12.777
16.79	16.80	0.141360	12.878
16.79	16.80	0.141377	12.982
16.79	16.80	0.141393	13.078
16.79	16.80	0.141410	13.178
16.79	16.81	0.141427	13.281
16.79	16.81	0.141443	13.378
16.79	16.81	0.141460	13.477
16.81	16.82	0.141477	13.582
16.81	16.82	0.141493	13.677
16.81	16.82	0.141510	13.802
16.81	16.82	0.141527	13.906
16.81	16.83	0.141543	14.006
16.81	16.83	0.141560	14.101
16.81	16.83	0.141577	14.205
16.84	16.84	0.141593	14.305
16.84	16.84	0.141610	14.399
16.84	16.84	0.141627	14.504
16.84	16.85	0.141643	14.603
16.84	16.85	0.141660	14.698
16.84	16.85	0.141677	14.803
16.84	16.86	0.141693	14.897
16.84	16.86	0.141710	14.997
16.86	16.86	0.141727	15.101
16.86	16.87	0.141743	15.196
16.86	16.87	0.141760	15.295
16.86	16.87	0.141777	15.400
16.86	16.88	0.141793	15.495
16.86	16.88	0.141810	15.594
16.86	16.88	0.141827	15.699
16.89	16.89	0.141843	15.793
16.89	16.89	0.141860	15.893
16.89	16.89	0.141877	15.997
16.89	16.90	0.141893	16.092
16.89	16.90	0.141910	16.192
16.89	16.90	0.141927	16.296
16.89	16.91	0.141943	16.390
16.89	16.91	0.141960	16.489
16.92	16.91	0.141977	16.595
16.92	16.92	0.141993	16.689
16.92	16.92	0.142010	16.789
16.92	16.93	0.142027	16.893
16.92	16.93	0.142043	16.988
16.92	16.93	0.142060	17.088
16.92	16.94	0.142076	17.192
16.94	16.94	0.142093	17.287
16.94	16.94	0.142110	17.388
16.94	16.95	0.142126	17.491
16.94	16.95	0.142143	17.584
16.94	16.95	0.142160	17.688
16.94	16.96	0.142176	17.789
16.94	16.96	0.142193	17.883
16.94	16.96	0.142210	17.988
16.97	16.97	0.142226	18.088
16.97	16.97	0.142243	18.183
16.97	16.97	0.142260	18.286
16.97	16.98	0.142276	18.387
16.97	16.98	0.142293	18.480
16.97	16.98	0.142310	18.585
16.97	16.98	0.142326	18.685
16.99	16.99	0.142343	18.780
16.99	16.99	0.142360	18.884
16.99	16.99	0.142376	18.984
16.99	17.00	0.142393	19.080
16.99	17.00	0.142410	19.182
16.99	17.00	0.142426	19.284
17.02	17.00	0.142443	19.380
17.02	17.01	0.142460	19.481
17.02	17.01	0.142476	19.580
17.02	17.01	0.142493	19.680
17.02	17.02	0.142510	19.780
17.02	17.02	0.142526	19.879
17.02	17.02	0.142543	19.980
17.02	17.02	0.142560	20.079
17.02	17.03	0.142576	20.180
17.04	17.03	0.142593	20.280
17.04	17.03	0.142610	20.380
17.04	17.03	0.142626	20.480
17.04	17.03	0.142643	20.580
17.04	17.04	0.142660	20.680
17.04	17.04	0.142676	20.779
17.04	17.04	0.142693	20.880
17.04	17.04	0.142710	20.979
17.04	17.04	0.142726	21.080
17.04	17.05	0.142743	21.180
17.04	17.05	0.142760	21.280
17.07	17.05	0.142776	21.380
17.07	17.05	0.142793	21.479
17.07	17.05	0.142810	21.580
17.07	17.05	0.142826	21.679
17.07	17.05	0.142843	21.780
17.07	17.06	0.142860	21.880
17.07	17.06	0.142876	21.980
17.07	17.06	0.142893	22.081
17.07	17.06	0.142909	22.181
17.07	17.06	0.142926	22.286
17.07	17.06	0.142943	22.381
17.07	17.06	0.142959	22.482
17.07	17.06	0.142976	22.586
17.07	17.06	0.142993	22.682
17.07	17.06	0.143009	22.782
17.07	17.06	0.143026	22.886
17.07	17.06	0.143043	22.982
17.07	17.07	0.143059	23.082
17.07	17.07	0.143076	23.186
17.07	17.07	0.143093	23.281
17.07	17.07	0.143109	23.382
17.07	17.07	0.143126	23.486
17.07	17.07	0.143143	23.582
17.07	17.07	0.143159	23.682
17.07	17.07	0.143176	23.786
17.07	17.07	0.143193	23.882
17.07	17.07	0.143209	23.981
17.07	17.07	0.143226	24.087
17.07	17.07	0.143243	24.181
17.07	17.07	0.143259	24.305
17.07	17.07	0.143276	24.410
17.07	17.06	0.143293	24.510
17.07	17.06	0.143309	24.605
17.07	17.06	0.143326	24.709
17.07	17.06	0.143343	24.809
17.07	17.06	0.143359	24.903
17.07	17.06	0.143376	25.008
17.07	17.06	0.143393	25.107
17.07	17.06	0.143409	25.202
17.07	17.06	0.143426	25.306
17.07	17.06	0.143443	25.401
17.07	17.06	0.143459	25.500
17.07	17.06	0.143476	25.605
17.07	17.06	0.143493	25.700
17.07	17.05	0.143509	25.799
17.07	17.05	0.143526	25.904
17.07	17.05	0.143543	25.998
17.07	17.05	0.143559	26.098
17.07	17.05	0.143576	26.202
17.07	17.05	0.143593	26.297
17.07	17.05	0.143609	26.397
17.07	17.05	0.143626	26.501
17.07	17.04	0.143643	26.595
17.07	17.04	0.143659	26.695
17.07	17.04	0.143676	26.800
17.07	17.04	0.143693	26.893
17.04	17.04	0.143709	26.994
17.04	17.04	0.143726	27.098
17.04	17.03	0.143742	27.193
17.04	17.03	0.143759	27.293
17.04	17.03	0.143776	27.396
17.04	17.03	0.143792	27.491
17.04	17.03	0.143809	27.592
17.04	17.03	0.143826	27.695
17.04	17.02	0.143842	27.790
17.04	17.02	0.143859	27.893
17.02	17.02	0.143876	27.995
17.02	17.02	0.143892	28.088
17.02	17.02	0.143909	28.193
17.02	17.02	0.143926	28.292
17.02	17.01	0.143942	28.387
17.02	17.01	0.143959	28.492
17.02	17.01	0.143976	28.592
17.02	17.01	0.143992	28.686
17.02	17.01	0.144009	28.791
17.02	17.01	0.144026	28.890
16.99	17.00	0.144042	28.985
16.99	17.00	0.144059	29.089
16.99	17.00	0.144076	29.184
16.99	17.00	0.144092	29.283
16.99	17.00	0.144109	29.388
16.99	17.00	0.144126	29.483
16.99	16.99	0.144142	29.582
16.99	16.99	0.144159	29.687
16.99	16.99	0.144176	29.781
16.99	16.99	0.144192	29.882
16.99	16.99	0.144209	29.985
16.99	16.99	0.144226	30.082
16.99	16.98	0.144242	30.181
16.99	16.98	0.144259	30.284
16.99	16.98	0.144276	30.382
16.99	16.98	0.144292	30.482
16.99	16.98	0.144309	30.583
16.99	16.98	0.144326	30.681
16.99	16.98	0.144342	30.782
16.97	16.98	0.144359	30.881
16.97	16.97	0.144376	30.982
16.97	16.97	0.144392	31.083
16.97	16.97	0.144409	31.183
16.97	16.97	0.144426	31.283
16.97	16.97	0.144442	31.383
16.97	16.97	0.144459	31.483
16.97	16.97	0.144476	31.582
16.97	16.97	0.144492	31.683
16.97	16.97	0.144509	31.782
16.97	16.97	0.144526	31.883
16.97	16.97	0.144542	31.983
16.97	16.96	0.144559	32.083
16.97	16.96	0.144575	32.183
16.97	16.96	0.144592	32.283
16.97	16.96	0.144609	32.383
16.97	16.96	0.144625	32.482
16.94	16.96	0.144642	32.583
16.94	16.96	0.144659	32.682
16.94	16.96	0.144675	32.783
16.94	16.96	0.144692	32.883
16.94	16.96	0.144709	32.983
16.94	16.96	0.144725	33.083
16.94	16.96	0.144742	33.182
16.94	16.96	0.144759	33.283
16.94	16.96	0.144775	33.382
16.94	16.96	0.144792	33.483
16.94	16.96	0.144809	33.583
16.94	16.96	0.144825	33.683
16.94	16.96	0.144842	33.783
16.94	16.96	0.144859	33.883
16.97	16.96	0.144875	33.984
16.97	16.97	0.144892	34.083
16.97	16.97	0.144909	34.184
16.97	16.97	0.144925	34.283
16.97	16.97	0.144942	34.384
16.97	16.97	0.144959	34.484
16.97	16.97	0.144975	34.584
16.97	16.97	0.144992	34.684
16.97	16.97	0.145009	34.784
16.97	16.97	0.145025	34.884
16.97	16.97	0.145042	34.983
16.97	16.98	0.145059	35.108
16.97	16.98	0.145075	35.212
16.97	16.98	0.145092	35.312
16.97	16.98	0.145109	35.406
16.97	16.98	0.145125	35.511
16.97	16.98	0.145142	35.606
16.97	16.98	0.145159	35.705
16.97	16.99	0.145175	35.810
16.97	16.99	0.145192	35.904
16.97	16.99	0.145209	36.004
16.97	16.99	0.145225	36.108
16.97	16.99	0.145242	36.203
16.97	17.00	0.145259	36.303
16.97	17.00	0.145275	36.407
16.99	17.00	0.145292	36.502
16.99	17.00	0.145309	36.601
16.99	17.01	0.145325	36.706
16.99	17.01	0.145342	36.800
16.99	17.01	0.145359	36.900
16.99	17.01	0.145375	37.004
16.99	17.02	0.145392	37.099
16.99	17.02	0.145408	37.199
16.99	17.02	0.145425	37.303
17.02	17.02	0.145442	37.398
17.02	17.03	0.145458	37.497
17.02	17.03	0.145475	37.602
17.02	17.03	0.145492	37.697
17.02	17.03	0.145508	37.797
17.02	17.04	0.145525	37.901
17.02	17.04	0.145542	37.995
17.04	17.04	0.145558	38.098
17.04	17.05	0.145575	38.199
17.04	17.05	0.145592	38.294
17.04	17.05	0.145608	38.397
17.04	17.06	0.145625	38.498
17.04	17.06	0.145642	38.593
17.04	17.06	0.145658	38.697
17.07	17.07	0.145675	38.797
17.07	17.07	0.145692	38.891
17.07	17.07	0.145708	38.996
17.07	17.08	0.145725	39.095
17.07	17.08	0.145742	39.190
17.07	17.08	0.145758	39.294
17.07	17.09	0.145775	39.394
17.09	17.09	0.145792	39.488
17.09	17.09	0.145808	39.593
17.09	17.10	0.145825	39.687
17.09	17.10	0.145842	39.787
17.09	17.10	0.145858	39.891
17.09	17.11	0.145875	39.986
17.09	17.11	0.145892	40.086
17.09	17.11	0.145908	40.190
17.12	17.12	0.145925	40.285
17.12	17.12	0.145942	40.385
17.12	17.12	0.145958	40.489
17.12	17.13	0.145975	40.584
17.12	17.13	0.145992	40.685
17.12	17.13	0.146008	40.787
17.15	17.14	0.146025	40.885
17.15	17.14	0.146042	40.985
17.15	17.15	0.146058	41.086
17.15	17.15	0.146075	41.185
17.15	17.15	0.146092	41.284
17.15	17.16	0.146108	41.385
17.15	17.16	0.146125	41.484
17.15	17.16	0.146142	41.585
17.15	17.17	0.146158	41.685
17.15	17.17	0.146175	41.785
17.17	17.17	0.146192	41.885
17.17	17.18	0.146208	41.985
17.17	17.18	0.146225	42.085
17.17	17.18	0.146241	42.184
17.17	17.19	0.146258	42.285
17.17	17.19	0.146275	42.384
17.17	17.19	0.146291	42.485
17.17	17.19	0.146308	42.585
17.20	17.20	0.146325	42.685
17.20	17.20	0.146341	42.785
17.20	17.20	0.146358	42.885
17.20	17.21	0.146375	42.985
17.20	17.21	0.146391	43.084
17.20	17.21	0.146408	43.185
17.22	17.22	0.146425	43.284
17.22	17.22	0.146441	43.385
17.22	17.22	0.146458	43.485
17.22	17.22	0.146475	43.585
17.22	17.23	0.146491	43.685
17.22	17.23	0.146508	43.784
17.22	17.23	0.146525	43.885
17.25	17.23	0.146541	43.984
17.25	17.24	0.146558	44.085
17.25	17.24	0.146575	44.185
17.25	17.24	0.146591	44.285
17.25	17.24	0.146608	44.385
17.25	17.25	0.146625	44.485
17.25	17.25	0.146641	44.585
17.25	17.25	0.146658	44.684
17.25	17.25	0.146675	44.785
17.25	17.25	0.146691	44.884
17.27	17.26	0.146708	44.985
17.27	17.26	0.146725	45.085
17.27	17.26	0.146741	45.185
17.27	17.26	0.146758	45.285
17.27	17.26	0.146775	45.385
17.27	17.26	0.146791	45.485
17.27	17.26	0.146808	45.584
17.27	17.27	0.146825	45.685
17.27	17.27	0.146841	45.784
17.27	17.27	0.146858	45.885
17.27	17.27	0.146875	46.015
17.27	17.27	0.146891	46.110
17.27	17.27	0.146908	46.209
17.27	17.27	0.146925	46.314
17.27	17.27	0.146941	46.408
17.27	17.28	0.146958	46.508
17.30	17.28	0.146975	46.612
17.30	17.28	0.146991	46.707
17.30	17.28	0.147008	46.806
17.30	17.28	0.147025	46.911
17.30	17.28	0.147041	47.005
17.30	17.28	0.147058	47.105
17.30	17.28	0.147074	47.209
17.30	17.28	0.147091	47.304
17.30	17.28	0.147108	47.403
17.30	17.28	0.147124	47.508
17.30	17.28	0.147141	47.603
17.30	17.28	0.147158	47.702
17.30	17.28	0.147174	47.807
17.30	17.28	0.147191	47.901
17.30	17.28	0.147208	48.002
17.27	17.28	0.147224	48.105
17.27	17.28	0.147241	48.200
17.27	17.28	0.147258	48.301
17.27	17.28	0.147274	48.404
17.27	17.28	0.147291	48.499
17.27	17.28	0.147308	48.602
17.27	17.28	0.147324	48.703
17.27	17.28	0.147341	48.797
17.27	17.28	0.147358	48.902
17.27	17.28	0.147374	49.001
17.27	17.27	0.147391	49.096
17.27	17.27	0.147408	49.200
17.27	17.27	0.147424	49.300
17.27	17.27	0.147441	49.395
17.27	17.27	0.147458	49.499
17.27	17.27	0.147474	49.599
17.27	17.27	0.147491	49.693
17.27	17.27	0.147508	49.798
17.30	17.27	0.147524	49.892
17.30	17.27	0.147541	49.992
17.30	17.26	0.147558	50.097
17.30	17.26	0.147574	50.191
17.30	17.26	0.147591	50.291
17.30	17.26	0.147608	50.395
17.30	17.26	0.147624	50.489
17.27	17.26	0.147641	50.589
17.27	17.26	0.147658	50.693
17.27	17.25	0.147674	50.788
17.27	17.25	0.147691	50.888
17.27	17.25	0.147708	50.992
17.27	17.25	0.147724	51.087
17.27	17.25	0.147741	51.186
17.27	17.25	0.147758	51.291
17.25	17.24	0.147774	51.386
17.25	17.24	0.147791	51.488
17.25	17.24	0.147808	51.589
17.25	17.24	0.147824	51.688
17.25	17.24	0.147841	51.788
17.25	17.24	0.147858	51.888
17.25	17.23	0.147874	51.988
17.22	17.23	0.147891	52.087
17.22	17.23	0.147907	52.188
17.22	17.23	0.147924	52.287
17.22	17.23	0.147941	52.388
17.22	17.23	0.147957	52.488
17.22	17.22	0.147974	52.588
17.22	17.22	0.147991	52.688
17.22	17.22	0.148007	52.788
17.22	17.22	0.148024	52.888
17.22	17.22	0.148041	52.987
17.22	17.22	0.148057	53.088
17.22	17.21	0.148074	53.187
17.22	17.21	0.148091	53.288
17.22	17.21	0.148107	53.388
17.20	17.21	0.148124	53.488
17.20	17.21	0.148141	53.588
17.20	17.21	0.148157	53.687
17.20	17.20	0.148174	53.788
17.20	17.20	0.148191	53.887
17.20	17.20	0.148207	53.988
17.20	17.20	0.148224	54.087
17.20	17.20	0.148241	54.188
17.20	17.20	0.148257	54.288
17.20	17.20	0.148274	54.388
17.20	17.19	0.148291	54.488
17.20	17.19	0.148307	54.587
17.20	17.19	0.148324	54.688
17.20	17.19	0.148341	54.787
17.20	17.19	0.148357	54.888
17.20	17.19	0.148374	54.988
17.20	17.19	0.148391	55.088
17.20	17.19	0.148407	55.188
17.20	17.18	0.148424	55.288
17.20	17.18	0.148441	55.388
17.17	17.18	0.148457	55.487
17.17	17.18	0.148474	55.588
17.17	17.18	0.148491	55.687
17.17	17.18	0.148507	55.788
17.17	17.18	0.148524	55.888
17.17	17.18	0.148541	55.989
17.17	17.18	0.148557	56.089
17.17	17.18	0.148574	56.188
17.17	17.18	0.148591	56.289
17.17	17.18	0.148607	56.388
17.17	17.18	0.148624	56.489
17.17	17.18	0.148641	56.588
17.17	17.18	0.148657	56.712
17.17	17.18	0.148674	56.817
17.17	17.18	0.148691	56.912
17.17	17.18	0.148707	57.011
17.17	17.18	0.148724	57.116
17.17	17.18	0.148740	57.210
17.17	17.18	0.148757	57.310
17.17	17.18	0.148774	57.414
17.17	17.18	0.148790	57.509
17.17	17.18	0.148807	57.609
17.17	17.18	0.148824	57.713
17.17	17.18	0.148840	57.808
17.17	17.18	0.148857	57.907
17.17	17.18	0.148874	58.012
17.17	17.18	0.148890	58.106
17.17	17.18	0.148907	58.206
17.17	17.18	0.148924	58.310
17.17	17.18	0.148940	58.405
17.17	17.18	0.148957	58.507
17.17	17.18	0.148974	58.609
17.17	17.18	0.148990	58.704
17.17	17.18	0.149007	58.806
17.17	17.19	0.149024	58.908
17.17	17.19	0.149040	59.002
17.17	17.19	0.149057	59.107
17.20	17.19	0.149074	59.206
17.20	17.19	0.149090	59.301
17.20	17.19	0.149107	59.406
17.20	17.19	0.149124	59.505
17.20	17.20	0.149140	59.600
17.20	17.20	0.149157	59.704
17.20	17.20	0.149174	59.804
17.20	17.20	0.149190	59.898
17.20	17.20	0.149207	00.003
17.20	17.21	0.149224	00.098
17.20	17.21	0.149240	00.197
17.20	17.21	0.149257	00.302
17.20	17.21	0.149274	00.396
17.20	17.21	0.149290	00.496
17.20	17.22	0.149307	00.600
17.20	17.22	0.149324	00.695
17.20	17.22	0.149340	00.795
17.20	17.22	0.149357	00.899
17.20	17.23	0.149374	00.994
17.20	17.23	0.149390	01.093
17.20	17.23	0.149407	01.198
17.20	17.23	0.149424	01.292
17.22	17.24	0.149440	01.392
17.22	17.24	0.149457	01.496
17.22	17.24	0.149474	01.591
17.22	17.25	0.149490	01.691
17.22	17.25	0.149507	01.794
17.22	17.25	0.149524	01.890
17.25	17.25	0.149540	01.989
17.25	17.26	0.149557	02.094
17.25	17.26	0.149573	02.189
17.25	17.26	0.149590	02.290
17.25	17.27	0.149607	02.393
17.25	17.27	0.149623	02.490
17.27	17.27	0.149640	02.590
17.27	17.28	0.149657	02.691
17.27	17.28	0.149673	02.790
17.27	17.28	0.149690	02.889
17.27	17.29	0.149707	02.990
17.27	17.29	0.149723	03.089
17.30	17.29	0.149740	03.190
17.30	17.30	0.149757	03.290
17.30	17.30	0.149773	03.390
17.30	17.30	0.149790	03.490
17.30	17.31	0.149807	03.589
17.30	17.31	0.149823	03.690
17.30	17.31	0.149840	03.789
17.30	17.32	0.149857	03.890
17.33	17.32	0.149873	03.990
17.33	17.32	0.149890	04.089
17.33	17.33	0.149907	04.190
17.33	17.33	0.149923	04.290
17.33	17.33	0.149940	04.390
17.33	17.34	0.149957	04.490
17.33	17.34	0.149973	04.589
17.33	17.34	0.149990	04.690
17.35	17.35	0.150007	04.789
17.35	17.35	0.150023	04.890
17.35	17.36	0.150040	04.990
17.35	17.36	0.150057	05.090
17.35	17.36	0.150073	05.190
17.35	17.37	0.150090	05.290
17.35	17.37	0.150107	05.389
17.35	17.37	0.150123	05.490
17.38	17.38	0.150140	05.589
17.38	17.38	0.150157	05.690
17.38	17.38	0.150173	05.790
17.38	17.39	0.150190	05.890
17.38	17.39	0.150207	05.990
17.38	17.39	0.150223	06.089
17.38	17.40	0.150240	06.190
17.40	17.40	0.150257	06.289
17.40	17.40	0.150273	06.390
17.40	17.41	0.150290	06.490
17.40	17.41	0.150307	06.590
17.40	17.41	0.150323	06.690
17.40	17.41	0.150340	06.790
17.40	17.42	0.150357	06.890
17.43	17.42	0.150373	06.989
17.43	17.42	0.150390	07.090
17.43	17.43	0.150406	07.189
17.43	17.43	0.150423	07.290
17.43	17.43	0.150440	07.390
17.43	17.43	0.150456	07.490
17.43	17.44	0.150473	07.590
17.43	17.44	0.150490	07.689
17.45	17.44	0.150506	07.814
17.45	17.44	0.150523	07.918
17.45	17.45	0.150540	08.013
17.45	17.45	0.150556	08.112
17.45	17.45	0.150573	08.217
17.45	17.45	0.150590	08.312
17.45	17.46	0.150606	08.411
17.45	17.46	0.150623	08.516
17.48	17.46	0.150640	08.610
17.48	17.46	0.150656	08.711
17.48	17.46	0.150673	08.814
17.48	17.47	0.150690	08.909
17.48	17.47	0.150706	09.011
17.48	17.47	0.150723	09.113
17.48	17.47	0.150740	09.207
17.48	17.47	0.150756	09.311
17.48	17.48	0.150773	09.411
17.48	17.48	0.150790	09.506
17.48	17.48	0.150806	09.610
17.48	17.48	0.150823	09.710
17.48	17.48	0.150840	09.805
17.48	17.48	0.150856	09.909
17.48	17.48	0.150873	10.009
17.48	17.48	0.150890	10.103
17.50	17.49	0.150906	10.208
17.50	17.49	0.150923	10.307
17.50	17.49	0.150940	10.402
17.50	17.49	0.150956	10.506
17.50	17.49	0.150973	10.601
17.50	17.49	0.150990	10.701
17.50	17.49	0.151006	10.805
17.50	17.49	0.151023	10.900
17.50	17.49	0.151040	10.999
17.50	17.49	0.151056	11.104
17.50	17.49	0.151073	11.198
17.50	17.49	0.151090	11.298
17.50	17.49	0.151106	11.402
17.50	17.49	0.151123	11.497
17.50	17.49	0.151140	11.597
17.50	17.49	0.151156	11.701
17.50	17.49	0.151173	11.796
17.50	17.49	0.151190	11.895
17.50	17.49	0.151206	12.000
17.50	17.49	0.151223	12.094
17.50	17.49	0.151239	12.194
17.50	17.49	0.151256	12.299
17.50	17.49	0.151273	12.393
17.50	17.49	0.151289	12.493
17.50	17.49	0.151306	12.597
17.50	17.49	0.151323	12.692
17.50	17.49	0.151339	12.792
17.50	17.49	0.151356	12.896
17.50	17.49	0.151373	12.991
17.50	17.49	0.151389	13.093
17.50	17.49	0.151406	13.195
17.50	17.49	0.151423	13.291
17.50	17.48	0.151439	13.393
17.50	17.48	0.151456	13.493
17.48	17.48	0.151473	13.591
17.48	17.48	0.151489	13.692
17.48	17.48	0.151506	13.792
17.48	17.48	0.151523	13.891
17.48	17.48	0.151539	13.991
17.48	17.48	0.151556	14.091
17.48	17.48	0.151573	14.191
17.48	17.47	0.151589	14.290
17.48	17.47	0.151606	14.391
17.48	17.47	0.151623	14.490
17.48	17.47	0.151639	14.591
17.48	17.47	0.151656	14.691
17.48	17.47	0.151673	14.791
17.48	17.47	0.151689	14.891
17.48	17.46	0.151706	14.990
17.48	17.46	0.151723	15.091
17.48	17.46	0.151739	15.190
17.48	17.46	0.151756	15.291
17.48	17.46	0.151773	15.391
17.48	17.46	0.151789	15.491
17.48	17.45	0.151806	15.591
17.48	17.45	0.151823	15.691
17.48	17.45	0.151839	15.791
17.45	17.45	0.151856	15.890
17.45	17.45	0.151873	15.991
17.45	17.45	0.151889	16.090
17.45	17.44	0.151906	16.191
17.45	17.44	0.151923	16.291
17.45	17.44	0.151939	16.391
17.45	17.44	0.151956	16.491
17.45	17.44	0.151973	16.590
17.45	17.44	0.151989	16.691
17.43	17.43	0.152006	16.790
17.43	17.43	0.152023	16.891
17.43	17.43	0.152039	16.990
17.43	17.43	0.152056	17.091
17.43	17.43	0.152072	17.190
17.43	17.43	0.152089	17.290
17.43	17.42	0.152106	17.391
17.43	17.42	0.152122	17.490
17.43	17.42	0.152139	17.589
17.43	17.42	0.152156	17.691
17.43	17.42	0.152172	17.789
17.43	17.42	0.152189	17.890
17.40	17.41	0.152206	17.991
17.40	17.41	0.152222	18.090
17.40	17.41	0.152239	18.190
17.40	17.41	0.152256	18.291
17.40	17.41	0.152272	18.391
17.40	17.41	0.152289	18.491
17.40	17.41	0.152306	18.591
17.40	17.40	0.152322	18.720
17.40	17.40	0.152339	18.814
17.40	17.40	0.152356	18.891
17.40	17.40	0.152372	19.019
17.40	17.40	0.152389	19.113
17.40	17.40	0.152406	19.191
17.40	17.40	0.152422	19.317
17.40	17.40	0.152439	19.412
17.40	17.40	0.152456	19.492
17.40	17.40	0.152472	19.616
17.40	17.39	0.152489	19.711
17.40	17.39	0.152506	19.815
17.40	17.39	0.152522	19.915
17.38	17.39	0.152539	20.009
17.38	17.39	0.152556	20.114
17.38	17.39	0.152572	20.213
17.38	17.39	0.152589	20.308
17.38	17.39	0.152606	20.412
17.38	17.39	0.152622	20.512
17.38	17.39	0.152639	20.607
17.38	17.39	0.152656	20.711
17.38	17.39	0.152672	20.806
17.38	17.39	0.152689	20.905
17.38	17.39	0.152706	21.010
17.38	17.39	0.152722	21.105
17.38	17.39	0.152739	21.204
17.38	17.39	0.152756	21.309
17.38	17.39	0.152772	21.403
17.38	17.39	0.152789	21.503
17.38	17.39	0.152806	21.608
17.38	17.39	0.152822	21.702
17.38	17.39	0.152839	21.802
17.38	17.39	0.152856	21.906
17.38	17.39	0.152872	22.001
17.38	17.39	0.152889	22.101
17.38	17.39	0.152905	22.205
17.38	17.39	0.152922	22.300
17.40	17.39	0.152939	22.399
17.40	17.40	0.152955	22.504
17.40	17.40	0.152972	22.598
17.40	17.40	0.152989	22.698
17.40	17.40	0.153005	22.802
17.40	17.40	0.153022	22.897
17.40	17.40	0.153039	22.998
17.40	17.40	0.153055	23.101
17.40	17.40	0.153072	23.196
17.40	17.40	0.153089	23.297
17.40	17.41	0.153105	23.399
17.40	17.41	0.153122	23.493
17.40	17.41	0.153139	23.598
17.40	17.41	0.153155	23.698
17.40	17.41	0.153172	23.792
17.40	17.42	0.153189	23.897
17.40	17.42	0.153205	23.997
17.40	17.42	0.153222	24.092
17.40	17.42	0.153239	24.196
17.40	17.42	0.153255	24.295
17.40	17.43	0.153272	24.391
17.40	17.43	0.153289	24.494
17.40	17.43	0.153305	24.594
17.40	17.43	0.153322	24.692
17.40	17.43	0.153339	24.793
17.43	17.44	0.153355	24.894
17.43	17.44	0.153372	24.992
17.43	17.44	0.153389	25.091
17.43	17.44	0.153405	25.194
17.43	17.45	0.153422	25.291
17.43	17.45	0.153439	25.392
17.43	17.45	0.153455	25.495
17.45	17.46	0.153472	25.592
17.45	17.46	0.153489	25.692
17.45	17.46	0.153505	25.794
17.45	17.46	0.153522	25.892
17.45	17.47	0.153539	25.991
17.45	17.47	0.153555	26.095
17.45	17.47	0.153572	26.192
17.48	17.48	0.153589	26.292
17.48	17.48	0.153605	26.395
17.48	17.48	0.153622	26.492
17.48	17.49	0.153639	26.592
17.48	17.49	0.153655	26.695
17.48	17.49	0.153672	26.791
17.48	17.50	0.153689	26.892
17.48	17.50	0.153705	26.994
17.50	17.50	0.153722	27.092
17.50	17.51	0.153738	27.192
17.50	17.51	0.153755	27.295
17.50	17.51	0.153772	27.392
17.50	17.52	0.153788	27.491
17.50	17.52	0.153805	27.595
17.50	17.52	0.153822	27.691
17.50	17.53	0.153838	27.792
17.53	17.53	0.153855	27.896
17.53	17.53	0.153872	27.992
17.53	17.54	0.153888	28.092
17.53	17.54	0.153905	28.195
17.53	17.54	0.153922	28.292
17.53	17.55	0.153938	28.391
17.56	17.55	0.153955	28.496
17.56	17.55	0.153972	28.591
17.56	17.56	0.153988	28.692
17.56	17.56	0.154005	28.796
17.56	17.57	0.154022	28.892
17.56	17.57	0.154038	28.992
17.56	17.57	0.154055	29.096
17.56	17.58	0.154072	29.192
17.58	17.58	0.154088	29.293
17.58	17.58	0.154105	29.396
17.58	17.59	0.154122	29.493
17.58	17.59	0.154138	29.592
17.58	17.59	0.154155	29.696
17.58	17.60	0.154172	29.822
17.58	17.60	0.154188	29.916
17.61	17.60	0.154205	30.021
17.61	17.61	0.154222	30.120
17.61	17.61	0.154238	30.215
17.61	17.61	0.154255	30.319
17.61	17.62	0.154272	30.419
17.61	17.62	0.154288	30.513
17.61	17.62	0.154305	30.617
17.61	17.62	0.154322	30.717
17.63	17.63	0.154338	30.812
17.63	17.63	0.154355	30.916
17.63	17.63	0.154372	31.011
17.63	17.64	0.154388	31.111
17.63	17.64	0.154405	31.215
17.63	17.64	0.154422	31.309
17.63	17.64	0.154438	31.409
17.63	17.65	0.154455	31.513
17.66	17.65	0.154472	31.609
17.66	17.65	0.154488	31.708
17.66	17.66	0.154505	31.812
17.66	17.66	0.154522	31.906
17.66	17.66	0.154538	32.006
17.66	17.66	0.154555	32.111
17.66	17.67	0.154571	32.205
17.66	17.67	0.154588	32.305
17.66	17.67	0.154605	32.409
17.68	17.67	0.154621	32.505
17.68	17.67	0.154638	32.604
17.68	17.68	0.154655	32.708
17.68	17.68	0.154671	32.803
17.68	17.68	0.154688	32.902
17.68	17.68	0.154705	33.007
17.68	17.68	0.154721	33.101
17.68	17.69	0.154738	33.202
17.68	17.69	0.154755	33.305
17.71	17.69	0.154771	33.401
17.71	17.69	0.154788	33.502
17.71	17.69	0.154805	33.604
17.71	17.69	0.154821	33.700
17.71	17.69	0.154838	33.802
17.71	17.70	0.154855	33.904
17.71	17.70	0.154871	33.997
17.71	17.70	0.154888	34.102
17.71	17.70	0.154905	34.201
17.71	17.70	0.154921	34.296
17.71	17.70	0.154938	34.400
17.71	17.70	0.154955	34.500
17.71	17.70	0.154971	34.595
17.71	17.70	0.154988	34.699
17.71	17.70	0.155005	34.799
17.71	17.70	0.155021	34.893
17.71	17.70	0.155038	34.998
17.71	17.71	0.155055	35.093
17.71	17.71	0.155071	35.194
17.71	17.71	0.155088	35.297
17.71	17.71	0.155105	35.398
17.71	17.71	0.155121	35.494
17.71	17.71	0.155138	35.595
17.71	17.71	0.155155	35.694
17.71	17.71	0.155171	35.793
17.71	17.71	0.155188	35.894
17.71	17.71	0.155205	35.993
17.71	17.71	0.155221	36.094
17.71	17.71	0.155238	36.194
17.74	17.71	0.155255	36.294
17.74	17.71	0.155271	36.394
17.74	17.70	0.155288	36.493
17.74	17.70	0.155305	36.594
17.74	17.70	0.155321	36.693
17.74	17.70	0.155338	36.794
17.74	17.70	0.155355	36.894
17.74	17.70	0.155371	36.994
17.74	17.70	0.155388	37.094
17.71	17.70	0.155404	37.194
17.71	17.70	0.155421	37.294
17.71	17.70	0.155438	37.393
17.71	17.70	0.155454	37.494
17.71	17.70	0.155471	37.593
17.71	17.70	0.155488	37.694
17.71	17.69	0.155504	37.794
17.68	17.69	0.155521	37.894
17.68	17.69	0.155538	37.994
17.68	17.69	0.155554	38.093
17.68	17.69	0.155571	38.194
17.68	17.69	0.155588	38.293
17.68	17.69	0.155604	38.394
17.68	17.69	0.155621	38.493
17.68	17.68	0.155638	38.594
17.68	17.68	0.155654	38.694
17.68	17.68	0.155671	38.794
17.68	17.68	0.155688	38.894
17.68	17.68	0.155704	38.993
17.68	17.68	0.155721	39.094
17.68	17.67	0.155738	39.193
17.68	17.67	0.155754	39.294
17.68	17.67	0.155771	39.394
17.68	17.67	0.155788	39.494
17.68	17.67	0.155804	39.594
17.68	17.67	0.155821	39.693
17.68	17.66	0.155838	39.794
17.66	17.66	0.155854	39.893
17.66	17.66	0.155871	39.994
17.66	17.66	0.155888	40.094
17.66	17.66	0.155904	40.195
17.66	17.66	0.155921	40.295
17.66	17.65	0.155938	40.395
17.66	17.65	0.155954	40.524
17.66	17.65	0.155971	40.594
17.66	17.65	0.155988	40.718
17.66	17.65	0.156004	40.822
17.66	17.65	0.156021	40.922
17.66	17.64	0.156038	41.016
17.66	17.64	0.156054	41.121
17.66	17.64	0.156071	41.216
17.66	17.64	0.156088	41.315
17.66	17.64	0.156104	41.420
17.66	17.64	0.156121	41.514
17.66	17.63	0.156138	41.614
17.63	17.63	0.156154	41.718
17.63	17.63	0.156171	41.813
17.63	17.63	0.156188	41.912
17.63	17.63	0.156204	42.017
17.63	17.63	0.156221	42.112
17.63	17.62	0.156237	42.211
17.63	17.62	0.156254	42.316
17.63	17.62	0.156271	42.410
17.63	17.62	0.156287	42.510
17.63	17.62	0.156304	42.614
17.61	17.62	0.156321	42.709
17.61	17.62	0.156337	42.809
17.61	17.62	0.156354	42.913
17.61	17.61	0.156371	43.008
17.61	17.61	0.156387	43.107
17.61	17.61	0.156404	43.212
17.61	17.61	0.156421	43.307
17.61	17.61	0.156437	43.406
17.61	17.61	0.156454	43.511
17.61	17.61	0.156471	43.606
17.61	17.61	0.156487	43.707
17.61	17.61	0.156504	43.810
17.61	17.61	0.156521	43.904
17.61	17.61	0.156537	44.007
17.61	17.60	0.156554	44.108
17.61	17.60	0.156571	44.203
17.61	17.60	0.156587	44.307
17.61	17.60	0.156604	44.407
17.61	17.60	0.156621	44.502
17.58	17.60	0.156637	44.606
17.58	17.60	0.156654	44.706
17.58	17.60	0.156671	44.799
17.58	17.60	0.156687	44.905
17.58	17.60	0.156704	45.004
17.58	17.60	0.156721	45.098
17.58	17.60	0.156737	45.204
17.58	17.60	0.156754	45.298
17.58	17.60	0.156771	45.398
17.58	17.60	0.156787	45.501
17.58	17.60	0.156804	45.598
17.58	17.60	0.156821	45.697
17.58	17.60	0.156837	45.800
17.58	17.60	0.156854	45.898
17.58	17.60	0.156871	45.999
17.58	17.61	0.156887	46.099
17.61	17.61	0.156904	46.203
17.61	17.61	0.156921	46.299
17.61	17.61	0.156937	46.398
17.61	17.61	0.156954	46.499
17.61	17.61	0.156971	46.598
17.61	17.61	0.156987	46.699
17.61	17.61	0.157004	46.799
17.61	17.61	0.157021	46.899
17.61	17.61	0.157037	46.999
17.61	17.62	0.157054	47.098
17.61	17.62	0.157070	47.199
17.61	17.62	0.157087	47.298
17.61	17.62	0.157104	47.399
17.61	17.62	0.157120	47.498
17.61	17.62	0.157137	47.599
17.61	17.62	0.157154	47.699
17.61	17.63	0.157170	47.799
17.61	17.63	0.157187	47.899
17.63	17.63	0.157204	47.998
17.63	17.63	0.157220	48.099
17.63	17.63	0.157237	48.198
17.63	17.64	0.157254	48.299
17.63	17.64	0.157270	48.399
17.63	17.64	0.157287	48.499
17.63	17.64	0.157304	48.599
17.63	17.65	0.157320	48.699
17.63	17.65	0.157337	48.799
17.63	17.65	0.157354	48.898
17.63	17.65	0.157370	48.999
17.63	17.66	0.157387	49.098
17.63	17.66	0.157404	49.199
17.63	17.66	0.157420	49.299
17.66	17.66	0.157437	49.399
17.66	17.67	0.157454	49.499
17.66	17.67	0.157470	49.598
17.66	17.67	0.157487	49.699
17.66	17.67	0.157504	49.798
17.66	17.68	0.157520	49.899
17.66	17.68	0.157537	49.998
17.66	17.68	0.157554	50.099
17.68	17.69	0.157570	50.199
17.68	17.69	0.157587	50.299
17.68	17.69	0.157604	50.399
17.68	17.70	0.157620	50.498
17.68	17.70	0.157637	50.599
17.68	17.70	0.157654	50.699
17.68	17.71	0.157670	50.829
17.71	17.71	0.157687	50.923
17.71	17.71	0.157704	51.028
17.71	17.72	0.157720	51.128
17.71	17.72	0.157737	51.222
17.71	17.72	0.157754	51.327
17.71	17.73	0.157770	51.421
17.71	17.73	0.157787	51.521
17.74	17.73	0.157804	51.625
17.74	17.74	0.157820	51.720
17.74	17.74	0.157837	51.819
17.74	17.74	0.157854	51.924
17.74	17.75	0.157870	52.019
17.74	17.75	0.157887	52.118
17.74	17.75	0.157903	52.223
17.76	17.76	0.157920	52.317
17.76	17.76	0.157937	52.416
17.76	17.76	0.157953	52.521
17.76	17.77	0.157970	52.616
17.76	17.77	0.157987	52.716
17.76	17.77	0.158003	52.820
17.76	17.78	0.158020	52.914
17.79	17.78	0.158037	53.014
17.79	17.79	0.158053	53.118
17.79	17.79	0.158070	53.213
17.79	17.79	0.158087	53.313
17.79	17.80	0.158103	53.417
17.79	17.80	0.158120	53.511
17.79	17.80	0.158137	53.612
17.79	17.81	0.158153	53.716
17.81	17.81	0.158170	53.811
17.81	17.81	0.158187	53.912
17.81	17.82	0.158203	54.015
17.81	17.82	0.158220	54.108
17.81	17.82	0.158237	54.212
17.81	17.83	0.158253	54.312
17.81	17.83	0.158270	54.407
17.84	17.83	0.158287	54.513
17.84	17.83	0.158303	54.612
17.84	17.84	0.158320	54.706
17.84	17.84	0.158337	54.811
17.84	17.84	0.158353	54.910
17.84	17.85	0.158370	55.004
17.84	17.85	0.158387	55.109
17.84	17.85	0.158403	55.209
17.86	17.86	0.158420	55.303
17.86	17.86	0.158437	55.408
17.86	17.86	0.158453	55.502
17.86	17.86	0.158470	55.602
17.86	17.87	0.158487	55.706
17.86	17.87	0.158503	55.801
17.86	17.87	0.158520	55.901
17.86	17.87	0.158537	56.005
17.89	17.88	0.158553	56.101
17.89	17.88	0.158570	56.200
17.89	17.88	0.158587	56.304
17.89	17.88	0.158603	56.399
17.89	17.89	0.158620	56.500
17.89	17.89	0.158637	56.602
17.89	17.89	0.158653	56.700
17.89	17.89	0.158670	56.800
17.89	17.89	0.158687	56.901
17.92	17.90	0.158703	57.000
17.92	17.90	0.158720	57.099
17.92	17.90	0.158736	57.200
17.92	17.90	0.158753	57.299
17.92	17.90	0.158770	57.400
17.92	17.90	0.158786	57.500
17.92	17.90	0.158803	57.600
17.92	17.91	0.158820	57.700
17.92	17.91	0.158836	57.800
17.92	17.91	0.158853	57.899
17.92	17.91	0.158870	58.000
17.92	17.91	0.158886	58.099
17.92	17.91	0.158903	58.200
17.92	17.91	0.158920	58.300
17.92	17.91	0.158936	58.400
17.92	17.92	0.158953	58.500
17.92	17.92	0.158970	58.600
17.92	17.92	0.158986	58.700
17.92	17.92	0.159003	58.799
17.92	17.92	0.159020	58.900
17.92	17.92	0.159036	59.000
17.92	17.92	0.159053	59.101
17.92	17.92	0.159070	59.201
17.92	17.92	0.159086	59.301
17.92	17.92	0.159103	59.401
17.92	17.92	0.159120	59.500
17.92	17.92	0.159136	59.601
17.92	17.92	0.159153	59.700
17.92	17.92	0.159170	59.801
17.92	17.92	0.159186	59.902
17.92	17.92	0.159203	00.002
17.92	17.92	0.159220	00.103
17.92	17.92	0.159236	00.203
17.92	17.92	0.159253	00.302
17.92	17.92	0.159270	00.403
17.92	17.92	0.159286	00.502
17.92	17.92	0.159303	00.603
17.92	17.92	0.159320	00.703
17.92	17.92	0.159336	00.803
17.94	17.92	0.159353	00.903
17.94	17.92	0.159370	01.003
17.94	17.91	0.159386	01.103
17.94	17.91	0.159403	01.202
17.94	17.91	0.159420	01.303
17.94	17.91	0.159436	01.402
17.94	17.91	0.159453	01.532
17.94	17.91	0.159470	01.626
17.92	17.91	0.159486	01.726
17.92	17.91	0.159503	01.830
17.92	17.91	0.159520	01.925
17.92	17.91	0.159536	02.024
17.92	17.90	0.159553	02.129
17.92	17.90	0.159569	02.223
17.92	17.90	0.159586	02.323
17.92	17.90	0.159603	02.427
17.92	17.90	0.159619	02.522
17.92	17.90	0.159636	02.622
17.92	17.90	0.159653	02.726
17.92	17.89	0.159669	02.821
17.89	17.89	0.159686	02.920
17.89	17.89	0.159703	03.025
17.89	17.89	0.159719	03.119
17.89	17.89	0.159736	03.219
17.89	17.89	0.159753	03.324
17.89	17.88	0.159769	03.418
17.89	17.88	0.159786	03.518
17.89	17.88	0.159803	03.622
17.89	17.88	0.159819	03.717
17.89	17.88	0.159836	03.817
17.89	17.88	0.159853	03.921
17.86	17.87	0.159869	04.015
17.86	17.87	0.159886	04.117
17.86	17.87	0.159903	04.219
17.86	17.87	0.159919	04.314
17.86	17.87	0.159936	04.417
17.86	17.87	0.159953	04.518
17.86	17.86	0.159969	04.613
17.86	17.86	0.159986	04.717
17.86	17.86	0.160003	04.817
17.86	17.86	0.160019	04.911
17.86	17.86	0.160036	05.016
17.86	17.86	0.160053	05.116
17.86	17.85	0.160069	05.210
17.86	17.85	0.160086	05.315
17.86	17.85	0.160103	05.414
17.86	17.85	0.160119	05.509
17.86	17.85	0.160136	05.613
17.86	17.85	0.160153	05.708
17.86	17.84	0.160169	05.807
17.86	17.84	0.160186	05.912
17.86	17.84	0.160203	06.006
17.86	17.84	0.160219	06.106
17.86	17.84	0.160236	06.210
17.84	17.84	0.160253	06.305
17.84	17.84	0.160269	06.404
17.84	17.83	0.160286	06.509
17.84	17.83	0.160303	06.603
17.84	17.83	0.160319	06.704
17.84	17.83	0.160336	06.808
17.84	17.83	0.160353	06.904
17.84	17.83	0.160369	07.004
17.84	17.83	0.160386	07.106
17.84	17.83	0.160402	07.204
17.81	17.82	0.160419	07.303
17.81	17.82	0.160436	07.405
17.81	17.82	0.160452	07.504
17.81	17.82	0.160469	07.604
17.81	17.82	0.160486	07.704
17.81	17.82	0.160502	07.804
17.81	17.82	0.160519	07.904
17.81	17.82	0.160536	08.003
17.81	17.82	0.160552	08.104
17.81	17.82	0.160569	08.203
17.81	17.82	0.160586	08.304
17.81	17.82	0.160602	08.404
17.81	17.82	0.160619	08.504
17.81	17.82	0.160636	08.604
17.81	17.82	0.160652	08.703
17.81	17.82	0.160669	08.804
17.81	17.82	0.160686	08.903
17.81	17.82	0.160702	09.004
17.81	17.82	0.160719	09.103
17.81	17.82	0.160736	09.204
17.81	17.82	0.160752	09.304
17.81	17.82	0.160769	09.404
17.81	17.82	0.160786	09.504
17.81	17.82	0.160802	09.603
17.81	17.82	0.160819	09.704
17.81	17.82	0.160836	09.803
17.81	17.82	0.160852	09.904
17.81	17.82	0.160869	10.005
17.81	17.82	0.160886	10.105
17.81	17.82	0.160902	10.206
17.81	17.82	0.160919	10.307
17.81	17.82	0.160936	10.406
17.81	17.82	0.160952	10.507
17.81	17.82	0.160969	10.606
17.81	17.82	0.160986	10.707
17.81	17.82	0.161002	10.807
17.81	17.83	0.161019	10.907
17.81	17.83	0.161036	11.007
17.81	17.83	0.161052	11.107
17.81	17.83	0.161069	11.207
17.81	17.83	0.161086	11.306
17.84	17.83	0.161102	11.407
17.84	17.83	0.161119	11.506
17.84	17.84	0.161136	11.607
17.84	17.84	0.161152	11.707
17.84	17.84	0.161169	11.836
17.84	17.84	0.161186	11.931
17.84	17.84	0.161202	12.035
17.84	17.85	0.161219	12.130
17.84	17.85	0.161235	12.229
17.84	17.85	0.161252	12.334
17.84	17.85	0.161269	12.428
17.84	17.85	0.161285	12.528
17.84	17.86	0.161302	12.632
17.84	17.86	0.161319	12.727
17.84	17.86	0.161335	12.827
17.84	17.86	0.161352	12.931
17.84	17.87	0.161369	13.026
17.84	17.87	0.161385	13.125
17.84	17.87	0.161402	13.230
17.86	17.87	0.161419	13.324
17.86	17.88	0.161435	13.424
17.86	17.88	0.161452	13.529
17.86	17.88	0.161469	13.623
17.86	17.89	0.161485	13.723
17.86	17.89	0.161502	13.827
17.86	17.89	0.161519	13.922
17.89	17.89	0.161535	14.021
17.89	17.90	0.161552	14.126
17.89	17.90	0.161569	14.221
17.89	17.90	0.161585	14.322
17.89	17.91	0.161602	14.425
17.89	17.91	0.161619	14.519
17.92	17.91	0.161635	14.622
17.92	17.92	0.161652	14.723
17.92	17.92	0.161669	14.818
17.92	17.92	0.161685	14.921
17.92	17.93	0.161702	15.022
17.92	17.93	0.161719	15.117
17.92	17.93	0.161735	15.221
17.92	17.94	0.161752	15.321
17.94	17.94	0.161769	15.415
17.94	17.94	0.161785	15.520
17.94	17.95	0.161802	15.619
17.94	17.95	0.161819	15.714
17.94	17.95	0.161835	15.818
17.94	17.96	0.161852	15.913
17.94	17.96	0.161869	16.013
17.94	17.96	0.161885	16.116
17.97	17.97	0.161902	16.212
17.97	17.97	0.161919	16.311
17.97	17.97	0.161935	16.416
17.97	17.98	0.161952	16.510
17.97	17.98	0.161969	16.609
17.97	17.98	0.161985	16.715
17.97	17.99	0.162002	16.808
17.99	17.99	0.162019	16.909
17.99	18.00	0.162035	17.013
17.99	18.00	0.162052	17.107
17.99	18.00	0.162068	17.206
17.99	18.01	0.162085	17.311
17.99	18.01	0.162102	17.407
17.99	18.01	0.162118	17.507
18.02	18.02	0.162135	17.611
18.02	18.02	0.162152	17.707
18.02	18.02	0.162168	17.807
18.02	18.03	0.162185	17.908
18.02	18.03	0.162202	18.007
18.02	18.03	0.162218	18.106
18.02	18.04	0.162235	18.207
18.04	18.04	0.162252	18.307
18.04	18.04	0.162268	18.407
18.04	18.05	0.162285	18.507
18.04	18.05	0.162302	18.606
18.04	18.05	0.162318	18.707
18.04	18.05	0.162335	18.806
18.07	18.06	0.162352	18.907
18.07	18.06	0.162368	19.007
18.07	18.06	0.162385	19.107
18.07	18.07	0.162402	19.207
18.07	18.07	0.162418	19.307
18.07	18.07	0.162435	19.406
18.07	18.07	0.162452	19.507
18.07	18.08	0.162468	19.606
18.09	18.08	0.162485	19.707
18.09	18.08	0.162502	19.806
18.09	18.08	0.162518	19.907
18.09	18.09	0.162535	20.007
18.09	18.09	0.162552	20.108
18.09	18.09	0.162568	20.209
18.09	18.09	0.162585	20.308
18.09	18.10	0.162602	20.409
18.09	18.10	0.162618	20.508
18.09	18.10	0.162635	20.609
18.09	18.10	0.162652	20.709
18.09	18.10	0.162668	20.809
18.12	18.11	0.162685	20.909
18.12	18.11	0.162702	21.010
18.12	18.11	0.162718	21.110
18.12	18.11	0.162735	21.209
18.12	18.11	0.162752	21.310
18.12	18.12	0.162768	21.409
18.12	18.12	0.162785	21.510
18.12	18.12	0.162802	21.610
18.12	18.12	0.162818	21.710
18.12	18.12	0.162835	21.810
18.12	18.12	0.162852	21.909
18.12	18.12	0.162868	22.010
18.15	18.12	0.162885	22.110
18.15	18.13	0.162901	22.209
18.15	18.13	0.162918	22.310
18.15	18.13	0.162935	22.410
18.15	18.13	0.162951	22.539
18.15	18.13	0.162968	22.634
18.15	18.13	0.162985	22.733
18.15	18.13	0.163001	22.838
18.15	18.13	0.163018	22.932
18.15	18.13	0.163035	23.032
18.15	18.13	0.163051	23.136
18.15	18.13	0.163068	23.231
18.15	18.13	0.163085	23.331
18.15	18.13	0.163101	23.435
18.12	18.13	0.163118	23.530
18.12	18.13	0.163135	23.628
18.12	18.13	0.163151	23.734
18.12	18.13	0.163168	23.827
18.12	18.13	0.163185	23.927
18.12	18.13	0.163201	24.031
18.12	18.13	0.163218	24.126
18.12	18.13	0.163235	24.226
18.12	18.13	0.163251	24.330
18.12	18.13	0.163268	24.425
18.12	18.13	0.163285	24.526
18.12	18.13	0.163301	24.629
18.12	18.13	0.163318	24.723
18.15	18.13	0.163335	24.826
18.15	18.13	0.163351	24.928
18.15	18.13	0.163368	25.023
18.15	18.13	0.163385	25.127
18.15	18.13	0.163401	25.227
18.15	18.13	0.163418	25.321
18.15	18.12	0.163435	25.426
18.15	18.12	0.163451	25.526
18.15	18.12	0.163468	25.619
18.15	18.12	0.163485	25.725
18.15	18.12	0.163501	25.825
18.12	18.12	0.163518	25.918
18.12	18.12	0.163535	26.024
18.12	18.12	0.163551	26.122
18.12	18.12	0.163568	26.217
18.12	18.11	0.163585	26.321
18.12	18.11	0.163601	26.416
18.12	18.11	0.163618	26.516
18.12	18.11	0.163635	26.620
18.12	18.11	0.163651	26.715
18.12	18.11	0.163668	26.814
18.12	18.11	0.163685	26.919
18.12	18.10	0.163701	27.013
18.09	18.10	0.163718	27.114
18.09	18.10	0.163734	27.217
18.09	18.10	0.163751	27.314
18.09	18.10	0.163768	27.414
18.09	18.10	0.163784	27.516
18.09	18.09	0.163801	27.614
18.09	18.09	0.163818	27.713
18.09	18.09	0.163834	27.815
18.09	18.09	0.163851	27.913
18.09	18.09	0.163868	28.014
18.09	18.09	0.163884	28.113
18.09	18.08	0.163901	28.214
18.09	18.08	0.163918	28.314
18.09	18.08	0.163934	28.414
18.09	18.08	0.163951	28.514
18.09	18.08	0.163968	28.613
18.09	18.08	0.163984	28.714
18.09	18.07	0.164001	28.813
18.09	18.07	0.164018	28.914
18.09	18.07	0.164034	29.015
18.09	18.07	0.164051	29.115
18.09	18.07	0.164068	29.215
18.09	18.07	0.164084	29.315
18.09	18.06	0.164101	29.415
18.09	18.06	0.164118	29.514
18.09	18.06	0.164134	29.615
18.09	18.06	0.164151	29.714
18.07	18.06	0.164168	29.815
18.07	18.06	0.164184	29.915
18.07	18.05	0.164201	30.016
18.07	18.05	0.164218	30.116
18.07	18.05	0.164234	30.216
18.07	18.05	0.164251	30.316
18.07	18.05	0.164268	30.415
18.04	18.05	0.164284	30.516
18.04	18.05	0.164301	30.615
18.04	18.04	0.164318	30.716
18.04	18.04	0.164334	30.816
18.04	18.04	0.164351	30.916
18.04	18.04	0.164368	31.016
18.04	18.04	0.164384	31.115
18.02	18.04	0.164401	31.216
18.02	18.04	0.164418	31.315
18.02	18.04	0.164434	31.416
18.02	18.04	0.164451	31.516
18.02	18.04	0.164468	31.616
18.02	18.03	0.164484	31.716
18.02	18.03	0.164501	31.816
18.02	18.03	0.164518	31.916
18.02	18.03	0.164534	32.015
18.02	18.03	0.164551	32.116
18.02	18.03	0.164567	32.215
18.02	18.03	0.164584	32.316
18.02	18.03	0.164601	32.416
18.02	18.03	0.164617	32.539
18.02	18.03	0.164634	32.639
18.02	18.03	0.164651	32.743
18.02	18.03	0.164667	32.838
18.02	18.03	0.164684	32.937
18.02	18.03	0.164701	33.042
18.02	18.03	0.164717	33.136
18.02	18.03	0.164734	33.236
18.02	18.03	0.164751	33.340
18.02	18.03	0.164767	33.435
18.02	18.03	0.164784	33.535
18.02	18.03	0.164801	33.639
18.02	18.03	0.164817	33.734
18.02	18.03	0.164834	33.833
18.02	18.03	0.164851	33.938
18.04	18.03	0.164867	34.032
18.04	18.03	0.164884	34.132
18.04	18.03	0.164901	34.238
18.04	18.03	0.164917	34.331
18.04	18.03	0.164934	34.432
18.04	18.04	0.164951	34.535
18.04	18.04	0.164967	34.630
18.04	18.04	0.164984	34.731
18.04	18.04	0.165001	34.834
18.04	18.04	0.165017	34.929
18.04	18.04	0.165034	35.031
18.04	18.04	0.165051	35.133
18.04	18.04	0.165067	35.228
18.04	18.04	0.165084	35.331
18.04	18.05	0.165101	35.432
18.04	18.05	0.165117	35.526
18.04	18.05	0.165134	35.631
18.04	18.05	0.165151	35.731
18.04	18.05	0.165167	35.825
18.04	18.06	0.165184	35.930
18.04	18.06	0.165201	36.029
18.04	18.06	0.165217	36.124
18.04	18.06	0.165234	36.228
18.04	18.06	0.165251	36.328
18.04	18.07	0.165267	36.422
18.04	18.07	0.165284	36.527
18.04	18.07	0.165301	36.622
18.04	18.07	0.165317	36.721
18.04	18.07	0.165334	36.826
18.04	18.08	0.165351	36.920
18.04	18.08	0.165367	37.020
18.04	18.08	0.165384	37.124
18.07	18.08	0.165400	37.219
18.07	18.09	0.165417	37.319
18.07	18.09	0.165434	37.423
18.07	18.09	0.165450	37.518
18.07	18.10	0.165467	37.617
18.07	18.10	0.165484	37.722
18.09	18.10	0.165500	37.816
18.09	18.10	0.165517	37.917
18.09	18.11	0.165534	38.020
18.09	18.11	0.165550	38.117
18.09	18.11	0.165567	38.217
18.12	18.12	0.165584	38.319
18.12	18.12	0.165600	38.417
18.12	18.12	0.165617	38.516
18.12	18.13	0.165634	38.618
18.12	18.13	0.165650	38.716
18.15	18.13	0.165667	38.817
18.15	18.14	0.165684	38.917
18.15	18.14	0.165700	39.017
18.15	18.14	0.165717	39.116
18.15	18.15	0.165734	39.217
18.15	18.15	0.165750	39.317
18.15	18.15	0.165767	39.416
18.15	18.16	0.165784	39.517
18.15	18.16	0.165800	39.616
18.15	18.16	0.165817	39.717
18.17	18.17	0.165834	39.817
18.17	18.17	0.165850	39.917
18.17	18.17	0.165867	40.017
18.17	18.18	0.165884	40.116
18.17	18.18	0.165900	40.217
18.17	18.18	0.165917	40.316
18.17	18.19	0.165934	40.417
18.17	18.19	0.165950	40.517
18.17	18.19	0.165967	40.617
18.17	18.20	0.165984	40.717
18.20	18.20	0.166000	40.817
18.20	18.21	0.166017	40.917
18.20	18.21	0.166034	41.017
18.20	18.21	0.166050	41.117
18.20	18.22	0.166067	41.217
18.20	18.22	0.166084	41.317
18.22	18.22	0.166100	41.417
18.22	18.23	0.166117	41.517
18.22	18.23	0.166134	41.616
18.22	18.23	0.166150	41.717
18.22	18.24	0.166167	41.816
18.22	18.24	0.166184	41.917
18.22	18.24	0.166200	42.017
18.25	18.25	0.166217	42.154
18.25	18.25	0.166233	42.246
18.25	18.25	0.166250	42.351
18.25	18.26	0.166267	42.450
18.25	18.26	0.166283	42.545
18.25	18.26	0.166300	42.649
18.27	18.26	0.166317	42.744
18.27	18.27	0.166333	42.844
18.27	18.27	0.166350	42.948
18.27	18.27	0.166367	43.044
18.27	18.28	0.166383	43.142
18.27	18.28	0.166400	43.247
18.27	18.28	0.166417	43.341
18.30	18.28	0.166433	43.442
18.30	18.29	0.166450	43.546
18.30	18.29	0.166467	43.641
18.30	18.29	0.166483	43.740
18.30	18.30	0.166500	43.844
18.30	18.30	0.166517	43.939
18.30	18.30	0.166533	44.038
18.30	18.30	0.166550	44.143
18.30	18.31	0.166567	44.237
18.33	18.31	0.166583	44.337
18.33	18.31	0.166600	44.441
18.33	18.31	0.166617	44.536
18.33	18.31	0.166633	44.636
18.33	18.32	0.166650	44.740
18.33	18.32	0.166667	44.835
18.33	18.32	0.166683	44.935
18.33	18.32	0.166700	45.040
18.33	18.32	0.166717	45.133
18.33	18.33	0.166733	45.236
18.33	18.33	0.166750	45.337
18.33	18.33	0.166767	45.434
18.33	18.33	0.166783	45.536
18.33	18.33	0.166800	45.636
18.33	18.33	0.166817	45.734
18.33	18.33	0.166833	45.835
18.33	18.34	0.166850	45.935
18.33	18.34	0.166867	46.033
18.33	18.34	0.166883	46.134
18.33	18.34	0.166900	46.233
18.33	18.34	0.166917	46.334
18.33	18.34	0.166933	46.434
18.35	18.34	0.166950	46.534
18.35	18.34	0.166967	46.634
18.35	18.34	0.166983	46.733
18.35	18.34	0.167000	46.834
18.35	18.34	0.167017	46.933
18.35	18.34	0.167033	47.034
18.35	18.35	0.167050	47.134
18.35	18.35	0.167066	47.234
18.35	18.35	0.167083	47.334
18.35	18.35	0.167100	47.434
18.35	18.35	0.167116	47.534
18.35	18.35	0.167133	47.633
18.35	18.35	0.167150	47.734
18.35	18.35	0.167166	47.833
18.35	18.35	0.167183	47.934
18.35	18.35	0.167200	48.034
18.35	18.35	0.167216	48.134
18.35	18.35	0.167233	48.234
18.35	18.35	0.167250	48.333
18.35	18.35	0.167266	48.434
18.35	18.34	0.167283	48.533
18.35	18.34	0.167300	48.634
18.38	18.34	0.167316	48.733
18.38	18.34	0.167333	48.834
18.38	18.34	0.167350	48.934
18.38	18.34	0.167366	49.034
18.38	18.34	0.167383	49.134
18.38	18.34	0.167400	49.233
18.38	18.34	0.167416	49.334
18.35	18.34	0.167433	49.433
18.35	18.34	0.167450	49.534
18.35	18.34	0.167466	49.635
18.35	18.34	0.167483	49.735
18.35	18.33	0.167500	49.835
18.35	18.33	0.167516	49.935
18.35	18.33	0.167533	50.035
18.35	18.33	0.167550	50.134
18.35	18.33	0.167566	50.235
18.33	18.33	0.167583	50.334
18.33	18.33	0.167600	50.435
18.33	18.33	0.167616	50.535
18.33	18.32	0.167633	50.635
18.33	18.32	0.167650	50.735
18.33	18.32	0.167666	50.834
18.33	18.32	0.167683	50.959
18.33	18.32	0.167700	51.033
18.33	18.32	0.167716	51.163
18.33	18.31	0.167733	51.257
18.30	18.31	0.167750	51.358
18.30	18.31	0.167766	51.462
18.30	18.31	0.167783	51.555
18.30	18.31	0.167800	51.659
18.30	18.31	0.167816	51.759
18.30	18.30	0.167833	51.854
18.30	18.30	0.167850	51.958
18.30	18.30	0.167866	52.059
18.30	18.30	0.167883	52.152
18.30	18.30	0.167899	52.257
18.30	18.30	0.167916	52.357
18.30	18.29	0.167933	52.451
18.30	18.29	0.167949	52.556
18.30	18.29	0.167966	52.656
18.30	18.29	0.167983	52.750
18.30	18.29	0.167999	52.855
18.30	18.29	0.168016	52.949
18.30	18.28	0.168033	53.050
18.30	18.28	0.168049	53.154
18.30	18.28	0.168066	53.248
18.30	18.28	0.168083	53.348
18.30	18.28	0.168099	53.453
18.27	18.28	0.168116	53.546
18.27	18.27	0.168133	53.646
18.27	18.27	0.168149	53.750
18.27	18.27	0.168166	53.845
18.27	18.27	0.168183	53.945
18.27	18.27	0.168199	54.049
18.27	18.27	0.168216	54.144
18.27	18.26	0.168233	54.243
18.27	18.26	0.168249	54.348
18.27	18.26	0.168266	54.442
18.27	18.26	0.168283	54.542
18.27	18.26	0.168299	54.647
18.27	18.26	0.168316	54.741
18.25	18.26	0.168333	54.841
18.25	18.26	0.168349	54.945
18.25	18.25	0.168366	55.040
18.25	18.25	0.168383	55.140
18.25	18.25	0.168399	55.244
18.25	18.25	0.168416	55.339
18.25	18.25	0.168433	55.440
18.25	18.25	0.168449	55.543
18.25	18.25	0.168466	55.637
18.25	18.25	0.168483	55.740
18.25	18.25	0.168499	55.841
18.25	18.25	0.168516	55.936
18.25	18.25	0.168533	56.040
18.25	18.24	0.168549	56.140
18.25	18.24	0.168566	56.237
18.25	18.24	0.168583	56.339
18.25	18.24	0.168599	56.439
18.25	18.24	0.168616	56.536
18.22	18.24	0.168633	56.638
18.22	18.24	0.168649	56.737
18.22	18.24	0.168666	56.837
18.22	18.24	0.168683	56.937
18.22	18.24	0.168699	57.037
18.22	18.24	0.168716	57.137
18.22	18.24	0.168732	57.237
18.22	18.24	0.168749	57.337
18.22	18.24	0.168766	57.436
18.22	18.24	0.168782	57.537
18.22	18.24	0.168799	57.636
18.22	18.24	0.168816	57.737
18.22	18.24	0.168832	57.837
18.22	18.24	0.168849	57.937
18.22	18.24	0.168866	58.038
18.22	18.25	0.168882	58.137
18.25	18.25	0.168899	58.238
18.25	18.25	0.168916	58.337
18.25	18.25	0.168932	58.438
18.25	18.25	0.168949	58.537
18.25	18.25	0.168966	58.638
18.25	18.25	0.168982	58.738
18.25	18.25	0.168999	58.838
18.25	18.25	0.169016	58.939
18.25	18.25	0.169032	59.039
18.25	18.26	0.169049	59.138
18.25	18.26	0.169066	59.239
18.25	18.26	0.169082	59.338
18.25	18.26	0.169099	59.439
18.25	18.26	0.169116	59.539
18.25	18.26	0.169132	59.639
18.27	18.26	0.169149	59.739
18.27	18.27	0.169166	59.838
18.27	18.27	0.169182	59.939
18.27	18.27	0.169199	00.038
18.27	18.27	0.169216	00.139
18.27	18.27	0.169232	00.239
18.27	18.28	0.169249	00.339
18.27	18.28	0.169266	00.439
18.27	18.28	0.169282	00.538
18.27	18.28	0.169299	00.639
18.27	18.29	0.169316	00.738
18.27	18.29	0.169332	00.839
18.27	18.29	0.169349	00.938
18.27	18.29	0.169366	01.039
18.27	18.30	0.169382	01.139
18.27	18.30	0.169399	01.263
18.27	18.30	0.169416	01.368
18.27	18.30	0.169432	01.462
18.30	18.31	0.169449	01.539
18.30	18.31	0.169466	01.666
18.30	18.31	0.169482	01.761
18.30	18.31	0.169499	01.863
18.30	18.32	0.169516	01.965
18.30	18.32	0.169532	02.060
18.30	18.32	0.169549	02.163
18.30	18.33	0.169565	02.264
18.33	18.33	0.169582	02.358
18.33	18.33	0.169599	02.463
18.33	18.34	0.169615	02.562
18.33	18.34	0.169632	02.657
18.33	18.34	0.169649	02.761
18.33	18.35	0.169665	02.861
18.35	18.35	0.169682	02.955
18.35	18.35	0.169699	03.060
18.35	18.36	0.169715	03.160
18.35	18.36	0.169732	03.254
18.35	18.36	0.169749	03.359
18.35	18.37	0.169765	03.452
18.35	18.37	0.169782	03.553
18.35	18.37	0.169799	03.658
18.38	18.38	0.169815	03.752
18.38	18.38	0.169832	03.852
18.38	18.38	0.169849	03.956
18.38	18.39	0.169865	04.051
18.38	18.39	0.169882	04.149
18.38	18.39	0.169899	04.254
18.40	18.40	0.169915	04.350
18.40	18.40	0.169932	04.449
18.40	18.40	0.169949	04.554
18.40	18.41	0.169965	04.648
18.40	18.41	0.169982	04.747
18.40	18.41	0.169999	04.851
18.40	18.42	0.170015	04.946
18.40	18.42	0.170032	05.046
18.40	18.43	0.170049	05.150
18.43	18.43	0.170065	05.245
18.43	18.43	0.170082	05.345
18.43	18.44	0.170099	05.450
18.43	18.44	0.170115	05.543
18.43	18.44	0.170132	05.645
18.43	18.45	0.170149	05.748
18.43	18.45	0.170165	05.843
18.45	18.45	0.170182	05.945
18.45	18.46	0.170199	06.047
18.45	18.46	0.170215	06.141
18.45	18.46	0.170232	06.245
18.45	18.47	0.170249	06.345
18.45	18.47	0.170265	06.441
18.48	18.47	0.170282	06.544
18.48	18.47	0.170299	06.644
18.48	18.48	0.170315	06.741
18.48	18.48	0.170332	06.843
18.48	18.48	0.170349	06.943
18.48	18.49	0.170365	07.040
18.48	18.49	0.170382	07.142
18.50	18.49	0.170398	07.241
18.50	18.50	0.170415	07.341
18.50	18.50	0.170432	07.442
18.50	18.50	0.170448	07.542
18.50	18.50	0.170465	07.642
18.50	18.51	0.170482	07.742
18.50	18.51	0.170498	07.842
18.50	18.51	0.170515	07.941
18.50	18.51	0.170532	08.042
18.53	18.52	0.170548	08.141
18.53	18.52	0.170565	08.242
18.53	18.52	0.170582	08.342
18.53	18.52	0.170598	08.442
18.53	18.53	0.170615	08.542
18.53	18.53	0.170632	08.642
18.53	18.53	0.170648	08.742
18.53	18.53	0.170665	08.841
18.53	18.53	0.170682	08.941
18.56	18.54	0.170698	09.042
18.56	18.54	0.170715	09.142
18.56	18.54	0.170732	09.242
18.56	18.54	0.170748	09.342
18.56	18.54	0.170765	09.441
18.56	18.54	0.170782	09.542
18.56	18.54	0.170798	09.642
18.56	18.55	0.170815	09.742
18.56	18.55	0.170832	09.841
18.56	18.55	0.170848	09.942
18.56	18.55	0.170865	10.042
18.56	18.55	0.170882	10.142
18.56	18.55	0.170898	10.243
18.56	18.55	0.170915	10.341
18.56	18.55	0.170932	10.442
18.56	18.56	0.170948	10.542
18.56	18.56	0.170965	10.642
18.56	18.56	0.170982	10.742
18.56	18.56	0.170998	10.843
18.56	18.56	0.171015	10.942
18.56	18.56	0.171032	11.042
18.56	18.56	0.171048	11.143
18.56	18.56	0.171065	11.241
18.56	18.56	0.171082	11.342
18.56	18.56	0.171098	11.443
18.56	18.56	0.171115	11.542
18.56	18.56	0.171132	11.642
18.56	18.56	0.171148	11.743
18.56	18.56	0.171165	11.842
18.56	18.56	0.171182	11.941
18.56	18.56	0.171198	12.043
18.56	18.56	0.171215	12.169
18.56	18.56	0.171231	12.264
18.56	18.56	0.171248	12.343
18.56	18.56	0.171265	12.468
18.56	18.56	0.171281	12.563
18.56	18.56	0.171298	12.667
18.56	18.56	0.171315	12.768
18.56	18.56	0.171331	12.861
18.56	18.56	0.171348	12.966
18.56	18.56	0.171365	13.065
18.56	18.55	0.171381	13.161
18.56	18.55	0.171398	13.265
18.56	18.55	0.171415	13.365
18.56	18.55	0.171431	13.460
18.56	18.55	0.171448	13.563
18.56	18.55	0.171465	13.659
18.56	18.55	0.171481	13.758
18.56	18.55	0.171498	13.863
18.56	18.55	0.171515	13.956
18.56	18.55	0.171531	14.056
18.56	18.54	0.171548	14.161
18.56	18.54	0.171565	14.255
18.56	18.54	0.171581	14.356
18.56	18.54	0.171598	14.460
18.56	18.54	0.171615	14.554
18.56	18.54	0.171631	14.653
18.56	18.54	0.171648	14.758
18.56	18.53	0.171665	14.853
18.56	18.53	0.171681	14.952
18.56	18.53	0.171698	15.058
18.56	18.53	0.171715	15.151
18.56	18.53	0.171731	15.251
18.56	18.53	0.171748	15.356
18.56	18.52	0.171765	15.450
18.56	18.52	0.171781	15.550
18.56	18.52	0.171798	15.655
18.53	18.52	0.171815	15.749
18.53	18.52	0.171831	15.850
18.53	18.52	0.171848	15.953
18.53	18.51	0.171865	16.048
18.53	18.51	0.171881	16.149
18.53	18.51	0.171898	16.252
18.50	18.51	0.171915	16.346
18.50	18.51	0.171931	16.450
18.50	18.51	0.171948	16.551
18.50	18.50	0.171965	16.645
18.50	18.50	0.171981	16.750
18.50	18.50	0.171998	16.849
18.50	18.50	0.172015	16.943
18.50	18.50	0.172031	17.048
18.48	18.50	0.172048	17.148
18.48	18.49	0.172064	17.243
18.48	18.49	0.172081	17.347
18.48	18.49	0.172098	17.447
18.48	18.49	0.172114	17.543
18.48	18.49	0.172131	17.646
18.48	18.49	0.172148	17.746
18.48	18.48	0.172164	17.843
18.48	18.48	0.172181	17.944
18.48	18.48	0.172198	18.046
18.48	18.48	0.172214	18.143
18.48	18.48	0.172231	18.243
18.48	18.48	0.172248	18.347
18.48	18.48	0.172264	18.442
18.48	18.47	0.172281	18.543
18.48	18.47	0.172298	18.646
18.48	18.47	0.172314	18.743
18.48	18.47	0.172331	18.843
18.48	18.47	0.172348	18.946
18.48	18.47	0.172364	19.043
18.48	18.47	0.172381	19.143
18.48	18.47	0.172398	19.247
18.48	18.46	0.172414	19.342
18.45	18.46	0.172431	19.443
18.45	18.46	0.172448	19.546
18.45	18.46	0.172464	19.643
18.45	18.46	0.172481	19.743
18.45	18.46	0.172498	19.847
18.45	18.46	0.172514	19.943
18.45	18.46	0.172531	20.043
18.45	18.46	0.172548	20.147
18.45	18.46	0.172564	20.242
18.45	18.46	0.172581	20.343
18.45	18.46	0.172598	20.447
18.45	18.46	0.172614	20.543
18.45	18.46	0.172631	20.643
18.45	18.46	0.172648	20.747
18.45	18.46	0.172664	20.843
18.45	18.46	0.172681	20.942
18.45	18.46	0.172698	21.048
18.45	18.46	0.172714	21.142
18.45	18.46	0.172731	21.243
18.45	18.46	0.172748	21.343
18.45	18.46	0.172764	21.443
18.45	18.46	0.172781	21.543
18.45	18.46	0.172798	21.648
18.45	18.46	0.172814	21.743
18.45	18.46	0.172831	21.842
18.45	18.46	0.172848	21.943
18.45	18.46	0.172864	22.042
18.45	18.46	0.172881	22.142
18.45	18.46	0.172897	22.243
18.45	18.46	0.172914	22.343
18.45	18.46	0.172931	22.443
18.45	18.46	0.172947	22.542
18.45	18.46	0.172964	22.643
18.45	18.46	0.172981	22.742
18.45	18.46	0.172997	22.843
18.45	18.47	0.173014	22.942
18.48	18.47	0.173031	23.067
18.48	18.47	0.173047	23.171
18.48	18.47	0.173064	23.271
18.48	18.47	0.173081	23.366
18.48	18.47	0.173097	23.470
18.48	18.47	0.173114	23.570
18.48	18.48	0.173131	23.664
18.48	18.48	0.173147	23.769
18.48	18.48	0.173164	23.863
18.48	18.48	0.173181	23.963
18.48	18.48	0.173197	24.068
18.48	18.49	0.173214	24.162
18.48	18.49	0.173231	24.262
18.48	18.49	0.173247	24.366
18.48	18.49	0.173264	24.461
18.48	18.49	0.173281	24.560
18.48	18.50	0.173297	24.665
18.48	18.50	0.173314	24.759
18.48	18.50	0.173331	24.859
18.48	18.50	0.173347	24.964
18.48	18.51	0.173364	25.058
18.48	18.51	0.173381	25.158
18.48	18.51	0.173397	25.262
18.48	18.51	0.173414	25.357
18.48	18.52	0.173431	25.456
18.48	18.52	0.173447	25.561
18.50	18.52	0.173464	25.656
18.50	18.53	0.173481	25.755
18.50	18.53	0.173497	25.860
18.50	18.53	0.173514	25.954
18.50	18.53	0.173531	26.054
18.50	18.54	0.173547	26.158
18.53	18.54	0.173564	26.253
18.53	18.54	0.173581	26.354
18.53	18.55	0.173597	26.457
18.53	18.55	0.173614	26.552
18.56	18.55	0.173631	26.654
18.56	18.56	0.173647	26.756
18.56	18.56	0.173664	26.850
18.56	18.56	0.173681	26.955
18.56	18.57	0.173697	27.054
18.56	18.57	0.173714	27.149
18.56	18.57	0.173730	27.253
18.58	18.58	0.173747	27.353
18.58	18.58	0.173764	27.447
18.58	18.58	0.173780	27.552
18.58	18.59	0.173797	27.651
18.58	18.59	0.173814	27.746
18.58	18.59	0.173830	27.850
18.61	18.60	0.173847	27.945
18.61	18.60	0.173864	28.045
18.61	18.60	0.173880	28.149
18.61	18.61	0.173897	28.244
18.61	18.61	0.173914	28.343
18.61	18.61	0.173930	28.448
18.61	18.62	0.173947	28.542
18.61	18.62	0.173964	28.643
18.61	18.62	0.173980	28.746
18.63	18.63	0.173997	28.843
18.63	18.63	0.174014	28.943
18.63	18.64	0.174030	29.046
18.63	18.64	0.174047	29.143
18.63	18.64	0.174064	29.243
18.63	18.65	0.174080	29.343
18.63	18.65	0.174097	29.443
18.63	18.65	0.174114	29.542
18.63	18.66	0.174130	29.643
18.63	18.66	0.174147	29.743
18.66	18.66	0.174164	29.843
18.66	18.67	0.174180	29.943
18.66	18.67	0.174197	30.042
18.66	18.67	0.174214	30.143
18.66	18.68	0.174230	30.242
18.66	18.68	0.174247	30.343
18.69	18.68	0.174264	30.442
18.69	18.69	0.174280	30.543
18.69	18.69	0.174297	30.643
18.69	18.69	0.174314	30.743
18.69	18.69	0.174330	30.843
18.69	18.70	0.174347	30.942
18.71	18.70	0.174364	31.043
18.71	18.70	0.174380	31.142
18.71	18.71	0.174397	31.243
18.71	18.71	0.174414	31.343
18.71	18.71	0.174430	31.443
18.71	18.71	0.174447	31.543
18.71	18.72	0.174464	31.643
18.71	18.72	0.174480	31.743
18.71	18.72	0.174497	31.842
18.71	18.72	0.174514	31.944
18.74	18.73	0.174530	32.043
18.74	18.73	0.174547	32.142
18.74	18.73	0.174563	32.243
18.74	18.73	0.174580	32.343
18.74	18.74	0.174597	32.443
18.74	18.74	0.174613	32.543
18.74	18.74	0.174630	32.643
18.74	18.74	0.174647	32.743
18.74	18.74	0.174663	32.842
18.76	18.75	0.174680	32.943
18.76	18.75	0.174697	33.042
18.76	18.75	0.174713	33.143
18.76	18.75	0.174730	33.243
18.76	18.75	0.174747	33.343
18.76	18.76	0.174763	33.443
18.76	18.76	0.174780	33.542
18.76	18.76	0.174797	33.643
18.76	18.76	0.174813	33.742
18.76	18.76	0.174830	33.843
18.76	18.76	0.174847	33.943
18.76	18.76	0.174863	34.043
18.76	18.76	0.174880	34.143
18.76	18.77	0.174897	34.272
18.76	18.77	0.174913	34.342
18.79	18.77	0.174930	34.467
18.79	18.77	0.174947	34.571
18.79	18.77	0.174963	34.666
18.79	18.77	0.174980	34.765
18.79	18.77	0.174997	34.870
18.79	18.77	0.175013	34.965
18.79	18.77	0.175030	35.064
18.79	18.77	0.175047	35.169
18.79	18.77	0.175063	35.263
18.79	18.77	0.175080	35.363
18.79	18.77	0.175097	35.467
18.79	18.77	0.175113	35.562
18.79	18.77	0.175130	35.661
18.79	18.77	0.175147	35.766
18.79	18.77	0.175163	35.861
18.79	18.77	0.175180	35.960
18.79	18.77	0.175197	36.065
18.79	18.77	0.175213	36.159
18.76	18.77	0.175230	36.259
18.76	18.77	0.175247	36.363
18.76	18.77	0.175263	36.458
18.76	18.77	0.175280	36.559
18.76	18.77	0.175297	36.662
18.76	18.77	0.175313	36.757
18.76	18.77	0.175330	36.859
18.76	18.77	0.175347	36.961
18.76	18.77	0.175363	37.055
18.76	18.77	0.175380	37.159
18.76	18.77	0.175396	37.259
18.76	18.77	0.175413	37.354
18.76	18.76	0.175430	37.459
18.76	18.76	0.175446	37.558
18.76	18.76	0.175463	37.653
18.79	18.76	0.175480	37.757
18.79	18.76	0.175496	37.857
18.79	18.76	0.175513	37.951
18.79	18.76	0.175530	38.056
18.79	18.76	0.175546	38.155
18.79	18.76	0.175563	38.250
18.79	18.75	0.175580	38.355
18.79	18.75	0.175596	38.449
18.76	18.75	0.175613	38.549
18.76	18.75	0.175630	38.653
18.76	18.75	0.175646	38.748
18.76	18.75	0.175663	38.847
18.76	18.75	0.175680	38.952
18.76	18.74	0.175696	39.047
18.76	18.74	0.175713	39.146
18.76	18.74	0.175730	39.251
18.76	18.74	0.175746	39.345
18.74	18.74	0.175763	39.444
18.74	18.74	0.175780	39.549
18.74	18.73	0.175796	39.644
18.74	18.73	0.175813	39.743
18.74	18.73	0.175830	39.847
18.74	18.73	0.175846	39.943
18.74	18.73	0.175863	40.043
18.74	18.73	0.175880	40.146
18.74	18.72	0.175896	40.244
18.74	18.72	0.175913	40.344
18.71	18.72	0.175930	40.445
18.71	18.72	0.175946	40.544
18.71	18.72	0.175963	40.643
18.71	18.72	0.175980	40.744
18.71	18.71	0.175996	40.843
18.71	18.71	0.176013	40.944
18.71	18.71	0.176030	41.043
18.71	18.71	0.176046	41.144
18.71	18.71	0.176063	41.244
18.71	18.71	0.176080	41.344
18.71	18.70	0.176096	41.444
18.71	18.70	0.176113	41.543
18.71	18.70	0.176130	41.644
18.69	18.70	0.176146	41.743
18.69	18.70	0.176163	41.844
18.69	18.70	0.176180	41.944
18.69	18.69	0.176196	42.044
18.69	18.69	0.176213	42.144
18.69	18.69	0.176229	42.244
18.69	18.69	0.176246	42.344
18.69	18.69	0.176263	42.443
18.69	18.69	0.176279	42.544
18.69	18.69	0.176296	42.643
18.69	18.68	0.176313	42.744
18.69	18.68	0.176329	42.844
18.69	18.68	0.176346	42.944
18.69	18.68	0.176363	43.044
18.69	18.68	0.176379	43.143
18.69	18.68	0.176396	43.244
18.69	18.68	0.176413	43.343
18.69	18.68	0.176429	43.444
18.69	18.68	0.176446	43.544
18.69	18.68	0.176463	43.644
18.66	18.67	0.176479	43.744
18.66	18.67	0.176496	43.844
18.66	18.67	0.176513	43.944
18.66	18.67	0.176529	44.043
18.66	18.67	0.176546	44.144
18.66	18.67	0.176563	44.243
18.66	18.67	0.176579	44.344
18.66	18.67	0.176596	44.444
18.66	18.67	0.176613	44.544
18.66	18.67	0.176629	44.644
18.66	18.67	0.176646	44.744
18.66	18.67	0.176663	44.844
18.66	18.67	0.176679	44.943
18.66	18.67	0.176696	45.044
18.66	18.67	0.176713	45.143
18.66	18.67	0.176729	45.244
18.66	18.67	0.176746	45.344
18.66	18.67	0.176763	45.468
18.66	18.67	0.176779	45.568
18.66	18.67	0.176796	45.672
18.66	18.67	0.176813	45.767
18.66	18.67	0.176829	45.866
18.66	18.67	0.176846	45.971
18.66	18.67	0.176863	46.065
18.66	18.67	0.176879	46.165
18.66	18.67	0.176896	46.270
18.66	18.67	0.176913	46.364
18.66	18.67	0.176929	46.464
18.66	18.68	0.176946	46.568
18.66	18.68	0.176963	46.663
18.69	18.68	0.176979	46.763
18.69	18.68	0.176996	46.867
18.69	18.68	0.177013	46.961
18.69	18.68	0.177029	47.064
18.69	18.68	0.177046	47.166
18.69	18.68	0.177062	47.260
18.69	18.68	0.177079	47.364
18.69	18.69	0.177096	47.464
18.69	18.69	0.177112	47.559
18.69	18.69	0.177129	47.663
18.69	18.69	0.177146	47.763
18.69	18.69	0.177162	47.858
18.69	18.70	0.177179	47.962
18.69	18.70	0.177196	48.062
18.69	18.70	0.177212	48.156
18.69	18.70	0.177229	48.261
18.69	18.70	0.177246	48.360
18.69	18.71	0.177262	48.455
18.69	18.71	0.177279	48.559
18.69	18.71	0.177296	48.654
18.69	18.71	0.177312	48.754
18.69	18.71	0.177329	48.858
18.69	18.72	0.177346	48.953
18.69	18.72	0.177362	49.052
18.69	18.72	0.177379	49.157
18.69	18.72	0.177396	49.251
18.69	18.73	0.177412	49.351
18.69	18.73	0.177429	49.456
18.69	18.73	0.177446	49.550
18.71	18.74	0.177462	49.650
18.71	18.74	0.177479	49.754
18.71	18.74	0.177496	49.849
18.71	18.74	0.177512	49.948
18.71	18.75	0.177529	50.053
18.74	18.75	0.177546	50.147
18.74	18.75	0.177562	50.247
18.74	18.76	0.177579	50.352
18.74	18.76	0.177596	50.446
18.76	18.76	0.177612	50.546
18.76	18.77	0.177629	50.650
18.76	18.77	0.177646	50.745
18.76	18.77	0.177662	50.845
18.76	18.78	0.177679	50.949
18.76	18.78	0.177696	51.044
18.79	18.78	0.177712	51.145
18.79	18.79	0.177729	51.248
18.79	18.79	0.177746	51.344
18.79	18.79	0.177762	51.446
18.79	18.80	0.177779	51.546
18.79	18.80	0.177796	51.644
18.79	18.80	0.177812	51.745
18.82	18.81	0.177829	51.845
18.82	18.81	0.177846	51.944
18.82	18.81	0.177862	52.044
18.82	18.82	0.177879	52.144
18.82	18.82	0.177895	52.243
18.82	18.82	0.177912	52.344
18.82	18.83	0.177929	52.443
18.82	18.83	0.177945	52.544
18.82	18.83	0.177962	52.643
18.82	18.84	0.177979	52.744
18.84	18.84	0.177995	52.844
18.84	18.85	0.178012	52.944
18.84	18.85	0.178029	53.045
18.84	18.85	0.178045	53.144
18.84	18.86	0.178062	53.245
18.84	18.86	0.178079	53.344
18.84	18.86	0.178095	53.445
18.84	18.87	0.178112	53.545
18.87	18.87	0.178129	53.645
18.87	18.87	0.178145	53.745
18.87	18.88	0.178162	53.845
18.87	18.88	0.178179	53.945
18.87	18.88	0.178195	54.044
18.87	18.89	0.178212	54.145
18.89	18.89	0.178229	54.244
18.89	18.89	0.178245	54.345
18.89	18.90	0.178262	54.445
18.89	18.90	0.178279	54.545
18.89	18.90	0.178295	54.645
18.89	18.90	0.178312	54.744
18.92	18.91	0.178329	54.845
18.92	18.91	0.178345	54.944
18.92	18.91	0.178362	55.045
18.92	18.92	0.178379	55.145
18.92	18.92	0.178395	55.245
18.92	18.92	0.178412	55.345
18.92	18.92	0.178429	55.445
18.95	18.93	0.178445	55.545
18.95	18.93	0.178462	55.644
18.95	18.93	0.178479	55.745
18.95	18.94	0.178495	55.844
18.95	18.94	0.178512	55.945
18.95	18.94	0.178529	56.045
18.95	18.94	0.178545	56.144
18.95	18.95	0.178562	56.245
18.95	18.95	0.178579	56.344
18.95	18.95	0.178595	56.445
18.95	18.95	0.178612	56.544
18.95	18.95	0.178629	56.669
18.95	18.96	0.178645	56.773
18.95	18.96	0.178662	56.868
18.95	18.96	0.178679	56.944
18.95	18.96	0.178695	57.072
18.97	18.96	0.178712	57.167
18.97	18.97	0.178728	57.244
18.97	18.97	0.178745	57.371
18.97	18.97	0.178762	57.465
18.97	18.97	0.178778	57.569
18.97	18.97	0.178795	57.669
18.97	18.97	0.178812	57.764
18.97	18.97	0.178828	57.869
18.97	18.98	0.178845	57.968
18.97	18.98	0.178862	58.063
18.97	18.98	0.178878	58.167
18.97	18.98	0.178895	58.267
19.00	18.98	0.178912	58.361
19.00	18.98	0.178928	58.466
19.00	18.98	0.178945	58.565
19.00	18.98	0.178962	58.660
19.00	18.98	0.178978	58.765
19.00	18.98	0.178995	58.859
19.00	18.98	0.179012	58.959
19.00	18.98	0.179028	59.063
19.00	18.99	0.179045	59.158
19.00	18.99	0.179062	59.257
19.00	18.99	0.179078	59.362
19.00	18.99	0.179095	59.457
19.00	18.99	0.179112	59.556
19.00	18.99	0.179128	59.661
19.00	18.99	0.179145	59.755
19.00	18.99	0.179162	59.855
19.00	18.99	0.179178	59.959
19.00	18.99	0.179195	00.054
19.00	18.99	0.179212	00.154
19.00	18.99	0.179228	00.258
19.00	18.99	0.179245	00.353
19.00	18.99	0.179262	00.452
19.00	18.98	0.179278	00.557
19.00	18.98	0.179295	00.651
19.00	18.98	0.179312	00.751
19.00	18.98	0.179328	00.855
19.00	18.98	0.179345	00.950
19.00	18.98	0.179362	01.051
19.00	18.98	0.179378	01.154
18.97	18.98	0.179395	01.248
18.97	18.98	0.179412	01.350
18.97	18.98	0.179428	01.452
18.97	18.98	0.179445	01.546
18.97	18.98	0.179462	01.651
18.97	18.98	0.179478	01.751
18.97	18.97	0.179495	01.846
18.97	18.97	0.179512	01.950
18.97	18.97	0.179528	02.050
18.97	18.97	0.179545	02.145
18.97	18.97	0.179561	02.249
18.97	18.97	0.179578	02.348
18.97	18.97	0.179595	02.446
18.97	18.97	0.179611	02.548
18.97	18.96	0.179628	02.647
18.97	18.96	0.179645	02.746
18.97	18.96	0.179661	02.846
18.97	18.96	0.179678	02.947
18.97	18.96	0.179695	03.045
18.97	18.96	0.179711	03.146
18.97	18.95	0.179728	03.246
18.97	18.95	0.179745	03.346
18.97	18.95	0.179761	03.446
18.97	18.95	0.179778	03.547
18.97	18.95	0.179795	03.646
18.97	18.95	0.179811	03.745
18.97	18.94	0.179828	03.847
18.97	18.94	0.179845	03.945
18.97	18.94	0.179861	04.046
18.97	18.94	0.179878	04.148
18.97	18.94	0.179895	04.246
18.97	18.94	0.179911	04.346
18.97	18.93	0.179928	04.447
18.95	18.93	0.179945	04.546
18.95	18.93	0.179961	04.645
18.95	18.93	0.179978	04.748
18.95	18.93	0.179995	04.845
18.95	18.93	0.180011	04.946
18.95	18.92	0.180028	05.048
18.95	18.92	0.180045	05.145
18.92	18.92	0.180061	05.246
18.92	18.92	0.180078	05.348
18.92	18.92	0.180095	05.446
18.92	18.92	0.180111	05.545
18.92	18.91	0.180128	05.648
18.92	18.91	0.180145	05.746
18.89	18.91	0.180161	05.846
18.89	18.91	0.180178	05.948
18.89	18.91	0.180195	06.046
18.89	18.91	0.180211	06.145
18.89	18.90	0.180228	06.249
18.89	18.90	0.180245	06.345
18.89	18.90	0.180261	06.446
18.89	18.90	0.180278	06.549
18.89	18.90	0.180295	06.646
18.89	18.90	0.180311	06.746
18.89	18.90	0.180328	06.848
18.89	18.90	0.180345	06.946
18.89	18.89	0.180361	07.045
18.89	18.89	0.180378	07.149
18.89	18.89	0.180394	07.245
18.89	18.89	0.180411	07.346
18.87	18.89	0.180428	07.449
18.87	18.89	0.180444	07.546
18.87	18.89	0.180461	07.646
18.87	18.89	0.180478	07.749
18.87	18.89	0.180494	07.874
18.87	18.89	0.180511	07.968
18.87	18.89	0.180528	08.073
18.87	18.88	0.180544	08.173
18.87	18.88	0.180561	08.268
18.87	18.88	0.180578	08.372
18.87	18.88	0.180594	08.472
18.87	18.88	0.180611	08.566
18.87	18.88	0.180628	08.670
18.89	18.88	0.180644	08.770
18.89	18.88	0.180661	08.865
18.89	18.88	0.180678	08.969
18.89	18.88	0.180694	09.064
18.89	18.88	0.180711	09.164
18.89	18.88	0.180728	09.268
18.89	18.88	0.180744	09.363
18.89	18.88	0.180761	09.462
18.89	18.88	0.180778	09.567
18.89	18.88	0.180794	09.661
18.89	18.88	0.180811	09.761
18.89	18.88	0.180828	09.866
18.87	18.88	0.180844	09.960
18.87	18.88	0.180861	10.060
18.87	18.89	0.180878	10.164
18.87	18.89	0.180894	10.259
18.87	18.89	0.180911	10.358
18.87	18.89	0.180928	10.463
18.87	18.89	0.180944	10.558
18.87	18.89	0.180961	10.657
18.87	18.89	0.180978	10.762
18.87	18.89	0.180994	10.856
18.87	18.89	0.181011	10.956
18.87	18.89	0.181028	11.060
18.89	18.90	0.181044	11.155
18.89	18.90	0.181061	11.255
18.89	18.90	0.181078	11.359
18.89	18.90	0.181094	11.454
18.89	18.90	0.181111	11.555
18.89	18.90	0.181128	11.658
18.89	18.90	0.181144	11.752
18.89	18.91	0.181161	11.856
18.89	18.91	0.181178	11.956
18.89	18.91	0.181194	12.051
18.92	18.91	0.181211	12.156
18.92	18.91	0.181227	12.255
18.92	18.92	0.181244	12.350
18.92	18.92	0.181261	12.454
18.92	18.92	0.181277	12.554
18.92	18.92	0.181294	12.648
18.92	18.93	0.181311	12.753
18.92	18.93	0.181327	12.852
18.92	18.93	0.181344	12.947
18.92	18.93	0.181361	13.051
18.92	18.94	0.181377	13.147
18.92	18.94	0.181394	13.246
18.92	18.94	0.181411	13.350
18.95	18.94	0.181427	13.446
18.95	18.95	0.181444	13.547
18.95	18.95	0.181461	13.648
18.95	18.95	0.181477	13.752
18.95	18.95	0.181494	13.847
18.95	18.96	0.181511	13.947
18.95	18.96	0.181527	14.047
18.95	18.96	0.181544	14.146
18.95	18.97	0.181561	14.247
18.95	18.97	0.181577	14.346
18.95	18.97	0.181594	14.447
18.95	18.98	0.181611	14.548
18.95	18.98	0.181627	14.652
18.97	18.98	0.181644	14.748
18.97	18.99	0.181661	14.848
18.97	18.99	0.181677	14.947
18.97	18.99	0.181694	15.048
18.97	19.00	0.181711	15.146
18.97	19.00	0.181727	15.252
18.97	19.00	0.181744	15.348
19.00	19.01	0.181761	15.448
19.00	19.01	0.181777	15.548
19.00	19.01	0.181794	15.648
19.00	19.02	0.181811	15.748
19.00	19.02	0.181827	15.847
19.00	19.02	0.181844	15.948
19.02	19.03	0.181861	16.047
19.02	19.03	0.181877	16.148
19.02	19.03	0.181894	16.248
19.02	19.04	0.181911	16.349
19.02	19.04	0.181927	16.453
19.05	19.04	0.181944	16.549
19.05	19.05	0.181961	16.649
19.05	19.05	0.181977	16.748
19.05	19.05	0.181994	16.849
19.05	19.06	0.182011	16.948
19.05	19.06	0.182027	17.053
19.08	19.07	0.182044	17.149
19.08	19.07	0.182060	17.249
19.08	19.07	0.182077	17.354
19.08	19.08	0.182094	17.449
19.08	19.08	0.182110	17.550
19.08	19.08	0.182127	17.653
19.08	19.09	0.182144	17.750
19.08	19.09	0.182160	17.851
19.08	19.09	0.182177	17.954
19.10	19.10	0.182194	18.080
19.10	19.10	0.182210	18.174
19.10	19.10	0.182227	18.254
19.10	19.11	0.182244	18.378
19.10	19.11	0.182260	18.473
19.10	19.11	0.182277	18.577
19.10	19.11	0.182294	18.677
19.10	19.12	0.182310	18.771
19.10	19.12	0.182327	18.876
19.10	19.12	0.182344	18.976
19.13	19.13	0.182360	19.070
19.13	19.13	0.182377	19.175
19.13	19.13	0.182394	19.269
19.13	19.14	0.182410	19.369
19.13	19.14	0.182427	19.473
19.13	19.14	0.182444	19.567
19.15	19.14	0.182460	19.667
19.15	19.15	0.182477	19.772
19.15	19.15	0.182494	19.866
19.15	19.15	0.182510	19.966
19.15	19.15	0.182527	20.070
19.15	19.16	0.182544	20.165
19.15	19.16	0.182560	20.264
19.15	19.16	0.182577	20.369
19.18	19.16	0.182594	20.464
19.18	19.17	0.182610	20.563
19.18	19.17	0.182627	20.668
19.18	19.17	0.182644	20.762
19.18	19.17	0.182660	20.865
19.18	19.17	0.182677	20.966
19.18	19.18	0.182694	21.061
19.18	19.18	0.182710	21.160
19.18	19.18	0.182727	21.265
19.18	19.18	0.182744	21.360
19.18	19.18	0.182760	21.459
19.18	19.18	0.182777	21.564
19.21	19.18	0.182794	21.658
19.21	19.19	0.182810	21.760
19.21	19.19	0.182827	21.862
19.21	19.19	0.182844	21.957
19.21	19.19	0.182860	22.060
19.21	19.19	0.182877	22.161
19.21	19.19	0.182893	22.257
19.21	19.19	0.182910	22.360
19.21	19.19	0.182927	22.460
19.21	19.20	0.182943	22.556
19.21	19.20	0.182960	22.659
19.21	19.20	0.182977	22.758
19.21	19.20	0.182993	22.857
19.21	19.20	0.183010	22.958
19.21	19.20	0.183027	23.057
19.18	19.20	0.183043	23.157
19.18	19.20	0.183060	23.256
19.18	19.20	0.183077	23.357
19.18	19.20	0.183093	23.456
19.18	19.20	0.183110	23.557
19.18	19.20	0.183127	23.657
19.18	19.20	0.183143	23.757
19.18	19.20	0.183160	23.857
19.21	19.20	0.183177	23.957
19.21	19.20	0.183193	24.057
19.21	19.20	0.183210	24.156
19.21	19.20	0.183227	24.257
19.21	19.20	0.183243	24.356
19.21	19.20	0.183260	24.457
19.21	19.20	0.183277	24.557
19.21	19.20	0.183293	24.657
19.21	19.20	0.183310	24.757
19.21	19.20	0.183327	24.857
19.21	19.20	0.183343	24.957
19.21	19.20	0.183360	25.056
19.21	19.19	0.183377	25.157
19.21	19.19	0.183393	25.258
19.21	19.19	0.183410	25.358
19.21	19.19	0.183427	25.458
19.21	19.19	0.183443	25.557
19.21	19.19	0.183460	25.658
19.21	19.19	0.183477	25.757
19.21	19.19	0.183493	25.858
19.21	19.19	0.183510	25.959
19.21	19.19	0.183527	26.059
19.21	19.18	0.183543	26.159
19.21	19.18	0.183560	26.259
19.21	19.18	0.183577	26.359
19.21	19.18	0.183593	26.458
19.21	19.18	0.183610	26.559
19.21	19.18	0.183627	26.658
19.18	19.18	0.183643	26.759
19.18	19.17	0.183660	26.859
19.18	19.17	0.183677	26.959
19.18	19.17	0.183693	27.059
19.18	19.17	0.183710	27.159
19.18	19.17	0.183726	27.259
19.18	19.17	0.183743	27.358
19.18	19.16	0.183760	27.483
19.15	19.16	0.183776	27.582
19.15	19.16	0.183793	27.687
19.15	19.16	0.183810	27.781
19.15	19.16	0.183826	27.883
19.15	19.16	0.183843	27.986
19.15	19.15	0.183860	28.080
19.15	19.15	0.183876	28.183
19.15	19.15	0.183893	28.284
19.15	19.15	0.183910	28.379
19.15	19.15	0.183926	28.482
19.15	19.15	0.183943	28.583
19.15	19.14	0.183960	28.678
19.15	19.14	0.183976	28.782
19.15	19.14	0.183993	28.882
19.15	19.14	0.184010	28.976
19.13	19.14	0.184026	29.081
19.13	19.14	0.184043	29.180
19.13	19.13	0.184060	29.275
19.13	19.13	0.184076	29.379
19.13	19.13	0.184093	29.479
19.13	19.13	0.184110	29.574
19.13	19.13	0.184126	29.678
19.13	19.13	0.184143	29.773
19.13	19.12	0.184160	29.872
19.13	19.12	0.184176	29.977
19.13	19.12	0.184193	30.072
19.13	19.12	0.184210	30.170
19.13	19.12	0.184226	30.275
19.13	19.12	0.184243	30.370
19.13	19.12	0.184260	30.469
19.13	19.11	0.184276	30.575
19.13	19.11	0.184293	30.668
19.13	19.11	0.184310	30.768
19.13	19.11	0.184326	30.872
19.13	19.11	0.184343	30.967
19.10	19.11	0.184360	31.067
19.10	19.11	0.184376	31.171
19.10	19.11	0.184393	31.267
19.10	19.10	0.184410	31.366
19.10	19.10	0.184426	31.470
19.10	19.10	0.184443	31.566
19.10	19.10	0.184460	31.667
19.10	19.10	0.184476	31.768
19.10	19.10	0.184493	31.867
19.10	19.10	0.184510	31.967
19.10	19.10	0.184526	32.067
19.10	19.10	0.184543	32.167
19.10	19.10	0.184559	32.266
19.08	19.10	0.184576	32.367
19.08	19.10	0.184593	32.466
19.08	19.10	0.184609	32.567
19.08	19.10	0.184626	32.667
19.08	19.10	0.184643	32.767
19.08	19.10	0.184659	32.867
19.08	19.10	0.184676	32.967
19.08	19.10	0.184693	33.067
19.08	19.10	0.184709	33.166
19.08	19.10	0.184726	33.267
19.08	19.10	0.184743	33.366
19.08	19.10	0.184759	33.467
19.08	19.10	0.184776	33.567
19.08	19.10	0.184793	33.667
19.08	19.10	0.184809	33.767
19.10	19.10	0.184826	33.866
19.10	19.10	0.184843	33.967
19.10	19.10	0.184859	34.066
19.10	19.10	0.184876	34.167
19.10	19.10	0.184893	34.266
19.10	19.10	0.184909	34.367
19.10	19.10	0.184926	34.467
19.10	19.10	0.184943	34.567
19.10	19.10	0.184959	34.668
19.10	19.10	0.184976	34.767
19.10	19.10	0.184993	34.868
19.10	19.11	0.185009	34.967
19.10	19.11	0.185026	35.068
19.10	19.11	0.185043	35.168
19.10	19.11	0.185059	35.268
19.10	19.11	0.185076	35.368
19.10	19.11	0.185093	35.468
19.10	19.11	0.185109	35.568
19.10	19.12	0.185126	35.667
19.10	19.12	0.185143	35.768
19.10	19.12	0.185159	35.867
19.10	19.12	0.185176	35.968
19.13	19.12	0.185193	36.068
19.13	19.13	0.185209	36.168
19.13	19.13	0.185226	36.268
19.13	19.13	0.185243	36.368
19.13	19.13	0.185259	36.467
19.13	19.13	0.185276	36.568
19.13	19.14	0.185293	36.667
19.13	19.14	0.185309	36.792
19.13	19.14	0.185326	36.891
19.13	19.14	0.185343	36.996
19.13	19.15	0.185359	37.091
19.13	19.15	0.185376	37.190
19.13	19.15	0.185392	37.295
19.13	19.15	0.185409	37.389
19.15	19.16	0.185426	37.489
19.15	19.16	0.185442	37.593
19.15	19.16	0.185459	37.688
19.15	19.17	0.185476	37.788
19.15	19.17	0.185492	37.892
19.15	19.17	0.185509	37.987
19.15	19.17	0.185526	38.087
19.15	19.18	0.185542	38.191
19.15	19.18	0.185559	38.285
19.18	19.18	0.185576	38.388
19.18	19.19	0.185592	38.489
19.18	19.19	0.185609	38.584
19.18	19.19	0.185626	38.688
19.18	19.20	0.185642	38.788
19.18	19.20	0.185659	38.883
19.18	19.20	0.185676	38.987
19.21	19.21	0.185692	39.087
19.21	19.21	0.185709	39.181
19.21	19.21	0.185726	39.286
19.21	19.22	0.185742	39.385
19.21	19.22	0.185759	39.480
19.21	19.22	0.185776	39.585
19.23	19.23	0.185792	39.684
19.23	19.23	0.185809	39.779
19.23	19.23	0.185826	39.883
19.23	19.24	0.185842	39.978
19.23	19.24	0.185859	40.077
19.23	19.24	0.185876	40.182
19.23	19.25	0.185892	40.277
19.23	19.25	0.185909	40.376
19.26	19.25	0.185926	40.481
19.26	19.26	0.185942	40.575
19.26	19.26	0.185959	40.675
19.26	19.26	0.185976	40.779
19.26	19.27	0.185992	40.874
19.26	19.27	0.186009	40.974
19.26	19.28	0.186026	41.078
19.28	19.28	0.186042	41.173
19.28	19.28	0.186059	41.272
19.28	19.29	0.186076	41.377
19.28	19.29	0.186092	41.471
19.28	19.29	0.186109	41.571
19.28	19.30	0.186126	41.675
19.28	19.30	0.186142	41.770
19.31	19.30	0.186159	41.870
19.31	19.31	0.186176	41.974
19.31	19.31	0.186192	42.069
19.31	19.31	0.186209	42.169
19.31	19.32	0.186225	42.273
19.31	19.32	0.186242	42.367
19.31	19.32	0.186259	42.469
19.31	19.33	0.186275	42.571
19.34	19.33	0.186292	42.668
19.34	19.33	0.186309	42.770
19.34	19.33	0.186325	42.870
19.34	19.34	0.186342	42.968
19.34	19.34	0.186359	43.069
19.34	19.34	0.186375	43.169
19.34	19.35	0.186392	43.267
19.34	19.35	0.186409	43.368
19.34	19.35	0.186425	43.468
19.34	19.35	0.186442	43.568
19.36	19.36	0.186459	43.668
19.36	19.36	0.186475	43.768
19.36	19.36	0.186492	43.868
19.36	19.36	0.186509	43.967
19.36	19.37	0.186525	44.068
19.36	19.37	0.186542	44.167
19.36	19.37	0.186559	44.268
19.36	19.37	0.186575	44.368
19.36	19.38	0.186592	44.468
19.36	19.38	0.186609	44.568
19.39	19.38	0.186625	44.667
19.39	19.38	0.186642	44.768
19.39	19.38	0.186659	44.867
19.39	19.39	0.186675	44.968
19.39	19.39	0.186692	45.068
19.39	19.39	0.186709	45.168
19.39	19.39	0.186725	45.268
19.39	19.39	0.186742	45.368
19.39	19.40	0.186759	45.468
19.41	19.40	0.186775	45.567
19.41	19.40	0.186792	45.668
19.41	19.40	0.186809	45.767
19.41	19.40	0.186825	45.868
19.41	19.40	0.186842	45.968
19.41	19.40	0.186859	46.068
19.41	19.40	0.186875	46.168
19.41	19.41	0.186892	46.267
19.41	19.41	0.186909	46.368
19.41	19.41	0.186925	46.467
19.41	19.41	0.186942	46.568
19.41	19.41	0.186959	46.667
19.41	19.41	0.186975	46.768
19.44	19.41	0.186992	46.868
19.44	19.41	0.187009	46.968
19.44	19.41	0.187025	47.068
19.44	19.41	0.187042	47.167
19.44	19.41	0.187058	47.268
19.44	19.41	0.187075	47.367
19.44	19.41	0.187092	47.468
19.44	19.41	0.187108	47.569
19.44	19.41	0.187125	47.669
19.44	19.41	0.187142	47.769
19.44	19.41	0.187158	47.893
19.44	19.41	0.187175	47.993
19.41	19.41	0.187192	48.097
19.41	19.41	0.187208	48.192
19.41	19.41	0.187225	48.292
19.41	19.41	0.187242	48.396
19.41	19.41	0.187258	48.490
19.41	19.41	0.187275	48.592
19.41	19.41	0.187292	48.695
19.41	19.41	0.187308	48.789
19.41	19.41	0.187325	48.892
19.41	19.41	0.187342	48.993
19.41	19.41	0.187358	49.088
19.41	19.41	0.187375	49.192
19.41	19.41	0.187392	49.292
19.41	19.41	0.187408	49.387
19.39	19.40	0.187425	49.491
19.39	19.40	0.187442	49.591
19.39	19.40	0.187458	49.685
19.39	19.40	0.187475	49.789
19.39	19.40	0.187492	49.889
19.39	19.40	0.187508	49.983
19.39	19.40	0.187525	50.088
19.41	19.40	0.187542	50.183
19.41	19.40	0.187558	50.282
19.41	19.39	0.187575	50.388
19.41	19.39	0.187592	50.481
19.41	19.39	0.187608	50.581
19.41	19.39	0.187625	50.685
19.41	19.39	0.187642	50.780
19.41	19.39	0.187658	50.879
19.41	19.39	0.187675	50.984
19.41	19.38	0.187692	51.079
19.39	19.38	0.187708	51.178
19.39	19.38	0.187725	51.283
19.39	19.38	0.187742	51.377
19.39	19.38	0.187758	51.477
19.39	19.38	0.187775	51.581
19.39	19.37	0.187792	51.676
19.39	19.37	0.187808	51.776
19.39	19.37	0.187825	51.880
19.39	19.37	0.187842	51.975
19.39	19.37	0.187858	52.074
19.39	19.37	0.187875	52.179
19.36	19.36	0.187891	52.273
19.36	19.36	0.187908	52.374
19.36	19.36	0.187925	52.477
19.36	19.36	0.187941	52.572
19.36	19.36	0.187958	52.674
19.36	19.36	0.187975	52.776
19.36	19.35	0.187991	52.871
19.36	19.35	0.188008	52.974
19.36	19.35	0.188025	53.075
19.36	19.35	0.188041	53.169
19.34	19.35	0.188058	53.274
19.34	19.35	0.188075	53.373
19.34	19.34	0.188091	53.470
19.34	19.34	0.188108	53.573
19.34	19.34	0.188125	53.672
19.34	19.34	0.188141	53.770
19.34	19.34	0.188158	53.871
19.34	19.34	0.188175	53.971
19.34	19.33	0.188191	54.070
19.34	19.33	0.188208	54.171
19.34	19.33	0.188225	54.271
19.34	19.33	0.188241	54.371
19.34	19.33	0.188258	54.471
19.34	19.33	0.188275	54.571
19.34	19.33	0.188291	54.670
19.34	19.32	0.188308	54.771
19.34	19.32	0.188325	54.870
19.31	19.32	0.188341	54.971
19.31	19.32	0.188358	55.071
19.31	19.32	0.188375	55.171
19.31	19.32	0.188391	55.271
19.31	19.32	0.188408	55.370
19.31	19.32	0.188425	55.471
19.31	19.32	0.188441	55.570
19.31	19.32	0.188458	55.671
19.31	19.31	0.188475	55.770
19.31	19.31	0.188491	55.871
19.31	19.31	0.188508	55.971
19.31	19.31	0.188525	56.071
19.31	19.31	0.188541	56.170
19.31	19.31	0.188558	56.271
19.31	19.31	0.188575	56.371
19.31	19.31	0.188591	56.471
19.31	19.31	0.188608	56.570
19.31	19.31	0.188625	56.671
19.31	19.31	0.188641	56.771
19.31	19.31	0.188658	56.871
19.31	19.31	0.188675	56.971
19.31	19.31	0.188691	57.071
19.31	19.31	0.188708	57.171
19.31	19.31	0.188724	57.272
19.31	19.31	0.188741	57.371
19.28	19.31	0.188758	57.471
19.28	19.31	0.188774	57.571
19.28	19.31	0.188791	57.671
19.28	19.31	0.188808	57.771
19.28	19.31	0.188824	57.871
19.28	19.31	0.188841	57.971
19.28	19.31	0.188858	58.071
19.28	19.31	0.188874	58.172
19.28	19.31	0.188891	58.271
19.31	19.31	0.188908	58.370
19.31	19.31	0.188924	58.472
19.31	19.32	0.188941	58.570
19.31	19.32	0.188958	58.671
19.31	19.32	0.188974	58.773
19.31	19.32	0.188991	58.900
19.31	19.32	0.189008	58.995
19.31	19.32	0.189024	59.072
19.31	19.32	0.189041	59.199
19.34	19.32	0.189058	59.293
19.34	19.32	0.189074	59.373
19.34	19.33	0.189091	59.497
19.34	19.33	0.189108	59.592
19.34	19.33	0.189124	59.696
19.34	19.33	0.189141	59.796
19.34	19.33	0.189158	59.891
19.34	19.34	0.189174	59.995
19.34	19.34	0.189191	00.094
19.34	19.34	0.189208	00.188
19.34	19.34	0.189224	00.293
19.34	19.34	0.189241	00.392
19.34	19.35	0.189258	00.487
19.34	19.35	0.189274	00.592
19.34	19.35	0.189291	00.686
19.34	19.35	0.189308	00.786
19.34	19.35	0.189324	00.890
19.34	19.36	0.189341	00.985
19.34	19.36	0.189358	01.084
19.34	19.36	0.189374	01.189
19.34	19.36	0.189391	01.284
19.34	19.37	0.189408	01.383
19.34	19.37	0.189424	01.488
19.34	19.37	0.189441	01.582
19.34	19.38	0.189458	01.682
19.34	19.38	0.189474	01.786
19.34	19.38	0.189491	01.881
19.36	19.38	0.189508	01.980
19.36	19.39	0.189524	02.085
19.36	19.39	0.189541	02.180
19.36	19.39	0.189557	02.279
19.36	19.40	0.189574	02.384
19.39	19.40	0.189591	02.478
19.39	19.40	0.189607	02.579
19.39	19.41	0.189624	02.682
19.39	19.41	0.189641	02.777
19.39	19.41	0.189657	02.879
19.41	19.42	0.189674	02.981
19.41	19.42	0.189691	03.076
19.41	19.42	0.189707	03.179
19.41	19.43	0.189724	03.280
19.41	19.43	0.189741	03.374
19.44	19.43	0.189757	03.479
19.44	19.44	0.189774	03.578
19.44	19.44	0.189791	03.673
19.44	19.44	0.189807	03.778
19.44	19.45	0.189824	03.877
19.44	19.45	0.189841	03.972
19.44	19.45	0.189857	04.076
19.47	19.46	0.189874	04.176
19.47	19.46	0.189891	04.271
19.47	19.46	0.189907	04.375
19.47	19.47	0.189924	04.475
19.47	19.47	0.189941	04.574
19.47	19.47	0.189957	04.674
19.47	19.48	0.189974	04.775
19.49	19.48	0.189991	04.874
19.49	19.49	0.190007	04.973
19.49	19.49	0.190024	05.075
19.49	19.49	0.190041	05.173
19.49	19.50	0.190057	05.274
19.49	19.50	0.190074	05.376
19.49	19.50	0.190091	05.475
19.49	19.51	0.190107	05.575
19.49	19.51	0.190124	05.676
19.52	19.51	0.190141	05.774
19.52	19.52	0.190157	05.875
19.52	19.52	0.190174	05.975
19.52	19.52	0.190191	06.075
19.52	19.53	0.190207	06.175
19.52	19.53	0.190224	06.275
19.52	19.53	0.190241	06.376
19.52	19.54	0.190257	06.475
19.52	19.54	0.190274	06.576
19.54	19.54	0.190291	06.675
19.54	19.54	0.190307	06.776
19.54	19.55	0.190324	06.875
19.54	19.55	0.190341	06.976
19.54	19.55	0.190357	07.076
19.54	19.56	0.190374	07.176
19.54	19.56	0.190390	07.276
19.54	19.56	0.190407	07.375
19.57	19.56	0.190424	07.476
19.57	19.57	0.190440	07.575
19.57	19.57	0.190457	07.676
19.57	19.57	0.190474	07.777
19.57	19.58	0.190490	07.876
19.57	19.58	0.190507	07.976
19.57	19.58	0.190524	08.077
19.60	19.58	0.190540	08.177
19.60	19.59	0.190557	08.276
19.60	19.59	0.190574	08.377
19.60	19.59	0.190590	08.476
19.60	19.59	0.190607	08.577
19.60	19.59	0.190624	08.677
19.60	19.60	0.190640	08.806
19.60	19.60	0.190657	08.901
19.60	19.60	0.190674	08.977
19.60	19.60	0.190690	09.105
19.60	19.60	0.190707	09.199
19.60	19.61	0.190724	09.277
19.62	19.61	0.190740	09.403
19.62	19.61	0.190757	09.498
19.62	19.61	0.190774	09.577
19.62	19.61	0.190790	09.702
19.62	19.61	0.190807	09.797
19.62	19.61	0.190824	09.901
19.62	19.62	0.190840	10.001
19.62	19.62	0.190857	10.095
19.62	19.62	0.190874	10.200
19.62	19.62	0.190890	10.299
19.62	19.62	0.190907	10.394
19.62	19.62	0.190924	10.499
19.62	19.62	0.190940	10.598
19.62	19.62	0.190957	10.693
19.62	19.62	0.190974	10.797
19.65	19.62	0.190990	10.892
19.65	19.62	0.191007	10.991
19.65	19.62	0.191024	11.096
19.65	19.63	0.191040	11.191
19.65	19.63	0.191057	11.290
19.65	19.63	0.191074	11.395
19.65	19.63	0.191090	11.489
19.65	19.63	0.191107	11.589
19.65	19.63	0.191124	11.693
19.65	19.63	0.191140	11.788
19.65	19.63	0.191157	11.887
19.65	19.63	0.191174	11.992
19.65	19.63	0.191190	12.087
19.65	19.63	0.191207	12.186
19.65	19.63	0.191223	12.291
19.62	19.63	0.191240	12.385
19.62	19.63	0.191257	12.485
19.62	19.62	0.191273	12.589
19.62	19.62	0.191290	12.684
19.62	19.62	0.191307	12.784
19.62	19.62	0.191323	12.888
19.62	19.62	0.191340	12.983
19.62	19.62	0.191357	13.083
19.62	19.62	0.191373	13.187
19.62	19.62	0.191390	13.281
19.62	19.62	0.191407	13.383
19.62	19.62	0.191423	13.485
19.62	19.62	0.191440	13.580
19.62	19.62	0.191457	13.684
19.62	19.62	0.191473	13.784
19.62	19.61	0.191490	13.879
19.62	19.61	0.191507	13.983
19.62	19.61	0.191523	14.083
19.62	19.61	0.191540	14.177
19.62	19.61	0.191557	14.282
19.62	19.61	0.191573	14.382
19.62	19.61	0.191590	14.477
19.62	19.61	0.191607	14.581
19.62	19.60	0.191623	14.680
19.62	19.60	0.191640	14.777
19.62	19.60	0.191657	14.879
19.62	19.60	0.191673	14.980
19.62	19.60	0.191690	15.076
19.62	19.60	0.191707	15.178
19.62	19.59	0.191723	15.280
19.62	19.59	0.191740	15.377
19.60	19.59	0.191757	15.477
19.60	19.59	0.191773	15.580
19.60	19.59	0.191790	15.677
19.60	19.59	0.191807	15.776
19.60	19.58	0.191823	15.880
19.60	19.58	0.191840	15.977
19.60	19.58	0.191857	16.077
19.60	19.58	0.191873	16.180
19.60	19.58	0.191890	16.277
19.60	19.58	0.191907	16.377
19.57	19.57	0.191923	16.480
19.57	19.57	0.191940	16.577
19.57	19.57	0.191957	16.677
19.57	19.57	0.191973	16.780
19.57	19.57	0.191990	16.877
19.57	19.57	0.192007	16.977
19.57	19.56	0.192023	17.081
19.57	19.56	0.192040	17.176
19.57	19.56	0.192056	17.277
19.54	19.56	0.192073	17.380
19.54	19.56	0.192090	17.477
19.54	19.56	0.192106	17.577
19.54	19.55	0.192123	17.681
19.54	19.55	0.192140	17.777
19.54	19.55	0.192156	17.876
19.54	19.55	0.192173	17.981
19.54	19.55	0.192190	18.076
19.54	19.55	0.192206	18.177
19.54	19.54	0.192223	18.281
19.54	19.54	0.192240	18.377
19.54	19.54	0.192256	18.477
19.54	19.54	0.192273	18.581
19.54	19.54	0.192290	18.677
19.54	19.54	0.192306	18.776
19.54	19.54	0.192323	18.882
19.54	19.54	0.192340	18.976
19.54	19.53	0.192356	19.077
19.54	19.53	0.192373	19.177
19.54	19.53	0.192390	19.277
19.54	19.53	0.192406	19.377
19.54	19.53	0.192423	19.482
19.54	19.53	0.192440	19.577
19.54	19.53	0.192456	19.676
19.54	19.53	0.192473	19.777
19.54	19.53	0.192490	19.876
19.54	19.53	0.192506	19.977
19.54	19.53	0.192523	20.077
19.54	19.52	0.192540	20.206
19.54	19.52	0.192556	20.301
19.54	19.52	0.192573	20.405
19.54	19.52	0.192590	20.505
19.52	19.52	0.192606	20.599
19.52	19.52	0.192623	20.704
19.52	19.52	0.192640	20.803
19.52	19.52	0.192656	20.898
19.52	19.52	0.192673	21.003
19.52	19.52	0.192690	21.097
19.52	19.52	0.192706	21.197
19.52	19.52	0.192723	21.301
19.52	19.52	0.192740	21.396
19.52	19.52	0.192756	21.494
19.52	19.52	0.192773	21.600
19.49	19.52	0.192790	21.694
19.49	19.52	0.192806	21.793
19.49	19.52	0.192823	21.898
19.49	19.52	0.192840	21.992
19.49	19.52	0.192856	22.092
19.49	19.53	0.192873	22.196
19.49	19.53	0.192889	22.291
19.49	19.53	0.192906	22.390
19.49	19.53	0.192923	22.495
19.49	19.53	0.192939	22.590
19.52	19.53	0.192956	22.690
19.52	19.53	0.192973	22.795
19.52	19.53	0.192989	22.888
19.52	19.53	0.193006	22.988
19.52	19.53	0.193023	23.092
19.52	19.54	0.193039	23.188
19.52	19.54	0.193056	23.287
19.52	19.54	0.193073	23.391
19.52	19.54	0.193089	23.486
19.54	19.54	0.193106	23.588
19.54	19.54	0.193123	23.690
19.54	19.54	0.193139	23.785
19.54	19.55	0.193156	23.888
19.54	19.55	0.193173	23.989
19.54	19.55	0.193189	24.083
19.54	19.55	0.193206	24.188
19.54	19.55	0.193223	24.288
19.54	19.56	0.193239	24.382
19.54	19.56	0.193256	24.487
19.54	19.56	0.193273	24.586
19.57	19.56	0.193289	24.681
19.57	19.57	0.193306	24.785
19.57	19.57	0.193323	24.885
19.57	19.57	0.193339	24.980
19.57	19.57	0.193356	25.084
19.57	19.58	0.193373	25.179
19.57	19.58	0.193389	25.278
19.57	19.58	0.193406	25.383
19.57	19.58	0.193423	25.477
19.57	19.59	0.193439	25.578
19.57	19.59	0.193456	25.681
19.57	19.59	0.193473	25.778
19.60	19.59	0.193489	25.878
19.60	19.60	0.193506	25.980
19.60	19.60	0.193523	26.077
19.60	19.60	0.193539	26.178
19.60	19.61	0.193556	26.278
19.60	19.61	0.193573	26.378
19.60	19.61	0.193589	26.478
19.60	19.62	0.193606	26.578
19.60	19.62	0.193623	26.678
19.60	19.62	0.193639	26.778
19.60	19.63	0.193656	26.878
19.62	19.63	0.193673	26.977
19.62	19.63	0.193689	27.078
19.62	19.64	0.193706	27.177
19.62	19.64	0.193722	27.279
19.62	19.64	0.193739	27.379
19.62	19.65	0.193756	27.479
19.62	19.65	0.193772	27.580
19.62	19.65	0.193789	27.679
19.65	19.66	0.193806	27.780
19.65	19.66	0.193822	27.879
19.65	19.66	0.193839	27.980
19.65	19.67	0.193856	28.079
19.65	19.67	0.193872	28.180
19.65	19.67	0.193889	28.280
19.67	19.68	0.193906	28.380
19.67	19.68	0.193922	28.480
19.67	19.68	0.193939	28.579
19.67	19.69	0.193956	28.680
19.67	19.69	0.193972	28.779
19.67	19.69	0.193989	28.880
19.70	19.70	0.194006	28.980
19.70	19.70	0.194022	29.080
19.70	19.71	0.194039	29.180
19.70	19.71	0.194056	29.280
19.70	19.71	0.194072	29.380
19.70	19.72	0.194089	29.479
19.73	19.72	0.194106	29.580
19.73	19.72	0.194122	29.679
19.73	19.73	0.194139	29.780
19.73	19.73	0.194156	29.880
19.73	19.73	0.194172	29.980
19.73	19.74	0.194189	30.080
19.75	19.74	0.194206	30.179
19.75	19.74	0.194222	30.280
19.75	19.75	0.194239	30.379
19.75	19.75	0.194256	30.480
19.75	19.75	0.194272	30.580
19.75	19.75	0.194289	30.680
19.75	19.76	0.194306	30.804
19.78	19.76	0.194322	30.909
19.78	19.76	0.194339	31.008
19.78	19.77	0.194356	31.103
19.78	19.77	0.194372	31.208
19.78	19.77	0.194389	31.301
19.78	19.78	0.194406	31.401
19.78	19.78	0.194422	31.505
19.78	19.78	0.194439	31.600
19.78	19.78	0.194456	31.700
19.78	19.79	0.194472	31.804
19.78	19.79	0.194489	31.899
19.80	19.79	0.194506	31.998
19.80	19.79	0.194522	32.103
19.80	19.80	0.194539	32.197
19.80	19.80	0.194555	32.297
19.80	19.80	0.194572	32.402
19.80	19.80	0.194589	32.496
19.80	19.81	0.194605	32.596
19.80	19.81	0.194622	32.700
19.80	19.81	0.194639	32.795
19.80	19.81	0.194655	32.894
19.80	19.81	0.194672	32.999
19.80	19.82	0.194689	33.093
19.80	19.82	0.194705	33.193
19.83	19.82	0.194722	33.298
19.83	19.82	0.194739	33.392
19.83	19.82	0.194755	33.493
19.83	19.82	0.194772	33.596
19.83	19.82	0.194789	33.691
19.83	19.83	0.194805	33.792
19.83	19.83	0.194822	33.895
19.83	19.83	0.194839	33.990
19.83	19.83	0.194855	34.093
19.83	19.83	0.194872	34.194
19.86	19.83	0.194889	34.288
19.86	19.83	0.194905	34.393
19.86	19.83	0.194922	34.492
19.86	19.84	0.194939	34.587
19.86	19.84	0.194955	34.692
19.86	19.84	0.194972	34.791
19.86	19.84	0.194989	34.886
19.86	19.84	0.195005	34.990
19.86	19.84	0.195022	35.090
19.86	19.84	0.195039	35.184
19.86	19.84	0.195055	35.289
19.86	19.84	0.195072	35.383
19.86	19.84	0.195089	35.483
19.83	19.84	0.195105	35.588
19.83	19.84	0.195122	35.682
19.83	19.84	0.195139	35.782
19.83	19.84	0.195155	35.886
19.83	19.84	0.195172	35.982
19.83	19.84	0.195189	36.081
19.83	19.84	0.195205	36.185
19.83	19.84	0.195222	36.282
19.83	19.84	0.195239	36.382
19.83	19.84	0.195255	36.484
19.83	19.84	0.195272	36.582
19.83	19.84	0.195289	36.682
19.86	19.84	0.195305	36.782
19.86	19.84	0.195322	36.882
19.86	19.84	0.195339	36.981
19.86	19.84	0.195355	37.082
19.86	19.83	0.195372	37.182
19.86	19.83	0.195388	37.282
19.86	19.83	0.195405	37.382
19.86	19.83	0.195422	37.481
19.86	19.83	0.195438	37.582
19.86	19.83	0.195455	37.681
19.86	19.83	0.195472	37.782
19.86	19.83	0.195488	37.881
19.86	19.83	0.195505	37.982
19.83	19.83	0.195522	38.082
19.83	19.82	0.195538	38.182
19.83	19.82	0.195555	38.282
19.83	19.82	0.195572	38.381
19.83	19.82	0.195588	38.482
19.83	19.82	0.195605	38.581
19.83	19.82	0.195622	38.682
19.83	19.82	0.195638	38.782
19.83	19.81	0.195655	38.882
19.80	19.81	0.195672	38.982
19.80	19.81	0.195688	39.082
19.80	19.81	0.195705	39.182
19.80	19.81	0.195722	39.281
19.80	19.81	0.195738	39.382
19.80	19.80	0.195755	39.481
19.80	19.80	0.195772	39.582
19.80	19.80	0.195788	39.682
19.80	19.80	0.195805	39.782
19.80	19.80	0.195822	39.882
19.80	19.80	0.195838	39.981
19.80	19.79	0.195855	40.082
19.80	19.79	0.195872	40.181
19.80	19.79	0.195888	40.282
19.80	19.79	0.195905	40.382
19.80	19.79	0.195922	40.482
19.80	19.79	0.195938	40.582
19.80	19.78	0.195955	40.682
19.80	19.78	0.195972	40.782
19.80	19.78	0.195988	40.881
19.80	19.78	0.196005	40.982
19.80	19.78	0.196022	41.081
19.78	19.78	0.196038	41.182
19.78	19.77	0.196055	41.282
19.78	19.77	0.196072	41.382
19.78	19.77	0.196088	41.482
19.78	19.77	0.196105	41.581
19.78	19.77	0.196122	41.711
19.78	19.77	0.196138	41.805
19.78	19.76	0.196155	41.905
19.78	19.76	0.196172	42.009
19.78	19.76	0.196188	42.104
19.75	19.76	0.196205	42.204
19.75	19.76	0.196221	42.308
19.75	19.76	0.196238	42.403
19.75	19.76	0.196255	42.502
19.75	19.75	0.196271	42.607
19.75	19.75	0.196288	42.701
19.75	19.75	0.196305	42.801
19.75	19.75	0.196321	42.905
19.75	19.75	0.196338	43.000
19.75	19.75	0.196355	43.100
19.75	19.75	0.196371	43.204
19.73	19.75	0.196388	43.299
19.73	19.74	0.196405	43.398
19.73	19.74	0.196421	43.503
19.73	19.74	0.196438	43.597
19.73	19.74	0.196455	43.697
19.73	19.74	0.196471	43.802
19.73	19.74	0.196488	43.896
19.73	19.74	0.196505	43.998
19.73	19.74	0.196521	44.100
19.73	19.74	0.196538	44.195
19.73	19.74	0.196555	44.297
19.73	19.74	0.196571	44.399
19.73	19.74	0.196588	44.493
19.73	19.74	0.196605	44.597
19.73	19.74	0.196621	44.698
19.73	19.74	0.196638	44.792
19.73	19.74	0.196655	44.897
19.73	19.74	0.196671	44.996
19.73	19.74	0.196688	45.091
19.73	19.74	0.196705	45.195
19.73	19.74	0.196721	45.295
19.73	19.74	0.196738	45.390
19.73	19.74	0.196755	45.494
19.73	19.74	0.196771	45.594
19.73	19.74	0.196788	45.688
19.73	19.74	0.196805	45.793
19.73	19.74	0.196821	45.887
19.73	19.74	0.196838	45.987
19.73	19.74	0.196855	46.091
19.73	19.74	0.196871	46.186
19.73	19.74	0.196888	46.286
19.73	19.74	0.196905	46.390
19.75	19.74	0.196921	46.485
19.75	19.74	0.196938	46.584
19.75	19.74	0.196955	46.689
19.75	19.74	0.196971	46.783
19.75	19.74	0.196988	46.884
19.75	19.75	0.197005	46.988
19.75	19.75	0.197021	47.084
19.75	19.75	0.197038	47.184
19.75	19.75	0.197054	47.286
19.75	19.75	0.197071	47.384
19.75	19.75	0.197088	47.483
19.75	19.75	0.197104	47.585
19.75	19.76	0.197121	47.684
19.75	19.76	0.197138	47.784
19.75	19.76	0.197154	47.884
19.75	19.76	0.197171	47.984
19.75	19.76	0.197188	48.084
19.75	19.77	0.197204	48.183
19.75	19.77	0.197221	48.284
19.75	19.77	0.197238	48.383
19.75	19.77	0.197254	48.484
19.75	19.77	0.197271	48.584
19.75	19.78	0.197288	48.684
19.75	19.78	0.197304	48.784
19.75	19.78	0.197321	48.884
19.75	19.78	0.197338	48.984
19.75	19.79	0.197354	49.083
19.75	19.79	0.197371	49.184
19.78	19.79	0.197388	49.283
19.78	19.79	0.197404	49.384
19.78	19.80	0.197421	49.484
19.78	19.80	0.197438	49.584
19.78	19.80	0.197454	49.684
19.78	19.81	0.197471	49.783
19.78	19.81	0.197488	49.884
19.80	19.81	0.197504	49.983
19.80	19.81	0.197521	50.085
19.80	19.82	0.197538	50.185
19.80	19.82	0.197554	50.285
19.80	19.82	0.197571	50.385
19.83	19.83	0.197588	50.485
19.83	19.83	0.197604	50.585
19.83	19.83	0.197621	50.684
19.83	19.84	0.197638	50.785
19.83	19.84	0.197654	50.884
19.83	19.84	0.197671	50.985
19.83	19.85	0.197688	51.085
19.86	19.85	0.197704	51.185
19.86	19.85	0.197721	51.285
19.86	19.86	0.197738	51.384
19.86	19.86	0.197754	51.485
19.86	19.86	0.197771	51.584
19.86	19.87	0.197788	51.685
19.86	19.87	0.197804	51.785
19.88	19.87	0.197821	51.885
19.88	19.88	0.197838	51.985
19.88	19.88	0.197854	52.085
19.88	19.88	0.197871	52.185
19.88	19.89	0.197887	52.284
19.88	19.89	0.197904	52.409
19.88	19.89	0.197921	52.513
19.88	19.90	0.197937	52.608
19.88	19.90	0.197954	52.707
19.91	19.90	0.197971	52.812
19.91	19.91	0.197987	52.907
19.91	19.91	0.198004	53.007
19.91	19.92	0.198021	53.111
19.91	19.92	0.198037	53.205
19.91	19.92	0.198054	53.304
19.91	19.93	0.198071	53.409
19.91	19.93	0.198087	53.503
19.91	19.93	0.198104	53.603
19.93	19.94	0.198121	53.708
19.93	19.94	0.198137	53.802
19.93	19.94	0.198154	53.902
19.93	19.95	0.198171	54.006
19.93	19.95	0.198187	54.101
19.93	19.95	0.198204	54.201
19.93	19.96	0.198221	54.305
19.93	19.96	0.198237	54.399
19.96	19.96	0.198254	54.502
19.96	19.97	0.198271	54.604
19.96	19.97	0.198287	54.698
19.96	19.97	0.198304	54.802
19.96	19.97	0.198321	54.902
19.99	19.98	0.198337	54.998
19.99	19.98	0.198354	55.101
19.99	19.98	0.198371	55.201
19.99	19.99	0.198387	55.296
19.99	19.99	0.198404	55.400
19.99	19.99	0.198421	55.500
20.01	19.99	0.198437	55.594
20.01	20.00	0.198454	55.699
20.01	20.00	0.198471	55.798
20.01	20.00	0.198487	55.893
20.01	20.00	0.198504	55.998
20.01	20.01	0.198521	56.092
20.01	20.01	0.198537	56.192
20.01	20.01	0.198554	56.296
20.01	20.01	0.198571	56.391
20.01	20.02	0.198587	56.490
20.01	20.02	0.198604	56.595
20.01	20.02	0.198621	56.689
20.04	20.02	0.198637	56.789
20.04	20.02	0.198654	56.894
20.04	20.03	0.198671	56.988
20.04	20.03	0.198687	57.088
20.04	20.03	0.198704	57.192
20.04	20.03	0.198720	57.287
20.04	20.03	0.198737	57.386
20.04	20.04	0.198754	57.491
20.04	20.04	0.198770	57.586
20.04	20.04	0.198787	57.686
20.04	20.04	0.198804	57.790
20.04	20.04	0.198820	57.886
20.04	20.04	0.198837	57.986
20.04	20.04	0.198854	58.089
20.06	20.04	0.198870	58.185
20.06	20.05	0.198887	58.286
20.06	20.05	0.198904	58.388
20.06	20.05	0.198920	58.486
20.06	20.05	0.198937	58.586
20.06	20.05	0.198954	58.686
20.06	20.05	0.198970	58.786
20.06	20.05	0.198987	58.885
20.06	20.05	0.199004	58.986
20.06	20.05	0.199020	59.086
20.06	20.05	0.199037	59.186
20.06	20.05	0.199054	59.286
20.06	20.05	0.199070	59.385
20.06	20.05	0.199087	59.486
20.06	20.05	0.199104	59.585
20.06	20.05	0.199120	59.686
20.06	20.05	0.199137	59.785
20.06	20.05	0.199154	59.886
20.06	20.05	0.199170	59.986
20.06	20.05	0.199187	00.086
20.06	20.05	0.199204	00.186
20.06	20.05	0.199220	00.285
20.06	20.05	0.199237	00.386
20.06	20.05	0.199254	00.485
20.06	20.05	0.199270	00.586
20.06	20.05	0.199287	00.686
20.06	20.05	0.199304	00.786
20.06	20.05	0.199320	00.886
20.06	20.05	0.199337	00.985
20.06	20.05	0.199354	01.086
20.06	20.05	0.199370	01.185
20.06	20.05	0.199387	01.286
20.06	20.05	0.199404	01.386
20.06	20.04	0.199420	01.486
20.06	20.04	0.199437	01.586
20.06	20.04	0.199454	01.686
20.06	20.04	0.199470	01.786
20.06	20.04	0.199487	01.885
20.06	20.04	0.199504	01.986
20.06	20.04	0.199520	02.086
20.06	20.04	0.199537	02.187
20.04	20.04	0.199553	02.287
20.04	20.03	0.199570	02.387
20.04	20.03	0.199587	02.487
20.04	20.03	0.199603	02.587
20.04	20.03	0.199620	02.687
20.04	20.03	0.199637	02.786
20.04	20.03	0.199653	02.887
20.04	20.03	0.199670	02.986
20.04	20.02	0.199687	03.087
20.04	20.02	0.199703	03.187
20.04	20.02	0.199720	03.316
20.04	20.02	0.199737	03.411
20.01	20.02	0.199753	03.510
20.01	20.02	0.199770	03.615
20.01	20.01	0.199787	03.709
20.01	20.01	0.199803	03.809
20.01	20.01	0.199820	03.913
20.01	20.01	0.199837	04.008
20.01	20.01	0.199853	04.108
20.01	20.01	0.199870	04.212
20.01	20.00	0.199887	04.307
20.01	20.00	0.199903	04.406
20.01	20.00	0.199920	04.511
20.01	20.00	0.199937	04.605
20.01	20.00	0.199953	04.707
19.99	20.00	0.199970	04.809
19.99	19.99	0.199987	04.904
19.99	19.99	0.200003	05.007
19.99	19.99	0.200020	05.108
19.99	19.99	0.200037	05.202
19.99	19.99	0.200053	05.307
19.99	19.99	0.200070	05.407
19.99	19.98	0.200087	05.501
19.99	19.98	0.200103	05.606
19.99	19.98	0.200120	05.706
19.99	19.98	0.200137	05.800
19.99	19.98	0.200153	05.905
19.99	19.98	0.200170	06.004
19.99	19.97	0.200187	06.099
19.99	19.97	0.200203	06.203
19.99	19.97	0.200220	06.298
19.96	19.97	0.200237	06.398
19.96	19.97	0.200253	06.502
19.96	19.97	0.200270	06.596
19.96	19.97	0.200287	06.695
19.96	19.96	0.200303	06.801
19.96	19.96	0.200320	06.894
19.96	19.96	0.200337	06.994
19.96	19.96	0.200353	07.098
19.96	19.96	0.200370	07.193
19.96	19.96	0.200386	07.293
19.96	19.96	0.200403	07.397
19.96	19.96	0.200420	07.492
19.93	19.96	0.200436	07.591
19.93	19.96	0.200453	07.696
19.93	19.95	0.200470	07.790
19.93	19.95	0.200486	07.890
19.93	19.95	0.200503	07.994
19.93	19.95	0.200520	08.089
19.93	19.95	0.200536	08.189
19.93	19.95	0.200553	08.293
19.93	19.95	0.200570	08.388
19.93	19.95	0.200586	08.488
19.93	19.95	0.200603	08.592
19.93	19.95	0.200620	08.686
19.96	19.95	0.200636	08.788
19.96	19.95	0.200653	08.891
19.96	19.95	0.200670	08.987
19.96	19.95	0.200686	09.089
19.96	19.95	0.200703	09.189
19.96	19.95	0.200720	09.287
19.96	19.95	0.200736	09.388
19.96	19.95	0.200753	09.488
19.96	19.95	0.200770	09.586
19.96	19.95	0.200786	09.687
19.96	19.95	0.200803	09.787
19.96	19.95	0.200820	09.887
19.96	19.95	0.200836	09.987
19.96	19.95	0.200853	10.086
19.96	19.95	0.200870	10.187
19.96	19.95	0.200886	10.286
19.96	19.95	0.200903	10.387
19.93	19.95	0.200920	10.487
19.93	19.96	0.200936	10.587
19.93	19.96	0.200953	10.687
19.93	19.96	0.200970	10.787
19.93	19.96	0.200986	10.887
19.93	19.96	0.201003	10.986
19.93	19.96	0.201020	11.087
19.93	19.96	0.201036	11.186
19.93	19.96	0.201053	11.287
19.93	19.96	0.201070	11.387
19.96	19.97	0.201086	11.487
19.96	19.97	0.201103	11.587
19.96	19.97	0.201120	11.686
19.96	19.97	0.201136	11.787
19.96	19.97	0.201153	11.886
19.96	19.98	0.201170	11.987
19.96	19.98	0.201186	12.087
19.96	19.98	0.201203	12.187
19.99	19.98	0.201219	12.287
19.99	19.98	0.201236	12.387
19.99	19.99	0.201253	12.487
19.99	19.99	0.201269	12.586
19.99	19.99	0.201286	12.687
19.99	19.99	0.201303	12.786
19.99	19.99	0.201319	12.887
19.99	20.00	0.201336	12.987
19.99	20.00	0.201353	13.087
19.99	20.00	0.201369	13.187
19.99	20.00	0.201386	13.286
19.99	20.01	0.201403	13.387
20.01	20.01	0.201419	13.486
20.01	20.01	0.201436	13.587
20.01	20.02	0.201453	13.687
20.01	20.02	0.201469	13.787
20.01	20.02	0.201486	13.887
20.01	20.02	0.201503	13.987
20.01	20.03	0.201519	14.087
20.01	20.03	0.201536	14.186
20.01	20.03	0.201553	14.287
20.01	20.04	0.201569	14.386
20.01	20.04	0.201586	14.487
20.04	20.04	0.201603	14.587
20.04	20.05	0.201619	14.715
20.04	20.05	0.201636	14.810
20.04	20.05	0.201653	14.887
20.04	20.06	0.201669	15.014
20.04	20.06	0.201686	15.109
20.04	20.06	0.201703	15.186
20.06	20.07	0.201719	15.313
20.06	20.07	0.201736	15.407
20.06	20.07	0.201753	15.512
20.06	20.08	0.201769	15.612
20.06	20.08	0.201786	15.706
20.06	20.08	0.201803	15.810
20.09	20.09	0.201819	15.910
20.09	20.09	0.201836	16.004
20.09	20.09	0.201853	16.109
20.09	20.10	0.201869	16.208
20.09	20.10	0.201886	16.303
20.09	20.10	0.201903	16.408
20.09	20.11	0.201919	16.502
20.12	20.11	0.201936	16.602
20.12	20.11	0.201953	16.706
20.12	20.12	0.201969	16.801
20.12	20.12	0.201986	16.900
20.12	20.13	0.202003	17.005
20.12	20.13	0.202019	17.100
20.12	20.13	0.202036	17.199
20.12	20.14	0.202052	17.304
20.14	20.14	0.202069	17.398
20.14	20.14	0.202086	17.498
20.14	20.15	0.202102	17.602
20.14	20.15	0.202119	17.697
20.14	20.15	0.202136	17.797
20.14	20.16	0.202152	17.901
20.14	20.16	0.202169	17.996
20.14	20.16	0.202186	18.095
20.17	20.17	0.202202	18.200
20.17	20.17	0.202219	18.294
20.17	20.17	0.202236	18.394
20.17	20.18	0.202252	18.498
20.17	20.18	0.202269	18.593
20.17	20.18	0.202286	18.693
20.17	20.18	0.202302	18.797
20.19	20.19	0.202319	18.892
20.19	20.19	0.202336	18.993
20.19	20.19	0.202352	19.096
20.19	20.20	0.202369	19.190
20.19	20.20	0.202386	19.293
20.19	20.20	0.202402	19.395
20.19	20.20	0.202419	19.489
20.19	20.21	0.202436	19.594
20.19	20.21	0.202452	19.693
20.22	20.21	0.202469	19.789
20.22	20.22	0.202486	19.892
20.22	20.22	0.202502	19.992
20.22	20.22	0.202519	20.090
20.22	20.22	0.202536	20.191
20.22	20.23	0.202552	20.291
20.22	20.23	0.202569	20.390
20.22	20.23	0.202586	20.490
20.25	20.23	0.202602	20.589
20.25	20.23	0.202619	20.690
20.25	20.24	0.202636	20.789
20.25	20.24	0.202652	20.890
20.25	20.24	0.202669	20.990
20.25	20.24	0.202686	21.090
20.25	20.24	0.202702	21.190
20.25	20.25	0.202719	21.290
20.25	20.25	0.202736	21.389
20.25	20.25	0.202752	21.490
20.25	20.25	0.202769	21.589
20.27	20.25	0.202786	21.690
20.27	20.25	0.202802	21.790
20.27	20.25	0.202819	21.890
20.27	20.26	0.202836	21.990
20.27	20.26	0.202852	22.091
20.27	20.26	0.202869	22.189
20.27	20.26	0.202885	22.290
20.27	20.26	0.202902	22.390
20.27	20.26	0.202919	22.490
20.27	20.26	0.202935	22.590
20.27	20.26	0.202952	22.690
20.27	20.26	0.202969	22.790
20.27	20.26	0.202985	22.889
20.27	20.26	0.203002	22.991
20.27	20.26	0.203019	23.089
20.27	20.27	0.203035	23.190
20.27	20.27	0.203052	23.290
20.27	20.27	0.203069	23.390
20.27	20.27	0.203085	23.490
20.27	20.27	0.203102	23.591
20.27	20.27	0.203119	23.690
20.27	20.27	0.203135	23.789
20.27	20.27	0.203152	23.891
20.27	20.27	0.203169	23.990
20.27	20.27	0.203185	24.091
20.27	20.27	0.203202	24.192
20.27	20.27	0.203219	24.291
20.27	20.27	0.203235	24.391
20.27	20.27	0.203252	24.491
20.27	20.26	0.203269	24.591
20.27	20.26	0.203285	24.690
20.27	20.26	0.203302	24.792
20.27	20.26	0.203319	24.891
20.27	20.26	0.203335	24.991
20.27	20.26	0.203352	25.092
20.27	20.26	0.203369	25.220
20.27	20.26	0.203385	25.314
20.27	20.26	0.203402	25.392
20.30	20.26	0.203419	25.518
20.30	20.26	0.203435	25.613
20.30	20.26	0.203452	25.691
20.30	20.26	0.203469	25.817
20.27	20.25	0.203485	25.911
20.27	20.25	0.203502	26.016
20.27	20.25	0.203519	26.116
20.27	20.25	0.203535	26.210
20.27	20.25	0.203552	26.315
20.27	20.25	0.203569	26.414
20.27	20.25	0.203585	26.509
20.27	20.25	0.203602	26.613
20.27	20.24	0.203619	26.713
20.27	20.24	0.203635	26.808
20.25	20.24	0.203652	26.912
20.25	20.24	0.203669	27.007
20.25	20.24	0.203685	27.106
20.25	20.24	0.203702	27.211
20.25	20.23	0.203718	27.305
20.25	20.23	0.203735	27.405
20.25	20.23	0.203752	27.509
20.25	20.23	0.203768	27.604
20.22	20.23	0.203785	27.704
20.22	20.23	0.203802	27.808
20.22	20.22	0.203818	27.903
20.22	20.22	0.203835	28.002
20.22	20.22	0.203852	28.107
20.22	20.22	0.203868	28.200
20.22	20.22	0.203885	28.301
20.22	20.22	0.203902	28.405
20.22	20.21	0.203918	28.500
20.19	20.21	0.203935	28.599
20.19	20.21	0.203952	28.704
20.19	20.21	0.203968	28.798
20.19	20.21	0.203985	28.898
20.19	20.21	0.204002	29.003
20.19	20.20	0.204018	29.097
20.19	20.20	0.204035	29.198
20.19	20.20	0.204052	29.302
20.19	20.20	0.204068	29.395
20.19	20.20	0.204085	29.498
20.19	20.20	0.204102	29.599
20.19	20.19	0.204118	29.694
20.19	20.19	0.204135	29.798
20.19	20.19	0.204152	29.898
20.19	20.19	0.204168	29.994
20.19	20.19	0.204185	30.097
20.19	20.19	0.204202	30.197
20.19	20.18	0.204218	30.292
20.19	20.18	0.204235	30.397
20.19	20.18	0.204252	30.496
20.19	20.18	0.204268	30.591
20.19	20.18	0.204285	30.695
20.19	20.18	0.204302	30.795
20.19	20.18	0.204318	30.891
20.19	20.18	0.204335	30.994
20.19	20.17	0.204352	31.095
20.19	20.17	0.204368	31.191
20.19	20.17	0.204385	31.293
20.19	20.17	0.204402	31.394
20.19	20.17	0.204418	31.491
20.19	20.17	0.204435	31.591
20.19	20.17	0.204452	31.695
20.19	20.17	0.204468	31.791
20.19	20.17	0.204485	31.891
20.19	20.17	0.204502	31.995
20.17	20.17	0.204518	32.091
20.17	20.16	0.204535	32.192
20.17	20.16	0.204551	32.295
20.17	20.16	0.204568	32.392
20.17	20.16	0.204585	32.492
20.17	20.16	0.204601	32.595
20.17	20.16	0.204618	32.692
20.17	20.16	0.204635	32.792
20.14	20.16	0.204651	32.896
20.14	20.16	0.204668	32.991
20.14	20.16	0.204685	33.092
20.14	20.16	0.204701	33.195
20.14	20.16	0.204718	33.292
20.14	20.16	0.204735	33.392
20.14	20.16	0.204751	33.496
20.14	20.16	0.204768	33.592
20.14	20.16	0.204785	33.692
20.14	20.16	0.204801	33.795
20.14	20.16	0.204818	33.892
20.14	20.16	0.204835	33.991
20.14	20.16	0.204851	34.096
20.14	20.17	0.204868	34.192
20.14	20.17	0.204885	34.292
20.14	20.17	0.204901	34.396
20.14	20.17	0.204918	34.492
20.14	20.17	0.204935	34.591
20.17	20.17	0.204951	34.696
20.17	20.17	0.204968	34.791
20.17	20.17	0.204985	34.892
20.17	20.17	0.205001	34.996
20.17	20.17	0.205018	35.092
20.17	20.18	0.205035	35.192
20.17	20.18	0.205051	35.297
20.17	20.18	0.205068	35.391
20.17	20.18	0.205085	35.492
20.17	20.18	0.205101	35.591
20.17	20.18	0.205118	35.692
20.17	20.18	0.205135	35.792
20.17	20.19	0.205151	35.892
20.17	20.19	0.205168	35.992
20.19	20.19	0.205185	36.091
20.19	20.19	0.205201	36.221
20.19	20.19	0.205218	36.320
20.19	20.20	0.205235	36.415
20.19	20.20	0.205251	36.520
20.19	20.20	0.205268	36.619
20.19	20.20	0.205285	36.714
20.19	20.21	0.205301	36.818
20.19	20.21	0.205318	36.918
20.19	20.21	0.205335	37.012
20.19	20.21	0.205351	37.117
20.19	20.22	0.205368	37.212
20.19	20.22	0.205384	37.311
20.19	20.22	0.205401	37.416
20.19	20.22	0.205418	37.510
20.22	20.23	0.205434	37.610
20.22	20.23	0.205451	37.714
20.22	20.23	0.205468	37.809
20.22	20.23	0.205484	37.908
20.22	20.24	0.205501	38.013
20.22	20.24	0.205518	38.108
20.22	20.24	0.205534	38.207
20.22	20.25	0.205551	38.312
20.25	20.25	0.205568	38.406
20.25	20.25	0.205584	38.505
20.25	20.26	0.205601	38.610
20.25	20.26	0.205618	38.705
20.25	20.26	0.205634	38.805
20.25	20.27	0.205651	38.909
20.27	20.27	0.205668	39.004
20.27	20.27	0.205684	39.103
20.27	20.28	0.205701	39.208
20.27	20.28	0.205718	39.302
20.27	20.28	0.205734	39.403
20.27	20.29	0.205751	39.506
20.27	20.29	0.205768	39.601
20.30	20.29	0.205784	39.703
20.30	20.30	0.205801	39.805
20.30	20.30	0.205818	39.900
20.30	20.30	0.205834	40.003
20.30	20.31	0.205851	40.104
20.30	20.31	0.205868	40.198
20.30	20.31	0.205884	40.303
20.30	20.32	0.205901	40.403
20.32	20.32	0.205918	40.497
20.32	20.32	0.205934	40.602
20.32	20.33	0.205951	40.701
20.32	20.33	0.205968	40.796
20.32	20.33	0.205984	40.900
20.32	20.34	0.206001	41.000
20.32	20.34	0.206018	41.094
20.32	20.35	0.206034	41.199
20.35	20.35	0.206051	41.294
20.35	20.35	0.206068	41.394
20.35	20.36	0.206084	41.498
20.35	20.36	0.206101	41.593
20.35	20.36	0.206118	41.694
20.35	20.37	0.206134	41.796
20.35	20.37	0.206151	41.894
20.38	20.37	0.206168	41.994
20.38	20.38	0.206184	42.095
20.38	20.38	0.206201	42.194
20.38	20.38	0.206217	42.294
20.38	20.39	0.206234	42.394
20.38	20.39	0.206251	42.493
20.40	20.39	0.206267	42.594
20.40	20.39	0.206284	42.693
20.40	20.40	0.206301	42.794
20.40	20.40	0.206317	42.894
20.40	20.40	0.206334	42.994
20.40	20.41	0.206351	43.094
20.40	20.41	0.206367	43.193
20.40	20.41	0.206384	43.294
20.43	20.42	0.206401	43.393
20.43	20.42	0.206417	43.494
20.43	20.42	0.206434	43.593
20.43	20.42	0.206451	43.694
20.43	20.43	0.206467	43.794
20.43	20.43	0.206484	43.894
20.43	20.43	0.206501	43.994
20.43	20.43	0.206517	44.093
20.43	20.44	0.206534	44.194
20.43	20.44	0.206551	44.293
20.43	20.44	0.206567	44.394
20.45	20.44	0.206584	44.494
20.45	20.45	0.206601	44.594
20.45	20.45	0.206617	44.694
20.45	20.45	0.206634	44.794
20.45	20.45	0.206651	44.894
20.45	20.45	0.206667	44.993
20.45	20.46	0.206684	45.094
20.45	20.46	0.206701	45.193
20.45	20.46	0.206717	45.294
20.45	20.46	0.206734	45.394
20.45	20.46	0.206751	45.494
20.48	20.46	0.206767	45.594
20.48	20.46	0.206784	45.694
20.48	20.47	0.206801	45.794
20.48	20.47	0.206817	45.893
20.48	20.47	0.206834	45.994
20.48	20.47	0.206851	46.093
20.48	20.47	0.206867	46.194
20.48	20.47	0.206884	46.294
20.48	20.47	0.206901	46.394
20.48	20.47	0.206917	46.494
20.48	20.48	0.206934	46.593
20.48	20.48	0.206951	46.694
20.48	20.48	0.206967	46.793
20.48	20.48	0.206984	46.894
20.48	20.48	0.207001	46.994
20.48	20.48	0.207017	47.123
20.50	20.48	0.207034	47.218
20.50	20.48	0.207050	47.322
20.50	20.48	0.207067	47.417
20.50	20.48	0.207084	47.516
20.50	20.48	0.207100	47.621
20.50	20.48	0.207117	47.715
20.50	20.48	0.207134	47.815
20.50	20.48	0.207150	47.919
20.50	20.48	0.207167	48.014
20.50	20.48	0.207184	48.114
20.50	20.48	0.207200	48.218
20.50	20.48	0.207217	48.313
20.50	20.48	0.207234	48.412
20.50	20.48	0.207250	48.517
20.50	20.48	0.207267	48.611
20.48	20.48	0.207284	48.711
20.48	20.48	0.207300	48.815
20.48	20.48	0.207317	48.910
20.48	20.48	0.207334	49.010
20.48	20.48	0.207350	49.114
20.48	20.47	0.207367	49.209
20.48	20.47	0.207384	49.308
20.48	20.47	0.207400	49.413
20.48	20.47	0.207417	49.507
20.48	20.47	0.207434	49.608
20.48	20.47	0.207450	49.712
20.48	20.47	0.207467	49.806
20.48	20.47	0.207484	49.907
20.48	20.47	0.207500	50.010
20.48	20.47	0.207517	50.104
20.48	20.46	0.207534	50.208
20.48	20.46	0.207550	50.308
20.48	20.46	0.207567	50.403
20.48	20.46	0.207584	50.508
20.48	20.46	0.207600	50.607
20.48	20.46	0.207617	50.702
20.48	20.46	0.207634	50.806
20.48	20.45	0.207650	50.906
20.45	20.45	0.207667	51.000
20.45	20.45	0.207684	51.105
20.45	20.45	0.207700	51.205
20.45	20.45	0.207717	51.299
20.45	20.45	0.207734	51.404
20.45	20.44	0.207750	51.498
20.45	20.44	0.207767	51.598
20.45	20.44	0.207784	51.702
20.45	20.44	0.207800	51.797
20.45	20.44	0.207817	51.896
20.43	20.44	0.207834	52.001
20.43	20.43	0.207850	52.096
20.43	20.43	0.207867	52.195
20.43	20.43	0.207883	52.300
20.43	20.43	0.207900	52.394
20.43	20.43	0.207917	52.495
20.43	20.43	0.207933	52.598
20.43	20.42	0.207950	52.695
20.43	20.42	0.207967	52.795
20.43	20.42	0.207983	52.897
20.43	20.42	0.208000	52.994
20.43	20.42	0.208017	53.095
20.43	20.42	0.208033	53.196
20.43	20.41	0.208050	53.295
20.43	20.41	0.208067	53.394
20.40	20.41	0.208083	53.495
20.40	20.41	0.208100	53.595
20.40	20.41	0.208117	53.695
20.40	20.41	0.208133	53.795
20.40	20.40	0.208150	53.895
20.40	20.40	0.208167	53.995
20.40	20.40	0.208183	54.094
20.40	20.40	0.208200	54.195
20.40	20.40	0.208217	54.294
20.40	20.40	0.208233	54.395
20.40	20.40	0.208250	54.495
20.40	20.39	0.208267	54.595
20.40	20.39	0.208283	54.695
20.40	20.39	0.208300	54.794
20.38	20.39	0.208317	54.895
20.38	20.39	0.208333	54.994
20.38	20.39	0.208350	55.095
20.38	20.39	0.208367	55.194
20.38	20.39	0.208383	55.295
20.38	20.38	0.208400	55.395
20.38	20.38	0.208417	55.495
20.38	20.38	0.208433	55.595
20.38	20.38	0.208450	55.694
20.38	20.38	0.208467	55.795
20.38	20.38	0.208483	55.894
20.38	20.38	0.208500	55.995
20.38	20.38	0.208517	56.095
20.38	20.38	0.208533	56.195
20.38	20.38	0.208550	56.295
20.38	20.38	0.208567	56.395
20.38	20.38	0.208583	56.495
20.38	20.38	0.208600	56.594
20.38	20.38	0.208617	56.695
20.38	20.38	0.208633	56.794
20.38	20.38	0.208650	56.895
20.38	20.38	0.208667	56.995
20.38	20.38	0.208683	57.095
20.38	20.38	0.208700	57.195
20.38	20.38	0.208716	57.295
20.38	20.38	0.208733	57.394
20.38	20.38	0.208750	57.495
20.38	20.38	0.208766	57.594
20.38	20.38	0.208783	57.695
20.38	20.38	0.208800	57.795
20.38	20.38	0.208816	57.895
20.35	20.38	0.208833	57.995
20.35	20.38	0.208850	58.094
20.35	20.38	0.208866	58.194
20.35	20.38	0.208883	58.293
20.35	20.38	0.208900	58.423
20.35	20.38	0.208916	58.517
20.35	20.38	0.208933	58.617
20.38	20.38	0.208950	58.721
20.38	20.38	0.208966	58.816
20.38	20.38	0.208983	58.916
20.38	20.39	0.209000	59.020
20.38	20.39	0.209016	59.115
20.38	20.39	0.209033	59.214
20.38	20.39	0.209050	59.319
20.38	20.39	0.209066	59.413
20.38	20.39	0.209083	59.513
20.38	20.39	0.209100	59.618
20.40	20.40	0.209116	59.712
20.40	20.40	0.209133	59.812
20.40	20.40	0.209150	59.916
20.40	20.40	0.209166	00.011
20.40	20.40	0.209183	00.112
20.40	20.41	0.209200	00.215
20.40	20.41	0.209216	00.310
20.40	20.41	0.209233	00.412
20.40	20.41	0.209250	00.513
20.40	20.41	0.209266	00.608
20.40	20.42	0.209283	00.712
20.40	20.42	0.209300	00.812
20.40	20.42	0.209316	00.907
20.40	20.42	0.209333	01.011
20.40	20.43	0.209350	01.111
20.40	20.43	0.209366	01.205
20.40	20.43	0.209383	01.310
20.43	20.43	0.209400	01.410
20.43	20.44	0.209416	01.504
20.43	20.44	0.209433	01.609
20.43	20.44	0.209450	01.703
20.43	20.45	0.209466	01.803
20.43	20.45	0.209483	01.907
20.43	20.45	0.209500	02.002
20.43	20.45	0.209516	02.102
20.45	20.46	0.209533	02.206
20.45	20.46	0.209549	02.301
20.45	20.46	0.209566	02.400
20.45	20.47	0.209583	02.505
20.45	20.47	0.209599	02.600
20.45	20.47	0.209616	02.699
20.45	20.48	0.209633	02.804
20.45	20.48	0.209649	02.898
20.48	20.48	0.209666	02.998
20.48	20.49	0.209683	03.102
20.48	20.49	0.209699	03.197
20.48	20.49	0.209716	03.296
20.48	20.50	0.209733	03.401
20.48	20.50	0.209749	03.496
20.50	20.50	0.209766	03.595
20.50	20.51	0.209783	03.700
20.50	20.51	0.209799	03.794
20.50	20.51	0.209816	03.895
20.50	20.52	0.209833	03.998
20.50	20.52	0.209849	04.095
20.53	20.52	0.209866	04.195
20.53	20.53	0.209883	04.297
20.53	20.53	0.209899	04.395
20.53	20.53	0.209916	04.495
20.53	20.54	0.209933	04.596
20.53	20.54	0.209949	04.694
20.53	20.54	0.209966	04.795
20.56	20.55	0.209983	04.894
20.56	20.55	0.209999	04.995
20.56	20.56	0.210016	05.095
20.56	20.56	0.210033	05.195
20.56	20.56	0.210049	05.295
20.56	20.57	0.210066	05.394
20.56	20.57	0.210083	05.495
20.56	20.57	0.210099	05.594
20.56	20.58	0.210116	05.695
20.58	20.58	0.210133	05.796
20.58	20.58	0.210149	05.896
20.58	20.59	0.210166	05.996
20.58	20.59	0.210183	06.096
20.58	20.59	0.210199	06.195
20.58	20.60	0.210216	06.296
20.58	20.60	0.210233	06.395
20.58	20.60	0.210249	06.496
20.61	20.61	0.210266	06.596
20.61	20.61	0.210283	06.696
20.61	20.61	0.210299	06.796
20.61	20.61	0.210316	06.896
20.61	20.62	0.210333	06.996
20.61	20.62	0.210349	07.095
20.61	20.62	0.210366	07.196
20.63	20.63	0.210382	07.295
20.63	20.63	0.210399	07.396
20.63	20.63	0.210416	07.496
20.63	20.63	0.210432	07.596
20.63	20.64	0.210449	07.696
20.63	20.64	0.210466	07.795
20.63	20.64	0.210482	07.896
20.66	20.64	0.210499	07.995
20.66	20.65	0.210516	08.096
20.66	20.65	0.210532	08.196
20.66	20.65	0.210549	08.296
20.66	20.65	0.210566	08.396
20.66	20.66	0.210582	08.496
20.66	20.66	0.210599	08.596
20.66	20.66	0.210616	08.695
20.66	20.66	0.210632	08.796
20.66	20.66	0.210649	08.895
20.66	20.67	0.210666	08.996
20.68	20.67	0.210682	09.096
20.68	20.67	0.210699	09.226
20.68	20.67	0.210716	09.320
20.68	20.67	0.210732	09.420
20.68	20.68	0.210749	09.525
20.68	20.68	0.210766	09.618
20.68	20.68	0.210782	09.718
20.68	20.68	0.210799	09.822
20.68	20.68	0.210816	09.917
20.68	20.68	0.210832	10.016
20.68	20.68	0.210849	10.121
20.68	20.68	0.210866	10.216
20.68	20.69	0.210882	10.317
20.68	20.69	0.210899	10.420
20.71	20.69	0.210916	10.514
20.71	20.69	0.210932	10.617
20.71	20.69	0.210949	10.718
20.71	20.69	0.210966	10.813
20.71	20.69	0.210982	10.918
20.71	20.69	0.210999	11.017
20.71	20.69	0.211016	11.112
20.71	20.69	0.211032	11.216
20.71	20.69	0.211049	11.316
20.71	20.69	0.211066	11.410
20.71	20.69	0.211082	11.515
20.71	20.69	0.211099	11.614
20.71	20.69	0.211116	11.709
20.71	20.69	0.211132	11.814
20.71	20.69	0.211149	11.913
20.71	20.69	0.211166	12.008
20.71	20.69	0.211182	12.112
20.68	20.69	0.211199	12.207
20.68	20.69	0.211215	12.306
20.68	20.69	0.211232	12.411
20.68	20.69	0.211249	12.506
20.68	20.69	0.211265	12.605
20.68	20.69	0.211282	12.710
20.68	20.69	0.211299	12.804
20.68	20.69	0.211315	12.904
20.68	20.69	0.211332	13.008
20.68	20.69	0.211349	13.103
20.68	20.69	0.211365	13.203
20.68	20.69	0.211382	13.307
20.68	20.69	0.211399	13.402
20.68	20.68	0.211415	13.501
20.68	20.68	0.211432	13.606
20.68	20.68	0.211449	13.700
20.68	20.68	0.211465	13.800
20.68	20.68	0.211482	13.904
20.68	20.68	0.211499	13.999
20.68	20.68	0.211515	14.099
20.71	20.68	0.211532	14.203
20.71	20.68	0.211549	14.298
20.71	20.67	0.211565	14.399
20.71	20.67	0.211582	14.502
20.71	20.67	0.211599	14.596
20.71	20.67	0.211615	14.699
20.71	20.67	0.211632	14.801
20.71	20.67	0.211649	14.897
20.68	20.67	0.211665	14.999
20.68	20.66	0.211682	15.099
20.68	20.66	0.211699	15.197
20.68	20.66	0.211715	15.298
20.68	20.66	0.211732	15.398
20.68	20.66	0.211749	15.496
20.68	20.66	0.211765	15.597
20.68	20.65	0.211782	15.697
20.66	20.65	0.211799	15.797
20.66	20.65	0.211815	15.897
20.66	20.65	0.211832	15.996
20.66	20.65	0.211849	16.097
20.66	20.65	0.211865	16.196
20.66	20.64	0.211882	16.297
20.66	20.64	0.211899	16.398
20.63	20.64	0.211915	16.498
20.63	20.64	0.211932	16.598
20.63	20.64	0.211949	16.698
20.63	20.64	0.211965	16.798
20.63	20.63	0.211982	16.897
20.63	20.63	0.211999	16.998
20.63	20.63	0.212015	17.097
20.63	20.63	0.212032	17.198
20.63	20.63	0.212048	17.298
20.63	20.63	0.212065	17.398
20.63	20.62	0.212082	17.498
20.63	20.62	0.212098	17.597
20.63	20.62	0.212115	17.698
20.61	20.62	0.212132	17.797
20.61	20.62	0.212148	17.898
20.61	20.62	0.212165	17.998
20.61	20.61	0.212182	18.098
20.61	20.61	0.212198	18.198
20.61	20.61	0.212215	18.298
20.61	20.61	0.212232	18.398
20.61	20.61	0.212248	18.497
20.61	20.61	0.212265	18.598
20.61	20.61	0.212282	18.697
20.61	20.60	0.212298	18.798
20.61	20.60	0.212315	18.898
20.61	20.60	0.212332	18.998
20.61	20.60	0.212348	19.098
20.61	20.60	0.212365	19.198
20.61	20.60	0.212382	19.298
20.61	20.60	0.212398	19.397
20.61	20.60	0.212415	19.498
20.58	20.60	0.212432	19.597
20.58	20.60	0.212448	19.698
20.58	20.59	0.212465	19.798
20.58	20.59	0.212482	19.898
20.58	20.59	0.212498	19.998
20.58	20.59	0.212515	20.097
20.58	20.59	0.212532	20.197
20.58	20.59	0.212548	20.296
20.58	20.59	0.212565	20.421
20.58	20.59	0.212582	20.497
20.58	20.59	0.212598	20.625
20.58	20.59	0.212615	20.720
20.58	20.59	0.212632	20.822
20.58	20.59	0.212648	20.924
20.58	20.59	0.212665	21.018
20.58	20.59	0.212682	21.122
20.58	20.59	0.212698	21.222
20.58	20.59	0.212715	21.317
20.58	20.59	0.212732	21.421
20.58	20.59	0.212748	21.521
20.58	20.59	0.212765	21.616
20.58	20.59	0.212782	21.720
20.58	20.59	0.212798	21.820
20.58	20.59	0.212815	21.914
20.58	20.59	0.212832	22.019
20.61	20.59	0.212848	22.118
20.61	20.59	0.212865	22.213
20.61	20.59	0.212881	22.318
20.61	20.59	0.212898	22.412
20.61	20.59	0.212915	22.512
20.61	20.60	0.212931	22.616
20.61	20.60	0.212948	22.711
20.61	20.60	0.212965	22.810
20.61	20.60	0.212981	22.915
20.58	20.60	0.212998	23.010
20.58	20.60	0.213015	23.109
20.58	20.60	0.213031	23.214
20.58	20.60	0.213048	23.308
20.58	20.60	0.213065	23.408
20.58	20.61	0.213081	23.512
20.58	20.61	0.213098	23.607
20.58	20.61	0.213115	23.706
20.58	20.61	0.213131	23.811
20.58	20.61	0.213148	23.906
20.58	20.62	0.213165	24.005
20.58	20.62	0.213181	24.110
20.58	20.62	0.213198	24.204
20.61	20.62	0.213215	24.304
20.61	20.62	0.213231	24.408
20.61	20.63	0.213248	24.503
20.61	20.63	0.213265	24.603
20.61	20.63	0.213281	24.707
20.61	20.63	0.213298	24.802
20.63	20.63	0.213315	24.903
20.63	20.64	0.213331	25.006
20.63	20.64	0.213348	25.100
20.63	20.64	0.213365	25.204
20.63	20.64	0.213381	25.304
20.63	20.65	0.213398	25.400
20.63	20.65	0.213415	25.503
20.63	20.65	0.213431	25.603
20.66	20.66	0.213448	25.699
20.66	20.66	0.213465	25.802
20.66	20.66	0.213481	25.901
20.66	20.66	0.213498	26.000
20.66	20.67	0.213515	26.101
20.66	20.67	0.213531	26.200
20.66	20.67	0.213548	26.300
20.66	20.68	0.213565	26.400
20.68	20.68	0.213581	26.500
20.68	20.68	0.213598	26.599
20.68	20.69	0.213615	26.700
20.68	20.69	0.213631	26.799
20.68	20.69	0.213648	26.900
20.68	20.70	0.213665	27.000
20.68	20.70	0.213681	27.100
20.68	20.70	0.213698	27.200
20.71	20.71	0.213714	27.299
20.71	20.71	0.213731	27.400
20.71	20.71	0.213748	27.499
20.71	20.72	0.213764	27.600
20.71	20.72	0.213781	27.700
20.71	20.72	0.213798	27.800
20.71	20.73	0.213814	27.900
20.71	20.73	0.213831	28.000
20.74	20.73	0.213848	28.100
20.74	20.74	0.213864	28.199
20.74	20.74	0.213881	28.301
20.74	20.74	0.213898	28.399
20.74	20.75	0.213914	28.500
20.74	20.75	0.213931	28.601
20.74	20.75	0.213948	28.700
20.74	20.76	0.213964	28.800
20.76	20.76	0.213981	28.901
20.76	20.77	0.213998	29.000
20.76	20.77	0.214014	29.099
20.76	20.77	0.214031	29.201
20.76	20.78	0.214048	29.299
20.76	20.78	0.214064	29.400
20.76	20.78	0.214081	29.502
20.76	20.79	0.214098	29.600
20.79	20.79	0.214114	29.700
20.79	20.79	0.214131	29.801
20.79	20.80	0.214148	29.900
20.79	20.80	0.214164	30.000
20.79	20.80	0.214181	30.102
20.79	20.81	0.214198	30.200
20.79	20.81	0.214214	30.301
20.81	20.81	0.214231	30.402
20.81	20.82	0.214248	30.501
20.81	20.82	0.214264	30.601
20.81	20.82	0.214281	30.702
20.81	20.82	0.214298	30.801
20.81	20.83	0.214314	30.900
20.84	20.83	0.214331	31.002
20.84	20.83	0.214348	31.129
20.84	20.84	0.214364	31.224
20.84	20.84	0.214381	31.302
20.84	20.84	0.214398	31.428
20.84	20.84	0.214414	31.522
20.86	20.85	0.214431	31.627
20.86	20.85	0.214448	31.727
20.86	20.85	0.214464	31.821
20.86	20.86	0.214481	31.925
20.86	20.86	0.214498	32.024
20.86	20.86	0.214514	32.119
20.86	20.86	0.214531	32.224
20.86	20.87	0.214547	32.323
20.89	20.87	0.214564	32.419
20.89	20.87	0.214581	32.523
20.89	20.87	0.214597	32.618
20.89	20.87	0.214614	32.716
20.89	20.88	0.214631	32.822
20.89	20.88	0.214647	32.916
20.89	20.88	0.214664	33.015
20.89	20.88	0.214681	33.120
20.89	20.88	0.214697	33.214
20.89	20.89	0.214714	33.314
20.89	20.89	0.214731	33.418
20.89	20.89	0.214747	33.513
20.89	20.89	0.214764	33.612
20.89	20.89	0.214781	33.717
20.89	20.89	0.214797	33.812
20.89	20.89	0.214814	33.912
20.89	20.90	0.214831	34.016
20.89	20.90	0.214847	34.110
20.89	20.90	0.214864	34.210
20.92	20.90	0.214881	34.314
20.92	20.90	0.214897	34.410
20.92	20.90	0.214914	34.509
20.92	20.90	0.214931	34.614
20.92	20.90	0.214947	34.708
20.92	20.90	0.214964	34.809
20.92	20.90	0.214981	34.912
20.92	20.90	0.214997	35.007
20.92	20.90	0.215014	35.108
20.92	20.91	0.215031	35.211
20.92	20.91	0.215047	35.306
20.92	20.91	0.215064	35.409
20.92	20.91	0.215081	35.510
20.92	20.91	0.215097	35.604
20.92	20.91	0.215114	35.709
20.92	20.91	0.215131	35.808
20.92	20.91	0.215147	35.903
20.92	20.91	0.215164	36.007
20.92	20.91	0.215181	36.107
20.92	20.91	0.215197	36.202
20.89	20.91	0.215214	36.306
20.89	20.91	0.215231	36.406
20.89	20.91	0.215247	36.501
20.89	20.90	0.215264	36.605
20.89	20.90	0.215281	36.704
20.89	20.90	0.215297	36.802
20.89	20.90	0.215314	36.904
20.92	20.90	0.215331	37.005
20.92	20.90	0.215347	37.103
20.92	20.90	0.215364	37.203
20.92	20.90	0.215380	37.305
20.92	20.90	0.215397	37.402
20.92	20.90	0.215414	37.503
20.92	20.90	0.215430	37.605
20.92	20.90	0.215447	37.703
20.92	20.90	0.215464	37.803
20.92	20.89	0.215480	37.906
20.92	20.89	0.215497	38.003
20.92	20.89	0.215514	38.103
20.89	20.89	0.215530	38.205
20.89	20.89	0.215547	38.303
20.89	20.89	0.215564	38.402
20.89	20.89	0.215580	38.506
20.89	20.89	0.215597	38.603
20.89	20.88	0.215614	38.703
20.89	20.88	0.215630	38.806
20.89	20.88	0.215647	38.902
20.89	20.88	0.215664	39.003
20.89	20.88	0.215680	39.105
20.89	20.88	0.215697	39.203
20.89	20.87	0.215714	39.303
20.89	20.87	0.215730	39.406
20.89	20.87	0.215747	39.503
20.89	20.87	0.215764	39.603
20.86	20.87	0.215780	39.706
20.86	20.87	0.215797	39.802
20.86	20.86	0.215814	39.903
20.86	20.86	0.215830	40.006
20.86	20.86	0.215847	40.103
20.86	20.86	0.215864	40.203
20.86	20.86	0.215880	40.307
20.86	20.86	0.215897	40.403
20.86	20.85	0.215914	40.503
20.86	20.85	0.215930	40.607
20.86	20.85	0.215947	40.702
20.86	20.85	0.215964	40.803
20.86	20.85	0.215980	40.906
20.86	20.85	0.215997	41.003
20.86	20.84	0.216014	41.103
20.86	20.84	0.216030	41.206
20.86	20.84	0.216047	41.303
20.84	20.84	0.216064	41.403
20.84	20.84	0.216080	41.507
20.84	20.84	0.216097	41.603
20.84	20.83	0.216114	41.702
20.84	20.83	0.216130	41.807
20.84	20.83	0.216147	41.901
20.84	20.83	0.216164	42.026
20.84	20.83	0.216180	42.130
20.84	20.83	0.216197	42.230
20.84	20.82	0.216213	42.325
20.84	20.82	0.216230	42.429
20.81	20.82	0.216247	42.529
20.81	20.82	0.216263	42.623
20.81	20.82	0.216280	42.728
20.81	20.82	0.216297	42.822
20.81	20.82	0.216313	42.922
20.81	20.82	0.216330	43.026
20.81	20.81	0.216347	43.121
20.81	20.81	0.216363	43.221
20.81	20.81	0.216380	43.325
20.81	20.81	0.216397	43.420
20.81	20.81	0.216413	43.519
20.81	20.81	0.216430	43.624
20.81	20.81	0.216447	43.718
20.81	20.81	0.216463	43.818
20.81	20.81	0.216480	43.922
20.81	20.81	0.216497	44.017
20.81	20.81	0.216513	44.117
20.81	20.80	0.216530	44.221
20.81	20.80	0.216547	44.316
20.81	20.80	0.216563	44.415
20.81	20.80	0.216580	44.520
20.79	20.80	0.216597	44.614
20.79	20.80	0.216613	44.714
20.79	20.80	0.216630	44.819
20.79	20.80	0.216647	44.913
20.79	20.80	0.216663	45.013
20.79	20.80	0.216680	45.117
20.79	20.80	0.216697	45.212
20.79	20.80	0.216713	45.313
20.79	20.80	0.216730	45.416
20.79	20.80	0.216747	45.510
20.79	20.80	0.216763	45.613
20.79	20.80	0.216780	45.715
20.79	20.80	0.216797	45.809
20.79	20.80	0.216813	45.914
20.79	20.80	0.216830	46.013
20.79	20.80	0.216847	46.108
20.79	20.81	0.216863	46.212
20.79	20.81	0.216880	46.312
20.79	20.81	0.216897	46.407
20.79	20.81	0.216913	46.511
20.79	20.81	0.216930	46.611
20.79	20.81	0.216947	46.705
20.79	20.81	0.216963	46.809
20.79	20.81	0.216980	46.904
20.79	20.81	0.216997	47.003
20.79	20.81	0.217013	47.108
20.79	20.82	0.217030	47.203
20.81	20.82	0.217046	47.303
20.81	20.82	0.217063	47.407
20.81	20.82	0.217080	47.502
20.81	20.82	0.217096	47.603
20.81	20.82	0.217113	47.705
20.81	20.82	0.217130	47.803
20.81	20.83	0.217146	47.902
20.81	20.83	0.217163	48.004
20.81	20.83	0.217180	48.103
20.81	20.83	0.217196	48.203
20.84	20.83	0.217213	48.303
20.84	20.84	0.217230	48.402
20.84	20.84	0.217246	48.503
20.84	20.84	0.217263	48.602
20.84	20.84	0.217280	48.703
20.84	20.85	0.217296	48.803
20.84	20.85	0.217313	48.903
20.84	20.85	0.217330	49.003
20.84	20.85	0.217346	49.103
20.84	20.86	0.217363	49.203
20.84	20.86	0.217380	49.302
20.86	20.86	0.217396	49.403
20.86	20.86	0.217413	49.502
20.86	20.87	0.217430	49.603
20.86	20.87	0.217446	49.703
20.86	20.87	0.217463	49.803
20.86	20.87	0.217480	49.903
20.86	20.88	0.217496	50.002
20.86	20.88	0.217513	50.103
20.86	20.88	0.217530	50.202
20.86	20.89	0.217546	50.303
20.89	20.89	0.217563	50.402
20.89	20.89	0.217580	50.503
20.89	20.90	0.217596	50.603
20.89	20.90	0.217613	50.703
20.89	20.90	0.217630	50.803
20.89	20.91	0.217646	50.902
20.89	20.91	0.217663	51.003
20.92	20.91	0.217680	51.102
20.92	20.92	0.217696	51.203
20.92	20.92	0.217713	51.303
20.92	20.92	0.217730	51.403
20.92	20.93	0.217746	51.503
20.92	20.93	0.217763	51.602
20.92	20.93	0.217780	51.703
20.92	20.94	0.217796	51.802
20.92	20.94	0.217813	51.903
20.94	20.94	0.217830	52.003
20.94	20.95	0.217846	52.103
20.94	20.95	0.217863	52.203
20.94	20.95	0.217879	52.303
20.94	20.96	0.217896	52.403
20.94	20.96	0.217913	52.502
20.94	20.96	0.217929	52.603
20.94	20.97	0.217946	52.702
20.97	20.97	0.217963	52.803
20.97	20.97	0.217979	52.903
20.97	20.98	0.217996	53.032
20.97	20.98	0.218013	53.127
20.97	20.99	0.218029	53.231
20.97	20.99	0.218046	53.326
20.99	20.99	0.218063	53.425
20.99	21.00	0.218079	53.530
20.99	21.00	0.218096	53.624
20.99	21.00	0.218113	53.724
20.99	21.01	0.218129	53.828
20.99	21.01	0.218146	53.923
20.99	21.01	0.218163	54.023
20.99	21.02	0.218179	54.127
21.02	21.02	0.218196	54.222
21.02	21.02	0.218213	54.321
21.02	21.03	0.218229	54.426
21.02	21.03	0.218246	54.520
21.02	21.03	0.218263	54.620
21.04	21.03	0.218279	54.725
21.04	21.04	0.218296	54.819
21.04	21.04	0.218313	54.919
21.04	21.04	0.218329	55.023
21.04	21.05	0.218346	55.118
21.04	21.05	0.218363	55.218
21.04	21.05	0.218379	55.322
21.07	21.06	0.218396	55.416
21.07	21.06	0.218413	55.518
21.07	21.06	0.218429	55.621
21.07	21.06	0.218446	55.715
21.07	21.07	0.218463	55.819
21.07	21.07	0.218479	55.919
21.07	21.07	0.218496	56.014
21.07	21.07	0.218513	56.118
21.09	21.08	0.218529	56.218
21.09	21.08	0.218546	56.313
21.09	21.08	0.218563	56.418
21.09	21.08	0.218579	56.517
21.09	21.09	0.218596	56.611
21.09	21.09	0.218613	56.716
21.09	21.09	0.218629	56.815
21.09	21.09	0.218646	56.910
21.09	21.09	0.218663	57.015
21.09	21.10	0.218679	57.115
21.09	21.10	0.218696	57.209
21.09	21.10	0.218712	57.314
21.12	21.10	0.218729	57.408
21.12	21.10	0.218746	57.508
21.12	21.10	0.218762	57.612
21.12	21.10	0.218779	57.707
21.12	21.11	0.218796	57.806
21.12	21.11	0.218812	57.911
21.12	21.11	0.218829	58.006
21.12	21.11	0.218846	58.105
21.12	21.11	0.218862	58.210
21.12	21.11	0.218879	58.304
21.12	21.11	0.218896	58.404
21.12	21.11	0.218912	58.508
21.12	21.12	0.218929	58.603
21.12	21.12	0.218946	58.703
21.12	21.12	0.218962	58.807
21.12	21.12	0.218979	58.903
21.15	21.12	0.218996	59.003
21.15	21.12	0.219012	59.105
21.15	21.12	0.219029	59.203
21.15	21.12	0.219046	59.302
21.15	21.12	0.219062	59.404
21.15	21.12	0.219079	59.503
21.15	21.12	0.219096	59.603
21.15	21.12	0.219112	59.703
21.12	21.12	0.219129	59.803
21.12	21.12	0.219146	59.903
21.12	21.12	0.219162	00.002
21.12	21.12	0.219179	00.104
21.12	21.12	0.219196	00.203
21.12	21.12	0.219212	00.304
21.12	21.12	0.219229	00.404
21.12	21.12	0.219246	00.504
21.12	21.12	0.219262	00.604
21.12	21.12	0.219279	00.703
21.12	21.12	0.219296	00.804
21.12	21.12	0.219312	00.903
21.12	21.12	0.219329	01.004
21.12	21.12	0.219346	01.104
21.12	21.11	0.219362	01.204
21.12	21.11	0.219379	01.304
21.12	21.11	0.219396	01.404
21.12	21.11	0.219412	01.503
21.12	21.11	0.219429	01.604
21.12	21.11	0.219446	01.703
21.12	21.11	0.219462	01.804
21.12	21.11	0.219479	01.904
21.12	21.11	0.219496	02.004
21.12	21.11	0.219512	02.104
21.12	21.10	0.219529	02.204
21.12	21.10	0.219545	02.304
21.12	21.10	0.219562	02.403
21.12	21.10	0.219579	02.504
21.12	21.10	0.219595	02.603
21.09	21.10	0.219612	02.704
21.09	21.10	0.219629	02.804
21.09	21.09	0.219645	02.904
21.09	21.09	0.219662	03.004
21.09	21.09	0.219679	03.103
21.09	21.09	0.219695	03.204
21.09	21.09	0.219712	03.303
21.09	21.09	0.219729	03.404
21.09	21.08	0.219745	03.503
21.09	21.08	0.219762	03.604
21.09	21.08	0.219779	03.704
21.09	21.08	0.219795	03.804
21.09	21.08	0.219812	03.905
21.09	21.08	0.219829	04.004
21.09	21.07	0.219845	04.128
21.09	21.07	0.219862	04.228
21.09	21.07	0.219879	04.332
21.09	21.07	0.219895	04.427
21.09	21.07	0.219912	04.527
21.09	21.07	0.219929	04.631
21.09	21.06	0.219945	04.726
21.07	21.06	0.219962	04.825
21.07	21.06	0.219979	04.930
21.07	21.06	0.219995	05.024
21.07	21.06	0.220012	05.124
21.07	21.06	0.220029	05.228
21.07	21.05	0.220045	05.323
21.07	21.05	0.220062	05.423
21.07	21.05	0.220079	05.527
21.04	21.05	0.220095	05.622
21.04	21.05	0.220112	05.723
21.04	21.05	0.220129	05.826
21.04	21.04	0.220145	05.920
21.04	21.04	0.220162	06.023
21.04	21.04	0.220179	06.124
21.04	21.04	0.220195	06.219
21.04	21.04	0.220212	06.324
21.04	21.04	0.220229	06.423
21.04	21.04	0.220245	06.518
21.04	21.03	0.220262	06.622
21.02	21.03	0.220279	06.722
21.02	21.03	0.220295	06.816
21.02	21.03	0.220312	06.921
21.02	21.03	0.220329	07.021
21.02	21.03	0.220345	07.115
21.02	21.03	0.220362	07.220
21.02	21.03	0.220378	07.319
21.02	21.02	0.220395	07.414
21.02	21.02	0.220412	07.518
21.02	21.02	0.220428	07.613
21.02	21.02	0.220445	07.713
21.02	21.02	0.220462	07.817
21.02	21.02	0.220478	07.912
21.02	21.02	0.220495	08.011
21.02	21.02	0.220512	08.116
21.02	21.02	0.220528	08.210
21.02	21.02	0.220545	08.310
21.02	21.02	0.220562	08.414
21.02	21.02	0.220578	08.509
21.02	21.02	0.220595	08.609
21.02	21.02	0.220612	08.713
21.02	21.02	0.220628	08.808
21.02	21.02	0.220645	08.907
21.02	21.02	0.220662	09.012
21.02	21.02	0.220678	09.106
21.02	21.02	0.220695	09.207
21.02	21.02	0.220712	09.310
21.02	21.02	0.220728	09.407
21.02	21.02	0.220745	09.507
21.02	21.02	0.220762	09.609
21.02	21.02	0.220778	09.707
20.99	21.02	0.220795	09.806
20.99	21.02	0.220812	09.908
20.99	21.02	0.220828	10.006
20.99	21.02	0.220845	10.107
20.99	21.02	0.220862	10.207
20.99	21.02	0.220878	10.307
20.99	21.02	0.220895	10.407
20.99	21.02	0.220912	10.507
21.02	21.02	0.220928	10.607
21.02	21.02	0.220945	10.706
21.02	21.02	0.220962	10.807
21.02	21.02	0.220978	10.906
21.02	21.03	0.220995	11.007
21.02	21.03	0.221012	11.107
21.02	21.03	0.221028	11.207
21.02	21.03	0.221045	11.307
21.02	21.03	0.221062	11.406
21.02	21.03	0.221078	11.507
21.02	21.03	0.221095	11.606
21.02	21.04	0.221112	11.707
21.04	21.04	0.221128	11.806
21.04	21.04	0.221145	11.907
21.04	21.04	0.221162	12.007
21.04	21.04	0.221178	12.107
21.04	21.05	0.221195	12.207
21.04	21.05	0.221211	12.306
21.04	21.05	0.221228	12.407
21.04	21.05	0.221245	12.506
21.04	21.05	0.221261	12.607
21.04	21.06	0.221278	12.707
21.04	21.06	0.221295	12.807
21.04	21.06	0.221311	12.907
21.04	21.06	0.221328	13.007
21.04	21.07	0.221345	13.107
21.04	21.07	0.221361	13.206
21.07	21.07	0.221378	13.307
21.07	21.07	0.221395	13.406
21.07	21.08	0.221411	13.507
21.07	21.08	0.221428	13.607
21.07	21.08	0.221445	13.707
21.07	21.09	0.221461	13.807
21.07	21.09	0.221478	13.906
21.07	21.09	0.221495	14.007
21.07	21.09	0.221511	14.106
21.09	21.10	0.221528	14.207
21.09	21.10	0.221545	14.306
21.09	21.10	0.221561	14.407
21.09	21.11	0.221578	14.507
21.09	21.11	0.221595	14.607
21.09	21.11	0.221611	14.707
21.09	21.12	0.221628	14.806
21.09	21.12	0.221645	14.906
21.12	21.12	0.221661	15.005
21.12	21.13	0.221678	15.135
21.12	21.13	0.221695	15.229
21.12	21.13	0.221711	15.329
21.12	21.14	0.221728	15.434
21.12	21.14	0.221745	15.528
21.15	21.14	0.221761	15.628
21.15	21.15	0.221778	15.732
21.15	21.15	0.221795	15.827
21.15	21.15	0.221811	15.927
21.15	21.16	0.221828	16.031
21.15	21.16	0.221845	16.126
21.15	21.16	0.221861	16.228
21.17	21.17	0.221878	16.330
21.17	21.17	0.221895	16.425
21.17	21.17	0.221911	16.528
21.17	21.18	0.221928	16.629
21.17	21.18	0.221945	16.722
21.17	21.18	0.221961	16.827
21.17	21.19	0.221978	16.926
21.17	21.19	0.221995	17.022
21.17	21.20	0.222011	17.127
21.20	21.20	0.222028	17.226
21.20	21.20	0.222044	17.321
21.20	21.21	0.222061	17.425
21.20	21.21	0.222078	17.524
21.20	21.21	0.222094	17.618
21.20	21.22	0.222111	17.723
21.20	21.22	0.222128	17.818
21.22	21.22	0.222144	17.918
21.22	21.23	0.222161	18.023
21.22	21.23	0.222178	18.116
21.22	21.23	0.222194	18.216
21.22	21.24	0.222211	18.320
21.22	21.24	0.222228	18.415
21.25	21.24	0.222244	18.516
21.25	21.25	0.222261	18.620
21.25	21.25	0.222278	18.715
21.25	21.25	0.222294	18.814
21.25	21.25	0.222311	18.919
21.25	21.26	0.222328	19.013
21.27	21.26	0.222344	19.113
21.27	21.26	0.222361	19.217
21.27	21.27	0.222378	19.312
21.27	21.27	0.222394	19.411
21.27	21.27	0.222411	19.516
21.27	21.27	0.222428	19.610
21.27	21.28	0.222444	19.710
21.27	21.28	0.222461	19.814
21.27	21.28	0.222478	19.909
21.30	21.28	0.222494	20.009
21.30	21.29	0.222511	20.113
21.30	21.29	0.222528	20.208
21.30	21.29	0.222544	20.310
21.30	21.29	0.222561	20.412
21.30	21.30	0.222578	20.506
21.30	21.30	0.222594	20.610
21.30	21.30	0.222611	20.710
21.30	21.30	0.222628	20.807
21.30	21.30	0.222644	20.910
21.30	21.31	0.222661	21.009
21.33	21.31	0.222678	21.107
21.33	21.31	0.222694	21.208
21.33	21.31	0.222711	21.308
21.33	21.31	0.222728	21.411
21.33	21.32	0.222744	21.509
21.33	21.32	0.222761	21.610
21.33	21.32	0.222778	21.710
21.33	21.32	0.222794	21.810
21.33	21.32	0.222811	21.910
21.33	21.32	0.222828	22.010
21.33	21.32	0.222844	22.109
21.33	21.32	0.222861	22.210
21.33	21.33	0.222877	22.309
21.33	21.33	0.222894	22.410
21.33	21.33	0.222911	22.510
21.33	21.33	0.222927	22.611
21.33	21.33	0.222944	22.710
21.33	21.33	0.222961	22.810
21.33	21.33	0.222977	22.910
21.33	21.33	0.222994	23.009
21.33	21.33	0.223011	23.110
21.33	21.33	0.223027	23.209
21.33	21.33	0.223044	23.310
21.33	21.33	0.223061	23.410
21.33	21.33	0.223077	23.510
21.33	21.33	0.223094	23.610
21.35	21.33	0.223111	23.709
21.35	21.33	0.223127	23.811
21.35	21.33	0.223144	23.910
21.35	21.33	0.223161	24.011
21.35	21.33	0.223177	24.111
21.35	21.33	0.223194	24.211
21.35	21.33	0.223211	24.311
21.35	21.33	0.223227	24.411
21.35	21.33	0.223244	24.511
21.35	21.33	0.223261	24.610
21.35	21.33	0.223277	24.711
21.35	21.33	0.223294	24.810
21.33	21.33	0.223311	24.911
21.33	21.33	0.223327	25.011
21.33	21.33	0.223344	25.111
21.33	21.33	0.223361	25.211
21.33	21.33	0.223377	25.340
21.33	21.33	0.223394	25.410
21.33	21.32	0.223411	25.534
21.33	21.32	0.223427	25.639
21.33	21.32	0.223444	25.733
21.33	21.32	0.223461	25.832
21.33	21.32	0.223477	25.938
21.33	21.32	0.223494	26.032
21.33	21.32	0.223511	26.133
21.33	21.32	0.223527	26.236
21.33	21.32	0.223544	26.330
21.33	21.31	0.223561	26.433
21.33	21.31	0.223577	26.534
21.33	21.31	0.223594	26.629
21.33	21.31	0.223611	26.733
21.33	21.31	0.223627	26.833
21.33	21.31	0.223644	26.928
21.33	21.31	0.223661	27.032
21.30	21.30	0.223677	27.132
21.30	21.30	0.223694	27.226
21.30	21.30	0.223710	27.331
21.30	21.30	0.223727	27.430
21.30	21.30	0.223744	27.526
21.30	21.30	0.223760	27.630
21.30	21.29	0.223777	27.730
21.30	21.29	0.223794	27.824
21.30	21.29	0.223810	27.929
21.30	21.29	0.223827	28.023
21.30	21.29	0.223844	28.123
21.30	21.29	0.223860	28.227
21.30	21.28	0.223877	28.322
21.30	21.28	0.223894	28.422
21.30	21.28	0.223910	28.526
21.30	21.28	0.223927	28.621
21.27	21.28	0.223944	28.720
21.27	21.28	0.223960	28.825
21.27	21.27	0.223977	28.919
21.27	21.27	0.223994	29.019
21.27	21.27	0.224010	29.124
21.27	21.27	0.224027	29.218
21.27	21.27	0.224044	29.318
21.27	21.27	0.224060	29.422
21.27	21.26	0.224077	29.517
21.27	21.26	0.224094	29.616
21.27	21.26	0.224110	29.721
21.27	21.26	0.224127	29.815
21.27	21.26	0.224144	29.915
21.27	21.26	0.224160	30.020
21.27	21.25	0.224177	30.114
21.25	21.25	0.224194	30.215
21.25	21.25	0.224210	30.318
21.25	21.25	0.224227	30.413
21.25	21.25	0.224244	30.514
21.25	21.25	0.224260	30.617
21.25	21.25	0.224277	30.712
21.25	21.24	0.224294	30.815
21.25	21.24	0.224310	30.916
21.25	21.24	0.224327	31.011
21.25	21.24	0.224344	31.115
21.25	21.24	0.224360	31.214
21.25	21.24	0.224377	31.311
21.22	21.24	0.224394	31.413
21.22	21.24	0.224410	31.513
21.22	21.24	0.224427	31.611
21.22	21.24	0.224444	31.711
21.22	21.23	0.224460	31.812
21.22	21.23	0.224477	31.910
21.22	21.23	0.224494	32.011
21.22	21.23	0.224510	32.110
21.22	21.23	0.224527	32.211
21.22	21.23	0.224543	32.311
21.22	21.23	0.224560	32.411
21.22	21.23	0.224577	32.511
21.22	21.23	0.224593	32.610
21.22	21.23	0.224610	32.711
21.22	21.23	0.224627	32.810
21.22	21.23	0.224643	32.911
21.22	21.23	0.224660	33.011
21.22	21.23	0.224677	33.111
21.22	21.23	0.224693	33.211
21.22	21.23	0.224710	33.311
21.22	21.23	0.224727	33.411
21.22	21.23	0.224743	33.510
21.22	21.23	0.224760	33.612
21.22	21.23	0.224777	33.711
21.22	21.23	0.224793	33.811
21.22	21.23	0.224810	33.912
21.22	21.23	0.224827	34.011
21.22	21.23	0.224843	34.111
21.25	21.23	0.224860	34.212
21.25	21.23	0.224877	34.311
21.25	21.23	0.224893	34.410
21.25	21.23	0.224910	34.512
21.25	21.24	0.224927	34.611
21.25	21.24	0.224943	34.711
21.25	21.24	0.224960	34.812
21.25	21.24	0.224977	34.911
21.25	21.24	0.224993	35.011
21.25	21.24	0.225010	35.112
21.25	21.24	0.225027	35.211
21.25	21.24	0.225043	35.310
21.22	21.24	0.225060	35.412
21.22	21.25	0.225077	35.511
21.22	21.25	0.225093	35.611
21.22	21.25	0.225110	35.713
21.22	21.25	0.225127	35.810
21.22	21.25	0.225143	35.911
21.22	21.26	0.225160	36.012
21.22	21.26	0.225177	36.111
21.22	21.26	0.225193	36.211
21.22	21.26	0.225210	36.313
21.25	21.26	0.225227	36.411
21.25	21.27	0.225243	36.511
21.25	21.27	0.225260	36.613
21.25	21.27	0.225277	36.710
21.25	21.27	0.225293	36.835
21.25	21.27	0.225310	36.913
21.25	21.28	0.225327	37.039
21.27	21.28	0.225343	37.133
21.27	21.28	0.225360	37.238
21.27	21.28	0.225376	37.338
21.27	21.29	0.225393	37.432
21.27	21.29	0.225410	37.537
21.27	21.29	0.225426	37.636
21.30	21.30	0.225443	37.731
21.30	21.30	0.225460	37.835
21.30	21.30	0.225476	37.935
21.30	21.30	0.225493	38.029
21.30	21.31	0.225510	38.134
21.30	21.31	0.225526	38.229
21.30	21.31	0.225543	38.328
21.30	21.32	0.225560	38.432
21.33	21.32	0.225576	38.527
21.33	21.32	0.225593	38.626
21.33	21.33	0.225610	38.731
21.33	21.33	0.225626	38.826
21.33	21.33	0.225643	38.925
21.33	21.34	0.225660	39.030
21.33	21.34	0.225676	39.124
21.33	21.34	0.225693	39.224
21.33	21.35	0.225710	39.329
21.35	21.35	0.225726	39.423
21.35	21.35	0.225743	39.523
21.35	21.36	0.225760	39.628
21.35	21.36	0.225776	39.721
21.35	21.36	0.225793	39.821
21.35	21.37	0.225810	39.925
21.35	21.37	0.225826	40.020
21.35	21.37	0.225843	40.119
21.35	21.38	0.225860	40.224
21.35	21.38	0.225876	40.318
21.38	21.38	0.225893	40.419
21.38	21.39	0.225910	40.523
21.38	21.39	0.225926	40.617
21.38	21.39	0.225943	40.720
21.38	21.40	0.225960	40.821
21.38	21.40	0.225976	40.916
21.40	21.41	0.225993	41.019
21.40	21.41	0.226010	41.120
21.40	21.41	0.226026	41.215
21.40	21.42	0.226043	41.319
21.40	21.42	0.226060	41.419
21.40	21.42	0.226076	41.514
21.40	21.43	0.226093	41.618
21.43	21.43	0.226110	41.717
21.43	21.43	0.226126	41.814
21.43	21.44	0.226143	41.916
21.43	21.44	0.226160	42.016
21.43	21.44	0.226176	42.114
21.45	21.45	0.226193	42.215
21.45	21.45	0.226209	42.316
21.45	21.45	0.226226	42.414
21.45	21.46	0.226243	42.514
21.45	21.46	0.226259	42.615
21.45	21.46	0.226276	42.714
21.48	21.46	0.226293	42.813
21.48	21.47	0.226309	42.916
21.48	21.47	0.226326	43.014
21.48	21.47	0.226343	43.114
21.48	21.48	0.226359	43.216
21.48	21.48	0.226376	43.313
21.48	21.48	0.226393	43.414
21.48	21.48	0.226409	43.516
21.50	21.49	0.226426	43.614
21.50	21.49	0.226443	43.714
21.50	21.49	0.226459	43.816
21.50	21.50	0.226476	43.914
21.50	21.50	0.226493	44.013
21.50	21.50	0.226509	44.117
21.50	21.50	0.226526	44.213
21.50	21.51	0.226543	44.314
21.50	21.51	0.226559	44.417
21.50	21.51	0.226576	44.514
21.50	21.51	0.226593	44.614
21.50	21.51	0.226609	44.717
21.53	21.52	0.226626	44.814
21.53	21.52	0.226643	44.913
21.53	21.52	0.226659	45.017
21.53	21.52	0.226676	45.112
21.53	21.52	0.226693	45.214
21.53	21.53	0.226709	45.318
21.53	21.53	0.226726	45.414
21.53	21.53	0.226743	45.514
21.53	21.53	0.226759	45.617
21.53	21.53	0.226776	45.714
21.53	21.53	0.226793	45.813
21.53	21.53	0.226809	45.918
21.53	21.54	0.226826	46.013
21.53	21.54	0.226843	46.114
21.53	21.54	0.226859	46.218
21.56	21.54	0.226876	46.314
21.56	21.54	0.226893	46.414
21.56	21.54	0.226909	46.517
21.56	21.54	0.226926	46.614
21.56	21.54	0.226943	46.713
21.56	21.54	0.226959	46.818
21.56	21.54	0.226976	46.914
21.56	21.54	0.226993	47.014
21.56	21.54	0.227009	47.118
21.56	21.55	0.227026	47.213
21.56	21.55	0.227042	47.313
21.56	21.55	0.227059	47.412
21.56	21.55	0.227076	47.542
21.56	21.55	0.227092	47.636
21.56	21.55	0.227109	47.741
21.56	21.55	0.227126	47.841
21.56	21.55	0.227142	47.935
21.56	21.55	0.227159	48.040
21.56	21.55	0.227176	48.139
21.56	21.55	0.227192	48.234
21.56	21.55	0.227209	48.338
21.56	21.55	0.227226	48.433
21.56	21.55	0.227242	48.532
21.56	21.54	0.227259	48.637
21.56	21.54	0.227276	48.732
21.56	21.54	0.227292	48.831
21.56	21.54	0.227309	48.936
21.56	21.54	0.227326	49.030
21.56	21.54	0.227342	49.130
21.56	21.54	0.227359	49.235
21.53	21.54	0.227376	49.330
21.53	21.54	0.227392	49.429
21.53	21.54	0.227409	49.534
21.53	21.54	0.227426	49.628
21.53	21.54	0.227442	49.728
21.53	21.54	0.227459	49.832
21.53	21.53	0.227476	49.927
21.53	21.53	0.227492	50.026
21.53	21.53	0.227509	50.131
21.53	21.53	0.227526	50.226
21.53	21.53	0.227542	50.325
21.53	21.53	0.227559	50.430
21.53	21.53	0.227576	50.524
21.53	21.53	0.227592	50.624
21.53	21.52	0.227609	50.728
21.53	21.52	0.227626	50.823
21.53	21.52	0.227642	50.924
21.53	21.52	0.227659	51.027
21.53	21.52	0.227676	51.122
21.53	21.52	0.227692	51.224
21.53	21.51	0.227709	51.326
21.53	21.51	0.227726	51.420
21.53	21.51	0.227742	51.525
21.53	21.51	0.227759	51.624
21.53	21.51	0.227776	51.719
21.53	21.51	0.227792	51.824
21.53	21.50	0.227809	51.923
21.53	21.50	0.227826	52.018
21.53	21.50	0.227842	52.122
21.53	21.50	0.227859	52.222
21.53	21.50	0.227875	52.316
21.50	21.50	0.227892	52.421
21.50	21.49	0.227909	52.515
21.50	21.49	0.227925	52.615
21.50	21.49	0.227942	52.720
21.50	21.49	0.227959	52.814
21.50	21.49	0.227975	52.914
21.50	21.49	0.227992	53.018
21.50	21.48	0.228009	53.114
21.48	21.48	0.228025	53.213
21.48	21.48	0.228042	53.317
21.48	21.48	0.228059	53.414
21.48	21.48	0.228075	53.517
21.48	21.48	0.228092	53.617
21.48	21.47	0.228109	53.721
21.48	21.47	0.228125	53.817
21.48	21.47	0.228142	53.916
21.48	21.47	0.228159	54.021
21.45	21.47	0.228175	54.116
21.45	21.47	0.228192	54.217
21.45	21.46	0.228209	54.317
21.45	21.46	0.228225	54.417
21.45	21.46	0.228242	54.517
21.45	21.46	0.228259	54.616
21.45	21.46	0.228275	54.717
21.45	21.46	0.228292	54.816
21.45	21.46	0.228309	54.922
21.45	21.46	0.228325	55.016
21.45	21.45	0.228342	55.116
21.45	21.45	0.228359	55.217
21.45	21.45	0.228375	55.316
21.45	21.45	0.228392	55.417
21.45	21.45	0.228409	55.516
21.45	21.45	0.228425	55.617
21.45	21.45	0.228442	55.717
21.45	21.45	0.228459	55.817
21.45	21.45	0.228475	55.917
21.45	21.45	0.228492	56.017
21.45	21.45	0.228509	56.116
21.45	21.44	0.228525	56.215
21.45	21.44	0.228542	56.316
21.45	21.44	0.228559	56.415
21.45	21.44	0.228575	56.516
21.45	21.44	0.228592	56.616
21.45	21.44	0.228609	56.716
21.45	21.44	0.228625	56.816
21.43	21.44	0.228642	56.916
21.43	21.44	0.228659	57.016
21.43	21.44	0.228675	57.115
21.43	21.44	0.228692	57.216
21.43	21.44	0.228708	57.315
21.43	21.44	0.228725	57.416
21.43	21.44	0.228742	57.516
21.43	21.44	0.228758	57.616
21.43	21.44	0.228775	57.715
21.43	21.44	0.228792	57.816
21.43	21.44	0.228808	57.915
21.43	21.44	0.228825	58.046
21.43	21.44	0.228842	58.140
21.43	21.45	0.228858	58.245
21.43	21.45	0.228875	58.345
21.43	21.45	0.228892	58.439
21.43	21.45	0.228908	58.544
21.43	21.45	0.228925	58.638
21.43	21.45	0.228942	58.738
21.43	21.45	0.228958	58.842
21.43	21.45	0.228975	58.937
21.43	21.45	0.228992	59.036
21.43	21.45	0.229008	59.141
21.45	21.46	0.229025	59.236
21.45	21.46	0.229042	59.335
21.45	21.46	0.229058	59.440
21.45	21.46	0.229075	59.534
21.45	21.46	0.229092	59.634
21.45	21.46	0.229108	59.738
21.45	21.46	0.229125	59.833
21.45	21.47	0.229142	59.933
21.45	21.47	0.229158	00.037
21.45	21.47	0.229175	00.132
21.45	21.47	0.229192	00.231
21.45	21.47	0.229208	00.336
21.48	21.48	0.229225	00.430
21.48	21.48	0.229242	00.530
21.48	21.48	0.229258	00.634
21.48	21.48	0.229275	00.729
21.48	21.49	0.229292	00.829
21.48	21.49	0.229308	00.933
21.48	21.49	0.229325	01.028
21.48	21.49	0.229342	01.129
21.48	21.50	0.229358	01.232
21.48	21.50	0.229375	01.326
21.50	21.50	0.229392	01.429
21.50	21.50	0.229408	01.531
21.50	21.51	0.229425	01.625
21.50	21.51	0.229442	01.730
21.50	21.51	0.229458	01.829
21.50	21.51	0.229475	01.924
21.50	21.52	0.229492	02.028
21.50	21.52	0.229508	02.128
21.50	21.52	0.229525	02.223
21.50	21.53	0.229541	02.327
21.50	21.53	0.229558	02.427
21.53	21.53	0.229575	02.521
21.53	21.54	0.229591	02.626
21.53	21.54	0.229608	02.720
21.53	21.54	0.229625	02.820
21.53	21.55	0.229641	02.924
21.53	21.55	0.229658	03.019
21.53	21.55	0.229675	03.119
21.56	21.56	0.229691	03.223
21.56	21.56	0.229708	03.318
21.56	21.56	0.229725	03.417
21.56	21.57	0.229741	03.522
21.56	21.57	0.229758	03.617
21.56	21.57	0.229775	03.718
21.56	21.58	0.229791	03.820
21.58	21.58	0.229808	03.918
21.58	21.58	0.229825	04.018
21.58	21.59	0.229841	04.119
21.58	21.59	0.229858	04.218
21.58	21.59	0.229875	04.317
21.58	21.60	0.229891	04.418
21.58	21.60	0.229908	04.517
21.61	21.60	0.229925	04.618
21.61	21.61	0.229941	04.718
21.61	21.61	0.229958	04.818
21.61	21.61	0.229975	04.918
21.61	21.62	0.229991	05.018
21.61	21.62	0.230008	05.118
21.61	21.63	0.230025	05.217
21.61	21.63	0.230041	05.318
21.63	21.63	0.230058	05.417
21.63	21.64	0.230075	05.518
21.63	21.64	0.230091	05.618
21.63	21.64	0.230108	05.718
21.63	21.65	0.230125	05.818
21.63	21.65	0.230141	05.917
21.63	21.65	0.230158	06.018
21.66	21.66	0.230175	06.117
21.66	21.66	0.230191	06.218
21.66	21.66	0.230208	06.318
21.66	21.67	0.230225	06.418
21.66	21.67	0.230241	06.518
21.66	21.67	0.230258	06.618
21.66	21.67	0.230275	06.718
21.68	21.68	0.230291	06.817
21.68	21.68	0.230308	06.918
21.68	21.68	0.230325	07.017
21.68	21.69	0.230341	07.118
21.68	21.69	0.230358	07.218
21.68	21.69	0.230374	07.318
21.68	21.70	0.230391	07.418
21.71	21.70	0.230408	07.518
21.71	21.70	0.230424	07.618
21.71	21.70	0.230441	07.717
21.71	21.71	0.230458	07.818
21.71	21.71	0.230474	07.917
21.71	21.71	0.230491	08.018
21.71	21.71	0.230508	08.117
21.71	21.72	0.230524	08.218
21.71	21.72	0.230541	08.318
21.71	21.72	0.230558	08.417
21.74	21.72	0.230574	08.518
21.74	21.73	0.230591	08.617
21.74	21.73	0.230608	08.718
21.74	21.73	0.230624	08.818
21.74	21.73	0.230641	08.918
21.74	21.73	0.230658	09.018
21.74	21.74	0.230674	09.142
21.74	21.74	0.230691	09.242
21.74	21.74	0.230708	09.346
21.74	21.74	0.230724	09.441
21.76	21.74	0.230741	09.540
21.76	21.74	0.230758	09.645
21.76	21.74	0.230774	09.739
21.76	21.75	0.230791	09.839
21.76	21.75	0.230808	09.944
21.76	21.75	0.230824	10.038
21.76	21.75	0.230841	10.138
21.76	21.75	0.230858	10.242
21.76	21.75	0.230874	10.337
21.76	21.75	0.230891	10.436
21.76	21.75	0.230908	10.541
21.76	21.76	0.230924	10.636
21.76	21.76	0.230941	10.735
21.76	21.76	0.230958	10.840
21.76	21.76	0.230974	10.934
21.76	21.76	0.230991	11.034
21.76	21.76	0.231008	11.138
21.76	21.76	0.231024	11.233
21.76	21.76	0.231041	11.334
21.76	21.76	0.231058	11.437
21.76	21.76	0.231074	11.532
21.76	21.76	0.231091	11.634
21.76	21.76	0.231108	11.736
21.76	21.76	0.231124	11.830
21.76	21.76	0.231141	11.934
21.76	21.76	0.231158	12.034
21.76	21.76	0.231174	12.129
21.76	21.76	0.231191	12.234
21.76	21.76	0.231207	12.333
21.79	21.76	0.231224	12.428
21.79	21.76	0.231241	12.532
21.79	21.76	0.231257	12.632
21.79	21.76	0.231274	12.726
21.79	21.76	0.231291	12.831
21.79	21.76	0.231307	12.931
21.79	21.76	0.231324	13.025
21.79	21.76	0.231341	13.130
21.79	21.75	0.231357	13.224
21.76	21.75	0.231374	13.324
21.76	21.75	0.231391	13.428
21.76	21.75	0.231407	13.523
21.76	21.75	0.231424	13.622
21.76	21.75	0.231441	13.727
21.76	21.75	0.231457	13.822
21.76	21.75	0.231474	13.921
21.76	21.75	0.231491	14.026
21.76	21.75	0.231507	14.120
21.76	21.74	0.231524	14.220
21.76	21.74	0.231541	14.324
21.74	21.74	0.231557	14.420
21.74	21.74	0.231574	14.520
21.74	21.74	0.231591	14.622
21.74	21.74	0.231607	14.720
21.74	21.74	0.231624	14.820
21.74	21.73	0.231641	14.922
21.74	21.73	0.231657	15.019
21.74	21.73	0.231674	15.120
21.74	21.73	0.231691	15.220
21.74	21.73	0.231707	15.320
21.74	21.73	0.231724	15.420
21.74	21.72	0.231741	15.520
21.74	21.72	0.231757	15.620
21.74	21.72	0.231774	15.719
21.74	21.72	0.231791	15.820
21.71	21.72	0.231807	15.919
21.71	21.72	0.231824	16.020
21.71	21.71	0.231841	16.119
21.71	21.71	0.231857	16.220
21.71	21.71	0.231874	16.320
21.71	21.71	0.231891	16.420
21.71	21.71	0.231907	16.520
21.71	21.71	0.231924	16.619
21.71	21.70	0.231941	16.720
21.71	21.70	0.231957	16.819
21.71	21.70	0.231974	16.920
21.71	21.70	0.231991	17.020
21.71	21.70	0.232007	17.120
21.71	21.70	0.232024	17.220
21.71	21.69	0.232040	17.319
21.71	21.69	0.232057	17.419
21.71	21.69	0.232074	17.520
21.68	21.69	0.232090	17.619
21.68	21.69	0.232107	17.720
21.68	21.69	0.232124	17.820
21.68	21.68	0.232140	17.920
21.68	21.68	0.232157	18.020
21.68	21.68	0.232174	18.120
21.68	21.68	0.232190	18.221
21.68	21.68	0.232207	18.320
21.68	21.68	0.232224	18.421
21.68	21.68	0.232240	18.521
21.68	21.67	0.232257	18.622
21.68	21.67	0.232274	18.722
21.68	21.67	0.232290	18.822
21.68	21.67	0.232307	18.922
21.68	21.67	0.232324	19.021
21.66	21.67	0.232340	19.122
21.66	21.67	0.232357	19.221
21.66	21.67	0.232374	19.322
21.66	21.66	0.232390	19.421
21.66	21.66	0.232407	19.551
21.66	21.66	0.232424	19.646
21.66	21.66	0.232440	19.745
21.66	21.66	0.232457	19.850
21.66	21.66	0.232474	19.944
21.66	21.66	0.232490	20.044
21.66	21.66	0.232507	20.148
21.66	21.66	0.232524	20.243
21.66	21.66	0.232540	20.342
21.66	21.66	0.232557	20.447
21.66	21.66	0.232574	20.542
21.66	21.66	0.232590	20.641
21.66	21.66	0.232607	20.746
21.66	21.66	0.232624	20.840
21.66	21.66	0.232640	20.940
21.66	21.66	0.232657	21.044
21.66	21.66	0.232674	21.139
21.66	21.66	0.232690	21.239
21.66	21.66	0.232707	21.343
21.66	21.66	0.232724	21.438
21.66	21.66	0.232740	21.539
21.66	21.66	0.232757	21.642
21.66	21.66	0.232774	21.736
21.66	21.66	0.232790	21.839
21.63	21.66	0.232807	21.940
21.63	21.66	0.232824	22.035
21.63	21.66	0.232840	22.140
21.63	21.66	0.232857	22.239
21.63	21.66	0.232873	22.334
21.63	21.66	0.232890	22.438
21.63	21.66	0.232907	22.538
21.66	21.66	0.232923	22.632
21.66	21.66	0.232940	22.737
21.66	21.66	0.232957	22.837
21.66	21.66	0.232973	22.931
21.66	21.67	0.232990	23.036
21.66	21.67	0.233007	23.135
21.66	21.67	0.233023	23.230
21.66	21.67	0.233040	23.334
21.66	21.67	0.233057	23.429
21.66	21.67	0.233073	23.529
21.66	21.67	0.233090	23.633
21.66	21.68	0.233107	23.728
21.66	21.68	0.233123	23.827
21.66	21.68	0.233140	23.932
21.66	21.68	0.233157	24.026
21.68	21.68	0.233173	24.126
21.68	21.69	0.233190	24.230
21.68	21.69	0.233207	24.325
21.68	21.69	0.233223	24.425
21.68	21.69	0.233240	24.529
21.68	21.69	0.233257	24.624
21.68	21.70	0.233273	24.723
21.68	21.70	0.233290	24.828
21.68	21.70	0.233307	24.922
21.68	21.70	0.233323	25.023
21.68	21.71	0.233340	25.127
21.71	21.71	0.233357	25.223
21.71	21.71	0.233373	25.323
21.71	21.71	0.233390	25.425
21.71	21.72	0.233407	25.523
21.71	21.72	0.233423	25.622
21.71	21.72	0.233440	25.724
21.71	21.73	0.233457	25.823
21.71	21.73	0.233473	25.923
21.71	21.73	0.233490	26.023
21.74	21.73	0.233507	26.123
21.74	21.74	0.233523	26.223
21.74	21.74	0.233540	26.322
21.74	21.74	0.233557	26.423
21.74	21.75	0.233573	26.522
21.74	21.75	0.233590	26.623
21.74	21.75	0.233607	26.723
21.74	21.76	0.233623	26.823
21.74	21.76	0.233640	26.923
21.74	21.76	0.233657	27.023
21.76	21.77	0.233673	27.123
21.76	21.77	0.233690	27.222
21.76	21.77	0.233706	27.323
21.76	21.78	0.233723	27.422
21.76	21.78	0.233740	27.523
21.76	21.78	0.233756	27.623
21.76	21.79	0.233773	27.723
21.76	21.79	0.233790	27.823
21.79	21.79	0.233806	27.922
21.79	21.80	0.233823	28.023
21.79	21.80	0.233840	28.122
21.79	21.80	0.233856	28.223
21.79	21.81	0.233873	28.323
21.79	21.81	0.233890	28.423
21.81	21.81	0.233906	28.523
21.81	21.82	0.233923	28.623
21.81	21.82	0.233940	28.723
21.81	21.82	0.233956	28.822
21.81	21.83	0.233973	28.923
21.81	21.83	0.233990	29.022
21.81	21.84	0.234006	29.123
21.84	21.84	0.234023	29.223
21.84	21.84	0.234040	29.323
21.84	21.85	0.234056	29.423
21.84	21.85	0.234073	29.522
21.84	21.85	0.234090	29.623
21.84	21.86	0.234106	29.722
21.86	21.86	0.234123	29.823
21.86	21.86	0.234140	29.922
21.86	21.87	0.234156	30.023
21.86	21.87	0.234173	30.123
21.86	21.87	0.234190	30.223
21.86	21.88	0.234206	30.323
21.89	21.88	0.234223	30.422
21.89	21.88	0.234240	30.523
21.89	21.89	0.234256	30.622
21.89	21.89	0.234273	30.747
21.89	21.89	0.234290	30.846
21.89	21.89	0.234306	30.951
21.89	21.90	0.234323	31.046
21.92	21.90	0.234340	31.145
21.92	21.90	0.234356	31.250
21.92	21.91	0.234373	31.344
21.92	21.91	0.234390	31.444
21.92	21.91	0.234406	31.548
21.92	21.91	0.234423	31.643
21.92	21.92	0.234440	31.743
21.92	21.92	0.234456	31.847
21.92	21.92	0.234473	31.942
21.94	21.92	0.234490	32.044
21.94	21.93	0.234506	32.146
21.94	21.93	0.234523	32.240
21.94	21.93	0.234539	32.344
21.94	21.93	0.234556	32.444
21.94	21.94	0.234573	32.539
21.94	21.94	0.234589	32.643
21.94	21.94	0.234606	32.743
21.94	21.94	0.234623	32.838
21.94	21.94	0.234639	32.942
21.94	21.95	0.234656	33.042
21.94	21.95	0.234673	33.136
21.94	21.95	0.234689	33.241
21.94	21.95	0.234706	33.340
21.94	21.95	0.234723	33.435
21.94	21.96	0.234739	33.540
21.97	21.96	0.234756	33.634
21.97	21.96	0.234773	33.734
21.97	21.96	0.234789	33.838
21.97	21.96	0.234806	33.933
21.97	21.96	0.234823	34.032
21.97	21.96	0.234839	34.137
21.97	21.96	0.234856	34.232
21.97	21.97	0.234873	34.331
21.97	21.97	0.234889	34.436
21.97	21.97	0.234906	34.530
21.97	21.97	0.234923	34.630
21.97	21.97	0.234939	34.734
21.99	21.97	0.234956	34.829
21.99	21.97	0.234973	34.928
21.99	21.97	0.234989	35.033
21.99	21.97	0.235006	35.128
21.99	21.97	0.235023	35.227
21.99	21.97	0.235039	35.332
21.99	21.97	0.235056	35.426
21.99	21.97	0.235073	35.526
21.99	21.97	0.235089	35.630
21.99	21.97	0.235106	35.725
21.99	21.97	0.235123	35.826
21.99	21.97	0.235139	35.929
21.97	21.97	0.235156	36.024
21.97	21.97	0.235173	36.126
21.97	21.97	0.235189	36.228
21.97	21.97	0.235206	36.322
21.97	21.97	0.235223	36.426
21.97	21.97	0.235239	36.526
21.97	21.97	0.235256	36.623
21.97	21.97	0.235273	36.726
21.97	21.97	0.235289	36.825
21.97	21.97	0.235306	36.923
21.97	21.97	0.235323	37.024
21.97	21.97	0.235339	37.123
21.97	21.97	0.235356	37.222
21.97	21.97	0.235372	37.323
21.97	21.97	0.235389	37.423
21.97	21.96	0.235406	37.523
21.97	21.96	0.235422	37.623
21.97	21.96	0.235439	37.723
21.97	21.96	0.235456	37.823
21.97	21.96	0.235472	37.922
21.97	21.96	0.235489	38.023
21.97	21.96	0.235506	38.122
21.97	21.96	0.235522	38.223
21.97	21.96	0.235539	38.323
21.97	21.95	0.235556	38.423
21.97	21.95	0.235572	38.523
21.97	21.95	0.235589	38.623
21.97	21.95	0.235606	38.723
21.97	21.95	0.235622	38.822
21.97	21.95	0.235639	38.923
21.97	21.95	0.235656	39.022
21.97	21.94	0.235672	39.123
21.97	21.94	0.235689	39.223
21.97	21.94	0.235706	39.323
21.97	21.94	0.235722	39.423
21.94	21.94	0.235739	39.523
21.94	21.94	0.235756	39.623
21.94	21.93	0.235772	39.722
21.94	21.93	0.235789	39.823
21.94	21.93	0.235806	39.923
21.94	21.93	0.235822	40.023
21.94	21.93	0.235839	40.124
21.94	21.93	0.235856	40.223
21.94	21.92	0.235872	40.322
21.92	21.92	0.235889	40.423
21.92	21.92	0.235906	40.523
21.92	21.92	0.235922	40.622
21.92	21.92	0.235939	40.724
21.92	21.92	0.235956	40.823
21.92	21.91	0.235972	40.923
21.92	21.91	0.235989	41.024
21.92	21.91	0.236006	41.122
21.92	21.91	0.236022	41.223
21.92	21.91	0.236039	41.324
21.92	21.91	0.236056	41.423
21.89	21.90	0.236072	41.522
21.89	21.90	0.236089	41.624
21.89	21.90	0.236106	41.723
21.89	21.90	0.236122	41.823
21.89	21.90	0.236139	41.925
21.89	21.90	0.236156	42.022
21.89	21.89	0.236172	42.147
21.89	21.89	0.236189	42.224
21.89	21.89	0.236205	42.351
21.89	21.89	0.236222	42.445
21.89	21.89	0.236239	42.525
21.89	21.89	0.236255	42.649
21.89	21.89	0.236272	42.744
21.89	21.88	0.236289	42.848
21.89	21.88	0.236305	42.948
21.89	21.88	0.236322	43.042
21.89	21.88	0.236339	43.147
21.89	21.88	0.236355	43.246
21.89	21.88	0.236372	43.341
21.89	21.88	0.236389	43.446
21.86	21.88	0.236405	43.545
21.86	21.88	0.236422	43.640
21.86	21.88	0.236439	43.744
21.86	21.87	0.236455	43.839
21.86	21.87	0.236472	43.939
21.86	21.87	0.236489	44.043
21.86	21.87	0.236505	44.138
21.86	21.87	0.236522	44.237
21.86	21.87	0.236539	44.342
21.86	21.87	0.236555	44.436
21.86	21.87	0.236572	44.536
21.86	21.87	0.236589	44.641
21.86	21.87	0.236605	44.734
21.86	21.87	0.236622	44.835
21.86	21.87	0.236639	44.939
21.86	21.87	0.236655	45.033
21.86	21.87	0.236672	45.134
21.86	21.87	0.236689	45.238
21.86	21.87	0.236705	45.332
21.86	21.87	0.236722	45.432
21.86	21.87	0.236739	45.536
21.86	21.87	0.236755	45.630
21.86	21.87	0.236772	45.731
21.86	21.87	0.236789	45.835
21.86	21.87	0.236805	45.930
21.89	21.87	0.236822	46.031
21.89	21.87	0.236839	46.134
21.89	21.87	0.236855	46.229
21.89	21.87	0.236872	46.331
21.89	21.87	0.236889	46.433
21.89	21.87	0.236905	46.527
21.89	21.88	0.236922	46.631
21.89	21.88	0.236939	46.732
21.89	21.88	0.236955	46.825
21.89	21.88	0.236972	46.931
21.86	21.88	0.236989	47.029
21.86	21.88	0.237005	47.124
21.86	21.88	0.237022	47.228
21.86	21.88	0.237038	47.328
21.86	21.88	0.237055	47.424
21.86	21.89	0.237072	47.527
21.86	21.89	0.237088	47.628
21.86	21.89	0.237105	47.723
21.86	21.89	0.237122	47.826
21.86	21.89	0.237138	47.927
21.86	21.90	0.237155	48.024
21.86	21.90	0.237172	48.124
21.89	21.90	0.237188	48.228
21.89	21.90	0.237205	48.324
21.89	21.90	0.237222	48.424
21.89	21.91	0.237238	48.528
21.89	21.91	0.237255	48.623
21.89	21.91	0.237272	48.724
21.89	21.91	0.237288	48.827
21.92	21.91	0.237305	48.924
21.92	21.92	0.237322	49.024
21.92	21.92	0.237338	49.128
21.92	21.92	0.237355	49.224
21.92	21.92	0.237372	49.324
21.92	21.93	0.237388	49.428
21.92	21.93	0.237405	49.523
21.92	21.93	0.237422	49.624
21.94	21.94	0.237438	49.723
21.94	21.94	0.237455	49.824
21.94	21.94	0.237472	49.924
21.94	21.94	0.237488	50.028
21.94	21.95	0.237505	50.124
21.94	21.95	0.237522	50.223
21.94	21.95	0.237538	50.329
21.94	21.96	0.237555	50.423
21.94	21.96	0.237572	50.524
21.94	21.96	0.237588	50.623
21.94	21.97	0.237605	50.724
21.94	21.97	0.237622	50.824
21.97	21.97	0.237638	50.929
21.97	21.98	0.237655	51.024
21.97	21.98	0.237672	51.123
21.97	21.98	0.237688	51.224
21.97	21.99	0.237705	51.323
21.97	21.99	0.237722	51.424
21.97	21.99	0.237738	51.525
21.97	22.00	0.237755	51.625
21.99	22.00	0.237772	51.725
21.99	22.00	0.237788	51.829
21.99	22.01	0.237805	51.925
21.99	22.01	0.237822	52.024
21.99	22.01	0.237838	52.130
21.99	22.02	0.237855	52.224
22.02	22.02	0.237871	52.325
22.02	22.02	0.237888	52.430
22.02	22.03	0.237905	52.525
22.02	22.03	0.237921	52.625
22.02	22.03	0.237938	52.725
22.02	22.04	0.237955	52.824
22.04	22.04	0.237971	52.949
22.04	22.05	0.237988	53.023
22.04	22.05	0.238005	53.153
22.04	22.05	0.238021	53.247
22.04	22.06	0.238038	53.353
22.04	22.06	0.238055	53.451
22.04	22.06	0.238071	53.547
22.07	22.07	0.238088	53.651
22.07	22.07	0.238105	53.751
22.07	22.07	0.238121	53.845
22.07	22.08	0.238138	53.950
22.07	22.08	0.238155	54.043
22.07	22.08	0.238171	54.143
22.07	22.09	0.238188	54.248
22.09	22.09	0.238205	54.342
22.09	22.09	0.238221	54.442
22.09	22.10	0.238238	54.547
22.09	22.10	0.238255	54.641
22.09	22.10	0.238271	54.740
22.09	22.10	0.238288	54.845
22.09	22.11	0.238305	54.940
22.12	22.11	0.238321	55.040
22.12	22.11	0.238338	55.145
22.12	22.12	0.238355	55.238
22.12	22.12	0.238371	55.338
22.12	22.12	0.238388	55.442
22.12	22.12	0.238405	55.537
22.12	22.13	0.238421	55.636
22.15	22.13	0.238438	55.741
22.15	22.13	0.238455	55.836
22.15	22.14	0.238471	55.936
22.15	22.14	0.238488	56.041
22.15	22.14	0.238505	56.135
22.15	22.14	0.238521	56.236
22.15	22.15	0.238538	56.338
22.15	22.15	0.238555	56.433
22.15	22.15	0.238571	56.537
22.15	22.15	0.238588	56.637
22.15	22.15	0.238605	56.732
22.17	22.16	0.238621	56.836
22.17	22.16	0.238638	56.936
22.17	22.16	0.238655	57.030
22.17	22.16	0.238671	57.135
22.17	22.16	0.238688	57.234
22.17	22.17	0.238704	57.329
22.17	22.17	0.238721	57.434
22.17	22.17	0.238738	57.533
22.17	22.17	0.238754	57.628
22.17	22.17	0.238771	57.732
22.17	22.17	0.238788	57.827
22.17	22.17	0.238804	57.926
22.17	22.18	0.238821	58.031
22.17	22.18	0.238838	58.126
22.20	22.18	0.238854	58.225
22.20	22.18	0.238871	58.330
22.20	22.18	0.238888	58.424
22.20	22.18	0.238904	58.525
22.20	22.18	0.238921	58.628
22.20	22.18	0.238938	58.725
22.20	22.18	0.238954	58.824
22.20	22.18	0.238971	58.927
22.20	22.18	0.238988	59.025
22.20	22.18	0.239004	59.125
22.20	22.19	0.239021	59.226
22.20	22.19	0.239038	59.325
22.20	22.19	0.239054	59.426
22.20	22.19	0.239071	59.525
22.20	22.19	0.239088	59.626
22.20	22.19	0.239104	59.727
22.20	22.19	0.239121	59.827
22.20	22.19	0.239138	59.927
22.20	22.19	0.239154	00.027
22.20	22.19	0.239171	00.127
22.20	22.19	0.239188	00.226
22.20	22.19	0.239204	00.327
22.20	22.19	0.239221	00.426
22.20	22.19	0.239238	00.527
22.20	22.18	0.239254	00.627
22.20	22.18	0.239271	00.727
22.20	22.18	0.239288	00.827
22.20	22.18	0.239304	00.926
22.20	22.18	0.239321	01.027
22.20	22.18	0.239338	01.126
22.20	22.18	0.239354	01.227
22.17	22.18	0.239371	01.326
22.17	22.18	0.239388	01.427
22.17	22.18	0.239404	01.527
22.17	22.18	0.239421	01.627
22.17	22.18	0.239438	01.727
22.17	22.18	0.239454	01.826
22.17	22.17	0.239471	01.927
22.17	22.17	0.239488	02.026
22.17	22.17	0.239504	02.127
22.17	22.17	0.239521	02.227
22.17	22.17	0.239537	02.327
22.17	22.17	0.239554	02.427
22.17	22.17	0.239571	02.526
22.17	22.17	0.239587	02.627
22.17	22.16	0.239604	02.726
22.17	22.16	0.239621	02.827
22.17	22.16	0.239637	02.927
22.17	22.16	0.239654	03.027
22.17	22.16	0.239671	03.127
22.17	22.16	0.239687	03.226
22.17	22.15	0.239704	03.327
22.17	22.15	0.239721	03.426
22.17	22.15	0.239737	03.527
22.17	22.15	0.239754	03.627
22.17	22.15	0.239771	03.751
22.17	22.15	0.239787	03.856
22.17	22.14	0.239804	03.950
22.17	22.14	0.239821	04.050
22.17	22.14	0.239837	04.154
22.17	22.14	0.239854	04.249
22.15	22.14	0.239871	04.348
22.15	22.14	0.239887	04.453
22.15	22.13	0.239904	04.547
22.15	22.13	0.239921	04.647
22.15	22.13	0.239937	04.752
22.15	22.13	0.239954	04.846
22.15	22.13	0.239971	04.946
22.12	22.13	0.239987	05.050
22.12	22.12	0.240004	05.145
22.12	22.12	0.240021	05.244
22.12	22.12	0.240037	05.349
22.12	22.12	0.240054	05.444
22.12	22.12	0.240071	05.543
22.12	22.12	0.240087	05.648
22.12	22.11	0.240104	05.742
22.09	22.11	0.240121	05.842
22.09	22.11	0.240137	05.946
22.09	22.11	0.240154	06.041
22.09	22.11	0.240171	06.141
22.09	22.11	0.240187	06.245
22.09	22.10	0.240204	06.340
22.09	22.10	0.240221	06.441
22.09	22.10	0.240237	06.544
22.09	22.10	0.240254	06.638
22.09	22.10	0.240271	06.742
22.09	22.10	0.240287	06.842
22.09	22.10	0.240304	06.937
22.09	22.10	0.240321	07.042
22.09	22.09	0.240337	07.141
22.09	22.09	0.240354	07.236
22.09	22.09	0.240370	07.340
22.09	22.09	0.240387	07.440
22.09	22.09	0.240404	07.534
22.09	22.09	0.240420	07.639
22.09	22.09	0.240437	07.738
22.09	22.09	0.240454	07.833
22.09	22.09	0.240470	07.938
22.09	22.09	0.240487	08.032
22.09	22.09	0.240504	08.132
22.09	22.08	0.240520	08.236
22.09	22.08	0.240537	08.331
22.09	22.08	0.240554	08.430
22.09	22.08	0.240570	08.535
22.09	22.08	0.240587	08.630
22.09	22.08	0.240604	08.729
22.09	22.08	0.240620	08.834
22.09	22.08	0.240637	08.928
22.09	22.08	0.240654	09.028
22.09	22.08	0.240670	09.132
22.07	22.08	0.240687	09.228
22.07	22.08	0.240704	09.327
22.07	22.08	0.240720	09.431
22.07	22.08	0.240737	09.528
22.07	22.08	0.240754	09.628
22.07	22.08	0.240770	09.730
22.07	22.08	0.240787	09.827
22.07	22.08	0.240804	09.928
22.07	22.08	0.240820	10.028
22.07	22.08	0.240837	10.128
22.07	22.09	0.240854	10.228
22.07	22.09	0.240870	10.328
22.07	22.09	0.240887	10.428
22.07	22.09	0.240904	10.528
22.07	22.09	0.240920	10.628
22.07	22.09	0.240937	10.727
22.07	22.09	0.240954	10.828
22.07	22.09	0.240970	10.927
22.07	22.09	0.240987	11.028
22.07	22.09	0.241004	11.128
22.07	22.10	0.241020	11.228
22.09	22.10	0.241037	11.327
22.09	22.10	0.241054	11.427
22.09	22.10	0.241070	11.528
22.09	22.10	0.241087	11.627
22.09	22.10	0.241104	11.728
22.09	22.10	0.241120	11.827
22.09	22.11	0.241137	11.928
22.09	22.11	0.241154	12.028
22.09	22.11	0.241170	12.128
22.09	22.11	0.241187	12.228
22.09	22.11	0.241203	12.327
22.12	22.12	0.241220	12.428
22.12	22.12	0.241237	12.527
22.12	22.12	0.241253	12.628
22.12	22.12	0.241270	12.728
22.12	22.13	0.241287	12.828
22.12	22.13	0.241303	12.928
22.12	22.13	0.241320	13.028
22.12	22.13	0.241337	13.128
22.12	22.14	0.241353	13.228
22.12	22.14	0.241370	13.329
22.15	22.14	0.241387	13.428
22.15	22.14	0.241403	13.529
22.15	22.15	0.241420	13.629
22.15	22.15	0.241437	13.729
22.15	22.15	0.241453	13.829
22.15	22.15	0.241470	13.928
22.15	22.16	0.241487	14.029
22.15	22.16	0.241503	14.128
22.15	22.16	0.241520	14.229
22.15	22.17	0.241537	14.329
22.15	22.17	0.241553	14.429
22.15	22.17	0.241570	14.529
22.15	22.18	0.241587	14.658
22.15	22.18	0.241603	14.753
22.17	22.18	0.241620	14.852
22.17	22.19	0.241637	14.957
22.17	22.19	0.241653	15.051
22.17	22.19	0.241670	15.151
22.17	22.20	0.241687	15.255
22.17	22.20	0.241703	15.350
22.17	22.20	0.241720	15.450
22.20	22.21	0.241737	15.554
22.20	22.21	0.241753	15.649
22.20	22.21	0.241770	15.748
22.20	22.22	0.241787	15.852
22.20	22.22	0.241803	15.947
22.22	22.22	0.241820	16.046
22.22	22.23	0.241837	16.151
22.22	22.23	0.241853	16.246
22.22	22.23	0.241870	16.347
22.22	22.24	0.241887	16.450
22.22	22.24	0.241903	16.544
22.25	22.24	0.241920	16.647
22.25	22.25	0.241937	16.748
22.25	22.25	0.241953	16.843
22.25	22.25	0.241970	16.948
22.25	22.26	0.241987	17.047
22.25	22.26	0.242003	17.142
22.27	22.27	0.242020	17.246
22.27	22.27	0.242036	17.346
22.27	22.27	0.242053	17.440
22.27	22.28	0.242070	17.545
22.27	22.28	0.242086	17.644
22.27	22.28	0.242103	17.739
22.27	22.29	0.242120	17.844
22.30	22.29	0.242136	17.943
22.30	22.29	0.242153	18.038
22.30	22.30	0.242170	18.142
22.30	22.30	0.242186	18.237
22.30	22.30	0.242203	18.336
22.30	22.31	0.242220	18.441
22.30	22.31	0.242236	18.536
22.30	22.31	0.242253	18.635
22.30	22.31	0.242270	18.740
22.33	22.32	0.242286	18.834
22.33	22.32	0.242303	18.934
22.33	22.32	0.242320	19.038
22.33	22.33	0.242336	19.133
22.33	22.33	0.242353	19.232
22.33	22.33	0.242370	19.337
22.33	22.34	0.242386	19.432
22.33	22.34	0.242403	19.532
22.33	22.34	0.242420	19.636
22.35	22.34	0.242436	19.731
22.35	22.35	0.242453	19.830
22.35	22.35	0.242470	19.935
22.35	22.35	0.242486	20.030
22.35	22.35	0.242503	20.130
22.35	22.36	0.242520	20.234
22.35	22.36	0.242536	20.330
22.35	22.36	0.242553	20.430
22.35	22.36	0.242570	20.532
22.38	22.37	0.242586	20.630
22.38	22.37	0.242603	20.729
22.38	22.37	0.242620	20.831
22.38	22.37	0.242636	20.930
22.38	22.37	0.242653	21.030
22.38	22.38	0.242670	21.130
22.38	22.38	0.242686	21.231
22.38	22.38	0.242703	21.331
22.38	22.38	0.242720	21.430
22.38	22.38	0.242736	21.531
22.38	22.38	0.242753	21.630
22.40	22.38	0.242770	21.731
22.40	22.39	0.242786	21.831
22.40	22.39	0.242803	21.931
22.40	22.39	0.242820	22.031
22.40	22.39	0.242836	22.131
22.40	22.39	0.242853	22.231
22.40	22.39	0.242869	22.331
22.40	22.39	0.242886	22.430
22.40	22.39	0.242903	22.531
22.40	22.40	0.242919	22.630
22.40	22.40	0.242936	22.731
22.40	22.40	0.242953	22.831
22.40	22.40	0.242969	22.931
22.40	22.40	0.242986	23.031
22.40	22.40	0.243003	23.131
22.40	22.40	0.243019	23.231
22.40	22.40	0.243036	23.330
22.40	22.40	0.243053	23.431
22.40	22.40	0.243069	23.530
22.40	22.40	0.243086	23.631
22.40	22.40	0.243103	23.731
22.40	22.40	0.243119	23.831
22.43	22.40	0.243136	23.931
22.43	22.40	0.243153	24.031
22.43	22.40	0.243169	24.130
22.43	22.40	0.243186	24.231
22.43	22.40	0.243203	24.330
22.43	22.40	0.243219	24.431
22.43	22.40	0.243236	24.531
22.43	22.40	0.243253	24.631
22.43	22.40	0.243269	24.731
22.43	22.40	0.243286	24.830
22.40	22.40	0.243303	24.931
22.40	22.40	0.243319	25.030
22.40	22.40	0.243336	25.131
22.40	22.39	0.243353	25.231
22.40	22.39	0.243369	25.331
22.40	22.39	0.243386	25.431
22.40	22.39	0.243403	25.555
22.40	22.39	0.243419	25.655
22.40	22.39	0.243436	25.759
22.40	22.39	0.243453	25.854
22.40	22.39	0.243469	25.953
22.40	22.39	0.243486	26.058
22.38	22.39	0.243503	26.152
22.38	22.38	0.243519	26.252
22.38	22.38	0.243536	26.357
22.38	22.38	0.243553	26.451
22.38	22.38	0.243569	26.553
22.38	22.38	0.243586	26.655
22.38	22.38	0.243603	26.750
22.38	22.38	0.243619	26.852
22.38	22.37	0.243636	26.954
22.38	22.37	0.243653	27.049
22.38	22.37	0.243669	27.153
22.38	22.37	0.243686	27.253
22.38	22.37	0.243702	27.347
22.38	22.37	0.243719	27.451
22.38	22.36	0.243736	27.552
22.38	22.36	0.243752	27.645
22.38	22.36	0.243769	27.750
22.38	22.36	0.243786	27.850
22.38	22.36	0.243802	27.944
22.38	22.36	0.243819	28.049
22.38	22.35	0.243836	28.149
22.35	22.35	0.243852	28.243
22.35	22.35	0.243869	28.347
22.35	22.35	0.243886	28.442
22.35	22.35	0.243902	28.541
22.35	22.35	0.243919	28.646
22.35	22.34	0.243936	28.741
22.35	22.34	0.243952	28.840
22.35	22.34	0.243969	28.945
22.35	22.34	0.243986	29.039
22.35	22.34	0.244002	29.139
22.35	22.34	0.244019	29.243
22.33	22.33	0.244036	29.338
22.33	22.33	0.244052	29.438
22.33	22.33	0.244069	29.542
22.33	22.33	0.244086	29.637
22.33	22.33	0.244102	29.736
22.33	22.33	0.244119	29.841
22.33	22.32	0.244136	29.935
22.33	22.32	0.244152	30.035
22.33	22.32	0.244169	30.139
22.33	22.32	0.244186	30.234
22.33	22.32	0.244202	30.335
22.33	22.32	0.244219	30.438
22.33	22.32	0.244236	30.533
22.30	22.31	0.244252	30.634
22.30	22.31	0.244269	30.737
22.30	22.31	0.244286	30.831
22.30	22.31	0.244302	30.935
22.30	22.31	0.244319	31.035
22.30	22.31	0.244336	31.131
22.30	22.31	0.244352	31.235
22.30	22.31	0.244369	31.334
22.30	22.30	0.244386	31.431
22.30	22.30	0.244402	31.533
22.30	22.30	0.244419	31.633
22.30	22.30	0.244436	31.730
22.30	22.30	0.244452	31.832
22.30	22.30	0.244469	31.932
22.30	22.30	0.244486	32.031
22.30	22.30	0.244502	32.131
22.30	22.30	0.244519	32.231
22.30	22.30	0.244535	32.331
22.30	22.30	0.244552	32.431
22.30	22.30	0.244569	32.531
22.30	22.30	0.244585	32.631
22.30	22.30	0.244602	32.730
22.30	22.30	0.244619	32.831
22.27	22.30	0.244635	32.931
22.27	22.30	0.244652	33.031
22.27	22.30	0.244669	33.132
22.27	22.30	0.244685	33.230
22.27	22.30	0.244702	33.330
22.27	22.30	0.244719	33.431
22.27	22.30	0.244735	33.531
22.27	22.30	0.244752	33.631
22.30	22.30	0.244769	33.732
22.30	22.30	0.244785	33.831
22.30	22.30	0.244802	33.931
22.30	22.30	0.244819	34.032
22.30	22.30	0.244835	34.131
22.30	22.30	0.244852	34.230
22.30	22.30	0.244869	34.332
22.30	22.30	0.244885	34.431
22.30	22.30	0.244902	34.531
22.30	22.30	0.244919	34.632
22.30	22.30	0.244935	34.731
22.30	22.30	0.244952	34.831
22.30	22.30	0.244969	34.932
22.30	22.31	0.244985	35.031
22.30	22.31	0.245002	35.130
22.30	22.31	0.245019	35.232
22.30	22.31	0.245035	35.331
22.33	22.31	0.245052	35.431
22.33	22.31	0.245069	35.533
22.33	22.31	0.245085	35.630
22.33	22.32	0.245102	35.731
22.33	22.32	0.245119	35.832
22.33	22.32	0.245135	35.931
22.33	22.32	0.245152	36.031
22.33	22.32	0.245169	36.133
22.33	22.33	0.245185	36.231
22.33	22.33	0.245202	36.331
22.33	22.33	0.245219	36.433
22.33	22.33	0.245235	36.530
22.33	22.33	0.245252	36.631
22.33	22.34	0.245269	36.733
22.33	22.34	0.245285	36.830
22.33	22.34	0.245302	36.930
22.33	22.34	0.245319	37.033
22.33	22.35	0.245335	37.159
22.33	22.35	0.245352	37.253
22.33	22.35	0.245368	37.358
22.33	22.35	0.245385	37.457
22.33	22.36	0.245402	37.552
22.33	22.36	0.245418	37.657
22.33	22.36	0.245435	37.756
22.33	22.37	0.245452	37.851
22.33	22.37	0.245468	37.956
22.33	22.37	0.245485	38.055
22.33	22.37	0.245502	38.150
22.33	22.38	0.245518	38.254
22.35	22.38	0.245535	38.348
22.35	22.38	0.245552	38.448
22.35	22.39	0.245568	38.552
22.35	22.39	0.245585	38.647
22.35	22.39	0.245602	38.747
22.38	22.40	0.245618	38.851
22.38	22.40	0.245635	38.946
22.38	22.40	0.245652	39.045
22.38	22.41	0.245668	39.150
22.40	22.41	0.245685	39.244
22.40	22.41	0.245702	39.344
22.40	22.42	0.245718	39.449
22.40	22.42	0.245735	39.543
22.40	22.42	0.245752	39.643
22.43	22.43	0.245768	39.747
22.43	22.43	0.245785	39.842
22.43	22.43	0.245802	39.941
22.43	22.44	0.245818	40.046
22.43	22.44	0.245835	40.140
22.45	22.44	0.245852	40.240
22.45	22.45	0.245868	40.345
22.45	22.45	0.245885	40.439
22.45	22.45	0.245902	40.540
22.45	22.46	0.245918	40.643
22.45	22.46	0.245935	40.738
22.48	22.46	0.245952	40.840
22.48	22.47	0.245968	40.942
22.48	22.47	0.245985	41.037
22.48	22.48	0.246002	41.140
22.48	22.48	0.246018	41.241
22.48	22.48	0.246035	41.335
22.48	22.49	0.246052	41.440
22.48	22.49	0.246068	41.539
22.48	22.49	0.246085	41.634
22.48	22.50	0.246102	41.738
22.50	22.50	0.246118	41.838
22.50	22.50	0.246135	41.933
22.50	22.51	0.246152	42.037
22.50	22.51	0.246168	42.137
22.50	22.51	0.246185	42.231
22.50	22.52	0.246201	42.336
22.50	22.52	0.246218	42.430
22.50	22.52	0.246235	42.531
22.53	22.53	0.246251	42.635
22.53	22.53	0.246268	42.731
22.53	22.53	0.246285	42.831
22.53	22.53	0.246301	42.933
22.53	22.54	0.246318	43.031
22.53	22.54	0.246335	43.130
22.53	22.54	0.246351	43.232
22.53	22.55	0.246368	43.330
22.56	22.55	0.246385	43.431
22.56	22.55	0.246401	43.532
22.56	22.55	0.246418	43.637
22.56	22.56	0.246435	43.733
22.56	22.56	0.246451	43.832
22.56	22.56	0.246468	43.937
22.56	22.56	0.246485	44.032
22.58	22.57	0.246501	44.133
22.58	22.57	0.246518	44.238
22.58	22.57	0.246535	44.333
22.58	22.57	0.246551	44.433
22.58	22.58	0.246568	44.537
22.58	22.58	0.246585	44.634
22.58	22.58	0.246601	44.733
22.58	22.58	0.246618	44.838
22.58	22.58	0.246635	44.933
22.58	22.59	0.246651	45.034
22.58	22.59	0.246668	45.138
22.58	22.59	0.246685	45.234
22.61	22.59	0.246701	45.334
22.61	22.59	0.246718	45.437
22.61	22.60	0.246735	45.535
22.61	22.60	0.246751	45.634
22.61	22.60	0.246768	45.738
22.61	22.60	0.246785	45.834
22.61	22.60	0.246801	45.935
22.61	22.60	0.246818	46.038
22.61	22.60	0.246835	46.135
22.61	22.60	0.246851	46.235
22.61	22.61	0.246868	46.338
22.61	22.61	0.246885	46.435
22.61	22.61	0.246901	46.534
22.61	22.61	0.246918	46.638
22.61	22.61	0.246935	46.736
22.61	22.61	0.246951	46.836
22.61	22.61	0.246968	46.939
22.63	22.61	0.246985	47.065
22.63	22.61	0.247001	47.160
22.63	22.61	0.247018	47.238
22.63	22.61	0.247034	47.364
22.63	22.61	0.247051	47.458
22.63	22.61	0.247068	47.563
22.63	22.61	0.247084	47.662
22.63	22.61	0.247101	47.757
22.63	22.61	0.247118	47.862
22.63	22.61	0.247134	47.961
22.63	22.61	0.247151	48.056
22.63	22.61	0.247168	48.160
22.63	22.61	0.247184	48.260
22.63	22.61	0.247201	48.354
22.63	22.61	0.247218	48.459
22.61	22.61	0.247234	48.554
22.61	22.61	0.247251	48.653
22.61	22.61	0.247268	48.758
22.61	22.61	0.247284	48.852
22.61	22.61	0.247301	48.952
22.61	22.61	0.247318	49.056
22.61	22.61	0.247334	49.151
22.61	22.61	0.247351	49.250
22.61	22.61	0.247368	49.355
22.61	22.61	0.247384	49.450
22.61	22.60	0.247401	49.549
22.61	22.60	0.247418	49.654
22.61	22.60	0.247434	49.748
22.61	22.60	0.247451	49.848
22.61	22.60	0.247468	49.952
22.61	22.60	0.247484	50.047
22.61	22.60	0.247501	50.146
22.61	22.60	0.247518	50.251
22.61	22.60	0.247534	50.346
22.61	22.59	0.247551	50.445
22.61	22.59	0.247568	50.550
22.61	22.59	0.247584	50.644
22.61	22.59	0.247601	50.745
22.61	22.59	0.247618	50.848
22.61	22.59	0.247634	50.943
22.61	22.59	0.247651	51.045
22.58	22.58	0.247668	51.147
22.58	22.58	0.247684	51.242
22.58	22.58	0.247701	51.345
22.58	22.58	0.247718	51.446
22.58	22.58	0.247734	51.540
22.58	22.58	0.247751	51.645
22.58	22.57	0.247768	51.744
22.58	22.57	0.247784	51.839
22.58	22.57	0.247801	51.944
22.58	22.57	0.247818	52.043
22.58	22.57	0.247834	52.138
22.58	22.57	0.247851	52.242
22.58	22.56	0.247867	52.342
22.58	22.56	0.247884	52.436
22.56	22.56	0.247901	52.541
22.56	22.56	0.247917	52.636
22.56	22.56	0.247934	52.736
22.56	22.56	0.247951	52.840
22.56	22.55	0.247967	52.936
22.56	22.55	0.247984	53.036
22.56	22.55	0.248001	53.138
22.56	22.55	0.248017	53.236
22.56	22.55	0.248034	53.335
22.56	22.55	0.248051	53.437
22.56	22.54	0.248067	53.536
22.56	22.54	0.248084	53.636
22.56	22.54	0.248101	53.736
22.53	22.54	0.248117	53.835
22.53	22.54	0.248134	53.936
22.53	22.54	0.248151	54.035
22.53	22.53	0.248167	54.136
22.53	22.53	0.248184	54.236
22.53	22.53	0.248201	54.336
22.53	22.53	0.248217	54.436
22.53	22.53	0.248234	54.536
22.53	22.53	0.248251	54.636
22.53	22.53	0.248267	54.735
22.53	22.52	0.248284	54.836
22.53	22.52	0.248301	54.935
22.53	22.52	0.248317	55.036
22.53	22.52	0.248334	55.136
22.53	22.52	0.248351	55.236
22.50	22.52	0.248367	55.336
22.50	22.52	0.248384	55.437
22.50	22.52	0.248401	55.537
22.50	22.52	0.248417	55.636
22.50	22.52	0.248434	55.737
22.50	22.51	0.248451	55.836
22.50	22.51	0.248467	55.937
22.50	22.51	0.248484	56.037
22.50	22.51	0.248501	56.137
22.50	22.51	0.248517	56.237
22.50	22.51	0.248534	56.336
22.50	22.51	0.248551	56.437
22.50	22.51	0.248567	56.536
22.50	22.51	0.248584	56.637
22.50	22.51	0.248601	56.736
22.50	22.51	0.248617	56.837
22.50	22.51	0.248634	56.937
22.50	22.51	0.248651	57.037
22.50	22.51	0.248667	57.137
22.50	22.51	0.248684	57.236
22.50	22.51	0.248700	57.337
22.53	22.51	0.248717	57.436
22.53	22.51	0.248734	57.537
22.53	22.51	0.248750	57.637
22.53	22.51	0.248767	57.737
22.53	22.51	0.248784	57.837
22.53	22.51	0.248800	57.937
22.53	22.51	0.248817	58.037
22.53	22.51	0.248834	58.136
22.53	22.51	0.248850	58.236
22.50	22.51	0.248867	58.365
22.50	22.51	0.248884	58.464
22.50	22.51	0.248900	58.559
22.50	22.52	0.248917	58.664
22.50	22.52	0.248934	58.758
22.50	22.52	0.248950	58.858
22.50	22.52	0.248967	58.963
22.50	22.52	0.248984	59.057
22.50	22.52	0.249000	59.157
22.50	22.52	0.249017	59.261
22.50	22.52	0.249034	59.356
22.50	22.52	0.249050	59.456
22.50	22.53	0.249067	59.560
22.50	22.53	0.249084	59.655
22.50	22.53	0.249100	59.754
22.50	22.53	0.249117	59.859
22.50	22.53	0.249134	59.953
22.53	22.54	0.249150	00.053
22.53	22.54	0.249167	00.157
22.53	22.54	0.249184	00.252
22.53	22.54	0.249200	00.352
22.53	22.54	0.249217	00.456
22.53	22.55	0.249234	00.551
22.53	22.55	0.249250	00.650
22.53	22.55	0.249267	00.755
22.56	22.55	0.249284	00.849
22.56	22.55	0.249300	00.950
22.56	22.56	0.249317	01.054
22.56	22.56	0.249334	01.148
22.56	22.56	0.249350	01.250
22.56	22.56	0.249367	01.352
22.56	22.57	0.249384	01.447
22.56	22.57	0.249400	01.549
22.56	22.57	0.249417	01.651
22.56	22.58	0.249434	01.746
22.56	22.58	0.249450	01.850
22.56	22.58	0.249467	01.950
22.58	22.58	0.249484	02.044
22.58	22.59	0.249500	02.149
22.58	22.59	0.249517	02.248
22.58	22.59	0.249533	02.343
22.58	22.60	0.249550	02.447
22.58	22.60	0.249567	02.547
22.58	22.60	0.249583	02.642
22.58	22.61	0.249600	02.746
22.58	22.61	0.249617	02.846
22.58	22.61	0.249633	02.941
22.61	22.62	0.249650	03.045
22.61	22.62	0.249667	03.146
22.61	22.62	0.249683	03.242
22.61	22.63	0.249700	03.344
22.61	22.63	0.249717	03.446
22.61	22.63	0.249733	03.542
22.61	22.64	0.249750	03.642
22.63	22.64	0.249767	03.747
22.63	22.64	0.249783	03.841
22.63	22.65	0.249800	03.942
22.63	22.65	0.249817	04.041
22.63	22.65	0.249833	04.142
22.63	22.66	0.249850	04.242
22.66	22.66	0.249867	04.347
22.66	22.66	0.249883	04.442
22.66	22.67	0.249900	04.541
22.66	22.67	0.249917	04.642
22.66	22.67	0.249933	04.741
22.66	22.68	0.249950	04.842
22.68	22.68	0.249967	04.941
22.68	22.69	0.249983	05.042
22.68	22.69	0.250000	05.142
22.68	22.69	0.250017	05.242
22.68	22.70	0.250033	05.342
22.68	22.70	0.250050	05.441
22.71	22.70	0.250067	05.542
22.71	22.71	0.250083	05.641
22.71	22.71	0.250100	05.742
22.71	22.71	0.250117	05.842
22.71	22.72	0.250133	05.942
22.71	22.72	0.250150	06.042
22.74	22.72	0.250167	06.142
22.74	22.73	0.250183	06.242
22.74	22.73	0.250200	06.341
22.74	22.73	0.250217	06.442
22.74	22.74	0.250233	06.541
22.74	22.74	0.250250	06.642
22.74	22.74	0.250267	06.742
22.74	22.74	0.250283	06.842
22.76	22.75	0.250300	06.942
22.76	22.75	0.250317	07.041
22.76	22.75	0.250333	07.143
22.76	22.76	0.250350	07.242
22.76	22.76	0.250366	07.343
22.76	22.76	0.250383	07.443
22.76	22.76	0.250400	07.543
22.76	22.77	0.250416	07.643
22.76	22.77	0.250433	07.743
22.76	22.77	0.250450	07.843
22.76	22.78	0.250466	07.942
22.76	22.78	0.250483	08.043
22.79	22.78	0.250500	08.142
22.79	22.78	0.250516	08.272
22.79	22.79	0.250533	08.371
22.79	22.79	0.250550	08.466
22.79	22.79	0.250566	08.571
22.79	22.79	0.250583	08.670
22.79	22.79	0.250600	08.765
22.79	22.80	0.250616	08.869
22.79	22.80	0.250633	08.964
22.79	22.80	0.250650	09.063
22.81	22.80	0.250666	09.168
22.81	22.80	0.250683	09.263
22.81	22.81	0.250700	09.362
22.81	22.81	0.250716	09.467
22.81	22.81	0.250733	09.561
22.81	22.81	0.250750	09.661
22.81	22.81	0.250766	09.765
22.81	22.81	0.250783	09.860
22.81	22.81	0.250800	09.959
22.81	22.82	0.250816	10.064
22.81	22.82	0.250833	10.159
22.84	22.82	0.250850	10.258
22.84	22.82	0.250866	10.363
22.84	22.82	0.250883	10.457
22.84	22.82	0.250900	10.557
22.84	22.82	0.250916	10.661
22.84	22.82	0.250933	10.756
22.84	22.82	0.250950	10.856
22.84	22.82	0.250966	10.960
22.84	22.82	0.250983	11.055
22.84	22.82	0.251000	11.154
22.84	22.83	0.251016	11.259
22.84	22.83	0.251033	11.353
22.84	22.83	0.251050	11.455
22.84	22.83	0.251066	11.558
22.84	22.83	0.251083	11.652
22.84	22.83	0.251100	11.755
22.84	22.83	0.251116	11.856
22.84	22.83	0.251133	11.951
22.84	22.83	0.251150	12.054
22.84	22.83	0.251166	12.155
22.84	22.83	0.251183	12.249
22.84	22.83	0.251199	12.354
22.84	22.83	0.251216	12.454
22.84	22.83	0.251233	12.547
22.81	22.82	0.251249	12.652
22.81	22.82	0.251266	12.751
22.81	22.82	0.251283	12.846
22.81	22.82	0.251299	12.951
22.81	22.82	0.251316	13.045
22.81	22.82	0.251333	13.145
22.81	22.82	0.251349	13.249
22.81	22.82	0.251366	13.344
22.81	22.82	0.251383	13.443
22.81	22.82	0.251399	13.548
22.81	22.82	0.251416	13.642
22.81	22.82	0.251433	13.743
22.81	22.82	0.251449	13.846
22.84	22.81	0.251466	13.943
22.84	22.81	0.251483	14.043
22.84	22.81	0.251499	14.145
22.84	22.81	0.251516	14.242
22.84	22.81	0.251533	14.343
22.84	22.81	0.251549	14.444
22.84	22.81	0.251566	14.543
22.84	22.81	0.251583	14.642
22.84	22.80	0.251599	14.743
22.84	22.80	0.251616	14.843
22.81	22.80	0.251633	14.943
22.81	22.80	0.251649	15.043
22.81	22.80	0.251666	15.142
22.81	22.80	0.251683	15.243
22.81	22.79	0.251699	15.342
22.81	22.79	0.251716	15.443
22.81	22.79	0.251733	15.543
22.81	22.79	0.251749	15.643
22.79	22.79	0.251766	15.743
22.79	22.79	0.251783	15.843
22.79	22.78	0.251799	15.943
22.79	22.78	0.251816	16.042
22.79	22.78	0.251833	16.143
22.79	22.78	0.251849	16.243
22.79	22.78	0.251866	16.344
22.79	22.78	0.251883	16.444
22.79	22.77	0.251899	16.544
22.76	22.77	0.251916	16.644
22.76	22.77	0.251933	16.743
22.76	22.77	0.251949	16.844
22.76	22.77	0.251966	16.943
22.76	22.77	0.251983	17.044
22.76	22.76	0.251999	17.144
22.76	22.76	0.252016	17.244
22.76	22.76	0.252032	17.344
22.76	22.76	0.252049	17.444
22.76	22.76	0.252066	17.544
22.76	22.76	0.252082	17.643
22.76	22.75	0.252099	17.744
22.76	22.75	0.252116	17.843
22.76	22.75	0.252132	17.944
22.76	22.75	0.252149	18.044
22.76	22.75	0.252166	18.144
22.76	22.75	0.252182	18.244
22.76	22.74	0.252199	18.343
22.76	22.74	0.252216	18.444
22.74	22.74	0.252232	18.543
22.74	22.74	0.252249	18.644
22.74	22.74	0.252266	18.744
22.74	22.74	0.252282	18.844
22.74	22.74	0.252299	18.944
22.74	22.74	0.252316	19.044
22.74	22.73	0.252332	19.144
22.74	22.73	0.252349	19.243
22.74	22.73	0.252366	19.373
22.74	22.73	0.252382	19.467
22.74	22.73	0.252399	19.567
22.74	22.73	0.252416	19.671
22.74	22.73	0.252432	19.766
22.71	22.73	0.252449	19.866
22.71	22.73	0.252466	19.970
22.71	22.73	0.252482	20.065
22.71	22.73	0.252499	20.164
22.71	22.72	0.252516	20.269
22.71	22.72	0.252532	20.363
22.71	22.72	0.252549	20.463
22.71	22.72	0.252566	20.567
22.71	22.72	0.252582	20.662
22.71	22.72	0.252599	20.762
22.71	22.72	0.252616	20.866
22.71	22.72	0.252632	20.961
22.71	22.72	0.252649	21.060
22.71	22.72	0.252666	21.165
22.71	22.72	0.252682	21.259
22.71	22.72	0.252699	21.359
22.71	22.72	0.252716	21.464
22.71	22.72	0.252732	21.558
22.71	22.72	0.252749	21.659
22.71	22.72	0.252766	21.762
22.71	22.72	0.252782	21.857
22.71	22.72	0.252799	21.959
22.71	22.72	0.252816	22.061
22.71	22.72	0.252832	22.155
22.71	22.73	0.252849	22.259
22.71	22.73	0.252865	22.360
22.71	22.73	0.252882	22.454
22.74	22.73	0.252899	22.559
22.74	22.73	0.252915	22.658
22.74	22.73	0.252932	22.753
22.74	22.73	0.252949	22.857
22.74	22.73	0.252965	22.957
22.74	22.73	0.252982	23.052
22.74	22.73	0.252999	23.156
22.74	22.74	0.253015	23.256
22.74	22.74	0.253032	23.350
22.74	22.74	0.253049	23.455
22.74	22.74	0.253065	23.549
22.74	22.74	0.253082	23.649
22.74	22.74	0.253099	23.754
22.74	22.74	0.253115	23.848
22.74	22.75	0.253132	23.948
22.74	22.75	0.253149	24.052
22.74	22.75	0.253165	24.147
22.74	22.75	0.253182	24.246
22.74	22.75	0.253199	24.351
22.74	22.76	0.253215	24.445
22.74	22.76	0.253232	24.546
22.74	22.76	0.253249	24.650
22.74	22.76	0.253265	24.746
22.74	22.77	0.253282	24.846
22.74	22.77	0.253299	24.948
22.74	22.77	0.253315	25.046
22.74	22.77	0.253332	25.145
22.74	22.78	0.253349	25.247
22.74	22.78	0.253365	25.345
22.74	22.78	0.253382	25.446
22.74	22.78	0.253399	25.546
22.74	22.79	0.253415	25.646
22.76	22.79	0.253432	25.746
22.76	22.79	0.253449	25.845
22.76	22.79	0.253465	25.946
22.76	22.80	0.253482	26.045
22.76	22.80	0.253499	26.146
22.79	22.80	0.253515	26.246
22.79	22.81	0.253532	26.346
22.79	22.81	0.253549	26.446
22.79	22.81	0.253565	26.546
22.79	22.82	0.253582	26.646
22.81	22.82	0.253599	26.745
22.81	22.82	0.253615	26.846
22.81	22.83	0.253632	26.945
22.81	22.83	0.253649	27.046
22.84	22.83	0.253665	27.146
22.84	22.84	0.253682	27.246
22.84	22.84	0.253698	27.346
22.84	22.84	0.253715	27.446
22.84	22.85	0.253732	27.545
22.84	22.85	0.253748	27.646
22.86	22.85	0.253765	27.745
22.86	22.86	0.253782	27.846
22.86	22.86	0.253798	27.946
22.86	22.86	0.253815	28.046
22.86	22.87	0.253832	28.146
22.86	22.87	0.253848	28.245
22.86	22.87	0.253865	28.346
22.86	22.88	0.253882	28.445
22.89	22.88	0.253898	28.546
22.89	22.88	0.253915	28.647
22.89	22.89	0.253932	28.747
22.89	22.89	0.253948	28.847
22.89	22.89	0.253965	28.947
22.89	22.90	0.253982	29.047
22.89	22.90	0.253998	29.146
22.89	22.91	0.254015	29.247
22.92	22.91	0.254032	29.346
22.92	22.91	0.254048	29.447
22.92	22.92	0.254065	29.547
22.92	22.92	0.254082	29.647
22.92	22.92	0.254098	29.747
22.92	22.93	0.254115	29.846
22.92	22.93	0.254132	29.946
22.92	22.93	0.254148	30.045
22.94	22.94	0.254165	30.175
22.94	22.94	0.254182	30.269
22.94	22.94	0.254198	30.369
22.94	22.95	0.254215	30.474
22.94	22.95	0.254232	30.568
22.94	22.95	0.254248	30.668
22.94	22.95	0.254265	30.772
22.94	22.96	0.254282	30.867
22.97	22.96	0.254298	30.966
22.97	22.96	0.254315	31.071
22.97	22.97	0.254332	31.165
22.97	22.97	0.254348	31.265
22.97	22.97	0.254365	31.370
22.97	22.98	0.254382	31.464
22.97	22.98	0.254398	31.564
22.97	22.98	0.254415	31.668
22.99	22.98	0.254432	31.763
22.99	22.99	0.254448	31.864
22.99	22.99	0.254465	31.967
22.99	22.99	0.254482	32.062
22.99	22.99	0.254498	32.164
22.99	23.00	0.254515	32.266
22.99	23.00	0.254531	32.360
22.99	23.00	0.254548	32.464
22.99	23.00	0.254565	32.564
23.02	23.01	0.254581	32.659
23.02	23.01	0.254598	32.764
23.02	23.01	0.254615	32.864
23.02	23.01	0.254631	32.958
23.02	23.01	0.254648	33.063
23.02	23.02	0.254665	33.162
23.02	23.02	0.254681	33.256
23.02	23.02	0.254698	33.360
23.02	23.02	0.254715	33.460
23.04	23.02	0.254731	33.556
23.04	23.02	0.254748	33.660
23.04	23.02	0.254765	33.755
23.04	23.03	0.254781	33.854
23.04	23.03	0.254798	33.958
23.04	23.03	0.254815	34.052
23.04	23.03	0.254831	34.152
23.04	23.03	0.254848	34.256
23.04	23.03	0.254865	34.351
23.04	23.03	0.254881	34.451
23.04	23.03	0.254898	34.555
23.04	23.04	0.254915	34.650
23.04	23.04	0.254931	34.749
23.04	23.04	0.254948	34.854
23.04	23.04	0.254965	34.948
23.04	23.04	0.254981	35.048
23.04	23.04	0.254998	35.152
23.04	23.04	0.255015	35.248
23.04	23.04	0.255031	35.348
23.04	23.04	0.255048	35.451
23.07	23.04	0.255065	35.548
23.07	23.04	0.255081	35.647
23.07	23.04	0.255098	35.750
23.07	23.04	0.255115	35.848
23.07	23.04	0.255131	35.948
23.07	23.04	0.255148	36.049
23.07	23.04	0.255165	36.148
23.07	23.04	0.255181	36.248
23.07	23.04	0.255198	36.347
23.04	23.04	0.255215	36.448
23.04	23.04	0.255231	36.547
23.04	23.04	0.255248	36.648
23.04	23.04	0.255265	36.748
23.04	23.04	0.255281	36.848
23.04	23.04	0.255298	36.948
23.04	23.04	0.255315	37.048
23.04	23.04	0.255331	37.148
23.04	23.03	0.255348	37.247
23.04	23.03	0.255364	37.348
23.04	23.03	0.255381	37.447
23.04	23.03	0.255398	37.548
23.04	23.03	0.255414	37.648
23.04	23.03	0.255431	37.748
23.04	23.03	0.255448	37.848
23.04	23.03	0.255464	37.947
23.04	23.03	0.255481	38.048
23.02	23.03	0.255498	38.147
23.02	23.02	0.255514	38.248
23.02	23.02	0.255531	38.347
23.02	23.02	0.255548	38.448
23.02	23.02	0.255564	38.548
23.02	23.02	0.255581	38.648
23.02	23.02	0.255598	38.747
23.02	23.02	0.255614	38.848
23.02	23.01	0.255631	38.947
23.02	23.01	0.255648	39.048
23.02	23.01	0.255664	39.147
23.02	23.01	0.255681	39.248
23.02	23.01	0.255698	39.348
23.02	23.01	0.255714	39.448
23.02	23.00	0.255731	39.548
23.02	23.00	0.255748	39.647
23.02	23.00	0.255764	39.748
23.02	23.00	0.255781	39.847
23.02	23.00	0.255798	39.948
23.02	23.00	0.255814	40.048
23.02	22.99	0.255831	40.148
23.02	22.99	0.255848	40.248
22.99	22.99	0.255864	40.348
22.99	22.99	0.255881	40.448
22.99	22.99	0.255898	40.547
22.99	22.99	0.255914	40.648
22.99	22.98	0.255931	40.747
22.99	22.98	0.255948	40.848
22.99	22.98	0.255964	40.948
22.99	22.98	0.255981	41.072
22.99	22.98	0.255998	41.171
22.97	22.98	0.256014	41.277
22.97	22.97	0.256031	41.370
22.97	22.97	0.256048	41.470
22.97	22.97	0.256064	41.574
22.97	22.97	0.256081	41.669
22.97	22.97	0.256098	41.768
22.97	22.97	0.256114	41.873
22.97	22.96	0.256131	41.968
22.97	22.96	0.256148	42.069
22.97	22.96	0.256164	42.173
22.97	22.96	0.256181	42.266
22.97	22.96	0.256197	42.369
22.97	22.96	0.256214	42.470
22.97	22.96	0.256231	42.565
22.97	22.95	0.256247	42.669
22.94	22.95	0.256264	42.769
22.94	22.95	0.256281	42.864
22.94	22.95	0.256297	42.968
22.94	22.95	0.256314	43.068
22.94	22.95	0.256331	43.162
22.94	22.95	0.256347	43.267
22.94	22.95	0.256364	43.366
22.94	22.94	0.256381	43.461
22.94	22.94	0.256397	43.566
22.94	22.94	0.256414	43.665
22.94	22.94	0.256431	43.760
22.94	22.94	0.256447	43.864
22.94	22.94	0.256464	43.959
22.94	22.94	0.256481	44.058
22.94	22.94	0.256497	44.163
22.94	22.94	0.256514	44.258
22.94	22.94	0.256531	44.358
22.94	22.94	0.256547	44.462
22.94	22.94	0.256564	44.557
22.94	22.94	0.256581	44.656
22.94	22.94	0.256597	44.761
22.94	22.94	0.256614	44.855
22.94	22.94	0.256631	44.955
22.94	22.94	0.256647	45.059
22.92	22.94	0.256664	45.154
22.92	22.94	0.256681	45.254
22.92	22.94	0.256697	45.358
22.92	22.94	0.256714	45.453
22.92	22.94	0.256731	45.552
22.92	22.94	0.256747	45.657
22.92	22.94	0.256764	45.754
22.92	22.94	0.256781	45.851
22.92	22.94	0.256797	45.956
22.92	22.94	0.256814	46.051
22.92	22.94	0.256831	46.151
22.92	22.94	0.256847	46.253
22.92	22.94	0.256864	46.351
22.94	22.94	0.256881	46.451
22.94	22.94	0.256897	46.552
22.94	22.94	0.256914	46.651
22.94	22.94	0.256931	46.751
22.94	22.94	0.256947	46.851
22.94	22.94	0.256964	46.950
22.94	22.95	0.256981	47.051
22.94	22.95	0.256997	47.151
22.94	22.95	0.257014	47.251
22.94	22.95	0.257030	47.351
22.94	22.95	0.257047	47.451
22.94	22.95	0.257064	47.550
22.94	22.95	0.257080	47.651
22.94	22.96	0.257097	47.750
22.94	22.96	0.257114	47.851
22.94	22.96	0.257130	47.951
22.94	22.96	0.257147	48.051
22.94	22.96	0.257164	48.151
22.94	22.97	0.257180	48.251
22.94	22.97	0.257197	48.350
22.97	22.97	0.257214	48.451
22.97	22.97	0.257230	48.550
22.97	22.97	0.257247	48.651
22.97	22.98	0.257264	48.751
22.97	22.98	0.257280	48.851
22.97	22.98	0.257297	48.951
22.97	22.98	0.257314	49.051
22.97	22.99	0.257330	49.150
22.97	22.99	0.257347	49.251
22.99	22.99	0.257364	49.350
22.99	22.99	0.257380	49.451
22.99	23.00	0.257397	49.551
22.99	23.00	0.257414	49.651
22.99	23.00	0.257430	49.751
22.99	23.01	0.257447	49.851
22.99	23.01	0.257464	49.951
22.99	23.01	0.257480	50.050
22.99	23.01	0.257497	50.151
23.02	23.02	0.257514	50.250
23.02	23.02	0.257530	50.351
23.02	23.02	0.257547	50.451
23.02	23.03	0.257564	50.551
23.02	23.03	0.257580	50.651
23.02	23.03	0.257597	50.751
23.02	23.04	0.257614	50.850
23.02	23.04	0.257630	50.951
23.02	23.04	0.257647	51.050
23.04	23.05	0.257664	51.151
23.04	23.05	0.257680	51.251
23.04	23.05	0.257697	51.351
23.04	23.06	0.257714	51.451
23.04	23.06	0.257730	51.550
23.04	23.06	0.257747	51.651
23.04	23.07	0.257764	51.750
23.07	23.07	0.257780	51.875
23.07	23.07	0.257797	51.973
23.07	23.08	0.257814	52.079
23.07	23.08	0.257830	52.174
23.07	23.08	0.257847	52.274
23.07	23.09	0.257863	52.378
23.09	23.09	0.257880	52.472
23.09	23.09	0.257897	52.574
23.09	23.10	0.257913	52.676
23.09	23.10	0.257930	52.770
23.09	23.10	0.257947	52.874
23.09	23.11	0.257963	52.974
23.12	23.11	0.257980	53.070
23.12	23.12	0.257997	53.174
23.12	23.12	0.258013	53.273
23.12	23.12	0.258030	53.367
23.12	23.13	0.258047	53.472
23.12	23.13	0.258063	53.571
23.15	23.13	0.258080	53.666
23.15	23.14	0.258097	53.772
23.15	23.14	0.258113	53.870
23.15	23.14	0.258130	53.966
23.15	23.15	0.258147	54.069
23.15	23.15	0.258163	54.164
23.15	23.15	0.258180	54.263
23.15	23.16	0.258197	54.368
23.15	23.16	0.258213	54.462
23.17	23.16	0.258230	54.562
23.17	23.17	0.258247	54.667
23.17	23.17	0.258263	54.761
23.17	23.17	0.258280	54.861
23.17	23.17	0.258297	54.965
23.17	23.18	0.258313	55.060
23.17	23.18	0.258330	55.159
23.17	23.18	0.258347	55.264
23.17	23.19	0.258363	55.359
23.20	23.19	0.258380	55.458
23.20	23.19	0.258397	55.563
23.20	23.19	0.258413	55.657
23.20	23.20	0.258430	55.757
23.20	23.20	0.258447	55.861
23.20	23.20	0.258463	55.956
23.20	23.20	0.258480	56.055
23.20	23.21	0.258497	56.160
23.20	23.21	0.258513	56.255
23.20	23.21	0.258530	56.355
23.20	23.21	0.258547	56.459
23.22	23.22	0.258563	56.553
23.22	23.22	0.258580	56.656
23.22	23.22	0.258597	56.757
23.22	23.22	0.258613	56.852
23.22	23.22	0.258630	56.955
23.22	23.23	0.258647	57.056
23.22	23.23	0.258663	57.152
23.22	23.23	0.258680	57.255
23.22	23.23	0.258696	57.355
23.22	23.23	0.258713	57.451
23.22	23.24	0.258730	57.554
23.25	23.24	0.258746	57.653
23.25	23.24	0.258763	57.752
23.25	23.24	0.258780	57.853
23.25	23.24	0.258796	57.953
23.25	23.24	0.258813	58.052
23.25	23.24	0.258830	58.152
23.25	23.24	0.258846	58.252
23.25	23.25	0.258863	58.352
23.25	23.25	0.258880	58.451
23.25	23.25	0.258896	58.552
23.27	23.25	0.258913	58.652
23.27	23.25	0.258930	58.752
23.27	23.25	0.258946	58.852
23.27	23.25	0.258963	58.952
23.27	23.25	0.258980	59.051
23.27	23.25	0.258996	59.152
23.27	23.25	0.259013	59.252
23.27	23.25	0.259030	59.352
23.27	23.25	0.259046	59.453
23.27	23.25	0.259063	59.552
23.27	23.25	0.259080	59.653
23.27	23.25	0.259096	59.752
23.27	23.25	0.259113	59.853
23.27	23.25	0.259130	59.952
23.27	23.25	0.259146	00.053
23.27	23.25	0.259163	00.153
23.27	23.25	0.259180	00.253
23.27	23.25	0.259196	00.353
23.27	23.25	0.259213	00.453
23.25	23.25	0.259230	00.553
23.25	23.25	0.259246	00.653
23.25	23.25	0.259263	00.753
23.25	23.25	0.259280	00.852
23.25	23.25	0.259296	00.953
23.25	23.25	0.259313	01.053
23.25	23.25	0.259330	01.153
23.25	23.25	0.259346	01.254
23.25	23.25	0.259363	01.352
23.25	23.25	0.259380	01.453
23.25	23.24	0.259396	01.553
23.25	23.24	0.259413	01.653
23.25	23.24	0.259430	01.753
23.25	23.24	0.259446	01.854
23.25	23.24	0.259463	01.953
23.25	23.24	0.259480	02.053
23.25	23.24	0.259496	02.154
23.25	23.24	0.259513	02.253
23.25	23.24	0.259529	02.352
23.25	23.23	0.259546	02.454
23.25	23.23	0.259563	02.552
23.25	23.23	0.259579	02.677
23.25	23.23	0.259596	02.754
23.22	23.23	0.259613	02.881
23.22	23.23	0.259629	02.976
23.22	23.23	0.259646	03.054
23.22	23.22	0.259663	03.180
23.22	23.22	0.259679	03.274
23.22	23.22	0.259696	03.379
23.22	23.22	0.259713	03.478
23.22	23.22	0.259729	03.573
23.22	23.22	0.259746	03.678
23.22	23.21	0.259763	03.777
23.22	23.21	0.259779	03.872
23.22	23.21	0.259796	03.976
23.22	23.21	0.259813	04.076
23.22	23.21	0.259829	04.170
23.22	23.21	0.259846	04.275
23.22	23.20	0.259863	04.370
23.22	23.20	0.259879	04.469
23.20	23.20	0.259896	04.574
23.20	23.20	0.259913	04.668
23.20	23.20	0.259929	04.768
23.20	23.20	0.259946	04.872
23.20	23.19	0.259963	04.967
23.20	23.19	0.259979	05.066
23.20	23.19	0.259996	05.171
23.20	23.19	0.260013	05.266
23.20	23.19	0.260029	05.365
23.20	23.19	0.260046	05.470
23.20	23.18	0.260063	05.564
23.20	23.18	0.260079	05.664
23.20	23.18	0.260096	05.768
23.20	23.18	0.260113	05.863
23.17	23.18	0.260129	05.962
23.17	23.18	0.260146	06.067
23.17	23.17	0.260163	06.162
23.17	23.17	0.260179	06.261
23.17	23.17	0.260196	06.366
23.17	23.17	0.260213	06.460
23.17	23.17	0.260229	06.560
23.17	23.17	0.260246	06.664
23.17	23.17	0.260263	06.759
23.17	23.16	0.260279	06.861
23.17	23.16	0.260296	06.963
23.17	23.16	0.260313	07.058
23.17	23.16	0.260329	07.160
23.15	23.16	0.260346	07.262
23.15	23.16	0.260362	07.356
23.15	23.16	0.260379	07.461
23.15	23.16	0.260396	07.560
23.15	23.16	0.260412	07.655
23.15	23.16	0.260429	07.760
23.15	23.15	0.260446	07.859
23.15	23.15	0.260462	07.953
23.15	23.15	0.260479	08.058
23.15	23.15	0.260496	08.157
23.15	23.15	0.260512	08.253
23.15	23.15	0.260529	08.357
23.15	23.15	0.260546	08.456
23.15	23.15	0.260562	08.554
23.15	23.15	0.260579	08.656
23.15	23.15	0.260596	08.757
23.15	23.15	0.260612	08.855
23.15	23.15	0.260629	08.955
23.15	23.15	0.260646	09.057
23.15	23.15	0.260662	09.154
23.15	23.15	0.260679	09.255
23.15	23.15	0.260696	09.357
23.15	23.15	0.260712	09.455
23.15	23.15	0.260729	09.555
23.15	23.15	0.260746	09.657
23.12	23.15	0.260762	09.755
23.12	23.15	0.260779	09.854
23.12	23.15	0.260796	09.958
23.12	23.15	0.260812	10.054
23.12	23.15	0.260829	10.155
23.12	23.15	0.260846	10.257
23.12	23.15	0.260862	10.355
23.12	23.15	0.260879	10.455
23.15	23.15	0.260896	10.557
23.15	23.16	0.260912	10.655
23.15	23.16	0.260929	10.754
23.15	23.16	0.260946	10.858
23.15	23.16	0.260962	10.954
23.15	23.16	0.260979	11.055
23.15	23.16	0.260996	11.158
23.15	23.16	0.261012	11.255
23.15	23.16	0.261029	11.355
23.15	23.16	0.261046	11.458
23.15	23.17	0.261062	11.555
23.15	23.17	0.261079	11.654
23.17	23.17	0.261096	11.758
23.17	23.17	0.261112	11.855
23.17	23.17	0.261129	11.955
23.17	23.18	0.261146	12.059
23.17	23.18	0.261162	12.155
23.17	23.18	0.261179	12.255
23.17	23.18	0.261195	12.358
23.17	23.18	0.261212	12.455
23.17	23.19	0.261229	12.554
23.17	23.19	0.261245	12.659
23.17	23.19	0.261262	12.755
23.17	23.19	0.261279	12.855
23.17	23.19	0.261295	12.959
23.17	23.20	0.261312	13.054
23.20	23.20	0.261329	13.155
23.20	23.20	0.261345	13.259
23.20	23.20	0.261362	13.355
23.20	23.21	0.261379	13.479
23.20	23.21	0.261395	13.559
23.20	23.21	0.261412	13.684
23.20	23.22	0.261429	13.778
23.20	23.22	0.261445	13.883
23.22	23.22	0.261462	13.982
23.22	23.22	0.261479	14.077
23.22	23.23	0.261495	14.181
23.22	23.23	0.261512	14.280
23.22	23.23	0.261529	14.375
23.22	23.24	0.261545	14.480
23.22	23.24	0.261562	14.574
23.22	23.24	0.261579	14.674
23.22	23.25	0.261595	14.778
23.22	23.25	0.261612	14.873
23.25	23.25	0.261629	14.972
23.25	23.26	0.261645	15.077
23.25	23.26	0.261662	15.172
23.25	23.26	0.261679	15.271
23.25	23.27	0.261695	15.376
23.25	23.27	0.261712	15.470
23.25	23.27	0.261729	15.570
23.27	23.28	0.261745	15.674
23.27	23.28	0.261762	15.769
23.27	23.28	0.261779	15.868
23.27	23.29	0.261795	15.973
23.27	23.29	0.261812	16.068
23.27	23.29	0.261829	16.167
23.30	23.30	0.261845	16.272
23.30	23.30	0.261862	16.366
23.30	23.30	0.261879	16.466
23.30	23.31	0.261895	16.571
23.30	23.31	0.261912	16.665
23.30	23.31	0.261929	16.765
23.33	23.32	0.261945	16.870
23.33	23.32	0.261962	16.964
23.33	23.33	0.261979	17.066
23.33	23.33	0.261995	17.168
23.33	23.33	0.262012	17.263
23.33	23.34	0.262028	17.365
23.33	23.34	0.262045	17.466
23.35	23.34	0.262062	17.562
23.35	23.35	0.262078	17.665
23.35	23.35	0.262095	17.765
23.35	23.35	0.262112	17.859
23.35	23.36	0.262128	17.964
23.35	23.36	0.262145	18.063
23.35	23.36	0.262162	18.158
23.35	23.37	0.262178	18.262
23.35	23.37	0.262195	18.362
23.38	23.37	0.262212	18.457
23.38	23.38	0.262228	18.561
23.38	23.38	0.262245	18.656
23.38	23.38	0.262262	18.755
23.38	23.38	0.262278	18.860
23.38	23.39	0.262295	18.955
23.38	23.39	0.262312	19.056
23.38	23.39	0.262328	19.159
23.40	23.40	0.262345	19.256
23.40	23.40	0.262362	19.356
23.40	23.40	0.262378	19.457
23.40	23.40	0.262395	19.556
23.40	23.41	0.262412	19.655
23.40	23.41	0.262428	19.756
23.40	23.41	0.262445	19.855
23.40	23.42	0.262462	19.956
23.43	23.42	0.262478	20.056
23.43	23.42	0.262495	20.156
23.43	23.42	0.262512	20.256
23.43	23.43	0.262528	20.355
23.43	23.43	0.262545	20.456
23.43	23.43	0.262562	20.555
23.43	23.43	0.262578	20.656
23.43	23.43	0.262595	20.756
23.45	23.44	0.262612	20.856
23.45	23.44	0.262628	20.956
23.45	23.44	0.262645	21.056
23.45	23.44	0.262662	21.156
23.45	23.44	0.262678	21.255
23.45	23.45	0.262695	21.356
23.45	23.45	0.262712	21.455
23.45	23.45	0.262728	21.556
23.45	23.45	0.262745	21.656
23.45	23.45	0.262762	21.756
23.45	23.45	0.262778	21.856
23.45	23.45	0.262795	21.956
23.45	23.46	0.262812	22.056
23.48	23.46	0.262828	22.155
23.48	23.46	0.262845	22.257
23.48	23.46	0.262861	22.355
23.48	23.46	0.262878	22.457
23.48	23.46	0.262895	22.557
23.48	23.46	0.262911	22.657
23.48	23.46	0.262928	22.757
23.48	23.46	0.262945	22.856
23.48	23.46	0.262961	22.957
23.48	23.46	0.262978	23.056
23.48	23.46	0.262995	23.157
23.48	23.47	0.263011	23.257
23.48	23.47	0.263028	23.357
23.48	23.47	0.263045	23.457
23.48	23.47	0.263061	23.557
23.48	23.47	0.263078	23.657
23.48	23.47	0.263095	23.756
23.48	23.47	0.263111	23.857
23.48	23.47	0.263128	23.956
23.48	23.47	0.263145	24.057
23.48	23.47	0.263161	24.157
23.48	23.47	0.263178	24.257
23.48	23.47	0.263195	24.356
23.48	23.47	0.263211	24.456
23.45	23.47	0.263228	24.580
23.45	23.46	0.263245	24.684
23.45	23.46	0.263261	24.784
23.45	23.46	0.263278	24.878
23.45	23.46	0.263295	24.983
23.45	23.46	0.263311	25.078
23.45	23.46	0.263328	25.177
23.45	23.46	0.263345	25.282
23.45	23.46	0.263361	25.376
23.45	23.46	0.263378	25.476
23.45	23.46	0.263395	25.580
23.45	23.46	0.263411	25.675
23.45	23.46	0.263428	25.774
23.48	23.46	0.263445	25.879
23.48	23.45	0.263461	25.974
23.48	23.45	0.263478	26.073
23.48	23.45	0.263495	26.178
23.48	23.45	0.263511	26.272
23.48	23.45	0.263528	26.372
23.48	23.45	0.263545	26.476
23.48	23.45	0.263561	26.571
23.48	23.45	0.263578	26.671
23.48	23.44	0.263595	26.776
23.48	23.44	0.263611	26.870
23.45	23.44	0.263628	26.970
23.45	23.44	0.263645	27.074
23.45	23.44	0.263661	27.168
23.45	23.44	0.263678	27.270
23.45	23.43	0.263694	27.373
23.45	23.43	0.263711	27.467
23.45	23.43	0.263728	27.571
23.45	23.43	0.263744	27.671
23.43	23.43	0.263761	27.766
23.43	23.43	0.263778	27.870
23.43	23.42	0.263794	27.970
23.43	23.42	0.263811	28.064
23.43	23.42	0.263828	28.169
23.43	23.42	0.263844	28.269
23.43	23.42	0.263861	28.363
23.43	23.42	0.263878	28.468
23.43	23.41	0.263894	28.567
23.43	23.41	0.263911	28.662
23.40	23.41	0.263928	28.766
23.40	23.41	0.263944	28.861
23.40	23.41	0.263961	28.961
23.40	23.41	0.263978	29.065
23.40	23.40	0.263994	29.160
23.40	23.40	0.264011	29.259
23.40	23.40	0.264028	29.364
23.40	23.40	0.264044	29.458
23.40	23.40	0.264061	29.559
23.40	23.40	0.264078	29.662
23.40	23.39	0.264094	29.759
23.40	23.39	0.264111	29.859
23.40	23.39	0.264128	29.961
23.40	23.39	0.264144	30.059
23.40	23.39	0.264161	30.159
23.40	23.39	0.264178	30.260
23.38	23.38	0.264194	30.358
23.38	23.38	0.264211	30.459
23.38	23.38	0.264228	30.558
23.38	23.38	0.264244	30.659
23.38	23.38	0.264261	30.759
23.38	23.38	0.264278	30.859
23.38	23.38	0.264294	30.959
23.38	23.38	0.264311	31.058
23.38	23.37	0.264328	31.159
23.38	23.37	0.264344	31.258
23.38	23.37	0.264361	31.359
23.38	23.37	0.264378	31.459
23.38	23.37	0.264394	31.560
23.38	23.37	0.264411	31.660
23.38	23.37	0.264428	31.760
23.35	23.37	0.264444	31.860
23.35	23.37	0.264461	31.959
23.35	23.37	0.264478	32.060
23.35	23.37	0.264494	32.159
23.35	23.36	0.264511	32.260
23.35	23.36	0.264527	32.360
23.35	23.36	0.264544	32.460
23.35	23.36	0.264561	32.560
23.35	23.36	0.264577	32.660
23.35	23.36	0.264594	32.760
23.35	23.36	0.264611	32.859
23.35	23.36	0.264627	32.960
23.35	23.36	0.264644	33.059
23.35	23.36	0.264661	33.160
23.35	23.36	0.264677	33.260
23.35	23.36	0.264694	33.360
23.35	23.36	0.264711	33.460
23.35	23.36	0.264727	33.559
23.35	23.36	0.264744	33.660
23.35	23.36	0.264761	33.759
23.35	23.36	0.264777	33.860
23.35	23.36	0.264794	33.960
23.35	23.36	0.264811	34.060
23.35	23.36	0.264827	34.160
23.35	23.37	0.264844	34.260
23.35	23.37	0.264861	34.361
23.38	23.37	0.264877	34.460
23.38	23.37	0.264894	34.561
23.38	23.37	0.264911	34.660
23.38	23.37	0.264927	34.760
23.38	23.37	0.264944	34.860
23.38	23.37	0.264961	34.989
23.38	23.37	0.264977	35.084
23.38	23.37	0.264994	35.188
23.38	23.38	0.265011	35.283
23.38	23.38	0.265027	35.382
23.38	23.38	0.265044	35.487
23.38	23.38	0.265061	35.581
23.38	23.38	0.265077	35.681
23.38	23.38	0.265094	35.785
23.38	23.38	0.265111	35.880
23.38	23.39	0.265127	35.980
23.38	23.39	0.265144	36.084
23.38	23.39	0.265161	36.179
23.38	23.39	0.265177	36.278
23.38	23.39	0.265194	36.383
23.38	23.40	0.265211	36.477
23.38	23.40	0.265227	36.577
23.38	23.40	0.265244	36.682
23.38	23.40	0.265261	36.776
23.38	23.41	0.265277	36.876
23.38	23.41	0.265294	36.980
23.38	23.41	0.265311	37.075
23.38	23.41	0.265327	37.174
23.38	23.42	0.265344	37.279
23.38	23.42	0.265360	37.374
23.38	23.42	0.265377	37.475
23.38	23.42	0.265394	37.578
23.40	23.43	0.265410	37.672
23.40	23.43	0.265427	37.775
23.40	23.43	0.265444	37.876
23.40	23.43	0.265460	37.971
23.40	23.44	0.265477	38.075
23.43	23.44	0.265494	38.175
23.43	23.44	0.265510	38.270
23.43	23.45	0.265527	38.374
23.43	23.45	0.265544	38.474
23.45	23.45	0.265560	38.568
23.45	23.46	0.265577	38.673
23.45	23.46	0.265594	38.772
23.45	23.46	0.265610	38.867
23.45	23.47	0.265627	38.972
23.48	23.47	0.265644	39.071
23.48	23.47	0.265660	39.166
23.48	23.48	0.265677	39.270
23.48	23.48	0.265694	39.365
23.48	23.48	0.265710	39.464
23.48	23.49	0.265727	39.569
23.48	23.49	0.265744	39.663
23.50	23.49	0.265760	39.763
23.50	23.50	0.265777	39.868
23.50	23.50	0.265794	39.962
23.50	23.50	0.265810	40.062
23.50	23.51	0.265827	40.166
23.50	23.51	0.265844	40.262
23.50	23.51	0.265860	40.361
23.50	23.52	0.265877	40.465
23.50	23.52	0.265894	40.562
23.53	23.52	0.265910	40.662
23.53	23.53	0.265927	40.764
23.53	23.53	0.265944	40.862
23.53	23.53	0.265960	40.962
23.53	23.54	0.265977	41.062
23.53	23.54	0.265994	41.162
23.53	23.55	0.266010	41.261
23.53	23.55	0.266027	41.362
23.56	23.55	0.266044	41.462
23.56	23.56	0.266060	41.562
23.56	23.56	0.266077	41.662
23.56	23.56	0.266094	41.761
23.56	23.57	0.266110	41.862
23.56	23.57	0.266127	41.961
23.56	23.57	0.266144	42.062
23.56	23.58	0.266160	42.161
23.56	23.58	0.266177	42.262
23.58	23.58	0.266193	42.362
23.58	23.59	0.266210	42.462
23.58	23.59	0.266227	42.562
23.58	23.59	0.266243	42.661
23.58	23.59	0.266260	42.762
23.58	23.60	0.266277	42.861
23.58	23.60	0.266293	42.962
23.61	23.60	0.266310	43.063
23.61	23.61	0.266327	43.163
23.61	23.61	0.266343	43.263
23.61	23.61	0.266360	43.362
23.61	23.62	0.266377	43.463
23.61	23.62	0.266393	43.562
23.61	23.62	0.266410	43.663
23.63	23.62	0.266427	43.763
23.63	23.63	0.266443	43.863
23.63	23.63	0.266460	43.963
23.63	23.63	0.266477	44.063
23.63	23.63	0.266493	44.163
23.63	23.64	0.266510	44.262
23.63	23.64	0.266527	44.363
23.63	23.64	0.266543	44.462
23.66	23.64	0.266560	44.563
23.66	23.65	0.266577	44.663
23.66	23.65	0.266593	44.763
23.66	23.65	0.266610	44.863
23.66	23.65	0.266627	44.963
23.66	23.65	0.266643	45.062
23.66	23.66	0.266660	45.163
23.66	23.66	0.266677	45.262
23.66	23.66	0.266693	45.363
23.66	23.66	0.266710	45.463
23.66	23.66	0.266727	45.563
23.68	23.66	0.266743	45.663
23.68	23.66	0.266760	45.762
23.68	23.67	0.266777	45.887
23.68	23.67	0.266793	45.991
23.68	23.67	0.266810	46.085
23.68	23.67	0.266827	46.185
23.68	23.67	0.266843	46.290
23.68	23.67	0.266860	46.385
23.68	23.67	0.266877	46.483
23.68	23.67	0.266893	46.588
23.68	23.68	0.266910	46.683
23.68	23.68	0.266927	46.783
23.68	23.68	0.266943	46.887
23.68	23.68	0.266960	46.981
23.68	23.68	0.266977	47.081
23.68	23.68	0.266993	47.186
23.68	23.68	0.267010	47.279
23.68	23.68	0.267026	47.379
23.68	23.68	0.267043	47.484
23.68	23.68	0.267060	47.578
23.68	23.68	0.267076	47.680
23.68	23.68	0.267093	47.782
23.68	23.68	0.267110	47.877
23.68	23.68	0.267126	47.979
23.68	23.68	0.267143	48.081
23.68	23.68	0.267160	48.176
23.71	23.68	0.267176	48.280
23.71	23.68	0.267193	48.381
23.71	23.68	0.267210	48.475
23.71	23.68	0.267226	48.580
23.71	23.68	0.267243	48.679
23.71	23.68	0.267260	48.774
23.71	23.68	0.267276	48.878
23.71	23.68	0.267293	48.978
23.71	23.68	0.267310	49.073
23.71	23.68	0.267326	49.177
23.68	23.67	0.267343	49.277
23.68	23.67	0.267360	49.370
23.68	23.67	0.267376	49.476
23.68	23.67	0.267393	49.569
23.68	23.67	0.267410	49.669
23.68	23.67	0.267426	49.775
23.68	23.67	0.267443	49.868
23.68	23.67	0.267460	49.968
23.68	23.67	0.267476	50.072
23.68	23.67	0.267493	50.167
23.68	23.66	0.267510	50.266
23.68	23.66	0.267526	50.371
23.66	23.66	0.267543	50.466
23.66	23.66	0.267560	50.566
23.66	23.66	0.267576	50.670
23.66	23.66	0.267593	50.765
23.66	23.66	0.267610	50.864
23.66	23.65	0.267626	50.969
23.66	23.65	0.267643	51.063
23.66	23.65	0.267660	51.163
23.66	23.65	0.267676	51.267
23.66	23.65	0.267693	51.363
23.66	23.65	0.267710	51.463
23.66	23.64	0.267726	51.566
23.66	23.64	0.267743	51.663
23.66	23.64	0.267760	51.762
23.63	23.64	0.267776	51.865
23.63	23.64	0.267793	51.962
23.63	23.64	0.267810	52.063
23.63	23.63	0.267826	52.164
23.63	23.63	0.267843	52.263
23.63	23.63	0.267859	52.363
23.63	23.63	0.267876	52.463
23.63	23.63	0.267893	52.563
23.63	23.63	0.267909	52.662
23.63	23.62	0.267926	52.763
23.63	23.62	0.267943	52.862
23.63	23.62	0.267959	52.963
23.63	23.62	0.267976	53.063
23.63	23.62	0.267993	53.163
23.63	23.62	0.268009	53.263
23.63	23.61	0.268026	53.362
23.61	23.61	0.268043	53.463
23.61	23.61	0.268059	53.562
23.61	23.61	0.268076	53.663
23.61	23.61	0.268093	53.763
23.61	23.61	0.268109	53.863
23.61	23.60	0.268126	53.963
23.61	23.60	0.268143	54.063
23.61	23.60	0.268159	54.163
23.61	23.60	0.268176	54.262
23.61	23.60	0.268193	54.363
23.61	23.60	0.268209	54.462
23.61	23.60	0.268226	54.563
23.61	23.59	0.268243	54.663
23.61	23.59	0.268259	54.763
23.58	23.59	0.268276	54.863
23.58	23.59	0.268293	54.962
23.58	23.59	0.268309	55.063
23.58	23.59	0.268326	55.162
23.58	23.59	0.268343	55.263
23.58	23.59	0.268359	55.362
23.58	23.58	0.268376	55.463
23.58	23.58	0.268393	55.563
23.58	23.58	0.268409	55.663
23.58	23.58	0.268426	55.763
23.58	23.58	0.268443	55.862
23.58	23.58	0.268459	55.963
23.58	23.58	0.268476	56.062
23.58	23.58	0.268493	56.163
23.58	23.58	0.268509	56.263
23.58	23.58	0.268526	56.363
23.58	23.58	0.268543	56.463
23.58	23.58	0.268559	56.563
23.58	23.58	0.268576	56.663
23.58	23.58	0.268593	56.762
23.58	23.58	0.268609	56.863
23.58	23.58	0.268626	56.962
23.58	23.58	0.268643	57.092
23.58	23.58	0.268659	57.186
23.58	23.58	0.268676	57.286
23.56	23.58	0.268692	57.390
23.56	23.58	0.268709	57.485
23.56	23.58	0.268726	57.584
23.56	23.58	0.268742	57.689
23.56	23.58	0.268759	57.783
23.56	23.58	0.268776	57.884
23.56	23.58	0.268792	57.987
23.56	23.58	0.268809	58.082
23.56	23.58	0.268826	58.185
23.56	23.58	0.268842	58.286
23.56	23.58	0.268859	58.381
23.58	23.58	0.268876	58.484
23.58	23.58	0.268892	58.585
23.58	23.58	0.268909	58.679
23.58	23.58	0.268926	58.784
23.58	23.58	0.268942	58.884
23.58	23.58	0.268959	58.978
23.58	23.59	0.268976	59.083
23.58	23.59	0.268992	59.182
23.58	23.59	0.269009	59.277
23.58	23.59	0.269026	59.381
23.58	23.59	0.269042	59.481
23.58	23.59	0.269059	59.576
23.58	23.59	0.269076	59.680
23.58	23.60	0.269092	59.775
23.58	23.60	0.269109	59.874
23.58	23.60	0.269126	59.979
23.58	23.60	0.269142	00.073
23.58	23.60	0.269159	00.173
23.58	23.61	0.269176	00.277
23.61	23.61	0.269192	00.372
23.61	23.61	0.269209	00.472
23.61	23.61	0.269226	00.576
23.61	23.61	0.269242	00.671
23.61	23.62	0.269259	00.770
23.61	23.62	0.269276	00.875
23.61	23.62	0.269292	00.969
23.61	23.62	0.269309	01.069
23.61	23.63	0.269326	01.174
23.61	23.63	0.269342	01.268
23.61	23.63	0.269359	01.368
23.61	23.63	0.269376	01.472
23.61	23.64	0.269392	01.567
23.63	23.64	0.269409	01.666
23.63	23.64	0.269426	01.771
23.63	23.65	0.269442	01.866
23.63	23.65	0.269459	01.966
23.63	23.65	0.269476	02.070
23.63	23.65	0.269492	02.164
23.63	23.66	0.269509	02.266
23.63	23.66	0.269525	02.368
23.63	23.66	0.269542	02.463
23.66	23.67	0.269559	02.566
23.66	23.67	0.269575	02.667
23.66	23.67	0.269592	02.763
23.66	23.68	0.269609	02.866
23.66	23.68	0.269625	02.966
23.66	23.68	0.269642	03.062
23.68	23.69	0.269659	03.165
23.68	23.69	0.269675	03.264
23.68	23.69	0.269692	03.363
23.68	23.70	0.269709	03.464
23.68	23.70	0.269725	03.563
23.68	23.70	0.269742	03.663
23.68	23.71	0.269759	03.763
23.71	23.71	0.269775	03.863
23.71	23.71	0.269792	03.962
23.71	23.72	0.269809	04.063
23.71	23.72	0.269825	04.162
23.71	23.72	0.269842	04.263
23.71	23.73	0.269859	04.363
23.74	23.73	0.269875	04.463
23.74	23.73	0.269892	04.563
23.74	23.74	0.269909	04.662
23.74	23.74	0.269925	04.763
23.74	23.74	0.269942	04.862
23.74	23.75	0.269959	04.963
23.74	23.75	0.269975	05.063
23.76	23.76	0.269992	05.163
23.76	23.76	0.270009	05.263
23.76	23.76	0.270025	05.363
23.76	23.77	0.270042	05.463
23.76	23.77	0.270059	05.562
23.76	23.77	0.270075	05.663
23.76	23.78	0.270092	05.762
23.76	23.78	0.270109	05.863
23.76	23.78	0.270125	05.964
23.79	23.79	0.270142	06.063
23.79	23.79	0.270159	06.163
23.79	23.79	0.270175	06.263
23.79	23.80	0.270192	06.363
23.79	23.80	0.270209	06.462
23.79	23.80	0.270225	06.564
23.81	23.81	0.270242	06.662
23.81	23.81	0.270259	06.763
23.81	23.81	0.270275	06.864
23.81	23.81	0.270292	06.963
23.81	23.82	0.270309	07.063
23.81	23.82	0.270325	07.164
23.81	23.82	0.270342	07.263
23.84	23.83	0.270358	07.362
23.84	23.83	0.270375	07.464
23.84	23.83	0.270392	07.563
23.84	23.83	0.270408	07.663
23.84	23.84	0.270425	07.765
23.84	23.84	0.270442	07.863
23.84	23.84	0.270458	07.963
23.84	23.84	0.270475	08.064
23.84	23.85	0.270492	08.163
23.86	23.85	0.270508	08.263
23.86	23.85	0.270525	08.364
23.86	23.85	0.270542	08.492
23.86	23.86	0.270558	08.586
23.86	23.86	0.270575	08.665
23.86	23.86	0.270592	08.790
23.86	23.86	0.270608	08.885
23.86	23.86	0.270625	08.989
23.86	23.87	0.270642	09.089
23.86	23.87	0.270658	09.183
23.86	23.87	0.270675	09.288
23.86	23.87	0.270692	09.388
23.89	23.87	0.270708	09.482
23.89	23.88	0.270725	09.587
23.89	23.88	0.270742	09.686
23.89	23.88	0.270758	09.781
23.89	23.88	0.270775	09.885
23.89	23.88	0.270792	09.980
23.89	23.88	0.270808	10.080
23.89	23.88	0.270825	10.184
23.89	23.88	0.270842	10.279
23.89	23.89	0.270858	10.378
23.89	23.89	0.270875	10.483
23.89	23.89	0.270892	10.577
23.89	23.89	0.270908	10.677
23.89	23.89	0.270925	10.781
23.89	23.89	0.270942	10.876
23.89	23.89	0.270958	10.975
23.89	23.89	0.270975	11.080
23.89	23.89	0.270992	11.175
23.89	23.89	0.271008	11.274
23.89	23.89	0.271025	11.379
23.89	23.89	0.271042	11.473
23.92	23.89	0.271058	11.573
23.92	23.89	0.271075	11.678
23.92	23.89	0.271092	11.772
23.92	23.89	0.271108	11.872
23.92	23.89	0.271125	11.976
23.92	23.89	0.271142	12.071
23.92	23.89	0.271158	12.171
23.92	23.89	0.271175	12.275
23.92	23.89	0.271191	12.370
23.92	23.89	0.271208	12.471
23.92	23.89	0.271225	12.574
23.92	23.89	0.271241	12.668
23.89	23.89	0.271258	12.771
23.89	23.89	0.271275	12.872
23.89	23.89	0.271291	12.966
23.89	23.89	0.271308	13.071
23.89	23.89	0.271325	13.171
23.89	23.89	0.271341	13.266
23.89	23.89	0.271358	13.370
23.89	23.89	0.271375	13.470
23.89	23.88	0.271391	13.564
23.89	23.88	0.271408	13.669
23.89	23.88	0.271425	13.768
23.89	23.88	0.271441	13.863
23.89	23.88	0.271458	13.968
23.89	23.88	0.271475	14.067
23.89	23.88	0.271491	14.163
23.89	23.88	0.271508	14.266
23.86	23.88	0.271525	14.368
23.86	23.87	0.271541	14.462
23.86	23.87	0.271558	14.564
23.86	23.87	0.271575	14.663
23.86	23.87	0.271591	14.763
23.86	23.87	0.271608	14.864
23.86	23.87	0.271625	14.968
23.86	23.87	0.271641	15.063
23.86	23.86	0.271658	15.162
23.86	23.86	0.271675	15.263
23.86	23.86	0.271691	15.362
23.86	23.86	0.271708	15.463
23.86	23.86	0.271725	15.563
23.86	23.86	0.271741	15.663
23.86	23.85	0.271758	15.763
23.86	23.85	0.271775	15.862
23.86	23.85	0.271791	15.963
23.86	23.85	0.271808	16.062
23.86	23.85	0.271825	16.163
23.86	23.85	0.271841	16.262
23.86	23.84	0.271858	16.363
23.86	23.84	0.271875	16.463
23.86	23.84	0.271891	16.563
23.86	23.84	0.271908	16.663
23.86	23.84	0.271925	16.762
23.86	23.84	0.271941	16.863
23.86	23.83	0.271958	16.962
23.86	23.83	0.271975	17.063
23.86	23.83	0.271991	17.163
23.86	23.83	0.272008	17.263
23.86	23.83	0.272024	17.363
23.86	23.83	0.272041	17.463
23.84	23.82	0.272058	17.562
23.84	23.82	0.272074	17.663
23.84	23.82	0.272091	17.762
23.84	23.82	0.272108	17.863
23.84	23.82	0.272124	17.963
23.84	23.82	0.272141	18.063
23.84	23.81	0.272158	18.163
23.81	23.81	0.272174	18.262
23.81	23.81	0.272191	18.363
23.81	23.81	0.272208	18.462
23.81	23.81	0.272224	18.563
23.81	23.81	0.272241	18.662
23.81	23.81	0.272258	18.763
23.81	23.80	0.272274	18.863
23.79	23.80	0.272291	18.963
23.79	23.80	0.272308	19.063
23.79	23.80	0.272324	19.162
23.79	23.80	0.272341	19.263
23.79	23.80	0.272358	19.362
23.79	23.80	0.272374	19.463
23.79	23.80	0.272391	19.563
23.79	23.80	0.272408	19.687
23.79	23.80	0.272424	19.792
23.79	23.79	0.272441	19.891
23.79	23.79	0.272458	19.986
23.79	23.79	0.272474	20.090
23.79	23.79	0.272491	20.185
23.76	23.79	0.272508	20.284
23.76	23.79	0.272524	20.389
23.76	23.79	0.272541	20.483
23.76	23.79	0.272558	20.583
23.76	23.79	0.272574	20.688
23.76	23.79	0.272591	20.782
23.76	23.79	0.272608	20.882
23.76	23.79	0.272624	20.986
23.76	23.79	0.272641	21.081
23.76	23.79	0.272658	21.180
23.76	23.79	0.272674	21.285
23.79	23.79	0.272691	21.380
23.79	23.79	0.272708	21.479
23.79	23.79	0.272724	21.584
23.79	23.79	0.272741	21.678
23.79	23.79	0.272758	21.778
23.79	23.79	0.272774	21.882
23.79	23.79	0.272791	21.977
23.79	23.79	0.272808	22.076
23.79	23.79	0.272824	22.181
23.79	23.79	0.272841	22.276
23.79	23.79	0.272857	22.376
23.79	23.79	0.272874	22.480
23.79	23.79	0.272891	22.574
23.79	23.80	0.272907	22.676
23.79	23.80	0.272924	22.778
23.79	23.80	0.272941	22.873
23.79	23.80	0.272957	22.976
23.79	23.80	0.272974	23.077
23.79	23.80	0.272991	23.172
23.79	23.80	0.273007	23.276
23.79	23.80	0.273024	23.376
23.81	23.80	0.273041	23.470
23.81	23.81	0.273057	23.575
23.81	23.81	0.273074	23.674
23.81	23.81	0.273091	23.769
23.81	23.81	0.273107	23.874
23.81	23.81	0.273124	23.973
23.81	23.82	0.273141	24.068
23.81	23.82	0.273157	24.172
23.81	23.82	0.273174	24.267
23.81	23.82	0.273191	24.366
23.81	23.82	0.273207	24.471
23.81	23.83	0.273224	24.566
23.81	23.83	0.273241	24.665
23.81	23.83	0.273257	24.770
23.81	23.83	0.273274	24.864
23.81	23.83	0.273291	24.964
23.81	23.84	0.273307	25.068
23.81	23.84	0.273324	25.164
23.81	23.84	0.273341	25.263
23.84	23.84	0.273357	25.367
23.84	23.85	0.273374	25.464
23.84	23.85	0.273391	25.564
23.84	23.85	0.273407	25.666
23.84	23.86	0.273424	25.763
23.84	23.86	0.273441	25.864
23.84	23.86	0.273457	25.964
23.84	23.86	0.273474	26.064
23.86	23.87	0.273491	26.164
23.86	23.87	0.273507	26.264
23.86	23.87	0.273524	26.364
23.86	23.88	0.273541	26.464
23.86	23.88	0.273557	26.564
23.86	23.88	0.273574	26.663
23.86	23.89	0.273591	26.764
23.89	23.89	0.273607	26.863
23.89	23.89	0.273624	26.964
23.89	23.90	0.273641	27.064
23.89	23.90	0.273657	27.164
23.89	23.90	0.273674	27.264
23.89	23.91	0.273690	27.363
23.89	23.91	0.273707	27.464
23.92	23.91	0.273724	27.563
23.92	23.92	0.273740	27.664
23.92	23.92	0.273757	27.763
23.92	23.92	0.273774	27.864
23.92	23.93	0.273790	27.964
23.92	23.93	0.273807	28.064
23.92	23.93	0.273824	28.164
23.92	23.94	0.273840	28.263
23.92	23.94	0.273857	28.364
23.94	23.94	0.273874	28.463
23.94	23.95	0.273890	28.564
23.94	23.95	0.273907	28.664
23.94	23.95	0.273924	28.764
23.94	23.96	0.273940	28.864
23.94	23.96	0.273957	28.964
23.94	23.97	0.273974	29.064
23.94	23.97	0.273990	29.163
23.97	23.97	0.274007	29.264
23.97	23.98	0.274024	29.363
23.97	23.98	0.274040	29.464
23.97	23.98	0.274057	29.564
23.97	23.99	0.274074	29.664
23.99	23.99	0.274090	29.764
23.99	23.99	0.274107	29.863
23.99	24.00	0.274124	29.964
23.99	24.00	0.274140	30.063
23.99	24.00	0.274157	30.164
23.99	24.01	0.274174	30.264
24.02	24.01	0.274190	30.364
24.02	24.01	0.274207	30.464
24.02	24.02	0.274224	30.564
24.02	24.02	0.274240	30.664
24.02	24.02	0.274257	30.763
24.02	24.02	0.274274	30.893
24.04	24.03	0.274290	30.988
24.04	24.03	0.274307	31.087
24.04	24.03	0.274324	31.192
24.04	24.04	0.274340	31.287
24.04	24.04	0.274357	31.385
24.04	24.04	0.274374	31.490
24.04	24.04	0.274390	31.584
24.04	24.05	0.274407	31.684
24.04	24.05	0.274424	31.788
24.04	24.05	0.274440	31.883
24.07	24.06	0.274457	31.983
24.07	24.06	0.274474	32.088
24.07	24.06	0.274490	32.183
24.07	24.06	0.274507	32.282
24.07	24.07	0.274523	32.386
24.07	24.07	0.274540	32.480
24.07	24.07	0.274557	32.582
24.07	24.07	0.274573	32.684
24.07	24.07	0.274590	32.779
24.07	24.08	0.274607	32.882
24.09	24.08	0.274623	32.983
24.09	24.08	0.274640	33.078
24.09	24.08	0.274657	33.182
24.09	24.08	0.274673	33.283
24.09	24.09	0.274690	33.376
24.09	24.09	0.274707	33.481
24.09	24.09	0.274723	33.580
24.09	24.09	0.274740	33.675
24.09	24.09	0.274757	33.780
24.09	24.09	0.274773	33.879
24.09	24.09	0.274790	33.974
24.09	24.10	0.274807	34.078
24.09	24.10	0.274823	34.178
24.12	24.10	0.274840	34.272
24.12	24.10	0.274857	34.377
24.12	24.10	0.274873	34.472
24.12	24.10	0.274890	34.571
24.12	24.10	0.274907	34.676
24.12	24.10	0.274923	34.770
24.12	24.10	0.274940	34.870
24.12	24.10	0.274957	34.974
24.12	24.10	0.274973	35.069
24.12	24.10	0.274990	35.169
24.12	24.11	0.275007	35.273
24.12	24.11	0.275023	35.368
24.12	24.11	0.275040	35.467
24.12	24.11	0.275057	35.572
24.12	24.11	0.275073	35.666
24.12	24.11	0.275090	35.766
24.12	24.11	0.275107	35.870
24.12	24.11	0.275123	35.965
24.12	24.11	0.275140	36.065
24.12	24.11	0.275157	36.169
24.12	24.11	0.275173	36.264
24.12	24.11	0.275190	36.363
24.12	24.11	0.275207	36.468
24.12	24.11	0.275223	36.563
24.12	24.10	0.275240	36.664
24.12	24.10	0.275257	36.766
24.12	24.10	0.275273	36.864
24.12	24.10	0.275290	36.964
24.12	24.10	0.275307	37.065
24.12	24.10	0.275323	37.164
24.12	24.10	0.275340	37.264
24.12	24.10	0.275356	37.364
24.09	24.10	0.275373	37.463
24.09	24.10	0.275390	37.564
24.09	24.10	0.275406	37.664
24.09	24.10	0.275423	37.764
24.09	24.10	0.275440	37.864
24.09	24.09	0.275456	37.963
24.09	24.09	0.275473	38.064
24.09	24.09	0.275490	38.163
24.09	24.09	0.275506	38.264
24.09	24.09	0.275523	38.364
24.09	24.09	0.275540	38.464
24.09	24.09	0.275556	38.564
24.09	24.09	0.275573	38.665
24.09	24.08	0.275590	38.765
24.09	24.08	0.275606	38.864
24.09	24.08	0.275623	38.965
24.09	24.08	0.275640	39.064
24.09	24.08	0.275656	39.165
24.09	24.08	0.275673	39.265
24.09	24.07	0.275690	39.365
24.09	24.07	0.275706	39.465
24.09	24.07	0.275723	39.565
24.09	24.07	0.275740	39.665
24.09	24.07	0.275756	39.764
24.09	24.07	0.275773	39.865
24.09	24.06	0.275790	39.964
24.09	24.06	0.275806	40.065
24.09	24.06	0.275823	40.165
24.09	24.06	0.275840	40.265
24.07	24.06	0.275856	40.365
24.07	24.06	0.275873	40.464
24.07	24.05	0.275890	40.565
24.07	24.05	0.275906	40.664
24.07	24.05	0.275923	40.765
24.07	24.05	0.275940	40.865
24.07	24.05	0.275956	40.964
24.04	24.05	0.275973	41.065
24.04	24.04	0.275990	41.165
24.04	24.04	0.276006	41.264
24.04	24.04	0.276023	41.363
24.04	24.04	0.276040	41.464
24.04	24.04	0.276056	41.564
24.04	24.04	0.276073	41.665
24.04	24.03	0.276090	41.765
24.04	24.03	0.276106	41.889
24.04	24.03	0.276123	41.994
24.04	24.03	0.276140	42.088
24.02	24.03	0.276156	42.188
24.02	24.03	0.276173	42.293
24.02	24.02	0.276189	42.387
24.02	24.02	0.276206	42.487
24.02	24.02	0.276223	42.591
24.02	24.02	0.276239	42.686
24.02	24.02	0.276256	42.787
24.02	24.02	0.276273	42.890
24.02	24.02	0.276289	42.984
24.02	24.02	0.276306	43.087
24.02	24.01	0.276323	43.188
24.02	24.01	0.276339	43.283
24.02	24.01	0.276356	43.388
24.02	24.01	0.276373	43.487
24.02	24.01	0.276389	43.582
23.99	24.01	0.276406	43.686
23.99	24.01	0.276423	43.786
23.99	24.01	0.276439	43.880
23.99	24.01	0.276456	43.985
23.99	24.01	0.276473	44.084
23.99	24.01	0.276489	44.179
23.99	24.00	0.276506	44.284
23.99	24.00	0.276523	44.383
23.99	24.00	0.276539	44.478
23.99	24.00	0.276556	44.582
23.99	24.00	0.276573	44.677
23.99	24.00	0.276589	44.776
23.99	24.00	0.276606	44.881
23.99	24.00	0.276623	44.976
23.99	24.00	0.276639	45.075
23.99	24.00	0.276656	45.180
23.99	24.00	0.276673	45.274
23.99	24.00	0.276689	45.374
23.99	24.00	0.276706	45.478
23.99	24.00	0.276723	45.573
23.99	24.00	0.276739	45.672
23.99	24.00	0.276756	45.777
23.99	24.00	0.276773	45.872
23.99	24.00	0.276789	45.971
23.99	24.00	0.276806	46.076
23.99	24.00	0.276823	46.170
23.99	24.01	0.276839	46.270
23.99	24.01	0.276856	46.374
23.99	24.01	0.276873	46.469
24.02	24.01	0.276889	46.569
24.02	24.01	0.276906	46.673
24.02	24.01	0.276923	46.768
24.02	24.01	0.276939	46.868
24.02	24.01	0.276956	46.972
24.02	24.01	0.276973	47.067
24.02	24.01	0.276989	47.169
24.02	24.02	0.277006	47.270
24.02	24.02	0.277022	47.368
24.02	24.02	0.277039	47.469
24.02	24.02	0.277056	47.569
24.02	24.02	0.277072	47.668
24.02	24.02	0.277089	47.768
24.02	24.02	0.277106	47.868
24.02	24.03	0.277122	47.967
24.02	24.03	0.277139	48.068
24.02	24.03	0.277156	48.168
24.02	24.03	0.277172	48.268
24.02	24.03	0.277189	48.368
24.02	24.04	0.277206	48.468
24.02	24.04	0.277222	48.568
24.02	24.04	0.277239	48.667
24.02	24.04	0.277256	48.768
24.02	24.05	0.277272	48.867
24.02	24.05	0.277289	48.968
24.02	24.05	0.277306	49.068
24.02	24.05	0.277322	49.168
24.02	24.06	0.277339	49.268
24.02	24.06	0.277356	49.368
24.02	24.06	0.277372	49.467
24.02	24.06	0.277389	49.568
24.04	24.07	0.277406	49.667
24.04	24.07	0.277422	49.769
24.04	24.07	0.277439	49.869
24.04	24.07	0.277456	49.969
24.04	24.08	0.277472	50.069
24.07	24.08	0.277489	50.168
24.07	24.08	0.277506	50.269
24.07	24.09	0.277522	50.368
24.07	24.09	0.277539	50.469
24.07	24.09	0.277556	50.568
24.09	24.10	0.277572	50.669
24.09	24.10	0.277589	50.769
24.09	24.10	0.277606	50.869
24.09	24.11	0.277622	50.969
24.09	24.11	0.277639	51.068
24.12	24.11	0.277656	51.169
24.12	24.12	0.277672	51.270
24.12	24.12	0.277689	51.371
24.12	24.12	0.277706	51.471
24.12	24.13	0.277722	51.571
24.15	24.13	0.277739	51.671
24.15	24.13	0.277756	51.770
24.15	24.14	0.277772	51.871
24.15	24.14	0.277789	51.970
24.15	24.14	0.277806	52.095
24.15	24.15	0.277822	52.198
24.15	24.15	0.277839	52.293
24.17	24.15	0.277855	52.394
24.17	24.16	0.277872	52.498
24.17	24.16	0.277889	52.593
24.17	24.16	0.277905	52.692
24.17	24.17	0.277922	52.796
24.17	24.17	0.277939	52.890
24.17	24.17	0.277955	52.992
24.17	24.18	0.277972	53.094
24.17	24.18	0.277989	53.189
24.17	24.19	0.278005	53.292
24.17	24.19	0.278022	53.393
24.17	24.19	0.278039	53.488
24.17	24.20	0.278055	53.591
24.17	24.20	0.278072	53.692
24.17	24.20	0.278089	53.786
24.20	24.21	0.278105	53.891
24.20	24.21	0.278122	53.991
24.20	24.21	0.278139	54.085
24.20	24.22	0.278155	54.190
24.20	24.22	0.278172	54.290
24.20	24.22	0.278189	54.384
24.20	24.23	0.278205	54.489
24.22	24.23	0.278222	54.588
24.22	24.23	0.278239	54.683
24.22	24.23	0.278255	54.788
24.22	24.24	0.278272	54.882
24.22	24.24	0.278289	54.982
24.25	24.24	0.278305	55.086
24.25	24.25	0.278322	55.181
24.25	24.25	0.278339	55.280
24.25	24.25	0.278355	55.385
24.25	24.26	0.278372	55.480
24.25	24.26	0.278389	55.579
24.25	24.26	0.278405	55.684
24.27	24.26	0.278422	55.778
24.27	24.27	0.278439	55.878
24.27	24.27	0.278455	55.982
24.27	24.27	0.278472	56.077
24.27	24.27	0.278489	56.176
24.27	24.28	0.278505	56.281
24.27	24.28	0.278522	56.376
24.27	24.28	0.278539	56.475
24.30	24.28	0.278555	56.580
24.30	24.29	0.278572	56.674
24.30	24.29	0.278589	56.774
24.30	24.29	0.278605	56.878
24.30	24.29	0.278622	56.973
24.30	24.29	0.278639	57.073
24.30	24.30	0.278655	57.177
24.30	24.30	0.278672	57.272
24.30	24.30	0.278688	57.373
24.30	24.30	0.278705	57.476
24.33	24.30	0.278722	57.570
24.33	24.30	0.278738	57.674
24.33	24.30	0.278755	57.774
24.33	24.31	0.278772	57.871
24.33	24.31	0.278788	57.974
24.33	24.31	0.278805	58.073
24.33	24.31	0.278822	58.171
24.33	24.31	0.278838	58.272
24.33	24.31	0.278855	58.372
24.33	24.31	0.278872	58.470
24.33	24.31	0.278888	58.571
24.33	24.32	0.278905	58.670
24.33	24.32	0.278922	58.771
24.33	24.32	0.278938	58.871
24.33	24.32	0.278955	58.971
24.33	24.32	0.278972	59.071
24.33	24.32	0.278988	59.170
24.33	24.32	0.279005	59.271
24.33	24.32	0.279022	59.371
24.33	24.32	0.279038	59.470
24.33	24.32	0.279055	59.571
24.33	24.32	0.279072	59.671
24.33	24.32	0.279088	59.771
24.33	24.32	0.279105	59.871
24.30	24.32	0.279122	59.970
24.30	24.32	0.279138	00.071
24.30	24.32	0.279155	00.170
24.30	24.32	0.279172	00.271
24.30	24.32	0.279188	00.370
24.30	24.32	0.279205	00.471
24.30	24.32	0.279222	00.571
24.30	24.32	0.279238	00.671
24.33	24.32	0.279255	00.771
24.33	24.32	0.279272	00.870
24.33	24.32	0.279288	00.971
24.33	24.32	0.279305	01.070
24.33	24.32	0.279322	01.171
24.33	24.31	0.279338	01.271
24.33	24.31	0.279355	01.371
24.33	24.31	0.279372	01.471
24.33	24.31	0.279388	01.571
24.33	24.31	0.279405	01.671
24.33	24.31	0.279422	01.770
24.33	24.31	0.279438	01.871
24.33	24.31	0.279455	01.971
24.33	24.31	0.279472	02.071
24.33	24.31	0.279488	02.171
24.33	24.30	0.279505	02.271
24.33	24.30	0.279521	02.371
24.33	24.30	0.279538	02.470
24.33	24.30	0.279555	02.572
24.33	24.30	0.279571	02.671
24.30	24.30	0.279588	02.770
24.30	24.30	0.279605	02.872
24.30	24.29	0.279621	02.971
24.30	24.29	0.279638	03.071
24.30	24.29	0.279655	03.172
24.30	24.29	0.279671	03.270
24.30	24.29	0.279688	03.395
24.30	24.29	0.279705	03.471
24.27	24.28	0.279721	03.599
24.27	24.28	0.279738	03.693
24.27	24.28	0.279755	03.772
24.27	24.28	0.279771	03.897
24.27	24.28	0.279788	03.992
24.27	24.28	0.279805	04.097
24.27	24.27	0.279821	04.196
24.27	24.27	0.279838	04.291
24.27	24.27	0.279855	04.395
24.27	24.27	0.279871	04.495
24.27	24.27	0.279888	04.589
24.27	24.27	0.279905	04.694
24.27	24.26	0.279921	04.794
24.27	24.26	0.279938	04.888
24.27	24.26	0.279955	04.993
24.27	24.26	0.279971	05.087
24.27	24.26	0.279988	05.187
24.27	24.26	0.280005	05.291
24.27	24.25	0.280021	05.386
24.27	24.25	0.280038	05.485
24.27	24.25	0.280055	05.590
24.27	24.25	0.280071	05.684
24.25	24.25	0.280088	05.784
24.25	24.25	0.280105	05.888
24.25	24.24	0.280121	05.983
24.25	24.24	0.280138	06.082
24.25	24.24	0.280155	06.187
24.25	24.24	0.280171	06.282
24.25	24.24	0.280188	06.381
24.25	24.24	0.280205	06.486
24.25	24.24	0.280221	06.580
24.25	24.23	0.280238	06.680
24.25	24.23	0.280255	06.784
24.25	24.23	0.280271	06.879
24.25	24.23	0.280288	06.978
24.22	24.23	0.280305	07.083
24.22	24.23	0.280321	07.178
24.22	24.23	0.280338	07.278
24.22	24.23	0.280354	07.382
24.22	24.22	0.280371	07.476
24.22	24.22	0.280388	07.578
24.22	24.22	0.280404	07.680
24.22	24.22	0.280421	07.775
24.22	24.22	0.280438	07.878
24.22	24.22	0.280454	07.979
24.22	24.22	0.280471	08.074
24.22	24.22	0.280488	08.178
24.20	24.22	0.280504	08.278
24.20	24.22	0.280521	08.372
24.20	24.22	0.280538	08.477
24.20	24.22	0.280554	08.576
24.20	24.22	0.280571	08.671
24.20	24.22	0.280588	08.776
24.20	24.22	0.280604	08.875
24.20	24.22	0.280621	08.971
24.20	24.22	0.280638	09.074
24.20	24.22	0.280654	09.175
24.20	24.22	0.280671	09.270
24.20	24.22	0.280688	09.373
24.20	24.22	0.280704	09.474
24.20	24.22	0.280721	09.571
24.22	24.22	0.280738	09.672
24.22	24.22	0.280754	09.775
24.22	24.22	0.280771	09.871
24.22	24.22	0.280788	09.970
24.22	24.22	0.280804	10.075
24.22	24.22	0.280821	10.170
24.22	24.22	0.280838	10.271
24.22	24.22	0.280854	10.374
24.22	24.22	0.280871	10.471
24.22	24.22	0.280888	10.571
24.22	24.22	0.280904	10.675
24.22	24.22	0.280921	10.771
24.22	24.22	0.280938	10.870
24.22	24.22	0.280954	10.975
24.22	24.23	0.280971	11.071
24.22	24.23	0.280988	11.170
24.22	24.23	0.281004	11.276
24.22	24.23	0.281021	11.370
24.22	24.23	0.281038	11.471
24.22	24.23	0.281054	11.571
24.22	24.23	0.281071	11.671
24.22	24.24	0.281088	11.771
24.22	24.24	0.281104	11.876
24.22	24.24	0.281121	11.972
24.22	24.24	0.281138	12.071
24.22	24.24	0.281154	12.176
24.22	24.25	0.281171	12.271
24.22	24.25	0.281187	12.372
24.22	24.25	0.281204	12.476
24.25	24.25	0.281221	12.572
24.25	24.25	0.281237	12.672
24.25	24.26	0.281254	12.776
24.25	24.26	0.281271	12.872
24.25	24.26	0.281287	12.971
24.25	24.26	0.281304	13.076
24.25	24.27	0.281321	13.171
24.25	24.27	0.281337	13.272
24.25	24.27	0.281354	13.377
24.25	24.27	0.281371	13.472
24.27	24.28	0.281387	13.572
24.27	24.28	0.281404	13.671
24.27	24.28	0.281421	13.772
24.27	24.29	0.281437	13.871
24.27	24.29	0.281454	13.977
24.27	24.29	0.281471	14.072
24.27	24.29	0.281487	14.172
24.27	24.30	0.281504	14.272
24.30	24.30	0.281521	14.401
24.30	24.30	0.281537	14.496
24.30	24.31	0.281554	14.600
24.30	24.31	0.281571	14.700
24.30	24.31	0.281587	14.794
24.30	24.32	0.281604	14.899
24.30	24.32	0.281621	14.998
24.33	24.32	0.281637	15.093
24.33	24.33	0.281654	15.198
24.33	24.33	0.281671	15.297
24.33	24.33	0.281687	15.392
24.33	24.34	0.281704	15.496
24.33	24.34	0.281721	15.591
24.33	24.34	0.281737	15.690
24.33	24.35	0.281754	15.795
24.33	24.35	0.281771	15.890
24.35	24.35	0.281787	15.989
24.35	24.36	0.281804	16.094
24.35	24.36	0.281821	16.188
24.35	24.36	0.281837	16.288
24.35	24.37	0.281854	16.392
24.35	24.37	0.281871	16.487
24.35	24.37	0.281887	16.586
24.35	24.38	0.281904	16.691
24.38	24.38	0.281921	16.786
24.38	24.38	0.281937	16.885
24.38	24.39	0.281954	16.990
24.38	24.39	0.281971	17.084
24.38	24.40	0.281987	17.184
24.38	24.40	0.282004	17.288
24.40	24.40	0.282020	17.383
24.40	24.41	0.282037	17.483
24.40	24.41	0.282054	17.587
24.40	24.41	0.282070	17.682
24.40	24.42	0.282087	17.783
24.40	24.42	0.282104	17.886
24.40	24.42	0.282120	17.980
24.43	24.43	0.282137	18.083
24.43	24.43	0.282154	18.184
24.43	24.43	0.282170	18.279
24.43	24.44	0.282187	18.384
24.43	24.44	0.282204	18.483
24.43	24.44	0.282220	18.578
24.43	24.45	0.282237	18.682
24.45	24.45	0.282254	18.782
24.45	24.45	0.282270	18.876
24.45	24.45	0.282287	18.981
24.45	24.46	0.282304	19.081
24.45	24.46	0.282320	19.175
24.45	24.46	0.282337	19.280
24.48	24.47	0.282354	19.379
24.48	24.47	0.282370	19.474
24.48	24.47	0.282387	19.578
24.48	24.47	0.282404	19.673
24.48	24.48	0.282420	19.772
24.48	24.48	0.282437	19.877
24.48	24.48	0.282454	19.972
24.50	24.48	0.282470	20.072
24.50	24.49	0.282487	20.176
24.50	24.49	0.282504	20.271
24.50	24.49	0.282520	20.372
24.50	24.49	0.282537	20.474
24.50	24.50	0.282554	20.572
24.50	24.50	0.282570	20.672
24.50	24.50	0.282587	20.773
24.50	24.50	0.282604	20.872
24.50	24.50	0.282620	20.972
24.50	24.51	0.282637	21.072
24.50	24.51	0.282654	21.171
24.50	24.51	0.282670	21.272
24.50	24.51	0.282687	21.371
24.53	24.51	0.282704	21.472
24.53	24.52	0.282720	21.572
24.53	24.52	0.282737	21.672
24.53	24.52	0.282754	21.772
24.53	24.52	0.282770	21.871
24.53	24.52	0.282787	21.972
24.53	24.52	0.282804	22.071
24.53	24.52	0.282820	22.172
24.53	24.52	0.282837	22.271
24.53	24.53	0.282853	22.372
24.53	24.53	0.282870	22.472
24.53	24.53	0.282887	22.572
24.53	24.53	0.282903	22.672
24.53	24.53	0.282920	22.771
24.53	24.53	0.282937	22.872
24.53	24.53	0.282953	22.971
24.53	24.53	0.282970	23.072
24.56	24.53	0.282987	23.173
24.56	24.53	0.283003	23.273
24.56	24.53	0.283020	23.373
24.56	24.53	0.283037	23.473
24.56	24.53	0.283053	23.573
24.56	24.53	0.283070	23.672
24.56	24.53	0.283087	23.773
24.56	24.53	0.283103	23.872
24.56	24.53	0.283120	23.973
24.56	24.53	0.283137	24.073
24.53	24.53	0.283153	24.173
24.53	24.53	0.283170	24.273
24.53	24.53	0.283187	24.373
24.53	24.53	0.283203	24.473
24.53	24.53	0.283220	24.572
24.53	24.53	0.283237	24.673
24.53	24.53	0.283253	24.773
24.53	24.53	0.283270	24.873
24.53	24.53	0.283287	24.973
24.53	24.53	0.283303	25.073
24.53	24.53	0.283320	25.173
24.53	24.53	0.283337	25.272
24.53	24.53	0.283353	25.403
24.53	24.53	0.283370	25.502
24.53	24.52	0.283387	25.597
24.53	24.52	0.283403	25.701
24.53	24.52	0.283420	25.796
24.53	24.52	0.283437	25.896
24.53	24.52	0.283453	26.000
24.53	24.52	0.283470	26.095
24.53	24.52	0.283487	26.194
24.53	24.52	0.283503	26.299
24.53	24.52	0.283520	26.393
24.53	24.51	0.283537	26.493
24.53	24.51	0.283553	26.597
24.53	24.51	0.283570	26.692
24.53	24.51	0.283587	26.792
24.53	24.51	0.283603	26.896
24.53	24.51	0.283620	26.990
24.53	24.51	0.283637	27.090
24.53	24.50	0.283653	27.194
24.50	24.50	0.283670	27.289
24.50	24.50	0.283686	27.388
24.50	24.50	0.283703	27.493
24.50	24.50	0.283720	27.588
24.50	24.50	0.283736	27.687
24.50	24.49	0.283753	27.792
24.50	24.49	0.283770	27.886
24.50	24.49	0.283786	27.988
24.50	24.49	0.283803	28.090
24.50	24.49	0.283820	28.185
24.50	24.49	0.283836	28.288
24.50	24.48	0.283853	28.389
24.48	24.48	0.283870	28.484
24.48	24.48	0.283886	28.588
24.48	24.48	0.283903	28.688
24.48	24.48	0.283920	28.782
24.48	24.48	0.283936	28.887
24.48	24.47	0.283953	28.986
24.48	24.47	0.283970	29.081
24.48	24.47	0.283986	29.186
24.48	24.47	0.284003	29.285
24.48	24.47	0.284020	29.380
24.48	24.47	0.284036	29.484
24.48	24.46	0.284053	29.584
24.48	24.46	0.284070	29.678
24.48	24.46	0.284086	29.783
24.45	24.46	0.284103	29.878
24.45	24.46	0.284120	29.977
24.45	24.46	0.284136	30.082
24.45	24.45	0.284153	30.176
24.45	24.45	0.284170	30.276
24.45	24.45	0.284186	30.380
24.45	24.45	0.284203	30.476
24.45	24.45	0.284220	30.575
24.45	24.45	0.284236	30.679
24.45	24.45	0.284253	30.776
24.45	24.44	0.284270	30.876
24.45	24.44	0.284286	30.978
24.45	24.44	0.284303	31.075
24.45	24.44	0.284320	31.176
24.45	24.44	0.284336	31.276
24.45	24.44	0.284353	31.376
24.43	24.44	0.284370	31.476
24.43	24.44	0.284386	31.576
24.43	24.44	0.284403	31.676
24.43	24.44	0.284420	31.776
24.43	24.43	0.284436	31.875
24.43	24.43	0.284453	31.976
24.43	24.43	0.284470	32.075
24.43	24.43	0.284486	32.176
24.43	24.43	0.284503	32.276
24.43	24.43	0.284519	32.376
24.43	24.43	0.284536	32.477
24.43	24.43	0.284553	32.576
24.43	24.43	0.284569	32.677
24.43	24.43	0.284586	32.776
24.43	24.43	0.284603	32.877
24.43	24.43	0.284619	32.977
24.43	24.43	0.284636	33.077
24.43	24.43	0.284653	33.177
24.43	24.43	0.284669	33.277
24.43	24.43	0.284686	33.377
24.43	24.43	0.284703	33.476
24.43	24.43	0.284719	33.577
24.43	24.43	0.284736	33.676
24.43	24.43	0.284753	33.777
24.43	24.43	0.284769	33.877
24.43	24.43	0.284786	33.977
24.43	24.43	0.284803	34.077
24.43	24.43	0.284819	34.176
24.40	24.43	0.284836	34.277
24.40	24.43	0.284853	34.376
24.40	24.43	0.284869	34.477
24.40	24.43	0.284886	34.576
24.40	24.44	0.284903	34.677
24.40	24.44	0.284919	34.777
24.40	24.44	0.284936	34.877
24.43	24.44	0.284953	34.977
24.43	24.44	0.284969	35.076
24.43	24.44	0.284986	35.177
24.43	24.44	0.285003	35.276
24.43	24.44	0.285019	35.377
24.43	24.44	0.285036	35.477
24.43	24.45	0.285053	35.577
24.43	24.45	0.285069	35.677
24.43	24.45	0.285086	35.777
24.43	24.45	0.285103	35.877
24.43	24.45	0.285119	35.976
24.45	24.46	0.285136	36.101
24.45	24.46	0.285153	36.205
24.45	24.46	0.285169	36.299
24.45	24.46	0.285186	36.399
24.45	24.46	0.285203	36.504
24.45	24.47	0.285219	36.598
24.45	24.47	0.285236	36.698
24.45	24.47	0.285253	36.802
24.45	24.47	0.285269	36.897
24.45	24.47	0.285286	36.996
24.48	24.48	0.285303	37.101
24.48	24.48	0.285319	37.195
24.48	24.48	0.285336	37.295
24.48	24.48	0.285352	37.400
24.48	24.49	0.285369	37.494
24.48	24.49	0.285386	37.594
24.48	24.49	0.285402	37.698
24.48	24.50	0.285419	37.793
24.48	24.50	0.285436	37.892
24.50	24.50	0.285452	37.997
24.50	24.50	0.285469	38.092
24.50	24.51	0.285486	38.192
24.50	24.51	0.285502	38.296
24.50	24.51	0.285519	38.390
24.50	24.52	0.285536	38.493
24.50	24.52	0.285552	38.594
24.50	24.52	0.285569	38.689
24.50	24.53	0.285586	38.792
24.53	24.53	0.285602	38.893
24.53	24.53	0.285619	38.988
24.53	24.54	0.285636	39.092
24.53	24.54	0.285652	39.192
24.53	24.54	0.285669	39.286
24.53	24.55	0.285686	39.391
24.53	24.55	0.285702	39.490
24.53	24.55	0.285719	39.585
24.53	24.56	0.285736	39.690
24.56	24.56	0.285752	39.789
24.56	24.56	0.285769	39.884
24.56	24.57	0.285786	39.988
24.56	24.57	0.285802	40.083
24.56	24.57	0.285819	40.182
24.56	24.58	0.285836	40.287
24.56	24.58	0.285852	40.381
24.58	24.58	0.285869	40.481
24.58	24.59	0.285886	40.586
24.58	24.59	0.285902	40.680
24.58	24.59	0.285919	40.780
24.58	24.60	0.285936	40.884
24.58	24.60	0.285952	40.979
24.58	24.61	0.285969	41.079
24.61	24.61	0.285986	41.183
24.61	24.61	0.286002	41.279
24.61	24.62	0.286019	41.379
24.61	24.62	0.286036	41.482
24.61	24.62	0.286052	41.578
24.61	24.63	0.286069	41.679
24.63	24.63	0.286086	41.780
24.63	24.63	0.286102	41.880
24.63	24.64	0.286119	41.980
24.63	24.64	0.286136	42.080
24.63	24.64	0.286152	42.180
24.63	24.65	0.286169	42.280
24.63	24.65	0.286185	42.380
24.66	24.65	0.286202	42.479
24.66	24.66	0.286219	42.580
24.66	24.66	0.286235	42.679
24.66	24.66	0.286252	42.780
24.66	24.66	0.286269	42.880
24.66	24.67	0.286285	42.980
24.69	24.67	0.286302	43.080
24.69	24.67	0.286319	43.179
24.69	24.68	0.286335	43.280
24.69	24.68	0.286352	43.379
24.69	24.68	0.286369	43.480
24.69	24.68	0.286385	43.579
24.69	24.69	0.286402	43.680
24.69	24.69	0.286419	43.780
24.69	24.69	0.286435	43.880
24.71	24.70	0.286452	43.980
24.71	24.70	0.286469	44.079
24.71	24.70	0.286485	44.180
24.71	24.70	0.286502	44.279
24.71	24.71	0.286519	44.380
24.71	24.71	0.286535	44.480
24.71	24.71	0.286552	44.580
24.71	24.71	0.286569	44.680
24.71	24.71	0.286585	44.780
24.71	24.72	0.286602	44.880
24.71	24.72	0.286619	44.979
24.71	24.72	0.286635	45.080
24.71	24.72	0.286652	45.179
24.71	24.72	0.286669	45.280
24.74	24.73	0.286685	45.380
24.74	24.73	0.286702	45.480
24.74	24.73	0.286719	45.580
24.74	24.73	0.286735	45.679
24.74	24.73	0.286752	45.780
24.74	24.73	0.286769	45.879
24.74	24.73	0.286785	45.980
24.74	24.74	0.286802	46.080
24.74	24.74	0.286819	46.180
24.74	24.74	0.286835	46.280
24.74	24.74	0.286852	46.380
24.74	24.74	0.286869	46.480
24.74	24.74	0.286885	46.579
24.74	24.74	0.286902	46.709
24.76	24.74	0.286919	46.803
24.76	24.74	0.286935	46.903
24.76	24.74	0.286952	47.007
24.76	24.74	0.286969	47.102
24.76	24.74	0.286985	47.202
24.76	24.75	0.287002	47.306
24.76	24.75	0.287018	47.401
24.76	24.75	0.287035	47.500
24.76	24.75	0.287052	47.605
24.76	24.75	0.287068	47.699
24.76	24.75	0.287085	47.799
24.76	24.75	0.287102	47.903
24.76	24.75	0.287118	47.998
24.76	24.75	0.287135	48.098
24.76	24.75	0.287152	48.202
24.76	24.75	0.287168	48.297
24.76	24.75	0.287185	48.397
24.76	24.75	0.287202	48.501
24.74	24.75	0.287218	48.595
24.74	24.74	0.287235	48.697
24.74	24.74	0.287252	48.800
24.74	24.74	0.287268	48.894
24.74	24.74	0.287285	48.998
24.74	24.74	0.287302	49.098
24.74	24.74	0.287318	49.193
24.74	24.74	0.287335	49.297
24.74	24.74	0.287352	49.397
24.74	24.74	0.287368	49.491
24.74	24.74	0.287385	49.596
24.74	24.74	0.287402	49.696
24.74	24.74	0.287418	49.790
24.74	24.74	0.287435	49.895
24.74	24.73	0.287452	49.994
24.76	24.73	0.287468	50.089
24.76	24.73	0.287485	50.193
24.76	24.73	0.287502	50.288
24.76	24.73	0.287518	50.388
24.76	24.73	0.287535	50.492
24.76	24.73	0.287552	50.587
24.76	24.73	0.287568	50.686
24.74	24.72	0.287585	50.791
24.74	24.72	0.287602	50.885
24.74	24.72	0.287618	50.985
24.74	24.72	0.287635	51.089
24.74	24.72	0.287652	51.184
24.74	24.72	0.287668	51.284
24.74	24.71	0.287685	51.388
24.74	24.71	0.287702	51.483
24.74	24.71	0.287718	51.582
24.71	24.71	0.287735	51.687
24.71	24.71	0.287752	51.781
24.71	24.71	0.287768	51.881
24.71	24.70	0.287785	51.986
24.71	24.70	0.287802	52.080
24.71	24.70	0.287818	52.180
24.71	24.70	0.287835	52.284
24.69	24.70	0.287851	52.380
24.69	24.70	0.287868	52.479
24.69	24.69	0.287885	52.583
24.69	24.69	0.287901	52.679
24.69	24.69	0.287918	52.780
24.69	24.69	0.287935	52.882
24.69	24.69	0.287951	52.980
24.69	24.69	0.287968	53.080
24.69	24.68	0.287985	53.180
24.69	24.68	0.288001	53.280
24.69	24.68	0.288018	53.379
24.69	24.68	0.288035	53.480
24.66	24.68	0.288051	53.580
24.66	24.68	0.288068	53.680
24.66	24.67	0.288085	53.780
24.66	24.67	0.288101	53.880
24.66	24.67	0.288118	53.980
24.66	24.67	0.288135	54.079
24.66	24.67	0.288151	54.180
24.66	24.67	0.288168	54.279
24.66	24.66	0.288185	54.380
24.66	24.66	0.288201	54.480
24.66	24.66	0.288218	54.580
24.66	24.66	0.288235	54.680
24.66	24.66	0.288251	54.780
24.66	24.66	0.288268	54.880
24.66	24.66	0.288285	54.979
24.66	24.66	0.288301	55.080
24.66	24.65	0.288318	55.180
24.66	24.65	0.288335	55.281
24.66	24.65	0.288351	55.381
24.66	24.65	0.288368	55.481
24.66	24.65	0.288385	55.581
24.66	24.65	0.288401	55.680
24.66	24.65	0.288418	55.781
24.66	24.65	0.288435	55.880
24.63	24.65	0.288451	55.981
24.63	24.65	0.288468	56.081
24.63	24.65	0.288485	56.181
24.63	24.64	0.288501	56.281
24.63	24.64	0.288518	56.381
24.63	24.64	0.288535	56.481
24.63	24.64	0.288551	56.580
24.63	24.64	0.288568	56.681
24.63	24.64	0.288585	56.780
24.63	24.64	0.288601	56.881
24.63	24.64	0.288618	56.981
24.63	24.64	0.288635	57.081
24.63	24.64	0.288651	57.181
24.63	24.64	0.288668	57.281
24.63	24.64	0.288684	57.381
24.63	24.64	0.288701	57.480
24.63	24.64	0.288718	57.581
24.63	24.64	0.288734	57.680
24.66	24.64	0.288751	57.810
24.66	24.64	0.288768	57.904
24.66	24.64	0.288784	58.004
24.66	24.64	0.288801	58.109
24.66	24.64	0.288818	58.203
24.66	24.65	0.288834	58.303
24.66	24.65	0.288851	58.407
24.66	24.65	0.288868	58.502
24.66	24.65	0.288884	58.601
24.66	24.65	0.288901	58.706
24.63	24.65	0.288918	58.801
24.63	24.65	0.288934	58.902
24.63	24.65	0.288951	59.005
24.63	24.65	0.288968	59.099
24.63	24.65	0.288984	59.202
24.63	24.66	0.289001	59.303
24.63	24.66	0.289018	59.398
24.63	24.66	0.289034	59.502
24.63	24.66	0.289051	59.602
24.63	24.66	0.289068	59.697
24.63	24.66	0.289084	59.801
24.63	24.66	0.289101	59.901
24.63	24.67	0.289118	59.995
24.63	24.67	0.289134	00.100
24.66	24.67	0.289151	00.199
24.66	24.67	0.289168	00.294
24.66	24.67	0.289184	00.399
24.66	24.68	0.289201	00.498
24.66	24.68	0.289218	00.593
24.66	24.68	0.289234	00.697
24.66	24.68	0.289251	00.792
24.69	24.69	0.289268	00.891
24.69	24.69	0.289284	00.996
24.69	24.69	0.289301	01.091
24.69	24.69	0.289318	01.190
24.69	24.70	0.289334	01.295
24.69	24.70	0.289351	01.389
24.69	24.70	0.289368	01.489
24.69	24.70	0.289384	01.593
24.71	24.71	0.289401	01.688
24.71	24.71	0.289418	01.787
24.71	24.71	0.289434	01.892
24.71	24.71	0.289451	01.987
24.71	24.72	0.289468	02.086
24.71	24.72	0.289484	02.191
24.71	24.72	0.289501	02.285
24.71	24.73	0.289517	02.385
24.71	24.73	0.289534	02.489
24.71	24.73	0.289551	02.584
24.71	24.74	0.289567	02.683
24.74	24.74	0.289584	02.788
24.74	24.74	0.289601	02.883
24.74	24.75	0.289617	02.983
24.74	24.75	0.289634	03.087
24.74	24.75	0.289651	03.181
24.74	24.76	0.289667	03.284
24.74	24.76	0.289684	03.385
24.74	24.76	0.289701	03.482
24.76	24.77	0.289717	03.584
24.76	24.77	0.289734	03.684
24.76	24.77	0.289751	03.782
24.76	24.78	0.289767	03.883
24.76	24.78	0.289784	03.983
24.76	24.78	0.289801	04.081
24.76	24.79	0.289817	04.182
24.79	24.79	0.289834	04.282
24.79	24.79	0.289851	04.382
24.79	24.80	0.289867	04.482
24.79	24.80	0.289884	04.581
24.79	24.80	0.289901	04.682
24.79	24.81	0.289917	04.781
24.82	24.81	0.289934	04.882
24.82	24.81	0.289951	04.982
24.82	24.82	0.289967	05.082
24.82	24.82	0.289984	05.182
24.82	24.83	0.290001	05.281
24.82	24.83	0.290017	05.382
24.82	24.83	0.290034	05.482
24.84	24.84	0.290051	05.581
24.84	24.84	0.290067	05.682
24.84	24.84	0.290084	05.782
24.84	24.85	0.290101	05.882
24.84	24.85	0.290117	05.982
24.84	24.85	0.290134	06.082
24.84	24.86	0.290151	06.182
24.84	24.86	0.290167	06.281
24.84	24.86	0.290184	06.382
24.87	24.87	0.290201	06.481
24.87	24.87	0.290217	06.582
24.87	24.87	0.290234	06.682
24.87	24.87	0.290251	06.782
24.87	24.88	0.290267	06.882
24.87	24.88	0.290284	06.981
24.89	24.88	0.290301	07.082
24.89	24.89	0.290317	07.181
24.89	24.89	0.290334	07.282
24.89	24.89	0.290350	07.382
24.89	24.90	0.290367	07.482
24.89	24.90	0.290384	07.582
24.89	24.90	0.290400	07.682
24.92	24.90	0.290417	07.782
24.92	24.91	0.290434	07.881
24.92	24.91	0.290450	07.982
24.92	24.91	0.290467	08.081
24.92	24.91	0.290484	08.182
24.92	24.92	0.290500	08.282
24.92	24.92	0.290517	08.382
24.92	24.92	0.290534	08.482
24.92	24.92	0.290550	08.582
24.92	24.93	0.290567	08.682
24.95	24.93	0.290584	08.782
24.95	24.93	0.290600	08.881
24.95	24.93	0.290617	08.980
24.95	24.93	0.290634	09.082
24.95	24.94	0.290650	09.209
24.95	24.94	0.290667	09.304
24.95	24.94	0.290684	09.382
24.95	24.94	0.290700	09.508
24.95	24.94	0.290717	09.603
24.95	24.94	0.290734	09.682
24.95	24.94	0.290750	09.807
24.95	24.95	0.290767	09.901
24.95	24.95	0.290784	10.006
24.95	24.95	0.290800	10.106
24.95	24.95	0.290817	10.200
24.95	24.95	0.290834	10.305
24.95	24.95	0.290850	10.404
24.95	24.95	0.290867	10.499
24.95	24.95	0.290884	10.603
24.95	24.96	0.290900	10.703
24.95	24.96	0.290917	10.798
24.95	24.96	0.290934	10.902
24.95	24.96	0.290950	10.997
24.95	24.96	0.290967	11.096
24.95	24.96	0.290984	11.201
24.95	24.96	0.291000	11.295
24.97	24.96	0.291017	11.395
24.97	24.96	0.291034	11.499
24.97	24.96	0.291050	11.594
24.97	24.96	0.291067	11.694
24.97	24.96	0.291084	11.798
24.97	24.96	0.291100	11.893
24.97	24.96	0.291117	11.992
24.97	24.96	0.291134	12.097
24.97	24.96	0.291150	12.191
24.97	24.96	0.291167	12.291
24.97	24.96	0.291183	12.396
24.97	24.96	0.291200	12.491
24.97	24.96	0.291217	12.589
24.97	24.96	0.291233	12.695
24.97	24.96	0.291250	12.788
24.97	24.96	0.291267	12.888
24.97	24.96	0.291283	12.992
24.97	24.96	0.291300	13.087
24.97	24.96	0.291317	13.189
24.97	24.95	0.291333	13.292
24.97	24.95	0.291350	13.386
24.97	24.95	0.291367	13.488
24.97	24.95	0.291383	13.591
24.97	24.95	0.291400	13.685
24.97	24.95	0.291417	13.789
24.97	24.95	0.291433	13.889
24.97	24.95	0.291450	13.983
24.97	24.95	0.291467	14.088
24.97	24.95	0.291483	14.187
24.97	24.94	0.291500	14.282
24.95	24.94	0.291517	14.386
24.95	24.94	0.291533	14.486
24.95	24.94	0.291550	14.581
24.95	24.94	0.291567	14.685
24.95	24.94	0.291583	14.785
24.95	24.94	0.291600	14.882
24.95	24.93	0.291617	14.984
24.95	24.93	0.291633	15.085
24.95	24.93	0.291650	15.181
24.95	24.93	0.291667	15.283
24.92	24.93	0.291683	15.385
24.92	24.93	0.291700	15.482
24.92	24.92	0.291717	15.582
24.92	24.92	0.291733	15.685
24.92	24.92	0.291750	15.782
24.92	24.92	0.291767	15.882
24.92	24.92	0.291783	15.985
24.92	24.92	0.291800	16.081
24.92	24.91	0.291817	16.182
24.92	24.91	0.291833	16.285
24.92	24.91	0.291850	16.382
24.92	24.91	0.291867	16.482
24.92	24.91	0.291883	16.585
24.92	24.91	0.291900	16.682
24.92	24.90	0.291917	16.781
24.89	24.90	0.291933	16.886
24.89	24.90	0.291950	16.981
24.89	24.90	0.291967	17.082
24.89	24.90	0.291983	17.185
24.89	24.90	0.292000	17.281
24.89	24.89	0.292016	17.382
24.89	24.89	0.292033	17.486
24.89	24.89	0.292050	17.582
24.89	24.89	0.292066	17.681
24.89	24.89	0.292083	17.786
24.89	24.89	0.292100	17.881
24.89	24.88	0.292116	17.982
24.89	24.88	0.292133	18.086
24.89	24.88	0.292150	18.182
24.89	24.88	0.292166	18.282
24.89	24.88	0.292183	18.386
24.89	24.88	0.292200	18.482
24.89	24.88	0.292216	18.581
24.89	24.87	0.292233	18.687
24.89	24.87	0.292250	18.781
24.89	24.87	0.292266	18.882
24.89	24.87	0.292283	18.982
24.89	24.87	0.292300	19.082
24.87	24.87	0.292316	19.182
24.87	24.87	0.292333	19.287
24.87	24.87	0.292350	19.382
24.87	24.86	0.292366	19.481
24.87	24.86	0.292383	19.582
24.87	24.86	0.292400	19.681
24.87	24.86	0.292416	19.782
24.87	24.86	0.292433	19.882
24.87	24.86	0.292450	19.982
24.87	24.86	0.292466	20.082
24.84	24.86	0.292483	20.181
24.84	24.86	0.292500	20.311
24.84	24.86	0.292516	20.405
24.84	24.86	0.292533	20.510
24.84	24.86	0.292550	20.609
24.84	24.86	0.292566	20.704
24.84	24.86	0.292583	20.809
24.84	24.86	0.292600	20.908
24.84	24.86	0.292616	21.003
24.84	24.86	0.292633	21.107
24.84	24.86	0.292650	21.202
24.84	24.86	0.292666	21.301
24.84	24.86	0.292683	21.406
24.84	24.86	0.292700	21.500
24.84	24.86	0.292716	21.600
24.84	24.86	0.292733	21.705
24.84	24.86	0.292750	21.799
24.84	24.86	0.292766	21.899
24.84	24.86	0.292783	22.003
24.87	24.86	0.292800	22.098
24.87	24.86	0.292816	22.197
24.87	24.86	0.292833	22.302
24.87	24.86	0.292849	22.397
24.87	24.86	0.292866	22.496
24.87	24.86	0.292883	22.601
24.87	24.86	0.292899	22.695
24.87	24.86	0.292916	22.795
24.87	24.86	0.292933	22.899
24.87	24.86	0.292949	22.994
24.87	24.87	0.292966	23.093
24.87	24.87	0.292983	23.198
24.87	24.87	0.292999	23.293
24.87	24.87	0.293016	23.393
24.87	24.87	0.293033	23.497
24.87	24.87	0.293049	23.591
24.87	24.87	0.293066	23.693
24.87	24.88	0.293083	23.795
24.87	24.88	0.293099	23.890
24.87	24.88	0.293116	23.994
24.87	24.88	0.293133	24.094
24.87	24.88	0.293149	24.189
24.87	24.89	0.293166	24.293
24.87	24.89	0.293183	24.393
24.87	24.89	0.293199	24.487
24.87	24.89	0.293216	24.592
24.87	24.89	0.293233	24.691
24.87	24.90	0.293249	24.786
24.87	24.90	0.293266	24.890
24.87	24.90	0.293283	24.990
24.87	24.90	0.293299	25.084
24.87	24.91	0.293316	25.189
24.87	24.91	0.293333	25.283
24.87	24.91	0.293349	25.383
24.89	24.91	0.293366	25.487
24.89	24.92	0.293383	25.582
24.89	24.92	0.293399	25.682
24.89	24.92	0.293416	25.786
24.89	24.93	0.293433	25.882
24.92	24.93	0.293449	25.981
24.92	24.93	0.293466	26.085
24.92	24.93	0.293483	26.181
24.92	24.94	0.293499	26.282
24.92	24.94	0.293516	26.384
24.92	24.94	0.293533	26.482
24.95	24.95	0.293549	26.582
24.95	24.95	0.293566	26.682
24.95	24.95	0.293583	26.782
24.95	24.96	0.293599	26.881
24.95	24.96	0.293616	26.982
24.95	24.96	0.293633	27.081
24.97	24.97	0.293649	27.183
24.97	24.97	0.293666	27.283
24.97	24.97	0.293682	27.383
24.97	24.98	0.293699	27.483
24.97	24.98	0.293716	27.582
24.97	24.98	0.293732	27.683
24.97	24.99	0.293749	27.782
24.97	24.99	0.293766	27.883
25.00	24.99	0.293782	27.983
25.00	25.00	0.293799	28.083
25.00	25.00	0.293816	28.183
25.00	25.00	0.293832	28.283
25.00	25.01	0.293849	28.383
25.00	25.01	0.293866	28.482
25.00	25.01	0.293882	28.583
25.00	25.02	0.293899	28.682
25.02	25.02	0.293916	28.783
25.02	25.02	0.293932	28.883
25.02	25.03	0.293949	28.983
25.02	25.03	0.293966	29.083
25.02	25.04	0.293982	29.183
25.02	25.04	0.293999	29.283
25.02	25.04	0.294016	29.382
25.02	25.05	0.294032	29.483
25.05	25.05	0.294049	29.582
25.05	25.05	0.294066	29.683
25.05	25.06	0.294082	29.783
25.05	25.06	0.294099	29.883
25.05	25.06	0.294116	29.984
25.05	25.07	0.294132	30.083
25.05	25.07	0.294149	30.184
25.08	25.07	0.294166	30.283
25.08	25.08	0.294182	30.384
25.08	25.08	0.294199	30.484
25.08	25.08	0.294216	30.584
25.08	25.09	0.294232	30.684
25.08	25.09	0.294249	30.784
25.08	25.09	0.294266	30.884
25.10	25.09	0.294282	30.983
25.10	25.10	0.294299	31.083
25.10	25.10	0.294316	31.182
25.10	25.10	0.294332	31.312
25.10	25.11	0.294349	31.406
25.10	25.11	0.294366	31.506
25.10	25.11	0.294382	31.611
25.10	25.11	0.294399	31.705
25.13	25.12	0.294416	31.805
25.13	25.12	0.294432	31.909
25.13	25.12	0.294449	32.004
25.13	25.12	0.294466	32.103
25.13	25.13	0.294482	32.208
25.13	25.13	0.294499	32.303
25.13	25.13	0.294515	32.402
25.13	25.13	0.294532	32.507
25.13	25.14	0.294549	32.601
25.15	25.14	0.294565	32.701
25.15	25.14	0.294582	32.805
25.15	25.14	0.294599	32.900
25.15	25.14	0.294615	32.999
25.15	25.15	0.294632	33.104
25.15	25.15	0.294649	33.199
25.15	25.15	0.294665	33.298
25.15	25.15	0.294682	33.403
25.15	25.15	0.294699	33.497
25.15	25.16	0.294715	33.598
25.15	25.16	0.294732	33.701
25.15	25.16	0.294749	33.796
25.18	25.16	0.294765	33.899
25.18	25.16	0.294782	34.000
25.18	25.16	0.294799	34.095
25.18	25.16	0.294815	34.198
25.18	25.16	0.294832	34.299
25.18	25.17	0.294849	34.393
25.18	25.17	0.294865	34.498
25.18	25.17	0.294882	34.597
25.18	25.17	0.294899	34.692
25.18	25.17	0.294915	34.797
25.18	25.17	0.294932	34.896
25.18	25.17	0.294949	34.991
25.18	25.17	0.294965	35.095
25.18	25.17	0.294982	35.195
25.18	25.17	0.294999	35.289
25.18	25.17	0.295015	35.394
25.18	25.17	0.295032	35.489
25.18	25.17	0.295049	35.588
25.18	25.17	0.295065	35.693
25.18	25.17	0.295082	35.787
25.18	25.17	0.295099	35.887
25.18	25.17	0.295115	35.991
25.18	25.17	0.295132	36.086
25.18	25.17	0.295149	36.185
25.18	25.17	0.295165	36.290
25.18	25.17	0.295182	36.385
25.18	25.17	0.295199	36.485
25.18	25.17	0.295215	36.589
25.18	25.17	0.295232	36.684
25.18	25.17	0.295249	36.785
25.18	25.17	0.295265	36.887
25.18	25.17	0.295282	36.985
25.18	25.17	0.295299	37.084
25.18	25.17	0.295315	37.186
25.18	25.17	0.295332	37.285
25.18	25.17	0.295348	37.385
25.18	25.17	0.295365	37.486
25.18	25.16	0.295382	37.585
25.18	25.16	0.295398	37.686
25.18	25.16	0.295415	37.785
25.18	25.16	0.295432	37.886
25.18	25.16	0.295448	37.986
25.18	25.16	0.295465	38.086
25.18	25.16	0.295482	38.186
25.18	25.16	0.295498	38.286
25.15	25.16	0.295515	38.386
25.15	25.15	0.295532	38.485
25.15	25.15	0.295548	38.586
25.15	25.15	0.295565	38.685
25.15	25.15	0.295582	38.786
25.15	25.15	0.295598	38.886
25.15	25.15	0.295615	38.986
25.15	25.15	0.295632	39.086
25.15	25.14	0.295648	39.185
25.15	25.14	0.295665	39.286
25.15	25.14	0.295682	39.385
25.15	25.14	0.295698	39.486
25.15	25.14	0.295715	39.585
25.15	25.14	0.295732	39.686
25.15	25.13	0.295748	39.786
25.15	25.13	0.295765	39.886
25.15	25.13	0.295782	39.986
25.15	25.13	0.295798	40.085
25.15	25.13	0.295815	40.186
25.15	25.13	0.295832	40.285
25.15	25.12	0.295848	40.386
25.13	25.12	0.295865	40.486
25.13	25.12	0.295882	40.586
25.13	25.12	0.295898	40.686
25.13	25.12	0.295915	40.786
25.13	25.12	0.295932	40.886
25.13	25.11	0.295948	40.985
25.13	25.11	0.295965	41.086
25.13	25.11	0.295982	41.185
25.13	25.11	0.295998	41.286
25.13	25.11	0.296015	41.386
25.10	25.11	0.296032	41.486
25.10	25.10	0.296048	41.586
25.10	25.10	0.296065	41.685
25.10	25.10	0.296082	41.786
25.10	25.10	0.296098	41.885
25.10	25.10	0.296115	41.985
25.10	25.10	0.296132	42.114
25.10	25.09	0.296148	42.209
25.08	25.09	0.296165	42.309
25.08	25.09	0.296181	42.413
25.08	25.09	0.296198	42.508
25.08	25.09	0.296215	42.607
25.08	25.09	0.296231	42.712
25.08	25.09	0.296248	42.806
25.08	25.08	0.296265	42.906
25.08	25.08	0.296281	43.010
25.08	25.08	0.296298	43.105
25.08	25.08	0.296315	43.205
25.08	25.08	0.296331	43.309
25.08	25.08	0.296348	43.404
25.08	25.08	0.296365	43.503
25.08	25.08	0.296381	43.608
25.08	25.08	0.296398	43.702
25.08	25.08	0.296415	43.803
25.08	25.07	0.296431	43.907
25.08	25.07	0.296448	44.001
25.08	25.07	0.296465	44.103
25.08	25.07	0.296481	44.205
25.05	25.07	0.296498	44.300
25.05	25.07	0.296515	44.403
25.05	25.07	0.296531	44.504
25.05	25.07	0.296548	44.598
25.05	25.07	0.296565	44.703
25.05	25.07	0.296581	44.803
25.05	25.07	0.296598	44.897
25.05	25.07	0.296615	45.002
25.05	25.07	0.296631	45.101
25.05	25.07	0.296648	45.196
25.05	25.07	0.296665	45.300
25.05	25.07	0.296681	45.400
25.05	25.07	0.296698	45.495
25.05	25.07	0.296715	45.599
25.05	25.07	0.296731	45.694
25.08	25.07	0.296748	45.793
25.08	25.07	0.296765	45.898
25.08	25.07	0.296781	45.992
25.08	25.07	0.296798	46.092
25.08	25.07	0.296815	46.196
25.08	25.07	0.296831	46.291
25.08	25.07	0.296848	46.391
25.08	25.07	0.296865	46.495
25.08	25.07	0.296881	46.590
25.08	25.08	0.296898	46.689
25.08	25.08	0.296915	46.794
25.08	25.08	0.296931	46.888
25.08	25.08	0.296948	46.988
25.08	25.08	0.296965	47.093
25.08	25.08	0.296981	47.187
25.08	25.08	0.296998	47.287
25.08	25.08	0.297014	47.391
25.08	25.08	0.297031	47.486
25.08	25.09	0.297048	47.585
25.08	25.09	0.297064	47.690
25.08	25.09	0.297081	47.785
25.08	25.09	0.297098	47.886
25.08	25.09	0.297114	47.989
25.08	25.10	0.297131	48.086
25.08	25.10	0.297148	48.186
25.08	25.10	0.297164	48.287
25.08	25.10	0.297181	48.386
25.08	25.10	0.297198	48.485
25.08	25.11	0.297214	48.586
25.08	25.11	0.297231	48.686
25.08	25.11	0.297248	48.786
25.08	25.11	0.297264	48.886
25.08	25.11	0.297281	48.986
25.08	25.12	0.297298	49.086
25.08	25.12	0.297314	49.185
25.10	25.12	0.297331	49.286
25.10	25.12	0.297348	49.385
25.10	25.13	0.297364	49.486
25.10	25.13	0.297381	49.586
25.10	25.13	0.297398	49.686
25.10	25.14	0.297414	49.786
25.13	25.14	0.297431	49.886
25.13	25.14	0.297448	49.986
25.13	25.14	0.297464	50.085
25.13	25.15	0.297481	50.186
25.13	25.15	0.297498	50.285
25.15	25.15	0.297514	50.386
25.15	25.16	0.297531	50.486
25.15	25.16	0.297548	50.586
25.15	25.16	0.297564	50.685
25.15	25.17	0.297581	50.786
25.15	25.17	0.297598	50.885
25.18	25.17	0.297614	50.986
25.18	25.18	0.297631	51.085
25.18	25.18	0.297648	51.186
25.18	25.18	0.297664	51.285
25.18	25.19	0.297681	51.386
25.18	25.19	0.297698	51.486
25.21	25.19	0.297714	51.585
25.21	25.20	0.297731	51.723
25.21	25.20	0.297748	51.822
25.21	25.20	0.297764	51.917
25.21	25.21	0.297781	52.021
25.21	25.21	0.297798	52.116
25.21	25.21	0.297814	52.216
25.21	25.22	0.297831	52.320
25.21	25.22	0.297847	52.415
25.23	25.22	0.297864	52.514
25.23	25.23	0.297881	52.619
25.23	25.23	0.297897	52.713
25.23	25.23	0.297914	52.813
25.23	25.24	0.297931	52.917
25.23	25.24	0.297947	53.012
25.23	25.25	0.297964	53.112
25.23	25.25	0.297981	53.216
25.23	25.25	0.297997	53.310
25.23	25.26	0.298014	53.410
25.23	25.26	0.298031	53.514
25.23	25.26	0.298047	53.609
25.26	25.27	0.298064	53.708
25.26	25.27	0.298081	53.813
25.26	25.27	0.298097	53.908
25.26	25.28	0.298114	54.007
25.26	25.28	0.298131	54.112
25.26	25.28	0.298147	54.206
25.28	25.29	0.298164	54.308
25.28	25.29	0.298181	54.410
25.28	25.29	0.298197	54.505
25.28	25.30	0.298214	54.608
25.28	25.30	0.298231	54.709
25.28	25.30	0.298247	54.803
25.31	25.30	0.298264	54.908
25.31	25.31	0.298281	55.007
25.31	25.31	0.298297	55.102
25.31	25.31	0.298314	55.206
25.31	25.32	0.298331	55.306
25.31	25.32	0.298347	55.401
25.31	25.32	0.298364	55.505
25.34	25.32	0.298381	55.606
25.34	25.33	0.298397	55.699
25.34	25.33	0.298414	55.804
25.34	25.33	0.298431	55.903
25.34	25.34	0.298447	55.998
25.34	25.34	0.298464	56.103
25.34	25.34	0.298481	56.197
25.34	25.34	0.298497	56.297
25.36	25.35	0.298514	56.401
25.36	25.35	0.298531	56.496
25.36	25.35	0.298547	56.595
25.36	25.35	0.298564	56.700
25.36	25.35	0.298581	56.794
25.36	25.36	0.298597	56.895
25.36	25.36	0.298614	56.999
25.36	25.36	0.298631	57.095
25.36	25.36	0.298647	57.195
25.36	25.36	0.298664	57.297
25.36	25.37	0.298680	57.395
25.36	25.37	0.298697	57.494
25.36	25.37	0.298714	57.596
25.39	25.37	0.298730	57.695
25.39	25.37	0.298747	57.795
25.39	25.37	0.298764	57.895
25.39	25.37	0.298780	57.995
25.39	25.38	0.298797	58.095
25.39	25.38	0.298814	58.194
25.39	25.38	0.298830	58.295
25.39	25.38	0.298847	58.394
25.39	25.38	0.298864	58.495
25.39	25.38	0.298880	58.595
25.39	25.38	0.298897	58.695
25.39	25.38	0.298914	58.795
25.39	25.38	0.298930	58.894
25.39	25.38	0.298947	58.995
25.39	25.38	0.298964	59.094
25.39	25.38	0.298980	59.195
25.39	25.39	0.298997	59.294
25.39	25.39	0.299014	59.395
25.39	25.39	0.299030	59.495
25.39	25.39	0.299047	59.595
25.39	25.39	0.299064	59.695
25.39	25.39	0.299080	59.794
25.39	25.39	0.299097	59.895
25.39	25.39	0.299114	59.994
25.39	25.39	0.299130	00.095
25.39	25.39	0.299147	00.195
25.39	25.39	0.299164	00.295
25.41	25.39	0.299180	00.396
25.41	25.39	0.299197	00.496
25.41	25.39	0.299214	00.596
25.41	25.38	0.299230	00.695
25.41	25.38	0.299247	00.796
25.41	25.38	0.299264	00.895
25.41	25.38	0.299280	00.996
25.41	25.38	0.299297	01.096
25.41	25.38	0.299314	01.196
25.41	25.38	0.299330	01.296
25.41	25.38	0.299347	01.395
25.39	25.38	0.299364	01.496
25.39	25.38	0.299380	01.595
25.39	25.38	0.299397	01.696
25.39	25.38	0.299414	01.795
25.39	25.38	0.299430	01.896
25.39	25.37	0.299447	01.996
25.39	25.37	0.299464	02.096
25.39	25.37	0.299480	02.196
25.39	25.37	0.299497	02.295
25.39	25.37	0.299513	02.421
25.39	25.37	0.299530	02.495
25.36	25.37	0.299547	02.619
25.36	25.37	0.299563	02.718
25.36	25.36	0.299580	02.823
25.36	25.36	0.299597	02.918
25.36	25.36	0.299613	03.017
25.36	25.36	0.299630	03.122
25.36	25.36	0.299647	03.216
25.36	25.36	0.299663	03.316
25.36	25.35	0.299680	03.420
25.36	25.35	0.299697	03.515
25.36	25.35	0.299713	03.615
25.36	25.35	0.299730	03.720
25.36	25.35	0.299747	03.815
25.34	25.35	0.299763	03.913
25.34	25.34	0.299780	04.018
25.34	25.34	0.299797	04.112
25.34	25.34	0.299813	04.212
25.34	25.34	0.299830	04.316
25.34	25.34	0.299847	04.411
25.34	25.34	0.299863	04.513
25.34	25.33	0.299880	04.616
25.34	25.33	0.299897	04.710
25.34	25.33	0.299913	04.812
25.34	25.33	0.299930	04.914
25.34	25.33	0.299947	05.008
25.34	25.33	0.299963	05.113
25.34	25.32	0.299980	05.213
25.34	25.32	0.299997	05.307
25.34	25.32	0.300013	05.413
25.34	25.32	0.300030	05.511
25.31	25.32	0.300047	05.606
25.31	25.32	0.300063	05.710
25.31	25.31	0.300080	05.810
25.31	25.31	0.300097	05.904
25.31	25.31	0.300113	06.009
25.31	25.31	0.300130	06.109
25.31	25.31	0.300147	06.203
25.31	25.31	0.300163	06.308
25.31	25.30	0.300180	06.402
25.31	25.30	0.300197	06.502
25.31	25.30	0.300213	06.606
25.31	25.30	0.300230	06.701
25.31	25.30	0.300247	06.800
25.31	25.30	0.300263	06.905
25.28	25.30	0.300280	07.000
25.28	25.30	0.300297	07.099
25.28	25.29	0.300313	07.204
25.28	25.29	0.300330	07.298
25.28	25.29	0.300346	07.398
25.28	25.29	0.300363	07.502
25.28	25.29	0.300380	07.597
25.28	25.29	0.300396	07.698
25.28	25.29	0.300413	07.801
25.28	25.29	0.300430	07.898
25.28	25.29	0.300446	07.998
25.28	25.29	0.300463	08.100
25.28	25.29	0.300480	08.197
25.28	25.28	0.300496	08.298
25.28	25.28	0.300513	08.398
25.28	25.28	0.300530	08.498
25.28	25.28	0.300546	08.598
25.28	25.28	0.300563	08.698
25.28	25.28	0.300580	08.798
25.28	25.28	0.300596	08.898
25.28	25.28	0.300613	08.998
25.28	25.28	0.300630	09.097
25.28	25.28	0.300646	09.198
25.28	25.28	0.300663	09.297
25.28	25.28	0.300680	09.398
25.28	25.28	0.300696	09.498
25.28	25.28	0.300713	09.598
25.28	25.28	0.300730	09.698
25.28	25.28	0.300746	09.797
25.28	25.28	0.300763	09.898
25.28	25.28	0.300780	09.997
25.28	25.28	0.300796	10.098
25.28	25.28	0.300813	10.199
25.28	25.29	0.300830	10.299
25.28	25.29	0.300846	10.399
25.28	25.29	0.300863	10.499
25.28	25.29	0.300880	10.599
25.28	25.29	0.300896	10.698
25.28	25.29	0.300913	10.799
25.28	25.29	0.300930	10.898
25.28	25.29	0.300946	10.999
25.28	25.29	0.300963	11.099
25.28	25.29	0.300980	11.199
25.28	25.30	0.300996	11.300
25.28	25.30	0.301013	11.400
25.28	25.30	0.301030	11.500
25.28	25.30	0.301046	11.599
25.28	25.30	0.301063	11.700
25.28	25.30	0.301080	11.799
25.28	25.30	0.301096	11.900
25.28	25.31	0.301113	12.000
25.28	25.31	0.301130	12.100
25.28	25.31	0.301146	12.200
25.28	25.31	0.301163	12.299
25.28	25.31	0.301179	12.400
25.31	25.32	0.301196	12.499
25.31	25.32	0.301213	12.600
25.31	25.32	0.301229	12.700
25.31	25.32	0.301246	12.800
25.31	25.33	0.301263	12.899
25.31	25.33	0.301279	13.028
25.31	25.33	0.301296	13.123
25.31	25.33	0.301313	13.222
25.34	25.34	0.301329	13.328
25.34	25.34	0.301346	13.421
25.34	25.34	0.301363	13.521
25.34	25.34	0.301379	13.625
25.34	25.35	0.301396	13.720
25.34	25.35	0.301413	13.820
25.34	25.35	0.301429	13.924
25.34	25.35	0.301446	14.019
25.36	25.36	0.301463	14.118
25.36	25.36	0.301479	14.223
25.36	25.36	0.301496	14.318
25.36	25.37	0.301513	14.417
25.36	25.37	0.301529	14.522
25.36	25.37	0.301546	14.617
25.36	25.38	0.301563	14.717
25.36	25.38	0.301579	14.821
25.36	25.38	0.301596	14.915
25.36	25.39	0.301613	15.017
25.36	25.39	0.301629	15.119
25.39	25.39	0.301646	15.214
25.39	25.40	0.301663	15.318
25.39	25.40	0.301679	15.418
25.39	25.40	0.301696	15.513
25.39	25.41	0.301713	15.617
25.39	25.41	0.301729	15.717
25.39	25.41	0.301746	15.811
25.41	25.42	0.301763	15.916
25.41	25.42	0.301779	16.015
25.41	25.42	0.301796	16.110
25.41	25.43	0.301813	16.215
25.41	25.43	0.301829	16.314
25.41	25.43	0.301846	16.409
25.41	25.44	0.301863	16.513
25.44	25.44	0.301879	16.608
25.44	25.44	0.301896	16.707
25.44	25.45	0.301913	16.812
25.44	25.45	0.301929	16.907
25.44	25.45	0.301946	17.006
25.47	25.46	0.301963	17.111
25.47	25.46	0.301979	17.205
25.47	25.47	0.301996	17.305
25.47	25.47	0.302012	17.409
25.47	25.47	0.302029	17.504
25.47	25.48	0.302046	17.603
25.47	25.48	0.302062	17.708
25.49	25.48	0.302079	17.803
25.49	25.49	0.302096	17.902
25.49	25.49	0.302112	18.007
25.49	25.49	0.302129	18.101
25.49	25.50	0.302146	18.201
25.49	25.50	0.302162	18.305
25.49	25.50	0.302179	18.400
25.49	25.51	0.302196	18.500
25.52	25.51	0.302212	18.604
25.52	25.51	0.302229	18.700
25.52	25.51	0.302246	18.800
25.52	25.52	0.302262	18.903
25.52	25.52	0.302279	18.999
25.52	25.52	0.302296	19.100
25.52	25.53	0.302312	19.201
25.52	25.53	0.302329	19.300
25.54	25.53	0.302346	19.400
25.54	25.54	0.302362	19.500
25.54	25.54	0.302379	19.601
25.54	25.54	0.302396	19.700
25.54	25.54	0.302412	19.801
25.54	25.55	0.302429	19.900
25.54	25.55	0.302446	20.001
25.54	25.55	0.302462	20.101
25.54	25.55	0.302479	20.201
25.54	25.56	0.302496	20.300
25.57	25.56	0.302512	20.401
25.57	25.56	0.302529	20.501
25.57	25.56	0.302546	20.600
25.57	25.57	0.302562	20.701
25.57	25.57	0.302579	20.800
25.57	25.57	0.302596	20.901
25.57	25.57	0.302612	21.001
25.57	25.57	0.302629	21.101
25.57	25.58	0.302646	21.201
25.60	25.58	0.302662	21.300
25.60	25.58	0.302679	21.401
25.60	25.58	0.302696	21.500
25.60	25.58	0.302712	21.601
25.60	25.58	0.302729	21.701
25.60	25.58	0.302746	21.801
25.60	25.59	0.302762	21.901
25.60	25.59	0.302779	22.001
25.60	25.59	0.302796	22.101
25.60	25.59	0.302812	22.200
25.60	25.59	0.302829	22.301
25.60	25.59	0.302845	22.400
25.60	25.59	0.302862	22.501
25.60	25.59	0.302879	22.601
25.60	25.60	0.302895	22.701
25.60	25.60	0.302912	22.801
25.60	25.60	0.302929	22.901
25.60	25.60	0.302945	23.001
25.60	25.60	0.302962	23.100
25.60	25.60	0.302979	23.201
25.60	25.60	0.302995	23.300
25.60	25.60	0.303012	23.401
25.60	25.60	0.303029	23.501
25.60	25.60	0.303045	23.601
25.62	25.60	0.303062	23.701
25.62	25.60	0.303079	23.800
25.62	25.60	0.303095	23.901
25.62	25.60	0.303112	24.000
25.62	25.60	0.303129	24.130
25.62	25.60	0.303145	24.224
25.62	25.60	0.303162	24.324
25.62	25.60	0.303179	24.428
25.62	25.60	0.303195	24.523
25.62	25.60	0.303212	24.623
25.62	25.60	0.303229	24.727
25.60	25.60	0.303245	24.822
25.60	25.60	0.303262	24.921
25.60	25.60	0.303279	25.026
25.60	25.60	0.303295	25.120
25.60	25.60	0.303312	25.222
25.60	25.59	0.303329	25.325
25.60	25.59	0.303345	25.419
25.60	25.59	0.303362	25.522
25.60	25.59	0.303379	25.623
25.60	25.59	0.303395	25.718
25.60	25.59	0.303412	25.822
25.60	25.59	0.303429	25.922
25.60	25.59	0.303445	26.017
25.60	25.59	0.303462	26.121
25.60	25.59	0.303479	26.220
25.60	25.58	0.303495	26.315
25.60	25.58	0.303512	26.419
25.60	25.58	0.303529	26.519
25.60	25.58	0.303545	26.613
25.60	25.58	0.303562	26.718
25.57	25.58	0.303579	26.813
25.57	25.58	0.303595	26.912
25.57	25.57	0.303612	27.017
25.57	25.57	0.303629	27.111
25.57	25.57	0.303645	27.211
25.57	25.57	0.303662	27.315
25.57	25.57	0.303678	27.410
25.57	25.57	0.303695	27.509
25.57	25.56	0.303712	27.614
25.57	25.56	0.303728	27.709
25.57	25.56	0.303745	27.808
25.57	25.56	0.303762	27.913
25.57	25.56	0.303778	28.007
25.57	25.56	0.303795	28.107
25.57	25.55	0.303812	28.211
25.57	25.55	0.303828	28.306
25.57	25.55	0.303845	28.406
25.57	25.55	0.303862	28.510
25.54	25.55	0.303878	28.605
25.54	25.55	0.303895	28.704
25.54	25.54	0.303912	28.809
25.54	25.54	0.303928	28.903
25.54	25.54	0.303945	29.004
25.54	25.54	0.303962	29.107
25.54	25.54	0.303978	29.202
25.54	25.54	0.303995	29.304
25.54	25.53	0.304012	29.406
25.54	25.53	0.304028	29.502
25.54	25.53	0.304045	29.604
25.54	25.53	0.304062	29.705
25.54	25.53	0.304078	29.801
25.54	25.53	0.304095	29.904
25.54	25.52	0.304112	30.003
25.54	25.52	0.304128	30.102
25.52	25.52	0.304145	30.203
25.52	25.52	0.304162	30.302
25.52	25.52	0.304178	30.402
25.52	25.52	0.304195	30.501
25.52	25.52	0.304212	30.602
25.52	25.51	0.304228	30.701
25.52	25.51	0.304245	30.802
25.52	25.51	0.304262	30.902
25.52	25.51	0.304278	31.002
25.52	25.51	0.304295	31.102
25.52	25.51	0.304312	31.201
25.52	25.51	0.304328	31.301
25.52	25.51	0.304345	31.401
25.49	25.50	0.304362	31.502
25.49	25.50	0.304378	31.602
25.49	25.50	0.304395	31.702
25.49	25.50	0.304412	31.802
25.49	25.50	0.304428	31.902
25.49	25.50	0.304445	32.002
25.49	25.50	0.304462	32.101
25.49	25.50	0.304478	32.202
25.49	25.50	0.304495	32.301
25.49	25.50	0.304511	32.402
25.49	25.50	0.304528	32.502
25.49	25.50	0.304545	32.602
25.49	25.50	0.304561	32.702
25.49	25.50	0.304578	32.802
25.49	25.50	0.304595	32.902
25.49	25.50	0.304611	33.001
25.49	25.50	0.304628	33.102
25.49	25.50	0.304645	33.201
25.49	25.50	0.304661	33.302
25.49	25.50	0.304678	33.402
25.49	25.50	0.304695	33.502
25.49	25.50	0.304711	33.602
25.49	25.50	0.304728	33.701
25.49	25.50	0.304745	33.802
25.49	25.50	0.304761	33.901
25.49	25.50	0.304778	34.002
25.49	25.50	0.304795	34.101
25.49	25.50	0.304811	34.202
25.49	25.50	0.304828	34.302
25.49	25.50	0.304845	34.402
25.49	25.50	0.304861	34.502
25.49	25.50	0.304878	34.601
25.49	25.50	0.304895	34.702
25.49	25.50	0.304911	34.802
25.49	25.50	0.304928	34.902
25.49	25.50	0.304945	35.002
25.52	25.51	0.304961	35.102
25.52	25.51	0.304978	35.231
25.52	25.51	0.304995	35.325
25.52	25.51	0.305011	35.402
25.52	25.51	0.305028	35.529
25.52	25.51	0.305045	35.624
25.52	25.51	0.305061	35.702
25.52	25.52	0.305078	35.828
25.52	25.52	0.305095	35.922
25.52	25.52	0.305111	36.002
25.52	25.52	0.305128	36.126
25.52	25.52	0.305145	36.221
25.52	25.53	0.305161	36.326
25.52	25.53	0.305178	36.425
25.52	25.53	0.305195	36.520
25.52	25.53	0.305211	36.624
25.52	25.53	0.305228	36.724
25.52	25.54	0.305245	36.818
25.52	25.54	0.305261	36.923
25.52	25.54	0.305278	37.018
25.52	25.54	0.305295	37.117
25.52	25.55	0.305311	37.222
25.52	25.55	0.305328	37.317
25.52	25.55	0.305344	37.416
25.52	25.55	0.305361	37.521
25.52	25.56	0.305378	37.615
25.52	25.56	0.305394	37.715
25.52	25.56	0.305411	37.820
25.52	25.57	0.305428	37.914
25.54	25.57	0.305444	38.014
25.54	25.57	0.305461	38.118
25.54	25.57	0.305478	38.213
25.54	25.58	0.305494	38.312
25.54	25.58	0.305511	38.417
25.57	25.58	0.305528	38.512
25.57	25.59	0.305544	38.611
25.57	25.59	0.305561	38.716
25.57	25.59	0.305578	38.810
25.60	25.60	0.305594	38.910
25.60	25.60	0.305611	39.014
25.60	25.60	0.305628	39.109
25.60	25.61	0.305644	39.208
25.60	25.61	0.305661	39.313
25.62	25.61	0.305678	39.408
25.62	25.62	0.305694	39.509
25.62	25.62	0.305711	39.612
25.62	25.62	0.305728	39.706
25.62	25.63	0.305744	39.809
25.62	25.63	0.305761	39.910
25.65	25.63	0.305778	40.005
25.65	25.64	0.305794	40.109
25.65	25.64	0.305811	40.209
25.65	25.64	0.305828	40.304
25.65	25.65	0.305844	40.408
25.65	25.65	0.305861	40.507
25.65	25.65	0.305878	40.601
25.65	25.66	0.305894	40.706
25.65	25.66	0.305911	40.805
25.65	25.66	0.305928	40.902
25.65	25.67	0.305944	41.005
25.67	25.67	0.305961	41.105
25.67	25.68	0.305978	41.202
25.67	25.68	0.305994	41.303
25.67	25.68	0.306011	41.405
25.67	25.69	0.306028	41.501
25.67	25.69	0.306044	41.602
25.67	25.69	0.306061	41.705
25.67	25.70	0.306078	41.802
25.67	25.70	0.306094	41.902
25.70	25.70	0.306111	42.005
25.70	25.71	0.306128	42.102
25.70	25.71	0.306144	42.201
25.70	25.71	0.306161	42.306
25.70	25.72	0.306177	42.402
25.70	25.72	0.306194	42.503
25.73	25.72	0.306211	42.605
25.73	25.73	0.306227	42.703
25.73	25.73	0.306244	42.803
25.73	25.73	0.306261	42.906
25.73	25.73	0.306277	43.003
25.73	25.74	0.306294	43.102
25.75	25.74	0.306311	43.206
25.75	25.74	0.306327	43.302
25.75	25.75	0.306344	43.403
25.75	25.75	0.306361	43.506
25.75	25.75	0.306377	43.603
25.75	25.75	0.306394	43.703
25.75	25.76	0.306411	43.806
25.75	25.76	0.306427	43.903
25.75	25.76	0.306444	44.002
25.78	25.76	0.306461	44.106
25.78	25.77	0.306477	44.202
25.78	25.77	0.306494	44.303
25.78	25.77	0.306511	44.407
25.78	25.77	0.306527	44.503
25.78	25.78	0.306544	44.603
25.78	25.78	0.306561	44.706
25.78	25.78	0.306577	44.803
25.78	25.78	0.306594	44.902
25.78	25.78	0.306611	45.007
25.78	25.79	0.306627	45.102
25.80	25.79	0.306644	45.203
25.80	25.79	0.306661	45.307
25.80	25.79	0.306677	45.403
25.80	25.79	0.306694	45.503
25.80	25.80	0.306711	45.607
25.80	25.80	0.306727	45.703
25.80	25.80	0.306744	45.802
25.80	25.80	0.306761	45.907
25.80	25.80	0.306777	46.003
25.80	25.80	0.306794	46.103
25.80	25.80	0.306811	46.208
25.80	25.80	0.306827	46.332
25.80	25.81	0.306844	46.427
25.80	25.81	0.306861	46.531
25.83	25.81	0.306877	46.631
25.83	25.81	0.306894	46.725
25.83	25.81	0.306911	46.830
25.83	25.81	0.306927	46.929
25.83	25.81	0.306944	47.024
25.83	25.81	0.306961	47.129
25.83	25.81	0.306977	47.228
25.83	25.81	0.306994	47.322
25.83	25.81	0.307010	47.426
25.83	25.81	0.307027	47.521
25.83	25.81	0.307044	47.621
25.83	25.81	0.307060	47.725
25.83	25.81	0.307077	47.820
25.83	25.81	0.307094	47.919
25.83	25.81	0.307110	48.024
25.83	25.81	0.307127	48.118
25.83	25.81	0.307144	48.218
25.83	25.81	0.307160	48.323
25.80	25.81	0.307177	48.417
25.80	25.81	0.307194	48.517
25.80	25.81	0.307210	48.621
25.80	25.81	0.307227	48.716
25.80	25.81	0.307244	48.815
25.80	25.81	0.307260	48.920
25.80	25.81	0.307277	49.015
25.80	25.81	0.307294	49.114
25.80	25.81	0.307310	49.219
25.80	25.81	0.307327	49.313
25.80	25.81	0.307344	49.414
25.80	25.81	0.307360	49.517
25.80	25.80	0.307377	49.612
25.80	25.80	0.307394	49.713
25.80	25.80	0.307410	49.816
25.80	25.80	0.307427	49.911
25.80	25.80	0.307444	50.013
25.80	25.80	0.307460	50.115
25.80	25.80	0.307477	50.209
25.80	25.80	0.307494	50.314
25.80	25.80	0.307510	50.413
25.80	25.79	0.307527	50.508
25.80	25.79	0.307544	50.613
25.80	25.79	0.307560	50.712
25.80	25.79	0.307577	50.807
25.80	25.79	0.307594	50.911
25.80	25.79	0.307610	51.011
25.80	25.79	0.307627	51.105
25.80	25.78	0.307644	51.210
25.80	25.78	0.307660	51.309
25.80	25.78	0.307677	51.404
25.80	25.78	0.307694	51.509
25.80	25.78	0.307710	51.604
25.80	25.78	0.307727	51.704
25.80	25.77	0.307744	51.807
25.80	25.77	0.307760	51.904
25.80	25.77	0.307777	52.003
25.80	25.77	0.307794	52.106
25.80	25.77	0.307810	52.203
25.80	25.77	0.307827	52.304
25.80	25.76	0.307843	52.405
25.80	25.76	0.307860	52.503
25.78	25.76	0.307877	52.604
25.78	25.76	0.307893	52.703
25.78	25.76	0.307910	52.804
25.78	25.76	0.307927	52.904
25.78	25.75	0.307943	53.004
25.78	25.75	0.307960	53.104
25.75	25.75	0.307977	53.204
25.75	25.75	0.307993	53.304
25.75	25.75	0.308010	53.403
25.75	25.75	0.308027	53.504
25.75	25.74	0.308043	53.604
25.75	25.74	0.308060	53.705
25.75	25.74	0.308077	53.805
25.75	25.74	0.308093	53.905
25.73	25.74	0.308110	54.005
25.73	25.74	0.308127	54.105
25.73	25.73	0.308143	54.205
25.73	25.73	0.308160	54.304
25.73	25.73	0.308177	54.405
25.73	25.73	0.308193	54.504
25.73	25.73	0.308210	54.606
25.73	25.73	0.308227	54.706
25.73	25.73	0.308243	54.806
25.73	25.72	0.308260	54.906
25.73	25.72	0.308277	55.005
25.70	25.72	0.308293	55.106
25.70	25.72	0.308310	55.205
25.70	25.72	0.308327	55.306
25.70	25.72	0.308343	55.406
25.70	25.72	0.308360	55.506
25.70	25.72	0.308377	55.606
25.70	25.72	0.308393	55.706
25.70	25.72	0.308410	55.806
25.70	25.71	0.308427	55.905
25.70	25.71	0.308443	56.006
25.70	25.71	0.308460	56.105
25.70	25.71	0.308477	56.206
25.70	25.71	0.308493	56.306
25.70	25.71	0.308510	56.406
25.70	25.71	0.308527	56.506
25.70	25.71	0.308543	56.606
25.70	25.71	0.308560	56.706
25.70	25.71	0.308577	56.805
25.70	25.71	0.308593	56.930
25.70	25.71	0.308610	57.034
25.70	25.71	0.308627	57.134
25.73	25.71	0.308643	57.228
25.73	25.71	0.308660	57.333
25.73	25.71	0.308676	57.433
25.73	25.71	0.308693	57.527
25.73	25.71	0.308710	57.632
25.73	25.71	0.308726	57.726
25.73	25.71	0.308743	57.826
25.73	25.71	0.308760	57.930
25.70	25.71	0.308776	58.025
25.70	25.71	0.308793	58.125
25.70	25.71	0.308810	58.229
25.70	25.71	0.308826	58.324
25.70	25.71	0.308843	58.423
25.70	25.71	0.308860	58.528
25.70	25.71	0.308876	58.622
25.70	25.72	0.308893	58.722
25.70	25.72	0.308910	58.826
25.70	25.72	0.308926	58.921
25.70	25.72	0.308943	59.021
25.70	25.72	0.308960	59.125
25.70	25.72	0.308976	59.220
25.70	25.72	0.308993	59.319
25.70	25.72	0.309010	59.424
25.70	25.72	0.309026	59.518
25.70	25.73	0.309043	59.618
25.70	25.73	0.309060	59.723
25.70	25.73	0.309076	59.817
25.70	25.73	0.309093	59.919
25.70	25.73	0.309110	00.021
25.73	25.74	0.309126	00.116
25.73	25.74	0.309143	00.218
25.73	25.74	0.309160	00.320
25.73	25.74	0.309176	00.414
25.73	25.74	0.309193	00.518
25.73	25.75	0.309210	00.619
25.73	25.75	0.309226	00.713
25.73	25.75	0.309243	00.818
25.75	25.75	0.309260	00.917
25.75	25.75	0.309276	01.012
25.75	25.76	0.309293	01.116
25.75	25.76	0.309310	01.216
25.75	25.76	0.309326	01.311
25.75	25.76	0.309343	01.415
25.75	25.77	0.309360	01.515
25.75	25.77	0.309376	01.609
25.78	25.77	0.309393	01.714
25.78	25.78	0.309410	01.808
25.78	25.78	0.309426	01.908
25.78	25.78	0.309443	02.012
25.78	25.78	0.309460	02.107
25.78	25.79	0.309476	02.207
25.78	25.79	0.309493	02.311
25.78	25.79	0.309509	02.406
25.78	25.80	0.309526	02.505
25.78	25.80	0.309543	02.610
25.78	25.80	0.309559	02.705
25.80	25.81	0.309576	02.806
25.80	25.81	0.309593	02.909
25.80	25.81	0.309609	03.006
25.80	25.82	0.309626	03.106
25.80	25.82	0.309643	03.207
25.80	25.82	0.309659	03.306
25.80	25.83	0.309676	03.405
25.80	25.83	0.309693	03.506
25.83	25.83	0.309709	03.606
25.83	25.84	0.309726	03.706
25.83	25.84	0.309743	03.806
25.83	25.84	0.309759	03.906
25.83	25.85	0.309776	04.006
25.83	25.85	0.309793	04.105
25.86	25.85	0.309809	04.206
25.86	25.86	0.309826	04.305
25.86	25.86	0.309843	04.406
25.86	25.86	0.309859	04.506
25.86	25.87	0.309876	04.606
25.86	25.87	0.309893	04.706
25.86	25.87	0.309909	04.805
25.86	25.88	0.309926	04.906
25.88	25.88	0.309943	05.005
25.88	25.89	0.309959	05.106
25.88	25.89	0.309976	05.205
25.88	25.89	0.309993	05.306
25.88	25.90	0.310009	05.406
25.88	25.90	0.310026	05.506
25.88	25.90	0.310043	05.606
25.91	25.91	0.310059	05.705
25.91	25.91	0.310076	05.806
25.91	25.91	0.310093	05.905
25.91	25.92	0.310109	06.006
25.91	25.92	0.310126	06.106
25.91	25.92	0.310143	06.206
25.93	25.93	0.310159	06.306
25.93	25.93	0.310176	06.405
25.93	25.93	0.310193	06.506
25.93	25.94	0.310209	06.605
25.93	25.94	0.310226	06.706
25.93	25.94	0.310243	06.805
25.93	25.94	0.310259	06.906
25.93	25.95	0.310276	07.006
25.96	25.95	0.310293	07.106
25.96	25.95	0.310309	07.206
25.96	25.96	0.310326	07.305
25.96	25.96	0.310342	07.405
25.96	25.96	0.310359	07.505
25.96	25.96	0.310376	07.606
25.96	25.97	0.310392	07.706
25.96	25.97	0.310409	07.806
25.99	25.97	0.310426	07.906
25.99	25.98	0.310442	08.006
25.99	25.98	0.310459	08.106
25.99	25.98	0.310476	08.205
25.99	25.98	0.310492	08.330
25.99	25.99	0.310509	08.434
25.99	25.99	0.310526	08.529
25.99	25.99	0.310542	08.628
25.99	25.99	0.310559	08.733
25.99	25.99	0.310576	08.828
26.01	26.00	0.310592	08.927
26.01	26.00	0.310609	09.032
26.01	26.00	0.310626	09.126
26.01	26.00	0.310642	09.226
26.01	26.00	0.310659	09.330
26.01	26.01	0.310676	09.425
26.01	26.01	0.310692	09.525
26.01	26.01	0.310709	09.629
26.01	26.01	0.310726	09.724
26.01	26.01	0.310742	09.823
26.01	26.01	0.310759	09.928
26.01	26.01	0.310776	10.022
26.01	26.02	0.310792	10.123
26.01	26.02	0.310809	10.226
26.01	26.02	0.310826	10.321
26.04	26.02	0.310842	10.424
26.04	26.02	0.310859	10.525
26.04	26.02	0.310876	10.620
26.04	26.02	0.310892	10.723
26.04	26.02	0.310909	10.824
26.04	26.02	0.310926	10.918
26.04	26.02	0.310942	11.023
26.04	26.02	0.310959	11.123
26.04	26.02	0.310976	11.217
26.04	26.03	0.310992	11.322
26.04	26.03	0.311009	11.421
26.04	26.03	0.311026	11.516
26.04	26.03	0.311042	11.620
26.04	26.03	0.311059	11.720
26.04	26.03	0.311076	11.814
26.04	26.03	0.311092	11.919
26.04	26.03	0.311109	12.014
26.04	26.03	0.311126	12.113
26.04	26.03	0.311142	12.218
26.04	26.03	0.311159	12.312
26.04	26.03	0.311175	12.412
26.04	26.03	0.311192	12.516
26.04	26.03	0.311209	12.611
26.04	26.02	0.311225	12.711
26.01	26.02	0.311242	12.815
26.01	26.02	0.311259	12.910
26.01	26.02	0.311275	13.009
26.01	26.02	0.311292	13.114
26.01	26.02	0.311309	13.208
26.01	26.02	0.311325	13.308
26.01	26.02	0.311342	13.412
26.01	26.02	0.311359	13.507
26.01	26.02	0.311375	13.607
26.04	26.02	0.311392	13.711
26.04	26.02	0.311409	13.807
26.04	26.02	0.311425	13.906
26.04	26.01	0.311442	14.010
26.04	26.01	0.311459	14.107
26.04	26.01	0.311475	14.206
26.04	26.01	0.311492	14.308
26.04	26.01	0.311509	14.407
26.04	26.01	0.311525	14.508
26.04	26.01	0.311542	14.608
26.01	26.01	0.311559	14.708
26.01	26.00	0.311575	14.808
26.01	26.00	0.311592	14.907
26.01	26.00	0.311609	15.008
26.01	26.00	0.311625	15.107
26.01	26.00	0.311642	15.208
26.01	26.00	0.311659	15.308
26.01	25.99	0.311675	15.408
26.01	25.99	0.311692	15.508
26.01	25.99	0.311709	15.607
25.99	25.99	0.311725	15.708
25.99	25.99	0.311742	15.807
25.99	25.99	0.311759	15.908
25.99	25.98	0.311775	16.008
25.99	25.98	0.311792	16.108
25.99	25.98	0.311809	16.208
25.99	25.98	0.311825	16.308
25.99	25.98	0.311842	16.408
25.99	25.98	0.311859	16.507
25.99	25.97	0.311875	16.608
25.99	25.97	0.311892	16.707
25.99	25.97	0.311909	16.808
25.99	25.97	0.311925	16.908
25.96	25.97	0.311942	17.008
25.96	25.97	0.311959	17.108
25.96	25.96	0.311975	17.207
25.96	25.96	0.311992	17.308
25.96	25.96	0.312008	17.407
25.96	25.96	0.312025	17.508
25.96	25.96	0.312042	17.607
25.96	25.96	0.312058	17.708
25.96	25.95	0.312075	17.808
25.96	25.95	0.312092	17.908
25.96	25.95	0.312108	18.008
25.96	25.95	0.312125	18.107
25.96	25.95	0.312142	18.208
25.93	25.95	0.312158	18.307
25.93	25.94	0.312175	18.408
25.93	25.94	0.312192	18.508
25.93	25.94	0.312208	18.608
25.93	25.94	0.312225	18.708
25.93	25.94	0.312242	18.808
25.93	25.94	0.312258	18.908
25.93	25.94	0.312275	19.007
25.93	25.94	0.312292	19.107
25.93	25.93	0.312308	19.206
25.93	25.93	0.312325	19.331
25.93	25.93	0.312342	19.430
25.93	25.93	0.312358	19.535
25.93	25.93	0.312375	19.630
25.93	25.93	0.312392	19.729
25.93	25.93	0.312408	19.834
25.93	25.93	0.312425	19.928
25.93	25.93	0.312442	20.028
25.93	25.93	0.312458	20.132
25.93	25.93	0.312475	20.227
25.93	25.92	0.312492	20.328
25.93	25.92	0.312508	20.432
25.93	25.92	0.312525	20.526
25.93	25.92	0.312542	20.628
25.93	25.92	0.312558	20.730
25.93	25.92	0.312575	20.825
25.93	25.92	0.312592	20.928
25.93	25.92	0.312608	21.029
25.93	25.92	0.312625	21.124
25.93	25.92	0.312642	21.228
25.91	25.92	0.312658	21.328
25.91	25.92	0.312675	21.422
25.91	25.92	0.312692	21.527
25.91	25.92	0.312708	21.626
25.91	25.92	0.312725	21.721
25.91	25.92	0.312742	21.825
25.91	25.92	0.312758	21.925
25.91	25.92	0.312775	22.020
25.91	25.92	0.312792	22.124
25.91	25.92	0.312808	22.219
25.91	25.93	0.312825	22.318
25.91	25.93	0.312841	22.423
25.91	25.93	0.312858	22.517
25.91	25.93	0.312875	22.617
25.91	25.93	0.312891	22.722
25.91	25.93	0.312908	22.816
25.91	25.93	0.312925	22.916
25.91	25.93	0.312941	23.020
25.91	25.93	0.312958	23.115
25.91	25.93	0.312975	23.214
25.91	25.94	0.312991	23.319
25.91	25.94	0.313008	23.414
25.91	25.94	0.313025	23.513
25.91	25.94	0.313041	23.618
25.93	25.94	0.313058	23.712
25.93	25.94	0.313075	23.812
25.93	25.94	0.313091	23.916
25.93	25.95	0.313108	24.011
25.93	25.95	0.313125	24.110
25.93	25.95	0.313141	24.215
25.93	25.95	0.313158	24.310
25.93	25.95	0.313175	24.409
25.93	25.96	0.313191	24.514
25.96	25.96	0.313208	24.608
25.96	25.96	0.313225	24.710
25.96	25.96	0.313241	24.812
25.96	25.97	0.313258	24.908
25.96	25.97	0.313275	25.009
25.96	25.97	0.313291	25.110
25.96	25.97	0.313308	25.208
25.96	25.98	0.313325	25.309
25.99	25.98	0.313341	25.410
25.99	25.98	0.313358	25.507
25.99	25.98	0.313375	25.609
25.99	25.99	0.313391	25.708
25.99	25.99	0.313408	25.808
25.99	25.99	0.313425	25.908
25.99	25.99	0.313441	26.008
25.99	26.00	0.313458	26.108
25.99	26.00	0.313475	26.208
25.99	26.00	0.313491	26.308
25.99	26.01	0.313508	26.406
25.99	26.01	0.313525	26.508
26.01	26.01	0.313541	26.607
26.01	26.02	0.313558	26.708
26.01	26.02	0.313575	26.808
26.01	26.02	0.313591	26.908
26.01	26.03	0.313608	27.008
26.01	26.03	0.313625	27.107
26.01	26.03	0.313641	27.208
26.01	26.04	0.313658	27.307
26.01	26.04	0.313674	27.408
26.01	26.04	0.313691	27.508
26.04	26.05	0.313708	27.609
26.04	26.05	0.313724	27.709
26.04	26.05	0.313741	27.809
26.04	26.06	0.313758	27.909
26.04	26.06	0.313774	28.008
26.04	26.06	0.313791	28.109
26.06	26.07	0.313808	28.208
26.06	26.07	0.313824	28.309
26.06	26.07	0.313841	28.408
26.06	26.08	0.313858	28.509
26.06	26.08	0.313874	28.609
26.06	26.08	0.313891	28.709
26.09	26.09	0.313908	28.809
26.09	26.09	0.313924	28.908
26.09	26.09	0.313941	29.009
26.09	26.10	0.313958	29.108
26.09	26.10	0.313974	29.209
26.09	26.11	0.313991	29.310
26.09	26.11	0.314008	29.410
26.12	26.11	0.314024	29.537
26.12	26.12	0.314041	29.636
26.12	26.12	0.314058	29.741
26.12	26.12	0.314074	29.835
26.12	26.13	0.314091	29.935
26.12	26.13	0.314108	30.039
26.14	26.13	0.314124	30.134
26.14	26.14	0.314141	30.234
26.14	26.14	0.314158	30.338
26.14	26.14	0.314174	30.433
26.14	26.15	0.314191	30.532
26.14	26.15	0.314208	30.637
26.14	26.15	0.314224	30.731
26.14	26.15	0.314241	30.832
26.17	26.16	0.314258	30.935
26.17	26.16	0.314274	31.030
26.17	26.16	0.314291	31.132
26.17	26.17	0.314308	31.234
26.17	26.17	0.314324	31.328
26.17	26.17	0.314341	31.432
26.17	26.18	0.314358	31.532
26.19	26.18	0.314374	31.627
26.19	26.18	0.314391	31.732
26.19	26.18	0.314408	31.832
26.19	26.19	0.314424	31.926
26.19	26.19	0.314441	32.030
26.19	26.19	0.314458	32.130
26.19	26.19	0.314474	32.224
26.19	26.20	0.314491	32.329
26.19	26.20	0.314507	32.423
26.19	26.20	0.314524	32.523
26.22	26.20	0.314541	32.628
26.22	26.21	0.314557	32.722
26.22	26.21	0.314574	32.822
26.22	26.21	0.314591	32.926
26.22	26.21	0.314607	33.021
26.22	26.21	0.314624	33.120
26.22	26.22	0.314641	33.225
26.22	26.22	0.314657	33.319
26.22	26.22	0.314674	33.419
26.22	26.22	0.314691	33.523
26.22	26.22	0.314707	33.618
26.22	26.22	0.314724	33.717
26.22	26.22	0.314741	33.822
26.25	26.23	0.314757	33.916
26.25	26.23	0.314774	34.017
26.25	26.23	0.314791	34.121
26.25	26.23	0.314807	34.217
26.25	26.23	0.314824	34.317
26.25	26.23	0.314841	34.419
26.25	26.23	0.314857	34.517
26.25	26.23	0.314874	34.616
26.25	26.24	0.314891	34.718
26.25	26.24	0.314907	34.816
26.25	26.24	0.314924	34.917
26.25	26.24	0.314941	35.017
26.25	26.24	0.314957	35.117
26.25	26.24	0.314974	35.217
26.25	26.24	0.314991	35.317
26.25	26.24	0.315007	35.418
26.25	26.24	0.315024	35.517
26.25	26.24	0.315041	35.618
26.25	26.24	0.315057	35.718
26.25	26.24	0.315074	35.818
26.25	26.24	0.315091	35.918
26.25	26.24	0.315107	36.018
26.25	26.24	0.315124	36.118
26.25	26.24	0.315141	36.217
26.25	26.24	0.315157	36.318
26.25	26.24	0.315174	36.417
26.25	26.24	0.315191	36.518
26.25	26.24	0.315207	36.618
26.25	26.24	0.315224	36.718
26.22	26.24	0.315241	36.818
26.22	26.24	0.315257	36.917
26.22	26.24	0.315274	37.018
26.22	26.24	0.315291	37.117
26.22	26.24	0.315307	37.217
26.22	26.23	0.315324	37.318
26.22	26.23	0.315340	37.418
26.22	26.23	0.315357	37.518
26.22	26.23	0.315374	37.618
26.25	26.23	0.315390	37.717
26.25	26.23	0.315407	37.818
26.25	26.23	0.315424	37.917
26.25	26.23	0.315440	38.018
26.25	26.23	0.315457	38.118
26.25	26.23	0.315474	38.218
26.25	26.22	0.315490	38.318
26.25	26.22	0.315507	38.418
26.25	26.22	0.315524	38.518
26.25	26.22	0.315540	38.617
26.25	26.22	0.315557	38.718
26.25	26.22	0.315574	38.817
26.25	26.22	0.315590	38.918
26.22	26.21	0.315607	39.018
26.22	26.21	0.315624	39.118
26.22	26.21	0.315640	39.218
26.22	26.21	0.315657	39.317
26.22	26.21	0.315674	39.418
26.22	26.21	0.315690	39.517
26.22	26.20	0.315707	39.647
26.22	26.20	0.315724	39.741
26.22	26.20	0.315740	39.841
26.19	26.20	0.315757	39.945
26.19	26.20	0.315774	40.040
26.19	26.20	0.315790	40.140
26.19	26.19	0.315807	40.244
26.19	26.19	0.315824	40.339
26.19	26.19	0.315840	40.438
26.19	26.19	0.315857	40.543
26.19	26.19	0.315874	40.637
26.19	26.19	0.315890	40.737
26.19	26.18	0.315907	40.842
26.19	26.18	0.315924	40.936
26.19	26.18	0.315940	41.038
26.19	26.18	0.315957	41.140
26.17	26.18	0.315974	41.235
26.17	26.18	0.315990	41.337
26.17	26.17	0.316007	41.439
26.17	26.17	0.316024	41.534
26.17	26.17	0.316040	41.637
26.17	26.17	0.316057	41.738
26.17	26.17	0.316074	41.832
26.17	26.17	0.316090	41.937
26.17	26.16	0.316107	42.036
26.17	26.16	0.316124	42.131
26.17	26.16	0.316140	42.235
26.17	26.16	0.316157	42.335
26.17	26.16	0.316173	42.430
26.17	26.16	0.316190	42.534
26.17	26.16	0.316207	42.634
26.17	26.15	0.316223	42.728
26.17	26.15	0.316240	42.833
26.14	26.15	0.316257	42.927
26.14	26.15	0.316273	43.027
26.14	26.15	0.316290	43.131
26.14	26.15	0.316307	43.226
26.14	26.15	0.316323	43.326
26.14	26.15	0.316340	43.430
26.14	26.14	0.316357	43.525
26.14	26.14	0.316373	43.624
26.14	26.14	0.316390	43.729
26.14	26.14	0.316407	43.823
26.14	26.14	0.316423	43.923
26.14	26.14	0.316440	44.028
26.14	26.14	0.316457	44.122
26.14	26.14	0.316473	44.222
26.14	26.14	0.316490	44.326
26.14	26.14	0.316507	44.421
26.14	26.14	0.316523	44.520
26.14	26.14	0.316540	44.625
26.14	26.14	0.316557	44.719
26.14	26.14	0.316573	44.820
26.14	26.14	0.316590	44.924
26.14	26.14	0.316607	45.020
26.14	26.14	0.316623	45.120
26.14	26.14	0.316640	45.222
26.14	26.14	0.316657	45.320
26.12	26.14	0.316673	45.419
26.12	26.14	0.316690	45.521
26.12	26.14	0.316707	45.620
26.12	26.14	0.316723	45.720
26.12	26.14	0.316740	45.820
26.12	26.14	0.316757	45.919
26.12	26.14	0.316773	46.020
26.12	26.14	0.316790	46.119
26.12	26.14	0.316807	46.220
26.12	26.14	0.316823	46.320
26.12	26.14	0.316840	46.420
26.14	26.14	0.316857	46.520
26.14	26.14	0.316873	46.620
26.14	26.14	0.316890	46.720
26.14	26.14	0.316907	46.819
26.14	26.14	0.316923	46.920
26.14	26.14	0.316940	47.019
26.14	26.15	0.316957	47.120
26.14	26.15	0.316973	47.220
26.14	26.15	0.316990	47.320
26.14	26.15	0.317006	47.420
26.14	26.15	0.317023	47.519
26.14	26.15	0.317040	47.620
26.14	26.15	0.317056	47.719
26.14	26.16	0.317073	47.820
26.14	26.16	0.317090	47.920
26.14	26.16	0.317106	48.020
26.14	26.16	0.317123	48.120
26.14	26.16	0.317140	48.220
26.14	26.17	0.317156	48.321
26.14	26.17	0.317173	48.420
26.17	26.17	0.317190	48.521
26.17	26.17	0.317206	48.620
26.17	26.17	0.317223	48.721
26.17	26.18	0.317240	48.821
26.17	26.18	0.317256	48.921
26.17	26.18	0.317273	49.021
26.17	26.18	0.317290	49.121
26.17	26.19	0.317306	49.221
26.17	26.19	0.317323	49.321
26.19	26.19	0.317340	49.422
26.19	26.19	0.317356	49.521
26.19	26.20	0.317373	49.622
26.19	26.20	0.317390	49.722
26.19	26.20	0.317406	49.822
26.19	26.21	0.317423	49.922
26.19	26.21	0.317440	50.021
26.19	26.21	0.317456	50.151
26.19	26.21	0.317473	50.245
26.22	26.22	0.317490	50.345
26.22	26.22	0.317506	50.449
26.22	26.22	0.317523	50.544
26.22	26.23	0.317540	50.644
26.22	26.23	0.317556	50.748
26.22	26.23	0.317573	50.843
26.22	26.24	0.317590	50.942
26.22	26.24	0.317606	51.047
26.25	26.24	0.317623	51.141
26.25	26.25	0.317640	51.242
26.25	26.25	0.317656	51.345
26.25	26.25	0.317673	51.440
26.25	26.26	0.317690	51.542
26.25	26.26	0.317706	51.644
26.25	26.26	0.317723	51.738
26.25	26.27	0.317740	51.842
26.25	26.27	0.317756	51.942
26.25	26.27	0.317773	52.037
26.27	26.28	0.317790	52.141
26.27	26.28	0.317806	52.241
26.27	26.28	0.317823	52.336
26.27	26.29	0.317839	52.440
26.27	26.29	0.317856	52.540
26.27	26.29	0.317873	52.634
26.27	26.30	0.317889	52.739
26.27	26.30	0.317906	52.838
26.30	26.30	0.317923	52.933
26.30	26.31	0.317939	53.037
26.30	26.31	0.317956	53.132
26.30	26.32	0.317973	53.232
26.30	26.32	0.317989	53.336
26.30	26.32	0.318006	53.431
26.32	26.33	0.318023	53.530
26.32	26.33	0.318039	53.635
26.32	26.33	0.318056	53.729
26.32	26.34	0.318073	53.829
26.32	26.34	0.318089	53.934
26.32	26.34	0.318106	54.028
26.35	26.35	0.318123	54.128
26.35	26.35	0.318139	54.232
26.35	26.35	0.318156	54.327
26.35	26.36	0.318173	54.426
26.35	26.36	0.318189	54.531
26.35	26.36	0.318206	54.625
26.38	26.37	0.318223	54.726
26.38	26.37	0.318239	54.830
26.38	26.37	0.318256	54.925
26.38	26.37	0.318273	55.024
26.38	26.38	0.318289	55.128
26.38	26.38	0.318306	55.222
26.38	26.38	0.318323	55.324
26.38	26.39	0.318339	55.426
26.40	26.39	0.318356	55.523
26.40	26.39	0.318373	55.624
26.40	26.39	0.318389	55.725
26.40	26.40	0.318406	55.823
26.40	26.40	0.318423	55.923
26.40	26.40	0.318439	56.024
26.40	26.40	0.318456	56.122
26.40	26.41	0.318473	56.223
26.40	26.41	0.318489	56.323
26.43	26.41	0.318506	56.423
26.43	26.41	0.318523	56.523
26.43	26.42	0.318539	56.623
26.43	26.42	0.318556	56.723
26.43	26.42	0.318573	56.822
26.43	26.42	0.318589	56.923
26.43	26.42	0.318606	57.022
26.43	26.43	0.318623	57.123
26.43	26.43	0.318639	57.223
26.43	26.43	0.318656	57.323
26.43	26.43	0.318672	57.422
26.43	26.43	0.318689	57.522
26.43	26.44	0.318706	57.623
26.43	26.44	0.318722	57.722
26.43	26.44	0.318739	57.823
26.43	26.44	0.318756	57.923
26.43	26.44	0.318772	58.023
26.45	26.44	0.318789	58.123
26.45	26.44	0.318806	58.223
26.45	26.44	0.318822	58.323
26.45	26.45	0.318839	58.422
26.45	26.45	0.318856	58.523
26.45	26.45	0.318872	58.622
26.45	26.45	0.318889	58.724
26.45	26.45	0.318906	58.824
26.45	26.45	0.318922	58.924
26.45	26.45	0.318939	59.024
26.45	26.45	0.318956	59.123
26.45	26.45	0.318972	59.224
26.45	26.45	0.318989	59.323
26.45	26.45	0.319006	59.424
26.48	26.45	0.319022	59.524
26.48	26.45	0.319039	59.624
26.48	26.45	0.319056	59.724
26.48	26.45	0.319072	59.824
26.48	26.45	0.319089	59.924
26.48	26.45	0.319106	00.023
26.48	26.45	0.319122	00.124
26.48	26.45	0.319139	00.223
26.48	26.45	0.319156	00.324
26.48	26.45	0.319172	00.424
26.48	26.45	0.319189	00.524
26.48	26.45	0.319206	00.655
26.45	26.45	0.319222	00.724
26.45	26.45	0.319239	00.848
26.45	26.45	0.319256	00.952
26.45	26.45	0.319272	01.047
26.45	26.45	0.319289	01.146
26.45	26.45	0.319306	01.252
26.45	26.45	0.319322	01.346
26.45	26.45	0.319339	01.447
26.45	26.45	0.319356	01.550
26.45	26.44	0.319372	01.645
26.45	26.44	0.319389	01.747
26.45	26.44	0.319406	01.849
26.45	26.44	0.319422	01.944
26.45	26.44	0.319439	02.047
26.45	26.44	0.319456	02.148
26.45	26.44	0.319472	02.242
26.45	26.44	0.319489	02.346
26.45	26.44	0.319505	02.446
26.45	26.43	0.319522	02.540
26.45	26.43	0.319539	02.646
26.45	26.43	0.319555	02.745
26.45	26.43	0.319572	02.839
26.43	26.43	0.319589	02.944
26.43	26.43	0.319605	03.043
26.43	26.43	0.319622	03.138
26.43	26.42	0.319639	03.243
26.43	26.42	0.319655	03.337
26.43	26.42	0.319672	03.436
26.43	26.42	0.319689	03.542
26.43	26.42	0.319705	03.635
26.43	26.42	0.319722	03.735
26.43	26.41	0.319739	03.841
26.43	26.41	0.319755	03.934
26.43	26.41	0.319772	04.034
26.43	26.41	0.319789	04.138
26.43	26.41	0.319805	04.233
26.40	26.41	0.319822	04.332
26.40	26.40	0.319839	04.437
26.40	26.40	0.319855	04.532
26.40	26.40	0.319872	04.631
26.40	26.40	0.319889	04.736
26.40	26.40	0.319905	04.830
26.40	26.40	0.319922	04.930
26.40	26.39	0.319939	05.034
26.40	26.39	0.319955	05.129
26.40	26.39	0.319972	05.228
26.40	26.39	0.319989	05.333
26.40	26.39	0.320005	05.428
26.40	26.39	0.320022	05.528
26.40	26.38	0.320039	05.632
26.38	26.38	0.320055	05.726
26.38	26.38	0.320072	05.829
26.38	26.38	0.320089	05.930
26.38	26.38	0.320105	06.025
26.38	26.38	0.320122	06.129
26.38	26.37	0.320139	06.229
26.38	26.37	0.320155	06.325
26.38	26.37	0.320172	06.428
26.38	26.37	0.320189	06.528
26.38	26.37	0.320205	06.624
26.38	26.37	0.320222	06.727
26.38	26.37	0.320239	06.826
26.38	26.36	0.320255	06.925
26.38	26.36	0.320272	07.026
26.38	26.36	0.320289	07.125
26.35	26.36	0.320305	07.225
26.35	26.36	0.320322	07.324
26.35	26.36	0.320338	07.426
26.35	26.36	0.320355	07.525
26.35	26.36	0.320372	07.626
26.35	26.36	0.320388	07.726
26.35	26.36	0.320405	07.826
26.35	26.35	0.320422	07.926
26.35	26.35	0.320438	08.026
26.35	26.35	0.320455	08.126
26.35	26.35	0.320472	08.225
26.35	26.35	0.320488	08.326
26.35	26.35	0.320505	08.425
26.35	26.35	0.320522	08.526
26.35	26.35	0.320538	08.626
26.32	26.35	0.320555	08.726
26.32	26.35	0.320572	08.826
26.32	26.35	0.320588	08.926
26.32	26.35	0.320605	09.026
26.32	26.35	0.320622	09.125
26.32	26.35	0.320638	09.226
26.32	26.35	0.320655	09.325
26.32	26.35	0.320672	09.426
26.32	26.35	0.320688	09.526
26.35	26.35	0.320705	09.626
26.35	26.35	0.320722	09.726
26.35	26.35	0.320738	09.826
26.35	26.35	0.320755	09.926
26.35	26.35	0.320772	10.025
26.35	26.35	0.320788	10.126
26.35	26.35	0.320805	10.226
26.35	26.35	0.320822	10.326
26.35	26.35	0.320838	10.427
26.35	26.35	0.320855	10.526
26.35	26.35	0.320872	10.626
26.35	26.36	0.320888	10.726
26.35	26.36	0.320905	10.827
26.35	26.36	0.320922	10.926
26.35	26.36	0.320938	11.027
26.35	26.36	0.320955	11.127
26.35	26.36	0.320972	11.227
26.38	26.36	0.320988	11.352
26.38	26.36	0.321005	11.426
26.38	26.36	0.321022	11.551
26.38	26.37	0.321038	11.652
26.38	26.37	0.321055	11.755
26.38	26.37	0.321072	11.849
26.38	26.37	0.321088	11.952
26.38	26.37	0.321105	12.054
26.38	26.38	0.321122	12.148
26.38	26.38	0.321138	12.252
26.38	26.38	0.321155	12.352
26.35	26.38	0.321171	12.447
26.35	26.38	0.321188	12.551
26.35	26.39	0.321205	12.651
26.35	26.39	0.321221	12.745
26.35	26.39	0.321238	12.850
26.35	26.39	0.321255	12.950
26.35	26.39	0.321271	13.044
26.35	26.40	0.321288	13.149
26.38	26.40	0.321305	13.248
26.38	26.40	0.321321	13.343
26.38	26.40	0.321338	13.447
26.38	26.41	0.321355	13.542
26.38	26.41	0.321371	13.642
26.38	26.41	0.321388	13.746
26.40	26.42	0.321405	13.841
26.40	26.42	0.321421	13.940
26.40	26.42	0.321438	14.045
26.40	26.42	0.321455	14.139
26.40	26.43	0.321471	14.239
26.40	26.43	0.321488	14.343
26.43	26.43	0.321505	14.438
26.43	26.44	0.321521	14.538
26.43	26.44	0.321538	14.642
26.43	26.44	0.321555	14.737
26.45	26.45	0.321571	14.836
26.45	26.45	0.321588	14.941
26.45	26.45	0.321605	15.035
26.45	26.46	0.321621	15.135
26.45	26.46	0.321638	15.240
26.45	26.46	0.321655	15.334
26.45	26.47	0.321671	15.433
26.45	26.47	0.321688	15.538
26.48	26.47	0.321705	15.632
26.48	26.48	0.321721	15.733
26.48	26.48	0.321738	15.837
26.48	26.48	0.321755	15.931
26.48	26.49	0.321771	16.034
26.48	26.49	0.321788	16.135
26.50	26.49	0.321805	16.230
26.50	26.50	0.321821	16.333
26.50	26.50	0.321838	16.434
26.50	26.50	0.321855	16.529
26.50	26.51	0.321871	16.633
26.50	26.51	0.321888	16.733
26.50	26.51	0.321905	16.829
26.50	26.52	0.321921	16.932
26.50	26.52	0.321938	17.032
26.53	26.53	0.321955	17.128
26.53	26.53	0.321971	17.231
26.53	26.53	0.321988	17.330
26.53	26.54	0.322004	17.429
26.53	26.54	0.322021	17.530
26.53	26.54	0.322038	17.629
26.53	26.55	0.322054	17.729
26.53	26.55	0.322071	17.828
26.56	26.55	0.322088	17.930
26.56	26.56	0.322104	18.029
26.56	26.56	0.322121	18.130
26.56	26.56	0.322138	18.230
26.56	26.57	0.322154	18.330
26.56	26.57	0.322171	18.430
26.56	26.57	0.322188	18.530
26.56	26.58	0.322204	18.629
26.58	26.58	0.322221	18.730
26.58	26.58	0.322238	18.830
26.58	26.58	0.322254	18.930
26.58	26.59	0.322271	19.030
26.58	26.59	0.322288	19.130
26.58	26.59	0.322304	19.230
26.58	26.60	0.322321	19.329
26.58	26.60	0.322338	19.430
26.61	26.60	0.322354	19.529
26.61	26.60	0.322371	19.630
26.61	26.61	0.322388	19.730
26.61	26.61	0.322404	19.830
26.61	26.61	0.322421	19.930
26.61	26.62	0.322438	20.030
26.61	26.62	0.322454	20.131
26.61	26.62	0.322471	20.230
26.63	26.62	0.322488	20.331
26.63	26.63	0.322504	20.430
26.63	26.63	0.322521	20.531
26.63	26.63	0.322538	20.631
26.63	26.63	0.322554	20.731
26.63	26.63	0.322571	20.830
26.63	26.64	0.322588	20.931
26.63	26.64	0.322604	21.030
26.63	26.64	0.322621	21.131
26.66	26.64	0.322638	21.232
26.66	26.64	0.322654	21.331
26.66	26.65	0.322671	21.431
26.66	26.65	0.322688	21.531
26.66	26.65	0.322704	21.631
26.66	26.65	0.322721	21.730
26.66	26.65	0.322738	21.832
26.66	26.65	0.322754	21.930
26.66	26.65	0.322771	22.030
26.66	26.66	0.322788	22.131
26.66	26.66	0.322804	22.259
26.66	26.66	0.322821	22.353
26.68	26.66	0.322837	22.432
26.68	26.66	0.322854	22.557
26.68	26.66	0.322871	22.652
26.68	26.66	0.322887	22.731
26.68	26.66	0.322904	22.856
26.68	26.66	0.322921	22.950
26.68	26.66	0.322937	23.055
26.68	26.66	0.322954	23.155
26.68	26.66	0.322971	23.249
26.68	26.67	0.322987	23.354
26.68	26.67	0.323004	23.453
26.68	26.67	0.323021	23.548
26.68	26.67	0.323037	23.652
26.68	26.67	0.323054	23.747
26.68	26.67	0.323071	23.847
26.68	26.67	0.323087	23.951
26.68	26.67	0.323104	24.046
26.68	26.67	0.323121	24.145
26.68	26.67	0.323137	24.250
26.68	26.67	0.323154	24.345
26.68	26.67	0.323171	24.444
26.68	26.67	0.323187	24.549
26.68	26.67	0.323204	24.644
26.68	26.66	0.323221	24.743
26.68	26.66	0.323237	24.848
26.68	26.66	0.323254	24.942
26.68	26.66	0.323271	25.042
26.68	26.66	0.323287	25.146
26.66	26.66	0.323304	25.241
26.66	26.66	0.323321	25.340
26.66	26.66	0.323337	25.445
26.66	26.66	0.323354	25.540
26.66	26.66	0.323371	25.638
26.66	26.66	0.323387	25.744
26.66	26.66	0.323404	25.837
26.66	26.66	0.323421	25.938
26.66	26.65	0.323437	26.042
26.66	26.65	0.323454	26.137
26.66	26.65	0.323471	26.239
26.66	26.65	0.323487	26.341
26.66	26.65	0.323504	26.436
26.66	26.65	0.323521	26.538
26.66	26.65	0.323537	26.640
26.66	26.65	0.323554	26.734
26.66	26.64	0.323571	26.838
26.66	26.64	0.323587	26.938
26.66	26.64	0.323604	27.033
26.66	26.64	0.323621	27.138
26.63	26.64	0.323637	27.237
26.63	26.64	0.323654	27.333
26.63	26.63	0.323670	27.436
26.63	26.63	0.323687	27.535
26.63	26.63	0.323704	27.632
26.63	26.63	0.323720	27.734
26.63	26.63	0.323737	27.835
26.63	26.63	0.323754	27.933
26.63	26.62	0.323770	28.034
26.63	26.62	0.323787	28.134
26.63	26.62	0.323804	28.233
26.63	26.62	0.323820	28.332
26.63	26.62	0.323837	28.435
26.63	26.62	0.323854	28.532
26.63	26.61	0.323870	28.633
26.63	26.61	0.323887	28.735
26.63	26.61	0.323904	28.833
26.63	26.61	0.323920	28.933
26.61	26.61	0.323937	29.035
26.61	26.61	0.323954	29.132
26.61	26.60	0.323970	29.233
26.61	26.60	0.323987	29.335
26.61	26.60	0.324004	29.433
26.61	26.60	0.324020	29.533
26.61	26.60	0.324037	29.635
26.61	26.60	0.324054	29.733
26.61	26.59	0.324070	29.832
26.61	26.59	0.324087	29.935
26.61	26.59	0.324104	30.032
26.61	26.59	0.324120	30.133
26.58	26.59	0.324137	30.235
26.58	26.59	0.324154	30.333
26.58	26.58	0.324170	30.433
26.58	26.58	0.324187	30.535
26.58	26.58	0.324204	30.633
26.58	26.58	0.324220	30.732
26.58	26.58	0.324237	30.836
26.58	26.58	0.324254	30.932
26.58	26.58	0.324270	31.033
26.58	26.58	0.324287	31.136
26.58	26.57	0.324304	31.233
26.58	26.57	0.324320	31.333
26.56	26.57	0.324337	31.436
26.56	26.57	0.324354	31.533
26.56	26.57	0.324370	31.632
26.56	26.57	0.324387	31.736
26.56	26.57	0.324404	31.832
26.56	26.57	0.324420	31.933
26.56	26.57	0.324437	32.037
26.56	26.57	0.324454	32.133
26.56	26.57	0.324470	32.233
26.56	26.56	0.324487	32.336
26.56	26.56	0.324503	32.433
26.56	26.56	0.324520	32.532
26.56	26.56	0.324537	32.637
26.56	26.56	0.324553	32.762
26.56	26.56	0.324570	32.857
26.56	26.56	0.324587	32.937
26.56	26.56	0.324603	33.061
26.56	26.56	0.324620	33.156
26.56	26.56	0.324637	33.260
26.56	26.56	0.324653	33.360
26.56	26.56	0.324670	33.454
26.56	26.56	0.324687	33.559
26.56	26.56	0.324703	33.658
26.56	26.56	0.324720	33.753
26.56	26.56	0.324737	33.858
26.56	26.56	0.324753	33.957
26.56	26.56	0.324770	34.052
26.56	26.56	0.324787	34.156
26.56	26.56	0.324803	34.251
26.53	26.57	0.324820	34.350
26.53	26.57	0.324837	34.455
26.53	26.57	0.324853	34.550
26.53	26.57	0.324870	34.649
26.53	26.57	0.324887	34.754
26.53	26.57	0.324903	34.848
26.56	26.57	0.324920	34.948
26.56	26.57	0.324937	35.052
26.56	26.57	0.324953	35.147
26.56	26.57	0.324970	35.246
26.56	26.58	0.324987	35.351
26.56	26.58	0.325003	35.446
26.56	26.58	0.325020	35.545
26.56	26.58	0.325037	35.650
26.56	26.58	0.325053	35.744
26.58	26.58	0.325070	35.844
26.58	26.58	0.325087	35.948
26.58	26.59	0.325103	36.043
26.58	26.59	0.325120	36.142
26.58	26.59	0.325137	36.247
26.58	26.59	0.325153	36.342
26.58	26.59	0.325170	36.443
26.58	26.60	0.325187	36.546
26.58	26.60	0.325203	36.640
26.58	26.60	0.325220	36.743
26.61	26.60	0.325237	36.844
26.61	26.61	0.325253	36.939
26.61	26.61	0.325270	37.043
26.61	26.61	0.325287	37.143
26.61	26.61	0.325303	37.238
26.61	26.62	0.325320	37.342
26.61	26.62	0.325336	37.442
26.61	26.62	0.325353	37.536
26.61	26.62	0.325370	37.641
26.61	26.63	0.325386	37.740
26.61	26.63	0.325403	37.835
26.61	26.63	0.325420	37.940
26.63	26.63	0.325436	38.039
26.63	26.64	0.325453	38.135
26.63	26.64	0.325470	38.238
26.63	26.64	0.325486	38.339
26.63	26.65	0.325503	38.434
26.63	26.65	0.325520	38.537
26.63	26.65	0.325536	38.640
26.63	26.66	0.325553	38.735
26.63	26.66	0.325570	38.836
26.66	26.66	0.325586	38.939
26.66	26.67	0.325603	39.035
26.66	26.67	0.325620	39.134
26.66	26.67	0.325636	39.240
26.66	26.68	0.325653	39.334
26.66	26.68	0.325670	39.435
26.66	26.68	0.325686	39.535
26.68	26.69	0.325703	39.635
26.68	26.69	0.325720	39.735
26.68	26.69	0.325736	39.834
26.68	26.70	0.325753	39.935
26.68	26.70	0.325770	40.034
26.68	26.70	0.325786	40.135
26.71	26.71	0.325803	40.235
26.71	26.71	0.325820	40.335
26.71	26.71	0.325836	40.435
26.71	26.72	0.325853	40.535
26.71	26.72	0.325870	40.635
26.71	26.72	0.325886	40.734
26.74	26.73	0.325903	40.835
26.74	26.73	0.325920	40.934
26.74	26.73	0.325936	41.035
26.74	26.74	0.325953	41.135
26.74	26.74	0.325970	41.235
26.74	26.75	0.325986	41.335
26.74	26.75	0.326003	41.435
26.74	26.75	0.326020	41.534
26.74	26.76	0.326036	41.635
26.76	26.76	0.326053	41.734
26.76	26.76	0.326070	41.835
26.76	26.77	0.326086	41.935
26.76	26.77	0.326103	42.035
26.76	26.77	0.326120	42.135
26.76	26.78	0.326136	42.235
26.76	26.78	0.326153	42.335
26.76	26.78	0.326169	42.434
26.79	26.79	0.326186	42.535
26.79	26.79	0.326203	42.634
26.79	26.79	0.326219	42.735
26.79	26.79	0.326236	42.835
26.79	26.80	0.326253	42.935
26.79	26.80	0.326269	43.035
26.79	26.80	0.326286	43.134
26.81	26.81	0.326303	43.235
26.81	26.81	0.326319	43.334
26.81	26.81	0.326336	43.435
26.81	26.82	0.326353	43.535
26.81	26.82	0.326369	43.659
26.81	26.82	0.326386	43.764
26.81	26.82	0.326403	43.863
26.84	26.83	0.326419	43.958
26.84	26.83	0.326436	44.062
26.84	26.83	0.326453	44.162
26.84	26.83	0.326469	44.257
26.84	26.84	0.326486	44.362
26.84	26.84	0.326503	44.456
26.84	26.84	0.326519	44.556
26.84	26.84	0.326536	44.660
26.84	26.85	0.326553	44.755
26.86	26.85	0.326569	44.854
26.86	26.85	0.326586	44.959
26.86	26.85	0.326603	45.053
26.86	26.85	0.326619	45.153
26.86	26.86	0.326636	45.257
26.86	26.86	0.326653	45.352
26.86	26.86	0.326669	45.452
26.86	26.86	0.326686	45.556
26.86	26.86	0.326703	45.651
26.86	26.86	0.326719	45.750
26.86	26.86	0.326736	45.855
26.86	26.87	0.326753	45.949
26.89	26.87	0.326769	46.049
26.89	26.87	0.326786	46.154
26.89	26.87	0.326803	46.248
26.89	26.87	0.326819	46.348
26.89	26.87	0.326836	46.452
26.89	26.87	0.326853	46.547
26.89	26.87	0.326869	46.647
26.89	26.88	0.326886	46.751
26.89	26.88	0.326903	46.845
26.89	26.88	0.326919	46.948
26.89	26.88	0.326936	47.050
26.89	26.88	0.326953	47.144
26.89	26.88	0.326969	47.248
26.89	26.88	0.326986	47.348
26.89	26.88	0.327002	47.443
26.89	26.88	0.327019	47.547
26.89	26.88	0.327036	47.647
26.89	26.88	0.327052	47.742
26.89	26.88	0.327069	47.846
26.89	26.88	0.327086	47.946
26.89	26.88	0.327102	48.040
26.89	26.88	0.327119	48.145
26.89	26.88	0.327136	48.244
26.89	26.88	0.327152	48.339
26.89	26.88	0.327169	48.444
26.89	26.88	0.327186	48.538
26.89	26.88	0.327202	48.638
26.89	26.88	0.327219	48.742
26.89	26.88	0.327236	48.836
26.89	26.88	0.327252	48.935
26.89	26.88	0.327269	49.041
26.89	26.88	0.327286	49.136
26.89	26.88	0.327302	49.236
26.89	26.87	0.327319	49.339
26.89	26.87	0.327336	49.436
26.86	26.87	0.327352	49.535
26.86	26.87	0.327369	49.638
26.86	26.87	0.327386	49.736
26.86	26.87	0.327402	49.837
26.86	26.87	0.327419	49.937
26.86	26.87	0.327436	50.037
26.86	26.87	0.327452	50.137
26.86	26.87	0.327469	50.237
26.86	26.86	0.327486	50.336
26.86	26.86	0.327502	50.437
26.86	26.86	0.327519	50.536
26.86	26.86	0.327536	50.637
26.86	26.86	0.327552	50.738
26.86	26.86	0.327569	50.838
26.86	26.86	0.327586	50.938
26.89	26.85	0.327602	51.037
26.89	26.85	0.327619	51.138
26.89	26.85	0.327636	51.237
26.89	26.85	0.327652	51.339
26.89	26.85	0.327669	51.439
26.89	26.85	0.327686	51.539
26.86	26.84	0.327702	51.639
26.86	26.84	0.327719	51.739
26.86	26.84	0.327736	51.839
26.86	26.84	0.327752	51.938
26.86	26.84	0.327769	52.039
26.86	26.84	0.327786	52.138
26.86	26.83	0.327802	52.239
26.86	26.83	0.327819	52.339
26.84	26.83	0.327835	52.439
26.84	26.83	0.327852	52.539
26.84	26.83	0.327869	52.638
26.84	26.83	0.327885	52.739
26.84	26.82	0.327902	52.838
26.84	26.82	0.327919	52.939
26.84	26.82	0.327935	53.040
26.81	26.82	0.327952	53.140
26.81	26.82	0.327969	53.240
26.81	26.82	0.327985	53.340
26.81	26.81	0.328002	53.440
26.81	26.81	0.328019	53.539
26.81	26.81	0.328035	53.640
26.81	26.81	0.328052	53.739
26.81	26.81	0.328069	53.839
26.81	26.81	0.328085	53.939
26.81	26.80	0.328102	54.069
26.79	26.80	0.328119	54.164
26.79	26.80	0.328135	54.268
26.79	26.80	0.328152	54.367
26.79	26.80	0.328169	54.461
26.79	26.80	0.328185	54.566
26.79	26.80	0.328202	54.660
26.79	26.79	0.328219	54.760
26.79	26.79	0.328235	54.864
26.79	26.79	0.328252	54.959
26.79	26.79	0.328269	55.059
26.79	26.79	0.328285	55.163
26.79	26.79	0.328302	55.258
26.79	26.79	0.328319	55.357
26.79	26.79	0.328335	55.462
26.79	26.78	0.328352	55.556
26.79	26.78	0.328369	55.656
26.79	26.78	0.328385	55.761
26.79	26.78	0.328402	55.855
26.79	26.78	0.328419	55.955
26.79	26.78	0.328435	56.059
26.79	26.78	0.328452	56.154
26.79	26.78	0.328469	56.254
26.79	26.78	0.328485	56.358
26.76	26.78	0.328502	56.453
26.76	26.78	0.328519	56.552
26.76	26.78	0.328535	56.657
26.76	26.78	0.328552	56.751
26.76	26.78	0.328569	56.852
26.76	26.78	0.328585	56.955
26.76	26.78	0.328602	57.050
26.76	26.78	0.328619	57.152
26.76	26.78	0.328635	57.254
26.76	26.78	0.328652	57.349
26.76	26.78	0.328668	57.452
26.76	26.78	0.328685	57.553
26.76	26.78	0.328702	57.647
26.76	26.78	0.328718	57.752
26.76	26.78	0.328735	57.852
26.76	26.78	0.328752	57.947
26.79	26.78	0.328768	58.051
26.79	26.78	0.328785	58.151
26.79	26.78	0.328802	58.245
26.79	26.78	0.328818	58.350
26.79	26.78	0.328835	58.449
26.79	26.78	0.328852	58.544
26.79	26.78	0.328868	58.648
26.79	26.78	0.328885	58.743
26.79	26.78	0.328902	58.843
26.79	26.78	0.328918	58.947
26.79	26.78	0.328935	59.042
26.79	26.79	0.328952	59.141
26.79	26.79	0.328968	59.246
26.79	26.79	0.328985	59.341
26.79	26.79	0.329002	59.442
26.79	26.79	0.329018	59.544
26.79	26.79	0.329035	59.642
26.79	26.79	0.329052	59.742
26.79	26.80	0.329068	59.842
26.79	26.80	0.329085	59.942
26.79	26.80	0.329102	00.041
26.79	26.80	0.329118	00.142
26.79	26.80	0.329135	00.241
26.79	26.81	0.329152	00.342
26.79	26.81	0.329168	00.442
26.79	26.81	0.329185	00.542
26.79	26.81	0.329202	00.642
26.79	26.81	0.329218	00.741
26.79	26.82	0.329235	00.842
26.79	26.82	0.329252	00.941
26.79	26.82	0.329268	01.042
26.79	26.82	0.329285	01.142
26.79	26.83	0.329302	01.242
26.79	26.83	0.329318	01.342
26.79	26.83	0.329335	01.442
26.79	26.83	0.329352	01.542
26.81	26.84	0.329368	01.641
26.81	26.84	0.329385	01.742
26.81	26.84	0.329402	01.841
26.81	26.85	0.329418	01.942
26.81	26.85	0.329435	02.042
26.81	26.85	0.329452	02.142
26.84	26.85	0.329468	02.242
26.84	26.86	0.329485	02.341
26.84	26.86	0.329501	02.442
26.84	26.86	0.329518	02.541
26.86	26.87	0.329535	02.642
26.86	26.87	0.329551	02.742
26.86	26.87	0.329568	02.842
26.86	26.88	0.329585	02.942
26.86	26.88	0.329601	03.042
26.89	26.88	0.329618	03.142
26.89	26.89	0.329635	03.241
26.89	26.89	0.329651	03.342
26.89	26.89	0.329668	03.441
26.89	26.90	0.329685	03.542
26.89	26.90	0.329701	03.642
26.92	26.90	0.329718	03.742
26.92	26.91	0.329735	03.842
26.92	26.91	0.329751	03.942
26.92	26.91	0.329768	04.042
26.92	26.92	0.329785	04.141
26.92	26.92	0.329801	04.242
26.92	26.92	0.329818	04.341
26.92	26.93	0.329835	04.442
26.94	26.93	0.329851	04.542
26.94	26.93	0.329868	04.642
26.94	26.94	0.329885	04.742
26.94	26.94	0.329901	04.841
26.94	26.94	0.329918	04.966
26.94	26.95	0.329935	05.070
26.94	26.95	0.329951	05.165
26.94	26.96	0.329968	05.264
26.94	26.96	0.329985	05.369
26.94	26.96	0.330001	05.464
26.94	26.97	0.330018	05.563
26.94	26.97	0.330035	05.667
26.97	26.97	0.330051	05.762
26.97	26.98	0.330068	05.862
26.97	26.98	0.330085	05.966
26.97	26.98	0.330101	06.061
26.97	26.99	0.330118	06.160
26.97	26.99	0.330135	06.265
26.97	26.99	0.330151	06.360
26.99	27.00	0.330168	06.459
26.99	27.00	0.330185	06.564
26.99	27.00	0.330201	06.658
26.99	27.01	0.330218	06.758
26.99	27.01	0.330235	06.861
26.99	27.01	0.330251	06.956
27.02	27.01	0.330268	07.057
27.02	27.02	0.330285	07.160
27.02	27.02	0.330301	07.255
27.02	27.02	0.330318	07.357
27.02	27.03	0.330334	07.459
27.02	27.03	0.330351	07.554
27.04	27.03	0.330368	07.657
27.04	27.03	0.330384	07.758
27.04	27.04	0.330401	07.853
27.04	27.04	0.330418	07.957
27.04	27.04	0.330434	08.057
27.04	27.04	0.330451	08.151
27.04	27.05	0.330468	08.256
27.04	27.05	0.330484	08.355
27.07	27.05	0.330501	08.450
27.07	27.05	0.330518	08.555
27.07	27.06	0.330534	08.654
27.07	27.06	0.330551	08.749
27.07	27.06	0.330568	08.853
27.07	27.06	0.330584	08.948
27.07	27.06	0.330601	09.047
27.07	27.07	0.330618	09.152
27.07	27.07	0.330634	09.246
27.09	27.07	0.330651	09.346
27.09	27.07	0.330668	09.450
27.09	27.07	0.330684	09.545
27.09	27.08	0.330701	09.644
27.09	27.08	0.330718	09.749
27.09	27.08	0.330734	09.843
27.09	27.08	0.330751	09.944
27.09	27.08	0.330768	10.047
27.09	27.08	0.330784	10.144
27.09	27.08	0.330801	10.244
27.09	27.08	0.330818	10.346
27.09	27.09	0.330834	10.444
27.09	27.09	0.330851	10.543
27.09	27.09	0.330868	10.645
27.09	27.09	0.330884	10.743
27.09	27.09	0.330901	10.844
27.09	27.09	0.330918	10.944
27.09	27.09	0.330934	11.044
27.09	27.09	0.330951	11.144
27.09	27.09	0.330968	11.244
27.09	27.09	0.330984	11.344
27.09	27.09	0.331001	11.443
27.09	27.09	0.331018	11.544
27.09	27.09	0.331034	11.644
27.12	27.09	0.331051	11.744
27.12	27.09	0.331068	11.844
27.12	27.09	0.331084	11.943
27.12	27.09	0.331101	12.044
27.12	27.09	0.331118	12.143
27.12	27.09	0.331134	12.244
27.12	27.09	0.331151	12.344
27.12	27.09	0.331167	12.444
27.12	27.09	0.331184	12.544
27.09	27.09	0.331201	12.644
27.09	27.09	0.331217	12.744
27.09	27.09	0.331234	12.843
27.09	27.09	0.331251	12.944
27.09	27.09	0.331267	13.043
27.09	27.09	0.331284	13.144
27.09	27.09	0.331301	13.244
27.09	27.09	0.331317	13.344
27.09	27.09	0.331334	13.444
27.09	27.09	0.331351	13.543
27.09	27.08	0.331367	13.644
27.09	27.08	0.331384	13.743
27.09	27.08	0.331401	13.844
27.09	27.08	0.331417	13.945
27.09	27.08	0.331434	14.045
27.09	27.08	0.331451	14.145
27.09	27.08	0.331467	14.245
27.09	27.08	0.331484	14.344
27.09	27.08	0.331501	14.445
27.09	27.07	0.331517	14.544
27.09	27.07	0.331534	14.645
27.09	27.07	0.331551	14.745
27.09	27.07	0.331567	14.845
27.09	27.07	0.331584	14.945
27.09	27.07	0.331601	15.045
27.07	27.07	0.331617	15.145
27.07	27.06	0.331634	15.244
27.07	27.06	0.331651	15.345
27.07	27.06	0.331667	15.444
27.07	27.06	0.331684	15.574
27.07	27.06	0.331701	15.668
27.07	27.06	0.331717	15.768
27.07	27.05	0.331734	15.873
27.07	27.05	0.331751	15.967
27.07	27.05	0.331767	16.067
27.07	27.05	0.331784	16.171
27.07	27.05	0.331801	16.266
27.04	27.05	0.331817	16.365
27.04	27.04	0.331834	16.470
27.04	27.04	0.331851	16.564
27.04	27.04	0.331867	16.664
27.04	27.04	0.331884	16.769
27.04	27.04	0.331901	16.863
27.04	27.04	0.331917	16.963
27.04	27.03	0.331934	17.067
27.04	27.03	0.331951	17.162
27.04	27.03	0.331967	17.261
27.04	27.03	0.331984	17.366
27.04	27.03	0.332000	17.461
27.04	27.03	0.332017	17.562
27.04	27.02	0.332034	17.665
27.02	27.02	0.332050	17.758
27.02	27.02	0.332067	17.862
27.02	27.02	0.332084	17.963
27.02	27.02	0.332100	18.058
27.02	27.02	0.332117	18.162
27.02	27.01	0.332134	18.262
27.02	27.01	0.332150	18.357
27.02	27.01	0.332167	18.461
27.02	27.01	0.332184	18.561
27.02	27.01	0.332200	18.655
27.02	27.01	0.332217	18.760
27.02	27.01	0.332234	18.859
26.99	27.00	0.332250	18.953
26.99	27.00	0.332267	19.059
26.99	27.00	0.332284	19.152
26.99	27.00	0.332300	19.252
26.99	27.00	0.332317	19.356
26.99	27.00	0.332334	19.451
26.99	27.00	0.332350	19.550
26.99	27.00	0.332367	19.655
26.99	27.00	0.332384	19.750
26.99	27.00	0.332400	19.849
26.99	26.99	0.332417	19.955
26.99	26.99	0.332434	20.048
26.99	26.99	0.332450	20.148
26.99	26.99	0.332467	20.253
26.99	26.99	0.332484	20.347
26.99	26.99	0.332500	20.446
26.99	26.99	0.332517	20.551
26.99	26.99	0.332534	20.646
26.99	26.99	0.332550	20.745
26.99	26.99	0.332567	20.850
26.99	26.99	0.332584	20.944
26.99	26.99	0.332600	21.045
26.99	26.99	0.332617	21.148
26.99	26.99	0.332634	21.245
26.99	26.99	0.332650	21.345
26.99	26.99	0.332667	21.447
26.99	26.99	0.332684	21.545
26.99	26.99	0.332700	21.645
26.99	26.99	0.332717	21.746
26.99	26.99	0.332734	21.844
26.97	26.99	0.332750	21.945
26.97	26.99	0.332767	22.044
26.97	26.99	0.332784	22.145
26.97	26.99	0.332800	22.245
26.97	26.99	0.332817	22.345
26.97	26.99	0.332833	22.445
26.97	26.99	0.332850	22.544
26.97	26.99	0.332867	22.645
26.97	27.00	0.332883	22.744
26.97	27.00	0.332900	22.845
26.99	27.00	0.332917	22.945
26.99	27.00	0.332933	23.045
26.99	27.00	0.332950	23.145
26.99	27.00	0.332967	23.245
26.99	27.00	0.332983	23.345
26.99	27.00	0.333000	23.445
26.99	27.00	0.333017	23.544
26.99	27.01	0.333033	23.645
26.99	27.01	0.333050	23.744
26.99	27.01	0.333067	23.845
26.99	27.01	0.333083	23.945
26.99	27.01	0.333100	24.045
27.02	27.02	0.333117	24.145
27.02	27.02	0.333133	24.245
27.02	27.02	0.333150	24.345
27.02	27.02	0.333167	24.444
27.02	27.02	0.333183	24.545
27.02	27.03	0.333200	24.644
27.02	27.03	0.333217	24.745
27.02	27.03	0.333233	24.845
27.02	27.03	0.333250	24.945
27.02	27.03	0.333267	25.045
27.02	27.04	0.333283	25.145
27.02	27.04	0.333300	25.245
27.02	27.04	0.333317	25.344
27.04	27.04	0.333333	25.445
27.04	27.05	0.333350	25.544
27.04	27.05	0.333367	25.645
27.04	27.05	0.333383	25.745
27.04	27.06	0.333400	25.845
27.04	27.06	0.333417	25.945
27.04	27.06	0.333433	26.044
27.04	27.06	0.333450	26.145
27.04	27.07	0.333467	26.244
27.04	27.07	0.333483	26.345
27.07	27.07	0.333500	26.444
27.07	27.08	0.333517	26.545
27.07	27.08	0.333533	26.645
27.07	27.08	0.333550	26.769
27.07	27.09	0.333567	26.844
27.07	27.09	0.333583	26.973
27.09	27.09	0.333600	27.068
27.09	27.10	0.333617	27.167
27.09	27.10	0.333633	27.272
27.09	27.10	0.333650	27.366
27.09	27.11	0.333666	27.466
27.09	27.11	0.333683	27.571
27.09	27.11	0.333700	27.665
27.12	27.12	0.333716	27.767
27.12	27.12	0.333733	27.869
27.12	27.12	0.333750	27.964
27.12	27.13	0.333766	28.066
27.12	27.13	0.333783	28.168
27.12	27.13	0.333800	28.263
27.15	27.14	0.333816	28.367
27.15	27.14	0.333833	28.467
27.15	27.14	0.333850	28.561
27.15	27.15	0.333866	28.666
27.15	27.15	0.333883	28.765
27.15	27.15	0.333900	28.860
27.15	27.16	0.333916	28.964
27.15	27.16	0.333933	29.064
27.17	27.17	0.333950	29.159
27.17	27.17	0.333966	29.263
27.17	27.17	0.333983	29.363
27.17	27.18	0.334000	29.457
27.17	27.18	0.334016	29.562
27.17	27.18	0.334033	29.656
27.17	27.19	0.334050	29.756
27.17	27.19	0.334066	29.860
27.17	27.19	0.334083	29.955
27.17	27.20	0.334100	30.055
27.20	27.20	0.334116	30.159
27.20	27.20	0.334133	30.254
27.20	27.21	0.334150	30.353
27.20	27.21	0.334166	30.458
27.20	27.21	0.334183	30.552
27.20	27.22	0.334200	30.652
27.20	27.22	0.334216	30.757
27.22	27.22	0.334233	30.851
27.22	27.22	0.334250	30.951
27.22	27.23	0.334266	31.055
27.22	27.23	0.334283	31.150
27.22	27.23	0.334300	31.249
27.22	27.24	0.334316	31.354
27.22	27.24	0.334333	31.448
27.25	27.24	0.334350	31.548
27.25	27.24	0.334366	31.653
27.25	27.25	0.334383	31.747
27.25	27.25	0.334400	31.848
27.25	27.25	0.334416	31.951
27.25	27.26	0.334433	32.048
27.25	27.26	0.334450	32.148
27.25	27.26	0.334466	32.249
27.27	27.26	0.334483	32.349
27.27	27.27	0.334499	32.449
27.27	27.27	0.334516	32.549
27.27	27.27	0.334533	32.648
27.27	27.27	0.334549	32.749
27.27	27.27	0.334566	32.848
27.27	27.28	0.334583	32.949
27.27	27.28	0.334599	33.048
27.27	27.28	0.334616	33.149
27.30	27.28	0.334633	33.249
27.30	27.28	0.334649	33.349
27.30	27.29	0.334666	33.449
27.30	27.29	0.334683	33.548
27.30	27.29	0.334699	33.649
27.30	27.29	0.334716	33.748
27.30	27.29	0.334733	33.849
27.30	27.29	0.334749	33.949
27.30	27.29	0.334766	34.049
27.30	27.30	0.334783	34.149
27.30	27.30	0.334799	34.249
27.30	27.30	0.334816	34.349
27.30	27.30	0.334833	34.448
27.30	27.30	0.334849	34.549
27.33	27.30	0.334866	34.648
27.33	27.30	0.334883	34.749
27.33	27.30	0.334899	34.849
27.33	27.30	0.334916	34.949
27.33	27.30	0.334933	35.049
27.33	27.30	0.334949	35.148
27.33	27.30	0.334966	35.249
27.33	27.31	0.334983	35.348
27.33	27.31	0.334999	35.449
27.33	27.31	0.335016	35.548
27.33	27.31	0.335033	35.649
27.33	27.31	0.335049	35.749
27.33	27.31	0.335066	35.849
27.30	27.31	0.335083	35.949
27.30	27.31	0.335099	36.048
27.30	27.31	0.335116	36.149
27.30	27.31	0.335133	36.248
27.30	27.31	0.335149	36.349
27.30	27.31	0.335166	36.450
27.30	27.31	0.335183	36.550
27.30	27.31	0.335199	36.650
27.30	27.30	0.335216	36.750
27.30	27.30	0.335233	36.850
27.30	27.30	0.335249	36.949
27.30	27.30	0.335266	37.074
27.30	27.30	0.335283	37.178
27.30	27.30	0.335299	37.273
27.30	27.30	0.335316	37.372
27.30	27.30	0.335332	37.477
27.30	27.30	0.335349	37.572
27.33	27.30	0.335366	37.671
27.33	27.30	0.335382	37.776
27.33	27.30	0.335399	37.870
27.33	27.30	0.335416	37.971
27.33	27.29	0.335432	38.074
27.33	27.29	0.335449	38.169
27.33	27.29	0.335466	38.272
27.33	27.29	0.335482	38.373
27.30	27.29	0.335499	38.468
27.30	27.29	0.335516	38.571
27.30	27.29	0.335532	38.672
27.30	27.29	0.335549	38.766
27.30	27.28	0.335566	38.871
27.30	27.28	0.335582	38.970
27.30	27.28	0.335599	39.065
27.30	27.28	0.335616	39.170
27.27	27.28	0.335632	39.269
27.27	27.28	0.335649	39.364
27.27	27.27	0.335666	39.468
27.27	27.27	0.335682	39.568
27.27	27.27	0.335699	39.662
27.27	27.27	0.335716	39.767
27.27	27.27	0.335732	39.862
27.27	27.27	0.335749	39.961
27.27	27.26	0.335766	40.066
27.27	27.26	0.335782	40.160
27.27	27.26	0.335799	40.260
27.27	27.26	0.335816	40.364
27.27	27.26	0.335832	40.459
27.27	27.26	0.335849	40.558
27.25	27.25	0.335866	40.663
27.25	27.25	0.335882	40.758
27.25	27.25	0.335899	40.857
27.25	27.25	0.335916	40.962
27.25	27.25	0.335932	41.056
27.25	27.25	0.335949	41.156
27.25	27.24	0.335966	41.260
27.25	27.24	0.335982	41.355
27.25	27.24	0.335999	41.455
27.25	27.24	0.336016	41.559
27.25	27.24	0.336032	41.654
27.25	27.24	0.336049	41.753
27.25	27.23	0.336066	41.858
27.25	27.23	0.336082	41.952
27.22	27.23	0.336099	42.053
27.22	27.23	0.336116	42.156
27.22	27.23	0.336132	42.251
27.22	27.23	0.336149	42.353
27.22	27.22	0.336165	42.455
27.22	27.22	0.336182	42.551
27.22	27.22	0.336199	42.653
27.22	27.22	0.336215	42.753
27.22	27.22	0.336232	42.851
27.22	27.22	0.336249	42.952
27.22	27.22	0.336265	43.052
27.22	27.22	0.336282	43.151
27.22	27.21	0.336299	43.251
27.22	27.21	0.336315	43.351
27.22	27.21	0.336332	43.450
27.22	27.21	0.336349	43.551
27.22	27.21	0.336365	43.650
27.22	27.21	0.336382	43.751
27.20	27.21	0.336399	43.851
27.20	27.21	0.336415	43.951
27.20	27.21	0.336432	44.051
27.20	27.21	0.336449	44.151
27.20	27.21	0.336465	44.251
27.20	27.20	0.336482	44.350
27.20	27.20	0.336499	44.451
27.20	27.20	0.336515	44.550
27.20	27.20	0.336532	44.651
27.20	27.20	0.336549	44.751
27.20	27.20	0.336565	44.851
27.20	27.20	0.336582	44.951
27.20	27.20	0.336599	45.050
27.20	27.20	0.336615	45.151
27.20	27.20	0.336632	45.250
27.20	27.20	0.336649	45.351
27.20	27.20	0.336665	45.451
27.20	27.20	0.336682	45.551
27.20	27.20	0.336699	45.651
27.20	27.20	0.336715	45.751
27.20	27.20	0.336732	45.851
27.20	27.20	0.336749	45.950
27.20	27.20	0.336765	46.051
27.20	27.20	0.336782	46.151
27.20	27.20	0.336799	46.251
27.20	27.21	0.336815	46.351
27.17	27.21	0.336832	46.451
27.17	27.21	0.336849	46.551
27.17	27.21	0.336865	46.650
27.17	27.21	0.336882	46.751
27.17	27.21	0.336899	46.850
27.17	27.21	0.336915	46.951
27.17	27.21	0.336932	47.051
27.20	27.21	0.336949	47.151
27.20	27.21	0.336965	47.251
27.20	27.22	0.336982	47.351
27.20	27.22	0.336998	47.451
27.20	27.22	0.337015	47.551
27.20	27.22	0.337032	47.651
27.20	27.22	0.337048	47.750
27.22	27.22	0.337065	47.851
27.22	27.22	0.337082	47.951
27.22	27.23	0.337098	48.075
27.22	27.23	0.337115	48.151
27.22	27.23	0.337132	48.279
27.22	27.23	0.337148	48.374
27.22	27.23	0.337165	48.451
27.22	27.24	0.337182	48.578
27.25	27.24	0.337198	48.672
27.25	27.24	0.337215	48.751
27.25	27.24	0.337232	48.876
27.25	27.25	0.337248	48.971
27.25	27.25	0.337265	49.076
27.25	27.25	0.337282	49.175
27.25	27.25	0.337298	49.270
27.25	27.26	0.337315	49.374
27.25	27.26	0.337332	49.474
27.25	27.26	0.337348	49.568
27.25	27.26	0.337365	49.673
27.25	27.27	0.337382	49.773
27.25	27.27	0.337398	49.867
27.25	27.27	0.337415	49.972
27.25	27.27	0.337432	50.066
27.25	27.28	0.337448	50.165
27.25	27.28	0.337465	50.271
27.27	27.28	0.337482	50.365
27.27	27.29	0.337498	50.465
27.27	27.29	0.337515	50.569
27.27	27.29	0.337532	50.663
27.27	27.30	0.337548	50.764
27.27	27.30	0.337565	50.867
27.27	27.30	0.337582	50.962
27.30	27.31	0.337598	51.062
27.30	27.31	0.337615	51.166
27.30	27.31	0.337632	51.261
27.30	27.32	0.337648	51.361
27.30	27.32	0.337665	51.465
27.30	27.32	0.337682	51.559
27.33	27.33	0.337698	51.659
27.33	27.33	0.337715	51.763
27.33	27.33	0.337732	51.858
27.33	27.34	0.337748	51.957
27.33	27.34	0.337765	52.062
27.33	27.34	0.337782	52.157
27.35	27.35	0.337798	52.257
27.35	27.35	0.337815	52.361
27.35	27.35	0.337831	52.455
27.35	27.36	0.337848	52.558
27.35	27.36	0.337865	52.659
27.35	27.36	0.337881	52.754
27.35	27.37	0.337898	52.858
27.35	27.37	0.337915	52.958
27.38	27.37	0.337931	53.053
27.38	27.38	0.337948	53.157
27.38	27.38	0.337965	53.257
27.38	27.39	0.337981	53.351
27.38	27.39	0.337998	53.456
27.38	27.39	0.338015	53.555
27.38	27.40	0.338031	53.652
27.38	27.40	0.338048	53.755
27.40	27.40	0.338065	53.854
27.40	27.41	0.338081	53.952
27.40	27.41	0.338098	54.053
27.40	27.41	0.338115	54.154
27.40	27.42	0.338131	54.251
27.40	27.42	0.338148	54.352
27.43	27.42	0.338165	54.454
27.43	27.43	0.338181	54.552
27.43	27.43	0.338198	54.652
27.43	27.43	0.338215	54.754
27.43	27.43	0.338231	54.852
27.43	27.44	0.338248	54.951
27.43	27.44	0.338265	55.054
27.45	27.44	0.338281	55.151
27.45	27.45	0.338298	55.252
27.45	27.45	0.338315	55.355
27.45	27.45	0.338331	55.452
27.45	27.46	0.338348	55.552
27.45	27.46	0.338365	55.654
27.45	27.46	0.338381	55.752
27.45	27.46	0.338398	55.851
27.45	27.47	0.338415	55.955
27.48	27.47	0.338431	56.051
27.48	27.47	0.338448	56.152
27.48	27.47	0.338465	56.255
27.48	27.48	0.338481	56.352
27.48	27.48	0.338498	56.451
27.48	27.48	0.338515	56.555
27.48	27.48	0.338531	56.651
27.48	27.49	0.338548	56.752
27.50	27.49	0.338565	56.855
27.50	27.49	0.338581	56.952
27.50	27.49	0.338598	57.052
27.50	27.49	0.338615	57.155
27.50	27.50	0.338631	57.250
27.50	27.50	0.338648	57.351
27.50	27.50	0.338664	57.455
27.50	27.50	0.338681	57.551
27.50	27.50	0.338698	57.650
27.50	27.50	0.338714	57.755
27.50	27.50	0.338731	57.851
27.53	27.51	0.338748	57.951
27.53	27.51	0.338764	58.055
27.53	27.51	0.338781	58.151
27.53	27.51	0.338798	58.251
27.53	27.51	0.338814	58.356
27.53	27.51	0.338831	58.451
27.53	27.51	0.338848	58.552
27.53	27.51	0.338864	58.656
27.53	27.52	0.338881	58.752
27.53	27.52	0.338898	58.852
27.53	27.52	0.338914	58.956
27.53	27.52	0.338931	59.052
27.53	27.52	0.338948	59.151
27.53	27.52	0.338964	59.256
27.53	27.52	0.338981	59.380
27.53	27.52	0.338998	59.475
27.53	27.52	0.339014	59.580
27.53	27.52	0.339031	59.679
27.53	27.52	0.339048	59.774
27.53	27.52	0.339064	59.878
27.53	27.52	0.339081	59.978
27.53	27.52	0.339098	00.072
27.53	27.52	0.339114	00.177
27.53	27.52	0.339131	00.272
27.53	27.52	0.339148	00.371
27.53	27.52	0.339164	00.476
27.53	27.52	0.339181	00.570
27.53	27.52	0.339198	00.670
27.53	27.52	0.339214	00.774
27.53	27.52	0.339231	00.869
27.53	27.52	0.339248	00.968
27.53	27.52	0.339264	01.073
27.53	27.52	0.339281	01.168
27.50	27.52	0.339298	01.267
27.50	27.51	0.339314	01.372
27.50	27.51	0.339331	01.466
27.50	27.51	0.339348	01.566
27.50	27.51	0.339364	01.670
27.50	27.51	0.339381	01.765
27.50	27.51	0.339398	01.865
27.50	27.51	0.339414	01.969
27.50	27.51	0.339431	02.064
27.53	27.51	0.339448	02.163
27.53	27.51	0.339464	02.268
27.53	27.50	0.339481	02.362
27.53	27.50	0.339497	02.462
27.53	27.50	0.339514	02.566
27.53	27.50	0.339531	02.661
27.53	27.50	0.339547	02.763
27.53	27.50	0.339564	02.865
27.53	27.50	0.339581	02.960
27.50	27.49	0.339597	03.062
27.50	27.49	0.339614	03.164
27.50	27.49	0.339631	03.258
27.50	27.49	0.339647	03.363
27.50	27.49	0.339664	03.463
27.50	27.49	0.339681	03.557
27.50	27.48	0.339697	03.662
27.50	27.48	0.339714	03.761
27.50	27.48	0.339731	03.856
27.50	27.48	0.339747	03.960
27.50	27.48	0.339764	04.060
27.48	27.48	0.339781	04.153
27.48	27.47	0.339797	04.259
27.48	27.47	0.339814	04.359
27.48	27.47	0.339831	04.454
27.48	27.47	0.339847	04.558
27.48	27.47	0.339864	04.653
27.48	27.47	0.339881	04.754
27.48	27.46	0.339897	04.856
27.48	27.46	0.339914	04.959
27.45	27.46	0.339931	05.055
27.45	27.46	0.339947	05.155
27.45	27.46	0.339964	05.259
27.45	27.46	0.339981	05.355
27.45	27.45	0.339997	05.454
27.45	27.45	0.340014	05.559
27.45	27.45	0.340031	05.654
27.45	27.45	0.340047	05.755
27.45	27.45	0.340064	05.859
27.45	27.45	0.340081	05.955
27.45	27.44	0.340097	06.055
27.45	27.44	0.340114	06.159
27.45	27.44	0.340131	06.255
27.45	27.44	0.340147	06.354
27.43	27.44	0.340164	06.459
27.43	27.44	0.340181	06.554
27.43	27.44	0.340197	06.655
27.43	27.43	0.340214	06.755
27.43	27.43	0.340231	06.855
27.43	27.43	0.340247	06.955
27.43	27.43	0.340264	07.059
27.43	27.43	0.340281	07.155
27.43	27.43	0.340297	07.254
27.43	27.43	0.340314	07.360
27.43	27.43	0.340330	07.454
27.43	27.42	0.340347	07.555
27.43	27.42	0.340364	07.655
27.43	27.42	0.340380	07.755
27.43	27.42	0.340397	07.855
27.43	27.42	0.340414	07.954
27.43	27.42	0.340430	08.055
27.43	27.42	0.340447	08.154
27.43	27.42	0.340464	08.255
27.43	27.42	0.340480	08.356
27.40	27.42	0.340497	08.456
27.40	27.42	0.340514	08.561
27.40	27.42	0.340530	08.656
27.40	27.42	0.340547	08.756
27.40	27.42	0.340564	08.855
27.40	27.42	0.340580	08.956
27.40	27.42	0.340597	09.055
27.40	27.42	0.340614	09.160
27.40	27.42	0.340630	09.256
27.40	27.42	0.340647	09.381
27.40	27.42	0.340664	09.461
27.40	27.42	0.340680	09.585
27.40	27.42	0.340697	09.680
27.40	27.42	0.340714	09.784
27.43	27.42	0.340730	09.884
27.43	27.42	0.340747	09.978
27.43	27.42	0.340764	10.083
27.43	27.42	0.340780	10.183
27.43	27.42	0.340797	10.277
27.43	27.42	0.340814	10.382
27.43	27.42	0.340830	10.481
27.43	27.42	0.340847	10.576
27.43	27.42	0.340864	10.680
27.43	27.42	0.340880	10.775
27.43	27.42	0.340897	10.874
27.43	27.42	0.340914	10.979
27.43	27.42	0.340930	11.074
27.43	27.43	0.340947	11.173
27.43	27.43	0.340964	11.278
27.43	27.43	0.340980	11.372
27.43	27.43	0.340997	11.472
27.43	27.43	0.341014	11.576
27.43	27.43	0.341030	11.671
27.43	27.43	0.341047	11.771
27.43	27.44	0.341064	11.875
27.43	27.44	0.341080	11.970
27.40	27.44	0.341097	12.069
27.40	27.44	0.341114	12.174
27.40	27.44	0.341130	12.268
27.40	27.45	0.341147	12.368
27.40	27.45	0.341163	12.472
27.43	27.45	0.341180	12.567
27.43	27.45	0.341197	12.667
27.43	27.45	0.341213	12.771
27.43	27.46	0.341230	12.866
27.43	27.46	0.341247	12.967
27.43	27.46	0.341263	13.070
27.43	27.46	0.341280	13.164
27.45	27.47	0.341297	13.267
27.45	27.47	0.341313	13.369
27.45	27.47	0.341330	13.463
27.45	27.47	0.341347	13.567
27.45	27.48	0.341363	13.667
27.45	27.48	0.341380	13.762
27.48	27.48	0.341397	13.866
27.48	27.49	0.341413	13.966
27.48	27.49	0.341430	14.060
27.48	27.49	0.341447	14.165
27.48	27.49	0.341463	14.265
27.48	27.50	0.341480	14.359
27.50	27.50	0.341497	14.464
27.50	27.50	0.341513	14.563
27.50	27.51	0.341530	14.659
27.50	27.51	0.341547	14.762
27.50	27.51	0.341563	14.863
27.50	27.52	0.341580	14.959
27.50	27.52	0.341597	15.061
27.53	27.52	0.341613	15.164
27.53	27.53	0.341630	15.259
27.53	27.53	0.341647	15.360
27.53	27.53	0.341663	15.458
27.53	27.54	0.341680	15.559
27.53	27.54	0.341697	15.658
27.53	27.54	0.341713	15.764
27.53	27.55	0.341730	15.859
27.53	27.55	0.341747	15.959
27.56	27.55	0.341763	16.059
27.56	27.56	0.341780	16.158
27.56	27.56	0.341797	16.259
27.56	27.56	0.341813	16.358
27.56	27.57	0.341830	16.459
27.56	27.57	0.341847	16.558
27.56	27.57	0.341863	16.659
27.56	27.58	0.341880	16.759
27.56	27.58	0.341897	16.859
27.58	27.58	0.341913	16.959
27.58	27.59	0.341930	17.058
27.58	27.59	0.341947	17.159
27.58	27.60	0.341963	17.258
27.58	27.60	0.341980	17.359
27.58	27.60	0.341996	17.459
27.58	27.61	0.342013	17.559
27.61	27.61	0.342030	17.659
27.61	27.61	0.342046	17.759
27.61	27.62	0.342063	17.859
27.61	27.62	0.342080	17.958
27.61	27.62	0.342096	18.059
27.61	27.63	0.342113	18.158
27.63	27.63	0.342130	18.259
27.63	27.63	0.342146	18.360
27.63	27.64	0.342163	18.460
27.63	27.64	0.342180	18.560
27.63	27.64	0.342196	18.660
27.63	27.65	0.342213	18.759
27.63	27.65	0.342230	18.860
27.66	27.65	0.342246	18.959
27.66	27.65	0.342263	19.060
27.66	27.66	0.342280	19.160
27.66	27.66	0.342296	19.260
27.66	27.66	0.342313	19.360
27.66	27.67	0.342330	19.459
27.66	27.67	0.342346	19.560
27.68	27.67	0.342363	19.659
27.68	27.67	0.342380	19.760
27.68	27.68	0.342396	19.860
27.68	27.68	0.342413	19.989
27.68	27.68	0.342430	20.088
27.68	27.68	0.342446	20.183
27.68	27.69	0.342463	20.288
27.68	27.69	0.342480	20.387
27.68	27.69	0.342496	20.482
27.71	27.69	0.342513	20.586
27.71	27.70	0.342530	20.686
27.71	27.70	0.342546	20.780
27.71	27.70	0.342563	20.885
27.71	27.70	0.342580	20.980
27.71	27.70	0.342596	21.079
27.71	27.71	0.342613	21.184
27.71	27.71	0.342630	21.278
27.71	27.71	0.342646	21.378
27.71	27.71	0.342663	21.482
27.71	27.71	0.342680	21.577
27.71	27.72	0.342696	21.677
27.71	27.72	0.342713	21.781
27.74	27.72	0.342730	21.876
27.74	27.72	0.342746	21.975
27.74	27.72	0.342763	22.080
27.74	27.72	0.342780	22.174
27.74	27.72	0.342796	22.274
27.74	27.72	0.342813	22.378
27.74	27.73	0.342829	22.473
27.74	27.73	0.342846	22.573
27.74	27.73	0.342863	22.677
27.74	27.73	0.342879	22.772
27.74	27.73	0.342896	22.871
27.74	27.73	0.342913	22.976
27.74	27.73	0.342929	23.070
27.74	27.73	0.342946	23.172
27.74	27.73	0.342963	23.275
27.74	27.73	0.342979	23.370
27.74	27.73	0.342996	23.471
27.74	27.73	0.343013	23.574
27.74	27.73	0.343029	23.668
27.74	27.73	0.343046	23.772
27.74	27.73	0.343063	23.872
27.74	27.73	0.343079	23.967
27.74	27.73	0.343096	24.072
27.74	27.73	0.343113	24.171
27.74	27.73	0.343129	24.265
27.74	27.73	0.343146	24.370
27.74	27.73	0.343163	24.470
27.74	27.73	0.343179	24.564
27.74	27.73	0.343196	24.669
27.74	27.73	0.343213	24.768
27.74	27.73	0.343229	24.863
27.74	27.73	0.343246	24.968
27.71	27.73	0.343263	25.062
27.71	27.73	0.343279	25.162
27.71	27.73	0.343296	25.266
27.71	27.73	0.343313	25.361
27.71	27.73	0.343329	25.459
27.71	27.73	0.343346	25.565
27.71	27.72	0.343363	25.660
27.71	27.72	0.343379	25.760
27.74	27.72	0.343396	25.864
27.74	27.72	0.343413	25.959
27.74	27.72	0.343429	26.060
27.74	27.72	0.343446	26.162
27.74	27.72	0.343463	26.260
27.74	27.72	0.343479	26.360
27.74	27.72	0.343496	26.461
27.74	27.71	0.343513	26.560
27.74	27.71	0.343529	26.660
27.74	27.71	0.343546	26.760
27.74	27.71	0.343563	26.859
27.74	27.71	0.343579	26.960
27.74	27.71	0.343596	27.059
27.74	27.71	0.343613	27.160
27.71	27.70	0.343629	27.260
27.71	27.70	0.343646	27.360
27.71	27.70	0.343662	27.460
27.71	27.70	0.343679	27.560
27.71	27.70	0.343696	27.660
27.71	27.70	0.343712	27.759
27.71	27.69	0.343729	27.860
27.71	27.69	0.343746	27.959
27.71	27.69	0.343762	28.060
27.71	27.69	0.343779	28.160
27.68	27.69	0.343796	28.260
27.68	27.69	0.343812	28.360
27.68	27.68	0.343829	28.459
27.68	27.68	0.343846	28.560
27.68	27.68	0.343862	28.660
27.68	27.68	0.343879	28.760
27.68	27.68	0.343896	28.860
27.68	27.68	0.343912	28.960
27.68	27.67	0.343929	29.059
27.68	27.67	0.343946	29.160
27.68	27.67	0.343962	29.260
27.68	27.67	0.343979	29.361
27.68	27.67	0.343996	29.461
27.68	27.67	0.344012	29.561
27.68	27.66	0.344029	29.661
27.66	27.66	0.344046	29.760
27.66	27.66	0.344062	29.861
27.66	27.66	0.344079	29.960
27.66	27.66	0.344096	30.061
27.66	27.66	0.344112	30.161
27.66	27.65	0.344129	30.261
27.66	27.65	0.344146	30.361
27.66	27.65	0.344162	30.460
27.66	27.65	0.344179	30.561
27.66	27.65	0.344196	30.660
27.66	27.65	0.344212	30.761
27.66	27.65	0.344229	30.862
27.66	27.64	0.344246	30.986
27.66	27.64	0.344262	31.091
27.63	27.64	0.344279	31.185
27.63	27.64	0.344296	31.285
27.63	27.64	0.344312	31.389
27.63	27.64	0.344329	31.484
27.63	27.64	0.344346	31.583
27.63	27.64	0.344362	31.688
27.63	27.64	0.344379	31.782
27.63	27.64	0.344396	31.882
27.63	27.63	0.344412	31.987
27.63	27.63	0.344429	32.081
27.63	27.63	0.344446	32.181
27.63	27.63	0.344462	32.285
27.63	27.63	0.344479	32.380
27.63	27.63	0.344495	32.479
27.63	27.63	0.344512	32.584
27.63	27.63	0.344529	32.679
27.63	27.63	0.344545	32.778
27.63	27.63	0.344562	32.883
27.61	27.63	0.344579	32.977
27.61	27.63	0.344595	33.077
27.61	27.63	0.344612	33.181
27.61	27.63	0.344629	33.276
27.61	27.63	0.344645	33.376
27.61	27.63	0.344662	33.480
27.61	27.63	0.344679	33.575
27.61	27.63	0.344695	33.676
27.61	27.63	0.344712	33.779
27.61	27.63	0.344729	33.873
27.63	27.63	0.344745	33.977
27.63	27.63	0.344762	34.077
27.63	27.63	0.344779	34.172
27.63	27.63	0.344795	34.277
27.63	27.63	0.344812	34.376
27.63	27.63	0.344829	34.471
27.63	27.63	0.344845	34.575
27.63	27.63	0.344862	34.675
27.63	27.64	0.344879	34.769
27.63	27.64	0.344895	34.874
27.63	27.64	0.344912	34.973
27.63	27.64	0.344929	35.068
27.63	27.64	0.344945	35.172
27.63	27.64	0.344962	35.267
27.63	27.64	0.344979	35.366
27.63	27.64	0.344995	35.471
27.63	27.64	0.345012	35.565
27.63	27.65	0.345029	35.664
27.63	27.65	0.345045	35.770
27.63	27.65	0.345062	35.864
27.63	27.65	0.345079	35.963
27.63	27.65	0.345095	36.068
27.63	27.66	0.345112	36.162
27.63	27.66	0.345129	36.262
27.63	27.66	0.345145	36.366
27.63	27.66	0.345162	36.462
27.66	27.66	0.345179	36.561
27.66	27.67	0.345195	36.665
27.66	27.67	0.345212	36.762
27.66	27.67	0.345229	36.862
27.66	27.67	0.345245	36.964
27.66	27.67	0.345262	37.061
27.66	27.68	0.345279	37.162
27.66	27.68	0.345295	37.262
27.66	27.68	0.345312	37.362
27.68	27.68	0.345328	37.461
27.68	27.69	0.345345	37.562
27.68	27.69	0.345362	37.662
27.68	27.69	0.345378	37.762
27.68	27.70	0.345395	37.863
27.68	27.70	0.345412	37.962
27.68	27.70	0.345428	38.063
27.68	27.70	0.345445	38.162
27.68	27.71	0.345462	38.263
27.68	27.71	0.345478	38.363
27.71	27.71	0.345495	38.463
27.71	27.72	0.345512	38.563
27.71	27.72	0.345528	38.662
27.71	27.72	0.345545	38.763
27.71	27.73	0.345562	38.862
27.71	27.73	0.345578	38.963
27.71	27.73	0.345595	39.063
27.74	27.74	0.345612	39.163
27.74	27.74	0.345628	39.263
27.74	27.74	0.345645	39.363
27.74	27.75	0.345662	39.463
27.74	27.75	0.345678	39.562
27.74	27.75	0.345695	39.663
27.74	27.76	0.345712	39.762
27.76	27.76	0.345728	39.863
27.76	27.76	0.345745	39.963
27.76	27.77	0.345762	40.063
27.76	27.77	0.345778	40.163
27.76	27.77	0.345795	40.263
27.76	27.78	0.345812	40.363
27.76	27.78	0.345828	40.462
27.79	27.78	0.345845	40.563
27.79	27.79	0.345862	40.662
27.79	27.79	0.345878	40.763
27.79	27.79	0.345895	40.863
27.79	27.80	0.345912	40.963
27.79	27.80	0.345928	41.063
27.79	27.81	0.345945	41.162
27.81	27.81	0.345962	41.263
27.81	27.81	0.345978	41.362
27.81	27.82	0.345995	41.463
27.81	27.82	0.346012	41.562
27.81	27.82	0.346028	41.663
27.81	27.83	0.346045	41.763
27.81	27.83	0.346062	41.863
27.84	27.83	0.346078	41.988
27.84	27.84	0.346095	42.087
27.84	27.84	0.346112	42.192
27.84	27.84	0.346128	42.286
27.84	27.85	0.346145	42.386
27.84	27.85	0.346161	42.489
27.84	27.85	0.346178	42.585
27.86	27.86	0.346195	42.685
27.86	27.86	0.346211	42.788
27.86	27.86	0.346228	42.883
27.86	27.86	0.346245	42.983
27.86	27.87	0.346261	43.088
27.86	27.87	0.346278	43.181
27.86	27.87	0.346295	43.281
27.86	27.88	0.346311	43.385
27.86	27.88	0.346328	43.480
27.89	27.88	0.346345	43.581
27.89	27.88	0.346361	43.685
27.89	27.89	0.346378	43.779
27.89	27.89	0.346395	43.881
27.89	27.89	0.346411	43.983
27.89	27.90	0.346428	44.078
27.89	27.90	0.346445	44.181
27.89	27.90	0.346461	44.282
27.92	27.90	0.346478	44.376
27.92	27.91	0.346495	44.481
27.92	27.91	0.346511	44.581
27.92	27.91	0.346528	44.675
27.92	27.91	0.346545	44.780
27.92	27.91	0.346561	44.879
27.92	27.92	0.346578	44.974
27.92	27.92	0.346595	45.078
27.92	27.92	0.346611	45.178
27.92	27.92	0.346628	45.273
27.94	27.92	0.346645	45.377
27.94	27.93	0.346661	45.472
27.94	27.93	0.346678	45.571
27.94	27.93	0.346695	45.676
27.94	27.93	0.346711	45.770
27.94	27.93	0.346728	45.870
27.94	27.93	0.346745	45.974
27.94	27.93	0.346761	46.069
27.94	27.94	0.346778	46.169
27.94	27.94	0.346795	46.273
27.94	27.94	0.346811	46.368
27.94	27.94	0.346828	46.467
27.94	27.94	0.346845	46.572
27.94	27.94	0.346861	46.666
27.94	27.94	0.346878	46.765
27.94	27.94	0.346895	46.870
27.94	27.94	0.346911	46.965
27.94	27.94	0.346928	47.065
27.97	27.94	0.346945	47.170
27.97	27.94	0.346961	47.264
27.97	27.95	0.346978	47.365
27.97	27.95	0.346994	47.468
27.97	27.95	0.347011	47.566
27.97	27.95	0.347028	47.666
27.97	27.95	0.347044	47.766
27.97	27.95	0.347061	47.866
27.97	27.95	0.347078	47.966
27.97	27.95	0.347094	48.066
27.97	27.95	0.347111	48.165
27.97	27.95	0.347128	48.266
27.97	27.95	0.347144	48.365
27.94	27.95	0.347161	48.466
27.94	27.95	0.347178	48.566
27.94	27.95	0.347194	48.666
27.94	27.94	0.347211	48.767
27.94	27.94	0.347228	48.866
27.94	27.94	0.347244	48.967
27.94	27.94	0.347261	49.066
27.94	27.94	0.347278	49.167
27.94	27.94	0.347294	49.267
27.94	27.94	0.347311	49.367
27.94	27.94	0.347328	49.467
27.94	27.94	0.347344	49.566
27.94	27.94	0.347361	49.667
27.94	27.94	0.347378	49.766
27.94	27.94	0.347394	49.867
27.94	27.94	0.347411	49.966
27.94	27.93	0.347428	50.067
27.94	27.93	0.347444	50.167
27.94	27.93	0.347461	50.267
27.94	27.93	0.347478	50.367
27.94	27.93	0.347494	50.466
27.94	27.93	0.347511	50.567
27.94	27.93	0.347528	50.666
27.94	27.93	0.347544	50.767
27.94	27.92	0.347561	50.867
27.94	27.92	0.347578	50.967
27.94	27.92	0.347594	51.067
27.94	27.92	0.347611	51.167
27.94	27.92	0.347628	51.267
27.94	27.92	0.347644	51.366
27.94	27.91	0.347661	51.467
27.94	27.91	0.347678	51.566
27.94	27.91	0.347694	51.667
27.94	27.91	0.347711	51.767
27.94	27.91	0.347728	51.867
27.94	27.91	0.347744	51.967
27.92	27.90	0.347761	52.067
27.92	27.90	0.347778	52.167
27.92	27.90	0.347794	52.266
27.92	27.90	0.347811	52.397
27.92	27.90	0.347827	52.490
27.92	27.90	0.347844	52.591
27.92	27.89	0.347861	52.695
27.89	27.89	0.347877	52.789
27.89	27.89	0.347894	52.889
27.89	27.89	0.347911	52.993
27.89	27.89	0.347927	53.088
27.89	27.89	0.347944	53.187
27.89	27.88	0.347961	53.293
27.89	27.88	0.347977	53.387
27.86	27.88	0.347994	53.486
27.86	27.88	0.348011	53.591
27.86	27.88	0.348027	53.685
27.86	27.88	0.348044	53.786
27.86	27.87	0.348061	53.889
27.86	27.87	0.348077	53.984
27.86	27.87	0.348094	54.085
27.86	27.87	0.348111	54.188
27.86	27.87	0.348127	54.283
27.86	27.87	0.348144	54.386
27.86	27.86	0.348161	54.487
27.86	27.86	0.348177	54.581
27.86	27.86	0.348194	54.686
27.86	27.86	0.348211	54.785
27.86	27.86	0.348227	54.880
27.86	27.86	0.348244	54.984
27.86	27.86	0.348261	55.084
27.86	27.86	0.348277	55.179
27.86	27.85	0.348294	55.283
27.86	27.85	0.348311	55.383
27.86	27.85	0.348327	55.477
27.86	27.85	0.348344	55.582
27.86	27.85	0.348361	55.681
27.86	27.85	0.348377	55.776
27.86	27.85	0.348394	55.880
27.86	27.85	0.348411	55.975
27.86	27.85	0.348427	56.075
27.86	27.85	0.348444	56.179
27.84	27.85	0.348461	56.274
27.84	27.84	0.348477	56.373
27.84	27.84	0.348494	56.478
27.84	27.84	0.348511	56.572
27.84	27.84	0.348527	56.672
27.84	27.84	0.348544	56.777
27.84	27.84	0.348561	56.872
27.84	27.84	0.348577	56.971
27.84	27.84	0.348594	57.076
27.84	27.84	0.348611	57.170
27.84	27.84	0.348627	57.270
27.84	27.84	0.348644	57.374
27.84	27.84	0.348660	57.469
27.84	27.84	0.348677	57.569
27.84	27.84	0.348694	57.673
27.84	27.84	0.348710	57.768
27.84	27.84	0.348727	57.867
27.84	27.84	0.348744	57.972
27.81	27.84	0.348760	58.066
27.81	27.84	0.348777	58.167
27.81	27.84	0.348794	58.270
27.81	27.85	0.348810	58.368
27.81	27.85	0.348827	58.468
27.81	27.85	0.348844	58.569
27.81	27.85	0.348860	58.668
27.84	27.85	0.348877	58.767
27.84	27.85	0.348894	58.868
27.84	27.85	0.348910	58.967
27.84	27.85	0.348927	59.068
27.84	27.85	0.348944	59.168
27.84	27.85	0.348960	59.270
27.84	27.86	0.348977	59.370
27.84	27.86	0.348994	59.469
27.84	27.86	0.349010	59.570
27.84	27.86	0.349027	59.669
27.84	27.86	0.349044	59.770
27.86	27.86	0.349060	59.869
27.86	27.86	0.349077	59.970
27.86	27.87	0.349094	00.070
27.86	27.87	0.349110	00.170
27.86	27.87	0.349127	00.271
27.86	27.87	0.349144	00.370
27.86	27.87	0.349160	00.471
27.86	27.88	0.349177	00.570
27.86	27.88	0.349194	00.671
27.86	27.88	0.349210	00.771
27.86	27.88	0.349227	00.871
27.86	27.89	0.349244	00.971
27.86	27.89	0.349260	01.071
27.89	27.89	0.349277	01.171
27.89	27.89	0.349294	01.271
27.89	27.90	0.349310	01.372
27.89	27.90	0.349327	01.471
27.89	27.90	0.349344	01.572
27.89	27.90	0.349360	01.672
27.89	27.91	0.349377	01.772
27.89	27.91	0.349394	01.872
27.89	27.91	0.349410	01.972
27.92	27.91	0.349427	02.071
27.92	27.92	0.349444	02.172
27.92	27.92	0.349460	02.271
27.92	27.92	0.349477	02.372
27.92	27.93	0.349493	02.472
27.92	27.93	0.349510	02.572
27.92	27.93	0.349527	02.696
27.92	27.94	0.349543	02.796
27.92	27.94	0.349560	02.900
27.94	27.94	0.349577	02.995
27.94	27.95	0.349593	03.094
27.94	27.95	0.349610	03.199
27.94	27.95	0.349627	03.293
27.94	27.96	0.349643	03.393
27.94	27.96	0.349660	03.498
27.94	27.96	0.349677	03.592
27.94	27.97	0.349693	03.691
27.94	27.97	0.349710	03.796
27.97	27.97	0.349727	03.890
27.97	27.98	0.349743	03.990
27.97	27.98	0.349760	04.094
27.97	27.98	0.349777	04.189
27.97	27.99	0.349793	04.290
27.97	27.99	0.349810	04.394
27.99	27.99	0.349827	04.488
27.99	28.00	0.349843	04.591
27.99	28.00	0.349860	04.692
