Time_ms,Temp_C,Rep_1
0.545,21.08252681,0.205720013
0.69,21.08218429,0.205773729
0.696,21.08163792,0.205881009
0.701,21.08120068,0.20604038
0.712,21.08066089,0.206250623
0.717,21.08025169,0.206509436
0.723,21.07988346,0.2068147
0.728,21.07933055,0.207163112
0.754,21.07873933,0.207551608
0.797,21.0780457,0.207975951
0.822,21.07723339,0.208432026
0.846,21.07607668,0.208916153
0.889,21.07457358,0.209422672
0.913,21.07324386,0.209945794
0.954,21.072032,0.210480994
1.636,21.08000251,0.211021477
1.642,21.08051518,0.21156164
1.647,21.08104274,0.212095798
1.673,21.08142895,0.212617682
1.699,21.08198424,0.213120579
1.742,21.08245382,0.213598082
1.769,21.08278946,0.214043786
1.814,21.08324552,0.214451518
1.966,21.08676096,0.214814665
1.991,21.08769964,0.215126773
2.035,21.08896263,0.215382041
2.754,21.08776119,0.215574729
2.762,21.0871325,0.215699035
2.769,21.08687712,0.21575015
2.793,21.08719283,0.215722894
2.834,21.08736672,0.215613273
2.858,21.08600341,0.21541543
2.899,21.08742561,0.215126226
2.924,21.08784147,0.21474243
2.968,21.08509568,0.214259949
2.993,21.08498345,0.213675945
3.037,21.08480862,0.212988702
3.066,21.08465544,0.21219691
3.092,21.08469099,0.211298569
3.117,21.08464043,0.210293146
3.162,21.08479318,0.209181041
3.86,21.07349968,0.207962055
3.866,21.07247711,0.206637038
3.872,21.07181043,0.205208474
3.896,21.07134694,0.203677069
3.921,21.07072417,0.202044662
3.965,21.07021558,0.200313988
4.009,21.06976306,0.198488222
4.036,21.06359434,0.196571074
4.061,21.06871632,0.19456633
4.103,21.06013158,0.192475246
4.13,21.06816855,0.190309318
4.157,21.06801604,0.188066417
4.2,21.06817186,0.185759002
4.224,21.06846981,0.183388552
4.265,21.06899433,0.180961584
5.149,21.0860645,0.178484231
5.16,21.08705818,0.175962007
5.17,21.08804398,0.173401044
5.178,21.08931413,0.170808241
5.184,21.09066817,0.168190548
5.191,21.09213064,0.16555477
5.198,21.09382547,0.162907246
5.205,21.09553106,0.160255125
5.211,21.09711983,0.157605343
5.217,21.09872618,0.154964856
5.24,21.10035886,0.152339507
5.286,21.10175762,0.149734705
5.316,21.10275076,0.14715937
5.344,21.10395284,0.14462174
5.371,21.10508595,0.142123037
6.141,21.11538691,0.139672386
6.147,21.11560301,0.137278713
6.155,21.11560301,0.134944636
6.162,21.11583858,0.132675612
6.185,21.1159286,0.130477918
6.21,21.11604933,0.128356862
6.254,21.11622136,0.126316818
6.28,21.11614835,0.124363232
6.305,21.11631069,0.122501007
6.347,21.1165249,0.120733755
6.373,21.11681829,0.119065474
6.4,21.11712378,0.117501078
7.255,21.13417127,0.11604457
7.263,21.13502488,0.114698728
7.273,21.1358997,0.11346677
7.298,21.13684714,0.112351838
7.322,21.13764268,0.111356496
7.366,21.13859472,0.110483429
7.39,21.13947725,0.109734353
7.433,21.14046555,0.10911171
7.46,21.14133228,0.108616858
7.487,21.14218636,0.108251317
7.53,21.14308406,0.108016387
7.556,21.14375995,0.10791251
7.582,21.14446195,0.107940774
7.626,21.14497499,0.108101361
7.652,21.14554547,0.108393808
8.411,21.15303784,0.108817719
8.419,21.15262761,0.10937309
8.426,21.15262761,0.110058721
8.433,21.15234349,0.110873227
8.456,21.15198775,0.111815617
8.479,21.15167622,0.112883797
8.504,21.15128927,0.114076512
8.579,21.15094386,0.115390549
8.584,21.150595,0.116822678
8.607,21.15019841,0.118370577
8.648,21.14987365,0.120031291
8.674,21.14942106,0.12180061
8.698,21.14887096,0.123674446
8.742,21.14829334,0.125648939
8.767,21.14766477,0.127719841
9.418,21.14923126,0.129882221
9.428,21.14955706,0.132130738
9.436,21.14986967,0.134460501
9.463,21.15024442,0.136865255
9.489,21.15049984,0.139339155
9.534,21.15093067,0.141875487
9.563,21.15129989,0.144467957
9.587,21.15169817,0.14711019
9.631,21.15211124,0.149795327
9.657,21.1521243,0.15251571
9.681,21.15244445,0.155263434
9.722,21.15245742,0.158031948
9.747,21.152519,0.160813285
9.789,21.15246389,0.163599427
9.814,21.15265535,0.166382499
10.558,21.15396731,0.16915521
10.567,21.15387666,0.171908357
10.574,21.15387666,0.174631649
10.58,21.15382849,0.177319982
10.586,21.15396452,0.17996747
10.629,21.15388339,0.182560897
10.656,21.15390558,0.185095365
10.701,21.15386509,0.187564691
10.727,21.15376065,0.189959525
10.754,21.1538643,0.192271569
10.799,21.15395267,0.194493637
10.826,21.15418629,0.196619498
10.851,21.15416354,0.198642374
10.894,21.15427272,0.200554691
10.92,21.15428883,0.202350903
11.543,21.14145651,0.204026225
11.549,21.13996235,0.205574708
11.556,21.13865381,0.206991139
11.58,21.13724984,0.208270031
11.621,21.13612282,0.20940856
11.664,21.13484657,0.210403286
11.691,21.13393006,0.211247614
11.718,21.13290015,0.211946603
11.763,21.13182191,0.212490802
11.79,21.13100209,0.212885983
11.835,21.13007405,0.213126315
11.843,21.12932928,0.213212159
11.888,21.1285205,0.213144106
11.915,21.12776765,0.212921347
11.96,21.12721081,0.212546607
12.688,21.10740971,0.212020966
12.694,21.10587813,0.211346334
12.7,21.10440269,0.210525423
12.723,21.10303291,0.20956123
12.766,21.10183744,0.208456775
12.793,21.10081699,0.207222226
12.838,21.10003831,0.205852713
12.864,21.09929257,0.204361447
12.89,21.09875362,0.202750135
12.935,21.09824716,0.201019395
12.962,21.0975497,0.199179448
12.988,21.0971525,0.197235254
13.015,21.09663633,0.195193681
13.06,21.09631076,0.19306195
13.087,21.09590863,0.190845832
13.83,21.09653161,0.188552935
13.84,21.09738242,0.186190681
13.848,21.09818861,0.183765777
13.872,21.098979,0.181286502
13.898,21.10007152,0.178759524
13.941,21.10099132,0.176192164
13.966,21.10201965,0.173591334
14.01,21.10275067,0.170964475
14.037,21.10360348,0.168319372
14.073,21.10442893,0.165662636
14.099,21.10515558,0.162999968
14.124,21.10607743,0.160340011
14.169,21.10681361,0.157690483
14.196,21.10755993,0.155056985
14.22,21.10814461,0.152444888
16.236,21.09296152,0.149862013
16.264,21.09410882,0.147314376
16.27,21.09410882,0.144807654
16.276,21.09478317,0.142346808
16.3,21.09570705,0.139937888
16.344,21.09665223,0.137585862
16.372,21.09778857,0.135295643
16.399,21.09873309,0.13307193
16.445,21.09973472,0.130918879
16.473,21.10079011,0.128840842
16.501,21.10168894,0.126841296
16.529,21.10277658,0.124924113
16.557,21.10368806,0.123092054
17.259,21.11240665,0.121348117
17.269,21.11216627,0.119695232
17.278,21.11216627,0.118135591
17.285,21.11152695,0.116670768
17.29,21.11123298,0.11530245
17.333,21.11105673,0.114033349
17.357,21.11079298,0.11286347
17.4,21.11033875,0.111793629
17.424,21.11027494,0.110823832
17.468,21.10995675,0.109955081
17.496,21.10978346,0.109186882
17.52,21.10979551,0.108518193
17.564,21.10978726,0.107948866
17.591,21.10999352,0.107478478
17.619,21.10987995,0.10710493
18.322,21.12145296,0.106827206
18.328,21.12277375,0.106643111
18.334,21.12421946,0.106550349
18.34,21.12552371,0.106546331
18.382,21.1270022,0.106629794
18.407,21.12847581,0.106797061
18.45,21.12981912,0.107045221
18.477,21.13108096,0.107371031
18.522,21.1317261,0.107771385
18.548,21.13308412,0.108242967
18.574,21.13398085,0.108781553
18.601,21.13509119,0.109382912
18.646,21.13586237,0.110043725
18.672,21.13689313,0.110759355
18.7,21.13774893,0.111525672
19.515,21.1473431,0.112338297
19.524,21.14601355,0.113192746
19.533,21.14601355,0.114084669
19.541,21.14516019,0.115009354
19.547,21.14516019,0.11596217
19.553,21.14392061,0.116938734
19.579,21.14257603,0.117933985
19.622,21.14113533,0.118943479
19.646,21.13926902,0.11996302
19.687,21.13754207,0.120987632
19.713,21.13596485,0.122013245
19.738,21.134335,0.123034774
19.782,21.13301977,0.124048297
19.81,21.13201305,0.125048586
19.839,21.13106584,0.126032797
20.619,21.13707874,0.126997391
20.627,21.14003532,0.127938288
20.633,21.14003532,0.12885177
20.639,21.14078511,0.12973495
20.644,21.14078511,0.130584604
20.654,21.14157224,0.131397318
20.695,21.14192798,0.132170377
20.718,21.14302251,0.132901905
20.762,21.14367126,0.133589597
20.789,21.14404681,0.134231188
20.814,21.14486429,0.134824421
20.839,21.1447365,0.13536768
20.884,21.14513343,0.135860328
20.91,21.14560448,0.136301218
20.955,21.14614588,0.136689304
21.657,21.16035402,0.137023628
21.666,21.16154967,0.137303932
21.675,21.15826917,0.137529963
21.699,21.16393607,0.137701846
21.722,21.15989094,0.137819441
21.765,21.16056324,0.137883332
21.792,21.16792712,0.137894542
21.838,21.16863703,0.137853239
21.865,21.16922606,0.137760208
21.891,21.1692994,0.13761699
21.935,21.16920226,0.137424203
21.962,21.16894362,0.137182921
21.989,21.16835953,0.136894889
22.014,21.16762346,0.136561175
22.057,21.16680101,0.136182419
22.826,21.15591378,0.135760769
22.836,21.15560732,0.135298099
22.845,21.15560732,0.134795789
22.853,21.15546806,0.134253928
22.859,21.15527205,0.133674708
22.901,21.15513675,0.133059583
22.929,21.15485072,0.132409364
22.957,21.15475045,0.131725073
23.001,21.15492592,0.13100784
23.026,21.15519479,0.130259002
23.069,21.15522165,0.129479333
23.095,21.15554505,0.128669659
23.12,21.1560596,0.127831132
23.165,21.15595456,0.126964336
23.191,21.15609453,0.126070533
23.947,21.16367334,0.125150088
23.953,21.16382146,0.124203887
23.958,21.16382735,0.123232781
23.964,21.16381615,0.122236955
23.987,21.16353087,0.121217574
24.03,21.1634168,0.12017517
24.055,21.16329743,0.119110379
24.099,21.16328318,0.118024957
24.126,21.16338771,0.116918841
24.171,21.16338187,0.115793384
24.198,21.16370934,0.11465018
24.226,21.16415347,0.113491044
24.252,21.16491388,0.112316825
24.297,21.16579894,0.111129531
24.321,21.16679573,0.109930853
24.995,21.17338615,0.10872363
25.005,21.17251822,0.107510391
25.013,21.17172981,0.106292824
25.037,21.17118028,0.105074178
25.082,21.1707766,0.103857045
25.108,21.17039585,0.102645618
25.134,21.16978893,0.101442993
25.161,21.16917665,0.100252511
25.206,21.16851217,0.099078493
25.233,21.16772159,0.097925383
25.278,21.16700661,0.096797009
25.287,21.16620094,0.095697834
25.332,21.16531339,0.094632304
25.357,21.1645264,0.093605592
25.401,21.16404192,0.092622124
26.144,21.15447325,0.091686363
26.153,21.15415667,0.090803539
26.162,21.15385024,0.08997856
26.188,21.15343196,0.089216411
26.215,21.15308369,0.088521063
26.258,21.15245926,0.087897457
26.282,21.15211566,0.087350024
26.306,21.15173447,0.086882681
26.35,21.15146528,0.086499738
26.376,21.15130153,0.086205288
26.419,21.15102739,0.086002572
26.445,21.15095424,0.085894956
26.471,21.15083975,0.085885515
26.515,21.1507464,0.085976481
26.542,21.15069134,0.086169696
27.277,21.15092626,0.086467304
27.284,21.15304071,0.086870323
27.291,21.15304071,0.087379814
27.298,21.15344159,0.087996878
27.304,21.15344159,0.088720303
27.31,21.15385298,0.089551103
27.352,21.15440705,0.090488712
27.378,21.15489111,0.091530777
27.422,21.15546695,0.092675414
27.449,21.15593988,0.093922053
27.476,21.15639958,0.095267447
27.503,21.15700456,0.096709453
27.546,21.15747346,0.098243888
27.57,21.15807954,0.099867879
27.614,21.15887265,0.101576857
28.324,21.1741049,0.103366541
28.333,21.17461415,0.105233025
28.342,21.17522997,0.107171262
28.368,21.17559257,0.109176699
28.393,21.17590229,0.11124364
28.436,21.17597086,0.113366084
28.463,21.17606039,0.115539789
28.506,21.176265,0.117761533
28.532,21.17658071,0.120023319
28.557,21.17697125,0.12231638
28.602,21.17724134,0.124638117
28.629,21.1778128,0.126982514
28.657,21.17817928,0.129344069
28.684,21.17864085,0.131712403
28.73,21.17886661,0.134091255
30.973,21.21120665,0.136466308
30.983,21.21164602,0.138836627
30.993,21.21164602,0.141201747
31.001,21.21200992,0.143551391
31.007,21.21200992,0.145881041
31.013,21.21223289,0.148186222
31.038,21.21284684,0.150462643
31.083,21.21316561,0.15270585
31.11,21.21380429,0.154912265
31.137,21.21430301,0.157078263
31.164,21.21489371,0.159201368
31.208,21.21537417,0.161277453
31.235,21.21602437,0.16330581
31.262,21.21717245,0.165283246
32.18,21.23978398,0.167207957
32.189,21.2416115,0.169078255
32.198,21.2416115,0.170892474
32.205,21.2416115,0.172650657
32.212,21.24241038,0.174352451
32.218,21.24300971,0.175996544
32.242,21.24373834,0.177582754
32.286,21.2443501,0.179112467
32.313,21.24494587,0.180587524
32.357,21.24544484,0.182007462
32.384,21.24582108,0.183374063
32.411,21.24644174,0.184689663
32.438,21.24675468,0.185956752
32.485,21.24708223,0.187176836
32.513,21.24766863,0.188353091
33.323,21.25185872,0.189488587
33.331,21.2517342,0.190586405
33.339,21.2517342,0.191650148
33.345,21.25169713,0.192683044
33.368,21.2515903,0.193689214
33.391,21.25166819,0.194672617
33.434,21.25170805,0.195637374
33.458,21.25175316,0.196586945
33.5,21.25166561,0.197525786
33.526,21.25167364,0.198458021
33.552,21.25142238,0.19938814
33.596,21.25106192,0.200320156
33.623,21.25053543,0.20125696
33.649,21.24999995,0.202203713
33.693,21.24970556,0.203164488
34.387,21.24369516,0.204142612
34.394,21.24373338,0.205141145
34.4,21.2436319,0.206162956
34.424,21.24371408,0.207211644
34.466,21.24376992,0.208289231
34.493,21.24385854,0.209397854
34.52,21.2440965,0.210539269
34.565,21.24422351,0.211715403
34.592,21.244524,0.212927523
34.635,21.24476104,0.214176022
34.66,21.24521007,0.215461788
34.687,21.24552293,0.216784314
34.714,21.2459233,0.218143602
34.759,21.2465989,0.219538854
34.787,21.24714803,0.220968232
35.54,21.26548459,0.222430408
35.549,21.26632557,0.223923008
35.558,21.26702473,0.225444106
35.584,21.26779451,0.2269909
35.611,21.26844499,0.228560694
35.655,21.26910182,0.230149353
35.682,21.26960899,0.231753554
35.708,21.27019601,0.233369524
35.753,21.27086481,0.234993219
35.781,21.27127302,0.236619547
35.807,21.27175113,0.238244551
35.831,21.27195477,0.239863841
35.875,21.27247935,0.241472448
35.9,21.2727384,0.243066565
35.94,21.2731474,0.244640966
36.693,21.28438059,0.246190779
36.702,21.28623761,0.247711493
36.711,21.28623761,0.249198427
36.718,21.28714298,0.250647799
36.725,21.28799456,0.252055155
36.766,21.28900176,0.253416454
36.79,21.28975976,0.254727983
36.831,21.2907021,0.255986413
36.857,21.29169063,0.257188746
36.901,21.29259257,0.258331593
36.93,21.2937377,0.259412069
36.956,21.29477918,0.260428679
36.983,21.29578834,0.26137967
37.028,21.29674905,0.262266873
37.053,21.29742275,0.26308228
37.828,21.30011528,0.263828549
37.902,21.29894978,0.264505314
37.972,21.2987378,0.265111909
38.071,21.30310452,0.265652954
38.098,21.3047368,0.266122181
38.123,21.29959332,0.266524198
38.146,21.29991976,0.266859814
38.19,21.30046476,0.267130911
39.034,21.3207617,0.267342122
39.043,21.32353608,0.267490934
39.051,21.32353608,0.267582028
39.059,21.32353608,0.267618728
39.066,21.32432146,0.267603556
39.072,21.32477978,0.267539425
39.095,21.32506065,0.267430411
39.137,21.3250364,0.267279511
39.162,21.32515234,0.267090137
39.205,21.32520146,0.266867232
39.233,21.32529283,0.266613764
39.26,21.32569882,0.266333114
39.305,21.32611433,0.266030034
39.331,21.32660257,0.265708755
39.359,21.32702377,0.265372748
40.222,21.33550755,0.265025017
40.228,21.33601465,0.264670363
40.233,21.33601465,0.264313224
40.238,21.33629263,0.263956799
40.262,21.33650786,0.263605128
40.287,21.33695005,0.263261953
40.331,21.33742946,0.262930954
40.359,21.33780384,0.262614614
40.403,21.33835255,0.262316594
40.429,21.33888994,0.262040459
40.472,21.33946775,0.261789003
40.479,21.340123,0.261564534
40.523,21.34070426,0.261370118
40.549,21.3414259,0.261208512
40.594,21.34218639,0.261081575
41.337,21.35238953,0.260991641
41.357,21.35240736,0.260940404
41.386,21.35240736,0.260930093
41.392,21.35251553,0.260961809
41.398,21.3525435,0.261037221
41.404,21.35258202,0.261158285
41.427,21.35295543,0.261324921
41.469,21.35317607,0.261539372
41.511,21.353545,0.261801557
41.538,21.35386483,0.262112036
41.582,21.35412029,0.262470997
41.607,21.35430597,0.262878883
41.634,21.3543741,0.263335479
41.661,21.35459861,0.263840344
41.704,21.35461767,0.264393119
42.385,21.35120765,0.264993294
42.394,21.35047535,0.265640242
42.421,21.34979988,0.266332944
42.465,21.34913451,0.267070069
42.489,21.34831007,0.267850082
42.532,21.34785583,0.268671711
42.556,21.34727512,0.26953268
42.598,21.3467899,0.270430575
42.624,21.34619053,0.271363768
42.669,21.34565916,0.272330243
42.696,21.34509479,0.273326976
42.723,21.34445991,0.27435121
42.749,21.34363985,0.275400298
42.794,21.3429593,0.276471244
42.821,21.34250203,0.277560799
43.652,21.33062032,0.27866585
43.66,21.32856398,0.27978267
43.669,21.32856398,0.280907937
43.71,21.32740303,0.282037529
43.718,21.32634859,0.283167776
43.725,21.32522432,0.284295134
43.749,21.32466344,0.285415894
43.792,21.32333103,0.286525575
43.818,21.32198912,0.287619893
43.862,21.32041784,0.288695382
43.886,21.31894954,0.289748356
43.912,21.31750694,0.290773703
43.957,21.31633855,0.291767434
43.984,21.31497465,0.292726449
44.011,21.31388713,0.293646715
46.337,21.32988449,0.294524275
46.347,21.33127253,0.295355731
46.356,21.33127253,0.296136391
46.364,21.33162418,0.29686418
46.37,21.33162418,0.297534838
46.376,21.33202171,0.298145779
46.401,21.33227813,0.298694285
46.428,21.33268615,0.299177391
46.473,21.33283107,0.299592231
46.501,21.33315571,0.299937231
46.544,21.33356937,0.300210456
46.571,21.33383552,0.300409913
46.598,21.33423311,0.300533959
46.625,21.33456258,0.30058196
46.669,21.33490123,0.300553385
47.462,21.34759051,0.300447256
47.471,21.34494491,0.300263557
47.479,21.34494491,0.30000249
47.487,21.34494491,0.29966457
47.493,21.34480114,0.299250716
47.499,21.34448918,0.298761681
47.524,21.34488733,0.298195639
47.571,21.34499843,0.297557802
47.597,21.3449309,0.296852754
47.622,21.34509199,0.296078494
47.668,21.34665774,0.295238545
47.695,21.34535889,0.294335075
47.722,21.34543457,0.293371101
47.749,21.34542274,0.292349533
47.794,21.34555524,0.291273879
48.555,21.34805833,0.290147899
48.565,21.34805726,0.288974289
48.573,21.34768224,0.287757036
48.599,21.34701785,0.286500237
48.626,21.34642148,0.285207514
48.653,21.3457214,0.283882922
48.697,21.34518082,0.282530844
48.724,21.34458801,0.281155281
48.769,21.34407265,0.2797605
48.796,21.34368457,0.278350438
48.823,21.34329834,0.276929745
48.85,21.34312323,0.275501327
48.894,21.34292621,0.274070025
48.923,21.34287184,0.272639724
48.95,21.34290334,0.271214524
49.589,21.34490416,0.26979853
49.598,21.34455249,0.268394678
49.697,21.34433861,0.26700724
49.769,21.34424964,0.265639338
49.796,21.34415162,0.264294033
49.84,21.3438128,0.262974601
49.867,21.3435601,0.261683538
49.895,21.34341347,0.260423566
49.921,21.34319064,0.259197553
49.965,21.3429649,0.25800768
49.991,21.34259211,0.256855924
50.032,21.34211112,0.255745122
50.807,21.33754975,0.25467645
50.816,21.33745679,0.253651263
50.825,21.33745679,0.252671086
50.833,21.33753076,0.251736773
50.84,21.3373992,0.250849787
50.883,21.33757968,0.25000955
50.91,21.33760781,0.249217698
50.936,21.33788719,0.248474358
50.978,21.33802547,0.247780294
51.004,21.33814885,0.247135028
51.049,21.33831766,0.246538668
51.076,21.33833487,0.245991171
51.103,21.33866538,0.245491813
51.13,21.33875923,0.245039893
51.175,21.33907811,0.244635012
51.883,21.34881665,0.24427638
51.89,21.34965833,0.243962874
51.896,21.35030262,0.243693317
51.919,21.35089263,0.243467343
51.962,21.35164028,0.24328338
51.989,21.35255244,0.243140674
52.034,21.35346865,0.243037695
52.061,21.35440004,0.242973116
52.086,21.35529262,0.242945384
52.127,21.35611843,0.242952985
52.17,21.35718787,0.242994473
52.179,21.35783697,0.243068595
52.224,21.35894415,0.243174176
52.251,21.35986288,0.243309624
52.278,21.36064636,0.243473348
53.007,21.37405723,0.2436649
53.016,21.37493486,0.243882839
53.025,21.37565567,0.244126009
53.05,21.37656553,0.24439301
53.074,21.3771366,0.244683194
53.118,21.37783475,0.244995133
53.145,21.37849511,0.245327912
53.19,21.37901535,0.245681102
53.217,21.37954044,0.246054009
53.243,21.37991109,0.246445916
53.288,21.3804298,0.246856408
53.315,21.38081491,0.247284803
53.342,21.38099236,0.247730702
53.384,21.38095645,0.248193642
53.411,21.38092154,0.248672847
54.176,21.37580317,0.2491682
54.181,21.37472821,0.249679865
54.187,21.37472821,0.250207494
54.192,21.3741984,0.250750847
54.216,21.37360495,0.251310083
54.259,21.37324955,0.251885015
54.283,21.37275452,0.252475489
54.326,21.37224731,0.253081091
54.352,21.37178821,0.253701756
54.377,21.371276,0.25433751
54.421,21.37105781,0.254988202
54.448,21.37061024,0.255653672
54.476,21.37027593,0.256333563
54.504,21.36999618,0.25702765
54.549,21.36959376,0.257732756
55.364,21.37349761,0.258454578
55.373,21.37593061,0.2591897
55.382,21.37593061,0.259937756
55.39,21.37593061,0.260698709
55.396,21.37679002,0.261468542
55.401,21.3776499,0.262253523
55.424,21.37867462,0.263048936
55.467,21.37980285,0.263855147
55.494,21.38093837,0.264671082
55.538,21.38215188,0.265493717
55.565,21.38311544,0.266327112
55.592,21.38410121,0.267168549
55.617,21.38530779,0.268017084
55.659,21.38612922,0.268871931
55.807,21.38670234,0.269732894
56.507,21.39838107,0.27059891
56.516,21.3986878,0.271469816
56.524,21.39922123,0.272344986
56.549,21.39954725,0.273223212
56.576,21.40002402,0.274105012
56.621,21.4005859,0.274989946
56.647,21.4010378,0.275877604
56.69,21.40177795,0.276767453
56.717,21.40256695,0.277659219
56.745,21.40342872,0.278553101
56.79,21.40411821,0.279449055
56.816,21.40491924,0.280347071
56.843,21.4057501,0.281247263
56.87,21.40638497,0.282149777
56.915,21.40728974,0.283054593
57.674,21.41695861,0.28396217
57.682,21.41683358,0.284873533
57.69,21.41683358,0.285789233
57.697,21.41642698,0.286709187
57.702,21.41622156,0.287634139
57.744,21.4158081,0.28856502
57.768,21.41554869,0.289502385
57.81,21.41531479,0.290446855
57.836,21.41506783,0.291399126
57.881,21.41490866,0.292359515
57.906,21.41460948,0.293328878
57.93,21.41453785,0.294307405
57.972,21.41429469,0.295295999
57.997,21.41406101,0.296294789
58.119,21.41385009,0.297303656
58.831,21.40829794,0.29832367
58.84,21.40842648,0.299354608
58.849,21.4086196,0.300396589
58.875,21.40886344,0.301449561
58.899,21.40920285,0.302513433
58.94,21.40955363,0.303588024
58.966,21.40984951,0.304672718
59.01,21.41041509,0.305767272
59.034,21.41092054,0.306870885
59.078,21.41167051,0.307982972
59.105,21.41213054,0.309102265
59.13,21.41291474,0.310227448
59.156,21.41402851,0.311358537
59.199,21.41481597,0.312493548
59.226,21.41591986,0.313630945
61.248,21.45489107,0.314769829
62.415,21.46297087,0.315909062
62.424,21.46300654,0.317046446
62.433,21.46281549,0.318180062
62.458,21.46262547,0.319309183
62.481,21.462219,0.320431925
62.525,21.46177103,0.321545824
62.552,21.46150634,0.322649771
62.578,21.46122654,0.323742163
62.622,21.46104072,0.324821528
62.649,21.4607501,0.325886334
62.694,21.46041283,0.326935116
62.721,21.46014171,0.327967119
62.748,21.45972732,0.328980632
62.773,21.45954088,0.329974596
62.816,21.45927497,0.330947874
63.565,21.45860546,0.331899345
63.574,21.4588049,0.332828986
63.582,21.45885321,0.33373561
63.606,21.45905742,0.334618611
63.63,21.45903384,0.335478444
63.674,21.45910992,0.336314791
63.702,21.45917251,0.337127214
63.746,21.45915028,0.337916097
63.773,21.45918846,0.338682322
63.8,21.45915801,0.339426257
63.844,21.45907016,0.340148989
63.872,21.45908748,0.340851108
63.898,21.45909706,0.341533844
63.925,21.45900154,0.342198066
63.969,21.45896795,0.342845592
64.637,21.46151015,0.343477845
64.646,21.46250968,0.344096334
64.655,21.46250968,0.344702755
64.662,21.46294352,0.345298942
64.669,21.46344323,0.345887052
64.71,21.46386349,0.346468422
64.734,21.46440327,0.347045327
64.775,21.4649192,0.347619597
64.818,21.46558462,0.348194031
64.842,21.46603837,0.348770282
64.868,21.46643122,0.34935013
64.895,21.46672259,0.34993545
64.94,21.46681067,0.350528758
64.967,21.46708739,0.351132184
65.01,21.46731987,0.35174686
65.762,21.46645875,0.352374886
65.772,21.46752664,0.353018475
65.78,21.46752664,0.353679297
65.787,21.4680154,0.354358001
65.793,21.46848068,0.355056419
65.838,21.46868684,0.355775535
65.865,21.46893206,0.35651643
65.91,21.46923601,0.357279597
65.936,21.46975426,0.358065571
65.961,21.47027074,0.358875397
66.002,21.4707474,0.359709032
66.028,21.47125386,0.36056606
66.056,21.47174465,0.36144642
66.084,21.47223751,0.362349647
66.129,21.47255024,0.363274914
66.79,21.47732768,0.364221241
66.799,21.47780225,0.365187332
66.808,21.47836241,0.366172228
66.833,21.47886178,0.367174106
66.876,21.47929739,0.368191087
66.902,21.47987863,0.369220863
66.947,21.48027005,0.370261932
66.972,21.48070873,0.371311569
67.013,21.48101961,0.372366894
67.039,21.48125437,0.373425659
67.066,21.48151538,0.374484767
67.093,21.48170044,0.375541383
67.138,21.48204073,0.376592629
67.164,21.48233499,0.377635053
67.191,21.48256213,0.378665801
67.892,21.48622693,0.379681215
67.901,21.48645671,0.380678077
67.91,21.48645671,0.381653012
67.917,21.48653993,0.382602617
67.923,21.48653465,0.383523493
67.965,21.48668769,0.384412002
67.991,21.48668415,0.385265452
68.036,21.48682431,0.386080515
68.062,21.4868741,0.386854357
68.106,21.48693336,0.387583902
68.133,21.48709376,0.38826729
68.159,21.48713326,0.388900848
68.186,21.48734642,0.389482302
68.228,21.48736926,0.39000972
68.252,21.48746851,0.39048057
68.952,21.48978095,0.3908932
68.961,21.49010902,0.391245902
68.97,21.49010902,0.391537616
68.978,21.490156,0.391767182
68.984,21.49014449,0.391933336
69.026,21.49025335,0.392034984
69.049,21.49015186,0.392072622
69.09,21.49013331,0.392046181
69.114,21.48976632,0.391955292
69.158,21.48950326,0.391800239
69.182,21.48918312,0.391581574
69.206,21.48878148,0.391300486
69.25,21.48850242,0.390958041
69.278,21.48805337,0.390555321
69.305,21.48759524,0.390093616
69.948,21.4754767,0.389574947
69.957,21.47517508,0.389001311
69.966,21.47487065,0.388374278
69.992,21.47444499,0.387696224
70.016,21.47398119,0.386969355
70.06,21.47358016,0.386197009
70.086,21.47297665,0.385380102
70.114,21.47249227,0.384521785
70.156,21.47195943,0.383624834
70.18,21.47153241,0.382691698
70.224,21.47115983,0.381724707
70.25,21.47060434,0.380727421
70.277,21.47018203,0.379701906
70.32,21.46974115,0.378650639
70.344,21.46936186,0.3775764
71.044,21.45811132,0.376482074
71.053,21.45791982,0.375369528
71.061,21.45770291,0.374241341
71.088,21.45762907,0.373100022
71.133,21.45747043,0.3719471
71.158,21.45742111,0.370784463
71.202,21.45741697,0.369613712
71.229,21.45745955,0.368436794
71.256,21.45770836,0.367255201
71.283,21.45796142,0.366069572
71.328,21.45829773,0.364881079
71.355,21.45880427,0.36369066
71.381,21.45926945,0.362499111
71.424,21.45986058,0.361306433
71.447,21.46034778,0.360112716
72.131,21.46220101,0.358918202
72.14,21.46286146,0.357722501
72.149,21.46315693,0.356524984
72.175,21.46288096,0.355324665
72.2,21.46257627,0.354120849
72.243,21.46254032,0.352912432
72.27,21.4624223,0.351698487
72.313,21.46226793,0.350477073
72.341,21.46205891,0.349246722
72.367,21.46202265,0.348005424
72.412,21.46180957,0.346751088
72.439,21.46159558,0.345482468
72.466,21.46151712,0.344197033
72.493,21.46133881,0.342892249
72.538,21.46089363,0.341566152
73.185,21.45439078,0.340217324
73.192,21.45444879,0.338842644
73.201,21.45459099,0.337439719
73.225,21.45457184,0.336006999
73.251,21.45464328,0.334542344
73.296,21.45484084,0.333043645
73.323,21.45487161,0.331509139
73.367,21.45523271,0.329937237
73.393,21.45554811,0.328326156
73.436,21.45617464,0.326674097
73.463,21.45666392,0.324980086
73.491,21.45712823,0.323243053
73.518,21.45767145,0.321462476
73.545,21.45801117,0.319637627
73.59,21.45838852,0.317768218
75.781,21.41502482,0.315855917
75.791,21.41523624,0.313899228
75.8,21.41523624,0.311898963
75.807,21.41542242,0.309856704
75.814,21.41544619,0.307770432
75.856,21.41555813,0.30564362
75.88,21.4155962,0.30347798
75.925,21.41558099,0.301275218
75.952,21.41553019,0.299037589
75.978,21.41544597,0.296767514
76.023,21.41536177,0.294467671
76.05,21.41523369,0.292140979
76.077,21.41514315,0.289790391
76.105,21.41495121,0.287419613
76.15,21.41467614,0.285032256
76.995,21.39896073,0.282631814
77.004,21.39871542,0.280222265
77.012,21.39871542,0.277807717
77.02,21.39859328,0.275392234
77.026,21.39854974,0.272980035
77.068,21.398504,0.270575063
77.094,21.39850168,0.268182355
77.138,21.39845083,0.265805993
77.164,21.39836891,0.263450236
77.189,21.39835366,0.261119389
77.234,21.3982848,0.258818189
77.259,21.3982083,0.256551248
77.284,21.39812002,0.2543221
77.328,21.3980182,0.252134904
77.355,21.39792813,0.249994106
78.207,21.39633877,0.247903892
78.215,21.39628893,0.245867676
78.223,21.39628893,0.243888673
78.229,21.39623335,0.241971013
78.252,21.39622905,0.240118022
78.275,21.39617477,0.238333027
78.318,21.39619383,0.236618866
78.344,21.39613708,0.234978164
78.388,21.39609355,0.233413627
78.415,21.39612888,0.231927583
78.442,21.39613302,0.230522116
78.469,21.39613037,0.229198981
78.513,21.39617243,0.227959739
78.54,21.39626683,0.226806042
78.566,21.39637774,0.225738474
79.238,21.39499258,0.224758166
79.248,21.39370479,0.223865835
79.257,21.39370479,0.223061142
79.264,21.39370479,0.222344846
79.27,21.39356329,0.221717256
79.276,21.39347797,0.221177828
79.317,21.39342999,0.220726406
79.342,21.39326544,0.220361901
79.383,21.39308507,0.220083117
79.426,21.39297147,0.219888302
79.45,21.39297751,0.219776392
79.474,21.39301382,0.219746632
79.498,21.39390596,0.219796023
79.543,21.39430983,0.219922465
79.57,21.39459075,0.220123407
80.285,21.40364998,0.22039705
80.293,21.40486944,0.220740476
80.299,21.40486944,0.221150625
80.306,21.40553609,0.221624849
80.329,21.40627608,0.222159344
80.352,21.40705873,0.222751349
80.394,21.40792804,0.22339707
80.421,21.40880009,0.224093258
80.466,21.4096919,0.224836583
80.493,21.41050095,0.225623056
80.531,21.41113217,0.226448703
80.558,21.41172905,0.227310273
80.584,21.41250244,0.228203952
80.612,21.4131768,0.229125638
80.656,21.41390152,0.230071021
81.461,21.41860618,0.231036635
81.47,21.41782177,0.232019582
81.478,21.41782177,0.233015759
81.486,21.41749333,0.234021116
81.492,21.41749333,0.235032093
81.497,21.41704637,0.236045763
81.52,21.41648732,0.237058545
81.563,21.41596121,0.238067175
81.589,21.4156177,0.23906885
81.631,21.41519112,0.240061057
81.655,21.41472852,0.241040661
81.697,21.41434083,0.242005846
81.724,21.41398704,0.242953797
81.751,21.41355863,0.243882827
81.795,21.41315909,0.24479142
82.608,21.41779543,0.245677919
82.614,21.41803243,0.246540777
82.619,21.41803243,0.247378955
82.625,21.41803243,0.248191766
82.63,21.41802401,0.248978674
82.636,21.41801652,0.24973916
82.677,21.41803271,0.250473023
82.721,21.41797009,0.251179939
82.748,21.41802754,0.251859855
82.775,21.41830244,0.252513138
82.817,21.42447148,0.253140453
82.84,21.42434761,0.253742398
82.866,21.42415954,0.254318636
82.911,21.42388387,0.254870339
82.938,21.41891443,0.2553982
83.61,21.42303582,0.25590269
83.629,21.42319955,0.25638454
83.635,21.42319955,0.256844438
83.646,21.42337444,0.257283009
83.651,21.42348529,0.257700752
83.693,21.42353608,0.258098254
83.717,21.42367602,0.258476204
83.761,21.42375036,0.258834531
83.788,21.42374172,0.259173318
83.833,21.42374446,0.259492698
83.86,21.42375793,0.259792602
83.885,21.42368381,0.26007284
83.909,21.42297362,0.260332425
83.952,21.42240249,0.260570794
83.979,21.42158405,0.260787119
84.688,21.40928571,0.260980053
84.697,21.4073511,0.261148326
84.706,21.4073511,0.261290562
84.714,21.4073511,0.26140526
84.72,21.40647406,0.26149016
84.745,21.40554485,0.261543766
84.77,21.40457519,0.261563807
84.813,21.40371959,0.261548046
84.84,21.40281247,0.261494299
84.884,21.40197223,0.261400386
84.91,21.40113724,0.261263799
84.96,21.40028292,0.26108252
84.965,21.39933912,0.26085384
85.008,21.39872391,0.260575396
85.035,21.39832084,0.2602451
85.796,21.39704701,0.259860831
85.805,21.39799436,0.259420548
85.813,21.39799436,0.258922487
85.82,21.39857266,0.258365077
85.843,21.39922268,0.257746726
85.866,21.39950739,0.257066754
85.907,21.39970085,0.256323955
85.932,21.40002518,0.255517422
85.976,21.39990862,0.25464721
86.03,21.39974658,0.253713335
86.058,21.40012592,0.252716224
86.085,21.40076998,0.251655539
86.128,21.40043594,0.250533951
86.153,21.39989299,0.24935232
86.919,21.37824801,0.248112416
86.928,21.3734256,0.246816282
86.936,21.3734256,0.245466653
86.944,21.37183642,0.24406616
86.95,21.37183642,0.242617651
86.955,21.37034888,0.241124817
86.98,21.36903282,0.239591165
87.023,21.36802094,0.238020151
87.049,21.36741533,0.236416267
87.093,21.36708973,0.234783781
87.12,21.36718741,0.23312714
87.147,21.36727261,0.231451219
87.174,21.36757769,0.229760857
87.201,21.36788167,0.228060722
87.245,21.36837541,0.226355618
88.017,21.38342308,0.224649818
88.023,21.38383161,0.222948319
88.029,21.3841965,0.221255956
88.052,21.38450364,0.219577342
88.096,21.38467858,0.217916847
88.122,21.38481434,0.216279123
88.167,21.3848636,0.214667911
88.194,21.38481469,0.213086813
88.221,21.38469738,0.211539659
88.265,21.38461822,0.210030186
88.292,21.3843805,0.208561031
88.319,21.38412886,0.207135154
88.346,21.38363252,0.205754916
88.39,21.38293155,0.204421945
88.414,21.38209069,0.20313825
90.693,21.38797028,0.201905261
90.703,21.38868366,0.200724262
90.713,21.38868366,0.199595584
90.721,21.38916371,0.198519139
90.727,21.38916371,0.197495069
90.733,21.38962044,0.196523336
90.757,21.38965001,0.195602776
90.798,21.3902994,0.19473183
90.824,21.39044503,0.19390967
90.87,21.39082283,0.193134698
90.898,21.39113864,0.19240439
90.927,21.39139438,0.191716493
90.953,21.39164429,0.191068747
90.978,21.39197641,0.190458315
91.019,21.39223087,0.189882301
91.816,21.39444534,0.189337504
91.825,21.39479273,0.188821048
91.832,21.39479273,0.18832949
91.839,21.39509661,0.18785935
91.864,21.39548226,0.187407133
91.891,21.39591356,0.186969949
91.916,21.39627928,0.186544093
91.958,21.39668443,0.18612428
91.985,21.39693401,0.185708766
92.03,21.39731685,0.185293965
92.056,21.3975704,0.184876076
92.082,21.39792022,0.184455429
92.109,21.39815712,0.18402608
92.153,21.39846431,0.183585086
92.18,21.39863281,0.183129998
92.855,21.40090053,0.182658376
92.861,21.40078519,0.182168212
92.868,21.40070717,0.181657312
92.891,21.40052515,0.181123499
92.935,21.40038987,0.180565523
92.96,21.40010225,0.179982036
93.004,21.39985117,0.179371936
93.031,21.39966451,0.178734564
93.058,21.39958509,0.178069689
93.102,21.39952059,0.177376472
93.129,21.39946234,0.176655044
93.156,21.39936939,0.175905771
93.183,21.39920986,0.175129655
93.228,21.39915965,0.174326461
93.254,21.39896133,0.173497772
93.937,21.39391279,0.17264482
93.946,21.39367477,0.171769307
93.955,21.39342257,0.170872421
93.979,21.39314258,0.169955063
94.004,21.39292001,0.169020716
94.048,21.39274522,0.16807153
94.076,21.39258277,0.167109408
94.12,21.39239054,0.166136291
94.145,21.39218244,0.165155484
94.169,21.3920023,0.164170354
94.211,21.39171727,0.163182942
94.238,21.39143377,0.162195477
94.265,21.39110411,0.161211482
94.309,21.39070945,0.16023404
94.451,21.39044807,0.159265886
95.124,21.38719167,0.158309516
95.129,21.38720444,0.157368144
95.134,21.38731262,0.156444773
95.157,21.38734082,0.155542185
95.201,21.38739373,0.154662698
95.226,21.38750675,0.153808387
95.269,21.38741381,0.152982518
95.296,21.38759078,0.152187178
95.341,21.38760846,0.151424308
95.367,21.3876767,0.150696319
95.392,21.38765896,0.150004925
95.434,21.38767269,0.149350946
95.458,21.38777406,0.148736478
95.498,21.38766818,0.148162858
95.522,21.38772091,0.147631185
96.198,21.39325622,0.147142636
96.207,21.39367456,0.146698078
96.215,21.3940309,0.146298064
96.239,21.39443494,0.145942339
96.263,21.39469583,0.145631683
96.307,21.39481194,0.145366135
96.334,21.39491627,0.145145349
96.379,21.39505507,0.14496855
96.405,21.39537885,0.144835274
96.432,21.39562413,0.144744654
96.477,21.39585795,0.144695558
96.504,21.39578781,0.144687883
96.531,21.39584999,0.144719566
96.557,21.39607237,0.144789098
96.6,21.39605815,0.144895069
97.295,21.39942383,0.14503607
97.302,21.39950004,0.145210243
97.309,21.39947443,0.145415095
97.332,21.39952104,0.145649001
97.375,21.39994146,0.145909713
97.402,21.39997573,0.146195574
97.429,21.40039739,0.146503919
97.471,21.40045844,0.14683266
97.496,21.40061325,0.147179235
97.538,21.40092719,0.147541851
97.577,21.40112032,0.1479176
97.603,21.40153107,0.148303618
97.63,21.40177065,0.148698323
97.656,21.40226382,0.149099426
97.701,21.40269493,0.149503529
98.41,21.41022183,0.149909075
98.416,21.410836,0.150313547
98.422,21.410836,0.150714846
98.427,21.41118255,0.151110097
98.45,21.4114159,0.151498132
98.492,21.41161456,0.151876816
98.527,21.41184483,0.152243245
98.555,21.4120993,0.152595817
98.58,21.41217034,0.15293326
98.626,21.41230322,0.153253784
98.654,21.41237507,0.153555702
98.681,21.41254223,0.15383729
98.708,21.41287933,0.154097592
98.733,21.41311216,0.154335653
98.776,21.41352298,0.154550946
99.517,21.42213354,0.154741766
99.526,21.42274728,0.154908105
99.533,21.42274728,0.155049726
99.545,21.423423,0.155166023
99.612,21.42390468,0.155257328
99.638,21.42403237,0.155323312
99.665,21.42427426,0.15536489
99.71,21.42448087,0.155382187
99.737,21.4245715,0.155376214
99.764,21.42465196,0.15534715
99.791,21.42470816,0.15529619
99.833,21.42465566,0.155225286
99.856,21.42455567,0.155135127
100.542,21.42061652,0.155027203
100.551,21.42045918,0.15490378
100.56,21.42026515,0.154766238
100.585,21.42003751,0.154616648
100.61,21.41989207,0.154456776
100.653,21.41967999,0.154288713
100.68,21.41943535,0.154115127
100.725,21.41915806,0.153938092
100.752,21.41887649,0.1537601
100.779,21.4185637,0.153583588
100.823,21.41830314,0.15341104
100.851,21.41804599,0.153244876
100.877,21.41776809,0.153087314
100.904,21.41758252,0.152941178
100.949,21.41730266,0.152808953
101.703,21.41530629,0.152692598
101.712,21.4155185,0.152594669
101.72,21.4155185,0.15251672
101.727,21.41558113,0.152461293
101.753,21.41594338,0.152430578
101.78,21.4162613,0.152426582
101.807,21.41651038,0.152450682
101.852,21.41711636,0.152504612
101.878,21.41752422,0.152590022
101.905,21.41799012,0.152708442
101.947,21.41838159,0.152861194
101.974,21.41882814,0.153049108
102,21.41957605,0.153273121
102.042,21.42006313,0.153534416
102.069,21.42071602,0.153833132
102.889,21.43534735,0.154169871
102.898,21.43584183,0.154545297
102.907,21.43609146,0.15495916
102.933,21.43661506,0.155411309
102.96,21.43749856,0.15590188
103.003,21.43812102,0.156430773
103.026,21.43839557,0.156997258
103.05,21.43897377,0.157601087
103.091,21.43945992,0.158241655
103.135,21.43998089,0.158918513
103.162,21.44049939,0.159630588
103.189,21.44091761,0.160377037
103.216,21.44150159,0.16115705
103.259,21.44201976,0.161969541
103.282,21.44270923,0.162813702
105.55,21.47296363,0.163688981
105.559,21.47296363,0.164594429
105.567,21.47291711,0.165528648
105.573,21.47291711,0.166490891
105.579,21.47282903,0.167480591
105.602,21.4728062,0.168496916
105.644,21.4727848,0.169538689
105.67,21.47274548,0.17060496
105.715,21.47264081,0.171695766
105.74,21.47259838,0.172810302
105.764,21.47262699,0.17394751
105.809,21.47259274,0.175107089
105.836,21.47262219,0.176288786
105.863,21.47269128,0.177492054
106.629,21.48084177,0.178716845
106.638,21.48057369,0.179962808
106.646,21.48000362,0.181229411
106.671,21.47941647,0.182516334
106.699,21.47899674,0.183824124
106.744,21.47840861,0.185152363
106.77,21.47762293,0.186504659
106.797,21.47696608,0.187877626
106.842,21.47671524,0.189268369
106.869,21.47653432,0.190679324
106.913,21.47619525,0.192110415
107.039,21.4756335,0.193561782
107.699,21.48022731,0.195033331
107.708,21.48107963,0.196524784
107.717,21.48107963,0.198035855
107.724,21.48154376,0.19956616
107.731,21.48215005,0.201119076
107.774,21.48268931,0.202687037
107.798,21.48328124,0.204272687
107.839,21.48401039,0.205875514
107.865,21.48469347,0.207494412
107.909,21.48542563,0.20912804
107.935,21.48597876,0.210775656
107.959,21.4866408,0.212435977
108.004,21.4872007,0.214107582
108.027,21.48771003,0.215788658
108.052,21.48811015,0.217477494
108.73,21.49164861,0.219172584
108.739,21.49114105,0.220871875
108.749,21.49105069,0.222572634
108.774,21.49142028,0.224273132
108.798,21.49103692,0.225971033
108.841,21.49098621,0.227664423
108.869,21.49104807,0.229350668
108.914,21.49160763,0.231026764
108.938,21.49150523,0.232689621
108.964,21.4919938,0.234337
109.032,21.49152365,0.235966516
109.041,21.49171131,0.237574685
109.068,21.49232791,0.239159345
109.095,21.49235328,0.240717261
109.122,21.49259829,0.242246264
109.745,21.49812172,0.2437439
109.755,21.49825979,0.245207637
109.764,21.49867812,0.246634813
109.788,21.4990022,0.248023659
109.813,21.49931169,0.249371134
109.856,21.49966791,0.250675781
109.883,21.49999005,0.251935586
109.91,21.5003058,0.253149154
109.952,21.50057797,0.254314866
109.995,21.5009764,0.255431216
110.022,21.50128437,0.256497394
110.049,21.50155642,0.257512434
110.072,21.50177745,0.25847562
110.115,21.50199618,0.259386388
110.14,21.50224518,0.260244864
110.817,21.50196685,0.261051437
110.825,21.50102007,0.261804842
110.832,21.50013638,0.262506032
110.855,21.4991624,0.263155598
110.879,21.49813723,0.263754624
110.922,21.49710529,0.264304208
110.966,21.49620832,0.264804533
110.989,21.49525815,0.265256884
111.032,21.49443415,0.265663333
111.058,21.49383666,0.266024424
111.081,21.49321521,0.266341569
111.106,21.49297232,0.266616626
111.149,21.49284314,0.266851546
111.196,21.49287392,0.267047255
111.219,21.49294699,0.267205288
111.875,21.50168463,0.267327416
111.885,21.50224721,0.267415715
111.894,21.50267064,0.267471753
111.918,21.50306111,0.267496505
111.945,21.50339716,0.267491409
111.99,21.50374426,0.267457385
112.017,21.50399425,0.267396504
112.044,21.5043522,0.267309447
112.089,21.5047247,0.267197539
112.116,21.50516887,0.26706121
112.142,21.50559936,0.266901703
112.169,21.50603176,0.266719336
112.214,21.50642028,0.266514138
112.241,21.50665851,0.266287134
112.268,21.50683919,0.266038428
113.002,21.51370555,0.265768014
113.011,21.51414368,0.265475614
113.02,21.51414368,0.265161382
113.028,21.51439614,0.264825333
113.034,21.5144511,0.264466325
113.076,21.51463635,0.264084766
113.101,21.51473505,0.26367982
113.145,21.51480091,0.263250562
113.172,21.51504075,0.262796648
113.199,21.51498865,0.262317541
113.243,21.51513242,0.261812844
113.269,21.51540139,0.261281807
113.296,21.51560687,0.260723457
113.324,21.51599455,0.260137714
113.368,21.51619596,0.259524649
114.032,21.51920474,0.25888306
114.041,21.51921309,0.258213024
114.05,21.5191709,0.257513986
114.076,21.51920318,0.256786037
114.101,21.51981851,0.256029184
114.146,21.519406,0.255243808
114.172,21.51927581,0.254429842
114.208,21.51931936,0.253588228
114.234,21.51925317,0.252720126
114.276,21.51917075,0.251825598
114.3,21.51918617,0.250905428
114.325,21.51915363,0.249961838
114.37,21.51912844,0.248995541
114.397,21.5191267,0.248008263
114.424,21.51688987,0.247001541
115.142,21.51587908,0.245977236
115.152,21.51579036,0.244937265
115.16,21.51576435,0.243883619
115.185,21.515718,0.242818915
115.21,21.5156704,0.241745382
115.252,21.51556067,0.240665116
115.275,21.51552447,0.239580866
115.32,21.51551601,0.238494798
115.345,21.5154747,0.237410136
115.389,21.51546372,0.23632922
115.416,21.51546044,0.235254793
115.442,21.51552702,0.234189002
115.468,21.51555615,0.233135643
115.513,21.51562104,0.23209653
115.539,21.51567136,0.231073972
116.234,21.51899259,0.230071202
116.243,21.51913004,0.22909005
116.252,21.51922678,0.228133165
116.275,21.51949849,0.227202194
116.3,21.51973738,0.226299932
116.342,21.51986808,0.225427924
116.365,21.5201024,0.224588172
116.407,21.52044997,0.22378238
116.449,21.52049173,0.223011266
116.476,21.52060047,0.222276765
116.501,21.52095161,0.221580072
116.528,21.5210779,0.220921543
116.573,21.52120785,0.220302607
116.6,21.52125531,0.219723533
116.626,21.52137489,0.219184799
117.281,21.52590625,0.218686868
117.29,21.52637041,0.21822937
117.298,21.52687745,0.217812346
117.322,21.52735723,0.217435383
117.347,21.52787809,0.217098244
117.391,21.52830044,0.216800262
117.419,21.52869683,0.216540648
117.464,21.52909894,0.216318975
117.5,21.52950711,0.216133837
117.529,21.53023493,0.215984257
117.556,21.53058277,0.215869142
117.582,21.53064938,0.215787361
117.607,21.53101025,0.215738009
117.651,21.53137378,0.21571921
117.678,21.5318232,0.215729374
119.634,21.54824185,0.215767065
119.644,21.54947659,0.21583109
119.653,21.54947659,0.215919906
119.662,21.54974965,0.21603195
119.668,21.54974965,0.216165826
119.674,21.55022776,0.216319776
119.697,21.55058765,0.21649262
119.739,21.55092125,0.216682809
119.765,21.55123416,0.21688877
119.792,21.55152165,0.217109519
119.835,21.55163099,0.217343807
119.861,21.55197832,0.217589825
119.888,21.55219937,0.217847025
119.933,21.55233929,0.218114622
119.96,21.55274562,0.218391196
120.728,21.55977361,0.218675785
120.737,21.56033733,0.218967958
120.745,21.56033733,0.219266512
120.752,21.56041673,0.219571125
120.799,21.56093983,0.219880789
120.826,21.56117932,0.220195446
120.871,21.56141453,0.22051458
120.899,21.56158396,0.220838057
121.103,21.5616968,0.221165528
121.206,21.56177398,0.221496575
121.216,21.5616786,0.221831376
121.224,21.56140106,0.222169887
121.232,21.5612094,0.222512106
121.238,21.56097328,0.222857928
121.941,21.55864804,0.223207795
121.95,21.55856268,0.223561396
121.956,21.55827478,0.223919537
121.982,21.55801057,0.2242824
122.009,21.55777806,0.224650259
122.035,21.55741742,0.225023467
122.081,21.55713666,0.225402437
122.107,21.55682374,0.225787454
122.133,21.5566721,0.226179033
122.179,21.55646622,0.226577664
122.205,21.55631745,0.2269841
122.232,21.55616225,0.227398609
122.259,21.55598692,0.227821922
122.304,21.55589954,0.228254385
122.33,21.55571143,0.228699704
123.028,21.55659362,0.229155163
123.035,21.5568983,0.229618205
123.041,21.55709155,0.230093306
123.067,21.55729953,0.230580217
123.112,21.55751175,0.231082735
123.139,21.55771885,0.231594712
123.166,21.55812912,0.232119261
123.211,21.55849642,0.232656472
123.238,21.55881378,0.233206805
123.263,21.55918562,0.233770573
123.307,21.55959159,0.234347784
123.332,21.56008154,0.234935136
123.356,21.56052514,0.235539998
123.399,21.56094706,0.236158311
123.424,21.56154338,0.236789711
124.144,21.57176845,0.237434433
124.153,21.57236897,0.238092551
124.161,21.57236897,0.238763588
124.168,21.57260206,0.239446885
124.175,21.5730054,0.240142468
124.217,21.57345791,0.240850391
124.241,21.57416139,0.241569914
124.283,21.57445633,0.242300206
124.309,21.57526676,0.243041251
124.353,21.57555988,0.243792132
124.38,21.57603894,0.244552269
124.405,21.57664227,0.245321446
124.43,21.57724815,0.246098885
124.473,21.57771278,0.246883638
124.5,21.57812171,0.247675392
125.221,21.58411242,0.248473899
125.238,21.58437191,0.2492783
125.244,21.58449203,0.250087686
125.255,21.58469004,0.250902064
125.297,21.58479653,0.251720637
125.322,21.58494102,0.252542678
125.365,21.58513887,0.25336783
125.392,21.58539645,0.254195914
125.437,21.58570332,0.255026517
125.462,21.58583695,0.255859491
125.486,21.58605234,0.256694198
125.531,21.58632702,0.257531252
125.558,21.58654197,0.258370089
125.585,21.58671208,0.259211266
125.628,21.58689262,0.260054211
126.287,21.58881516,0.260899414
126.296,21.58870829,0.261747297
126.305,21.58880766,0.262598246
126.33,21.58881737,0.263452218
126.354,21.58885788,0.264309926
126.397,21.58878975,0.265172294
126.424,21.5887703,0.266039524
126.469,21.58880707,0.266912525
126.496,21.58878883,0.267792211
126.522,21.58882823,0.26867899
126.565,21.58875235,0.26957352
126.588,21.58880188,0.270476741
126.612,21.58878726,0.271389112
126.655,21.58884313,0.272311618
126.681,21.58884654,0.273245053
127.353,21.59010795,0.274190202
127.36,21.59028258,0.275148035
127.367,21.59028258,0.276118743
127.373,21.59032903,0.27710298
127.398,21.59062938,0.278101116
127.424,21.59057276,0.279114288
127.451,21.59066832,0.280142075
127.496,21.59066821,0.28118477
127.523,21.59083006,0.282241774
127.549,21.59101076,0.283313221
127.593,21.59103759,0.28439879
127.62,21.59114729,0.285497826
127.658,21.59128013,0.286609982
127.684,21.59144386,0.287733838
127.711,21.59153487,0.288868264
128.319,21.59329558,0.290011773
128.328,21.5933839,0.291163228
128.354,21.59342158,0.29232062
128.399,21.59342612,0.293482158
128.426,21.59324577,0.29464625
128.471,21.59331592,0.295809608
128.499,21.59340679,0.29696999
128.523,21.59333043,0.298125075
128.564,21.59341546,0.29927257
128.588,21.59352901,0.300408945
128.629,21.59355891,0.301531267
128.667,21.59339998,0.302637101
128.693,21.59353829,0.30372267
128.72,21.59351743,0.304784714
128.747,21.59365814,0.30582018
129.493,21.59117178,0.306825086
129.503,21.59090019,0.307796409
129.511,21.59090019,0.308730546
129.519,21.59090019,0.309623821
129.541,21.59092951,0.310473322
129.547,21.59101344,0.311275917
129.554,21.59105963,0.312028489
129.596,21.59113056,0.312728568
129.621,21.59125842,0.313372406
129.666,21.58720136,0.31395807
129.693,21.58737835,0.314482789
129.72,21.58755635,0.314944001
129.747,21.58749335,0.315339736
129.792,21.59162555,0.315667813
129.819,21.58794156,0.315926799
130.532,21.58797151,0.316115004
130.542,21.58781977,0.316231415
130.555,21.58781977,0.316275324
130.56,21.58785877,0.31624611
130.566,21.5877675,0.316143456
130.609,21.58772797,0.31596678
130.635,21.58771888,0.315716511
130.679,21.58768286,0.315393389
130.705,21.58759576,0.314997376
130.732,21.5875912,0.314529444
130.777,21.58757386,0.313991245
130.803,21.58755105,0.313383792
130.83,21.58752144,0.312708693
130.875,21.58751991,0.311967704
130.902,21.58760158,0.311162973
131.565,21.58828467,0.31029628
131.583,21.58838781,0.309370058
131.587,21.588515,0.308386785
131.61,21.5887128,0.307349159
131.635,21.58871994,0.306259361
131.662,21.58899951,0.305120824
131.707,21.58914989,0.303935748
131.734,21.58953454,0.30270722
131.777,21.58976203,0.301438539
131.801,21.59012514,0.300132103
131.843,21.59007434,0.298791285
131.87,21.59016196,0.297418903
131.897,21.59036155,0.296017835
131.942,21.59043928,0.294591595
131.969,21.59040251,0.293142555
134.185,21.60630329,0.291674051
134.196,21.60696891,0.290188691
134.206,21.60696891,0.288689022
134.213,21.60743816,0.287178173
134.219,21.60770028,0.285659141
134.262,21.6080039,0.284134205
134.287,21.6082858,0.282605807
134.331,21.60868424,0.281076357
134.358,21.60901854,0.279548307
134.384,21.60932998,0.278023982
134.43,21.60967443,0.276505428
134.457,21.61011146,0.274994894
134.484,21.61048031,0.273494461
134.511,21.61084498,0.272005984
134.554,21.61121588,0.27053133
135.357,21.62018841,0.269072564
135.366,21.62133362,0.267631261
135.376,21.62133362,0.266209287
135.392,21.6216602,0.264808403
135.398,21.6216602,0.263430167
135.404,21.6219942,0.262076204
135.427,21.62246499,0.260748131
135.45,21.62303153,0.25944697
135.494,21.62351929,0.25817442
135.522,21.6240297,0.256931932
135.566,21.62461732,0.255720627
135.594,21.62513342,0.254541304
135.621,21.62549908,0.253395666
135.646,21.62588972,0.252285011
135.69,21.62634202,0.251210585
136.436,21.62876467,0.250172876
136.445,21.62795042,0.249172987
136.453,21.62795042,0.248211954
136.459,21.62760709,0.24729102
136.485,21.62735174,0.246410436
136.51,21.62701561,0.245570703
136.552,21.62661478,0.244772821
136.577,21.62630251,0.244017083
136.621,21.62609088,0.243303736
136.647,21.62583153,0.242633352
136.692,21.62542766,0.242005855
136.701,21.62524353,0.241421777
136.745,21.62497841,0.240880811
136.772,21.62467862,0.240382975
136.817,21.62433641,0.239927692
137.513,21.62070366,0.239515083
137.523,21.62082723,0.239144467
137.551,21.62103186,0.238815277
137.575,21.62122431,0.238526906
137.602,21.62146276,0.238279039
137.646,21.62184451,0.238070445
137.673,21.62202635,0.237899981
137.718,21.62240847,0.237767261
137.745,21.62289464,0.237670458
137.771,21.62355098,0.23760899
137.816,21.62425326,0.237581281
137.842,21.62498153,0.237586382
137.871,21.62573633,0.237622828
137.916,21.62660579,0.237689414
137.942,21.62751813,0.237784763
138.672,21.64388144,0.23790745
138.682,21.64440898,0.238056057
138.691,21.64509491,0.238229862
138.714,21.64551273,0.238427351
138.739,21.64621817,0.238647434
138.783,21.64676848,0.238886482
138.81,21.64708674,0.2391468
138.855,21.64750236,0.239427476
138.882,21.64793747,0.239727543
138.908,21.648216,0.240049382
138.952,21.64860375,0.240385791
138.977,21.64890567,0.240742326
139.003,21.64927121,0.24111596
139.047,21.64977287,0.241506311
139.074,21.65019124,0.241913236
139.809,21.66093657,0.242336801
139.817,21.66166478,0.242777328
139.824,21.66247796,0.243235033
139.847,21.66315894,0.243710124
139.888,21.6635108,0.244203412
139.932,21.6639364,0.24471549
139.958,21.66420471,0.24524685
139.982,21.66440141,0.245798098
140.025,21.66450329,0.246370175
140.051,21.66460929,0.246964405
140.096,21.6645425,0.247581055
140.122,21.66454081,0.248220893
140.146,21.66463772,0.248884987
140.188,21.66478548,0.24957452
140.212,21.66489274,0.250290067
140.908,21.67190565,0.251032777
140.928,21.67205244,0.251802852
140.936,21.67203059,0.25260113
140.942,21.6722394,0.253428627
141.009,21.67242391,0.254284984
141.055,21.67248667,0.255170964
141.081,21.67248207,0.256086683
141.107,21.67253425,0.257032106
141.152,21.67254386,0.25800806
141.179,21.67262046,0.259014278
141.206,21.67259847,0.260050033
141.233,21.67265314,0.261115325
141.279,21.67272748,0.262209007
141.305,21.67285291,0.263330719
142.047,21.66759721,0.264479423
142.061,21.66613151,0.265653885
142.068,21.66613151,0.266853219
142.075,21.6655844,0.268076123
142.082,21.66513043,0.269320524
142.124,21.66454552,0.270585347
142.15,21.66389783,0.271869034
142.194,21.66331697,0.27316948
142.221,21.66266193,0.274485157
142.248,21.66216751,0.275813693
142.291,21.66180045,0.277153421
142.316,21.66154183,0.27850196
142.341,21.66138788,0.279856876
142.383,21.6613487,0.281215986
142.407,21.66136211,0.282576905
143.116,21.66489432,0.283937649
143.125,21.66543265,0.285295765
143.134,21.6658257,0.286649027
143.142,21.66620765,0.287994909
143.184,21.66655252,0.289330651
143.21,21.66685579,0.290654231
143.238,21.6671299,0.291964318
143.281,21.66731404,0.293257889
143.307,21.66758285,0.294532333
143.351,21.66785546,0.295785989
143.376,21.66811078,0.297016733
143.401,21.66829165,0.298222704
143.446,21.66838127,0.299401053
143.472,21.66861576,0.300550486
143.497,21.66878564,0.301668931
144.173,21.66393769,0.302754893
144.182,21.66296066,0.3038065
144.191,21.66202027,0.304821806
144.198,21.66114862,0.30579948
144.24,21.66050256,0.30673821
144.265,21.65991969,0.307635938
144.307,21.65948006,0.308491576
144.333,21.65905317,0.309303861
144.378,21.65875287,0.310071442
144.404,21.65853685,0.310792986
144.448,21.65825575,0.311467497
144.474,21.65810573,0.312093865
144.5,21.65797602,0.312671404
144.545,21.6578632,0.313198754
144.573,21.65778777,0.313675066
145.292,21.66176188,0.314099481
145.298,21.66219563,0.314471465
145.304,21.66219563,0.31478973
145.309,21.6624617,0.315054097
145.335,21.66260879,0.315263849
145.36,21.66269232,0.315418469
145.402,21.66257062,0.315517647
145.429,21.66254833,0.315561038
145.472,21.66198068,0.315547862
145.497,21.66179671,0.315478161
145.54,21.66178107,0.315352046
145.568,21.66179188,0.315168963
145.595,21.66188953,0.314928671
145.639,21.66221666,0.314631172
145.666,21.66247865,0.314276665
146.322,21.65976309,0.313865568
146.332,21.65892776,0.313397849
146.341,21.65819565,0.312873965
146.364,21.65759089,0.312294661
146.386,21.6569825,0.311660359
146.428,21.65651265,0.310971994
146.452,21.65607016,0.310229861
146.494,21.65541216,0.309434858
146.538,21.6550034,0.308587443
146.564,21.65440662,0.307688814
146.592,21.65394969,0.306739657
146.617,21.65343066,0.305741043
146.661,21.65292386,0.304694817
146.685,21.65246594,0.303602049
146.729,21.65196948,0.30246384
148.9,21.63476091,0.301282365
148.91,21.63181352,0.3000588
148.919,21.63181352,0.298794717
148.926,21.63097435,0.297491913
148.932,21.63097435,0.296152307
148.937,21.63003238,0.294777764
148.963,21.62922703,0.293370295
149.008,21.62848915,0.291931926
149.035,21.62771766,0.290464758
149.063,21.62700923,0.288970903
149.089,21.62625762,0.287452857
149.135,21.62566997,0.285912908
149.161,21.62501716,0.284353024
149.206,21.62445592,0.282776251
149.343,21.62399574,0.281184998
150.096,21.6216361,0.279581517
150.105,21.62157511,0.277968714
150.113,21.62157511,0.276348998
150.12,21.62141066,0.2747252
150.127,21.62133995,0.273100048
150.169,21.62140435,0.271475886
150.194,21.62133542,0.269855886
150.24,21.62147296,0.268242505
150.266,21.62186191,0.266638632
150.29,21.62211403,0.265047332
150.334,21.62210391,0.263471336
150.36,21.62226713,0.261913287
150.403,21.62241797,0.260376159
150.429,21.6225264,0.258862851
150.474,21.6226103,0.257376467
151.163,21.62370774,0.255920003
151.172,21.62367516,0.254496107
151.18,21.62367855,0.253107427
151.206,21.62367586,0.251757121
151.231,21.62374008,0.250448194
151.272,21.62387112,0.249183547
151.297,21.62390871,0.247965751
151.34,21.62392474,0.246797221
151.367,21.62367452,0.245680904
151.411,21.62359432,0.244619775
151.446,21.62330197,0.24361609
151.472,21.6230857,0.242672322
151.497,21.62294945,0.241791153
151.54,21.62274637,0.240975151
151.567,21.6226539,0.240227029
152.253,21.62328821,0.239548347
152.261,21.62370858,0.238941353
152.267,21.62370858,0.238408185
152.274,21.62402911,0.237951356
152.296,21.62436135,0.23757149
152.319,21.62475761,0.237270652
152.36,21.62490482,0.237050092
152.383,21.62515017,0.236911615
152.425,21.62543049,0.23685592
152.45,21.62557092,0.236883572
152.494,21.62579645,0.23699539
152.52,21.62614274,0.237191816
152.547,21.62651156,0.237473072
152.592,21.62687238,0.237838912
152.619,21.6272768,0.238289302
153.277,21.63255146,0.238823554
153.285,21.632727,0.239440683
153.329,21.63298069,0.240139242
153.356,21.63314423,0.240917841
153.382,21.63338729,0.241774925
153.427,21.63374063,0.242708234
153.455,21.6340345,0.243715523
153.481,21.63432072,0.244793546
153.526,21.63466793,0.245939932
153.553,21.63502479,0.247151115
153.597,21.63541019,0.248423582
153.624,21.63601917,0.249753206
153.651,21.63603971,0.251136188
153.695,21.63672702,0.25256833
153.721,21.63706073,0.25404473
154.488,21.64149966,0.255560961
154.497,21.64244864,0.257111362
154.507,21.64244864,0.258690783
154.514,21.64276481,0.260294023
154.52,21.64276481,0.261916106
154.526,21.6429911,0.263550602
154.549,21.64319212,0.265191615
154.591,21.64344289,0.266833192
154.615,21.64371313,0.268469352
154.66,21.64391497,0.270094058
154.684,21.64413413,0.271701293
154.708,21.64442362,0.273285085
154.776,21.64469249,0.274839097
154.784,21.6450052,0.276357978
154.809,21.64550718,0.277835855
155.472,21.65027187,0.279267101
155.481,21.65044421,0.280645989
155.49,21.65059615,0.281967631
155.514,21.65066878,0.283227432
155.539,21.65076971,0.284420046
155.585,21.65084735,0.28554148
155.612,21.65087911,0.286587389
155.638,21.65104907,0.287554109
155.683,21.65123016,0.288438254
155.71,21.65122,0.289236315
155.755,21.65148412,0.289945456
155.783,21.6515605,0.29056352
155.808,21.65175431,0.291088723
155.834,21.65183114,0.291518976
155.877,21.65199688,0.291853219
156.575,21.65601539,0.292090689
156.584,21.65676651,0.292231003
156.593,21.65676651,0.292274043
156.601,21.65708035,0.292219928
156.607,21.65756723,0.292069861
156.651,21.65791592,0.291824806
156.678,21.65828531,0.291486256
156.722,21.65860842,0.29105633
156.749,21.65898334,0.290537631
156.774,21.65939647,0.289932088
156.816,21.65976033,0.289242458
156.839,21.6601849,0.288473162
156.881,21.66064952,0.287626979
156.907,21.66109148,0.286707321
156.951,21.66148551,0.285718848
157.651,21.66856135,0.284665109
157.66,21.66881865,0.283550565
157.669,21.66891369,0.282380217
157.694,21.66927121,0.281158987
157.718,21.66956755,0.279891539
157.76,21.66960433,0.278582889
157.786,21.67011015,0.277238287
157.829,21.67004286,0.275863265
157.854,21.67034101,0.2744628
157.897,21.67056999,0.273042356
157.922,21.67063576,0.271607744
157.949,21.67088358,0.270163132
157.994,21.67118584,0.268714232
158.021,21.67136503,0.267266775
158.064,21.67161112,0.26582508
158.797,21.67242469,0.264394238
158.804,21.67242469,0.262979437
158.811,21.67217446,0.261585883
158.836,21.67207411,0.260217862
158.861,21.67210031,0.258879968
158.903,21.6720208,0.257576576
158.929,21.67189784,0.256311666
158.956,21.6718948,0.255089209
158.995,21.67194598,0.253912521
159.04,21.67193687,0.252785297
159.049,21.67192922,0.251711086
159.094,21.67202261,0.250692853
159.121,21.67208776,0.249732121
159.166,21.6722362,0.248832024
159.924,21.67488118,0.247995258
159.933,21.67532094,0.247222735
159.942,21.67532094,0.246516116
159.949,21.67532094,0.245876312
159.956,21.67531324,0.245304441
159.962,21.67554057,0.244802037
159.985,21.67566615,0.244368494
160.026,21.67574886,0.244003335
160.069,21.67584168,0.243706263
160.096,21.67602169,0.243476745
160.123,21.6763104,0.243313487
160.147,21.67642815,0.243214928
160.189,21.67658407,0.243179821
160.214,21.67684245,0.243205802
160.259,21.67708112,0.243290472
160.974,21.68135858,0.243431366
160.983,21.68219283,0.243625649
160.992,21.68219283,0.243870224
160.999,21.68265721,0.244161692
161.006,21.6830763,0.244496646
161.046,21.6834361,0.24487099
161.071,21.68368692,0.245281139
161.114,21.68421724,0.245722973
161.14,21.68413756,0.246192671
161.185,21.6844331,0.246685954
161.212,21.68461983,0.247198054
161.239,21.68496703,0.24772489
161.264,21.68535886,0.248262647
161.306,21.68554363,0.248806131
161.348,21.68605391,0.249351561
163.626,21.70286774,0.249894997
163.636,21.7032621,0.250432003
163.646,21.7032621,0.250958508
163.653,21.70339992,0.251470761
163.66,21.70339992,0.251965347
163.666,21.70357918,0.252438462
163.689,21.70378076,0.252886655
163.731,21.70405199,0.253307454
163.757,21.70423737,0.253697865
163.8,21.70451779,0.254055826
163.841,21.70460873,0.254378987
163.867,21.704802,0.254665442
163.894,21.70505253,0.254913891
163.921,21.70525702,0.25512329
163.966,21.70549927,0.255292767
164.699,21.71218538,0.255422139
164.708,21.71251899,0.255511194
164.717,21.71301374,0.255560393
164.743,21.71352723,0.255570246
164.77,21.71374557,0.255541719
164.815,21.7141288,0.255476145
164.842,21.71438949,0.25537513
164.868,21.71478801,0.255240711
164.912,21.71510865,0.255075201
164.938,21.71543329,0.254881006
164.983,21.71578417,0.254661062
165.01,21.71619302,0.254418291
165.037,21.71662407,0.254156103
165.063,21.7169695,0.253877996
165.106,21.7172966,0.253587693
165.842,21.72282808,0.253288824
165.851,21.72308148,0.252985501
165.86,21.72308148,0.252681858
165.867,21.72319287,0.252382
165.873,21.72323279,0.252090179
165.916,21.7233337,0.251810349
165.94,21.72341266,0.251546515
165.983,21.72348826,0.251303164
166.009,21.7235446,0.251084355
166.052,21.72365207,0.250894166
166.077,21.7235467,0.250736245
166.103,21.72367473,0.250614663
166.148,21.72390543,0.250533168
166.175,21.72381218,0.250494971
166.202,21.7238514,0.250503332
166.965,21.72499657,0.250561202
166.992,21.72531494,0.250671118
167.003,21.72531494,0.250835383
167.015,21.72531494,0.251056102
167.03,21.72556,0.251335375
167.041,21.72584264,0.251674525
167.059,21.72584751,0.252074706
167.088,21.72612548,0.252536697
167.119,21.72652022,0.253061267
167.176,21.72682512,0.253648898
167.182,21.72716853,0.254299138
167.205,21.72750854,0.255011052
167.228,21.7279865,0.255784036
167.272,21.72832556,0.256616744
167.299,21.72861267,0.257508441
168.021,21.73917616,0.258456431
168.03,21.73966056,0.259458675
168.038,21.74008831,0.260513054
168.06,21.74040508,0.261616728
168.084,21.74076481,0.262766882
168.126,21.74121934,0.263959939
168.169,21.74152353,0.265192385
168.194,21.74190562,0.266460977
168.236,21.74225226,0.267761433
168.262,21.74253623,0.269089677
168.288,21.74311191,0.270441355
168.315,21.74302912,0.271812858
168.36,21.7433327,0.273199226
168.388,21.74364095,0.274596044
168.415,21.74402197,0.275998767
169.125,21.75113303,0.277402951
169.131,21.75154014,0.278804124
169.137,21.75182478,0.280197576
169.185,21.75205772,0.28157914
169.211,21.75236804,0.282944066
169.238,21.75257297,0.284288258
169.281,21.7528308,0.285607574
169.308,21.75300893,0.28689819
169.353,21.75320579,0.288156221
169.378,21.75346263,0.28937832
169.421,21.75356732,0.290560915
169.445,21.7537688,0.291700785
169.469,21.75391395,0.292795059
169.512,21.75410594,0.293840778
169.539,21.75427082,0.294836006
170.25,21.75884424,0.295778263
170.26,21.75941405,0.296665706
170.268,21.75941405,0.297496442
170.276,21.75979832,0.298269239
170.282,21.76020281,0.298983255
170.325,21.76052447,0.299637513
170.35,21.76086381,0.300231446
170.393,21.76108271,0.300764727
170.42,21.76142778,0.301237076
170.465,21.76178053,0.301649083
170.493,21.76230099,0.302000976
170.52,21.76269009,0.302293171
170.548,21.76304636,0.302526897
170.574,21.76349878,0.302703571
170.62,21.76390828,0.302824654
171.426,21.76639949,0.302891515
171.432,21.76673403,0.302905458
171.437,21.76673403,0.302868539
171.443,21.76673403,0.302783419
171.448,21.76665442,0.302651007
171.454,21.76665442,0.302473615
171.458,21.76665442,0.302253895
171.464,21.7666294,0.301994099
171.487,21.76670664,0.301696194
171.53,21.76675523,0.301362704
171.574,21.76671631,0.300996162
171.6,21.76657698,0.300599275
171.627,21.76675785,0.300173962
171.654,21.76685967,0.299722827
171.696,21.76660422,0.299248282
172.345,21.76715605,0.29875268
172.354,21.76710993,0.298238482
172.363,21.76695605,0.297707503
172.387,21.76686996,0.297162173
172.413,21.76670872,0.296604236
172.457,21.76639121,0.296036119
172.485,21.76619327,0.295459564
172.53,21.76599657,0.294876134
172.555,21.76590495,0.294287431
172.58,21.76587394,0.293695551
172.625,21.76573084,0.293101794
172.652,21.76570975,0.292507507
172.678,21.76582034,0.291913943
172.705,21.7658251,0.291322224
172.75,21.76580379,0.290733198
173.442,21.76515934,0.290147872
173.451,21.76467424,0.289567162
173.46,21.76467424,0.288991648
173.467,21.76454953,0.288421557
173.473,21.76448032,0.2878576
173.515,21.76446441,0.287300611
173.541,21.76416287,0.286750435
173.602,21.76411147,0.286207292
173.609,21.76390905,0.285671596
173.651,21.76372887,0.285143458
173.676,21.7635731,0.284622523
173.702,21.76351137,0.284109325
173.747,21.76335681,0.283603185
173.774,21.7633485,0.283103959
173.818,21.76333186,0.282611923
174.541,21.76684279,0.282126728
174.546,21.76689277,0.281647533
174.552,21.76689277,0.281174334
174.558,21.76702012,0.280707689
174.581,21.76682537,0.280249132
174.606,21.76673888,0.279793728
174.65,21.76683821,0.27934381
174.721,21.76656657,0.278899487
174.748,21.76637972,0.278460219
174.793,21.76658572,0.278025762
174.82,21.76649328,0.277596442
174.847,21.76672707,0.277172287
174.874,21.76694907,0.276753374
174.918,21.76694761,0.276339454
175.583,21.76094895,0.275931005
175.59,21.76047729,0.275528594
175.598,21.76001928,0.275132326
175.621,21.75975128,0.274742316
175.662,21.75956277,0.274359234
175.687,21.75940217,0.273983594
175.731,21.7592676,0.273615822
175.757,21.75919457,0.273256553
175.8,21.759129,0.272907242
175.825,21.75908606,0.272568646
175.87,21.75905467,0.272241454
175.891,21.75899104,0.271926169
175.929,21.75901625,0.271623442
175.966,21.75899294,0.271335533
176.099,21.75901422,0.271063145
178.371,21.7644226,0.270807029
178.38,21.76440567,0.270568801
178.389,21.76440567,0.270349727
178.396,21.76449088,0.270150352
178.402,21.76449088,0.26997138
178.408,21.76449088,0.269815048
178.414,21.76449088,0.269681825
178.419,21.76463015,0.26957264
178.442,21.76466504,0.269488214
178.465,21.7646905,0.269429292
178.508,21.76472345,0.269396928
178.534,21.76486917,0.269391636
178.579,21.7648588,0.269414336
178.604,21.76489152,0.26946507
178.629,21.76496831,0.26954426
179.396,21.76698114,0.269652019
179.405,21.76715188,0.26978862
179.414,21.76715188,0.269954118
179.421,21.76727648,0.270148288
179.427,21.76738218,0.27037051
179.47,21.76748352,0.270620895
179.495,21.76745666,0.270898112
179.539,21.76748688,0.271201404
179.566,21.76753798,0.271530113
179.61,21.76758796,0.27188323
179.634,21.7677818,0.27225982
179.661,21.76801381,0.272658382
179.705,21.76821512,0.273077845
179.732,21.76829777,0.273516367
179.758,21.76846714,0.273971527
180.436,21.7646314,0.274441585
180.445,21.76414232,0.274925171
180.454,21.76371477,0.275420227
180.479,21.76334379,0.275924416
180.503,21.76286923,0.276435757
180.547,21.76260834,0.276951539
180.574,21.76236268,0.277469798
180.618,21.76214574,0.277988984
180.645,21.76192232,0.278506555
180.672,21.76147049,0.279019876
180.717,21.76099599,0.279527024
180.745,21.76043838,0.280026055
180.771,21.75988774,0.280514597
180.796,21.759138,0.280990876
180.837,21.75857278,0.281452349
181.581,21.7580164,0.281897836
181.589,21.75839589,0.282325557
181.596,21.75839589,0.282733699
181.602,21.7586281,0.283120682
181.626,21.75885119,0.283485336
181.652,21.75898443,0.283826138
181.679,21.75906099,0.284141917
181.724,21.75916472,0.284432119
181.75,21.75911479,0.284695943
181.792,21.75910808,0.284932803
181.817,21.75907682,0.285142329
181.844,21.75906152,0.285324239
181.871,21.75895759,0.285478516
181.916,21.75893146,0.285605224
181.941,21.75883631,0.285704875
182.662,21.7516192,0.285777719
182.681,21.74885396,0.285824231
182.692,21.74885396,0.28584546
182.702,21.74795436,0.28584238
182.715,21.74795436,0.285815756
182.725,21.74718793,0.285766475
182.737,21.74602104,0.285696254
182.774,21.74504819,0.285606584
182.805,21.74410351,0.285498984
182.812,21.74321359,0.285375238
182.855,21.74229038,0.285236881
182.881,21.74143958,0.285085807
182.926,21.74047202,0.28492401
182.951,21.73985993,0.284753121
182.995,21.73891854,0.2845749
183.763,21.73408802,0.28439108
183.772,21.73040018,0.284203735
183.78,21.73040018,0.284014608
183.787,21.73056774,0.283825698
183.81,21.73077932,0.283638576
183.833,21.73082685,0.283455219
183.876,21.73100482,0.283276894
183.902,21.73100838,0.283105491
183.927,21.73110043,0.282942115
183.969,21.73119719,0.282787811
184.013,21.73155174,0.282644035
184.022,21.73176165,0.282511332
184.065,21.73191546,0.282390828
184.108,21.73221521,0.282283419
184.134,21.73262771,0.282189471
184.828,21.72938552,0.282109355
184.836,21.72922088,0.282043287
184.843,21.72922088,0.28199126
184.849,21.72891778,0.28195288
184.855,21.72888944,0.281928005
184.896,21.72887558,0.281916248
184.94,21.7289203,0.281916197
184.966,21.7286613,0.281927007
185.009,21.72856501,0.281947716
185.036,21.72860743,0.281977007
185.06,21.72840708,0.282013017
185.083,21.72829677,0.28205418
185.126,21.72804136,0.282098667
185.17,21.72780659,0.282144351
185.197,21.72758114,0.282188801
185.893,21.71510671,0.282229804
185.902,21.71398414,0.282264968
185.911,21.71289499,0.28229157
185.936,21.71171528,0.282306953
185.959,21.71077004,0.282308518
186.003,21.70998813,0.282293385
186.03,21.7093386,0.282258617
186.075,21.70890804,0.282201284
186.1,21.7085517,0.282118068
186.142,21.70829719,0.282006568
186.168,21.7080419,0.281864039
186.195,21.7077058,0.281686918
186.24,21.70741532,0.281472528
186.266,21.70715741,0.281218662
186.309,21.70699425,0.280922123
187.115,21.71421623,0.280580999
187.124,21.71331795,0.280192376
187.133,21.71331795,0.279753921
187.14,21.71217954,0.279263865
187.146,21.71217954,0.278720142
187.152,21.71100832,0.278120834
187.175,21.70960225,0.277464281
187.216,21.70811508,0.276749207
187.259,21.70668724,0.275974979
187.284,21.70550528,0.275140154
187.329,21.70448197,0.274243498
187.338,21.70356386,0.273285904
187.382,21.70268495,0.272267065
187.407,21.70179248,0.271186189
187.434,21.70107632,0.270044105
188.091,21.67714291,0.268841563
188.1,21.676458,0.267579092
188.11,21.67589539,0.266257841
188.137,21.67574247,0.264879133
188.164,21.6757209,0.263444792
188.19,21.6756563,0.261957504
188.235,21.67573574,0.2604184
188.262,21.6758779,0.25882973
188.306,21.67595085,0.257194171
188.333,21.67609703,0.255514666
188.378,21.67623404,0.253793767
188.388,21.67651817,0.25203465
188.432,21.67672876,0.250240633
188.459,21.67686693,0.248414811
188.504,21.67719264,0.246561021
189.365,21.6742303,0.244682849
189.374,21.67104621,0.242783908
189.383,21.67104621,0.240867863
189.39,21.67104621,0.238938663
189.396,21.67041842,0.237000555
189.402,21.67041842,0.235056408
189.407,21.67041842,0.233110981
189.412,21.66990919,0.231168113
189.436,21.66941293,0.22923162
189.479,21.66885736,0.227305625
189.522,21.66829405,0.225394082
189.548,21.66785028,0.223500527
189.574,21.66737999,0.221628447
189.618,21.66692051,0.219781603
189.643,21.66649335,0.217963786
190.354,21.66537347,0.216178115
190.363,21.66536806,0.214427659
190.371,21.66540792,0.21271631
190.395,21.66543994,0.211046876
190.437,21.665451,0.20942241
190.464,21.66532615,0.20784524
190.491,21.66536383,0.206318049
190.536,21.66546075,0.204843596
190.562,21.665471,0.203424509
190.604,21.66533692,0.202062931
190.627,21.66520852,0.200760583
190.651,21.66506222,0.199517626
190.695,21.66479453,0.198340484
190.72,21.66443547,0.197228295
190.763,21.66432257,0.19618241
193.022,21.66360376,0.195204348
193.032,21.66341569,0.194295288
193.041,21.66341569,0.193456486
193.049,21.66344622,0.192688876
193.055,21.66344622,0.191993715
193.061,21.66319781,0.191372028
193.084,21.66317642,0.190824045
193.125,21.66317786,0.19035049
193.15,21.66304348,0.189951958
193.195,21.66304106,0.18962905
193.22,21.66290176,0.189381941
193.245,21.66287322,0.189211055
193.29,21.66278721,0.189116667
193.316,21.66268702,0.189098686
193.361,21.66271663,0.189157273
194.073,21.66218393,0.189291857
194.081,21.66230046,0.189502821
194.087,21.66230046,0.189790156
194.093,21.66246987,0.190153239
194.118,21.66275445,0.190591426
194.145,21.66268994,0.191104785
194.171,21.66262258,0.191693072
194.215,21.66263242,0.192355086
194.241,21.66260255,0.193089929
194.286,21.66259067,0.193897483
194.313,21.66254513,0.19477708
194.338,21.66248726,0.195726642
194.38,21.66246754,0.196745538
194.406,21.66247227,0.197832194
194.433,21.66241397,0.198985543
195.07,21.661125,0.200204313
195.079,21.6608434,0.201485881
195.088,21.6608434,0.202828408
195.096,21.66096823,0.204229677
195.102,21.6606961,0.20568756
195.125,21.66058469,0.207199195
195.169,21.66063164,0.208762039
195.214,21.66064106,0.210373536
195.24,21.66063898,0.212030033
195.267,21.66056616,0.213728382
195.311,21.66046791,0.215465385
195.336,21.66063323,0.217237198
195.358,21.66032265,0.219040174
195.402,21.66050328,0.220870158
195.549,21.6604683,0.222723044
196.166,21.655819,0.22459444
196.175,21.65550793,0.226479575
196.184,21.65509878,0.228373643
196.21,21.6548116,0.230272313
196.237,21.65434795,0.232170887
196.279,21.65405889,0.234064748
196.303,21.65349671,0.235949114
196.348,21.65329706,0.237818259
196.375,21.65281078,0.23966749
196.401,21.6529353,0.2414923
196.446,21.6526567,0.243287623
196.473,21.65233797,0.245049508
196.497,21.65221201,0.246772707
196.539,21.65204475,0.248451495
196.68,21.65178451,0.250081866
197.483,21.65491643,0.251660457
197.491,21.65707211,0.253182847
197.5,21.65707211,0.254644332
197.507,21.65707211,0.256042356
197.513,21.65707211,0.257374494
197.518,21.65742213,0.258637087
197.524,21.65742213,0.259827358
197.529,21.65778777,0.260943404
197.554,21.65805113,0.261983575
197.599,21.65832266,0.262946473
197.626,21.65852114,0.263830857
197.652,21.65873498,0.264636421
197.696,21.65890767,0.265362821
197.721,21.65918155,0.266010191
197.884,21.65952028,0.266579106
198.576,21.65419817,0.267070152
198.585,21.65146627,0.267485274
198.593,21.65146627,0.267825919
198.6,21.65019183,0.268094471
198.624,21.64901731,0.268293401
198.648,21.647754,0.26842483
198.692,21.64665072,0.268492402
198.719,21.64570531,0.268499637
198.746,21.64495725,0.268450075
198.773,21.64437052,0.268347578
198.819,21.64388243,0.268196496
198.844,21.64347965,0.268001179
198.867,21.64298221,0.267766367
198.909,21.64269861,0.267496486
199.056,21.64233068,0.267195746
199.751,21.63810269,0.266868602
199.761,21.63827391,0.266520748
199.769,21.6382505,0.266156757
199.794,21.63827843,0.265780328
199.821,21.6383154,0.265396376
199.866,21.63833189,0.265009489
199.893,21.63850963,0.264624147
199.92,21.63859527,0.264244204
199.966,21.63873325,0.263873469
199.992,21.63883649,0.26351587
200.036,21.63891255,0.263174634
200.045,21.63900697,0.262852791
200.089,21.63902356,0.262553157
200.115,21.63912883,0.262278325
200.265,21.63920489,0.262030361
200.937,21.64355205,0.26181118
200.945,21.64559612,0.261622438
200.952,21.64559612,0.261465151
200.959,21.6460789,0.261339896
200.965,21.6460789,0.261246951
200.97,21.64648102,0.261186528
201.026,21.64691818,0.261158549
201.052,21.64737504,0.26116199
201.076,21.64763554,0.26119563
201.119,21.64811341,0.261258529
201.146,21.648343,0.26134865
201.172,21.64880934,0.261463961
201.199,21.64903174,0.26160231
201.244,21.64910362,0.261761098
201.384,21.64925407,0.261937523
202.076,21.6545922,0.262128391
202.085,21.65461188,0.262330259
202.094,21.65461188,0.262540047
202.101,21.6546746,0.262753863
202.107,21.65472568,0.262967661
202.149,21.65479231,0.263177027
202.174,21.6548096,0.263378376
202.218,21.65498034,0.263567467
202.245,21.655262,0.263740175
202.289,21.65555988,0.263892228
202.316,21.65603011,0.264019495
202.344,21.65643294,0.264117943
202.389,21.65675324,0.264183167
202.416,21.65690838,0.264210943
202.588,21.65701869,0.264197703
203.222,21.64135914,0.264139192
203.232,21.64070444,0.264031479
203.241,21.64024051,0.263871562
203.267,21.63985795,0.263659362
203.294,21.63959462,0.263388266
203.321,21.63926779,0.263051677
203.365,21.63927649,0.262650129
203.393,21.63910687,0.262181063
203.419,21.63883937,0.261642197
203.464,21.63853816,0.261031162
203.509,21.63843822,0.260346503
203.536,21.63814899,0.25958668
203.563,21.63802334,0.258750444
203.588,21.63784044,0.257836712
203.771,21.63776095,0.256844714
204.541,21.65035907,0.255774269
204.549,21.64994964,0.254625227
204.555,21.64994964,0.253397578
204.561,21.64994964,0.252091634
204.567,21.64865886,0.250708511
204.573,21.64677626,0.24924874
204.62,21.64488439,0.247713903
204.648,21.6429786,0.246105363
204.673,21.64151006,0.244424607
204.728,21.64024301,0.242673811
204.762,21.63921598,0.240854852
204.778,21.638392,0.238969581
204.806,21.63777829,0.237021404
204.834,21.63734515,0.235013047
205.018,21.63702907,0.232947384
205.714,21.63847734,0.230827347
205.723,21.63942172,0.22865615
205.73,21.63942172,0.226437198
205.736,21.63942172,0.224173747
205.742,21.63962759,0.22186968
205.747,21.63962759,0.219528244
205.753,21.63962759,0.217153513
205.758,21.63984158,0.214748928
205.8,21.64007884,0.212317954
205.825,21.64050564,0.209864557
205.869,21.64091101,0.207392364
205.878,21.64130513,0.204906197
205.922,21.64166869,0.202409057
205.947,21.64195171,0.19990456
206.086,21.64232071,0.197396724
208.315,21.62286186,0.194888943
208.325,21.62269666,0.192384898
208.334,21.62269666,0.189888358
208.342,21.62270052,0.187402449
208.349,21.62270052,0.184930816
208.354,21.62275125,0.182476689
208.379,21.62271965,0.180043185
208.405,21.62275098,0.177633482
208.451,21.62268548,0.175250297
208.496,21.62284424,0.172896308
208.521,21.62305524,0.170574292
208.548,21.62301139,0.168287379
208.576,21.62307802,0.166037386
208.621,21.6235915,0.163826625
208.757,21.6238155,0.161657379
209.503,21.62720959,0.159531441
209.537,21.62713614,0.157450633
209.544,21.62713614,0.155416593
209.555,21.62696201,0.153430546
209.561,21.62684286,0.15149393
209.566,21.62674165,0.149607589
209.607,21.62657772,0.147772688
209.631,21.62636316,0.145989906
209.673,21.62619341,0.144259623
209.717,21.62600988,0.142582461
209.742,21.62564146,0.140958423
209.768,21.62524418,0.13938746
209.812,21.62481217,0.137869728
209.84,21.6244264,0.136404743
209.981,21.62408048,0.134992199
210.633,21.61615957,0.133631305
210.642,21.61573039,0.132321082
210.651,21.61573039,0.131060789
210.658,21.61546737,0.129849249
210.664,21.61522419,0.128685127
210.705,21.6148509,0.127566837
210.731,21.61445409,0.126493549
210.774,21.61431409,0.125463004
210.797,21.61386639,0.124473769
210.839,21.61359472,0.123523949
210.885,21.61331509,0.122612153
210.894,21.61317615,0.121736053
210.94,21.61286225,0.120893608
210.966,21.61262669,0.12008316
211.145,21.61257483,0.11930282
211.815,21.60728363,0.118550498
211.824,21.60697589,0.117824134
211.833,21.60660777,0.117121783
211.858,21.60617562,0.116441721
211.882,21.60583055,0.115782548
211.925,21.60539598,0.115141912
211.952,21.60508991,0.114517718
211.996,21.60477729,0.113909338
212.023,21.60464773,0.113315795
212.05,21.60461968,0.112735122
212.094,21.60457569,0.112165824
212.119,21.60460558,0.111607389
212.145,21.60464976,0.111058895
212.188,21.59816758,0.110519338
212.329,21.5983703,0.109987902
213.016,21.6025708,0.10946439
213.022,21.60288212,0.108948613
213.028,21.60288212,0.108440232
213.034,21.60288212,0.107938875
213.043,21.60293007,0.10744492
213.067,21.6028998,0.106958276
213.107,21.60295922,0.106479567
213.131,21.60296677,0.106009203
213.175,21.60304549,0.105547796
213.203,21.60306814,0.105095658
213.248,21.60292733,0.10465367
213.275,21.60292999,0.104222824
213.301,21.60286202,0.103803536
213.327,21.60287439,0.103396927
213.479,21.60293482,0.103003847
214.084,21.59945081,0.102624819
214.094,21.59927584,0.102261081
214.103,21.59919165,0.101912933
214.127,21.59907323,0.101581742
214.151,21.59903227,0.101268681
214.195,21.59901468,0.100973996
214.22,21.59893661,0.100698109
214.261,21.59886377,0.100441751
214.288,21.59883348,0.100205958
214.332,21.5988276,0.099990371
214.359,21.59871693,0.099794354
214.386,21.59861429,0.099619215
214.412,21.59857694,0.09946455
214.456,21.59851865,0.09933011
214.635,21.59848467,0.099215757
215.342,21.59671009,0.099120843
215.351,21.59689431,0.099044693
215.358,21.59689431,0.098986641
215.364,21.59680267,0.098946147
215.37,21.59680267,0.098921727
215.376,21.59697423,0.098912135
215.417,21.59685969,0.098916646
215.442,21.59707852,0.098933378
215.486,21.59726698,0.098961149
215.511,21.59715556,0.098998141
215.553,21.59721822,0.099042604
215.58,21.59727096,0.099092977
215.607,21.59746793,0.099147101
215.652,21.59739778,0.099203123
215.786,21.5973312,0.099259148
216.49,21.59587032,0.099312893
216.496,21.59560927,0.09936247
216.501,21.59560927,0.099405706
216.507,21.59541727,0.099440143
216.532,21.59521613,0.099463786
216.56,21.59492005,0.099474797
216.602,21.59470902,0.099471372
216.626,21.59451223,0.099450953
216.67,21.59441267,0.099411192
216.697,21.59432953,0.099351372
216.742,21.59413245,0.09926911
216.768,21.59398268,0.099162584
216.795,21.59383002,0.09902976
216.82,21.59368579,0.09886919
216.971,21.59357231,0.098679491
217.637,21.58678946,0.098459502
217.646,21.58638889,0.098207483
217.654,21.58611694,0.097922567
217.678,21.58577067,0.097603764
217.704,21.58538364,0.097250279
217.749,21.58510913,0.096861014
217.775,21.58472778,0.096436131
217.819,21.58461054,0.095974653
217.846,21.58433762,0.095476218
217.872,21.58416058,0.094941056
217.917,21.5841353,0.094369291
217.943,21.58407491,0.093760558
217.97,21.58395847,0.093115755
218.015,21.58383476,0.092434368
218.152,21.58372807,0.091717787
218.786,21.57659113,0.09096672
218.795,21.57623201,0.090182139
218.802,21.57587082,0.089364298
218.828,21.5755193,0.088514917
218.855,21.57513117,0.087635085
218.9,21.57463948,0.086726285
218.927,21.57419018,0.085790158
218.971,21.57411194,0.084828097
218.997,21.5737714,0.083841561
219.025,21.57350883,0.082832082
219.069,21.57317553,0.081801847
219.095,21.57306096,0.080753065
219.12,21.57277425,0.079686967
219.162,21.57252585,0.078605459
219.335,21.57216645,0.077510222
220.039,21.56576214,0.076403489
220.048,21.56471033,0.075286941
220.056,21.56471033,0.07416322
220.063,21.5641112,0.073032838
220.069,21.56367159,0.071898404
220.111,21.56334022,0.070764745
220.136,21.56278489,0.06963077
220.18,21.56220315,0.068498647
220.206,21.56155905,0.06736747
220.249,21.56128347,0.066238744
220.276,21.56085441,0.065118611
220.301,21.56039562,0.064010277
220.346,21.56013168,0.062910826
220.372,21.55984241,0.061821538
220.517,21.55937506,0.060741547
221.189,21.54776088,0.059673838
221.198,21.54737579,0.058619278
221.207,21.54713432,0.057578492
221.23,21.54675372,0.056552493
221.253,21.54637055,0.055544737
221.296,21.54615126,0.054550152
221.321,21.54571194,0.053571997
221.364,21.54535613,0.052610783
221.391,21.5450643,0.051666905
221.436,21.54465523,0.050740549
221.463,21.54439269,0.049832248
221.489,21.5440908,0.048941984
221.513,21.54372347,0.048069952
221.554,21.54340094,0.047216716
221.737,21.54297521,0.046382468
223.929,21.53096726,0.045567014
223.939,21.53007895,0.04477099
223.948,21.53007895,0.04399452
223.955,21.52969334,0.04323843
223.962,21.52969334,0.042502431
223.968,21.52944265,0.041787921
223.993,21.52904036,0.041095118
224.038,21.52865614,0.040424556
224.064,21.52824779,0.039776712
224.107,21.52775148,0.039152381
224.131,21.52735578,0.038553015
224.157,21.52686005,0.037979312
224.183,21.52635224,0.037432235
224.228,21.52585483,0.036913309
224.371,21.52532586,0.036425041
225.166,21.51706114,0.035967897
225.175,21.51603629,0.035543402
225.184,21.51603629,0.035153241
225.192,21.51603629,0.034799598
225.198,21.51569638,0.034484507
225.221,21.51571807,0.034209228
225.244,21.51552537,0.033976134
225.288,21.51538228,0.033787558
225.314,21.51515126,0.033645439
225.358,21.51501473,0.033552109
225.383,21.51494703,0.033509308
225.407,21.51481847,0.033519105
225.433,21.51468851,0.033583836
225.478,21.51462071,0.033705257
225.621,21.51461064,0.033885129
226.3,21.5104976,0.034125334
226.306,21.51022548,0.034427656
226.313,21.50997536,0.034793246
226.337,21.50983158,0.035223099
226.378,21.50953195,0.035718285
226.404,21.50913483,0.036279791
226.449,21.50874317,0.036908269
226.477,21.5083613,0.03760379
226.502,21.50788302,0.038366453
226.547,21.50749915,0.039195561
226.574,21.50702288,0.040090477
226.601,21.50672532,0.041050639
226.646,21.5063377,0.042074161
226.673,21.50590019,0.043159347
226.817,21.50554227,0.044303795
227.49,21.50022778,0.045505018
227.498,21.49959187,0.046760302
227.505,21.49959187,0.048066499
227.511,21.49927321,0.049420451
227.536,21.49898999,0.050817868
227.56,21.49860675,0.052254202
227.603,21.49847374,0.053724798
227.628,21.49782858,0.05522497
227.651,21.49800822,0.056749054
227.695,21.49779191,0.058291209
227.74,21.49757485,0.05984638
227.749,21.49720175,0.061408553
227.794,21.49748827,0.062970674
227.821,21.49728407,0.064526875
227.988,21.49723711,0.066070733
228.641,21.49487063,0.067595313
228.648,21.495034,0.069093862
228.655,21.4952066,0.070560294
228.68,21.49545112,0.071988026
228.724,21.49551408,0.073370409
228.75,21.49557048,0.074700764
228.777,21.49569145,0.07597308
228.822,21.49573415,0.077181454
228.847,21.49576584,0.078319997
228.888,21.4959471,0.079383279
228.913,21.49647215,0.080365895
228.939,21.49702769,0.081263449
228.983,21.49716208,0.082071698
229.01,21.49842596,0.082786365
229.158,21.49917724,0.083403872
229.768,21.4953166,0.083921477
229.777,21.49547938,0.084336563
229.786,21.49561659,0.084646967
229.811,21.50056595,0.084850982
229.836,21.49812316,0.084947959
229.88,21.49609475,0.084937976
229.907,21.49605627,0.08482065
229.95,21.49610236,0.084596568
229.977,21.49617793,0.08426712
230.003,21.49904951,0.083834413
230.047,21.49876277,0.083300667
230.073,21.49837987,0.082668707
230.116,21.49804633,0.081941549
230.139,21.49785411,0.081123021
230.316,21.49659733,0.080217246
230.893,21.49885737,0.07922907
230.9,21.49904421,0.078163203
230.907,21.49917126,0.077024686
230.93,21.49932944,0.07581922
230.973,21.49940072,0.074552447
231,21.49939384,0.073230801
231.027,21.49941821,0.071860129
231.09,21.49934942,0.070446559
231.099,21.49936575,0.06899695
231.141,21.49938538,0.067517681
231.166,21.49933943,0.066014865
231.192,21.49954323,0.064495001
231.237,21.49990702,0.062964575
231.261,21.50064573,0.061429884
231.409,21.50157678,0.05989619
232,21.51377999,0.058370235
232.009,21.5138857,0.056857658
232.017,21.51418639,0.055364084
232.043,21.51445155,0.053894885
232.068,21.51472109,0.052455374
232.112,21.51491979,0.051049999
232.138,21.51518132,0.049683348
232.182,21.51537112,0.048360315
232.209,21.51562512,0.047084457
232.252,21.5157008,0.045859422
232.278,21.51598596,0.04468894
232.305,21.51633068,0.043576351
232.332,21.51666974,0.04252395
232.377,21.51683927,0.041534529
232.55,21.51718357,0.040610464
233.2,21.5280078,0.039753691
233.209,21.52827738,0.038966217
233.218,21.52863723,0.038249281
233.242,21.52908284,0.037604368
233.266,21.52945461,0.037032321
233.311,21.53009393,0.036534168
233.339,21.53060312,0.036110501
233.365,21.53104311,0.035761984
233.41,21.53150923,0.035488651
233.437,21.53177747,0.035290819
233.48,21.53207289,0.035169053
233.506,21.53221968,0.035122906
233.533,21.53221974,0.035151831
233.56,21.5323512,0.035255554
233.715,21.53244075,0.035434271
234.451,21.52674656,0.035686984
234.461,21.52605247,0.036013313
234.469,21.52605247,0.036412631
234.512,21.52563889,0.036884669
234.554,21.52548403,0.037428465
234.58,21.52542526,0.038043009
234.724,21.52519498,0.038727058
234.75,21.52525745,0.039480278
234.928,21.52512692,0.040301491
235.624,21.52417921,0.041189419
235.633,21.52399589,0.042142872
235.642,21.52399589,0.043160945
235.65,21.52399589,0.044241524
235.656,21.52415643,0.04538392
235.662,21.52426573,0.046585571
235.685,21.52420351,0.04784532
235.727,21.52434585,0.049161378
235.753,21.52439176,0.050532216
235.797,21.52435128,0.051954955
235.824,21.52413885,0.05342869
235.849,21.52422199,0.054950367
235.891,21.52431511,0.056517327
235.935,21.5240246,0.058126965
236.101,21.52384495,0.059777268
236.741,21.52350431,0.061465233
236.75,21.5235006,0.063187694
236.759,21.5235006,0.064941484
236.766,21.52351718,0.066723354
236.773,21.52349223,0.068530768
236.815,21.52346172,0.070359341
236.84,21.52353416,0.072206196
236.866,21.52362559,0.07406753
236.911,21.52354208,0.075939725
236.938,21.52364688,0.077819334
236.981,21.52360045,0.079702506
237.005,21.52350035,0.081585828
237.03,21.52376889,0.083464973
237.074,21.52385175,0.085336749
237.25,21.52400173,0.087196902
239.267,21.52923571,0.089043003
239.277,21.52936552,0.090870853
239.287,21.52933155,0.092674662
239.311,21.52944466,0.094454151
239.334,21.52957547,0.09620528
239.379,21.52962823,0.09792774
239.403,21.52977297,0.09961519
239.444,21.52963466,0.101264263
239.469,21.5297235,0.102874371
239.51,21.52970792,0.10444293
239.554,21.52972108,0.105967983
239.563,21.52971371,0.107449122
239.608,21.52974376,0.10888297
239.635,21.52976385,0.110267858
239.78,21.52986535,0.111603123
240.464,21.52951038,0.112886874
240.472,21.52821877,0.114116589
240.48,21.52821877,0.115297128
240.488,21.52798563,0.116425135
240.494,21.52760044,0.117500515
240.536,21.52717317,0.1185233
240.562,21.5265988,0.119494121
240.608,21.52634818,0.120413647
240.635,21.52606115,0.121282811
240.68,21.5258304,0.122102832
240.706,21.52549677,0.12287475
240.733,21.52521995,0.123599729
240.76,21.52477178,0.124279677
240.805,21.52402344,0.124916215
240.946,21.52314901,0.125511045
241.581,21.51804777,0.126065558
241.59,21.51795588,0.12658256
241.599,21.51794399,0.127063454
241.624,21.51781709,0.127510935
241.648,21.51786311,0.127926916
241.693,21.51853044,0.128313965
241.72,21.51848789,0.12867449
241.746,21.51781653,0.12901032
241.787,21.51850587,0.129323791
241.83,21.51788146,0.129617014
241.854,21.5177766,0.129892625
241.88,21.51833964,0.130152531
241.925,21.51837561,0.130398827
241.952,21.51839499,0.13063367
242.096,21.51840933,0.130859505
242.732,21.51929673,0.131078075
242.741,21.51936247,0.131290998
242.749,21.51925662,0.131500626
242.774,21.51920364,0.131708524
242.799,21.51936674,0.131916298
242.842,21.5193608,0.132125751
242.868,21.51945292,0.132338454
242.913,21.51927907,0.132555838
242.939,21.5191491,0.132779267
242.984,21.51886896,0.133010092
243.011,21.51851681,0.133249776
243.038,21.51826071,0.133499291
243.065,21.51796973,0.133759736
243.11,21.51778567,0.134032075
243.246,21.51767178,0.134317136
243.875,21.52220163,0.134616113
243.885,21.52246539,0.134929433
243.894,21.52246539,0.135257354
243.9,21.52246539,0.135600539
243.906,21.52233924,0.135959736
243.912,21.5223804,0.136335294
243.937,21.52244425,0.136727754
243.981,21.52242338,0.137136997
244.008,21.52239125,0.137562995
244.053,21.52220478,0.138005818
244.079,21.52198754,0.138465225
244.107,21.52167214,0.138941284
244.134,21.52132718,0.13943341
244.161,21.52106633,0.139941089
244.318,21.5207314,0.140463624
244.993,21.53243998,0.140999771
245.004,21.53306668,0.141549057
245.013,21.53363224,0.142110883
245.037,21.53407938,0.142684095
245.063,21.5346612,0.143267122
245.105,21.53506775,0.143859029
245.129,21.53557692,0.144458731
245.173,21.53592011,0.14506364
245.2,21.53635377,0.145672391
245.225,21.53669793,0.14628368
245.268,21.53690811,0.146895347
245.294,21.53716299,0.1475053
245.338,21.53732776,0.148111446
245.365,21.53756751,0.148711451
245.508,21.53781424,0.149302818
246.18,21.54295149,0.149883164
246.189,21.54345107,0.150450348
246.198,21.54412461,0.151001891
246.224,21.54490723,0.151535029
246.249,21.54567444,0.15204708
246.291,21.5464979,0.152535735
246.314,21.54732747,0.15299813
246.357,21.54819306,0.153431779
246.383,21.54905654,0.153833932
246.426,21.54985442,0.154202276
246.451,21.55076648,0.154533998
246.474,21.55158901,0.154826645
246.516,21.55246453,0.155078003
246.539,21.55334614,0.155286265
246.696,21.55414427,0.155449023
247.475,21.55072997,0.155564329
247.484,21.54993167,0.155630244
247.493,21.54993167,0.155645182
247.5,21.54993167,0.155607593
247.507,21.54970005,0.15551606
247.512,21.54964057,0.155369616
247.538,21.54953434,0.155167328
247.582,21.54956113,0.154908143
247.608,21.54961948,0.154591795
247.651,21.54946906,0.154217866
247.675,21.54954558,0.153786396
247.7,21.54951076,0.153297577
247.743,21.54948872,0.152751386
247.769,21.54948791,0.152148677
247.919,21.54946532,0.151490399
248.553,21.54626056,0.15077777
248.562,21.54608104,0.150011836
248.57,21.54608104,0.14919396
248.577,21.54600298,0.148326341
248.583,21.5459725,0.147410671
248.625,21.54593973,0.146448821
248.652,21.54585663,0.145443255
248.697,21.54586881,0.144396838
248.724,21.54598272,0.143312296
248.748,21.54593002,0.142191989
248.79,21.54590341,0.141038808
248.816,21.54593047,0.139856676
248.86,21.54599842,0.138648126
248.887,21.54600304,0.137416317
249.031,21.54591419,0.136164575
249.745,21.5461766,0.134896284
249.785,21.54616749,0.133614397
249.827,21.54614489,0.13232287
249.853,21.54609492,0.131025245
249.88,21.54614189,0.129725223
249.925,21.54621251,0.128425719
249.952,21.54632881,0.127130091
249.978,21.54626392,0.125841753
250.023,21.5463509,0.124563897
250.05,21.54627034,0.123300144
250.193,21.54635851,0.122052836
250.878,21.54874936,0.120825133
250.887,21.54916375,0.119620285
250.896,21.54916375,0.11844052
250.904,21.54917111,0.117288486
250.91,21.54935134,0.116166829
250.952,21.54931484,0.115077573
250.976,21.54937062,0.114022913
251.03,21.54938333,0.113005136
251.056,21.5493781,0.112025859
251.082,21.54953541,0.111087198
251.127,21.54950404,0.110190245
251.136,21.54956651,0.109335812
251.178,21.54958963,0.108525609
251.201,21.54959277,0.10776079
251.324,21.5495786,0.107041836
252.042,21.5485557,0.106369327
252.063,21.54791641,0.10574371
252.07,21.54791641,0.105165188
252.081,21.54791641,0.104634372
252.087,21.54786214,0.104150473
252.092,21.547628,0.103713404
252.115,21.54758725,0.10332321
252.138,21.54754491,0.1029794
252.18,21.54747185,0.102681214
252.224,21.54755325,0.102427933
252.251,21.547539,0.102218655
252.276,21.54748641,0.102052429
252.3,21.54744579,0.10192803
252.343,21.54737899,0.101844559
252.519,21.54749599,0.101800479
254.635,21.54222476,0.101795171
254.645,21.54210224,0.101826483
254.654,21.54210224,0.101892836
254.663,21.54199415,0.101992745
254.669,21.54199415,0.102124831
254.675,21.54196014,0.10228783
254.697,21.54194994,0.102479581
254.739,21.54194376,0.102698604
254.765,21.54192229,0.102943
254.808,21.54193496,0.103211345
254.833,21.54194761,0.103501723
254.86,21.5419904,0.103812354
254.905,21.54198406,0.104141436
254.931,21.54202547,0.104487261
255.077,21.54205134,0.104848075
255.674,21.53623369,0.105223052
255.683,21.53594699,0.105609876
255.691,21.53581843,0.106007058
255.717,21.53572699,0.106413331
255.744,21.53553829,0.106826871
255.79,21.53552373,0.107246231
255.816,21.53540668,0.107670244
255.842,21.53531798,0.10809823
256.189,21.53518602,0.108527732
256.198,21.53512167,0.10895746
256.207,21.53511984,0.10938652
256.215,21.5350308,0.109814133
256.222,21.53496171,0.110238511
256.228,21.53487097,0.110658423
256.233,21.53480087,0.111073637
256.929,21.53519663,0.111482454
256.935,21.53531638,0.111884354
256.94,21.53531638,0.112278087
256.946,21.53531638,0.11266294
256.951,21.53531638,0.113038267
256.957,21.53553525,0.1134031
256.98,21.53572936,0.113756828
257.022,21.53599351,0.114098089
257.048,21.53623117,0.11442682
257.092,21.53662022,0.114743801
257.119,21.53705426,0.115044885
257.145,21.5375191,0.115331132
257.171,21.53809297,0.11560211
257.215,21.53858823,0.115857115
257.389,21.53896102,0.116095851
258.047,21.53919347,0.116317946
258.056,21.53855603,0.116522723
258.065,21.53855603,0.116709593
258.073,21.53823481,0.116878648
258.079,21.53806607,0.117029519
258.12,21.53782385,0.117160342
258.146,21.53759252,0.117272359
258.191,21.53736951,0.117365167
258.218,21.53721761,0.117438441
258.261,21.53698588,0.117492111
258.288,21.53676589,0.117526715
258.315,21.53663077,0.117542051
258.342,21.53627514,0.117538066
258.387,21.53611482,0.117514987
258.559,21.53572925,0.117473416
259.199,21.53247085,0.117413798
259.208,21.5316119,0.117336212
259.217,21.5316119,0.117241252
259.224,21.53081813,0.117130169
259.23,21.53041991,0.117003705
259.272,21.53030618,0.116861819
259.298,21.52986754,0.116705661
259.342,21.52920182,0.116536973
259.368,21.52892353,0.116356749
259.413,21.52902567,0.116165979
259.44,21.52894138,0.115965927
259.467,21.52878075,0.115758667
259.494,21.52873106,0.115545593
259.539,21.528734,0.115328133
259.678,21.52866611,0.115108204
260.351,21.53726751,0.114887348
260.359,21.53849894,0.114667748
260.367,21.53849894,0.114451572
260.373,21.53894199,0.114240993
260.395,21.53934363,0.114038094
260.418,21.53984434,0.11384403
260.461,21.54031698,0.113661743
260.488,21.54072841,0.113493383
260.515,21.54111546,0.113340757
260.559,21.5415301,0.113206488
260.586,21.54193478,0.113092767
260.613,21.54230326,0.113001837
260.639,21.54266051,0.112935769
260.684,21.54301048,0.112896204
260.83,21.54324782,0.112885287
261.519,21.54406182,0.112904718
261.529,21.54402258,0.112956171
261.536,21.54389983,0.113041536
261.56,21.54392586,0.113162218
261.584,21.54393916,0.113319448
261.625,21.54392711,0.113514842
261.668,21.54396383,0.113749199
261.695,21.54389336,0.114022933
261.722,21.54397463,0.114336396
261.766,21.54397983,0.114689602
261.793,21.54405886,0.115083498
261.82,21.54408672,0.1155173
261.847,21.54416143,0.11599022
261.891,21.54419452,0.116501802
262.033,21.54421693,0.117051589
262.633,21.54822138,0.117637497
262.642,21.54920036,0.118257983
262.651,21.54920036,0.11891149
262.659,21.54941544,0.11959568
262.682,21.54986974,0.12030827
262.706,21.5504581,0.121046043
262.75,21.55089518,0.121806541
262.776,21.55134488,0.122586672
262.801,21.55134768,0.12338286
262.847,21.55161206,0.124191477
262.874,21.55177562,0.12500893
262.901,21.55199294,0.125830897
262.944,21.55215933,0.126653393
262.971,21.55214365,0.127472155
263.119,21.5521595,0.128283032
263.743,21.54649534,0.129081287
263.751,21.54603195,0.129862413
263.758,21.54603698,0.130621834
263.782,21.54573042,0.131355048
263.806,21.54563117,0.132057475
263.849,21.54541977,0.132725381
263.876,21.54528764,0.133353353
263.922,21.54525113,0.133937365
263.947,21.54510254,0.134474002
263.99,21.54507247,0.134958379
264.016,21.54497903,0.135387191
264.04,21.54492277,0.135756901
264.083,21.54494204,0.136064593
264.11,21.5448758,0.136307235
264.294,21.54478659,0.136482322
265.03,21.5474786,0.136587468
265.04,21.54816092,0.136620931
265.048,21.54816092,0.136581029
265.055,21.54857863,0.1364668
265.061,21.55735173,0.136277328
265.104,21.54912618,0.136012285
265.129,21.54949443,0.135671698
265.172,21.54958938,0.135255981
265.198,21.5494522,0.134765721
265.246,21.54949504,0.134202418
265.272,21.54954229,0.133567557
265.299,21.54915085,0.132862934
265.325,21.54825332,0.132091069
265.37,21.5471224,0.131254577
265.509,21.54615441,0.130356885
266.108,21.54604265,0.129401189
266.118,21.54665886,0.128391107
266.126,21.54739763,0.127330376
266.149,21.54814972,0.126223528
266.172,21.54888473,0.125074938
266.212,21.54952558,0.123889915
266.255,21.55023245,0.122672804
266.282,21.55087177,0.121428299
266.308,21.55159967,0.120161393
266.352,21.55218372,0.118877497
266.377,21.55276779,0.117582053
266.42,21.55349298,0.116280903
266.445,21.55421067,0.114977983
266.472,21.55479821,0.113678892
266.591,21.55538271,0.112388395
267.328,21.56650824,0.111112809
267.337,21.56706284,0.109856574
267.346,21.56706284,0.108623927
267.353,21.56731741,0.107419934
267.359,21.56764432,0.10624885
267.402,21.56790305,0.105116086
267.428,21.56819478,0.104025133
267.472,21.56854717,0.102979542
267.499,21.56876563,0.101983397
267.526,21.56904936,0.101040244
267.571,21.56913737,0.100152733
267.598,21.56920164,0.099324059
267.624,21.56921205,0.098556513
267.668,21.56915578,0.09785241
267.806,21.5691536,0.097213749
269.97,21.58849071,0.096642179
269.98,21.58884501,0.096139324
269.989,21.58884501,0.095706513
269.996,21.58919691,0.095344567
270.002,21.58919691,0.095053904
270.008,21.58952083,0.094835407
270.032,21.58955675,0.094688464
270.074,21.58986716,0.094613497
270.099,21.59002596,0.094610139
270.149,21.59014137,0.094677821
270.175,21.5902714,0.094815949
270.202,21.59030598,0.095023378
270.229,21.59039337,0.095299175
270.274,21.5902674,0.095642323
270.412,21.59021412,0.096051659
271.185,21.59003168,0.09652513
271.194,21.59020769,0.097061652
271.203,21.59020769,0.097659968
271.211,21.59020769,0.098318257
271.217,21.58986116,0.099034071
271.222,21.59013075,0.099806262
271.263,21.59013613,0.100633364
271.303,21.58985814,0.101513488
271.33,21.58972015,0.102444643
271.357,21.58979753,0.103425132
271.402,21.58961481,0.104453406
271.411,21.58955486,0.105527223
271.453,21.58945978,0.106645682
271.476,21.58942163,0.107807155
271.595,21.58934827,0.109010155
272.237,21.59094685,0.110253365
272.246,21.59117452,0.111535028
272.254,21.59117452,0.112854365
272.261,21.59128147,0.114210086
272.267,21.59135375,0.115601167
272.311,21.59138213,0.117026908
272.336,21.59147007,0.118485481
272.377,21.59148057,0.119976218
272.405,21.59159248,0.121498334
272.449,21.59170969,0.123050411
272.475,21.59168135,0.124631518
272.502,21.59180014,0.126241437
272.529,21.59188471,0.127879214
272.574,21.59198934,0.129543183
272.714,21.59215145,0.13123347
273.352,21.59793113,0.132949316
273.362,21.59810298,0.134689961
273.369,21.59849527,0.136453782
273.393,21.59943671,0.138240335
273.417,21.59929781,0.140048861
273.461,21.59968471,0.141878858
273.487,21.60006381,0.143728485
273.529,21.60035315,0.145596759
273.552,21.600634,0.14748266
273.594,21.60090009,0.149384414
273.619,21.60122765,0.151300936
273.647,21.60146227,0.153230908
273.691,21.60167968,0.155172487
273.718,21.60201246,0.157124577
273.864,21.60234781,0.159085106
274.499,21.61013912,0.161050965
274.508,21.610152,0.163024198
274.517,21.6100305,0.165000828
274.557,21.61013072,0.166978787
274.583,21.61006289,0.168956065
274.608,21.60994599,0.170932698
274.635,21.60983088,0.172902583
274.68,21.60978498,0.174866344
274.708,21.60956621,0.176821644
274.735,21.60938028,0.178766325
274.78,21.6092766,0.180698281
274.807,21.60922854,0.18261742
274.831,21.60904321,0.184520596
274.875,21.60883324,0.18640583
275.016,21.60866336,0.18827205
275.773,21.60538659,0.190117831
275.782,21.60570406,0.191941226
275.79,21.60570406,0.193741016
275.797,21.60590488,0.195516441
275.803,21.60598937,0.197266671
275.844,21.60616606,0.198991182
275.885,21.60658193,0.200688769
275.911,21.60668398,0.202359468
275.938,21.6070168,0.204003173
275.982,21.60737098,0.20561936
276.009,21.6080321,0.207208344
276.036,21.60853109,0.208771354
276.081,21.60874999,0.21030846
276.106,21.60916684,0.211820543
276.286,21.60970446,0.213308271
276.967,21.6191368,0.214773182
276.976,21.61946371,0.216216819
276.985,21.61989869,0.217640434
277.01,21.62020713,0.219045855
277.036,21.62045136,0.220434824
277.081,21.62070743,0.221810018
277.105,21.62093446,0.223173225
277.147,21.62117698,0.224526215
277.17,21.62151191,0.2258717
277.213,21.62166607,0.227211648
277.24,21.6219549,0.228548384
277.265,21.62217511,0.22988549
277.309,21.62240756,0.231224497
277.335,21.62257198,0.232567821
277.491,21.62270977,0.233918074
278.153,21.62968202,0.235277242
278.162,21.63021961,0.236647405
278.171,21.63021961,0.238030865
278.178,21.63050251,0.239429808
278.184,21.63087826,0.240845984
278.226,21.6309557,0.242281063
278.253,21.63106012,0.243736534
278.298,21.63117987,0.245213694
278.325,21.63129677,0.246713607
278.352,21.63131996,0.248237153
278.398,21.63141306,0.249784868
278.424,21.63156135,0.25135696
278.452,21.63165386,0.252953959
278.498,21.63197527,0.254576019
278.632,21.63223332,0.256222553
279.271,21.64132879,0.257893526
279.278,21.64202543,0.259587541
279.285,21.64269678,0.26130397
279.308,21.64307425,0.263041518
279.351,21.64359574,0.264798543
279.378,21.64435647,0.26657282
279.405,21.64466234,0.268362952
279.45,21.6450813,0.270166962
279.476,21.64555128,0.271982826
279.519,21.6459552,0.273807735
279.544,21.64645742,0.275638826
279.567,21.64693206,0.277474553
279.611,21.64754607,0.279311737
279.638,21.64814328,0.28114715
279.786,21.64867611,0.282977912
280.491,21.65626522,0.284801659
280.5,21.65666419,0.286615257
280.509,21.65666419,0.28841571
280.517,21.65678767,0.290200309
280.523,21.65700221,0.291966425
280.566,21.65722233,0.293711739
280.593,21.65724088,0.295433587
280.638,21.65739196,0.297129603
280.664,21.65748748,0.298797454
280.689,21.65747016,0.300435385
280.732,21.65747445,0.302041358
280.759,21.65721804,0.3036131
280.786,21.65701477,0.305150085
280.831,21.65691009,0.306650734
280.97,21.65662478,0.308113263
281.668,21.65573227,0.309537652
281.677,21.65608612,0.310922704
281.686,21.656533,0.312268329
281.711,21.65709433,0.313574019
281.734,21.65751168,0.314839618
281.777,21.65808883,0.316064582
281.803,21.65851033,0.31725031
281.848,21.65905017,0.318396814
281.875,21.65959213,0.319504565
281.902,21.66004377,0.320574536
281.945,21.66072394,0.321608281
281.995,21.66127872,0.322606213
282.004,21.66185816,0.323569415
282.047,21.66244021,0.324499544
282.216,21.66288959,0.325397811
282.883,21.68239084,0.32626541
282.889,21.67532037,0.327103425
282.895,21.67562945,0.327913735
282.918,21.67602988,0.328697473
282.962,21.67631119,0.329456068
282.989,21.67644916,0.330190694
283.042,21.6766727,0.330902408
283.052,21.67687833,0.331592406
283.094,21.67711387,0.332262083
283.117,21.67745182,0.332911994
283.161,21.67776049,0.333543087
283.188,21.67805186,0.334155577
283.215,21.67838392,0.33475036
283.259,21.67865286,0.335327903
283.399,21.67899432,0.335889474
285.634,21.70302569,0.336434857
285.644,21.70307883,0.336963358
285.653,21.70307883,0.33747551
285.66,21.70309835,0.337972294
285.666,21.70319864,0.338452788
285.707,21.70315885,0.338916378
285.733,21.70321665,0.339362749
285.777,21.70313936,0.339791928
285.804,21.70308809,0.340204004
285.831,21.70304155,0.34059802
285.876,21.70279426,0.340973466
285.903,21.70275328,0.341329724
285.929,21.7026327,0.341666747
285.974,21.70261767,0.341984185
286.113,21.70254995,0.34228153
286.827,21.70054903,0.342558616
286.836,21.70078532,0.342815302
286.845,21.70091692,0.343051717
286.868,21.70110712,0.343267827
286.894,21.70150963,0.343463846
286.938,21.70186519,0.343639831
286.963,21.70244094,0.343796474
287.006,21.70276409,0.343934266
287.032,21.70329831,0.344053721
287.058,21.70370835,0.344156037
287.102,21.70405792,0.344242347
287.127,21.70442511,0.344313368
287.15,21.7049239,0.344371163
287.194,21.70536862,0.344416816
287.341,21.70578809,0.344451623
288.032,21.71446594,0.344477257
288.041,21.71493174,0.344495869
288.05,21.71550794,0.344509915
288.076,21.71596662,0.344520686
288.103,21.71650146,0.3445301
288.148,21.71697565,0.344539882
288.175,21.71747845,0.3445528
288.202,21.71803706,0.344570488
288.245,21.71847433,0.344594656
288.271,21.71895925,0.344627577
288.316,21.71936956,0.344671499
288.325,21.71985301,0.344727932
288.37,21.72029486,0.344798385
288.395,21.72064437,0.344884635
288.546,21.72109299,0.344988391
289.224,21.72826584,0.345110638
289.233,21.72866351,0.345251975
289.241,21.72930408,0.345413755
289.265,21.72973944,0.345596394
289.29,21.73025063,0.345800081
289.333,21.73087633,0.346025225
289.36,21.73159316,0.346271413
289.403,21.73220931,0.346538813
289.425,21.73277897,0.346826316
289.473,21.73322505,0.347133079
289.5,21.73389103,0.347458116
289.527,21.73427403,0.347799453
289.554,21.73470875,0.348156279
289.599,21.73514723,0.348526463
289.773,21.73552648,0.348907679
290.512,21.74620846,0.349297735
290.521,21.74704547,0.349694305
290.53,21.74704547,0.35009427
290.537,21.74704547,0.350494667
290.544,21.74739767,0.350892574
290.549,21.74762261,0.351284372
290.591,21.74783351,0.351667245
290.616,21.7480856,0.352036993
290.659,21.74818565,0.352390435
290.682,21.74848929,0.352723656
290.725,21.74863878,0.353033243
290.751,21.74874674,0.353314513
290.776,21.74895647,0.353564971
290.819,21.74911717,0.353780766
290.998,21.74938696,0.353958437
291.654,21.74933099,0.354094688
291.663,21.74886404,0.354185815
291.672,21.74845142,0.354228663
291.695,21.74845833,0.354220311
291.738,21.74832533,0.354157696
291.765,21.74818516,0.354037439
291.792,21.74804053,0.353857716
291.816,21.74813449,0.353616359
291.858,21.74805719,0.35331088
291.901,21.7481156,0.352939786
291.927,21.74813151,0.35250183
291.954,21.74814323,0.351993776
291.999,21.74808338,0.351418915
292.026,21.74798921,0.350773654
292.177,21.74774833,0.350058258
292.853,21.74694655,0.349272506
292.862,21.74724119,0.348416826
292.871,21.74724119,0.347491731
292.879,21.7474255,0.346497987
292.885,21.74767746,0.345437229
292.927,21.74785922,0.344310919
292.952,21.74793374,0.343120587
292.998,21.74790525,0.341868573
293.025,21.74825122,0.340557287
293.052,21.74851458,0.339188777
293.096,21.74874358,0.33776618
293.115,21.74898953,0.336292472
293.158,21.74925406,0.33477153
293.184,21.74945578,0.333206764
293.369,21.74973463,0.331601734
293.982,21.74557497,0.329960607
293.991,21.74467258,0.328287315
294,21.74467258,0.326585842
294.007,21.7443,0.324860725
294.014,21.74392349,0.323115966
294.055,21.74382904,0.321356102
294.08,21.7437162,0.319585333
294.124,21.74368159,0.317807938
294.15,21.74349306,0.316028611
294.194,21.74355234,0.314251617
294.222,21.74360184,0.312481053
294.248,21.74364983,0.310720345
294.293,21.74382118,0.308974439
294.319,21.74377247,0.307247269
294.462,21.74397387,0.305542012
295.161,21.73463195,0.303862619
295.17,21.7344969,0.302212391
295.179,21.73456006,0.300594377
295.205,21.73456346,0.299011424
295.231,21.73457375,0.297466304
295.274,21.73452445,0.29596127
295.299,21.73452499,0.294498694
295.326,21.73465506,0.293080397
295.369,21.73469126,0.291708165
295.41,21.73477398,0.290382847
295.434,21.73478554,0.289105963
295.459,21.73490261,0.287878094
295.503,21.73523941,0.286699775
295.529,21.73538691,0.285571402
295.675,21.73572586,0.28449283
296.313,21.74723608,0.283463975
296.332,21.74782077,0.282484588
296.339,21.74822743,0.281553511
296.35,21.74861738,0.280670121
296.373,21.74907093,0.279833199
296.416,21.74947013,0.279041939
296.442,21.74984346,0.278294589
296.486,21.75013831,0.27758962
296.512,21.75057065,0.276925504
296.555,21.75097522,0.276300434
296.598,21.75130953,0.275712863
296.608,21.75146392,0.275160834
296.652,21.75199319,0.274642546
296.679,21.7524744,0.274155713
296.86,21.75271208,0.273698577
297.602,21.75792321,0.273269391
297.61,21.75834343,0.27286664
297.619,21.75834343,0.272487921
297.626,21.75834343,0.272131503
297.633,21.75840157,0.271796384
297.638,21.75850613,0.271481203
297.662,21.75851899,0.271183913
297.703,21.75861201,0.270903347
297.726,21.758622,0.270638436
297.768,21.7587102,0.270388129
297.811,21.75877171,0.270151313
297.836,21.75875292,0.269927143
297.863,21.75882847,0.269715008
297.908,21.75876132,0.26951462
298.046,21.75873715,0.269325404
298.659,21.76094126,0.269147106
298.667,21.76105023,0.268979512
298.673,21.76106216,0.268822965
298.698,21.76096872,0.26867719
298.725,21.76070594,0.268542552
298.769,21.76037232,0.268419209
298.796,21.759861,0.268307784
298.841,21.75950584,0.26820841
298.868,21.75918763,0.268121509
298.895,21.75900207,0.268047771
298.941,21.75881964,0.267987778
298.967,21.75861422,0.267942676
298.991,21.75858255,0.267912094
299.018,21.75840118,0.267896837
299.174,21.75858627,0.267897793
301.273,21.76320181,0.267915122
301.282,21.76323448,0.267949033
301.291,21.76323448,0.268000641
301.3,21.76327334,0.268070204
301.307,21.76325435,0.268157694
301.349,21.76334723,0.268263865
301.374,21.76332284,0.268388645
301.418,21.76328206,0.268532169
301.445,21.76331406,0.268694382
301.472,21.76323032,0.268875271
301.516,21.76325168,0.269075073
301.543,21.7631786,0.26929302
301.57,21.76314609,0.269529077
301.597,21.76312205,0.269782791
301.749,21.76305966,0.270053688
302.416,21.76500132,0.270340955
302.425,21.76511597,0.270643677
302.432,21.76511597,0.270961396
302.439,21.76508709,0.271293507
302.633,21.76495869,0.271638639
302.642,21.76489239,0.271995314
302.651,21.76494686,0.272362517
302.659,21.76490317,0.272739844
302.665,21.76486834,0.273124795
302.671,21.76488119,0.273515923
302.677,21.76488756,0.273912532
302.682,21.76480166,0.274312984
302.705,21.76474343,0.274715382
302.748,21.76480077,0.275118146
302.895,21.76483444,0.275519655
303.526,21.76762294,0.275918332
303.535,21.76800657,0.276312427
303.544,21.76800657,0.276699915
303.551,21.76804875,0.277079077
303.558,21.76811343,0.27744886
303.599,21.76811791,0.277807024
303.624,21.76805654,0.278151692
303.665,21.76813598,0.278481144
303.708,21.76814497,0.278793692
303.735,21.76820646,0.279087581
303.78,21.76817694,0.279361035
303.789,21.76823982,0.279612573
303.833,21.76824265,0.279840651
303.86,21.76816861,0.280043541
304.038,21.76811842,0.280220054
304.662,21.7671446,0.280367867
304.671,21.76696485,0.280485972
304.68,21.76660797,0.280572928
304.704,21.76657185,0.280627537
304.73,21.76629898,0.280648305
304.774,21.7662951,0.280634749
304.8,21.76601865,0.280585387
304.845,21.76575128,0.280499474
304.871,21.76583156,0.280375552
304.897,21.76546708,0.28021352
304.938,21.76529319,0.280012808
304.963,21.76523205,0.279772824
305.008,21.76515256,0.279492798
305.035,21.76515004,0.279172865
305.209,21.76502651,0.278812966
305.814,21.76769716,0.278412457
305.822,21.76789094,0.277971497
305.83,21.76794901,0.27749024
305.854,21.76802061,0.27696966
305.896,21.76834946,0.276409127
305.92,21.76834989,0.275809599
305.962,21.76845996,0.275171981
305.988,21.76841116,0.27449727
306.012,21.76852888,0.273786204
306.1,21.76850656,0.273040022
306.127,21.76855216,0.272260114
306.154,21.76857295,0.271447715
306.181,21.76855673,0.270604258
306.331,21.76845996,0.269731681
307.058,21.76931304,0.268831704
307.067,21.76952432,0.267906274
307.076,21.76952432,0.266957676
307.084,21.76952432,0.265987925
307.09,21.76951551,0.264999619
307.095,21.76959038,0.263995196
307.123,21.76961637,0.262977209
307.166,21.76961426,0.261948735
307.192,21.76960876,0.260912689
307.235,21.76961301,0.259871758
307.261,21.76957208,0.258828938
307.287,21.76953654,0.257787766
307.331,21.76947172,0.256751751
307.358,21.76943295,0.255723927
307.502,21.76938945,0.25470788
308.22,21.76632376,0.253707209
308.228,21.76588496,0.252725758
308.236,21.76588496,0.251766686
308.244,21.76577033,0.250833758
308.25,21.76577033,0.249930503
308.256,21.76569774,0.249060204
308.279,21.76560489,0.248226865
308.322,21.76551507,0.247434062
308.349,21.76545084,0.246685247
308.394,21.765376,0.245983679
308.421,21.76532248,0.245333005
308.448,21.76528055,0.244736282
308.49,21.76523411,0.244197096
308.513,21.76517507,0.243717693
308.662,21.76503634,0.243301398
309.353,21.76554824,0.24295048
309.362,21.76588724,0.242666924
309.371,21.76588724,0.242453055
309.378,21.7659545,0.242311245
309.385,21.76620981,0.242242966
309.426,21.76638349,0.242249062
309.449,21.76657536,0.242331019
309.493,21.76682398,0.242489516
309.52,21.76712688,0.242725058
309.548,21.76744775,0.24303755
309.589,21.76755586,0.243427208
309.612,21.76794465,0.243893372
309.655,21.76829802,0.244434635
309.68,21.76870889,0.245050509
309.864,21.76909203,0.245739288
310.511,21.77744534,0.246499263
310.52,21.77829032,0.247328528
310.528,21.77829032,0.248224129
310.534,21.7788611,0.249183343
310.558,21.77922511,0.250202564
310.596,21.77954593,0.251278523
310.621,21.78020155,0.252407634
310.649,21.78049497,0.253585896
310.693,21.78092186,0.254809094
310.719,21.78131954,0.256072836
310.746,21.78165594,0.257372288
310.773,21.78202567,0.258702663
310.818,21.78237375,0.260059301
310.844,21.78269089,0.261436767
310.99,21.78302763,0.262829968
311.702,21.7912273,0.264233347
311.711,21.79209896,0.26564159
311.72,21.79209896,0.267049688
311.727,21.79238948,0.268452334
311.734,21.79279607,0.26984378
311.775,21.79320034,0.27121975
311.799,21.79351716,0.272574282
311.841,21.79393321,0.273902409
311.865,21.79404922,0.275199434
311.907,21.79445195,0.276460217
311.951,21.79498452,0.27768061
311.959,21.79505633,0.278856083
312.003,21.79552457,0.279982383
312.03,21.79584123,0.28105554
312.183,21.79629214,0.282072118
312.884,21.80552414,0.283028409
312.893,21.80640935,0.283921788
312.902,21.80640935,0.284749239
312.909,21.80701281,0.28550839
312.914,21.80743804,0.286197011
312.958,21.80799154,0.286813143
312.984,21.80850095,0.287355467
313.029,21.80906168,0.287822651
313.056,21.80959734,0.288213749
313.083,21.81005852,0.288528416
313.125,21.81048015,0.288766189
313.148,21.81090889,0.28892706
313.192,21.81117375,0.289011486
313.219,21.81147814,0.289020164
313.365,21.81171082,0.28895392
314.111,21.81603588,0.288813974
314.12,21.81590195,0.288602203
314.129,21.81590195,0.288319938
314.137,21.81599058,0.287969594
314.143,21.81599058,0.287553083
314.149,21.8158357,0.287073124
314.172,21.81590734,0.286532252
314.214,21.81592152,0.285933699
314.261,21.81594535,0.285280434
314.27,21.81586249,0.284575675
314.315,21.81584486,0.283822651
314.341,21.81596198,0.283025016
314.366,21.81591396,0.282186578
314.408,21.81590233,0.281311382
314.554,21.81599766,0.280403633
316.535,21.80947841,0.279467309
316.546,21.81068796,0.278506981
316.554,21.81068796,0.277526972
316.561,21.81108717,0.276531414
316.568,21.81108717,0.275525357
316.573,21.81149549,0.274513389
316.597,21.81185135,0.273499504
316.641,21.8122277,0.272488407
316.668,21.81249451,0.271485372
316.712,21.81292852,0.270494645
316.735,21.81323547,0.269520807
316.758,21.81360559,0.268568582
316.808,21.81399036,0.267642957
316.834,21.81405163,0.266748488
316.977,21.81446601,0.265889221
317.69,21.81953264,0.265069697
317.699,21.82035028,0.264294485
317.714,21.82035028,0.263568036
317.721,21.82057758,0.262893892
317.727,21.82057758,0.262276451
317.732,21.82075192,0.261719364
317.755,21.82096519,0.261226431
317.778,21.82116624,0.260801259
317.822,21.82139459,0.260447246
317.867,21.82159402,0.260167427
317.894,21.82193048,0.259964767
317.921,21.82221145,0.259842097
317.963,21.82246662,0.259801287
317.988,21.82285951,0.259844959
318.134,21.82314657,0.259974668
318.802,21.83070477,0.260192372
318.811,21.83101543,0.260498841
318.82,21.83116686,0.260894942
318.846,21.8312103,0.261381401
318.871,21.83125894,0.261958657
318.897,21.8313982,0.262626123
318.94,21.83148093,0.263383815
318.963,21.83141776,0.264230865
319.006,21.83148734,0.26516585
319.032,21.8314651,0.26618679
319.076,21.83150789,0.267292246
319.103,21.83153079,0.268479991
319.128,21.83158971,0.269746513
319.172,21.83192388,0.271089008
319.313,21.83180322,0.272504426
319.991,21.8368152,0.273988875
320,21.83688478,0.275537914
320.007,21.83688478,0.277147239
320.014,21.83692403,0.278812882
320.038,21.83702034,0.280529477
320.064,21.83700775,0.282292151
320.109,21.83709288,0.284095009
320.136,21.83719148,0.285932531
320.163,21.83729471,0.287799056
320.208,21.83743769,0.289688963
320.234,21.8375239,0.291595727
320.26,21.83771597,0.293512833
320.304,21.83793541,0.295434557
320.328,21.83802522,0.297355214
320.509,21.8383079,0.299268192
321.158,21.84083037,0.301167451
321.167,21.84073676,0.303047302
321.176,21.84080358,0.304901688
321.202,21.84085899,0.306724731
321.227,21.84089426,0.308510625
321.271,21.84098081,0.310256531
321.297,21.84094013,0.311952616
321.322,21.84098387,0.313596691
321.366,21.84095895,0.315183545
321.392,21.84091739,0.316709516
321.436,21.84097587,0.318170787
321.463,21.84098129,0.319563547
321.49,21.84108747,0.320884323
321.535,21.84110611,0.322130361
321.67,21.84113359,0.323299529
322.285,21.84159775,0.324389971
322.294,21.84155818,0.325399666
322.302,21.84154149,0.326327433
322.328,21.8415417,0.327172714
322.355,21.84149733,0.327935247
322.4,21.84145816,0.328613757
322.426,21.84146241,0.329209194
322.473,21.84144482,0.329723014
322.501,21.84142027,0.330156241
322.529,21.84138397,0.330510088
322.557,21.84141469,0.330786002
322.583,21.84141508,0.33098689
322.627,21.84146644,0.331114763
322.654,21.84148325,0.331172386
322.8,21.84149533,0.331162504
323.427,21.84201903,0.33108838
323.436,21.84176117,0.330953331
323.445,21.84176117,0.33076068
323.453,21.84142261,0.330514068
323.459,21.84102112,0.330217231
323.5,21.84047822,0.32987382
323.525,21.83989305,0.329487737
323.569,21.83927247,0.329062816
323.596,21.83874429,0.328602393
323.639,21.83818168,0.328110759
323.665,21.83757658,0.327591256
323.69,21.83705516,0.327047579
323.732,21.83640712,0.326483476
323.759,21.83571595,0.325901809
323.904,21.83522864,0.325305896
324.527,21.8246122,0.324698845
324.536,21.82434758,0.324083786
324.545,21.82419993,0.323463124
324.568,21.82394687,0.322839309
324.592,21.82382554,0.322214471
324.637,21.8235565,0.321591166
324.664,21.82340034,0.320970988
324.689,21.82313975,0.320355465
324.732,21.82289935,0.319745665
324.776,21.82269642,0.319143514
324.803,21.82241837,0.318549238
324.829,21.82192867,0.317964157
324.854,21.82142768,0.317388144
324.895,21.82111699,0.316821816
325.046,21.8205749,0.316265151
325.759,21.80730421,0.315718134
325.767,21.80627114,0.315180318
325.776,21.80627114,0.314651493
325.784,21.80575466,0.314131418
325.79,21.805242,0.3136192
325.824,21.80469403,0.31311396
325.867,21.80426006,0.312614769
325.893,21.8038167,0.312121138
325.938,21.80338924,0.311631681
325.964,21.80291871,0.31114487
326.009,21.80245371,0.310659581
326.018,21.80197381,0.310175389
326.062,21.80145189,0.30969045
326.089,21.80086268,0.309203638
326.272,21.80034142,0.308713687
326.94,21.78228395,0.308219274
326.949,21.78133215,0.307719043
326.958,21.78037267,0.307211755
326.982,21.77944166,0.306696365
327.007,21.77845396,0.30617154
327.048,21.77741594,0.305636778
327.088,21.77654862,0.305090603
327.111,21.77587524,0.304531927
327.154,21.77519702,0.303959825
327.181,21.77450817,0.30337351
327.226,21.77399139,0.302772713
327.249,21.77371297,0.302156466
327.276,21.77330301,0.301524205
327.3,21.77279189,0.3008753
327.488,21.77248437,0.3002088
328.268,21.77056267,0.29952421
328.277,21.77036739,0.298825121
328.286,21.77036739,0.29810519
328.293,21.77036739,0.297367183
328.299,21.77014422,0.29661069
328.304,21.76967293,0.295835927
328.328,21.7695421,0.29504301
328.37,21.76973436,0.294232397
328.395,21.76978517,0.293403949
328.437,21.7698823,0.292557911
328.48,21.77027146,0.291694422
328.507,21.77079616,0.290813194
328.534,21.77107855,0.289915942
328.56,21.77145655,0.28900292
328.714,21.77202078,0.288074213
329.351,21.7765432,0.287130499
329.36,21.7692329,0.286172232
329.368,21.76915332,0.285200118
329.392,21.76922964,0.284214914
329.415,21.76898152,0.283216962
329.459,21.76921073,0.282206795
329.486,21.76918126,0.281185178
329.531,21.76915847,0.280152758
329.556,21.76920775,0.279110284
329.598,21.76916705,0.278058005
329.625,21.76926877,0.276996915
329.651,21.76913096,0.275927673
329.695,21.76915724,0.274850882
329.722,21.76915613,0.273767222
329.898,21.768977,0.272677183
332.071,21.74925822,0.27158154
332.081,21.75005446,0.270480902
332.09,21.75005446,0.269375768
332.098,21.75025206,0.268266772
332.104,21.75025206,0.267154887
332.11,21.75037047,0.266040527
332.133,21.75059108,0.264924844
332.174,21.75068949,0.263808289
332.2,21.7508781,0.262691848
332.227,21.75111193,0.261576573
332.27,21.75128063,0.260463123
332.296,21.75144441,0.259352143
332.347,21.75153921,0.258244681
332.374,21.75162138,0.257141927
332.513,21.75168577,0.256044922
333.248,21.7472715,0.254955032
333.257,21.74689643,0.25387359
333.266,21.74640137,0.252801779
333.29,21.74571472,0.251740637
333.316,21.74513975,0.250691707
333.361,21.7447329,0.249656253
333.387,21.74433247,0.248635913
333.43,21.74393599,0.247631788
333.455,21.74368393,0.246645831
333.498,21.74347294,0.245679905
333.524,21.74321722,0.244735248
333.551,21.74295014,0.243813351
333.578,21.74265996,0.242917076
333.621,21.74243114,0.242047954
333.766,21.74237632,0.241206808
334.396,21.73665961,0.240395805
334.405,21.73617986,0.239617382
334.414,21.73582902,0.238873463
334.438,21.73531806,0.238164347
334.48,21.73491626,0.237491597
334.507,21.73436196,0.236857939
334.534,21.73373025,0.236264288
334.561,21.73311746,0.235711791
334.605,21.73235265,0.235201528
334.63,21.73152739,0.23473494
334.672,21.73065139,0.234312485
334.696,21.7298721,0.233935063
334.722,21.72946075,0.233602824
334.767,21.72905752,0.233316198
334.914,21.72867396,0.233074616
335.664,21.71412024,0.232878186
335.67,21.71309693,0.232726327
335.675,21.71309693,0.232618257
335.68,21.71309693,0.232552946
335.686,21.71279087,0.232529389
335.692,21.71276586,0.232545753
335.736,21.71245366,0.232600081
335.762,21.71229705,0.232690191
335.806,21.71225814,0.232813238
335.833,21.71214795,0.232966828
335.878,21.71217193,0.233147669
335.902,21.71216152,0.233353087
335.928,21.71214565,0.233578453
335.973,21.71214289,0.233820754
336.114,21.71213783,0.234075929
336.816,21.71145807,0.234339974
336.825,21.7113063,0.234607918
336.834,21.7113063,0.234875886
336.841,21.71132251,0.235139097
336.848,21.71119464,0.235392891
336.891,21.71107819,0.235632033
336.918,21.7109644,0.23585208
336.963,21.71063372,0.236048739
336.99,21.71039015,0.236216503
337.016,21.71024187,0.236350076
337.086,21.71026252,0.236445444
337.109,21.71096084,0.23649763
337.152,21.710699,0.23650272
337.297,21.71142636,0.236456158
337.993,21.71419879,0.236353856
338.002,21.71179248,0.236191593
338.01,21.71179248,0.235966171
338.017,21.71073444,0.235673998
338.023,21.71073444,0.235312388
338.029,21.70975224,0.23487781
338.054,21.70886341,0.234368176
338.098,21.70811415,0.233780824
338.125,21.70705523,0.233117554
338.169,21.70627317,0.23237028
338.194,21.70540716,0.231540801
338.221,21.70453484,0.230628607
338.268,21.70355491,0.229631023
338.294,21.70256043,0.228552424
338.437,21.70153539,0.227390347
339.169,21.6832861,0.226145801
339.178,21.6828571,0.224819133
339.187,21.68250174,0.223411472
339.213,21.68213641,0.22192483
339.238,21.68170546,0.220361157
339.272,21.68127871,0.218722361
339.316,21.68084463,0.217010688
339.343,21.68043724,0.21522894
339.37,21.67995805,0.213380469
339.414,21.679423,0.211468029
339.44,21.67897716,0.209494813
339.466,21.6784374,0.207464662
339.509,21.67783752,0.205382061
339.534,21.67692817,0.203249909
339.683,21.6761501,0.201071653
340.458,21.65355695,0.198851995
340.477,21.65319107,0.196594559
340.483,21.65319107,0.194303638
340.489,21.65319107,0.191983208
340.494,21.6532661,0.18963769
340.504,21.6533465,0.187271199
340.547,21.65317311,0.184887824
340.572,21.6532365,0.182491532
340.615,21.65346514,0.180086584
340.642,21.65349514,0.177677058
340.687,21.65361079,0.175266939
340.695,21.65357193,0.172859937
340.74,21.65357566,0.170459766
340.767,21.65348548,0.168070148
340.915,21.65342245,0.165694741
341.629,21.6497518,0.163337042
341.638,21.64890968,0.161000312
341.646,21.64890968,0.158687974
341.654,21.64841968,0.156403027
341.66,21.64780698,0.154148102
341.703,21.6471374,0.151926591
341.729,21.64650018,0.149740872
341.773,21.64573034,0.147593634
341.8,21.64496789,0.145486919
341.844,21.64421042,0.143423353
341.871,21.64355798,0.141405229
341.898,21.64297755,0.139434334
341.923,21.64208563,0.13751211
341.966,21.64121002,0.135640772
342.108,21.64047174,0.133821738
342.744,21.63539379,0.132057062
342.753,21.63553458,0.130346992
342.762,21.63569565,0.128693416
342.787,21.63588953,0.127096852
342.811,21.63618599,0.125558518
342.855,21.63642147,0.124078658
342.882,21.63669279,0.122658172
342.927,21.63691699,0.121297175
342.953,21.63712755,0.119996047
342.98,21.63745472,0.118754412
343.025,21.63762528,0.117572223
343.052,21.63778274,0.116449251
343.079,21.63788176,0.115384462
343.124,21.63812571,0.114377633
343.293,21.63818584,0.113427837
343.899,21.63349962,0.112534313
343.907,21.63335907,0.111695554
343.933,21.63306738,0.110910382
343.958,21.63302476,0.110177012
344,21.63288759,0.109494165
344.027,21.63279546,0.108859509
344.054,21.63275743,0.108271198
344.098,21.63263029,0.107727179
344.124,21.63262956,0.107225124
344.167,21.63254583,0.106762599
344.191,21.63254739,0.106337227
344.216,21.63267472,0.105946049
344.259,21.63253403,0.105585505
344.402,21.63235294,0.105253337
345.073,21.63225736,0.104946653
345.082,21.63216532,0.104662384
345.091,21.63216532,0.104397585
345.098,21.63218998,0.104148787
345.105,21.63217357,0.103912478
345.148,21.63223077,0.103685538
345.175,21.63216741,0.10346494
345.219,21.63218629,0.103248016
345.246,21.63217443,0.103031302
345.273,21.63218509,0.102808309
345.318,21.63220873,0.102582462
345.345,21.63217096,0.102346928
345.372,21.63222303,0.102099447
345.398,21.63222099,0.101836691
345.552,21.6322276,0.101555873
347.657,21.61457745,0.101254439
347.685,21.61421849,0.100930777
347.691,21.6140001,0.100580921
347.735,21.61378181,0.100203859
347.794,21.61291811,0.099797459
347.821,21.61335478,0.099359485
347.893,21.61286968,0.098888217
347.92,21.61279848,0.098382577
347.948,21.61252224,0.097841315
347.993,21.61239512,0.097263237
348.135,21.61224176,0.09664736
348.883,21.61139605,0.095993007
348.892,21.61165897,0.095299869
348.9,21.61165897,0.094567449
348.908,21.61165897,0.093795631
348.914,21.61164495,0.092984482
348.919,21.61175783,0.092134093
348.943,21.61196219,0.091245198
348.986,21.61186396,0.090318285
349.013,21.61216664,0.089353929
349.058,21.61227304,0.088353079
349.084,21.61255618,0.08731668
349.109,21.61267558,0.086246193
349.151,21.61265114,0.085142681
349.176,21.61319395,0.084007591
349.293,21.61327955,0.082842899
350.007,21.6172124,0.08164966
350.016,21.61748668,0.080429768
350.025,21.61748668,0.079185115
350.032,21.61757496,0.077917258
350.038,21.61763263,0.076628133
350.083,21.61766226,0.07531978
350.107,21.61781812,0.073994004
350.15,21.61792502,0.072653471
350.27,21.61814876,0.071300226
350.315,21.6182316,0.069936378
350.342,21.61832535,0.068563773
350.486,21.61837343,0.067184923
351.133,21.61889475,0.065801743
351.142,21.61886424,0.064416756
351.151,21.61894902,0.063032202
351.177,21.61897462,0.061650342
351.204,21.61907884,0.060273575
351.248,21.61912668,0.058903867
351.275,21.61903364,0.057543791
351.301,21.61913074,0.056195986
351.345,21.61906983,0.054862356
351.373,21.61908888,0.053545074
351.417,21.61896757,0.052246681
351.444,21.61883057,0.05096983
351.47,21.61877443,0.049716234
351.494,21.61857044,0.0484882
351.682,21.61844461,0.047288419
352.35,21.61436628,0.046118972
352.359,21.6142751,0.044981593
352.368,21.6142751,0.04387813
352.376,21.61437284,0.042811556
352.382,21.61460921,0.04178391
352.424,21.61479245,0.040796464
352.449,21.6148856,0.039851088
352.494,21.61492534,0.038949558
352.521,21.61499132,0.038093857
352.548,21.61497489,0.037285637
352.593,21.61489931,0.036526226
352.62,21.61508646,0.035817047
352.647,21.61541995,0.035159457
352.691,21.61577019,0.034554272
352.862,21.61602943,0.034002915
353.507,21.61491637,0.033505753
353.516,21.61470018,0.033063633
353.524,21.61470018,0.032676856
353.531,21.61470541,0.032346287
353.554,21.6146579,0.03207087
353.579,21.6147047,0.031851069
353.624,21.61465905,0.031686474
353.65,21.61472724,0.031576735
353.678,21.6146955,0.031521481
353.721,21.6147283,0.031519448
353.747,21.61490851,0.031569664
353.773,21.61490401,0.031670344
353.8,21.61499696,0.031820328
353.846,21.61502722,0.032017564
353.986,21.61510838,0.032260505
354.642,21.61735927,0.032546657
354.65,21.61755179,0.032873693
354.658,21.61768033,0.033238648
354.683,21.61784307,0.033639833
354.706,21.61776963,0.034073708
354.748,21.61779846,0.034537209
354.771,21.61803522,0.035027061
354.815,21.61821827,0.035540069
354.86,21.61817798,0.036073124
354.887,21.61836809,0.036622995
354.914,21.61865119,0.037185888
354.94,21.6188325,0.037758281
354.985,21.61908902,0.038336597
355.012,21.61941355,0.038917196
355.156,21.61979495,0.039496601
355.784,21.62433288,0.040071174
355.79,21.62432395,0.040637662
355.796,21.62436511,0.041193291
355.819,21.62411095,0.041734224
355.863,21.62415953,0.042257228
355.89,21.6240446,0.042759974
355.935,21.62386278,0.04323966
355.962,21.62370358,0.043690285
355.989,21.62347492,0.044116161
356.016,21.62332665,0.044511703
356.06,21.62308217,0.04487461
356.085,21.62286641,0.045203343
356.128,21.62269994,0.045496582
356.155,21.62245081,0.045753235
356.311,21.62233847,0.045972059
356.985,21.62161307,0.0461527
356.994,21.62156108,0.046295039
357.003,21.62156108,0.046398666
357.011,21.6215367,0.046464396
357.017,21.62144887,0.046492941
357.059,21.62133683,0.046485069
357.084,21.62123779,0.046442311
357.129,21.62103996,0.046365963
357.156,21.62085523,0.046258236
357.183,21.62061879,0.046121429
357.227,21.62032743,0.045957896
357.252,21.62006523,0.045770421
357.276,21.61972258,0.045561898
357.317,21.61933855,0.045339341
357.499,21.61898665,0.045099387
358.122,21.61998464,0.044853417
358.131,21.62003684,0.044597956
358.139,21.62000641,0.044340774
358.164,21.61992002,0.044085704
358.188,21.6197847,0.043837212
358.228,21.61959694,0.043600006
358.271,21.6193701,0.043378734
358.297,21.61934522,0.043177741
358.324,21.6192411,0.043002225
358.37,21.61899097,0.042856628
358.397,21.61880621,0.042745821
358.423,21.61860296,0.042674361
358.448,21.61849979,0.042646968
358.492,21.61840537,0.042667897
358.672,21.61823455,0.042741739
359.26,21.61216873,0.042872688
359.269,21.61202296,0.043064156
359.278,21.61178054,0.043320412
359.304,21.61148628,0.0436452
359.33,21.61136526,0.044041478
359.374,21.61133159,0.044512566
359.401,21.61122633,0.045061303
359.446,21.6111092,0.045690116
359.473,21.61087,0.046401136
359.499,21.61071219,0.0471959
359.544,21.61052554,0.048076107
359.571,21.61031506,0.04904308
359.598,21.61011863,0.050097007
359.625,21.6099598,0.051238442
359.785,21.60983902,0.052467384
360.467,21.60771559,0.053783589
360.476,21.60770781,0.055186109
360.485,21.60770781,0.056674116
360.493,21.60773366,0.05824587
360.499,21.60782508,0.059899523
360.541,21.60788751,0.061632895
360.566,21.60800261,0.063443741
360.609,21.60814426,0.065328937
360.633,21.60840557,0.067285594
360.676,21.60874665,0.069310386
360.703,21.60907177,0.071399654
360.73,21.60971876,0.073549804
360.774,21.61044867,0.075756754
360.8,21.61118297,0.078015854
360.945,21.61213652,0.08032285
362.859,21.62032893,0.082673178
362.869,21.6206039,0.085062147
362.88,21.6206039,0.087485259
362.887,21.62069984,0.089937194
362.894,21.62069984,0.092413546
362.9,21.62086932,0.094909135
362.924,21.62096234,0.097419198
362.967,21.62113492,0.099938697
362.993,21.62129994,0.102462854
363.02,21.62153054,0.104987026
363.302,21.6217112,0.107506299
363.312,21.62205506,0.110016542
363.321,21.62214683,0.11251306
363.329,21.62256109,0.114991201
363.336,21.6227155,0.117446874
364.044,21.6327147,0.119875665
364.053,21.63322454,0.122273959
364.061,21.63322454,0.124638192
364.069,21.63345911,0.126964685
364.076,21.63378227,0.129249596
364.12,21.63396756,0.13148969
364.145,21.63415251,0.133682328
364.187,21.63409725,0.135824381
364.213,21.63393638,0.137912898
364.255,21.63389563,0.139945588
364.281,21.63362898,0.141920215
364.308,21.63329779,0.143834706
364.353,21.63272544,0.14568681
364.38,21.63219628,0.147474907
364.523,21.63134212,0.149197479
365.147,21.62971751,0.150853807
365.157,21.62991649,0.152442128
365.165,21.63017697,0.153961351
365.189,21.63052611,0.155410825
365.212,21.63082813,0.156790033
365.256,21.63116193,0.158098387
365.283,21.6311676,0.159335281
365.309,21.63120106,0.160500907
365.353,21.63108113,0.161595346
365.38,21.63094533,0.162618708
365.424,21.63082258,0.163571394
365.451,21.63062361,0.164454158
365.478,21.63028484,0.165267779
365.523,21.63041792,0.166013401
365.695,21.63038782,0.166691617
366.272,21.63073236,0.167304061
366.281,21.63064251,0.167851964
366.29,21.63060849,0.168337155
366.315,21.63041376,0.168761804
366.34,21.63048638,0.169128035
366.367,21.63026368,0.169437691
366.412,21.63000612,0.16969343
366.439,21.62973345,0.169897894
366.51,21.62740635,0.17005368
366.561,21.62882437,0.17016403
366.605,21.62542486,0.170231675
367.505,21.62490592,0.170260131
367.51,21.62489877,0.170252974
367.516,21.62489877,0.170213352
367.521,21.62489877,0.170145027
367.527,21.62490315,0.170051832
367.55,21.62492011,0.169938023
367.573,21.62494002,0.169806939
367.596,21.62507416,0.169662649
367.64,21.62510117,0.169509525
367.686,21.62506239,0.169351353
367.711,21.62510424,0.169192212
367.738,21.62513223,0.169035994
367.765,21.62512983,0.168887061
367.81,21.62527194,0.16874902
367.95,21.62547673,0.168625641
368.605,21.62739887,0.168521023
368.614,21.62757753,0.168438489
368.623,21.6276751,0.168381282
368.649,21.62781953,0.16835265
368.676,21.62786069,0.168355789
368.721,21.62792638,0.168393006
368.748,21.62819848,0.168469596
368.775,21.62829909,0.16858604
368.818,21.62835753,0.168744473
368.843,21.62855092,0.168946755
368.9,21.62868334,0.169194395
368.906,21.62875325,0.169488139
368.949,21.62902456,0.169827084
368.976,21.6293511,0.17021349
369.12,21.62949446,0.170647724
369.765,21.63485538,0.171129809
369.77,21.63521771,0.171659497
369.776,21.63553879,0.17223539
369.799,21.6358083,0.172856169
369.841,21.63617974,0.173520852
369.866,21.63642176,0.174227723
369.907,21.63662998,0.174974661
369.932,21.63686658,0.175759891
369.977,21.63711756,0.176580169
370.004,21.63734213,0.177433436
370.049,21.63742166,0.178316388
370.076,21.63770361,0.179225976
370.103,21.63787153,0.180158768
370.129,21.63808878,0.181111556
370.282,21.63833275,0.182080978
370.982,21.64310283,0.18306345
370.99,21.64423715,0.184055307
370.998,21.64423715,0.185052852
371.006,21.64423715,0.18605344
371.012,21.64453575,0.18705243
371.018,21.64484092,0.188047015
371.04,21.64525992,0.189033979
371.082,21.64553718,0.190010024
371.126,21.64593101,0.190971987
371.153,21.64626552,0.191917131
371.179,21.64652757,0.192843275
371.206,21.6469912,0.193748003
371.25,21.64723053,0.194629301
371.274,21.64761719,0.195485082
371.426,21.64803472,0.196314235
372.077,21.65629436,0.197115597
372.086,21.65658355,0.197888645
372.095,21.65697102,0.198632677
372.119,21.65729155,0.199347385
372.143,21.65763701,0.200032913
372.184,21.65792728,0.200690069
372.226,21.65824129,0.201319662
372.249,21.65874474,0.201923024
372.292,21.65902901,0.202501481
372.318,21.65939249,0.203056902
372.361,21.65966146,0.203591163
372.388,21.65983458,0.204106633
372.415,21.66017143,0.204605066
372.462,21.66040987,0.205089407
372.592,21.66042282,0.205562979
373.334,21.66006975,0.206028102
373.343,21.65953453,0.206488011
373.352,21.65953453,0.206945945
373.359,21.65949805,0.207404659
373.366,21.65949805,0.207867123
373.372,21.65935271,0.208336572
373.395,21.65923494,0.208816101
373.437,21.6591953,0.209308327
373.464,21.65899498,0.20981578
373.509,21.65893573,0.210341147
373.535,21.65878826,0.210886611
373.56,21.65874428,0.2114538
373.602,21.65863683,0.212044921
373.627,21.65854167,0.212660932
373.777,21.65848328,0.213303069
374.456,21.65773393,0.213972388
374.464,21.65787697,0.214668401
374.469,21.65814996,0.215391372
374.494,21.65829054,0.216141503
374.535,21.6585686,0.216917916
374.559,21.65881572,0.217719011
374.601,21.65896548,0.218542769
374.628,21.65917999,0.219388018
374.655,21.6593483,0.220249589
374.699,21.65959174,0.221130851
374.724,21.65986274,0.222021816
374.766,21.66005544,0.222926993
374.791,21.66031301,0.22383845
374.818,21.6606805,0.224752533
374.971,21.66090116,0.225664929
375.692,21.66503874,0.226571474
375.701,21.66583924,0.227468027
375.709,21.66583924,0.228349884
375.717,21.66623142,0.229211864
375.724,21.66663352,0.230049443
375.766,21.66713296,0.230857987
375.791,21.66756814,0.231632621
375.835,21.66814738,0.232368524
375.862,21.66858986,0.233061689
375.907,21.66914094,0.233706676
375.932,21.66982532,0.234299529
375.957,21.67039725,0.234836568
376.005,21.67092069,0.235313525
376.032,21.67152287,0.23572685
376.204,21.67199689,0.236072754
378.415,21.65966819,0.23634824
378.425,21.66111007,0.236550538
378.435,21.66111007,0.236677341
378.455,21.66139699,0.236726864
378.478,21.66168693,0.236697457
378.52,21.66230178,0.23658731
378.546,21.66325557,0.236395481
378.591,21.65935896,0.236121396
378.617,21.65944207,0.23576451
378.644,21.65947286,0.235325353
378.689,21.65969298,0.234804137
378.716,21.65998036,0.234201373
378.893,21.66023009,0.233518145
379.562,21.65984526,0.232756224
379.571,21.65999835,0.231917573
379.58,21.65999835,0.231003661
379.588,21.65999826,0.230016645
379.594,21.66032914,0.228959289
379.636,21.66096345,0.227834598
379.662,21.66050304,0.226644929
379.707,21.66055447,0.22539347
379.733,21.66064293,0.224083269
379.778,21.66138263,0.222717695
379.804,21.66112299,0.221300357
379.831,21.66148399,0.21983425
379.858,21.66197105,0.218323432
379.903,21.66229554,0.216771248
380.04,21.66263558,0.215181065
380.711,21.66162811,0.213556732
380.72,21.66122387,0.211902014
380.729,21.66107115,0.210220359
380.754,21.66062106,0.208515017
380.779,21.66037389,0.206789677
380.823,21.66011175,0.205047614
380.85,21.65968037,0.203292129
380.893,21.65943507,0.201527142
380.919,21.65920185,0.199755493
380.944,21.65911584,0.197980288
380.987,21.65881957,0.196204772
381.013,21.65888621,0.194431848
381.039,21.6589638,0.192664508
381.082,21.65884553,0.190905295
381.227,21.65887922,0.189157288
381.895,21.66183718,0.18742312
381.904,21.66190681,0.185705733
381.913,21.66194417,0.184007314
381.938,21.66212205,0.182330237
381.96,21.66222378,0.18067723
382.004,21.66230604,0.179049878
382.031,21.66261288,0.17745129
382.076,21.66266252,0.175883214
382.104,21.66282104,0.1743479
382.13,21.66290355,0.172848049
382.175,21.66286819,0.171385436
382.202,21.66300074,0.169961982
382.229,21.66303165,0.168579645
382.274,21.66307874,0.16723972
382.409,21.66327669,0.165945292
383.064,21.66609757,0.16469772
383.073,21.66635536,0.163498145
383.09,21.66635536,0.162348581
383.097,21.66649904,0.161250836
383.103,21.66664191,0.160209543
383.144,21.66663828,0.159219096
383.168,21.66674267,0.158284596
383.21,21.66677179,0.157407282
383.234,21.66685351,0.156588302
383.278,21.66694322,0.155828625
383.305,21.66691686,0.15512875
383.33,21.66708108,0.154490498
383.373,21.66750224,0.153914688
383.4,21.66725784,0.153401639
383.51,21.66728517,0.152951839
384.201,21.66616015,0.15256557
384.211,21.66621367,0.15224339
384.222,21.66621367,0.151985716
384.228,21.66598629,0.151792055
384.233,21.66598629,0.151662653
384.239,21.66602413,0.151597101
384.262,21.66597528,0.151594814
384.305,21.66601809,0.151655397
384.332,21.66632779,0.151778244
384.377,21.6664081,0.151962255
384.401,21.66646112,0.152206818
384.444,21.66648459,0.152510624
384.471,21.66671592,0.152872306
384.496,21.66684619,0.153289665
384.646,21.6669926,0.15376221
385.279,21.66931929,0.154287947
385.288,21.66951832,0.154864979
385.297,21.66951832,0.155490961
385.302,21.66964188,0.156164401
385.308,21.66977519,0.156882783
385.351,21.67015538,0.157642929
385.377,21.67006828,0.1584433
385.404,21.67016362,0.159281113
385.449,21.67031277,0.160153409
385.476,21.67044561,0.161057666
385.521,21.67076133,0.161990961
385.548,21.67073132,0.16295054
385.575,21.6707615,0.16393331
385.618,21.67087959,0.164936538
385.753,21.6710937,0.1659548
386.448,21.67540231,0.166987474
386.456,21.67588491,0.168031213
386.464,21.67588491,0.169083002
386.473,21.67588491,0.170139802
386.479,21.67613858,0.171199061
386.485,21.6760655,0.172259721
386.508,21.67643495,0.173316554
386.548,21.67657628,0.174366261
386.591,21.67654424,0.175405734
386.616,21.67677671,0.176432754
386.66,21.67696953,0.177444694
386.687,21.6773168,0.178438903
386.714,21.67732869,0.179412879
386.74,21.67758532,0.180364096
386.891,21.67770182,0.181290692
387.514,21.6788879,0.182190223
387.523,21.67898871,0.183061232
387.531,21.67898883,0.18390097
387.555,21.67911396,0.184708216
387.581,21.67913181,0.185481429
387.626,21.67922283,0.186219415
387.653,21.67925247,0.186920083
387.68,21.67930172,0.187582779
387.724,21.67935596,0.188206634
387.75,21.67935839,0.188790201
387.794,21.67943371,0.189333013
387.821,21.67946759,0.189833296
387.848,21.6795853,0.19029223
387.875,21.67965212,0.19070849
388.027,21.67966146,0.191081897
388.627,21.67283252,0.19141243
388.636,21.67233615,0.191700171
388.645,21.67181035,0.191945278
388.671,21.671229,0.192147731
388.697,21.67085044,0.19230766
388.741,21.67028087,0.19242579
388.768,21.66987767,0.19250253
388.795,21.66946251,0.19253833
388.839,21.66916993,0.192533914
388.867,21.66869194,0.192489937
388.912,21.66807085,0.192407175
388.939,21.66773938,0.19228678
388.966,21.66746698,0.192129557
388.993,21.66716849,0.191936577
389.144,21.66701186,0.191708939
389.846,21.66227904,0.191447743
389.855,21.66218805,0.191154771
389.864,21.66218805,0.190830811
389.871,21.66212009,0.190477787
389.878,21.66217113,0.190096744
389.909,21.66206491,0.189690087
389.951,21.6619394,0.189258978
389.974,21.66197962,0.188805333
390.018,21.66237918,0.188330886
390.043,21.66178481,0.187837619
390.086,21.66153679,0.187327407
390.113,21.66129353,0.1868027
390.14,21.66107748,0.186265698
390.183,21.66090289,0.185718372
390.325,21.65996867,0.185162971
391.041,21.66163973,0.184602044
391.047,21.66212068,0.184038352
391.053,21.66212068,0.183474258
391.059,21.66212068,0.18291228
391.065,21.66229901,0.182355676
391.069,21.66246471,0.181806708
391.114,21.6623371,0.181268088
391.14,21.66222121,0.180743257
391.185,21.66211135,0.180235008
391.212,21.662155,0.179746863
391.257,21.66176873,0.179281605
391.284,21.66137278,0.178841825
391.31,21.66121293,0.178430905
391.353,21.66082103,0.178052027
391.485,21.66045715,0.177708636
393.722,21.66420009,0.177403257
393.732,21.66479013,0.177138843
393.742,21.66479013,0.176918476
393.749,21.66514435,0.176744862
393.755,21.66514435,0.176620255
393.761,21.66514435,0.176547784
393.767,21.66514435,0.176529928
393.773,21.66555918,0.176569347
393.779,21.66595908,0.176668177
393.822,21.66646353,0.176827972
393.849,21.66660584,0.177051042
393.876,21.66704097,0.177339168
393.921,21.66727586,0.177693772
393.947,21.66756715,0.178115905
394.093,21.66786612,0.178606735
394.807,21.67258243,0.179166891
394.813,21.67300074,0.179796666
394.818,21.67300074,0.180496982
394.824,21.67306734,0.181267356
394.846,21.67341594,0.182107611
394.871,21.67388094,0.18301761
394.914,21.6741508,0.18399598
394.941,21.67459719,0.185042011
394.986,21.67495945,0.186153681
395.014,21.67526192,0.187329675
395.059,21.67563715,0.188568685
395.068,21.67589794,0.189867745
395.113,21.67623942,0.191224524
395.138,21.67649391,0.19263682
395.288,21.67666766,0.194101646
395.97,21.68154089,0.195615889
395.978,21.68170119,0.197176296
395.984,21.68170119,0.198778987
395.989,21.68163044,0.200420493
396.013,21.68188167,0.202097173
396.038,21.68184309,0.203804312
396.08,21.68179566,0.205537694
396.104,21.68186131,0.207293024
396.132,21.6819219,0.20906609
396.175,21.68192716,0.210852381
396.216,21.68206168,0.212647216
396.242,21.68210852,0.214445456
396.268,21.6820681,0.216242896
396.311,21.68204906,0.218034511
396.447,21.68208355,0.219815696
397.079,21.6835868,0.221581514
397.088,21.68368034,0.22332702
397.095,21.68374267,0.225047549
397.118,21.68389713,0.226738437
397.16,21.68394954,0.228395078
397.188,21.68407845,0.230012912
397.214,21.68417879,0.231587203
397.259,21.6842676,0.233113309
397.286,21.68430678,0.234587034
397.313,21.68450129,0.236004292
397.356,21.68462535,0.237360915
397.383,21.68469387,0.238652837
397.409,21.68478009,0.239876113
397.434,21.6849174,0.241026871
397.593,21.68508096,0.242102069
398.295,21.68869607,0.243098095
398.304,21.6891444,0.244012117
398.312,21.6891444,0.244841021
398.319,21.6891444,0.245582039
398.325,21.68928083,0.246233052
398.331,21.68942841,0.246791433
398.372,21.68958031,0.247255334
398.396,21.68970268,0.247623134
398.439,21.68976203,0.247893225
398.466,21.68988372,0.248064397
398.507,21.68996607,0.248135922
398.531,21.69013989,0.248107983
398.557,21.69023484,0.24797913
398.602,21.69032197,0.247749525
398.772,21.69042374,0.247419694
399.372,21.69377837,0.246990001
399.381,21.69383262,0.246461491
399.408,21.69407557,0.245835025
399.452,21.69433768,0.245113122
399.479,21.69442304,0.244297792
399.504,21.69472318,0.243389783
399.547,21.69501178,0.242392582
399.572,21.69524597,0.241309572
399.616,21.69560406,0.240143919
399.66,21.69591646,0.238898563
399.687,21.69642135,0.237575129
399.714,21.69662311,0.236184316
399.741,21.69695836,0.234726094
399.769,21.69722389,0.233205359
399.922,21.69757447,0.231627122
400.529,21.70121757,0.229996198
400.538,21.7014353,0.228318409
400.547,21.70152523,0.226598775
400.571,21.70163343,0.224842675
400.595,21.70183678,0.223056448
400.638,21.70200114,0.221245487
400.665,21.70203013,0.219415813
400.71,21.70224305,0.21757339
400.737,21.7022696,0.215724122
400.771,21.70242464,0.213874662
400.795,21.70266808,0.21203054
400.819,21.70279079,0.210197941
400.863,21.70311251,0.208383034
400.908,21.70317201,0.206591195
401.043,21.70327662,0.204828183
401.935,21.70210034,0.203099358
401.944,21.70196526,0.201410264
401.953,21.70196526,0.199765827
401.961,21.70190607,0.19817127
401.968,21.70195009,0.196631279
401.973,21.70189391,0.195150174
401.979,21.70188667,0.19373188
401.984,21.7018692,0.192380329
401.99,21.70181962,0.191099257
401.995,21.70186475,0.18989157
402,21.70183567,0.188760127
402.024,21.70185387,0.18770807
402.066,21.70185612,0.186736771
402.092,21.70196596,0.185848163
402.239,21.70207194,0.185044252
402.908,21.70210194,0.184326107
402.916,21.70192017,0.183694574
402.924,21.70191921,0.183150191
402.95,21.70221067,0.182693192
402.976,21.70214419,0.182323579
403.019,21.70181594,0.182040837
403.046,21.70179844,0.181844191
403.09,21.70186966,0.181732687
403.117,21.70183242,0.181705039
403.142,21.70171244,0.181759632
403.185,21.70187074,0.181894678
403.212,21.70177491,0.182107684
403.239,21.70186424,0.182396746
403.282,21.70209301,0.182759875
403.424,21.70222576,0.183194522
404.015,21.7039635,0.183696937
404.024,21.70412292,0.184265598
404.033,21.70412292,0.184897111
404.04,21.70422296,0.185587937
404.046,21.70433539,0.186334959
404.089,21.70437563,0.187134474
404.114,21.70435566,0.187982724
404.158,21.7043555,0.188876926
404.185,21.70451868,0.189813625
404.226,21.70445898,0.190789492
404.25,21.7044644,0.191800582
404.275,21.70437338,0.192843741
404.32,21.70425145,0.193915771
404.347,21.7041769,0.195013384
404.494,21.70404638,0.196133168
405.18,21.70495396,0.197272106
405.189,21.70574218,0.198427093
405.198,21.70574218,0.199595291
405.205,21.70574218,0.200773684
405.212,21.70596151,0.201959496
405.218,21.70603838,0.203149989
405.242,21.70613073,0.204343107
405.284,21.70617308,0.205536601
405.311,21.70628118,0.206727527
405.355,21.70630364,0.207914232
405.381,21.70622033,0.209095395
405.406,21.70641438,0.210268989
405.449,21.7064927,0.211433114
405.476,21.70642804,0.212586872
405.656,21.70647028,0.213728962
406.276,21.70464797,0.214858141
406.283,21.70469511,0.215973259
406.291,21.70447528,0.217073689
406.316,21.7044626,0.218159119
406.36,21.70449435,0.219228666
406.387,21.70447328,0.220282076
406.412,21.70448533,0.221319123
406.454,21.70443199,0.222339426
406.481,21.70456998,0.223343299
406.508,21.70456301,0.224330509
406.551,21.70460629,0.225301359
406.576,21.70463337,0.226255513
406.602,21.70467491,0.227193911
406.643,21.70470753,0.228116467
406.826,21.70460561,0.229023804
408.707,21.72071963,0.229916127
408.717,21.72115336,0.230793995
408.727,21.72115336,0.231657748
408.734,21.72153153,0.23250772
408.74,21.72150277,0.233344407
408.783,21.72178633,0.23416795
408.808,21.72197295,0.234978229
408.854,21.72204227,0.235775782
408.88,21.72215404,0.236560836
408.906,21.72224483,0.23733385
408.954,21.72235802,0.238094309
408.981,21.72243802,0.238842693
409.006,21.72250139,0.239578791
409.03,21.72257552,0.240302095
409.185,21.72259668,0.24101194
409.872,21.72410518,0.241708442
409.88,21.72415696,0.242390635
409.888,21.72410734,0.243058144
409.911,21.72416177,0.243710012
409.952,21.72416302,0.244345554
409.975,21.72415721,0.244963743
410.018,21.72412509,0.245563526
410.043,21.72393056,0.246143658
410.086,21.72396122,0.246703076
410.121,21.72386893,0.247240365
410.147,21.72385685,0.247754548
410.174,21.72381758,0.248243967
410.201,21.72373579,0.248707118
410.245,21.72374472,0.249142618
410.387,21.72363484,0.249549154
411.047,21.72467332,0.249924616
411.055,21.72479376,0.250267961
411.063,21.72475891,0.250577506
411.087,21.72482509,0.250851739
411.112,21.72474527,0.251089573
411.155,21.72461918,0.251289251
411.181,21.7245791,0.251449622
411.232,21.72456135,0.251569453
411.257,21.7244757,0.251647364
411.284,21.72455,0.251682446
411.311,21.72439474,0.251673623
411.356,21.72452382,0.25161966
411.382,21.72451603,0.251520186
411.409,21.72449641,0.251374919
411.559,21.72460839,0.251183689
412.197,21.72505131,0.2509457
412.206,21.72518963,0.250660422
412.215,21.72518963,0.250328265
412.223,21.72530673,0.249949158
412.229,21.72534516,0.249523814
412.27,21.72537122,0.24905246
412.295,21.72540402,0.248535953
412.344,21.72545361,0.247974961
412.369,21.72552369,0.247370094
412.396,21.72555477,0.246722704
412.44,21.72557426,0.246033955
412.467,21.72582873,0.245305218
412.494,21.72576126,0.244537825
412.539,21.72588554,0.243733176
412.677,21.72588112,0.242893143
413.301,21.72395718,0.242018888
413.306,21.72262121,0.241112497
413.312,21.72262121,0.240176102
413.318,21.721777,0.239211419
413.341,21.72099232,0.238219949
413.365,21.72010523,0.237204089
413.418,21.71927363,0.236165615
413.443,21.71839741,0.235107078
413.47,21.71763881,0.234030405
413.516,21.71679351,0.232937052
413.543,21.71602163,0.231829292
413.57,21.71526064,0.230709148
413.595,21.71444476,0.229578492
413.637,21.71378478,0.22843938
413.748,21.71299385,0.22729374
414.447,21.70357813,0.22614359
414.456,21.70339295,0.224990391
414.464,21.7032929,0.223836023
414.491,21.70314799,0.222681909
414.519,21.70300511,0.221529662
414.564,21.70298069,0.220380732
414.59,21.70311992,0.219236787
414.615,21.70307107,0.218098863
414.66,21.70302935,0.21696847
414.686,21.70300342,0.215846908
414.73,21.70298054,0.214735128
414.757,21.70310862,0.213634345
414.784,21.70299881,0.212545378
414.828,21.70307036,0.211469204
414.995,21.70302225,0.210407012
415.729,21.70246065,0.209359524
415.737,21.7018868,0.208327372
415.745,21.7018868,0.207311096
415.752,21.7018868,0.206311688
415.759,21.70160689,0.205329543
415.764,21.70148324,0.204365257
415.787,21.70138644,0.203419253
415.829,21.70118921,0.20249174
415.855,21.70124829,0.20158323
415.9,21.70102438,0.20069393
415.927,21.70102776,0.19982357
415.954,21.70090424,0.19897292
415.997,21.70080594,0.198141647
416.022,21.70078829,0.197329869
416.172,21.70066959,0.196537221
416.803,21.6998356,0.195764067
416.812,21.70005694,0.195009455
416.82,21.70005694,0.19427354
416.827,21.70014583,0.193556031
416.852,21.70026976,0.192856416
416.878,21.70022877,0.192173818
416.905,21.70030323,0.191507768
416.974,21.70011007,0.190857314
417.017,21.70009822,0.190221541
417.044,21.6999606,0.189599375
417.071,21.69981943,0.188989922
417.096,21.69966257,0.188392236
417.138,21.69952829,0.187804644
417.282,21.69947153,0.187225733
417.832,21.70180616,0.186654315
417.981,21.70183709,0.186088441
417.986,21.70184924,0.185526591
417.996,21.7019134,0.184967109
418.001,21.70187833,0.184407807
418.007,21.70188421,0.183847395
418.012,21.70188472,0.183283343
418.017,21.70200012,0.18271391
418.04,21.70192427,0.182136749
418.063,21.70197238,0.181550181
418.104,21.70202204,0.180951421
418.128,21.70203831,0.180338499
418.17,21.7020819,0.179708952
418.197,21.70205619,0.179060762
418.242,21.70194079,0.178391261
418.855,21.70213714,0.177698636
418.862,21.70216069,0.176980709
418.869,21.70216069,0.176235418
418.876,21.70216577,0.175460456
418.917,21.70223704,0.174654037
418.924,21.70235294,0.173814326
418.948,21.70232498,0.172939077
418.991,21.70229691,0.172026482
419.016,21.70220862,0.17107525
419.059,21.70220429,0.17008365
419.103,21.70228365,0.169050468
419.129,21.70230859,0.167974664
419.154,21.70237035,0.16685522
419.195,21.70234856,0.165691461
419.334,21.70223531,0.164482326
419.922,21.70073819,0.163227774
419.93,21.7007637,0.161927805
419.938,21.70072994,0.160582477
419.962,21.70073302,0.159191449
420.005,21.70071808,0.157755502
420.031,21.70067488,0.15627539
420.056,21.70067192,0.154752194
420.097,21.70066985,0.153187516
420.121,21.7006312,0.151581935
420.163,21.70062071,0.149937837
420.204,21.70073729,0.14825705
420.229,21.70071557,0.146541971
420.261,21.7008971,0.144795163
420.284,21.70103406,0.143019458
420.44,21.70109218,0.141217331
421.007,21.70472709,0.139392454
421.016,21.70512269,0.137547502
421.025,21.70529006,0.135686597
421.049,21.70546454,0.133813058
421.072,21.70569243,0.131931065
421.116,21.70575726,0.130043959
421.142,21.70613504,0.128156648
421.185,21.70621472,0.126273415
421.211,21.70622781,0.124398858
421.253,21.70642918,0.122537573
421.276,21.70657303,0.120694203
421.299,21.70669551,0.118873506
421.341,21.70676574,0.117080582
421.382,21.70695198,0.115319781
421.559,21.70702693,0.11359574
422.214,21.71085598,0.111913792
422.22,21.71095179,0.110278483
422.227,21.71095179,0.108694099
422.233,21.7111551,0.107165555
422.256,21.71129863,0.105697427
422.281,21.71150509,0.10429379
422.327,21.7117703,0.102958727
422.351,21.71201656,0.10169711
422.394,21.71230572,0.100512418
422.422,21.71249588,0.099407848
422.449,21.7128015,0.098386947
422.474,21.71301288,0.09745278
422.518,21.71327252,0.096608409
422.545,21.71344987,0.095856062
422.695,21.71374106,0.095198082
423.392,21.71577524,0.094636274
423.401,21.71632713,0.094172461
423.41,21.71632713,0.09380835
423.416,21.71632713,0.093544645
423.422,21.71658504,0.093381733
423.427,21.71663238,0.093319904
423.47,21.71640612,0.093359268
423.493,21.7164572,0.093499459
423.533,21.71658521,0.093739625
423.557,21.7166838,0.094078606
423.598,21.71676435,0.094514929
423.621,21.7168291,0.095046864
423.648,21.71694423,0.095672114
423.69,21.7170008,0.096388705
423.835,21.71699617,0.097193347
424.449,21.71775685,0.098082884
424.456,21.71789299,0.099053887
424.462,21.7179741,0.100102698
424.485,21.71802281,0.101225434
424.527,21.7180835,0.102417355
424.553,21.71816793,0.103673987
424.58,21.71826151,0.104991346
424.623,21.71825927,0.106364067
424.647,21.71829325,0.107787544
424.69,21.71836188,0.10925639
424.718,21.71838954,0.110765468
424.744,21.71837515,0.112309698
424.787,21.71838221,0.113883228
424.813,21.71843696,0.115480071
424.959,21.71844046,0.117095185
425.582,21.71850073,0.118722578
425.591,21.7184098,0.120357065
425.599,21.7184098,0.121992847
425.607,21.71833729,0.123624533
425.614,21.71862197,0.125246802
425.655,21.7186923,0.126854675
425.68,21.71872126,0.128442327
425.724,21.71894385,0.130005425
425.751,21.719067,0.131538524
425.778,21.71885595,0.133037103
425.823,21.71891492,0.134496775
425.848,21.71907606,0.135913216
425.89,21.71921723,0.13728264
425.915,21.71916817,0.138600939
426.061,21.71910689,0.13986426
426.661,21.71184253,0.141070153
426.669,21.71102284,0.142215249
426.676,21.71102284,0.143296819
426.682,21.71062709,0.144312604
426.706,21.71026681,0.14526069
426.748,21.70999277,0.146138837
426.774,21.70966997,0.14694565
426.817,21.70920692,0.147680153
426.842,21.70879897,0.148341547
426.887,21.70861958,0.148929054
426.914,21.70818989,0.149442856
426.941,21.7077621,0.149882516
426.967,21.70738457,0.150248671
427.012,21.70715086,0.150541904
427.152,21.70684281,0.150763001
427.803,21.70254834,0.150913412
427.81,21.70236338,0.150994451
427.816,21.70225566,0.151007481
427.839,21.70195994,0.150954698
427.881,21.70152979,0.150837845
427.908,21.70115078,0.150658707
427.935,21.70069215,0.150419815
427.98,21.70048393,0.150124276
428.007,21.70017056,0.149774366
428.034,21.6996935,0.149372793
428.077,21.69936906,0.148922874
428.102,21.69904667,0.148427981
428.128,21.6988158,0.147890372
428.173,21.69858899,0.147313027
428.313,21.69828799,0.146699304
428.977,21.68799178,0.146052241
428.984,21.68753808,0.145375152
428.992,21.68711811,0.144671061
429.016,21.6867629,0.143943138
429.06,21.68638285,0.1431947
429.087,21.68611642,0.142428637
429.114,21.68585183,0.141648015
429.158,21.68557769,0.140855671
429.185,21.68533792,0.14005465
429.212,21.68509215,0.139247745
429.257,21.68491279,0.138437892
429.282,21.6845431,0.137627709
429.325,21.68415743,0.136819728
429.352,21.68389486,0.136016501
429.511,21.68344916,0.135220605
430.198,21.67339228,0.134434366
430.203,21.67275803,0.133660032
430.209,21.67279185,0.132900111
430.234,21.67222299,0.132156562
430.278,21.67138102,0.131431527
430.305,21.67093566,0.130726768
430.348,21.67016019,0.130044565
430.384,21.66961398,0.129386654
430.407,21.66872072,0.128754647
430.449,21.66825806,0.128150715
430.475,21.66744089,0.127576264
430.501,21.66668846,0.127033093
430.545,21.66619917,0.126522506
430.572,21.66553371,0.126046208
430.715,21.66493626,0.125605224
431.438,21.65505,0.125200979
431.445,21.65483047,0.124834606
431.449,21.65483047,0.12450757
431.455,21.65492795,0.124220225
431.498,21.65516977,0.123973273
431.525,21.65528927,0.123766822
431.554,21.65540029,0.123601889
431.598,21.65553531,0.123478876
431.625,21.65547643,0.123397825
431.653,21.6556122,0.123358816
431.697,21.65581099,0.123361524
431.724,21.65567235,0.123405381
431.75,21.6556987,0.123490001
431.776,21.65553139,0.123614698
431.931,21.65619611,0.123778192
434.13,21.6430713,0.12397912
434.141,21.64418164,0.124215976
434.15,21.64418164,0.124486796
434.158,21.64464011,0.124789654
434.164,21.64464011,0.125122256
434.17,21.64501284,0.125482211
434.195,21.64552438,0.125866276
434.24,21.64623455,0.126271597
434.267,21.6468538,0.126694906
434.292,21.6471341,0.127132807
434.337,21.64736942,0.127581536
434.364,21.64738931,0.12803718
434.391,21.64733589,0.128495916
434.436,21.64727107,0.128953634
434.573,21.64718709,0.129406154
435.24,21.65345101,0.12984877
435.249,21.65352419,0.130277348
435.258,21.65365016,0.130687435
435.281,21.65364645,0.131074843
435.304,21.65380433,0.131434765
435.347,21.65383918,0.131762458
435.391,21.65376961,0.13205366
435.415,21.65381625,0.132303979
435.438,21.65383749,0.132509626
435.481,21.65397424,0.132666528
435.525,21.65378765,0.132770992
435.552,21.65380167,0.1328192
435.579,21.65387837,0.132807858
435.606,21.65380854,0.13273385
435.755,21.65364564,0.132593997
436.471,21.65311555,0.132386185
436.48,21.65354025,0.132107918
436.489,21.65354025,0.13175742
436.496,21.65384158,0.131332967
436.503,21.65409435,0.130833449
436.544,21.65422617,0.130258082
436.569,21.65423908,0.129605894
436.614,21.65420824,0.128876744
436.641,21.65429173,0.128070969
436.668,21.65454273,0.127189495
436.712,21.6544056,0.126232669
436.739,21.65450443,0.125201266
436.765,21.65459152,0.124096925
436.809,21.65460738,0.122921454
436.983,21.6546783,0.121676638
437.584,21.65317421,0.120364745
437.593,21.65235563,0.118988407
437.602,21.65235563,0.117550325
437.609,21.65193093,0.116053236
437.616,21.65141876,0.114500008
437.658,21.65092276,0.112894137
437.681,21.6503844,0.111238518
437.722,21.65000905,0.109536898
437.767,21.64973738,0.107792576
437.792,21.64944731,0.106008995
437.835,21.6492663,0.104189479
437.861,21.64907882,0.102338282
437.888,21.64885941,0.100458276
437.932,21.64871756,0.098552924
438.066,21.64857499,0.096625219
438.693,21.64713961,0.094678647
438.702,21.64709142,0.092716679
438.711,21.64705425,0.09074238
438.734,21.64702548,0.088758821
438.779,21.64706487,0.086768924
438.806,21.64701681,0.084775482
438.85,21.64702812,0.082781377
438.877,21.64696805,0.080788871
438.902,21.64696741,0.078800631
438.945,21.64692633,0.076818675
438.971,21.64689874,0.074845428
438.998,21.64692102,0.072882786
439.042,21.64698517,0.070932688
439.068,21.64705702,0.068996527
439.182,21.64703863,0.067076574
439.813,21.64480132,0.065174488
439.82,21.64400459,0.06329156
439.827,21.64400459,0.061429404
439.833,21.64363345,0.059589272
439.861,21.6434149,0.057772615
439.887,21.64311256,0.055980806
439.919,21.64277654,0.054214867
439.963,21.64254722,0.052475812
439.988,21.64220453,0.05076436
440.03,21.64207692,0.049081515
440.055,21.64179336,0.047428781
440.078,21.64158242,0.045806998
440.119,21.64140876,0.044216844
440.142,21.64112891,0.042659422
440.294,21.64097221,0.041135628
440.929,21.63378508,0.039646487
440.937,21.63341375,0.038192756
440.943,21.63325943,0.036775336
440.967,21.63295303,0.035395405
441.01,21.63279147,0.034053333
441.036,21.63253753,0.032750119
441.062,21.63241565,0.031486489
441.105,21.63226572,0.03026331
441.13,21.63199434,0.029081562
441.163,21.63183409,0.027941431
441.207,21.63173352,0.026844166
441.23,21.63170504,0.025790492
441.255,21.6315684,0.024780896
441.298,21.63149804,0.023815384
441.443,21.63143326,0.022894703
442.098,21.62821314,0.02201933
442.104,21.62816516,0.021189938
442.11,21.62793194,0.020406108
442.136,21.62773674,0.019668476
442.179,21.62751547,0.018977841
442.205,21.62740849,0.018333506
442.25,21.62709218,0.017735785
442.277,21.62677975,0.017184428
442.311,21.62649904,0.016679253
442.338,21.6260255,0.01622025
442.383,21.62555157,0.015806815
442.41,21.62510816,0.015438277
442.437,21.62482,0.015114595
442.482,21.6244181,0.014835097
442.648,21.62411174,0.014599103
443.316,21.62443068,0.014405852
443.325,21.62463363,0.014254344
443.334,21.62478602,0.014143562
443.374,21.62504021,0.014072597
443.381,21.62513992,0.014040496
443.424,21.62537274,0.014046101
443.45,21.6256079,0.014087839
443.493,21.62562767,0.014164566
443.52,21.62575866,0.014274989
443.564,21.62595495,0.014417605
443.593,21.62608286,0.014590907
443.619,21.626166,0.014793792
443.647,21.6261941,0.015024071
443.691,21.62618753,0.015280198
443.831,21.62629988,0.015560652
444.535,21.62635177,0.015864075
444.544,21.62635225,0.016188242
444.552,21.62635225,0.016531674
444.559,21.62630845,0.016892644
444.565,21.6263632,0.017269639
444.606,21.62634632,0.017660756
444.641,21.62629699,0.018064424
444.668,21.62641877,0.018478621
444.713,21.62640154,0.018902171
444.74,21.62668465,0.019333183
444.785,21.62674539,0.019770222
444.812,21.62679901,0.020211879
444.838,21.62703654,0.020656297
444.865,21.6270833,0.021101966
445.048,21.62734867,0.021547251
445.673,21.62959165,0.02199083
445.682,21.6299164,0.022430987
445.69,21.6299164,0.022866648
445.697,21.62994139,0.023296726
445.704,21.63001651,0.023720004
445.746,21.63017246,0.024135186
445.771,21.63030022,0.024541214
445.825,21.63014702,0.024937159
445.852,21.63030937,0.025321355
445.879,21.63032693,0.025692985
445.904,21.63053258,0.026051405
445.926,21.6304448,0.026395898
445.967,21.63057991,0.026724993
445.991,21.63064026,0.027038176
446.151,21.63062531,0.027334804
446.842,21.63000551,0.027614127
446.85,21.63006592,0.027875407
446.856,21.63006592,0.02811773
446.862,21.63003046,0.02834083
446.885,21.63008749,0.028544154
446.909,21.62996658,0.028726853
446.959,21.62985098,0.028888277
446.985,21.62980728,0.029027965
447.012,21.62970341,0.029145251
447.055,21.62971483,0.02923992
447.081,21.62970108,0.029311302
447.107,21.62960379,0.029358938
447.152,21.62961902,0.02938196
447.179,21.62957201,0.029380086
447.321,21.62950432,0.029353006
449.416,21.62405743,0.029299846
449.425,21.6238626,0.029220262
449.433,21.6238626,0.029113689
449.44,21.62377967,0.028979834
449.447,21.6235682,0.028818073
449.488,21.62340643,0.028631796
449.514,21.62331232,0.028417747
449.558,21.6231546,0.028171548
449.585,21.62302882,0.027896571
449.612,21.62295405,0.027592194
449.656,21.62281973,0.027258273
449.683,21.62273507,0.026895282
449.71,21.62244732,0.026502995
449.755,21.62230419,0.026080708
449.893,21.62219902,0.025629468
450.587,21.61832458,0.025148755
450.593,21.61806758,0.024639025
450.599,21.61765024,0.024101167
450.604,21.61730856,0.023535869
450.61,21.61705883,0.022943286
450.616,21.616694,0.022325105
450.658,21.61642453,0.021681158
450.684,21.61613698,0.021013174
450.729,21.61599576,0.020322488
450.756,21.61579783,0.01961043
450.783,21.61553865,0.018878525
450.81,21.61533227,0.018128488
450.854,21.61510938,0.01736232
450.881,21.61490821,0.016581984
451.029,21.61465561,0.015789773
451.701,21.61102462,0.014987778
451.71,21.6108209,0.014178559
451.719,21.6108209,0.01336444
451.737,21.61062744,0.012548234
451.742,21.61044527,0.011732531
451.767,21.6103295,0.010920165
451.812,21.6101084,0.010114275
451.839,21.60994415,0.00931828
451.866,21.60976728,0.008535148
451.91,21.60960051,0.007767356
451.937,21.60944078,0.007018764
451.963,21.60924925,0.006292667
452.004,21.60910156,0.005591732
452.03,21.60891648,0.004918986
452.184,21.60878599,0.004277331
452.9,21.60244463,0.00366999
452.909,21.60125847,0.003099709
452.917,21.60125847,0.002569268
452.923,21.60076034,0.00208163
452.929,21.60076034,0.00163997
452.935,21.60025865,0.001246292
452.958,21.59975874,0.000902391
452.981,21.59926084,0.000611068
453.023,21.59871969,0.000374068
453.067,21.59828858,0.000192946
453.094,21.59782681,6.92E-05
453.121,21.59750507,4.49E-06
453.166,21.59699722,0
453.193,21.59647823,5.62E-05
453.332,21.59596961,0.000173399
453.999,21.58700812,0.000352134
454.008,21.58680568,0.000592169
454.017,21.58652806,0.00089396
454.042,21.58624086,0.00125662
454.066,21.58600453,0.001679032
454.11,21.58582419,0.002160579
454.137,21.5856285,0.002700305
454.182,21.58545768,0.003296196
454.208,21.585293,0.003946363
454.235,21.58513836,0.004649059
454.28,21.58502022,0.005402535
454.305,21.58489359,0.006203676
454.329,21.58477838,0.007049736
454.373,21.5847515,0.007938102
454.514,21.58461857,0.008865929
455.202,21.58951481,0.00983008
455.211,21.5897385,0.010827325
455.219,21.58979018,0.011853838
455.243,21.59019621,0.012906198
455.268,21.59035473,0.01398099
455.311,21.59043483,0.015074716
455.335,21.59046321,0.016183504
455.379,21.59045366,0.017303336
455.406,21.59044075,0.018430779
455.433,21.5903187,0.019562284
455.478,21.59038394,0.020694328
455.505,21.59021097,0.021823408
455.531,21.58999329,0.022945884
455.575,21.58996698,0.024058979
455.717,21.58987055,0.025159339
456.476,21.58093773,0.026244122
456.485,21.57988134,0.027310512
456.494,21.57988134,0.028356022
456.501,21.57935234,0.029378377
456.507,21.57897038,0.030375751
456.549,21.57847424,0.031346191
456.575,21.57799948,0.032288225
456.618,21.57755185,0.033200594
456.642,21.57712171,0.03408241
456.684,21.57675443,0.034932899
456.71,21.57629193,0.035751617
456.736,21.575871,0.036538492
456.792,21.57560025,0.037294171
456.815,21.57533586,0.038018936
456.954,21.57512389,0.038713337
457.633,21.56389118,0.039378919
457.64,21.56297851,0.040017284
457.645,21.57331931,0.040629027
457.668,21.57310806,0.041215509
457.711,21.57300608,0.041779485
457.743,21.57288949,0.0423235
457.767,21.57246636,0.042848674
457.81,21.57207791,0.043357273
457.837,21.57206567,0.043852564
457.882,21.57199458,0.044337614
457.909,21.5722495,0.044814266
457.936,21.57282111,0.045284971
457.962,21.57345883,0.045753005
458.007,21.57410351,0.046221551
458.15,21.57496838,0.046692289
458.822,21.58766878,0.047167881
458.828,21.58768249,0.047651309
458.833,21.58768249,0.048144328
458.867,21.58758557,0.048648986
458.89,21.58754849,0.049167827
458.959,21.58734333,0.049702643
459.004,21.58735473,0.050254916
459.057,21.58735882,0.050825788
459.082,21.58734273,0.051416524
459.126,21.58729309,0.052028252
459.301,21.58729685,0.052661494
459.968,21.58839644,0.053317067
459.987,21.5885362,0.053994603
459.994,21.58852829,0.054694044
460,21.58843767,0.055415144
460.043,21.58845756,0.056157404
460.068,21.58850201,0.056919913
460.111,21.58846566,0.057701421
460.138,21.58850883,0.058500723
460.183,21.5886736,0.05931633
460.209,21.58884094,0.060146573
460.236,21.58913033,0.060989409
460.263,21.58916696,0.061842702
460.309,21.58924024,0.06270445
460.335,21.58939725,0.063572524
460.482,21.58950963,0.064444185
461.131,21.58637139,0.065316701
461.137,21.58610876,0.066187655
461.149,21.58610876,0.067054702
461.154,21.5857139,0.06791463
461.161,21.58548988,0.068764586
461.204,21.58553469,0.069602696
461.231,21.58510228,0.070426025
461.276,21.58495787,0.07123245
461.303,21.58479923,0.072019412
461.348,21.58451708,0.072784335
461.393,21.58433705,0.073525385
461.402,21.58398367,0.074240673
461.429,21.58378582,0.074928107
461.457,21.58359329,0.075586116
461.643,21.58351962,0.076212882
462.389,21.59848283,0.076807616
462.395,21.59996386,0.077369595
462.401,21.59996386,0.077896984
462.408,21.60072309,0.078389599
462.432,21.60133022,0.078847054
462.458,21.60185834,0.07926853
462.503,21.60244254,0.079654626
462.528,21.60304147,0.080005597
462.573,21.60352959,0.080321829
462.598,21.60404403,0.080604085
462.655,21.60446,0.080853253
462.664,21.6049598,0.081070659
462.69,21.60545767,0.081257636
462.715,21.60589323,0.081415402
462.903,21.60632521,0.081546217
465.117,21.61330986,0.081651215
465.127,21.61296481,0.081732755
465.136,21.61296481,0.081792965
465.145,21.61286952,0.081834492
465.151,21.61286952,0.081859411
465.157,21.6125772,0.08186994
465.186,21.61260661,0.081868506
465.209,21.61237256,0.081858295
465.251,21.61231451,0.081841725
465.279,21.61232049,0.081821533
465.323,21.61237422,0.081800373
465.35,21.612412,0.081781183
465.378,21.61256592,0.081766896
465.404,21.61275435,0.081759855
465.56,21.6129301,0.081762835
466.238,21.61627493,0.081778768
466.247,21.61666941,0.081810433
466.254,21.616945,0.081859991
466.278,21.61742536,0.081930318
466.304,21.61764828,0.082023632
466.349,21.6178434,0.08214126
466.376,21.61809876,0.082286451
466.421,21.61840251,0.082461136
466.448,21.61842263,0.082667049
466.475,21.61816463,0.082906173
466.518,21.61780209,0.083180203
466.544,21.6171784,0.083490764
466.57,21.6163346,0.083839208
466.615,21.61548447,0.084226723
466.785,21.61455418,0.084654306
467.421,21.60864777,0.085119719
467.429,21.60906171,0.085627209
467.438,21.6096428,0.086180782
467.463,21.60998357,0.086776672
467.488,21.61025195,0.08741536
467.531,21.61095229,0.088096491
467.557,21.61166026,0.088820398
467.584,21.61215422,0.089586219
467.629,21.61261554,0.090394185
467.655,21.61345569,0.091243053
467.7,21.61427229,0.092132405
467.727,21.61479778,0.093061387
467.754,21.6153793,0.094028107
467.799,21.61611291,0.095031215
467.968,21.6170422,0.096069628
468.673,21.63375166,0.097140989
468.682,21.6340921,0.098244728
468.689,21.6343015,0.099378196
468.714,21.63427001,0.100538986
468.74,21.63439033,0.101725032
468.784,21.63423593,0.102934163
468.81,21.63432741,0.104163105
468.856,21.63416457,0.105409861
468.881,21.6339043,0.106671638
468.918,21.63368865,0.107945412
468.944,21.63347559,0.109228253
468.971,21.63320419,0.110517079
469.015,21.63305366,0.111809259
469.042,21.63285412,0.113101531
469.188,21.63265217,0.114390152
469.931,21.63248529,0.115672524
469.94,21.63412869,0.116946076
469.949,21.63412869,0.118206942
469.956,21.63505127,0.119452283
469.982,21.63596115,0.120679349
470.008,21.63709124,0.121883722
470.035,21.63815491,0.123064811
470.08,21.63929693,0.124218755
470.107,21.64035827,0.12534253
470.152,21.64145802,0.126434344
470.178,21.64259117,0.127491369
470.205,21.64357514,0.128511278
470.25,21.64447187,0.129491837
470.276,21.64550352,0.130430735
470.416,21.64643856,0.131325871
471.124,21.65540334,0.132175574
471.133,21.65514056,0.132979085
471.141,21.65514056,0.133734437
471.149,21.6550561,0.134440605
471.155,21.65494507,0.135097041
471.197,21.65487836,0.135703271
471.221,21.65487497,0.13625878
471.264,21.65486938,0.136762934
471.289,21.65499896,0.137215624
471.333,21.65510487,0.13761669
471.36,21.65520977,0.137966656
471.386,21.65566875,0.138266951
471.43,21.65582252,0.138517828
471.457,21.6562825,0.138720194
471.609,21.65668926,0.13887611
472.313,21.6615472,0.138986226
472.322,21.66119549,0.139051197
472.33,21.66119549,0.139073298
472.338,21.66096361,0.139054398
472.344,21.66074829,0.138996676
472.381,21.66053911,0.13890277
472.424,21.6603856,0.138774553
472.451,21.66021562,0.138614246
472.477,21.6601709,0.138424434
472.522,21.66003009,0.138207758
472.547,21.65994501,0.137967264
472.571,21.65990462,0.137705307
472.614,21.65989443,0.137424704
472.639,21.65987491,0.137128527
472.759,21.6597863,0.136820478
473.44,21.6610406,0.136502879
473.45,21.6613698,0.136178403
473.458,21.6613698,0.135850867
473.466,21.66161409,0.135523812
473.472,21.66175765,0.13519911
473.514,21.66190721,0.134878849
473.539,21.66211732,0.134567589
473.584,21.66231517,0.134267903
473.611,21.66260878,0.133982131
473.655,21.6628038,0.133713464
473.682,21.66325715,0.133464746
473.709,21.66350651,0.133238256
473.736,21.66372277,0.133035996
473.781,21.66415751,0.1328605
473.919,21.66446781,0.132713498
474.6,21.66818405,0.132596876
474.605,21.6679614,0.132512065
474.611,21.6679614,0.132460799
474.616,21.66773918,0.132444232
474.639,21.66748796,0.132463136
474.682,21.66729327,0.132518373
474.708,21.66718661,0.132610388
474.732,21.66694891,0.132738924
474.774,21.66680161,0.132903704
474.801,21.66665683,0.13310479
474.846,21.66642637,0.133341596
474.871,21.66627114,0.133611545
474.896,21.666081,0.13391478
474.941,21.66589158,0.134249825
475.082,21.66565521,0.134613574
475.799,21.65646859,0.135003239
475.807,21.6553176,0.135417319
475.814,21.6553176,0.135853202
475.82,21.6553176,0.136306905
475.829,21.65505654,0.136774022
475.837,21.65478149,0.137252053
475.86,21.65456267,0.137736994
475.902,21.654373,0.138224366
475.929,21.6542132,0.138708914
475.974,21.65416241,0.13918669
476.001,21.65404098,0.139653284
476.028,21.65412949,0.140103662
476.073,21.65428604,0.140533076
476.099,21.65455432,0.140936138
476.243,21.65464541,0.14130805
476.89,21.6494665,0.141644068
476.899,21.65000411,0.141939563
476.908,21.65041498,0.142189283
476.933,21.65041835,0.14238898
476.958,21.65061113,0.142534113
477.001,21.65107535,0.142620412
477.027,21.65170268,0.142643359
477.072,21.65209923,0.142599842
477.099,21.65231487,0.14248665
477.123,21.65233095,0.142300034
477.167,21.65222782,0.142037072
477.194,21.65198641,0.141695747
477.221,21.65169366,0.14127378
477.266,21.65124608,0.140770087
477.405,21.65105581,0.14018304
478.071,21.6537831,0.139511992
478.08,21.65343423,0.138756849
478.089,21.65343423,0.137918103
478.096,21.65374457,0.136995567
478.103,21.65358407,0.135990461
478.145,21.65355596,0.134904752
478.168,21.65372697,0.133740397
478.213,21.65383458,0.132499441
478.24,21.65406152,0.131184534
478.284,21.6542424,0.1297995
478.311,21.65443568,0.128347908
478.338,21.65482709,0.126832871
478.365,21.6552401,0.125258729
478.408,21.65573379,0.123630163
478.55,21.65629339,0.121952015
480.723,21.64808498,0.120229282
480.733,21.64646619,0.118466415
480.742,21.64646619,0.116668567
480.749,21.64607432,0.114840984
480.755,21.6459057,0.11298986
480.797,21.6464273,0.111120043
480.823,21.64687538,0.10923598
480.867,21.64731554,0.107342847
480.894,21.6480864,0.105447804
480.921,21.64893071,0.103554981
480.977,21.65020223,0.101668096
480.986,21.65162424,0.099792663
481.012,21.65293954,0.097934028
481.056,21.65420474,0.09609585
481.234,21.65529091,0.094281794
481.918,21.6789203,0.092495818
481.924,21.67910641,0.090741666
481.93,21.67908795,0.089025673
481.954,21.67918965,0.087345127
481.997,21.67929583,0.085705436
482.023,21.67931284,0.084108665
482.068,21.67951674,0.082557039
482.104,21.67943072,0.081051956
482.13,21.67909062,0.079594882
482.155,21.67855891,0.078187035
482.2,21.6782589,0.07683152
482.227,21.67798208,0.075524722
482.253,21.67756806,0.074268875
482.298,21.67723194,0.073066456
482.47,21.67682958,0.071915421
483.195,21.66566262,0.070812569
483.204,21.66460097,0.069759711
483.213,21.66460097,0.068755542
483.22,21.66436646,0.067799752
483.227,21.66415219,0.066891149
483.25,21.66384842,0.066028521
483.293,21.663879,0.065210417
483.338,21.66388288,0.064436217
483.365,21.66419282,0.063704692
483.409,21.66461454,0.063013612
483.436,21.66552493,0.062361835
483.461,21.66647671,0.061749464
483.504,21.66740574,0.061174268
483.531,21.66852965,0.060634785
483.674,21.66965706,0.060129902
484.409,21.68764686,0.059658293
484.418,21.68819534,0.059220537
484.427,21.68881149,0.05881454
484.452,21.68934493,0.05844086
484.476,21.68999056,0.058097735
484.518,21.69045072,0.057785873
484.59,21.69198668,0.057505645
484.617,21.6925906,0.057256074
484.644,21.69326191,0.057037584
484.689,21.69384887,0.056850953
484.716,21.69452853,0.056697248
484.743,21.69524917,0.056577182
484.77,21.69592849,0.056490602
484.924,21.69657405,0.056439294
485.715,21.70944166,0.056425014
485.721,21.7096355,0.056448317
485.726,21.7096355,0.056511167
485.732,21.7095664,0.056615179
485.737,21.7095664,0.056762032
485.742,21.70947283,0.056953829
485.783,21.70941223,0.057192537
485.825,21.70945796,0.057479921
485.85,21.70908927,0.057818212
485.894,21.70924082,0.058209202
485.92,21.70914927,0.058655189
485.947,21.7088227,0.059158365
485.974,21.70876135,0.059720403
486.89,21.70828115,0.060343883
486.899,21.70870101,0.061030314
486.908,21.70893827,0.061781642
486.934,21.70917259,0.062599597
486.961,21.70958142,0.063485783
487.006,21.70982018,0.06444178
487.034,21.71048039,0.065468302
487.06,21.71128953,0.066566782
487.105,21.71216619,0.067738758
487.131,21.71325606,0.068984045
487.173,21.71398622,0.070302061
487.197,21.7153448,0.071693851
487.228,21.71564962,0.073159052
487.254,21.71675248,0.074696839
487.406,21.71742538,0.07630809
488.077,21.72222184,0.077989417
488.084,21.72295908,0.079740608
488.091,21.72295908,0.081560228
488.096,21.72332815,0.083444581
488.121,21.72368086,0.085392379
488.165,21.7238809,0.087400851
488.19,21.7238599,0.089466978
488.234,21.72374396,0.091587491
488.258,21.72367947,0.09375849
488.299,21.72356761,0.09597604
488.325,21.72321999,0.098236077
488.352,21.7226715,0.100533774
488.396,21.72222378,0.102864506
488.423,21.72199721,0.105222653
488.568,21.72134554,0.107602838
489.192,21.70651237,0.109999556
489.201,21.70589209,0.112407427
489.209,21.70534417,0.114820698
489.233,21.70494801,0.117233332
489.258,21.70464386,0.119639198
489.301,21.7040756,0.122031917
489.328,21.70376356,0.124405174
489.373,21.70342132,0.126753324
489.403,21.7030384,0.129069622
489.428,21.70290653,0.131348647
489.473,21.70259691,0.133584948
489.5,21.7024628,0.135772507
489.527,21.7024292,0.137905629
489.571,21.70239867,0.139978502
489.707,21.70235706,0.141985385
490.472,21.70607497,0.143922111
490.48,21.71584252,0.145784329
490.489,21.71584252,0.147567377
490.496,21.71562639,0.149267402
490.503,21.71523297,0.150880563
490.544,21.71477281,0.152403958
490.57,21.71430195,0.153834989
490.613,21.71374264,0.155171015
490.636,21.70797963,0.156409732
490.68,21.7127568,0.157549445
490.733,21.71201345,0.158589741
490.805,21.70696693,0.159529473
490.954,21.70644831,0.160368448
491.645,21.72329748,0.161107286
491.654,21.72421865,0.161747685
491.662,21.72520814,0.162289425
491.686,21.72573248,0.162734682
491.71,21.72596376,0.163085037
491.752,21.72663499,0.163343289
491.779,21.72718603,0.163511573
491.824,21.72756406,0.163593551
491.851,21.72813347,0.163593495
491.878,21.72845415,0.163514524
491.923,21.7289598,0.163360491
491.949,21.72929614,0.163135586
491.974,21.72967648,0.16284478
492.018,21.72987789,0.162492211
492.192,21.7300835,0.162082774
492.922,21.75339942,0.161621856
492.929,21.75389845,0.161114248
492.934,21.75447247,0.160564811
492.958,21.75489229,0.15997922
493,21.75529532,0.159362165
493.027,21.75550796,0.158718672
493.072,21.75558179,0.158053163
493.098,21.75577389,0.157371376
493.124,21.75588199,0.156677482
493.169,21.75594826,0.155975774
493.195,21.75601598,0.15527086
493.222,21.75635538,0.154567005
493.267,21.75659739,0.153867726
493.295,21.75668421,0.153176677
493.438,21.75648922,0.152497363
494.109,21.7594788,0.151833354
494.118,21.75992759,0.15118706
494.163,21.76052082,0.150561116
494.19,21.76119831,0.149957907
494.217,21.76193316,0.149379653
494.262,21.76281079,0.148829273
494.289,21.76368204,0.148307483
494.314,21.76431334,0.147814924
494.356,21.7648681,0.147352674
494.38,21.76529853,0.146922016
494.424,21.76569069,0.146523525
494.451,21.76578919,0.146156855
494.477,21.76568397,0.145821842
494.522,21.76535588,0.145519118
494.66,21.76465242,0.145248728
496.675,21.76460679,0.145009488
496.694,21.76709996,0.14480073
496.703,21.76709996,0.144622084
496.715,21.7682429,0.144472845
496.923,21.76940156,0.144351719
496.932,21.77039733,0.144257699
496.941,21.77150248,0.14418959
496.949,21.77262582,0.144146496
496.955,21.77364774,0.144127331
496.961,21.77467839,0.144130944
496.967,21.77571691,0.144156285
496.973,21.77628127,0.144201605
496.979,21.77685211,0.144265786
497.002,21.77748759,0.144347888
497.144,21.77811321,0.144447026
497.836,21.78150838,0.144561752
497.845,21.78213973,0.144690161
497.854,21.78213973,0.144832366
497.862,21.78266824,0.144986522
497.867,21.7832067,0.145151033
497.909,21.78380735,0.14532491
497.934,21.78426037,0.145507434
497.978,21.78500591,0.145697639
498.005,21.78552332,0.145894692
498.032,21.78620182,0.146098018
498.075,21.78688498,0.146306297
498.097,21.78760747,0.146518739
498.165,21.78819984,0.14673488
498.174,21.7889304,0.146953508
498.352,21.78951458,0.147174702
499.019,21.7830149,0.147397224
499.028,21.78239876,0.147620907
499.036,21.78179975,0.147845014
499.058,21.78128231,0.148069242
499.1,21.78087294,0.148292978
499.127,21.78050229,0.148514671
499.154,21.78017654,0.148736392
499.199,21.78007,0.148956964
499.226,21.780028,0.149174444
499.271,21.78000278,0.149389651
499.297,21.78004468,0.149603112
499.325,21.78026485,0.149814783
499.352,21.78066151,0.150023728
499.408,21.78104671,0.150227653
499.534,21.78158455,0.150432618
500.224,21.79642638,0.150636098
500.233,21.79716703,0.150838091
500.242,21.79716703,0.151038985
500.25,21.7977001,0.151239622
500.256,21.79826225,0.151440498
500.299,21.79858777,0.151642783
500.343,21.79933755,0.151845035
500.37,21.79996682,0.152052077
500.397,21.80037513,0.152262609
500.442,21.80077302,0.152475381
500.469,21.8011427,0.152693672
500.496,21.80175882,0.152921392
500.523,21.8021117,0.153157269
500.567,21.80205582,0.153402331
500.704,21.80256909,0.153657457
501.382,21.80644764,0.15392442
501.391,21.8059198,0.154204896
501.4,21.80529326,0.154500092
501.425,21.80429501,0.154810385
501.449,21.80368632,0.155137708
501.49,21.80311281,0.155484032
501.516,21.80243284,0.155849944
501.561,21.80157599,0.156236668
501.588,21.80099913,0.156645463
501.613,21.80059764,0.15707786
501.654,21.80024025,0.157534974
501.679,21.79973952,0.158017757
501.722,21.79912178,0.158525934
501.749,21.79835489,0.15906157
501.898,21.79752467,0.159624073
502.659,21.79742394,0.160215197
502.668,21.8004366,0.160834646
502.676,21.8004366,0.161482333
502.683,21.8004366,0.162159026
502.689,21.8010533,0.162864399
502.695,21.8010533,0.163598952
502.7,21.8010533,0.164361294
502.706,21.80200875,0.165151447
502.729,21.80282777,0.165969115
502.772,21.80366136,0.166813157
502.799,21.80438543,0.167682334
502.826,21.80544462,0.168576459
502.87,21.80642676,0.169494048
502.897,21.80719222,0.170433896
503.074,21.80791825,0.171395331
503.727,21.82125278,0.172376691
503.735,21.82147827,0.173376641
503.742,21.8216001,0.174394048
503.765,21.82179468,0.175427039
503.808,21.82190755,0.176474625
503.835,21.8219468,0.177534975
503.862,21.82206367,0.178606314
503.904,21.82218565,0.179687584
503.93,21.82227494,0.180777361
503.974,21.82208325,0.181874225
504.019,21.82232495,0.182976825
504.027,21.82242025,0.184083969
504.052,21.82245626,0.185195079
504.095,21.82251549,0.186308831
504.241,21.82249907,0.187424043
504.989,21.8173725,0.188540112
505.01,21.81674652,0.189656488
505.023,21.81674652,0.190772583
505.029,21.8164974,0.191888427
505.034,21.81632162,0.193003429
505.06,21.81609169,0.194117179
505.086,21.81597101,0.195230775
505.13,21.81584108,0.196343343
505.154,21.81572631,0.197455524
505.198,21.81582663,0.198567971
505.223,21.81603102,0.199681357
505.248,21.81619824,0.200797082
505.29,21.81654611,0.201915056
505.313,21.81694961,0.203036873
505.468,21.81716745,0.204163656
506.319,21.83079037,0.20529621
506.328,21.8341028,0.206435589
506.336,21.8341028,0.207583756
506.342,21.8341028,0.208741606
506.348,21.83470515,0.209910582
506.354,21.83470515,0.211092376
506.359,21.83470515,0.21228864
506.364,21.83527303,0.213500434
506.407,21.83586125,0.21472955
506.432,21.83644911,0.215976872
506.476,21.83694933,0.217243912
506.485,21.83728035,0.218532043
506.53,21.83783567,0.219842099
506.556,21.83828799,0.221174781
506.724,21.83862042,0.222531373
507.413,21.84398347,0.223912313
507.42,21.84426108,0.225318348
507.428,21.84462666,0.226749793
507.454,21.84507215,0.228207108
507.48,21.84559825,0.22969056
507.544,21.84614711,0.231200126
507.551,21.84665398,0.232735799
507.594,21.84724834,0.234297227
507.621,21.8479498,0.235883885
507.663,21.84883173,0.237495318
507.686,21.84983916,0.239130914
507.712,21.85072101,0.240789487
507.755,21.85167788,0.242470131
507.781,21.85274328,0.244172048
507.928,21.8537895,0.245893812
508.7,21.87459327,0.247633379
508.709,21.87573259,0.249389307
508.717,21.87573259,0.251160956
508.724,21.87573259,0.252946179
508.73,21.87610153,0.254742682
508.735,21.87639585,0.25654817
508.777,21.87664709,0.258361236
508.803,21.87692238,0.260179858
508.846,21.87705051,0.262001907
508.869,21.87724491,0.263825366
508.91,21.877348,0.265648136
508.934,21.87729913,0.267467789
508.958,21.8772615,0.269282682
509.002,21.87700635,0.271090484
509.176,21.87696761,0.272888392
510.042,21.89599409,0.274675132
510.051,21.89925827,0.276448533
510.06,21.89925827,0.278206602
510.067,21.89925827,0.279947448
510.073,21.89959889,0.281669267
510.079,21.89959889,0.283369619
510.085,21.89959889,0.285046616
510.09,21.9000009,0.286699091
510.116,21.90032912,0.288325683
510.143,21.90038668,0.289924538
510.188,21.90057256,0.291495257
510.214,21.90081153,0.293035813
510.241,21.90110291,0.294545112
510.267,21.90121924,0.296022671
510.404,21.90144352,0.297467595
512.763,21.92835918,0.298879304
512.773,21.92914712,0.300257153
512.782,21.92914712,0.301600684
512.79,21.92941366,0.302910461
512.797,21.92941366,0.304185801
512.802,21.92941366,0.305426773
512.808,21.92941366,0.306634012
512.814,21.92947398,0.307808192
512.837,21.92953492,0.308949829
512.879,21.92947855,0.310059536
512.957,21.9294704,0.311138444
512.963,21.92935457,0.312187145
512.988,21.92920617,0.313207481
513.015,21.92935219,0.314201507
513.133,21.92934396,0.315171142
513.971,21.93867589,0.316117544
513.98,21.94266131,0.31704252
513.989,21.94266131,0.317948781
513.996,21.94266131,0.318838502
514.003,21.94344646,0.319713516
514.009,21.94344646,0.320576447
514.014,21.94344646,0.321429642
514.019,21.94413352,0.322275817
514.063,21.94475739,0.323117324
514.09,21.94555835,0.323956417
514.117,21.94607575,0.324795776
514.144,21.9468046,0.325638407
514.189,21.9474695,0.32648663
514.216,21.94801256,0.327342476
514.393,21.94866594,0.328208448
515.092,21.95382161,0.329085775
515.097,21.9538402,0.329977202
515.103,21.95373944,0.330885032
515.147,21.95384289,0.331810625
515.183,21.95387557,0.332755572
515.215,21.95393985,0.333721118
515.245,21.95397708,0.334708639
515.279,21.95400494,0.335719556
515.309,21.95421721,0.336753692
515.338,21.9543778,0.337812027
515.386,21.95448089,0.338895069
515.398,21.95468588,0.340002481
515.435,21.95497151,0.341133392
515.469,21.95529987,0.342287161
515.61,21.9557154,0.343462853
516.38,21.97412369,0.344659209
516.389,21.97615984,0.345874783
516.397,21.97615984,0.347108105
516.404,21.97686963,0.348357273
516.41,21.97686963,0.349620675
516.416,21.97749452,0.3508951
516.459,21.97802081,0.35217824
516.483,21.97860548,0.353467018
516.527,21.97910885,0.354759498
516.554,21.97940043,0.356051716
516.599,21.97969592,0.357340041
516.625,21.97996031,0.358622803
516.652,21.98012033,0.359895164
516.679,21.98036123,0.361154125
516.822,21.98062264,0.362396507
517.58,21.98910315,0.363618477
517.589,21.98928367,0.364816343
517.598,21.98928367,0.365986733
517.605,21.98922938,0.367126767
517.611,21.98922938,0.368232926
517.616,21.98892983,0.369301756
517.642,21.98851939,0.370330095
517.687,21.98811118,0.371315315
517.714,21.98773694,0.372254737
517.759,21.9872261,0.373145479
517.788,21.98680203,0.373985129
517.811,21.98635634,0.374770889
517.834,21.98606196,0.37550098
517.885,21.98576577,0.376173702
518.025,21.98559511,0.376787545
518.695,21.98112453,0.377341171
518.703,21.98041335,0.377833481
518.709,21.98041335,0.378263331
518.715,21.97976384,0.378629899
518.739,21.97906331,0.378933177
518.764,21.97853773,0.379171509
518.809,21.97826832,0.379345956
518.836,21.97822821,0.379456362
518.863,21.97822517,0.379503549
518.907,21.97833022,0.379488579
518.933,21.9787652,0.37941182
518.96,21.97966405,0.379274205
519.005,21.9804641,0.379077596
519.031,21.98112944,0.378822616
519.175,21.98175778,0.378511084
519.88,21.99336702,0.378144691
519.885,21.99471491,0.377725521
519.891,21.99471491,0.377255252
519.896,21.99496999,0.376736242
519.901,21.99496999,0.376170793
519.924,21.99519261,0.375562174
519.947,21.99533944,0.374912099
519.99,21.99572787,0.374222903
520.016,21.99575368,0.373497429
520.061,21.995839,0.372738402
520.088,21.99596674,0.371948665
520.114,21.9961956,0.371130058
520.159,21.99620233,0.370286489
520.186,21.99625474,0.369420367
520.325,21.99625155,0.368534804
521.15,21.9964181,0.367632391
521.159,21.99612907,0.366716112
521.168,21.99612907,0.365788481
521.175,21.99612907,0.364852515
521.182,21.99594516,0.36391072
521.188,21.99594516,0.362965004
521.193,21.99594516,0.362018464
521.199,21.99626825,0.361073674
521.242,21.99606979,0.36013298
521.268,21.99623984,0.359198921
521.292,21.9961165,0.358273348
521.315,21.99610974,0.357358712
521.356,21.99619454,0.356456883
521.381,21.99627217,0.355569799
521.522,21.99643109,0.354699152
522.336,21.99573301,0.3538464
522.345,21.99585232,0.353012919
522.354,21.99585232,0.352200205
522.361,21.99597874,0.351409011
522.368,21.99597874,0.35064064
522.373,21.99597874,0.349896239
522.379,21.99597874,0.349176049
522.384,21.99605945,0.348480266
522.406,21.9960995,0.347809144
522.432,21.99617638,0.347162853
522.476,21.99639224,0.346540904
522.503,21.99656582,0.345943939
522.53,21.99663421,0.345370767
522.557,21.9968446,0.344820785
522.741,21.99672711,0.344293333
523.527,22.00157571,0.34378711
523.535,22.00264815,0.343301053
523.541,22.00264815,0.342833865
523.547,22.0029414,0.342384238
523.553,22.0029414,0.341950193
523.558,22.0029414,0.341530269
523.564,22.0029414,0.341122888
523.569,22.00318365,0.340726348
523.575,22.00344026,0.340338553
523.616,22.00359207,0.339957216
523.64,22.00382598,0.339580723
523.664,22.00410062,0.339206684
523.706,22.00434376,0.338833683
523.73,22.00483561,0.338459457
523.878,22.0051043,0.338081998
524.621,22.01372294,0.337699712
524.629,22.0148359,0.337311095
524.636,22.01494142,0.336914041
524.642,22.01494142,0.336507099
524.648,22.01494142,0.336089287
524.653,22.01494142,0.335659612
524.659,22.01526652,0.335217114
524.687,22.01529692,0.33476081
524.728,22.01539763,0.334290257
524.754,22.01561612,0.333804923
524.798,22.01572849,0.333304401
524.822,22.01587942,0.332789558
524.846,22.01592942,0.332260369
524.87,22.01603418,0.331716996
525.028,22.01611013,0.331160747
525.829,22.0194271,0.330592948
525.838,22.02081548,0.330014216
525.847,22.02081548,0.329426202
525.855,22.02122961,0.328830756
525.861,22.02122961,0.328229716
525.867,22.02122961,0.327625221
525.872,22.02122961,0.327020219
525.877,22.02168991,0.326416698
525.9,22.02202631,0.325817025
525.923,22.02247368,0.325223991
525.965,22.02287542,0.32464074
525.991,22.02334717,0.324070389
526.035,22.02400988,0.323515586
526.061,22.02457547,0.322979289
526.2,22.02524928,0.3224642
528.503,22.03940408,0.321973236
528.513,22.04106629,0.321509856
528.521,22.04106629,0.321076314
528.529,22.04106629,0.320675634
528.536,22.04141778,0.320310467
528.542,22.04141778,0.319982968
528.547,22.04141778,0.319695831
528.553,22.04194616,0.319451405
528.576,22.04244162,0.319252013
528.616,22.04310415,0.3190991
528.642,22.04356162,0.318994175
528.67,22.0440489,0.318939304
528.697,22.04474356,0.318935372
528.741,22.04518527,0.318983304
528.873,22.04576281,0.319083317
529.639,22.04758634,0.319236324
529.649,22.04717959,0.319442268
529.657,22.04717959,0.319701703
529.665,22.0472366,0.320014407
529.688,22.04753342,0.320379724
529.712,22.04739117,0.320796893
529.756,22.04739665,0.321265234
529.779,22.04754392,0.321783799
529.822,22.04736695,0.32235159
529.847,22.04749108,0.32296649
529.89,22.0473382,0.323627531
529.916,22.04737602,0.324332876
529.943,22.04746055,0.32508067
529.988,22.04758951,0.32586907
530.151,22.04782109,0.326695811
530.834,22.05263271,0.327558989
530.843,22.05242924,0.328456169
530.85,22.05242924,0.329385127
530.856,22.05242924,0.330343716
530.861,22.05223836,0.331329295
530.867,22.05171397,0.332339674
530.892,22.05104455,0.333372372
530.917,22.05009176,0.33442508
530.963,22.04949085,0.335494927
530.99,22.04897082,0.336579918
531.033,22.04868976,0.337677904
531.058,22.04840427,0.338785792
531.083,22.04812592,0.33990224
531.126,22.04798551,0.341024699
531.274,22.04777189,0.342150726
531.936,22.04936855,0.3432782
531.945,22.05119504,0.344405091
531.954,22.05119504,0.345529608
531.961,22.05179632,0.346649658
531.967,22.05179632,0.347763104
531.972,22.05233921,0.348867971
532.016,22.05314457,0.349963132
532.041,22.05365756,0.351046418
532.065,22.05416992,0.35211594
532.109,22.0546453,0.353170633
532.151,22.0550728,0.354208069
532.174,22.0554862,0.355227336
532.199,22.05602965,0.356226715
532.245,22.05670129,0.357204993
532.379,22.05708844,0.358160446
533.155,22.06275113,0.359092124
533.165,22.06366486,0.359998347
533.174,22.06366486,0.360878109
533.181,22.06376644,0.361730028
533.188,22.06376644,0.362552976
533.193,22.06376644,0.363345508
533.199,22.06376644,0.364106264
533.204,22.06392259,0.364834466
533.228,22.06414494,0.365528887
533.251,22.06417273,0.366187894
533.293,22.06433741,0.366810509
533.318,22.06434273,0.367395987
533.345,22.06463757,0.367942767
533.389,22.06477,0.368450297
533.527,22.0647325,0.368917475
534.258,22.06539667,0.36934344
534.27,22.06530803,0.369727634
534.283,22.06530803,0.370068386
534.294,22.06530803,0.370365694
534.306,22.06533985,0.370618898
534.326,22.06531613,0.370826494
534.341,22.065184,0.370988722
534.379,22.06523502,0.371105261
534.392,22.06485815,0.371175841
534.435,22.06447267,0.371200371
534.441,22.06389466,0.371178705
534.463,22.06362303,0.371111076
534.505,22.06339153,0.370997912
534.548,22.06315106,0.370839557
534.693,22.06329835,0.370636379
535.366,22.05974236,0.370389315
535.374,22.05985755,0.370099329
535.384,22.05985755,0.3697672
535.392,22.05993882,0.369394416
535.398,22.05993882,0.368982792
535.404,22.05998316,0.36853282
535.445,22.05980859,0.368046912
535.469,22.05986357,0.367526692
535.512,22.0597862,0.366974134
535.537,22.05988377,0.366391749
535.58,22.05996552,0.365781953
535.607,22.05997261,0.365148171
535.633,22.06002066,0.364491775
535.659,22.06002846,0.363815689
535.84,22.06001774,0.363122477
536.432,22.05563446,0.362415204
536.441,22.05540782,0.361697076
536.45,22.05542879,0.36097096
536.476,22.05529022,0.360240041
536.501,22.0554247,0.359507627
536.545,22.05526381,0.358776182
536.571,22.05533521,0.358049498
536.616,22.05547986,0.357330321
536.641,22.05550391,0.356622013
536.683,22.05562447,0.355927279
536.708,22.05563971,0.355248996
536.736,22.05570413,0.354589257
536.762,22.05580107,0.35395162
536.807,22.05572513,0.353338348
536.947,22.0559021,0.35275177
537.697,22.06046927,0.352194114
537.706,22.06126686,0.3516674
537.715,22.06126686,0.351173193
537.722,22.06172661,0.350712986
537.745,22.0620346,0.350288502
537.768,22.06233852,0.349901212
537.811,22.06287405,0.349551432
537.837,22.06328155,0.34923968
537.861,22.06376499,0.348966648
537.905,22.06411971,0.348732269
537.931,22.06441884,0.348536395
537.989,22.06482971,0.348379123
537.996,22.0650531,0.34825935
538.021,22.0653789,0.3481764
538.175,22.06569758,0.348129173
538.946,22.07011271,0.348116253
538.956,22.07073546,0.34813632
538.964,22.07073546,0.348187604
538.972,22.07109607,0.348268534
538.995,22.0713983,0.348376793
539.018,22.07189326,0.348509864
539.062,22.07219884,0.348665847
539.088,22.07267742,0.348842457
539.114,22.07289725,0.349037156
539.159,22.07310902,0.349247301
539.185,22.07339532,0.34947035
539.211,22.0736284,0.349703419
539.255,22.07394117,0.349944045
539.279,22.07425129,0.350189649
539.425,22.07462154,0.350437919
540.056,22.07827923,0.350685866
540.066,22.07837645,0.350931318
540.074,22.07847526,0.351171179
540.1,22.07872,0.351403267
540.125,22.07888021,0.351625525
540.17,22.07885031,0.351835793
540.195,22.07887267,0.352031871
540.222,22.07904416,0.352211999
540.268,22.07900105,0.352374765
540.292,22.07886074,0.352518649
540.336,22.07883732,0.352642242
540.363,22.0788983,0.352744189
540.389,22.07900011,0.352823543
540.433,22.07881492,0.352880118
540.571,22.07896284,0.352913302
541.202,22.07925702,0.352922549
541.208,22.07936616,0.3529077
541.215,22.07948979,0.352869347
541.241,22.07961735,0.352807728
541.284,22.0795986,0.352723253
541.308,22.07975949,0.352617063
541.352,22.07993998,0.352490064
541.379,22.07999308,0.352343052
541.403,22.08002239,0.352177787
541.446,22.07992842,0.351995547
541.474,22.07990554,0.35179757
541.5,22.07969594,0.351585581
541.555,22.07944212,0.351361867
541.582,22.07929093,0.351128446
541.719,22.07893997,0.350887442
543.758,22.07275596,0.350641481
543.768,22.07295909,0.350392888
543.777,22.07295909,0.350143009
543.785,22.07295016,0.349894827
543.792,22.07295016,0.349651493
543.799,22.07295016,0.349415297
543.806,22.07295016,0.349187525
543.813,22.07296514,0.348971623
543.836,22.0729894,0.348769868
543.878,22.07306077,0.3485842
543.903,22.07302098,0.348417027
543.928,22.07305642,0.348270724
543.973,22.07310934,0.348147092
543.999,22.07322923,0.348048202
544.144,22.07297671,0.347975906
544.811,22.07409806,0.347931741
544.82,22.07424093,0.347917381
544.829,22.07408379,0.347934096
544.853,22.07431922,0.347983276
544.897,22.07415992,0.348065859
544.925,22.07414802,0.34818304
544.951,22.07425713,0.348335366
544.993,22.0741442,0.348523481
545.017,22.07427512,0.348748146
545.061,22.07435745,0.349009129
545.086,22.07439725,0.349306304
545.111,22.07458751,0.349640577
545.134,22.07463719,0.350010624
545.175,22.07460513,0.350415955
545.326,22.07487424,0.350855767
545.917,22.08035307,0.351329423
545.925,22.08076993,0.3518362
545.934,22.08143531,0.352374284
545.958,22.08185487,0.352942675
545.982,22.082436,0.353539768
546.025,22.08299213,0.354164532
546.051,22.08354783,0.354814732
546.096,22.08414842,0.355488926
546.123,22.084559,0.356184917
546.167,22.08512915,0.356900733
546.193,22.08563187,0.357634442
546.22,22.08608302,0.358384297
546.247,22.08647567,0.359147849
546.293,22.08682236,0.359922733
546.43,22.08738343,0.360706881
547.14,22.09484891,0.361498586
547.15,22.09518559,0.362295101
547.159,22.09518559,0.363094747
547.166,22.09545334,0.363895196
547.172,22.09565311,0.364694584
547.215,22.09603773,0.365490921
547.239,22.09625955,0.366282286
547.281,22.09659603,0.367067051
547.325,22.09710678,0.367843439
547.352,22.09733872,0.368609898
547.379,22.09764953,0.369364933
547.407,22.09780609,0.370107016
547.434,22.0980202,0.370835399
547.477,22.09817452,0.371548774
547.652,22.09823684,0.372246314
548.357,22.09902375,0.372926837
548.365,22.0991999,0.373589768
548.372,22.0991999,0.374234647
548.378,22.09937788,0.374861003
548.402,22.09942908,0.375468333
548.427,22.09964484,0.376056894
548.469,22.09984053,0.376626519
548.495,22.10010106,0.377177093
548.523,22.10020012,0.377708665
548.564,22.10051327,0.378221675
548.607,22.10083802,0.378716993
548.617,22.10117672,0.379194775
548.662,22.10149198,0.379655277
548.689,22.10192089,0.380099068
548.869,22.10238055,0.380526984
549.529,22.11045889,0.380939468
549.55,22.11082768,0.381337602
549.557,22.11082768,0.381721883
549.568,22.1111014,0.382093059
549.573,22.11129984,0.38245193
549.597,22.11149356,0.382799
549.638,22.11162898,0.383135182
549.68,22.11206171,0.383461553
549.708,22.11203927,0.383778499
549.735,22.11207667,0.384087106
549.779,22.11212237,0.384387644
549.805,22.11251518,0.384681062
549.831,22.11229827,0.384968008
549.857,22.11240608,0.385248759
550.008,22.11226761,0.385523911
550.715,22.11241215,0.385794303
550.726,22.11278769,0.386060141
550.735,22.11278769,0.386321485
550.742,22.11266085,0.386578942
550.749,22.11265285,0.386832875
550.794,22.11269781,0.387083943
550.82,22.11269749,0.387331745
550.848,22.11267053,0.387576624
550.895,22.11278333,0.387819369
550.92,22.11301243,0.388059487
550.946,22.11269211,0.388297036
550.973,22.11271781,0.388533219
551.019,22.11279937,0.388767182
551.046,22.11262519,0.388999226
551.189,22.11244322,0.389229363
551.818,22.11333633,0.389457799
551.827,22.11305411,0.389684863
551.836,22.11264262,0.38991064
551.859,22.11244451,0.390135174
551.901,22.11216712,0.390358986
551.925,22.11202039,0.390582306
551.968,22.11167392,0.390805249
551.996,22.11120509,0.391028387
552.022,22.11095737,0.391252603
552.067,22.11059409,0.391478023
552.093,22.11023006,0.391704856
552.12,22.10989975,0.39193459
552.165,22.10956177,0.392167058
552.192,22.10928442,0.392403085
552.332,22.10901586,0.392643527
553.025,22.1100805,0.392888885
553.034,22.11066876,0.393139686
553.043,22.11066876,0.393396894
553.051,22.11052438,0.393661178
553.058,22.11075813,0.393933277
553.101,22.11095366,0.394214152
553.128,22.11105542,0.394504324
553.173,22.1110932,0.394804289
553.199,22.11113818,0.395115138
553.243,22.11122443,0.395436955
553.269,22.11133129,0.395770384
553.297,22.11138559,0.396116461
553.323,22.11168216,0.396475064
553.368,22.11161978,0.396846263
553.507,22.11174801,0.397230701
554.143,22.11368704,0.397628483
554.15,22.11386262,0.398039586
554.156,22.11394025,0.398463779
554.181,22.1139383,0.398900673
554.226,22.11415812,0.399350047
554.252,22.11422175,0.399811326
554.279,22.11429221,0.400283789
554.325,22.11439508,0.400767161
554.351,22.11445657,0.401259955
554.379,22.11459328,0.401761478
554.425,22.11467306,0.402270506
554.454,22.11478497,0.402785098
554.482,22.11490248,0.403304482
554.508,22.11505423,0.403827079
554.658,22.11518115,0.404350971
555.328,22.11889591,0.404874652
555.338,22.11925797,0.405396059
555.346,22.11925797,0.405913164
555.354,22.11946275,0.406423813
555.361,22.11981905,0.406925775
555.404,22.12014585,0.407416974
555.431,22.12042119,0.407895052
555.475,22.12049609,0.40835752
555.501,22.12077566,0.408802134
555.545,22.12102702,0.409226378
555.573,22.12129957,0.409627761
555.6,22.12156431,0.41000417
555.627,22.1218451,0.410353097
555.653,22.12210318,0.410672075
555.807,22.12226778,0.410958586
556.429,22.1261934,0.411210584
556.438,22.1264162,0.411426034
556.447,22.12652829,0.411602826
556.471,22.12690118,0.411739035
556.495,22.12706604,0.411832776
556.538,22.12736438,0.411882374
556.565,22.1275298,0.411886553
556.61,22.12779177,0.411843391
556.636,22.12807612,0.411752291
556.661,22.12814743,0.411611752
556.704,22.12838166,0.411421038
556.732,22.12846153,0.411179121
556.758,22.12864798,0.410885899
556.802,22.12885695,0.410540781
556.978,22.12892139,0.410143455
559.189,22.13917248,0.409693796
559.199,22.13966503,0.409192439
559.208,22.13966503,0.40863973
559.216,22.13991968,0.408036319
559.222,22.14009382,0.407382339
559.264,22.14009018,0.406678377
559.289,22.14026849,0.405926258
559.334,22.1402654,0.405127219
559.361,22.14033436,0.404282188
559.388,22.14038903,0.403392728
559.433,22.14033269,0.402460849
559.459,22.14053438,0.401487939
559.486,22.1406368,0.400476015
559.531,22.14063223,0.399427197
559.559,22.1406553,0.398343722
560.272,22.1414555,0.397227984
560.281,22.1414811,0.39608207
560.29,22.14135275,0.394908173
560.315,22.14127293,0.393708723
560.34,22.14128479,0.392486482
560.384,22.14131298,0.391243452
560.411,22.14130817,0.389982591
560.455,22.14116464,0.388706502
560.482,22.14125526,0.387417668
560.511,22.14122755,0.386118564
560.555,22.14116343,0.384811919
560.564,22.1411508,0.383499757
560.607,22.14108082,0.382185101
560.634,22.14116904,0.380869883
560.677,22.14117533,0.379557225
561.338,22.14237864,0.3782496
561.347,22.14244112,0.376949034
561.355,22.14244112,0.375657991
561.362,22.14234026,0.374378878
561.385,22.14239349,0.373113686
561.407,22.14234046,0.371864725
561.45,22.14242504,0.370633887
561.495,22.1423824,0.36942285
561.522,22.14233241,0.368233958
561.567,22.14241528,0.36706881
561.593,22.14254241,0.365928968
561.619,22.14266065,0.364815616
561.644,22.14263344,0.363730513
561.687,22.14268862,0.36267472
561.71,22.14277067,0.361649508
562.354,22.14300982,0.36065601
562.365,22.14310112,0.359695283
562.373,22.14295791,0.358767555
562.397,22.14278711,0.357873926
562.42,22.14251927,0.357015068
562.463,22.14211557,0.356191256
562.49,22.14183712,0.355402346
562.536,22.14143163,0.354648522
562.563,22.1410127,0.35393018
562.59,22.14083236,0.353246779
562.634,22.14034428,0.352597705
562.661,22.13994369,0.351982598
562.688,22.13960377,0.351400821
562.733,22.13917798,0.350851243
562.76,22.1387232,0.350333066
563.403,22.13310405,0.349845671
563.412,22.13281873,0.349387218
563.421,22.13271949,0.348955939
563.446,22.13228603,0.348550496
563.471,22.13214961,0.348169868
563.514,22.13201723,0.347810987
563.54,22.13200785,0.347472089
563.583,22.13198768,0.347151856
563.609,22.13188899,0.346847791
563.652,22.13186106,0.346558067
563.679,22.13183075,0.346280223
563.706,22.13186985,0.346012128
563.73,22.13176244,0.345751701
563.775,22.13176254,0.345496154
563.802,22.13188012,0.345243345
564.485,22.13445581,0.344990635
564.494,22.13465986,0.344735908
564.502,22.13465986,0.344477058
564.508,22.13466215,0.344211754
564.531,22.13475627,0.343937938
564.554,22.13477016,0.343653698
564.598,22.13488837,0.343357854
564.625,22.13490142,0.343047785
564.651,22.1349702,0.342721533
564.696,22.13504149,0.342377751
564.723,22.13507547,0.342014945
564.749,22.1351411,0.341632173
564.794,22.1351452,0.34122831
564.822,22.13525898,0.34080234
564.85,22.13525669,0.340353734
565.527,22.1340421,0.339881739
565.537,22.13406977,0.339386015
565.546,22.13416956,0.338866639
565.57,22.13429006,0.33832371
565.596,22.13426482,0.337757615
565.641,22.13423457,0.337168871
565.666,22.13428168,0.336557658
565.711,22.13430453,0.33592503
565.737,22.13432219,0.335271751
565.763,22.13417579,0.334598867
565.807,22.13435552,0.333907571
565.831,22.13436309,0.333199547
565.857,22.13445058,0.33247582
565.902,22.13459559,0.331737689
565.927,22.13463451,0.330986814
566.543,22.12897749,0.330224988
566.552,22.12729213,0.329454063
566.56,22.12729213,0.328675471
566.568,22.12644538,0.327890565
566.593,22.12564529,0.327101441
566.618,22.12466895,0.32631003
566.645,22.12412801,0.325517419
566.69,22.12344173,0.324725391
566.716,22.12277788,0.323935443
566.76,22.122243,0.323148815
566.785,22.12180796,0.322366777
566.811,22.12114774,0.321590146
566.837,22.12074351,0.320820684
566.881,22.12020972,0.32005887
567.022,22.11972261,0.319305569
567.686,22.11353425,0.318561526
567.696,22.11338859,0.317827478
567.704,22.11323613,0.317103692
567.729,22.11324776,0.316390222
567.753,22.1131985,0.315687305
567.796,22.11312952,0.314994764
567.823,22.11327355,0.314312582
567.868,22.11311111,0.313640393
567.895,22.11349043,0.312977824
567.922,22.11305329,0.312324456
567.966,22.11322958,0.311679401
567.992,22.11344733,0.311042331
568.019,22.11368035,0.310412309
568.046,22.11360633,0.309788243
568.201,22.11376052,0.309169198
568.827,22.10960197,0.30855425
568.836,22.1089355,0.307942296
568.845,22.1084933,0.307332422
568.87,22.10820393,0.306723405
568.893,22.1076712,0.306113983
568.937,22.10725204,0.305503185
568.964,22.10649291,0.304893743
569.009,22.10591149,0.304281449
569.036,22.10517666,0.303661254
569.062,22.10445911,0.303035549
569.105,22.10394036,0.302403372
569.129,22.10320359,0.301764147
569.174,22.10264836,0.301116154
569.201,22.10217146,0.300458958
569.341,22.10165605,0.299791701
570.068,22.09048972,0.29911406
570.074,22.0893688,0.298424613
570.081,22.0893688,0.297722874
570.086,22.08884132,0.297008545
570.109,22.08805492,0.296281285
570.132,22.08713291,0.295540064
570.175,22.08618514,0.294784941
570.202,22.08506012,0.294015324
570.247,22.08399671,0.293231058
570.273,22.08262985,0.292431706
570.317,22.08146924,0.291616997
570.324,22.08013292,0.290786841
570.368,22.0790497,0.289941356
570.395,22.07801401,0.289079408
570.548,22.07668219,0.288201962
571.316,22.06911596,0.287308424
571.325,22.06946545,0.286398663
571.334,22.06946545,0.285472588
571.341,22.06950662,0.284530293
571.348,22.06959452,0.283572058
571.389,22.06941588,0.282597753
571.414,22.06974412,0.281607419
571.456,22.06956562,0.280601358
571.483,22.06974543,0.279578873
571.527,22.06980647,0.2785408
571.552,22.07006101,0.277487487
571.579,22.0701243,0.27641934
571.624,22.06984424,0.27533635
571.651,22.06977907,0.274238733
571.795,22.06982083,0.273127857
574.012,22.06561992,0.272003647
574.022,22.06673205,0.270866399
574.032,22.06673205,0.269717308
574.04,22.06707788,0.268556893
574.046,22.06707788,0.267386184
574.052,22.06713073,0.266206096
574.077,22.06708778,0.265018113
574.122,22.06696793,0.26382282
574.149,22.06702652,0.262621752
574.175,22.06706957,0.261416126
574.22,22.06693248,0.260207856
574.247,22.06701308,0.25899815
574.274,22.06690671,0.257788728
574.319,22.06693163,0.256581862
574.487,22.06674814,0.255379198
575.199,22.06558773,0.254182883
575.207,22.06560601,0.252995162
575.215,22.06554797,0.251818327
575.24,22.06554472,0.250654362
575.284,22.06538871,0.249505687
575.31,22.06545378,0.248373747
575.337,22.06529375,0.247262072
575.382,22.06528896,0.246172571
575.409,22.0653213,0.245108079
575.454,22.06535809,0.244070799
575.481,22.06542967,0.243063088
575.508,22.06526166,0.242087718
575.534,22.06529207,0.241146093
575.579,22.06548416,0.24024061
575.715,22.06549047,0.239373356
576.309,22.06536596,0.238546232
576.318,22.06536895,0.237760914
576.327,22.06525277,0.237018999
576.353,22.06516104,0.23632206
576.38,22.06503217,0.235671158
576.425,22.06495308,0.235067527
576.452,22.06489216,0.234511664
576.477,22.06470696,0.234004386
576.521,22.064557,0.233545828
576.546,22.06442032,0.233136018
576.59,22.06429603,0.232774744
576.618,22.0642901,0.232461861
576.645,22.06413945,0.232195935
576.672,22.06403404,0.231976037
576.856,22.06392468,0.231801437
577.561,22.06312132,0.231670249
577.57,22.06310815,0.231580156
577.579,22.06310815,0.231529657
577.586,22.06306285,0.231516581
577.592,22.06306348,0.23153824
577.634,22.06303416,0.231591523
577.662,22.06303508,0.231673233
577.708,22.06306286,0.231780435
577.737,22.06320685,0.231909563
577.763,22.06313941,0.232057186
577.808,22.06318883,0.232219643
577.834,22.06300664,0.232393015
577.859,22.06300194,0.232573555
577.9,22.06295468,0.23275751
578.073,22.06292065,0.232940286
578.733,22.06543457,0.233118028
578.743,22.06473817,0.233286896
578.75,22.06473817,0.233442894
578.756,22.06519961,0.233581841
578.762,22.06503472,0.23369989
578.805,22.06480261,0.233793216
578.83,22.0646406,0.233858085
578.872,22.06442737,0.23389068
578.898,22.06437965,0.233887521
578.943,22.06417703,0.233845198
578.968,22.06412961,0.233760585
578.991,22.06424148,0.233630456
579.034,22.06427392,0.233452239
579.061,22.06445123,0.233223447
579.21,22.06451835,0.232941429
579.93,22.06683735,0.23260392
579.939,22.06775614,0.232208814
579.948,22.06775614,0.231754404
579.955,22.06775614,0.231239261
579.961,22.06803538,0.230662156
579.967,22.06817741,0.2300226
579.995,22.06835625,0.229319303
580.038,22.06866515,0.228551543
580.064,22.06882708,0.227719039
580.109,22.06916253,0.226821703
580.136,22.06957734,0.225859142
580.161,22.06969361,0.224832536
580.189,22.06998884,0.223741953
580.235,22.07039495,0.222587597
580.374,22.07069651,0.221370635
581.034,22.06670975,0.220091821
581.043,22.06673877,0.218752459
581.052,22.06673877,0.217354227
581.059,22.06722371,0.215898081
581.065,22.06720547,0.214386507
581.108,22.06727933,0.212821141
581.132,22.06705328,0.21120442
581.176,22.06711726,0.209538418
581.201,22.06763223,0.207825553
581.243,22.06717704,0.206068668
581.287,22.06743162,0.204270213
581.296,22.06749223,0.202433201
581.341,22.06757227,0.200560135
581.368,22.06752501,0.198655227
581.548,22.06753962,0.196721866
582.239,22.06360413,0.194763335
582.248,22.06329324,0.19278342
582.257,22.06282151,0.190785789
582.282,22.06253065,0.188774147
582.305,22.06218679,0.186753088
582.348,22.06184696,0.184726709
582.375,22.0617281,0.182699473
582.402,22.06140053,0.18067563
582.446,22.06128358,0.178660012
582.475,22.06125052,0.176657219
582.521,22.06141128,0.174672062
582.548,22.06180202,0.172709276
582.584,22.06200789,0.170774375
582.611,22.06254524,0.168872238
582.753,22.06289101,0.167008176
583.513,22.07172355,0.165187425
583.521,22.07214675,0.163415088
583.528,22.07214675,0.161696754
583.534,22.07287417,0.160037324
583.539,22.07287417,0.158442277
583.545,22.07292754,0.156917034
583.587,22.07330195,0.155466227
583.614,22.07357332,0.154095186
583.641,22.07395426,0.152809082
583.686,22.07427383,0.151613018
583.731,22.07453372,0.150511582
583.738,22.0747028,0.149509133
583.779,22.07477411,0.148610777
583.804,22.074911,0.147820555
583.957,22.07507172,0.147142397
584.651,22.07646925,0.146580293
584.66,22.07651278,0.146137927
584.668,22.07651278,0.145818664
584.676,22.07644062,0.145625386
584.682,22.07644062,0.145561082
584.688,22.07639544,0.145628247
584.728,22.07629175,0.145828831
584.754,22.0762472,0.146164502
584.798,22.07629118,0.146636666
584.825,22.07621847,0.147246614
584.85,22.07626472,0.147994587
584.893,22.07628773,0.148881371
584.918,22.07626226,0.149906512
584.961,22.07630275,0.151069718
585.132,22.0763019,0.152370039
585.777,22.07762164,0.153806275
585.786,22.07807928,0.155376982
585.794,22.07807928,0.15707979
585.801,22.07807928,0.158912614
585.807,22.07823937,0.160872577
585.813,22.0783497,0.162956392
585.836,22.07851735,0.165160891
585.879,22.0785091,0.167482092
585.905,22.07854608,0.169915916
585.949,22.07857353,0.172458058
585.994,22.07867752,0.17510408
586.003,22.07880856,0.17784862
586.047,22.07876722,0.180683458
586.072,22.07885125,0.183607093
586.252,22.0788784,0.18661724
586.882,22.08253783,0.189703971
586.889,22.08283178,0.192861431
586.895,22.08283178,0.196083455
586.901,22.08306908,0.199364523
586.927,22.08318353,0.20269816
586.951,22.08335887,0.20607778
586.977,22.08363704,0.209496825
587.021,22.0837124,0.212949823
587.045,22.08398534,0.216429827
587.09,22.08407197,0.219930062
587.117,22.08419188,0.223444893
587.144,22.08422322,0.22696835
587.188,22.08427127,0.230493766
587.215,22.08440734,0.234015529
587.392,22.08440358,0.237528133
589.263,22.08741062,0.241025857
589.273,22.08787144,0.244503332
589.282,22.08787144,0.247955173
589.291,22.08787734,0.251376167
589.297,22.08787734,0.254762083
589.303,22.08805222,0.25810781
589.326,22.08817854,0.261409295
589.367,22.08830043,0.264662685
589.393,22.08847001,0.267864451
589.438,22.0885408,0.271010987
589.465,22.08871279,0.274098989
589.492,22.0888087,0.277125653
589.519,22.0889834,0.280088407
589.564,22.08915173,0.282985351
589.706,22.08924939,0.285814731
590.398,22.09478301,0.28857446
590.407,22.09531766,0.291262922
590.416,22.09531766,0.293878927
590.424,22.09549226,0.296422554
590.447,22.09581885,0.298893075
590.47,22.09600527,0.301289424
590.494,22.09633694,0.303612144
590.539,22.09649153,0.305862049
590.566,22.09660943,0.308039524
590.612,22.09675579,0.310145143
590.637,22.0967659,0.312179703
590.661,22.09691057,0.314144544
590.703,22.09701566,0.316040708
590.729,22.09703831,0.317870176
590.984,22.09723071,0.319634766
591.624,22.09959741,0.321336025
591.633,22.09961917,0.322975797
591.642,22.09961917,0.324556329
591.649,22.09960699,0.326079958
591.656,22.09949999,0.327548826
591.698,22.09939761,0.328965076
591.723,22.09941802,0.330331288
591.766,22.09926629,0.331649767
591.792,22.0993481,0.332922974
591.835,22.09921181,0.334153187
591.86,22.09912234,0.335343048
591.885,22.09907086,0.336495513
591.929,22.09882463,0.33761234
591.955,22.0986077,0.338695859
592.137,22.09840896,0.339748064
592.747,22.09748594,0.340771277
592.762,22.09668171,0.341767901
592.776,22.09668171,0.342739711
592.798,22.09622805,0.343688766
592.821,22.09584065,0.344616899
592.865,22.09557161,0.345525212
592.891,22.09522785,0.346415418
592.915,22.09494545,0.347289257
592.959,22.09463867,0.348147788
592.986,22.09436707,0.348992052
593.03,22.09409426,0.349823191
593.039,22.0937973,0.350641685
593.082,22.09358134,0.35144832
593.107,22.09335352,0.352243679
593.264,22.09313244,0.353028343
593.958,22.09226154,0.353802398
593.965,22.09238666,0.354565764
593.972,22.09238666,0.355318343
593.977,22.09246153,0.356060112
594.003,22.09256081,0.356790702
594.03,22.09258032,0.35750954
594.057,22.09264082,0.358215947
594.103,22.09272158,0.358909341
594.13,22.09282152,0.359588681
594.173,22.09283079,0.360252934
594.199,22.09289509,0.360901303
594.225,22.09288368,0.361532105
594.249,22.09277577,0.362144921
594.293,22.09272332,0.362737741
594.47,22.09264868,0.363309299
595.073,22.09249376,0.363858018
595.081,22.09228174,0.364382663
595.089,22.0922146,0.364881643
595.115,22.09219277,0.365353399
595.14,22.0918664,0.365796159
595.181,22.09185766,0.36620907
595.204,22.09188087,0.366590302
595.248,22.09198956,0.366938051
595.275,22.09194464,0.367250948
595.319,22.09190333,0.367527507
595.344,22.09192502,0.36776632
595.367,22.09181399,0.367965717
595.411,22.09179382,0.368124612
595.438,22.09176936,0.368241816
595.622,22.09183975,0.368316243
596.236,22.0932998,0.368346817
596.244,22.09334519,0.368332344
596.253,22.0933894,0.368272272
596.276,22.093412,0.368165619
596.319,22.09349886,0.36801146
596.344,22.09361824,0.367809218
596.37,22.09371117,0.367558858
596.415,22.09380795,0.367260192
596.442,22.09379116,0.366912503
596.486,22.09389173,0.366516074
596.512,22.09392663,0.366070606
596.539,22.09408973,0.365575776
596.566,22.09418001,0.365032143
596.611,22.09422065,0.364440564
596.752,22.09426064,0.363801507
597.365,22.09673542,0.363115549
597.374,22.09684986,0.362383383
597.383,22.09701686,0.361605989
597.407,22.09712477,0.360784339
597.432,22.09731908,0.359919585
597.476,22.09735067,0.35901268
597.525,22.09757825,0.358065458
597.532,22.09772497,0.357079114
597.575,22.09793887,0.356054866
597.602,22.09814448,0.354994965
597.646,22.09821291,0.353901055
597.671,22.09850597,0.352775079
597.712,22.0986783,0.35161886
597.737,22.09888331,0.350434523
597.879,22.09919721,0.349224255
598.538,22.10463804,0.347990146
598.547,22.10514775,0.346734791
598.556,22.10514775,0.345460485
598.564,22.10561911,0.34416983
598.57,22.10582392,0.342865313
598.612,22.10583279,0.341549787
598.635,22.10609727,0.340225967
598.678,22.10616847,0.338896848
598.721,22.10627639,0.337565033
598.748,22.10636937,0.336233725
598.773,22.10654759,0.334905524
598.796,22.10689461,0.333583425
598.84,22.10690437,0.332270778
598.885,22.10729224,0.330970561
599.051,22.10752117,0.329685751
599.721,22.11071474,0.328419596
599.73,22.11067908,0.327175142
599.739,22.11067908,0.325955504
599.746,22.11062899,0.324763719
599.752,22.11071912,0.323602797
599.777,22.11080399,0.322475508
599.822,22.11092737,0.321385114
599.867,22.11077993,0.320334606
599.894,22.11078751,0.319326474
599.92,22.11091506,0.318363909
599.965,22.11084351,0.317449327
599.992,22.11084613,0.316584998
600.019,22.11092496,0.315773266
600.064,22.11083801,0.315016401
600.201,22.11091283,0.314316579
600.857,22.11202926,0.313675805
600.866,22.11237929,0.313095466
600.874,22.11237929,0.312577077
600.88,22.11240861,0.312122038
600.886,22.11271013,0.311731653
600.929,22.11279961,0.311406062
600.957,22.1129536,0.311146641
601.001,22.11304132,0.310953552
601.025,22.1131583,0.310826827
601.067,22.11328693,0.310766445
601.091,22.11333397,0.310771866
601.115,22.11356935,0.31084253
601.157,22.11357311,0.310977715
601.198,22.11358588,0.311176366
601.337,22.11379569,0.31143707
601.975,22.11928662,0.311758404
601.984,22.11953544,0.312138487
601.991,22.11972839,0.312574999
602.016,22.11984267,0.313065904
602.041,22.12006834,0.313608552
602.084,22.12025133,0.31420043
602.109,22.12051126,0.314838148
602.153,22.12072103,0.315518841
602.18,22.12087515,0.316239609
602.225,22.12111178,0.316996957
602.252,22.12123502,0.317787272
602.279,22.12128515,0.318607238
602.305,22.12126895,0.319453151
602.35,22.12129362,0.32032174
602.489,22.12129457,0.321208677
604.647,22.10017307,0.3221105
604.657,22.09886755,0.323023288
604.666,22.09886755,0.323943588
604.674,22.09851318,0.324867367
604.681,22.09851318,0.325791102
604.688,22.09828637,0.326711499
604.713,22.09789298,0.327625171
604.74,22.09762961,0.328528762
604.784,22.09745342,0.329418843
604.811,22.0972353,0.330292471
604.856,22.09712456,0.331146607
604.883,22.09689928,0.331978827
604.909,22.09676808,0.332786581
604.953,22.09662724,0.333567361
605.123,22.09655646,0.334318915
605.854,22.08619717,0.33503942
605.863,22.08561359,0.335726843
605.872,22.08475199,0.336379483
605.896,22.08402278,0.336996315
605.92,22.08325059,0.337576221
605.965,22.08259507,0.338117505
605.993,22.08194828,0.338620061
606.026,22.08120547,0.339083012
606.05,22.08059922,0.339506003
606.092,22.07998,0.339888862
606.135,22.07956158,0.340231299
606.161,22.07901174,0.340533745
606.188,22.07858296,0.34079646
606.232,22.07810387,0.341019841
606.368,22.07762134,0.341204153
607.047,22.06490008,0.341350332
607.056,22.06412154,0.341459038
607.063,22.06320982,0.341531273
607.1,22.0625264,0.34156799
607.125,22.06173012,0.341570047
607.149,22.0610245,0.341538981
607.192,22.0603532,0.34147598
607.219,22.05962678,0.34138234
607.263,22.05898717,0.341259149
607.29,22.05821291,0.341107297
607.317,22.05760798,0.340928745
607.344,22.05706558,0.340724761
607.389,22.05634064,0.340496559
607.416,22.05581253,0.340245405
607.561,22.05519943,0.339972426
608.248,22.04412941,0.339679045
608.257,22.04390507,0.339366697
608.265,22.04349242,0.339036721
608.289,22.04325014,0.338690309
608.332,22.04289241,0.338328488
608.359,22.04269747,0.337951872
608.404,22.04256349,0.337562437
608.431,22.04222739,0.337160916
608.456,22.04198867,0.336748597
608.501,22.04168917,0.336326347
608.527,22.04143568,0.335895267
608.554,22.04121589,0.335456264
608.599,22.04090842,0.335010002
608.626,22.04080859,0.334557734
608.772,22.04073,0.334100161
609.452,22.04431075,0.333638381
609.458,22.04441117,0.333172831
609.463,22.04441153,0.332704717
609.486,22.04465673,0.332234452
609.529,22.0448502,0.33176289
609.557,22.04491818,0.331290993
609.601,22.04508349,0.330819608
609.628,22.04508408,0.330349096
609.672,22.04527099,0.329880445
609.699,22.04527812,0.329414514
609.724,22.04534141,0.328951704
609.748,22.04544842,0.328493178
609.791,22.04535465,0.328039429
609.818,22.04550092,0.327591059
610.003,22.04557314,0.327148717
610.714,22.04665543,0.326712919
610.723,22.04691906,0.32628447
610.732,22.04691906,0.325864
610.739,22.04691906,0.325452091
610.745,22.04708519,0.325049117
610.75,22.04706954,0.324655294
610.792,22.04708842,0.32427137
610.817,22.04722802,0.323897799
610.844,22.04715414,0.323535013
610.888,22.0472977,0.323183026
610.912,22.04739795,0.322842208
610.938,22.04750709,0.322512708
610.981,22.04763359,0.322194582
611.024,22.04762629,0.32188788
611.191,22.04771152,0.321592487
611.849,22.04716498,0.321308329
611.856,22.04561482,0.321034914
611.864,22.04561482,0.320772246
611.871,22.04503212,0.320519442
611.896,22.04442399,0.320276379
611.921,22.04397122,0.320042343
611.948,22.04357873,0.31981658
611.994,22.04333537,0.319598122
612.02,22.04314746,0.319386067
612.063,22.04290582,0.319179464
612.093,22.04277742,0.318977047
612.119,22.04258569,0.318777302
612.146,22.04240182,0.318579227
612.173,22.04229012,0.318381496
612.296,22.04213339,0.31818259
612.933,22.04133775,0.317981316
612.94,22.04132484,0.317775781
612.946,22.04121788,0.317564532
612.971,22.04117764,0.317345921
613.015,22.04103297,0.317118294
613.039,22.04085308,0.316879823
613.081,22.04083994,0.316628995
613.107,22.04075321,0.316364005
613.134,22.04070638,0.316083294
613.177,22.04070784,0.315785019
613.221,22.04084782,0.315467765
613.23,22.04112017,0.315129892
613.275,22.04139071,0.314769462
613.302,22.04184981,0.314385001
613.448,22.04226286,0.313975535
614.015,22.04203142,0.313539359
614.024,22.04138512,0.313075396
614.033,22.04088996,0.312582491
614.057,22.04051279,0.312059657
614.081,22.04026911,0.31150583
614.124,22.04007123,0.310920081
614.151,22.03984085,0.310301531
614.196,22.03982037,0.309649748
614.223,22.03974171,0.308964285
614.25,22.03967255,0.308244769
614.295,22.03961528,0.307490939
614.321,22.03956122,0.306702835
614.348,22.03973664,0.305880243
614.393,22.03975304,0.305023573
614.562,22.03993349,0.304132893
615.154,22.04476913,0.303208426
615.163,22.0448142,0.302250988
615.172,22.04492795,0.30126077
615.197,22.04492523,0.300238537
615.221,22.04504822,0.299184995
615.264,22.04520524,0.298101042
615.291,22.04547003,0.296988085
615.335,22.04566982,0.295846827
615.362,22.04584057,0.29467855
615.389,22.04612395,0.293484487
615.434,22.04627749,0.292265764
615.458,22.04639472,0.291024024
615.481,22.04657711,0.289760546
615.525,22.04658009,0.288476781
615.672,22.04670108,0.287174206
616.307,22.0494633,0.285854579
616.316,22.04976459,0.284519366
616.325,22.04979676,0.283170284
616.348,22.05010152,0.281808666
616.371,22.05023744,0.280436428
616.416,22.05048588,0.279055168
616.442,22.05072104,0.277666665
616.485,22.05057013,0.276272572
616.512,22.05084184,0.274874511
616.557,22.05092653,0.27347417
616.582,22.05117827,0.272073287
616.607,22.05140822,0.270673729
616.652,22.05146743,0.269276753
616.679,22.05165472,0.267883832
616.822,22.05168373,0.266497013
617.428,22.05107462,0.265117689
617.437,22.05117945,0.263747652
617.446,22.05122044,0.262388338
617.47,22.05119802,0.261041745
617.493,22.05127185,0.259709016
617.536,22.05120931,0.258391613
617.563,22.05132406,0.257090703
617.608,22.05134052,0.255808311
617.635,22.05137661,0.254545495
617.662,22.05162402,0.253303555
617.707,22.05179443,0.252083587
617.733,22.05196457,0.250887707
617.758,22.05204482,0.249716455
617.803,22.05223485,0.248571006
617.943,22.05233066,0.2474526
620.063,22.06169878,0.246362262
620.073,22.06180386,0.245301276
620.082,22.06180386,0.244270422
620.09,22.06200893,0.243270628
620.096,22.06200893,0.242302687
620.102,22.06203889,0.241367387
620.125,22.06210882,0.240465374
620.167,22.0622377,0.23959752
620.192,22.06225548,0.238764289
620.236,22.06230882,0.237966103
620.263,22.06221347,0.237203816
620.289,22.06241575,0.236477402
620.334,22.06234532,0.235787635
620.361,22.06238033,0.235134384
620.505,22.06245511,0.234517781
621.192,22.06118915,0.233938027
621.201,22.06096706,0.23339529
621.21,22.06080927,0.23288926
621.236,22.06043103,0.23241981
621.263,22.06026986,0.231986657
621.309,22.05994353,0.231589762
621.336,22.05970355,0.231228753
621.361,22.05944122,0.230903234
621.405,22.05917402,0.230612628
621.431,22.05902771,0.230356522
621.476,22.05879228,0.230134481
621.501,22.05869267,0.229945616
621.526,22.0585911,0.229789437
621.571,22.05843431,0.229665306
621.706,22.05838114,0.229572486
622.377,22.05779008,0.229510493
622.386,22.05769702,0.229478651
622.394,22.05761784,0.229475954
622.419,22.05768267,0.229501858
622.446,22.05758113,0.229555551
622.491,22.05774102,0.22963661
622.517,22.05765368,0.22974454
622.56,22.05772481,0.229878558
622.587,22.05780823,0.230038041
622.611,22.05780923,0.230222714
622.655,22.0580153,0.230432024
622.682,22.05796216,0.23066587
622.706,22.0581327,0.230923325
622.749,22.0582534,0.231204446
622.893,22.05839336,0.231508988
623.53,22.06336341,0.231836863
623.539,22.06342608,0.232187909
623.547,22.06359353,0.232562201
623.571,22.0635999,0.23295967
623.613,22.06386995,0.233380244
623.639,22.06405973,0.233825161
623.684,22.06438223,0.234293908
623.711,22.06471631,0.2347867
623.737,22.06503244,0.235304097
623.779,22.06545924,0.235846145
623.803,22.06576448,0.236413445
623.845,22.0663472,0.237006359
623.871,22.06681983,0.237625419
623.916,22.06720268,0.23827048
624.083,22.06766764,0.238942628
624.75,22.07250501,0.239642179
624.759,22.07266719,0.24036954
624.767,22.07260476,0.241124449
624.792,22.07267978,0.241907473
624.819,22.07265487,0.242718832
624.864,22.07273127,0.243558562
624.891,22.07279988,0.244426603
624.918,22.07288778,0.245322621
624.962,22.07297025,0.24624637
624.989,22.07315311,0.247197584
625.034,22.07322925,0.248175545
625.043,22.07329002,0.24917997
625.087,22.07334918,0.25020933
625.113,22.07350965,0.251262822
625.265,22.07366524,0.252339227
625.915,22.07804453,0.253437077
625.924,22.07844035,0.254554779
625.932,22.07844035,0.255690799
625.938,22.07860522,0.256843458
625.963,22.07884898,0.258010416
625.988,22.0789698,0.259189875
626.014,22.07926285,0.260379369
626.055,22.07944828,0.261576432
626.079,22.07962352,0.262778197
626.123,22.07988536,0.263982004
626.15,22.08005964,0.265185204
626.176,22.08034865,0.266384607
626.218,22.0804759,0.267577546
626.245,22.0807242,0.268761023
626.398,22.08090835,0.269932043
627.034,22.0871782,0.271087351
627.04,22.08755079,0.272224137
627.046,22.08787593,0.2733393
627.069,22.08820031,0.274429842
627.112,22.08846056,0.275492951
627.136,22.08881884,0.276525686
627.178,22.08909262,0.277525716
627.205,22.08931888,0.278490221
627.25,22.0896903,0.279416708
627.275,22.08991273,0.280303132
627.318,22.09028849,0.281147513
627.344,22.09044368,0.281947988
627.37,22.09079766,0.282702726
627.415,22.09119077,0.283410277
627.552,22.09135151,0.28406932
628.214,22.09544295,0.284679017
628.219,22.09557361,0.285238727
628.225,22.09564461,0.28574762
628.248,22.0958178,0.28620575
628.291,22.09598828,0.286612899
628.317,22.0959307,0.286969561
628.362,22.09611311,0.287276142
628.389,22.09642566,0.287533337
628.433,22.09644549,0.287741874
628.459,22.09662591,0.287903121
628.483,22.09673716,0.288018419
628.525,22.09688545,0.288089329
628.549,22.09679266,0.288117516
628.592,22.09691104,0.288105206
628.732,22.09713447,0.288054407
629.45,22.09726735,0.28796705
629.459,22.09718324,0.287845944
629.467,22.09718324,0.287693148
629.474,22.09718324,0.287511452
629.48,22.09704171,0.287303516
629.485,22.09693821,0.287071792
629.509,22.09692593,0.286818808
629.553,22.09682693,0.286547606
629.58,22.09670803,0.286260794
629.624,22.09648844,0.285961198
629.651,22.0962919,0.285651169
629.678,22.09593979,0.28533354
629.723,22.09573336,0.28501089
629.749,22.09551755,0.28468562
629.926,22.09520777,0.284360172
630.618,22.09264772,0.284036831
630.627,22.09237858,0.283717792
630.636,22.09237858,0.283405279
630.643,22.09234945,0.283101278
630.65,22.09232279,0.28280764
630.692,22.09236287,0.282526067
630.717,22.09239489,0.282258121
630.761,22.09243212,0.28200535
630.786,22.09255622,0.281769312
630.829,22.09256407,0.281550457
630.853,22.09265065,0.281350076
630.878,22.09264327,0.281169483
630.922,22.09270452,0.281009472
630.949,22.09282095,0.280870227
631.097,22.09274334,0.280752248
631.744,22.09323428,0.280655899
631.753,22.09327191,0.280581747
631.761,22.09334372,0.280529716
631.785,22.09331049,0.280499619
631.808,22.09342165,0.280491431
631.851,22.09344701,0.280505598
631.896,22.09353074,0.280541406
631.921,22.09360672,0.280597827
631.947,22.09366541,0.280675656
631.992,22.09397014,0.280773787
632.019,22.09410942,0.280891657
632.046,22.09434159,0.281028381
632.091,22.09460055,0.281183236
632.118,22.0947664,0.281355784
632.259,22.09523676,0.281544713
632.852,22.09984647,0.281749336
632.861,22.10022401,0.281968615
632.871,22.10061994,0.28220157
632.896,22.10097147,0.282447051
632.921,22.10132234,0.282704246
632.966,22.10172929,0.282971759
632.993,22.10195484,0.283248725
633.038,22.10236901,0.283534143
633.064,22.1026537,0.283826597
633.091,22.10291539,0.284125364
633.136,22.10324639,0.284428853
633.162,22.10349561,0.284736378
633.188,22.10388635,0.285046344
633.213,22.10416256,0.285357852
633.401,22.1044785,0.285669884
635.588,22.11410659,0.28598124
635.598,22.11424802,0.286290954
635.607,22.11424802,0.286597895
635.615,22.11423334,0.286901145
635.621,22.11423334,0.287199955
635.627,22.11430703,0.287492862
635.652,22.11435912,0.287779167
635.697,22.11455109,0.288058093
635.723,22.11449516,0.288328996
635.75,22.11457474,0.288590951
635.796,22.11462862,0.28884334
635.823,22.11461793,0.28908548
635.85,22.11469957,0.28931715
635.894,22.11469398,0.289537327
636.031,22.11478013,0.28974602
636.726,22.11552956,0.289942691
636.747,22.1155742,0.290127131
636.754,22.1155742,0.290299031
636.765,22.1156798,0.290457953
636.771,22.11566522,0.290604215
636.794,22.115674,0.290737444
636.837,22.11574368,0.290857878
636.864,22.11571698,0.290965466
636.908,22.11581356,0.291060657
636.934,22.11576379,0.291143633
636.982,22.11577553,0.291214716
636.99,22.11581734,0.291274338
637.033,22.11579402,0.291322796
637.059,22.11586918,0.291360601
637.239,22.11580646,0.29138847
637.879,22.11570225,0.291406859
637.887,22.11573703,0.291416139
637.894,22.11573703,0.291417157
637.9,22.11578832,0.291410829
637.906,22.11578832,0.291397644
637.912,22.11574203,0.291378651
637.953,22.11581539,0.291354328
637.979,22.11571033,0.291325516
638.025,22.11576988,0.291292864
638.05,22.1157835,0.291257074
638.094,22.11571513,0.291218992
638.103,22.11577211,0.29117959
638.148,22.11565282,0.291139147
638.175,22.11575803,0.291098539
638.323,22.11572255,0.291058057
638.724,22.11591367,0.291018473
638.73,22.11582818,0.290980056
638.736,22.11582818,0.290943451
638.742,22.11582818,0.290908998
638.747,22.11576181,0.290876916
638.771,22.11580877,0.290847509
638.794,22.11561152,0.290820952
638.838,22.1154982,0.290797125
638.864,22.11531983,0.290776092
638.889,22.11517123,0.29075765
638.933,22.11490779,0.290741555
638.957,22.11463321,0.290727692
638.982,22.11448971,0.290715119
639.015,22.11418971,0.29070353
639.169,22.11393679,0.290692648
639.829,22.1019255,0.290681249
639.838,22.10083451,0.29066838
639.846,22.10083451,0.290653452
639.853,22.10027882,0.290635409
639.859,22.09993988,0.290613473
639.902,22.09952822,0.290585646
639.929,22.09913665,0.290551001
639.975,22.09862995,0.290508685
640.001,22.09841217,0.290457221
640.027,22.09801427,0.290395178
640.072,22.09752824,0.290321615
640.099,22.09726631,0.290234319
640.126,22.09687808,0.290132728
640.171,22.09654669,0.290015571
640.342,22.09639879,0.289881683
641.024,22.09555759,0.289729643
641.033,22.09553726,0.289558338
641.042,22.09611828,0.289366866
641.068,22.09582241,0.289153781
641.095,22.09595232,0.288919074
641.14,22.09624012,0.288660953
641.168,22.09636694,0.288379784
641.194,22.09620906,0.288074331
641.221,22.09632025,0.28774458
641.266,22.09627418,0.287390351
641.293,22.09616669,0.28701144
641.316,22.09623553,0.286608137
641.36,22.0960732,0.286180567
641.386,22.09628731,0.285729607
641.539,22.09621092,0.285255731
642.223,22.09454593,0.28475962
642.232,22.09442032,0.284242615
642.239,22.09442032,0.283705939
642.245,22.09437878,0.283151022
642.271,22.09433292,0.282579221
642.298,22.09430192,0.281991384
642.325,22.09434876,0.281390284
642.37,22.09424698,0.280777784
642.397,22.09421219,0.280156033
642.424,22.09414116,0.279527363
642.467,22.0941371,0.278894107
642.492,22.09397977,0.278258717
642.518,22.0938962,0.277623962
642.545,22.0937727,0.276992324
642.735,22.09358848,0.276366128
643.394,22.08893162,0.275747823
643.399,22.08842843,0.27513981
643.405,22.08842843,0.274544979
643.41,22.08820959,0.273965664
643.439,22.08814598,0.273404259
643.465,22.08793632,0.272863317
643.51,22.08779161,0.272344912
643.538,22.08766881,0.271850544
643.579,22.08753213,0.271382389
643.606,22.08737455,0.270942179
643.632,22.08726266,0.270531323
643.657,22.08721536,0.270151344
643.701,22.08713677,0.269803009
643.728,22.08703841,0.269487351
643.875,22.08693744,0.269204817
644.546,22.08638312,0.268955539
644.553,22.0864358,0.268739676
644.559,22.0864358,0.268557091
644.565,22.08667639,0.268407188
644.59,22.08664861,0.268289227
644.616,22.08672344,0.268202559
644.665,22.08678742,0.268145634
644.691,22.08678738,0.268116856
644.714,22.08701229,0.26811443
644.757,22.08698122,0.26813623
644.784,22.08703762,0.268180011
644.811,22.08717772,0.268243221
644.856,22.08715792,0.268323387
644.884,22.08723038,0.268417612
645.025,22.08717092,0.268522921
645.582,22.08911018,0.26863606
645.589,22.08939713,0.268754041
645.597,22.08981432,0.268873151
645.623,22.09024877,0.26898987
645.648,22.09088796,0.269100622
645.692,22.09144412,0.269202344
645.719,22.09174714,0.269291209
645.764,22.09223069,0.269363542
645.793,22.09280079,0.269416081
645.819,22.09322145,0.269444981
645.865,22.09355876,0.26944688
645.89,22.09360195,0.269418837
645.922,22.09405345,0.269357474
645.947,22.09444953,0.269259686
646.098,22.09486504,0.269122562
646.825,22.09591294,0.268943476
646.834,22.09554939,0.268719907
646.843,22.09554939,0.268449473
646.85,22.09554939,0.268129826
646.856,22.09533659,0.267759309
646.862,22.09506603,0.267336115
646.887,22.09506403,0.266858735
646.932,22.09503664,0.266325829
646.959,22.09498744,0.265736629
647.004,22.09469179,0.265090131
647.03,22.09469999,0.264385854
647.057,22.09450937,0.263623194
647.084,22.09440394,0.262802208
647.129,22.09433567,0.261922932
647.268,22.09426639,0.260985551
647.97,22.08831587,0.259990797
647.975,22.08760026,0.258939247
647.981,22.08760026,0.257831742
647.986,22.08711858,0.256668931
648.012,22.08680064,0.255452182
648.039,22.08653594,0.254182816
648.082,22.08634442,0.252862718
648.105,22.08599038,0.251492803
648.149,22.08572585,0.250074597
648.175,22.08541392,0.248610242
648.219,22.08505998,0.247101743
648.246,22.08468474,0.245550783
648.273,22.08425315,0.243959139
648.298,22.08377499,0.242329121
648.451,22.08365401,0.240662292
650.628,22.06374463,0.238961374
650.639,22.06348425,0.237228067
650.649,22.06348425,0.235464784
650.656,22.06327822,0.23367328
650.663,22.06327822,0.231856181
650.669,22.06318484,0.230018337
650.692,22.06300223,0.228156209
650.734,22.06305068,0.226274951
650.761,22.06293628,0.22437651
650.788,22.06266015,0.222463521
650.833,22.06273367,0.220538032
650.86,22.06264633,0.218602538
650.887,22.06260943,0.216658474
650.94,22.062631,0.21470819
651.07,22.06254472,0.212754067
651.791,22.05712294,0.210798237
651.8,22.05669604,0.208843105
651.809,22.05630229,0.206890484
651.833,22.05597167,0.204942972
651.857,22.05591707,0.203002938
651.901,22.05628401,0.201072215
651.929,22.05693414,0.199153378
651.974,22.05782742,0.197248503
652,22.05860476,0.195360021
652.028,22.0595583,0.193490239
652.072,22.06006164,0.191641312
652.098,22.0602893,0.189815672
652.124,22.0603496,0.188015707
652.149,22.06030019,0.18624368
652.339,22.06034188,0.184502153
652.974,22.05570248,0.182793125
652.983,22.05533341,0.181119302
652.99,22.05496157,0.17948297
653.014,22.05461329,0.177886209
653.04,22.05420768,0.176331652
653.086,22.05386273,0.174821369
653.113,22.05340457,0.17335762
653.158,22.05295589,0.17194267
653.185,22.05258037,0.170578577
653.211,22.05217539,0.169267731
653.255,22.05183513,0.16801184
653.281,22.05153824,0.166813306
653.305,22.05145447,0.165673733
653.348,22.05136834,0.164595075
653.489,22.05113821,0.163579138
654.128,22.0494677,0.162627611
654.138,22.04934702,0.161741958
654.146,22.04936123,0.160923756
654.173,22.04934746,0.160174292
654.2,22.04922328,0.159494853
654.245,22.04923721,0.158886254
654.271,22.04908169,0.158349631
654.296,22.04901354,0.157885663
654.34,22.04883242,0.157495226
654.366,22.04896499,0.157178454
654.41,22.04924832,0.156936035
654.437,22.04937446,0.156767404
654.464,22.04966506,0.156672976
654.507,22.04968692,0.156652683
654.644,22.04979146,0.15670606
655.228,22.04911998,0.15683226
655.237,22.04919442,0.157030667
655.245,22.04905695,0.157300404
655.269,22.04905369,0.1576403
655.292,22.04900135,0.158048714
655.335,22.0489959,0.158524332
655.38,22.0489892,0.15906554
655.405,22.0488963,0.159670287
655.429,22.0488922,0.160336474
655.475,22.04887793,0.161061575
655.501,22.04882962,0.161843435
655.529,22.04882787,0.162679438
655.573,22.04875932,0.163566369
655.6,22.04877042,0.164501514
655.743,22.04873655,0.165481894
656.332,22.04688273,0.166504076
656.341,22.04691135,0.167564786
656.349,22.04680825,0.168660365
656.373,22.04665983,0.169787741
656.416,22.04665334,0.170943062
656.442,22.04653433,0.17212165
656.47,22.04651822,0.173320487
656.514,22.04635992,0.174536124
656.541,22.04627783,0.175764656
656.568,22.04624226,0.177002389
656.613,22.04615128,0.178245137
656.639,22.04604137,0.179489829
656.666,22.04587551,0.180732325
656.708,22.04577581,0.181968746
656.881,22.0455916,0.183195761
657.518,22.04268336,0.184410001
657.527,22.04256624,0.185607766
657.537,22.04256624,0.186786256
657.544,22.04252626,0.187942417
657.551,22.0423345,0.189073079
657.594,22.04235916,0.190175673
657.62,22.04226817,0.191248045
657.664,22.04218944,0.192287458
657.688,22.04230727,0.193291667
657.73,22.04227859,0.194259734
657.757,22.04237425,0.195189206
657.783,22.04236512,0.196078
657.827,22.04241307,0.196924454
657.85,22.04253996,0.197728942
657.997,22.04253136,0.198490899
658.691,22.0486412,0.199208197
658.701,22.04395338,0.199880999
658.709,22.04395338,0.200509308
658.717,22.04381368,0.201093346
658.724,22.04361739,0.201632313
658.765,22.04312705,0.202127404
658.79,22.04286177,0.202579683
658.833,22.04278975,0.202989169
658.859,22.04278731,0.203356145
658.903,22.04280215,0.203681761
658.93,22.04269669,0.203967569
658.955,22.04277849,0.20421496
659,22.04286899,0.20442449
659.046,22.04281806,0.204597179
659.171,22.04287089,0.204734392
659.842,22.04502683,0.204837352
659.851,22.04515617,0.20490734
659.86,22.04515617,0.204945474
659.868,22.04515617,0.204952964
659.874,22.04532458,0.204931514
659.88,22.04551212,0.204881046
659.903,22.04568225,0.2048041
659.964,22.04618421,0.20470171
659.972,22.04657926,0.204574392
660.016,22.04705551,0.204423092
660.043,22.04747636,0.204248961
660.068,22.04784282,0.204052595
660.111,22.04820652,0.203834733
660.137,22.04858774,0.203596363
660.284,22.04917932,0.203338328
660.938,22.05323573,0.203060718
660.944,22.05328927,0.202764145
660.95,22.05330374,0.202448948
660.973,22.05332838,0.202115684
661.014,22.0533133,0.201764663
661.041,22.05338754,0.201397063
661.085,22.05343008,0.201012427
661.11,22.05344667,0.200611417
661.154,22.05346299,0.200194208
661.181,22.05343772,0.199761219
661.226,22.05347994,0.19931273
661.236,22.05325889,0.198849289
661.282,22.05309683,0.198371566
661.306,22.05299966,0.197879889
661.454,22.05268204,0.197375348
662.127,22.04395735,0.196858543
662.136,22.04292148,0.196330292
662.145,22.04292148,0.195791487
662.152,22.04252503,0.195243006
662.158,22.04252503,0.194686151
662.164,22.04212369,0.194122356
662.189,22.04193439,0.193552832
662.233,22.04151325,0.192978768
662.26,22.04125145,0.192402051
662.306,22.0409909,0.191824464
662.333,22.04071908,0.191247556
662.359,22.04042238,0.190672908
662.405,22.04012542,0.190102829
662.43,22.03989583,0.189539303
662.57,22.03978406,0.188984339
663.263,22.03887614,0.188440388
663.272,22.03889853,0.18790972
663.281,22.03889853,0.187394399
663.288,22.038893,0.186896349
663.294,22.03884403,0.186418113
663.335,22.03889387,0.185961526
663.358,22.03882069,0.185529132
663.4,22.03889986,0.185122961
663.424,22.03879361,0.184745102
663.466,22.03879431,0.184397559
663.491,22.03891318,0.184082259
663.535,22.03884252,0.183800977
663.562,22.03886789,0.183555271
663.606,22.03883893,0.183346772
663.741,22.03883968,0.183176843
665.622,22.04198841,0.18304642
665.632,22.04190821,0.18295669
665.64,22.04190821,0.18290843
665.649,22.04177815,0.182902596
665.655,22.04173692,0.182939171
665.696,22.0414979,0.183018525
665.722,22.04137366,0.183140946
665.766,22.04114768,0.1833061
665.794,22.04085551,0.183513529
665.822,22.04050221,0.183762786
665.866,22.04026118,0.184053347
665.893,22.04000233,0.184384201
665.919,22.0396202,0.184753854
665.963,22.03912687,0.185161361
666.133,22.03863933,0.185605612
666.748,22.03226395,0.186084854
666.941,22.03259817,0.186597026
666.949,22.03259817,0.187140517
666.958,22.03323903,0.187713797
666.965,22.03389814,0.188314698
666.971,22.03509832,0.188940925
666.976,22.03631293,0.189590376
666.982,22.03761179,0.190261274
666.987,22.03850095,0.190951227
666.993,22.03973665,0.191658367
666.998,22.04102302,0.192380121
667.004,22.04213464,0.19311231
667.045,22.0431593,0.193858562
667.087,22.04390844,0.194613768
667.261,22.04522401,0.195376046
667.943,22.06252608,0.196143344
667.952,22.06250274,0.196914463
667.961,22.06250274,0.197687838
667.968,22.06263192,0.198462316
667.974,22.06298195,0.199236631
668.016,22.06287474,0.200010259
668.043,22.06298661,0.200781489
668.087,22.06300912,0.201549897
668.13,22.06296236,0.202314719
668.156,22.06296297,0.203075867
668.183,22.06276525,0.203832716
668.209,22.06265252,0.204585893
668.234,22.06270973,0.205334954
668.279,22.0624713,0.206080369
668.456,22.06236495,0.206822385
669.166,22.06149727,0.207561677
669.175,22.06158985,0.208298876
669.184,22.06165881,0.2090348
669.209,22.06175745,0.209770261
669.234,22.0619711,0.210506255
669.278,22.06209723,0.211243825
669.304,22.06221975,0.211984388
669.347,22.06226439,0.212728906
669.373,22.06257402,0.213478707
669.418,22.06254526,0.214235335
669.454,22.0626173,0.21500007
669.463,22.06263928,0.215774138
669.508,22.06268872,0.216559163
669.535,22.06274991,0.217356421
669.681,22.06254264,0.218167166
670.379,22.06465979,0.218992877
670.387,22.06468078,0.219835025
670.394,22.0648658,0.220694582
670.419,22.06492223,0.221572916
670.446,22.06510717,0.222471208
670.49,22.06515045,0.223390378
670.517,22.0652683,0.224331428
670.561,22.06545243,0.225295545
670.587,22.06534327,0.226283479
670.632,22.06539766,0.227296243
670.659,22.06564502,0.228334136
670.686,22.06554976,0.229398271
670.714,22.06574493,0.230489097
670.758,22.065896,0.23160693
670.895,22.06606888,0.232752056
671.493,22.06777944,0.233924777
671.502,22.06784171,0.23512513
671.51,22.06783203,0.236353568
671.534,22.06793388,0.237609953
671.559,22.06792881,0.238893788
671.602,22.06796949,0.240204575
671.63,22.06817816,0.241542505
671.675,22.0682013,0.242906907
671.702,22.0684454,0.244297077
671.726,22.06870971,0.245712675
671.767,22.06897118,0.247153087
671.79,22.0693542,0.248617353
671.832,22.06953938,0.250104145
671.858,22.06978448,0.251612882
671.975,22.07012528,0.253142083
672.587,22.07862413,0.254690604
672.596,22.0789184,0.256257042
672.605,22.07919801,0.257839976
672.628,22.07944436,0.259438009
672.651,22.07975897,0.261049351
672.694,22.08002963,0.262672439
672.721,22.08029876,0.264305534
672.765,22.0806543,0.26594664
672.792,22.08084808,0.26759362
672.835,22.08106966,0.269244262
672.86,22.08123179,0.270896588
672.886,22.08140992,0.272549034
672.931,22.08173241,0.274198499
672.958,22.08194689,0.275842515
673.101,22.08225025,0.277478649
673.806,22.08847629,0.279104724
673.815,22.08888856,0.280718016
673.824,22.08888856,0.282316127
673.831,22.08912535,0.283896691
673.838,22.0891431,0.28545716
673.898,22.08923809,0.28699481
673.906,22.08936927,0.288507201
673.95,22.0895144,0.289991814
673.977,22.08965285,0.291445748
674.005,22.08977297,0.292866764
674.049,22.09009335,0.294252705
674.076,22.0902792,0.295600903
674.103,22.0905041,0.296909032
674.128,22.09088716,0.298174932
674.287,22.09115294,0.29939657
674.96,22.09413296,0.300571289
674.969,22.09438631,0.30169762
674.976,22.09438631,0.302774729
674.983,22.09436179,0.303800258
675.006,22.09443725,0.304771753
675.029,22.09450849,0.305687815
675.071,22.09459882,0.306548202
675.096,22.09476272,0.307350808
675.141,22.09492655,0.308094127
675.167,22.09501752,0.308777852
675.211,22.09514306,0.309401232
675.234,22.09519644,0.309962907
675.259,22.09523876,0.310462026
675.304,22.09517289,0.310898919
675.439,22.09518705,0.311273619
676.086,22.09551199,0.311585751
676.096,22.09562665,0.311834961
676.103,22.09563263,0.312021824
676.127,22.09561094,0.312146292
676.168,22.09558741,0.312209381
676.191,22.09559041,0.312211531
676.234,22.09568126,0.312153513
676.262,22.09559353,0.312036204
676.288,22.09560403,0.311860639
676.333,22.09559079,0.311628337
676.36,22.0955466,0.3113401
676.387,22.09563054,0.310999151
676.431,22.09553136,0.310605291
676.457,22.09564688,0.31016051
676.602,22.09551299,0.309666888
677.211,22.09479083,0.30912621
677.22,22.09461261,0.308540437
677.228,22.09461261,0.307911955
677.236,22.09457687,0.307243246
677.242,22.09450521,0.30653679
677.286,22.09456409,0.305794774
677.313,22.09437553,0.305020136
677.357,22.09446492,0.304215649
677.385,22.09440059,0.30338424
677.41,22.09438635,0.30252879
677.452,22.09435757,0.30165234
677.475,22.09430733,0.300757729
677.518,22.09435815,0.299848849
677.544,22.09428405,0.298928657
677.69,22.09424852,0.298000694
678.305,22.09328296,0.297068248
678.325,22.09312456,0.296134972
678.332,22.09314089,0.295203748
678.343,22.09297835,0.294278255
678.386,22.09287178,0.293362273
678.413,22.09275358,0.292458516
678.441,22.09260772,0.291571508
678.484,22.09256533,0.290704222
678.51,22.09239302,0.28985972
678.555,22.09225288,0.289041637
678.58,22.09209522,0.288253257
678.604,22.09199169,0.287497869
678.648,22.09183857,0.286778591
678.675,22.09164184,0.286098137
678.82,22.09156912,0.285459176
681.012,22.07845514,0.284864544
681.021,22.07807463,0.284317066
681.029,22.07807463,0.283818458
681.035,22.07807463,0.283371307
681.041,22.07790796,0.282977465
681.047,22.07785246,0.282638159
681.07,22.07770961,0.282354998
681.112,22.07758438,0.282129268
681.156,22.07763172,0.28196235
681.183,22.07752775,0.281854817
681.21,22.07748904,0.281807311
681.237,22.0774784,0.281820316
681.263,22.07749006,0.281893177
681.308,22.07751678,0.282026051
681.421,22.07738409,0.282218321
682.117,22.08193467,0.28246933
682.126,22.08219708,0.282777755
682.133,22.08246189,0.283142226
682.169,22.08282464,0.283561781
682.193,22.08342396,0.284034281
682.219,22.0836477,0.28455785
682.264,22.08393359,0.285130584
682.291,22.08415424,0.285749917
682.318,22.08466154,0.286413383
682.363,22.08498678,0.287118139
682.389,22.08518291,0.287861688
682.416,22.08550802,0.28864091
682.461,22.08577753,0.289452446
682.488,22.08588948,0.290293318
682.664,22.08620947,0.291159961
683.316,22.09426215,0.292049608
683.325,22.0946448,0.292958365
683.333,22.09503904,0.293882927
683.359,22.095296,0.294819944
683.386,22.09565381,0.29576621
683.43,22.09595601,0.296718159
683.457,22.09632672,0.297672772
683.485,22.09674783,0.298626795
683.529,22.09702251,0.299576905
683.555,22.09742836,0.300520111
683.598,22.09775632,0.3014535
683.625,22.09813033,0.302374456
683.651,22.09849051,0.303280344
683.677,22.09886614,0.304168485
683.831,22.09940702,0.305036718
684.531,22.10739046,0.305882635
684.537,22.10789653,0.306704396
684.543,22.10789653,0.307500214
684.548,22.10819663,0.30826858
684.572,22.10851244,0.309007911
684.599,22.10876278,0.309717708
684.626,22.10901256,0.310395811
684.67,22.10945272,0.311041468
684.697,22.1097847,0.311654456
684.742,22.10978516,0.312234395
684.769,22.1104645,0.312780437
684.796,22.11064609,0.313292016
684.841,22.11069202,0.313770206
684.867,22.11082464,0.314214809
685.01,22.11111386,0.314626082
685.654,22.11211377,0.315004087
685.663,22.11198974,0.315349624
685.671,22.1120449,0.315663123
685.698,22.11187951,0.315945424
685.723,22.11191307,0.316197309
685.766,22.11175793,0.316420107
685.792,22.11181933,0.316614332
685.837,22.11182907,0.316781263
685.864,22.11174326,0.316921801
685.891,22.11174721,0.317037191
685.936,22.11167598,0.317128396
685.963,22.11170611,0.31719643
685.989,22.11171963,0.317242565
686.03,22.11165488,0.317268041
686.202,22.11174523,0.31727369
686.941,22.11324418,0.317260534
686.948,22.11306307,0.31722983
686.954,22.11306307,0.317182478
686.96,22.11320053,0.317119563
686.97,22.11320053,0.317041884
686.975,22.11314973,0.316950504
687,22.11317654,0.316846116
687.043,22.11312119,0.316729387
687.068,22.11306596,0.316600888
687.11,22.11318755,0.316461427
687.165,22.11301432,0.316311482
687.171,22.11300523,0.316151753
687.194,22.1130184,0.315982617
687.235,22.11297533,0.315804513
687.384,22.11291181,0.315617814
688.043,22.11326208,0.31542293
688.05,22.11288031,0.31522034
688.058,22.11288031,0.315009888
688.065,22.11285056,0.314792099
688.071,22.11285056,0.314567138
688.077,22.11309514,0.314335553
688.118,22.11267406,0.314097553
688.142,22.11240061,0.313853119
688.191,22.11217335,0.313602333
688.218,22.11189031,0.313345131
688.245,22.11152904,0.313082302
688.272,22.11118583,0.312814638
688.317,22.11091981,0.312541402
688.344,22.11061396,0.312262698
688.487,22.11044988,0.311978905
689.145,22.10230274,0.311691067
689.154,22.10226024,0.311398296
689.164,22.10226024,0.311101128
689.171,22.10229061,0.310800419
689.178,22.10228666,0.310496035
689.218,22.10238151,0.310188103
689.244,22.10239982,0.309877273
689.288,22.10250535,0.309563919
689.325,22.10234658,0.309248367
689.353,22.1025015,0.308930956
689.38,22.10257337,0.308611989
689.405,22.10244655,0.30829193
689.447,22.10253816,0.307971407
689.474,22.10274494,0.30765064
689.625,22.10282376,0.307330193
690.329,22.10388945,0.30701046
690.338,22.1038822,0.306691731
690.346,22.1038822,0.306374283
690.354,22.1038822,0.306058462
690.36,22.10392967,0.305744763
690.366,22.10378652,0.305432814
690.389,22.10396098,0.305123362
690.431,22.10367083,0.304816664
690.468,22.1037107,0.304512876
690.494,22.10370075,0.304212037
690.537,22.10362145,0.303914407
690.562,22.103676,0.30362008
690.588,22.10355544,0.303330606
690.631,22.10361882,0.303043078
690.807,22.10355252,0.302759129
691.43,22.10306128,0.302478646
691.439,22.10219614,0.302201933
691.448,22.10219614,0.301928479
691.455,22.10219614,0.301658193
691.462,22.10177541,0.30139132
691.468,22.10133934,0.301127804
691.491,22.10079207,0.300866886
691.533,22.10039742,0.300608901
691.569,22.09995165,0.300353536
691.613,22.09961493,0.300101066
691.639,22.09929767,0.299850973
691.666,22.09895325,0.299602511
691.693,22.09896148,0.299356523
691.738,22.09863748,0.299113087
691.906,22.0984953,0.298871537
692.522,22.08436416,0.298631231
692.531,22.08400625,0.298393034
692.539,22.08337455,0.298156589
692.565,22.08294601,0.297921433
692.616,22.08254674,0.297686948
692.624,22.08229196,0.297453528
692.668,22.08201914,0.297221281
692.695,22.0816887,0.296990296
692.722,22.08152727,0.296760629
692.767,22.08126725,0.296531915
692.794,22.08117574,0.296304355
692.817,22.08107728,0.296078084
692.859,22.08100631,0.295852856
692.882,22.08105286,0.295628895
693.042,22.08104037,0.295406466
693.719,22.08496216,0.295185214
693.728,22.08525963,0.294965507
693.737,22.08553538,0.294747106
693.763,22.08585751,0.294530307
693.79,22.0860507,0.29431553
693.816,22.08637025,0.294102286
693.859,22.08665107,0.2938908
693.886,22.08693735,0.293681161
693.931,22.08733165,0.29347317
693.957,22.08778727,0.293267019
693.983,22.08810662,0.293062418
694.028,22.08862231,0.292859464
694.055,22.08895734,0.292658271
694.082,22.08932452,0.292458361
694.267,22.0897468,0.292259698
696.498,22.08267717,0.292062012
696.508,22.08171043,0.291865492
696.518,22.08171043,0.291669181
696.526,22.08126191,0.291472994
696.533,22.08126191,0.291276644
696.538,22.08097728,0.291079862
696.564,22.08051208,0.290882348
696.591,22.08008741,0.290683444
696.637,22.07962327,0.290483263
696.663,22.07926524,0.290280717
696.707,22.07877675,0.290075814
696.734,22.07822095,0.289867977
696.762,22.07787026,0.289655939
696.789,22.0774644,0.28943988
696.939,22.07712196,0.289219257
697.66,22.06406488,0.288993225
697.668,22.062869,0.288760756
697.677,22.06183715,0.288521536
697.702,22.06090546,0.288274969
697.746,22.06014095,0.288019904
697.773,22.05930981,0.287756206
697.8,22.05853706,0.287482992
697.844,22.05784147,0.287199292
697.872,22.05732813,0.28690511
697.898,22.05681468,0.286599304
697.942,22.05596451,0.286281219
697.967,22.05536425,0.28595075
697.99,22.05503257,0.285606934
698.033,22.05474092,0.28524881
698.176,22.0543641,0.284875854
698.877,22.05636013,0.284487931
698.883,22.05653088,0.28408406
698.889,22.05659899,0.283663748
698.926,22.05668855,0.283226755
698.951,22.05687678,0.282772236
698.995,22.05697882,0.282300103
699.022,22.05716129,0.281809856
699.049,22.05723557,0.281301092
699.094,22.05734829,0.280773919
699.121,22.0574344,0.280227739
699.166,22.05734885,0.279662703
699.192,22.05739636,0.279078624
699.219,22.05727146,0.278475492
699.246,22.0572865,0.277853508
699.426,22.05712816,0.277212941
700.178,22.05265602,0.276553569
700.187,22.05226011,0.275875965
700.195,22.05226011,0.275180376
700.202,22.05226011,0.274467991
700.208,22.05206393,0.273738416
700.213,22.05191394,0.27299315
700.254,22.0517122,0.272232249
700.321,22.04642041,0.271456297
700.348,22.05151252,0.270666695
700.391,22.05218791,0.269864565
700.417,22.05279453,0.269050539
700.444,22.05332587,0.268225739
700.472,22.05463491,0.267390794
700.625,22.05596532,0.266548221
701.206,22.06139108,0.265698866
701.214,22.06102113,0.264844068
701.223,22.06094903,0.263985402
701.247,22.06087333,0.26312376
701.29,22.0604923,0.26226107
701.315,22.06001961,0.261399054
701.339,22.05988055,0.260538932
701.383,22.0594578,0.259682348
701.41,22.05875296,0.258830857
701.455,22.05838144,0.257985931
701.481,22.05759338,0.257148607
701.508,22.05721288,0.256320642
701.553,22.05622305,0.255503166
701.58,22.05511878,0.254698338
701.754,22.05446713,0.253906648
702.522,22.03826241,0.253129316
702.531,22.03749882,0.2523676
702.54,22.03749882,0.251622957
702.547,22.0371031,0.25089552
702.554,22.03675816,0.250185805
702.595,22.03636111,0.249493704
702.62,22.03597332,0.248820867
702.665,22.03570668,0.248167515
702.692,22.03531022,0.247533777
702.737,22.03488638,0.246919603
702.764,22.03444432,0.24632509
702.791,22.03400868,0.245749825
702.836,22.03356644,0.24519319
702.862,22.03310562,0.244654901
703.035,22.03272286,0.244134327
703.768,22.03375568,0.24363053
703.775,22.03402126,0.243142687
703.782,22.03402126,0.242669589
703.788,22.03408646,0.242210394
703.812,22.03419652,0.241763506
703.837,22.03428185,0.241327843
703.881,22.0344596,0.240901987
703.908,22.03451319,0.240484388
703.935,22.0346938,0.240073209
703.98,22.03475317,0.239666947
704.006,22.0349182,0.239263817
704.03,22.03574323,0.238862312
704.074,22.03583265,0.238460331
704.1,22.03602021,0.238056355
704.249,22.03612539,0.237648429
704.906,22.02922726,0.237235392
704.915,22.02835583,0.236815174
704.922,22.02835583,0.236386161
704.928,22.02796124,0.235946866
704.953,22.0272627,0.235495857
704.978,22.02673037,0.235031963
705.021,22.02613886,0.234553481
705.047,22.02517478,0.234058895
705.074,22.02440159,0.233547456
705.117,22.02341263,0.233017894
705.141,22.02253086,0.232469489
705.167,22.0215238,0.231900991
705.212,22.02033578,0.231311834
705.239,22.01920689,0.230701296
705.418,22.01784037,0.230068936
706.118,22.00971284,0.229414394
706.126,22.0099342,0.228737422
706.134,22.0099342,0.228037588
706.141,22.01012667,0.227314518
706.165,22.01023198,0.22656875
706.187,22.01049958,0.225799969
706.231,22.01064041,0.225008546
706.258,22.01071175,0.224193887
706.285,22.01086297,0.223357506
706.329,22.01104353,0.222499443
706.354,22.01113581,0.22161962
706.38,22.01123859,0.220721669
706.423,22.01152343,0.219803682
706.449,22.01172609,0.218866577
706.601,22.01187652,0.217907296
707.303,22.00883572,0.216929378
707.312,22.00815737,0.215933331
707.32,22.00815737,0.21491952
707.327,22.00777464,0.213887947
707.333,22.00739197,0.21283968
707.374,22.00687774,0.21177511
707.401,22.00653839,0.210695312
707.446,22.00618768,0.209600216
707.47,22.00570711,0.20849035
707.511,22.00526535,0.207366614
707.537,22.00481802,0.206229692
707.562,22.00444973,0.205079428
707.606,22.00395181,0.203917038
707.633,22.003365,0.20274255
707.816,22.00289831,0.201557122
708.475,21.99644987,0.200360455
708.484,21.9977831,0.199153457
708.493,21.9977831,0.197937537
708.5,21.99909401,0.196712942
708.523,22.00014242,0.195479156
708.546,22.00133107,0.194239945
708.589,22.00249205,0.192994622
708.616,22.00396996,0.191744112
708.642,22.00512099,0.190489451
708.687,22.00596325,0.189232044
708.712,22.0069886,0.187973424
708.735,22.00790174,0.186714642
708.776,22.00907862,0.185457394
708.8,22.0099329,0.184203712
708.954,22.01094219,0.182955198
709.59,22.01269639,0.181713833
709.599,22.01218504,0.180481478
709.607,22.01174528,0.179260718
709.632,22.01128748,0.178054459
709.658,22.01079676,0.176864275
709.702,22.01031865,0.17569277
709.727,22.00960727,0.174543473
709.771,22.00889301,0.173418981
709.798,22.00827251,0.172322023
709.825,22.00764346,0.171256052
709.87,22.00684494,0.170224394
709.897,22.00610905,0.169229755
709.924,22.00524125,0.168275037
709.968,22.00461657,0.167363276
710.139,22.00377114,0.166496808
712.358,21.98681659,0.165678422
712.368,21.98662528,0.164911645
712.378,21.98662528,0.16419892
712.386,21.98643031,0.163542842
712.392,21.98643031,0.162946081
712.398,21.98634419,0.162410585
712.421,21.98624766,0.161938361
712.462,21.98604637,0.161531033
712.488,21.98602249,0.161190922
712.533,21.98575662,0.160918912
712.56,21.98580285,0.160715561
712.587,21.98556368,0.16058121
712.612,21.98555626,0.160517228
712.656,21.98540332,0.160523438
712.801,21.9853679,0.160599303
713.495,21.97884588,0.160744043
713.501,21.97860901,0.160956663
713.508,21.97845361,0.161235953
713.533,21.97836196,0.161579738
713.56,21.97830056,0.161986065
713.604,21.97818661,0.16245283
713.631,21.97797666,0.162977018
713.657,21.97779004,0.163555922
713.701,21.9776076,0.164185342
713.728,21.97746354,0.164862259
713.772,21.97739424,0.165582663
713.797,21.9773887,0.166342188
713.823,21.9773068,0.167136357
713.866,21.97732189,0.167960474
714.007,21.97719732,0.168810142
714.724,21.97631771,0.169680078
714.73,21.97658013,0.170565546
714.735,21.97678706,0.171461356
714.74,21.9768782,0.172362633
714.746,21.97702904,0.17326398
714.751,21.97695658,0.174160276
714.776,21.97698326,0.17504668
714.821,21.97693466,0.175918349
714.848,21.97682941,0.176770594
714.875,21.97688384,0.177598476
714.92,21.97698811,0.178397633
714.946,21.97695945,0.17916475
714.972,21.97703346,0.179894928
715.017,21.97707118,0.180584659
715.189,21.97703224,0.181230621
715.867,21.97868225,0.181829565
715.875,21.9793199,0.182378595
715.882,21.9793199,0.182874463
715.888,21.97945833,0.183315664
715.894,21.97945833,0.18370033
715.917,21.97957129,0.184027226
715.94,21.9777542,0.184294855
715.983,21.9777685,0.18450252
716.026,21.97798985,0.184649859
716.051,21.98024985,0.18473666
716.12,21.98064448,0.184763391
716.147,21.98082581,0.18473053
716.922,21.98244075,0.184638362
716.927,21.98240903,0.184488207
716.933,21.98249144,0.184282062
716.957,21.98243235,0.184020675
717,21.98233709,0.183706161
717.025,21.98232926,0.18333992
717.049,21.98241034,0.182924578
717.093,21.98257125,0.18246252
717.12,21.98262688,0.181956024
717.165,21.98289508,0.181407561
717.192,21.98294813,0.18082033
717.221,21.98304653,0.180196798
717.246,21.98322523,0.179539825
717.291,21.98342109,0.17885179
717.433,21.98362954,0.178135799
718.106,21.98516847,0.177394612
718.114,21.98535896,0.176630831
718.122,21.98535896,0.175847506
718.128,21.98547325,0.17504689
718.134,21.98559096,0.174231575
718.176,21.98555871,0.173403727
718.203,21.98562742,0.172566295
718.248,21.98571139,0.171721618
718.275,21.98572384,0.170870584
718.301,21.98585524,0.170016021
718.346,21.98577037,0.16915993
718.372,21.98596321,0.168304069
718.399,21.98603542,0.167450441
718.444,21.98620271,0.166599965
718.58,21.98635912,0.165754415
719.21,21.99153384,0.164915089
719.216,21.99100541,0.164083231
719.222,21.99037958,0.163260015
719.248,21.98988767,0.162446523
719.289,21.98935811,0.16164393
719.315,21.98890151,0.16085298
719.36,21.98843418,0.16007415
719.385,21.98781484,0.1593084
719.427,21.98752042,0.158556419
719.453,21.98687809,0.157818409
719.497,21.98642026,0.157094814
719.521,21.98590536,0.156385707
719.548,21.98525068,0.155691998
719.575,21.98495186,0.155013402
719.725,21.98461463,0.154350999
720.443,21.97168946,0.153703799
720.452,21.96836961,0.153076018
720.46,21.96836961,0.152463356
720.468,21.96754694,0.151866632
720.473,21.96754694,0.151285564
720.479,21.96688207,0.150716044
720.504,21.96602549,0.150160372
720.548,21.96537687,0.149618355
720.575,21.9648181,0.149089025
720.618,21.96418949,0.148571974
720.644,21.96369289,0.14806603
720.672,21.96312036,0.147570376
720.699,21.96263961,0.147083453
720.743,21.96220742,0.146604647
720.886,21.96170934,0.146131721
721.641,21.95992683,0.145663845
721.65,21.96020138,0.145199243
721.657,21.96020138,0.144736444
721.665,21.9601333,0.144273668
721.67,21.9601333,0.14380902
721.676,21.96015312,0.143340713
721.717,21.96003139,0.14286683
721.742,21.96010999,0.14238495
721.785,21.96026329,0.141893478
721.81,21.96024753,0.141389937
721.855,21.96022514,0.1408722
721.882,21.96028224,0.140338176
721.909,21.96035697,0.13978577
721.936,21.96026941,0.139213116
722.118,21.96030483,0.138617818
722.749,21.96139434,0.13799843
722.759,21.96117775,0.137353225
722.769,21.96117775,0.1366802
722.775,21.96119705,0.135978207
722.798,21.96108607,0.135245337
722.821,21.96108452,0.134480771
722.864,21.9610327,0.13368325
722.891,21.96104334,0.132852025
722.918,21.96099795,0.131986584
722.962,21.9610154,0.131086606
722.989,21.96092756,0.130152118
723.016,21.96087339,0.129182972
723.06,21.96083639,0.128179604
723.087,21.9607367,0.127142681
723.23,21.96070022,0.126073546
723.878,21.96024267,0.124972716
723.887,21.96014399,0.12384184
723.895,21.95990612,0.122682518
723.92,21.95965224,0.121496734
723.947,21.95948852,0.120286486
723.991,21.9593117,0.119051793
724.018,21.9590989,0.117798249
724.045,21.95888829,0.116527944
724.089,21.9587335,0.115246881
724.118,21.95856986,0.113954629
724.164,21.95848499,0.112654749
724.191,21.95836879,0.111350861
724.218,21.95801101,0.110046448
724.245,21.95808129,0.108744278
724.393,21.9578321,0.107448338
725.041,21.9553794,0.106161395
725.05,21.95535305,0.104887712
725.059,21.95535305,0.103630365
725.065,21.95530721,0.102392428
725.088,21.95528974,0.101177185
725.11,21.95509905,0.099987975
725.136,21.95509644,0.09882752
725.181,21.95495095,0.097698775
725.209,21.95471229,0.096603761
725.254,21.95463272,0.095545282
725.281,21.95431237,0.094525081
725.308,21.95422567,0.093544621
725.335,21.95398409,0.092606183
725.38,21.9537899,0.091711043
725.521,21.95344112,0.090860294
727.63,21.94514341,0.09005485
727.639,21.94740359,0.089295331
727.649,21.94740359,0.088581725
727.656,21.9473516,0.087913764
727.663,21.9473516,0.087291968
727.668,21.9473516,0.08671499
727.674,21.9473516,0.086182507
727.679,21.94735341,0.085693708
727.685,21.94727,0.085247213
727.726,21.9472619,0.084841506
727.769,21.94718118,0.084474492
727.796,21.94725039,0.084145017
727.824,21.9473077,0.083850996
727.868,21.94721464,0.083590624
728,21.94724042,0.083361756
728.693,21.94622529,0.083161936
728.699,21.94617221,0.082989504
728.704,21.94617221,0.082841959
728.71,21.94617221,0.082716967
728.72,21.94617135,0.082612277
728.726,21.94600679,0.082525876
728.767,21.9458693,0.082456302
728.79,21.94574091,0.082401233
728.834,21.94566579,0.082359215
728.861,21.94576006,0.082328765
728.906,21.94576205,0.082308711
728.933,21.93654534,0.082297174
728.96,21.93675556,0.082292799
729.004,21.9369279,0.082294965
729.171,21.93718366,0.082302671
729.775,21.94334645,0.082315476
729.784,21.94368362,0.08233678
729.792,21.94372741,0.082361318
729.816,21.94370801,0.082390339
729.839,21.94394432,0.082425379
729.882,21.9445745,0.082463596
729.906,21.94545232,0.082507152
729.95,21.94608498,0.082556839
729.977,21.94660331,0.08261347
730.021,21.94700679,0.082678262
730.048,21.94725895,0.082751904
730.075,21.94748611,0.082835543
730.12,21.94761007,0.082930577
730.146,21.9478769,0.083038155
730.289,21.94809197,0.08315881
730.89,21.95495788,0.083294363
730.899,21.955324,0.083445576
730.908,21.95558181,0.0836145
730.932,21.95589753,0.083801561
730.975,21.95625946,0.084007935
731.002,21.95657634,0.084234412
731.029,21.95694226,0.084481649
731.073,21.95728596,0.084750633
731.098,21.9575553,0.085041696
731.142,21.95784597,0.085355207
731.168,21.95812956,0.085691917
731.193,21.95838026,0.086051334
731.236,21.95850624,0.086433587
731.263,21.9585536,0.08683872
731.404,21.95864809,0.087265885
732.127,21.96132162,0.087714927
732.136,21.96144631,0.088184882
732.144,21.96157475,0.088675006
732.168,21.96177629,0.089184023
732.192,21.9619012,0.089710862
732.235,21.96214176,0.090253989
732.26,21.96228579,0.090812186
732.304,21.96249353,0.091383682
732.331,21.96271798,0.091966445
732.376,21.96288889,0.09255892
732.415,21.96317056,0.093159454
732.424,21.96328313,0.093766843
732.468,21.96351383,0.094378214
732.495,21.96366367,0.094991705
732.642,21.9636986,0.09560533
733.296,21.96462382,0.096217571
733.303,21.96450464,0.096826452
733.311,21.96450464,0.097429869
733.317,21.96442274,0.098026567
733.341,21.96433572,0.098614793
733.372,21.96439249,0.099193451
733.397,21.96431387,0.099761267
733.441,21.96432031,0.100317068
733.468,21.96417522,0.100859626
733.494,21.96419996,0.101388674
733.535,21.96422821,0.101903455
733.561,21.96406378,0.102404108
733.606,21.96399861,0.102889894
733.632,21.9639722,0.103360954
733.777,21.963863,0.103817925
734.359,21.96291639,0.104261052
734.368,21.96301347,0.104690905
734.377,21.96285509,0.10510869
734.403,21.96284888,0.105515267
734.43,21.96298471,0.105912032
734.457,21.96287354,0.106300506
734.499,21.96285298,0.106682004
734.525,21.96274014,0.107058862
734.569,21.96261943,0.1074331
734.596,21.96257562,0.107806386
734.623,21.96245052,0.108180836
734.65,21.96221875,0.108559232
734.694,21.96212393,0.108943421
734.721,21.96214015,0.109335615
734.87,21.96194293,0.109738279
735.496,21.96140823,0.110153591
735.505,21.96148038,0.11058364
735.513,21.96144304,0.111030596
735.537,21.96162839,0.111496497
735.56,21.96185235,0.111983468
735.602,21.96215567,0.112494022
735.629,21.96249071,0.113029676
735.674,21.9627165,0.113591383
735.701,21.9627682,0.114180009
735.746,21.96293956,0.114796868
735.773,21.96342015,0.115442824
735.8,21.96366542,0.116118313
735.826,21.96374976,0.116823746
735.871,21.96386564,0.117559162
736.011,21.96392346,0.118324479
736.676,21.96624478,0.119119097
736.685,21.96628876,0.119942206
736.693,21.96628876,0.120792851
736.7,21.966735,0.121669677
736.707,21.966735,0.122571518
736.712,21.96644377,0.123496502
736.754,21.96653357,0.124442247
736.781,21.96661353,0.125402772
736.806,21.96672628,0.126380128
736.848,21.96694672,0.127370889
736.889,21.96701335,0.128371995
736.915,21.96873794,0.129384117
736.941,21.96937268,0.13039987
736.966,21.97007728,0.131416349
737.119,21.97072405,0.132429934
737.748,21.96933688,0.133436916
737.757,21.96953739,0.134433864
737.766,21.96966272,0.135416773
737.793,21.96975719,0.136382898
737.818,21.96985769,0.13732745
737.861,21.96990267,0.138247458
737.887,21.97006382,0.139139872
737.914,21.97012914,0.140001039
737.958,21.97030374,0.14082758
737.983,21.9700366,0.141616282
738.027,21.97000992,0.142364235
738.054,21.97007666,0.143068686
738.081,21.97015952,0.143727179
738.108,21.97022472,0.144336917
738.291,21.97023733,0.14489618
738.967,21.97344471,0.145403167
738.975,21.9734544,0.145856246
738.981,21.9734544,0.146253704
738.987,21.9734544,0.146594693
738.993,21.97337262,0.146878758
738.998,21.97337519,0.147104429
739.039,21.97350701,0.147272233
739.064,21.97341096,0.147382462
739.1,21.97356278,0.147435398
739.144,21.97331972,0.147431915
739.171,21.97325546,0.14737343
739.198,21.97323549,0.1472614
739.224,21.97331348,0.147097277
739.267,21.97320039,0.146883433
739.444,21.97322145,0.146622322
740.069,21.97529687,0.14631659
740.078,21.97560678,0.145968866
740.088,21.97575994,0.145582536
740.113,21.97572989,0.145161475
740.14,21.97598353,0.144708905
740.184,21.97602092,0.144229375
740.211,21.97619235,0.14372689
740.236,21.97633384,0.143205607
740.279,21.97614888,0.142669984
740.307,21.97645159,0.142124784
740.352,21.97645201,0.141574729
740.377,21.9766251,0.141024333
740.4,21.97660839,0.140478712
740.442,21.97669925,0.139942627
740.585,21.97674091,0.139420822
742.823,21.97819368,0.138918313
742.832,21.9790024,0.138439574
742.841,21.9790024,0.137989196
742.849,21.97920489,0.137571864
742.855,21.97920489,0.137191942
742.861,21.97920489,0.136853067
742.867,21.97942779,0.136559224
742.89,21.97977038,0.13631445
742.913,21.98002035,0.136121687
742.956,21.98024911,0.135983844
743,21.98055831,0.135903336
743.01,21.98042581,0.135882556
743.054,21.98094958,0.135923355
743.081,21.980663,0.136026762
743.228,21.98082654,0.136194197
743.909,21.98438579,0.136426681
743.918,21.98507213,0.136724264
743.927,21.98507213,0.137086015
743.935,21.98525749,0.137511238
743.941,21.98525749,0.13799904
743.946,21.98549582,0.13854835
743.97,21.98550288,0.13915608
744.013,21.98585489,0.139819607
744.04,21.98595745,0.140536362
744.085,21.98617963,0.141303341
744.111,21.986483,0.142115837
744.138,21.98663449,0.142970569
744.183,21.9869526,0.143862322
744.212,21.98712844,0.144786518
744.352,21.98739363,0.145738214
745.006,21.99099142,0.146712498
745.014,21.9913658,0.147704088
745.023,21.9913658,0.148706722
745.03,21.99146303,0.149715232
745.037,21.9916889,0.15072375
745.079,21.99183729,0.151726491
745.104,21.9919565,0.152718097
745.15,21.9922002,0.153691985
745.175,21.99223053,0.154642615
745.219,21.99237223,0.155565013
745.245,21.99249674,0.156454259
745.272,21.99261473,0.157305748
745.299,21.99276459,0.158113841
745.344,21.99271165,0.158874511
745.484,21.99281631,0.159583947
746.169,21.99309198,0.160238112
746.177,21.9931902,0.16083391
746.183,21.99328326,0.161368903
746.207,21.99335539,0.161840722
746.23,21.99341291,0.162247454
746.273,21.99362675,0.162587657
746.3,21.99394356,0.162860723
746.345,21.99394632,0.163063013
746.371,21.99427973,0.16319966
746.395,21.99439836,0.163270281
746.436,21.99470109,0.163275338
746.462,21.99481661,0.163219388
746.506,21.99481809,0.163101779
746.533,21.99528458,0.162925293
746.678,21.99529105,0.162693234
747.418,22.00598392,0.162408866
747.427,22.0078285,0.162076365
747.436,22.0078285,0.161699912
747.443,22.0078285,0.161283993
747.45,22.00851052,0.160833376
747.455,22.00907233,0.160354158
747.479,22.00953236,0.159850448
747.522,22.0100261,0.159328079
747.549,22.01059038,0.158792442
747.594,22.01101621,0.158249635
747.62,22.01133167,0.157704804
747.646,22.01170694,0.157163845
747.692,22.01211762,0.15663245
747.718,22.01252724,0.156116052
747.86,22.01286549,0.155619295
748.551,22.0166064,0.155147561
748.56,22.01659126,0.154705265
748.569,22.01655274,0.154297138
748.593,22.01650666,0.153927477
748.616,22.01661967,0.153599807
748.659,22.01659015,0.153317507
748.685,22.01664823,0.153083503
748.728,22.01664146,0.152900536
748.751,22.01668286,0.152770587
748.793,22.01675153,0.152695473
748.819,22.01664719,0.152676594
748.846,22.01673663,0.152714597
748.891,22.01679212,0.152809513
748.918,22.01683265,0.152961272
749.066,22.01710002,0.153169454
749.802,22.02417098,0.153432671
749.811,22.02481355,0.153749198
749.82,22.02481355,0.154116829
749.828,22.02475503,0.154533557
749.834,22.02481512,0.154996362
749.876,22.02461784,0.15550228
749.9,22.02465658,0.156047249
749.945,22.02461837,0.156627734
749.972,22.02474352,0.157239812
749.996,22.02498121,0.157878712
750.038,22.02527499,0.158540025
750.061,22.02572863,0.159218977
750.105,22.02623222,0.159910921
750.13,22.02707587,0.160610703
750.281,22.02762911,0.161313388
750.896,22.03715547,0.162014058
750.906,22.03727558,0.162707634
750.93,22.03742156,0.163389499
750.973,22.03759776,0.164054992
750.998,22.03775273,0.164699835
751.04,22.03791357,0.16531962
751.065,22.03802726,0.165910167
751.111,22.03826616,0.166467559
751.134,22.0384406,0.166988042
751.175,22.03851323,0.167468569
751.201,22.03861472,0.16790625
751.227,22.03869439,0.168298722
751.27,22.03897861,0.168643536
751.293,22.03899624,0.168938801
751.446,22.03911398,0.169183151
752.106,22.03969649,0.169375658
752.127,22.04008052,0.169515686
752.136,22.04024082,0.169603258
752.144,22.0407179,0.169638475
752.187,22.04107716,0.169622363
752.214,22.04152107,0.169556176
752.241,22.04189931,0.169441067
752.286,22.04214075,0.169279038
752.313,22.0426124,0.169072391
752.34,22.04307895,0.168823863
752.385,22.04362429,0.168536231
752.412,22.04416613,0.168211936
752.437,22.04455177,0.167855284
752.481,22.04533508,0.167470575
752.622,22.04583881,0.16706228
753.319,22.05534811,0.166634113
753.327,22.05471,0.166190786
753.333,22.05387742,0.165736999
753.357,22.05310754,0.165277412
753.399,22.05257014,0.164817152
753.426,22.05220213,0.164360628
753.453,22.05202998,0.163913149
753.497,22.05184456,0.163479674
753.522,22.05188118,0.163065487
753.565,22.0520145,0.162675468
753.592,22.05217765,0.162314425
753.618,22.05243296,0.16198675
753.662,22.05261,0.161697864
753.688,22.05288683,0.161452274
753.831,22.05290624,0.161254593
754.465,22.05987307,0.161108886
754.471,22.05992949,0.161019362
754.476,22.05974146,0.160989738
754.5,22.05994278,0.161024661
754.542,22.05988544,0.161126934
754.569,22.05988783,0.161300231
754.596,22.05994074,0.161547689
754.641,22.06004576,0.161871856
754.668,22.0602857,0.162275835
754.713,22.0601794,0.162760917
754.74,22.06025997,0.163330308
754.766,22.06021604,0.163985815
754.792,22.06025776,0.164727919
754.837,22.06024989,0.165558781
754.943,22.06025709,0.166479504
755.646,22.05572893,0.167490912
755.655,22.05485518,0.168593765
755.664,22.05485518,0.169788038
755.67,22.05422839,0.171074528
755.678,22.05366562,0.172453256
755.72,22.05316483,0.173923234
755.743,22.05274886,0.175484146
755.785,22.05240771,0.177135767
755.812,22.05217204,0.178877157
755.856,22.05171452,0.180707341
755.882,22.05134849,0.182624604
755.909,22.05109308,0.184628713
755.936,22.05108154,0.186717176
755.982,22.05109374,0.188888083
756.125,22.05114801,0.191139646
758.369,22.06413807,0.193469674
758.379,22.06455497,0.195875712
758.387,22.06455497,0.198355358
758.395,22.06469763,0.200906053
758.401,22.06469763,0.203524637
758.407,22.06494187,0.206207988
758.43,22.06516893,0.208952728
758.472,22.06527931,0.211756019
758.515,22.0654194,0.214614255
758.554,22.06567627,0.217523587
758.58,22.06580727,0.2204808
758.607,22.06605118,0.223481053
758.634,22.06618166,0.226520211
758.66,22.06639443,0.229594417
758.814,22.06658059,0.232699379
759.489,22.06908315,0.235830359
759.498,22.06905045,0.238982482
759.506,22.06913467,0.242151184
759.529,22.06910105,0.24533185
759.571,22.06917414,0.248519114
759.599,22.06913971,0.25170783
759.626,22.0691215,0.254893165
759.67,22.06923645,0.258069917
759.697,22.06914087,0.261232887
759.724,22.06925156,0.264376745
759.768,22.06926282,0.267496281
759.794,22.06927646,0.270586682
759.82,22.06943831,0.273642796
759.865,22.06938725,0.276658837
760.005,22.06961828,0.279630538
760.687,22.07091112,0.282552847
760.693,22.0710007,0.285420952
760.699,22.0710007,0.288230278
760.705,22.0710007,0.29097606
760.711,22.07118893,0.293653832
760.716,22.07127164,0.296259462
760.757,22.07128174,0.298788608
760.783,22.07139961,0.30123753
760.828,22.07135846,0.303602848
760.855,22.07144,0.305881281
760.9,22.07139203,0.308069394
760.926,22.0713832,0.310163753
760.954,22.07134937,0.312162769
760.98,22.07131733,0.314063998
761.162,22.07138242,0.315864978
761.781,22.07167385,0.317563973
761.79,22.07175013,0.31915944
761.797,22.07173165,0.320650231
761.821,22.07184047,0.322035428
761.844,22.07195565,0.323313988
761.887,22.07198347,0.324485229
761.914,22.07201096,0.325549042
761.958,22.07195118,0.326505806
761.985,22.07217715,0.32735587
762.01,22.07215401,0.328099168
762.053,22.07211441,0.328736428
762.079,22.07220357,0.329268937
762.124,22.07216131,0.32969785
762.15,22.07224954,0.330025032
762.296,22.07212897,0.330251714
762.932,22.07303028,0.330379367
762.941,22.07303804,0.330410196
762.95,22.07308519,0.330346349
762.975,22.07333349,0.330190003
763,22.07341556,0.329943537
763.044,22.073549,0.329609127
763.071,22.07348654,0.329190044
763.097,22.07363959,0.328688532
763.142,22.07371342,0.328107756
763.169,22.07383114,0.327451526
763.214,22.07420129,0.326722388
763.241,22.07447406,0.325923918
763.267,22.07482741,0.325059422
763.294,22.07520945,0.324132822
763.445,22.07563116,0.323147147
764.094,22.0792597,0.322106066
764.101,22.07947955,0.321013443
764.107,22.07947955,0.319873365
764.112,22.07969635,0.318690102
764.136,22.07983509,0.317467186
764.159,22.07995341,0.316209538
764.203,22.08008323,0.314921007
764.23,22.0802577,0.313605759
764.275,22.08051031,0.312268139
764.302,22.08057319,0.310912843
764.346,22.08085213,0.309543924
764.372,22.08093285,0.308165928
764.399,22.08113549,0.306783946
764.424,22.0812699,0.305402267
764.574,22.08138556,0.304025101
765.223,22.08347924,0.302657229
765.23,22.0834353,0.301303518
765.236,22.08351854,0.299968235
765.258,22.08372546,0.298655762
765.283,22.0837465,0.297370166
765.327,22.08391768,0.296116129
765.354,22.08387947,0.29489775
765.399,22.08422375,0.293719125
765.427,22.08443632,0.29258415
765.455,22.08466231,0.291496645
765.501,22.08486774,0.290459786
765.527,22.08484007,0.289477125
765.553,22.08523619,0.288551369
765.576,22.08527999,0.287685397
765.734,22.08551996,0.286881875
766.454,22.08668782,0.28614298
766.469,22.08728426,0.285470272
766.479,22.08728426,0.284865415
766.484,22.08728426,0.284329953
766.49,22.08730733,0.28386458
766.495,22.08752548,0.283470025
766.52,22.08786006,0.28314635
766.563,22.08808805,0.282893306
766.589,22.08858816,0.28271044
766.633,22.088883,0.28259634
766.66,22.08921646,0.282550063
766.686,22.08972955,0.282569999
766.713,22.08993382,0.282654417
766.964,22.09039153,0.282800381
766.973,22.09080279,0.283005223
767.709,22.10187717,0.283266174
767.718,22.10298917,0.283579451
767.727,22.10298917,0.283941697
767.734,22.10353421,0.284349186
767.74,22.10406711,0.28479809
767.783,22.10461519,0.285283722
767.807,22.10506066,0.285801865
767.849,22.10562702,0.286348214
767.875,22.10622275,0.286917921
767.918,22.10663289,0.287506377
767.943,22.10697674,0.288108628
767.97,22.10738768,0.288719876
768.014,22.10766884,0.289335609
768.039,22.10799865,0.28995124
768.188,22.1082232,0.290562283
768.914,22.10807275,0.291164229
768.919,22.10785394,0.291752786
768.925,22.10785394,0.292323604
768.931,22.10779931,0.292872892
768.957,22.10775608,0.293396999
768.983,22.10762685,0.29389167
769.027,22.10760058,0.294354306
769.051,22.10755709,0.294781791
769.094,22.10776693,0.295171179
769.121,22.10790119,0.295520214
769.166,22.10800104,0.295826632
769.193,22.10822639,0.296088632
769.22,22.10842909,0.296304645
769.247,22.10868094,0.296473439
769.395,22.10900458,0.296594241
770.093,22.12021977,0.296666163
770.102,22.12082433,0.296689036
770.111,22.12143181,0.296662614
770.136,22.12202081,0.29658726
770.161,22.12253336,0.296463359
770.204,22.12326633,0.296291323
770.231,22.12387921,0.29607245
770.276,22.12428164,0.295807254
770.301,22.1248805,0.295496778
770.33,22.12531845,0.295142594
770.373,22.12571037,0.294746325
770.397,22.12612459,0.294309535
770.44,22.12658477,0.293833921
770.467,22.12682728,0.293321045
770.608,22.12707335,0.292772893
771.345,22.13158897,0.292190953
771.354,22.13177787,0.291577143
771.362,22.13177787,0.290933434
771.37,22.13201804,0.290261395
771.376,22.1322094,0.289563015
771.418,22.13236895,0.288839366
771.445,22.13249814,0.288092596
771.49,22.13279456,0.287324374
771.517,22.13302558,0.286535865
771.544,22.13320851,0.285728823
771.588,22.13351846,0.284904158
771.615,22.1338907,0.284063407
771.64,22.13417515,0.283208156
771.683,22.13451681,0.282339357
771.824,22.13472941,0.281458151
774.037,22.11834564,0.280565102
774.047,22.11693707,0.279661142
774.056,22.11693707,0.278747161
774.064,22.11693707,0.277823685
774.071,22.11650198,0.276891404
774.077,22.11610511,0.275950934
774.102,22.115693,0.275003259
774.145,22.1152079,0.274048181
774.184,22.11475186,0.273086097
774.212,22.11428475,0.272117496
774.24,22.1140363,0.271142656
774.266,22.11386514,0.270161679
774.293,22.1137681,0.269175864
774.337,22.11379039,0.268184072
774.479,22.11384444,0.267187411
775.252,22.11429716,0.266185968
775.263,22.11523132,0.265180176
775.271,22.11523132,0.264169967
775.278,22.11523132,0.26315614
775.284,22.11596781,0.262139428
775.29,22.11650474,0.261118853
775.313,22.11703548,0.260095609
775.355,22.11748371,0.259070174
775.382,22.11789416,0.258043096
775.427,22.11828961,0.257015023
775.453,22.11852801,0.255986719
775.479,22.11888807,0.254958494
775.523,22.11911445,0.253930894
775.547,22.11926038,0.252904563
775.695,22.11949525,0.251880646
776.33,22.12766415,0.250859371
776.338,22.12765968,0.249840581
776.346,22.12765968,0.24882627
776.352,22.12769499,0.247817501
776.358,22.12739696,0.246814219
776.401,22.12675817,0.245817798
776.426,22.12585173,0.244828912
776.469,22.12473837,0.243848695
776.496,22.12348737,0.242877831
776.541,22.12234481,0.241917017
776.568,22.12148487,0.240967478
776.595,22.12075146,0.240030363
776.64,22.12013288,0.239106269
776.667,22.11941995,0.238196141
776.808,22.11884233,0.237300913
777.494,22.1108554,0.236421633
777.503,22.11045066,0.235559122
777.512,22.11045066,0.234714319
777.52,22.11045066,0.233888076
777.526,22.11023219,0.233081617
777.532,22.11004604,0.232294504
777.568,22.10978492,0.231528699
777.591,22.10965184,0.23078526
777.634,22.10961002,0.230065151
777.661,22.10962379,0.22936897
777.706,22.10961844,0.228697185
777.715,22.10965732,0.228050473
777.758,22.10971203,0.227430415
777.783,22.10972232,0.226836924
777.97,22.10977324,0.226270501
778.67,22.10865864,0.225731943
778.676,22.10826588,0.225221756
778.682,22.10826588,0.224740423
778.688,22.10825516,0.224287789
778.713,22.10799571,0.223864344
778.738,22.10783339,0.223470606
778.782,22.10759419,0.223106346
778.807,22.10765716,0.222771633
778.851,22.10751534,0.222466192
778.878,22.10738095,0.222189954
778.923,22.10713565,0.221943006
778.932,22.10710476,0.221724512
778.977,22.10687143,0.221533805
779.004,22.10650874,0.22137022
779.184,22.10631355,0.221233329
779.876,22.1013005,0.221122253
779.886,22.10101925,0.221036193
779.894,22.10101925,0.220973624
779.902,22.10077591,0.220933789
779.908,22.100621,0.220914784
779.949,22.10047161,0.220915833
779.974,22.10034901,0.220934432
780.018,22.10025027,0.220968969
780.045,22.10007095,0.221017674
780.072,22.09998193,0.221078772
780.117,22.0999679,0.221149968
780.143,22.09997229,0.221229546
780.169,22.09995303,0.221314858
780.216,22.0999192,0.221403673
780.354,22.09986766,0.221493126
780.989,22.09884988,0.221580456
780.999,22.09885438,0.22166379
781.008,22.09895166,0.221740663
781.032,22.09873214,0.221807694
781.056,22.09892984,0.22186223
781.097,22.09874444,0.221901967
781.122,22.09885504,0.221923848
781.165,22.09902344,0.221925344
781.192,22.09909414,0.221903721
781.237,22.09915271,0.22185606
781.264,22.09911288,0.221780115
781.291,22.09916665,0.221672578
781.334,22.09950122,0.221531727
781.37,22.0993105,0.221355054
781.503,22.09964634,0.221140298
782.175,22.10136451,0.220885189
782.184,22.10131468,0.220588188
782.193,22.10131468,0.220246951
782.2,22.10122149,0.219860124
782.207,22.10122263,0.219426304
782.247,22.1011695,0.218943908
782.271,22.10106569,0.218412318
782.315,22.10102657,0.217830341
782.342,22.10085288,0.217197727
782.387,22.10071859,0.216513673
782.412,22.10058383,0.21577846
782.435,22.10048489,0.214991872
782.477,22.10044086,0.214154449
782.502,22.10044583,0.213266275
782.654,22.10042705,0.212328241
783.316,22.10275998,0.21134113
783.322,22.10323268,0.210306764
783.328,22.10323268,0.209226393
783.335,22.10323268,0.208101323
783.34,22.10340236,0.20693362
783.35,22.10354222,0.205725779
783.392,22.10393837,0.20447997
783.417,22.10422116,0.203199334
783.461,22.104455,0.201886789
783.488,22.10445444,0.200545037
783.54,22.10460508,0.199177083
783.546,22.10516136,0.197786576
783.587,22.10512313,0.196377263
783.612,22.10532125,0.194952662
783.761,22.10568246,0.193516829
784.511,22.10750833,0.192074005
784.52,22.10762848,0.190627861
784.529,22.10762848,0.189182324
784.536,22.10762848,0.187741825
784.542,22.1076641,0.186310763
784.547,22.10773151,0.184893574
784.579,22.10769542,0.183494747
784.605,22.10771479,0.182118174
784.65,22.10775402,0.180768373
784.677,22.1077728,0.179449391
784.722,22.10774647,0.178165538
784.749,22.10778052,0.176921328
784.774,22.107818,0.175720502
784.815,22.1078657,0.174567138
784.957,22.10787382,0.173465005
785.593,22.1013814,0.172417893
785.601,22.10060888,0.171429389
785.608,22.09983165,0.17050293
785.634,22.09921611,0.169642693
785.661,22.09851769,0.168851189
785.706,22.0974978,0.168131213
785.733,22.09676622,0.167485553
785.76,22.0962383,0.166916668
785.805,22.09544827,0.166427216
785.831,22.09468508,0.166018974
785.876,22.09406809,0.165693692
785.903,22.09341474,0.165453655
785.928,22.09273905,0.165299411
785.953,22.09200564,0.165232181
786.075,22.09139218,0.165252885
786.813,22.0854099,0.16536192
786.821,22.08553251,0.165559474
786.83,22.08553251,0.165845501
786.836,22.08565958,0.166219677
786.843,22.08583352,0.166681562
786.886,22.08587967,0.167230109
786.912,22.08596589,0.167864354
786.957,22.08605684,0.168582772
786.981,22.08619203,0.169383895
787.024,22.08621242,0.170265497
787.051,22.08633457,0.171225482
787.076,22.0865704,0.172261519
787.121,22.08661648,0.173371064
787.148,22.0867792,0.174551008
787.325,22.08701253,0.175798688
789.193,22.08853368,0.177110368
789.203,22.08837783,0.178482453
789.212,22.08837783,0.179911633
789.22,22.08827818,0.181393174
789.226,22.088081,0.182923658
789.268,22.08803042,0.184498414
789.293,22.08802754,0.186113318
789.337,22.0881162,0.187763778
789.364,22.08818005,0.189445498
789.391,22.08822692,0.191153432
789.435,22.08858679,0.192882964
789.463,22.08898074,0.194629582
789.49,22.08941836,0.196388349
789.535,22.08990685,0.198154314
789.671,22.09045982,0.199922515
790.37,22.09283354,0.201687955
790.379,22.0924813,0.203446377
790.387,22.09210456,0.205192885
790.412,22.09189403,0.20692281
790.438,22.09158014,0.208631614
790.482,22.0914756,0.210315221
790.509,22.09127986,0.211969883
790.536,22.09113531,0.213591249
790.58,22.09108731,0.215175122
790.606,22.09097477,0.216718511
790.65,22.09096453,0.218217709
790.677,22.09103174,0.219669739
790.704,22.09106902,0.221071152
790.731,22.09123661,0.22242026
790.884,22.09145273,0.22371472
791.498,22.09978603,0.224952374
791.522,22.10072954,0.226131753
791.547,22.10116674,0.227251694
791.573,22.10173634,0.228309817
791.6,22.1021138,0.229307045
791.644,22.10279738,0.230242077
791.669,22.10313033,0.231114637
791.695,22.10342966,0.231924934
791.74,22.1036879,0.232673786
791.767,22.10375201,0.233361604
791.793,22.10393494,0.23398933
791.837,22.10396864,0.234559345
791.977,22.10414364,0.235072515
792.633,22.09601084,0.235530381
792.642,22.09509506,0.235935048
792.65,22.09438365,0.236288599
792.674,22.0937508,0.236593402
792.697,22.09339068,0.236852524
792.741,22.09298577,0.237068206
792.768,22.09267319,0.237243259
792.817,22.09229528,0.237380125
792.844,22.09211826,0.237482277
792.87,22.09204981,0.237553183
792.914,22.09194156,0.237594892
792.941,22.09189404,0.237610532
792.968,22.09203002,0.237603109
793.013,22.09204582,0.237575191
793.147,22.09211274,0.237530034
793.79,22.0978279,0.237470002
793.799,22.09859818,0.2373976
793.806,22.09933419,0.237315301
793.829,22.10013645,0.237225652
793.853,22.10044252,0.237130349
793.897,22.10099399,0.23703138
793.923,22.10150646,0.236930515
793.966,22.10194189,0.23682949
793.993,22.1023733,0.236729653
794.018,22.10272208,0.236632388
794.06,22.10312779,0.236538577
794.087,22.10355774,0.236449087
794.114,22.10385517,0.236364777
794.159,22.10424975,0.236287264
794.3,22.10464263,0.236215919
794.947,22.11175924,0.236150767
794.955,22.11193986,0.23609198
794.963,22.11213207,0.236039933
794.986,22.11234486,0.235995287
795.009,22.11250966,0.23595776
795.053,22.11272838,0.235926592
795.098,22.11314401,0.235902165
795.125,22.1132115,0.235884544
795.151,22.11336213,0.235873063
795.195,22.11349461,0.235867837
795.221,22.11370444,0.23586883
795.248,22.11381264,0.235876283
795.273,22.11400598,0.23588981
795.316,22.1142004,0.23590928
795.496,22.11429505,0.235935438
796.182,22.11872203,0.235968181
796.191,22.11923923,0.236007829
796.2,22.11923923,0.236054635
796.207,22.11948041,0.236109082
796.214,22.11981034,0.236172205
796.256,22.12005349,0.236244329
796.281,22.12027663,0.236325994
796.326,22.12059538,0.23641786
796.352,22.12091464,0.236521038
796.397,22.12124289,0.236636535
796.424,22.1214981,0.236765372
796.451,22.12173717,0.23690816
796.488,22.12195619,0.237066683
796.513,22.12219001,0.237241493
796.661,22.1224166,0.237434219
797.344,22.12812696,0.237645654
797.353,22.12820346,0.237876904
797.363,22.12820346,0.238128655
797.369,22.12850584,0.238402023
797.375,22.12851013,0.23869762
797.416,22.12867016,0.239016253
797.44,22.12886409,0.239358196
797.482,22.12894894,0.239724526
797.507,22.12931731,0.240115344
797.552,22.12931241,0.24053051
797.578,22.12947352,0.240970143
797.602,22.12981628,0.241434418
797.644,22.13003041,0.241922956
797.669,22.13008004,0.242435048
797.821,22.13015286,0.242970508
798.475,22.1319902,0.243528014
798.484,22.13191472,0.244106587
798.492,22.13198279,0.244705407
798.517,22.13192492,0.245323121
798.541,22.13197139,0.245958046
798.586,22.13183629,0.246608436
798.613,22.13188305,0.247272735
798.658,22.13184925,0.247948941
798.685,22.13180926,0.248635031
798.712,22.13170743,0.249328733
798.756,22.13166605,0.250028143
798.783,22.13159232,0.25073054
798.808,22.13160761,0.251433652
798.854,22.13156146,0.252135421
798.991,22.13159224,0.252832803
799.71,22.13187255,0.253523551
799.719,22.13187855,0.254204868
799.726,22.13187855,0.25487491
799.733,22.13187855,0.255530994
799.738,22.13176517,0.256171213
799.744,22.13173599,0.256792664
799.767,22.13166445,0.257393761
799.81,22.13167297,0.257972405
799.837,22.13164831,0.25852684
799.881,22.13155034,0.259055085
799.908,22.13148625,0.259555866
799.935,22.13148324,0.260027744
799.98,22.13139485,0.260469318
800.007,22.13127379,0.260879009
800.151,22.13124347,0.261255847
800.709,22.13170498,0.261598904
800.718,22.13167686,0.261907502
800.727,22.13159118,0.262181777
800.753,22.13160539,0.262421415
800.779,22.13150401,0.262625987
800.824,22.13157599,0.262796021
800.851,22.13134614,0.262932027
800.878,22.13124049,0.263034083
800.923,22.1310865,0.263102799
800.948,22.13105112,0.263139033
800.991,22.13093827,0.263143909
801.014,22.1307591,0.26311858
801.04,22.13079737,0.263064531
801.084,22.13073226,0.262983021
801.223,22.13074236,0.262875271
801.848,22.13225794,0.262743326
801.857,22.13212135,0.262588543
801.865,22.13210736,0.262412708
801.89,22.1321183,0.262217554
801.913,22.13217495,0.262005245
801.955,22.1321113,0.26177775
801.999,22.13200926,0.261536657
802.025,22.13198589,0.261284264
802.052,22.13191035,0.261022398
802.095,22.13198179,0.260753306
802.121,22.13179689,0.260478864
802.147,22.13172008,0.260200068
802.192,22.13162776,0.259919674
802.219,22.13142736,0.259639778
802.363,22.13132101,0.259362101
804.486,22.13573612,0.259087781
804.497,22.13609611,0.258818468
804.506,22.13609611,0.258556444
804.512,22.13635747,0.258302726
804.518,22.13635747,0.258058168
804.524,22.13652872,0.257824724
804.549,22.13672921,0.257603221
804.594,22.13700592,0.2573946
804.621,22.13719667,0.257200024
804.648,22.13746157,0.257020284
804.693,22.13765336,0.256855915
804.72,22.13790935,0.256707501
804.746,22.13819528,0.256575476
804.79,22.13847753,0.25646024
804.928,22.13869854,0.25636174
805.63,22.14438001,0.256280005
805.636,22.1445507,0.256215338
805.642,22.1445507,0.256167433
805.646,22.14459564,0.25613611
805.67,22.14460823,0.256121051
805.696,22.14473229,0.256121628
805.722,22.14475132,0.25613777
805.766,22.14473635,0.256168681
805.811,22.14476572,0.256214048
805.839,22.14465568,0.25627288
805.884,22.14460099,0.256344529
805.894,22.14453967,0.256428628
805.939,22.14444828,0.256524011
805.966,22.14432649,0.256629882
806.142,22.14420335,0.25674532
806.802,22.14605756,0.256869628
806.811,22.14660448,0.257001574
806.819,22.14660448,0.257140784
806.825,22.14686096,0.257286072
806.831,22.14704403,0.257436725
806.872,22.1472647,0.257591519
806.898,22.14744786,0.257749573
806.925,22.14761821,0.257910405
806.97,22.14776466,0.258072955
806.997,22.14793979,0.258236286
807.041,22.14808385,0.258399697
807.068,22.14812845,0.258562066
807.095,22.14828095,0.258723132
807.122,22.14837866,0.258881803
807.27,22.14852023,0.259037633
807.886,22.14931245,0.259189622
807.895,22.14932414,0.259337098
807.904,22.14934771,0.259479312
807.93,22.14945077,0.259615573
807.957,22.1494886,0.259744932
807.983,22.14951306,0.259866943
808.028,22.14963103,0.25998027
808.053,22.14960627,0.260084476
808.096,22.14964564,0.260178407
808.122,22.14971611,0.260261448
808.167,22.14972147,0.260332864
808.194,22.14981187,0.260391524
808.22,22.14986522,0.260436321
808.265,22.14992884,0.260466524
808.401,22.14999641,0.260480877
809.018,22.15151232,0.260478424
809.024,22.15175449,0.260457996
809.03,22.15175449,0.260418443
809.035,22.15183624,0.260358185
809.058,22.15202935,0.260276108
809.081,22.15216813,0.260170462
809.123,22.15222672,0.260040368
809.168,22.15243913,0.259884236
809.195,22.15251021,0.259700843
809.222,22.15255636,0.259488521
809.266,22.15257744,0.259245915
809.292,22.15262428,0.258971897
809.319,22.15285444,0.258664539
809.345,22.1529286,0.258322516
809.498,22.15294576,0.257944265
810.173,22.15535727,0.25752873
810.194,22.15569727,0.257074314
810.202,22.15569727,0.256579655
810.213,22.15569727,0.256043982
810.218,22.15590524,0.255465755
810.223,22.1561216,0.254844063
810.249,22.15634566,0.254178147
810.275,22.15651143,0.253467184
810.302,22.15668032,0.252710234
810.347,22.1569199,0.251906758
810.374,22.15710203,0.251056753
810.401,22.15723325,0.250159864
810.446,22.15734916,0.249215927
810.473,22.15747257,0.248225257
810.616,22.15763537,0.247187991
811.218,22.16177896,0.246104786
811.227,22.16191202,0.244976368
811.236,22.16214663,0.243803932
811.262,22.16230174,0.242588154
811.289,22.16254333,0.241330651
811.334,22.16264149,0.240032763
811.359,22.1628135,0.238696596
811.382,22.16308672,0.237323959
811.422,22.1631577,0.235917258
811.465,22.1632006,0.234478465
811.492,22.16316229,0.233010304
811.519,22.16375535,0.231515475
811.546,22.16364657,0.229997011
811.591,22.16358808,0.228457849
811.732,22.16381749,0.226901212
812.363,22.16514013,0.225330419
812.37,22.16515097,0.223748591
812.377,22.16509061,0.222159499
812.401,22.1653222,0.220566935
812.444,22.1653462,0.218974272
812.47,22.16536034,0.217384954
812.496,22.16546476,0.21580288
812.53,22.1654715,0.214231878
812.573,22.1655709,0.212675226
812.6,22.16560536,0.211136539
812.644,22.16547824,0.209619477
812.671,22.16565024,0.208127693
812.698,22.16552494,0.206664337
812.743,22.16540897,0.205232639
812.877,22.16514799,0.20383605
813.648,22.1621999,0.20247712
813.657,22.162074,0.201158543
813.666,22.162074,0.199883052
813.673,22.162074,0.198653072
813.68,22.1621094,0.197470762
813.685,22.1621094,0.196338176
813.691,22.16211308,0.195256914
813.714,22.16215341,0.19422839
813.756,22.16214438,0.193253909
813.781,22.1621677,0.192334465
813.824,22.1622889,0.191470863
813.833,22.16238011,0.190663364
813.876,22.1623559,0.189912588
813.902,22.16249633,0.189218337
814.091,22.16255391,0.188580036
814.808,22.16288894,0.187997749
814.817,22.16293533,0.187470709
814.824,22.16293533,0.186997881
814.83,22.16298564,0.186578171
814.854,22.16288793,0.186210635
814.877,22.16283588,0.18589327
814.92,22.16295739,0.185625004
814.955,22.16291033,0.185404162
814.979,22.16295941,0.185228921
815.005,22.16281059,0.185097466
815.049,22.16285277,0.185008159
815.076,22.16288358,0.184958648
815.103,22.16291241,0.184947246
815.148,22.16301067,0.184971781
815.29,22.1632616,0.185030624
815.91,22.167405,0.185121749
815.919,22.16763739,0.18524274
815.928,22.16763739,0.185392705
815.935,22.16796606,0.185569113
815.941,22.16818377,0.185770621
815.982,22.16832645,0.185995883
816.008,22.16861955,0.186243585
816.052,22.16883686,0.1865123
816.078,22.16908905,0.186800705
816.123,22.16930959,0.187107815
816.15,22.16954047,0.187432756
816.177,22.16996511,0.187775065
816.222,22.17013359,0.188133927
816.249,22.17049801,0.188508931
816.389,22.1709387,0.188899922
817.01,22.17725588,0.189306939
817.019,22.17753877,0.189729588
817.028,22.17783629,0.1901686
817.053,22.17808542,0.190623761
817.078,22.17834451,0.191095687
817.121,22.17862209,0.191584696
817.148,22.17879281,0.192091577
817.193,22.17903023,0.192617032
817.22,22.17915001,0.193161561
817.247,22.17934832,0.193726412
817.292,22.1794846,0.194312256
817.317,22.17954688,0.194919434
817.344,22.1796855,0.19554927
817.371,22.17987125,0.196202424
817.524,22.18004525,0.196879968
819.576,22.18658561,0.197582744
819.586,22.18651408,0.198311263
819.595,22.18651408,0.199065976
819.603,22.18650914,0.199847773
819.608,22.18651098,0.200656933
819.651,22.18653118,0.201494701
819.678,22.18655887,0.202360534
819.723,22.18655022,0.203254763
819.75,22.1865461,0.204177219
819.795,22.18657038,0.205127872
819.822,22.18657749,0.206106258
819.847,22.18656369,0.207111973
819.873,22.18656679,0.2081446
819.918,22.18665077,0.2092033
820.053,22.18665163,0.210287289
820.667,22.18362222,0.211395175
820.676,22.18292704,0.212525775
820.685,22.18292704,0.213678126
820.693,22.18234308,0.214850416
820.735,22.18171221,0.216040755
820.761,22.18093918,0.217246827
820.805,22.1800942,0.218467587
820.831,22.17925243,0.2197009
820.876,22.17842781,0.220944004
820.9,22.17760551,0.222195961
820.943,22.17679035,0.223454176
820.97,22.17583559,0.224715627
820.997,22.17482425,0.225978407
821.024,22.17398499,0.227239357
821.174,22.17322961,0.228495739
821.841,22.16491315,0.229746283
821.85,22.16487939,0.230988432
821.859,22.16495297,0.232219086
821.884,22.16502559,0.233435839
821.908,22.16508518,0.234636574
821.953,22.16527462,0.235819805
821.98,22.16542999,0.236982977
822.024,22.16560665,0.238123783
822.051,22.16576793,0.239240373
822.097,22.16582351,0.240330723
822.123,22.16596444,0.241392996
822.15,22.16610935,0.24242608
822.176,22.16620571,0.243428304
822.218,22.16620987,0.244398338
822.356,22.16631463,0.245335286
823.188,22.16375648,0.246238312
823.194,22.16269312,0.24710643
823.199,22.16269312,0.247939231
823.205,22.16269312,0.248735987
823.211,22.16269312,0.249496482
823.216,22.16236935,0.250220575
823.222,22.16236935,0.250908454
823.246,22.16190112,0.251560334
823.27,22.16174754,0.252176265
823.314,22.16136441,0.25275695
823.341,22.160964,0.253303025
823.367,22.16050215,0.253815065
823.412,22.16017892,0.254294247
823.439,22.15972821,0.254740947
823.568,22.15938401,0.255156542
824.328,22.15060982,0.255542102
824.337,22.1493826,0.255898917
824.345,22.1493826,0.256228028
824.353,22.14907587,0.256530572
824.359,22.14907587,0.256807634
824.365,22.1486964,0.25706024
824.406,22.14829529,0.257289812
824.433,22.1477834,0.257497914
824.478,22.14723805,0.257685627
824.504,22.14675682,0.257854035
824.548,22.14625316,0.258004422
824.558,22.14546084,0.258137884
824.602,22.14504806,0.258255668
824.628,22.14400735,0.258358412
824.773,22.14337505,0.258446876
825.507,22.13487726,0.258521994
825.521,22.13582419,0.258584412
825.536,22.13582419,0.258634806
825.546,22.13582419,0.258673442
825.556,22.13623106,0.258700829
825.57,22.13675972,0.258717773
825.586,22.13712619,0.258724133
825.642,22.13761018,0.258719856
825.689,22.13815859,0.258704889
825.694,22.13884361,0.258679433
825.718,22.13965962,0.258643372
825.741,22.14023962,0.25859647
825.785,22.14091764,0.258538038
825.812,22.14141768,0.258467842
825.985,22.14175509,0.258385217
826.681,22.14804993,0.258289785
826.69,22.14846474,0.258180622
826.699,22.14846474,0.258057389
826.707,22.14846474,0.257919529
826.713,22.14782338,0.257766166
826.718,22.14747776,0.257596428
826.759,22.14717438,0.257409558
826.784,22.14667533,0.257204934
826.829,22.14640126,0.256981777
826.856,22.1461378,0.256739248
826.881,22.1458257,0.256476908
826.907,22.14584657,0.256193571
826.952,22.14577158,0.255888602
826.978,22.14575891,0.255561587
827.124,22.14567348,0.255211769
827.901,22.13182512,0.254838738
827.91,22.13162235,0.254441624
827.918,22.13162235,0.254019952
827.924,22.13166461,0.253573963
827.93,22.13166461,0.253102412
827.935,22.13166461,0.252605353
827.941,22.13166461,0.252082459
827.946,22.13181911,0.251533627
827.958,22.13194338,0.250958649
828.001,22.13221362,0.250357681
828.026,22.13253413,0.249730628
828.049,22.13296761,0.249077688
828.092,22.13341387,0.248398923
828.118,22.13398891,0.247694697
828.273,22.13466358,0.2469656
829.075,22.12745441,0.246211868
829.081,22.12621193,0.245434025
829.086,22.12621193,0.244632679
829.092,22.12621193,0.243808697
829.097,22.12592089,0.242962381
829.103,22.12592089,0.242094763
829.108,22.12592089,0.241206797
829.133,22.12564552,0.240299534
829.158,22.12563876,0.239373397
829.202,22.12563035,0.238429642
829.228,22.12536622,0.237469621
829.255,22.12514535,0.236494431
829.282,22.12519797,0.235505323
829.327,22.12516298,0.23450359
829.483,22.12495451,0.233490609
830.164,22.11355453,0.232467398
830.173,22.11291219,0.231435716
830.18,22.11236183,0.230396711
830.204,22.11173626,0.229352009
830.247,22.11109606,0.228302838
830.273,22.11045088,0.227250555
830.3,22.11010606,0.226196971
830.345,22.10959877,0.225144002
830.372,22.10924826,0.224093057
830.399,22.10885374,0.223045524
830.444,22.10834584,0.222003213
830.471,22.10778028,0.220967793
830.497,22.10716174,0.219940892
830.533,22.10646166,0.218924165
830.647,22.10582548,0.217919193
831.397,22.09802405,0.216927641
831.406,22.09731838,0.215951318
831.415,22.09731838,0.214991428
831.421,22.09708052,0.214049612
831.428,22.09708052,0.21312755
831.433,22.09686659,0.212227251
831.477,22.09660342,0.211349452
831.504,22.09633409,0.210495487
831.529,22.09613253,0.209666787
831.572,22.09579626,0.208864634
831.599,22.09547818,0.208089902
831.626,22.09516012,0.207344233
831.669,22.0948192,0.206628068
831.696,22.09458722,0.205941953
831.84,22.09428115,0.205287069
832.639,22.09439523,0.204663783
832.646,22.09434495,0.204072194
832.653,22.09434495,0.203513161
832.659,22.09434495,0.202986542
832.665,22.09425128,0.202492541
832.671,22.09425128,0.202030794
832.676,22.09425128,0.201600995
832.682,22.09416004,0.201203151
832.722,22.09405166,0.200836095
832.748,22.09397558,0.200499699
832.792,22.09373621,0.200192752
832.815,22.09362551,0.19991399
832.839,22.09368723,0.199662139
832.882,22.09358125,0.199435787
833.014,22.09355854,0.199233575
835.17,22.09210184,0.199053728
835.18,22.09233444,0.198894571
835.195,22.09233444,0.198753978
835.202,22.09241563,0.198630005
835.208,22.09241563,0.19852029
835.213,22.09242925,0.198422855
835.26,22.0925519,0.198334751
835.283,22.09250866,0.198253815
835.306,22.09258209,0.198177215
835.35,22.09267291,0.198102395
835.377,22.09279425,0.198026515
835.404,22.09283423,0.197947037
835.431,22.09301846,0.197860747
835.475,22.09313858,0.19776479
835.613,22.09330643,0.197656407
836.329,22.09713041,0.19753266
836.338,22.09763556,0.197390974
836.347,22.09763556,0.197228675
836.355,22.09785662,0.19704305
836.361,22.09785662,0.196831484
836.366,22.09812911,0.196591417
836.408,22.09827404,0.19632081
836.432,22.09843922,0.196017051
836.476,22.09868292,0.195678289
836.503,22.09877031,0.195302272
836.528,22.09902837,0.194887349
836.552,22.09923422,0.194431184
836.593,22.09937139,0.193933373
836.637,22.09970035,0.19339237
836.772,22.09980886,0.192807228
837.553,22.1061027,0.192176984
837.559,22.1068814,0.191501039
837.565,22.1068814,0.1907789
837.569,22.1068814,0.190010564
837.575,22.1068814,0.189196006
837.581,22.1068814,0.188335064
837.587,22.10707884,0.187428905
837.593,22.10725262,0.18647838
837.616,22.10739446,0.185484524
837.659,22.10749748,0.184448578
837.682,22.10763849,0.183372236
837.706,22.10787152,0.182257829
837.748,22.10809946,0.181107154
837.773,22.10841083,0.179922087
837.959,22.10867476,0.178705063
838.69,22.1156285,0.177458133
838.699,22.11608121,0.176184863
838.708,22.11608121,0.174888239
838.715,22.11624685,0.173571328
838.722,22.11624685,0.172238303
838.727,22.11624685,0.170892178
838.733,22.11643529,0.169535609
838.758,22.11662568,0.168172507
838.803,22.1168137,0.16680736
838.829,22.11690402,0.16544391
838.856,22.11728185,0.164085408
838.883,22.11740028,0.162735179
838.928,22.11751534,0.161397951
838.954,22.11774147,0.160077138
839.098,22.11816914,0.158776548
839.694,22.12063585,0.157500238
839.702,22.12088319,0.156251817
839.747,22.12100301,0.155034283
839.774,22.12086309,0.153851236
839.799,22.12117882,0.152705853
839.851,22.12118225,0.151600629
839.878,22.12131212,0.15053868
839.904,22.12128299,0.14952287
839.931,22.12131941,0.148555827
839.976,22.12157411,0.147639486
840.003,22.121541,0.146776161
840.03,22.12163429,0.145967759
840.075,22.12173842,0.145215463
840.102,22.12203885,0.144520613
840.245,22.1222617,0.143884226
840.944,22.12625789,0.143307001
840.953,22.12709801,0.142789495
840.962,22.12709801,0.142331733
840.969,22.12752307,0.141933584
840.974,22.12752307,0.141595229
840.98,22.12778847,0.141315722
841.023,22.12822937,0.141094403
841.05,22.12839689,0.140929813
841.076,22.12848755,0.140820932
841.101,22.12905641,0.140765869
841.143,22.12940496,0.140763218
841.167,22.12950149,0.140810873
841.211,22.12993266,0.140906451
841.238,22.13024153,0.14104719
841.386,22.13039558,0.141230595
842.211,22.13720869,0.141453855
842.227,22.13827655,0.14171403
842.239,22.13827655,0.142008305
842.25,22.13854798,0.142333175
842.261,22.13854798,0.142685342
842.273,22.13854798,0.14306161
842.282,22.13854798,0.14345861
842.294,22.13860258,0.143872466
842.306,22.13856687,0.144300096
842.317,22.13872553,0.144737873
842.345,22.13892954,0.145182332
842.374,22.13903203,0.145629403
842.425,22.1392159,0.146076218
842.464,22.13927926,0.14651949
842.579,22.13945003,0.146955979
843.357,22.13958654,0.14738237
843.366,22.13966084,0.147795497
843.375,22.13966084,0.148192502
843.383,22.13973412,0.148570601
843.389,22.13973412,0.148927087
843.394,22.13973412,0.149259456
843.4,22.13973412,0.149565678
843.405,22.13985181,0.149843178
843.43,22.14003431,0.150090366
843.455,22.14007525,0.15030541
843.5,22.14024994,0.150486738
843.509,22.14029357,0.150633514
843.55,22.14026039,0.15074438
843.576,22.14039281,0.150818855
843.762,22.14036094,0.150856398