100.00	0.00	7.23	30.00	150.00	2.70	97.30	0.50	

19.99	20.00	0.000000	31.083
19.99	20.00	0.000017	31.182
19.99	20.00	0.000033	31.287
19.99	20.00	0.000050	31.387
19.97	20.00	0.000067	31.487
19.97	20.00	0.000083	31.587
19.97	20.00	0.000100	31.686
19.94	20.00	0.000117	31.787
19.94	20.00	0.000133	31.886
19.94	20.00	0.000150	31.987
19.94	20.00	0.000167	32.086
19.92	20.00	0.000183	32.187
19.92	20.00	0.000200	32.287
19.92	20.00	0.000217	32.386
19.92	20.00	0.000233	32.517
19.92	20.00	0.000250	32.611
19.92	20.00	0.000267	32.711
19.94	20.00	0.000283	32.815
19.94	20.00	0.000300	32.910
19.94	20.00	0.000317	33.009
19.94	20.00	0.000333	33.114
19.97	20.00	0.000350	33.208
19.97	20.00	0.000367	33.308
19.97	20.00	0.000383	33.412
19.99	20.00	0.000400	33.507
19.99	20.00	0.000416	33.607
19.99	20.00	0.000433	33.711
20.02	20.00	0.000450	33.806
20.02	20.00	0.000466	33.905
20.02	20.00	0.000483	34.010
20.04	20.00	0.000500	34.104
20.04	20.00	0.000516	34.204
20.04	20.00	0.000533	34.308
20.04	20.00	0.000550	34.403
20.07	20.00	0.000566	34.503
20.07	20.00	0.000583	34.607
20.07	20.00	0.000600	34.702
20.07	20.00	0.000616	34.801
20.07	20.00	0.000633	34.906
20.07	20.00	0.000650	35.000
20.07	20.00	0.000666	35.102
20.07	20.00	0.000683	35.205
20.07	20.00	0.000700	35.299
20.04	20.00	0.000716	35.402
20.04	20.00	0.000733	35.503
20.04	20.00	0.000750	35.598
20.04	20.00	0.000766	35.701
20.04	20.00	0.000783	35.802
20.04	20.00	0.000800	35.896
20.04	20.00	0.000816	36.001
20.02	20.00	0.000833	36.101
20.02	20.00	0.000850	36.195
20.02	20.00	0.000866	36.300
20.02	20.00	0.000883	36.399
20.02	20.00	0.000900	36.494
20.02	20.00	0.000916	36.598
19.99	20.00	0.000933	36.698
19.99	20.00	0.000950	36.793
19.99	20.00	0.000966	36.897
19.99	20.00	0.000983	36.992
19.99	20.00	0.001000	37.091
19.99	20.00	0.001016	37.196
19.99	20.00	0.001033	37.290
19.99	20.00	0.001050	37.390
19.99	20.00	0.001066	37.494
19.99	20.00	0.001083	37.590
19.99	20.00	0.001100	37.690
19.99	20.00	0.001116	37.793
19.99	20.00	0.001133	37.890
19.99	20.00	0.001150	37.989
19.99	20.00	0.001166	38.092
19.99	20.00	0.001183	38.189
19.99	20.00	0.001200	38.290
19.99	20.00	0.001216	38.391
19.99	20.00	0.001233	38.490
19.99	20.00	0.001250	38.590
19.99	20.00	0.001266	38.689
19.99	20.00	0.001283	38.790
19.99	20.00	0.001299	38.889
20.02	20.00	0.001316	38.990
20.02	20.00	0.001333	39.089
20.02	20.00	0.001349	39.190
20.02	20.00	0.001366	39.290
20.02	20.00	0.001383	39.390
20.02	20.00	0.001399	39.491
20.02	20.00	0.001416	39.590
20.02	20.00	0.001433	39.691
20.02	20.00	0.001449	39.790
20.02	20.00	0.001466	39.891
20.02	20.00	0.001483	39.990
20.02	20.00	0.001499	40.091
20.02	20.00	0.001516	40.191
20.02	20.00	0.001533	40.291
20.02	20.00	0.001549	40.391
20.02	20.00	0.001566	40.490
19.99	20.00	0.001583	40.591
19.99	20.00	0.001599	40.690
19.99	20.00	0.001616	40.791
19.99	20.00	0.001633	40.891
19.99	20.00	0.001649	40.991
19.99	20.00	0.001666	41.091
19.99	20.00	0.001683	41.190
19.99	20.00	0.001699	41.291
19.99	20.00	0.001716	41.390
19.99	20.00	0.001733	41.491
19.99	20.00	0.001749	41.590
19.99	20.00	0.001766	41.691
19.99	20.00	0.001783	41.791
19.99	20.00	0.001799	41.891
19.99	20.00	0.001816	41.991
19.99	20.00	0.001833	42.090
19.99	20.00	0.001849	42.191
19.99	20.00	0.001866	42.290
19.99	20.00	0.001883	42.391
19.99	20.00	0.001899	42.491
20.02	20.00	0.001916	42.591
20.02	20.00	0.001933	42.691
20.02	20.00	0.001949	42.790
20.02	20.00	0.001966	42.891
20.02	20.00	0.001983	42.990
20.02	20.00	0.001999	43.120
20.02	20.00	0.002016	43.214
20.02	20.00	0.002033	43.319
20.02	20.00	0.002049	43.413
20.02	20.00	0.002066	43.513
20.02	20.00	0.002082	43.618
20.02	20.00	0.002099	43.712
20.02	20.00	0.002116	43.812
19.99	20.00	0.002132	43.916
19.99	20.00	0.002149	44.011
19.99	20.00	0.002166	44.110
19.99	20.00	0.002182	44.215
19.99	20.00	0.002199	44.310
19.99	20.00	0.002216	44.409
19.99	20.00	0.002232	44.514
19.99	20.00	0.002249	44.608
19.99	20.00	0.002266	44.708
19.99	20.00	0.002282	44.812
19.99	20.00	0.002299	44.907
19.99	20.00	0.002316	45.006
19.99	20.00	0.002332	45.111
19.99	20.00	0.002349	45.206
19.99	20.00	0.002366	45.305
19.99	20.00	0.002382	45.409
19.99	20.00	0.002399	45.504
19.99	20.00	0.002416	45.604
19.99	20.00	0.002432	45.708
19.99	20.00	0.002449	45.802
19.99	20.00	0.002466	45.904
20.02	20.00	0.002482	46.007
20.02	20.00	0.002499	46.102
20.02	20.00	0.002516	46.204
20.02	20.00	0.002532	46.306
20.02	20.00	0.002549	46.400
20.02	20.00	0.002566	46.505
20.02	20.00	0.002582	46.604
20.02	20.00	0.002599	46.699
20.02	20.00	0.002616	46.803
20.02	20.00	0.002632	46.903
20.02	20.00	0.002649	46.997
20.02	20.00	0.002666	47.102
19.99	20.00	0.002682	47.201
19.99	20.00	0.002699	47.296
19.99	20.00	0.002716	47.401
19.99	20.00	0.002732	47.495
19.99	20.00	0.002749	47.595
19.99	20.00	0.002766	47.699
19.99	20.00	0.002782	47.794
19.99	20.00	0.002799	47.893
19.99	20.00	0.002816	47.998
19.99	20.00	0.002832	48.092
19.99	20.00	0.002849	48.192
19.99	20.00	0.002866	48.297
19.99	20.00	0.002882	48.393
19.99	20.00	0.002899	48.493
19.99	20.00	0.002915	48.595
19.99	20.00	0.002932	48.693
19.99	20.00	0.002949	48.792
19.99	20.00	0.002965	48.894
19.99	20.00	0.002982	48.993
19.99	20.00	0.002999	49.093
19.99	20.00	0.003015	49.193
19.99	20.00	0.003032	49.292
20.02	20.00	0.003049	49.393
20.02	20.00	0.003065	49.492
20.02	20.00	0.003082	49.593
20.02	20.00	0.003099	49.692
20.02	20.00	0.003115	49.793
20.02	20.00	0.003132	49.893
20.02	20.00	0.003149	49.993
20.02	20.00	0.003165	50.093
20.02	20.00	0.003182	50.192
20.02	20.00	0.003199	50.293
20.02	20.00	0.003215	50.392
20.02	20.00	0.003232	50.493
20.02	20.00	0.003249	50.592
20.02	20.00	0.003265	50.693
19.99	20.00	0.003282	50.793
19.99	20.00	0.003299	50.892
19.99	20.00	0.003315	50.993
19.99	20.00	0.003332	51.092
19.99	20.00	0.003349	51.193
19.99	20.00	0.003365	51.292
19.99	20.00	0.003382	51.393
19.99	20.00	0.003399	51.493
19.99	20.00	0.003415	51.593
19.99	20.00	0.003432	51.693
19.99	20.00	0.003449	51.792
19.99	20.00	0.003465	51.893
19.99	20.00	0.003482	51.992
19.99	20.00	0.003499	52.093
19.99	20.00	0.003515	52.193
19.99	20.00	0.003532	52.293
19.99	20.00	0.003549	52.393
19.99	20.00	0.003565	52.492
19.99	20.00	0.003582	52.593
19.99	20.00	0.003599	52.692
19.99	20.00	0.003615	52.793
19.99	20.00	0.003632	52.892
20.02	20.00	0.003649	52.993
20.02	20.00	0.003665	53.093
20.02	20.00	0.003682	53.193
20.02	20.00	0.003699	53.293
20.02	20.00	0.003715	53.392
20.02	20.00	0.003732	53.493
20.02	20.00	0.003748	53.592
20.02	20.00	0.003765	53.693
20.02	20.00	0.003782	53.792
20.02	20.00	0.003798	53.917
20.02	20.00	0.003815	54.017
20.02	20.00	0.003832	54.121
20.02	20.00	0.003848	54.216
19.99	20.00	0.003865	54.315
19.99	20.00	0.003882	54.420
19.99	20.00	0.003898	54.514
19.99	20.00	0.003915	54.614
19.99	20.00	0.003932	54.718
19.99	20.00	0.003948	54.813
19.99	20.00	0.003965	54.913
19.99	20.00	0.003982	55.017
19.99	20.00	0.003998	55.112
19.99	20.00	0.004015	55.211
19.99	20.00	0.004032	55.316
19.99	20.00	0.004048	55.410
19.99	20.00	0.004065	55.510
19.99	20.00	0.004082	55.614
19.99	20.00	0.004098	55.709
19.99	20.00	0.004115	55.809
19.99	20.00	0.004132	55.913
19.99	20.00	0.004148	56.008
19.99	20.00	0.004165	56.107
19.99	20.00	0.004182	56.212
19.99	20.00	0.004198	56.306
19.99	20.00	0.004215	56.408
19.99	20.00	0.004232	56.511
19.99	20.00	0.004248	56.605
19.99	20.00	0.004265	56.708
19.99	20.00	0.004282	56.809
19.99	20.00	0.004298	56.904
20.02	20.00	0.004315	57.007
20.02	20.00	0.004332	57.108
20.02	20.00	0.004348	57.203
20.02	20.00	0.004365	57.307
20.02	20.00	0.004382	57.407
20.02	20.00	0.004398	57.501
20.02	20.00	0.004415	57.606
20.02	20.00	0.004432	57.705
20.02	20.00	0.004448	57.800
20.02	20.00	0.004465	57.904
20.02	20.00	0.004482	58.004
19.99	20.00	0.004498	58.099
19.99	20.00	0.004515	58.203
19.99	20.00	0.004532	58.298
19.99	20.00	0.004548	58.397
19.99	20.00	0.004565	58.502
19.99	20.00	0.004581	58.596
19.99	20.00	0.004598	58.696
19.99	20.00	0.004615	58.800
19.99	20.00	0.004631	58.895
19.99	20.00	0.004648	58.995
19.99	20.00	0.004665	59.099
19.99	20.00	0.004681	59.194
19.99	20.00	0.004698	59.293
19.99	20.00	0.004715	59.398
19.99	20.00	0.004731	59.493
19.99	20.00	0.004748	59.594
19.99	20.00	0.004765	59.697
19.99	20.00	0.004781	59.794
20.02	20.00	0.004798	59.895
20.02	20.00	0.004815	59.995
20.02	20.00	0.004831	00.094
20.02	20.00	0.004848	00.195
20.02	20.00	0.004865	00.294
20.02	20.00	0.004881	00.395
20.02	20.00	0.004898	00.495
20.02	20.00	0.004915	00.595
20.02	20.00	0.004931	00.694
20.02	20.00	0.004948	00.795
20.02	20.00	0.004965	00.894
19.99	20.00	0.004981	00.995
19.99	20.00	0.004998	01.094
19.99	20.00	0.005015	01.195
19.99	20.00	0.005031	01.295
19.99	20.00	0.005048	01.395
19.99	20.00	0.005065	01.495
19.99	20.00	0.005081	01.594
19.99	20.00	0.005098	01.695
19.99	20.00	0.005115	01.794
19.99	20.00	0.005131	01.895
19.99	20.00	0.005148	01.995
19.99	20.00	0.005165	02.095
19.99	20.00	0.005181	02.195
19.99	20.00	0.005198	02.294
19.99	20.00	0.005215	02.395
19.99	20.00	0.005231	02.494
19.99	20.00	0.005248	02.595
19.99	20.00	0.005265	02.694
19.99	20.00	0.005281	02.795
19.99	20.00	0.005298	02.895
19.99	20.00	0.005315	02.994
19.99	20.00	0.005331	03.095
19.99	20.00	0.005348	03.194
19.99	20.00	0.005365	03.295
19.99	20.00	0.005381	03.394
19.99	20.00	0.005398	03.495
19.99	20.00	0.005414	03.595
19.99	20.00	0.005431	03.695
20.02	20.00	0.005448	03.795
20.02	20.00	0.005464	03.894
20.02	20.00	0.005481	03.995
20.02	20.00	0.005498	04.094
20.02	20.00	0.005514	04.195
20.02	20.00	0.005531	04.294
20.02	20.00	0.005548	04.395
20.02	20.00	0.005564	04.495
20.02	20.00	0.005581	04.595
20.02	20.00	0.005598	04.695
20.02	20.00	0.005614	04.794
20.02	20.00	0.005631	04.924
20.02	20.00	0.005648	05.018
19.99	20.00	0.005664	05.118
19.99	20.00	0.005681	05.222
19.99	20.00	0.005698	05.317
19.99	20.00	0.005714	05.417
19.99	20.00	0.005731	05.521
19.99	20.00	0.005748	05.616
19.99	20.00	0.005764	05.715
19.99	20.00	0.005781	05.820
19.99	20.00	0.005798	05.914
19.99	20.00	0.005814	06.013
19.99	20.00	0.005831	06.118
19.99	20.00	0.005848	06.213
19.99	20.00	0.005864	06.313
19.99	20.00	0.005881	06.416
19.99	20.00	0.005898	06.512
19.99	20.00	0.005914	06.611
19.99	20.00	0.005931	06.715
19.99	20.00	0.005948	06.809
19.99	20.00	0.005964	06.911
19.99	20.00	0.005981	07.014
19.99	20.00	0.005998	07.109
19.99	20.00	0.006014	07.211
19.99	20.00	0.006031	07.312
19.99	20.00	0.006048	07.407
19.99	20.00	0.006064	07.511
19.99	20.00	0.006081	07.611
19.99	20.00	0.006098	07.706
20.02	20.00	0.006114	07.811
20.02	20.00	0.006131	07.910
20.02	20.00	0.006148	08.005
20.02	20.00	0.006164	08.109
20.02	20.00	0.006181	08.209
20.02	20.00	0.006198	08.303
20.02	20.00	0.006214	08.408
20.02	20.00	0.006231	08.508
20.02	20.00	0.006247	08.602
20.02	20.00	0.006264	08.707
20.02	20.00	0.006281	08.801
20.02	20.00	0.006297	08.901
19.99	20.00	0.006314	09.005
19.99	20.00	0.006331	09.100
19.99	20.00	0.006347	09.199
19.99	20.00	0.006364	09.304
19.99	20.00	0.006381	09.399
19.99	20.00	0.006397	09.498
19.99	20.00	0.006414	09.603
19.99	20.00	0.006431	09.697
19.99	20.00	0.006447	09.797
19.99	20.00	0.006464	09.901
19.99	20.00	0.006481	09.996
19.99	20.00	0.006497	10.096
19.99	20.00	0.006514	10.200
19.99	20.00	0.006531	10.296
19.99	20.00	0.006547	10.395
19.99	20.00	0.006564	10.499
19.99	20.00	0.006581	10.595
19.99	20.00	0.006597	10.696
19.99	20.00	0.006614	10.797
19.99	20.00	0.006631	10.896
19.99	20.00	0.006647	10.996
19.99	20.00	0.006664	11.096
19.99	20.00	0.006681	11.196
19.99	20.00	0.006697	11.295
19.99	20.00	0.006714	11.396
19.99	20.00	0.006731	11.495
20.02	20.00	0.006747	11.596
20.02	20.00	0.006764	11.696
20.02	20.00	0.006781	11.796
20.02	20.00	0.006797	11.896
20.02	20.00	0.006814	11.995
20.02	20.00	0.006831	12.096
20.02	20.00	0.006847	12.195
20.02	20.00	0.006864	12.296
20.02	20.00	0.006881	12.396
20.02	20.00	0.006897	12.496
19.99	20.00	0.006914	12.596
19.99	20.00	0.006931	12.695
19.99	20.00	0.006947	12.796
19.99	20.00	0.006964	12.895
19.99	20.00	0.006981	12.996
19.99	20.00	0.006997	13.096
19.99	20.00	0.007014	13.196
19.99	20.00	0.007031	13.296
19.99	20.00	0.007047	13.395
19.99	20.00	0.007064	13.496
19.99	20.00	0.007080	13.595
19.99	20.00	0.007097	13.696
19.99	20.00	0.007114	13.795
19.99	20.00	0.007130	13.896
19.99	20.00	0.007147	13.996
19.99	20.00	0.007164	14.096
19.99	20.00	0.007180	14.196
19.99	20.00	0.007197	14.295
19.99	20.00	0.007214	14.396
19.99	20.00	0.007230	14.495
19.99	20.00	0.007247	14.596
19.99	20.00	0.007264	14.695
19.99	20.00	0.007280	14.796
19.99	20.00	0.007297	14.896
19.99	20.00	0.007314	14.995
19.99	20.00	0.007330	15.096
19.99	20.00	0.007347	15.195
20.02	20.00	0.007364	15.296
20.02	20.00	0.007380	15.395
20.02	20.00	0.007397	15.496
20.02	20.00	0.007414	15.596
20.02	20.00	0.007430	15.696
20.02	20.00	0.007447	15.796
20.02	20.00	0.007464	15.895
20.02	20.00	0.007480	16.025
20.02	20.00	0.007497	16.119
20.02	20.00	0.007514	16.219
20.02	20.00	0.007530	16.323
20.02	20.00	0.007547	16.418
20.02	20.00	0.007564	16.517
20.02	20.00	0.007580	16.622
19.99	20.00	0.007597	16.717
19.99	20.00	0.007614	16.816
19.99	20.00	0.007630	16.921
19.99	20.00	0.007647	17.015
19.99	20.00	0.007664	17.115
19.99	20.00	0.007680	17.219
19.99	20.00	0.007697	17.314
19.99	20.00	0.007714	17.414
19.99	20.00	0.007730	17.518
19.99	20.00	0.007747	17.613
19.99	20.00	0.007764	17.714
19.99	20.00	0.007780	17.817
19.99	20.00	0.007797	17.911
19.99	20.00	0.007814	18.014
19.99	20.00	0.007830	18.115
19.99	20.00	0.007847	18.210
19.99	20.00	0.007864	18.314
19.99	20.00	0.007880	18.414
19.99	20.00	0.007897	18.509
19.99	20.00	0.007913	18.613
19.99	20.00	0.007930	18.713
19.99	20.00	0.007947	18.807
19.99	20.00	0.007963	18.912
19.99	20.00	0.007980	19.012
19.99	20.00	0.007997	19.106
19.99	20.00	0.008013	19.211
19.99	20.00	0.008030	19.310
19.99	20.00	0.008047	19.405
19.99	20.00	0.008063	19.509
20.02	20.00	0.008080	19.604
20.02	20.00	0.008097	19.704
20.02	20.00	0.008113	19.808
20.02	20.00	0.008130	19.903
20.02	20.00	0.008147	20.002
20.02	20.00	0.008163	20.107
20.02	20.00	0.008180	20.201
20.02	20.00	0.008197	20.301
20.02	20.00	0.008213	20.405
20.02	20.00	0.008230	20.500
20.02	20.00	0.008247	20.600
19.99	20.00	0.008263	20.704
19.99	20.00	0.008280	20.799
19.99	20.00	0.008297	20.897
19.99	20.00	0.008313	21.003
19.99	20.00	0.008330	21.096
19.99	20.00	0.008347	21.197
19.99	20.00	0.008363	21.301
19.99	20.00	0.008380	21.397
19.99	20.00	0.008397	21.497
19.99	20.00	0.008413	21.599
19.99	20.00	0.008430	21.697
19.99	20.00	0.008447	21.796
19.99	20.00	0.008463	21.898
19.99	20.00	0.008480	21.996
19.99	20.00	0.008497	22.097
19.99	20.00	0.008513	22.197
19.99	20.00	0.008530	22.297
19.99	20.00	0.008547	22.397
19.99	20.00	0.008563	22.498
19.99	20.00	0.008580	22.597
19.99	20.00	0.008597	22.698
19.99	20.00	0.008613	22.797
19.99	20.00	0.008630	22.898
20.02	20.00	0.008647	22.998
20.02	20.00	0.008663	23.098
20.02	20.00	0.008680	23.198
20.02	20.00	0.008697	23.297
20.02	20.00	0.008713	23.398
20.02	20.00	0.008730	23.497
20.02	20.00	0.008746	23.598
20.02	20.00	0.008763	23.697
20.02	20.00	0.008780	23.798
20.02	20.00	0.008796	23.898
20.02	20.00	0.008813	23.997
19.99	20.00	0.008830	24.098
19.99	20.00	0.008846	24.197
19.99	20.00	0.008863	24.298
19.99	20.00	0.008880	24.397
19.99	20.00	0.008896	24.498
19.99	20.00	0.008913	24.598
19.99	20.00	0.008930	24.698
19.99	20.00	0.008946	24.798
19.99	20.00	0.008963	24.897
19.99	20.00	0.008980	24.998
19.99	20.00	0.008996	25.097
19.99	20.00	0.009013	25.198
19.99	20.00	0.009030	25.297
19.99	20.00	0.009046	25.398
19.99	20.00	0.009063	25.498
19.99	20.00	0.009080	25.598
19.99	20.00	0.009096	25.698
19.99	20.00	0.009113	25.797
19.99	20.00	0.009130	25.899
19.99	20.00	0.009146	25.998
19.99	20.00	0.009163	26.099
19.99	20.00	0.009180	26.199
19.99	20.00	0.009196	26.299
19.99	20.00	0.009213	26.399
19.99	20.00	0.009230	26.498
19.99	20.00	0.009246	26.598
20.02	20.00	0.009263	26.722
20.02	20.00	0.009280	26.827
20.02	20.00	0.009296	26.921
20.02	20.00	0.009313	27.021
20.02	20.00	0.009330	27.125
20.02	20.00	0.009346	27.220
20.02	20.00	0.009363	27.320
20.02	20.00	0.009380	27.424
20.02	20.00	0.009396	27.519
20.02	20.00	0.009413	27.618
20.02	20.00	0.009430	27.723
20.02	20.00	0.009446	27.817
20.02	20.00	0.009463	27.917
20.02	20.00	0.009480	28.022
19.99	20.00	0.009496	28.116
19.99	20.00	0.009513	28.217
19.99	20.00	0.009530	28.320
19.99	20.00	0.009546	28.415
19.99	20.00	0.009563	28.517
19.99	20.00	0.009579	28.619
19.99	20.00	0.009596	28.714
19.99	20.00	0.009613	28.817
19.99	20.00	0.009629	28.918
19.99	20.00	0.009646	29.012
19.99	20.00	0.009663	29.117
19.99	20.00	0.009679	29.216
19.99	20.00	0.009696	29.311
19.99	20.00	0.009713	29.415
19.99	20.00	0.009729	29.515
19.99	20.00	0.009746	29.610
19.99	20.00	0.009763	29.714
19.99	20.00	0.009779	29.814
19.99	20.00	0.009796	29.908
19.99	20.00	0.009813	30.013
19.99	20.00	0.009829	30.107
19.99	20.00	0.009846	30.207
19.99	20.00	0.009863	30.311
19.99	20.00	0.009879	30.406
19.99	20.00	0.009896	30.506
19.99	20.00	0.009913	30.610
19.99	20.00	0.009929	30.705
19.99	20.00	0.009946	30.804
19.99	20.00	0.009963	30.909
19.99	20.00	0.009979	31.003
19.99	20.00	0.009996	31.103
19.99	20.00	0.010013	31.208
19.99	20.00	0.010029	31.303
20.02	20.00	0.010046	31.403
20.02	20.00	0.010063	31.506
20.02	20.00	0.010079	31.602
20.02	20.00	0.010096	31.703
20.02	20.00	0.010113	31.804
20.02	20.00	0.010129	31.903
20.02	20.00	0.010146	32.003
20.02	20.00	0.010163	32.103
20.02	20.00	0.010179	32.203
20.02	20.00	0.010196	32.302
20.02	20.00	0.010213	32.403
19.99	20.00	0.010229	32.502
19.99	20.00	0.010246	32.603
19.99	20.00	0.010263	32.702
19.99	20.00	0.010279	32.803
19.99	20.00	0.010296	32.903
19.99	20.00	0.010313	33.003
19.99	20.00	0.010329	33.103
19.99	20.00	0.010346	33.202
19.99	20.00	0.010363	33.303
19.99	20.00	0.010379	33.402
19.99	20.00	0.010396	33.503
19.99	20.00	0.010412	33.603
19.99	20.00	0.010429	33.703
19.99	20.00	0.010446	33.804
19.99	20.00	0.010462	33.903
19.99	20.00	0.010479	34.005
19.99	20.00	0.010496	34.104
19.99	20.00	0.010512	34.205
19.99	20.00	0.010529	34.304
19.99	20.00	0.010546	34.406
20.02	20.00	0.010562	34.506
20.02	20.00	0.010579	34.606
20.02	20.00	0.010596	34.706
20.02	20.00	0.010612	34.805
20.02	20.00	0.010629	34.905
20.02	20.00	0.010646	35.006
20.02	20.00	0.010662	35.105
20.02	20.00	0.010679	35.206
20.02	20.00	0.010696	35.306
20.02	20.00	0.010712	35.406
20.02	20.00	0.010729	35.506
20.02	20.00	0.010746	35.605
19.99	20.00	0.010762	35.705
19.99	20.00	0.010779	35.805
19.99	20.00	0.010796	35.906
19.99	20.00	0.010812	36.006
19.99	20.00	0.010829	36.106
19.99	20.00	0.010846	36.206
19.99	20.00	0.010862	36.305
19.99	20.00	0.010879	36.435
19.99	20.00	0.010896	36.529
19.99	20.00	0.010912	36.629
19.99	20.00	0.010929	36.733
19.99	20.00	0.010946	36.828
19.99	20.00	0.010962	36.927
19.99	20.00	0.010979	37.032
19.99	20.00	0.010996	37.127
19.99	20.00	0.011012	37.226
19.99	20.00	0.011029	37.331
19.99	20.00	0.011046	37.425
19.99	20.00	0.011062	37.525
19.99	20.00	0.011079	37.629
19.99	20.00	0.011096	37.724
19.99	20.00	0.011112	37.824
19.99	20.00	0.011129	37.928
19.99	20.00	0.011146	38.023
19.99	20.00	0.011162	38.122
19.99	20.00	0.011179	38.227
19.99	20.00	0.011196	38.321
19.99	20.00	0.011212	38.421
19.99	20.00	0.011229	38.526
19.99	20.00	0.011245	38.620
19.99	20.00	0.011262	38.721
19.99	20.00	0.011279	38.823
19.99	20.00	0.011295	38.919
20.02	20.00	0.011312	39.020
20.02	20.00	0.011329	39.123
20.02	20.00	0.011345	39.217
20.02	20.00	0.011362	39.321
20.02	20.00	0.011379	39.422
20.02	20.00	0.011395	39.516
20.02	20.00	0.011412	39.621
20.02	20.00	0.011429	39.720
20.02	20.00	0.011445	39.815
19.99	20.00	0.011462	39.919
19.99	20.00	0.011479	40.019
19.99	20.00	0.011495	40.113
19.99	20.00	0.011512	40.218
19.99	20.00	0.011529	40.318
19.99	20.00	0.011545	40.412
19.99	20.00	0.011562	40.517
19.99	20.00	0.011579	40.611
19.99	20.00	0.011595	40.711
19.99	20.00	0.011612	40.815
19.99	20.00	0.011629	40.910
19.99	20.00	0.011645	41.010
19.99	20.00	0.011662	41.114
19.99	20.00	0.011679	41.209
19.99	20.00	0.011695	41.308
19.99	20.00	0.011712	41.413
19.99	20.00	0.011729	41.507
19.99	20.00	0.011745	41.606
19.99	20.00	0.011762	41.711
19.99	20.00	0.011779	41.807
19.99	20.00	0.011795	41.907
19.99	20.00	0.011812	42.010
20.02	20.00	0.011829	42.106
20.02	20.00	0.011845	42.207
20.02	20.00	0.011862	42.308
20.02	20.00	0.011879	42.407
20.02	20.00	0.011895	42.506
20.02	20.00	0.011912	42.607
20.02	20.00	0.011929	42.707
20.02	20.00	0.011945	42.807
20.02	20.00	0.011962	42.907
20.02	20.00	0.011979	43.006
20.02	20.00	0.011995	43.107
20.02	20.00	0.012012	43.207
19.99	20.00	0.012029	43.306
19.99	20.00	0.012045	43.407
19.99	20.00	0.012062	43.507
19.99	20.00	0.012078	43.607
19.99	20.00	0.012095	43.707
19.99	20.00	0.012112	43.806
19.99	20.00	0.012128	43.907
19.99	20.00	0.012145	44.006
19.99	20.00	0.012162	44.107
19.99	20.00	0.012178	44.207
19.99	20.00	0.012195	44.307
19.99	20.00	0.012212	44.407
19.99	20.00	0.012228	44.506
19.99	20.00	0.012245	44.606
19.99	20.00	0.012262	44.707
19.99	20.00	0.012278	44.806
19.99	20.00	0.012295	44.907
19.99	20.00	0.012312	45.007
19.99	20.00	0.012328	45.107
19.99	20.00	0.012345	45.207
19.99	20.00	0.012362	45.306
19.99	20.00	0.012378	45.407
19.99	20.00	0.012395	45.506
19.99	20.00	0.012412	45.607
19.99	20.00	0.012428	45.706
19.99	20.00	0.012445	45.807
19.99	20.00	0.012462	45.907
20.02	20.00	0.012478	46.007
20.02	20.00	0.012495	46.107
20.02	20.00	0.012512	46.206
20.02	20.00	0.012528	46.307
20.02	20.00	0.012545	46.406
20.02	20.00	0.012562	46.507
20.02	20.00	0.012578	46.606
20.02	20.00	0.012595	46.707
20.02	20.00	0.012612	46.807
20.02	20.00	0.012628	46.907
20.02	20.00	0.012645	47.007
20.02	20.00	0.012662	47.106
19.99	20.00	0.012678	47.207
19.99	20.00	0.012695	47.306
19.99	20.00	0.012712	47.406
19.99	20.00	0.012728	47.535
19.99	20.00	0.012745	47.630
19.99	20.00	0.012762	47.730
19.99	20.00	0.012778	47.834
19.99	20.00	0.012795	47.929
19.99	20.00	0.012812	48.028
19.99	20.00	0.012828	48.133
19.99	20.00	0.012845	48.227
19.99	20.00	0.012862	48.327
19.99	20.00	0.012878	48.431
19.99	20.00	0.012895	48.526
19.99	20.00	0.012911	48.626
19.99	20.00	0.012928	48.730
19.99	20.00	0.012945	48.825
19.99	20.00	0.012961	48.924
19.99	20.00	0.012978	49.029
19.99	20.00	0.012995	49.123
19.99	20.00	0.013011	49.224
19.99	20.00	0.013028	49.327
19.99	20.00	0.013045	49.422
19.99	20.00	0.013061	49.523
19.99	20.00	0.013078	49.626
20.02	20.00	0.013095	49.721
20.02	20.00	0.013111	49.824
20.02	20.00	0.013128	49.925
20.02	20.00	0.013145	50.020
20.02	20.00	0.013161	50.124
20.02	20.00	0.013178	50.224
20.02	20.00	0.013195	50.319
20.02	20.00	0.013211	50.423
20.02	20.00	0.013228	50.523
19.99	20.00	0.013245	50.616
19.99	20.00	0.013261	50.722
19.99	20.00	0.013278	50.821
19.99	20.00	0.013295	50.915
19.99	20.00	0.013311	51.021
19.99	20.00	0.013328	51.119
19.99	20.00	0.013345	51.214
19.99	20.00	0.013361	51.318
19.99	20.00	0.013378	51.413
19.99	20.00	0.013395	51.512
19.99	20.00	0.013411	51.617
19.99	20.00	0.013428	51.712
19.99	20.00	0.013445	51.811
19.99	20.00	0.013461	51.916
19.99	20.00	0.013478	52.010
19.99	20.00	0.013495	52.110
19.99	20.00	0.013511	52.214
19.99	20.00	0.013528	52.309
19.99	20.00	0.013545	52.409
19.99	20.00	0.013561	52.514
19.99	20.00	0.013578	52.608
20.02	20.00	0.013595	52.707
20.02	20.00	0.013611	52.812
20.02	20.00	0.013628	52.907
20.02	20.00	0.013645	53.008
20.02	20.00	0.013661	53.110
20.02	20.00	0.013678	53.208
20.02	20.00	0.013695	53.308
20.02	20.00	0.013711	53.412
20.02	20.00	0.013728	53.511
20.02	20.00	0.013744	53.612
20.02	20.00	0.013761	53.711
20.02	20.00	0.013778	53.812
20.02	20.00	0.013794	53.911
20.02	20.00	0.013811	54.012
19.99	20.00	0.013828	54.112
19.99	20.00	0.013844	54.212
19.99	20.00	0.013861	54.312
19.99	20.00	0.013878	54.411
19.99	20.00	0.013894	54.512
19.99	20.00	0.013911	54.611
19.99	20.00	0.013928	54.712
19.99	20.00	0.013944	54.811
19.99	20.00	0.013961	54.912
19.99	20.00	0.013978	55.012
19.99	20.00	0.013994	55.111
19.99	20.00	0.014011	55.212
19.99	20.00	0.014028	55.311
19.99	20.00	0.014044	55.411
19.99	20.00	0.014061	55.512
19.99	20.00	0.014078	55.612
19.99	20.00	0.014094	55.712
19.99	20.00	0.014111	55.812
19.99	20.00	0.014128	55.911
19.99	20.00	0.014144	56.012
19.99	20.00	0.014161	56.111
19.99	20.00	0.014178	56.212
19.99	20.00	0.014194	56.311
19.99	20.00	0.014211	56.412
19.99	20.00	0.014228	56.512
19.99	20.00	0.014244	56.612
19.99	20.00	0.014261	56.712
19.99	20.00	0.014278	56.811
19.99	20.00	0.014294	56.912
20.02	20.00	0.014311	57.011
20.02	20.00	0.014328	57.112
20.02	20.00	0.014344	57.211
20.02	20.00	0.014361	57.312
20.02	20.00	0.014378	57.412
20.02	20.00	0.014394	57.512
20.02	20.00	0.014411	57.612
20.02	20.00	0.014428	57.711
20.02	20.00	0.014444	57.835
20.02	20.00	0.014461	57.934
20.02	20.00	0.014478	58.040
20.02	20.00	0.014494	58.134
19.99	20.00	0.014511	58.233
19.99	20.00	0.014528	58.338
19.99	20.00	0.014544	58.432
19.99	20.00	0.014561	58.532
19.99	20.00	0.014577	58.636
19.99	20.00	0.014594	58.731
19.99	20.00	0.014611	58.830
19.99	20.00	0.014627	58.935
19.99	20.00	0.014644	59.029
19.99	20.00	0.014661	59.129
19.99	20.00	0.014677	59.234
19.99	20.00	0.014694	59.328
19.99	20.00	0.014711	59.428
19.99	20.00	0.014727	59.532
19.99	20.00	0.014744	59.627
19.99	20.00	0.014761	59.726
19.99	20.00	0.014777	59.831
19.99	20.00	0.014794	59.926
19.99	20.00	0.014811	00.026
19.99	20.00	0.014827	00.130
19.99	20.00	0.014844	00.224
19.99	20.00	0.014861	00.327
19.99	20.00	0.014877	00.428
19.99	20.00	0.014894	00.523
20.02	20.00	0.014911	00.627
20.02	20.00	0.014927	00.727
20.02	20.00	0.014944	00.822
20.02	20.00	0.014961	00.926
20.02	20.00	0.014977	01.026
20.02	20.00	0.014994	01.120
20.02	20.00	0.015011	01.225
20.02	20.00	0.015027	01.324
20.02	20.00	0.015044	01.419
20.02	20.00	0.015061	01.524
20.02	20.00	0.015077	01.623
20.02	20.00	0.015094	01.718
20.02	20.00	0.015111	01.822
19.99	20.00	0.015127	01.917
19.99	20.00	0.015144	02.017
19.99	20.00	0.015161	02.121
19.99	20.00	0.015177	02.216
19.99	20.00	0.015194	02.316
19.99	20.00	0.015211	02.420
19.99	20.00	0.015227	02.515
19.99	20.00	0.015244	02.614
19.99	20.00	0.015261	02.719
19.99	20.00	0.015277	02.813
19.99	20.00	0.015294	02.914
19.99	20.00	0.015311	03.018
19.99	20.00	0.015327	03.114
19.99	20.00	0.015344	03.214
19.99	20.00	0.015361	03.316
19.99	20.00	0.015377	03.414
19.99	20.00	0.015394	03.513
19.99	20.00	0.015410	03.614
19.99	20.00	0.015427	03.714
19.99	20.00	0.015444	03.814
19.99	20.00	0.015460	03.914
20.02	20.00	0.015477	04.014
20.02	20.00	0.015494	04.113
20.02	20.00	0.015510	04.214
20.02	20.00	0.015527	04.313
20.02	20.00	0.015544	04.414
20.02	20.00	0.015560	04.513
20.02	20.00	0.015577	04.614
20.02	20.00	0.015594	04.714
20.02	20.00	0.015610	04.813
20.02	20.00	0.015627	04.914
20.02	20.00	0.015644	05.013
20.02	20.00	0.015660	05.114
19.99	20.00	0.015677	05.213
19.99	20.00	0.015694	05.314
19.99	20.00	0.015710	05.414
19.99	20.00	0.015727	05.514
19.99	20.00	0.015744	05.614
19.99	20.00	0.015760	05.713
19.99	20.00	0.015777	05.814
19.99	20.00	0.015794	05.913
19.99	20.00	0.015810	06.014
19.99	20.00	0.015827	06.113
19.99	20.00	0.015844	06.214
19.99	20.00	0.015860	06.314
19.99	20.00	0.015877	06.413
19.99	20.00	0.015894	06.514
19.99	20.00	0.015910	06.613
19.99	20.00	0.015927	06.714
19.99	20.00	0.015944	06.813
19.99	20.00	0.015960	06.914
19.99	20.00	0.015977	07.014
19.99	20.00	0.015994	07.114
19.99	20.00	0.016010	07.214
19.99	20.00	0.016027	07.313
19.99	20.00	0.016044	07.414
19.99	20.00	0.016060	07.513
19.99	20.00	0.016077	07.614
19.99	20.00	0.016094	07.713
19.99	20.00	0.016110	07.814
19.99	20.00	0.016127	07.914
19.99	20.00	0.016144	08.014
19.99	20.00	0.016160	08.114
19.99	20.00	0.016177	08.213
19.99	20.00	0.016194	08.314
19.99	20.00	0.016210	08.413
20.02	20.00	0.016227	08.543
20.02	20.00	0.016244	08.637
20.02	20.00	0.016260	08.737
20.02	20.00	0.016277	08.842
20.02	20.00	0.016293	08.936
20.02	20.00	0.016310	09.036
20.02	20.00	0.016327	09.141
20.02	20.00	0.016343	09.235
20.02	20.00	0.016360	09.335
20.02	20.00	0.016377	09.439
20.02	20.00	0.016393	09.534
19.99	20.00	0.016410	09.633
19.99	20.00	0.016427	09.737
19.99	20.00	0.016443	09.832
19.99	20.00	0.016460	09.931
19.99	20.00	0.016477	10.036
19.99	20.00	0.016493	10.130
19.99	20.00	0.016510	10.230
19.99	20.00	0.016527	10.335
19.99	20.00	0.016543	10.429
19.99	20.00	0.016560	10.530
19.99	20.00	0.016577	10.633
19.99	20.00	0.016593	10.728
19.99	20.00	0.016610	10.829
19.99	20.00	0.016627	10.932
19.99	20.00	0.016643	11.027
19.99	20.00	0.016660	11.130
19.99	20.00	0.016677	11.231
19.99	20.00	0.016693	11.326
19.99	20.00	0.016710	11.430
19.99	20.00	0.016727	11.530
19.99	20.00	0.016743	11.624
20.02	20.00	0.016760	11.728
20.02	20.00	0.016777	11.828
20.02	20.00	0.016793	11.923
20.02	20.00	0.016810	12.027
20.02	20.00	0.016827	12.127
20.02	20.00	0.016843	12.221
20.02	20.00	0.016860	12.326
20.02	20.00	0.016877	12.425
20.02	20.00	0.016893	12.520
20.02	20.00	0.016910	12.625
20.02	20.00	0.016927	12.719
19.99	20.00	0.016943	12.819
19.99	20.00	0.016960	12.923
19.99	20.00	0.016977	13.018
19.99	20.00	0.016993	13.117
19.99	20.00	0.017010	13.222
19.99	20.00	0.017027	13.317
19.99	20.00	0.017043	13.416
19.99	20.00	0.017060	13.521
19.99	20.00	0.017077	13.615
19.99	20.00	0.017093	13.715
19.99	20.00	0.017110	13.819
19.99	20.00	0.017126	13.915
19.99	20.00	0.017143	14.014
19.99	20.00	0.017160	14.118
19.99	20.00	0.017176	14.215
19.99	20.00	0.017193	14.315
19.99	20.00	0.017210	14.417
19.99	20.00	0.017226	14.514
19.99	20.00	0.017243	14.615
19.99	20.00	0.017260	14.715
19.99	20.00	0.017276	14.815
19.99	20.00	0.017293	14.915
19.99	20.00	0.017310	15.015
20.02	20.00	0.017326	15.115
20.02	20.00	0.017343	15.214
20.02	20.00	0.017360	15.315
20.02	20.00	0.017376	15.414
20.02	20.00	0.017393	15.515
20.02	20.00	0.017410	15.614
20.02	20.00	0.017426	15.715
20.02	20.00	0.017443	15.815
20.02	20.00	0.017460	15.915
20.02	20.00	0.017476	16.015
20.02	20.00	0.017493	16.114
19.99	20.00	0.017510	16.215
19.99	20.00	0.017526	16.314
19.99	20.00	0.017543	16.415
19.99	20.00	0.017560	16.514
19.99	20.00	0.017576	16.615
19.99	20.00	0.017593	16.715
19.99	20.00	0.017610	16.815
19.99	20.00	0.017626	16.915
19.99	20.00	0.017643	17.014
19.99	20.00	0.017660	17.115
19.99	20.00	0.017676	17.214
19.99	20.00	0.017693	17.315
19.99	20.00	0.017710	17.415
19.99	20.00	0.017726	17.515
19.99	20.00	0.017743	17.615
19.99	20.00	0.017760	17.714
19.99	20.00	0.017776	17.815
19.99	20.00	0.017793	17.914
20.02	20.00	0.017810	18.015
20.02	20.00	0.017826	18.114
20.02	20.00	0.017843	18.215
20.02	20.00	0.017860	18.315
20.02	20.00	0.017876	18.415
20.02	20.00	0.017893	18.514
20.02	20.00	0.017910	18.615
20.02	20.00	0.017926	18.714
20.02	20.00	0.017943	18.816
20.02	20.00	0.017959	18.915
19.99	20.00	0.017976	19.016
19.99	20.00	0.017993	19.116
19.99	20.00	0.018009	19.216
19.99	20.00	0.018026	19.316
19.99	20.00	0.018043	19.415
19.99	20.00	0.018059	19.540
19.99	20.00	0.018076	19.644
19.99	20.00	0.018093	19.739
19.99	20.00	0.018109	19.838
19.99	20.00	0.018126	19.943
19.99	20.00	0.018143	20.038
19.99	20.00	0.018159	20.137
19.99	20.00	0.018176	20.242
19.99	20.00	0.018193	20.336
19.99	20.00	0.018209	20.436
19.99	20.00	0.018226	20.540
19.99	20.00	0.018243	20.635
19.99	20.00	0.018259	20.734
19.99	20.00	0.018276	20.839
19.99	20.00	0.018293	20.934
19.99	20.00	0.018309	21.033
19.99	20.00	0.018326	21.138
19.99	20.00	0.018343	21.232
19.99	20.00	0.018359	21.333
19.99	20.00	0.018376	21.436
20.02	20.00	0.018393	21.531
20.02	20.00	0.018409	21.633
20.02	20.00	0.018426	21.735
20.02	20.00	0.018443	21.830
20.02	20.00	0.018459	21.933
20.02	20.00	0.018476	22.034
20.02	20.00	0.018493	22.128
20.02	20.00	0.018509	22.233
20.02	20.00	0.018526	22.332
20.02	20.00	0.018543	22.427
20.02	20.00	0.018559	22.532
19.99	20.00	0.018576	22.631
19.99	20.00	0.018593	22.726
19.99	20.00	0.018609	22.830
19.99	20.00	0.018626	22.930
19.99	20.00	0.018643	23.024
19.99	20.00	0.018659	23.129
19.99	20.00	0.018676	23.223
19.99	20.00	0.018693	23.322
19.99	20.00	0.018709	23.428
19.99	20.00	0.018726	23.521
19.99	20.00	0.018743	23.621
19.99	20.00	0.018759	23.725
19.99	20.00	0.018776	23.820
19.99	20.00	0.018792	23.919
19.99	20.00	0.018809	24.024
19.99	20.00	0.018826	24.119
19.99	20.00	0.018842	24.218
19.99	20.00	0.018859	24.323
19.99	20.00	0.018876	24.417
19.99	20.00	0.018892	24.517
19.99	20.00	0.018909	24.621
19.99	20.00	0.018926	24.717
19.99	20.00	0.018942	24.817
19.99	20.00	0.018959	24.920
19.99	20.00	0.018976	25.017
19.99	20.00	0.018992	25.116
19.99	20.00	0.019009	25.219
20.02	20.00	0.019026	25.316
20.02	20.00	0.019042	25.417
20.02	20.00	0.019059	25.517
20.02	20.00	0.019076	25.617
20.02	20.00	0.019092	25.717
20.02	20.00	0.019109	25.817
20.02	20.00	0.019126	25.917
20.02	20.00	0.019142	26.016
20.02	20.00	0.019159	26.117
20.02	20.00	0.019176	26.216
20.02	20.00	0.019192	26.317
20.02	20.00	0.019209	26.416
20.02	20.00	0.019226	26.517
19.99	20.00	0.019242	26.617
19.99	20.00	0.019259	26.717
19.99	20.00	0.019276	26.817
19.99	20.00	0.019292	26.916
19.99	20.00	0.019309	27.017
19.99	20.00	0.019326	27.116
19.99	20.00	0.019342	27.217
19.99	20.00	0.019359	27.317
19.99	20.00	0.019376	27.417
19.99	20.00	0.019392	27.517
19.99	20.00	0.019409	27.616
19.99	20.00	0.019426	27.717
19.99	20.00	0.019442	27.816
19.99	20.00	0.019459	27.917
19.99	20.00	0.019476	28.017
19.99	20.00	0.019492	28.116
19.99	20.00	0.019509	28.217
19.99	20.00	0.019526	28.317
19.99	20.00	0.019542	28.417
19.99	20.00	0.019559	28.517
19.99	20.00	0.019576	28.616
19.99	20.00	0.019592	28.717
19.99	20.00	0.019609	28.816
19.99	20.00	0.019625	28.917
19.99	20.00	0.019642	29.016
19.99	20.00	0.019659	29.117
19.99	20.00	0.019675	29.217
19.99	20.00	0.019692	29.317
20.02	20.00	0.019709	29.417
20.02	20.00	0.019725	29.516
20.02	20.00	0.019742	29.617
20.02	20.00	0.019759	29.716
20.02	20.00	0.019775	29.817
20.02	20.00	0.019792	29.916
20.02	20.00	0.019809	30.017
20.02	20.00	0.019825	30.117
20.02	20.00	0.019842	30.217
20.02	20.00	0.019859	30.317
19.99	20.00	0.019875	30.416
19.99	20.00	0.019892	30.516
19.99	20.00	0.019909	30.615
19.99	20.00	0.019925	30.745
19.99	20.00	0.019942	30.839
19.99	20.00	0.019959	30.939
19.99	20.00	0.019975	31.044
19.99	20.00	0.019992	31.138
19.99	20.00	0.020009	31.238
19.99	20.00	0.020025	31.342
19.99	20.00	0.020042	31.437
19.99	20.00	0.020059	31.536
19.99	20.00	0.020075	31.641
19.99	20.00	0.020092	31.735
19.99	20.00	0.020109	31.836
19.99	20.00	0.020125	31.940
19.99	20.00	0.020142	32.034
19.99	20.00	0.020159	32.136
19.99	20.00	0.020175	32.238
19.99	20.00	0.020192	32.333
19.99	20.00	0.020209	32.436
19.99	20.00	0.020225	32.537
20.02	20.00	0.020242	32.632
20.02	20.00	0.020259	32.736
20.02	20.00	0.020275	32.836
20.02	20.00	0.020292	32.930
20.02	20.00	0.020309	33.035
20.02	20.00	0.020325	33.134
20.02	20.00	0.020342	33.229
20.02	20.00	0.020359	33.333
20.02	20.00	0.020375	33.433
19.99	20.00	0.020392	33.528
19.99	20.00	0.020409	33.632
19.99	20.00	0.020425	33.727
19.99	20.00	0.020442	33.826
19.99	20.00	0.020458	33.931
19.99	20.00	0.020475	34.025
19.99	20.00	0.020492	34.125
19.99	20.00	0.020508	34.230
19.99	20.00	0.020525	34.324
19.99	20.00	0.020542	34.424
19.99	20.00	0.020558	34.528
19.99	20.00	0.020575	34.623
19.99	20.00	0.020592	34.722
19.99	20.00	0.020608	34.827
19.99	20.00	0.020625	34.921
19.99	20.00	0.020642	35.021
19.99	20.00	0.020658	35.126
19.99	20.00	0.020675	35.220
19.99	20.00	0.020692	35.320
19.99	20.00	0.020708	35.424
19.99	20.00	0.020725	35.519
20.02	20.00	0.020742	35.618
20.02	20.00	0.020758	35.723
20.02	20.00	0.020775	35.818
20.02	20.00	0.020792	35.917
20.02	20.00	0.020808	36.022
20.02	20.00	0.020825	36.116
20.02	20.00	0.020842	36.218
20.02	20.00	0.020858	36.320
20.02	20.00	0.020875	36.417
20.02	20.00	0.020892	36.517
20.02	20.00	0.020908	36.619
20.02	20.00	0.020925	36.717
19.99	20.00	0.020942	36.817
19.99	20.00	0.020958	36.918
19.99	20.00	0.020975	37.016
19.99	20.00	0.020992	37.117
19.99	20.00	0.021008	37.216
19.99	20.00	0.021025	37.317
19.99	20.00	0.021042	37.416
19.99	20.00	0.021058	37.517
19.99	20.00	0.021075	37.617
19.99	20.00	0.021092	37.716
19.99	20.00	0.021108	37.817
19.99	20.00	0.021125	37.916
19.99	20.00	0.021142	38.017
19.99	20.00	0.021158	38.116
19.99	20.00	0.021175	38.217
19.99	20.00	0.021192	38.317
19.99	20.00	0.021208	38.417
19.99	20.00	0.021225	38.517
19.99	20.00	0.021242	38.616
19.99	20.00	0.021258	38.717
19.99	20.00	0.021275	38.816
20.02	20.00	0.021291	38.917
20.02	20.00	0.021308	39.016
20.02	20.00	0.021325	39.117
20.02	20.00	0.021341	39.217
20.02	20.00	0.021358	39.317
20.02	20.00	0.021375	39.417
20.02	20.00	0.021391	39.516
20.02	20.00	0.021408	39.617
20.02	20.00	0.021425	39.716
20.02	20.00	0.021441	39.817
19.99	20.00	0.021458	39.917
19.99	20.00	0.021475	40.017
19.99	20.00	0.021491	40.117
19.99	20.00	0.021508	40.216
19.99	20.00	0.021525	40.317
19.99	20.00	0.021541	40.416
19.99	20.00	0.021558	40.517
19.99	20.00	0.021575	40.616
19.99	20.00	0.021591	40.717
19.99	20.00	0.021608	40.817
19.99	20.00	0.021625	40.917
19.99	20.00	0.021641	41.016
19.99	20.00	0.021658	41.116
19.99	20.00	0.021675	41.217
19.99	20.00	0.021691	41.316
19.99	20.00	0.021708	41.417
19.99	20.00	0.021725	41.516
19.99	20.00	0.021741	41.617
19.99	20.00	0.021758	41.717
19.99	20.00	0.021775	41.846
19.99	20.00	0.021791	41.941
20.02	20.00	0.021808	42.040
20.02	20.00	0.021825	42.145
20.02	20.00	0.021841	42.239
20.02	20.00	0.021858	42.339
20.02	20.00	0.021875	42.443
20.02	20.00	0.021891	42.538
20.02	20.00	0.021908	42.640
20.02	20.00	0.021925	42.742
20.02	20.00	0.021941	42.837
20.02	20.00	0.021958	42.939
20.02	20.00	0.021975	43.041
20.02	20.00	0.021991	43.135
20.02	20.00	0.022008	43.240
20.02	20.00	0.022025	43.339
19.99	20.00	0.022041	43.434
19.99	20.00	0.022058	43.539
19.99	20.00	0.022075	43.638
19.99	20.00	0.022091	43.733
19.99	20.00	0.022108	43.837
19.99	20.00	0.022124	43.937
19.99	20.00	0.022141	44.031
19.99	20.00	0.022158	44.136
19.99	20.00	0.022174	44.236
19.99	20.00	0.022191	44.330
19.99	20.00	0.022208	44.435
19.99	20.00	0.022224	44.529
19.99	20.00	0.022241	44.629
19.99	20.00	0.022258	44.733
19.99	20.00	0.022274	44.828
19.99	20.00	0.022291	44.928
19.99	20.00	0.022308	45.032
19.99	20.00	0.022324	45.127
19.99	20.00	0.022341	45.226
19.99	20.00	0.022358	45.331
19.99	20.00	0.022374	45.425
19.99	20.00	0.022391	45.524
20.02	20.00	0.022408	45.629
20.02	20.00	0.022424	45.724
20.02	20.00	0.022441	45.823
20.02	20.00	0.022458	45.928
20.02	20.00	0.022474	46.022
20.02	20.00	0.022491	46.122
20.02	20.00	0.022508	46.226
20.02	20.00	0.022524	46.321
20.02	20.00	0.022541	46.420
20.02	20.00	0.022558	46.525
20.02	20.00	0.022574	46.620
20.02	20.00	0.022591	46.720
19.99	20.00	0.022608	46.824
19.99	20.00	0.022624	46.918
19.99	20.00	0.022641	47.020
19.99	20.00	0.022658	47.122
19.99	20.00	0.022674	47.217
19.99	20.00	0.022691	47.321
19.99	20.00	0.022708	47.421
19.99	20.00	0.022724	47.517
19.99	20.00	0.022741	47.620
19.99	20.00	0.022758	47.720
19.99	20.00	0.022774	47.816
19.99	20.00	0.022791	47.919
19.99	20.00	0.022808	48.018
19.99	20.00	0.022824	48.117
19.99	20.00	0.022841	48.218
19.99	20.00	0.022858	48.317
19.99	20.00	0.022874	48.417
19.99	20.00	0.022891	48.516
19.99	20.00	0.022908	48.617
19.99	20.00	0.022924	48.716
19.99	20.00	0.022941	48.817
19.99	20.00	0.022957	48.917
19.99	20.00	0.022974	49.017
19.99	20.00	0.022991	49.117
19.99	20.00	0.023007	49.216
19.99	20.00	0.023024	49.317
19.99	20.00	0.023041	49.416
20.02	20.00	0.023057	49.517
20.02	20.00	0.023074	49.616
20.02	20.00	0.023091	49.717
20.02	20.00	0.023107	49.817
20.02	20.00	0.023124	49.917
20.02	20.00	0.023141	50.017
20.02	20.00	0.023157	50.117
20.02	20.00	0.023174	50.216
20.02	20.00	0.023191	50.317
20.02	20.00	0.023207	50.416
19.99	20.00	0.023224	50.517
19.99	20.00	0.023241	50.617
19.99	20.00	0.023257	50.717
19.99	20.00	0.023274	50.817
19.99	20.00	0.023291	50.916
19.99	20.00	0.023307	51.017
19.99	20.00	0.023324	51.116
19.99	20.00	0.023341	51.217
19.99	20.00	0.023357	51.317
19.99	20.00	0.023374	51.417
19.99	20.00	0.023391	51.517
19.99	20.00	0.023407	51.617
19.99	20.00	0.023424	51.717
19.99	20.00	0.023441	51.816
19.99	20.00	0.023457	51.918
19.99	20.00	0.023474	52.016
20.02	20.00	0.023491	52.117
20.02	20.00	0.023507	52.218
20.02	20.00	0.023524	52.317
20.02	20.00	0.023541	52.417
20.02	20.00	0.023557	52.517
20.02	20.00	0.023574	52.617
20.02	20.00	0.023591	52.716
20.02	20.00	0.023607	52.818
20.02	20.00	0.023624	52.916
20.02	20.00	0.023641	53.017
20.02	20.00	0.023657	53.118
20.02	20.00	0.023674	53.246
20.02	20.00	0.023691	53.340
20.02	20.00	0.023707	53.418
19.99	20.00	0.023724	53.544
19.99	20.00	0.023741	53.639
19.99	20.00	0.023757	53.717
19.99	20.00	0.023774	53.843
19.99	20.00	0.023790	53.937
19.99	20.00	0.023807	54.042
19.99	20.00	0.023824	54.142
19.99	20.00	0.023840	54.236
19.99	20.00	0.023857	54.341
19.99	20.00	0.023874	54.440
19.99	20.00	0.023890	54.535
19.99	20.00	0.023907	54.639
19.99	20.00	0.023924	54.739
19.99	20.00	0.023940	54.834
19.99	20.00	0.023957	54.938
19.99	20.00	0.023974	55.033
19.99	20.00	0.023990	55.132
19.99	20.00	0.024007	55.237
19.99	20.00	0.024024	55.331
19.99	20.00	0.024040	55.431
19.99	20.00	0.024057	55.535
19.99	20.00	0.024074	55.630
19.99	20.00	0.024090	55.730
20.02	20.00	0.024107	55.834
20.02	20.00	0.024124	55.929
20.02	20.00	0.024140	56.028
20.02	20.00	0.024157	56.133
20.02	20.00	0.024174	56.227
20.02	20.00	0.024190	56.327
20.02	20.00	0.024207	56.431
20.02	20.00	0.024224	56.526
20.02	20.00	0.024240	56.626
19.99	20.00	0.024257	56.730
19.99	20.00	0.024274	56.825
19.99	20.00	0.024290	56.924
19.99	20.00	0.024307	57.029
19.99	20.00	0.024324	57.123
19.99	20.00	0.024340	57.223
19.99	20.00	0.024357	57.328
19.99	20.00	0.024374	57.422
19.99	20.00	0.024390	57.524
19.99	20.00	0.024407	57.626
19.99	20.00	0.024424	57.721
19.99	20.00	0.024440	57.823
19.99	20.00	0.024457	57.925
19.99	20.00	0.024474	58.019
19.99	20.00	0.024490	58.123
19.99	20.00	0.024507	58.224
19.99	20.00	0.024524	58.318
19.99	20.00	0.024540	58.423
19.99	20.00	0.024557	58.522
19.99	20.00	0.024574	58.618
19.99	20.00	0.024590	58.721
19.99	20.00	0.024607	58.820
19.99	20.00	0.024623	58.918
19.99	20.00	0.024640	59.020
19.99	20.00	0.024657	59.119
19.99	20.00	0.024673	59.218
19.99	20.00	0.024690	59.318
19.99	20.00	0.024707	59.420
20.02	20.00	0.024723	59.517
20.02	20.00	0.024740	59.618
20.02	20.00	0.024757	59.720
20.02	20.00	0.024773	59.818
20.02	20.00	0.024790	59.918
20.02	20.00	0.024807	00.020
20.02	20.00	0.024823	00.118
20.02	20.00	0.024840	00.217
20.02	20.00	0.024857	00.319
20.02	20.00	0.024873	00.418
20.02	20.00	0.024890	00.518
20.02	20.00	0.024907	00.620
19.99	20.00	0.024923	00.718
19.99	20.00	0.024940	00.817
19.99	20.00	0.024957	00.920
19.99	20.00	0.024973	01.017
19.99	20.00	0.024990	01.118
19.99	20.00	0.025007	01.220
19.99	20.00	0.025023	01.318
19.99	20.00	0.025040	01.418
19.99	20.00	0.025057	01.520
19.99	20.00	0.025073	01.618
19.99	20.00	0.025090	01.717
19.99	20.00	0.025107	01.820
19.99	20.00	0.025123	01.917
19.99	20.00	0.025140	02.018
19.99	20.00	0.025157	02.120
19.99	20.00	0.025173	02.218
19.99	20.00	0.025190	02.318
19.99	20.00	0.025207	02.420
19.99	20.00	0.025223	02.518
19.99	20.00	0.025240	02.617
19.99	20.00	0.025257	02.721
19.99	20.00	0.025273	02.817
19.99	20.00	0.025290	02.918
20.02	20.00	0.025307	03.021
20.02	20.00	0.025323	03.118
20.02	20.00	0.025340	03.219
20.02	20.00	0.025357	03.321
20.02	20.00	0.025373	03.420
20.02	20.00	0.025390	03.519
20.02	20.00	0.025407	03.621
20.02	20.00	0.025423	03.719
20.02	20.00	0.025440	03.844
20.02	20.00	0.025456	03.921
19.99	20.00	0.025473	04.048
19.99	20.00	0.025490	04.143
19.99	20.00	0.025506	04.221
19.99	20.00	0.025523	04.347
19.99	20.00	0.025540	04.441
19.99	20.00	0.025556	04.521
19.99	20.00	0.025573	04.645
19.99	20.00	0.025590	04.740
19.99	20.00	0.025606	04.845
19.99	20.00	0.025623	04.944
19.99	20.00	0.025640	05.039
19.99	20.00	0.025656	05.143
19.99	20.00	0.025673	05.243
19.99	20.00	0.025690	05.337
19.99	20.00	0.025706	05.442
19.99	20.00	0.025723	05.541
19.99	20.00	0.025740	05.636
19.99	20.00	0.025756	05.741
19.99	20.00	0.025773	05.835
19.99	20.00	0.025790	05.935
19.99	20.00	0.025806	06.039
19.99	20.00	0.025823	06.134
19.99	20.00	0.025840	06.233
19.99	20.00	0.025856	06.338
19.99	20.00	0.025873	06.433
20.02	20.00	0.025890	06.532
20.02	20.00	0.025906	06.637
20.02	20.00	0.025923	06.731
20.02	20.00	0.025940	06.831
20.02	20.00	0.025956	06.935
20.02	20.00	0.025973	07.030
20.02	20.00	0.025990	07.129
20.02	20.00	0.026006	07.234
20.02	20.00	0.026023	07.329
20.02	20.00	0.026040	07.428
20.02	20.00	0.026056	07.533
20.02	20.00	0.026073	07.627
19.99	20.00	0.026090	07.727
19.99	20.00	0.026106	07.831
19.99	20.00	0.026123	07.926
19.99	20.00	0.026140	08.027
19.99	20.00	0.026156	08.130
19.99	20.00	0.026173	08.225
19.99	20.00	0.026190	08.326
19.99	20.00	0.026206	08.429
19.99	20.00	0.026223	08.523
19.99	20.00	0.026240	08.627
19.99	20.00	0.026256	08.727
19.99	20.00	0.026273	08.822
19.99	20.00	0.026289	08.927
19.99	20.00	0.026306	09.026
19.99	20.00	0.026323	09.121
19.99	20.00	0.026339	09.225
19.99	20.00	0.026356	09.325
19.99	20.00	0.026373	09.420
19.99	20.00	0.026389	09.524
19.99	20.00	0.026406	09.624
19.99	20.00	0.026423	09.721
19.99	20.00	0.026439	09.823
19.99	20.00	0.026456	09.922
19.99	20.00	0.026473	10.021
19.99	20.00	0.026489	10.122
19.99	20.00	0.026506	10.222
19.99	20.00	0.026523	10.322
19.99	20.00	0.026539	10.422
20.02	20.00	0.026556	10.523
20.02	20.00	0.026573	10.622
20.02	20.00	0.026589	10.721
20.02	20.00	0.026606	10.823
20.02	20.00	0.026623	10.921
20.02	20.00	0.026639	11.022
20.02	20.00	0.026656	11.123
20.02	20.00	0.026673	11.222
20.02	20.00	0.026689	11.322
20.02	20.00	0.026706	11.423
20.02	20.00	0.026723	11.522
20.02	20.00	0.026739	11.621
19.99	20.00	0.026756	11.723
19.99	20.00	0.026773	11.821
19.99	20.00	0.026789	11.922
19.99	20.00	0.026806	12.024
19.99	20.00	0.026823	12.122
19.99	20.00	0.026839	12.222
19.99	20.00	0.026856	12.323
19.99	20.00	0.026873	12.422
19.99	20.00	0.026889	12.521
19.99	20.00	0.026906	12.624
19.99	20.00	0.026923	12.721
19.99	20.00	0.026939	12.822
19.99	20.00	0.026956	12.924
19.99	20.00	0.026973	13.022
19.99	20.00	0.026989	13.121
19.99	20.00	0.027006	13.224
19.99	20.00	0.027023	13.321
19.99	20.00	0.027039	13.423
19.99	20.00	0.027056	13.523
19.99	20.00	0.027073	13.623
19.99	20.00	0.027089	13.723
19.99	20.00	0.027106	13.824
19.99	20.00	0.027122	13.922
19.99	20.00	0.027139	14.022
19.99	20.00	0.027156	14.124
19.99	20.00	0.027172	14.223
19.99	20.00	0.027189	14.322
20.02	20.00	0.027206	14.424
20.02	20.00	0.027222	14.522
20.02	20.00	0.027239	14.646
20.02	20.00	0.027256	14.724
20.02	20.00	0.027272	14.850
20.02	20.00	0.027289	14.945
20.02	20.00	0.027306	15.024
20.02	20.00	0.027322	15.149
20.02	20.00	0.027339	15.243
20.02	20.00	0.027356	15.348
20.02	20.00	0.027372	15.448
20.02	20.00	0.027389	15.543
20.02	20.00	0.027406	15.647
19.99	20.00	0.027422	15.747
19.99	20.00	0.027439	15.841
19.99	20.00	0.027456	15.946
19.99	20.00	0.027472	16.045
19.99	20.00	0.027489	16.140
19.99	20.00	0.027506	16.245
19.99	20.00	0.027522	16.339
19.99	20.00	0.027539	16.439
19.99	20.00	0.027556	16.543
19.99	20.00	0.027572	16.638
19.99	20.00	0.027589	16.737
19.99	20.00	0.027606	16.842
19.99	20.00	0.027622	16.936
19.99	20.00	0.027639	17.036
19.99	20.00	0.027656	17.141
19.99	20.00	0.027672	17.235
19.99	20.00	0.027689	17.335
19.99	20.00	0.027706	17.439
19.99	20.00	0.027722	17.534
19.99	20.00	0.027739	17.633
19.99	20.00	0.027756	17.738
19.99	20.00	0.027772	17.833
19.99	20.00	0.027789	17.932
19.99	20.00	0.027806	18.037
19.99	20.00	0.027822	18.131
19.99	20.00	0.027839	18.231
19.99	20.00	0.027856	18.335
19.99	20.00	0.027872	18.430
19.99	20.00	0.027889	18.530
20.02	20.00	0.027906	18.634
20.02	20.00	0.027922	18.729
20.02	20.00	0.027939	18.830
20.02	20.00	0.027955	18.933
20.02	20.00	0.027972	19.027
20.02	20.00	0.027989	19.130
20.02	20.00	0.028005	19.231
20.02	20.00	0.028022	19.326
20.02	20.00	0.028039	19.430
20.02	20.00	0.028055	19.530
20.02	20.00	0.028072	19.625
20.02	20.00	0.028089	19.729
19.99	20.00	0.028105	19.829
19.99	20.00	0.028122	19.922
19.99	20.00	0.028139	20.027
19.99	20.00	0.028155	20.128
19.99	20.00	0.028172	20.223
19.99	20.00	0.028189	20.326
19.99	20.00	0.028205	20.426
19.99	20.00	0.028222	20.523
19.99	20.00	0.028239	20.625
19.99	20.00	0.028255	20.726
19.99	20.00	0.028272	20.822
19.99	20.00	0.028289	20.924
19.99	20.00	0.028305	21.026
19.99	20.00	0.028322	21.123
19.99	20.00	0.028339	21.222
19.99	20.00	0.028355	21.326
19.99	20.00	0.028372	21.422
19.99	20.00	0.028389	21.523
19.99	20.00	0.028405	21.626
19.99	20.00	0.028422	21.723
19.99	20.00	0.028439	21.823
19.99	20.00	0.028455	21.926
19.99	20.00	0.028472	22.023
19.99	20.00	0.028489	22.122
19.99	20.00	0.028505	22.226
19.99	20.00	0.028522	22.322
20.02	20.00	0.028539	22.422
20.02	20.00	0.028555	22.526
20.02	20.00	0.028572	22.623
20.02	20.00	0.028589	22.722
20.02	20.00	0.028605	22.827
20.02	20.00	0.028622	22.922
20.02	20.00	0.028639	23.023
20.02	20.00	0.028655	23.126
20.02	20.00	0.028672	23.223
20.02	20.00	0.028689	23.322
20.02	20.00	0.028705	23.427
19.99	20.00	0.028722	23.523
19.99	20.00	0.028739	23.622
19.99	20.00	0.028755	23.727
19.99	20.00	0.028772	23.822
19.99	20.00	0.028788	23.923
19.99	20.00	0.028805	24.027
19.99	20.00	0.028822	24.123
19.99	20.00	0.028838	24.223
19.99	20.00	0.028855	24.327
19.99	20.00	0.028872	24.423
19.99	20.00	0.028888	24.522
19.99	20.00	0.028905	24.627
19.99	20.00	0.028922	24.722
19.99	20.00	0.028938	24.823
19.99	20.00	0.028955	24.927
19.99	20.00	0.028972	25.024
19.99	20.00	0.028988	25.124
19.99	20.00	0.029005	25.227
19.99	20.00	0.029022	25.324
19.99	20.00	0.029038	25.423
19.99	20.00	0.029055	25.527
19.99	20.00	0.029072	25.623
20.02	20.00	0.029088	25.748
20.02	20.00	0.029105	25.828
20.02	20.00	0.029122	25.952
20.02	20.00	0.029138	26.047
20.02	20.00	0.029155	26.151
20.02	20.00	0.029172	26.251
20.02	20.00	0.029188	26.345
20.02	20.00	0.029205	26.450
20.02	20.00	0.029222	26.549
20.02	20.00	0.029238	26.644
19.99	20.00	0.029255	26.748
19.99	20.00	0.029272	26.848
19.99	20.00	0.029288	26.942
19.99	20.00	0.029305	27.046
19.99	20.00	0.029322	27.141
19.99	20.00	0.029338	27.240
19.99	20.00	0.029355	27.345
19.99	20.00	0.029372	27.439
19.99	20.00	0.029388	27.539
19.99	20.00	0.029405	27.644
19.99	20.00	0.029422	27.738
19.99	20.00	0.029438	27.838
19.99	20.00	0.029455	27.942
19.99	20.00	0.029472	28.037
19.99	20.00	0.029488	28.136
19.99	20.00	0.029505	28.241
19.99	20.00	0.029522	28.336
19.99	20.00	0.029538	28.435
19.99	20.00	0.029555	28.540
20.02	20.00	0.029572	28.635
20.02	20.00	0.029588	28.734
20.02	20.00	0.029605	28.839
20.02	20.00	0.029621	28.933
20.02	20.00	0.029638	29.033
20.02	20.00	0.029655	29.138
20.02	20.00	0.029671	29.232
20.02	20.00	0.029688	29.333
20.02	20.00	0.029705	29.436
20.02	20.00	0.029721	29.531
20.02	20.00	0.029738	29.633
20.02	20.00	0.029755	29.735
20.02	20.00	0.029771	29.829
19.99	20.00	0.029788	29.933
19.99	20.00	0.029805	30.034
19.99	20.00	0.029821	30.128
19.99	20.00	0.029838	30.233
19.99	20.00	0.029855	30.332
19.99	20.00	0.029871	30.427
19.99	20.00	0.029888	30.531
19.99	20.00	0.029905	30.631
19.99	20.00	0.029921	30.726
19.99	20.00	0.029938	30.830
19.99	20.00	0.029955	30.930
19.99	20.00	0.029971	31.024
19.99	20.00	0.029988	31.129
19.99	20.00	0.030005	31.229
19.99	20.00	0.030021	31.325
19.99	20.00	0.030038	31.427
19.99	20.00	0.030055	31.529
19.99	20.00	0.030071	31.625
19.99	20.00	0.030088	31.726
19.99	20.00	0.030105	31.829
19.99	20.00	0.030121	31.924
19.99	20.00	0.030138	32.025
19.99	20.00	0.030155	32.124
19.99	20.00	0.030171	32.225
20.02	20.00	0.030188	32.324
20.02	20.00	0.030205	32.429
20.02	20.00	0.030221	32.525
20.02	20.00	0.030238	32.625
20.02	20.00	0.030255	32.730
20.02	20.00	0.030271	32.824
20.02	20.00	0.030288	32.925
20.02	20.00	0.030305	33.024
20.02	20.00	0.030321	33.125
20.02	20.00	0.030338	33.225
20.02	20.00	0.030355	33.329
20.02	20.00	0.030371	33.425
20.02	20.00	0.030388	33.524
19.99	20.00	0.030405	33.624
19.99	20.00	0.030421	33.726
19.99	20.00	0.030438	33.825
19.99	20.00	0.030454	33.930
19.99	20.00	0.030471	34.026
19.99	20.00	0.030488	34.126
19.99	20.00	0.030504	34.230
19.99	20.00	0.030521	34.325
19.99	20.00	0.030538	34.426
19.99	20.00	0.030554	34.530
19.99	20.00	0.030571	34.626
19.99	20.00	0.030588	34.725
19.99	20.00	0.030604	34.830
19.99	20.00	0.030621	34.926
19.99	20.00	0.030638	35.025
19.99	20.00	0.030654	35.125
19.99	20.00	0.030671	35.226
19.99	20.00	0.030688	35.325
19.99	20.00	0.030704	35.430
19.99	20.00	0.030721	35.525
19.99	20.00	0.030738	35.626
19.99	20.00	0.030754	35.731
19.99	20.00	0.030771	35.825
19.99	20.00	0.030788	35.926
20.02	20.00	0.030804	36.025
20.02	20.00	0.030821	36.126
20.02	20.00	0.030838	36.225
20.02	20.00	0.030854	36.325
20.02	20.00	0.030871	36.455
20.02	20.00	0.030888	36.550
20.02	20.00	0.030904	36.654
20.02	20.00	0.030921	36.754
20.02	20.00	0.030938	36.848
20.02	20.00	0.030954	36.953
19.99	20.00	0.030971	37.052
19.99	20.00	0.030988	37.147
19.99	20.00	0.031004	37.251
19.99	20.00	0.031021	37.352
19.99	20.00	0.031038	37.446
19.99	20.00	0.031054	37.550
19.99	20.00	0.031071	37.645
19.99	20.00	0.031088	37.744
19.99	20.00	0.031104	37.849
19.99	20.00	0.031121	37.943
19.99	20.00	0.031138	38.043
19.99	20.00	0.031154	38.148
19.99	20.00	0.031171	38.242
19.99	20.00	0.031188	38.342
19.99	20.00	0.031204	38.446
19.99	20.00	0.031221	38.541
19.99	20.00	0.031238	38.640
19.99	20.00	0.031254	38.745
19.99	20.00	0.031271	38.840
19.99	20.00	0.031287	38.939
19.99	20.00	0.031304	39.044
19.99	20.00	0.031321	39.138
19.99	20.00	0.031337	39.238
19.99	20.00	0.031354	39.342
20.02	20.00	0.031371	39.437
20.02	20.00	0.031387	39.536
20.02	20.00	0.031404	39.641
20.02	20.00	0.031421	39.736
20.02	20.00	0.031437	39.836
20.02	20.00	0.031454	39.940
20.02	20.00	0.031471	40.034
20.02	20.00	0.031487	40.136
20.02	20.00	0.031504	40.238
19.99	20.00	0.031521	40.333
19.99	20.00	0.031537	40.436
19.99	20.00	0.031554	40.537
19.99	20.00	0.031571	40.632
19.99	20.00	0.031587	40.736
19.99	20.00	0.031604	40.836
19.99	20.00	0.031621	40.930
19.99	20.00	0.031637	41.035
19.99	20.00	0.031654	41.134
19.99	20.00	0.031671	41.229
19.99	20.00	0.031687	41.334
19.99	20.00	0.031704	41.433
19.99	20.00	0.031721	41.528
19.99	20.00	0.031737	41.632
19.99	20.00	0.031754	41.727
19.99	20.00	0.031771	41.826
19.99	20.00	0.031787	41.931
19.99	20.00	0.031804	42.025
19.99	20.00	0.031821	42.126
19.99	20.00	0.031837	42.230
19.99	20.00	0.031854	42.326
19.99	20.00	0.031871	42.426
20.02	20.00	0.031887	42.528
20.02	20.00	0.031904	42.626
20.02	20.00	0.031921	42.725
20.02	20.00	0.031937	42.826
20.02	20.00	0.031954	42.926
20.02	20.00	0.031971	43.026
20.02	20.00	0.031987	43.126
20.02	20.00	0.032004	43.226
20.02	20.00	0.032021	43.325
20.02	20.00	0.032037	43.426
20.02	20.00	0.032054	43.525
19.99	20.00	0.032071	43.626
19.99	20.00	0.032087	43.726
19.99	20.00	0.032104	43.826
19.99	20.00	0.032120	43.926
19.99	20.00	0.032137	44.025
19.99	20.00	0.032154	44.126
19.99	20.00	0.032170	44.225
19.99	20.00	0.032187	44.325
19.99	20.00	0.032204	44.426
19.99	20.00	0.032220	44.526
19.99	20.00	0.032237	44.626
19.99	20.00	0.032254	44.725
19.99	20.00	0.032270	44.826
19.99	20.00	0.032287	44.925
19.99	20.00	0.032304	45.026
19.99	20.00	0.032320	45.125
19.99	20.00	0.032337	45.226
19.99	20.00	0.032354	45.326
19.99	20.00	0.032370	45.426
19.99	20.00	0.032387	45.525
19.99	20.00	0.032404	45.626
19.99	20.00	0.032420	45.725
19.99	20.00	0.032437	45.826
19.99	20.00	0.032454	45.925
19.99	20.00	0.032470	46.026
19.99	20.00	0.032487	46.126
19.99	20.00	0.032504	46.226
19.99	20.00	0.032520	46.326
19.99	20.00	0.032537	46.425
19.99	20.00	0.032554	46.525
19.99	20.00	0.032570	46.625
20.02	20.00	0.032587	46.726
20.02	20.00	0.032604	46.826
20.02	20.00	0.032620	46.926
20.02	20.00	0.032637	47.026
20.02	20.00	0.032654	47.125
20.02	20.00	0.032670	47.226
20.02	20.00	0.032687	47.325
20.02	20.00	0.032704	47.426
20.02	20.00	0.032720	47.525
20.02	20.00	0.032737	47.626
20.02	20.00	0.032754	47.726
20.02	20.00	0.032770	47.855
20.02	20.00	0.032787	47.950
20.02	20.00	0.032804	48.054
19.99	20.00	0.032820	48.149
19.99	20.00	0.032837	48.248
19.99	20.00	0.032854	48.353
19.99	20.00	0.032870	48.447
19.99	20.00	0.032887	48.547
19.99	20.00	0.032904	48.651
19.99	20.00	0.032920	48.746
19.99	20.00	0.032937	48.845
19.99	20.00	0.032953	48.950
19.99	20.00	0.032970	49.044
19.99	20.00	0.032987	49.144
19.99	20.00	0.033003	49.248
19.99	20.00	0.033020	49.343
19.99	20.00	0.033037	49.443
19.99	20.00	0.033053	49.547
19.99	20.00	0.033070	49.642
19.99	20.00	0.033087	49.741
19.99	20.00	0.033103	49.846
19.99	20.00	0.033120	49.940
19.99	20.00	0.033137	50.040
19.99	20.00	0.033153	50.144
19.99	20.00	0.033170	50.239
19.99	20.00	0.033187	50.339
19.99	20.00	0.033203	50.443
20.02	20.00	0.033220	50.539
20.02	20.00	0.033237	50.639
20.02	20.00	0.033253	50.742
20.02	20.00	0.033270	50.836
20.02	20.00	0.033287	50.940
20.02	20.00	0.033303	51.040
20.02	20.00	0.033320	51.135
20.02	20.00	0.033337	51.240
20.02	20.00	0.033353	51.339
20.02	20.00	0.033370	51.434
20.02	20.00	0.033387	51.539
19.99	20.00	0.033403	51.638
19.99	20.00	0.033420	51.732
19.99	20.00	0.033437	51.837
19.99	20.00	0.033453	51.937
19.99	20.00	0.033470	52.031
19.99	20.00	0.033487	52.136
19.99	20.00	0.033503	52.235
19.99	20.00	0.033520	52.330
19.99	20.00	0.033537	52.435
19.99	20.00	0.033553	52.529
19.99	20.00	0.033570	52.629
19.99	20.00	0.033587	52.734
19.99	20.00	0.033603	52.828
19.99	20.00	0.033620	52.928
19.99	20.00	0.033637	53.032
19.99	20.00	0.033653	53.128
19.99	20.00	0.033670	53.227
19.99	20.00	0.033687	53.331
19.99	20.00	0.033703	53.428
19.99	20.00	0.033720	53.528
19.99	20.00	0.033737	53.630
19.99	20.00	0.033753	53.727
20.02	20.00	0.033770	53.828
20.02	20.00	0.033786	53.928
20.02	20.00	0.033803	54.028
20.02	20.00	0.033820	54.128
20.02	20.00	0.033836	54.228
20.02	20.00	0.033853	54.328
20.02	20.00	0.033870	54.427
20.02	20.00	0.033886	54.528
20.02	20.00	0.033903	54.627
20.02	20.00	0.033920	54.728
20.02	20.00	0.033936	54.827
19.99	20.00	0.033953	54.928
19.99	20.00	0.033970	55.028
19.99	20.00	0.033986	55.128
19.99	20.00	0.034003	55.228
19.99	20.00	0.034020	55.327
19.99	20.00	0.034036	55.428
19.99	20.00	0.034053	55.527
19.99	20.00	0.034070	55.628
19.99	20.00	0.034086	55.727
19.99	20.00	0.034103	55.828
19.99	20.00	0.034120	55.928
19.99	20.00	0.034136	56.027
19.99	20.00	0.034153	56.128
19.99	20.00	0.034170	56.227
19.99	20.00	0.034186	56.328
19.99	20.00	0.034203	56.427
19.99	20.00	0.034220	56.528
19.99	20.00	0.034236	56.628
19.99	20.00	0.034253	56.728
19.99	20.00	0.034270	56.828
19.99	20.00	0.034286	56.927
19.99	20.00	0.034303	57.028
19.99	20.00	0.034320	57.127
19.99	20.00	0.034336	57.229
19.99	20.00	0.034353	57.328
19.99	20.00	0.034370	57.429
19.99	20.00	0.034386	57.529
20.02	20.00	0.034403	57.629
20.02	20.00	0.034420	57.729
20.02	20.00	0.034436	57.828
20.02	20.00	0.034453	57.929
20.02	20.00	0.034470	58.028
20.02	20.00	0.034486	58.129
20.02	20.00	0.034503	58.228
20.02	20.00	0.034520	58.329
20.02	20.00	0.034536	58.429
20.02	20.00	0.034553	58.558
20.02	20.00	0.034570	58.658
19.99	20.00	0.034586	58.752
19.99	20.00	0.034603	58.856
19.99	20.00	0.034619	58.951
19.99	20.00	0.034636	59.050
19.99	20.00	0.034653	59.155
19.99	20.00	0.034669	59.250
19.99	20.00	0.034686	59.350
19.99	20.00	0.034703	59.454
19.99	20.00	0.034719	59.549
19.99	20.00	0.034736	59.648
19.99	20.00	0.034753	59.753
19.99	20.00	0.034769	59.847
19.99	20.00	0.034786	59.947
19.99	20.00	0.034803	00.052
19.99	20.00	0.034819	00.146
19.99	20.00	0.034836	00.245
19.99	20.00	0.034853	00.349
19.99	20.00	0.034869	00.444
19.99	20.00	0.034886	00.543
19.99	20.00	0.034903	00.648
19.99	20.00	0.034919	00.743
19.99	20.00	0.034936	00.842
19.99	20.00	0.034953	00.947
19.99	20.00	0.034969	01.041
19.99	20.00	0.034986	01.143
19.99	20.00	0.035003	01.245
19.99	20.00	0.035019	01.340
19.99	20.00	0.035036	01.442
19.99	20.00	0.035053	01.545
20.02	20.00	0.035069	01.639
20.02	20.00	0.035086	01.743
20.02	20.00	0.035103	01.843
20.02	20.00	0.035119	01.938
20.02	20.00	0.035136	02.042
20.02	20.00	0.035153	02.142
20.02	20.00	0.035169	02.237
20.02	20.00	0.035186	02.341
20.02	20.00	0.035203	02.441
20.02	20.00	0.035219	02.535
20.02	20.00	0.035236	02.640
20.02	20.00	0.035253	02.740
19.99	20.00	0.035269	02.833
19.99	20.00	0.035286	02.939
19.99	20.00	0.035303	03.033
19.99	20.00	0.035319	03.133
19.99	20.00	0.035336	03.237
19.99	20.00	0.035353	03.332
19.99	20.00	0.035369	03.431
19.99	20.00	0.035386	03.536
19.99	20.00	0.035403	03.631
19.99	20.00	0.035419	03.730
19.99	20.00	0.035436	03.835
19.99	20.00	0.035452	03.929
19.99	20.00	0.035469	04.030
19.99	20.00	0.035486	04.133
19.99	20.00	0.035502	04.230
20.02	20.00	0.035519	04.330
20.02	20.00	0.035536	04.432
20.02	20.00	0.035552	04.530
20.02	20.00	0.035569	04.629
20.02	20.00	0.035586	04.731
20.02	20.00	0.035602	04.829
20.02	20.00	0.035619	04.930
20.02	20.00	0.035636	05.029
20.02	20.00	0.035652	05.130
20.02	20.00	0.035669	05.229
20.02	20.00	0.035686	05.330
20.02	20.00	0.035702	05.429
19.99	20.00	0.035719	05.530
19.99	20.00	0.035736	05.630
19.99	20.00	0.035752	05.730
19.99	20.00	0.035769	05.830
19.99	20.00	0.035786	05.929
19.99	20.00	0.035802	06.030
19.99	20.00	0.035819	06.130
19.99	20.00	0.035836	06.231
19.99	20.00	0.035852	06.330
19.99	20.00	0.035869	06.431
19.99	20.00	0.035886	06.531
19.99	20.00	0.035902	06.631
19.99	20.00	0.035919	06.731
19.99	20.00	0.035936	06.830
19.99	20.00	0.035952	06.931
19.99	20.00	0.035969	07.030
19.99	20.00	0.035986	07.131
19.99	20.00	0.036002	07.231
19.99	20.00	0.036019	07.331
19.99	20.00	0.036036	07.431
19.99	20.00	0.036052	07.530
19.99	20.00	0.036069	07.631
19.99	20.00	0.036086	07.730
19.99	20.00	0.036102	07.831
19.99	20.00	0.036119	07.930
19.99	20.00	0.036136	08.031
19.99	20.00	0.036152	08.131
19.99	20.00	0.036169	08.231
19.99	20.00	0.036186	08.331
19.99	20.00	0.036202	08.430
19.99	20.00	0.036219	08.531
20.02	20.00	0.036236	08.630
20.02	20.00	0.036252	08.731
20.02	20.00	0.036269	08.831
20.02	20.00	0.036285	08.931
20.02	20.00	0.036302	09.030
20.02	20.00	0.036319	09.131
20.02	20.00	0.036335	09.230
20.02	20.00	0.036352	09.331
20.02	20.00	0.036369	09.430
20.02	20.00	0.036385	09.554
19.99	20.00	0.036402	09.658
19.99	20.00	0.036419	09.753
19.99	20.00	0.036435	09.853
19.99	20.00	0.036452	09.957
19.99	20.00	0.036469	10.052
19.99	20.00	0.036485	10.151
19.99	20.00	0.036502	10.256
19.99	20.00	0.036519	10.350
19.99	20.00	0.036535	10.450
19.99	20.00	0.036552	10.554
19.99	20.00	0.036569	10.649
19.99	20.00	0.036585	10.749
19.99	20.00	0.036602	10.853
19.99	20.00	0.036619	10.948
19.99	20.00	0.036635	11.047
19.99	20.00	0.036652	11.152
19.99	20.00	0.036669	11.246
19.99	20.00	0.036685	11.346
19.99	20.00	0.036702	11.451
19.99	20.00	0.036719	11.545
19.99	20.00	0.036735	11.646
19.99	20.00	0.036752	11.749
19.99	20.00	0.036769	11.844
20.02	20.00	0.036785	11.946
20.02	20.00	0.036802	12.048
20.02	20.00	0.036819	12.143
20.02	20.00	0.036835	12.246
20.02	20.00	0.036852	12.347
20.02	20.00	0.036869	12.442
20.02	20.00	0.036885	12.546
20.02	20.00	0.036902	12.646
20.02	20.00	0.036919	12.740
19.99	20.00	0.036935	12.845
19.99	20.00	0.036952	12.945
19.99	20.00	0.036969	13.039
19.99	20.00	0.036985	13.144
19.99	20.00	0.037002	13.243
19.99	20.00	0.037019	13.338
19.99	20.00	0.037035	13.442
19.99	20.00	0.037052	13.537
19.99	20.00	0.037069	13.637
19.99	20.00	0.037085	13.740
19.99	20.00	0.037102	13.835
19.99	20.00	0.037118	13.935
19.99	20.00	0.037135	14.039
19.99	20.00	0.037152	14.133
19.99	20.00	0.037168	14.233
20.02	20.00	0.037185	14.339
20.02	20.00	0.037202	14.433
20.02	20.00	0.037218	14.533
20.02	20.00	0.037235	14.637
20.02	20.00	0.037252	14.732
20.02	20.00	0.037268	14.831
20.02	20.00	0.037285	14.936
20.02	20.00	0.037302	15.031
20.02	20.00	0.037318	15.131
20.02	20.00	0.037335	15.235
20.02	20.00	0.037352	15.330
19.99	20.00	0.037368	15.431
19.99	20.00	0.037385	15.532
19.99	20.00	0.037402	15.632
19.99	20.00	0.037418	15.731
19.99	20.00	0.037435	15.832
19.99	20.00	0.037452	15.932
19.99	20.00	0.037468	16.032
19.99	20.00	0.037485	16.132
19.99	20.00	0.037502	16.231
19.99	20.00	0.037518	16.332
19.99	20.00	0.037535	16.431
19.99	20.00	0.037552	16.532
19.99	20.00	0.037568	16.631
19.99	20.00	0.037585	16.732
19.99	20.00	0.037602	16.832
19.99	20.00	0.037618	16.934
19.99	20.00	0.037635	17.034
19.99	20.00	0.037652	17.133
19.99	20.00	0.037668	17.234
19.99	20.00	0.037685	17.333
19.99	20.00	0.037702	17.434
19.99	20.00	0.037718	17.534
19.99	20.00	0.037735	17.634
19.99	20.00	0.037752	17.734
20.02	20.00	0.037768	17.833
20.02	20.00	0.037785	17.934
20.02	20.00	0.037802	18.033
20.02	20.00	0.037818	18.134
20.02	20.00	0.037835	18.233
20.02	20.00	0.037852	18.334
20.02	20.00	0.037868	18.434
20.02	20.00	0.037885	18.534
20.02	20.00	0.037902	18.634
20.02	20.00	0.037918	18.733
20.02	20.00	0.037935	18.834
19.99	20.00	0.037951	18.933
19.99	20.00	0.037968	19.034
19.99	20.00	0.037985	19.134
19.99	20.00	0.038001	19.234
19.99	20.00	0.038018	19.334
19.99	20.00	0.038035	19.433
19.99	20.00	0.038051	19.534
19.99	20.00	0.038068	19.633
19.99	20.00	0.038085	19.735
19.99	20.00	0.038101	19.834
19.99	20.00	0.038118	19.959
19.99	20.00	0.038135	20.057
19.99	20.00	0.038151	20.163
19.99	20.00	0.038168	20.257
19.99	20.00	0.038185	20.357
19.99	20.00	0.038201	20.461
19.99	20.00	0.038218	20.555
19.99	20.00	0.038235	20.655
19.99	20.00	0.038251	20.760
19.99	20.00	0.038268	20.854
19.99	20.00	0.038285	20.954
19.99	20.00	0.038301	21.058
19.99	20.00	0.038318	21.153
20.02	20.00	0.038335	21.253
20.02	20.00	0.038351	21.358
20.02	20.00	0.038368	21.452
20.02	20.00	0.038385	21.552
20.02	20.00	0.038401	21.656
20.02	20.00	0.038418	21.750
20.02	20.00	0.038435	21.851
20.02	20.00	0.038451	21.955
20.02	20.00	0.038468	22.049
20.02	20.00	0.038485	22.149
20.02	20.00	0.038501	22.254
19.99	20.00	0.038518	22.347
19.99	20.00	0.038535	22.449
19.99	20.00	0.038551	22.552
19.99	20.00	0.038568	22.646
19.99	20.00	0.038585	22.750
19.99	20.00	0.038601	22.850
19.99	20.00	0.038618	22.945
19.99	20.00	0.038635	23.049
19.99	20.00	0.038651	23.149
19.99	20.00	0.038668	23.244
19.99	20.00	0.038685	23.349
19.99	20.00	0.038701	23.448
19.99	20.00	0.038718	23.543
19.99	20.00	0.038735	23.647
19.99	20.00	0.038751	23.747
19.99	20.00	0.038768	23.842
19.99	20.00	0.038784	23.946
19.99	20.00	0.038801	24.046
19.99	20.00	0.038818	24.140
19.99	20.00	0.038834	24.245
19.99	20.00	0.038851	24.339
19.99	20.00	0.038868	24.439
19.99	20.00	0.038884	24.543
19.99	20.00	0.038901	24.637
19.99	20.00	0.038918	24.737
19.99	20.00	0.038934	24.842
20.02	20.00	0.038951	24.937
20.02	20.00	0.038968	25.036
20.02	20.00	0.038984	25.141
20.02	20.00	0.039001	25.235
20.02	20.00	0.039018	25.336
20.02	20.00	0.039034	25.440
20.02	20.00	0.039051	25.536
20.02	20.00	0.039068	25.636
20.02	20.00	0.039084	25.738
20.02	20.00	0.039101	25.836
20.02	20.00	0.039118	25.935
20.02	20.00	0.039134	26.037
19.99	20.00	0.039151	26.135
19.99	20.00	0.039168	26.236
19.99	20.00	0.039184	26.336
19.99	20.00	0.039201	26.436
19.99	20.00	0.039218	26.536
19.99	20.00	0.039234	26.635
19.99	20.00	0.039251	26.736
19.99	20.00	0.039268	26.835
19.99	20.00	0.039284	26.936
19.99	20.00	0.039301	27.036
19.99	20.00	0.039318	27.136
19.99	20.00	0.039334	27.236
19.99	20.00	0.039351	27.335
19.99	20.00	0.039368	27.436
19.99	20.00	0.039384	27.535
19.99	20.00	0.039401	27.636
19.99	20.00	0.039418	27.735
19.99	20.00	0.039434	27.836
19.99	20.00	0.039451	27.936
19.99	20.00	0.039468	28.036
19.99	20.00	0.039484	28.137
19.99	20.00	0.039501	28.236
19.99	20.00	0.039518	28.337
19.99	20.00	0.039534	28.436
19.99	20.00	0.039551	28.537
19.99	20.00	0.039568	28.636
20.02	20.00	0.039584	28.737
20.02	20.00	0.039601	28.837
20.02	20.00	0.039617	28.936
20.02	20.00	0.039634	29.037
20.02	20.00	0.039651	29.136
20.02	20.00	0.039667	29.237
20.02	20.00	0.039684	29.336
20.02	20.00	0.039701	29.437
20.02	20.00	0.039717	29.537
20.02	20.00	0.039734	29.637
20.02	20.00	0.039751	29.737
20.02	20.00	0.039767	29.836
20.02	20.00	0.039784	29.937
19.99	20.00	0.039801	30.036
19.99	20.00	0.039817	30.138
19.99	20.00	0.039834	30.237
19.99	20.00	0.039851	30.338
19.99	20.00	0.039867	30.438
19.99	20.00	0.039884	30.562
19.99	20.00	0.039901	30.667
19.99	20.00	0.039917	30.761
19.99	20.00	0.039934	30.861
19.99	20.00	0.039951	30.965
19.99	20.00	0.039967	31.060
19.99	20.00	0.039984	31.159
19.99	20.00	0.040001	31.264
19.99	20.00	0.040017	31.359
19.99	20.00	0.040034	31.458
19.99	20.00	0.040051	31.563
19.99	20.00	0.040067	31.657
19.99	20.00	0.040084	31.757
19.99	20.00	0.040101	31.861
19.99	20.00	0.040117	31.955
19.99	20.00	0.040134	32.055
19.99	20.00	0.040151	32.159
19.99	20.00	0.040167	32.254
19.99	20.00	0.040184	32.354
19.99	20.00	0.040201	32.459
19.99	20.00	0.040217	32.552
19.99	20.00	0.040234	32.653
19.99	20.00	0.040251	32.757
19.99	20.00	0.040267	32.852
20.02	20.00	0.040284	32.953
20.02	20.00	0.040301	33.056
20.02	20.00	0.040317	33.151
20.02	20.00	0.040334	33.253
20.02	20.00	0.040351	33.355
20.02	20.00	0.040367	33.449
20.02	20.00	0.040384	33.553
20.02	20.00	0.040401	33.653
20.02	20.00	0.040417	33.748
20.02	20.00	0.040434	33.853
19.99	20.00	0.040450	33.952
19.99	20.00	0.040467	34.046
19.99	20.00	0.040484	34.150
19.99	20.00	0.040500	34.250
19.99	20.00	0.040517	34.344
19.99	20.00	0.040534	34.449
19.99	20.00	0.040550	34.550
19.99	20.00	0.040567	34.643
19.99	20.00	0.040584	34.748
19.99	20.00	0.040600	34.842
19.99	20.00	0.040617	34.942
19.99	20.00	0.040634	35.046
19.99	20.00	0.040650	35.141
19.99	20.00	0.040667	35.241
19.99	20.00	0.040684	35.345
19.99	20.00	0.040700	35.440
19.99	20.00	0.040717	35.539
19.99	20.00	0.040734	35.644
19.99	20.00	0.040750	35.738
19.99	20.00	0.040767	35.839
19.99	20.00	0.040784	35.942
19.99	20.00	0.040800	36.039
20.02	20.00	0.040817	36.140
20.02	20.00	0.040834	36.241
20.02	20.00	0.040850	36.340
20.02	20.00	0.040867	36.439
20.02	20.00	0.040884	36.540
20.02	20.00	0.040900	36.639
20.02	20.00	0.040917	36.740
20.02	20.00	0.040934	36.839
20.02	20.00	0.040950	36.941
20.02	20.00	0.040967	37.041
20.02	20.00	0.040984	37.141
20.02	20.00	0.041000	37.241
19.99	20.00	0.041017	37.340
19.99	20.00	0.041034	37.442
19.99	20.00	0.041050	37.541
19.99	20.00	0.041067	37.642
19.99	20.00	0.041084	37.742
19.99	20.00	0.041100	37.842
19.99	20.00	0.041117	37.942
19.99	20.00	0.041134	38.042
19.99	20.00	0.041150	38.143
19.99	20.00	0.041167	38.242
19.99	20.00	0.041184	38.343
19.99	20.00	0.041200	38.444
19.99	20.00	0.041217	38.544
19.99	20.00	0.041234	38.644
19.99	20.00	0.041250	38.743
19.99	20.00	0.041267	38.844
19.99	20.00	0.041283	38.943
19.99	20.00	0.041300	39.043
19.99	20.00	0.041317	39.144
19.99	20.00	0.041333	39.244
19.99	20.00	0.041350	39.344
19.99	20.00	0.041367	39.444
19.99	20.00	0.041383	39.543
20.02	20.00	0.041400	39.644
20.02	20.00	0.041417	39.743
20.02	20.00	0.041433	39.844
20.02	20.00	0.041450	39.945
20.02	20.00	0.041467	40.045
20.02	20.00	0.041483	40.169
20.02	20.00	0.041500	40.274
20.02	20.00	0.041517	40.374
20.02	20.00	0.041533	40.468
20.02	20.00	0.041550	40.573
20.02	20.00	0.041567	40.672
20.02	20.00	0.041583	40.767
20.02	20.00	0.041600	40.871
19.99	20.00	0.041617	40.971
19.99	20.00	0.041633	41.066
19.99	20.00	0.041650	41.170
19.99	20.00	0.041667	41.265
19.99	20.00	0.041683	41.364
19.99	20.00	0.041700	41.468
19.99	20.00	0.041717	41.563
19.99	20.00	0.041733	41.663
19.99	20.00	0.041750	41.767
19.99	20.00	0.041767	41.862
19.99	20.00	0.041783	41.961
19.99	20.00	0.041800	42.066
19.99	20.00	0.041817	42.160
19.99	20.00	0.041833	42.260
19.99	20.00	0.041850	42.364
19.99	20.00	0.041867	42.459
19.99	20.00	0.041883	42.559
19.99	20.00	0.041900	42.663
19.99	20.00	0.041917	42.758
19.99	20.00	0.041933	42.857
19.99	20.00	0.041950	42.962
19.99	20.00	0.041967	43.056
20.02	20.00	0.041983	43.156
20.02	20.00	0.042000	43.261
20.02	20.00	0.042017	43.355
20.02	20.00	0.042033	43.456
20.02	20.00	0.042050	43.559
20.02	20.00	0.042067	43.654
20.02	20.00	0.042083	43.756
20.02	20.00	0.042100	43.858
20.02	20.00	0.042116	43.953
20.02	20.00	0.042133	44.056
19.99	20.00	0.042150	44.157
19.99	20.00	0.042166	44.251
19.99	20.00	0.042183	44.356
19.99	20.00	0.042200	44.455
19.99	20.00	0.042216	44.550
19.99	20.00	0.042233	44.654
19.99	20.00	0.042250	44.754
19.99	20.00	0.042266	44.849
19.99	20.00	0.042283	44.953
19.99	20.00	0.042300	45.053
19.99	20.00	0.042316	45.147
19.99	20.00	0.042333	45.252
19.99	20.00	0.042350	45.346
19.99	20.00	0.042366	45.446
19.99	20.00	0.042383	45.551
19.99	20.00	0.042400	45.645
19.99	20.00	0.042416	45.745
19.99	20.00	0.042433	45.849
19.99	20.00	0.042450	45.946
19.99	20.00	0.042466	46.045
19.99	20.00	0.042483	46.148
19.99	20.00	0.042500	46.245
19.99	20.00	0.042516	46.346
19.99	20.00	0.042533	46.447
19.99	20.00	0.042550	46.546
19.99	20.00	0.042566	46.646
19.99	20.00	0.042583	46.745
19.99	20.00	0.042600	46.846
19.99	20.00	0.042616	46.945
19.99	20.00	0.042633	47.045
19.99	20.00	0.042650	47.146
19.99	20.00	0.042666	47.246
19.99	20.00	0.042683	47.345
20.02	20.00	0.042700	47.445
20.02	20.00	0.042716	47.545
20.02	20.00	0.042733	47.646
20.02	20.00	0.042750	47.745
20.02	20.00	0.042766	47.846
20.02	20.00	0.042783	47.946
20.02	20.00	0.042800	48.046
20.02	20.00	0.042816	48.146
20.02	20.00	0.042833	48.245
20.02	20.00	0.042850	48.346
20.02	20.00	0.042866	48.445
20.02	20.00	0.042883	48.546
19.99	20.00	0.042900	48.646
19.99	20.00	0.042916	48.746
19.99	20.00	0.042933	48.846
19.99	20.00	0.042949	48.946
19.99	20.00	0.042966	49.045
19.99	20.00	0.042983	49.146
19.99	20.00	0.042999	49.246
19.99	20.00	0.043016	49.345
19.99	20.00	0.043033	49.444
19.99	20.00	0.043049	49.545
19.99	20.00	0.043066	49.644
19.99	20.00	0.043083	49.745
19.99	20.00	0.043099	49.844
19.99	20.00	0.043116	49.945
19.99	20.00	0.043133	50.045
19.99	20.00	0.043149	50.145
19.99	20.00	0.043166	50.245
19.99	20.00	0.043183	50.344
20.02	20.00	0.043199	50.445
20.02	20.00	0.043216	50.544
20.02	20.00	0.043233	50.645
20.02	20.00	0.043249	50.744
20.02	20.00	0.043266	50.845
20.02	20.00	0.043283	50.946
20.02	20.00	0.043299	51.046
20.02	20.00	0.043316	51.145
20.02	20.00	0.043333	51.246
20.02	20.00	0.043349	51.375
20.02	20.00	0.043366	51.475
19.99	20.00	0.043383	51.569
19.99	20.00	0.043399	51.674
19.99	20.00	0.043416	51.769
19.99	20.00	0.043433	51.868
19.99	20.00	0.043449	51.973
19.99	20.00	0.043466	52.067
19.99	20.00	0.043483	52.167
19.99	20.00	0.043499	52.271
19.99	20.00	0.043516	52.366
19.99	20.00	0.043533	52.465
19.99	20.00	0.043549	52.570
19.99	20.00	0.043566	52.665
19.99	20.00	0.043583	52.764
19.99	20.00	0.043599	52.869
19.99	20.00	0.043616	52.963
19.99	20.00	0.043633	53.063
19.99	20.00	0.043649	53.167
19.99	20.00	0.043666	53.262
19.99	20.00	0.043683	53.362
19.99	20.00	0.043699	53.466
19.99	20.00	0.043716	53.561
19.99	20.00	0.043733	53.660
19.99	20.00	0.043749	53.765
19.99	20.00	0.043766	53.859
19.99	20.00	0.043782	53.959
19.99	20.00	0.043799	54.063
19.99	20.00	0.043816	54.158
19.99	20.00	0.043832	54.260
19.99	20.00	0.043849	54.362
19.99	20.00	0.043866	54.457
19.99	20.00	0.043882	54.559
20.02	20.00	0.043899	54.661
20.02	20.00	0.043916	54.755
20.02	20.00	0.043932	54.860
20.02	20.00	0.043949	54.960
20.02	20.00	0.043966	55.054
20.02	20.00	0.043982	55.159
20.02	20.00	0.043999	55.258
20.02	20.00	0.044016	55.353
20.02	20.00	0.044032	55.457
20.02	20.00	0.044049	55.557
20.02	20.00	0.044066	55.651
20.02	20.00	0.044082	55.756
20.02	20.00	0.044099	55.851
19.99	20.00	0.044116	55.949
19.99	20.00	0.044132	56.055
19.99	20.00	0.044149	56.148
19.99	20.00	0.044166	56.248
19.99	20.00	0.044182	56.353
19.99	20.00	0.044199	56.447
19.99	20.00	0.044216	56.547
19.99	20.00	0.044232	56.652
19.99	20.00	0.044249	56.746
19.99	20.00	0.044266	56.847
19.99	20.00	0.044282	56.950
19.99	20.00	0.044299	57.047
19.99	20.00	0.044316	57.146
19.99	20.00	0.044332	57.249
19.99	20.00	0.044349	57.347
19.99	20.00	0.044366	57.447
19.99	20.00	0.044382	57.548
19.99	20.00	0.044399	57.646
20.02	20.00	0.044416	57.747
20.02	20.00	0.044432	57.846
20.02	20.00	0.044449	57.947
20.02	20.00	0.044466	58.046
20.02	20.00	0.044482	58.147
20.02	20.00	0.044499	58.247
20.02	20.00	0.044516	58.347
20.02	20.00	0.044532	58.447
20.02	20.00	0.044549	58.546
20.02	20.00	0.044566	58.647
20.02	20.00	0.044582	58.746
20.02	20.00	0.044599	58.847
19.99	20.00	0.044615	58.946
19.99	20.00	0.044632	59.047
19.99	20.00	0.044649	59.147
19.99	20.00	0.044665	59.247
19.99	20.00	0.044682	59.347
19.99	20.00	0.044699	59.446
19.99	20.00	0.044715	59.547
19.99	20.00	0.044732	59.646
19.99	20.00	0.044749	59.747
19.99	20.00	0.044765	59.847
19.99	20.00	0.044782	59.947
19.99	20.00	0.044799	00.047
19.99	20.00	0.044815	00.146
19.99	20.00	0.044832	00.246
19.99	20.00	0.044849	00.347
19.99	20.00	0.044865	00.446
19.99	20.00	0.044882	00.547
19.99	20.00	0.044899	00.647
19.99	20.00	0.044915	00.747
19.99	20.00	0.044932	00.847
19.99	20.00	0.044949	00.946
19.99	20.00	0.044965	01.047
19.99	20.00	0.044982	01.146
19.99	20.00	0.044999	01.247
19.99	20.00	0.045015	01.347
19.99	20.00	0.045032	01.447
19.99	20.00	0.045049	01.547
20.02	20.00	0.045065	01.646
20.02	20.00	0.045082	01.747
20.02	20.00	0.045099	01.846
20.02	20.00	0.045115	01.947
20.02	20.00	0.045132	02.046
20.02	20.00	0.045149	02.147
20.02	20.00	0.045165	02.247
20.02	20.00	0.045182	02.347
20.02	20.00	0.045199	02.447
20.02	20.00	0.045215	02.546
20.02	20.00	0.045232	02.671
20.02	20.00	0.045249	02.775
20.02	20.00	0.045265	02.870
19.99	20.00	0.045282	02.968
19.99	20.00	0.045299	03.073
19.99	20.00	0.045315	03.168
19.99	20.00	0.045332	03.267
19.99	20.00	0.045349	03.372
19.99	20.00	0.045365	03.466
19.99	20.00	0.045382	03.566
19.99	20.00	0.045399	03.670
19.99	20.00	0.045415	03.765
19.99	20.00	0.045432	03.864
19.99	20.00	0.045448	03.969
19.99	20.00	0.045465	04.064
19.99	20.00	0.045482	04.163
19.99	20.00	0.045498	04.268
19.99	20.00	0.045515	04.362
19.99	20.00	0.045532	04.463
19.99	20.00	0.045548	04.566
19.99	20.00	0.045565	04.661
19.99	20.00	0.045582	04.763
19.99	20.00	0.045598	04.865
19.99	20.00	0.045615	04.960
19.99	20.00	0.045632	05.063
19.99	20.00	0.045648	05.164
19.99	20.00	0.045665	05.259
19.99	20.00	0.045682	05.363
19.99	20.00	0.045698	05.463
19.99	20.00	0.045715	05.558
19.99	20.00	0.045732	05.662
19.99	20.00	0.045748	05.762
19.99	20.00	0.045765	05.856
19.99	20.00	0.045782	05.961
19.99	20.00	0.045798	06.060
19.99	20.00	0.045815	06.155
20.02	20.00	0.045832	06.259
20.02	20.00	0.045848	06.359
20.02	20.00	0.045865	06.454
20.02	20.00	0.045882	06.558
20.02	20.00	0.045898	06.653
20.02	20.00	0.045915	06.752
20.02	20.00	0.045932	06.857
20.02	20.00	0.045948	06.951
20.02	20.00	0.045965	07.051
20.02	20.00	0.045982	07.155
20.02	20.00	0.045998	07.250
20.02	20.00	0.046015	07.349
20.02	20.00	0.046032	07.454
19.99	20.00	0.046048	07.548
19.99	20.00	0.046065	07.648
19.99	20.00	0.046082	07.752
19.99	20.00	0.046098	07.847
19.99	20.00	0.046115	07.947
19.99	20.00	0.046132	08.051
19.99	20.00	0.046148	08.147
19.99	20.00	0.046165	08.246
19.99	20.00	0.046182	08.350
19.99	20.00	0.046198	08.446
19.99	20.00	0.046215	08.547
19.99	20.00	0.046232	08.648
19.99	20.00	0.046248	08.747
19.99	20.00	0.046265	08.847
19.99	20.00	0.046281	08.947
19.99	20.00	0.046298	09.046
19.99	20.00	0.046315	09.146
19.99	20.00	0.046331	09.247
19.99	20.00	0.046348	09.346
19.99	20.00	0.046365	09.447
19.99	20.00	0.046381	09.546
19.99	20.00	0.046398	09.647
19.99	20.00	0.046415	09.747
19.99	20.00	0.046431	09.847
19.99	20.00	0.046448	09.947
20.02	20.00	0.046465	10.046
20.02	20.00	0.046481	10.147
20.02	20.00	0.046498	10.246
20.02	20.00	0.046515	10.347
20.02	20.00	0.046531	10.447
20.02	20.00	0.046548	10.547
20.02	20.00	0.046565	10.647
20.02	20.00	0.046581	10.746
20.02	20.00	0.046598	10.847
20.02	20.00	0.046615	10.946
20.02	20.00	0.046631	11.047
20.02	20.00	0.046648	11.146
19.99	20.00	0.046665	11.247
19.99	20.00	0.046681	11.347
19.99	20.00	0.046698	11.447
19.99	20.00	0.046715	11.547
19.99	20.00	0.046731	11.646
19.99	20.00	0.046748	11.747
19.99	20.00	0.046765	11.846
19.99	20.00	0.046781	11.947
19.99	20.00	0.046798	12.046
19.99	20.00	0.046815	12.147
19.99	20.00	0.046831	12.247
19.99	20.00	0.046848	12.347
19.99	20.00	0.046865	12.447
19.99	20.00	0.046881	12.546
19.99	20.00	0.046898	12.647
19.99	20.00	0.046915	12.746
19.99	20.00	0.046931	12.847
19.99	20.00	0.046948	12.946
19.99	20.00	0.046965	13.047
19.99	20.00	0.046981	13.147
19.99	20.00	0.046998	13.247
19.99	20.00	0.047015	13.347
19.99	20.00	0.047031	13.446
19.99	20.00	0.047048	13.547
19.99	20.00	0.047065	13.646
19.99	20.00	0.047081	13.747
20.02	20.00	0.047098	13.847
20.02	20.00	0.047114	13.971
20.02	20.00	0.047131	14.071
20.02	20.00	0.047148	14.175
20.02	20.00	0.047164	14.270
20.02	20.00	0.047181	14.369
20.02	20.00	0.047198	14.474
20.02	20.00	0.047214	14.568
20.02	20.00	0.047231	14.668
20.02	20.00	0.047248	14.772
19.99	20.00	0.047264	14.867
19.99	20.00	0.047281	14.967
19.99	20.00	0.047298	15.070
19.99	20.00	0.047314	15.165
19.99	20.00	0.047331	15.266
19.99	20.00	0.047348	15.369
19.99	20.00	0.047364	15.463
19.99	20.00	0.047381	15.567
19.99	20.00	0.047398	15.667
19.99	20.00	0.047414	15.762
19.99	20.00	0.047431	15.867
19.99	20.00	0.047448	15.966
19.99	20.00	0.047464	16.061
19.99	20.00	0.047481	16.165
20.02	20.00	0.047498	16.265
20.02	20.00	0.047514	16.359
20.02	20.00	0.047531	16.464
20.02	20.00	0.047548	16.564
20.02	20.00	0.047564	16.658
20.02	20.00	0.047581	16.764
20.02	20.00	0.047598	16.862
20.02	20.00	0.047614	16.957
20.02	20.00	0.047631	17.062
20.02	20.00	0.047648	17.156
19.99	20.00	0.047664	17.256
19.99	20.00	0.047681	17.360
19.99	20.00	0.047698	17.455
19.99	20.00	0.047714	17.554
19.99	20.00	0.047731	17.659
19.99	20.00	0.047748	17.753
19.99	20.00	0.047764	17.853
19.99	20.00	0.047781	17.957
19.99	20.00	0.047798	18.052
19.99	20.00	0.047814	18.152
19.99	20.00	0.047831	18.256
19.99	20.00	0.047848	18.351
19.99	20.00	0.047864	18.450
19.99	20.00	0.047881	18.555
19.99	20.00	0.047898	18.649
19.99	20.00	0.047914	18.749
19.99	20.00	0.047931	18.853
19.99	20.00	0.047947	18.948
19.99	20.00	0.047964	19.048
19.99	20.00	0.047981	19.152
19.99	20.00	0.047997	19.247
19.99	20.00	0.048014	19.347
19.99	20.00	0.048031	19.451
20.02	20.00	0.048047	19.546
20.02	20.00	0.048064	19.648
20.02	20.00	0.048081	19.750
20.02	20.00	0.048097	19.847
20.02	20.00	0.048114	19.948
20.02	20.00	0.048131	20.048
20.02	20.00	0.048147	20.147
20.02	20.00	0.048164	20.247
20.02	20.00	0.048181	20.347
20.02	20.00	0.048197	20.447
20.02	20.00	0.048214	20.547
20.02	20.00	0.048231	20.647
19.99	20.00	0.048247	20.746
19.99	20.00	0.048264	20.847
19.99	20.00	0.048281	20.946
19.99	20.00	0.048297	21.047
19.99	20.00	0.048314	21.146
19.99	20.00	0.048331	21.247
19.99	20.00	0.048347	21.347
19.99	20.00	0.048364	21.447
19.99	20.00	0.048381	21.548
19.99	20.00	0.048397	21.647
19.99	20.00	0.048414	21.748
19.99	20.00	0.048431	21.847
19.99	20.00	0.048447	21.948
19.99	20.00	0.048464	22.048
19.99	20.00	0.048481	22.148
19.99	20.00	0.048497	22.248
19.99	20.00	0.048514	22.347
19.99	20.00	0.048531	22.448
19.99	20.00	0.048547	22.547
20.02	20.00	0.048564	22.648
20.02	20.00	0.048581	22.747
20.02	20.00	0.048597	22.848
20.02	20.00	0.048614	22.948
20.02	20.00	0.048631	23.048
20.02	20.00	0.048647	23.148
20.02	20.00	0.048664	23.247
20.02	20.00	0.048681	23.348
20.02	20.00	0.048697	23.447
20.02	20.00	0.048714	23.548
20.02	20.00	0.048731	23.647
20.02	20.00	0.048747	23.748
20.02	20.00	0.048764	23.848
20.02	20.00	0.048780	23.947
19.99	20.00	0.048797	24.048
19.99	20.00	0.048814	24.147
19.99	20.00	0.048830	24.248
19.99	20.00	0.048847	24.347
19.99	20.00	0.048864	24.448
19.99	20.00	0.048880	24.548
19.99	20.00	0.048897	24.648
19.99	20.00	0.048914	24.748
19.99	20.00	0.048930	24.847
19.99	20.00	0.048947	24.947
19.99	20.00	0.048964	25.046
19.99	20.00	0.048980	25.171
19.99	20.00	0.048997	25.275
19.99	20.00	0.049014	25.370
19.99	20.00	0.049030	25.470
19.99	20.00	0.049047	25.575
19.99	20.00	0.049064	25.669
19.99	20.00	0.049080	25.770
19.99	20.00	0.049097	25.873
19.99	20.00	0.049114	25.968
19.99	20.00	0.049130	26.070
19.99	20.00	0.049147	26.172
19.99	20.00	0.049164	26.267
19.99	20.00	0.049180	26.370
19.99	20.00	0.049197	26.471
19.99	20.00	0.049214	26.565
19.99	20.00	0.049230	26.670
19.99	20.00	0.049247	26.769
19.99	20.00	0.049264	26.864
19.99	20.00	0.049280	26.967
20.02	20.00	0.049297	27.068
20.02	20.00	0.049314	27.163
20.02	20.00	0.049330	27.267
20.02	20.00	0.049347	27.367
20.02	20.00	0.049364	27.461
20.02	20.00	0.049380	27.566
20.02	20.00	0.049397	27.660
20.02	20.00	0.049414	27.760
20.02	20.00	0.049430	27.865
20.02	20.00	0.049447	27.959
20.02	20.00	0.049464	28.059
20.02	20.00	0.049480	28.163
19.99	20.00	0.049497	28.257
19.99	20.00	0.049514	28.357
19.99	20.00	0.049530	28.461
19.99	20.00	0.049547	28.556
19.99	20.00	0.049564	28.655
19.99	20.00	0.049580	28.761
19.99	20.00	0.049597	28.855
19.99	20.00	0.049613	28.954
19.99	20.00	0.049630	29.059
19.99	20.00	0.049647	29.153
19.99	20.00	0.049663	29.253
19.99	20.00	0.049680	29.357
19.99	20.00	0.049697	29.452
19.99	20.00	0.049713	29.552
19.99	20.00	0.049730	29.656
19.99	20.00	0.049747	29.751
19.99	20.00	0.049763	29.851
19.99	20.00	0.049780	29.955
19.99	20.00	0.049797	30.049
19.99	20.00	0.049813	30.151
19.99	20.00	0.049830	30.254
19.99	20.00	0.049847	30.350
19.99	20.00	0.049863	30.451
19.99	20.00	0.049880	30.552
19.99	20.00	0.049897	30.650
20.02	20.00	0.049913	30.751
20.02	20.00	0.049930	30.851
20.02	20.00	0.049947	30.950
20.02	20.00	0.049963	31.050
20.02	20.00	0.049980	31.150
20.02	20.00	0.049997	31.249
20.02	20.00	0.050013	31.350
20.02	20.00	0.050030	31.449
20.02	20.00	0.050047	31.550
20.02	20.00	0.050063	31.649
20.02	20.00	0.050080	31.750
20.02	20.00	0.050097	31.850
20.02	20.00	0.050113	31.950
19.99	20.00	0.050130	32.050
19.99	20.00	0.050147	32.149
19.99	20.00	0.050163	32.250
19.99	19.99	0.050180	32.349
19.99	19.99	0.050197	32.449
19.99	19.99	0.050213	32.550
19.99	19.99	0.050230	32.650
19.99	19.99	0.050247	32.750
19.99	19.99	0.050263	32.850
19.99	19.99	0.050280	32.949
19.99	19.99	0.050297	33.050
19.99	19.99	0.050313	33.149
19.99	19.99	0.050330	33.250
19.99	19.99	0.050347	33.350
19.99	19.99	0.050363	33.450
19.99	19.99	0.050380	33.550
19.99	19.99	0.050397	33.649
19.99	19.99	0.050413	33.750
19.99	19.99	0.050430	33.849
19.99	19.99	0.050446	33.950
19.99	19.99	0.050463	34.049
19.99	19.99	0.050480	34.150
19.97	19.99	0.050496	34.250
19.97	19.99	0.050513	34.350
19.97	19.98	0.050530	34.450
19.97	19.98	0.050546	34.549
19.97	19.98	0.050563	34.650
19.97	19.98	0.050580	34.749
19.97	19.98	0.050596	34.850
19.97	19.98	0.050613	34.949
19.97	19.98	0.050630	35.050
19.97	19.98	0.050646	35.150
19.99	19.98	0.050663	35.250
19.99	19.98	0.050680	35.350
19.99	19.98	0.050696	35.449
19.99	19.98	0.050713	35.550
19.99	19.98	0.050730	35.649
19.99	19.98	0.050746	35.750
19.99	19.98	0.050763	35.850
19.99	19.98	0.050780	35.974
19.99	19.98	0.050796	36.078
19.99	19.98	0.050813	36.173
19.97	19.98	0.050830	36.273
19.97	19.98	0.050846	36.377
19.97	19.98	0.050863	36.471
19.97	19.98	0.050880	36.573
19.97	19.98	0.050896	36.676
19.97	19.97	0.050913	36.770
19.97	19.97	0.050930	36.874
19.97	19.97	0.050946	36.974
19.97	19.97	0.050963	37.069
19.97	19.97	0.050980	37.173
19.97	19.97	0.050996	37.273
19.97	19.97	0.051013	37.368
19.97	19.97	0.051030	37.472
19.97	19.97	0.051046	37.572
19.97	19.97	0.051063	37.666
19.97	19.97	0.051080	37.771
19.97	19.97	0.051096	37.870
19.97	19.97	0.051113	37.965
19.97	19.97	0.051130	38.069
19.97	19.97	0.051146	38.163
19.97	19.97	0.051163	38.264
19.97	19.97	0.051180	38.368
19.97	19.97	0.051196	38.463
19.97	19.97	0.051213	38.562
19.97	19.97	0.051230	38.667
19.97	19.97	0.051246	38.760
19.97	19.97	0.051263	38.861
19.97	19.97	0.051279	38.965
19.97	19.97	0.051296	39.060
19.97	19.97	0.051313	39.159
19.97	19.97	0.051329	39.264
19.97	19.97	0.051346	39.358
19.97	19.97	0.051363	39.458
19.97	19.97	0.051379	39.562
19.97	19.97	0.051396	39.657
19.97	19.97	0.051413	39.757
19.97	19.96	0.051429	39.861
19.97	19.96	0.051446	39.956
19.97	19.96	0.051463	40.055
19.97	19.96	0.051479	40.160
19.97	19.96	0.051496	40.254
19.97	19.96	0.051513	40.354
19.97	19.96	0.051529	40.459
19.97	19.96	0.051546	40.557
19.97	19.96	0.051563	40.657
19.97	19.96	0.051579	40.757
19.97	19.96	0.051596	40.857
19.97	19.96	0.051613	40.956
19.97	19.96	0.051629	41.057
19.97	19.96	0.051646	41.156
19.94	19.96	0.051663	41.257
19.94	19.96	0.051679	41.357
19.94	19.96	0.051696	41.457
19.94	19.96	0.051713	41.557
19.94	19.96	0.051729	41.656
19.94	19.96	0.051746	41.757
19.94	19.96	0.051763	41.856
19.94	19.96	0.051779	41.957
19.94	19.96	0.051796	42.056
19.94	19.96	0.051813	42.157
19.94	19.95	0.051829	42.257
19.94	19.95	0.051846	42.356
19.94	19.95	0.051863	42.457
19.94	19.95	0.051879	42.556
19.94	19.95	0.051896	42.657
19.97	19.95	0.051913	42.756
19.97	19.95	0.051929	42.857
19.97	19.95	0.051946	42.957
19.97	19.95	0.051963	43.057
19.97	19.95	0.051979	43.157
19.97	19.95	0.051996	43.256
19.97	19.95	0.052013	43.357
19.97	19.95	0.052029	43.456
19.97	19.95	0.052046	43.557
19.97	19.95	0.052063	43.656
19.97	19.95	0.052079	43.757
19.94	19.95	0.052096	43.857
19.94	19.95	0.052112	43.957
19.94	19.95	0.052129	44.057
19.94	19.95	0.052146	44.156
19.94	19.95	0.052162	44.257
19.94	19.95	0.052179	44.356
19.94	19.95	0.052196	44.457
19.94	19.95	0.052212	44.556
19.94	19.95	0.052229	44.657
19.94	19.95	0.052246	44.757
19.94	19.95	0.052262	44.856
19.94	19.95	0.052279	44.957
19.94	19.95	0.052296	45.056
19.94	19.95	0.052312	45.157
19.94	19.95	0.052329	45.256
19.94	19.95	0.052346	45.357
19.94	19.95	0.052362	45.457
19.94	19.95	0.052379	45.581
19.94	19.95	0.052396	45.686
19.94	19.95	0.052412	45.780
19.94	19.95	0.052429	45.880
19.94	19.95	0.052446	45.984
19.94	19.95	0.052462	46.079
19.94	19.95	0.052479	46.178
19.94	19.95	0.052496	46.283
19.94	19.95	0.052512	46.378
19.94	19.95	0.052529	46.477
19.94	19.95	0.052546	46.582
19.94	19.95	0.052562	46.676
19.94	19.95	0.052579	46.776
19.94	19.95	0.052596	46.880
19.94	19.95	0.052612	46.975
19.94	19.95	0.052629	47.076
19.94	19.95	0.052646	47.179
19.94	19.95	0.052662	47.274
19.97	19.95	0.052679	47.376
19.97	19.95	0.052696	47.478
19.97	19.95	0.052712	47.572
19.97	19.95	0.052729	47.677
19.97	19.94	0.052746	47.776
19.97	19.94	0.052762	47.871
19.97	19.94	0.052779	47.975
19.97	19.94	0.052796	48.075
19.97	19.94	0.052812	48.170
19.97	19.94	0.052829	48.274
19.97	19.94	0.052846	48.374
19.94	19.94	0.052862	48.468
19.94	19.94	0.052879	48.573
19.94	19.94	0.052896	48.672
19.94	19.94	0.052912	48.767
19.94	19.94	0.052929	48.872
19.94	19.94	0.052945	48.966
19.94	19.94	0.052962	49.066
19.94	19.94	0.052979	49.170
19.94	19.94	0.052995	49.265
19.94	19.94	0.053012	49.364
19.92	19.94	0.053029	49.469
19.92	19.94	0.053045	49.563
19.92	19.94	0.053062	49.663
19.92	19.94	0.053079	49.768
19.92	19.93	0.053095	49.862
19.92	19.93	0.053112	49.962
19.92	19.93	0.053129	50.066
19.92	19.93	0.053145	50.161
19.92	19.93	0.053162	50.260
19.92	19.93	0.053179	50.365
19.92	19.93	0.053195	50.460
19.92	19.93	0.053212	50.559
19.94	19.93	0.053229	50.664
19.94	19.93	0.053245	50.758
19.94	19.93	0.053262	50.858
19.94	19.92	0.053279	50.962
19.94	19.92	0.053295	51.057
19.94	19.92	0.053312	51.157
19.94	19.92	0.053329	51.261
19.94	19.92	0.053345	51.357
19.94	19.92	0.053362	51.457
19.94	19.92	0.053379	51.560
19.94	19.92	0.053395	51.656
19.94	19.92	0.053412	51.758
19.94	19.92	0.053429	51.858
19.92	19.92	0.053445	51.957
19.92	19.92	0.053462	52.058
19.92	19.92	0.053479	52.157
19.92	19.91	0.053495	52.257
19.92	19.91	0.053512	52.356
19.92	19.91	0.053529	52.457
19.92	19.91	0.053545	52.556
19.92	19.91	0.053562	52.658
19.92	19.91	0.053579	52.757
19.92	19.91	0.053595	52.858
19.92	19.91	0.053612	52.958
19.92	19.91	0.053629	53.058
19.92	19.91	0.053645	53.158
19.89	19.91	0.053662	53.257
19.89	19.91	0.053679	53.358
19.89	19.91	0.053695	53.457
19.89	19.91	0.053712	53.558
19.89	19.91	0.053729	53.657
19.89	19.91	0.053745	53.758
19.89	19.91	0.053762	53.858
19.89	19.91	0.053778	53.958
19.89	19.91	0.053795	54.058
19.89	19.91	0.053812	54.157
19.89	19.90	0.053828	54.258
19.89	19.90	0.053845	54.357
19.89	19.90	0.053862	54.458
19.89	19.90	0.053878	54.558
19.89	19.90	0.053895	54.658
19.89	19.90	0.053912	54.758
19.89	19.90	0.053928	54.857
19.89	19.90	0.053945	54.958
19.89	19.90	0.053962	55.057
19.89	19.90	0.053978	55.158
19.89	19.90	0.053995	55.257
19.89	19.90	0.054012	55.358
19.92	19.90	0.054028	55.458
19.92	19.90	0.054045	55.557
19.92	19.90	0.054062	55.658
19.92	19.90	0.054078	55.757
19.92	19.90	0.054095	55.858
19.92	19.90	0.054112	55.958
19.92	19.90	0.054128	56.059
19.92	19.90	0.054145	56.158
19.92	19.90	0.054162	56.259
19.92	19.90	0.054178	56.359
19.89	19.90	0.054195	56.489
19.89	19.89	0.054212	56.582
19.89	19.89	0.054228	56.682
19.89	19.89	0.054245	56.786
19.89	19.89	0.054262	56.881
19.89	19.89	0.054278	56.980
19.89	19.89	0.054295	57.085
19.89	19.89	0.054312	57.179
19.89	19.89	0.054328	57.279
19.89	19.89	0.054345	57.384
19.89	19.89	0.054362	57.478
19.89	19.89	0.054378	57.580
19.89	19.88	0.054395	57.683
19.89	19.88	0.054412	57.777
19.89	19.88	0.054428	57.879
19.89	19.88	0.054445	57.981
19.89	19.88	0.054462	58.076
19.89	19.88	0.054478	58.179
19.89	19.88	0.054495	58.280
19.89	19.88	0.054512	58.375
19.89	19.88	0.054528	58.479
19.86	19.88	0.054545	58.579
19.86	19.88	0.054562	58.673
19.86	19.87	0.054578	58.778
19.86	19.87	0.054595	58.877
19.86	19.86	0.054611	58.972
19.86	19.86	0.054628	59.076
19.86	19.86	0.054645	59.176
19.86	19.86	0.054661	59.271
19.86	19.86	0.054678	59.375
19.86	19.86	0.054695	59.470
19.86	19.86	0.054711	59.569
19.86	19.86	0.054728	59.674
19.86	19.86	0.054745	59.768
19.86	19.86	0.054761	59.868
19.86	19.85	0.054778	59.973
19.86	19.85	0.054795	00.067
19.86	19.85	0.054811	00.167
19.86	19.85	0.054828	00.271
19.86	19.85	0.054845	00.366
19.86	19.85	0.054861	00.465
19.86	19.85	0.054878	00.570
19.86	19.85	0.054895	00.665
19.86	19.85	0.054911	00.764
19.86	19.85	0.054928	00.869
19.86	19.85	0.054945	00.963
19.86	19.85	0.054961	01.063
19.86	19.84	0.054978	01.167
19.86	19.84	0.054995	01.262
19.86	19.84	0.055011	01.361
19.86	19.84	0.055028	01.466
19.86	19.84	0.055045	01.561
19.86	19.84	0.055061	01.661
19.86	19.84	0.055078	01.764
19.84	19.84	0.055095	01.860
19.84	19.84	0.055111	01.962
19.84	19.84	0.055128	02.063
19.84	19.84	0.055145	02.162
19.84	19.84	0.055161	02.262
19.84	19.84	0.055178	02.362
19.84	19.84	0.055195	02.462
19.84	19.84	0.055211	02.561
19.84	19.84	0.055228	02.662
19.81	19.84	0.055245	02.761
19.81	19.84	0.055261	02.862
19.81	19.84	0.055278	02.961
19.81	19.84	0.055295	03.062
19.81	19.84	0.055311	03.162
19.81	19.84	0.055328	03.262
19.81	19.84	0.055345	03.362
19.81	19.84	0.055361	03.461
19.81	19.84	0.055378	03.562
19.81	19.84	0.055395	03.661
19.81	19.84	0.055411	03.762
19.81	19.84	0.055428	03.861
19.84	19.84	0.055444	03.962
19.84	19.84	0.055461	04.062
19.84	19.84	0.055478	04.162
19.84	19.84	0.055494	04.262
19.84	19.84	0.055511	04.361
19.84	19.84	0.055528	04.462
19.84	19.84	0.055544	04.561
19.84	19.84	0.055561	04.662
19.84	19.84	0.055578	04.762
19.84	19.84	0.055594	04.862
19.84	19.84	0.055611	04.963
19.84	19.84	0.055628	05.062
19.84	19.84	0.055644	05.163
19.84	19.84	0.055661	05.262
19.84	19.84	0.055678	05.363
19.84	19.84	0.055694	05.462
19.84	19.83	0.055711	05.563
19.84	19.83	0.055728	05.663
19.84	19.83	0.055744	05.763
19.84	19.83	0.055761	05.863
19.84	19.83	0.055778	05.962
19.84	19.83	0.055794	06.063
19.84	19.83	0.055811	06.162
19.84	19.83	0.055828	06.263
19.84	19.83	0.055844	06.363
19.84	19.83	0.055861	06.464
19.84	19.83	0.055878	06.564
19.84	19.82	0.055894	06.663
19.84	19.82	0.055911	06.763
19.84	19.82	0.055928	06.888
19.84	19.82	0.055944	06.992
19.81	19.82	0.055961	07.086
19.81	19.82	0.055978	07.185
19.81	19.82	0.055994	07.290
19.81	19.82	0.056011	07.385
19.81	19.82	0.056028	07.484
19.81	19.82	0.056044	07.589
19.81	19.81	0.056061	07.683
19.81	19.81	0.056078	07.783
19.81	19.81	0.056094	07.887
19.81	19.81	0.056111	07.982
19.81	19.81	0.056128	08.082
19.81	19.81	0.056144	08.186
19.81	19.81	0.056161	08.281
19.81	19.81	0.056178	08.382
19.81	19.81	0.056194	08.485
19.81	19.81	0.056211	08.579
19.81	19.80	0.056228	08.682
19.81	19.80	0.056244	08.784
19.81	19.80	0.056261	08.878
19.81	19.80	0.056277	08.983
19.81	19.80	0.056294	09.083
19.81	19.80	0.056311	09.177
19.81	19.80	0.056327	09.282
19.81	19.80	0.056344	09.381
19.81	19.80	0.056361	09.476
19.81	19.80	0.056377	09.580
19.81	19.80	0.056394	09.680
19.81	19.80	0.056411	09.775
19.81	19.80	0.056427	09.879
19.79	19.80	0.056444	09.979
19.79	19.80	0.056461	10.073
19.79	19.80	0.056477	10.178
19.79	19.80	0.056494	10.272
19.79	19.80	0.056511	10.372
19.79	19.80	0.056527	10.476
19.79	19.80	0.056544	10.571
19.79	19.80	0.056561	10.671
19.79	19.80	0.056577	10.775
19.79	19.80	0.056594	10.870
19.79	19.80	0.056611	10.969
19.79	19.80	0.056627	11.074
19.79	19.80	0.056644	11.168
19.79	19.79	0.056661	11.268
19.79	19.79	0.056677	11.372
19.79	19.79	0.056694	11.467
19.79	19.79	0.056711	11.566
19.79	19.79	0.056727	11.671
19.79	19.79	0.056744	11.765
19.79	19.79	0.056761	11.865
19.79	19.79	0.056777	11.969
19.79	19.79	0.056794	12.064
19.79	19.79	0.056811	12.164
19.79	19.79	0.056827	12.268
19.79	19.78	0.056844	12.364
19.79	19.78	0.056861	12.463
19.79	19.78	0.056877	12.567
19.79	19.78	0.056894	12.663
19.79	19.78	0.056911	12.764
19.79	19.78	0.056927	12.866
19.79	19.78	0.056944	12.964
19.79	19.78	0.056961	13.064
19.79	19.78	0.056977	13.164
19.79	19.78	0.056994	13.263
19.79	19.78	0.057011	13.364
19.79	19.77	0.057027	13.463
19.79	19.77	0.057044	13.564
19.79	19.77	0.057061	13.664
19.79	19.77	0.057077	13.764
19.79	19.77	0.057094	13.864
19.79	19.77	0.057110	13.963
19.76	19.77	0.057127	14.063
19.76	19.77	0.057144	14.164
19.76	19.77	0.057160	14.263
19.76	19.77	0.057177	14.364
19.76	19.77	0.057194	14.464
19.76	19.76	0.057210	14.564
19.76	19.76	0.057227	14.664
19.76	19.76	0.057244	14.763
19.76	19.76	0.057260	14.864
19.76	19.76	0.057277	14.963
19.76	19.76	0.057294	15.064
19.76	19.76	0.057310	15.164
19.76	19.76	0.057327	15.264
19.76	19.76	0.057344	15.364
19.76	19.76	0.057360	15.463
19.76	19.75	0.057377	15.564
19.76	19.75	0.057394	15.663
19.76	19.75	0.057410	15.764
19.76	19.75	0.057427	15.863
19.74	19.75	0.057444	15.964
19.74	19.75	0.057460	16.064
19.74	19.75	0.057477	16.164
19.74	19.75	0.057494	16.263
19.74	19.75	0.057510	16.363
19.74	19.75	0.057527	16.464
19.74	19.75	0.057544	16.563
19.74	19.74	0.057560	16.663
19.74	19.74	0.057577	16.764
19.74	19.74	0.057594	16.864
19.74	19.74	0.057610	16.963
19.74	19.74	0.057627	17.063
19.74	19.74	0.057644	17.165
19.74	19.74	0.057660	17.264
19.74	19.74	0.057677	17.365
19.74	19.74	0.057694	17.465
19.74	19.74	0.057710	17.565
19.74	19.74	0.057727	17.664
19.74	19.74	0.057744	17.765
19.74	19.73	0.057760	17.864
19.74	19.72	0.057777	17.989
19.74	19.72	0.057794	18.093
19.74	19.72	0.057810	18.188
19.74	19.72	0.057827	18.287
19.74	19.72	0.057844	18.392
19.74	19.72	0.057860	18.486
19.74	19.72	0.057877	18.586
19.74	19.72	0.057894	18.691
19.74	19.72	0.057910	18.785
19.71	19.72	0.057927	18.886
19.71	19.71	0.057943	18.989
19.71	19.71	0.057960	19.083
19.71	19.70	0.057977	19.186
19.71	19.70	0.057993	19.288
19.71	19.70	0.058010	19.382
19.71	19.70	0.058027	19.486
19.71	19.70	0.058043	19.586
19.71	19.70	0.058060	19.680
19.71	19.70	0.058077	19.785
19.71	19.70	0.058093	19.884
19.68	19.70	0.058110	19.979
19.68	19.70	0.058127	20.084
19.68	19.69	0.058143	20.183
19.68	19.69	0.058160	20.278
19.68	19.69	0.058177	20.382
19.68	19.69	0.058193	20.482
19.68	19.69	0.058210	20.576
19.68	19.69	0.058227	20.681
19.68	19.69	0.058243	20.776
19.68	19.69	0.058260	20.875
19.68	19.69	0.058277	20.980
19.68	19.69	0.058293	21.074
19.68	19.69	0.058310	21.174
19.68	19.68	0.058327	21.278
19.68	19.67	0.058343	21.373
19.68	19.67	0.058360	21.473
19.68	19.67	0.058377	21.578
19.68	19.67	0.058393	21.672
19.68	19.67	0.058410	21.772
19.68	19.67	0.058427	21.876
19.68	19.67	0.058443	21.971
19.68	19.67	0.058460	22.070
19.68	19.67	0.058477	22.175
19.68	19.67	0.058493	22.270
19.68	19.66	0.058510	22.369
19.68	19.65	0.058527	22.474
19.68	19.65	0.058543	22.568
19.68	19.65	0.058560	22.668
19.68	19.65	0.058577	22.772
19.66	19.65	0.058593	22.868
19.66	19.65	0.058610	22.967
19.66	19.65	0.058627	23.071
19.66	19.65	0.058643	23.168
19.66	19.65	0.058660	23.268
19.66	19.65	0.058677	23.370
19.66	19.65	0.058693	23.467
19.66	19.64	0.058710	23.568
19.63	19.63	0.058727	23.668
19.63	19.63	0.058743	23.768
19.63	19.63	0.058760	23.867
19.63	19.63	0.058776	23.968
19.63	19.63	0.058793	24.068
19.63	19.63	0.058810	24.168
19.63	19.63	0.058826	24.268
19.63	19.63	0.058843	24.367
19.63	19.63	0.058860	24.468
19.61	19.63	0.058876	24.567
19.61	19.63	0.058893	24.668
19.61	19.63	0.058910	24.768
19.61	19.63	0.058926	24.868
19.61	19.63	0.058943	24.968
19.61	19.63	0.058960	25.067
19.61	19.63	0.058976	25.168
19.61	19.63	0.058993	25.267
19.61	19.63	0.059010	25.368
19.61	19.63	0.059026	25.467
19.61	19.63	0.059043	25.568
19.61	19.63	0.059060	25.668
19.61	19.63	0.059076	25.768
19.61	19.63	0.059093	25.869
19.61	19.63	0.059110	25.968
19.61	19.63	0.059126	26.069
19.61	19.62	0.059143	26.168
19.61	19.61	0.059160	26.269
19.61	19.61	0.059176	26.369
19.61	19.60	0.059193	26.469
19.61	19.60	0.059210	26.569
19.61	19.60	0.059226	26.668
19.61	19.60	0.059243	26.769
19.61	19.60	0.059260	26.868
19.61	19.60	0.059276	26.969
19.61	19.60	0.059293	27.068
19.61	19.60	0.059310	27.169
19.61	19.60	0.059326	27.269
19.61	19.59	0.059343	27.369
19.61	19.58	0.059360	27.469
19.61	19.58	0.059376	27.568
19.61	19.58	0.059393	27.669
19.61	19.58	0.059410	27.768
19.61	19.58	0.059426	27.869
19.61	19.58	0.059443	27.968
19.61	19.58	0.059460	28.069
19.61	19.58	0.059476	28.169
19.61	19.58	0.059493	28.298
19.58	19.57	0.059510	28.393
19.58	19.57	0.059526	28.492
19.58	19.56	0.059543	28.597
19.58	19.56	0.059560	28.691
19.58	19.56	0.059576	28.791
19.58	19.56	0.059593	28.895
19.58	19.56	0.059609	28.990
19.56	19.56	0.059626	29.090
19.56	19.56	0.059643	29.194
19.56	19.56	0.059659	29.289
19.56	19.56	0.059676	29.388
19.56	19.56	0.059693	29.493
19.56	19.56	0.059709	29.587
19.56	19.54	0.059726	29.689
19.56	19.54	0.059743	29.791
19.56	19.53	0.059759	29.886
19.53	19.53	0.059776	29.989
19.53	19.53	0.059793	30.090
19.53	19.53	0.059809	30.185
19.53	19.53	0.059826	30.288
19.53	19.53	0.059843	30.389
19.53	19.53	0.059859	30.483
19.53	19.53	0.059876	30.588
19.53	19.53	0.059893	30.688
19.53	19.53	0.059909	30.782
19.53	19.52	0.059926	30.887
19.50	19.51	0.059943	30.986
19.50	19.51	0.059959	31.081
19.50	19.51	0.059976	31.185
19.50	19.51	0.059993	31.285
19.50	19.51	0.060009	31.380
19.50	19.51	0.060026	31.484
19.50	19.51	0.060043	31.578
19.50	19.51	0.060059	31.678
19.50	19.51	0.060076	31.783
19.50	19.51	0.060093	31.876
19.50	19.50	0.060109	31.977
19.50	19.50	0.060126	32.081
19.50	19.49	0.060143	32.176
19.50	19.49	0.060159	32.276
19.48	19.49	0.060176	32.380
19.48	19.49	0.060193	32.474
19.48	19.49	0.060209	32.573
19.48	19.49	0.060226	32.679
19.48	19.49	0.060243	32.773
19.48	19.49	0.060259	32.872
19.48	19.49	0.060276	32.977
19.48	19.49	0.060293	33.071
19.48	19.48	0.060309	33.171
19.48	19.48	0.060326	33.276
19.48	19.48	0.060343	33.370
19.48	19.48	0.060359	33.469
19.48	19.48	0.060376	33.575
19.48	19.48	0.060393	33.668
19.48	19.48	0.060409	33.770
19.48	19.48	0.060426	33.873
19.48	19.48	0.060442	33.968
19.48	19.48	0.060459	34.070
19.48	19.48	0.060476	34.171
19.48	19.48	0.060492	34.269
19.48	19.47	0.060509	34.370
19.48	19.47	0.060526	34.470
19.48	19.47	0.060542	34.569
19.48	19.47	0.060559	34.669
19.48	19.47	0.060576	34.769
19.48	19.47	0.060592	34.868
19.48	19.47	0.060609	34.969
19.45	19.47	0.060626	35.068
19.45	19.47	0.060642	35.169
19.45	19.47	0.060659	35.268
19.45	19.47	0.060676	35.369
19.45	19.47	0.060692	35.469
19.45	19.47	0.060709	35.569
19.45	19.47	0.060726	35.670
19.45	19.47	0.060742	35.769
19.45	19.47	0.060759	35.870
19.45	19.47	0.060776	35.969
19.45	19.47	0.060792	36.070
19.45	19.47	0.060809	36.170
19.45	19.47	0.060826	36.270
19.45	19.47	0.060842	36.370
19.45	19.47	0.060859	36.469
19.48	19.47	0.060876	36.570
19.48	19.47	0.060892	36.669
19.48	19.47	0.060909	36.770
19.48	19.47	0.060926	36.869
19.48	19.47	0.060942	36.970
19.48	19.47	0.060959	37.070
19.48	19.47	0.060976	37.170
19.48	19.47	0.060992	37.270
19.48	19.47	0.061009	37.369
19.48	19.47	0.061026	37.470
19.48	19.47	0.061042	37.569
19.48	19.46	0.061059	37.670
19.48	19.46	0.061076	37.769
19.48	19.46	0.061092	37.870
19.48	19.46	0.061109	37.970
19.48	19.46	0.061126	38.070
19.48	19.46	0.061142	38.170
19.48	19.46	0.061159	38.269
19.45	19.46	0.061176	38.370
19.45	19.46	0.061192	38.469
19.45	19.46	0.061209	38.570
19.45	19.46	0.061226	38.670
19.45	19.46	0.061242	38.770
19.45	19.46	0.061259	38.870
19.45	19.46	0.061275	38.969
19.45	19.46	0.061292	39.070
19.45	19.46	0.061309	39.169
19.45	19.46	0.061325	39.270
19.45	19.46	0.061342	39.369
19.45	19.46	0.061359	39.494
19.45	19.46	0.061375	39.592
19.45	19.46	0.061392	39.697
19.45	19.46	0.061409	39.792
19.45	19.46	0.061425	39.892
19.45	19.46	0.061442	39.997
19.45	19.46	0.061459	40.090
19.45	19.46	0.061475	40.192
19.45	19.46	0.061492	40.295
19.45	19.46	0.061509	40.390
19.45	19.46	0.061525	40.491
19.45	19.46	0.061542	40.593
19.45	19.46	0.061559	40.688
19.45	19.46	0.061575	40.792
19.45	19.46	0.061592	40.892
19.45	19.46	0.061609	40.986
19.45	19.46	0.061625	41.091
19.48	19.46	0.061642	41.191
19.48	19.45	0.061659	41.286
19.48	19.45	0.061675	41.391
19.48	19.45	0.061692	41.490
19.48	19.45	0.061709	41.584
19.48	19.45	0.061725	41.689
19.48	19.45	0.061742	41.789
19.48	19.45	0.061759	41.882
19.48	19.45	0.061775	41.988
19.45	19.45	0.061792	42.082
19.45	19.45	0.061809	42.181
19.45	19.45	0.061825	42.286
19.45	19.45	0.061842	42.380
19.45	19.45	0.061859	42.480
19.45	19.45	0.061875	42.584
19.45	19.45	0.061892	42.679
19.45	19.45	0.061909	42.778
19.45	19.45	0.061925	42.883
19.45	19.45	0.061942	42.978
19.45	19.45	0.061959	43.077
19.43	19.45	0.061975	43.182
19.43	19.45	0.061992	43.276
19.43	19.45	0.062009	43.376
19.43	19.45	0.062025	43.480
19.43	19.45	0.062042	43.575
19.43	19.45	0.062059	43.675
19.43	19.45	0.062075	43.779
19.43	19.45	0.062092	43.874
19.43	19.45	0.062108	43.973
19.43	19.45	0.062125	44.078
19.43	19.45	0.062142	44.172
19.43	19.44	0.062158	44.273
19.43	19.44	0.062175	44.376
19.45	19.44	0.062192	44.472
19.45	19.44	0.062208	44.573
19.45	19.44	0.062225	44.675
19.45	19.44	0.062242	44.772
19.45	19.44	0.062258	44.873
19.45	19.44	0.062275	44.974
19.45	19.44	0.062292	45.071
19.45	19.44	0.062308	45.173
19.45	19.44	0.062325	45.272
19.45	19.44	0.062342	45.372
19.45	19.44	0.062358	45.472
19.45	19.44	0.062375	45.571
19.45	19.44	0.062392	45.672
19.45	19.44	0.062408	45.771
19.45	19.44	0.062425	45.872
19.45	19.44	0.062442	45.971
19.45	19.44	0.062458	46.072
19.45	19.44	0.062475	46.172
19.45	19.44	0.062492	46.272
19.43	19.44	0.062508	46.372
19.43	19.43	0.062525	46.471
19.43	19.43	0.062542	46.573
19.43	19.43	0.062558	46.672
19.43	19.43	0.062575	46.773
19.43	19.43	0.062592	46.873
19.43	19.43	0.062608	46.973
19.43	19.43	0.062625	47.073
19.43	19.43	0.062642	47.173
19.43	19.43	0.062658	47.272
19.43	19.43	0.062675	47.373
19.43	19.43	0.062692	47.472
19.43	19.43	0.062708	47.573
19.43	19.43	0.062725	47.672
19.43	19.42	0.062742	47.773
19.43	19.42	0.062758	47.873
19.43	19.42	0.062775	47.973
19.43	19.42	0.062792	48.074
19.43	19.42	0.062808	48.173
19.43	19.42	0.062825	48.274
19.43	19.42	0.062842	48.373
19.43	19.42	0.062858	48.474
19.43	19.42	0.062875	48.573
19.43	19.42	0.062892	48.674
19.43	19.42	0.062908	48.774
19.43	19.42	0.062925	48.874
19.43	19.42	0.062941	48.974
19.43	19.42	0.062958	49.073
19.43	19.42	0.062975	49.174
19.43	19.42	0.062991	49.273
19.43	19.42	0.063008	49.374
19.43	19.42	0.063025	49.474
19.43	19.42	0.063041	49.574
19.40	19.41	0.063058	49.674
19.40	19.41	0.063075	49.773
19.40	19.41	0.063091	49.903
19.40	19.41	0.063108	49.997
19.40	19.41	0.063125	50.097
19.40	19.41	0.063141	50.201
19.40	19.41	0.063158	50.296
19.40	19.41	0.063175	50.395
19.40	19.41	0.063191	50.500
19.40	19.41	0.063208	50.595
19.40	19.41	0.063225	50.694
19.40	19.41	0.063241	50.799
19.40	19.40	0.063258	50.893
19.40	19.40	0.063275	50.995
19.40	19.40	0.063291	51.097
19.40	19.40	0.063308	51.191
19.40	19.40	0.063325	51.295
19.40	19.40	0.063341	51.396
19.40	19.40	0.063358	51.491
19.40	19.40	0.063375	51.595
19.40	19.40	0.063391	51.695
19.40	19.40	0.063408	51.789
19.40	19.39	0.063425	51.894
19.40	19.39	0.063441	51.993
19.40	19.39	0.063458	52.088
19.40	19.39	0.063475	52.193
19.40	19.39	0.063491	52.292
19.40	19.39	0.063508	52.387
19.40	19.39	0.063525	52.491
19.40	19.39	0.063541	52.591
19.40	19.39	0.063558	52.685
19.40	19.39	0.063575	52.790
19.40	19.39	0.063591	52.885
19.40	19.39	0.063608	52.984
19.40	19.39	0.063625	53.089
19.40	19.39	0.063641	53.183
19.40	19.39	0.063658	53.283
19.40	19.39	0.063675	53.387
19.38	19.39	0.063691	53.482
19.38	19.39	0.063708	53.581
19.38	19.39	0.063725	53.686
19.38	19.39	0.063741	53.781
19.38	19.39	0.063758	53.880
19.38	19.39	0.063774	53.985
19.38	19.39	0.063791	54.079
19.38	19.39	0.063808	54.179
19.38	19.39	0.063824	54.283
19.38	19.39	0.063841	54.378
19.38	19.39	0.063858	54.477
19.38	19.39	0.063874	54.582
19.38	19.39	0.063891	54.677
19.38	19.39	0.063908	54.776
19.38	19.39	0.063924	54.881
19.38	19.39	0.063941	54.975
19.38	19.39	0.063958	55.076
19.38	19.39	0.063974	55.179
19.38	19.39	0.063991	55.275
19.38	19.38	0.064008	55.376
19.38	19.38	0.064024	55.478
19.38	19.38	0.064041	55.575
19.38	19.38	0.064058	55.676
19.38	19.38	0.064074	55.777
19.38	19.38	0.064091	55.874
19.38	19.38	0.064108	55.976
19.38	19.38	0.064124	56.075
19.38	19.38	0.064141	56.175
19.38	19.38	0.064158	56.275
19.38	19.38	0.064174	56.374
19.38	19.38	0.064191	56.475
19.38	19.38	0.064208	56.574
19.38	19.38	0.064224	56.675
19.38	19.38	0.064241	56.774
19.38	19.38	0.064258	56.875
19.38	19.38	0.064274	56.975
19.38	19.38	0.064291	57.075
19.38	19.38	0.064308	57.176
19.38	19.38	0.064324	57.275
19.38	19.38	0.064341	57.376
19.38	19.38	0.064358	57.475
19.38	19.38	0.064374	57.576
19.38	19.37	0.064391	57.675
19.38	19.37	0.064408	57.776
19.38	19.37	0.064424	57.876
19.38	19.37	0.064441	57.975
19.38	19.37	0.064458	58.077
19.38	19.37	0.064474	58.176
19.38	19.37	0.064491	58.277
19.38	19.37	0.064508	58.377
19.38	19.37	0.064524	58.477
19.38	19.37	0.064541	58.577
19.38	19.37	0.064558	58.676
19.38	19.37	0.064574	58.777
19.38	19.37	0.064591	58.876
19.38	19.37	0.064607	58.977
19.38	19.37	0.064624	59.076
19.38	19.37	0.064641	59.177
19.38	19.37	0.064657	59.277
19.38	19.37	0.064674	59.377
19.38	19.37	0.064691	59.477
19.38	19.37	0.064707	59.576
19.38	19.37	0.064724	59.677
19.35	19.37	0.064741	59.776
19.35	19.38	0.064757	59.877
19.35	19.38	0.064774	59.977
19.35	19.38	0.064791	00.077
19.35	19.38	0.064807	00.178
19.35	19.38	0.064824	00.277
19.35	19.38	0.064841	00.407
19.35	19.38	0.064857	00.501
19.35	19.38	0.064874	00.601
19.35	19.38	0.064891	00.705
19.38	19.38	0.064907	00.799
19.38	19.38	0.064924	00.899
19.38	19.39	0.064941	01.004
19.38	19.39	0.064957	01.098
19.38	19.39	0.064974	01.198
19.38	19.39	0.064991	01.302
19.38	19.39	0.065007	01.397
19.38	19.39	0.065024	01.498
19.38	19.39	0.065041	01.600
19.38	19.39	0.065057	01.695
19.40	19.39	0.065074	01.798
19.40	19.39	0.065091	01.900
19.40	19.39	0.065107	01.995
19.40	19.39	0.065124	02.098
19.40	19.40	0.065141	02.198
19.40	19.40	0.065157	02.292
19.40	19.40	0.065174	02.397
19.40	19.40	0.065191	02.497
19.40	19.40	0.065207	02.591
19.40	19.40	0.065224	02.696
19.40	19.40	0.065241	02.795
19.40	19.40	0.065257	02.890
19.40	19.40	0.065274	02.994
19.40	19.40	0.065291	03.094
19.40	19.40	0.065307	03.189
19.40	19.40	0.065324	03.293
19.40	19.40	0.065341	03.388
19.40	19.40	0.065357	03.487
19.40	19.40	0.065374	03.592
19.40	19.40	0.065391	03.686
19.40	19.40	0.065407	03.786
19.40	19.40	0.065424	03.890
19.40	19.40	0.065440	03.985
19.43	19.40	0.065457	04.086
19.43	19.41	0.065474	04.189
19.43	19.41	0.065490	04.284
19.43	19.41	0.065507	04.383
19.43	19.41	0.065524	04.488
19.43	19.41	0.065540	04.582
19.43	19.41	0.065557	04.682
19.43	19.41	0.065574	04.787
19.43	19.41	0.065590	04.881
19.40	19.41	0.065607	04.981
19.40	19.41	0.065624	05.085
19.40	19.41	0.065640	05.180
19.40	19.41	0.065657	05.279
19.40	19.41	0.065674	05.384
19.40	19.41	0.065690	05.479
19.40	19.41	0.065707	05.580
19.40	19.41	0.065724	05.683
19.40	19.41	0.065740	05.780
19.40	19.41	0.065757	05.880
19.40	19.41	0.065774	05.981
19.40	19.41	0.065790	06.080
19.40	19.40	0.065807	06.179
19.40	19.40	0.065824	06.280
19.40	19.40	0.065840	06.379
19.40	19.40	0.065857	06.480
19.40	19.40	0.065874	06.580
19.40	19.40	0.065890	06.679
19.40	19.40	0.065907	06.780
19.40	19.40	0.065924	06.879
19.43	19.40	0.065940	06.980
19.43	19.40	0.065957	07.079
19.43	19.40	0.065974	07.181
19.43	19.40	0.065990	07.281
19.43	19.40	0.066007	07.381
19.43	19.40	0.066024	07.481
19.40	19.40	0.066040	07.580
19.40	19.40	0.066057	07.681
19.40	19.40	0.066074	07.780
19.40	19.40	0.066090	07.881
19.40	19.40	0.066107	07.981
19.40	19.40	0.066124	08.081
19.40	19.40	0.066140	08.181
19.40	19.40	0.066157	08.280
19.40	19.40	0.066174	08.381
19.40	19.40	0.066190	08.479
19.40	19.40	0.066207	08.581
19.40	19.40	0.066224	08.680
19.40	19.40	0.066240	08.781
19.40	19.40	0.066257	08.881
19.40	19.40	0.066273	08.981
19.40	19.40	0.066290	09.081
19.40	19.40	0.066307	09.180
19.40	19.40	0.066323	09.281
19.40	19.40	0.066340	09.380
19.40	19.40	0.066357	09.481
19.40	19.40	0.066373	09.580
19.40	19.40	0.066390	09.681
19.40	19.40	0.066407	09.781
19.40	19.40	0.066423	09.881
19.40	19.40	0.066440	09.981
19.38	19.40	0.066457	10.080
19.38	19.40	0.066473	10.181
19.38	19.40	0.066490	10.280
19.38	19.40	0.066507	10.380
19.38	19.40	0.066523	10.481
19.38	19.40	0.066540	10.581
19.38	19.40	0.066557	10.681
19.38	19.40	0.066573	10.781
19.40	19.40	0.066590	10.910
19.40	19.40	0.066607	11.005
19.40	19.40	0.066623	11.104
19.40	19.40	0.066640	11.209
19.40	19.40	0.066657	11.303
19.40	19.40	0.066673	11.403
19.40	19.40	0.066690	11.507
19.40	19.40	0.066707	11.602
19.40	19.40	0.066723	11.701
19.40	19.40	0.066740	11.806
19.40	19.40	0.066757	11.900
19.40	19.40	0.066773	12.001
19.40	19.40	0.066790	12.104
19.40	19.40	0.066807	12.199
19.40	19.40	0.066823	12.301
19.40	19.40	0.066840	12.403
19.40	19.40	0.066857	12.498
19.40	19.40	0.066873	12.601
19.40	19.40	0.066890	12.702
19.40	19.40	0.066907	12.796
19.40	19.40	0.066923	12.901
19.40	19.40	0.066940	13.000
19.43	19.40	0.066957	13.095
19.43	19.40	0.066973	13.200
19.43	19.41	0.066990	13.299
19.43	19.41	0.067007	13.394
19.43	19.41	0.067023	13.498
19.43	19.41	0.067040	13.598
19.43	19.41	0.067057	13.692
19.43	19.41	0.067073	13.797
19.43	19.41	0.067090	13.897
19.40	19.41	0.067106	13.991
19.40	19.41	0.067123	14.096
19.40	19.41	0.067140	14.190
19.40	19.41	0.067156	14.290
19.40	19.41	0.067173	14.394
19.40	19.41	0.067190	14.489
19.40	19.41	0.067206	14.588
19.40	19.41	0.067223	14.693
19.40	19.41	0.067240	14.788
19.40	19.41	0.067256	14.887
19.40	19.41	0.067273	14.992
19.40	19.41	0.067290	15.086
19.40	19.41	0.067306	15.186
19.40	19.41	0.067323	15.290
19.40	19.41	0.067340	15.385
19.40	19.41	0.067356	15.485
19.40	19.41	0.067373	15.589
19.40	19.41	0.067390	15.684
19.40	19.41	0.067406	15.783
19.40	19.41	0.067423	15.888
19.40	19.41	0.067440	15.982
19.43	19.41	0.067456	16.082
19.43	19.41	0.067473	16.186
19.43	19.42	0.067490	16.282
19.43	19.42	0.067506	16.382
19.43	19.42	0.067523	16.485
19.43	19.42	0.067540	16.581
19.43	19.42	0.067556	16.682
19.43	19.42	0.067573	16.784
19.43	19.42	0.067590	16.882
19.43	19.42	0.067606	16.983
19.43	19.42	0.067623	17.083
19.43	19.42	0.067640	17.182
19.43	19.42	0.067656	17.282
19.43	19.42	0.067673	17.382
19.43	19.42	0.067690	17.481
19.43	19.42	0.067706	17.582
19.40	19.42	0.067723	17.681
19.40	19.42	0.067740	17.782
19.40	19.42	0.067756	17.882
19.40	19.42	0.067773	17.982
19.40	19.42	0.067790	18.082
19.40	19.42	0.067806	18.181
19.40	19.42	0.067823	18.282
19.40	19.42	0.067840	18.381
19.40	19.42	0.067856	18.482
19.43	19.42	0.067873	18.581
19.43	19.42	0.067890	18.682
19.43	19.42	0.067906	18.782
19.43	19.42	0.067923	18.882
19.43	19.42	0.067939	18.982
19.43	19.42	0.067956	19.081
19.43	19.42	0.067973	19.182
19.43	19.42	0.067989	19.281
19.43	19.42	0.068006	19.382
19.43	19.42	0.068023	19.482
19.43	19.42	0.068039	19.582
19.43	19.42	0.068056	19.682
19.43	19.42	0.068073	19.781
19.43	19.42	0.068089	19.882
19.43	19.42	0.068106	19.981
19.43	19.42	0.068123	20.082
19.43	19.42	0.068139	20.181
19.43	19.42	0.068156	20.282
19.43	19.42	0.068173	20.382
19.43	19.42	0.068189	20.482
19.43	19.42	0.068206	20.582
19.43	19.42	0.068223	20.681
19.43	19.42	0.068239	20.782
19.43	19.42	0.068256	20.881
19.43	19.42	0.068273	20.982
19.43	19.42	0.068289	21.081
19.43	19.42	0.068306	21.182
19.43	19.42	0.068323	21.282
19.43	19.42	0.068339	21.382
19.43	19.42	0.068356	21.482
19.43	19.42	0.068373	21.581
19.43	19.42	0.068389	21.682
19.43	19.42	0.068406	21.781
19.40	19.42	0.068423	21.882
19.40	19.42	0.068439	21.982
19.40	19.42	0.068456	22.106
19.40	19.42	0.068473	22.180
19.40	19.42	0.068489	22.310
19.40	19.42	0.068506	22.404
19.40	19.42	0.068523	22.504
19.40	19.42	0.068539	22.608
19.40	19.42	0.068556	22.703
19.40	19.42	0.068573	22.804
19.40	19.42	0.068589	22.907
19.40	19.42	0.068606	23.002
19.40	19.42	0.068623	23.104
19.43	19.42	0.068639	23.206
19.43	19.42	0.068656	23.300
19.43	19.42	0.068673	23.404
19.43	19.42	0.068689	23.504
19.43	19.42	0.068706	23.600
19.43	19.42	0.068723	23.703
19.43	19.42	0.068739	23.803
19.43	19.42	0.068756	23.898
19.43	19.42	0.068772	24.002
19.43	19.42	0.068789	24.102
19.43	19.42	0.068806	24.196
19.43	19.42	0.068822	24.301
19.43	19.42	0.068839	24.401
19.43	19.42	0.068856	24.495
19.43	19.42	0.068872	24.600
19.43	19.42	0.068889	24.694
19.43	19.42	0.068906	24.794
19.43	19.42	0.068922	24.898
19.43	19.42	0.068939	24.993
19.43	19.42	0.068956	25.092
19.43	19.42	0.068972	25.197
19.43	19.42	0.068989	25.292
19.43	19.42	0.069006	25.391
19.43	19.42	0.069022	25.496
19.43	19.42	0.069039	25.590
19.43	19.42	0.069056	25.690
19.43	19.42	0.069072	25.794
19.40	19.42	0.069089	25.889
19.40	19.42	0.069106	25.989
19.40	19.42	0.069122	26.093
19.40	19.42	0.069139	26.188
19.40	19.42	0.069156	26.287
19.40	19.42	0.069172	26.392
19.40	19.42	0.069189	26.486
19.40	19.42	0.069206	26.586
19.40	19.42	0.069222	26.691
19.40	19.42	0.069239	26.785
19.40	19.42	0.069256	26.885
19.40	19.42	0.069272	26.989
19.40	19.42	0.069289	27.084
19.43	19.43	0.069306	27.185
19.43	19.43	0.069322	27.287
19.43	19.43	0.069339	27.382
19.43	19.43	0.069356	27.486
19.43	19.43	0.069372	27.586
19.43	19.43	0.069389	27.682
19.43	19.43	0.069406	27.785
19.43	19.43	0.069422	27.885
19.43	19.43	0.069439	27.982
19.43	19.43	0.069456	28.084
19.43	19.43	0.069472	28.184
19.43	19.43	0.069489	28.281
19.43	19.43	0.069506	28.383
19.43	19.43	0.069522	28.482
19.43	19.43	0.069539	28.582
19.43	19.43	0.069556	28.682
19.43	19.43	0.069572	28.782
19.43	19.43	0.069589	28.882
19.43	19.43	0.069605	28.982
19.43	19.43	0.069622	29.083
19.43	19.43	0.069639	29.182
19.43	19.43	0.069655	29.283
19.43	19.44	0.069672	29.382
19.45	19.44	0.069689	29.483
19.45	19.44	0.069705	29.583
19.45	19.44	0.069722	29.683
19.45	19.44	0.069739	29.783
19.45	19.44	0.069755	29.882
19.45	19.44	0.069772	29.983
19.45	19.44	0.069789	30.082
19.45	19.44	0.069805	30.183
19.45	19.44	0.069822	30.283
19.45	19.44	0.069839	30.383
19.45	19.44	0.069855	30.483
19.45	19.44	0.069872	30.582
19.45	19.44	0.069889	30.683
19.45	19.44	0.069905	30.782
19.45	19.44	0.069922	30.883
19.45	19.44	0.069939	30.982
19.45	19.44	0.069955	31.083
19.43	19.44	0.069972	31.183
19.43	19.44	0.069989	31.283
19.43	19.44	0.070005	31.383
19.43	19.44	0.070022	31.482
19.43	19.44	0.070039	31.582
19.43	19.44	0.070055	31.683
19.43	19.44	0.070072	31.782
19.43	19.44	0.070089	31.883
19.43	19.44	0.070105	31.983
19.43	19.44	0.070122	32.083
19.43	19.44	0.070139	32.184
19.43	19.44	0.070155	32.283
19.43	19.44	0.070172	32.384
19.43	19.44	0.070189	32.483
19.43	19.44	0.070205	32.584
19.43	19.44	0.070222	32.683
19.43	19.44	0.070239	32.784
19.43	19.44	0.070255	32.884
19.43	19.44	0.070272	33.008
19.43	19.44	0.070289	33.112
19.45	19.44	0.070305	33.207
19.45	19.44	0.070322	33.307
19.45	19.44	0.070339	33.411
19.45	19.44	0.070355	33.506
19.45	19.44	0.070372	33.607
19.45	19.44	0.070389	33.710
19.45	19.44	0.070405	33.805
19.45	19.44	0.070422	33.882
19.45	19.44	0.070438	34.009
19.45	19.44	0.070455	34.103
19.45	19.44	0.070472	34.208
19.45	19.44	0.070488	34.307
19.45	19.44	0.070505	34.401
19.45	19.44	0.070522	34.506
19.45	19.45	0.070538	34.605
19.43	19.45	0.070555	34.700
19.43	19.45	0.070572	34.804
19.43	19.45	0.070588	34.904
19.43	19.45	0.070605	34.998
19.43	19.45	0.070622	35.103
19.43	19.45	0.070638	35.197
19.43	19.45	0.070655	35.297
19.45	19.45	0.070672	35.403
19.45	19.45	0.070688	35.496
19.45	19.45	0.070705	35.596
19.45	19.45	0.070722	35.700
19.45	19.45	0.070738	35.795
19.45	19.45	0.070755	35.894
19.45	19.45	0.070772	35.999
19.45	19.45	0.070788	36.094
19.45	19.45	0.070805	36.193
19.45	19.45	0.070822	36.298
19.45	19.45	0.070838	36.392
19.45	19.45	0.070855	36.492
19.45	19.45	0.070872	36.596
19.45	19.45	0.070888	36.691
19.45	19.45	0.070905	36.791
19.45	19.45	0.070922	36.895
19.45	19.45	0.070938	36.990
19.45	19.45	0.070955	37.089
19.45	19.45	0.070972	37.194
19.48	19.45	0.070988	37.288
19.48	19.45	0.071005	37.388
19.48	19.45	0.071022	37.492
19.48	19.45	0.071038	37.587
19.48	19.45	0.071055	37.689
19.48	19.45	0.071072	37.791
19.48	19.45	0.071088	37.886
19.45	19.45	0.071105	37.988
19.45	19.45	0.071122	38.090
19.45	19.45	0.071138	38.184
19.45	19.45	0.071155	38.288
19.45	19.45	0.071172	38.388
19.45	19.45	0.071188	38.484
19.45	19.45	0.071205	38.588
19.45	19.45	0.071222	38.687
19.45	19.45	0.071238	38.784
19.45	19.45	0.071255	38.886
19.45	19.45	0.071271	38.986
19.43	19.45	0.071288	39.083
19.43	19.45	0.071305	39.185
19.43	19.45	0.071321	39.285
19.43	19.45	0.071338	39.384
19.43	19.45	0.071355	39.484
19.43	19.45	0.071371	39.584
19.43	19.45	0.071388	39.684
19.43	19.45	0.071405	39.783
19.43	19.45	0.071421	39.884
19.43	19.45	0.071438	39.983
19.43	19.45	0.071455	40.084
19.43	19.45	0.071471	40.185
19.43	19.45	0.071488	40.283
19.43	19.44	0.071505	40.384
19.43	19.44	0.071521	40.484
19.45	19.44	0.071538	40.584
19.45	19.44	0.071555	40.683
19.45	19.44	0.071571	40.785
19.45	19.44	0.071588	40.884
19.45	19.44	0.071605	40.984
19.45	19.44	0.071621	41.085
19.45	19.44	0.071638	41.183
19.45	19.44	0.071655	41.284
19.45	19.44	0.071671	41.384
19.45	19.44	0.071688	41.484
19.45	19.44	0.071705	41.583
19.45	19.44	0.071721	41.685
19.45	19.44	0.071738	41.783
19.45	19.44	0.071755	41.884
19.45	19.44	0.071771	41.985
19.45	19.44	0.071788	42.084
19.45	19.44	0.071805	42.183
19.43	19.44	0.071821	42.285
19.43	19.44	0.071838	42.383
19.43	19.44	0.071855	42.484
19.43	19.44	0.071871	42.585
19.43	19.44	0.071888	42.684
19.43	19.44	0.071905	42.784
19.43	19.44	0.071921	42.885
19.43	19.44	0.071938	42.984
19.43	19.44	0.071955	43.083
19.43	19.44	0.071971	43.186
19.43	19.44	0.071988	43.283
19.43	19.44	0.072005	43.384
19.43	19.44	0.072021	43.485
19.43	19.44	0.072038	43.584
19.43	19.44	0.072055	43.684
19.43	19.44	0.072071	43.785
19.43	19.44	0.072088	43.884
19.43	19.44	0.072104	43.983
19.43	19.44	0.072121	44.085
19.43	19.44	0.072138	44.183
19.43	19.44	0.072154	44.308
19.43	19.44	0.072171	44.386
19.43	19.44	0.072188	44.512
19.45	19.44	0.072204	44.607
19.45	19.43	0.072221	44.685
19.45	19.43	0.072238	44.811
19.45	19.43	0.072254	44.905
19.45	19.43	0.072271	45.010
19.45	19.43	0.072288	45.109
19.45	19.43	0.072304	45.204
19.45	19.43	0.072321	45.309
19.45	19.43	0.072338	45.408
19.45	19.43	0.072354	45.503
19.45	19.43	0.072371	45.607
19.43	19.43	0.072388	45.707
19.43	19.43	0.072404	45.801
19.43	19.43	0.072421	45.906
19.43	19.43	0.072438	46.000
19.43	19.43	0.072454	46.100
19.43	19.43	0.072471	46.205
19.43	19.43	0.072488	46.299
19.43	19.43	0.072504	46.399
19.43	19.43	0.072521	46.503
19.43	19.43	0.072538	46.598
19.43	19.43	0.072554	46.697
19.43	19.43	0.072571	46.802
19.43	19.43	0.072588	46.897
19.43	19.42	0.072604	46.996
19.43	19.42	0.072621	47.101
19.43	19.42	0.072638	47.195
19.40	19.42	0.072654	47.295
19.40	19.42	0.072671	47.399
19.40	19.42	0.072688	47.494
19.40	19.42	0.072704	47.594
19.40	19.42	0.072721	47.698
19.40	19.42	0.072738	47.793
19.40	19.42	0.072754	47.892
19.40	19.42	0.072771	47.997
19.40	19.42	0.072788	48.091
19.40	19.41	0.072804	48.191
19.40	19.41	0.072821	48.295
19.43	19.41	0.072838	48.390
19.43	19.41	0.072854	48.492
19.43	19.41	0.072871	48.594
19.43	19.41	0.072888	48.689
19.43	19.41	0.072904	48.791
19.43	19.41	0.072921	48.893
19.43	19.41	0.072937	48.987
19.43	19.41	0.072954	49.091
19.43	19.40	0.072971	49.191
19.43	19.40	0.072987	49.286
19.43	19.40	0.073004	49.391
19.43	19.40	0.073021	49.490
19.40	19.40	0.073037	49.586
19.40	19.40	0.073054	49.689
19.40	19.40	0.073071	49.789
19.40	19.40	0.073087	49.885
19.40	19.40	0.073104	49.988
19.40	19.40	0.073121	50.088
19.40	19.40	0.073137	50.186
19.40	19.39	0.073154	50.287
19.40	19.39	0.073171	50.387
19.40	19.39	0.073187	50.487
19.38	19.39	0.073204	50.586
19.38	19.39	0.073221	50.688
19.38	19.39	0.073237	50.786
19.38	19.39	0.073254	50.887
19.38	19.39	0.073271	50.988
19.38	19.39	0.073287	51.088
19.38	19.39	0.073304	51.188
19.38	19.39	0.073321	51.287
19.38	19.39	0.073337	51.388
19.38	19.39	0.073354	51.487
19.38	19.39	0.073371	51.588
19.38	19.39	0.073387	51.688
19.38	19.39	0.073404	51.788
19.38	19.39	0.073421	51.888
19.38	19.39	0.073437	51.987
19.38	19.39	0.073454	52.088
19.38	19.39	0.073471	52.188
19.38	19.39	0.073487	52.288
19.38	19.39	0.073504	52.387
19.38	19.39	0.073521	52.488
19.38	19.39	0.073537	52.588
19.38	19.39	0.073554	52.688
19.38	19.39	0.073571	52.788
19.38	19.39	0.073587	52.887
19.38	19.39	0.073604	52.988
19.38	19.39	0.073621	53.088
19.38	19.39	0.073637	53.188
19.38	19.39	0.073654	53.288
19.38	19.39	0.073671	53.388
19.38	19.39	0.073687	53.488
19.38	19.39	0.073704	53.587
19.38	19.39	0.073721	53.689
19.38	19.39	0.073737	53.787
19.40	19.39	0.073754	53.888
19.40	19.39	0.073770	53.988
19.40	19.39	0.073787	54.088
19.40	19.39	0.073804	54.188
19.40	19.39	0.073820	54.288
19.40	19.39	0.073837	54.388
19.40	19.39	0.073854	54.487
19.40	19.39	0.073870	54.589
19.40	19.39	0.073887	54.687
19.40	19.39	0.073904	54.812
19.40	19.39	0.073920	54.888
19.40	19.40	0.073937	55.016
19.40	19.40	0.073954	55.111
19.40	19.40	0.073970	55.189
19.40	19.40	0.073987	55.315
19.40	19.40	0.074004	55.409
19.40	19.40	0.074020	55.489
19.40	19.40	0.074037	55.613
19.40	19.40	0.074054	55.708
19.40	19.40	0.074070	55.812
19.40	19.40	0.074087	55.912
19.40	19.40	0.074104	56.006
19.40	19.40	0.074120	56.111
19.40	19.40	0.074137	56.210
19.40	19.40	0.074154	56.305
19.40	19.40	0.074170	56.409
19.40	19.40	0.074187	56.504
19.40	19.40	0.074204	56.604
19.40	19.40	0.074220	56.708
19.40	19.40	0.074237	56.803
19.40	19.40	0.074254	56.902
19.40	19.40	0.074270	57.007
19.40	19.41	0.074287	57.101
19.40	19.41	0.074304	57.201
19.40	19.41	0.074320	57.305
19.40	19.41	0.074337	57.400
19.40	19.41	0.074354	57.499
19.40	19.41	0.074370	57.604
19.40	19.41	0.074387	57.698
19.40	19.41	0.074404	57.798
19.40	19.41	0.074420	57.902
19.40	19.41	0.074437	57.997
19.40	19.41	0.074454	58.096
19.40	19.41	0.074470	58.201
19.40	19.41	0.074487	58.296
19.40	19.41	0.074504	58.395
19.40	19.41	0.074520	58.500
19.40	19.41	0.074537	58.595
19.40	19.41	0.074554	58.694
19.40	19.41	0.074570	58.799
19.40	19.41	0.074587	58.893
19.40	19.41	0.074603	58.994
19.40	19.41	0.074620	59.098
19.40	19.41	0.074637	59.192
19.43	19.40	0.074653	59.295
19.43	19.40	0.074670	59.396
19.43	19.40	0.074687	59.491
19.43	19.40	0.074703	59.594
19.43	19.40	0.074720	59.695
19.43	19.40	0.074737	59.790
19.43	19.40	0.074753	59.894
19.43	19.40	0.074770	59.994
19.43	19.40	0.074787	00.088
19.43	19.40	0.074803	00.193
19.40	19.40	0.074820	00.293
19.40	19.40	0.074837	00.387
19.40	19.40	0.074853	00.492
19.40	19.40	0.074870	00.591
19.40	19.40	0.074887	00.688
19.40	19.40	0.074903	00.790
19.40	19.40	0.074920	00.890
19.40	19.40	0.074937	00.988
19.40	19.40	0.074953	01.088
19.40	19.40	0.074970	01.191
19.38	19.40	0.074987	01.288
19.38	19.40	0.075003	01.389
19.38	19.40	0.075020	01.490
19.38	19.40	0.075037	01.589
19.38	19.40	0.075053	01.688
19.38	19.40	0.075070	01.791
19.38	19.40	0.075087	01.889
19.38	19.40	0.075103	01.989
19.38	19.40	0.075120	02.091
19.38	19.40	0.075137	02.189
19.38	19.40	0.075153	02.288
19.38	19.40	0.075170	02.391
19.38	19.40	0.075187	02.488
19.40	19.40	0.075203	02.589
19.40	19.40	0.075220	02.691
19.40	19.40	0.075237	02.789
19.40	19.40	0.075253	02.888
19.40	19.40	0.075270	02.991
19.40	19.40	0.075287	03.088
19.40	19.40	0.075303	03.189
19.40	19.40	0.075320	03.291
19.40	19.40	0.075337	03.389
19.40	19.40	0.075353	03.488
19.40	19.41	0.075370	03.592
19.40	19.41	0.075387	03.688
19.40	19.41	0.075403	03.789
19.40	19.41	0.075420	03.891
19.40	19.41	0.075436	03.989
19.40	19.41	0.075453	04.089
19.40	19.41	0.075470	04.191
19.40	19.41	0.075486	04.290
19.43	19.41	0.075503	04.389
19.43	19.41	0.075520	04.492
19.43	19.41	0.075536	04.589
19.43	19.41	0.075553	04.689
19.43	19.41	0.075570	04.792
19.43	19.41	0.075586	04.890
19.43	19.41	0.075603	04.990
19.43	19.41	0.075620	05.092
19.43	19.41	0.075636	05.189
19.43	19.41	0.075653	05.290
19.43	19.41	0.075670	05.392
19.43	19.41	0.075686	05.490
19.43	19.41	0.075703	05.589
19.43	19.41	0.075720	05.692
19.40	19.41	0.075736	05.818
19.40	19.41	0.075753	05.912
19.40	19.41	0.075770	05.992
19.40	19.41	0.075786	06.116
19.40	19.41	0.075803	06.211
19.40	19.41	0.075820	06.316
19.40	19.41	0.075836	06.415
19.40	19.41	0.075853	06.509
19.40	19.41	0.075870	06.614
19.40	19.41	0.075886	06.714
19.40	19.41	0.075903	06.808
19.40	19.41	0.075920	06.913
19.40	19.41	0.075936	07.012
19.40	19.41	0.075953	07.107
19.40	19.41	0.075970	07.211
19.40	19.41	0.075986	07.306
19.40	19.41	0.076003	07.405
19.40	19.40	0.076020	07.510
19.40	19.40	0.076036	07.605
19.40	19.40	0.076053	07.704
19.40	19.40	0.076070	07.809
19.40	19.40	0.076086	07.903
19.40	19.40	0.076103	08.003
19.43	19.40	0.076120	08.108
19.43	19.40	0.076136	08.202
19.43	19.40	0.076153	08.303
19.43	19.40	0.076170	08.407
19.43	19.40	0.076186	08.502
19.43	19.39	0.076203	08.601
19.43	19.39	0.076220	08.706
19.43	19.39	0.076236	08.799
19.40	19.39	0.076253	08.899
19.40	19.39	0.076269	09.004
19.40	19.39	0.076286	09.098
19.40	19.39	0.076303	09.198
19.40	19.39	0.076319	09.302
19.40	19.39	0.076336	09.397
19.40	19.39	0.076353	09.497
19.40	19.39	0.076369	09.601
19.40	19.38	0.076386	09.695
19.38	19.38	0.076403	09.797
19.38	19.38	0.076419	09.900
19.38	19.38	0.076436	09.994
19.38	19.38	0.076453	10.098
19.38	19.38	0.076469	10.198
19.38	19.38	0.076486	10.294
19.38	19.38	0.076503	10.398
19.38	19.38	0.076519	10.498
19.38	19.38	0.076536	10.594
19.38	19.38	0.076553	10.696
19.38	19.37	0.076569	10.796
19.38	19.37	0.076586	10.893
19.38	19.37	0.076603	10.995
19.38	19.37	0.076619	11.094
19.38	19.37	0.076636	11.194
19.38	19.37	0.076653	11.294
19.38	19.37	0.076669	11.394
19.38	19.37	0.076686	11.494
19.38	19.37	0.076703	11.593
19.35	19.37	0.076719	11.694
19.35	19.37	0.076736	11.793
19.35	19.36	0.076753	11.894
19.35	19.36	0.076769	11.994
19.35	19.36	0.076786	12.094
19.35	19.36	0.076803	12.194
19.35	19.36	0.076819	12.294
19.35	19.36	0.076836	12.393
19.35	19.36	0.076853	12.494
19.35	19.36	0.076869	12.594
19.35	19.36	0.076886	12.694
19.35	19.36	0.076903	12.794
19.35	19.36	0.076919	12.894
19.35	19.36	0.076936	12.994
19.35	19.36	0.076953	13.093
19.35	19.36	0.076969	13.194
19.35	19.36	0.076986	13.293
19.35	19.36	0.077003	13.394
19.35	19.36	0.077019	13.494
19.35	19.36	0.077036	13.594
19.35	19.36	0.077053	13.694
19.35	19.36	0.077069	13.794
19.35	19.36	0.077086	13.894
19.35	19.36	0.077102	13.993
19.35	19.36	0.077119	14.095
19.35	19.36	0.077136	14.193
19.35	19.36	0.077152	14.294
19.35	19.36	0.077169	14.394
19.35	19.36	0.077186	14.494
19.35	19.36	0.077202	14.594
19.35	19.36	0.077219	14.694
19.35	19.36	0.077236	14.794
19.35	19.36	0.077252	14.893
19.35	19.36	0.077269	14.995
19.35	19.36	0.077286	15.093
19.38	19.36	0.077302	15.194
19.38	19.37	0.077319	15.295
19.38	19.37	0.077336	15.394
19.38	19.37	0.077352	15.494
19.38	19.37	0.077369	15.595
19.38	19.37	0.077386	15.694
19.38	19.37	0.077402	15.793
19.38	19.37	0.077419	15.895
19.38	19.37	0.077436	15.993
19.38	19.37	0.077452	16.118
19.38	19.37	0.077469	16.195
19.38	19.38	0.077486	16.322
19.38	19.38	0.077502	16.417
19.38	19.38	0.077519	16.495
19.38	19.38	0.077536	16.621
19.38	19.38	0.077552	16.715
19.35	19.38	0.077569	16.819
19.35	19.38	0.077586	16.919
19.35	19.38	0.077602	17.013
19.35	19.38	0.077619	17.118
19.35	19.38	0.077636	17.218
19.35	19.38	0.077652	17.312
19.35	19.39	0.077669	17.417
19.38	19.40	0.077686	17.516
19.38	19.40	0.077702	17.611
19.38	19.40	0.077719	17.715
19.38	19.40	0.077736	17.810
19.38	19.40	0.077752	17.910
19.38	19.40	0.077769	18.014
19.38	19.40	0.077786	18.109
19.38	19.40	0.077802	18.208
19.40	19.40	0.077819	18.313
19.40	19.40	0.077836	18.407
19.40	19.40	0.077852	18.507
19.40	19.41	0.077869	18.611
19.40	19.42	0.077886	18.706
19.40	19.42	0.077902	18.806
19.40	19.42	0.077919	18.910
19.40	19.42	0.077935	19.005
19.40	19.42	0.077952	19.104
19.40	19.42	0.077969	19.209
19.43	19.42	0.077985	19.303
19.43	19.42	0.078002	19.403
19.43	19.42	0.078019	19.508
19.43	19.42	0.078035	19.602
19.43	19.42	0.078052	19.702
19.43	19.43	0.078069	19.806
19.43	19.43	0.078085	19.901
19.43	19.43	0.078102	20.000
19.43	19.43	0.078119	20.105
19.43	19.43	0.078135	20.199
19.45	19.43	0.078152	20.301
19.45	19.43	0.078169	20.404
19.45	19.43	0.078185	20.498
19.45	19.43	0.078202	20.601
19.45	19.43	0.078219	20.702
19.45	19.43	0.078235	20.797
19.45	19.43	0.078252	20.900
19.45	19.43	0.078269	21.001
19.45	19.43	0.078285	21.096
19.45	19.43	0.078302	21.200
19.45	19.43	0.078319	21.300
19.45	19.43	0.078335	21.395
19.45	19.43	0.078352	21.499
19.43	19.43	0.078369	21.598
19.43	19.43	0.078385	21.696
19.43	19.43	0.078402	21.797
19.43	19.43	0.078419	21.897
19.43	19.43	0.078435	21.996
19.43	19.43	0.078452	22.096
19.43	19.44	0.078469	22.197
19.43	19.44	0.078485	22.295
19.43	19.44	0.078502	22.396
19.43	19.44	0.078519	22.496
19.43	19.44	0.078535	22.596
19.43	19.44	0.078552	22.695
19.43	19.44	0.078569	22.797
19.43	19.44	0.078585	22.896
19.43	19.44	0.078602	22.996
19.43	19.44	0.078619	23.097
19.43	19.44	0.078635	23.195
19.43	19.44	0.078652	23.296
19.43	19.44	0.078669	23.397
19.43	19.44	0.078685	23.496
19.43	19.44	0.078702	23.596
19.45	19.44	0.078719	23.697
19.45	19.44	0.078735	23.796
19.45	19.44	0.078752	23.895
19.45	19.44	0.078768	23.998
19.45	19.44	0.078785	24.095
19.45	19.44	0.078802	24.196
19.45	19.44	0.078818	24.297
19.45	19.44	0.078835	24.396
19.45	19.45	0.078852	24.496
19.45	19.45	0.078868	24.597
19.45	19.45	0.078885	24.696
19.45	19.45	0.078902	24.795
19.45	19.45	0.078918	24.898
19.45	19.45	0.078935	24.995
19.45	19.45	0.078952	25.096
19.45	19.45	0.078968	25.197
19.45	19.45	0.078985	25.296
19.45	19.45	0.079002	25.396
19.45	19.45	0.079018	25.498
19.45	19.45	0.079035	25.596
19.45	19.45	0.079052	25.695
19.45	19.45	0.079068	25.798
19.45	19.45	0.079085	25.895
19.45	19.45	0.079102	25.996
19.45	19.45	0.079118	26.098
19.45	19.45	0.079135	26.196
19.45	19.45	0.079152	26.296
19.45	19.45	0.079168	26.398
19.45	19.45	0.079185	26.496
19.45	19.45	0.079202	26.595
19.45	19.45	0.079218	26.698
19.45	19.45	0.079235	26.795
19.45	19.45	0.079252	26.920
19.45	19.45	0.079268	26.999
19.45	19.45	0.079285	27.124
19.45	19.45	0.079302	27.219
19.45	19.45	0.079318	27.298
19.45	19.45	0.079335	27.423
19.45	19.45	0.079352	27.517
19.45	19.45	0.079368	27.622
19.45	19.45	0.079385	27.721
19.45	19.46	0.079402	27.816
19.45	19.46	0.079418	27.920
19.45	19.46	0.079435	28.020
19.45	19.46	0.079452	28.115
19.45	19.46	0.079468	28.219
19.45	19.46	0.079485	28.319
19.45	19.46	0.079502	28.413
19.45	19.46	0.079518	28.518
19.48	19.46	0.079535	28.612
19.48	19.46	0.079552	28.712
19.48	19.46	0.079568	28.817
19.48	19.46	0.079585	28.911
19.48	19.47	0.079601	29.011
19.48	19.47	0.079618	29.115
19.48	19.47	0.079635	29.210
19.48	19.47	0.079651	29.309
19.48	19.47	0.079668	29.414
19.48	19.47	0.079685	29.508
19.48	19.47	0.079701	29.608
19.48	19.47	0.079718	29.713
19.45	19.47	0.079735	29.807
19.45	19.47	0.079751	29.907
19.45	19.48	0.079768	30.011
19.45	19.48	0.079785	30.106
19.45	19.48	0.079801	30.205
19.45	19.48	0.079818	30.310
19.45	19.48	0.079835	30.405
19.45	19.48	0.079851	30.504
19.45	19.48	0.079868	30.609
19.48	19.48	0.079885	30.703
19.48	19.48	0.079901	30.804
19.48	19.48	0.079918	30.907
19.48	19.49	0.079935	31.002
19.48	19.49	0.079951	31.103
19.48	19.49	0.079968	31.206
19.48	19.49	0.079985	31.301
19.48	19.49	0.080001	31.404
19.48	19.49	0.080018	31.505
19.48	19.49	0.080035	31.599
19.48	19.49	0.080051	31.704
19.50	19.49	0.080068	31.803
19.50	19.49	0.080085	31.898
19.50	19.49	0.080101	32.003
19.50	19.50	0.080118	32.102
19.50	19.50	0.080135	32.197
19.50	19.51	0.080151	32.301
19.50	19.51	0.080168	32.401
19.50	19.51	0.080185	32.496
19.50	19.51	0.080201	32.600
19.50	19.51	0.080218	32.700
19.50	19.51	0.080235	32.797
19.50	19.51	0.080251	32.899
19.50	19.51	0.080268	33.000
19.50	19.51	0.080285	33.097
19.53	19.52	0.080301	33.197
19.53	19.52	0.080318	33.300
19.53	19.52	0.080335	33.396
19.53	19.52	0.080351	33.497
19.53	19.52	0.080368	33.600
19.53	19.52	0.080385	33.697
19.53	19.52	0.080401	33.797
19.53	19.52	0.080418	33.900
19.53	19.52	0.080434	33.997
19.53	19.52	0.080451	34.096
19.53	19.52	0.080468	34.200
19.53	19.53	0.080484	34.296
19.53	19.53	0.080501	34.397
19.53	19.54	0.080518	34.501
19.53	19.54	0.080534	34.597
19.53	19.54	0.080551	34.697
19.53	19.54	0.080568	34.800
19.53	19.54	0.080584	34.897
19.53	19.54	0.080601	34.996
19.53	19.54	0.080618	35.101
19.53	19.54	0.080634	35.197
19.53	19.54	0.080651	35.298
19.53	19.54	0.080668	35.401
19.53	19.54	0.080684	35.498
19.56	19.54	0.080701	35.598
19.56	19.54	0.080718	35.701
19.56	19.54	0.080734	35.798
19.56	19.54	0.080751	35.897
19.56	19.54	0.080768	36.001
19.56	19.54	0.080784	36.097
19.56	19.54	0.080801	36.198
19.56	19.54	0.080818	36.302
19.56	19.54	0.080834	36.398
19.56	19.54	0.080851	36.498
19.56	19.54	0.080868	36.601
19.56	19.54	0.080884	36.698
19.53	19.54	0.080901	36.797
19.53	19.54	0.080918	36.901
19.53	19.55	0.080934	36.998
19.53	19.55	0.080951	37.098
19.53	19.55	0.080968	37.202
19.53	19.55	0.080984	37.297
19.53	19.55	0.081001	37.398
19.53	19.55	0.081018	37.501
19.53	19.55	0.081034	37.598
19.53	19.55	0.081051	37.697
19.53	19.55	0.081068	37.801
19.53	19.55	0.081084	37.897
19.53	19.55	0.081101	38.021
19.53	19.55	0.081118	38.126
19.53	19.56	0.081134	38.225
19.56	19.56	0.081151	38.320
19.56	19.57	0.081168	38.424
19.56	19.57	0.081184	38.524
19.56	19.57	0.081201	38.618
19.56	19.57	0.081218	38.723
19.56	19.57	0.081234	38.822
19.56	19.57	0.081251	38.917
19.56	19.57	0.081267	39.022
19.56	19.57	0.081284	39.116
19.56	19.57	0.081301	39.216
19.58	19.57	0.081317	39.320
19.58	19.57	0.081334	39.415
19.58	19.58	0.081351	39.514
19.58	19.58	0.081367	39.619
19.58	19.58	0.081384	39.714
19.58	19.58	0.081401	39.813
19.58	19.58	0.081417	39.918
19.58	19.58	0.081434	40.012
19.58	19.58	0.081451	40.112
19.58	19.58	0.081467	40.216
19.58	19.58	0.081484	40.311
19.58	19.58	0.081501	40.410
19.58	19.59	0.081517	40.515
19.58	19.59	0.081534	40.610
19.58	19.59	0.081551	40.709
19.58	19.59	0.081567	40.814
19.61	19.59	0.081584	40.908
19.61	19.59	0.081601	41.008
19.61	19.59	0.081617	41.112
19.61	19.59	0.081634	41.207
19.61	19.59	0.081651	41.307
19.61	19.59	0.081667	41.411
19.61	19.59	0.081684	41.506
19.61	19.59	0.081701	41.607
19.61	19.60	0.081717	41.710
19.61	19.60	0.081734	41.804
19.61	19.60	0.081751	41.907
19.61	19.60	0.081767	42.008
19.61	19.60	0.081784	42.103
19.61	19.60	0.081801	42.207
19.61	19.60	0.081817	42.307
19.61	19.60	0.081834	42.401
19.61	19.60	0.081851	42.506
19.61	19.60	0.081867	42.605
19.61	19.60	0.081884	42.700
19.61	19.60	0.081901	42.805
19.61	19.60	0.081917	42.904
19.61	19.60	0.081934	43.000
19.61	19.60	0.081951	43.103
19.61	19.60	0.081967	43.203
19.58	19.60	0.081984	43.299
19.58	19.60	0.082001	43.402
19.58	19.60	0.082017	43.503
19.58	19.61	0.082034	43.600
19.58	19.61	0.082051	43.701
19.58	19.61	0.082067	43.803
19.58	19.62	0.082084	43.900
19.58	19.62	0.082100	43.999
19.58	19.62	0.082117	44.103
19.61	19.62	0.082134	44.199
19.61	19.62	0.082150	44.300
19.61	19.62	0.082167	44.404
19.61	19.62	0.082184	44.500
19.61	19.62	0.082200	44.600
19.61	19.62	0.082217	44.703
19.61	19.63	0.082234	44.800
19.63	19.63	0.082250	44.899
19.63	19.63	0.082267	45.003
19.63	19.63	0.082284	45.099
19.63	19.63	0.082300	45.200
19.63	19.63	0.082317	45.304
19.63	19.63	0.082334	45.399
19.63	19.63	0.082350	45.500
19.63	19.63	0.082367	45.603
19.63	19.63	0.082384	45.700
19.63	19.64	0.082400	45.799
19.66	19.64	0.082417	45.904
19.66	19.65	0.082434	46.001
19.66	19.65	0.082450	46.101
19.66	19.65	0.082467	46.204
19.66	19.65	0.082484	46.300
19.66	19.65	0.082500	46.401
19.66	19.65	0.082517	46.503
19.66	19.65	0.082534	46.601
19.66	19.65	0.082550	46.700
19.66	19.65	0.082567	46.804
19.66	19.66	0.082584	46.901
19.66	19.66	0.082600	47.000
19.66	19.67	0.082617	47.104
19.66	19.67	0.082634	47.200
19.66	19.67	0.082650	47.301
19.66	19.67	0.082667	47.404
19.66	19.67	0.082684	47.501
19.66	19.67	0.082700	47.601
19.66	19.67	0.082717	47.704
19.66	19.67	0.082734	47.802
19.66	19.67	0.082750	47.901
19.66	19.67	0.082767	48.004
19.66	19.68	0.082784	48.101
19.66	19.69	0.082800	48.201
19.66	19.70	0.082817	48.304
19.68	19.70	0.082834	48.430
19.68	19.70	0.082850	48.525
19.68	19.70	0.082867	48.605
19.68	19.70	0.082884	48.729
19.68	19.70	0.082900	48.824
19.68	19.70	0.082917	48.928
19.68	19.70	0.082933	49.028
19.71	19.70	0.082950	49.122
19.71	19.70	0.082967	49.227
19.71	19.71	0.082983	49.326
19.71	19.72	0.083000	49.421
19.71	19.72	0.083017	49.526
19.71	19.73	0.083033	49.625
19.71	19.73	0.083050	49.720
19.71	19.73	0.083067	49.824
19.74	19.73	0.083083	49.918
19.74	19.73	0.083100	50.018
19.74	19.73	0.083117	50.122
19.74	19.73	0.083133	50.217
19.74	19.73	0.083150	50.317
19.74	19.73	0.083167	50.421
19.74	19.73	0.083183	50.516
19.74	19.73	0.083200	50.615
19.74	19.73	0.083217	50.720
19.74	19.73	0.083233	50.814
19.74	19.73	0.083250	50.914
19.74	19.73	0.083267	51.019
19.76	19.73	0.083283	51.113
19.76	19.73	0.083300	51.213
19.76	19.73	0.083317	51.317
19.76	19.73	0.083333	51.412
19.76	19.73	0.083350	51.511
19.76	19.73	0.083367	51.616
19.76	19.73	0.083383	51.710
19.76	19.73	0.083400	51.811
19.76	19.74	0.083417	51.915
19.74	19.74	0.083433	52.009
19.74	19.75	0.083450	52.110
19.74	19.75	0.083467	52.213
19.74	19.75	0.083483	52.308
19.74	19.75	0.083500	52.409
19.74	19.75	0.083517	52.512
19.74	19.75	0.083533	52.607
19.74	19.75	0.083550	52.710
19.74	19.75	0.083567	52.811
19.74	19.75	0.083583	52.905
19.74	19.75	0.083600	53.010
19.74	19.76	0.083617	53.109
19.74	19.76	0.083633	53.204
19.74	19.76	0.083650	53.308
19.74	19.76	0.083667	53.408
19.74	19.76	0.083683	53.503
19.74	19.76	0.083700	53.607
19.74	19.76	0.083717	53.707
19.74	19.76	0.083733	53.801
19.74	19.76	0.083750	53.906
19.76	19.76	0.083766	54.006
19.76	19.77	0.083783	54.102
19.76	19.77	0.083800	54.205
19.76	19.78	0.083816	54.306
19.76	19.78	0.083833	54.402
19.76	19.78	0.083850	54.503
19.76	19.78	0.083866	54.606
19.76	19.78	0.083883	54.701
19.76	19.78	0.083900	54.802
19.76	19.78	0.083916	54.906
19.79	19.78	0.083933	55.002
19.79	19.78	0.083950	55.102
19.79	19.78	0.083966	55.206
19.79	19.79	0.083983	55.302
19.79	19.79	0.084000	55.401
19.79	19.80	0.084016	55.506
19.79	19.80	0.084033	55.601
19.79	19.80	0.084050	55.702
19.79	19.80	0.084066	55.802
19.79	19.80	0.084083	55.902
19.79	19.80	0.084100	56.002
19.81	19.80	0.084116	56.101
19.81	19.80	0.084133	56.202
19.81	19.80	0.084150	56.301
19.81	19.80	0.084166	56.402
19.81	19.81	0.084183	56.501
19.81	19.82	0.084200	56.602
19.81	19.82	0.084216	56.702
19.81	19.82	0.084233	56.802
19.81	19.82	0.084250	56.902
19.81	19.82	0.084266	57.000
19.81	19.82	0.084283	57.102
19.81	19.82	0.084300	57.201
19.81	19.82	0.084316	57.302
19.81	19.82	0.084333	57.402
19.81	19.82	0.084350	57.502
19.84	19.83	0.084366	57.602
19.84	19.84	0.084383	57.701
19.84	19.84	0.084400	57.802
19.84	19.84	0.084416	57.901
19.84	19.84	0.084433	58.002
19.84	19.84	0.084450	58.101
19.84	19.84	0.084466	58.202
19.84	19.84	0.084483	58.302
19.84	19.84	0.084500	58.402
19.84	19.84	0.084516	58.502
19.84	19.84	0.084533	58.601
19.84	19.85	0.084550	58.702
19.86	19.86	0.084566	58.801
19.86	19.87	0.084583	58.902
19.86	19.87	0.084599	59.001
19.86	19.87	0.084616	59.102
19.86	19.87	0.084633	59.202
19.86	19.87	0.084649	59.302
19.86	19.87	0.084666	59.401
19.86	19.87	0.084683	59.502
19.86	19.87	0.084699	59.601
19.86	19.87	0.084716	59.731
19.86	19.87	0.084733	59.830
19.86	19.89	0.084749	59.925
19.89	19.89	0.084766	00.029
19.89	19.90	0.084783	00.129
19.89	19.90	0.084799	00.224
19.89	19.90	0.084816	00.328
19.89	19.90	0.084833	00.423
19.89	19.90	0.084849	00.522
19.89	19.90	0.084866	00.626
19.89	19.90	0.084883	00.720
19.89	19.90	0.084899	00.820
19.89	19.90	0.084916	00.926
19.92	19.91	0.084933	01.020
19.92	19.91	0.084949	01.120
19.92	19.92	0.084966	01.224
19.92	19.93	0.084983	01.319
19.92	19.93	0.084999	01.417
19.92	19.93	0.085016	01.522
19.92	19.93	0.085033	01.616
19.92	19.93	0.085049	01.716
19.92	19.93	0.085066	01.821
19.92	19.93	0.085083	01.916
19.92	19.93	0.085099	02.015
19.92	19.93	0.085116	02.120
19.94	19.93	0.085133	02.214
19.94	19.95	0.085149	02.314
19.94	19.96	0.085166	02.418
19.94	19.96	0.085183	02.513
19.94	19.96	0.085199	02.613
19.94	19.96	0.085216	02.717
19.94	19.96	0.085233	02.812
19.94	19.96	0.085249	02.913
19.94	19.96	0.085266	03.016
19.94	19.96	0.085283	03.110
19.97	19.96	0.085299	03.213
19.97	19.96	0.085316	03.314
19.97	19.97	0.085333	03.409
19.97	19.99	0.085349	03.513
19.97	20.00	0.085366	03.613
19.97	20.00	0.085383	03.708
19.97	20.00	0.085399	03.812
19.97	20.00	0.085416	03.912
19.99	20.00	0.085432	04.006
19.99	20.00	0.085449	04.111
19.99	20.00	0.085466	04.210
19.99	20.00	0.085482	04.305
19.99	20.00	0.085499	04.410
19.99	20.00	0.085516	04.509
20.02	20.02	0.085532	04.605
20.02	20.03	0.085549	04.708
20.02	20.04	0.085566	04.809
20.02	20.04	0.085582	04.904
20.02	20.04	0.085599	05.007
20.02	20.04	0.085616	05.109
20.04	20.04	0.085632	05.205
20.04	20.04	0.085649	05.306
20.04	20.04	0.085666	05.409
20.04	20.04	0.085682	05.505
20.04	20.04	0.085699	05.604
20.04	20.04	0.085716	05.709
20.07	20.04	0.085732	05.804
20.07	20.04	0.085749	05.905
20.07	20.04	0.085766	06.005
20.07	20.04	0.085782	06.105
20.07	20.04	0.085799	06.205
20.07	20.04	0.085816	06.304
20.07	20.04	0.085832	06.405
20.07	20.04	0.085849	06.504
20.07	20.04	0.085866	06.610
20.07	20.04	0.085882	06.704
20.07	20.04	0.085899	06.805
20.07	20.04	0.085916	06.905
20.07	20.04	0.085932	07.004
20.07	20.04	0.085949	07.105
20.07	20.04	0.085966	07.204
20.07	20.06	0.085982	07.305
20.07	20.07	0.085999	07.404
20.07	20.08	0.086016	07.505
20.07	20.08	0.086032	07.605
20.07	20.08	0.086049	07.705
20.07	20.08	0.086066	07.805
20.07	20.08	0.086082	07.905
20.07	20.08	0.086099	08.004
20.07	20.08	0.086116	08.105
20.07	20.08	0.086132	08.204
20.07	20.08	0.086149	08.304
20.07	20.08	0.086166	08.405
20.07	20.10	0.086182	08.504
20.07	20.11	0.086199	08.605
20.07	20.11	0.086216	08.704
20.07	20.11	0.086232	08.805
20.07	20.11	0.086249	08.905
20.07	20.11	0.086265	09.005
20.07	20.11	0.086282	09.105
20.09	20.11	0.086299	09.204
20.09	20.11	0.086315	09.305
20.09	20.11	0.086332	09.404
20.09	20.11	0.086349	09.505
20.09	20.11	0.086365	09.605
20.12	20.13	0.086382	09.705
20.12	20.14	0.086399	09.805
20.12	20.14	0.086415	09.905
20.12	20.14	0.086432	10.004
20.12	20.14	0.086449	10.105
20.15	20.14	0.086465	10.204
20.15	20.14	0.086482	10.334
20.15	20.14	0.086499	10.428
20.15	20.14	0.086515	10.533
20.15	20.14	0.086532	10.633
20.17	20.14	0.086549	10.727
20.17	20.15	0.086565	10.832
20.17	20.16	0.086582	10.931
20.17	20.17	0.086599	11.026
20.17	20.17	0.086615	11.130
20.17	20.17	0.086632	11.225
20.17	20.17	0.086649	11.325
20.17	20.17	0.086665	11.429
20.17	20.17	0.086682	11.524
20.17	20.17	0.086699	11.623
20.17	20.17	0.086715	11.728
20.17	20.17	0.086732	11.822
20.17	20.17	0.086749	11.922
20.20	20.19	0.086765	12.027
20.20	20.19	0.086782	12.121
20.20	20.20	0.086799	12.221
20.20	20.20	0.086815	12.325
20.20	20.20	0.086832	12.420
20.20	20.20	0.086849	12.519
20.20	20.20	0.086865	12.624
20.20	20.20	0.086882	12.718
20.20	20.20	0.086899	12.818
20.20	20.20	0.086915	12.922
20.20	20.20	0.086932	13.016
20.20	20.21	0.086949	13.117
20.20	20.21	0.086965	13.220
20.20	20.22	0.086982	13.316
20.22	20.22	0.086999	13.416
20.22	20.22	0.087015	13.520
20.22	20.22	0.087032	13.615
20.22	20.22	0.087049	13.716
20.22	20.22	0.087065	13.819
20.22	20.22	0.087082	13.913
20.22	20.22	0.087098	14.016
20.22	20.22	0.087115	14.116
20.22	20.22	0.087132	14.211
20.22	20.23	0.087148	14.316
20.22	20.24	0.087165	14.416
20.22	20.24	0.087182	14.510
20.25	20.24	0.087198	14.615
20.25	20.24	0.087215	14.714
20.25	20.24	0.087232	14.809
20.25	20.24	0.087248	14.913
20.25	20.24	0.087265	15.013
20.25	20.24	0.087282	15.108
20.25	20.24	0.087298	15.212
20.25	20.25	0.087315	15.307
20.25	20.25	0.087332	15.406
20.25	20.26	0.087348	15.510
20.25	20.26	0.087365	15.605
20.25	20.26	0.087382	15.704
20.25	20.26	0.087398	15.809
20.25	20.26	0.087415	15.905
20.27	20.26	0.087432	16.005
20.27	20.26	0.087448	16.108
20.27	20.26	0.087465	16.204
20.27	20.26	0.087482	16.305
20.27	20.26	0.087498	16.406
20.27	20.28	0.087515	16.505
20.27	20.28	0.087532	16.604
20.27	20.28	0.087548	16.705
20.27	20.28	0.087565	16.804
20.27	20.28	0.087582	16.905
20.27	20.28	0.087598	17.004
20.27	20.28	0.087615	17.105
20.27	20.28	0.087632	17.204
20.27	20.28	0.087648	17.304
20.30	20.28	0.087665	17.405
20.30	20.28	0.087682	17.505
20.30	20.30	0.087698	17.605
20.30	20.30	0.087715	17.704
20.30	20.31	0.087732	17.805
20.30	20.31	0.087748	17.904
20.30	20.31	0.087765	18.005
20.30	20.31	0.087782	18.104
20.30	20.31	0.087798	18.205
20.30	20.31	0.087815	18.305
20.30	20.31	0.087832	18.405
20.30	20.31	0.087848	18.504
20.30	20.31	0.087865	18.605
20.30	20.31	0.087882	18.704
20.33	20.33	0.087898	18.805
20.33	20.34	0.087915	18.905
20.33	20.34	0.087931	19.005
20.33	20.34	0.087948	19.105
20.33	20.34	0.087965	19.204
20.33	20.34	0.087981	19.305
20.33	20.34	0.087998	19.404
20.33	20.34	0.088015	19.505
20.33	20.34	0.088031	19.604
20.33	20.34	0.088048	19.705
20.33	20.34	0.088065	19.805
20.35	20.36	0.088081	19.905
20.35	20.36	0.088098	20.004
20.35	20.37	0.088115	20.105
20.35	20.38	0.088131	20.204
20.35	20.38	0.088148	20.305
20.35	20.38	0.088165	20.404
20.35	20.38	0.088181	20.505
20.35	20.38	0.088198	20.605
20.38	20.38	0.088215	20.705
20.38	20.38	0.088231	20.804
20.38	20.38	0.088248	20.904
20.38	20.38	0.088265	21.005
20.38	20.38	0.088281	21.104
20.38	20.38	0.088298	21.205
20.38	20.38	0.088315	21.304
20.40	20.38	0.088331	21.405
20.40	20.38	0.088348	21.529
20.40	20.38	0.088365	21.634
20.40	20.38	0.088381	21.733
20.40	20.38	0.088398	21.828
20.40	20.38	0.088415	21.932
20.40	20.38	0.088431	22.027
20.40	20.38	0.088448	22.126
20.40	20.38	0.088465	22.231
20.40	20.38	0.088481	22.326
20.40	20.38	0.088498	22.425
20.40	20.38	0.088515	22.530
20.40	20.38	0.088531	22.624
20.40	20.40	0.088548	22.724
20.40	20.41	0.088565	22.829
20.40	20.41	0.088581	22.923
20.40	20.41	0.088598	23.023
20.40	20.41	0.088615	23.128
20.40	20.41	0.088631	23.222
20.40	20.41	0.088648	23.322
20.40	20.41	0.088665	23.426
20.40	20.41	0.088681	23.521
20.40	20.41	0.088698	23.620
20.40	20.41	0.088715	23.724
20.40	20.41	0.088731	23.819
20.40	20.42	0.088748	23.918
20.40	20.43	0.088764	24.023
20.40	20.43	0.088781	24.118
20.40	20.43	0.088798	24.219
20.43	20.43	0.088814	24.322
20.43	20.44	0.088831	24.416
20.43	20.44	0.088848	24.519
20.43	20.44	0.088864	24.620
20.43	20.44	0.088881	24.715
20.43	20.44	0.088898	24.819
20.43	20.44	0.088914	24.919
20.43	20.44	0.088931	25.015
20.43	20.44	0.088948	25.118
20.45	20.44	0.088964	25.218
20.45	20.45	0.088981	25.312
20.45	20.45	0.088998	25.417
20.45	20.45	0.089014	25.516
20.45	20.45	0.089031	25.611
20.45	20.45	0.089048	25.715
20.45	20.45	0.089064	25.815
20.45	20.45	0.089081	25.910
20.45	20.45	0.089098	26.014
20.45	20.45	0.089114	26.109
20.45	20.45	0.089131	26.208
20.45	20.45	0.089148	26.313
20.48	20.45	0.089164	26.407
20.48	20.45	0.089181	26.507
20.48	20.45	0.089198	26.612
20.48	20.45	0.089214	26.706
20.48	20.45	0.089231	26.806
20.48	20.45	0.089248	26.911
20.48	20.45	0.089264	27.005
20.48	20.45	0.089281	27.106
20.48	20.45	0.089298	27.209
20.48	20.45	0.089314	27.306
20.48	20.46	0.089331	27.406
20.48	20.46	0.089348	27.508
20.45	20.46	0.089364	27.606
20.45	20.46	0.089381	27.705
20.45	20.46	0.089398	27.807
20.45	20.46	0.089414	27.905
20.45	20.46	0.089431	28.006
20.45	20.46	0.089448	28.106
20.45	20.46	0.089464	28.207
20.45	20.46	0.089481	28.307
20.45	20.46	0.089498	28.407
20.45	20.46	0.089514	28.507
20.45	20.47	0.089531	28.606
20.45	20.47	0.089548	28.707
20.45	20.47	0.089564	28.806
20.45	20.47	0.089581	28.907
20.45	20.47	0.089597	29.007
20.45	20.47	0.089614	29.107
20.45	20.47	0.089631	29.207
20.45	20.47	0.089647	29.306
20.45	20.47	0.089664	29.407
20.45	20.47	0.089681	29.506
20.48	20.48	0.089697	29.607
20.48	20.48	0.089714	29.706
20.48	20.48	0.089731	29.807
20.48	20.48	0.089747	29.907
20.48	20.48	0.089764	30.007
20.48	20.48	0.089781	30.108
20.48	20.48	0.089797	30.207
20.48	20.48	0.089814	30.308
20.50	20.48	0.089831	30.407
20.50	20.48	0.089847	30.508
20.50	20.48	0.089864	30.607
20.50	20.49	0.089881	30.708
20.50	20.49	0.089897	30.808
20.50	20.49	0.089914	30.908
20.50	20.50	0.089931	31.007
20.50	20.50	0.089947	31.107
20.50	20.50	0.089964	31.208
20.50	20.50	0.089981	31.307
20.50	20.50	0.089997	31.408
20.50	20.50	0.090014	31.507
20.50	20.50	0.090031	31.608
20.50	20.50	0.090047	31.708
20.50	20.50	0.090064	31.807
20.50	20.51	0.090081	31.908
20.50	20.51	0.090097	32.007
20.50	20.51	0.090114	32.108
20.50	20.51	0.090131	32.207
20.50	20.51	0.090147	32.332
20.50	20.51	0.090164	32.436
20.50	20.51	0.090181	32.531
20.50	20.51	0.090197	32.631
20.50	20.51	0.090214	32.735
20.53	20.52	0.090231	32.830
20.53	20.52	0.090247	32.929
20.53	20.53	0.090264	33.034
20.53	20.53	0.090281	33.128
20.53	20.53	0.090297	33.228
20.53	20.53	0.090314	33.333
20.53	20.53	0.090331	33.427
20.53	20.53	0.090347	33.527
20.53	20.53	0.090364	33.631
20.53	20.53	0.090381	33.726
20.53	20.53	0.090397	33.825
20.53	20.53	0.090414	33.930
20.53	20.54	0.090430	34.024
20.53	20.55	0.090447	34.124
20.53	20.55	0.090464	34.229
20.53	20.55	0.090480	34.323
20.56	20.55	0.090497	34.422
20.56	20.55	0.090514	34.527
20.56	20.55	0.090530	34.622
20.56	20.55	0.090547	34.722
20.56	20.55	0.090564	34.826
20.56	20.55	0.090580	34.921
20.56	20.55	0.090597	35.022
20.56	20.57	0.090614	35.125
20.56	20.57	0.090630	35.219
20.56	20.58	0.090647	35.322
20.56	20.58	0.090664	35.423
20.56	20.58	0.090680	35.518
20.56	20.58	0.090697	35.622
20.56	20.58	0.090714	35.722
20.56	20.58	0.090730	35.817
20.58	20.58	0.090747	35.921
20.58	20.58	0.090764	36.020
20.58	20.58	0.090780	36.115
20.58	20.58	0.090797	36.219
20.58	20.58	0.090814	36.319
20.58	20.58	0.090830	36.414
20.58	20.58	0.090847	36.518
20.58	20.58	0.090864	36.613
20.58	20.58	0.090880	36.712
20.61	20.58	0.090897	36.817
20.61	20.58	0.090914	36.911
20.61	20.58	0.090930	37.011
20.61	20.58	0.090947	37.115
20.61	20.58	0.090964	37.210
20.61	20.58	0.090980	37.310
20.61	20.58	0.090997	37.414
20.61	20.58	0.091014	37.509
20.61	20.58	0.091030	37.608
20.61	20.58	0.091047	37.713
20.61	20.60	0.091064	37.807
20.61	20.60	0.091080	37.908
20.61	20.61	0.091097	38.012
20.58	20.61	0.091114	38.108
20.58	20.61	0.091130	38.208
20.58	20.61	0.091147	38.310
20.58	20.61	0.091164	38.408
20.58	20.61	0.091180	38.507
20.58	20.61	0.091197	38.609
20.58	20.61	0.091214	38.707
20.58	20.61	0.091230	38.808
20.58	20.61	0.091247	38.908
20.61	20.62	0.091263	39.008
20.61	20.62	0.091280	39.108
20.61	20.62	0.091297	39.207
20.61	20.62	0.091313	39.308
20.61	20.62	0.091330	39.407
20.61	20.62	0.091347	39.508
20.61	20.62	0.091363	39.607
20.63	20.62	0.091380	39.708
20.63	20.62	0.091397	39.808
20.63	20.62	0.091413	39.908
20.63	20.62	0.091430	40.008
20.63	20.63	0.091447	40.107
20.63	20.63	0.091463	40.208
20.63	20.63	0.091480	40.307
20.63	20.64	0.091497	40.408
20.63	20.64	0.091513	40.508
20.63	20.64	0.091530	40.608
20.63	20.64	0.091547	40.708
20.66	20.64	0.091563	40.807
20.66	20.64	0.091580	40.908
20.66	20.64	0.091597	41.007
20.66	20.64	0.091613	41.109
20.66	20.64	0.091630	41.208
20.66	20.64	0.091647	41.309
20.66	20.64	0.091663	41.409
20.66	20.64	0.091680	41.509
20.66	20.64	0.091697	41.608
20.66	20.64	0.091713	41.709
20.66	20.64	0.091730	41.808
20.66	20.64	0.091747	41.909
20.66	20.64	0.091763	42.009
20.66	20.64	0.091780	42.109
20.66	20.64	0.091797	42.209
20.66	20.64	0.091813	42.308
20.66	20.65	0.091830	42.409
20.66	20.65	0.091847	42.508
20.63	20.65	0.091863	42.609
20.63	20.65	0.091880	42.708
20.63	20.65	0.091897	42.809
20.63	20.65	0.091913	42.909
20.63	20.65	0.091930	43.009
20.63	20.65	0.091947	43.110
20.63	20.65	0.091963	43.209
20.63	20.65	0.091980	43.334
20.63	20.65	0.091997	43.433
20.63	20.66	0.092013	43.538
20.63	20.66	0.092030	43.632
20.63	20.66	0.092047	43.732
20.66	20.66	0.092063	43.836
20.66	20.66	0.092080	43.931
20.66	20.66	0.092096	44.031
20.66	20.66	0.092113	44.135
20.66	20.66	0.092130	44.230
20.66	20.66	0.092146	44.329
20.66	20.66	0.092163	44.434
20.66	20.66	0.092180	44.528
20.66	20.66	0.092196	44.627
20.66	20.67	0.092213	44.733
20.66	20.67	0.092230	44.826
20.66	20.68	0.092246	44.927
20.66	20.68	0.092263	45.030
20.68	20.68	0.092280	45.126
20.68	20.68	0.092296	45.225
20.68	20.68	0.092313	45.330
20.68	20.68	0.092330	45.423
20.68	20.68	0.092346	45.525
20.68	20.68	0.092363	45.628
20.68	20.68	0.092380	45.723
20.68	20.68	0.092396	45.825
20.68	20.69	0.092413	45.927
20.68	20.69	0.092430	46.021
20.68	20.69	0.092446	46.125
20.68	20.69	0.092463	46.225
20.68	20.69	0.092480	46.320
20.68	20.69	0.092496	46.425
20.71	20.69	0.092513	46.524
20.71	20.69	0.092530	46.619
20.71	20.69	0.092546	46.723
20.71	20.69	0.092563	46.823
20.71	20.69	0.092580	46.917
20.71	20.70	0.092596	47.022
20.71	20.71	0.092613	47.122
20.71	20.71	0.092630	47.216
20.71	20.71	0.092646	47.321
20.71	20.71	0.092663	47.415
20.71	20.71	0.092680	47.515
20.71	20.71	0.092696	47.619
20.71	20.71	0.092713	47.714
20.71	20.71	0.092730	47.813
20.71	20.71	0.092746	47.918
20.71	20.71	0.092763	48.013
20.71	20.71	0.092780	48.112
20.71	20.72	0.092796	48.216
20.71	20.72	0.092813	48.311
20.71	20.73	0.092830	48.410
20.71	20.73	0.092846	48.515
20.71	20.73	0.092863	48.611
20.71	20.73	0.092880	48.711
20.71	20.73	0.092896	48.814
20.71	20.73	0.092913	48.910
20.71	20.73	0.092929	49.011
20.74	20.73	0.092946	49.112
20.74	20.73	0.092963	49.211
20.74	20.74	0.092979	49.310
20.74	20.74	0.092996	49.411
20.74	20.74	0.093013	49.511
20.74	20.74	0.093029	49.611
20.74	20.74	0.093046	49.711
20.74	20.74	0.093063	49.810
20.74	20.74	0.093079	49.911
20.74	20.74	0.093096	50.010
20.74	20.74	0.093113	50.111
20.74	20.74	0.093129	50.210
20.74	20.74	0.093146	50.311
20.74	20.75	0.093163	50.411
20.76	20.76	0.093179	50.511
20.76	20.76	0.093196	50.611
20.76	20.76	0.093213	50.710
20.76	20.76	0.093229	50.811
20.76	20.76	0.093246	50.910
20.76	20.76	0.093263	51.011
20.76	20.76	0.093279	51.110
20.76	20.76	0.093296	51.211
20.76	20.76	0.093313	51.311
20.76	20.76	0.093329	51.411
20.76	20.76	0.093346	51.511
20.76	20.76	0.093363	51.610
20.76	20.76	0.093379	51.711
20.76	20.76	0.093396	51.810
20.76	20.76	0.093413	51.911
20.76	20.76	0.093429	52.011
20.76	20.76	0.093446	52.111
20.76	20.76	0.093463	52.210
20.79	20.76	0.093479	52.309
20.79	20.76	0.093496	52.410
20.79	20.76	0.093513	52.509
20.79	20.76	0.093529	52.610
20.79	20.76	0.093546	52.709
20.79	20.77	0.093563	52.810
20.79	20.77	0.093579	52.910
20.79	20.77	0.093596	53.010
20.79	20.78	0.093613	53.110
20.79	20.78	0.093629	53.209
20.79	20.78	0.093646	53.310
20.76	20.78	0.093663	53.409
20.76	20.78	0.093679	53.510
20.76	20.78	0.093696	53.609
20.76	20.78	0.093713	53.710
20.76	20.78	0.093729	53.810
20.76	20.78	0.093746	53.910
20.76	20.78	0.093762	54.011
20.76	20.78	0.093779	54.110
20.76	20.78	0.093796	54.211
20.76	20.78	0.093812	54.310
20.76	20.78	0.093829	54.434
20.79	20.78	0.093846	54.534
20.79	20.78	0.093862	54.639
20.79	20.78	0.093879	54.734
20.79	20.78	0.093896	54.833
20.79	20.78	0.093912	54.938
20.79	20.78	0.093929	55.032
20.79	20.77	0.093946	55.132
20.79	20.77	0.093962	55.236
20.79	20.77	0.093979	55.331
20.79	20.77	0.093996	55.430
20.79	20.77	0.094012	55.535
20.79	20.77	0.094029	55.630
20.79	20.77	0.094046	55.729
20.79	20.77	0.094062	55.834
20.79	20.77	0.094079	55.928
20.79	20.77	0.094096	56.028
20.79	20.77	0.094112	56.131
20.79	20.77	0.094129	56.226
20.76	20.76	0.094146	56.329
20.76	20.76	0.094162	56.430
20.76	20.76	0.094179	56.525
20.76	20.76	0.094196	56.628
20.76	20.76	0.094212	56.729
20.76	20.76	0.094229	56.823
20.76	20.76	0.094246	56.928
20.76	20.76	0.094262	57.027
20.76	20.76	0.094279	57.122
20.76	20.76	0.094296	57.227
20.76	20.76	0.094312	57.326
20.76	20.76	0.094329	57.421
20.76	20.76	0.094346	57.525
20.76	20.76	0.094362	57.625
20.76	20.76	0.094379	57.720
20.76	20.76	0.094396	57.824
20.76	20.76	0.094412	57.919
20.76	20.76	0.094429	58.019
20.76	20.76	0.094446	58.123
20.76	20.76	0.094462	58.218
20.76	20.76	0.094479	58.317
20.76	20.76	0.094496	58.422
20.76	20.76	0.094512	58.516
20.76	20.77	0.094529	58.616
20.76	20.77	0.094546	58.721
20.76	20.77	0.094562	58.815
20.76	20.77	0.094579	58.915
20.76	20.77	0.094595	59.019
20.76	20.77	0.094612	59.114
20.76	20.77	0.094629	59.213
20.76	20.77	0.094645	59.318
20.76	20.77	0.094662	59.412
20.76	20.77	0.094679	59.512
20.76	20.77	0.094695	59.617
20.76	20.78	0.094712	59.711
20.76	20.78	0.094729	59.812
20.76	20.78	0.094745	59.915
20.76	20.78	0.094762	00.011
20.76	20.78	0.094779	00.111
20.76	20.78	0.094795	00.214
20.76	20.78	0.094812	00.312
20.76	20.78	0.094829	00.412
20.76	20.78	0.094845	00.513
20.76	20.78	0.094862	00.611
20.76	20.79	0.094879	00.712
20.76	20.79	0.094895	00.812
20.76	20.80	0.094912	00.913
20.76	20.80	0.094929	01.012
20.79	20.80	0.094945	01.113
20.79	20.80	0.094962	01.213
20.79	20.80	0.094979	01.313
20.79	20.80	0.094995	01.413
20.79	20.80	0.095012	01.512
20.79	20.80	0.095029	01.613
20.79	20.80	0.095045	01.712
20.81	20.81	0.095062	01.813
20.81	20.81	0.095079	01.913
20.81	20.82	0.095095	02.013
20.81	20.82	0.095112	02.113
20.81	20.82	0.095129	02.212
20.81	20.82	0.095145	02.314
20.81	20.82	0.095162	02.413
20.81	20.82	0.095179	02.514
20.81	20.82	0.095195	02.614
20.81	20.82	0.095212	02.714
20.84	20.82	0.095229	02.814
20.84	20.83	0.095245	02.913
20.84	20.84	0.095262	03.014
20.84	20.84	0.095279	03.113
20.84	20.84	0.095295	03.214
20.84	20.84	0.095312	03.313
20.84	20.84	0.095329	03.414
20.84	20.84	0.095345	03.514
20.84	20.84	0.095362	03.614
20.84	20.84	0.095379	03.714
20.84	20.84	0.095395	03.813
20.84	20.84	0.095412	03.914
20.84	20.85	0.095428	04.013
20.84	20.86	0.095445	04.114
20.86	20.86	0.095462	04.214
20.86	20.86	0.095478	04.314
20.86	20.86	0.095495	04.414
20.86	20.86	0.095512	04.513
20.86	20.86	0.095528	04.614
20.86	20.86	0.095545	04.713
20.86	20.86	0.095562	04.814
20.86	20.86	0.095578	04.938
20.86	20.86	0.095595	05.037
20.86	20.86	0.095612	05.142
20.86	20.88	0.095628	05.237
20.86	20.88	0.095645	05.336
20.86	20.88	0.095662	05.441
20.86	20.88	0.095678	05.535
20.89	20.88	0.095695	05.635
20.89	20.88	0.095712	05.739
20.89	20.88	0.095728	05.834
20.89	20.88	0.095745	05.933
20.89	20.88	0.095762	06.038
20.89	20.88	0.095778	06.133
20.89	20.88	0.095795	06.232
20.89	20.88	0.095812	06.337
20.89	20.88	0.095828	06.431
20.89	20.88	0.095845	06.531
20.89	20.88	0.095862	06.635
20.89	20.88	0.095878	06.730
20.89	20.88	0.095895	06.832
20.89	20.88	0.095912	06.934
20.92	20.88	0.095928	07.029
20.92	20.88	0.095945	07.131
20.92	20.88	0.095962	07.233
20.92	20.88	0.095978	07.327
20.92	20.88	0.095995	07.431
20.92	20.88	0.096012	07.531
20.89	20.88	0.096028	07.626
20.89	20.88	0.096045	07.731
20.89	20.88	0.096062	07.830
20.89	20.89	0.096078	07.925
20.89	20.89	0.096095	08.029
20.89	20.89	0.096112	08.129
20.89	20.89	0.096128	08.223
20.89	20.89	0.096145	08.328
20.89	20.89	0.096162	08.428
20.89	20.89	0.096178	08.522
20.89	20.89	0.096195	08.627
20.86	20.89	0.096212	08.721
20.86	20.89	0.096228	08.821
20.86	20.89	0.096245	08.925
20.86	20.89	0.096261	09.020
20.86	20.89	0.096278	09.119
20.86	20.89	0.096295	09.224
20.86	20.89	0.096311	09.319
20.86	20.89	0.096328	09.418
20.89	20.89	0.096345	09.523
20.89	20.89	0.096361	09.617
20.89	20.89	0.096378	09.717
20.89	20.89	0.096395	09.821
20.89	20.89	0.096411	09.916
20.89	20.89	0.096428	10.016
20.89	20.89	0.096445	10.120
20.89	20.89	0.096461	10.215
20.89	20.89	0.096478	10.314
20.89	20.89	0.096495	10.419
20.89	20.89	0.096511	10.514
20.92	20.89	0.096528	10.615
20.92	20.89	0.096545	10.717
20.92	20.89	0.096561	10.815
20.92	20.89	0.096578	10.915
20.92	20.89	0.096595	11.016
20.92	20.89	0.096611	11.115
20.92	20.89	0.096628	11.214
20.92	20.88	0.096645	11.315
20.92	20.88	0.096661	11.414
20.89	20.88	0.096678	11.515
20.89	20.88	0.096695	11.614
20.89	20.88	0.096711	11.715
20.89	20.88	0.096728	11.815
20.89	20.88	0.096745	11.915
20.89	20.88	0.096761	12.015
20.89	20.88	0.096778	12.114
20.89	20.88	0.096795	12.215
20.89	20.88	0.096811	12.314
20.89	20.88	0.096828	12.415
20.89	20.88	0.096845	12.515
20.86	20.88	0.096861	12.615
20.86	20.88	0.096878	12.715
20.86	20.88	0.096895	12.814
20.86	20.88	0.096911	12.915
20.86	20.88	0.096928	13.014
20.86	20.88	0.096945	13.115
20.86	20.88	0.096961	13.214
20.86	20.88	0.096978	13.315
20.86	20.88	0.096995	13.415
20.86	20.88	0.097011	13.515
20.86	20.87	0.097028	13.615
20.86	20.87	0.097045	13.714
20.86	20.87	0.097061	13.815
20.86	20.87	0.097078	13.914
20.89	20.87	0.097094	14.014
20.89	20.87	0.097111	14.115
20.89	20.87	0.097128	14.215
20.89	20.87	0.097144	14.315
20.89	20.87	0.097161	14.414
20.89	20.87	0.097178	14.515
20.89	20.87	0.097194	14.614
20.89	20.87	0.097211	14.715
20.89	20.87	0.097228	14.814
20.89	20.87	0.097244	14.915
20.89	20.87	0.097261	15.015
20.89	20.87	0.097278	15.115
20.89	20.87	0.097294	15.216
20.89	20.87	0.097311	15.315
20.86	20.87	0.097328	15.415
20.86	20.87	0.097344	15.516
20.86	20.87	0.097361	15.615
20.86	20.87	0.097378	15.716
20.86	20.87	0.097394	15.816
20.86	20.87	0.097411	15.945
20.86	20.87	0.097428	16.040
20.86	20.87	0.097444	16.138
20.86	20.87	0.097461	16.244
20.86	20.87	0.097478	16.338
20.86	20.87	0.097494	16.437
20.86	20.87	0.097511	16.542
20.86	20.87	0.097528	16.636
20.86	20.87	0.097544	16.736
20.86	20.87	0.097561	16.841
20.86	20.87	0.097578	16.935
20.86	20.87	0.097594	17.035
20.86	20.87	0.097611	17.139
20.86	20.87	0.097628	17.234
20.86	20.87	0.097644	17.333
20.86	20.87	0.097661	17.438
20.86	20.87	0.097678	17.533
20.86	20.87	0.097694	17.634
20.86	20.87	0.097711	17.737
20.86	20.87	0.097728	17.831
20.86	20.87	0.097744	17.934
20.86	20.87	0.097761	18.035
20.86	20.88	0.097778	18.130
20.86	20.88	0.097794	18.234
20.89	20.88	0.097811	18.334
20.89	20.88	0.097828	18.429
20.89	20.88	0.097844	18.533
20.89	20.88	0.097861	18.633
20.89	20.88	0.097878	18.727
20.89	20.88	0.097894	18.832
20.89	20.88	0.097911	18.931
20.89	20.88	0.097927	19.026
20.89	20.88	0.097944	19.130
20.89	20.88	0.097961	19.230
20.89	20.88	0.097977	19.325
20.89	20.88	0.097994	19.429
20.89	20.88	0.098011	19.523
20.89	20.88	0.098027	19.623
20.89	20.88	0.098044	19.727
20.89	20.88	0.098061	19.822
20.89	20.88	0.098077	19.922
20.89	20.88	0.098094	20.026
20.89	20.89	0.098111	20.121
20.89	20.89	0.098127	20.220
20.89	20.89	0.098144	20.325
20.89	20.90	0.098161	20.419
20.89	20.90	0.098177	20.519
20.89	20.90	0.098194	20.623
20.89	20.90	0.098211	20.718
20.89	20.90	0.098227	20.818
20.89	20.90	0.098244	20.922
20.89	20.90	0.098261	21.018
20.89	20.90	0.098277	21.117
20.89	20.90	0.098294	21.221
20.89	20.90	0.098311	21.317
20.89	20.90	0.098327	21.418
20.89	20.90	0.098344	21.520
20.89	20.90	0.098361	21.618
20.89	20.90	0.098377	21.718
20.89	20.90	0.098394	21.818
20.89	20.90	0.098411	21.918
20.89	20.90	0.098427	22.017
20.89	20.90	0.098444	22.118
20.89	20.90	0.098461	22.217
20.89	20.90	0.098477	22.318
20.89	20.90	0.098494	22.418
20.89	20.90	0.098511	22.518
20.89	20.90	0.098527	22.617
20.89	20.90	0.098544	22.718
20.89	20.91	0.098561	22.817
20.89	20.91	0.098577	22.918
20.89	20.91	0.098594	23.017
20.89	20.91	0.098611	23.118
20.89	20.91	0.098627	23.218
20.89	20.91	0.098644	23.318
20.92	20.91	0.098661	23.418
20.92	20.91	0.098677	23.517
20.92	20.91	0.098694	23.618
20.92	20.91	0.098711	23.717
20.92	20.91	0.098727	23.817
20.92	20.92	0.098744	23.918
20.92	20.92	0.098760	24.017
20.92	20.92	0.098777	24.118
20.92	20.92	0.098794	24.218
20.92	20.92	0.098810	24.318
20.92	20.92	0.098827	24.418
20.92	20.92	0.098844	24.517
20.92	20.92	0.098860	24.618
20.92	20.92	0.098877	24.717
20.92	20.92	0.098894	24.818
20.92	20.92	0.098910	24.918
20.92	20.93	0.098927	25.018
20.92	20.94	0.098944	25.118
20.92	20.94	0.098960	25.217
20.92	20.94	0.098977	25.318
20.92	20.94	0.098994	25.417
20.92	20.94	0.099010	25.518
20.92	20.94	0.099027	25.617
20.92	20.94	0.099044	25.718
20.92	20.94	0.099060	25.818
20.92	20.94	0.099077	25.918
20.94	20.94	0.099094	26.017
20.94	20.94	0.099110	26.117
20.94	20.95	0.099127	26.218
20.94	20.95	0.099144	26.317
20.94	20.96	0.099160	26.418
20.94	20.96	0.099177	26.517
20.94	20.96	0.099194	26.618
20.94	20.96	0.099210	26.718
20.94	20.96	0.099227	26.842
20.94	20.96	0.099244	26.941
20.97	20.96	0.099260	27.046
20.97	20.96	0.099277	27.141
20.97	20.96	0.099294	27.240
20.97	20.96	0.099310	27.344
20.97	20.96	0.099327	27.438
20.97	20.97	0.099344	27.539
20.97	20.97	0.099360	27.643
20.97	20.97	0.099377	27.737
20.97	20.97	0.099394	27.837
20.97	20.97	0.099410	27.941
20.99	20.97	0.099427	28.036
20.99	20.97	0.099444	28.137
20.99	20.97	0.099460	28.240
20.99	20.97	0.099477	28.334
20.99	20.97	0.099494	28.437
20.99	20.97	0.099510	28.540
20.99	20.98	0.099527	28.634
20.99	20.98	0.099544	28.737
20.99	20.99	0.099560	28.837
20.99	20.99	0.099577	28.932
20.99	20.99	0.099593	29.036
20.99	20.99	0.099610	29.136
20.99	20.99	0.099627	29.231
20.99	20.99	0.099643	29.335
20.99	20.99	0.099660	29.435
20.99	20.99	0.099677	29.529
20.99	20.99	0.099693	29.634
20.99	20.99	0.099710	29.733
20.99	21.00	0.099727	29.828
20.99	21.00	0.099743	29.932
20.99	21.00	0.099760	30.027
20.99	21.00	0.099777	30.127
20.99	21.00	0.099793	30.231
20.99	21.00	0.099810	30.327
20.99	21.00	0.099827	30.426
20.99	21.00	0.099843	30.530
20.99	21.00	0.099860	30.626
20.99	21.00	0.099877	30.727
20.99	21.01	0.099893	30.828
20.99	21.02	0.099910	30.927
20.99	21.02	0.099927	31.027
21.02	21.02	0.099943	31.127
21.02	21.02	0.099960	31.227
21.02	21.02	0.099977	31.326
21.02	21.02	0.099993	31.427
21.02	21.02	0.100010	31.526
21.02	21.02	0.100027	31.627
21.02	21.02	0.100043	31.727
21.02	21.02	0.100060	31.827
21.02	21.02	0.100077	31.927
21.02	21.03	0.100093	32.026
21.04	21.04	0.100110	32.126
21.04	21.04	0.100127	32.226
21.04	21.04	0.100143	32.327
21.04	21.04	0.100160	32.426
21.04	21.04	0.100177	32.527
21.04	21.04	0.100193	32.627
21.04	21.04	0.100210	32.727
21.04	21.04	0.100227	32.827
21.04	21.04	0.100243	32.927
21.04	21.04	0.100260	33.026
21.04	21.05	0.100277	33.127
21.04	21.05	0.100293	33.226
21.07	21.06	0.100310	33.327
21.07	21.06	0.100327	33.427
21.07	21.06	0.100343	33.527
21.07	21.06	0.100360	33.627
21.07	21.06	0.100377	33.726
21.07	21.06	0.100393	33.827
21.07	21.06	0.100410	33.926
21.07	21.06	0.100426	34.026
21.07	21.06	0.100443	34.127
21.07	21.06	0.100460	34.226
21.07	21.07	0.100476	34.327
21.07	21.07	0.100493	34.426
21.07	21.08	0.100510	34.527
21.07	21.08	0.100526	34.626
21.07	21.08	0.100543	34.727
21.07	21.08	0.100560	34.826
21.07	21.08	0.100576	34.927
21.07	21.08	0.100593	35.027
21.07	21.08	0.100610	35.126
21.07	21.08	0.100626	35.227
21.07	21.08	0.100643	35.326
21.09	21.09	0.100660	35.427
21.09	21.09	0.100676	35.526
21.09	21.10	0.100693	35.627
21.09	21.10	0.100710	35.727
21.09	21.10	0.100726	35.827
21.09	21.10	0.100743	35.952
21.09	21.10	0.100760	36.056
21.09	21.10	0.100776	36.156
21.09	21.10	0.100793	36.250
21.09	21.10	0.100810	36.355
21.09	21.10	0.100826	36.449
21.09	21.10	0.100843	36.549
21.09	21.10	0.100860	36.653
21.09	21.10	0.100876	36.748
21.12	21.10	0.100893	36.848
21.12	21.10	0.100910	36.952
21.12	21.10	0.100926	37.047
21.12	21.10	0.100943	37.146
21.12	21.10	0.100960	37.251
21.12	21.10	0.100976	37.345
21.12	21.10	0.100993	37.445
21.12	21.10	0.101010	37.550
21.12	21.10	0.101026	37.644
21.12	21.10	0.101043	37.744
21.12	21.10	0.101060	37.848
21.12	21.10	0.101076	37.943
21.12	21.11	0.101093	38.042
21.12	21.12	0.101110	38.147
21.12	21.12	0.101126	38.242
21.12	21.13	0.101143	38.341
21.12	21.13	0.101160	38.446
21.12	21.13	0.101176	38.540
21.12	21.13	0.101193	38.640
21.12	21.13	0.101210	38.744
21.12	21.13	0.101226	38.839
21.12	21.13	0.101243	38.940
21.12	21.13	0.101259	39.043
21.12	21.13	0.101276	39.138
21.12	21.13	0.101293	39.240
21.12	21.14	0.101309	39.342
21.12	21.15	0.101326	39.436
21.12	21.15	0.101343	39.540
21.12	21.15	0.101359	39.640
21.12	21.15	0.101376	39.735
21.12	21.15	0.101393	39.839
21.12	21.15	0.101409	39.939
21.12	21.15	0.101426	40.034
21.12	21.15	0.101443	40.138
21.12	21.15	0.101459	40.238
21.15	21.15	0.101476	40.332
21.15	21.15	0.101493	40.437
21.15	21.16	0.101509	40.536
21.15	21.16	0.101526	40.631
21.15	21.16	0.101543	40.736
21.15	21.16	0.101559	40.830
21.15	21.16	0.101576	40.930
21.17	21.16	0.101593	41.034
21.17	21.16	0.101609	41.129
21.17	21.16	0.101626	41.228
21.17	21.16	0.101643	41.333
21.17	21.16	0.101659	41.428
21.17	21.16	0.101676	41.528
21.17	21.17	0.101693	41.632
21.17	21.18	0.101709	41.727
21.17	21.18	0.101726	41.828
21.17	21.18	0.101743	41.929
21.17	21.18	0.101759	42.028
21.20	21.18	0.101776	42.127
21.20	21.18	0.101793	42.229
21.20	21.18	0.101809	42.328
21.20	21.18	0.101826	42.427
21.20	21.18	0.101843	42.528
21.20	21.18	0.101859	42.627
21.20	21.19	0.101876	42.728
21.20	21.19	0.101893	42.827
21.20	21.20	0.101909	42.928
21.20	21.20	0.101926	43.028
21.20	21.20	0.101943	43.128
21.20	21.20	0.101959	43.228
21.20	21.20	0.101976	43.327
21.20	21.20	0.101993	43.428
21.20	21.20	0.102009	43.527
21.20	21.20	0.102026	43.628
21.20	21.20	0.102043	43.727
21.20	21.20	0.102059	43.828
21.20	21.21	0.102076	43.928
21.20	21.21	0.102092	44.028
21.20	21.21	0.102109	44.128
21.20	21.21	0.102126	44.227
21.20	21.21	0.102142	44.328
21.20	21.21	0.102159	44.427
21.20	21.21	0.102176	44.528
21.20	21.21	0.102192	44.627
21.20	21.21	0.102209	44.728
21.20	21.21	0.102226	44.828
21.20	21.21	0.102242	44.928
21.20	21.22	0.102259	45.028
21.20	21.22	0.102276	45.127
21.20	21.23	0.102292	45.228
21.20	21.23	0.102309	45.327
21.20	21.23	0.102326	45.428
21.20	21.23	0.102342	45.528
21.22	21.23	0.102359	45.628
21.22	21.23	0.102376	45.728
21.22	21.23	0.102392	45.827
21.22	21.23	0.102409	45.928
21.22	21.23	0.102426	46.026
21.22	21.23	0.102442	46.128
21.22	21.23	0.102459	46.227
21.22	21.23	0.102476	46.328
21.25	21.23	0.102492	46.428
21.25	21.23	0.102509	46.528
21.25	21.23	0.102526	46.629
21.25	21.23	0.102542	46.728
21.25	21.23	0.102559	46.829
21.25	21.23	0.102576	46.928
21.25	21.23	0.102592	47.053
21.25	21.23	0.102609	47.157
21.25	21.24	0.102626	47.252
21.25	21.24	0.102642	47.351
21.25	21.25	0.102659	47.456
21.25	21.25	0.102676	47.551
21.25	21.25	0.102692	47.650
21.25	21.25	0.102709	47.755
21.25	21.25	0.102726	47.849
21.25	21.25	0.102742	47.949
21.25	21.25	0.102759	48.053
21.25	21.25	0.102776	48.148
21.25	21.25	0.102792	48.248
21.25	21.25	0.102809	48.352
21.25	21.25	0.102826	48.447
21.25	21.25	0.102842	48.546
21.25	21.25	0.102859	48.651
21.25	21.25	0.102876	48.745
21.25	21.25	0.102892	48.844
21.25	21.25	0.102909	48.949
21.25	21.25	0.102925	49.043
21.27	21.25	0.102942	49.144
21.27	21.25	0.102959	49.248
21.27	21.25	0.102975	49.343
21.27	21.25	0.102992	49.443
21.27	21.25	0.103009	49.547
21.27	21.25	0.103025	49.641
21.27	21.25	0.103042	49.743
21.27	21.25	0.103059	49.845
21.27	21.25	0.103075	49.940
21.27	21.25	0.103092	50.044
21.25	21.25	0.103109	50.144
21.25	21.25	0.103125	50.239
21.25	21.25	0.103142	50.343
21.25	21.25	0.103159	50.443
21.25	21.26	0.103175	50.536
21.25	21.26	0.103192	50.642
21.25	21.26	0.103209	50.742
21.25	21.26	0.103225	50.835
21.25	21.26	0.103242	50.941
21.25	21.26	0.103259	51.040
21.25	21.26	0.103275	51.134
21.25	21.26	0.103292	51.239
21.25	21.26	0.103309	51.333
21.25	21.26	0.103325	51.432
21.27	21.26	0.103342	51.538
21.27	21.26	0.103359	51.633
21.27	21.26	0.103375	51.732
21.27	21.26	0.103392	51.837
21.27	21.26	0.103409	51.931
21.27	21.26	0.103425	52.031
21.27	21.26	0.103442	52.135
21.27	21.26	0.103459	52.230
21.27	21.26	0.103475	52.330
21.27	21.26	0.103492	52.434
21.27	21.26	0.103509	52.531
21.27	21.26	0.103525	52.630
21.27	21.26	0.103542	52.733
21.27	21.26	0.103559	52.830
21.27	21.26	0.103575	52.931
21.27	21.26	0.103592	53.030
21.27	21.27	0.103609	53.131
21.27	21.27	0.103625	53.231
21.27	21.27	0.103642	53.331
21.27	21.27	0.103659	53.431
21.27	21.27	0.103675	53.530
21.27	21.27	0.103692	53.631
21.27	21.27	0.103709	53.730
21.27	21.27	0.103725	53.831
21.25	21.27	0.103742	53.931
21.25	21.27	0.103758	54.031
21.25	21.27	0.103775	54.131
21.25	21.28	0.103792	54.230
21.25	21.28	0.103808	54.331
21.25	21.29	0.103825	54.430
21.27	21.29	0.103842	54.532
21.27	21.29	0.103858	54.631
21.27	21.29	0.103875	54.732
21.27	21.29	0.103892	54.832
21.27	21.29	0.103908	54.932
21.27	21.29	0.103925	55.032
21.27	21.29	0.103942	55.131
21.27	21.29	0.103958	55.232
21.27	21.29	0.103975	55.331
21.27	21.30	0.103992	55.432
21.30	21.30	0.104008	55.531
21.30	21.30	0.104025	55.632
21.30	21.30	0.104042	55.732
21.30	21.30	0.104058	55.832
21.30	21.30	0.104075	55.932
21.30	21.30	0.104092	56.031
21.30	21.30	0.104108	56.132
21.30	21.30	0.104125	56.231
21.30	21.30	0.104142	56.332
21.30	21.30	0.104158	56.432
21.30	21.31	0.104175	56.532
21.33	21.31	0.104192	56.632
21.33	21.31	0.104208	56.731
21.33	21.31	0.104225	56.832
21.33	21.31	0.104242	56.931
21.33	21.31	0.104258	57.032
21.33	21.31	0.104275	57.131
21.33	21.31	0.104292	57.232
21.33	21.31	0.104308	57.332
21.33	21.31	0.104325	57.432
21.33	21.31	0.104342	57.532
21.33	21.32	0.104358	57.631
21.33	21.32	0.104375	57.756
21.33	21.32	0.104392	57.855
21.33	21.32	0.104408	57.960
21.33	21.32	0.104425	58.054
21.33	21.32	0.104442	58.154
21.30	21.32	0.104458	58.259
21.30	21.32	0.104475	58.353
21.30	21.32	0.104492	58.452
21.30	21.32	0.104508	58.557
21.30	21.32	0.104525	58.652
21.30	21.32	0.104542	58.750
21.30	21.33	0.104558	58.856
21.30	21.33	0.104575	58.950
21.30	21.33	0.104591	59.050
21.30	21.33	0.104608	59.154
21.33	21.33	0.104625	59.248
21.33	21.33	0.104641	59.349
21.33	21.33	0.104658	59.453
21.33	21.33	0.104675	59.548
21.33	21.33	0.104691	59.647
21.33	21.33	0.104708	59.751
21.33	21.33	0.104725	59.847
21.33	21.33	0.104741	59.946
21.33	21.34	0.104758	00.050
21.33	21.34	0.104775	00.144
21.33	21.34	0.104791	00.246
21.33	21.34	0.104808	00.348
21.35	21.34	0.104825	00.443
21.35	21.34	0.104841	00.546
21.35	21.34	0.104858	00.648
21.35	21.34	0.104875	00.743
21.35	21.34	0.104891	00.846
21.35	21.34	0.104908	00.947
21.35	21.34	0.104925	01.041
21.35	21.35	0.104941	01.145
21.35	21.35	0.104958	01.244
21.35	20.00	0.104975	01.340
21.35	20.00	0.104991	01.445
21.35	20.00	0.105008	01.544
21.30	20.00	0.105025	01.639
21.22	20.00	0.105041	01.743
21.04	20.00	0.105058	01.843
20.81	20.00	0.105075	01.937
20.68	20.00	0.105091	02.042
20.43	20.00	0.105108	02.136
20.20	20.00	0.105125	02.235
20.09	20.00	0.105141	02.341
19.92	20.00	0.105158	02.434
19.81	20.00	0.105175	02.535
19.79	20.00	0.105191	02.638
19.76	20.00	0.105208	02.735
19.79	20.00	0.105225	02.834
19.79	20.00	0.105241	02.937
19.86	20.00	0.105258	03.035
19.97	20.00	0.105275	03.135
20.02	20.00	0.105291	03.236
20.12	20.00	0.105308	03.334
20.17	20.00	0.105325	03.435
20.17	20.00	0.105341	03.534
20.17	20.00	0.105358	03.635
20.17	20.00	0.105375	03.734
20.17	20.00	0.105391	03.835
20.17	20.00	0.105408	03.935
20.12	20.00	0.105424	04.035
20.07	20.00	0.105441	04.135
19.99	20.00	0.105458	04.234
19.89	20.00	0.105474	04.335
19.86	20.00	0.105491	04.434
19.81	20.00	0.105508	04.535
19.81	20.00	0.105524	04.634
19.81	20.00	0.105541	04.735
19.79	20.00	0.105558	04.835
19.79	20.00	0.105574	04.934
19.79	20.00	0.105591	05.035
19.79	20.00	0.105608	05.134
19.79	20.00	0.105624	05.235
19.79	20.00	0.105641	05.334
19.81	20.00	0.105658	05.435
19.81	20.00	0.105674	05.535
19.81	20.00	0.105691	05.635
19.84	20.00	0.105708	05.735
19.84	20.00	0.105724	05.834
19.89	20.00	0.105741	05.935
19.89	20.00	0.105758	06.034
19.89	20.00	0.105774	06.136
19.92	20.00	0.105791	06.235
19.92	20.00	0.105808	06.336
19.92	20.00	0.105824	06.436
19.92	20.00	0.105841	06.536
19.94	20.00	0.105858	06.636
19.94	20.00	0.105874	06.735
19.94	20.00	0.105891	06.836
19.94	20.00	0.105908	06.935
19.94	20.00	0.105924	07.036
19.94	20.00	0.105941	07.135
19.94	20.00	0.105958	07.235
19.94	20.00	0.105974	07.336
19.94	20.00	0.105991	07.436
19.94	20.00	0.106008	07.535
19.92	20.00	0.106024	07.636
19.92	20.00	0.106041	07.735
19.92	20.00	0.106058	07.836
19.92	20.00	0.106074	07.965
19.92	20.00	0.106091	08.060
19.92	20.00	0.106108	08.164
19.92	20.00	0.106124	08.264
19.92	20.00	0.106141	08.359
19.92	20.00	0.106158	08.463
19.92	20.00	0.106174	08.558
19.92	20.00	0.106191	08.657
19.92	20.00	0.106208	08.762
19.92	20.00	0.106224	08.856
19.92	20.00	0.106241	08.956
19.92	20.00	0.106257	09.061
19.92	20.00	0.106274	09.155
19.92	20.00	0.106291	09.255
19.92	20.00	0.106307	09.359
19.92	20.00	0.106324	09.454
19.92	20.00	0.106341	09.553
19.94	20.00	0.106357	09.658
19.94	20.00	0.106374	09.753
19.94	20.00	0.106391	09.852
19.94	20.00	0.106407	09.957
19.94	20.00	0.106424	10.051
19.97	20.00	0.106441	10.151
19.97	20.00	0.106457	10.255
19.97	20.00	0.106474	10.350
19.97	20.00	0.106491	10.449
19.97	20.00	0.106507	10.554
19.99	20.00	0.106524	10.649
19.99	20.00	0.106541	10.749
19.99	20.00	0.106557	10.853
19.99	20.00	0.106574	10.947
19.99	20.00	0.106591	11.049
19.99	20.00	0.106607	11.151
19.99	20.00	0.106624	11.246
19.99	20.00	0.106641	11.349
19.99	20.00	0.106657	11.450
19.99	20.00	0.106674	11.545
19.99	20.00	0.106691	11.649
19.99	20.00	0.106707	11.749
19.99	20.00	0.106724	11.843
19.99	20.00	0.106741	11.948
20.02	20.00	0.106757	12.047
20.02	20.00	0.106774	12.142
20.02	20.00	0.106791	12.247
20.02	20.00	0.106807	12.346
20.02	20.00	0.106824	12.441
20.02	20.00	0.106841	12.545
20.02	20.00	0.106857	12.640
20.02	20.00	0.106874	12.739
19.99	20.00	0.106891	12.844
19.99	20.00	0.106907	12.939
19.99	20.00	0.106924	13.038
19.99	20.00	0.106941	13.143
19.99	20.00	0.106957	13.237
19.99	20.00	0.106974	13.337
19.99	20.00	0.106991	13.441
19.99	20.00	0.107007	13.537
19.99	20.00	0.107024	13.636
19.99	20.00	0.107041	13.740
19.99	20.00	0.107057	13.837
19.99	20.00	0.107074	13.937
19.99	20.00	0.107090	14.039
19.99	20.00	0.107107	14.136
19.99	20.00	0.107124	14.237
19.99	20.00	0.107140	14.337
19.99	20.00	0.107157	14.437
19.99	20.00	0.107174	14.537
19.99	20.00	0.107190	14.637
19.99	20.00	0.107207	14.738
19.99	20.00	0.107224	14.837
19.99	20.00	0.107240	14.938
19.99	20.00	0.107257	15.037
19.99	20.00	0.107274	15.138
19.99	20.00	0.107290	15.237
19.99	20.00	0.107307	15.338
19.99	20.00	0.107324	15.438
19.99	20.00	0.107340	15.537
19.99	20.00	0.107357	15.638
19.99	20.00	0.107374	15.737
19.99	20.00	0.107390	15.838
19.99	20.00	0.107407	15.937
19.99	20.00	0.107424	16.038
19.99	20.00	0.107440	16.138
19.99	20.00	0.107457	16.238
19.99	20.00	0.107474	16.338
19.99	20.00	0.107490	16.437
19.99	20.00	0.107507	16.538
19.99	20.00	0.107524	16.637
20.02	20.00	0.107540	16.738
20.02	20.00	0.107557	16.837
20.02	20.00	0.107574	16.938
20.02	20.00	0.107590	17.038
20.02	20.00	0.107607	17.138
20.02	20.00	0.107624	17.238
20.02	20.00	0.107640	17.337
20.02	20.00	0.107657	17.438
20.02	20.00	0.107674	17.537
20.02	20.00	0.107690	17.638
20.02	20.00	0.107707	17.737
20.02	20.00	0.107724	17.838
19.99	20.00	0.107740	17.938
19.99	20.00	0.107757	18.038
19.99	20.00	0.107774	18.138
19.99	20.00	0.107790	18.237
19.99	20.00	0.107807	18.338
19.99	20.00	0.107824	18.437
19.99	20.00	0.107840	18.538
19.99	20.00	0.107857	18.638
19.99	20.00	0.107874	18.738
19.99	20.00	0.107890	18.838
19.99	20.00	0.107907	18.937
19.99	20.00	0.107923	19.062
19.99	20.00	0.107940	19.161
19.99	20.00	0.107957	19.266
19.99	20.00	0.107973	19.360
19.99	20.00	0.107990	19.460
19.99	20.00	0.108007	19.564
19.99	20.00	0.108023	19.659
19.99	20.00	0.108040	19.759
19.99	20.00	0.108057	19.863
19.99	20.00	0.108073	19.958
19.99	20.00	0.108090	20.057
19.99	20.00	0.108107	20.162
19.99	20.00	0.108123	20.256
19.99	20.00	0.108140	20.356
19.99	20.00	0.108157	20.461
19.99	20.00	0.108173	20.555
19.99	20.00	0.108190	20.655
19.99	20.00	0.108207	20.759
19.99	20.00	0.108223	20.854
19.99	20.00	0.108240	20.953
19.99	20.00	0.108257	21.058
20.02	20.00	0.108273	21.152
20.02	20.00	0.108290	21.252
20.02	20.00	0.108307	21.357
20.02	20.00	0.108323	21.451
20.02	20.00	0.108340	21.552
20.02	20.00	0.108357	21.655
20.02	20.00	0.108373	21.750
20.02	20.00	0.108390	21.852
20.02	20.00	0.108407	21.954
20.02	20.00	0.108423	22.049
19.99	20.00	0.108440	22.152
19.99	20.00	0.108457	22.253
19.99	20.00	0.108473	22.347
19.99	20.00	0.108490	22.452
19.99	20.00	0.108507	22.551
19.99	20.00	0.108523	22.646
19.99	20.00	0.108540	22.750
19.99	20.00	0.108557	22.850
19.99	20.00	0.108573	22.945
19.99	20.00	0.108590	23.049
19.99	20.00	0.108607	23.149
19.99	20.00	0.108623	23.243
19.99	20.00	0.108640	23.348
19.99	20.00	0.108657	23.442
19.99	20.00	0.108673	23.541
19.99	20.00	0.108690	23.646
19.99	20.00	0.108707	23.740
19.99	20.00	0.108723	23.840
19.99	20.00	0.108740	23.944
19.99	20.00	0.108756	24.039
19.99	20.00	0.108773	24.138
19.99	20.00	0.108790	24.243
19.99	20.00	0.108806	24.338
19.99	20.00	0.108823	24.438
20.02	20.00	0.108840	24.542
20.02	20.00	0.108856	24.637
20.02	20.00	0.108873	24.738
20.02	20.00	0.108890	24.841
20.02	20.00	0.108906	24.940
20.02	20.00	0.108923	25.039
20.02	20.00	0.108940	25.140
20.02	20.00	0.108956	25.240
20.02	20.00	0.108973	25.340
20.02	20.00	0.108990	25.440
19.99	20.00	0.109006	25.539
19.99	20.00	0.109023	25.640
19.99	20.00	0.109040	25.738
19.99	20.00	0.109056	25.840
19.99	20.00	0.109073	25.941
19.99	20.00	0.109090	26.041
19.99	20.00	0.109106	26.141
19.99	20.00	0.109123	26.240
19.99	20.00	0.109140	26.341
19.99	20.00	0.109156	26.440
19.99	20.00	0.109173	26.541
19.99	20.00	0.109190	26.640
19.99	20.00	0.109206	26.741
19.99	20.00	0.109223	26.841
19.99	20.00	0.109240	26.941
19.99	20.00	0.109256	27.042
19.99	20.00	0.109273	27.141
19.99	20.00	0.109290	27.242
19.99	20.00	0.109306	27.341
19.99	20.00	0.109323	27.442
19.99	20.00	0.109340	27.541
19.99	20.00	0.109356	27.642
19.99	20.00	0.109373	27.742
19.99	20.00	0.109390	27.842
19.99	20.00	0.109406	27.942
19.99	20.00	0.109423	28.041
20.02	20.00	0.109440	28.142
20.02	20.00	0.109456	28.241
20.02	20.00	0.109473	28.342
20.02	20.00	0.109490	28.441
20.02	20.00	0.109506	28.542
20.02	20.00	0.109523	28.642
20.02	20.00	0.109540	28.741
20.02	20.00	0.109556	28.842
20.02	20.00	0.109573	28.941
20.02	20.00	0.109589	29.042
19.99	20.00	0.109606	29.141
19.99	20.00	0.109623	29.242
19.99	20.00	0.109639	29.342
19.99	20.00	0.109656	29.471
19.99	20.00	0.109673	29.571
19.99	20.00	0.109689	29.664
19.99	20.00	0.109706	29.770
19.99	20.00	0.109723	29.863
19.99	20.00	0.109739	29.964
19.99	20.00	0.109756	30.068
19.99	20.00	0.109773	30.162
19.99	20.00	0.109789	30.263
19.99	20.00	0.109806	30.366
19.99	20.00	0.109823	30.461
19.99	20.00	0.109839	30.560
19.99	20.00	0.109856	30.665
19.99	20.00	0.109873	30.759
19.99	20.00	0.109889	30.859
19.99	20.00	0.109906	30.963
19.99	20.00	0.109923	31.058
19.99	20.00	0.109939	31.158
19.99	20.00	0.109956	31.262
19.99	20.00	0.109973	31.357
19.99	20.00	0.109989	31.456
19.99	20.00	0.110006	31.561
19.99	20.00	0.110023	31.655
19.99	20.00	0.110039	31.755
20.02	20.00	0.110056	31.860
20.02	20.00	0.110073	31.955
20.02	20.00	0.110089	32.055
20.02	20.00	0.110106	32.159
20.02	20.00	0.110123	32.254
20.02	20.00	0.110139	32.355
20.02	20.00	0.110156	32.458
20.02	20.00	0.110173	32.552
20.02	20.00	0.110189	32.655
20.02	20.00	0.110206	32.757
20.02	20.00	0.110223	32.851
19.99	20.00	0.110239	32.955
19.99	20.00	0.110256	33.054
19.99	20.00	0.110273	33.149
19.99	20.00	0.110289	33.253
19.99	20.00	0.110306	33.353
19.99	20.00	0.110323	33.447
19.99	20.00	0.110339	33.552
19.99	20.00	0.110356	33.652
19.99	20.00	0.110373	33.746
19.99	20.00	0.110389	33.851
19.99	20.00	0.110406	33.950
19.99	20.00	0.110422	34.045
19.99	20.00	0.110439	34.149
19.99	20.00	0.110456	34.244
19.99	20.00	0.110472	34.344
19.99	20.00	0.110489	34.449
19.99	20.00	0.110506	34.543
19.99	20.00	0.110522	34.643
19.99	20.00	0.110539	34.747
20.02	20.00	0.110556	34.842
20.02	20.00	0.110572	34.941
20.02	20.00	0.110589	35.046
20.02	20.00	0.110606	35.142
20.02	20.00	0.110622	35.242
20.02	20.00	0.110639	35.345
20.02	20.00	0.110656	35.441
20.02	20.00	0.110672	35.542
20.02	20.00	0.110689	35.643
19.99	20.00	0.110706	35.742
19.99	20.00	0.110722	35.841
19.99	20.00	0.110739	35.942
19.99	20.00	0.110756	36.042
19.99	20.00	0.110772	36.141
19.99	20.00	0.110789	36.242
19.99	20.00	0.110806	36.341
19.99	20.00	0.110822	36.442
19.99	20.00	0.110839	36.541
19.99	20.00	0.110856	36.642
19.99	20.00	0.110872	36.742
19.99	20.00	0.110889	36.842
19.99	20.00	0.110906	36.942
19.99	20.00	0.110922	37.041
19.99	20.00	0.110939	37.142
19.99	20.00	0.110956	37.241
19.99	20.00	0.110972	37.342
19.99	20.00	0.110989	37.441
19.99	20.00	0.111006	37.541
19.99	20.00	0.111022	37.642
19.99	20.00	0.111039	37.742
19.99	20.00	0.111056	37.842
19.99	20.00	0.111072	37.941
19.99	20.00	0.111089	38.042
19.99	20.00	0.111106	38.141
19.99	20.00	0.111122	38.242
19.99	20.00	0.111139	38.341
20.02	20.00	0.111156	38.442
20.02	20.00	0.111172	38.542
20.02	20.00	0.111189	38.642
20.02	20.00	0.111206	38.742
20.02	20.00	0.111222	38.841
20.02	20.00	0.111239	38.942
20.02	20.00	0.111255	39.041
20.02	20.00	0.111272	39.142
20.02	20.00	0.111289	39.241
20.02	20.00	0.111305	39.342
20.02	20.00	0.111322	39.442
19.99	20.00	0.111339	39.542
19.99	20.00	0.111355	39.641
19.99	20.00	0.111372	39.742
19.99	20.00	0.111389	39.841
19.99	20.00	0.111405	39.942
19.99	20.00	0.111422	40.042
19.99	20.00	0.111439	40.142
19.99	20.00	0.111455	40.242
19.99	20.00	0.111472	40.341
19.99	20.00	0.111489	40.442
19.99	20.00	0.111505	40.541
19.99	20.00	0.111522	40.642
19.99	20.00	0.111539	40.741
19.99	20.00	0.111555	40.871
19.99	20.00	0.111572	40.964
19.99	20.00	0.111589	41.064
19.99	20.00	0.111605	41.169
19.99	20.00	0.111622	41.263
19.99	20.00	0.111639	41.363
19.99	20.00	0.111655	41.467
19.99	20.00	0.111672	41.562
19.99	20.00	0.111689	41.661
19.99	20.00	0.111705	41.766
19.99	20.00	0.111722	41.861
19.99	20.00	0.111739	41.960
19.99	20.00	0.111755	42.065
19.99	20.00	0.111772	42.159
19.99	20.00	0.111789	42.259
19.99	20.00	0.111805	42.363
19.99	20.00	0.111822	42.458
20.02	20.00	0.111839	42.557
20.02	20.00	0.111855	42.662
20.02	20.00	0.111872	42.757
20.02	20.00	0.111889	42.858
20.02	20.00	0.111905	42.961
20.02	20.00	0.111922	43.055
20.02	20.00	0.111939	43.158
20.02	20.00	0.111955	43.259
20.02	20.00	0.111972	43.354
20.02	20.00	0.111989	43.458
19.99	20.00	0.112005	43.558
19.99	20.00	0.112022	43.653
19.99	20.00	0.112039	43.757
19.99	20.00	0.112055	43.857
19.99	20.00	0.112072	43.951
19.99	20.00	0.112088	44.056
19.99	20.00	0.112105	44.155
19.99	20.00	0.112122	44.250
19.99	20.00	0.112138	44.355
19.99	20.00	0.112155	44.455
19.99	20.00	0.112172	44.549
19.99	20.00	0.112188	44.654
19.99	20.00	0.112205	44.748
19.99	20.00	0.112222	44.848
19.99	20.00	0.112238	44.952
19.99	20.00	0.112255	45.047
19.99	20.00	0.112272	45.147
19.99	20.00	0.112288	45.251
19.99	20.00	0.112305	45.346
19.99	20.00	0.112322	45.445
19.99	20.00	0.112338	45.550
19.99	20.00	0.112355	45.644
19.99	20.00	0.112372	45.744
19.99	20.00	0.112388	45.849
19.99	20.00	0.112405	45.943
19.99	20.00	0.112422	46.043
19.99	20.00	0.112438	46.147
19.99	20.00	0.112455	46.242
19.99	20.00	0.112472	46.341
19.99	20.00	0.112488	46.446
19.99	20.00	0.112505	46.541
19.99	20.00	0.112522	46.642
19.99	20.00	0.112538	46.745
19.99	20.00	0.112555	46.842
19.99	20.00	0.112572	46.942
19.99	20.00	0.112588	47.043
19.99	20.00	0.112605	47.142
19.99	20.00	0.112622	47.241
19.99	20.00	0.112638	47.342
20.02	20.00	0.112655	47.442
20.02	20.00	0.112672	47.541
20.02	20.00	0.112688	47.642
20.02	20.00	0.112705	47.741
20.02	20.00	0.112722	47.842
20.02	20.00	0.112738	47.941
20.02	20.00	0.112755	48.042
20.02	20.00	0.112772	48.141
20.02	20.00	0.112788	48.242
19.99	20.00	0.112805	48.342
19.99	20.00	0.112822	48.442
19.99	20.00	0.112838	48.542
19.99	20.00	0.112855	48.641
19.99	20.00	0.112872	48.742
19.99	20.00	0.112888	48.841
19.99	20.00	0.112905	48.942
19.99	20.00	0.112921	49.041
19.99	20.00	0.112938	49.142
19.99	20.00	0.112955	49.242
19.99	20.00	0.112971	49.341
19.99	20.00	0.112988	49.442
19.99	20.00	0.113005	49.541
19.99	20.00	0.113021	49.642
19.99	20.00	0.113038	49.741
19.99	20.00	0.113055	49.842
19.99	20.00	0.113071	49.942
19.99	20.00	0.113088	50.042
19.99	20.00	0.113105	50.142
19.99	20.00	0.113121	50.241
19.99	20.00	0.113138	50.342
19.99	20.00	0.113155	50.441
19.99	20.00	0.113171	50.542
19.99	20.00	0.113188	50.641
19.99	20.00	0.113205	50.742
19.99	20.00	0.113221	50.842
19.99	20.00	0.113238	50.942
19.99	20.00	0.113255	51.042
19.99	20.00	0.113271	51.141
19.99	20.00	0.113288	51.242
19.99	20.00	0.113305	51.341
19.99	20.00	0.113321	51.442
19.99	20.00	0.113338	51.542
20.02	20.00	0.113355	51.642
20.02	20.00	0.113371	51.742
20.02	20.00	0.113388	51.841
20.02	20.00	0.113405	51.942
20.02	20.00	0.113421	52.041
20.02	20.00	0.113438	52.166
20.02	20.00	0.113455	52.270
20.02	20.00	0.113471	52.365
20.02	20.00	0.113488	52.464
20.02	20.00	0.113505	52.569
20.02	20.00	0.113521	52.664
19.99	20.00	0.113538	52.763
19.99	20.00	0.113555	52.868
19.99	20.00	0.113571	52.962
19.99	20.00	0.113588	53.062
19.99	20.00	0.113605	53.166
19.99	20.00	0.113621	53.261
19.99	20.00	0.113638	53.361
19.99	20.00	0.113655	53.465
19.99	20.00	0.113671	53.560
19.99	20.00	0.113688	53.661
19.99	20.00	0.113705	53.764
19.99	20.00	0.113721	53.858
19.99	20.00	0.113738	53.961
19.99	20.00	0.113754	54.062
19.99	20.00	0.113771	54.157
19.99	20.00	0.113788	54.261
19.99	20.00	0.113804	54.361
19.99	20.00	0.113821	54.456
19.99	20.00	0.113838	54.560
19.99	20.00	0.113854	54.660
19.99	20.00	0.113871	54.754
19.99	20.00	0.113888	54.859
19.99	20.00	0.113904	54.959
19.99	20.00	0.113921	55.053
19.99	20.00	0.113938	55.158
19.99	20.00	0.113954	55.257
20.02	20.00	0.113971	55.352
20.02	20.00	0.113988	55.456
20.02	20.00	0.114004	55.551
20.02	20.00	0.114021	55.650
20.02	20.00	0.114038	55.755
20.02	20.00	0.114054	55.850
20.02	20.00	0.114071	55.949
20.02	20.00	0.114088	56.054
20.02	20.00	0.114104	56.148
20.02	20.00	0.114121	56.248
20.02	20.00	0.114138	56.352
20.02	20.00	0.114154	56.447
20.02	20.00	0.114171	56.547
20.02	20.00	0.114188	56.651
19.99	20.00	0.114204	56.745
19.99	20.00	0.114221	56.844
19.99	20.00	0.114238	56.949
19.99	20.00	0.114254	57.043
19.99	20.00	0.114271	57.143
19.99	20.00	0.114288	57.248
19.99	20.00	0.114304	57.343
19.99	20.00	0.114321	57.443
19.99	20.00	0.114338	57.546
19.99	20.00	0.114354	57.643
19.99	20.00	0.114371	57.742
19.99	20.00	0.114388	57.845
19.99	20.00	0.114404	57.942
19.99	20.00	0.114421	58.043
19.99	20.00	0.114438	58.144
19.99	20.00	0.114454	58.243
19.99	20.00	0.114471	58.343
19.99	20.00	0.114488	58.442
19.99	20.00	0.114504	58.543
19.99	20.00	0.114521	58.642
20.02	20.00	0.114538	58.743
20.02	20.00	0.114554	58.842
20.02	20.00	0.114571	58.943
20.02	20.00	0.114587	59.043
20.02	20.00	0.114604	59.143
20.02	20.00	0.114621	59.243
20.02	20.00	0.114637	59.342
20.02	20.00	0.114654	59.443
20.02	20.00	0.114671	59.542
20.02	20.00	0.114687	59.643
20.02	20.00	0.114704	59.743
20.02	20.00	0.114721	59.843
20.02	20.00	0.114737	59.943
19.99	20.00	0.114754	00.042
19.99	20.00	0.114771	00.143
19.99	20.00	0.114787	00.242
19.99	20.00	0.114804	00.343
19.99	20.00	0.114821	00.443
19.99	20.00	0.114837	00.543
19.99	20.00	0.114854	00.643
19.99	20.00	0.114871	00.742
19.99	20.00	0.114887	00.843
19.99	20.00	0.114904	00.942
19.99	20.00	0.114921	01.044
19.99	20.00	0.114937	01.143
19.99	20.00	0.114954	01.244
19.99	19.99	0.114971	01.344
19.99	19.98	0.114987	01.444
19.99	19.97	0.115004	01.544
19.99	19.96	0.115021	01.643
19.99	19.95	0.115037	01.744
19.99	19.94	0.115054	01.843
19.99	19.93	0.115071	01.944
19.99	19.92	0.115087	02.043
19.99	19.91	0.115104	02.144
19.99	19.90	0.115121	02.244
19.99	19.89	0.115137	02.344
19.97	19.88	0.115154	02.444
19.97	19.87	0.115171	02.543
19.97	19.86	0.115187	02.643
19.94	19.85	0.115204	02.744
19.94	19.84	0.115221	02.843
19.89	19.83	0.115237	02.968
19.86	19.82	0.115254	03.072
19.84	19.81	0.115271	03.167
19.84	19.80	0.115287	03.267
19.84	19.79	0.115304	03.371
19.81	19.78	0.115321	03.466
19.81	19.77	0.115337	03.565
19.79	19.76	0.115354	03.670
19.79	19.75	0.115371	03.764
19.79	19.74	0.115387	03.864
19.76	19.73	0.115404	03.969
19.76	19.72	0.115420	04.063
19.74	19.71	0.115437	04.164
19.74	19.70	0.115454	04.267
19.74	19.69	0.115470	04.362
19.71	19.68	0.115487	04.464
19.71	19.67	0.115504	04.566
19.71	19.66	0.115520	04.661
19.68	19.65	0.115537	04.764
19.68	19.64	0.115554	04.865
19.66	19.63	0.115570	04.959
19.66	19.62	0.115587	05.064
19.66	19.61	0.115604	05.163
19.63	19.60	0.115620	05.258
19.63	19.59	0.115637	05.362
19.61	19.58	0.115654	05.462
19.61	19.57	0.115670	05.557
19.56	19.56	0.115687	05.661
19.56	19.55	0.115704	05.761
19.53	19.54	0.115720	05.855
19.53	19.53	0.115737	05.960
19.53	19.52	0.115754	06.054
19.50	19.51	0.115770	06.154
19.50	19.50	0.115787	06.258
19.50	19.49	0.115804	06.353
19.50	19.48	0.115820	06.453
19.48	19.47	0.115837	06.557
19.48	19.46	0.115854	06.652
19.48	19.45	0.115870	06.751
19.48	19.44	0.115887	06.856
19.45	19.43	0.115904	06.950
19.45	19.42	0.115920	07.050
19.45	19.41	0.115937	07.155
19.43	19.40	0.115954	07.249
19.43	19.39	0.115970	07.349
19.43	19.38	0.115987	07.453
19.40	19.37	0.116004	07.548
19.40	19.36	0.116020	07.647
19.40	19.35	0.116037	07.752
19.38	19.34	0.116054	07.847
19.38	19.33	0.116070	07.946
19.35	19.32	0.116087	08.051
19.35	19.31	0.116104	08.145
19.30	19.30	0.116120	08.245
19.30	19.29	0.116137	08.349
19.27	19.28	0.116154	08.445
19.27	19.27	0.116170	08.545
19.25	19.26	0.116187	08.648
19.25	19.25	0.116204	08.745
19.25	19.24	0.116220	08.845
19.22	19.23	0.116237	08.946
19.22	19.22	0.116253	09.045
19.22	19.21	0.116270	09.145
19.22	19.20	0.116287	09.245
19.19	19.19	0.116303	09.344
19.19	19.18	0.116320	09.445
19.19	19.17	0.116337	09.545
19.17	19.16	0.116353	09.645
19.17	19.15	0.116370	09.745
19.17	19.14	0.116387	09.844
19.14	19.13	0.116403	09.945
19.14	19.12	0.116420	10.044
19.14	19.11	0.116437	10.145
19.14	19.10	0.116453	10.245
19.12	19.09	0.116470	10.345
19.12	19.08	0.116487	10.445
19.09	19.07	0.116503	10.544
19.09	19.06	0.116520	10.645
19.09	19.05	0.116537	10.744
19.06	19.04	0.116553	10.845
19.06	19.03	0.116570	10.944
19.06	19.02	0.116587	11.045
19.04	19.01	0.116603	11.145
19.04	19.00	0.116620	11.245
19.01	18.99	0.116637	11.346
18.96	18.98	0.116653	11.445
18.96	18.97	0.116670	11.546
18.96	18.96	0.116687	11.645
18.93	18.95	0.116703	11.746
18.93	18.94	0.116720	11.845
18.93	18.93	0.116737	11.946
18.91	18.92	0.116753	12.046
18.91	18.91	0.116770	12.146
18.91	18.90	0.116787	12.246
18.91	18.89	0.116803	12.345
18.88	18.88	0.116820	12.446
18.88	18.87	0.116837	12.545
18.88	18.86	0.116853	12.646
18.88	18.85	0.116870	12.745
18.86	18.84	0.116887	12.846
18.86	18.83	0.116903	12.947
18.86	18.82	0.116920	13.046
18.83	18.81	0.116937	13.147
18.83	18.80	0.116953	13.246
18.83	18.79	0.116970	13.347
18.80	18.78	0.116987	13.446
18.80	18.77	0.117003	13.547
18.80	18.76	0.117020	13.647
18.78	18.75	0.117037	13.770
18.78	18.74	0.117053	13.876
18.73	18.73	0.117070	13.969
18.73	18.72	0.117086	14.069
18.70	18.71	0.117103	14.173
18.70	18.70	0.117120	14.268
18.67	18.69	0.117136	14.367
18.67	18.68	0.117153	14.472
18.67	18.67	0.117170	14.567
18.67	18.66	0.117186	14.667
18.65	18.65	0.117203	14.771
18.65	18.64	0.117220	14.865
18.65	18.63	0.117236	14.967
18.65	18.62	0.117253	15.070
18.62	18.61	0.117270	15.164
18.62	18.60	0.117286	15.266
18.62	18.59	0.117303	15.368
18.60	18.58	0.117320	15.463
18.60	18.57	0.117336	15.567
18.60	18.56	0.117353	15.667
18.57	18.55	0.117370	15.761
18.57	18.54	0.117386	15.866
18.57	18.53	0.117403	15.965
18.54	18.52	0.117420	16.060
18.54	18.51	0.117436	16.165
18.52	18.50	0.117453	16.264
18.52	18.49	0.117470	16.359
18.52	18.48	0.117486	16.464
18.49	18.47	0.117503	16.563
18.49	18.46	0.117520	16.657
18.44	18.45	0.117536	16.762
18.44	18.44	0.117553	16.856
18.41	18.43	0.117570	16.956
18.41	18.42	0.117586	17.061
18.41	18.41	0.117603	17.155
18.39	18.40	0.117620	17.255
18.39	18.39	0.117636	17.359
18.39	18.38	0.117653	17.454
18.36	18.37	0.117670	17.553
18.36	18.36	0.117686	17.658
18.36	18.35	0.117703	17.753
18.36	18.34	0.117720	17.852
18.34	18.33	0.117736	17.957
18.34	18.32	0.117753	18.051
18.34	18.31	0.117770	18.151
18.34	18.30	0.117786	18.255
18.31	18.29	0.117803	18.350
18.31	18.28	0.117820	18.449
18.31	18.27	0.117836	18.554
18.28	18.26	0.117853	18.649
18.28	18.25	0.117870	18.748
18.26	18.24	0.117886	18.853
18.26	18.23	0.117903	18.947
18.23	18.22	0.117919	19.048
18.23	18.21	0.117936	19.151
18.23	18.20	0.117953	19.247
18.21	18.19	0.117969	19.347
18.21	18.18	0.117986	19.450
18.18	18.17	0.118003	19.547
18.18	18.16	0.118019	19.648
18.18	18.15	0.118036	19.749
18.15	18.14	0.118053	19.846
18.13	18.13	0.118069	19.948
18.10	18.12	0.118086	20.047
18.10	18.11	0.118103	20.148
18.10	18.10	0.118119	20.248
18.08	18.09	0.118136	20.348
18.08	18.08	0.118153	20.448
18.08	18.07	0.118169	20.547
18.05	18.06	0.118186	20.648
18.05	18.05	0.118203	20.747
18.05	18.04	0.118219	20.848
18.05	18.03	0.118236	20.947
18.02	18.02	0.118253	21.048
18.02	18.01	0.118269	21.148
18.02	18.00	0.118286	21.248
18.00	17.99	0.118303	21.348
18.00	17.98	0.118319	21.447
18.00	17.97	0.118336	21.548
18.00	17.96	0.118353	21.647
17.97	17.95	0.118369	21.748
17.97	17.94	0.118386	21.848
17.97	17.93	0.118403	21.948
17.95	17.92	0.118419	22.048
17.95	17.91	0.118436	22.147
17.92	17.90	0.118453	22.248
17.92	17.89	0.118469	22.347
17.92	17.88	0.118486	22.448
17.89	17.87	0.118503	22.547
17.89	17.86	0.118519	22.648
17.89	17.85	0.118536	22.748
17.87	17.84	0.118553	22.848
17.87	17.83	0.118569	22.948
17.84	17.82	0.118586	23.047
17.79	17.81	0.118603	23.148
17.79	17.80	0.118619	23.247
17.79	17.79	0.118636	23.348
17.76	17.78	0.118653	23.447
17.76	17.77	0.118669	23.548
17.76	17.76	0.118686	23.648
17.74	17.75	0.118703	23.748
17.74	17.74	0.118719	23.848
17.74	17.73	0.118736	23.947
17.74	17.72	0.118752	24.048
17.71	17.71	0.118769	24.147
17.71	17.70	0.118786	24.248
17.71	17.69	0.118802	24.348
17.69	17.68	0.118819	24.448
17.69	17.67	0.118836	24.547
17.69	17.66	0.118852	24.648
17.69	17.65	0.118869	24.747
17.66	17.64	0.118886	24.872
17.66	17.63	0.118902	24.976
17.63	17.62	0.118919	25.071
17.63	17.61	0.118936	25.171
17.63	17.60	0.118952	25.275
17.61	17.59	0.118969	25.370
17.61	17.58	0.118986	25.470
17.58	17.57	0.119002	25.574
17.58	17.56	0.119019	25.668
17.58	17.55	0.119036	25.770
17.56	17.54	0.119052	25.872
17.56	17.53	0.119069	25.967
17.53	17.52	0.119086	26.070
17.53	17.51	0.119102	26.171
17.53	17.50	0.119119	26.266
17.50	17.49	0.119136	26.370
17.50	17.48	0.119152	26.470
17.45	17.47	0.119169	26.563
17.45	17.46	0.119186	26.668
17.43	17.45	0.119202	26.769
17.43	17.44	0.119219	26.862
17.43	17.43	0.119236	26.967
17.43	17.42	0.119252	27.067
17.40	17.41	0.119269	27.161
17.40	17.40	0.119286	27.265
17.40	17.39	0.119302	27.361
17.38	17.38	0.119319	27.460
17.38	17.37	0.119336	27.565
17.38	17.36	0.119352	27.660
17.38	17.35	0.119369	27.759
17.35	17.34	0.119386	27.864
17.35	17.33	0.119402	27.958
17.35	17.32	0.119419	28.057
17.35	17.31	0.119436	28.162
17.33	17.30	0.119452	28.256
17.33	17.29	0.119469	28.357
17.33	17.28	0.119486	28.461
17.30	17.27	0.119502	28.555
17.30	17.26	0.119519	28.654
17.30	17.25	0.119536	28.760
17.27	17.24	0.119552	28.853
17.25	17.23	0.119569	28.953
17.25	17.22	0.119585	29.058
17.25	17.21	0.119602	29.152
17.20	17.20	0.119619	29.252
17.20	17.19	0.119635	29.356
17.17	17.18	0.119652	29.451
17.17	17.17	0.119669	29.550
17.17	17.16	0.119685	29.655
17.15	17.15	0.119702	29.750
17.15	17.14	0.119719	29.851
17.15	17.13	0.119735	29.954
17.12	17.12	0.119752	30.049
17.12	17.11	0.119769	30.151
17.12	17.10	0.119785	30.252
17.09	17.09	0.119802	30.350
17.09	17.08	0.119819	30.451
17.09	17.07	0.119835	30.551
17.07	17.06	0.119852	30.650
17.07	17.05	0.119869	30.750
17.07	17.04	0.119885	30.850
17.04	17.03	0.119902	30.949
17.04	17.02	0.119919	31.050
17.04	17.01	0.119935	31.149
17.02	17.00	0.119952	31.250
17.02	17.00	0.119969	31.349
17.02	17.00	0.119985	31.450
16.99	17.00	0.120002	31.550
16.99	17.00	0.120019	31.650
16.99	17.00	0.120035	31.750
16.97	17.00	0.120052	31.849
16.97	17.00	0.120069	31.950
16.94	17.00	0.120085	32.049
16.94	17.00	0.120102	32.149
16.94	17.00	0.120119	32.249
16.94	17.00	0.120135	32.350
16.92	17.00	0.120152	32.450
16.92	17.00	0.120169	32.549
16.92	17.00	0.120185	32.650
16.92	17.00	0.120202	32.749
16.92	17.00	0.120219	32.850
16.92	17.00	0.120235	32.950
16.92	17.00	0.120252	33.052
16.92	17.00	0.120269	33.152
16.92	17.00	0.120285	33.252
16.92	17.00	0.120302	33.352
16.92	17.00	0.120319	33.451
16.94	17.00	0.120335	33.552
16.94	17.00	0.120352	33.651
16.94	17.00	0.120369	33.752
16.94	17.00	0.120385	33.851
16.97	17.00	0.120402	33.952
16.97	17.00	0.120418	34.052
16.97	17.00	0.120435	34.152
16.97	17.00	0.120452	34.252
16.99	17.00	0.120468	34.351
16.99	17.00	0.120485	34.452
16.99	17.00	0.120502	34.551
16.99	17.00	0.120518	34.652
16.99	17.00	0.120535	34.752
17.02	17.00	0.120552	34.852
17.02	17.00	0.120568	34.952
17.02	17.00	0.120585	35.051
17.02	17.00	0.120602	35.181
17.02	17.00	0.120618	35.275
17.02	17.00	0.120635	35.375
17.02	17.00	0.120652	35.479
17.02	17.00	0.120668	35.574
17.02	17.00	0.120685	35.673
17.02	17.00	0.120702	35.778
17.02	17.00	0.120718	35.873
17.02	17.00	0.120735	35.973
17.02	17.00	0.120752	36.077
17.02	17.00	0.120768	36.171
17.02	17.00	0.120785	36.273
17.02	17.00	0.120802	36.375
16.99	17.00	0.120818	36.470
16.99	17.00	0.120835	36.573
16.99	17.00	0.120852	36.674
16.99	17.00	0.120868	36.769
16.99	17.00	0.120885	36.873
16.99	17.00	0.120902	36.973
16.99	17.00	0.120918	37.067
16.99	17.00	0.120935	37.172
16.99	17.00	0.120952	37.272
16.99	17.00	0.120968	37.366
16.99	17.00	0.120985	37.471
16.99	17.00	0.121002	37.570
16.99	17.00	0.121018	37.665
16.99	17.00	0.121035	37.769
16.99	17.00	0.121052	37.869
16.99	17.00	0.121068	37.963
16.99	17.00	0.121085	38.068
16.99	17.00	0.121102	38.163
16.99	17.00	0.121118	38.262
16.99	17.00	0.121135	38.367
16.99	17.00	0.121152	38.461
16.99	17.00	0.121168	38.561
16.99	17.00	0.121185	38.665
16.99	17.00	0.121202	38.760
16.99	17.00	0.121218	38.860
16.99	17.00	0.121235	38.964
16.99	17.00	0.121251	39.059
16.99	17.00	0.121268	39.158
16.99	17.00	0.121285	39.263
16.99	17.00	0.121301	39.357
16.99	17.00	0.121318	39.457
16.99	17.00	0.121335	39.561
16.99	17.00	0.121351	39.656
16.99	17.00	0.121368	39.755
16.99	17.00	0.121385	39.861
16.99	17.00	0.121401	39.955
16.99	17.00	0.121418	40.054
16.99	17.00	0.121435	40.158
16.99	17.00	0.121451	40.253
16.99	17.00	0.121468	40.353
16.99	17.00	0.121485	40.457
17.02	17.00	0.121501	40.553
17.02	17.00	0.121518	40.654
17.02	17.00	0.121535	40.757
17.02	17.00	0.121551	40.852
17.02	17.00	0.121568	40.954
17.02	17.00	0.121585	41.055
17.02	17.00	0.121601	41.153
17.02	17.00	0.121618	41.254
17.02	17.00	0.121635	41.354
17.02	17.00	0.121651	41.453
16.99	17.00	0.121668	41.552
16.99	17.00	0.121685	41.653
16.99	17.00	0.121701	41.752
16.99	17.00	0.121718	41.853
16.99	17.00	0.121735	41.952
16.99	17.00	0.121751	42.053
16.99	17.00	0.121768	42.153
16.99	17.00	0.121785	42.253
16.99	17.00	0.121801	42.353
16.99	17.00	0.121818	42.452
16.99	17.00	0.121835	42.553
16.99	17.00	0.121851	42.652
16.99	17.00	0.121868	42.752
16.99	17.00	0.121885	42.852
16.99	17.00	0.121901	42.953
16.99	17.00	0.121918	43.053
16.99	17.00	0.121935	43.152
16.99	17.00	0.121951	43.253
16.99	17.00	0.121968	43.352
16.99	17.00	0.121985	43.453
16.99	17.00	0.122001	43.552
16.99	17.00	0.122018	43.653
16.99	17.00	0.122035	43.753
16.99	17.00	0.122051	43.853
16.99	17.00	0.122068	43.953
16.99	17.00	0.122084	44.053
16.99	17.00	0.122101	44.154
16.99	17.00	0.122118	44.253
16.99	17.00	0.122134	44.354
16.99	17.00	0.122151	44.453
16.99	17.00	0.122168	44.554
16.99	17.00	0.122184	44.654
16.99	17.00	0.122201	44.753
16.99	17.00	0.122218	44.854
17.02	17.00	0.122234	44.953
17.02	17.00	0.122251	45.054
17.02	17.00	0.122268	45.153
17.02	17.00	0.122284	45.253
17.02	17.00	0.122301	45.354
17.02	17.00	0.122318	45.454
17.02	17.00	0.122334	45.553
17.02	17.00	0.122351	45.654
17.02	17.00	0.122368	45.753
17.02	17.00	0.122384	45.854
17.02	17.00	0.122401	45.953
17.02	17.00	0.122418	46.078
16.99	17.00	0.122434	46.177
16.99	17.00	0.122451	46.282
16.99	17.00	0.122468	46.377
16.99	17.00	0.122484	46.476
16.99	17.00	0.122501	46.581
16.99	17.00	0.122518	46.675
16.99	17.00	0.122534	46.776
16.99	17.00	0.122551	46.879
16.99	17.00	0.122568	46.974
16.99	17.00	0.122584	47.075
16.99	17.00	0.122601	47.178
16.99	17.00	0.122618	47.273
16.99	17.00	0.122634	47.376
16.99	17.00	0.122651	47.477
16.99	17.00	0.122668	47.571
16.99	17.00	0.122684	47.676
16.99	17.00	0.122701	47.775
16.99	17.00	0.122718	47.870
16.99	17.00	0.122734	47.975
16.99	17.00	0.122751	48.074
16.99	17.00	0.122768	48.169
16.99	17.00	0.122784	48.273
16.99	17.00	0.122801	48.373
17.02	17.00	0.122818	48.467
17.02	17.00	0.122834	48.572
17.02	17.00	0.122851	48.666
17.02	17.00	0.122868	48.766
17.02	17.00	0.122884	48.871
17.02	17.00	0.122901	48.965
17.02	17.00	0.122917	49.065
17.02	17.00	0.122934	49.169
17.02	17.00	0.122951	49.264
17.02	17.00	0.122967	49.363
17.02	17.00	0.122984	49.468
16.99	17.00	0.123001	49.563
16.99	17.00	0.123017	49.662
16.99	17.00	0.123034	49.767
16.99	17.00	0.123051	49.861
16.99	17.00	0.123067	49.961
16.99	17.00	0.123084	50.065
16.99	17.00	0.123101	50.160
16.99	17.00	0.123117	50.259
16.99	17.00	0.123134	50.364
16.99	17.00	0.123151	50.459
16.99	17.00	0.123167	50.558
16.99	17.00	0.123184	50.663
16.99	17.00	0.123201	50.757
16.99	17.00	0.123217	50.857
16.99	17.00	0.123234	50.961
16.99	17.00	0.123251	51.056
16.99	17.00	0.123267	51.157
16.99	17.00	0.123284	51.260
16.99	17.00	0.123301	51.357
16.99	17.00	0.123317	51.457
16.99	17.00	0.123334	51.559
16.99	17.00	0.123351	51.656
17.02	17.00	0.123367	51.757
17.02	17.00	0.123384	51.857
17.02	17.00	0.123401	51.957
17.02	17.00	0.123417	52.057
17.02	17.00	0.123434	52.157
17.02	17.00	0.123451	52.257
17.02	17.00	0.123467	52.356
17.02	17.00	0.123484	52.457
17.02	17.00	0.123501	52.556
17.02	17.00	0.123517	52.657
16.99	17.00	0.123534	52.756
16.99	17.00	0.123551	52.857
16.99	17.00	0.123567	52.958
16.99	17.00	0.123584	53.057
16.99	17.00	0.123601	53.158
16.99	17.00	0.123617	53.257
16.99	17.00	0.123634	53.358
16.99	17.00	0.123651	53.457
16.99	17.00	0.123667	53.558
16.99	17.00	0.123684	53.658
16.99	17.00	0.123701	53.758
16.99	17.00	0.123717	53.859
16.99	17.00	0.123734	53.958
16.99	17.00	0.123750	54.059
16.99	17.00	0.123767	54.158
16.99	17.00	0.123784	54.259
16.99	17.00	0.123800	54.358
16.99	17.00	0.123817	54.459
16.99	17.00	0.123834	54.559
16.99	17.00	0.123850	54.659
16.99	17.00	0.123867	54.759
16.99	17.00	0.123884	54.858
16.99	17.00	0.123900	54.959
16.99	17.00	0.123917	55.058
16.99	17.00	0.123934	55.159
16.99	17.00	0.123950	55.259
16.99	17.00	0.123967	55.359
16.99	17.00	0.123984	55.459
16.99	17.00	0.124000	55.558
16.99	17.00	0.124017	55.659
16.99	17.00	0.124034	55.758
17.02	17.00	0.124050	55.859
17.02	17.00	0.124067	55.959
17.02	17.00	0.124084	56.059
17.02	17.00	0.124100	56.159
17.02	17.00	0.124117	56.258
17.02	17.00	0.124134	56.383
17.02	17.00	0.124150	56.487
17.02	17.00	0.124167	56.582
17.02	17.00	0.124184	56.681
17.02	17.00	0.124200	56.786
16.99	17.00	0.124217	56.880
16.99	17.00	0.124234	56.980
16.99	17.00	0.124250	57.085
16.99	17.00	0.124267	57.179
16.99	17.00	0.124284	57.279
16.99	17.00	0.124300	57.383
16.99	17.00	0.124317	57.478
16.99	17.00	0.124334	57.578
16.99	17.00	0.124350	57.682
16.99	17.00	0.124367	57.776
16.99	17.00	0.124384	57.879
16.99	17.00	0.124400	57.981
16.99	17.00	0.124417	58.075
16.99	17.00	0.124434	58.179
16.99	17.00	0.124450	58.279
16.99	17.00	0.124467	58.374
16.99	17.00	0.124484	58.478
16.99	17.00	0.124500	58.578
16.99	17.00	0.124517	58.673
16.99	17.00	0.124534	58.777
16.99	17.00	0.124550	58.877
16.99	17.00	0.124567	58.971
17.02	17.00	0.124583	59.076
17.02	17.00	0.124600	59.175
17.02	17.00	0.124617	59.270
17.02	17.00	0.124633	59.374
17.02	17.00	0.124650	59.469
17.02	17.00	0.124667	59.569
17.02	17.00	0.124683	59.673
17.02	17.00	0.124700	59.768
17.02	17.00	0.124717	59.867
16.99	17.00	0.124733	59.972
16.99	17.00	0.124750	00.066
16.99	17.00	0.124767	00.166
16.99	17.00	0.124783	00.271
16.99	17.00	0.124800	00.365
16.99	17.00	0.124817	00.464
16.99	17.00	0.124833	00.569
16.99	17.00	0.124850	00.663
16.99	17.00	0.124867	00.763
16.99	17.00	0.124883	00.867
16.99	17.00	0.124900	00.962
16.99	17.00	0.124917	01.062
16.99	17.00	0.124933	01.166
16.99	17.00	0.124950	01.261
16.99	17.00	0.124967	01.360
16.99	17.00	0.124983	01.465
17.02	17.00	0.125000	01.559
17.02	17.00	0.125017	01.660
17.02	17.00	0.125033	01.764
17.02	17.00	0.125050	01.860
17.02	17.00	0.125067	01.962
17.02	17.00	0.125083	02.062
17.02	17.00	0.125100	02.162
17.02	17.00	0.125117	02.261
17.02	17.00	0.125133	02.362
17.02	17.00	0.125150	02.461
16.99	17.00	0.125167	02.562
16.99	17.00	0.125183	02.662
16.99	17.00	0.125200	02.762
16.99	17.00	0.125217	02.862
16.99	17.00	0.125233	02.961
16.99	17.00	0.125250	03.062
16.99	17.00	0.125267	03.161
16.99	17.00	0.125283	03.262
16.99	17.00	0.125300	03.361
16.99	17.00	0.125317	03.462
16.99	17.00	0.125333	03.562
16.99	17.00	0.125350	03.661
16.99	17.00	0.125367	03.762
16.99	17.00	0.125383	03.861
16.99	17.00	0.125400	03.962
16.99	17.00	0.125416	04.061
16.99	17.00	0.125433	04.162
16.99	17.00	0.125450	04.262
16.99	17.00	0.125466	04.362
16.99	17.00	0.125483	04.462
16.99	17.00	0.125500	04.561
16.99	17.00	0.125516	04.662
16.99	17.00	0.125533	04.761
17.02	17.00	0.125550	04.862
17.02	17.00	0.125566	04.962
17.02	17.00	0.125583	05.062
17.02	17.00	0.125600	05.162
17.02	17.00	0.125616	05.261
17.02	17.00	0.125633	05.362
17.02	17.00	0.125650	05.461
17.02	17.00	0.125666	05.562
17.02	17.00	0.125683	05.661
17.02	17.00	0.125700	05.762
17.02	17.00	0.125716	05.862
17.02	17.00	0.125733	05.962
17.02	17.00	0.125750	06.062
17.02	17.00	0.125766	06.161
17.02	17.00	0.125783	06.262
16.99	17.00	0.125800	06.361
16.99	17.00	0.125816	06.462
16.99	17.00	0.125833	06.561
16.99	17.00	0.125850	06.662
16.99	17.00	0.125866	06.762
16.99	17.00	0.125883	06.862
16.99	17.00	0.125900	06.961
16.99	17.00	0.125916	07.060
16.99	17.00	0.125933	07.185
16.99	17.00	0.125950	07.289
16.99	17.00	0.125966	07.384
16.99	17.00	0.125983	07.483
16.99	17.00	0.126000	07.588
16.99	17.00	0.126016	07.683
16.99	17.00	0.126033	07.782
16.99	17.00	0.126050	07.887
16.99	17.00	0.126066	07.981
16.99	17.00	0.126083	08.082
16.99	17.00	0.126100	08.185
16.99	17.00	0.126116	08.280
16.99	17.00	0.126133	08.381
16.99	17.00	0.126150	08.484
17.02	17.00	0.126166	08.579
17.02	17.00	0.126183	08.682
17.02	17.00	0.126200	08.783
17.02	17.00	0.126216	08.877
17.02	17.00	0.126233	08.982
17.02	17.00	0.126249	09.081
17.02	17.00	0.126266	09.176
17.02	17.00	0.126283	09.280
17.02	17.00	0.126299	09.380
17.02	17.00	0.126316	09.475
17.02	17.00	0.126333	09.579
17.02	17.00	0.126349	09.679
16.99	17.00	0.126366	09.773
16.99	17.00	0.126383	09.878
16.99	17.00	0.126399	09.972
16.99	17.00	0.126416	10.072
16.99	17.00	0.126433	10.177
16.99	17.00	0.126449	10.271
16.99	17.00	0.126466	10.371
16.99	17.00	0.126483	10.475
16.99	17.00	0.126499	10.570
16.99	17.00	0.126516	10.669
16.99	17.00	0.126533	10.774
16.99	17.00	0.126549	10.869
16.99	17.00	0.126566	10.968
16.99	17.00	0.126583	11.073
16.99	17.00	0.126599	11.167
16.99	17.00	0.126616	11.267
16.99	17.00	0.126633	11.371
16.99	17.00	0.126649	11.466
16.99	17.00	0.126666	11.565
16.99	17.00	0.126683	11.670
16.99	17.00	0.126699	11.765
16.99	17.00	0.126716	11.864
16.99	17.00	0.126733	11.969
16.99	17.00	0.126749	12.063
16.99	17.00	0.126766	12.163
17.02	17.00	0.126783	12.267
17.02	17.00	0.126799	12.363
17.02	17.00	0.126816	12.464
17.02	17.00	0.126833	12.566
17.02	17.00	0.126849	12.663
17.02	17.00	0.126866	12.763
17.02	17.00	0.126883	12.865
17.02	17.00	0.126899	12.962
17.02	17.00	0.126916	13.063
17.02	17.00	0.126933	13.163
17.02	17.00	0.126949	13.263
17.02	17.00	0.126966	13.363
16.99	17.00	0.126983	13.463
16.99	17.00	0.126999	13.564
16.99	17.00	0.127016	13.663
16.99	17.00	0.127033	13.764
16.99	17.00	0.127049	13.863
16.99	17.00	0.127066	13.964
16.99	17.00	0.127082	14.063
16.99	17.00	0.127099	14.164
16.99	17.00	0.127116	14.264
16.99	17.00	0.127132	14.364
16.99	17.00	0.127149	14.464
16.99	17.00	0.127166	14.563
16.99	17.00	0.127182	14.663
16.99	17.00	0.127199	14.763
16.99	17.00	0.127216	14.864
16.99	17.00	0.127232	14.964
16.99	17.00	0.127249	15.064
16.99	17.00	0.127266	15.164
16.99	17.00	0.127282	15.263
16.99	17.00	0.127299	15.364
16.99	17.00	0.127316	15.463
16.99	17.00	0.127332	15.564
16.99	17.00	0.127349	15.663
17.02	17.00	0.127366	15.764
17.02	17.00	0.127382	15.864
17.02	17.00	0.127399	15.964
17.02	17.00	0.127416	16.064
17.02	17.00	0.127432	16.163
17.02	17.00	0.127449	16.264
17.02	17.00	0.127466	16.363
17.02	17.00	0.127482	16.464
17.02	17.00	0.127499	16.564
17.02	17.00	0.127516	16.664
16.99	17.00	0.127532	16.764
16.99	17.00	0.127549	16.865
16.99	17.00	0.127566	16.964
16.99	17.00	0.127582	17.065
16.99	17.00	0.127599	17.164
16.99	17.00	0.127616	17.265
16.99	17.00	0.127632	17.365
16.99	17.00	0.127649	17.465
16.99	17.00	0.127666	17.565
16.99	17.00	0.127682	17.664
16.99	17.00	0.127699	17.794
16.99	17.00	0.127716	17.888
16.99	17.00	0.127732	17.988
16.99	17.00	0.127749	18.092
16.99	17.00	0.127766	18.187
16.99	17.00	0.127782	18.286
17.02	17.00	0.127799	18.391
17.02	17.00	0.127816	18.486
17.02	17.00	0.127832	18.585
17.02	17.00	0.127849	18.690
17.02	17.00	0.127866	18.784
17.02	17.00	0.127882	18.885
17.02	17.00	0.127899	18.988
17.02	17.00	0.127915	19.083
17.02	17.00	0.127932	19.185
17.02	17.00	0.127949	19.287
17.02	17.00	0.127965	19.382
16.99	17.00	0.127982	19.485
16.99	17.00	0.127999	19.586
16.99	17.00	0.128015	19.679
16.99	17.00	0.128032	19.785
16.99	17.00	0.128049	19.884
16.99	17.00	0.128065	19.979
16.99	17.00	0.128082	20.084
16.99	17.00	0.128099	20.183
16.99	17.00	0.128115	20.278
16.99	17.00	0.128132	20.382
16.99	17.00	0.128149	20.482
16.99	17.00	0.128165	20.576
16.99	17.00	0.128182	20.681
16.99	17.00	0.128199	20.775
16.99	17.00	0.128215	20.875
16.99	17.00	0.128232	20.979
16.99	17.00	0.128249	21.073
16.99	17.00	0.128265	21.173
16.99	17.00	0.128282	21.277
16.99	17.00	0.128299	21.372
16.99	17.00	0.128315	21.471
16.99	17.00	0.128332	21.576
16.99	17.00	0.128349	21.671
16.99	17.00	0.128365	21.770
16.99	17.00	0.128382	21.875
16.99	17.00	0.128399	21.969
17.02	17.00	0.128415	22.070
17.02	17.00	0.128432	22.174
17.02	17.00	0.128449	22.269
17.02	17.00	0.128465	22.368
17.02	17.00	0.128482	22.473
17.02	17.00	0.128499	22.568
17.02	17.00	0.128515	22.667
17.02	17.00	0.128532	22.772
17.02	17.00	0.128549	22.866
16.99	17.00	0.128565	22.966
16.99	17.00	0.128582	23.069
16.99	17.00	0.128599	23.166
16.99	17.00	0.128615	23.266
16.99	17.00	0.128632	23.368
16.99	17.00	0.128649	23.466
16.99	17.00	0.128665	23.566
16.99	17.00	0.128682	23.667
16.99	17.00	0.128699	23.765
16.99	17.00	0.128715	23.866
16.99	17.00	0.128732	23.966
16.99	17.00	0.128748	24.066
16.99	17.00	0.128765	24.166
16.99	17.00	0.128782	24.265
16.99	17.00	0.128798	24.366
16.99	17.00	0.128815	24.465
16.99	17.00	0.128832	24.566
16.99	17.00	0.128848	24.665
16.99	17.00	0.128865	24.766
16.99	17.00	0.128882	24.866
16.99	17.00	0.128898	24.966
16.99	17.00	0.128915	25.066
16.99	17.00	0.128932	25.165
16.99	17.00	0.128948	25.266
16.99	17.00	0.128965	25.365
16.99	17.00	0.128982	25.466
16.99	17.00	0.128998	25.565
16.99	17.00	0.129015	25.666
17.02	17.00	0.129032	25.766
17.02	17.00	0.129048	25.866
17.02	17.00	0.129065	25.966
17.02	17.00	0.129082	26.065
17.02	17.00	0.129098	26.166
17.02	17.00	0.129115	26.265
17.02	17.00	0.129132	26.366
17.02	17.00	0.129148	26.466
17.02	17.00	0.129165	26.566
17.02	17.00	0.129182	26.666
16.99	17.00	0.129198	26.765
16.99	17.00	0.129215	26.866
16.99	17.00	0.129232	26.965
16.99	17.00	0.129248	27.066
16.99	17.00	0.129265	27.165
16.99	17.00	0.129282	27.266
16.99	17.00	0.129298	27.366
16.99	17.00	0.129315	27.466
16.99	17.00	0.129332	27.566
16.99	17.00	0.129348	27.665
16.99	17.00	0.129365	27.766
16.99	17.00	0.129382	27.865
16.99	17.00	0.129398	27.966
16.99	17.00	0.129415	28.066
16.99	17.00	0.129432	28.166
16.99	17.00	0.129448	28.266
16.99	17.00	0.129465	28.365
16.99	17.00	0.129482	28.466
16.99	17.00	0.129498	28.565
16.99	17.00	0.129515	28.666
16.99	17.00	0.129532	28.765
16.99	17.00	0.129548	28.894
17.02	17.00	0.129565	28.989
17.02	17.00	0.129581	29.089
17.02	17.00	0.129598	29.194
17.02	17.00	0.129615	29.288
17.02	17.00	0.129631	29.388
17.02	17.00	0.129648	29.492
17.02	17.00	0.129665	29.587
17.02	17.00	0.129681	29.688
16.99	17.00	0.129698	29.791
16.99	17.00	0.129715	29.885
16.99	17.00	0.129731	29.988
16.99	17.00	0.129748	30.089
16.99	17.00	0.129765	30.183
16.99	17.00	0.129781	30.288
16.99	17.00	0.129798	30.387
16.99	17.00	0.129815	30.482
16.99	17.00	0.129831	30.586
16.99	17.00	0.129848	30.686
16.99	17.00	0.129865	30.781
16.99	17.00	0.129881	30.885
16.99	17.00	0.129898	30.985
16.99	17.00	0.129915	31.079
16.99	17.00	0.129931	31.184
16.99	17.00	0.129948	31.283
16.99	17.01	0.129965	31.378
16.99	17.02	0.129981	31.483
16.99	17.03	0.129998	31.577
16.99	17.04	0.130015	31.677
16.99	17.05	0.130031	31.781
16.99	17.06	0.130048	31.876
16.99	17.07	0.130065	31.975
16.99	17.08	0.130081	32.080
17.02	17.09	0.130098	32.174
17.02	17.10	0.130115	32.274
17.02	17.11	0.130131	32.379
17.02	17.12	0.130148	32.473
17.04	17.13	0.130165	32.573
17.04	17.14	0.130181	32.677
17.07	17.15	0.130198	32.772
17.07	17.16	0.130215	32.871
17.09	17.17	0.130231	32.976
17.12	17.18	0.130248	33.071
17.12	17.19	0.130265	33.170
17.17	17.20	0.130281	33.275
17.17	17.21	0.130298	33.369
17.20	17.22	0.130315	33.469
17.20	17.23	0.130331	33.573
17.22	17.24	0.130348	33.668
17.22	17.25	0.130365	33.769
17.22	17.26	0.130381	33.872
17.25	17.27	0.130398	33.967
17.25	17.28	0.130414	34.069
17.25	17.29	0.130431	34.171
17.27	17.30	0.130448	34.266
17.27	17.31	0.130464	34.369
17.27	17.32	0.130481	34.469
17.30	17.33	0.130498	34.567
17.30	17.34	0.130514	34.669
17.30	17.35	0.130531	34.768
17.33	17.36	0.130548	34.867
17.33	17.37	0.130564	34.967
17.33	17.38	0.130581	35.067
17.35	17.39	0.130598	35.166
17.35	17.40	0.130614	35.267
17.38	17.41	0.130631	35.367
17.38	17.42	0.130648	35.467
17.38	17.43	0.130664	35.567
17.40	17.44	0.130681	35.666
17.45	17.45	0.130698	35.767
17.45	17.46	0.130714	35.866
17.45	17.47	0.130731	35.967
17.48	17.48	0.130748	36.066
17.48	17.49	0.130764	36.167
17.48	17.50	0.130781	36.267
17.50	17.51	0.130798	36.367
17.50	17.52	0.130814	36.467
17.53	17.53	0.130831	36.566
17.53	17.54	0.130848	36.667
17.53	17.55	0.130864	36.766
17.56	17.56	0.130881	36.867
17.56	17.57	0.130898	36.966
17.56	17.58	0.130914	37.067
17.58	17.59	0.130931	37.167
17.58	17.60	0.130948	37.267
17.58	17.61	0.130964	37.367
17.58	17.62	0.130981	37.466
17.61	17.63	0.130998	37.567
17.61	17.64	0.131014	37.666
17.61	17.65	0.131031	37.767
17.63	17.66	0.131048	37.867
17.63	17.67	0.131064	37.967
17.66	17.68	0.131081	38.067
17.66	17.69	0.131098	38.166
17.66	17.70	0.131114	38.267
17.69	17.71	0.131131	38.366
17.69	17.72	0.131148	38.467
17.69	17.73	0.131164	38.566
17.71	17.74	0.131181	38.667
17.71	17.75	0.131198	38.767
17.74	17.76	0.131214	38.867
17.76	17.77	0.131231	38.967
17.79	17.78	0.131247	39.065
17.79	17.79	0.131264	39.166
17.82	17.80	0.131281	39.266
17.82	17.81	0.131297	39.367
17.82	17.82	0.131314	39.466
17.84	17.83	0.131331	39.567
17.84	17.84	0.131347	39.667
17.84	17.85	0.131364	39.767
17.87	17.86	0.131381	39.892
17.87	17.87	0.131397	39.966
17.87	17.88	0.131414	40.090
17.87	17.89	0.131431	40.166
17.89	17.90	0.131447	40.294
17.89	17.91	0.131464	40.388
17.89	17.92	0.131481	40.491
17.89	17.93	0.131497	40.593
17.92	17.94	0.131514	40.687
17.92	17.95	0.131531	40.766
17.92	17.96	0.131547	40.891
17.95	17.97	0.131564	40.986
17.95	17.98	0.131581	41.090
17.95	17.99	0.131597	41.190
17.97	18.00	0.131614	41.284
17.97	18.01	0.131631	41.389
18.00	18.02	0.131647	41.489
18.00	18.03	0.131664	41.583
18.00	18.04	0.131681	41.688
18.02	18.05	0.131697	41.787
18.02	18.06	0.131714	41.882
18.05	18.07	0.131731	41.986
18.08	18.08	0.131747	42.081
18.10	18.09	0.131764	42.181
18.10	18.10	0.131781	42.285
18.10	18.11	0.131797	42.380
18.13	18.12	0.131814	42.479
18.13	18.13	0.131831	42.584
18.13	18.14	0.131847	42.678
18.15	18.15	0.131864	42.778
18.15	18.16	0.131881	42.882
18.15	18.17	0.131897	42.977
18.18	18.18	0.131914	43.077
18.18	18.19	0.131931	43.181
18.18	18.20	0.131947	43.276
18.18	18.21	0.131964	43.375
18.21	18.22	0.131981	43.480
18.21	18.23	0.131997	43.574
18.21	18.24	0.132014	43.674
18.23	18.25	0.132031	43.778
18.23	18.26	0.132047	43.873
18.23	18.27	0.132064	43.973
18.26	18.28	0.132080	44.077
18.26	18.29	0.132097	44.172
18.26	18.30	0.132114	44.271
18.28	18.31	0.132130	44.376
18.28	18.32	0.132147	44.470
18.31	18.33	0.132164	44.572
18.31	18.34	0.132180	44.675
18.31	18.35	0.132197	44.769
18.34	18.36	0.132214	44.872
18.34	18.37	0.132230	44.973
18.39	18.38	0.132247	45.068
18.39	18.39	0.132264	45.172
18.41	18.40	0.132280	45.272
18.41	18.41	0.132297	45.368
18.41	18.42	0.132314	45.471
18.44	18.43	0.132330	45.571
18.44	18.44	0.132347	45.669
18.44	18.45	0.132364	45.770
18.47	18.46	0.132380	45.869
18.47	18.47	0.132397	45.969
18.47	18.48	0.132414	46.068
18.47	18.49	0.132430	46.169
18.49	18.50	0.132447	46.269
18.49	18.51	0.132464	46.369
18.49	18.52	0.132480	46.469
18.52	18.53	0.132497	46.568
18.52	18.54	0.132514	46.669
18.52	18.55	0.132530	46.768
18.54	18.56	0.132547	46.869
18.54	18.57	0.132564	46.968
18.54	18.58	0.132580	47.069
18.57	18.59	0.132597	47.169
18.57	18.60	0.132614	47.269
18.57	18.61	0.132630	47.370
18.60	18.62	0.132647	47.469
18.60	18.63	0.132664	47.570
18.62	18.64	0.132680	47.669
18.62	18.65	0.132697	47.770
18.62	18.66	0.132714	47.869
18.65	18.67	0.132730	47.970
18.65	18.68	0.132747	48.070
18.70	18.69	0.132764	48.170
18.70	18.70	0.132780	48.270
18.73	18.71	0.132797	48.369
18.73	18.72	0.132814	48.470
18.73	18.73	0.132830	48.569
18.75	18.74	0.132847	48.670
18.75	18.75	0.132864	48.769
18.75	18.76	0.132880	48.870
18.78	18.77	0.132897	48.970
18.78	18.78	0.132913	49.069
18.78	18.79	0.132930	49.170
18.78	18.80	0.132947	49.269
18.80	18.81	0.132963	49.370
18.80	18.82	0.132980	49.469
18.80	18.83	0.132997	49.570
18.83	18.84	0.133013	49.670
18.83	18.85	0.133030	49.770
18.83	18.86	0.133047	49.870
18.83	18.87	0.133063	49.969
18.86	18.88	0.133080	50.070
18.86	18.89	0.133097	50.169
18.88	18.90	0.133113	50.270
18.88	18.91	0.133130	50.369
18.88	18.92	0.133147	50.470
18.91	18.93	0.133163	50.570
18.91	18.94	0.133180	50.694
18.93	18.95	0.133197	50.798
18.93	18.96	0.133213	50.892
18.96	18.97	0.133230	50.994
18.96	18.98	0.133247	51.096
18.96	18.99	0.133263	51.191
18.99	19.00	0.133280	51.270
18.99	19.01	0.133297	51.395
19.01	19.02	0.133313	51.490
19.01	19.03	0.133330	51.569
19.01	19.04	0.133347	51.694
19.04	19.05	0.133363	51.788
19.04	19.06	0.133380	51.893
19.04	19.07	0.133397	51.992
19.06	19.08	0.133413	52.087
19.06	19.09	0.133430	52.192
19.09	19.10	0.133447	52.291
19.09	19.11	0.133463	52.386
19.09	19.12	0.133480	52.490
19.12	19.13	0.133497	52.590
19.12	19.14	0.133513	52.684
19.12	19.15	0.133530	52.789
19.14	19.16	0.133547	52.883
19.14	19.17	0.133563	52.983
19.17	19.18	0.133580	53.088
19.17	19.19	0.133597	53.182
19.19	19.20	0.133613	53.282
19.19	19.21	0.133630	53.386
19.19	19.22	0.133647	53.481
19.22	19.23	0.133663	53.580
19.22	19.24	0.133680	53.685
19.25	19.25	0.133697	53.780
19.25	19.26	0.133713	53.879
19.25	19.27	0.133730	53.984
19.27	19.28	0.133746	54.078
19.27	19.29	0.133763	54.178
19.27	19.30	0.133780	54.282
19.30	19.31	0.133796	54.377
19.30	19.32	0.133813	54.476
19.30	19.33	0.133830	54.581
19.32	19.34	0.133846	54.676
19.32	19.35	0.133863	54.775
19.35	19.36	0.133880	54.880
19.35	19.37	0.133896	54.974
19.38	19.38	0.133913	55.075
19.38	19.39	0.133930	55.178
19.38	19.40	0.133946	55.273
19.40	19.41	0.133963	55.375
19.40	19.42	0.133980	55.477
19.43	19.43	0.133996	55.572
19.43	19.44	0.134013	55.675
19.43	19.45	0.134030	55.776
19.45	19.46	0.134046	55.870
19.45	19.47	0.134063	55.975
19.45	19.48	0.134080	56.074
19.48	19.49	0.134096	56.170
19.48	19.50	0.134113	56.274
19.50	19.51	0.134130	56.373
19.50	19.52	0.134146	56.470
19.50	19.53	0.134163	56.572
19.53	19.54	0.134180	56.672
19.53	19.55	0.134196	56.769
19.53	19.56	0.134213	56.871
19.56	19.57	0.134230	56.971
19.56	19.58	0.134246	57.070
19.58	19.59	0.134263	57.170
19.58	19.60	0.134280	57.271
19.61	19.61	0.134296	57.370
19.61	19.62	0.134313	57.469
19.61	19.63	0.134330	57.571
19.63	19.64	0.134346	57.669
19.63	19.65	0.134363	57.770
19.63	19.66	0.134380	57.872
19.66	19.67	0.134396	57.970
19.66	19.68	0.134413	58.070
19.68	19.69	0.134430	58.171
19.68	19.70	0.134446	58.270
19.68	19.71	0.134463	58.369
19.71	19.72	0.134480	58.471
19.71	19.73	0.134496	58.569
19.71	19.74	0.134513	58.670
19.74	19.75	0.134530	58.772
19.74	19.76	0.134546	58.869
19.76	19.77	0.134563	58.970
19.76	19.78	0.134579	59.071
19.76	19.79	0.134596	59.170
19.79	19.80	0.134613	59.269
19.79	19.81	0.134629	59.372
19.81	19.82	0.134646	59.470
19.81	19.83	0.134663	59.570
19.81	19.84	0.134679	59.672
19.84	19.85	0.134696	59.769
19.84	19.86	0.134713	59.870
19.86	19.87	0.134729	59.971
19.86	19.88	0.134746	00.070
19.86	19.89	0.134763	00.170
19.89	19.90	0.134779	00.272
19.89	19.91	0.134796	00.370
19.89	19.92	0.134813	00.469
19.92	19.93	0.134829	00.572
19.92	19.94	0.134846	00.669
19.94	19.95	0.134863	00.771
19.94	19.96	0.134879	00.872
19.94	19.97	0.134896	00.971
19.97	19.98	0.134913	01.071
19.97	19.99	0.134929	01.172
19.99	20.00	0.134946	01.271
19.99	20.01	0.134963	01.370
19.99	20.02	0.134979	01.472
20.02	20.03	0.134996	01.570
20.02	20.04	0.135013	01.695
20.02	20.05	0.135029	01.773
20.04	20.06	0.135046	01.899
20.04	20.07	0.135063	01.994
20.07	20.08	0.135079	02.072
20.07	20.09	0.135096	02.198
20.07	20.10	0.135113	02.292
20.09	20.11	0.135129	02.397
20.09	20.12	0.135146	02.496
20.12	20.13	0.135163	02.591
20.12	20.14	0.135179	02.695
20.12	20.15	0.135196	02.795
20.15	20.16	0.135213	02.890
20.15	20.17	0.135229	02.994
20.15	20.18	0.135246	03.094
20.17	20.19	0.135263	03.188
20.17	20.20	0.135279	03.293
20.20	20.21	0.135296	03.392
20.20	20.22	0.135313	03.487
20.20	20.23	0.135329	03.592
20.22	20.24	0.135346	03.686
20.22	20.25	0.135363	03.786
20.25	20.26	0.135379	03.890
20.25	20.27	0.135396	03.985
20.27	20.28	0.135412	04.084
20.27	20.29	0.135429	04.189
20.27	20.30	0.135446	04.283
20.30	20.31	0.135462	04.383
20.30	20.32	0.135479	04.488
20.33	20.33	0.135496	04.582
20.33	20.34	0.135512	04.682
20.33	20.35	0.135529	04.786
20.35	20.36	0.135546	04.881
20.35	20.37	0.135562	04.980
20.35	20.38	0.135579	05.085
20.38	20.39	0.135596	05.180
20.38	20.40	0.135612	05.279
20.40	20.41	0.135629	05.384
20.40	20.42	0.135646	05.478
20.40	20.43	0.135662	05.578
20.43	20.44	0.135679	05.682
20.43	20.45	0.135696	05.777
20.45	20.46	0.135712	05.878
20.45	20.47	0.135729	05.981
20.45	20.48	0.135746	06.076
20.48	20.49	0.135762	06.178
20.48	20.50	0.135779	06.280
20.50	20.51	0.135796	06.374
20.50	20.52	0.135812	06.478
20.50	20.53	0.135829	06.579
20.53	20.54	0.135846	06.673
20.53	20.55	0.135862	06.778
20.53	20.56	0.135879	06.877
20.56	20.57	0.135896	06.972
20.56	20.58	0.135912	07.076
20.58	20.59	0.135929	07.176
20.58	20.60	0.135946	07.271
20.58	20.61	0.135962	07.375
20.61	20.62	0.135979	07.475
20.61	20.63	0.135996	07.572
20.63	20.64	0.136012	07.674
20.63	20.65	0.136029	07.774
20.63	20.66	0.136046	07.872
20.66	20.67	0.136062	07.972
20.66	20.68	0.136079	08.074
20.68	20.69	0.136096	08.172
20.68	20.70	0.136112	08.272
20.68	20.71	0.136129	08.374
20.71	20.72	0.136146	08.471
20.71	20.73	0.136162	08.572
20.71	20.74	0.136179	08.674
20.74	20.75	0.136196	08.772
20.74	20.76	0.136212	08.871
20.76	20.77	0.136229	08.974
20.76	20.78	0.136245	09.072
20.76	20.79	0.136262	09.172
20.79	20.80	0.136279	09.275
20.79	20.81	0.136295	09.372
20.79	20.82	0.136312	09.473
20.81	20.83	0.136329	09.574
20.81	20.84	0.136345	09.673
20.84	20.85	0.136362	09.772
20.84	20.86	0.136379	09.874
20.86	20.87	0.136395	09.973
20.86	20.88	0.136412	10.073
20.86	20.89	0.136429	10.175
20.89	20.90	0.136445	10.272
20.89	20.91	0.136462	10.373
20.89	20.92	0.136479	10.474
20.92	20.93	0.136495	10.573
20.92	20.94	0.136512	10.673
20.94	20.95	0.136529	10.775
20.94	20.96	0.136545	10.873
20.94	20.97	0.136562	10.972
20.97	20.98	0.136579	11.075
20.97	20.99	0.136595	11.172
20.99	21.00	0.136612	11.273
20.99	21.01	0.136629	11.374
20.99	21.02	0.136645	11.473
21.02	21.03	0.136662	11.573
21.02	21.04	0.136679	11.675
21.04	21.05	0.136695	11.773
21.04	21.06	0.136712	11.872
21.04	21.07	0.136729	11.975
21.07	21.08	0.136745	12.072
21.07	21.09	0.136762	12.173
21.09	21.10	0.136779	12.276
21.09	21.11	0.136795	12.373
21.09	21.12	0.136812	12.473
21.12	21.13	0.136829	12.575
21.12	21.14	0.136845	12.702
21.15	21.15	0.136862	12.796
21.15	21.16	0.136879	12.875
21.15	21.17	0.136895	13.000
21.17	21.18	0.136912	13.095
21.17	21.19	0.136929	13.199
21.20	21.20	0.136945	13.299
21.20	21.21	0.136962	13.394
21.20	21.22	0.136979	13.498
21.22	21.23	0.136995	13.598
21.22	21.24	0.137012	13.692
21.22	21.25	0.137029	13.797
21.25	21.26	0.137045	13.896
21.25	21.27	0.137062	13.991
21.27	21.28	0.137078	14.095
21.27	21.29	0.137095	14.190
21.27	21.30	0.137112	14.290
21.30	21.31	0.137128	14.394
21.30	21.32	0.137145	14.489
21.33	21.33	0.137162	14.588
21.33	21.34	0.137178	14.693
21.33	21.35	0.137195	14.787
21.35	21.36	0.137212	14.887
21.35	21.37	0.137228	14.992
21.38	21.38	0.137245	15.086
21.38	21.39	0.137262	15.186
21.38	21.40	0.137278	15.290
21.40	21.41	0.137295	15.385
21.40	21.42	0.137312	15.485
21.40	21.43	0.137328	15.589
21.43	21.44	0.137345	15.684
21.43	21.45	0.137362	15.783
21.45	21.46	0.137378	15.888
21.45	21.47	0.137395	15.982
21.48	21.48	0.137412	16.082
21.48	21.49	0.137428	16.186
21.48	21.50	0.137445	16.281
21.50	21.51	0.137462	16.381
21.50	21.52	0.137478	16.485
21.50	21.53	0.137495	16.580
21.53	21.54	0.137512	16.681
21.53	21.55	0.137528	16.784
21.56	21.56	0.137545	16.878
21.56	21.57	0.137562	16.981
21.56	21.58	0.137578	17.082
21.58	21.59	0.137595	17.177
21.58	21.60	0.137612	17.281
21.61	21.61	0.137628	17.381
21.61	21.62	0.137645	17.476
21.61	21.63	0.137662	17.580
21.63	21.64	0.137678	17.680
21.63	21.65	0.137695	17.774
21.63	21.66	0.137712	17.879
21.66	21.67	0.137728	17.978
21.66	21.68	0.137745	18.073
21.68	21.69	0.137762	18.178
21.68	21.70	0.137778	18.277
21.71	21.71	0.137795	18.373
21.71	21.72	0.137812	18.476
21.71	21.73	0.137828	18.577
21.74	21.74	0.137845	18.672
21.74	21.75	0.137862	18.775
21.74	21.76	0.137878	18.877
21.76	21.77	0.137895	18.973
21.76	21.78	0.137911	19.073
21.79	21.79	0.137928	19.172
21.79	21.80	0.137945	19.273
21.79	21.81	0.137961	19.372
21.81	21.82	0.137978	19.477
21.81	21.83	0.137995	19.572
21.81	21.84	0.138011	19.673
21.84	21.85	0.138028	19.773
21.84	21.86	0.138045	19.873
21.84	21.87	0.138061	19.973
21.86	21.88	0.138078	20.072
21.86	21.89	0.138095	20.173
21.89	21.90	0.138111	20.273
21.89	21.91	0.138128	20.378
21.92	21.92	0.138145	20.473
21.92	21.93	0.138161	20.574
21.92	21.94	0.138178	20.678
21.94	21.95	0.138195	20.774
21.94	21.96	0.138211	20.874
21.94	21.97	0.138228	20.977
21.97	21.98	0.138245	21.074
21.97	21.99	0.138261	21.173
21.99	22.00	0.138278	21.278
21.99	22.01	0.138295	21.374
21.99	22.02	0.138311	21.474
22.02	22.03	0.138328	21.578
22.02	22.04	0.138345	21.673
22.04	22.05	0.138361	21.774
22.04	22.06	0.138378	21.878
22.04	22.07	0.138395	21.974
22.07	22.08	0.138411	22.073
22.07	22.09	0.138428	22.178
22.07	22.10	0.138445	22.274
22.09	22.11	0.138461	22.374
22.09	22.12	0.138478	22.478
22.12	22.13	0.138495	22.573
22.12	22.14	0.138511	22.674
22.15	22.15	0.138528	22.773
22.15	22.16	0.138545	22.874
22.15	22.17	0.138561	22.973
22.17	22.18	0.138578	23.078
22.17	22.19	0.138595	23.174
22.20	22.20	0.138611	23.273
22.20	22.21	0.138628	23.379
22.20	22.22	0.138645	23.473
22.22	22.23	0.138661	23.574
22.22	22.24	0.138678	23.673
22.25	22.25	0.138695	23.803
22.25	22.26	0.138711	23.897
22.25	22.27	0.138728	24.002
22.27	22.28	0.138744	24.102
22.27	22.29	0.138761	24.196
22.27	22.30	0.138778	24.301
22.30	22.31	0.138794	24.400
22.30	22.32	0.138811	24.495
22.33	22.33	0.138828	24.599
22.33	22.34	0.138844	24.699
22.33	22.35	0.138861	24.793
22.35	22.36	0.138878	24.898
22.35	22.37	0.138894	24.993
22.38	22.38	0.138911	25.092
22.38	22.39	0.138928	25.197
22.38	22.40	0.138944	25.291
22.40	22.41	0.138961	25.391
22.40	22.42	0.138978	25.495
22.40	22.43	0.138994	25.590
22.43	22.44	0.139011	25.690
22.43	22.45	0.139028	25.794
22.43	22.46	0.139044	25.889
22.45	22.47	0.139061	25.988
22.45	22.48	0.139078	26.093
22.45	22.49	0.139094	26.187
22.48	22.50	0.139111	26.287
22.48	22.51	0.139128	26.392
22.50	22.52	0.139144	26.486
22.50	22.53	0.139161	26.586
22.50	22.54	0.139178	26.690
22.53	22.55	0.139194	26.785
22.53	22.56	0.139211	26.884
22.53	22.57	0.139228	26.989
22.56	22.58	0.139244	27.083
22.56	22.59	0.139261	27.184
22.58	22.60	0.139278	27.288
22.58	22.61	0.139294	27.382
22.58	22.62	0.139311	27.484
22.61	22.63	0.139328	27.586
22.61	22.64	0.139344	27.681
22.63	22.65	0.139361	27.784
22.63	22.66	0.139378	27.885
22.63	22.67	0.139394	27.979
22.66	22.68	0.139411	28.084
22.66	22.69	0.139428	28.184
22.71	22.70	0.139444	28.278
22.71	22.71	0.139461	28.383
22.74	22.72	0.139478	28.482
22.74	22.73	0.139494	28.577
22.74	22.74	0.139511	28.681
22.74	22.75	0.139528	28.781
22.76	22.76	0.139544	28.876
22.76	22.77	0.139561	28.980
22.76	22.78	0.139577	29.075
22.79	22.79	0.139594	29.174
22.79	22.80	0.139611	29.279
22.79	22.81	0.139627	29.374
22.79	22.82	0.139644	29.475
22.81	22.83	0.139661	29.577
22.81	22.84	0.139677	29.675
22.81	22.85	0.139694	29.775
22.81	22.86	0.139711	29.875
22.84	22.87	0.139727	29.975
22.84	22.88	0.139744	30.074
22.84	22.89	0.139761	30.176
22.86	22.90	0.139777	30.275
22.86	22.91	0.139794	30.376
22.89	22.92	0.139811	30.476
22.89	22.93	0.139827	30.580
22.94	22.94	0.139844	30.676
22.94	22.95	0.139861	30.775
22.97	22.96	0.139877	30.881
22.97	22.97	0.139894	30.975
22.97	22.98	0.139911	31.076
22.99	22.99	0.139927	31.176
22.99	23.00	0.139944	31.276
22.99	23.00	0.139961	31.376
23.02	23.00	0.139977	31.475
23.02	23.00	0.139994	31.576
23.02	23.00	0.140011	31.675
23.04	23.00	0.140027	31.776
23.04	23.00	0.140044	31.875
23.04	23.00	0.140061	31.976
23.04	23.00	0.140077	32.076
23.07	23.00	0.140094	32.176
23.07	23.00	0.140111	32.277
23.07	23.00	0.140127	32.381
23.07	23.00	0.140144	32.477
23.07	23.00	0.140161	32.576
23.07	23.00	0.140177	32.681
23.07	23.00	0.140194	32.776
23.07	23.00	0.140211	32.877
23.07	23.00	0.140227	32.982
23.07	23.00	0.140244	33.077
23.07	23.00	0.140261	33.177
23.07	23.00	0.140277	33.276
23.07	23.00	0.140294	33.377
23.07	23.00	0.140311	33.476
23.07	23.00	0.140327	33.581
23.07	23.00	0.140344	33.676
23.04	23.00	0.140361	33.777
23.04	23.00	0.140377	33.882
23.04	23.00	0.140394	33.976
23.04	23.00	0.140410	34.077
23.02	23.00	0.140427	34.176
23.02	23.00	0.140444	34.277
23.02	23.00	0.140460	34.376
23.02	23.00	0.140477	34.506
23.02	23.00	0.140494	34.605
22.99	23.00	0.140510	34.700
22.99	23.00	0.140527	34.805
22.99	23.00	0.140544	34.904
22.99	23.00	0.140560	34.999
22.99	23.00	0.140577	35.103
22.99	23.00	0.140594	35.203
22.99	23.00	0.140610	35.296
22.99	23.00	0.140627	35.402
22.99	23.00	0.140644	35.497
22.99	23.00	0.140660	35.596
22.99	23.00	0.140677	35.701
22.99	23.00	0.140694	35.795
22.99	23.00	0.140710	35.895
22.99	23.00	0.140727	35.999
22.99	23.00	0.140744	36.094
22.99	23.00	0.140760	36.193
22.99	23.00	0.140777	36.298
22.99	23.00	0.140794	36.392
22.99	23.00	0.140810	36.492
22.99	23.00	0.140827	36.597
23.02	23.00	0.140844	36.691
23.02	23.00	0.140860	36.791
23.02	23.00	0.140877	36.895
23.02	23.00	0.140894	36.990
23.02	23.00	0.140910	37.089
23.02	23.00	0.140927	37.194
23.02	23.00	0.140944	37.288
23.02	23.00	0.140960	37.388
23.02	23.00	0.140977	37.493
23.02	23.00	0.140994	37.587
23.02	23.00	0.141010	37.687
23.02	23.00	0.141027	37.791
23.02	23.00	0.141044	37.886
23.02	23.00	0.141060	37.987
23.02	23.00	0.141077	38.090
23.02	23.00	0.141094	38.185
22.99	23.00	0.141110	38.287
22.99	23.00	0.141127	38.389
22.99	23.00	0.141144	38.483
22.99	23.00	0.141160	38.587
22.99	23.00	0.141177	38.687
22.99	23.00	0.141194	38.782
22.99	23.00	0.141210	38.886
22.99	23.00	0.141227	38.986
22.99	23.00	0.141243	39.081
22.99	23.00	0.141260	39.185
22.99	23.00	0.141277	39.285
22.99	23.00	0.141293	39.378
22.99	23.00	0.141310	39.484
22.99	23.00	0.141327	39.577
22.99	23.00	0.141343	39.677
22.99	23.00	0.141360	39.782
22.99	23.00	0.141377	39.877
22.99	23.00	0.141393	39.977
22.99	23.00	0.141410	40.081
23.02	23.00	0.141427	40.177
23.02	23.00	0.141443	40.276
23.02	23.00	0.141460	40.380
23.02	23.00	0.141477	40.476
23.02	23.00	0.141493	40.577
23.02	23.00	0.141510	40.679
23.02	23.00	0.141527	40.777
23.02	23.00	0.141543	40.878
23.02	23.00	0.141560	40.977
23.02	23.00	0.141577	41.078
23.02	23.00	0.141593	41.177
23.02	23.00	0.141610	41.278
22.99	23.00	0.141627	41.377
22.99	23.00	0.141643	41.478
22.99	23.00	0.141660	41.578
22.99	23.00	0.141677	41.677
22.99	23.00	0.141693	41.778
22.99	23.00	0.141710	41.877
22.99	23.00	0.141727	41.978
22.99	23.00	0.141743	42.077
22.99	23.00	0.141760	42.178
22.99	23.00	0.141777	42.278
22.99	23.00	0.141793	42.378
22.99	23.00	0.141810	42.478
22.99	23.00	0.141827	42.577
22.99	23.00	0.141843	42.678
22.99	23.00	0.141860	42.777
22.99	23.00	0.141877	42.878
22.99	23.00	0.141893	42.977
22.99	23.00	0.141910	43.078
22.99	23.00	0.141927	43.178
22.99	23.00	0.141943	43.278
22.99	23.00	0.141960	43.378
22.99	23.00	0.141977	43.477
22.99	23.00	0.141993	43.578
23.02	23.00	0.142010	43.677
23.02	23.00	0.142027	43.778
23.02	23.00	0.142043	43.878
23.02	23.00	0.142060	43.978
23.02	23.00	0.142076	44.077
23.02	23.00	0.142093	44.178
23.02	23.00	0.142110	44.278
23.02	23.00	0.142126	44.378
23.02	23.00	0.142143	44.478
23.02	23.00	0.142160	44.577
23.02	23.00	0.142176	44.678
23.02	23.00	0.142193	44.777
23.02	23.00	0.142210	44.878
22.99	23.00	0.142226	44.977
22.99	23.00	0.142243	45.078
22.99	23.00	0.142260	45.178
22.99	23.00	0.142276	45.278
22.99	23.00	0.142293	45.378
22.99	23.00	0.142310	45.477
22.99	23.00	0.142326	45.607
22.99	23.00	0.142343	45.706
22.99	23.00	0.142360	45.801
22.99	23.00	0.142376	45.905
22.99	23.00	0.142393	46.005
22.99	23.00	0.142410	46.100
22.99	23.00	0.142426	46.204
22.99	23.00	0.142443	46.299
22.99	23.00	0.142460	46.398
22.99	23.00	0.142476	46.503
22.99	23.00	0.142493	46.597
22.99	23.00	0.142510	46.697
22.99	23.00	0.142526	46.801
22.99	23.00	0.142543	46.896
23.02	23.00	0.142560	46.996
23.02	23.00	0.142576	47.100
23.02	23.00	0.142593	47.195
23.02	23.00	0.142610	47.294
23.02	23.00	0.142626	47.399
23.02	23.00	0.142643	47.493
23.02	23.00	0.142660	47.593
23.02	23.00	0.142676	47.698
23.02	23.00	0.142693	47.792
23.02	23.00	0.142710	47.892
23.02	23.00	0.142726	47.996
23.02	23.00	0.142743	48.091
22.99	23.00	0.142760	48.190
22.99	23.00	0.142776	48.295
22.99	23.00	0.142793	48.389
22.99	23.00	0.142810	48.490
22.99	23.00	0.142826	48.594
22.99	23.00	0.142843	48.688
22.99	23.00	0.142860	48.790
22.99	23.00	0.142876	48.892
22.99	23.00	0.142893	48.987
22.99	23.00	0.142909	49.090
22.99	23.00	0.142926	49.191
22.99	23.00	0.142943	49.286
22.99	23.00	0.142959	49.390
22.99	23.00	0.142976	49.490
22.99	23.00	0.142993	49.584
22.99	23.00	0.143009	49.689
22.99	23.00	0.143026	49.788
23.02	23.00	0.143043	49.883
23.02	23.00	0.143059	49.987
23.02	23.00	0.143076	50.087
23.02	23.00	0.143093	50.182
23.02	23.00	0.143109	50.286
23.02	23.00	0.143126	50.381
23.02	23.00	0.143143	50.480
23.02	23.00	0.143159	50.585
23.02	23.00	0.143176	50.679
23.02	23.00	0.143193	50.779
23.02	23.00	0.143209	50.883
23.02	23.00	0.143226	50.979
22.99	23.00	0.143243	51.079
22.99	23.00	0.143259	51.182
22.99	23.00	0.143276	51.279
22.99	23.00	0.143293	51.378
22.99	23.00	0.143309	51.481
22.99	23.00	0.143326	51.578
22.99	23.00	0.143343	51.679
22.99	23.00	0.143359	51.780
22.99	23.00	0.143376	51.879
22.99	23.00	0.143393	51.979
22.99	23.00	0.143409	52.078
22.99	23.00	0.143426	52.179
22.99	23.00	0.143443	52.278
22.99	23.00	0.143459	52.379
22.99	23.00	0.143476	52.478
22.99	23.00	0.143493	52.579
22.99	23.00	0.143509	52.679
22.99	23.00	0.143526	52.779
22.99	23.00	0.143543	52.879
22.99	23.00	0.143559	52.978
22.99	23.00	0.143576	53.079
22.99	23.00	0.143593	53.178
22.99	23.00	0.143609	53.279
22.99	23.00	0.143626	53.378
23.02	23.00	0.143643	53.479
23.02	23.00	0.143659	53.579
23.02	23.00	0.143676	53.678
23.02	23.00	0.143693	53.779
23.02	23.00	0.143709	53.878
23.02	23.00	0.143726	53.979
23.02	23.00	0.143742	54.078
23.02	23.00	0.143759	54.179
23.02	23.00	0.143776	54.279
23.02	23.00	0.143792	54.379
22.99	23.00	0.143809	54.479
22.99	23.00	0.143826	54.578
22.99	23.00	0.143842	54.679
22.99	23.00	0.143859	54.777
22.99	23.00	0.143876	54.880
22.99	23.00	0.143892	54.979
22.99	23.00	0.143909	55.080
22.99	23.00	0.143926	55.180
22.99	23.00	0.143942	55.280
22.99	23.00	0.143959	55.379
22.99	23.00	0.143976	55.480
22.99	23.00	0.143992	55.579
22.99	23.00	0.144009	55.680
22.99	23.00	0.144026	55.779
22.99	23.00	0.144042	55.880
22.99	23.00	0.144059	55.980
22.99	23.00	0.144076	56.080
22.99	23.00	0.144092	56.180
22.99	23.00	0.144109	56.280
22.99	23.00	0.144126	56.409
22.99	23.00	0.144142	56.508
22.99	23.00	0.144159	56.603
23.02	23.00	0.144176	56.708
23.02	23.00	0.144192	56.802
23.02	23.00	0.144209	56.901
23.02	23.00	0.144226	57.007
23.02	23.00	0.144242	57.101
23.02	23.00	0.144259	57.200
23.02	23.00	0.144276	57.305
23.02	23.00	0.144292	57.399
23.02	23.00	0.144309	57.499
23.02	23.00	0.144326	57.603
23.02	23.00	0.144342	57.698
23.02	23.00	0.144359	57.798
23.02	23.00	0.144376	57.902
23.02	23.00	0.144392	57.997
22.99	23.00	0.144409	58.096
22.99	23.00	0.144426	58.201
22.99	23.00	0.144442	58.295
22.99	23.00	0.144459	58.395
22.99	23.00	0.144476	58.499
22.99	23.00	0.144492	58.594
22.99	23.00	0.144509	58.694
22.99	23.00	0.144526	58.798
22.99	23.00	0.144542	58.893
22.99	23.00	0.144559	58.993
22.99	23.00	0.144575	59.097
22.99	23.00	0.144592	59.191
22.99	23.00	0.144609	59.293
22.99	23.00	0.144625	59.396
22.99	23.00	0.144642	59.490
22.99	23.00	0.144659	59.593
22.99	23.00	0.144675	59.694
22.99	23.00	0.144692	59.789
22.99	23.00	0.144709	59.893
22.99	23.00	0.144725	59.993
22.99	23.00	0.144742	00.088
22.99	23.00	0.144759	00.193
22.99	23.00	0.144775	00.292
23.02	23.00	0.144792	00.387
23.02	23.00	0.144809	00.491
23.02	23.00	0.144825	00.591
23.02	23.00	0.144842	00.685
23.02	23.00	0.144859	00.790
23.02	23.00	0.144875	00.889
23.02	23.00	0.144892	00.984
23.02	23.00	0.144909	01.089
23.02	23.00	0.144925	01.183
23.02	23.00	0.144942	01.283
23.02	23.00	0.144959	01.387
22.99	23.00	0.144975	01.482
22.99	23.00	0.144992	01.581
22.99	23.00	0.145009	01.686
22.99	23.00	0.145025	01.782
22.99	23.00	0.145042	01.882
22.99	23.00	0.145059	01.985
22.99	23.00	0.145075	02.081
22.99	23.00	0.145092	02.182
22.99	23.00	0.145109	02.282
22.99	23.00	0.145125	02.382
22.99	23.00	0.145142	02.482
22.99	23.00	0.145159	02.582
22.99	23.00	0.145175	02.682
22.99	23.00	0.145192	02.781
22.99	23.00	0.145209	02.882
22.99	23.00	0.145225	02.981
22.99	23.00	0.145242	03.082
22.99	23.00	0.145259	03.181
22.99	23.00	0.145275	03.282
22.99	23.00	0.145292	03.381
23.02	23.00	0.145309	03.482
23.02	23.00	0.145325	03.582
23.02	23.00	0.145342	03.681
23.02	23.00	0.145359	03.782
23.02	23.00	0.145375	03.881
23.02	23.00	0.145392	03.982
23.02	23.00	0.145408	04.081
23.02	23.00	0.145425	04.182
23.02	23.00	0.145442	04.282
23.02	23.00	0.145458	04.382
23.02	23.00	0.145475	04.482
23.02	23.00	0.145492	04.581
23.02	23.00	0.145508	04.682
22.99	23.00	0.145525	04.781
22.99	23.00	0.145542	04.882
22.99	23.00	0.145558	04.982
22.99	23.00	0.145575	05.082
22.99	23.00	0.145592	05.182
22.99	23.00	0.145608	05.281
22.99	23.00	0.145625	05.382
22.99	23.00	0.145642	05.481
22.99	23.00	0.145658	05.582
22.99	23.00	0.145675	05.681
22.99	23.00	0.145692	05.782
22.99	23.00	0.145708	05.882
22.99	23.00	0.145725	05.982
22.99	23.00	0.145742	06.082
22.99	23.00	0.145758	06.181
22.99	23.00	0.145775	06.282
22.99	23.00	0.145792	06.381
22.99	23.00	0.145808	06.482
22.99	23.00	0.145825	06.582
22.99	23.00	0.145842	06.682
22.99	23.00	0.145858	06.782
22.99	23.00	0.145875	06.881
22.99	23.00	0.145892	06.983
22.99	23.00	0.145908	07.082
22.99	23.00	0.145925	07.212
23.02	23.00	0.145942	07.311
23.02	23.00	0.145958	07.406
23.02	23.00	0.145975	07.510
23.02	23.00	0.145992	07.605
23.02	23.00	0.146008	07.705
23.02	23.00	0.146025	07.809
23.02	23.00	0.146042	07.904
23.02	23.00	0.146058	08.003
23.02	23.00	0.146075	08.108
23.02	23.00	0.146092	08.202
23.02	23.00	0.146108	08.302
23.02	23.00	0.146125	08.406
23.02	23.00	0.146142	08.501
22.99	23.00	0.146158	08.601
22.99	23.00	0.146175	08.705
22.99	23.00	0.146192	08.800
22.99	23.00	0.146208	08.899
22.99	23.00	0.146225	09.004
22.99	23.00	0.146241	09.098
22.99	23.00	0.146258	09.198
22.99	23.00	0.146275	09.303
22.99	23.00	0.146291	09.397
22.99	23.00	0.146308	09.497
22.99	23.00	0.146325	09.601
22.99	23.00	0.146341	09.696
22.99	23.00	0.146358	09.796
22.99	23.00	0.146375	09.900
22.99	23.00	0.146391	09.994
22.99	23.00	0.146408	10.096
22.99	23.00	0.146425	10.199
22.99	23.00	0.146441	10.293
22.99	23.00	0.146458	10.397
22.99	23.00	0.146475	10.497
22.99	23.00	0.146491	10.592
22.99	23.00	0.146508	10.696
22.99	23.00	0.146525	10.796
22.99	23.00	0.146541	10.891
22.99	23.00	0.146558	10.995
22.99	23.00	0.146575	11.095
23.02	23.00	0.146591	11.189
23.02	23.00	0.146608	11.293
23.02	23.00	0.146625	11.393
23.02	23.00	0.146641	11.488
23.02	23.00	0.146658	11.592
23.02	23.00	0.146675	11.687
23.02	23.00	0.146691	11.787
23.02	23.00	0.146708	11.891
23.02	23.00	0.146725	11.986
23.02	23.00	0.146741	12.085
23.02	23.00	0.146758	12.190
23.02	23.00	0.146775	12.284
23.02	23.00	0.146791	12.384
23.02	23.00	0.146808	12.489
22.99	23.00	0.146825	12.583
22.99	23.00	0.146841	12.683
22.99	23.00	0.146858	12.787
22.99	23.00	0.146875	12.883
22.99	23.00	0.146891	12.982
22.99	23.00	0.146908	13.085
22.99	23.00	0.146925	13.182
22.99	23.00	0.146941	13.283
22.99	23.00	0.146958	13.384
22.99	23.00	0.146975	13.482
22.99	23.00	0.146991	13.583
22.99	23.00	0.147008	13.682
22.99	23.00	0.147025	13.783
22.99	23.00	0.147041	13.882
22.99	23.00	0.147058	13.983
22.99	23.00	0.147074	14.083
22.99	23.00	0.147091	14.183
22.99	23.00	0.147108	14.283
22.99	23.00	0.147124	14.382
22.99	23.00	0.147141	14.483
22.99	23.00	0.147158	14.582
22.99	23.00	0.147174	14.684
23.02	23.00	0.147191	14.783
23.02	23.00	0.147208	14.884
23.02	23.00	0.147224	14.984
23.02	23.00	0.147241	15.084
23.02	23.00	0.147258	15.184
23.02	23.00	0.147274	15.284
23.02	23.00	0.147291	15.383
23.02	23.00	0.147308	15.484
23.02	23.00	0.147324	15.583
23.02	23.00	0.147341	15.684
23.02	23.00	0.147358	15.784
22.99	23.00	0.147374	15.884
22.99	23.00	0.147391	15.984
22.99	23.00	0.147408	16.083
22.99	23.00	0.147424	16.184
22.99	23.00	0.147441	16.283
22.99	23.00	0.147458	16.384
22.99	23.00	0.147474	16.484
22.99	23.00	0.147491	16.584
22.99	23.00	0.147508	16.685
22.99	23.00	0.147524	16.784
22.99	23.00	0.147541	16.885
22.99	23.00	0.147558	16.984
22.99	23.00	0.147574	17.085
22.99	23.00	0.147591	17.184
22.99	23.00	0.147608	17.285
22.99	23.00	0.147624	17.385
22.99	23.00	0.147641	17.485
22.99	23.00	0.147658	17.585
22.99	23.00	0.147674	17.684
22.99	23.00	0.147691	17.785
22.99	23.00	0.147708	17.884
22.99	23.00	0.147724	18.014
23.02	23.00	0.147741	18.108
23.02	23.00	0.147758	18.208
23.02	23.00	0.147774	18.312
23.02	23.00	0.147791	18.407
23.02	23.00	0.147808	18.507
23.02	23.00	0.147824	18.611
23.02	23.00	0.147841	18.706
23.02	23.00	0.147858	18.805
23.02	23.00	0.147874	18.910
23.02	23.00	0.147891	19.004
23.02	23.00	0.147907	19.104
22.99	23.00	0.147924	19.209
22.99	23.00	0.147941	19.303
22.99	23.00	0.147957	19.403
22.99	23.00	0.147974	19.507
22.99	23.00	0.147991	19.602
22.99	23.00	0.148007	19.701
22.99	23.00	0.148024	19.806
22.99	23.00	0.148041	19.900
22.99	23.00	0.148057	20.000
22.99	23.00	0.148074	20.105
22.99	23.00	0.148091	20.199
22.99	23.00	0.148107	20.300
22.99	23.00	0.148124	20.403
22.99	23.00	0.148141	20.498
22.99	23.00	0.148157	20.599
22.99	23.00	0.148174	20.702
22.99	23.00	0.148191	20.797
22.99	23.00	0.148207	20.899
22.99	23.00	0.148224	21.001
22.99	23.00	0.148241	21.095
22.99	23.00	0.148257	21.200
22.99	23.00	0.148274	21.299
22.99	23.00	0.148291	21.394
22.99	23.00	0.148307	21.498
22.99	23.00	0.148324	21.598
22.99	23.00	0.148341	21.693
22.99	23.00	0.148357	21.797
22.99	23.00	0.148374	21.897
23.02	23.00	0.148391	21.991
23.02	23.00	0.148407	22.096
23.02	23.00	0.148424	22.195
23.02	23.00	0.148441	22.290
23.02	23.00	0.148457	22.395
23.02	23.00	0.148474	22.489
23.02	23.00	0.148491	22.589
23.02	23.00	0.148507	22.693
23.02	23.00	0.148524	22.788
23.02	23.00	0.148541	22.887
23.02	23.00	0.148557	22.992
23.02	23.00	0.148574	23.087
23.02	23.00	0.148591	23.188
22.99	23.00	0.148607	23.291
22.99	23.00	0.148624	23.387
22.99	23.00	0.148641	23.488
22.99	23.00	0.148657	23.589
22.99	23.00	0.148674	23.688
22.99	23.00	0.148691	23.787
22.99	23.00	0.148707	23.888
22.99	23.00	0.148724	23.988
22.99	23.00	0.148740	24.088
22.99	23.00	0.148757	24.188
22.99	23.00	0.148774	24.287
22.99	23.00	0.148790	24.388
22.99	23.00	0.148807	24.487
22.99	23.00	0.148824	24.589
22.99	23.00	0.148840	24.688
22.99	23.00	0.148857	24.789
22.99	23.00	0.148874	24.889
22.99	23.00	0.148890	24.989
22.99	23.00	0.148907	25.089
22.99	23.00	0.148924	25.188
22.99	23.00	0.148940	25.289
22.99	23.00	0.148957	25.388
22.99	23.00	0.148974	25.489
22.99	23.00	0.148990	25.589
22.99	23.00	0.149007	25.689
23.02	23.00	0.149024	25.789
23.02	23.00	0.149040	25.888
23.02	23.00	0.149057	25.989
23.02	23.00	0.149074	26.088
23.02	23.00	0.149090	26.189
23.02	23.00	0.149107	26.288
23.02	23.00	0.149124	26.389
23.02	23.00	0.149140	26.489
23.02	23.00	0.149157	26.589
23.02	23.00	0.149174	26.689
23.02	23.00	0.149190	26.787
23.02	23.00	0.149207	26.889
22.99	23.00	0.149224	26.988
22.99	23.00	0.149240	27.089
22.99	23.00	0.149257	27.189
22.99	23.00	0.149274	27.289
22.99	23.00	0.149290	27.389
22.99	23.00	0.149307	27.488
22.99	23.00	0.149324	27.589
22.99	23.00	0.149340	27.688
22.99	23.00	0.149357	27.789
22.99	23.00	0.149374	27.888
22.99	23.00	0.149390	27.989
22.99	23.00	0.149407	28.089
22.99	23.00	0.149424	28.189
22.99	23.00	0.149440	28.289
22.99	23.00	0.149457	28.388
22.99	23.00	0.149474	28.518
22.99	23.00	0.149490	28.612
22.99	23.00	0.149507	28.712
22.99	23.00	0.149524	28.816
23.02	23.00	0.149540	28.911
23.02	23.00	0.149557	29.010
23.02	23.00	0.149573	29.115
23.02	23.00	0.149590	29.210
23.02	23.00	0.149607	29.309
23.02	23.00	0.149623	29.414
23.02	23.00	0.149640	29.508
23.02	23.00	0.149657	29.608
23.02	23.00	0.149673	29.712
23.02	23.00	0.149690	29.807
23.02	23.00	0.149707	29.907
23.02	23.00	0.149723	30.011
23.02	23.00	0.149740	30.106
22.99	23.00	0.149757	30.205
22.99	23.00	0.149773	30.310
22.99	23.00	0.149790	30.404
22.99	23.00	0.149807	30.504
22.99	23.00	0.149823	30.608
22.99	23.00	0.149840	30.703
22.99	23.00	0.149857	30.803
22.99	23.00	0.149873	30.907
22.99	23.00	0.149890	31.002
22.99	23.00	0.149907	31.103
22.99	23.00	0.149923	31.206
22.99	23.00	0.149940	31.300
