2710.556,2555.067,2761.850,2609.650,2732.000,2495.125,2670.550,2731.938,2912.167,3130.500,2697.533
2718.611,2578.367,2787.625,2623.650,2756.600,2507.438,2716.150,2810.500,2931.000,3240.667,2668.800
2772.722,2612.433,2799.275,2683.700,2792.267,2595.750,2801.350,2888.062,2944.000,3288.917,2700.733
2821.333,2657.700,2872.925,2711.050,2866.600,2652.938,2827.550,2953.750,3018.333,3309.000,2751.400
2878.111,2698.100,2911.400,2779.200,2862.933,2743.688,2879.250,2993.812,3103.250,3434.583,2772.333
2899.556,2717.067,2953.675,2813.600,2895.800,2789.875,2879.000,3069.312,3088.750,3409.333,2778.933
2951.556,2755.167,2969.325,2849.150,2921.200,2830.250,2884.150,3075.812,3088.167,3402.250,2776.667
2947.389,2784.633,2984.050,2839.650,2938.600,2856.562,2908.300,3079.312,3123.833,3425.167,2809.733
2963.722,2767.500,3008.625,2841.100,2945.867,2831.375,2915.100,3083.625,3105.667,3416.500,2821.867
2959.111,2766.800,3004.250,2834.500,2943.800,2823.000,2910.550,3052.125,3145.083,3437.500,2814.467
2935.722,2755.267,2988.475,2828.500,2956.467,2844.562,2892.800,3060.250,3107.333,3391.417,2802.867
2937.667,2774.600,2985.400,2811.250,2907.733,2802.875,2876.200,3041.188,3112.667,3389.417,2813.133
2922.833,2724.267,2979.950,2813.450,2939.933,2794.938,2888.550,3065.562,3115.167,3388.750,2787.133
2920.389,2724.133,2971.425,2788.700,2928.200,2753.000,2896.800,3039.688,3094.750,3389.250,2785.467
2888.333,2717.967,2955.400,2797.450,2925.067,2762.812,2849.050,3045.125,3121.500,3384.083,2768.400
2880.389,2729.033,2957.500,2786.300,2921.067,2754.375,2857.550,3030.938,3103.750,3366.667,2789.867
2897.556,2714.867,2965.350,2793.600,2931.467,2723.562,2874.800,3017.312,3088.417,3355.833,2783.200
2896.611,2702.900,2958.325,2790.650,2944.467,2732.562,2872.500,2991.000,3106.583,3358.333,2774.933
2898.444,2697.867,2936.275,2777.800,2917.133,2725.625,2840.450,3028.625,3109.917,3315.833,2772.867
2878.722,2697.333,2949.850,2785.050,2922.667,2717.938,2855.300,3011.375,3094.333,3318.417,2796.533
2863.833,2681.267,2948.500,2747.250,2927.667,2744.188,2847.400,3041.562,3083.750,3350.083,2788.667
2882.667,2684.400,2933.550,2764.100,2931.867,2716.312,2828.200,3022.688,3073.083,3329.417,2775.467
2877.500,2689.033,2937.200,2774.300,2914.267,2715.375,2874.350,2976.562,3081.500,3327.167,2773.067
2872.389,2683.933,2934.275,2741.100,2933.267,2703.312,2845.550,2986.125,3084.833,3324.333,2771.133
2855.778,2684.333,2934.875,2771.850,2906.533,2705.750,2836.200,2970.375,3074.667,3346.750,2792.333
2833.333,2675.867,2934.650,2754.550,2899.333,2728.000,2833.750,3016.938,3068.250,3295.417,2754.133
2859.722,2641.800,2927.425,2755.200,2920.533,2702.250,2832.000,2975.250,3091.750,3345.833,2800.267
2848.944,2663.367,2929.850,2755.650,2904.133,2714.688,2825.500,3019.500,3061.167,3304.917,2791.067
2842.278,2647.833,2946.450,2735.000,2897.200,2663.625,2819.550,2993.938,3049.083,3302.167,2808.400
2830.833,2640.867,2942.250,2752.850,2891.533,2653.875,2831.950,2986.750,3103.750,3298.583,2809.333
2827.333,2644.400,2950.700,2735.850,2893.000,2677.938,2837.550,2962.438,3077.583,3315.250,2823.933
2805.333,2622.800,2944.025,2736.000,2901.333,2685.125,2824.500,2976.188,3055.667,3304.583,2811.933
2832.278,2639.100,2954.300,2754.900,2902.000,2692.188,2817.900,2954.750,3060.750,3265.917,2815.267
2831.056,2626.633,2937.475,2719.800,2895.467,2673.375,2839.300,2951.438,3072.833,3284.833,2798.467
2824.889,2623.600,2947.075,2721.950,2880.533,2683.625,2801.200,2974.688,3066.833,3286.333,2807.000
2833.944,2615.100,2915.000,2736.550,2898.467,2672.688,2811.050,2965.000,3028.500,3287.500,2798.000
2831.389,2628.933,2918.900,2736.350,2894.067,2672.250,2817.600,2954.000,3060.917,3290.500,2811.067
2811.889,2619.367,2901.650,2745.150,2893.667,2667.875,2824.150,2979.688,3043.917,3277.667,2819.133
2819.389,2613.733,2888.800,2723.250,2875.800,2658.250,2819.700,2962.812,3065.417,3262.167,2779.600
2823.889,2608.300,2893.575,2724.050,2865.200,2647.500,2816.000,2943.500,3056.333,3286.250,2780.667
2811.000,2596.567,2868.925,2741.250,2882.400,2663.125,2814.950,2952.000,3048.333,3278.250,2772.133
2803.833,2603.633,2879.925,2729.900,2888.133,2658.500,2817.200,2937.938,3056.583,3257.667,2793.733
2797.167,2595.633,2858.225,2704.850,2869.267,2648.000,2830.700,2961.688,3075.500,3255.083,2764.533
2815.611,2598.833,2848.300,2704.350,2875.800,2656.062,2794.700,2939.250,3052.667,3289.167,2780.333
2823.222,2602.733,2834.700,2724.750,2866.933,2666.250,2812.500,2923.250,3048.083,3236.583,2781.600
2795.222,2601.233,2858.375,2719.700,2859.467,2636.500,2806.150,2959.500,3036.083,3226.167,2758.333
2794.333,2613.800,2860.025,2712.900,2874.800,2647.250,2818.200,2963.438,3034.250,3215.000,2782.000
2806.833,2594.333,2880.975,2714.800,2886.533,2616.375,2813.250,2960.688,3074.167,3230.500,2747.800
2785.778,2582.500,2864.325,2701.400,2872.000,2646.312,2792.800,2932.375,3013.833,3200.583,2782.667
2800.222,2598.500,2867.625,2710.200,2856.133,2637.625,2804.800,2955.312,3006.583,3216.833,2760.200
2782.056,2590.233,2876.325,2701.900,2865.667,2650.625,2823.900,2946.938,3024.333,3204.667,2753.867
2795.000,2589.733,2868.000,2702.650,2885.733,2630.500,2784.900,2925.125,3039.667,3220.833,2738.867
2780.611,2585.000,2870.450,2699.800,2871.267,2632.875,2823.000,2912.312,3042.833,3208.000,2724.667
2783.167,2600.867,2873.625,2717.050,2846.000,2626.812,2790.600,2947.000,3021.000,3197.750,2740.733
2769.889,2603.133,2878.400,2731.150,2880.800,2664.312,2798.500,2945.625,3048.833,3179.750,2757.800
2764.778,2585.933,2866.925,2726.250,2876.133,2635.062,2800.300,2940.750,3005.917,3182.000,2694.400
2761.833,2612.533,2881.050,2721.500,2868.267,2652.312,2801.200,2937.062,3018.917,3179.083,2713.933
2760.556,2601.467,2872.500,2713.650,2846.867,2650.688,2808.450,2937.562,3045.250,3167.583,2758.333
2744.556,2596.867,2886.575,2703.950,2827.400,2648.875,2783.650,2907.875,3049.250,3198.917,2697.267
2773.000,2603.467,2887.475,2710.700,2864.200,2634.562,2800.950,2929.688,3032.000,3149.417,2745.800
2766.111,2612.633,2890.000,2708.850,2861.733,2640.000,2801.400,2976.438,3057.917,3162.167,2729.000
2767.167,2583.800,2881.875,2708.300,2854.200,2660.875,2796.100,2938.375,3023.500,3175.583,2739.400
2742.778,2602.300,2885.600,2698.250,2832.667,2623.750,2796.800,2935.812,3032.583,3159.833,2719.400
2775.889,2600.100,2888.750,2711.050,2865.333,2625.625,2775.450,2926.000,3025.833,3168.750,2710.733
2748.833,2603.167,2865.225,2687.900,2838.733,2626.812,2797.050,2929.500,3017.667,3170.833,2717.933
2761.000,2603.633,2879.400,2692.650,2853.200,2620.250,2796.900,2951.500,3012.000,3181.750,2727.000
2751.167,2594.867,2880.925,2719.050,2854.667,2633.062,2784.500,2934.062,3033.000,3171.583,2709.067
2733.833,2605.467,2882.050,2723.750,2822.067,2634.750,2801.750,2933.812,3019.417,3170.000,2746.800
2735.722,2594.267,2886.225,2718.550,2842.800,2626.188,2774.450,2933.562,3044.167,3154.000,2725.733
2736.722,2603.967,2889.275,2694.650,2835.667,2609.625,2785.850,2918.062,2994.917,3186.250,2730.133
2744.833,2599.133,2895.125,2714.950,2834.667,2620.000,2787.950,2923.062,2987.917,3147.833,2711.267
2740.556,2598.867,2882.800,2705.550,2815.800,2617.375,2794.750,2927.438,3017.750,3147.250,2722.667
2723.444,2592.133,2902.825,2690.250,2845.933,2648.188,2791.500,2923.062,3050.583,3179.333,2699.333
2740.556,2608.300,2895.600,2682.650,2822.467,2623.125,2777.700,2922.812,3013.167,3162.833,2725.467
2742.333,2603.400,2889.725,2694.000,2825.133,2647.375,2780.700,2922.438,3035.917,3168.500,2682.133
2747.000,2583.033,2882.475,2716.000,2840.067,2623.562,2796.500,2925.000,3017.583,3137.667,2722.400
2736.333,2583.633,2891.250,2717.200,2826.533,2640.125,2767.300,2930.375,3054.583,3152.083,2728.800
2728.500,2614.700,2895.725,2689.950,2807.400,2609.312,2763.950,2910.000,3003.167,3158.417,2689.800
2710.000,2594.133,2876.950,2701.700,2810.000,2619.375,2771.450,2920.062,3033.000,3175.000,2722.133
2739.500,2582.533,2888.350,2696.050,2823.667,2631.000,2770.800,2922.125,2987.750,3160.833,2708.133
2725.444,2578.267,2882.175,2700.550,2818.400,2616.625,2782.000,2890.562,3014.583,3184.250,2724.067
2737.111,2581.933,2886.275,2689.350,2798.667,2623.688,2767.750,2909.000,3021.583,3142.250,2725.000
2746.833,2589.067,2889.325,2691.950,2829.600,2635.188,2787.050,2891.375,3008.833,3160.917,2713.267
2720.778,2581.233,2889.900,2681.100,2801.733,2608.438,2778.600,2906.438,3044.333,3160.583,2707.733
2730.611,2586.467,2892.950,2717.800,2847.200,2608.750,2750.250,2882.062,2988.583,3151.083,2726.400
2705.333,2587.333,2871.925,2698.000,2811.267,2613.875,2767.750,2883.312,3030.250,3152.083,2741.667
2715.333,2570.033,2886.700,2682.100,2816.000,2616.562,2763.900,2895.625,3041.167,3133.167,2712.933
2709.111,2584.967,2890.575,2697.100,2803.133,2619.750,2765.650,2895.688,3037.583,3142.500,2732.533
2685.278,2586.867,2867.275,2681.850,2795.200,2610.812,2751.350,2901.438,3018.417,3147.417,2695.333
2698.833,2588.367,2882.650,2672.650,2797.000,2614.875,2727.700,2900.375,3020.417,3125.917,2703.867
2722.722,2585.300,2876.725,2696.300,2781.267,2619.250,2764.100,2909.312,3028.250,3107.417,2714.000
2706.556,2576.467,2870.750,2677.750,2806.400,2593.125,2747.250,2898.438,3001.333,3132.333,2710.533
2718.222,2583.700,2881.375,2699.400,2807.933,2638.062,2738.500,2915.250,3017.000,3123.750,2692.667
2684.056,2569.100,2860.225,2692.700,2768.000,2608.750,2783.850,2889.000,3014.000,3150.083,2714.667
2684.778,2570.467,2869.400,2691.400,2799.067,2623.875,2740.650,2898.938,2997.417,3162.833,2731.267
2660.667,2576.600,2868.575,2682.900,2783.667,2604.750,2762.650,2899.188,3018.083,3141.833,2703.000
2689.944,2577.233,2858.525,2686.500,2754.533,2604.438,2731.900,2901.375,3030.417,3132.750,2704.933
2693.444,2585.467,2863.375,2673.200,2777.333,2601.375,2765.150,2884.812,3018.500,3112.500,2677.400
2693.167,2572.633,2874.775,2673.600,2794.000,2598.812,2751.900,2904.688,3002.583,3170.250,2709.800
2691.278,2572.133,2867.525,2691.750,2799.800,2605.000,2755.300,2904.750,3011.750,3142.250,2681.400
2704.444,2578.133,2881.500,2690.950,2804.800,2606.938,2767.700,2898.375,3044.333,3145.667,2684.133
2688.944,2564.233,2858.975,2682.600,2778.000,2594.438,2734.900,2891.500,3039.833,3122.167,2684.400
2698.167,2565.933,2868.575,2681.250,2769.800,2600.000,2744.700,2896.125,3029.583,3100.833,2710.000
2693.500,2551.433,2861.600,2696.350,2769.000,2611.625,2749.300,2869.938,3017.250,3124.833,2724.600
2700.278,2572.767,2864.725,2684.900,2782.533,2615.812,2746.900,2886.250,3006.917,3091.750,2669.600
2698.722,2585.800,2857.750,2683.700,2786.667,2627.188,2750.200,2901.938,3048.750,3118.083,2689.133
2694.000,2580.833,2872.350,2683.800,2798.267,2607.688,2738.900,2864.562,3022.333,3106.750,2696.600
2684.222,2592.000,2862.725,2704.500,2791.333,2604.875,2738.600,2897.312,3018.250,3078.750,2713.400
2679.889,2574.867,2871.650,2679.200,2772.733,2599.562,2738.100,2864.938,2990.500,3077.750,2721.733
2710.778,2564.867,2868.150,2698.150,2795.800,2616.438,2747.250,2904.938,3001.833,3093.167,2729.533
2683.444,2581.000,2855.875,2691.000,2789.200,2598.750,2719.550,2869.750,3009.167,3114.917,2711.800
2686.111,2567.767,2861.725,2697.600,2800.600,2599.688,2733.800,2883.312,2996.667,3092.333,2711.667
2695.222,2571.933,2859.650,2693.650,2779.200,2607.625,2753.650,2872.562,3043.000,3089.167,2690.733
2669.056,2568.133,2854.900,2663.250,2783.933,2624.625,2733.600,2876.375,3036.167,3113.750,2686.400
2680.667,2550.000,2831.575,2673.200,2771.600,2601.750,2746.150,2876.125,3001.917,3111.500,2696.467
2700.500,2564.367,2841.275,2682.900,2771.867,2598.125,2737.450,2873.438,2985.583,3121.583,2681.867
2683.667,2567.633,2839.225,2682.050,2804.467,2590.500,2738.800,2878.312,2993.417,3112.083,2698.267
2686.444,2561.700,2859.275,2690.600,2792.067,2608.938,2746.100,2897.250,2997.250,3105.250,2678.533
2700.833,2558.200,2848.625,2666.850,2781.000,2601.812,2731.900,2848.500,2981.083,3072.667,2688.133
2695.500,2576.200,2848.925,2685.500,2780.600,2619.750,2718.450,2864.625,2985.917,3074.500,2688.800
2669.500,2559.033,2848.375,2670.700,2789.733,2599.188,2750.300,2887.938,3005.750,3078.333,2686.333
2659.389,2576.167,2846.800,2671.250,2773.667,2605.250,2724.050,2886.000,2995.583,3124.000,2686.267
2661.222,2569.733,2855.350,2665.000,2767.267,2590.500,2714.500,2877.375,3019.250,3090.500,2643.800
2671.056,2565.767,2849.425,2686.550,2797.400,2594.312,2726.100,2879.000,3001.833,3050.333,2656.467
2673.722,2562.233,2854.200,2672.500,2751.000,2614.938,2719.850,2878.812,3020.750,3088.083,2649.933
2649.000,2579.200,2854.025,2667.050,2767.933,2598.375,2718.050,2854.938,2998.167,3062.250,2650.533
2681.722,2560.133,2837.375,2664.900,2794.200,2576.375,2739.550,2876.812,2995.000,3060.917,2665.800
2655.500,2568.333,2843.350,2698.250,2762.333,2615.188,2730.100,2877.375,3000.167,3040.000,2695.200
2688.000,2560.267,2841.650,2660.450,2765.800,2596.438,2728.700,2870.000,3010.667,3061.583,2649.467
2649.833,2552.833,2846.100,2652.500,2762.667,2600.188,2717.700,2892.562,2996.917,3071.917,2658.267
2660.000,2565.267,2857.950,2689.400,2777.933,2612.938,2719.000,2861.500,3003.750,3067.250,2659.133
2690.556,2565.867,2849.725,2671.100,2789.400,2607.438,2730.700,2879.125,3024.500,3061.917,2675.867
2662.944,2555.967,2838.650,2665.350,2764.667,2600.312,2745.000,2869.688,3014.083,3091.417,2656.800
2681.056,2567.833,2845.950,2686.800,2782.467,2610.312,2719.950,2854.938,3023.333,3081.500,2656.333
2674.111,2564.133,2844.975,2677.650,2779.067,2594.438,2725.350,2879.875,3017.500,3039.667,2641.067
2660.056,2542.300,2845.025,2682.700,2755.600,2605.500,2708.450,2883.438,2945.250,3048.250,2658.600
2668.167,2568.867,2859.750,2671.600,2777.400,2597.375,2735.100,2872.438,2997.250,3057.583,2657.667
2644.556,2565.967,2822.925,2693.300,2767.067,2594.812,2730.100,2872.250,3001.083,3049.417,2659.933
2657.000,2566.800,2836.050,2678.350,2756.600,2597.250,2721.000,2871.312,2994.167,3042.917,2672.533
2645.167,2574.700,2833.600,2685.400,2740.200,2610.375,2727.650,2900.312,2983.333,3050.000,2678.067
2653.833,2563.633,2839.875,2663.700,2774.867,2577.312,2714.200,2872.562,3010.000,3049.667,2653.467
2669.222,2550.900,2819.250,2668.100,2755.600,2604.750,2718.000,2837.812,2983.250,3062.000,2681.533
2651.167,2555.067,2823.725,2681.600,2779.067,2607.562,2725.500,2860.438,2998.417,3051.000,2678.200
2670.556,2562.933,2836.650,2683.700,2780.067,2614.625,2742.300,2859.062,3010.917,3067.417,2693.533
2662.833,2568.300,2826.775,2671.050,2778.000,2592.562,2723.500,2866.250,3013.833,3038.000,2686.533
2693.222,2551.000,2839.800,2679.750,2770.533,2593.188,2713.300,2879.750,2954.417,3072.167,2683.000
2663.389,2561.700,2834.300,2678.500,2757.667,2634.312,2725.000,2849.125,3010.250,3064.833,2662.667
2673.722,2570.667,2814.000,2665.500,2745.000,2596.250,2711.000,2883.625,2981.083,3081.000,2652.067
2647.889,2550.667,2833.950,2668.600,2761.867,2589.938,2721.650,2848.562,3018.833,3039.083,2672.200
2686.500,2556.567,2810.075,2674.900,2767.733,2582.500,2737.200,2880.625,3029.500,3050.500,2663.200
2649.611,2540.233,2822.775,2674.300,2765.600,2585.125,2720.150,2856.125,2972.417,3063.167,2645.933
2657.556,2552.700,2814.425,2680.150,2766.333,2572.438,2712.200,2880.812,2977.417,3057.833,2658.600
2652.944,2564.967,2821.850,2652.750,2763.133,2607.125,2734.100,2880.688,3000.583,3047.000,2647.267
2667.167,2553.267,2814.350,2665.300,2742.067,2595.875,2730.850,2860.375,2998.167,3009.500,2670.200
2646.778,2549.067,2822.375,2671.800,2774.933,2610.625,2722.600,2846.812,2985.500,3023.250,2652.467
2647.889,2571.567,2826.650,2657.100,2744.333,2598.438,2719.500,2877.938,3020.083,3043.750,2660.067
2662.611,2567.533,2821.125,2691.600,2757.800,2612.125,2710.250,2866.188,2986.917,3032.750,2642.267
2636.889,2560.033,2828.275,2667.850,2734.533,2574.812,2726.750,2854.125,2988.417,3048.500,2646.600
2635.111,2560.833,2824.100,2674.800,2780.800,2599.562,2730.700,2853.438,2982.000,3038.917,2644.800
2647.222,2559.000,2807.025,2682.250,2788.133,2623.938,2722.500,2849.250,2995.167,3020.750,2639.667
2682.333,2555.900,2831.375,2652.350,2731.133,2579.312,2703.700,2860.188,3015.333,3045.750,2652.467
2693.500,2558.600,2824.775,2690.850,2762.400,2601.625,2720.050,2858.312,3000.500,3036.667,2630.667
2674.944,2565.733,2818.525,2673.600,2777.667,2602.062,2694.600,2835.250,2987.833,3038.167,2654.533
2676.833,2564.433,2823.375,2664.750,2759.333,2600.062,2715.600,2863.812,3011.000,3027.417,2655.267
2699.444,2560.633,2821.875,2669.100,2741.200,2601.250,2715.850,2856.062,2986.083,3018.333,2636.600
2681.222,2571.467,2805.450,2664.550,2751.533,2602.000,2715.200,2870.625,2968.917,3018.000,2684.267
2682.222,2563.700,2812.475,2664.150,2752.667,2583.375,2719.300,2862.688,2992.250,3002.917,2633.800
2674.611,2550.467,2810.425,2656.350,2770.267,2591.625,2719.550,2853.562,2989.833,3040.917,2655.867
2683.944,2544.467,2825.525,2672.200,2736.933,2627.938,2716.900,2847.812,2970.583,3020.667,2649.667
2656.944,2544.167,2821.475,2671.700,2755.400,2614.125,2705.100,2832.312,2983.250,3014.167,2625.667
2665.722,2550.467,2809.750,2676.400,2756.667,2612.312,2684.400,2843.875,3000.000,3003.500,2631.133
2631.500,2563.800,2824.300,2658.700,2772.267,2600.812,2724.050,2860.312,2972.833,3027.500,2628.000
2676.111,2556.500,2826.750,2648.350,2751.533,2599.000,2724.150,2840.500,2993.333,3029.333,2626.600
2686.889,2564.133,2816.875,2676.100,2764.067,2586.812,2705.750,2840.812,3004.250,3025.750,2637.133
2668.167,2564.667,2812.825,2668.450,2747.733,2612.938,2722.500,2847.875,2999.917,3038.167,2665.600
2654.389,2544.733,2818.425,2685.500,2791.000,2618.562,2698.250,2845.625,2973.417,3050.167,2647.200
2659.389,2544.900,2810.125,2663.700,2760.467,2590.750,2721.300,2847.812,2975.833,3017.000,2642.400
2660.944,2556.733,2821.275,2679.400,2746.200,2613.375,2726.650,2841.062,2990.833,3008.167,2663.867
2660.167,2579.833,2809.175,2662.750,2763.000,2594.312,2699.350,2861.312,2983.917,3020.333,2663.733
2672.667,2557.433,2808.175,2682.200,2790.400,2620.000,2701.950,2833.688,2984.167,2987.583,2651.067
2653.278,2557.800,2799.950,2665.700,2751.133,2634.562,2702.350,2844.500,2979.583,3004.917,2638.867
2654.944,2563.133,2836.150,2659.200,2764.533,2622.062,2727.950,2875.562,2957.833,3030.083,2636.867
2646.611,2557.667,2805.050,2666.900,2730.467,2597.562,2715.050,2872.062,3002.750,2998.833,2624.133
2655.611,2563.633,2818.150,2676.300,2764.533,2601.312,2699.150,2838.062,2996.250,3021.750,2629.800
2649.611,2552.700,2814.175,2669.200,2731.267,2598.000,2729.950,2858.000,2982.167,3018.750,2627.867
2654.556,2568.867,2806.200,2652.150,2760.800,2618.250,2720.600,2862.062,2981.333,3014.500,2657.133
2651.667,2554.633,2806.400,2667.500,2768.133,2599.188,2695.350,2817.688,2967.667,2972.750,2645.933
2641.833,2553.667,2807.275,2668.900,2735.533,2615.625,2721.400,2860.125,2973.250,3017.083,2668.533
2663.222,2547.067,2803.800,2656.400,2726.267,2623.125,2694.000,2825.438,2989.750,2988.500,2643.733
2651.944,2554.967,2813.225,2661.750,2783.267,2617.750,2700.650,2863.062,2982.250,2987.583,2638.400
2641.944,2563.633,2798.325,2651.800,2745.800,2642.062,2720.400,2849.312,2992.167,3007.833,2637.800
2650.333,2555.000,2814.375,2680.650,2773.800,2602.250,2712.700,2874.688,2991.167,3017.917,2642.800
2655.778,2554.733,2817.275,2682.700,2736.133,2602.812,2715.250,2869.125,2967.500,2989.167,2633.267
2639.500,2560.067,2805.450,2679.700,2745.867,2620.688,2712.850,2853.062,2967.250,3000.250,2650.667
2667.722,2560.767,2798.275,2692.200,2740.067,2589.062,2725.900,2857.188,2951.917,2990.250,2639.667
2648.222,2551.133,2812.625,2677.350,2744.200,2615.625,2710.250,2869.250,2990.500,3028.000,2631.400
2662.444,2542.967,2808.975,2679.050,2728.533,2622.625,2720.100,2854.562,2939.417,2999.667,2611.800
2671.333,2553.233,2798.000,2663.900,2765.667,2617.188,2730.900,2854.000,2987.167,3018.333,2631.933
2639.389,2562.367,2813.000,2683.250,2763.133,2634.438,2705.550,2883.562,2982.083,3005.333,2619.733
2639.056,2560.700,2807.925,2672.200,2753.000,2596.125,2710.850,2860.062,2979.000,2973.750,2621.067
2651.056,2549.333,2811.800,2679.950,2763.333,2619.750,2727.800,2850.688,2969.250,2981.500,2626.733
2629.500,2553.200,2803.550,2671.150,2759.667,2628.875,2716.150,2857.250,2964.250,2995.167,2652.467
2621.722,2559.700,2814.150,2674.150,2760.933,2594.812,2721.100,2852.562,2985.417,2979.333,2635.800
2654.000,2556.100,2800.975,2661.700,2736.467,2619.500,2706.450,2864.562,2981.083,2984.083,2577.267
2636.278,2560.233,2810.875,2675.200,2730.800,2618.125,2713.300,2845.375,2990.417,3000.250,2628.333
2633.889,2561.100,2810.850,2670.550,2737.467,2629.938,2708.200,2843.438,2999.667,2987.667,2640.400
2643.556,2558.267,2799.625,2661.800,2724.800,2600.000,2680.050,2827.875,3009.167,3027.917,2642.400
2641.500,2564.367,2795.775,2663.950,2730.333,2609.938,2717.050,2888.250,2969.000,3011.917,2620.600
2613.889,2540.967,2797.850,2648.300,2745.600,2601.812,2705.850,2868.250,2967.500,2998.000,2612.267
2630.944,2566.667,2803.575,2676.250,2735.800,2600.312,2698.000,2862.125,2978.667,3018.417,2623.067
2638.500,2549.733,2802.100,2654.450,2766.267,2601.125,2717.350,2868.750,2975.750,2992.500,2620.000
2639.889,2547.967,2799.875,2676.450,2742.133,2617.188,2708.200,2846.188,2981.750,2992.667,2626.200
2641.944,2568.767,2821.825,2664.000,2764.267,2602.688,2723.450,2861.812,2954.750,3023.917,2623.933
2638.833,2552.500,2796.975,2654.400,2726.200,2601.500,2677.500,2837.750,2976.833,3038.333,2631.933
2621.333,2552.333,2809.650,2654.650,2736.133,2614.875,2679.000,2828.375,2970.167,3015.667,2593.400
2630.556,2571.100,2804.875,2677.850,2749.067,2595.750,2686.850,2825.375,2972.833,3025.333,2607.133
2620.167,2548.933,2794.300,2648.500,2714.533,2599.438,2703.350,2843.000,2985.750,3019.333,2610.600
2617.167,2544.200,2804.425,2655.700,2720.133,2610.000,2689.150,2830.875,2956.083,3001.167,2596.733
2635.056,2552.667,2799.800,2654.850,2732.733,2612.875,2696.800,2824.750,2989.417,3013.917,2595.533
2620.389,2558.100,2816.300,2664.850,2749.133,2617.562,2685.000,2848.312,2957.500,3011.500,2616.733
2610.889,2557.400,2804.900,2648.100,2762.400,2585.875,2702.400,2819.875,2982.750,2982.000,2605.933
2625.389,2546.467,2810.075,2659.950,2737.267,2603.438,2685.100,2835.500,2954.583,3011.250,2617.200
2647.556,2542.167,2802.025,2654.150,2742.467,2578.000,2700.250,2826.500,2960.833,2987.917,2607.067
2645.111,2552.433,2795.125,2654.500,2755.000,2601.312,2705.700,2820.812,2955.500,2997.667,2610.467
2623.167,2556.967,2801.650,2650.350,2755.800,2604.875,2693.050,2820.812,2960.500,3005.583,2614.867
2621.056,2552.667,2796.975,2676.450,2745.400,2608.188,2683.450,2858.375,2970.417,3018.750,2605.733
2635.167,2556.167,2809.250,2669.400,2713.000,2606.812,2678.900,2814.688,2988.750,3030.333,2641.333
2632.944,2546.600,2797.775,2669.100,2725.667,2626.938,2682.450,2840.250,2993.500,3027.750,2580.733
2626.944,2532.200,2784.925,2662.900,2732.867,2612.812,2694.300,2843.875,2958.417,2994.667,2608.267
2630.000,2537.600,2794.025,2663.100,2728.400,2588.875,2707.350,2846.500,2976.250,3010.000,2592.800
2625.833,2552.567,2807.325,2654.450,2713.600,2589.500,2694.350,2818.188,2968.000,3008.333,2618.600
2622.444,2544.333,2789.750,2663.400,2741.400,2603.125,2704.200,2845.875,2988.417,3020.000,2618.267
2624.278,2532.733,2799.050,2656.950,2735.733,2621.625,2706.800,2810.000,3008.167,3021.417,2600.400
2620.556,2552.933,2789.325,2657.500,2735.133,2595.688,2686.950,2828.062,2960.917,2986.667,2599.733
2619.667,2538.367,2798.075,2668.450,2726.867,2584.750,2700.200,2817.125,2952.667,2959.750,2586.000
2622.667,2555.700,2800.175,2665.100,2741.267,2595.062,2696.150,2835.812,2967.750,2984.333,2597.600
2613.667,2542.733,2787.625,2649.750,2729.867,2596.375,2669.000,2814.562,2981.333,2973.333,2613.400
2583.389,2531.567,2778.725,2657.550,2742.000,2584.562,2688.250,2840.938,2950.833,2951.000,2605.800
2615.500,2549.533,2781.325,2654.000,2728.333,2576.062,2670.050,2827.250,2990.333,2980.917,2618.000
2619.444,2553.200,2801.850,2630.700,2726.867,2614.250,2691.000,2830.562,2982.583,2987.833,2581.667
2624.056,2525.800,2781.450,2650.300,2710.200,2608.438,2700.200,2816.938,3003.750,2999.917,2609.933
2619.056,2553.733,2785.150,2653.750,2709.533,2593.375,2697.250,2812.938,2980.333,2965.667,2607.200
2614.944,2533.200,2799.600,2659.700,2726.267,2589.375,2677.300,2828.750,2933.583,3000.333,2621.400
2636.167,2544.533,2788.250,2646.400,2741.867,2595.875,2686.950,2825.500,2960.333,2987.750,2609.800
2621.056,2541.467,2799.550,2666.300,2738.733,2598.500,2683.900,2800.375,2986.000,2999.667,2609.600
2612.111,2541.400,2790.250,2652.450,2729.267,2591.250,2689.300,2811.062,2951.333,2982.333,2600.067
2599.556,2533.267,2786.725,2638.800,2742.733,2597.688,2672.250,2839.750,2949.500,2940.583,2619.467
2609.889,2536.367,2808.825,2651.650,2739.400,2618.312,2700.800,2839.062,2965.500,2984.083,2616.867
2616.167,2540.567,2787.600,2677.300,2727.133,2576.312,2684.350,2841.000,2963.000,2991.333,2587.667
2617.722,2548.967,2797.475,2652.200,2730.067,2592.125,2685.050,2841.750,2953.833,3009.500,2584.800
2603.556,2521.667,2795.600,2652.350,2711.133,2604.500,2682.300,2844.188,3012.000,2991.583,2587.600
2604.667,2533.200,2793.150,2650.300,2753.867,2599.000,2697.450,2796.000,2964.333,3007.250,2610.133
2618.889,2551.700,2794.250,2655.250,2725.067,2583.562,2693.850,2836.812,2961.250,2991.833,2627.467
2577.167,2531.467,2787.150,2670.100,2732.467,2595.188,2657.800,2849.188,2974.000,2990.417,2601.800
2609.611,2526.633,2802.825,2657.150,2705.200,2584.875,2689.600,2835.000,2976.417,2976.667,2594.400
2630.000,2532.267,2797.750,2647.500,2717.533,2603.250,2691.900,2823.375,2953.083,3000.250,2582.133
2621.000,2540.433,2800.750,2659.250,2737.333,2599.188,2686.800,2844.438,2976.000,3005.083,2625.267
2609.722,2531.367,2790.875,2650.850,2724.600,2602.000,2677.450,2817.312,2952.583,2980.167,2623.067
2608.278,2527.700,2785.400,2650.350,2723.733,2597.125,2678.450,2842.250,2965.000,2969.917,2621.733
2614.167,2541.033,2799.500,2640.000,2723.667,2606.375,2681.550,2810.500,3001.583,2975.250,2607.733
2624.500,2522.367,2799.375,2655.100,2700.133,2587.688,2687.650,2799.562,2969.417,2991.667,2609.600
2597.778,2542.767,2783.575,2664.150,2706.800,2585.375,2693.550,2804.438,2950.917,2992.083,2599.800
2616.611,2536.267,2786.650,2675.900,2717.400,2578.500,2695.350,2791.125,2977.750,2956.583,2619.867
2591.444,2535.400,2789.075,2637.900,2737.267,2596.000,2684.400,2796.750,2961.917,2964.167,2595.800
2626.778,2526.767,2796.200,2654.450,2715.533,2593.688,2691.750,2819.500,2967.083,2985.750,2598.733
2610.889,2536.533,2787.700,2645.900,2706.067,2584.875,2691.350,2837.750,2961.417,3026.500,2600.867
2604.222,2549.767,2793.275,2640.350,2726.600,2592.812,2685.000,2812.625,2962.917,2962.250,2613.533
2588.556,2548.767,2793.825,2642.050,2710.000,2587.875,2672.150,2822.312,2929.667,2974.417,2596.400
2612.611,2528.133,2765.750,2645.200,2717.600,2584.125,2685.350,2820.875,2972.250,2992.583,2582.267
2601.556,2544.433,2782.675,2651.700,2684.733,2606.562,2682.050,2808.000,2956.667,2961.917,2596.867
2603.944,2520.033,2792.925,2640.800,2708.000,2583.062,2656.000,2816.312,2975.917,2967.917,2591.400
2574.056,2522.833,2785.175,2667.450,2711.733,2571.938,2693.250,2824.000,3003.417,2991.833,2595.133
2608.611,2519.400,2778.550,2638.950,2725.800,2586.000,2677.600,2794.688,2965.250,2995.083,2613.600
2609.778,2548.000,2785.775,2662.200,2731.400,2589.312,2699.100,2788.812,2965.333,2978.667,2600.000
2619.667,2540.733,2791.650,2639.650,2717.933,2572.438,2654.800,2798.938,2976.250,2992.833,2589.933
2589.278,2554.133,2777.050,2644.800,2712.733,2592.375,2660.650,2814.562,2965.500,3008.000,2580.733
2594.889,2535.433,2773.550,2644.300,2708.067,2598.938,2682.100,2822.875,2959.833,2992.750,2603.800
2611.611,2549.433,2775.850,2657.000,2722.733,2581.562,2694.450,2821.562,2969.750,2967.750,2578.667
2588.833,2532.200,2771.450,2659.150,2711.600,2574.688,2701.900,2790.500,2951.500,2970.500,2599.067
2575.722,2519.167,2788.250,2650.000,2694.933,2590.938,2676.200,2793.500,2973.250,3014.167,2606.267
2586.333,2525.967,2779.875,2640.450,2725.067,2572.375,2663.100,2814.875,2940.083,2998.917,2597.133
2614.167,2518.933,2797.575,2630.400,2723.600,2574.688,2662.800,2797.875,2990.083,2986.583,2571.533
2585.000,2521.967,2790.700,2626.150,2711.667,2599.312,2681.350,2792.875,2956.917,3002.083,2601.933
2576.611,2520.433,2785.700,2659.200,2709.533,2575.062,2668.150,2826.750,2967.667,2978.583,2588.400
2584.556,2519.900,2787.650,2645.700,2695.267,2582.875,2690.050,2809.625,2975.000,2995.500,2574.000
2604.722,2524.867,2782.225,2659.350,2713.667,2578.938,2681.700,2829.688,2949.167,2984.833,2603.133
2577.389,2525.967,2785.625,2649.750,2701.467,2587.562,2680.800,2809.750,2967.667,2987.750,2584.533
2593.778,2534.133,2771.575,2656.350,2706.200,2588.938,2683.350,2775.500,2960.333,2998.833,2582.333
2574.056,2524.500,2781.575,2638.550,2712.267,2567.000,2689.950,2812.625,2976.833,2989.750,2585.200
2571.167,2518.067,2782.000,2654.450,2702.467,2555.125,2651.800,2775.875,2964.917,3002.167,2580.600
2566.889,2524.567,2779.150,2663.950,2702.267,2570.562,2667.950,2816.625,2969.500,2962.333,2591.800
2588.500,2523.867,2776.475,2655.250,2735.067,2582.188,2663.850,2820.625,2968.167,2992.500,2574.600
2585.444,2535.633,2782.150,2654.150,2700.800,2590.375,2686.450,2806.062,2979.167,2951.583,2580.800
2589.556,2514.600,2787.750,2637.950,2708.533,2580.125,2685.000,2788.125,2949.333,2976.917,2589.333
2572.556,2522.200,2775.800,2661.050,2702.200,2592.500,2665.700,2806.812,2956.500,2970.167,2582.933
2567.944,2530.600,2786.700,2641.400,2718.867,2581.875,2696.650,2823.938,2993.167,2982.917,2593.467
2599.667,2513.833,2786.650,2643.550,2702.267,2589.062,2682.250,2830.750,2982.083,2971.167,2581.067
2582.556,2531.067,2788.850,2644.150,2712.600,2599.875,2667.750,2840.812,2951.250,2995.417,2594.200
2591.222,2528.800,2776.275,2644.750,2717.133,2599.438,2652.300,2820.625,2959.167,2978.250,2572.267
2599.056,2525.800,2782.600,2646.350,2724.933,2577.188,2682.100,2811.312,2952.333,2993.000,2600.067
2608.722,2520.267,2776.725,2644.700,2700.133,2581.312,2676.750,2801.000,2964.167,3002.083,2588.533
2584.944,2525.833,2786.250,2638.250,2727.267,2570.375,2668.000,2802.188,2962.500,2995.417,2579.000
2578.167,2527.333,2788.900,2640.750,2704.267,2568.000,2675.500,2809.375,2977.750,2994.750,2585.467
2583.389,2509.467,2781.000,2631.500,2692.667,2585.500,2670.150,2798.000,2973.750,2962.667,2594.467
2580.333,2523.333,2792.125,2642.200,2698.400,2591.125,2686.300,2790.562,2936.833,2967.667,2597.400
2572.389,2506.033,2763.650,2645.400,2691.600,2572.250,2664.200,2805.188,2935.667,3001.833,2571.133
2580.278,2534.300,2787.950,2660.550,2700.733,2567.312,2654.000,2794.688,2962.167,3029.000,2601.333
2570.111,2532.067,2772.725,2649.000,2693.933,2567.375,2675.400,2803.688,2957.167,2978.500,2594.133
2574.222,2529.233,2776.475,2642.150,2715.467,2576.625,2678.150,2820.750,2963.750,2991.500,2590.933
2569.778,2527.100,2781.400,2662.800,2707.200,2567.438,2659.000,2793.312,2965.667,3018.583,2583.200
2578.778,2515.700,2787.125,2636.300,2696.600,2573.875,2679.150,2785.875,2947.417,2999.333,2578.400
2578.889,2529.933,2778.925,2644.450,2683.667,2561.000,2682.550,2804.125,2948.250,3006.750,2585.933
2581.056,2527.300,2773.075,2638.700,2686.467,2584.312,2680.050,2779.812,2963.667,3011.167,2572.133
2559.167,2523.167,2776.150,2633.650,2722.267,2578.812,2674.450,2801.688,2968.500,2988.000,2606.267
2599.833,2523.200,2781.475,2634.450,2691.133,2566.250,2654.350,2805.500,2980.833,2998.167,2586.667
2586.722,2516.200,2768.900,2636.500,2697.267,2575.562,2640.800,2788.938,2970.083,3026.083,2590.667
2588.056,2522.667,2790.750,2629.800,2709.867,2562.438,2680.800,2803.188,2937.417,2998.083,2582.667
2577.278,2528.233,2768.750,2642.250,2709.333,2596.562,2670.400,2799.125,2931.250,3017.250,2592.000
2562.667,2515.233,2791.000,2642.000,2697.533,2574.875,2674.800,2810.000,2964.750,3001.500,2570.267
2576.500,2507.233,2775.125,2648.000,2708.800,2584.375,2669.900,2791.250,2931.917,2994.917,2590.533
2576.000,2523.667,2761.675,2644.250,2727.800,2578.562,2663.200,2806.312,2934.083,3010.333,2614.067
2602.556,2509.867,2772.800,2644.000,2709.133,2581.938,2684.650,2808.688,2979.417,3037.250,2608.000
2593.889,2511.200,2790.675,2626.300,2682.733,2590.500,2672.100,2798.938,2961.500,2990.667,2577.267
2576.722,2524.700,2795.425,2650.250,2694.000,2570.562,2685.850,2785.625,2961.250,3008.417,2585.067
2580.222,2514.500,2774.150,2664.900,2722.333,2568.812,2664.000,2799.062,2955.083,2997.083,2578.067
2562.333,2509.633,2773.325,2648.150,2715.000,2569.562,2650.900,2790.625,2954.833,2978.750,2557.867
2581.556,2522.700,2762.200,2643.850,2675.533,2573.250,2656.600,2790.375,2959.917,3041.583,2592.867
2571.111,2514.467,2788.375,2642.200,2700.600,2572.000,2657.750,2804.250,2929.333,3020.333,2566.933
2568.222,2526.100,2758.725,2643.400,2685.333,2560.062,2663.200,2798.875,2985.583,3004.333,2569.667
2582.889,2509.333,2763.200,2625.200,2688.200,2555.875,2659.500,2777.062,2953.917,3006.250,2558.200
2560.889,2510.867,2764.375,2618.650,2680.067,2565.688,2655.750,2788.375,2986.250,2983.667,2568.867
2558.111,2532.167,2774.250,2635.600,2674.933,2567.750,2665.050,2768.562,2936.917,3014.667,2575.000
2566.111,2525.300,2756.100,2632.700,2703.333,2563.250,2659.700,2755.062,2973.917,3004.083,2558.600
2566.389,2511.367,2777.150,2617.350,2704.467,2571.000,2649.350,2810.750,2954.333,3004.750,2561.933
2548.444,2522.067,2748.350,2625.250,2714.800,2556.312,2648.800,2774.750,2934.917,2995.167,2560.400
2567.444,2519.533,2765.975,2631.150,2673.667,2562.062,2669.900,2794.688,2962.250,2993.917,2568.467
2548.222,2492.000,2769.250,2618.050,2685.067,2556.250,2650.700,2782.312,2946.333,2991.333,2540.333
2577.833,2505.033,2767.300,2625.050,2712.400,2584.188,2651.250,2778.312,2932.250,2991.750,2564.267
2566.500,2497.433,2755.850,2639.100,2684.533,2556.250,2659.500,2799.750,2936.167,2992.250,2551.067
2544.167,2496.633,2766.550,2629.000,2677.533,2595.438,2660.150,2792.250,2977.333,3002.750,2571.800
2559.556,2502.133,2764.325,2618.200,2697.733,2569.500,2665.700,2795.312,2980.417,2987.083,2545.867
2557.722,2500.467,2764.675,2598.600,2701.800,2570.812,2640.100,2762.375,2957.833,2991.250,2563.933
2578.889,2506.700,2772.375,2620.950,2711.467,2554.500,2641.000,2782.000,2939.333,2988.750,2559.467
2555.611,2507.800,2778.275,2621.850,2682.933,2564.375,2645.900,2785.250,2942.417,3007.250,2571.600
2571.278,2520.400,2764.800,2625.450,2692.867,2570.312,2661.050,2778.688,2966.083,3010.583,2562.133
2572.222,2507.167,2767.550,2608.750,2703.800,2579.562,2637.700,2765.875,2972.333,2985.000,2559.867
2566.278,2512.267,2765.750,2618.450,2707.200,2557.438,2649.300,2804.375,2974.500,2990.500,2570.667
2561.889,2487.033,2758.875,2593.900,2694.400,2559.062,2664.800,2765.438,2968.083,3008.000,2543.800
2564.667,2508.400,2765.225,2616.200,2690.933,2552.688,2655.050,2784.438,2957.333,2986.750,2562.000
2553.722,2499.000,2777.425,2611.250,2713.333,2569.750,2654.800,2784.000,2981.500,2991.250,2573.467
2554.278,2509.133,2767.850,2630.500,2688.200,2565.062,2659.800,2784.625,2941.667,2976.833,2563.600
2561.611,2502.000,2762.400,2634.100,2684.200,2555.562,2653.950,2773.875,2959.333,2983.500,2549.333
2577.056,2497.767,2759.950,2609.350,2681.467,2554.688,2652.200,2769.125,2957.833,3015.750,2548.933
2563.944,2501.867,2768.700,2631.050,2694.933,2570.875,2649.950,2759.312,2953.917,3002.583,2575.600
2563.667,2498.833,2773.300,2622.000,2702.800,2552.812,2661.950,2753.562,2957.333,3002.417,2574.000
2565.556,2502.200,2755.175,2619.900,2683.533,2568.812,2653.600,2785.562,2955.667,3012.833,2535.800
2544.333,2488.667,2748.925,2612.650,2672.267,2565.000,2646.850,2784.438,2959.000,2996.167,2539.000
2568.000,2490.800,2773.575,2636.400,2699.000,2546.875,2643.000,2769.875,2960.083,3019.833,2558.600
2561.556,2488.833,2761.575,2644.550,2685.800,2534.312,2660.350,2747.812,2950.250,2999.750,2577.267
2562.667,2494.033,2752.650,2615.900,2678.000,2561.250,2653.550,2770.000,2960.167,3031.000,2545.000
2558.667,2483.367,2769.675,2621.700,2693.800,2577.375,2651.900,2779.500,2966.333,2992.500,2542.933
2555.222,2487.433,2767.825,2636.350,2695.467,2566.312,2663.950,2747.438,2994.667,3030.333,2580.467
2553.778,2494.267,2761.300,2628.950,2698.533,2548.625,2647.200,2734.312,2963.250,3031.083,2545.800
2550.722,2495.900,2768.600,2618.250,2675.333,2556.438,2631.700,2741.562,2977.083,3008.083,2552.333
2568.167,2504.633,2770.825,2634.200,2666.667,2570.000,2653.650,2752.938,2951.750,3011.083,2550.067
2549.000,2491.867,2763.825,2621.950,2685.800,2563.500,2652.750,2775.562,2948.667,2997.833,2595.733
2575.889,2487.733,2769.025,2608.900,2671.333,2559.500,2656.150,2789.188,2962.333,2988.833,2550.067
2573.167,2520.433,2759.300,2628.650,2678.600,2566.500,2668.600,2757.125,2986.583,2985.000,2553.067
2553.778,2491.767,2765.450,2611.900,2692.067,2558.688,2656.950,2766.562,2981.417,2985.500,2565.867
2568.444,2501.633,2760.850,2608.950,2682.333,2551.500,2681.350,2785.062,2947.083,3003.250,2555.000
2565.111,2504.500,2770.375,2613.050,2676.267,2561.375,2652.950,2772.438,2975.167,2968.583,2563.200
2564.056,2496.967,2757.675,2616.250,2673.200,2545.250,2658.750,2760.750,2926.917,3029.000,2533.333
2540.444,2502.633,2758.950,2619.500,2669.600,2568.438,2640.850,2772.000,2973.500,2974.833,2533.933
2529.667,2504.767,2757.500,2605.300,2682.000,2569.250,2653.500,2767.625,2962.167,2994.083,2538.133
2543.833,2499.533,2767.625,2621.050,2661.067,2552.000,2654.300,2763.125,2959.917,3023.917,2545.933
2563.333,2491.967,2746.775,2614.200,2697.000,2547.750,2637.400,2736.000,2976.000,2964.833,2558.200
2540.889,2493.800,2764.900,2597.150,2678.133,2566.500,2640.250,2737.875,2939.583,2985.417,2529.067
2553.500,2497.700,2765.900,2607.550,2679.400,2548.875,2634.700,2751.125,2956.083,2985.667,2540.200
2542.944,2492.067,2768.900,2617.200,2670.333,2561.812,2646.850,2743.438,2984.000,2981.333,2560.333
2548.389,2490.400,2752.050,2606.600,2692.000,2534.250,2642.300,2758.125,2941.750,2958.417,2561.533
2564.167,2493.233,2755.625,2602.800,2659.000,2535.688,2655.400,2777.312,2959.083,2999.583,2558.467
2557.111,2491.867,2751.850,2616.200,2668.467,2588.000,2649.850,2760.125,2971.917,2984.333,2550.000
2553.111,2484.700,2762.000,2634.750,2689.867,2539.125,2646.300,2756.250,2980.667,2985.917,2547.533
2577.444,2491.400,2759.600,2594.950,2677.333,2555.312,2638.300,2725.000,2941.333,2972.333,2536.867
2550.500,2496.300,2746.000,2594.850,2659.867,2543.438,2640.850,2750.688,2984.250,2963.833,2534.533
2549.556,2501.700,2760.350,2618.650,2670.467,2551.438,2638.750,2754.000,2970.333,2992.083,2551.467
2564.222,2518.467,2756.750,2616.800,2685.000,2559.938,2653.900,2740.750,2965.000,2981.333,2528.467
2544.500,2495.267,2750.575,2617.800,2677.400,2549.375,2649.150,2717.000,2937.167,2997.750,2518.600
2550.000,2499.133,2760.525,2600.750,2676.733,2552.500,2652.650,2752.938,2978.083,2997.417,2527.533
2529.222,2491.767,2772.175,2602.550,2662.533,2555.375,2643.300,2730.500,2959.417,2969.917,2543.533
2554.222,2505.433,2763.100,2617.950,2650.200,2541.688,2643.200,2738.625,2941.000,2992.250,2557.467
2547.667,2483.233,2756.850,2611.150,2693.400,2562.312,2642.450,2762.750,2958.167,2987.333,2551.467
2528.000,2485.833,2766.025,2609.850,2679.733,2560.562,2648.850,2756.125,2952.083,2990.417,2538.267
2552.111,2495.133,2760.300,2605.100,2660.267,2549.312,2637.450,2747.312,2966.500,3007.917,2503.467
2544.222,2490.333,2764.225,2635.750,2665.933,2542.250,2648.850,2728.562,2958.583,2975.417,2517.333
2539.000,2495.167,2765.725,2592.650,2678.533,2559.312,2652.700,2735.312,2945.500,2993.750,2523.867
2545.333,2502.267,2755.150,2612.550,2679.067,2576.812,2638.300,2750.250,2944.250,2954.167,2524.733
2539.278,2475.833,2757.775,2598.450,2654.867,2550.625,2630.250,2732.250,2951.750,2987.333,2535.000
2533.667,2491.400,2754.175,2628.150,2657.133,2551.312,2649.300,2745.938,2947.333,2966.417,2524.400
2543.611,2496.667,2756.175,2593.800,2680.133,2562.812,2653.650,2743.000,2950.167,2982.000,2527.000
2551.000,2489.333,2758.275,2619.050,2676.000,2539.875,2655.800,2747.500,2958.333,2964.667,2524.267
2566.000,2488.300,2761.275,2596.950,2663.000,2552.312,2645.600,2745.438,2957.833,2961.583,2523.333
2551.333,2488.933,2762.900,2591.800,2692.933,2569.625,2628.500,2746.875,2955.167,2950.750,2543.467
2558.167,2498.700,2748.025,2597.800,2674.067,2563.062,2653.150,2762.312,2976.583,2994.583,2535.400
2539.778,2493.767,2752.175,2591.000,2675.200,2556.938,2657.850,2752.188,2951.750,2983.833,2539.733
2544.389,2492.933,2754.775,2601.000,2673.467,2546.375,2647.100,2754.188,2963.917,2959.833,2520.467
2530.944,2500.233,2751.225,2605.700,2681.867,2580.188,2645.650,2753.812,2950.333,2948.333,2533.133
2548.278,2507.300,2752.825,2605.000,2681.533,2547.500,2664.900,2732.625,2919.250,2973.083,2518.867
2528.167,2515.000,2760.275,2584.300,2673.600,2559.812,2649.200,2731.375,2935.000,2961.750,2522.400
2527.944,2490.300,2755.500,2602.500,2693.000,2542.250,2630.300,2752.188,2920.000,3015.083,2507.600
2533.667,2487.600,2745.350,2591.350,2696.733,2565.312,2631.250,2733.250,2954.667,2955.417,2518.867
2547.611,2483.067,2757.475,2595.950,2668.000,2539.875,2637.250,2739.688,2938.083,2961.500,2500.667
2536.944,2487.167,2748.850,2596.100,2664.200,2564.438,2630.450,2744.438,2959.250,2957.417,2498.467
2522.889,2486.233,2753.425,2604.900,2671.533,2552.875,2650.050,2736.125,2944.667,2929.667,2512.733
2544.889,2485.700,2750.250,2594.600,2643.000,2555.688,2629.750,2735.188,2977.500,2961.250,2493.200
2532.056,2493.667,2765.600,2598.300,2667.467,2548.875,2662.950,2756.125,2940.917,2956.333,2507.667
2543.000,2488.800,2750.300,2592.650,2656.533,2581.500,2661.800,2733.750,2931.583,2963.333,2509.800
2559.389,2491.633,2758.875,2605.450,2672.867,2587.625,2633.050,2743.188,2939.333,2963.333,2528.467
2531.611,2501.933,2747.800,2598.400,2665.133,2554.438,2638.250,2732.250,2942.417,2975.250,2521.333
2563.722,2492.567,2746.075,2583.200,2668.800,2562.188,2642.600,2727.188,2957.583,2985.083,2518.733
2541.222,2482.400,2761.025,2600.800,2661.333,2544.188,2634.500,2742.500,2962.167,2973.000,2508.067
2559.333,2479.667,2758.350,2604.350,2661.067,2534.938,2620.100,2762.250,2933.500,2966.750,2529.000
2518.000,2486.933,2766.500,2588.250,2672.867,2548.500,2638.900,2754.688,2961.917,2957.917,2523.933
2551.944,2486.767,2745.300,2600.000,2684.933,2548.250,2645.350,2746.062,2952.917,2968.333,2519.267
2560.833,2498.233,2757.300,2620.400,2671.400,2573.875,2617.600,2741.812,2976.583,2982.333,2531.467
2539.056,2494.567,2745.450,2592.600,2679.067,2539.125,2626.450,2736.250,2948.583,2970.333,2518.200
2529.333,2500.067,2754.000,2601.950,2671.667,2552.562,2665.650,2728.500,2959.167,2957.167,2511.933
2548.167,2489.333,2763.925,2590.900,2667.800,2537.125,2628.650,2731.438,2970.333,2965.250,2507.533
2545.722,2477.067,2751.300,2597.850,2680.400,2549.125,2661.650,2740.250,2940.667,2937.167,2498.800
2524.722,2484.600,2745.050,2590.950,2682.867,2557.438,2650.700,2744.062,2943.250,2966.250,2509.400
2535.500,2473.233,2752.000,2600.700,2666.800,2556.938,2639.150,2734.438,2923.750,2970.417,2525.533
2537.056,2489.167,2763.875,2607.850,2656.333,2581.500,2631.550,2760.000,2937.583,2942.000,2522.333
2533.667,2476.633,2746.225,2576.650,2663.333,2550.875,2625.300,2722.750,2957.583,2967.167,2518.600
2542.500,2491.367,2747.150,2606.550,2678.000,2573.062,2658.900,2724.812,2976.750,2960.583,2499.533
2544.778,2500.600,2740.100,2610.550,2633.267,2559.500,2632.150,2753.125,2936.167,2953.250,2522.000
2544.111,2502.833,2742.950,2602.200,2664.267,2555.188,2633.300,2744.625,2934.667,2983.583,2510.333
2537.556,2493.867,2742.875,2614.150,2681.000,2530.938,2627.900,2720.000,2941.000,2980.167,2507.333
2519.167,2500.367,2748.950,2587.200,2645.667,2532.125,2648.400,2748.562,2935.083,2912.500,2494.467
2531.444,2496.733,2779.525,2574.300,2680.467,2560.875,2639.700,2738.562,2945.250,2968.917,2519.600
2538.444,2482.567,2756.950,2586.400,2663.333,2564.938,2627.850,2740.062,2939.083,2960.583,2506.067
2526.389,2502.600,2757.775,2598.650,2636.200,2561.125,2645.150,2710.438,2943.500,2930.167,2509.867
2526.222,2486.900,2751.725,2592.250,2652.267,2557.812,2638.850,2727.812,2904.500,2947.000,2505.267
2535.778,2467.833,2735.600,2579.600,2680.000,2556.250,2648.100,2738.438,2889.417,2967.500,2508.667
2540.000,2485.800,2737.475,2588.450,2668.800,2552.625,2623.250,2716.688,2925.000,2940.833,2493.800
2526.167,2471.300,2745.750,2609.050,2666.533,2550.500,2635.850,2726.750,2923.333,2943.750,2504.400
2535.000,2475.233,2748.625,2580.200,2648.333,2534.875,2626.100,2730.188,2918.917,2939.000,2495.600
2518.444,2484.433,2739.600,2603.700,2652.000,2555.625,2632.800,2724.938,2908.083,2953.917,2475.600
2517.556,2479.467,2753.625,2593.000,2670.000,2545.438,2633.150,2719.062,2912.500,2922.833,2476.467
2523.278,2487.100,2743.425,2591.200,2655.733,2533.250,2626.950,2745.500,2930.250,2961.583,2478.667
2537.000,2480.333,2747.400,2591.400,2661.733,2537.125,2641.400,2719.688,2941.667,2945.917,2506.267
2505.611,2468.700,2738.950,2584.700,2668.400,2527.125,2635.500,2736.625,2944.583,2969.250,2484.533
2534.889,2485.300,2746.650,2606.950,2660.667,2568.812,2642.900,2744.000,2948.000,2919.417,2528.400
2541.278,2495.833,2738.100,2589.100,2661.800,2554.438,2635.700,2759.500,2933.083,2934.000,2484.800
2526.444,2478.400,2744.450,2600.000,2661.800,2543.812,2639.350,2731.688,2938.083,2956.250,2492.800
2531.722,2502.933,2740.100,2581.650,2669.667,2535.938,2636.250,2727.375,2916.417,2933.750,2488.533
2550.778,2496.267,2754.950,2579.050,2650.400,2568.125,2630.650,2751.375,2935.917,2957.417,2485.733
2528.056,2484.300,2730.875,2597.450,2709.467,2558.188,2621.350,2752.125,2925.167,2962.583,2512.200
2536.333,2490.100,2746.825,2587.400,2673.200,2550.188,2628.400,2713.375,2918.083,2938.500,2491.933
2524.833,2489.767,2757.100,2595.150,2678.867,2551.875,2648.350,2737.812,2942.167,2946.333,2481.400
2552.222,2482.900,2751.675,2610.000,2693.000,2561.812,2633.550,2739.750,2936.250,2954.333,2540.600
2538.444,2485.400,2739.025,2597.000,2667.533,2547.625,2628.050,2741.062,2957.417,2941.083,2499.200
2535.389,2486.367,2756.375,2611.350,2681.133,2538.000,2646.700,2735.062,2932.000,2947.000,2535.000
2533.000,2505.367,2745.100,2597.750,2673.800,2572.625,2628.600,2745.688,2892.667,2975.500,2492.000
2558.278,2487.133,2731.200,2587.900,2653.267,2558.500,2631.400,2748.875,2904.083,2946.167,2497.400
2524.333,2485.700,2730.075,2602.350,2671.467,2544.250,2643.800,2722.750,2919.417,2944.167,2509.333
2532.111,2488.167,2756.150,2602.500,2664.667,2543.000,2619.600,2734.500,2927.667,2932.250,2487.400
2532.722,2496.967,2745.825,2595.750,2691.200,2537.688,2652.600,2741.750,2942.167,2960.667,2479.733
2527.833,2487.200,2740.375,2592.100,2663.333,2541.125,2617.700,2739.125,2940.333,2957.917,2495.000
2523.833,2488.033,2741.375,2580.100,2683.000,2550.000,2624.450,2741.125,2922.917,2939.250,2495.800
2535.778,2490.833,2740.975,2583.200,2662.933,2560.312,2615.650,2723.250,2968.583,2945.750,2471.600
2523.778,2490.033,2749.775,2578.500,2687.733,2549.812,2644.850,2726.750,2940.667,2935.667,2509.200
2539.444,2489.267,2741.675,2580.350,2663.467,2543.938,2642.550,2730.062,2928.500,2926.750,2503.733
2554.944,2488.000,2745.500,2579.600,2663.200,2559.562,2628.100,2715.250,2912.667,2952.250,2515.667
2523.556,2490.300,2741.750,2584.700,2682.400,2556.688,2641.250,2721.750,2929.083,2908.000,2503.133
2529.556,2472.200,2732.725,2595.850,2670.467,2536.875,2615.600,2716.562,2921.833,2951.000,2500.267
2522.889,2469.300,2745.600,2594.300,2675.133,2549.125,2617.000,2723.375,2956.167,2951.167,2499.667
2522.500,2473.367,2723.475,2568.650,2659.867,2527.812,2622.100,2710.875,2923.333,2958.083,2475.933
2511.333,2475.800,2744.700,2585.500,2655.667,2544.250,2627.700,2747.625,2938.000,2968.250,2495.133
2538.222,2487.500,2731.675,2589.500,2693.600,2535.562,2628.150,2726.812,2915.167,2926.500,2500.800
2531.778,2472.700,2726.950,2568.700,2680.067,2561.125,2637.350,2738.875,2908.500,2964.667,2465.933
2522.778,2469.933,2753.825,2576.700,2669.467,2538.312,2617.950,2719.438,2937.917,2956.750,2485.800
2505.556,2475.800,2734.100,2579.850,2655.800,2558.375,2637.950,2738.438,2930.667,2953.917,2480.533
2513.111,2473.167,2718.400,2575.850,2658.067,2529.500,2604.700,2730.562,2906.500,2929.250,2488.333
2520.000,2470.233,2744.600,2585.500,2692.467,2544.438,2618.050,2729.812,2919.917,2975.750,2501.800
2502.611,2466.767,2734.700,2565.800,2665.400,2553.938,2635.350,2736.750,2936.417,2949.583,2479.400
2519.111,2477.100,2733.375,2554.950,2647.933,2549.938,2629.100,2708.062,2943.583,2976.417,2489.267
2538.500,2476.033,2747.475,2586.600,2643.667,2554.375,2619.100,2711.500,2925.417,2951.417,2500.267
2494.833,2467.833,2725.575,2577.700,2645.667,2526.312,2645.250,2722.812,2923.750,2969.750,2490.333
2527.000,2464.933,2735.575,2576.350,2657.800,2559.000,2628.500,2734.000,2940.500,2931.917,2470.267
2528.778,2476.433,2748.050,2588.300,2672.800,2551.312,2619.000,2718.625,2932.500,2941.417,2490.067
2531.556,2489.567,2731.625,2587.050,2673.133,2558.562,2622.900,2712.312,2947.417,2937.417,2489.733
2542.278,2480.333,2740.500,2586.700,2651.600,2557.625,2635.500,2712.188,2921.250,2936.917,2485.000
2539.111,2479.967,2743.125,2573.800,2671.133,2541.125,2635.950,2697.250,2937.667,2952.500,2491.400
2524.222,2485.267,2732.375,2576.100,2679.667,2550.250,2630.850,2705.500,2970.167,2917.250,2505.667
2530.444,2480.733,2742.925,2580.500,2671.133,2558.000,2627.750,2728.062,2946.000,2955.083,2477.667
2526.556,2482.300,2728.150,2595.900,2643.600,2542.062,2629.200,2734.250,2908.583,2961.833,2511.400
2553.611,2462.567,2733.025,2575.950,2683.667,2556.625,2624.900,2748.625,2926.417,2944.750,2493.600
2525.056,2478.500,2723.850,2587.150,2682.267,2551.250,2630.400,2721.438,2939.750,2956.667,2494.133
2518.944,2471.100,2725.525,2612.200,2670.800,2563.250,2640.250,2746.750,2925.583,2920.083,2488.867
2534.500,2500.900,2743.400,2581.050,2659.667,2543.250,2614.250,2718.375,2968.500,2934.417,2502.867
2536.278,2474.433,2731.350,2568.650,2687.333,2550.250,2640.400,2731.375,2964.083,2951.417,2500.600
2513.389,2468.133,2728.525,2577.500,2662.333,2541.562,2640.450,2731.188,2954.000,2951.583,2482.200
2525.278,2499.800,2723.875,2561.600,2672.867,2526.500,2639.550,2728.000,2993.000,2969.333,2492.533
2521.278,2472.000,2729.075,2595.550,2656.933,2551.938,2619.750,2720.375,2946.417,2970.917,2482.933
2526.167,2480.433,2728.150,2566.600,2673.200,2541.625,2622.050,2729.750,2954.250,2952.917,2455.800
2535.278,2474.033,2756.525,2567.050,2674.800,2554.688,2603.300,2735.500,2929.500,2937.833,2484.000
2537.778,2471.400,2723.500,2582.650,2675.400,2544.250,2639.650,2727.938,2918.167,2937.750,2485.400
2536.667,2463.333,2729.700,2583.250,2653.133,2539.875,2648.900,2743.875,2916.750,2940.583,2478.600
2514.556,2475.333,2738.700,2585.500,2671.400,2557.812,2635.000,2731.688,2939.833,2964.667,2472.200
2533.389,2463.300,2743.725,2594.100,2672.800,2534.938,2629.300,2732.375,2937.250,2941.583,2446.067
2521.944,2473.433,2727.450,2571.350,2668.933,2568.375,2644.600,2724.875,2916.750,2964.000,2472.000
2539.944,2466.267,2731.225,2587.300,2657.600,2539.250,2616.000,2740.062,2941.583,2973.500,2464.000
2529.000,2485.300,2723.775,2566.600,2655.600,2556.750,2638.400,2722.188,2911.417,2972.500,2481.133
2525.222,2473.833,2734.150,2564.900,2671.000,2582.125,2631.800,2739.750,2932.000,2914.333,2485.733
2526.167,2472.833,2737.600,2598.450,2682.533,2522.625,2616.850,2697.812,2927.000,2949.833,2475.667
2528.000,2458.700,2721.875,2585.300,2652.600,2551.625,2643.000,2722.375,2956.167,2945.333,2479.067
2533.278,2476.700,2721.125,2579.650,2656.467,2544.500,2635.950,2723.500,2903.833,2960.500,2473.067
2527.222,2470.700,2729.175,2582.150,2654.600,2548.438,2627.150,2699.562,2908.667,2939.833,2489.467
2542.167,2479.967,2726.625,2581.500,2649.200,2538.625,2623.000,2680.688,2918.083,2949.750,2491.600
2525.167,2454.333,2728.100,2564.750,2676.600,2538.625,2603.100,2720.125,2909.750,2948.083,2472.733
2532.444,2465.767,2732.900,2578.150,2662.467,2539.562,2619.400,2729.938,2902.750,2926.250,2480.867
2517.500,2455.900,2722.375,2572.350,2689.133,2539.938,2627.700,2682.562,2921.917,2950.083,2466.333
2531.056,2454.567,2734.425,2585.550,2670.267,2548.438,2627.000,2726.000,2913.833,2952.667,2479.000
2514.222,2453.000,2703.500,2572.750,2666.400,2531.375,2616.000,2717.688,2899.583,2952.917,2465.600
2517.111,2463.367,2724.475,2580.650,2655.400,2546.000,2619.700,2715.250,2928.833,2933.750,2476.200
2518.944,2467.033,2731.725,2564.900,2639.467,2562.375,2599.450,2711.625,2932.667,2924.583,2465.600
2505.000,2469.300,2721.850,2573.100,2669.267,2544.625,2622.000,2695.312,2934.917,2939.750,2494.600
2513.278,2465.967,2730.850,2582.200,2658.667,2538.625,2623.000,2718.500,2928.333,2944.417,2495.000
2547.444,2466.600,2740.875,2590.300,2682.800,2526.312,2625.550,2720.500,2890.000,2885.583,2475.400
2528.500,2472.333,2720.400,2566.600,2664.067,2525.875,2613.650,2735.812,2885.417,2923.333,2484.400
2539.500,2460.767,2727.700,2555.900,2666.200,2553.750,2617.250,2706.188,2916.667,2937.083,2465.000
2529.556,2473.633,2727.300,2576.700,2684.467,2545.625,2634.250,2707.938,2920.500,2952.667,2481.400
2532.444,2464.100,2726.250,2566.150,2645.267,2554.938,2626.450,2739.125,2938.167,2923.917,2492.533
2522.444,2470.267,2732.050,2584.250,2666.400,2541.500,2622.850,2702.500,2915.250,2933.500,2486.933
2511.278,2455.067,2735.950,2583.000,2663.200,2538.562,2628.350,2700.812,2901.250,2916.333,2466.333
2526.389,2475.667,2724.175,2560.850,2658.133,2535.812,2614.950,2709.125,2912.083,2954.333,2449.333
2522.778,2456.233,2731.950,2572.600,2666.400,2520.688,2608.800,2746.625,2929.333,2905.250,2462.000
2531.556,2476.333,2737.800,2581.250,2667.600,2553.812,2627.750,2709.875,2921.917,2924.333,2472.333
2510.889,2468.667,2738.325,2569.800,2688.400,2529.875,2620.250,2710.000,2915.417,2947.583,2428.067
2539.333,2465.333,2731.125,2586.850,2661.933,2543.750,2659.100,2707.438,2928.667,2943.000,2450.467
2538.333,2456.833,2719.200,2572.900,2672.667,2551.188,2621.750,2717.125,2929.083,2939.083,2471.867
2531.111,2456.300,2725.000,2560.700,2654.133,2525.062,2629.300,2730.250,2939.667,2929.833,2485.067
2523.167,2463.900,2731.375,2575.400,2671.000,2542.000,2629.450,2705.562,2904.667,2957.333,2466.067
2525.278,2456.833,2723.275,2570.750,2658.067,2534.875,2619.950,2727.750,2879.250,2928.750,2451.800
2501.278,2460.967,2717.100,2572.400,2656.600,2526.000,2615.050,2707.688,2906.250,2944.583,2463.267
2545.556,2458.067,2718.775,2560.800,2646.600,2521.312,2635.850,2697.562,2890.167,2941.500,2466.533
2512.889,2464.267,2722.650,2569.900,2658.933,2532.312,2620.050,2703.688,2891.833,2934.333,2473.733
2516.167,2457.600,2712.925,2550.750,2659.200,2520.875,2612.000,2709.688,2888.083,2901.000,2463.667
2519.778,2468.600,2749.575,2564.650,2644.267,2531.938,2616.350,2719.125,2888.250,2964.333,2434.133
2527.722,2464.933,2719.450,2570.500,2658.467,2530.188,2619.050,2720.312,2907.583,2943.167,2466.267
2513.611,2460.500,2723.900,2550.400,2641.267,2523.688,2621.500,2716.000,2875.917,2920.083,2465.667
2532.278,2462.400,2727.450,2574.900,2656.067,2521.062,2609.950,2719.000,2903.833,2920.667,2473.667
2529.889,2470.500,2710.725,2567.300,2690.533,2526.312,2624.200,2712.125,2870.667,2927.333,2468.533
2510.167,2465.333,2724.725,2556.750,2648.933,2503.812,2605.350,2724.125,2901.333,2909.083,2468.733
2520.389,2462.833,2720.500,2588.400,2648.867,2546.000,2615.550,2710.812,2909.833,2940.750,2449.933
2529.333,2446.133,2721.425,2558.300,2671.933,2556.938,2626.450,2731.938,2908.250,2970.167,2451.067
2521.000,2464.100,2730.700,2575.350,2666.267,2539.875,2622.800,2708.438,2876.667,2966.833,2450.667
2508.722,2460.833,2721.075,2579.850,2637.067,2522.250,2619.950,2706.688,2892.500,2944.750,2473.133
2526.944,2444.100,2728.050,2551.700,2678.067,2556.000,2603.950,2702.062,2899.000,2926.500,2457.200
2522.944,2459.200,2715.275,2582.550,2640.933,2534.750,2610.250,2736.312,2861.333,2943.750,2434.267
2510.222,2467.400,2717.325,2580.200,2683.133,2546.750,2624.400,2720.250,2916.917,2934.667,2475.467
2505.778,2454.267,2715.700,2570.150,2673.333,2536.062,2623.000,2697.250,2905.667,2944.833,2460.000
2530.389,2461.700,2719.650,2561.100,2677.133,2548.625,2632.400,2697.438,2910.250,2943.750,2448.000
2525.111,2472.367,2725.375,2566.800,2651.800,2539.188,2592.600,2696.750,2882.333,2896.167,2458.467
2523.556,2457.767,2731.100,2575.300,2668.333,2554.000,2613.050,2709.500,2887.083,2934.583,2465.267
2525.944,2466.167,2721.750,2553.250,2642.800,2519.688,2622.600,2694.500,2884.833,2912.250,2456.800
2527.056,2457.967,2718.300,2569.200,2668.200,2542.500,2614.500,2695.250,2877.667,2912.000,2460.200
2514.444,2438.967,2709.550,2573.900,2665.200,2545.812,2616.400,2707.750,2894.167,2918.250,2464.467
2517.889,2468.000,2716.600,2559.550,2660.333,2515.000,2644.650,2704.125,2893.333,2916.750,2482.267
2519.889,2463.933,2726.600,2573.800,2672.800,2529.312,2621.700,2679.312,2879.583,2946.167,2440.667
2540.500,2454.433,2712.075,2580.300,2660.533,2534.312,2602.600,2719.625,2908.000,2924.083,2469.600
2519.444,2445.567,2714.525,2569.850,2658.467,2536.000,2607.450,2723.438,2901.250,2933.417,2475.533
2520.222,2455.367,2716.200,2567.600,2659.600,2530.812,2591.650,2727.312,2898.833,2916.583,2472.733
2510.444,2452.333,2721.900,2557.700,2675.733,2532.562,2608.950,2715.562,2867.667,2892.583,2460.667
2511.778,2455.967,2719.750,2570.300,2668.800,2544.562,2628.800,2698.062,2873.833,2900.667,2457.200
2517.500,2447.667,2709.275,2575.650,2625.133,2516.188,2604.400,2704.438,2893.167,2927.167,2461.600
2508.889,2449.167,2708.500,2572.750,2642.467,2535.875,2622.450,2710.125,2874.167,2935.000,2455.000
2522.444,2467.967,2717.950,2580.850,2658.733,2536.938,2616.500,2727.688,2895.333,2929.750,2437.400
2503.111,2458.800,2713.725,2576.900,2673.333,2535.312,2595.850,2727.562,2885.667,2938.500,2446.067
2514.611,2448.900,2723.625,2589.950,2682.867,2549.125,2616.000,2685.438,2890.917,2910.583,2448.800
2494.500,2459.600,2724.725,2575.700,2667.533,2552.062,2607.850,2746.438,2893.000,2908.417,2425.000
2536.889,2425.400,2722.725,2573.300,2678.200,2529.750,2598.250,2710.312,2906.500,2910.750,2448.267
2529.056,2458.767,2723.825,2557.450,2670.600,2540.750,2614.050,2709.312,2898.167,2909.500,2444.067
2520.667,2454.300,2721.750,2570.550,2662.333,2545.750,2607.450,2718.625,2891.917,2921.333,2453.800
2537.389,2460.733,2717.125,2554.500,2669.067,2524.500,2595.550,2707.062,2905.750,2925.667,2476.667
2520.389,2447.967,2720.250,2592.250,2681.067,2549.500,2618.400,2691.250,2888.667,2932.083,2463.200
2502.500,2468.133,2728.150,2552.100,2665.600,2519.312,2595.450,2702.750,2896.583,2918.333,2455.067
2534.778,2468.233,2720.800,2579.550,2669.267,2523.438,2606.700,2702.188,2885.917,2937.250,2456.133
2519.611,2446.500,2712.500,2583.350,2677.200,2552.000,2581.950,2684.438,2866.750,2924.667,2478.333
2518.722,2463.033,2701.500,2575.100,2691.333,2538.750,2618.700,2685.750,2906.667,2924.417,2488.400
2505.389,2447.967,2722.975,2566.150,2672.800,2538.750,2598.950,2692.375,2865.250,2890.833,2446.200
2520.389,2439.200,2712.975,2566.450,2652.200,2552.188,2597.800,2719.875,2895.667,2892.250,2465.600
2522.167,2438.300,2706.025,2563.750,2633.467,2540.938,2610.750,2706.750,2889.583,2913.500,2441.400
2514.889,2447.700,2719.125,2554.200,2646.000,2539.250,2596.750,2711.250,2861.250,2926.583,2468.467
2510.833,2458.333,2710.600,2576.950,2666.733,2563.312,2602.150,2715.375,2874.417,2918.833,2449.733
2524.833,2465.600,2725.350,2574.500,2658.067,2537.938,2615.450,2714.750,2870.417,2916.000,2472.533
2519.500,2452.933,2726.475,2564.050,2685.467,2540.812,2612.200,2715.438,2855.083,2922.250,2453.333
2523.944,2439.933,2725.350,2584.750,2642.133,2534.688,2598.500,2688.250,2873.667,2915.583,2449.333
2522.556,2478.567,2725.275,2577.250,2664.267,2549.250,2594.350,2704.000,2855.833,2919.500,2449.000
2525.611,2456.700,2710.650,2575.250,2656.467,2533.938,2586.400,2723.438,2873.750,2888.583,2467.333
2513.278,2456.400,2723.300,2592.900,2692.467,2524.750,2600.700,2701.312,2851.583,2909.583,2456.933
2516.000,2459.033,2723.950,2581.750,2673.267,2537.938,2604.800,2710.875,2887.750,2916.667,2443.200
2529.556,2443.933,2734.500,2583.800,2646.200,2529.750,2601.550,2696.125,2881.583,2901.667,2474.467
2515.611,2457.267,2717.000,2566.450,2693.133,2548.500,2587.450,2704.688,2838.250,2910.167,2469.000
2505.278,2463.500,2723.600,2581.350,2678.933,2554.375,2620.150,2719.438,2843.250,2931.417,2471.733
2506.667,2441.133,2710.325,2581.800,2663.067,2532.750,2608.700,2686.062,2880.833,2902.833,2486.200
2543.667,2443.733,2706.750,2570.700,2694.933,2540.125,2610.600,2695.188,2855.000,2938.833,2460.533
2515.500,2441.067,2708.075,2589.650,2678.000,2561.875,2614.500,2724.500,2896.750,2932.500,2477.467
2513.111,2460.067,2700.375,2577.050,2679.333,2519.500,2597.700,2703.375,2852.500,2926.500,2458.200
2536.722,2448.267,2720.825,2594.300,2695.733,2549.438,2603.850,2725.250,2862.667,2916.500,2473.533
2529.611,2467.867,2729.750,2572.000,2679.933,2538.625,2606.500,2691.125,2867.500,2903.750,2465.200
2538.111,2455.533,2715.775,2582.600,2703.800,2550.125,2600.800,2703.375,2866.083,2928.750,2448.200
2530.056,2474.833,2721.350,2583.150,2674.267,2544.500,2595.500,2694.250,2886.583,2897.917,2459.800
2527.778,2463.433,2706.850,2591.950,2674.733,2548.500,2615.450,2702.375,2873.167,2916.917,2454.200
2500.056,2437.600,2716.975,2555.000,2684.733,2538.250,2616.650,2725.875,2879.583,2894.333,2462.400
2535.500,2464.500,2715.075,2588.150,2667.000,2559.312,2600.800,2693.375,2887.833,2900.167,2460.600
2513.833,2456.367,2715.750,2571.600,2668.933,2554.438,2579.750,2694.062,2849.500,2908.417,2458.867
2515.889,2460.667,2707.500,2556.350,2672.333,2563.312,2591.950,2717.625,2854.000,2900.583,2479.333
2507.333,2459.133,2718.750,2574.050,2701.667,2526.938,2598.950,2710.125,2892.667,2924.917,2464.533
2521.333,2446.467,2712.625,2578.050,2661.467,2529.688,2599.850,2725.062,2859.583,2911.167,2439.733
2537.556,2456.100,2703.600,2569.500,2676.133,2541.688,2593.450,2696.688,2880.250,2891.083,2466.600
2514.500,2460.667,2718.700,2562.000,2667.733,2544.000,2589.600,2715.562,2864.583,2907.083,2462.733
2531.056,2449.067,2697.050,2569.350,2666.400,2536.812,2589.950,2705.688,2874.583,2909.000,2481.467
2531.944,2455.067,2707.225,2567.950,2683.933,2553.812,2573.850,2706.875,2874.500,2913.833,2444.667
2524.833,2462.300,2720.825,2577.800,2667.067,2542.750,2608.250,2711.938,2866.583,2925.167,2456.533
2518.889,2449.767,2705.800,2578.050,2693.600,2539.125,2593.150,2690.938,2882.083,2862.083,2467.000
2537.722,2452.800,2702.750,2570.950,2681.000,2536.375,2586.250,2717.062,2861.833,2903.333,2469.133
2525.111,2453.467,2715.975,2565.900,2658.933,2534.125,2619.250,2704.062,2845.750,2886.250,2459.200
2531.222,2459.700,2708.100,2563.250,2683.000,2532.438,2594.700,2689.750,2868.500,2852.917,2464.867
2517.889,2442.900,2716.250,2548.750,2684.133,2548.125,2584.500,2694.000,2867.500,2898.667,2442.867
2529.611,2440.300,2715.150,2567.650,2666.867,2527.875,2616.850,2682.125,2890.750,2913.167,2483.467
2521.722,2472.033,2704.275,2570.300,2685.133,2524.438,2584.500,2702.938,2873.667,2919.917,2470.533
2519.722,2438.300,2714.525,2555.300,2654.867,2540.250,2580.300,2709.438,2860.250,2896.333,2463.800
2515.556,2439.433,2720.000,2568.750,2656.400,2527.312,2609.750,2685.250,2828.083,2865.833,2476.000
2514.444,2470.133,2694.550,2573.550,2665.533,2539.188,2578.050,2689.438,2846.583,2860.333,2456.267
2537.500,2464.533,2712.975,2561.700,2662.067,2557.562,2596.800,2707.062,2843.000,2911.667,2487.467
2537.889,2435.600,2709.625,2575.650,2667.133,2550.688,2607.450,2687.938,2880.833,2885.083,2461.200
2515.000,2460.900,2704.400,2589.650,2672.933,2529.938,2624.100,2709.812,2876.417,2912.417,2465.200
2511.111,2447.267,2701.375,2557.050,2668.800,2521.375,2612.850,2709.625,2874.750,2887.083,2449.467
2518.778,2458.900,2694.350,2571.300,2676.267,2542.375,2588.550,2708.625,2852.500,2920.000,2457.133
2496.056,2445.200,2704.350,2572.450,2688.733,2535.875,2610.300,2704.938,2833.333,2883.500,2436.667
2530.389,2450.467,2695.800,2569.200,2652.800,2545.812,2581.650,2695.188,2847.417,2899.250,2451.000
2503.444,2446.567,2706.800,2585.300,2661.333,2539.125,2573.900,2711.375,2835.583,2879.500,2465.733
2501.778,2446.233,2700.200,2556.950,2654.533,2550.250,2598.300,2674.562,2842.333,2880.000,2443.133
2517.722,2453.467,2695.325,2561.150,2683.600,2537.375,2595.700,2677.938,2839.167,2866.417,2438.000
2512.667,2444.633,2697.150,2579.950,2688.133,2530.562,2601.000,2722.125,2825.417,2889.833,2460.533
2524.278,2443.733,2701.225,2583.750,2670.667,2533.938,2587.250,2683.188,2849.250,2883.250,2452.533
2519.444,2452.133,2703.025,2585.300,2675.733,2555.625,2578.350,2704.375,2831.917,2890.250,2460.733
2521.056,2451.033,2719.425,2574.000,2689.000,2561.188,2588.450,2689.188,2849.500,2890.750,2450.200
2517.667,2444.967,2698.250,2565.200,2676.867,2536.000,2592.300,2710.938,2822.250,2895.167,2445.867
2512.778,2455.700,2700.775,2569.000,2676.800,2544.375,2588.350,2720.125,2858.583,2889.167,2467.867
2501.444,2443.733,2707.900,2575.450,2677.333,2538.562,2602.350,2724.812,2841.750,2907.500,2455.333
2500.000,2441.533,2704.700,2572.950,2665.867,2547.000,2588.850,2676.250,2874.333,2904.917,2446.600
2500.111,2446.000,2686.675,2546.300,2679.200,2539.250,2604.100,2682.188,2852.917,2880.750,2449.400
2505.889,2431.667,2693.175,2567.250,2679.867,2534.125,2592.100,2691.812,2849.167,2876.667,2462.600
2510.444,2458.700,2698.075,2560.650,2666.933,2539.438,2586.050,2697.312,2820.500,2884.917,2468.733
2500.833,2446.900,2705.975,2567.800,2655.800,2567.438,2587.500,2698.062,2831.917,2878.667,2469.533
2536.111,2447.233,2702.525,2570.550,2673.533,2539.625,2594.000,2728.250,2837.167,2882.833,2481.600
2506.944,2439.700,2680.350,2572.700,2679.933,2534.250,2611.150,2705.000,2872.667,2891.250,2474.267
2514.333,2445.967,2701.125,2560.100,2689.600,2540.812,2607.900,2691.000,2834.500,2885.083,2449.800
2499.556,2467.000,2701.550,2560.450,2657.067,2526.500,2598.150,2700.625,2835.500,2879.750,2443.000
2526.444,2447.233,2692.350,2577.050,2690.333,2524.688,2609.050,2689.000,2856.667,2871.417,2477.733
2513.667,2436.300,2687.450,2579.200,2679.800,2532.625,2597.550,2690.312,2861.167,2880.333,2467.533
2528.444,2436.367,2699.350,2559.000,2654.667,2540.500,2583.450,2661.000,2834.583,2892.000,2455.600
2534.889,2432.933,2685.325,2561.000,2672.400,2531.938,2581.400,2691.688,2818.833,2866.167,2447.133
2530.167,2438.300,2705.250,2557.100,2684.000,2537.875,2614.550,2697.000,2830.750,2857.917,2480.000
2527.444,2429.433,2711.575,2565.450,2655.800,2526.312,2607.350,2686.938,2849.083,2874.667,2463.467
2504.444,2441.300,2682.825,2568.800,2698.533,2526.750,2604.450,2681.938,2869.917,2900.250,2470.267
2515.722,2444.833,2694.475,2553.350,2680.933,2525.000,2579.450,2695.750,2852.333,2894.000,2464.000
2525.000,2436.100,2703.225,2565.850,2657.200,2523.562,2592.750,2679.625,2862.583,2865.750,2470.467
2510.444,2451.967,2700.150,2560.450,2654.133,2527.562,2581.500,2682.188,2846.083,2857.167,2464.200
2511.611,2446.033,2684.850,2553.100,2692.800,2532.062,2580.000,2725.125,2835.333,2862.250,2461.600
2532.722,2463.000,2684.975,2554.750,2696.800,2542.500,2578.300,2699.938,2861.250,2876.083,2473.933
2508.611,2444.467,2690.475,2559.650,2685.333,2541.188,2593.300,2697.125,2861.917,2871.750,2468.000
2524.000,2447.400,2702.225,2558.450,2684.733,2549.625,2579.850,2682.000,2895.833,2863.000,2475.067
2519.278,2435.067,2701.050,2570.250,2674.000,2528.875,2598.650,2693.125,2870.333,2880.917,2483.067
2529.056,2445.000,2702.950,2573.850,2694.733,2533.125,2597.350,2708.750,2865.083,2866.750,2468.400
2520.944,2438.967,2706.350,2561.550,2697.000,2516.062,2585.250,2687.188,2838.667,2882.250,2472.267
2513.667,2446.633,2693.725,2576.900,2664.800,2543.625,2580.650,2695.750,2859.917,2867.333,2472.133
2517.000,2440.567,2701.350,2576.200,2656.267,2531.500,2567.800,2691.375,2859.417,2857.833,2457.867
2521.111,2442.467,2706.675,2572.750,2698.933,2539.438,2614.650,2685.750,2846.417,2878.500,2477.400
2516.111,2450.267,2704.650,2568.500,2669.600,2525.938,2574.100,2675.000,2836.333,2895.583,2468.600
2518.056,2465.900,2694.925,2572.250,2657.067,2525.250,2604.600,2696.625,2843.833,2878.083,2463.467
2515.722,2439.233,2687.350,2555.650,2654.133,2530.375,2603.050,2680.250,2846.917,2866.500,2464.000
2531.500,2434.400,2688.950,2547.800,2652.933,2515.125,2589.400,2692.750,2828.333,2861.500,2482.000
2524.278,2433.633,2700.000,2558.600,2672.733,2529.938,2595.000,2688.188,2836.500,2872.250,2465.133
2511.167,2461.733,2686.675,2544.000,2690.200,2556.312,2575.650,2688.438,2844.000,2894.667,2475.800
2523.944,2424.100,2685.150,2561.750,2674.000,2516.562,2582.650,2688.000,2843.917,2881.250,2466.000
2521.556,2435.800,2689.950,2562.450,2668.267,2518.688,2566.800,2706.500,2866.500,2885.250,2452.733
2512.500,2444.833,2667.775,2570.900,2656.000,2538.062,2593.800,2684.312,2828.333,2860.500,2459.533
2504.556,2446.067,2690.400,2566.600,2660.933,2532.625,2598.200,2672.500,2839.083,2887.250,2492.467
2512.000,2442.067,2695.050,2577.750,2656.000,2526.938,2584.350,2680.312,2844.333,2889.167,2474.000
2516.944,2458.733,2688.025,2573.900,2679.400,2534.062,2589.100,2696.625,2831.167,2878.750,2468.133
2523.611,2446.267,2689.525,2578.350,2664.133,2536.438,2574.200,2688.250,2837.167,2890.833,2463.933
2530.722,2442.767,2693.900,2586.600,2660.800,2510.750,2589.850,2698.625,2856.917,2840.083,2490.667
2546.444,2436.267,2692.200,2564.750,2660.333,2511.438,2598.400,2695.938,2797.583,2873.667,2475.867
2516.167,2450.033,2682.750,2565.300,2660.467,2542.000,2587.650,2689.625,2841.333,2884.667,2464.600
2507.778,2433.067,2699.775,2571.550,2669.733,2521.250,2587.600,2693.750,2844.250,2886.750,2477.600
2540.056,2443.200,2681.000,2571.450,2651.067,2530.938,2595.450,2687.750,2816.167,2887.833,2481.533
2532.444,2461.433,2687.525,2582.300,2655.533,2545.125,2603.750,2706.312,2848.417,2880.667,2480.667
2528.000,2423.900,2693.725,2577.100,2646.400,2511.312,2574.250,2686.562,2852.667,2892.333,2467.800
2517.833,2446.933,2680.350,2562.550,2655.133,2546.312,2577.500,2692.438,2809.333,2865.417,2471.200
2535.000,2452.767,2687.875,2562.350,2639.333,2519.062,2567.350,2684.812,2859.250,2872.667,2491.800
2541.111,2463.933,2671.900,2573.150,2677.067,2538.000,2579.350,2708.500,2841.583,2850.333,2474.200
2523.111,2446.367,2699.200,2552.600,2670.133,2536.250,2597.250,2739.500,2844.583,2878.500,2457.933
2538.056,2460.400,2679.650,2568.450,2678.800,2547.000,2587.750,2688.938,2814.250,2875.917,2484.867
2508.056,2431.600,2690.875,2562.350,2663.400,2526.750,2597.550,2710.125,2830.500,2854.917,2485.933
2527.389,2454.400,2691.825,2552.700,2669.933,2544.000,2607.450,2683.875,2829.417,2863.167,2463.933
2527.389,2437.633,2695.150,2571.950,2656.667,2531.125,2586.500,2695.938,2817.500,2877.250,2502.400
2535.167,2463.167,2703.525,2569.750,2656.133,2516.562,2593.600,2694.688,2801.833,2890.833,2471.000
2505.167,2442.700,2684.250,2567.700,2663.667,2532.125,2588.950,2726.188,2817.833,2878.917,2469.667
2534.833,2455.867,2679.650,2588.850,2665.733,2509.688,2584.050,2678.625,2817.333,2847.333,2480.600
2506.833,2438.567,2690.000,2573.300,2674.133,2540.312,2578.500,2679.625,2856.667,2864.500,2493.267
2545.500,2441.500,2685.925,2578.700,2694.400,2517.500,2610.000,2704.750,2859.333,2866.833,2477.867
2531.500,2446.533,2691.500,2578.950,2663.267,2542.562,2583.250,2687.562,2835.667,2872.250,2468.933
2529.444,2437.433,2682.050,2565.100,2667.467,2525.062,2610.450,2657.812,2799.000,2891.167,2457.333
2506.556,2431.700,2680.725,2569.200,2658.867,2531.938,2595.350,2685.438,2837.250,2842.000,2478.400
2519.111,2443.000,2680.075,2563.000,2658.867,2515.062,2578.700,2695.938,2802.333,2866.750,2464.200
2527.278,2451.300,2685.750,2570.750,2661.333,2525.938,2578.150,2697.375,2832.583,2826.333,2452.600
2516.944,2450.233,2685.325,2567.500,2667.400,2515.250,2581.150,2688.938,2834.083,2887.000,2490.000
2526.667,2450.000,2695.175,2562.350,2656.533,2514.812,2572.000,2685.688,2823.083,2858.167,2489.867
2519.667,2438.800,2683.150,2576.300,2657.267,2543.875,2564.450,2675.625,2801.667,2861.750,2464.467
2521.944,2446.300,2689.725,2576.350,2669.933,2531.812,2588.650,2708.438,2807.667,2883.667,2486.000
2538.278,2449.033,2698.625,2561.750,2667.000,2526.938,2593.700,2661.750,2787.500,2882.250,2445.200
2513.500,2433.967,2683.875,2585.600,2671.467,2502.125,2597.900,2680.875,2813.833,2833.750,2457.133
2505.778,2444.600,2690.475,2575.450,2671.133,2520.062,2589.250,2690.250,2801.000,2832.500,2467.067
2527.333,2453.000,2695.450,2559.100,2661.667,2529.938,2572.550,2702.625,2791.833,2846.500,2466.533
2530.167,2423.367,2677.600,2567.200,2652.933,2511.562,2589.150,2699.875,2817.667,2888.583,2467.467
2515.722,2432.833,2695.175,2576.250,2668.000,2518.812,2596.150,2698.125,2794.917,2829.000,2456.267
2508.611,2440.167,2682.400,2579.350,2679.267,2517.062,2587.650,2692.000,2798.250,2873.083,2453.933
2520.111,2433.567,2681.425,2556.650,2669.267,2527.750,2575.250,2689.500,2807.417,2880.000,2474.267
2520.500,2430.633,2676.125,2576.450,2652.133,2532.750,2583.350,2684.062,2805.250,2842.333,2459.533
2522.944,2434.233,2682.775,2573.800,2671.533,2523.625,2561.700,2704.750,2784.083,2868.667,2488.800
2514.167,2445.633,2688.325,2568.200,2654.800,2510.375,2577.450,2684.375,2780.417,2853.333,2461.067
2532.444,2435.700,2683.450,2571.450,2661.067,2528.500,2564.350,2679.375,2798.750,2846.833,2463.200
2516.444,2432.233,2684.850,2560.950,2663.067,2521.438,2572.600,2646.000,2818.833,2843.583,2493.400
2515.944,2442.467,2689.350,2552.800,2684.067,2519.000,2596.750,2666.625,2810.833,2842.500,2463.667
2517.000,2447.300,2665.575,2555.450,2667.000,2514.688,2571.800,2693.250,2785.750,2849.000,2467.400
2525.000,2443.433,2684.725,2573.700,2673.867,2507.938,2570.600,2684.562,2803.083,2843.083,2489.533
2538.222,2428.367,2678.625,2569.150,2653.733,2521.750,2589.300,2695.188,2780.167,2861.667,2471.467
2529.889,2447.133,2691.625,2586.550,2665.467,2533.312,2562.900,2692.625,2811.500,2857.250,2471.067
2521.056,2445.667,2677.950,2562.150,2653.733,2531.062,2570.900,2680.562,2778.833,2854.333,2463.333
2510.778,2437.600,2670.250,2556.650,2664.933,2525.312,2578.950,2674.188,2799.000,2826.083,2456.400
2514.778,2435.333,2676.025,2581.850,2675.200,2533.188,2565.200,2677.375,2787.000,2850.417,2444.600
2526.722,2425.800,2689.975,2556.650,2667.067,2527.438,2577.450,2657.562,2795.750,2844.083,2451.867
2522.833,2433.200,2684.950,2564.850,2678.200,2515.875,2584.150,2674.938,2811.083,2861.083,2459.400
2517.333,2447.500,2690.375,2561.350,2660.667,2501.625,2564.000,2686.188,2789.333,2839.583,2467.400
2522.389,2445.967,2673.700,2598.900,2675.267,2541.750,2576.350,2673.812,2824.000,2833.417,2460.000
2518.222,2461.433,2686.650,2561.450,2673.933,2531.688,2581.600,2681.812,2819.833,2845.500,2480.400
2537.111,2433.000,2685.050,2580.800,2629.133,2510.312,2547.000,2677.312,2787.750,2856.833,2454.267
2537.944,2435.800,2683.450,2587.000,2675.267,2514.312,2562.550,2689.000,2816.750,2860.000,2460.800
2524.944,2444.967,2690.850,2566.000,2670.533,2513.188,2569.400,2676.750,2786.333,2854.500,2449.533
2544.389,2446.733,2689.800,2580.900,2686.000,2530.562,2586.500,2690.875,2813.167,2848.083,2429.467
2523.667,2450.967,2688.400,2574.300,2666.133,2514.125,2563.550,2688.438,2823.417,2851.583,2467.067
2525.333,2444.067,2684.900,2585.750,2689.733,2514.375,2584.350,2675.750,2801.833,2863.500,2448.267
2531.556,2421.467,2670.450,2547.450,2659.800,2494.688,2565.650,2681.125,2785.333,2832.833,2444.333
2514.056,2446.033,2680.025,2556.700,2660.800,2522.938,2555.500,2674.000,2754.833,2829.917,2462.800
2522.278,2438.033,2677.200,2597.050,2662.933,2514.188,2582.550,2682.562,2805.750,2818.750,2445.533
2536.556,2452.233,2677.400,2576.750,2670.600,2529.375,2572.200,2714.000,2817.750,2850.917,2431.467
2524.333,2436.933,2682.200,2577.400,2643.733,2500.875,2549.050,2672.500,2792.167,2855.333,2478.333
2528.667,2436.800,2678.075,2581.300,2655.867,2526.375,2578.100,2665.062,2821.250,2830.333,2455.467
2537.000,2447.700,2667.825,2569.150,2676.333,2533.750,2594.200,2668.062,2796.000,2840.583,2454.400
2524.111,2439.500,2668.875,2576.750,2663.800,2509.688,2568.950,2659.750,2815.000,2815.417,2446.200
2523.556,2431.833,2685.900,2561.000,2670.200,2511.875,2584.250,2665.062,2794.583,2812.417,2440.467
2528.111,2429.200,2678.200,2566.200,2653.333,2512.750,2583.700,2676.188,2794.417,2833.000,2441.800
2517.944,2431.333,2671.100,2561.350,2656.667,2498.125,2568.900,2679.438,2792.167,2806.333,2450.733
2524.611,2442.467,2684.575,2581.850,2671.133,2507.438,2582.800,2686.500,2804.250,2835.167,2466.133
2525.389,2438.467,2662.400,2563.500,2650.933,2533.875,2579.750,2673.812,2780.333,2834.667,2449.000
2521.389,2435.600,2666.025,2581.950,2670.733,2524.562,2563.550,2688.000,2805.167,2806.750,2461.267
2524.667,2434.800,2671.800,2593.750,2679.867,2521.688,2570.800,2647.000,2803.583,2827.000,2442.933
2518.500,2450.000,2668.525,2561.850,2651.533,2534.375,2567.200,2688.688,2804.417,2837.750,2436.800
2529.556,2450.933,2681.550,2561.900,2658.800,2511.062,2562.700,2682.625,2768.833,2830.333,2456.933
2528.556,2440.033,2669.225,2570.150,2669.000,2533.250,2578.350,2676.250,2813.750,2825.833,2474.867
2525.833,2449.667,2664.825,2565.200,2666.267,2509.438,2564.800,2672.562,2795.000,2813.917,2463.867
2520.222,2446.200,2668.250,2582.850,2659.733,2491.500,2581.650,2661.750,2826.250,2816.833,2466.267
2528.444,2443.700,2680.725,2578.350,2655.333,2518.438,2559.450,2655.812,2773.667,2831.167,2460.533
2521.611,2442.933,2662.000,2583.950,2658.800,2531.500,2546.600,2688.312,2794.583,2807.667,2464.000
2529.278,2444.367,2663.925,2566.550,2660.400,2513.750,2551.900,2671.125,2796.583,2793.833,2462.200
2528.722,2453.667,2678.675,2575.650,2634.467,2508.875,2585.200,2669.500,2823.500,2789.833,2459.333
2531.722,2444.700,2661.750,2566.300,2648.600,2522.562,2575.850,2671.125,2828.500,2791.833,2448.733
2523.167,2440.867,2657.625,2573.650,2649.467,2515.500,2567.200,2687.688,2812.917,2797.500,2460.267
2520.222,2443.900,2670.525,2581.550,2682.600,2511.000,2565.900,2653.750,2790.917,2804.250,2448.000
2529.667,2442.600,2658.275,2560.150,2642.667,2521.250,2577.350,2677.312,2819.000,2799.917,2458.933
2524.111,2444.233,2665.100,2573.800,2677.733,2530.375,2570.650,2663.625,2812.833,2810.750,2434.200
2525.833,2446.600,2662.325,2579.200,2661.400,2518.875,2571.400,2655.625,2793.250,2813.917,2437.000
2522.778,2441.833,2670.850,2564.600,2681.000,2515.125,2531.850,2667.125,2821.833,2814.583,2461.867
2540.333,2433.867,2665.700,2574.350,2657.000,2500.188,2551.800,2667.562,2786.417,2798.167,2442.400
2514.111,2434.967,2661.225,2584.900,2666.400,2511.500,2578.650,2647.438,2803.917,2797.500,2466.400
2510.611,2440.333,2667.100,2573.200,2671.067,2503.562,2557.950,2649.312,2818.500,2790.167,2443.533
2514.500,2440.633,2663.775,2559.900,2620.000,2513.062,2560.700,2683.750,2794.167,2803.500,2458.867
2523.000,2447.433,2655.350,2578.450,2673.133,2525.438,2556.600,2689.312,2790.583,2814.250,2451.533
2515.500,2438.867,2664.950,2540.950,2649.733,2508.625,2554.750,2650.750,2803.500,2795.583,2445.667
2515.444,2439.833,2676.250,2591.300,2662.133,2506.250,2551.250,2680.562,2825.917,2818.333,2451.600
2518.778,2437.600,2645.825,2573.700,2656.133,2502.062,2578.350,2667.938,2794.083,2810.750,2463.400
2547.500,2432.900,2675.375,2569.600,2655.800,2528.188,2569.050,2650.625,2797.583,2783.750,2474.467
2508.944,2436.000,2667.025,2561.850,2664.333,2514.688,2554.900,2661.750,2777.417,2801.333,2431.600
2528.500,2441.700,2653.200,2591.400,2654.333,2518.875,2573.900,2657.375,2788.333,2794.167,2451.200
2514.167,2445.200,2660.850,2564.200,2661.267,2504.562,2560.600,2650.375,2823.917,2809.833,2447.000
2510.444,2430.400,2660.750,2569.150,2650.267,2506.125,2559.900,2681.188,2768.583,2794.667,2441.400
2519.444,2437.567,2668.050,2560.550,2676.333,2524.312,2562.050,2647.750,2802.500,2775.750,2439.733
2515.944,2443.267,2656.075,2573.900,2631.467,2514.000,2573.300,2657.688,2801.250,2808.000,2456.600
2540.778,2448.867,2668.700,2570.050,2662.867,2521.812,2551.150,2655.812,2782.417,2804.417,2460.333
2528.278,2439.367,2654.550,2569.850,2655.400,2508.062,2552.350,2650.625,2812.333,2796.000,2433.667
2514.111,2442.467,2673.275,2583.350,2646.867,2507.250,2559.350,2696.812,2807.167,2792.667,2460.467
2517.167,2436.933,2662.800,2576.800,2673.067,2509.500,2547.900,2652.750,2814.667,2812.167,2449.667
2506.611,2453.067,2665.575,2578.600,2660.533,2520.500,2555.700,2656.438,2794.500,2793.583,2484.600
2501.000,2429.533,2657.000,2573.200,2640.333,2515.562,2550.800,2648.938,2811.500,2766.500,2450.467
2518.389,2444.367,2662.225,2558.250,2648.600,2515.062,2552.950,2652.750,2812.333,2779.500,2454.533
2512.167,2444.700,2667.325,2575.850,2658.800,2494.312,2556.250,2655.500,2810.333,2788.833,2437.467
2518.222,2443.500,2674.300,2579.200,2683.267,2515.812,2551.050,2653.188,2799.917,2766.000,2455.267
2507.667,2446.133,2639.975,2564.350,2648.600,2511.438,2570.450,2649.125,2781.917,2772.167,2441.400
2513.833,2453.000,2650.825,2586.200,2659.667,2501.500,2557.850,2653.500,2798.500,2768.500,2448.667
2507.722,2435.433,2655.975,2575.150,2655.267,2503.500,2563.900,2651.812,2783.000,2798.000,2439.867
2528.722,2445.533,2652.650,2570.050,2627.467,2504.875,2534.200,2663.500,2780.917,2810.083,2456.333
2501.833,2437.767,2655.600,2576.800,2644.200,2501.875,2548.600,2660.875,2779.750,2797.333,2437.933
2514.389,2423.533,2663.825,2571.300,2649.667,2516.375,2558.400,2643.812,2780.417,2778.250,2443.933
2521.611,2428.633,2668.425,2570.050,2678.800,2520.062,2537.450,2665.000,2789.083,2775.917,2447.133
2512.444,2451.100,2652.425,2560.950,2646.067,2500.938,2545.650,2645.688,2778.917,2735.750,2449.800
2514.889,2442.400,2646.675,2558.400,2639.133,2504.500,2558.750,2645.562,2768.333,2780.500,2451.267
2524.500,2439.233,2664.800,2573.700,2641.667,2510.375,2526.950,2643.875,2786.667,2789.500,2453.533
2507.000,2440.700,2669.600,2557.650,2642.800,2528.688,2555.350,2666.812,2788.417,2775.750,2459.067
2507.444,2449.700,2664.825,2584.700,2663.133,2519.375,2549.100,2635.000,2764.833,2790.833,2439.800
2516.722,2424.500,2661.800,2573.900,2636.467,2511.625,2550.800,2643.000,2752.417,2756.417,2447.467
2512.500,2438.033,2647.450,2596.200,2651.733,2494.875,2562.750,2634.812,2759.583,2775.833,2454.067
2511.556,2442.600,2660.325,2580.950,2650.533,2502.250,2565.950,2648.625,2771.917,2774.500,2459.667
2510.667,2448.167,2670.525,2567.650,2636.733,2508.688,2545.300,2638.750,2759.333,2785.833,2441.667
2517.056,2440.033,2665.725,2566.250,2645.533,2511.500,2556.200,2637.000,2770.417,2780.333,2434.333
2514.333,2445.500,2660.425,2584.050,2646.733,2537.500,2549.750,2629.312,2766.583,2770.667,2435.800
2546.389,2451.900,2641.525,2571.750,2642.133,2507.250,2560.500,2666.938,2772.583,2774.333,2468.067
2509.833,2435.967,2654.325,2572.600,2670.533,2494.938,2541.850,2646.062,2741.750,2773.500,2444.400
2501.778,2445.233,2654.525,2571.400,2642.067,2516.812,2548.850,2636.312,2771.167,2778.083,2451.667
2531.333,2428.500,2659.400,2562.300,2643.267,2504.438,2552.950,2637.688,2753.667,2761.333,2438.667
2516.389,2431.200,2649.025,2580.300,2639.800,2509.125,2556.200,2669.000,2752.167,2798.000,2442.267
2529.500,2429.900,2658.725,2578.950,2621.000,2501.688,2558.650,2624.750,2736.250,2788.417,2440.933
2524.056,2423.200,2649.250,2577.800,2646.000,2512.562,2539.350,2659.188,2747.917,2775.750,2439.200
2504.556,2448.800,2651.025,2576.850,2640.133,2496.812,2554.050,2627.625,2735.167,2786.250,2453.733
2517.389,2431.433,2659.275,2560.400,2643.533,2495.375,2549.750,2645.125,2751.250,2768.833,2438.267
2521.778,2431.633,2650.600,2565.050,2674.400,2515.125,2546.000,2622.250,2764.833,2769.500,2449.333
2521.444,2443.667,2649.150,2560.000,2621.400,2515.375,2557.150,2630.062,2767.083,2791.333,2437.933
2506.667,2432.667,2663.525,2570.750,2652.067,2511.375,2557.500,2670.438,2744.333,2782.583,2445.800
2519.556,2428.867,2656.325,2571.700,2622.067,2537.562,2539.350,2628.562,2758.583,2779.333,2444.467
2519.444,2449.433,2644.125,2567.200,2639.400,2493.312,2559.250,2651.250,2776.333,2747.750,2436.133
2497.000,2419.800,2654.575,2563.150,2684.067,2502.688,2540.800,2632.188,2745.500,2782.167,2447.467
2509.833,2428.033,2654.600,2570.500,2640.467,2496.688,2559.300,2651.438,2741.833,2755.000,2448.667
2523.944,2438.233,2665.950,2568.450,2632.200,2497.812,2541.250,2661.625,2749.500,2757.750,2443.867
2515.611,2434.933,2654.475,2577.800,2622.200,2514.000,2557.000,2643.562,2741.667,2796.083,2440.733
2512.389,2440.900,2647.525,2583.100,2671.267,2497.875,2554.850,2617.875,2738.833,2755.250,2454.600
2524.556,2447.233,2653.450,2579.900,2646.467,2505.750,2549.600,2664.750,2749.917,2750.750,2434.933
2508.556,2431.233,2653.075,2549.800,2627.267,2503.312,2572.900,2648.250,2733.167,2793.083,2437.533
2517.333,2430.167,2655.150,2569.950,2641.667,2497.312,2558.350,2618.625,2739.583,2783.000,2462.733
2504.778,2445.667,2652.300,2561.100,2646.067,2516.938,2549.700,2640.812,2716.833,2766.833,2442.000
2513.500,2438.167,2655.775,2583.750,2668.667,2500.000,2544.650,2630.125,2769.917,2775.083,2450.267
2511.333,2430.533,2650.875,2566.950,2665.467,2511.062,2545.600,2642.125,2727.000,2775.917,2453.200
2509.278,2430.100,2652.250,2580.850,2641.667,2491.875,2549.050,2648.562,2725.667,2789.833,2451.600
2518.389,2444.733,2660.825,2569.100,2635.267,2497.625,2541.250,2645.188,2717.917,2736.000,2463.400
2526.722,2450.700,2633.450,2568.100,2646.867,2521.562,2530.100,2642.562,2733.583,2765.083,2440.200
2521.056,2457.533,2659.300,2576.600,2637.067,2489.375,2530.450,2632.750,2742.417,2795.000,2437.000
2534.111,2433.833,2642.350,2560.450,2655.667,2484.625,2528.950,2610.375,2712.167,2767.083,2414.533
2518.000,2442.633,2642.175,2555.650,2645.333,2511.312,2553.150,2633.188,2732.583,2765.417,2438.533
2504.000,2437.500,2646.325,2584.700,2649.267,2512.750,2548.600,2640.125,2735.250,2785.417,2442.133
2523.444,2429.267,2662.550,2568.950,2636.667,2495.312,2540.950,2634.000,2739.917,2781.250,2448.867
2514.611,2428.867,2656.700,2570.700,2626.067,2498.750,2544.750,2636.500,2724.083,2781.750,2427.067
2516.444,2447.600,2669.225,2580.300,2635.733,2507.000,2535.600,2625.250,2739.083,2767.917,2443.933
2530.500,2437.967,2645.400,2568.150,2640.867,2506.000,2547.950,2641.312,2738.500,2779.917,2418.533
2531.000,2419.433,2648.325,2564.850,2631.933,2496.938,2536.800,2626.312,2739.083,2775.667,2455.733
2523.944,2453.900,2648.975,2589.600,2644.400,2524.000,2536.900,2656.438,2738.417,2781.417,2442.733
2510.056,2428.600,2660.225,2573.800,2642.533,2519.188,2553.750,2631.688,2746.667,2766.250,2455.000
2516.889,2454.467,2645.450,2580.100,2652.733,2526.250,2525.150,2625.438,2743.667,2782.500,2450.933
2503.333,2440.267,2655.075,2575.100,2655.733,2518.625,2546.300,2613.062,2718.167,2786.833,2449.467
2520.389,2437.367,2654.450,2577.800,2641.667,2499.500,2543.300,2634.562,2735.500,2761.083,2448.067
2506.611,2423.967,2651.875,2585.950,2648.800,2502.562,2537.500,2638.125,2739.667,2774.750,2432.867
2518.778,2440.000,2656.750,2553.200,2655.067,2503.250,2542.750,2626.938,2737.583,2787.000,2441.200
2507.111,2428.800,2637.700,2578.100,2654.800,2507.375,2547.850,2637.562,2765.833,2765.083,2448.800
2522.611,2448.300,2656.775,2581.500,2631.733,2517.062,2534.250,2651.375,2727.000,2746.750,2453.400
2502.556,2438.933,2655.175,2577.750,2646.133,2481.688,2547.600,2623.312,2733.917,2762.917,2453.067
2492.111,2438.000,2653.275,2579.650,2635.867,2507.438,2546.650,2628.125,2734.667,2757.500,2437.867
2537.778,2433.567,2641.675,2582.950,2647.733,2482.000,2553.700,2644.812,2723.833,2742.250,2440.867
2509.056,2413.867,2648.675,2602.100,2635.400,2498.938,2530.700,2633.062,2716.500,2696.333,2433.667
2507.833,2427.600,2653.025,2576.150,2640.400,2488.688,2544.100,2644.562,2701.500,2745.917,2454.533
2504.500,2439.100,2652.600,2578.350,2630.467,2492.500,2543.450,2621.500,2726.667,2726.583,2440.000
2511.611,2431.900,2658.425,2575.650,2644.400,2493.250,2549.700,2619.188,2713.167,2756.250,2432.800
2515.333,2428.767,2632.700,2564.550,2644.400,2499.375,2543.800,2632.062,2724.333,2745.500,2450.867
2484.944,2433.933,2654.500,2593.500,2630.800,2483.125,2528.700,2627.625,2737.333,2769.333,2434.333
2503.000,2426.300,2638.600,2564.550,2636.067,2480.812,2523.000,2642.500,2690.250,2702.250,2441.933
2480.056,2446.500,2660.125,2574.150,2652.000,2480.125,2525.250,2645.500,2723.917,2746.250,2432.400
2507.000,2434.267,2667.850,2584.250,2643.933,2491.750,2552.000,2620.000,2713.417,2696.083,2448.467
2510.833,2430.033,2648.475,2558.700,2640.533,2530.500,2523.200,2631.062,2704.500,2718.083,2441.733
2501.778,2426.233,2629.875,2555.150,2622.400,2484.625,2540.100,2619.500,2713.333,2717.250,2422.733
2485.500,2431.967,2660.325,2560.800,2653.000,2488.250,2541.950,2626.125,2697.167,2693.917,2461.333
2510.111,2443.800,2647.675,2558.850,2632.533,2494.250,2524.300,2601.938,2695.417,2730.250,2450.133
2488.778,2436.567,2662.600,2567.100,2648.000,2515.500,2547.650,2632.312,2714.500,2718.917,2451.133
2514.556,2447.533,2637.525,2577.750,2642.933,2507.375,2536.850,2643.125,2732.167,2721.000,2444.267
2496.000,2441.167,2641.675,2549.400,2650.400,2500.250,2545.450,2642.688,2686.000,2714.583,2451.200
2514.278,2443.033,2643.125,2584.600,2638.067,2501.625,2539.200,2645.125,2720.500,2738.333,2444.867
2510.778,2439.467,2646.650,2563.100,2637.000,2513.938,2543.550,2614.312,2699.417,2764.167,2447.867
2501.444,2437.400,2652.475,2570.500,2641.533,2481.062,2548.050,2646.250,2708.500,2735.500,2441.000
2503.556,2439.067,2655.850,2557.700,2649.733,2492.188,2542.150,2629.000,2708.667,2702.833,2465.400
2503.389,2447.600,2651.100,2547.200,2616.400,2507.625,2533.800,2637.938,2674.083,2697.167,2428.467
2503.889,2428.733,2654.675,2572.500,2647.533,2498.750,2548.550,2623.688,2706.333,2737.583,2451.333
2498.333,2420.600,2655.775,2569.500,2625.133,2501.688,2563.550,2632.938,2676.250,2723.583,2461.000
2493.500,2441.533,2657.875,2571.500,2628.600,2486.375,2526.200,2612.938,2699.167,2752.917,2454.600
2504.778,2449.833,2657.025,2560.250,2648.200,2488.125,2532.400,2636.250,2700.833,2728.833,2442.200
2519.222,2455.600,2655.600,2565.550,2643.867,2536.188,2514.550,2622.125,2692.833,2746.750,2449.400
2499.611,2446.967,2647.800,2564.150,2629.333,2482.312,2534.150,2604.500,2709.833,2734.583,2460.800
2506.722,2438.367,2654.975,2573.150,2611.400,2495.562,2539.600,2628.750,2680.750,2713.250,2416.133
2498.833,2439.333,2653.275,2575.200,2637.600,2493.938,2538.850,2616.500,2725.083,2732.417,2428.867
2494.944,2429.233,2645.475,2563.500,2638.067,2499.188,2538.700,2621.438,2670.500,2729.000,2444.933
2507.333,2438.767,2658.700,2571.850,2649.467,2493.500,2520.400,2634.625,2716.833,2764.250,2437.000
2508.167,2435.033,2650.750,2563.450,2621.667,2482.062,2546.700,2635.500,2717.333,2703.583,2433.467
2483.111,2446.533,2646.400,2564.800,2626.200,2483.562,2543.850,2628.125,2693.500,2707.750,2442.467
2484.889,2438.800,2650.125,2542.350,2635.800,2494.312,2542.750,2653.188,2687.333,2736.917,2440.933
2509.222,2433.700,2660.025,2544.800,2635.333,2494.000,2530.850,2625.688,2723.833,2737.917,2434.533
2493.000,2444.100,2660.775,2564.200,2658.000,2492.125,2536.550,2620.000,2745.583,2688.500,2422.267
2507.611,2445.333,2653.550,2580.250,2623.200,2492.625,2519.300,2617.375,2737.083,2687.750,2435.667
2502.333,2447.867,2660.325,2562.100,2636.333,2494.438,2519.900,2638.562,2742.000,2723.500,2440.533
2491.167,2430.867,2661.275,2561.050,2615.867,2501.188,2555.250,2631.688,2704.333,2719.583,2433.467
2501.056,2440.367,2638.625,2568.800,2618.400,2511.625,2540.750,2617.625,2712.917,2704.000,2424.133
2496.056,2454.767,2658.475,2570.550,2625.400,2492.000,2526.700,2603.438,2737.917,2727.083,2432.267
2489.889,2452.800,2650.725,2539.050,2629.533,2472.875,2521.000,2610.938,2710.750,2740.250,2433.333
2495.889,2451.200,2651.525,2567.000,2631.933,2469.500,2522.250,2633.000,2705.083,2708.500,2427.333
2493.000,2434.633,2638.675,2562.100,2648.067,2493.062,2521.250,2621.250,2729.500,2707.417,2455.533
2514.111,2441.133,2650.400,2568.200,2617.067,2474.125,2513.850,2623.812,2720.417,2716.583,2431.133
2512.722,2455.200,2643.325,2557.500,2634.600,2478.875,2519.350,2628.438,2686.250,2712.583,2443.800
2497.111,2443.133,2651.400,2572.600,2637.400,2508.125,2525.750,2637.562,2728.167,2715.500,2431.000
2499.389,2440.467,2650.050,2564.000,2624.800,2501.188,2557.650,2617.312,2725.167,2704.083,2443.533
2489.333,2431.167,2644.000,2575.350,2640.333,2472.438,2530.800,2622.750,2714.000,2707.500,2440.533
2497.944,2449.767,2646.150,2556.200,2643.133,2513.562,2523.300,2637.000,2713.000,2720.667,2455.267
2488.444,2443.400,2644.200,2564.200,2640.800,2490.375,2536.250,2618.500,2688.583,2692.083,2441.600
2497.333,2445.033,2659.900,2556.550,2626.733,2492.438,2539.950,2624.625,2686.833,2704.667,2435.000
2480.667,2458.167,2649.675,2556.800,2640.733,2497.688,2545.700,2619.875,2714.500,2724.250,2426.267
2510.833,2438.033,2648.225,2550.300,2640.267,2515.000,2521.650,2605.750,2663.833,2704.417,2425.600
2487.889,2443.400,2662.525,2556.500,2614.933,2489.562,2524.550,2611.812,2698.500,2718.917,2430.400
2500.222,2425.667,2655.000,2575.100,2621.400,2485.750,2533.350,2624.625,2705.167,2709.500,2438.067
2487.889,2448.300,2657.575,2567.750,2637.200,2497.500,2532.150,2629.625,2711.917,2723.833,2410.133
2500.556,2445.700,2663.900,2561.200,2632.467,2493.688,2529.100,2625.375,2714.750,2735.750,2415.200
2493.000,2437.767,2639.275,2558.200,2636.200,2498.812,2532.250,2631.500,2700.583,2728.583,2423.533
2508.167,2454.100,2644.925,2539.200,2634.400,2508.625,2505.550,2605.500,2679.250,2711.167,2433.733
2471.611,2447.767,2652.625,2561.200,2623.733,2486.688,2527.200,2613.188,2693.500,2743.667,2415.000
2491.222,2430.700,2660.700,2545.300,2627.667,2510.188,2522.450,2609.938,2716.500,2725.250,2438.400
2501.111,2453.067,2647.325,2544.650,2614.000,2492.062,2537.850,2624.875,2693.083,2739.000,2411.467
2512.889,2446.233,2644.750,2548.550,2646.133,2470.875,2530.500,2605.500,2720.000,2699.917,2437.733
2508.944,2439.733,2646.425,2546.750,2618.600,2491.188,2520.000,2596.625,2724.500,2754.667,2395.067
2501.444,2451.567,2655.850,2530.000,2631.800,2489.812,2527.000,2615.438,2709.417,2733.750,2435.867
2504.444,2439.633,2649.925,2536.900,2605.267,2505.375,2532.100,2597.188,2707.167,2714.583,2422.800
2503.000,2439.433,2653.775,2542.850,2619.133,2494.812,2532.250,2619.500,2732.667,2725.667,2442.000
2483.944,2428.000,2649.175,2532.900,2608.467,2521.312,2518.050,2627.688,2709.500,2733.750,2418.800
2472.944,2452.200,2634.850,2550.650,2637.533,2478.875,2528.700,2608.875,2708.083,2704.667,2432.667
2503.111,2436.000,2651.975,2561.350,2625.533,2501.125,2533.950,2630.500,2687.167,2719.333,2417.933
2490.667,2430.800,2647.975,2569.350,2655.333,2505.125,2540.600,2621.688,2725.917,2716.917,2436.333
2503.389,2425.933,2648.350,2555.250,2625.000,2509.625,2505.700,2599.375,2709.917,2729.833,2429.933
2493.611,2440.267,2648.500,2545.950,2606.200,2482.062,2523.800,2609.750,2710.917,2697.250,2449.467
2492.778,2443.700,2640.275,2556.250,2635.533,2498.312,2515.900,2608.500,2722.917,2727.750,2419.600
2470.889,2454.433,2639.050,2566.950,2628.533,2486.875,2529.150,2606.938,2732.417,2704.333,2416.667
2473.944,2442.233,2644.200,2563.850,2634.733,2495.312,2526.150,2629.125,2689.167,2719.000,2434.800
2498.278,2438.700,2640.575,2538.550,2618.667,2495.312,2531.450,2619.875,2717.833,2718.167,2422.200
2484.556,2432.967,2655.050,2558.250,2627.600,2506.125,2527.400,2596.500,2692.083,2691.583,2435.667
2503.056,2426.800,2656.525,2552.200,2626.333,2491.188,2539.650,2596.125,2690.833,2721.333,2400.600
2485.778,2433.600,2645.225,2537.050,2627.400,2486.250,2518.500,2606.562,2746.000,2712.167,2426.467
2483.222,2439.933,2641.675,2529.900,2617.133,2495.188,2530.050,2596.062,2732.417,2694.000,2442.467
2486.333,2452.233,2645.500,2540.500,2625.867,2493.500,2527.100,2629.500,2723.083,2708.000,2418.333
2506.167,2443.167,2630.025,2531.950,2616.267,2484.375,2530.000,2611.938,2730.250,2719.750,2426.533
2498.611,2434.567,2641.875,2554.600,2604.667,2483.812,2530.400,2618.875,2702.417,2699.167,2443.133
2504.389,2436.033,2630.425,2554.150,2640.000,2495.625,2535.450,2609.688,2710.167,2692.750,2418.467
2500.722,2443.133,2646.425,2535.950,2605.667,2494.438,2529.000,2612.500,2720.833,2711.083,2419.800
2511.500,2437.967,2638.500,2556.650,2616.200,2474.500,2527.100,2602.312,2728.250,2686.833,2454.267
2506.667,2440.933,2647.150,2557.700,2624.400,2496.375,2523.950,2616.500,2699.500,2713.417,2427.667
2508.389,2439.267,2638.500,2564.100,2615.733,2499.750,2528.850,2593.125,2712.000,2695.000,2436.533
2496.278,2431.100,2661.425,2568.350,2622.667,2509.750,2512.900,2609.375,2694.500,2685.750,2446.533
2491.444,2436.800,2645.275,2567.100,2638.733,2500.625,2532.150,2613.250,2707.833,2735.417,2435.600
2506.611,2447.900,2638.700,2551.100,2629.333,2489.312,2531.350,2611.312,2713.750,2683.333,2457.800
2491.389,2439.333,2640.475,2544.600,2616.933,2463.250,2517.800,2615.438,2708.917,2695.000,2423.800
2499.778,2458.600,2666.650,2532.250,2619.333,2485.688,2541.100,2596.750,2700.833,2698.500,2436.933
2505.944,2447.667,2645.275,2544.050,2629.200,2472.562,2520.350,2624.938,2702.917,2694.417,2420.200
2486.778,2450.833,2638.600,2544.250,2613.733,2488.375,2517.650,2611.688,2701.833,2723.167,2421.933
2490.500,2422.433,2639.875,2556.150,2615.333,2500.562,2525.450,2609.188,2681.667,2710.500,2426.000
2498.611,2452.600,2642.400,2545.100,2597.267,2498.312,2526.550,2619.625,2711.500,2684.417,2413.067
2463.778,2437.100,2632.500,2555.250,2606.067,2520.625,2523.150,2589.125,2713.583,2700.583,2437.000
2479.333,2455.800,2619.725,2548.600,2629.867,2490.625,2529.300,2591.688,2714.833,2688.833,2433.933
2503.056,2431.333,2639.875,2532.450,2625.000,2505.875,2521.350,2616.312,2717.583,2720.333,2398.533
2504.944,2437.500,2630.175,2542.400,2625.267,2489.812,2511.100,2611.188,2699.917,2706.250,2433.067
2492.556,2438.533,2640.300,2532.450,2607.667,2492.375,2520.600,2589.438,2697.250,2718.417,2432.000
2501.667,2431.767,2641.950,2535.800,2620.533,2499.188,2509.750,2612.938,2708.833,2728.083,2423.200
2491.444,2442.167,2645.725,2555.500,2614.733,2511.000,2526.050,2589.625,2701.833,2686.417,2452.667
2499.722,2437.767,2644.600,2540.050,2625.400,2503.438,2513.400,2601.000,2683.000,2709.750,2437.067
2499.833,2443.100,2641.775,2555.750,2611.800,2494.188,2520.200,2618.438,2713.000,2677.833,2435.200
2485.167,2456.500,2642.575,2530.550,2612.267,2494.312,2528.150,2601.500,2716.000,2709.333,2449.867
2491.889,2460.800,2646.750,2539.750,2605.733,2469.500,2534.500,2603.750,2696.500,2696.167,2416.267
2488.889,2448.967,2645.200,2545.100,2620.467,2499.500,2515.650,2589.125,2696.750,2717.083,2445.400
2494.056,2448.900,2640.100,2551.250,2616.467,2471.188,2518.150,2608.312,2712.583,2692.000,2445.267
2480.833,2440.667,2657.025,2549.400,2627.200,2482.812,2512.750,2603.500,2695.083,2663.167,2426.267
2503.889,2452.033,2654.575,2542.100,2619.333,2493.938,2518.200,2576.875,2700.250,2709.583,2455.133
2496.722,2444.200,2655.050,2538.300,2617.133,2502.125,2511.750,2594.312,2690.917,2717.500,2434.000
2494.500,2431.300,2645.025,2540.900,2611.200,2483.250,2516.200,2578.562,2691.250,2695.833,2425.133
2478.389,2440.600,2647.800,2540.950,2619.733,2489.812,2542.300,2612.562,2704.500,2672.167,2417.800
2486.944,2458.467,2647.100,2555.600,2598.067,2484.938,2516.650,2599.688,2721.583,2704.667,2413.667
2491.333,2456.133,2639.100,2523.800,2577.067,2497.688,2524.600,2596.750,2716.167,2668.500,2425.067
2467.000,2440.767,2650.025,2517.200,2620.800,2488.312,2503.500,2597.750,2728.333,2688.333,2429.000
2487.833,2429.633,2634.400,2537.450,2603.533,2489.312,2511.000,2599.250,2696.167,2670.417,2417.267
2477.222,2450.600,2641.475,2546.850,2596.333,2488.562,2540.250,2583.750,2694.583,2701.417,2414.133
2486.833,2440.367,2645.325,2545.450,2611.000,2477.938,2519.000,2602.688,2677.417,2665.000,2425.200
2475.500,2426.567,2638.875,2540.950,2620.133,2480.625,2522.300,2591.375,2712.833,2699.583,2423.333
2489.611,2431.733,2641.300,2520.700,2599.333,2493.250,2519.700,2590.375,2696.250,2692.000,2415.733
2494.333,2459.333,2655.925,2539.200,2605.800,2471.688,2520.600,2591.750,2697.167,2651.000,2429.467
2477.833,2426.233,2640.350,2532.750,2620.133,2473.438,2504.900,2596.750,2698.917,2691.333,2419.800
2483.500,2447.767,2639.000,2527.450,2603.067,2504.125,2510.650,2578.562,2684.417,2679.333,2445.467
2500.667,2421.967,2642.675,2543.750,2606.133,2478.438,2531.650,2594.312,2680.333,2674.417,2417.267
2491.500,2441.000,2627.575,2523.150,2595.467,2480.625,2531.300,2593.812,2706.833,2687.500,2428.800
2489.333,2445.900,2632.175,2533.350,2600.600,2495.062,2524.850,2576.500,2698.750,2671.750,2443.733
2477.333,2441.733,2642.800,2539.250,2588.933,2476.000,2529.850,2596.062,2694.000,2686.167,2431.733
2484.000,2437.733,2646.650,2539.850,2604.867,2468.625,2533.250,2598.562,2697.167,2709.667,2424.200
2500.111,2436.200,2632.525,2525.150,2625.933,2488.062,2531.450,2580.688,2663.833,2683.417,2439.800
2480.778,2448.467,2648.600,2546.850,2609.533,2482.312,2532.600,2599.938,2719.083,2681.000,2439.000
2486.944,2440.567,2642.975,2554.950,2576.600,2483.625,2515.000,2596.875,2713.167,2704.500,2446.400
2499.444,2431.100,2639.750,2538.550,2598.467,2476.812,2524.550,2595.500,2703.583,2701.917,2417.333
2479.444,2445.533,2642.800,2537.700,2590.733,2476.938,2518.150,2595.875,2679.167,2685.500,2436.000
2483.778,2453.167,2641.125,2527.500,2606.333,2490.312,2538.950,2600.562,2697.500,2697.750,2432.333
2495.611,2441.133,2635.800,2540.350,2591.600,2475.562,2492.800,2598.938,2737.167,2686.167,2417.067
2502.111,2442.867,2645.275,2544.250,2586.867,2475.688,2524.250,2584.750,2723.167,2687.583,2414.867
2501.889,2440.100,2642.600,2538.150,2603.400,2476.000,2523.800,2585.500,2711.250,2693.083,2450.467
2486.333,2417.800,2633.500,2538.200,2607.600,2484.125,2517.100,2613.500,2706.917,2682.083,2436.333
2480.444,2434.600,2644.850,2533.000,2606.800,2498.750,2510.400,2589.812,2680.917,2667.083,2447.000
2474.611,2454.500,2637.900,2530.750,2585.267,2474.938,2523.600,2583.625,2690.750,2683.500,2431.933
2481.167,2437.333,2628.450,2547.250,2612.533,2481.125,2501.500,2605.125,2702.417,2708.917,2438.267
2485.000,2432.733,2626.650,2518.600,2615.200,2465.875,2513.800,2595.250,2688.000,2697.000,2428.600
2481.389,2424.333,2640.825,2541.600,2609.067,2477.500,2486.200,2574.875,2680.167,2697.917,2443.067
2494.833,2442.767,2628.800,2536.600,2629.800,2482.062,2518.100,2589.062,2668.000,2687.500,2423.067
2491.500,2445.867,2628.775,2526.000,2592.400,2487.125,2495.000,2604.875,2703.667,2706.333,2440.533
2505.556,2450.467,2638.875,2536.000,2583.400,2471.750,2492.600,2614.875,2702.083,2703.583,2444.933
2475.167,2445.600,2621.050,2513.650,2617.533,2456.688,2506.450,2586.625,2706.667,2689.750,2450.600
2476.667,2447.333,2629.975,2520.450,2615.067,2512.562,2518.150,2580.375,2709.583,2677.417,2423.933
2493.833,2434.533,2643.475,2517.700,2590.400,2484.750,2525.700,2590.750,2702.750,2689.083,2438.600
2474.667,2451.667,2631.575,2554.950,2625.800,2475.125,2481.850,2585.562,2688.833,2715.750,2445.867
2509.833,2443.700,2626.975,2522.850,2602.200,2506.500,2527.150,2614.312,2724.750,2691.333,2443.400
2515.389,2449.900,2649.725,2547.600,2576.800,2487.500,2495.000,2610.250,2692.833,2674.917,2461.000
2489.889,2448.900,2619.875,2527.250,2613.467,2487.750,2517.850,2615.438,2675.083,2716.833,2430.867
2483.667,2457.233,2627.400,2542.800,2607.733,2488.812,2511.900,2588.938,2705.417,2711.333,2440.267
2501.611,2458.133,2625.650,2517.200,2604.667,2484.625,2506.500,2602.812,2682.750,2705.917,2418.000
2494.000,2442.967,2627.175,2518.450,2591.933,2485.000,2503.450,2583.188,2697.250,2689.250,2443.800
2481.278,2438.933,2641.400,2543.600,2617.933,2498.812,2514.650,2582.812,2687.167,2691.917,2434.533
2492.278,2452.800,2652.000,2540.350,2598.667,2493.500,2523.650,2584.312,2714.417,2707.833,2436.467
2496.278,2446.600,2634.350,2548.550,2576.467,2494.188,2512.250,2594.750,2690.250,2691.000,2421.733
2518.111,2427.600,2626.025,2524.300,2595.067,2502.688,2505.150,2612.750,2686.333,2709.750,2451.667
2485.778,2445.833,2631.000,2534.100,2617.867,2490.125,2526.400,2587.125,2694.000,2699.000,2435.933
2480.778,2433.967,2629.050,2539.150,2607.467,2507.000,2519.500,2586.750,2679.833,2702.750,2436.533
2495.833,2439.000,2634.175,2536.850,2586.400,2470.312,2516.650,2573.938,2712.583,2689.417,2438.467
2502.944,2440.733,2627.600,2519.450,2613.800,2471.250,2513.350,2616.688,2690.000,2691.583,2429.467
2493.833,2450.667,2628.400,2533.400,2611.133,2477.125,2507.650,2588.500,2684.417,2689.750,2443.067
2497.278,2438.600,2631.100,2516.500,2600.800,2490.875,2520.950,2597.125,2693.917,2689.667,2436.800
2508.167,2437.267,2632.250,2529.200,2572.800,2487.750,2512.650,2575.562,2678.250,2714.167,2429.133
2502.167,2446.533,2628.250,2535.050,2574.600,2480.750,2514.950,2595.188,2696.833,2715.250,2448.400
2476.500,2433.100,2621.425,2531.600,2609.000,2473.875,2503.050,2570.312,2713.500,2669.833,2425.933
2477.444,2443.967,2636.600,2526.000,2597.800,2495.812,2499.850,2587.688,2669.917,2677.917,2436.000
2501.944,2447.367,2631.850,2541.300,2610.667,2474.875,2511.600,2602.500,2706.917,2679.167,2454.400
2504.833,2431.167,2626.425,2521.650,2598.333,2478.375,2510.250,2581.875,2675.333,2694.667,2440.933
2484.556,2414.800,2625.375,2536.200,2607.733,2482.250,2525.000,2595.375,2662.167,2696.667,2439.000
2493.000,2433.833,2616.100,2520.600,2607.733,2479.062,2522.700,2603.000,2696.000,2666.000,2441.400
2482.833,2436.000,2614.175,2527.950,2611.800,2498.000,2522.350,2601.125,2671.250,2707.167,2448.200
2472.667,2443.900,2633.100,2501.200,2601.133,2487.625,2509.950,2606.250,2692.500,2692.000,2449.200
2489.944,2446.967,2637.000,2535.400,2589.000,2479.125,2511.100,2589.812,2681.917,2700.500,2429.267
2490.722,2458.500,2616.925,2544.050,2628.200,2469.312,2503.700,2577.688,2701.083,2703.500,2454.067
2509.111,2438.033,2637.100,2518.050,2605.800,2480.625,2504.850,2601.062,2705.417,2698.583,2452.600
2473.222,2437.800,2636.500,2521.050,2624.067,2508.875,2501.800,2597.688,2709.583,2689.500,2437.467
2503.556,2434.633,2617.200,2524.200,2611.267,2498.562,2523.400,2603.750,2705.000,2717.333,2456.467
2488.056,2443.367,2630.200,2549.200,2609.800,2492.875,2512.150,2573.500,2668.750,2684.583,2437.800
2475.222,2448.300,2619.725,2524.350,2589.667,2481.750,2497.550,2582.000,2703.000,2715.083,2457.133
2472.222,2445.833,2628.875,2532.900,2610.133,2475.312,2498.600,2595.625,2676.417,2701.083,2447.133
2490.222,2436.433,2613.900,2533.050,2599.533,2461.438,2509.700,2584.562,2693.667,2696.167,2418.400
2493.556,2445.600,2623.550,2540.600,2617.600,2464.500,2496.950,2616.375,2695.417,2698.083,2438.067
2499.389,2452.700,2625.500,2527.350,2610.333,2477.625,2502.550,2601.938,2681.583,2700.917,2418.267
2488.889,2443.933,2622.875,2524.950,2609.733,2492.250,2506.100,2573.250,2686.833,2682.667,2440.333
2486.944,2462.333,2626.775,2510.750,2604.867,2488.250,2507.950,2594.625,2678.667,2689.750,2416.067
2473.444,2442.433,2626.225,2501.550,2599.067,2469.812,2485.500,2589.062,2667.000,2698.000,2444.067
2491.611,2438.800,2620.925,2518.050,2575.800,2482.125,2503.400,2598.188,2688.667,2706.167,2435.067
2472.667,2452.600,2623.725,2538.600,2580.133,2475.125,2489.400,2595.500,2667.333,2693.750,2442.400
2493.667,2433.867,2616.200,2537.300,2601.533,2457.312,2486.800,2560.312,2658.500,2722.250,2455.800
2498.444,2442.800,2616.825,2541.900,2592.267,2489.938,2506.000,2585.375,2668.083,2699.083,2433.800
2485.111,2448.867,2612.700,2528.100,2582.533,2487.562,2501.950,2602.500,2663.583,2682.833,2467.067
2484.389,2451.633,2609.875,2523.750,2589.600,2488.438,2502.450,2596.812,2674.333,2695.250,2469.867
2478.278,2445.267,2615.875,2526.250,2596.800,2481.812,2518.000,2585.000,2675.667,2700.500,2449.267
2466.333,2448.067,2633.350,2548.900,2610.867,2491.062,2495.400,2599.812,2691.167,2697.500,2447.133
2486.222,2436.700,2622.650,2532.750,2616.467,2487.812,2503.450,2577.750,2664.000,2699.167,2439.733
2491.222,2448.500,2631.125,2514.550,2590.667,2477.750,2519.750,2568.875,2636.750,2717.833,2479.667
2492.722,2430.067,2614.050,2530.550,2584.933,2485.812,2513.000,2563.562,2681.667,2704.417,2448.133
2509.944,2434.967,2617.225,2521.000,2609.400,2478.312,2491.450,2589.875,2679.583,2714.667,2441.067
2499.056,2443.533,2620.425,2525.800,2607.000,2467.000,2504.250,2586.500,2668.917,2691.750,2449.800
2499.944,2444.467,2618.200,2527.850,2594.267,2489.438,2490.050,2591.250,2660.583,2716.250,2444.333
2505.667,2451.500,2609.275,2531.750,2592.600,2479.875,2495.150,2594.312,2685.417,2704.000,2447.000
2498.722,2438.500,2619.200,2521.600,2588.200,2468.125,2492.550,2591.438,2670.167,2714.500,2453.467
2527.444,2449.167,2610.300,2532.950,2578.533,2471.938,2501.100,2602.875,2682.333,2721.250,2439.733
2491.556,2450.700,2610.150,2515.950,2608.067,2472.562,2489.150,2592.250,2680.333,2700.667,2467.267
2504.333,2428.500,2623.825,2526.000,2579.600,2470.625,2495.000,2589.750,2663.750,2653.083,2437.867
2474.389,2447.367,2599.150,2522.750,2601.200,2476.188,2500.600,2598.438,2656.417,2687.250,2452.800
2493.556,2433.333,2614.575,2514.400,2607.267,2471.062,2505.000,2597.000,2660.583,2685.917,2461.400
2487.944,2437.267,2619.500,2517.650,2582.733,2485.125,2486.900,2592.562,2678.750,2717.000,2466.000
2496.333,2442.267,2607.525,2526.200,2614.667,2477.250,2497.000,2570.625,2667.333,2696.917,2451.133
2495.333,2460.167,2608.325,2530.300,2599.067,2480.562,2492.600,2584.812,2648.333,2732.833,2460.400
2492.278,2448.733,2613.725,2514.850,2598.333,2461.688,2497.500,2578.500,2668.417,2711.750,2453.933
2487.389,2450.600,2605.700,2510.950,2574.733,2484.875,2506.650,2577.000,2665.500,2699.000,2445.267
2502.111,2438.967,2620.750,2509.950,2570.933,2485.688,2490.550,2590.438,2654.250,2719.333,2450.467
2504.556,2436.967,2631.250,2526.500,2594.733,2474.250,2522.450,2568.375,2639.500,2695.500,2459.000
2495.833,2436.767,2611.800,2507.250,2599.667,2460.938,2507.850,2583.375,2654.250,2690.083,2451.467
2494.889,2460.200,2623.875,2524.050,2575.467,2475.312,2497.550,2582.625,2674.083,2712.667,2458.933
2484.333,2441.933,2626.425,2514.900,2582.867,2465.750,2490.300,2570.312,2667.000,2703.083,2453.867
2482.611,2455.833,2605.650,2526.550,2604.667,2467.812,2515.850,2589.750,2681.083,2702.333,2467.067
2501.333,2452.333,2606.300,2524.200,2588.067,2475.875,2489.050,2582.688,2665.417,2711.417,2446.400
2495.389,2446.000,2593.200,2505.650,2574.400,2474.188,2496.850,2600.938,2664.917,2691.750,2470.267
2497.111,2453.500,2615.350,2503.800,2605.667,2472.875,2508.400,2586.375,2639.833,2694.417,2457.867
2497.000,2455.633,2597.250,2524.050,2574.133,2485.375,2496.300,2579.125,2657.250,2707.500,2446.200
2496.333,2451.933,2603.200,2518.450,2605.867,2465.812,2479.500,2590.688,2644.667,2711.167,2460.667
2478.389,2450.100,2603.350,2499.350,2591.067,2471.000,2500.700,2580.938,2664.250,2707.000,2472.000
2483.056,2456.633,2609.625,2524.000,2609.800,2476.812,2502.250,2589.938,2621.333,2700.500,2429.733
2486.889,2436.933,2611.025,2524.700,2595.933,2468.562,2488.000,2572.938,2633.000,2702.000,2444.400
2483.611,2433.933,2610.400,2508.250,2579.533,2469.500,2491.850,2603.500,2638.333,2699.667,2437.467
2488.611,2451.700,2606.700,2525.650,2588.933,2471.875,2507.600,2575.750,2668.083,2722.500,2459.600
2507.222,2453.733,2600.900,2528.450,2589.333,2478.125,2504.900,2569.562,2647.500,2701.083,2458.333
2494.000,2450.200,2620.900,2514.400,2593.400,2484.875,2499.550,2589.188,2646.583,2720.250,2460.400
2481.278,2438.967,2616.175,2523.050,2608.200,2474.438,2483.850,2582.500,2643.583,2719.500,2455.000
2487.167,2454.533,2593.150,2501.900,2617.600,2497.688,2498.150,2592.062,2664.833,2700.500,2454.733
2495.556,2451.733,2603.025,2513.500,2570.133,2473.750,2493.400,2579.500,2664.333,2708.833,2466.333
2482.167,2448.433,2588.875,2502.400,2587.267,2469.875,2510.300,2562.375,2656.000,2701.583,2449.200
2491.944,2454.067,2624.350,2517.500,2584.267,2474.562,2494.650,2565.375,2649.917,2704.833,2447.467
2490.056,2467.700,2599.425,2508.800,2587.333,2476.312,2493.150,2589.625,2632.917,2672.417,2453.533
2493.000,2463.333,2610.275,2484.650,2584.333,2476.625,2482.100,2567.062,2631.833,2681.833,2458.667
2452.778,2453.433,2618.050,2510.000,2584.133,2473.438,2497.350,2567.312,2655.083,2705.917,2445.267
2477.333,2444.067,2620.150,2507.350,2561.867,2485.500,2468.700,2582.438,2628.750,2686.917,2454.400
2466.833,2466.600,2611.225,2521.650,2578.200,2477.062,2494.000,2596.062,2662.333,2676.167,2442.600
2475.556,2464.033,2606.500,2526.400,2588.400,2485.250,2496.550,2567.188,2669.083,2698.833,2457.800
2483.778,2455.933,2604.650,2504.950,2593.000,2471.938,2489.800,2587.812,2635.250,2716.417,2440.933
2489.333,2454.767,2596.400,2517.150,2597.467,2483.375,2498.700,2589.500,2657.500,2713.333,2460.267
2493.056,2452.933,2618.250,2519.700,2586.333,2478.125,2488.050,2587.812,2651.583,2701.333,2427.667
2494.056,2441.533,2618.075,2510.150,2587.533,2483.625,2491.100,2591.438,2639.250,2706.750,2415.933
2486.833,2439.100,2616.900,2532.050,2590.533,2492.625,2514.050,2590.688,2636.333,2733.000,2457.133
2485.167,2450.033,2621.200,2525.000,2586.600,2500.688,2488.600,2574.562,2637.833,2704.417,2436.200
2474.778,2447.033,2603.325,2528.950,2597.600,2474.625,2489.900,2590.250,2646.583,2670.750,2454.533
2480.278,2445.967,2604.700,2513.400,2600.733,2485.688,2478.050,2580.375,2618.583,2722.917,2457.000
2469.889,2459.733,2610.000,2522.550,2600.200,2467.812,2503.350,2585.812,2629.917,2698.583,2436.600
2474.667,2459.367,2607.450,2514.050,2594.400,2467.312,2486.550,2601.562,2640.083,2715.667,2455.000
2487.000,2457.200,2604.825,2524.800,2588.467,2474.688,2485.450,2580.375,2649.250,2701.500,2469.467
2498.778,2460.967,2603.625,2519.750,2581.533,2480.500,2506.950,2587.750,2646.083,2717.917,2440.600
2474.889,2452.500,2605.425,2522.850,2596.867,2477.188,2497.300,2601.250,2624.667,2719.333,2469.067
2497.167,2453.267,2620.675,2484.450,2589.267,2476.562,2496.850,2607.062,2630.750,2712.417,2464.067
2490.667,2445.633,2586.475,2509.850,2570.600,2477.562,2503.800,2565.750,2603.583,2692.667,2445.467
2479.556,2455.667,2606.700,2509.900,2576.600,2451.875,2507.750,2591.938,2599.917,2693.250,2440.800
2477.333,2465.467,2607.750,2497.300,2577.133,2483.438,2501.150,2569.375,2627.250,2670.583,2450.867
2467.278,2454.767,2609.100,2507.950,2594.667,2480.750,2491.150,2594.562,2623.583,2717.417,2481.600
2480.056,2454.667,2611.800,2509.700,2568.400,2478.312,2489.650,2592.625,2635.500,2689.917,2434.667
2478.333,2447.800,2604.725,2518.150,2584.667,2469.188,2459.700,2591.250,2627.000,2707.667,2443.400
2484.222,2467.900,2607.075,2501.550,2597.133,2475.375,2517.000,2568.188,2606.417,2694.167,2439.000
2480.111,2442.533,2606.925,2517.400,2597.600,2473.688,2494.650,2570.250,2639.333,2699.250,2443.333
2479.000,2447.800,2599.450,2505.600,2583.667,2486.250,2501.300,2589.688,2620.917,2716.833,2452.800
2485.944,2454.333,2614.625,2501.600,2600.200,2468.438,2482.500,2589.188,2639.667,2680.500,2451.867
2477.389,2450.667,2615.100,2503.800,2583.000,2473.688,2485.950,2587.500,2635.750,2717.417,2431.467
2470.056,2467.667,2603.250,2504.650,2581.600,2483.688,2480.550,2574.812,2620.750,2691.667,2457.467
2501.889,2447.167,2606.825,2517.900,2582.800,2479.062,2494.000,2599.875,2635.417,2702.833,2444.667
2471.944,2455.933,2613.150,2485.100,2596.533,2482.562,2499.750,2593.000,2633.000,2699.667,2471.933
2479.722,2437.100,2612.675,2514.650,2582.133,2479.688,2499.450,2607.938,2606.833,2706.750,2453.867
2483.222,2452.133,2606.550,2497.700,2589.467,2501.625,2502.300,2582.188,2632.417,2706.500,2447.600
2483.167,2450.033,2611.750,2517.650,2583.600,2472.000,2464.100,2584.125,2614.333,2685.750,2431.400
2482.556,2440.067,2600.425,2510.700,2594.267,2465.125,2481.850,2589.188,2647.833,2721.583,2445.800
2485.944,2461.067,2592.825,2512.700,2579.667,2476.000,2491.250,2597.125,2624.333,2707.333,2453.133
2480.167,2445.200,2602.625,2511.500,2582.467,2463.875,2480.950,2580.688,2632.750,2690.833,2461.933
2462.056,2445.467,2599.775,2493.650,2583.533,2483.875,2476.600,2573.000,2627.500,2679.750,2468.000
2484.444,2450.700,2597.275,2505.600,2567.733,2478.125,2500.550,2577.750,2639.667,2715.583,2454.400
2476.056,2447.467,2612.225,2502.450,2592.667,2482.562,2494.550,2569.062,2640.333,2689.000,2442.600
2469.278,2455.633,2589.625,2499.000,2573.600,2484.312,2485.800,2584.000,2618.250,2686.917,2462.933
2473.722,2440.767,2604.700,2502.150,2602.667,2478.562,2493.550,2594.875,2624.833,2686.917,2437.733
2479.556,2462.367,2608.325,2507.250,2558.200,2496.062,2482.800,2587.500,2618.417,2680.250,2443.000
2484.556,2445.600,2598.350,2491.450,2573.600,2478.500,2486.950,2573.312,2629.750,2673.417,2443.933
2488.889,2451.900,2606.200,2514.150,2594.867,2471.250,2498.000,2568.938,2634.250,2681.083,2448.733
2475.167,2441.167,2620.075,2504.100,2581.733,2483.188,2495.100,2584.875,2626.750,2713.917,2445.267
2474.056,2460.200,2604.575,2497.700,2606.333,2496.000,2482.600,2573.188,2632.083,2689.000,2437.067
2469.722,2453.633,2605.150,2496.250,2591.067,2442.438,2494.050,2578.562,2628.417,2696.333,2447.133
2474.778,2443.067,2605.300,2484.650,2602.200,2477.188,2476.650,2583.812,2630.500,2699.917,2480.067
2477.389,2453.000,2597.175,2490.800,2594.067,2474.125,2473.400,2580.250,2645.333,2706.417,2455.933
2474.278,2456.833,2599.550,2498.650,2579.000,2475.312,2487.150,2584.938,2629.917,2693.917,2457.267
2465.278,2453.167,2602.875,2497.300,2575.267,2475.688,2486.950,2581.625,2629.583,2697.500,2444.533
2471.889,2455.700,2612.875,2492.300,2580.133,2456.375,2499.350,2594.812,2633.917,2680.750,2441.400
2483.222,2445.433,2596.825,2508.400,2586.600,2473.188,2474.250,2597.188,2626.083,2716.167,2458.933
2474.833,2458.400,2597.875,2496.100,2597.733,2451.125,2506.950,2561.438,2613.000,2712.000,2457.467
2485.500,2442.967,2605.700,2495.200,2575.533,2488.062,2476.300,2584.250,2634.083,2705.833,2449.933
2469.222,2441.267,2594.375,2471.900,2596.133,2475.188,2495.800,2601.250,2636.750,2694.583,2452.200
2477.000,2448.400,2593.975,2496.000,2568.133,2494.250,2487.750,2605.875,2612.000,2688.417,2443.133
2482.556,2461.567,2613.675,2504.950,2600.733,2467.000,2481.150,2599.562,2593.500,2690.917,2446.667
2473.778,2457.000,2602.675,2496.550,2589.333,2474.188,2480.700,2607.312,2634.750,2707.250,2474.400
2480.667,2447.467,2598.400,2495.800,2583.467,2493.812,2499.250,2579.125,2646.833,2696.750,2441.200
2474.389,2445.933,2616.200,2511.700,2574.933,2493.625,2483.450,2571.000,2640.167,2678.583,2465.133
2476.111,2455.800,2601.975,2491.550,2568.533,2478.062,2474.950,2606.938,2617.167,2706.583,2448.200
2471.389,2443.167,2600.350,2490.200,2582.400,2474.625,2497.300,2585.438,2670.083,2695.000,2440.267
2476.556,2448.867,2608.450,2499.350,2594.200,2485.625,2484.600,2572.875,2619.833,2692.583,2442.867
2488.611,2452.167,2611.150,2489.850,2573.800,2486.438,2486.800,2611.750,2623.250,2693.250,2455.200
2484.222,2437.800,2600.800,2496.450,2581.867,2479.188,2484.300,2580.938,2604.750,2684.583,2451.200
2497.944,2451.967,2595.475,2485.300,2579.067,2468.000,2471.800,2593.500,2613.667,2680.000,2438.733
2458.667,2428.967,2606.550,2504.450,2579.200,2464.625,2478.900,2605.625,2611.000,2709.333,2456.467
2471.611,2455.367,2600.775,2482.800,2591.933,2476.688,2468.100,2596.562,2613.750,2699.000,2462.267
2477.000,2462.133,2594.325,2484.500,2568.800,2464.438,2480.450,2593.625,2603.250,2692.333,2474.000
2502.389,2453.333,2611.250,2528.100,2585.000,2451.062,2477.600,2574.438,2632.833,2742.583,2519.133
2521.611,2460.433,2595.350,2521.600,2584.733,2463.000,2474.750,2577.250,2599.667,2748.083,2515.467
2503.778,2442.600,2593.450,2526.350,2589.333,2480.750,2481.950,2578.562,2617.583,2740.917,2478.400
2498.389,2439.867,2587.800,2529.050,2584.933,2465.875,2486.350,2599.188,2627.500,2753.250,2496.000
2508.944,2447.767,2593.775,2518.000,2606.533,2462.375,2470.150,2568.188,2641.083,2770.250,2470.933
2487.444,2464.500,2607.550,2513.100,2584.467,2476.188,2483.250,2592.062,2622.750,2741.917,2486.600
2501.833,2446.600,2608.325,2505.200,2578.933,2460.938,2478.300,2573.188,2608.083,2773.250,2495.200
2499.111,2450.600,2609.875,2496.400,2598.267,2468.562,2489.000,2586.750,2616.833,2744.667,2484.133
2482.444,2458.267,2603.500,2530.600,2626.067,2479.562,2487.900,2594.812,2614.333,2729.333,2466.600
2499.778,2439.733,2587.025,2510.350,2563.600,2465.312,2487.850,2589.312,2629.750,2730.250,2475.000
2479.889,2450.367,2588.200,2504.100,2578.800,2480.375,2493.250,2570.812,2619.917,2719.917,2467.600
2495.611,2444.267,2583.600,2507.850,2581.800,2465.500,2489.250,2602.438,2617.583,2741.583,2460.667
2481.167,2455.067,2604.400,2501.650,2574.800,2473.688,2480.850,2594.750,2642.417,2693.833,2441.267
2495.833,2463.900,2613.725,2510.000,2593.400,2489.188,2494.300,2612.438,2624.833,2718.417,2455.267
2485.500,2446.567,2610.125,2518.450,2567.800,2478.312,2491.050,2583.938,2618.833,2717.333,2475.000
2482.056,2456.200,2606.300,2522.100,2584.533,2473.562,2493.350,2581.500,2592.833,2704.917,2462.667
2472.944,2444.433,2608.125,2495.250,2585.467,2486.250,2468.950,2583.812,2600.333,2734.167,2462.000
2489.222,2443.367,2601.400,2490.400,2583.267,2453.375,2485.500,2558.000,2618.667,2716.583,2447.667
2484.833,2457.367,2600.425,2502.850,2581.067,2464.812,2485.850,2591.438,2614.000,2701.000,2445.867
2481.889,2446.967,2611.175,2498.600,2596.533,2458.688,2480.850,2597.688,2622.083,2698.750,2478.533
2494.333,2461.767,2620.200,2496.150,2587.600,2475.375,2472.150,2580.562,2634.000,2717.833,2460.533
2501.944,2440.600,2592.900,2499.700,2587.800,2462.125,2490.150,2574.188,2619.417,2710.917,2473.000
2517.444,2458.200,2624.025,2516.950,2600.333,2478.938,2472.550,2599.688,2609.500,2746.083,2513.800
2540.111,2477.933,2635.050,2525.050,2619.867,2462.625,2480.550,2599.062,2635.083,2801.333,2544.333
2567.833,2503.000,2630.150,2539.850,2607.867,2481.500,2464.050,2629.125,2613.667,2807.000,2564.467
2603.667,2496.967,2661.700,2530.600,2645.400,2497.500,2471.350,2624.375,2616.917,2856.167,2540.733
2595.667,2498.533,2661.600,2538.300,2637.533,2458.750,2483.850,2608.438,2635.000,2838.500,2548.467
2589.000,2489.600,2651.500,2558.200,2627.600,2470.875,2485.850,2611.375,2653.583,2827.083,2532.133
2585.222,2493.033,2655.575,2531.150,2619.000,2476.688,2495.300,2624.312,2617.167,2842.083,2526.800
2585.833,2483.867,2647.950,2529.850,2634.200,2476.000,2495.200,2619.625,2648.333,2812.583,2538.000
2609.444,2478.200,2654.850,2532.000,2642.467,2465.000,2471.750,2607.125,2597.750,2789.500,2528.600
2554.944,2480.900,2644.875,2528.350,2609.067,2478.062,2483.700,2614.438,2603.917,2796.333,2525.800
2568.944,2482.400,2649.625,2506.400,2640.133,2489.062,2480.550,2599.188,2603.250,2809.833,2517.267
2564.444,2484.667,2627.050,2515.650,2603.800,2480.438,2486.950,2605.250,2614.833,2786.333,2529.267
2551.944,2473.633,2636.200,2528.700,2618.333,2480.125,2464.250,2590.062,2622.583,2779.250,2493.400
2553.722,2460.533,2640.500,2526.200,2612.067,2469.938,2464.800,2566.000,2633.167,2789.000,2509.600
2563.556,2479.467,2625.950,2522.700,2609.333,2482.000,2493.700,2604.250,2627.083,2798.500,2512.667
2564.056,2465.333,2636.225,2503.950,2615.267,2448.625,2489.200,2576.250,2613.250,2799.750,2475.333
2545.889,2464.767,2639.700,2507.600,2595.200,2468.562,2477.050,2584.000,2608.500,2777.250,2486.400
2555.444,2479.667,2616.125,2490.900,2600.800,2467.000,2501.600,2606.375,2597.417,2775.000,2500.133
2554.944,2468.600,2618.200,2504.600,2613.067,2482.875,2472.950,2586.688,2601.583,2762.750,2491.133
2526.889,2464.267,2626.225,2495.850,2618.133,2468.688,2478.300,2588.812,2603.000,2765.083,2503.533
2537.556,2463.567,2622.150,2499.400,2592.933,2480.062,2485.400,2596.312,2626.083,2787.833,2503.600
2533.333,2470.100,2636.200,2495.500,2594.933,2459.188,2482.600,2583.250,2595.000,2755.917,2510.867
2586.333,2466.600,2625.250,2506.050,2612.933,2476.938,2487.000,2567.875,2604.083,2782.250,2539.400
2599.167,2491.467,2665.750,2546.050,2614.800,2446.812,2482.700,2594.938,2596.833,2812.083,2566.600
2646.000,2521.833,2679.000,2555.200,2632.667,2493.188,2490.500,2610.875,2616.667,2886.750,2591.200
2648.833,2561.567,2700.250,2567.400,2659.533,2496.938,2481.150,2621.125,2638.083,2944.917,2606.800
2706.000,2595.567,2747.300,2580.850,2652.667,2485.938,2495.900,2629.625,2615.667,3027.833,2638.200
2703.389,2614.633,2783.950,2593.750,2671.733,2505.000,2506.300,2633.250,2643.333,3053.500,2617.533
2713.667,2596.767,2776.500,2589.800,2673.000,2490.812,2488.400,2633.875,2634.083,3073.583,2586.067
2671.500,2604.000,2772.000,2583.150,2666.000,2516.375,2510.050,2656.188,2643.750,3020.667,2595.267
2663.222,2616.200,2763.500,2576.500,2694.533,2495.000,2512.800,2615.312,2630.583,3019.583,2589.600
2664.000,2587.067,2752.075,2575.300,2677.733,2498.438,2495.950,2604.812,2618.750,3001.250,2572.267
2673.056,2577.400,2758.100,2557.800,2676.800,2494.375,2493.900,2611.812,2637.667,2996.917,2577.333
2675.722,2579.967,2745.575,2570.000,2632.267,2515.938,2499.600,2620.000,2637.000,2980.083,2559.133
2676.722,2585.733,2735.375,2548.450,2639.267,2468.562,2503.600,2609.125,2620.500,2932.333,2565.600
2632.500,2582.233,2731.875,2548.300,2674.733,2484.688,2486.650,2603.625,2639.000,2908.167,2521.867
2641.333,2578.367,2725.800,2541.000,2645.067,2475.938,2500.600,2611.625,2603.750,2940.583,2543.200
2639.556,2567.933,2737.425,2553.500,2661.933,2485.688,2490.550,2598.062,2625.417,2902.000,2538.000
2655.611,2569.433,2721.900,2564.200,2650.533,2502.938,2508.250,2594.250,2614.583,2910.000,2540.667
2649.667,2553.133,2704.675,2536.900,2620.867,2512.500,2492.000,2605.438,2632.917,2880.500,2506.133
2623.944,2552.867,2709.775,2546.500,2668.533,2487.312,2498.450,2593.125,2596.750,2880.000,2536.333
2615.667,2552.433,2695.875,2535.550,2639.333,2484.500,2489.100,2590.750,2606.250,2858.250,2536.400
2617.333,2542.400,2697.950,2506.500,2625.267,2477.938,2484.550,2604.125,2625.417,2890.250,2510.600
2607.500,2537.267,2697.925,2512.350,2627.867,2482.875,2505.200,2585.125,2609.250,2841.250,2535.067
2601.944,2538.900,2676.925,2523.200,2612.200,2504.375,2497.250,2596.312,2607.500,2863.083,2539.133
2647.778,2529.533,2699.950,2524.700,2636.933,2488.062,2479.750,2584.688,2616.500,2868.083,2551.933
2659.444,2566.867,2709.025,2544.350,2626.733,2494.812,2489.350,2588.000,2592.500,2952.667,2582.667
2689.722,2566.233,2736.450,2557.850,2668.600,2493.500,2460.450,2626.312,2623.333,2972.500,2631.133
2708.500,2623.133,2749.450,2571.700,2700.533,2472.625,2475.150,2621.750,2631.583,3078.833,2629.933
2742.222,2637.267,2796.225,2599.000,2672.667,2482.250,2488.650,2634.188,2635.333,3105.000,2665.933
2758.000,2650.267,2823.650,2618.000,2699.200,2496.625,2498.250,2647.438,2635.000,3165.833,2655.200
2771.500,2652.333,2836.725,2597.450,2735.067,2504.625,2497.350,2652.250,2646.833,3173.750,2646.533
2720.889,2646.533,2822.450,2610.750,2713.400,2528.062,2505.450,2656.562,2640.583,3156.750,2621.933
2740.389,2631.033,2815.375,2591.850,2726.600,2521.875,2512.550,2630.875,2645.583,3141.417,2592.667
2694.611,2628.700,2806.000,2571.700,2743.733,2513.750,2473.900,2656.875,2643.083,3130.667,2596.867
2686.944,2624.033,2801.875,2581.000,2728.667,2516.188,2495.750,2640.562,2664.917,3081.667,2616.467
2690.500,2601.067,2797.800,2599.550,2727.600,2493.312,2502.000,2644.750,2636.417,3067.583,2580.000
2688.500,2623.233,2789.900,2552.350,2711.133,2484.625,2490.600,2638.750,2653.583,3052.417,2574.933
2684.167,2604.133,2785.200,2566.600,2680.267,2502.375,2483.700,2638.500,2645.833,3028.750,2576.867
2681.778,2597.433,2777.975,2558.600,2697.333,2494.125,2486.800,2633.500,2636.917,2992.833,2560.067
2680.944,2591.767,2762.825,2552.750,2679.533,2520.062,2499.400,2639.312,2629.083,2992.917,2571.200
2672.722,2574.700,2756.800,2576.350,2668.467,2510.500,2483.750,2625.750,2595.833,2999.917,2561.867
2655.556,2588.233,2745.800,2570.050,2680.467,2505.812,2496.350,2625.500,2638.250,3003.917,2561.333
2657.000,2581.500,2762.375,2545.400,2673.867,2490.688,2493.300,2640.938,2620.417,2937.750,2573.400
2654.389,2576.467,2768.150,2545.050,2672.067,2490.312,2487.900,2630.750,2600.417,2938.667,2563.267
2642.056,2546.100,2755.525,2536.300,2690.733,2483.562,2502.700,2622.500,2621.917,2962.917,2546.067
2662.556,2574.633,2735.150,2542.100,2658.267,2493.375,2490.200,2617.062,2599.750,2951.833,2564.400
2651.611,2554.833,2737.950,2543.750,2655.600,2503.625,2487.150,2602.750,2612.417,2931.083,2567.800
2671.389,2547.433,2739.075,2537.950,2678.667,2499.188,2485.100,2616.688,2607.500,2915.667,2561.867
2708.111,2566.933,2737.975,2555.450,2661.467,2497.250,2491.450,2626.375,2598.083,2984.333,2630.533
2711.389,2599.200,2761.975,2567.750,2680.867,2493.438,2491.350,2636.000,2649.250,2998.333,2637.267
2748.556,2634.000,2775.500,2591.350,2708.333,2513.125,2496.200,2616.062,2603.333,3094.167,2665.667
2763.000,2642.100,2813.625,2594.050,2708.000,2501.688,2505.000,2642.125,2629.500,3151.167,2678.067
2738.611,2642.167,2841.675,2601.200,2737.533,2525.562,2513.700,2660.000,2679.167,3179.583,2675.867
2758.167,2655.233,2865.175,2596.200,2765.533,2514.750,2532.700,2687.562,2675.083,3206.833,2686.533
2761.778,2654.533,2866.825,2619.550,2771.333,2532.812,2521.200,2715.438,2684.000,3160.500,2660.467
2747.944,2636.767,2863.175,2602.400,2788.333,2530.812,2519.850,2679.312,2675.083,3133.333,2660.600
2735.278,2633.300,2838.000,2596.600,2785.333,2522.188,2533.950,2644.688,2671.167,3102.000,2638.667
2705.833,2598.600,2826.500,2597.250,2765.267,2541.375,2520.400,2666.125,2661.833,3119.833,2646.133
2716.667,2595.167,2818.200,2581.050,2761.267,2509.250,2531.900,2683.688,2651.167,3090.750,2623.600
2701.556,2596.667,2826.075,2582.850,2735.933,2523.312,2537.600,2667.312,2672.167,3057.667,2593.133
2684.444,2606.333,2800.600,2593.300,2737.600,2516.375,2523.900,2665.375,2661.917,3036.250,2585.467
2699.278,2589.333,2806.750,2550.250,2739.067,2523.938,2516.700,2657.812,2657.417,3014.000,2581.533
2693.778,2574.133,2788.175,2551.050,2707.333,2506.125,2502.700,2647.688,2644.333,3004.083,2573.000
2675.611,2588.300,2791.700,2545.700,2710.200,2504.188,2501.750,2626.750,2653.750,2980.667,2597.800
2663.667,2578.833,2780.200,2551.750,2726.467,2503.562,2505.350,2643.375,2645.750,2962.750,2571.867
2652.889,2559.867,2763.100,2562.900,2693.667,2502.375,2502.450,2645.438,2641.500,2977.750,2566.133
2659.778,2552.067,2763.900,2549.750,2715.067,2488.062,2493.100,2634.062,2636.417,2957.167,2576.333
2665.722,2558.567,2754.275,2541.450,2699.867,2526.000,2510.950,2629.812,2644.333,2954.000,2578.533
2651.389,2555.133,2755.725,2553.650,2692.867,2517.688,2483.450,2640.188,2624.000,2906.667,2579.800
2631.333,2559.333,2747.175,2526.600,2679.267,2510.188,2502.900,2639.312,2637.667,2910.667,2572.200
2642.833,2547.033,2752.450,2532.150,2695.933,2503.750,2492.000,2619.812,2624.583,2941.417,2557.600
2690.111,2554.333,2727.000,2549.850,2690.933,2501.625,2495.100,2598.750,2629.333,2965.833,2595.200
2701.944,2584.367,2790.575,2559.800,2703.667,2521.750,2502.150,2632.375,2619.250,2968.000,2610.467
2733.667,2611.000,2798.725,2589.250,2697.133,2530.438,2509.150,2659.500,2616.833,3120.000,2648.333
2759.889,2622.800,2821.175,2611.950,2777.133,2520.188,2526.350,2669.375,2650.333,3159.333,2680.667
2767.278,2633.267,2856.225,2626.600,2764.133,2526.625,2528.950,2666.500,2668.417,3164.250,2661.600
2755.333,2640.900,2864.350,2607.900,2793.733,2533.688,2536.750,2683.125,2704.000,3188.833,2652.200
2728.556,2639.433,2866.350,2622.050,2827.800,2542.625,2555.600,2701.062,2704.917,3150.250,2689.400
2741.111,2626.367,2866.075,2630.750,2813.000,2551.000,2534.800,2721.875,2715.250,3157.833,2688.267
2709.833,2633.567,2856.025,2605.150,2807.200,2555.188,2548.900,2737.438,2698.500,3129.667,2661.467
2719.722,2616.233,2845.950,2604.350,2806.333,2546.812,2561.800,2706.188,2658.583,3126.167,2633.800
2710.722,2612.100,2852.125,2589.350,2774.800,2560.188,2527.850,2706.375,2681.833,3094.083,2654.467
2682.333,2604.333,2830.575,2588.250,2785.600,2553.625,2536.350,2688.188,2671.667,3070.917,2646.133
2694.667,2607.967,2817.700,2560.050,2743.333,2572.938,2534.700,2695.312,2665.250,3045.250,2614.933
2687.111,2588.633,2815.325,2581.350,2731.600,2540.250,2518.200,2687.500,2673.750,3043.750,2605.600
2661.111,2593.100,2805.700,2573.400,2746.933,2555.000,2550.500,2674.312,2661.750,2978.583,2602.133
2659.611,2571.467,2792.200,2568.700,2749.533,2542.250,2529.700,2676.500,2676.333,3005.417,2591.000
2675.111,2559.467,2806.375,2566.850,2717.667,2542.625,2517.200,2662.625,2656.167,2986.000,2602.200
2651.611,2561.867,2787.675,2555.450,2735.133,2545.938,2511.500,2670.500,2669.250,2973.917,2605.267
2644.556,2557.700,2796.900,2552.100,2726.800,2534.000,2526.450,2667.188,2679.167,2949.833,2578.733
2638.000,2569.100,2756.075,2542.250,2741.200,2525.812,2512.600,2653.438,2650.833,2952.333,2569.200
2637.667,2552.600,2755.425,2553.900,2727.333,2528.438,2532.800,2672.438,2636.667,2907.250,2577.533
2617.222,2557.733,2761.900,2541.850,2722.067,2542.062,2497.250,2654.375,2641.917,2906.583,2576.533
2612.722,2534.933,2761.425,2530.450,2694.000,2534.688,2507.450,2631.500,2655.167,2898.083,2563.733
2653.722,2536.733,2752.925,2551.300,2696.267,2521.938,2516.550,2651.062,2620.333,2921.250,2594.600
2698.278,2561.467,2763.950,2564.600,2698.600,2537.312,2508.850,2663.688,2632.417,2956.750,2609.467
2705.611,2583.567,2799.650,2566.250,2730.600,2521.000,2510.800,2686.312,2652.583,3020.500,2632.467
2755.000,2606.967,2822.850,2613.450,2755.067,2530.625,2542.150,2710.125,2669.250,3099.583,2665.400
2761.833,2625.233,2859.000,2622.500,2773.133,2545.750,2515.000,2730.500,2709.750,3144.000,2714.533
2750.833,2630.867,2865.150,2633.150,2786.933,2545.125,2564.050,2716.125,2702.333,3177.000,2665.600
2758.778,2602.267,2864.200,2623.900,2814.533,2561.562,2570.650,2777.500,2708.167,3179.083,2688.000
2756.333,2617.667,2862.650,2600.300,2789.133,2577.875,2581.600,2779.000,2722.667,3113.250,2669.200
2719.500,2632.467,2861.900,2594.650,2771.533,2580.688,2576.750,2788.375,2678.917,3123.917,2664.600
2716.111,2608.033,2843.800,2603.350,2788.600,2592.375,2585.450,2763.875,2727.667,3098.583,2653.000
2695.944,2603.667,2840.750,2602.000,2796.067,2561.062,2591.300,2743.000,2717.583,3109.917,2653.333
2691.889,2597.733,2835.325,2588.300,2779.867,2576.312,2572.600,2747.312,2703.667,3077.667,2639.067
2670.556,2585.767,2822.225,2583.150,2776.933,2566.500,2556.700,2764.875,2677.917,3023.083,2638.867
2678.944,2587.367,2814.100,2593.800,2762.400,2551.438,2560.450,2731.000,2700.083,3061.833,2643.667
2657.389,2575.900,2782.700,2574.600,2745.733,2559.812,2561.250,2720.812,2687.167,3007.500,2606.600
2668.556,2563.900,2796.275,2553.650,2741.200,2561.500,2557.950,2746.688,2670.083,3001.583,2619.000
2631.833,2560.867,2796.600,2566.900,2748.800,2557.438,2531.900,2732.750,2674.583,2982.917,2590.933
2647.944,2552.067,2770.050,2569.550,2738.800,2544.375,2535.900,2706.125,2651.667,2954.417,2595.400
2638.333,2540.767,2771.150,2558.350,2743.400,2537.750,2544.400,2703.250,2651.083,2950.417,2599.133
2624.722,2538.767,2775.925,2559.150,2716.467,2528.875,2551.050,2729.312,2683.000,2933.167,2599.667
2601.444,2542.667,2770.775,2543.600,2712.133,2532.500,2555.650,2729.562,2669.833,2934.333,2583.533
2631.889,2551.100,2760.600,2549.100,2706.000,2544.688,2538.200,2720.750,2651.250,2902.667,2567.200
2620.722,2537.067,2754.175,2530.750,2703.733,2527.688,2532.350,2682.188,2656.750,2896.250,2572.267
2630.500,2520.200,2747.225,2538.450,2711.533,2523.062,2538.750,2685.562,2644.167,2903.083,2591.867
2670.556,2523.933,2747.150,2550.100,2684.667,2521.875,2536.200,2691.438,2628.333,2911.667,2599.200
2709.667,2547.333,2770.075,2551.450,2703.667,2536.938,2530.200,2705.062,2675.250,2989.750,2609.400
2701.444,2585.467,2783.525,2572.750,2724.800,2550.500,2528.900,2732.312,2671.917,3007.000,2652.400
2707.278,2602.467,2818.250,2597.350,2750.600,2565.750,2554.400,2757.188,2667.667,3106.417,2687.333
2742.056,2605.067,2833.000,2613.850,2763.000,2546.250,2564.500,2782.750,2693.333,3117.750,2683.400
2729.111,2625.600,2832.775,2593.500,2770.400,2560.875,2595.200,2795.188,2671.167,3159.917,2687.867
2733.944,2616.033,2867.750,2626.500,2815.133,2583.500,2599.200,2823.125,2718.750,3160.417,2690.667
2737.611,2611.767,2846.400,2632.400,2808.467,2599.125,2618.550,2810.688,2714.750,3131.333,2690.200
2712.556,2608.833,2849.000,2610.600,2797.067,2576.188,2602.400,2800.000,2716.083,3147.500,2665.733
2724.444,2605.700,2827.200,2587.550,2797.200,2580.812,2600.350,2798.188,2698.250,3127.750,2647.000
2715.667,2600.567,2810.975,2596.950,2775.200,2593.938,2647.800,2804.000,2698.167,3081.833,2684.667
2714.444,2579.433,2823.875,2588.550,2770.867,2600.062,2596.750,2776.375,2695.333,3077.417,2624.533
2688.833,2578.333,2800.275,2577.200,2773.333,2592.375,2590.050,2782.938,2678.333,3052.917,2613.933
2682.167,2575.200,2796.800,2568.200,2753.800,2600.938,2589.800,2766.500,2676.333,3049.500,2612.067
2663.556,2555.433,2782.800,2576.500,2752.933,2569.875,2590.850,2758.062,2666.083,3020.833,2615.400
2643.389,2557.867,2790.000,2580.950,2751.533,2589.312,2587.300,2744.688,2679.333,2998.083,2596.400
2654.833,2564.867,2794.900,2567.350,2746.267,2579.562,2574.850,2748.750,2663.917,2948.333,2580.133
2657.944,2557.300,2780.250,2570.950,2707.733,2598.375,2559.600,2735.000,2652.750,2973.500,2612.600
2646.333,2550.633,2755.050,2560.900,2730.867,2565.062,2564.450,2729.938,2650.667,2961.500,2574.467
2649.722,2544.667,2755.775,2552.150,2720.200,2574.125,2561.050,2726.375,2638.250,2943.167,2576.000
2624.167,2545.833,2757.925,2542.150,2712.400,2564.250,2562.600,2735.188,2648.500,2906.583,2576.067
2634.500,2539.333,2761.600,2536.500,2704.467,2561.562,2541.050,2737.312,2641.500,2909.417,2568.067
2624.778,2533.467,2742.275,2530.100,2713.800,2560.312,2547.100,2727.375,2667.000,2904.833,2561.600
2630.111,2539.367,2740.725,2536.500,2715.467,2550.062,2540.150,2731.312,2626.667,2889.667,2567.933
2680.611,2539.567,2744.575,2529.100,2726.467,2552.688,2533.250,2718.000,2636.167,2927.583,2603.333
2699.833,2548.700,2770.500,2534.500,2687.667,2553.688,2561.250,2694.125,2646.500,2979.667,2624.667
2729.778,2590.900,2785.725,2565.600,2713.933,2572.688,2565.200,2721.062,2670.833,3034.667,2644.333
2740.667,2604.167,2803.725,2609.100,2773.733,2556.375,2609.650,2748.688,2681.000,3109.750,2676.733
2748.500,2622.667,2825.650,2623.400,2763.133,2585.125,2623.100,2797.000,2704.917,3143.500,2666.000
2727.111,2613.900,2841.525,2602.550,2785.000,2581.750,2639.900,2833.250,2687.167,3162.250,2677.933
2742.278,2611.833,2862.125,2601.800,2775.067,2592.438,2641.150,2802.312,2755.917,3137.083,2657.933
2726.778,2610.267,2852.050,2610.750,2798.467,2613.062,2658.600,2821.938,2747.833,3111.583,2671.267
2706.056,2606.433,2834.500,2585.850,2791.333,2635.312,2635.200,2816.625,2723.333,3147.917,2665.467
2720.833,2596.400,2845.575,2606.650,2781.333,2612.438,2620.350,2807.750,2723.750,3121.417,2648.533
2731.667,2592.433,2831.525,2578.800,2783.867,2632.875,2666.250,2796.812,2747.417,3081.250,2658.600
2691.944,2593.767,2800.675,2582.500,2757.267,2626.688,2629.100,2787.062,2716.083,3049.250,2626.133
2675.556,2584.267,2815.425,2565.850,2754.600,2593.375,2630.800,2791.750,2731.250,3044.583,2644.267
2695.722,2574.667,2808.475,2591.200,2745.800,2595.562,2621.400,2788.250,2673.583,3026.833,2609.400
2658.111,2570.767,2784.675,2577.350,2712.000,2609.438,2616.550,2748.875,2688.500,2990.750,2610.800
2681.056,2565.667,2777.875,2584.300,2738.400,2588.750,2614.450,2760.250,2678.750,2997.250,2589.000
2653.333,2553.300,2770.375,2563.600,2718.667,2595.688,2599.050,2772.250,2637.000,2944.917,2595.267
2668.889,2535.233,2763.150,2551.750,2712.067,2577.625,2604.850,2761.250,2657.333,2945.000,2604.200
2643.556,2546.833,2760.525,2550.950,2710.333,2576.188,2592.800,2766.375,2695.250,2916.167,2598.267
2653.278,2536.467,2755.175,2538.950,2719.400,2571.562,2600.500,2768.500,2654.833,2955.333,2578.267
2639.500,2529.767,2750.950,2556.000,2698.733,2567.500,2601.250,2738.125,2659.083,2919.417,2592.267
2618.333,2527.200,2756.025,2544.050,2702.933,2570.562,2601.550,2739.062,2651.250,2896.417,2557.800
2635.778,2525.933,2744.150,2551.650,2682.600,2571.438,2608.500,2727.625,2641.500,2914.083,2556.933
2647.778,2534.433,2741.800,2524.100,2684.267,2571.312,2585.450,2748.688,2648.333,2861.333,2598.200
2674.722,2532.167,2734.500,2532.600,2696.467,2566.125,2592.150,2712.438,2640.333,2901.833,2604.200
2700.778,2545.900,2744.925,2573.550,2692.133,2584.312,2589.300,2724.938,2661.500,2925.667,2653.000
2733.833,2568.900,2777.600,2569.500,2676.600,2555.250,2610.400,2774.188,2660.333,3016.583,2657.733
2735.556,2587.700,2794.825,2567.950,2735.067,2587.125,2593.950,2739.125,2669.250,3045.250,2672.200
2723.889,2599.333,2818.300,2607.750,2760.533,2594.375,2634.650,2778.562,2679.250,3094.000,2665.600
2770.444,2602.200,2842.900,2606.950,2794.867,2620.750,2653.300,2768.438,2691.333,3108.500,2696.733
2757.111,2597.200,2833.650,2600.900,2772.800,2609.812,2647.850,2785.062,2721.000,3111.083,2720.000
2742.778,2611.300,2825.900,2610.650,2764.267,2635.688,2649.450,2796.375,2717.250,3084.083,2670.467
2715.389,2581.067,2823.150,2606.100,2776.600,2616.375,2648.850,2825.812,2689.167,3098.250,2677.267
2717.000,2586.567,2820.525,2606.550,2738.667,2641.250,2653.650,2783.500,2692.500,3062.000,2665.467
2696.222,2586.233,2823.375,2586.600,2763.800,2640.688,2655.950,2775.188,2702.000,3042.417,2649.533
2700.611,2577.600,2815.450,2576.750,2722.667,2622.562,2634.400,2775.000,2669.083,3050.000,2661.600
2685.944,2555.600,2779.000,2586.200,2734.000,2599.125,2610.450,2777.438,2668.583,3007.167,2641.667
2646.333,2564.300,2798.100,2563.400,2729.533,2612.250,2612.450,2756.000,2646.583,2987.000,2644.600
2652.556,2552.133,2767.000,2555.050,2721.667,2599.938,2621.850,2769.438,2653.083,2962.167,2630.333
2652.778,2544.600,2764.775,2552.100,2723.200,2599.438,2594.450,2746.500,2677.917,2956.000,2631.133
2629.278,2537.033,2776.375,2545.600,2738.733,2598.062,2599.450,2746.500,2661.083,2965.833,2589.933
2642.722,2536.100,2748.775,2542.950,2703.733,2600.250,2601.750,2743.875,2656.667,2934.583,2567.600
2619.333,2529.067,2754.825,2541.250,2686.933,2567.812,2603.650,2746.125,2645.917,2916.750,2597.067
2625.667,2522.400,2740.950,2552.250,2708.400,2592.812,2585.350,2718.062,2675.917,2902.667,2583.733
2641.500,2527.800,2758.000,2538.850,2712.667,2597.312,2604.150,2727.375,2621.167,2902.167,2594.667
2595.722,2506.367,2723.675,2537.700,2683.667,2604.250,2582.500,2718.312,2630.000,2889.167,2573.800
2615.611,2513.667,2719.775,2535.950,2683.600,2578.250,2584.100,2729.188,2648.250,2852.417,2590.733
2665.833,2511.367,2732.350,2511.750,2665.267,2569.688,2581.950,2715.375,2629.750,2866.333,2610.000
2688.889,2526.467,2719.125,2524.300,2688.667,2575.875,2578.450,2703.188,2647.333,2901.083,2598.200
2709.889,2544.333,2743.575,2541.150,2708.667,2569.438,2579.300,2747.875,2629.417,2952.500,2609.133
2707.833,2588.767,2758.450,2563.200,2711.000,2581.000,2583.800,2717.625,2654.917,2996.500,2656.267
2722.667,2580.567,2794.850,2573.650,2734.667,2591.938,2626.300,2750.875,2662.250,3084.833,2654.867
2741.944,2597.600,2791.600,2602.000,2748.000,2587.938,2623.500,2777.000,2678.833,3086.417,2656.933
2745.611,2598.200,2812.675,2585.800,2735.267,2603.312,2649.650,2752.250,2728.417,3104.667,2665.800
2722.556,2590.567,2814.525,2610.450,2762.933,2604.438,2641.850,2764.188,2717.917,3133.583,2660.200
2746.556,2571.467,2798.750,2579.200,2789.267,2640.375,2634.000,2787.688,2727.833,3078.667,2675.333
2715.333,2589.733,2808.800,2572.500,2755.400,2636.500,2668.950,2784.188,2690.167,3098.667,2666.667
2729.778,2578.933,2808.875,2571.950,2760.000,2616.625,2660.850,2782.438,2687.833,3074.500,2650.133
2702.167,2588.167,2809.400,2583.750,2781.733,2631.500,2643.350,2779.312,2703.917,3059.833,2654.733
2706.167,2586.433,2778.000,2567.900,2740.600,2629.750,2624.700,2756.500,2699.083,3030.750,2621.067
2694.333,2559.100,2783.900,2570.950,2739.200,2616.500,2618.850,2751.000,2690.250,3000.500,2634.600
2688.444,2553.600,2762.125,2555.750,2732.467,2604.500,2644.950,2766.125,2673.250,2968.250,2639.867
2660.222,2541.200,2755.050,2562.000,2713.133,2613.812,2608.900,2746.812,2679.250,2923.917,2601.400
2660.444,2543.233,2760.900,2542.450,2720.933,2582.562,2604.800,2756.188,2660.500,2962.583,2609.200
2661.611,2522.633,2742.525,2538.700,2740.533,2605.312,2593.500,2736.188,2671.917,2952.250,2613.867
2636.333,2534.900,2756.550,2556.250,2699.200,2599.875,2604.950,2750.000,2636.250,2945.250,2592.667
2622.611,2528.767,2742.000,2532.050,2708.733,2592.125,2586.300,2723.812,2646.083,2896.917,2600.200
2636.944,2519.367,2728.125,2529.300,2707.533,2570.000,2592.950,2711.812,2618.833,2879.667,2589.867
2616.389,2523.800,2721.875,2547.900,2681.533,2596.688,2582.050,2719.500,2603.583,2906.500,2603.133
2628.778,2510.233,2726.025,2533.750,2714.067,2577.500,2578.650,2702.000,2624.750,2890.417,2556.467
2646.889,2511.200,2715.400,2509.100,2700.267,2568.000,2560.350,2702.688,2623.667,2870.417,2581.467
2662.833,2509.267,2705.725,2543.100,2689.800,2571.938,2570.800,2721.750,2625.417,2844.417,2600.200
2677.389,2527.367,2717.650,2514.500,2678.733,2574.812,2580.500,2701.875,2623.833,2873.583,2623.333
2708.889,2522.467,2725.925,2532.800,2698.000,2576.750,2569.350,2717.812,2631.000,2901.667,2614.133
2728.333,2559.600,2744.000,2573.150,2701.800,2568.000,2584.400,2713.938,2643.000,2960.000,2667.333
2735.222,2583.367,2766.300,2568.050,2736.333,2593.750,2597.100,2756.562,2657.000,3045.250,2634.867
2731.889,2578.033,2780.750,2592.800,2732.733,2590.375,2624.700,2737.875,2653.833,3058.083,2667.333
2753.500,2586.467,2781.850,2582.250,2738.000,2622.438,2648.850,2731.938,2682.083,3076.250,2664.667
2758.111,2585.867,2793.075,2603.200,2754.200,2612.250,2652.750,2769.938,2697.833,3051.917,2656.400
2734.056,2580.567,2797.325,2591.500,2765.667,2615.062,2655.450,2770.812,2689.417,3059.167,2653.000
2721.333,2579.700,2771.475,2574.350,2743.333,2648.562,2636.350,2750.250,2708.667,3074.667,2655.400
2730.889,2580.767,2781.300,2588.550,2756.867,2607.812,2620.700,2763.188,2686.833,3034.667,2636.267
2720.278,2561.567,2782.050,2566.250,2739.200,2610.625,2611.250,2726.438,2693.917,3023.167,2658.467
2683.278,2567.867,2767.175,2557.050,2741.733,2635.125,2621.850,2737.938,2670.667,3031.667,2634.133
2691.500,2554.300,2753.300,2558.250,2718.733,2588.625,2634.250,2739.562,2678.667,2996.333,2619.933
2695.389,2557.300,2750.025,2562.750,2725.467,2599.812,2610.400,2743.812,2675.000,2962.250,2604.867
2660.889,2553.167,2750.075,2560.750,2723.133,2602.812,2598.800,2716.125,2662.500,2958.417,2608.067
2649.500,2549.900,2750.225,2531.200,2706.267,2590.000,2617.600,2736.750,2623.333,2943.333,2597.467
2644.944,2537.367,2725.275,2549.500,2691.933,2600.625,2584.250,2737.062,2652.833,2936.417,2594.467
2619.222,2536.867,2725.200,2528.550,2677.733,2586.000,2604.800,2725.562,2658.000,2924.417,2583.800
2627.389,2537.300,2742.075,2532.050,2698.733,2575.250,2595.900,2686.500,2661.000,2903.167,2583.333
2636.722,2533.033,2716.300,2523.250,2708.533,2564.375,2569.250,2695.250,2650.917,2889.417,2596.333
2602.556,2514.500,2724.925,2528.300,2701.933,2588.562,2583.750,2698.688,2632.417,2864.833,2575.067
2618.722,2512.033,2716.975,2547.250,2688.400,2591.750,2590.550,2691.562,2636.583,2856.917,2587.267
2619.833,2503.200,2713.325,2516.600,2675.867,2566.500,2582.500,2707.312,2625.000,2849.083,2594.667
2639.722,2494.467,2709.875,2534.050,2657.067,2582.688,2576.550,2693.562,2620.167,2837.833,2575.933
2681.778,2525.600,2698.050,2515.800,2688.867,2568.125,2560.950,2681.000,2618.750,2872.083,2607.667
2706.444,2523.900,2724.200,2538.150,2677.200,2561.250,2564.400,2706.750,2611.417,2929.833,2613.000
2729.833,2535.600,2727.850,2567.300,2684.400,2592.562,2588.200,2706.875,2670.417,2968.250,2610.467
2734.111,2574.867,2754.425,2574.350,2705.133,2588.062,2600.300,2705.375,2649.750,3045.167,2630.733
2748.444,2599.267,2754.575,2586.000,2692.000,2610.938,2605.450,2725.875,2666.167,3056.250,2642.400
2754.556,2573.400,2781.750,2589.500,2716.467,2600.562,2598.800,2733.938,2661.500,3082.083,2661.133
2751.056,2597.633,2770.375,2571.800,2710.533,2594.812,2600.100,2737.250,2672.833,3059.167,2629.000
2739.611,2571.700,2782.150,2599.450,2714.333,2604.188,2631.750,2746.312,2708.167,3073.417,2661.533
2757.500,2578.267,2781.500,2587.650,2738.000,2615.125,2613.500,2734.625,2704.250,3045.583,2656.600
2741.389,2584.100,2783.075,2606.800,2737.200,2584.875,2632.850,2722.375,2685.750,3052.333,2643.067
2699.000,2574.533,2770.475,2584.300,2721.333,2594.000,2620.500,2723.062,2685.833,3020.083,2625.067
2689.444,2550.533,2773.775,2581.150,2702.133,2586.250,2605.200,2735.188,2668.000,3025.500,2625.533
2683.833,2564.000,2761.775,2561.500,2700.667,2594.625,2602.900,2741.938,2668.833,3014.833,2613.800
2681.667,2557.400,2743.875,2555.900,2701.333,2593.375,2594.750,2699.375,2669.250,2991.250,2631.333
2642.000,2533.133,2741.025,2567.750,2679.600,2584.562,2581.050,2724.750,2640.250,2962.750,2601.000
2668.389,2529.600,2720.550,2545.150,2691.333,2568.625,2597.000,2705.375,2640.083,2928.083,2595.067
2633.667,2536.367,2749.325,2549.800,2685.667,2575.938,2576.400,2722.688,2626.917,2942.167,2555.133
2649.722,2526.133,2718.150,2552.850,2677.667,2559.000,2581.700,2696.250,2634.417,2926.333,2593.667
2642.667,2511.333,2733.300,2543.300,2677.000,2572.375,2587.700,2717.250,2656.250,2925.417,2594.000
2613.889,2508.333,2731.425,2530.550,2676.933,2573.875,2572.050,2686.438,2675.750,2885.917,2580.000
2625.389,2516.033,2715.350,2533.600,2661.933,2563.375,2568.350,2682.250,2634.167,2888.167,2551.733
2617.389,2511.700,2704.150,2528.250,2673.533,2573.062,2572.350,2674.812,2621.583,2889.333,2578.133
2634.556,2510.700,2693.275,2529.950,2667.533,2543.625,2554.650,2669.938,2632.083,2855.500,2566.267
2666.722,2499.033,2708.650,2540.300,2661.600,2555.375,2582.350,2681.875,2627.750,2864.000,2569.867
2697.778,2511.967,2707.125,2513.600,2645.467,2563.625,2557.050,2632.562,2609.833,2874.667,2572.133
2688.778,2521.100,2715.000,2531.700,2639.333,2559.312,2586.150,2663.875,2632.417,2872.917,2602.200
2712.111,2513.600,2725.625,2548.400,2662.533,2555.375,2583.300,2709.562,2613.583,2936.250,2612.467
2746.944,2539.767,2723.525,2571.100,2689.467,2561.812,2574.250,2697.312,2620.500,2981.500,2617.067
2725.667,2576.467,2732.250,2578.950,2678.867,2581.750,2591.400,2700.000,2641.250,3046.000,2632.067
2723.389,2564.333,2744.850,2589.500,2699.733,2588.438,2604.700,2704.562,2649.667,3050.417,2620.867
2739.944,2591.100,2739.500,2590.000,2719.000,2592.438,2599.600,2721.750,2636.500,3019.833,2632.733
2735.722,2566.867,2768.575,2596.750,2713.800,2590.562,2609.550,2709.000,2657.667,3005.333,2626.733
2697.667,2580.600,2752.275,2571.000,2713.867,2596.875,2619.400,2722.312,2659.333,3034.917,2626.067
2717.111,2561.867,2751.175,2575.850,2721.267,2598.125,2601.300,2724.125,2645.750,2992.167,2624.133
2697.833,2549.767,2723.675,2576.700,2712.467,2578.688,2597.600,2710.750,2624.417,2991.167,2621.533
2676.444,2534.833,2732.600,2598.950,2691.933,2571.375,2591.550,2717.438,2637.333,3007.083,2594.267
2667.444,2548.633,2725.750,2548.050,2699.467,2598.500,2609.100,2695.438,2648.250,2947.000,2615.467
2662.778,2537.167,2733.425,2546.800,2684.000,2580.500,2593.150,2708.562,2641.500,2944.333,2605.333
2641.333,2538.533,2720.700,2543.700,2676.667,2594.562,2589.550,2693.562,2629.667,2929.167,2579.733
2645.444,2536.133,2726.325,2545.700,2690.800,2582.500,2584.600,2674.000,2639.583,2930.667,2598.600
2643.444,2529.567,2726.075,2536.400,2672.867,2557.875,2594.850,2693.688,2630.917,2918.500,2567.933
2638.500,2511.267,2717.300,2527.250,2667.800,2563.500,2578.800,2673.250,2621.167,2903.750,2549.667
2632.389,2531.700,2713.075,2532.450,2660.733,2547.938,2573.300,2690.375,2625.333,2916.083,2546.267
2618.833,2511.767,2701.525,2535.450,2661.600,2529.188,2562.050,2662.125,2643.250,2894.667,2532.867
2614.833,2518.433,2690.700,2515.850,2667.133,2567.250,2559.450,2672.938,2622.417,2882.750,2554.200
2602.333,2502.300,2685.775,2525.800,2658.000,2542.438,2571.300,2665.375,2608.000,2853.667,2538.067
2623.889,2511.767,2702.300,2512.700,2658.200,2524.312,2539.550,2651.625,2623.167,2818.250,2548.667
2623.222,2492.267,2691.600,2522.350,2622.667,2535.625,2541.550,2666.438,2624.333,2851.167,2557.600
2658.611,2503.233,2700.200,2521.850,2667.133,2549.750,2567.200,2658.188,2608.417,2870.583,2568.800
2688.111,2520.667,2706.200,2538.000,2669.133,2559.688,2550.300,2657.875,2633.750,2865.667,2613.267
2701.444,2541.933,2721.875,2535.300,2650.800,2568.438,2546.100,2689.562,2638.167,2910.750,2592.067
2705.722,2562.633,2736.275,2561.450,2668.533,2563.062,2561.700,2658.875,2645.167,2947.917,2611.667
2693.944,2564.300,2728.600,2541.550,2688.867,2581.438,2570.450,2678.312,2645.667,2985.750,2595.400
2712.056,2568.400,2743.400,2555.250,2715.333,2563.938,2563.150,2695.875,2656.833,2993.750,2609.333
2724.278,2576.267,2748.525,2570.900,2691.533,2579.500,2556.700,2679.625,2648.250,3024.167,2623.133
2715.111,2549.800,2757.300,2577.350,2669.533,2577.812,2562.850,2681.438,2645.167,3018.000,2598.067
2722.000,2557.333,2753.475,2572.650,2706.067,2577.750,2571.500,2698.625,2666.083,3026.750,2605.667
2710.833,2546.900,2752.450,2564.950,2689.133,2574.375,2570.600,2702.625,2657.250,3033.167,2629.733
2718.500,2554.633,2743.650,2557.750,2668.000,2576.688,2573.850,2691.062,2649.667,3019.083,2608.800
2699.167,2549.733,2737.925,2573.200,2693.400,2583.688,2574.750,2680.000,2649.417,2980.917,2603.733
2678.056,2544.133,2721.875,2547.050,2686.867,2555.875,2567.650,2700.062,2635.333,2967.667,2573.733
2662.833,2530.533,2736.100,2534.150,2668.200,2562.812,2566.100,2696.625,2621.000,2950.667,2580.867
2647.833,2539.567,2729.650,2535.150,2668.067,2600.312,2558.100,2674.000,2645.750,2940.083,2558.667
2662.833,2527.300,2730.650,2522.950,2670.000,2564.812,2543.300,2672.938,2621.750,2915.583,2565.067
2649.889,2527.733,2707.225,2513.050,2666.533,2575.688,2542.400,2674.938,2640.417,2880.333,2548.000
2637.667,2528.467,2720.650,2543.600,2656.200,2568.562,2552.550,2663.438,2612.583,2901.333,2535.600
2631.389,2503.067,2710.825,2528.000,2657.200,2547.500,2546.900,2662.875,2597.917,2863.750,2553.600
2616.556,2516.500,2685.500,2521.550,2620.267,2541.312,2555.350,2657.875,2605.583,2876.000,2565.533
2612.889,2510.733,2682.200,2515.650,2636.333,2549.188,2545.250,2644.188,2614.917,2852.000,2546.467
2626.889,2496.067,2673.050,2506.500,2653.933,2573.312,2536.050,2649.625,2576.333,2866.833,2545.600
2633.278,2493.500,2694.375,2524.500,2643.200,2534.938,2542.200,2666.375,2606.750,2827.000,2526.533
2662.056,2497.367,2681.225,2515.800,2632.133,2557.875,2521.750,2655.188,2602.833,2821.833,2550.933
2651.944,2510.200,2691.750,2531.150,2634.400,2554.062,2519.950,2657.250,2610.167,2838.417,2542.333
2691.278,2492.467,2684.300,2511.400,2641.800,2550.188,2531.850,2645.875,2591.750,2849.333,2565.800
2663.167,2535.167,2697.175,2539.000,2652.667,2557.938,2517.850,2645.375,2613.583,2922.917,2584.600
2694.111,2537.600,2720.650,2550.400,2645.000,2568.188,2548.050,2655.500,2610.583,2937.417,2609.467
2710.667,2543.033,2722.750,2548.400,2682.467,2541.938,2557.450,2655.500,2618.583,2993.667,2610.067
2704.167,2561.867,2709.575,2563.350,2650.933,2582.750,2542.500,2660.375,2630.917,2989.083,2604.400
2715.722,2562.733,2725.225,2568.900,2678.867,2568.812,2562.000,2685.000,2633.917,3041.500,2623.600
2710.000,2567.000,2746.450,2568.250,2712.600,2579.062,2579.750,2681.250,2647.250,3006.417,2602.200
2711.111,2560.233,2731.450,2553.750,2694.933,2557.812,2548.850,2700.250,2611.500,3004.917,2570.000
2677.778,2540.967,2731.050,2563.900,2686.000,2578.875,2571.350,2686.188,2634.750,2988.583,2593.600
2703.056,2531.067,2720.975,2552.250,2687.600,2564.250,2572.050,2655.000,2638.167,2991.167,2603.467
2688.278,2535.500,2731.925,2544.100,2673.600,2583.312,2548.150,2668.438,2624.583,2932.833,2578.000
2681.667,2537.667,2718.450,2545.200,2670.467,2561.812,2572.050,2682.375,2594.583,2956.750,2555.267
2633.389,2543.967,2718.475,2535.350,2664.867,2559.125,2556.800,2683.625,2609.500,2930.917,2547.067
2649.667,2527.567,2710.625,2517.950,2663.133,2547.875,2564.150,2670.188,2610.167,2908.250,2555.400
2626.111,2528.233,2701.950,2529.200,2684.333,2573.000,2549.200,2618.562,2597.083,2921.333,2547.800
2620.333,2530.200,2692.500,2534.300,2642.400,2585.125,2538.700,2638.562,2582.333,2908.917,2543.200
2614.056,2517.700,2694.950,2529.200,2642.200,2539.500,2561.450,2653.562,2605.833,2881.500,2538.800
2631.667,2513.167,2702.075,2525.550,2661.467,2546.000,2543.500,2617.938,2586.333,2871.167,2530.533
2615.833,2507.500,2696.175,2520.500,2666.533,2530.062,2523.900,2625.375,2611.417,2857.833,2521.733
2600.722,2503.033,2681.850,2520.450,2639.400,2557.562,2525.850,2621.688,2586.083,2853.417,2512.533
2597.000,2486.533,2690.850,2517.250,2645.733,2540.188,2525.600,2641.938,2553.000,2867.083,2521.400
2603.667,2508.733,2661.750,2490.200,2659.467,2552.500,2537.800,2618.938,2576.750,2830.417,2525.800
2638.056,2487.133,2670.825,2515.300,2615.933,2539.125,2526.700,2611.812,2576.667,2811.250,2535.800
2657.667,2488.733,2676.575,2511.300,2636.400,2551.375,2522.800,2628.250,2554.000,2858.417,2556.000
2678.889,2497.567,2694.525,2511.600,2626.867,2523.562,2516.050,2614.312,2575.833,2837.750,2568.933
2694.722,2511.067,2700.375,2531.500,2624.467,2561.312,2511.900,2642.062,2594.917,2857.500,2572.133
2710.778,2517.500,2691.100,2537.150,2663.333,2542.250,2524.100,2623.312,2592.083,2907.000,2574.533
2706.222,2527.133,2707.000,2551.100,2683.000,2553.188,2541.250,2648.312,2580.000,2922.250,2541.600
2695.889,2543.933,2701.900,2539.700,2668.933,2555.875,2558.400,2660.312,2596.917,2945.167,2571.400
2702.778,2532.367,2726.875,2538.150,2653.067,2562.125,2535.950,2636.312,2616.833,2964.250,2570.800
2694.667,2544.867,2719.500,2551.700,2670.133,2575.438,2553.150,2636.250,2615.167,2947.917,2576.267
2687.167,2538.400,2705.500,2546.400,2699.000,2531.188,2546.700,2664.812,2608.917,2944.417,2564.800
2662.111,2528.700,2711.600,2547.500,2646.867,2568.500,2556.000,2667.562,2631.083,2957.917,2574.333
2633.444,2535.133,2705.050,2547.850,2640.800,2536.938,2542.250,2645.812,2614.917,2945.333,2563.200
2672.167,2534.233,2713.000,2531.950,2668.267,2559.438,2560.050,2664.625,2589.250,2947.167,2557.200
2672.500,2522.933,2699.025,2538.300,2674.333,2559.500,2541.450,2653.375,2615.167,2906.917,2552.333
2633.000,2502.733,2710.775,2521.850,2658.933,2568.938,2546.200,2636.188,2611.667,2888.500,2555.667
2653.667,2505.600,2697.575,2534.050,2642.867,2554.688,2549.350,2634.688,2603.583,2884.083,2557.667
2645.833,2512.833,2675.900,2523.600,2623.467,2542.688,2529.400,2653.312,2609.583,2866.417,2554.933
2631.111,2516.733,2674.850,2514.850,2635.333,2548.875,2518.150,2625.625,2570.000,2855.750,2539.400
2622.111,2512.500,2685.050,2524.050,2634.000,2544.000,2523.150,2619.562,2584.333,2851.000,2513.933
2597.667,2494.467,2691.025,2500.850,2625.267,2538.938,2517.800,2628.062,2585.083,2828.500,2504.133
2601.722,2503.900,2672.575,2513.600,2673.467,2548.500,2528.500,2618.312,2571.417,2819.333,2507.467
2602.389,2500.333,2672.900,2520.150,2615.267,2555.625,2544.750,2611.125,2573.083,2813.083,2505.400
2599.444,2484.100,2662.100,2509.150,2631.133,2525.812,2502.600,2620.875,2559.333,2825.083,2517.067
2609.944,2487.667,2682.350,2513.700,2604.333,2538.625,2522.850,2641.625,2554.000,2784.417,2523.400
2592.333,2484.600,2675.650,2501.600,2615.733,2535.562,2513.400,2597.250,2560.333,2793.000,2529.267
2647.944,2491.200,2656.325,2509.500,2633.467,2548.625,2505.550,2625.062,2567.667,2820.417,2535.400
2628.167,2488.767,2679.900,2509.500,2609.600,2530.938,2506.500,2605.562,2563.917,2839.167,2545.400
2654.000,2487.567,2695.800,2518.200,2642.467,2532.438,2514.050,2602.062,2609.333,2834.583,2545.467
2661.944,2522.733,2689.350,2534.850,2643.667,2531.688,2531.250,2609.688,2549.000,2860.667,2556.133
2669.167,2531.200,2703.550,2536.400,2638.467,2545.562,2530.650,2627.188,2578.500,2842.083,2540.133
2676.722,2505.733,2709.100,2560.900,2653.933,2540.125,2534.900,2632.562,2601.500,2875.500,2566.800
2680.667,2536.233,2711.700,2550.250,2656.200,2556.875,2542.800,2615.125,2575.583,2901.750,2593.867
2691.167,2523.967,2710.150,2555.700,2650.733,2549.062,2542.850,2634.500,2593.833,2913.917,2556.200
2680.278,2535.167,2721.225,2554.050,2648.600,2554.938,2556.100,2653.062,2587.417,2894.833,2562.667
2670.889,2525.167,2719.400,2539.850,2662.133,2536.500,2533.400,2648.938,2596.750,2904.500,2557.400
2690.778,2533.433,2710.525,2541.600,2661.200,2561.312,2548.350,2645.688,2587.917,2896.667,2572.267
2653.667,2526.933,2698.800,2538.000,2639.867,2563.562,2522.100,2629.250,2567.583,2842.667,2540.400
2666.389,2509.067,2685.350,2530.800,2666.133,2556.625,2533.650,2623.875,2567.750,2861.250,2560.400
2648.889,2518.067,2690.175,2525.100,2642.733,2543.875,2523.050,2617.375,2573.833,2851.000,2538.600
2621.167,2517.067,2680.700,2520.950,2634.667,2555.938,2501.450,2614.500,2554.500,2865.000,2535.333
2615.389,2489.600,2697.025,2506.900,2622.733,2540.625,2526.350,2629.750,2563.250,2849.667,2521.267
2599.500,2493.600,2701.625,2508.650,2649.400,2523.438,2493.450,2624.000,2569.000,2822.250,2544.067
2606.667,2512.167,2688.225,2516.400,2623.333,2530.062,2505.150,2603.062,2564.500,2792.833,2523.067
2584.667,2507.500,2689.050,2521.200,2625.200,2545.125,2508.800,2625.062,2580.000,2796.417,2519.467
2596.111,2492.467,2670.775,2527.900,2639.000,2536.688,2513.550,2615.188,2569.333,2799.333,2495.533
2575.778,2482.500,2669.700,2505.800,2638.133,2524.938,2533.150,2597.000,2536.667,2787.167,2513.467
2577.278,2488.333,2668.550,2485.200,2623.267,2551.125,2487.400,2615.375,2553.500,2806.417,2496.733
2590.389,2489.033,2668.350,2513.750,2626.133,2545.562,2498.850,2636.062,2552.917,2794.333,2518.400
2607.000,2470.700,2677.025,2508.750,2622.533,2527.750,2510.450,2608.438,2559.083,2780.000,2516.867
2618.556,2459.533,2667.550,2509.950,2627.867,2526.812,2494.200,2590.188,2516.750,2783.083,2539.733
2619.500,2477.833,2661.225,2507.200,2629.067,2493.625,2502.000,2586.062,2551.083,2775.833,2532.267
2631.000,2493.400,2668.825,2510.550,2614.800,2529.062,2499.750,2604.250,2570.000,2785.417,2538.800
2675.444,2504.100,2691.150,2532.750,2647.533,2539.000,2503.500,2612.438,2548.750,2812.333,2538.267
2674.778,2515.267,2682.050,2518.850,2645.333,2530.688,2513.050,2612.250,2532.000,2871.750,2549.333
2676.833,2507.633,2671.925,2531.600,2639.667,2531.375,2506.450,2600.500,2552.917,2858.667,2564.533
2683.278,2537.267,2707.575,2540.550,2652.533,2533.625,2515.500,2616.875,2574.583,2878.333,2574.000
2678.722,2523.667,2693.025,2558.750,2644.200,2535.188,2534.250,2598.688,2539.083,2871.167,2572.200
2672.500,2523.200,2701.625,2546.400,2647.800,2536.188,2520.450,2615.500,2545.250,2902.333,2538.000
2651.722,2512.267,2690.400,2535.650,2647.800,2536.188,2496.850,2603.938,2572.583,2888.333,2536.800
2660.444,2533.333,2680.175,2545.200,2652.933,2544.562,2530.850,2614.688,2557.583,2909.583,2536.000
2639.222,2501.600,2686.750,2535.200,2651.267,2544.438,2498.200,2630.812,2574.083,2855.333,2543.333
2637.500,2496.500,2683.900,2523.950,2646.600,2522.375,2504.200,2613.938,2577.583,2847.833,2550.933
2618.556,2513.733,2671.450,2529.600,2606.667,2566.562,2499.100,2615.250,2556.250,2845.417,2530.467
2623.111,2493.933,2658.975,2518.750,2648.600,2530.188,2512.450,2596.125,2549.167,2821.583,2513.067
2606.889,2494.333,2670.300,2521.900,2621.267,2539.062,2521.900,2595.062,2557.333,2833.333,2512.733
2611.000,2489.633,2669.900,2505.600,2632.333,2513.688,2491.650,2606.000,2540.333,2828.500,2515.800
2604.167,2497.133,2654.825,2506.700,2621.000,2525.562,2517.050,2597.062,2552.667,2816.667,2523.733
2615.611,2483.967,2665.025,2497.900,2647.667,2538.125,2491.200,2603.250,2531.667,2781.000,2501.067
2601.444,2499.833,2655.450,2513.650,2628.000,2518.875,2506.800,2603.438,2546.833,2783.667,2513.533
2595.000,2486.133,2655.625,2495.950,2626.133,2524.312,2491.750,2598.938,2532.167,2766.000,2507.600
2581.611,2471.800,2651.725,2508.800,2602.400,2527.562,2482.150,2584.188,2534.250,2765.833,2514.400
2607.889,2460.933,2641.325,2503.200,2601.533,2519.125,2494.750,2599.500,2535.000,2776.167,2537.533
2589.167,2472.067,2642.850,2506.850,2626.200,2517.000,2490.500,2584.062,2535.417,2760.167,2542.067
2622.444,2466.767,2644.375,2508.700,2604.733,2525.188,2484.000,2576.812,2532.750,2740.583,2532.933
2621.111,2486.533,2656.250,2495.050,2621.333,2527.438,2476.900,2574.250,2543.167,2762.917,2514.000
2639.722,2467.733,2646.225,2518.450,2618.000,2522.062,2500.400,2598.188,2544.333,2785.250,2530.467
2664.389,2492.233,2651.075,2509.450,2623.067,2518.375,2490.950,2591.938,2538.833,2819.083,2528.800
2639.889,2502.033,2668.675,2535.600,2623.400,2531.125,2483.200,2607.188,2536.250,2841.250,2561.600
2670.000,2505.833,2660.375,2519.900,2635.600,2533.750,2482.900,2599.750,2541.667,2862.000,2554.533
2651.778,2509.367,2680.525,2528.300,2656.000,2525.125,2505.150,2606.188,2558.250,2849.667,2547.267
2662.778,2509.567,2673.525,2560.450,2658.600,2547.750,2526.350,2596.375,2563.667,2873.917,2540.467
2656.944,2500.633,2686.275,2544.700,2666.933,2531.688,2521.350,2602.812,2571.500,2871.833,2537.133
2665.333,2513.800,2692.675,2539.550,2676.467,2544.812,2502.400,2599.000,2569.000,2912.417,2528.133
2651.611,2521.267,2660.975,2535.050,2658.067,2530.812,2505.400,2636.812,2578.167,2866.833,2533.067
2641.000,2506.933,2671.300,2558.500,2669.067,2539.688,2498.700,2600.438,2553.250,2851.083,2531.200
2627.500,2499.500,2659.650,2532.200,2655.467,2542.000,2503.400,2620.375,2559.333,2857.500,2518.267
2626.944,2497.767,2656.600,2523.300,2657.200,2531.250,2516.050,2610.062,2578.417,2847.583,2532.733
2615.889,2510.500,2649.400,2511.000,2649.333,2520.562,2515.000,2606.875,2538.750,2809.250,2524.533
2617.556,2499.733,2659.825,2516.350,2639.267,2516.750,2490.200,2600.562,2543.417,2814.750,2512.867
2620.611,2506.800,2656.325,2534.450,2630.733,2531.500,2500.500,2601.125,2553.500,2838.083,2514.133
2585.889,2491.700,2645.525,2527.100,2627.800,2544.188,2482.600,2580.688,2540.750,2798.167,2504.267
2577.778,2489.233,2646.275,2501.250,2639.733,2517.062,2502.050,2588.688,2535.833,2765.000,2510.867
2602.056,2469.533,2653.825,2509.050,2608.000,2504.562,2480.450,2593.938,2540.583,2770.750,2512.333
2593.778,2482.433,2635.775,2509.600,2605.200,2503.750,2487.150,2587.938,2519.667,2788.167,2488.133
2564.833,2483.233,2639.125,2492.100,2601.933,2507.625,2465.000,2583.438,2523.083,2745.167,2479.867
2579.278,2478.433,2626.700,2507.650,2610.133,2508.250,2473.850,2566.188,2529.750,2772.750,2499.667
2579.444,2472.867,2632.875,2513.950,2588.533,2507.938,2467.300,2572.500,2512.750,2744.000,2508.733
2610.944,2483.200,2636.650,2484.450,2619.600,2523.125,2481.250,2594.625,2498.750,2747.667,2531.200
2626.778,2476.533,2642.875,2494.900,2595.133,2531.312,2494.350,2588.938,2527.000,2762.500,2519.267
2599.389,2503.733,2650.475,2508.800,2617.200,2530.125,2499.150,2578.875,2534.000,2764.250,2528.933
2634.167,2499.500,2653.350,2504.150,2632.333,2541.812,2491.800,2583.812,2519.417,2784.667,2533.267
2628.833,2506.767,2653.050,2527.350,2608.200,2511.812,2491.800,2588.750,2518.833,2794.917,2546.133
2667.667,2502.100,2663.125,2535.800,2605.067,2507.688,2499.400,2578.000,2544.500,2805.417,2539.667
2673.111,2516.800,2676.875,2537.400,2629.667,2492.188,2503.750,2575.250,2530.417,2815.500,2531.267
2647.778,2505.500,2683.925,2525.950,2628.333,2537.000,2501.200,2602.062,2546.583,2864.167,2532.600
2666.889,2517.733,2675.725,2534.050,2622.000,2532.062,2499.400,2572.438,2549.583,2856.750,2519.133
2650.944,2503.167,2679.175,2536.450,2648.533,2515.812,2493.250,2584.562,2531.833,2836.500,2525.000
2656.611,2512.467,2667.475,2528.000,2614.600,2536.500,2488.400,2589.375,2522.583,2802.333,2533.867
2642.278,2520.933,2678.550,2535.150,2629.600,2523.438,2498.950,2596.812,2528.500,2836.833,2519.267
2630.667,2483.333,2671.550,2526.700,2622.533,2539.938,2502.900,2566.062,2552.750,2829.667,2526.533
2617.611,2495.433,2670.275,2509.650,2618.667,2533.562,2513.200,2600.188,2525.083,2817.750,2516.067
2605.667,2497.500,2672.975,2518.800,2610.600,2508.938,2481.500,2574.688,2539.667,2807.917,2527.467
2604.611,2508.000,2655.050,2492.650,2623.267,2518.562,2478.750,2591.375,2543.917,2766.750,2498.667
2606.333,2487.633,2649.800,2515.150,2606.000,2508.438,2485.650,2594.938,2506.250,2823.000,2529.133
2587.611,2484.300,2648.900,2499.300,2613.667,2504.938,2486.750,2592.625,2539.917,2781.250,2516.333
2577.333,2478.167,2640.200,2485.400,2612.533,2514.500,2504.900,2581.562,2500.000,2749.917,2498.733
2583.333,2480.600,2634.325,2495.350,2602.733,2510.562,2493.400,2583.125,2545.833,2780.667,2503.333
2569.500,2470.367,2625.575,2513.300,2601.933,2515.562,2484.850,2580.250,2505.083,2752.417,2499.333
2561.000,2473.233,2650.675,2491.500,2596.867,2538.438,2484.900,2564.875,2551.917,2764.667,2505.733
2582.167,2478.533,2618.500,2493.750,2603.000,2518.250,2479.200,2585.438,2519.417,2743.583,2500.000
2585.833,2477.133,2646.450,2481.500,2594.200,2519.875,2483.950,2585.938,2533.667,2717.583,2519.200
2583.833,2468.633,2652.875,2509.000,2596.400,2523.938,2493.600,2566.188,2533.917,2710.167,2499.800
2597.389,2481.400,2643.400,2486.000,2593.867,2526.250,2481.850,2563.938,2522.583,2759.333,2492.333
2621.889,2466.300,2645.500,2501.850,2603.200,2506.750,2479.050,2563.438,2527.833,2745.667,2515.667
2632.111,2474.667,2648.275,2494.450,2594.000,2516.812,2498.300,2573.500,2521.500,2762.250,2520.133
2638.444,2494.167,2654.150,2513.400,2595.067,2518.188,2471.350,2568.500,2535.917,2779.250,2527.667
2665.278,2480.900,2643.475,2507.950,2625.600,2528.375,2486.300,2570.000,2546.083,2803.167,2522.467
2657.444,2493.667,2660.600,2504.650,2631.800,2500.625,2515.850,2569.688,2539.750,2809.833,2542.800
2664.222,2505.333,2660.600,2508.000,2616.533,2517.562,2506.500,2581.500,2534.750,2794.083,2522.867
2634.111,2495.667,2671.900,2520.350,2624.867,2507.562,2498.700,2584.625,2513.917,2825.167,2511.000
2637.222,2503.533,2671.700,2514.900,2613.800,2518.062,2499.450,2602.562,2524.833,2815.333,2507.000
2637.500,2503.833,2659.075,2511.050,2628.867,2528.250,2492.700,2585.938,2530.583,2775.167,2516.267
2646.333,2500.267,2667.675,2512.850,2626.267,2527.375,2504.000,2594.312,2535.667,2785.000,2505.533
2617.833,2504.933,2664.300,2521.450,2610.867,2519.500,2474.950,2583.438,2508.833,2790.417,2503.200
2606.167,2497.300,2664.375,2505.050,2606.800,2520.688,2502.150,2570.562,2527.917,2798.833,2491.333
2618.833,2489.400,2641.500,2524.350,2591.200,2532.750,2510.850,2591.438,2523.833,2777.083,2502.333
2591.167,2485.867,2635.800,2486.200,2609.067,2511.812,2487.950,2582.500,2523.417,2736.917,2493.333
2592.167,2483.867,2644.250,2495.050,2609.067,2512.625,2493.600,2592.062,2505.750,2734.417,2507.733
2587.611,2481.500,2648.675,2510.450,2605.600,2528.125,2492.400,2574.812,2527.167,2755.250,2494.400
2588.000,2486.700,2629.400,2508.800,2602.267,2522.312,2483.700,2564.625,2521.750,2742.583,2503.733
2575.389,2471.000,2630.675,2503.050,2596.933,2510.312,2489.200,2587.500,2504.500,2752.667,2494.067
2580.333,2463.867,2619.050,2490.150,2605.267,2531.938,2492.150,2594.625,2508.250,2732.500,2463.867
2556.889,2477.033,2628.250,2490.500,2602.400,2536.812,2497.950,2569.875,2491.083,2691.167,2472.733
2577.611,2463.767,2624.350,2484.500,2594.333,2504.750,2462.150,2592.312,2520.333,2731.667,2486.133
2576.444,2491.467,2618.650,2483.200,2586.867,2502.250,2469.350,2573.812,2501.333,2730.250,2493.933
2606.944,2485.000,2626.150,2475.150,2594.200,2527.875,2477.200,2550.625,2490.833,2718.500,2489.533
2595.444,2461.233,2626.475,2492.950,2598.800,2512.188,2472.900,2579.812,2502.583,2728.917,2506.733
2624.056,2471.300,2618.875,2496.900,2587.533,2514.688,2476.100,2571.562,2519.583,2743.250,2490.733
2623.500,2492.067,2638.625,2503.250,2635.000,2503.438,2490.200,2571.250,2496.417,2760.417,2522.800
2655.500,2490.000,2661.475,2496.750,2581.533,2502.938,2472.200,2583.812,2506.750,2802.583,2521.067
2646.944,2490.233,2662.825,2495.800,2607.733,2503.750,2512.150,2593.188,2523.167,2785.000,2505.933
2643.611,2486.600,2658.775,2510.150,2616.400,2521.000,2506.750,2555.812,2510.167,2784.417,2538.133
2654.833,2488.100,2653.150,2524.150,2617.600,2513.500,2498.500,2590.938,2528.500,2817.083,2520.000
2639.444,2484.233,2668.525,2519.350,2607.000,2525.062,2509.900,2579.375,2529.750,2827.417,2514.667
2636.056,2508.833,2667.150,2524.650,2632.267,2523.625,2512.500,2594.750,2516.750,2772.083,2524.533
2637.167,2500.167,2657.400,2518.800,2619.333,2516.062,2526.800,2576.500,2519.000,2826.083,2501.600
2614.444,2515.300,2667.175,2503.550,2616.133,2515.000,2504.150,2601.250,2497.583,2811.167,2487.400
2636.222,2473.833,2646.400,2520.750,2621.467,2545.688,2501.200,2567.250,2495.333,2761.750,2490.000
2597.444,2493.600,2665.200,2501.650,2610.667,2532.750,2497.900,2577.062,2525.250,2796.000,2495.200
2611.944,2473.600,2653.825,2498.200,2591.467,2523.062,2501.150,2567.125,2508.250,2788.917,2484.867
2584.111,2485.067,2645.575,2521.000,2621.467,2519.375,2495.900,2585.562,2509.583,2742.000,2495.600
2616.056,2476.867,2641.850,2507.900,2621.400,2538.062,2506.350,2591.188,2498.333,2753.250,2483.267
2583.056,2491.000,2638.525,2498.050,2601.200,2508.250,2489.200,2583.312,2519.250,2753.667,2500.533
2567.222,2477.433,2631.200,2489.650,2576.067,2500.625,2502.100,2559.250,2503.000,2751.583,2499.933
2578.778,2463.200,2630.075,2502.550,2577.733,2509.625,2501.850,2576.500,2539.667,2750.917,2488.133
2561.000,2476.600,2634.900,2487.550,2585.000,2515.438,2486.300,2584.250,2532.250,2725.667,2480.867
2569.389,2475.500,2624.150,2491.000,2600.800,2499.812,2470.700,2579.438,2510.333,2736.833,2459.533
2564.667,2471.433,2626.625,2489.600,2592.867,2495.562,2490.800,2596.375,2500.333,2732.417,2494.867
2578.000,2469.033,2637.900,2487.400,2587.867,2500.500,2490.650,2550.875,2517.000,2765.167,2496.733
2583.833,2473.733,2618.950,2493.950,2581.333,2520.938,2484.700,2583.875,2491.583,2700.000,2486.467
2600.889,2449.433,2620.150,2483.300,2594.333,2506.625,2484.750,2552.312,2480.917,2719.417,2513.200
2618.278,2456.700,2622.200,2463.200,2594.267,2513.500,2482.800,2575.250,2504.583,2754.250,2497.733
2618.444,2456.633,2627.175,2497.400,2577.933,2523.062,2499.800,2564.125,2519.167,2709.333,2490.667
2624.778,2471.267,2649.225,2491.850,2586.933,2516.750,2491.850,2572.375,2504.750,2744.583,2516.133
2616.444,2471.300,2639.625,2488.050,2608.333,2524.500,2503.050,2548.750,2523.083,2770.500,2520.333
2619.444,2475.700,2650.175,2522.350,2576.200,2515.125,2498.300,2568.875,2502.500,2772.333,2530.067
2623.556,2473.767,2664.400,2518.100,2592.800,2535.500,2491.800,2581.875,2500.750,2762.250,2516.733
2614.389,2487.500,2643.300,2505.200,2605.867,2529.750,2505.500,2591.125,2512.917,2781.917,2523.000
2624.222,2498.133,2642.350,2490.100,2620.333,2506.375,2505.900,2596.250,2499.167,2799.833,2513.667
2615.333,2496.800,2644.500,2500.350,2603.867,2510.125,2487.450,2589.250,2517.750,2782.667,2506.200
2618.000,2490.467,2640.750,2506.750,2609.000,2529.000,2505.250,2584.500,2545.583,2773.667,2526.200
2557.333,2501.400,2651.050,2481.700,2632.867,2532.562,2491.950,2578.812,2506.833,2803.250,2509.400
2567.833,2480.667,2637.800,2494.900,2618.467,2519.438,2516.350,2577.625,2514.667,2762.833,2498.467
2587.722,2464.400,2641.425,2497.650,2628.933,2510.562,2508.750,2571.312,2495.250,2755.750,2494.800
2574.778,2468.500,2636.500,2495.600,2582.467,2503.812,2499.950,2575.625,2514.000,2773.917,2480.800
2568.111,2461.800,2630.275,2481.150,2596.533,2518.062,2498.500,2589.250,2510.500,2743.167,2468.600
2556.056,2471.833,2626.800,2492.000,2585.867,2537.875,2490.150,2539.500,2519.750,2750.000,2464.733
2548.944,2472.933,2623.400,2492.000,2582.067,2526.875,2482.200,2579.500,2506.417,2733.333,2495.000
2552.944,2461.167,2631.625,2472.750,2596.200,2522.938,2486.350,2586.375,2473.583,2755.917,2477.400
2553.889,2462.167,2626.350,2488.350,2578.200,2524.562,2490.550,2560.375,2502.500,2741.083,2489.400
2533.056,2455.933,2612.225,2486.100,2592.067,2529.438,2491.000,2547.000,2479.000,2751.167,2490.133
2561.722,2457.900,2614.775,2488.200,2566.067,2487.312,2487.950,2545.500,2472.750,2708.083,2478.667
2547.444,2454.433,2615.025,2471.600,2580.267,2505.625,2483.400,2562.438,2510.917,2711.417,2500.133
2562.444,2440.067,2630.425,2493.950,2582.067,2517.062,2475.150,2578.062,2491.250,2719.417,2489.533
2572.833,2454.900,2611.100,2478.000,2577.533,2494.062,2495.250,2572.875,2491.583,2715.917,2488.133
2581.222,2454.900,2615.575,2479.100,2575.067,2513.000,2483.750,2541.000,2475.417,2731.417,2512.000
2601.333,2477.867,2623.750,2482.900,2596.933,2491.562,2483.750,2544.188,2489.417,2746.000,2493.533
2589.222,2487.033,2626.075,2493.500,2584.333,2542.125,2487.000,2558.750,2493.250,2765.250,2508.200
2593.111,2478.567,2641.100,2485.500,2588.067,2515.250,2492.850,2570.625,2492.167,2774.167,2509.333
2618.111,2478.800,2642.300,2491.100,2602.400,2512.625,2499.950,2604.250,2507.167,2810.250,2531.733
2615.222,2490.767,2627.950,2498.000,2613.733,2516.562,2504.000,2588.625,2506.583,2797.750,2504.067
2621.444,2495.200,2634.450,2495.250,2609.667,2513.750,2517.150,2573.375,2502.750,2805.500,2517.933
2618.889,2487.100,2653.025,2505.200,2615.800,2515.062,2490.900,2598.312,2539.000,2806.167,2509.533
2610.389,2477.867,2638.175,2510.350,2619.867,2490.875,2509.250,2568.875,2515.667,2814.250,2494.867
2607.778,2477.700,2648.975,2519.800,2610.533,2519.062,2492.150,2570.500,2504.000,2799.833,2490.067
2602.833,2478.600,2625.075,2501.000,2594.800,2516.062,2492.200,2583.812,2503.667,2807.000,2514.467
2586.222,2470.433,2640.300,2489.000,2622.867,2511.375,2503.100,2564.375,2489.833,2811.750,2497.333
2575.500,2493.200,2628.525,2478.300,2600.267,2513.250,2505.600,2583.125,2492.667,2774.000,2472.133
2575.000,2475.900,2625.700,2465.600,2607.867,2515.625,2478.950,2557.875,2480.333,2766.917,2476.200
2594.278,2477.567,2619.925,2487.600,2587.933,2511.250,2505.850,2543.062,2459.667,2744.083,2477.000
2562.500,2464.633,2620.125,2490.550,2583.133,2512.250,2497.200,2576.562,2491.417,2777.250,2487.600
2558.000,2473.633,2622.475,2485.850,2584.067,2514.500,2481.200,2564.625,2520.583,2779.250,2491.067
2549.389,2481.633,2610.375,2478.000,2585.200,2506.500,2471.200,2555.438,2486.750,2751.667,2487.800
2565.778,2465.967,2613.400,2482.150,2573.400,2488.625,2472.450,2558.438,2508.083,2759.917,2497.133
2560.722,2452.400,2612.175,2486.050,2574.200,2513.000,2475.900,2563.125,2506.833,2750.083,2477.933
2559.278,2453.733,2595.700,2487.600,2610.400,2503.875,2473.100,2542.188,2500.167,2742.750,2463.867
2555.667,2458.233,2615.425,2480.350,2584.733,2513.250,2467.850,2559.062,2487.083,2726.583,2473.133
2575.667,2465.300,2615.425,2492.650,2572.267,2498.688,2482.000,2540.875,2474.583,2735.583,2495.200
2563.944,2460.600,2592.875,2480.600,2582.333,2488.438,2473.750,2536.812,2472.500,2746.833,2472.467
2602.278,2458.533,2606.850,2476.100,2566.800,2533.938,2479.200,2556.000,2499.417,2755.500,2478.933
2609.111,2462.933,2624.075,2490.300,2590.000,2520.438,2501.350,2527.312,2483.083,2762.083,2481.467
2589.944,2473.100,2616.750,2501.350,2601.733,2509.188,2484.550,2561.250,2494.750,2729.833,2495.000
2610.111,2499.933,2621.475,2494.750,2595.800,2505.750,2492.300,2559.062,2476.917,2761.333,2495.800
2627.611,2476.633,2621.650,2500.050,2588.333,2502.250,2485.100,2539.500,2508.750,2746.833,2502.267
2604.889,2468.000,2625.675,2494.550,2609.267,2491.688,2467.950,2555.562,2491.917,2749.583,2491.533
2599.667,2469.267,2627.625,2526.500,2595.267,2509.688,2466.250,2576.438,2496.000,2759.917,2502.867
2599.278,2474.500,2633.300,2494.100,2627.400,2507.688,2485.350,2569.375,2484.167,2781.833,2474.800
2608.667,2478.800,2636.400,2510.100,2598.867,2500.562,2468.300,2563.438,2506.917,2762.583,2493.533
2593.389,2486.200,2615.500,2515.600,2610.933,2505.938,2475.600,2569.062,2494.500,2745.250,2521.867
2583.444,2470.833,2614.350,2486.650,2611.133,2527.375,2474.750,2569.375,2509.750,2739.667,2511.133
2578.556,2485.933,2620.550,2503.750,2590.133,2528.562,2469.850,2569.312,2511.083,2741.333,2473.267
2559.667,2474.400,2597.675,2494.550,2593.133,2526.812,2465.500,2565.812,2489.750,2709.000,2468.933
2552.000,2472.367,2615.950,2501.850,2607.733,2511.625,2467.300,2556.062,2479.333,2695.333,2494.933
2550.611,2465.033,2604.775,2498.350,2567.733,2504.125,2465.950,2573.312,2488.500,2725.667,2469.733
2550.722,2454.367,2604.175,2503.300,2588.533,2501.938,2464.550,2556.562,2516.667,2693.667,2483.667
2552.278,2462.000,2584.950,2508.400,2593.000,2513.250,2469.500,2551.000,2488.583,2711.250,2480.933
2527.500,2440.933,2592.275,2485.600,2557.800,2507.625,2469.000,2552.062,2457.750,2715.750,2480.467
2541.500,2450.267,2591.675,2483.100,2583.933,2510.000,2453.750,2544.062,2473.333,2703.417,2477.800
2521.778,2453.700,2599.625,2472.750,2582.867,2503.375,2480.550,2548.188,2465.500,2716.333,2469.400
2536.389,2456.900,2590.150,2465.750,2576.333,2505.438,2462.500,2549.812,2469.000,2686.250,2467.267
2510.333,2452.700,2594.100,2489.650,2574.133,2501.625,2456.800,2544.500,2478.417,2694.000,2470.000
2534.278,2464.267,2589.225,2470.900,2573.333,2507.750,2455.500,2543.562,2488.417,2709.417,2467.867
2560.222,2448.833,2583.225,2480.100,2570.933,2517.875,2462.700,2564.812,2500.000,2715.750,2492.667
2566.611,2451.667,2603.875,2475.100,2553.467,2521.812,2463.900,2517.000,2480.500,2697.750,2469.800
2549.500,2454.833,2581.750,2490.700,2585.867,2500.875,2463.000,2544.438,2481.083,2719.833,2490.800
2551.000,2453.333,2605.825,2474.850,2589.067,2504.938,2469.200,2557.750,2467.583,2736.500,2491.933
2577.278,2468.233,2598.025,2491.000,2581.600,2506.750,2473.600,2551.625,2487.167,2710.167,2478.867
2575.333,2454.733,2626.375,2494.650,2587.067,2510.062,2464.850,2565.750,2489.833,2739.000,2490.933
2564.611,2465.000,2602.075,2507.550,2576.267,2507.000,2458.700,2540.250,2476.083,2737.500,2464.600
2585.278,2455.000,2618.775,2495.950,2595.533,2516.812,2492.200,2553.438,2509.500,2760.833,2494.200
2584.722,2457.100,2617.250,2508.850,2590.400,2513.625,2476.500,2564.062,2489.167,2736.000,2496.400
2551.167,2450.567,2616.850,2490.700,2600.200,2543.312,2479.950,2559.062,2501.000,2783.500,2499.067
2571.444,2464.233,2606.675,2487.650,2594.533,2508.500,2500.350,2580.000,2500.667,2749.083,2493.733
2543.944,2462.067,2595.550,2482.750,2615.667,2520.250,2457.100,2576.188,2475.333,2769.167,2484.933
2565.556,2452.233,2597.700,2473.800,2604.800,2511.938,2476.250,2559.500,2482.750,2735.833,2487.800
2549.611,2450.533,2582.200,2474.350,2586.000,2501.438,2486.300,2555.125,2485.583,2751.500,2489.867
2527.611,2457.467,2615.675,2479.500,2584.800,2499.500,2460.950,2563.000,2508.917,2743.333,2491.267
2553.222,2447.400,2587.275,2477.400,2568.267,2506.938,2466.800,2550.500,2470.417,2726.667,2459.867
2532.278,2453.800,2589.450,2469.900,2604.400,2505.625,2452.550,2546.562,2474.500,2732.417,2479.933
2524.722,2445.767,2570.850,2482.700,2588.533,2495.250,2493.150,2554.125,2488.750,2733.167,2458.000
2522.500,2446.700,2578.300,2481.000,2587.467,2508.938,2460.050,2551.500,2501.833,2705.417,2483.200
2517.222,2438.167,2566.875,2475.500,2566.067,2519.438,2453.300,2553.312,2480.667,2727.500,2483.400
2516.111,2441.833,2566.325,2469.000,2578.200,2502.562,2475.500,2560.062,2502.000,2729.500,2480.200
2517.111,2450.900,2568.750,2466.150,2576.467,2507.562,2444.800,2549.438,2486.000,2699.250,2487.133
2518.444,2436.067,2573.025,2463.850,2587.467,2519.812,2460.750,2560.312,2463.417,2709.167,2487.400
2525.389,2432.600,2551.975,2445.650,2557.333,2495.812,2475.100,2516.500,2485.583,2687.667,2483.800
2527.611,2444.167,2556.775,2462.150,2567.333,2486.125,2443.950,2563.188,2480.000,2696.750,2490.600
2535.722,2443.433,2552.550,2482.900,2562.333,2528.438,2445.550,2537.438,2472.583,2707.083,2512.133
2576.667,2434.767,2568.400,2464.700,2589.467,2507.688,2446.800,2557.812,2459.167,2704.583,2490.533
2548.944,2462.300,2567.025,2484.750,2575.400,2482.688,2447.800,2550.938,2449.083,2725.083,2509.200
2582.611,2465.267,2564.050,2494.200,2575.867,2509.812,2466.750,2547.312,2496.667,2720.167,2492.133
2578.167,2468.533,2572.650,2478.550,2566.267,2512.000,2463.850,2560.312,2442.167,2732.417,2477.200
2584.333,2457.067,2572.725,2472.850,2558.667,2521.000,2474.100,2561.812,2470.250,2756.167,2493.067
2575.333,2448.933,2564.575,2493.300,2592.800,2508.938,2448.000,2576.375,2472.250,2753.583,2486.933
2585.667,2452.300,2579.425,2499.900,2602.867,2499.500,2463.200,2558.688,2477.917,2732.250,2492.933
2586.000,2465.467,2586.950,2493.400,2591.467,2526.250,2471.050,2549.062,2474.417,2746.583,2503.733
2567.667,2466.800,2578.125,2488.750,2570.267,2522.875,2481.150,2542.500,2476.917,2745.083,2480.000
2552.889,2451.433,2583.475,2487.350,2584.800,2486.062,2465.450,2572.250,2463.000,2733.750,2487.333
2573.167,2459.433,2582.475,2488.900,2599.800,2506.625,2477.200,2564.000,2460.417,2757.917,2485.600
2552.722,2471.300,2571.050,2478.700,2584.867,2505.812,2447.900,2557.500,2475.083,2722.833,2483.467
2551.889,2459.400,2568.875,2459.200,2589.267,2500.875,2466.350,2552.938,2472.167,2715.167,2478.867
2531.111,2430.833,2580.025,2495.100,2566.733,2515.812,2469.000,2541.188,2455.000,2717.750,2469.000
2562.389,2443.167,2563.950,2474.550,2576.667,2529.312,2459.950,2563.688,2477.250,2745.583,2487.467
2521.611,2460.100,2564.700,2481.950,2562.067,2500.438,2464.000,2556.562,2480.250,2722.000,2475.667
2518.333,2450.633,2568.150,2468.200,2564.067,2480.938,2460.700,2534.688,2471.583,2707.583,2486.600
2520.500,2433.133,2560.675,2462.300,2564.067,2501.375,2467.650,2543.062,2462.583,2733.917,2487.933
2536.111,2434.533,2565.600,2474.000,2579.333,2493.312,2472.500,2548.812,2474.250,2683.083,2484.533
2528.889,2444.167,2560.225,2484.800,2554.400,2500.938,2465.300,2532.625,2472.000,2689.250,2476.800
2526.167,2437.100,2560.900,2459.450,2582.800,2509.625,2449.450,2526.312,2488.750,2678.417,2484.333
2555.167,2447.900,2546.725,2466.950,2569.000,2486.688,2455.450,2553.125,2453.333,2718.083,2473.067
2542.500,2453.733,2555.125,2468.800,2579.400,2494.875,2443.400,2537.500,2487.333,2704.333,2469.267
2541.278,2444.733,2570.200,2478.000,2551.133,2507.875,2464.950,2523.438,2468.167,2686.667,2488.867
2557.722,2445.400,2554.925,2454.050,2572.267,2492.062,2466.500,2544.438,2479.333,2727.833,2473.733
2552.000,2454.433,2576.100,2470.250,2593.400,2493.625,2453.900,2564.688,2478.000,2686.167,2506.067
2547.611,2451.467,2569.500,2478.600,2557.400,2495.812,2452.350,2560.812,2467.000,2700.500,2488.267
2545.056,2453.967,2566.500,2477.650,2575.067,2511.625,2463.150,2572.062,2462.000,2740.417,2483.133
2551.833,2460.533,2584.025,2472.250,2577.067,2516.438,2461.200,2559.312,2477.000,2732.083,2470.467
2549.167,2453.633,2575.875,2490.050,2569.800,2498.438,2441.450,2572.938,2497.917,2724.250,2474.133
2548.556,2462.433,2575.575,2511.100,2580.467,2484.938,2447.500,2539.750,2480.750,2746.250,2490.000
2542.389,2463.600,2568.775,2503.800,2581.267,2488.312,2466.450,2529.500,2481.667,2748.917,2488.400
2545.000,2470.233,2564.700,2501.350,2561.800,2499.750,2453.450,2568.500,2471.833,2744.583,2479.000
2555.722,2466.700,2582.450,2481.750,2585.067,2501.125,2460.250,2551.062,2474.750,2735.250,2488.333
2562.667,2467.400,2570.125,2500.950,2583.800,2516.312,2463.850,2551.250,2474.417,2718.583,2474.933
2522.556,2468.067,2571.750,2458.600,2593.533,2498.250,2460.500,2537.562,2467.917,2717.583,2474.600
2546.611,2444.700,2564.825,2468.700,2554.067,2499.062,2451.050,2542.812,2463.667,2724.083,2489.933
2528.833,2448.467,2583.050,2472.900,2578.267,2508.688,2456.550,2545.875,2481.167,2733.917,2488.000
2517.667,2441.833,2564.175,2473.150,2582.200,2499.625,2450.100,2561.812,2457.583,2718.083,2467.400
2517.944,2423.733,2562.750,2473.000,2558.667,2517.500,2476.150,2556.188,2465.667,2686.167,2449.000
2532.778,2447.900,2569.525,2473.000,2573.333,2493.125,2454.650,2537.812,2461.750,2697.583,2492.067
2516.500,2458.067,2554.125,2464.300,2545.800,2499.188,2465.800,2545.062,2462.833,2700.667,2470.467
2523.278,2437.867,2540.975,2469.500,2562.867,2496.000,2448.150,2541.875,2472.750,2673.750,2482.000
2515.500,2440.700,2554.825,2460.800,2559.467,2492.375,2467.900,2523.312,2454.750,2675.167,2451.000
2524.167,2439.933,2568.175,2456.950,2549.800,2491.188,2456.600,2542.125,2483.000,2707.667,2490.600
2543.389,2435.000,2544.175,2453.300,2559.667,2506.500,2451.650,2543.938,2444.000,2687.333,2453.667
2525.278,2445.200,2553.725,2482.700,2550.200,2525.125,2450.900,2530.250,2456.417,2726.667,2458.533
2526.500,2439.833,2566.750,2486.500,2553.400,2498.188,2441.250,2541.312,2470.667,2700.167,2494.267
2539.056,2449.033,2574.925,2470.250,2563.267,2498.438,2463.000,2535.125,2472.250,2717.500,2490.267
2534.444,2461.267,2582.900,2491.200,2571.600,2507.750,2448.400,2525.750,2483.000,2731.417,2476.133
2560.056,2465.400,2583.725,2466.550,2562.267,2497.688,2453.350,2537.500,2451.833,2749.833,2490.200
2552.611,2459.233,2595.075,2487.950,2598.533,2498.625,2464.450,2535.188,2465.167,2793.917,2479.600
2572.944,2468.267,2574.950,2490.750,2580.200,2505.438,2480.700,2553.688,2478.000,2724.500,2510.733
2561.722,2472.100,2576.300,2489.350,2569.867,2496.125,2464.550,2549.250,2471.667,2763.833,2479.533
2551.556,2454.833,2580.325,2466.350,2571.400,2509.312,2460.950,2560.062,2475.083,2747.833,2474.600
2541.167,2482.567,2571.300,2515.900,2592.000,2509.812,2462.350,2561.500,2485.083,2747.583,2506.800
2541.778,2452.633,2585.700,2485.000,2582.800,2503.625,2463.050,2546.625,2483.583,2755.417,2484.867
2531.444,2468.367,2567.800,2496.000,2578.667,2486.625,2471.250,2522.438,2471.917,2738.083,2488.067
2524.167,2458.867,2574.575,2470.200,2588.200,2514.062,2465.250,2554.875,2475.667,2737.750,2465.600
2525.389,2454.000,2576.325,2487.550,2590.733,2509.938,2481.550,2542.625,2460.417,2741.000,2481.933
2526.667,2459.933,2571.125,2466.900,2583.933,2494.688,2449.300,2537.312,2457.000,2732.833,2456.600
2531.556,2457.000,2561.425,2486.200,2564.267,2515.625,2457.150,2554.438,2460.667,2710.750,2483.067
2524.056,2460.700,2572.925,2478.600,2576.067,2515.250,2447.250,2558.750,2471.083,2722.083,2474.667
2500.444,2439.967,2554.350,2466.700,2563.867,2487.062,2447.850,2537.312,2484.250,2691.250,2469.933
2512.222,2460.500,2568.425,2463.000,2576.933,2503.375,2458.950,2555.812,2445.167,2727.333,2476.133
2509.056,2439.867,2570.400,2481.500,2569.933,2515.375,2475.650,2537.375,2476.500,2685.583,2456.133
2488.833,2439.900,2550.525,2469.150,2558.600,2502.812,2454.550,2557.625,2462.417,2713.083,2483.400
2504.278,2437.167,2561.850,2487.350,2578.400,2516.062,2453.350,2535.812,2454.667,2683.833,2472.733
2498.500,2447.967,2557.825,2469.250,2571.267,2511.125,2455.700,2536.500,2466.917,2684.583,2472.867
2518.833,2425.667,2574.800,2471.500,2544.467,2520.750,2458.000,2542.938,2464.917,2701.000,2482.333
2533.833,2439.600,2569.100,2471.500,2542.400,2497.188,2461.900,2529.062,2468.750,2677.250,2476.667
2548.556,2437.667,2556.400,2452.550,2572.133,2500.562,2456.600,2540.188,2472.083,2675.083,2480.000
2542.778,2447.100,2573.800,2486.300,2563.267,2499.500,2454.000,2530.562,2457.667,2701.667,2467.533
2522.278,2446.600,2570.925,2469.050,2550.600,2497.812,2466.200,2535.438,2460.167,2713.833,2486.333
2519.778,2445.967,2574.150,2472.050,2578.133,2508.375,2459.900,2554.688,2466.000,2714.250,2466.533
2548.167,2441.533,2580.100,2481.800,2552.667,2499.062,2451.650,2549.438,2440.417,2729.000,2484.600
2546.611,2450.333,2572.450,2482.000,2571.067,2500.625,2459.700,2537.312,2445.750,2698.750,2456.200
2553.556,2454.567,2585.625,2494.200,2566.867,2497.875,2451.150,2543.938,2468.500,2718.833,2448.667
2529.111,2456.867,2591.150,2486.850,2582.200,2503.750,2482.600,2557.250,2445.583,2713.417,2489.667
2546.500,2464.567,2579.300,2497.850,2590.333,2519.688,2467.500,2548.312,2477.167,2705.333,2472.533
2527.556,2456.033,2585.900,2489.450,2568.533,2498.562,2449.600,2565.625,2497.250,2726.083,2477.933
2543.611,2434.000,2559.250,2473.150,2569.400,2508.562,2469.150,2561.000,2466.667,2732.000,2465.200
2510.500,2460.733,2576.025,2481.550,2566.333,2525.062,2471.000,2541.688,2485.583,2717.917,2496.200
2531.111,2460.567,2579.400,2478.650,2549.600,2487.562,2467.200,2553.750,2474.833,2684.833,2446.933
2506.167,2443.367,2574.925,2481.650,2575.400,2504.000,2447.400,2545.750,2456.833,2697.083,2460.000
2516.111,2452.533,2571.100,2472.200,2557.467,2520.625,2481.100,2564.375,2463.917,2723.750,2458.533
2492.667,2453.100,2578.900,2470.450,2555.533,2516.562,2461.650,2547.312,2484.667,2708.250,2466.333
2495.056,2445.833,2569.025,2464.250,2576.000,2523.125,2465.700,2534.688,2494.833,2680.917,2483.267
2489.556,2430.367,2566.425,2474.400,2568.000,2524.938,2440.400,2542.812,2456.083,2686.500,2497.600
2511.389,2437.067,2557.325,2450.150,2542.867,2497.625,2440.450,2513.562,2456.333,2689.833,2465.000
2489.278,2434.367,2559.150,2481.700,2549.400,2511.375,2462.600,2564.062,2452.583,2705.583,2460.933
2504.111,2443.133,2550.400,2467.850,2543.533,2489.062,2421.100,2534.000,2460.750,2687.417,2466.733
2508.611,2446.200,2564.200,2483.150,2527.733,2483.250,2465.900,2546.812,2454.417,2671.417,2458.133
2495.500,2448.067,2552.175,2464.700,2545.933,2508.250,2436.250,2536.438,2474.500,2650.250,2469.133
2514.611,2432.167,2548.650,2468.300,2557.200,2517.812,2467.550,2545.125,2447.917,2655.583,2477.000
2531.778,2435.467,2559.900,2453.100,2543.467,2493.375,2468.450,2534.375,2464.917,2656.333,2495.467
2524.778,2450.467,2561.675,2476.200,2570.400,2498.000,2464.400,2526.875,2453.750,2708.250,2470.733
2521.611,2452.900,2566.300,2483.850,2582.467,2487.125,2463.800,2532.875,2491.750,2701.000,2484.267
2536.333,2462.133,2573.675,2472.050,2551.467,2503.375,2470.300,2563.000,2467.750,2719.333,2448.333
2521.111,2453.200,2571.875,2469.050,2549.267,2501.125,2470.950,2554.312,2472.167,2706.500,2477.267
2539.667,2455.500,2556.250,2498.000,2585.800,2498.438,2453.450,2559.688,2470.583,2701.583,2469.733
2522.889,2462.467,2565.575,2470.400,2576.067,2508.750,2466.100,2558.250,2456.417,2705.167,2462.600
2519.389,2459.833,2576.000,2486.550,2561.467,2507.750,2482.650,2539.812,2471.250,2705.167,2498.600
2501.389,2442.067,2583.875,2493.600,2577.467,2508.625,2459.900,2529.375,2452.417,2692.167,2480.667
2528.556,2451.133,2566.175,2487.500,2585.400,2507.750,2461.000,2543.938,2466.500,2711.750,2458.067
2510.611,2459.533,2575.025,2464.750,2544.733,2502.500,2464.450,2546.188,2463.167,2676.000,2470.133
2519.778,2446.567,2571.750,2467.800,2564.733,2500.250,2470.350,2558.375,2459.500,2711.083,2459.467
2500.111,2465.367,2575.700,2488.700,2551.667,2490.438,2474.050,2553.938,2447.167,2694.583,2461.267
2507.500,2439.000,2556.875,2483.150,2556.333,2515.375,2472.750,2532.938,2462.167,2697.417,2444.333
2517.167,2444.500,2573.450,2479.350,2532.133,2485.438,2465.600,2525.000,2455.750,2701.250,2474.133
2494.333,2439.200,2560.125,2480.700,2549.533,2510.562,2456.750,2538.000,2475.000,2679.083,2466.067
2498.000,2431.100,2561.450,2476.950,2557.067,2510.500,2460.050,2557.875,2496.250,2640.833,2451.000
2496.333,2433.933,2555.200,2470.900,2562.267,2498.625,2469.950,2541.625,2462.500,2685.500,2462.000
2499.000,2428.567,2555.125,2471.000,2533.533,2534.688,2450.400,2548.375,2461.083,2655.750,2448.333
2470.611,2433.100,2549.900,2454.050,2540.467,2498.000,2460.950,2530.062,2463.333,2673.250,2444.000
2499.278,2437.433,2569.375,2456.250,2529.333,2493.000,2446.550,2529.000,2458.750,2669.083,2450.067
2478.833,2417.067,2557.825,2467.550,2543.600,2511.812,2446.050,2539.438,2447.750,2687.917,2437.067
2473.222,2428.733,2569.000,2480.350,2564.600,2509.125,2437.750,2516.625,2430.417,2667.083,2438.733
2531.000,2433.300,2558.750,2455.400,2547.133,2502.812,2453.700,2527.188,2441.333,2660.417,2441.933
2513.278,2425.667,2550.750,2457.400,2553.667,2498.188,2427.000,2536.750,2438.667,2646.000,2456.200
2506.167,2433.533,2551.975,2484.750,2519.667,2505.812,2457.250,2510.938,2464.000,2637.583,2461.733
2539.000,2434.967,2554.850,2461.550,2558.200,2514.625,2466.200,2529.188,2461.667,2677.917,2458.867
2522.111,2431.800,2580.525,2491.600,2532.267,2507.375,2479.450,2556.688,2446.583,2670.917,2462.267
2507.611,2437.233,2559.000,2462.350,2542.133,2507.625,2443.050,2529.625,2448.250,2700.583,2474.533
2519.500,2442.967,2564.625,2473.450,2525.400,2505.250,2456.150,2535.125,2432.583,2657.333,2487.133
2529.000,2434.700,2567.525,2479.000,2529.000,2491.125,2460.200,2564.938,2476.917,2655.250,2472.533
2511.000,2456.067,2562.325,2481.450,2535.467,2508.125,2470.900,2535.375,2473.167,2675.083,2492.400
2543.111,2439.300,2567.225,2472.550,2519.000,2497.562,2468.200,2524.625,2451.167,2679.667,2482.733
2523.167,2439.100,2581.700,2466.000,2532.400,2517.125,2470.100,2549.812,2455.417,2682.667,2473.400
2518.556,2436.200,2572.775,2481.050,2541.200,2495.562,2460.750,2568.938,2470.583,2681.417,2487.600
2517.778,2422.900,2568.800,2475.850,2532.000,2504.438,2477.200,2543.375,2457.750,2691.417,2464.000
2506.000,2445.667,2563.975,2462.850,2545.067,2504.375,2454.250,2529.000,2455.667,2668.083,2457.667
2494.889,2428.100,2554.650,2470.300,2544.000,2507.375,2458.050,2554.812,2449.167,2652.583,2452.267
2509.389,2426.133,2576.375,2458.700,2534.267,2503.875,2450.600,2526.375,2460.333,2645.583,2465.200
2476.278,2437.800,2559.675,2478.350,2543.933,2492.750,2466.500,2531.750,2476.250,2663.583,2451.200
2504.111,2433.800,2546.475,2465.950,2567.067,2502.812,2450.500,2533.812,2457.083,2674.917,2448.333
2520.889,2425.800,2565.775,2465.500,2545.267,2483.312,2442.100,2534.750,2463.833,2661.500,2448.933
2490.833,2429.633,2549.200,2475.750,2537.933,2507.562,2459.100,2529.438,2463.167,2672.000,2458.733
2490.500,2433.033,2554.975,2460.950,2528.267,2503.562,2462.350,2540.750,2462.250,2642.167,2454.533
2475.611,2424.500,2547.975,2470.600,2541.400,2503.812,2460.300,2531.188,2470.583,2635.833,2448.867
2476.333,2418.267,2552.525,2457.900,2529.000,2496.438,2435.700,2517.688,2418.167,2626.750,2453.800
2486.167,2428.233,2554.000,2464.700,2542.400,2478.500,2447.700,2536.688,2439.250,2648.333,2460.067
2488.667,2448.633,2554.925,2459.100,2527.667,2488.375,2456.850,2540.688,2444.583,2647.167,2455.800
2504.444,2416.733,2549.000,2468.550,2528.733,2500.438,2453.050,2540.875,2466.667,2655.833,2469.400
2501.111,2426.767,2547.450,2457.750,2515.667,2513.562,2454.850,2535.562,2441.917,2639.667,2482.533
2511.556,2429.833,2560.275,2479.100,2536.533,2504.562,2453.600,2542.938,2457.250,2657.833,2462.000
2535.889,2438.700,2554.775,2480.500,2546.800,2496.750,2453.800,2535.188,2444.000,2643.750,2450.000
2498.278,2441.833,2558.850,2472.800,2552.733,2462.125,2463.200,2527.438,2436.250,2683.250,2463.467
2520.056,2442.167,2579.150,2480.250,2554.067,2505.438,2461.750,2544.625,2453.667,2681.250,2485.067
2524.667,2431.500,2557.075,2482.050,2546.267,2486.875,2439.600,2546.938,2442.583,2695.750,2476.667
2510.056,2427.433,2564.650,2487.300,2540.533,2501.438,2458.100,2537.188,2448.500,2666.333,2471.333
2506.333,2444.733,2563.400,2478.200,2557.933,2502.750,2453.550,2520.500,2448.083,2672.833,2466.800
2504.722,2428.100,2564.800,2472.750,2540.200,2519.500,2451.950,2540.062,2449.417,2688.083,2467.467
2511.778,2434.333,2567.150,2477.450,2548.000,2488.812,2446.350,2524.312,2425.000,2663.167,2438.467
2512.556,2444.167,2567.825,2444.300,2554.000,2496.375,2464.200,2561.500,2444.333,2650.667,2476.133
2506.000,2426.733,2555.350,2483.950,2535.267,2482.625,2456.350,2525.312,2465.583,2655.333,2462.867
2501.556,2413.367,2569.175,2479.200,2524.400,2500.562,2464.600,2548.438,2447.250,2643.917,2449.733
2491.778,2420.467,2556.225,2472.200,2518.200,2490.562,2457.100,2522.562,2437.500,2622.917,2471.267
2485.389,2422.433,2551.225,2467.050,2556.200,2486.875,2457.950,2540.500,2465.833,2637.167,2455.800
2486.944,2419.033,2557.575,2463.250,2533.067,2505.938,2451.350,2550.875,2470.417,2675.583,2454.800
2482.944,2425.333,2556.800,2466.200,2521.067,2499.000,2451.600,2538.688,2451.000,2660.583,2471.267
2479.667,2428.700,2550.125,2474.700,2528.933,2492.062,2449.050,2533.875,2451.667,2656.833,2436.867
2485.889,2434.033,2540.200,2449.600,2536.200,2504.750,2438.250,2521.500,2454.083,2650.000,2460.267
2480.556,2446.567,2551.050,2485.500,2528.133,2499.062,2455.850,2520.625,2442.000,2636.167,2469.067
2503.889,2417.800,2543.875,2461.000,2548.000,2507.438,2449.450,2533.750,2463.833,2637.333,2447.600
2492.667,2405.900,2545.150,2460.550,2523.000,2496.688,2445.050,2531.062,2464.917,2679.250,2449.933
2497.833,2419.100,2549.900,2459.050,2533.467,2473.375,2454.050,2549.125,2449.167,2646.833,2453.333
2507.111,2422.900,2548.825,2470.300,2531.133,2479.688,2473.850,2551.938,2454.583,2643.750,2454.933
2495.944,2419.100,2535.925,2466.650,2529.267,2505.250,2454.700,2546.125,2460.250,2653.083,2470.733
2507.889,2423.533,2555.075,2466.000,2533.333,2511.625,2440.750,2545.250,2448.583,2642.667,2463.867
2503.722,2408.900,2549.400,2463.400,2530.333,2461.500,2456.550,2527.000,2423.500,2662.250,2453.333
2506.333,2430.100,2552.000,2476.200,2511.800,2504.688,2459.650,2534.000,2465.167,2652.500,2494.000
2513.833,2428.467,2566.350,2447.500,2536.533,2502.438,2453.900,2541.625,2458.167,2669.833,2459.933
2512.389,2428.867,2557.400,2466.750,2534.400,2481.000,2467.800,2531.438,2456.417,2661.083,2460.400
2500.278,2426.467,2572.450,2470.300,2518.467,2507.812,2452.950,2529.250,2443.583,2676.667,2461.733
2492.611,2427.267,2550.950,2479.950,2528.467,2475.750,2455.950,2537.875,2439.333,2669.750,2457.400
2501.111,2426.133,2570.225,2486.500,2523.533,2479.250,2459.600,2526.688,2441.083,2638.833,2453.800
2479.000,2430.800,2561.800,2473.150,2535.200,2485.312,2443.850,2534.375,2465.917,2649.250,2460.667
2505.389,2432.133,2565.150,2475.750,2533.133,2487.938,2441.700,2537.688,2442.750,2657.667,2449.133
2513.278,2427.433,2554.100,2469.550,2537.267,2499.688,2459.200,2531.062,2438.417,2638.333,2444.400
2491.611,2423.167,2559.425,2481.050,2531.600,2497.062,2447.500,2547.688,2433.500,2633.750,2448.267
2502.778,2431.533,2558.825,2467.300,2511.533,2479.688,2452.900,2523.938,2457.833,2648.833,2460.467
2499.722,2407.900,2555.050,2463.000,2518.733,2492.438,2449.800,2541.812,2437.417,2641.500,2474.933
2494.167,2415.900,2546.075,2464.800,2516.667,2484.312,2443.450,2523.562,2425.917,2639.417,2459.133
2481.333,2407.733,2560.650,2470.450,2484.400,2498.562,2453.950,2514.625,2444.250,2630.833,2447.533
2478.111,2409.267,2546.250,2468.600,2501.467,2477.188,2473.350,2544.438,2445.417,2642.917,2443.000
2491.556,2406.967,2542.175,2468.650,2526.267,2467.375,2421.250,2512.062,2422.583,2638.917,2448.667
2486.889,2412.233,2547.875,2441.350,2529.400,2470.875,2446.800,2514.438,2435.583,2632.417,2465.600
2489.167,2413.800,2546.875,2450.450,2532.067,2504.875,2444.550,2534.562,2434.000,2632.833,2459.867
2479.056,2422.567,2540.600,2447.850,2527.067,2504.312,2448.100,2532.875,2439.500,2637.667,2451.800
2503.056,2432.533,2536.750,2484.800,2522.000,2499.062,2438.450,2531.438,2428.833,2657.500,2457.400
2498.667,2427.200,2545.075,2458.300,2527.200,2467.688,2433.100,2536.500,2436.083,2667.333,2458.000
2489.333,2423.367,2553.250,2461.400,2527.133,2489.312,2462.850,2512.438,2435.917,2635.250,2468.800
2500.222,2406.200,2563.125,2465.650,2539.600,2488.312,2446.150,2532.812,2435.250,2626.250,2447.667
2506.778,2418.633,2559.525,2477.350,2539.733,2479.312,2458.050,2516.000,2447.917,2640.750,2448.067
2520.722,2415.967,2556.675,2470.600,2528.667,2472.688,2464.400,2518.688,2463.417,2663.250,2446.333
2506.222,2412.300,2549.525,2474.200,2532.267,2495.688,2473.250,2511.625,2448.083,2651.917,2461.333
2513.167,2413.533,2550.425,2461.750,2542.800,2490.188,2454.600,2523.875,2439.083,2607.833,2458.867
2517.000,2413.000,2553.500,2487.100,2545.467,2470.250,2444.750,2543.125,2439.750,2648.583,2477.933
2514.444,2422.200,2560.225,2487.350,2530.667,2482.312,2454.950,2528.000,2412.417,2632.667,2457.400
2498.222,2410.700,2548.875,2473.950,2511.533,2475.625,2472.300,2528.562,2432.500,2625.833,2457.933
2498.278,2426.000,2547.850,2479.250,2540.067,2464.250,2468.600,2515.750,2440.750,2631.500,2449.000
2502.722,2412.567,2552.150,2477.800,2540.067,2469.188,2457.300,2528.438,2437.833,2663.500,2455.667
2502.722,2422.833,2551.400,2479.100,2507.000,2467.188,2463.900,2526.312,2458.500,2651.083,2461.733
2536.056,2419.567,2547.400,2464.000,2519.667,2508.688,2452.300,2529.938,2434.167,2644.917,2453.133
2498.500,2421.567,2536.100,2466.750,2535.000,2479.312,2455.550,2524.688,2439.833,2651.667,2455.800
2492.500,2413.300,2548.050,2458.750,2529.467,2480.188,2460.000,2523.750,2435.250,2625.333,2456.933
2483.222,2424.033,2545.350,2460.600,2537.200,2467.375,2443.000,2529.438,2470.167,2606.750,2428.733
2511.222,2416.300,2530.650,2455.300,2529.333,2466.812,2455.300,2518.500,2459.167,2619.583,2436.867
2488.833,2426.033,2526.725,2484.600,2518.133,2458.562,2472.450,2510.250,2434.750,2614.167,2436.267
2490.000,2411.467,2543.525,2468.000,2512.667,2476.000,2461.350,2537.938,2423.417,2586.833,2445.200
2482.722,2403.767,2536.450,2468.200,2521.467,2473.938,2429.250,2534.625,2435.750,2586.000,2444.000
2489.000,2420.967,2546.075,2468.250,2502.333,2478.188,2441.750,2522.812,2422.167,2616.417,2447.133
2486.333,2408.833,2535.550,2462.900,2509.067,2446.625,2440.500,2496.812,2452.667,2602.667,2455.933
2501.000,2405.467,2552.175,2456.200,2534.933,2480.625,2448.100,2510.688,2446.000,2621.083,2475.733
2503.333,2407.300,2539.025,2452.800,2502.200,2471.562,2459.200,2509.375,2439.750,2610.167,2454.733
2500.444,2420.733,2551.275,2458.750,2514.400,2480.938,2440.500,2517.188,2440.583,2625.583,2448.667
2490.444,2407.767,2549.375,2461.000,2528.467,2477.688,2443.100,2536.000,2449.500,2609.250,2465.200
2493.944,2414.767,2549.500,2461.350,2512.467,2490.312,2472.700,2519.312,2433.167,2595.833,2439.800
2500.389,2428.400,2562.025,2480.000,2526.533,2502.375,2454.950,2526.188,2430.417,2628.250,2464.933
2513.778,2428.833,2549.400,2465.700,2507.733,2469.750,2461.150,2538.688,2424.917,2621.833,2478.667
2503.111,2411.467,2546.400,2462.050,2531.333,2471.000,2474.750,2531.062,2445.667,2634.750,2448.533
2509.500,2420.333,2550.125,2475.800,2502.667,2487.375,2453.400,2536.688,2449.417,2647.333,2468.533
2505.778,2418.833,2559.500,2466.800,2496.067,2480.188,2460.950,2514.562,2450.083,2639.167,2469.867
2491.111,2421.033,2552.250,2466.100,2524.133,2483.125,2476.650,2532.562,2456.833,2623.417,2472.933
2490.778,2417.467,2556.475,2472.050,2503.600,2484.500,2460.000,2545.875,2463.083,2627.000,2463.267
2482.778,2407.600,2547.725,2465.700,2522.733,2467.312,2452.400,2530.062,2444.417,2601.167,2463.467
2476.944,2430.000,2543.600,2464.650,2526.933,2489.812,2462.700,2539.625,2436.917,2626.583,2451.333
2472.389,2415.400,2551.475,2471.300,2507.067,2456.000,2446.700,2517.812,2439.250,2596.917,2440.400
2476.778,2414.200,2550.275,2451.300,2510.600,2462.125,2447.850,2517.938,2432.917,2636.417,2463.667
2474.000,2413.000,2532.650,2465.450,2518.733,2479.625,2460.450,2538.188,2460.250,2610.167,2447.333
2468.778,2412.133,2560.350,2466.450,2522.667,2466.125,2466.800,2519.312,2463.000,2611.000,2441.933
2469.389,2409.300,2530.350,2455.300,2516.600,2495.062,2436.400,2538.750,2428.667,2589.917,2443.267
2477.611,2414.000,2533.375,2461.550,2534.000,2473.750,2440.200,2528.812,2444.083,2569.750,2453.667
2473.167,2413.533,2538.600,2460.450,2526.400,2479.062,2463.150,2524.938,2437.750,2589.750,2453.067
2470.722,2410.367,2534.250,2440.950,2504.467,2475.375,2444.650,2536.750,2415.750,2592.083,2414.400
2479.222,2408.600,2534.100,2465.050,2505.467,2470.312,2447.450,2528.000,2408.167,2602.000,2465.400
2498.889,2407.233,2535.350,2471.950,2502.733,2468.938,2451.450,2529.500,2415.417,2617.750,2439.333
2491.167,2410.267,2529.350,2470.300,2509.867,2481.375,2422.450,2505.188,2434.333,2610.000,2440.333
2494.111,2414.167,2537.050,2451.900,2511.800,2476.875,2453.700,2513.625,2413.083,2626.833,2459.933
2468.667,2415.100,2537.275,2465.150,2500.533,2476.750,2454.800,2503.500,2438.833,2610.333,2440.133
2498.056,2411.200,2529.200,2455.900,2537.067,2467.312,2436.650,2516.750,2450.083,2605.667,2443.533
2512.389,2408.967,2528.975,2459.150,2500.867,2463.000,2449.700,2532.438,2421.167,2602.167,2461.933
2498.389,2419.367,2542.625,2452.300,2489.600,2474.125,2458.000,2519.188,2432.417,2617.333,2452.200
2481.667,2406.767,2533.550,2464.850,2520.267,2470.188,2450.400,2501.562,2409.250,2614.833,2463.533
2493.056,2412.133,2529.825,2458.450,2471.000,2483.312,2451.550,2540.562,2425.083,2622.000,2462.800
2485.611,2416.167,2526.850,2467.700,2514.733,2472.125,2443.700,2526.188,2439.833,2649.333,2459.267
2494.278,2420.200,2537.200,2471.000,2505.133,2456.750,2449.250,2540.562,2450.917,2635.833,2454.733
2498.500,2419.867,2541.725,2459.300,2503.400,2474.500,2437.600,2552.625,2457.167,2626.250,2455.133
2484.556,2418.333,2551.925,2465.000,2534.333,2468.250,2449.650,2516.125,2410.333,2603.417,2470.333
2480.778,2417.900,2544.425,2469.400,2486.933,2494.188,2441.200,2526.750,2447.250,2639.333,2449.800
2493.056,2410.800,2547.175,2457.900,2514.600,2481.062,2449.000,2542.375,2444.167,2610.250,2495.133
2486.722,2415.800,2526.875,2443.850,2498.200,2468.812,2456.700,2535.625,2438.500,2620.250,2443.467
2497.611,2393.800,2535.275,2442.450,2498.933,2487.688,2447.050,2518.000,2433.500,2585.500,2455.467
2487.556,2412.867,2537.300,2472.750,2512.133,2479.125,2447.950,2552.000,2448.750,2618.250,2454.667
2477.333,2399.233,2535.500,2463.500,2512.933,2465.250,2450.200,2531.562,2427.667,2588.667,2451.867
2464.278,2398.167,2522.425,2471.450,2484.267,2479.938,2441.350,2516.250,2448.500,2606.917,2460.867
2471.389,2395.867,2534.775,2454.050,2515.000,2480.625,2450.250,2498.938,2421.083,2608.417,2459.667
2464.222,2402.733,2518.975,2454.000,2491.933,2487.812,2451.900,2515.375,2437.250,2604.167,2452.067
2483.889,2404.533,2531.300,2458.350,2482.600,2461.000,2442.500,2532.625,2412.667,2589.000,2463.733
2470.833,2401.733,2530.850,2455.650,2469.400,2455.938,2449.900,2523.688,2439.500,2620.667,2427.867
2493.833,2408.567,2530.975,2459.150,2512.600,2466.938,2458.350,2507.375,2417.083,2612.333,2468.467
2457.056,2404.267,2534.175,2438.400,2505.467,2490.188,2452.700,2508.188,2435.583,2617.750,2449.133
2490.111,2396.833,2523.300,2463.850,2499.667,2467.750,2456.750,2536.312,2441.667,2580.083,2461.800
2507.389,2415.367,2542.375,2456.200,2513.733,2495.125,2476.850,2527.000,2443.667,2622.917,2456.267
2503.222,2414.933,2567.725,2491.900,2516.200,2503.125,2473.200,2565.125,2485.000,2614.667,2386.733
