4934.556,3476.889,3653.778,3504.111,3640.000,3793.444,3788.500,3784.917,5643.667,3984.500
4793.111,3522.667,3679.333,3458.000,3612.167,3756.000,3716.500,3737.917,5618.250,3936.750
4819.111,3463.222,3672.444,3426.667,3634.500,3734.000,3743.000,3712.583,5624.750,3916.417
4815.667,3487.556,3637.000,3464.222,3630.833,3742.000,3786.583,3720.417,5558.083,3949.500
4807.556,3447.111,3656.444,3431.222,3648.333,3730.111,3755.167,3721.750,5553.583,3953.500
4778.667,3462.556,3647.556,3456.111,3628.750,3704.778,3668.333,3728.333,5536.083,3936.000
4796.111,3490.889,3660.333,3413.222,3590.083,3707.000,3699.167,3715.833,5559.000,3885.833
4801.556,3482.778,3630.333,3413.111,3644.167,3779.000,3713.500,3728.667,5594.083,3921.833
4804.444,3497.778,3624.889,3466.000,3574.083,3720.444,3683.833,3690.583,5560.000,3899.833
4827.667,3450.111,3645.444,3406.889,3611.333,3683.889,3723.667,3709.417,5541.833,3926.167
4852.556,3453.667,3656.778,3426.111,3610.667,3718.667,3696.250,3705.167,5608.667,3906.333
4819.667,3437.444,3648.333,3456.111,3638.333,3691.778,3676.167,3720.917,5572.000,3895.417
4765.111,3429.000,3635.000,3427.444,3632.333,3763.889,3713.750,3730.917,5594.667,3898.167
4823.000,3451.333,3635.667,3427.889,3627.000,3720.111,3685.667,3663.333,5542.667,3920.083
4754.778,3522.556,3642.889,3441.444,3615.333,3705.000,3718.583,3729.167,5486.000,3896.667
4729.889,3431.222,3625.222,3404.222,3599.000,3699.111,3699.417,3742.250,5598.333,3851.917
4783.444,3488.111,3643.444,3420.333,3624.000,3687.444,3722.833,3660.667,5535.500,3910.417
4744.778,3456.222,3650.000,3414.444,3596.583,3708.000,3697.917,3699.083,5534.500,3911.583
4795.000,3443.222,3624.889,3416.222,3628.667,3718.667,3721.917,3698.750,5567.500,3915.000
4741.556,3480.667,3623.444,3426.444,3617.167,3748.667,3729.500,3717.167,5496.000,3906.333
4760.889,3457.000,3647.444,3403.222,3594.917,3731.778,3682.333,3743.000,5577.750,3935.583
4742.222,3460.222,3650.667,3373.333,3581.333,3752.556,3666.500,3688.667,5579.083,3947.333
4759.556,3455.889,3653.889,3433.667,3582.167,3672.333,3657.250,3676.500,5566.000,3930.333
4789.444,3468.111,3612.222,3447.556,3604.583,3670.667,3666.250,3708.417,5534.667,3917.750
4776.444,3469.556,3638.333,3443.556,3623.417,3726.778,3678.500,3649.917,5556.250,3922.250
4779.667,3444.889,3642.889,3435.333,3610.583,3725.778,3704.167,3701.750,5552.750,3946.083
4728.889,3487.111,3601.222,3411.111,3611.083,3691.000,3689.917,3712.083,5581.333,3931.000
4835.667,3468.222,3679.111,3395.667,3605.250,3671.111,3694.833,3700.833,5572.917,3938.333
4736.444,3464.000,3596.889,3432.556,3613.667,3730.222,3711.333,3683.083,5516.250,3901.167
4791.889,3495.667,3662.000,3430.889,3601.167,3681.000,3695.583,3692.667,5571.833,3928.167
4759.111,3496.889,3646.444,3423.444,3575.583,3734.667,3704.417,3699.833,5583.833,3837.417
4720.222,3464.444,3649.444,3417.889,3614.583,3708.444,3700.333,3672.167,5571.750,3892.667
4796.000,3433.111,3640.667,3431.778,3601.667,3715.222,3724.333,3646.000,5535.250,3913.000
4744.778,3470.111,3642.333,3404.556,3579.417,3724.111,3654.750,3728.917,5576.583,3930.000
4758.889,3482.556,3604.000,3427.889,3575.250,3692.111,3692.417,3721.083,5497.250,3869.083
4767.222,3460.667,3658.889,3424.000,3606.667,3668.778,3683.667,3684.333,5572.500,3928.500
4810.333,3441.000,3633.111,3432.222,3590.333,3678.667,3677.750,3708.167,5547.417,3925.417
4763.000,3479.222,3633.333,3387.222,3599.333,3671.222,3714.500,3703.083,5539.500,3919.000
4767.778,3487.111,3675.000,3395.111,3621.083,3677.889,3667.500,3677.000,5591.917,3911.667
4761.111,3469.333,3661.889,3419.222,3609.333,3747.778,3682.667,3696.667,5555.750,3934.667
4800.111,3470.556,3607.000,3439.444,3604.583,3719.000,3669.833,3688.667,5584.000,3951.333
4733.111,3463.222,3639.667,3412.444,3595.000,3700.222,3709.417,3706.000,5591.167,3969.500
4829.778,3490.889,3637.222,3432.667,3632.167,3704.444,3707.917,3667.167,5596.083,3889.750
4759.000,3475.333,3646.556,3438.000,3595.833,3703.556,3682.750,3684.000,5530.583,3925.167
4772.333,3478.444,3675.667,3416.444,3590.500,3719.889,3703.417,3697.833,5550.167,3893.417
4756.222,3453.333,3632.778,3426.333,3590.500,3650.333,3685.667,3698.250,5576.000,3907.750
4771.667,3481.778,3612.111,3420.556,3616.500,3714.444,3682.833,3731.250,5571.000,3954.583
4754.444,3495.667,3627.667,3460.444,3599.250,3680.222,3716.083,3702.500,5515.167,3912.417
4789.444,3492.778,3636.556,3399.667,3585.083,3698.778,3667.500,3659.500,5528.667,3883.417
4771.222,3511.889,3710.222,3403.667,3588.333,3664.778,3740.667,3680.750,5581.667,3941.167
4734.889,3482.000,3596.667,3409.000,3637.917,3695.111,3683.667,3706.833,5521.000,3926.333
4682.556,3460.000,3614.222,3439.444,3556.583,3652.556,3673.333,3719.500,5540.417,3934.917
4752.333,3509.111,3647.778,3403.222,3582.750,3664.889,3679.583,3683.833,5562.083,3940.000
4745.667,3455.222,3631.000,3423.444,3625.083,3715.333,3687.083,3675.833,5538.750,3912.917
4752.333,3468.889,3658.333,3412.000,3578.583,3678.222,3684.500,3662.583,5595.000,3937.083
4715.444,3493.667,3654.556,3428.889,3567.333,3695.000,3667.500,3724.750,5586.000,3892.417
4705.000,3455.556,3616.222,3401.444,3562.917,3673.556,3679.333,3724.333,5569.500,3964.667
4726.778,3503.889,3641.889,3408.778,3597.750,3673.333,3648.583,3672.500,5520.500,3870.833
4707.667,3488.667,3655.222,3385.444,3587.667,3693.111,3679.333,3706.500,5553.417,3889.917
4715.556,3499.111,3644.556,3343.444,3579.833,3644.444,3690.083,3676.083,5556.833,3946.417
4739.778,3521.333,3619.222,3382.444,3567.500,3681.444,3687.750,3704.833,5544.667,3913.500
4752.222,3495.111,3650.556,3391.556,3588.750,3720.111,3701.667,3671.000,5599.250,3924.417
4700.889,3511.000,3636.333,3427.444,3620.333,3669.556,3661.333,3716.750,5541.583,3899.833
4717.556,3481.889,3639.667,3423.111,3561.667,3704.889,3689.167,3667.167,5600.333,3916.500
4745.778,3496.778,3621.333,3388.889,3565.833,3691.111,3687.583,3697.167,5537.333,3934.417
4747.556,3468.222,3588.333,3411.222,3543.750,3667.667,3700.667,3697.333,5549.167,3925.750
4674.556,3466.667,3628.111,3431.000,3614.417,3735.111,3668.000,3682.167,5511.000,3916.083
4689.000,3431.556,3632.667,3399.556,3577.583,3670.000,3676.833,3676.333,5530.500,3883.833
4733.444,3480.333,3651.444,3408.222,3563.583,3695.556,3683.500,3686.667,5488.250,3891.333
4715.889,3464.111,3592.556,3417.667,3593.917,3690.000,3705.750,3664.750,5511.250,3954.000
4661.333,3474.444,3634.333,3408.444,3604.667,3680.556,3636.750,3700.667,5534.167,3940.167
4713.000,3469.111,3607.444,3410.667,3587.417,3676.444,3709.500,3683.333,5500.667,3949.167
4707.333,3446.000,3634.778,3378.778,3587.667,3689.778,3699.750,3665.333,5495.250,3969.583
4755.889,3496.889,3645.000,3375.000,3522.250,3692.889,3662.083,3723.417,5539.250,3928.667
4650.667,3492.667,3612.778,3412.444,3571.917,3652.889,3697.500,3684.667,5519.083,3936.000
4679.556,3443.444,3616.222,3402.889,3592.750,3662.556,3663.333,3648.250,5540.750,3872.083
4720.444,3450.000,3621.667,3382.556,3559.417,3664.222,3672.583,3692.167,5579.083,3909.000
4672.111,3434.222,3610.556,3409.556,3597.000,3682.556,3679.583,3658.250,5531.333,3915.500
4669.556,3492.667,3626.222,3381.000,3545.917,3635.889,3652.917,3705.417,5582.583,3902.583
4672.000,3452.111,3658.444,3373.667,3578.917,3683.111,3645.667,3673.750,5563.167,3886.000
4671.778,3487.333,3590.333,3366.222,3557.167,3672.556,3680.333,3721.667,5556.000,3919.250
4656.889,3465.778,3619.556,3387.222,3606.833,3661.778,3658.917,3710.750,5560.417,3915.417
4697.222,3447.778,3637.222,3382.889,3586.083,3653.667,3649.833,3699.333,5559.000,3916.250
4674.000,3454.778,3633.556,3389.333,3566.917,3662.444,3653.167,3670.583,5506.000,3904.333
4700.444,3435.111,3625.333,3394.444,3576.417,3697.222,3678.083,3680.667,5527.833,3891.667
4701.556,3446.778,3610.444,3428.556,3566.333,3639.667,3657.250,3714.167,5508.000,3895.417
4723.556,3471.444,3597.667,3405.111,3593.083,3641.111,3642.500,3687.667,5463.833,3894.417
4702.333,3434.222,3643.778,3409.222,3555.500,3643.000,3689.000,3691.500,5512.917,3920.833
4674.444,3520.000,3641.111,3392.556,3560.583,3657.111,3655.500,3697.250,5563.250,3885.083
4696.111,3499.111,3620.556,3363.667,3565.500,3649.000,3660.667,3696.083,5519.750,3889.583
4664.111,3482.222,3645.444,3382.111,3593.167,3677.889,3641.417,3683.833,5566.083,3880.250
4691.556,3466.444,3588.222,3396.111,3550.917,3703.889,3676.750,3645.333,5555.083,3931.583
4710.000,3475.111,3615.667,3401.111,3591.667,3647.889,3649.083,3648.333,5546.167,3891.417
4704.667,3472.333,3605.778,3381.333,3541.417,3628.667,3685.083,3684.750,5537.083,3991.083
4699.667,3517.222,3645.556,3395.889,3530.667,3683.444,3668.000,3681.833,5569.833,3895.083
4689.000,3472.889,3629.444,3383.111,3618.750,3647.778,3651.083,3702.417,5521.000,3943.917
4667.000,3456.556,3625.111,3416.000,3563.500,3645.000,3666.250,3691.000,5483.917,3891.417
4698.778,3473.333,3636.667,3442.444,3577.333,3649.778,3643.583,3711.083,5554.417,3898.000
4682.444,3440.889,3625.556,3394.222,3566.583,3675.444,3673.500,3666.833,5494.250,3914.917
4695.111,3520.444,3598.889,3371.111,3539.000,3641.333,3674.167,3647.417,5503.250,3894.667
4678.222,3495.222,3620.222,3373.778,3536.000,3670.889,3663.583,3671.333,5531.750,3917.000
4683.000,3443.000,3625.111,3382.111,3583.750,3666.667,3685.417,3638.500,5513.000,3897.250
4684.667,3446.889,3634.000,3374.889,3577.583,3659.889,3675.250,3677.083,5532.167,3913.833
4632.222,3466.333,3650.889,3398.333,3549.500,3642.333,3645.250,3662.750,5537.583,3889.000
4738.444,3479.333,3616.111,3394.444,3579.500,3626.111,3659.250,3661.583,5516.833,3910.250
4722.778,3424.000,3620.778,3369.444,3560.750,3693.778,3634.750,3672.000,5535.833,3929.250
4691.667,3453.556,3550.111,3366.778,3605.917,3666.889,3645.750,3695.417,5478.083,3930.000
4731.889,3493.889,3588.778,3405.556,3541.500,3669.222,3625.083,3653.250,5529.500,3930.750
4663.556,3443.667,3618.556,3365.556,3565.667,3661.889,3608.583,3679.667,5485.167,3914.083
4655.667,3488.778,3607.333,3352.556,3537.083,3663.000,3638.667,3668.083,5526.667,3946.583
4689.222,3476.667,3611.778,3396.111,3590.750,3663.778,3648.333,3659.833,5542.333,3882.750
4688.444,3486.000,3613.111,3374.889,3542.750,3684.333,3670.750,3648.833,5549.667,3918.583
4657.111,3473.333,3603.889,3396.444,3578.083,3663.889,3650.833,3672.000,5502.000,3949.000
4661.222,3478.778,3663.444,3384.333,3566.083,3700.889,3642.917,3670.833,5502.833,3927.333
4657.222,3490.778,3597.778,3421.333,3565.667,3635.333,3663.917,3666.000,5523.833,3889.667
4656.000,3487.222,3586.000,3391.222,3567.333,3643.778,3649.917,3667.750,5486.583,3897.250
4636.222,3482.556,3623.667,3393.444,3550.500,3636.222,3656.500,3664.667,5546.750,3922.167
4664.111,3478.778,3599.889,3373.333,3557.000,3672.778,3648.583,3678.833,5505.833,3959.667
4673.222,3441.778,3582.444,3347.111,3591.333,3677.333,3673.167,3654.417,5526.667,3908.667
4630.222,3472.778,3621.222,3366.889,3535.083,3675.667,3665.833,3669.917,5533.083,3923.500
4698.889,3440.778,3586.778,3353.222,3566.750,3644.000,3682.750,3676.167,5569.333,3905.667
4631.333,3452.667,3662.111,3391.333,3575.750,3663.444,3642.000,3692.250,5546.917,3919.000
4616.667,3437.000,3591.889,3371.222,3569.833,3655.556,3688.000,3652.250,5527.833,3951.167
4599.778,3439.444,3590.111,3360.333,3555.167,3622.222,3654.167,3666.500,5541.917,3865.750
4577.556,3447.556,3637.000,3372.889,3519.500,3637.333,3646.583,3682.083,5507.750,3913.250
4564.333,3480.556,3598.000,3387.778,3561.000,3611.333,3654.000,3671.250,5497.500,3919.083
4639.667,3457.889,3589.889,3382.556,3538.583,3628.778,3670.000,3667.167,5542.167,3886.000
4611.667,3434.556,3613.778,3342.667,3554.083,3622.333,3685.583,3624.000,5468.500,3893.417
4620.000,3430.889,3596.778,3347.000,3546.333,3657.556,3663.000,3657.083,5526.833,3911.500
4572.889,3464.778,3644.889,3360.444,3551.500,3663.889,3686.417,3672.917,5522.167,3868.250
4631.111,3456.889,3593.222,3412.444,3549.750,3659.778,3629.500,3652.250,5490.250,3918.333
4602.889,3430.222,3608.111,3349.333,3539.583,3665.222,3662.917,3667.000,5498.583,3895.917
4577.333,3439.333,3631.556,3392.667,3589.333,3638.333,3642.250,3622.833,5465.583,3878.917
4603.222,3454.444,3583.222,3385.444,3549.000,3664.000,3639.583,3627.167,5486.750,3851.417
4583.556,3402.333,3551.667,3368.000,3563.750,3659.333,3644.917,3670.333,5493.667,3868.583
4653.444,3468.667,3604.000,3404.667,3582.250,3611.333,3670.917,3626.500,5460.000,3888.167
4621.444,3410.333,3574.111,3329.000,3552.000,3657.556,3669.667,3668.917,5466.667,3832.833
4610.556,3471.222,3613.556,3372.000,3588.917,3677.667,3646.500,3663.917,5509.167,3905.500
4598.111,3455.000,3578.000,3392.333,3551.917,3653.778,3631.333,3643.667,5480.583,3851.750
4584.000,3445.222,3561.778,3343.778,3574.833,3657.000,3646.417,3650.583,5484.333,3908.833
4604.222,3442.556,3571.889,3342.000,3535.917,3660.333,3665.500,3654.167,5440.000,3873.500
4619.889,3430.444,3589.222,3388.333,3534.750,3673.444,3670.917,3616.167,5464.583,3858.833
4553.778,3417.667,3570.333,3381.778,3536.417,3638.444,3633.083,3656.583,5508.833,3872.083
4617.889,3456.778,3604.111,3409.556,3539.500,3647.444,3635.583,3652.250,5477.833,3882.333
4613.222,3414.000,3611.778,3370.333,3531.833,3618.778,3642.667,3604.833,5481.667,3876.333
4544.333,3403.444,3592.889,3348.444,3540.167,3617.333,3648.750,3645.250,5446.500,3859.583
4549.000,3423.889,3575.667,3325.889,3579.833,3668.222,3622.083,3646.750,5482.500,3905.833
4595.222,3397.111,3576.333,3338.111,3554.750,3640.778,3628.500,3649.667,5475.333,3849.000
4529.333,3421.556,3613.111,3345.444,3539.167,3603.889,3610.250,3652.833,5519.250,3884.500
4594.111,3468.333,3612.778,3365.333,3524.667,3656.556,3622.583,3665.333,5478.917,3890.333
4567.111,3472.667,3621.222,3419.111,3520.167,3612.111,3619.917,3644.917,5502.750,3911.500
4635.000,3441.889,3615.000,3383.556,3521.000,3652.444,3658.917,3614.000,5545.500,3873.083
4594.000,3445.222,3619.778,3406.000,3527.750,3662.778,3623.750,3654.250,5504.833,3874.917
4605.556,3447.556,3586.000,3364.667,3550.417,3607.889,3663.333,3624.583,5495.750,3860.667
4546.556,3471.889,3599.333,3375.444,3533.833,3683.333,3623.333,3636.083,5452.250,3865.083
4567.556,3427.667,3598.000,3388.667,3561.250,3623.778,3641.000,3650.167,5495.917,3886.417
4569.333,3436.333,3609.000,3382.667,3556.750,3630.111,3653.167,3636.167,5506.833,3872.083
4599.778,3404.667,3575.000,3345.778,3551.000,3656.667,3638.250,3670.500,5501.167,3862.833
4561.333,3427.444,3633.222,3366.444,3558.583,3621.333,3630.750,3656.250,5480.000,3862.667
4590.000,3405.444,3603.000,3370.222,3574.750,3636.222,3618.417,3638.083,5505.500,3870.667
4599.111,3435.000,3589.667,3334.667,3542.750,3640.556,3627.750,3628.667,5516.750,3887.583
4550.667,3438.778,3561.667,3330.556,3541.750,3643.778,3629.333,3667.167,5492.250,3856.417
4546.778,3424.000,3586.778,3342.778,3559.500,3640.000,3606.750,3641.250,5477.917,3905.333
4606.111,3427.444,3627.556,3358.444,3574.667,3658.222,3607.083,3612.583,5476.000,3875.833
4530.000,3445.333,3605.111,3325.111,3549.833,3611.667,3644.750,3632.167,5483.333,3887.500
4546.222,3410.333,3591.778,3305.444,3539.083,3624.333,3655.167,3638.083,5459.500,3854.583
4536.556,3432.000,3581.000,3413.222,3509.667,3632.667,3642.417,3615.333,5464.417,3868.333
4527.889,3443.667,3574.556,3369.000,3541.667,3634.889,3635.083,3654.167,5480.583,3862.667
4569.444,3438.333,3623.333,3332.444,3548.583,3621.778,3614.333,3669.000,5454.417,3879.083
4565.000,3432.111,3609.889,3370.000,3601.250,3606.222,3617.250,3584.583,5466.083,3898.667
4542.556,3459.111,3580.222,3362.556,3548.250,3654.111,3604.667,3634.417,5472.083,3828.250
4553.444,3413.333,3549.889,3386.556,3543.083,3603.111,3610.917,3644.500,5512.000,3888.083
4561.111,3408.778,3586.444,3390.222,3549.750,3669.333,3661.667,3641.333,5516.917,3897.417
4585.000,3419.111,3687.222,3350.556,3535.250,3626.667,3623.833,3618.417,5475.833,3857.833
4533.444,3407.667,3615.222,3348.889,3539.167,3648.111,3589.250,3675.250,5452.917,3899.667
4608.111,3456.889,3596.889,3362.222,3552.083,3647.111,3650.833,3668.417,5499.000,3861.667
4576.222,3418.556,3588.000,3356.556,3524.500,3639.556,3631.000,3665.000,5493.250,3885.833
4565.444,3457.444,3566.333,3370.778,3549.333,3647.556,3622.000,3626.583,5555.417,3881.667
4533.111,3423.667,3612.000,3341.556,3532.417,3594.889,3632.750,3655.000,5538.000,3868.083
4593.667,3414.111,3610.333,3363.111,3524.167,3615.778,3630.500,3674.000,5500.000,3884.500
4554.222,3467.778,3609.111,3399.333,3543.583,3653.111,3608.833,3640.333,5504.833,3848.500
4528.444,3421.778,3589.667,3383.333,3511.750,3634.667,3633.417,3631.250,5472.333,3867.417
4492.111,3429.889,3581.667,3369.444,3519.750,3680.444,3601.000,3654.500,5540.750,3876.250
4564.111,3410.444,3605.444,3374.778,3542.833,3636.111,3613.333,3623.000,5488.667,3875.500
4527.333,3422.222,3610.667,3371.778,3565.417,3614.333,3596.500,3616.667,5477.500,3890.167
4534.778,3418.000,3574.000,3387.222,3538.833,3622.667,3614.333,3652.583,5491.250,3823.583
4534.444,3453.000,3564.556,3353.556,3519.083,3659.111,3635.500,3676.250,5498.833,3911.000
4484.333,3417.556,3552.889,3387.222,3550.833,3567.889,3637.250,3644.083,5499.833,3903.417
4534.556,3449.444,3577.333,3356.889,3510.333,3572.556,3634.083,3666.500,5485.333,3835.000
4561.556,3393.333,3612.444,3373.889,3544.500,3648.333,3639.917,3638.917,5494.750,3870.583
4500.556,3416.333,3579.667,3394.556,3533.667,3629.222,3603.000,3632.167,5489.500,3885.750
4483.889,3418.778,3589.111,3365.667,3576.833,3565.667,3600.000,3603.667,5520.000,3849.750
4523.222,3458.667,3590.222,3322.333,3543.583,3659.444,3664.417,3631.500,5480.417,3921.667
4577.556,3436.667,3614.111,3395.000,3507.583,3647.000,3617.917,3619.833,5459.000,3884.917
4541.333,3400.667,3548.778,3359.000,3547.083,3616.556,3585.250,3630.083,5516.417,3901.833
4505.333,3442.111,3556.444,3364.111,3583.250,3649.444,3630.000,3620.750,5514.000,3916.583
4547.222,3435.222,3604.333,3378.778,3509.417,3603.333,3631.833,3645.417,5522.500,3893.083
4514.000,3459.222,3582.111,3330.778,3522.333,3614.778,3615.750,3595.750,5536.333,3877.583
4457.778,3457.667,3577.000,3372.333,3508.500,3620.000,3640.583,3628.167,5468.417,3910.083
4480.111,3436.333,3602.333,3381.667,3522.417,3615.889,3622.917,3668.500,5489.417,3917.583
4541.889,3422.222,3582.111,3380.111,3505.417,3620.667,3630.500,3647.167,5500.417,3895.750
4561.889,3428.000,3577.222,3347.667,3541.750,3602.222,3604.583,3650.083,5486.667,3896.167
4520.111,3440.667,3608.222,3369.000,3526.250,3621.667,3616.333,3628.000,5444.333,3933.667
4542.556,3450.556,3583.333,3333.444,3545.667,3613.000,3644.083,3634.500,5462.667,3876.417
4509.778,3443.000,3571.778,3373.333,3515.833,3621.667,3631.000,3619.750,5507.833,3862.250
4507.333,3441.889,3573.222,3349.000,3540.417,3617.667,3627.250,3667.167,5502.167,3916.583
4506.889,3402.778,3587.667,3370.889,3536.000,3609.889,3584.917,3657.833,5488.750,3891.083
4498.667,3461.333,3565.000,3331.333,3523.500,3665.222,3600.000,3630.000,5471.750,3875.917
4489.778,3428.000,3619.778,3374.444,3542.000,3630.333,3600.667,3683.083,5539.417,3873.833
4554.111,3415.778,3593.111,3352.778,3556.583,3603.111,3597.500,3613.583,5512.083,3889.250
4547.333,3390.000,3617.444,3350.556,3513.167,3656.000,3624.250,3607.250,5482.917,3918.500
4551.889,3445.889,3608.222,3338.889,3530.083,3591.667,3630.000,3607.083,5494.750,3909.417
4490.556,3450.444,3617.222,3371.556,3533.250,3605.667,3598.333,3649.750,5466.250,3878.167
4547.333,3426.333,3585.667,3384.667,3528.750,3642.778,3652.667,3640.667,5461.417,3868.750
4484.000,3471.444,3572.444,3348.333,3512.333,3619.667,3610.167,3642.250,5453.083,3895.917
4493.444,3473.111,3610.111,3366.889,3516.500,3632.222,3639.333,3613.083,5479.250,3886.083
4465.444,3445.222,3563.222,3353.333,3513.417,3628.667,3648.583,3648.333,5505.667,3861.250
4494.111,3442.556,3582.111,3390.222,3499.250,3630.778,3616.417,3653.583,5485.083,3861.833
4530.889,3416.889,3626.444,3358.000,3511.083,3619.444,3620.167,3613.083,5448.250,3882.000
4512.000,3472.778,3555.222,3375.778,3519.167,3580.111,3597.667,3608.583,5452.500,3875.917
4524.667,3410.111,3545.667,3324.889,3523.083,3625.889,3580.750,3646.750,5477.917,3866.500
4531.222,3373.333,3568.333,3361.889,3552.417,3609.667,3606.667,3671.167,5434.500,3878.667
4511.444,3427.222,3628.333,3347.889,3526.750,3623.889,3633.167,3604.083,5453.917,3879.250
4428.556,3439.444,3547.444,3340.778,3561.000,3635.111,3636.333,3645.333,5441.583,3878.417
4468.000,3462.667,3563.556,3346.444,3523.500,3601.333,3631.250,3637.917,5487.667,3874.833
4471.778,3422.889,3592.111,3300.000,3524.333,3628.222,3625.167,3599.917,5493.833,3846.750
4474.444,3376.556,3549.556,3355.000,3542.083,3605.667,3604.167,3607.000,5474.167,3885.250
4517.556,3401.444,3576.667,3349.444,3540.583,3606.111,3635.250,3643.000,5482.417,3864.750
4493.333,3424.444,3604.667,3338.000,3521.667,3575.889,3601.833,3650.500,5483.333,3895.417
4501.778,3419.111,3587.889,3336.667,3498.583,3603.444,3629.000,3639.750,5464.417,3841.583
4498.444,3420.444,3554.111,3366.222,3516.833,3661.000,3596.083,3613.167,5497.333,3840.500
4467.222,3413.444,3581.333,3335.667,3487.083,3613.111,3602.083,3611.000,5431.750,3854.250
4505.444,3396.000,3581.667,3329.778,3493.000,3608.444,3575.083,3615.250,5461.333,3835.833
4454.778,3413.889,3570.222,3301.333,3504.250,3630.556,3650.250,3631.833,5489.167,3834.167
4496.778,3435.667,3582.111,3331.667,3503.500,3593.111,3635.583,3619.500,5462.750,3846.917
4474.333,3386.556,3574.556,3313.889,3483.500,3606.889,3607.167,3641.583,5505.583,3841.333
4447.889,3388.222,3617.111,3324.889,3527.750,3616.222,3593.833,3632.917,5498.333,3860.750
4430.333,3407.667,3586.333,3361.556,3501.417,3616.889,3609.250,3637.583,5432.750,3855.500
4495.556,3368.000,3589.444,3356.889,3524.583,3642.444,3622.917,3629.250,5424.000,3861.000
4506.889,3422.111,3571.111,3332.889,3527.583,3631.778,3576.500,3609.333,5456.417,3866.417
4420.000,3419.333,3574.333,3346.778,3540.583,3605.111,3599.417,3599.833,5435.250,3829.167
4503.444,3441.000,3552.889,3330.222,3517.833,3573.444,3627.333,3605.833,5436.667,3837.083
4472.111,3446.444,3581.889,3343.111,3525.333,3600.222,3644.833,3621.667,5459.750,3848.833
4465.778,3446.667,3574.333,3349.111,3509.167,3628.222,3614.083,3642.667,5473.417,3872.000
4448.667,3394.111,3545.333,3362.000,3506.417,3629.889,3616.167,3614.417,5507.917,3893.250
4452.000,3418.444,3621.556,3364.111,3530.167,3630.889,3584.583,3640.833,5496.000,3836.917
4446.667,3460.222,3569.778,3322.444,3527.167,3627.333,3613.500,3609.083,5489.500,3871.333
4462.000,3407.000,3607.000,3343.333,3550.917,3607.889,3660.000,3620.417,5494.833,3871.083
4441.333,3417.667,3595.444,3332.000,3461.000,3611.000,3641.333,3633.500,5469.833,3840.083
4439.444,3419.667,3579.222,3330.000,3512.667,3594.000,3646.333,3589.167,5457.500,3878.083
4474.000,3396.889,3564.556,3332.444,3497.833,3618.556,3609.000,3661.667,5494.417,3840.167
4468.333,3443.556,3566.556,3371.778,3512.500,3604.889,3593.833,3659.583,5486.417,3878.417
4394.444,3430.778,3589.000,3353.111,3520.417,3598.778,3586.000,3623.167,5473.250,3818.250
4465.000,3409.556,3607.333,3360.222,3486.667,3576.444,3609.417,3667.750,5472.083,3857.917
4443.667,3457.333,3562.778,3370.111,3472.667,3650.556,3582.583,3589.333,5467.333,3850.667
4412.000,3412.444,3542.333,3357.778,3511.500,3625.556,3605.083,3638.000,5519.167,3837.833
4465.222,3476.222,3565.000,3353.222,3506.500,3622.000,3607.667,3633.167,5470.750,3911.250
4476.111,3437.556,3568.556,3358.556,3477.417,3608.444,3615.500,3628.167,5452.250,3845.667
4407.556,3416.444,3577.333,3409.333,3520.333,3592.333,3593.583,3650.000,5477.500,3874.833
4468.778,3441.333,3585.444,3304.222,3508.000,3611.333,3584.667,3608.667,5447.250,3865.250
4437.000,3468.556,3557.000,3344.889,3491.000,3560.111,3568.667,3616.917,5493.417,3857.917
4439.111,3436.333,3572.778,3343.667,3487.917,3596.889,3600.750,3610.583,5456.583,3880.083
4488.444,3448.000,3576.556,3372.444,3545.417,3644.889,3611.000,3660.333,5484.833,3871.667
4470.000,3437.556,3594.444,3356.667,3519.000,3605.556,3586.667,3640.917,5501.000,3839.750
4467.444,3401.889,3591.000,3368.222,3544.167,3606.889,3580.833,3603.333,5494.833,3852.833
4487.111,3433.667,3556.667,3348.556,3504.500,3634.333,3566.667,3605.083,5447.833,3859.000
4451.222,3412.222,3574.556,3354.667,3484.750,3612.222,3597.167,3637.167,5459.667,3850.500
4453.889,3455.667,3581.000,3368.889,3494.917,3618.556,3621.333,3622.333,5463.250,3882.750
4473.000,3437.111,3527.778,3321.333,3491.500,3607.444,3602.333,3643.167,5458.083,3889.500
4446.111,3440.667,3566.222,3338.556,3499.583,3571.667,3594.167,3589.083,5459.667,3836.417
4442.222,3435.667,3583.556,3405.333,3502.583,3579.333,3594.500,3616.500,5428.417,3868.167
4460.778,3420.111,3530.222,3325.000,3489.917,3615.667,3611.083,3616.500,5461.250,3884.167
4447.444,3407.667,3553.556,3373.556,3481.167,3602.444,3583.500,3598.083,5501.250,3841.083
4429.889,3409.778,3586.333,3377.333,3485.083,3566.444,3598.750,3624.000,5434.500,3865.333
4477.444,3428.000,3555.889,3346.333,3523.417,3604.000,3597.750,3620.750,5497.750,3880.167
4424.000,3472.556,3585.333,3327.111,3529.167,3602.556,3611.750,3586.583,5467.083,3880.083
4439.333,3417.444,3529.111,3332.889,3514.750,3548.778,3582.500,3608.500,5480.667,3882.250
4440.778,3403.222,3609.556,3350.222,3483.667,3575.000,3614.917,3633.833,5447.833,3886.583
4443.667,3410.889,3588.333,3306.222,3515.083,3609.000,3587.417,3645.833,5459.417,3800.583
4436.333,3404.000,3601.889,3339.889,3470.583,3601.889,3601.833,3609.917,5492.000,3815.250
4427.111,3412.111,3594.667,3356.889,3497.833,3582.778,3598.167,3596.167,5433.500,3866.917
4433.889,3400.333,3594.444,3337.333,3513.000,3618.222,3608.750,3603.917,5462.667,3848.583
4421.889,3397.556,3594.222,3334.778,3495.333,3574.556,3568.750,3633.500,5444.583,3822.417
4397.667,3404.667,3560.778,3335.444,3503.000,3616.778,3599.917,3588.333,5453.750,3838.750
4434.889,3443.667,3585.000,3358.333,3482.167,3556.889,3588.083,3605.917,5457.000,3842.333
4426.222,3396.222,3573.778,3327.333,3543.750,3585.222,3572.167,3622.667,5438.000,3890.667
4438.111,3421.000,3562.556,3356.889,3499.500,3655.667,3578.083,3627.333,5475.083,3847.750
4448.556,3414.556,3572.333,3344.444,3515.000,3594.889,3611.000,3599.000,5507.417,3885.167
4410.556,3448.000,3575.333,3318.444,3544.333,3617.556,3604.833,3632.917,5432.167,3811.083
4418.889,3422.111,3566.444,3352.111,3488.083,3571.222,3572.083,3615.167,5412.750,3850.083
4419.778,3402.000,3572.222,3365.333,3509.667,3535.556,3586.250,3635.000,5487.917,3854.917
4468.444,3378.222,3582.778,3337.333,3485.500,3558.889,3585.917,3609.333,5440.250,3886.083
4443.333,3383.333,3555.889,3336.222,3501.667,3557.000,3582.083,3589.500,5451.500,3842.833
4409.222,3404.222,3577.889,3341.667,3473.917,3612.333,3563.083,3623.667,5446.083,3881.833
4458.000,3405.889,3557.000,3356.778,3493.167,3575.444,3645.500,3590.833,5444.333,3852.583
4431.889,3419.222,3590.667,3319.556,3488.333,3580.111,3588.500,3591.250,5455.333,3881.083
4436.000,3408.778,3550.000,3346.000,3467.583,3533.222,3583.833,3598.583,5469.917,3871.833
4430.889,3416.333,3575.444,3351.778,3504.917,3571.000,3583.500,3591.333,5372.583,3861.583
4466.667,3427.778,3536.333,3335.667,3473.583,3578.667,3607.250,3639.750,5452.417,3849.000
4452.889,3421.556,3551.889,3340.000,3530.417,3601.556,3591.750,3605.000,5438.167,3846.417
4420.778,3431.556,3545.667,3314.444,3519.833,3546.111,3630.583,3618.917,5385.667,3847.083
4432.000,3432.222,3524.556,3380.000,3514.000,3571.000,3579.083,3627.667,5372.000,3856.083
4470.778,3396.889,3554.111,3299.000,3496.583,3595.333,3566.167,3580.833,5454.917,3865.417
4421.333,3417.444,3553.111,3293.667,3496.583,3591.444,3574.750,3618.167,5446.833,3852.333
4435.000,3403.667,3552.111,3340.333,3519.667,3560.111,3572.500,3590.750,5447.000,3858.917
4386.222,3430.000,3583.556,3375.556,3512.333,3567.667,3579.500,3666.250,5458.500,3896.083
4414.000,3420.333,3569.222,3306.444,3508.917,3599.556,3589.167,3615.000,5435.167,3841.500
4455.000,3426.111,3562.889,3307.222,3480.250,3577.333,3552.083,3605.917,5428.333,3867.917
4527.333,3414.333,3566.778,3386.444,3448.917,3602.667,3604.583,3636.750,5459.583,3806.917
4446.222,3412.444,3569.889,3382.889,3503.500,3587.000,3566.750,3607.417,5414.083,3850.000
4448.667,3392.556,3587.444,3339.556,3516.417,3569.000,3637.750,3612.000,5426.333,3859.167
4472.444,3396.222,3543.111,3334.111,3492.667,3585.222,3560.833,3596.000,5456.000,3858.333
4447.556,3419.000,3553.333,3359.333,3463.667,3576.111,3572.750,3602.917,5448.417,3816.417
4449.111,3409.667,3531.333,3337.778,3469.083,3569.333,3560.333,3628.250,5446.750,3814.667
4442.667,3424.444,3549.000,3376.889,3461.667,3571.444,3599.250,3574.500,5456.750,3890.583
4450.889,3413.111,3535.556,3282.889,3507.500,3586.000,3584.833,3624.250,5425.833,3859.083
4478.667,3403.111,3560.778,3350.778,3492.083,3595.556,3585.083,3619.833,5446.417,3839.167
4467.667,3437.778,3546.889,3352.667,3518.917,3566.222,3584.250,3627.500,5416.167,3802.333
4506.333,3416.556,3571.889,3339.222,3503.667,3597.444,3581.833,3602.667,5415.333,3874.417
4421.778,3387.889,3525.444,3381.000,3491.000,3558.889,3600.833,3609.250,5470.583,3878.500
4446.889,3374.222,3518.333,3357.667,3518.167,3545.333,3619.750,3615.167,5439.500,3852.000
4481.667,3449.667,3563.222,3340.000,3501.750,3608.444,3577.750,3644.917,5467.333,3884.167
4436.556,3448.889,3543.111,3333.444,3509.083,3600.889,3588.667,3633.500,5517.833,3862.083
4442.889,3406.000,3565.222,3329.222,3502.667,3582.556,3622.167,3632.000,5422.917,3885.083
4431.667,3434.778,3592.111,3302.778,3489.500,3596.889,3575.083,3628.667,5515.000,3844.333
4477.333,3405.556,3574.556,3338.556,3511.333,3563.111,3589.250,3638.000,5425.750,3869.833
4404.889,3446.444,3565.778,3314.222,3512.833,3523.889,3583.750,3602.750,5453.667,3881.583
4418.000,3426.889,3529.222,3320.222,3494.750,3537.000,3553.833,3619.000,5462.250,3849.583
4406.111,3383.556,3545.222,3346.889,3482.750,3559.889,3585.667,3619.333,5406.667,3837.250
4432.778,3403.111,3548.889,3324.111,3451.583,3601.778,3584.833,3632.833,5425.500,3872.417
4412.111,3414.889,3571.667,3288.667,3484.083,3559.889,3572.833,3607.750,5495.833,3856.167
4430.222,3444.556,3560.222,3333.333,3491.250,3581.889,3602.000,3595.083,5469.917,3842.833
4406.889,3405.222,3553.667,3333.667,3489.167,3560.889,3563.667,3614.583,5463.083,3846.667
4402.444,3415.111,3551.000,3345.111,3498.833,3547.556,3591.250,3602.333,5441.667,3811.333
4447.778,3409.222,3536.222,3294.000,3488.083,3610.556,3621.167,3628.333,5483.500,3844.333
4399.556,3389.222,3542.000,3311.222,3500.833,3603.444,3581.333,3619.417,5419.917,3840.667
4383.000,3388.444,3540.889,3342.556,3517.667,3593.667,3567.750,3560.167,5420.000,3883.583
4406.667,3405.333,3600.889,3316.000,3482.167,3556.667,3573.000,3591.500,5450.333,3864.333
4418.111,3431.333,3538.667,3343.667,3507.417,3555.111,3567.333,3600.167,5428.333,3887.750
4398.889,3414.667,3559.333,3326.333,3475.500,3578.222,3579.083,3598.583,5412.667,3826.583
4419.000,3456.556,3548.889,3341.889,3473.417,3560.778,3601.250,3596.000,5472.083,3850.250
4428.667,3429.111,3531.889,3319.333,3467.167,3547.222,3620.167,3577.250,5494.417,3862.917
4371.222,3427.556,3527.111,3295.222,3488.750,3558.556,3583.833,3634.583,5432.083,3890.333
4391.889,3410.667,3506.556,3344.889,3481.833,3587.889,3545.333,3609.667,5405.000,3858.250
4436.333,3433.778,3586.111,3335.000,3484.500,3565.222,3566.667,3595.167,5458.750,3826.417
4403.000,3420.444,3553.333,3375.333,3473.083,3644.222,3559.833,3641.000,5447.500,3809.000
4392.333,3412.111,3567.333,3351.222,3505.583,3570.000,3572.917,3583.667,5445.083,3872.417
4386.667,3401.667,3509.333,3346.333,3459.500,3560.778,3611.917,3574.667,5409.250,3790.333
4365.667,3432.778,3491.111,3325.778,3499.000,3537.111,3594.167,3622.583,5455.833,3806.167
4422.333,3444.111,3584.667,3339.556,3477.333,3503.111,3566.250,3645.583,5479.833,3828.250
4349.000,3438.889,3524.000,3328.333,3511.833,3560.444,3534.417,3609.333,5426.667,3873.417
4408.556,3418.889,3537.778,3308.778,3460.250,3537.889,3603.167,3582.417,5491.667,3838.250
4409.667,3459.111,3547.556,3321.889,3441.167,3563.889,3563.083,3591.583,5481.500,3854.000
4417.333,3414.556,3551.556,3285.556,3458.083,3580.444,3588.250,3620.167,5455.167,3839.500
4445.444,3429.556,3564.778,3327.889,3465.583,3575.333,3594.500,3613.917,5418.917,3787.833
4391.667,3399.333,3525.333,3306.111,3486.917,3572.111,3557.833,3560.917,5423.167,3849.333
4438.556,3415.667,3550.556,3291.444,3482.250,3597.889,3578.917,3606.417,5455.250,3851.083
4445.889,3430.778,3509.667,3305.889,3464.000,3571.778,3591.750,3617.917,5434.083,3822.917
4455.000,3431.222,3533.222,3336.222,3472.667,3572.333,3576.667,3618.833,5468.000,3854.833
4388.556,3437.111,3543.333,3332.889,3488.750,3594.667,3565.917,3615.667,5467.750,3861.833
4419.222,3452.889,3525.556,3309.889,3484.250,3567.444,3580.583,3588.333,5534.583,3824.833
4419.333,3420.000,3550.222,3286.000,3488.583,3585.333,3530.000,3609.250,5425.917,3870.250
4419.444,3414.333,3549.444,3345.556,3450.917,3543.222,3586.417,3587.583,5449.500,3828.083
4425.444,3452.667,3525.000,3306.333,3443.417,3548.333,3571.000,3596.250,5473.083,3831.917
4418.556,3412.111,3533.111,3316.778,3479.583,3553.778,3565.000,3617.000,5485.083,3827.333
4392.444,3451.111,3577.556,3360.556,3514.083,3524.667,3569.500,3653.833,5402.250,3838.000
4397.222,3394.556,3524.222,3341.889,3464.917,3506.444,3577.167,3605.833,5476.917,3834.583
4364.000,3378.667,3540.000,3371.000,3483.667,3502.444,3600.750,3588.583,5459.667,3854.667
4458.889,3425.667,3525.333,3288.222,3507.833,3563.889,3548.000,3599.333,5470.333,3831.250
4392.000,3385.111,3516.444,3301.000,3481.500,3582.333,3576.167,3588.083,5458.583,3801.750
4402.222,3393.000,3540.556,3336.222,3491.833,3560.333,3554.500,3564.167,5463.500,3830.167
4386.556,3453.778,3557.444,3349.000,3469.583,3575.778,3528.000,3585.000,5425.250,3841.417
4390.111,3412.778,3546.889,3288.111,3456.083,3522.444,3592.917,3596.083,5476.250,3798.500
4388.556,3406.333,3553.778,3315.667,3484.917,3545.889,3588.833,3663.667,5473.750,3829.500
4321.667,3421.667,3519.444,3301.778,3460.583,3577.000,3535.833,3604.167,5441.833,3821.333
4399.222,3436.111,3530.000,3300.556,3448.833,3540.444,3539.000,3615.583,5420.917,3861.083
4379.444,3421.333,3535.778,3342.333,3477.083,3525.667,3557.250,3594.000,5446.167,3837.583
4393.889,3438.111,3571.556,3348.333,3469.250,3541.667,3523.417,3559.083,5460.417,3793.250
4407.222,3404.556,3539.000,3277.778,3483.333,3563.333,3558.167,3590.667,5446.417,3811.333
4360.444,3409.444,3513.889,3306.222,3474.833,3557.111,3605.083,3550.083,5414.250,3827.500
4387.444,3431.000,3535.889,3305.667,3487.667,3560.444,3555.750,3624.250,5432.667,3826.000
4349.000,3436.111,3516.667,3302.778,3447.667,3586.667,3555.333,3595.917,5409.083,3854.667
4425.111,3451.111,3499.556,3315.667,3444.583,3518.778,3550.833,3623.417,5452.417,3802.083
4445.667,3407.778,3494.222,3324.667,3471.833,3526.333,3556.333,3604.333,5411.500,3818.000
4429.667,3412.444,3528.000,3335.556,3466.583,3567.333,3522.583,3580.583,5461.583,3825.667
4385.778,3407.222,3529.778,3315.222,3476.583,3540.000,3525.167,3625.083,5404.583,3872.250
4413.333,3386.111,3522.556,3331.000,3461.583,3505.889,3530.333,3609.667,5436.500,3831.667
4385.778,3387.000,3561.556,3311.889,3475.750,3542.333,3568.500,3580.250,5408.833,3820.917
4433.111,3396.222,3522.111,3315.111,3470.333,3561.222,3572.333,3567.417,5370.833,3871.417
4382.222,3426.222,3526.778,3301.667,3491.417,3591.889,3541.250,3613.833,5374.250,3862.083
4396.556,3418.889,3547.889,3306.556,3460.500,3524.778,3570.583,3570.333,5461.167,3843.833
4401.556,3434.667,3570.556,3299.444,3509.083,3541.222,3554.000,3629.500,5391.583,3824.917
4344.222,3395.667,3516.222,3330.444,3464.417,3496.333,3562.500,3592.583,5355.583,3827.500
4388.222,3460.111,3526.444,3288.556,3471.083,3581.333,3547.500,3613.250,5403.833,3848.333
4399.667,3457.778,3536.444,3308.556,3522.250,3551.333,3573.000,3583.417,5432.750,3791.667
4381.222,3416.000,3520.333,3310.889,3498.000,3516.889,3569.083,3593.333,5451.583,3857.500
4321.444,3444.444,3483.889,3329.111,3531.833,3535.000,3519.083,3605.417,5380.500,3797.250
4395.333,3446.222,3515.222,3301.111,3455.833,3564.667,3545.167,3613.167,5412.833,3836.167
4382.889,3420.667,3517.667,3301.444,3458.583,3529.667,3544.667,3590.833,5444.583,3845.417
4355.889,3427.111,3519.778,3311.667,3495.083,3543.667,3536.750,3566.667,5389.667,3808.833
4387.222,3414.889,3528.000,3353.222,3453.167,3497.333,3561.000,3623.583,5427.583,3825.333
4356.000,3379.889,3539.111,3332.778,3460.750,3555.111,3530.750,3612.083,5437.750,3794.417
4339.333,3440.111,3513.000,3298.111,3479.167,3555.333,3544.750,3587.417,5419.917,3811.083
4413.667,3426.000,3514.000,3311.444,3451.750,3578.000,3537.583,3629.833,5367.583,3864.333
4358.889,3431.556,3544.222,3311.667,3447.250,3548.556,3567.167,3587.417,5426.417,3783.417
4433.778,3395.000,3524.111,3309.111,3440.750,3520.000,3564.250,3606.917,5418.583,3827.000
4409.333,3435.667,3519.222,3349.889,3445.917,3519.111,3556.833,3573.333,5407.167,3825.000
4345.222,3445.444,3535.667,3329.444,3460.417,3552.444,3518.667,3606.417,5443.000,3755.250
4421.667,3428.667,3482.000,3305.000,3421.750,3539.000,3568.583,3598.667,5451.083,3774.417
4363.444,3406.000,3525.889,3313.222,3441.750,3567.556,3560.167,3626.500,5499.417,3815.667
4352.444,3424.111,3505.667,3299.556,3490.250,3500.333,3527.833,3578.333,5484.417,3792.250
4413.000,3454.556,3517.556,3348.111,3460.833,3584.444,3581.250,3595.833,5397.833,3790.583
4364.667,3409.778,3486.444,3307.556,3448.167,3520.778,3577.083,3624.750,5416.333,3805.667
4338.667,3404.556,3494.889,3295.444,3444.083,3538.778,3513.833,3610.417,5454.917,3835.500
4386.111,3450.000,3512.556,3335.333,3457.417,3518.778,3553.833,3608.583,5426.833,3863.167
4398.444,3459.111,3511.889,3345.889,3424.250,3535.444,3553.500,3597.583,5434.833,3815.833
4406.333,3447.778,3465.667,3291.222,3497.417,3533.111,3534.583,3599.750,5452.500,3762.167
4374.778,3407.000,3511.444,3289.222,3455.333,3514.778,3550.583,3632.333,5479.917,3847.583
4396.333,3462.222,3504.889,3329.444,3471.833,3493.556,3561.500,3547.500,5441.250,3789.583
4361.444,3407.111,3489.444,3292.000,3452.000,3536.222,3535.667,3591.917,5388.917,3791.417
4388.222,3387.556,3529.667,3298.222,3443.417,3529.889,3524.667,3592.500,5412.833,3833.667
4389.667,3410.444,3493.111,3276.889,3461.583,3516.556,3513.333,3603.500,5407.833,3814.417
4383.778,3390.444,3508.222,3286.778,3448.167,3526.667,3550.500,3595.417,5425.417,3831.667
4382.333,3415.444,3514.333,3303.000,3469.250,3508.778,3542.333,3588.167,5398.750,3800.250
4343.333,3395.111,3490.111,3300.778,3414.083,3536.444,3565.250,3594.917,5381.917,3819.333
4342.889,3412.556,3513.444,3273.889,3444.083,3546.111,3520.750,3598.333,5351.833,3795.833
4358.778,3425.444,3538.333,3264.667,3435.667,3533.444,3539.833,3587.750,5393.750,3814.750
4327.444,3393.000,3513.444,3280.444,3470.917,3520.667,3503.917,3592.083,5406.250,3794.500
4328.667,3377.000,3498.778,3306.778,3421.583,3540.111,3505.000,3615.500,5412.000,3829.917
4372.111,3398.444,3522.444,3275.778,3444.167,3509.222,3545.333,3626.333,5364.750,3789.667
4341.889,3431.556,3453.889,3283.000,3462.417,3523.556,3537.500,3620.167,5350.167,3795.250
4365.889,3418.556,3491.778,3250.889,3448.583,3531.222,3537.833,3583.583,5356.500,3827.583
4335.556,3399.778,3473.778,3301.444,3426.083,3529.222,3545.833,3572.667,5405.083,3779.667
4383.333,3401.667,3484.556,3250.333,3433.833,3527.333,3549.417,3603.917,5396.417,3782.083
4426.778,3426.444,3466.778,3327.333,3449.917,3520.333,3566.667,3561.000,5435.750,3810.250
4351.000,3434.222,3485.778,3335.222,3446.583,3513.222,3536.417,3592.583,5444.833,3790.667
4350.444,3369.222,3488.222,3308.333,3466.750,3540.111,3562.750,3571.833,5343.000,3805.083
4378.444,3388.778,3506.889,3273.222,3424.833,3551.000,3540.333,3619.500,5343.083,3802.417
4319.111,3402.222,3521.333,3312.111,3421.417,3508.556,3527.000,3583.333,5386.500,3791.750
4301.000,3385.444,3467.111,3322.222,3432.000,3538.778,3532.083,3568.917,5345.333,3804.917
4335.333,3426.444,3503.889,3288.889,3454.000,3527.778,3527.250,3609.250,5397.500,3778.917
4326.556,3411.000,3489.778,3309.667,3468.250,3488.778,3524.667,3611.583,5344.583,3842.333
4352.889,3411.778,3500.333,3287.333,3420.667,3502.000,3545.083,3572.833,5410.167,3792.750
4320.333,3390.778,3508.889,3311.333,3464.417,3510.444,3532.833,3593.000,5393.583,3801.250
4300.667,3380.444,3471.444,3296.222,3424.000,3519.333,3558.167,3572.750,5380.250,3751.667
4351.778,3393.222,3504.333,3333.889,3449.000,3491.444,3527.250,3568.167,5374.583,3825.750
4288.333,3417.111,3482.667,3335.111,3448.667,3528.889,3551.000,3601.417,5370.750,3789.750
4315.444,3397.667,3498.556,3263.556,3383.167,3538.000,3501.583,3572.917,5418.417,3816.833
4375.778,3372.333,3523.333,3271.778,3424.000,3508.556,3534.333,3556.583,5433.667,3786.250
4317.667,3418.667,3496.000,3325.000,3454.250,3504.333,3536.000,3566.083,5400.250,3780.000
4317.889,3411.667,3511.000,3278.667,3431.417,3503.889,3538.000,3573.333,5401.917,3795.583
4317.667,3371.000,3511.444,3305.000,3419.167,3539.333,3548.333,3563.250,5408.500,3808.750
4298.444,3417.222,3487.778,3263.000,3416.250,3486.556,3506.500,3580.083,5383.917,3789.917
4335.000,3399.556,3483.667,3288.556,3418.250,3518.444,3557.750,3551.917,5351.417,3814.167
4277.889,3330.889,3480.667,3302.333,3401.917,3512.556,3560.833,3600.250,5421.500,3757.250
4334.111,3405.111,3500.889,3312.222,3406.167,3502.111,3535.583,3572.167,5391.750,3773.583
4267.333,3402.778,3470.667,3304.556,3418.333,3510.667,3519.667,3581.500,5431.250,3803.500
4285.222,3362.111,3473.667,3306.556,3387.917,3479.889,3548.833,3572.917,5395.250,3781.000
4275.333,3348.444,3483.111,3277.111,3433.167,3515.667,3582.167,3574.167,5419.000,3760.750
4242.556,3382.889,3500.444,3320.333,3451.750,3513.222,3535.750,3577.917,5372.667,3764.167
4208.111,3350.778,3502.000,3314.889,3420.000,3509.222,3547.000,3557.917,5414.250,3777.917
4226.222,3363.333,3459.667,3300.778,3391.417,3511.222,3519.250,3573.917,5403.750,3738.167
4259.667,3355.333,3520.000,3320.444,3399.583,3458.889,3559.750,3582.500,5350.167,3753.250
4240.556,3396.444,3440.222,3296.111,3467.500,3519.444,3520.917,3572.333,5331.167,3774.250
4264.667,3379.556,3482.333,3292.111,3462.083,3499.778,3559.167,3588.083,5385.083,3785.667
4257.111,3348.333,3520.556,3312.444,3440.667,3517.778,3520.333,3551.750,5415.333,3808.333
4256.444,3322.444,3489.889,3295.000,3426.167,3511.556,3546.250,3572.500,5342.500,3765.500
4276.667,3380.444,3488.556,3285.444,3479.500,3511.778,3513.250,3567.750,5357.083,3760.500
4253.222,3380.556,3498.556,3259.333,3414.667,3553.444,3514.583,3533.750,5368.000,3727.917
4230.333,3372.778,3457.333,3312.000,3415.917,3492.889,3538.750,3555.500,5361.333,3825.750
4234.556,3345.667,3482.333,3306.667,3398.833,3485.778,3513.250,3569.083,5385.167,3785.333
4219.444,3370.222,3490.000,3260.556,3427.667,3510.222,3524.083,3545.417,5358.667,3744.333
4275.333,3355.889,3448.333,3295.333,3438.083,3472.556,3517.500,3591.833,5312.833,3740.250
4240.444,3346.778,3465.889,3284.333,3441.833,3550.556,3538.333,3566.333,5322.250,3769.750
4232.333,3330.222,3494.444,3277.778,3397.667,3472.000,3536.083,3581.500,5348.167,3794.833
4204.000,3325.778,3480.333,3260.444,3405.833,3510.889,3543.250,3540.583,5334.750,3759.000
4198.444,3357.667,3447.222,3258.667,3450.083,3479.889,3512.167,3582.500,5367.750,3803.417
4215.111,3349.556,3454.222,3299.111,3387.750,3478.667,3523.583,3551.833,5350.000,3755.500
4230.778,3363.667,3477.444,3317.111,3452.333,3510.667,3533.417,3574.000,5385.250,3782.167
4227.111,3362.889,3496.889,3279.667,3417.417,3484.111,3534.750,3544.917,5342.417,3775.167
4237.111,3382.000,3461.111,3280.667,3435.250,3516.222,3535.500,3539.250,5352.333,3759.750
4171.000,3382.333,3455.111,3297.222,3444.500,3490.222,3473.583,3563.750,5392.667,3789.500
4250.556,3353.667,3490.889,3275.889,3405.000,3495.222,3519.833,3586.667,5372.167,3771.333
4225.778,3383.889,3495.889,3269.444,3402.417,3496.333,3496.417,3570.250,5359.000,3743.417
4277.333,3376.667,3439.667,3275.222,3391.500,3507.111,3535.750,3565.750,5336.583,3770.583
4232.333,3375.667,3438.889,3240.000,3375.250,3511.222,3483.000,3527.250,5321.833,3784.000
4211.889,3396.333,3510.889,3258.111,3404.083,3504.444,3541.000,3572.583,5324.000,3817.500
4258.556,3370.333,3504.333,3285.222,3393.500,3543.333,3502.167,3536.167,5339.500,3776.500
4222.222,3364.667,3495.333,3276.000,3434.167,3495.111,3499.000,3561.500,5337.250,3765.083
4289.000,3342.222,3453.889,3269.444,3406.917,3461.444,3489.500,3569.167,5336.833,3803.833
4236.444,3369.778,3496.222,3323.444,3411.333,3499.333,3513.000,3598.583,5358.250,3783.750
4212.000,3368.222,3482.222,3304.333,3397.333,3495.222,3508.750,3571.417,5325.417,3769.917
4233.333,3355.333,3491.222,3270.222,3391.667,3495.333,3509.417,3572.167,5346.167,3786.750
4244.667,3400.000,3428.444,3243.889,3404.000,3464.556,3528.167,3551.417,5337.583,3772.917
4248.222,3355.333,3466.444,3281.778,3403.750,3536.667,3533.000,3588.583,5308.917,3747.417
4218.222,3343.889,3499.222,3291.667,3400.000,3512.222,3520.833,3573.417,5378.000,3784.583
4216.889,3399.667,3431.111,3253.111,3431.000,3488.222,3528.917,3564.667,5302.917,3781.833
4184.333,3378.889,3496.889,3274.444,3426.750,3499.556,3515.417,3565.500,5311.333,3782.333
4241.444,3338.111,3485.111,3287.889,3381.500,3489.222,3517.417,3579.750,5334.000,3779.500
4179.444,3353.333,3452.889,3295.778,3396.583,3513.556,3503.333,3576.250,5330.167,3777.500
4219.889,3372.333,3448.667,3266.556,3392.417,3477.444,3503.417,3522.583,5348.917,3760.083
4220.778,3373.111,3495.556,3240.778,3441.000,3458.000,3473.667,3527.833,5361.417,3761.000
4174.333,3361.333,3463.889,3284.667,3426.250,3481.333,3503.500,3556.167,5379.833,3786.500
4160.556,3315.778,3482.444,3299.333,3388.833,3542.000,3520.583,3575.333,5341.417,3748.083
4207.778,3330.667,3484.000,3287.889,3412.000,3506.111,3482.667,3554.583,5333.583,3770.083
4214.667,3349.222,3492.111,3264.556,3402.333,3486.444,3525.417,3572.833,5363.500,3784.750
4191.778,3320.111,3491.556,3281.000,3395.667,3469.333,3510.250,3550.500,5351.000,3747.833
4186.667,3319.444,3468.556,3293.222,3424.583,3517.222,3532.667,3527.083,5349.750,3768.083
4221.889,3340.333,3512.667,3268.222,3432.333,3496.778,3512.000,3538.917,5339.417,3727.083
4212.444,3351.333,3461.222,3278.889,3420.167,3507.889,3482.333,3552.167,5319.000,3782.417
4212.222,3372.222,3472.000,3292.111,3391.667,3515.000,3500.500,3591.833,5292.000,3755.833
4207.667,3341.222,3462.444,3237.889,3401.833,3523.556,3474.417,3567.417,5344.750,3750.917
4200.000,3340.000,3454.222,3277.556,3408.917,3504.000,3506.000,3556.333,5285.000,3783.750
4220.444,3317.556,3498.778,3297.444,3390.167,3477.444,3511.000,3567.250,5323.667,3744.750
4188.000,3345.444,3457.111,3253.889,3395.500,3485.222,3466.167,3532.667,5320.583,3778.583
4214.000,3340.444,3483.778,3245.111,3418.917,3502.222,3498.750,3533.000,5381.333,3734.333
4197.333,3368.667,3447.333,3271.667,3416.250,3507.000,3511.667,3544.250,5263.083,3768.917
4177.333,3343.000,3484.444,3220.556,3371.833,3467.778,3461.250,3589.250,5298.000,3735.333
4170.222,3323.667,3455.778,3258.778,3420.000,3502.000,3535.333,3530.500,5326.750,3779.417
4181.667,3358.556,3476.667,3273.222,3408.000,3497.333,3506.750,3547.917,5341.750,3789.083
4193.444,3349.333,3481.667,3282.444,3409.750,3495.222,3458.750,3533.583,5332.333,3746.083
4214.333,3353.667,3422.778,3265.889,3402.583,3450.111,3488.083,3519.083,5316.333,3778.250
4147.333,3305.333,3467.000,3259.778,3370.167,3500.444,3507.250,3555.417,5296.083,3747.833
4192.444,3365.667,3466.333,3283.667,3390.333,3468.667,3511.667,3526.583,5346.083,3720.500
4196.111,3338.333,3481.111,3262.889,3408.583,3478.778,3479.917,3539.250,5336.167,3736.917
4195.556,3360.111,3451.778,3247.444,3381.000,3461.333,3538.083,3547.583,5309.333,3727.833
4197.111,3361.222,3461.889,3254.778,3364.833,3511.667,3504.083,3587.167,5341.833,3722.833
4202.444,3367.444,3491.667,3253.556,3408.667,3483.889,3468.250,3524.417,5288.167,3733.417
4176.222,3340.000,3442.556,3272.111,3386.500,3535.333,3504.750,3513.083,5363.833,3767.750
4234.556,3302.222,3385.889,3285.222,3411.750,3483.111,3499.917,3550.167,5317.333,3776.167
4210.667,3353.444,3463.000,3275.667,3421.917,3444.000,3492.833,3542.417,5297.500,3793.417
4142.333,3338.667,3447.000,3243.333,3407.500,3457.222,3511.583,3532.750,5278.833,3748.917
4199.556,3376.667,3408.333,3267.222,3368.000,3450.111,3519.833,3513.667,5317.167,3762.167
4173.667,3352.222,3429.778,3243.222,3394.167,3476.556,3480.250,3558.417,5290.250,3765.750
4205.778,3361.111,3466.000,3275.556,3398.333,3446.667,3502.000,3544.833,5281.083,3757.917
4139.889,3323.111,3426.556,3279.778,3381.833,3482.111,3508.250,3551.917,5266.917,3778.250
4136.778,3336.667,3445.444,3256.222,3376.500,3494.778,3496.583,3505.583,5335.917,3800.417
4134.556,3372.222,3462.778,3272.889,3387.583,3459.556,3520.333,3533.333,5265.667,3799.750
4161.556,3307.889,3504.111,3257.111,3409.500,3469.222,3470.000,3538.000,5333.250,3788.833
4137.111,3343.556,3421.667,3269.667,3396.167,3500.889,3496.417,3551.083,5271.917,3740.083
4161.778,3382.111,3447.444,3248.333,3405.167,3422.333,3525.833,3528.333,5271.167,3775.333
4164.333,3344.222,3429.889,3305.778,3398.583,3476.778,3493.667,3513.417,5302.417,3778.250
4127.222,3328.000,3450.778,3251.444,3385.833,3460.222,3500.167,3531.667,5267.500,3782.917
4130.778,3346.000,3438.556,3227.556,3383.167,3444.556,3542.500,3500.333,5285.167,3762.667
4124.667,3337.778,3443.667,3260.667,3400.833,3458.333,3473.083,3509.417,5335.167,3760.333
4100.778,3319.000,3466.333,3258.111,3373.000,3467.556,3476.333,3529.167,5304.750,3755.667
4160.111,3284.889,3422.889,3264.333,3372.000,3503.889,3503.333,3538.750,5281.583,3741.083
4160.222,3336.444,3446.222,3267.667,3389.250,3465.333,3482.500,3510.667,5298.917,3721.833
4134.222,3333.889,3475.667,3242.333,3400.250,3486.667,3473.083,3533.917,5360.833,3744.750
4154.889,3340.333,3453.889,3236.778,3406.917,3488.111,3486.333,3533.917,5325.667,3746.333
4145.889,3264.778,3450.556,3263.000,3391.917,3519.778,3480.000,3507.583,5237.417,3755.083
4150.667,3344.111,3469.556,3259.333,3373.583,3481.222,3477.250,3491.500,5319.667,3780.250
4167.778,3334.111,3456.556,3266.222,3367.500,3482.667,3498.000,3528.250,5353.000,3729.750
4167.222,3317.778,3439.000,3261.778,3368.000,3479.222,3534.833,3545.250,5286.917,3740.000
4168.111,3319.889,3479.556,3270.111,3402.333,3476.667,3499.917,3492.167,5322.083,3765.833
4135.667,3316.889,3441.333,3259.667,3411.417,3481.667,3482.833,3490.667,5261.417,3706.083
4167.000,3328.889,3477.222,3262.444,3364.250,3482.889,3501.500,3512.750,5300.000,3743.833
4124.333,3325.889,3426.778,3273.222,3378.417,3487.889,3471.333,3524.917,5321.917,3725.250
4123.222,3310.111,3424.444,3253.333,3388.917,3482.111,3506.583,3551.667,5322.500,3749.083
4124.333,3303.444,3483.667,3241.222,3364.000,3480.111,3461.333,3498.167,5325.167,3728.667
4130.556,3298.444,3454.222,3247.444,3387.250,3489.667,3496.833,3511.417,5308.500,3730.583
4085.111,3290.889,3449.222,3240.222,3415.417,3471.889,3499.500,3515.500,5334.000,3732.083
4086.000,3315.556,3430.000,3272.111,3380.000,3479.111,3493.750,3521.833,5357.167,3748.000
4157.778,3284.667,3429.222,3310.444,3378.000,3473.556,3486.500,3493.167,5383.000,3754.833
4129.000,3286.333,3464.111,3237.333,3406.167,3460.889,3488.167,3531.500,5325.667,3698.750
4127.778,3327.000,3435.111,3259.111,3357.917,3501.667,3501.833,3534.667,5347.667,3740.083
4104.889,3315.222,3445.000,3220.667,3361.000,3502.000,3514.500,3528.750,5292.750,3727.250
4085.778,3322.889,3468.111,3226.111,3401.750,3479.333,3461.667,3493.083,5306.250,3742.000
4149.556,3296.889,3406.444,3251.111,3400.583,3459.444,3474.833,3511.833,5306.000,3710.333
4144.444,3307.000,3455.444,3277.111,3390.667,3458.778,3507.917,3545.167,5315.250,3721.917
4108.444,3303.000,3433.111,3280.444,3382.083,3531.111,3490.500,3528.250,5342.167,3744.083
4104.333,3284.444,3437.111,3241.222,3387.667,3474.444,3506.083,3508.750,5327.917,3728.333
4088.667,3292.222,3440.111,3267.333,3374.167,3483.000,3514.833,3505.833,5275.333,3732.833
4128.778,3300.889,3438.778,3279.333,3392.083,3505.778,3468.750,3540.417,5289.917,3728.000
4129.111,3320.667,3436.556,3258.889,3392.167,3445.111,3483.250,3489.083,5291.250,3737.583
4120.333,3316.889,3485.222,3283.667,3405.917,3479.000,3499.417,3482.500,5363.917,3714.750
4107.556,3319.222,3451.000,3242.778,3404.417,3469.111,3470.833,3551.417,5340.250,3729.167
4102.778,3298.778,3437.444,3244.333,3363.083,3481.111,3487.000,3523.417,5306.750,3725.917
4103.778,3339.333,3440.000,3253.556,3376.583,3445.333,3487.917,3483.000,5372.500,3735.250
4113.222,3285.889,3409.889,3231.667,3386.667,3455.778,3453.917,3543.333,5354.583,3741.917
4095.000,3308.889,3367.778,3257.778,3397.083,3495.556,3460.583,3508.583,5404.250,3745.000
4129.444,3287.778,3425.222,3263.333,3381.917,3445.889,3505.500,3505.083,5302.333,3735.833
4072.778,3319.444,3359.556,3243.889,3413.917,3447.111,3485.583,3490.167,5302.583,3712.250
4061.222,3327.000,3451.889,3255.778,3397.417,3445.778,3529.417,3515.250,5338.500,3760.500
4090.667,3304.556,3455.556,3220.778,3354.833,3505.222,3482.583,3525.417,5302.000,3704.250
4086.111,3335.667,3448.889,3244.889,3380.500,3459.222,3480.333,3488.000,5301.167,3726.500
4094.667,3317.667,3438.111,3234.333,3379.667,3487.556,3501.417,3523.417,5281.333,3715.917
4086.889,3283.333,3420.333,3236.000,3370.667,3484.333,3460.667,3506.917,5327.167,3747.000
4065.111,3303.889,3442.333,3221.667,3392.500,3481.333,3474.500,3516.083,5313.250,3732.417
4059.889,3283.444,3440.889,3246.667,3364.917,3490.444,3495.083,3496.833,5326.750,3716.250
4035.444,3289.444,3450.778,3196.889,3375.000,3469.889,3520.417,3529.250,5360.917,3739.083
4057.889,3289.556,3464.556,3275.556,3395.000,3489.778,3500.667,3494.500,5333.083,3705.417
4030.778,3257.222,3460.667,3226.778,3366.667,3440.111,3477.667,3478.750,5255.250,3743.167
4000.000,3299.556,3429.444,3230.111,3372.750,3480.333,3484.667,3512.000,5351.167,3715.250
4036.333,3286.556,3455.333,3215.000,3402.167,3483.556,3476.667,3513.083,5318.833,3755.583
4027.111,3284.333,3422.333,3274.111,3361.833,3419.222,3488.583,3508.333,5335.250,3719.750
4085.556,3283.444,3454.222,3248.333,3376.750,3473.333,3466.833,3479.167,5305.917,3709.083
4056.556,3251.222,3398.556,3206.556,3389.000,3464.556,3477.833,3490.917,5367.167,3730.667
4023.667,3294.444,3477.556,3274.556,3407.750,3447.111,3499.583,3511.667,5335.083,3731.333
4078.444,3261.333,3418.222,3213.778,3386.000,3517.111,3490.333,3451.417,5317.000,3732.583
4029.444,3294.556,3398.778,3247.556,3394.750,3510.889,3465.083,3500.250,5295.167,3707.333
4069.111,3249.778,3447.333,3194.444,3392.000,3492.667,3451.333,3477.750,5301.083,3695.917
4073.222,3251.889,3423.667,3250.889,3383.583,3480.444,3460.750,3464.833,5319.083,3724.833
4013.444,3279.667,3424.000,3256.111,3398.583,3471.111,3497.667,3514.833,5332.083,3689.417
4053.889,3265.333,3447.778,3245.667,3364.833,3486.222,3483.583,3505.833,5286.833,3719.500
4012.333,3275.667,3419.333,3214.778,3346.250,3498.667,3493.500,3480.417,5280.083,3752.833
4095.556,3252.667,3440.667,3186.556,3326.500,3493.222,3479.917,3481.417,5278.333,3714.667
4071.667,3265.778,3438.111,3234.222,3362.583,3489.222,3499.333,3479.583,5344.083,3703.500
4013.889,3304.000,3443.000,3228.222,3367.250,3473.889,3512.583,3456.833,5281.417,3720.417
4056.889,3252.556,3429.667,3239.667,3373.000,3438.778,3478.583,3483.250,5286.750,3660.250
4013.667,3279.667,3407.889,3244.222,3392.917,3474.444,3472.833,3478.583,5284.167,3745.583
4029.667,3256.778,3411.778,3228.222,3393.250,3434.556,3454.833,3493.667,5261.000,3698.333
3998.111,3280.333,3452.444,3199.778,3376.167,3476.556,3487.250,3518.833,5316.833,3696.750
4074.222,3249.667,3416.667,3269.556,3389.917,3495.556,3472.083,3467.833,5322.750,3752.750
3996.667,3198.333,3412.556,3229.444,3370.000,3455.778,3477.583,3481.917,5299.917,3714.917
4049.667,3257.444,3417.222,3228.667,3350.833,3470.778,3473.500,3446.000,5269.500,3721.750
3965.556,3237.444,3451.333,3206.889,3375.500,3491.111,3464.583,3490.833,5324.250,3713.333
4000.000,3267.444,3416.111,3225.222,3368.500,3460.222,3501.750,3466.833,5290.083,3693.500
3996.667,3220.556,3418.111,3204.111,3321.000,3427.111,3484.000,3501.250,5288.000,3705.667
3969.667,3234.889,3417.556,3233.556,3367.667,3434.111,3451.917,3466.583,5301.917,3680.417
3987.889,3232.667,3411.333,3225.222,3380.333,3474.333,3462.750,3488.833,5313.917,3732.167
4008.222,3315.333,3466.111,3197.444,3350.167,3464.556,3446.083,3443.833,5271.167,3719.250
3985.222,3242.111,3407.111,3254.444,3376.000,3462.222,3504.917,3466.750,5318.667,3711.417
3967.667,3253.000,3441.889,3200.667,3378.083,3471.778,3469.250,3500.250,5297.333,3689.417
3997.556,3289.556,3450.556,3204.333,3354.833,3433.111,3456.667,3477.000,5258.500,3721.583
3995.667,3260.778,3431.000,3222.333,3368.833,3481.444,3481.000,3470.583,5285.417,3748.500
3992.444,3264.667,3401.222,3221.111,3380.083,3440.556,3480.083,3442.667,5273.667,3715.583
4005.889,3253.778,3429.667,3174.667,3360.917,3476.111,3455.667,3462.583,5246.083,3662.750
4012.111,3265.889,3436.444,3227.333,3375.000,3443.889,3479.667,3491.250,5282.833,3702.583
3990.556,3298.889,3463.889,3239.556,3371.333,3453.333,3436.583,3472.833,5321.083,3664.417
3988.889,3256.778,3454.222,3242.778,3372.667,3492.556,3470.333,3479.250,5297.500,3716.583
3942.000,3276.222,3429.444,3243.556,3363.833,3450.444,3424.917,3481.917,5322.500,3709.083
3989.778,3265.111,3384.889,3210.556,3328.750,3466.667,3475.250,3459.750,5254.000,3696.667
4023.778,3232.000,3386.556,3213.444,3336.083,3452.444,3473.750,3451.583,5284.000,3703.917
4020.444,3225.333,3383.667,3216.889,3361.750,3454.778,3478.750,3446.333,5260.750,3667.083
3955.333,3242.556,3412.667,3243.778,3362.167,3486.889,3454.917,3479.250,5333.083,3698.417
3947.556,3265.889,3388.222,3228.778,3381.917,3491.556,3474.000,3459.333,5273.833,3689.000
4013.778,3195.556,3427.778,3206.667,3374.167,3443.778,3490.333,3459.750,5272.250,3675.167
3998.000,3218.000,3435.333,3224.222,3365.083,3461.778,3420.250,3501.750,5322.083,3695.917
3968.000,3231.222,3380.556,3184.667,3345.667,3427.333,3474.250,3491.167,5237.333,3718.667
4003.889,3285.556,3405.111,3199.000,3326.750,3469.778,3433.333,3489.167,5317.500,3675.167
3975.222,3242.111,3415.111,3222.111,3365.667,3470.889,3482.583,3499.083,5274.833,3681.333
3970.778,3261.667,3377.111,3247.556,3358.000,3465.889,3451.667,3443.083,5278.917,3693.500
4008.778,3246.333,3424.889,3209.556,3385.917,3492.889,3468.750,3453.000,5251.583,3671.167
3936.667,3252.889,3409.444,3177.556,3338.667,3471.667,3450.250,3464.333,5316.750,3705.583
3957.778,3212.778,3393.556,3210.333,3362.417,3463.667,3465.083,3455.833,5318.000,3673.750
3944.778,3215.778,3387.444,3229.889,3346.917,3478.000,3452.333,3460.000,5255.417,3657.417
3937.333,3232.889,3397.333,3194.556,3386.167,3460.111,3464.250,3486.750,5270.167,3665.000
4010.444,3216.444,3417.889,3190.111,3333.917,3454.444,3450.000,3463.083,5269.833,3646.833
4013.000,3208.778,3406.222,3211.333,3372.083,3451.222,3468.833,3488.667,5287.917,3678.000
4006.444,3200.778,3415.111,3210.778,3397.667,3447.667,3466.833,3480.750,5230.417,3708.417
3972.667,3245.333,3429.222,3192.444,3364.833,3457.556,3439.833,3422.833,5299.500,3685.417
4011.333,3251.444,3420.000,3212.889,3376.750,3466.333,3484.333,3448.250,5254.917,3676.333
4028.778,3211.333,3383.444,3184.778,3369.917,3424.000,3449.500,3467.250,5253.333,3650.500
3978.556,3225.111,3390.556,3203.000,3347.667,3436.556,3450.250,3485.167,5335.333,3671.750
3971.556,3238.556,3398.667,3209.444,3350.750,3431.667,3437.417,3513.000,5304.750,3655.167
3977.556,3245.222,3409.778,3182.333,3385.917,3437.000,3450.333,3432.250,5326.917,3674.417
3977.556,3209.333,3386.333,3257.778,3344.333,3370.333,3457.417,3478.167,5249.833,3632.750
4007.889,3230.667,3370.000,3231.222,3354.333,3433.000,3450.167,3448.583,5271.167,3673.917
4018.222,3242.889,3408.778,3217.667,3362.250,3413.889,3428.583,3445.417,5275.083,3644.750
4016.889,3229.889,3448.111,3260.111,3359.417,3467.111,3475.333,3470.417,5296.250,3655.917
4001.889,3235.333,3397.778,3214.111,3350.333,3481.111,3422.333,3465.167,5258.167,3687.667
4011.444,3211.889,3452.444,3246.556,3315.667,3422.667,3492.667,3473.833,5251.750,3673.250
4009.333,3235.111,3418.222,3241.556,3349.083,3449.222,3466.583,3465.833,5263.417,3673.500
4049.000,3223.111,3405.444,3154.556,3373.833,3464.000,3449.167,3469.167,5224.750,3677.750
3991.556,3286.444,3411.778,3234.222,3344.083,3405.000,3428.500,3474.333,5300.417,3650.500
3998.000,3261.333,3396.889,3206.667,3357.417,3480.000,3462.250,3462.000,5182.583,3703.917
3996.333,3240.000,3410.222,3216.111,3356.167,3417.444,3463.750,3435.500,5279.583,3635.333
3992.667,3246.222,3397.444,3224.556,3347.167,3434.556,3477.167,3473.917,5264.833,3660.750
4001.111,3261.333,3392.111,3219.556,3320.250,3409.333,3455.917,3463.750,5239.083,3648.167
4027.000,3202.111,3404.000,3160.778,3348.833,3464.000,3458.583,3464.250,5273.417,3690.833
3967.444,3167.444,3373.111,3184.889,3390.417,3471.000,3450.500,3470.333,5294.250,3671.667
3969.111,3235.667,3409.889,3201.556,3354.750,3463.333,3463.583,3472.333,5225.917,3648.000
4005.444,3243.444,3379.222,3205.333,3360.750,3436.111,3433.667,3473.833,5199.917,3625.833
3989.000,3219.444,3404.000,3198.333,3330.750,3469.222,3461.667,3463.500,5291.333,3649.833
3989.556,3236.222,3379.333,3209.667,3339.333,3464.667,3453.833,3456.667,5259.917,3649.750
3939.667,3256.889,3457.667,3198.556,3330.167,3484.000,3410.333,3463.667,5207.583,3650.667
4006.556,3216.000,3409.667,3196.000,3346.417,3460.333,3456.583,3484.667,5159.250,3672.750
3964.667,3205.222,3348.333,3182.889,3351.167,3429.333,3457.083,3471.667,5168.167,3666.750
4023.667,3228.556,3398.778,3161.889,3387.833,3422.778,3460.583,3456.833,5222.833,3620.500
3990.556,3270.333,3430.222,3213.444,3359.667,3444.444,3445.333,3446.833,5236.083,3676.083
4017.444,3224.444,3412.667,3205.222,3342.167,3439.889,3442.167,3475.667,5212.667,3637.167
3991.000,3244.444,3381.444,3227.444,3330.583,3457.222,3444.417,3453.417,5238.000,3641.333
3969.000,3227.889,3395.556,3222.667,3323.583,3422.333,3461.583,3466.000,5231.833,3653.917
4005.667,3238.778,3417.333,3172.556,3354.250,3440.889,3454.333,3488.250,5199.667,3659.750
3999.111,3247.556,3362.889,3201.444,3331.833,3424.667,3495.167,3466.167,5223.917,3672.333
3963.222,3234.000,3433.889,3218.444,3307.333,3437.889,3466.417,3454.083,5222.333,3655.000
4020.111,3239.667,3414.667,3201.333,3341.500,3440.778,3426.583,3432.750,5222.750,3667.417
3993.667,3221.000,3366.444,3237.444,3336.667,3435.222,3449.583,3473.333,5217.500,3624.667
4040.111,3217.222,3378.889,3185.000,3333.583,3436.222,3439.417,3469.750,5238.083,3684.917
3982.000,3237.222,3341.222,3229.333,3336.333,3454.778,3451.833,3452.083,5223.583,3665.583
4016.444,3215.444,3350.556,3204.111,3337.917,3399.333,3461.833,3469.000,5187.083,3624.167
4033.111,3271.667,3407.444,3191.333,3289.083,3463.667,3434.750,3451.667,5241.583,3607.167
4033.222,3239.667,3360.556,3199.444,3347.750,3442.444,3455.917,3455.250,5223.750,3640.667
3981.000,3247.667,3371.778,3183.444,3332.333,3424.667,3422.333,3503.167,5194.250,3678.750
3966.000,3277.778,3389.667,3197.667,3343.417,3432.333,3446.917,3441.000,5173.667,3687.083
4023.778,3243.667,3383.222,3208.111,3334.917,3427.667,3450.667,3414.917,5197.167,3635.833
4022.556,3253.444,3383.444,3209.889,3349.833,3418.111,3406.000,3448.500,5221.167,3663.083
4078.778,3291.667,3404.556,3192.556,3332.917,3424.889,3472.333,3456.333,5210.750,3673.750
4056.556,3258.778,3386.444,3192.889,3339.083,3387.000,3450.500,3491.917,5214.417,3670.917
4089.556,3269.111,3382.444,3198.889,3323.000,3424.444,3457.667,3438.917,5166.417,3648.750
4116.444,3229.000,3360.222,3209.556,3360.000,3385.000,3426.917,3497.833,5183.500,3636.750
4149.444,3252.111,3392.778,3193.444,3330.833,3435.222,3446.750,3456.667,5193.500,3665.917
4135.667,3271.444,3397.333,3254.556,3325.167,3369.778,3457.833,3462.583,5196.583,3659.500
4093.889,3261.778,3355.000,3218.000,3328.167,3414.222,3455.167,3461.667,5247.000,3653.667
4107.111,3240.222,3372.778,3159.889,3338.917,3388.000,3452.417,3448.667,5194.667,3628.167
4139.333,3266.444,3387.556,3224.889,3320.750,3443.889,3442.750,3457.667,5241.667,3653.750
4132.444,3263.000,3408.444,3180.000,3347.333,3415.111,3418.917,3464.500,5190.833,3674.750
4155.667,3259.111,3390.444,3195.444,3306.833,3389.444,3436.333,3514.667,5177.917,3664.917
4103.667,3314.556,3390.000,3229.222,3338.667,3410.667,3423.833,3459.167,5184.750,3651.000
4152.889,3235.222,3352.000,3220.889,3322.917,3433.778,3426.917,3463.250,5213.417,3660.333
4095.889,3246.333,3407.667,3183.222,3354.000,3415.444,3423.250,3428.417,5226.833,3649.583
4104.333,3236.333,3369.222,3162.667,3339.417,3413.444,3422.000,3439.167,5234.667,3628.250
4063.111,3244.667,3373.778,3191.111,3316.250,3451.667,3441.500,3468.500,5271.333,3640.750
4068.111,3264.444,3391.889,3212.778,3284.083,3442.222,3445.667,3447.083,5206.833,3652.833
4039.000,3253.333,3396.222,3215.889,3303.167,3417.444,3434.167,3451.167,5205.583,3609.667
4048.889,3215.333,3403.556,3178.556,3320.667,3394.000,3435.583,3461.667,5189.583,3573.750
4118.778,3240.000,3391.000,3198.222,3340.250,3398.667,3462.250,3457.417,5182.583,3622.667
4037.889,3224.778,3374.667,3195.667,3338.250,3434.556,3410.417,3433.583,5209.417,3689.250
4027.222,3235.444,3372.333,3180.444,3336.750,3424.889,3426.667,3439.417,5234.167,3648.167
4009.222,3263.444,3373.000,3222.222,3325.583,3441.556,3440.583,3439.750,5205.083,3651.500
4007.778,3250.778,3341.889,3195.778,3323.750,3398.778,3432.500,3446.667,5231.000,3643.417
4023.556,3228.444,3316.333,3183.556,3288.667,3447.667,3418.500,3443.917,5250.667,3620.083
4012.889,3258.333,3394.333,3192.444,3306.083,3418.000,3436.917,3445.167,5185.417,3636.417
3990.444,3241.333,3352.222,3203.222,3314.417,3397.556,3414.333,3488.083,5214.667,3630.750
3981.222,3234.222,3356.222,3211.778,3317.833,3365.444,3387.833,3418.167,5134.833,3627.667
4017.222,3214.889,3333.556,3218.000,3328.083,3377.000,3425.667,3457.500,5171.333,3639.750
3961.444,3225.333,3367.111,3200.556,3317.500,3417.556,3423.000,3443.250,5170.333,3631.583
3954.556,3220.222,3371.222,3188.444,3329.333,3425.111,3437.250,3429.000,5231.333,3612.667
3984.889,3243.889,3355.444,3204.222,3321.667,3411.667,3429.667,3438.833,5242.500,3621.667
3980.111,3200.222,3371.889,3190.222,3320.000,3415.111,3432.083,3451.500,5186.333,3614.333
3966.000,3199.667,3349.000,3175.111,3324.917,3451.889,3426.667,3431.500,5203.500,3606.667
3969.222,3257.444,3361.111,3187.889,3337.833,3425.889,3411.833,3415.583,5203.250,3661.750
3953.556,3212.222,3351.444,3114.667,3301.083,3409.000,3414.500,3476.500,5179.250,3640.833
4013.222,3210.111,3357.222,3181.111,3286.750,3409.444,3379.750,3421.083,5218.333,3648.917
3937.889,3256.667,3383.333,3206.111,3309.917,3411.222,3410.917,3456.750,5193.000,3631.250
4002.778,3235.000,3377.333,3169.111,3340.000,3409.111,3402.667,3421.333,5232.750,3613.167
3965.111,3241.111,3361.889,3200.111,3303.583,3373.778,3420.500,3437.917,5174.250,3631.667
4022.667,3241.556,3391.556,3199.778,3328.833,3399.222,3415.167,3447.583,5208.583,3644.750
3950.111,3242.000,3338.556,3159.222,3269.333,3427.333,3436.917,3459.750,5202.333,3619.083
4002.667,3219.778,3369.000,3172.222,3296.750,3397.222,3420.083,3443.500,5158.167,3648.500
3974.889,3264.111,3370.333,3188.667,3309.167,3418.000,3398.750,3455.000,5204.833,3624.083
3998.556,3231.889,3324.111,3181.222,3284.083,3398.444,3429.583,3444.250,5191.417,3653.417
3908.333,3233.000,3369.111,3165.667,3317.083,3357.778,3379.333,3433.250,5184.667,3635.833
3996.111,3191.222,3366.000,3168.333,3322.167,3415.333,3402.750,3410.667,5243.167,3626.500
3914.667,3252.222,3385.111,3201.889,3314.750,3359.889,3430.667,3424.333,5194.000,3627.917
3977.556,3237.222,3362.000,3171.333,3325.417,3411.444,3427.083,3441.167,5186.833,3626.333
3971.000,3246.333,3345.889,3211.111,3279.083,3417.222,3445.417,3444.667,5154.167,3637.000
3967.000,3219.111,3404.111,3189.444,3306.917,3402.333,3411.167,3428.500,5171.000,3646.500
3949.556,3226.556,3362.667,3191.667,3301.917,3423.000,3397.500,3466.583,5162.250,3608.500
3974.556,3202.444,3344.667,3165.667,3302.250,3425.556,3432.250,3412.167,5180.333,3636.500
3934.667,3239.556,3341.889,3171.889,3310.083,3381.778,3412.333,3447.583,5179.833,3608.000
3951.889,3191.222,3360.778,3178.111,3303.417,3352.222,3411.000,3433.667,5204.250,3623.333
4009.889,3210.222,3387.333,3195.333,3282.333,3378.111,3409.583,3435.667,5147.917,3619.917
3919.556,3237.444,3367.111,3226.667,3302.917,3397.667,3380.167,3462.250,5171.750,3584.750
3933.333,3191.444,3363.222,3219.222,3300.000,3389.111,3443.667,3432.667,5154.833,3613.333
3947.111,3221.667,3345.333,3190.778,3262.333,3398.667,3421.167,3434.417,5110.917,3634.417
3931.000,3198.778,3374.000,3148.222,3265.167,3368.778,3396.250,3432.667,5182.083,3602.083
3912.556,3203.444,3375.333,3189.444,3333.750,3377.000,3420.667,3415.583,5166.250,3603.083
3963.889,3219.444,3376.111,3171.889,3267.417,3389.889,3358.917,3424.000,5167.500,3648.583
3938.667,3234.889,3362.444,3197.667,3264.417,3406.889,3404.750,3448.500,5157.750,3659.667
3927.111,3227.111,3343.000,3247.778,3281.833,3430.444,3387.083,3422.500,5169.917,3593.917
3934.778,3233.222,3335.444,3174.889,3305.750,3407.222,3428.833,3414.167,5162.333,3597.000
3910.444,3205.111,3359.000,3178.111,3264.333,3365.778,3402.500,3441.500,5139.000,3601.000
3934.222,3186.444,3356.222,3153.889,3322.250,3390.333,3395.750,3437.000,5176.667,3598.833
3927.000,3223.000,3329.778,3156.333,3272.750,3372.222,3418.833,3449.667,5118.333,3579.500
3980.444,3208.444,3323.444,3186.222,3309.500,3382.111,3388.083,3436.500,5156.333,3624.417
3971.444,3207.444,3356.444,3182.222,3303.250,3418.333,3395.250,3450.750,5156.583,3598.833
3891.222,3248.667,3343.889,3194.111,3312.083,3398.778,3443.083,3425.083,5144.583,3624.167
3937.556,3200.556,3363.111,3149.889,3298.667,3370.556,3407.333,3406.000,5159.500,3614.417
3923.111,3254.889,3315.889,3150.333,3285.083,3377.111,3368.750,3422.417,5164.667,3602.583
3934.333,3204.111,3376.111,3181.444,3267.500,3378.556,3393.833,3416.667,5140.500,3590.500
3909.111,3240.111,3343.667,3138.444,3294.250,3372.333,3410.000,3424.500,5130.500,3638.917
3945.222,3205.222,3327.889,3166.111,3317.500,3345.000,3395.583,3459.083,5120.083,3607.500
3958.222,3220.889,3349.778,3159.111,3291.333,3377.333,3378.333,3420.250,5146.250,3608.250
3917.000,3252.889,3324.778,3185.111,3285.000,3407.333,3422.083,3453.917,5108.500,3614.917
3966.333,3237.222,3351.667,3196.333,3261.500,3371.889,3398.333,3447.833,5145.333,3629.167
3932.222,3202.111,3350.778,3211.444,3306.250,3422.556,3383.417,3444.583,5155.083,3604.583
3952.889,3233.778,3349.222,3188.111,3308.500,3389.556,3416.333,3457.833,5137.083,3597.833
3943.000,3228.444,3319.000,3184.667,3283.833,3392.778,3386.750,3428.667,5111.583,3599.500
3926.333,3250.444,3322.778,3162.889,3274.000,3343.222,3413.417,3395.167,5128.417,3581.583
3977.333,3209.889,3386.333,3203.889,3326.583,3401.000,3413.333,3433.333,5108.917,3597.000
3913.667,3188.444,3328.000,3162.111,3299.333,3393.222,3403.250,3422.417,5120.167,3618.333
3953.667,3200.667,3322.000,3221.667,3293.083,3364.444,3401.417,3417.417,5100.000,3588.750
3973.222,3214.667,3339.556,3198.000,3274.833,3369.444,3365.750,3423.167,5121.667,3637.583
3946.778,3229.889,3354.111,3201.444,3292.167,3374.111,3391.583,3418.583,5127.167,3604.833
3966.222,3217.667,3361.556,3146.556,3261.750,3413.111,3372.083,3426.417,5129.750,3587.583
3923.222,3220.778,3316.778,3190.778,3277.000,3393.556,3404.000,3433.583,5077.917,3571.583
3937.111,3239.000,3372.222,3166.444,3253.917,3404.889,3437.333,3429.833,5136.917,3570.917
3964.667,3216.222,3301.778,3176.444,3274.333,3405.778,3386.833,3405.667,5135.750,3538.667
3916.667,3190.000,3338.000,3186.778,3295.000,3378.000,3390.500,3392.833,5158.833,3595.333
3938.111,3266.000,3326.222,3151.667,3274.417,3410.222,3386.583,3439.917,5112.167,3599.000
3924.556,3236.778,3310.889,3177.556,3233.500,3399.667,3372.583,3428.583,5129.250,3580.917
3954.444,3237.000,3325.333,3158.778,3259.083,3376.444,3415.167,3444.500,5124.500,3587.833
3933.556,3232.222,3344.222,3142.778,3276.750,3346.222,3389.083,3402.583,5105.583,3581.917
3902.000,3242.000,3282.667,3179.000,3301.583,3375.333,3381.417,3435.667,5124.000,3596.250
3945.222,3252.111,3308.556,3222.111,3273.333,3364.667,3408.833,3401.583,5158.250,3589.833
3944.000,3241.000,3306.667,3191.111,3295.333,3369.778,3392.667,3431.583,5151.833,3600.833
3892.333,3219.778,3332.222,3176.222,3263.833,3333.000,3378.917,3393.417,5092.417,3539.083
3925.667,3273.333,3315.889,3146.222,3247.333,3337.333,3379.167,3429.083,5097.333,3592.750
3921.667,3221.000,3342.000,3166.556,3263.917,3379.667,3348.917,3422.000,5132.250,3634.583
3871.444,3220.222,3298.889,3153.444,3255.667,3338.667,3387.500,3446.833,5125.583,3603.000
3948.889,3244.778,3320.778,3165.333,3269.583,3377.000,3401.083,3424.500,5106.250,3637.917
3892.333,3217.444,3324.556,3163.556,3257.417,3354.333,3399.833,3414.917,5105.083,3590.083
3925.444,3219.000,3304.667,3155.111,3263.750,3379.111,3401.083,3450.750,5058.500,3571.167
3944.444,3265.000,3355.778,3167.111,3260.500,3374.111,3408.583,3454.083,5136.417,3561.917
3912.889,3219.667,3347.889,3158.444,3245.750,3375.222,3386.583,3433.250,5105.417,3572.000
3901.111,3205.444,3337.333,3198.556,3253.833,3330.333,3400.917,3400.417,5148.000,3570.250
3928.000,3223.778,3330.667,3173.222,3245.583,3347.556,3394.750,3399.750,5149.333,3601.583
3911.000,3232.222,3310.556,3196.111,3252.833,3375.222,3398.583,3412.667,5091.750,3586.250
3923.556,3224.333,3361.667,3151.000,3230.500,3363.111,3404.667,3408.500,5110.250,3564.667
3913.111,3189.889,3337.111,3195.111,3249.083,3342.667,3391.667,3422.833,5116.333,3602.833
3954.444,3205.556,3339.556,3188.333,3300.417,3353.778,3352.917,3401.667,5132.833,3583.083
3961.222,3225.889,3323.667,3171.444,3239.000,3354.222,3368.083,3424.750,5132.167,3809.750
3916.111,3195.222,3345.444,3160.000,3279.167,3346.889,3404.500,3454.250,5107.500,3804.083
3915.556,3200.889,3326.111,3182.444,3256.083,3344.778,3390.333,3400.833,5086.917,3776.417
3947.667,3223.444,3329.556,3144.444,3277.000,3357.111,3370.250,3383.167,5103.250,3761.083
3894.778,3199.333,3303.111,3180.778,3265.583,3387.000,3383.333,3401.250,5127.583,3757.167
3913.111,3211.778,3358.667,3183.111,3277.500,3341.111,3392.500,3423.750,5121.417,3685.667
3871.778,3171.222,3316.222,3178.000,3276.083,3372.111,3398.417,3387.000,5121.000,3682.667
3921.222,3198.667,3315.111,3175.556,3291.667,3385.222,3391.333,3427.000,5094.083,3664.833
3931.333,3197.111,3344.444,3151.556,3237.667,3376.000,3371.500,3386.000,5131.500,3637.750
3940.889,3198.667,3328.556,3141.556,3235.333,3328.333,3416.833,3414.250,5043.333,3640.083
3909.111,3228.000,3318.222,3184.000,3260.000,3360.556,3381.417,3424.583,5092.083,3637.917
3930.667,3201.667,3310.889,3153.111,3222.583,3367.556,3387.333,3426.750,5146.917,3647.083
3872.556,3209.111,3326.556,3185.556,3217.917,3370.333,3390.917,3426.083,5091.333,3635.917
3891.778,3197.111,3318.222,3173.444,3252.500,3333.778,3391.333,3400.833,5104.750,3621.417
3880.333,3203.889,3297.556,3187.000,3256.417,3343.444,3370.500,3391.000,5019.583,3565.000
3895.778,3202.667,3325.667,3169.667,3241.500,3319.000,3375.333,3392.000,5094.083,3615.083
3943.889,3253.444,3321.222,3160.444,3248.333,3372.111,3364.750,3417.417,5055.167,3606.833
3917.333,3215.222,3309.000,3191.778,3209.250,3307.111,3377.083,3386.583,5074.083,3593.833
3911.889,3236.333,3297.000,3180.889,3232.833,3370.556,3332.833,3394.000,5067.667,3596.083
3900.222,3203.222,3325.889,3191.556,3244.667,3364.111,3387.917,3423.000,5052.167,3654.250
3928.444,3213.889,3301.667,3163.889,3238.500,3336.667,3357.667,3439.833,5096.167,4062.750
3922.778,3228.889,3322.333,3167.333,3226.417,3357.000,3359.417,3383.833,5053.000,4614.833
3950.667,3215.889,3332.889,3156.556,3223.167,3360.778,3338.083,3366.083,5072.250,5221.750
3905.889,3201.333,3317.889,3148.000,3236.250,3336.000,3365.500,3435.667,5038.833,5766.000
3891.778,3207.778,3291.333,3173.444,3228.417,3328.778,3334.417,3433.833,5020.833,5805.083
3934.222,3251.333,3313.111,3178.444,3243.417,3347.889,3355.667,3413.167,5088.583,5699.667
3900.778,3225.111,3307.111,3159.778,3220.000,3382.444,3370.583,3381.083,5054.833,5526.167
3908.111,3200.889,3306.667,3158.889,3246.667,3331.333,3348.000,3409.500,5058.667,5295.583
3880.778,3235.000,3264.444,3159.556,3216.500,3297.667,3372.583,3434.167,5032.083,5203.333
3890.333,3223.778,3276.333,3183.111,3219.250,3321.556,3375.250,3390.167,5019.417,5047.333
3943.000,3207.222,3317.111,3172.000,3226.167,3345.778,3367.917,3427.750,5021.833,4943.583
3949.556,3224.222,3313.111,3174.111,3215.750,3345.333,3365.333,3428.000,5028.000,4771.667
3849.111,3214.444,3290.667,3169.889,3190.500,3339.889,3386.000,3409.167,4969.000,4727.750
3918.778,3215.889,3272.556,3162.111,3231.167,3331.556,3339.250,3401.250,5050.917,4621.417
3873.556,3217.778,3276.667,3164.444,3202.833,3302.111,3384.917,3421.250,5012.417,4528.667
3915.000,3203.444,3273.556,3185.667,3239.750,3310.778,3363.250,3414.583,5048.167,4443.250
3925.556,3206.556,3277.333,3178.000,3220.000,3323.667,3342.583,3438.417,5012.083,4370.500
3876.111,3214.667,3303.667,3132.667,3178.250,3346.333,3378.417,3396.917,5021.333,4345.083
3910.778,3258.778,3262.667,3134.000,3194.833,3316.111,3374.500,3396.500,4978.833,4242.167
3894.444,3229.444,3296.778,3200.556,3201.500,3340.333,3357.917,3393.250,4989.833,4218.833
3880.889,3224.222,3301.778,3166.111,3243.667,3302.222,3366.417,3400.917,5006.583,4160.250
3953.889,3196.222,3281.222,3160.111,3201.750,3290.667,3385.500,3390.083,5019.417,4163.833
3846.667,3183.000,3299.222,3162.111,3211.500,3353.444,3367.583,3366.833,5034.083,4500.250
3891.111,3214.778,3269.444,3135.444,3229.167,3321.889,3336.083,3427.417,5009.750,5063.250
4207.889,3208.222,3320.556,3159.333,3214.750,3305.222,3381.000,3689.000,5011.250,5844.500
5695.222,3202.333,3299.889,3187.111,3222.833,3354.111,3378.167,4045.417,5019.667,6509.667
7367.222,3230.000,3341.444,3177.444,3332.167,3628.222,3378.417,4337.917,5002.667,7120.833
8808.777,3189.111,3465.778,3147.444,3711.583,3874.889,3343.583,4558.000,4986.417,7362.083
10092.777,3230.556,3506.556,3173.111,3700.667,3889.778,3369.500,4616.750,4993.083,7256.167
10727.111,3234.222,3512.889,3176.000,3630.667,3874.333,3341.333,4641.917,4991.167,7054.333
10545.667,3221.444,3490.000,3182.667,3581.917,3783.889,3371.583,4572.000,5008.833,6827.333
10044.777,3224.889,3475.000,3192.222,3611.833,3831.778,3383.083,4460.250,4970.250,6624.667
9773.556,3217.333,3462.889,3155.556,3544.833,3795.667,3357.333,4436.333,5034.083,6440.083
9459.000,3205.667,3444.111,3160.667,3551.417,3725.889,3367.583,4347.083,4948.083,6196.000
9130.223,3193.889,3468.889,3151.000,3524.750,3722.333,3372.667,4286.750,5009.333,5979.417
8898.111,3166.333,3456.889,3155.000,3493.917,3690.667,3324.750,4224.417,4946.000,5826.250
8699.777,3158.222,3444.778,3142.444,3436.083,3656.889,3359.250,4179.250,5003.583,5749.667
8433.889,3190.111,3431.889,3165.667,3438.750,3647.778,3365.333,4139.333,5019.417,5532.417
8230.889,3185.667,3397.889,3191.778,3470.500,3610.111,3345.250,4121.750,4988.917,5483.500
8052.222,3196.111,3390.000,3161.889,3430.083,3604.667,3374.583,4089.917,4962.250,5302.083
7820.667,3197.667,3353.222,3135.556,3387.083,3549.111,3376.250,4051.083,5015.833,5208.083
7623.000,3195.000,3383.556,3161.333,3378.417,3622.444,3383.167,3986.917,4991.917,5163.167
7508.000,3234.111,3381.889,3155.333,3340.750,3566.333,3369.667,3950.667,5015.167,5020.083
7387.889,3168.556,3325.667,3179.333,3384.750,3567.111,3348.083,3946.667,4975.167,4951.417
7205.556,3183.667,3395.556,3152.222,3319.750,3489.111,3341.083,3908.750,4996.417,4894.750
7056.444,3205.111,3355.333,3131.778,3290.917,3492.111,3379.333,3874.583,5001.083,5076.750
7016.333,3123.111,3362.000,3159.667,3337.000,3465.778,3343.917,3919.333,5012.000,5756.750
7701.889,3209.222,3353.333,3165.778,3378.250,3595.111,3365.833,4155.000,4981.917,6590.750
9763.111,3184.444,3342.556,3200.444,3682.750,3799.556,3424.250,4517.417,5095.583,7518.500
12085.889,3234.556,3454.000,3664.667,4073.500,4015.222,3590.833,4805.667,5547.583,8298.417
14575.111,3626.000,3589.333,4056.222,4502.583,4221.889,3816.583,5182.500,6120.417,8919.750
16773.334,4053.000,3754.333,4498.111,4792.417,4380.667,4005.083,5511.250,6324.917,9461.833
18525.666,4532.889,3918.222,4802.000,5018.083,4505.444,4104.667,5917.750,6233.000,9895.167
18555.666,4588.333,3992.222,4824.111,4845.500,4452.889,4083.833,5952.833,6095.167,9964.000
18146.223,4545.889,3993.667,4739.222,4778.583,4327.778,4047.833,5803.417,6074.333,9729.500
17623.666,4449.889,3962.111,4570.889,4635.667,4324.222,4002.917,5663.417,5889.500,9368.917
17037.111,4334.889,3913.000,4536.778,4557.167,4233.222,3976.833,5502.167,5880.167,9134.667
16508.000,4338.444,3881.667,4398.444,4497.667,4155.556,3903.000,5429.667,5796.417,8759.750
15877.333,4269.556,3875.778,4305.444,4350.417,4120.444,3911.667,5333.583,5693.167,8513.000
15529.777,4207.889,3842.333,4262.889,4291.417,4085.333,3813.333,5187.667,5648.917,8255.667
15191.223,4170.222,3755.333,4143.556,4216.083,4073.778,3809.833,5113.333,5614.083,8010.917
14645.889,4156.222,3731.778,4093.111,4155.500,3986.222,3768.083,5075.583,5562.083,7768.583
14445.556,4048.889,3730.778,4046.333,4112.000,3967.667,3765.333,4984.333,5529.750,7483.167
14020.889,4031.667,3698.889,3987.333,4058.083,3916.444,3702.083,4895.917,5518.583,7393.250
13567.223,3979.444,3705.556,3918.111,3994.917,3867.778,3699.667,4817.667,5480.750,7249.000
13312.444,3935.333,3656.222,3838.444,3965.333,3811.333,3674.333,4780.250,5443.583,7121.333
13070.556,3883.000,3714.000,3780.556,3941.083,3812.000,3660.417,4660.083,5446.417,6946.000
12745.000,3887.889,3645.889,3720.889,3840.083,3775.444,3620.333,4638.667,5452.417,6802.083
12389.444,3830.778,3552.889,3700.222,3839.167,3754.222,3594.750,4572.250,5394.917,7191.083
12257.889,3836.889,3610.111,3653.111,3787.000,3771.000,3596.583,4603.833,5359.333,8038.000
14039.777,3799.556,3604.000,3694.889,4028.250,3859.222,3606.250,4719.000,5511.583,9223.333
16615.666,4023.444,3624.444,3963.000,4434.167,3939.778,3756.750,5070.000,6687.167,10419.583
18999.334,4688.667,3854.778,4625.667,4818.500,4215.111,4052.333,5566.500,8349.917,11623.333
20884.000,5509.111,4041.333,5212.111,5258.667,4561.667,4272.750,6009.750,9665.083,12790.000
21605.334,6440.778,4221.111,5820.222,5681.000,4850.111,4549.583,6554.667,10128.500,14071.583
22121.445,7426.889,4382.889,6623.333,6115.417,5211.111,4834.250,7082.333,9857.333,15345.500
21941.000,8748.223,4691.333,7383.222,6139.250,5294.111,5013.750,7380.083,9657.333,16184.000
21347.666,9580.556,4879.000,7841.111,6075.833,5247.111,5033.250,7399.583,9327.917,16474.834
20547.889,10038.111,5145.222,7715.111,5903.417,5175.667,4945.417,7291.083,9071.667,16342.250
19913.666,9915.777,5236.556,7493.667,5795.083,5119.111,4842.000,7170.500,8889.000,15880.083
19248.666,9772.223,5205.111,7307.333,5675.000,5024.222,4774.917,6997.583,8801.583,15409.417
18625.223,9494.556,5044.556,7145.889,5555.583,4910.333,4660.917,6845.833,8573.833,14770.500
18066.777,9256.777,5063.111,7006.778,5457.917,4772.111,4612.250,6718.167,8421.333,14258.833
17620.889,9160.111,4923.111,6799.333,5292.917,4799.000,4566.333,6656.667,8275.917,13820.583
17022.777,8874.556,4908.889,6653.667,5210.000,4654.111,4505.833,6515.583,8145.333,13340.000
16515.445,8783.777,4778.444,6547.778,5169.250,4645.000,4389.667,6433.167,8023.750,13046.833
16120.667,8566.556,4753.667,6339.444,5096.333,4601.222,4405.000,6302.000,7915.583,12561.833
15643.223,8325.444,4707.000,6201.556,4934.833,4520.667,4357.000,6229.583,7910.667,12248.417
15420.000,8247.223,4657.444,6017.222,4878.167,4461.556,4304.167,6116.750,7759.917,11890.000
14991.333,8084.444,4575.333,5924.333,4808.500,4431.111,4260.917,6074.250,7681.500,11627.167
14624.333,7923.667,4566.444,5778.889,4723.583,4372.889,4222.667,5916.333,7607.833,11334.667
14355.777,7723.111,4532.333,5724.111,4663.417,4335.000,4161.083,5854.083,7506.500,11383.833
14227.889,7591.000,4431.111,5657.111,4657.000,4331.222,4131.250,5809.833,7577.167,11928.750
15955.000,7539.222,4450.222,5567.000,4822.500,4338.667,4161.667,6021.417,8983.000,12910.667
18468.555,8004.000,4593.444,5891.111,5171.583,4572.444,4256.667,6415.083,11085.250,13979.667
20531.889,8819.667,4808.000,6451.556,5682.250,4858.111,4562.167,7043.833,13920.167,15191.833
21952.223,10181.000,5157.778,7111.889,6188.917,5197.222,4892.417,7679.917,16027.667,16307.083
22701.111,11712.111,5569.222,7907.889,6683.000,5685.000,5276.500,8465.833,16552.500,16729.000
22504.666,13327.889,6063.778,8855.667,7333.083,6082.333,5588.917,9260.917,16177.667,16648.750
21916.223,14703.777,6560.778,9618.333,7712.333,6397.444,5995.083,9883.250,15737.083,16526.666
21383.223,15322.333,7124.222,9977.111,7914.917,6680.889,6164.083,10098.667,15349.667,16349.417
20680.445,15444.333,7645.444,9925.556,7938.750,6689.778,6298.083,9917.917,14906.250,16171.083
19976.334,15341.000,8018.000,9735.556,7822.167,6532.222,6195.417,9875.583,14556.500,16028.917
19178.445,14939.777,7947.889,9565.111,7546.833,6411.889,6079.333,9579.750,14189.500,15409.667
18559.555,14456.223,7857.222,9304.777,7431.333,6276.333,5959.500,9451.667,13962.750,15079.000
17943.555,14008.000,7747.778,9153.000,7284.833,6149.333,5826.417,9226.333,13726.667,14544.167
17464.555,13746.000,7712.889,8980.111,7094.000,6087.444,5795.750,9082.083,13413.000,14079.750
16871.334,13274.777,7510.889,8786.667,6991.333,5953.778,5699.167,8977.417,13220.750,13733.917
16468.334,13018.667,7427.333,8521.889,6997.000,5860.889,5617.667,8701.583,13125.667,13347.917
15938.667,12732.556,7387.222,8245.556,6815.250,5717.000,5521.250,8646.750,12951.917,12942.167
15584.223,12413.223,7219.556,8128.444,6762.500,5678.111,5524.750,8495.500,12756.500,12547.750
15106.111,12063.667,7101.444,7970.889,6604.500,5601.222,5384.583,8270.667,12589.750,12182.583
14606.667,11713.333,7036.000,7884.111,6502.000,5493.000,5284.667,8113.333,12495.333,11787.333
14242.444,11448.333,6930.778,7639.556,6368.333,5469.222,5234.417,7927.833,12315.250,11466.500
14005.889,11260.889,6840.778,7419.889,6344.250,5371.222,5196.917,7879.833,12295.583,11448.750
13737.111,11104.444,6742.222,7401.333,6251.750,5288.778,5147.250,7757.500,13032.500,11978.833
15234.223,10819.777,6767.222,7296.667,6572.417,5317.556,5086.500,7848.500,15774.250,12815.000
17942.777,11158.444,6794.889,7486.889,7128.500,5572.444,5260.250,8077.083,18815.250,13821.250
20221.666,12166.444,7109.778,8065.444,7559.583,5902.889,5615.667,8629.583,21351.584,14698.417
21767.445,13287.111,7408.333,8834.223,8285.500,6197.778,6044.250,9283.667,22931.250,15624.333
22404.445,14455.333,8017.556,9609.333,9126.333,6661.333,6610.417,10126.500,24246.416,15981.500
22303.445,15223.889,8679.111,10666.111,9895.000,7202.778,7410.333,11044.083,24709.334,16185.667
21785.666,15504.556,9428.000,11500.889,10582.167,7652.222,8126.333,11875.833,24555.166,16141.750
21272.666,15389.889,10255.000,11938.667,10967.000,8021.444,8752.333,12348.833,23734.916,16148.333
20722.000,15424.667,10920.000,11766.444,10920.167,8077.889,9044.750,12498.667,23189.000,16046.833
19979.666,15144.111,11253.667,11672.111,10765.500,7992.556,9086.833,12356.667,22742.834,15692.750
19224.111,14794.111,11532.556,11421.444,10414.167,7769.556,9077.583,12151.750,22202.416,15402.000
18427.555,14772.889,11436.223,11228.333,10085.250,7814.556,8798.417,11800.333,21440.500,14964.667
17800.223,14294.333,11231.667,10934.444,9814.417,7538.000,8641.000,11429.667,20989.834,14403.833
17246.445,13910.889,11060.667,10700.889,9465.167,7379.000,8452.500,11235.000,20394.584,13983.833
16745.111,13636.333,10793.000,10459.667,9299.833,7266.000,8344.083,11076.083,19951.334,13529.583
16296.000,13184.777,10638.667,10265.777,9128.167,7145.778,8226.917,10769.333,19564.084,13147.917
15742.000,12821.111,10492.667,10007.777,8915.417,7004.556,8077.417,10497.583,19377.250,12723.333
15270.444,12665.889,10293.889,9759.223,8827.917,6883.111,7904.083,10352.000,19055.416,12327.000
14847.667,12290.444,10197.777,9604.667,8707.833,6873.222,7866.333,10119.333,18798.334,12039.417
14436.556,11920.000,10025.667,9412.111,8612.667,6793.556,7629.000,10012.167,18495.834,11650.083
14169.777,11702.556,9815.556,9180.556,8513.417,6708.556,7576.917,9813.583,18201.000,11452.083
13698.667,11455.777,9760.777,8902.000,8384.000,6609.222,7493.333,9622.833,18078.000,11292.167
13613.444,11162.000,9565.111,8845.444,8270.583,6540.444,7383.833,9384.667,19415.584,11507.500
15240.667,10850.777,9472.111,8712.223,8488.750,6540.333,7393.000,9437.250,22547.334,12147.750
17912.777,11005.444,9572.000,8899.444,8820.917,6669.000,7428.000,9674.583,24958.584,12958.583
19882.889,11572.111,9697.667,9360.667,9272.667,6863.778,7534.333,10100.250,26832.834,13939.417
21065.777,12563.444,10064.000,10248.111,9813.750,7310.556,7944.667,10932.417,28701.334,14648.333
21746.000,13773.333,10552.444,11215.444,10548.917,7735.000,8399.083,11792.667,30302.000,15413.667
21832.666,14818.889,11313.223,12138.556,11341.333,8500.777,9279.417,12861.750,30810.500,15678.250
21458.445,15187.444,12023.444,12769.444,11765.917,9174.444,10011.000,14007.750,30219.916,15634.667
20853.223,15075.889,12696.667,13100.333,11891.250,9720.000,10801.333,14521.750,29499.500,15633.667
20263.445,14952.777,13307.000,13153.556,11907.667,9914.000,11410.000,14585.833,28572.166,15494.000
19493.889,14840.777,13752.556,12864.667,11744.667,9868.333,11464.083,14434.667,28103.416,15391.167
18740.555,14664.111,13772.111,12753.667,11582.750,9786.333,11260.250,14143.750,27291.834,15074.917
18075.223,14545.333,13625.556,12539.889,11314.417,9510.000,11046.000,13784.417,26653.500,14652.917
17568.111,14255.777,13232.111,12207.333,11137.833,9391.889,10899.833,13604.417,26037.666,14321.333
16945.889,14043.111,13168.000,12008.000,11070.583,9276.777,10723.417,13242.417,25562.250,13964.500
16388.889,13645.111,13061.777,11704.556,10754.417,9147.223,10571.583,12902.667,25160.334,13682.083
15902.333,13312.111,12643.889,11324.777,10494.500,8796.889,10358.667,12666.500,24474.916,13277.167
15346.111,12987.000,12441.556,11046.889,10331.833,8635.000,10238.500,12258.000,23939.416,12802.917
14863.556,12647.223,12216.444,10903.223,10058.667,8504.000,10059.000,12070.250,23535.666,12371.417
14375.556,12402.444,11949.111,10596.556,9854.333,8345.333,9839.667,11844.750,23255.916,12062.833
14105.223,11959.111,11802.667,10399.111,9560.667,8152.000,9637.750,11580.250,22875.000,11732.500
13563.777,11794.223,11586.889,10111.889,9406.833,8066.667,9570.000,11316.500,22526.916,11372.917
13290.333,11445.889,11392.223,9889.667,9252.917,7894.333,9400.417,11155.500,22260.250,11080.417
13234.223,11221.000,11302.000,9656.889,9208.417,7792.222,9360.000,10859.083,23609.500,11266.417
14661.556,10959.111,11130.556,9354.000,9222.583,7653.222,9154.000,10776.083,26048.250,11712.833
16416.334,10711.223,10983.223,9240.444,9321.000,7705.333,9040.250,10773.333,28111.000,12341.667
18870.000,11119.223,11096.111,9572.223,9674.750,7813.000,9177.417,11201.917,29933.000,13185.750
20730.555,11988.667,11392.444,10066.333,10121.917,8064.222,9415.250,11807.333,31062.166,14024.833
21281.889,13031.556,11868.223,10705.777,10809.417,8449.556,9791.333,12548.167,31492.000,14722.000
21489.889,14026.333,12342.000,11482.444,11244.833,8861.667,10392.917,13405.583,32429.084,15133.167
21550.223,14693.667,12875.777,12144.889,11710.083,9444.667,11000.333,14214.583,32568.916,15269.333
21167.223,14710.556,13316.667,12586.777,12085.583,10017.444,11724.917,14808.417,32274.416,15244.250
20590.555,14783.333,13858.223,12498.111,12072.500,10203.667,12206.083,14935.833,31591.250,15207.667
19879.777,14667.556,14222.556,12355.000,11965.667,10335.333,12421.917,14780.333,31332.584,15054.750
19337.889,14654.333,14205.777,12209.777,11778.500,10331.889,12449.250,14637.500,30570.250,14794.833
18699.445,14377.556,14280.333,12127.111,11496.000,10126.556,12269.333,14384.167,30045.416,14496.000
18007.334,14173.556,14046.444,11763.667,11362.583,9971.000,12140.083,14127.750,29427.584,14106.500
17289.889,13804.556,13840.889,11461.444,11358.500,9920.333,11950.000,13935.750,28785.666,13841.750
16927.666,13554.444,13676.111,11237.000,10946.667,9703.333,11691.167,13483.417,28144.500,13446.583
16274.556,13294.333,13597.889,10936.444,10910.583,9538.889,11560.167,13293.500,27694.834,13098.833
15776.777,12883.000,13286.889,10557.777,10635.167,9272.444,11287.500,13031.333,27127.416,12702.167
15256.777,12691.223,13236.889,10387.556,10508.417,9305.889,11105.000,12763.833,26734.916,12470.417
14854.556,12241.111,12893.667,10152.667,10383.917,9018.333,10896.500,12590.250,26209.084,12044.250
14576.777,12060.667,12798.000,9967.333,10014.167,8909.223,10846.833,12174.417,25747.834,11870.667
14137.111,11789.889,12590.777,9707.667,10064.667,8790.223,10705.333,11921.417,25398.666,11533.000
13714.667,11443.223,12342.000,9469.777,9961.000,8600.556,10538.833,11705.667,25521.416,11256.333
13395.667,11186.111,12235.000,9331.556,9860.000,8562.111,10406.583,11550.167,26392.084,11087.083
13105.444,10956.777,12003.333,9024.333,9762.167,8479.444,10245.167,11269.250,27378.416,11147.000
14208.223,10743.000,11907.667,8935.223,9683.167,8410.444,10150.250,11185.417,29809.000,11525.583
16841.889,11069.777,11943.667,9094.444,9727.917,8418.556,10128.750,11427.500,31438.334,12338.250
19008.445,11811.333,12033.777,9556.223,10219.500,8554.889,10291.417,11827.750,32859.582,13244.667
20689.777,12909.333,12570.667,10386.223,10518.917,8864.111,10667.417,12503.667,34235.250,13964.750
21342.666,13880.444,12822.000,11250.556,10987.667,9478.556,11214.667,13247.250,34834.168,14807.417
21266.666,14463.667,13452.000,11798.556,11485.917,9984.444,11849.667,13880.583,34963.918,15243.417
20834.111,14540.667,13816.889,12055.667,11736.667,10319.667,12352.500,14203.667,34665.750,15354.833
20447.334,14513.777,14236.111,12220.777,11802.917,10666.111,12759.750,14227.833,34018.082,15315.167
19609.334,14322.223,14291.223,11960.223,11829.083,10652.333,12737.583,14141.917,33259.500,15244.500
19043.223,14425.000,14279.333,11830.111,11732.000,10682.777,12776.750,14004.917,32560.000,15026.917
18336.445,14030.889,14178.667,11559.223,11738.333,10476.223,12654.000,13686.583,31942.584,14824.917
17751.223,13704.333,13952.444,11333.667,11521.417,10398.000,12403.250,13445.083,31347.250,14446.250
17174.555,13535.000,13752.223,11099.000,11253.667,10295.111,12308.667,13245.667,30858.334,14188.167
16622.666,13340.111,13821.777,10845.111,11049.667,10148.223,12073.583,13019.500,30319.834,13963.417
15956.000,13011.333,13552.777,10644.000,10920.417,9888.444,11919.667,12741.333,29644.750,13489.000
15452.111,12687.111,13406.111,10397.444,10752.333,9835.889,11706.583,12442.500,29115.584,13092.833
15062.333,12371.889,13132.667,10102.333,10628.167,9640.444,11548.417,12246.750,28648.916,12860.000
14383.223,11923.667,12976.889,9771.333,10505.917,9507.444,11350.167,11996.167,28358.916,12488.333
14097.223,11707.111,12901.889,9588.556,10404.000,9355.889,11181.417,11764.833,27577.000,12124.333
13549.556,11435.889,12499.444,9396.556,10215.500,9236.667,10994.583,11522.167,26869.334,11817.833
13190.667,11142.000,12408.111,9204.556,10062.167,9159.111,10859.083,11335.250,26884.666,11564.000
12950.889,10951.667,12366.223,8827.333,9864.833,9027.667,10819.667,11124.583,26426.916,11269.333
12589.223,10559.667,12203.777,8777.223,9683.583,8866.667,10613.833,10856.583,25825.416,11054.083
13462.000,10427.000,11887.667,8596.333,9664.667,8767.556,10429.250,10754.500,27892.834,11043.500
15971.111,10667.333,11931.333,8667.223,9779.667,8736.000,10363.417,11035.500,30109.916,11627.417
18093.223,11326.444,12084.556,9116.556,10249.167,8917.556,10520.917,11510.833,30765.416,12431.083
18575.223,12160.111,12405.667,9582.223,10608.583,9217.889,10760.917,12183.000,31218.666,13252.417
19556.555,12805.111,12620.444,10118.667,10922.083,9622.333,11178.083,12688.250,32062.250,13871.417
20623.445,13450.223,12982.556,10561.444,11370.167,9974.667,11579.167,13316.417,33377.582,14633.583
21236.889,13963.556,13414.444,10950.889,11739.167,10551.000,12179.333,13866.500,33767.250,15139.167
20826.666,13983.111,13789.333,11190.223,11746.417,10901.889,12544.500,14211.833,33600.832,15260.333
20372.445,13999.889,13984.889,11343.889,11681.667,10999.556,12936.167,14297.333,33891.582,15260.333
19888.555,14057.667,14124.777,11316.889,11759.833,11298.777,12984.917,14413.167,33623.168,15215.917
19495.334,13898.223,14349.000,11110.667,11571.583,11399.333,12999.917,14216.583,33121.582,15063.083
18825.223,13846.000,14159.667,10999.333,11557.167,11155.556,12850.917,14054.583,32394.416,14772.667
18162.223,13442.667,13939.444,10738.556,11253.167,11067.777,12656.500,13865.167,32165.084,14491.917
17806.445,13261.000,13825.444,10570.333,11124.583,10838.000,12464.583,13791.583,31968.500,14133.333
17326.111,12948.333,13700.889,10335.000,10969.750,10726.444,12354.667,13379.000,31387.584,13853.333
16657.223,12613.777,13590.444,9967.667,10647.167,10512.000,12205.083,13208.833,30751.834,13471.833
16250.333,12326.889,13405.444,9800.333,10576.917,10370.777,11941.667,12996.500,30116.000,13255.333
15639.777,12164.223,13154.667,9609.556,10428.083,10130.444,11821.917,12784.000,29339.750,12849.917
15116.667,11830.333,13039.777,9438.889,10237.750,10022.000,11511.917,12454.000,28790.166,12450.833
14710.444,11523.333,12736.556,9204.444,10137.167,9869.111,11528.250,12202.167,28250.834,12207.083
14434.000,11367.000,12655.777,8985.667,9968.833,9794.223,11310.500,12024.667,27705.166,11805.417
13891.223,11042.000,12417.556,8868.889,9830.500,9534.889,11130.750,11696.500,26928.500,11563.083
13520.889,10872.333,12230.889,8672.777,9650.167,9412.000,11015.917,11453.917,26465.584,11298.000
14070.000,10591.556,12040.333,8440.889,9569.667,9230.556,10861.417,11306.500,28712.750,11114.250
16316.333,10537.667,12051.444,8402.777,9581.667,9173.333,10663.917,11196.083,30519.834,11392.417
18165.445,10933.111,12047.223,8515.111,9921.000,9254.889,10688.833,11550.833,31595.166,11952.750
19307.777,11683.111,12269.667,8875.333,10149.500,9422.333,10707.250,11866.417,32115.916,12535.250
20032.111,12521.889,12594.223,9308.333,10580.833,9721.333,11112.667,12181.833,32651.166,13302.750
20550.777,13167.223,12819.444,9673.556,10932.917,10082.333,11339.250,12531.500,33167.832,13759.333
21043.555,13487.556,13043.333,10103.000,11169.500,10459.889,11695.167,12955.083,34254.418,14362.833
21188.223,13798.111,13314.111,10516.223,11519.000,10788.111,12123.917,13287.833,34565.332,14763.167
21186.889,14009.444,13498.889,10707.000,11719.000,11101.889,12372.917,13601.000,34307.668,15006.083
20438.889,13919.223,13649.556,10807.000,11678.833,11261.111,12563.333,13744.750,34042.000,14800.917
20169.555,13958.000,13765.444,10706.667,11679.417,11468.777,12578.417,13648.500,34208.418,14794.250
20066.445,13861.111,13883.111,10726.223,11827.750,11414.777,12547.750,13654.583,34069.832,14784.167
19433.000,13516.000,13656.333,10533.333,11693.583,11495.889,12642.583,13461.250,33379.500,14678.000
18801.445,13422.333,13581.111,10343.111,11635.167,11284.223,12440.833,13238.333,32524.750,14254.500
18121.111,13123.556,13477.111,10077.111,11353.083,11009.000,12253.083,13027.167,31862.000,13954.667
17634.111,12942.333,13307.000,9887.667,11211.167,10916.556,12119.250,12823.167,31063.334,13673.000
16952.223,12556.111,12980.223,9687.223,11016.417,10789.000,11897.333,12578.000,30298.750,13285.583
16425.666,12390.889,12975.889,9485.111,10851.500,10548.556,11705.583,12336.500,29705.834,12916.333
15823.333,12079.444,12678.889,9218.444,10673.500,10329.777,11427.750,12059.583,29092.834,12555.000
15363.556,11742.667,12351.223,9144.777,10529.917,10247.000,11365.833,11818.167,28426.084,12199.917
14977.777,11516.444,12348.889,8895.000,10454.000,10088.223,11101.833,11550.917,27829.916,11926.250
14583.333,11318.777,12164.777,8609.333,10088.500,9911.111,11016.083,11358.750,27200.334,11627.083
14020.333,11051.223,11894.223,8509.223,9957.083,9861.111,10904.167,11167.667,26603.166,11302.000
13584.000,10723.000,11785.667,8293.111,9762.833,9593.111,10617.500,10904.833,26466.166,11085.833
14523.111,10538.667,11654.223,8186.667,9594.333,9470.333,10548.917,10787.583,28629.500,10877.917
16417.777,10423.889,11517.333,8005.889,9779.917,9443.889,10467.417,10672.333,29721.500,11176.167
17707.445,10613.889,11656.444,8181.667,9908.500,9417.223,10330.167,10869.833,30733.416,11572.333
19060.555,11000.889,11802.000,8431.889,10068.667,9492.223,10484.000,11196.917,31695.166,12066.750
20513.000,11736.223,12047.777,8928.889,10507.667,9734.667,10783.750,11565.417,33195.750,12736.333
21314.223,12504.000,12377.000,9346.000,10839.750,10114.889,11095.083,12024.417,34077.750,13618.917
21166.111,12946.556,12726.000,9813.556,11241.000,10652.111,11428.833,12476.083,34080.250,14328.833
21008.777,13247.000,13072.444,10119.667,11327.583,10803.111,11686.917,12605.833,34185.500,14630.167
20906.223,13456.111,13382.667,10282.556,11585.083,11160.000,11864.083,12880.667,34393.000,14960.333
20940.445,13401.444,13507.223,10424.111,11849.333,11359.111,12087.083,12972.750,34737.750,15054.000
20295.334,13461.000,13780.556,10628.444,11931.083,11572.777,12134.000,13082.917,34392.918,15002.833
20138.111,13357.000,13649.111,10453.333,11805.000,11456.333,12027.417,13047.333,33572.168,14800.583
19249.555,13045.111,13556.777,10348.111,11496.000,11278.111,11914.833,12746.833,32676.916,14539.167
18680.889,12748.777,13333.556,10108.889,11410.083,11064.000,11760.333,12582.583,32148.416,14193.167
18394.445,12522.667,13221.333,9870.111,11173.417,10933.556,11575.417,12350.750,32056.584,13942.667
17881.223,12352.333,12973.000,9715.333,10968.667,10735.889,11413.750,12108.833,31215.250,13539.500
17126.555,11988.333,12845.777,9369.444,10831.583,10554.223,11164.250,11795.750,30525.416,13198.917
16508.555,11748.111,12689.111,9255.000,10670.333,10355.000,10968.250,11628.417,29845.834,12906.333
15985.223,11489.111,12397.111,9072.444,10491.917,10214.111,10883.583,11398.583,29242.916,12592.250
15548.889,11213.223,12372.889,8955.000,10241.250,10064.333,10662.583,11228.750,28624.916,12349.750
15016.444,10954.556,12095.000,8765.000,10051.583,9919.111,10520.750,10904.667,27883.750,11944.167
14430.333,10902.000,11863.000,8593.667,9972.583,9756.777,10365.667,10729.583,27200.084,11687.833
13915.667,10573.777,11691.111,8390.000,9744.167,9568.556,10200.583,10495.417,26892.084,11397.167
13926.111,10261.333,11550.333,8181.556,9569.083,9373.777,10033.667,10364.667,27159.334,11176.417
13853.111,10037.889,11319.000,8098.222,9439.250,9275.111,9848.000,10190.000,26996.334,10911.417
15135.223,9931.777,11344.889,7962.667,9345.917,9169.889,9727.750,10043.250,28284.416,10996.750
16633.334,9970.777,11261.223,7942.667,9376.833,9148.111,9774.417,10114.667,29497.500,11148.083
18381.334,10471.556,11347.556,8323.111,9653.833,9231.223,9908.250,10415.417,30913.250,11760.583
19698.000,11316.777,11677.333,8754.111,10005.833,9413.111,10133.917,10822.917,32035.416,12502.083
20219.889,11981.000,11984.777,9057.556,10274.667,9662.777,10390.833,11169.417,32954.168,13206.083
20877.000,12698.111,12203.889,9243.777,10692.500,10004.667,10711.917,11554.500,33881.918,13855.083
20863.334,13152.556,12561.556,9650.667,10969.833,10360.444,10948.917,11845.500,34188.332,14320.583
20564.889,13234.444,12636.333,9832.667,11014.417,10574.223,11200.667,12117.500,33996.332,14433.583
20194.555,13397.889,12815.223,10041.556,11148.417,10762.667,11315.250,12206.917,33845.332,14543.000
19842.223,13136.111,12772.111,9906.333,11006.833,10769.223,11295.917,12264.250,33619.750,14408.500
19622.223,13077.223,12729.333,9868.000,10969.333,10765.000,11349.500,12165.833,33266.582,14221.000
19066.445,12963.111,12759.444,9803.444,10777.500,10685.889,11340.583,11965.917,32877.582,13988.750
18553.334,12570.889,12668.556,9478.667,10601.417,10497.777,11125.500,11824.000,32182.166,13809.250
17735.555,12460.444,12474.444,9239.000,10448.333,10412.333,10977.583,11454.750,31343.000,13334.750
17152.111,12208.667,12164.667,9187.111,10193.417,10237.444,10805.917,11388.750,30659.666,13001.083
16687.445,11775.556,12087.556,8934.667,10099.333,10029.000,10671.917,11078.417,29737.916,12722.250
16129.777,11635.777,11882.889,8848.333,9927.500,9861.000,10527.167,10963.250,29204.084,12457.333
15538.889,11390.111,11703.667,8604.444,9777.333,9730.556,10368.250,10727.417,28678.166,12070.583
15036.777,11104.889,11584.889,8441.333,9591.500,9570.000,10234.167,10458.250,27786.584,11728.833
14599.000,10927.333,11272.889,8275.556,9383.250,9454.556,10085.250,10322.667,27238.666,11446.750
14216.889,10727.444,11231.667,8101.111,9164.833,9331.333,9899.333,10107.583,26444.834,11248.917
13747.777,10426.444,11108.667,8005.222,9086.417,9157.667,9666.917,9881.167,26345.166,10958.417
14478.333,10262.556,10949.556,7841.333,8920.417,8942.111,9616.583,9797.167,28004.750,10657.333
15295.111,10143.223,10719.333,7684.000,8763.333,8862.111,9428.500,9629.000,27721.834,10663.750
14966.000,9844.889,10587.333,7660.778,8653.500,8730.889,9385.833,9525.417,26992.250,10475.417
15457.000,9719.333,10620.444,7525.778,8566.667,8594.111,9241.500,9415.917,28288.584,10384.167
17812.223,10263.111,10748.556,7938.444,8705.500,8793.556,9340.917,9763.583,29981.166,10853.000
19259.445,10888.111,11076.000,8397.223,9077.667,8874.333,9598.417,10198.667,30919.666,11493.000
19664.777,11930.667,11382.444,8742.889,9371.917,9222.111,9835.750,10547.167,31484.750,12147.750
19980.334,12455.444,11733.667,9017.000,9554.167,9410.556,10014.083,10789.083,31970.000,12763.833
20645.889,12973.000,12033.444,9215.444,9660.417,9652.556,10232.500,11114.167,32754.666,13170.000
20783.445,13249.333,12233.444,9484.444,9732.500,9865.333,10442.417,11314.667,33279.168,13456.917
20577.777,13426.667,12504.000,9586.223,9882.167,10125.000,10590.083,11432.333,32999.668,13655.750
20222.223,13161.333,12549.444,9556.333,9828.833,10117.223,10585.500,11442.083,32684.084,13553.917
19746.223,13172.777,12452.777,9502.000,9787.083,10171.667,10544.000,11374.500,32599.166,13490.583
19309.445,12942.000,12503.223,9586.889,9656.250,10126.889,10499.000,11248.333,31874.584,13279.750
18742.666,12769.777,12310.111,9280.889,9497.250,9939.111,10449.833,11091.333,31236.750,13094.500
18112.889,12458.444,12274.444,9103.556,9317.333,9827.556,10169.250,10900.167,30729.666,12764.417
17399.111,12217.444,12085.333,8935.777,9123.167,9651.000,10040.417,10760.250,30119.166,12439.417
16827.555,11955.667,11807.111,8887.667,8886.750,9461.667,9921.000,10585.250,29279.584,12096.667
16219.889,11632.667,11701.223,8528.223,8833.250,9305.667,9799.583,10366.000,28643.000,11762.500
15700.444,11385.223,11529.444,8335.111,8717.417,9092.444,9613.000,10116.667,27951.084,11472.250
15303.000,11085.444,11325.111,8225.556,8542.417,9035.223,9467.583,9945.417,27368.416,11167.667
14719.444,10876.444,11182.000,8088.000,8472.167,8776.000,9391.833,9771.333,26720.584,10941.167
14376.223,10566.111,11016.556,7926.000,8390.250,8650.000,9237.083,9643.000,26081.834,10681.417
13855.777,10345.111,10951.556,7830.222,8225.750,8580.333,9107.000,9397.583,25395.000,10428.000
13444.333,10097.223,10727.444,7601.333,8100.917,8410.223,8983.167,9297.000,24712.666,10116.917
13404.777,9870.000,10526.889,7533.778,7985.833,8297.333,8822.833,9161.750,25210.916,9922.333
15306.889,9929.444,10505.111,7520.778,7875.750,8152.000,8793.417,9133.750,27520.250,9951.500
17621.777,10089.333,10422.777,7808.667,8014.250,8117.667,8778.917,9211.083,29544.416,10306.167
18503.334,10714.111,10553.667,8046.111,8154.417,8220.889,8991.083,9458.000,29833.584,10848.583
19275.555,11407.889,10640.444,8327.556,8398.000,8352.777,9120.500,9764.000,30850.834,11389.833
20556.334,11966.223,10850.444,8800.777,8520.750,8656.444,9360.000,10064.167,31741.916,11920.167
21018.555,12589.556,10966.333,9250.444,8739.333,8791.333,9526.833,10255.667,32268.334,12473.250
20973.445,12945.889,11130.667,9435.777,8886.000,9037.889,9668.000,10465.417,32281.084,12782.333
20696.223,13143.223,11239.111,9566.667,8867.333,9178.777,9797.750,10679.500,32534.166,13001.667
20643.777,13090.667,11101.889,9668.556,8964.917,9267.333,9768.083,10758.167,32428.834,13013.000
20016.666,12965.333,11224.556,9689.444,8961.333,9350.111,9717.250,10782.833,32024.084,13043.000
19651.111,12812.223,11248.444,9554.556,8869.333,9286.556,9679.083,10781.833,31768.834,12753.583
18860.666,12491.667,11179.111,9350.667,8796.667,9256.556,9608.917,10622.250,31500.334,12636.333
18448.111,12339.111,11153.667,9280.667,8649.583,9120.444,9544.167,10424.250,30755.500,12318.917
17872.445,11988.667,10813.111,9012.667,8547.083,8998.556,9378.333,10327.083,30180.750,11944.417
17140.334,11729.889,10835.000,8845.000,8421.083,8790.223,9228.917,10139.833,29456.084,11672.917
16642.777,11568.889,10570.889,8660.889,8236.083,8727.223,9127.167,9877.750,28661.166,11509.000
16039.223,11316.111,10445.000,8538.111,8184.583,8630.223,9011.250,9735.167,27887.916,11212.333
15455.889,10988.889,10313.556,8343.556,8063.500,8431.889,8902.750,9612.667,27382.334,10833.083
15041.889,10739.000,10145.667,8151.000,7862.833,8318.777,8730.000,9373.917,26722.166,10665.417
14411.667,10547.223,9971.667,7988.444,7769.250,8186.889,8731.333,9320.083,25934.000,10392.583
13978.777,10370.777,9883.111,7924.111,7641.500,7997.111,8622.333,9131.917,25246.500,10160.167
13631.444,10086.889,9719.556,7754.333,7523.083,7931.556,8421.417,8965.500,24557.250,9979.083
13379.444,9882.777,9589.000,7605.444,7370.333,7842.000,8329.667,8869.833,24319.084,9813.500
14046.667,9742.667,9503.444,7576.222,7366.583,7753.333,8256.917,8753.083,25554.500,9599.333
15417.111,9579.556,9321.556,7436.444,7246.833,7761.444,8163.917,8586.250,27214.166,9521.917
17242.334,9653.444,9391.777,7631.889,7292.500,7599.222,8104.417,8609.917,28752.666,9853.917
18695.445,10107.777,9402.889,7873.444,7581.917,7727.000,8188.167,8743.500,29936.584,10304.333
19574.666,10708.000,9536.333,8133.111,7782.667,7813.333,8365.833,9008.500,30663.166,10797.417
19739.000,11227.444,9660.000,8506.556,7924.167,7943.778,8459.083,9138.250,31183.084,11331.083
20375.000,11723.556,9781.000,8680.000,8157.500,8198.777,8620.417,9436.417,31900.834,11891.000
20679.000,12244.889,9794.111,8832.444,8185.333,8418.889,8660.333,9667.250,32311.584,12283.250
20510.445,12469.667,9919.889,9064.111,8298.667,8613.333,8745.583,9762.333,32001.334,12617.500
20004.777,12543.777,9986.111,9100.889,8155.750,8634.444,8796.417,9886.583,31760.084,12726.333
19756.334,12525.111,9987.777,9115.333,8372.083,8740.889,8882.083,9909.667,31781.834,12844.167
19356.334,12321.889,9892.444,9089.777,8275.917,8869.556,8795.167,9904.417,31557.334,12728.667
18706.555,12068.667,9984.667,8928.556,8052.583,8803.777,8699.250,9818.083,30972.666,12531.583
18006.111,11875.223,9834.333,8738.333,7946.333,8744.111,8544.583,9655.667,30228.334,12280.500
17331.111,11566.333,9757.333,8616.111,7767.500,8482.223,8479.000,9428.083,29288.750,11973.833
16703.445,11273.556,9624.000,8424.333,7718.333,8489.777,8364.667,9287.833,28828.666,11602.500
16397.223,10942.333,9423.333,8257.444,7591.083,8402.333,8267.583,9179.417,28145.334,11419.667
15739.889,10713.667,9424.556,8122.222,7476.167,8237.333,8221.417,9012.833,27334.834,11173.500
15227.889,10620.111,9310.556,7921.556,7332.667,8144.222,8069.083,8840.083,26788.750,10784.083
14849.000,10276.556,9188.000,7770.222,7288.250,8001.000,7957.667,8680.333,26105.834,10548.667
14285.889,10061.777,8943.444,7535.444,7200.667,7751.333,7852.583,8617.167,25317.666,10261.917
13888.333,9964.777,8931.223,7487.222,7050.417,7724.556,7800.583,8439.250,25199.416,10093.667
14365.667,9652.667,8845.556,7418.667,6956.167,7589.333,7590.917,8229.500,26350.584,9869.000
14288.333,9417.667,8780.111,7309.111,6895.167,7544.111,7600.667,8147.833,25872.666,9641.000
13969.111,9310.223,8570.556,7197.667,6796.500,7428.667,7557.833,8042.500,25185.834,9513.333
14244.889,9081.667,8424.111,7010.111,6655.750,7355.889,7427.333,7903.500,25995.084,9387.583
15904.000,9088.889,8581.889,7078.111,6751.833,7334.444,7420.583,7964.417,27503.334,9570.333
17472.445,9477.667,8564.333,7318.000,6907.500,7307.667,7486.000,8056.083,28738.166,9967.417
18762.223,10145.000,8693.556,7664.556,7105.417,7409.333,7642.917,8291.333,29626.334,10414.167
19432.111,10742.889,8907.111,7865.556,7268.250,7517.111,7859.583,8564.250,30061.750,11014.000
19481.223,11185.444,8873.111,8065.111,7362.250,7747.889,7913.167,8656.917,29923.834,11321.583
20175.777,11669.667,8951.889,8240.000,7406.333,7824.667,8017.083,8727.250,30364.416,11698.417
20298.445,11914.223,9063.444,8378.223,7407.583,7902.556,8153.667,8787.167,30426.834,12100.583
19899.889,12067.444,9138.889,8544.556,7470.083,8036.778,8261.833,8802.000,30249.166,12143.167
19303.334,12164.889,9164.333,8515.444,7401.167,8051.778,8318.417,8719.500,29694.250,12202.667
18674.889,11857.333,9097.889,8483.777,7356.167,7966.000,8304.417,8655.750,29235.334,12043.250
18116.334,11628.889,9143.889,8338.777,7169.250,7958.889,8224.000,8562.167,28614.500,11732.750
17510.111,11356.667,9046.000,8133.222,7047.917,7789.444,8088.583,8378.667,28292.166,11566.167
16997.111,11070.333,8833.111,8017.667,6830.750,7764.667,7951.500,8274.000,27644.916,11261.750
16295.111,10896.889,8774.889,7823.222,6791.417,7646.889,7877.333,8121.500,27024.166,11026.417
15704.333,10555.889,8669.000,7709.556,6655.750,7599.111,7824.917,8061.000,26390.166,10768.750
15374.000,10365.556,8611.444,7593.333,6641.833,7410.556,7747.083,7891.750,25429.916,10591.000
14804.000,10134.667,8510.667,7491.333,6474.333,7311.000,7637.500,7828.417,24855.416,10250.417
14295.667,9903.223,8334.223,7325.556,6409.500,7202.111,7590.250,7694.333,24166.666,10006.250
13900.667,9733.000,8206.777,7207.889,6378.750,7135.778,7519.250,7556.833,23618.416,9697.083
13503.000,9386.889,8149.889,7094.778,6236.750,6976.000,7392.750,7469.750,22862.666,9556.083
13250.889,9255.667,8114.556,6966.444,6216.583,6872.556,7321.583,7348.833,23134.416,9340.417
14083.000,9161.000,8007.000,6890.889,6079.750,6840.444,7268.583,7243.833,23976.666,9210.583
14377.667,8913.223,7913.556,6785.222,6083.667,6819.556,7262.667,7136.583,23702.084,9109.250
14891.777,8881.223,7857.889,6777.778,5992.833,6657.000,7134.167,7182.583,24471.000,9150.917
16154.000,8808.777,7856.444,6859.667,6076.333,6676.444,7108.083,7099.083,25946.750,9329.083
17437.111,8990.111,7809.889,6980.667,6197.167,6712.333,7183.667,7145.250,27056.500,9584.000
18207.445,9624.111,7866.000,7239.333,6381.667,6749.444,7305.167,7279.500,28227.000,9964.833
19150.223,10232.111,7995.333,7536.556,6609.500,6853.778,7433.167,7437.833,29193.666,10498.667
19778.111,10782.223,8208.667,7733.000,6715.833,7029.778,7560.250,7612.333,29897.000,10956.500
19763.000,11261.777,8279.444,8019.222,6766.083,7194.444,7568.917,7712.000,30482.584,11386.500
19630.777,11524.667,8294.000,8179.000,6852.500,7265.778,7592.167,7829.667,30428.834,11609.667
19461.777,11604.556,8389.777,8326.777,6849.083,7393.333,7669.000,7924.500,30651.584,11747.917
19173.000,11674.556,8306.889,8275.889,6857.333,7399.667,7629.500,7950.417,30663.416,11810.583
18591.666,11738.111,8238.444,8229.111,6810.333,7455.000,7663.000,7865.000,30102.166,11754.083
18163.000,11457.223,8268.556,8174.222,6739.000,7351.000,7670.750,7827.417,29842.166,11679.500
17351.334,11131.444,8188.556,8032.667,6677.583,7375.556,7494.083,7695.500,29173.834,11408.167
16864.889,10991.667,8047.667,7910.444,6487.750,7218.889,7481.083,7546.417,28408.250,11273.667
16327.333,10805.223,8001.778,7722.556,6409.500,7259.000,7400.833,7445.417,27645.250,10923.917
15724.556,10513.444,7815.667,7589.111,6301.667,7117.000,7305.583,7429.583,26860.584,10623.083
15233.223,10228.111,7787.222,7430.556,6245.000,6968.111,7223.167,7315.083,26377.750,10389.083
14842.889,9953.667,7759.000,7257.111,6092.583,6870.333,7083.417,7157.667,25599.500,10167.917
14132.444,9812.333,7670.000,7170.889,6057.833,6736.889,7022.167,7065.500,24767.250,9784.333
13753.889,9475.000,7477.444,7043.333,5888.250,6746.778,6979.667,7015.167,23987.084,9570.750
13345.333,9336.444,7389.556,6886.667,5833.167,6567.111,6881.750,6895.667,23284.750,9370.583
13424.111,9105.777,7351.667,6762.111,5801.667,6446.778,6771.833,6774.833,23926.166,9184.417
13715.111,9018.556,7250.000,6717.444,5697.583,6402.000,6744.500,6791.750,23661.916,9047.917
13427.000,8787.889,7234.333,6648.889,5737.000,6336.889,6584.917,6741.167,23040.750,8949.667
13187.777,8636.444,7170.556,6591.111,5611.167,6306.444,6582.083,6666.333,22871.084,8871.750
14232.444,8602.556,7162.333,6527.778,5632.000,6277.667,6572.500,6612.667,24278.666,8832.167
15659.556,8833.777,7169.556,6697.889,5658.000,6280.444,6658.833,6645.833,25807.584,9181.500
16733.777,9233.333,7219.333,6982.000,5835.333,6318.667,6697.833,6833.333,27008.000,9588.833
17687.111,9677.889,7294.333,7111.111,6053.833,6371.000,6810.083,7065.167,28085.166,10137.500
18037.000,10372.333,7437.889,7458.222,6224.583,6562.889,6964.417,7113.000,28897.166,10450.250
18211.777,10582.777,7447.111,7658.333,6337.667,6734.667,6969.417,7270.250,29418.916,10755.667
18144.777,10808.777,7536.556,7740.556,6302.000,6773.556,6980.750,7320.250,29483.750,11012.667
18059.889,11007.444,7659.333,7833.000,6349.417,6839.778,6998.000,7340.750,29891.416,11272.167
17980.666,11035.777,7686.111,7896.667,6305.167,6893.444,7072.583,7400.917,29813.666,11253.833
17819.111,11013.444,7673.556,7945.556,6361.250,6955.222,7015.833,7406.750,29619.750,11389.333
17093.889,10746.223,7640.333,7775.444,6260.583,6921.556,7059.083,7388.000,28835.334,11272.000
16472.223,10554.556,7535.889,7603.111,6149.750,6814.667,6935.833,7269.917,28290.000,10772.667
16403.111,10334.777,7638.556,7458.778,6156.417,6818.444,7028.500,7197.500,28521.500,10786.250
15890.777,10110.889,7548.889,7323.333,6099.583,6783.556,6872.917,7145.667,27873.916,10581.917
15316.223,9875.777,7436.333,7175.444,6002.667,6750.000,6775.083,6981.667,27065.000,10332.750
14831.777,9667.889,7347.444,7076.556,5843.333,6673.444,6723.583,6913.917,26551.166,10186.833
14331.556,9415.444,7293.222,6940.556,5784.750,6504.222,6625.417,6846.833,25722.500,9893.583
13922.667,9222.223,7127.889,6853.667,5630.333,6424.444,6603.417,6762.500,24994.166,9642.833
13494.223,9049.333,7071.556,6760.111,5527.833,6344.444,6510.000,6679.417,24281.000,9318.333
13077.444,8803.667,6991.556,6704.000,5494.917,6247.222,6426.000,6649.500,23526.334,9159.167
12690.223,8668.111,6992.222,6520.333,5485.167,6220.000,6379.083,6526.500,23137.584,8987.833
12530.444,8401.444,6854.667,6411.778,5378.167,6129.667,6302.417,6427.833,22852.834,8806.667
12508.444,8294.667,6817.222,6406.444,5242.583,6056.111,6169.917,6388.167,22762.166,8700.250
12279.556,8152.111,6716.667,6294.556,5274.417,5982.111,6137.500,6352.417,22585.166,8651.000
13395.667,8074.667,6689.111,6216.444,5157.000,5931.889,6132.250,6379.333,23795.750,8485.917
15012.889,8285.444,6805.889,6391.111,5324.167,6028.667,6183.250,6542.500,25225.916,8803.667
16099.889,8782.444,6900.000,6526.556,5513.250,6022.889,6349.417,6628.667,26335.750,9136.417
16421.666,9257.111,6909.556,6733.556,5669.000,6141.111,6441.500,6784.083,27006.250,9484.917
16901.777,9676.223,6999.667,6885.333,5781.750,6148.667,6556.250,6939.000,27877.250,9815.833
17494.111,10192.556,7134.222,7068.889,5813.750,6151.556,6660.250,7154.000,28617.416,10099.417
17794.223,10398.444,7048.444,7105.556,5938.417,6265.667,6732.250,7179.750,29026.916,10302.917
17771.223,10656.777,7125.556,7191.889,6047.750,6283.333,6851.500,7204.083,29080.834,10501.333
17333.666,10714.777,7111.556,7157.556,6081.000,6349.444,6774.833,7285.167,28961.750,10571.667
16830.445,10673.556,7163.556,7127.000,6035.167,6424.778,6802.333,7169.250,28424.500,10529.833
16255.223,10525.556,7148.444,7047.333,5909.000,6350.667,6754.917,7168.500,27764.416,10326.250
15844.777,10205.444,7117.444,6865.778,5881.500,6313.111,6784.167,7088.167,27687.916,10243.250
15870.333,10004.444,7057.000,6726.778,5894.583,6305.333,6639.250,7011.667,27501.584,10049.500
15366.333,9856.777,6961.889,6711.444,5768.167,6274.444,6649.417,6951.333,26818.750,9920.833
14908.000,9620.000,6888.556,6495.667,5709.417,6187.556,6524.917,6854.583,26098.250,9604.250
14275.556,9418.223,6866.222,6460.222,5577.167,6080.667,6524.583,6784.167,25277.916,9381.000
13764.667,9226.667,6782.111,6327.556,5454.750,5951.778,6404.667,6714.500,24523.750,9178.667
13481.889,9024.111,6667.667,6250.778,5341.167,5896.556,6352.083,6619.083,23546.166,9015.250
12976.000,8843.556,6656.000,6127.444,5336.167,5863.778,6278.417,6525.333,23056.084,8746.833
12751.667,8691.223,6533.111,6018.333,5299.000,5796.667,6182.833,6448.833,22483.750,8637.250
12190.777,8536.333,6441.556,6009.111,5220.833,5709.000,6138.750,6360.167,21956.916,8421.000
12199.000,8301.667,6418.778,5888.556,5128.000,5650.667,6061.500,6298.667,21782.084,8237.333
12674.777,8117.111,6403.000,5834.556,5127.667,5565.444,6022.000,6293.000,22546.584,8123.250
13871.111,8070.556,6329.778,5846.889,5069.667,5569.222,6040.167,6274.250,23572.250,8216.250
14593.889,8116.222,6432.111,5895.222,5125.750,5550.333,6001.917,6295.250,24417.084,8285.583
15401.000,8337.000,6418.333,5930.778,5252.417,5570.778,6075.833,6402.333,25741.084,8524.000
16272.777,8664.111,6479.333,6152.111,5276.333,5629.000,6190.000,6520.667,26860.666,8774.917
16913.111,9075.556,6621.333,6365.889,5407.333,5636.222,6253.833,6763.500,27662.666,9103.583
17363.334,9468.444,6735.444,6556.222,5539.167,5792.333,6308.833,6893.750,28226.500,9492.167
17569.111,9867.444,6739.111,6718.000,5714.167,5854.778,6356.250,6996.250,28622.750,9716.833
17409.000,10036.333,6861.889,6827.000,5788.583,5874.889,6377.583,7112.000,28601.250,9974.667
17192.666,10224.777,6893.111,6971.889,5754.833,5907.111,6413.833,7228.500,28716.916,10237.667
17220.111,10206.667,6990.667,7075.000,5760.500,6002.778,6508.750,7163.000,28926.584,10276.000
16757.445,10238.444,7029.889,7102.444,5813.917,6082.889,6446.917,7226.833,28552.416,10283.833
16461.223,10192.333,7001.556,7009.444,5760.500,6085.000,6463.500,7219.583,28276.084,10315.167
15963.333,9941.667,6970.222,6862.889,5695.000,6027.778,6442.667,7156.833,27413.500,10079.167
15372.223,9658.556,6921.667,6772.778,5525.667,6023.444,6349.417,7050.750,26807.834,9986.000
14920.000,9525.556,6873.889,6550.444,5506.833,5979.889,6318.917,6936.750,26146.250,9669.583
14481.000,9311.777,6838.556,6549.667,5404.667,5893.778,6211.333,6932.583,25495.250,9498.500
14088.444,9164.333,6695.444,6402.667,5389.833,5856.889,6135.167,6816.250,24537.916,9194.750
13526.000,8899.111,6681.889,6291.333,5254.917,5724.222,6117.583,6731.917,23755.916,9035.833
13020.223,8735.000,6591.889,6250.889,5156.750,5702.222,6016.583,6616.250,22954.250,8829.417
12667.000,8490.556,6463.000,6136.667,5075.167,5616.667,5957.083,6522.833,22493.334,8686.583
12363.667,8407.000,6441.333,6025.222,5055.250,5618.222,5910.083,6442.333,21909.500,8486.583
12122.333,8269.777,6394.667,5898.444,4999.167,5559.556,5890.667,6346.500,21975.166,8341.667
11854.667,8079.889,6373.111,5785.778,4939.750,5458.222,5814.167,6368.750,21547.834,8126.083
11636.223,7904.667,6300.111,5743.000,4864.917,5361.222,5760.417,6272.667,20945.584,7944.083
12043.889,7773.333,6236.778,5690.667,4850.500,5448.111,5742.083,6259.250,21440.834,7958.917
12836.667,7835.556,6257.333,5715.111,4841.333,5343.778,5758.750,6207.583,22540.584,8043.583
13868.667,8051.222,6252.667,5917.333,4947.083,5368.556,5783.250,6348.833,23714.166,8246.250
14801.000,8391.444,6377.556,6044.222,5042.917,5418.444,5888.250,6439.500,24793.916,8550.083
15335.333,8734.444,6389.111,6304.889,5183.167,5450.222,5892.167,6566.750,25546.666,8836.417
15760.111,9161.889,6446.556,6407.667,5300.417,5588.111,5934.250,6647.083,26446.916,9030.250
16187.223,9506.667,6549.333,6672.333,5414.250,5544.889,6018.250,6836.417,27089.000,9266.167
16529.445,9903.333,6579.333,6807.667,5441.000,5586.778,6106.833,6850.583,27350.584,9424.083
16430.223,10097.444,6524.444,6961.111,5579.833,5646.111,6064.167,6899.833,27368.166,9550.500
16044.556,10230.556,6609.556,6901.000,5583.250,5699.000,6081.417,6941.750,26936.250,9636.917
15545.223,9990.444,6627.556,6926.000,5530.250,5785.444,6073.583,6879.333,26305.750,9467.333
15198.223,9854.223,6602.667,6875.333,5428.583,5743.333,6116.083,6768.750,26347.000,9421.417
14869.333,9782.777,6652.667,6798.222,5461.000,5724.222,6039.167,6685.583,26292.000,9370.250
14504.333,9707.889,6630.889,6701.667,5337.333,5792.556,6062.000,6601.333,26062.166,9261.250
14137.333,9516.556,6600.111,6651.444,5296.000,5790.222,6005.750,6574.833,25232.334,9186.667
13599.556,9381.111,6527.444,6587.444,5221.750,5722.000,5947.000,6535.417,24579.166,8938.167
13060.889,9093.444,6473.556,6418.111,5148.167,5612.556,5863.083,6476.083,23753.416,8775.833
12798.223,9060.667,6379.111,6414.444,5039.667,5532.556,5863.167,6430.500,23106.584,8643.333
12394.777,8757.111,6298.000,6211.222,4966.583,5485.111,5743.000,6349.833,22283.084,8302.333
12106.333,8638.111,6188.111,6139.000,4913.417,5500.111,5711.833,6287.167,21686.916,8185.333
11646.333,8303.667,6214.556,6010.222,4857.000,5386.444,5731.833,6202.500,21097.666,8050.250
11427.111,8217.000,6054.889,5935.444,4775.917,5339.333,5574.667,6197.833,20721.084,7877.833
11220.223,8120.667,6020.111,5847.222,4749.000,5275.667,5627.417,6116.583,20305.250,7792.083
11423.333,7973.556,5977.222,5771.222,4712.000,5273.778,5526.333,6085.083,20311.666,7663.833
12538.889,7811.556,5934.556,5825.000,4679.583,5190.444,5486.500,6069.333,21466.334,7631.667
13622.000,7820.889,6007.556,5806.000,4744.917,5190.333,5503.333,6101.333,22226.334,7806.083
14231.000,7955.444,6087.222,5872.222,4824.583,5272.000,5515.333,6192.417,22686.750,7914.167
14658.777,8132.333,6067.556,5996.556,4878.667,5284.889,5556.417,6282.333,23280.916,8066.500
15330.000,8275.667,6073.333,6147.444,5061.667,5153.222,5593.917,6380.500,24412.750,8193.917
15915.333,8653.333,6210.333,6396.333,5199.167,5311.444,5646.583,6539.833,25418.916,8552.917
16286.777,9050.889,6184.667,6548.111,5303.333,5352.222,5696.167,6620.583,26171.000,8868.250
16337.777,9198.111,6240.000,6655.222,5404.167,5460.556,5716.083,6774.833,26276.250,8837.417
16061.667,9249.889,6293.444,6748.778,5448.500,5459.222,5713.667,6856.167,26332.416,8868.333
15970.556,9321.223,6392.000,6745.667,5497.250,5511.111,5749.667,6928.417,26252.834,8966.333
15503.777,9182.223,6396.444,6803.333,5434.583,5482.333,5773.000,6880.750,25574.750,8913.167
15051.889,9070.444,6416.556,6678.778,5395.750,5436.333,5731.417,6932.333,25525.916,8758.083
14869.223,9008.667,6366.667,6786.667,5348.833,5437.667,5769.333,6843.583,25519.834,8862.750
14478.000,8755.889,6417.000,6692.667,5349.000,5450.111,5627.750,6713.500,24867.166,8630.667
14137.777,8696.111,6293.222,6611.000,5309.917,5376.778,5656.917,6692.667,24053.584,8566.250
13570.556,8427.223,6297.111,6442.000,5137.333,5340.444,5540.417,6601.750,23362.416,8363.750
13291.333,8333.111,6294.889,6284.111,5156.333,5361.778,5522.833,6543.833,22869.084,8224.833
12950.000,8132.222,6208.889,6210.000,5140.583,5322.222,5471.833,6518.917,22243.084,7998.917
12579.444,7976.667,6185.667,6099.444,4951.833,5300.111,5428.000,6382.583,21508.166,7915.750
12226.223,7755.667,6116.889,5993.000,4945.417,5257.778,5400.333,6281.083,21033.084,7787.583
11915.889,7626.111,6049.889,5898.778,4914.833,5171.667,5365.833,6261.583,20616.750,7534.833
11608.000,7609.778,6037.222,5885.444,4849.417,5115.667,5322.917,6089.833,20030.250,7393.333
11443.333,7451.000,6031.444,5747.778,4743.083,5142.000,5269.750,6071.750,19730.000,7393.833
11431.000,7282.667,6005.111,5693.222,4740.500,5056.667,5237.500,6066.000,19647.416,7244.750
12075.667,7286.444,5959.333,5656.000,4770.417,4982.333,5218.083,6040.667,20584.916,7257.083
12986.111,7365.444,5944.000,5698.333,4759.583,4958.111,5173.083,6144.833,21494.834,7296.167
13908.777,7473.222,5850.222,5808.556,4790.833,4998.889,5254.917,6173.833,22449.916,7344.667
14627.889,7721.444,6015.111,5922.556,4915.083,5055.222,5261.417,6424.250,22981.250,7564.833
14883.000,7881.000,6029.333,6071.333,4932.833,4906.556,5322.000,6481.667,23759.416,7681.583
15370.667,8198.111,6096.889,6235.778,5129.250,5015.222,5339.417,6622.917,24722.416,7856.250
15888.333,8628.223,6107.000,6447.000,5226.500,5148.778,5483.000,6720.333,25389.750,8112.000
16059.223,8954.777,6171.667,6565.222,5391.917,5053.889,5474.167,7016.250,25703.334,8329.000
15804.000,9003.889,6195.444,6603.778,5396.083,5104.556,5474.667,7087.167,25488.334,8393.833
15227.111,9115.111,6204.333,6667.111,5359.667,5186.000,5518.000,7093.833,24971.084,8335.750
14923.556,8989.000,6167.444,6642.889,5354.583,5163.889,5493.583,7054.167,25045.084,8374.583
14724.111,8932.556,6197.889,6698.000,5384.583,5173.556,5486.250,7104.250,25021.500,8360.333
14129.333,8906.777,6182.889,6666.667,5383.083,5199.111,5522.500,7072.833,24753.250,8324.667
14118.667,8779.667,6153.444,6623.556,5344.750,5137.889,5538.750,6957.500,24320.916,8273.083
13673.667,8685.889,6205.222,6525.778,5224.583,5160.333,5513.250,7023.667,23456.750,8105.250
13233.223,8441.333,6089.333,6372.556,5135.833,5161.778,5452.250,6902.917,22691.084,7918.917
12890.444,8255.444,6058.111,6223.667,5068.417,5074.444,5429.917,6789.667,22272.750,7792.417
12656.111,8164.000,5990.222,6145.333,5027.167,5052.444,5374.417,6637.417,21749.416,7675.083
12318.111,7958.889,5964.667,5972.222,4941.917,5021.778,5274.500,6582.417,20975.166,7501.833
11972.000,7748.222,5898.222,5981.444,4901.083,5001.556,5255.500,6567.000,20376.666,7338.250
11645.889,7649.111,5865.000,5837.556,4864.250,4946.778,5201.833,6446.583,19808.916,7263.500
11542.333,7466.111,5803.889,5717.333,4815.250,4875.222,5206.500,6352.083,19822.834,7172.000
11638.889,7357.556,5818.667,5717.333,4716.333,4817.444,5196.917,6253.917,19586.084,6994.417
11550.444,7265.000,5761.111,5660.556,4650.917,4823.333,5169.000,6201.500,19131.500,6953.000
11734.556,7154.000,5728.778,5683.778,4700.083,4838.444,5103.500,6229.750,19448.334,6997.000
12495.667,7158.889,5770.111,5739.778,4726.833,4782.778,5164.500,6293.417,20402.166,7043.167
13321.444,7293.556,5768.556,5887.556,4845.167,4810.778,5174.750,6425.583,21065.084,7140.583
14015.556,7440.222,5797.778,5989.222,4942.667,4833.889,5167.583,6518.667,21880.000,7253.250
14706.333,7742.111,5841.889,6232.000,5060.500,4874.000,5217.917,6646.083,22854.666,7445.250
15221.444,8273.556,5907.444,6363.000,5221.917,4976.778,5261.833,6856.167,23553.834,7740.667
15700.111,8528.444,5966.556,6413.444,5257.250,5027.556,5277.667,6957.667,23949.166,7887.667
15453.777,8730.000,5997.778,6594.444,5308.750,5064.000,5310.167,7070.000,24093.334,8018.833
15312.777,8742.889,6028.222,6639.444,5337.833,5116.556,5383.833,7103.000,24316.000,8012.750
15275.889,8898.556,6053.778,6729.111,5429.917,5096.000,5383.667,7177.167,24604.666,8135.667
15101.111,8892.556,6031.000,6707.222,5401.500,5151.222,5301.917,7135.083,24631.000,8131.833
14671.333,8919.889,6047.667,6775.444,5404.750,5193.778,5379.000,7066.167,24108.584,8032.667
14240.667,8734.556,5965.111,6656.778,5399.833,5134.333,5353.917,7060.250,23229.000,7960.083
13757.000,8552.556,5943.889,6564.222,5212.750,5185.667,5332.083,6919.750,22719.000,7828.833
13527.111,8403.889,5935.111,6524.778,5189.417,5153.556,5288.750,6888.333,22129.834,7775.083
13024.223,8216.333,5898.444,6318.000,5130.167,5095.000,5266.167,6779.750,21552.084,7652.333
12712.223,8084.000,5958.222,6325.111,5021.833,5067.556,5225.167,6792.083,20917.416,7509.500
12344.444,7983.444,5852.333,6151.556,4921.333,5002.778,5186.917,6625.000,20435.416,7338.750
12005.223,7762.333,5853.000,6032.333,4855.583,4980.333,5096.667,6531.083,19875.416,7267.583
11867.223,7569.222,5768.111,5934.222,4833.167,4950.889,5078.917,6420.250,19305.666,7141.583
11634.111,7505.778,5789.444,5909.556,4774.167,4905.667,5062.417,6411.333,19093.500,7078.000
11277.223,7375.778,5739.778,5825.889,4743.750,4879.667,5008.333,6321.917,18563.584,6982.500
11153.777,7114.556,5715.778,5812.667,4728.000,4781.444,4991.500,6218.000,18175.084,6884.167
11157.777,7065.111,5706.111,5670.667,4648.083,4828.333,4963.000,6170.250,18415.250,6855.667
11631.444,7027.444,5669.222,5645.667,4643.917,4802.889,4958.750,6227.167,18642.584,6723.083
12178.556,6945.889,5679.444,5656.778,4681.917,4771.778,4941.417,6158.167,18578.916,6839.167
12603.889,7015.556,5758.444,5707.444,4734.583,4820.000,4995.500,6223.583,19435.334,6906.167
13652.111,7160.667,5783.667,5873.333,4741.833,4886.556,5026.667,6348.083,20559.334,6978.667
14273.223,7347.667,5866.444,6091.556,4941.583,4935.000,5052.500,6448.250,21569.834,7150.667
14454.223,7624.333,5847.333,6256.222,4913.833,4932.556,5095.250,6587.917,21912.416,7287.750
14869.889,7930.778,5954.889,6468.556,5069.833,4960.000,5112.417,6672.167,22679.916,7441.417
14928.556,8164.000,6094.000,6517.333,5111.333,5025.000,5166.083,6861.500,22986.416,7585.000
14785.333,8311.333,6145.111,6659.111,5116.083,5040.889,5184.917,6859.333,23258.166,7600.833
14561.889,8411.556,6225.222,6705.889,5127.083,5150.222,5119.250,6943.167,23336.334,7639.917
14337.889,8352.777,6289.556,6670.889,5127.750,5197.778,5148.667,6914.917,23340.916,7718.250
13855.111,8376.667,6268.222,6698.444,5072.917,5144.000,5158.583,6912.750,22674.334,7628.917
13648.556,8223.556,6292.111,6588.778,5105.750,5188.000,5141.750,6869.333,22492.084,7619.750
13415.556,8150.000,6310.667,6529.000,5120.833,5212.778,5133.667,6833.417,22136.000,7541.500
12910.111,7971.222,6339.222,6478.111,5000.333,5156.667,5130.250,6781.417,21555.334,7474.167
12621.444,7812.444,6177.000,6418.556,4947.500,5144.111,5067.917,6740.833,20946.834,7358.083
12335.667,7720.111,6203.444,6229.778,4892.917,5147.444,5036.917,6599.000,20371.000,7268.417
11902.111,7611.667,6151.778,6158.000,4780.917,5089.889,4986.083,6499.333,19808.334,7073.417
11629.777,7423.333,6066.111,6074.333,4723.583,5051.556,4963.083,6445.667,19248.250,7037.917
11177.889,7286.556,6016.333,6008.111,4706.833,5029.889,4895.167,6345.583,18622.666,6895.667
10932.889,7144.444,5991.778,5884.889,4569.250,4942.667,4842.500,6318.000,18193.000,6766.750
10797.667,7046.667,5975.667,5789.889,4522.167,4893.000,4822.250,6237.417,17684.750,6659.667
10549.111,6899.889,5881.111,5729.000,4521.500,4937.556,4866.500,6130.000,17471.334,6546.083
10815.223,6867.556,5832.778,5607.000,4485.750,4856.222,4808.500,6111.417,17739.750,6544.333
11548.667,6734.222,5857.444,5660.778,4475.000,4879.889,4821.500,6108.750,18457.584,6572.750
12331.223,6780.333,5910.444,5681.778,4519.750,4880.778,4794.250,6169.083,18973.250,6608.417
12713.777,6801.333,5936.222,5848.333,4581.083,4878.444,4821.500,6160.167,19715.250,6685.083
13520.111,6812.111,5940.778,5918.111,4684.333,4898.111,4820.083,6261.250,20921.000,6877.250
14181.889,7016.222,5939.111,6097.444,4820.833,4944.778,4852.833,6306.917,21900.000,7008.417
14435.223,7308.667,5941.556,6204.000,4887.000,4920.889,4933.750,6468.000,22342.750,7149.583
14653.667,7463.000,6002.222,6404.000,5010.750,4985.000,4975.917,6507.083,23084.000,7251.083
14753.444,7673.222,5956.222,6401.889,5081.500,5012.444,4908.667,6588.833,23462.250,7264.667
14795.333,7771.000,5987.556,6417.667,5203.083,5005.333,4948.000,6661.583,23760.416,7450.000
14661.333,7930.000,5972.667,6517.667,5203.500,5054.778,4946.167,6757.333,24068.000,7443.417
14472.333,8080.889,5933.222,6514.778,5187.750,5068.444,5003.750,6753.333,24020.334,7512.167
14058.000,7979.667,5913.333,6428.889,5164.917,5050.556,5005.333,6737.667,23929.084,7426.333
13787.556,7901.667,5989.333,6438.889,5144.417,5047.556,4982.833,6611.500,23208.250,7410.333
13389.777,7726.333,6012.000,6345.556,5130.750,5043.556,4936.250,6570.083,22778.834,7288.583
13102.111,7658.333,5888.333,6210.111,5070.417,4979.111,4960.333,6551.583,22346.750,7238.167
12759.333,7437.222,5901.111,6092.667,5053.667,4964.000,4893.667,6490.167,21539.584,7136.083
12363.889,7395.444,5940.889,6009.111,4991.250,4968.000,4871.750,6319.667,21022.666,7027.667
12116.111,7233.778,5876.556,5938.556,4944.917,4920.889,4841.083,6299.750,20404.416,6892.333
11639.444,7031.333,5823.889,5884.222,4790.833,4845.778,4801.083,6204.417,19772.166,6758.167
11387.000,7054.778,5816.111,5819.889,4794.167,4821.222,4716.500,6228.167,19230.750,6710.083
11222.444,6926.333,5673.111,5710.556,4650.083,4729.000,4779.333,6195.083,18830.916,6609.500
11248.000,6789.667,5753.000,5682.222,4672.083,4747.111,4757.333,6023.083,18843.084,6527.250
11185.444,6676.000,5718.889,5481.222,4666.750,4702.222,4737.000,6055.000,18670.750,6576.500
11060.223,6598.444,5652.556,5568.667,4648.000,4723.111,4673.667,5977.750,18221.250,6534.250
10939.889,6487.222,5647.333,5514.778,4624.000,4664.667,4678.333,6021.333,17768.000,6470.083
10877.556,6397.444,5617.556,5525.222,4680.333,4665.556,4651.417,5976.667,17735.750,6573.583
11523.667,6378.889,5685.556,5673.333,4706.917,4721.333,4682.083,6044.917,18673.916,6527.083
12319.556,6665.556,5700.778,5737.778,4801.083,4687.111,4723.667,6211.333,19756.500,6740.250
12539.889,6911.556,5738.222,5969.556,4897.250,4699.222,4740.583,6281.250,20496.916,6903.083
12696.777,7086.778,5762.000,6056.889,4985.167,4759.778,4760.750,6348.250,20852.834,7072.167
12772.333,7281.556,5778.444,6092.778,5089.083,4762.333,4775.083,6435.500,21663.000,7185.750
12978.444,7451.222,5811.889,6249.000,5177.250,4786.778,4821.000,6462.500,22081.084,7311.917
12967.333,7627.667,5761.111,6338.333,5197.750,4853.667,4830.417,6587.250,22177.916,7421.833
12949.111,7604.778,5841.333,6442.333,5277.583,4816.556,4860.167,6628.250,22482.666,7449.083
12786.223,7611.778,5789.000,6389.444,5289.250,4868.556,4834.083,6610.833,22547.166,7455.833
12651.889,7590.444,5809.000,6379.444,5327.000,4845.889,4796.750,6644.583,22382.250,7489.583
12290.889,7509.333,5776.778,6371.444,5333.500,4885.333,4840.833,6580.333,21899.000,7435.500
11879.223,7354.889,5725.000,6249.111,5244.500,4884.111,4818.333,6548.667,21260.834,7321.417
11558.223,7265.667,5704.556,6251.889,5190.667,4779.556,4791.250,6472.667,20654.416,7247.667
11198.223,7180.667,5702.444,6175.667,5106.167,4767.333,4760.250,6323.750,20187.666,7143.667
10981.111,7093.444,5704.667,6029.000,5030.417,4750.222,4764.750,6289.917,19614.916,7106.833
10624.667,6973.667,5636.000,5987.556,4973.583,4752.444,4676.333,6250.417,19007.250,6967.333
10462.333,6816.333,5641.222,5893.889,4918.833,4755.889,4677.833,6190.583,18479.750,6811.583
10151.889,6786.333,5623.444,5807.778,4814.833,4666.333,4612.833,6053.833,18127.250,6699.917
9874.667,6684.667,5491.111,5697.778,4766.250,4633.000,4643.583,6036.917,17634.666,6602.500
9881.556,6575.000,5602.556,5644.889,4811.750,4618.222,4636.917,5930.000,17408.000,6558.583
9615.444,6387.778,5530.222,5509.000,4775.917,4540.111,4569.333,5924.083,17124.834,6463.500
9566.777,6359.889,5498.556,5503.667,4750.917,4570.556,4580.083,5866.333,16961.916,6413.917
9927.889,6341.111,5566.222,5518.333,4719.583,4531.333,4512.333,5865.417,17610.750,6472.250
10581.889,6283.444,5562.222,5468.444,4783.667,4553.222,4527.750,5889.417,18206.250,6451.250
11028.556,6364.889,5552.667,5618.222,4771.000,4561.333,4565.417,5869.333,18546.584,6606.500
11631.667,6534.889,5575.222,5724.333,4857.333,4532.667,4553.083,5951.667,19153.334,6668.417
12028.223,6680.222,5555.111,5769.556,4923.417,4570.556,4562.500,6054.833,20077.416,6820.333
12546.667,6865.222,5626.778,5866.778,5077.083,4548.667,4594.833,6105.167,20360.750,6855.083
12764.000,7144.444,5621.667,5984.556,5138.083,4622.778,4622.000,6242.750,20806.500,6978.917
12891.444,7342.111,5607.778,6095.444,5204.000,4641.333,4660.667,6357.333,21091.334,7195.000
12986.333,7501.111,5585.778,6131.667,5313.333,4647.889,4630.833,6440.417,21329.584,7146.333
12867.111,7603.556,5603.333,6214.222,5411.750,4688.778,4655.583,6487.833,21302.416,7211.750
12944.111,7647.222,5614.000,6133.333,5461.417,4664.444,4673.917,6441.250,21171.750,7253.750
12704.000,7621.889,5636.333,6150.889,5490.500,4666.000,4670.667,6460.917,20873.750,7351.417
12316.444,7570.556,5583.222,6153.222,5429.583,4656.444,4669.333,6384.833,20495.500,7281.583
11923.111,7458.778,5594.778,6096.444,5380.250,4686.111,4664.750,6367.333,19818.166,7163.583
11595.889,7402.889,5544.778,5934.222,5284.583,4622.889,4597.333,6311.167,19324.000,7097.000
11376.223,7270.444,5471.444,5947.556,5236.167,4653.778,4581.583,6275.250,18831.916,6982.500
11008.777,7117.889,5460.222,5871.889,5155.083,4624.556,4540.500,6205.083,18316.416,6904.083
10798.556,6978.333,5402.556,5757.222,5171.917,4545.889,4527.500,6060.333,17840.750,6774.083
10540.444,6881.556,5310.889,5681.111,5059.750,4596.000,4497.500,6020.333,17490.916,6709.417
10241.556,6734.889,5355.667,5515.444,5033.250,4456.556,4509.333,5973.583,17064.166,6552.250
9939.111,6684.444,5303.778,5458.333,4946.667,4480.889,4448.083,5859.167,16658.584,6478.667
9756.556,6596.778,5316.444,5423.556,4852.250,4501.667,4406.917,5871.333,16303.417,6381.500
9708.333,6477.222,5227.444,5410.444,4845.333,4464.778,4379.667,5855.333,16246.583,6388.417
9809.000,6437.000,5211.444,5433.222,4837.417,4446.778,4409.250,5803.667,16147.250,6291.083
9702.333,6290.556,5141.667,5349.111,4769.667,4471.667,4358.583,5729.667,15900.833,6295.750
10308.111,6251.000,5150.667,5344.333,4792.667,4431.222,4337.167,5710.667,16741.584,6333.917
10990.444,6291.778,5149.444,5484.111,4932.417,4453.333,4403.250,5789.500,17722.250,6425.083
11788.333,6521.778,5128.556,5524.778,5000.333,4441.333,4339.333,5800.083,18888.916,6588.417
12204.333,6806.000,5140.667,5694.889,5160.750,4451.333,4371.083,5822.750,19657.250,6646.917
12421.333,6866.333,5150.222,5716.222,5231.417,4523.333,4404.583,5909.083,19868.916,6673.583
12615.556,7127.222,5155.000,5832.444,5311.333,4526.000,4421.417,5884.500,20260.166,6747.750
12748.444,7270.000,5166.778,5912.000,5410.583,4580.333,4420.833,5934.000,20625.916,6810.000
12887.444,7415.111,5140.778,5940.556,5494.417,4547.222,4361.417,5934.500,20742.334,6842.583
13056.556,7565.778,5189.889,6082.667,5561.333,4552.222,4368.667,6004.500,21021.250,6916.167
12981.000,7719.667,5136.889,6075.667,5595.000,4547.778,4355.833,6031.583,21123.666,6915.917
12827.333,7697.778,5154.667,6110.000,5579.333,4555.222,4353.667,6042.500,21088.750,6827.000
12560.333,7679.111,5136.889,6110.000,5603.333,4529.222,4326.750,5988.917,20627.834,6917.000
12162.333,7568.778,5116.000,6070.222,5607.667,4484.556,4373.583,5945.583,20067.334,6817.750
11836.223,7418.778,5128.333,5937.889,5492.583,4525.333,4329.167,5920.583,19553.166,6670.833
11465.000,7372.000,5060.889,5963.333,5450.083,4475.333,4331.417,5850.750,18930.166,6611.417
11093.444,7151.111,5015.667,5783.000,5393.417,4451.222,4315.500,5829.000,18457.916,6514.750
10730.223,7065.556,5007.000,5716.222,5358.833,4425.222,4281.000,5704.917,18067.000,6431.167
10586.777,6948.889,5033.000,5578.667,5311.000,4437.889,4295.000,5634.333,17570.916,6334.583
10359.333,6846.222,4987.889,5527.889,5242.000,4400.444,4258.250,5645.417,17132.416,6268.250
10040.111,6683.222,4945.000,5449.333,5112.833,4389.000,4218.417,5538.083,16791.166,6221.167
9904.889,6639.111,4940.889,5393.333,5139.250,4372.889,4198.000,5489.333,16476.416,6129.583
9856.556,6462.000,4983.000,5322.667,5053.500,4374.667,4229.583,5447.750,16206.083,6127.083
9670.556,6455.111,4911.556,5302.222,4995.417,4346.556,4176.000,5399.083,16000.833,6040.333
9698.556,6424.778,4915.778,5308.667,4999.583,4342.556,4179.833,5408.750,16079.083,6036.417
10245.111,6256.556,4930.111,5295.333,5058.583,4370.222,4192.917,5394.500,16412.084,6053.667
10689.889,6316.889,4961.222,5300.889,5145.833,4312.444,4169.500,5411.917,17140.000,6132.583
11296.667,6407.000,5036.444,5365.111,5146.250,4355.889,4180.750,5489.333,17799.084,6166.583
11839.333,6455.444,4991.222,5550.111,5343.000,4363.889,4198.000,5563.750,18374.084,6258.583
12081.444,6577.778,5039.556,5618.111,5491.083,4354.444,4170.667,5607.500,18765.084,6320.083
12207.223,6721.778,5018.778,5649.889,5594.833,4339.333,4179.667,5718.417,19113.250,6300.500
12302.333,6896.889,5050.333,5665.556,5699.000,4412.444,4178.333,5757.917,19592.666,6372.417
12395.667,7053.889,5099.111,5742.889,5694.500,4382.333,4172.500,5780.167,19949.000,6442.167
12290.000,7110.778,5129.889,5774.222,5783.083,4363.000,4200.917,5827.917,20173.166,6445.667
12022.667,7207.889,5112.333,5814.444,5726.417,4444.111,4212.917,5839.583,20056.166,6392.667
11709.444,7173.556,5138.667,5804.111,5738.750,4345.778,4197.833,5862.583,19592.584,6393.833
11293.777,7099.111,5076.444,5791.444,5754.583,4348.444,4172.333,5775.000,19007.334,6319.667
11031.556,7028.556,5104.111,5667.333,5687.417,4348.000,4173.083,5772.333,18565.084,6291.667
10728.444,6934.111,5141.333,5566.111,5571.000,4317.778,4164.500,5737.583,18103.166,6259.667
10549.223,6908.000,5112.333,5491.222,5600.750,4317.556,4168.917,5681.583,17782.750,6165.417
10292.000,6804.889,5107.778,5466.556,5529.083,4322.889,4103.750,5581.250,17273.084,6137.333
10012.667,6697.000,5124.222,5365.667,5454.750,4290.333,4144.167,5520.500,16790.250,6048.000
9773.111,6504.667,5043.444,5367.667,5395.167,4274.111,4125.083,5524.833,16535.916,5936.167
9541.444,6478.444,5069.778,5247.667,5282.667,4223.000,4105.000,5391.750,16106.667,5881.250
9345.667,6308.111,5077.333,5152.111,5322.667,4217.778,4093.083,5336.000,15692.167,5879.000
9177.111,6247.000,5031.111,5118.111,5227.667,4249.222,4082.417,5393.417,15393.667,5748.167
9114.889,6206.889,5073.111,5085.111,5179.417,4186.333,4068.333,5289.250,15235.500,5763.500
9212.444,6093.333,5013.444,5042.333,5163.667,4143.556,4052.083,5283.083,15006.250,5733.250
9385.111,6006.556,5005.000,5066.111,5183.417,4158.111,4090.917,5243.500,14972.917,5756.917
9886.556,6045.111,4960.333,5053.000,5226.583,4182.778,4080.917,5309.833,15388.417,5776.500
10452.111,6071.444,4976.111,5139.111,5269.667,4156.444,4070.833,5311.500,16047.333,5793.083
10996.111,6192.444,5075.222,5182.444,5332.500,4191.000,4085.583,5381.500,16918.334,5877.000
11326.889,6319.000,4974.111,5229.333,5434.167,4160.667,4133.083,5402.250,17620.334,5926.667
11548.444,6479.778,4915.333,5267.000,5494.000,4179.333,4095.250,5467.083,18067.250,6009.167
11718.889,6539.556,4961.111,5361.111,5620.667,4223.222,4088.167,5529.750,18409.666,6061.167
12115.889,6594.111,4996.778,5438.111,5707.417,4188.556,4110.083,5505.250,18821.750,6168.750
12357.444,6768.000,4933.333,5508.444,5822.250,4210.667,4137.250,5608.750,19048.334,6165.500
12206.333,6840.222,4973.556,5532.778,5847.333,4220.556,4151.167,5686.500,19173.416,6176.083
11982.556,6895.333,5020.667,5545.556,5894.167,4246.444,4136.833,5718.667,19093.500,6131.000
11663.556,6807.556,5032.000,5526.667,5986.917,4239.444,4122.833,5728.667,18574.416,6077.500
11455.444,6784.889,5040.333,5504.111,5917.833,4177.667,4122.250,5759.250,18209.500,6082.167
11176.333,6786.000,4960.000,5441.222,5865.000,4146.000,4122.000,5741.167,17813.666,6015.833
10744.444,6706.111,4973.444,5463.000,5872.000,4134.889,4109.833,5703.750,17435.750,5980.417
10606.444,6587.667,4973.000,5343.444,5860.667,4177.000,4081.667,5693.667,17076.000,5923.583
10336.777,6498.667,4982.222,5234.556,5704.083,4074.222,4083.667,5655.917,16515.166,5851.667
10114.000,6419.444,4933.111,5291.000,5663.167,4131.000,4057.667,5562.333,16132.583,5802.583
9855.556,6314.667,4932.889,5174.889,5561.083,4130.333,4002.167,5548.917,15740.417,5711.667
9666.777,6141.667,4922.778,5146.333,5467.417,4063.111,4021.000,5473.000,15292.000,5659.083
9445.667,6106.000,4887.667,5071.778,5387.000,4034.778,4022.583,5431.167,15000.583,5608.750
9329.000,6021.000,4837.333,5067.333,5366.833,4028.333,3938.750,5402.250,14746.417,5535.000
9135.777,5983.333,4866.000,5019.778,5293.417,4021.000,3993.250,5324.833,14481.750,5550.667
9023.777,5900.111,4810.667,4930.778,5297.833,4041.667,3948.333,5254.583,14184.417,5487.000
9011.000,5868.222,4836.556,4889.889,5200.500,3985.889,3988.333,5290.417,14182.833,5542.083
9487.333,5799.889,4837.444,4997.556,5230.000,3987.556,3952.667,5306.583,14846.083,5532.500
9909.777,5793.222,4886.889,4984.778,5212.250,3973.111,3929.000,5319.667,15349.083,5621.250
10292.667,5780.778,4837.222,5066.333,5233.000,4053.889,3929.750,5354.333,15694.667,5646.667
10611.444,5922.333,4850.556,5111.333,5275.333,4027.889,3940.667,5432.500,16464.334,5742.000
11007.223,6140.889,4852.444,5088.111,5300.750,4068.667,3909.083,5445.417,17085.334,5749.250
11350.777,6334.667,4828.222,5132.111,5354.000,4002.889,3936.750,5514.667,17739.666,5782.583
11409.111,6554.333,4858.000,5114.000,5398.167,4049.556,3956.667,5538.083,18050.750,5835.750
11474.223,6699.667,4869.000,5123.222,5408.833,4080.333,3946.167,5515.167,18251.500,5881.583
11289.777,6753.444,4880.889,5140.444,5443.250,4024.778,3927.833,5565.333,18354.416,5804.750
11217.889,6770.667,4851.333,5120.667,5516.000,4064.333,3934.833,5578.833,18261.250,5853.250
10972.889,6766.667,4888.111,5091.889,5493.917,4075.000,3916.333,5564.417,18022.084,5807.500
10823.111,6675.556,4861.000,5091.000,5477.667,4096.556,3925.750,5618.667,17663.666,5810.417
10532.556,6641.333,4927.111,5087.556,5461.083,4098.111,3947.000,5437.750,17053.084,5748.500
10238.000,6523.000,4921.778,5039.000,5423.583,4046.667,3913.000,5451.833,16547.084,5704.750
9935.223,6475.000,4893.444,5009.000,5395.833,4112.000,3936.250,5483.583,16145.500,5644.083
9675.333,6333.111,4876.222,4944.556,5319.250,4101.556,3940.583,5351.333,15794.500,5607.250
9366.667,6311.333,4860.667,4859.000,5292.083,4067.444,3896.583,5354.083,15437.250,5558.333
9252.777,6250.778,4785.222,4874.333,5235.667,4010.556,3871.167,5280.583,15093.667,5507.917
9083.667,6104.111,4770.667,4822.444,5178.833,4001.889,3904.250,5200.917,14728.583,5446.500
8826.111,5951.000,4761.667,4687.889,5088.500,4030.556,3886.167,5225.167,14371.667,5428.167
8688.444,5942.111,4758.111,4686.444,5120.417,4000.556,3872.750,5119.333,14185.583,5361.583
8637.111,5870.556,4707.000,4704.222,5074.833,4032.556,3841.000,5123.417,13931.917,5405.917
8502.444,5768.667,4743.333,4669.000,5072.250,3947.556,3845.083,5132.500,13736.167,5349.167
8648.889,5801.778,4755.667,4684.667,5088.583,3964.667,3885.333,5046.667,13570.417,5407.417
8868.556,5849.000,4720.778,4659.444,5063.667,4005.333,3837.250,5131.333,13737.250,5390.250
9575.444,5774.889,4735.556,4694.444,5090.833,3995.889,3876.583,5122.750,14542.083,5406.417
10118.667,5932.889,4708.222,4767.889,5085.583,3997.889,3790.583,5158.417,15452.167,5434.417
10480.556,6109.778,4707.889,4808.000,5209.750,3992.889,3857.583,5211.667,16184.083,5491.917
10841.444,6215.000,4778.444,4864.000,5224.167,3979.778,3868.667,5210.917,16506.834,5530.167
11238.111,6326.667,4781.556,4830.111,5283.667,4044.222,3856.333,5242.333,17030.000,5520.667
11431.889,6405.333,4749.444,4897.444,5305.667,4016.333,3870.917,5218.167,17445.750,5554.250
11386.889,6551.000,4833.111,4919.889,5354.167,4052.889,3830.250,5290.333,17627.916,5608.167
11338.556,6574.111,4786.667,5005.889,5405.333,4108.333,3837.667,5313.833,17892.334,5558.167
11131.223,6683.556,4749.111,5007.778,5414.250,4041.667,3851.250,5337.833,17890.084,5603.750
10941.000,6655.556,4806.667,4944.667,5442.333,4100.778,3865.750,5274.833,17517.416,5583.667
10590.556,6618.222,4699.778,4955.556,5425.167,4050.778,3843.833,5311.000,17205.666,5552.250
10194.777,6579.556,4780.556,4950.556,5360.750,4140.556,3861.250,5222.167,16711.750,5493.750
10091.223,6431.889,4734.333,4878.667,5336.083,4067.778,3855.000,5240.250,16184.000,5459.750
9846.223,6486.111,4676.222,4917.889,5339.583,4052.889,3886.417,5218.583,15927.500,5461.417
9554.000,6313.222,4644.222,4888.333,5323.333,4003.333,3864.583,5138.750,15428.250,5408.833
9303.000,6180.222,4601.111,4785.444,5247.083,4007.333,3855.000,5051.000,15130.333,5391.000
9087.777,6227.000,4587.000,4772.778,5177.250,3985.000,3814.083,5046.500,14694.833,5342.250
8906.333,6039.889,4552.889,4722.333,5112.500,3955.111,3819.750,4988.167,14311.333,5293.417
8697.111,5930.778,4636.444,4657.667,5076.833,3989.556,3821.417,4980.417,14097.583,5229.500
8590.777,5907.111,4523.444,4631.222,5017.417,3973.778,3794.250,4959.500,13776.333,5239.333
8539.223,5829.667,4535.778,4544.000,4995.833,3969.333,3830.000,4990.917,13672.833,5232.333
8518.777,5757.000,4550.000,4603.000,4952.500,3973.667,3839.417,4886.833,13579.250,5181.417
8407.333,5722.333,4483.444,4605.333,4965.833,3951.000,3813.000,4887.333,13463.417,5173.083
8774.667,5732.333,4506.111,4612.444,5100.083,3937.111,3808.417,4924.333,14125.583,5228.167
9303.556,5867.222,4492.444,4629.111,4999.500,3941.556,3807.917,4920.583,14750.833,5189.000
9739.777,5933.111,4532.556,4743.222,5038.583,3956.667,3804.333,4933.000,15325.333,5280.417
10142.556,6013.444,4499.556,4750.556,5088.083,3942.667,3836.250,4960.583,16105.750,5301.833
10534.000,6098.778,4546.667,4841.111,5097.333,3948.111,3855.250,4959.000,16816.416,5253.833
10966.444,6200.222,4602.333,4844.222,5163.667,3961.778,3866.833,4976.917,17397.334,5320.750
11187.889,6399.111,4592.778,4919.333,5221.167,3940.444,3838.500,5096.750,17905.834,5379.667
11272.111,6552.000,4614.444,4993.889,5310.833,3952.667,3846.333,5219.917,18494.500,5335.250
11223.000,6622.556,4609.556,4996.333,5230.750,3947.444,3855.333,5158.000,18398.666,5375.000
11133.333,6564.222,4598.000,5013.778,5211.333,3950.222,3847.417,5159.000,18145.916,5446.750
10816.556,6613.111,4587.222,5022.889,5253.417,3951.111,3818.333,5109.000,17626.500,5389.167
10563.000,6576.444,4621.556,4997.000,5190.250,3919.667,3845.917,5107.667,17295.584,5380.833
10264.444,6559.444,4580.556,4996.333,5184.417,3968.111,3843.000,5110.750,17020.166,5400.583
9952.333,6529.333,4607.667,4989.222,5144.500,3990.889,3859.417,5128.167,16508.500,5364.750
9729.333,6358.444,4581.667,4959.667,5055.500,3959.556,3820.250,5023.083,16041.750,5337.417
9487.667,6359.333,4505.444,4871.000,5043.583,3959.889,3793.250,5026.917,15741.250,5289.000
9293.000,6240.000,4564.778,4823.444,5018.500,3934.667,3786.667,4967.000,15183.083,5221.917
9070.111,6189.444,4532.333,4770.889,4955.500,3954.444,3790.500,4964.000,14850.167,5163.333
8884.333,6081.444,4489.444,4704.889,4941.667,3957.778,3801.667,4916.667,14559.083,5140.583
8746.333,5978.667,4492.000,4702.222,4892.917,3891.889,3776.000,4913.000,14267.833,5097.083
8543.667,5948.556,4456.000,4695.444,4829.417,3890.000,3805.000,4902.667,13968.667,5050.167
8411.111,5964.889,4442.333,4589.111,4881.917,3895.000,3796.917,4829.250,13693.917,5092.500
8237.556,5791.222,4415.444,4591.333,4809.500,3889.889,3804.500,4821.000,13323.500,5044.167
8350.111,5778.222,4369.778,4565.444,4801.167,3883.667,3836.667,4798.750,13344.083,4988.500
8913.889,5868.667,4387.556,4573.778,4828.500,3885.556,3795.167,4806.167,13769.833,5048.250
9524.000,5858.111,4429.556,4651.222,4891.583,3875.444,3833.250,4808.083,14294.167,5029.083
9955.333,5878.889,4392.889,4682.778,4931.417,3897.111,3799.333,4859.333,14781.167,5058.583
10121.889,5923.778,4448.333,4695.444,4964.417,3837.444,3780.417,4847.583,15317.917,5101.417
10595.667,5952.222,4405.000,4735.778,5037.333,3905.333,3819.333,4900.083,15906.750,5134.417
10971.889,6080.444,4456.333,4782.667,5067.500,3848.444,3777.500,4961.750,16507.084,5159.500
11456.111,6187.000,4417.222,4785.222,5118.083,3872.222,3819.083,4962.417,17031.084,5255.083
11651.111,6260.222,4446.667,4847.667,5243.500,3804.778,3833.250,5045.000,17103.166,5261.583
11492.111,6240.444,4444.000,4932.556,5213.167,3787.000,3794.083,5095.333,17064.500,5296.750
11139.556,6211.222,4456.000,4905.889,5225.333,3849.778,3762.917,5069.833,16722.750,5202.083
10992.777,6259.889,4417.556,4899.889,5203.417,3787.889,3760.083,5071.750,16424.500,5231.583
10804.556,6202.444,4428.111,4868.333,5220.750,3785.778,3768.750,5072.833,16077.333,5193.667
10555.777,6227.556,4396.889,4793.222,5212.333,3834.222,3765.167,5084.917,15823.083,5185.917
10214.889,6112.778,4390.556,4756.889,5065.500,3797.444,3731.667,5027.583,15525.083,5220.833
9986.223,6093.111,4431.556,4764.667,5136.500,3819.222,3744.750,5058.333,15017.833,5172.750
9750.444,6045.222,4411.333,4734.778,5048.667,3772.667,3712.667,5024.167,14786.250,5116.417
9460.556,5932.222,4350.556,4621.111,4985.250,3779.444,3688.833,4989.167,14418.500,5100.083
9311.444,5846.667,4299.222,4569.000,4926.750,3785.778,3707.333,4938.917,14006.417,5081.917
9147.777,5764.222,4270.000,4515.889,4901.250,3767.778,3710.667,4953.250,13630.667,5075.333
8869.444,5673.333,4313.556,4550.444,4817.333,3771.333,3732.417,4867.833,13457.667,5027.333
8773.889,5618.556,4302.111,4543.444,4858.500,3721.889,3686.750,4873.667,13196.000,5074.167
8755.223,5550.111,4246.000,4432.778,4766.583,3750.667,3687.917,4863.583,12981.917,4951.167
8647.223,5584.556,4322.333,4493.000,4765.083,3786.778,3687.750,4915.583,12665.750,5017.917
8642.889,5523.444,4237.000,4488.000,4767.917,3781.889,3643.750,4870.250,12580.500,4906.083
8921.333,5497.778,4246.111,4493.222,4739.417,3750.333,3678.917,4912.667,12660.083,5000.417
9417.223,5449.111,4285.778,4504.667,4835.583,3756.778,3641.417,4917.583,13058.583,4923.083
9915.444,5584.000,4262.111,4520.889,4776.417,3700.889,3691.417,4918.250,13565.667,4996.750
10331.111,5573.444,4267.556,4562.333,4830.167,3772.000,3714.750,5000.167,14230.833,5079.917
10924.667,5678.333,4247.111,4609.889,4864.000,3748.333,3694.750,4972.583,14873.417,5059.500
11430.556,5719.000,4277.333,4671.778,4961.583,3728.778,3735.333,4963.000,15352.917,5049.083
11558.333,5895.556,4286.667,4730.889,4997.417,3746.556,3720.750,5025.917,15586.750,5104.167
11522.777,5931.000,4268.667,4761.556,5011.417,3761.000,3729.500,5027.583,15594.417,5104.250
11404.556,6027.222,4305.111,4768.333,5106.417,3781.333,3728.167,5024.833,15563.500,5073.083
11143.111,6013.222,4298.000,4799.556,5089.167,3709.778,3757.000,5053.500,15626.917,5110.000
10887.333,6086.444,4320.667,4757.778,5147.917,3738.667,3744.917,5065.833,15478.583,5118.917
10598.667,6067.111,4304.000,4750.778,5056.750,3693.111,3741.083,4938.167,15129.833,5018.917
10330.556,5977.111,4290.556,4766.667,5044.917,3744.222,3734.333,4954.583,14905.417,5030.750
10072.444,5922.667,4255.333,4698.444,5002.917,3701.333,3683.250,4879.750,14465.000,5003.333
9865.111,5857.889,4342.111,4694.667,5002.333,3716.667,3761.750,4883.917,14054.750,5004.917
9544.556,5835.778,4260.111,4704.444,4930.500,3744.000,3706.333,4890.083,13732.833,4942.250
9407.000,5701.889,4281.889,4566.333,4903.750,3661.778,3696.667,4820.417,13512.917,4872.417
9234.444,5630.111,4259.000,4609.444,4851.750,3701.444,3686.083,4785.833,13203.667,4825.833
8990.333,5626.889,4253.778,4568.889,4864.500,3711.444,3672.583,4744.083,12920.250,4811.500
8781.777,5513.333,4237.667,4588.778,4820.583,3751.111,3701.500,4740.417,12530.750,4795.917
8512.556,5463.889,4233.778,4497.778,4770.250,3713.222,3693.500,4666.583,12370.500,4783.250
8470.111,5408.556,4183.889,4483.111,4801.083,3680.333,3684.333,4683.583,12196.000,4735.333
8700.223,5353.000,4178.778,4551.889,4755.667,3706.111,3664.083,4685.917,12261.833,4724.750
8873.223,5388.333,4222.667,4522.667,4725.917,3720.889,3667.667,4680.250,12291.083,4717.417
9173.889,5321.111,4217.667,4530.000,4751.417,3661.556,3677.167,4697.667,12635.250,4780.667
9708.667,5358.000,4196.556,4577.444,4727.167,3674.889,3708.167,4690.250,13234.917,4760.167
10253.889,5424.111,4222.444,4650.778,4798.333,3670.222,3640.250,4796.583,13663.833,4781.583
10486.556,5585.000,4195.000,4646.111,4843.667,3608.556,3665.000,4764.917,14275.417,4809.417
10725.889,5619.444,4209.000,4678.111,4789.083,3671.444,3676.833,4845.083,14818.083,4872.333
10873.333,5764.667,4207.889,4710.778,4842.000,3652.111,3694.083,4863.750,15151.667,4790.917
11055.667,5938.667,4201.556,4701.111,4934.583,3672.444,3667.833,4851.417,15584.667,4898.917
10984.444,5966.667,4161.556,4723.667,4965.000,3673.667,3689.250,4817.500,15868.333,4901.917
11046.556,6007.000,4117.889,4766.778,4948.083,3663.556,3671.750,4834.917,16095.917,4920.250
10854.223,6029.333,4140.778,4804.444,4965.000,3703.667,3654.667,4812.000,16014.000,4883.083
10675.667,6066.444,4151.889,4762.000,4942.917,3695.333,3647.000,4826.167,15811.750,4906.167
10343.223,6077.000,4101.444,4690.667,4946.333,3700.667,3691.417,4780.500,15413.667,4943.750
10076.444,5944.667,4141.556,4747.111,4911.250,3643.333,3661.750,4733.833,15116.667,4875.250
9790.889,5980.111,4103.333,4667.444,4885.167,3600.000,3668.667,4685.083,14695.917,4844.333
9489.333,5867.444,4062.778,4712.333,4834.333,3658.000,3672.417,4645.333,14435.583,4779.750
9246.777,5833.667,4094.556,4674.778,4823.500,3623.111,3674.333,4653.333,14192.000,4782.917
9001.223,5773.556,4146.000,4557.222,4740.250,3635.889,3653.333,4627.417,13784.917,4683.500
8855.777,5637.444,4112.556,4584.444,4764.583,3624.222,3641.500,4567.333,13525.417,4660.500
8717.556,5617.222,4082.333,4537.000,4674.083,3606.222,3616.333,4545.083,13226.500,4700.333
8615.889,5520.667,4115.222,4490.222,4673.833,3603.222,3634.000,4546.167,12862.333,4667.083
8437.444,5471.333,4057.444,4507.778,4676.083,3636.444,3619.333,4538.667,12741.250,4658.583
8246.223,5442.222,4039.111,4503.444,4567.750,3565.222,3558.167,4490.417,12376.000,4665.833
8334.556,5378.111,4075.667,4506.111,4545.000,3613.333,3600.917,4485.667,12350.250,4647.167
8556.000,5326.333,4052.556,4484.222,4568.833,3596.000,3614.083,4522.083,12451.333,4690.833
8753.223,5325.111,4110.222,4459.222,4530.000,3596.222,3624.250,4485.500,12584.333,4648.750
9251.444,5445.444,4120.556,4555.778,4600.583,3612.333,3613.250,4499.833,13386.833,4680.250
9704.000,5393.444,4087.778,4609.667,4620.000,3575.222,3638.917,4511.583,14247.500,4679.667
10168.000,5543.667,4063.556,4608.000,4626.000,3581.444,3655.000,4490.917,14756.250,4697.250
10358.556,5585.778,4088.111,4630.889,4644.500,3560.000,3638.667,4467.333,15342.167,4705.750
10580.444,5576.667,4074.000,4634.444,4658.667,3544.556,3661.667,4383.417,15894.833,4673.750
10692.889,5614.778,4097.778,4704.111,4681.500,3582.778,3667.083,4469.167,16216.417,4772.417
10723.000,5740.778,4117.444,4741.556,4667.000,3561.111,3730.917,4398.833,16642.584,4790.167
10605.889,5748.333,4083.444,4763.556,4680.500,3535.889,3713.167,4394.417,16438.834,4785.083
10437.111,5740.111,4089.778,4727.000,4662.083,3560.333,3721.250,4388.417,16496.666,4817.417
10138.667,5757.444,4126.222,4779.222,4665.250,3506.222,3744.417,4361.833,16291.083,4772.417
9922.444,5769.000,4067.444,4765.444,4630.167,3503.333,3717.583,4350.750,15941.083,4764.500
9658.000,5711.000,4040.778,4722.333,4594.167,3558.000,3702.917,4294.083,15607.083,4786.917
9470.111,5695.444,4024.111,4705.444,4578.750,3462.222,3736.500,4259.000,15150.167,4740.750
9243.889,5602.778,4015.333,4625.333,4544.917,3533.444,3708.500,4304.500,14791.083,4744.250
9000.000,5599.889,4008.556,4640.333,4503.333,3499.667,3709.583,4272.583,14455.167,4695.667
8828.444,5551.333,3946.222,4613.667,4533.667,3505.444,3722.917,4211.000,14163.750,4689.667
8627.223,5424.111,4006.556,4546.556,4527.500,3462.889,3678.750,4201.333,13805.333,4679.417
8454.111,5331.111,3979.222,4474.778,4413.167,3514.667,3695.250,4222.083,13446.833,4649.167
8245.333,5312.667,3943.444,4473.778,4479.333,3480.778,3670.333,4199.167,13158.583,4620.417
8071.556,5295.556,3899.556,4451.000,4396.750,3488.889,3684.083,4181.000,12848.167,4595.750
7971.111,5246.000,3979.889,4490.556,4409.167,3448.667,3693.833,4158.417,12743.250,4603.167
7953.111,5126.222,3936.222,4455.556,4395.250,3435.667,3706.500,4161.583,12357.000,4615.750
7886.778,5197.778,3939.556,4448.556,4364.250,3452.222,3693.750,4167.750,12190.750,4615.083
8187.222,5150.667,3954.889,4446.000,4388.417,3444.222,3695.583,4156.000,12368.000,4622.417
9001.111,5191.889,3923.444,4536.556,4387.417,3440.778,3725.750,4171.250,12975.833,4614.250
9736.556,5249.333,3911.333,4575.333,4422.500,3479.444,3713.083,4187.500,13394.000,4643.667
10157.333,5211.667,3867.667,4627.000,4547.917,3442.222,3699.417,4216.250,13684.917,4657.250
10649.333,5302.222,3922.778,4654.111,4531.917,3484.000,3762.500,4227.917,14054.000,4724.750
10863.000,5346.222,3901.667,4660.778,4561.333,3395.778,3776.583,4242.500,14261.417,4718.500
11111.111,5316.444,3926.556,4741.889,4576.667,3480.889,3787.750,4264.750,14666.250,4723.000
11247.556,5494.667,3951.667,4766.444,4621.250,3483.333,3744.500,4260.417,14814.167,4741.667
11308.333,5446.111,3903.667,4765.889,4617.667,3492.556,3764.917,4232.500,15076.750,4744.750
11183.000,5445.111,3886.667,4774.222,4648.417,3467.889,3750.417,4271.000,14872.000,4722.000
10968.667,5485.000,3921.556,4838.222,4621.167,3451.444,3738.667,4223.250,14665.667,4741.667
10711.333,5485.111,3897.333,4723.556,4642.083,3464.889,3725.583,4210.333,14213.500,4769.917
10340.000,5514.556,3888.000,4738.556,4660.667,3502.222,3714.083,4240.167,13956.833,4722.000
10107.333,5373.556,3888.000,4660.222,4679.583,3470.556,3716.000,4211.500,13571.333,4730.500
9916.223,5340.778,3871.111,4634.000,4594.167,3447.889,3720.167,4164.583,13316.250,4691.750
9525.777,5365.222,3861.111,4625.000,4637.250,3408.778,3757.500,4136.833,13023.000,4692.583
9316.333,5232.333,3888.778,4640.000,4579.833,3460.444,3693.000,4139.750,12608.500,4669.417
9138.111,5222.000,3810.889,4550.111,4481.083,3421.778,3699.833,4116.500,12373.917,4608.417
8927.223,5132.667,3810.111,4528.778,4465.500,3444.222,3710.417,4070.167,12188.000,4585.750
8750.777,5086.111,3842.889,4504.556,4519.083,3415.222,3699.333,4120.583,11921.917,4558.250
8565.556,5087.556,3825.000,4481.889,4458.417,3435.111,3688.083,4102.583,11700.000,4557.917
8616.777,5065.667,3840.111,4472.889,4459.333,3436.222,3667.167,4087.417,11503.250,4578.500
8479.333,5022.889,3789.889,4476.222,4453.583,3444.333,3612.667,4108.417,11299.667,4572.917
8482.111,4948.889,3797.222,4511.889,4454.333,3445.889,3692.333,4065.917,11333.750,4599.667
8815.889,4989.333,3797.222,4550.667,4470.250,3437.333,3677.250,4112.083,11812.500,4580.833
9198.111,4996.222,3765.111,4606.333,4557.583,3391.556,3668.583,4088.583,12530.333,4619.000
9721.111,5044.778,3840.778,4586.444,4526.833,3418.778,3652.250,4097.583,13017.417,4621.250
10206.333,5049.111,3778.889,4609.778,4533.583,3444.667,3689.167,4085.250,13575.083,4641.250
10535.000,5063.222,3805.333,4667.444,4560.417,3455.111,3681.250,4102.833,14116.417,4695.167
10846.889,5041.222,3843.333,4683.889,4579.083,3447.222,3681.333,4112.167,14698.583,4742.167
11241.000,5148.111,3807.333,4704.667,4569.500,3438.444,3692.167,4101.333,15100.083,4693.333
11331.777,5212.000,3769.778,4746.556,4608.583,3487.889,3667.167,4083.917,15329.167,4720.667
11221.223,5198.111,3792.667,4791.111,4588.917,3475.333,3702.917,4111.417,15417.583,4747.667
10917.777,5180.444,3807.333,4702.111,4556.667,3456.000,3684.750,4071.833,15283.417,4740.500
10708.000,5204.000,3811.000,4638.111,4541.417,3482.111,3642.583,4075.083,14899.500,4694.583
10501.223,5257.444,3745.000,4702.667,4542.083,3445.000,3723.750,4096.250,14510.167,4702.167
10342.556,5191.778,3717.556,4659.111,4594.167,3506.889,3696.000,4066.500,14239.417,4651.500
10086.556,5171.222,3753.889,4622.222,4565.417,3473.333,3710.917,4107.667,13853.917,4667.833
9750.333,5143.444,3747.333,4624.889,4566.167,3480.111,3731.333,4060.083,13594.500,4599.000
9550.111,5086.333,3712.444,4611.222,4505.333,3454.444,3714.000,4034.167,13296.417,4592.333
9324.777,5068.222,3753.333,4625.667,4500.583,3457.444,3734.750,4025.250,13018.583,4573.000
9166.000,5001.444,3703.778,4573.000,4444.667,3469.889,3707.000,4017.667,12747.833,4542.667
8945.000,4921.333,3710.222,4562.444,4466.000,3457.222,3705.417,4045.083,12297.833,4506.417
8724.556,4893.667,3778.667,4558.778,4416.083,3448.778,3728.250,3996.417,12236.917,4459.500
8535.556,4882.222,3685.222,4518.889,4415.583,3427.667,3758.500,3996.583,11927.167,4495.417
8503.444,4840.333,3730.111,4490.889,4363.667,3423.333,3696.417,3973.000,11693.333,4484.333
8170.556,4849.556,3707.556,4437.667,4386.833,3391.222,3723.000,3984.583,11510.417,4445.167
8416.889,4800.778,3759.333,4494.667,4421.500,3441.778,3687.250,4005.917,11440.250,4491.667
8633.223,4848.444,3689.556,4461.111,4410.333,3439.000,3687.417,3991.083,11523.833,4488.583
9076.444,4830.778,3709.889,4471.778,4446.250,3429.667,3720.833,3992.333,11730.000,4502.167
9630.000,4794.889,3698.778,4487.667,4448.667,3441.000,3651.333,3980.583,12294.000,4457.250
10272.333,4876.889,3700.000,4525.333,4476.833,3465.556,3687.583,3970.417,12823.917,4481.667
10879.111,4875.111,3734.111,4471.889,4537.917,3432.778,3656.167,4007.667,13293.917,4518.583
11279.556,4936.000,3723.444,4497.556,4634.667,3465.556,3719.083,3959.000,13589.167,4537.917
11282.111,4957.222,3667.222,4557.889,4593.917,3503.111,3729.250,4032.500,13880.667,4528.917
11295.223,4970.444,3668.667,4552.556,4607.417,3419.889,3704.167,3942.917,14103.500,4587.583
11234.000,5022.556,3680.556,4655.556,4585.917,3432.222,3709.583,3991.917,14240.083,4548.167
11044.444,4942.556,3659.222,4560.000,4533.417,3425.222,3690.583,3968.750,14151.000,4551.250
10862.000,4963.667,3661.778,4573.667,4537.917,3439.000,3699.500,3967.000,14119.583,4572.750
10657.556,4935.333,3682.000,4522.778,4475.500,3391.000,3687.500,4033.833,13901.333,4554.250
10292.889,4962.889,3642.444,4543.444,4500.167,3416.667,3709.833,3959.417,13618.917,4507.250
10145.444,4941.667,3638.333,4465.444,4472.333,3400.000,3692.250,3992.333,13410.583,4515.000
9791.556,4854.889,3631.444,4435.444,4474.250,3423.778,3671.833,3956.667,13021.167,4466.167
9656.333,4872.556,3634.111,4460.556,4423.000,3408.111,3724.500,4004.000,12843.500,4464.917
9469.444,4856.222,3604.667,4417.000,4407.750,3403.222,3680.667,3987.000,12510.750,4425.833
9262.667,4823.111,3633.111,4413.111,4398.917,3393.556,3681.167,3979.250,12229.667,4412.250
8963.223,4827.111,3598.889,4350.222,4352.250,3387.889,3644.750,3939.667,12014.417,4418.083
8933.556,4716.000,3572.889,4334.778,4311.583,3382.667,3618.667,3948.500,11734.667,4368.250
8635.556,4773.667,3591.444,4314.667,4293.250,3405.333,3649.917,3976.417,11519.333,4359.917
8573.667,4668.778,3550.667,4264.222,4291.417,3373.556,3664.750,3941.500,11301.833,4314.083
8341.223,4623.333,3584.000,4257.222,4317.833,3417.444,3605.750,3937.250,11178.833,4292.500
8654.223,4642.222,3573.556,4289.667,4314.333,3424.222,3630.917,3885.250,11299.000,4290.000
9166.556,4643.222,3537.778,4260.667,4315.667,3434.667,3669.250,3928.750,11697.333,4261.500
9595.223,4634.111,3528.889,4292.000,4309.917,3389.778,3655.333,3940.000,12025.750,4290.333
9909.889,4713.333,3546.333,4331.889,4339.333,3397.556,3653.917,3959.917,12518.000,4313.000
10558.000,4716.889,3558.889,4319.667,4288.333,3376.111,3663.167,4008.083,12924.333,4319.667
10978.556,4746.222,3572.778,4374.444,4349.167,3402.889,3656.000,3975.083,13435.000,4333.250
11285.000,4800.556,3576.111,4334.889,4339.250,3388.222,3648.667,3967.000,13716.167,4320.750
11303.333,4818.333,3538.778,4366.889,4353.500,3423.889,3661.250,3953.750,13950.667,4346.583
11508.667,4876.667,3585.111,4361.556,4319.750,3373.333,3677.583,3979.667,14175.167,4368.500
11586.444,4894.778,3533.222,4380.444,4398.667,3414.889,3680.917,3979.167,14379.417,4330.083
11377.111,4881.889,3538.333,4400.000,4399.833,3454.222,3691.500,3947.667,14397.500,4322.833
11144.889,4818.667,3512.778,4368.111,4444.500,3435.778,3667.583,4002.333,14218.000,4291.583
10788.667,4889.556,3537.222,4427.222,4456.083,3419.000,3681.500,3949.167,13952.667,4292.833
10521.333,4842.000,3527.889,4387.778,4380.000,3389.111,3680.833,3970.917,13612.667,4276.000
10394.444,4847.222,3545.889,4324.222,4425.500,3442.111,3691.667,4021.167,13323.000,4316.083
10086.444,4765.000,3581.000,4342.778,4342.917,3418.556,3639.333,3924.083,12976.500,4273.583
9779.333,4790.889,3514.444,4250.667,4359.750,3379.111,3694.667,3900.333,12644.500,4260.250
9637.000,4718.222,3547.333,4221.556,4357.250,3386.556,3642.333,3888.500,12399.083,4238.417
9382.889,4653.444,3549.222,4257.667,4317.250,3387.333,3625.083,3881.500,12208.083,4237.333
9132.556,4668.667,3508.444,4207.889,4298.917,3357.556,3619.500,3895.750,11868.083,4142.917
8982.111,4620.000,3494.222,4236.778,4339.583,3373.667,3642.417,3854.750,11614.250,4201.833
8841.444,4610.778,3504.667,4174.444,4297.667,3405.778,3611.417,3875.167,11437.500,4130.417
8693.223,4556.222,3480.778,4190.889,4284.083,3352.667,3646.833,3884.167,11161.417,4168.917
8693.777,4504.778,3500.889,4189.778,4301.333,3365.333,3659.750,3853.667,11298.250,4182.750
8694.444,4522.667,3506.222,4173.111,4294.167,3398.556,3600.583,3888.833,11395.333,4178.250
8964.777,4561.000,3502.444,4151.889,4345.500,3346.333,3602.167,3842.083,11761.583,4200.667
9581.223,4589.000,3472.222,4168.222,4331.750,3390.333,3630.500,3905.333,12230.750,4181.583
10343.000,4592.222,3466.000,4224.222,4369.500,3359.667,3601.083,3849.333,12834.667,4218.000
10668.444,4649.889,3494.889,4200.222,4325.583,3366.222,3643.000,3860.500,13227.417,4214.000
11021.556,4594.667,3477.222,4177.000,4378.500,3378.333,3653.250,3838.500,13625.500,4252.500
11457.223,4629.222,3476.222,4193.889,4392.750,3363.000,3604.583,3867.583,13981.667,4267.500
11715.111,4644.333,3528.667,4292.556,4451.667,3352.556,3601.500,3869.833,14183.000,4252.333
11643.667,4710.556,3476.667,4252.444,4456.167,3380.444,3623.833,3832.333,14306.500,4255.167
11509.444,4738.778,3477.889,4337.556,4450.750,3377.111,3619.333,3864.417,14351.833,4310.667
11282.889,4739.111,3463.778,4312.889,4509.333,3374.333,3580.000,3871.500,14244.000,4293.333
11042.111,4750.667,3450.667,4273.556,4477.833,3391.889,3602.417,3880.750,13968.333,4320.833
10726.667,4731.889,3490.667,4248.000,4432.250,3408.667,3614.667,3837.667,13556.333,4286.000
10382.444,4693.333,3495.222,4267.111,4463.500,3365.222,3599.083,3847.500,13252.750,4336.917
10246.777,4685.444,3474.444,4273.444,4413.750,3396.889,3595.250,3810.333,13015.833,4313.417
10026.777,4679.444,3421.333,4250.556,4406.833,3382.111,3617.167,3827.083,12684.583,4271.833
9836.444,4666.444,3496.556,4150.667,4418.333,3324.556,3567.167,3833.333,12518.417,4259.333
9617.333,4659.000,3457.333,4161.333,4320.333,3343.889,3539.083,3766.583,12046.167,4251.667
9355.111,4597.778,3452.556,4145.222,4359.417,3381.444,3560.750,3778.917,11929.500,4205.750
9191.000,4570.667,3431.889,4085.778,4360.333,3356.889,3557.500,3765.750,11739.583,4230.500
9024.889,4625.333,3408.889,4063.333,4316.500,3345.333,3524.167,3766.167,11476.833,4222.417
8797.333,4573.333,3420.444,4062.000,4276.167,3351.778,3519.250,3728.833,11162.583,4190.583
8600.333,4514.778,3419.556,4024.778,4289.583,3320.000,3556.750,3776.250,10980.083,4218.250
8531.333,4521.778,3441.111,4079.889,4322.000,3337.444,3526.500,3766.750,10879.583,4193.833
8731.000,4523.111,3415.222,4098.111,4283.083,3304.889,3538.250,3778.667,10901.083,4198.333
9031.444,4498.222,3373.111,4127.667,4274.167,3354.778,3525.000,3750.583,11147.667,4160.417
9354.333,4541.556,3435.778,4157.000,4293.000,3339.111,3508.750,3758.583,11451.667,4206.000
9964.223,4511.222,3387.556,4141.000,4283.000,3319.000,3532.833,3749.500,11918.833,4240.667
10562.111,4560.444,3413.111,4135.667,4307.750,3357.889,3517.833,3796.417,12514.500,4260.417
11045.111,4606.444,3414.222,4163.333,4327.583,3344.222,3526.750,3756.000,12993.167,4264.417
11135.667,4574.444,3442.222,4143.667,4300.583,3347.222,3512.667,3781.083,13182.333,4231.667
11470.777,4608.000,3477.000,4170.556,4319.417,3375.444,3534.000,3772.167,13369.583,4272.250
11565.889,4637.889,3407.000,4202.667,4284.083,3372.222,3524.583,3790.833,13507.667,4267.000
11453.777,4669.333,3452.778,4193.333,4294.167,3377.778,3491.250,3768.833,13377.000,4242.417
11215.777,4704.333,3443.222,4163.333,4288.500,3412.778,3512.000,3820.833,13148.417,4259.500
10852.223,4615.333,3440.889,4158.556,4301.667,3364.889,3490.583,3789.917,12796.167,4272.000
10530.333,4673.667,3526.556,4161.000,4286.833,3341.778,3517.750,3827.917,12411.167,4227.833
10264.444,4672.778,3490.333,4145.889,4288.833,3391.000,3508.250,3829.500,12248.500,4224.167
9993.333,4759.333,3468.778,4158.000,4268.000,3403.444,3482.333,3807.083,11872.667,4255.167
9693.223,4690.333,3481.222,4141.778,4232.917,3341.000,3526.500,3833.250,11715.333,4221.333
9494.556,4652.111,3463.111,4121.000,4198.333,3350.333,3516.500,3823.750,11374.583,4232.917
9315.556,4657.778,3510.667,4047.333,4231.000,3368.667,3522.917,3780.917,11122.083,4157.417
9106.000,4575.222,3431.333,4062.000,4249.833,3348.778,3488.250,3803.750,11006.333,4197.667
8875.444,4548.222,3474.778,4042.222,4171.833,3360.000,3508.667,3792.500,10772.917,4181.833
8781.444,4534.778,3426.556,4066.556,4138.917,3353.556,3515.250,3802.000,10560.500,4175.917
8580.223,4537.778,3458.222,4054.000,4131.667,3380.889,3508.250,3792.750,10298.333,4173.000
8458.444,4530.333,3434.778,3962.222,4156.250,3380.444,3444.250,3748.750,10151.583,4124.583
8300.889,4479.556,3450.222,4024.556,4141.750,3373.667,3494.250,3752.500,9916.000,4136.833
8227.889,4467.778,3473.000,3965.333,4146.000,3365.667,3485.000,3781.500,9815.083,4167.833
8217.223,4484.556,3422.444,4016.667,4112.167,3390.111,3447.500,3789.417,9890.167,4204.833
8408.111,4448.444,3483.556,3950.000,4206.500,3358.333,3482.000,3769.333,10476.417,4203.917
8598.333,4457.889,3467.556,4007.222,4240.167,3364.778,3511.417,3792.667,11176.667,4204.583
8895.333,4463.111,3438.000,3998.667,4163.750,3364.333,3510.167,3783.083,11648.083,4233.333
9131.556,4466.222,3445.000,4041.667,4206.833,3385.444,3471.833,3808.417,12208.583,4251.000
9397.889,4452.222,3449.556,4022.778,4240.500,3365.556,3487.917,3769.083,12424.250,4278.333
9304.000,4441.667,3426.222,4049.667,4284.333,3397.222,3504.583,3761.417,12451.500,4271.500
9317.556,4473.667,3453.000,4037.556,4255.750,3387.667,3457.000,3779.250,12446.750,4284.667
9331.223,4477.111,3433.667,4017.333,4263.083,3382.111,3450.000,3811.417,12606.833,4278.083
9274.223,4477.556,3420.222,4029.222,4323.583,3360.667,3510.083,3815.167,12600.167,4303.250
8991.556,4453.667,3442.000,3990.222,4250.333,3349.444,3479.417,3750.333,12456.750,4249.583
8865.556,4445.556,3412.556,3935.000,4263.833,3362.222,3466.917,3740.750,12324.333,4279.667
8752.223,4429.000,3393.778,3968.000,4265.750,3364.444,3480.000,3771.000,12060.917,4259.750
8526.667,4429.667,3418.667,3971.778,4240.833,3329.333,3481.250,3745.167,11732.250,4202.417
8315.333,4430.333,3389.778,3983.667,4221.167,3355.111,3489.667,3760.917,11459.333,4183.667
8140.000,4404.333,3434.111,3932.111,4214.833,3332.556,3444.833,3718.667,11294.500,4169.917
7994.778,4380.444,3445.222,3878.444,4169.917,3343.778,3481.583,3721.500,10999.667,4156.500
7820.667,4332.111,3401.778,3872.556,4163.000,3367.000,3455.750,3730.500,10752.417,4180.667
7618.889,4231.778,3410.889,3816.000,4155.250,3366.556,3472.833,3694.917,10491.667,4155.417
7536.333,4291.111,3430.000,3810.000,4143.500,3319.111,3477.333,3669.583,10308.583,4140.917
7411.889,4269.667,3388.667,3786.444,4132.000,3345.778,3461.000,3657.250,10128.250,4129.500
7376.111,4256.444,3392.111,3827.111,4137.750,3392.333,3450.750,3711.583,9987.750,4110.917
7313.778,4244.444,3405.444,3771.667,4107.000,3317.778,3477.917,3741.833,9830.833,4124.083
7260.333,4245.444,3376.000,3747.111,4182.333,3317.000,3451.417,3689.250,9646.417,4123.083
7241.444,4258.111,3387.000,3745.778,4081.083,3344.667,3449.667,3718.583,9566.500,4102.417
7533.111,4251.556,3432.778,3807.333,4074.417,3320.222,3461.750,3703.000,9791.500,4173.667
7792.222,4255.778,3408.556,3739.444,4137.000,3320.222,3444.167,3752.000,10193.833,4161.833
8250.777,4282.333,3376.778,3784.000,4116.583,3324.556,3397.167,3716.750,10738.417,4148.750
8549.444,4316.333,3431.889,3767.111,4098.417,3348.333,3455.917,3738.000,11183.750,4122.500
8695.111,4265.222,3392.222,3769.444,4165.500,3343.778,3455.000,3719.667,11501.333,4139.167
8557.777,4334.111,3399.667,3746.444,4121.667,3320.778,3419.500,3761.583,11930.667,4156.333
8505.777,4335.000,3404.111,3774.000,4140.250,3354.778,3437.000,3721.917,12019.250,4148.667
8405.223,4328.222,3374.333,3706.111,4174.417,3323.556,3428.583,3750.333,12242.750,4151.083
8182.667,4313.111,3387.889,3732.333,4135.750,3370.889,3440.583,3774.667,12334.417,4158.417
8075.778,4332.222,3434.778,3758.444,4117.583,3374.333,3495.750,3773.000,12077.417,4130.667
7931.667,4341.333,3416.111,3755.222,4109.583,3364.000,3453.250,3723.500,11924.917,4138.583
7794.778,4325.778,3411.333,3732.778,4066.917,3351.444,3433.333,3754.167,11603.417,4140.833
7540.000,4320.111,3383.556,3749.111,4071.250,3372.000,3419.000,3744.500,11379.917,4127.250
7435.000,4234.556,3371.222,3670.556,4030.417,3336.111,3425.250,3704.750,11162.667,4085.000
7391.333,4285.889,3373.000,3651.889,4047.750,3358.778,3443.583,3727.250,10865.583,4082.667
7181.111,4258.444,3416.333,3653.222,4018.000,3371.444,3410.750,3704.000,10699.333,4083.917
7072.778,4194.556,3379.444,3645.556,4013.250,3312.222,3418.833,3690.667,10353.833,4033.250
6973.444,4223.333,3422.000,3599.000,3991.833,3340.111,3421.000,3702.500,10351.083,4038.000
6834.556,4203.667,3355.556,3637.889,3982.500,3345.667,3416.833,3726.417,9990.083,4027.833
6775.444,4188.889,3375.778,3644.889,3997.583,3371.667,3398.417,3707.250,9858.917,4008.583
6702.000,4188.778,3437.222,3633.667,3965.917,3351.000,3421.083,3687.500,9696.250,3999.083
6741.556,4231.000,3383.111,3607.222,3951.750,3336.556,3420.083,3679.917,9509.167,4009.667
6873.333,4184.667,3348.889,3649.222,3964.167,3319.222,3419.167,3730.000,9463.750,4006.083
7172.778,4264.222,3365.667,3632.222,3995.417,3321.667,3423.083,3676.667,9374.000,4014.250
7438.000,4213.222,3375.889,3631.444,3949.417,3314.667,3412.667,3713.833,9450.000,4011.500
7825.333,4241.556,3359.111,3693.111,3913.917,3358.667,3422.667,3643.750,9869.083,4032.667
8334.223,4209.889,3378.444,3643.111,3945.000,3295.778,3415.333,3678.667,10399.917,4033.250
8471.333,4236.444,3381.222,3660.222,3959.333,3361.556,3406.583,3706.833,10873.167,4057.917
8774.111,4295.889,3388.667,3705.667,3968.250,3365.556,3439.583,3694.000,11281.667,4043.750
8746.111,4396.667,3410.222,3711.889,3959.500,3333.778,3400.167,3665.750,11412.333,4087.083
8663.333,4406.222,3352.000,3728.222,3988.083,3347.000,3398.417,3667.000,11513.500,4115.750
8530.000,4411.556,3358.333,3713.444,3987.000,3338.111,3398.083,3673.083,11399.500,4097.667
8366.111,4430.222,3379.667,3706.444,3977.833,3332.222,3459.500,3700.000,11344.000,4117.333
8139.444,4498.222,3347.444,3694.444,3978.000,3375.778,3425.917,3711.167,11179.333,4132.167
7929.778,4498.222,3395.778,3710.778,4009.667,3379.333,3426.917,3666.000,10950.333,4125.583
7764.444,4425.111,3375.667,3692.556,3971.083,3334.778,3426.000,3672.583,10631.000,4089.583
7687.667,4474.111,3355.556,3702.222,3998.500,3369.889,3426.667,3652.750,10458.667,4095.333
7522.778,4414.111,3347.444,3729.111,3931.417,3358.889,3434.417,3639.833,10230.250,4116.750
7348.222,4378.333,3359.111,3688.111,3932.833,3339.333,3398.667,3640.250,10057.167,4057.833
7269.333,4406.778,3379.556,3659.333,3866.333,3337.222,3423.500,3627.583,9776.167,4079.000
7156.222,4398.444,3385.444,3656.000,3837.500,3293.667,3377.333,3592.917,9627.583,4051.750
6989.444,4371.111,3325.667,3627.222,3865.583,3323.889,3376.500,3589.083,9439.417,4021.667
6925.333,4348.222,3372.889,3636.556,3876.500,3308.000,3418.333,3643.500,9252.083,4036.500
6713.222,4328.000,3354.444,3672.222,3867.083,3304.556,3381.750,3608.083,9106.750,4004.667
6731.889,4329.444,3346.000,3648.556,3831.167,3313.556,3431.583,3586.750,8899.583,3985.000
6604.667,4305.111,3368.333,3621.222,3849.833,3347.778,3411.500,3598.833,8780.750,3956.833
6596.667,4327.111,3338.667,3613.889,3837.250,3312.222,3429.917,3616.167,8724.167,4026.417
6718.333,4326.556,3374.111,3650.000,3874.250,3312.444,3435.000,3642.250,8772.167,4005.750
6995.778,4361.000,3396.444,3686.000,3860.500,3313.778,3403.000,3633.500,9070.000,4031.000
7300.667,4328.556,3378.889,3714.111,3848.000,3324.556,3401.250,3637.917,9680.167,4051.750
7566.222,4330.444,3384.444,3675.444,3906.917,3313.444,3431.167,3648.000,10030.750,4067.667
7655.444,4382.889,3376.444,3704.444,3880.000,3301.556,3430.417,3624.583,10441.250,4042.667
7980.778,4373.556,3347.778,3662.667,3920.083,3357.333,3414.833,3638.833,10480.833,4066.667
8018.556,4418.111,3366.889,3744.556,3919.417,3335.333,3399.833,3668.750,10671.083,4097.250
8021.556,4405.000,3347.667,3686.778,3960.583,3332.667,3378.333,3654.500,10613.667,4100.667
7888.556,4467.556,3368.444,3700.778,3884.000,3319.000,3439.750,3719.333,10584.583,4094.333
7835.667,4466.111,3349.444,3638.889,3881.750,3317.889,3404.333,3683.583,10346.333,4077.000
7757.556,4477.444,3348.778,3679.222,3907.833,3306.000,3399.083,3647.667,10169.167,4097.667
7495.111,4490.778,3358.667,3688.667,3847.917,3342.444,3439.500,3716.167,9807.333,4113.833
7337.000,4441.556,3372.111,3650.667,3870.333,3322.000,3428.583,3629.750,9616.500,4058.250
7266.000,4415.778,3340.778,3631.556,3882.667,3317.556,3425.333,3701.583,9483.417,4140.083
7118.444,4424.333,3353.667,3678.222,3825.583,3364.333,3426.417,3663.917,9327.917,4093.000
6987.778,4438.333,3295.444,3622.111,3831.750,3326.333,3442.500,3688.500,9129.667,4082.833
6829.000,4382.222,3352.667,3621.222,3842.917,3275.444,3425.333,3630.083,9026.750,4085.000
6723.778,4361.111,3334.556,3644.778,3796.333,3346.444,3391.000,3670.917,8812.333,4098.583
6618.222,4325.111,3328.111,3605.111,3779.250,3329.111,3391.417,3645.083,8681.417,4065.833
6523.000,4306.111,3356.667,3596.778,3762.417,3286.333,3384.083,3634.833,8501.000,4075.083
6438.667,4285.889,3312.778,3609.778,3783.667,3325.444,3380.250,3601.667,8378.167,4082.583
6333.444,4300.000,3333.000,3562.667,3739.333,3297.444,3399.000,3671.250,8261.333,4083.417
6276.556,4244.556,3327.556,3628.222,3767.583,3314.778,3371.833,3661.917,8163.833,4078.583
6342.000,4250.000,3318.556,3627.111,3762.083,3298.667,3402.500,3630.000,8200.833,4082.917
6475.889,4255.222,3314.111,3642.667,3844.000,3338.333,3379.833,3655.417,8341.333,4019.167
6832.889,4243.778,3305.222,3579.222,3806.917,3332.556,3380.583,3685.167,8903.417,4083.250
7068.556,4266.333,3304.444,3618.889,3814.000,3313.111,3381.167,3704.833,9368.500,4097.750
7239.222,4264.667,3295.889,3643.222,3818.833,3273.889,3400.417,3695.917,9618.833,4079.583
7380.333,4295.111,3300.222,3631.111,3806.917,3345.556,3422.750,3734.333,9824.917,4078.250
7506.556,4260.222,3300.556,3607.556,3841.417,3291.556,3399.167,3689.833,10097.333,4080.917
7647.222,4272.333,3287.556,3617.333,3856.000,3303.889,3399.833,3680.167,10280.583,4095.750
7658.889,4321.556,3329.000,3638.000,3819.750,3342.000,3380.333,3743.167,10223.000,4095.167
7488.000,4262.000,3291.444,3627.444,3800.833,3327.667,3395.917,3736.167,10037.333,4093.250
7417.444,4288.111,3313.333,3633.333,3800.750,3392.222,3406.167,3675.083,9794.000,4136.083
7331.667,4219.444,3327.889,3622.889,3818.333,3368.222,3409.833,3727.417,9702.750,4082.583
7191.000,4244.222,3298.667,3632.444,3814.750,3314.111,3383.583,3675.583,9394.917,4058.917
7108.111,4235.667,3292.667,3647.889,3828.667,3367.444,3405.917,3680.250,9205.833,4091.500
6925.778,4182.556,3319.667,3645.444,3778.500,3317.000,3385.083,3682.667,9019.833,4074.250
6795.556,4213.667,3318.333,3641.778,3773.833,3301.111,3379.333,3644.250,8915.167,4069.333
6648.444,4184.333,3306.778,3576.333,3767.750,3317.000,3393.750,3645.500,8652.833,4035.583
6518.333,4163.333,3315.444,3608.778,3702.917,3353.111,3401.833,3652.583,8507.167,4025.833
6372.889,4192.556,3342.889,3624.889,3727.417,3330.556,3365.000,3634.583,8328.083,4020.000
6334.111,4138.444,3311.222,3550.000,3740.167,3304.111,3409.167,3593.083,8256.750,3957.333
6216.333,4113.556,3294.333,3582.778,3784.333,3359.556,3398.750,3640.083,8067.250,3964.250
6107.222,4127.000,3285.333,3575.444,3728.667,3307.111,3370.167,3668.000,7976.333,3982.083
6055.778,4044.000,3291.222,3581.556,3762.583,3309.000,3362.583,3626.583,7810.000,3985.083
5968.778,4084.667,3320.111,3595.889,3753.250,3356.444,3361.000,3618.500,7680.833,3959.500
6131.444,4089.556,3284.889,3570.556,3758.083,3330.111,3369.083,3610.583,7590.083,3991.917
6482.667,4133.111,3313.111,3587.111,3748.333,3333.000,3359.417,3623.583,7721.833,4008.250
6995.000,4092.222,3326.778,3630.778,3785.417,3366.667,3394.250,3607.583,8163.667,4005.167
7179.556,4146.778,3331.111,3606.889,3743.000,3338.000,3356.917,3634.083,8532.833,3979.250
7192.667,4132.556,3262.667,3594.000,3775.500,3307.667,3374.917,3613.667,8931.250,4020.583
7495.222,4141.667,3327.444,3610.667,3758.667,3298.889,3391.333,3613.417,9019.583,4014.000
7635.111,4111.889,3340.111,3547.000,3764.500,3321.444,3384.917,3630.583,9334.000,4008.083
7639.333,4157.111,3341.667,3581.333,3751.917,3346.667,3401.000,3608.250,9581.833,4007.167
7718.000,4171.333,3363.556,3622.333,3755.083,3321.222,3391.500,3604.833,9594.417,4040.000
7502.667,4179.333,3367.667,3617.667,3767.750,3328.333,3388.833,3589.667,9729.500,3993.333
7350.889,4216.889,3390.333,3594.222,3807.500,3359.444,3383.583,3631.583,9402.333,4028.750
7314.556,4170.667,3353.667,3615.222,3755.000,3348.111,3365.500,3601.167,9255.500,4040.417
7064.667,4177.889,3330.778,3600.889,3729.500,3353.222,3390.000,3666.833,9052.000,4027.750
7030.333,4229.889,3333.778,3606.667,3752.500,3377.222,3383.417,3614.750,8915.750,4000.667
6951.667,4155.889,3320.889,3564.111,3786.917,3328.667,3378.167,3643.750,8731.500,4000.917
6726.222,4181.556,3388.000,3621.000,3749.083,3326.778,3372.750,3625.500,8498.917,3984.667
6680.778,4167.889,3339.111,3585.222,3714.250,3361.556,3374.500,3631.000,8355.583,3964.917
6507.444,4127.000,3354.333,3566.111,3691.833,3343.222,3384.083,3619.833,8211.833,3960.917
6463.222,4161.222,3350.111,3583.111,3718.833,3327.000,3360.167,3643.417,8164.000,3957.083
6347.667,4098.333,3343.111,3592.556,3690.250,3356.111,3363.667,3598.083,7976.917,3952.833
6222.444,4100.222,3365.111,3554.889,3703.750,3303.667,3374.417,3571.083,7854.917,3963.917
6177.889,4086.889,3376.000,3525.222,3702.417,3337.778,3352.333,3579.917,7663.500,3937.333
6074.556,4137.000,3324.556,3610.333,3712.583,3373.889,3363.333,3591.667,7626.417,3943.500
5990.111,4025.889,3360.556,3575.556,3691.833,3366.222,3331.917,3593.167,7499.000,3937.667
5909.111,4070.222,3380.778,3528.556,3650.750,3337.778,3364.917,3579.667,7326.833,3913.833
6072.333,4075.444,3381.778,3489.778,3693.917,3399.000,3372.750,3590.417,7302.250,3964.917
6478.222,4062.222,3374.000,3573.000,3692.083,3358.000,3337.083,3582.583,7453.417,3915.833
6900.778,3998.000,3371.000,3581.111,3719.500,3353.111,3339.083,3580.917,7963.333,3959.583
7236.444,4070.667,3381.000,3583.778,3697.750,3390.778,3346.333,3581.000,8352.250,3990.250
7408.778,4100.222,3375.444,3600.333,3742.333,3371.556,3358.167,3552.250,8797.000,4006.750
7661.333,4046.778,3347.333,3596.000,3745.417,3425.111,3329.500,3593.250,9233.333,4039.667
7840.444,4120.333,3386.000,3623.222,3742.000,3370.000,3363.750,3584.667,9365.750,4028.833
7895.333,4130.222,3369.333,3628.333,3722.333,3359.778,3376.917,3620.750,9462.667,4031.250
7873.556,4043.556,3398.000,3662.111,3693.917,3399.889,3373.917,3597.583,9214.750,4038.083
7731.556,4115.222,3393.333,3627.111,3736.833,3367.444,3368.333,3584.583,9090.083,4057.500
7566.778,4063.889,3365.444,3615.000,3720.250,3368.556,3368.000,3590.833,8885.417,4027.833
7383.889,4054.000,3344.667,3584.889,3736.083,3424.222,3326.167,3564.833,8685.667,4009.000
7300.111,4059.000,3371.778,3575.333,3718.333,3412.556,3360.750,3584.000,8649.917,4002.917
7173.000,4016.000,3363.667,3566.111,3716.000,3368.556,3363.083,3572.500,8498.583,4025.250
7038.889,4078.889,3384.444,3583.111,3720.417,3366.222,3313.667,3547.167,8321.750,3992.083
6929.556,4028.000,3379.000,3566.444,3692.583,3436.000,3338.333,3555.167,8212.250,4026.000
6839.444,4027.778,3361.444,3586.556,3695.833,3386.000,3344.333,3557.667,8013.750,3985.583
6618.667,4017.222,3380.778,3513.444,3698.417,3427.556,3358.250,3544.750,7916.917,3952.833
6498.111,4033.556,3404.222,3533.222,3674.417,3344.556,3327.833,3566.667,7802.500,3981.833
6466.111,4019.556,3364.778,3539.667,3688.667,3361.333,3344.500,3524.500,7640.750,4014.833
6345.667,3946.333,3416.222,3547.111,3668.000,3402.778,3332.750,3495.417,7449.917,3964.917
6280.889,3937.111,3357.222,3564.778,3676.583,3375.000,3353.333,3546.167,7401.833,3971.667
6144.444,3936.222,3390.778,3542.444,3677.417,3370.000,3342.083,3578.083,7293.000,3969.750
6036.111,3875.000,3342.333,3505.111,3612.083,3346.222,3324.667,3524.250,6949.083,3898.333
6227.000,3908.000,3389.333,3584.444,3700.583,3399.333,3326.000,3567.000,7329.250,3970.750
6354.000,3852.556,3373.556,3509.444,3632.583,3341.222,3320.083,3539.333,7332.083,3939.083
6857.667,3935.889,3408.667,3583.556,3711.333,3390.667,3319.500,3582.417,8239.833,4019.583
7158.222,4000.667,3403.222,3610.667,3728.417,3412.222,3349.250,3531.250,8877.667,3990.417
7374.111,3973.667,3394.000,3583.556,3747.167,3416.667,3325.250,3514.500,9063.833,4058.333
7756.778,3987.556,3401.556,3589.333,3694.167,3442.444,3351.333,3540.167,9554.750,4043.500
7909.556,4037.444,3376.444,3567.667,3750.000,3426.333,3337.167,3527.417,9594.917,4082.500
7853.111,4017.889,3351.111,3619.000,3749.833,3389.889,3310.167,3521.667,9470.250,4084.250
7781.778,3961.667,3431.111,3613.222,3747.167,3421.778,3348.833,3560.333,9247.833,4118.000
7670.889,4009.333,3395.111,3608.222,3772.417,3398.667,3335.333,3524.500,9060.083,4092.750
7473.556,4005.222,3385.889,3579.333,3780.917,3459.556,3313.083,3544.667,8905.333,4047.167
7324.222,3992.444,3401.222,3613.222,3747.000,3378.111,3315.250,3530.083,8732.917,4066.833
7117.000,4005.222,3411.333,3565.222,3753.500,3375.778,3311.750,3493.500,8578.750,4035.333
6999.444,3941.333,3342.889,3551.111,3722.833,3379.667,3313.417,3517.750,8438.250,4024.167
6839.556,3935.333,3358.444,3581.556,3746.417,3380.000,3320.250,3509.083,8216.917,4032.500
6685.444,3956.778,3375.556,3569.889,3701.667,3384.667,3318.750,3507.333,8157.500,3978.333
6624.556,3959.222,3440.444,3577.222,3715.250,3385.667,3324.083,3537.333,8010.667,4038.917
6469.778,3854.000,3360.222,3543.000,3656.667,3373.667,3307.500,3527.167,7789.750,4004.333
6395.556,3912.111,3407.556,3559.000,3649.250,3395.444,3331.250,3528.583,7732.167,4015.500
6253.667,3886.556,3418.111,3541.333,3668.917,3401.889,3318.833,3528.083,7607.667,3972.333
6171.222,3905.556,3386.333,3524.889,3697.333,3420.556,3339.917,3516.417,7454.917,3998.333
6060.889,3824.667,3411.333,3521.667,3703.333,3366.444,3347.667,3568.667,7412.000,3936.667
5928.667,3843.333,3409.222,3509.667,3673.833,3414.889,3305.750,3493.083,7248.500,3981.583
6018.333,3822.556,3403.556,3511.444,3687.583,3374.889,3318.250,3499.750,7227.167,3993.250
6150.444,3860.333,3378.889,3521.111,3697.417,3385.889,3325.583,3548.417,7175.833,3987.167
6312.444,3880.222,3397.667,3500.556,3726.167,3338.444,3310.667,3531.750,7026.417,4046.417
6516.333,3951.111,3388.889,3536.556,3701.500,3387.222,3303.083,3515.750,7246.250,4002.750
6672.111,3898.556,3425.000,3496.000,3735.667,3344.333,3310.583,3509.667,7694.000,3997.333
6476.222,3888.111,3410.444,3532.111,3716.667,3423.778,3349.500,3484.167,7659.000,3987.500
6491.556,3856.556,3423.778,3496.889,3680.000,3363.667,3329.000,3485.667,7583.917,3929.917
