100.00	0.00	7.23	30.00	150.00	2.70	97.30	0.50	

11.99	12.00	0.000000	06.712
11.99	12.00	0.000017	06.813
11.99	12.00	0.000033	06.913
11.99	12.00	0.000050	07.013
11.99	12.00	0.000067	07.114
11.97	12.00	0.000083	07.213
11.97	12.00	0.000100	07.313
11.97	12.00	0.000117	07.413
11.97	12.00	0.000133	07.512
11.97	12.00	0.000150	07.613
11.94	12.00	0.000167	07.713
11.94	12.00	0.000183	07.813
11.94	12.00	0.000200	07.914
11.94	12.00	0.000217	08.013
11.94	12.00	0.000233	08.113
11.94	12.00	0.000250	08.213
11.94	12.00	0.000267	08.313
11.94	12.00	0.000283	08.413
11.94	12.00	0.000300	08.512
11.94	12.00	0.000317	08.613
11.97	12.00	0.000333	08.714
11.97	12.00	0.000350	08.813
11.97	12.00	0.000367	08.914
11.99	12.00	0.000383	09.014
11.99	12.00	0.000400	09.113
11.99	12.00	0.000416	09.214
11.99	12.00	0.000433	09.314
12.02	12.00	0.000450	09.414
12.02	12.00	0.000466	09.514
12.02	12.00	0.000483	09.614
12.02	12.00	0.000500	09.714
12.02	12.00	0.000516	09.815
12.04	12.00	0.000533	09.915
12.04	12.00	0.000550	10.015
12.04	12.00	0.000566	10.115
12.04	12.00	0.000583	10.215
12.04	12.00	0.000600	10.315
12.04	12.00	0.000616	10.415
12.04	12.00	0.000633	10.515
12.04	12.00	0.000650	10.615
12.04	12.00	0.000666	10.714
12.04	12.00	0.000683	10.814
12.04	12.00	0.000700	10.938
12.04	12.00	0.000716	11.038
12.04	12.00	0.000733	11.142
12.04	12.00	0.000750	11.237
12.04	12.00	0.000766	11.337
12.04	12.00	0.000783	11.441
12.02	12.00	0.000800	11.536
12.02	12.00	0.000816	11.635
12.02	12.00	0.000833	11.741
12.02	12.00	0.000850	11.835
12.02	12.00	0.000866	11.936
12.02	12.00	0.000883	12.039
12.02	12.00	0.000900	12.134
12.02	12.00	0.000916	12.236
12.02	12.00	0.000933	12.338
12.02	12.00	0.000950	12.432
11.99	12.00	0.000966	12.536
11.99	12.00	0.000983	12.636
11.99	12.00	0.001000	12.731
11.99	12.00	0.001016	12.835
11.99	12.00	0.001033	12.935
11.99	12.00	0.001050	13.030
11.99	12.00	0.001066	13.135
11.99	12.00	0.001083	13.234
11.99	12.00	0.001100	13.329
11.99	12.00	0.001116	13.434
11.99	12.00	0.001133	13.533
11.99	12.00	0.001150	13.628
11.99	12.00	0.001166	13.733
11.99	12.00	0.001183	13.832
11.99	12.00	0.001200	13.927
11.99	12.00	0.001216	14.031
11.99	12.00	0.001233	14.131
12.02	12.00	0.001250	14.225
12.02	12.00	0.001266	14.330
12.02	12.00	0.001283	14.425
12.02	12.00	0.001299	14.524
12.02	12.00	0.001316	14.629
12.02	12.00	0.001333	14.724
12.02	12.00	0.001349	14.823
12.02	12.00	0.001366	14.928
12.02	12.00	0.001383	15.022
12.02	12.00	0.001399	15.122
12.02	12.00	0.001416	15.226
12.02	12.00	0.001433	15.321
12.02	12.00	0.001449	15.421
12.02	12.00	0.001466	15.525
12.02	12.00	0.001483	15.620
11.99	12.00	0.001499	15.719
11.99	12.00	0.001516	15.824
11.99	12.00	0.001533	15.918
11.99	12.00	0.001549	16.018
11.99	12.00	0.001566	16.123
11.99	12.00	0.001583	16.217
11.99	12.00	0.001599	16.317
11.99	12.00	0.001616	16.421
11.99	12.00	0.001633	16.516
11.99	12.00	0.001649	16.616
11.99	12.00	0.001666	16.721
11.99	12.00	0.001683	16.816
11.99	12.00	0.001699	16.916
11.99	12.00	0.001716	17.020
11.99	12.00	0.001733	17.116
11.99	12.00	0.001749	17.216
11.99	12.00	0.001766	17.318
11.99	12.00	0.001783	17.416
12.02	12.00	0.001799	17.516
12.02	12.00	0.001816	17.617
12.02	12.00	0.001833	17.718
12.02	12.00	0.001849	17.817
12.02	12.00	0.001866	17.917
12.02	12.00	0.001883	18.017
12.02	12.00	0.001899	18.117
12.02	12.00	0.001916	18.217
12.02	12.00	0.001933	18.318
12.02	12.00	0.001949	18.418
12.02	12.00	0.001966	18.518
12.02	12.00	0.001983	18.619
12.02	12.00	0.001999	18.718
12.02	12.00	0.002016	18.818
11.99	12.00	0.002033	18.918
11.99	12.00	0.002049	19.018
11.99	12.00	0.002066	19.118
11.99	12.00	0.002082	19.218
11.99	12.00	0.002099	19.318
11.99	12.00	0.002116	19.418
11.99	12.00	0.002132	19.518
11.99	12.00	0.002149	19.618
11.99	12.00	0.002166	19.718
11.99	12.00	0.002182	19.818
11.99	12.00	0.002199	19.918
11.99	12.00	0.002216	20.018
11.99	12.00	0.002232	20.118
11.99	12.00	0.002249	20.219
11.99	12.00	0.002266	20.318
11.99	12.00	0.002282	20.418
11.99	12.00	0.002299	20.519
11.99	12.00	0.002316	20.619
11.99	12.00	0.002332	20.719
11.99	12.00	0.002349	20.819
11.99	12.00	0.002366	20.919
11.99	12.00	0.002382	21.019
11.99	12.00	0.002399	21.120
11.99	12.00	0.002416	21.219
11.99	12.00	0.002432	21.319
11.99	12.00	0.002449	21.419
11.99	12.00	0.002466	21.519
11.99	12.00	0.002482	21.619
11.99	12.00	0.002499	21.719
11.99	12.00	0.002516	21.820
11.99	12.00	0.002532	21.919
11.99	12.00	0.002549	22.019
12.02	12.00	0.002566	22.119
12.02	12.00	0.002582	22.219
12.02	12.00	0.002599	22.319
12.02	12.00	0.002616	22.419
12.02	12.00	0.002632	22.548
12.02	12.00	0.002649	22.643
12.02	12.00	0.002666	22.742
12.02	12.00	0.002682	22.847
12.02	12.00	0.002699	22.942
12.02	12.00	0.002716	23.041
12.02	12.00	0.002732	23.146
12.02	12.00	0.002749	23.240
11.99	12.00	0.002766	23.340
11.99	12.00	0.002782	23.444
11.99	12.00	0.002799	23.539
11.99	12.00	0.002816	23.638
11.99	12.00	0.002832	23.744
11.99	12.00	0.002849	23.838
11.99	12.00	0.002866	23.938
11.99	12.00	0.002882	24.042
11.99	12.00	0.002899	24.137
11.99	12.00	0.002915	24.236
11.99	12.00	0.002932	24.341
11.99	12.00	0.002949	24.436
11.99	12.00	0.002965	24.535
11.99	12.00	0.002982	24.640
11.99	12.00	0.002999	24.734
11.99	12.00	0.003015	24.834
11.99	12.00	0.003032	24.938
11.99	12.00	0.003049	25.033
11.99	12.00	0.003065	25.133
11.99	12.00	0.003082	25.237
11.99	12.00	0.003099	25.332
11.99	12.00	0.003115	25.433
11.99	12.00	0.003132	25.536
11.99	12.00	0.003149	25.630
12.02	12.00	0.003165	25.734
12.02	12.00	0.003182	25.835
12.02	12.00	0.003199	25.930
12.02	12.00	0.003215	26.034
12.02	12.00	0.003232	26.134
12.02	12.00	0.003249	26.229
12.02	12.00	0.003265	26.333
12.02	12.00	0.003282	26.433
12.02	12.00	0.003299	26.527
12.02	12.00	0.003315	26.632
12.02	12.00	0.003332	26.731
11.99	12.00	0.003349	26.826
11.99	12.00	0.003365	26.931
11.99	12.00	0.003382	27.030
11.99	12.00	0.003399	27.125
11.99	12.00	0.003415	27.229
11.99	12.00	0.003432	27.329
11.99	12.00	0.003449	27.424
11.99	12.00	0.003465	27.528
11.99	12.00	0.003482	27.623
11.99	12.00	0.003499	27.722
11.99	12.00	0.003515	27.827
11.99	12.00	0.003532	27.921
11.99	12.00	0.003549	28.021
11.99	12.00	0.003565	28.126
11.99	12.00	0.003582	28.220
11.99	12.00	0.003599	28.320
11.99	12.00	0.003615	28.424
11.99	12.00	0.003632	28.520
11.99	12.00	0.003649	28.620
11.99	12.00	0.003665	28.723
11.99	12.00	0.003682	28.821
12.02	12.00	0.003699	28.920
12.02	12.00	0.003715	29.023
12.02	12.00	0.003732	29.120
12.02	12.00	0.003748	29.220
12.02	12.00	0.003765	29.321
12.02	12.00	0.003782	29.420
12.02	12.00	0.003798	29.521
12.02	12.00	0.003815	29.620
12.02	12.00	0.003832	29.720
12.02	12.00	0.003848	29.820
11.99	12.00	0.003865	29.920
11.99	12.00	0.003882	30.020
11.99	12.00	0.003898	30.120
11.99	12.00	0.003915	30.221
11.99	12.00	0.003932	30.320
11.99	12.00	0.003948	30.420
11.99	12.00	0.003965	30.520
11.99	12.00	0.003982	30.620
11.99	12.00	0.003998	30.720
11.99	12.00	0.004015	30.820
11.99	12.00	0.004032	30.920
11.99	12.00	0.004048	31.021
11.99	12.00	0.004065	31.120
11.99	12.00	0.004082	31.220
11.99	12.00	0.004098	31.320
11.99	12.00	0.004115	31.420
11.99	12.00	0.004132	31.519
11.99	12.00	0.004148	31.620
11.99	12.00	0.004165	31.720
11.99	12.00	0.004182	31.820
11.99	12.00	0.004198	31.921
11.99	12.00	0.004215	32.020
11.99	12.00	0.004232	32.120
11.99	12.00	0.004248	32.220
11.99	12.00	0.004265	32.320
11.99	12.00	0.004282	32.420
11.99	12.00	0.004298	32.520
11.99	12.00	0.004315	32.620
11.99	12.00	0.004332	32.720
11.99	12.00	0.004348	32.821
12.02	12.00	0.004365	32.920
12.02	12.00	0.004382	33.020
12.02	12.00	0.004398	33.120
12.02	12.00	0.004415	33.220
12.02	12.00	0.004432	33.320
12.02	12.00	0.004448	33.420
12.02	12.00	0.004465	33.521
12.02	12.00	0.004482	33.620
12.02	12.00	0.004498	33.720
12.02	12.00	0.004515	33.820
12.02	12.00	0.004532	33.920
12.02	12.00	0.004548	34.020
11.99	12.00	0.004565	34.120
11.99	12.00	0.004581	34.220
11.99	12.00	0.004598	34.319
11.99	12.00	0.004615	34.420
11.99	12.00	0.004631	34.519
11.99	12.00	0.004648	34.620
11.99	12.00	0.004665	34.720
11.99	12.00	0.004681	34.820
11.99	12.00	0.004698	34.949
11.99	12.00	0.004715	35.044
11.99	12.00	0.004731	35.148
11.99	12.00	0.004748	35.248
11.99	12.00	0.004765	35.343
11.99	12.00	0.004781	35.447
11.99	12.00	0.004798	35.542
11.99	12.00	0.004815	35.641
11.99	12.00	0.004831	35.746
11.99	12.00	0.004848	35.840
11.99	12.00	0.004865	35.940
11.99	12.00	0.004881	36.044
11.99	12.00	0.004898	36.139
12.02	12.00	0.004915	36.240
12.02	12.00	0.004931	36.344
12.02	12.00	0.004948	36.439
12.02	12.00	0.004965	36.538
12.02	12.00	0.004981	36.643
12.02	12.00	0.004998	36.737
12.02	12.00	0.005015	36.837
12.02	12.00	0.005031	36.941
12.02	12.00	0.005048	37.036
11.99	12.00	0.005065	37.136
11.99	12.00	0.005081	37.240
11.99	12.00	0.005098	37.335
11.99	12.00	0.005115	37.434
11.99	12.00	0.005131	37.539
11.99	12.00	0.005148	37.633
11.99	12.00	0.005165	37.733
11.99	12.00	0.005181	37.838
11.99	12.00	0.005198	37.932
11.99	12.00	0.005215	38.032
11.99	12.00	0.005231	38.136
11.99	12.00	0.005248	38.231
11.99	12.00	0.005265	38.331
11.99	12.00	0.005281	38.435
11.99	12.00	0.005298	38.530
11.99	12.00	0.005315	38.632
11.99	12.00	0.005331	38.735
11.99	12.00	0.005348	38.829
11.99	12.00	0.005365	38.932
11.99	12.00	0.005381	39.033
11.99	12.00	0.005398	39.128
11.99	12.00	0.005414	39.231
11.99	12.00	0.005431	39.332
11.99	12.00	0.005448	39.427
11.99	12.00	0.005464	39.531
12.02	12.00	0.005481	39.631
12.02	12.00	0.005498	39.725
12.02	12.00	0.005514	39.830
12.02	12.00	0.005531	39.929
12.02	12.00	0.005548	40.024
12.02	12.00	0.005564	40.129
12.02	12.00	0.005581	40.229
12.02	12.00	0.005598	40.323
12.02	12.00	0.005614	40.428
12.02	12.00	0.005631	40.527
12.02	12.00	0.005648	40.622
12.02	12.00	0.005664	40.726
12.02	12.00	0.005681	40.821
12.02	12.00	0.005698	40.921
11.99	12.00	0.005714	41.025
11.99	12.00	0.005731	41.121
11.99	12.00	0.005748	41.221
11.99	12.00	0.005764	41.324
11.99	12.00	0.005781	41.421
11.99	12.00	0.005798	41.521
11.99	12.00	0.005814	41.623
11.99	12.00	0.005831	41.721
11.99	12.00	0.005848	41.821
11.99	12.00	0.005864	41.921
11.99	12.00	0.005881	42.021
11.99	12.00	0.005898	42.121
11.99	12.00	0.005914	42.221
11.99	12.00	0.005931	42.321
11.99	12.00	0.005948	42.421
11.99	12.00	0.005964	42.521
11.99	12.00	0.005981	42.621
11.99	12.00	0.005998	42.721
11.99	12.00	0.006014	42.821
12.02	12.00	0.006031	42.921
12.02	12.00	0.006048	43.021
12.02	12.00	0.006064	43.121
12.02	12.00	0.006081	43.222
12.02	12.00	0.006098	43.321
12.02	12.00	0.006114	43.421
12.02	12.00	0.006131	43.526
12.02	12.00	0.006148	43.622
12.02	12.00	0.006164	43.722
12.02	12.00	0.006181	43.827
12.02	12.00	0.006198	43.922
12.02	12.00	0.006214	44.022
12.02	12.00	0.006231	44.127
11.99	12.00	0.006247	44.222
11.99	12.00	0.006264	44.322
11.99	12.00	0.006281	44.426
11.99	12.00	0.006297	44.522
11.99	12.00	0.006314	44.622
11.99	12.00	0.006331	44.727
11.99	12.00	0.006347	44.823
11.99	12.00	0.006364	44.922
11.99	12.00	0.006381	45.022
11.99	12.00	0.006397	45.122
11.99	12.00	0.006414	45.222
11.99	12.00	0.006431	45.326
11.99	12.00	0.006447	45.422
11.99	12.00	0.006464	45.523
11.99	12.00	0.006481	45.626
11.99	12.00	0.006497	45.724
11.99	12.00	0.006514	45.823
11.99	12.00	0.006531	45.927
11.99	12.00	0.006547	46.023
11.99	12.00	0.006564	46.123
11.99	12.00	0.006581	46.226
11.99	12.00	0.006597	46.323
11.99	12.00	0.006614	46.423
11.99	12.00	0.006631	46.527
11.99	12.00	0.006647	46.623
11.99	12.00	0.006664	46.723
11.99	12.00	0.006681	46.826
11.99	12.00	0.006697	46.923
11.99	12.00	0.006714	47.046
11.99	12.00	0.006731	47.126
12.02	12.00	0.006747	47.251
12.02	12.00	0.006764	47.346
12.02	12.00	0.006781	47.451
12.02	12.00	0.006797	47.550
12.02	12.00	0.006814	47.645
12.02	12.00	0.006831	47.749
12.02	12.00	0.006847	47.849
12.02	12.00	0.006864	47.943
12.02	12.00	0.006881	48.048
12.02	12.00	0.006897	48.147
12.02	12.00	0.006914	48.242
12.02	12.00	0.006931	48.347
12.02	12.00	0.006947	48.446
11.99	12.00	0.006964	48.541
11.99	12.00	0.006981	48.645
11.99	12.00	0.006997	48.740
11.99	12.00	0.007014	48.839
11.99	12.00	0.007031	48.944
11.99	12.00	0.007047	49.039
11.99	12.00	0.007064	49.138
11.99	12.00	0.007080	49.243
11.99	12.00	0.007097	49.337
11.99	12.00	0.007114	49.437
11.99	12.00	0.007130	49.542
11.99	12.00	0.007147	49.636
11.99	12.00	0.007164	49.736
11.99	12.00	0.007180	49.841
11.99	12.00	0.007197	49.935
11.99	12.00	0.007214	50.035
11.99	12.00	0.007230	50.139
11.99	12.00	0.007247	50.234
11.99	12.00	0.007264	50.333
11.99	12.00	0.007280	50.438
11.99	12.00	0.007297	50.533
11.99	12.00	0.007314	50.632
11.99	12.00	0.007330	50.737
11.99	12.00	0.007347	50.831
11.99	12.00	0.007364	50.931
11.99	12.00	0.007380	51.036
11.99	12.00	0.007397	51.131
11.99	12.00	0.007414	51.230
12.02	12.00	0.007430	51.335
12.02	12.00	0.007447	51.430
12.02	12.00	0.007464	51.530
12.02	12.00	0.007480	51.634
12.02	12.00	0.007497	51.728
12.02	12.00	0.007514	51.830
12.02	12.00	0.007530	51.932
12.02	12.00	0.007547	52.027
12.02	12.00	0.007564	52.129
12.02	12.00	0.007580	52.231
12.02	12.00	0.007597	52.326
12.02	12.00	0.007614	52.430
12.02	12.00	0.007630	52.530
11.99	12.00	0.007647	52.624
11.99	12.00	0.007664	52.729
11.99	12.00	0.007680	52.828
11.99	12.00	0.007697	52.924
11.99	12.00	0.007714	53.028
11.99	12.00	0.007730	53.127
11.99	12.00	0.007747	53.224
11.99	12.00	0.007764	53.327
11.99	12.00	0.007780	53.427
11.99	12.00	0.007797	53.525
11.99	12.00	0.007814	53.626
11.99	12.00	0.007830	53.725
11.99	12.00	0.007847	53.825
11.99	12.00	0.007864	53.925
11.99	12.00	0.007880	54.026
11.99	12.00	0.007897	54.125
11.99	12.00	0.007913	54.225
11.99	12.00	0.007930	54.325
11.99	12.00	0.007947	54.426
11.99	12.00	0.007963	54.526
11.99	12.00	0.007980	54.626
11.99	12.00	0.007997	54.726
11.99	12.00	0.008013	54.827
11.99	12.00	0.008030	54.926
11.99	12.00	0.008047	55.026
11.99	12.00	0.008063	55.126
11.99	12.00	0.008080	55.226
11.99	12.00	0.008097	55.326
12.02	12.00	0.008113	55.426
12.02	12.00	0.008130	55.526
12.02	12.00	0.008147	55.626
12.02	12.00	0.008163	55.727
12.02	12.00	0.008180	55.826
12.02	12.00	0.008197	55.926
12.02	12.00	0.008213	56.026
12.02	12.00	0.008230	56.127
12.02	12.00	0.008247	56.227
12.02	12.00	0.008263	56.327
12.02	12.00	0.008280	56.428
11.99	12.00	0.008297	56.528
11.99	12.00	0.008313	56.629
11.99	12.00	0.008330	56.728
11.99	12.00	0.008347	56.828
11.99	12.00	0.008363	56.928
11.99	12.00	0.008380	57.028
11.99	12.00	0.008397	57.128
11.99	12.00	0.008413	57.228
11.99	12.00	0.008430	57.329
11.99	12.00	0.008447	57.428
11.99	12.00	0.008463	57.528
11.99	12.00	0.008480	57.628
11.99	12.00	0.008497	57.728
11.99	12.00	0.008513	57.828
11.99	12.00	0.008530	57.928
11.99	12.00	0.008547	58.028
11.99	12.00	0.008563	58.128
11.99	12.00	0.008580	58.252
11.99	12.00	0.008597	58.357
11.99	12.00	0.008613	58.452
11.99	12.00	0.008630	58.551
11.99	12.00	0.008647	58.656
11.99	12.00	0.008663	58.750
11.99	12.00	0.008680	58.850
11.99	12.00	0.008697	58.954
11.99	12.00	0.008713	59.049
12.02	12.00	0.008730	59.150
12.02	12.00	0.008746	59.254
12.02	12.00	0.008763	59.349
12.02	12.00	0.008780	59.449
12.02	12.00	0.008796	59.553
12.02	12.00	0.008813	59.647
12.02	12.00	0.008830	59.749
12.02	12.00	0.008846	59.851
12.02	12.00	0.008863	59.946
12.02	12.00	0.008880	00.049
12.02	12.00	0.008896	00.151
11.99	12.00	0.008913	00.244
11.99	12.00	0.008930	00.349
11.99	12.00	0.008946	00.449
11.99	12.00	0.008963	00.544
11.99	12.00	0.008980	00.648
11.99	12.00	0.008996	00.748
11.99	12.00	0.009013	00.842
11.99	12.00	0.009030	00.947
11.99	12.00	0.009046	01.046
11.99	12.00	0.009063	01.141
11.99	12.00	0.009080	01.245
11.99	12.00	0.009096	01.345
11.99	12.00	0.009113	01.440
11.99	12.00	0.009130	01.545
11.99	12.00	0.009146	01.644
11.99	12.00	0.009163	01.739
11.99	12.00	0.009180	01.843
11.99	12.00	0.009196	01.938
12.02	12.00	0.009213	02.037
12.02	12.00	0.009230	02.142
12.02	12.00	0.009246	02.237
12.02	12.00	0.009263	02.336
12.02	12.00	0.009280	02.442
12.02	12.00	0.009296	02.536
12.02	12.00	0.009313	02.636
12.02	12.00	0.009330	02.740
12.02	12.00	0.009346	02.835
12.02	12.00	0.009363	02.934
11.99	12.00	0.009380	03.039
11.99	12.00	0.009396	03.134
11.99	12.00	0.009413	03.233
11.99	12.00	0.009430	03.338
11.99	12.00	0.009446	03.432
11.99	12.00	0.009463	03.532
11.99	12.00	0.009480	03.636
11.99	12.00	0.009496	03.731
11.99	12.00	0.009513	03.831
11.99	12.00	0.009530	03.935
11.99	12.00	0.009546	04.030
11.99	12.00	0.009563	04.129
11.99	12.00	0.009579	04.234
11.99	12.00	0.009596	04.329
11.99	12.00	0.009613	04.429
11.99	12.00	0.009629	04.532
11.99	12.00	0.009646	04.629
11.99	12.00	0.009663	04.729
11.99	12.00	0.009679	04.832
11.99	12.00	0.009696	04.929
11.99	12.00	0.009713	05.029
11.99	12.00	0.009729	05.130
11.99	12.00	0.009746	05.229
11.99	12.00	0.009763	05.329
11.99	12.00	0.009779	05.429
11.99	12.00	0.009796	05.529
11.99	12.00	0.009813	05.629
11.99	12.00	0.009829	05.729
12.02	12.00	0.009846	05.829
12.02	12.00	0.009863	05.929
12.02	12.00	0.009879	06.029
12.02	12.00	0.009896	06.130
12.02	12.00	0.009913	06.229
12.02	12.00	0.009929	06.329
12.02	12.00	0.009946	06.429
12.02	12.00	0.009963	06.529
12.02	12.00	0.009979	06.629
12.02	12.00	0.009996	06.729
12.02	12.00	0.010013	06.829
12.02	12.00	0.010029	06.929
12.02	12.00	0.010046	07.029
11.99	12.00	0.010063	07.129
11.99	12.00	0.010079	07.229
11.99	12.00	0.010096	07.329
11.99	12.00	0.010113	07.430
11.99	12.00	0.010129	07.530
11.99	12.00	0.010146	07.630
11.99	12.00	0.010163	07.731
11.99	12.00	0.010179	07.830
11.99	12.00	0.010196	07.930
11.99	12.00	0.010213	08.030
11.99	12.00	0.010229	08.130
11.99	12.00	0.010246	08.230
11.99	12.00	0.010263	08.330
11.99	12.00	0.010279	08.430
11.99	12.00	0.010296	08.531
11.99	12.00	0.010313	08.630
11.99	12.00	0.010329	08.730
11.99	12.00	0.010346	08.830
11.99	12.00	0.010363	08.930
11.99	12.00	0.010379	09.030
11.99	12.00	0.010396	09.130
11.99	12.00	0.010412	09.230
11.99	12.00	0.010429	09.330
11.99	12.00	0.010446	09.430
11.99	12.00	0.010462	09.530
11.99	12.00	0.010479	09.630
12.02	12.00	0.010496	09.730
12.02	12.00	0.010512	09.830
12.02	12.00	0.010529	09.930
12.02	12.00	0.010546	10.030
12.02	12.00	0.010562	10.131
12.02	12.00	0.010579	10.230
12.02	12.00	0.010596	10.330
12.02	12.00	0.010612	10.430
12.02	12.00	0.010629	10.529
12.02	12.00	0.010646	10.659
12.02	12.00	0.010662	10.753
12.02	12.00	0.010679	10.853
11.99	12.00	0.010696	10.957
11.99	12.00	0.010712	11.052
11.99	12.00	0.010729	11.152
11.99	12.00	0.010746	11.256
11.99	12.00	0.010762	11.351
11.99	12.00	0.010779	11.450
11.99	12.00	0.010796	11.556
11.99	12.00	0.010812	11.649
11.99	12.00	0.010829	11.750
11.99	12.00	0.010846	11.855
11.99	12.00	0.010862	11.949
11.99	12.00	0.010879	12.049
11.99	12.00	0.010896	12.153
11.99	12.00	0.010912	12.248
11.99	12.00	0.010929	12.347
11.99	12.00	0.010946	12.452
11.99	12.00	0.010962	12.546
11.99	12.00	0.010979	12.647
11.99	12.00	0.010996	12.751
11.99	12.00	0.011012	12.845
11.99	12.00	0.011029	12.947
11.99	12.00	0.011046	13.049
11.99	12.00	0.011062	13.144
11.99	12.00	0.011079	13.247
11.99	12.00	0.011096	13.348
12.02	12.00	0.011112	13.443
12.02	12.00	0.011129	13.547
12.02	12.00	0.011146	13.647
12.02	12.00	0.011162	13.742
12.02	12.00	0.011179	13.847
12.02	12.00	0.011196	13.946
12.02	12.00	0.011212	14.041
12.02	12.00	0.011229	14.145
12.02	12.00	0.011245	14.245
12.02	12.00	0.011262	14.340
12.02	12.00	0.011279	14.444
11.99	12.00	0.011295	14.544
11.99	12.00	0.011312	14.638
11.99	12.00	0.011329	14.743
11.99	12.00	0.011345	14.842
11.99	12.00	0.011362	14.937
11.99	12.00	0.011379	15.041
11.99	12.00	0.011395	15.136
11.99	12.00	0.011412	15.236
11.99	12.00	0.011429	15.340
11.99	12.00	0.011445	15.435
11.99	12.00	0.011462	15.534
11.99	12.00	0.011479	15.639
11.99	12.00	0.011495	15.733
11.99	12.00	0.011512	15.833
11.99	12.00	0.011529	15.938
11.99	12.00	0.011545	16.032
11.99	12.00	0.011562	16.132
11.99	12.00	0.011579	16.236
11.99	12.00	0.011595	16.332
11.99	12.00	0.011612	16.432
11.99	12.00	0.011629	16.536
11.99	12.00	0.011645	16.632
11.99	12.00	0.011662	16.732
11.99	12.00	0.011679	16.835
12.02	12.00	0.011695	16.932
12.02	12.00	0.011712	17.032
12.02	12.00	0.011729	17.133
12.02	12.00	0.011745	17.232
12.02	12.00	0.011762	17.332
12.02	12.00	0.011779	17.432
12.02	12.00	0.011795	17.533
12.02	12.00	0.011812	17.632
12.02	12.00	0.011829	17.732
12.02	12.00	0.011845	17.832
12.02	12.00	0.011862	17.932
12.02	12.00	0.011879	18.032
11.99	12.00	0.011895	18.132
11.99	12.00	0.011912	18.232
11.99	12.00	0.011929	18.332
11.99	12.00	0.011945	18.433
11.99	12.00	0.011962	18.532
11.99	12.00	0.011979	18.632
11.99	12.00	0.011995	18.732
11.99	12.00	0.012012	18.832
11.99	12.00	0.012029	18.932
11.99	12.00	0.012045	19.032
11.99	12.00	0.012062	19.132
11.99	12.00	0.012078	19.232
11.99	12.00	0.012095	19.332
11.99	12.00	0.012112	19.432
11.99	12.00	0.012128	19.532
11.99	12.00	0.012145	19.632
11.99	12.00	0.012162	19.732
11.99	12.00	0.012178	19.832
11.99	12.00	0.012195	19.932
11.99	12.00	0.012212	20.033
11.99	12.00	0.012228	20.132
11.99	12.00	0.012245	20.232
11.99	12.00	0.012262	20.332
11.99	12.00	0.012278	20.432
11.99	12.00	0.012295	20.532
11.99	12.00	0.012312	20.632
11.99	12.00	0.012328	20.732
11.99	12.00	0.012345	20.833
11.99	12.00	0.012362	20.932
11.99	12.00	0.012378	21.032
11.99	12.00	0.012395	21.133
12.02	12.00	0.012412	21.233
12.02	12.00	0.012428	21.333
12.02	12.00	0.012445	21.433
12.02	12.00	0.012462	21.534
12.02	12.00	0.012478	21.633
12.02	12.00	0.012495	21.733
12.02	12.00	0.012512	21.833
12.02	12.00	0.012528	21.933
12.02	12.00	0.012545	22.033
12.02	12.00	0.012562	22.133
12.02	12.00	0.012578	22.233
11.99	12.00	0.012595	22.333
11.99	12.00	0.012612	22.462
11.99	12.00	0.012628	22.557
11.99	12.00	0.012645	22.662
11.99	12.00	0.012662	22.761
11.99	12.00	0.012678	22.856
11.99	12.00	0.012695	22.960
11.99	12.00	0.012712	23.055
11.99	12.00	0.012728	23.154
11.99	12.00	0.012745	23.259
11.99	12.00	0.012762	23.354
11.99	12.00	0.012778	23.453
11.99	12.00	0.012795	23.559
11.99	12.00	0.012812	23.653
11.99	12.00	0.012828	23.752
11.99	12.00	0.012845	23.857
11.99	12.00	0.012862	23.952
11.99	12.00	0.012878	24.051
11.99	12.00	0.012895	24.156
11.99	12.00	0.012911	24.251
11.99	12.00	0.012928	24.350
11.99	12.00	0.012945	24.455
11.99	12.00	0.012961	24.549
11.99	12.00	0.012978	24.649
11.99	12.00	0.012995	24.753
12.02	12.00	0.013011	24.848
12.02	12.00	0.013028	24.948
12.02	12.00	0.013045	25.052
12.02	12.00	0.013061	25.147
12.02	12.00	0.013078	25.246
12.02	12.00	0.013095	25.351
12.02	12.00	0.013111	25.445
12.02	12.00	0.013128	25.546
12.02	12.00	0.013145	25.650
12.02	12.00	0.013161	25.745
12.02	12.00	0.013178	25.846
12.02	12.00	0.013195	25.949
12.02	12.00	0.013211	26.044
12.02	12.00	0.013228	26.145
12.02	12.00	0.013245	26.248
11.99	12.00	0.013261	26.342
11.99	12.00	0.013278	26.445
11.99	12.00	0.013295	26.546
11.99	12.00	0.013311	26.641
11.99	12.00	0.013328	26.745
11.99	12.00	0.013345	26.845
11.99	12.00	0.013361	26.939
11.99	12.00	0.013378	27.044
11.99	12.00	0.013395	27.144
11.99	12.00	0.013411	27.239
11.99	12.00	0.013428	27.343
11.99	12.00	0.013445	27.443
11.99	12.00	0.013461	27.537
11.99	12.00	0.013478	27.642
11.99	12.00	0.013495	27.741
11.99	12.00	0.013511	27.836
11.99	12.00	0.013528	27.940
11.99	12.00	0.013545	28.040
11.99	12.00	0.013561	28.135
11.99	12.00	0.013578	28.240
11.99	12.00	0.013595	28.334
11.99	12.00	0.013611	28.434
11.99	12.00	0.013628	28.538
11.99	12.00	0.013645	28.634
11.99	12.00	0.013661	28.734
12.02	12.00	0.013678	28.837
12.02	12.00	0.013695	28.935
12.02	12.00	0.013711	29.034
12.02	12.00	0.013728	29.136
12.02	12.00	0.013744	29.234
12.02	12.00	0.013761	29.334
12.02	12.00	0.013778	29.435
12.02	12.00	0.013794	29.534
12.02	12.00	0.013811	29.634
12.02	12.00	0.013828	29.735
12.02	12.00	0.013844	29.834
12.02	12.00	0.013861	29.934
12.02	12.00	0.013878	30.034
11.99	12.00	0.013894	30.134
11.99	12.00	0.013911	30.234
11.99	12.00	0.013928	30.334
11.99	12.00	0.013944	30.434
11.99	12.00	0.013961	30.534
11.99	12.00	0.013978	30.635
11.99	12.00	0.013994	30.734
11.99	12.00	0.014011	30.834
11.99	12.00	0.014028	30.934
11.99	12.00	0.014044	31.034
11.99	12.00	0.014061	31.134
11.99	12.00	0.014078	31.234
11.99	12.00	0.014094	31.335
11.99	12.00	0.014111	31.434
11.99	12.00	0.014128	31.534
11.99	12.00	0.014144	31.634
11.99	12.00	0.014161	31.734
11.99	12.00	0.014178	31.834
11.99	12.00	0.014194	31.934
11.99	12.00	0.014211	32.034
11.99	12.00	0.014228	32.134
11.99	12.00	0.014244	32.235
11.99	12.00	0.014261	32.334
11.99	12.00	0.014278	32.434
11.99	12.00	0.014294	32.534
11.99	12.00	0.014311	32.634
11.99	12.00	0.014328	32.734
11.99	12.00	0.014344	32.834
12.02	12.00	0.014361	32.934
12.02	12.00	0.014378	33.034
12.02	12.00	0.014394	33.135
12.02	12.00	0.014411	33.234
12.02	12.00	0.014428	33.334
12.02	12.00	0.014444	33.434
12.02	12.00	0.014461	33.534
12.02	12.00	0.014478	33.634
12.02	12.00	0.014494	33.734
12.02	12.00	0.014511	33.834
11.99	12.00	0.014528	33.934
11.99	12.00	0.014544	34.034
11.99	12.00	0.014561	34.134
11.99	12.00	0.014577	34.234
11.99	12.00	0.014594	34.334
11.99	12.00	0.014611	34.434
11.99	12.00	0.014627	34.534
11.99	12.00	0.014644	34.635
11.99	12.00	0.014661	34.734
11.99	12.00	0.014677	34.834
11.99	12.00	0.014694	34.933
11.99	12.00	0.014711	35.034
11.99	12.00	0.014727	35.157
11.99	12.00	0.014744	35.262
11.99	12.00	0.014761	35.362
11.99	12.00	0.014777	35.456
11.99	12.00	0.014794	35.561
11.99	12.00	0.014811	35.661
11.99	12.00	0.014827	35.755
11.99	12.00	0.014844	35.860
11.99	12.00	0.014861	35.959
11.99	12.00	0.014877	36.054
11.99	12.00	0.014894	36.158
11.99	12.00	0.014911	36.253
11.99	12.00	0.014927	36.353
11.99	12.00	0.014944	36.457
11.99	12.00	0.014961	36.552
12.02	12.00	0.014977	36.652
12.02	12.00	0.014994	36.757
12.02	12.00	0.015011	36.851
12.02	12.00	0.015027	36.951
12.02	12.00	0.015044	37.055
12.02	12.00	0.015061	37.150
12.02	12.00	0.015077	37.250
12.02	12.00	0.015094	37.354
12.02	12.00	0.015111	37.449
12.02	12.00	0.015127	37.548
12.02	12.00	0.015144	37.653
12.02	12.00	0.015161	37.747
12.02	12.00	0.015177	37.847
12.02	12.00	0.015194	37.951
11.99	12.00	0.015211	38.046
11.99	12.00	0.015227	38.146
11.99	12.00	0.015244	38.250
11.99	12.00	0.015261	38.345
11.99	12.00	0.015277	38.444
11.99	12.00	0.015294	38.549
11.99	12.00	0.015311	38.644
11.99	12.00	0.015327	38.744
11.99	12.00	0.015344	38.848
11.99	12.00	0.015361	38.943
11.99	12.00	0.015377	39.043
11.99	12.00	0.015394	39.147
11.99	12.00	0.015410	39.241
11.99	12.00	0.015427	39.343
11.99	12.00	0.015444	39.446
11.99	12.00	0.015460	39.540
11.99	12.00	0.015477	39.643
11.99	12.00	0.015494	39.744
11.99	12.00	0.015510	39.839
11.99	12.00	0.015527	39.942
11.99	12.00	0.015544	40.043
11.99	12.00	0.015560	40.138
11.99	12.00	0.015577	40.242
11.99	12.00	0.015594	40.342
11.99	12.00	0.015610	40.437
11.99	12.00	0.015627	40.541
12.02	12.00	0.015644	40.641
12.02	12.00	0.015660	40.737
12.02	12.00	0.015677	40.840
12.02	12.00	0.015694	40.939
12.02	12.00	0.015710	41.037
12.02	12.00	0.015727	41.139
12.02	12.00	0.015744	41.239
12.02	12.00	0.015760	41.338
12.02	12.00	0.015777	41.438
12.02	12.00	0.015794	41.539
12.02	12.00	0.015810	41.638
12.02	12.00	0.015827	41.738
11.99	12.00	0.015844	41.838
11.99	12.00	0.015860	41.938
11.99	12.00	0.015877	42.038
11.99	12.00	0.015894	42.138
11.99	12.00	0.015910	42.239
11.99	12.00	0.015927	42.338
11.99	12.00	0.015944	42.439
11.99	12.00	0.015960	42.538
11.99	12.00	0.015977	42.638
11.99	12.00	0.015994	42.738
11.99	12.00	0.016010	42.838
11.99	12.00	0.016027	42.938
11.99	12.00	0.016044	43.038
11.99	12.00	0.016060	43.138
11.99	12.00	0.016077	43.238
11.99	12.00	0.016094	43.338
11.99	12.00	0.016110	43.438
11.99	12.00	0.016127	43.538
11.99	12.00	0.016144	43.638
11.99	12.00	0.016160	43.738
11.99	12.00	0.016177	43.839
11.99	12.00	0.016194	43.938
11.99	12.00	0.016210	44.038
11.99	12.00	0.016227	44.138
11.99	12.00	0.016244	44.238
11.99	12.00	0.016260	44.338
11.99	12.00	0.016277	44.438
12.02	12.00	0.016293	44.538
12.02	12.00	0.016310	44.638
12.02	12.00	0.016327	44.738
12.02	12.00	0.016343	44.838
12.02	12.00	0.016360	44.938
12.02	12.00	0.016377	45.038
12.02	12.00	0.016393	45.138
12.02	12.00	0.016410	45.238
12.02	12.00	0.016427	45.338
12.02	12.00	0.016443	45.438
12.02	12.00	0.016460	45.539
11.99	12.00	0.016477	45.638
11.99	12.00	0.016493	45.738
11.99	12.00	0.016510	45.839
11.99	12.00	0.016527	45.939
11.99	12.00	0.016543	46.039
11.99	12.00	0.016560	46.139
11.99	12.00	0.016577	46.239
11.99	12.00	0.016593	46.339
11.99	12.00	0.016610	46.439
11.99	12.00	0.016627	46.563
11.99	12.00	0.016643	46.663
11.99	12.00	0.016660	46.767
11.99	12.00	0.016677	46.862
11.99	12.00	0.016693	46.962
11.99	12.00	0.016710	47.066
11.99	12.00	0.016727	47.160
11.99	12.00	0.016743	47.262
11.99	12.00	0.016760	47.365
11.99	12.00	0.016777	47.459
11.99	12.00	0.016793	47.562
11.99	12.00	0.016810	47.663
11.99	12.00	0.016827	47.758
11.99	12.00	0.016843	47.861
11.99	12.00	0.016860	47.962
11.99	12.00	0.016877	48.056
11.99	12.00	0.016893	48.161
11.99	12.00	0.016910	48.261
11.99	12.00	0.016927	48.355
11.99	12.00	0.016943	48.460
11.99	12.00	0.016960	48.559
12.02	12.00	0.016977	48.655
12.02	12.00	0.016993	48.759
12.02	12.00	0.017010	48.859
12.02	12.00	0.017027	48.954
12.02	12.00	0.017043	49.058
12.02	12.00	0.017060	49.158
12.02	12.00	0.017077	49.252
12.02	12.00	0.017093	49.357
12.02	12.00	0.017110	49.451
12.02	12.00	0.017126	49.551
12.02	12.00	0.017143	49.656
12.02	12.00	0.017160	49.750
11.99	12.00	0.017176	49.850
11.99	12.00	0.017193	49.955
11.99	12.00	0.017210	50.049
11.99	12.00	0.017226	50.149
11.99	12.00	0.017243	50.253
11.99	12.00	0.017260	50.348
11.99	12.00	0.017276	50.447
11.99	12.00	0.017293	50.552
11.99	12.00	0.017310	50.646
11.99	12.00	0.017326	50.746
11.99	12.00	0.017343	50.851
11.99	12.00	0.017360	50.945
11.99	12.00	0.017376	51.045
11.99	12.00	0.017393	51.149
11.99	12.00	0.017410	51.245
11.99	12.00	0.017426	51.345
11.99	12.00	0.017443	51.448
11.99	12.00	0.017460	51.546
11.99	12.00	0.017476	51.645
11.99	12.00	0.017493	51.747
11.99	12.00	0.017510	51.846
11.99	12.00	0.017526	51.946
11.99	12.00	0.017543	52.046
11.99	12.00	0.017560	52.146
12.02	12.00	0.017576	52.246
12.02	12.00	0.017593	52.346
12.02	12.00	0.017610	52.446
12.02	12.00	0.017626	52.546
12.02	12.00	0.017643	52.646
12.02	12.00	0.017660	52.746
12.02	12.00	0.017676	52.846
12.02	12.00	0.017693	52.946
12.02	12.00	0.017710	53.046
12.02	12.00	0.017726	53.147
12.02	12.00	0.017743	53.246
11.99	12.00	0.017760	53.346
11.99	12.00	0.017776	53.446
11.99	12.00	0.017793	53.546
11.99	12.00	0.017810	53.646
11.99	12.00	0.017826	53.746
11.99	12.00	0.017843	53.846
11.99	12.00	0.017860	53.946
11.99	12.00	0.017876	54.047
11.99	12.00	0.017893	54.146
11.99	12.00	0.017910	54.246
11.99	12.00	0.017926	54.346
11.99	12.00	0.017943	54.446
11.99	12.00	0.017959	54.546
11.99	12.00	0.017976	54.646
11.99	12.00	0.017993	54.747
11.99	12.00	0.018009	54.846
11.99	12.00	0.018026	54.946
11.99	12.00	0.018043	55.046
11.99	12.00	0.018059	55.146
11.99	12.00	0.018076	55.246
11.99	12.00	0.018093	55.346
11.99	12.00	0.018109	55.446
11.99	12.00	0.018126	55.546
12.02	12.00	0.018143	55.647
12.02	12.00	0.018159	55.746
12.02	12.00	0.018176	55.846
12.02	12.00	0.018193	55.946
12.02	12.00	0.018209	56.046
12.02	12.00	0.018226	56.146
12.02	12.00	0.018243	56.246
12.02	12.00	0.018259	56.346
12.02	12.00	0.018276	56.447
12.02	12.00	0.018293	56.546
12.02	12.00	0.018309	56.646
12.02	12.00	0.018326	56.746
12.02	12.00	0.018343	56.846
12.02	12.00	0.018359	56.946
11.99	12.00	0.018376	57.046
11.99	12.00	0.018393	57.147
11.99	12.00	0.018409	57.246
11.99	12.00	0.018426	57.346
11.99	12.00	0.018443	57.470
11.99	12.00	0.018459	57.575
11.99	12.00	0.018476	57.669
11.99	12.00	0.018493	57.769
11.99	12.00	0.018509	57.873
11.99	12.00	0.018526	57.968
11.99	12.00	0.018543	58.068
11.99	12.00	0.018559	58.172
11.99	12.00	0.018576	58.267
11.99	12.00	0.018593	58.366
11.99	12.00	0.018609	58.471
11.99	12.00	0.018626	58.565
11.99	12.00	0.018643	58.665
11.99	12.00	0.018659	58.769
11.99	12.00	0.018676	58.864
11.99	12.00	0.018693	58.963
11.99	12.00	0.018709	59.069
11.99	12.00	0.018726	59.163
11.99	12.00	0.018743	59.263
11.99	12.00	0.018759	59.367
11.99	12.00	0.018776	59.461
11.99	12.00	0.018792	59.562
11.99	12.00	0.018809	59.667
11.99	12.00	0.018826	59.761
11.99	12.00	0.018842	59.861
11.99	12.00	0.018859	59.965
12.02	12.00	0.018876	00.060
12.02	12.00	0.018892	00.160
12.02	12.00	0.018909	00.264
12.02	12.00	0.018926	00.359
12.02	12.00	0.018942	00.460
12.02	12.00	0.018959	00.563
12.02	12.00	0.018976	00.657
12.02	12.00	0.018992	00.760
12.02	12.00	0.019009	00.861
12.02	12.00	0.019026	00.956
12.02	12.00	0.019042	01.060
11.99	12.00	0.019059	01.160
11.99	12.00	0.019076	01.255
11.99	12.00	0.019092	01.359
11.99	12.00	0.019109	01.459
11.99	12.00	0.019126	01.554
11.99	12.00	0.019142	01.658
11.99	12.00	0.019159	01.758
11.99	12.00	0.019176	01.855
11.99	12.00	0.019192	01.957
11.99	12.00	0.019209	02.057
11.99	12.00	0.019226	02.154
11.99	12.00	0.019242	02.255
11.99	12.00	0.019259	02.355
11.99	12.00	0.019276	02.455
11.99	12.00	0.019292	02.554
11.99	12.00	0.019309	02.655
11.99	12.00	0.019326	02.754
11.99	12.00	0.019342	02.854
11.99	12.00	0.019359	02.955
11.99	12.00	0.019376	03.054
11.99	12.00	0.019392	03.154
11.99	12.00	0.019409	03.256
11.99	12.00	0.019426	03.354
11.99	12.00	0.019442	03.454
12.02	12.00	0.019459	03.555
12.02	12.00	0.019476	03.654
12.02	12.00	0.019492	03.754
12.02	12.00	0.019509	03.855
12.02	12.00	0.019526	03.954
12.02	12.00	0.019542	04.055
12.02	12.00	0.019559	04.155
12.02	12.00	0.019576	04.254
12.02	12.00	0.019592	04.354
12.02	12.00	0.019609	04.455
12.02	12.00	0.019625	04.554
11.99	12.00	0.019642	04.654
11.99	12.00	0.019659	04.755
11.99	12.00	0.019675	04.854
11.99	12.00	0.019692	04.954
11.99	12.00	0.019709	05.055
11.99	12.00	0.019725	05.154
11.99	12.00	0.019742	05.254
11.99	12.00	0.019759	05.355
11.99	12.00	0.019775	05.454
11.99	12.00	0.019792	05.555
11.99	12.00	0.019809	05.655
11.99	12.00	0.019825	05.754
11.99	12.00	0.019842	05.854
11.99	12.00	0.019859	05.955
11.99	12.00	0.019875	06.054
11.99	12.00	0.019892	06.154
11.99	12.00	0.019909	06.254
11.99	12.00	0.019925	06.354
11.99	12.00	0.019942	06.455
11.99	12.00	0.019959	06.555
12.02	12.00	0.019975	06.654
12.02	12.00	0.019992	06.754
12.02	12.00	0.020009	06.855
12.02	12.00	0.020025	06.954
12.02	12.00	0.020042	07.054
12.02	12.00	0.020059	07.154
12.02	12.00	0.020075	07.254
12.02	12.00	0.020092	07.356
12.02	12.00	0.020109	07.455
12.02	12.00	0.020125	07.555
12.02	12.00	0.020142	07.655
11.99	12.00	0.020159	07.755
11.99	12.00	0.020175	07.884
11.99	12.00	0.020192	07.979
11.99	12.00	0.020209	08.079
11.99	12.00	0.020225	08.183
11.99	12.00	0.020242	08.278
11.99	12.00	0.020259	08.354
11.99	12.00	0.020275	08.482
11.99	12.00	0.020292	08.576
11.99	12.00	0.020309	08.655
11.99	12.00	0.020325	08.780
11.99	12.00	0.020342	08.875
11.99	12.00	0.020359	08.978
11.99	12.00	0.020375	09.079
11.99	12.00	0.020392	09.174
11.99	12.00	0.020409	09.278
11.99	12.00	0.020425	09.378
11.99	12.00	0.020442	09.472
11.99	12.00	0.020458	09.577
11.99	12.00	0.020475	09.676
11.99	12.00	0.020492	09.772
11.99	12.00	0.020508	09.876
11.99	12.00	0.020525	09.975
12.02	12.00	0.020542	10.071
12.02	12.00	0.020558	10.175
12.02	12.00	0.020575	10.275
12.02	12.00	0.020592	10.369
12.02	12.00	0.020608	10.474
12.02	12.00	0.020625	10.569
12.02	12.00	0.020642	10.668
12.02	12.00	0.020658	10.773
12.02	12.00	0.020675	10.867
11.99	12.00	0.020692	10.967
11.99	12.00	0.020708	11.071
11.99	12.00	0.020725	11.166
11.99	12.00	0.020742	11.265
11.99	12.00	0.020758	11.370
11.99	12.00	0.020775	11.465
11.99	12.00	0.020792	11.564
11.99	12.00	0.020808	11.669
11.99	12.00	0.020825	11.763
11.99	12.00	0.020842	11.863
11.99	12.00	0.020858	11.967
11.99	12.00	0.020875	12.062
11.99	12.00	0.020892	12.162
11.99	12.00	0.020908	12.267
11.99	12.00	0.020925	12.362
11.99	12.00	0.020942	12.461
11.99	12.00	0.020958	12.566
11.99	12.00	0.020975	12.660
11.99	12.00	0.020992	12.760
11.99	12.00	0.021008	12.864
11.99	12.00	0.021025	12.959
11.99	12.00	0.021042	13.059
11.99	12.00	0.021058	13.163
11.99	12.00	0.021075	13.258
11.99	12.00	0.021092	13.358
11.99	12.00	0.021108	13.462
12.02	12.00	0.021125	13.556
12.02	12.00	0.021142	13.658
12.02	12.00	0.021158	13.760
12.02	12.00	0.021175	13.856
12.02	12.00	0.021192	13.959
12.02	12.00	0.021208	14.059
12.02	12.00	0.021225	14.156
12.02	12.00	0.021242	14.258
12.02	12.00	0.021258	14.359
12.02	12.00	0.021275	14.456
12.02	12.00	0.021291	14.558
12.02	12.00	0.021308	14.658
11.99	12.00	0.021325	14.756
11.99	12.00	0.021341	14.856
11.99	12.00	0.021358	14.956
11.99	12.00	0.021375	15.056
11.99	12.00	0.021391	15.156
11.99	12.00	0.021408	15.256
11.99	12.00	0.021425	15.356
11.99	12.00	0.021441	15.456
11.99	12.00	0.021458	15.556
11.99	12.00	0.021475	15.656
11.99	12.00	0.021491	15.756
11.99	12.00	0.021508	15.856
11.99	12.00	0.021525	15.956
11.99	12.00	0.021541	16.056
11.99	12.00	0.021558	16.156
11.99	12.00	0.021575	16.256
11.99	12.00	0.021591	16.357
11.99	12.00	0.021608	16.456
11.99	12.00	0.021625	16.556
11.99	12.00	0.021641	16.656
11.99	12.00	0.021658	16.756
11.99	12.00	0.021675	16.856
11.99	12.00	0.021691	16.956
11.99	12.00	0.021708	17.056
12.02	12.00	0.021725	17.156
12.02	12.00	0.021741	17.257
12.02	12.00	0.021758	17.356
12.02	12.00	0.021775	17.456
12.02	12.00	0.021791	17.556
12.02	12.00	0.021808	17.656
12.02	12.00	0.021825	17.756
12.02	12.00	0.021841	17.856
12.02	12.00	0.021858	17.956
12.02	12.00	0.021875	18.056
12.02	12.00	0.021891	18.157
12.02	12.00	0.021908	18.256
11.99	12.00	0.021925	18.356
11.99	12.00	0.021941	18.456
11.99	12.00	0.021958	18.556
11.99	12.00	0.021975	18.656
11.99	12.00	0.021991	18.756
11.99	12.00	0.022008	18.857
11.99	12.00	0.022025	18.956
11.99	12.00	0.022041	19.056
11.99	12.00	0.022058	19.156
11.99	12.00	0.022075	19.256
11.99	12.00	0.022091	19.356
11.99	12.00	0.022108	19.455
11.99	12.00	0.022124	19.556
11.99	12.00	0.022141	19.656
11.99	12.00	0.022158	19.757
11.99	12.00	0.022174	19.856
11.99	12.00	0.022191	19.956
11.99	12.00	0.022208	20.081
11.99	12.00	0.022224	20.186
11.99	12.00	0.022241	20.280
11.99	12.00	0.022258	20.380
11.99	12.00	0.022274	20.484
11.99	12.00	0.022291	20.579
11.99	12.00	0.022308	20.679
11.99	12.00	0.022324	20.783
11.99	12.00	0.022341	20.878
12.02	12.00	0.022358	20.977
12.02	12.00	0.022374	21.082
12.02	12.00	0.022391	21.176
12.02	12.00	0.022408	21.277
12.02	12.00	0.022424	21.381
12.02	12.00	0.022441	21.476
12.02	12.00	0.022458	21.577
12.02	12.00	0.022474	21.680
12.02	12.00	0.022491	21.774
12.02	12.00	0.022508	21.878
12.02	12.00	0.022524	21.978
11.99	12.00	0.022541	22.073
11.99	12.00	0.022558	22.178
11.99	12.00	0.022574	22.277
11.99	12.00	0.022591	22.372
11.99	12.00	0.022608	22.476
11.99	12.00	0.022624	22.576
11.99	12.00	0.022641	22.670
11.99	12.00	0.022658	22.776
11.99	12.00	0.022674	22.874
11.99	12.00	0.022691	22.970
11.99	12.00	0.022708	23.075
11.99	12.00	0.022724	23.174
11.99	12.00	0.022741	23.269
11.99	12.00	0.022758	23.373
11.99	12.00	0.022774	23.468
11.99	12.00	0.022791	23.567
11.99	12.00	0.022808	23.672
11.99	12.00	0.022824	23.766
11.99	12.00	0.022841	23.866
11.99	12.00	0.022858	23.971
11.99	12.00	0.022874	24.065
11.99	12.00	0.022891	24.165
11.99	12.00	0.022908	24.269
11.99	12.00	0.022924	24.364
12.02	12.00	0.022941	24.463
12.02	12.00	0.022957	24.568
12.02	12.00	0.022974	24.663
12.02	12.00	0.022991	24.762
12.02	12.00	0.023007	24.868
12.02	12.00	0.023024	24.961
12.02	12.00	0.023041	25.062
12.02	12.00	0.023057	25.166
12.02	12.00	0.023074	25.260
12.02	12.00	0.023091	25.360
12.02	12.00	0.023107	25.464
12.02	12.00	0.023124	25.559
12.02	12.00	0.023141	25.659
11.99	12.00	0.023157	25.763
11.99	12.00	0.023174	25.858
11.99	12.00	0.023191	25.957
11.99	12.00	0.023207	26.063
11.99	12.00	0.023224	26.157
11.99	12.00	0.023241	26.257
11.99	12.00	0.023257	26.361
11.99	12.00	0.023274	26.457
11.99	12.00	0.023291	26.557
11.99	12.00	0.023307	26.660
11.99	12.00	0.023324	26.757
11.99	12.00	0.023341	26.857
11.99	12.00	0.023357	26.959
11.99	12.00	0.023374	27.057
11.99	12.00	0.023391	27.157
11.99	12.00	0.023407	27.258
11.99	12.00	0.023424	27.357
11.99	12.00	0.023441	27.457
11.99	12.00	0.023457	27.557
11.99	12.00	0.023474	27.657
11.99	12.00	0.023491	27.757
11.99	12.00	0.023507	27.857
11.99	12.00	0.023524	27.958
11.99	12.00	0.023541	28.057
11.99	12.00	0.023557	28.157
11.99	12.00	0.023574	28.257
11.99	12.00	0.023591	28.357
11.99	12.00	0.023607	28.457
12.02	12.00	0.023624	28.557
12.02	12.00	0.023641	28.657
12.02	12.00	0.023657	28.757
12.02	12.00	0.023674	28.858
12.02	12.00	0.023691	28.957
12.02	12.00	0.023707	29.057
12.02	12.00	0.023724	29.158
12.02	12.00	0.023741	29.258
12.02	12.00	0.023757	29.358
12.02	12.00	0.023774	29.458
11.99	12.00	0.023790	29.558
11.99	12.00	0.023807	29.658
11.99	12.00	0.023824	29.758
11.99	12.00	0.023840	29.858
11.99	12.00	0.023857	29.958
11.99	12.00	0.023874	30.058
11.99	12.00	0.023890	30.158
11.99	12.00	0.023907	30.258
11.99	12.00	0.023924	30.358
11.99	12.00	0.023940	30.458
11.99	12.00	0.023957	30.558
11.99	12.00	0.023974	30.658
11.99	12.00	0.023990	30.758
11.99	12.00	0.024007	30.858
11.99	12.00	0.024024	30.958
11.99	12.00	0.024040	31.058
11.99	12.00	0.024057	31.158
11.99	12.00	0.024074	31.258
11.99	12.00	0.024090	31.358
11.99	12.00	0.024107	31.457
11.99	12.00	0.024124	31.558
11.99	12.00	0.024140	31.658
11.99	12.00	0.024157	31.758
11.99	12.00	0.024174	31.858
11.99	12.00	0.024190	31.958
12.02	12.00	0.024207	32.059
12.02	12.00	0.024224	32.158
12.02	12.00	0.024240	32.258
12.02	12.00	0.024257	32.358
12.02	12.00	0.024274	32.458
12.02	12.00	0.024290	32.582
12.02	12.00	0.024307	32.682
12.02	12.00	0.024324	32.786
12.02	12.00	0.024340	32.881
12.02	12.00	0.024357	32.981
12.02	12.00	0.024374	33.085
12.02	12.00	0.024390	33.180
12.02	12.00	0.024407	33.279
11.99	12.00	0.024424	33.384
11.99	12.00	0.024440	33.478
11.99	12.00	0.024457	33.578
11.99	12.00	0.024474	33.682
11.99	12.00	0.024490	33.777
11.99	12.00	0.024507	33.877
11.99	12.00	0.024524	33.981
11.99	12.00	0.024540	34.076
11.99	12.00	0.024557	34.176
11.99	12.00	0.024574	34.280
11.99	12.00	0.024590	34.374
11.99	12.00	0.024607	34.476
11.99	12.00	0.024623	34.578
11.99	12.00	0.024640	34.673
11.99	12.00	0.024657	34.776
11.99	12.00	0.024673	34.877
11.99	12.00	0.024690	34.972
11.99	12.00	0.024707	35.076
11.99	12.00	0.024723	35.177
11.99	12.00	0.024740	35.272
11.99	12.00	0.024757	35.376
11.99	12.00	0.024773	35.476
11.99	12.00	0.024790	35.570
12.02	12.00	0.024807	35.675
12.02	12.00	0.024823	35.774
12.02	12.00	0.024840	35.869
12.02	12.00	0.024857	35.973
12.02	12.00	0.024873	36.073
12.02	12.00	0.024890	36.168
12.02	12.00	0.024907	36.272
12.02	12.00	0.024923	36.372
12.02	12.00	0.024940	36.466
12.02	12.00	0.024957	36.571
12.02	12.00	0.024973	36.665
11.99	12.00	0.024990	36.765
11.99	12.00	0.025007	36.869
11.99	12.00	0.025023	36.964
11.99	12.00	0.025040	37.064
11.99	12.00	0.025057	37.168
11.99	12.00	0.025073	37.264
11.99	12.00	0.025090	37.363
11.99	12.00	0.025107	37.468
11.99	12.00	0.025123	37.562
11.99	12.00	0.025140	37.662
11.99	12.00	0.025157	37.767
11.99	12.00	0.025173	37.861
11.99	12.00	0.025190	37.961
11.99	12.00	0.025207	38.065
11.99	12.00	0.025223	38.160
11.99	12.00	0.025240	38.259
11.99	12.00	0.025257	38.364
11.99	12.00	0.025273	38.458
11.99	12.00	0.025290	38.559
11.99	12.00	0.025307	38.663
11.99	12.00	0.025323	38.759
12.02	12.00	0.025340	38.859
12.02	12.00	0.025357	38.961
12.02	12.00	0.025373	39.059
12.02	12.00	0.025390	39.159
12.02	12.00	0.025407	39.261
12.02	12.00	0.025423	39.360
12.02	12.00	0.025440	39.459
12.02	12.00	0.025456	39.560
12.02	12.00	0.025473	39.659
12.02	12.00	0.025490	39.759
12.02	12.00	0.025506	39.859
11.99	12.00	0.025523	39.959
11.99	12.00	0.025540	40.060
11.99	12.00	0.025556	40.159
11.99	12.00	0.025573	40.259
11.99	12.00	0.025590	40.360
11.99	12.00	0.025606	40.460
11.99	12.00	0.025623	40.560
11.99	12.00	0.025640	40.660
11.99	12.00	0.025656	40.760
11.99	12.00	0.025673	40.860
11.99	12.00	0.025690	40.960
11.99	12.00	0.025706	41.060
11.99	12.00	0.025723	41.160
11.99	12.00	0.025740	41.260
11.99	12.00	0.025756	41.360
11.99	12.00	0.025773	41.459
11.99	12.00	0.025790	41.560
11.99	12.00	0.025806	41.661
12.02	12.00	0.025823	41.760
12.02	12.00	0.025840	41.860
12.02	12.00	0.025856	41.960
12.02	12.00	0.025873	42.060
12.02	12.00	0.025890	42.160
12.02	12.00	0.025906	42.260
12.02	12.00	0.025923	42.361
12.02	12.00	0.025940	42.459
12.02	12.00	0.025956	42.560
12.02	12.00	0.025973	42.660
12.02	12.00	0.025990	42.760
12.02	12.00	0.026006	42.860
12.02	12.00	0.026023	42.960
12.02	12.00	0.026040	43.060
11.99	12.00	0.026056	43.160
11.99	12.00	0.026073	43.261
11.99	12.00	0.026090	43.360
11.99	12.00	0.026106	43.459
11.99	12.00	0.026123	43.560
11.99	12.00	0.026140	43.660
11.99	12.00	0.026156	43.760
11.99	12.00	0.026173	43.860
11.99	12.00	0.026190	43.960
11.99	12.00	0.026206	44.060
11.99	12.00	0.026223	44.161
11.99	12.00	0.026240	44.260
11.99	12.00	0.026256	44.360
11.99	12.00	0.026273	44.459
11.99	12.00	0.026289	44.560
11.99	12.00	0.026306	44.684
11.99	12.00	0.026323	44.789
11.99	12.00	0.026339	44.884
11.99	12.00	0.026356	44.984
11.99	12.00	0.026373	45.088
12.02	12.00	0.026389	45.183
12.02	12.00	0.026406	45.282
12.02	12.00	0.026423	45.387
12.02	12.00	0.026439	45.481
12.02	12.00	0.026456	45.581
12.02	12.00	0.026473	45.685
12.02	12.00	0.026489	45.780
12.02	12.00	0.026506	45.880
12.02	12.00	0.026523	45.984
12.02	12.00	0.026539	46.079
12.02	12.00	0.026556	46.178
12.02	12.00	0.026573	46.283
11.99	12.00	0.026589	46.377
11.99	12.00	0.026606	46.477
11.99	12.00	0.026623	46.582
11.99	12.00	0.026639	46.676
11.99	12.00	0.026656	46.776
11.99	12.00	0.026673	46.880
11.99	12.00	0.026689	46.975
11.99	12.00	0.026706	47.075
11.99	12.00	0.026723	47.180
11.99	12.00	0.026739	47.273
11.99	12.00	0.026756	47.375
11.99	12.00	0.026773	47.479
11.99	12.00	0.026789	47.573
11.99	12.00	0.026806	47.675
11.99	12.00	0.026823	47.777
11.99	12.00	0.026839	47.872
11.99	12.00	0.026856	47.975
11.99	12.00	0.026873	48.076
11.99	12.00	0.026889	48.171
11.99	12.00	0.026906	48.275
11.99	12.00	0.026923	48.375
11.99	12.00	0.026939	48.469
11.99	12.00	0.026956	48.574
11.99	12.00	0.026973	48.673
12.02	12.00	0.026989	48.768
12.02	12.00	0.027006	48.872
12.02	12.00	0.027023	48.973
12.02	12.00	0.027039	49.068
12.02	12.00	0.027056	49.172
12.02	12.00	0.027073	49.272
12.02	12.00	0.027089	49.365
12.02	12.00	0.027106	49.471
12.02	12.00	0.027122	49.565
11.99	12.00	0.027139	49.665
11.99	12.00	0.027156	49.770
11.99	12.00	0.027172	49.864
11.99	12.00	0.027189	49.963
11.99	12.00	0.027206	50.068
11.99	12.00	0.027222	50.162
11.99	12.00	0.027239	50.262
11.99	12.00	0.027256	50.367
11.99	12.00	0.027272	50.461
11.99	12.00	0.027289	50.561
11.99	12.00	0.027306	50.665
11.99	12.00	0.027322	50.761
11.99	12.00	0.027339	50.861
11.99	12.00	0.027356	50.964
11.99	12.00	0.027372	51.061
11.99	12.00	0.027389	51.161
11.99	12.00	0.027406	51.263
11.99	12.00	0.027422	51.361
11.99	12.00	0.027439	51.461
11.99	12.00	0.027456	51.562
11.99	12.00	0.027472	51.661
11.99	12.00	0.027489	51.761
11.99	12.00	0.027506	51.861
11.99	12.00	0.027522	51.962
11.99	12.00	0.027539	52.061
11.99	12.00	0.027556	52.161
12.02	12.00	0.027572	52.261
12.02	12.00	0.027589	52.361
12.02	12.00	0.027606	52.460
12.02	12.00	0.027622	52.561
12.02	12.00	0.027639	52.661
12.02	12.00	0.027656	52.761
12.02	12.00	0.027672	52.862
12.02	12.00	0.027689	52.961
12.02	12.00	0.027706	53.061
12.02	12.00	0.027722	53.161
11.99	12.00	0.027739	53.261
11.99	12.00	0.027756	53.361
11.99	12.00	0.027772	53.461
11.99	12.00	0.027789	53.561
11.99	12.00	0.027806	53.661
11.99	12.00	0.027822	53.761
11.99	12.00	0.027839	53.861
11.99	12.00	0.027856	53.961
11.99	12.00	0.027872	54.061
11.99	12.00	0.027889	54.161
11.99	12.00	0.027906	54.261
11.99	12.00	0.027922	54.361
11.99	12.00	0.027939	54.460
11.99	12.00	0.027955	54.561
11.99	12.00	0.027972	54.661
11.99	12.00	0.027989	54.761
11.99	12.00	0.028005	54.861
11.99	12.00	0.028022	54.961
11.99	12.00	0.028039	55.061
11.99	12.00	0.028055	55.161
11.99	12.00	0.028072	55.261
11.99	12.00	0.028089	55.361
12.02	12.00	0.028105	55.461
12.02	12.00	0.028122	55.561
12.02	12.00	0.028139	55.661
12.02	12.00	0.028155	55.761
12.02	12.00	0.028172	55.861
12.02	12.00	0.028189	55.961
12.02	12.00	0.028205	56.061
12.02	12.00	0.028222	56.161
12.02	12.00	0.028239	56.261
12.02	12.00	0.028255	56.361
12.02	12.00	0.028272	56.461
12.02	12.00	0.028289	56.561
11.99	12.00	0.028305	56.661
11.99	12.00	0.028322	56.761
11.99	12.00	0.028339	56.861
11.99	12.00	0.028355	56.961
11.99	12.00	0.028372	57.090
11.99	12.00	0.028389	57.190
11.99	12.00	0.028405	57.285
11.99	12.00	0.028422	57.389
11.99	12.00	0.028439	57.484
11.99	12.00	0.028455	57.583
11.99	12.00	0.028472	57.688
11.99	12.00	0.028489	57.783
11.99	12.00	0.028505	57.882
11.99	12.00	0.028522	57.987
11.99	12.00	0.028539	58.081
11.99	12.00	0.028555	58.181
11.99	12.00	0.028572	58.286
11.99	12.00	0.028589	58.380
11.99	12.00	0.028605	58.480
11.99	12.00	0.028622	58.584
12.02	12.00	0.028639	58.679
12.02	12.00	0.028655	58.779
12.02	12.00	0.028672	58.884
12.02	12.00	0.028689	58.979
12.02	12.00	0.028705	59.078
12.02	12.00	0.028722	59.183
12.02	12.00	0.028739	59.277
12.02	12.00	0.028755	59.377
12.02	12.00	0.028772	59.481
12.02	12.00	0.028788	59.576
12.02	12.00	0.028805	59.676
12.02	12.00	0.028822	59.780
11.99	12.00	0.028838	59.875
11.99	12.00	0.028855	59.974
11.99	12.00	0.028872	00.079
11.99	12.00	0.028888	00.173
11.99	12.00	0.028905	00.274
11.99	12.00	0.028922	00.377
11.99	12.00	0.028938	00.472
11.99	12.00	0.028955	00.574
11.99	12.00	0.028972	00.677
11.99	12.00	0.028988	00.771
11.99	12.00	0.029005	00.874
11.99	12.00	0.029022	00.975
11.99	12.00	0.029038	01.070
11.99	12.00	0.029055	01.174
11.99	12.00	0.029072	01.274
11.99	12.00	0.029088	01.369
11.99	12.00	0.029105	01.473
11.99	12.00	0.029122	01.572
11.99	12.00	0.029138	01.668
11.99	12.00	0.029155	01.772
11.99	12.00	0.029172	01.872
11.99	12.00	0.029188	01.967
11.99	12.00	0.029205	02.071
12.02	12.00	0.029222	02.171
12.02	12.00	0.029238	02.265
12.02	12.00	0.029255	02.370
12.02	12.00	0.029272	02.464
12.02	12.00	0.029288	02.564
12.02	12.00	0.029305	02.669
12.02	12.00	0.029322	02.763
12.02	12.00	0.029338	02.863
12.02	12.00	0.029355	02.967
12.02	12.00	0.029372	03.062
12.02	12.00	0.029388	03.161
12.02	12.00	0.029405	03.266
11.99	12.00	0.029422	03.362
11.99	12.00	0.029438	03.461
11.99	12.00	0.029455	03.565
11.99	12.00	0.029472	03.661
11.99	12.00	0.029488	03.761
11.99	12.00	0.029505	03.863
11.99	12.00	0.029522	03.961
11.99	12.00	0.029538	04.061
11.99	12.00	0.029555	04.163
11.99	12.00	0.029572	04.262
11.99	12.00	0.029588	04.361
11.99	12.00	0.029605	04.461
11.99	12.00	0.029621	04.561
11.99	12.00	0.029638	04.661
11.99	12.00	0.029655	04.761
11.99	12.00	0.029671	04.861
11.99	12.00	0.029688	04.961
11.99	12.00	0.029705	05.061
11.99	12.00	0.029721	05.161
11.99	12.00	0.029738	05.261
11.99	12.00	0.029755	05.361
11.99	12.00	0.029771	05.461
11.99	12.00	0.029788	05.561
11.99	12.00	0.029805	05.661
12.02	12.00	0.029821	05.761
12.02	12.00	0.029838	05.861
12.02	12.00	0.029855	05.961
12.02	12.00	0.029871	06.061
12.02	12.00	0.029888	06.162
12.02	12.00	0.029905	06.262
12.02	12.00	0.029921	06.363
12.02	12.00	0.029938	06.462
12.02	12.00	0.029955	06.562
12.02	12.00	0.029971	06.662
12.02	12.00	0.029988	06.762
11.99	12.00	0.030005	06.862
11.99	12.00	0.030021	06.962
11.99	12.00	0.030038	07.063
11.99	12.00	0.030055	07.162
11.99	12.00	0.030071	07.262
11.99	12.00	0.030088	07.362
11.99	12.00	0.030105	07.462
11.99	12.00	0.030121	07.562
11.99	12.00	0.030138	07.662
11.99	12.00	0.030155	07.762
11.99	12.00	0.030171	07.862
11.99	12.00	0.030188	07.963
11.99	12.00	0.030205	08.062
11.99	12.00	0.030221	08.162
11.99	12.00	0.030238	08.262
11.99	12.00	0.030255	08.362
11.99	12.00	0.030271	08.462
11.99	12.00	0.030288	08.562
11.99	12.00	0.030305	08.663
11.99	12.00	0.030321	08.762
11.99	12.00	0.030338	08.862
11.99	12.00	0.030355	08.962
11.99	12.00	0.030371	09.062
11.99	12.00	0.030388	09.162
11.99	12.00	0.030405	09.262
11.99	12.00	0.030421	09.362
11.99	12.00	0.030438	09.461
11.99	12.00	0.030454	09.586
12.02	12.00	0.030471	09.661
12.02	12.00	0.030488	09.761
12.02	12.00	0.030504	09.885
12.02	12.00	0.030521	09.990
12.02	12.00	0.030538	10.090
12.02	12.00	0.030554	10.184
12.02	12.00	0.030571	10.289
12.02	12.00	0.030588	10.389
12.02	12.00	0.030604	10.483
12.02	12.00	0.030621	10.588
11.99	12.00	0.030638	10.682
11.99	12.00	0.030654	10.782
11.99	12.00	0.030671	10.886
11.99	12.00	0.030688	10.981
11.99	12.00	0.030704	11.080
11.99	12.00	0.030721	11.185
11.99	12.00	0.030738	11.280
11.99	12.00	0.030754	11.379
11.99	12.00	0.030771	11.484
11.99	12.00	0.030788	11.578
11.99	12.00	0.030804	11.678
11.99	12.00	0.030821	11.782
11.99	12.00	0.030838	11.877
11.99	12.00	0.030854	11.977
11.99	12.00	0.030871	12.081
11.99	12.00	0.030888	12.176
11.99	12.00	0.030904	12.275
11.99	12.00	0.030921	12.381
11.99	12.00	0.030938	12.475
11.99	12.00	0.030954	12.575
11.99	12.00	0.030971	12.679
11.99	12.00	0.030988	12.774
11.99	12.00	0.031004	12.874
12.02	12.00	0.031021	12.978
12.02	12.00	0.031038	13.073
12.02	12.00	0.031054	13.172
12.02	12.00	0.031071	13.277
12.02	12.00	0.031088	13.371
12.02	12.00	0.031104	13.473
12.02	12.00	0.031121	13.576
12.02	12.00	0.031138	13.670
12.02	12.00	0.031154	13.773
12.02	12.00	0.031171	13.874
12.02	12.00	0.031188	13.969
12.02	12.00	0.031204	14.072
11.99	12.00	0.031221	14.174
11.99	12.00	0.031238	14.267
11.99	12.00	0.031254	14.372
11.99	12.00	0.031271	14.472
11.99	12.00	0.031287	14.567
11.99	12.00	0.031304	14.672
11.99	12.00	0.031321	14.771
11.99	12.00	0.031337	14.866
11.99	12.00	0.031354	14.970
11.99	12.00	0.031371	15.070
11.99	12.00	0.031387	15.165
11.99	12.00	0.031404	15.269
11.99	12.00	0.031421	15.369
11.99	12.00	0.031437	15.463
11.99	12.00	0.031454	15.568
11.99	12.00	0.031471	15.662
11.99	12.00	0.031487	15.762
11.99	12.00	0.031504	15.866
11.99	12.00	0.031521	15.962
11.99	12.00	0.031537	16.063
11.99	12.00	0.031554	16.165
11.99	12.00	0.031571	16.262
11.99	12.00	0.031587	16.363
11.99	12.00	0.031604	16.464
12.02	12.00	0.031621	16.567
12.02	12.00	0.031637	16.663
12.02	12.00	0.031654	16.763
12.02	12.00	0.031671	16.867
12.02	12.00	0.031687	16.964
12.02	12.00	0.031704	17.063
12.02	12.00	0.031721	17.163
12.02	12.00	0.031737	17.263
12.02	12.00	0.031754	17.363
12.02	12.00	0.031771	17.468
12.02	12.00	0.031787	17.563
12.02	12.00	0.031804	17.663
12.02	12.00	0.031821	17.768
12.02	12.00	0.031837	17.863
12.02	12.00	0.031854	17.963
12.02	12.00	0.031871	18.067
12.02	12.00	0.031887	18.163
12.02	12.00	0.031904	18.263
11.99	12.00	0.031921	18.367
11.99	12.00	0.031937	18.464
11.99	12.00	0.031954	18.563
11.99	12.00	0.031971	18.668
11.99	12.00	0.031987	18.763
11.99	12.00	0.032004	18.863
11.99	12.00	0.032021	18.967
11.99	12.00	0.032037	19.063
11.99	12.00	0.032054	19.163
11.99	12.00	0.032071	19.267
11.99	12.00	0.032087	19.364
11.99	12.00	0.032104	19.463
11.99	12.00	0.032120	19.567
11.99	12.00	0.032137	19.664
11.99	12.00	0.032154	19.764
11.99	12.00	0.032170	19.867
11.99	12.00	0.032187	19.964
11.99	12.00	0.032204	20.064
11.99	12.00	0.032220	20.167
11.99	12.00	0.032237	20.264
11.99	12.00	0.032254	20.364
11.99	12.00	0.032270	20.467
11.99	12.00	0.032287	20.564
11.99	12.00	0.032304	20.664
11.99	12.00	0.032320	20.767
11.99	12.00	0.032337	20.864
11.99	12.00	0.032354	20.965
11.99	12.00	0.032370	21.067
11.99	12.00	0.032387	21.164
11.99	12.00	0.032404	21.264
11.99	12.00	0.032420	21.367
11.99	12.00	0.032437	21.464
11.99	12.00	0.032454	21.564
11.99	12.00	0.032470	21.667
12.02	12.00	0.032487	21.793
12.02	12.00	0.032504	21.888
12.02	12.00	0.032520	21.967
12.02	12.00	0.032537	22.092
12.02	12.00	0.032554	22.187
12.02	12.00	0.032570	22.266
12.02	12.00	0.032587	22.391
12.02	12.00	0.032604	22.485
12.02	12.00	0.032620	22.590
12.02	12.00	0.032637	22.691
12.02	12.00	0.032654	22.785
12.02	12.00	0.032670	22.890
11.99	12.00	0.032687	22.989
11.99	12.00	0.032704	23.084
11.99	12.00	0.032720	23.188
11.99	12.00	0.032737	23.288
11.99	12.00	0.032754	23.382
11.99	12.00	0.032770	23.487
11.99	12.00	0.032787	23.582
11.99	12.00	0.032804	23.681
11.99	12.00	0.032820	23.786
11.99	12.00	0.032837	23.880
11.99	12.00	0.032854	23.980
11.99	12.00	0.032870	24.084
11.99	12.00	0.032887	24.179
11.99	12.00	0.032904	24.279
11.99	12.00	0.032920	24.383
11.99	12.00	0.032937	24.478
11.99	12.00	0.032953	24.577
11.99	12.00	0.032970	24.682
11.99	12.00	0.032987	24.776
11.99	12.00	0.033003	24.876
11.99	12.00	0.033020	24.980
11.99	12.00	0.033037	25.075
11.99	12.00	0.033053	25.175
11.99	12.00	0.033070	25.280
11.99	12.00	0.033087	25.374
11.99	12.00	0.033103	25.474
12.02	12.00	0.033120	25.578
12.02	12.00	0.033137	25.673
12.02	12.00	0.033153	25.773
12.02	12.00	0.033170	25.877
12.02	12.00	0.033187	25.972
12.02	12.00	0.033203	26.071
12.02	12.00	0.033220	26.176
12.02	12.00	0.033237	26.270
12.02	12.00	0.033253	26.371
12.02	12.00	0.033270	26.475
12.02	12.00	0.033287	26.570
12.02	12.00	0.033303	26.671
12.02	12.00	0.033320	26.774
12.02	12.00	0.033337	26.869
11.99	12.00	0.033353	26.970
11.99	12.00	0.033370	27.073
11.99	12.00	0.033387	27.167
11.99	12.00	0.033403	27.270
11.99	12.00	0.033420	27.372
11.99	12.00	0.033437	27.466
11.99	12.00	0.033453	27.570
11.99	12.00	0.033470	27.670
11.99	12.00	0.033487	27.767
11.99	12.00	0.033503	27.869
11.99	12.00	0.033520	27.969
11.99	12.00	0.033537	28.067
11.99	12.00	0.033553	28.169
11.99	12.00	0.033570	28.268
11.99	12.00	0.033587	28.367
11.99	12.00	0.033603	28.467
11.99	12.00	0.033620	28.567
11.99	12.00	0.033637	28.667
11.99	12.00	0.033653	28.767
11.99	12.00	0.033670	28.867
11.99	12.00	0.033687	28.968
11.99	12.00	0.033703	29.067
11.99	12.00	0.033720	29.167
11.99	12.00	0.033737	29.267
11.99	12.00	0.033753	29.367
11.99	12.00	0.033770	29.467
11.99	12.00	0.033786	29.567
11.99	12.00	0.033803	29.667
11.99	12.00	0.033820	29.767
11.99	12.00	0.033836	29.868
11.99	12.00	0.033853	29.967
11.99	12.00	0.033870	30.067
11.99	12.00	0.033886	30.167
11.99	12.00	0.033903	30.267
12.02	12.00	0.033920	30.367
12.02	12.00	0.033936	30.468
12.02	12.00	0.033953	30.567
12.02	12.00	0.033970	30.667
12.02	12.00	0.033986	30.767
12.02	12.00	0.034003	30.867
12.02	12.00	0.034020	30.967
12.02	12.00	0.034036	31.067
12.02	12.00	0.034053	31.167
12.02	12.00	0.034070	31.268
12.02	12.00	0.034086	31.367
12.02	12.00	0.034103	31.467
11.99	12.00	0.034120	31.567
11.99	12.00	0.034136	31.667
11.99	12.00	0.034153	31.767
11.99	12.00	0.034170	31.867
11.99	12.00	0.034186	31.967
11.99	12.00	0.034203	32.067
11.99	12.00	0.034220	32.168
11.99	12.00	0.034236	32.267
11.99	12.00	0.034253	32.367
11.99	12.00	0.034270	32.467
11.99	12.00	0.034286	32.567
11.99	12.00	0.034303	32.667
11.99	12.00	0.034320	32.767
11.99	12.00	0.034336	32.867
11.99	12.00	0.034353	32.968
11.99	12.00	0.034370	33.067
11.99	12.00	0.034386	33.167
11.99	12.00	0.034403	33.267
11.99	12.00	0.034420	33.367
11.99	12.00	0.034436	33.467
11.99	12.00	0.034453	33.567
11.99	12.00	0.034470	33.667
11.99	12.00	0.034486	33.767
12.02	12.00	0.034503	33.891
12.02	12.00	0.034520	33.991
12.02	12.00	0.034536	34.096
12.02	12.00	0.034553	34.190
12.02	12.00	0.034570	34.290
12.02	12.00	0.034586	34.394
12.02	12.00	0.034603	34.489
12.02	12.00	0.034619	34.589
12.02	12.00	0.034636	34.693
12.02	12.00	0.034653	34.788
12.02	12.00	0.034669	34.889
12.02	12.00	0.034686	34.992
11.99	12.00	0.034703	35.086
11.99	12.00	0.034719	35.190
11.99	12.00	0.034736	35.290
11.99	12.00	0.034753	35.385
11.99	12.00	0.034769	35.489
11.99	12.00	0.034786	35.589
11.99	12.00	0.034803	35.684
11.99	12.00	0.034819	35.788
11.99	12.00	0.034836	35.888
11.99	12.00	0.034853	35.982
11.99	12.00	0.034869	36.087
11.99	12.00	0.034886	36.186
11.99	12.00	0.034903	36.281
11.99	12.00	0.034919	36.386
11.99	12.00	0.034936	36.486
11.99	12.00	0.034953	36.580
11.99	12.00	0.034969	36.685
12.02	12.00	0.034986	36.784
12.02	12.00	0.035003	36.879
12.02	12.00	0.035019	36.983
12.02	12.00	0.035036	37.078
12.02	12.00	0.035053	37.178
12.02	12.00	0.035069	37.283
12.02	12.00	0.035086	37.378
12.02	12.00	0.035103	37.477
12.02	12.00	0.035119	37.582
12.02	12.00	0.035136	37.676
11.99	12.00	0.035153	37.776
11.99	12.00	0.035169	37.880
11.99	12.00	0.035186	37.975
11.99	12.00	0.035203	38.075
11.99	12.00	0.035219	38.179
11.99	12.00	0.035236	38.274
11.99	12.00	0.035253	38.373
11.99	12.00	0.035269	38.478
11.99	12.00	0.035286	38.572
11.99	12.00	0.035303	38.672
11.99	12.00	0.035319	38.776
11.99	12.00	0.035336	38.871
11.99	12.00	0.035353	38.971
11.99	12.00	0.035369	39.075
11.99	12.00	0.035386	39.170
11.99	12.00	0.035403	39.269
11.99	12.00	0.035419	39.374
11.99	12.00	0.035436	39.468
11.99	12.00	0.035452	39.568
11.99	12.00	0.035469	39.673
11.99	12.00	0.035486	39.768
11.99	12.00	0.035502	39.868
11.99	12.00	0.035519	39.972
11.99	12.00	0.035536	40.068
11.99	12.00	0.035552	40.168
11.99	12.00	0.035569	40.270
11.99	12.00	0.035586	40.368
11.99	12.00	0.035602	40.469
11.99	12.00	0.035619	40.569
12.02	12.00	0.035636	40.668
12.02	12.00	0.035652	40.768
12.02	12.00	0.035669	40.869
12.02	12.00	0.035686	40.968
12.02	12.00	0.035702	41.068
12.02	12.00	0.035719	41.168
12.02	12.00	0.035736	41.269
12.02	12.00	0.035752	41.368
12.02	12.00	0.035769	41.468
12.02	12.00	0.035786	41.568
12.02	12.00	0.035802	41.668
11.99	12.00	0.035819	41.768
11.99	12.00	0.035836	41.868
11.99	12.00	0.035852	41.968
11.99	12.00	0.035869	42.068
11.99	12.00	0.035886	42.169
11.99	12.00	0.035902	42.268
11.99	12.00	0.035919	42.368
11.99	12.00	0.035936	42.468
11.99	12.00	0.035952	42.568
11.99	12.00	0.035969	42.668
11.99	12.00	0.035986	42.768
11.99	12.00	0.036002	42.868
11.99	12.00	0.036019	42.969
11.99	12.00	0.036036	43.068
11.99	12.00	0.036052	43.168
12.02	12.00	0.036069	43.268
12.02	12.00	0.036086	43.368
12.02	12.00	0.036102	43.468
12.02	12.00	0.036119	43.568
12.02	12.00	0.036136	43.668
12.02	12.00	0.036152	43.768
12.02	12.00	0.036169	43.868
12.02	12.00	0.036186	43.968
12.02	12.00	0.036202	44.068
12.02	12.00	0.036219	44.168
11.99	12.00	0.036236	44.268
11.99	12.00	0.036252	44.368
11.99	12.00	0.036269	44.468
11.99	12.00	0.036285	44.569
11.99	12.00	0.036302	44.668
11.99	12.00	0.036319	44.768
11.99	12.00	0.036335	44.868
11.99	12.00	0.036352	44.968
11.99	12.00	0.036369	45.068
11.99	12.00	0.036385	45.168
11.99	12.00	0.036402	45.268
11.99	12.00	0.036419	45.368
11.99	12.00	0.036435	45.467
11.99	12.00	0.036452	45.568
11.99	12.00	0.036469	45.668
11.99	12.00	0.036485	45.768
11.99	12.00	0.036502	45.868
11.99	12.00	0.036519	45.968
11.99	12.00	0.036535	46.068
11.99	12.00	0.036552	46.168
11.99	12.00	0.036569	46.292
11.99	12.00	0.036585	46.397
11.99	12.00	0.036602	46.492
11.99	12.00	0.036619	46.591
11.99	12.00	0.036635	46.696
11.99	12.00	0.036652	46.790
11.99	12.00	0.036669	46.890
11.99	12.00	0.036685	46.994
12.02	12.00	0.036702	47.089
12.02	12.00	0.036719	47.189
12.02	12.00	0.036735	47.293
12.02	12.00	0.036752	47.388
12.02	12.00	0.036769	47.488
12.02	12.00	0.036785	47.592
12.02	12.00	0.036802	47.686
12.02	12.00	0.036819	47.788
12.02	12.00	0.036835	47.891
12.02	12.00	0.036852	47.986
12.02	12.00	0.036869	48.088
11.99	12.00	0.036885	48.190
11.99	12.00	0.036902	48.285
11.99	12.00	0.036919	48.387
11.99	12.00	0.036935	48.489
11.99	12.00	0.036952	48.583
11.99	12.00	0.036969	48.687
11.99	12.00	0.036985	48.787
11.99	12.00	0.037002	48.882
11.99	12.00	0.037019	48.986
11.99	12.00	0.037035	49.086
11.99	12.00	0.037052	49.180
11.99	12.00	0.037069	49.286
11.99	12.00	0.037085	49.385
11.99	12.00	0.037102	49.480
11.99	12.00	0.037118	49.584
11.99	12.00	0.037135	49.684
11.99	12.00	0.037152	49.779
11.99	12.00	0.037168	49.883
11.99	12.00	0.037185	49.978
11.99	12.00	0.037202	50.077
11.99	12.00	0.037218	50.182
11.99	12.00	0.037235	50.276
11.99	12.00	0.037252	50.376
11.99	12.00	0.037268	50.481
11.99	12.00	0.037285	50.575
12.02	12.00	0.037302	50.675
12.02	12.00	0.037318	50.779
12.02	12.00	0.037335	50.874
12.02	12.00	0.037352	50.973
12.02	12.00	0.037368	51.079
12.02	12.00	0.037385	51.173
12.02	12.00	0.037402	51.272
12.02	12.00	0.037418	51.378
12.02	12.00	0.037435	51.472
12.02	12.00	0.037452	51.572
12.02	12.00	0.037468	51.676
12.02	12.00	0.037485	51.771
11.99	12.00	0.037502	51.870
11.99	12.00	0.037518	51.975
11.99	12.00	0.037535	52.070
11.99	12.00	0.037552	52.169
11.99	12.00	0.037568	52.273
11.99	12.00	0.037585	52.368
11.99	12.00	0.037602	52.468
11.99	12.00	0.037618	52.572
11.99	12.00	0.037635	52.668
11.99	12.00	0.037652	52.768
11.99	12.00	0.037668	52.871
11.99	12.00	0.037685	52.968
11.99	12.00	0.037702	53.068
11.99	12.00	0.037718	53.170
11.99	12.00	0.037735	53.268
11.99	12.00	0.037752	53.368
11.99	12.00	0.037768	53.468
11.99	12.00	0.037785	53.568
11.99	12.00	0.037802	53.669
11.99	12.00	0.037818	53.768
11.99	12.00	0.037835	53.868
11.99	12.00	0.037852	53.968
11.99	12.00	0.037868	54.068
11.99	12.00	0.037885	54.168
11.99	12.00	0.037902	54.268
12.02	12.00	0.037918	54.368
12.02	12.00	0.037935	54.469
12.02	12.00	0.037951	54.568
12.02	12.00	0.037968	54.668
12.02	12.00	0.037985	54.768
12.02	12.00	0.038001	54.868
12.02	12.00	0.038018	54.968
12.02	12.00	0.038035	55.068
12.02	12.00	0.038051	55.168
12.02	12.00	0.038068	55.269
12.02	12.00	0.038085	55.368
12.02	12.00	0.038101	55.468
11.99	12.00	0.038118	55.568
11.99	12.00	0.038135	55.668
11.99	12.00	0.038151	55.768
11.99	12.00	0.038168	55.868
11.99	12.00	0.038185	55.968
11.99	12.00	0.038201	56.068
11.99	12.00	0.038218	56.168
11.99	12.00	0.038235	56.268
11.99	12.00	0.038251	56.368
11.99	12.00	0.038268	56.467
11.99	12.00	0.038285	56.568
11.99	12.00	0.038301	56.668
11.99	12.00	0.038318	56.768
11.99	12.00	0.038335	56.868
11.99	12.00	0.038351	56.969
11.99	12.00	0.038368	57.068
11.99	12.00	0.038385	57.168
11.99	12.00	0.038401	57.268
11.99	12.00	0.038418	57.368
11.99	12.00	0.038435	57.468
11.99	12.00	0.038451	57.568
11.99	12.00	0.038468	57.668
11.99	12.00	0.038485	57.768
11.99	12.00	0.038501	57.868
11.99	12.00	0.038518	57.968
11.99	12.00	0.038535	58.068
11.99	12.00	0.038551	58.168
11.99	12.00	0.038568	58.268
11.99	12.00	0.038585	58.368
11.99	12.00	0.038601	58.468
11.99	12.00	0.038618	58.568
12.02	12.00	0.038635	58.669
12.02	12.00	0.038651	58.768
12.02	12.00	0.038668	58.868
12.02	12.00	0.038685	58.968
12.02	12.00	0.038701	59.092
12.02	12.00	0.038718	59.192
12.02	12.00	0.038735	59.296
12.02	12.00	0.038751	59.391
12.02	12.00	0.038768	59.490
12.02	12.00	0.038784	59.595
12.02	12.00	0.038801	59.690
12.02	12.00	0.038818	59.789
11.99	12.00	0.038834	59.894
11.99	12.00	0.038851	59.988
11.99	12.00	0.038868	00.088
11.99	12.00	0.038884	00.193
11.99	12.00	0.038901	00.288
11.99	12.00	0.038918	00.387
11.99	12.00	0.038934	00.492
11.99	12.00	0.038951	00.586
11.99	12.00	0.038968	00.686
11.99	12.00	0.038984	00.790
11.99	12.00	0.039001	00.885
11.99	12.00	0.039018	00.985
11.99	12.00	0.039034	01.089
11.99	12.00	0.039051	01.184
11.99	12.00	0.039068	01.285
11.99	12.00	0.039084	01.388
11.99	12.00	0.039101	01.482
11.99	12.00	0.039118	01.586
11.99	12.00	0.039134	01.686
11.99	12.00	0.039151	01.781
11.99	12.00	0.039168	01.885
11.99	12.00	0.039184	01.986
11.99	12.00	0.039201	02.080
11.99	12.00	0.039218	02.185
11.99	12.00	0.039234	02.284
11.99	12.00	0.039251	02.379
11.99	12.00	0.039268	02.483
11.99	12.00	0.039284	02.583
12.02	12.00	0.039301	02.678
12.02	12.00	0.039318	02.782
12.02	12.00	0.039334	02.882
12.02	12.00	0.039351	02.976
12.02	12.00	0.039368	03.081
12.02	12.00	0.039384	03.181
12.02	12.00	0.039401	03.276
12.02	12.00	0.039418	03.380
12.02	12.00	0.039434	03.475
12.02	12.00	0.039451	03.575
12.02	12.00	0.039468	03.679
12.02	12.00	0.039484	03.774
11.99	12.00	0.039501	03.873
11.99	12.00	0.039518	03.978
11.99	12.00	0.039534	04.072
11.99	12.00	0.039551	04.172
11.99	12.00	0.039568	04.276
11.99	12.00	0.039584	04.371
11.99	12.00	0.039601	04.471
11.99	12.00	0.039617	04.575
11.99	12.00	0.039634	04.670
11.99	12.00	0.039651	04.769
11.99	12.00	0.039667	04.874
11.99	12.00	0.039684	04.968
11.99	12.00	0.039701	05.068
11.99	12.00	0.039717	05.173
11.99	12.00	0.039734	05.268
11.99	12.00	0.039751	05.368
11.99	12.00	0.039767	05.471
11.99	12.00	0.039784	05.568
11.99	12.00	0.039801	05.668
11.99	12.00	0.039817	05.771
11.99	12.00	0.039834	05.868
11.99	12.00	0.039851	05.968
11.99	12.00	0.039867	06.070
11.99	12.00	0.039884	06.168
11.99	12.00	0.039901	06.268
12.02	12.00	0.039917	06.368
12.02	12.00	0.039934	06.468
12.02	12.00	0.039951	06.568
12.02	12.00	0.039967	06.668
12.02	12.00	0.039984	06.769
12.02	12.00	0.040001	06.868
12.02	12.00	0.040017	06.968
12.02	12.00	0.040034	07.068
12.02	12.00	0.040051	07.168
12.02	12.00	0.040067	07.268
12.02	12.00	0.040084	07.368
11.99	12.00	0.040101	07.468
11.99	12.00	0.040117	07.568
11.99	12.00	0.040134	07.669
11.99	12.00	0.040151	07.768
11.99	12.00	0.040167	07.868
11.99	12.00	0.040184	07.968
11.99	12.00	0.040201	08.068
11.99	12.00	0.040217	08.168
11.99	12.00	0.040234	08.268
11.99	12.00	0.040251	08.368
11.99	12.00	0.040267	08.468
11.99	12.00	0.040284	08.569
11.99	12.00	0.040301	08.668
11.99	12.00	0.040317	08.768
12.02	12.00	0.040334	08.868
12.02	12.00	0.040351	08.968
12.02	12.00	0.040367	09.068
12.02	12.00	0.040384	09.168
12.02	12.00	0.040401	09.268
12.02	12.00	0.040417	09.369
12.02	12.00	0.040434	09.468
12.02	12.00	0.040450	09.568
12.02	12.00	0.040467	09.668
12.02	12.00	0.040484	09.768
12.02	12.00	0.040500	09.868
11.99	12.00	0.040517	09.968
11.99	12.00	0.040534	10.069
11.99	12.00	0.040550	10.168
11.99	12.00	0.040567	10.268
11.99	12.00	0.040584	10.368
11.99	12.00	0.040600	10.468
11.99	12.00	0.040617	10.568
11.99	12.00	0.040634	10.668
11.99	12.00	0.040650	10.774
11.99	12.00	0.040667	10.870
11.99	12.00	0.040684	11.000
11.99	12.00	0.040700	11.100
11.99	12.00	0.040717	11.195
11.99	12.00	0.040734	11.299
11.99	12.00	0.040750	11.394
11.99	12.00	0.040767	11.493
11.99	12.00	0.040784	11.598
11.99	12.00	0.040800	11.692
11.99	12.00	0.040817	11.792
11.99	12.00	0.040834	11.897
11.99	12.00	0.040850	11.992
11.99	12.00	0.040867	12.091
11.99	12.00	0.040884	12.196
11.99	12.00	0.040900	12.290
12.02	12.00	0.040917	12.390
12.02	12.00	0.040934	12.494
12.02	12.00	0.040950	12.589
12.02	12.00	0.040967	12.689
12.02	12.00	0.040984	12.793
12.02	12.00	0.041000	12.888
12.02	12.00	0.041017	12.987
12.02	12.00	0.041034	13.092
12.02	12.00	0.041050	13.186
12.02	12.00	0.041067	13.286
12.02	12.00	0.041084	13.390
11.99	12.00	0.041100	13.485
11.99	12.00	0.041117	13.585
11.99	12.00	0.041134	13.689
11.99	12.00	0.041150	13.784
11.99	12.00	0.041167	13.883
11.99	12.00	0.041184	13.988
11.99	12.00	0.041200	14.083
11.99	12.00	0.041217	14.183
11.99	12.00	0.041234	14.288
11.99	12.00	0.041250	14.382
11.99	12.00	0.041267	14.484
11.99	12.00	0.041283	14.586
11.99	12.00	0.041300	14.681
11.99	12.00	0.041317	14.783
11.99	12.00	0.041333	14.885
11.99	12.00	0.041350	14.979
11.99	12.00	0.041367	15.084
11.99	12.00	0.041383	15.183
11.99	12.00	0.041400	15.279
11.99	12.00	0.041417	15.383
11.99	12.00	0.041433	15.483
11.99	12.00	0.041450	15.577
11.99	12.00	0.041467	15.682
11.99	12.00	0.041483	15.781
11.99	12.00	0.041500	15.876
11.99	12.00	0.041517	15.981
11.99	12.00	0.041533	16.080
11.99	12.00	0.041550	16.175
11.99	12.00	0.041567	16.279
12.02	12.00	0.041583	16.379
12.02	12.00	0.041600	16.473
12.02	12.00	0.041617	16.578
12.02	12.00	0.041633	16.673
12.02	12.00	0.041650	16.772
12.02	12.00	0.041667	16.877
12.02	12.00	0.041683	16.971
12.02	12.00	0.041700	17.071
12.02	12.00	0.041717	17.175
12.02	12.00	0.041733	17.271
12.02	12.00	0.041750	17.371
11.99	12.00	0.041767	17.474
11.99	12.00	0.041783	17.572
11.99	12.00	0.041800	17.671
11.99	12.00	0.041817	17.774
11.99	12.00	0.041833	17.871
11.99	12.00	0.041850	17.971
11.99	12.00	0.041867	18.072
11.99	12.00	0.041883	18.171
11.99	12.00	0.041900	18.271
11.99	12.00	0.041917	18.372
11.99	12.00	0.041933	18.471
11.99	12.00	0.041950	18.571
11.99	12.00	0.041967	18.672
11.99	12.00	0.041983	18.772
11.99	12.00	0.042000	18.872
12.02	12.00	0.042017	18.972
12.02	12.00	0.042033	19.072
12.02	12.00	0.042050	19.172
12.02	12.00	0.042067	19.273
12.02	12.00	0.042083	19.372
12.02	12.00	0.042100	19.472
12.02	12.00	0.042116	19.572
12.02	12.00	0.042133	19.672
12.02	12.00	0.042150	19.772
12.02	12.00	0.042166	19.872
12.02	12.00	0.042183	19.973
11.99	12.00	0.042200	20.072
11.99	12.00	0.042216	20.172
11.99	12.00	0.042233	20.272
11.99	12.00	0.042250	20.372
11.99	12.00	0.042266	20.472
11.99	12.00	0.042283	20.572
11.99	12.00	0.042300	20.672
11.99	12.00	0.042316	20.772
11.99	12.00	0.042333	20.873
11.99	12.00	0.042350	20.972
11.99	12.00	0.042366	21.072
11.99	12.00	0.042383	21.172
11.99	12.00	0.042400	21.272
11.99	12.00	0.042416	21.372
11.99	12.00	0.042433	21.472
11.99	12.00	0.042450	21.573
11.99	12.00	0.042466	21.672
11.99	12.00	0.042483	21.772
11.99	12.00	0.042500	21.872
11.99	12.00	0.042516	21.972
11.99	12.00	0.042533	22.072
11.99	12.00	0.042550	22.172
12.02	12.00	0.042566	22.272
12.02	12.00	0.042583	22.372
12.02	12.00	0.042600	22.473
12.02	12.00	0.042616	22.572
12.02	12.00	0.042633	22.672
12.02	12.00	0.042650	22.772
12.02	12.00	0.042666	22.872
12.02	12.00	0.042683	22.972
12.02	12.00	0.042700	23.072
12.02	12.00	0.042716	23.197
11.99	12.00	0.042733	23.302
11.99	12.00	0.042750	23.401
11.99	12.00	0.042766	23.496
11.99	12.00	0.042783	23.601
11.99	12.00	0.042800	23.700
11.99	12.00	0.042816	23.795
11.99	12.00	0.042833	23.899
11.99	12.00	0.042850	23.999
11.99	12.00	0.042866	24.093
11.99	12.00	0.042883	24.198
11.99	12.00	0.042900	24.298
11.99	12.00	0.042916	24.392
11.99	12.00	0.042933	24.497
11.99	12.00	0.042949	24.591
11.99	12.00	0.042966	24.691
11.99	12.00	0.042983	24.795
11.99	12.00	0.042999	24.891
11.99	12.00	0.043016	24.990
11.99	12.00	0.043033	25.095
11.99	12.00	0.043049	25.190
11.99	12.00	0.043066	25.289
11.99	12.00	0.043083	25.394
11.99	12.00	0.043099	25.488
12.02	12.00	0.043116	25.588
12.02	12.00	0.043133	25.692
12.02	12.00	0.043149	25.787
12.02	12.00	0.043166	25.887
12.02	12.00	0.043183	25.991
12.02	12.00	0.043199	26.086
12.02	12.00	0.043216	26.185
12.02	12.00	0.043233	26.290
12.02	12.00	0.043249	26.384
12.02	12.00	0.043266	26.484
12.02	12.00	0.043283	26.588
12.02	12.00	0.043299	26.683
11.99	12.00	0.043316	26.783
11.99	12.00	0.043333	26.887
11.99	12.00	0.043349	26.982
11.99	12.00	0.043366	27.082
11.99	12.00	0.043383	27.187
11.99	12.00	0.043399	27.281
11.99	12.00	0.043416	27.381
11.99	12.00	0.043433	27.486
11.99	12.00	0.043449	27.580
11.99	12.00	0.043466	27.682
11.99	12.00	0.043483	27.784
11.99	12.00	0.043499	27.879
11.99	12.00	0.043516	27.981
11.99	12.00	0.043533	28.083
11.99	12.00	0.043549	28.178
11.99	12.00	0.043566	28.281
11.99	12.00	0.043583	28.382
11.99	12.00	0.043599	28.476
12.02	12.00	0.043616	28.581
12.02	12.00	0.043633	28.680
12.02	12.00	0.043649	28.775
12.02	12.00	0.043666	28.879
12.02	12.00	0.043683	28.979
12.02	12.00	0.043699	29.075
12.02	12.00	0.043716	29.179
12.02	12.00	0.043733	29.279
12.02	12.00	0.043749	29.374
12.02	12.00	0.043766	29.478
11.99	12.00	0.043782	29.577
11.99	12.00	0.043799	29.674
11.99	12.00	0.043816	29.776
11.99	12.00	0.043832	29.877
11.99	12.00	0.043849	29.974
11.99	12.00	0.043866	30.075
11.99	12.00	0.043882	30.177
11.99	12.00	0.043899	30.274
11.99	12.00	0.043916	30.374
11.99	12.00	0.043932	30.476
11.99	12.00	0.043949	30.574
11.99	12.00	0.043966	30.675
11.99	12.00	0.043982	30.777
11.99	12.00	0.043999	30.874
11.99	12.00	0.044016	30.974
11.99	12.00	0.044032	31.076
11.99	12.00	0.044049	31.174
11.99	12.00	0.044066	31.274
11.99	12.00	0.044082	31.377
11.99	12.00	0.044099	31.474
11.99	12.00	0.044116	31.574
11.99	12.00	0.044132	31.677
12.02	12.00	0.044149	31.774
12.02	12.00	0.044166	31.874
12.02	12.00	0.044182	31.976
12.02	12.00	0.044199	32.074
12.02	12.00	0.044216	32.175
12.02	12.00	0.044232	32.276
12.02	12.00	0.044249	32.374
12.02	12.00	0.044266	32.474
12.02	12.00	0.044282	32.577
12.02	12.00	0.044299	32.674
12.02	12.00	0.044316	32.774
12.02	12.00	0.044332	32.876
12.02	12.00	0.044349	32.974
12.02	12.00	0.044366	33.075
11.99	12.00	0.044382	33.176
11.99	12.00	0.044399	33.274
11.99	12.00	0.044416	33.374
11.99	12.00	0.044432	33.477
11.99	12.00	0.044449	33.574
11.99	12.00	0.044466	33.674
11.99	12.00	0.044482	33.776
11.99	12.00	0.044499	33.874
11.99	12.00	0.044516	33.975
11.99	12.00	0.044532	34.076
11.99	12.00	0.044549	34.174
11.99	12.00	0.044566	34.274
11.99	12.00	0.044582	34.377
11.99	12.00	0.044599	34.473
11.99	12.00	0.044615	34.574
11.99	12.00	0.044632	34.676
11.99	12.00	0.044649	34.774
11.99	12.00	0.044665	34.874
11.99	12.00	0.044682	34.976
11.99	12.00	0.044699	35.074
11.99	12.00	0.044715	35.174
11.99	12.00	0.044732	35.276
11.99	12.00	0.044749	35.374
11.99	12.00	0.044765	35.474
11.99	12.00	0.044782	35.576
11.99	12.00	0.044799	35.673
11.99	12.00	0.044815	35.773
11.99	12.00	0.044832	35.876
11.99	12.00	0.044849	36.002
12.02	12.00	0.044865	36.096
12.02	12.00	0.044882	36.176
12.02	12.00	0.044899	36.301
12.02	12.00	0.044915	36.396
12.02	12.00	0.044932	36.500
12.02	12.00	0.044949	36.600
12.02	12.00	0.044965	36.695
12.02	12.00	0.044982	36.799
12.02	12.00	0.044999	36.899
12.02	12.00	0.045015	36.993
12.02	12.00	0.045032	37.098
12.02	12.00	0.045049	37.197
11.99	12.00	0.045065	37.292
11.99	12.00	0.045082	37.397
11.99	12.00	0.045099	37.496
11.99	12.00	0.045115	37.591
11.99	12.00	0.045132	37.695
11.99	12.00	0.045149	37.790
11.99	12.00	0.045165	37.889
11.99	12.00	0.045182	37.994
11.99	12.00	0.045199	38.088
11.99	12.00	0.045215	38.188
11.99	12.00	0.045232	38.293
11.99	12.00	0.045249	38.387
11.99	12.00	0.045265	38.487
11.99	12.00	0.045282	38.591
11.99	12.00	0.045299	38.686
11.99	12.00	0.045315	38.785
11.99	12.00	0.045332	38.890
11.99	12.00	0.045349	38.985
11.99	12.00	0.045365	39.085
11.99	12.00	0.045382	39.190
11.99	12.00	0.045399	39.284
11.99	12.00	0.045415	39.384
11.99	12.00	0.045432	39.488
12.02	12.00	0.045448	39.583
12.02	12.00	0.045465	39.682
12.02	12.00	0.045482	39.787
12.02	12.00	0.045498	39.882
12.02	12.00	0.045515	39.981
12.02	12.00	0.045532	40.086
12.02	12.00	0.045548	40.180
12.02	12.00	0.045565	40.280
12.02	12.00	0.045582	40.384
12.02	12.00	0.045598	40.479
12.02	12.00	0.045615	40.580
12.02	12.00	0.045632	40.683
11.99	12.00	0.045648	40.778
11.99	12.00	0.045665	40.879
11.99	12.00	0.045682	40.982
11.99	12.00	0.045698	41.076
11.99	12.00	0.045715	41.180
11.99	12.00	0.045732	41.281
11.99	12.00	0.045748	41.376
11.99	12.00	0.045765	41.480
11.99	12.00	0.045782	41.580
11.99	12.00	0.045798	41.676
11.99	12.00	0.045815	41.779
11.99	12.00	0.045832	41.879
11.99	12.00	0.045848	41.976
11.99	12.00	0.045865	42.078
11.99	12.00	0.045882	42.178
11.99	12.00	0.045898	42.276
11.99	12.00	0.045915	42.377
11.99	12.00	0.045932	42.476
11.99	12.00	0.045948	42.576
11.99	12.00	0.045965	42.676
11.99	12.00	0.045982	42.776
11.99	12.00	0.045998	42.876
11.99	12.00	0.046015	42.976
11.99	12.00	0.046032	43.078
11.99	12.00	0.046048	43.177
11.99	12.00	0.046065	43.277
12.02	12.00	0.046082	43.377
12.02	12.00	0.046098	43.477
12.02	12.00	0.046115	43.577
12.02	12.00	0.046132	43.677
12.02	12.00	0.046148	43.778
12.02	12.00	0.046165	43.878
12.02	12.00	0.046182	43.979
12.02	12.00	0.046198	44.078
12.02	12.00	0.046215	44.178
12.02	12.00	0.046232	44.278
12.02	12.00	0.046248	44.378
11.99	12.00	0.046265	44.478
11.99	12.00	0.046281	44.578
11.99	12.00	0.046298	44.679
11.99	12.00	0.046315	44.778
11.99	12.00	0.046331	44.878
11.99	12.00	0.046348	44.978
11.99	12.00	0.046365	45.078
11.99	12.00	0.046381	45.178
11.99	12.00	0.046398	45.278
11.99	12.00	0.046415	45.378
11.99	12.00	0.046431	45.478
11.99	12.00	0.046448	45.578
11.99	12.00	0.046465	45.678
11.99	12.00	0.046481	45.778
11.99	12.00	0.046498	45.878
11.99	12.00	0.046515	45.978
11.99	12.00	0.046531	46.078
11.99	12.00	0.046548	46.178
11.99	12.00	0.046565	46.278
11.99	12.00	0.046581	46.378
11.99	12.00	0.046598	46.478
11.99	12.00	0.046615	46.578
11.99	12.00	0.046631	46.678
11.99	12.00	0.046648	46.778
11.99	12.00	0.046665	46.878
11.99	12.00	0.046681	46.978
11.99	12.00	0.046698	47.079
12.02	12.00	0.046715	47.178
12.02	12.00	0.046731	47.278
12.02	12.00	0.046748	47.377
12.02	12.00	0.046765	47.477
12.02	12.00	0.046781	47.601
12.02	12.00	0.046798	47.706
12.02	12.00	0.046815	47.800
12.02	12.00	0.046831	47.900
12.02	12.00	0.046848	48.005
12.02	12.00	0.046865	48.099
12.02	12.00	0.046881	48.200
12.02	12.00	0.046898	48.304
12.02	12.00	0.046915	48.398
11.99	12.00	0.046931	48.498
11.99	12.00	0.046948	48.603
11.99	12.00	0.046965	48.697
11.99	12.00	0.046981	48.799
11.99	12.00	0.046998	48.902
11.99	12.00	0.047015	48.996
11.99	12.00	0.047031	49.099
11.99	12.00	0.047048	49.200
11.99	12.00	0.047065	49.295
11.99	12.00	0.047081	49.398
11.99	12.00	0.047098	49.499
11.99	12.00	0.047114	49.593
11.99	12.00	0.047131	49.698
11.99	12.00	0.047148	49.798
11.99	12.00	0.047164	49.892
11.99	12.00	0.047181	49.997
11.99	12.00	0.047198	50.096
11.99	12.00	0.047214	50.191
12.02	12.00	0.047231	50.295
12.02	12.00	0.047248	50.395
12.02	12.00	0.047264	50.490
12.02	12.00	0.047281	50.595
12.02	12.00	0.047298	50.694
12.02	12.00	0.047314	50.789
12.02	12.00	0.047331	50.893
12.02	12.00	0.047348	50.988
12.02	12.00	0.047364	51.087
12.02	12.00	0.047381	51.193
11.99	12.00	0.047398	51.287
11.99	12.00	0.047414	51.386
11.99	12.00	0.047431	51.491
11.99	12.00	0.047448	51.585
11.99	12.00	0.047464	51.685
11.99	12.00	0.047481	51.789
11.99	12.00	0.047498	51.884
11.99	12.00	0.047514	51.984
11.99	12.00	0.047531	52.089
11.99	12.00	0.047548	52.184
11.99	12.00	0.047564	52.283
11.99	12.00	0.047581	52.388
11.99	12.00	0.047598	52.482
11.99	12.00	0.047614	52.582
11.99	12.00	0.047631	52.686
11.99	12.00	0.047648	52.781
11.99	12.00	0.047664	52.881
11.99	12.00	0.047681	52.985
11.99	12.00	0.047698	53.080
11.99	12.00	0.047714	53.179
11.99	12.00	0.047731	53.283
11.99	12.00	0.047748	53.379
11.99	12.00	0.047764	53.479
11.99	12.00	0.047781	53.583
11.99	12.00	0.047798	53.680
11.99	12.00	0.047814	53.779
11.99	12.00	0.047831	53.882
12.02	12.00	0.047848	53.980
12.02	12.00	0.047864	54.080
12.02	12.00	0.047881	54.180
12.02	12.00	0.047898	54.280
12.02	12.00	0.047914	54.380
12.02	12.00	0.047931	54.480
12.02	12.00	0.047947	54.580
12.02	12.00	0.047964	54.680
12.02	12.00	0.047981	54.780
12.02	12.00	0.047997	54.880
12.02	12.00	0.048014	54.980
12.02	12.00	0.048031	55.080
11.99	12.00	0.048047	55.180
11.99	12.00	0.048064	55.281
11.99	12.00	0.048081	55.380
11.99	12.00	0.048097	55.479
11.99	12.00	0.048114	55.580
11.99	12.00	0.048131	55.680
11.99	12.00	0.048147	55.780
11.99	12.00	0.048164	55.880
11.99	12.00	0.048181	55.980
11.99	12.00	0.048197	56.080
11.99	12.00	0.048214	56.181
11.99	12.00	0.048231	56.280
11.99	12.00	0.048247	56.380
11.99	12.00	0.048264	56.480
11.99	12.00	0.048281	56.580
11.99	12.00	0.048297	56.680
11.99	12.00	0.048314	56.780
11.99	12.00	0.048331	56.881
11.99	12.00	0.048347	56.980
11.99	12.00	0.048364	57.080
11.99	12.00	0.048381	57.180
11.99	12.00	0.048397	57.280
11.99	12.00	0.048414	57.380
11.99	12.00	0.048431	57.480
11.99	12.00	0.048447	57.580
11.99	12.00	0.048464	57.680
12.02	12.00	0.048481	57.781
12.02	12.00	0.048497	57.880
12.02	12.00	0.048514	57.980
12.02	12.00	0.048531	58.080
12.02	12.00	0.048547	58.180
12.02	12.00	0.048564	58.280
12.02	12.00	0.048581	58.380
12.02	12.00	0.048597	58.480
12.02	12.00	0.048614	58.580
12.02	12.00	0.048631	58.681
12.02	12.00	0.048647	58.780
12.02	12.00	0.048664	58.880
12.02	12.00	0.048681	58.980
11.99	12.00	0.048697	59.080
11.99	12.00	0.048714	59.180
11.99	12.00	0.048731	59.280
11.99	12.00	0.048747	59.381
11.99	12.00	0.048764	59.480
11.99	12.00	0.048780	59.580
11.99	12.00	0.048797	59.709
11.99	12.00	0.048814	59.804
11.99	12.00	0.048830	59.903
11.99	12.00	0.048847	00.008
11.99	12.00	0.048864	00.102
11.99	12.00	0.048880	00.202
11.99	12.00	0.048897	00.306
11.99	12.00	0.048914	00.401
11.99	12.00	0.048930	00.501
11.99	12.00	0.048947	00.605
11.99	12.00	0.048964	00.700
11.99	12.00	0.048980	00.799
11.99	12.00	0.048997	00.904
11.99	12.00	0.049014	00.998
12.02	12.00	0.049030	01.098
12.02	12.00	0.049047	01.203
12.02	12.00	0.049064	01.298
12.02	12.00	0.049080	01.398
12.02	12.00	0.049097	01.502
12.02	12.00	0.049114	01.597
12.02	12.00	0.049130	01.696
12.02	12.00	0.049147	01.801
12.02	12.00	0.049164	01.895
12.02	12.00	0.049180	01.997
12.02	12.00	0.049197	02.100
11.99	12.00	0.049214	02.194
11.99	12.00	0.049230	02.297
11.99	12.00	0.049247	02.398
11.99	12.00	0.049264	02.493
11.99	12.00	0.049280	02.596
11.99	12.00	0.049297	02.697
11.99	12.00	0.049314	02.792
11.99	12.00	0.049330	02.896
11.99	12.00	0.049347	02.996
11.99	12.00	0.049364	03.090
11.99	12.00	0.049380	03.195
11.99	12.00	0.049397	03.294
11.99	12.00	0.049414	03.389
11.99	12.00	0.049430	03.494
11.99	12.00	0.049447	03.593
11.99	12.00	0.049464	03.688
11.99	12.00	0.049480	03.793
11.99	12.00	0.049497	03.892
11.99	12.00	0.049514	03.987
11.99	12.00	0.049530	04.091
11.99	12.00	0.049547	04.186
11.99	12.00	0.049564	04.285
11.99	12.00	0.049580	04.390
11.99	12.00	0.049597	04.485
11.99	12.00	0.049613	04.585
11.99	12.00	0.049630	04.689
11.99	12.00	0.049647	04.784
12.02	12.00	0.049663	04.884
12.02	12.00	0.049680	04.988
12.02	12.00	0.049697	05.082
12.02	12.00	0.049713	05.182
12.02	12.00	0.049730	05.287
12.02	12.00	0.049747	05.381
12.02	12.00	0.049763	05.481
12.02	12.00	0.049780	05.585
12.02	12.00	0.049797	05.681
12.02	12.00	0.049813	05.781
12.02	12.00	0.049830	05.885
11.99	12.00	0.049847	05.981
11.99	12.00	0.049863	06.081
11.99	12.00	0.049880	06.183
11.99	12.00	0.049897	06.281
11.99	12.00	0.049913	06.382
11.99	12.00	0.049930	06.483
11.99	12.00	0.049947	06.582
11.99	12.00	0.049963	06.682
11.99	12.00	0.049980	06.782
11.99	12.00	0.049997	06.882
11.99	12.01	0.050013	06.982
11.99	12.01	0.050030	07.082
11.99	12.01	0.050047	07.182
11.99	12.02	0.050063	07.282
11.99	12.02	0.050080	07.382
11.99	12.03	0.050097	07.482
11.99	12.03	0.050113	07.582
11.99	12.03	0.050130	07.682
11.99	12.04	0.050147	07.782
12.02	12.04	0.050163	07.882
12.02	12.04	0.050180	07.982
12.02	12.05	0.050197	08.083
12.02	12.05	0.050213	08.182
12.02	12.05	0.050230	08.282
12.02	12.06	0.050247	08.382
12.04	12.06	0.050263	08.482
12.04	12.06	0.050280	08.582
12.04	12.07	0.050297	08.682
12.04	12.07	0.050313	08.782
12.04	12.07	0.050330	08.882
12.07	12.07	0.050347	08.982
12.07	12.08	0.050363	09.082
12.07	12.08	0.050380	09.182
12.07	12.08	0.050397	09.282
12.07	12.09	0.050413	09.382
12.09	12.09	0.050430	09.482
12.09	12.09	0.050446	09.582
12.09	12.10	0.050463	09.683
12.09	12.10	0.050480	09.782
12.09	12.10	0.050496	09.882
12.09	12.10	0.050513	09.983
12.09	12.11	0.050530	10.084
12.12	12.11	0.050546	10.184
12.12	12.11	0.050563	10.284
12.12	12.11	0.050580	10.384
12.12	12.12	0.050596	10.484
12.12	12.12	0.050613	10.584
12.12	12.12	0.050630	10.684
12.12	12.12	0.050646	10.784
12.12	12.13	0.050663	10.884
12.15	12.13	0.050680	10.984
12.15	12.13	0.050696	11.084
12.15	12.13	0.050713	11.213
12.15	12.13	0.050730	11.308
12.15	12.14	0.050746	11.413
12.15	12.14	0.050763	11.512
12.15	12.14	0.050780	11.607
12.15	12.14	0.050796	11.712
12.15	12.14	0.050813	11.811
12.15	12.14	0.050830	11.906
12.15	12.14	0.050846	12.010
12.15	12.15	0.050863	12.105
12.15	12.15	0.050880	12.205
12.15	12.15	0.050896	12.309
12.15	12.15	0.050913	12.404
12.15	12.15	0.050930	12.503
12.15	12.15	0.050946	12.608
12.15	12.15	0.050963	12.702
12.15	12.15	0.050980	12.802
12.15	12.16	0.050996	12.907
12.15	12.16	0.051013	13.001
12.15	12.16	0.051030	13.101
12.15	12.16	0.051046	13.205
12.15	12.16	0.051063	13.301
12.17	12.16	0.051080	13.400
12.17	12.16	0.051096	13.505
12.17	12.16	0.051113	13.599
12.17	12.16	0.051130	13.699
12.17	12.16	0.051146	13.804
12.17	12.16	0.051163	13.898
12.17	12.16	0.051180	13.998
12.17	12.16	0.051196	14.102
12.17	12.16	0.051213	14.197
12.17	12.16	0.051230	14.296
12.17	12.16	0.051246	14.401
12.17	12.16	0.051263	14.496
12.17	12.16	0.051279	14.595
12.17	12.16	0.051296	14.700
12.17	12.16	0.051313	14.794
12.17	12.16	0.051329	14.895
12.17	12.16	0.051346	14.998
12.17	12.16	0.051363	15.093
12.17	12.16	0.051379	15.194
12.17	12.16	0.051396	15.297
12.17	12.16	0.051413	15.392
12.17	12.15	0.051429	15.495
12.17	12.15	0.051446	15.597
12.17	12.15	0.051463	15.691
12.17	12.15	0.051479	15.795
12.17	12.15	0.051496	15.895
12.17	12.15	0.051513	15.990
12.17	12.15	0.051529	16.095
12.17	12.15	0.051546	16.194
12.17	12.15	0.051563	16.289
12.17	12.15	0.051579	16.393
12.17	12.14	0.051596	16.493
12.17	12.14	0.051613	16.587
12.17	12.14	0.051629	16.692
12.15	12.14	0.051646	16.792
12.15	12.14	0.051663	16.886
12.15	12.14	0.051679	16.991
12.15	12.14	0.051696	17.091
12.15	12.13	0.051713	17.186
12.15	12.13	0.051729	17.289
12.15	12.13	0.051746	17.390
12.15	12.13	0.051763	17.487
12.15	12.13	0.051779	17.588
12.15	12.13	0.051796	17.690
12.12	12.12	0.051813	17.786
12.12	12.12	0.051829	17.887
12.12	12.12	0.051846	17.990
12.12	12.12	0.051863	18.086
12.12	12.12	0.051879	18.186
12.12	12.12	0.051896	18.290
12.12	12.11	0.051913	18.387
12.12	12.11	0.051929	18.486
12.09	12.11	0.051946	18.590
12.09	12.11	0.051963	18.686
12.09	12.11	0.051979	18.786
12.09	12.11	0.051996	18.889
12.09	12.10	0.052013	18.986
12.09	12.10	0.052029	19.087
12.09	12.10	0.052046	19.190
12.09	12.10	0.052063	19.286
12.09	12.10	0.052079	19.386
12.09	12.10	0.052096	19.490
12.09	12.09	0.052112	19.586
12.09	12.09	0.052129	19.686
12.09	12.09	0.052146	19.789
12.09	12.09	0.052162	19.887
12.09	12.09	0.052179	19.986
12.09	12.09	0.052196	20.089
12.09	12.08	0.052212	20.186
12.09	12.08	0.052229	20.286
12.09	12.08	0.052246	20.390
12.09	12.08	0.052262	20.486
12.09	12.08	0.052279	20.586
12.09	12.08	0.052296	20.690
12.09	12.08	0.052312	20.786
12.09	12.07	0.052329	20.886
12.09	12.07	0.052346	20.990
12.09	12.07	0.052362	21.086
12.09	12.07	0.052379	21.186
12.09	12.07	0.052396	21.290
12.09	12.07	0.052412	21.386
12.09	12.07	0.052429	21.486
12.09	12.07	0.052446	21.590
12.09	12.06	0.052462	21.686
12.07	12.06	0.052479	21.786
12.07	12.06	0.052496	21.889
12.07	12.06	0.052512	21.986
12.07	12.06	0.052529	22.086
12.07	12.06	0.052546	22.190
12.07	12.06	0.052562	22.286
12.07	12.06	0.052579	22.386
12.07	12.06	0.052596	22.489
12.07	12.06	0.052612	22.586
12.07	12.06	0.052629	22.686
12.04	12.06	0.052646	22.789
12.04	12.06	0.052662	22.887
12.04	12.06	0.052679	22.986
12.04	12.06	0.052696	23.090
12.04	12.06	0.052712	23.186
12.04	12.06	0.052729	23.286
12.04	12.06	0.052746	23.389
12.04	12.06	0.052762	23.486
12.04	12.06	0.052779	23.610
12.04	12.06	0.052796	23.689
12.04	12.06	0.052812	23.814
12.04	12.06	0.052829	23.909
12.04	12.06	0.052846	24.014
12.04	12.06	0.052862	24.113
12.04	12.06	0.052879	24.208
12.04	12.06	0.052896	24.312
12.04	12.06	0.052912	24.412
12.04	12.06	0.052929	24.506
12.04	12.06	0.052945	24.611
12.04	12.06	0.052962	24.711
12.04	12.06	0.052979	24.805
12.04	12.06	0.052995	24.910
12.04	12.06	0.053012	25.009
12.04	12.06	0.053029	25.104
12.07	12.06	0.053045	25.208
12.07	12.07	0.053062	25.303
12.07	12.07	0.053079	25.402
12.07	12.07	0.053095	25.507
12.07	12.07	0.053112	25.602
12.07	12.07	0.053129	25.701
12.07	12.07	0.053145	25.807
12.07	12.07	0.053162	25.900
12.07	12.08	0.053179	26.001
12.07	12.08	0.053195	26.105
12.07	12.08	0.053212	26.200
12.07	12.08	0.053229	26.300
12.07	12.08	0.053245	26.404
12.07	12.09	0.053262	26.498
12.07	12.09	0.053279	26.598
12.07	12.09	0.053295	26.702
12.07	12.09	0.053312	26.797
12.09	12.09	0.053329	26.897
12.09	12.10	0.053345	27.001
12.09	12.10	0.053362	27.097
12.09	12.10	0.053379	27.196
12.09	12.10	0.053395	27.301
12.09	12.11	0.053412	27.395
12.09	12.11	0.053429	27.494
12.09	12.11	0.053445	27.599
12.09	12.11	0.053462	27.693
12.09	12.12	0.053479	27.793
12.09	12.12	0.053495	27.898
12.09	12.12	0.053512	27.992
12.12	12.13	0.053529	28.093
12.12	12.13	0.053545	28.197
12.12	12.13	0.053562	28.291
12.12	12.13	0.053579	28.393
12.12	12.14	0.053595	28.495
12.12	12.14	0.053612	28.590
12.12	12.14	0.053629	28.693
12.15	12.15	0.053645	28.794
12.15	12.15	0.053662	28.889
12.15	12.15	0.053679	28.992
12.15	12.16	0.053695	29.093
12.15	12.16	0.053712	29.189
12.15	12.16	0.053729	29.292
12.15	12.17	0.053745	29.392
12.15	12.17	0.053762	29.500
12.15	12.17	0.053778	29.601
12.17	12.18	0.053795	29.700
12.17	12.18	0.053812	29.800
12.17	12.18	0.053828	29.900
12.17	12.19	0.053845	30.000
12.17	12.19	0.053862	30.100
12.17	12.19	0.053878	30.200
12.17	12.20	0.053895	30.301
12.20	12.20	0.053912	30.400
12.20	12.20	0.053928	30.500
12.20	12.21	0.053945	30.600
12.20	12.21	0.053962	30.700
12.20	12.21	0.053978	30.800
12.20	12.22	0.053995	30.900
12.22	12.22	0.054012	31.001
12.22	12.22	0.054028	31.101
12.22	12.23	0.054045	31.202
12.22	12.23	0.054062	31.301
12.22	12.24	0.054078	31.401
12.22	12.24	0.054095	31.501
12.25	12.24	0.054112	31.601
12.25	12.25	0.054128	31.701
12.25	12.25	0.054145	31.801
12.25	12.25	0.054162	31.902
12.25	12.26	0.054178	32.001
12.25	12.26	0.054195	32.101
12.27	12.26	0.054212	32.201
12.27	12.27	0.054228	32.301
12.27	12.27	0.054245	32.425
12.27	12.27	0.054262	32.500
12.27	12.28	0.054278	32.629
12.27	12.28	0.054295	32.724
12.27	12.28	0.054312	32.828
12.27	12.29	0.054328	32.928
12.30	12.29	0.054345	33.023
12.30	12.29	0.054362	33.127
12.30	12.29	0.054378	33.223
12.30	12.30	0.054395	33.322
12.30	12.30	0.054412	33.426
12.30	12.30	0.054428	33.520
12.30	12.31	0.054445	33.620
12.30	12.31	0.054462	33.726
12.30	12.31	0.054478	33.820
12.33	12.31	0.054495	33.920
12.33	12.32	0.054512	34.024
12.33	12.32	0.054528	34.119
12.33	12.32	0.054545	34.218
12.33	12.32	0.054562	34.323
12.33	12.33	0.054578	34.417
12.33	12.33	0.054595	34.517
12.33	12.33	0.054611	34.622
12.33	12.33	0.054628	34.716
12.33	12.34	0.054645	34.816
12.33	12.34	0.054661	34.920
12.33	12.34	0.054678	35.015
12.35	12.34	0.054695	35.114
12.35	12.34	0.054711	35.219
12.35	12.35	0.054728	35.314
12.35	12.35	0.054745	35.413
12.35	12.35	0.054761	35.518
12.35	12.35	0.054778	35.613
12.35	12.35	0.054795	35.712
12.35	12.36	0.054811	35.817
12.35	12.36	0.054828	35.911
12.35	12.36	0.054845	36.012
12.35	12.36	0.054861	36.116
12.35	12.36	0.054878	36.210
12.38	12.36	0.054895	36.312
12.38	12.36	0.054911	36.414
12.38	12.36	0.054928	36.509
12.38	12.37	0.054945	36.611
12.38	12.37	0.054961	36.713
12.38	12.37	0.054978	36.809
12.38	12.37	0.054995	36.912
12.38	12.37	0.055011	37.013
12.38	12.37	0.055028	37.106
12.38	12.37	0.055045	37.212
12.38	12.37	0.055061	37.311
12.38	12.37	0.055078	37.406
12.38	12.37	0.055095	37.510
12.38	12.37	0.055111	37.610
12.38	12.37	0.055128	37.705
12.38	12.37	0.055145	37.809
12.38	12.37	0.055161	37.909
12.38	12.37	0.055178	38.003
12.38	12.37	0.055195	38.108
12.38	12.37	0.055211	38.207
12.38	12.37	0.055228	38.302
12.38	12.37	0.055245	38.406
12.38	12.37	0.055261	38.501
12.38	12.37	0.055278	38.601
12.38	12.37	0.055295	38.705
12.38	12.37	0.055311	38.801
12.38	12.37	0.055328	38.900
12.38	12.37	0.055345	39.004
12.38	12.37	0.055361	39.101
12.38	12.37	0.055378	39.201
12.38	12.37	0.055395	39.304
12.38	12.37	0.055411	39.401
12.38	12.37	0.055428	39.501
12.38	12.37	0.055444	39.602
12.38	12.37	0.055461	39.702
12.38	12.36	0.055478	39.802
12.38	12.36	0.055494	39.902
12.38	12.36	0.055511	40.006
12.38	12.36	0.055528	40.102
12.38	12.36	0.055544	40.203
12.38	12.36	0.055561	40.307
12.35	12.36	0.055578	40.402
12.35	12.36	0.055594	40.502
12.35	12.36	0.055611	40.602
12.35	12.35	0.055628	40.702
12.35	12.35	0.055644	40.802
12.35	12.35	0.055661	40.907
12.35	12.35	0.055678	41.002
12.35	12.35	0.055694	41.102
12.35	12.35	0.055711	41.202
12.35	12.35	0.055728	41.302
12.35	12.34	0.055744	41.402
12.35	12.34	0.055761	41.506
12.35	12.34	0.055778	41.602
12.35	12.34	0.055794	41.703
12.35	12.34	0.055811	41.807
12.35	12.34	0.055828	41.902
12.35	12.33	0.055844	42.002
12.35	12.33	0.055861	42.102
12.35	12.33	0.055878	42.202
12.35	12.33	0.055894	42.302
12.35	12.33	0.055911	42.406
12.35	12.33	0.055928	42.502
12.35	12.32	0.055944	42.603
12.33	12.32	0.055961	42.706
12.33	12.32	0.055978	42.802
12.33	12.32	0.055994	42.902
12.33	12.32	0.056011	43.007
12.33	12.32	0.056028	43.102
12.33	12.31	0.056044	43.202
12.33	12.31	0.056061	43.306
12.33	12.31	0.056078	43.402
12.33	12.31	0.056094	43.502
12.30	12.31	0.056111	43.606
12.30	12.31	0.056128	43.702
12.30	12.30	0.056144	43.802
12.30	12.30	0.056161	43.907
12.30	12.30	0.056178	44.002
12.30	12.30	0.056194	44.102
12.30	12.30	0.056211	44.207
12.30	12.30	0.056228	44.302
12.30	12.29	0.056244	44.402
12.30	12.29	0.056261	44.506
12.30	12.29	0.056277	44.602
12.27	12.29	0.056294	44.702
12.27	12.29	0.056311	44.806
12.27	12.29	0.056327	44.931
12.27	12.29	0.056344	45.026
12.27	12.28	0.056361	45.130
12.27	12.28	0.056377	45.230
12.27	12.28	0.056394	45.325
12.27	12.28	0.056411	45.429
12.27	12.28	0.056427	45.529
12.27	12.28	0.056444	45.623
12.27	12.28	0.056461	45.728
12.27	12.28	0.056477	45.827
12.27	12.28	0.056494	45.922
12.27	12.28	0.056511	46.027
12.27	12.27	0.056527	46.126
12.27	12.27	0.056544	46.221
12.27	12.27	0.056561	46.325
12.27	12.27	0.056577	46.421
12.27	12.27	0.056594	46.520
12.27	12.27	0.056611	46.625
12.27	12.27	0.056627	46.719
12.27	12.27	0.056644	46.819
12.27	12.27	0.056661	46.924
12.27	12.27	0.056677	47.018
12.27	12.27	0.056694	47.118
12.27	12.27	0.056711	47.222
12.27	12.27	0.056727	47.317
12.27	12.27	0.056744	47.416
12.27	12.27	0.056761	47.521
12.27	12.27	0.056777	47.615
12.27	12.27	0.056794	47.715
12.27	12.27	0.056811	47.819
12.27	12.27	0.056827	47.914
12.27	12.27	0.056844	48.014
12.27	12.27	0.056861	48.119
12.27	12.27	0.056877	48.213
12.27	12.27	0.056894	48.313
12.27	12.27	0.056911	48.418
12.27	12.27	0.056927	48.512
12.27	12.27	0.056944	48.612
12.27	12.27	0.056961	48.716
12.27	12.27	0.056977	48.811
12.27	12.28	0.056994	48.910
12.27	12.28	0.057011	49.015
12.27	12.28	0.057027	49.110
12.27	12.28	0.057044	49.210
12.27	12.28	0.057061	49.314
12.27	12.28	0.057077	49.409
12.27	12.28	0.057094	49.510
12.27	12.28	0.057110	49.613
12.27	12.28	0.057127	49.707
12.27	12.29	0.057144	49.810
12.27	12.29	0.057160	49.911
12.27	12.29	0.057177	50.006
12.27	12.29	0.057194	50.110
12.27	12.29	0.057210	50.210
12.27	12.30	0.057227	50.305
12.27	12.30	0.057244	50.409
12.30	12.30	0.057260	50.509
12.30	12.30	0.057277	50.603
12.30	12.30	0.057294	50.708
12.30	12.31	0.057310	50.808
12.30	12.31	0.057327	50.902
12.30	12.31	0.057344	51.007
12.30	12.31	0.057360	51.106
12.30	12.31	0.057377	51.202
12.30	12.32	0.057394	51.306
12.30	12.32	0.057410	51.405
12.30	12.32	0.057427	51.502
12.30	12.32	0.057444	51.605
12.33	12.33	0.057460	51.705
12.33	12.33	0.057477	51.802
12.33	12.33	0.057494	51.903
12.33	12.34	0.057510	52.005
12.33	12.34	0.057527	52.102
12.33	12.34	0.057544	52.202
12.33	12.34	0.057560	52.305
12.33	12.35	0.057577	52.402
12.33	12.35	0.057594	52.502
12.33	12.35	0.057610	52.605
12.33	12.36	0.057627	52.702
12.33	12.36	0.057644	52.802
12.35	12.36	0.057660	52.905
12.35	12.37	0.057677	53.002
12.35	12.37	0.057694	53.102
12.35	12.37	0.057710	53.205
12.35	12.38	0.057727	53.302
12.35	12.38	0.057744	53.402
12.35	12.38	0.057760	53.505
12.38	12.39	0.057777	53.602
12.38	12.39	0.057794	53.702
12.38	12.39	0.057810	53.805
12.38	12.40	0.057827	53.903
12.38	12.40	0.057844	54.002
12.38	12.40	0.057860	54.105
12.40	12.41	0.057877	54.202
12.40	12.41	0.057894	54.302
12.40	12.41	0.057910	54.405
12.40	12.42	0.057927	54.502
12.40	12.42	0.057943	54.602
12.40	12.42	0.057960	54.705
12.43	12.43	0.057977	54.802
12.43	12.43	0.057993	54.902
12.43	12.43	0.058010	55.005
12.43	12.44	0.058027	55.102
12.43	12.44	0.058043	55.202
12.43	12.45	0.058060	55.305
12.45	12.45	0.058077	55.402
12.45	12.45	0.058093	55.502
12.45	12.46	0.058110	55.605
12.45	12.46	0.058127	55.702
12.45	12.46	0.058143	55.802
12.45	12.47	0.058160	55.904
12.45	12.47	0.058177	56.002
12.48	12.47	0.058193	56.102
12.48	12.48	0.058210	56.205
12.48	12.48	0.058227	56.302
12.48	12.48	0.058243	56.402
12.48	12.49	0.058260	56.504
12.48	12.49	0.058277	56.602
12.48	12.49	0.058293	56.702
12.50	12.50	0.058310	56.805
12.50	12.50	0.058327	56.902
12.50	12.50	0.058343	57.003
12.50	12.50	0.058360	57.104
12.50	12.51	0.058377	57.202
12.50	12.51	0.058393	57.302
12.50	12.51	0.058410	57.405
12.53	12.52	0.058427	57.502
12.53	12.52	0.058443	57.602
12.53	12.52	0.058460	57.704
12.53	12.52	0.058477	57.831
12.53	12.53	0.058493	57.925
12.53	12.53	0.058510	58.004
12.53	12.53	0.058527	58.130
12.56	12.54	0.058543	58.224
12.56	12.54	0.058560	58.329
12.56	12.54	0.058577	58.428
12.56	12.54	0.058593	58.523
12.56	12.55	0.058610	58.627
12.56	12.55	0.058627	58.727
12.56	12.55	0.058643	58.822
12.56	12.55	0.058660	58.926
12.56	12.55	0.058677	59.026
12.56	12.56	0.058693	59.120
12.56	12.56	0.058710	59.225
12.56	12.56	0.058727	59.324
12.56	12.56	0.058743	59.419
12.56	12.56	0.058760	59.523
12.56	12.57	0.058776	59.618
12.56	12.57	0.058793	59.718
12.56	12.57	0.058810	59.822
12.56	12.57	0.058826	59.917
12.56	12.57	0.058843	00.016
12.56	12.57	0.058860	00.121
12.56	12.57	0.058876	00.216
12.56	12.58	0.058893	00.316
12.58	12.58	0.058910	00.421
12.58	12.58	0.058926	00.515
12.58	12.58	0.058943	00.615
12.58	12.58	0.058960	00.719
12.58	12.58	0.058976	00.814
12.58	12.58	0.058993	00.913
12.58	12.58	0.059010	01.018
12.58	12.58	0.059026	01.112
12.58	12.58	0.059043	01.212
12.58	12.58	0.059060	01.316
12.58	12.58	0.059076	01.411
12.58	12.59	0.059093	01.511
12.61	12.59	0.059110	01.616
12.61	12.59	0.059126	01.710
12.61	12.59	0.059143	01.810
12.61	12.59	0.059160	01.915
12.61	12.59	0.059176	02.009
12.61	12.59	0.059193	02.109
12.61	12.59	0.059210	02.213
12.61	12.59	0.059226	02.308
12.61	12.59	0.059243	02.408
12.61	12.59	0.059260	02.512
12.61	12.59	0.059276	02.606
12.61	12.59	0.059293	02.708
12.61	12.59	0.059310	02.811
12.61	12.58	0.059326	02.905
12.61	12.58	0.059343	03.008
12.61	12.58	0.059360	03.109
12.61	12.58	0.059376	03.205
12.61	12.58	0.059393	03.308
12.61	12.58	0.059410	03.409
12.61	12.58	0.059426	03.504
12.61	12.58	0.059443	03.608
12.58	12.58	0.059460	03.708
12.58	12.58	0.059476	03.802
12.58	12.58	0.059493	03.907
12.58	12.58	0.059510	04.006
12.58	12.58	0.059526	04.102
12.58	12.57	0.059543	04.205
12.58	12.57	0.059560	04.305
12.58	12.57	0.059576	04.403
12.58	12.57	0.059593	04.504
12.58	12.57	0.059609	04.604
12.58	12.57	0.059626	04.702
12.58	12.57	0.059643	04.803
12.58	12.57	0.059659	04.903
12.58	12.56	0.059676	05.002
12.56	12.56	0.059693	05.103
12.56	12.56	0.059709	05.203
12.56	12.56	0.059726	05.302
12.56	12.56	0.059743	05.402
12.56	12.56	0.059759	05.503
12.56	12.55	0.059776	05.602
12.56	12.55	0.059793	05.702
12.56	12.55	0.059809	05.803
12.56	12.55	0.059826	05.902
12.56	12.55	0.059843	06.002
12.56	12.55	0.059859	06.103
12.56	12.54	0.059876	06.202
12.56	12.54	0.059893	06.302
12.56	12.54	0.059909	06.403
12.56	12.54	0.059926	06.503
12.56	12.54	0.059943	06.602
12.56	12.54	0.059959	06.703
12.56	12.53	0.059976	06.802
12.56	12.53	0.059993	06.902
12.53	12.53	0.060009	07.003
12.53	12.53	0.060026	07.102
12.53	12.53	0.060043	07.202
12.53	12.53	0.060059	07.303
12.53	12.52	0.060076	07.403
12.53	12.52	0.060093	07.502
12.53	12.52	0.060109	07.603
12.53	12.52	0.060126	07.702
12.53	12.52	0.060143	07.802
12.53	12.52	0.060159	07.903
12.53	12.51	0.060176	08.002
12.53	12.51	0.060193	08.103
12.50	12.51	0.060209	08.203
12.50	12.51	0.060226	08.302
12.50	12.51	0.060243	08.402
12.50	12.51	0.060259	08.503
12.50	12.50	0.060276	08.602
12.50	12.50	0.060293	08.702
12.50	12.50	0.060309	08.803
12.50	12.50	0.060326	08.903
12.50	12.50	0.060343	09.003
12.50	12.50	0.060359	09.103
12.50	12.50	0.060376	09.203
12.50	12.50	0.060393	09.303
12.50	12.49	0.060409	09.403
12.50	12.49	0.060426	09.503
12.48	12.49	0.060442	09.603
12.48	12.49	0.060459	09.704
12.48	12.49	0.060476	09.803
12.48	12.49	0.060492	09.903
12.48	12.49	0.060509	10.003
12.48	12.49	0.060526	10.103
12.48	12.49	0.060542	10.226
12.48	12.49	0.060559	10.303
12.48	12.49	0.060576	10.431
12.48	12.48	0.060592	10.526
12.48	12.48	0.060609	10.626
12.48	12.48	0.060626	10.730
12.48	12.48	0.060642	10.825
12.48	12.48	0.060659	10.903
12.48	12.48	0.060676	11.028
12.48	12.48	0.060692	11.123
12.48	12.48	0.060709	11.226
12.48	12.48	0.060726	11.327
12.48	12.48	0.060742	11.422
12.48	12.48	0.060759	11.526
12.48	12.48	0.060776	11.627
12.48	12.48	0.060792	11.721
12.48	12.48	0.060809	11.825
12.48	12.48	0.060826	11.925
12.48	12.48	0.060842	12.019
12.48	12.48	0.060859	12.124
12.48	12.48	0.060876	12.224
12.48	12.48	0.060892	12.318
12.48	12.48	0.060909	12.423
12.48	12.49	0.060926	12.522
12.48	12.49	0.060942	12.617
12.45	12.49	0.060959	12.721
12.45	12.49	0.060976	12.817
12.45	12.49	0.060992	12.917
12.45	12.49	0.061009	13.021
12.45	12.49	0.061026	13.116
12.45	12.49	0.061042	13.215
12.45	12.49	0.061059	13.320
12.48	12.49	0.061076	13.414
12.48	12.50	0.061092	13.513
12.48	12.50	0.061109	13.618
12.48	12.50	0.061126	13.713
12.48	12.50	0.061142	13.812
12.48	12.50	0.061159	13.917
12.48	12.50	0.061176	14.012
12.48	12.50	0.061192	14.112
12.48	12.51	0.061209	14.216
12.50	12.51	0.061226	14.311
12.50	12.51	0.061242	14.411
12.50	12.51	0.061259	14.515
12.50	12.51	0.061275	14.610
12.50	12.52	0.061292	14.709
12.50	12.52	0.061309	14.814
12.50	12.52	0.061325	14.908
12.53	12.52	0.061342	15.008
12.53	12.53	0.061359	15.112
12.53	12.53	0.061375	15.207
12.53	12.53	0.061392	15.307
12.53	12.53	0.061409	15.411
12.53	12.54	0.061425	15.506
12.53	12.54	0.061442	15.606
12.53	12.54	0.061459	15.710
12.53	12.54	0.061475	15.804
12.56	12.55	0.061492	15.906
12.56	12.55	0.061509	16.008
12.56	12.55	0.061525	16.104
12.56	12.55	0.061542	16.206
12.56	12.56	0.061559	16.308
12.56	12.56	0.061575	16.403
12.56	12.56	0.061592	16.506
12.56	12.57	0.061609	16.607
12.56	12.57	0.061625	16.703
12.56	12.57	0.061642	16.806
12.56	12.58	0.061659	16.906
12.56	12.58	0.061675	17.003
12.56	12.58	0.061692	17.105
12.56	12.59	0.061709	17.204
12.56	12.59	0.061725	17.303
12.56	12.59	0.061742	17.403
12.56	12.60	0.061759	17.503
12.56	12.60	0.061775	17.603
12.56	12.60	0.061792	17.703
12.58	12.61	0.061809	17.804
12.58	12.61	0.061825	17.903
12.58	12.61	0.061842	18.003
12.58	12.62	0.061859	18.103
12.58	12.62	0.061875	18.203
12.61	12.62	0.061892	18.303
12.61	12.63	0.061909	18.403
12.61	12.63	0.061925	18.504
12.61	12.63	0.061942	18.603
12.61	12.64	0.061959	18.703
12.63	12.64	0.061975	18.803
12.63	12.64	0.061992	18.903
12.63	12.65	0.062009	19.003
12.63	12.65	0.062025	19.103
12.63	12.65	0.062042	19.203
12.66	12.66	0.062059	19.303
12.66	12.66	0.062075	19.404
12.66	12.67	0.062092	19.503
12.66	12.67	0.062108	19.603
12.66	12.67	0.062125	19.703
12.66	12.68	0.062142	19.802
12.68	12.68	0.062158	19.903
12.68	12.68	0.062175	20.003
12.68	12.69	0.062192	20.103
12.68	12.69	0.062208	20.204
12.68	12.69	0.062225	20.303
12.68	12.70	0.062242	20.403
12.71	12.70	0.062258	20.503
12.71	12.70	0.062275	20.603
12.71	12.71	0.062292	20.703
12.71	12.71	0.062308	20.803
12.71	12.71	0.062325	20.902
12.71	12.71	0.062342	21.003
12.71	12.72	0.062358	21.103
12.74	12.72	0.062375	21.203
12.74	12.72	0.062392	21.303
12.74	12.73	0.062408	21.403
12.74	12.73	0.062425	21.503
12.74	12.73	0.062442	21.603
12.74	12.74	0.062458	21.703
12.74	12.74	0.062475	21.804
12.74	12.74	0.062492	21.903
12.74	12.74	0.062508	22.003
12.74	12.75	0.062525	22.103
12.74	12.75	0.062542	22.203
12.76	12.75	0.062558	22.303
12.76	12.75	0.062575	22.403
12.76	12.76	0.062592	22.503
12.76	12.76	0.062608	22.603
12.76	12.76	0.062625	22.732
12.76	12.76	0.062642	22.827
12.76	12.77	0.062658	22.903
12.76	12.77	0.062675	23.031
12.76	12.77	0.062692	23.126
12.76	12.77	0.062708	23.225
12.79	12.77	0.062725	23.331
12.79	12.78	0.062742	23.425
12.79	12.78	0.062758	23.525
12.79	12.78	0.062775	23.629
12.79	12.78	0.062792	23.724
12.79	12.78	0.062808	23.826
12.79	12.78	0.062825	23.928
12.79	12.78	0.062842	24.022
12.79	12.79	0.062858	24.125
12.79	12.79	0.062875	24.226
12.79	12.79	0.062892	24.321
12.79	12.79	0.062908	24.425
12.79	12.79	0.062925	24.525
12.81	12.79	0.062941	24.621
12.81	12.79	0.062958	24.725
12.81	12.79	0.062975	24.825
12.81	12.80	0.062991	24.919
12.81	12.80	0.063008	25.024
12.81	12.80	0.063025	25.123
12.81	12.80	0.063041	25.218
12.81	12.80	0.063058	25.323
12.81	12.80	0.063075	25.422
12.81	12.80	0.063091	25.517
12.81	12.80	0.063108	25.621
12.81	12.80	0.063125	25.721
12.81	12.80	0.063141	25.816
12.81	12.80	0.063158	25.920
12.81	12.80	0.063175	26.015
12.81	12.80	0.063191	26.114
12.81	12.80	0.063208	26.219
12.81	12.80	0.063225	26.313
12.81	12.80	0.063241	26.413
12.81	12.80	0.063258	26.517
12.81	12.80	0.063275	26.612
12.81	12.80	0.063291	26.712
12.81	12.80	0.063308	26.816
12.81	12.80	0.063325	26.911
12.81	12.80	0.063341	27.010
12.81	12.80	0.063358	27.115
12.81	12.80	0.063375	27.209
12.81	12.80	0.063391	27.310
12.81	12.80	0.063408	27.415
12.81	12.79	0.063425	27.509
12.81	12.79	0.063441	27.609
12.81	12.79	0.063458	27.713
12.79	12.79	0.063475	27.808
12.79	12.79	0.063491	27.907
12.79	12.79	0.063508	28.012
12.79	12.79	0.063525	28.107
12.79	12.79	0.063541	28.206
12.79	12.79	0.063558	28.311
12.79	12.79	0.063575	28.405
12.79	12.78	0.063591	28.505
12.79	12.78	0.063608	28.610
12.79	12.78	0.063625	28.704
12.79	12.78	0.063641	28.805
12.79	12.78	0.063658	28.909
12.79	12.78	0.063675	29.004
12.79	12.78	0.063691	29.105
12.79	12.77	0.063708	29.207
12.79	12.77	0.063725	29.304
12.79	12.77	0.063741	29.404
12.79	12.77	0.063758	29.506
12.79	12.77	0.063774	29.604
12.79	12.77	0.063791	29.704
12.79	12.76	0.063808	29.805
12.79	12.76	0.063824	29.904
12.79	12.76	0.063841	30.004
12.76	12.76	0.063858	30.104
12.76	12.76	0.063874	30.204
12.76	12.76	0.063891	30.304
12.76	12.75	0.063908	30.404
12.76	12.75	0.063924	30.505
12.76	12.75	0.063941	30.604
12.76	12.75	0.063958	30.704
12.76	12.75	0.063974	30.804
12.76	12.75	0.063991	30.904
12.76	12.74	0.064008	31.004
12.76	12.74	0.064024	31.105
12.76	12.74	0.064041	31.204
12.74	12.74	0.064058	31.304
12.74	12.74	0.064074	31.404
12.74	12.74	0.064091	31.505
12.74	12.73	0.064108	31.605
12.74	12.73	0.064124	31.705
12.74	12.73	0.064141	31.806
12.74	12.73	0.064158	31.905
12.74	12.73	0.064174	32.005
12.74	12.73	0.064191	32.105
12.71	12.72	0.064208	32.205
12.71	12.72	0.064224	32.305
12.71	12.72	0.064241	32.405
12.71	12.72	0.064258	32.505
12.71	12.72	0.064274	32.606
12.71	12.72	0.064291	32.705
12.71	12.72	0.064308	32.805
12.71	12.71	0.064324	32.905
12.71	12.71	0.064341	33.005
12.71	12.71	0.064358	33.105
12.71	12.71	0.064374	33.205
12.71	12.71	0.064391	33.305
12.71	12.71	0.064408	33.405
12.71	12.71	0.064424	33.506
12.71	12.71	0.064441	33.605
12.71	12.70	0.064458	33.705
12.68	12.70	0.064474	33.805
12.68	12.70	0.064491	33.905
12.68	12.70	0.064508	34.005
12.68	12.70	0.064524	34.105
12.68	12.70	0.064541	34.206
12.68	12.70	0.064558	34.305
12.68	12.70	0.064574	34.405
12.68	12.70	0.064591	34.505
12.68	12.70	0.064607	34.605
12.68	12.70	0.064624	34.705
12.68	12.70	0.064641	34.805
12.68	12.70	0.064657	34.905
12.68	12.70	0.064674	35.034
12.71	12.70	0.064691	35.129
12.71	12.70	0.064707	35.229
12.71	12.70	0.064724	35.333
12.71	12.70	0.064741	35.428
12.71	12.70	0.064757	35.527
12.71	12.70	0.064774	35.632
12.71	12.70	0.064791	35.726
12.71	12.70	0.064807	35.826
12.71	12.70	0.064824	35.931
12.71	12.70	0.064841	36.026
12.71	12.70	0.064857	36.125
12.71	12.70	0.064874	36.230
12.71	12.70	0.064891	36.324
12.71	12.70	0.064907	36.424
12.71	12.70	0.064924	36.528
12.71	12.70	0.064941	36.623
12.68	12.70	0.064957	36.724
12.68	12.70	0.064974	36.827
12.68	12.70	0.064991	36.922
12.68	12.70	0.065007	37.023
12.68	12.70	0.065024	37.126
12.68	12.70	0.065041	37.220
12.68	12.71	0.065057	37.324
12.68	12.71	0.065074	37.425
12.68	12.71	0.065091	37.519
12.68	12.71	0.065107	37.624
12.68	12.71	0.065124	37.723
12.71	12.71	0.065141	37.819
12.71	12.71	0.065157	37.923
12.71	12.72	0.065174	38.023
12.71	12.72	0.065191	38.117
12.71	12.72	0.065207	38.222
12.71	12.72	0.065224	38.322
12.71	12.72	0.065241	38.416
12.71	12.73	0.065257	38.521
12.71	12.73	0.065274	38.620
12.74	12.73	0.065291	38.715
12.74	12.73	0.065307	38.819
12.74	12.73	0.065324	38.919
12.74	12.74	0.065341	39.014
12.74	12.74	0.065357	39.119
12.74	12.74	0.065374	39.213
12.74	12.74	0.065391	39.313
12.74	12.75	0.065407	39.417
12.74	12.75	0.065424	39.512
12.74	12.75	0.065440	39.611
12.74	12.75	0.065457	39.716
12.74	12.76	0.065474	39.811
12.74	12.76	0.065490	39.910
12.74	12.76	0.065507	40.015
12.76	12.77	0.065524	40.109
12.76	12.77	0.065540	40.209
12.76	12.77	0.065557	40.313
12.76	12.77	0.065574	40.408
12.76	12.78	0.065590	40.508
12.76	12.78	0.065607	40.612
12.76	12.78	0.065624	40.707
12.76	12.79	0.065640	40.806
12.76	12.79	0.065657	40.911
12.79	12.79	0.065674	41.005
12.79	12.80	0.065690	41.105
12.79	12.80	0.065707	41.210
12.79	12.80	0.065724	41.306
12.79	12.81	0.065740	41.405
12.79	12.81	0.065757	41.509
12.79	12.81	0.065774	41.606
12.81	12.82	0.065790	41.705
12.81	12.82	0.065807	41.808
12.81	12.82	0.065824	41.905
12.81	12.83	0.065840	42.005
12.81	12.83	0.065857	42.106
12.81	12.83	0.065874	42.205
12.81	12.84	0.065890	42.305
12.81	12.84	0.065907	42.405
12.84	12.84	0.065924	42.506
12.84	12.85	0.065940	42.605
12.84	12.85	0.065957	42.705
12.84	12.85	0.065974	42.805
12.84	12.86	0.065990	42.905
12.84	12.86	0.066007	43.005
12.86	12.86	0.066024	43.105
12.86	12.87	0.066040	43.205
12.86	12.87	0.066057	43.305
12.86	12.88	0.066074	43.406
12.86	12.88	0.066090	43.505
12.86	12.88	0.066107	43.605
12.86	12.89	0.066124	43.705
12.89	12.89	0.066140	43.805
12.89	12.89	0.066157	43.905
12.89	12.90	0.066174	44.005
12.89	12.90	0.066190	44.106
12.89	12.90	0.066207	44.205
12.92	12.91	0.066224	44.305
12.92	12.91	0.066240	44.405
12.92	12.91	0.066257	44.505
12.92	12.92	0.066273	44.605
12.92	12.92	0.066290	44.705
12.92	12.92	0.066307	44.805
12.92	12.93	0.066323	44.906
12.94	12.93	0.066340	45.005
12.94	12.93	0.066357	45.105
12.94	12.93	0.066373	45.205
12.94	12.94	0.066390	45.305
12.94	12.94	0.066407	45.405
12.94	12.94	0.066423	45.505
12.94	12.95	0.066440	45.605
12.94	12.95	0.066457	45.705
12.97	12.95	0.066473	45.806
12.97	12.95	0.066490	45.905
12.97	12.96	0.066507	46.005
12.97	12.96	0.066523	46.105
12.97	12.96	0.066540	46.205
12.97	12.96	0.066557	46.305
12.97	12.97	0.066573	46.405
12.97	12.97	0.066590	46.506
12.97	12.97	0.066607	46.605
12.97	12.97	0.066623	46.705
12.97	12.98	0.066640	46.805
12.97	12.98	0.066657	46.905
12.99	12.98	0.066673	47.005
12.99	12.98	0.066690	47.105
12.99	12.98	0.066707	47.205
12.99	12.99	0.066723	47.305
12.99	12.99	0.066740	47.405
12.99	12.99	0.066757	47.505
12.99	12.99	0.066773	47.605
12.99	12.99	0.066790	47.705
12.99	13.00	0.066807	47.829
12.99	13.00	0.066823	47.934
12.99	13.00	0.066840	48.028
13.02	13.00	0.066857	48.128
13.02	13.00	0.066873	48.232
13.02	13.00	0.066890	48.327
13.02	13.00	0.066907	48.427
13.02	13.00	0.066923	48.531
13.02	13.01	0.066940	48.626
13.02	13.01	0.066957	48.725
13.02	13.01	0.066973	48.830
13.02	13.01	0.066990	48.924
13.02	13.01	0.067007	49.024
13.02	13.01	0.067023	49.129
13.02	13.01	0.067040	49.223
13.02	13.01	0.067057	49.324
13.02	13.01	0.067073	49.428
13.02	13.01	0.067090	49.522
13.02	13.01	0.067106	49.622
13.02	13.01	0.067123	49.727
13.02	13.01	0.067140	49.821
13.02	13.01	0.067156	49.923
13.02	13.01	0.067173	50.025
13.02	13.01	0.067190	50.120
13.02	13.01	0.067206	50.222
13.02	13.01	0.067223	50.324
13.02	13.01	0.067240	50.418
13.02	13.01	0.067256	50.522
13.02	13.01	0.067273	50.623
13.02	13.01	0.067290	50.718
13.02	13.01	0.067306	50.822
13.02	13.01	0.067323	50.922
12.99	13.01	0.067340	51.017
12.99	13.01	0.067356	51.121
12.99	13.01	0.067373	51.221
12.99	13.01	0.067390	51.315
12.99	13.01	0.067406	51.420
12.99	13.01	0.067423	51.519
12.99	13.01	0.067440	51.614
12.99	13.01	0.067456	51.718
13.02	13.00	0.067473	51.819
13.02	13.00	0.067490	51.913
13.02	13.00	0.067506	52.018
13.02	13.00	0.067523	52.113
13.02	13.00	0.067540	52.212
13.02	13.00	0.067556	52.317
13.02	13.00	0.067573	52.411
13.02	13.00	0.067590	52.511
13.02	13.00	0.067606	52.615
13.02	12.99	0.067623	52.710
13.02	12.99	0.067640	52.809
13.02	12.99	0.067656	52.914
13.02	12.99	0.067673	53.009
13.02	12.99	0.067690	53.108
13.02	12.99	0.067706	53.213
13.02	12.99	0.067723	53.307
13.02	12.98	0.067740	53.407
13.02	12.98	0.067756	53.511
12.99	12.98	0.067773	53.606
12.99	12.98	0.067790	53.707
12.99	12.98	0.067806	53.810
12.99	12.98	0.067823	53.906
12.99	12.97	0.067840	54.006
12.99	12.97	0.067856	54.110
12.99	12.97	0.067873	54.206
12.99	12.97	0.067890	54.306
12.97	12.97	0.067906	54.408
12.97	12.97	0.067923	54.506
12.97	12.96	0.067939	54.607
12.97	12.96	0.067956	54.707
12.97	12.96	0.067973	54.806
12.97	12.96	0.067989	54.906
12.97	12.96	0.068006	55.006
12.97	12.96	0.068023	55.106
12.97	12.95	0.068039	55.206
12.97	12.95	0.068056	55.307
12.94	12.95	0.068073	55.407
12.94	12.95	0.068089	55.506
12.94	12.95	0.068106	55.607
12.94	12.95	0.068123	55.707
12.94	12.94	0.068139	55.807
12.94	12.94	0.068156	55.907
12.94	12.94	0.068173	56.007
12.94	12.94	0.068189	56.107
12.94	12.94	0.068206	56.208
12.94	12.94	0.068223	56.307
12.94	12.93	0.068239	56.407
12.94	12.93	0.068256	56.507
12.94	12.93	0.068273	56.607
12.94	12.93	0.068289	56.707
12.94	12.93	0.068306	56.807
12.94	12.93	0.068323	56.907
12.94	12.93	0.068339	57.008
12.92	12.92	0.068356	57.107
12.92	12.92	0.068373	57.207
12.92	12.92	0.068389	57.307
12.92	12.92	0.068406	57.407
12.92	12.92	0.068423	57.507
12.92	12.92	0.068439	57.607
12.92	12.92	0.068456	57.707
12.92	12.92	0.068473	57.807
12.92	12.92	0.068489	57.908
12.92	12.92	0.068506	58.007
12.92	12.91	0.068523	58.107
12.92	12.91	0.068539	58.207
12.92	12.91	0.068556	58.307
12.92	12.91	0.068573	58.407
12.92	12.91	0.068589	58.508
12.92	12.91	0.068606	58.607
12.92	12.91	0.068623	58.707
12.92	12.91	0.068639	58.807
12.89	12.91	0.068656	58.907
12.89	12.91	0.068673	59.007
12.89	12.91	0.068689	59.107
12.89	12.91	0.068706	59.207
12.89	12.91	0.068723	59.307
12.89	12.91	0.068739	59.408
12.89	12.91	0.068756	59.507
12.89	12.91	0.068772	59.607
12.89	12.91	0.068789	59.707
12.89	12.91	0.068806	59.807
12.89	12.91	0.068822	59.906
12.89	12.91	0.068839	00.007
12.89	12.91	0.068856	00.130
12.89	12.91	0.068872	00.235
12.89	12.91	0.068889	00.330
12.89	12.91	0.068906	00.430
12.89	12.91	0.068922	00.534
12.89	12.91	0.068939	00.629
12.89	12.91	0.068956	00.728
12.89	12.91	0.068972	00.833
12.92	12.92	0.068989	00.928
12.92	12.92	0.069006	01.027
12.92	12.92	0.069022	01.132
12.92	12.92	0.069039	01.227
12.92	12.92	0.069056	01.326
12.92	12.92	0.069072	01.431
12.92	12.92	0.069089	01.525
12.92	12.92	0.069106	01.625
12.92	12.92	0.069122	01.729
12.92	12.93	0.069139	01.824
12.92	12.93	0.069156	01.924
12.92	12.93	0.069172	02.028
12.92	12.93	0.069189	02.123
12.92	12.93	0.069206	02.222
12.92	12.94	0.069222	02.327
12.92	12.94	0.069239	02.422
12.92	12.94	0.069256	02.521
12.92	12.94	0.069272	02.626
12.92	12.94	0.069289	02.721
12.92	12.95	0.069306	02.820
12.92	12.95	0.069322	02.925
12.94	12.95	0.069339	03.019
12.94	12.95	0.069356	03.121
12.94	12.95	0.069372	03.223
12.94	12.96	0.069389	03.318
12.94	12.96	0.069406	03.420
12.94	12.96	0.069422	03.522
12.94	12.96	0.069439	03.617
12.94	12.97	0.069456	03.720
12.97	12.97	0.069472	03.821
12.97	12.97	0.069489	03.916
12.97	12.98	0.069506	04.020
12.97	12.98	0.069522	04.120
12.97	12.98	0.069539	04.215
12.97	12.98	0.069556	04.320
12.97	12.99	0.069572	04.419
12.99	12.99	0.069589	04.514
12.99	12.99	0.069605	04.618
12.99	13.00	0.069622	04.718
12.99	13.00	0.069639	04.812
12.99	13.00	0.069655	04.917
12.99	13.01	0.069672	05.016
12.99	13.01	0.069689	05.111
12.99	13.01	0.069705	05.216
12.99	13.02	0.069722	05.310
13.02	13.02	0.069739	05.410
13.02	13.02	0.069755	05.514
13.02	13.03	0.069772	05.609
13.02	13.03	0.069789	05.708
13.02	13.03	0.069805	05.813
13.02	13.04	0.069822	05.908
13.04	13.04	0.069839	06.007
13.04	13.04	0.069855	06.112
13.04	13.05	0.069872	06.207
13.04	13.05	0.069889	06.307
13.04	13.05	0.069905	06.410
13.04	13.06	0.069922	06.507
13.04	13.06	0.069939	06.607
13.04	13.06	0.069955	06.710
13.07	13.07	0.069972	06.808
13.07	13.07	0.069989	06.907
13.07	13.07	0.070005	07.009
13.07	13.08	0.070022	07.107
13.07	13.08	0.070039	07.207
13.07	13.09	0.070055	07.307
13.07	13.09	0.070072	07.407
13.09	13.09	0.070089	07.508
13.09	13.10	0.070105	07.607
13.09	13.10	0.070122	07.707
13.09	13.10	0.070139	07.807
13.09	13.11	0.070155	07.907
13.09	13.11	0.070172	08.007
13.09	13.11	0.070189	08.107
13.12	13.12	0.070205	08.207
13.12	13.12	0.070222	08.307
13.12	13.12	0.070239	08.408
13.12	13.13	0.070255	08.507
13.12	13.13	0.070272	08.607
13.12	13.13	0.070289	08.707
13.15	13.14	0.070305	08.807
13.15	13.14	0.070322	08.907
13.15	13.14	0.070339	09.007
13.15	13.14	0.070355	09.108
13.15	13.15	0.070372	09.207
13.15	13.15	0.070389	09.307
13.15	13.15	0.070405	09.407
13.17	13.16	0.070422	09.507
13.17	13.16	0.070438	09.607
13.17	13.16	0.070455	09.707
13.17	13.16	0.070472	09.807
13.17	13.17	0.070488	09.908
13.17	13.17	0.070505	10.007
13.17	13.17	0.070522	10.107
13.17	13.18	0.070538	10.207
13.17	13.18	0.070555	10.307
13.17	13.18	0.070572	10.407
13.17	13.18	0.070588	10.507
13.17	13.19	0.070605	10.607
13.17	13.19	0.070622	10.707
13.20	13.19	0.070638	10.808
13.20	13.19	0.070655	10.907
13.20	13.19	0.070672	11.007
13.20	13.20	0.070688	11.107
13.20	13.20	0.070705	11.207
13.20	13.20	0.070722	11.307
13.20	13.20	0.070738	11.407
13.20	13.20	0.070755	11.508
13.20	13.21	0.070772	11.607
13.20	13.21	0.070788	11.707
13.22	13.21	0.070805	11.808
13.22	13.21	0.070822	11.907
13.22	13.21	0.070838	12.007
13.22	13.21	0.070855	12.107
13.22	13.21	0.070872	12.207
13.22	13.22	0.070888	12.307
13.22	13.22	0.070905	12.407
13.22	13.22	0.070922	12.507
13.22	13.22	0.070938	12.636
13.22	13.22	0.070955	12.731
13.22	13.22	0.070972	12.836
13.22	13.22	0.070988	12.935
13.25	13.22	0.071005	13.031
13.25	13.22	0.071022	13.135
13.25	13.22	0.071038	13.230
13.25	13.22	0.071055	13.329
13.25	13.22	0.071072	13.434
13.25	13.23	0.071088	13.528
13.25	13.23	0.071105	13.628
13.25	13.23	0.071122	13.732
13.25	13.23	0.071138	13.827
13.22	13.23	0.071155	13.926
13.22	13.23	0.071172	14.031
13.22	13.23	0.071188	14.125
13.22	13.23	0.071205	14.225
13.22	13.23	0.071222	14.329
13.22	13.23	0.071238	14.424
13.22	13.23	0.071255	14.524
13.22	13.23	0.071271	14.629
13.22	13.23	0.071288	14.724
13.22	13.23	0.071305	14.823
13.22	13.22	0.071321	14.928
13.22	13.22	0.071338	15.022
13.22	13.22	0.071355	15.122
13.25	13.22	0.071371	15.227
13.25	13.22	0.071388	15.321
13.25	13.22	0.071405	15.421
13.25	13.22	0.071421	15.525
13.25	13.22	0.071438	15.620
13.25	13.22	0.071455	15.719
13.25	13.22	0.071471	15.824
13.25	13.22	0.071488	15.919
13.25	13.22	0.071505	16.019
13.25	13.22	0.071521	16.123
13.22	13.21	0.071538	16.217
13.22	13.21	0.071555	16.319
13.22	13.21	0.071571	16.421
13.22	13.21	0.071588	16.516
13.22	13.21	0.071605	16.618
13.22	13.21	0.071621	16.721
13.22	13.21	0.071638	16.816
13.22	13.21	0.071655	16.919
13.22	13.20	0.071671	17.020
13.22	13.20	0.071688	17.114
13.22	13.20	0.071705	17.219
13.20	13.20	0.071721	17.318
13.20	13.20	0.071738	17.413
13.20	13.20	0.071755	17.517
13.20	13.19	0.071771	17.617
13.20	13.19	0.071788	17.711
13.20	13.19	0.071805	17.817
13.20	13.19	0.071821	17.915
13.20	13.19	0.071838	18.010
13.20	13.19	0.071855	18.115
13.20	13.18	0.071871	18.215
13.17	13.18	0.071888	18.310
13.17	13.18	0.071905	18.414
13.17	13.18	0.071921	18.509
13.17	13.18	0.071938	18.608
13.17	13.18	0.071955	18.713
13.17	13.17	0.071971	18.807
13.17	13.17	0.071988	18.907
13.17	13.17	0.072005	19.012
13.17	13.17	0.072021	19.107
13.17	13.17	0.072038	19.207
13.17	13.17	0.072055	19.310
13.17	13.16	0.072071	19.407
13.17	13.16	0.072088	19.507
13.17	13.16	0.072104	19.609
13.17	13.16	0.072121	19.707
13.17	13.16	0.072138	19.807
13.17	13.16	0.072154	19.908
13.17	13.15	0.072171	20.007
13.17	13.15	0.072188	20.107
13.17	13.15	0.072204	20.207
13.15	13.15	0.072221	20.307
13.15	13.15	0.072238	20.407
13.15	13.15	0.072254	20.507
13.15	13.14	0.072271	20.608
13.15	13.14	0.072288	20.707
13.15	13.14	0.072304	20.807
13.15	13.14	0.072321	20.907
13.15	13.14	0.072338	21.006
13.15	13.14	0.072354	21.107
13.15	13.14	0.072371	21.207
13.15	13.14	0.072388	21.307
13.15	13.13	0.072404	21.408
13.12	13.13	0.072421	21.507
13.12	13.13	0.072438	21.607
13.12	13.13	0.072454	21.707
13.12	13.13	0.072471	21.807
13.12	13.13	0.072488	21.907
13.12	13.13	0.072504	22.007
13.12	13.13	0.072521	22.107
13.12	13.13	0.072538	22.207
13.12	13.13	0.072554	22.308
13.12	13.13	0.072571	22.407
13.12	13.12	0.072588	22.507
13.12	13.12	0.072604	22.607
13.12	13.12	0.072621	22.707
13.12	13.12	0.072638	22.807
13.12	13.12	0.072654	22.907
13.12	13.12	0.072671	23.007
13.12	13.12	0.072688	23.108
13.12	13.12	0.072704	23.207
13.12	13.12	0.072721	23.307
13.12	13.12	0.072738	23.407
13.12	13.12	0.072754	23.507
13.12	13.12	0.072771	23.607
13.12	13.12	0.072788	23.707
13.12	13.12	0.072804	23.808
13.09	13.12	0.072821	23.908
13.09	13.12	0.072838	24.009
13.09	13.12	0.072854	24.108
13.09	13.12	0.072871	24.208
13.09	13.12	0.072888	24.308
13.09	13.12	0.072904	24.408
13.09	13.13	0.072921	24.508
13.09	13.13	0.072937	24.608
13.09	13.13	0.072954	24.709
13.12	13.13	0.072971	24.808
13.12	13.13	0.072987	24.908
13.12	13.13	0.073004	25.008
13.12	13.13	0.073021	25.108
13.12	13.13	0.073037	25.207
13.12	13.13	0.073054	25.332
13.12	13.13	0.073071	25.436
13.12	13.14	0.073087	25.536
13.15	13.14	0.073104	25.630
13.15	13.14	0.073121	25.735
13.15	13.14	0.073137	25.835
13.15	13.14	0.073154	25.929
13.15	13.14	0.073171	26.035
13.15	13.14	0.073187	26.133
13.15	13.15	0.073204	26.228
13.15	13.15	0.073221	26.332
13.15	13.15	0.073237	26.427
13.15	13.15	0.073254	26.527
13.15	13.15	0.073271	26.632
13.15	13.16	0.073287	26.727
13.15	13.16	0.073304	26.826
13.15	13.16	0.073321	26.931
13.15	13.16	0.073337	27.025
13.15	13.17	0.073354	27.125
13.15	13.17	0.073371	27.229
13.15	13.17	0.073387	27.324
13.17	13.17	0.073404	27.424
13.17	13.18	0.073421	27.528
13.17	13.18	0.073437	27.623
13.17	13.18	0.073454	27.722
13.17	13.18	0.073471	27.827
13.17	13.19	0.073487	27.921
13.17	13.19	0.073504	28.021
13.17	13.19	0.073521	28.126
13.17	13.19	0.073537	28.220
13.17	13.20	0.073554	28.320
13.17	13.20	0.073571	28.424
13.20	13.20	0.073587	28.519
13.20	13.21	0.073604	28.618
13.20	13.21	0.073621	28.723
13.20	13.21	0.073637	28.817
13.20	13.22	0.073654	28.918
13.20	13.22	0.073671	29.023
13.20	13.22	0.073687	29.117
13.22	13.23	0.073704	29.218
13.22	13.23	0.073721	29.321
13.22	13.23	0.073737	29.416
13.22	13.24	0.073754	29.517
13.22	13.24	0.073770	29.620
13.22	13.24	0.073787	29.715
13.22	13.25	0.073804	29.817
13.25	13.25	0.073820	29.919
13.25	13.25	0.073837	30.013
13.25	13.26	0.073854	30.117
13.25	13.26	0.073870	30.217
13.25	13.26	0.073887	30.312
13.25	13.27	0.073904	30.416
13.27	13.27	0.073920	30.516
13.27	13.27	0.073937	30.611
13.27	13.28	0.073954	30.715
13.27	13.28	0.073970	30.815
13.27	13.28	0.073987	30.909
13.27	13.29	0.074004	31.014
13.30	13.29	0.074020	31.114
13.30	13.29	0.074037	31.209
13.30	13.30	0.074054	31.314
13.30	13.30	0.074070	31.413
13.30	13.31	0.074087	31.508
13.30	13.31	0.074104	31.612
13.30	13.31	0.074120	31.713
13.33	13.32	0.074137	31.808
13.33	13.32	0.074154	31.911
13.33	13.32	0.074170	32.012
13.33	13.33	0.074187	32.108
13.33	13.33	0.074204	32.210
13.33	13.33	0.074220	32.312
13.33	13.34	0.074237	32.408
13.33	13.34	0.074254	32.508
13.33	13.34	0.074270	32.612
13.35	13.35	0.074287	32.708
13.35	13.35	0.074304	32.808
13.35	13.35	0.074320	32.913
13.35	13.35	0.074337	33.008
13.35	13.36	0.074354	33.108
13.35	13.36	0.074370	33.212
13.35	13.36	0.074387	33.308
13.35	13.37	0.074404	33.408
13.35	13.37	0.074420	33.512
13.38	13.37	0.074437	33.608
13.38	13.38	0.074454	33.709
13.38	13.38	0.074470	33.812
13.38	13.38	0.074487	33.908
13.38	13.38	0.074504	34.008
13.38	13.39	0.074520	34.112
13.38	13.39	0.074537	34.208
13.38	13.39	0.074554	34.308
13.38	13.39	0.074570	34.412
13.40	13.40	0.074587	34.509
13.40	13.40	0.074603	34.608
13.40	13.40	0.074620	34.712
13.40	13.40	0.074637	34.808
13.40	13.41	0.074653	34.908
13.40	13.41	0.074670	35.012
13.40	13.41	0.074687	35.108
13.40	13.41	0.074703	35.208
13.40	13.41	0.074720	35.313
13.43	13.42	0.074737	35.408
13.43	13.42	0.074753	35.509
13.43	13.42	0.074770	35.612
13.43	13.42	0.074787	35.709
13.43	13.42	0.074803	35.809
13.43	13.42	0.074820	35.912
13.43	13.42	0.074837	36.009
13.43	13.43	0.074853	36.109
13.45	13.43	0.074870	36.212
13.45	13.43	0.074887	36.309
13.45	13.43	0.074903	36.409
13.45	13.43	0.074920	36.512
13.45	13.43	0.074937	36.609
13.45	13.43	0.074953	36.709
13.45	13.43	0.074970	36.812
13.45	13.44	0.074987	36.909
13.45	13.44	0.075003	37.010
13.45	13.44	0.075020	37.112
13.45	13.44	0.075037	37.209
13.45	13.44	0.075053	37.309
13.45	13.44	0.075070	37.412
13.45	13.44	0.075087	37.509
13.45	13.44	0.075103	37.633
13.45	13.44	0.075120	37.712
13.45	13.44	0.075137	37.837
13.45	13.44	0.075153	37.932
13.45	13.44	0.075170	38.012
13.45	13.44	0.075187	38.137
13.45	13.44	0.075203	38.232
13.45	13.44	0.075220	38.336
13.45	13.44	0.075237	38.436
13.45	13.44	0.075253	38.530
13.45	13.44	0.075270	38.635
13.45	13.44	0.075287	38.734
13.45	13.44	0.075303	38.829
13.45	13.44	0.075320	38.934
13.45	13.44	0.075337	39.033
13.45	13.44	0.075353	39.128
13.45	13.44	0.075370	39.232
13.45	13.44	0.075387	39.332
13.45	13.44	0.075403	39.426
13.45	13.43	0.075420	39.531
13.43	13.43	0.075436	39.625
13.43	13.43	0.075453	39.725
13.43	13.43	0.075470	39.830
13.43	13.43	0.075486	39.924
13.43	13.43	0.075503	40.024
13.43	13.43	0.075520	40.128
13.43	13.43	0.075536	40.223
13.43	13.43	0.075553	40.322
13.43	13.43	0.075570	40.427
13.43	13.42	0.075586	40.522
13.43	13.42	0.075603	40.622
13.43	13.42	0.075620	40.727
13.43	13.42	0.075636	40.821
13.43	13.42	0.075653	40.921
13.43	13.42	0.075670	41.025
13.43	13.42	0.075686	41.120
13.43	13.41	0.075703	41.220
13.43	13.41	0.075720	41.324
13.43	13.41	0.075736	41.419
13.43	13.41	0.075753	41.518
13.43	13.41	0.075770	41.623
13.43	13.41	0.075786	41.717
13.43	13.40	0.075803	41.817
13.43	13.40	0.075820	41.922
13.43	13.40	0.075836	42.016
13.43	13.40	0.075853	42.116
13.43	13.40	0.075870	42.220
13.40	13.40	0.075886	42.315
13.40	13.39	0.075903	42.415
13.40	13.39	0.075920	42.519
13.40	13.39	0.075936	42.613
13.40	13.39	0.075953	42.716
13.40	13.39	0.075970	42.818
13.40	13.39	0.075986	42.912
13.38	13.38	0.076003	43.016
13.38	13.38	0.076020	43.117
13.38	13.38	0.076036	43.211
13.38	13.38	0.076053	43.315
13.38	13.38	0.076070	43.416
13.38	13.38	0.076086	43.510
13.38	13.37	0.076103	43.615
13.38	13.37	0.076120	43.715
13.38	13.37	0.076136	43.809
13.38	13.37	0.076153	43.914
13.38	13.37	0.076170	44.013
13.38	13.37	0.076186	44.109
13.35	13.36	0.076203	44.212
13.35	13.36	0.076220	44.312
13.35	13.36	0.076236	44.410
13.35	13.36	0.076253	44.511
13.35	13.36	0.076269	44.611
13.35	13.36	0.076286	44.709
13.35	13.36	0.076303	44.810
13.35	13.35	0.076319	44.911
13.35	13.35	0.076336	45.009
13.35	13.35	0.076353	45.109
13.35	13.35	0.076369	45.211
13.35	13.35	0.076386	45.310
13.35	13.35	0.076403	45.409
13.35	13.35	0.076419	45.511
13.35	13.35	0.076436	45.609
13.35	13.34	0.076453	45.709
13.35	13.34	0.076469	45.811
13.35	13.34	0.076486	45.909
13.35	13.34	0.076503	46.009
13.35	13.34	0.076519	46.111
13.35	13.34	0.076536	46.209
13.35	13.34	0.076553	46.309
13.35	13.34	0.076569	46.411
13.33	13.34	0.076586	46.509
13.33	13.34	0.076603	46.609
13.33	13.34	0.076619	46.711
13.33	13.34	0.076636	46.809
13.33	13.34	0.076653	46.909
13.33	13.34	0.076669	47.010
13.33	13.34	0.076686	47.109
13.33	13.34	0.076703	47.210
13.33	13.34	0.076719	47.311
13.33	13.34	0.076736	47.409
13.33	13.34	0.076753	47.509
13.33	13.34	0.076769	47.611
13.33	13.34	0.076786	47.709
13.33	13.34	0.076803	47.809
13.33	13.34	0.076819	47.911
13.33	13.34	0.076836	48.010
13.33	13.34	0.076853	48.109
13.33	13.34	0.076869	48.211
13.33	13.34	0.076886	48.309
13.33	13.34	0.076903	48.409
13.33	13.34	0.076919	48.510
13.33	13.34	0.076936	48.609
13.33	13.34	0.076953	48.709
13.33	13.34	0.076969	48.810
13.33	13.34	0.076986	48.909
13.33	13.34	0.077003	49.009
13.35	13.34	0.077019	49.111
13.35	13.34	0.077036	49.209
13.35	13.35	0.077053	49.309
13.35	13.35	0.077069	49.410
13.35	13.35	0.077086	49.509
13.35	13.35	0.077102	49.610
13.35	13.35	0.077119	49.710
13.35	13.35	0.077136	49.809
13.35	13.35	0.077152	49.909
13.35	13.36	0.077169	50.010
13.35	13.36	0.077186	50.109
13.35	13.36	0.077202	50.209
13.35	13.36	0.077219	50.310
13.35	13.36	0.077236	50.438
13.35	13.37	0.077252	50.533
13.35	13.37	0.077269	50.611
13.35	13.37	0.077286	50.737
13.35	13.37	0.077302	50.832
13.35	13.37	0.077319	50.910
13.35	13.38	0.077336	51.036
13.35	13.38	0.077352	51.130
13.35	13.38	0.077369	51.210
13.35	13.38	0.077386	51.335
13.35	13.39	0.077402	51.430
13.35	13.39	0.077419	51.534
13.38	13.39	0.077436	51.634
13.38	13.39	0.077452	51.728
13.38	13.40	0.077469	51.833
13.38	13.40	0.077486	51.932
13.38	13.40	0.077502	52.027
13.38	13.41	0.077519	52.132
13.38	13.41	0.077536	52.231
13.40	13.41	0.077552	52.326
13.40	13.41	0.077569	52.431
13.40	13.42	0.077586	52.530
13.40	13.42	0.077602	52.625
13.40	13.42	0.077619	52.729
13.40	13.43	0.077636	52.824
13.43	13.43	0.077652	52.923
13.43	13.43	0.077669	53.028
13.43	13.44	0.077686	53.123
13.43	13.44	0.077702	53.222
13.43	13.44	0.077719	53.327
13.43	13.45	0.077736	53.422
13.45	13.45	0.077752	53.521
13.45	13.45	0.077769	53.626
13.45	13.46	0.077786	53.720
13.45	13.46	0.077802	53.820
13.45	13.46	0.077819	53.925
13.45	13.47	0.077836	54.019
13.45	13.47	0.077852	54.119
13.45	13.47	0.077869	54.223
13.48	13.48	0.077886	54.318
13.48	13.48	0.077902	54.417
13.48	13.48	0.077919	54.522
13.48	13.49	0.077935	54.617
13.48	13.49	0.077952	54.716
13.48	13.49	0.077969	54.821
13.48	13.50	0.077985	54.915
13.50	13.50	0.078002	55.015
13.50	13.50	0.078019	55.119
13.50	13.51	0.078035	55.214
13.50	13.51	0.078052	55.315
13.50	13.52	0.078069	55.418
13.50	13.52	0.078085	55.513
13.53	13.52	0.078102	55.614
13.53	13.53	0.078119	55.718
13.53	13.53	0.078135	55.812
13.53	13.53	0.078152	55.914
13.53	13.54	0.078169	56.016
13.53	13.54	0.078185	56.111
13.53	13.54	0.078202	56.214
13.56	13.55	0.078219	56.315
13.56	13.55	0.078235	56.410
13.56	13.55	0.078252	56.514
13.56	13.56	0.078269	56.613
13.56	13.56	0.078285	56.710
13.56	13.56	0.078302	56.812
13.56	13.57	0.078319	56.912
13.58	13.57	0.078335	57.011
13.58	13.57	0.078352	57.112
13.58	13.57	0.078369	57.212
13.58	13.58	0.078385	57.310
13.58	13.58	0.078402	57.411
13.58	13.58	0.078419	57.510
13.58	13.59	0.078435	57.610
13.58	13.59	0.078452	57.710
13.58	13.59	0.078469	57.810
13.58	13.59	0.078485	57.911
13.61	13.60	0.078502	58.010
13.61	13.60	0.078519	58.110
13.61	13.60	0.078535	58.210
13.61	13.60	0.078552	58.310
13.61	13.61	0.078569	58.410
13.61	13.61	0.078585	58.510
13.61	13.61	0.078602	58.611
13.61	13.61	0.078619	58.710
13.61	13.62	0.078635	58.810
13.61	13.62	0.078652	58.910
13.63	13.62	0.078669	59.010
13.63	13.62	0.078685	59.110
13.63	13.62	0.078702	59.210
13.63	13.63	0.078719	59.310
13.63	13.63	0.078735	59.410
13.63	13.63	0.078752	59.511
13.63	13.63	0.078768	59.610
13.63	13.63	0.078785	59.710
13.63	13.64	0.078802	59.810
13.63	13.64	0.078818	59.910
13.63	13.64	0.078835	00.010
13.63	13.64	0.078852	00.110
13.63	13.64	0.078868	00.211
13.63	13.64	0.078885	00.310
13.66	13.64	0.078902	00.410
13.66	13.64	0.078918	00.511
13.66	13.65	0.078935	00.611
13.66	13.65	0.078952	00.711
13.66	13.65	0.078968	00.811
13.66	13.65	0.078985	00.912
13.66	13.65	0.079002	01.011
13.66	13.65	0.079018	01.111
13.66	13.65	0.079035	01.211
13.66	13.65	0.079052	01.311
13.66	13.65	0.079068	01.411
13.66	13.65	0.079085	01.511
13.66	13.65	0.079102	01.611
13.66	13.65	0.079118	01.712
13.66	13.65	0.079135	01.811
13.66	13.65	0.079152	01.911
13.66	13.65	0.079168	02.011
13.66	13.65	0.079185	02.111
13.66	13.65	0.079202	02.211
13.66	13.65	0.079218	02.311
13.66	13.65	0.079235	02.412
13.66	13.65	0.079252	02.511
13.66	13.65	0.079268	02.611
13.66	13.65	0.079285	02.740
13.66	13.65	0.079302	02.835
13.66	13.65	0.079318	02.934
13.66	13.65	0.079335	03.039
13.66	13.65	0.079352	03.133
13.66	13.65	0.079368	03.233
13.66	13.65	0.079385	03.338
13.66	13.65	0.079402	03.433
13.66	13.65	0.079418	03.533
13.66	13.65	0.079435	03.637
13.66	13.65	0.079452	03.731
13.66	13.64	0.079468	03.834
13.66	13.64	0.079485	03.935
13.66	13.64	0.079502	04.030
13.66	13.64	0.079518	04.133
13.66	13.64	0.079535	04.234
13.66	13.64	0.079552	04.329
13.66	13.64	0.079568	04.433
13.66	13.64	0.079585	04.533
13.66	13.64	0.079601	04.627
13.66	13.63	0.079618	04.732
13.66	13.63	0.079635	04.831
13.66	13.63	0.079651	04.926
13.66	13.63	0.079668	05.030
13.66	13.63	0.079685	05.130
13.66	13.63	0.079701	05.225
13.66	13.63	0.079718	05.330
13.66	13.62	0.079735	05.430
13.63	13.62	0.079751	05.524
13.63	13.62	0.079768	05.629
13.63	13.62	0.079785	05.723
13.63	13.62	0.079801	05.823
13.63	13.62	0.079818	05.928
13.63	13.61	0.079835	06.022
13.63	13.61	0.079851	06.122
13.61	13.61	0.079868	06.226
13.61	13.61	0.079885	06.321
13.61	13.61	0.079901	06.420
13.61	13.61	0.079918	06.525
13.61	13.60	0.079935	06.620
13.61	13.60	0.079951	06.720
13.61	13.60	0.079968	06.824
13.61	13.60	0.079985	06.919
13.61	13.60	0.080001	07.018
13.61	13.60	0.080018	07.123
13.61	13.59	0.080035	07.217
13.58	13.59	0.080051	07.317
13.58	13.59	0.080068	07.422
13.58	13.59	0.080085	07.516
13.58	13.59	0.080101	07.616
13.58	13.59	0.080118	07.720
13.58	13.58	0.080135	07.815
13.58	13.58	0.080151	07.914
13.58	13.58	0.080168	08.019
13.58	13.58	0.080185	08.114
13.58	13.58	0.080201	08.213
13.58	13.58	0.080218	08.318
13.58	13.57	0.080235	08.412
13.58	13.57	0.080251	08.513
13.58	13.57	0.080268	08.616
13.58	13.57	0.080285	08.712
13.58	13.57	0.080301	08.812
13.58	13.57	0.080318	08.915
13.56	13.57	0.080335	09.012
13.56	13.56	0.080351	09.112
13.56	13.56	0.080368	09.214
13.56	13.56	0.080385	09.312
13.56	13.56	0.080401	09.412
13.56	13.56	0.080418	09.513
13.56	13.56	0.080434	09.612
13.56	13.56	0.080451	09.712
13.56	13.56	0.080468	09.812
13.56	13.56	0.080484	09.912
13.56	13.56	0.080501	10.012
13.56	13.55	0.080518	10.112
13.56	13.55	0.080534	10.213
13.56	13.55	0.080551	10.312
13.53	13.55	0.080568	10.412
13.53	13.55	0.080584	10.512
13.53	13.55	0.080601	10.612
13.53	13.55	0.080618	10.712
13.53	13.55	0.080634	10.812
13.53	13.55	0.080651	10.912
13.53	13.55	0.080668	11.012
13.53	13.55	0.080684	11.113
13.53	13.55	0.080701	11.212
13.53	13.55	0.080718	11.312
13.53	13.55	0.080734	11.413
13.53	13.55	0.080751	11.513
13.53	13.55	0.080768	11.613
13.53	13.55	0.080784	11.713
13.53	13.55	0.080801	11.814
13.53	13.55	0.080818	11.913
13.53	13.55	0.080834	12.013
13.53	13.55	0.080851	12.113
13.53	13.55	0.080868	12.213
13.56	13.55	0.080884	12.313
13.56	13.55	0.080901	12.413
13.56	13.55	0.080918	12.513
13.56	13.55	0.080934	12.613
13.56	13.55	0.080951	12.714
13.56	13.55	0.080968	12.813
13.56	13.56	0.080984	12.913
13.56	13.56	0.081001	13.013
13.56	13.56	0.081018	13.113
13.56	13.56	0.081034	13.213
13.56	13.56	0.081051	13.313
13.56	13.56	0.081068	13.413
13.56	13.56	0.081084	13.513
13.56	13.56	0.081101	13.614
13.56	13.56	0.081118	13.713
13.56	13.57	0.081134	13.813
13.56	13.57	0.081151	13.913
13.56	13.57	0.081168	14.013
13.56	13.57	0.081184	14.113
13.56	13.57	0.081201	14.213
13.56	13.58	0.081218	14.314
13.56	13.58	0.081234	14.413
13.56	13.58	0.081251	14.513
13.56	13.58	0.081267	14.613
13.56	13.58	0.081284	14.713
13.56	13.59	0.081301	14.812
13.56	13.59	0.081317	14.912
13.56	13.59	0.081334	15.041
13.58	13.59	0.081351	15.136
13.58	13.59	0.081367	15.235
13.58	13.60	0.081384	15.340
13.58	13.60	0.081401	15.435
13.58	13.60	0.081417	15.534
13.58	13.60	0.081434	15.639
13.58	13.61	0.081451	15.733
13.58	13.61	0.081467	15.833
13.58	13.61	0.081484	15.938
13.61	13.62	0.081501	16.033
13.61	13.62	0.081517	16.133
13.61	13.62	0.081534	16.237
13.61	13.62	0.081551	16.332
13.61	13.63	0.081567	16.431
13.61	13.63	0.081584	16.536
13.63	13.63	0.081601	16.630
13.63	13.64	0.081617	16.731
13.63	13.64	0.081634	16.835
13.63	13.64	0.081651	16.929
13.63	13.65	0.081667	17.031
13.63	13.65	0.081684	17.134
13.63	13.65	0.081701	17.228
13.66	13.66	0.081717	17.332
13.66	13.66	0.081734	17.432
13.66	13.66	0.081751	17.527
13.66	13.67	0.081767	17.631
13.66	13.67	0.081784	17.731
13.66	13.67	0.081801	17.826
13.66	13.68	0.081817	17.930
13.66	13.68	0.081834	18.030
13.68	13.68	0.081851	18.124
13.68	13.69	0.081867	18.229
13.68	13.69	0.081884	18.328
13.68	13.69	0.081901	18.423
13.68	13.70	0.081917	18.528
13.68	13.70	0.081934	18.627
13.68	13.70	0.081951	18.721
13.71	13.71	0.081967	18.827
13.71	13.71	0.081984	18.922
13.71	13.71	0.082001	19.021
13.71	13.72	0.082017	19.126
13.71	13.72	0.082034	19.220
13.71	13.73	0.082051	19.320
13.74	13.73	0.082067	19.424
13.74	13.73	0.082084	19.519
13.74	13.74	0.082100	19.618
13.74	13.74	0.082117	19.723
13.74	13.74	0.082134	19.818
13.74	13.75	0.082150	19.917
13.74	13.75	0.082167	20.021
13.74	13.75	0.082184	20.116
13.74	13.76	0.082200	20.215
13.74	13.76	0.082217	20.321
13.76	13.76	0.082234	20.416
13.76	13.77	0.082250	20.515
13.76	13.77	0.082267	20.620
13.76	13.77	0.082284	20.714
13.76	13.78	0.082300	20.814
13.76	13.78	0.082317	20.918
13.76	13.78	0.082334	21.014
13.79	13.78	0.082350	21.115
13.79	13.79	0.082367	21.217
13.79	13.79	0.082384	21.316
13.79	13.79	0.082400	21.415
13.79	13.80	0.082417	21.516
13.79	13.80	0.082434	21.615
13.79	13.80	0.082450	21.715
13.81	13.80	0.082467	21.815
13.81	13.81	0.082484	21.915
13.81	13.81	0.082500	22.016
13.81	13.81	0.082517	22.115
13.81	13.82	0.082534	22.215
13.81	13.82	0.082550	22.316
13.81	13.82	0.082567	22.416
13.81	13.82	0.082584	22.516
13.84	13.83	0.082600	22.616
13.84	13.83	0.082617	22.716
13.84	13.83	0.082634	22.816
13.84	13.83	0.082650	22.917
13.84	13.83	0.082667	23.016
13.84	13.84	0.082684	23.116
13.84	13.84	0.082700	23.217
13.84	13.84	0.082717	23.317
13.84	13.84	0.082734	23.417
13.86	13.84	0.082750	23.516
13.86	13.85	0.082767	23.617
13.86	13.85	0.082784	23.717
13.86	13.85	0.082800	23.818
13.86	13.85	0.082817	23.917
13.86	13.85	0.082834	24.017
13.86	13.85	0.082850	24.117
13.86	13.85	0.082867	24.217
13.86	13.86	0.082884	24.317
13.86	13.86	0.082900	24.417
13.86	13.86	0.082917	24.518
13.86	13.86	0.082933	24.617
13.86	13.86	0.082950	24.717
13.86	13.86	0.082967	24.817
13.86	13.86	0.082983	24.917
13.86	13.86	0.083000	25.017
13.89	13.86	0.083017	25.117
13.89	13.86	0.083033	25.217
13.89	13.86	0.083050	25.317
13.89	13.86	0.083067	25.418
13.89	13.87	0.083083	25.517
13.89	13.87	0.083100	25.617
13.89	13.87	0.083117	25.717
13.89	13.87	0.083133	25.817
13.89	13.87	0.083150	25.917
13.89	13.87	0.083167	26.017
13.89	13.87	0.083183	26.118
13.89	13.87	0.083200	26.217
13.89	13.87	0.083217	26.317
13.89	13.87	0.083233	26.417
13.89	13.87	0.083250	26.517
13.89	13.87	0.083267	26.641
13.86	13.87	0.083283	26.746
13.86	13.87	0.083300	26.840
13.86	13.86	0.083317	26.940
13.86	13.86	0.083333	27.045
13.86	13.86	0.083350	27.139
13.86	13.86	0.083367	27.239
13.86	13.86	0.083383	27.343
13.86	13.86	0.083400	27.438
13.86	13.86	0.083417	27.537
13.86	13.86	0.083433	27.642
13.86	13.86	0.083450	27.736
13.86	13.86	0.083467	27.836
13.86	13.86	0.083483	27.941
13.86	13.86	0.083500	28.035
13.86	13.86	0.083517	28.135
13.86	13.85	0.083533	28.239
13.86	13.85	0.083550	28.334
13.86	13.85	0.083567	28.433
13.86	13.85	0.083583	28.539
13.86	13.85	0.083600	28.634
13.86	13.85	0.083617	28.733
13.86	13.85	0.083633	28.838
13.86	13.85	0.083650	28.932
13.86	13.84	0.083667	29.032
13.86	13.84	0.083683	29.136
13.86	13.84	0.083700	29.231
13.86	13.84	0.083717	29.331
13.86	13.84	0.083733	29.435
13.86	13.84	0.083750	29.530
13.84	13.83	0.083766	29.630
13.84	13.83	0.083783	29.734
13.84	13.83	0.083800	29.828
13.84	13.83	0.083816	29.930
13.84	13.83	0.083833	30.032
13.84	13.83	0.083850	30.127
13.84	13.82	0.083866	30.230
13.84	13.82	0.083883	30.331
13.84	13.82	0.083900	30.426
13.84	13.82	0.083916	30.530
13.84	13.82	0.083933	30.631
13.84	13.82	0.083950	30.725
13.84	13.81	0.083966	30.829
13.81	13.81	0.083983	30.929
13.81	13.81	0.084000	31.024
13.81	13.81	0.084016	31.128
13.81	13.81	0.084033	31.228
13.81	13.81	0.084050	31.322
13.81	13.80	0.084066	31.427
13.81	13.80	0.084083	31.526
13.81	13.80	0.084100	31.621
13.81	13.80	0.084116	31.726
13.79	13.80	0.084133	31.825
13.79	13.80	0.084150	31.920
13.79	13.79	0.084166	32.024
13.79	13.79	0.084183	32.119
13.79	13.79	0.084200	32.218
13.79	13.79	0.084216	32.323
13.79	13.79	0.084233	32.419
13.79	13.79	0.084250	32.518
13.79	13.78	0.084266	32.623
13.79	13.78	0.084283	32.718
13.79	13.78	0.084300	32.818
13.79	13.78	0.084316	32.921
13.79	13.78	0.084333	33.018
13.79	13.78	0.084350	33.118
13.79	13.78	0.084366	33.220
13.79	13.78	0.084383	33.319
13.79	13.77	0.084400	33.418
13.79	13.77	0.084416	33.518
13.76	13.77	0.084433	33.618
13.76	13.77	0.084450	33.718
13.76	13.77	0.084466	33.818
13.76	13.77	0.084483	33.919
13.76	13.77	0.084500	34.018
13.76	13.77	0.084516	34.118
13.76	13.77	0.084533	34.218
13.76	13.77	0.084550	34.318
13.76	13.77	0.084566	34.418
13.76	13.76	0.084583	34.518
13.76	13.76	0.084599	34.618
13.76	13.76	0.084616	34.718
13.76	13.76	0.084633	34.819
13.76	13.76	0.084649	34.918
13.76	13.76	0.084666	35.018
13.76	13.76	0.084683	35.118
13.76	13.76	0.084699	35.218
13.76	13.76	0.084716	35.318
13.76	13.76	0.084733	35.418
13.76	13.76	0.084749	35.519
13.76	13.76	0.084766	35.618
13.76	13.76	0.084783	35.718
13.76	13.76	0.084799	35.818
13.76	13.76	0.084816	35.918
13.76	13.76	0.084833	36.018
13.76	13.76	0.084849	36.118
13.74	13.76	0.084866	36.218
13.74	13.76	0.084883	36.318
13.74	13.76	0.084899	36.419
13.74	13.77	0.084916	36.518
13.74	13.77	0.084933	36.618
13.74	13.77	0.084949	36.718
13.74	13.77	0.084966	36.818
13.74	13.77	0.084983	36.918
13.74	13.77	0.084999	37.018
13.76	13.77	0.085016	37.118
13.76	13.77	0.085033	37.219
13.76	13.77	0.085049	37.318
13.76	13.77	0.085066	37.418
13.76	13.78	0.085083	37.518
13.76	13.78	0.085099	37.618
13.76	13.78	0.085116	37.718
13.76	13.78	0.085133	37.818
13.76	13.78	0.085149	37.919
13.76	13.78	0.085166	38.019
13.76	13.78	0.085183	38.120
13.76	13.79	0.085199	38.219
13.79	13.79	0.085216	38.319
13.79	13.79	0.085233	38.419
13.79	13.79	0.085249	38.519
13.79	13.79	0.085266	38.619
13.79	13.80	0.085283	38.719
13.79	13.80	0.085299	38.847
13.79	13.80	0.085316	38.942
13.81	13.80	0.085333	39.048
13.81	13.81	0.085349	39.147
13.81	13.81	0.085366	39.242
13.81	13.81	0.085383	39.346
13.81	13.81	0.085399	39.446
13.81	13.82	0.085416	39.540
13.81	13.82	0.085432	39.645
13.81	13.82	0.085449	39.745
13.81	13.82	0.085466	39.839
13.81	13.83	0.085482	39.944
13.81	13.83	0.085499	40.038
13.81	13.83	0.085516	40.138
13.81	13.83	0.085532	40.242
13.81	13.84	0.085549	40.337
13.84	13.84	0.085566	40.436
13.84	13.84	0.085582	40.541
13.84	13.85	0.085599	40.636
13.84	13.85	0.085616	40.735
13.84	13.85	0.085632	40.840
13.84	13.86	0.085649	40.934
13.84	13.86	0.085666	41.034
13.84	13.86	0.085682	41.138
13.84	13.87	0.085699	41.233
13.86	13.87	0.085716	41.334
13.86	13.87	0.085732	41.438
13.86	13.88	0.085749	41.532
13.86	13.88	0.085766	41.632
13.86	13.88	0.085782	41.737
13.86	13.89	0.085799	41.831
13.89	13.89	0.085816	41.931
13.89	13.89	0.085832	42.035
13.89	13.90	0.085849	42.130
13.89	13.90	0.085866	42.230
13.89	13.90	0.085882	42.334
13.89	13.91	0.085899	42.429
13.92	13.91	0.085916	42.528
13.92	13.91	0.085932	42.633
13.92	13.92	0.085949	42.727
13.92	13.92	0.085966	42.828
13.92	13.92	0.085982	42.932
13.92	13.93	0.085999	43.026
13.92	13.93	0.086016	43.129
13.92	13.93	0.086032	43.230
13.94	13.94	0.086049	43.326
13.94	13.94	0.086066	43.428
13.94	13.95	0.086082	43.530
13.94	13.95	0.086099	43.623
13.94	13.95	0.086116	43.728
13.94	13.96	0.086132	43.829
13.94	13.96	0.086149	43.923
13.94	13.96	0.086166	44.027
13.97	13.97	0.086182	44.127
13.97	13.97	0.086199	44.221
13.97	13.97	0.086216	44.326
13.97	13.98	0.086232	44.426
13.97	13.98	0.086249	44.520
13.97	13.98	0.086265	44.625
13.99	13.99	0.086282	44.725
13.99	13.99	0.086299	44.820
13.99	13.99	0.086315	44.924
13.99	13.99	0.086332	45.019
13.99	14.00	0.086349	45.119
13.99	14.00	0.086365	45.223
13.99	14.00	0.086382	45.324
13.99	14.01	0.086399	45.419
13.99	14.01	0.086415	45.522
14.02	14.01	0.086432	45.623
14.02	14.02	0.086449	45.719
14.02	14.02	0.086465	45.820
14.02	14.02	0.086482	45.924
14.02	14.02	0.086499	46.019
14.02	14.03	0.086515	46.119
14.02	14.03	0.086532	46.224
14.04	14.03	0.086549	46.319
14.04	14.03	0.086565	46.419
14.04	14.04	0.086582	46.523
14.04	14.04	0.086599	46.619
14.04	14.04	0.086615	46.719
14.04	14.04	0.086632	46.823
14.04	14.05	0.086649	46.920
14.04	14.05	0.086665	47.019
14.04	14.05	0.086682	47.124
14.04	14.05	0.086699	47.220
14.04	14.05	0.086715	47.320
14.07	14.06	0.086732	47.423
14.07	14.06	0.086749	47.520
14.07	14.06	0.086765	47.620
14.07	14.06	0.086782	47.724
14.07	14.06	0.086799	47.820
14.07	14.06	0.086815	47.919
14.07	14.06	0.086832	48.023
14.07	14.07	0.086849	48.120
14.07	14.07	0.086865	48.220
14.07	14.07	0.086882	48.323
14.07	14.07	0.086899	48.420
14.07	14.07	0.086915	48.520
14.09	14.07	0.086932	48.624
14.09	14.07	0.086949	48.720
14.09	14.07	0.086965	48.820
14.09	14.08	0.086982	48.923
14.09	14.08	0.086999	49.020
14.09	14.08	0.087015	49.120
14.09	14.08	0.087032	49.223
14.09	14.08	0.087049	49.321
14.09	14.08	0.087065	49.420
14.09	14.08	0.087082	49.523
14.09	14.08	0.087098	49.620
14.09	14.08	0.087115	49.720
14.09	14.08	0.087132	49.823
14.09	14.08	0.087148	49.921
14.09	14.08	0.087165	50.020
14.09	14.08	0.087182	50.123
14.09	14.08	0.087198	50.220
14.09	14.08	0.087215	50.320
14.09	14.08	0.087232	50.423
14.09	14.08	0.087248	50.520
14.09	14.08	0.087265	50.620
14.09	14.08	0.087282	50.724
14.09	14.08	0.087298	50.820
14.09	14.08	0.087315	50.920
14.09	14.08	0.087332	51.023
14.09	14.08	0.087348	51.120
14.09	14.08	0.087365	51.244
14.09	14.08	0.087382	51.323
14.09	14.08	0.087398	51.448
14.09	14.07	0.087415	51.543
14.09	14.07	0.087432	51.623
14.09	14.07	0.087448	51.747
14.09	14.07	0.087465	51.842
14.09	14.07	0.087482	51.946
14.09	14.07	0.087498	52.047
14.09	14.07	0.087515	52.141
14.09	14.07	0.087532	52.245
14.09	14.07	0.087548	52.345
14.09	14.07	0.087565	52.440
14.07	14.06	0.087582	52.544
14.07	14.06	0.087598	52.644
14.07	14.06	0.087615	52.738
14.07	14.06	0.087632	52.843
14.07	14.06	0.087648	52.942
14.07	14.06	0.087665	53.037
14.07	14.06	0.087682	53.141
14.07	14.05	0.087698	53.236
14.07	14.05	0.087715	53.337
14.07	14.05	0.087732	53.441
14.07	14.05	0.087748	53.536
14.04	14.05	0.087765	53.635
14.04	14.05	0.087782	53.740
14.04	14.04	0.087798	53.834
14.04	14.04	0.087815	53.934
14.04	14.04	0.087832	54.039
14.04	14.04	0.087848	54.133
14.04	14.04	0.087865	54.233
14.04	14.04	0.087882	54.337
14.04	14.03	0.087898	54.432
14.04	14.03	0.087915	54.531
14.04	14.03	0.087931	54.636
14.04	14.03	0.087948	54.730
14.04	14.03	0.087965	54.830
14.02	14.03	0.087981	54.935
14.02	14.02	0.087998	55.029
14.02	14.02	0.088015	55.129
14.02	14.02	0.088031	55.233
14.02	14.02	0.088048	55.328
14.02	14.02	0.088065	55.427
14.02	14.02	0.088081	55.532
14.02	14.01	0.088098	55.628
14.02	14.01	0.088115	55.727
14.02	14.01	0.088131	55.832
14.02	14.01	0.088148	55.926
14.02	14.01	0.088165	56.027
14.02	14.01	0.088181	56.130
14.02	14.00	0.088198	56.225
13.99	14.00	0.088215	56.327
13.99	14.00	0.088231	56.429
13.99	14.00	0.088248	56.524
13.99	14.00	0.088265	56.626
13.99	14.00	0.088281	56.728
13.99	14.00	0.088298	56.822
13.99	13.99	0.088315	56.927
13.99	13.99	0.088331	57.026
13.99	13.99	0.088348	57.121
13.99	13.99	0.088365	57.226
13.99	13.99	0.088381	57.325
13.99	13.99	0.088398	57.421
13.99	13.99	0.088415	57.524
13.99	13.99	0.088431	57.624
13.99	13.98	0.088448	57.721
13.99	13.98	0.088465	57.823
13.99	13.98	0.088481	57.922
13.99	13.98	0.088498	58.021
13.99	13.98	0.088515	58.123
13.99	13.98	0.088531	58.222
13.99	13.98	0.088548	58.321
13.99	13.98	0.088565	58.421
13.99	13.98	0.088581	58.522
13.99	13.98	0.088598	58.621
13.99	13.98	0.088615	58.721
13.99	13.98	0.088631	58.823
13.99	13.98	0.088648	58.921
13.97	13.98	0.088665	59.021
13.97	13.98	0.088681	59.122
13.97	13.98	0.088698	59.221
13.97	13.98	0.088715	59.321
13.97	13.98	0.088731	59.422
13.97	13.98	0.088748	59.521
13.97	13.98	0.088764	59.621
13.97	13.98	0.088781	59.722
13.97	13.98	0.088798	59.821
13.97	13.98	0.088814	59.921
13.97	13.98	0.088831	00.022
13.97	13.98	0.088848	00.121
13.97	13.98	0.088864	00.221
13.97	13.98	0.088881	00.322
13.97	13.98	0.088898	00.422
13.97	13.98	0.088914	00.521
13.97	13.98	0.088931	00.622
13.97	13.98	0.088948	00.722
13.97	13.98	0.088964	00.822
13.97	13.98	0.088981	00.922
13.97	13.98	0.088998	01.022
13.97	13.98	0.089014	01.122
13.97	13.98	0.089031	01.223
13.97	13.99	0.089048	01.322
13.97	13.99	0.089064	01.422
13.97	13.99	0.089081	01.522
13.97	13.99	0.089098	01.622
13.97	13.99	0.089114	01.722
13.97	13.99	0.089131	01.822
13.97	13.99	0.089148	01.923
13.97	14.00	0.089164	02.022
13.99	14.00	0.089181	02.122
13.99	14.00	0.089198	02.222
13.99	14.00	0.089214	02.322
13.99	14.00	0.089231	02.422
13.99	14.01	0.089248	02.522
13.99	14.01	0.089264	02.622
13.99	14.01	0.089281	02.722
13.99	14.01	0.089298	02.823
13.99	14.01	0.089314	02.922
13.99	14.02	0.089331	03.022
14.02	14.02	0.089348	03.122
14.02	14.02	0.089364	03.222
14.02	14.02	0.089381	03.322
14.02	14.03	0.089398	03.422
14.02	14.03	0.089414	03.546
14.02	14.03	0.089431	03.621
14.02	14.03	0.089448	03.750
14.02	14.04	0.089464	03.845
14.02	14.04	0.089481	03.922
14.02	14.04	0.089498	04.049
14.04	14.05	0.089514	04.144
14.04	14.05	0.089531	04.246
14.04	14.05	0.089548	04.348
14.04	14.05	0.089564	04.442
14.04	14.06	0.089581	04.546
14.04	14.06	0.089597	04.647
14.04	14.06	0.089614	04.741
14.04	14.07	0.089631	04.846
14.04	14.07	0.089647	04.946
14.07	14.07	0.089664	05.040
14.07	14.08	0.089681	05.145
14.07	14.08	0.089697	05.244
14.07	14.08	0.089714	05.339
14.07	14.09	0.089731	05.444
14.07	14.09	0.089747	05.543
14.07	14.09	0.089764	05.638
14.09	14.10	0.089781	05.742
14.09	14.10	0.089797	05.842
14.09	14.10	0.089814	05.936
14.09	14.11	0.089831	06.041
14.09	14.11	0.089847	06.135
14.09	14.11	0.089864	06.235
14.09	14.12	0.089881	06.340
14.12	14.12	0.089897	06.435
14.12	14.12	0.089914	06.534
14.12	14.13	0.089931	06.639
14.12	14.13	0.089947	06.733
14.12	14.13	0.089964	06.833
14.15	14.14	0.089981	06.937
14.15	14.14	0.089997	07.032
14.15	14.14	0.090014	07.132
14.15	14.15	0.090031	07.236
14.15	14.15	0.090047	07.331
14.15	14.16	0.090064	07.430
14.15	14.16	0.090081	07.535
14.15	14.16	0.090097	07.629
14.15	14.17	0.090114	07.729
14.15	14.17	0.090131	07.834
14.17	14.17	0.090147	07.928
14.17	14.18	0.090164	08.029
14.17	14.18	0.090181	08.133
14.17	14.18	0.090197	08.227
14.17	14.19	0.090214	08.327
14.17	14.19	0.090231	08.432
14.17	14.19	0.090247	08.526
14.20	14.20	0.090264	08.626
14.20	14.20	0.090281	08.731
14.20	14.20	0.090297	08.825
14.20	14.21	0.090314	08.925
14.20	14.21	0.090331	09.029
14.20	14.21	0.090347	09.124
14.20	14.21	0.090364	09.225
14.20	14.22	0.090381	09.328
14.22	14.22	0.090397	09.424
14.22	14.22	0.090414	09.525
14.22	14.23	0.090430	09.627
14.22	14.23	0.090447	09.724
14.22	14.23	0.090464	09.825
14.22	14.23	0.090480	09.926
14.25	14.24	0.090497	10.024
14.25	14.24	0.090514	10.125
14.25	14.24	0.090530	10.225
14.25	14.24	0.090547	10.324
14.25	14.25	0.090564	10.424
14.25	14.25	0.090580	10.524
14.25	14.25	0.090597	10.624
14.25	14.25	0.090614	10.724
14.27	14.26	0.090630	10.824
14.27	14.26	0.090647	10.924
14.27	14.26	0.090664	11.024
14.27	14.26	0.090680	11.125
14.27	14.26	0.090697	11.224
14.27	14.27	0.090714	11.324
14.27	14.27	0.090730	11.424
14.27	14.27	0.090747	11.524
14.27	14.27	0.090764	11.624
14.27	14.27	0.090780	11.724
14.27	14.28	0.090797	11.824
14.30	14.28	0.090814	11.924
14.30	14.28	0.090830	12.024
14.30	14.28	0.090847	12.124
14.30	14.28	0.090864	12.224
14.30	14.28	0.090880	12.324
14.30	14.28	0.090897	12.424
14.30	14.28	0.090914	12.524
14.30	14.29	0.090930	12.625
14.30	14.29	0.090947	12.724
14.30	14.29	0.090964	12.824
14.30	14.29	0.090980	12.924
14.30	14.29	0.090997	13.024
14.30	14.29	0.091014	13.124
14.30	14.29	0.091030	13.223
14.30	14.29	0.091047	13.325
14.30	14.29	0.091064	13.424
14.30	14.29	0.091080	13.524
14.30	14.29	0.091097	13.625
14.30	14.29	0.091114	13.725
14.30	14.29	0.091130	13.825
14.30	14.29	0.091147	13.925
14.30	14.29	0.091164	14.025
14.30	14.29	0.091180	14.125
14.30	14.29	0.091197	14.225
14.30	14.29	0.091214	14.325
14.30	14.29	0.091230	14.425
14.30	14.29	0.091247	14.526
14.30	14.29	0.091263	14.625
14.30	14.29	0.091280	14.725
14.30	14.29	0.091297	14.826
14.30	14.29	0.091313	14.926
14.30	14.29	0.091330	15.026
14.30	14.29	0.091347	15.126
14.30	14.29	0.091363	15.250
14.30	14.29	0.091380	15.350
14.30	14.29	0.091397	15.454
14.30	14.29	0.091413	15.549
14.30	14.29	0.091430	15.649
14.30	14.29	0.091447	15.753
14.30	14.28	0.091463	15.848
14.30	14.28	0.091480	15.947
14.30	14.28	0.091497	16.052
14.30	14.28	0.091513	16.146
14.30	14.28	0.091530	16.246
14.30	14.28	0.091547	16.351
14.30	14.28	0.091563	16.445
14.30	14.28	0.091580	16.545
14.30	14.28	0.091597	16.649
14.30	14.27	0.091613	16.744
14.30	14.27	0.091630	16.844
14.30	14.27	0.091647	16.948
14.30	14.27	0.091663	17.043
14.27	14.27	0.091680	17.144
14.27	14.27	0.091697	17.247
14.27	14.27	0.091713	17.341
14.27	14.26	0.091730	17.445
14.27	14.26	0.091747	17.546
14.27	14.26	0.091763	17.640
14.27	14.26	0.091780	17.745
14.27	14.26	0.091797	17.845
14.27	14.26	0.091813	17.940
14.27	14.25	0.091830	18.044
14.27	14.25	0.091847	18.144
14.25	14.25	0.091863	18.238
14.25	14.25	0.091880	18.343
14.25	14.25	0.091897	18.443
14.25	14.25	0.091913	18.537
14.25	14.24	0.091930	18.642
14.25	14.24	0.091947	18.741
14.25	14.24	0.091963	18.836
14.25	14.24	0.091980	18.940
14.25	14.24	0.091997	19.040
14.25	14.24	0.092013	19.135
14.25	14.23	0.092030	19.239
14.25	14.23	0.092047	19.334
14.25	14.23	0.092063	19.433
14.25	14.23	0.092080	19.538
14.22	14.23	0.092096	19.632
14.22	14.23	0.092113	19.732
14.22	14.22	0.092130	19.837
14.22	14.22	0.092146	19.932
14.22	14.22	0.092163	20.031
14.22	14.22	0.092180	20.136
14.22	14.22	0.092196	20.230
14.22	14.22	0.092213	20.330
14.22	14.21	0.092230	20.434
14.22	14.21	0.092246	20.529
14.22	14.21	0.092263	20.629
14.22	14.21	0.092280	20.733
14.22	14.21	0.092296	20.828
14.22	14.21	0.092313	20.927
14.20	14.21	0.092330	21.032
14.20	14.20	0.092346	21.127
14.20	14.20	0.092363	21.227
14.20	14.20	0.092380	21.331
14.20	14.20	0.092396	21.427
14.20	14.20	0.092413	21.527
14.20	14.20	0.092430	21.629
14.20	14.20	0.092446	21.727
14.20	14.20	0.092463	21.827
14.20	14.20	0.092480	21.928
14.20	14.20	0.092496	22.027
14.20	14.19	0.092513	22.128
14.20	14.19	0.092530	22.227
14.17	14.19	0.092546	22.327
14.17	14.19	0.092563	22.427
14.17	14.19	0.092580	22.527
14.17	14.19	0.092596	22.627
14.17	14.19	0.092613	22.727
14.17	14.19	0.092630	22.828
14.17	14.19	0.092646	22.927
14.17	14.19	0.092663	23.027
14.17	14.19	0.092680	23.127
14.17	14.19	0.092696	23.227
14.17	14.19	0.092713	23.327
14.17	14.19	0.092730	23.427
14.17	14.19	0.092746	23.527
14.17	14.19	0.092763	23.627
14.17	14.19	0.092780	23.728
14.20	14.19	0.092796	23.826
14.20	14.19	0.092813	23.927
14.20	14.19	0.092830	24.027
14.20	14.19	0.092846	24.127
14.20	14.19	0.092863	24.227
14.20	14.19	0.092880	24.328
14.20	14.19	0.092896	24.428
14.20	14.19	0.092913	24.528
14.20	14.19	0.092929	24.628
14.20	14.19	0.092946	24.728
14.20	14.19	0.092963	24.828
14.20	14.20	0.092979	24.928
14.20	14.20	0.092996	25.028
14.20	14.20	0.093013	25.128
14.20	14.20	0.093029	25.229
14.20	14.20	0.093046	25.328
14.20	14.20	0.093063	25.428
14.20	14.20	0.093079	25.528
14.20	14.20	0.093096	25.628
14.20	14.20	0.093113	25.728
14.20	14.21	0.093129	25.828
14.20	14.21	0.093146	25.929
14.20	14.21	0.093163	26.028
14.20	14.21	0.093179	26.128
14.20	14.21	0.093196	26.228
14.20	14.22	0.093213	26.328
14.20	14.22	0.093229	26.428
14.20	14.22	0.093246	26.528
14.20	14.22	0.093263	26.628
14.20	14.22	0.093279	26.728
14.20	14.23	0.093296	26.828
14.20	14.23	0.093313	26.928
14.20	14.23	0.093329	27.028
14.20	14.23	0.093346	27.128
14.20	14.23	0.093363	27.228
14.20	14.24	0.093379	27.352
14.20	14.24	0.093396	27.457
14.20	14.24	0.093413	27.551
14.22	14.24	0.093429	27.651
14.22	14.25	0.093446	27.756
14.22	14.25	0.093463	27.850
14.22	14.25	0.093479	27.950
14.22	14.26	0.093496	28.054
14.25	14.26	0.093513	28.150
14.25	14.26	0.093529	28.249
14.25	14.26	0.093546	28.354
14.25	14.27	0.093563	28.449
14.25	14.27	0.093579	28.548
14.27	14.27	0.093596	28.653
14.27	14.28	0.093613	28.747
14.27	14.28	0.093629	28.847
14.27	14.28	0.093646	28.951
14.27	14.29	0.093663	29.046
14.30	14.29	0.093679	29.145
14.30	14.29	0.093696	29.250
14.30	14.30	0.093713	29.344
14.30	14.30	0.093729	29.445
14.30	14.30	0.093746	29.549
14.30	14.31	0.093762	29.644
14.30	14.31	0.093779	29.743
14.30	14.31	0.093796	29.848
14.33	14.32	0.093812	29.942
14.33	14.32	0.093829	30.043
14.33	14.32	0.093846	30.147
14.33	14.33	0.093862	30.241
14.33	14.33	0.093879	30.343
14.33	14.33	0.093896	30.445
14.33	14.34	0.093912	30.540
14.33	14.34	0.093929	30.642
14.33	14.34	0.093946	30.744
14.33	14.35	0.093962	30.839
14.35	14.35	0.093979	30.943
14.35	14.35	0.093996	31.043
14.35	14.36	0.094012	31.137
14.35	14.36	0.094029	31.242
14.35	14.37	0.094046	31.341
14.35	14.37	0.094062	31.436
14.35	14.37	0.094079	31.540
14.35	14.38	0.094096	31.640
14.35	14.38	0.094112	31.735
14.38	14.38	0.094129	31.839
14.38	14.39	0.094146	31.940
14.38	14.39	0.094162	32.034
14.38	14.39	0.094179	32.139
14.38	14.40	0.094196	32.233
14.38	14.40	0.094212	32.333
14.40	14.40	0.094229	32.438
14.40	14.41	0.094246	32.532
14.40	14.41	0.094262	32.632
14.40	14.41	0.094279	32.736
14.40	14.42	0.094296	32.831
14.40	14.42	0.094312	32.930
14.40	14.42	0.094329	33.035
14.43	14.42	0.094346	33.130
14.43	14.43	0.094362	33.229
14.43	14.43	0.094379	33.334
14.43	14.43	0.094396	33.428
14.43	14.44	0.094412	33.528
14.43	14.44	0.094429	33.632
14.43	14.44	0.094446	33.728
14.45	14.44	0.094462	33.829
14.45	14.45	0.094479	33.931
14.45	14.45	0.094496	34.030
14.45	14.45	0.094512	34.129
14.45	14.46	0.094529	34.230
14.45	14.46	0.094546	34.329
14.45	14.46	0.094562	34.429
14.45	14.46	0.094579	34.529
14.48	14.47	0.094595	34.629
14.48	14.47	0.094612	34.730
14.48	14.47	0.094629	34.829
14.48	14.47	0.094645	34.929
14.48	14.47	0.094662	35.029
14.48	14.48	0.094679	35.129
14.48	14.48	0.094695	35.229
14.48	14.48	0.094712	35.329
14.48	14.48	0.094729	35.429
14.50	14.48	0.094745	35.529
14.50	14.49	0.094762	35.630
14.50	14.49	0.094779	35.729
14.50	14.49	0.094795	35.829
14.50	14.49	0.094812	35.929
14.50	14.49	0.094829	36.029
14.50	14.49	0.094845	36.129
14.50	14.49	0.094862	36.229
14.50	14.50	0.094879	36.329
14.50	14.50	0.094895	36.430
14.50	14.50	0.094912	36.529
14.50	14.50	0.094929	36.629
14.53	14.50	0.094945	36.729
14.53	14.50	0.094962	36.829
14.53	14.50	0.094979	36.929
14.53	14.50	0.094995	37.029
14.53	14.50	0.095012	37.129
14.53	14.50	0.095029	37.229
14.53	14.50	0.095045	37.329
14.53	14.50	0.095062	37.429
14.53	14.51	0.095079	37.529
14.53	14.51	0.095095	37.629
14.53	14.51	0.095112	37.729
14.53	14.51	0.095129	37.829
14.53	14.51	0.095145	37.929
14.50	14.51	0.095162	38.029
14.50	14.51	0.095179	38.129
14.50	14.51	0.095195	38.229
14.50	14.51	0.095212	38.329
14.50	14.51	0.095229	38.429
14.50	14.51	0.095245	38.529
14.50	14.51	0.095262	38.629
14.50	14.51	0.095279	38.729
14.50	14.51	0.095295	38.829
14.50	14.50	0.095312	38.930
14.50	14.50	0.095329	39.029
14.50	14.50	0.095345	39.129
14.50	14.50	0.095362	39.229
14.50	14.50	0.095379	39.329
14.50	14.50	0.095395	39.429
14.50	14.50	0.095412	39.529
14.50	14.50	0.095428	39.630
14.53	14.50	0.095445	39.729
14.53	14.50	0.095462	39.829
14.53	14.50	0.095478	39.953
14.53	14.50	0.095495	40.058
14.53	14.50	0.095512	40.157
14.53	14.49	0.095528	40.252
14.53	14.49	0.095545	40.357
14.50	14.49	0.095562	40.451
14.50	14.49	0.095578	40.551
14.50	14.49	0.095595	40.656
14.50	14.49	0.095612	40.750
14.50	14.49	0.095628	40.850
14.50	14.49	0.095645	40.954
14.50	14.48	0.095662	41.049
14.50	14.48	0.095678	41.148
14.50	14.48	0.095695	41.253
14.50	14.48	0.095712	41.348
14.48	14.48	0.095728	41.447
14.48	14.48	0.095745	41.552
14.48	14.47	0.095762	41.646
14.48	14.47	0.095778	41.746
14.48	14.47	0.095795	41.851
14.48	14.47	0.095812	41.945
14.48	14.47	0.095828	42.045
14.48	14.47	0.095845	42.149
14.48	14.46	0.095862	42.244
14.48	14.46	0.095878	42.344
14.48	14.46	0.095895	42.448
14.48	14.46	0.095912	42.543
14.45	14.46	0.095928	42.642
14.45	14.46	0.095945	42.747
14.45	14.45	0.095962	42.841
14.45	14.45	0.095978	42.941
14.45	14.45	0.095995	43.046
14.45	14.45	0.096012	43.140
14.45	14.45	0.096028	43.242
14.45	14.45	0.096045	43.344
14.45	14.44	0.096062	43.439
14.45	14.44	0.096078	43.541
14.45	14.44	0.096095	43.644
14.45	14.44	0.096112	43.739
14.45	14.44	0.096128	43.841
14.45	14.44	0.096145	43.943
14.45	14.43	0.096162	44.037
14.43	14.43	0.096178	44.141
14.43	14.43	0.096195	44.241
14.43	14.43	0.096212	44.336
14.43	14.43	0.096228	44.440
14.43	14.43	0.096245	44.540
14.43	14.42	0.096261	44.635
14.43	14.42	0.096278	44.739
14.43	14.42	0.096295	44.839
14.43	14.42	0.096311	44.933
14.43	14.42	0.096328	45.038
14.43	14.42	0.096345	45.137
14.43	14.42	0.096361	45.232
14.43	14.42	0.096378	45.336
14.40	14.41	0.096395	45.431
14.40	14.41	0.096411	45.531
14.40	14.41	0.096428	45.635
14.40	14.41	0.096445	45.730
14.40	14.41	0.096461	45.829
14.40	14.41	0.096478	45.934
14.40	14.41	0.096495	46.029
14.40	14.41	0.096511	46.129
14.40	14.41	0.096528	46.234
14.40	14.41	0.096545	46.329
14.40	14.41	0.096561	46.429
14.40	14.40	0.096578	46.532
14.40	14.40	0.096595	46.630
14.40	14.40	0.096611	46.730
14.40	14.40	0.096628	46.830
14.40	14.40	0.096645	46.930
14.40	14.40	0.096661	47.031
14.40	14.40	0.096678	47.130
14.40	14.40	0.096695	47.230
14.40	14.40	0.096711	47.330
14.40	14.40	0.096728	47.431
14.40	14.40	0.096745	47.531
14.40	14.40	0.096761	47.631
14.40	14.40	0.096778	47.731
14.40	14.40	0.096795	47.831
14.40	14.40	0.096811	47.932
14.40	14.40	0.096828	48.031
14.40	14.40	0.096845	48.131
14.40	14.40	0.096861	48.231
14.40	14.40	0.096878	48.331
14.40	14.40	0.096895	48.436
14.40	14.41	0.096911	48.531
14.40	14.41	0.096928	48.632
14.40	14.41	0.096945	48.731
14.40	14.41	0.096961	48.831
14.40	14.41	0.096978	48.931
14.40	14.41	0.096995	49.031
14.40	14.41	0.097011	49.131
14.40	14.41	0.097028	49.231
14.40	14.41	0.097045	49.331
14.40	14.41	0.097061	49.432
14.40	14.42	0.097078	49.531
14.40	14.42	0.097094	49.631
14.40	14.42	0.097111	49.731
14.40	14.42	0.097128	49.831
14.40	14.42	0.097144	49.931
14.40	14.42	0.097161	50.031
14.40	14.42	0.097178	50.131
14.40	14.43	0.097194	50.236
14.40	14.43	0.097211	50.331
14.40	14.43	0.097228	50.431
14.40	14.43	0.097244	50.531
14.40	14.43	0.097261	50.631
14.43	14.44	0.097278	50.731
14.43	14.44	0.097294	50.831
14.43	14.44	0.097311	50.931
14.43	14.44	0.097328	51.031
14.43	14.45	0.097344	51.136
14.43	14.45	0.097361	51.231
14.43	14.45	0.097378	51.331
14.43	14.45	0.097394	51.431
14.45	14.46	0.097411	51.531
14.45	14.46	0.097428	51.631
14.45	14.46	0.097444	51.735
14.45	14.46	0.097461	51.831
14.45	14.47	0.097478	51.932
14.45	14.47	0.097494	52.036
14.45	14.47	0.097511	52.131
14.48	14.47	0.097528	52.255
14.48	14.48	0.097544	52.360
14.48	14.48	0.097561	52.459
14.48	14.48	0.097578	52.554
14.48	14.49	0.097594	52.658
14.48	14.49	0.097611	52.758
14.48	14.49	0.097628	52.853
14.48	14.50	0.097644	52.957
14.48	14.50	0.097661	53.057
14.50	14.50	0.097678	53.151
14.50	14.51	0.097694	53.256
14.50	14.51	0.097711	53.350
14.50	14.51	0.097728	53.450
14.50	14.52	0.097744	53.554
14.50	14.52	0.097761	53.649
14.50	14.52	0.097778	53.749
14.50	14.53	0.097794	53.853
14.53	14.53	0.097811	53.948
14.53	14.53	0.097828	54.047
14.53	14.54	0.097844	54.152
14.53	14.54	0.097861	54.246
14.53	14.54	0.097878	54.346
14.53	14.55	0.097894	54.451
14.53	14.55	0.097911	54.545
14.56	14.55	0.097927	54.646
14.56	14.56	0.097944	54.750
14.56	14.56	0.097961	54.845
14.56	14.56	0.097977	54.944
14.56	14.57	0.097994	55.049
14.56	14.57	0.098011	55.143
14.58	14.57	0.098027	55.243
14.58	14.58	0.098044	55.348
14.58	14.58	0.098061	55.442
14.58	14.59	0.098077	55.542
14.58	14.59	0.098094	55.646
14.58	14.59	0.098111	55.741
14.58	14.60	0.098127	55.840
14.58	14.60	0.098144	55.945
14.61	14.60	0.098161	56.040
14.61	14.61	0.098177	56.140
14.61	14.61	0.098194	56.244
14.61	14.61	0.098211	56.338
14.61	14.62	0.098227	56.440
14.61	14.62	0.098244	56.542
14.61	14.62	0.098261	56.637
14.61	14.63	0.098277	56.739
14.63	14.63	0.098294	56.841
14.63	14.63	0.098311	56.937
14.63	14.63	0.098327	57.039
14.63	14.64	0.098344	57.141
14.63	14.64	0.098361	57.235
14.63	14.64	0.098377	57.340
14.63	14.65	0.098394	57.439
14.63	14.65	0.098411	57.534
14.66	14.65	0.098427	57.639
14.66	14.66	0.098444	57.738
14.66	14.66	0.098461	57.833
14.66	14.66	0.098477	57.937
14.66	14.66	0.098494	58.037
14.66	14.67	0.098511	58.132
14.66	14.67	0.098527	58.236
14.66	14.67	0.098544	58.335
14.68	14.67	0.098561	58.432
14.68	14.68	0.098577	58.535
14.68	14.68	0.098594	58.635
14.68	14.68	0.098611	58.732
14.68	14.68	0.098627	58.833
14.68	14.69	0.098644	58.935
14.68	14.69	0.098661	59.032
14.68	14.69	0.098677	59.132
14.71	14.69	0.098694	59.235
14.71	14.69	0.098711	59.332
14.71	14.70	0.098727	59.432
14.71	14.70	0.098744	59.535
14.71	14.70	0.098760	59.632
14.71	14.70	0.098777	59.732
14.71	14.70	0.098794	59.835
14.71	14.70	0.098810	59.932
14.71	14.70	0.098827	00.033
14.71	14.71	0.098844	00.135
14.74	14.71	0.098860	00.232
14.74	14.71	0.098877	00.333
14.74	14.71	0.098894	00.435
14.74	14.71	0.098910	00.533
14.74	14.71	0.098927	00.633
14.74	14.71	0.098944	00.734
14.74	14.71	0.098960	00.833
14.74	14.72	0.098977	00.934
14.74	14.72	0.098994	01.035
14.74	14.72	0.099010	01.133
14.74	14.72	0.099027	01.233
14.74	14.72	0.099044	01.335
14.74	14.72	0.099060	01.433
14.74	14.72	0.099077	01.533
14.74	14.72	0.099094	01.634
14.74	14.72	0.099110	01.733
14.74	14.72	0.099127	01.833
14.74	14.72	0.099144	01.934
14.71	14.72	0.099160	02.033
14.71	14.72	0.099177	02.133
14.71	14.72	0.099194	02.235
14.71	14.72	0.099210	02.333
14.71	14.72	0.099227	02.433
14.71	14.72	0.099244	02.535
14.71	14.72	0.099260	02.633
14.71	14.72	0.099277	02.733
14.71	14.72	0.099294	02.834
14.71	14.72	0.099310	02.933
14.71	14.72	0.099327	03.033
14.71	14.72	0.099344	03.134
14.71	14.72	0.099360	03.234
14.71	14.72	0.099377	03.333
14.71	14.72	0.099394	03.435
14.71	14.71	0.099410	03.533
14.71	14.71	0.099427	03.633
14.71	14.71	0.099444	03.734
14.71	14.71	0.099460	03.833
14.74	14.71	0.099477	03.933
14.74	14.71	0.099494	04.034
14.74	14.71	0.099510	04.134
14.74	14.71	0.099527	04.232
14.74	14.71	0.099544	04.335
14.74	14.71	0.099560	04.462
14.74	14.70	0.099577	04.557
14.74	14.70	0.099593	04.634
14.71	14.70	0.099610	04.761
14.71	14.70	0.099627	04.855
14.71	14.70	0.099643	04.934
14.71	14.70	0.099660	05.059
14.71	14.70	0.099677	05.154
14.71	14.69	0.099693	05.234
14.71	14.69	0.099710	05.358
14.71	14.69	0.099727	05.453
14.68	14.69	0.099743	05.557
14.68	14.69	0.099760	05.657
14.68	14.69	0.099777	05.751
14.68	14.68	0.099793	05.856
14.68	14.68	0.099810	05.956
14.68	14.68	0.099827	06.050
14.68	14.68	0.099843	06.155
14.68	14.68	0.099860	06.254
14.68	14.68	0.099877	06.349
14.68	14.67	0.099893	06.454
14.68	14.67	0.099910	06.549
14.68	14.67	0.099927	06.648
14.68	14.67	0.099943	06.753
14.68	14.67	0.099960	06.847
14.66	14.67	0.099977	06.947
14.66	14.66	0.099993	07.051
14.66	14.66	0.100010	07.146
14.66	14.66	0.100027	07.245
14.66	14.66	0.100043	07.351
14.66	14.66	0.100060	07.445
14.66	14.66	0.100077	07.544
14.66	14.65	0.100093	07.650
14.66	14.65	0.100110	07.744
14.66	14.65	0.100127	07.844
14.66	14.65	0.100143	07.948
14.66	14.65	0.100160	08.043
14.66	14.65	0.100177	08.143
14.66	14.64	0.100193	08.247
14.63	14.64	0.100210	08.342
14.63	14.64	0.100227	08.441
14.63	14.64	0.100243	08.546
14.63	14.64	0.100260	08.640
14.63	14.64	0.100277	08.740
14.63	14.64	0.100293	08.844
14.63	14.63	0.100310	08.939
14.63	14.63	0.100327	09.039
14.63	14.63	0.100343	09.143
14.63	14.63	0.100360	09.238
14.63	14.63	0.100377	09.338
14.63	14.63	0.100393	09.442
14.63	14.63	0.100410	09.536
14.63	14.63	0.100426	09.638
14.63	14.62	0.100443	09.741
14.63	14.62	0.100460	09.835
14.63	14.62	0.100476	09.938
14.63	14.62	0.100493	10.040
14.63	14.62	0.100510	10.135
14.61	14.62	0.100526	10.237
14.61	14.62	0.100543	10.338
14.61	14.62	0.100560	10.435
14.61	14.62	0.100576	10.538
14.61	14.62	0.100593	10.638
14.61	14.62	0.100610	10.735
14.61	14.62	0.100626	10.837
14.61	14.62	0.100643	10.936
14.61	14.62	0.100660	11.036
14.61	14.62	0.100676	11.136
14.61	14.62	0.100693	11.236
14.61	14.62	0.100710	11.336
14.61	14.62	0.100726	11.436
14.61	14.62	0.100743	11.536
14.61	14.62	0.100760	11.636
14.61	14.62	0.100776	11.736
14.61	14.62	0.100793	11.836
14.61	14.62	0.100810	11.936
14.61	14.62	0.100826	12.036
14.61	14.62	0.100843	12.136
14.61	14.62	0.100860	12.237
14.61	14.62	0.100876	12.336
14.61	14.62	0.100893	12.436
14.61	14.62	0.100910	12.536
14.61	14.62	0.100926	12.636
14.61	14.62	0.100943	12.736
14.61	14.62	0.100960	12.836
14.61	14.62	0.100976	12.937
14.61	14.62	0.100993	13.036
14.61	14.62	0.101010	13.136
14.61	14.62	0.101026	13.236
14.61	14.63	0.101043	13.336
14.63	14.63	0.101060	13.436
14.63	14.63	0.101076	13.536
14.63	14.63	0.101093	13.636
14.63	14.63	0.101110	13.736
14.63	14.63	0.101126	13.837
14.63	14.63	0.101143	13.936
14.63	14.64	0.101160	14.036
14.63	14.64	0.101176	14.136
14.63	14.64	0.101193	14.236
14.63	14.64	0.101210	14.336
14.63	14.64	0.101226	14.436
14.63	14.65	0.101243	14.536
14.63	14.65	0.101259	14.636
14.63	14.65	0.101276	14.737
14.63	14.65	0.101293	14.836
14.63	14.65	0.101309	14.936
14.63	14.66	0.101326	15.036
14.63	14.66	0.101343	15.136
14.66	14.66	0.101359	15.236
14.66	14.66	0.101376	15.336
14.66	14.67	0.101393	15.437
14.66	14.67	0.101409	15.536
14.66	14.67	0.101426	15.636
14.66	14.67	0.101443	15.736
14.66	14.68	0.101459	15.836
14.66	14.68	0.101476	15.936
14.66	14.68	0.101493	16.036
14.66	14.69	0.101509	16.136
14.68	14.69	0.101526	16.236
14.68	14.69	0.101543	16.360
14.68	14.69	0.101559	16.465
14.68	14.70	0.101576	16.560
14.68	14.70	0.101593	16.659
14.68	14.70	0.101609	16.764
14.68	14.71	0.101626	16.858
14.71	14.71	0.101643	16.958
14.71	14.71	0.101659	17.062
14.71	14.72	0.101676	17.157
14.71	14.72	0.101693	17.258
14.71	14.72	0.101709	17.361
14.71	14.73	0.101726	17.456
14.74	14.73	0.101743	17.557
14.74	14.73	0.101759	17.660
14.74	14.74	0.101776	17.754
14.74	14.74	0.101793	17.857
14.74	14.74	0.101809	17.958
14.74	14.75	0.101826	18.053
14.74	14.75	0.101843	18.157
14.74	14.75	0.101859	18.257
14.76	14.76	0.101876	18.352
14.76	14.76	0.101893	18.456
14.76	14.76	0.101909	18.556
14.76	14.77	0.101926	18.650
14.76	14.77	0.101943	18.755
14.76	14.77	0.101959	18.856
14.76	14.78	0.101976	18.950
14.76	14.78	0.101993	19.055
14.76	14.78	0.102009	19.154
14.79	14.79	0.102026	19.249
14.79	14.79	0.102043	19.353
14.79	14.80	0.102059	19.453
14.79	14.80	0.102076	19.547
14.79	14.80	0.102092	19.652
14.79	14.81	0.102109	19.747
14.79	14.81	0.102126	19.846
14.79	14.81	0.102142	19.951
14.81	14.82	0.102159	20.045
14.81	14.82	0.102176	20.145
14.81	14.82	0.102192	20.249
14.81	14.83	0.102209	20.344
14.81	14.83	0.102226	20.444
14.81	14.83	0.102242	20.548
14.81	14.84	0.102259	20.643
14.84	14.84	0.102276	20.742
14.84	14.84	0.102292	20.848
14.84	14.85	0.102309	20.942
14.84	14.85	0.102326	21.042
14.84	14.85	0.102342	21.146
14.84	14.85	0.102359	21.241
14.86	14.86	0.102376	21.341
14.86	14.86	0.102392	21.445
14.86	14.86	0.102409	21.540
14.86	14.87	0.102426	21.639
14.86	14.87	0.102442	21.744
14.86	14.87	0.102459	21.838
14.89	14.87	0.102476	21.938
14.89	14.88	0.102492	22.043
14.89	14.88	0.102509	22.138
14.89	14.88	0.102526	22.238
14.89	14.88	0.102542	22.341
14.89	14.89	0.102559	22.438
14.89	14.89	0.102576	22.538
14.89	14.89	0.102592	22.640
14.92	14.89	0.102609	22.738
14.92	14.90	0.102626	22.838
14.92	14.90	0.102642	22.940
14.92	14.90	0.102659	23.038
14.92	14.90	0.102676	23.138
14.92	14.90	0.102692	23.238
14.92	14.91	0.102709	23.338
14.92	14.91	0.102726	23.438
14.92	14.91	0.102742	23.538
14.92	14.91	0.102759	23.638
14.92	14.91	0.102776	23.738
14.92	14.92	0.102792	23.838
14.92	14.92	0.102809	23.938
14.92	14.92	0.102826	24.038
14.92	14.92	0.102842	24.138
14.92	14.92	0.102859	24.238
14.92	14.92	0.102876	24.338
14.92	14.92	0.102892	24.438
14.92	14.92	0.102909	24.539
14.92	14.93	0.102925	24.638
14.92	14.93	0.102942	24.738
14.92	14.93	0.102959	24.838
14.92	14.93	0.102975	24.938
14.94	14.93	0.102992	25.038
14.94	14.93	0.103009	25.138
14.94	14.93	0.103025	25.238
14.94	14.93	0.103042	25.338
14.94	14.93	0.103059	25.439
14.94	14.93	0.103075	25.538
14.94	14.93	0.103092	25.638
14.94	14.93	0.103109	25.738
14.94	14.93	0.103125	25.838
14.94	14.93	0.103142	25.938
14.94	14.93	0.103159	26.038
14.94	14.93	0.103175	26.138
14.94	14.93	0.103192	26.238
14.94	14.93	0.103209	26.339
14.94	14.93	0.103225	26.438
14.94	14.93	0.103242	26.538
14.94	14.93	0.103259	26.638
14.94	14.93	0.103275	26.738
14.94	14.93	0.103292	26.838
14.94	14.93	0.103309	26.938
14.94	14.93	0.103325	27.039
14.94	14.93	0.103342	27.138
14.94	14.93	0.103359	27.238
14.94	14.93	0.103375	27.338
14.94	14.93	0.103392	27.438
14.94	14.93	0.103409	27.538
14.94	14.93	0.103425	27.638
14.94	14.93	0.103442	27.738
14.94	14.92	0.103459	27.838
14.94	14.92	0.103475	27.938
14.94	14.92	0.103492	28.038
14.94	14.92	0.103509	28.138
14.94	14.92	0.103525	28.238
14.94	14.92	0.103542	28.338
14.94	14.92	0.103559	28.467
14.94	14.92	0.103575	28.537
14.94	14.92	0.103592	28.661
14.94	14.91	0.103609	28.767
14.94	14.91	0.103625	28.861
14.92	14.91	0.103642	28.960
14.92	14.91	0.103659	29.066
14.92	14.91	0.103675	29.159
14.92	14.91	0.103692	29.260
14.92	14.91	0.103709	29.364
14.92	14.90	0.103725	29.459
14.92	14.90	0.103742	29.558
14.92	14.90	0.103758	29.663
14.92	14.90	0.103775	29.758
14.92	14.90	0.103792	29.857
14.92	14.90	0.103808	29.962
14.89	14.89	0.103825	30.056
14.89	14.89	0.103842	30.156
14.89	14.89	0.103858	30.260
14.89	14.89	0.103875	30.355
14.89	14.89	0.103892	30.456
14.89	14.89	0.103908	30.559
14.89	14.88	0.103925	30.654
14.89	14.88	0.103942	30.756
14.89	14.88	0.103958	30.858
14.89	14.88	0.103975	30.952
14.89	14.88	0.103992	31.056
14.89	14.88	0.104008	31.157
14.89	14.87	0.104025	31.252
14.89	14.87	0.104042	31.357
14.89	14.87	0.104058	31.456
14.86	14.87	0.104075	31.551
14.86	14.87	0.104092	31.655
14.86	14.87	0.104108	31.755
14.86	14.86	0.104125	31.849
14.86	14.86	0.104142	31.954
14.86	14.86	0.104158	32.054
14.86	14.86	0.104175	32.148
14.86	14.86	0.104192	32.253
14.86	14.86	0.104208	32.352
14.86	14.85	0.104225	32.447
14.86	14.85	0.104242	32.551
14.86	14.85	0.104258	32.646
14.86	14.85	0.104275	32.745
14.86	14.85	0.104292	32.850
14.86	14.85	0.104308	32.945
14.86	14.85	0.104325	33.044
14.84	14.84	0.104342	33.149
14.84	14.84	0.104358	33.243
14.84	14.84	0.104375	33.343
14.84	14.84	0.104392	33.447
14.84	14.84	0.104408	33.542
14.84	14.84	0.104425	33.642
14.84	14.84	0.104442	33.747
14.84	14.84	0.104458	33.841
14.84	14.84	0.104475	33.941
14.84	14.84	0.104492	34.046
14.84	14.83	0.104508	34.140
14.84	14.83	0.104525	34.240
14.84	14.83	0.104542	34.344
14.84	14.83	0.104558	34.439
14.84	14.83	0.104575	34.539
14.84	14.83	0.104591	34.643
14.84	14.83	0.104608	34.738
14.81	14.83	0.104625	34.838
14.81	14.83	0.104641	34.942
14.81	14.83	0.104658	35.038
14.81	14.83	0.104675	35.138
14.81	14.83	0.104691	35.241
14.81	14.83	0.104708	35.338
14.81	14.83	0.104725	35.438
14.81	14.83	0.104741	35.539
14.81	14.83	0.104758	35.638
14.81	14.83	0.104775	35.738
14.81	14.83	0.104791	35.838
14.81	14.83	0.104808	35.938
14.81	14.83	0.104825	36.038
14.81	14.83	0.104841	36.139
14.81	14.83	0.104858	36.238
14.81	14.83	0.104875	36.338
14.81	14.83	0.104891	36.438
14.81	14.83	0.104908	36.538
14.81	14.83	0.104925	36.638
14.84	14.83	0.104941	36.738
14.84	14.83	0.104958	36.838
14.84	14.84	0.104975	36.938
14.84	14.84	0.104991	37.038
14.84	14.84	0.105008	37.138
14.84	14.84	0.105025	37.238
14.84	14.84	0.105041	37.338
14.84	14.84	0.105058	37.438
14.84	14.84	0.105075	37.538
14.84	14.84	0.105091	37.638
14.84	14.84	0.105108	37.739
14.84	14.85	0.105125	37.838
14.84	14.85	0.105141	37.938
14.84	14.85	0.105158	38.038
14.84	14.85	0.105175	38.138
14.84	14.85	0.105191	38.238
14.84	14.86	0.105208	38.338
14.84	14.86	0.105225	38.438
14.84	14.86	0.105241	38.538
14.84	14.86	0.105258	38.638
14.86	14.86	0.105275	38.738
14.86	14.87	0.105291	38.838
14.86	14.87	0.105308	38.938
14.86	14.87	0.105325	39.038
14.86	14.87	0.105341	39.138
14.86	14.87	0.105358	39.238
14.86	14.88	0.105375	39.339
14.86	14.88	0.105391	39.438
14.86	14.88	0.105408	39.538
14.86	14.88	0.105424	39.638
14.86	14.89	0.105441	39.738
14.86	14.89	0.105458	39.838
14.89	14.89	0.105474	39.938
14.89	14.90	0.105491	40.038
14.89	14.90	0.105508	40.138
14.89	14.90	0.105524	40.239
14.89	14.90	0.105541	40.338
14.89	14.91	0.105558	40.438
14.89	14.91	0.105574	40.538
14.89	14.91	0.105591	40.638
14.92	14.92	0.105608	40.738
14.92	14.92	0.105624	40.838
14.92	14.92	0.105641	40.938
14.92	14.93	0.105658	41.038
14.92	14.93	0.105674	41.162
14.92	14.93	0.105691	41.237
14.92	14.94	0.105708	41.367
14.92	14.94	0.105724	41.461
14.94	14.94	0.105741	41.561
14.94	14.95	0.105758	41.665
14.94	14.95	0.105774	41.760
14.94	14.95	0.105791	41.859
14.94	14.96	0.105808	41.964
14.94	14.96	0.105824	42.059
14.94	14.96	0.105841	42.158
14.94	14.97	0.105858	42.263
14.97	14.97	0.105874	42.358
14.97	14.97	0.105891	42.458
14.97	14.98	0.105908	42.562
14.97	14.98	0.105924	42.657
14.97	14.98	0.105941	42.757
14.97	14.99	0.105958	42.861
14.99	14.99	0.105974	42.956
14.99	14.99	0.105991	43.055
14.99	15.00	0.106008	43.160
14.99	15.00	0.106024	43.254
14.99	15.01	0.106041	43.355
14.99	15.01	0.106058	43.458
14.99	15.01	0.106074	43.553
14.99	15.02	0.106091	43.655
15.02	15.02	0.106108	43.757
15.02	15.02	0.106124	43.852
15.02	15.03	0.106141	43.955
15.02	15.03	0.106158	44.056
15.02	15.03	0.106174	44.150
15.02	15.04	0.106191	44.255
15.02	15.04	0.106208	44.354
15.04	15.04	0.106224	44.450
15.04	15.05	0.106241	44.555
15.04	15.05	0.106257	44.654
15.04	15.05	0.106274	44.749
15.04	15.06	0.106291	44.853
15.04	15.06	0.106307	44.953
15.07	15.06	0.106324	45.047
15.07	15.06	0.106341	45.152
15.07	15.07	0.106357	45.252
15.07	15.07	0.106374	45.346
15.07	15.07	0.106391	45.451
15.07	15.08	0.106407	45.550
15.09	15.08	0.106424	45.645
15.09	15.08	0.106441	45.749
15.09	15.08	0.106457	45.844
15.09	15.09	0.106474	45.943
15.09	15.09	0.106491	46.048
15.09	15.09	0.106507	46.143
15.09	15.10	0.106524	46.242
15.09	15.10	0.106541	46.347
15.09	15.10	0.106557	46.441
15.09	15.10	0.106574	46.541
15.09	15.11	0.106591	46.645
15.12	15.11	0.106607	46.741
15.12	15.11	0.106624	46.841
15.12	15.11	0.106641	46.945
15.12	15.11	0.106657	47.040
15.12	15.12	0.106674	47.139
15.12	15.12	0.106691	47.244
15.12	15.12	0.106707	47.338
15.12	15.12	0.106724	47.438
15.12	15.12	0.106741	47.542
15.12	15.13	0.106757	47.638
15.12	15.13	0.106774	47.739
15.15	15.13	0.106791	47.841
15.15	15.13	0.106807	47.938
15.15	15.13	0.106824	48.038
15.15	15.13	0.106841	48.140
15.15	15.13	0.106857	48.238
15.15	15.14	0.106874	48.338
15.15	15.14	0.106891	48.439
15.15	15.14	0.106907	48.538
15.15	15.14	0.106924	48.638
15.15	15.14	0.106941	48.738
15.15	15.14	0.106957	48.838
15.15	15.14	0.106974	48.938
15.15	15.14	0.106991	49.039
15.15	15.14	0.107007	49.139
15.15	15.14	0.107024	49.239
15.15	15.14	0.107041	49.340
15.15	15.14	0.107057	49.439
15.15	15.15	0.107074	49.539
15.15	15.15	0.107090	49.639
15.15	15.15	0.107107	49.739
15.15	15.15	0.107124	49.839
15.15	15.15	0.107140	49.939
15.15	15.15	0.107157	50.039
15.15	15.15	0.107174	50.139
15.15	15.15	0.107190	50.240
15.15	15.15	0.107207	50.339
15.15	15.15	0.107224	50.439
15.15	15.15	0.107240	50.539
15.15	15.15	0.107257	50.639
15.15	15.15	0.107274	50.739
15.15	15.15	0.107290	50.839
15.15	15.14	0.107307	50.939
15.15	15.14	0.107324	51.039
15.17	15.14	0.107340	51.139
15.17	15.14	0.107357	51.239
15.17	15.14	0.107374	51.339
15.17	15.14	0.107390	51.439
15.17	15.14	0.107407	51.539
15.17	15.14	0.107424	51.639
15.17	15.14	0.107440	51.739
15.17	15.14	0.107457	51.840
15.15	15.14	0.107474	51.939
15.15	15.14	0.107490	52.039
15.15	15.14	0.107507	52.139
15.15	15.13	0.107524	52.239
15.15	15.13	0.107540	52.339
15.15	15.13	0.107557	52.439
15.15	15.13	0.107574	52.539
15.15	15.13	0.107590	52.640
15.15	15.13	0.107607	52.739
15.15	15.13	0.107624	52.839
15.15	15.13	0.107640	52.940
15.12	15.12	0.107657	53.040
15.12	15.12	0.107674	53.140
15.12	15.12	0.107690	53.240
15.12	15.12	0.107707	53.369
15.12	15.12	0.107724	53.464
15.12	15.12	0.107740	53.563
15.12	15.11	0.107757	53.669
15.12	15.11	0.107774	53.763
15.12	15.11	0.107790	53.863
15.12	15.11	0.107807	53.968
15.09	15.11	0.107824	54.062
15.09	15.11	0.107840	54.162
15.09	15.10	0.107857	54.266
15.09	15.10	0.107874	54.361
15.09	15.10	0.107890	54.461
15.09	15.10	0.107907	54.565
15.09	15.10	0.107923	54.660
15.09	15.10	0.107940	54.759
15.09	15.09	0.107957	54.864
15.09	15.09	0.107973	54.958
15.09	15.09	0.107990	55.058
15.09	15.09	0.108007	55.163
15.09	15.09	0.108023	55.257
15.09	15.09	0.108040	55.357
15.09	15.08	0.108057	55.461
15.09	15.08	0.108073	55.556
15.09	15.08	0.108090	55.655
15.09	15.08	0.108107	55.760
15.09	15.08	0.108123	55.855
15.09	15.08	0.108140	55.954
15.09	15.07	0.108157	56.059
15.09	15.07	0.108173	56.153
15.09	15.07	0.108190	56.254
15.09	15.07	0.108207	56.358
15.09	15.07	0.108223	56.453
15.09	15.07	0.108240	56.554
15.09	15.06	0.108257	56.657
15.07	15.06	0.108273	56.752
15.07	15.06	0.108290	56.853
15.07	15.06	0.108307	56.956
15.07	15.06	0.108323	57.050
15.07	15.06	0.108340	57.154
15.07	15.06	0.108357	57.255
15.07	15.06	0.108373	57.349
15.07	15.05	0.108390	57.454
15.07	15.05	0.108407	57.553
15.04	15.05	0.108423	57.648
15.04	15.05	0.108440	57.752
15.04	15.05	0.108457	57.852
15.04	15.05	0.108473	57.946
15.04	15.05	0.108490	58.051
15.04	15.05	0.108507	58.151
15.04	15.05	0.108523	58.245
15.04	15.05	0.108540	58.350
15.04	15.05	0.108557	58.449
15.04	15.04	0.108573	58.544
15.04	15.04	0.108590	58.648
15.04	15.04	0.108607	58.743
15.04	15.04	0.108623	58.843
15.04	15.04	0.108640	58.947
15.02	15.04	0.108657	59.043
15.02	15.04	0.108673	59.142
15.02	15.04	0.108690	59.247
15.02	15.04	0.108707	59.341
15.02	15.04	0.108723	59.441
15.02	15.04	0.108740	59.545
15.02	15.04	0.108756	59.640
15.02	15.04	0.108773	59.741
15.02	15.04	0.108790	59.844
15.02	15.04	0.108806	59.940
15.02	15.04	0.108823	00.040
15.04	15.04	0.108840	00.143
15.04	15.04	0.108856	00.240
15.04	15.04	0.108873	00.340
15.04	15.04	0.108890	00.442
15.04	15.05	0.108906	00.540
15.04	15.05	0.108923	00.640
15.04	15.05	0.108940	00.740
15.04	15.05	0.108956	00.840
15.04	15.05	0.108973	00.940
15.04	15.05	0.108990	01.040
15.04	15.05	0.109006	01.140
15.04	15.05	0.109023	01.240
15.04	15.05	0.109040	01.341
15.04	15.05	0.109056	01.440
15.04	15.06	0.109073	01.540
15.04	15.06	0.109090	01.640
15.04	15.06	0.109106	01.740
15.04	15.06	0.109123	01.840
15.04	15.06	0.109140	01.940
15.04	15.06	0.109156	02.041
15.07	15.06	0.109173	02.140
15.07	15.07	0.109190	02.240
15.07	15.07	0.109206	02.340
15.07	15.07	0.109223	02.440
15.07	15.07	0.109240	02.540
15.07	15.07	0.109256	02.640
15.07	15.08	0.109273	02.740
15.07	15.08	0.109290	02.840
15.07	15.08	0.109306	02.941
15.07	15.08	0.109323	03.040
15.07	15.09	0.109340	03.140
15.07	15.09	0.109356	03.240
15.07	15.09	0.109373	03.340
15.07	15.09	0.109390	03.439
15.07	15.10	0.109406	03.540
15.07	15.10	0.109423	03.641
15.09	15.10	0.109440	03.740
15.09	15.10	0.109456	03.840
15.09	15.11	0.109473	03.940
15.09	15.11	0.109490	04.040
15.09	15.11	0.109506	04.140
15.09	15.11	0.109523	04.240
15.09	15.12	0.109540	04.340
15.09	15.12	0.109556	04.440
15.12	15.12	0.109573	04.541
15.12	15.13	0.109589	04.640
15.12	15.13	0.109606	04.740
15.12	15.13	0.109623	04.840
15.12	15.14	0.109639	04.940
15.12	15.14	0.109656	05.040
15.12	15.14	0.109673	05.140
15.15	15.15	0.109689	05.240
15.15	15.15	0.109706	05.340
15.15	15.15	0.109723	05.441
15.15	15.16	0.109739	05.540
15.15	15.16	0.109756	05.640
15.15	15.16	0.109773	05.740
15.15	15.17	0.109789	05.840
15.17	15.17	0.109806	05.940
15.17	15.17	0.109823	06.040
15.17	15.18	0.109839	06.164
15.17	15.18	0.109856	06.269
15.17	15.18	0.109873	06.368
15.17	15.19	0.109889	06.463
15.17	15.19	0.109906	06.568
15.17	15.19	0.109923	06.662
15.20	15.20	0.109939	06.762
15.20	15.20	0.109956	06.866
15.20	15.20	0.109973	06.961
15.20	15.21	0.109989	07.060
15.20	15.21	0.110006	07.165
15.20	15.21	0.110023	07.260
15.20	15.22	0.110039	07.359
15.20	15.22	0.110056	07.465
15.22	15.23	0.110073	07.559
15.22	15.23	0.110089	07.659
15.22	15.23	0.110106	07.763
15.22	15.24	0.110123	07.858
15.22	15.24	0.110139	07.957
15.22	15.24	0.110156	08.062
15.22	15.25	0.110173	08.157
15.25	15.25	0.110189	08.256
15.25	15.25	0.110206	08.361
15.25	15.26	0.110223	08.455
15.25	15.26	0.110239	08.555
15.25	15.26	0.110256	08.659
15.25	15.27	0.110273	08.754
15.27	15.27	0.110289	08.854
15.27	15.27	0.110306	08.958
15.27	15.27	0.110323	09.053
15.27	15.28	0.110339	09.153
15.27	15.28	0.110356	09.257
15.30	15.28	0.110373	09.352
15.30	15.29	0.110389	09.453
15.30	15.29	0.110406	09.556
15.30	15.29	0.110422	09.651
15.30	15.30	0.110439	09.753
15.30	15.30	0.110456	09.855
15.30	15.30	0.110472	09.950
15.30	15.30	0.110489	10.052
15.33	15.31	0.110506	10.154
15.33	15.31	0.110522	10.248
15.33	15.31	0.110539	10.353
15.33	15.31	0.110556	10.452
15.33	15.32	0.110572	10.547
15.33	15.32	0.110589	10.652
15.33	15.32	0.110606	10.751
15.33	15.32	0.110622	10.846
15.33	15.33	0.110639	10.950
15.33	15.33	0.110656	11.050
15.33	15.33	0.110672	11.144
15.33	15.33	0.110689	11.249
15.33	15.33	0.110706	11.349
15.33	15.34	0.110722	11.443
15.33	15.34	0.110739	11.548
15.35	15.34	0.110756	11.642
15.35	15.34	0.110772	11.742
15.35	15.34	0.110789	11.847
15.35	15.34	0.110806	11.942
15.35	15.34	0.110822	12.041
15.35	15.35	0.110839	12.146
15.35	15.35	0.110856	12.241
15.35	15.35	0.110872	12.340
15.35	15.35	0.110889	12.445
15.35	15.35	0.110906	12.540
15.35	15.35	0.110922	12.640
15.35	15.35	0.110939	12.743
15.35	15.35	0.110956	12.840
15.35	15.36	0.110972	12.941
15.35	15.36	0.110989	13.042
15.35	15.36	0.111006	13.140
15.35	15.36	0.111022	13.240
15.35	15.36	0.111039	13.341
15.38	15.36	0.111056	13.440
15.38	15.36	0.111072	13.540
15.38	15.36	0.111089	13.640
15.38	15.36	0.111106	13.740
15.38	15.36	0.111122	13.841
15.38	15.36	0.111139	13.940
15.38	15.36	0.111156	14.040
15.38	15.36	0.111172	14.140
15.38	15.36	0.111189	14.240
15.38	15.36	0.111206	14.340
15.38	15.36	0.111222	14.440
15.38	15.36	0.111239	14.540
15.38	15.36	0.111255	14.640
15.38	15.36	0.111272	14.741
15.38	15.36	0.111289	14.840
15.38	15.36	0.111305	14.940
15.38	15.36	0.111322	15.040
15.38	15.36	0.111339	15.140
15.38	15.36	0.111355	15.240
15.35	15.36	0.111372	15.340
15.35	15.36	0.111389	15.441
15.35	15.35	0.111405	15.540
15.35	15.35	0.111422	15.640
15.35	15.35	0.111439	15.740
15.35	15.35	0.111455	15.840
15.35	15.35	0.111472	15.940
15.35	15.35	0.111489	16.040
15.35	15.35	0.111505	16.140
15.35	15.35	0.111522	16.240
15.35	15.35	0.111539	16.341
15.35	15.35	0.111555	16.440
15.35	15.34	0.111572	16.540
15.35	15.34	0.111589	16.640
15.35	15.34	0.111605	16.740
15.35	15.34	0.111622	16.840
15.35	15.34	0.111639	16.940
15.35	15.34	0.111655	17.040
15.35	15.34	0.111672	17.140
15.35	15.33	0.111689	17.240
15.35	15.33	0.111705	17.340
15.35	15.33	0.111722	17.440
15.35	15.33	0.111739	17.540
15.35	15.33	0.111755	17.640
15.35	15.33	0.111772	17.740
15.33	15.32	0.111789	17.840
15.33	15.32	0.111805	17.941
15.33	15.32	0.111822	18.040
15.33	15.32	0.111839	18.140
15.33	15.32	0.111855	18.240
15.33	15.32	0.111872	18.340
15.33	15.31	0.111889	18.440
15.33	15.31	0.111905	18.540
15.33	15.31	0.111922	18.640
15.33	15.31	0.111939	18.740
15.33	15.31	0.111955	18.869
15.30	15.31	0.111972	18.969
15.30	15.30	0.111989	19.064
15.30	15.30	0.112005	19.168
15.30	15.30	0.112022	19.268
15.30	15.30	0.112039	19.362
15.30	15.30	0.112055	19.467
15.30	15.30	0.112072	19.561
15.30	15.29	0.112088	19.661
15.30	15.29	0.112105	19.766
15.30	15.29	0.112122	19.861
15.30	15.29	0.112138	19.961
15.30	15.29	0.112155	20.065
15.27	15.29	0.112172	20.160
15.27	15.28	0.112188	20.259
15.27	15.28	0.112205	20.364
15.27	15.28	0.112222	20.458
15.27	15.28	0.112238	20.558
15.27	15.28	0.112255	20.663
15.27	15.28	0.112272	20.757
15.27	15.28	0.112288	20.857
15.27	15.27	0.112305	20.961
15.27	15.27	0.112322	21.055
15.27	15.27	0.112338	21.155
15.27	15.27	0.112355	21.260
15.27	15.27	0.112372	21.355
15.27	15.27	0.112388	21.455
15.27	15.27	0.112405	21.559
15.27	15.27	0.112422	21.654
15.27	15.26	0.112438	21.753
15.27	15.26	0.112455	21.858
15.27	15.26	0.112472	21.952
15.27	15.26	0.112488	22.052
15.27	15.26	0.112505	22.157
15.27	15.26	0.112522	22.251
15.27	15.26	0.112538	22.352
15.27	15.26	0.112555	22.455
15.27	15.26	0.112572	22.550
15.27	15.26	0.112588	22.651
15.27	15.26	0.112605	22.754
15.25	15.26	0.112622	22.848
15.25	15.26	0.112638	22.951
15.25	15.26	0.112655	23.053
15.25	15.26	0.112672	23.147
15.25	15.26	0.112688	23.252
15.25	15.26	0.112705	23.352
15.25	15.26	0.112722	23.446
15.25	15.26	0.112738	23.551
15.25	15.26	0.112755	23.651
15.25	15.26	0.112772	23.746
15.25	15.26	0.112788	23.850
15.25	15.26	0.112805	23.950
15.25	15.26	0.112822	24.044
15.25	15.26	0.112838	24.149
15.25	15.26	0.112855	24.248
15.25	15.26	0.112872	24.343
15.25	15.26	0.112888	24.447
15.25	15.26	0.112905	24.547
15.25	15.26	0.112921	24.642
15.25	15.26	0.112938	24.746
15.25	15.26	0.112955	24.841
15.25	15.26	0.112971	24.941
15.25	15.26	0.112988	25.045
15.25	15.26	0.113005	25.141
15.25	15.26	0.113021	25.241
15.25	15.27	0.113038	25.343
15.25	15.27	0.113055	25.441
15.25	15.27	0.113071	25.542
15.25	15.27	0.113088	25.642
15.25	15.27	0.113105	25.741
15.25	15.27	0.113121	25.840
15.27	15.27	0.113138	25.941
15.27	15.28	0.113155	26.040
15.27	15.28	0.113171	26.140
15.27	15.28	0.113188	26.242
15.27	15.28	0.113205	26.341
15.27	15.28	0.113221	26.441
15.27	15.29	0.113238	26.541
15.27	15.29	0.113255	26.641
15.27	15.29	0.113271	26.741
15.27	15.29	0.113288	26.841
15.27	15.29	0.113305	26.941
15.27	15.30	0.113321	27.041
15.27	15.30	0.113338	27.142
15.30	15.30	0.113355	27.241
15.30	15.30	0.113371	27.341
15.30	15.31	0.113388	27.441
15.30	15.31	0.113405	27.541
15.30	15.31	0.113421	27.641
15.30	15.31	0.113438	27.741
15.30	15.32	0.113455	27.841
15.30	15.32	0.113471	27.941
15.33	15.32	0.113488	28.042
15.33	15.33	0.113505	28.141
15.33	15.33	0.113521	28.241
15.33	15.33	0.113538	28.341
15.33	15.33	0.113555	28.441
15.33	15.34	0.113571	28.541
15.33	15.34	0.113588	28.641
15.33	15.34	0.113605	28.742
15.33	15.35	0.113621	28.841
15.33	15.35	0.113638	28.941
15.33	15.35	0.113655	29.041
15.35	15.36	0.113671	29.141
15.35	15.36	0.113688	29.241
15.35	15.36	0.113705	29.341
15.35	15.37	0.113721	29.441
15.35	15.37	0.113738	29.541
15.35	15.37	0.113754	29.642
15.35	15.38	0.113771	29.741
15.35	15.38	0.113788	29.841
15.38	15.38	0.113804	29.941
15.38	15.39	0.113821	30.041
15.38	15.39	0.113838	30.141
15.38	15.39	0.113854	30.241
15.38	15.40	0.113871	30.341
15.38	15.40	0.113888	30.441
15.40	15.40	0.113904	30.542
15.40	15.41	0.113921	30.641
15.40	15.41	0.113938	30.741
15.40	15.41	0.113954	30.841
15.40	15.42	0.113971	30.941
15.40	15.42	0.113988	31.041
15.43	15.42	0.114004	31.141
15.43	15.43	0.114021	31.270
15.43	15.43	0.114038	31.365
15.43	15.44	0.114054	31.470
15.43	15.44	0.114071	31.569
15.43	15.44	0.114088	31.664
15.43	15.45	0.114104	31.768
15.45	15.45	0.114121	31.869
15.45	15.45	0.114138	31.963
15.45	15.46	0.114154	32.068
15.45	15.46	0.114171	32.167
15.45	15.46	0.114188	32.262
15.45	15.47	0.114204	32.367
15.45	15.47	0.114221	32.461
15.48	15.47	0.114238	32.561
15.48	15.48	0.114254	32.665
15.48	15.48	0.114271	32.760
15.48	15.48	0.114288	32.859
15.48	15.49	0.114304	32.964
15.48	15.49	0.114321	33.059
15.48	15.49	0.114338	33.158
15.50	15.49	0.114354	33.263
15.50	15.50	0.114371	33.357
15.50	15.50	0.114388	33.457
15.50	15.50	0.114404	33.561
15.50	15.51	0.114421	33.656
15.50	15.51	0.114438	33.756
15.50	15.51	0.114454	33.860
15.50	15.51	0.114471	33.955
15.53	15.52	0.114488	34.055
15.53	15.52	0.114504	34.160
15.53	15.52	0.114521	34.254
15.53	15.52	0.114538	34.354
15.53	15.53	0.114554	34.458
15.53	15.53	0.114571	34.553
15.53	15.53	0.114587	34.653
15.53	15.53	0.114604	34.757
15.53	15.54	0.114621	34.852
15.53	15.54	0.114637	34.951
15.56	15.54	0.114654	35.056
15.56	15.54	0.114671	35.150
15.56	15.54	0.114687	35.251
15.56	15.55	0.114704	35.354
15.56	15.55	0.114721	35.449
15.56	15.55	0.114737	35.551
15.56	15.55	0.114754	35.653
15.56	15.55	0.114771	35.748
15.56	15.56	0.114787	35.850
15.56	15.56	0.114804	35.952
15.56	15.56	0.114821	36.046
15.56	15.56	0.114837	36.150
15.56	15.56	0.114854	36.252
15.56	15.56	0.114871	36.345
15.58	15.56	0.114887	36.451
15.58	15.56	0.114904	36.550
15.58	15.57	0.114921	36.645
15.58	15.57	0.114937	36.749
15.58	15.57	0.114954	36.849
15.58	15.57	0.114971	36.943
15.58	15.57	0.114987	37.048
15.58	15.57	0.115004	37.148
15.58	15.57	0.115021	37.242
15.58	15.57	0.115037	37.347
15.58	15.57	0.115054	37.446
15.58	15.57	0.115071	37.541
15.58	15.57	0.115087	37.645
15.58	15.57	0.115104	37.741
15.58	15.57	0.115121	37.842
15.58	15.57	0.115137	37.944
15.58	15.57	0.115154	38.041
15.58	15.57	0.115171	38.142
15.58	15.57	0.115187	38.243
15.58	15.57	0.115204	38.345
15.58	15.57	0.115221	38.442
15.58	15.57	0.115237	38.542
15.58	15.57	0.115254	38.646
15.58	15.57	0.115271	38.743
15.58	15.57	0.115287	38.842
15.58	15.57	0.115304	38.946
15.58	15.57	0.115321	39.042
15.58	15.57	0.115337	39.142
15.58	15.57	0.115354	39.245
15.58	15.57	0.115371	39.342
15.58	15.57	0.115387	39.443
15.58	15.57	0.115404	39.546
15.58	15.57	0.115420	39.642
15.58	15.57	0.115437	39.742
15.58	15.56	0.115454	39.846
15.58	15.56	0.115470	39.942
15.58	15.56	0.115487	40.042
15.58	15.56	0.115504	40.145
15.58	15.56	0.115520	40.242
15.58	15.56	0.115537	40.343
15.58	15.56	0.115554	40.445
15.56	15.56	0.115570	40.542
15.56	15.56	0.115587	40.642
15.56	15.55	0.115604	40.746
15.56	15.55	0.115620	40.842
15.56	15.55	0.115637	40.942
15.56	15.55	0.115654	41.045
15.56	15.55	0.115670	41.142
15.56	15.55	0.115687	41.243
15.56	15.55	0.115704	41.345
15.56	15.54	0.115720	41.442
15.56	15.54	0.115737	41.542
15.56	15.54	0.115754	41.646
15.56	15.54	0.115770	41.742
15.56	15.54	0.115787	41.842
15.53	15.54	0.115804	41.945
15.53	15.53	0.115820	42.042
15.53	15.53	0.115837	42.142
15.53	15.53	0.115854	42.245
15.53	15.53	0.115870	42.342
15.53	15.53	0.115887	42.442
15.53	15.53	0.115904	42.546
15.53	15.52	0.115920	42.642
15.53	15.52	0.115937	42.742
15.53	15.52	0.115954	42.846
15.53	15.52	0.115970	42.942
15.53	15.52	0.115987	43.042
15.53	15.52	0.116004	43.145
15.53	15.51	0.116020	43.243
15.53	15.51	0.116037	43.343
15.53	15.51	0.116054	43.445
15.50	15.51	0.116070	43.572
15.50	15.51	0.116087	43.667
15.50	15.51	0.116104	43.746
15.50	15.50	0.116120	43.871
15.50	15.50	0.116137	43.966
15.50	15.50	0.116154	44.045
15.50	15.50	0.116170	44.170
15.50	15.50	0.116187	44.264
15.50	15.50	0.116204	44.369
15.50	15.49	0.116220	44.469
15.50	15.49	0.116237	44.564
15.50	15.49	0.116253	44.669
15.50	15.49	0.116270	44.768
15.50	15.49	0.116287	44.863
15.50	15.49	0.116303	44.967
15.50	15.49	0.116320	45.067
15.50	15.48	0.116337	45.161
15.50	15.48	0.116353	45.266
15.50	15.48	0.116370	45.365
15.48	15.48	0.116387	45.460
15.48	15.48	0.116403	45.565
15.48	15.48	0.116420	45.659
15.48	15.48	0.116437	45.759
15.48	15.48	0.116453	45.863
15.48	15.48	0.116470	45.958
15.48	15.48	0.116487	46.057
15.48	15.47	0.116503	46.162
15.48	15.47	0.116520	46.257
15.48	15.47	0.116537	46.356
15.48	15.47	0.116553	46.461
15.48	15.47	0.116570	46.555
15.48	15.47	0.116587	46.655
15.48	15.47	0.116603	46.760
15.45	15.47	0.116620	46.854
15.45	15.47	0.116637	46.953
15.45	15.47	0.116653	47.059
15.45	15.47	0.116670	47.154
15.45	15.47	0.116687	47.253
15.45	15.47	0.116703	47.357
15.45	15.47	0.116720	47.452
15.45	15.47	0.116737	47.551
15.45	15.47	0.116753	47.656
15.45	15.47	0.116770	47.750
15.45	15.47	0.116787	47.850
15.45	15.47	0.116803	47.955
15.45	15.47	0.116820	48.049
15.45	15.47	0.116837	48.149
15.45	15.47	0.116853	48.254
15.45	15.47	0.116870	48.349
15.45	15.47	0.116887	48.449
15.45	15.47	0.116903	48.553
15.48	15.47	0.116920	48.648
15.48	15.47	0.116937	48.749
15.48	15.47	0.116953	48.852
15.48	15.48	0.116970	48.946
15.48	15.48	0.116987	49.049
15.48	15.48	0.117003	49.150
15.48	15.48	0.117020	49.245
15.48	15.48	0.117037	49.349
15.48	15.48	0.117053	49.449
15.48	15.48	0.117070	49.546
15.48	15.48	0.117086	49.648
15.48	15.48	0.117103	49.748
15.48	15.49	0.117120	49.845
15.48	15.49	0.117136	49.947
15.48	15.49	0.117153	50.046
15.48	15.49	0.117170	50.145
15.48	15.49	0.117186	50.246
15.48	15.50	0.117203	50.346
15.48	15.50	0.117220	50.446
15.48	15.50	0.117236	50.546
15.48	15.50	0.117253	50.646
15.48	15.50	0.117270	50.746
15.48	15.51	0.117286	50.846
15.50	15.51	0.117303	50.946
15.50	15.51	0.117320	51.046
15.50	15.51	0.117336	51.147
15.50	15.51	0.117353	51.246
15.50	15.52	0.117370	51.346
15.50	15.52	0.117386	51.446
15.50	15.52	0.117403	51.546
15.50	15.52	0.117420	51.646
15.50	15.53	0.117436	51.746
15.50	15.53	0.117453	51.846
15.53	15.53	0.117470	51.946
15.53	15.54	0.117486	52.047
15.53	15.54	0.117503	52.146
15.53	15.54	0.117520	52.246
15.53	15.54	0.117536	52.346
15.53	15.55	0.117553	52.446
15.53	15.55	0.117570	52.546
15.56	15.55	0.117586	52.646
15.56	15.56	0.117603	52.747
15.56	15.56	0.117620	52.846
15.56	15.56	0.117636	52.946
15.56	15.57	0.117653	53.046
15.56	15.57	0.117670	53.146
15.56	15.57	0.117686	53.246
15.56	15.58	0.117703	53.346
15.56	15.58	0.117720	53.446
15.56	15.58	0.117736	53.546
15.58	15.59	0.117753	53.647
15.58	15.59	0.117770	53.746
15.58	15.59	0.117786	53.846
15.58	15.60	0.117803	53.946
15.58	15.60	0.117820	54.045
15.58	15.60	0.117836	54.146
15.58	15.61	0.117853	54.246
15.61	15.61	0.117870	54.347
15.61	15.61	0.117886	54.446
15.61	15.62	0.117903	54.546
15.61	15.62	0.117919	54.646
15.61	15.62	0.117936	54.746
15.61	15.63	0.117953	54.846
15.61	15.63	0.117969	54.946
15.63	15.63	0.117986	55.046
15.63	15.64	0.118003	55.146
15.63	15.64	0.118019	55.246
15.63	15.65	0.118036	55.346
15.63	15.65	0.118053	55.446
15.63	15.65	0.118069	55.545
15.66	15.66	0.118086	55.645
15.66	15.66	0.118103	55.769
15.66	15.66	0.118119	55.874
15.66	15.67	0.118136	55.968
15.66	15.67	0.118153	56.069
15.66	15.67	0.118169	56.173
15.68	15.68	0.118186	56.267
15.68	15.68	0.118203	56.369
15.68	15.68	0.118219	56.471
15.68	15.69	0.118236	56.567
15.68	15.69	0.118253	56.668
15.68	15.69	0.118269	56.771
15.68	15.70	0.118286	56.865
15.71	15.70	0.118303	56.969
15.71	15.70	0.118319	57.070
15.71	15.70	0.118336	57.164
15.71	15.71	0.118353	57.269
15.71	15.71	0.118369	57.368
15.71	15.71	0.118386	57.463
15.71	15.72	0.118403	57.567
15.71	15.72	0.118419	57.667
15.74	15.72	0.118436	57.762
15.74	15.72	0.118453	57.866
15.74	15.73	0.118469	57.966
15.74	15.73	0.118486	58.060
15.74	15.73	0.118503	58.165
15.74	15.74	0.118519	58.264
15.74	15.74	0.118536	58.359
15.74	15.74	0.118553	58.463
15.74	15.74	0.118569	58.558
15.74	15.75	0.118586	58.658
15.74	15.75	0.118603	58.762
15.74	15.75	0.118619	58.857
15.74	15.75	0.118636	58.956
15.74	15.75	0.118653	59.062
15.74	15.76	0.118669	59.156
15.76	15.76	0.118686	59.256
15.76	15.76	0.118703	59.361
15.76	15.76	0.118719	59.455
15.76	15.76	0.118736	59.555
15.76	15.77	0.118752	59.659
15.76	15.77	0.118769	59.754
15.76	15.77	0.118786	59.853
15.76	15.77	0.118802	59.958
15.76	15.77	0.118819	00.052
15.79	15.77	0.118836	00.152
15.79	15.77	0.118852	00.257
15.79	15.78	0.118869	00.351
15.79	15.78	0.118886	00.451
15.79	15.78	0.118902	00.555
15.79	15.78	0.118919	00.650
15.79	15.78	0.118936	00.749
15.79	15.78	0.118952	00.854
15.79	15.78	0.118969	00.950
15.79	15.78	0.118986	01.049
15.79	15.78	0.119002	01.154
15.79	15.78	0.119019	01.247
15.79	15.78	0.119036	01.348
15.81	15.78	0.119052	01.452
15.81	15.79	0.119069	01.547
15.81	15.79	0.119086	01.648
15.81	15.79	0.119102	01.751
15.81	15.79	0.119119	01.847
15.81	15.79	0.119136	01.948
15.81	15.79	0.119152	02.050
15.81	15.79	0.119169	02.146
15.79	15.79	0.119186	02.248
15.79	15.79	0.119202	02.348
15.79	15.79	0.119219	02.446
15.79	15.79	0.119236	02.548
15.79	15.79	0.119252	02.647
15.79	15.79	0.119269	02.746
15.79	15.79	0.119286	02.846
15.79	15.78	0.119302	02.946
15.79	15.78	0.119319	03.046
15.79	15.78	0.119336	03.146
15.79	15.78	0.119352	03.246
15.79	15.78	0.119369	03.346
15.79	15.78	0.119386	03.447
15.79	15.78	0.119402	03.546
15.79	15.78	0.119419	03.646
15.79	15.78	0.119436	03.746
15.79	15.78	0.119452	03.846
15.79	15.78	0.119469	03.946
15.79	15.78	0.119486	04.046
15.79	15.78	0.119502	04.146
15.79	15.77	0.119519	04.246
15.79	15.77	0.119536	04.347
15.79	15.77	0.119552	04.446
15.79	15.77	0.119569	04.546
15.79	15.77	0.119585	04.646
15.79	15.77	0.119602	04.746
15.79	15.77	0.119619	04.846
15.79	15.77	0.119635	04.946
15.79	15.76	0.119652	05.047
15.79	15.76	0.119669	05.146
15.76	15.76	0.119685	05.246
15.76	15.76	0.119702	05.346
15.76	15.76	0.119719	05.446
15.76	15.76	0.119735	05.546
15.76	15.75	0.119752	05.646
15.76	15.75	0.119769	05.746
15.76	15.75	0.119785	05.846
15.76	15.75	0.119802	05.947
15.76	15.75	0.119819	06.046
15.76	15.75	0.119835	06.146
15.76	15.74	0.119852	06.246
15.74	15.74	0.119869	06.346
15.74	15.74	0.119885	06.446
15.74	15.74	0.119902	06.546
15.74	15.74	0.119919	06.646
15.74	15.74	0.119935	06.746
15.74	15.73	0.119952	06.847
15.74	15.73	0.119969	06.946
15.74	15.73	0.119985	07.046
15.74	15.73	0.120002	07.146
15.74	15.73	0.120019	07.246
15.74	15.73	0.120035	07.346
15.74	15.72	0.120052	07.446
15.74	15.72	0.120069	07.547
15.74	15.72	0.120085	07.646
15.74	15.72	0.120102	07.746
15.74	15.72	0.120119	07.846
15.71	15.72	0.120135	07.946
15.71	15.71	0.120152	08.046
15.71	15.71	0.120169	08.146
15.71	15.71	0.120185	08.270
15.71	15.71	0.120202	08.370
15.71	15.71	0.120219	08.474
15.71	15.71	0.120235	08.569
15.71	15.70	0.120252	08.669
15.71	15.70	0.120269	08.773
15.71	15.70	0.120285	08.868
15.71	15.70	0.120302	08.967
15.71	15.70	0.120319	09.073
15.71	15.70	0.120335	09.167
15.71	15.70	0.120352	09.268
15.68	15.70	0.120369	09.371
15.68	15.69	0.120385	09.466
15.68	15.69	0.120402	09.568
15.68	15.69	0.120418	09.670
15.68	15.69	0.120435	09.765
15.68	15.69	0.120452	09.867
15.68	15.69	0.120468	09.969
15.68	15.69	0.120485	10.063
15.68	15.69	0.120502	10.167
15.68	15.69	0.120518	10.268
15.68	15.69	0.120535	10.362
15.68	15.69	0.120552	10.467
15.68	15.68	0.120568	10.566
15.68	15.68	0.120585	10.661
15.68	15.68	0.120602	10.765
15.68	15.68	0.120618	10.865
15.68	15.68	0.120635	10.959
15.68	15.68	0.120652	11.064
15.68	15.68	0.120668	11.164
15.68	15.68	0.120685	11.258
15.68	15.68	0.120702	11.363
15.68	15.68	0.120718	11.462
15.68	15.68	0.120735	11.557
15.68	15.68	0.120752	11.661
15.68	15.68	0.120768	11.756
15.68	15.68	0.120785	11.857
15.68	15.68	0.120802	11.961
15.68	15.68	0.120818	12.056
15.68	15.68	0.120835	12.155
15.68	15.68	0.120852	12.260
15.68	15.68	0.120868	12.354
15.68	15.68	0.120885	12.454
15.68	15.69	0.120902	12.558
15.68	15.69	0.120918	12.653
15.68	15.69	0.120935	12.753
15.68	15.69	0.120952	12.857
15.68	15.69	0.120968	12.952
15.68	15.69	0.120985	13.051
15.68	15.69	0.121002	13.156
15.68	15.69	0.121018	13.250
15.68	15.69	0.121035	13.350
15.68	15.69	0.121052	13.455
15.68	15.70	0.121068	13.549
15.68	15.70	0.121085	13.649
15.68	15.70	0.121102	13.753
15.68	15.70	0.121118	13.848
15.68	15.70	0.121135	13.947
15.68	15.70	0.121152	14.053
15.68	15.70	0.121168	14.147
15.71	15.71	0.121185	14.247
15.71	15.71	0.121202	14.352
15.71	15.71	0.121218	14.446
15.71	15.71	0.121235	14.547
15.71	15.71	0.121251	14.650
15.71	15.72	0.121268	14.747
15.71	15.72	0.121285	14.847
15.71	15.72	0.121301	14.949
15.71	15.72	0.121318	15.048
15.71	15.73	0.121335	15.147
15.71	15.73	0.121351	15.248
15.71	15.73	0.121368	15.347
15.71	15.73	0.121385	15.447
15.71	15.74	0.121401	15.547
15.74	15.74	0.121418	15.647
15.74	15.74	0.121435	15.747
15.74	15.74	0.121451	15.847
15.74	15.75	0.121468	15.948
15.74	15.75	0.121485	16.047
15.74	15.75	0.121501	16.147
15.74	15.75	0.121518	16.247
15.74	15.76	0.121535	16.347
15.74	15.76	0.121551	16.447
15.74	15.76	0.121568	16.547
15.76	15.77	0.121585	16.648
15.76	15.77	0.121601	16.748
15.76	15.77	0.121618	16.849
15.76	15.78	0.121635	16.948
15.76	15.78	0.121651	17.048
15.76	15.78	0.121668	17.148
15.76	15.79	0.121685	17.248
15.76	15.79	0.121701	17.348
15.79	15.79	0.121718	17.448
15.79	15.80	0.121735	17.549
15.79	15.80	0.121751	17.648
15.79	15.80	0.121768	17.748
15.79	15.81	0.121785	17.848
15.79	15.81	0.121801	17.948
15.79	15.81	0.121818	18.048
15.81	15.82	0.121835	18.148
15.81	15.82	0.121851	18.248
15.81	15.82	0.121868	18.348
15.81	15.83	0.121885	18.449
15.81	15.83	0.121901	18.548
15.81	15.83	0.121918	18.648
15.84	15.84	0.121935	18.749
15.84	15.84	0.121951	18.849
15.84	15.84	0.121968	18.949
15.84	15.85	0.121985	19.049
15.84	15.85	0.122001	19.149
15.84	15.85	0.122018	19.249
15.86	15.86	0.122035	19.350
15.86	15.86	0.122051	19.449
15.86	15.87	0.122068	19.549
15.86	15.87	0.122084	19.649
15.86	15.87	0.122101	19.749
15.86	15.88	0.122118	19.849
15.86	15.88	0.122134	19.949
15.89	15.88	0.122151	20.050
15.89	15.89	0.122168	20.149
15.89	15.89	0.122184	20.249
15.89	15.89	0.122201	20.373
15.89	15.90	0.122218	20.478
15.89	15.90	0.122234	20.572
15.92	15.90	0.122251	20.672
15.92	15.91	0.122268	20.776
15.92	15.91	0.122284	20.871
15.92	15.91	0.122301	20.970
15.92	15.91	0.122318	21.075
15.92	15.92	0.122334	21.170
15.92	15.92	0.122351	21.269
15.92	15.92	0.122368	21.374
15.92	15.93	0.122384	21.468
15.94	15.93	0.122401	21.568
15.94	15.93	0.122418	21.672
15.94	15.94	0.122434	21.767
15.94	15.94	0.122451	21.867
15.94	15.94	0.122468	21.971
15.94	15.94	0.122484	22.066
15.94	15.95	0.122501	22.166
15.94	15.95	0.122518	22.270
15.94	15.95	0.122534	22.364
15.94	15.95	0.122551	22.466
15.94	15.96	0.122568	22.569
15.97	15.96	0.122584	22.664
15.97	15.96	0.122601	22.767
15.97	15.96	0.122618	22.868
15.97	15.97	0.122634	22.963
15.97	15.97	0.122651	23.066
15.97	15.97	0.122668	23.167
15.97	15.97	0.122684	23.261
15.97	15.97	0.122701	23.366
15.97	15.98	0.122718	23.465
15.97	15.98	0.122734	23.560
15.97	15.98	0.122751	23.665
15.99	15.98	0.122768	23.764
15.99	15.98	0.122784	23.859
15.99	15.98	0.122801	23.963
15.99	15.98	0.122818	24.063
15.99	15.99	0.122834	24.157
15.99	15.99	0.122851	24.262
15.99	15.99	0.122868	24.362
15.99	15.99	0.122884	24.456
15.99	15.99	0.122901	24.562
15.99	15.99	0.122917	24.656
15.99	15.99	0.122934	24.756
15.99	15.99	0.122951	24.860
15.99	16.00	0.122967	24.955
15.99	16.00	0.122984	25.054
15.99	16.00	0.123001	25.159
16.02	16.00	0.123017	25.254
16.02	16.00	0.123034	25.353
16.02	16.00	0.123051	25.458
16.02	16.00	0.123067	25.552
16.02	16.00	0.123084	25.652
16.02	16.00	0.123101	25.756
16.02	16.00	0.123117	25.851
16.02	16.00	0.123134	25.951
16.02	16.00	0.123151	26.055
16.02	16.00	0.123167	26.150
16.02	16.00	0.123184	26.249
16.02	16.00	0.123201	26.354
16.02	16.00	0.123217	26.449
16.02	16.00	0.123234	26.549
16.02	16.00	0.123251	26.653
16.02	16.00	0.123267	26.749
16.02	16.00	0.123284	26.850
16.02	16.00	0.123301	26.952
15.99	16.00	0.123317	27.049
15.99	16.00	0.123334	27.148
15.99	16.00	0.123351	27.251
15.99	16.00	0.123367	27.349
15.99	16.00	0.123384	27.449
15.99	15.99	0.123401	27.550
15.99	15.99	0.123417	27.649
15.99	15.99	0.123434	27.749
15.99	15.99	0.123451	27.849
15.99	15.99	0.123467	27.949
15.99	15.99	0.123484	28.049
15.99	15.99	0.123501	28.149
15.99	15.99	0.123517	28.249
15.99	15.99	0.123534	28.349
15.99	15.99	0.123551	28.450
15.99	15.98	0.123567	28.549
15.99	15.98	0.123584	28.649
15.99	15.98	0.123601	28.749
15.99	15.98	0.123617	28.849
15.99	15.98	0.123634	28.949
15.99	15.98	0.123651	29.049
15.99	15.98	0.123667	29.149
15.99	15.97	0.123684	29.249
15.99	15.97	0.123701	29.350
15.99	15.97	0.123717	29.449
15.99	15.97	0.123734	29.549
15.99	15.97	0.123750	29.650
15.99	15.97	0.123767	29.750
15.99	15.96	0.123784	29.850
15.99	15.96	0.123800	29.950
15.99	15.96	0.123817	30.050
15.99	15.96	0.123834	30.150
15.99	15.96	0.123850	30.250
15.99	15.96	0.123867	30.350
15.99	15.95	0.123884	30.450
15.97	15.95	0.123900	30.550
15.97	15.95	0.123917	30.650
15.97	15.95	0.123934	30.750
15.97	15.95	0.123950	30.850
15.97	15.95	0.123967	30.951
15.97	15.94	0.123984	31.050
15.97	15.94	0.124000	31.150
15.94	15.94	0.124017	31.250
15.94	15.94	0.124034	31.350
15.94	15.94	0.124050	31.450
15.94	15.94	0.124067	31.550
15.94	15.93	0.124084	31.650
15.94	15.93	0.124100	31.751
15.94	15.93	0.124117	31.850
15.92	15.93	0.124134	31.950
15.92	15.93	0.124150	32.050
15.92	15.93	0.124167	32.150
15.92	15.92	0.124184	32.250
15.92	15.92	0.124200	32.350
15.92	15.92	0.124217	32.480
15.92	15.92	0.124234	32.575
15.92	15.92	0.124250	32.674
15.92	15.92	0.124267	32.779
15.92	15.92	0.124284	32.874
15.89	15.91	0.124300	32.973
15.89	15.91	0.124317	33.078
15.89	15.91	0.124334	33.172
15.89	15.91	0.124350	33.272
15.89	15.91	0.124367	33.376
15.89	15.91	0.124384	33.471
15.89	15.91	0.124400	33.571
15.89	15.91	0.124417	33.675
15.89	15.90	0.124434	33.770
15.89	15.90	0.124450	33.869
15.89	15.90	0.124467	33.975
15.89	15.90	0.124484	34.069
15.89	15.90	0.124500	34.169
15.89	15.90	0.124517	34.273
15.92	15.90	0.124534	34.368
15.92	15.90	0.124550	34.468
15.92	15.90	0.124567	34.572
15.92	15.90	0.124583	34.667
15.92	15.90	0.124600	34.766
15.92	15.90	0.124617	34.871
15.92	15.90	0.124633	34.965
15.92	15.90	0.124650	35.065
15.92	15.90	0.124667	35.169
15.89	15.90	0.124683	35.264
15.89	15.90	0.124700	35.365
15.89	15.90	0.124717	35.468
15.89	15.90	0.124733	35.563
15.89	15.90	0.124750	35.665
15.89	15.90	0.124767	35.767
15.89	15.90	0.124783	35.861
15.89	15.90	0.124800	35.965
15.89	15.90	0.124817	36.067
15.89	15.90	0.124833	36.161
15.89	15.90	0.124850	36.265
15.89	15.90	0.124867	36.365
15.89	15.90	0.124883	36.460
15.89	15.90	0.124900	36.564
15.89	15.90	0.124917	36.664
15.89	15.90	0.124933	36.758
15.89	15.90	0.124950	36.863
15.89	15.90	0.124967	36.963
15.89	15.90	0.124983	37.057
15.89	15.90	0.125000	37.162
15.89	15.90	0.125017	37.261
15.89	15.91	0.125033	37.356
15.89	15.91	0.125050	37.461
15.89	15.91	0.125067	37.555
15.89	15.91	0.125083	37.655
15.89	15.91	0.125100	37.759
15.89	15.91	0.125117	37.854
15.89	15.91	0.125133	37.953
15.92	15.92	0.125150	38.058
15.92	15.92	0.125167	38.152
15.92	15.92	0.125183	38.252
15.92	15.92	0.125200	38.357
15.92	15.92	0.125217	38.451
15.92	15.93	0.125233	38.552
15.92	15.93	0.125250	38.656
15.92	15.93	0.125267	38.751
15.92	15.93	0.125283	38.851
15.92	15.93	0.125300	38.955
15.92	15.94	0.125317	39.051
15.92	15.94	0.125333	39.151
15.92	15.94	0.125350	39.254
15.92	15.94	0.125367	39.351
15.94	15.95	0.125383	39.451
15.94	15.95	0.125400	39.552
15.94	15.95	0.125416	39.651
15.94	15.95	0.125433	39.751
15.94	15.96	0.125450	39.851
15.94	15.96	0.125466	39.951
15.94	15.96	0.125483	40.051
15.94	15.97	0.125500	40.152
15.94	15.97	0.125516	40.251
15.94	15.97	0.125533	40.351
15.97	15.97	0.125550	40.451
15.97	15.98	0.125566	40.551
15.97	15.98	0.125583	40.651
15.97	15.98	0.125600	40.751
15.97	15.99	0.125616	40.852
15.97	15.99	0.125633	40.951
15.97	15.99	0.125650	41.051
15.97	16.00	0.125666	41.151
15.99	16.00	0.125683	41.251
15.99	16.00	0.125700	41.351
15.99	16.01	0.125716	41.451
15.99	16.01	0.125733	41.551
15.99	16.01	0.125750	41.651
15.99	16.02	0.125766	41.752
15.99	16.02	0.125783	41.851
16.02	16.02	0.125800	41.951
16.02	16.03	0.125816	42.051
16.02	16.03	0.125833	42.151
16.02	16.03	0.125850	42.251
16.02	16.04	0.125866	42.351
16.04	16.04	0.125883	42.451
16.04	16.04	0.125900	42.551
16.04	16.05	0.125916	42.651
16.04	16.05	0.125933	42.751
16.04	16.05	0.125950	42.851
16.04	16.06	0.125966	42.951
16.04	16.06	0.125983	43.051
16.07	16.06	0.126000	43.151
16.07	16.07	0.126016	43.251
16.07	16.07	0.126033	43.352
16.07	16.08	0.126050	43.450
16.07	16.08	0.126066	43.551
16.07	16.08	0.126083	43.651
16.09	16.09	0.126100	43.751
16.09	16.09	0.126116	43.851
16.09	16.09	0.126133	43.951
16.09	16.10	0.126150	44.051
16.09	16.10	0.126166	44.151
16.09	16.10	0.126183	44.252
16.09	16.11	0.126200	44.351
16.09	16.11	0.126216	44.451
16.09	16.11	0.126233	44.551
16.12	16.12	0.126249	44.651
16.12	16.12	0.126266	44.751
16.12	16.12	0.126283	44.851
16.12	16.13	0.126299	44.952
16.12	16.13	0.126316	45.051
16.12	16.13	0.126333	45.151
16.15	16.13	0.126349	45.275
16.15	16.14	0.126366	45.380
16.15	16.14	0.126383	45.474
16.15	16.14	0.126399	45.574
16.15	16.15	0.126416	45.678
16.15	16.15	0.126433	45.773
16.15	16.15	0.126449	45.872
16.15	16.15	0.126466	45.977
16.17	16.16	0.126483	46.072
16.17	16.16	0.126499	46.171
16.17	16.16	0.126516	46.277
16.17	16.16	0.126533	46.371
16.17	16.17	0.126549	46.470
16.17	16.17	0.126566	46.574
16.17	16.17	0.126583	46.669
16.17	16.17	0.126599	46.769
16.17	16.18	0.126616	46.874
16.17	16.18	0.126633	46.969
16.17	16.18	0.126649	47.068
16.17	16.18	0.126666	47.173
16.20	16.18	0.126683	47.267
16.20	16.19	0.126699	47.367
16.20	16.19	0.126716	47.471
16.20	16.19	0.126733	47.566
16.20	16.19	0.126749	47.666
16.20	16.19	0.126766	47.770
16.20	16.20	0.126783	47.865
16.20	16.20	0.126799	47.964
16.20	16.20	0.126816	48.069
16.20	16.20	0.126833	48.163
16.20	16.20	0.126849	48.264
16.20	16.20	0.126866	48.367
16.20	16.20	0.126883	48.462
16.20	16.20	0.126899	48.564
16.20	16.21	0.126916	48.666
16.20	16.21	0.126933	48.761
16.22	16.21	0.126949	48.864
16.22	16.21	0.126966	48.966
16.22	16.21	0.126983	49.060
16.22	16.21	0.126999	49.164
16.22	16.21	0.127016	49.265
16.22	16.21	0.127033	49.359
16.22	16.21	0.127049	49.464
16.22	16.21	0.127066	49.563
16.22	16.21	0.127082	49.658
16.22	16.21	0.127099	49.762
16.22	16.21	0.127116	49.862
16.22	16.21	0.127132	49.956
16.22	16.21	0.127149	50.061
16.22	16.21	0.127166	50.161
16.22	16.21	0.127182	50.255
16.22	16.21	0.127199	50.360
16.22	16.21	0.127216	50.454
16.22	16.21	0.127232	50.554
16.22	16.21	0.127249	50.658
16.22	16.21	0.127266	50.754
16.22	16.21	0.127282	50.855
16.22	16.21	0.127299	50.957
16.22	16.21	0.127316	51.054
16.22	16.21	0.127332	51.154
16.22	16.21	0.127349	51.257
16.22	16.21	0.127366	51.354
16.22	16.21	0.127382	51.454
16.22	16.21	0.127399	51.555
16.22	16.21	0.127416	51.654
16.22	16.21	0.127432	51.755
16.22	16.20	0.127449	51.854
16.22	16.20	0.127466	51.954
16.22	16.20	0.127482	52.054
16.22	16.20	0.127499	52.154
16.22	16.20	0.127516	52.254
16.22	16.20	0.127532	52.354
16.22	16.20	0.127549	52.455
16.22	16.20	0.127566	52.554
16.22	16.20	0.127582	52.654
16.20	16.19	0.127599	52.754
16.20	16.19	0.127616	52.854
16.20	16.19	0.127632	52.954
16.20	16.19	0.127649	53.054
16.20	16.19	0.127666	53.154
16.20	16.19	0.127682	53.254
16.20	16.19	0.127699	53.355
16.20	16.18	0.127716	53.454
16.20	16.18	0.127732	53.554
16.20	16.18	0.127749	53.654
16.20	16.18	0.127766	53.754
16.20	16.18	0.127782	53.854
16.17	16.18	0.127799	53.954
16.17	16.17	0.127816	54.054
16.17	16.17	0.127832	54.154
16.17	16.17	0.127849	54.255
16.17	16.17	0.127866	54.354
16.17	16.17	0.127882	54.454
16.17	16.17	0.127899	54.554
16.17	16.16	0.127915	54.654
16.17	16.16	0.127932	54.754
16.17	16.16	0.127949	54.854
16.17	16.16	0.127965	54.959
16.17	16.16	0.127982	55.054
16.17	16.16	0.127999	55.154
16.17	16.15	0.128015	55.254
16.15	16.15	0.128032	55.354
16.15	16.15	0.128049	55.454
16.15	16.15	0.128065	55.554
16.15	16.15	0.128082	55.654
16.15	16.15	0.128099	55.754
16.15	16.14	0.128115	55.860
16.15	16.14	0.128132	55.954
16.15	16.14	0.128149	56.054
16.15	16.14	0.128165	56.154
16.15	16.14	0.128182	56.254
16.15	16.14	0.128199	56.354
16.15	16.13	0.128215	56.454
16.15	16.13	0.128232	56.554
16.15	16.13	0.128249	56.654
16.15	16.13	0.128265	56.760
16.12	16.13	0.128282	56.854
16.12	16.13	0.128299	56.954
16.12	16.13	0.128315	57.054
16.12	16.12	0.128332	57.154
16.12	16.12	0.128349	57.277
16.12	16.12	0.128365	57.383
16.12	16.12	0.128382	57.482
16.12	16.12	0.128399	57.577
16.12	16.12	0.128415	57.682
16.12	16.12	0.128432	57.781
16.12	16.12	0.128449	57.876
16.12	16.12	0.128465	57.980
16.12	16.12	0.128482	58.080
16.12	16.11	0.128499	58.174
16.12	16.11	0.128515	58.279
16.12	16.11	0.128532	58.378
16.09	16.11	0.128549	58.473
16.09	16.11	0.128565	58.578
16.09	16.11	0.128582	58.672
16.09	16.11	0.128599	58.772
16.09	16.11	0.128615	58.876
16.09	16.11	0.128632	58.971
16.09	16.11	0.128649	59.070
16.09	16.11	0.128665	59.175
16.09	16.11	0.128682	59.270
16.09	16.11	0.128699	59.369
16.09	16.11	0.128715	59.474
16.09	16.11	0.128732	59.568
16.09	16.11	0.128748	59.668
16.09	16.11	0.128765	59.773
16.12	16.11	0.128782	59.868
16.12	16.11	0.128798	59.967
16.12	16.11	0.128815	00.072
16.12	16.11	0.128832	00.167
16.12	16.11	0.128848	00.266
16.12	16.11	0.128865	00.371
16.12	16.11	0.128882	00.465
16.12	16.11	0.128898	00.565
16.12	16.11	0.128915	00.669
16.12	16.11	0.128932	00.764
16.12	16.11	0.128948	00.864
16.12	16.12	0.128965	00.968
16.12	16.12	0.128982	01.063
16.12	16.12	0.128998	01.163
16.12	16.12	0.129015	01.267
16.12	16.12	0.129032	01.361
16.12	16.12	0.129048	01.463
16.12	16.12	0.129065	01.566
16.12	16.12	0.129082	01.660
16.12	16.12	0.129098	01.763
16.12	16.13	0.129115	01.864
16.12	16.13	0.129132	01.959
16.12	16.13	0.129148	02.062
16.12	16.13	0.129165	02.164
16.12	16.13	0.129182	02.258
16.12	16.14	0.129198	02.363
16.12	16.14	0.129215	02.463
16.12	16.14	0.129232	02.557
16.12	16.14	0.129248	02.662
16.12	16.14	0.129265	02.761
16.12	16.15	0.129282	02.856
16.12	16.15	0.129298	02.960
16.12	16.15	0.129315	03.060
16.12	16.15	0.129332	03.156
16.12	16.15	0.129348	03.259
16.15	16.16	0.129365	03.359
16.15	16.16	0.129382	03.455
16.15	16.16	0.129398	03.558
16.15	16.16	0.129415	03.658
16.15	16.17	0.129432	03.757
16.15	16.17	0.129448	03.857
16.15	16.17	0.129465	03.958
16.15	16.18	0.129482	04.058
16.17	16.18	0.129498	04.157
16.17	16.18	0.129515	04.258
16.17	16.18	0.129532	04.357
16.17	16.19	0.129548	04.457
16.17	16.19	0.129565	04.558
16.17	16.19	0.129581	04.657
16.17	16.20	0.129598	04.758
16.17	16.20	0.129615	04.858
16.20	16.20	0.129631	04.957
16.20	16.21	0.129648	05.057
16.20	16.21	0.129665	05.158
16.20	16.21	0.129681	05.257
16.20	16.22	0.129698	05.357
16.20	16.22	0.129715	05.457
16.20	16.22	0.129731	05.557
16.22	16.23	0.129748	05.658
16.22	16.23	0.129765	05.758
16.22	16.23	0.129781	05.857
16.22	16.24	0.129798	05.957
16.22	16.24	0.129815	06.058
16.22	16.24	0.129831	06.157
16.22	16.25	0.129848	06.257
16.25	16.25	0.129865	06.357
16.25	16.25	0.129881	06.457
16.25	16.26	0.129898	06.557
16.25	16.26	0.129915	06.657
16.25	16.26	0.129931	06.757
16.27	16.27	0.129948	06.857
16.27	16.27	0.129965	06.958
16.27	16.27	0.129981	07.057
16.27	16.28	0.129998	07.157
16.27	16.28	0.130015	07.258
16.27	16.29	0.130031	07.357
16.27	16.29	0.130048	07.457
16.30	16.29	0.130065	07.557
16.30	16.30	0.130081	07.657
16.30	16.30	0.130098	07.757
16.30	16.30	0.130115	07.858
16.30	16.31	0.130131	07.957
16.30	16.31	0.130148	08.057
16.30	16.31	0.130165	08.158
16.30	16.32	0.130181	08.257
16.33	16.32	0.130198	08.357
16.33	16.32	0.130215	08.457
16.33	16.33	0.130231	08.557
16.33	16.33	0.130248	08.657
16.33	16.33	0.130265	08.757
16.33	16.34	0.130281	08.858
16.33	16.34	0.130298	08.957
16.33	16.34	0.130315	09.058
16.33	16.34	0.130331	09.156
16.35	16.35	0.130348	09.256
16.35	16.35	0.130365	09.357
16.35	16.35	0.130381	09.485
16.35	16.36	0.130398	09.579
16.35	16.36	0.130414	09.657
16.35	16.36	0.130431	09.783
16.35	16.36	0.130448	09.878
16.35	16.37	0.130464	09.957
16.35	16.37	0.130481	10.082
16.38	16.37	0.130498	10.177
16.38	16.38	0.130514	10.257
16.38	16.38	0.130531	10.381
16.38	16.38	0.130548	10.476
16.38	16.38	0.130564	10.580
16.38	16.39	0.130581	10.680
16.38	16.39	0.130598	10.775
16.38	16.39	0.130614	10.879
16.40	16.39	0.130631	10.979
16.40	16.39	0.130648	11.073
16.40	16.40	0.130664	11.178
16.40	16.40	0.130681	11.277
16.40	16.40	0.130698	11.372
16.40	16.40	0.130714	11.477
16.40	16.40	0.130731	11.571
16.40	16.41	0.130748	11.672
16.40	16.41	0.130764	11.776
16.40	16.41	0.130781	11.871
16.43	16.41	0.130798	11.970
16.43	16.41	0.130814	12.075
16.43	16.41	0.130831	12.169
16.43	16.41	0.130848	12.269
16.43	16.42	0.130864	12.374
16.43	16.42	0.130881	12.468
16.43	16.42	0.130898	12.568
16.43	16.42	0.130914	12.672
16.43	16.42	0.130931	12.767
16.43	16.42	0.130948	12.866
16.43	16.42	0.130964	12.971
16.43	16.42	0.130981	13.066
16.43	16.42	0.130998	13.165
16.43	16.42	0.131014	13.270
16.43	16.42	0.131031	13.364
16.43	16.42	0.131048	13.464
16.43	16.43	0.131064	13.568
16.43	16.43	0.131081	13.663
16.43	16.43	0.131098	13.763
16.43	16.43	0.131114	13.868
16.43	16.43	0.131131	13.963
16.43	16.43	0.131148	14.062
16.43	16.43	0.131164	14.167
16.43	16.43	0.131181	14.261
16.43	16.43	0.131198	14.361
16.43	16.43	0.131214	14.465
16.43	16.43	0.131231	14.560
16.43	16.43	0.131247	14.661
16.45	16.43	0.131264	14.764
16.45	16.43	0.131281	14.859
16.45	16.42	0.131297	14.961
16.45	16.42	0.131314	15.063
16.45	16.42	0.131331	15.157
16.45	16.42	0.131347	15.261
16.45	16.42	0.131364	15.361
16.45	16.42	0.131381	15.457
16.45	16.42	0.131397	15.561
16.45	16.42	0.131414	15.660
16.45	16.42	0.131431	15.757
16.45	16.42	0.131447	15.860
16.43	16.42	0.131464	15.960
16.43	16.42	0.131481	16.057
16.43	16.42	0.131497	16.159
16.43	16.41	0.131514	16.259
16.43	16.41	0.131531	16.357
16.43	16.41	0.131547	16.458
16.43	16.41	0.131564	16.557
16.43	16.41	0.131581	16.657
16.43	16.41	0.131597	16.757
16.43	16.41	0.131614	16.857
16.40	16.41	0.131631	16.957
16.40	16.40	0.131647	17.057
16.40	16.40	0.131664	17.158
16.40	16.40	0.131681	17.257
16.40	16.40	0.131697	17.357
16.40	16.40	0.131714	17.457
16.40	16.40	0.131731	17.557
16.40	16.39	0.131747	17.657
16.40	16.39	0.131764	17.757
16.40	16.39	0.131781	17.857
16.40	16.39	0.131797	17.957
16.38	16.39	0.131814	18.058
16.38	16.39	0.131831	18.157
16.38	16.38	0.131847	18.257
16.38	16.38	0.131864	18.357
16.38	16.38	0.131881	18.457
16.38	16.38	0.131897	18.557
16.38	16.38	0.131914	18.657
16.38	16.38	0.131931	18.758
16.38	16.37	0.131947	18.857
16.38	16.37	0.131964	18.957
16.38	16.37	0.131981	19.057
16.38	16.37	0.131997	19.157
16.38	16.37	0.132014	19.257
16.38	16.37	0.132031	19.357
16.38	16.36	0.132047	19.456
16.38	16.36	0.132064	19.557
16.38	16.36	0.132080	19.658
16.38	16.36	0.132097	19.757
16.38	16.36	0.132114	19.857
16.38	16.36	0.132130	19.957
16.38	16.35	0.132147	20.057
16.35	16.35	0.132164	20.157
16.35	16.35	0.132180	20.257
16.35	16.35	0.132197	20.357
16.35	16.35	0.132214	20.457
16.35	16.35	0.132230	20.558
16.35	16.34	0.132247	20.657
16.35	16.34	0.132264	20.757
16.35	16.34	0.132280	20.857
16.35	16.34	0.132297	20.957
16.35	16.34	0.132314	21.058
16.35	16.34	0.132330	21.158
16.33	16.34	0.132347	21.258
16.33	16.34	0.132364	21.359
16.33	16.33	0.132380	21.458
16.33	16.33	0.132397	21.558
16.33	16.33	0.132414	21.682
16.33	16.33	0.132430	21.757
16.33	16.33	0.132447	21.881
16.33	16.33	0.132464	21.981
16.33	16.33	0.132480	22.085
16.33	16.33	0.132497	22.180
16.33	16.33	0.132514	22.281
16.33	16.33	0.132530	22.384
16.33	16.33	0.132547	22.479
16.33	16.32	0.132564	22.580
16.33	16.32	0.132580	22.683
16.33	16.32	0.132597	22.778
16.33	16.32	0.132614	22.880
16.33	16.32	0.132630	22.982
16.30	16.32	0.132647	23.076
16.30	16.32	0.132664	23.180
16.30	16.32	0.132680	23.281
16.30	16.32	0.132697	23.376
16.30	16.32	0.132714	23.480
16.30	16.32	0.132730	23.580
16.30	16.32	0.132747	23.674
16.30	16.32	0.132764	23.779
16.30	16.32	0.132780	23.878
16.30	16.32	0.132797	23.973
16.30	16.32	0.132814	24.078
16.30	16.32	0.132830	24.177
16.30	16.32	0.132847	24.272
16.30	16.32	0.132864	24.376
16.30	16.32	0.132880	24.476
16.30	16.33	0.132897	24.570
16.30	16.33	0.132913	24.675
16.30	16.33	0.132930	24.770
16.33	16.33	0.132947	24.869
16.33	16.33	0.132963	24.974
16.33	16.33	0.132980	25.068
16.33	16.33	0.132997	25.168
16.33	16.33	0.133013	25.273
16.33	16.33	0.133030	25.367
16.33	16.33	0.133047	25.467
16.33	16.34	0.133063	25.572
16.33	16.34	0.133080	25.667
16.33	16.34	0.133097	25.766
16.33	16.34	0.133113	25.871
16.33	16.34	0.133130	25.965
16.33	16.34	0.133147	26.065
16.33	16.34	0.133163	26.169
16.35	16.35	0.133180	26.264
16.35	16.35	0.133197	26.364
16.35	16.35	0.133213	26.468
16.35	16.35	0.133230	26.563
16.35	16.35	0.133247	26.662
16.35	16.36	0.133263	26.767
16.35	16.36	0.133280	26.861
16.35	16.36	0.133297	26.961
16.35	16.36	0.133313	27.065
16.35	16.37	0.133330	27.160
16.35	16.37	0.133347	27.260
16.35	16.37	0.133363	27.364
16.35	16.37	0.133380	27.459
16.35	16.38	0.133397	27.559
16.35	16.38	0.133413	27.663
16.38	16.38	0.133430	27.758
16.38	16.38	0.133447	27.859
16.38	16.39	0.133463	27.963
16.38	16.39	0.133480	28.058
16.38	16.39	0.133497	28.159
16.38	16.39	0.133513	28.261
16.38	16.40	0.133530	28.358
16.38	16.40	0.133547	28.459
16.38	16.40	0.133563	28.560
16.40	16.41	0.133580	28.658
16.40	16.41	0.133597	28.759
16.40	16.41	0.133613	28.859
16.40	16.42	0.133630	28.958
16.40	16.42	0.133647	29.058
16.40	16.42	0.133663	29.158
16.40	16.43	0.133680	29.258
16.40	16.43	0.133697	29.358
16.43	16.43	0.133713	29.458
16.43	16.44	0.133730	29.559
16.43	16.44	0.133746	29.658
16.43	16.44	0.133763	29.758
16.43	16.45	0.133780	29.858
16.43	16.45	0.133796	29.958
16.45	16.45	0.133813	30.058
16.45	16.46	0.133830	30.158
16.45	16.46	0.133846	30.258
16.45	16.46	0.133863	30.358
16.45	16.47	0.133880	30.459
16.45	16.47	0.133896	30.558
16.45	16.47	0.133913	30.658
16.48	16.48	0.133930	30.758
16.48	16.48	0.133946	30.858
16.48	16.48	0.133963	30.958
16.48	16.49	0.133980	31.058
16.48	16.49	0.133996	31.158
16.48	16.49	0.134013	31.258
16.48	16.50	0.134030	31.359
16.50	16.50	0.134046	31.458
16.50	16.51	0.134063	31.558
16.50	16.51	0.134080	31.658
16.50	16.51	0.134096	31.758
16.50	16.52	0.134113	31.858
16.50	16.52	0.134130	31.958
16.50	16.52	0.134146	32.059
16.53	16.53	0.134163	32.158
16.53	16.53	0.134180	32.258
16.53	16.53	0.134196	32.358
16.53	16.54	0.134213	32.458
16.53	16.54	0.134230	32.558
16.53	16.54	0.134246	32.658
16.56	16.55	0.134263	32.758
16.56	16.55	0.134280	32.858
16.56	16.55	0.134296	32.959
16.56	16.55	0.134313	33.058
16.56	16.56	0.134330	33.158
16.56	16.56	0.134346	33.258
16.56	16.56	0.134363	33.358
16.56	16.57	0.134380	33.458
16.56	16.57	0.134396	33.558
16.58	16.57	0.134413	33.658
16.58	16.58	0.134430	33.758
16.58	16.58	0.134446	33.859
16.58	16.58	0.134463	33.958
16.58	16.58	0.134480	34.058
16.58	16.59	0.134496	34.158
16.58	16.59	0.134513	34.258
16.58	16.59	0.134530	34.387
16.61	16.59	0.134546	34.482
16.61	16.60	0.134563	34.581
16.61	16.60	0.134579	34.686
16.61	16.60	0.134596	34.781
16.61	16.60	0.134613	34.880
16.61	16.61	0.134629	34.985
16.61	16.61	0.134646	35.079
16.61	16.61	0.134663	35.179
16.61	16.61	0.134679	35.283
16.61	16.61	0.134696	35.378
16.61	16.62	0.134713	35.478
16.61	16.62	0.134729	35.582
16.61	16.62	0.134746	35.677
16.63	16.62	0.134763	35.778
16.63	16.62	0.134779	35.882
16.63	16.62	0.134796	35.976
16.63	16.62	0.134813	36.079
16.63	16.63	0.134829	36.180
16.63	16.63	0.134846	36.275
16.63	16.63	0.134863	36.378
16.63	16.63	0.134879	36.479
16.63	16.63	0.134896	36.574
16.63	16.63	0.134913	36.678
16.63	16.63	0.134929	36.778
16.63	16.63	0.134946	36.872
16.63	16.64	0.134963	36.977
16.63	16.64	0.134979	37.076
16.66	16.64	0.134996	37.171
16.66	16.64	0.135013	37.276
16.66	16.64	0.135029	37.375
16.66	16.64	0.135046	37.470
16.66	16.64	0.135063	37.574
16.66	16.64	0.135079	37.674
16.66	16.64	0.135096	37.769
16.66	16.64	0.135113	37.874
16.66	16.64	0.135129	37.968
16.66	16.64	0.135146	38.068
16.66	16.64	0.135163	38.173
16.66	16.64	0.135179	38.267
16.66	16.64	0.135196	38.367
16.66	16.64	0.135213	38.471
16.66	16.64	0.135229	38.566
16.66	16.64	0.135246	38.665
16.63	16.64	0.135263	38.770
16.63	16.64	0.135279	38.865
16.63	16.64	0.135296	38.964
16.63	16.64	0.135313	39.069
16.63	16.64	0.135329	39.163
16.63	16.64	0.135346	39.263
16.63	16.64	0.135363	39.367
16.63	16.64	0.135379	39.462
16.63	16.63	0.135396	39.561
16.63	16.63	0.135412	39.666
16.63	16.63	0.135429	39.763
16.63	16.63	0.135446	39.863
16.63	16.63	0.135462	39.965
16.63	16.63	0.135479	40.063
16.63	16.63	0.135496	40.163
16.63	16.63	0.135512	40.263
16.63	16.63	0.135529	40.363
16.63	16.63	0.135546	40.463
16.63	16.62	0.135562	40.563
16.63	16.62	0.135579	40.664
16.63	16.62	0.135596	40.764
16.63	16.62	0.135612	40.864
16.63	16.62	0.135629	40.964
16.63	16.62	0.135646	41.064
16.63	16.62	0.135662	41.164
16.63	16.61	0.135679	41.264
16.63	16.61	0.135696	41.365
16.63	16.61	0.135712	41.463
16.63	16.61	0.135729	41.564
16.63	16.61	0.135746	41.664
16.63	16.61	0.135762	41.764
16.63	16.60	0.135779	41.864
16.63	16.60	0.135796	41.964
16.63	16.60	0.135812	42.064
16.63	16.60	0.135829	42.164
16.63	16.60	0.135846	42.265
16.63	16.60	0.135862	42.364
16.63	16.59	0.135879	42.463
16.63	16.59	0.135896	42.564
16.63	16.59	0.135912	42.664
16.63	16.59	0.135929	42.764
16.63	16.59	0.135946	42.864
16.61	16.59	0.135962	42.965
16.61	16.58	0.135979	43.064
16.61	16.58	0.135996	43.163
16.61	16.58	0.136012	43.264
16.61	16.58	0.136029	43.364
16.58	16.58	0.136046	43.464
16.58	16.58	0.136062	43.564
16.58	16.57	0.136079	43.664
16.58	16.57	0.136096	43.764
16.58	16.57	0.136112	43.865
16.58	16.57	0.136129	43.964
16.56	16.57	0.136146	44.064
16.56	16.57	0.136162	44.164
16.56	16.56	0.136179	44.264
16.56	16.56	0.136196	44.364
16.56	16.56	0.136212	44.464
16.56	16.56	0.136229	44.564
16.56	16.56	0.136245	44.664
16.56	16.56	0.136262	44.765
16.53	16.56	0.136279	44.864
16.53	16.55	0.136295	44.964
16.53	16.55	0.136312	45.064
16.53	16.55	0.136329	45.164
16.53	16.55	0.136345	45.264
16.53	16.55	0.136362	45.364
16.53	16.55	0.136379	45.493
16.53	16.55	0.136395	45.593
16.53	16.55	0.136412	45.688
16.53	16.54	0.136429	45.792
16.53	16.54	0.136445	45.887
16.53	16.54	0.136462	45.986
16.53	16.54	0.136479	46.091
16.53	16.54	0.136495	46.186
16.53	16.54	0.136512	46.286
16.53	16.54	0.136529	46.390
16.53	16.54	0.136545	46.485
16.53	16.54	0.136562	46.585
16.53	16.54	0.136579	46.689
16.53	16.54	0.136595	46.784
16.56	16.54	0.136612	46.883
16.56	16.54	0.136629	46.988
16.56	16.54	0.136645	47.082
16.56	16.54	0.136662	47.182
16.56	16.54	0.136679	47.286
16.56	16.54	0.136695	47.381
16.56	16.54	0.136712	47.481
16.56	16.54	0.136729	47.585
16.56	16.54	0.136745	47.680
16.56	16.54	0.136762	47.779
16.53	16.54	0.136779	47.884
16.53	16.54	0.136795	47.978
16.53	16.54	0.136812	48.078
16.53	16.54	0.136829	48.183
16.53	16.54	0.136845	48.277
16.53	16.54	0.136862	48.377
16.53	16.54	0.136879	48.481
16.53	16.54	0.136895	48.576
16.53	16.54	0.136912	48.677
16.53	16.54	0.136929	48.781
16.53	16.54	0.136945	48.875
16.53	16.54	0.136962	48.977
16.53	16.54	0.136979	49.080
16.53	16.54	0.136995	49.174
16.53	16.54	0.137012	49.277
16.53	16.55	0.137029	49.378
16.53	16.55	0.137045	49.473
16.53	16.55	0.137062	49.576
16.53	16.55	0.137078	49.677
16.53	16.55	0.137095	49.772
16.53	16.55	0.137112	49.876
16.53	16.55	0.137128	49.976
16.53	16.56	0.137145	50.070
16.53	16.56	0.137162	50.175
16.53	16.56	0.137178	50.274
16.53	16.56	0.137195	50.369
16.53	16.56	0.137212	50.473
16.53	16.57	0.137228	50.573
16.53	16.57	0.137245	50.668
16.53	16.57	0.137262	50.773
16.56	16.57	0.137278	50.873
16.56	16.57	0.137295	50.967
16.56	16.58	0.137312	51.072
16.56	16.58	0.137328	51.166
16.56	16.58	0.137345	51.266
16.56	16.58	0.137362	51.370
16.58	16.59	0.137378	51.465
16.58	16.59	0.137395	51.565
16.58	16.59	0.137412	51.669
16.58	16.59	0.137428	51.764
16.58	16.60	0.137445	51.864
16.58	16.60	0.137462	51.968
16.58	16.60	0.137478	52.064
16.61	16.61	0.137495	52.164
16.61	16.61	0.137512	52.267
16.61	16.61	0.137528	52.364
16.61	16.61	0.137545	52.464
16.61	16.62	0.137562	52.565
16.61	16.62	0.137578	52.664
16.61	16.62	0.137595	52.764
16.61	16.63	0.137612	52.864
16.63	16.63	0.137628	52.964
16.63	16.63	0.137645	53.064
16.63	16.64	0.137662	53.164
16.63	16.64	0.137678	53.264
16.63	16.64	0.137695	53.364
16.63	16.65	0.137712	53.464
16.63	16.65	0.137728	53.564
16.63	16.65	0.137745	53.664
16.63	16.66	0.137762	53.764
16.66	16.66	0.137778	53.865
16.66	16.66	0.137795	53.964
16.66	16.67	0.137812	54.064
16.66	16.67	0.137828	54.164
16.66	16.67	0.137845	54.264
16.66	16.68	0.137862	54.364
16.66	16.68	0.137878	54.463
16.68	16.68	0.137895	54.564
16.68	16.69	0.137911	54.664
16.68	16.69	0.137928	54.765
16.68	16.69	0.137945	54.864
16.68	16.70	0.137961	54.964
16.68	16.70	0.137978	55.064
16.68	16.70	0.137995	55.164
16.71	16.71	0.138011	55.264
16.71	16.71	0.138028	55.364
16.71	16.72	0.138045	55.464
16.71	16.72	0.138061	55.564
16.71	16.72	0.138078	55.665
16.71	16.73	0.138095	55.764
16.74	16.73	0.138111	55.864
16.74	16.73	0.138128	55.964
16.74	16.74	0.138145	56.064
16.74	16.74	0.138161	56.164
16.74	16.74	0.138178	56.264
16.74	16.75	0.138195	56.365
16.74	16.75	0.138211	56.464
16.74	16.75	0.138228	56.563
16.76	16.76	0.138245	56.664
16.76	16.76	0.138261	56.764
16.76	16.76	0.138278	56.864
16.76	16.77	0.138295	56.964
16.76	16.77	0.138311	57.064
16.76	16.77	0.138328	57.164
16.76	16.77	0.138345	57.265
16.76	16.78	0.138361	57.364
16.79	16.78	0.138378	57.464
16.79	16.78	0.138395	57.564
16.79	16.79	0.138411	57.664
16.79	16.79	0.138428	57.764
16.79	16.79	0.138445	57.864
16.79	16.79	0.138461	57.964
16.79	16.80	0.138478	58.064
16.79	16.80	0.138495	58.164
16.81	16.80	0.138511	58.263
16.81	16.80	0.138528	58.363
16.81	16.81	0.138545	58.492
16.81	16.81	0.138561	58.587
16.81	16.81	0.138578	58.691
16.81	16.81	0.138595	58.791
16.81	16.82	0.138611	58.886
16.81	16.82	0.138628	58.991
16.81	16.82	0.138645	59.086
16.81	16.82	0.138661	59.185
16.84	16.82	0.138678	59.290
16.84	16.83	0.138695	59.384
16.84	16.83	0.138711	59.484
16.84	16.83	0.138728	59.588
16.84	16.83	0.138744	59.683
16.84	16.83	0.138761	59.783
16.84	16.84	0.138778	59.887
16.84	16.84	0.138794	59.982
16.84	16.84	0.138811	00.081
16.84	16.84	0.138828	00.186
16.84	16.84	0.138844	00.280
16.84	16.84	0.138861	00.380
16.84	16.84	0.138878	00.484
16.84	16.84	0.138894	00.579
16.86	16.85	0.138911	00.679
16.86	16.85	0.138928	00.783
16.86	16.85	0.138944	00.878
16.86	16.85	0.138961	00.977
16.86	16.85	0.138978	01.082
16.86	16.85	0.138994	01.177
16.86	16.85	0.139011	01.277
16.86	16.85	0.139028	01.382
16.86	16.85	0.139044	01.476
16.86	16.85	0.139061	01.576
16.86	16.85	0.139078	01.680
16.86	16.85	0.139094	01.774
16.86	16.85	0.139111	01.875
16.86	16.85	0.139128	01.978
16.86	16.85	0.139144	02.073
16.86	16.85	0.139161	02.176
16.86	16.85	0.139178	02.277
16.86	16.85	0.139194	02.373
16.86	16.85	0.139211	02.475
16.86	16.85	0.139228	02.577
16.86	16.85	0.139244	02.671
16.86	16.85	0.139261	02.775
16.86	16.85	0.139278	02.876
16.86	16.85	0.139294	02.970
16.86	16.85	0.139311	03.075
16.86	16.85	0.139328	03.174
16.86	16.85	0.139344	03.269
16.86	16.85	0.139361	03.373
16.86	16.85	0.139378	03.473
16.86	16.85	0.139394	03.567
16.86	16.85	0.139411	03.672
16.86	16.85	0.139428	03.772
16.86	16.84	0.139444	03.866
16.86	16.84	0.139461	03.971
16.86	16.84	0.139478	04.070
16.86	16.84	0.139494	04.165
16.86	16.84	0.139511	04.269
16.86	16.84	0.139528	04.364
16.86	16.84	0.139544	04.465
16.86	16.84	0.139561	04.569
16.86	16.84	0.139577	04.664
16.86	16.83	0.139594	04.764
16.86	16.83	0.139611	04.868
16.84	16.83	0.139627	04.964
16.84	16.83	0.139644	05.064
16.84	16.83	0.139661	05.166
16.84	16.83	0.139677	05.264
16.84	16.83	0.139694	05.365
16.84	16.82	0.139711	05.465
16.84	16.82	0.139727	05.564
16.84	16.82	0.139744	05.664
16.84	16.82	0.139761	05.764
16.81	16.82	0.139777	05.864
16.81	16.82	0.139794	05.964
16.81	16.81	0.139811	06.064
16.81	16.81	0.139827	06.165
16.81	16.81	0.139844	06.264
16.81	16.81	0.139861	06.364
16.81	16.81	0.139877	06.464
16.81	16.81	0.139894	06.564
16.81	16.80	0.139911	06.664
16.81	16.80	0.139927	06.764
16.81	16.80	0.139944	06.864
16.81	16.80	0.139961	06.964
16.81	16.80	0.139977	07.065
16.81	16.80	0.139994	07.164
16.81	16.79	0.140011	07.264
16.81	16.79	0.140027	07.364
16.79	16.79	0.140044	07.464
16.79	16.79	0.140061	07.564
16.79	16.79	0.140077	07.664
16.79	16.79	0.140094	07.765
16.79	16.78	0.140111	07.864
16.79	16.78	0.140127	07.964
16.79	16.78	0.140144	08.064
16.79	16.78	0.140161	08.164
16.79	16.78	0.140177	08.264
16.79	16.78	0.140194	08.364
16.79	16.77	0.140211	08.464
16.79	16.77	0.140227	08.564
16.76	16.77	0.140244	08.665
16.76	16.77	0.140261	08.764
16.76	16.77	0.140277	08.864
16.76	16.77	0.140294	08.964
16.76	16.77	0.140311	09.064
16.76	16.76	0.140327	09.164
16.76	16.76	0.140344	09.264
16.76	16.76	0.140361	09.364
16.76	16.76	0.140377	09.464
16.76	16.76	0.140394	09.565
16.76	16.76	0.140410	09.664
16.76	16.76	0.140427	09.764
16.76	16.76	0.140444	09.864
16.76	16.76	0.140460	09.964
16.76	16.76	0.140477	10.064
16.76	16.75	0.140494	10.164
16.76	16.75	0.140510	10.264
16.74	16.75	0.140527	10.364
16.74	16.75	0.140544	10.464
16.74	16.75	0.140560	10.564
16.74	16.75	0.140577	10.664
16.74	16.75	0.140594	10.764
16.74	16.75	0.140610	10.864
16.74	16.75	0.140627	10.993
16.74	16.75	0.140644	11.093
16.74	16.75	0.140660	11.187
16.74	16.75	0.140677	11.292
16.74	16.75	0.140694	11.392
16.74	16.75	0.140710	11.486
16.74	16.75	0.140727	11.591
16.74	16.75	0.140744	11.690
16.74	16.75	0.140760	11.785
16.74	16.75	0.140777	11.889
16.74	16.75	0.140794	11.989
16.74	16.75	0.140810	12.084
16.74	16.75	0.140827	12.189
16.74	16.75	0.140844	12.284
16.74	16.75	0.140860	12.383
16.74	16.75	0.140877	12.488
16.74	16.75	0.140894	12.582
16.74	16.75	0.140910	12.682
16.74	16.75	0.140927	12.786
16.74	16.75	0.140944	12.881
16.74	16.76	0.140960	12.981
16.76	16.76	0.140977	13.085
16.76	16.76	0.140994	13.180
16.76	16.76	0.141010	13.279
16.76	16.76	0.141027	13.384
16.76	16.76	0.141044	13.478
16.76	16.76	0.141060	13.578
16.76	16.76	0.141077	13.682
16.76	16.76	0.141094	13.777
16.76	16.77	0.141110	13.877
16.76	16.77	0.141127	13.981
16.76	16.77	0.141144	14.076
16.76	16.77	0.141160	14.176
16.76	16.77	0.141177	14.281
16.76	16.78	0.141194	14.375
16.76	16.78	0.141210	14.475
16.76	16.78	0.141227	14.579
16.76	16.78	0.141243	14.674
16.76	16.78	0.141260	14.774
16.76	16.79	0.141277	14.878
16.79	16.79	0.141293	14.973
16.79	16.79	0.141310	15.073
16.79	16.79	0.141327	15.177
16.79	16.79	0.141343	15.271
16.79	16.80	0.141360	15.374
16.79	16.80	0.141377	15.476
16.79	16.80	0.141393	15.570
16.79	16.80	0.141410	15.674
16.79	16.81	0.141427	15.774
16.79	16.81	0.141443	15.869
16.79	16.81	0.141460	15.973
16.79	16.82	0.141477	16.073
16.81	16.82	0.141493	16.169
16.81	16.82	0.141510	16.272
16.81	16.82	0.141527	16.372
16.81	16.83	0.141543	16.468
16.81	16.83	0.141560	16.571
16.81	16.83	0.141577	16.671
16.81	16.84	0.141593	16.768
16.81	16.84	0.141610	16.870
16.81	16.84	0.141627	16.970
16.84	16.85	0.141643	17.069
16.84	16.85	0.141660	17.169
16.84	16.85	0.141677	17.269
16.84	16.86	0.141693	17.368
16.84	16.86	0.141710	17.468
16.84	16.86	0.141727	17.569
16.84	16.87	0.141743	17.668
16.86	16.87	0.141760	17.768
16.86	16.87	0.141777	17.869
16.86	16.88	0.141793	17.968
16.86	16.88	0.141810	18.068
16.86	16.88	0.141827	18.169
16.86	16.89	0.141843	18.268
16.89	16.89	0.141860	18.368
16.89	16.89	0.141877	18.468
16.89	16.90	0.141893	18.568
16.89	16.90	0.141910	18.669
16.89	16.90	0.141927	18.769
16.89	16.91	0.141943	18.868
16.92	16.91	0.141960	18.968
16.92	16.91	0.141977	19.069
16.92	16.92	0.141993	19.168
16.92	16.92	0.142010	19.268
16.92	16.93	0.142027	19.368
16.92	16.93	0.142043	19.468
16.92	16.93	0.142060	19.569
16.94	16.94	0.142076	19.668
16.94	16.94	0.142093	19.768
16.94	16.94	0.142110	19.868
16.94	16.95	0.142126	19.969
16.94	16.95	0.142143	20.068
16.94	16.95	0.142160	20.168
16.94	16.96	0.142176	20.268
16.97	16.96	0.142193	20.368
16.97	16.96	0.142210	20.469
16.97	16.97	0.142226	20.568
16.97	16.97	0.142243	20.668
16.97	16.97	0.142260	20.768
16.97	16.98	0.142276	20.869
16.97	16.98	0.142293	20.968
16.97	16.98	0.142310	21.068
16.99	16.98	0.142326	21.169
16.99	16.99	0.142343	21.268
16.99	16.99	0.142360	21.368
16.99	16.99	0.142376	21.468
16.99	17.00	0.142393	21.568
16.99	17.00	0.142410	21.668
16.99	17.00	0.142426	21.769
16.99	17.00	0.142443	21.868
16.99	17.01	0.142460	21.968
17.02	17.01	0.142476	22.069
17.02	17.01	0.142493	22.168
17.02	17.02	0.142510	22.268
17.02	17.02	0.142526	22.368
17.02	17.02	0.142543	22.468
17.02	17.02	0.142560	22.568
17.02	17.03	0.142576	22.668
17.02	17.03	0.142593	22.797
17.04	17.03	0.142610	22.892
17.04	17.03	0.142626	22.968
17.04	17.03	0.142643	23.096
17.04	17.04	0.142660	23.191
17.04	17.04	0.142676	23.268
17.04	17.04	0.142693	23.395
17.04	17.04	0.142710	23.489
17.04	17.04	0.142726	23.568
17.04	17.05	0.142743	23.693
17.04	17.05	0.142760	23.788
17.04	17.05	0.142776	23.868
17.07	17.05	0.142793	23.992
17.07	17.05	0.142810	24.087
17.07	17.05	0.142826	24.191
17.07	17.05	0.142843	24.291
17.07	17.06	0.142860	24.386
17.07	17.06	0.142876	24.491
17.07	17.06	0.142893	24.590
17.07	17.06	0.142909	24.685
17.07	17.06	0.142926	24.790
17.07	17.06	0.142943	24.889
17.07	17.06	0.142959	24.984
17.07	17.06	0.142976	25.088
17.07	17.06	0.142993	25.183
17.07	17.06	0.143009	25.282
17.07	17.06	0.143026	25.387
17.07	17.06	0.143043	25.482
17.07	17.07	0.143059	25.581
17.07	17.07	0.143076	25.686
17.07	17.07	0.143093	25.780
17.07	17.07	0.143109	25.880
17.07	17.07	0.143126	25.984
17.07	17.07	0.143143	26.079
17.07	17.07	0.143159	26.178
17.07	17.07	0.143176	26.283
17.07	17.07	0.143193	26.378
17.07	17.07	0.143209	26.477
17.07	17.07	0.143226	26.582
17.07	17.07	0.143243	26.676
17.09	17.07	0.143259	26.777
17.09	17.07	0.143276	26.881
17.09	17.06	0.143293	26.976
17.09	17.06	0.143309	27.076
17.09	17.06	0.143326	27.180
17.09	17.06	0.143343	27.275
17.09	17.06	0.143359	27.374
17.09	17.06	0.143376	27.479
17.09	17.06	0.143393	27.573
17.07	17.06	0.143409	27.673
17.07	17.06	0.143426	27.777
17.07	17.06	0.143443	27.872
17.07	17.06	0.143459	27.972
17.07	17.06	0.143476	28.076
17.07	17.06	0.143493	28.171
17.07	17.05	0.143509	28.272
17.07	17.05	0.143526	28.375
17.07	17.05	0.143543	28.469
17.07	17.05	0.143559	28.572
17.07	17.05	0.143576	28.674
17.07	17.05	0.143593	28.769
17.04	17.05	0.143609	28.872
17.04	17.05	0.143626	28.972
17.04	17.04	0.143643	29.069
17.04	17.04	0.143659	29.171
17.04	17.04	0.143676	29.271
17.04	17.04	0.143693	29.370
17.04	17.04	0.143709	29.471
17.04	17.04	0.143726	29.571
17.04	17.03	0.143742	29.670
17.04	17.03	0.143759	29.770
17.04	17.03	0.143776	29.870
17.04	17.03	0.143792	29.970
17.04	17.03	0.143809	30.070
17.04	17.03	0.143826	30.170
17.04	17.02	0.143842	30.271
17.04	17.02	0.143859	30.370
17.04	17.02	0.143876	30.469
17.04	17.02	0.143892	30.570
17.04	17.02	0.143909	30.670
17.02	17.02	0.143926	30.770
17.02	17.01	0.143942	30.870
17.02	17.01	0.143959	30.970
17.02	17.01	0.143976	31.070
17.02	17.01	0.143992	31.171
17.02	17.01	0.144009	31.270
17.02	17.01	0.144026	31.370
17.02	17.00	0.144042	31.470
17.02	17.00	0.144059	31.570
16.99	17.00	0.144076	31.670
16.99	17.00	0.144092	31.770
16.99	17.00	0.144109	31.870
16.99	17.00	0.144126	31.970
16.99	16.99	0.144142	32.071
16.99	16.99	0.144159	32.170
16.99	16.99	0.144176	32.270
16.99	16.99	0.144192	32.370
16.99	16.99	0.144209	32.470
16.99	16.99	0.144226	32.570
16.99	16.98	0.144242	32.670
16.99	16.98	0.144259	32.771
16.99	16.98	0.144276	32.870
16.99	16.98	0.144292	32.970
16.99	16.98	0.144309	33.070
16.99	16.98	0.144326	33.170
16.99	16.98	0.144342	33.270
16.99	16.98	0.144359	33.370
16.99	16.97	0.144376	33.470
16.97	16.97	0.144392	33.570
16.97	16.97	0.144409	33.671
16.97	16.97	0.144426	33.770
16.97	16.97	0.144442	33.870
16.97	16.97	0.144459	33.970
16.97	16.97	0.144476	34.070
16.97	16.97	0.144492	34.170
16.97	16.97	0.144509	34.270
16.97	16.97	0.144526	34.370
16.97	16.97	0.144542	34.469
16.97	16.96	0.144559	34.571
16.97	16.96	0.144575	34.670
16.97	16.96	0.144592	34.770
16.97	16.96	0.144609	34.870
16.97	16.96	0.144625	34.970
16.97	16.96	0.144642	35.099
16.97	16.96	0.144659	35.194
16.94	16.96	0.144675	35.293
16.94	16.96	0.144692	35.398
16.94	16.96	0.144709	35.493
16.94	16.96	0.144725	35.592
16.94	16.96	0.144742	35.697
16.94	16.96	0.144759	35.791
16.94	16.96	0.144775	35.891
16.94	16.96	0.144792	35.995
16.94	16.96	0.144809	36.090
16.94	16.96	0.144825	36.191
16.94	16.96	0.144842	36.294
16.94	16.96	0.144859	36.389
16.94	16.96	0.144875	36.491
16.94	16.97	0.144892	36.593
16.94	16.97	0.144909	36.687
16.94	16.97	0.144925	36.791
16.94	16.97	0.144942	36.891
16.97	16.97	0.144959	36.986
16.97	16.97	0.144975	37.091
16.97	16.97	0.144992	37.190
16.97	16.97	0.145009	37.285
16.97	16.97	0.145025	37.389
16.97	16.97	0.145042	37.490
16.97	16.98	0.145059	37.584
16.97	16.98	0.145075	37.689
16.97	16.98	0.145092	37.788
16.97	16.98	0.145109	37.883
16.97	16.98	0.145125	37.988
16.97	16.98	0.145142	38.087
16.97	16.98	0.145159	38.182
16.97	16.99	0.145175	38.286
16.97	16.99	0.145192	38.381
16.97	16.99	0.145209	38.480
16.97	16.99	0.145225	38.585
16.97	16.99	0.145242	38.680
16.99	17.00	0.145259	38.779
16.99	17.00	0.145275	38.884
16.99	17.00	0.145292	38.978
16.99	17.00	0.145309	39.078
16.99	17.01	0.145325	39.182
16.99	17.01	0.145342	39.277
16.99	17.01	0.145359	39.376
16.99	17.01	0.145375	39.481
16.99	17.02	0.145392	39.576
17.02	17.02	0.145408	39.676
17.02	17.02	0.145425	39.781
17.02	17.02	0.145442	39.875
17.02	17.03	0.145458	39.975
17.02	17.03	0.145475	40.079
17.02	17.03	0.145492	40.174
17.02	17.03	0.145508	40.273
17.02	17.04	0.145525	40.378
17.02	17.04	0.145542	40.473
17.04	17.04	0.145558	40.572
17.04	17.05	0.145575	40.677
17.04	17.05	0.145592	40.771
17.04	17.05	0.145608	40.871
17.04	17.06	0.145625	40.975
17.04	17.06	0.145642	41.071
17.04	17.06	0.145658	41.172
17.04	17.07	0.145675	41.274
17.07	17.07	0.145692	41.371
17.07	17.07	0.145708	41.471
17.07	17.08	0.145725	41.573
17.07	17.08	0.145742	41.671
17.07	17.08	0.145758	41.771
17.07	17.09	0.145775	41.871
17.07	17.09	0.145792	41.971
17.09	17.09	0.145808	42.072
17.09	17.10	0.145825	42.171
17.09	17.10	0.145842	42.271
17.09	17.10	0.145858	42.371
17.09	17.11	0.145875	42.471
17.09	17.11	0.145892	42.571
17.09	17.11	0.145908	42.671
17.12	17.12	0.145925	42.771
17.12	17.12	0.145942	42.871
17.12	17.12	0.145958	42.971
17.12	17.13	0.145975	43.071
17.12	17.13	0.145992	43.171
17.12	17.13	0.146008	43.271
17.12	17.14	0.146025	43.371
17.15	17.14	0.146042	43.471
17.15	17.15	0.146058	43.571
17.15	17.15	0.146075	43.672
17.15	17.15	0.146092	43.771
17.15	17.16	0.146108	43.871
17.15	17.16	0.146125	43.971
17.15	17.16	0.146142	44.071
17.15	17.17	0.146158	44.171
17.17	17.17	0.146175	44.271
17.17	17.17	0.146192	44.371
17.17	17.18	0.146208	44.471
17.17	17.18	0.146225	44.572
17.17	17.18	0.146241	44.671
17.17	17.19	0.146258	44.771
17.17	17.19	0.146275	44.871
17.17	17.19	0.146291	44.971
17.20	17.19	0.146308	45.071
17.20	17.20	0.146325	45.171
17.20	17.20	0.146341	45.272
17.20	17.20	0.146358	45.371
17.20	17.21	0.146375	45.470
17.20	17.21	0.146391	45.571
17.20	17.21	0.146408	45.671
17.22	17.22	0.146425	45.771
17.22	17.22	0.146441	45.871
17.22	17.22	0.146458	45.971
17.22	17.22	0.146475	46.071
17.22	17.23	0.146491	46.172
17.22	17.23	0.146508	46.271
17.22	17.23	0.146525	46.371
17.25	17.23	0.146541	46.471
17.25	17.24	0.146558	46.571
17.25	17.24	0.146575	46.671
17.25	17.24	0.146591	46.771
17.25	17.24	0.146608	46.871
17.25	17.25	0.146625	46.971
17.25	17.25	0.146641	47.072
17.25	17.25	0.146658	47.171
17.27	17.25	0.146675	47.271
17.27	17.25	0.146691	47.371
17.27	17.26	0.146708	47.470
17.27	17.26	0.146725	47.594
17.27	17.26	0.146741	47.699
17.27	17.26	0.146758	47.793
17.27	17.26	0.146775	47.894
17.27	17.26	0.146791	47.999
17.27	17.26	0.146808	48.093
17.27	17.27	0.146825	48.193
17.27	17.27	0.146841	48.297
17.27	17.27	0.146858	48.392
17.27	17.27	0.146875	48.491
17.27	17.27	0.146891	48.596
17.27	17.27	0.146908	48.691
17.27	17.27	0.146925	48.790
17.30	17.27	0.146941	48.895
17.30	17.28	0.146958	48.989
17.30	17.28	0.146975	49.090
17.30	17.28	0.146991	49.193
17.30	17.28	0.147008	49.288
17.30	17.28	0.147025	49.389
17.30	17.28	0.147041	49.492
17.30	17.28	0.147058	49.587
17.30	17.28	0.147074	49.689
17.30	17.28	0.147091	49.791
17.30	17.28	0.147108	49.885
17.30	17.28	0.147124	49.990
17.30	17.28	0.147141	50.089
17.30	17.28	0.147158	50.184
17.30	17.28	0.147174	50.289
17.30	17.28	0.147191	50.389
17.30	17.28	0.147208	50.484
17.27	17.28	0.147224	50.588
17.27	17.28	0.147241	50.688
17.27	17.28	0.147258	50.782
17.27	17.28	0.147274	50.887
17.27	17.28	0.147291	50.986
17.27	17.28	0.147308	51.081
17.27	17.28	0.147324	51.186
17.27	17.28	0.147341	51.285
17.27	17.28	0.147358	51.380
17.27	17.28	0.147374	51.484
17.27	17.27	0.147391	51.579
17.27	17.27	0.147408	51.678
17.27	17.27	0.147424	51.783
17.27	17.27	0.147441	51.877
17.27	17.27	0.147458	51.977
17.27	17.27	0.147474	52.082
17.27	17.27	0.147491	52.176
17.30	17.27	0.147508	52.277
17.30	17.27	0.147524	52.381
17.30	17.27	0.147541	52.476
17.30	17.26	0.147558	52.575
17.30	17.26	0.147574	52.680
17.30	17.26	0.147591	52.775
17.30	17.26	0.147608	52.874
17.27	17.26	0.147624	52.979
17.27	17.26	0.147641	53.073
17.27	17.26	0.147658	53.173
17.27	17.25	0.147674	53.277
17.27	17.25	0.147691	53.372
17.27	17.25	0.147708	53.472
17.27	17.25	0.147724	53.576
17.27	17.25	0.147741	53.671
17.25	17.25	0.147758	53.771
17.25	17.24	0.147774	53.875
17.25	17.24	0.147791	53.971
17.25	17.24	0.147808	54.071
17.25	17.24	0.147824	54.173
17.25	17.24	0.147841	54.271
17.25	17.24	0.147858	54.372
17.25	17.23	0.147874	54.472
17.25	17.23	0.147891	54.571
17.25	17.23	0.147907	54.671
17.22	17.23	0.147924	54.772
17.22	17.23	0.147941	54.871
17.22	17.23	0.147957	54.971
17.22	17.22	0.147974	55.071
17.22	17.22	0.147991	55.171
17.22	17.22	0.148007	55.271
17.22	17.22	0.148024	55.371
17.22	17.22	0.148041	55.471
17.22	17.22	0.148057	55.571
17.22	17.21	0.148074	55.671
17.22	17.21	0.148091	55.771
17.20	17.21	0.148107	55.871
17.20	17.21	0.148124	55.972
17.20	17.21	0.148141	56.071
17.20	17.21	0.148157	56.171
17.20	17.20	0.148174	56.271
17.20	17.20	0.148191	56.371
17.20	17.20	0.148207	56.471
17.20	17.20	0.148224	56.571
17.20	17.20	0.148241	56.671
17.20	17.20	0.148257	56.771
17.20	17.20	0.148274	56.872
17.20	17.19	0.148291	56.971
17.20	17.19	0.148307	57.071
17.20	17.19	0.148324	57.171
17.20	17.19	0.148341	57.271
17.20	17.19	0.148357	57.371
17.20	17.19	0.148374	57.471
17.20	17.19	0.148391	57.571
17.20	17.19	0.148407	57.671
17.17	17.18	0.148424	57.772
17.17	17.18	0.148441	57.871
17.17	17.18	0.148457	57.971
17.17	17.18	0.148474	58.071
17.17	17.18	0.148491	58.171
17.17	17.18	0.148507	58.271
17.17	17.18	0.148524	58.371
17.17	17.18	0.148541	58.471
17.17	17.18	0.148557	58.571
17.17	17.18	0.148574	58.671
17.17	17.18	0.148591	58.771
17.17	17.18	0.148607	58.871
17.17	17.18	0.148624	58.971
17.17	17.18	0.148641	59.071
17.17	17.18	0.148657	59.171
17.17	17.18	0.148674	59.271
17.17	17.18	0.148691	59.372
17.17	17.18	0.148707	59.471
17.17	17.18	0.148724	59.571
17.17	17.18	0.148740	59.671
17.17	17.18	0.148757	59.771
17.17	17.18	0.148774	59.871
17.17	17.18	0.148790	59.971
17.17	17.18	0.148807	00.095
17.17	17.18	0.148824	00.195
17.17	17.18	0.148840	00.300
17.17	17.18	0.148857	00.394
17.17	17.18	0.148874	00.494
17.17	17.18	0.148890	00.598
17.17	17.18	0.148907	00.693
17.17	17.18	0.148924	00.792
17.17	17.18	0.148940	00.897
17.20	17.18	0.148957	00.992
17.20	17.18	0.148974	01.092
17.20	17.18	0.148990	01.197
17.20	17.18	0.149007	01.291
17.20	17.19	0.149024	01.391
17.20	17.19	0.149040	01.495
17.20	17.19	0.149057	01.590
17.20	17.19	0.149074	01.689
17.20	17.19	0.149090	01.794
17.20	17.19	0.149107	01.889
17.20	17.19	0.149124	01.988
17.20	17.20	0.149140	02.093
17.17	17.20	0.149157	02.187
17.17	17.20	0.149174	02.288
17.17	17.20	0.149190	02.391
17.17	17.20	0.149207	02.486
17.17	17.21	0.149224	02.587
17.17	17.21	0.149240	02.690
17.17	17.21	0.149257	02.785
17.20	17.21	0.149274	02.888
17.20	17.21	0.149290	02.989
17.20	17.22	0.149307	03.084
17.20	17.22	0.149324	03.188
17.20	17.22	0.149340	03.287
17.20	17.22	0.149357	03.383
17.20	17.23	0.149374	03.488
17.20	17.23	0.149390	03.587
17.20	17.23	0.149407	03.682
17.22	17.23	0.149424	03.786
17.22	17.24	0.149440	03.886
17.22	17.24	0.149457	03.980
17.22	17.24	0.149474	04.085
17.22	17.25	0.149490	04.185
17.22	17.25	0.149507	04.279
17.22	17.25	0.149524	04.384
17.25	17.25	0.149540	04.483
17.25	17.26	0.149557	04.578
17.25	17.26	0.149573	04.682
17.25	17.26	0.149590	04.777
17.25	17.27	0.149607	04.876
17.25	17.27	0.149623	04.981
17.27	17.27	0.149640	05.076
17.27	17.28	0.149657	05.175
17.27	17.28	0.149673	05.280
17.27	17.28	0.149690	05.374
17.27	17.29	0.149707	05.474
17.27	17.29	0.149723	05.578
17.27	17.29	0.149740	05.673
17.30	17.30	0.149757	05.774
17.30	17.30	0.149773	05.878
17.30	17.30	0.149790	05.972
17.30	17.31	0.149807	06.072
17.30	17.31	0.149823	06.176
17.30	17.31	0.149840	06.272
17.30	17.32	0.149857	06.372
17.33	17.32	0.149873	06.475
17.33	17.32	0.149890	06.573
17.33	17.33	0.149907	06.672
17.33	17.33	0.149923	06.774
17.33	17.33	0.149940	06.872
17.33	17.34	0.149957	06.972
17.33	17.34	0.149973	07.073
17.33	17.34	0.149990	07.172
17.35	17.35	0.150007	07.272
17.35	17.35	0.150023	07.372
17.35	17.36	0.150040	07.473
17.35	17.36	0.150057	07.572
17.35	17.36	0.150073	07.672
17.35	17.37	0.150090	07.773
17.35	17.37	0.150107	07.873
17.35	17.37	0.150123	07.973
17.38	17.38	0.150140	08.073
17.38	17.38	0.150157	08.174
17.38	17.38	0.150173	08.273
17.38	17.39	0.150190	08.374
17.38	17.39	0.150207	08.474
17.38	17.39	0.150223	08.574
17.38	17.40	0.150240	08.674
17.38	17.40	0.150257	08.774
17.40	17.40	0.150273	08.875
17.40	17.41	0.150290	08.975
17.40	17.41	0.150307	09.076
17.40	17.41	0.150323	09.175
17.40	17.41	0.150340	09.275
17.40	17.42	0.150357	09.375
17.40	17.42	0.150373	09.475
17.43	17.42	0.150390	09.575
17.43	17.43	0.150406	09.675
17.43	17.43	0.150423	09.776
17.43	17.43	0.150440	09.875
17.43	17.43	0.150456	09.975
17.45	17.44	0.150473	10.075
17.45	17.44	0.150490	10.175
17.45	17.44	0.150506	10.275
17.45	17.44	0.150523	10.375
17.45	17.45	0.150540	10.475
17.45	17.45	0.150556	10.575
17.45	17.45	0.150573	10.676
17.45	17.45	0.150590	10.775
17.45	17.46	0.150606	10.875
17.48	17.46	0.150623	10.976
17.48	17.46	0.150640	11.076
17.48	17.46	0.150656	11.176
17.48	17.46	0.150673	11.276
17.48	17.47	0.150690	11.376
17.48	17.47	0.150706	11.476
17.48	17.47	0.150723	11.601
17.48	17.47	0.150740	11.705
17.48	17.47	0.150756	11.805
17.48	17.48	0.150773	11.899
17.48	17.48	0.150790	12.004
17.48	17.48	0.150806	12.103
17.50	17.48	0.150823	12.198
17.50	17.48	0.150840	12.302
17.50	17.48	0.150856	12.402
17.50	17.48	0.150873	12.497
17.50	17.48	0.150890	12.601
17.50	17.49	0.150906	12.696
17.50	17.49	0.150923	12.795
17.50	17.49	0.150940	12.900
17.50	17.49	0.150956	12.994
17.50	17.49	0.150973	13.095
17.50	17.49	0.150990	13.199
17.50	17.49	0.151006	13.294
17.50	17.49	0.151023	13.394
17.50	17.49	0.151040	13.498
17.50	17.49	0.151056	13.593
17.50	17.49	0.151073	13.692
17.50	17.49	0.151090	13.797
17.50	17.49	0.151106	13.891
17.50	17.49	0.151123	13.991
17.50	17.49	0.151140	14.096
17.50	17.49	0.151156	14.190
17.50	17.49	0.151173	14.290
17.50	17.49	0.151190	14.394
17.50	17.49	0.151206	14.489
17.48	17.49	0.151223	14.588
17.48	17.49	0.151239	14.693
17.48	17.49	0.151256	14.787
17.48	17.49	0.151273	14.887
17.48	17.49	0.151289	14.992
17.48	17.49	0.151306	15.086
17.48	17.49	0.151323	15.186
17.48	17.49	0.151339	15.290
17.48	17.49	0.151356	15.386
17.50	17.49	0.151373	15.486
17.50	17.49	0.151389	15.590
17.50	17.49	0.151406	15.685
17.50	17.49	0.151423	15.786
17.50	17.48	0.151439	15.889
17.50	17.48	0.151456	15.983
17.50	17.48	0.151473	16.086
17.50	17.48	0.151489	16.187
17.50	17.48	0.151506	16.282
17.50	17.48	0.151523	16.386
17.50	17.48	0.151539	16.486
17.50	17.48	0.151556	16.581
17.50	17.48	0.151573	16.685
17.50	17.47	0.151589	16.785
17.50	17.47	0.151606	16.879
17.50	17.47	0.151623	16.984
17.50	17.47	0.151639	17.083
17.48	17.47	0.151656	17.178
17.48	17.47	0.151673	17.283
17.48	17.47	0.151689	17.382
17.48	17.46	0.151706	17.477
17.48	17.46	0.151723	17.582
17.48	17.46	0.151739	17.682
17.48	17.46	0.151756	17.776
17.48	17.46	0.151773	17.881
17.48	17.46	0.151789	17.976
17.45	17.45	0.151806	18.076
17.45	17.45	0.151823	18.180
17.45	17.45	0.151839	18.276
17.45	17.45	0.151856	18.376
17.45	17.45	0.151873	18.478
17.45	17.45	0.151889	18.576
17.45	17.44	0.151906	18.676
17.45	17.44	0.151923	18.777
17.45	17.44	0.151939	18.882
17.45	17.44	0.151956	18.976
17.45	17.44	0.151973	19.076
17.45	17.44	0.151989	19.176
17.43	17.43	0.152006	19.276
17.43	17.43	0.152023	19.376
17.43	17.43	0.152039	19.476
17.43	17.43	0.152056	19.577
17.43	17.43	0.152072	19.677
17.43	17.43	0.152089	19.782
17.43	17.42	0.152106	19.877
17.43	17.42	0.152122	19.977
17.43	17.42	0.152139	20.081
17.43	17.42	0.152156	20.177
17.43	17.42	0.152172	20.277
17.43	17.42	0.152189	20.381
17.43	17.41	0.152206	20.478
17.43	17.41	0.152222	20.577
17.43	17.41	0.152239	20.681
17.43	17.41	0.152256	20.777
17.43	17.41	0.152272	20.877
17.43	17.41	0.152289	20.981
17.40	17.41	0.152306	21.077
17.40	17.40	0.152322	21.177
17.40	17.40	0.152339	21.281
17.40	17.40	0.152356	21.378
17.40	17.40	0.152372	21.477
17.40	17.40	0.152389	21.581
17.40	17.40	0.152406	21.678
17.40	17.40	0.152422	21.778
17.40	17.40	0.152439	21.881
17.40	17.40	0.152456	21.978
17.40	17.40	0.152472	22.078
17.38	17.39	0.152489	22.181
17.38	17.39	0.152506	22.279
17.38	17.39	0.152522	22.378
17.38	17.39	0.152539	22.481
17.38	17.39	0.152556	22.578
17.38	17.39	0.152572	22.678
17.38	17.39	0.152589	22.781
17.38	17.39	0.152606	22.878
17.38	17.39	0.152622	22.979
17.38	17.39	0.152639	23.081
17.38	17.39	0.152656	23.178
17.38	17.39	0.152672	23.278
17.38	17.39	0.152689	23.381
17.38	17.39	0.152706	23.478
17.38	17.39	0.152722	23.579
17.38	17.39	0.152739	23.680
17.38	17.39	0.152756	23.807
17.38	17.39	0.152772	23.902
17.38	17.39	0.152789	23.980
17.38	17.39	0.152806	24.107
17.38	17.39	0.152822	24.201
17.38	17.39	0.152839	24.281
17.38	17.39	0.152856	24.405
17.38	17.39	0.152872	24.500
17.38	17.39	0.152889	24.604
17.38	17.39	0.152905	24.704
17.38	17.39	0.152922	24.799
17.38	17.39	0.152939	24.903
17.38	17.40	0.152955	25.003
17.38	17.40	0.152972	25.097
17.38	17.40	0.152989	25.202
17.38	17.40	0.153005	25.301
17.38	17.40	0.153022	25.396
17.38	17.40	0.153039	25.500
17.38	17.40	0.153055	25.595
17.38	17.40	0.153072	25.695
17.38	17.40	0.153089	25.799
17.38	17.41	0.153105	25.894
17.38	17.41	0.153122	25.993
17.40	17.41	0.153139	26.099
17.40	17.41	0.153155	26.193
17.40	17.41	0.153172	26.293
17.40	17.42	0.153189	26.398
17.40	17.42	0.153205	26.492
17.40	17.42	0.153222	26.592
17.40	17.42	0.153239	26.696
17.40	17.42	0.153255	26.791
17.40	17.43	0.153272	26.890
17.40	17.43	0.153289	26.995
17.43	17.43	0.153305	27.089
17.43	17.43	0.153322	27.189
17.43	17.43	0.153339	27.294
17.43	17.44	0.153355	27.388
17.43	17.44	0.153372	27.488
17.43	17.44	0.153389	27.592
17.45	17.44	0.153405	27.687
17.45	17.45	0.153422	27.787
17.45	17.45	0.153439	27.891
17.45	17.45	0.153455	27.986
17.45	17.46	0.153472	28.085
17.45	17.46	0.153489	28.190
17.45	17.46	0.153505	28.284
17.45	17.46	0.153522	28.385
17.45	17.47	0.153539	28.488
17.45	17.47	0.153555	28.583
17.48	17.47	0.153572	28.685
17.48	17.48	0.153589	28.788
17.48	17.48	0.153605	28.883
17.48	17.48	0.153622	28.984
17.48	17.49	0.153639	29.087
17.48	17.49	0.153655	29.181
17.48	17.49	0.153672	29.284
17.48	17.50	0.153689	29.385
17.48	17.50	0.153705	29.480
17.48	17.50	0.153722	29.585
17.50	17.51	0.153738	29.684
17.50	17.51	0.153755	29.779
17.50	17.51	0.153772	29.883
17.50	17.52	0.153788	29.983
17.50	17.52	0.153805	30.079
17.50	17.52	0.153822	30.182
17.50	17.53	0.153838	30.282
17.50	17.53	0.153855	30.379
17.53	17.53	0.153872	30.481
17.53	17.54	0.153888	30.580
17.53	17.54	0.153905	30.679
17.53	17.54	0.153922	30.780
17.53	17.55	0.153938	30.880
17.56	17.55	0.153955	30.979
17.56	17.55	0.153972	31.079
17.56	17.56	0.153988	31.180
17.56	17.56	0.154005	31.279
17.56	17.57	0.154022	31.379
17.56	17.57	0.154038	31.479
17.56	17.57	0.154055	31.579
17.58	17.58	0.154072	31.679
17.58	17.58	0.154088	31.780
17.58	17.58	0.154105	31.880
17.58	17.59	0.154122	31.979
17.58	17.59	0.154138	32.080
17.58	17.59	0.154155	32.179
17.58	17.60	0.154172	32.279
17.61	17.60	0.154188	32.379
17.61	17.60	0.154205	32.479
17.61	17.61	0.154222	32.579
17.61	17.61	0.154238	32.680
17.61	17.61	0.154255	32.780
17.61	17.62	0.154272	32.879
17.61	17.62	0.154288	32.980
17.61	17.62	0.154305	33.079
17.61	17.62	0.154322	33.179
17.63	17.63	0.154338	33.279
17.63	17.63	0.154355	33.379
17.63	17.63	0.154372	33.480
17.63	17.64	0.154388	33.579
17.63	17.64	0.154405	33.679
17.63	17.64	0.154422	33.779
17.63	17.64	0.154438	33.880
17.66	17.65	0.154455	33.979
17.66	17.65	0.154472	34.079
17.66	17.65	0.154488	34.179
17.66	17.66	0.154505	34.279
17.66	17.66	0.154522	34.380
17.66	17.66	0.154538	34.479
17.66	17.66	0.154555	34.579
17.66	17.67	0.154571	34.679
17.68	17.67	0.154588	34.780
17.68	17.67	0.154605	34.879
17.68	17.67	0.154621	34.979
17.68	17.67	0.154638	35.079
17.68	17.68	0.154655	35.179
17.68	17.68	0.154671	35.280
17.68	17.68	0.154688	35.379
17.68	17.68	0.154705	35.479
17.68	17.68	0.154721	35.579
17.68	17.69	0.154738	35.679
17.68	17.69	0.154755	35.779
17.68	17.69	0.154771	35.879
17.71	17.69	0.154788	35.979
17.71	17.69	0.154805	36.079
17.71	17.69	0.154821	36.179
17.71	17.69	0.154838	36.279
17.71	17.70	0.154855	36.378
17.71	17.70	0.154871	36.502
17.71	17.70	0.154888	36.579
17.71	17.70	0.154905	36.707
17.71	17.70	0.154921	36.802
17.71	17.70	0.154938	36.879
17.71	17.70	0.154955	37.006
17.71	17.70	0.154971	37.101
17.71	17.70	0.154988	37.179
17.71	17.70	0.155005	37.305
17.71	17.70	0.155021	37.399
17.71	17.70	0.155038	37.479
17.71	17.71	0.155055	37.603
17.71	17.71	0.155071	37.698
17.71	17.71	0.155088	37.803
17.71	17.71	0.155105	37.902
17.71	17.71	0.155121	37.997
17.71	17.71	0.155138	38.101
17.71	17.71	0.155155	38.201
17.71	17.71	0.155171	38.295
17.71	17.71	0.155188	38.400
17.71	17.71	0.155205	38.499
17.71	17.71	0.155221	38.594
17.71	17.71	0.155238	38.699
17.74	17.71	0.155255	38.793
17.74	17.71	0.155271	38.894
17.74	17.70	0.155288	38.998
17.74	17.70	0.155305	39.093
17.74	17.70	0.155321	39.192
17.74	17.70	0.155338	39.297
17.74	17.70	0.155355	39.392
17.74	17.70	0.155371	39.491
17.74	17.70	0.155388	39.596
17.71	17.70	0.155404	39.690
17.71	17.70	0.155421	39.790
17.71	17.70	0.155438	39.894
17.71	17.70	0.155454	39.989
17.71	17.70	0.155471	40.088
17.71	17.70	0.155488	40.193
17.71	17.69	0.155504	40.288
17.71	17.69	0.155521	40.387
17.71	17.69	0.155538	40.492
17.68	17.69	0.155554	40.586
17.68	17.69	0.155571	40.686
17.68	17.69	0.155588	40.790
17.68	17.69	0.155604	40.885
17.68	17.69	0.155621	40.985
17.68	17.68	0.155638	41.089
17.68	17.68	0.155654	41.184
17.68	17.68	0.155671	41.283
17.68	17.68	0.155688	41.388
17.68	17.68	0.155704	41.483
17.68	17.68	0.155721	41.583
17.68	17.67	0.155738	41.687
17.68	17.67	0.155754	41.782
17.68	17.67	0.155771	41.883
17.68	17.67	0.155788	41.986
17.68	17.67	0.155804	42.081
17.68	17.67	0.155821	42.183
17.68	17.66	0.155838	42.285
17.68	17.66	0.155854	42.379
17.68	17.66	0.155871	42.483
17.68	17.66	0.155888	42.583
17.68	17.66	0.155904	42.679
17.68	17.66	0.155921	42.783
17.66	17.65	0.155938	42.882
17.66	17.65	0.155954	42.979
17.66	17.65	0.155971	43.081
17.66	17.65	0.155988	43.181
17.66	17.65	0.156004	43.280
17.66	17.65	0.156021	43.380
17.66	17.64	0.156038	43.480
17.66	17.64	0.156054	43.579
17.66	17.64	0.156071	43.680
17.66	17.64	0.156088	43.779
17.63	17.64	0.156104	43.879
17.63	17.64	0.156121	43.979
17.63	17.63	0.156138	44.079
17.63	17.63	0.156154	44.180
17.63	17.63	0.156171	44.279
17.63	17.63	0.156188	44.379
17.63	17.63	0.156204	44.479
17.63	17.63	0.156221	44.579
17.63	17.62	0.156237	44.679
17.63	17.62	0.156254	44.779
17.63	17.62	0.156271	44.879
17.63	17.62	0.156287	44.979
17.61	17.62	0.156304	45.080
17.61	17.62	0.156321	45.179
17.61	17.62	0.156337	45.279
17.61	17.62	0.156354	45.379
17.61	17.61	0.156371	45.479
17.61	17.61	0.156387	45.579
17.61	17.61	0.156404	45.679
17.61	17.61	0.156421	45.779
17.61	17.61	0.156437	45.879
17.61	17.61	0.156454	45.978
17.61	17.61	0.156471	46.079
17.61	17.61	0.156487	46.179
17.61	17.61	0.156504	46.279
17.61	17.61	0.156521	46.379
17.61	17.61	0.156537	46.479
17.61	17.60	0.156554	46.579
17.61	17.60	0.156571	46.680
17.61	17.60	0.156587	46.779
17.61	17.60	0.156604	46.879
17.61	17.60	0.156621	46.979
17.61	17.60	0.156637	47.079
17.61	17.60	0.156654	47.179
17.61	17.60	0.156671	47.279
17.58	17.60	0.156687	47.379
17.58	17.60	0.156704	47.479
17.58	17.60	0.156721	47.580
17.58	17.60	0.156737	47.679
17.58	17.60	0.156754	47.779
17.58	17.60	0.156771	47.879
17.58	17.60	0.156787	47.979
17.58	17.60	0.156804	48.079
17.58	17.60	0.156821	48.179
17.58	17.60	0.156837	48.280
17.58	17.60	0.156854	48.379
17.58	17.60	0.156871	48.479
17.58	17.61	0.156887	48.579
17.58	17.61	0.156904	48.679
17.58	17.61	0.156921	48.779
17.58	17.61	0.156937	48.879
17.61	17.61	0.156954	49.008
17.61	17.61	0.156971	49.103
17.61	17.61	0.156987	49.202
17.61	17.61	0.157004	49.307
17.61	17.61	0.157021	49.402
17.61	17.61	0.157037	49.502
17.61	17.62	0.157054	49.607
17.61	17.62	0.157070	49.700
17.61	17.62	0.157087	49.802
17.61	17.62	0.157104	49.905
17.61	17.62	0.157120	50.000
17.61	17.62	0.157137	50.102
17.61	17.62	0.157154	50.204
17.63	17.63	0.157170	50.299
17.63	17.63	0.157187	50.402
17.63	17.63	0.157204	50.503
17.63	17.63	0.157220	50.597
17.63	17.63	0.157237	50.702
17.63	17.64	0.157254	50.801
17.63	17.64	0.157270	50.896
17.63	17.64	0.157287	51.001
17.63	17.64	0.157304	51.100
17.63	17.65	0.157320	51.195
17.63	17.65	0.157337	51.299
17.63	17.65	0.157354	51.399
17.63	17.65	0.157370	51.493
17.63	17.66	0.157387	51.598
17.63	17.66	0.157404	51.697
17.66	17.66	0.157420	51.792
17.66	17.66	0.157437	51.897
17.66	17.67	0.157454	51.992
17.66	17.67	0.157470	52.092
17.66	17.67	0.157487	52.196
17.66	17.67	0.157504	52.291
17.66	17.68	0.157520	52.390
17.66	17.68	0.157537	52.495
17.66	17.68	0.157554	52.590
17.66	17.69	0.157570	52.689
17.68	17.69	0.157587	52.794
17.68	17.69	0.157604	52.888
17.68	17.70	0.157620	52.988
17.68	17.70	0.157637	53.092
17.68	17.70	0.157654	53.187
17.68	17.71	0.157670	53.286
17.68	17.71	0.157687	53.391
17.68	17.71	0.157704	53.486
17.71	17.72	0.157720	53.585
17.71	17.72	0.157737	53.690
17.71	17.72	0.157754	53.784
17.71	17.73	0.157770	53.884
17.71	17.73	0.157787	53.988
17.74	17.73	0.157804	54.083
17.74	17.74	0.157820	54.183
17.74	17.74	0.157837	54.288
17.74	17.74	0.157854	54.382
17.74	17.75	0.157870	54.482
17.74	17.75	0.157887	54.587
17.76	17.75	0.157903	54.681
17.76	17.76	0.157920	54.781
17.76	17.76	0.157937	54.885
17.76	17.76	0.157953	54.981
17.76	17.77	0.157970	55.082
17.76	17.77	0.157987	55.184
17.76	17.77	0.158003	55.281
17.76	17.78	0.158020	55.381
17.76	17.78	0.158037	55.483
17.79	17.79	0.158053	55.581
17.79	17.79	0.158070	55.681
17.79	17.79	0.158087	55.782
17.79	17.80	0.158103	55.881
17.79	17.80	0.158120	55.981
17.79	17.80	0.158137	56.082
17.79	17.81	0.158153	56.182
17.79	17.81	0.158170	56.282
17.81	17.81	0.158187	56.382
17.81	17.82	0.158203	56.482
17.81	17.82	0.158220	56.582
17.81	17.82	0.158237	56.682
17.81	17.83	0.158253	56.782
17.81	17.83	0.158270	56.881
17.84	17.83	0.158287	56.982
17.84	17.83	0.158303	57.082
17.84	17.84	0.158320	57.182
17.84	17.84	0.158337	57.282
17.84	17.84	0.158353	57.383
17.84	17.85	0.158370	57.482
17.86	17.85	0.158387	57.582
17.86	17.85	0.158403	57.682
17.86	17.86	0.158420	57.782
17.86	17.86	0.158437	57.882
17.86	17.86	0.158453	57.982
17.86	17.86	0.158470	58.083
17.86	17.87	0.158487	58.182
17.86	17.87	0.158503	58.282
17.86	17.87	0.158520	58.382
17.89	17.87	0.158537	58.482
17.89	17.88	0.158553	58.582
17.89	17.88	0.158570	58.682
17.89	17.88	0.158587	58.782
17.89	17.88	0.158603	58.882
17.89	17.89	0.158620	58.983
17.89	17.89	0.158637	59.082
17.89	17.89	0.158653	59.182
17.89	17.89	0.158670	59.282
17.89	17.89	0.158687	59.382
17.92	17.90	0.158703	59.482
17.92	17.90	0.158720	59.582
17.92	17.90	0.158736	59.683
17.92	17.90	0.158753	59.782
17.92	17.90	0.158770	59.882
17.92	17.90	0.158786	59.982
17.92	17.90	0.158803	00.082
17.92	17.91	0.158820	00.182
17.92	17.91	0.158836	00.282
17.92	17.91	0.158853	00.382
17.92	17.91	0.158870	00.482
17.92	17.91	0.158886	00.583
17.92	17.91	0.158903	00.682
17.92	17.91	0.158920	00.782
17.92	17.91	0.158936	00.907
17.92	17.92	0.158953	01.012
17.92	17.92	0.158970	01.106
17.92	17.92	0.158986	01.206
17.92	17.92	0.159003	01.310
17.92	17.92	0.159020	01.405
17.92	17.92	0.159036	01.505
17.92	17.92	0.159053	01.609
17.92	17.92	0.159070	01.704
17.92	17.92	0.159086	01.803
17.92	17.92	0.159103	01.908
17.92	17.92	0.159120	02.002
17.92	17.92	0.159136	02.102
17.92	17.92	0.159153	02.206
17.92	17.92	0.159170	02.301
17.92	17.92	0.159186	02.401
17.92	17.92	0.159203	02.505
17.92	17.92	0.159220	02.600
17.92	17.92	0.159236	02.700
17.92	17.92	0.159253	02.804
17.92	17.92	0.159270	02.898
17.92	17.92	0.159286	03.000
17.92	17.92	0.159303	03.103
17.92	17.92	0.159320	03.198
17.92	17.92	0.159336	03.301
17.92	17.92	0.159353	03.402
17.94	17.92	0.159370	03.497
17.94	17.91	0.159386	03.600
17.94	17.91	0.159403	03.701
17.94	17.91	0.159420	03.795
17.94	17.91	0.159436	03.900
17.94	17.91	0.159453	04.000
17.94	17.91	0.159470	04.095
17.94	17.91	0.159486	04.199
17.94	17.91	0.159503	04.299
17.94	17.91	0.159520	04.393
17.94	17.91	0.159536	04.498
17.92	17.90	0.159553	04.597
17.92	17.90	0.159569	04.692
17.92	17.90	0.159586	04.797
17.92	17.90	0.159603	04.896
17.92	17.90	0.159619	04.991
17.92	17.90	0.159636	05.095
17.92	17.90	0.159653	05.190
17.92	17.89	0.159669	05.289
17.92	17.89	0.159686	05.394
17.89	17.89	0.159703	05.489
17.89	17.89	0.159719	05.588
17.89	17.89	0.159736	05.693
17.89	17.89	0.159753	05.787
17.89	17.88	0.159769	05.887
17.89	17.88	0.159786	05.991
17.89	17.88	0.159803	06.086
17.89	17.88	0.159819	06.185
17.86	17.88	0.159836	06.290
17.86	17.88	0.159853	06.385
17.86	17.87	0.159869	06.484
17.86	17.87	0.159886	06.590
17.86	17.87	0.159903	06.684
17.86	17.87	0.159919	06.784
17.86	17.87	0.159936	06.888
17.86	17.87	0.159953	06.984
17.86	17.86	0.159969	07.085
17.86	17.86	0.159986	07.187
17.86	17.86	0.160003	07.284
17.86	17.86	0.160019	07.384
17.86	17.86	0.160036	07.486
17.86	17.86	0.160053	07.584
17.86	17.85	0.160069	07.684
17.86	17.85	0.160086	07.784
17.86	17.85	0.160103	07.884
17.86	17.85	0.160119	07.985
17.86	17.85	0.160136	08.084
17.86	17.85	0.160153	08.184
17.86	17.84	0.160169	08.284
17.86	17.84	0.160186	08.384
17.86	17.84	0.160203	08.484
17.86	17.84	0.160219	08.584
17.86	17.84	0.160236	08.684
17.86	17.84	0.160253	08.784
17.86	17.84	0.160269	08.884
17.86	17.83	0.160286	08.984
17.86	17.83	0.160303	09.084
17.86	17.83	0.160319	09.184
17.84	17.83	0.160336	09.284
17.84	17.83	0.160353	09.384
17.84	17.83	0.160369	09.484
17.84	17.83	0.160386	09.585
17.84	17.83	0.160402	09.684
17.84	17.82	0.160419	09.784
17.84	17.82	0.160436	09.884
17.84	17.82	0.160452	09.984
17.81	17.82	0.160469	10.084
17.81	17.82	0.160486	10.184
17.81	17.82	0.160502	10.284
17.81	17.82	0.160519	10.384
17.81	17.82	0.160536	10.484
17.81	17.82	0.160552	10.584
17.81	17.82	0.160569	10.684
17.81	17.82	0.160586	10.784
17.81	17.82	0.160602	10.884
17.81	17.82	0.160619	10.984
17.81	17.82	0.160636	11.084
17.81	17.82	0.160652	11.185
17.81	17.82	0.160669	11.284
17.81	17.82	0.160686	11.384
17.81	17.82	0.160702	11.484
17.81	17.82	0.160719	11.584
17.81	17.82	0.160736	11.684
17.81	17.82	0.160752	11.784
17.81	17.82	0.160769	11.884
17.81	17.82	0.160786	11.984
17.81	17.82	0.160802	12.085
17.81	17.82	0.160819	12.184
17.81	17.82	0.160836	12.284
17.81	17.82	0.160852	12.384
17.81	17.82	0.160869	12.484
17.81	17.82	0.160886	12.584
17.81	17.82	0.160902	12.684
17.81	17.82	0.160919	12.785
17.81	17.82	0.160936	12.884
17.81	17.82	0.160952	12.984
17.81	17.82	0.160969	13.084
17.81	17.82	0.160986	13.184
17.81	17.82	0.161002	13.313
17.81	17.83	0.161019	13.408
17.81	17.83	0.161036	13.507
17.81	17.83	0.161052	13.612
17.81	17.83	0.161069	13.706
17.81	17.83	0.161086	13.806
17.84	17.83	0.161102	13.911
17.84	17.83	0.161119	14.005
17.84	17.84	0.161136	14.105
17.84	17.84	0.161152	14.209
17.84	17.84	0.161169	14.304
17.84	17.84	0.161186	14.403
17.84	17.84	0.161202	14.508
17.84	17.85	0.161219	14.603
17.84	17.85	0.161235	14.702
17.84	17.85	0.161252	14.807
17.84	17.85	0.161269	14.901
17.84	17.85	0.161285	15.001
17.84	17.86	0.161302	15.106
17.84	17.86	0.161319	15.201
17.84	17.86	0.161335	15.300
17.84	17.86	0.161352	15.405
17.84	17.87	0.161369	15.500
17.86	17.87	0.161385	15.599
17.86	17.87	0.161402	15.704
17.86	17.87	0.161419	15.798
17.86	17.88	0.161435	15.899
17.86	17.88	0.161452	16.002
17.86	17.88	0.161469	16.097
17.86	17.89	0.161485	16.199
17.86	17.89	0.161502	16.301
17.86	17.89	0.161519	16.396
17.86	17.89	0.161535	16.499
17.89	17.90	0.161552	16.600
17.89	17.90	0.161569	16.694
17.89	17.90	0.161585	16.799
17.89	17.91	0.161602	16.899
17.89	17.91	0.161619	16.993
17.89	17.91	0.161635	17.098
17.92	17.92	0.161652	17.198
17.92	17.92	0.161669	17.293
17.92	17.92	0.161685	17.397
17.92	17.93	0.161702	17.497
17.92	17.93	0.161719	17.591
17.92	17.93	0.161735	17.696
17.94	17.94	0.161752	17.796
17.94	17.94	0.161769	17.890
17.94	17.94	0.161785	17.995
17.94	17.95	0.161802	18.094
17.94	17.95	0.161819	18.189
17.94	17.95	0.161835	18.293
17.94	17.96	0.161852	18.388
17.94	17.96	0.161869	18.487
17.94	17.96	0.161885	18.592
17.97	17.97	0.161902	18.687
17.97	17.97	0.161919	18.786
17.97	17.97	0.161935	18.891
17.97	17.98	0.161952	18.985
17.97	17.98	0.161969	19.085
17.97	17.98	0.161985	19.189
17.97	17.99	0.162002	19.285
17.97	17.99	0.162019	19.386
17.99	18.00	0.162035	19.489
17.99	18.00	0.162052	19.585
17.99	18.00	0.162068	19.685
17.99	18.01	0.162085	19.788
17.99	18.01	0.162102	19.884
17.99	18.01	0.162118	19.985
17.99	18.02	0.162135	20.086
18.02	18.02	0.162152	20.185
18.02	18.02	0.162168	20.286
18.02	18.03	0.162185	20.385
18.02	18.03	0.162202	20.485
18.04	18.03	0.162218	20.586
18.04	18.04	0.162235	20.686
18.04	18.04	0.162252	20.786
18.04	18.04	0.162268	20.886
18.04	18.05	0.162285	20.986
18.04	18.05	0.162302	21.086
18.04	18.05	0.162318	21.187
18.04	18.05	0.162335	21.286
18.07	18.06	0.162352	21.386
18.07	18.06	0.162368	21.486
18.07	18.06	0.162385	21.586
18.07	18.07	0.162402	21.686
18.07	18.07	0.162418	21.786
18.07	18.07	0.162435	21.887
18.07	18.07	0.162452	21.986
18.07	18.08	0.162468	22.086
18.07	18.08	0.162485	22.186
18.07	18.08	0.162502	22.286
18.09	18.08	0.162518	22.386
18.09	18.09	0.162535	22.486
18.09	18.09	0.162552	22.586
18.09	18.09	0.162568	22.686
18.09	18.09	0.162585	22.787
18.09	18.10	0.162602	22.886
18.09	18.10	0.162618	22.986
18.09	18.10	0.162635	23.086
18.09	18.10	0.162652	23.186
18.09	18.10	0.162668	23.286
18.12	18.11	0.162685	23.386
18.12	18.11	0.162702	23.486
18.12	18.11	0.162718	23.586
18.12	18.11	0.162735	23.686
18.12	18.11	0.162752	23.786
18.12	18.12	0.162768	23.886
18.12	18.12	0.162785	23.986
18.12	18.12	0.162802	24.086
18.12	18.12	0.162818	24.186
18.12	18.12	0.162835	24.286
18.12	18.12	0.162852	24.387
18.12	18.12	0.162868	24.486
18.15	18.12	0.162885	24.586
18.15	18.13	0.162901	24.686
18.15	18.13	0.162918	24.786
18.15	18.13	0.162935	24.886
18.15	18.13	0.162951	24.986
18.15	18.13	0.162968	25.086
18.15	18.13	0.162985	25.186
18.15	18.13	0.163001	25.286
18.15	18.13	0.163018	25.386
18.15	18.13	0.163035	25.486
18.15	18.13	0.163051	25.615
18.15	18.13	0.163068	25.715
18.15	18.13	0.163085	25.809
18.15	18.13	0.163101	25.914
18.15	18.13	0.163118	26.013
18.15	18.13	0.163135	26.108
18.15	18.13	0.163151	26.213
18.12	18.13	0.163168	26.307
18.12	18.13	0.163185	26.407
18.12	18.13	0.163201	26.511
18.12	18.13	0.163218	26.606
18.12	18.13	0.163235	26.705
18.12	18.13	0.163251	26.810
18.12	18.13	0.163268	26.904
18.12	18.13	0.163285	27.004
18.12	18.13	0.163301	27.109
18.12	18.13	0.163318	27.203
18.12	18.13	0.163335	27.303
18.15	18.13	0.163351	27.407
18.15	18.13	0.163368	27.502
18.15	18.13	0.163385	27.601
18.15	18.13	0.163401	27.707
18.15	18.13	0.163418	27.802
18.15	18.12	0.163435	27.901
18.15	18.12	0.163451	28.006
18.15	18.12	0.163468	28.100
18.15	18.12	0.163485	28.200
18.15	18.12	0.163501	28.304
18.15	18.12	0.163518	28.399
18.15	18.12	0.163535	28.498
18.15	18.12	0.163551	28.603
18.15	18.12	0.163568	28.698
18.15	18.11	0.163585	28.798
18.15	18.11	0.163601	28.902
18.12	18.11	0.163618	28.996
18.12	18.11	0.163635	29.098
18.12	18.11	0.163651	29.200
18.12	18.11	0.163668	29.295
18.12	18.11	0.163685	29.398
18.12	18.10	0.163701	29.499
18.12	18.10	0.163718	29.594
18.12	18.10	0.163734	29.697
18.12	18.10	0.163751	29.799
18.12	18.10	0.163768	29.892
18.09	18.10	0.163784	29.997
18.09	18.09	0.163801	30.097
18.09	18.09	0.163818	30.192
18.09	18.09	0.163834	30.297
18.09	18.09	0.163851	30.396
18.09	18.09	0.163868	30.491
18.09	18.09	0.163884	30.595
18.09	18.08	0.163901	30.695
18.09	18.08	0.163918	30.789
18.09	18.08	0.163934	30.894
18.09	18.08	0.163951	30.994
18.09	18.08	0.163968	31.088
18.09	18.08	0.163984	31.193
18.09	18.07	0.164001	31.287
18.07	18.07	0.164018	31.387
18.07	18.07	0.164034	31.491
18.07	18.07	0.164051	31.586
18.07	18.07	0.164068	31.686
18.07	18.07	0.164084	31.790
18.07	18.06	0.164101	31.886
18.07	18.06	0.164118	31.986
18.07	18.06	0.164134	32.089
18.07	18.06	0.164151	32.186
18.07	18.06	0.164168	32.286
18.07	18.06	0.164184	32.388
18.07	18.05	0.164201	32.486
18.07	18.05	0.164218	32.587
18.07	18.05	0.164234	32.687
18.04	18.05	0.164251	32.786
18.04	18.05	0.164268	32.886
18.04	18.05	0.164284	32.986
18.04	18.05	0.164301	33.086
18.04	18.04	0.164318	33.186
18.04	18.04	0.164334	33.287
18.04	18.04	0.164351	33.387
18.04	18.04	0.164368	33.488
18.04	18.04	0.164384	33.587
18.04	18.04	0.164401	33.687
18.04	18.04	0.164418	33.787
18.04	18.04	0.164434	33.887
18.04	18.04	0.164451	33.987
18.02	18.04	0.164468	34.087
18.02	18.03	0.164484	34.188
18.02	18.03	0.164501	34.287
18.02	18.03	0.164518	34.387
18.02	18.03	0.164534	34.487
18.02	18.03	0.164551	34.587
18.02	18.03	0.164567	34.687
18.02	18.03	0.164584	34.787
18.02	18.03	0.164601	34.887
18.02	18.03	0.164617	34.987
18.02	18.03	0.164634	35.088
18.02	18.03	0.164651	35.187
18.02	18.03	0.164667	35.287
18.02	18.03	0.164684	35.388
18.02	18.03	0.164701	35.493
18.02	18.03	0.164717	35.588
18.02	18.03	0.164734	35.688
18.02	18.03	0.164751	35.792
18.02	18.03	0.164767	35.888
18.02	18.03	0.164784	35.989
18.02	18.03	0.164801	36.092
18.02	18.03	0.164817	36.188
18.02	18.03	0.164834	36.288
18.02	18.03	0.164851	36.392
18.02	18.03	0.164867	36.488
18.02	18.03	0.164884	36.588
18.02	18.03	0.164901	36.693
18.02	18.03	0.164917	36.788
18.02	18.03	0.164934	36.888
18.02	18.04	0.164951	36.992
18.02	18.04	0.164967	37.088
18.02	18.04	0.164984	37.188
18.04	18.04	0.165001	37.292
18.04	18.04	0.165017	37.388
18.04	18.04	0.165034	37.488
18.04	18.04	0.165051	37.593
18.04	18.04	0.165067	37.687
18.04	18.04	0.165084	37.787
18.04	18.05	0.165101	37.916
18.04	18.05	0.165117	38.016
18.04	18.05	0.165134	38.110
18.04	18.05	0.165151	38.215
18.04	18.05	0.165167	38.314
18.04	18.06	0.165184	38.409
18.04	18.06	0.165201	38.513
18.04	18.06	0.165217	38.614
18.04	18.06	0.165234	38.709
18.04	18.06	0.165251	38.813
18.04	18.07	0.165267	38.913
18.04	18.07	0.165284	39.007
18.04	18.07	0.165301	39.112
18.04	18.07	0.165317	39.206
18.04	18.07	0.165334	39.306
18.07	18.08	0.165351	39.411
18.07	18.08	0.165367	39.505
18.07	18.08	0.165384	39.605
18.07	18.08	0.165400	39.709
18.07	18.09	0.165417	39.804
18.07	18.09	0.165434	39.903
18.07	18.09	0.165450	40.008
18.09	18.10	0.165467	40.103
18.09	18.10	0.165484	40.202
18.09	18.10	0.165500	40.307
18.09	18.10	0.165517	40.401
18.09	18.11	0.165534	40.501
18.09	18.11	0.165550	40.605
18.09	18.11	0.165567	40.700
18.12	18.12	0.165584	40.800
18.12	18.12	0.165600	40.905
18.12	18.12	0.165617	41.000
18.12	18.13	0.165634	41.099
18.12	18.13	0.165650	41.204
18.12	18.13	0.165667	41.298
18.12	18.14	0.165684	41.398
18.12	18.14	0.165700	41.502
18.15	18.14	0.165717	41.597
18.15	18.15	0.165734	41.696
18.15	18.15	0.165750	41.801
18.15	18.15	0.165767	41.896
18.15	18.16	0.165784	41.996
18.15	18.16	0.165800	42.100
18.15	18.16	0.165817	42.194
18.15	18.17	0.165834	42.296
18.15	18.17	0.165850	42.398
18.17	18.17	0.165867	42.493
18.17	18.18	0.165884	42.596
18.17	18.18	0.165900	42.697
18.17	18.18	0.165917	42.792
18.17	18.19	0.165934	42.896
18.17	18.19	0.165950	42.996
18.17	18.19	0.165967	43.090
18.17	18.20	0.165984	43.196
18.20	18.20	0.166000	43.295
18.20	18.21	0.166017	43.390
18.20	18.21	0.166034	43.495
18.20	18.21	0.166050	43.594
18.20	18.22	0.166067	43.689
18.20	18.22	0.166084	43.793
18.22	18.22	0.166100	43.893
18.22	18.23	0.166117	43.989
18.22	18.23	0.166134	44.092
18.22	18.23	0.166150	44.192
18.22	18.24	0.166167	44.289
18.22	18.24	0.166184	44.391
18.22	18.24	0.166200	44.491
18.25	18.25	0.166217	44.589
18.25	18.25	0.166233	44.689
18.25	18.25	0.166250	44.791
18.25	18.26	0.166267	44.889
18.25	18.26	0.166283	44.989
18.25	18.26	0.166300	45.091
18.27	18.26	0.166317	45.189
18.27	18.27	0.166333	45.289
18.27	18.27	0.166350	45.391
18.27	18.27	0.166367	45.490
18.27	18.28	0.166383	45.590
18.27	18.28	0.166400	45.691
18.27	18.28	0.166417	45.791
18.27	18.28	0.166433	45.890
18.27	18.29	0.166450	45.991
18.30	18.29	0.166467	46.090
18.30	18.29	0.166483	46.190
18.30	18.30	0.166500	46.291
18.30	18.30	0.166517	46.390
18.30	18.30	0.166533	46.490
18.30	18.30	0.166550	46.591
18.30	18.31	0.166567	46.691
18.33	18.31	0.166583	46.790
18.33	18.31	0.166600	46.891
18.33	18.31	0.166617	46.990
18.33	18.31	0.166633	47.090
18.33	18.32	0.166650	47.191
18.33	18.32	0.166667	47.290
18.33	18.32	0.166683	47.391
18.33	18.32	0.166700	47.491
18.33	18.32	0.166717	47.592
18.33	18.33	0.166733	47.691
18.33	18.33	0.166750	47.791
18.33	18.33	0.166767	47.891
18.33	18.33	0.166783	47.991
18.33	18.33	0.166800	48.091
18.33	18.33	0.166817	48.191
18.35	18.33	0.166833	48.292
18.35	18.34	0.166850	48.391
18.35	18.34	0.166867	48.491
18.35	18.34	0.166883	48.591
18.35	18.34	0.166900	48.691
18.35	18.34	0.166917	48.791
18.35	18.34	0.166933	48.891
18.35	18.34	0.166950	48.991
18.35	18.34	0.166967	49.091
18.35	18.34	0.166983	49.192
18.35	18.34	0.167000	49.291
18.35	18.34	0.167017	49.391
18.35	18.34	0.167033	49.516
18.35	18.35	0.167050	49.616
18.35	18.35	0.167066	49.720
18.35	18.35	0.167083	49.815
18.35	18.35	0.167100	49.915
18.35	18.35	0.167116	50.019
18.35	18.35	0.167133	50.114
18.35	18.35	0.167150	50.215
18.35	18.35	0.167166	50.318
18.35	18.35	0.167183	50.412
18.35	18.35	0.167200	50.515
18.35	18.35	0.167216	50.616
18.35	18.35	0.167233	50.711
18.35	18.35	0.167250	50.814
18.38	18.35	0.167266	50.915
18.38	18.34	0.167283	51.011
18.38	18.34	0.167300	51.115
18.38	18.34	0.167316	51.215
18.38	18.34	0.167333	51.309
18.38	18.34	0.167350	51.414
18.38	18.34	0.167366	51.513
18.35	18.34	0.167383	51.608
18.35	18.34	0.167400	51.713
18.35	18.34	0.167416	51.812
18.35	18.34	0.167433	51.907
18.35	18.34	0.167450	52.011
18.35	18.34	0.167466	52.111
18.35	18.34	0.167483	52.205
18.35	18.33	0.167500	52.310
18.35	18.33	0.167516	52.404
18.35	18.33	0.167533	52.504
18.33	18.33	0.167550	52.609
18.33	18.33	0.167566	52.703
18.33	18.33	0.167583	52.803
18.33	18.33	0.167600	52.907
18.33	18.33	0.167616	53.002
18.33	18.32	0.167633	53.101
18.33	18.32	0.167650	53.206
18.33	18.32	0.167666	53.301
18.33	18.32	0.167683	53.400
18.33	18.32	0.167700	53.506
18.33	18.32	0.167716	53.600
18.33	18.31	0.167733	53.700
18.33	18.31	0.167750	53.804
18.33	18.31	0.167766	53.899
18.33	18.31	0.167783	53.999
18.33	18.31	0.167800	54.103
18.33	18.31	0.167816	54.198
18.33	18.30	0.167833	54.297
18.33	18.30	0.167850	54.402
18.30	18.30	0.167866	54.496
18.30	18.30	0.167883	54.596
18.30	18.30	0.167899	54.700
18.30	18.30	0.167916	54.795
18.30	18.29	0.167933	54.895
18.30	18.29	0.167949	54.999
18.30	18.29	0.167966	55.094
18.30	18.29	0.167983	55.194
18.30	18.29	0.167999	55.298
18.30	18.29	0.168016	55.393
18.30	18.28	0.168033	55.494
18.30	18.28	0.168049	55.596
18.27	18.28	0.168066	55.693
18.27	18.28	0.168083	55.795
18.27	18.28	0.168099	55.895
18.27	18.28	0.168116	55.993
18.27	18.27	0.168133	56.094
18.27	18.27	0.168149	56.194
18.27	18.27	0.168166	56.293
18.27	18.27	0.168183	56.394
18.27	18.27	0.168199	56.494
18.27	18.27	0.168216	56.593
18.27	18.26	0.168233	56.693
18.27	18.26	0.168249	56.793
18.27	18.26	0.168266	56.893
18.27	18.26	0.168283	56.993
18.27	18.26	0.168299	57.093
18.27	18.26	0.168316	57.193
18.27	18.26	0.168333	57.293
18.27	18.26	0.168349	57.394
18.25	18.25	0.168366	57.493
18.25	18.25	0.168383	57.593
18.25	18.25	0.168399	57.693
18.25	18.25	0.168416	57.793
18.25	18.25	0.168433	57.893
18.25	18.25	0.168449	57.993
18.25	18.25	0.168466	58.093
18.25	18.25	0.168483	58.193
18.25	18.25	0.168499	58.293
18.25	18.25	0.168516	58.393
18.25	18.25	0.168533	58.493
18.25	18.24	0.168549	58.593
18.25	18.24	0.168566	58.693
18.25	18.24	0.168583	58.793
18.25	18.24	0.168599	58.893
18.25	18.24	0.168616	58.994
18.25	18.24	0.168633	59.093
18.22	18.24	0.168649	59.193
18.22	18.24	0.168666	59.293
18.22	18.24	0.168683	59.393
18.22	18.24	0.168699	59.493
18.22	18.24	0.168716	59.593
18.22	18.24	0.168732	59.693
18.22	18.24	0.168749	59.794
18.22	18.24	0.168766	59.893
18.22	18.24	0.168782	59.993
18.22	18.24	0.168799	00.093
18.22	18.24	0.168816	00.193
18.22	18.24	0.168832	00.293
18.22	18.24	0.168849	00.393
18.22	18.24	0.168866	00.494
18.22	18.25	0.168882	00.593
18.25	18.25	0.168899	00.693
18.25	18.25	0.168916	00.793
18.25	18.25	0.168932	00.893
18.25	18.25	0.168949	00.993
18.25	18.25	0.168966	01.093
18.25	18.25	0.168982	01.193
18.25	18.25	0.168999	01.293
18.25	18.25	0.169016	01.394
18.25	18.25	0.169032	01.493
18.25	18.26	0.169049	01.593
18.25	18.26	0.169066	01.693
18.25	18.26	0.169082	01.793
18.25	18.26	0.169099	01.917
18.25	18.26	0.169116	02.022
18.25	18.26	0.169132	02.116
18.25	18.26	0.169149	02.216
18.25	18.27	0.169166	02.321
18.25	18.27	0.169182	02.415
18.27	18.27	0.169199	02.515
18.27	18.27	0.169216	02.619
18.27	18.27	0.169232	02.714
18.27	18.28	0.169249	02.813
18.27	18.28	0.169266	02.918
18.27	18.28	0.169282	03.013
18.27	18.28	0.169299	03.113
18.27	18.29	0.169316	03.217
18.27	18.29	0.169332	03.311
18.27	18.29	0.169349	03.414
18.27	18.29	0.169366	03.515
18.27	18.30	0.169382	03.610
18.27	18.30	0.169399	03.713
18.27	18.30	0.169416	03.815
18.27	18.30	0.169432	03.910
18.30	18.31	0.169449	04.013
18.30	18.31	0.169466	04.114
18.30	18.31	0.169482	04.208
18.30	18.31	0.169499	04.313
18.30	18.32	0.169516	04.412
18.30	18.32	0.169532	04.507
18.30	18.32	0.169549	04.611
18.33	18.33	0.169565	04.711
18.33	18.33	0.169582	04.806
18.33	18.33	0.169599	04.910
18.33	18.34	0.169615	05.010
18.33	18.34	0.169632	05.104
18.33	18.34	0.169649	05.209
18.33	18.35	0.169665	05.308
18.33	18.35	0.169682	05.403
18.33	18.35	0.169699	05.508
18.35	18.36	0.169715	05.602
18.35	18.36	0.169732	05.702
18.35	18.36	0.169749	05.806
18.35	18.37	0.169765	05.902
18.35	18.37	0.169782	06.001
18.35	18.37	0.169799	06.106
18.35	18.38	0.169815	06.200
18.35	18.38	0.169832	06.300
18.38	18.38	0.169849	06.405
18.38	18.39	0.169865	06.499
18.38	18.39	0.169882	06.599
18.38	18.39	0.169899	06.703
18.38	18.40	0.169915	06.798
18.38	18.40	0.169932	06.897
18.40	18.40	0.169949	07.002
18.40	18.41	0.169965	07.097
18.40	18.41	0.169982	07.196
18.40	18.41	0.169999	07.301
18.40	18.42	0.170015	07.395
18.40	18.42	0.170032	07.495
18.43	18.43	0.170049	07.599
18.43	18.43	0.170065	07.694
18.43	18.43	0.170082	07.793
18.43	18.44	0.170099	07.898
18.43	18.44	0.170115	07.994
18.43	18.44	0.170132	08.093
18.43	18.45	0.170149	08.197
18.45	18.45	0.170165	08.293
18.45	18.45	0.170182	08.393
18.45	18.46	0.170199	08.496
18.45	18.46	0.170215	08.593
18.45	18.46	0.170232	08.694
18.45	18.47	0.170249	08.795
18.48	18.47	0.170265	08.893
18.48	18.47	0.170282	08.993
18.48	18.47	0.170299	09.094
18.48	18.48	0.170315	09.193
18.48	18.48	0.170332	09.293
18.48	18.48	0.170349	09.393
18.48	18.49	0.170365	09.493
18.48	18.49	0.170382	09.594
18.50	18.49	0.170398	09.693
18.50	18.50	0.170415	09.793
18.50	18.50	0.170432	09.893
18.50	18.50	0.170448	09.993
18.50	18.50	0.170465	10.093
18.50	18.51	0.170482	10.193
18.50	18.51	0.170498	10.294
18.50	18.51	0.170515	10.393
18.50	18.51	0.170532	10.493
18.53	18.52	0.170548	10.593
18.53	18.52	0.170565	10.693
18.53	18.52	0.170582	10.793
18.53	18.52	0.170598	10.893
18.53	18.53	0.170615	10.993
18.53	18.53	0.170632	11.093
18.53	18.53	0.170648	11.194
18.53	18.53	0.170665	11.293
18.53	18.53	0.170682	11.393
18.53	18.54	0.170698	11.493
18.53	18.54	0.170715	11.593
18.56	18.54	0.170732	11.693
18.56	18.54	0.170748	11.793
18.56	18.54	0.170765	11.893
18.56	18.54	0.170782	11.993
18.56	18.54	0.170798	12.094
18.56	18.55	0.170815	12.193
18.56	18.55	0.170832	12.293
18.56	18.55	0.170848	12.393
18.56	18.55	0.170865	12.493
18.56	18.55	0.170882	12.593
18.56	18.55	0.170898	12.693
18.56	18.55	0.170915	12.794
18.56	18.55	0.170932	12.893
18.56	18.56	0.170948	12.993
18.56	18.56	0.170965	13.093
18.56	18.56	0.170982	13.193
18.56	18.56	0.170998	13.293
18.56	18.56	0.171015	13.393
18.56	18.56	0.171032	13.493
18.56	18.56	0.171048	13.593
18.56	18.56	0.171065	13.694
18.56	18.56	0.171082	13.793
18.56	18.56	0.171098	13.893
18.56	18.56	0.171115	13.993
18.58	18.56	0.171132	14.093
18.58	18.56	0.171148	14.193
18.58	18.56	0.171165	14.293
18.58	18.56	0.171182	14.394
18.58	18.56	0.171198	14.493
18.58	18.56	0.171215	14.593
18.58	18.56	0.171231	14.717
18.58	18.56	0.171248	14.817
18.58	18.56	0.171265	14.921
18.58	18.56	0.171281	15.016
18.58	18.56	0.171298	15.115
18.58	18.56	0.171315	15.220
18.58	18.56	0.171331	15.314
18.56	18.56	0.171348	15.414
18.56	18.56	0.171365	15.519
18.56	18.55	0.171381	15.613
18.56	18.55	0.171398	15.713
18.56	18.55	0.171415	15.817
18.56	18.55	0.171431	15.912
18.56	18.55	0.171448	16.011
18.56	18.55	0.171465	16.116
18.56	18.55	0.171481	16.211
18.56	18.55	0.171498	16.312
18.56	18.55	0.171515	16.415
18.56	18.55	0.171531	16.509
18.56	18.54	0.171548	16.612
18.56	18.54	0.171565	16.714
18.56	18.54	0.171581	16.809
18.56	18.54	0.171598	16.911
18.56	18.54	0.171615	17.013
18.53	18.54	0.171631	17.108
18.53	18.54	0.171648	17.212
18.53	18.53	0.171665	17.312
18.53	18.53	0.171681	17.406
18.53	18.53	0.171698	17.511
18.53	18.53	0.171715	17.610
18.53	18.53	0.171731	17.705
18.53	18.53	0.171748	17.810
18.53	18.52	0.171765	17.909
18.53	18.52	0.171781	18.004
18.53	18.52	0.171798	18.108
18.53	18.52	0.171815	18.208
18.53	18.52	0.171831	18.302
18.53	18.52	0.171848	18.408
18.53	18.51	0.171865	18.507
18.53	18.51	0.171881	18.602
18.53	18.51	0.171898	18.707
18.53	18.51	0.171915	18.801
18.53	18.51	0.171931	18.901
18.53	18.51	0.171948	19.005
18.53	18.50	0.171965	19.100
18.50	18.50	0.171981	19.199
18.50	18.50	0.171998	19.304
18.50	18.50	0.172015	19.399
18.50	18.50	0.172031	19.498
18.50	18.50	0.172048	19.603
18.50	18.49	0.172064	19.697
18.50	18.49	0.172081	19.797
18.50	18.49	0.172098	19.901
18.50	18.49	0.172114	19.996
18.50	18.49	0.172131	20.096
18.50	18.49	0.172148	20.200
18.50	18.48	0.172164	20.295
18.50	18.48	0.172181	20.394
18.48	18.48	0.172198	20.499
18.48	18.48	0.172214	20.594
18.48	18.48	0.172231	20.694
18.48	18.48	0.172248	20.797
18.48	18.48	0.172264	20.894
18.48	18.47	0.172281	20.995
18.48	18.47	0.172298	21.097
18.48	18.47	0.172314	21.194
18.48	18.47	0.172331	21.295
18.48	18.47	0.172348	21.396
18.48	18.47	0.172364	21.495
18.48	18.47	0.172381	21.595
18.48	18.47	0.172398	21.695
18.45	18.46	0.172414	21.795
18.45	18.46	0.172431	21.895
18.45	18.46	0.172448	21.995
18.45	18.46	0.172464	22.095
18.45	18.46	0.172481	22.195
18.45	18.46	0.172498	22.295
18.45	18.46	0.172514	22.395
18.45	18.46	0.172531	22.495
18.45	18.46	0.172548	22.596
18.45	18.46	0.172564	22.695
18.45	18.46	0.172581	22.795
18.45	18.46	0.172598	22.895
18.45	18.46	0.172614	22.995
18.45	18.46	0.172631	23.095
18.45	18.46	0.172648	23.195
18.45	18.46	0.172664	23.295
18.45	18.46	0.172681	23.395
18.45	18.46	0.172698	23.496
18.45	18.46	0.172714	23.595
18.45	18.46	0.172731	23.695
18.45	18.46	0.172748	23.795
18.45	18.46	0.172764	23.895
18.45	18.46	0.172781	23.995
18.45	18.46	0.172798	24.095
18.45	18.46	0.172814	24.195
18.45	18.46	0.172831	24.295
18.45	18.46	0.172848	24.395
18.45	18.46	0.172864	24.495
18.45	18.46	0.172881	24.595
18.45	18.46	0.172897	24.695
18.45	18.46	0.172914	24.795
18.45	18.46	0.172931	24.895
18.45	18.46	0.172947	24.995
18.45	18.46	0.172964	25.096
18.45	18.46	0.172981	25.195
18.45	18.46	0.172997	25.295
18.45	18.47	0.173014	25.395
18.45	18.47	0.173031	25.495
18.45	18.47	0.173047	25.595
18.45	18.47	0.173064	25.695
18.45	18.47	0.173081	25.795
18.45	18.47	0.173097	25.895
18.45	18.47	0.173114	25.995
18.48	18.48	0.173131	26.095
18.48	18.48	0.173147	26.195
18.48	18.48	0.173164	26.295
18.48	18.48	0.173181	26.395
18.48	18.48	0.173197	26.495
18.48	18.49	0.173214	26.595
18.48	18.49	0.173231	26.719
18.48	18.49	0.173247	26.819
18.48	18.49	0.173264	26.924
18.48	18.49	0.173281	27.018
18.48	18.50	0.173297	27.118
18.48	18.50	0.173314	27.222
18.48	18.50	0.173331	27.317
18.48	18.50	0.173347	27.416
18.48	18.51	0.173364	27.522
18.50	18.51	0.173381	27.617
18.50	18.51	0.173397	27.716
18.50	18.51	0.173414	27.821
18.50	18.52	0.173431	27.915
18.50	18.52	0.173447	28.015
18.50	18.52	0.173464	28.119
18.50	18.53	0.173481	28.214
18.50	18.53	0.173497	28.313
18.53	18.53	0.173514	28.418
18.53	18.53	0.173531	28.513
18.53	18.54	0.173547	28.612
18.53	18.54	0.173564	28.717
18.53	18.54	0.173581	28.811
18.53	18.55	0.173597	28.911
18.53	18.55	0.173614	29.015
18.56	18.55	0.173631	29.110
18.56	18.56	0.173647	29.210
18.56	18.56	0.173664	29.314
18.56	18.56	0.173681	29.409
18.56	18.57	0.173697	29.510
18.56	18.57	0.173714	29.613
18.56	18.57	0.173730	29.707
18.56	18.58	0.173747	29.810
18.58	18.58	0.173764	29.912
18.58	18.58	0.173780	30.007
18.58	18.59	0.173797	30.110
18.58	18.59	0.173814	30.211
18.58	18.59	0.173830	30.306
18.58	18.60	0.173847	30.410
18.58	18.60	0.173864	30.510
18.58	18.60	0.173880	30.604
18.61	18.61	0.173897	30.709
18.61	18.61	0.173914	30.808
18.61	18.61	0.173930	30.903
18.61	18.62	0.173947	31.008
18.61	18.62	0.173964	31.107
18.61	18.62	0.173980	31.202
18.61	18.63	0.173997	31.306
18.61	18.63	0.174014	31.406
18.63	18.64	0.174030	31.500
18.63	18.64	0.174047	31.605
18.63	18.64	0.174064	31.700
18.63	18.65	0.174080	31.799
18.63	18.65	0.174097	31.904
18.63	18.65	0.174114	31.998
18.66	18.66	0.174130	32.099
18.66	18.66	0.174147	32.203
18.66	18.66	0.174164	32.298
18.66	18.67	0.174180	32.398
18.66	18.67	0.174197	32.502
18.66	18.67	0.174214	32.597
18.69	18.68	0.174230	32.697
18.69	18.68	0.174247	32.801
18.69	18.68	0.174264	32.897
18.69	18.69	0.174280	32.997
18.69	18.69	0.174297	33.099
18.69	18.69	0.174314	33.197
18.69	18.69	0.174330	33.297
18.69	18.70	0.174347	33.398
18.71	18.70	0.174364	33.497
18.71	18.70	0.174380	33.597
18.71	18.71	0.174397	33.697
18.71	18.71	0.174414	33.797
18.71	18.71	0.174430	33.897
18.71	18.71	0.174447	33.998
18.71	18.72	0.174464	34.097
18.71	18.72	0.174480	34.197
18.71	18.72	0.174497	34.297
18.71	18.72	0.174514	34.397
18.74	18.73	0.174530	34.497
18.74	18.73	0.174547	34.597
18.74	18.73	0.174563	34.698
18.74	18.73	0.174580	34.797
18.74	18.74	0.174597	34.897
18.74	18.74	0.174613	34.997
18.74	18.74	0.174630	35.097
18.74	18.74	0.174647	35.197
18.74	18.74	0.174663	35.297
18.74	18.75	0.174680	35.397
18.76	18.75	0.174697	35.497
18.76	18.75	0.174713	35.598
18.76	18.75	0.174730	35.697
18.76	18.75	0.174747	35.797
18.76	18.76	0.174763	35.897
18.76	18.76	0.174780	35.997
18.76	18.76	0.174797	36.097
18.76	18.76	0.174813	36.197
18.76	18.76	0.174830	36.297
18.76	18.76	0.174847	36.397
18.76	18.76	0.174863	36.498
18.76	18.76	0.174880	36.597
18.76	18.77	0.174897	36.697
18.79	18.77	0.174913	36.797
18.79	18.77	0.174930	36.897
18.79	18.77	0.174947	36.997
18.79	18.77	0.174963	37.097
18.79	18.77	0.174980	37.197
18.79	18.77	0.174997	37.297
18.79	18.77	0.175013	37.397
18.79	18.77	0.175030	37.497
18.79	18.77	0.175047	37.597
18.79	18.77	0.175063	37.697
18.79	18.77	0.175080	37.797
18.79	18.77	0.175097	37.897
18.79	18.77	0.175113	37.997
18.79	18.77	0.175130	38.098
18.79	18.77	0.175147	38.197
18.79	18.77	0.175163	38.297
18.79	18.77	0.175180	38.397
18.79	18.77	0.175197	38.497
18.79	18.77	0.175213	38.597
18.79	18.77	0.175230	38.697
18.79	18.77	0.175247	38.797
18.79	18.77	0.175263	38.897
18.79	18.77	0.175280	39.026
18.79	18.77	0.175297	39.121
18.79	18.77	0.175313	39.196
18.76	18.77	0.175330	39.325
18.76	18.77	0.175347	39.420
18.76	18.77	0.175363	39.524
18.76	18.77	0.175380	39.619
18.76	18.77	0.175396	39.718
18.76	18.77	0.175413	39.823
18.76	18.76	0.175430	39.918
18.76	18.76	0.175446	40.017
18.76	18.76	0.175463	40.122
18.76	18.76	0.175480	40.216
18.76	18.76	0.175496	40.316
18.76	18.76	0.175513	40.420
18.76	18.76	0.175530	40.515
18.76	18.76	0.175546	40.614
18.76	18.76	0.175563	40.720
18.76	18.75	0.175580	40.815
18.76	18.75	0.175596	40.914
18.76	18.75	0.175613	41.019
18.76	18.75	0.175630	41.113
18.76	18.75	0.175646	41.213
18.76	18.75	0.175663	41.317
18.76	18.75	0.175680	41.412
18.76	18.74	0.175696	41.511
18.76	18.74	0.175713	41.616
18.76	18.74	0.175730	41.711
18.76	18.74	0.175746	41.810
18.76	18.74	0.175763	41.915
18.76	18.74	0.175780	42.009
18.74	18.73	0.175796	42.110
18.74	18.73	0.175813	42.213
18.74	18.73	0.175830	42.308
18.74	18.73	0.175846	42.409
18.74	18.73	0.175863	42.513
18.74	18.73	0.175880	42.608
18.74	18.72	0.175896	42.708
18.74	18.72	0.175913	42.812
18.74	18.72	0.175930	42.906
18.74	18.72	0.175946	43.009
18.74	18.72	0.175963	43.110
18.74	18.72	0.175980	43.205
18.74	18.71	0.175996	43.309
18.74	18.71	0.176013	43.409
18.71	18.71	0.176030	43.504
18.71	18.71	0.176046	43.608
18.71	18.71	0.176063	43.708
18.71	18.71	0.176080	43.802
18.71	18.70	0.176096	43.907
18.71	18.70	0.176113	44.007
18.71	18.70	0.176130	44.101
18.71	18.70	0.176146	44.206
18.71	18.70	0.176163	44.305
18.71	18.70	0.176180	44.400
18.69	18.69	0.176196	44.504
18.69	18.69	0.176213	44.604
18.69	18.69	0.176229	44.699
18.69	18.69	0.176246	44.803
18.69	18.69	0.176263	44.898
18.69	18.69	0.176279	44.998
18.69	18.69	0.176296	45.103
18.69	18.68	0.176313	45.197
18.69	18.68	0.176329	45.297
18.69	18.68	0.176346	45.401
18.69	18.68	0.176363	45.497
18.69	18.68	0.176379	45.598
18.69	18.68	0.176396	45.700
18.69	18.68	0.176413	45.797
18.66	18.68	0.176429	45.897
18.66	18.68	0.176446	45.999
18.66	18.68	0.176463	46.097
18.66	18.67	0.176479	46.197
18.66	18.67	0.176496	46.298
18.66	18.67	0.176513	46.398
18.66	18.67	0.176529	46.499
18.66	18.67	0.176546	46.598
18.66	18.67	0.176563	46.698
18.66	18.67	0.176579	46.798
18.66	18.67	0.176596	46.898
18.66	18.67	0.176613	46.998
18.66	18.67	0.176629	47.098
18.66	18.67	0.176646	47.199
18.66	18.67	0.176663	47.298
18.66	18.67	0.176679	47.398
18.66	18.67	0.176696	47.498
18.66	18.67	0.176713	47.598
18.66	18.67	0.176729	47.698
18.66	18.67	0.176746	47.798
18.66	18.67	0.176763	47.898
18.66	18.67	0.176779	47.998
18.66	18.67	0.176796	48.099
18.66	18.67	0.176813	48.198
18.66	18.67	0.176829	48.298
18.66	18.67	0.176846	48.398
18.66	18.67	0.176863	48.498
18.69	18.67	0.176879	48.598
18.69	18.67	0.176896	48.698
18.69	18.67	0.176913	48.803
18.69	18.67	0.176929	48.898
18.69	18.68	0.176946	48.998
18.69	18.68	0.176963	49.098
18.69	18.68	0.176979	49.198
18.69	18.68	0.176996	49.299
18.69	18.68	0.177013	49.398
18.69	18.68	0.177029	49.498
18.69	18.68	0.177046	49.598
18.69	18.68	0.177062	49.698
18.69	18.68	0.177079	49.797
18.69	18.69	0.177096	49.898
18.66	18.69	0.177112	50.003
18.66	18.69	0.177129	50.098
18.66	18.69	0.177146	50.198
18.66	18.69	0.177162	50.298
18.66	18.70	0.177179	50.399
18.66	18.70	0.177196	50.498
18.66	18.70	0.177212	50.598
18.66	18.70	0.177229	50.698
18.69	18.70	0.177246	50.798
18.69	18.71	0.177262	50.903
18.69	18.71	0.177279	50.998
18.69	18.71	0.177296	51.098
18.69	18.71	0.177312	51.198
18.69	18.71	0.177329	51.299
18.69	18.72	0.177346	51.398
18.69	18.72	0.177362	51.498
18.71	18.72	0.177379	51.627
18.71	18.72	0.177396	51.722
18.71	18.73	0.177412	51.826
18.71	18.73	0.177429	51.926
18.71	18.73	0.177446	52.020
18.71	18.74	0.177462	52.125
18.71	18.74	0.177479	52.224
18.74	18.74	0.177496	52.319
18.74	18.74	0.177512	52.424
18.74	18.75	0.177529	52.523
18.74	18.75	0.177546	52.618
18.74	18.75	0.177562	52.722
18.74	18.76	0.177579	52.817
18.74	18.76	0.177596	52.916
18.74	18.76	0.177612	53.021
18.74	18.77	0.177629	53.116
18.76	18.77	0.177646	53.215
18.76	18.77	0.177662	53.321
18.76	18.78	0.177679	53.415
18.76	18.78	0.177696	53.514
18.76	18.78	0.177712	53.619
18.76	18.79	0.177729	53.714
18.76	18.79	0.177746	53.814
18.79	18.79	0.177762	53.918
18.79	18.80	0.177779	54.013
18.79	18.80	0.177796	54.112
18.79	18.80	0.177812	54.217
18.79	18.81	0.177829	54.311
18.79	18.81	0.177846	54.411
18.79	18.81	0.177862	54.515
18.82	18.82	0.177879	54.610
18.82	18.82	0.177895	54.710
18.82	18.82	0.177912	54.814
18.82	18.83	0.177929	54.909
18.82	18.83	0.177945	55.008
18.82	18.83	0.177962	55.113
18.82	18.84	0.177979	55.207
18.84	18.84	0.177995	55.307
18.84	18.85	0.178012	55.412
18.84	18.85	0.178029	55.506
18.84	18.85	0.178045	55.607
18.84	18.86	0.178062	55.710
18.84	18.86	0.178079	55.805
18.84	18.86	0.178095	55.906
18.84	18.87	0.178112	56.010
18.87	18.87	0.178129	56.104
18.87	18.87	0.178145	56.207
18.87	18.88	0.178162	56.309
18.87	18.88	0.178179	56.403
18.87	18.88	0.178195	56.507
18.87	18.89	0.178212	56.607
18.89	18.89	0.178229	56.702
18.89	18.89	0.178245	56.806
18.89	18.90	0.178262	56.906
18.89	18.90	0.178279	57.001
18.89	18.90	0.178295	57.105
18.89	18.90	0.178312	57.205
18.89	18.91	0.178329	57.299
18.89	18.91	0.178345	57.404
18.92	18.91	0.178362	57.503
18.92	18.92	0.178379	57.598
18.92	18.92	0.178395	57.702
18.92	18.92	0.178412	57.802
18.92	18.92	0.178429	57.899
18.92	18.93	0.178445	58.001
18.95	18.93	0.178462	58.102
18.95	18.93	0.178479	58.199
18.95	18.94	0.178495	58.301
18.95	18.94	0.178512	58.402
18.95	18.94	0.178529	58.499
18.95	18.94	0.178545	58.599
18.95	18.95	0.178562	58.702
18.95	18.95	0.178579	58.799
18.95	18.95	0.178595	58.899
18.95	18.95	0.178612	59.002
18.97	18.95	0.178629	59.099
18.97	18.96	0.178645	59.199
18.97	18.96	0.178662	59.301
18.97	18.96	0.178679	59.399
18.97	18.96	0.178695	59.500
18.97	18.96	0.178712	59.602
18.97	18.97	0.178728	59.699
18.97	18.97	0.178745	59.799
18.97	18.97	0.178762	59.902
18.97	18.97	0.178778	59.999
18.97	18.97	0.178795	00.099
18.97	18.97	0.178812	00.202
18.97	18.97	0.178828	00.299
19.00	18.98	0.178845	00.399
19.00	18.98	0.178862	00.502
19.00	18.98	0.178878	00.599
19.00	18.98	0.178895	00.699
19.00	18.98	0.178912	00.802
19.00	18.98	0.178928	00.899
19.00	18.98	0.178945	00.999
19.00	18.98	0.178962	01.102
19.00	18.98	0.178978	01.199
19.00	18.98	0.178995	01.299
19.00	18.98	0.179012	01.401
19.00	18.98	0.179028	01.499
19.00	18.99	0.179045	01.599
19.00	18.99	0.179062	01.702
19.00	18.99	0.179078	01.799
19.00	18.99	0.179095	01.899
19.00	18.99	0.179112	02.002
19.00	18.99	0.179128	02.099
19.00	18.99	0.179145	02.199
19.00	18.99	0.179162	02.301
19.00	18.99	0.179178	02.399
19.00	18.99	0.179195	02.499
19.00	18.99	0.179212	02.602
19.00	18.99	0.179228	02.699
19.00	18.99	0.179245	02.799
19.00	18.99	0.179262	02.902
19.00	18.98	0.179278	02.999
19.00	18.98	0.179295	03.099
19.00	18.98	0.179312	03.201
19.00	18.98	0.179328	03.299
19.00	18.98	0.179345	03.399
19.00	18.98	0.179362	03.501
19.00	18.98	0.179378	03.600
19.00	18.98	0.179395	03.699
19.00	18.98	0.179412	03.802
19.00	18.98	0.179428	03.898
18.97	18.98	0.179445	03.999
18.97	18.98	0.179462	04.101
18.97	18.98	0.179478	04.228
18.97	18.97	0.179495	04.322
18.97	18.97	0.179512	04.401
18.97	18.97	0.179528	04.526
18.97	18.97	0.179545	04.621
18.97	18.97	0.179561	04.726
18.97	18.97	0.179578	04.825
18.97	18.97	0.179595	04.920
18.97	18.97	0.179611	05.024
18.97	18.96	0.179628	05.124
18.97	18.96	0.179645	05.218
18.97	18.96	0.179661	05.323
18.97	18.96	0.179678	05.423
18.97	18.96	0.179695	05.517
18.97	18.96	0.179711	05.622
18.97	18.95	0.179728	05.721
18.97	18.95	0.179745	05.816
18.97	18.95	0.179761	05.920
18.97	18.95	0.179778	06.015
18.97	18.95	0.179795	06.115
18.97	18.95	0.179811	06.220
18.97	18.94	0.179828	06.315
18.97	18.94	0.179845	06.414
18.97	18.94	0.179861	06.519
18.97	18.94	0.179878	06.613
18.97	18.94	0.179895	06.713
18.97	18.94	0.179911	06.817
18.95	18.93	0.179928	06.912
18.95	18.93	0.179945	07.012
18.95	18.93	0.179961	07.116
18.95	18.93	0.179978	07.211
18.95	18.93	0.179995	07.310
18.95	18.93	0.180011	07.415
18.95	18.92	0.180028	07.509
18.92	18.92	0.180045	07.609
18.92	18.92	0.180061	07.713
18.92	18.92	0.180078	07.808
18.92	18.92	0.180095	07.908
18.92	18.92	0.180111	08.012
18.92	18.91	0.180128	08.107
18.92	18.91	0.180145	08.206
18.89	18.91	0.180161	08.312
18.89	18.91	0.180178	08.405
18.89	18.91	0.180195	08.505
18.89	18.91	0.180211	08.610
18.89	18.90	0.180228	08.705
18.89	18.90	0.180245	08.805
18.89	18.90	0.180261	08.909
18.89	18.90	0.180278	09.004
18.89	18.90	0.180295	09.105
18.89	18.90	0.180311	09.208
18.89	18.90	0.180328	09.302
18.89	18.90	0.180345	09.405
18.89	18.89	0.180361	09.507
18.89	18.89	0.180378	09.601
18.89	18.89	0.180394	09.705
18.89	18.89	0.180411	09.805
18.89	18.89	0.180428	09.900
18.89	18.89	0.180444	10.004
18.89	18.89	0.180461	10.104
18.87	18.89	0.180478	10.201
18.87	18.89	0.180494	10.303
18.87	18.89	0.180511	10.403
18.87	18.89	0.180528	10.500
18.87	18.88	0.180544	10.602
18.87	18.88	0.180561	10.701
18.87	18.88	0.180578	10.800
18.87	18.88	0.180594	10.900
18.89	18.88	0.180611	11.001
18.89	18.88	0.180628	11.101
18.89	18.88	0.180644	11.200
18.89	18.88	0.180661	11.301
18.89	18.88	0.180678	11.400
18.89	18.88	0.180694	11.500
18.89	18.88	0.180711	11.600
18.89	18.88	0.180728	11.700
18.89	18.88	0.180744	11.801
18.89	18.88	0.180761	11.900
18.89	18.88	0.180778	12.000
18.89	18.88	0.180794	12.100
18.89	18.88	0.180811	12.201
18.89	18.88	0.180828	12.300
18.89	18.88	0.180844	12.400
18.87	18.88	0.180861	12.500
18.87	18.89	0.180878	12.600
18.87	18.89	0.180894	12.701
18.87	18.89	0.180911	12.801
18.87	18.89	0.180928	12.900
18.87	18.89	0.180944	13.000
18.87	18.89	0.180961	13.100
18.87	18.89	0.180978	13.200
18.87	18.89	0.180994	13.300
18.87	18.89	0.181011	13.400
18.87	18.89	0.181028	13.501
18.87	18.90	0.181044	13.600
18.87	18.90	0.181061	13.700
18.89	18.90	0.181078	13.800
18.89	18.90	0.181094	13.900
18.89	18.90	0.181111	14.000
18.89	18.90	0.181128	14.100
18.89	18.90	0.181144	14.200
18.89	18.91	0.181161	14.300
18.89	18.91	0.181178	14.401
18.89	18.91	0.181194	14.500
18.89	18.91	0.181211	14.600
18.89	18.91	0.181227	14.700
18.89	18.92	0.181244	14.800
18.92	18.92	0.181261	14.900
18.92	18.92	0.181277	15.000
18.92	18.92	0.181294	15.100
18.92	18.93	0.181311	15.201
18.92	18.93	0.181327	15.300
18.92	18.93	0.181344	15.400
18.92	18.93	0.181361	15.500
18.92	18.94	0.181377	15.600
18.92	18.94	0.181394	15.700
18.92	18.94	0.181411	15.800
18.92	18.94	0.181427	15.900
18.95	18.95	0.181444	16.000
18.95	18.95	0.181461	16.100
18.95	18.95	0.181477	16.200
18.95	18.95	0.181494	16.300
18.95	18.96	0.181511	16.399
18.95	18.96	0.181527	16.499
18.95	18.96	0.181544	16.623
18.95	18.97	0.181561	16.700
18.95	18.97	0.181577	16.827
18.97	18.97	0.181594	16.922
18.97	18.98	0.181611	17.000
18.97	18.98	0.181627	17.126
18.97	18.98	0.181644	17.221
18.97	18.99	0.181661	17.324
18.97	18.99	0.181677	17.426
18.97	18.99	0.181694	17.520
18.97	19.00	0.181711	17.599
18.97	19.00	0.181727	17.724
19.00	19.00	0.181744	17.819
19.00	19.01	0.181761	17.924
19.00	19.01	0.181777	18.023
19.00	19.01	0.181794	18.118
19.00	19.02	0.181811	18.222
19.00	19.02	0.181827	18.322
19.02	19.02	0.181844	18.416
19.02	19.03	0.181861	18.521
19.02	19.03	0.181877	18.621
19.02	19.03	0.181894	18.715
19.02	19.04	0.181911	18.820
19.02	19.04	0.181927	18.919
19.02	19.04	0.181944	19.014
19.02	19.05	0.181961	19.118
19.05	19.05	0.181977	19.213
19.05	19.05	0.181994	19.312
19.05	19.06	0.182011	19.418
19.05	19.06	0.182027	19.512
19.05	19.07	0.182044	19.612
19.05	19.07	0.182060	19.717
19.08	19.07	0.182077	19.811
19.08	19.08	0.182094	19.911
19.08	19.08	0.182110	20.015
19.08	19.08	0.182127	20.110
19.08	19.09	0.182144	20.210
19.08	19.09	0.182160	20.314
19.08	19.09	0.182177	20.409
19.10	19.10	0.182194	20.508
19.10	19.10	0.182210	20.613
19.10	19.10	0.182227	20.707
19.10	19.11	0.182244	20.807
19.10	19.11	0.182260	20.911
19.10	19.11	0.182277	21.006
19.13	19.11	0.182294	21.106
19.13	19.12	0.182310	21.210
19.13	19.12	0.182327	21.305
19.13	19.12	0.182344	21.404
19.13	19.13	0.182360	21.509
19.13	19.13	0.182377	21.603
19.13	19.13	0.182394	21.703
19.13	19.14	0.182410	21.809
19.13	19.14	0.182427	21.903
19.13	19.14	0.182444	22.004
19.15	19.14	0.182460	22.107
19.15	19.15	0.182477	22.202
19.15	19.15	0.182494	22.303
19.15	19.15	0.182510	22.406
19.15	19.15	0.182527	22.501
19.15	19.16	0.182544	22.603
19.15	19.16	0.182560	22.705
19.15	19.16	0.182577	22.801
19.15	19.16	0.182594	22.903
19.15	19.17	0.182610	23.003
19.18	19.17	0.182627	23.101
19.18	19.17	0.182644	23.202
19.18	19.17	0.182660	23.302
19.18	19.17	0.182677	23.402
19.18	19.18	0.182694	23.501
19.18	19.18	0.182710	23.601
19.18	19.18	0.182727	23.701
19.18	19.18	0.182744	23.801
19.18	19.18	0.182760	23.901
19.21	19.18	0.182777	24.001
19.21	19.18	0.182794	24.101
19.21	19.19	0.182810	24.201
19.21	19.19	0.182827	24.302
19.21	19.19	0.182844	24.401
19.21	19.19	0.182860	24.501
19.21	19.19	0.182877	24.601
19.21	19.19	0.182893	24.701
19.21	19.19	0.182910	24.801
19.21	19.19	0.182927	24.901
19.21	19.20	0.182943	25.002
19.21	19.20	0.182960	25.101
19.21	19.20	0.182977	25.201
19.21	19.20	0.182993	25.301
19.21	19.20	0.183010	25.401
19.21	19.20	0.183027	25.501
19.21	19.20	0.183043	25.601
19.21	19.20	0.183060	25.701
19.21	19.20	0.183077	25.801
19.21	19.20	0.183093	25.901
19.21	19.20	0.183110	26.001
19.21	19.20	0.183127	26.101
19.21	19.20	0.183143	26.201
19.21	19.20	0.183160	26.301
19.21	19.20	0.183177	26.401
19.21	19.20	0.183193	26.501
19.21	19.20	0.183210	26.602
19.21	19.20	0.183227	26.701
19.21	19.20	0.183243	26.801
19.21	19.20	0.183260	26.901
19.21	19.20	0.183277	27.001
19.21	19.20	0.183293	27.101
19.21	19.20	0.183310	27.201
19.21	19.20	0.183327	27.301
19.18	19.20	0.183343	27.401
19.18	19.20	0.183360	27.502
19.18	19.19	0.183377	27.601
19.18	19.19	0.183393	27.701
19.18	19.19	0.183410	27.801
19.18	19.19	0.183427	27.901
19.18	19.19	0.183443	28.001
19.18	19.19	0.183460	28.101
19.18	19.19	0.183477	28.202
19.18	19.19	0.183493	28.301
19.21	19.19	0.183510	28.401
19.21	19.19	0.183527	28.501
19.21	19.18	0.183543	28.601
19.21	19.18	0.183560	28.701
19.21	19.18	0.183577	28.801
19.21	19.18	0.183593	28.925
19.21	19.18	0.183610	29.025
19.21	19.18	0.183627	29.129
19.21	19.18	0.183643	29.224
19.21	19.17	0.183660	29.324
19.21	19.17	0.183677	29.429
19.21	19.17	0.183693	29.523
19.18	19.17	0.183710	29.623
19.18	19.17	0.183726	29.728
19.18	19.17	0.183743	29.822
19.18	19.16	0.183760	29.923
19.18	19.16	0.183776	30.026
19.18	19.16	0.183793	30.121
19.15	19.16	0.183810	30.222
19.15	19.16	0.183826	30.325
19.15	19.16	0.183843	30.420
19.15	19.15	0.183860	30.522
19.15	19.15	0.183876	30.624
19.15	19.15	0.183893	30.718
19.15	19.15	0.183910	30.823
19.15	19.15	0.183926	30.922
19.15	19.15	0.183943	31.017
19.15	19.14	0.183960	31.121
19.15	19.14	0.183976	31.221
19.13	19.14	0.183993	31.316
19.13	19.14	0.184010	31.420
19.13	19.14	0.184026	31.520
19.13	19.14	0.184043	31.614
19.13	19.13	0.184060	31.719
19.13	19.13	0.184076	31.818
19.13	19.13	0.184093	31.913
19.13	19.13	0.184110	32.018
19.13	19.13	0.184126	32.113
19.13	19.13	0.184143	32.213
19.13	19.12	0.184160	32.317
19.13	19.12	0.184176	32.412
19.13	19.12	0.184193	32.511
19.13	19.12	0.184210	32.616
19.13	19.12	0.184226	32.710
19.13	19.12	0.184243	32.810
19.13	19.12	0.184260	32.915
19.13	19.11	0.184276	33.009
19.13	19.11	0.184293	33.109
19.13	19.11	0.184310	33.213
19.13	19.11	0.184326	33.308
19.13	19.11	0.184343	33.407
19.13	19.11	0.184360	33.512
19.13	19.11	0.184376	33.607
19.13	19.11	0.184393	33.706
19.10	19.10	0.184410	33.811
19.10	19.10	0.184426	33.905
19.10	19.10	0.184443	34.005
19.10	19.10	0.184460	34.109
19.10	19.10	0.184476	34.204
19.10	19.10	0.184493	34.303
19.10	19.10	0.184510	34.409
19.10	19.10	0.184526	34.504
19.10	19.10	0.184543	34.603
19.10	19.10	0.184559	34.708
19.10	19.10	0.184576	34.802
19.08	19.10	0.184593	34.902
19.08	19.10	0.184609	35.006
19.08	19.10	0.184626	35.101
19.08	19.10	0.184643	35.202
19.08	19.10	0.184659	35.305
19.08	19.10	0.184676	35.401
19.08	19.10	0.184693	35.501
19.08	19.10	0.184709	35.604
19.08	19.10	0.184726	35.701
19.08	19.10	0.184743	35.802
19.08	19.10	0.184759	35.902
19.10	19.10	0.184776	36.000
19.10	19.10	0.184793	36.102
19.10	19.10	0.184809	36.201
19.10	19.10	0.184826	36.301
19.10	19.10	0.184843	36.401
19.10	19.10	0.184859	36.501
19.10	19.10	0.184876	36.601
19.10	19.10	0.184893	36.701
19.10	19.10	0.184909	36.802
19.10	19.10	0.184926	36.902
19.10	19.10	0.184943	37.003
19.10	19.10	0.184959	37.102
19.10	19.10	0.184976	37.202
19.10	19.10	0.184993	37.302
19.10	19.11	0.185009	37.402
19.10	19.11	0.185026	37.502
19.10	19.11	0.185043	37.602
19.10	19.11	0.185059	37.703
19.10	19.11	0.185076	37.802
19.10	19.11	0.185093	37.902
19.10	19.11	0.185109	38.002
19.10	19.12	0.185126	38.102
19.10	19.12	0.185143	38.202
19.10	19.12	0.185159	38.302
19.10	19.12	0.185176	38.402
19.10	19.12	0.185193	38.502
19.10	19.13	0.185209	38.603
19.10	19.13	0.185226	38.702
19.10	19.13	0.185243	38.802
19.13	19.13	0.185259	38.902
19.13	19.13	0.185276	39.002
19.13	19.14	0.185293	39.102
19.13	19.14	0.185309	39.202
19.13	19.14	0.185326	39.302
19.13	19.14	0.185343	39.402
19.13	19.15	0.185359	39.503
19.13	19.15	0.185376	39.602
19.13	19.15	0.185392	39.702
19.15	19.15	0.185409	39.802
19.15	19.16	0.185426	39.902
19.15	19.16	0.185442	40.002
19.15	19.16	0.185459	40.102
19.15	19.17	0.185476	40.203
19.15	19.17	0.185492	40.302
19.15	19.17	0.185509	40.402
19.15	19.17	0.185526	40.502
19.15	19.18	0.185542	40.602
19.18	19.18	0.185559	40.702
19.18	19.18	0.185576	40.802
19.18	19.19	0.185592	40.902
19.18	19.19	0.185609	41.002
19.18	19.19	0.185626	41.103
19.18	19.20	0.185642	41.202
19.18	19.20	0.185659	41.302
19.18	19.20	0.185676	41.431
19.21	19.21	0.185692	41.526
19.21	19.21	0.185709	41.625
19.21	19.21	0.185726	41.730
19.21	19.22	0.185742	41.824
19.21	19.22	0.185759	41.924
19.21	19.22	0.185776	42.029
19.23	19.23	0.185792	42.123
19.23	19.23	0.185809	42.223
19.23	19.23	0.185826	42.327
19.23	19.24	0.185842	42.423
19.23	19.24	0.185859	42.521
19.23	19.24	0.185876	42.626
19.23	19.25	0.185892	42.721
19.23	19.25	0.185909	42.821
19.26	19.25	0.185926	42.926
19.26	19.26	0.185942	43.020
19.26	19.26	0.185959	43.121
19.26	19.26	0.185976	43.224
19.26	19.27	0.185992	43.319
19.26	19.27	0.186009	43.420
19.26	19.28	0.186026	43.523
19.26	19.28	0.186042	43.618
19.28	19.28	0.186059	43.721
19.28	19.29	0.186076	43.822
19.28	19.29	0.186092	43.916
19.28	19.29	0.186109	44.021
19.28	19.30	0.186126	44.120
19.28	19.30	0.186142	44.215
19.28	19.30	0.186159	44.319
19.31	19.31	0.186176	44.419
19.31	19.31	0.186192	44.514
19.31	19.31	0.186209	44.618
19.31	19.32	0.186225	44.718
19.31	19.32	0.186242	44.812
19.31	19.32	0.186259	44.917
19.31	19.33	0.186275	45.016
19.34	19.33	0.186292	45.112
19.34	19.33	0.186309	45.217
19.34	19.33	0.186325	45.311
19.34	19.34	0.186342	45.411
19.34	19.34	0.186359	45.515
19.34	19.34	0.186375	45.610
19.34	19.35	0.186392	45.709
19.36	19.35	0.186409	45.814
19.36	19.35	0.186425	45.908
19.36	19.35	0.186442	46.008
19.36	19.36	0.186459	46.113
19.36	19.36	0.186475	46.207
19.36	19.36	0.186492	46.307
19.36	19.36	0.186509	46.411
19.36	19.37	0.186525	46.506
19.36	19.37	0.186542	46.605
19.36	19.37	0.186559	46.710
19.36	19.37	0.186575	46.805
19.36	19.38	0.186592	46.904
19.39	19.38	0.186609	47.010
19.39	19.38	0.186625	47.103
19.39	19.38	0.186642	47.204
19.39	19.38	0.186659	47.308
19.39	19.39	0.186675	47.404
19.39	19.39	0.186692	47.504
19.39	19.39	0.186709	47.607
19.39	19.39	0.186725	47.704
19.39	19.39	0.186742	47.804
19.39	19.40	0.186759	47.906
19.41	19.40	0.186775	48.004
19.41	19.40	0.186792	48.104
19.41	19.40	0.186809	48.204
19.41	19.40	0.186825	48.304
19.41	19.40	0.186842	48.405
19.41	19.40	0.186859	48.504
19.41	19.40	0.186875	48.604
19.41	19.41	0.186892	48.704
19.41	19.41	0.186909	48.804
19.41	19.41	0.186925	48.904
19.41	19.41	0.186942	49.004
19.41	19.41	0.186959	49.104
19.41	19.41	0.186975	49.204
19.41	19.41	0.186992	49.305
19.41	19.41	0.187009	49.404
19.44	19.41	0.187025	49.504
19.44	19.41	0.187042	49.604
19.44	19.41	0.187058	49.704
19.44	19.41	0.187075	49.804
19.44	19.41	0.187092	49.904
19.44	19.41	0.187108	50.005
19.44	19.41	0.187125	50.104
19.44	19.41	0.187142	50.204
19.44	19.41	0.187158	50.304
19.44	19.41	0.187175	50.404
19.44	19.41	0.187192	50.504
19.44	19.41	0.187208	50.604
19.41	19.41	0.187225	50.704
19.41	19.41	0.187242	50.804
19.41	19.41	0.187258	50.905
19.41	19.41	0.187275	51.004
19.41	19.41	0.187292	51.104
19.41	19.41	0.187308	51.204
19.41	19.41	0.187325	51.304
19.41	19.41	0.187342	51.404
19.41	19.41	0.187358	51.504
19.41	19.41	0.187375	51.604
19.41	19.41	0.187392	51.704
19.41	19.41	0.187408	51.805
19.41	19.40	0.187425	51.904
19.41	19.40	0.187442	52.004
19.41	19.40	0.187458	52.104
19.41	19.40	0.187475	52.204
19.41	19.40	0.187492	52.304
19.41	19.40	0.187508	52.404
19.41	19.40	0.187525	52.504
19.41	19.40	0.187542	52.605
19.41	19.40	0.187558	52.704
19.41	19.39	0.187575	52.804
19.41	19.39	0.187592	52.904
19.41	19.39	0.187608	53.004
19.41	19.39	0.187625	53.104
19.41	19.39	0.187642	53.204
19.41	19.39	0.187658	53.304
19.41	19.39	0.187675	53.403
19.41	19.38	0.187692	53.504
19.39	19.38	0.187708	53.603
19.39	19.38	0.187725	53.733
19.39	19.38	0.187742	53.827
19.39	19.38	0.187758	53.927
19.39	19.38	0.187775	54.031
19.39	19.37	0.187792	54.127
19.39	19.37	0.187808	54.226
19.39	19.37	0.187825	54.331
19.39	19.37	0.187842	54.426
19.39	19.37	0.187858	54.525
19.39	19.37	0.187875	54.630
19.36	19.36	0.187891	54.724
19.36	19.36	0.187908	54.824
19.36	19.36	0.187925	54.928
19.36	19.36	0.187941	55.023
19.36	19.36	0.187958	55.123
19.36	19.36	0.187975	55.227
19.36	19.35	0.187991	55.322
19.36	19.35	0.188008	55.421
19.36	19.35	0.188025	55.526
19.36	19.35	0.188041	55.620
19.36	19.35	0.188058	55.720
19.36	19.35	0.188075	55.824
19.34	19.34	0.188091	55.919
19.34	19.34	0.188108	56.020
19.34	19.34	0.188125	56.123
19.34	19.34	0.188141	56.218
19.34	19.34	0.188158	56.319
19.34	19.34	0.188175	56.422
19.34	19.33	0.188191	56.517
19.34	19.33	0.188208	56.620
19.34	19.33	0.188225	56.721
19.34	19.33	0.188241	56.816
19.34	19.33	0.188258	56.920
19.34	19.33	0.188275	57.020
19.34	19.33	0.188291	57.115
19.34	19.32	0.188308	57.219
19.34	19.32	0.188325	57.319
19.31	19.32	0.188341	57.413
19.31	19.32	0.188358	57.518
19.31	19.32	0.188375	57.618
19.31	19.32	0.188391	57.712
19.31	19.32	0.188408	57.817
19.31	19.32	0.188425	57.916
19.31	19.32	0.188441	58.011
19.31	19.32	0.188458	58.115
19.31	19.31	0.188475	58.215
19.31	19.31	0.188491	58.310
19.31	19.31	0.188508	58.414
19.31	19.31	0.188525	58.509
19.31	19.31	0.188541	58.608
19.31	19.31	0.188558	58.714
19.31	19.31	0.188575	58.807
19.31	19.31	0.188591	58.907
19.31	19.31	0.188608	59.012
19.31	19.31	0.188625	59.107
19.31	19.31	0.188641	59.207
19.31	19.31	0.188658	59.311
19.31	19.31	0.188675	59.406
19.28	19.31	0.188691	59.505
19.28	19.31	0.188708	59.610
19.28	19.31	0.188724	59.704
19.28	19.31	0.188741	59.804
19.28	19.31	0.188758	59.908
19.28	19.31	0.188774	00.004
19.31	19.31	0.188791	00.104
19.31	19.31	0.188808	00.207
19.31	19.31	0.188824	00.304
19.31	19.31	0.188841	00.404
19.31	19.31	0.188858	00.506
19.31	19.31	0.188874	00.604
19.31	19.31	0.188891	00.704
19.31	19.31	0.188908	00.805
19.31	19.31	0.188924	00.904
19.31	19.32	0.188941	01.004
19.31	19.32	0.188958	01.104
19.31	19.32	0.188974	01.204
19.31	19.32	0.188991	01.304
19.31	19.32	0.189008	01.404
19.31	19.32	0.189024	01.505
19.31	19.32	0.189041	01.604
19.31	19.32	0.189058	01.704
19.31	19.32	0.189074	01.804
19.31	19.33	0.189091	01.904
19.34	19.33	0.189108	02.004
19.34	19.33	0.189124	02.104
19.34	19.33	0.189141	02.204
19.34	19.33	0.189158	02.304
19.34	19.34	0.189174	02.405
19.34	19.34	0.189191	02.504
19.34	19.34	0.189208	02.604
19.34	19.34	0.189224	02.704
19.34	19.34	0.189241	02.804
19.34	19.35	0.189258	02.904
19.34	19.35	0.189274	03.004
19.34	19.35	0.189291	03.104
19.34	19.35	0.189308	03.204
19.34	19.35	0.189324	03.305
19.34	19.36	0.189341	03.404
19.34	19.36	0.189358	03.504
19.34	19.36	0.189374	03.604
19.34	19.36	0.189391	03.704
19.34	19.37	0.189408	03.804
19.34	19.37	0.189424	03.904
19.34	19.37	0.189441	04.005
19.34	19.38	0.189458	04.104
19.36	19.38	0.189474	04.204
19.36	19.38	0.189491	04.304
19.36	19.38	0.189508	04.404
19.36	19.39	0.189524	04.504
19.36	19.39	0.189541	04.604
19.36	19.39	0.189557	04.704
19.36	19.40	0.189574	04.804
19.36	19.40	0.189591	04.905
19.39	19.40	0.189607	05.004
19.39	19.41	0.189624	05.104
19.39	19.41	0.189641	05.204
19.39	19.41	0.189657	05.304
19.39	19.42	0.189674	05.404
19.39	19.42	0.189691	05.504
19.41	19.42	0.189707	05.604
19.41	19.43	0.189724	05.704
19.41	19.43	0.189741	05.804
19.41	19.43	0.189757	05.904
19.41	19.44	0.189774	06.004
19.44	19.44	0.189791	06.104
19.44	19.44	0.189807	06.204
19.44	19.45	0.189824	06.333
19.44	19.45	0.189841	06.428
19.47	19.45	0.189857	06.527
19.47	19.46	0.189874	06.632
19.47	19.46	0.189891	06.727
19.47	19.46	0.189907	06.826
19.47	19.47	0.189924	06.931
19.47	19.47	0.189941	07.025
19.47	19.47	0.189957	07.125
19.49	19.48	0.189974	07.230
19.49	19.48	0.189991	07.325
19.49	19.49	0.190007	07.424
19.49	19.49	0.190024	07.529
19.49	19.49	0.190041	07.624
19.49	19.50	0.190057	07.723
19.49	19.50	0.190074	07.828
19.49	19.50	0.190091	07.922
19.49	19.51	0.190107	08.022
19.49	19.51	0.190124	08.126
19.52	19.51	0.190141	08.221
19.52	19.52	0.190157	08.321
19.52	19.52	0.190174	08.425
19.52	19.52	0.190191	08.520
19.52	19.53	0.190207	08.619
19.52	19.53	0.190224	08.724
19.52	19.53	0.190241	08.818
19.54	19.54	0.190257	08.918
19.54	19.54	0.190274	09.022
19.54	19.54	0.190291	09.117
19.54	19.54	0.190307	09.218
19.54	19.55	0.190324	09.321
19.54	19.55	0.190341	09.417
19.54	19.55	0.190357	09.518
19.54	19.56	0.190374	09.621
19.57	19.56	0.190390	09.715
19.57	19.56	0.190407	09.818
19.57	19.56	0.190424	09.919
19.57	19.57	0.190440	10.014
19.57	19.57	0.190457	10.118
19.57	19.57	0.190474	10.218
19.57	19.58	0.190490	10.312
19.57	19.58	0.190507	10.417
19.60	19.58	0.190524	10.517
19.60	19.58	0.190540	10.612
19.60	19.59	0.190557	10.716
19.60	19.59	0.190574	10.816
19.60	19.59	0.190590	10.911
19.60	19.59	0.190607	11.015
19.60	19.59	0.190624	11.115
19.60	19.60	0.190640	11.209
19.60	19.60	0.190657	11.314
19.60	19.60	0.190674	11.413
19.60	19.60	0.190690	11.508
19.60	19.60	0.190707	11.613
19.62	19.61	0.190724	11.707
19.62	19.61	0.190740	11.807
19.62	19.61	0.190757	11.911
19.62	19.61	0.190774	12.006
19.62	19.61	0.190790	12.105
19.62	19.61	0.190807	12.210
19.62	19.61	0.190824	12.306
19.62	19.62	0.190840	12.406
19.62	19.62	0.190857	12.509
19.62	19.62	0.190874	12.606
19.62	19.62	0.190890	12.706
19.62	19.62	0.190907	12.807
19.62	19.62	0.190924	12.906
19.65	19.62	0.190940	13.006
19.65	19.62	0.190957	13.107
19.65	19.62	0.190974	13.207
19.65	19.62	0.190990	13.306
19.65	19.62	0.191007	13.406
19.65	19.62	0.191024	13.506
19.65	19.63	0.191040	13.606
19.65	19.63	0.191057	13.706
19.65	19.63	0.191074	13.806
19.65	19.63	0.191090	13.906
19.65	19.63	0.191107	14.006
19.65	19.63	0.191124	14.107
19.65	19.63	0.191140	14.206
19.65	19.63	0.191157	14.306
19.62	19.63	0.191174	14.406
19.62	19.63	0.191190	14.506
19.62	19.63	0.191207	14.606
19.62	19.63	0.191223	14.706
19.62	19.63	0.191240	14.806
19.62	19.63	0.191257	14.906
19.62	19.62	0.191273	15.006
19.62	19.62	0.191290	15.106
19.62	19.62	0.191307	15.206
19.62	19.62	0.191323	15.306
19.62	19.62	0.191340	15.406
19.62	19.62	0.191357	15.506
19.62	19.62	0.191373	15.607
19.62	19.62	0.191390	15.706
19.62	19.62	0.191407	15.806
19.62	19.62	0.191423	15.906
19.62	19.62	0.191440	16.006
19.62	19.62	0.191457	16.106
19.62	19.62	0.191473	16.206
19.62	19.61	0.191490	16.306
19.62	19.61	0.191507	16.406
19.62	19.61	0.191523	16.507
19.62	19.61	0.191540	16.606
19.65	19.61	0.191557	16.706
19.65	19.61	0.191573	16.806
19.65	19.61	0.191590	16.906
19.65	19.61	0.191607	17.006
19.62	19.60	0.191623	17.106
19.62	19.60	0.191640	17.206
19.62	19.60	0.191657	17.306
19.62	19.60	0.191673	17.407
19.62	19.60	0.191690	17.506
19.62	19.60	0.191707	17.606
19.62	19.59	0.191723	17.706
19.62	19.59	0.191740	17.806
19.62	19.59	0.191757	17.906
19.62	19.59	0.191773	18.006
19.62	19.59	0.191790	18.107
19.60	19.59	0.191807	18.206
19.60	19.58	0.191823	18.306
19.60	19.58	0.191840	18.406
19.60	19.58	0.191857	18.506
19.60	19.58	0.191873	18.635
19.57	19.58	0.191890	18.735
19.57	19.58	0.191907	18.829
19.57	19.57	0.191923	18.934
19.57	19.57	0.191940	19.033
19.57	19.57	0.191957	19.128
19.57	19.57	0.191973	19.233
19.57	19.57	0.191990	19.332
19.54	19.57	0.192007	19.427
19.54	19.56	0.192023	19.531
19.54	19.56	0.192040	19.626
19.54	19.56	0.192056	19.725
19.54	19.56	0.192073	19.830
19.54	19.56	0.192090	19.925
19.54	19.56	0.192106	20.024
19.54	19.55	0.192123	20.130
19.54	19.55	0.192140	20.224
19.54	19.55	0.192156	20.324
19.54	19.55	0.192173	20.428
19.54	19.55	0.192190	20.523
19.54	19.55	0.192206	20.622
19.54	19.54	0.192223	20.727
19.54	19.54	0.192240	20.822
19.54	19.54	0.192256	20.921
19.54	19.54	0.192273	21.026
19.54	19.54	0.192290	21.120
19.54	19.54	0.192306	21.220
19.54	19.54	0.192323	21.324
19.54	19.54	0.192340	21.419
19.54	19.53	0.192356	21.519
19.54	19.53	0.192373	21.623
19.54	19.53	0.192390	21.718
19.54	19.53	0.192406	21.817
19.54	19.53	0.192423	21.922
19.54	19.53	0.192440	22.016
19.54	19.53	0.192456	22.117
19.54	19.53	0.192473	22.221
19.54	19.53	0.192490	22.316
19.54	19.53	0.192506	22.417
19.54	19.53	0.192523	22.520
19.54	19.52	0.192540	22.615
19.54	19.52	0.192556	22.716
19.54	19.52	0.192573	22.819
19.54	19.52	0.192590	22.913
19.54	19.52	0.192606	23.016
19.54	19.52	0.192623	23.118
19.54	19.52	0.192640	23.212
19.54	19.52	0.192656	23.317
19.54	19.52	0.192673	23.416
19.52	19.52	0.192690	23.511
19.52	19.52	0.192706	23.615
19.52	19.52	0.192723	23.715
19.52	19.52	0.192740	23.809
19.52	19.52	0.192756	23.914
19.52	19.52	0.192773	24.014
19.52	19.52	0.192790	24.108
19.52	19.52	0.192806	24.213
19.52	19.52	0.192823	24.312
19.52	19.52	0.192840	24.407
19.52	19.52	0.192856	24.511
19.49	19.53	0.192873	24.612
19.49	19.53	0.192889	24.708
19.49	19.53	0.192906	24.811
19.49	19.53	0.192923	24.907
19.49	19.53	0.192939	25.007
19.49	19.53	0.192956	25.110
19.49	19.53	0.192973	25.211
19.49	19.53	0.192989	25.307
19.49	19.53	0.193006	25.408
19.52	19.53	0.193023	25.511
19.52	19.54	0.193039	25.608
19.52	19.54	0.193056	25.707
19.52	19.54	0.193073	25.807
19.52	19.54	0.193089	25.907
19.52	19.54	0.193106	26.007
19.52	19.54	0.193123	26.111
19.52	19.54	0.193139	26.207
19.54	19.55	0.193156	26.307
19.54	19.55	0.193173	26.411
19.54	19.55	0.193189	26.508
19.54	19.55	0.193206	26.607
19.54	19.55	0.193223	26.712
19.54	19.56	0.193239	26.807
19.54	19.56	0.193256	26.907
19.57	19.56	0.193273	27.011
19.57	19.56	0.193289	27.107
19.57	19.57	0.193306	27.208
19.57	19.57	0.193323	27.311
19.57	19.57	0.193339	27.407
19.57	19.57	0.193356	27.507
19.57	19.58	0.193373	27.611
19.57	19.58	0.193389	27.707
19.57	19.58	0.193406	27.807
19.57	19.58	0.193423	27.911
19.60	19.59	0.193439	28.007
19.60	19.59	0.193456	28.107
19.60	19.59	0.193473	28.212
19.60	19.59	0.193489	28.307
19.60	19.60	0.193506	28.407
19.60	19.60	0.193523	28.511
19.60	19.60	0.193539	28.607
19.60	19.61	0.193556	28.707
19.60	19.61	0.193573	28.811
19.60	19.61	0.193589	28.908
19.60	19.62	0.193606	29.007
19.60	19.62	0.193623	29.111
19.60	19.62	0.193639	29.207
19.60	19.63	0.193656	29.307
19.60	19.63	0.193673	29.411
19.60	19.63	0.193689	29.507
19.62	19.64	0.193706	29.607
19.62	19.64	0.193722	29.711
19.62	19.64	0.193739	29.808
19.62	19.65	0.193756	29.907
19.62	19.65	0.193772	30.011
19.62	19.65	0.193789	30.107
19.65	19.66	0.193806	30.207
19.65	19.66	0.193822	30.311
19.65	19.66	0.193839	30.407
19.65	19.67	0.193856	30.508
19.65	19.67	0.193872	30.611
19.65	19.67	0.193889	30.707
19.67	19.68	0.193906	30.807
19.67	19.68	0.193922	30.911
19.67	19.68	0.193939	31.036
19.67	19.69	0.193956	31.131
19.67	19.69	0.193972	31.210
19.70	19.69	0.193989	31.335
19.70	19.70	0.194006	31.429
19.70	19.70	0.194022	31.534
19.70	19.71	0.194039	31.635
19.70	19.71	0.194056	31.728
19.70	19.71	0.194072	31.834
19.70	19.72	0.194089	31.933
19.73	19.72	0.194106	32.028
19.73	19.72	0.194122	32.132
19.73	19.73	0.194139	32.232
19.73	19.73	0.194156	32.327
19.73	19.73	0.194172	32.431
19.73	19.74	0.194189	32.526
19.73	19.74	0.194206	32.625
19.73	19.74	0.194222	32.730
19.75	19.75	0.194239	32.824
19.75	19.75	0.194256	32.924
19.75	19.75	0.194272	33.028
19.75	19.75	0.194289	33.123
19.75	19.76	0.194306	33.223
19.75	19.76	0.194322	33.327
19.75	19.76	0.194339	33.422
19.75	19.77	0.194356	33.521
19.75	19.77	0.194372	33.626
19.75	19.77	0.194389	33.720
19.78	19.78	0.194406	33.820
19.78	19.78	0.194422	33.925
19.78	19.78	0.194439	34.019
19.78	19.78	0.194456	34.120
19.78	19.79	0.194472	34.224
19.78	19.79	0.194489	34.319
19.78	19.79	0.194506	34.418
19.78	19.79	0.194522	34.523
19.80	19.80	0.194539	34.617
19.80	19.80	0.194555	34.717
19.80	19.80	0.194572	34.822
19.80	19.80	0.194589	34.916
19.80	19.81	0.194605	35.016
19.80	19.81	0.194622	35.120
19.80	19.81	0.194639	35.215
19.80	19.81	0.194655	35.314
19.80	19.81	0.194672	35.419
19.83	19.82	0.194689	35.514
19.83	19.82	0.194705	35.615
19.83	19.82	0.194722	35.718
19.83	19.82	0.194739	35.812
19.83	19.82	0.194755	35.915
19.83	19.82	0.194772	36.016
19.83	19.82	0.194789	36.111
19.86	19.83	0.194805	36.214
19.86	19.83	0.194822	36.316
19.86	19.83	0.194839	36.411
19.86	19.83	0.194855	36.515
19.86	19.83	0.194872	36.615
19.86	19.83	0.194889	36.709
19.86	19.83	0.194905	36.814
19.86	19.83	0.194922	36.913
19.86	19.84	0.194939	37.008
19.86	19.84	0.194955	37.113
19.86	19.84	0.194972	37.212
19.86	19.84	0.194989	37.307
19.86	19.84	0.195005	37.411
19.86	19.84	0.195022	37.511
19.86	19.84	0.195039	37.607
19.86	19.84	0.195055	37.710
19.86	19.84	0.195072	37.810
19.83	19.84	0.195089	37.907
19.83	19.84	0.195105	38.009
19.83	19.84	0.195122	38.110
19.83	19.84	0.195139	38.207
19.83	19.84	0.195155	38.307
19.83	19.84	0.195172	38.410
19.83	19.84	0.195189	38.507
19.83	19.84	0.195205	38.607
19.83	19.84	0.195222	38.709
19.83	19.84	0.195239	38.807
19.83	19.84	0.195255	38.908
19.83	19.84	0.195272	39.010
19.83	19.84	0.195289	39.107
19.83	19.84	0.195305	39.207
19.83	19.84	0.195322	39.310
19.86	19.84	0.195339	39.407
19.86	19.84	0.195355	39.507
19.86	19.83	0.195372	39.610
19.86	19.83	0.195388	39.707
19.86	19.83	0.195405	39.807
19.86	19.83	0.195422	39.910
19.86	19.83	0.195438	40.007
19.86	19.83	0.195455	40.107
19.86	19.83	0.195472	40.210
19.86	19.83	0.195488	40.307
19.86	19.83	0.195505	40.407
19.86	19.83	0.195522	40.510
19.83	19.82	0.195538	40.607
19.83	19.82	0.195555	40.707
19.83	19.82	0.195572	40.809
19.83	19.82	0.195588	40.907
19.83	19.82	0.195605	41.007
19.83	19.82	0.195622	41.110
19.83	19.82	0.195638	41.207
19.83	19.81	0.195655	41.307
19.83	19.81	0.195672	41.410
19.80	19.81	0.195688	41.507
19.80	19.81	0.195705	41.607
19.80	19.81	0.195722	41.709
19.80	19.81	0.195738	41.807
19.80	19.80	0.195755	41.907
19.80	19.80	0.195772	42.010
19.80	19.80	0.195788	42.108
19.80	19.80	0.195805	42.207
19.80	19.80	0.195822	42.310
19.80	19.80	0.195838	42.407
19.80	19.79	0.195855	42.507
19.80	19.79	0.195872	42.609
19.80	19.79	0.195888	42.707
19.80	19.79	0.195905	42.807
19.80	19.79	0.195922	42.910
19.80	19.79	0.195938	43.008
19.80	19.78	0.195955	43.107
19.80	19.78	0.195972	43.210
19.80	19.78	0.195988	43.307
19.80	19.78	0.196005	43.407
19.78	19.78	0.196022	43.509
19.78	19.78	0.196038	43.607
19.78	19.77	0.196055	43.731
19.78	19.77	0.196072	43.809
19.78	19.77	0.196088	43.906
19.78	19.77	0.196105	44.030
19.78	19.77	0.196122	44.109
19.78	19.77	0.196138	44.234
19.78	19.76	0.196155	44.330
19.78	19.76	0.196172	44.434
19.78	19.76	0.196188	44.534
19.78	19.76	0.196205	44.628
19.78	19.76	0.196221	44.733
19.75	19.76	0.196238	44.833
19.75	19.76	0.196255	44.927
19.75	19.75	0.196271	45.032
19.75	19.75	0.196288	45.131
19.75	19.75	0.196305	45.226
19.75	19.75	0.196321	45.330
19.75	19.75	0.196338	45.430
19.75	19.75	0.196355	45.525
19.75	19.75	0.196371	45.629
19.75	19.75	0.196388	45.724
19.73	19.74	0.196405	45.823
19.73	19.74	0.196421	45.928
19.73	19.74	0.196438	46.022
19.73	19.74	0.196455	46.122
19.73	19.74	0.196471	46.226
19.73	19.74	0.196488	46.321
19.73	19.74	0.196505	46.421
19.73	19.74	0.196521	46.525
19.73	19.74	0.196538	46.620
19.73	19.74	0.196555	46.719
19.73	19.74	0.196571	46.824
19.73	19.74	0.196588	46.918
19.73	19.74	0.196605	47.019
19.73	19.74	0.196621	47.123
19.73	19.74	0.196638	47.218
19.73	19.74	0.196655	47.318
19.73	19.74	0.196671	47.422
19.73	19.74	0.196688	47.517
19.73	19.74	0.196705	47.616
19.73	19.74	0.196721	47.721
19.73	19.74	0.196738	47.815
19.73	19.74	0.196755	47.915
19.73	19.74	0.196771	48.020
19.73	19.74	0.196788	48.114
19.73	19.74	0.196805	48.214
19.73	19.74	0.196821	48.318
19.73	19.74	0.196838	48.413
19.73	19.74	0.196855	48.513
19.73	19.74	0.196871	48.617
19.73	19.74	0.196888	48.711
19.73	19.74	0.196905	48.813
19.73	19.74	0.196921	48.916
19.73	19.74	0.196938	49.010
19.73	19.74	0.196955	49.113
19.75	19.74	0.196971	49.215
19.75	19.74	0.196988	49.310
19.75	19.75	0.197005	49.413
19.75	19.75	0.197021	49.514
19.75	19.75	0.197038	49.609
19.75	19.75	0.197054	49.713
19.75	19.75	0.197071	49.813
19.75	19.75	0.197088	49.907
19.75	19.75	0.197104	50.012
19.75	19.76	0.197121	50.111
19.75	19.76	0.197138	50.207
19.75	19.76	0.197154	50.310
19.75	19.76	0.197171	50.410
19.75	19.76	0.197188	50.508
19.75	19.77	0.197204	50.609
19.75	19.77	0.197221	50.709
19.75	19.77	0.197238	50.807
19.78	19.77	0.197254	50.908
19.78	19.77	0.197271	51.008
19.78	19.78	0.197288	51.107
19.78	19.78	0.197304	51.208
19.78	19.78	0.197321	51.308
19.78	19.78	0.197338	51.407
19.78	19.79	0.197354	51.507
19.78	19.79	0.197371	51.609
19.78	19.79	0.197388	51.707
19.78	19.79	0.197404	51.807
19.78	19.80	0.197421	51.908
19.78	19.80	0.197438	52.007
19.78	19.80	0.197454	52.108
19.80	19.81	0.197471	52.208
19.80	19.81	0.197488	52.307
19.80	19.81	0.197504	52.407
19.80	19.81	0.197521	52.508
19.80	19.82	0.197538	52.607
19.80	19.82	0.197554	52.707
19.80	19.82	0.197571	52.808
19.80	19.83	0.197588	52.907
19.80	19.83	0.197604	53.008
19.80	19.83	0.197621	53.108
19.83	19.84	0.197638	53.207
19.83	19.84	0.197654	53.307
19.83	19.84	0.197671	53.408
19.83	19.85	0.197688	53.507
19.83	19.85	0.197704	53.607
19.83	19.85	0.197721	53.708
19.86	19.86	0.197738	53.807
19.86	19.86	0.197754	53.907
19.86	19.86	0.197771	54.008
19.86	19.87	0.197788	54.107
19.86	19.87	0.197804	54.207
19.86	19.87	0.197821	54.308
19.86	19.88	0.197838	54.407
19.88	19.88	0.197854	54.507
19.88	19.88	0.197871	54.608
19.88	19.89	0.197887	54.707
19.88	19.89	0.197904	54.807
19.88	19.89	0.197921	54.908
19.88	19.90	0.197937	55.007
19.88	19.90	0.197954	55.107
19.91	19.90	0.197971	55.208
19.91	19.91	0.197987	55.308
19.91	19.91	0.198004	55.407
19.91	19.92	0.198021	55.508
19.91	19.92	0.198037	55.607
19.91	19.92	0.198054	55.707
19.91	19.93	0.198071	55.808
19.91	19.93	0.198087	55.907
19.93	19.93	0.198104	56.007
19.93	19.94	0.198121	56.108
19.93	19.94	0.198137	56.208
19.93	19.94	0.198154	56.307
19.93	19.95	0.198171	56.408
19.93	19.95	0.198187	56.506
19.93	19.95	0.198204	56.606
19.96	19.96	0.198221	56.707
19.96	19.96	0.198237	56.835
19.96	19.96	0.198254	56.929
19.96	19.97	0.198271	57.008
19.96	19.97	0.198287	57.133
19.96	19.97	0.198304	57.228
19.96	19.97	0.198321	57.308
19.99	19.98	0.198337	57.433
19.99	19.98	0.198354	57.528
19.99	19.98	0.198371	57.632
19.99	19.99	0.198387	57.732
19.99	19.99	0.198404	57.826
19.99	19.99	0.198421	57.931
19.99	19.99	0.198437	58.031
19.99	20.00	0.198454	58.125
20.01	20.00	0.198471	58.230
20.01	20.00	0.198487	58.329
20.01	20.00	0.198504	58.424
20.01	20.01	0.198521	58.528
20.01	20.01	0.198537	58.628
20.01	20.01	0.198554	58.722
20.01	20.01	0.198571	58.827
20.01	20.02	0.198587	58.922
20.01	20.02	0.198604	59.021
20.01	20.02	0.198621	59.126
20.01	20.02	0.198637	59.220
20.04	20.02	0.198654	59.320
20.04	20.03	0.198671	59.425
20.04	20.03	0.198687	59.520
20.04	20.03	0.198704	59.620
20.04	20.03	0.198720	59.724
20.04	20.03	0.198737	59.819
20.04	20.04	0.198754	59.918
20.04	20.04	0.198770	00.023
20.04	20.04	0.198787	00.117
20.04	20.04	0.198804	00.217
20.04	20.04	0.198820	00.321
20.04	20.04	0.198837	00.416
20.04	20.04	0.198854	00.516
20.06	20.04	0.198870	00.620
20.06	20.05	0.198887	00.715
20.06	20.05	0.198904	00.814
20.06	20.05	0.198920	00.919
20.06	20.05	0.198937	01.013
20.06	20.05	0.198954	01.113
20.06	20.05	0.198970	01.217
20.06	20.05	0.198987	01.312
20.06	20.05	0.199004	01.412
20.06	20.05	0.199020	01.516
20.06	20.05	0.199037	01.611
20.06	20.05	0.199054	01.711
20.06	20.05	0.199070	01.815
20.06	20.05	0.199087	01.909
20.06	20.05	0.199104	02.011
20.06	20.05	0.199120	02.115
20.06	20.05	0.199137	02.209
20.06	20.05	0.199154	02.312
20.06	20.05	0.199170	02.413
20.06	20.05	0.199187	02.508
20.06	20.05	0.199204	02.611
20.06	20.05	0.199220	02.712
20.06	20.05	0.199237	02.807
20.06	20.05	0.199254	02.911
20.06	20.05	0.199270	03.011
20.06	20.05	0.199287	03.107
20.06	20.05	0.199304	03.210
20.06	20.05	0.199320	03.309
20.06	20.05	0.199337	03.407
20.06	20.05	0.199354	03.508
20.06	20.05	0.199370	03.608
20.06	20.05	0.199387	03.708
20.06	20.05	0.199404	03.807
20.06	20.04	0.199420	03.907
20.06	20.04	0.199437	04.007
20.06	20.04	0.199454	04.107
20.06	20.04	0.199470	04.207
20.06	20.04	0.199487	04.307
20.06	20.04	0.199504	04.408
20.06	20.04	0.199520	04.508
20.04	20.04	0.199537	04.609
20.04	20.04	0.199553	04.708
20.04	20.03	0.199570	04.808
20.04	20.03	0.199587	04.908
20.04	20.03	0.199603	05.008
20.04	20.03	0.199620	05.108
20.04	20.03	0.199637	05.208
20.04	20.03	0.199653	05.309
20.04	20.03	0.199670	05.408
20.04	20.02	0.199687	05.508
20.04	20.02	0.199703	05.608
20.04	20.02	0.199720	05.708
20.04	20.02	0.199737	05.808
20.04	20.02	0.199753	05.908
20.04	20.02	0.199770	06.008
20.01	20.01	0.199787	06.108
20.01	20.01	0.199803	06.209
20.01	20.01	0.199820	06.308
20.01	20.01	0.199837	06.408
20.01	20.01	0.199853	06.509
20.01	20.01	0.199870	06.609
20.01	20.00	0.199887	06.709
20.01	20.00	0.199903	06.809
20.01	20.00	0.199920	06.909
20.01	20.00	0.199937	07.009
20.01	20.00	0.199953	07.110
19.99	20.00	0.199970	07.209
19.99	19.99	0.199987	07.309
19.99	19.99	0.200003	07.409
19.99	19.99	0.200020	07.509
19.99	19.99	0.200037	07.609
19.99	19.99	0.200053	07.709
19.99	19.99	0.200070	07.810
19.99	19.98	0.200087	07.909
19.99	19.98	0.200103	08.009
19.99	19.98	0.200120	08.109
19.99	19.98	0.200137	08.209
19.99	19.98	0.200153	08.309
19.99	19.98	0.200170	08.409
19.99	19.97	0.200187	08.509
19.99	19.97	0.200203	08.609
19.99	19.97	0.200220	08.733
19.99	19.97	0.200237	08.838
19.99	19.97	0.200253	08.933
19.99	19.97	0.200270	09.032
19.99	19.97	0.200287	09.137
19.96	19.96	0.200303	09.231
19.96	19.96	0.200320	09.331
19.96	19.96	0.200337	09.435
19.96	19.96	0.200353	09.530
19.96	19.96	0.200370	09.630
19.96	19.96	0.200386	09.734
19.96	19.96	0.200403	09.829
19.96	19.96	0.200420	09.930
19.96	19.96	0.200436	10.033
19.96	19.96	0.200453	10.127
19.93	19.95	0.200470	10.231
19.93	19.95	0.200486	10.332
19.93	19.95	0.200503	10.427
19.93	19.95	0.200520	10.531
19.93	19.95	0.200536	10.631
19.93	19.95	0.200553	10.726
19.93	19.95	0.200570	10.830
19.93	19.95	0.200586	10.930
19.93	19.95	0.200603	11.024
19.93	19.95	0.200620	11.129
19.96	19.95	0.200636	11.228
19.96	19.95	0.200653	11.323
19.96	19.95	0.200670	11.428
19.96	19.95	0.200686	11.527
19.96	19.95	0.200703	11.622
19.96	19.95	0.200720	11.726
19.96	19.95	0.200736	11.826
19.96	19.95	0.200753	11.920
19.96	19.95	0.200770	12.025
19.96	19.95	0.200786	12.120
19.96	19.95	0.200803	12.219
19.96	19.95	0.200820	12.325
19.96	19.95	0.200836	12.419
19.96	19.95	0.200853	12.519
19.96	19.95	0.200870	12.623
19.96	19.95	0.200886	12.718
19.96	19.95	0.200903	12.817
19.96	19.95	0.200920	12.922
19.96	19.96	0.200936	13.017
19.96	19.96	0.200953	13.116
19.96	19.96	0.200970	13.221
19.96	19.96	0.200986	13.315
19.96	19.96	0.201003	13.415
19.93	19.96	0.201020	13.519
19.93	19.96	0.201036	13.614
19.93	19.96	0.201053	13.714
19.93	19.96	0.201070	13.818
19.93	19.97	0.201086	13.913
19.96	19.97	0.201103	14.012
19.96	19.97	0.201120	14.117
19.96	19.97	0.201136	14.211
19.96	19.97	0.201153	14.311
19.96	19.98	0.201170	14.415
19.96	19.98	0.201186	14.510
19.96	19.98	0.201203	14.611
19.96	19.98	0.201219	14.714
19.96	19.98	0.201236	14.810
19.96	19.99	0.201253	14.910
19.99	19.99	0.201269	15.014
19.99	19.99	0.201286	15.110
19.99	19.99	0.201303	15.210
19.99	19.99	0.201319	15.313
19.99	20.00	0.201336	15.410
19.99	20.00	0.201353	15.510
19.99	20.00	0.201369	15.611
19.99	20.00	0.201386	15.710
19.99	20.01	0.201403	15.810
19.99	20.01	0.201419	15.910
19.99	20.01	0.201436	16.010
19.99	20.02	0.201453	16.110
20.01	20.02	0.201469	16.211
20.01	20.02	0.201486	16.310
20.01	20.02	0.201503	16.410
20.01	20.03	0.201519	16.510
20.01	20.03	0.201536	16.610
20.01	20.03	0.201553	16.710
20.01	20.04	0.201569	16.810
20.04	20.04	0.201586	16.910
20.04	20.04	0.201603	17.010
20.04	20.05	0.201619	17.110
20.04	20.05	0.201636	17.210
20.04	20.05	0.201653	17.310
20.04	20.06	0.201669	17.409
20.04	20.06	0.201686	17.510
20.04	20.06	0.201703	17.610
20.06	20.07	0.201719	17.710
20.06	20.07	0.201736	17.811
20.06	20.07	0.201753	17.910
20.06	20.08	0.201769	18.010
20.06	20.08	0.201786	18.110
20.06	20.08	0.201803	18.210
20.06	20.09	0.201819	18.310
20.09	20.09	0.201836	18.410
20.09	20.09	0.201853	18.510
20.09	20.10	0.201869	18.610
20.09	20.10	0.201886	18.711
20.09	20.10	0.201903	18.810
20.09	20.11	0.201919	18.910
20.09	20.11	0.201936	19.010
20.12	20.11	0.201953	19.110
20.12	20.12	0.201969	19.210
20.12	20.12	0.201986	19.310
20.12	20.13	0.202003	19.411
20.12	20.13	0.202019	19.511
20.12	20.13	0.202036	19.611
20.12	20.14	0.202052	19.711
20.14	20.14	0.202069	19.811
20.14	20.14	0.202086	19.911
20.14	20.15	0.202102	20.011
20.14	20.15	0.202119	20.111
20.14	20.15	0.202136	20.211
20.14	20.16	0.202152	20.312
20.14	20.16	0.202169	20.411
20.14	20.16	0.202186	20.511
20.17	20.17	0.202202	20.611
20.17	20.17	0.202219	20.711
20.17	20.17	0.202236	20.811
20.17	20.18	0.202252	20.911
20.17	20.18	0.202269	21.035
20.17	20.18	0.202286	21.140
20.19	20.18	0.202302	21.235
20.19	20.19	0.202319	21.334
20.19	20.19	0.202336	21.439
20.19	20.19	0.202352	21.533
20.19	20.20	0.202369	21.633
20.19	20.20	0.202386	21.737
20.19	20.20	0.202402	21.832
20.19	20.20	0.202419	21.931
20.19	20.21	0.202436	22.036
20.22	20.21	0.202452	22.131
20.22	20.21	0.202469	22.230
20.22	20.22	0.202486	22.335
20.22	20.22	0.202502	22.429
20.22	20.22	0.202519	22.529
20.22	20.22	0.202536	22.633
20.22	20.23	0.202552	22.728
20.25	20.23	0.202569	22.828
20.25	20.23	0.202586	22.932
20.25	20.23	0.202602	23.028
20.25	20.23	0.202619	23.129
20.25	20.24	0.202636	23.232
20.25	20.24	0.202652	23.326
20.25	20.24	0.202669	23.429
20.25	20.24	0.202686	23.530
20.25	20.24	0.202702	23.625
20.25	20.25	0.202719	23.729
20.25	20.25	0.202736	23.829
20.25	20.25	0.202752	23.924
20.25	20.25	0.202769	24.028
20.25	20.25	0.202786	24.128
20.25	20.25	0.202802	24.222
20.25	20.25	0.202819	24.327
20.25	20.26	0.202836	24.426
20.25	20.26	0.202852	24.521
20.25	20.26	0.202869	24.626
20.25	20.26	0.202885	24.725
20.27	20.26	0.202902	24.820
20.27	20.26	0.202919	24.924
20.27	20.26	0.202935	25.024
20.27	20.26	0.202952	25.119
20.27	20.26	0.202969	25.224
20.27	20.26	0.202985	25.319
20.27	20.26	0.203002	25.418
20.27	20.26	0.203019	25.523
20.27	20.27	0.203035	25.617
20.27	20.27	0.203052	25.717
20.27	20.27	0.203069	25.821
20.27	20.27	0.203085	25.916
20.27	20.27	0.203102	26.015
20.27	20.27	0.203119	26.120
20.27	20.27	0.203135	26.215
20.27	20.27	0.203152	26.314
20.27	20.27	0.203169	26.419
20.27	20.27	0.203185	26.513
20.27	20.27	0.203202	26.613
20.27	20.27	0.203219	26.717
20.30	20.27	0.203235	26.812
20.30	20.27	0.203252	26.912
20.30	20.26	0.203269	27.017
20.30	20.26	0.203285	27.111
20.30	20.26	0.203302	27.211
20.30	20.26	0.203319	27.315
20.30	20.26	0.203335	27.411
20.30	20.26	0.203352	27.511
20.30	20.26	0.203369	27.614
20.30	20.26	0.203385	27.711
20.27	20.26	0.203402	27.812
20.27	20.26	0.203419	27.913
20.27	20.26	0.203435	28.011
20.27	20.26	0.203452	28.111
20.27	20.26	0.203469	28.212
20.27	20.25	0.203485	28.311
20.27	20.25	0.203502	28.411
20.27	20.25	0.203519	28.511
20.27	20.25	0.203535	28.611
20.25	20.25	0.203552	28.712
20.25	20.25	0.203569	28.811
20.25	20.25	0.203585	28.911
20.25	20.25	0.203602	29.011
20.25	20.24	0.203619	29.111
20.25	20.24	0.203635	29.211
20.25	20.24	0.203652	29.311
20.25	20.24	0.203669	29.412
20.25	20.24	0.203685	29.511
20.25	20.24	0.203702	29.611
20.25	20.23	0.203718	29.711
20.25	20.23	0.203735	29.811
20.25	20.23	0.203752	29.911
20.25	20.23	0.203768	30.011
20.25	20.23	0.203785	30.112
20.22	20.23	0.203802	30.211
20.22	20.22	0.203818	30.311
20.22	20.22	0.203835	30.411
20.22	20.22	0.203852	30.511
20.22	20.22	0.203868	30.611
20.22	20.22	0.203885	30.711
20.22	20.22	0.203902	30.811
20.22	20.21	0.203918	30.911
20.22	20.21	0.203935	31.012
20.22	20.21	0.203952	31.111
20.22	20.21	0.203968	31.211
20.22	20.21	0.203985	31.311
20.22	20.21	0.204002	31.411
20.22	20.20	0.204018	31.511
20.19	20.20	0.204035	31.611
20.19	20.20	0.204052	31.711
20.19	20.20	0.204068	31.811
20.19	20.20	0.204085	31.911
20.19	20.20	0.204102	32.011
20.19	20.19	0.204118	32.111
20.19	20.19	0.204135	32.211
20.19	20.19	0.204152	32.311
20.19	20.19	0.204168	32.411
20.19	20.19	0.204185	32.511
20.19	20.19	0.204202	32.612
20.19	20.18	0.204218	32.711
20.19	20.18	0.204235	32.811
20.19	20.18	0.204252	32.911
20.19	20.18	0.204268	33.011
20.19	20.18	0.204285	33.111
20.19	20.18	0.204302	33.211
20.19	20.18	0.204318	33.312
20.19	20.18	0.204335	33.411
20.19	20.17	0.204352	33.511
20.19	20.17	0.204368	33.610
20.19	20.17	0.204385	33.711
20.19	20.17	0.204402	33.835
20.19	20.17	0.204418	33.935
20.19	20.17	0.204435	34.039
20.17	20.17	0.204452	34.134
20.17	20.17	0.204468	34.233
20.17	20.17	0.204485	34.338
20.17	20.17	0.204502	34.433
20.17	20.17	0.204518	34.532
20.17	20.16	0.204535	34.637
20.17	20.16	0.204551	34.731
20.17	20.16	0.204568	34.831
20.17	20.16	0.204585	34.935
20.17	20.16	0.204601	35.030
20.17	20.16	0.204618	35.130
20.17	20.16	0.204635	35.234
20.14	20.16	0.204651	35.329
20.14	20.16	0.204668	35.428
20.14	20.16	0.204685	35.533
20.14	20.16	0.204701	35.627
20.14	20.16	0.204718	35.728
20.14	20.16	0.204735	35.831
20.14	20.16	0.204751	35.926
20.14	20.16	0.204768	36.028
20.14	20.16	0.204785	36.130
20.14	20.16	0.204801	36.225
20.14	20.16	0.204818	36.327
20.14	20.16	0.204835	36.429
20.14	20.16	0.204851	36.524
20.14	20.17	0.204868	36.627
20.14	20.17	0.204885	36.729
20.14	20.17	0.204901	36.823
20.14	20.17	0.204918	36.927
20.14	20.17	0.204935	37.027
20.14	20.17	0.204951	37.122
20.14	20.17	0.204968	37.226
20.17	20.17	0.204985	37.326
20.17	20.17	0.205001	37.421
20.17	20.17	0.205018	37.525
20.17	20.18	0.205035	37.625
20.17	20.18	0.205051	37.719
20.17	20.18	0.205068	37.824
20.17	20.18	0.205085	37.923
20.17	20.18	0.205101	38.018
20.17	20.18	0.205118	38.122
20.17	20.18	0.205135	38.217
20.17	20.19	0.205151	38.317
20.19	20.19	0.205168	38.422
20.19	20.19	0.205185	38.517
20.19	20.19	0.205201	38.616
20.19	20.19	0.205218	38.721
20.19	20.20	0.205235	38.815
20.19	20.20	0.205251	38.915
20.19	20.20	0.205268	39.019
20.19	20.20	0.205285	39.114
20.19	20.21	0.205301	39.214
20.19	20.21	0.205318	39.318
20.22	20.21	0.205335	39.413
20.22	20.21	0.205351	39.512
20.22	20.22	0.205368	39.617
20.22	20.22	0.205384	39.712
20.22	20.22	0.205401	39.812
20.22	20.22	0.205418	39.916
20.22	20.23	0.205434	40.012
20.22	20.23	0.205451	40.112
20.25	20.23	0.205468	40.214
20.25	20.23	0.205484	40.312
20.25	20.24	0.205501	40.412
20.25	20.24	0.205518	40.513
20.25	20.24	0.205534	40.612
20.25	20.25	0.205551	40.712
20.25	20.25	0.205568	40.813
20.25	20.25	0.205584	40.912
20.25	20.26	0.205601	41.012
20.25	20.26	0.205618	41.112
20.25	20.26	0.205634	41.212
20.27	20.27	0.205651	41.312
20.27	20.27	0.205668	41.412
20.27	20.27	0.205684	41.513
20.27	20.28	0.205701	41.612
20.27	20.28	0.205718	41.712
20.27	20.28	0.205734	41.812
20.27	20.29	0.205751	41.912
20.27	20.29	0.205768	42.012
20.27	20.29	0.205784	42.112
20.27	20.30	0.205801	42.212
20.27	20.30	0.205818	42.312
20.30	20.30	0.205834	42.413
20.30	20.31	0.205851	42.512
20.30	20.31	0.205868	42.612
20.30	20.31	0.205884	42.712
20.30	20.32	0.205901	42.812
20.30	20.32	0.205918	42.912
20.30	20.32	0.205934	43.012
20.32	20.33	0.205951	43.112
20.32	20.33	0.205968	43.212
20.32	20.33	0.205984	43.312
20.32	20.34	0.206001	43.412
20.32	20.34	0.206018	43.512
20.35	20.35	0.206034	43.612
20.35	20.35	0.206051	43.712
20.35	20.35	0.206068	43.812
20.35	20.36	0.206084	43.912
20.35	20.36	0.206101	44.013
20.35	20.36	0.206118	44.112
20.38	20.37	0.206134	44.212
20.38	20.37	0.206151	44.312
20.38	20.37	0.206168	44.412
20.38	20.38	0.206184	44.512
20.38	20.38	0.206201	44.612
20.38	20.38	0.206217	44.712
20.38	20.39	0.206234	44.812
20.38	20.39	0.206251	44.913
20.40	20.39	0.206267	45.012
20.40	20.39	0.206284	45.112
20.40	20.40	0.206301	45.212
20.40	20.40	0.206317	45.312
20.40	20.40	0.206334	45.412
20.40	20.41	0.206351	45.513
20.40	20.41	0.206367	45.612
20.40	20.41	0.206384	45.711
20.40	20.42	0.206401	45.812
20.40	20.42	0.206417	45.912
20.43	20.42	0.206434	46.012
20.43	20.42	0.206451	46.112
20.43	20.43	0.206467	46.236
20.43	20.43	0.206484	46.341
20.43	20.43	0.206501	46.435
20.43	20.43	0.206517	46.535
20.43	20.44	0.206534	46.640
20.45	20.44	0.206551	46.734
20.45	20.44	0.206567	46.834
20.45	20.44	0.206584	46.938
20.45	20.45	0.206601	47.033
20.45	20.45	0.206617	47.132
20.45	20.45	0.206634	47.237
20.45	20.45	0.206651	47.332
20.45	20.45	0.206667	47.431
20.45	20.46	0.206684	47.536
20.45	20.46	0.206701	47.630
20.48	20.46	0.206717	47.730
20.48	20.46	0.206734	47.834
20.48	20.46	0.206751	47.929
20.48	20.46	0.206767	48.029
20.48	20.46	0.206784	48.134
20.48	20.47	0.206801	48.229
20.48	20.47	0.206817	48.328
20.48	20.47	0.206834	48.433
20.48	20.47	0.206851	48.527
20.48	20.47	0.206867	48.627
20.48	20.47	0.206884	48.731
20.48	20.47	0.206901	48.826
20.48	20.47	0.206917	48.926
20.48	20.48	0.206934	49.030
20.48	20.48	0.206951	49.125
20.48	20.48	0.206967	49.225
20.48	20.48	0.206984	49.329
20.48	20.48	0.207001	49.423
20.48	20.48	0.207017	49.526
20.48	20.48	0.207034	49.627
20.48	20.48	0.207050	49.722
20.48	20.48	0.207067	49.826
20.48	20.48	0.207084	49.926
20.48	20.48	0.207100	50.021
20.48	20.48	0.207117	50.125
20.48	20.48	0.207134	50.225
20.48	20.48	0.207150	50.319
20.48	20.48	0.207167	50.424
20.50	20.48	0.207184	50.525
20.50	20.48	0.207200	50.619
20.50	20.48	0.207217	50.724
20.50	20.48	0.207234	50.823
20.50	20.48	0.207250	50.918
20.50	20.48	0.207267	51.022
20.50	20.48	0.207284	51.122
20.50	20.48	0.207300	51.217
20.50	20.48	0.207317	51.321
20.50	20.48	0.207334	51.416
20.50	20.48	0.207350	51.515
20.50	20.47	0.207367	51.620
20.50	20.47	0.207384	51.714
20.50	20.47	0.207400	51.814
20.48	20.47	0.207417	51.918
20.48	20.47	0.207434	52.013
20.48	20.47	0.207450	52.113
20.48	20.47	0.207467	52.217
20.48	20.47	0.207484	52.312
20.48	20.47	0.207500	52.412
20.48	20.47	0.207517	52.516
20.48	20.46	0.207534	52.612
20.48	20.46	0.207550	52.712
20.48	20.46	0.207567	52.815
20.48	20.46	0.207584	52.913
20.48	20.46	0.207600	53.014
20.48	20.46	0.207617	53.114
20.48	20.46	0.207634	53.213
20.45	20.45	0.207650	53.313
20.45	20.45	0.207667	53.413
20.45	20.45	0.207684	53.513
20.45	20.45	0.207700	53.613
20.45	20.45	0.207717	53.714
20.45	20.45	0.207734	53.813
20.45	20.44	0.207750	53.913
20.45	20.44	0.207767	54.013
20.45	20.44	0.207784	54.113
20.45	20.44	0.207800	54.213
20.45	20.44	0.207817	54.313
20.45	20.44	0.207834	54.413
20.45	20.43	0.207850	54.513
20.43	20.43	0.207867	54.614
20.43	20.43	0.207883	54.713
20.43	20.43	0.207900	54.813
20.43	20.43	0.207917	54.913
20.43	20.43	0.207933	55.013
20.43	20.42	0.207950	55.113
20.43	20.42	0.207967	55.213
20.43	20.42	0.207983	55.313
20.43	20.42	0.208000	55.413
20.43	20.42	0.208017	55.513
20.43	20.42	0.208033	55.613
20.43	20.41	0.208050	55.713
20.43	20.41	0.208067	55.813
20.43	20.41	0.208083	55.913
20.40	20.41	0.208100	56.013
20.40	20.41	0.208117	56.113
20.40	20.41	0.208133	56.214
20.40	20.40	0.208150	56.313
20.40	20.40	0.208167	56.413
20.40	20.40	0.208183	56.513
20.40	20.40	0.208200	56.613
20.40	20.40	0.208217	56.713
20.40	20.40	0.208233	56.813
20.40	20.40	0.208250	56.913
20.40	20.39	0.208267	57.013
20.40	20.39	0.208283	57.114
20.38	20.39	0.208300	57.213
20.38	20.39	0.208317	57.313
20.38	20.39	0.208333	57.413
20.38	20.39	0.208350	57.513
20.38	20.39	0.208367	57.613
20.38	20.39	0.208383	57.713
20.38	20.38	0.208400	57.814
20.38	20.38	0.208417	57.913
20.38	20.38	0.208433	58.013
20.38	20.38	0.208450	58.113
20.38	20.38	0.208467	58.213
20.38	20.38	0.208483	58.313
20.38	20.38	0.208500	58.413
20.38	20.38	0.208517	58.537
20.38	20.38	0.208533	58.613
20.38	20.38	0.208550	58.741
20.38	20.38	0.208567	58.836
20.38	20.38	0.208583	58.941
20.35	20.38	0.208600	59.041
20.35	20.38	0.208617	59.136
20.35	20.38	0.208633	59.240
20.35	20.38	0.208650	59.335
20.35	20.38	0.208667	59.434
20.35	20.38	0.208683	59.539
20.35	20.38	0.208700	59.633
20.35	20.38	0.208716	59.733
20.35	20.38	0.208733	59.838
20.38	20.38	0.208750	59.932
20.38	20.38	0.208766	00.032
20.38	20.38	0.208783	00.136
20.38	20.38	0.208800	00.231
20.38	20.38	0.208816	00.330
20.38	20.38	0.208833	00.435
20.38	20.38	0.208850	00.530
20.38	20.38	0.208866	00.629
20.38	20.38	0.208883	00.734
20.38	20.38	0.208900	00.828
20.38	20.38	0.208916	00.928
20.38	20.38	0.208933	01.032
20.38	20.38	0.208950	01.127
20.38	20.38	0.208966	01.227
20.38	20.38	0.208983	01.332
20.38	20.39	0.209000	01.427
20.38	20.39	0.209016	01.526
20.38	20.39	0.209033	01.631
20.38	20.39	0.209050	01.725
20.38	20.39	0.209066	01.825
20.38	20.39	0.209083	01.929
20.38	20.39	0.209100	02.024
20.38	20.40	0.209116	02.125
20.40	20.40	0.209133	02.228
20.40	20.40	0.209150	02.323
20.40	20.40	0.209166	02.424
20.40	20.40	0.209183	02.527
20.40	20.41	0.209200	02.621
20.40	20.41	0.209216	02.724
20.40	20.41	0.209233	02.825
20.40	20.41	0.209250	02.920
20.40	20.41	0.209266	03.024
20.40	20.42	0.209283	03.124
20.40	20.42	0.209300	03.219
20.40	20.42	0.209316	03.323
20.40	20.42	0.209333	03.423
20.40	20.43	0.209350	03.517
20.40	20.43	0.209366	03.623
20.43	20.43	0.209383	03.723
20.43	20.43	0.209400	03.817
20.43	20.44	0.209416	03.922
20.43	20.44	0.209433	04.021
20.43	20.44	0.209450	04.116
20.43	20.45	0.209466	04.220
20.43	20.45	0.209483	04.320
20.43	20.45	0.209500	04.414
20.45	20.45	0.209516	04.519
20.45	20.46	0.209533	04.614
20.45	20.46	0.209549	04.713
20.45	20.46	0.209566	04.818
20.45	20.47	0.209583	04.913
20.45	20.47	0.209599	05.013
20.45	20.47	0.209616	05.116
20.45	20.48	0.209633	05.213
20.48	20.48	0.209649	05.314
20.48	20.48	0.209666	05.415
20.48	20.49	0.209683	05.513
20.48	20.49	0.209699	05.613
20.48	20.49	0.209716	05.714
20.48	20.50	0.209733	05.813
20.48	20.50	0.209749	05.913
20.50	20.50	0.209766	06.014
20.50	20.51	0.209783	06.113
20.50	20.51	0.209799	06.213
20.50	20.51	0.209816	06.313
20.50	20.52	0.209833	06.413
20.50	20.52	0.209849	06.513
20.50	20.52	0.209866	06.613
20.53	20.53	0.209883	06.713
20.53	20.53	0.209899	06.813
20.53	20.53	0.209916	06.914
20.53	20.54	0.209933	07.013
20.53	20.54	0.209949	07.113
20.53	20.54	0.209966	07.213
20.53	20.55	0.209983	07.313
20.56	20.55	0.209999	07.413
20.56	20.56	0.210016	07.513
20.56	20.56	0.210033	07.613
20.56	20.56	0.210049	07.713
20.56	20.57	0.210066	07.813
20.56	20.57	0.210083	07.913
20.56	20.57	0.210099	08.013
20.58	20.58	0.210116	08.113
20.58	20.58	0.210133	08.213
20.58	20.58	0.210149	08.313
20.58	20.59	0.210166	08.413
20.58	20.59	0.210183	08.514
20.58	20.59	0.210199	08.613
20.58	20.60	0.210216	08.713
20.58	20.60	0.210233	08.813
20.58	20.60	0.210249	08.913
20.61	20.61	0.210266	09.013
20.61	20.61	0.210283	09.113
20.61	20.61	0.210299	09.213
20.61	20.61	0.210316	09.313
20.61	20.62	0.210333	09.414
20.61	20.62	0.210349	09.513
20.63	20.62	0.210366	09.613
20.63	20.63	0.210382	09.713
20.63	20.63	0.210399	09.813
20.63	20.63	0.210416	09.913
20.63	20.63	0.210432	10.013
20.63	20.64	0.210449	10.113
20.63	20.64	0.210466	10.213
20.63	20.64	0.210482	10.313
20.63	20.64	0.210499	10.413
20.66	20.65	0.210516	10.513
20.66	20.65	0.210532	10.613
20.66	20.65	0.210549	10.713
20.66	20.65	0.210566	10.813
20.66	20.66	0.210582	10.913
20.66	20.66	0.210599	11.014
20.66	20.66	0.210616	11.113
20.66	20.66	0.210632	11.213
20.66	20.66	0.210649	11.312
20.66	20.67	0.210666	11.412
20.68	20.67	0.210682	11.541
20.68	20.67	0.210699	11.642
20.68	20.67	0.210716	11.736
20.68	20.67	0.210732	11.841
20.68	20.68	0.210749	11.940
20.68	20.68	0.210766	12.035
20.68	20.68	0.210782	12.140
20.68	20.68	0.210799	12.239
20.68	20.68	0.210816	12.334
20.68	20.68	0.210832	12.438
20.68	20.68	0.210849	12.533
20.71	20.68	0.210866	12.632
20.71	20.69	0.210882	12.737
20.71	20.69	0.210899	12.832
20.71	20.69	0.210916	12.931
20.71	20.69	0.210932	13.036
20.71	20.69	0.210949	13.130
20.71	20.69	0.210966	13.230
20.71	20.69	0.210982	13.334
20.71	20.69	0.210999	13.429
20.71	20.69	0.211016	13.528
20.71	20.69	0.211032	13.633
20.71	20.69	0.211049	13.728
20.71	20.69	0.211066	13.827
20.71	20.69	0.211082	13.932
20.68	20.69	0.211099	14.026
20.68	20.69	0.211116	14.126
20.68	20.69	0.211132	14.231
20.68	20.69	0.211149	14.326
20.68	20.69	0.211166	14.426
20.68	20.69	0.211182	14.530
20.68	20.69	0.211199	14.625
20.68	20.69	0.211215	14.724
20.68	20.69	0.211232	14.829
20.68	20.69	0.211249	14.923
20.68	20.69	0.211265	15.023
20.68	20.69	0.211282	15.127
20.68	20.69	0.211299	15.222
20.68	20.69	0.211315	15.323
20.68	20.69	0.211332	15.426
20.68	20.69	0.211349	15.521
20.68	20.69	0.211365	15.622
20.68	20.69	0.211382	15.725
20.71	20.69	0.211399	15.819
20.71	20.68	0.211415	15.923
20.71	20.68	0.211432	16.024
20.71	20.68	0.211449	16.118
20.71	20.68	0.211465	16.223
20.71	20.68	0.211482	16.323
20.71	20.68	0.211499	16.418
20.71	20.68	0.211515	16.522
20.71	20.68	0.211532	16.622
20.71	20.68	0.211549	16.717
20.71	20.67	0.211565	16.821
20.68	20.67	0.211582	16.921
20.68	20.67	0.211599	17.015
20.68	20.67	0.211615	17.120
20.68	20.67	0.211632	17.219
20.68	20.67	0.211649	17.315
20.68	20.67	0.211665	17.418
20.68	20.66	0.211682	17.518
20.68	20.66	0.211699	17.616
20.68	20.66	0.211715	17.717
20.66	20.66	0.211732	17.818
20.66	20.66	0.211749	17.915
20.66	20.66	0.211765	18.016
20.66	20.65	0.211782	18.117
20.66	20.65	0.211799	18.215
20.66	20.65	0.211815	18.315
20.66	20.65	0.211832	18.418
20.66	20.65	0.211849	18.517
20.66	20.65	0.211865	18.616
20.66	20.64	0.211882	18.718
20.66	20.64	0.211899	18.816
20.66	20.64	0.211915	18.916
20.63	20.64	0.211932	19.017
20.63	20.64	0.211949	19.116
20.63	20.64	0.211965	19.216
20.63	20.63	0.211982	19.318
20.63	20.63	0.211999	19.416
20.63	20.63	0.212015	19.516
20.63	20.63	0.212032	19.618
20.63	20.63	0.212048	19.716
20.63	20.63	0.212065	19.816
20.63	20.62	0.212082	19.917
20.63	20.62	0.212098	20.016
20.63	20.62	0.212115	20.117
20.63	20.62	0.212132	20.217
20.63	20.62	0.212148	20.316
20.63	20.62	0.212165	20.417
20.63	20.61	0.212182	20.518
20.63	20.61	0.212198	20.617
20.63	20.61	0.212215	20.717
20.61	20.61	0.212232	20.817
20.61	20.61	0.212248	20.917
20.61	20.61	0.212265	21.018
20.61	20.61	0.212282	21.117
20.61	20.60	0.212298	21.217
20.61	20.60	0.212315	21.317
20.61	20.60	0.212332	21.417
20.61	20.60	0.212348	21.517
20.61	20.60	0.212365	21.617
20.61	20.60	0.212382	21.718
20.61	20.60	0.212398	21.817
20.61	20.60	0.212415	21.917
20.61	20.60	0.212432	22.017
20.61	20.60	0.212448	22.117
20.58	20.59	0.212465	22.217
20.58	20.59	0.212482	22.317
20.58	20.59	0.212498	22.417
20.58	20.59	0.212515	22.517
20.58	20.59	0.212532	22.618
20.58	20.59	0.212548	22.717
20.58	20.59	0.212565	22.817
20.58	20.59	0.212582	22.917
20.58	20.59	0.212598	23.017
20.58	20.59	0.212615	23.141
20.58	20.59	0.212632	23.217
20.58	20.59	0.212648	23.345
20.58	20.59	0.212665	23.440
20.58	20.59	0.212682	23.517
20.58	20.59	0.212698	23.644
20.58	20.59	0.212715	23.739
20.58	20.59	0.212732	23.817
20.58	20.59	0.212748	23.943
20.58	20.59	0.212765	24.037
20.58	20.59	0.212782	24.117
20.58	20.59	0.212798	24.241
20.58	20.59	0.212815	24.336
20.58	20.59	0.212832	24.441
20.58	20.59	0.212848	24.540
20.58	20.59	0.212865	24.635
20.58	20.59	0.212881	24.739
20.58	20.59	0.212898	24.839
20.58	20.59	0.212915	24.933
20.58	20.60	0.212931	25.039
20.58	20.60	0.212948	25.139
20.58	20.60	0.212965	25.233
20.58	20.60	0.212981	25.338
20.61	20.60	0.212998	25.437
20.61	20.60	0.213015	25.532
20.61	20.60	0.213031	25.636
20.61	20.60	0.213048	25.731
20.61	20.60	0.213065	25.830
20.61	20.61	0.213081	25.935
20.61	20.61	0.213098	26.030
20.61	20.61	0.213115	26.129
20.61	20.61	0.213131	26.234
20.61	20.61	0.213148	26.328
20.61	20.62	0.213165	26.428
20.61	20.62	0.213181	26.532
20.61	20.62	0.213198	26.627
20.61	20.62	0.213215	26.727
20.61	20.62	0.213231	26.831
20.61	20.63	0.213248	26.926
20.61	20.63	0.213265	27.025
20.61	20.63	0.213281	27.131
20.61	20.63	0.213298	27.225
20.61	20.63	0.213315	27.325
20.61	20.64	0.213331	27.429
20.61	20.64	0.213348	27.524
20.61	20.64	0.213365	27.624
20.61	20.64	0.213381	27.728
20.63	20.65	0.213398	27.823
20.63	20.65	0.213415	27.922
20.63	20.65	0.213431	28.027
20.63	20.66	0.213448	28.121
20.63	20.66	0.213465	28.221
20.63	20.66	0.213481	28.326
20.63	20.66	0.213498	28.420
20.66	20.67	0.213515	28.521
20.66	20.67	0.213531	28.624
20.66	20.67	0.213548	28.719
20.66	20.68	0.213565	28.820
20.66	20.68	0.213581	28.923
20.66	20.68	0.213598	29.017
20.68	20.69	0.213615	29.121
20.68	20.69	0.213631	29.222
20.68	20.69	0.213648	29.317
20.68	20.70	0.213665	29.421
20.68	20.70	0.213681	29.521
20.68	20.70	0.213698	29.617
20.68	20.71	0.213714	29.720
20.71	20.71	0.213731	29.820
20.71	20.71	0.213748	29.918
20.71	20.72	0.213764	30.019
20.71	20.72	0.213781	30.119
20.71	20.72	0.213798	30.217
20.74	20.73	0.213814	30.318
20.74	20.73	0.213831	30.417
20.74	20.73	0.213848	30.517
20.74	20.74	0.213864	30.618
20.74	20.74	0.213881	30.718
20.74	20.74	0.213898	30.819
20.74	20.75	0.213914	30.918
20.74	20.75	0.213931	31.018
20.76	20.75	0.213948	31.118
20.76	20.76	0.213964	31.218
20.76	20.76	0.213981	31.318
20.76	20.77	0.213998	31.418
20.76	20.77	0.214014	31.519
20.76	20.77	0.214031	31.618
20.76	20.78	0.214048	31.718
20.76	20.78	0.214064	31.818
20.79	20.78	0.214081	31.918
20.79	20.79	0.214098	32.018
20.79	20.79	0.214114	32.118
20.79	20.79	0.214131	32.218
20.79	20.80	0.214148	32.318
20.79	20.80	0.214164	32.419
20.79	20.80	0.214181	32.518
20.81	20.81	0.214198	32.618
20.81	20.81	0.214214	32.718
20.81	20.81	0.214231	32.818
20.81	20.82	0.214248	32.918
20.81	20.82	0.214264	33.018
20.81	20.82	0.214281	33.119
20.81	20.82	0.214298	33.218
20.81	20.83	0.214314	33.318
20.84	20.83	0.214331	33.418
20.84	20.83	0.214348	33.518
20.84	20.84	0.214364	33.618
20.84	20.84	0.214381	33.718
20.84	20.84	0.214398	33.818
20.84	20.84	0.214414	33.918
20.84	20.85	0.214431	34.018
20.86	20.85	0.214448	34.118
20.86	20.85	0.214464	34.218
20.86	20.86	0.214481	34.318
20.86	20.86	0.214498	34.418
20.86	20.86	0.214514	34.518
20.86	20.86	0.214531	34.618
20.86	20.87	0.214547	34.719
20.86	20.87	0.214564	34.818
20.86	20.87	0.214581	34.918
20.86	20.87	0.214597	35.018
20.89	20.87	0.214614	35.118
20.89	20.88	0.214631	35.218
20.89	20.88	0.214647	35.318
20.89	20.88	0.214664	35.443
20.89	20.88	0.214681	35.518
20.89	20.88	0.214697	35.618
20.89	20.89	0.214714	35.741
20.89	20.89	0.214731	35.841
20.89	20.89	0.214747	35.946
20.89	20.89	0.214764	36.041
20.89	20.89	0.214781	36.140
20.92	20.89	0.214797	36.245
20.92	20.89	0.214814	36.340
20.92	20.90	0.214831	36.440
20.92	20.90	0.214847	36.544
20.92	20.90	0.214864	36.638
20.92	20.90	0.214881	36.740
20.92	20.90	0.214897	36.842
20.92	20.90	0.214914	36.937
20.92	20.90	0.214931	37.039
20.92	20.90	0.214947	37.141
20.92	20.90	0.214964	37.236
20.92	20.90	0.214981	37.340
20.92	20.90	0.214997	37.440
20.92	20.90	0.215014	37.534
20.89	20.91	0.215031	37.639
20.89	20.91	0.215047	37.738
20.89	20.91	0.215064	37.833
20.89	20.91	0.215081	37.937
20.89	20.91	0.215097	38.037
20.89	20.91	0.215114	38.132
20.89	20.91	0.215131	38.237
20.89	20.91	0.215147	38.337
20.89	20.91	0.215164	38.431
20.89	20.91	0.215181	38.536
20.89	20.91	0.215197	38.635
20.92	20.91	0.215214	38.730
20.92	20.91	0.215231	38.835
20.92	20.91	0.215247	38.929
20.92	20.90	0.215264	39.029
20.92	20.90	0.215281	39.133
20.92	20.90	0.215297	39.228
20.92	20.90	0.215314	39.327
20.92	20.90	0.215331	39.432
20.92	20.90	0.215347	39.526
20.92	20.90	0.215364	39.626
20.92	20.90	0.215380	39.731
20.92	20.90	0.215397	39.825
20.92	20.90	0.215414	39.925
20.92	20.90	0.215430	40.029
20.92	20.90	0.215447	40.124
20.92	20.90	0.215464	40.223
20.92	20.89	0.215480	40.329
20.92	20.89	0.215497	40.424
20.92	20.89	0.215514	40.523
20.92	20.89	0.215530	40.628
20.92	20.89	0.215547	40.722
20.92	20.89	0.215564	40.822
20.92	20.89	0.215580	40.926
20.89	20.89	0.215597	41.021
20.89	20.88	0.215614	41.121
20.89	20.88	0.215630	41.225
20.89	20.88	0.215647	41.320
20.89	20.88	0.215664	41.420
20.89	20.88	0.215680	41.524
20.89	20.88	0.215697	41.620
20.89	20.87	0.215714	41.720
20.89	20.87	0.215730	41.822
20.86	20.87	0.215747	41.920
20.86	20.87	0.215764	42.021
20.86	20.87	0.215780	42.121
20.86	20.87	0.215797	42.220
20.86	20.86	0.215814	42.320
20.86	20.86	0.215830	42.420
20.86	20.86	0.215847	42.520
20.86	20.86	0.215864	42.620
20.86	20.86	0.215880	42.721
20.86	20.86	0.215897	42.820
20.86	20.85	0.215914	42.920
20.86	20.85	0.215930	43.020
20.86	20.85	0.215947	43.120
20.86	20.85	0.215964	43.220
20.86	20.85	0.215980	43.320
20.86	20.85	0.215997	43.420
20.86	20.84	0.216014	43.520
20.84	20.84	0.216030	43.621
20.84	20.84	0.216047	43.720
20.84	20.84	0.216064	43.820
20.84	20.84	0.216080	43.920
20.84	20.84	0.216097	44.020
20.84	20.83	0.216114	44.120
20.84	20.83	0.216130	44.220
20.84	20.83	0.216147	44.321
20.84	20.83	0.216164	44.420
20.84	20.83	0.216180	44.520
20.84	20.83	0.216197	44.620
20.84	20.82	0.216213	44.720
20.84	20.82	0.216230	44.820
20.84	20.82	0.216247	44.920
20.84	20.82	0.216263	45.020
20.84	20.82	0.216280	45.120
20.84	20.82	0.216297	45.221
20.84	20.82	0.216313	45.320
20.81	20.82	0.216330	45.420
20.81	20.81	0.216347	45.520
20.81	20.81	0.216363	45.620
20.81	20.81	0.216380	45.720
20.81	20.81	0.216397	45.820
20.81	20.81	0.216413	45.920
20.81	20.81	0.216430	46.021
20.81	20.81	0.216447	46.120
20.81	20.81	0.216463	46.220
20.81	20.81	0.216480	46.320
20.81	20.81	0.216497	46.420
20.81	20.81	0.216513	46.520
20.81	20.80	0.216530	46.620
20.81	20.80	0.216547	46.720
20.81	20.80	0.216563	46.820
20.79	20.80	0.216580	46.920
20.79	20.80	0.216597	47.020
20.79	20.80	0.216613	47.120
20.79	20.80	0.216630	47.220
20.79	20.80	0.216647	47.320
20.79	20.80	0.216663	47.419
20.79	20.80	0.216680	47.520
20.79	20.80	0.216697	47.621
20.79	20.80	0.216713	47.720
20.79	20.80	0.216730	47.820
20.79	20.80	0.216747	47.948
20.79	20.80	0.216763	48.044
20.79	20.80	0.216780	48.143
20.79	20.80	0.216797	48.248
20.79	20.80	0.216813	48.342
20.79	20.80	0.216830	48.442
20.79	20.80	0.216847	48.546
20.79	20.81	0.216863	48.641
20.79	20.81	0.216880	48.741
20.79	20.81	0.216897	48.845
20.79	20.81	0.216913	48.940
20.79	20.81	0.216930	49.039
20.79	20.81	0.216947	49.144
20.79	20.81	0.216963	49.238
20.79	20.81	0.216980	49.338
20.79	20.81	0.216997	49.443
20.79	20.81	0.217013	49.537
20.81	20.82	0.217030	49.639
20.81	20.82	0.217046	49.741
20.81	20.82	0.217063	49.836
20.81	20.82	0.217080	49.938
20.81	20.82	0.217096	50.041
20.81	20.82	0.217113	50.134
20.81	20.82	0.217130	50.238
20.81	20.83	0.217146	50.340
20.81	20.83	0.217163	50.434
20.81	20.83	0.217180	50.538
20.81	20.83	0.217196	50.638
20.84	20.83	0.217213	50.733
20.84	20.84	0.217230	50.837
20.84	20.84	0.217246	50.937
20.84	20.84	0.217263	51.031
20.84	20.84	0.217280	51.136
20.84	20.85	0.217296	51.235
20.84	20.85	0.217313	51.330
20.84	20.85	0.217330	51.434
20.84	20.85	0.217346	51.534
20.84	20.86	0.217363	51.630
20.84	20.86	0.217380	51.734
20.84	20.86	0.217396	51.828
20.86	20.86	0.217413	51.928
20.86	20.87	0.217430	52.033
20.86	20.87	0.217446	52.127
20.86	20.87	0.217463	52.227
20.86	20.87	0.217480	52.332
20.86	20.88	0.217496	52.426
20.86	20.88	0.217513	52.526
20.86	20.88	0.217530	52.630
20.86	20.89	0.217546	52.725
20.86	20.89	0.217563	52.824
20.89	20.89	0.217580	52.929
20.89	20.90	0.217596	53.024
20.89	20.90	0.217613	53.123
20.89	20.90	0.217630	53.228
20.89	20.91	0.217646	53.322
20.89	20.91	0.217663	53.422
20.89	20.91	0.217680	53.526
20.89	20.92	0.217696	53.621
20.92	20.92	0.217713	53.720
20.92	20.92	0.217730	53.825
20.92	20.93	0.217746	53.921
20.92	20.93	0.217763	54.020
20.92	20.93	0.217780	54.124
20.92	20.94	0.217796	54.220
20.92	20.94	0.217813	54.320
20.94	20.94	0.217830	54.423
20.94	20.95	0.217846	54.520
20.94	20.95	0.217863	54.621
20.94	20.95	0.217879	54.722
20.94	20.96	0.217896	54.820
20.94	20.96	0.217913	54.920
20.94	20.96	0.217929	55.021
20.94	20.97	0.217946	55.120
20.97	20.97	0.217963	55.220
20.97	20.97	0.217979	55.320
20.97	20.98	0.217996	55.420
20.97	20.98	0.218013	55.520
20.97	20.99	0.218029	55.620
20.97	20.99	0.218046	55.720
20.99	20.99	0.218063	55.820
20.99	21.00	0.218079	55.920
20.99	21.00	0.218096	56.020
20.99	21.00	0.218113	56.120
20.99	21.01	0.218129	56.221
20.99	21.01	0.218146	56.320
20.99	21.01	0.218163	56.420
20.99	21.02	0.218179	56.520
21.02	21.02	0.218196	56.620
21.02	21.02	0.218213	56.720
21.02	21.03	0.218229	56.820
21.02	21.03	0.218246	56.920
21.02	21.03	0.218263	57.020
21.02	21.03	0.218279	57.121
21.04	21.04	0.218296	57.220
21.04	21.04	0.218313	57.320
21.04	21.04	0.218329	57.420
21.04	21.05	0.218346	57.520
21.04	21.05	0.218363	57.620
21.04	21.05	0.218379	57.720
21.07	21.06	0.218396	57.820
21.07	21.06	0.218413	57.920
21.07	21.06	0.218429	58.020
21.07	21.06	0.218446	58.120
21.07	21.07	0.218463	58.220
21.07	21.07	0.218479	58.320
21.07	21.07	0.218496	58.420
21.07	21.07	0.218513	58.520
21.07	21.08	0.218529	58.620
21.09	21.08	0.218546	58.721
21.09	21.08	0.218563	58.820
21.09	21.08	0.218579	58.920
21.09	21.09	0.218596	59.020
21.09	21.09	0.218613	59.120
21.09	21.09	0.218629	59.220
21.09	21.09	0.218646	59.320
21.09	21.09	0.218663	59.420
21.09	21.10	0.218679	59.520
21.09	21.10	0.218696	59.621
21.12	21.10	0.218712	59.720
21.12	21.10	0.218729	59.820
21.12	21.10	0.218746	59.920
21.12	21.10	0.218762	00.019
21.12	21.10	0.218779	00.120
21.12	21.11	0.218796	00.220
21.12	21.11	0.218812	00.321
21.12	21.11	0.218829	00.420
21.12	21.11	0.218846	00.520
21.12	21.11	0.218862	00.644
21.12	21.11	0.218879	00.744
21.12	21.11	0.218896	00.848
21.12	21.11	0.218912	00.943
21.12	21.12	0.218929	01.042
21.12	21.12	0.218946	01.147
21.12	21.12	0.218962	01.242
21.12	21.12	0.218979	01.341
21.12	21.12	0.218996	01.446
21.12	21.12	0.219012	01.540
21.12	21.12	0.219029	01.640
21.12	21.12	0.219046	01.744
21.12	21.12	0.219062	01.839
21.12	21.12	0.219079	01.938
21.12	21.12	0.219096	02.043
21.12	21.12	0.219112	02.138
21.15	21.12	0.219129	02.238
21.15	21.12	0.219146	02.343
21.15	21.12	0.219162	02.437
21.15	21.12	0.219179	02.537
21.15	21.12	0.219196	02.641
21.15	21.12	0.219212	02.736
21.15	21.12	0.219229	02.836
21.15	21.12	0.219246	02.940
21.15	21.12	0.219262	03.035
21.15	21.12	0.219279	03.136
21.12	21.12	0.219296	03.239
21.12	21.12	0.219312	03.333
21.12	21.12	0.219329	03.437
21.12	21.12	0.219346	03.537
21.12	21.11	0.219362	03.632
21.12	21.11	0.219379	03.737
21.12	21.11	0.219396	03.836
21.12	21.11	0.219412	03.931
21.12	21.11	0.219429	04.035
21.12	21.11	0.219446	04.135
21.12	21.11	0.219462	04.229
21.12	21.11	0.219479	04.334
21.12	21.11	0.219496	04.433
21.12	21.11	0.219512	04.528
21.09	21.10	0.219529	04.634
21.09	21.10	0.219545	04.732
21.09	21.10	0.219562	04.828
21.09	21.10	0.219579	04.932
21.09	21.10	0.219595	05.027
21.09	21.10	0.219612	05.126
21.09	21.10	0.219629	05.231
21.09	21.09	0.219645	05.326
21.09	21.09	0.219662	05.425
21.09	21.09	0.219679	05.530
21.09	21.09	0.219695	05.624
21.09	21.09	0.219712	05.724
21.09	21.09	0.219729	05.828
21.09	21.08	0.219745	05.923
21.09	21.08	0.219762	06.023
21.09	21.08	0.219779	06.127
21.09	21.08	0.219795	06.222
21.09	21.08	0.219812	06.321
21.09	21.08	0.219829	06.426
21.09	21.07	0.219845	06.520
21.09	21.07	0.219862	06.620
21.09	21.07	0.219879	06.724
21.09	21.07	0.219895	06.820
21.09	21.07	0.219912	06.920
21.09	21.07	0.219929	07.024
21.09	21.06	0.219945	07.120
21.09	21.06	0.219962	07.220
21.09	21.06	0.219979	07.323
21.09	21.06	0.219995	07.420
21.09	21.06	0.220012	07.520
21.09	21.06	0.220029	07.622
21.09	21.05	0.220045	07.720
21.09	21.05	0.220062	07.820
21.07	21.05	0.220079	07.920
21.07	21.05	0.220095	08.020
21.07	21.05	0.220112	08.120
21.07	21.05	0.220129	08.220
21.07	21.04	0.220145	08.320
21.07	21.04	0.220162	08.420
21.04	21.04	0.220179	08.521
21.04	21.04	0.220195	08.620
21.04	21.04	0.220212	08.720
21.04	21.04	0.220229	08.820
21.04	21.04	0.220245	08.920
21.02	21.03	0.220262	09.020
21.02	21.03	0.220279	09.120
21.02	21.03	0.220295	09.221
21.02	21.03	0.220312	09.320
21.02	21.03	0.220329	09.420
21.02	21.03	0.220345	09.520
21.02	21.03	0.220362	09.620
21.02	21.03	0.220378	09.720
21.02	21.02	0.220395	09.820
21.02	21.02	0.220412	09.920
21.02	21.02	0.220428	10.021
20.99	21.02	0.220445	10.120
20.99	21.02	0.220462	10.220
20.99	21.02	0.220478	10.320
20.99	21.02	0.220495	10.420
20.99	21.02	0.220512	10.520
20.99	21.02	0.220528	10.620
20.99	21.02	0.220545	10.721
20.99	21.02	0.220562	10.821
20.99	21.02	0.220578	10.922
20.99	21.02	0.220595	11.021
20.99	21.02	0.220612	11.121
21.02	21.02	0.220628	11.221
21.02	21.02	0.220645	11.321
21.02	21.02	0.220662	11.421
21.02	21.02	0.220678	11.521
21.02	21.02	0.220695	11.622
21.02	21.02	0.220712	11.721
21.02	21.02	0.220728	11.821
21.02	21.02	0.220745	11.921
21.02	21.02	0.220762	12.021
21.02	21.02	0.220778	12.121
21.02	21.02	0.220795	12.221
21.02	21.02	0.220812	12.321
21.02	21.02	0.220828	12.421
21.02	21.02	0.220845	12.522
21.02	21.02	0.220862	12.621
21.02	21.02	0.220878	12.721
21.02	21.02	0.220895	12.821
21.02	21.02	0.220912	12.921
21.02	21.02	0.220928	13.045
21.02	21.02	0.220945	13.150
21.02	21.02	0.220962	13.244
21.02	21.02	0.220978	13.344
21.02	21.03	0.220995	13.448
21.02	21.03	0.221012	13.543
21.02	21.03	0.221028	13.643
21.02	21.03	0.221045	13.747
21.02	21.03	0.221062	13.842
21.02	21.03	0.221078	13.941
21.02	21.03	0.221095	14.046
21.02	21.04	0.221112	14.140
21.02	21.04	0.221128	14.240
21.02	21.04	0.221145	14.345
21.02	21.04	0.221162	14.440
21.02	21.04	0.221178	14.539
21.02	21.05	0.221195	14.644
21.02	21.05	0.221211	14.738
21.04	21.05	0.221228	14.838
21.04	21.05	0.221245	14.942
21.04	21.05	0.221261	15.037
21.04	21.06	0.221278	15.137
21.04	21.06	0.221295	15.241
21.04	21.06	0.221311	15.336
21.04	21.06	0.221328	15.435
21.04	21.07	0.221345	15.540
21.04	21.07	0.221361	15.634
21.04	21.07	0.221378	15.735
21.04	21.07	0.221395	15.839
21.07	21.08	0.221411	15.934
21.07	21.08	0.221428	16.035
21.07	21.08	0.221445	16.138
21.07	21.09	0.221461	16.233
21.07	21.09	0.221478	16.334
21.07	21.09	0.221495	16.437
21.07	21.09	0.221511	16.532
21.09	21.10	0.221528	16.635
21.09	21.10	0.221545	16.736
21.09	21.10	0.221561	16.830
21.09	21.11	0.221578	16.935
21.09	21.11	0.221595	17.034
21.09	21.11	0.221611	17.129
21.09	21.12	0.221628	17.233
21.12	21.12	0.221645	17.333
21.12	21.12	0.221661	17.428
21.12	21.13	0.221678	17.532
21.12	21.13	0.221695	17.632
21.12	21.13	0.221711	17.726
21.12	21.14	0.221728	17.831
21.15	21.14	0.221745	17.931
21.15	21.14	0.221761	18.026
21.15	21.15	0.221778	18.130
21.15	21.15	0.221795	18.225
21.15	21.15	0.221811	18.325
21.15	21.16	0.221828	18.429
21.15	21.16	0.221845	18.524
21.17	21.16	0.221861	18.623
21.17	21.17	0.221878	18.728
21.17	21.17	0.221895	18.823
21.17	21.17	0.221911	18.923
21.17	21.18	0.221928	19.027
21.17	21.18	0.221945	19.123
21.17	21.18	0.221961	19.223
21.17	21.19	0.221978	19.325
21.17	21.19	0.221995	19.422
21.20	21.20	0.222011	19.523
21.20	21.20	0.222028	19.624
21.20	21.20	0.222044	19.723
21.20	21.21	0.222061	19.824
21.20	21.21	0.222078	19.923
21.20	21.21	0.222094	20.023
21.20	21.22	0.222111	20.123
21.20	21.22	0.222128	20.223
21.22	21.22	0.222144	20.323
21.22	21.23	0.222161	20.423
21.22	21.23	0.222178	20.523
21.22	21.23	0.222194	20.623
21.22	21.24	0.222211	20.724
21.22	21.24	0.222228	20.823
21.25	21.24	0.222244	20.923
21.25	21.25	0.222261	21.023
21.25	21.25	0.222278	21.123
21.25	21.25	0.222294	21.223
21.25	21.25	0.222311	21.323
21.25	21.26	0.222328	21.424
21.25	21.26	0.222344	21.523
21.27	21.26	0.222361	21.623
21.27	21.27	0.222378	21.723
21.27	21.27	0.222394	21.822
21.27	21.27	0.222411	21.922
21.27	21.27	0.222428	22.022
21.27	21.28	0.222444	22.123
21.27	21.28	0.222461	22.223
21.27	21.28	0.222478	22.324
21.30	21.28	0.222494	22.423
21.30	21.29	0.222511	22.523
21.30	21.29	0.222528	22.624
21.30	21.29	0.222544	22.724
21.30	21.29	0.222561	22.824
21.30	21.30	0.222578	22.924
21.30	21.30	0.222594	23.024
21.30	21.30	0.222611	23.124
21.30	21.30	0.222628	23.225
21.30	21.30	0.222644	23.324
21.33	21.31	0.222661	23.424
21.33	21.31	0.222678	23.524
21.33	21.31	0.222694	23.624
21.33	21.31	0.222711	23.724
21.33	21.31	0.222728	23.824
21.33	21.32	0.222744	23.925
21.33	21.32	0.222761	24.024
21.33	21.32	0.222778	24.124
21.33	21.32	0.222794	24.224
21.33	21.32	0.222811	24.324
21.33	21.32	0.222828	24.424
21.33	21.32	0.222844	24.524
21.33	21.32	0.222861	24.624
21.33	21.33	0.222877	24.724
21.33	21.33	0.222894	24.853
21.33	21.33	0.222911	24.953
21.33	21.33	0.222927	25.048
21.33	21.33	0.222944	25.152
21.33	21.33	0.222961	25.252
21.33	21.33	0.222977	25.347
21.33	21.33	0.222994	25.452
21.33	21.33	0.223011	25.551
21.33	21.33	0.223027	25.646
21.33	21.33	0.223044	25.751
21.33	21.33	0.223061	25.850
21.33	21.33	0.223077	25.945
21.33	21.33	0.223094	26.049
21.33	21.33	0.223111	26.144
21.33	21.33	0.223127	26.243
21.33	21.33	0.223144	26.348
21.35	21.33	0.223161	26.442
21.35	21.33	0.223177	26.542
21.35	21.33	0.223194	26.647
21.35	21.33	0.223211	26.741
21.35	21.33	0.223227	26.841
21.35	21.33	0.223244	26.945
21.35	21.33	0.223261	27.040
21.35	21.33	0.223277	27.139
21.35	21.33	0.223294	27.244
21.35	21.33	0.223311	27.339
21.35	21.33	0.223327	27.438
21.35	21.33	0.223344	27.544
21.35	21.33	0.223361	27.638
21.35	21.33	0.223377	27.738
21.35	21.33	0.223394	27.842
21.35	21.32	0.223411	27.937
21.33	21.32	0.223427	28.036
21.33	21.32	0.223444	28.141
21.33	21.32	0.223461	28.236
21.33	21.32	0.223477	28.335
21.33	21.32	0.223494	28.440
21.33	21.32	0.223511	28.534
21.33	21.32	0.223527	28.634
21.33	21.32	0.223544	28.738
21.33	21.31	0.223561	28.833
21.33	21.31	0.223577	28.934
21.33	21.31	0.223594	29.037
21.33	21.31	0.223611	29.132
21.33	21.31	0.223627	29.233
21.33	21.31	0.223644	29.336
21.33	21.31	0.223661	29.430
21.33	21.30	0.223677	29.533
21.33	21.30	0.223694	29.635
21.30	21.30	0.223710	29.730
21.30	21.30	0.223727	29.833
21.30	21.30	0.223744	29.933
21.30	21.30	0.223760	30.028
21.30	21.29	0.223777	30.133
21.30	21.29	0.223794	30.233
21.30	21.29	0.223810	30.327
21.30	21.29	0.223827	30.431
21.30	21.29	0.223844	30.531
21.30	21.29	0.223860	30.626
21.30	21.28	0.223877	30.730
21.30	21.28	0.223894	30.831
21.27	21.28	0.223910	30.924
21.27	21.28	0.223927	31.029
21.27	21.28	0.223944	31.129
21.27	21.28	0.223960	31.224
21.27	21.27	0.223977	31.329
21.27	21.27	0.223994	31.428
21.27	21.27	0.224010	31.524
21.27	21.27	0.224027	31.627
21.27	21.27	0.224044	31.728
21.27	21.27	0.224060	31.824
21.27	21.26	0.224077	31.926
21.27	21.26	0.224094	32.028
21.27	21.26	0.224110	32.124
21.27	21.26	0.224127	32.225
21.27	21.26	0.224144	32.328
21.27	21.26	0.224160	32.424
21.27	21.25	0.224177	32.524
21.27	21.25	0.224194	32.628
21.27	21.25	0.224210	32.724
21.27	21.25	0.224227	32.824
21.25	21.25	0.224244	32.929
21.25	21.25	0.224260	33.024
21.25	21.25	0.224277	33.124
21.25	21.24	0.224294	33.228
21.25	21.24	0.224310	33.324
21.25	21.24	0.224327	33.424
21.25	21.24	0.224344	33.528
21.25	21.24	0.224360	33.624
21.25	21.24	0.224377	33.724
21.25	21.24	0.224394	33.828
21.25	21.24	0.224410	33.924
21.25	21.24	0.224427	34.024
21.25	21.24	0.224444	34.128
21.22	21.23	0.224460	34.224
21.22	21.23	0.224477	34.324
21.22	21.23	0.224494	34.428
21.22	21.23	0.224510	34.525
21.22	21.23	0.224527	34.624
21.22	21.23	0.224543	34.728
21.22	21.23	0.224560	34.824
21.22	21.23	0.224577	34.924
21.22	21.23	0.224593	35.028
21.22	21.23	0.224610	35.124
21.22	21.23	0.224627	35.224
21.22	21.23	0.224643	35.328
21.22	21.23	0.224660	35.425
21.22	21.23	0.224677	35.524
21.22	21.23	0.224693	35.628
21.22	21.23	0.224710	35.724
21.22	21.23	0.224727	35.824
21.22	21.23	0.224743	35.928
21.22	21.23	0.224760	36.024
21.22	21.23	0.224777	36.125
21.22	21.23	0.224793	36.228
21.22	21.23	0.224810	36.324
21.22	21.23	0.224827	36.424
21.22	21.23	0.224843	36.528
21.22	21.23	0.224860	36.624
21.22	21.23	0.224877	36.724
21.22	21.23	0.224893	36.827
21.22	21.23	0.224910	36.925
21.22	21.24	0.224927	37.026
21.22	21.24	0.224943	37.128
21.22	21.24	0.224960	37.225
21.22	21.24	0.224977	37.325
21.22	21.24	0.224993	37.428
21.22	21.24	0.225010	37.554
21.22	21.24	0.225027	37.649
21.22	21.24	0.225043	37.727
21.22	21.24	0.225060	37.853
21.25	21.25	0.225077	37.948
21.25	21.25	0.225093	38.052
21.25	21.25	0.225110	38.152
21.25	21.25	0.225127	38.246
21.25	21.25	0.225143	38.351
21.25	21.26	0.225160	38.450
21.25	21.26	0.225177	38.545
21.25	21.26	0.225193	38.649
21.25	21.26	0.225210	38.749
21.25	21.26	0.225227	38.844
21.25	21.27	0.225243	38.948
21.25	21.27	0.225260	39.048
21.25	21.27	0.225277	39.142
21.27	21.27	0.225293	39.247
21.27	21.27	0.225310	39.341
21.27	21.28	0.225327	39.442
21.27	21.28	0.225343	39.545
21.27	21.28	0.225360	39.640
21.27	21.28	0.225376	39.740
21.27	21.29	0.225393	39.845
21.27	21.29	0.225410	39.940
21.27	21.29	0.225426	40.039
21.27	21.30	0.225443	40.144
21.27	21.30	0.225460	40.238
21.27	21.30	0.225476	40.338
21.30	21.30	0.225493	40.443
21.30	21.31	0.225510	40.537
21.30	21.31	0.225526	40.637
21.30	21.31	0.225543	40.741
21.30	21.32	0.225560	40.836
21.30	21.32	0.225576	40.935
21.30	21.32	0.225593	41.040
21.30	21.33	0.225610	41.134
21.33	21.33	0.225626	41.234
21.33	21.33	0.225643	41.339
21.33	21.34	0.225660	41.433
21.33	21.34	0.225676	41.533
21.33	21.34	0.225693	41.637
21.33	21.35	0.225710	41.732
21.33	21.35	0.225726	41.831
21.33	21.35	0.225743	41.937
21.35	21.36	0.225760	42.032
21.35	21.36	0.225776	42.131
21.35	21.36	0.225793	42.236
21.35	21.37	0.225810	42.330
21.35	21.37	0.225826	42.432
21.35	21.37	0.225843	42.534
21.35	21.38	0.225860	42.629
21.35	21.38	0.225876	42.731
21.35	21.38	0.225893	42.833
21.38	21.39	0.225910	42.928
21.38	21.39	0.225926	43.031
21.38	21.39	0.225943	43.132
21.38	21.40	0.225960	43.226
21.38	21.40	0.225976	43.331
21.40	21.41	0.225993	43.430
21.40	21.41	0.226010	43.526
21.40	21.41	0.226026	43.630
21.40	21.42	0.226043	43.729
21.40	21.42	0.226060	43.826
21.40	21.42	0.226076	43.928
21.43	21.43	0.226093	44.028
21.43	21.43	0.226110	44.126
21.43	21.43	0.226126	44.228
21.43	21.44	0.226143	44.327
21.43	21.44	0.226160	44.426
21.45	21.44	0.226176	44.527
21.45	21.45	0.226193	44.627
21.45	21.45	0.226209	44.726
21.45	21.45	0.226226	44.826
21.45	21.46	0.226243	44.927
21.45	21.46	0.226259	45.026
21.45	21.46	0.226276	45.126
21.48	21.46	0.226293	45.227
21.48	21.47	0.226309	45.326
21.48	21.47	0.226326	45.426
21.48	21.47	0.226343	45.526
21.48	21.48	0.226359	45.626
21.48	21.48	0.226376	45.726
21.48	21.48	0.226393	45.827
21.48	21.48	0.226409	45.926
21.48	21.49	0.226426	46.026
21.50	21.49	0.226443	46.127
21.50	21.49	0.226459	46.226
21.50	21.50	0.226476	46.326
21.50	21.50	0.226493	46.426
21.50	21.50	0.226509	46.526
21.50	21.50	0.226526	46.626
21.50	21.51	0.226543	46.726
21.50	21.51	0.226559	46.827
21.50	21.51	0.226576	46.926
21.50	21.51	0.226593	47.027
21.50	21.51	0.226609	47.126
21.53	21.52	0.226626	47.226
21.53	21.52	0.226643	47.326
21.53	21.52	0.226659	47.427
21.53	21.52	0.226676	47.527
21.53	21.52	0.226693	47.627
21.53	21.53	0.226709	47.728
21.53	21.53	0.226726	47.827
21.53	21.53	0.226743	47.927
21.53	21.53	0.226759	48.026
21.53	21.53	0.226776	48.127
21.56	21.53	0.226793	48.227
21.56	21.53	0.226809	48.327
21.56	21.54	0.226826	48.427
21.56	21.54	0.226843	48.527
21.56	21.54	0.226859	48.628
21.56	21.54	0.226876	48.727
21.56	21.54	0.226893	48.827
21.56	21.54	0.226909	48.928
21.56	21.54	0.226926	49.028
21.56	21.54	0.226943	49.128
21.56	21.54	0.226959	49.228
21.56	21.54	0.226976	49.352
21.56	21.54	0.226993	49.427
21.56	21.54	0.227009	49.556
21.56	21.55	0.227026	49.651
21.56	21.55	0.227042	49.751
21.56	21.55	0.227059	49.855
21.56	21.55	0.227076	49.950
21.56	21.55	0.227092	50.050
21.56	21.55	0.227109	50.155
21.56	21.55	0.227126	50.249
21.56	21.55	0.227142	50.351
21.56	21.55	0.227159	50.454
21.56	21.55	0.227176	50.548
21.56	21.55	0.227192	50.651
21.56	21.55	0.227209	50.752
21.56	21.55	0.227226	50.847
21.56	21.55	0.227242	50.950
21.56	21.54	0.227259	51.051
21.56	21.54	0.227276	51.145
21.56	21.54	0.227292	51.250
21.53	21.54	0.227309	51.350
21.53	21.54	0.227326	51.444
21.53	21.54	0.227342	51.549
21.53	21.54	0.227359	51.648
21.53	21.54	0.227376	51.743
21.53	21.54	0.227392	51.847
21.53	21.54	0.227409	51.947
21.53	21.54	0.227426	52.042
21.53	21.54	0.227442	52.146
21.53	21.54	0.227459	52.246
21.53	21.53	0.227476	52.340
21.53	21.53	0.227492	52.446
21.53	21.53	0.227509	52.540
21.53	21.53	0.227526	52.640
21.53	21.53	0.227542	52.744
21.53	21.53	0.227559	52.839
21.53	21.53	0.227576	52.939
21.53	21.53	0.227592	53.043
21.53	21.52	0.227609	53.138
21.56	21.52	0.227626	53.237
21.56	21.52	0.227642	53.342
21.56	21.52	0.227659	53.436
21.56	21.52	0.227676	53.536
21.56	21.52	0.227692	53.641
21.53	21.51	0.227709	53.735
21.53	21.51	0.227726	53.835
21.53	21.51	0.227742	53.939
21.53	21.51	0.227759	54.034
21.53	21.51	0.227776	54.133
21.53	21.51	0.227792	54.238
21.53	21.50	0.227809	54.333
21.53	21.50	0.227826	54.433
21.53	21.50	0.227842	54.538
21.50	21.50	0.227859	54.632
21.50	21.50	0.227875	54.731
21.50	21.50	0.227892	54.836
21.50	21.49	0.227909	54.931
21.50	21.49	0.227925	55.030
21.50	21.49	0.227942	55.135
21.50	21.49	0.227959	55.230
21.48	21.49	0.227975	55.330
21.48	21.49	0.227992	55.434
21.48	21.48	0.228009	55.529
21.48	21.48	0.228025	55.630
21.48	21.48	0.228042	55.732
21.48	21.48	0.228059	55.829
21.48	21.48	0.228075	55.930
21.48	21.48	0.228092	56.031
21.48	21.47	0.228109	56.131
21.48	21.47	0.228125	56.230
21.48	21.47	0.228142	56.330
21.48	21.47	0.228159	56.430
21.48	21.47	0.228175	56.530
21.48	21.47	0.228192	56.630
21.45	21.46	0.228209	56.730
21.45	21.46	0.228225	56.831
21.45	21.46	0.228242	56.930
21.45	21.46	0.228259	57.030
21.45	21.46	0.228275	57.130
21.45	21.46	0.228292	57.230
21.45	21.46	0.228309	57.330
21.45	21.46	0.228325	57.430
21.45	21.45	0.228342	57.530
21.45	21.45	0.228359	57.630
21.45	21.45	0.228375	57.730
21.45	21.45	0.228392	57.830
21.45	21.45	0.228409	57.930
21.45	21.45	0.228425	58.030
21.45	21.45	0.228442	58.130
21.45	21.45	0.228459	58.230
21.45	21.45	0.228475	58.330
21.45	21.45	0.228492	58.431
21.45	21.45	0.228509	58.530
21.45	21.44	0.228525	58.630
21.45	21.44	0.228542	58.730
21.45	21.44	0.228559	58.830
21.45	21.44	0.228575	58.930
21.45	21.44	0.228592	59.030
21.45	21.44	0.228609	59.130
21.45	21.44	0.228625	59.230
21.45	21.44	0.228642	59.331
21.45	21.44	0.228659	59.430
21.45	21.44	0.228675	59.530
21.45	21.44	0.228692	59.630
21.43	21.44	0.228708	59.730
21.43	21.44	0.228725	59.830
21.43	21.44	0.228742	59.930
21.43	21.44	0.228758	00.031
21.43	21.44	0.228775	00.130
21.43	21.44	0.228792	00.230
21.43	21.44	0.228808	00.330
21.43	21.44	0.228825	00.430
21.43	21.44	0.228842	00.530
21.43	21.45	0.228858	00.630
21.43	21.45	0.228875	00.730
21.43	21.45	0.228892	00.830
21.43	21.45	0.228908	00.931
21.43	21.45	0.228925	01.030
21.43	21.45	0.228942	01.130
21.43	21.45	0.228958	01.230
21.43	21.45	0.228975	01.330
21.43	21.45	0.228992	01.430
21.43	21.45	0.229008	01.530
21.45	21.46	0.229025	01.654
21.45	21.46	0.229042	01.754
21.45	21.46	0.229058	01.859
21.45	21.46	0.229075	01.953
21.45	21.46	0.229092	02.053
21.45	21.46	0.229108	02.157
21.45	21.46	0.229125	02.252
21.45	21.47	0.229142	02.351
21.45	21.47	0.229158	02.456
21.45	21.47	0.229175	02.550
21.45	21.47	0.229192	02.650
21.45	21.47	0.229208	02.755
21.45	21.48	0.229225	02.849
21.48	21.48	0.229242	02.949
21.48	21.48	0.229258	03.053
21.48	21.48	0.229275	03.148
21.48	21.49	0.229292	03.249
21.48	21.49	0.229308	03.353
21.48	21.49	0.229325	03.447
21.48	21.49	0.229342	03.549
21.48	21.50	0.229358	03.652
21.48	21.50	0.229375	03.746
21.48	21.50	0.229392	03.849
21.48	21.50	0.229408	03.950
21.50	21.51	0.229425	04.045
21.50	21.51	0.229442	04.148
21.50	21.51	0.229458	04.249
21.50	21.51	0.229475	04.344
21.50	21.52	0.229492	04.448
21.50	21.52	0.229508	04.548
21.50	21.52	0.229525	04.642
21.50	21.53	0.229541	04.747
21.53	21.53	0.229558	04.846
21.53	21.53	0.229575	04.941
21.53	21.54	0.229591	05.045
21.53	21.54	0.229608	05.145
21.53	21.54	0.229625	05.240
21.53	21.55	0.229641	05.344
21.53	21.55	0.229658	05.445
21.56	21.55	0.229675	05.539
21.56	21.56	0.229691	05.644
21.56	21.56	0.229708	05.738
21.56	21.56	0.229725	05.838
21.56	21.57	0.229741	05.943
21.56	21.57	0.229758	06.037
21.56	21.57	0.229775	06.137
21.56	21.58	0.229791	06.241
21.58	21.58	0.229808	06.336
21.58	21.58	0.229825	06.435
21.58	21.59	0.229841	06.540
21.58	21.59	0.229858	06.635
21.58	21.59	0.229875	06.734
21.58	21.60	0.229891	06.839
21.58	21.60	0.229908	06.933
21.61	21.60	0.229925	07.033
21.61	21.61	0.229941	07.137
21.61	21.61	0.229958	07.232
21.61	21.61	0.229975	07.331
21.61	21.62	0.229991	07.436
21.61	21.62	0.230008	07.531
21.61	21.63	0.230025	07.630
21.61	21.63	0.230041	07.735
21.63	21.63	0.230058	07.830
21.63	21.64	0.230075	07.930
21.63	21.64	0.230091	08.034
21.63	21.64	0.230108	08.130
21.63	21.65	0.230125	08.230
21.63	21.65	0.230141	08.333
21.63	21.65	0.230158	08.430
21.66	21.66	0.230175	08.530
21.66	21.66	0.230191	08.632
21.66	21.66	0.230208	08.730
21.66	21.67	0.230225	08.830
21.66	21.67	0.230241	08.930
21.66	21.67	0.230258	09.030
21.66	21.67	0.230275	09.131
21.66	21.68	0.230291	09.230
21.68	21.68	0.230308	09.330
21.68	21.68	0.230325	09.430
21.68	21.69	0.230341	09.530
21.68	21.69	0.230358	09.630
21.68	21.69	0.230374	09.730
21.68	21.70	0.230391	09.830
21.68	21.70	0.230408	09.930
21.71	21.70	0.230424	10.031
21.71	21.70	0.230441	10.130
21.71	21.71	0.230458	10.230
21.71	21.71	0.230474	10.330
21.71	21.71	0.230491	10.430
21.71	21.71	0.230508	10.530
21.71	21.72	0.230524	10.630
21.74	21.72	0.230541	10.731
21.74	21.72	0.230558	10.830
21.74	21.72	0.230574	10.930
21.74	21.73	0.230591	11.030
21.74	21.73	0.230608	11.130
21.74	21.73	0.230624	11.230
21.74	21.73	0.230641	11.330
21.74	21.73	0.230658	11.430
21.74	21.74	0.230674	11.530
21.74	21.74	0.230691	11.631
21.74	21.74	0.230708	11.730
21.74	21.74	0.230724	11.830
21.76	21.74	0.230741	11.930
21.76	21.74	0.230758	12.030
21.76	21.74	0.230774	12.130
21.76	21.75	0.230791	12.230
21.76	21.75	0.230808	12.331
21.76	21.75	0.230824	12.430
21.76	21.75	0.230841	12.530
21.76	21.75	0.230858	12.630
21.76	21.75	0.230874	12.730
21.76	21.75	0.230891	12.830
21.76	21.75	0.230908	12.930
21.76	21.76	0.230924	13.030
21.76	21.76	0.230941	13.130
21.76	21.76	0.230958	13.231
21.76	21.76	0.230974	13.330
21.76	21.76	0.230991	13.430
21.76	21.76	0.231008	13.530
21.76	21.76	0.231024	13.630
21.76	21.76	0.231041	13.730
21.76	21.76	0.231058	13.830
21.76	21.76	0.231074	13.930
21.76	21.76	0.231091	14.030
21.76	21.76	0.231108	14.131
21.79	21.76	0.231124	14.230
21.79	21.76	0.231141	14.330
21.79	21.76	0.231158	14.459
21.79	21.76	0.231174	14.554
21.79	21.76	0.231191	14.653
21.79	21.76	0.231207	14.758
21.79	21.76	0.231224	14.852
21.79	21.76	0.231241	14.952
21.79	21.76	0.231257	15.057
21.79	21.76	0.231274	15.151
21.76	21.76	0.231291	15.251
21.76	21.76	0.231307	15.355
21.76	21.76	0.231324	15.450
21.76	21.76	0.231341	15.549
21.76	21.75	0.231357	15.655
21.76	21.75	0.231374	15.748
21.76	21.75	0.231391	15.848
21.76	21.75	0.231407	15.954
21.76	21.75	0.231424	16.048
21.76	21.75	0.231441	16.148
21.76	21.75	0.231457	16.252
21.76	21.75	0.231474	16.347
21.76	21.75	0.231491	16.447
21.76	21.75	0.231507	16.551
21.76	21.74	0.231524	16.646
21.76	21.74	0.231541	16.747
21.76	21.74	0.231557	16.850
21.76	21.74	0.231574	16.944
21.74	21.74	0.231591	17.048
21.74	21.74	0.231607	17.148
21.74	21.74	0.231624	17.243
21.74	21.73	0.231641	17.347
21.74	21.73	0.231657	17.447
21.74	21.73	0.231674	17.542
21.74	21.73	0.231691	17.646
21.74	21.73	0.231707	17.746
21.74	21.73	0.231724	17.840
21.74	21.72	0.231741	17.946
21.74	21.72	0.231757	18.045
21.74	21.72	0.231774	18.140
21.74	21.72	0.231791	18.244
21.74	21.72	0.231807	18.344
21.74	21.72	0.231824	18.439
21.74	21.71	0.231841	18.543
21.74	21.71	0.231857	18.643
21.71	21.71	0.231874	18.737
21.71	21.71	0.231891	18.842
21.71	21.71	0.231907	18.936
21.71	21.71	0.231924	19.036
21.71	21.70	0.231941	19.141
21.71	21.70	0.231957	19.235
21.71	21.70	0.231974	19.335
21.71	21.70	0.231991	19.439
21.71	21.70	0.232007	19.534
21.71	21.70	0.232024	19.633
21.71	21.69	0.232040	19.738
21.71	21.69	0.232057	19.832
21.68	21.69	0.232074	19.932
21.68	21.69	0.232090	20.037
21.68	21.69	0.232107	20.131
21.68	21.69	0.232124	20.231
21.68	21.68	0.232140	20.335
21.68	21.68	0.232157	20.431
21.68	21.68	0.232174	20.531
21.68	21.68	0.232190	20.635
21.68	21.68	0.232207	20.732
21.68	21.68	0.232224	20.831
21.68	21.68	0.232240	20.934
21.68	21.67	0.232257	21.030
21.68	21.67	0.232274	21.131
21.68	21.67	0.232290	21.232
21.68	21.67	0.232307	21.331
21.68	21.67	0.232324	21.431
21.68	21.67	0.232340	21.531
21.68	21.67	0.232357	21.631
21.68	21.67	0.232374	21.731
21.68	21.66	0.232390	21.831
21.66	21.66	0.232407	21.931
21.66	21.66	0.232424	22.031
21.66	21.66	0.232440	22.131
21.66	21.66	0.232457	22.231
21.66	21.66	0.232474	22.331
21.66	21.66	0.232490	22.432
21.66	21.66	0.232507	22.531
21.66	21.66	0.232524	22.631
21.66	21.66	0.232540	22.731
21.66	21.66	0.232557	22.831
21.66	21.66	0.232574	22.931
21.66	21.66	0.232590	23.031
21.66	21.66	0.232607	23.131
21.66	21.66	0.232624	23.231
21.66	21.66	0.232640	23.331
21.66	21.66	0.232657	23.431
21.66	21.66	0.232674	23.531
21.66	21.66	0.232690	23.631
21.63	21.66	0.232707	23.731
21.63	21.66	0.232724	23.831
21.63	21.66	0.232740	23.931
21.63	21.66	0.232757	24.032
21.63	21.66	0.232774	24.131
21.63	21.66	0.232790	24.231
21.63	21.66	0.232807	24.331
21.63	21.66	0.232824	24.431
21.63	21.66	0.232840	24.531
21.63	21.66	0.232857	24.631
21.63	21.66	0.232873	24.731
21.66	21.66	0.232890	24.831
21.66	21.66	0.232907	24.932
21.66	21.66	0.232923	25.031
21.66	21.66	0.232940	25.131
21.66	21.66	0.232957	25.231
21.66	21.66	0.232973	25.331
21.66	21.67	0.232990	25.431
21.66	21.67	0.233007	25.531
21.66	21.67	0.233023	25.632
21.66	21.67	0.233040	25.731
21.66	21.67	0.233057	25.831
21.66	21.67	0.233073	25.931
21.66	21.67	0.233090	26.031
21.66	21.68	0.233107	26.131
21.66	21.68	0.233123	26.231
21.66	21.68	0.233140	26.331
21.66	21.68	0.233157	26.432
21.68	21.68	0.233173	26.561
21.68	21.69	0.233190	26.631
21.68	21.69	0.233207	26.761
21.68	21.69	0.233223	26.855
21.68	21.69	0.233240	26.955
21.68	21.69	0.233257	27.059
21.68	21.70	0.233273	27.154
21.68	21.70	0.233290	27.253
21.68	21.70	0.233307	27.358
21.68	21.70	0.233323	27.453
21.68	21.71	0.233340	27.552
21.68	21.71	0.233357	27.658
21.71	21.71	0.233373	27.752
21.71	21.71	0.233390	27.852
21.71	21.72	0.233407	27.956
21.71	21.72	0.233423	28.051
21.71	21.72	0.233440	28.150
21.71	21.73	0.233457	28.255
21.71	21.73	0.233473	28.350
21.71	21.73	0.233490	28.449
21.71	21.73	0.233507	28.554
21.74	21.74	0.233523	28.648
21.74	21.74	0.233540	28.748
21.74	21.74	0.233557	28.852
21.74	21.75	0.233573	28.947
21.74	21.75	0.233590	29.046
21.74	21.75	0.233607	29.151
21.74	21.76	0.233623	29.245
21.76	21.76	0.233640	29.346
21.76	21.76	0.233657	29.450
21.76	21.77	0.233673	29.545
21.76	21.77	0.233690	29.646
21.76	21.77	0.233706	29.749
21.76	21.78	0.233723	29.844
21.76	21.78	0.233740	29.945
21.79	21.78	0.233756	30.048
21.79	21.79	0.233773	30.142
21.79	21.79	0.233790	30.246
21.79	21.79	0.233806	30.347
21.79	21.80	0.233823	30.441
21.79	21.80	0.233840	30.546
21.79	21.80	0.233856	30.645
21.81	21.81	0.233873	30.740
21.81	21.81	0.233890	30.844
21.81	21.81	0.233906	30.944
21.81	21.82	0.233923	31.038
21.81	21.82	0.233940	31.143
21.81	21.82	0.233956	31.243
21.81	21.83	0.233973	31.337
21.81	21.83	0.233990	31.442
21.81	21.84	0.234006	31.541
21.84	21.84	0.234023	31.637
21.84	21.84	0.234040	31.741
21.84	21.85	0.234056	31.836
21.84	21.85	0.234073	31.936
21.84	21.85	0.234090	32.040
21.84	21.86	0.234106	32.135
21.84	21.86	0.234123	32.234
21.84	21.86	0.234140	32.339
21.86	21.87	0.234156	32.433
21.86	21.87	0.234173	32.533
21.86	21.87	0.234190	32.637
21.86	21.88	0.234206	32.733
21.86	21.88	0.234223	32.834
21.86	21.88	0.234240	32.936
21.89	21.89	0.234256	33.033
21.89	21.89	0.234273	33.133
21.89	21.89	0.234290	33.235
21.89	21.89	0.234306	33.333
21.89	21.90	0.234323	33.433
21.89	21.90	0.234340	33.534
21.89	21.90	0.234356	33.633
21.92	21.91	0.234373	33.733
21.92	21.91	0.234390	33.833
21.92	21.91	0.234406	33.933
21.92	21.91	0.234423	34.033
21.92	21.92	0.234440	34.133
21.92	21.92	0.234456	34.233
21.92	21.92	0.234473	34.333
21.92	21.92	0.234490	34.434
21.94	21.93	0.234506	34.533
21.94	21.93	0.234523	34.633
21.94	21.93	0.234539	34.733
21.94	21.93	0.234556	34.833
21.94	21.94	0.234573	34.933
21.94	21.94	0.234589	35.033
21.94	21.94	0.234606	35.133
21.94	21.94	0.234623	35.233
21.94	21.94	0.234639	35.334
21.94	21.95	0.234656	35.433
21.94	21.95	0.234673	35.533
21.94	21.95	0.234689	35.633
21.94	21.95	0.234706	35.733
21.97	21.95	0.234723	35.833
21.97	21.96	0.234739	35.933
21.97	21.96	0.234756	36.033
21.97	21.96	0.234773	36.134
21.97	21.96	0.234789	36.233
21.97	21.96	0.234806	36.333
21.97	21.96	0.234823	36.433
21.97	21.96	0.234839	36.533
21.97	21.96	0.234856	36.633
21.97	21.97	0.234873	36.733
21.97	21.97	0.234889	36.834
21.97	21.97	0.234906	36.933
21.97	21.97	0.234923	37.033
21.97	21.97	0.234939	37.133
21.97	21.97	0.234956	37.233
21.97	21.97	0.234973	37.333
21.97	21.97	0.234989	37.433
21.99	21.97	0.235006	37.533
21.99	21.97	0.235023	37.633
21.99	21.97	0.235039	37.734
21.99	21.97	0.235056	37.833
21.99	21.97	0.235073	37.933
21.99	21.97	0.235089	38.033
21.99	21.97	0.235106	38.133
21.99	21.97	0.235123	38.233
21.99	21.97	0.235139	38.333
21.99	21.97	0.235156	38.433
21.99	21.97	0.235173	38.533
21.99	21.97	0.235189	38.634
21.99	21.97	0.235206	38.733
21.99	21.97	0.235223	38.833
21.99	21.97	0.235239	38.933
21.99	21.97	0.235256	39.033
21.99	21.97	0.235273	39.162
21.97	21.97	0.235289	39.257
21.97	21.97	0.235306	39.361
21.97	21.97	0.235323	39.461
21.97	21.97	0.235339	39.556
21.97	21.97	0.235356	39.660
21.97	21.97	0.235372	39.755
21.97	21.97	0.235389	39.854
21.97	21.96	0.235406	39.959
21.97	21.96	0.235422	40.053
21.97	21.96	0.235439	40.153
21.97	21.96	0.235456	40.257
21.97	21.96	0.235472	40.352
21.97	21.96	0.235489	40.452
21.97	21.96	0.235506	40.556
21.97	21.96	0.235522	40.651
21.97	21.96	0.235539	40.750
21.97	21.95	0.235556	40.856
21.97	21.95	0.235572	40.949
21.97	21.95	0.235589	41.050
21.97	21.95	0.235606	41.154
21.97	21.95	0.235622	41.249
21.97	21.95	0.235639	41.349
21.97	21.95	0.235656	41.453
21.94	21.94	0.235672	41.548
21.94	21.94	0.235689	41.647
21.94	21.94	0.235706	41.752
21.94	21.94	0.235722	41.846
21.94	21.94	0.235739	41.946
21.94	21.94	0.235756	42.051
21.94	21.93	0.235772	42.145
21.94	21.93	0.235789	42.245
21.94	21.93	0.235806	42.349
21.94	21.93	0.235822	42.444
21.94	21.93	0.235839	42.544
21.94	21.93	0.235856	42.648
21.94	21.92	0.235872	42.743
21.94	21.92	0.235889	42.844
21.94	21.92	0.235906	42.948
21.94	21.92	0.235922	43.041
21.92	21.92	0.235939	43.144
21.92	21.92	0.235956	43.246
21.92	21.91	0.235972	43.341
21.92	21.91	0.235989	43.443
21.92	21.91	0.236006	43.545
21.92	21.91	0.236022	43.640
21.92	21.91	0.236039	43.744
21.92	21.91	0.236056	43.844
21.92	21.90	0.236072	43.938
21.92	21.90	0.236089	44.043
21.92	21.90	0.236106	44.142
21.92	21.90	0.236122	44.237
21.92	21.90	0.236139	44.342
21.92	21.90	0.236156	44.441
21.92	21.89	0.236172	44.536
21.92	21.89	0.236189	44.640
21.89	21.89	0.236205	44.740
21.89	21.89	0.236222	44.834
21.89	21.89	0.236239	44.939
21.89	21.89	0.236255	45.039
21.89	21.89	0.236272	45.134
21.89	21.88	0.236289	45.238
21.89	21.88	0.236305	45.334
21.89	21.88	0.236322	45.434
21.89	21.88	0.236339	45.537
21.86	21.88	0.236355	45.639
21.86	21.88	0.236372	45.735
21.86	21.88	0.236389	45.836
21.86	21.88	0.236405	45.939
21.86	21.88	0.236422	46.035
21.86	21.88	0.236439	46.135
21.86	21.87	0.236455	46.239
21.86	21.87	0.236472	46.335
21.86	21.87	0.236489	46.435
21.86	21.87	0.236505	46.539
21.86	21.87	0.236522	46.635
21.86	21.87	0.236539	46.736
21.86	21.87	0.236555	46.839
21.86	21.87	0.236572	46.936
21.86	21.87	0.236589	47.036
21.86	21.87	0.236605	47.139
21.86	21.87	0.236622	47.236
21.86	21.87	0.236639	47.336
21.86	21.87	0.236655	47.439
21.86	21.87	0.236672	47.536
21.86	21.87	0.236689	47.636
21.86	21.87	0.236705	47.739
21.86	21.87	0.236722	47.836
21.86	21.87	0.236739	47.935
21.86	21.87	0.236755	48.038
21.86	21.87	0.236772	48.136
21.86	21.87	0.236789	48.236
21.86	21.87	0.236805	48.339
21.86	21.87	0.236822	48.437
21.86	21.87	0.236839	48.536
21.86	21.87	0.236855	48.639
21.86	21.87	0.236872	48.736
21.86	21.87	0.236889	48.836
21.86	21.87	0.236905	48.938
21.86	21.88	0.236922	49.036
21.86	21.88	0.236939	49.136
21.86	21.88	0.236955	49.239
21.86	21.88	0.236972	49.337
21.86	21.88	0.236989	49.436
21.89	21.88	0.237005	49.539
21.89	21.88	0.237022	49.636
21.89	21.88	0.237038	49.736
21.89	21.88	0.237055	49.838
21.89	21.89	0.237072	49.936
21.89	21.89	0.237088	50.036
21.89	21.89	0.237105	50.138
21.89	21.89	0.237122	50.237
21.89	21.89	0.237138	50.336
21.89	21.90	0.237155	50.439
21.89	21.90	0.237172	50.536
21.89	21.90	0.237188	50.636
21.89	21.90	0.237205	50.738
21.89	21.90	0.237222	50.836
21.89	21.91	0.237238	50.960
21.89	21.91	0.237255	51.038
21.89	21.91	0.237272	51.164
21.89	21.91	0.237288	51.259
21.89	21.91	0.237305	51.338
21.89	21.92	0.237322	51.463
21.89	21.92	0.237338	51.559
21.92	21.92	0.237355	51.638
21.92	21.92	0.237372	51.762
21.92	21.93	0.237388	51.857
21.92	21.93	0.237405	51.961
21.92	21.93	0.237422	52.061
21.92	21.94	0.237438	52.155
21.92	21.94	0.237455	52.260
21.92	21.94	0.237472	52.360
21.94	21.94	0.237488	52.455
21.94	21.95	0.237505	52.560
21.94	21.95	0.237522	52.659
21.94	21.95	0.237538	52.754
21.94	21.96	0.237555	52.858
21.94	21.96	0.237572	52.953
21.94	21.96	0.237588	53.052
21.94	21.97	0.237605	53.157
21.94	21.97	0.237622	53.252
21.97	21.97	0.237638	53.351
21.97	21.98	0.237655	53.456
21.97	21.98	0.237672	53.550
21.97	21.98	0.237688	53.650
21.97	21.99	0.237705	53.754
21.97	21.99	0.237722	53.849
21.97	21.99	0.237738	53.949
21.97	22.00	0.237755	54.053
21.99	22.00	0.237772	54.148
21.99	22.00	0.237788	54.247
21.99	22.01	0.237805	54.353
21.99	22.01	0.237822	54.446
21.99	22.01	0.237838	54.546
21.99	22.02	0.237855	54.651
22.02	22.02	0.237871	54.746
22.02	22.02	0.237888	54.846
22.02	22.03	0.237905	54.950
22.02	22.03	0.237921	55.045
22.02	22.03	0.237938	55.144
22.02	22.04	0.237955	55.249
22.04	22.04	0.237971	55.343
22.04	22.05	0.237988	55.443
22.04	22.05	0.238005	55.548
22.04	22.05	0.238021	55.642
22.04	22.06	0.238038	55.742
22.04	22.06	0.238055	55.846
22.07	22.06	0.238071	55.941
22.07	22.07	0.238088	56.042
22.07	22.07	0.238105	56.145
22.07	22.07	0.238121	56.239
22.07	22.08	0.238138	56.342
22.07	22.08	0.238155	56.444
22.09	22.08	0.238171	56.538
22.09	22.09	0.238188	56.642
22.09	22.09	0.238205	56.742
22.09	22.09	0.238221	56.837
22.09	22.10	0.238238	56.941
22.09	22.10	0.238255	57.041
22.09	22.10	0.238271	57.138
22.09	22.10	0.238288	57.241
22.09	22.11	0.238305	57.341
22.12	22.11	0.238321	57.437
22.12	22.11	0.238338	57.540
22.12	22.12	0.238355	57.639
22.12	22.12	0.238371	57.737
22.12	22.12	0.238388	57.839
22.12	22.12	0.238405	57.938
22.12	22.13	0.238421	58.037
22.12	22.13	0.238438	58.137
22.12	22.13	0.238455	58.238
22.15	22.14	0.238471	58.337
22.15	22.14	0.238488	58.437
22.15	22.14	0.238505	58.537
22.15	22.14	0.238521	58.637
22.15	22.15	0.238538	58.738
22.15	22.15	0.238555	58.837
22.15	22.15	0.238571	58.937
22.15	22.15	0.238588	59.037
22.15	22.15	0.238605	59.137
22.15	22.16	0.238621	59.237
22.17	22.16	0.238638	59.337
22.17	22.16	0.238655	59.437
22.17	22.16	0.238671	59.537
22.17	22.16	0.238688	59.638
22.17	22.17	0.238704	59.737
22.17	22.17	0.238721	59.837
22.17	22.17	0.238738	59.937
22.17	22.17	0.238754	00.037
22.17	22.17	0.238771	00.137
22.17	22.17	0.238788	00.237
22.17	22.17	0.238804	00.338
22.17	22.18	0.238821	00.437
22.17	22.18	0.238838	00.537
22.17	22.18	0.238854	00.637
22.20	22.18	0.238871	00.737
22.20	22.18	0.238888	00.837
22.20	22.18	0.238904	00.937
22.20	22.18	0.238921	01.037
22.20	22.18	0.238938	01.137
22.20	22.18	0.238954	01.238
22.20	22.18	0.238971	01.337
22.20	22.18	0.238988	01.437
22.20	22.18	0.239004	01.537
22.20	22.19	0.239021	01.637
22.20	22.19	0.239038	01.738
22.20	22.19	0.239054	01.838
22.20	22.19	0.239071	01.939
22.20	22.19	0.239088	02.038
22.20	22.19	0.239104	02.138
22.20	22.19	0.239121	02.238
22.20	22.19	0.239138	02.338
22.20	22.19	0.239154	02.438
22.20	22.19	0.239171	02.538
22.20	22.19	0.239188	02.638
22.20	22.19	0.239204	02.738
22.20	22.19	0.239221	02.839
22.20	22.19	0.239238	02.938
22.20	22.18	0.239254	03.038
22.20	22.18	0.239271	03.138
22.20	22.18	0.239288	03.238
22.20	22.18	0.239304	03.362
22.20	22.18	0.239321	03.467
22.20	22.18	0.239338	03.561
22.20	22.18	0.239354	03.661
22.20	22.18	0.239371	03.766
22.20	22.18	0.239388	03.860
22.20	22.18	0.239404	03.962
22.20	22.18	0.239421	04.064
22.17	22.18	0.239438	04.159
22.17	22.18	0.239454	04.261
22.17	22.17	0.239471	04.363
22.17	22.17	0.239488	04.457
22.17	22.17	0.239504	04.561
22.17	22.17	0.239521	04.662
22.17	22.17	0.239537	04.756
22.17	22.17	0.239554	04.861
22.17	22.17	0.239571	04.960
22.17	22.17	0.239587	05.055
22.17	22.16	0.239604	05.160
22.17	22.16	0.239621	05.260
22.17	22.16	0.239637	05.355
22.17	22.16	0.239654	05.459
22.17	22.16	0.239671	05.559
22.17	22.16	0.239687	05.653
22.17	22.15	0.239704	05.758
22.17	22.15	0.239721	05.857
22.17	22.15	0.239737	05.952
22.17	22.15	0.239754	06.056
22.17	22.15	0.239771	06.151
22.17	22.15	0.239787	06.251
22.17	22.14	0.239804	06.355
22.17	22.14	0.239821	06.450
22.17	22.14	0.239837	06.549
22.17	22.14	0.239854	06.654
22.15	22.14	0.239871	06.748
22.15	22.14	0.239887	06.848
22.15	22.13	0.239904	06.953
22.15	22.13	0.239921	07.048
22.15	22.13	0.239937	07.147
22.15	22.13	0.239954	07.252
22.15	22.13	0.239971	07.346
22.15	22.13	0.239987	07.446
22.12	22.12	0.240004	07.550
22.12	22.12	0.240021	07.645
22.12	22.12	0.240037	07.745
22.12	22.12	0.240054	07.849
22.12	22.12	0.240071	07.944
22.12	22.12	0.240087	08.043
22.12	22.11	0.240104	08.148
22.12	22.11	0.240121	08.242
22.09	22.11	0.240137	08.342
22.09	22.11	0.240154	08.446
22.09	22.11	0.240171	08.541
22.09	22.11	0.240187	08.641
22.09	22.10	0.240204	08.746
22.09	22.10	0.240221	08.840
22.09	22.10	0.240237	08.940
22.09	22.10	0.240254	09.045
22.09	22.10	0.240271	09.139
22.09	22.10	0.240287	09.240
22.09	22.10	0.240304	09.344
22.09	22.10	0.240321	09.439
22.09	22.09	0.240337	09.541
22.09	22.09	0.240354	09.642
22.09	22.09	0.240370	09.739
22.09	22.09	0.240387	09.840
22.09	22.09	0.240404	09.941
22.09	22.09	0.240420	10.039
22.09	22.09	0.240437	10.140
22.09	22.09	0.240454	10.240
22.09	22.09	0.240470	10.339
22.09	22.09	0.240487	10.439
22.09	22.09	0.240504	10.539
22.09	22.08	0.240520	10.639
22.09	22.08	0.240537	10.739
22.09	22.08	0.240554	10.839
22.09	22.08	0.240570	10.939
22.09	22.08	0.240587	11.039
22.09	22.08	0.240604	11.140
22.09	22.08	0.240620	11.239
22.09	22.08	0.240637	11.339
22.09	22.08	0.240654	11.439
22.09	22.08	0.240670	11.539
22.09	22.08	0.240687	11.639
22.09	22.08	0.240704	11.739
22.09	22.08	0.240720	11.839
22.09	22.08	0.240737	11.939
22.09	22.08	0.240754	12.039
22.09	22.08	0.240770	12.139
22.09	22.08	0.240787	12.239
22.07	22.08	0.240804	12.339
22.07	22.08	0.240820	12.439
22.07	22.08	0.240837	12.539
22.07	22.09	0.240854	12.640
22.07	22.09	0.240870	12.739
22.07	22.09	0.240887	12.839
22.07	22.09	0.240904	12.939
22.07	22.09	0.240920	13.039
22.07	22.09	0.240937	13.139
22.07	22.09	0.240954	13.239
22.07	22.09	0.240970	13.339
22.07	22.09	0.240987	13.438
22.07	22.09	0.241004	13.540
22.07	22.10	0.241020	13.639
22.07	22.10	0.241037	13.739
22.07	22.10	0.241054	13.839
22.07	22.10	0.241070	13.939
22.07	22.10	0.241087	14.039
22.07	22.10	0.241104	14.139
22.09	22.10	0.241120	14.240
22.09	22.11	0.241137	14.339
22.09	22.11	0.241154	14.439
22.09	22.11	0.241170	14.539
22.09	22.11	0.241187	14.639
22.09	22.11	0.241203	14.739
22.09	22.12	0.241220	14.839
22.09	22.12	0.241237	14.939
22.12	22.12	0.241253	15.039
22.12	22.12	0.241270	15.139
22.12	22.13	0.241287	15.239
22.12	22.13	0.241303	15.339
22.12	22.13	0.241320	15.438
22.12	22.13	0.241337	15.539
22.12	22.14	0.241353	15.638
22.12	22.14	0.241370	15.738
22.15	22.14	0.241387	15.863
22.15	22.14	0.241403	15.963
22.15	22.15	0.241420	16.067
22.15	22.15	0.241437	16.162
22.15	22.15	0.241453	16.262
22.15	22.15	0.241470	16.366
22.15	22.16	0.241487	16.461
22.15	22.16	0.241503	16.560
22.15	22.16	0.241520	16.665
22.15	22.17	0.241537	16.759
22.17	22.17	0.241553	16.860
22.17	22.17	0.241570	16.964
22.17	22.18	0.241587	17.058
22.17	22.18	0.241603	17.160
22.17	22.18	0.241620	17.262
22.17	22.19	0.241637	17.357
22.17	22.19	0.241653	17.459
22.17	22.19	0.241670	17.561
22.17	22.20	0.241687	17.656
22.17	22.20	0.241703	17.759
22.17	22.20	0.241720	17.860
22.17	22.21	0.241737	17.954
22.17	22.21	0.241753	18.059
22.20	22.21	0.241770	18.158
22.20	22.22	0.241787	18.253
22.20	22.22	0.241803	18.358
22.20	22.22	0.241820	18.458
22.20	22.23	0.241837	18.553
22.22	22.23	0.241853	18.657
22.22	22.23	0.241870	18.757
22.22	22.24	0.241887	18.851
22.22	22.24	0.241903	18.956
22.22	22.24	0.241920	19.055
22.25	22.25	0.241937	19.150
22.25	22.25	0.241953	19.254
22.25	22.25	0.241970	19.349
22.25	22.26	0.241987	19.449
22.25	22.26	0.242003	19.553
22.25	22.27	0.242020	19.648
22.27	22.27	0.242036	19.747
22.27	22.27	0.242053	19.852
22.27	22.28	0.242070	19.946
22.27	22.28	0.242086	20.046
22.27	22.28	0.242103	20.151
22.27	22.29	0.242120	20.245
22.30	22.29	0.242136	20.345
22.30	22.29	0.242153	20.449
22.30	22.30	0.242170	20.545
22.30	22.30	0.242186	20.643
22.30	22.30	0.242203	20.749
22.30	22.31	0.242220	20.843
22.30	22.31	0.242236	20.943
22.30	22.31	0.242253	21.048
22.33	22.31	0.242270	21.142
22.33	22.32	0.242286	21.242
22.33	22.32	0.242303	21.346
22.33	22.32	0.242320	21.441
22.33	22.33	0.242336	21.540
22.33	22.33	0.242353	21.645
22.33	22.33	0.242370	21.741
22.33	22.34	0.242386	21.841
22.33	22.34	0.242403	21.944
22.35	22.34	0.242420	22.041
22.35	22.34	0.242436	22.141
22.35	22.35	0.242453	22.242
22.35	22.35	0.242470	22.341
22.35	22.35	0.242486	22.441
22.35	22.35	0.242503	22.541
22.35	22.36	0.242520	22.641
22.35	22.36	0.242536	22.741
22.35	22.36	0.242553	22.843
22.35	22.36	0.242570	22.943
22.38	22.37	0.242586	23.043
22.38	22.37	0.242603	23.143
22.38	22.37	0.242620	23.243
22.38	22.37	0.242636	23.344
22.38	22.37	0.242653	23.443
22.38	22.38	0.242670	23.543
22.38	22.38	0.242686	23.643
22.38	22.38	0.242703	23.743
22.38	22.38	0.242720	23.843
22.38	22.38	0.242736	23.943
22.40	22.38	0.242753	24.043
22.40	22.38	0.242770	24.143
22.40	22.39	0.242786	24.244
22.40	22.39	0.242803	24.343
22.40	22.39	0.242820	24.443
22.40	22.39	0.242836	24.543
22.40	22.39	0.242853	24.643
22.40	22.39	0.242869	24.743
22.40	22.39	0.242886	24.843
22.40	22.39	0.242903	24.944
22.40	22.40	0.242919	25.043
22.40	22.40	0.242936	25.143
22.40	22.40	0.242953	25.243
22.40	22.40	0.242969	25.343
22.40	22.40	0.242986	25.443
22.40	22.40	0.243003	25.543
22.40	22.40	0.243019	25.643
22.43	22.40	0.243036	25.743
22.43	22.40	0.243053	25.844
22.43	22.40	0.243069	25.943
22.43	22.40	0.243086	26.043
22.43	22.40	0.243103	26.143
22.43	22.40	0.243119	26.243
22.43	22.40	0.243136	26.343
22.43	22.40	0.243153	26.443
22.43	22.40	0.243169	26.544
22.43	22.40	0.243186	26.643
22.40	22.40	0.243203	26.743
22.40	22.40	0.243219	26.843
22.40	22.40	0.243236	26.944
22.40	22.40	0.243253	27.044
22.40	22.40	0.243269	27.144
22.40	22.40	0.243286	27.268
22.40	22.40	0.243303	27.368
22.40	22.40	0.243319	27.472
22.40	22.40	0.243336	27.567
22.40	22.39	0.243353	27.667
22.40	22.39	0.243369	27.771
22.40	22.39	0.243386	27.866
22.40	22.39	0.243403	27.965
22.40	22.39	0.243419	28.070
22.40	22.39	0.243436	28.164
22.40	22.39	0.243453	28.264
22.40	22.39	0.243469	28.369
22.40	22.39	0.243486	28.463
22.40	22.39	0.243503	28.563
22.40	22.38	0.243519	28.667
22.40	22.38	0.243536	28.762
22.40	22.38	0.243553	28.861
22.38	22.38	0.243569	28.966
22.38	22.38	0.243586	29.061
22.38	22.38	0.243603	29.160
22.38	22.38	0.243619	29.266
22.38	22.37	0.243636	29.360
22.38	22.37	0.243653	29.460
22.38	22.37	0.243669	29.564
22.38	22.37	0.243686	29.659
22.38	22.37	0.243702	29.758
22.38	22.37	0.243719	29.863
22.38	22.36	0.243736	29.958
22.38	22.36	0.243752	30.058
22.38	22.36	0.243769	30.162
22.38	22.36	0.243786	30.256
22.38	22.36	0.243802	30.358
22.38	22.36	0.243819	30.460
22.38	22.35	0.243836	30.555
22.38	22.35	0.243852	30.658
22.38	22.35	0.243869	30.759
22.35	22.35	0.243886	30.854
22.35	22.35	0.243902	30.958
22.35	22.35	0.243919	31.058
22.35	22.34	0.243936	31.152
22.35	22.34	0.243952	31.257
22.35	22.34	0.243969	31.356
22.35	22.34	0.243986	31.451
22.35	22.34	0.244002	31.556
22.33	22.34	0.244019	31.656
22.33	22.33	0.244036	31.751
22.33	22.33	0.244052	31.855
22.33	22.33	0.244069	31.955
22.33	22.33	0.244086	32.049
22.33	22.33	0.244102	32.154
22.33	22.33	0.244119	32.254
22.33	22.32	0.244136	32.348
22.33	22.32	0.244152	32.453
22.33	22.32	0.244169	32.547
22.33	22.32	0.244186	32.647
22.33	22.32	0.244202	32.751
22.33	22.32	0.244219	32.846
22.30	22.32	0.244236	32.946
22.30	22.31	0.244252	33.050
22.30	22.31	0.244269	33.145
22.30	22.31	0.244286	33.245
22.30	22.31	0.244302	33.349
22.30	22.31	0.244319	33.445
22.30	22.31	0.244336	33.545
22.30	22.31	0.244352	33.647
22.30	22.31	0.244369	33.745
22.30	22.30	0.244386	33.846
22.30	22.30	0.244402	33.946
22.30	22.30	0.244419	34.045
22.30	22.30	0.244436	34.145
22.30	22.30	0.244452	34.246
22.30	22.30	0.244469	34.345
22.30	22.30	0.244486	34.445
22.30	22.30	0.244502	34.545
22.30	22.30	0.244519	34.645
22.30	22.30	0.244535	34.745
22.30	22.30	0.244552	34.845
22.30	22.30	0.244569	34.945
22.30	22.30	0.244585	35.045
22.30	22.30	0.244602	35.145
22.30	22.30	0.244619	35.245
22.30	22.30	0.244635	35.345
22.30	22.30	0.244652	35.446
22.30	22.30	0.244669	35.545
22.30	22.30	0.244685	35.645
22.30	22.30	0.244702	35.745
22.30	22.30	0.244719	35.845
22.30	22.30	0.244735	35.945
22.30	22.30	0.244752	36.045
22.30	22.30	0.244769	36.145
22.30	22.30	0.244785	36.245
22.30	22.30	0.244802	36.346
22.30	22.30	0.244819	36.445
22.30	22.30	0.244835	36.545
22.30	22.30	0.244852	36.645
22.30	22.30	0.244869	36.745
22.30	22.30	0.244885	36.845
22.30	22.30	0.244902	36.945
22.30	22.30	0.244919	37.046
22.30	22.30	0.244935	37.145
22.30	22.30	0.244952	37.245
22.30	22.30	0.244969	37.345
22.30	22.31	0.244985	37.445
22.30	22.31	0.245002	37.545
22.30	22.31	0.245019	37.645
22.33	22.31	0.245035	37.745
22.33	22.31	0.245052	37.845
22.33	22.31	0.245069	37.946
22.33	22.31	0.245085	38.045
22.33	22.32	0.245102	38.145
22.33	22.32	0.245119	38.245
22.33	22.32	0.245135	38.345
22.30	22.32	0.245152	38.445
22.30	22.32	0.245169	38.545
22.30	22.33	0.245185	38.645
22.30	22.33	0.245202	38.745
22.30	22.33	0.245219	38.846
22.30	22.33	0.245235	38.945
22.30	22.33	0.245252	39.045
22.30	22.34	0.245269	39.146
22.30	22.34	0.245285	39.246
22.33	22.34	0.245302	39.345
22.33	22.34	0.245319	39.445
22.33	22.35	0.245335	39.574
22.33	22.35	0.245352	39.669
22.33	22.35	0.245368	39.773
22.33	22.35	0.245385	39.873
22.33	22.36	0.245402	39.968
22.33	22.36	0.245418	40.072
22.35	22.36	0.245435	40.173
22.35	22.37	0.245452	40.267
22.35	22.37	0.245468	40.372
22.35	22.37	0.245485	40.466
22.35	22.37	0.245502	40.566
22.35	22.38	0.245518	40.671
22.35	22.38	0.245535	40.765
22.38	22.38	0.245552	40.865
22.38	22.39	0.245568	40.969
22.38	22.39	0.245585	41.064
22.38	22.39	0.245602	41.163
22.38	22.40	0.245618	41.268
22.38	22.40	0.245635	41.362
22.38	22.40	0.245652	41.462
22.38	22.41	0.245668	41.567
22.40	22.41	0.245685	41.661
22.40	22.41	0.245702	41.761
22.40	22.42	0.245718	41.865
22.40	22.42	0.245735	41.960
22.40	22.42	0.245752	42.059
22.40	22.43	0.245768	42.164
22.43	22.43	0.245785	42.259
22.43	22.43	0.245802	42.359
22.43	22.44	0.245818	42.464
22.43	22.44	0.245835	42.557
22.43	22.44	0.245852	42.658
22.43	22.45	0.245868	42.762
22.45	22.45	0.245885	42.857
22.45	22.45	0.245902	42.956
22.45	22.46	0.245918	43.061
22.45	22.46	0.245935	43.156
22.45	22.46	0.245952	43.256
22.45	22.47	0.245968	43.360
22.45	22.47	0.245985	43.454
22.48	22.48	0.246002	43.556
22.48	22.48	0.246018	43.658
22.48	22.48	0.246035	43.753
22.48	22.49	0.246052	43.857
22.48	22.49	0.246068	43.957
22.48	22.49	0.246085	44.052
22.50	22.50	0.246102	44.156
22.50	22.50	0.246118	44.256
22.50	22.50	0.246135	44.350
22.50	22.51	0.246152	44.455
22.50	22.51	0.246168	44.554
22.50	22.51	0.246185	44.649
22.50	22.52	0.246201	44.754
22.50	22.52	0.246218	44.854
22.53	22.52	0.246235	44.949
22.53	22.53	0.246251	45.053
22.53	22.53	0.246268	45.153
22.53	22.53	0.246285	45.247
22.53	22.53	0.246301	45.352
22.53	22.54	0.246318	45.452
22.53	22.54	0.246335	45.546
22.53	22.54	0.246351	45.651
22.56	22.55	0.246368	45.746
22.56	22.55	0.246385	45.846
22.56	22.55	0.246401	45.949
22.56	22.55	0.246418	46.046
22.56	22.56	0.246435	46.146
22.56	22.56	0.246451	46.248
22.56	22.56	0.246468	46.347
22.56	22.56	0.246485	46.445
22.56	22.57	0.246501	46.547
22.56	22.57	0.246518	46.646
22.58	22.57	0.246535	46.746
22.58	22.57	0.246551	46.846
22.58	22.58	0.246568	46.946
22.58	22.58	0.246585	47.047
22.58	22.58	0.246601	47.146
22.58	22.58	0.246618	47.246
22.58	22.58	0.246635	47.346
22.58	22.59	0.246651	47.446
22.58	22.59	0.246668	47.546
22.58	22.59	0.246685	47.646
22.58	22.59	0.246701	47.746
22.58	22.59	0.246718	47.846
22.58	22.60	0.246735	47.947
22.58	22.60	0.246751	48.046
22.58	22.60	0.246768	48.146
22.61	22.60	0.246785	48.246
22.61	22.60	0.246801	48.347
22.61	22.60	0.246818	48.451
22.61	22.60	0.246835	48.547
22.61	22.60	0.246851	48.647
22.61	22.61	0.246868	48.751
22.61	22.61	0.246885	48.848
22.61	22.61	0.246901	48.947
22.61	22.61	0.246918	49.051
22.61	22.61	0.246935	49.147
22.61	22.61	0.246951	49.247
22.61	22.61	0.246968	49.351
22.61	22.61	0.246985	49.447
22.61	22.61	0.247001	49.547
22.61	22.61	0.247018	49.651
22.61	22.61	0.247034	49.747
22.61	22.61	0.247051	49.847
22.63	22.61	0.247068	49.951
22.63	22.61	0.247084	50.047
22.63	22.61	0.247101	50.147
22.63	22.61	0.247118	50.251
22.63	22.61	0.247134	50.347
22.63	22.61	0.247151	50.448
22.63	22.61	0.247168	50.551
22.63	22.61	0.247184	50.647
22.63	22.61	0.247201	50.747
22.63	22.61	0.247218	50.851
22.63	22.61	0.247234	50.947
22.63	22.61	0.247251	51.047
22.61	22.61	0.247268	51.150
22.61	22.61	0.247284	51.247
22.61	22.61	0.247301	51.348
22.61	22.61	0.247318	51.451
22.61	22.61	0.247334	51.547
22.61	22.61	0.247351	51.647
22.61	22.61	0.247368	51.751
22.61	22.61	0.247384	51.846
22.61	22.60	0.247401	51.946
22.61	22.60	0.247418	52.050
22.61	22.60	0.247434	52.175
22.61	22.60	0.247451	52.270
22.61	22.60	0.247468	52.374
22.61	22.60	0.247484	52.475
22.61	22.60	0.247501	52.569
22.61	22.60	0.247518	52.674
22.61	22.60	0.247534	52.773
22.61	22.59	0.247551	52.868
22.61	22.59	0.247568	52.972
22.61	22.59	0.247584	53.072
22.61	22.59	0.247601	53.167
22.61	22.59	0.247618	53.271
22.61	22.59	0.247634	53.371
22.61	22.59	0.247651	53.465
22.61	22.58	0.247668	53.570
22.58	22.58	0.247684	53.664
22.58	22.58	0.247701	53.764
22.58	22.58	0.247718	53.868
22.58	22.58	0.247734	53.963
22.58	22.58	0.247751	54.063
22.58	22.57	0.247768	54.167
22.58	22.57	0.247784	54.262
22.58	22.57	0.247801	54.361
22.58	22.57	0.247818	54.466
22.58	22.57	0.247834	54.560
22.58	22.57	0.247851	54.660
22.58	22.56	0.247867	54.766
22.58	22.56	0.247884	54.859
22.56	22.56	0.247901	54.960
22.56	22.56	0.247917	55.063
22.56	22.56	0.247934	55.158
22.56	22.56	0.247951	55.258
22.56	22.55	0.247967	55.363
22.56	22.55	0.247984	55.458
22.56	22.55	0.248001	55.557
22.56	22.55	0.248017	55.662
22.56	22.55	0.248034	55.756
22.56	22.55	0.248051	55.856
22.56	22.54	0.248067	55.960
22.56	22.54	0.248084	56.055
22.56	22.54	0.248101	56.154
22.56	22.54	0.248117	56.259
22.53	22.54	0.248134	56.354
22.53	22.54	0.248151	56.454
22.53	22.53	0.248167	56.558
22.53	22.53	0.248184	56.652
22.53	22.53	0.248201	56.755
22.53	22.53	0.248217	56.856
22.53	22.53	0.248234	56.951
22.53	22.53	0.248251	57.054
22.53	22.53	0.248267	57.155
22.53	22.52	0.248284	57.250
22.53	22.52	0.248301	57.354
22.50	22.52	0.248317	57.455
22.50	22.52	0.248334	57.548
22.50	22.52	0.248351	57.654
22.50	22.52	0.248367	57.753
22.50	22.52	0.248384	57.848
22.50	22.52	0.248401	57.953
22.50	22.52	0.248417	58.052
22.50	22.52	0.248434	58.148
22.50	22.51	0.248451	58.251
22.50	22.51	0.248467	58.351
22.50	22.51	0.248484	58.448
22.50	22.51	0.248501	58.550
22.50	22.51	0.248517	58.649
22.50	22.51	0.248534	58.748
22.50	22.51	0.248551	58.849
22.50	22.51	0.248567	58.950
22.50	22.51	0.248584	59.048
22.50	22.51	0.248601	59.148
22.50	22.51	0.248617	59.250
22.50	22.51	0.248634	59.348
22.50	22.51	0.248651	59.447
22.50	22.51	0.248667	59.550
22.50	22.51	0.248684	59.648
22.50	22.51	0.248700	59.748
22.50	22.51	0.248717	59.849
22.53	22.51	0.248734	59.948
22.53	22.51	0.248750	00.048
22.53	22.51	0.248767	00.150
22.53	22.51	0.248784	00.248
22.53	22.51	0.248800	00.348
22.53	22.51	0.248817	00.450
22.53	22.51	0.248834	00.548
22.53	22.51	0.248850	00.648
22.50	22.51	0.248867	00.749
22.50	22.51	0.248884	00.848
22.50	22.51	0.248900	00.948
22.50	22.52	0.248917	01.050
22.50	22.52	0.248934	01.148
22.50	22.52	0.248950	01.248
22.50	22.52	0.248967	01.350
22.50	22.52	0.248984	01.448
22.50	22.52	0.249000	01.548
22.50	22.52	0.249017	01.649
22.50	22.52	0.249034	01.748
22.50	22.52	0.249050	01.848
22.50	22.53	0.249067	01.949
22.50	22.53	0.249084	02.048
22.50	22.53	0.249100	02.148
22.50	22.53	0.249117	02.250
22.50	22.53	0.249134	02.348
22.50	22.54	0.249150	02.447
22.53	22.54	0.249167	02.549
22.53	22.54	0.249184	02.648
22.53	22.54	0.249200	02.749
22.53	22.54	0.249217	02.849
22.53	22.55	0.249234	02.948
22.53	22.55	0.249250	03.048
22.53	22.55	0.249267	03.150
22.53	22.55	0.249284	03.248
22.56	22.55	0.249300	03.348
22.56	22.56	0.249317	03.449
22.56	22.56	0.249334	03.548
22.56	22.56	0.249350	03.649
22.56	22.56	0.249367	03.749
22.56	22.57	0.249384	03.848
22.56	22.57	0.249400	03.948
22.56	22.57	0.249417	04.050
22.56	22.58	0.249434	04.148
22.58	22.58	0.249450	04.248
22.58	22.58	0.249467	04.349
22.58	22.58	0.249484	04.477
22.58	22.59	0.249500	04.571
22.58	22.59	0.249517	04.649
22.58	22.59	0.249533	04.776
22.58	22.60	0.249550	04.870
22.58	22.60	0.249567	04.949
22.58	22.60	0.249583	05.074
22.58	22.61	0.249600	05.169
22.58	22.61	0.249617	05.249
22.58	22.61	0.249633	05.373
22.61	22.62	0.249650	05.468
22.61	22.62	0.249667	05.573
22.61	22.62	0.249683	05.673
22.61	22.63	0.249700	05.767
22.61	22.63	0.249717	05.872
22.61	22.63	0.249733	05.971
22.61	22.64	0.249750	06.066
22.61	22.64	0.249767	06.170
22.63	22.64	0.249783	06.270
22.63	22.65	0.249800	06.365
22.63	22.65	0.249817	06.469
22.63	22.65	0.249833	06.564
22.63	22.66	0.249850	06.663
22.63	22.66	0.249867	06.768
22.66	22.66	0.249883	06.862
22.66	22.67	0.249900	06.962
22.66	22.67	0.249917	07.067
22.66	22.67	0.249933	07.162
22.66	22.68	0.249950	07.261
22.66	22.68	0.249967	07.366
22.68	22.69	0.249983	07.460
22.68	22.69	0.250000	07.560
22.68	22.69	0.250017	07.664
22.68	22.70	0.250033	07.759
22.68	22.70	0.250050	07.859
22.68	22.70	0.250067	07.963
22.68	22.71	0.250083	08.058
22.71	22.71	0.250100	08.157
22.71	22.71	0.250117	08.262
22.71	22.72	0.250133	08.356
22.71	22.72	0.250150	08.456
22.71	22.72	0.250167	08.561
22.71	22.73	0.250183	08.655
22.74	22.73	0.250200	08.755
22.74	22.73	0.250217	08.859
22.74	22.74	0.250233	08.954
22.74	22.74	0.250250	09.053
22.74	22.74	0.250267	09.158
22.74	22.74	0.250283	09.252
22.74	22.75	0.250300	09.353
22.76	22.75	0.250317	09.458
22.76	22.75	0.250333	09.552
22.76	22.76	0.250350	09.653
22.76	22.76	0.250366	09.756
22.76	22.76	0.250383	09.851
22.76	22.76	0.250400	09.952
22.76	22.77	0.250416	10.055
22.76	22.77	0.250433	10.150
22.76	22.77	0.250450	10.253
22.76	22.78	0.250466	10.354
22.79	22.78	0.250483	10.449
22.79	22.78	0.250500	10.553
22.79	22.78	0.250516	10.652
22.79	22.79	0.250533	10.749
22.79	22.79	0.250550	10.851
22.79	22.79	0.250566	10.951
22.79	22.79	0.250583	11.050
22.79	22.79	0.250600	11.150
22.79	22.80	0.250616	11.250
22.79	22.80	0.250633	11.350
22.81	22.80	0.250650	11.450
22.81	22.80	0.250666	11.550
22.81	22.80	0.250683	11.650
22.81	22.81	0.250700	11.750
22.81	22.81	0.250716	11.850
22.81	22.81	0.250733	11.951
22.81	22.81	0.250750	12.050
22.81	22.81	0.250766	12.150
22.81	22.81	0.250783	12.250
22.81	22.81	0.250800	12.350
22.81	22.82	0.250816	12.449
22.81	22.82	0.250833	12.550
22.84	22.82	0.250850	12.650
22.84	22.82	0.250866	12.750
22.84	22.82	0.250883	12.851
22.84	22.82	0.250900	12.950
22.84	22.82	0.250916	13.050
22.84	22.82	0.250933	13.150
22.84	22.82	0.250950	13.250
22.84	22.82	0.250966	13.350
22.84	22.82	0.250983	13.450
22.84	22.82	0.251000	13.550
22.84	22.83	0.251016	13.650
22.84	22.83	0.251033	13.751
22.84	22.83	0.251050	13.850
22.84	22.83	0.251066	13.950
22.84	22.83	0.251083	14.050
22.84	22.83	0.251100	14.150
22.84	22.83	0.251116	14.250
22.84	22.83	0.251133	14.350
22.84	22.83	0.251150	14.451
22.84	22.83	0.251166	14.550
22.84	22.83	0.251183	14.650
22.84	22.83	0.251199	14.750
22.84	22.83	0.251216	14.850
22.84	22.83	0.251233	14.950
22.84	22.82	0.251249	15.050
22.84	22.82	0.251266	15.150
22.84	22.82	0.251283	15.250
22.84	22.82	0.251299	15.351
22.84	22.82	0.251316	15.450
22.84	22.82	0.251333	15.550
22.84	22.82	0.251349	15.650
22.84	22.82	0.251366	15.750
22.84	22.82	0.251383	15.850
22.84	22.82	0.251399	15.950
22.84	22.82	0.251416	16.050
22.84	22.82	0.251433	16.150
22.84	22.82	0.251449	16.250
22.84	22.81	0.251466	16.350
22.81	22.81	0.251483	16.450
22.81	22.81	0.251499	16.549
22.81	22.81	0.251516	16.649
22.81	22.81	0.251533	16.778
22.81	22.81	0.251549	16.873
22.81	22.81	0.251566	16.972
22.81	22.81	0.251583	17.077
22.81	22.80	0.251599	17.173
22.81	22.80	0.251616	17.272
22.81	22.80	0.251633	17.377
22.81	22.80	0.251649	17.471
22.81	22.80	0.251666	17.572
22.81	22.80	0.251683	17.675
22.81	22.79	0.251699	17.770
22.81	22.79	0.251716	17.873
22.81	22.79	0.251733	17.974
22.81	22.79	0.251749	18.069
22.81	22.79	0.251766	18.172
22.81	22.79	0.251783	18.273
22.81	22.78	0.251799	18.367
22.81	22.78	0.251816	18.472
22.79	22.78	0.251833	18.571
22.79	22.78	0.251849	18.666
22.79	22.78	0.251866	18.771
22.79	22.78	0.251883	18.870
22.79	22.77	0.251899	18.965
22.79	22.77	0.251916	19.069
22.79	22.77	0.251933	19.169
22.79	22.77	0.251949	19.263
22.79	22.77	0.251966	19.369
22.79	22.77	0.251983	19.467
22.76	22.76	0.251999	19.563
22.76	22.76	0.252016	19.668
22.76	22.76	0.252032	19.761
22.76	22.76	0.252049	19.862
22.76	22.76	0.252066	19.966
22.76	22.76	0.252082	20.061
22.76	22.75	0.252099	20.160
22.76	22.75	0.252116	20.265
22.76	22.75	0.252132	20.360
22.74	22.75	0.252149	20.459
22.74	22.75	0.252166	20.564
22.74	22.75	0.252182	20.658
22.74	22.74	0.252199	20.758
22.74	22.74	0.252216	20.862
22.74	22.74	0.252232	20.957
22.74	22.74	0.252249	21.057
22.74	22.74	0.252266	21.161
22.74	22.74	0.252282	21.256
22.74	22.74	0.252299	21.355
22.74	22.74	0.252316	21.460
22.74	22.73	0.252332	21.554
22.74	22.73	0.252349	21.654
22.74	22.73	0.252366	21.759
22.74	22.73	0.252382	21.853
22.71	22.73	0.252399	21.954
22.71	22.73	0.252416	22.058
22.71	22.73	0.252432	22.153
22.71	22.73	0.252449	22.252
22.71	22.73	0.252466	22.357
22.71	22.73	0.252482	22.451
22.71	22.73	0.252499	22.551
22.71	22.72	0.252516	22.656
22.71	22.72	0.252532	22.751
22.71	22.72	0.252549	22.852
22.71	22.72	0.252566	22.954
22.71	22.72	0.252582	23.051
22.71	22.72	0.252599	23.151
22.71	22.72	0.252616	23.253
22.71	22.72	0.252632	23.351
22.74	22.72	0.252649	23.451
22.74	22.72	0.252666	23.552
22.74	22.72	0.252682	23.651
22.74	22.72	0.252699	23.751
22.74	22.72	0.252716	23.851
22.74	22.72	0.252732	23.951
22.74	22.72	0.252749	24.051
22.74	22.72	0.252766	24.151
22.74	22.72	0.252782	24.252
22.74	22.72	0.252799	24.351
22.71	22.72	0.252816	24.450
22.71	22.72	0.252832	24.551
22.71	22.73	0.252849	24.651
22.71	22.73	0.252865	24.751
22.71	22.73	0.252882	24.851
22.71	22.73	0.252899	24.951
22.71	22.73	0.252915	25.051
22.71	22.73	0.252932	25.152
22.71	22.73	0.252949	25.251
22.71	22.73	0.252965	25.351
22.71	22.73	0.252982	25.451
22.71	22.73	0.252999	25.551
22.71	22.74	0.253015	25.651
22.71	22.74	0.253032	25.751
22.71	22.74	0.253049	25.850
22.71	22.74	0.253065	25.951
22.71	22.74	0.253082	26.052
22.74	22.74	0.253099	26.151
22.74	22.74	0.253115	26.251
22.74	22.75	0.253132	26.351
22.74	22.75	0.253149	26.451
22.74	22.75	0.253165	26.551
22.74	22.75	0.253182	26.651
22.74	22.75	0.253199	26.752
22.74	22.76	0.253215	26.851
22.74	22.76	0.253232	26.951
22.74	22.76	0.253249	27.051
22.74	22.76	0.253265	27.151
22.76	22.77	0.253282	27.251
22.76	22.77	0.253299	27.351
22.76	22.77	0.253315	27.451
22.76	22.77	0.253332	27.551
22.76	22.78	0.253349	27.652
22.76	22.78	0.253365	27.751
22.76	22.78	0.253382	27.851
22.76	22.78	0.253399	27.951
22.76	22.79	0.253415	28.051
22.79	22.79	0.253432	28.151
22.79	22.79	0.253449	28.251
22.79	22.79	0.253465	28.352
22.79	22.80	0.253482	28.451
22.79	22.80	0.253499	28.551
22.79	22.80	0.253515	28.651
22.79	22.81	0.253532	28.751
22.81	22.81	0.253549	28.851
22.81	22.81	0.253565	28.951
22.81	22.82	0.253582	29.080
22.81	22.82	0.253599	29.175
22.81	22.82	0.253615	29.274
22.81	22.83	0.253632	29.379
22.81	22.83	0.253649	29.474
22.81	22.83	0.253665	29.573
22.81	22.84	0.253682	29.678
22.84	22.84	0.253698	29.772
22.84	22.84	0.253715	29.872
22.84	22.85	0.253732	29.976
22.84	22.85	0.253748	30.071
22.84	22.85	0.253765	30.170
22.84	22.86	0.253782	30.275
22.84	22.86	0.253798	30.370
22.84	22.86	0.253815	30.470
22.86	22.87	0.253832	30.575
22.86	22.87	0.253848	30.669
22.86	22.87	0.253865	30.771
22.86	22.88	0.253882	30.873
22.86	22.88	0.253898	30.968
22.86	22.88	0.253915	31.071
22.86	22.89	0.253932	31.172
22.86	22.89	0.253948	31.267
22.89	22.89	0.253965	31.370
22.89	22.90	0.253982	31.471
22.89	22.90	0.253998	31.565
22.89	22.91	0.254015	31.670
22.89	22.91	0.254032	31.769
22.92	22.91	0.254048	31.864
22.92	22.92	0.254065	31.969
22.92	22.92	0.254082	32.068
22.92	22.92	0.254098	32.163
22.92	22.93	0.254115	32.267
22.92	22.93	0.254132	32.367
22.92	22.93	0.254148	32.461
22.94	22.94	0.254165	32.566
22.94	22.94	0.254182	32.667
22.94	22.94	0.254198	32.761
22.94	22.95	0.254215	32.866
22.94	22.95	0.254232	32.960
22.94	22.95	0.254248	33.060
22.94	22.95	0.254265	33.164
22.94	22.96	0.254282	33.259
22.97	22.96	0.254298	33.358
22.97	22.96	0.254315	33.463
22.97	22.97	0.254332	33.558
22.97	22.97	0.254348	33.657
22.97	22.97	0.254365	33.762
22.97	22.98	0.254382	33.856
22.97	22.98	0.254398	33.956
22.97	22.98	0.254415	34.060
22.99	22.98	0.254432	34.155
22.99	22.99	0.254448	34.255
22.99	22.99	0.254465	34.359
22.99	22.99	0.254482	34.454
22.99	22.99	0.254498	34.553
22.99	23.00	0.254515	34.658
22.99	23.00	0.254531	34.752
22.99	23.00	0.254548	34.852
22.99	23.00	0.254565	34.956
23.02	23.01	0.254581	35.052
23.02	23.01	0.254598	35.153
23.02	23.01	0.254615	35.256
23.02	23.01	0.254631	35.352
23.02	23.01	0.254648	35.452
23.02	23.02	0.254665	35.555
23.02	23.02	0.254681	35.651
23.02	23.02	0.254698	35.751
23.02	23.02	0.254715	35.854
23.02	23.02	0.254731	35.952
23.02	23.02	0.254748	36.052
23.02	23.02	0.254765	36.152
23.04	23.03	0.254781	36.252
23.04	23.03	0.254798	36.352
23.04	23.03	0.254815	36.452
23.04	23.03	0.254831	36.552
23.04	23.03	0.254848	36.652
23.04	23.03	0.254865	36.753
23.04	23.03	0.254881	36.852
23.04	23.03	0.254898	36.952
23.04	23.04	0.254915	37.053
23.04	23.04	0.254931	37.153
23.04	23.04	0.254948	37.253
23.04	23.04	0.254965	37.353
23.04	23.04	0.254981	37.454
23.04	23.04	0.254998	37.553
23.04	23.04	0.255015	37.653
23.04	23.04	0.255031	37.753
23.04	23.04	0.255048	37.853
23.04	23.04	0.255065	37.953
23.04	23.04	0.255081	38.053
23.04	23.04	0.255098	38.153
23.07	23.04	0.255115	38.253
23.07	23.04	0.255131	38.354
23.07	23.04	0.255148	38.453
23.07	23.04	0.255165	38.553
23.07	23.04	0.255181	38.653
23.07	23.04	0.255198	38.753
23.07	23.04	0.255215	38.853
23.07	23.04	0.255231	38.953
23.07	23.04	0.255248	39.053
23.07	23.04	0.255265	39.153
23.07	23.04	0.255281	39.254
23.07	23.04	0.255298	39.353
23.07	23.04	0.255315	39.453
23.04	23.04	0.255331	39.553
23.04	23.03	0.255348	39.653
23.04	23.03	0.255364	39.753
23.04	23.03	0.255381	39.853
23.04	23.03	0.255398	39.953
23.04	23.03	0.255414	40.053
23.04	23.03	0.255431	40.153
23.04	23.03	0.255448	40.253
23.04	23.03	0.255464	40.353
23.04	23.03	0.255481	40.453
23.04	23.03	0.255498	40.553
23.04	23.02	0.255514	40.653
23.04	23.02	0.255531	40.753
23.04	23.02	0.255548	40.854
23.02	23.02	0.255564	40.953
23.02	23.02	0.255581	41.053
23.02	23.02	0.255598	41.153
23.02	23.02	0.255614	41.253
23.02	23.01	0.255631	41.382
23.02	23.01	0.255648	41.477
23.02	23.01	0.255664	41.576
23.02	23.01	0.255681	41.681
23.02	23.01	0.255698	41.775
23.02	23.01	0.255714	41.875
23.02	23.00	0.255731	41.980
23.02	23.00	0.255748	42.074
23.02	23.00	0.255764	42.174
23.02	23.00	0.255781	42.278
23.02	23.00	0.255798	42.373
23.02	23.00	0.255814	42.472
23.02	22.99	0.255831	42.578
23.02	22.99	0.255848	42.672
22.99	22.99	0.255864	42.771
22.99	22.99	0.255881	42.876
22.99	22.99	0.255898	42.970
22.99	22.99	0.255914	43.070
22.99	22.98	0.255931	43.175
22.99	22.98	0.255948	43.270
22.99	22.98	0.255964	43.369
22.99	22.98	0.255981	43.474
22.99	22.98	0.255998	43.569
22.99	22.98	0.256014	43.669
22.99	22.97	0.256031	43.773
22.99	22.97	0.256048	43.867
22.99	22.97	0.256064	43.969
22.99	22.97	0.256081	44.071
22.99	22.97	0.256098	44.166
22.99	22.97	0.256114	44.269
22.99	22.96	0.256131	44.370
22.97	22.96	0.256148	44.465
22.97	22.96	0.256164	44.568
22.97	22.96	0.256181	44.669
22.97	22.96	0.256197	44.763
22.97	22.96	0.256214	44.868
22.97	22.96	0.256231	44.967
22.97	22.95	0.256247	45.062
22.97	22.95	0.256264	45.168
22.97	22.95	0.256281	45.267
22.97	22.95	0.256297	45.362
22.97	22.95	0.256314	45.466
22.94	22.95	0.256331	45.566
22.94	22.95	0.256347	45.660
22.94	22.95	0.256364	45.765
22.94	22.94	0.256381	45.865
22.94	22.94	0.256397	45.959
22.94	22.94	0.256414	46.064
22.94	22.94	0.256431	46.158
22.94	22.94	0.256447	46.258
22.94	22.94	0.256464	46.362
22.92	22.94	0.256481	46.457
22.92	22.94	0.256497	46.556
22.92	22.94	0.256514	46.661
22.92	22.94	0.256531	46.756
22.92	22.94	0.256547	46.855
22.92	22.94	0.256564	46.960
22.92	22.94	0.256581	47.054
22.92	22.94	0.256597	47.154
22.92	22.94	0.256614	47.258
22.92	22.94	0.256631	47.353
22.92	22.94	0.256647	47.454
22.92	22.94	0.256664	47.557
22.92	22.94	0.256681	47.653
22.92	22.94	0.256697	47.753
22.92	22.94	0.256714	47.857
22.92	22.94	0.256731	47.953
22.92	22.94	0.256747	48.053
22.92	22.94	0.256764	48.155
22.92	22.94	0.256781	48.253
22.92	22.94	0.256797	48.354
22.94	22.94	0.256814	48.454
22.94	22.94	0.256831	48.553
22.94	22.94	0.256847	48.653
22.94	22.94	0.256864	48.753
22.94	22.94	0.256881	48.853
22.94	22.94	0.256897	48.953
22.94	22.94	0.256914	49.053
22.94	22.94	0.256931	49.153
22.94	22.94	0.256947	49.254
22.94	22.94	0.256964	49.353
22.94	22.95	0.256981	49.453
22.94	22.95	0.256997	49.553
22.94	22.95	0.257014	49.653
22.94	22.95	0.257030	49.753
22.94	22.95	0.257047	49.853
22.94	22.95	0.257064	49.954
22.94	22.95	0.257080	50.053
22.94	22.96	0.257097	50.153
22.94	22.96	0.257114	50.253
22.94	22.96	0.257130	50.353
22.94	22.96	0.257147	50.453
22.94	22.96	0.257164	50.553
22.97	22.97	0.257180	50.653
22.97	22.97	0.257197	50.753
22.97	22.97	0.257214	50.854
22.97	22.97	0.257230	50.953
22.97	22.97	0.257247	51.053
22.97	22.98	0.257264	51.153
22.97	22.98	0.257280	51.253
22.97	22.98	0.257297	51.353
22.97	22.98	0.257314	51.453
22.97	22.99	0.257330	51.553
22.97	22.99	0.257347	51.653
22.97	22.99	0.257364	51.754
22.97	22.99	0.257380	51.853
22.97	23.00	0.257397	51.953
22.97	23.00	0.257414	52.053
22.97	23.00	0.257430	52.153
22.97	23.01	0.257447	52.253
22.97	23.01	0.257464	52.353
22.99	23.01	0.257480	52.454
22.99	23.01	0.257497	52.553
22.99	23.02	0.257514	52.653
22.99	23.02	0.257530	52.753
22.99	23.02	0.257547	52.853
22.99	23.03	0.257564	52.953
22.99	23.03	0.257580	53.053
22.99	23.03	0.257597	53.153
23.02	23.04	0.257614	53.253
23.02	23.04	0.257630	53.354
23.02	23.04	0.257647	53.453
23.02	23.05	0.257664	53.553
23.04	23.05	0.257680	53.653
23.04	23.05	0.257697	53.754
23.04	23.06	0.257714	53.878
23.04	23.06	0.257730	53.983
23.04	23.06	0.257747	54.077
23.04	23.07	0.257764	54.177
23.07	23.07	0.257780	54.281
23.07	23.07	0.257797	54.376
23.07	23.08	0.257814	54.476
23.07	23.08	0.257830	54.580
23.07	23.08	0.257847	54.675
23.09	23.09	0.257863	54.774
23.09	23.09	0.257880	54.879
23.09	23.09	0.257897	54.973
23.09	23.10	0.257913	55.073
23.09	23.10	0.257930	55.178
23.09	23.10	0.257947	55.272
23.09	23.11	0.257963	55.372
23.09	23.11	0.257980	55.476
23.12	23.12	0.257997	55.571
23.12	23.12	0.258013	55.670
23.12	23.12	0.258030	55.775
23.12	23.13	0.258047	55.870
23.12	23.13	0.258063	55.970
23.12	23.13	0.258080	56.075
23.12	23.14	0.258097	56.169
23.15	23.14	0.258113	56.269
23.15	23.14	0.258130	56.373
23.15	23.15	0.258147	56.468
23.15	23.15	0.258163	56.567
23.15	23.15	0.258180	56.672
23.15	23.16	0.258197	56.767
23.15	23.16	0.258213	56.867
23.15	23.16	0.258230	56.971
23.15	23.17	0.258247	57.065
23.17	23.17	0.258263	57.167
23.17	23.17	0.258280	57.269
23.17	23.17	0.258297	57.364
23.17	23.18	0.258313	57.467
23.17	23.18	0.258330	57.568
23.17	23.18	0.258347	57.663
23.17	23.19	0.258363	57.767
23.17	23.19	0.258380	57.867
23.17	23.19	0.258397	57.961
23.17	23.19	0.258413	58.066
23.20	23.20	0.258430	58.166
23.20	23.20	0.258447	58.261
23.20	23.20	0.258463	58.366
23.20	23.20	0.258480	58.465
23.20	23.21	0.258497	58.560
23.20	23.21	0.258513	58.664
23.20	23.21	0.258530	58.764
23.22	23.21	0.258547	58.858
23.22	23.22	0.258563	58.963
23.22	23.22	0.258580	59.062
23.22	23.22	0.258597	59.157
23.22	23.22	0.258613	59.262
23.22	23.22	0.258630	59.356
23.22	23.23	0.258647	59.456
23.22	23.23	0.258663	59.560
23.25	23.23	0.258680	59.655
23.25	23.23	0.258696	59.755
23.25	23.23	0.258713	59.859
23.25	23.24	0.258730	59.956
23.25	23.24	0.258746	00.055
23.25	23.24	0.258763	00.158
23.25	23.24	0.258780	00.255
23.25	23.24	0.258796	00.355
23.25	23.24	0.258813	00.456
23.25	23.24	0.258830	00.555
23.25	23.24	0.258846	00.655
23.25	23.25	0.258863	00.756
23.25	23.25	0.258880	00.855
23.25	23.25	0.258896	00.955
23.25	23.25	0.258913	01.055
23.27	23.25	0.258930	01.155
23.27	23.25	0.258946	01.255
23.27	23.25	0.258963	01.355
23.27	23.25	0.258980	01.455
23.27	23.25	0.258996	01.556
23.27	23.25	0.259013	01.655
23.27	23.25	0.259030	01.755
23.27	23.25	0.259046	01.855
23.27	23.25	0.259063	01.955
23.27	23.25	0.259080	02.055
23.27	23.25	0.259096	02.155
23.27	23.25	0.259113	02.255
23.27	23.25	0.259130	02.355
23.27	23.25	0.259146	02.456
23.27	23.25	0.259163	02.555
23.27	23.25	0.259180	02.655
23.27	23.25	0.259196	02.755
23.27	23.25	0.259213	02.855
23.27	23.25	0.259230	02.955
23.27	23.25	0.259246	03.055
23.27	23.25	0.259263	03.156
23.27	23.25	0.259280	03.255
23.27	23.25	0.259296	03.355
23.27	23.25	0.259313	03.455
23.27	23.25	0.259330	03.555
23.27	23.25	0.259346	03.655
23.27	23.25	0.259363	03.755
23.27	23.25	0.259380	03.855
23.27	23.24	0.259396	03.955
23.25	23.24	0.259413	04.056
23.25	23.24	0.259430	04.155
23.25	23.24	0.259446	04.255
23.25	23.24	0.259463	04.356
23.25	23.24	0.259480	04.455
23.25	23.24	0.259496	04.556
23.25	23.24	0.259513	04.656
23.25	23.24	0.259529	04.756
23.25	23.23	0.259546	04.856
23.25	23.23	0.259563	04.957
23.25	23.23	0.259579	05.056
23.22	23.23	0.259596	05.156
23.22	23.23	0.259613	05.256
23.22	23.23	0.259629	05.356
23.22	23.23	0.259646	05.455
23.22	23.22	0.259663	05.556
23.22	23.22	0.259679	05.657
23.22	23.22	0.259696	05.756
23.22	23.22	0.259713	05.856
23.22	23.22	0.259729	05.955
23.22	23.22	0.259746	06.055
23.22	23.21	0.259763	06.179
23.22	23.21	0.259779	06.285
23.22	23.21	0.259796	06.384
23.22	23.21	0.259813	06.479
23.22	23.21	0.259829	06.583
23.22	23.21	0.259846	06.683
23.20	23.20	0.259863	06.778
23.20	23.20	0.259879	06.882
23.20	23.20	0.259896	06.982
23.20	23.20	0.259913	07.076
23.20	23.20	0.259929	07.181
23.20	23.20	0.259946	07.275
23.20	23.19	0.259963	07.375
23.20	23.19	0.259979	07.480
23.20	23.19	0.259996	07.574
23.20	23.19	0.260013	07.673
23.20	23.19	0.260029	07.779
23.20	23.19	0.260046	07.873
23.20	23.18	0.260063	07.973
23.20	23.18	0.260079	08.077
23.20	23.18	0.260096	08.172
23.20	23.18	0.260113	08.272
23.20	23.18	0.260129	08.376
23.20	23.18	0.260146	08.471
23.17	23.17	0.260163	08.570
23.17	23.17	0.260179	08.675
23.17	23.17	0.260196	08.769
23.17	23.17	0.260213	08.869
23.17	23.17	0.260229	08.973
23.17	23.17	0.260246	09.068
23.17	23.17	0.260263	09.168
23.17	23.16	0.260279	09.272
23.17	23.16	0.260296	09.367
23.17	23.16	0.260313	09.466
23.17	23.16	0.260329	09.571
23.15	23.16	0.260346	09.665
23.15	23.16	0.260362	09.765
23.15	23.16	0.260379	09.870
23.15	23.16	0.260396	09.964
23.15	23.16	0.260412	10.066
23.15	23.16	0.260429	10.169
23.15	23.15	0.260446	10.264
23.15	23.15	0.260462	10.365
23.15	23.15	0.260479	10.468
23.15	23.15	0.260496	10.562
23.15	23.15	0.260512	10.665
23.15	23.15	0.260529	10.767
23.15	23.15	0.260546	10.861
23.15	23.15	0.260562	10.966
23.15	23.15	0.260579	11.065
23.15	23.15	0.260596	11.160
23.15	23.15	0.260612	11.264
23.15	23.15	0.260629	11.364
23.15	23.15	0.260646	11.459
23.15	23.15	0.260662	11.563
23.12	23.15	0.260679	11.663
23.12	23.15	0.260696	11.757
23.12	23.15	0.260712	11.862
23.12	23.15	0.260729	11.961
23.12	23.15	0.260746	12.057
23.12	23.15	0.260762	12.160
23.12	23.15	0.260779	12.261
23.12	23.15	0.260796	12.358
23.12	23.15	0.260812	12.460
23.12	23.15	0.260829	12.561
23.12	23.15	0.260846	12.657
23.15	23.15	0.260862	12.759
23.15	23.15	0.260879	12.860
23.15	23.15	0.260896	12.957
23.15	23.16	0.260912	13.058
23.15	23.16	0.260929	13.160
23.15	23.16	0.260946	13.257
23.15	23.16	0.260962	13.357
23.15	23.16	0.260979	13.461
23.15	23.16	0.260996	13.557
23.15	23.16	0.261012	13.657
23.15	23.16	0.261029	13.760
23.15	23.16	0.261046	13.857
23.15	23.17	0.261062	13.958
23.15	23.17	0.261079	14.060
23.17	23.17	0.261096	14.157
23.17	23.17	0.261112	14.258
23.17	23.17	0.261129	14.361
23.17	23.18	0.261146	14.458
23.17	23.18	0.261162	14.558
23.17	23.18	0.261179	14.660
23.17	23.18	0.261195	14.758
23.17	23.18	0.261212	14.859
23.17	23.19	0.261229	14.960
23.17	23.19	0.261245	15.058
23.17	23.19	0.261262	15.158
23.17	23.19	0.261279	15.260
23.17	23.19	0.261295	15.358
23.20	23.20	0.261312	15.457
23.20	23.20	0.261329	15.561
23.20	23.20	0.261345	15.658
23.20	23.20	0.261362	15.758
23.20	23.21	0.261379	15.860
23.20	23.21	0.261395	15.958
23.20	23.21	0.261412	16.058
23.20	23.22	0.261429	16.160
23.20	23.22	0.261445	16.259
23.20	23.22	0.261462	16.359
23.20	23.22	0.261479	16.461
23.20	23.23	0.261495	16.559
23.22	23.23	0.261512	16.659
23.22	23.23	0.261529	16.760
23.22	23.24	0.261545	16.859
23.22	23.24	0.261562	16.959
23.22	23.24	0.261579	17.060
23.22	23.25	0.261595	17.160
23.22	23.25	0.261612	17.259
23.25	23.25	0.261629	17.360
23.25	23.26	0.261645	17.459
23.25	23.26	0.261662	17.559
23.25	23.26	0.261679	17.660
23.25	23.27	0.261695	17.759
23.25	23.27	0.261712	17.883
23.27	23.27	0.261729	17.960
23.27	23.28	0.261745	18.058
23.27	23.28	0.261762	18.182
23.27	23.28	0.261779	18.260
23.27	23.29	0.261795	18.386
23.27	23.29	0.261812	18.482
23.30	23.29	0.261829	18.559
23.30	23.30	0.261845	18.686
23.30	23.30	0.261862	18.780
23.30	23.30	0.261879	18.860
23.30	23.31	0.261895	18.985
23.30	23.31	0.261912	19.079
23.33	23.31	0.261929	19.184
23.33	23.32	0.261945	19.283
23.33	23.32	0.261962	19.378
23.33	23.33	0.261979	19.482
23.33	23.33	0.261995	19.582
23.33	23.33	0.262012	19.676
23.33	23.34	0.262028	19.781
23.35	23.34	0.262045	19.881
23.35	23.34	0.262062	19.975
23.35	23.35	0.262078	20.080
23.35	23.35	0.262095	20.179
23.35	23.35	0.262112	20.274
23.35	23.36	0.262128	20.378
23.35	23.36	0.262145	20.473
23.35	23.36	0.262162	20.573
23.35	23.37	0.262178	20.678
23.38	23.37	0.262195	20.773
23.38	23.37	0.262212	20.872
23.38	23.38	0.262228	20.977
23.38	23.38	0.262245	21.071
23.38	23.38	0.262262	21.171
23.38	23.38	0.262278	21.275
23.38	23.39	0.262295	21.370
23.38	23.39	0.262312	21.470
23.40	23.39	0.262328	21.574
23.40	23.40	0.262345	21.669
23.40	23.40	0.262362	21.768
23.40	23.40	0.262378	21.873
23.40	23.40	0.262395	21.967
23.40	23.41	0.262412	22.067
23.40	23.41	0.262428	22.172
23.40	23.41	0.262445	22.266
23.40	23.42	0.262462	22.366
23.40	23.42	0.262478	22.470
23.40	23.42	0.262495	22.565
23.43	23.42	0.262512	22.665
23.43	23.43	0.262528	22.769
23.43	23.43	0.262545	22.863
23.43	23.43	0.262562	22.964
23.43	23.43	0.262578	23.069
23.43	23.43	0.262595	23.163
23.43	23.44	0.262612	23.264
23.43	23.44	0.262628	23.367
23.43	23.44	0.262645	23.462
23.45	23.44	0.262662	23.563
23.45	23.44	0.262678	23.666
23.45	23.45	0.262695	23.761
23.45	23.45	0.262712	23.864
23.45	23.45	0.262728	23.965
23.45	23.45	0.262745	24.059
23.45	23.45	0.262762	24.164
23.45	23.45	0.262778	24.263
23.45	23.45	0.262795	24.359
23.45	23.46	0.262812	24.462
23.45	23.46	0.262828	24.563
23.48	23.46	0.262845	24.659
23.48	23.46	0.262861	24.762
23.48	23.46	0.262878	24.861
23.48	23.46	0.262895	24.960
23.48	23.46	0.262911	25.060
23.48	23.46	0.262928	25.160
23.48	23.46	0.262945	25.261
23.48	23.46	0.262961	25.360
23.48	23.46	0.262978	25.460
23.48	23.46	0.262995	25.560
23.48	23.47	0.263011	25.660
23.48	23.47	0.263028	25.760
23.48	23.47	0.263045	25.860
23.48	23.47	0.263061	25.960
23.48	23.47	0.263078	26.060
23.48	23.47	0.263095	26.161
23.48	23.47	0.263111	26.260
23.48	23.47	0.263128	26.360
23.48	23.47	0.263145	26.459
23.48	23.47	0.263161	26.560
23.48	23.47	0.263178	26.660
23.48	23.47	0.263195	26.760
23.48	23.47	0.263211	26.861
23.48	23.47	0.263228	26.960
23.48	23.46	0.263245	27.060
23.48	23.46	0.263261	27.160
23.48	23.46	0.263278	27.260
23.48	23.46	0.263295	27.360
23.48	23.46	0.263311	27.460
23.45	23.46	0.263328	27.560
23.45	23.46	0.263345	27.660
23.45	23.46	0.263361	27.761
23.45	23.46	0.263378	27.860
23.45	23.46	0.263395	27.960
23.45	23.46	0.263411	28.060
23.45	23.46	0.263428	28.160
23.45	23.46	0.263445	28.260
23.45	23.45	0.263461	28.360
23.45	23.45	0.263478	28.460
23.45	23.45	0.263495	28.560
23.45	23.45	0.263511	28.660
23.45	23.45	0.263528	28.760
23.45	23.45	0.263545	28.860
23.45	23.45	0.263561	28.960
23.45	23.45	0.263578	29.060
23.45	23.44	0.263595	29.160
23.45	23.44	0.263611	29.260
23.45	23.44	0.263628	29.361
23.45	23.44	0.263645	29.459
23.45	23.44	0.263661	29.560
23.45	23.44	0.263678	29.660
23.45	23.43	0.263694	29.760
23.45	23.43	0.263711	29.860
23.45	23.43	0.263728	29.960
23.45	23.43	0.263744	30.060
23.45	23.43	0.263761	30.160
23.45	23.43	0.263778	30.261
23.45	23.42	0.263794	30.360
23.45	23.42	0.263811	30.459
23.45	23.42	0.263828	30.584
23.45	23.42	0.263844	30.689
23.45	23.42	0.263861	30.783
23.45	23.42	0.263878	30.883
23.45	23.41	0.263894	30.987
23.45	23.41	0.263911	31.082
23.43	23.41	0.263928	31.183
23.43	23.41	0.263944	31.286
23.43	23.41	0.263961	31.381
23.43	23.41	0.263978	31.483
23.43	23.40	0.263994	31.585
23.43	23.40	0.264011	31.679
23.40	23.40	0.264028	31.783
23.40	23.40	0.264044	31.883
23.40	23.40	0.264061	31.978
23.40	23.40	0.264078	32.083
23.40	23.39	0.264094	32.182
23.40	23.39	0.264111	32.277
23.40	23.39	0.264128	32.381
23.40	23.39	0.264144	32.481
23.38	23.39	0.264161	32.575
23.38	23.39	0.264178	32.680
23.38	23.38	0.264194	32.781
23.38	23.38	0.264211	32.875
23.38	23.38	0.264228	32.980
23.38	23.38	0.264244	33.079
23.38	23.38	0.264261	33.174
23.38	23.38	0.264278	33.278
23.38	23.38	0.264294	33.373
23.38	23.38	0.264311	33.473
23.38	23.37	0.264328	33.577
23.38	23.37	0.264344	33.672
23.38	23.37	0.264361	33.771
23.38	23.37	0.264378	33.876
23.35	23.37	0.264394	33.970
23.35	23.37	0.264411	34.070
23.35	23.37	0.264428	34.174
23.35	23.37	0.264444	34.269
23.35	23.37	0.264461	34.369
23.35	23.37	0.264478	34.473
23.35	23.37	0.264494	34.568
23.35	23.36	0.264511	34.667
23.35	23.36	0.264527	34.772
23.35	23.36	0.264544	34.866
23.35	23.36	0.264561	34.966
23.35	23.36	0.264577	35.071
23.35	23.36	0.264594	35.166
23.35	23.36	0.264611	35.266
23.35	23.36	0.264627	35.370
23.35	23.36	0.264644	35.465
23.35	23.36	0.264661	35.564
23.35	23.36	0.264677	35.669
23.35	23.36	0.264694	35.763
23.35	23.36	0.264711	35.863
23.35	23.36	0.264727	35.968
23.35	23.36	0.264744	36.062
23.35	23.36	0.264761	36.163
23.35	23.36	0.264777	36.266
23.35	23.36	0.264794	36.362
23.35	23.36	0.264811	36.462
23.35	23.36	0.264827	36.565
23.35	23.37	0.264844	36.663
23.35	23.37	0.264861	36.762
23.35	23.37	0.264877	36.864
23.35	23.37	0.264894	36.962
23.35	23.37	0.264911	37.062
23.38	23.37	0.264927	37.163
23.38	23.37	0.264944	37.262
23.38	23.37	0.264961	37.362
23.38	23.37	0.264977	37.462
23.38	23.37	0.264994	37.563
23.38	23.38	0.265011	37.662
23.38	23.38	0.265027	37.762
23.38	23.38	0.265044	37.862
23.38	23.38	0.265061	37.962
23.38	23.38	0.265077	38.062
23.38	23.38	0.265094	38.162
23.38	23.38	0.265111	38.262
23.38	23.39	0.265127	38.362
23.38	23.39	0.265144	38.463
23.38	23.39	0.265161	38.562
23.38	23.39	0.265177	38.662
23.38	23.39	0.265194	38.762
23.38	23.40	0.265211	38.862
23.38	23.40	0.265227	38.962
23.38	23.40	0.265244	39.062
23.38	23.40	0.265261	39.163
23.38	23.41	0.265277	39.262
23.38	23.41	0.265294	39.362
23.38	23.41	0.265311	39.462
23.38	23.41	0.265327	39.562
23.38	23.42	0.265344	39.662
23.38	23.42	0.265360	39.762
23.40	23.42	0.265377	39.862
23.40	23.42	0.265394	39.962
23.40	23.43	0.265410	40.063
23.40	23.43	0.265427	40.162
23.40	23.43	0.265444	40.262
23.40	23.43	0.265460	40.362
23.43	23.44	0.265477	40.462
23.43	23.44	0.265494	40.562
23.43	23.44	0.265510	40.662
23.43	23.45	0.265527	40.762
23.43	23.45	0.265544	40.862
23.43	23.45	0.265560	40.963
23.45	23.46	0.265577	41.062
23.45	23.46	0.265594	41.162
23.45	23.46	0.265610	41.262
23.45	23.47	0.265627	41.362
23.45	23.47	0.265644	41.462
23.45	23.47	0.265660	41.562
23.48	23.48	0.265677	41.663
23.48	23.48	0.265694	41.762
23.48	23.48	0.265710	41.862
23.48	23.49	0.265727	41.962
23.48	23.49	0.265744	42.062
23.48	23.49	0.265760	42.162
23.50	23.50	0.265777	42.262
23.50	23.50	0.265794	42.362
23.50	23.50	0.265810	42.462
23.50	23.51	0.265827	42.586
23.50	23.51	0.265844	42.691
23.50	23.51	0.265860	42.786
23.53	23.52	0.265877	42.885
23.53	23.52	0.265894	42.990
23.53	23.52	0.265910	43.085
23.53	23.53	0.265927	43.184
23.53	23.53	0.265944	43.288
23.53	23.53	0.265960	43.383
23.53	23.54	0.265977	43.484
23.53	23.54	0.265994	43.588
23.53	23.55	0.266010	43.683
23.53	23.55	0.266027	43.782
23.56	23.55	0.266044	43.887
23.56	23.56	0.266060	43.981
23.56	23.56	0.266077	44.082
23.56	23.56	0.266094	44.185
23.56	23.57	0.266110	44.280
23.56	23.57	0.266127	44.382
23.56	23.57	0.266144	44.484
23.58	23.58	0.266160	44.579
23.58	23.58	0.266177	44.681
23.58	23.58	0.266193	44.783
23.58	23.59	0.266210	44.877
23.58	23.59	0.266227	44.981
23.58	23.59	0.266243	45.081
23.58	23.59	0.266260	45.176
23.58	23.60	0.266277	45.281
23.58	23.60	0.266293	45.380
23.61	23.60	0.266310	45.476
23.61	23.61	0.266327	45.580
23.61	23.61	0.266343	45.680
23.61	23.61	0.266360	45.774
23.61	23.62	0.266377	45.879
23.61	23.62	0.266393	45.979
23.61	23.62	0.266410	46.073
23.61	23.62	0.266427	46.178
23.63	23.63	0.266443	46.277
23.63	23.63	0.266460	46.372
23.63	23.63	0.266477	46.476
23.63	23.63	0.266493	46.571
23.63	23.64	0.266510	46.670
23.63	23.64	0.266527	46.775
23.63	23.64	0.266543	46.870
23.63	23.64	0.266560	46.969
23.63	23.65	0.266577	47.074
23.66	23.65	0.266593	47.168
23.66	23.65	0.266610	47.268
23.66	23.65	0.266627	47.372
23.66	23.65	0.266643	47.467
23.66	23.66	0.266660	47.567
23.66	23.66	0.266677	47.671
23.66	23.66	0.266693	47.766
23.66	23.66	0.266710	47.865
23.66	23.66	0.266727	47.971
23.66	23.66	0.266743	48.065
23.68	23.66	0.266760	48.165
23.68	23.67	0.266777	48.269
23.68	23.67	0.266793	48.364
23.68	23.67	0.266810	48.464
23.68	23.67	0.266827	48.568
23.68	23.67	0.266843	48.663
23.68	23.67	0.266860	48.762
23.68	23.67	0.266877	48.867
23.68	23.67	0.266893	48.962
23.68	23.68	0.266910	49.062
23.68	23.68	0.266927	49.166
23.68	23.68	0.266943	49.262
23.68	23.68	0.266960	49.362
23.68	23.68	0.266977	49.464
23.68	23.68	0.266993	49.562
23.68	23.68	0.267010	49.662
23.68	23.68	0.267026	49.763
23.68	23.68	0.267043	49.862
23.71	23.68	0.267060	49.962
23.71	23.68	0.267076	50.063
23.71	23.68	0.267093	50.162
23.71	23.68	0.267110	50.262
23.71	23.68	0.267126	50.362
23.71	23.68	0.267143	50.462
23.71	23.68	0.267160	50.562
23.71	23.68	0.267176	50.662
23.71	23.68	0.267193	50.762
23.71	23.68	0.267210	50.862
23.71	23.68	0.267226	50.963
23.68	23.68	0.267243	51.062
23.68	23.68	0.267260	51.162
23.68	23.68	0.267276	51.262
23.68	23.68	0.267293	51.362
23.68	23.68	0.267310	51.462
23.68	23.68	0.267326	51.562
23.68	23.67	0.267343	51.663
23.68	23.67	0.267360	51.762
23.68	23.67	0.267376	51.862
23.68	23.67	0.267393	51.962
23.68	23.67	0.267410	52.062
23.68	23.67	0.267426	52.162
23.68	23.67	0.267443	52.262
23.68	23.67	0.267460	52.362
23.68	23.67	0.267476	52.462
23.68	23.67	0.267493	52.563
23.68	23.66	0.267510	52.662
23.68	23.66	0.267526	52.762
23.68	23.66	0.267543	52.862
23.68	23.66	0.267560	52.962
23.68	23.66	0.267576	53.062
23.68	23.66	0.267593	53.162
23.68	23.66	0.267610	53.262
23.66	23.65	0.267626	53.362
23.66	23.65	0.267643	53.463
23.66	23.65	0.267660	53.562
23.66	23.65	0.267676	53.662
23.66	23.65	0.267693	53.762
23.66	23.65	0.267710	53.862
23.66	23.64	0.267726	53.962
23.66	23.64	0.267743	54.062
23.66	23.64	0.267760	54.163
23.66	23.64	0.267776	54.262
23.66	23.64	0.267793	54.362
23.63	23.64	0.267810	54.461
23.63	23.63	0.267826	54.562
23.63	23.63	0.267843	54.662
23.63	23.63	0.267859	54.762
23.63	23.63	0.267876	54.862
23.63	23.63	0.267893	54.962
23.63	23.63	0.267909	55.063
23.63	23.62	0.267926	55.162
23.63	23.62	0.267943	55.262
23.63	23.62	0.267959	55.361
23.63	23.62	0.267976	55.461
23.61	23.62	0.267993	55.590
23.61	23.62	0.268009	55.685
23.61	23.61	0.268026	55.784
23.61	23.61	0.268043	55.889
23.61	23.61	0.268059	55.984
23.61	23.61	0.268076	56.083
23.61	23.61	0.268093	56.189
23.61	23.61	0.268109	56.283
23.61	23.60	0.268126	56.383
23.61	23.60	0.268143	56.487
23.61	23.60	0.268159	56.582
23.61	23.60	0.268176	56.681
23.61	23.60	0.268193	56.786
23.61	23.60	0.268209	56.881
23.61	23.60	0.268226	56.980
23.58	23.59	0.268243	57.085
23.58	23.59	0.268259	57.179
23.58	23.59	0.268276	57.280
23.58	23.59	0.268293	57.383
23.58	23.59	0.268309	57.478
23.58	23.59	0.268326	57.580
23.58	23.59	0.268343	57.682
23.58	23.59	0.268359	57.777
23.58	23.58	0.268376	57.880
23.58	23.58	0.268393	57.981
23.58	23.58	0.268409	58.075
23.58	23.58	0.268426	58.180
23.58	23.58	0.268443	58.279
23.58	23.58	0.268459	58.374
23.58	23.58	0.268476	58.480
23.58	23.58	0.268493	58.579
23.58	23.58	0.268509	58.674
23.58	23.58	0.268526	58.778
23.58	23.58	0.268543	58.878
23.58	23.58	0.268559	58.972
23.58	23.58	0.268576	59.077
23.58	23.58	0.268593	59.177
23.58	23.58	0.268609	59.271
23.58	23.58	0.268626	59.376
23.58	23.58	0.268643	59.475
23.58	23.58	0.268659	59.570
23.58	23.58	0.268676	59.674
23.58	23.58	0.268692	59.769
23.58	23.58	0.268709	59.869
23.58	23.58	0.268726	59.973
23.56	23.58	0.268742	00.068
23.56	23.58	0.268759	00.167
23.56	23.58	0.268776	00.272
23.56	23.58	0.268792	00.366
23.56	23.58	0.268809	00.466
23.56	23.58	0.268826	00.570
23.56	23.58	0.268842	00.665
23.56	23.58	0.268859	00.765
23.56	23.58	0.268876	00.869
23.58	23.58	0.268892	00.965
23.58	23.58	0.268909	01.064
23.58	23.58	0.268926	01.169
23.58	23.58	0.268942	01.263
23.58	23.58	0.268959	01.363
23.58	23.59	0.268976	01.468
23.58	23.59	0.268992	01.563
23.58	23.59	0.269009	01.663
23.58	23.59	0.269026	01.766
23.58	23.59	0.269042	01.863
23.58	23.59	0.269059	01.963
23.58	23.59	0.269076	02.065
23.58	23.60	0.269092	02.163
23.58	23.60	0.269109	02.263
23.58	23.60	0.269126	02.364
23.58	23.60	0.269142	02.463
23.58	23.60	0.269159	02.563
23.58	23.61	0.269176	02.663
23.58	23.61	0.269192	02.763
23.61	23.61	0.269209	02.863
23.61	23.61	0.269226	02.963
23.61	23.61	0.269242	03.064
23.61	23.62	0.269259	03.163
23.61	23.62	0.269276	03.263
23.61	23.62	0.269292	03.364
23.61	23.62	0.269309	03.464
23.61	23.63	0.269326	03.564
23.61	23.63	0.269342	03.664
23.61	23.63	0.269359	03.764
23.61	23.63	0.269376	03.864
23.61	23.64	0.269392	03.965
23.61	23.64	0.269409	04.064
23.63	23.64	0.269426	04.164
23.63	23.65	0.269442	04.264
23.63	23.65	0.269459	04.364
23.63	23.65	0.269476	04.464
23.63	23.65	0.269492	04.564
23.63	23.66	0.269509	04.665
23.63	23.66	0.269525	04.764
23.63	23.66	0.269542	04.864
23.66	23.67	0.269559	04.964
23.66	23.67	0.269575	05.064
23.66	23.67	0.269592	05.164
23.66	23.68	0.269609	05.264
23.66	23.68	0.269625	05.364
23.68	23.68	0.269642	05.464
23.68	23.69	0.269659	05.565
23.68	23.69	0.269675	05.664
23.68	23.69	0.269692	05.764
23.68	23.70	0.269709	05.864
23.68	23.70	0.269725	05.964
23.71	23.70	0.269742	06.064
23.71	23.71	0.269759	06.164
23.71	23.71	0.269775	06.265
23.71	23.71	0.269792	06.364
23.71	23.72	0.269809	06.464
23.71	23.72	0.269825	06.564
23.71	23.72	0.269842	06.664
23.71	23.73	0.269859	06.764
23.74	23.73	0.269875	06.864
23.74	23.73	0.269892	06.964
23.74	23.74	0.269909	07.064
23.74	23.74	0.269925	07.165
23.74	23.74	0.269942	07.264
23.74	23.75	0.269959	07.364
23.76	23.75	0.269975	07.464
23.76	23.76	0.269992	07.564
23.76	23.76	0.270009	07.688
23.76	23.76	0.270025	07.788
23.76	23.77	0.270042	07.892
23.76	23.77	0.270059	07.987
23.76	23.77	0.270075	08.087
23.76	23.78	0.270092	08.191
23.79	23.78	0.270109	08.286
23.79	23.78	0.270125	08.385
23.79	23.79	0.270142	08.490
23.79	23.79	0.270159	08.584
23.79	23.79	0.270175	08.684
23.79	23.80	0.270192	08.788
23.79	23.80	0.270209	08.883
23.79	23.80	0.270225	08.983
23.79	23.81	0.270242	09.087
23.81	23.81	0.270259	09.183
23.81	23.81	0.270275	09.282
23.81	23.81	0.270292	09.387
23.81	23.82	0.270309	09.481
23.81	23.82	0.270325	09.581
23.81	23.82	0.270342	09.685
23.81	23.83	0.270358	09.780
23.81	23.83	0.270375	09.880
23.81	23.83	0.270392	09.984
23.84	23.83	0.270408	10.079
23.84	23.84	0.270425	10.178
23.84	23.84	0.270442	10.283
23.84	23.84	0.270458	10.377
23.84	23.84	0.270475	10.479
23.84	23.85	0.270492	10.582
23.84	23.85	0.270508	10.676
23.84	23.85	0.270525	10.779
23.84	23.85	0.270542	10.880
23.86	23.86	0.270558	10.975
23.86	23.86	0.270575	11.078
23.86	23.86	0.270592	11.179
23.86	23.86	0.270608	11.273
23.86	23.86	0.270625	11.378
23.86	23.87	0.270642	11.479
23.86	23.87	0.270658	11.573
23.86	23.87	0.270675	11.678
23.86	23.87	0.270692	11.777
23.89	23.87	0.270708	11.872
23.89	23.88	0.270725	11.976
23.89	23.88	0.270742	12.076
23.89	23.88	0.270758	12.171
23.89	23.88	0.270775	12.275
23.89	23.88	0.270792	12.375
23.89	23.88	0.270808	12.469
23.89	23.88	0.270825	12.574
23.89	23.88	0.270842	12.668
23.89	23.89	0.270858	12.768
23.89	23.89	0.270875	12.872
23.89	23.89	0.270892	12.967
23.89	23.89	0.270908	13.067
23.89	23.89	0.270925	13.171
23.92	23.89	0.270942	13.266
23.92	23.89	0.270958	13.365
23.92	23.89	0.270975	13.470
23.92	23.89	0.270992	13.565
23.92	23.89	0.271008	13.665
23.92	23.89	0.271025	13.770
23.92	23.89	0.271042	13.865
23.92	23.89	0.271058	13.965
23.92	23.89	0.271075	14.068
23.92	23.89	0.271092	14.165
23.92	23.89	0.271108	14.265
23.92	23.89	0.271125	14.367
23.89	23.89	0.271142	14.465
23.89	23.89	0.271158	14.565
23.89	23.89	0.271175	14.666
23.89	23.89	0.271191	14.765
23.89	23.89	0.271208	14.865
23.89	23.89	0.271225	14.965
23.89	23.89	0.271241	15.065
23.89	23.89	0.271258	15.165
23.89	23.89	0.271275	15.265
23.89	23.89	0.271291	15.366
23.89	23.89	0.271308	15.465
23.89	23.89	0.271325	15.565
23.89	23.89	0.271341	15.665
23.89	23.89	0.271358	15.765
23.89	23.89	0.271375	15.865
23.89	23.88	0.271391	15.965
23.89	23.88	0.271408	16.065
23.89	23.88	0.271425	16.165
23.89	23.88	0.271441	16.266
23.89	23.88	0.271458	16.365
23.89	23.88	0.271475	16.465
23.89	23.88	0.271491	16.565
23.89	23.88	0.271508	16.665
23.89	23.88	0.271525	16.765
23.89	23.87	0.271541	16.865
23.86	23.87	0.271558	16.966
23.86	23.87	0.271575	17.065
23.86	23.87	0.271591	17.165
23.86	23.87	0.271608	17.265
23.86	23.87	0.271625	17.365
23.86	23.87	0.271641	17.465
23.86	23.86	0.271658	17.565
23.86	23.86	0.271675	17.665
23.86	23.86	0.271691	17.765
23.86	23.86	0.271708	17.866
23.86	23.86	0.271725	17.965
23.86	23.86	0.271741	18.065
23.86	23.85	0.271758	18.165
23.86	23.85	0.271775	18.265
23.86	23.85	0.271791	18.365
23.86	23.85	0.271808	18.464
23.86	23.85	0.271825	18.566
23.86	23.85	0.271841	18.665
23.86	23.84	0.271858	18.765
23.86	23.84	0.271875	18.865
23.86	23.84	0.271891	18.965
23.86	23.84	0.271908	19.065
23.86	23.84	0.271925	19.165
23.86	23.84	0.271941	19.265
23.86	23.83	0.271958	19.365
23.86	23.83	0.271975	19.466
23.86	23.83	0.271991	19.565
23.86	23.83	0.272008	19.665
23.86	23.83	0.272024	19.765
23.86	23.83	0.272041	19.865
23.84	23.82	0.272058	19.965
23.84	23.82	0.272074	20.065
23.84	23.82	0.272091	20.194
23.84	23.82	0.272108	20.294
23.84	23.82	0.272124	20.388
23.84	23.82	0.272141	20.493
23.84	23.81	0.272158	20.588
23.81	23.81	0.272174	20.687
23.81	23.81	0.272191	20.792
23.81	23.81	0.272208	20.886
23.81	23.81	0.272224	20.986
23.81	23.81	0.272241	21.090
23.81	23.81	0.272258	21.185
23.79	23.80	0.272274	21.285
23.79	23.80	0.272291	21.389
23.79	23.80	0.272308	21.484
23.79	23.80	0.272324	21.583
23.79	23.80	0.272341	21.688
23.79	23.80	0.272358	21.782
23.79	23.80	0.272374	21.882
23.79	23.80	0.272391	21.986
23.79	23.80	0.272408	22.081
23.79	23.80	0.272424	22.181
23.79	23.79	0.272441	22.285
23.79	23.79	0.272458	22.381
23.76	23.79	0.272474	22.480
23.76	23.79	0.272491	22.585
23.76	23.79	0.272508	22.679
23.76	23.79	0.272524	22.779
23.76	23.79	0.272541	22.884
23.76	23.79	0.272558	22.978
23.76	23.79	0.272574	23.078
23.76	23.79	0.272591	23.182
23.76	23.79	0.272608	23.277
23.76	23.79	0.272624	23.377
23.79	23.79	0.272641	23.481
23.79	23.79	0.272658	23.576
23.79	23.79	0.272674	23.677
23.79	23.79	0.272691	23.780
23.79	23.79	0.272708	23.874
23.79	23.79	0.272724	23.977
23.79	23.79	0.272741	24.078
23.79	23.79	0.272758	24.173
23.79	23.79	0.272774	24.277
23.79	23.79	0.272791	24.377
23.79	23.79	0.272808	24.472
23.79	23.79	0.272824	24.577
23.79	23.79	0.272841	24.677
23.79	23.79	0.272857	24.770
23.79	23.79	0.272874	24.876
23.79	23.79	0.272891	24.975
23.79	23.80	0.272907	25.070
23.79	23.80	0.272924	25.175
23.79	23.80	0.272941	25.274
23.79	23.80	0.272957	25.369
23.79	23.80	0.272974	25.473
23.79	23.80	0.272991	25.573
23.79	23.80	0.273007	25.667
23.79	23.80	0.273024	25.772
23.79	23.80	0.273041	25.867
23.79	23.81	0.273057	25.967
23.79	23.81	0.273074	26.071
23.79	23.81	0.273091	26.167
23.79	23.81	0.273107	26.267
23.79	23.81	0.273124	26.369
23.79	23.82	0.273141	26.467
23.81	23.82	0.273157	26.567
23.81	23.82	0.273174	26.668
23.81	23.82	0.273191	26.772
23.81	23.82	0.273207	26.867
23.81	23.83	0.273224	26.968
23.81	23.83	0.273241	27.067
23.81	23.83	0.273257	27.167
23.81	23.83	0.273274	27.267
23.81	23.83	0.273291	27.367
23.81	23.84	0.273307	27.466
23.84	23.84	0.273324	27.567
23.84	23.84	0.273341	27.673
23.84	23.84	0.273357	27.767
23.84	23.85	0.273374	27.867
23.84	23.85	0.273391	27.967
23.84	23.85	0.273407	28.067
23.84	23.86	0.273424	28.167
23.86	23.86	0.273441	28.267
23.86	23.86	0.273457	28.368
23.86	23.86	0.273474	28.467
23.86	23.87	0.273491	28.567
23.86	23.87	0.273507	28.667
23.86	23.87	0.273524	28.767
23.86	23.88	0.273541	28.872
23.89	23.88	0.273557	28.967
23.89	23.88	0.273574	29.067
23.89	23.89	0.273591	29.167
23.89	23.89	0.273607	29.268
23.89	23.89	0.273624	29.367
23.89	23.90	0.273641	29.466
23.89	23.90	0.273657	29.567
23.89	23.90	0.273674	29.667
23.89	23.91	0.273690	29.772
23.89	23.91	0.273707	29.867
23.92	23.91	0.273724	29.967
23.92	23.92	0.273740	30.067
23.92	23.92	0.273757	30.167
23.92	23.92	0.273774	30.267
23.92	23.93	0.273790	30.367
23.92	23.93	0.273807	30.467
23.94	23.93	0.273824	30.567
23.94	23.94	0.273840	30.671
23.94	23.94	0.273857	30.767
23.94	23.94	0.273874	30.868
23.94	23.95	0.273890	30.972
23.94	23.95	0.273907	31.067
23.94	23.95	0.273924	31.167
23.94	23.96	0.273940	31.267
23.94	23.96	0.273957	31.367
23.97	23.97	0.273974	31.466
23.97	23.97	0.273990	31.571
23.97	23.97	0.274007	31.667
23.97	23.98	0.274024	31.768
23.97	23.98	0.274040	31.871
23.97	23.98	0.274057	31.967
23.97	23.99	0.274074	32.067
23.99	23.99	0.274090	32.167
23.99	23.99	0.274107	32.266
23.99	24.00	0.274124	32.366
23.99	24.00	0.274140	32.495
23.99	24.00	0.274157	32.595
23.99	24.01	0.274174	32.690
23.99	24.01	0.274190	32.794
24.02	24.01	0.274207	32.895
24.02	24.02	0.274224	32.988
24.02	24.02	0.274240	33.094
24.02	24.02	0.274257	33.193
24.02	24.02	0.274274	33.288
24.02	24.03	0.274290	33.392
24.04	24.03	0.274307	33.492
24.04	24.03	0.274324	33.587
24.04	24.04	0.274340	33.691
24.04	24.04	0.274357	33.786
24.04	24.04	0.274374	33.885
24.04	24.04	0.274390	33.990
24.04	24.05	0.274407	34.084
24.04	24.05	0.274424	34.184
24.04	24.05	0.274440	34.288
24.07	24.06	0.274457	34.383
24.07	24.06	0.274474	34.483
24.07	24.06	0.274490	34.587
24.07	24.06	0.274507	34.682
24.07	24.07	0.274523	34.781
24.07	24.07	0.274540	34.886
24.07	24.07	0.274557	34.980
24.07	24.07	0.274573	35.080
24.07	24.07	0.274590	35.185
24.09	24.08	0.274607	35.280
24.09	24.08	0.274623	35.380
24.09	24.08	0.274640	35.484
24.09	24.08	0.274657	35.579
24.09	24.08	0.274673	35.678
24.09	24.09	0.274690	35.783
24.09	24.09	0.274707	35.878
24.09	24.09	0.274723	35.977
24.09	24.09	0.274740	36.082
24.09	24.09	0.274757	36.176
24.09	24.09	0.274773	36.276
24.09	24.09	0.274790	36.380
24.12	24.10	0.274807	36.475
24.12	24.10	0.274823	36.575
24.12	24.10	0.274840	36.679
24.12	24.10	0.274857	36.774
24.12	24.10	0.274873	36.876
24.12	24.10	0.274890	36.978
24.12	24.10	0.274907	37.072
24.12	24.10	0.274923	37.176
24.12	24.10	0.274940	37.276
24.12	24.10	0.274957	37.371
24.12	24.10	0.274973	37.476
24.12	24.10	0.274990	37.575
24.12	24.11	0.275007	37.671
24.12	24.11	0.275023	37.775
24.12	24.11	0.275040	37.875
24.12	24.11	0.275057	37.969
24.12	24.11	0.275073	38.074
24.12	24.11	0.275090	38.173
24.12	24.11	0.275107	38.269
24.12	24.11	0.275123	38.373
24.12	24.11	0.275140	38.472
24.12	24.11	0.275157	38.569
24.12	24.11	0.275173	38.671
24.12	24.11	0.275190	38.771
24.09	24.11	0.275207	38.869
24.09	24.11	0.275223	38.970
24.09	24.10	0.275240	39.071
24.09	24.10	0.275257	39.169
24.09	24.10	0.275273	39.269
24.09	24.10	0.275290	39.371
24.09	24.10	0.275307	39.469
24.09	24.10	0.275323	39.569
24.09	24.10	0.275340	39.671
24.09	24.10	0.275356	39.769
24.09	24.10	0.275373	39.869
24.09	24.10	0.275390	39.971
24.09	24.10	0.275406	40.069
24.09	24.10	0.275423	40.169
24.12	24.10	0.275440	40.270
24.12	24.09	0.275456	40.369
24.12	24.09	0.275473	40.469
24.12	24.09	0.275490	40.571
24.12	24.09	0.275506	40.670
24.12	24.09	0.275523	40.770
24.12	24.09	0.275540	40.871
24.12	24.09	0.275556	40.970
24.12	24.09	0.275573	41.070
24.12	24.08	0.275590	41.170
24.09	24.08	0.275606	41.270
24.09	24.08	0.275623	41.370
24.09	24.08	0.275640	41.471
24.09	24.08	0.275656	41.571
24.09	24.08	0.275673	41.670
24.09	24.07	0.275690	41.771
24.09	24.07	0.275706	41.870
24.09	24.07	0.275723	41.970
24.09	24.07	0.275740	42.070
24.07	24.07	0.275756	42.170
24.07	24.07	0.275773	42.270
24.07	24.06	0.275790	42.371
24.07	24.06	0.275806	42.472
24.07	24.06	0.275823	42.571
24.07	24.06	0.275840	42.671
24.07	24.06	0.275856	42.771
24.07	24.06	0.275873	42.871
24.07	24.05	0.275890	42.971
24.07	24.05	0.275906	43.071
24.07	24.05	0.275923	43.171
24.07	24.05	0.275940	43.271
24.07	24.05	0.275956	43.371
24.04	24.05	0.275973	43.471
24.04	24.04	0.275990	43.571
24.04	24.04	0.276006	43.671
24.04	24.04	0.276023	43.771
24.04	24.04	0.276040	43.871
24.04	24.04	0.276056	43.971
24.04	24.04	0.276073	44.095
24.04	24.03	0.276090	44.195
24.04	24.03	0.276106	44.300
24.04	24.03	0.276123	44.394
24.04	24.03	0.276140	44.470
24.04	24.03	0.276156	44.598
24.04	24.03	0.276173	44.693
24.02	24.02	0.276189	44.794
24.02	24.02	0.276206	44.897
24.02	24.02	0.276223	44.991
24.02	24.02	0.276239	45.095
24.02	24.02	0.276256	45.196
24.02	24.02	0.276273	45.290
24.02	24.02	0.276289	45.395
24.02	24.02	0.276306	45.494
24.02	24.01	0.276323	45.589
24.02	24.01	0.276339	45.693
24.02	24.01	0.276356	45.793
24.02	24.01	0.276373	45.888
24.02	24.01	0.276389	45.992
23.99	24.01	0.276406	46.093
23.99	24.01	0.276423	46.186
23.99	24.01	0.276439	46.292
23.99	24.01	0.276456	46.391
23.99	24.01	0.276473	46.486
23.99	24.01	0.276489	46.590
23.99	24.00	0.276506	46.690
23.99	24.00	0.276523	46.785
23.99	24.00	0.276539	46.889
23.99	24.00	0.276556	46.984
23.99	24.00	0.276573	47.083
23.99	24.00	0.276589	47.188
23.99	24.00	0.276606	47.282
23.99	24.00	0.276623	47.382
23.99	24.00	0.276639	47.487
23.99	24.00	0.276656	47.581
23.99	24.00	0.276673	47.681
23.99	24.00	0.276689	47.785
23.99	24.00	0.276706	47.880
23.99	24.00	0.276723	47.979
23.99	24.00	0.276739	48.084
23.99	24.00	0.276756	48.179
23.99	24.00	0.276773	48.278
23.99	24.00	0.276789	48.383
23.99	24.00	0.276806	48.477
23.99	24.00	0.276823	48.577
23.99	24.01	0.276839	48.682
23.99	24.01	0.276856	48.777
24.02	24.01	0.276873	48.876
24.02	24.01	0.276889	48.981
24.02	24.01	0.276906	49.076
24.02	24.01	0.276923	49.175
24.02	24.01	0.276939	49.280
24.02	24.01	0.276956	49.374
24.02	24.01	0.276973	49.474
24.02	24.01	0.276989	49.578
24.02	24.02	0.277006	49.673
24.02	24.02	0.277022	49.774
24.02	24.02	0.277039	49.877
24.02	24.02	0.277056	49.972
24.02	24.02	0.277072	50.074
24.02	24.02	0.277089	50.176
24.02	24.02	0.277106	50.271
24.02	24.03	0.277122	50.374
24.02	24.03	0.277139	50.474
24.02	24.03	0.277156	50.571
24.02	24.03	0.277172	50.674
24.02	24.03	0.277189	50.773
24.02	24.04	0.277206	50.871
24.02	24.04	0.277222	50.972
24.02	24.04	0.277239	51.073
24.02	24.04	0.277256	51.171
24.02	24.05	0.277272	51.272
24.02	24.05	0.277289	51.371
24.02	24.05	0.277306	51.471
24.02	24.05	0.277322	51.572
24.02	24.06	0.277339	51.671
24.02	24.06	0.277356	51.771
24.02	24.06	0.277372	51.871
24.02	24.06	0.277389	51.971
24.02	24.07	0.277406	52.071
24.04	24.07	0.277422	52.171
24.04	24.07	0.277439	52.272
24.04	24.07	0.277456	52.371
24.04	24.08	0.277472	52.471
24.04	24.08	0.277489	52.571
24.07	24.08	0.277506	52.671
24.07	24.09	0.277522	52.771
24.07	24.09	0.277539	52.871
24.07	24.09	0.277556	52.972
24.09	24.10	0.277572	53.071
24.09	24.10	0.277589	53.171
24.09	24.10	0.277606	53.271
24.09	24.11	0.277622	53.371
24.09	24.11	0.277639	53.471
24.12	24.11	0.277656	53.571
24.12	24.12	0.277672	53.671
24.12	24.12	0.277689	53.771
24.12	24.12	0.277706	53.872
24.12	24.13	0.277722	53.971
24.15	24.13	0.277739	54.071
24.15	24.13	0.277756	54.171
24.15	24.14	0.277772	54.271
24.15	24.14	0.277789	54.370
24.15	24.14	0.277806	54.471
24.15	24.15	0.277822	54.572
24.15	24.15	0.277839	54.671
24.15	24.15	0.277855	54.771
24.15	24.16	0.277872	54.871
24.17	24.16	0.277889	54.971
24.17	24.16	0.277905	55.071
24.17	24.17	0.277922	55.171
24.17	24.17	0.277939	55.271
24.17	24.17	0.277955	55.371
24.17	24.18	0.277972	55.470
24.17	24.18	0.277989	55.571
24.17	24.19	0.278005	55.671
24.17	24.19	0.278022	55.771
24.17	24.19	0.278039	55.871
24.17	24.20	0.278055	55.971
24.20	24.20	0.278072	56.071
24.20	24.20	0.278089	56.172
24.20	24.21	0.278105	56.271
24.20	24.21	0.278122	56.372
24.20	24.21	0.278139	56.471
24.20	24.22	0.278155	56.571
24.22	24.22	0.278172	56.695
24.22	24.22	0.278189	56.795
24.22	24.23	0.278205	56.899
24.22	24.23	0.278222	56.994
24.22	24.23	0.278239	57.093
24.22	24.23	0.278255	57.198
24.22	24.24	0.278272	57.293
24.22	24.24	0.278289	57.393
24.25	24.24	0.278305	57.498
24.25	24.25	0.278322	57.592
24.25	24.25	0.278339	57.693
24.25	24.25	0.278355	57.796
24.25	24.26	0.278372	57.891
24.25	24.26	0.278389	57.994
24.25	24.26	0.278405	58.095
24.27	24.26	0.278422	58.190
24.27	24.27	0.278439	58.293
24.27	24.27	0.278455	58.394
24.27	24.27	0.278472	58.488
24.27	24.27	0.278489	58.593
24.27	24.28	0.278505	58.692
24.27	24.28	0.278522	58.787
24.27	24.28	0.278539	58.892
24.30	24.28	0.278555	58.991
24.30	24.29	0.278572	59.086
24.30	24.29	0.278589	59.190
24.30	24.29	0.278605	59.290
24.30	24.29	0.278622	59.385
24.30	24.29	0.278639	59.490
24.30	24.30	0.278655	59.590
24.30	24.30	0.278672	59.684
24.30	24.30	0.278688	59.789
24.30	24.30	0.278705	59.883
24.33	24.30	0.278722	59.983
24.33	24.30	0.278738	00.087
24.33	24.30	0.278755	00.181
24.33	24.31	0.278772	00.281
24.33	24.31	0.278788	00.386
24.33	24.31	0.278805	00.481
24.33	24.31	0.278822	00.581
24.33	24.31	0.278838	00.685
24.33	24.31	0.278855	00.780
24.33	24.31	0.278872	00.879
24.33	24.31	0.278888	00.984
24.33	24.32	0.278905	01.078
24.33	24.32	0.278922	01.178
24.33	24.32	0.278938	01.283
24.33	24.32	0.278955	01.377
24.33	24.32	0.278972	01.477
24.33	24.32	0.278988	01.581
24.33	24.32	0.279005	01.676
24.33	24.32	0.279022	01.775
24.33	24.32	0.279038	01.880
24.33	24.32	0.279055	01.975
24.33	24.32	0.279072	02.074
24.33	24.32	0.279088	02.179
24.33	24.32	0.279105	02.273
24.33	24.32	0.279122	02.373
24.33	24.32	0.279138	02.477
24.33	24.32	0.279155	02.573
24.33	24.32	0.279172	02.673
24.33	24.32	0.279188	02.776
24.33	24.32	0.279205	02.874
24.30	24.32	0.279222	02.973
24.30	24.32	0.279238	03.075
24.30	24.32	0.279255	03.173
24.30	24.32	0.279272	03.273
24.30	24.32	0.279288	03.374
24.30	24.32	0.279305	03.473
24.30	24.32	0.279322	03.573
24.30	24.31	0.279338	03.673
24.33	24.31	0.279355	03.773
24.33	24.31	0.279372	03.873
24.33	24.31	0.279388	03.973
24.33	24.31	0.279405	04.073
24.33	24.31	0.279422	04.173
24.33	24.31	0.279438	04.273
24.33	24.31	0.279455	04.373
24.33	24.31	0.279472	04.474
24.33	24.31	0.279488	04.573
24.33	24.30	0.279505	04.673
24.33	24.30	0.279521	04.773
24.33	24.30	0.279538	04.873
24.33	24.30	0.279555	04.973
24.33	24.30	0.279571	05.073
24.30	24.30	0.279588	05.173
24.30	24.30	0.279605	05.273
24.30	24.29	0.279621	05.374
24.30	24.29	0.279638	05.473
24.30	24.29	0.279655	05.573
24.30	24.29	0.279671	05.673
24.30	24.29	0.279688	05.773
24.30	24.29	0.279705	05.873
24.30	24.28	0.279721	05.973
24.30	24.28	0.279738	06.074
24.30	24.28	0.279755	06.173
24.30	24.28	0.279771	06.273
24.30	24.28	0.279788	06.373
24.27	24.28	0.279805	06.473
24.27	24.27	0.279821	06.573
24.27	24.27	0.279838	06.673
24.27	24.27	0.279855	06.773
24.27	24.27	0.279871	06.873
24.27	24.27	0.279888	06.974
24.27	24.27	0.279905	07.073
24.27	24.26	0.279921	07.173
24.27	24.26	0.279938	07.273
24.27	24.26	0.279955	07.373
24.27	24.26	0.279971	07.473
24.27	24.26	0.279988	07.573
24.27	24.26	0.280005	07.673
24.27	24.25	0.280021	07.773
24.27	24.25	0.280038	07.873
24.25	24.25	0.280055	07.973
24.25	24.25	0.280071	08.073
24.25	24.25	0.280088	08.173
24.25	24.25	0.280105	08.273
24.25	24.24	0.280121	08.373
24.25	24.24	0.280138	08.473
24.25	24.24	0.280155	08.574
24.25	24.24	0.280171	08.673
24.25	24.24	0.280188	08.773
24.25	24.24	0.280205	08.873
24.25	24.24	0.280221	08.973
24.25	24.23	0.280238	09.097
24.25	24.23	0.280255	09.202
24.22	24.23	0.280271	09.296
24.22	24.23	0.280288	09.396
24.22	24.23	0.280305	09.500
24.22	24.23	0.280321	09.595
24.22	24.23	0.280338	09.695
24.22	24.23	0.280354	09.799
24.22	24.22	0.280371	09.894
24.22	24.22	0.280388	09.993
24.22	24.22	0.280404	10.098
24.22	24.22	0.280421	10.192
24.22	24.22	0.280438	10.292
24.22	24.22	0.280454	10.397
24.22	24.22	0.280471	10.491
24.22	24.22	0.280488	10.592
24.22	24.22	0.280504	10.695
24.22	24.22	0.280521	10.790
24.22	24.22	0.280538	10.892
24.22	24.22	0.280554	10.994
24.22	24.22	0.280571	11.088
24.22	24.22	0.280588	11.192
24.22	24.22	0.280604	11.293
24.22	24.22	0.280621	11.387
24.22	24.22	0.280638	11.492
24.22	24.22	0.280654	11.592
24.22	24.22	0.280671	11.687
24.22	24.22	0.280688	11.791
24.20	24.22	0.280704	11.891
24.20	24.22	0.280721	11.986
24.20	24.22	0.280738	12.090
24.20	24.22	0.280754	12.190
24.20	24.22	0.280771	12.284
24.20	24.22	0.280788	12.389
24.20	24.22	0.280804	12.488
24.20	24.22	0.280821	12.583
24.20	24.22	0.280838	12.687
24.20	24.22	0.280854	12.787
24.20	24.22	0.280871	12.882
24.20	24.22	0.280888	12.986
24.22	24.22	0.280904	13.081
24.22	24.22	0.280921	13.180
24.22	24.22	0.280938	13.285
24.22	24.22	0.280954	13.379
24.22	24.23	0.280971	13.479
24.22	24.23	0.280988	13.584
24.22	24.23	0.281004	13.678
24.22	24.23	0.281021	13.778
24.22	24.23	0.281038	13.882
24.22	24.23	0.281054	13.978
24.22	24.23	0.281071	14.077
24.22	24.24	0.281088	14.182
24.22	24.24	0.281104	14.276
24.22	24.24	0.281121	14.376
24.22	24.24	0.281138	14.481
24.22	24.24	0.281154	14.576
24.22	24.25	0.281171	14.676
24.22	24.25	0.281187	14.779
24.22	24.25	0.281204	14.876
24.25	24.25	0.281221	14.976
24.25	24.25	0.281237	15.078
24.25	24.26	0.281254	15.177
24.25	24.26	0.281271	15.276
24.25	24.26	0.281287	15.377
24.25	24.26	0.281304	15.476
24.25	24.27	0.281321	15.576
24.25	24.27	0.281337	15.676
24.25	24.27	0.281354	15.776
24.27	24.27	0.281371	15.877
24.27	24.28	0.281387	15.977
24.27	24.28	0.281404	16.078
24.27	24.28	0.281421	16.177
24.27	24.29	0.281437	16.277
24.27	24.29	0.281454	16.377
24.27	24.29	0.281471	16.477
24.27	24.29	0.281487	16.577
24.27	24.30	0.281504	16.677
24.30	24.30	0.281521	16.778
24.30	24.30	0.281537	16.877
24.30	24.31	0.281554	16.977
24.30	24.31	0.281571	17.077
24.30	24.31	0.281587	17.177
24.30	24.32	0.281604	17.277
24.30	24.32	0.281621	17.377
24.30	24.32	0.281637	17.477
24.33	24.33	0.281654	17.577
24.33	24.33	0.281671	17.678
24.33	24.33	0.281687	17.777
24.33	24.34	0.281704	17.877
24.33	24.34	0.281721	17.978
24.33	24.34	0.281737	18.078
24.33	24.35	0.281754	18.178
24.35	24.35	0.281771	18.278
24.35	24.35	0.281787	18.378
24.35	24.36	0.281804	18.478
24.35	24.36	0.281821	18.579
24.35	24.36	0.281837	18.678
24.35	24.37	0.281854	18.778
24.35	24.37	0.281871	18.878
24.35	24.37	0.281887	18.978
24.35	24.38	0.281904	19.078
24.38	24.38	0.281921	19.178
24.38	24.38	0.281937	19.279
24.38	24.39	0.281954	19.378
24.38	24.39	0.281971	19.478
24.38	24.40	0.281987	19.578
24.38	24.40	0.282004	19.678
24.38	24.40	0.282020	19.778
24.40	24.41	0.282037	19.878
24.40	24.41	0.282054	19.978
24.40	24.41	0.282070	20.078
24.40	24.42	0.282087	20.179
24.40	24.42	0.282104	20.278
24.40	24.42	0.282120	20.378
24.43	24.43	0.282137	20.502
24.43	24.43	0.282154	20.607
24.43	24.43	0.282170	20.706
24.43	24.44	0.282187	20.801
24.43	24.44	0.282204	20.905
24.43	24.44	0.282220	21.000
24.45	24.45	0.282237	21.099
24.45	24.45	0.282254	21.204
24.45	24.45	0.282270	21.299
24.45	24.45	0.282287	21.398
24.45	24.46	0.282304	21.503
24.45	24.46	0.282320	21.597
24.45	24.46	0.282337	21.697
24.45	24.47	0.282354	21.801
24.48	24.47	0.282370	21.897
24.48	24.47	0.282387	21.997
24.48	24.47	0.282404	22.101
24.48	24.48	0.282420	22.196
24.48	24.48	0.282437	22.295
24.48	24.48	0.282454	22.400
24.48	24.48	0.282470	22.494
24.48	24.49	0.282487	22.594
24.50	24.49	0.282504	22.698
24.50	24.49	0.282520	22.793
24.50	24.49	0.282537	22.893
24.50	24.50	0.282554	22.997
24.50	24.50	0.282570	23.092
24.50	24.50	0.282587	23.191
24.50	24.50	0.282604	23.296
24.50	24.50	0.282620	23.390
24.50	24.51	0.282637	23.491
24.50	24.51	0.282654	23.595
24.53	24.51	0.282670	23.689
24.53	24.51	0.282687	23.791
24.53	24.51	0.282704	23.893
24.53	24.52	0.282720	23.989
24.53	24.52	0.282737	24.090
24.53	24.52	0.282754	24.193
24.53	24.52	0.282770	24.287
24.53	24.52	0.282787	24.390
24.53	24.52	0.282804	24.492
24.53	24.52	0.282820	24.586
24.53	24.52	0.282837	24.691
24.53	24.53	0.282853	24.790
24.53	24.53	0.282870	24.884
24.53	24.53	0.282887	24.989
24.53	24.53	0.282903	25.088
24.53	24.53	0.282920	25.183
24.53	24.53	0.282937	25.288
24.53	24.53	0.282953	25.387
24.53	24.53	0.282970	25.482
24.53	24.53	0.282987	25.587
24.53	24.53	0.283003	25.687
24.53	24.53	0.283020	25.781
24.53	24.53	0.283037	25.886
24.56	24.53	0.283053	25.981
24.56	24.53	0.283070	26.080
24.56	24.53	0.283087	26.185
24.56	24.53	0.283103	26.279
24.56	24.53	0.283120	26.379
24.56	24.53	0.283137	26.483
24.56	24.53	0.283153	26.578
24.56	24.53	0.283170	26.679
24.56	24.53	0.283187	26.782
24.56	24.53	0.283203	26.878
24.56	24.53	0.283220	26.978
24.56	24.53	0.283237	27.081
24.53	24.53	0.283253	27.178
24.53	24.53	0.283270	27.278
24.53	24.53	0.283287	27.379
24.53	24.53	0.283303	27.478
24.53	24.53	0.283320	27.579
24.53	24.53	0.283337	27.678
24.53	24.53	0.283353	27.778
24.53	24.53	0.283370	27.878
24.53	24.52	0.283387	27.978
24.53	24.52	0.283403	28.078
24.53	24.52	0.283420	28.178
24.53	24.52	0.283437	28.278
24.53	24.52	0.283453	28.378
24.53	24.52	0.283470	28.478
24.53	24.52	0.283487	28.578
24.53	24.52	0.283503	28.678
24.53	24.52	0.283520	28.778
24.53	24.51	0.283537	28.878
24.50	24.51	0.283553	28.978
24.50	24.51	0.283570	29.078
24.50	24.51	0.283587	29.179
24.50	24.51	0.283603	29.278
24.50	24.51	0.283620	29.378
24.50	24.51	0.283637	29.478
24.50	24.50	0.283653	29.578
24.50	24.50	0.283670	29.678
24.50	24.50	0.283686	29.778
24.50	24.50	0.283703	29.878
24.50	24.50	0.283720	29.978
24.50	24.50	0.283736	30.079
24.50	24.49	0.283753	30.178
24.50	24.49	0.283770	30.278
24.50	24.49	0.283786	30.378
24.50	24.49	0.283803	30.478
24.50	24.49	0.283820	30.578
24.50	24.49	0.283836	30.678
24.50	24.48	0.283853	30.779
24.50	24.48	0.283870	30.878
24.50	24.48	0.283886	30.978
24.50	24.48	0.283903	31.078
24.50	24.48	0.283920	31.178
24.50	24.48	0.283936	31.278
24.50	24.47	0.283953	31.378
24.50	24.47	0.283970	31.478
24.50	24.47	0.283986	31.578
24.50	24.47	0.284003	31.679
24.50	24.47	0.284020	31.778
24.48	24.47	0.284036	31.878
24.48	24.46	0.284053	31.978
24.48	24.46	0.284070	32.078
24.48	24.46	0.284086	32.178
24.48	24.46	0.284103	32.278
24.48	24.46	0.284120	32.379
24.48	24.46	0.284136	32.479
24.45	24.45	0.284153	32.580
24.45	24.45	0.284170	32.679
24.45	24.45	0.284186	32.779
24.45	24.45	0.284203	32.908
24.45	24.45	0.284220	33.008
24.45	24.45	0.284236	33.102
24.45	24.45	0.284253	33.207
24.45	24.44	0.284270	33.306
24.43	24.44	0.284286	33.401
24.43	24.44	0.284303	33.506
24.43	24.44	0.284320	33.605
24.43	24.44	0.284336	33.700
24.43	24.44	0.284353	33.804
24.43	24.44	0.284370	33.899
24.43	24.44	0.284386	33.998
24.43	24.44	0.284403	34.104
24.43	24.44	0.284420	34.198
24.43	24.43	0.284436	34.298
24.43	24.43	0.284453	34.403
24.43	24.43	0.284470	34.497
24.43	24.43	0.284486	34.597
24.43	24.43	0.284503	34.701
24.43	24.43	0.284519	34.796
24.43	24.43	0.284536	34.895
24.43	24.43	0.284553	35.000
24.40	24.43	0.284569	35.095
24.40	24.43	0.284586	35.194
24.40	24.43	0.284603	35.299
24.40	24.43	0.284619	35.393
24.40	24.43	0.284636	35.493
24.40	24.43	0.284653	35.597
24.40	24.43	0.284669	35.692
24.40	24.43	0.284686	35.791
24.40	24.43	0.284703	35.896
24.43	24.43	0.284719	35.991
24.43	24.43	0.284736	36.090
24.43	24.43	0.284753	36.195
24.43	24.43	0.284769	36.290
24.43	24.43	0.284786	36.390
24.43	24.43	0.284803	36.494
24.43	24.43	0.284819	36.589
24.43	24.43	0.284836	36.690
24.43	24.43	0.284853	36.793
24.43	24.43	0.284869	36.888
24.43	24.43	0.284886	36.989
24.43	24.44	0.284903	37.092
24.43	24.44	0.284919	37.186
24.43	24.44	0.284936	37.289
24.43	24.44	0.284953	37.390
24.43	24.44	0.284969	37.485
24.43	24.44	0.284986	37.589
24.43	24.44	0.285003	37.689
24.43	24.44	0.285019	37.784
24.43	24.44	0.285036	37.888
24.43	24.45	0.285053	37.988
24.45	24.45	0.285069	38.082
24.45	24.45	0.285086	38.187
24.45	24.45	0.285103	38.287
24.45	24.45	0.285119	38.381
24.45	24.46	0.285136	38.487
24.45	24.46	0.285153	38.585
24.45	24.46	0.285169	38.681
24.45	24.46	0.285186	38.785
24.45	24.46	0.285203	38.885
24.45	24.47	0.285219	38.979
24.45	24.47	0.285236	39.084
24.45	24.47	0.285253	39.185
24.45	24.47	0.285269	39.279
24.45	24.47	0.285286	39.383
24.45	24.48	0.285303	39.484
24.48	24.48	0.285319	39.580
24.48	24.48	0.285336	39.681
24.48	24.48	0.285352	39.784
24.48	24.49	0.285369	39.880
24.48	24.49	0.285386	39.980
24.48	24.49	0.285402	40.085
24.48	24.50	0.285419	40.180
24.48	24.50	0.285436	40.280
24.48	24.50	0.285452	40.384
24.48	24.50	0.285469	40.480
24.48	24.51	0.285486	40.580
24.48	24.51	0.285502	40.684
24.50	24.51	0.285519	40.781
24.50	24.52	0.285536	40.880
24.50	24.52	0.285552	40.984
24.50	24.52	0.285569	41.080
24.50	24.53	0.285586	41.180
24.50	24.53	0.285602	41.284
24.50	24.53	0.285619	41.380
24.50	24.54	0.285636	41.480
24.50	24.54	0.285652	41.584
24.53	24.54	0.285669	41.681
24.53	24.55	0.285686	41.780
24.53	24.55	0.285702	41.884
24.53	24.55	0.285719	41.980
24.53	24.56	0.285736	42.080
24.56	24.56	0.285752	42.184
24.56	24.56	0.285769	42.280
24.56	24.57	0.285786	42.380
24.56	24.57	0.285802	42.484
24.56	24.57	0.285819	42.581
24.56	24.58	0.285836	42.680
24.58	24.58	0.285852	42.784
24.58	24.58	0.285869	42.880
24.58	24.59	0.285886	42.980
24.58	24.59	0.285902	43.083
24.58	24.59	0.285919	43.180
24.58	24.60	0.285936	43.281
24.61	24.60	0.285952	43.384
24.61	24.61	0.285969	43.480
24.61	24.61	0.285986	43.580
24.61	24.61	0.286002	43.684
24.61	24.62	0.286019	43.780
24.61	24.62	0.286036	43.880
24.63	24.62	0.286052	43.983
24.63	24.63	0.286069	44.080
24.63	24.63	0.286086	44.181
24.63	24.63	0.286102	44.284
24.63	24.64	0.286119	44.380
24.63	24.64	0.286136	44.480
24.63	24.64	0.286152	44.584
24.63	24.65	0.286169	44.680
24.66	24.65	0.286185	44.780
24.66	24.65	0.286202	44.883
24.66	24.66	0.286219	44.980
24.66	24.66	0.286235	45.081
24.66	24.66	0.286252	45.183
24.66	24.66	0.286269	45.279
24.66	24.67	0.286285	45.404
24.66	24.67	0.286302	45.484
24.66	24.67	0.286319	45.608
24.69	24.68	0.286335	45.703
24.69	24.68	0.286352	45.807
24.69	24.68	0.286369	45.907
24.69	24.68	0.286385	46.002
24.69	24.69	0.286402	46.106
24.69	24.69	0.286419	46.206
24.69	24.69	0.286435	46.300
24.69	24.70	0.286452	46.405
24.69	24.70	0.286469	46.504
24.69	24.70	0.286485	46.599
24.71	24.70	0.286502	46.704
24.71	24.71	0.286519	46.804
24.71	24.71	0.286535	46.899
24.71	24.71	0.286552	47.003
24.71	24.71	0.286569	47.098
24.71	24.71	0.286585	47.197
24.71	24.72	0.286602	47.302
24.71	24.72	0.286619	47.396
24.71	24.72	0.286635	47.496
24.71	24.72	0.286652	47.601
24.71	24.72	0.286669	47.695
24.71	24.73	0.286685	47.795
24.71	24.73	0.286702	47.899
24.74	24.73	0.286719	47.994
24.74	24.73	0.286735	48.093
24.74	24.73	0.286752	48.198
24.74	24.73	0.286769	48.292
24.74	24.73	0.286785	48.392
24.74	24.74	0.286802	48.497
24.74	24.74	0.286819	48.591
24.74	24.74	0.286835	48.691
24.74	24.74	0.286852	48.795
24.74	24.74	0.286869	48.890
24.76	24.74	0.286885	48.990
24.76	24.74	0.286902	49.095
24.76	24.74	0.286919	49.190
24.76	24.74	0.286935	49.289
24.76	24.74	0.286952	49.394
24.76	24.74	0.286969	49.488
24.76	24.74	0.286985	49.588
24.76	24.75	0.287002	49.692
24.76	24.75	0.287018	49.787
24.76	24.75	0.287035	49.887
24.76	24.75	0.287052	49.991
24.76	24.75	0.287068	50.086
24.76	24.75	0.287085	50.187
24.76	24.75	0.287102	50.290
24.76	24.75	0.287118	50.384
24.76	24.75	0.287135	50.488
24.76	24.75	0.287152	50.588
24.76	24.75	0.287168	50.683
24.76	24.75	0.287185	50.788
24.76	24.75	0.287202	50.887
24.76	24.75	0.287218	50.982
24.76	24.74	0.287235	51.087
24.76	24.74	0.287252	51.187
24.76	24.74	0.287268	51.281
24.76	24.74	0.287285	51.386
24.76	24.74	0.287302	51.485
24.76	24.74	0.287318	51.581
24.76	24.74	0.287335	51.685
24.76	24.74	0.287352	51.784
24.76	24.74	0.287368	51.881
24.76	24.74	0.287385	51.983
24.76	24.74	0.287402	52.083
24.74	24.74	0.287418	52.182
24.74	24.74	0.287435	52.282
24.74	24.73	0.287452	52.383
24.74	24.73	0.287468	52.482
24.74	24.73	0.287485	52.582
24.74	24.73	0.287502	52.683
24.74	24.73	0.287518	52.782
24.74	24.73	0.287535	52.882
24.74	24.73	0.287552	52.983
24.74	24.73	0.287568	53.082
24.74	24.72	0.287585	53.182
24.74	24.72	0.287602	53.283
24.74	24.72	0.287618	53.382
24.74	24.72	0.287635	53.482
24.74	24.72	0.287652	53.582
24.71	24.72	0.287668	53.682
24.71	24.71	0.287685	53.782
24.71	24.71	0.287702	53.883
24.71	24.71	0.287718	53.983
24.71	24.71	0.287735	54.083
24.71	24.71	0.287752	54.184
24.71	24.71	0.287768	54.283
24.71	24.70	0.287785	54.383
24.71	24.70	0.287802	54.483
24.71	24.70	0.287818	54.583
24.71	24.70	0.287835	54.683
24.71	24.70	0.287851	54.783
24.71	24.70	0.287868	54.884
24.71	24.69	0.287885	54.983
24.71	24.69	0.287901	55.083
24.71	24.69	0.287918	55.183
24.71	24.69	0.287935	55.283
24.71	24.69	0.287951	55.383
24.69	24.69	0.287968	55.483
24.69	24.68	0.287985	55.583
24.69	24.68	0.288001	55.683
24.69	24.68	0.288018	55.784
24.69	24.68	0.288035	55.883
24.69	24.68	0.288051	55.983
24.69	24.68	0.288068	56.083
24.69	24.67	0.288085	56.183
24.69	24.67	0.288101	56.283
24.69	24.67	0.288118	56.383
24.66	24.67	0.288135	56.483
24.66	24.67	0.288151	56.583
24.66	24.67	0.288168	56.684
24.66	24.66	0.288185	56.783
24.66	24.66	0.288201	56.883
24.66	24.66	0.288218	56.983
24.66	24.66	0.288235	57.083
24.66	24.66	0.288251	57.183
24.66	24.66	0.288268	57.283
24.66	24.66	0.288285	57.407
24.66	24.66	0.288301	57.482
24.66	24.65	0.288318	57.612
24.63	24.65	0.288335	57.706
24.63	24.65	0.288351	57.783
24.63	24.65	0.288368	57.910
24.63	24.65	0.288385	58.005
24.63	24.65	0.288401	58.107
24.63	24.65	0.288418	58.209
24.63	24.65	0.288435	58.303
24.63	24.65	0.288451	58.407
24.63	24.65	0.288468	58.508
24.63	24.65	0.288485	58.602
24.63	24.64	0.288501	58.707
24.63	24.64	0.288518	58.806
24.63	24.64	0.288535	58.901
24.63	24.64	0.288551	59.005
24.63	24.64	0.288568	59.105
24.63	24.64	0.288585	59.200
24.63	24.64	0.288601	59.304
24.66	24.64	0.288618	59.404
24.66	24.64	0.288635	59.499
24.66	24.64	0.288651	59.604
24.66	24.64	0.288668	59.703
24.66	24.64	0.288684	59.798
24.66	24.64	0.288701	59.902
24.66	24.64	0.288718	59.997
24.66	24.64	0.288734	00.097
24.66	24.64	0.288751	00.201
24.63	24.64	0.288768	00.296
24.63	24.64	0.288784	00.395
24.63	24.64	0.288801	00.500
24.63	24.64	0.288818	00.594
24.63	24.65	0.288834	00.694
24.63	24.65	0.288851	00.799
24.63	24.65	0.288868	00.893
24.63	24.65	0.288884	00.993
24.63	24.65	0.288901	01.097
24.63	24.65	0.288918	01.192
24.63	24.65	0.288934	01.291
24.63	24.65	0.288951	01.396
24.63	24.65	0.288968	01.490
24.63	24.65	0.288984	01.590
24.63	24.66	0.289001	01.695
24.63	24.66	0.289018	01.789
24.63	24.66	0.289034	01.889
24.63	24.66	0.289051	01.993
24.66	24.66	0.289068	02.089
24.66	24.66	0.289084	02.188
24.66	24.66	0.289101	02.293
24.66	24.67	0.289118	02.388
24.66	24.67	0.289134	02.487
24.66	24.67	0.289151	02.592
24.66	24.67	0.289168	02.686
24.66	24.67	0.289184	02.787
24.66	24.68	0.289201	02.890
24.66	24.68	0.289218	02.985
24.69	24.68	0.289234	03.086
24.69	24.68	0.289251	03.189
24.69	24.69	0.289268	03.286
24.69	24.69	0.289284	03.386
24.69	24.69	0.289301	03.488
24.69	24.69	0.289318	03.586
24.69	24.70	0.289334	03.686
24.69	24.70	0.289351	03.786
24.69	24.70	0.289368	03.886
24.69	24.70	0.289384	03.986
24.69	24.71	0.289401	04.086
24.69	24.71	0.289418	04.187
24.69	24.71	0.289434	04.286
24.71	24.71	0.289451	04.386
24.71	24.72	0.289468	04.486
24.71	24.72	0.289484	04.586
24.71	24.72	0.289501	04.686
24.71	24.73	0.289517	04.786
24.71	24.73	0.289534	04.887
24.71	24.73	0.289551	04.986
24.71	24.74	0.289567	05.086
24.71	24.74	0.289584	05.186
24.71	24.74	0.289601	05.286
24.74	24.75	0.289617	05.386
24.74	24.75	0.289634	05.486
24.74	24.75	0.289651	05.586
24.74	24.76	0.289667	05.686
24.74	24.76	0.289684	05.787
24.74	24.76	0.289701	05.886
24.76	24.77	0.289717	05.986
24.76	24.77	0.289734	06.086
24.76	24.77	0.289751	06.186
24.76	24.78	0.289767	06.286
24.76	24.78	0.289784	06.386
24.76	24.78	0.289801	06.486
24.79	24.79	0.289817	06.586
24.79	24.79	0.289834	06.686
24.79	24.79	0.289851	06.786
24.79	24.80	0.289867	06.886
24.79	24.80	0.289884	06.986
24.79	24.80	0.289901	07.086
24.82	24.81	0.289917	07.186
24.82	24.81	0.289934	07.286
24.82	24.81	0.289951	07.387
24.82	24.82	0.289967	07.486
24.82	24.82	0.289984	07.586
24.82	24.83	0.290001	07.686
24.82	24.83	0.290017	07.786
24.82	24.83	0.290034	07.886
24.84	24.84	0.290051	07.986
24.84	24.84	0.290067	08.086
24.84	24.84	0.290084	08.186
24.84	24.85	0.290101	08.287
24.84	24.85	0.290117	08.386
24.84	24.85	0.290134	08.486
24.84	24.86	0.290151	08.587
24.84	24.86	0.290167	08.687
24.84	24.86	0.290184	08.787
24.87	24.87	0.290201	08.887
24.87	24.87	0.290217	09.016
24.87	24.87	0.290234	09.111
24.87	24.87	0.290251	09.211
24.87	24.88	0.290267	09.315
24.87	24.88	0.290284	09.410
24.89	24.88	0.290301	09.509
24.89	24.89	0.290317	09.614
24.89	24.89	0.290334	09.708
24.89	24.89	0.290350	09.808
24.89	24.90	0.290367	09.912
24.89	24.90	0.290384	10.007
24.89	24.90	0.290400	10.107
24.89	24.90	0.290417	10.211
24.89	24.91	0.290434	10.307
24.89	24.91	0.290450	10.406
24.92	24.91	0.290467	10.511
24.92	24.91	0.290484	10.605
24.92	24.92	0.290500	10.706
24.92	24.92	0.290517	10.809
24.92	24.92	0.290534	10.904
24.92	24.92	0.290550	11.006
24.92	24.93	0.290567	11.108
24.92	24.93	0.290584	11.203
24.92	24.93	0.290600	11.306
24.92	24.93	0.290617	11.407
24.95	24.93	0.290634	11.501
24.95	24.94	0.290650	11.606
24.95	24.94	0.290667	11.706
24.95	24.94	0.290684	11.800
24.95	24.94	0.290700	11.905
24.95	24.94	0.290717	12.004
24.95	24.94	0.290734	12.099
24.95	24.94	0.290750	12.204
24.95	24.95	0.290767	12.303
24.95	24.95	0.290784	12.397
24.95	24.95	0.290800	12.502
24.95	24.95	0.290817	12.602
24.95	24.95	0.290834	12.697
24.97	24.95	0.290850	12.802
24.97	24.95	0.290867	12.896
24.97	24.95	0.290884	12.996
24.97	24.96	0.290900	13.100
24.97	24.96	0.290917	13.195
24.97	24.96	0.290934	13.295
24.97	24.96	0.290950	13.399
24.97	24.96	0.290967	13.494
24.97	24.96	0.290984	13.593
24.97	24.96	0.291000	13.698
24.97	24.96	0.291017	13.792
24.97	24.96	0.291034	13.892
24.97	24.96	0.291050	13.996
24.97	24.96	0.291067	14.091
24.97	24.96	0.291084	14.191
24.97	24.96	0.291100	14.295
24.97	24.96	0.291117	14.390
24.97	24.96	0.291134	14.489
24.97	24.96	0.291150	14.594
24.97	24.96	0.291167	14.688
24.97	24.96	0.291183	14.789
24.97	24.96	0.291200	14.893
24.97	24.96	0.291217	14.988
24.97	24.96	0.291233	15.088
24.97	24.96	0.291250	15.192
24.97	24.96	0.291267	15.288
24.97	24.96	0.291283	15.388
24.97	24.96	0.291300	15.491
24.97	24.96	0.291317	15.588
24.97	24.95	0.291333	15.688
24.97	24.95	0.291350	15.790
24.97	24.95	0.291367	15.888
24.97	24.95	0.291383	15.988
24.97	24.95	0.291400	16.089
24.97	24.95	0.291417	16.189
24.97	24.95	0.291433	16.289
24.97	24.95	0.291450	16.389
24.97	24.95	0.291467	16.489
24.97	24.95	0.291483	16.589
24.97	24.94	0.291500	16.690
24.95	24.94	0.291517	16.789
24.95	24.94	0.291533	16.889
24.95	24.94	0.291550	16.989
24.95	24.94	0.291567	17.089
24.95	24.94	0.291583	17.189
24.95	24.94	0.291600	17.289
24.95	24.93	0.291617	17.390
24.95	24.93	0.291633	17.489
24.95	24.93	0.291650	17.589
24.95	24.93	0.291667	17.689
24.92	24.93	0.291683	17.789
24.92	24.93	0.291700	17.889
24.92	24.92	0.291717	17.989
24.92	24.92	0.291733	18.089
24.92	24.92	0.291750	18.189
24.92	24.92	0.291767	18.290
24.92	24.92	0.291783	18.389
24.92	24.92	0.291800	18.489
24.92	24.91	0.291817	18.589
24.92	24.91	0.291833	18.689
24.92	24.91	0.291850	18.789
24.92	24.91	0.291867	18.889
24.92	24.91	0.291883	18.989
24.92	24.91	0.291900	19.089
24.89	24.90	0.291917	19.190
24.89	24.90	0.291933	19.289
24.89	24.90	0.291950	19.389
24.89	24.90	0.291967	19.489
24.89	24.90	0.291983	19.589
24.89	24.90	0.292000	19.689
24.89	24.89	0.292016	19.789
24.89	24.89	0.292033	19.890
24.89	24.89	0.292050	19.989
24.89	24.89	0.292066	20.089
24.89	24.89	0.292083	20.189
24.89	24.89	0.292100	20.289
24.89	24.88	0.292116	20.389
24.89	24.88	0.292133	20.489
24.89	24.88	0.292150	20.589
24.89	24.88	0.292166	20.689
24.89	24.88	0.292183	20.790
24.89	24.88	0.292200	20.889
24.89	24.88	0.292216	20.989
24.89	24.87	0.292233	21.088
24.89	24.87	0.292250	21.189
24.89	24.87	0.292266	21.318
24.89	24.87	0.292283	21.413
24.89	24.87	0.292300	21.512
24.87	24.87	0.292316	21.617
24.87	24.87	0.292333	21.712
24.87	24.87	0.292350	21.811
24.87	24.86	0.292366	21.916
24.87	24.86	0.292383	22.010
24.87	24.86	0.292400	22.110
24.87	24.86	0.292416	22.214
24.87	24.86	0.292433	22.309
24.87	24.86	0.292450	22.408
24.87	24.86	0.292466	22.513
24.87	24.86	0.292483	22.608
24.87	24.86	0.292500	22.707
24.87	24.86	0.292516	22.812
24.87	24.86	0.292533	22.906
24.84	24.86	0.292550	23.006
24.84	24.86	0.292566	23.110
24.84	24.86	0.292583	23.205
24.84	24.86	0.292600	23.306
24.84	24.86	0.292616	23.410
24.84	24.86	0.292633	23.505
24.84	24.86	0.292650	23.605
24.84	24.86	0.292666	23.709
24.84	24.86	0.292683	23.803
24.84	24.86	0.292700	23.905
24.84	24.86	0.292716	24.007
24.84	24.86	0.292733	24.102
24.84	24.86	0.292750	24.205
24.84	24.86	0.292766	24.306
24.84	24.86	0.292783	24.401
24.84	24.86	0.292800	24.505
24.84	24.86	0.292816	24.605
24.87	24.86	0.292833	24.699
24.87	24.86	0.292849	24.804
24.87	24.86	0.292866	24.903
24.87	24.86	0.292883	24.998
24.87	24.86	0.292899	25.103
24.87	24.86	0.292916	25.203
24.87	24.86	0.292933	25.298
24.87	24.86	0.292949	25.402
24.87	24.87	0.292966	25.502
24.87	24.87	0.292983	25.596
24.87	24.87	0.292999	25.701
24.87	24.87	0.293016	25.796
24.87	24.87	0.293033	25.895
24.87	24.87	0.293049	26.000
24.87	24.87	0.293066	26.094
24.87	24.88	0.293083	26.194
24.87	24.88	0.293099	26.298
24.87	24.88	0.293116	26.393
24.87	24.88	0.293133	26.493
24.87	24.88	0.293149	26.597
24.87	24.89	0.293166	26.692
24.87	24.89	0.293183	26.791
24.87	24.89	0.293199	26.896
24.87	24.89	0.293216	26.990
24.87	24.89	0.293233	27.090
24.87	24.90	0.293249	27.194
24.87	24.90	0.293266	27.289
24.87	24.90	0.293283	27.390
24.87	24.90	0.293299	27.493
24.87	24.91	0.293316	27.589
24.87	24.91	0.293333	27.689
24.87	24.91	0.293349	27.792
24.87	24.91	0.293366	27.889
24.89	24.92	0.293383	27.989
24.89	24.92	0.293399	28.092
24.89	24.92	0.293416	28.189
24.89	24.93	0.293433	28.289
24.89	24.93	0.293449	28.390
24.89	24.93	0.293466	28.489
24.92	24.93	0.293483	28.589
24.92	24.94	0.293499	28.689
24.92	24.94	0.293516	28.790
24.92	24.94	0.293533	28.889
24.92	24.95	0.293549	28.989
24.95	24.95	0.293566	29.089
24.95	24.95	0.293583	29.189
24.95	24.96	0.293599	29.289
24.95	24.96	0.293616	29.389
24.95	24.96	0.293633	29.489
24.95	24.97	0.293649	29.589
24.97	24.97	0.293666	29.690
24.97	24.97	0.293682	29.791
24.97	24.98	0.293699	29.891
24.97	24.98	0.293716	29.991
24.97	24.98	0.293732	30.091
24.97	24.99	0.293749	30.191
24.97	24.99	0.293766	30.291
25.00	24.99	0.293782	30.391
25.00	25.00	0.293799	30.491
25.00	25.00	0.293816	30.592
25.00	25.00	0.293832	30.691
25.00	25.01	0.293849	30.793
25.00	25.01	0.293866	30.893
25.00	25.01	0.293882	30.993
25.02	25.02	0.293899	31.093
25.02	25.02	0.293916	31.193
25.02	25.02	0.293932	31.328
25.02	25.03	0.293949	31.423
25.02	25.03	0.293966	31.524
25.02	25.04	0.293982	31.627
25.02	25.04	0.293999	31.722
25.05	25.04	0.294016	31.824
25.05	25.05	0.294032	31.926
25.05	25.05	0.294049	32.020
25.05	25.05	0.294066	32.124
25.05	25.06	0.294082	32.225
25.05	25.06	0.294099	32.320
25.05	25.06	0.294116	32.425
25.05	25.07	0.294132	32.524
25.05	25.07	0.294149	32.619
25.08	25.07	0.294166	32.723
25.08	25.08	0.294182	32.823
25.08	25.08	0.294199	32.917
25.08	25.08	0.294216	33.022
25.08	25.09	0.294232	33.121
25.08	25.09	0.294249	33.216
25.08	25.09	0.294266	33.321
25.08	25.09	0.294282	33.420
25.10	25.10	0.294299	33.515
25.10	25.10	0.294316	33.619
25.10	25.10	0.294332	33.714
25.10	25.11	0.294349	33.813
25.10	25.11	0.294366	33.918
25.10	25.11	0.294382	34.013
25.10	25.11	0.294399	34.112
25.10	25.12	0.294416	34.217
25.13	25.12	0.294432	34.312
25.13	25.12	0.294449	34.412
25.13	25.12	0.294466	34.516
25.13	25.13	0.294482	34.611
25.13	25.13	0.294499	34.711
25.13	25.13	0.294515	34.815
25.13	25.13	0.294532	34.910
25.13	25.14	0.294549	35.009
25.13	25.14	0.294565	35.114
25.15	25.14	0.294582	35.208
25.15	25.14	0.294599	35.308
25.15	25.14	0.294615	35.412
25.15	25.15	0.294632	35.507
25.15	25.15	0.294649	35.607
25.15	25.15	0.294665	35.711
25.15	25.15	0.294682	35.806
25.15	25.15	0.294699	35.905
25.15	25.16	0.294715	36.010
25.15	25.16	0.294732	36.105
25.15	25.16	0.294749	36.205
25.15	25.16	0.294765	36.308
25.18	25.16	0.294782	36.405
25.18	25.16	0.294799	36.505
25.18	25.16	0.294815	36.608
25.18	25.16	0.294832	36.705
25.18	25.17	0.294849	36.805
25.18	25.17	0.294865	36.907
25.18	25.17	0.294882	37.005
25.18	25.17	0.294899	37.105
25.18	25.17	0.294915	37.206
25.18	25.17	0.294932	37.305
25.18	25.17	0.294949	37.405
25.18	25.17	0.294965	37.505
25.18	25.17	0.294982	37.605
25.18	25.17	0.294999	37.705
25.18	25.17	0.295015	37.805
25.18	25.17	0.295032	37.905
25.18	25.17	0.295049	38.005
25.18	25.17	0.295065	38.106
25.18	25.17	0.295082	38.205
25.18	25.17	0.295099	38.305
25.18	25.17	0.295115	38.405
25.18	25.17	0.295132	38.505
25.18	25.17	0.295149	38.605
25.18	25.17	0.295165	38.705
25.18	25.17	0.295182	38.806
25.18	25.17	0.295199	38.905
25.18	25.17	0.295215	39.005
25.18	25.17	0.295232	39.105
25.18	25.17	0.295249	39.205
25.18	25.17	0.295265	39.305
25.18	25.17	0.295282	39.405
25.18	25.17	0.295299	39.505
25.18	25.17	0.295315	39.605
25.18	25.17	0.295332	39.706
25.18	25.17	0.295348	39.805
25.18	25.17	0.295365	39.905
25.18	25.16	0.295382	40.005
25.18	25.16	0.295398	40.105
25.18	25.16	0.295415	40.205
25.18	25.16	0.295432	40.305
25.18	25.16	0.295448	40.405
25.18	25.16	0.295465	40.505
25.18	25.16	0.295482	40.606
25.18	25.16	0.295498	40.705
25.15	25.16	0.295515	40.805
25.15	25.15	0.295532	40.906
25.15	25.15	0.295548	41.006
25.15	25.15	0.295565	41.106
25.15	25.15	0.295582	41.206
25.15	25.15	0.295598	41.306
25.15	25.15	0.295615	41.406
25.15	25.15	0.295632	41.507
25.15	25.14	0.295648	41.606
25.15	25.14	0.295665	41.706
25.15	25.14	0.295682	41.806
25.15	25.14	0.295698	41.906
25.15	25.14	0.295715	42.006
25.15	25.14	0.295732	42.106
25.15	25.13	0.295748	42.230
25.15	25.13	0.295765	42.331
25.15	25.13	0.295782	42.436
25.15	25.13	0.295798	42.530
25.15	25.13	0.295815	42.630
25.15	25.13	0.295832	42.734
25.15	25.12	0.295848	42.829
25.15	25.12	0.295865	42.928
25.15	25.12	0.295882	43.033
25.13	25.12	0.295898	43.127
25.13	25.12	0.295915	43.227
25.13	25.12	0.295932	43.332
25.13	25.11	0.295948	43.426
25.13	25.11	0.295965	43.526
25.13	25.11	0.295982	43.630
25.13	25.11	0.295998	43.725
25.13	25.11	0.296015	43.824
25.13	25.11	0.296032	43.929
25.10	25.10	0.296048	44.024
25.10	25.10	0.296065	44.123
25.10	25.10	0.296082	44.228
25.10	25.10	0.296098	44.322
25.10	25.10	0.296115	44.424
25.10	25.10	0.296132	44.526
25.10	25.09	0.296148	44.621
25.10	25.09	0.296165	44.724
25.10	25.09	0.296181	44.826
25.08	25.09	0.296198	44.920
25.08	25.09	0.296215	45.023
25.08	25.09	0.296231	45.124
25.08	25.09	0.296248	45.219
25.08	25.08	0.296265	45.323
25.08	25.08	0.296281	45.423
25.08	25.08	0.296298	45.518
25.08	25.08	0.296315	45.623
25.08	25.08	0.296331	45.722
25.08	25.08	0.296348	45.817
25.08	25.08	0.296365	45.921
25.08	25.08	0.296381	46.021
25.05	25.08	0.296398	46.115
25.05	25.08	0.296415	46.220
25.05	25.07	0.296431	46.320
25.05	25.07	0.296448	46.414
25.05	25.07	0.296465	46.519
25.05	25.07	0.296481	46.613
25.05	25.07	0.296498	46.713
25.05	25.07	0.296515	46.817
25.05	25.07	0.296531	46.912
25.05	25.07	0.296548	47.011
25.05	25.07	0.296565	47.116
25.05	25.07	0.296581	47.211
25.05	25.07	0.296598	47.310
25.08	25.07	0.296615	47.416
25.08	25.07	0.296631	47.510
25.08	25.07	0.296648	47.610
25.08	25.07	0.296665	47.714
25.08	25.07	0.296681	47.809
25.08	25.07	0.296698	47.909
25.08	25.07	0.296715	48.013
25.08	25.07	0.296731	48.108
25.08	25.07	0.296748	48.207
25.08	25.07	0.296765	48.312
25.08	25.07	0.296781	48.406
25.08	25.07	0.296798	48.506
25.08	25.07	0.296815	48.610
25.08	25.07	0.296831	48.706
25.08	25.07	0.296848	48.806
25.08	25.07	0.296865	48.909
25.08	25.07	0.296881	49.006
25.08	25.08	0.296898	49.106
25.08	25.08	0.296915	49.208
25.05	25.08	0.296931	49.306
25.05	25.08	0.296948	49.406
25.05	25.08	0.296965	49.507
25.05	25.08	0.296981	49.606
25.05	25.08	0.296998	49.706
25.05	25.08	0.297014	49.806
25.05	25.08	0.297031	49.906
25.08	25.09	0.297048	50.006
25.08	25.09	0.297064	50.106
25.08	25.09	0.297081	50.206
25.08	25.09	0.297098	50.306
25.08	25.09	0.297114	50.407
25.08	25.10	0.297131	50.506
25.08	25.10	0.297148	50.606
25.08	25.10	0.297164	50.707
25.08	25.10	0.297181	50.807
25.08	25.10	0.297198	50.907
25.08	25.11	0.297214	51.007
25.10	25.11	0.297231	51.107
25.10	25.11	0.297248	51.207
25.10	25.11	0.297264	51.308
25.10	25.11	0.297281	51.407
25.10	25.12	0.297298	51.507
25.10	25.12	0.297314	51.607
25.10	25.12	0.297331	51.707
25.10	25.12	0.297348	51.807
25.10	25.13	0.297364	51.907
25.13	25.13	0.297381	52.008
25.13	25.13	0.297398	52.107
25.13	25.14	0.297414	52.207
25.13	25.14	0.297431	52.307
25.13	25.14	0.297448	52.407
25.13	25.14	0.297464	52.507
25.13	25.15	0.297481	52.607
25.13	25.15	0.297498	52.707
25.13	25.15	0.297514	52.807
25.15	25.16	0.297531	52.908
25.15	25.16	0.297548	53.007
25.15	25.16	0.297564	53.107
25.15	25.17	0.297581	53.207
25.15	25.17	0.297598	53.307
25.15	25.17	0.297614	53.407
25.15	25.18	0.297631	53.507
25.15	25.18	0.297648	53.608
25.18	25.18	0.297664	53.707
25.18	25.19	0.297681	53.807
25.18	25.19	0.297698	53.907
25.18	25.19	0.297714	54.007
25.18	25.20	0.297731	54.107
25.18	25.20	0.297748	54.207
25.21	25.20	0.297764	54.307
25.21	25.21	0.297781	54.407
25.21	25.21	0.297798	54.508
25.21	25.21	0.297814	54.607
25.21	25.22	0.297831	54.707
25.21	25.22	0.297847	54.831
25.23	25.22	0.297864	54.906
25.23	25.23	0.297881	55.035
25.23	25.23	0.297897	55.130
25.23	25.23	0.297914	55.229
25.23	25.24	0.297931	55.334
25.23	25.24	0.297947	55.428
25.23	25.25	0.297964	55.528
25.23	25.25	0.297981	55.633
25.26	25.25	0.297997	55.728
25.26	25.26	0.298014	55.828
25.26	25.26	0.298031	55.932
25.26	25.26	0.298047	56.027
25.26	25.27	0.298064	56.126
25.26	25.27	0.298081	56.231
25.26	25.27	0.298097	56.326
25.26	25.28	0.298114	56.425
25.28	25.28	0.298131	56.530
25.28	25.28	0.298147	56.624
25.28	25.29	0.298164	56.724
25.28	25.29	0.298181	56.828
25.28	25.29	0.298197	56.923
25.28	25.30	0.298214	57.023
25.28	25.30	0.298231	57.127
25.28	25.30	0.298247	57.222
25.31	25.30	0.298264	57.322
25.31	25.31	0.298281	57.426
25.31	25.31	0.298297	57.520
25.31	25.31	0.298314	57.622
25.31	25.32	0.298331	57.724
25.31	25.32	0.298347	57.819
25.31	25.32	0.298364	57.923
25.34	25.32	0.298381	58.024
25.34	25.33	0.298397	58.119
25.34	25.33	0.298414	58.222
25.34	25.33	0.298431	58.323
25.34	25.34	0.298447	58.417
25.34	25.34	0.298464	58.522
25.34	25.34	0.298481	58.621
25.34	25.34	0.298497	58.716
25.34	25.35	0.298514	58.821
25.34	25.35	0.298531	58.920
25.34	25.35	0.298547	59.015
25.34	25.35	0.298564	59.119
25.36	25.35	0.298581	59.219
25.36	25.36	0.298597	59.313
25.36	25.36	0.298614	59.418
25.36	25.36	0.298631	59.518
25.36	25.36	0.298647	59.612
25.36	25.36	0.298664	59.717
25.36	25.37	0.298680	59.811
25.36	25.37	0.298697	59.911
25.36	25.37	0.298714	00.015
25.36	25.37	0.298730	00.110
25.39	25.37	0.298747	00.211
25.39	25.37	0.298764	00.315
25.39	25.37	0.298780	00.410
25.39	25.38	0.298797	00.509
25.39	25.38	0.298814	00.614
25.39	25.38	0.298830	00.708
25.39	25.38	0.298847	00.808
25.39	25.38	0.298864	00.912
25.39	25.38	0.298880	01.008
25.39	25.38	0.298897	01.109
25.39	25.38	0.298914	01.211
25.39	25.38	0.298930	01.308
25.39	25.38	0.298947	01.409
25.39	25.38	0.298964	01.510
25.39	25.38	0.298980	01.609
25.39	25.39	0.298997	01.709
25.39	25.39	0.299014	01.809
25.39	25.39	0.299030	01.909
25.39	25.39	0.299047	02.010
25.39	25.39	0.299064	02.109
25.39	25.39	0.299080	02.209
25.41	25.39	0.299097	02.309
25.41	25.39	0.299114	02.409
25.41	25.39	0.299130	02.509
25.41	25.39	0.299147	02.609
25.41	25.39	0.299164	02.710
25.41	25.39	0.299180	02.809
25.41	25.39	0.299197	02.909
25.41	25.39	0.299214	03.009
25.41	25.38	0.299230	03.109
25.41	25.38	0.299247	03.209
25.41	25.38	0.299264	03.309
25.41	25.38	0.299280	03.409
25.39	25.38	0.299297	03.510
25.39	25.38	0.299314	03.609
25.39	25.38	0.299330	03.709
25.39	25.38	0.299347	03.809
25.39	25.38	0.299364	03.909
25.39	25.38	0.299380	04.009
25.39	25.38	0.299397	04.109
25.39	25.38	0.299414	04.209
25.39	25.38	0.299430	04.309
25.39	25.37	0.299447	04.410
25.39	25.37	0.299464	04.509
25.39	25.37	0.299480	04.609
25.39	25.37	0.299497	04.709
25.39	25.37	0.299513	04.809
25.39	25.37	0.299530	04.909
25.36	25.37	0.299547	05.009
25.36	25.37	0.299563	05.109
25.36	25.36	0.299580	05.209
25.36	25.36	0.299597	05.310
25.36	25.36	0.299613	05.409
25.36	25.36	0.299630	05.509
25.36	25.36	0.299647	05.609
25.36	25.36	0.299663	05.709
25.36	25.35	0.299680	05.809
25.36	25.35	0.299697	05.909
25.36	25.35	0.299713	06.010
25.36	25.35	0.299730	06.109
25.36	25.35	0.299747	06.209
25.36	25.35	0.299763	06.309
25.36	25.34	0.299780	06.409
25.36	25.34	0.299797	06.509
25.36	25.34	0.299813	06.609
25.36	25.34	0.299830	06.709
25.36	25.34	0.299847	06.809
25.36	25.34	0.299863	06.933
25.36	25.33	0.299880	07.038
25.34	25.33	0.299897	07.138
25.34	25.33	0.299913	07.232
25.34	25.33	0.299930	07.337
25.34	25.33	0.299947	07.437
25.34	25.33	0.299963	07.532
25.34	25.32	0.299980	07.636
25.34	25.32	0.299997	07.731
25.34	25.32	0.300013	07.831
25.34	25.32	0.300030	07.935
25.31	25.32	0.300047	08.030
25.31	25.32	0.300063	08.129
25.31	25.31	0.300080	08.234
25.31	25.31	0.300097	08.328
25.31	25.31	0.300113	08.428
25.31	25.31	0.300130	08.532
25.31	25.31	0.300147	08.627
25.31	25.31	0.300163	08.727
25.31	25.30	0.300180	08.831
25.31	25.30	0.300197	08.926
25.31	25.30	0.300213	09.025
25.31	25.30	0.300230	09.130
25.31	25.30	0.300247	09.224
25.31	25.30	0.300263	09.324
25.28	25.30	0.300280	09.428
25.28	25.30	0.300297	09.523
25.28	25.29	0.300313	09.623
25.28	25.29	0.300330	09.727
25.28	25.29	0.300346	09.822
25.28	25.29	0.300363	09.922
25.28	25.29	0.300380	10.027
25.28	25.29	0.300396	10.121
25.28	25.29	0.300413	10.221
25.28	25.29	0.300430	10.326
25.28	25.29	0.300446	10.420
25.28	25.29	0.300463	10.521
25.28	25.29	0.300480	10.624
25.28	25.28	0.300496	10.719
25.28	25.28	0.300513	10.821
25.28	25.28	0.300530	10.923
25.28	25.28	0.300546	11.017
25.28	25.28	0.300563	11.121
25.28	25.28	0.300580	11.222
25.28	25.28	0.300596	11.317
25.28	25.28	0.300613	11.421
25.28	25.28	0.300630	11.521
25.28	25.28	0.300646	11.615
25.28	25.28	0.300663	11.720
25.28	25.28	0.300680	11.819
25.28	25.28	0.300696	11.914
25.28	25.28	0.300713	12.019
25.28	25.28	0.300730	12.118
25.28	25.28	0.300746	12.213
25.26	25.28	0.300763	12.317
25.26	25.28	0.300780	12.417
25.26	25.28	0.300796	12.511
25.26	25.28	0.300813	12.616
25.26	25.29	0.300830	12.711
25.26	25.29	0.300846	12.810
25.26	25.29	0.300863	12.915
25.26	25.29	0.300880	13.009
25.26	25.29	0.300896	13.109
25.26	25.29	0.300913	13.213
25.28	25.29	0.300930	13.309
25.28	25.29	0.300946	13.410
25.28	25.29	0.300963	13.513
25.28	25.29	0.300980	13.610
25.28	25.30	0.300996	13.710
25.28	25.30	0.301013	13.812
25.28	25.30	0.301030	13.910
25.28	25.30	0.301046	14.010
25.31	25.30	0.301063	14.110
25.31	25.30	0.301080	14.210
25.31	25.30	0.301096	14.311
25.31	25.31	0.301113	14.410
25.31	25.31	0.301130	14.510
25.31	25.31	0.301146	14.610
25.31	25.31	0.301163	14.710
25.31	25.31	0.301179	14.810
25.31	25.32	0.301196	14.910
25.31	25.32	0.301213	15.010
25.31	25.32	0.301229	15.110
25.34	25.32	0.301246	15.211
25.34	25.33	0.301263	15.310
25.34	25.33	0.301279	15.410
25.34	25.33	0.301296	15.510
25.34	25.33	0.301313	15.610
25.34	25.34	0.301329	15.710
25.34	25.34	0.301346	15.810
25.34	25.34	0.301363	15.911
25.34	25.34	0.301379	16.010
25.34	25.35	0.301396	16.110
25.34	25.35	0.301413	16.210
25.34	25.35	0.301429	16.310
25.34	25.35	0.301446	16.410
25.34	25.36	0.301463	16.510
25.34	25.36	0.301479	16.610
25.34	25.36	0.301496	16.710
25.34	25.37	0.301513	16.811
25.34	25.37	0.301529	16.910
25.34	25.37	0.301546	17.010
25.34	25.38	0.301563	17.110
25.34	25.38	0.301579	17.210
25.34	25.38	0.301596	17.310
25.36	25.39	0.301613	17.410
25.36	25.39	0.301629	17.510
25.36	25.39	0.301646	17.610
25.36	25.40	0.301663	17.711
25.36	25.40	0.301679	17.810
25.39	25.40	0.301696	17.910
25.39	25.41	0.301713	18.011
25.39	25.41	0.301729	18.111
25.39	25.41	0.301746	18.211
25.39	25.42	0.301763	18.311
25.41	25.42	0.301779	18.415
25.41	25.42	0.301796	18.511
25.41	25.43	0.301813	18.611
25.41	25.43	0.301829	18.716
25.41	25.43	0.301846	18.811
25.41	25.44	0.301863	18.911
25.44	25.44	0.301879	19.011
25.44	25.44	0.301896	19.140
25.44	25.45	0.301913	19.235
25.44	25.45	0.301929	19.340
25.44	25.45	0.301946	19.439
25.47	25.46	0.301963	19.535
25.47	25.46	0.301979	19.639
25.47	25.47	0.301996	19.739
25.47	25.47	0.302012	19.833
25.47	25.47	0.302029	19.938
25.47	25.48	0.302046	20.037
25.49	25.48	0.302062	20.132
25.49	25.48	0.302079	20.237
25.49	25.49	0.302096	20.336
25.49	25.49	0.302112	20.431
25.49	25.49	0.302129	20.535
25.49	25.50	0.302146	20.630
25.49	25.50	0.302162	20.729
25.49	25.50	0.302179	20.834
25.52	25.51	0.302196	20.928
25.52	25.51	0.302212	21.028
25.52	25.51	0.302229	21.133
25.52	25.51	0.302246	21.227
25.52	25.52	0.302262	21.327
25.52	25.52	0.302279	21.431
25.52	25.52	0.302296	21.526
25.52	25.53	0.302312	21.625
25.52	25.53	0.302329	21.730
25.52	25.53	0.302346	21.826
25.54	25.54	0.302362	21.925
25.54	25.54	0.302379	22.030
25.54	25.54	0.302396	22.124
25.54	25.54	0.302412	22.224
25.54	25.55	0.302429	22.328
25.54	25.55	0.302446	22.423
25.54	25.55	0.302462	22.522
25.54	25.55	0.302479	22.627
25.54	25.56	0.302496	22.722
25.54	25.56	0.302512	22.821
25.57	25.56	0.302529	22.926
25.57	25.56	0.302546	23.020
25.57	25.57	0.302562	23.120
25.57	25.57	0.302579	23.224
25.57	25.57	0.302596	23.319
25.57	25.57	0.302612	23.421
25.57	25.57	0.302629	23.523
25.57	25.58	0.302646	23.618
25.57	25.58	0.302662	23.720
25.57	25.58	0.302679	23.822
25.60	25.58	0.302696	23.917
25.60	25.58	0.302712	24.020
25.60	25.58	0.302729	24.121
25.60	25.58	0.302746	24.216
25.60	25.59	0.302762	24.321
25.60	25.59	0.302779	24.420
25.60	25.59	0.302796	24.515
25.60	25.59	0.302812	24.619
25.60	25.59	0.302829	24.719
25.60	25.59	0.302845	24.813
25.60	25.59	0.302862	24.918
25.60	25.59	0.302879	25.017
25.60	25.60	0.302895	25.112
25.60	25.60	0.302912	25.217
25.60	25.60	0.302929	25.316
25.60	25.60	0.302945	25.411
25.60	25.60	0.302962	25.515
25.62	25.60	0.302979	25.615
25.62	25.60	0.302995	25.711
25.62	25.60	0.303012	25.814
25.62	25.60	0.303029	25.916
25.62	25.60	0.303045	26.011
25.62	25.60	0.303062	26.113
25.62	25.60	0.303079	26.215
25.62	25.60	0.303095	26.311
25.62	25.60	0.303112	26.412
25.62	25.60	0.303129	26.515
25.62	25.60	0.303145	26.611
25.62	25.60	0.303162	26.711
25.62	25.60	0.303179	26.816
25.62	25.60	0.303195	26.911
25.62	25.60	0.303212	27.011
25.62	25.60	0.303229	27.115
25.62	25.60	0.303245	27.211
25.62	25.60	0.303262	27.311
25.60	25.60	0.303279	27.415
25.60	25.60	0.303295	27.512
25.60	25.60	0.303312	27.611
25.60	25.59	0.303329	27.715
25.60	25.59	0.303345	27.811
25.60	25.59	0.303362	27.911
25.60	25.59	0.303379	28.015
25.60	25.59	0.303395	28.111
25.60	25.59	0.303412	28.211
25.60	25.59	0.303429	28.315
25.60	25.59	0.303445	28.412
25.60	25.59	0.303462	28.511
25.60	25.59	0.303479	28.615
25.60	25.58	0.303495	28.711
25.60	25.58	0.303512	28.811
25.60	25.58	0.303529	28.915
25.60	25.58	0.303545	29.011
25.60	25.58	0.303562	29.112
25.60	25.58	0.303579	29.215
25.60	25.58	0.303595	29.311
25.60	25.57	0.303612	29.411
25.57	25.57	0.303629	29.515
25.57	25.57	0.303645	29.611
25.57	25.57	0.303662	29.711
25.57	25.57	0.303678	29.815
25.57	25.57	0.303695	29.911
25.57	25.56	0.303712	30.012
25.57	25.56	0.303728	30.115
25.57	25.56	0.303745	30.211
25.57	25.56	0.303762	30.311
25.57	25.56	0.303778	30.415
25.57	25.56	0.303795	30.511
25.57	25.55	0.303812	30.611
25.57	25.55	0.303828	30.715
25.57	25.55	0.303845	30.811
25.54	25.55	0.303862	30.911
25.54	25.55	0.303878	31.015
25.54	25.55	0.303895	31.111
25.54	25.54	0.303912	31.211
25.54	25.54	0.303928	31.315
25.54	25.54	0.303945	31.411
25.54	25.54	0.303962	31.511
25.54	25.54	0.303978	31.615
25.54	25.54	0.303995	31.711
25.54	25.53	0.304012	31.811
25.54	25.53	0.304028	31.914
25.54	25.53	0.304045	32.010
25.54	25.53	0.304062	32.134
25.54	25.53	0.304078	32.240
25.54	25.53	0.304095	32.339
25.54	25.52	0.304112	32.434
25.54	25.52	0.304128	32.539
25.54	25.52	0.304145	32.638
25.52	25.52	0.304162	32.733
25.52	25.52	0.304178	32.837
25.52	25.52	0.304195	32.937
25.52	25.52	0.304212	33.031
25.52	25.51	0.304228	33.136
25.52	25.51	0.304245	33.235
25.52	25.51	0.304262	33.330
25.52	25.51	0.304278	33.435
25.52	25.51	0.304295	33.529
25.52	25.51	0.304312	33.629
25.52	25.51	0.304328	33.733
25.52	25.51	0.304345	33.828
25.49	25.50	0.304362	33.927
25.49	25.50	0.304378	34.032
25.49	25.50	0.304395	34.127
25.49	25.50	0.304412	34.226
25.49	25.50	0.304428	34.331
25.49	25.50	0.304445	34.425
25.49	25.50	0.304462	34.525
25.49	25.50	0.304478	34.629
25.49	25.50	0.304495	34.724
25.49	25.50	0.304511	34.824
25.49	25.50	0.304528	34.928
25.49	25.50	0.304545	35.023
25.49	25.50	0.304561	35.123
25.49	25.50	0.304578	35.228
25.49	25.50	0.304595	35.322
25.49	25.50	0.304611	35.422
25.49	25.50	0.304628	35.526
25.49	25.50	0.304645	35.621
25.49	25.50	0.304661	35.721
25.49	25.50	0.304678	35.825
25.49	25.50	0.304695	35.920
25.49	25.50	0.304711	36.019
25.49	25.50	0.304728	36.124
25.49	25.50	0.304745	36.218
25.49	25.50	0.304761	36.319
25.49	25.50	0.304778	36.423
25.49	25.50	0.304795	36.517
25.49	25.50	0.304811	36.619
25.49	25.50	0.304828	36.721
25.49	25.50	0.304845	36.816
25.49	25.50	0.304861	36.918
25.49	25.50	0.304878	37.020
25.49	25.50	0.304895	37.114
25.49	25.50	0.304911	37.219
25.49	25.50	0.304928	37.319
25.49	25.50	0.304945	37.414
25.49	25.51	0.304961	37.519
25.49	25.51	0.304978	37.618
25.49	25.51	0.304995	37.713
25.49	25.51	0.305011	37.817
25.49	25.51	0.305028	37.917
25.49	25.51	0.305045	38.013
25.49	25.51	0.305061	38.116
25.49	25.52	0.305078	38.216
25.49	25.52	0.305095	38.312
25.52	25.52	0.305111	38.415
25.52	25.52	0.305128	38.514
25.52	25.52	0.305145	38.612
25.52	25.53	0.305161	38.713
25.52	25.53	0.305178	38.814
25.52	25.53	0.305195	38.912
25.52	25.53	0.305211	39.012
25.52	25.53	0.305228	39.114
25.52	25.54	0.305245	39.212
25.52	25.54	0.305261	39.312
25.52	25.54	0.305278	39.414
25.54	25.54	0.305295	39.513
25.54	25.55	0.305311	39.614
25.54	25.55	0.305328	39.714
25.54	25.55	0.305344	39.813
25.54	25.55	0.305361	39.913
25.54	25.56	0.305378	40.014
25.54	25.56	0.305394	40.113
25.54	25.56	0.305411	40.213
25.54	25.57	0.305428	40.313
25.54	25.57	0.305444	40.413
25.54	25.57	0.305461	40.513
25.57	25.57	0.305478	40.614
25.57	25.58	0.305494	40.713
25.57	25.58	0.305511	40.813
25.57	25.58	0.305528	40.914
25.57	25.59	0.305544	41.013
25.57	25.59	0.305561	41.113
25.57	25.59	0.305578	41.214
25.60	25.60	0.305594	41.313
25.60	25.60	0.305611	41.413
25.60	25.60	0.305628	41.514
25.60	25.61	0.305644	41.613
25.60	25.61	0.305661	41.713
25.60	25.61	0.305678	41.814
25.60	25.62	0.305694	41.913
25.60	25.62	0.305711	42.013
25.62	25.62	0.305728	42.114
25.62	25.63	0.305744	42.213
25.62	25.63	0.305761	42.313
25.62	25.63	0.305778	42.414
25.62	25.64	0.305794	42.513
25.62	25.64	0.305811	42.613
25.65	25.64	0.305828	42.714
25.65	25.65	0.305844	42.814
25.65	25.65	0.305861	42.914
25.65	25.65	0.305878	43.015
25.65	25.66	0.305894	43.114
25.65	25.66	0.305911	43.214
25.65	25.66	0.305928	43.314
25.65	25.67	0.305944	43.414
25.67	25.67	0.305961	43.514
25.67	25.68	0.305978	43.614
25.67	25.68	0.305994	43.715
25.67	25.68	0.306011	43.814
25.67	25.69	0.306028	43.914
25.67	25.69	0.306044	44.043
25.67	25.69	0.306061	44.138
25.70	25.70	0.306078	44.238
25.70	25.70	0.306094	44.342
25.70	25.70	0.306111	44.436
25.70	25.71	0.306128	44.513
25.70	25.71	0.306144	44.640
25.70	25.71	0.306161	44.735
25.70	25.72	0.306177	44.814
25.73	25.72	0.306194	44.939
25.73	25.72	0.306211	45.034
25.73	25.73	0.306227	45.138
25.73	25.73	0.306244	45.238
25.73	25.73	0.306261	45.332
25.73	25.73	0.306277	45.437
25.73	25.74	0.306294	45.537
25.73	25.74	0.306311	45.631
25.75	25.74	0.306327	45.737
25.75	25.75	0.306344	45.836
25.75	25.75	0.306361	45.930
25.75	25.75	0.306377	46.035
25.75	25.75	0.306394	46.135
25.75	25.76	0.306411	46.229
25.75	25.76	0.306427	46.334
25.75	25.76	0.306444	46.434
25.75	25.76	0.306461	46.528
25.75	25.77	0.306477	46.633
25.78	25.77	0.306494	46.727
25.78	25.77	0.306511	46.827
25.78	25.77	0.306527	46.931
25.78	25.78	0.306544	47.026
25.78	25.78	0.306561	47.126
25.78	25.78	0.306577	47.230
25.78	25.78	0.306594	47.325
25.78	25.78	0.306611	47.424
25.78	25.79	0.306627	47.529
25.80	25.79	0.306644	47.623
25.80	25.79	0.306661	47.723
25.80	25.79	0.306677	47.828
25.80	25.79	0.306694	47.923
25.80	25.80	0.306711	48.022
25.80	25.80	0.306727	48.126
25.80	25.80	0.306744	48.222
25.80	25.80	0.306761	48.321
25.80	25.80	0.306777	48.426
25.80	25.80	0.306794	48.520
25.80	25.80	0.306811	48.620
25.80	25.80	0.306827	48.725
25.80	25.81	0.306844	48.819
25.83	25.81	0.306861	48.919
25.83	25.81	0.306877	49.023
25.83	25.81	0.306894	49.118
25.83	25.81	0.306911	49.217
25.83	25.81	0.306927	49.322
25.83	25.81	0.306944	49.417
25.83	25.81	0.306961	49.518
25.83	25.81	0.306977	49.621
25.83	25.81	0.306994	49.715
25.83	25.81	0.307010	49.818
25.83	25.81	0.307027	49.919
25.83	25.81	0.307044	50.015
25.83	25.81	0.307060	50.117
25.83	25.81	0.307077	50.218
25.83	25.81	0.307094	50.316
25.83	25.81	0.307110	50.417
25.83	25.81	0.307127	50.518
25.83	25.81	0.307144	50.615
25.83	25.81	0.307160	50.717
25.83	25.81	0.307177	50.816
25.83	25.81	0.307194	50.915
25.83	25.81	0.307210	51.015
25.83	25.81	0.307227	51.115
25.83	25.81	0.307244	51.216
25.83	25.81	0.307260	51.315
25.83	25.81	0.307277	51.415
25.80	25.81	0.307294	51.515
25.80	25.81	0.307310	51.615
25.80	25.81	0.307327	51.715
25.80	25.81	0.307344	51.815
25.80	25.81	0.307360	51.915
25.80	25.80	0.307377	52.015
25.80	25.80	0.307394	52.115
25.80	25.80	0.307410	52.215
25.80	25.80	0.307427	52.315
25.80	25.80	0.307444	52.415
25.80	25.80	0.307460	52.515
25.80	25.80	0.307477	52.615
25.80	25.80	0.307494	52.715
25.80	25.80	0.307510	52.816
25.80	25.79	0.307527	52.915
25.80	25.79	0.307544	53.015
25.80	25.79	0.307560	53.116
25.80	25.79	0.307577	53.216
25.80	25.79	0.307594	53.316
25.80	25.79	0.307610	53.416
25.80	25.79	0.307627	53.516
25.80	25.78	0.307644	53.616
25.80	25.78	0.307660	53.716
25.80	25.78	0.307677	53.816
25.80	25.78	0.307694	53.916
25.80	25.78	0.307710	54.016
25.80	25.78	0.307727	54.116
25.80	25.77	0.307744	54.216
25.80	25.77	0.307760	54.316
25.80	25.77	0.307777	54.417
25.80	25.77	0.307794	54.516
25.80	25.77	0.307810	54.616
25.78	25.77	0.307827	54.716
25.78	25.76	0.307843	54.816
25.78	25.76	0.307860	54.916
25.78	25.76	0.307877	55.016
25.78	25.76	0.307893	55.116
25.78	25.76	0.307910	55.216
25.78	25.76	0.307927	55.317
25.78	25.75	0.307943	55.416
25.78	25.75	0.307960	55.516
25.75	25.75	0.307977	55.616
25.75	25.75	0.307993	55.716
25.75	25.75	0.308010	55.816
25.75	25.75	0.308027	55.916
25.75	25.74	0.308043	56.045
25.75	25.74	0.308060	56.140
25.73	25.74	0.308077	56.240
25.73	25.74	0.308093	56.344
25.73	25.74	0.308110	56.439
25.73	25.74	0.308127	56.538
25.73	25.73	0.308143	56.644
25.73	25.73	0.308160	56.738
25.73	25.73	0.308177	56.838
25.73	25.73	0.308193	56.942
25.73	25.73	0.308210	57.037
25.73	25.73	0.308227	57.137
25.73	25.73	0.308243	57.241
25.73	25.72	0.308260	57.336
25.70	25.72	0.308277	57.436
25.70	25.72	0.308293	57.540
25.70	25.72	0.308310	57.634
25.70	25.72	0.308327	57.737
25.70	25.72	0.308343	57.839
25.70	25.72	0.308360	57.933
25.70	25.72	0.308377	58.037
25.70	25.72	0.308393	58.137
25.70	25.72	0.308410	58.232
25.70	25.71	0.308427	58.336
25.70	25.71	0.308443	58.436
25.70	25.71	0.308460	58.530
25.70	25.71	0.308477	58.635
25.70	25.71	0.308493	58.735
25.70	25.71	0.308510	58.830
25.70	25.71	0.308527	58.934
25.70	25.71	0.308543	59.034
25.70	25.71	0.308560	59.128
25.73	25.71	0.308577	59.233
25.73	25.71	0.308593	59.333
25.73	25.71	0.308610	59.427
25.73	25.71	0.308627	59.532
25.73	25.71	0.308643	59.626
25.73	25.71	0.308660	59.726
25.73	25.71	0.308676	59.830
25.70	25.71	0.308693	59.926
25.70	25.71	0.308710	00.025
25.70	25.71	0.308726	00.129
25.70	25.71	0.308743	00.224
25.70	25.71	0.308760	00.323
25.70	25.71	0.308776	00.428
25.70	25.71	0.308793	00.523
25.70	25.71	0.308810	00.623
25.70	25.71	0.308826	00.727
25.70	25.71	0.308843	00.822
25.70	25.71	0.308860	00.922
25.70	25.71	0.308876	01.026
25.70	25.72	0.308893	01.121
25.70	25.72	0.308910	01.220
25.70	25.72	0.308926	01.325
25.70	25.72	0.308943	01.419
25.70	25.72	0.308960	01.519
25.70	25.72	0.308976	01.624
25.70	25.72	0.308993	01.718
25.70	25.72	0.309010	01.818
25.70	25.72	0.309026	01.922
25.73	25.73	0.309043	02.017
25.73	25.73	0.309060	02.117
25.73	25.73	0.309076	02.221
25.73	25.73	0.309093	02.317
25.73	25.73	0.309110	02.417
25.73	25.74	0.309126	02.520
25.73	25.74	0.309143	02.617
25.73	25.74	0.309160	02.717
25.73	25.74	0.309176	02.818
25.73	25.74	0.309193	02.917
25.73	25.75	0.309210	03.017
25.73	25.75	0.309226	03.118
25.73	25.75	0.309243	03.218
25.73	25.75	0.309260	03.317
25.73	25.75	0.309276	03.417
25.73	25.76	0.309293	03.517
25.75	25.76	0.309310	03.617
25.75	25.76	0.309326	03.717
25.75	25.76	0.309343	03.817
25.75	25.77	0.309360	03.917
25.75	25.77	0.309376	04.017
25.75	25.77	0.309393	04.117
25.75	25.78	0.309410	04.217
25.75	25.78	0.309426	04.317
25.75	25.78	0.309443	04.418
25.75	25.78	0.309460	04.518
25.78	25.79	0.309476	04.618
25.78	25.79	0.309493	04.718
25.78	25.79	0.309509	04.819
25.78	25.80	0.309526	04.918
25.78	25.80	0.309543	05.018
25.78	25.80	0.309559	05.118
25.78	25.81	0.309576	05.218
25.80	25.81	0.309593	05.318
25.80	25.81	0.309609	05.418
25.80	25.82	0.309626	05.518
25.80	25.82	0.309643	05.618
25.80	25.82	0.309659	05.719
25.80	25.83	0.309676	05.818
25.80	25.83	0.309693	05.918
25.83	25.83	0.309709	06.018
25.83	25.84	0.309726	06.118
25.83	25.84	0.309743	06.218
25.83	25.84	0.309759	06.318
25.83	25.85	0.309776	06.419
25.86	25.85	0.309793	06.518
25.86	25.85	0.309809	06.618
25.86	25.86	0.309826	06.718
25.86	25.86	0.309843	06.818
25.86	25.86	0.309859	06.918
25.86	25.87	0.309876	07.018
25.86	25.87	0.309893	07.118
25.86	25.87	0.309909	07.218
25.88	25.88	0.309926	07.319
25.88	25.88	0.309943	07.418
25.88	25.89	0.309959	07.518
25.88	25.89	0.309976	07.618
25.88	25.89	0.309993	07.718
25.88	25.90	0.310009	07.818
25.88	25.90	0.310026	07.918
25.91	25.90	0.310043	08.018
25.91	25.91	0.310059	08.118
25.91	25.91	0.310076	08.242
25.91	25.91	0.310093	08.347
25.91	25.92	0.310109	08.442
25.91	25.92	0.310126	08.541
25.91	25.92	0.310143	08.646
25.93	25.93	0.310159	08.741
25.93	25.93	0.310176	08.840
25.93	25.93	0.310193	08.945
25.93	25.94	0.310209	09.040
25.93	25.94	0.310226	09.140
25.93	25.94	0.310243	09.244
25.93	25.94	0.310259	09.339
25.93	25.95	0.310276	09.438
25.96	25.95	0.310293	09.543
25.96	25.95	0.310309	09.637
25.96	25.96	0.310326	09.737
25.96	25.96	0.310342	09.841
25.96	25.96	0.310359	09.936
25.96	25.96	0.310376	10.036
25.96	25.97	0.310392	10.140
25.99	25.97	0.310409	10.235
25.99	25.97	0.310426	10.335
25.99	25.98	0.310442	10.439
25.99	25.98	0.310459	10.533
25.99	25.98	0.310476	10.635
25.99	25.98	0.310492	10.738
25.99	25.99	0.310509	10.832
25.99	25.99	0.310526	10.936
25.99	25.99	0.310542	11.036
25.99	25.99	0.310559	11.131
26.01	25.99	0.310576	11.235
26.01	26.00	0.310592	11.336
26.01	26.00	0.310609	11.430
26.01	26.00	0.310626	11.535
26.01	26.00	0.310642	11.635
26.01	26.00	0.310659	11.729
26.01	26.01	0.310676	11.834
26.01	26.01	0.310692	11.933
26.01	26.01	0.310709	12.028
26.01	26.01	0.310726	12.132
26.01	26.01	0.310742	12.232
26.01	26.01	0.310759	12.327
26.01	26.01	0.310776	12.431
26.01	26.02	0.310792	12.531
26.01	26.02	0.310809	12.625
26.01	26.02	0.310826	12.730
26.01	26.02	0.310842	12.824
26.01	26.02	0.310859	12.924
26.01	26.02	0.310876	13.028
26.01	26.02	0.310892	13.123
26.04	26.02	0.310909	13.224
26.04	26.02	0.310926	13.328
26.04	26.02	0.310942	13.423
26.04	26.02	0.310959	13.522
26.04	26.02	0.310976	13.627
26.04	26.03	0.310992	13.721
26.04	26.03	0.311009	13.821
26.04	26.03	0.311026	13.926
26.04	26.03	0.311042	14.020
26.04	26.03	0.311059	14.120
26.04	26.03	0.311076	14.224
26.04	26.03	0.311092	14.319
26.04	26.03	0.311109	14.418
26.04	26.03	0.311126	14.523
26.04	26.03	0.311142	14.618
26.04	26.03	0.311159	14.718
26.04	26.03	0.311175	14.822
26.04	26.03	0.311192	14.918
26.04	26.03	0.311209	15.018
26.04	26.02	0.311225	15.120
26.04	26.02	0.311242	15.218
26.04	26.02	0.311259	15.318
26.04	26.02	0.311275	15.419
26.04	26.02	0.311292	15.519
26.04	26.02	0.311309	15.618
26.01	26.02	0.311325	15.719
26.01	26.02	0.311342	15.818
26.01	26.02	0.311359	15.918
26.01	26.02	0.311375	16.018
26.01	26.02	0.311392	16.118
26.01	26.02	0.311409	16.218
26.01	26.02	0.311425	16.318
26.01	26.01	0.311442	16.419
26.01	26.01	0.311459	16.518
26.01	26.01	0.311475	16.618
26.01	26.01	0.311492	16.719
26.01	26.01	0.311509	16.819
26.01	26.01	0.311525	16.919
26.01	26.01	0.311542	17.019
26.01	26.01	0.311559	17.119
26.01	26.00	0.311575	17.219
26.01	26.00	0.311592	17.319
26.01	26.00	0.311609	17.419
26.01	26.00	0.311625	17.519
26.01	26.00	0.311642	17.619
26.01	26.00	0.311659	17.719
26.01	25.99	0.311675	17.819
26.01	25.99	0.311692	17.919
26.01	25.99	0.311709	18.020
26.01	25.99	0.311725	18.119
26.01	25.99	0.311742	18.219
26.01	25.99	0.311759	18.319
26.01	25.98	0.311775	18.419
26.01	25.98	0.311792	18.519
26.01	25.98	0.311809	18.619
26.01	25.98	0.311825	18.719
26.01	25.98	0.311842	18.819
26.01	25.98	0.311859	18.919
26.01	25.97	0.311875	19.019
25.99	25.97	0.311892	19.119
25.99	25.97	0.311909	19.219
25.99	25.97	0.311925	19.320
25.99	25.97	0.311942	19.419
25.99	25.97	0.311959	19.519
25.99	25.96	0.311975	19.619
25.99	25.96	0.311992	19.719
25.96	25.96	0.312008	19.819
25.96	25.96	0.312025	19.919
25.96	25.96	0.312042	20.020
25.96	25.96	0.312058	20.120
25.96	25.95	0.312075	20.221
25.96	25.95	0.312092	20.320
25.96	25.95	0.312108	20.420
25.93	25.95	0.312125	20.519
25.93	25.95	0.312142	20.649
25.93	25.95	0.312158	20.743
25.93	25.94	0.312175	20.843
25.93	25.94	0.312192	20.948
25.93	25.94	0.312208	21.042
25.93	25.94	0.312225	21.142
25.93	25.94	0.312242	21.247
25.93	25.94	0.312258	21.341
25.93	25.94	0.312275	21.441
25.93	25.94	0.312292	21.545
25.93	25.93	0.312308	21.640
25.93	25.93	0.312325	21.739
25.93	25.93	0.312342	21.844
25.93	25.93	0.312358	21.939
25.93	25.93	0.312375	22.038
25.93	25.93	0.312392	22.143
25.93	25.93	0.312408	22.237
25.93	25.93	0.312425	22.338
25.93	25.93	0.312442	22.442
25.93	25.93	0.312458	22.537
25.93	25.93	0.312475	22.636
25.93	25.92	0.312492	22.741
25.93	25.92	0.312508	22.836
25.93	25.92	0.312525	22.935
25.93	25.92	0.312542	23.040
25.93	25.92	0.312558	23.134
25.93	25.92	0.312575	23.234
25.91	25.92	0.312592	23.338
25.91	25.92	0.312608	23.433
25.91	25.92	0.312625	23.534
25.91	25.92	0.312642	23.637
25.91	25.92	0.312658	23.732
25.91	25.92	0.312675	23.834
25.91	25.92	0.312692	23.936
25.91	25.92	0.312708	24.030
25.91	25.92	0.312725	24.134
25.91	25.92	0.312742	24.234
25.91	25.92	0.312758	24.329
25.91	25.92	0.312775	24.434
25.91	25.92	0.312792	24.533
25.91	25.92	0.312808	24.628
25.91	25.93	0.312825	24.733
25.91	25.93	0.312841	24.833
25.91	25.93	0.312858	24.927
25.91	25.93	0.312875	25.032
25.91	25.93	0.312891	25.132
25.91	25.93	0.312908	25.226
25.91	25.93	0.312925	25.331
25.91	25.93	0.312941	25.430
25.91	25.93	0.312958	25.525
25.91	25.93	0.312975	25.629
25.91	25.94	0.312991	25.724
25.91	25.94	0.313008	25.823
25.91	25.94	0.313025	25.928
25.93	25.94	0.313041	26.023
25.93	25.94	0.313058	26.122
25.93	25.94	0.313075	26.227
25.93	25.94	0.313091	26.321
25.93	25.95	0.313108	26.421
25.93	25.95	0.313125	26.525
25.93	25.95	0.313141	26.621
25.93	25.95	0.313158	26.722
25.93	25.95	0.313175	26.824
25.93	25.96	0.313191	26.921
25.93	25.96	0.313208	27.021
25.96	25.96	0.313225	27.124
25.96	25.96	0.313241	27.221
25.96	25.97	0.313258	27.321
25.96	25.97	0.313275	27.422
25.96	25.97	0.313291	27.521
25.96	25.97	0.313308	27.622
25.96	25.98	0.313325	27.721
25.96	25.98	0.313341	27.821
25.96	25.98	0.313358	27.922
25.96	25.98	0.313375	28.022
25.99	25.99	0.313391	28.122
25.99	25.99	0.313408	28.222
25.99	25.99	0.313425	28.322
25.99	25.99	0.313441	28.422
25.99	26.00	0.313458	28.523
25.99	26.00	0.313475	28.622
25.99	26.00	0.313491	28.722
25.99	26.01	0.313508	28.822
26.01	26.01	0.313525	28.922
26.01	26.01	0.313541	29.022
26.01	26.02	0.313558	29.122
26.01	26.02	0.313575	29.223
26.01	26.02	0.313591	29.322
26.01	26.03	0.313608	29.422
26.01	26.03	0.313625	29.522
26.01	26.03	0.313641	29.622
26.01	26.04	0.313658	29.722
26.01	26.04	0.313674	29.822
26.04	26.04	0.313691	29.922
26.04	26.05	0.313708	30.022
26.04	26.05	0.313724	30.123
26.04	26.05	0.313741	30.222
26.04	26.06	0.313758	30.322
26.04	26.06	0.313774	30.422
26.04	26.06	0.313791	30.522
26.04	26.07	0.313808	30.622
26.06	26.07	0.313824	30.722
26.06	26.07	0.313841	30.823
26.06	26.08	0.313858	30.922
26.06	26.08	0.313874	31.022
26.06	26.08	0.313891	31.122
26.06	26.09	0.313908	31.222
26.06	26.09	0.313924	31.322
26.09	26.09	0.313941	31.422
26.09	26.10	0.313958	31.522
26.09	26.10	0.313974	31.622
26.09	26.11	0.313991	31.723
26.09	26.11	0.314008	31.822
26.09	26.11	0.314024	31.922
26.12	26.12	0.314041	32.023
26.12	26.12	0.314058	32.123
26.12	26.12	0.314074	32.223
26.12	26.13	0.314091	32.323
26.12	26.13	0.314108	32.452
26.14	26.13	0.314124	32.547
26.14	26.14	0.314141	32.651
26.14	26.14	0.314158	32.751
26.14	26.14	0.314174	32.846
26.14	26.15	0.314191	32.950
26.14	26.15	0.314208	33.050
26.14	26.15	0.314224	33.145
26.17	26.15	0.314241	33.250
26.17	26.16	0.314258	33.349
26.17	26.16	0.314274	33.444
26.17	26.16	0.314291	33.549
26.17	26.17	0.314308	33.648
26.17	26.17	0.314324	33.743
26.17	26.17	0.314341	33.847
26.17	26.18	0.314358	33.942
26.17	26.18	0.314374	34.041
26.17	26.18	0.314391	34.146
26.17	26.18	0.314408	34.241
26.19	26.19	0.314424	34.340
26.19	26.19	0.314441	34.445
26.19	26.19	0.314458	34.539
26.19	26.19	0.314474	34.639
26.19	26.20	0.314491	34.743
26.19	26.20	0.314507	34.838
26.19	26.20	0.314524	34.938
26.19	26.20	0.314541	35.042
26.19	26.21	0.314557	35.137
26.22	26.21	0.314574	35.237
26.22	26.21	0.314591	35.342
26.22	26.21	0.314607	35.436
26.22	26.21	0.314624	35.536
26.22	26.22	0.314641	35.640
26.22	26.22	0.314657	35.735
26.22	26.22	0.314674	35.835
26.22	26.22	0.314691	35.939
26.22	26.22	0.314707	36.034
26.25	26.22	0.314724	36.133
26.25	26.22	0.314741	36.238
26.25	26.23	0.314757	36.332
26.25	26.23	0.314774	36.433
26.25	26.23	0.314791	36.536
26.25	26.23	0.314807	36.631
26.25	26.23	0.314824	36.733
26.25	26.23	0.314841	36.835
26.25	26.23	0.314857	36.930
26.25	26.23	0.314874	37.032
26.25	26.24	0.314891	37.134
26.25	26.24	0.314907	37.228
26.25	26.24	0.314924	37.332
26.25	26.24	0.314941	37.433
26.25	26.24	0.314957	37.527
26.25	26.24	0.314974	37.632
26.25	26.24	0.314991	37.732
26.25	26.24	0.315007	37.827
26.25	26.24	0.315024	37.931
26.25	26.24	0.315041	38.031
26.25	26.24	0.315057	38.125
26.25	26.24	0.315074	38.230
26.25	26.24	0.315091	38.330
26.25	26.24	0.315107	38.424
26.25	26.24	0.315124	38.529
26.25	26.24	0.315141	38.628
26.25	26.24	0.315157	38.724
26.25	26.24	0.315174	38.827
26.25	26.24	0.315191	38.927
26.25	26.24	0.315207	39.025
26.25	26.24	0.315224	39.126
26.25	26.24	0.315241	39.228
26.25	26.24	0.315257	39.324
26.25	26.24	0.315274	39.425
26.25	26.24	0.315291	39.527
26.25	26.24	0.315307	39.624
26.25	26.23	0.315324	39.725
26.25	26.23	0.315340	39.827
26.25	26.23	0.315357	39.926
26.25	26.23	0.315374	40.025
26.25	26.23	0.315390	40.128
26.25	26.23	0.315407	40.225
26.25	26.23	0.315424	40.325
26.22	26.23	0.315440	40.427
26.22	26.23	0.315457	40.525
26.22	26.23	0.315474	40.626
26.22	26.22	0.315490	40.727
26.22	26.22	0.315507	40.825
26.22	26.22	0.315524	40.925
26.22	26.22	0.315540	41.027
26.22	26.22	0.315557	41.125
26.22	26.22	0.315574	41.225
26.22	26.22	0.315590	41.327
26.22	26.21	0.315607	41.425
26.22	26.21	0.315624	41.526
26.22	26.21	0.315640	41.627
26.22	26.21	0.315657	41.725
26.22	26.21	0.315674	41.826
26.22	26.21	0.315690	41.927
26.22	26.20	0.315707	42.026
26.22	26.20	0.315724	42.126
26.22	26.20	0.315740	42.227
26.22	26.20	0.315757	42.326
26.22	26.20	0.315774	42.427
26.22	26.20	0.315790	42.527
26.19	26.19	0.315807	42.626
26.19	26.19	0.315824	42.726
26.19	26.19	0.315840	42.827
26.19	26.19	0.315857	42.926
26.19	26.19	0.315874	43.026
26.19	26.19	0.315890	43.128
26.19	26.18	0.315907	43.226
26.19	26.18	0.315924	43.326
26.19	26.18	0.315940	43.427
26.19	26.18	0.315957	43.526
26.19	26.18	0.315974	43.626
26.19	26.18	0.315990	43.727
26.19	26.17	0.316007	43.826
26.19	26.17	0.316024	43.926
26.17	26.17	0.316040	44.027
26.17	26.17	0.316057	44.126
26.17	26.17	0.316074	44.226
26.17	26.17	0.316090	44.327
26.17	26.16	0.316107	44.455
26.17	26.16	0.316124	44.550
26.17	26.16	0.316140	44.627
26.17	26.16	0.316157	44.754
26.17	26.16	0.316173	44.849
26.17	26.16	0.316190	44.926
26.17	26.16	0.316207	45.054
26.17	26.15	0.316223	45.148
26.17	26.15	0.316240	45.227
26.17	26.15	0.316257	45.352
26.14	26.15	0.316273	45.447
26.14	26.15	0.316290	45.551
26.14	26.15	0.316307	45.651
26.14	26.15	0.316323	45.746
26.14	26.15	0.316340	45.850
26.14	26.14	0.316357	45.950
26.14	26.14	0.316373	46.044
26.14	26.14	0.316390	46.149
26.14	26.14	0.316407	46.248
26.14	26.14	0.316423	46.343
26.14	26.14	0.316440	46.448
26.14	26.14	0.316457	46.547
26.14	26.14	0.316473	46.642
26.14	26.14	0.316490	46.746
26.14	26.14	0.316507	46.841
26.14	26.14	0.316523	46.940
26.14	26.14	0.316540	47.045
26.14	26.14	0.316557	47.139
26.14	26.14	0.316573	47.239
26.14	26.14	0.316590	47.344
26.12	26.14	0.316607	47.438
26.12	26.14	0.316623	47.539
26.12	26.14	0.316640	47.643
26.12	26.14	0.316657	47.738
26.12	26.14	0.316673	47.837
26.12	26.14	0.316690	47.942
26.12	26.14	0.316707	48.037
26.12	26.14	0.316723	48.136
26.12	26.14	0.316740	48.241
26.12	26.14	0.316757	48.335
26.14	26.14	0.316773	48.435
26.14	26.14	0.316790	48.539
26.14	26.14	0.316807	48.634
26.14	26.14	0.316823	48.734
26.14	26.14	0.316840	48.838
26.14	26.14	0.316857	48.933
26.14	26.14	0.316873	49.032
26.14	26.14	0.316890	49.137
26.14	26.14	0.316907	49.231
26.14	26.14	0.316923	49.331
26.14	26.14	0.316940	49.435
26.14	26.15	0.316957	49.530
26.14	26.15	0.316973	49.631
26.14	26.15	0.316990	49.734
26.14	26.15	0.317006	49.829
26.14	26.15	0.317023	49.930
26.14	26.15	0.317040	50.033
26.14	26.15	0.317056	50.128
26.14	26.16	0.317073	50.231
26.14	26.16	0.317090	50.333
26.14	26.16	0.317106	50.428
26.14	26.16	0.317123	50.531
26.14	26.16	0.317140	50.631
26.14	26.17	0.317156	50.728
26.14	26.17	0.317173	50.830
26.14	26.17	0.317190	50.930
26.14	26.17	0.317206	51.028
26.14	26.17	0.317223	51.129
26.17	26.18	0.317240	51.229
26.17	26.18	0.317256	51.328
26.17	26.18	0.317273	51.428
26.17	26.18	0.317290	51.528
26.17	26.19	0.317306	51.628
26.17	26.19	0.317323	51.728
26.17	26.19	0.317340	51.828
26.17	26.19	0.317356	51.928
26.17	26.20	0.317373	52.028
26.19	26.20	0.317390	52.129
26.19	26.20	0.317406	52.228
26.19	26.21	0.317423	52.328
26.19	26.21	0.317440	52.428
26.19	26.21	0.317456	52.528
26.19	26.21	0.317473	52.628
26.19	26.22	0.317490	52.728
26.19	26.22	0.317506	52.829
26.19	26.22	0.317523	52.928
26.22	26.23	0.317540	53.028
26.22	26.23	0.317556	53.128
26.22	26.23	0.317573	53.228
26.22	26.24	0.317590	53.328
26.22	26.24	0.317606	53.428
26.22	26.24	0.317623	53.528
26.22	26.25	0.317640	53.628
26.25	26.25	0.317656	53.729
26.25	26.25	0.317673	53.828
26.25	26.26	0.317690	53.928
26.25	26.26	0.317706	54.029
26.25	26.26	0.317723	54.129
26.25	26.27	0.317740	54.229
26.27	26.27	0.317756	54.329
26.27	26.27	0.317773	54.429
26.27	26.28	0.317790	54.529
26.27	26.28	0.317806	54.629
26.27	26.28	0.317823	54.729
26.27	26.29	0.317839	54.829
26.27	26.29	0.317856	54.929
26.30	26.29	0.317873	55.029
26.30	26.30	0.317889	55.129
26.30	26.30	0.317906	55.229
26.30	26.30	0.317923	55.330
26.30	26.31	0.317939	55.429
26.30	26.31	0.317956	55.529
26.30	26.32	0.317973	55.629
26.32	26.32	0.317989	55.729
26.32	26.32	0.318006	55.829
26.32	26.33	0.318023	55.929
26.32	26.33	0.318039	56.029
26.32	26.33	0.318056	56.129
26.32	26.34	0.318073	56.230
26.32	26.34	0.318089	56.354
26.32	26.34	0.318106	56.429
26.35	26.35	0.318123	56.553
26.35	26.35	0.318139	56.653
26.35	26.35	0.318156	56.757
26.35	26.36	0.318173	56.852
26.38	26.36	0.318189	56.951
26.38	26.36	0.318206	57.056
26.38	26.37	0.318223	57.151
26.38	26.37	0.318239	57.250
26.38	26.37	0.318256	57.355
26.38	26.37	0.318273	57.449
26.38	26.38	0.318289	57.550
26.38	26.38	0.318306	57.653
26.38	26.38	0.318323	57.748
26.40	26.39	0.318339	57.850
26.40	26.39	0.318356	57.952
26.40	26.39	0.318373	58.048
26.40	26.39	0.318389	58.150
26.40	26.40	0.318406	58.251
26.40	26.40	0.318423	58.346
26.40	26.40	0.318439	58.450
26.40	26.40	0.318456	58.550
26.40	26.41	0.318473	58.645
26.40	26.41	0.318489	58.749
26.40	26.41	0.318506	58.849
26.43	26.41	0.318523	58.944
26.43	26.42	0.318539	59.048
26.43	26.42	0.318556	59.148
26.43	26.42	0.318573	59.242
26.43	26.42	0.318589	59.347
26.43	26.42	0.318606	59.446
26.43	26.43	0.318623	59.541
26.43	26.43	0.318639	59.646
26.43	26.43	0.318656	59.745
26.43	26.43	0.318672	59.840
26.43	26.43	0.318689	59.944
26.43	26.44	0.318706	00.039
26.43	26.44	0.318722	00.138
26.45	26.44	0.318739	00.243
26.45	26.44	0.318756	00.339
26.45	26.44	0.318772	00.438
26.45	26.44	0.318789	00.543
26.45	26.44	0.318806	00.637
26.45	26.44	0.318822	00.737
26.45	26.45	0.318839	00.841
26.45	26.45	0.318856	00.936
26.45	26.45	0.318872	01.036
26.45	26.45	0.318889	01.140
26.45	26.45	0.318906	01.235
26.45	26.45	0.318922	01.334
26.45	26.45	0.318939	01.439
26.45	26.45	0.318956	01.533
26.45	26.45	0.318972	01.633
26.45	26.45	0.318989	01.737
26.45	26.45	0.319006	01.832
26.45	26.45	0.319022	01.932
26.48	26.45	0.319039	02.036
26.48	26.45	0.319056	02.131
26.48	26.45	0.319072	02.230
26.48	26.45	0.319089	02.335
26.48	26.45	0.319106	02.429
26.48	26.45	0.319122	02.530
26.48	26.45	0.319139	02.633
26.48	26.45	0.319156	02.729
26.48	26.45	0.319172	02.830
26.48	26.45	0.319189	02.933
26.48	26.45	0.319206	03.029
26.45	26.45	0.319222	03.130
26.45	26.45	0.319239	03.231
26.45	26.45	0.319256	03.329
26.45	26.45	0.319272	03.430
26.45	26.45	0.319289	03.530
26.45	26.45	0.319306	03.631
26.45	26.45	0.319322	03.730
26.45	26.45	0.319339	03.830
26.45	26.45	0.319356	03.930
26.45	26.44	0.319372	04.030
26.45	26.44	0.319389	04.130
26.45	26.44	0.319406	04.230
26.45	26.44	0.319422	04.331
26.45	26.44	0.319439	04.430
26.45	26.44	0.319456	04.530
26.45	26.44	0.319472	04.630
26.43	26.44	0.319489	04.730
26.43	26.44	0.319505	04.830
26.43	26.43	0.319522	04.930
26.43	26.43	0.319539	05.031
26.43	26.43	0.319555	05.130
26.43	26.43	0.319572	05.230
26.43	26.43	0.319589	05.330
26.43	26.43	0.319605	05.430
26.43	26.43	0.319622	05.530
26.43	26.42	0.319639	05.630
26.43	26.42	0.319655	05.730
26.43	26.42	0.319672	05.830
26.43	26.42	0.319689	05.931
26.43	26.42	0.319705	06.030
26.43	26.42	0.319722	06.130
26.43	26.41	0.319739	06.230
26.43	26.41	0.319755	06.330
26.43	26.41	0.319772	06.430
26.43	26.41	0.319789	06.530
26.43	26.41	0.319805	06.630
26.43	26.41	0.319822	06.730
26.43	26.40	0.319839	06.831
26.43	26.40	0.319855	06.930
26.43	26.40	0.319872	07.030
26.43	26.40	0.319889	07.130
26.43	26.40	0.319905	07.230
26.43	26.40	0.319922	07.330
26.40	26.39	0.319939	07.430
26.40	26.39	0.319955	07.531
26.40	26.39	0.319972	07.630
26.40	26.39	0.319989	07.730
26.40	26.39	0.320005	07.830
26.40	26.39	0.320022	07.930
26.38	26.38	0.320039	08.030
26.38	26.38	0.320055	08.130
26.38	26.38	0.320072	08.230
26.38	26.38	0.320089	08.330
26.38	26.38	0.320105	08.431
26.38	26.38	0.320122	08.530
26.38	26.37	0.320139	08.630
26.38	26.37	0.320155	08.760
26.38	26.37	0.320172	08.855
26.35	26.37	0.320189	08.954
26.35	26.37	0.320205	09.059
26.35	26.37	0.320222	09.153
26.35	26.37	0.320239	09.253
26.35	26.36	0.320255	09.358
26.35	26.36	0.320272	09.452
26.35	26.36	0.320289	09.552
26.35	26.36	0.320305	09.656
26.35	26.36	0.320322	09.751
26.35	26.36	0.320338	09.850
26.35	26.36	0.320355	09.955
26.35	26.36	0.320372	10.049
26.35	26.36	0.320388	10.149
26.35	26.36	0.320405	10.254
26.35	26.35	0.320422	10.349
26.35	26.35	0.320438	10.449
26.35	26.35	0.320455	10.553
26.35	26.35	0.320472	10.648
26.35	26.35	0.320488	10.749
26.35	26.35	0.320505	10.852
26.35	26.35	0.320522	10.947
26.35	26.35	0.320538	11.049
26.35	26.35	0.320555	11.151
26.35	26.35	0.320572	11.245
26.35	26.35	0.320588	11.349
26.35	26.35	0.320605	11.449
26.35	26.35	0.320622	11.544
26.35	26.35	0.320638	11.648
26.35	26.35	0.320655	11.748
26.35	26.35	0.320672	11.843
26.35	26.35	0.320688	11.947
26.35	26.35	0.320705	12.047
26.35	26.35	0.320722	12.141
26.35	26.35	0.320738	12.246
26.35	26.35	0.320755	12.345
26.35	26.35	0.320772	12.440
26.35	26.35	0.320788	12.545
26.35	26.35	0.320805	12.644
26.35	26.35	0.320822	12.740
26.35	26.35	0.320838	12.844
26.35	26.35	0.320855	12.939
26.35	26.35	0.320872	13.038
26.35	26.36	0.320888	13.143
26.35	26.36	0.320905	13.237
26.35	26.36	0.320922	13.337
26.35	26.36	0.320938	13.442
26.35	26.36	0.320955	13.536
26.35	26.36	0.320972	13.636
26.35	26.36	0.320988	13.740
26.35	26.36	0.321005	13.835
26.35	26.36	0.321022	13.934
26.35	26.37	0.321038	14.039
26.35	26.37	0.321055	14.134
26.35	26.37	0.321072	14.233
26.35	26.37	0.321088	14.338
26.35	26.37	0.321105	14.432
26.35	26.38	0.321122	14.532
26.35	26.38	0.321138	14.636
26.35	26.38	0.321155	14.732
26.35	26.38	0.321171	14.833
26.35	26.38	0.321188	14.935
26.38	26.39	0.321205	15.034
26.38	26.39	0.321221	15.133
26.38	26.39	0.321238	15.235
26.38	26.39	0.321255	15.333
26.38	26.39	0.321271	15.433
26.38	26.40	0.321288	15.533
26.38	26.40	0.321305	15.633
26.38	26.40	0.321321	15.734
26.38	26.40	0.321338	15.833
26.40	26.41	0.321355	15.933
26.40	26.41	0.321371	16.033
26.40	26.41	0.321388	16.133
26.40	26.42	0.321405	16.233
26.40	26.42	0.321421	16.333
26.40	26.42	0.321438	16.433
26.40	26.42	0.321455	16.533
26.40	26.43	0.321471	16.634
26.40	26.43	0.321488	16.733
26.43	26.43	0.321505	16.833
26.43	26.44	0.321521	16.933
26.43	26.44	0.321538	17.033
26.43	26.44	0.321555	17.133
26.43	26.45	0.321571	17.233
26.43	26.45	0.321588	17.333
26.45	26.45	0.321605	17.433
26.45	26.46	0.321621	17.533
26.45	26.46	0.321638	17.633
26.45	26.46	0.321655	17.733
26.45	26.47	0.321671	17.833
26.45	26.47	0.321688	17.933
26.45	26.47	0.321705	18.033
26.45	26.48	0.321721	18.133
26.48	26.48	0.321738	18.234
26.48	26.48	0.321755	18.333
26.48	26.49	0.321771	18.433
26.48	26.49	0.321788	18.533
26.48	26.49	0.321805	18.633
26.48	26.50	0.321821	18.733
26.48	26.50	0.321838	18.833
26.50	26.50	0.321855	18.934
26.50	26.51	0.321871	19.033
26.50	26.51	0.321888	19.133
26.50	26.51	0.321905	19.233
26.50	26.52	0.321921	19.333
26.50	26.52	0.321938	19.433
26.50	26.53	0.321955	19.533
26.53	26.53	0.321971	19.633
26.53	26.53	0.321988	19.733
26.53	26.54	0.322004	19.834
26.53	26.54	0.322021	19.933
26.53	26.54	0.322038	20.033
26.53	26.55	0.322054	20.133
26.53	26.55	0.322071	20.233
26.56	26.55	0.322088	20.333
26.56	26.56	0.322104	20.433
26.56	26.56	0.322121	20.534
26.56	26.56	0.322138	20.633
26.56	26.57	0.322154	20.733
26.56	26.57	0.322171	20.832
26.58	26.57	0.322188	20.932
26.58	26.58	0.322204	21.061
26.58	26.58	0.322221	21.156
26.58	26.58	0.322238	21.255
26.58	26.58	0.322254	21.361
26.58	26.59	0.322271	21.455
26.61	26.59	0.322288	21.555
26.61	26.59	0.322304	21.660
26.61	26.60	0.322321	21.754
26.61	26.60	0.322338	21.854
26.61	26.60	0.322354	21.958
26.61	26.60	0.322371	22.053
26.61	26.61	0.322388	22.152
26.61	26.61	0.322404	22.257
26.61	26.61	0.322421	22.352
26.61	26.62	0.322438	22.451
26.61	26.62	0.322454	22.556
26.61	26.62	0.322471	22.650
26.63	26.62	0.322488	22.750
26.63	26.63	0.322504	22.854
26.63	26.63	0.322521	22.949
26.63	26.63	0.322538	23.049
26.63	26.63	0.322554	23.153
26.63	26.63	0.322571	23.248
26.63	26.64	0.322588	23.348
26.63	26.64	0.322604	23.452
26.63	26.64	0.322621	23.547
26.63	26.64	0.322638	23.648
26.63	26.64	0.322654	23.750
26.63	26.65	0.322671	23.846
26.63	26.65	0.322688	23.948
26.66	26.65	0.322704	24.050
26.66	26.65	0.322721	24.145
26.66	26.65	0.322738	24.247
26.66	26.65	0.322754	24.349
26.66	26.65	0.322771	24.443
26.66	26.66	0.322788	24.548
26.66	26.66	0.322804	24.648
26.66	26.66	0.322821	24.742
26.66	26.66	0.322837	24.847
26.68	26.66	0.322854	24.946
26.68	26.66	0.322871	25.041
26.68	26.66	0.322887	25.145
26.68	26.66	0.322904	25.245
26.68	26.66	0.322921	25.339
26.68	26.66	0.322937	25.444
26.68	26.66	0.322954	25.544
26.68	26.66	0.322971	25.639
26.68	26.67	0.322987	25.744
26.68	26.67	0.323004	25.837
26.68	26.67	0.323021	25.938
26.68	26.67	0.323037	26.042
26.68	26.67	0.323054	26.137
26.68	26.67	0.323071	26.237
26.68	26.67	0.323087	26.341
26.68	26.67	0.323104	26.436
26.68	26.67	0.323121	26.535
26.68	26.67	0.323137	26.640
26.68	26.67	0.323154	26.734
26.68	26.67	0.323171	26.834
26.68	26.67	0.323187	26.938
26.68	26.67	0.323204	27.033
26.68	26.66	0.323221	27.134
26.68	26.66	0.323237	27.237
26.68	26.66	0.323254	27.333
26.68	26.66	0.323271	27.433
26.68	26.66	0.323287	27.536
26.68	26.66	0.323304	27.633
26.68	26.66	0.323321	27.733
26.68	26.66	0.323337	27.835
26.66	26.66	0.323354	27.933
26.66	26.66	0.323371	28.033
26.66	26.66	0.323387	28.133
26.66	26.66	0.323404	28.233
26.66	26.66	0.323421	28.333
26.66	26.65	0.323437	28.433
26.66	26.65	0.323454	28.533
26.66	26.65	0.323471	28.633
26.66	26.65	0.323487	28.734
26.66	26.65	0.323504	28.833
26.66	26.65	0.323521	28.933
26.66	26.65	0.323537	29.033
26.66	26.65	0.323554	29.133
26.66	26.64	0.323571	29.233
26.66	26.64	0.323587	29.333
26.66	26.64	0.323604	29.434
26.66	26.64	0.323621	29.533
26.66	26.64	0.323637	29.633
26.66	26.64	0.323654	29.733
26.66	26.63	0.323670	29.833
26.66	26.63	0.323687	29.933
26.66	26.63	0.323704	30.033
26.66	26.63	0.323720	30.133
26.63	26.63	0.323737	30.233
26.63	26.63	0.323754	30.333
26.63	26.62	0.323770	30.433
26.63	26.62	0.323787	30.533
26.63	26.62	0.323804	30.633
26.63	26.62	0.323820	30.733
26.63	26.62	0.323837	30.833
26.63	26.62	0.323854	30.933
26.63	26.61	0.323870	31.034
26.61	26.61	0.323887	31.133
26.61	26.61	0.323904	31.233
26.61	26.61	0.323920	31.333
26.61	26.61	0.323937	31.433
26.61	26.61	0.323954	31.533
26.61	26.60	0.323970	31.633
26.61	26.60	0.323987	31.733
26.61	26.60	0.324004	31.833
26.61	26.60	0.324020	31.934
26.58	26.60	0.324037	32.033
26.58	26.60	0.324054	32.133
26.58	26.59	0.324070	32.233
26.58	26.59	0.324087	32.333
26.58	26.59	0.324104	32.433
26.58	26.59	0.324120	32.533
26.58	26.59	0.324137	32.633
26.58	26.59	0.324154	32.733
26.58	26.58	0.324170	32.834
26.58	26.58	0.324187	32.933
26.58	26.58	0.324204	33.033
26.58	26.58	0.324220	33.133
26.58	26.58	0.324237	33.233
26.58	26.58	0.324254	33.333
26.58	26.58	0.324270	33.433
26.58	26.58	0.324287	33.557
26.58	26.57	0.324304	33.632
26.58	26.57	0.324320	33.756
26.58	26.57	0.324337	33.856
26.58	26.57	0.324354	33.962
26.58	26.57	0.324370	34.055
26.58	26.57	0.324387	34.156
26.58	26.57	0.324404	34.260
26.58	26.57	0.324420	34.355
26.58	26.57	0.324437	34.454
26.58	26.57	0.324454	34.559
26.56	26.57	0.324470	34.654
26.56	26.56	0.324487	34.753
26.56	26.56	0.324503	34.858
26.56	26.56	0.324520	34.952
26.56	26.56	0.324537	35.052
26.56	26.56	0.324553	35.156
26.56	26.56	0.324570	35.251
26.56	26.56	0.324587	35.350
26.56	26.56	0.324603	35.455
26.56	26.56	0.324620	35.550
26.56	26.56	0.324637	35.649
26.56	26.56	0.324653	35.754
26.56	26.56	0.324670	35.848
26.56	26.56	0.324687	35.948
26.56	26.56	0.324703	36.052
26.56	26.56	0.324720	36.147
26.56	26.56	0.324737	36.247
26.56	26.56	0.324753	36.351
26.56	26.56	0.324770	36.446
26.56	26.56	0.324787	36.546
26.56	26.56	0.324803	36.650
26.56	26.57	0.324820	36.745
26.56	26.57	0.324837	36.847
26.56	26.57	0.324853	36.949
26.56	26.57	0.324870	37.044
26.53	26.57	0.324887	37.147
26.53	26.57	0.324903	37.248
26.53	26.57	0.324920	37.343
26.53	26.57	0.324937	37.446
26.53	26.57	0.324953	37.547
26.53	26.57	0.324970	37.641
26.56	26.58	0.324987	37.746
26.56	26.58	0.325003	37.846
26.56	26.58	0.325020	37.940
26.56	26.58	0.325037	38.045
26.56	26.58	0.325053	38.144
26.56	26.58	0.325070	38.239
26.56	26.58	0.325087	38.343
26.56	26.59	0.325103	38.443
26.58	26.59	0.325120	38.537
26.58	26.59	0.325137	38.642
26.58	26.59	0.325153	38.742
26.58	26.59	0.325170	38.836
26.58	26.60	0.325187	38.942
26.58	26.60	0.325203	39.035
26.58	26.60	0.325220	39.135
26.58	26.60	0.325237	39.239
26.61	26.61	0.325253	39.335
26.61	26.61	0.325270	39.435
26.61	26.61	0.325287	39.539
26.61	26.61	0.325303	39.634
26.61	26.62	0.325320	39.733
26.61	26.62	0.325336	39.838
26.61	26.62	0.325353	39.933
26.61	26.62	0.325370	40.033
26.61	26.63	0.325386	40.137
26.63	26.63	0.325403	40.233
26.63	26.63	0.325420	40.333
26.63	26.63	0.325436	40.435
26.63	26.64	0.325453	40.533
26.63	26.64	0.325470	40.633
26.63	26.64	0.325486	40.734
26.63	26.65	0.325503	40.833
26.63	26.65	0.325520	40.933
26.63	26.65	0.325536	41.034
26.63	26.66	0.325553	41.133
26.63	26.66	0.325570	41.233
26.66	26.66	0.325586	41.333
26.66	26.67	0.325603	41.433
26.66	26.67	0.325620	41.533
26.66	26.67	0.325636	41.633
26.66	26.68	0.325653	41.733
26.66	26.68	0.325670	41.833
26.66	26.68	0.325686	41.934
26.66	26.69	0.325703	42.033
26.68	26.69	0.325720	42.133
26.68	26.69	0.325736	42.233
26.68	26.70	0.325753	42.333
26.68	26.70	0.325770	42.433
26.68	26.70	0.325786	42.533
26.68	26.71	0.325803	42.634
26.68	26.71	0.325820	42.733
26.68	26.71	0.325836	42.833
26.71	26.72	0.325853	42.933
26.71	26.72	0.325870	43.033
26.71	26.72	0.325886	43.133
26.71	26.73	0.325903	43.233
26.71	26.73	0.325920	43.333
26.74	26.73	0.325936	43.433
26.74	26.74	0.325953	43.534
26.74	26.74	0.325970	43.633
26.74	26.75	0.325986	43.733
26.74	26.75	0.326003	43.833
26.74	26.75	0.326020	43.933
26.74	26.76	0.326036	44.033
26.76	26.76	0.326053	44.133
26.76	26.76	0.326070	44.233
26.76	26.77	0.326086	44.333
26.76	26.77	0.326103	44.433
26.76	26.77	0.326120	44.533
26.76	26.78	0.326136	44.633
26.76	26.78	0.326153	44.733
26.76	26.78	0.326169	44.833
26.79	26.79	0.326186	44.933
26.79	26.79	0.326203	45.033
26.79	26.79	0.326219	45.134
26.79	26.79	0.326236	45.233
26.79	26.80	0.326253	45.333
26.79	26.80	0.326269	45.433
26.79	26.80	0.326286	45.533
26.81	26.81	0.326303	45.633
26.81	26.81	0.326319	45.733
26.81	26.81	0.326336	45.833
26.81	26.82	0.326353	45.933
26.81	26.82	0.326369	46.034
26.81	26.82	0.326386	46.133
26.81	26.82	0.326403	46.233
26.84	26.83	0.326419	46.362
26.84	26.83	0.326436	46.457
26.84	26.83	0.326453	46.561
26.84	26.83	0.326469	46.661
26.84	26.84	0.326486	46.755
26.84	26.84	0.326503	46.860
26.84	26.84	0.326519	46.955
26.84	26.84	0.326536	47.054
26.84	26.85	0.326553	47.159
26.86	26.85	0.326569	47.254
26.86	26.85	0.326586	47.354
26.86	26.85	0.326603	47.458
26.86	26.85	0.326619	47.553
26.86	26.86	0.326636	47.652
26.86	26.86	0.326653	47.757
26.86	26.86	0.326669	47.852
26.86	26.86	0.326686	47.951
26.86	26.86	0.326703	48.056
26.86	26.86	0.326719	48.150
26.86	26.86	0.326736	48.250
26.86	26.87	0.326753	48.354
26.86	26.87	0.326769	48.449
26.89	26.87	0.326786	48.549
26.89	26.87	0.326803	48.653
26.89	26.87	0.326819	48.748
26.89	26.87	0.326836	48.847
26.89	26.87	0.326853	48.952
26.89	26.87	0.326869	49.046
26.89	26.88	0.326886	49.146
26.89	26.88	0.326903	49.251
26.89	26.88	0.326919	49.346
26.89	26.88	0.326936	49.446
26.89	26.88	0.326953	49.550
26.89	26.88	0.326969	49.644
26.89	26.88	0.326986	49.746
26.89	26.88	0.327002	49.848
26.89	26.88	0.327019	49.943
26.89	26.88	0.327036	50.045
26.89	26.88	0.327052	50.147
26.89	26.88	0.327069	50.242
26.89	26.88	0.327086	50.345
26.89	26.88	0.327102	50.446
26.89	26.88	0.327119	50.540
26.89	26.88	0.327136	50.645
26.89	26.88	0.327152	50.745
26.89	26.88	0.327169	50.840
26.89	26.88	0.327186	50.945
26.89	26.88	0.327202	51.044
26.89	26.88	0.327219	51.139
26.89	26.88	0.327236	51.243
26.89	26.88	0.327252	51.343
26.89	26.88	0.327269	51.437
26.89	26.88	0.327286	51.542
26.89	26.88	0.327302	51.641
26.89	26.87	0.327319	51.736
26.89	26.87	0.327336	51.841
26.89	26.87	0.327352	51.935
26.89	26.87	0.327369	52.035
26.89	26.87	0.327386	52.139
26.89	26.87	0.327402	52.234
26.89	26.87	0.327419	52.333
26.89	26.87	0.327436	52.438
26.89	26.87	0.327452	52.534
26.89	26.87	0.327469	52.633
26.89	26.86	0.327486	52.737
26.89	26.86	0.327502	52.833
26.89	26.86	0.327519	52.933
26.86	26.86	0.327536	53.035
26.86	26.86	0.327552	53.133
26.86	26.86	0.327569	53.233
26.86	26.86	0.327586	53.335
26.86	26.85	0.327602	53.434
26.86	26.85	0.327619	53.533
26.86	26.85	0.327636	53.634
26.86	26.85	0.327652	53.733
26.86	26.85	0.327669	53.833
26.86	26.85	0.327686	53.933
26.86	26.84	0.327702	54.033
26.86	26.84	0.327719	54.134
26.86	26.84	0.327736	54.233
26.84	26.84	0.327752	54.333
26.84	26.84	0.327769	54.433
26.84	26.84	0.327786	54.533
26.84	26.83	0.327802	54.633
26.84	26.83	0.327819	54.733
26.84	26.83	0.327835	54.833
26.84	26.83	0.327852	54.933
26.84	26.83	0.327869	55.034
26.84	26.83	0.327885	55.133
26.84	26.82	0.327902	55.233
26.84	26.82	0.327919	55.333
26.84	26.82	0.327935	55.433
26.84	26.82	0.327952	55.533
26.81	26.82	0.327969	55.633
26.81	26.82	0.327985	55.733
26.81	26.81	0.328002	55.833
26.81	26.81	0.328019	55.934
26.81	26.81	0.328035	56.033
26.81	26.81	0.328052	56.133
26.81	26.81	0.328069	56.233
26.81	26.81	0.328085	56.333
26.81	26.80	0.328102	56.433
26.81	26.80	0.328119	56.533
26.81	26.80	0.328135	56.634
26.81	26.80	0.328152	56.733
26.81	26.80	0.328169	56.833
26.79	26.80	0.328185	56.933
26.79	26.80	0.328202	57.033
26.79	26.79	0.328219	57.133
26.79	26.79	0.328235	57.233
26.79	26.79	0.328252	57.333
26.79	26.79	0.328269	57.433
26.79	26.79	0.328285	57.534
26.79	26.79	0.328302	57.633
26.79	26.79	0.328319	57.733
26.79	26.79	0.328335	57.833
26.79	26.78	0.328352	57.933
26.79	26.78	0.328369	58.033
26.79	26.78	0.328385	58.133
26.79	26.78	0.328402	58.234
26.79	26.78	0.328419	58.333
26.76	26.78	0.328435	58.433
26.76	26.78	0.328452	58.533
26.76	26.78	0.328469	58.633
26.76	26.78	0.328485	58.733
26.76	26.78	0.328502	58.833
26.76	26.78	0.328519	58.962
26.76	26.78	0.328535	59.057
26.76	26.78	0.328552	59.161
26.76	26.78	0.328569	59.261
26.76	26.78	0.328585	59.356
26.76	26.78	0.328602	59.460
26.76	26.78	0.328619	59.561
26.76	26.78	0.328635	59.655
26.76	26.78	0.328652	59.760
26.76	26.78	0.328668	59.854
26.79	26.78	0.328685	59.954
26.79	26.78	0.328702	00.059
26.79	26.78	0.328718	00.153
26.79	26.78	0.328735	00.253
26.79	26.78	0.328752	00.357
26.79	26.78	0.328768	00.452
26.79	26.78	0.328785	00.551
26.79	26.78	0.328802	00.656
26.79	26.78	0.328818	00.750
26.79	26.78	0.328835	00.850
26.79	26.78	0.328852	00.955
26.79	26.78	0.328868	01.049
26.79	26.78	0.328885	01.149
26.79	26.78	0.328902	01.253
26.79	26.78	0.328918	01.348
26.79	26.78	0.328935	01.447
26.79	26.79	0.328952	01.552
26.79	26.79	0.328968	01.647
26.79	26.79	0.328985	01.747
26.79	26.79	0.329002	01.852
26.79	26.79	0.329018	01.946
26.79	26.79	0.329035	02.046
26.79	26.79	0.329052	02.150
26.79	26.80	0.329068	02.245
26.76	26.80	0.329085	02.344
26.76	26.80	0.329102	02.449
26.76	26.80	0.329118	02.544
26.76	26.80	0.329135	02.644
26.76	26.81	0.329152	02.748
26.76	26.81	0.329168	02.842
26.76	26.81	0.329185	02.944
26.79	26.81	0.329202	03.046
26.79	26.81	0.329218	03.141
26.79	26.82	0.329235	03.245
26.79	26.82	0.329252	03.345
26.79	26.82	0.329268	03.440
26.79	26.82	0.329285	03.544
26.79	26.83	0.329302	03.644
26.81	26.83	0.329318	03.738
26.81	26.83	0.329335	03.843
26.81	26.83	0.329352	03.942
26.81	26.84	0.329368	04.038
26.81	26.84	0.329385	04.142
26.81	26.84	0.329402	04.242
26.84	26.85	0.329418	04.337
26.84	26.85	0.329435	04.441
26.84	26.85	0.329452	04.541
26.84	26.85	0.329468	04.635
26.84	26.86	0.329485	04.740
26.84	26.86	0.329501	04.840
26.86	26.86	0.329518	04.935
26.86	26.87	0.329535	05.039
26.86	26.87	0.329551	05.139
26.86	26.87	0.329568	05.235
26.86	26.88	0.329585	05.337
26.86	26.88	0.329601	05.440
26.89	26.88	0.329618	05.536
26.89	26.89	0.329635	05.636
26.89	26.89	0.329651	05.735
26.89	26.89	0.329668	05.835
26.89	26.90	0.329685	05.935
26.89	26.90	0.329701	06.039
26.89	26.90	0.329718	06.135
26.89	26.91	0.329735	06.235
26.92	26.91	0.329751	06.340
26.92	26.91	0.329768	06.436
26.92	26.92	0.329785	06.535
26.92	26.92	0.329801	06.635
26.92	26.92	0.329818	06.735
26.92	26.93	0.329835	06.835
26.92	26.93	0.329851	06.939
26.92	26.93	0.329868	07.035
26.92	26.94	0.329885	07.135
26.94	26.94	0.329901	07.239
26.94	26.94	0.329918	07.336
26.94	26.95	0.329935	07.435
26.94	26.95	0.329951	07.540
26.94	26.96	0.329968	07.635
26.94	26.96	0.329985	07.735
26.94	26.96	0.330001	07.839
26.97	26.97	0.330018	07.935
26.97	26.97	0.330035	08.036
26.97	26.97	0.330051	08.139
26.97	26.98	0.330068	08.235
26.97	26.98	0.330085	08.335
26.97	26.98	0.330101	08.439
26.99	26.99	0.330118	08.535
26.99	26.99	0.330135	08.635
26.99	26.99	0.330151	08.739
26.99	27.00	0.330168	08.835
26.99	27.00	0.330185	08.936
26.99	27.00	0.330201	09.039
26.99	27.01	0.330218	09.135
26.99	27.01	0.330235	09.235
27.02	27.01	0.330251	09.340
27.02	27.01	0.330268	09.435
27.02	27.02	0.330285	09.535
27.02	27.02	0.330301	09.640
27.02	27.02	0.330318	09.736
27.02	27.03	0.330334	09.835
27.02	27.03	0.330351	09.940
27.02	27.03	0.330368	10.035
27.04	27.03	0.330384	10.135
27.04	27.04	0.330401	10.239
27.04	27.04	0.330418	10.335
27.04	27.04	0.330434	10.435
27.04	27.04	0.330451	10.539
27.04	27.05	0.330468	10.635
27.04	27.05	0.330484	10.735
27.04	27.05	0.330501	10.839
27.04	27.05	0.330518	10.935
27.07	27.06	0.330534	11.035
27.07	27.06	0.330551	11.139
27.07	27.06	0.330568	11.234
27.07	27.06	0.330584	11.359
27.07	27.06	0.330601	11.464
27.07	27.07	0.330618	11.564
27.07	27.07	0.330634	11.658
27.07	27.07	0.330651	11.763
27.07	27.07	0.330668	11.862
27.09	27.07	0.330684	11.957
27.09	27.08	0.330701	12.061
27.09	27.08	0.330718	12.161
27.09	27.08	0.330734	12.255
27.09	27.08	0.330751	12.360
27.09	27.08	0.330768	12.460
27.09	27.08	0.330784	12.554
27.09	27.08	0.330801	12.659
27.09	27.08	0.330818	12.753
27.09	27.09	0.330834	12.853
27.09	27.09	0.330851	12.957
27.09	27.09	0.330868	13.052
27.09	27.09	0.330884	13.152
27.09	27.09	0.330901	13.256
27.09	27.09	0.330918	13.351
27.09	27.09	0.330934	13.450
27.09	27.09	0.330951	13.555
27.09	27.09	0.330968	13.649
27.09	27.09	0.330984	13.750
27.09	27.09	0.331001	13.854
27.09	27.09	0.331018	13.949
27.09	27.09	0.331034	14.049
27.12	27.09	0.331051	14.153
27.12	27.09	0.331068	14.248
27.12	27.09	0.331084	14.347
27.12	27.09	0.331101	14.452
27.12	27.09	0.331118	14.546
27.12	27.09	0.331134	14.646
27.12	27.09	0.331151	14.751
27.12	27.09	0.331167	14.845
27.12	27.09	0.331184	14.945
27.12	27.09	0.331201	15.049
27.12	27.09	0.331217	15.144
27.09	27.09	0.331234	15.243
27.09	27.09	0.331251	15.348
27.09	27.09	0.331267	15.442
27.09	27.09	0.331284	15.543
27.09	27.09	0.331301	15.647
27.09	27.09	0.331317	15.741
27.09	27.09	0.331334	15.843
27.09	27.09	0.331351	15.946
27.09	27.08	0.331367	16.041
27.09	27.08	0.331384	16.143
27.09	27.08	0.331401	16.245
27.09	27.08	0.331417	16.340
27.09	27.08	0.331434	16.443
27.09	27.08	0.331451	16.544
27.09	27.08	0.331467	16.638
27.09	27.08	0.331484	16.743
27.09	27.08	0.331501	16.842
27.09	27.07	0.331517	16.937
27.09	27.07	0.331534	17.041
27.09	27.07	0.331551	17.141
27.07	27.07	0.331567	17.236
27.07	27.07	0.331584	17.340
27.07	27.07	0.331601	17.440
27.07	27.07	0.331617	17.536
27.07	27.06	0.331634	17.639
27.07	27.06	0.331651	17.738
27.07	27.06	0.331667	17.836
27.07	27.06	0.331684	17.938
27.07	27.06	0.331701	18.038
27.07	27.06	0.331717	18.136
27.07	27.05	0.331734	18.237
27.07	27.05	0.331751	18.338
27.07	27.05	0.331767	18.436
27.07	27.05	0.331784	18.536
27.07	27.05	0.331801	18.639
27.07	27.05	0.331817	18.736
27.07	27.04	0.331834	18.836
27.07	27.04	0.331851	18.938
27.04	27.04	0.331867	19.036
27.04	27.04	0.331884	19.136
27.04	27.04	0.331901	19.238
27.04	27.04	0.331917	19.336
27.04	27.03	0.331934	19.436
27.04	27.03	0.331951	19.539
27.04	27.03	0.331967	19.636
27.04	27.03	0.331984	19.736
27.04	27.03	0.332000	19.838
27.04	27.03	0.332017	19.936
27.04	27.02	0.332034	20.036
27.02	27.02	0.332050	20.138
27.02	27.02	0.332067	20.236
27.02	27.02	0.332084	20.336
27.02	27.02	0.332100	20.438
27.02	27.02	0.332117	20.536
27.02	27.01	0.332134	20.636
27.02	27.01	0.332150	20.738
27.02	27.01	0.332167	20.836
27.02	27.01	0.332184	20.936
27.02	27.01	0.332200	21.038
27.02	27.01	0.332217	21.137
27.02	27.01	0.332234	21.236
26.99	27.00	0.332250	21.338
26.99	27.00	0.332267	21.436
26.99	27.00	0.332284	21.536
26.99	27.00	0.332300	21.638
26.99	27.00	0.332317	21.736
26.99	27.00	0.332334	21.836
26.99	27.00	0.332350	21.938
26.99	27.00	0.332367	22.037
26.99	27.00	0.332384	22.136
26.99	27.00	0.332400	22.238
26.99	26.99	0.332417	22.336
26.99	26.99	0.332434	22.436
26.99	26.99	0.332450	22.537
26.99	26.99	0.332467	22.636
26.99	26.99	0.332484	22.736
26.99	26.99	0.332500	22.838
26.99	26.99	0.332517	22.936
26.99	26.99	0.332534	23.036
26.99	26.99	0.332550	23.138
26.99	26.99	0.332567	23.236
26.99	26.99	0.332584	23.336
26.99	26.99	0.332600	23.437
26.97	26.99	0.332617	23.536
26.97	26.99	0.332634	23.660
26.97	26.99	0.332650	23.737
26.97	26.99	0.332667	23.835
26.97	26.99	0.332684	23.959
26.97	26.99	0.332700	24.038
26.97	26.99	0.332717	24.163
26.97	26.99	0.332734	24.258
26.97	26.99	0.332750	24.337
26.97	26.99	0.332767	24.463
26.97	26.99	0.332784	24.557
26.97	26.99	0.332800	24.662
26.99	26.99	0.332817	24.762
26.99	26.99	0.332833	24.856
26.99	26.99	0.332850	24.961
26.99	26.99	0.332867	25.060
26.99	27.00	0.332883	25.155
26.99	27.00	0.332900	25.259
26.99	27.00	0.332917	25.359
26.99	27.00	0.332933	25.454
26.99	27.00	0.332950	25.558
26.99	27.00	0.332967	25.658
26.99	27.00	0.332983	25.752
26.99	27.00	0.333000	25.857
26.99	27.00	0.333017	25.951
26.99	27.01	0.333033	26.051
26.99	27.01	0.333050	26.155
26.99	27.01	0.333067	26.250
26.99	27.01	0.333083	26.350
26.99	27.01	0.333100	26.454
26.99	27.02	0.333117	26.549
26.99	27.02	0.333133	26.649
26.99	27.02	0.333150	26.754
27.02	27.02	0.333167	26.848
27.02	27.02	0.333183	26.948
27.02	27.03	0.333200	27.053
27.02	27.03	0.333217	27.147
27.02	27.03	0.333233	27.247
27.02	27.03	0.333250	27.351
27.02	27.03	0.333267	27.446
27.02	27.04	0.333283	27.545
27.02	27.04	0.333300	27.650
27.04	27.04	0.333317	27.745
27.04	27.04	0.333333	27.844
27.04	27.05	0.333350	27.949
27.04	27.05	0.333367	28.043
27.04	27.05	0.333383	28.143
27.04	27.06	0.333400	28.247
27.04	27.06	0.333417	28.342
27.04	27.06	0.333433	28.441
27.04	27.06	0.333450	28.546
27.07	27.07	0.333467	28.641
27.07	27.07	0.333483	28.741
27.07	27.07	0.333500	28.845
27.07	27.08	0.333517	28.939
27.07	27.08	0.333533	29.042
27.07	27.08	0.333550	29.144
27.07	27.09	0.333567	29.239
27.07	27.09	0.333583	29.341
27.07	27.09	0.333600	29.443
27.09	27.10	0.333617	29.538
27.09	27.10	0.333633	29.641
27.09	27.10	0.333650	29.742
27.09	27.11	0.333666	29.836
27.09	27.11	0.333683	29.941
27.09	27.11	0.333700	30.040
27.09	27.12	0.333716	30.136
27.09	27.12	0.333733	30.240
27.12	27.12	0.333750	30.339
27.12	27.13	0.333766	30.436
27.12	27.13	0.333783	30.538
27.12	27.13	0.333800	30.639
27.12	27.14	0.333816	30.736
27.12	27.14	0.333833	30.837
27.12	27.14	0.333850	30.937
27.15	27.15	0.333866	31.037
27.15	27.15	0.333883	31.138
27.15	27.15	0.333900	31.237
27.15	27.16	0.333916	31.337
27.15	27.16	0.333933	31.438
27.15	27.17	0.333950	31.538
27.15	27.17	0.333966	31.638
27.17	27.17	0.333983	31.738
27.17	27.18	0.334000	31.839
27.17	27.18	0.334016	31.938
27.17	27.18	0.334033	32.038
27.17	27.19	0.334050	32.138
27.17	27.19	0.334066	32.238
27.17	27.19	0.334083	32.338
27.20	27.20	0.334100	32.438
27.20	27.20	0.334116	32.538
27.20	27.20	0.334133	32.638
27.20	27.21	0.334150	32.739
27.20	27.21	0.334166	32.838
27.20	27.21	0.334183	32.938
27.20	27.22	0.334200	33.038
27.22	27.22	0.334216	33.138
27.22	27.22	0.334233	33.238
27.22	27.22	0.334250	33.338
27.22	27.23	0.334266	33.438
27.22	27.23	0.334283	33.538
27.22	27.23	0.334300	33.639
27.22	27.24	0.334316	33.738
27.25	27.24	0.334333	33.838
27.25	27.24	0.334350	33.939
27.25	27.24	0.334366	34.039
27.25	27.25	0.334383	34.139
27.25	27.25	0.334400	34.239
27.25	27.25	0.334416	34.339
27.25	27.26	0.334433	34.439
27.27	27.26	0.334450	34.539
27.27	27.26	0.334466	34.639
27.27	27.26	0.334483	34.739
27.27	27.27	0.334499	34.839
27.27	27.27	0.334516	34.939
27.27	27.27	0.334533	35.039
27.27	27.27	0.334549	35.139
27.27	27.27	0.334566	35.239
27.27	27.28	0.334583	35.340
27.27	27.28	0.334599	35.439
27.30	27.28	0.334616	35.538
27.30	27.28	0.334633	35.663
27.30	27.28	0.334649	35.763
27.30	27.29	0.334666	35.868
27.30	27.29	0.334683	35.962
27.30	27.29	0.334699	36.061
27.30	27.29	0.334716	36.167
27.30	27.29	0.334733	36.262
27.30	27.29	0.334749	36.361
27.30	27.29	0.334766	36.466
27.30	27.30	0.334783	36.560
27.30	27.30	0.334799	36.661
27.30	27.30	0.334816	36.764
27.30	27.30	0.334833	36.859
27.30	27.30	0.334849	36.960
27.30	27.30	0.334866	37.063
27.33	27.30	0.334883	37.158
27.33	27.30	0.334899	37.260
27.33	27.30	0.334916	37.362
27.33	27.30	0.334933	37.456
27.33	27.30	0.334949	37.561
27.33	27.30	0.334966	37.660
27.33	27.31	0.334983	37.755
27.33	27.31	0.334999	37.860
27.33	27.31	0.335016	37.959
27.33	27.31	0.335033	38.054
27.33	27.31	0.335049	38.158
27.30	27.31	0.335066	38.258
27.30	27.31	0.335083	38.352
27.30	27.31	0.335099	38.458
27.30	27.31	0.335116	38.557
27.30	27.31	0.335133	38.652
27.30	27.31	0.335149	38.757
27.30	27.31	0.335166	38.856
27.30	27.31	0.335183	38.951
27.30	27.31	0.335199	39.055
27.30	27.30	0.335216	39.150
27.30	27.30	0.335233	39.249
27.30	27.30	0.335249	39.354
27.30	27.30	0.335266	39.449
27.30	27.30	0.335283	39.548
27.30	27.30	0.335299	39.653
27.30	27.30	0.335316	39.747
27.30	27.30	0.335332	39.847
27.30	27.30	0.335349	39.951
27.30	27.30	0.335366	40.046
27.33	27.30	0.335382	40.145
27.33	27.30	0.335399	40.250
27.33	27.30	0.335416	40.345
27.33	27.29	0.335432	40.444
27.33	27.29	0.335449	40.550
27.33	27.29	0.335466	40.644
27.33	27.29	0.335482	40.744
27.30	27.29	0.335499	40.848
27.30	27.29	0.335516	40.943
27.30	27.29	0.335532	41.043
27.30	27.29	0.335549	41.147
27.30	27.28	0.335566	41.242
27.30	27.28	0.335582	41.341
27.30	27.28	0.335599	41.446
27.30	27.28	0.335616	41.540
27.30	27.28	0.335632	41.640
27.30	27.28	0.335649	41.744
27.30	27.27	0.335666	41.839
27.27	27.27	0.335682	41.940
27.27	27.27	0.335699	42.043
27.27	27.27	0.335716	42.139
27.27	27.27	0.335732	42.240
27.27	27.27	0.335749	42.342
27.27	27.26	0.335766	42.438
27.27	27.26	0.335782	42.540
27.27	27.26	0.335799	42.641
27.27	27.26	0.335816	42.739
27.27	27.26	0.335832	42.840
27.27	27.26	0.335849	42.939
27.27	27.25	0.335866	43.039
27.27	27.25	0.335882	43.139
27.25	27.25	0.335899	43.239
27.25	27.25	0.335916	43.339
27.25	27.25	0.335932	43.439
27.25	27.25	0.335949	43.540
27.25	27.24	0.335966	43.639
27.25	27.24	0.335982	43.739
27.25	27.24	0.335999	43.839
27.25	27.24	0.336016	43.939
27.25	27.24	0.336032	44.039
27.25	27.24	0.336049	44.139
27.25	27.23	0.336066	44.239
27.25	27.23	0.336082	44.339
27.22	27.23	0.336099	44.438
27.22	27.23	0.336116	44.539
27.22	27.23	0.336132	44.639
27.22	27.23	0.336149	44.739
27.22	27.22	0.336165	44.839
27.22	27.22	0.336182	44.939
27.22	27.22	0.336199	45.039
27.22	27.22	0.336215	45.140
27.22	27.22	0.336232	45.239
27.22	27.22	0.336249	45.339
27.22	27.22	0.336265	45.438
27.22	27.22	0.336282	45.539
27.22	27.21	0.336299	45.639
27.22	27.21	0.336315	45.739
27.22	27.21	0.336332	45.839
27.22	27.21	0.336349	45.939
27.20	27.21	0.336365	46.040
27.20	27.21	0.336382	46.139
27.20	27.21	0.336399	46.239
27.20	27.21	0.336415	46.339
27.20	27.21	0.336432	46.439
27.20	27.21	0.336449	46.539
27.20	27.21	0.336465	46.639
27.20	27.20	0.336482	46.739
27.20	27.20	0.336499	46.839
27.20	27.20	0.336515	46.939
27.20	27.20	0.336532	47.038
27.20	27.20	0.336549	47.139
27.20	27.20	0.336565	47.239
27.20	27.20	0.336582	47.339
27.20	27.20	0.336599	47.439
27.20	27.20	0.336615	47.539
27.20	27.20	0.336632	47.640
27.20	27.20	0.336649	47.739
27.20	27.20	0.336665	47.839
27.20	27.20	0.336682	47.939
27.20	27.20	0.336699	48.039
27.20	27.20	0.336715	48.139
27.20	27.20	0.336732	48.239
27.17	27.20	0.336749	48.363
27.17	27.20	0.336765	48.438
27.17	27.20	0.336782	48.562
27.17	27.20	0.336799	48.662
27.17	27.21	0.336815	48.767
27.17	27.21	0.336832	48.861
27.17	27.21	0.336849	48.961
27.17	27.21	0.336865	49.065
27.20	27.21	0.336882	49.161
27.20	27.21	0.336899	49.260
27.20	27.21	0.336915	49.364
27.20	27.21	0.336932	49.460
27.20	27.21	0.336949	49.559
27.20	27.21	0.336965	49.664
27.20	27.22	0.336982	49.758
27.20	27.22	0.336998	49.859
27.20	27.22	0.337015	49.962
27.22	27.22	0.337032	50.057
27.22	27.22	0.337048	50.158
27.22	27.22	0.337065	50.261
27.22	27.22	0.337082	50.356
27.22	27.23	0.337098	50.459
27.22	27.23	0.337115	50.560
27.22	27.23	0.337132	50.654
27.22	27.23	0.337148	50.759
27.22	27.23	0.337165	50.858
27.22	27.24	0.337182	50.953
27.22	27.24	0.337198	51.057
27.22	27.24	0.337215	51.157
27.22	27.24	0.337232	51.252
27.22	27.25	0.337248	51.356
27.25	27.25	0.337265	51.457
27.25	27.25	0.337282	51.551
27.25	27.25	0.337298	51.656
27.25	27.26	0.337315	51.755
27.25	27.26	0.337332	51.850
27.25	27.26	0.337348	51.955
27.25	27.26	0.337365	52.049
27.25	27.27	0.337382	52.149
27.25	27.27	0.337398	52.253
27.25	27.27	0.337415	52.348
27.25	27.27	0.337432	52.447
27.27	27.28	0.337448	52.552
27.27	27.28	0.337465	52.646
27.27	27.28	0.337482	52.746
27.27	27.29	0.337498	52.851
27.27	27.29	0.337515	52.945
27.27	27.29	0.337532	53.045
27.27	27.30	0.337548	53.149
27.27	27.30	0.337565	53.244
27.30	27.30	0.337582	53.343
27.30	27.31	0.337598	53.448
27.30	27.31	0.337615	53.543
27.30	27.31	0.337632	53.643
27.30	27.32	0.337648	53.748
27.30	27.32	0.337665	53.842
27.30	27.32	0.337682	53.942
27.30	27.33	0.337698	54.046
27.33	27.33	0.337715	54.141
27.33	27.33	0.337732	54.241
27.33	27.34	0.337748	54.345
27.33	27.34	0.337765	54.442
27.33	27.34	0.337782	54.542
27.33	27.35	0.337798	54.644
27.33	27.35	0.337815	54.742
27.35	27.35	0.337831	54.842
27.35	27.36	0.337848	54.942
27.35	27.36	0.337865	55.042
27.35	27.36	0.337881	55.143
27.35	27.37	0.337898	55.242
27.35	27.37	0.337915	55.342
27.35	27.37	0.337931	55.442
27.38	27.38	0.337948	55.542
27.38	27.38	0.337965	55.642
27.38	27.39	0.337981	55.742
27.38	27.39	0.337998	55.842
27.38	27.39	0.338015	55.942
27.38	27.40	0.338031	56.043
27.38	27.40	0.338048	56.142
27.40	27.40	0.338065	56.242
27.40	27.41	0.338081	56.343
27.40	27.41	0.338098	56.443
27.40	27.41	0.338115	56.543
27.40	27.42	0.338131	56.643
27.40	27.42	0.338148	56.743
27.40	27.42	0.338165	56.843
27.43	27.43	0.338181	56.944
27.43	27.43	0.338198	57.043
27.43	27.43	0.338215	57.143
27.43	27.43	0.338231	57.243
27.43	27.44	0.338248	57.343
27.43	27.44	0.338265	57.443
27.43	27.44	0.338281	57.543
27.45	27.45	0.338298	57.644
27.45	27.45	0.338315	57.743
27.45	27.45	0.338331	57.843
27.45	27.46	0.338348	57.943
27.45	27.46	0.338365	58.043
27.45	27.46	0.338381	58.143
27.45	27.46	0.338398	58.243
27.45	27.47	0.338415	58.343
27.48	27.47	0.338431	58.443
27.48	27.47	0.338448	58.544
27.48	27.47	0.338465	58.643
27.48	27.48	0.338481	58.743
27.48	27.48	0.338498	58.843
27.48	27.48	0.338515	58.943
27.48	27.48	0.338531	59.043
27.48	27.49	0.338548	59.143
27.48	27.49	0.338565	59.244
27.48	27.49	0.338581	59.343
27.50	27.49	0.338598	59.443
27.50	27.49	0.338615	59.543
27.50	27.50	0.338631	59.643
27.50	27.50	0.338648	59.743
27.50	27.50	0.338664	59.843
27.50	27.50	0.338681	59.943
27.50	27.50	0.338698	00.043
27.50	27.50	0.338714	00.143
27.50	27.50	0.338731	00.267
27.50	27.51	0.338748	00.367
27.50	27.51	0.338764	00.471
27.53	27.51	0.338781	00.566
27.53	27.51	0.338798	00.665
27.53	27.51	0.338814	00.770
27.53	27.51	0.338831	00.864
27.53	27.51	0.338848	00.964
27.53	27.51	0.338864	01.069
27.53	27.52	0.338881	01.163
27.53	27.52	0.338898	01.263
27.53	27.52	0.338914	01.367
27.53	27.52	0.338931	01.462
27.53	27.52	0.338948	01.561
27.53	27.52	0.338964	01.666
27.53	27.52	0.338981	01.761
27.53	27.52	0.338998	01.860
27.53	27.52	0.339014	01.965
27.53	27.52	0.339031	02.059
27.53	27.52	0.339048	02.159
27.53	27.52	0.339064	02.264
27.53	27.52	0.339081	02.358
27.53	27.52	0.339098	02.458
27.53	27.52	0.339114	02.563
27.53	27.52	0.339131	02.658
27.53	27.52	0.339148	02.757
27.53	27.52	0.339164	02.862
27.53	27.52	0.339181	02.956
27.53	27.52	0.339198	03.058
27.53	27.52	0.339214	03.160
27.53	27.52	0.339231	03.255
27.53	27.52	0.339248	03.358
27.53	27.52	0.339264	03.459
27.53	27.52	0.339281	03.554
27.53	27.52	0.339298	03.657
27.53	27.51	0.339314	03.758
27.53	27.51	0.339331	03.852
27.53	27.51	0.339348	03.957
27.53	27.51	0.339364	04.056
27.53	27.51	0.339381	04.151
27.53	27.51	0.339398	04.257
27.53	27.51	0.339414	04.356
27.53	27.51	0.339431	04.451
27.53	27.51	0.339448	04.555
27.53	27.51	0.339464	04.655
27.53	27.50	0.339481	04.749
27.53	27.50	0.339497	04.854
27.50	27.50	0.339514	04.954
27.50	27.50	0.339531	05.048
27.50	27.50	0.339547	05.153
27.50	27.50	0.339564	05.247
27.50	27.50	0.339581	05.347
27.50	27.49	0.339597	05.451
27.50	27.49	0.339614	05.546
27.50	27.49	0.339631	05.645
27.50	27.49	0.339647	05.750
27.50	27.49	0.339664	05.845
27.50	27.49	0.339681	05.944
27.50	27.48	0.339697	06.049
27.48	27.48	0.339714	06.144
27.48	27.48	0.339731	06.244
27.48	27.48	0.339747	06.347
27.48	27.48	0.339764	06.444
27.48	27.48	0.339781	06.545
27.48	27.47	0.339797	06.646
27.48	27.47	0.339814	06.744
27.48	27.47	0.339831	06.844
27.48	27.47	0.339847	06.946
27.48	27.47	0.339864	07.044
27.48	27.47	0.339881	07.144
27.48	27.46	0.339897	07.244
27.48	27.46	0.339914	07.344
27.48	27.46	0.339931	07.445
27.48	27.46	0.339947	07.544
27.45	27.46	0.339964	07.644
27.45	27.46	0.339981	07.744
27.45	27.45	0.339997	07.844
27.45	27.45	0.340014	07.944
27.45	27.45	0.340031	08.044
27.45	27.45	0.340047	08.144
27.45	27.45	0.340064	08.244
27.45	27.45	0.340081	08.344
27.45	27.44	0.340097	08.444
27.45	27.44	0.340114	08.544
27.45	27.44	0.340131	08.644
27.45	27.44	0.340147	08.744
27.45	27.44	0.340164	08.844
27.45	27.44	0.340181	08.944
27.45	27.44	0.340197	09.045
27.43	27.43	0.340214	09.144
27.43	27.43	0.340231	09.244
27.43	27.43	0.340247	09.344
27.43	27.43	0.340264	09.443
27.43	27.43	0.340281	09.544
27.43	27.43	0.340297	09.644
27.43	27.43	0.340314	09.744
27.43	27.43	0.340330	09.844
27.43	27.42	0.340347	09.945
27.43	27.42	0.340364	10.044
27.43	27.42	0.340380	10.144
27.43	27.42	0.340397	10.244
27.43	27.42	0.340414	10.344
27.43	27.42	0.340430	10.444
27.40	27.42	0.340447	10.544
27.40	27.42	0.340464	10.645
27.40	27.42	0.340480	10.744
27.40	27.42	0.340497	10.844
27.40	27.42	0.340514	10.944
27.40	27.42	0.340530	11.044
27.40	27.42	0.340547	11.144
27.40	27.42	0.340564	11.244
27.40	27.42	0.340580	11.344
27.40	27.42	0.340597	11.444
27.40	27.42	0.340614	11.545
27.40	27.42	0.340630	11.644
27.40	27.42	0.340647	11.743
27.40	27.42	0.340664	11.844
27.40	27.42	0.340680	11.944
27.40	27.42	0.340697	12.044
27.40	27.42	0.340714	12.144
27.43	27.42	0.340730	12.274
27.43	27.42	0.340747	12.344
27.43	27.42	0.340764	12.473
27.43	27.42	0.340780	12.573
27.43	27.42	0.340797	12.668
27.43	27.42	0.340814	12.773
27.43	27.42	0.340830	12.873
27.43	27.42	0.340847	12.967
27.43	27.42	0.340864	13.072
27.43	27.42	0.340880	13.166
27.43	27.42	0.340897	13.266
27.43	27.42	0.340914	13.371
27.43	27.42	0.340930	13.465
27.43	27.43	0.340947	13.565
27.43	27.43	0.340964	13.669
27.43	27.43	0.340980	13.764
27.43	27.43	0.340997	13.863
27.43	27.43	0.341014	13.968
27.43	27.43	0.341030	14.062
27.40	27.43	0.341047	14.162
27.40	27.44	0.341064	14.267
27.40	27.44	0.341080	14.361
27.40	27.44	0.341097	14.461
27.40	27.44	0.341114	14.565
27.40	27.44	0.341130	14.660
27.40	27.45	0.341147	14.759
27.40	27.45	0.341163	14.864
27.43	27.45	0.341180	14.959
27.43	27.45	0.341197	15.058
27.43	27.45	0.341213	15.163
27.43	27.46	0.341230	15.257
27.43	27.46	0.341247	15.357
27.43	27.46	0.341263	15.461
27.43	27.46	0.341280	15.557
27.45	27.47	0.341297	15.656
27.45	27.47	0.341313	15.761
27.45	27.47	0.341330	15.856
27.45	27.47	0.341347	15.956
27.45	27.48	0.341363	16.060
27.45	27.48	0.341380	16.154
27.48	27.48	0.341397	16.256
27.48	27.49	0.341413	16.358
27.48	27.49	0.341430	16.453
27.48	27.49	0.341447	16.556
27.48	27.49	0.341463	16.657
27.48	27.50	0.341480	16.752
27.50	27.50	0.341497	16.855
27.50	27.50	0.341513	16.956
27.50	27.51	0.341530	17.050
27.50	27.51	0.341547	17.155
27.50	27.51	0.341563	17.254
27.50	27.52	0.341580	17.349
27.50	27.52	0.341597	17.454
27.53	27.52	0.341613	17.554
27.53	27.53	0.341630	17.649
27.53	27.53	0.341647	17.753
27.53	27.53	0.341663	17.853
27.53	27.54	0.341680	17.947
27.53	27.54	0.341697	18.052
27.53	27.54	0.341713	18.152
27.53	27.55	0.341730	18.246
27.56	27.55	0.341747	18.351
27.56	27.55	0.341763	18.445
27.56	27.56	0.341780	18.545
27.56	27.56	0.341797	18.649
27.56	27.56	0.341813	18.745
27.56	27.57	0.341830	18.846
27.56	27.57	0.341847	18.948
27.56	27.57	0.341863	19.045
27.56	27.58	0.341880	19.145
27.56	27.58	0.341897	19.247
27.56	27.58	0.341913	19.345
27.58	27.59	0.341930	19.445
27.58	27.59	0.341947	19.546
27.58	27.60	0.341963	19.651
27.58	27.60	0.341980	19.747
27.58	27.60	0.341996	19.846
27.58	27.61	0.342013	19.946
27.58	27.61	0.342030	20.046
27.58	27.61	0.342046	20.146
27.61	27.62	0.342063	20.250
27.61	27.62	0.342080	20.346
27.61	27.62	0.342096	20.447
27.61	27.63	0.342113	20.551
27.61	27.63	0.342130	20.646
27.63	27.63	0.342146	20.746
27.63	27.64	0.342163	20.846
27.63	27.64	0.342180	20.946
27.63	27.64	0.342196	21.046
27.63	27.65	0.342213	21.150
27.63	27.65	0.342230	21.246
27.66	27.65	0.342246	21.347
27.66	27.65	0.342263	21.450
27.66	27.66	0.342280	21.546
27.66	27.66	0.342296	21.646
27.66	27.66	0.342313	21.746
27.66	27.67	0.342330	21.846
27.66	27.67	0.342346	21.946
27.68	27.67	0.342363	22.050
27.68	27.67	0.342380	22.146
27.68	27.68	0.342396	22.247
27.68	27.68	0.342413	22.350
27.68	27.68	0.342430	22.446
27.68	27.68	0.342446	22.546
27.68	27.69	0.342463	22.651
27.68	27.69	0.342480	22.746
27.68	27.69	0.342496	22.846
27.68	27.69	0.342513	22.950
27.71	27.70	0.342530	23.046
27.71	27.70	0.342546	23.147
27.71	27.70	0.342563	23.250
27.71	27.70	0.342580	23.346
27.71	27.70	0.342596	23.446
27.71	27.71	0.342613	23.550
27.71	27.71	0.342630	23.646
27.71	27.71	0.342646	23.746
27.71	27.71	0.342663	23.851
27.71	27.71	0.342680	23.946
27.71	27.72	0.342696	24.046
27.74	27.72	0.342713	24.150
27.74	27.72	0.342730	24.246
27.74	27.72	0.342746	24.346
27.74	27.72	0.342763	24.450
27.74	27.72	0.342780	24.546
27.74	27.72	0.342796	24.646
27.74	27.72	0.342813	24.751
27.74	27.73	0.342829	24.875
27.74	27.73	0.342846	24.970
27.74	27.73	0.342863	25.074
27.74	27.73	0.342879	25.174
27.74	27.73	0.342896	25.268
27.74	27.73	0.342913	25.373
27.74	27.73	0.342929	25.472
27.74	27.73	0.342946	25.567
27.74	27.73	0.342963	25.671
27.74	27.73	0.342979	25.771
27.74	27.73	0.342996	25.866
27.74	27.73	0.343013	25.971
27.74	27.73	0.343029	26.071
27.74	27.73	0.343046	26.165
27.74	27.73	0.343063	26.270
27.74	27.73	0.343079	26.364
27.74	27.73	0.343096	26.464
27.74	27.73	0.343113	26.569
27.74	27.73	0.343129	26.663
27.74	27.73	0.343146	26.763
27.74	27.73	0.343163	26.867
27.74	27.73	0.343179	26.962
27.74	27.73	0.343196	27.061
27.74	27.73	0.343213	27.166
27.74	27.73	0.343229	27.260
27.74	27.73	0.343246	27.360
27.74	27.73	0.343263	27.465
27.74	27.73	0.343279	27.559
27.74	27.73	0.343296	27.659
27.74	27.73	0.343313	27.763
27.74	27.73	0.343329	27.858
27.74	27.73	0.343346	27.957
27.74	27.72	0.343363	28.063
27.74	27.72	0.343379	28.157
27.74	27.72	0.343396	28.257
27.74	27.72	0.343413	28.362
27.74	27.72	0.343429	28.456
27.74	27.72	0.343446	28.556
27.74	27.72	0.343463	28.660
27.71	27.72	0.343479	28.754
27.71	27.72	0.343496	28.854
27.71	27.71	0.343513	28.959
27.71	27.71	0.343529	29.053
27.71	27.71	0.343546	29.154
27.71	27.71	0.343563	29.257
27.71	27.71	0.343579	29.352
27.71	27.71	0.343596	29.454
27.71	27.71	0.343613	29.557
27.71	27.70	0.343629	29.652
27.71	27.70	0.343646	29.754
27.71	27.70	0.343662	29.856
27.71	27.70	0.343679	29.950
27.71	27.70	0.343696	30.054
27.71	27.70	0.343712	30.154
27.71	27.69	0.343729	30.249
27.71	27.69	0.343746	30.353
27.71	27.69	0.343762	30.453
27.71	27.69	0.343779	30.548
27.71	27.69	0.343796	30.652
27.71	27.69	0.343812	30.752
27.71	27.68	0.343829	30.847
27.71	27.68	0.343846	30.951
27.68	27.68	0.343862	31.050
27.68	27.68	0.343879	31.147
27.68	27.68	0.343896	31.249
27.68	27.68	0.343912	31.349
27.68	27.67	0.343929	31.448
27.68	27.67	0.343946	31.549
27.68	27.67	0.343962	31.650
27.68	27.67	0.343979	31.747
27.68	27.67	0.343996	31.848
27.68	27.67	0.344012	31.949
27.68	27.66	0.344029	32.047
27.68	27.66	0.344046	32.148
27.68	27.66	0.344062	32.249
27.66	27.66	0.344079	32.347
27.66	27.66	0.344096	32.447
27.66	27.66	0.344112	32.549
27.66	27.65	0.344129	32.647
27.66	27.65	0.344146	32.747
27.66	27.65	0.344162	32.849
27.66	27.65	0.344179	32.947
27.66	27.65	0.344196	33.048
27.66	27.65	0.344212	33.149
27.66	27.65	0.344229	33.247
27.66	27.64	0.344246	33.347
27.66	27.64	0.344262	33.449
27.63	27.64	0.344279	33.547
27.63	27.64	0.344296	33.647
27.63	27.64	0.344312	33.749
27.63	27.64	0.344329	33.847
27.63	27.64	0.344346	33.947
27.63	27.64	0.344362	34.049
27.63	27.64	0.344379	34.147
27.63	27.64	0.344396	34.247
27.63	27.63	0.344412	34.349
27.63	27.63	0.344429	34.446
27.63	27.63	0.344446	34.547
27.63	27.63	0.344462	34.649
27.63	27.63	0.344479	34.747
27.63	27.63	0.344495	34.847
27.63	27.63	0.344512	34.949
27.63	27.63	0.344529	35.047
27.63	27.63	0.344545	35.147
27.63	27.63	0.344562	35.249
27.63	27.63	0.344579	35.348
27.61	27.63	0.344595	35.446
27.61	27.63	0.344612	35.549
27.61	27.63	0.344629	35.647
27.61	27.63	0.344645	35.747
27.61	27.63	0.344662	35.849
27.61	27.63	0.344679	35.947
27.61	27.63	0.344695	36.047
27.61	27.63	0.344712	36.149
27.61	27.63	0.344729	36.248
27.61	27.63	0.344745	36.347
27.61	27.63	0.344762	36.449
27.61	27.63	0.344779	36.547
27.61	27.63	0.344795	36.647
27.63	27.63	0.344812	36.748
27.63	27.63	0.344829	36.847
27.63	27.63	0.344845	36.947
27.63	27.63	0.344862	37.049
27.63	27.64	0.344879	37.176
27.63	27.64	0.344895	37.271
27.63	27.64	0.344912	37.349
27.63	27.64	0.344929	37.475
27.63	27.64	0.344945	37.570
27.63	27.64	0.344962	37.648
27.63	27.64	0.344979	37.774
27.63	27.64	0.344995	37.868
27.63	27.64	0.345012	37.948
27.63	27.65	0.345029	38.074
27.63	27.65	0.345045	38.168
27.63	27.65	0.345062	38.273
27.63	27.65	0.345079	38.372
27.63	27.65	0.345095	38.467
27.63	27.66	0.345112	38.571
27.63	27.66	0.345129	38.671
27.63	27.66	0.345145	38.765
27.63	27.66	0.345162	38.870
27.66	27.66	0.345179	38.970
27.66	27.67	0.345195	39.064
27.66	27.67	0.345212	39.169
27.66	27.67	0.345229	39.268
27.66	27.67	0.345245	39.363
27.66	27.67	0.345262	39.467
27.66	27.68	0.345279	39.562
27.66	27.68	0.345295	39.662
27.66	27.68	0.345312	39.766
27.68	27.68	0.345328	39.861
27.68	27.69	0.345345	39.960
27.68	27.69	0.345362	40.066
27.68	27.69	0.345378	40.159
27.68	27.70	0.345395	40.259
27.68	27.70	0.345412	40.364
27.68	27.70	0.345428	40.459
27.68	27.70	0.345445	40.559
27.68	27.71	0.345462	40.663
27.71	27.71	0.345478	40.758
27.71	27.71	0.345495	40.857
27.71	27.72	0.345512	40.962
27.71	27.72	0.345528	41.056
27.71	27.72	0.345545	41.156
27.71	27.73	0.345562	41.261
27.71	27.73	0.345578	41.355
27.71	27.73	0.345595	41.455
27.71	27.74	0.345612	41.559
27.74	27.74	0.345628	41.654
27.74	27.74	0.345645	41.753
27.74	27.75	0.345662	41.858
27.74	27.75	0.345678	41.952
27.74	27.75	0.345695	42.053
27.74	27.76	0.345712	42.157
27.74	27.76	0.345728	42.251
27.76	27.76	0.345745	42.353
27.76	27.77	0.345762	42.456
27.76	27.77	0.345778	42.551
27.76	27.77	0.345795	42.652
27.76	27.78	0.345812	42.755
27.76	27.78	0.345828	42.850
27.76	27.78	0.345845	42.952
27.79	27.79	0.345862	43.054
27.79	27.79	0.345878	43.148
27.79	27.79	0.345895	43.253
27.79	27.80	0.345912	43.352
27.79	27.80	0.345928	43.447
27.79	27.81	0.345945	43.551
27.81	27.81	0.345962	43.651
27.81	27.81	0.345978	43.748
27.81	27.82	0.345995	43.850
27.81	27.82	0.346012	43.950
27.81	27.82	0.346028	44.047
27.81	27.83	0.346045	44.149
27.84	27.83	0.346062	44.248
27.84	27.83	0.346078	44.347
27.84	27.84	0.346095	44.447
27.84	27.84	0.346112	44.548
27.84	27.84	0.346128	44.648
27.84	27.85	0.346145	44.747
27.84	27.85	0.346161	44.848
27.86	27.85	0.346178	44.947
27.86	27.86	0.346195	45.047
27.86	27.86	0.346211	45.147
27.86	27.86	0.346228	45.247
27.86	27.86	0.346245	45.348
27.86	27.87	0.346261	45.447
27.86	27.87	0.346278	45.547
27.86	27.87	0.346295	45.647
27.86	27.88	0.346311	45.748
27.89	27.88	0.346328	45.847
27.89	27.88	0.346345	45.947
27.89	27.88	0.346361	46.047
27.89	27.89	0.346378	46.147
27.89	27.89	0.346395	46.248
27.89	27.89	0.346411	46.347
27.89	27.90	0.346428	46.446
27.89	27.90	0.346445	46.547
27.89	27.90	0.346461	46.648
27.92	27.90	0.346478	46.747
27.92	27.91	0.346495	46.847
27.92	27.91	0.346511	46.947
27.92	27.91	0.346528	47.047
27.92	27.91	0.346545	47.148
27.92	27.91	0.346561	47.247
27.92	27.92	0.346578	47.347
27.92	27.92	0.346595	47.447
27.92	27.92	0.346611	47.547
27.92	27.92	0.346628	47.647
27.92	27.92	0.346645	47.747
27.92	27.93	0.346661	47.848
27.92	27.93	0.346678	47.947
27.94	27.93	0.346695	48.047
27.94	27.93	0.346711	48.147
27.94	27.93	0.346728	48.247
27.94	27.93	0.346745	48.347
27.94	27.93	0.346761	48.447
27.94	27.94	0.346778	48.547
27.94	27.94	0.346795	48.647
27.94	27.94	0.346811	48.748
27.94	27.94	0.346828	48.849
27.94	27.94	0.346845	48.949
27.94	27.94	0.346861	49.049
27.94	27.94	0.346878	49.149
27.94	27.94	0.346895	49.249
27.94	27.94	0.346911	49.349
27.94	27.94	0.346928	49.478
27.94	27.94	0.346945	49.573
27.94	27.94	0.346961	49.673
27.97	27.95	0.346978	49.777
27.97	27.95	0.346994	49.872
27.97	27.95	0.347011	49.972
27.97	27.95	0.347028	50.076
27.97	27.95	0.347044	50.170
27.97	27.95	0.347061	50.272
27.97	27.95	0.347078	50.374
27.97	27.95	0.347094	50.469
27.97	27.95	0.347111	50.572
27.97	27.95	0.347128	50.674
27.97	27.95	0.347144	50.769
27.97	27.95	0.347161	50.871
27.97	27.95	0.347178	50.973
27.97	27.95	0.347194	51.067
27.97	27.94	0.347211	51.172
27.97	27.94	0.347228	51.271
27.97	27.94	0.347244	51.366
27.97	27.94	0.347261	51.471
27.97	27.94	0.347278	51.570
27.94	27.94	0.347294	51.665
27.94	27.94	0.347311	51.769
27.94	27.94	0.347328	51.869
27.94	27.94	0.347344	51.963
27.94	27.94	0.347361	52.068
27.94	27.94	0.347378	52.168
27.94	27.94	0.347394	52.262
27.94	27.94	0.347411	52.367
27.94	27.93	0.347428	52.461
27.94	27.93	0.347444	52.561
27.94	27.93	0.347461	52.665
27.94	27.93	0.347478	52.760
27.94	27.93	0.347494	52.860
27.94	27.93	0.347511	52.965
27.94	27.93	0.347528	53.060
27.94	27.93	0.347544	53.159
27.94	27.92	0.347561	53.264
27.94	27.92	0.347578	53.358
27.94	27.92	0.347594	53.458
27.94	27.92	0.347611	53.562
27.94	27.92	0.347628	53.657
27.94	27.92	0.347644	53.757
27.94	27.91	0.347661	53.861
27.92	27.91	0.347678	53.956
27.92	27.91	0.347694	54.055
27.92	27.91	0.347711	54.160
27.92	27.91	0.347728	54.254
27.92	27.91	0.347744	54.354
27.92	27.90	0.347761	54.458
27.92	27.90	0.347778	54.553
27.92	27.90	0.347794	54.653
27.92	27.90	0.347811	54.757
27.92	27.90	0.347827	54.852
27.92	27.90	0.347844	54.951
27.92	27.89	0.347861	55.057
27.89	27.89	0.347877	55.151
27.89	27.89	0.347894	55.251
27.89	27.89	0.347911	55.356
27.89	27.89	0.347927	55.451
27.89	27.89	0.347944	55.551
27.89	27.88	0.347961	55.654
27.89	27.88	0.347977	55.751
27.89	27.88	0.347994	55.851
27.89	27.88	0.348011	55.953
27.89	27.88	0.348027	56.052
27.89	27.88	0.348044	56.152
27.86	27.87	0.348061	56.253
27.86	27.87	0.348077	56.352
27.86	27.87	0.348094	56.452
27.86	27.87	0.348111	56.552
27.86	27.87	0.348127	56.652
27.86	27.87	0.348144	56.752
27.86	27.86	0.348161	56.852
27.86	27.86	0.348177	56.953
27.86	27.86	0.348194	57.052
27.86	27.86	0.348211	57.152
27.86	27.86	0.348227	57.252
27.86	27.86	0.348244	57.352
27.86	27.86	0.348261	57.452
27.86	27.86	0.348277	57.552
27.86	27.85	0.348294	57.652
27.86	27.85	0.348311	57.752
27.86	27.85	0.348327	57.853
27.86	27.85	0.348344	57.952
27.86	27.85	0.348361	58.052
27.86	27.85	0.348377	58.152
27.86	27.85	0.348394	58.252
27.86	27.85	0.348411	58.352
27.86	27.85	0.348427	58.452
27.86	27.85	0.348444	58.552
27.86	27.85	0.348461	58.652
27.86	27.84	0.348477	58.752
27.86	27.84	0.348494	58.852
27.84	27.84	0.348511	58.952
27.84	27.84	0.348527	59.052
27.84	27.84	0.348544	59.152
27.84	27.84	0.348561	59.252
27.84	27.84	0.348577	59.352
27.84	27.84	0.348594	59.452
27.84	27.84	0.348611	59.552
27.84	27.84	0.348627	59.652
27.84	27.84	0.348644	59.752
27.84	27.84	0.348660	59.852
27.84	27.84	0.348677	59.952
27.84	27.84	0.348694	00.052
27.84	27.84	0.348710	00.152
27.84	27.84	0.348727	00.252
27.84	27.84	0.348744	00.352
27.84	27.84	0.348760	00.452
27.84	27.84	0.348777	00.552
27.84	27.84	0.348794	00.652
27.84	27.85	0.348810	00.752
27.81	27.85	0.348827	00.852
27.81	27.85	0.348844	00.952
27.81	27.85	0.348860	01.053
27.81	27.85	0.348877	01.152
27.81	27.85	0.348894	01.252
27.81	27.85	0.348910	01.351
27.81	27.85	0.348927	01.452
27.84	27.85	0.348944	01.576
27.84	27.85	0.348960	01.676
27.84	27.86	0.348977	01.780
27.84	27.86	0.348994	01.875
27.84	27.86	0.349010	01.975
27.84	27.86	0.349027	02.079
27.84	27.86	0.349044	02.174
27.84	27.86	0.349060	02.273
27.84	27.86	0.349077	02.378
27.86	27.87	0.349094	02.472
27.86	27.87	0.349110	02.572
27.86	27.87	0.349127	02.676
27.86	27.87	0.349144	02.771
27.86	27.87	0.349160	02.871
27.86	27.88	0.349177	02.975
27.86	27.88	0.349194	03.070
27.86	27.88	0.349210	03.170
27.86	27.88	0.349227	03.274
27.86	27.89	0.349244	03.368
27.89	27.89	0.349260	03.470
27.89	27.89	0.349277	03.573
27.89	27.89	0.349294	03.667
27.89	27.90	0.349310	03.770
27.89	27.90	0.349327	03.871
27.89	27.90	0.349344	03.966
27.89	27.90	0.349360	04.070
27.89	27.91	0.349377	04.171
27.89	27.91	0.349394	04.265
27.89	27.91	0.349410	04.370
27.89	27.91	0.349427	04.470
27.92	27.92	0.349444	04.564
27.92	27.92	0.349460	04.669
27.92	27.92	0.349477	04.768
27.92	27.93	0.349493	04.863
27.92	27.93	0.349510	04.967
27.92	27.93	0.349527	05.066
27.92	27.94	0.349543	05.162
27.92	27.94	0.349560	05.267
27.92	27.94	0.349577	05.366
27.92	27.95	0.349593	05.461
27.94	27.95	0.349610	05.565
27.94	27.95	0.349627	05.660
27.94	27.96	0.349643	05.760
27.94	27.96	0.349660	05.864
27.94	27.96	0.349677	05.959
27.94	27.97	0.349693	06.058
27.94	27.97	0.349710	06.163
27.97	27.97	0.349727	06.257
27.97	27.98	0.349743	06.357
27.97	27.98	0.349760	06.461
27.97	27.98	0.349777	06.556
27.97	27.99	0.349793	06.655
27.97	27.99	0.349810	06.760
27.97	27.99	0.349827	06.855
27.99	28.00	0.349843	06.954
27.99	28.00	0.349860	07.059
