100.00	0.00	7.23	30.00	150.00	2.70	97.30	0.50	

25.00	12.00	0.000000	36.769
25.00	12.00	0.000017	36.873
24.92	12.00	0.000033	36.967
24.63	12.00	0.000050	37.069
24.40	12.00	0.000067	37.172
23.81	12.00	0.000083	37.266
21.66	12.00	0.000100	37.368
21.58	12.00	0.000117	37.470
21.20	12.00	0.000133	37.565
20.68	12.00	0.000150	37.668
20.40	12.00	0.000167	37.770
19.80	12.00	0.000183	37.864
19.18	12.00	0.000200	37.969
18.87	12.00	0.000217	38.068
18.27	12.00	0.000233	38.165
17.97	12.00	0.000250	38.269
17.40	12.00	0.000267	38.369
16.86	12.00	0.000283	38.464
16.61	12.00	0.000300	38.568
16.12	12.00	0.000317	38.669
15.68	12.00	0.000333	38.762
15.48	12.00	0.000350	38.868
15.12	12.00	0.000367	38.967
14.79	12.00	0.000383	39.062
14.63	12.00	0.000400	39.166
14.35	12.00	0.000416	39.261
14.07	12.00	0.000433	39.360
13.94	12.00	0.000450	39.465
13.71	12.00	0.000466	39.560
13.45	12.00	0.000483	39.659
13.35	12.00	0.000500	39.764
13.12	12.00	0.000516	39.858
12.89	12.00	0.000533	39.958
12.79	12.00	0.000550	40.062
12.58	12.00	0.000566	40.158
12.38	12.00	0.000583	40.258
12.30	12.00	0.000600	40.361
12.09	12.00	0.000616	40.459
11.92	12.00	0.000633	40.558
11.84	12.00	0.000650	40.660
11.68	12.00	0.000666	40.758
11.56	12.00	0.000683	40.858
11.48	12.00	0.000700	40.959
11.35	12.00	0.000716	41.058
11.25	12.00	0.000733	41.158
11.20	12.00	0.000750	41.258
11.09	12.00	0.000766	41.358
10.99	12.00	0.000783	41.458
10.97	12.00	0.000800	41.558
10.89	12.00	0.000816	41.658
10.84	12.00	0.000833	41.758
10.84	12.00	0.000850	41.858
10.79	12.00	0.000866	41.960
10.71	12.00	0.000883	42.059
10.71	12.00	0.000900	42.159
10.66	12.00	0.000916	42.259
10.66	12.00	0.000933	42.359
10.61	12.00	0.000950	42.459
10.61	12.00	0.000966	42.559
10.56	12.00	0.000983	42.659
10.56	12.00	0.001000	42.759
10.56	12.00	0.001016	42.860
10.53	12.00	0.001033	42.959
10.53	12.00	0.001050	43.059
10.50	12.00	0.001066	43.160
10.50	12.00	0.001083	43.260
10.50	12.00	0.001100	43.360
10.50	12.00	0.001116	43.460
10.50	12.00	0.001133	43.560
10.50	12.00	0.001150	43.660
10.50	12.00	0.001166	43.761
10.50	12.00	0.001183	43.860
10.53	12.00	0.001200	43.960
10.58	12.00	0.001216	44.060
10.61	12.00	0.001233	44.160
10.68	12.00	0.001250	44.260
10.76	12.00	0.001266	44.360
10.81	12.00	0.001283	44.461
10.86	12.00	0.001299	44.560
10.86	12.00	0.001316	44.660
10.92	12.00	0.001333	44.760
10.92	12.00	0.001349	44.860
10.94	12.00	0.001366	44.960
10.94	12.00	0.001383	45.060
10.94	12.00	0.001399	45.160
10.97	12.00	0.001416	45.260
10.99	12.00	0.001433	45.361
11.04	12.00	0.001449	45.460
11.09	12.00	0.001466	45.560
11.09	12.00	0.001483	45.660
11.17	12.00	0.001499	45.760
11.22	12.00	0.001516	45.865
11.22	12.00	0.001533	45.960
11.27	12.00	0.001549	46.084
11.27	12.00	0.001566	46.189
11.30	12.00	0.001583	46.289
11.35	12.00	0.001599	46.383
11.35	12.00	0.001616	46.488
11.40	12.00	0.001633	46.587
11.40	12.00	0.001649	46.682
11.40	12.00	0.001666	46.786
11.45	12.00	0.001683	46.886
11.48	12.00	0.001699	46.980
11.48	12.00	0.001716	47.085
11.53	12.00	0.001733	47.180
11.53	12.00	0.001749	47.279
11.58	12.00	0.001766	47.384
11.58	12.00	0.001783	47.478
11.61	12.00	0.001799	47.578
11.61	12.00	0.001816	47.682
11.61	12.00	0.001833	47.777
11.66	12.00	0.001849	47.877
11.66	12.00	0.001866	47.982
11.68	12.00	0.001883	48.077
11.68	12.00	0.001899	48.176
11.71	12.00	0.001916	48.281
11.71	12.00	0.001933	48.375
11.76	12.00	0.001949	48.475
11.76	12.00	0.001966	48.579
11.76	12.00	0.001983	48.674
11.79	12.00	0.001999	48.774
11.79	12.00	0.002016	48.878
11.81	12.00	0.002033	48.973
11.81	12.00	0.002049	49.072
11.81	12.00	0.002066	49.176
11.84	12.00	0.002082	49.271
11.84	12.00	0.002099	49.371
11.84	12.00	0.002116	49.476
11.86	12.00	0.002132	49.571
11.86	12.00	0.002149	49.670
11.86	12.00	0.002166	49.775
11.89	12.00	0.002182	49.869
11.89	12.00	0.002199	49.969
11.92	12.00	0.002216	50.073
11.92	12.00	0.002232	50.168
11.92	12.00	0.002249	50.270
11.94	12.00	0.002266	50.372
11.94	12.00	0.002282	50.467
11.94	12.00	0.002299	50.569
11.94	12.00	0.002316	50.671
11.97	12.00	0.002332	50.765
11.97	12.00	0.002349	50.869
11.97	12.00	0.002366	50.969
11.97	12.00	0.002382	51.064
11.97	12.00	0.002399	51.169
11.99	12.00	0.002416	51.269
11.99	12.00	0.002432	51.363
11.99	12.00	0.002449	51.468
11.99	12.00	0.002466	51.567
11.99	12.00	0.002482	51.662
11.99	12.00	0.002499	51.766
11.99	12.00	0.002516	51.866
11.99	12.00	0.002532	51.961
11.99	12.00	0.002549	52.065
11.99	12.00	0.002566	52.165
11.99	12.00	0.002582	52.261
11.99	12.00	0.002599	52.364
11.99	12.00	0.002616	52.465
11.99	12.00	0.002632	52.561
11.99	12.00	0.002649	52.663
11.99	12.00	0.002666	52.764
11.99	12.00	0.002682	52.861
11.97	12.00	0.002699	52.961
11.97	12.00	0.002716	53.064
11.97	12.00	0.002732	53.161
11.97	12.00	0.002749	53.261
11.97	12.00	0.002766	53.365
11.97	12.00	0.002782	53.461
11.97	12.00	0.002799	53.561
11.97	12.00	0.002816	53.664
11.97	12.00	0.002832	53.761
11.97	12.00	0.002849	53.861
11.97	12.00	0.002866	53.964
11.97	12.00	0.002882	54.061
11.99	12.00	0.002899	54.161
11.99	12.00	0.002915	54.264
11.99	12.00	0.002932	54.361
11.99	12.00	0.002949	54.461
11.99	12.00	0.002965	54.564
11.99	12.00	0.002982	54.662
11.99	12.00	0.002999	54.762
11.99	12.00	0.003015	54.864
11.99	12.00	0.003032	54.963
11.99	12.00	0.003049	55.062
11.99	12.00	0.003065	55.164
11.99	12.00	0.003082	55.262
11.99	12.00	0.003099	55.362
11.99	12.00	0.003115	55.464
11.99	12.00	0.003132	55.562
11.99	12.00	0.003149	55.662
11.99	12.00	0.003165	55.764
11.99	12.00	0.003182	55.863
11.99	12.00	0.003199	55.963
11.99	12.00	0.003215	56.064
11.99	12.00	0.003232	56.163
11.99	12.00	0.003249	56.263
11.99	12.00	0.003265	56.363
11.99	12.00	0.003282	56.463
11.99	12.00	0.003299	56.564
11.99	12.00	0.003315	56.664
11.99	12.00	0.003332	56.763
11.99	12.00	0.003349	56.863
11.99	12.00	0.003365	56.964
11.99	12.00	0.003382	57.063
11.99	12.00	0.003399	57.163
11.99	12.00	0.003415	57.263
11.99	12.00	0.003432	57.363
11.99	12.00	0.003449	57.464
11.99	12.00	0.003465	57.564
11.99	12.00	0.003482	57.663
11.99	12.00	0.003499	57.763
11.99	12.00	0.003515	57.864
11.99	12.00	0.003532	57.962
11.99	12.00	0.003549	58.062
11.99	12.00	0.003565	58.163
11.99	12.00	0.003582	58.291
11.99	12.00	0.003599	58.386
11.99	12.00	0.003615	58.463
11.99	12.00	0.003632	58.590
11.99	12.00	0.003649	58.684
11.99	12.00	0.003665	58.764
11.99	12.00	0.003682	58.888
11.99	12.00	0.003699	58.983
11.99	12.00	0.003715	59.064
11.99	12.00	0.003732	59.187
11.99	12.00	0.003748	59.283
11.99	12.00	0.003765	59.387
11.99	12.00	0.003782	59.487
11.99	12.00	0.003798	59.581
11.99	12.00	0.003815	59.686
11.99	12.00	0.003832	59.785
11.99	12.00	0.003848	59.880
11.99	12.00	0.003865	59.985
11.99	12.00	0.003882	00.084
11.99	12.00	0.003898	00.179
11.99	12.00	0.003915	00.283
11.99	12.00	0.003932	00.378
11.99	12.00	0.003948	00.477
11.99	12.00	0.003965	00.582
11.99	12.00	0.003982	00.677
11.99	12.00	0.003998	00.776
11.99	12.00	0.004015	00.881
11.99	12.00	0.004032	00.975
11.99	12.00	0.004048	01.075
11.99	12.00	0.004065	01.179
11.99	12.00	0.004082	01.274
11.99	12.00	0.004098	01.373
11.99	12.00	0.004115	01.478
11.99	12.00	0.004132	01.573
11.99	12.00	0.004148	01.673
11.99	12.00	0.004165	01.777
11.99	12.00	0.004182	01.872
11.99	12.00	0.004198	01.971
11.99	12.00	0.004215	02.076
11.99	12.00	0.004232	02.171
11.99	12.00	0.004248	02.270
11.99	12.00	0.004265	02.375
11.99	12.00	0.004282	02.469
11.99	12.00	0.004298	02.569
11.99	12.00	0.004315	02.673
11.99	12.00	0.004332	02.768
11.99	12.00	0.004348	02.868
11.99	12.00	0.004365	02.973
11.99	12.00	0.004382	03.068
11.99	12.00	0.004398	03.167
11.99	12.00	0.004415	03.272
11.99	12.00	0.004432	03.366
11.99	12.00	0.004448	03.467
11.99	12.00	0.004465	03.570
11.99	12.00	0.004482	03.665
11.99	12.00	0.004498	03.767
11.99	12.00	0.004515	03.869
11.99	12.00	0.004532	03.963
11.99	12.00	0.004548	04.067
11.99	12.00	0.004565	04.168
11.99	12.00	0.004581	04.263
11.99	12.00	0.004598	04.367
11.99	12.00	0.004615	04.467
11.99	12.00	0.004631	04.563
11.99	12.00	0.004648	04.666
11.99	12.00	0.004665	04.766
11.99	12.00	0.004681	04.863
11.99	12.00	0.004698	04.965
11.99	12.00	0.004715	05.064
11.99	12.00	0.004731	05.163
11.99	12.00	0.004748	05.263
11.99	12.00	0.004765	05.363
11.99	12.00	0.004781	05.464
11.99	12.00	0.004798	05.564
11.99	12.00	0.004815	05.663
12.02	12.00	0.004831	05.763
12.02	12.00	0.004848	05.863
12.02	12.00	0.004865	05.963
12.02	12.00	0.004881	06.063
12.02	12.00	0.004898	06.163
12.02	12.00	0.004915	06.264
12.02	12.00	0.004931	06.363
12.02	12.00	0.004948	06.463
11.99	12.00	0.004965	06.563
11.99	12.00	0.004981	06.663
11.99	12.00	0.004998	06.763
11.99	12.00	0.005015	06.863
11.99	12.00	0.005031	06.964
11.99	12.00	0.005048	07.064
11.99	12.00	0.005065	07.165
11.99	12.00	0.005081	07.264
11.99	12.00	0.005098	07.364
11.99	12.00	0.005115	07.464
11.99	12.00	0.005131	07.564
11.99	12.00	0.005148	07.664
11.99	12.00	0.005165	07.764
11.99	12.00	0.005181	07.864
11.99	12.00	0.005198	07.965
11.99	12.00	0.005215	08.064
11.99	12.00	0.005231	08.164
11.99	12.00	0.005248	08.264
11.99	12.00	0.005265	08.364
11.99	12.00	0.005281	08.464
11.99	12.00	0.005298	08.564
11.99	12.00	0.005315	08.664
11.99	12.00	0.005331	08.765
11.99	12.00	0.005348	08.864
11.99	12.00	0.005365	08.964
11.99	12.00	0.005381	09.064
11.99	12.00	0.005398	09.164
11.99	12.00	0.005414	09.264
11.99	12.00	0.005431	09.364
11.99	12.00	0.005448	09.465
11.99	12.00	0.005464	09.564
11.99	12.00	0.005481	09.664
11.99	12.00	0.005498	09.764
11.99	12.00	0.005514	09.864
11.99	12.00	0.005531	09.964
11.99	12.00	0.005548	10.064
11.99	12.00	0.005564	10.164
11.99	12.00	0.005581	10.264
11.99	12.00	0.005598	10.388
11.99	12.00	0.005614	10.488
11.99	12.00	0.005631	10.564
11.99	12.00	0.005648	10.687
11.99	12.00	0.005664	10.787
12.02	12.00	0.005681	10.892
12.02	12.00	0.005698	10.987
12.02	12.00	0.005714	11.086
12.02	12.00	0.005731	11.191
12.02	12.00	0.005748	11.286
12.02	12.00	0.005764	11.386
12.02	12.00	0.005781	11.490
12.02	12.00	0.005798	11.584
12.02	12.00	0.005814	11.686
12.02	12.00	0.005831	11.788
11.99	12.00	0.005848	11.883
11.99	12.00	0.005864	11.987
11.99	12.00	0.005881	12.087
11.99	12.00	0.005898	12.182
11.99	12.00	0.005914	12.286
11.99	12.00	0.005931	12.386
11.99	12.00	0.005948	12.480
11.99	12.00	0.005964	12.585
11.99	12.00	0.005981	12.685
11.99	12.00	0.005998	12.779
11.99	12.00	0.006014	12.884
11.99	12.00	0.006031	12.983
11.99	12.00	0.006048	13.078
11.99	12.00	0.006064	13.182
11.99	12.00	0.006081	13.282
11.99	12.00	0.006098	13.377
11.99	12.00	0.006114	13.481
11.99	12.00	0.006131	13.576
11.99	12.00	0.006148	13.675
11.99	12.00	0.006164	13.780
11.99	12.00	0.006181	13.875
11.99	12.00	0.006198	13.975
11.99	12.00	0.006214	14.079
11.99	12.00	0.006231	14.174
11.99	12.00	0.006247	14.274
11.99	12.00	0.006264	14.378
11.99	12.00	0.006281	14.473
11.99	12.00	0.006297	14.572
11.99	12.00	0.006314	14.677
11.99	12.00	0.006331	14.771
11.99	12.00	0.006347	14.871
11.99	12.00	0.006364	14.975
11.99	12.00	0.006381	15.070
11.99	12.00	0.006397	15.170
11.99	12.00	0.006414	15.274
11.99	12.00	0.006431	15.369
12.02	12.00	0.006447	15.468
12.02	12.00	0.006464	15.573
12.02	12.00	0.006481	15.668
12.02	12.00	0.006497	15.768
12.02	12.00	0.006514	15.873
12.02	12.00	0.006531	15.967
12.02	12.00	0.006547	16.067
12.02	12.00	0.006564	16.171
12.02	12.00	0.006581	16.266
11.99	12.00	0.006597	16.365
11.99	12.00	0.006614	16.469
11.99	12.00	0.006631	16.564
11.99	12.00	0.006647	16.666
11.99	12.00	0.006664	16.768
11.99	12.00	0.006681	16.864
11.99	12.00	0.006697	16.965
11.99	12.00	0.006714	17.067
11.99	12.00	0.006731	17.164
11.99	12.00	0.006747	17.265
11.99	12.00	0.006764	17.366
11.99	12.00	0.006781	17.464
11.99	12.00	0.006797	17.566
11.99	12.00	0.006814	17.665
11.99	12.00	0.006831	17.764
11.99	12.00	0.006847	17.864
11.99	12.00	0.006864	17.964
11.99	12.00	0.006881	18.064
11.99	12.00	0.006897	18.164
11.99	12.00	0.006914	18.265
11.99	12.00	0.006931	18.364
11.99	12.00	0.006947	18.464
11.99	12.00	0.006964	18.564
11.99	12.00	0.006981	18.664
11.99	12.00	0.006997	18.764
11.99	12.00	0.007014	18.864
12.02	12.00	0.007031	18.964
12.02	12.00	0.007047	19.064
12.02	12.00	0.007064	19.165
12.02	12.00	0.007080	19.264
12.02	12.00	0.007097	19.364
12.02	12.00	0.007114	19.464
12.02	12.00	0.007130	19.564
12.02	12.00	0.007147	19.664
11.99	12.00	0.007164	19.764
11.99	12.00	0.007180	19.864
11.99	12.00	0.007197	19.964
11.99	12.00	0.007214	20.065
11.99	12.00	0.007230	20.164
11.99	12.00	0.007247	20.264
11.99	12.00	0.007264	20.364
11.99	12.00	0.007280	20.464
11.99	12.00	0.007297	20.564
11.99	12.00	0.007314	20.663
11.99	12.00	0.007330	20.765
11.99	12.00	0.007347	20.864
11.99	12.00	0.007364	20.964
11.99	12.00	0.007380	21.064
11.99	12.00	0.007397	21.164
11.99	12.00	0.007414	21.264
11.99	12.00	0.007430	21.364
11.99	12.00	0.007447	21.464
11.99	12.00	0.007464	21.564
11.99	12.00	0.007480	21.665
11.99	12.00	0.007497	21.764
11.99	12.00	0.007514	21.864
11.99	12.00	0.007530	21.964
11.99	12.00	0.007547	22.064
11.99	12.00	0.007564	22.164
11.99	12.00	0.007580	22.264
12.02	12.00	0.007597	22.365
12.02	12.00	0.007614	22.464
12.02	12.00	0.007630	22.564
12.02	12.00	0.007647	22.664
12.02	12.00	0.007664	22.764
12.02	12.00	0.007680	22.864
12.02	12.00	0.007697	22.964
12.02	12.00	0.007714	23.064
12.02	12.00	0.007730	23.164
12.02	12.00	0.007747	23.288
12.02	12.00	0.007764	23.388
11.99	12.00	0.007780	23.493
11.99	12.00	0.007797	23.587
11.99	12.00	0.007814	23.687
11.99	12.00	0.007830	23.791
11.99	12.00	0.007847	23.886
11.99	12.00	0.007864	23.985
11.99	12.00	0.007880	24.090
11.99	12.00	0.007897	24.184
11.99	12.00	0.007913	24.285
11.99	12.00	0.007930	24.389
11.99	12.00	0.007947	24.484
11.99	12.00	0.007963	24.584
11.99	12.00	0.007980	24.688
11.99	12.00	0.007997	24.782
11.99	12.00	0.008013	24.885
11.99	12.00	0.008030	24.987
11.99	12.00	0.008047	25.081
11.99	12.00	0.008063	25.185
11.99	12.00	0.008080	25.285
11.99	12.00	0.008097	25.380
11.99	12.00	0.008113	25.484
11.99	12.00	0.008130	25.584
11.99	12.00	0.008147	25.678
11.99	12.00	0.008163	25.783
11.99	12.00	0.008180	25.883
11.99	12.00	0.008197	25.977
11.99	12.00	0.008213	26.082
11.99	12.00	0.008230	26.181
12.02	12.00	0.008247	26.277
12.02	12.00	0.008263	26.381
12.02	12.00	0.008280	26.481
12.02	12.00	0.008297	26.576
12.02	12.00	0.008313	26.680
12.02	12.00	0.008330	26.775
12.02	12.00	0.008347	26.874
12.02	12.00	0.008363	26.979
12.02	12.00	0.008380	27.073
12.02	12.00	0.008397	27.173
12.02	12.00	0.008413	27.278
11.99	12.00	0.008430	27.372
11.99	12.00	0.008447	27.472
11.99	12.00	0.008463	27.576
11.99	12.00	0.008480	27.671
11.99	12.00	0.008497	27.770
11.99	12.00	0.008513	27.875
11.99	12.00	0.008530	27.970
11.99	12.00	0.008547	28.069
11.99	12.00	0.008563	28.174
11.99	12.00	0.008580	28.268
11.99	12.00	0.008597	28.368
11.99	12.00	0.008613	28.472
11.99	12.00	0.008630	28.567
11.99	12.00	0.008647	28.667
11.99	12.00	0.008663	28.772
11.99	12.00	0.008680	28.866
11.99	12.00	0.008697	28.966
11.99	12.00	0.008713	29.070
11.99	12.00	0.008730	29.165
11.99	12.00	0.008746	29.264
11.99	12.00	0.008763	29.369
11.99	12.00	0.008780	29.464
11.99	12.00	0.008796	29.565
11.99	12.00	0.008813	29.668
11.99	12.00	0.008830	29.764
11.99	12.00	0.008846	29.864
11.99	12.00	0.008863	29.967
11.99	12.00	0.008880	30.064
11.99	12.00	0.008896	30.164
11.99	12.00	0.008913	30.265
11.99	12.00	0.008930	30.364
11.99	12.00	0.008946	30.465
11.99	12.00	0.008963	30.564
11.99	12.00	0.008980	30.664
11.99	12.00	0.008996	30.764
11.99	12.00	0.009013	30.864
11.99	12.00	0.009030	30.964
11.99	12.00	0.009046	31.064
11.99	12.00	0.009063	31.165
11.99	12.00	0.009080	31.264
11.99	12.00	0.009096	31.364
11.99	12.00	0.009113	31.464
11.99	12.00	0.009130	31.564
11.99	12.00	0.009146	31.664
12.02	12.00	0.009163	31.764
12.02	12.00	0.009180	31.865
12.02	12.00	0.009196	31.965
12.02	12.00	0.009213	32.066
12.02	12.00	0.009230	32.165
12.02	12.00	0.009246	32.265
12.02	12.00	0.009263	32.365
12.02	12.00	0.009280	32.465
12.02	12.00	0.009296	32.565
12.02	12.00	0.009313	32.665
12.02	12.00	0.009330	32.766
12.02	12.00	0.009346	32.865
12.02	12.00	0.009363	32.965
11.99	12.00	0.009380	33.065
11.99	12.00	0.009396	33.165
11.99	12.00	0.009413	33.265
11.99	12.00	0.009430	33.365
11.99	12.00	0.009446	33.465
11.99	12.00	0.009463	33.565
11.99	12.00	0.009480	33.666
11.99	12.00	0.009496	33.765
11.99	12.00	0.009513	33.865
11.99	12.00	0.009530	33.966
11.99	12.00	0.009546	34.066
11.99	12.00	0.009563	34.166
11.99	12.00	0.009579	34.266
11.99	12.00	0.009596	34.366
11.99	12.00	0.009613	34.466
11.99	12.00	0.009629	34.567
11.99	12.00	0.009646	34.666
11.99	12.00	0.009663	34.766
11.99	12.00	0.009679	34.866
11.99	12.00	0.009696	34.966
11.99	12.00	0.009713	35.066
11.99	12.00	0.009729	35.166
11.99	12.00	0.009746	35.267
11.99	12.00	0.009763	35.366
11.99	12.00	0.009779	35.466
11.99	12.00	0.009796	35.590
11.99	12.00	0.009813	35.690
12.02	12.00	0.009829	35.794
12.02	12.00	0.009846	35.889
12.02	12.00	0.009863	35.988
12.02	12.00	0.009879	36.093
12.02	12.00	0.009896	36.187
12.02	12.00	0.009913	36.287
12.02	12.00	0.009929	36.392
12.02	12.00	0.009946	36.486
12.02	12.00	0.009963	36.586
12.02	12.00	0.009979	36.691
12.02	12.00	0.009996	36.785
11.99	12.00	0.010013	36.885
11.99	12.00	0.010029	36.990
11.99	12.00	0.010046	37.084
11.99	12.00	0.010063	37.184
11.99	12.00	0.010079	37.288
11.99	12.00	0.010096	37.383
11.99	12.00	0.010113	37.483
11.99	12.00	0.010129	37.587
11.99	12.00	0.010146	37.681
11.99	12.00	0.010163	37.783
11.99	12.00	0.010179	37.886
11.99	12.00	0.010196	37.980
11.99	12.00	0.010213	38.083
11.99	12.00	0.010229	38.184
11.99	12.00	0.010246	38.279
11.99	12.00	0.010263	38.383
11.99	12.00	0.010279	38.483
11.99	12.00	0.010296	38.578
11.99	12.00	0.010313	38.683
11.99	12.00	0.010329	38.782
11.99	12.00	0.010346	38.877
11.99	12.00	0.010363	38.982
11.99	12.00	0.010379	39.081
11.99	12.00	0.010396	39.176
11.99	12.00	0.010412	39.280
11.99	12.00	0.010429	39.380
12.02	12.00	0.010446	39.475
12.02	12.00	0.010462	39.579
12.02	12.00	0.010479	39.679
12.02	12.00	0.010496	39.773
12.02	12.00	0.010512	39.878
12.02	12.00	0.010529	39.973
12.02	12.00	0.010546	40.073
12.02	12.00	0.010562	40.177
12.02	12.00	0.010579	40.272
12.02	12.00	0.010596	40.371
11.99	12.00	0.010612	40.476
11.99	12.00	0.010629	40.570
11.99	12.00	0.010646	40.670
11.99	12.00	0.010662	40.774
11.99	12.00	0.010679	40.869
11.99	12.00	0.010696	40.968
11.99	12.00	0.010712	41.073
11.99	12.00	0.010729	41.169
11.99	12.00	0.010746	41.268
11.99	12.00	0.010762	41.372
11.99	12.00	0.010779	41.468
11.99	12.00	0.010796	41.568
11.99	12.00	0.010812	41.670
11.99	12.00	0.010829	41.768
11.99	12.00	0.010846	41.868
11.99	12.00	0.010862	41.969
11.99	12.00	0.010879	42.069
11.99	12.00	0.010896	42.168
11.99	12.00	0.010912	42.268
11.99	12.00	0.010929	42.368
11.99	12.00	0.010946	42.468
11.99	12.00	0.010962	42.568
11.99	12.00	0.010979	42.668
11.99	12.00	0.010996	42.768
11.99	12.00	0.011012	42.868
11.99	12.00	0.011029	42.968
11.99	12.00	0.011046	43.068
11.99	12.00	0.011062	43.168
11.99	12.00	0.011079	43.268
11.99	12.00	0.011096	43.368
11.99	12.00	0.011112	43.468
12.02	12.00	0.011129	43.569
12.02	12.00	0.011146	43.668
12.02	12.00	0.011162	43.768
12.02	12.00	0.011179	43.868
12.02	12.00	0.011196	43.968
12.02	12.00	0.011212	44.068
12.02	12.00	0.011229	44.168
12.02	12.00	0.011245	44.268
12.02	12.00	0.011262	44.368
12.02	12.00	0.011279	44.469
12.02	12.00	0.011295	44.568
11.99	12.00	0.011312	44.668
11.99	12.00	0.011329	44.768
11.99	12.00	0.011345	44.868
11.99	12.00	0.011362	44.968
11.99	12.00	0.011379	45.068
11.99	12.00	0.011395	45.168
11.99	12.00	0.011412	45.269
11.99	12.00	0.011429	45.368
11.99	12.00	0.011445	45.468
11.99	12.00	0.011462	45.568
11.99	12.00	0.011479	45.668
11.99	12.00	0.011495	45.768
11.99	12.00	0.011512	45.868
11.99	12.00	0.011529	45.969
11.99	12.00	0.011545	46.068
11.99	12.00	0.011562	46.168
11.99	12.00	0.011579	46.268
11.99	12.00	0.011595	46.368
11.99	12.00	0.011612	46.468
11.99	12.00	0.011629	46.568
11.99	12.00	0.011645	46.669
11.99	12.00	0.011662	46.768
11.99	12.00	0.011679	46.868
11.99	12.00	0.011695	46.968
11.99	12.00	0.011712	47.068
12.02	12.00	0.011729	47.168
12.02	12.00	0.011745	47.268
12.02	12.00	0.011762	47.368
12.02	12.00	0.011779	47.468
12.02	12.00	0.011795	47.569
12.02	12.00	0.011812	47.668
12.02	12.00	0.011829	47.797
12.02	12.00	0.011845	47.892
12.02	12.00	0.011862	47.991
12.02	12.00	0.011879	48.096
12.02	12.00	0.011895	48.190
11.99	12.00	0.011912	48.290
11.99	12.00	0.011929	48.394
11.99	12.00	0.011945	48.489
11.99	12.00	0.011962	48.589
11.99	12.00	0.011979	48.694
11.99	12.00	0.011995	48.788
11.99	12.00	0.012012	48.888
11.99	12.00	0.012029	48.992
11.99	12.00	0.012045	49.087
11.99	12.00	0.012062	49.186
11.99	12.00	0.012078	49.291
11.99	12.00	0.012095	49.386
11.99	12.00	0.012112	49.485
11.99	12.00	0.012128	49.590
11.99	12.00	0.012145	49.684
11.99	12.00	0.012162	49.784
11.99	12.00	0.012178	49.888
11.99	12.00	0.012195	49.983
11.99	12.00	0.012212	50.083
11.99	12.00	0.012228	50.187
11.99	12.00	0.012245	50.282
11.99	12.00	0.012262	50.382
11.99	12.00	0.012278	50.487
11.99	12.00	0.012295	50.580
11.99	12.00	0.012312	50.681
11.99	12.00	0.012328	50.785
11.99	12.00	0.012345	50.880
11.99	12.00	0.012362	50.982
11.99	12.00	0.012378	51.084
11.99	12.00	0.012395	51.179
12.02	12.00	0.012412	51.281
12.02	12.00	0.012428	51.383
12.02	12.00	0.012445	51.477
12.02	12.00	0.012462	51.581
12.02	12.00	0.012478	51.682
12.02	12.00	0.012495	51.777
12.02	12.00	0.012512	51.881
12.02	12.00	0.012528	51.980
12.02	12.00	0.012545	52.075
11.99	12.00	0.012562	52.179
11.99	12.00	0.012578	52.279
11.99	12.00	0.012595	52.374
11.99	12.00	0.012612	52.478
11.99	12.00	0.012628	52.578
11.99	12.00	0.012645	52.672
11.99	12.00	0.012662	52.778
11.99	12.00	0.012678	52.877
11.99	12.00	0.012695	52.971
11.99	12.00	0.012712	53.076
11.99	12.00	0.012728	53.170
11.99	12.00	0.012745	53.270
11.99	12.00	0.012762	53.375
11.99	12.00	0.012778	53.470
11.99	12.00	0.012795	53.569
11.99	12.00	0.012812	53.674
11.99	12.00	0.012828	53.769
11.99	12.00	0.012845	53.868
11.99	12.00	0.012862	53.973
11.99	12.00	0.012878	54.068
11.99	12.00	0.012895	54.168
11.99	12.00	0.012911	54.271
11.99	12.00	0.012928	54.368
11.99	12.00	0.012945	54.468
12.02	12.00	0.012961	54.570
12.02	12.00	0.012978	54.669
12.02	12.00	0.012995	54.768
12.02	12.00	0.013011	54.869
12.02	12.00	0.013028	54.968
12.02	12.00	0.013045	55.068
12.02	12.00	0.013061	55.168
12.02	12.00	0.013078	55.268
12.02	12.00	0.013095	55.369
12.02	12.00	0.013111	55.468
12.02	12.00	0.013128	55.568
11.99	12.00	0.013145	55.668
11.99	12.00	0.013161	55.768
11.99	12.00	0.013178	55.868
11.99	12.00	0.013195	55.968
11.99	12.00	0.013211	56.069
11.99	12.00	0.013228	56.169
11.99	12.00	0.013245	56.270
11.99	12.00	0.013261	56.369
11.99	12.00	0.013278	56.469
11.99	12.00	0.013295	56.569
11.99	12.00	0.013311	56.669
11.99	12.00	0.013328	56.769
11.99	12.00	0.013345	56.870
11.99	12.00	0.013361	56.971
12.02	12.00	0.013378	57.070
12.02	12.00	0.013395	57.170
12.02	12.00	0.013411	57.270
12.02	12.00	0.013428	57.370
12.02	12.00	0.013445	57.470
12.02	12.00	0.013461	57.570
12.02	12.00	0.013478	57.670
11.99	12.00	0.013495	57.770
11.99	12.00	0.013511	57.871
11.99	12.00	0.013528	57.970
11.99	12.00	0.013545	58.070
11.99	12.00	0.013561	58.171
11.99	12.00	0.013578	58.271
11.99	12.00	0.013595	58.371
11.99	12.00	0.013611	58.471
11.99	12.00	0.013628	58.575
11.99	12.00	0.013645	58.671
11.99	12.00	0.013661	58.771
11.99	12.00	0.013678	58.876
11.99	12.00	0.013695	58.971
11.99	12.00	0.013711	59.071
11.99	12.00	0.013728	59.171
11.99	12.00	0.013744	59.271
11.99	12.00	0.013761	59.371
11.99	12.00	0.013778	59.476
11.99	12.00	0.013794	59.571
11.99	12.00	0.013811	59.671
11.99	12.00	0.013828	59.800
11.99	12.00	0.013844	59.900
11.99	12.00	0.013861	59.994
11.99	12.00	0.013878	00.099
11.99	12.00	0.013894	00.198
12.02	12.00	0.013911	00.293
12.02	12.00	0.013928	00.398
12.02	12.00	0.013944	00.497
12.02	12.00	0.013961	00.592
12.02	12.00	0.013978	00.696
12.02	12.00	0.013994	00.796
12.02	12.00	0.014011	00.890
12.02	12.00	0.014028	00.995
12.02	12.00	0.014044	01.090
12.02	12.00	0.014061	01.190
12.02	12.00	0.014078	01.294
12.02	12.00	0.014094	01.389
11.99	12.00	0.014111	01.488
11.99	12.00	0.014128	01.593
11.99	12.00	0.014144	01.687
11.99	12.00	0.014161	01.787
11.99	12.00	0.014178	01.892
11.99	12.00	0.014194	01.987
11.99	12.00	0.014211	02.086
11.99	12.00	0.014228	02.191
11.99	12.00	0.014244	02.285
11.99	12.00	0.014261	02.385
11.99	12.00	0.014278	02.489
11.99	12.00	0.014294	02.584
11.99	12.00	0.014311	02.683
11.99	12.00	0.014328	02.788
11.99	12.00	0.014344	02.883
11.99	12.00	0.014361	02.982
11.99	12.00	0.014378	03.087
11.99	12.00	0.014394	03.181
11.99	12.00	0.014411	03.281
11.99	12.00	0.014428	03.385
11.99	12.00	0.014444	03.480
11.99	12.00	0.014461	03.580
11.99	12.00	0.014478	03.684
11.99	12.00	0.014494	03.779
11.99	12.00	0.014511	03.879
11.99	12.00	0.014528	03.983
11.99	12.00	0.014544	04.077
11.99	12.00	0.014561	04.179
11.99	12.00	0.014577	04.282
11.99	12.00	0.014594	04.377
11.99	12.00	0.014611	04.480
11.99	12.00	0.014627	04.581
11.99	12.00	0.014644	04.676
11.99	12.00	0.014661	04.779
11.99	12.00	0.014677	04.880
11.99	12.00	0.014694	04.975
11.99	12.00	0.014711	05.079
11.99	12.00	0.014727	05.178
11.99	12.00	0.014744	05.275
11.99	12.00	0.014761	05.378
11.99	12.00	0.014777	05.477
11.99	12.00	0.014794	05.575
11.99	12.00	0.014811	05.676
11.99	12.00	0.014827	05.776
12.02	12.00	0.014844	05.875
12.02	12.00	0.014861	05.975
12.02	12.00	0.014877	06.075
12.02	12.00	0.014894	06.175
12.02	12.00	0.014911	06.275
12.02	12.00	0.014927	06.375
12.02	12.00	0.014944	06.475
12.02	12.00	0.014961	06.575
12.02	12.00	0.014977	06.675
12.02	12.00	0.014994	06.776
12.02	12.00	0.015011	06.875
12.02	12.00	0.015027	06.975
11.99	12.00	0.015044	07.075
11.99	12.00	0.015061	07.175
11.99	12.00	0.015077	07.275
11.99	12.00	0.015094	07.375
11.99	12.00	0.015111	07.476
11.99	12.00	0.015127	07.575
11.99	12.00	0.015144	07.675
11.99	12.00	0.015161	07.775
11.99	12.00	0.015177	07.875
11.99	12.00	0.015194	07.975
11.99	12.00	0.015211	08.075
11.99	12.00	0.015227	08.175
11.99	12.00	0.015244	08.275
11.99	12.00	0.015261	08.376
11.99	12.00	0.015277	08.475
12.02	12.00	0.015294	08.575
12.02	12.00	0.015311	08.675
12.02	12.00	0.015327	08.775
12.02	12.00	0.015344	08.875
12.02	12.00	0.015361	08.975
12.02	12.00	0.015377	09.075
12.02	12.00	0.015394	09.175
12.02	12.00	0.015410	09.276
12.02	12.00	0.015427	09.375
12.02	12.00	0.015444	09.475
12.02	12.00	0.015460	09.576
12.02	12.00	0.015477	09.676
12.02	12.00	0.015494	09.776
12.02	12.00	0.015510	09.876
11.99	12.00	0.015527	09.977
11.99	12.00	0.015544	10.076
11.99	12.00	0.015560	10.177
11.99	12.00	0.015577	10.277
11.99	12.00	0.015594	10.377
11.99	12.00	0.015610	10.477
11.99	12.00	0.015627	10.577
11.99	12.00	0.015644	10.677
11.99	12.00	0.015660	10.777
11.99	12.00	0.015677	10.901
11.99	12.00	0.015694	11.006
11.99	12.00	0.015710	11.101
11.99	12.00	0.015727	11.200
11.99	12.00	0.015744	11.305
11.99	12.00	0.015760	11.399
11.99	12.00	0.015777	11.499
11.99	12.00	0.015794	11.603
11.99	12.00	0.015810	11.698
11.99	12.00	0.015827	11.799
11.99	12.00	0.015844	11.902
11.99	12.00	0.015860	11.997
11.99	12.00	0.015877	12.098
11.99	12.00	0.015894	12.201
11.99	12.00	0.015910	12.295
11.99	12.00	0.015927	12.398
11.99	12.00	0.015944	12.499
12.02	12.00	0.015960	12.595
12.02	12.00	0.015977	12.699
12.02	12.00	0.015994	12.799
12.02	12.00	0.016010	12.894
12.02	12.00	0.016027	12.998
12.02	12.00	0.016044	13.098
12.02	12.00	0.016060	13.192
12.02	12.00	0.016077	13.297
12.02	12.00	0.016094	13.396
11.99	12.00	0.016110	13.491
11.99	12.00	0.016127	13.596
11.99	12.00	0.016144	13.695
11.99	12.00	0.016160	13.790
11.99	12.00	0.016177	13.894
11.99	12.00	0.016194	13.994
11.99	12.00	0.016210	14.088
11.99	12.00	0.016227	14.193
11.99	12.00	0.016244	14.288
11.99	12.00	0.016260	14.387
11.99	12.00	0.016277	14.492
11.99	12.00	0.016293	14.586
11.99	12.00	0.016310	14.686
11.99	12.00	0.016327	14.790
11.99	12.00	0.016343	14.886
11.99	12.00	0.016360	14.985
11.99	12.00	0.016377	15.090
11.99	12.00	0.016393	15.185
11.99	12.00	0.016410	15.284
11.99	12.00	0.016427	15.389
11.99	12.00	0.016443	15.483
11.99	12.00	0.016460	15.582
11.99	12.00	0.016477	15.687
11.99	12.00	0.016493	15.781
11.99	12.00	0.016510	15.882
11.99	12.00	0.016527	15.986
11.99	12.00	0.016543	16.081
12.02	12.00	0.016560	16.180
12.02	12.00	0.016577	16.285
12.02	12.00	0.016593	16.379
12.02	12.00	0.016610	16.479
12.02	12.00	0.016627	16.583
12.02	12.00	0.016643	16.679
12.02	12.00	0.016660	16.779
12.02	12.00	0.016677	16.883
12.02	12.00	0.016693	16.979
12.02	12.00	0.016710	17.079
12.02	12.00	0.016727	17.181
12.02	12.00	0.016743	17.279
11.99	12.00	0.016760	17.380
11.99	12.00	0.016777	17.480
11.99	12.00	0.016793	17.579
11.99	12.00	0.016810	17.679
11.99	12.00	0.016827	17.779
11.99	12.00	0.016843	17.879
11.99	12.00	0.016860	17.979
11.99	12.00	0.016877	18.079
11.99	12.00	0.016893	18.179
11.99	12.00	0.016910	18.280
11.99	12.00	0.016927	18.379
11.99	12.00	0.016943	18.479
11.99	12.00	0.016960	18.579
11.99	12.00	0.016977	18.679
11.99	12.00	0.016993	18.779
11.99	12.00	0.017010	18.879
11.99	12.00	0.017027	18.979
11.99	12.00	0.017043	19.079
11.99	12.00	0.017060	19.180
11.99	12.00	0.017077	19.279
11.99	12.00	0.017093	19.378
11.99	12.00	0.017110	19.479
11.99	12.00	0.017126	19.579
11.99	12.00	0.017143	19.679
11.99	12.00	0.017160	19.779
11.99	12.00	0.017176	19.880
11.99	12.00	0.017193	19.979
11.99	12.00	0.017210	20.079
12.02	12.00	0.017226	20.179
12.02	12.00	0.017243	20.279
12.02	12.00	0.017260	20.379
12.02	12.00	0.017276	20.479
12.02	12.00	0.017293	20.580
12.02	12.00	0.017310	20.679
12.02	12.00	0.017326	20.779
12.02	12.00	0.017343	20.879
12.02	12.00	0.017360	20.979
12.02	12.00	0.017376	21.079
12.02	12.00	0.017393	21.179
11.99	12.00	0.017410	21.279
11.99	12.00	0.017426	21.379
11.99	12.00	0.017443	21.479
11.99	12.00	0.017460	21.579
11.99	12.00	0.017476	21.679
11.99	12.00	0.017493	21.779
11.99	12.00	0.017510	21.879
11.99	12.00	0.017526	21.979
11.99	12.00	0.017543	22.079
11.99	12.00	0.017560	22.180
11.99	12.00	0.017576	22.279
11.99	12.00	0.017593	22.379
11.99	12.00	0.017610	22.479
11.99	12.00	0.017626	22.579
11.99	12.00	0.017643	22.679
11.99	12.00	0.017660	22.779
11.99	12.00	0.017676	22.879
11.99	12.00	0.017693	22.979
11.99	12.00	0.017710	23.104
11.99	12.00	0.017726	23.203
12.02	12.00	0.017743	23.308
12.02	12.00	0.017760	23.402
12.02	12.00	0.017776	23.502
12.02	12.00	0.017793	23.606
12.02	12.00	0.017810	23.701
12.02	12.00	0.017826	23.800
12.02	12.00	0.017843	23.905
12.02	12.00	0.017860	24.000
12.02	12.00	0.017876	24.099
11.99	12.00	0.017893	24.205
11.99	12.00	0.017910	24.298
11.99	12.00	0.017926	24.398
11.99	12.00	0.017943	24.502
11.99	12.00	0.017959	24.597
11.99	12.00	0.017976	24.697
11.99	12.00	0.017993	24.802
11.99	12.00	0.018009	24.897
11.99	12.00	0.018026	24.996
11.99	12.00	0.018043	25.101
11.99	12.00	0.018059	25.195
11.99	12.00	0.018076	25.297
11.99	12.00	0.018093	25.399
11.99	12.00	0.018109	25.494
11.99	12.00	0.018126	25.597
11.99	12.00	0.018143	25.698
11.99	12.00	0.018159	25.793
11.99	12.00	0.018176	25.896
11.99	12.00	0.018193	25.997
11.99	12.00	0.018209	26.091
11.99	12.00	0.018226	26.196
11.99	12.00	0.018243	26.295
11.99	12.00	0.018259	26.390
11.99	12.00	0.018276	26.495
11.99	12.00	0.018293	26.594
11.99	12.00	0.018309	26.689
11.99	12.00	0.018326	26.794
11.99	12.00	0.018343	26.893
11.99	12.00	0.018359	26.988
11.99	12.00	0.018376	27.092
11.99	12.00	0.018393	27.192
11.99	12.00	0.018409	27.287
11.99	12.00	0.018426	27.391
11.99	12.00	0.018443	27.486
11.99	12.00	0.018459	27.585
11.99	12.00	0.018476	27.690
11.99	12.00	0.018493	27.784
11.99	12.00	0.018509	27.884
11.99	12.00	0.018526	27.990
11.99	12.00	0.018543	28.083
11.99	12.00	0.018559	28.184
11.99	12.00	0.018576	28.288
11.99	12.00	0.018593	28.383
11.99	12.00	0.018609	28.482
11.99	12.00	0.018626	28.587
11.99	12.00	0.018643	28.682
12.02	12.00	0.018659	28.781
12.02	12.00	0.018676	28.886
12.02	12.00	0.018693	28.980
12.02	12.00	0.018709	29.079
12.02	12.00	0.018726	29.184
12.02	12.00	0.018743	29.279
12.02	12.00	0.018759	29.379
12.02	12.00	0.018776	29.484
12.02	12.00	0.018792	29.579
12.02	12.00	0.018809	29.679
12.02	12.00	0.018826	29.782
11.99	12.00	0.018842	29.879
11.99	12.00	0.018859	29.979
11.99	12.00	0.018876	30.081
11.99	12.00	0.018892	30.180
11.99	12.00	0.018909	30.279
11.99	12.00	0.018926	30.380
11.99	12.00	0.018942	30.479
11.99	12.00	0.018959	30.579
11.99	12.00	0.018976	30.679
11.99	12.00	0.018992	30.779
11.99	12.00	0.019009	30.879
11.99	12.00	0.019026	30.979
11.99	12.00	0.019042	31.080
11.99	12.00	0.019059	31.179
11.99	12.00	0.019076	31.279
11.99	12.00	0.019092	31.380
11.99	12.00	0.019109	31.479
11.99	12.00	0.019126	31.579
11.99	12.00	0.019142	31.679
11.99	12.00	0.019159	31.779
11.99	12.00	0.019176	31.879
11.99	12.00	0.019192	31.980
11.99	12.00	0.019209	32.081
12.02	12.00	0.019226	32.180
12.02	12.00	0.019242	32.280
12.02	12.00	0.019259	32.380
12.02	12.00	0.019276	32.480
12.02	12.00	0.019292	32.580
12.02	12.00	0.019309	32.680
12.02	12.00	0.019326	32.780
12.02	12.00	0.019342	32.880
12.02	12.00	0.019359	32.981
12.02	12.00	0.019376	33.080
11.99	12.00	0.019392	33.180
11.99	12.00	0.019409	33.280
11.99	12.00	0.019426	33.380
11.99	12.00	0.019442	33.480
11.99	12.00	0.019459	33.580
11.99	12.00	0.019476	33.680
11.99	12.00	0.019492	33.780
11.99	12.00	0.019509	33.881
11.99	12.00	0.019526	33.980
11.99	12.00	0.019542	34.080
11.99	12.00	0.019559	34.180
11.99	12.00	0.019576	34.280
11.99	12.00	0.019592	34.380
11.99	12.00	0.019609	34.480
11.99	12.00	0.019625	34.581
11.99	12.00	0.019642	34.680
11.99	12.00	0.019659	34.780
11.99	12.00	0.019675	34.880
11.99	12.00	0.019692	34.981
11.99	12.00	0.019709	35.081
11.99	12.00	0.019725	35.180
11.99	12.00	0.019742	35.281
11.99	12.00	0.019759	35.405
11.99	12.00	0.019775	35.505
11.99	12.00	0.019792	35.609
11.99	12.00	0.019809	35.704
11.99	12.00	0.019825	35.804
11.99	12.00	0.019842	35.908
11.99	12.00	0.019859	36.003
12.02	12.00	0.019875	36.102
12.02	12.00	0.019892	36.207
12.02	12.00	0.019909	36.301
12.02	12.00	0.019925	36.401
12.02	12.00	0.019942	36.506
12.02	12.00	0.019959	36.600
12.02	12.00	0.019975	36.700
12.02	12.00	0.019992	36.804
12.02	12.00	0.020009	36.899
12.02	12.00	0.020025	36.998
12.02	12.00	0.020042	37.104
11.99	12.00	0.020059	37.199
11.99	12.00	0.020075	37.297
11.99	12.00	0.020092	37.403
11.99	12.00	0.020109	37.496
11.99	12.00	0.020125	37.597
11.99	12.00	0.020142	37.701
11.99	12.00	0.020159	37.796
11.99	12.00	0.020175	37.895
11.99	12.00	0.020192	38.000
11.99	12.00	0.020209	38.095
11.99	12.00	0.020225	38.195
11.99	12.00	0.020242	38.299
11.99	12.00	0.020259	38.393
11.99	12.00	0.020275	38.495
11.99	12.00	0.020292	38.597
11.99	12.00	0.020309	38.692
11.99	12.00	0.020325	38.795
11.99	12.00	0.020342	38.896
11.99	12.00	0.020359	38.991
11.99	12.00	0.020375	39.094
11.99	12.00	0.020392	39.195
12.02	12.00	0.020409	39.289
12.02	12.00	0.020425	39.394
12.02	12.00	0.020442	39.494
12.02	12.00	0.020458	39.589
12.02	12.00	0.020475	39.694
12.02	12.00	0.020492	39.793
12.02	12.00	0.020508	39.888
12.02	12.00	0.020525	39.992
12.02	12.00	0.020542	40.091
12.02	12.00	0.020558	40.186
12.02	12.00	0.020575	40.290
12.02	12.00	0.020592	40.390
12.02	12.00	0.020608	40.485
12.02	12.00	0.020625	40.590
12.02	12.00	0.020642	40.685
11.99	12.00	0.020658	40.783
11.99	12.00	0.020675	40.888
11.99	12.00	0.020692	40.983
11.99	12.00	0.020708	41.083
11.99	12.00	0.020725	41.188
11.99	12.00	0.020742	41.282
11.99	12.00	0.020758	41.382
11.99	12.00	0.020775	41.486
11.99	12.00	0.020792	41.582
11.99	12.00	0.020808	41.682
11.99	12.00	0.020825	41.785
11.99	12.00	0.020842	41.882
11.99	12.00	0.020858	41.982
11.99	12.00	0.020875	42.084
11.99	12.00	0.020892	42.182
11.99	12.00	0.020908	42.282
11.99	12.00	0.020925	42.382
11.99	12.00	0.020942	42.482
11.99	12.00	0.020958	42.583
11.99	12.00	0.020975	42.682
11.99	12.00	0.020992	42.782
11.99	12.00	0.021008	42.882
11.99	12.00	0.021025	42.982
11.99	12.00	0.021042	43.082
12.02	12.00	0.021058	43.182
12.02	12.00	0.021075	43.282
12.02	12.00	0.021092	43.382
12.02	12.00	0.021108	43.483
12.02	12.00	0.021125	43.582
12.02	12.00	0.021142	43.682
12.02	12.00	0.021158	43.782
12.02	12.00	0.021175	43.882
12.02	12.00	0.021192	43.982
12.02	12.00	0.021208	44.082
11.99	12.00	0.021225	44.183
11.99	12.00	0.021242	44.282
11.99	12.00	0.021258	44.382
11.99	12.00	0.021275	44.482
11.99	12.00	0.021291	44.582
11.99	12.00	0.021308	44.682
11.99	12.00	0.021325	44.781
11.99	12.00	0.021341	44.882
11.99	12.00	0.021358	44.982
11.99	12.00	0.021375	45.083
11.99	12.00	0.021391	45.182
11.99	12.00	0.021408	45.282
11.99	12.00	0.021425	45.382
11.99	12.00	0.021441	45.482
11.99	12.00	0.021458	45.582
11.99	12.00	0.021475	45.682
11.99	12.00	0.021491	45.782
11.99	12.00	0.021508	45.882
11.99	12.00	0.021525	45.983
11.99	12.00	0.021541	46.082
11.99	12.00	0.021558	46.182
11.99	12.00	0.021575	46.282
11.99	12.00	0.021591	46.382
12.02	12.00	0.021608	46.482
12.02	12.00	0.021625	46.582
12.02	12.00	0.021641	46.682
12.02	12.00	0.021658	46.782
12.02	12.00	0.021675	46.882
12.02	12.00	0.021691	46.982
12.02	12.00	0.021708	47.082
12.02	12.00	0.021725	47.182
11.99	12.00	0.021741	47.282
11.99	12.00	0.021758	47.382
11.99	12.00	0.021775	47.483
11.99	12.00	0.021791	47.582
11.99	12.00	0.021808	47.682
11.99	12.00	0.021825	47.782
11.99	12.00	0.021841	47.882
11.99	12.00	0.021858	48.010
11.99	12.00	0.021875	48.105
11.99	12.00	0.021891	48.210
11.99	12.00	0.021908	48.310
11.99	12.00	0.021925	48.404
11.99	12.00	0.021941	48.509
11.99	12.00	0.021958	48.604
11.99	12.00	0.021975	48.703
11.99	12.00	0.021991	48.808
11.99	12.00	0.022008	48.902
11.99	12.00	0.022025	49.001
11.99	12.00	0.022041	49.106
11.99	12.00	0.022058	49.200
11.99	12.00	0.022075	49.300
11.99	12.00	0.022091	49.406
11.99	12.00	0.022108	49.500
11.99	12.00	0.022124	49.600
11.99	12.00	0.022141	49.704
11.99	12.00	0.022158	49.799
11.99	12.00	0.022174	49.898
11.99	12.00	0.022191	50.003
11.99	12.00	0.022208	50.097
12.02	12.00	0.022224	50.197
12.02	12.00	0.022241	50.302
12.02	12.00	0.022258	50.396
12.02	12.00	0.022274	50.496
12.02	12.00	0.022291	50.600
12.02	12.00	0.022308	50.695
12.02	12.00	0.022324	50.794
12.02	12.00	0.022341	50.899
12.02	12.00	0.022358	50.994
12.02	12.00	0.022374	51.093
12.02	12.00	0.022391	51.199
11.99	12.00	0.022408	51.293
11.99	12.00	0.022424	51.394
11.99	12.00	0.022441	51.497
11.99	12.00	0.022458	51.591
11.99	12.00	0.022474	51.694
11.99	12.00	0.022491	51.796
11.99	12.00	0.022508	51.890
11.99	12.00	0.022524	51.994
11.99	12.00	0.022541	52.094
11.99	12.00	0.022558	52.189
11.99	12.00	0.022574	52.293
11.99	12.00	0.022591	52.393
11.99	12.00	0.022608	52.488
11.99	12.00	0.022624	52.592
11.99	12.00	0.022641	52.692
11.99	12.00	0.022658	52.786
11.99	12.00	0.022674	52.892
11.99	12.00	0.022691	52.991
11.99	12.00	0.022708	53.086
11.99	12.00	0.022724	53.191
11.99	12.00	0.022741	53.290
11.99	12.00	0.022758	53.385
11.99	12.00	0.022774	53.489
11.99	12.00	0.022791	53.584
11.99	12.00	0.022808	53.683
11.99	12.00	0.022824	53.788
11.99	12.00	0.022841	53.882
12.02	12.00	0.022858	53.982
12.02	12.00	0.022874	54.087
12.02	12.00	0.022891	54.182
12.02	12.00	0.022908	54.282
12.02	12.00	0.022924	54.385
12.02	12.00	0.022941	54.482
12.02	12.00	0.022957	54.581
12.02	12.00	0.022974	54.684
12.02	12.00	0.022991	54.783
12.02	12.00	0.023007	54.882
12.02	12.00	0.023024	54.983
12.02	12.00	0.023041	55.082
11.99	12.00	0.023057	55.182
11.99	12.00	0.023074	55.282
11.99	12.00	0.023091	55.382
11.99	12.00	0.023107	55.482
11.99	12.00	0.023124	55.583
11.99	12.00	0.023141	55.682
11.99	12.00	0.023157	55.782
11.99	12.00	0.023174	55.882
11.99	12.00	0.023191	55.982
11.99	12.00	0.023207	56.082
11.99	12.00	0.023224	56.182
11.99	12.00	0.023241	56.283
11.99	12.00	0.023257	56.382
11.99	12.00	0.023274	56.482
11.99	12.00	0.023291	56.582
11.99	12.00	0.023307	56.682
11.99	12.00	0.023324	56.782
11.99	12.00	0.023341	56.882
11.99	12.00	0.023357	56.983
11.99	12.00	0.023374	57.082
11.99	12.00	0.023391	57.182
11.99	12.00	0.023407	57.282
11.99	12.00	0.023424	57.382
11.99	12.00	0.023441	57.482
11.99	12.00	0.023457	57.582
11.99	12.00	0.023474	57.682
12.02	12.00	0.023491	57.782
12.02	12.00	0.023507	57.883
12.02	12.00	0.023524	57.982
12.02	12.00	0.023541	58.082
12.02	12.00	0.023557	58.182
12.02	12.00	0.023574	58.282
12.02	12.00	0.023591	58.382
12.02	12.00	0.023607	58.482
12.02	12.00	0.023624	58.582
12.02	12.00	0.023641	58.682
12.02	12.00	0.023657	58.782
12.02	12.00	0.023674	58.882
12.02	12.00	0.023691	58.982
12.02	12.00	0.023707	59.082
11.99	12.00	0.023724	59.182
11.99	12.00	0.023741	59.282
11.99	12.00	0.023757	59.383
11.99	12.00	0.023774	59.482
11.99	12.00	0.023790	59.582
11.99	12.00	0.023807	59.682
11.99	12.00	0.023824	59.782
11.99	12.00	0.023840	59.882
11.99	12.00	0.023857	59.982
11.99	12.00	0.023874	00.082
11.99	12.00	0.023890	00.182
11.99	12.00	0.023907	00.283
11.99	12.00	0.023924	00.382
11.99	12.00	0.023940	00.482
11.99	12.00	0.023957	00.581
11.99	12.00	0.023974	00.681
11.99	12.00	0.023990	00.810
11.99	12.00	0.024007	00.910
11.99	12.00	0.024024	01.004
11.99	12.00	0.024040	01.109
11.99	12.00	0.024057	01.209
11.99	12.00	0.024074	01.303
11.99	12.00	0.024090	01.408
11.99	12.00	0.024107	01.502
11.99	12.00	0.024124	01.602
12.02	12.00	0.024140	01.707
12.02	12.00	0.024157	01.802
12.02	12.00	0.024174	01.901
12.02	12.00	0.024190	02.006
12.02	12.00	0.024207	02.100
12.02	12.00	0.024224	02.200
12.02	12.00	0.024240	02.304
12.02	12.00	0.024257	02.399
12.02	12.00	0.024274	02.498
12.02	12.00	0.024290	02.604
11.99	12.00	0.024307	02.698
11.99	12.00	0.024324	02.797
11.99	12.00	0.024340	02.903
11.99	12.00	0.024357	02.997
11.99	12.00	0.024374	03.097
11.99	12.00	0.024390	03.201
11.99	12.00	0.024407	03.296
11.99	12.00	0.024424	03.395
11.99	12.00	0.024440	03.500
11.99	12.00	0.024457	03.595
11.99	12.00	0.024474	03.694
11.99	12.00	0.024490	03.799
11.99	12.00	0.024507	03.893
11.99	12.00	0.024524	03.993
11.99	12.00	0.024540	04.097
11.99	12.00	0.024557	04.192
11.99	12.00	0.024574	04.292
11.99	12.00	0.024590	04.396
11.99	12.00	0.024607	04.491
11.99	12.00	0.024623	04.592
11.99	12.00	0.024640	04.695
11.99	12.00	0.024657	04.789
11.99	12.00	0.024673	04.892
11.99	12.00	0.024690	04.994
11.99	12.00	0.024707	05.088
11.99	12.00	0.024723	05.192
11.99	12.00	0.024740	05.293
12.02	12.00	0.024757	05.387
12.02	12.00	0.024773	05.492
12.02	12.00	0.024790	05.591
12.02	12.00	0.024807	05.686
12.02	12.00	0.024823	05.790
12.02	12.00	0.024840	05.891
12.02	12.00	0.024857	05.986
12.02	12.00	0.024873	06.090
12.02	12.00	0.024890	06.190
11.99	12.00	0.024907	06.284
11.99	12.00	0.024923	06.389
11.99	12.00	0.024940	06.488
11.99	12.00	0.024957	06.582
11.99	12.00	0.024973	06.687
11.99	12.00	0.024990	06.783
11.99	12.00	0.025007	06.882
11.99	12.00	0.025023	06.986
11.99	12.00	0.025040	07.082
11.99	12.00	0.025057	07.182
11.99	12.00	0.025073	07.284
11.99	12.00	0.025090	07.382
11.99	12.00	0.025107	07.482
11.99	12.00	0.025123	07.584
11.99	12.00	0.025140	07.683
11.99	12.00	0.025157	07.782
11.99	12.00	0.025173	07.883
11.99	12.00	0.025190	07.982
11.99	12.00	0.025207	08.082
11.99	12.00	0.025223	08.182
11.99	12.00	0.025240	08.282
11.99	12.00	0.025257	08.382
11.99	12.00	0.025273	08.482
11.99	12.00	0.025290	08.583
11.99	12.00	0.025307	08.682
11.99	12.00	0.025323	08.782
11.99	12.00	0.025340	08.882
11.99	12.00	0.025357	08.982
11.99	12.00	0.025373	09.082
12.02	12.00	0.025390	09.182
12.02	12.00	0.025407	09.283
12.02	12.00	0.025423	09.382
12.02	12.00	0.025440	09.482
12.02	12.00	0.025456	09.582
12.02	12.00	0.025473	09.682
12.02	12.00	0.025490	09.782
12.02	12.00	0.025506	09.882
12.02	12.00	0.025523	09.982
12.02	12.00	0.025540	10.082
12.02	12.00	0.025556	10.183
11.99	12.00	0.025573	10.282
11.99	12.00	0.025590	10.381
11.99	12.00	0.025606	10.482
11.99	12.00	0.025623	10.582
11.99	12.00	0.025640	10.682
11.99	12.00	0.025656	10.782
11.99	12.00	0.025673	10.882
11.99	12.00	0.025690	10.982
11.99	12.00	0.025706	11.083
11.99	12.00	0.025723	11.182
11.99	12.00	0.025740	11.282
11.99	12.00	0.025756	11.382
11.99	12.00	0.025773	11.482
11.99	12.00	0.025790	11.587
11.99	12.00	0.025806	11.682
11.99	12.00	0.025823	11.782
11.99	12.00	0.025840	11.882
11.99	12.00	0.025856	11.982
11.99	12.00	0.025873	12.082
11.99	12.00	0.025890	12.182
11.99	12.00	0.025906	12.282
11.99	12.00	0.025923	12.382
11.99	12.00	0.025940	12.482
11.99	12.00	0.025956	12.583
11.99	12.00	0.025973	12.682
11.99	12.00	0.025990	12.782
11.99	12.00	0.026006	12.882
11.99	12.00	0.026023	12.982
11.99	12.00	0.026040	13.087
11.99	12.00	0.026056	13.182
11.99	12.00	0.026073	13.306
11.99	12.00	0.026090	13.411
11.99	12.00	0.026106	13.510
11.99	12.00	0.026123	13.605
11.99	12.00	0.026140	13.710
11.99	12.00	0.026156	13.809
12.02	12.00	0.026173	13.904
12.02	12.00	0.026190	14.009
12.02	12.00	0.026206	14.109
12.02	12.00	0.026223	14.203
12.02	12.00	0.026240	14.307
12.02	12.00	0.026256	14.407
12.02	12.00	0.026273	14.502
12.02	12.00	0.026289	14.606
12.02	12.00	0.026306	14.701
12.02	12.00	0.026323	14.800
12.02	12.00	0.026339	14.905
12.02	12.00	0.026356	14.999
12.02	12.00	0.026373	15.099
11.99	12.00	0.026389	15.203
11.99	12.00	0.026406	15.298
11.99	12.00	0.026423	15.398
11.99	12.00	0.026439	15.502
11.99	12.00	0.026456	15.598
11.99	12.00	0.026473	15.697
11.99	12.00	0.026489	15.802
11.99	12.00	0.026506	15.896
11.99	12.00	0.026523	15.996
11.99	12.00	0.026539	16.101
11.99	12.00	0.026556	16.195
11.99	12.00	0.026573	16.295
11.99	12.00	0.026589	16.399
11.99	12.00	0.026606	16.494
11.99	12.00	0.026623	16.593
11.99	12.00	0.026639	16.698
11.99	12.00	0.026656	16.792
12.02	12.00	0.026673	16.892
12.02	12.00	0.026689	16.997
12.02	12.00	0.026706	17.091
12.02	12.00	0.026723	17.191
12.02	12.00	0.026739	17.295
12.02	12.00	0.026756	17.390
12.02	12.00	0.026773	17.491
12.02	12.00	0.026789	17.595
12.02	12.00	0.026806	17.689
12.02	12.00	0.026823	17.791
12.02	12.00	0.026839	17.894
12.02	12.00	0.026856	17.988
11.99	12.00	0.026873	18.091
11.99	12.00	0.026889	18.192
11.99	12.00	0.026906	18.287
11.99	12.00	0.026923	18.391
11.99	12.00	0.026939	18.491
11.99	12.00	0.026956	18.586
11.99	12.00	0.026973	18.690
11.99	12.00	0.026989	18.790
11.99	12.00	0.027006	18.885
11.99	12.00	0.027023	18.989
11.99	12.00	0.027039	19.088
11.99	12.00	0.027056	19.185
11.99	12.00	0.027073	19.288
11.99	12.00	0.027089	19.388
11.99	12.00	0.027106	19.486
11.99	12.00	0.027122	19.587
11.99	12.00	0.027139	19.686
11.99	12.00	0.027156	19.786
11.99	12.00	0.027172	19.886
11.99	12.00	0.027189	19.986
11.99	12.00	0.027206	20.086
11.99	12.00	0.027222	20.186
11.99	12.00	0.027239	20.286
11.99	12.00	0.027256	20.386
11.99	12.00	0.027272	20.486
11.99	12.00	0.027289	20.586
11.99	12.00	0.027306	20.686
11.99	12.00	0.027322	20.786
11.99	12.00	0.027339	20.887
11.99	12.00	0.027356	20.986
11.99	12.00	0.027372	21.086
11.99	12.00	0.027389	21.186
11.99	12.00	0.027406	21.286
11.99	12.00	0.027422	21.386
12.02	12.00	0.027439	21.486
12.02	12.00	0.027456	21.586
12.02	12.00	0.027472	21.686
12.02	12.00	0.027489	21.787
12.02	12.00	0.027506	21.886
12.02	12.00	0.027522	21.986
12.02	12.00	0.027539	22.086
12.02	12.00	0.027556	22.186
12.02	12.00	0.027572	22.286
12.02	12.00	0.027589	22.387
12.02	12.00	0.027606	22.486
12.02	12.00	0.027622	22.586
12.02	12.00	0.027639	22.686
12.02	12.00	0.027656	22.786
12.02	12.00	0.027672	22.886
11.99	12.00	0.027689	22.986
11.99	12.00	0.027706	23.087
11.99	12.00	0.027722	23.187
11.99	12.00	0.027739	23.287
11.99	12.00	0.027756	23.388
11.99	12.00	0.027772	23.488
11.99	12.00	0.027789	23.588
11.99	12.00	0.027806	23.688
11.99	12.00	0.027822	23.788
11.99	12.00	0.027839	23.888
11.99	12.00	0.027856	23.988
11.99	12.00	0.027872	24.089
11.99	12.00	0.027889	24.189
11.99	12.00	0.027906	24.288
11.99	12.00	0.027922	24.389
11.99	12.00	0.027939	24.513
11.99	12.00	0.027955	24.617
11.99	12.00	0.027972	24.712
11.99	12.00	0.027989	24.811
11.99	12.00	0.028005	24.916
11.99	12.00	0.028022	25.010
11.99	12.00	0.028039	25.110
11.99	12.00	0.028055	25.215
11.99	12.00	0.028072	25.309
11.99	12.00	0.028089	25.411
11.99	12.00	0.028105	25.513
11.99	12.00	0.028122	25.608
11.99	12.00	0.028139	25.710
11.99	12.00	0.028155	25.812
11.99	12.00	0.028172	25.907
12.02	12.00	0.028189	26.010
12.02	12.00	0.028205	26.112
12.02	12.00	0.028222	26.206
12.02	12.00	0.028239	26.310
12.02	12.00	0.028255	26.410
12.02	12.00	0.028272	26.505
12.02	12.00	0.028289	26.609
12.02	12.00	0.028305	26.709
12.02	12.00	0.028322	26.804
12.02	12.00	0.028339	26.908
11.99	12.00	0.028355	27.008
11.99	12.00	0.028372	27.102
11.99	12.00	0.028389	27.207
11.99	12.00	0.028405	27.306
11.99	12.00	0.028422	27.401
11.99	12.00	0.028439	27.506
11.99	12.00	0.028455	27.600
11.99	12.00	0.028472	27.700
11.99	12.00	0.028489	27.804
11.99	12.00	0.028505	27.899
11.99	12.00	0.028522	27.998
11.99	12.00	0.028539	28.103
11.99	12.00	0.028555	28.198
11.99	12.00	0.028572	28.297
11.99	12.00	0.028589	28.402
11.99	12.00	0.028605	28.496
11.99	12.00	0.028622	28.596
11.99	12.00	0.028639	28.700
11.99	12.00	0.028655	28.795
11.99	12.00	0.028672	28.895
11.99	12.00	0.028689	28.999
12.02	12.00	0.028705	29.095
12.02	12.00	0.028722	29.194
12.02	12.00	0.028739	29.299
12.02	12.00	0.028755	29.393
12.02	12.00	0.028772	29.493
12.02	12.00	0.028788	29.597
12.02	12.00	0.028805	29.693
12.02	12.00	0.028822	29.794
12.02	12.00	0.028838	29.896
12.02	12.00	0.028855	29.993
11.99	12.00	0.028872	30.093
11.99	12.00	0.028888	30.195
11.99	12.00	0.028905	30.293
11.99	12.00	0.028922	30.393
11.99	12.00	0.028938	30.493
11.99	12.00	0.028955	30.593
11.99	12.00	0.028972	30.694
11.99	12.00	0.028988	30.793
11.99	12.00	0.029005	30.893
11.99	12.00	0.029022	30.993
11.99	12.00	0.029038	31.093
11.99	12.00	0.029055	31.193
11.99	12.00	0.029072	31.293
11.99	12.00	0.029088	31.394
11.99	12.00	0.029105	31.493
11.99	12.00	0.029122	31.593
11.99	12.00	0.029138	31.693
11.99	12.00	0.029155	31.793
11.99	12.00	0.029172	31.893
11.99	12.00	0.029188	31.993
11.99	12.00	0.029205	32.093
11.99	12.00	0.029222	32.193
11.99	12.00	0.029238	32.293
12.02	12.00	0.029255	32.393
12.02	12.00	0.029272	32.493
12.02	12.00	0.029288	32.593
12.02	12.00	0.029305	32.693
12.02	12.00	0.029322	32.793
12.02	12.00	0.029338	32.893
12.02	12.00	0.029355	32.994
12.02	12.00	0.029372	33.093
12.02	12.00	0.029388	33.192
12.02	12.00	0.029405	33.293
12.02	12.00	0.029422	33.393
11.99	12.00	0.029438	33.493
11.99	12.00	0.029455	33.593
11.99	12.00	0.029472	33.693
11.99	12.00	0.029488	33.793
11.99	12.00	0.029505	33.894
11.99	12.00	0.029522	33.993
11.99	12.00	0.029538	34.093
11.99	12.00	0.029555	34.193
11.99	12.00	0.029572	34.293
11.99	12.00	0.029588	34.393
11.99	12.00	0.029605	34.493
11.99	12.00	0.029621	34.593
11.99	12.00	0.029638	34.693
11.99	12.00	0.029655	34.794
11.99	12.00	0.029671	34.892
11.99	12.00	0.029688	34.993
11.99	12.00	0.029705	35.093
11.99	12.00	0.029721	35.193
11.99	12.00	0.029738	35.293
11.99	12.00	0.029755	35.393
11.99	12.00	0.029771	35.519
11.99	12.00	0.029788	35.619
11.99	12.00	0.029805	35.724
11.99	12.00	0.029821	35.818
11.99	12.00	0.029838	35.918
11.99	12.00	0.029855	36.022
11.99	12.00	0.029871	36.117
11.99	12.00	0.029888	36.216
11.99	12.00	0.029905	36.321
11.99	12.00	0.029921	36.415
11.99	12.00	0.029938	36.515
11.99	12.00	0.029955	36.620
11.99	12.00	0.029971	36.714
11.99	12.00	0.029988	36.814
11.99	12.00	0.030005	36.918
12.02	12.00	0.030021	37.014
12.02	12.00	0.030038	37.113
12.02	12.00	0.030055	37.218
12.02	12.00	0.030071	37.313
12.02	12.00	0.030088	37.412
12.02	12.00	0.030105	37.517
12.02	12.00	0.030121	37.611
12.02	12.00	0.030138	37.711
12.02	12.00	0.030155	37.815
12.02	12.00	0.030171	37.910
12.02	12.00	0.030188	38.009
12.02	12.00	0.030205	38.114
11.99	12.00	0.030221	38.209
11.99	12.00	0.030238	38.309
11.99	12.00	0.030255	38.413
11.99	12.00	0.030271	38.507
11.99	12.00	0.030288	38.609
11.99	12.00	0.030305	38.712
11.99	12.00	0.030321	38.806
11.99	12.00	0.030338	38.909
11.99	12.00	0.030355	39.011
11.99	12.00	0.030371	39.105
11.99	12.00	0.030388	39.209
11.99	12.00	0.030405	39.309
11.99	12.00	0.030421	39.404
11.99	12.00	0.030438	39.509
11.99	12.00	0.030454	39.608
11.99	12.00	0.030471	39.703
11.99	12.00	0.030488	39.808
11.99	12.00	0.030504	39.907
11.99	12.00	0.030521	40.001
11.99	12.00	0.030538	40.106
11.99	12.00	0.030554	40.206
11.99	12.00	0.030571	40.301
11.99	12.00	0.030588	40.405
11.99	12.00	0.030604	40.505
11.99	12.00	0.030621	40.599
11.99	12.00	0.030638	40.704
11.99	12.00	0.030654	40.798
11.99	12.00	0.030671	40.898
11.99	12.00	0.030688	41.003
11.99	12.00	0.030704	41.098
11.99	12.00	0.030721	41.198
11.99	12.00	0.030738	41.301
11.99	12.00	0.030754	41.398
11.99	12.00	0.030771	41.498
11.99	12.00	0.030788	41.600
11.99	12.00	0.030804	41.699
11.99	12.00	0.030821	41.798
11.99	12.00	0.030838	41.899
11.99	12.00	0.030854	41.998
11.99	12.00	0.030871	42.098
11.99	12.00	0.030888	42.198
11.99	12.00	0.030904	42.298
11.99	12.00	0.030921	42.399
11.99	12.00	0.030938	42.498
11.99	12.00	0.030954	42.598
11.99	12.00	0.030971	42.698
11.99	12.00	0.030988	42.798
12.02	12.00	0.031004	42.898
12.02	12.00	0.031021	42.998
12.02	12.00	0.031038	43.097
12.02	12.00	0.031054	43.198
12.02	12.00	0.031071	43.299
12.02	12.00	0.031088	43.398
12.02	12.00	0.031104	43.498
12.02	12.00	0.031121	43.598
12.02	12.00	0.031138	43.698
12.02	12.00	0.031154	43.798
12.02	12.00	0.031171	43.898
12.02	12.00	0.031188	43.998
12.02	12.00	0.031204	44.098
12.02	12.00	0.031221	44.199
12.02	12.00	0.031238	44.298
12.02	12.00	0.031254	44.398
12.02	12.00	0.031271	44.498
12.02	12.00	0.031287	44.598
12.02	12.00	0.031304	44.698
12.02	12.00	0.031321	44.798
12.02	12.00	0.031337	44.898
11.99	12.00	0.031354	44.998
11.99	12.00	0.031371	45.099
11.99	12.00	0.031387	45.198
11.99	12.00	0.031404	45.298
11.99	12.00	0.031421	45.398
11.99	12.00	0.031437	45.498
11.99	12.00	0.031454	45.598
11.99	12.00	0.031471	45.698
11.99	12.00	0.031487	45.799
12.02	12.00	0.031504	45.898
12.02	12.00	0.031521	45.999
12.02	12.00	0.031537	46.099
12.02	12.00	0.031554	46.204
12.02	12.00	0.031571	46.299
12.02	12.00	0.031587	46.399
12.02	12.00	0.031604	46.504
12.02	12.00	0.031621	46.599
12.02	12.00	0.031637	46.699
12.02	12.00	0.031654	46.803
12.02	12.00	0.031671	46.900
12.02	12.00	0.031687	47.024
12.02	12.00	0.031704	47.103
12.02	12.00	0.031721	47.228
12.02	12.00	0.031737	47.323
12.02	12.00	0.031754	47.428
12.02	12.00	0.031771	47.527
12.02	12.00	0.031787	47.622
12.02	12.00	0.031804	47.726
11.99	12.00	0.031821	47.826
11.99	12.00	0.031837	47.921
11.99	12.00	0.031854	48.025
11.99	12.00	0.031871	48.125
11.99	12.00	0.031887	48.219
11.99	12.00	0.031904	48.324
11.99	12.00	0.031921	48.423
11.99	12.00	0.031937	48.518
11.99	12.00	0.031954	48.623
11.99	12.00	0.031971	48.717
11.99	12.00	0.031987	48.817
11.99	12.00	0.032004	48.921
11.99	12.00	0.032021	49.016
11.99	12.00	0.032037	49.115
11.99	12.00	0.032054	49.220
11.99	12.00	0.032071	49.314
11.99	12.00	0.032087	49.415
11.99	12.00	0.032104	49.520
11.99	12.00	0.032120	49.614
11.99	12.00	0.032137	49.714
11.99	12.00	0.032154	49.818
11.99	12.00	0.032170	49.913
11.99	12.00	0.032187	50.012
11.99	12.00	0.032204	50.117
11.99	12.00	0.032220	50.212
11.99	12.00	0.032237	50.311
11.99	12.00	0.032254	50.415
11.99	12.00	0.032270	50.511
11.99	12.00	0.032287	50.610
11.99	12.00	0.032304	50.715
11.99	12.00	0.032320	50.809
12.02	12.00	0.032337	50.909
12.02	12.00	0.032354	51.014
12.02	12.00	0.032370	51.108
12.02	12.00	0.032387	51.208
12.02	12.00	0.032404	51.312
12.02	12.00	0.032420	51.407
12.02	12.00	0.032437	51.507
12.02	12.00	0.032454	51.611
12.02	12.00	0.032470	51.705
12.02	12.00	0.032487	51.807
12.02	12.00	0.032504	51.910
12.02	12.00	0.032520	52.004
11.99	12.00	0.032537	52.107
11.99	12.00	0.032554	52.209
11.99	12.00	0.032570	52.303
11.99	12.00	0.032587	52.407
11.99	12.00	0.032604	52.508
11.99	12.00	0.032620	52.602
11.99	12.00	0.032637	52.707
11.99	12.00	0.032654	52.806
11.99	12.00	0.032670	52.902
11.99	12.00	0.032687	53.005
11.99	12.00	0.032704	53.104
11.99	12.00	0.032720	53.202
11.99	12.00	0.032737	53.305
11.99	12.00	0.032754	53.404
11.99	12.00	0.032770	53.502
11.99	12.00	0.032787	53.603
11.99	12.00	0.032804	53.703
11.99	12.00	0.032820	53.802
11.99	12.00	0.032837	53.902
11.99	12.00	0.032854	54.002
11.99	12.00	0.032870	54.102
11.99	12.00	0.032887	54.202
11.99	12.00	0.032904	54.303
11.99	12.00	0.032920	54.402
11.99	12.00	0.032937	54.502
11.99	12.00	0.032953	54.602
11.99	12.00	0.032970	54.702
11.99	12.00	0.032987	54.803
11.99	12.00	0.033003	54.902
11.99	12.00	0.033020	55.002
11.99	12.00	0.033037	55.102
11.99	12.00	0.033053	55.202
11.99	12.00	0.033070	55.302
11.99	12.00	0.033087	55.402
11.99	12.00	0.033103	55.503
11.99	12.00	0.033120	55.602
11.99	12.00	0.033137	55.702
11.99	12.00	0.033153	55.802
12.02	12.00	0.033170	55.902
12.02	12.00	0.033187	56.002
12.02	12.00	0.033203	56.102
12.02	12.00	0.033220	56.202
12.02	12.00	0.033237	56.302
12.02	12.00	0.033253	56.403
12.02	12.00	0.033270	56.502
12.02	12.00	0.033287	56.602
12.02	12.00	0.033303	56.702
11.99	12.00	0.033320	56.802
11.99	12.00	0.033337	56.902
11.99	12.00	0.033353	57.002
11.99	12.00	0.033370	57.102
11.99	12.00	0.033387	57.202
11.99	12.00	0.033403	57.302
11.99	12.00	0.033420	57.402
11.99	12.00	0.033437	57.502
11.99	12.00	0.033453	57.602
11.99	12.00	0.033470	57.702
11.99	12.00	0.033487	57.802
11.99	12.00	0.033503	57.902
11.99	12.00	0.033520	58.003
11.99	12.00	0.033537	58.102
11.99	12.00	0.033553	58.202
11.99	12.00	0.033570	58.302
11.99	12.00	0.033587	58.402
11.99	12.00	0.033603	58.502
11.99	12.00	0.033620	58.602
11.99	12.00	0.033637	58.702
11.99	12.00	0.033653	58.802
11.99	12.00	0.033670	58.903
11.99	12.00	0.033687	59.002
11.99	12.00	0.033703	59.102
12.02	12.00	0.033720	59.201
12.02	12.00	0.033737	59.301
12.02	12.00	0.033753	59.426
12.02	12.00	0.033770	59.530
12.02	12.00	0.033786	59.624
12.02	12.00	0.033803	59.702
12.02	12.00	0.033820	59.829
11.99	12.00	0.033836	59.924
11.99	12.00	0.033853	00.002
11.99	12.00	0.033870	00.128
11.99	12.00	0.033886	00.222
11.99	12.00	0.033903	00.301
11.99	12.00	0.033920	00.426
11.99	12.00	0.033936	00.521
11.99	12.00	0.033953	00.626
11.99	12.00	0.033970	00.725
11.99	12.00	0.033986	00.820
11.99	12.00	0.034003	00.924
11.99	12.00	0.034020	01.024
11.99	12.00	0.034036	01.118
11.99	12.00	0.034053	01.223
11.99	12.00	0.034070	01.323
11.99	12.00	0.034086	01.418
11.99	12.00	0.034103	01.522
11.99	12.00	0.034120	01.622
11.99	12.00	0.034136	01.716
11.99	12.00	0.034153	01.821
11.99	12.00	0.034170	01.915
11.99	12.00	0.034186	02.015
11.99	12.00	0.034203	02.119
11.99	12.00	0.034220	02.214
11.99	12.00	0.034236	02.314
11.99	12.00	0.034253	02.418
11.99	12.00	0.034270	02.513
12.02	12.00	0.034286	02.613
12.02	12.00	0.034303	02.718
12.02	12.00	0.034320	02.812
12.02	12.00	0.034336	02.912
12.02	12.00	0.034353	03.017
12.02	12.00	0.034370	03.111
12.02	12.00	0.034386	03.211
12.02	12.00	0.034403	03.315
12.02	12.00	0.034420	03.410
12.02	12.00	0.034436	03.509
12.02	12.00	0.034453	03.614
12.02	12.00	0.034470	03.709
12.02	12.00	0.034486	03.808
12.02	12.00	0.034503	03.913
12.02	12.00	0.034520	04.007
11.99	12.00	0.034536	04.107
11.99	12.00	0.034553	04.211
11.99	12.00	0.034570	04.306
11.99	12.00	0.034586	04.405
11.99	12.00	0.034603	04.510
11.99	12.00	0.034619	04.605
11.99	12.00	0.034636	04.706
11.99	12.00	0.034653	04.809
11.99	12.00	0.034669	04.905
11.99	12.00	0.034686	05.005
11.99	12.00	0.034703	05.108
11.99	12.00	0.034719	05.205
12.02	12.00	0.034736	05.305
12.02	12.00	0.034753	05.407
12.02	12.00	0.034769	05.505
12.02	12.00	0.034786	05.605
12.02	12.00	0.034803	05.706
12.02	12.00	0.034819	05.806
12.02	12.00	0.034836	05.905
12.02	12.00	0.034853	06.006
12.02	12.00	0.034869	06.106
12.02	12.00	0.034886	06.206
12.02	12.00	0.034903	06.306
12.02	12.00	0.034919	06.406
12.02	12.00	0.034936	06.506
11.99	12.00	0.034953	06.605
11.99	12.00	0.034969	06.706
11.99	12.00	0.034986	06.806
11.99	12.00	0.035003	06.908
11.99	12.00	0.035019	07.009
11.99	12.00	0.035036	07.108
11.99	12.00	0.035053	07.208
11.99	12.00	0.035069	07.308
11.99	12.00	0.035086	07.408
11.99	12.00	0.035103	07.508
11.99	12.00	0.035119	07.608
11.99	12.00	0.035136	07.708
11.99	12.00	0.035153	07.808
11.99	12.00	0.035169	07.909
11.99	12.00	0.035186	08.008
11.99	12.00	0.035203	08.108
11.99	12.00	0.035219	08.209
11.99	12.00	0.035236	08.309
11.99	12.00	0.035253	08.409
11.99	12.00	0.035269	08.509
11.99	12.00	0.035286	08.609
11.99	12.00	0.035303	08.709
11.99	12.00	0.035319	08.809
11.99	12.00	0.035336	08.909
11.99	12.00	0.035353	09.009
11.99	12.00	0.035369	09.109
11.99	12.00	0.035386	09.209
11.99	12.00	0.035403	09.309
12.02	12.00	0.035419	09.409
12.02	12.00	0.035436	09.509
12.02	12.00	0.035452	09.609
12.02	12.00	0.035469	09.709
12.02	12.00	0.035486	09.809
12.02	12.00	0.035502	09.909
12.02	12.00	0.035519	10.009
11.99	12.00	0.035536	10.133
11.99	12.00	0.035552	10.233
11.99	12.00	0.035569	10.337
11.99	12.00	0.035586	10.432
11.99	12.00	0.035602	10.532
11.99	12.00	0.035619	10.636
11.99	12.00	0.035636	10.731
11.99	12.00	0.035652	10.830
11.99	12.00	0.035669	10.935
11.99	12.00	0.035686	11.029
11.99	12.00	0.035702	11.129
11.99	12.00	0.035719	11.234
11.99	12.00	0.035736	11.329
11.99	12.00	0.035752	11.429
11.99	12.00	0.035769	11.533
11.99	12.00	0.035786	11.628
11.99	12.00	0.035802	11.727
11.99	12.00	0.035819	11.832
11.99	12.00	0.035836	11.926
11.99	12.00	0.035852	12.026
11.99	12.00	0.035869	12.130
11.99	12.00	0.035886	12.225
11.99	12.00	0.035902	12.325
11.99	12.00	0.035919	12.429
11.99	12.00	0.035936	12.524
11.99	12.00	0.035952	12.624
11.99	12.00	0.035969	12.728
11.99	12.00	0.035986	12.822
11.99	12.00	0.036002	12.924
11.99	12.00	0.036019	13.027
11.99	12.00	0.036036	13.121
11.99	12.00	0.036052	13.224
11.99	12.00	0.036069	13.325
11.99	12.00	0.036086	13.421
11.99	12.00	0.036102	13.524
11.99	12.00	0.036119	13.625
11.99	12.00	0.036136	13.720
11.99	12.00	0.036152	13.824
11.99	12.00	0.036169	13.924
11.99	12.00	0.036186	14.018
11.99	12.00	0.036202	14.123
11.99	12.00	0.036219	14.222
12.02	12.00	0.036236	14.317
12.02	12.00	0.036252	14.421
12.02	12.00	0.036269	14.521
12.02	12.00	0.036285	14.616
12.02	12.00	0.036302	14.720
12.02	12.00	0.036319	14.820
12.02	12.00	0.036335	14.914
12.02	12.00	0.036352	15.019
12.02	12.00	0.036369	15.113
12.02	12.00	0.036385	15.213
12.02	12.00	0.036402	15.318
12.02	12.00	0.036419	15.412
12.02	12.00	0.036435	15.512
12.02	12.00	0.036452	15.616
11.99	12.00	0.036469	15.712
11.99	12.00	0.036485	15.812
11.99	12.00	0.036502	15.916
11.99	12.00	0.036519	16.012
11.99	12.00	0.036535	16.112
11.99	12.00	0.036552	16.214
11.99	12.00	0.036569	16.312
11.99	12.00	0.036585	16.412
11.99	12.00	0.036602	16.513
11.99	12.00	0.036619	16.612
11.99	12.00	0.036635	16.712
11.99	12.00	0.036652	16.813
11.99	12.00	0.036669	16.912
11.99	12.00	0.036685	17.012
11.99	12.00	0.036702	17.112
11.99	12.00	0.036719	17.212
11.99	12.00	0.036735	17.312
11.99	12.00	0.036752	17.412
11.99	12.00	0.036769	17.513
11.99	12.00	0.036785	17.612
11.99	12.00	0.036802	17.712
11.99	12.00	0.036819	17.812
11.99	12.00	0.036835	17.912
11.99	12.00	0.036852	18.012
11.99	12.00	0.036869	18.112
12.02	12.00	0.036885	18.212
12.02	12.00	0.036902	18.312
12.02	12.00	0.036919	18.413
12.02	12.00	0.036935	18.512
12.02	12.00	0.036952	18.612
12.02	12.00	0.036969	18.712
12.02	12.00	0.036985	18.812
12.02	12.00	0.037002	18.912
12.02	12.00	0.037019	19.012
12.02	12.00	0.037035	19.113
12.02	12.00	0.037052	19.213
12.02	12.00	0.037069	19.314
12.02	12.00	0.037085	19.413
11.99	12.00	0.037102	19.513
11.99	12.00	0.037118	19.613
11.99	12.00	0.037135	19.713
11.99	12.00	0.037152	19.813
11.99	12.00	0.037168	19.913
11.99	12.00	0.037185	20.014
11.99	12.00	0.037202	20.113
11.99	12.00	0.037218	20.213
11.99	12.00	0.037235	20.313
11.99	12.00	0.037252	20.413
11.99	12.00	0.037268	20.513
11.99	12.00	0.037285	20.613
11.99	12.00	0.037302	20.713
11.99	12.00	0.037318	20.813
11.99	12.00	0.037335	20.913
11.99	12.00	0.037352	21.014
11.99	12.00	0.037368	21.113
11.99	12.00	0.037385	21.213
11.99	12.00	0.037402	21.313
11.99	12.00	0.037418	21.413
11.99	12.00	0.037435	21.513
11.99	12.00	0.037452	21.613
11.99	12.00	0.037468	21.713
11.99	12.00	0.037485	21.813
12.02	12.00	0.037502	21.912
12.02	12.00	0.037518	22.012
12.02	12.00	0.037535	22.141
12.02	12.00	0.037552	22.236
12.02	12.00	0.037568	22.340
12.02	12.00	0.037585	22.440
12.02	12.00	0.037602	22.534
12.02	12.00	0.037618	22.639
12.02	12.00	0.037635	22.739
11.99	12.00	0.037652	22.833
11.99	12.00	0.037668	22.938
11.99	12.00	0.037685	23.032
11.99	12.00	0.037702	23.132
11.99	12.00	0.037718	23.236
11.99	12.00	0.037735	23.331
11.99	12.00	0.037752	23.432
11.99	12.00	0.037768	23.536
11.99	12.00	0.037785	23.631
11.99	12.00	0.037802	23.730
11.99	12.00	0.037818	23.835
11.99	12.00	0.037835	23.929
11.99	12.00	0.037852	24.029
11.99	12.00	0.037868	24.133
11.99	12.00	0.037885	24.228
11.99	12.00	0.037902	24.328
11.99	12.00	0.037918	24.432
11.99	12.00	0.037935	24.527
11.99	12.00	0.037951	24.626
11.99	12.00	0.037968	24.731
11.99	12.00	0.037985	24.825
11.99	12.00	0.038001	24.925
11.99	12.00	0.038018	25.030
12.02	12.00	0.038035	25.124
12.02	12.00	0.038051	25.225
12.02	12.00	0.038068	25.328
12.02	12.00	0.038085	25.424
12.02	12.00	0.038101	25.523
12.02	12.00	0.038118	25.628
12.02	12.00	0.038135	25.723
12.02	12.00	0.038151	25.823
12.02	12.00	0.038168	25.927
11.99	12.00	0.038185	26.021
11.99	12.00	0.038201	26.123
11.99	12.00	0.038218	26.225
11.99	12.00	0.038235	26.320
11.99	12.00	0.038251	26.422
11.99	12.00	0.038268	26.524
11.99	12.00	0.038285	26.619
11.99	12.00	0.038301	26.722
11.99	12.00	0.038318	26.823
11.99	12.00	0.038335	26.917
11.99	12.00	0.038351	27.022
11.99	12.00	0.038368	27.121
11.99	12.00	0.038385	27.216
11.99	12.00	0.038401	27.321
11.99	12.00	0.038418	27.420
11.99	12.00	0.038435	27.515
11.99	12.00	0.038451	27.619
11.99	12.00	0.038468	27.719
11.99	12.00	0.038485	27.813
11.99	12.00	0.038501	27.918
11.99	12.00	0.038518	28.018
11.99	12.00	0.038535	28.113
11.99	12.00	0.038551	28.218
11.99	12.00	0.038568	28.318
11.99	12.00	0.038585	28.413
12.02	12.00	0.038601	28.516
12.02	12.00	0.038618	28.617
12.02	12.00	0.038635	28.713
12.02	12.00	0.038651	28.814
12.02	12.00	0.038668	28.918
12.02	12.00	0.038685	29.014
12.02	12.00	0.038701	29.114
12.02	12.00	0.038718	29.213
11.99	12.00	0.038735	29.314
11.99	12.00	0.038751	29.414
11.99	12.00	0.038768	29.517
11.99	12.00	0.038784	29.614
11.99	12.00	0.038801	29.714
11.99	12.00	0.038818	29.818
11.99	12.00	0.038834	29.914
11.99	12.00	0.038851	30.014
11.99	12.00	0.038868	30.118
11.99	12.00	0.038884	30.214
11.99	12.00	0.038901	30.314
11.99	12.00	0.038918	30.417
11.99	12.00	0.038934	30.514
11.99	12.00	0.038951	30.615
11.99	12.00	0.038968	30.717
11.99	12.00	0.038984	30.814
11.99	12.00	0.039001	30.914
11.99	12.00	0.039018	31.018
11.99	12.00	0.039034	31.115
11.99	12.00	0.039051	31.215
11.99	12.00	0.039068	31.317
11.99	12.00	0.039084	31.415
11.99	12.00	0.039101	31.516
11.99	12.00	0.039118	31.617
11.99	12.00	0.039134	31.715
11.99	12.00	0.039151	31.815
11.99	12.00	0.039168	31.917
11.99	12.00	0.039184	32.015
12.02	12.00	0.039201	32.115
12.02	12.00	0.039218	32.217
12.02	12.00	0.039234	32.316
12.02	12.00	0.039251	32.415
12.02	12.00	0.039268	32.517
12.02	12.00	0.039284	32.615
12.02	12.00	0.039301	32.715
12.02	12.00	0.039318	32.817
12.02	12.00	0.039334	32.915
12.02	12.00	0.039351	33.017
12.02	12.00	0.039368	33.117
12.02	12.00	0.039384	33.216
12.02	12.00	0.039401	33.316
11.99	12.00	0.039418	33.417
11.99	12.00	0.039434	33.516
11.99	12.00	0.039451	33.616
11.99	12.00	0.039468	33.717
11.99	12.00	0.039484	33.816
11.99	12.00	0.039501	33.940
11.99	12.00	0.039518	34.017
11.99	12.00	0.039534	34.145
11.99	12.00	0.039551	34.239
11.99	12.00	0.039568	34.317
11.99	12.00	0.039584	34.443
11.99	12.00	0.039601	34.538
11.99	12.00	0.039617	34.616
11.99	12.00	0.039634	34.742
11.99	12.00	0.039651	34.837
11.99	12.00	0.039667	34.941
11.99	12.00	0.039684	35.041
11.99	12.00	0.039701	35.135
11.99	12.00	0.039717	35.240
12.02	12.00	0.039734	35.339
12.02	12.00	0.039751	35.434
12.02	12.00	0.039767	35.538
12.02	12.00	0.039784	35.638
12.02	12.00	0.039801	35.733
12.02	12.00	0.039817	35.837
12.02	12.00	0.039834	35.937
12.02	12.00	0.039851	36.032
12.02	12.00	0.039867	36.137
12.02	12.00	0.039884	36.231
12.02	12.00	0.039901	36.331
12.02	12.00	0.039917	36.435
12.02	12.00	0.039934	36.530
11.99	12.00	0.039951	36.630
11.99	12.00	0.039967	36.734
11.99	12.00	0.039984	36.829
11.99	12.00	0.040001	36.928
11.99	12.00	0.040017	37.033
11.99	12.00	0.040034	37.127
11.99	12.00	0.040051	37.227
11.99	12.00	0.040067	37.332
11.99	12.00	0.040084	37.426
11.99	12.00	0.040101	37.526
11.99	12.00	0.040117	37.631
11.99	12.00	0.040134	37.725
11.99	12.00	0.040151	37.825
11.99	12.00	0.040167	37.929
11.99	12.00	0.040184	38.024
11.99	12.00	0.040201	38.124
11.99	12.00	0.040217	38.228
11.99	12.00	0.040234	38.323
11.99	12.00	0.040251	38.422
11.99	12.00	0.040267	38.527
11.99	12.00	0.040284	38.621
11.99	12.00	0.040301	38.721
11.99	12.00	0.040317	38.826
11.99	12.00	0.040334	38.920
11.99	12.00	0.040351	39.021
11.99	12.00	0.040367	39.124
11.99	12.00	0.040384	39.219
11.99	12.00	0.040401	39.320
11.99	12.00	0.040417	39.423
11.99	12.00	0.040434	39.518
11.99	12.00	0.040450	39.620
11.99	12.00	0.040467	39.722
11.99	12.00	0.040484	39.818
11.99	12.00	0.040500	39.920
11.99	12.00	0.040517	40.021
11.99	12.00	0.040534	40.118
12.02	12.00	0.040550	40.220
12.02	12.00	0.040567	40.319
12.02	12.00	0.040584	40.418
12.02	12.00	0.040600	40.519
12.02	12.00	0.040617	40.618
12.02	12.00	0.040634	40.718
12.02	12.00	0.040650	40.818
12.02	12.00	0.040667	40.918
12.02	12.00	0.040684	41.018
12.02	12.00	0.040700	41.118
11.99	12.00	0.040717	41.219
11.99	12.00	0.040734	41.318
11.99	12.00	0.040750	41.418
11.99	12.00	0.040767	41.518
11.99	12.00	0.040784	41.618
11.99	12.00	0.040800	41.718
11.99	12.00	0.040817	41.818
11.99	12.00	0.040834	41.918
11.99	12.00	0.040850	42.018
11.99	12.00	0.040867	42.119
11.99	12.00	0.040884	42.218
11.99	12.00	0.040900	42.318
11.99	12.00	0.040917	42.418
11.99	12.00	0.040934	42.518
11.99	12.00	0.040950	42.618
11.99	12.00	0.040967	42.718
11.99	12.00	0.040984	42.818
11.99	12.00	0.041000	42.918
11.99	12.00	0.041017	43.019
11.99	12.00	0.041034	43.118
11.99	12.00	0.041050	43.218
11.99	12.00	0.041067	43.318
11.99	12.00	0.041084	43.418
11.99	12.00	0.041100	43.518
12.02	12.00	0.041117	43.618
12.02	12.00	0.041134	43.718
12.02	12.00	0.041150	43.818
12.02	12.00	0.041167	43.917
12.02	12.00	0.041184	44.018
12.02	12.00	0.041200	44.118
12.02	12.00	0.041217	44.218
12.02	12.00	0.041234	44.319
12.02	12.00	0.041250	44.418
11.99	12.00	0.041267	44.518
11.99	12.00	0.041283	44.618
11.99	12.00	0.041300	44.718
11.99	12.00	0.041317	44.818
11.99	12.00	0.041333	44.918
11.99	12.00	0.041350	45.018
11.99	12.00	0.041367	45.118
11.99	12.00	0.041383	45.219
11.99	12.00	0.041400	45.318
11.99	12.00	0.041417	45.418
11.99	12.00	0.041433	45.518
11.99	12.00	0.041450	45.618
11.99	12.00	0.041467	45.718
11.99	12.00	0.041483	45.818
11.99	12.00	0.041500	45.918
11.99	12.00	0.041517	46.042
11.99	12.00	0.041533	46.147
11.99	12.00	0.041550	46.242
11.99	12.00	0.041567	46.341
11.99	12.00	0.041583	46.446
11.99	12.00	0.041600	46.540
11.99	12.00	0.041617	46.640
11.99	12.00	0.041633	46.744
11.99	12.00	0.041650	46.839
11.99	12.00	0.041667	46.940
11.99	12.00	0.041683	47.043
11.99	12.00	0.041700	47.138
11.99	12.00	0.041717	47.239
11.99	12.00	0.041733	47.342
11.99	12.00	0.041750	47.437
11.99	12.00	0.041767	47.539
11.99	12.00	0.041783	47.641
11.99	12.00	0.041800	47.736
11.99	12.00	0.041817	47.840
11.99	12.00	0.041833	47.940
11.99	12.00	0.041850	48.035
11.99	12.00	0.041867	48.139
11.99	12.00	0.041883	48.239
11.99	12.00	0.041900	48.333
11.99	12.00	0.041917	48.438
11.99	12.00	0.041933	48.537
11.99	12.00	0.041950	48.632
11.99	12.00	0.041967	48.737
11.99	12.00	0.041983	48.836
11.99	12.00	0.042000	48.931
11.99	12.00	0.042017	49.036
11.99	12.00	0.042033	49.135
11.99	12.00	0.042050	49.230
11.99	12.00	0.042067	49.334
12.02	12.00	0.042083	49.429
12.02	12.00	0.042100	49.529
12.02	12.00	0.042116	49.633
12.02	12.00	0.042133	49.728
12.02	12.00	0.042150	49.827
12.02	12.00	0.042166	49.932
12.02	12.00	0.042183	50.027
12.02	12.00	0.042200	50.127
12.02	12.00	0.042216	50.232
12.02	12.00	0.042233	50.326
12.02	12.00	0.042250	50.426
12.02	12.00	0.042266	50.530
11.99	12.00	0.042283	50.625
11.99	12.00	0.042300	50.724
11.99	12.00	0.042316	50.829
11.99	12.00	0.042333	50.924
11.99	12.00	0.042350	51.023
11.99	12.00	0.042366	51.128
11.99	12.00	0.042383	51.222
11.99	12.00	0.042400	51.322
11.99	12.00	0.042416	51.426
11.99	12.00	0.042433	51.521
11.99	12.00	0.042450	51.620
11.99	12.00	0.042466	51.725
11.99	12.00	0.042483	51.820
11.99	12.00	0.042500	51.920
11.99	12.00	0.042516	52.023
11.99	12.00	0.042533	52.120
11.99	12.00	0.042550	52.221
11.99	12.00	0.042566	52.322
11.99	12.00	0.042583	52.420
11.99	12.00	0.042600	52.520
11.99	12.00	0.042616	52.621
11.99	12.00	0.042633	52.720
12.02	12.00	0.042650	52.820
12.02	12.00	0.042666	52.921
12.02	12.00	0.042683	53.019
12.02	12.00	0.042700	53.120
12.02	12.00	0.042716	53.220
12.02	12.00	0.042733	53.320
12.02	12.00	0.042750	53.420
12.02	12.00	0.042766	53.520
12.02	12.00	0.042783	53.620
12.02	12.00	0.042800	53.720
12.02	12.00	0.042816	53.821
12.02	12.00	0.042833	53.920
12.02	12.00	0.042850	54.020
11.99	12.00	0.042866	54.120
11.99	12.00	0.042883	54.220
11.99	12.00	0.042900	54.320
11.99	12.00	0.042916	54.420
11.99	12.00	0.042933	54.521
11.99	12.00	0.042949	54.620
11.99	12.00	0.042966	54.720
11.99	12.00	0.042983	54.820
11.99	12.00	0.042999	54.920
11.99	12.00	0.043016	55.019
11.99	12.00	0.043033	55.120
11.99	12.00	0.043049	55.220
11.99	12.00	0.043066	55.320
11.99	12.00	0.043083	55.421
11.99	12.00	0.043099	55.520
11.99	12.00	0.043116	55.620
11.99	12.00	0.043133	55.720
11.99	12.00	0.043149	55.820
11.99	12.00	0.043166	55.920
11.99	12.00	0.043183	56.020
11.99	12.00	0.043199	56.121
11.99	12.00	0.043216	56.220
11.99	12.00	0.043233	56.320
12.02	12.00	0.043249	56.420
12.02	12.00	0.043266	56.520
12.02	12.00	0.043283	56.620
12.02	12.00	0.043299	56.720
12.02	12.00	0.043316	56.820
12.02	12.00	0.043333	56.920
12.02	12.00	0.043349	57.019
12.02	12.00	0.043366	57.120
12.02	12.00	0.043383	57.220
12.02	12.00	0.043399	57.320
12.02	12.00	0.043416	57.420
11.99	12.00	0.043433	57.520
11.99	12.00	0.043449	57.620
11.99	12.00	0.043466	57.720
11.99	12.00	0.043483	57.821
11.99	12.00	0.043499	57.920
11.99	12.00	0.043516	58.020
11.99	12.00	0.043533	58.120
11.99	12.00	0.043549	58.220
11.99	12.00	0.043566	58.344
11.99	12.00	0.043583	58.449
11.99	12.00	0.043599	58.543
11.99	12.00	0.043616	58.643
11.99	12.00	0.043633	58.748
11.99	12.00	0.043649	58.843
11.99	12.00	0.043666	58.942
11.99	12.00	0.043683	59.047
11.99	12.00	0.043699	59.141
11.99	12.00	0.043716	59.241
11.99	12.00	0.043733	59.345
11.99	12.00	0.043749	59.440
11.99	12.00	0.043766	59.540
11.99	12.00	0.043782	59.644
11.99	12.00	0.043799	59.739
11.99	12.00	0.043816	59.838
11.99	12.00	0.043832	59.943
11.99	12.00	0.043849	00.037
11.99	12.00	0.043866	00.138
11.99	12.00	0.043882	00.242
11.99	12.00	0.043899	00.336
11.99	12.00	0.043916	00.438
11.99	12.00	0.043932	00.540
11.99	12.00	0.043949	00.635
11.99	12.00	0.043966	00.737
11.99	12.00	0.043982	00.839
11.99	12.00	0.043999	00.934
11.99	12.00	0.044016	01.038
11.99	12.00	0.044032	01.139
11.99	12.00	0.044049	01.233
11.99	12.00	0.044066	01.338
11.99	12.00	0.044082	01.437
11.99	12.00	0.044099	01.532
11.99	12.00	0.044116	01.636
11.99	12.00	0.044132	01.736
11.99	12.00	0.044149	01.831
11.99	12.00	0.044166	01.935
12.02	12.00	0.044182	02.035
12.02	12.00	0.044199	02.129
12.02	12.00	0.044216	02.234
12.02	12.00	0.044232	02.333
12.02	12.00	0.044249	02.428
12.02	12.00	0.044266	02.533
12.02	12.00	0.044282	02.627
12.02	12.00	0.044299	02.727
12.02	12.00	0.044316	02.831
12.02	12.00	0.044332	02.926
11.99	12.00	0.044349	03.025
11.99	12.00	0.044366	03.130
11.99	12.00	0.044382	03.225
11.99	12.00	0.044399	03.324
11.99	12.00	0.044416	03.429
11.99	12.00	0.044432	03.523
11.99	12.00	0.044449	03.623
11.99	12.00	0.044466	03.728
11.99	12.00	0.044482	03.823
11.99	12.00	0.044499	03.922
11.99	12.00	0.044516	04.027
11.99	12.00	0.044532	04.123
11.99	12.00	0.044549	04.222
11.99	12.00	0.044566	04.326
11.99	12.00	0.044582	04.422
11.99	12.00	0.044599	04.522
11.99	12.00	0.044615	04.624
11.99	12.00	0.044632	04.722
11.99	12.00	0.044649	04.823
11.99	12.00	0.044665	04.923
11.99	12.00	0.044682	05.022
11.99	12.00	0.044699	05.122
11.99	12.00	0.044715	05.222
11.99	12.00	0.044732	05.322
11.99	12.00	0.044749	05.422
11.99	12.00	0.044765	05.522
11.99	12.00	0.044782	05.622
12.02	12.00	0.044799	05.723
12.02	12.00	0.044815	05.822
12.02	12.00	0.044832	05.922
12.02	12.00	0.044849	06.022
12.02	12.00	0.044865	06.122
12.02	12.00	0.044882	06.222
12.02	12.00	0.044899	06.322
12.02	12.00	0.044915	06.422
12.02	12.00	0.044932	06.522
12.02	12.00	0.044949	06.622
12.02	12.00	0.044965	06.723
11.99	12.00	0.044982	06.822
11.99	12.00	0.044999	06.922
11.99	12.00	0.045015	07.021
11.99	12.00	0.045032	07.122
11.99	12.00	0.045049	07.222
11.99	12.00	0.045065	07.322
11.99	12.00	0.045082	07.422
11.99	12.00	0.045099	07.522
11.99	12.00	0.045115	07.623
11.99	12.00	0.045132	07.722
11.99	12.00	0.045149	07.822
11.99	12.00	0.045165	07.922
11.99	12.00	0.045182	08.022
11.99	12.00	0.045199	08.122
11.99	12.00	0.045215	08.222
11.99	12.00	0.045232	08.323
11.99	12.00	0.045249	08.422
11.99	12.00	0.045265	08.522
11.99	12.00	0.045282	08.622
11.99	12.00	0.045299	08.722
11.99	12.00	0.045315	08.822
11.99	12.00	0.045332	08.922
11.99	12.00	0.045349	09.022
11.99	12.00	0.045365	09.122
11.99	12.00	0.045382	09.223
11.99	12.00	0.045399	09.322
11.99	12.00	0.045415	09.422
11.99	12.00	0.045432	09.522
11.99	12.00	0.045448	09.622
11.99	12.00	0.045465	09.722
11.99	12.00	0.045482	09.822
11.99	12.00	0.045498	09.922
11.99	12.00	0.045515	10.022
11.99	12.00	0.045532	10.122
11.99	12.00	0.045548	10.221
12.02	12.00	0.045565	10.322
12.02	12.00	0.045582	10.422
12.02	12.00	0.045598	10.546
12.02	12.00	0.045615	10.646
12.02	12.00	0.045632	10.750
12.02	12.00	0.045648	10.845
12.02	12.00	0.045665	10.945
12.02	12.00	0.045682	11.049
12.02	12.00	0.045698	11.144
12.02	12.00	0.045715	11.243
12.02	12.00	0.045732	11.349
11.99	12.00	0.045748	11.443
11.99	12.00	0.045765	11.542
11.99	12.00	0.045782	11.647
11.99	12.00	0.045798	11.741
11.99	12.00	0.045815	11.842
11.99	12.00	0.045832	11.946
11.99	12.00	0.045848	12.041
11.99	12.00	0.045865	12.140
11.99	12.00	0.045882	12.245
11.99	12.00	0.045898	12.339
11.99	12.00	0.045915	12.439
11.99	12.00	0.045932	12.544
11.99	12.00	0.045948	12.638
11.99	12.00	0.045965	12.738
11.99	12.00	0.045982	12.842
11.99	12.00	0.045998	12.937
11.99	12.00	0.046015	13.036
11.99	12.00	0.046032	13.141
11.99	12.00	0.046048	13.236
11.99	12.00	0.046065	13.336
11.99	12.00	0.046082	13.440
11.99	12.00	0.046098	13.534
11.99	12.00	0.046115	13.636
11.99	12.00	0.046132	13.738
11.99	12.00	0.046148	13.833
11.99	12.00	0.046165	13.936
11.99	12.00	0.046182	14.038
11.99	12.00	0.046198	14.132
11.99	12.00	0.046215	14.236
12.02	12.00	0.046232	14.337
12.02	12.00	0.046248	14.431
12.02	12.00	0.046265	14.536
12.02	12.00	0.046281	14.635
12.02	12.00	0.046298	14.730
12.02	12.00	0.046315	14.835
12.02	12.00	0.046331	14.934
12.02	12.00	0.046348	15.029
12.02	12.00	0.046365	15.133
12.02	12.00	0.046381	15.233
12.02	12.00	0.046398	15.327
12.02	12.00	0.046415	15.432
12.02	12.00	0.046431	15.531
12.02	12.00	0.046448	15.626
12.02	12.00	0.046465	15.731
12.02	12.00	0.046481	15.825
12.02	12.00	0.046498	15.925
12.02	12.00	0.046515	16.029
11.99	12.00	0.046531	16.124
11.99	12.00	0.046548	16.224
11.99	12.00	0.046565	16.328
11.99	12.00	0.046581	16.424
11.99	12.00	0.046598	16.525
11.99	12.00	0.046615	16.627
11.99	12.00	0.046631	16.724
11.99	12.00	0.046648	16.824
11.99	12.00	0.046665	16.926
11.99	12.00	0.046681	17.024
11.99	12.00	0.046698	17.124
11.97	12.00	0.046715	17.225
11.97	12.00	0.046731	17.324
11.97	12.00	0.046748	17.424
11.97	12.00	0.046765	17.524
11.97	12.00	0.046781	17.624
11.97	12.00	0.046798	17.724
11.97	12.00	0.046815	17.824
11.97	12.00	0.046831	17.924
11.97	12.00	0.046848	18.024
11.97	12.00	0.046865	18.125
11.97	12.00	0.046881	18.224
11.97	12.00	0.046898	18.324
11.97	12.00	0.046915	18.424
11.97	12.00	0.046931	18.524
11.97	12.00	0.046948	18.624
11.97	12.00	0.046965	18.724
11.97	12.00	0.046981	18.824
11.97	12.00	0.046998	18.924
11.97	12.00	0.047015	19.024
11.97	12.00	0.047031	19.124
11.97	12.00	0.047048	19.223
11.97	12.00	0.047065	19.324
11.99	12.00	0.047081	19.424
11.99	12.00	0.047098	19.524
11.99	12.00	0.047114	19.624
11.99	12.00	0.047131	19.725
11.99	12.00	0.047148	19.824
11.99	12.00	0.047164	19.924
11.99	12.00	0.047181	20.024
11.99	12.00	0.047198	20.124
11.99	12.00	0.047214	20.224
11.99	12.00	0.047231	20.324
11.99	12.00	0.047248	20.425
12.02	12.00	0.047264	20.525
12.02	12.00	0.047281	20.626
12.02	12.00	0.047298	20.725
12.02	12.00	0.047314	20.825
12.02	12.00	0.047331	20.925
12.02	12.00	0.047348	21.024
12.02	12.00	0.047364	21.125
12.02	12.00	0.047381	21.225
12.02	12.00	0.047398	21.326
12.02	12.00	0.047414	21.425
12.02	12.00	0.047431	21.525
12.02	12.00	0.047448	21.625
12.02	12.00	0.047464	21.725
12.02	12.00	0.047481	21.825
12.02	12.00	0.047498	21.925
12.02	12.00	0.047514	22.025
12.02	12.00	0.047531	22.125
12.02	12.00	0.047548	22.226
12.02	12.00	0.047564	22.325
12.02	12.00	0.047581	22.425
12.02	12.00	0.047598	22.524
12.02	12.00	0.047614	22.624
12.02	12.00	0.047631	22.753
12.02	12.00	0.047648	22.853
12.02	12.00	0.047664	22.947
11.99	12.00	0.047681	23.052
11.99	12.00	0.047698	23.152
11.99	12.00	0.047714	23.246
11.99	12.00	0.047731	23.351
11.99	12.00	0.047748	23.450
11.99	12.00	0.047764	23.545
11.99	12.00	0.047781	23.650
11.99	12.00	0.047798	23.745
11.99	12.00	0.047814	23.844
11.99	12.00	0.047831	23.949
11.99	12.00	0.047848	24.044
11.99	12.00	0.047864	24.143
11.99	12.00	0.047881	24.248
11.99	12.00	0.047898	24.342
11.99	12.00	0.047914	24.441
11.99	12.00	0.047931	24.546
11.99	12.00	0.047947	24.641
11.99	12.00	0.047964	24.740
11.99	12.00	0.047981	24.846
11.99	12.00	0.047997	24.940
11.99	12.00	0.048014	25.040
11.99	12.00	0.048031	25.144
11.99	12.00	0.048047	25.239
11.99	12.00	0.048064	25.338
11.99	12.00	0.048081	25.443
11.99	12.00	0.048097	25.538
11.99	12.00	0.048114	25.637
12.02	12.00	0.048131	25.742
12.02	12.00	0.048147	25.836
12.02	12.00	0.048164	25.936
12.02	12.00	0.048181	26.040
12.02	12.00	0.048197	26.135
12.02	12.00	0.048214	26.235
12.02	12.00	0.048231	26.339
12.02	12.00	0.048247	26.434
12.02	12.00	0.048264	26.534
12.02	12.00	0.048281	26.639
12.02	12.00	0.048297	26.733
12.02	12.00	0.048314	26.835
12.02	12.00	0.048331	26.937
12.02	12.00	0.048347	27.032
12.02	12.00	0.048364	27.135
12.02	12.00	0.048381	27.236
12.02	12.00	0.048397	27.331
12.02	12.00	0.048414	27.434
12.02	12.00	0.048431	27.535
12.02	12.00	0.048447	27.629
11.99	12.00	0.048464	27.734
11.99	12.00	0.048481	27.833
11.99	12.00	0.048497	27.928
11.99	12.00	0.048514	28.033
11.99	12.00	0.048531	28.132
11.99	12.00	0.048547	28.227
11.99	12.00	0.048564	28.331
11.99	12.00	0.048581	28.431
11.99	12.00	0.048597	28.527
11.99	12.00	0.048614	28.630
11.99	12.00	0.048631	28.730
11.99	12.00	0.048647	28.827
12.02	12.00	0.048664	28.929
12.02	12.00	0.048681	29.029
12.02	12.00	0.048697	29.128
12.02	12.00	0.048714	29.228
12.02	12.00	0.048731	29.330
12.02	12.00	0.048747	29.428
12.02	12.00	0.048764	29.528
12.02	12.00	0.048780	29.630
12.02	12.00	0.048797	29.728
12.02	12.00	0.048814	29.828
12.02	12.00	0.048830	29.929
12.02	12.00	0.048847	30.028
12.02	12.00	0.048864	30.128
12.02	12.00	0.048880	30.230
12.02	12.00	0.048897	30.329
12.02	12.00	0.048914	30.428
12.02	12.00	0.048930	30.530
12.02	12.00	0.048947	30.628
12.02	12.00	0.048964	30.728
12.02	12.00	0.048980	30.829
12.02	12.00	0.048997	30.928
11.99	12.00	0.049014	31.028
11.99	12.00	0.049030	31.129
11.99	12.00	0.049047	31.229
11.99	12.00	0.049064	31.328
11.99	12.00	0.049080	31.430
11.99	12.00	0.049097	31.528
11.99	12.00	0.049114	31.628
11.99	12.00	0.049130	31.729
11.99	12.00	0.049147	31.828
11.99	12.00	0.049164	31.929
11.99	12.00	0.049180	32.029
11.99	12.00	0.049197	32.128
11.99	12.00	0.049214	32.228
12.02	12.00	0.049230	32.330
12.02	12.00	0.049247	32.428
12.02	12.00	0.049264	32.528
12.02	12.00	0.049280	32.629
12.02	12.00	0.049297	32.728
12.02	12.00	0.049314	32.829
12.02	12.00	0.049330	32.929
12.02	12.00	0.049347	33.028
12.02	12.00	0.049364	33.128
12.02	12.00	0.049380	33.229
12.02	12.00	0.049397	33.328
12.02	12.00	0.049414	33.429
11.99	12.00	0.049430	33.530
11.99	12.00	0.049447	33.628
11.99	12.00	0.049464	33.728
11.99	12.00	0.049480	33.829
11.99	12.00	0.049497	33.928
11.99	12.00	0.049514	34.028
11.99	12.00	0.049530	34.129
11.99	12.00	0.049547	34.229
11.99	12.00	0.049564	34.328
11.99	12.00	0.049580	34.429
11.99	12.00	0.049597	34.527
11.99	12.00	0.049613	34.627
11.99	12.00	0.049630	34.729
11.99	12.00	0.049647	34.856
11.99	12.00	0.049663	34.950
11.99	12.00	0.049680	35.029
11.99	12.00	0.049697	35.154
11.99	12.00	0.049713	35.249
11.99	12.00	0.049730	35.329
11.99	12.00	0.049747	35.454
11.99	12.00	0.049763	35.548
12.02	12.00	0.049780	35.653
12.02	12.00	0.049797	35.752
12.02	12.00	0.049813	35.847
12.02	12.00	0.049830	35.951
12.02	12.00	0.049847	36.051
12.02	12.00	0.049863	36.146
12.02	12.00	0.049880	36.250
12.02	12.00	0.049897	36.350
12.02	12.00	0.049913	36.445
12.02	12.00	0.049930	36.550
12.02	12.00	0.049947	36.649
12.02	12.00	0.049963	36.744
12.02	12.00	0.049980	36.848
11.99	12.00	0.049997	36.943
11.99	12.01	0.050013	37.043
11.99	12.01	0.050030	37.147
11.99	12.01	0.050047	37.242
11.99	12.02	0.050063	37.341
11.99	12.02	0.050080	37.446
11.99	12.03	0.050097	37.540
11.99	12.03	0.050113	37.640
11.99	12.03	0.050130	37.745
11.99	12.04	0.050147	37.839
11.99	12.04	0.050163	37.939
11.99	12.04	0.050180	38.043
11.99	12.05	0.050197	38.138
12.02	12.05	0.050213	38.237
12.02	12.05	0.050230	38.342
12.02	12.06	0.050247	38.437
12.02	12.06	0.050263	38.536
12.02	12.06	0.050280	38.641
12.04	12.07	0.050297	38.735
12.04	12.07	0.050313	38.835
12.04	12.07	0.050330	38.940
12.04	12.07	0.050347	39.035
12.07	12.08	0.050363	39.135
12.07	12.08	0.050380	39.239
12.07	12.08	0.050397	39.334
12.07	12.09	0.050413	39.433
12.09	12.09	0.050430	39.538
12.09	12.09	0.050446	39.632
12.09	12.10	0.050463	39.733
12.09	12.10	0.050480	39.836
12.09	12.10	0.050496	39.931
12.12	12.10	0.050513	40.033
12.12	12.11	0.050530	40.135
12.12	12.11	0.050546	40.230
12.12	12.11	0.050563	40.332
12.12	12.11	0.050580	40.434
12.12	12.12	0.050596	40.528
12.12	12.12	0.050613	40.633
12.15	12.12	0.050630	40.732
12.15	12.12	0.050646	40.828
12.15	12.13	0.050663	40.932
12.15	12.13	0.050680	41.031
12.15	12.13	0.050696	41.128
12.15	12.13	0.050713	41.230
12.15	12.13	0.050730	41.331
12.15	12.14	0.050746	41.428
12.15	12.14	0.050763	41.529
12.15	12.14	0.050780	41.629
12.15	12.14	0.050796	41.728
12.15	12.14	0.050813	41.828
12.15	12.14	0.050830	41.928
12.15	12.14	0.050846	42.028
12.15	12.15	0.050863	42.128
12.15	12.15	0.050880	42.228
12.15	12.15	0.050896	42.328
12.15	12.15	0.050913	42.429
12.15	12.15	0.050930	42.528
12.15	12.15	0.050946	42.628
12.15	12.15	0.050963	42.728
12.15	12.15	0.050980	42.828
12.15	12.16	0.050996	42.929
12.15	12.16	0.051013	43.028
12.15	12.16	0.051030	43.128
12.15	12.16	0.051046	43.228
12.15	12.16	0.051063	43.328
12.15	12.16	0.051080	43.428
12.15	12.16	0.051096	43.528
12.15	12.16	0.051113	43.628
12.15	12.16	0.051130	43.728
12.17	12.16	0.051146	43.828
12.17	12.16	0.051163	43.928
12.17	12.16	0.051180	44.029
12.17	12.16	0.051196	44.128
12.17	12.16	0.051213	44.227
12.17	12.16	0.051230	44.328
12.17	12.16	0.051246	44.428
12.17	12.16	0.051263	44.528
12.17	12.16	0.051279	44.628
12.17	12.16	0.051296	44.728
12.17	12.16	0.051313	44.829
12.17	12.16	0.051329	44.928
12.17	12.16	0.051346	45.028
12.17	12.16	0.051363	45.128
12.17	12.16	0.051379	45.228
12.17	12.16	0.051396	45.328
12.17	12.16	0.051413	45.428
12.17	12.15	0.051429	45.528
12.17	12.15	0.051446	45.628
12.17	12.15	0.051463	45.728
12.17	12.15	0.051479	45.828
12.17	12.15	0.051496	45.928
12.17	12.15	0.051513	46.028
12.17	12.15	0.051529	46.128
12.17	12.15	0.051546	46.228
12.17	12.15	0.051563	46.328
12.17	12.15	0.051579	46.429
12.17	12.14	0.051596	46.528
12.17	12.14	0.051613	46.628
12.17	12.14	0.051629	46.728
12.17	12.14	0.051646	46.828
12.15	12.14	0.051663	46.928
12.15	12.14	0.051679	47.028
12.15	12.14	0.051696	47.128
12.15	12.13	0.051713	47.252
12.15	12.13	0.051729	47.327
12.15	12.13	0.051746	47.427
12.15	12.13	0.051763	47.551
12.15	12.13	0.051779	47.651
12.15	12.13	0.051796	47.756
12.12	12.12	0.051813	47.850
12.12	12.12	0.051829	47.952
12.12	12.12	0.051846	48.054
12.12	12.12	0.051863	48.149
12.12	12.12	0.051879	48.227
12.12	12.12	0.051896	48.353
12.12	12.11	0.051913	48.448
12.09	12.11	0.051929	48.551
12.09	12.11	0.051946	48.652
12.09	12.11	0.051963	48.746
12.09	12.11	0.051979	48.851
12.09	12.11	0.051996	48.951
12.09	12.10	0.052013	49.045
12.09	12.10	0.052029	49.150
12.09	12.10	0.052046	49.249
12.09	12.10	0.052063	49.344
12.09	12.10	0.052079	49.449
12.09	12.10	0.052096	49.548
12.09	12.09	0.052112	49.642
12.09	12.09	0.052129	49.747
12.09	12.09	0.052146	49.847
12.09	12.09	0.052162	49.942
12.09	12.09	0.052179	50.047
12.09	12.09	0.052196	50.141
12.09	12.08	0.052212	50.241
12.09	12.08	0.052229	50.345
12.09	12.08	0.052246	50.440
12.09	12.08	0.052262	50.540
12.09	12.08	0.052279	50.644
12.09	12.08	0.052296	50.739
12.09	12.08	0.052312	50.838
12.09	12.07	0.052329	50.943
12.09	12.07	0.052346	51.037
12.09	12.07	0.052362	51.137
12.09	12.07	0.052379	51.241
12.09	12.07	0.052396	51.336
12.09	12.07	0.052412	51.436
12.09	12.07	0.052429	51.540
12.09	12.07	0.052446	51.635
12.09	12.06	0.052462	51.734
12.09	12.06	0.052479	51.839
12.07	12.06	0.052496	51.933
12.07	12.06	0.052512	52.033
12.07	12.06	0.052529	52.139
12.07	12.06	0.052546	52.233
12.07	12.06	0.052562	52.333
12.07	12.06	0.052579	52.437
12.07	12.06	0.052596	52.532
12.04	12.06	0.052612	52.631
12.04	12.06	0.052629	52.736
12.04	12.06	0.052646	52.831
12.04	12.06	0.052662	52.931
12.04	12.06	0.052679	53.035
12.04	12.06	0.052696	53.129
12.04	12.06	0.052712	53.231
12.04	12.06	0.052729	53.333
12.04	12.06	0.052746	53.429
12.04	12.06	0.052762	53.530
12.04	12.06	0.052779	53.632
12.04	12.06	0.052796	53.730
12.04	12.06	0.052812	53.830
12.04	12.06	0.052829	53.931
12.04	12.06	0.052846	54.029
12.04	12.06	0.052862	54.130
12.04	12.06	0.052879	54.229
12.04	12.06	0.052896	54.329
12.04	12.06	0.052912	54.429
12.04	12.06	0.052929	54.529
12.04	12.06	0.052945	54.630
12.04	12.06	0.052962	54.729
12.04	12.06	0.052979	54.829
12.04	12.06	0.052995	54.929
12.04	12.06	0.053012	55.029
12.04	12.06	0.053029	55.129
12.07	12.06	0.053045	55.229
12.07	12.07	0.053062	55.329
12.07	12.07	0.053079	55.430
12.07	12.07	0.053095	55.529
12.07	12.07	0.053112	55.629
12.07	12.07	0.053129	55.729
12.07	12.07	0.053145	55.829
12.07	12.07	0.053162	55.930
12.07	12.08	0.053179	56.029
12.07	12.08	0.053195	56.129
12.07	12.08	0.053212	56.229
12.07	12.08	0.053229	56.328
12.07	12.08	0.053245	56.429
12.07	12.09	0.053262	56.529
12.07	12.09	0.053279	56.629
12.09	12.09	0.053295	56.730
12.09	12.09	0.053312	56.829
12.09	12.09	0.053329	56.929
12.09	12.10	0.053345	57.029
12.09	12.10	0.053362	57.129
12.09	12.10	0.053379	57.229
12.09	12.10	0.053395	57.329
12.09	12.11	0.053412	57.430
12.09	12.11	0.053429	57.529
12.09	12.11	0.053445	57.629
12.09	12.11	0.053462	57.729
12.09	12.12	0.053479	57.829
12.09	12.12	0.053495	57.930
12.12	12.12	0.053512	58.030
12.12	12.13	0.053529	58.131
12.12	12.13	0.053545	58.231
12.12	12.13	0.053562	58.332
12.12	12.13	0.053579	58.431
12.12	12.14	0.053595	58.531
12.12	12.14	0.053612	58.631
12.12	12.14	0.053629	58.731
12.15	12.15	0.053645	58.831
12.15	12.15	0.053662	58.931
12.15	12.15	0.053679	59.031
12.15	12.16	0.053695	59.131
12.15	12.16	0.053712	59.231
12.15	12.16	0.053729	59.355
12.15	12.17	0.053745	59.460
12.15	12.17	0.053762	59.554
12.17	12.17	0.053778	59.654
12.17	12.18	0.053795	59.758
12.17	12.18	0.053812	59.853
12.17	12.18	0.053828	59.952
12.17	12.19	0.053845	00.057
12.17	12.19	0.053862	00.152
12.17	12.19	0.053878	00.251
12.17	12.20	0.053895	00.356
12.17	12.20	0.053912	00.450
12.20	12.20	0.053928	00.550
12.20	12.21	0.053945	00.654
12.20	12.21	0.053962	00.749
12.20	12.21	0.053978	00.850
12.20	12.22	0.053995	00.953
12.20	12.22	0.054012	01.048
12.20	12.22	0.054028	01.149
12.22	12.23	0.054045	01.253
12.22	12.23	0.054062	01.347
12.22	12.24	0.054078	01.450
12.22	12.24	0.054095	01.551
12.22	12.24	0.054112	01.646
12.22	12.25	0.054128	01.750
12.25	12.25	0.054145	01.850
12.25	12.25	0.054162	01.945
12.25	12.26	0.054178	02.049
12.25	12.26	0.054195	02.149
12.25	12.26	0.054212	02.243
12.25	12.27	0.054228	02.348
12.27	12.27	0.054245	02.448
12.27	12.27	0.054262	02.542
12.27	12.28	0.054278	02.647
12.27	12.28	0.054295	02.746
12.27	12.28	0.054312	02.841
12.27	12.29	0.054328	02.945
12.27	12.29	0.054345	03.045
12.30	12.29	0.054362	03.140
12.30	12.29	0.054378	03.244
12.30	12.30	0.054395	03.339
12.30	12.30	0.054412	03.438
12.30	12.30	0.054428	03.544
12.30	12.31	0.054445	03.637
12.30	12.31	0.054462	03.737
12.30	12.31	0.054478	03.842
12.30	12.31	0.054495	03.937
12.33	12.32	0.054512	04.037
12.33	12.32	0.054528	04.141
12.33	12.32	0.054545	04.236
12.33	12.32	0.054562	04.335
12.33	12.33	0.054578	04.440
12.33	12.33	0.054595	04.534
12.33	12.33	0.054611	04.634
12.33	12.33	0.054628	04.739
12.33	12.34	0.054645	04.833
12.33	12.34	0.054661	04.933
12.33	12.34	0.054678	05.037
12.35	12.34	0.054695	05.132
12.35	12.34	0.054711	05.231
12.35	12.35	0.054728	05.336
12.35	12.35	0.054745	05.431
12.35	12.35	0.054761	05.531
12.35	12.35	0.054778	05.635
12.35	12.35	0.054795	05.731
12.35	12.36	0.054811	05.831
12.35	12.36	0.054828	05.934
12.35	12.36	0.054845	06.032
12.35	12.36	0.054861	06.131
12.35	12.36	0.054878	06.233
12.35	12.36	0.054895	06.331
12.38	12.36	0.054911	06.431
12.38	12.36	0.054928	06.531
12.38	12.37	0.054945	06.631
12.38	12.37	0.054961	06.731
12.38	12.37	0.054978	06.831
12.38	12.37	0.054995	06.931
12.38	12.37	0.055011	07.030
12.38	12.37	0.055028	07.131
12.38	12.37	0.055045	07.231
12.38	12.37	0.055061	07.331
12.38	12.37	0.055078	07.431
12.38	12.37	0.055095	07.531
12.38	12.37	0.055111	07.631
12.38	12.37	0.055128	07.731
12.38	12.37	0.055145	07.831
12.38	12.37	0.055161	07.931
12.38	12.37	0.055178	08.030
12.38	12.37	0.055195	08.131
12.38	12.37	0.055211	08.231
12.38	12.37	0.055228	08.331
12.38	12.37	0.055245	08.432
12.38	12.37	0.055261	08.531
12.38	12.37	0.055278	08.631
12.38	12.37	0.055295	08.731
12.38	12.37	0.055311	08.831
12.38	12.37	0.055328	08.931
12.38	12.37	0.055345	09.031
12.38	12.37	0.055361	09.132
12.38	12.37	0.055378	09.231
12.38	12.37	0.055395	09.331
12.38	12.37	0.055411	09.431
12.38	12.37	0.055428	09.532
12.38	12.37	0.055444	09.631
12.38	12.37	0.055461	09.731
12.38	12.36	0.055478	09.831
12.38	12.36	0.055494	09.931
12.38	12.36	0.055511	10.031
12.38	12.36	0.055528	10.131
12.38	12.36	0.055544	10.231
12.38	12.36	0.055561	10.331
12.38	12.36	0.055578	10.432
12.35	12.36	0.055594	10.531
12.35	12.36	0.055611	10.631
12.35	12.35	0.055628	10.731
12.35	12.35	0.055644	10.831
12.35	12.35	0.055661	10.931
12.35	12.35	0.055678	11.031
12.35	12.35	0.055694	11.131
12.35	12.35	0.055711	11.231
12.35	12.35	0.055728	11.331
12.35	12.34	0.055744	11.432
12.35	12.34	0.055761	11.531
12.35	12.34	0.055778	11.631
12.35	12.34	0.055794	11.731
12.35	12.34	0.055811	11.831
12.35	12.34	0.055828	11.955
12.35	12.33	0.055844	12.060
12.35	12.33	0.055861	12.154
12.35	12.33	0.055878	12.254
12.35	12.33	0.055894	12.359
12.33	12.33	0.055911	12.453
12.33	12.33	0.055928	12.553
12.33	12.32	0.055944	12.658
12.33	12.32	0.055961	12.752
12.33	12.32	0.055978	12.851
12.33	12.32	0.055994	12.957
12.33	12.32	0.056011	13.052
12.33	12.32	0.056028	13.151
12.33	12.31	0.056044	13.256
12.33	12.31	0.056061	13.350
12.33	12.31	0.056078	13.450
12.33	12.31	0.056094	13.554
12.33	12.31	0.056111	13.649
12.30	12.31	0.056128	13.748
12.30	12.30	0.056144	13.853
12.30	12.30	0.056161	13.948
12.30	12.30	0.056178	14.048
12.30	12.30	0.056194	14.152
12.30	12.30	0.056211	14.246
12.30	12.30	0.056228	14.348
12.30	12.29	0.056244	14.450
12.30	12.29	0.056261	14.545
12.27	12.29	0.056277	14.648
12.27	12.29	0.056294	14.749
12.27	12.29	0.056311	14.844
12.27	12.29	0.056327	14.948
12.27	12.29	0.056344	15.048
12.27	12.28	0.056361	15.143
12.27	12.28	0.056377	15.247
12.27	12.28	0.056394	15.347
12.27	12.28	0.056411	15.442
12.27	12.28	0.056427	15.546
12.27	12.28	0.056444	15.646
12.27	12.28	0.056461	15.740
12.27	12.28	0.056477	15.845
12.27	12.28	0.056494	15.944
12.27	12.28	0.056511	16.039
12.27	12.27	0.056527	16.143
12.27	12.27	0.056544	16.243
12.27	12.27	0.056561	16.338
12.27	12.27	0.056577	16.443
12.27	12.27	0.056594	16.538
12.27	12.27	0.056611	16.637
12.27	12.27	0.056627	16.742
12.27	12.27	0.056644	16.836
12.27	12.27	0.056661	16.936
12.27	12.27	0.056677	17.041
12.27	12.27	0.056694	17.135
12.27	12.27	0.056711	17.235
12.27	12.27	0.056727	17.339
12.27	12.27	0.056744	17.434
12.27	12.27	0.056761	17.533
12.27	12.27	0.056777	17.638
12.27	12.27	0.056794	17.732
12.27	12.27	0.056811	17.832
12.27	12.27	0.056827	17.937
12.27	12.27	0.056844	18.032
12.27	12.27	0.056861	18.132
12.27	12.27	0.056877	18.235
12.27	12.27	0.056894	18.332
12.27	12.27	0.056911	18.432
12.27	12.27	0.056927	18.534
12.27	12.27	0.056944	18.633
12.27	12.27	0.056961	18.732
12.27	12.27	0.056977	18.833
12.27	12.28	0.056994	18.932
12.27	12.28	0.057011	19.032
12.27	12.28	0.057027	19.132
12.27	12.28	0.057044	19.232
12.27	12.28	0.057061	19.333
12.27	12.28	0.057077	19.433
12.27	12.28	0.057094	19.534
12.27	12.28	0.057110	19.633
12.27	12.28	0.057127	19.733
12.27	12.29	0.057144	19.833
12.27	12.29	0.057160	19.933
12.27	12.29	0.057177	20.033
12.27	12.29	0.057194	20.133
12.27	12.29	0.057210	20.234
12.27	12.30	0.057227	20.333
12.30	12.30	0.057244	20.433
12.30	12.30	0.057260	20.533
12.30	12.30	0.057277	20.633
12.30	12.30	0.057294	20.733
12.30	12.31	0.057310	20.833
12.30	12.31	0.057327	20.934
12.30	12.31	0.057344	21.033
12.30	12.31	0.057360	21.133
12.30	12.31	0.057377	21.233
12.30	12.32	0.057394	21.333
12.30	12.32	0.057410	21.432
12.30	12.32	0.057427	21.533
12.30	12.32	0.057444	21.634
12.30	12.33	0.057460	21.733
12.33	12.33	0.057477	21.833
12.33	12.33	0.057494	21.933
12.33	12.34	0.057510	22.032
12.33	12.34	0.057527	22.133
12.33	12.34	0.057544	22.233
12.33	12.34	0.057560	22.333
12.33	12.35	0.057577	22.434
12.33	12.35	0.057594	22.533
12.33	12.35	0.057610	22.633
12.35	12.36	0.057627	22.733
12.35	12.36	0.057644	22.833
12.35	12.36	0.057660	22.934
12.35	12.37	0.057677	23.034
12.35	12.37	0.057694	23.135
12.35	12.37	0.057710	23.234
12.35	12.38	0.057727	23.334
12.35	12.38	0.057744	23.434
12.38	12.38	0.057760	23.534
12.38	12.39	0.057777	23.634
12.38	12.39	0.057794	23.734
12.38	12.39	0.057810	23.834
12.38	12.40	0.057827	23.933
12.38	12.40	0.057844	24.062
12.38	12.40	0.057860	24.162
12.40	12.41	0.057877	24.258
12.40	12.41	0.057894	24.362
12.40	12.41	0.057910	24.457
12.40	12.42	0.057927	24.556
12.40	12.42	0.057943	24.661
12.40	12.42	0.057960	24.755
12.43	12.43	0.057977	24.855
12.43	12.43	0.057993	24.959
12.43	12.43	0.058010	25.054
12.43	12.44	0.058027	25.154
12.43	12.44	0.058043	25.258
12.43	12.45	0.058060	25.353
12.43	12.45	0.058077	25.452
12.43	12.45	0.058093	25.557
12.45	12.46	0.058110	25.651
12.45	12.46	0.058127	25.751
12.45	12.46	0.058143	25.856
12.45	12.47	0.058160	25.950
12.45	12.47	0.058177	26.050
12.45	12.47	0.058193	26.155
12.48	12.48	0.058210	26.249
12.48	12.48	0.058227	26.349
12.48	12.48	0.058243	26.453
12.48	12.49	0.058260	26.548
12.48	12.49	0.058277	26.647
12.48	12.49	0.058293	26.752
12.50	12.50	0.058310	26.846
12.50	12.50	0.058327	26.946
12.50	12.50	0.058343	27.051
12.50	12.50	0.058360	27.145
12.50	12.51	0.058377	27.246
12.50	12.51	0.058393	27.349
12.50	12.51	0.058410	27.444
12.53	12.52	0.058427	27.546
12.53	12.52	0.058443	27.649
12.53	12.52	0.058460	27.744
12.53	12.52	0.058477	27.846
12.53	12.53	0.058493	27.947
12.53	12.53	0.058510	28.042
12.53	12.53	0.058527	28.146
12.53	12.54	0.058543	28.246
12.53	12.54	0.058560	28.340
12.53	12.54	0.058577	28.446
12.56	12.54	0.058593	28.546
12.56	12.55	0.058610	28.640
12.56	12.55	0.058627	28.745
12.56	12.55	0.058643	28.844
12.56	12.55	0.058660	28.939
12.56	12.55	0.058677	29.043
12.56	12.56	0.058693	29.143
12.56	12.56	0.058710	29.238
12.56	12.56	0.058727	29.342
12.56	12.56	0.058743	29.442
12.56	12.56	0.058760	29.536
12.58	12.57	0.058776	29.641
12.58	12.57	0.058793	29.735
12.58	12.57	0.058810	29.835
12.58	12.57	0.058826	29.939
12.58	12.57	0.058843	30.034
12.58	12.57	0.058860	30.135
12.58	12.57	0.058876	30.238
12.58	12.58	0.058893	30.334
12.58	12.58	0.058910	30.434
12.58	12.58	0.058926	30.537
12.58	12.58	0.058943	30.634
12.58	12.58	0.058960	30.734
12.58	12.58	0.058976	30.836
12.58	12.58	0.058993	30.934
12.58	12.58	0.059010	31.034
12.58	12.58	0.059026	31.135
12.58	12.58	0.059043	31.234
12.58	12.58	0.059060	31.334
12.58	12.58	0.059076	31.434
12.58	12.59	0.059093	31.535
12.58	12.59	0.059110	31.634
12.61	12.59	0.059126	31.734
12.61	12.59	0.059143	31.834
12.61	12.59	0.059160	31.934
12.61	12.59	0.059176	32.034
12.61	12.59	0.059193	32.134
12.61	12.59	0.059210	32.234
12.61	12.59	0.059226	32.334
12.61	12.59	0.059243	32.435
12.61	12.59	0.059260	32.534
12.61	12.59	0.059276	32.634
12.61	12.59	0.059293	32.734
12.61	12.59	0.059310	32.834
12.61	12.58	0.059326	32.934
12.61	12.58	0.059343	33.034
12.61	12.58	0.059360	33.135
12.61	12.58	0.059376	33.234
12.61	12.58	0.059393	33.334
12.61	12.58	0.059410	33.434
12.58	12.58	0.059426	33.534
12.58	12.58	0.059443	33.634
12.58	12.58	0.059460	33.734
12.58	12.58	0.059476	33.835
12.58	12.58	0.059493	33.935
12.58	12.58	0.059510	34.035
12.58	12.58	0.059526	34.135
12.58	12.57	0.059543	34.235
12.58	12.57	0.059560	34.335
12.58	12.57	0.059576	34.435
12.58	12.57	0.059593	34.536
12.58	12.57	0.059609	34.635
12.56	12.57	0.059626	34.735
12.56	12.57	0.059643	34.835
12.56	12.57	0.059659	34.937
12.56	12.56	0.059676	35.037
12.56	12.56	0.059693	35.141
12.56	12.56	0.059709	35.237
12.56	12.56	0.059726	35.337
12.56	12.56	0.059743	35.441
12.56	12.56	0.059759	35.537
12.56	12.55	0.059776	35.637
12.56	12.55	0.059793	35.740
12.56	12.55	0.059809	35.837
12.56	12.55	0.059826	35.961
12.56	12.55	0.059843	36.041
12.56	12.55	0.059859	36.165
12.56	12.54	0.059876	36.260
12.56	12.54	0.059893	36.365
12.56	12.54	0.059909	36.464
12.56	12.54	0.059926	36.559
12.56	12.54	0.059943	36.663
12.56	12.54	0.059959	36.763
12.56	12.53	0.059976	36.857
12.56	12.53	0.059993	36.963
12.53	12.53	0.060009	37.062
12.53	12.53	0.060026	37.156
12.53	12.53	0.060043	37.261
12.53	12.53	0.060059	37.360
12.53	12.52	0.060076	37.456
12.53	12.52	0.060093	37.560
12.53	12.52	0.060109	37.655
12.53	12.52	0.060126	37.754
12.53	12.52	0.060143	37.859
12.53	12.52	0.060159	37.954
12.50	12.51	0.060176	38.052
12.50	12.51	0.060193	38.157
12.50	12.51	0.060209	38.252
12.50	12.51	0.060226	38.352
12.50	12.51	0.060243	38.457
12.50	12.51	0.060259	38.551
12.50	12.50	0.060276	38.651
12.50	12.50	0.060293	38.755
12.50	12.50	0.060309	38.850
12.50	12.50	0.060326	38.950
12.50	12.50	0.060343	39.054
12.50	12.50	0.060359	39.149
12.50	12.50	0.060376	39.248
12.50	12.50	0.060393	39.353
12.50	12.49	0.060409	39.447
12.50	12.49	0.060426	39.547
12.50	12.49	0.060442	39.651
12.50	12.49	0.060459	39.746
12.50	12.49	0.060476	39.846
12.50	12.49	0.060492	39.951
12.50	12.49	0.060509	40.045
12.48	12.49	0.060526	40.145
12.48	12.49	0.060542	40.249
12.48	12.49	0.060559	40.344
12.48	12.49	0.060576	40.445
12.48	12.48	0.060592	40.548
12.48	12.48	0.060609	40.643
12.48	12.48	0.060626	40.744
12.48	12.48	0.060642	40.847
12.48	12.48	0.060659	40.941
12.48	12.48	0.060676	41.044
12.48	12.48	0.060692	41.145
12.48	12.48	0.060709	41.240
12.48	12.48	0.060726	41.344
12.48	12.48	0.060742	41.444
12.48	12.48	0.060759	41.539
12.48	12.48	0.060776	41.643
12.48	12.48	0.060792	41.743
12.48	12.48	0.060809	41.838
12.48	12.48	0.060826	41.943
12.48	12.48	0.060842	42.043
12.48	12.48	0.060859	42.138
12.48	12.48	0.060876	42.242
12.48	12.48	0.060892	42.341
12.48	12.48	0.060909	42.438
12.45	12.49	0.060926	42.540
12.45	12.49	0.060942	42.640
12.45	12.49	0.060959	42.738
12.45	12.49	0.060976	42.839
12.45	12.49	0.060992	42.940
12.45	12.49	0.061009	43.038
12.45	12.49	0.061026	43.139
12.48	12.49	0.061042	43.240
12.48	12.49	0.061059	43.339
12.48	12.49	0.061076	43.439
12.48	12.50	0.061092	43.539
12.48	12.50	0.061109	43.639
12.48	12.50	0.061126	43.739
12.48	12.50	0.061142	43.839
12.48	12.50	0.061159	43.939
12.50	12.50	0.061176	44.039
12.50	12.50	0.061192	44.140
12.50	12.51	0.061209	44.239
12.50	12.51	0.061226	44.339
12.50	12.51	0.061242	44.440
12.50	12.51	0.061259	44.539
12.50	12.51	0.061275	44.639
12.50	12.52	0.061292	44.739
12.50	12.52	0.061309	44.839
12.50	12.52	0.061325	44.939
12.50	12.52	0.061342	45.039
12.53	12.53	0.061359	45.139
12.53	12.53	0.061375	45.239
12.53	12.53	0.061392	45.340
12.53	12.53	0.061409	45.439
12.53	12.54	0.061425	45.539
12.53	12.54	0.061442	45.639
12.53	12.54	0.061459	45.739
12.53	12.54	0.061475	45.839
12.53	12.55	0.061492	45.939
12.53	12.55	0.061509	46.039
12.53	12.55	0.061525	46.139
12.56	12.55	0.061542	46.240
12.56	12.56	0.061559	46.339
12.56	12.56	0.061575	46.439
12.56	12.56	0.061592	46.539
12.56	12.57	0.061609	46.639
12.56	12.57	0.061625	46.739
12.56	12.57	0.061642	46.839
12.56	12.58	0.061659	46.940
12.56	12.58	0.061675	47.038
12.56	12.58	0.061692	47.139
12.56	12.59	0.061709	47.239
12.58	12.59	0.061725	47.339
12.58	12.59	0.061742	47.439
12.58	12.60	0.061759	47.539
12.58	12.60	0.061775	47.639
12.58	12.60	0.061792	47.739
12.58	12.61	0.061809	47.839
12.58	12.61	0.061825	47.939
12.58	12.61	0.061842	48.039
12.58	12.62	0.061859	48.139
12.61	12.62	0.061875	48.263
12.61	12.62	0.061892	48.339
12.61	12.63	0.061909	48.467
12.61	12.63	0.061925	48.562
12.61	12.63	0.061942	48.639
12.63	12.64	0.061959	48.766
12.63	12.64	0.061975	48.861
12.63	12.64	0.061992	48.938
12.63	12.65	0.062009	49.065
12.63	12.65	0.062025	49.160
12.66	12.65	0.062042	49.263
12.66	12.66	0.062059	49.364
12.66	12.66	0.062075	49.458
12.66	12.67	0.062092	49.563
12.66	12.67	0.062108	49.663
12.66	12.67	0.062125	49.757
12.66	12.68	0.062142	49.862
12.68	12.68	0.062158	49.961
12.68	12.68	0.062175	50.056
12.68	12.69	0.062192	50.160
12.68	12.69	0.062208	50.260
12.68	12.69	0.062225	50.355
12.68	12.70	0.062242	50.459
12.68	12.70	0.062258	50.559
12.71	12.70	0.062275	50.653
12.71	12.71	0.062292	50.758
12.71	12.71	0.062308	50.852
12.71	12.71	0.062325	50.952
12.71	12.71	0.062342	51.057
12.71	12.72	0.062358	51.152
12.71	12.72	0.062375	51.252
12.71	12.72	0.062392	51.355
12.74	12.73	0.062408	51.451
12.74	12.73	0.062425	51.550
12.74	12.73	0.062442	51.655
12.74	12.74	0.062458	51.749
12.74	12.74	0.062475	51.849
12.74	12.74	0.062492	51.953
12.74	12.74	0.062508	52.048
12.74	12.75	0.062525	52.147
12.74	12.75	0.062542	52.252
12.76	12.75	0.062558	52.347
12.76	12.75	0.062575	52.447
12.76	12.76	0.062592	52.551
12.76	12.76	0.062608	52.646
12.76	12.76	0.062625	52.746
12.76	12.76	0.062642	52.850
12.76	12.77	0.062658	52.944
12.76	12.77	0.062675	53.044
12.76	12.77	0.062692	53.148
12.76	12.77	0.062708	53.243
12.79	12.77	0.062725	53.343
12.79	12.78	0.062742	53.448
12.79	12.78	0.062758	53.550
12.79	12.78	0.062775	53.650
12.79	12.78	0.062792	53.751
12.79	12.78	0.062808	53.850
12.79	12.78	0.062825	53.950
12.79	12.78	0.062842	54.050
12.79	12.79	0.062858	54.150
12.79	12.79	0.062875	54.249
12.79	12.79	0.062892	54.350
12.79	12.79	0.062908	54.451
12.81	12.79	0.062925	54.550
12.81	12.79	0.062941	54.650
12.81	12.79	0.062958	54.750
12.81	12.79	0.062975	54.850
12.81	12.80	0.062991	54.950
12.81	12.80	0.063008	55.050
12.81	12.80	0.063025	55.150
12.81	12.80	0.063041	55.250
12.81	12.80	0.063058	55.351
12.81	12.80	0.063075	55.450
12.81	12.80	0.063091	55.550
12.81	12.80	0.063108	55.650
12.81	12.80	0.063125	55.750
12.81	12.80	0.063141	55.850
12.81	12.80	0.063158	55.950
12.81	12.80	0.063175	56.050
12.81	12.80	0.063191	56.150
12.81	12.80	0.063208	56.250
12.81	12.80	0.063225	56.350
12.81	12.80	0.063241	56.450
12.81	12.80	0.063258	56.550
12.81	12.80	0.063275	56.650
12.81	12.80	0.063291	56.750
12.81	12.80	0.063308	56.850
12.81	12.80	0.063325	56.951
12.81	12.80	0.063341	57.050
12.81	12.80	0.063358	57.149
12.81	12.80	0.063375	57.250
12.81	12.80	0.063391	57.350
12.81	12.80	0.063408	57.450
12.81	12.79	0.063425	57.550
12.81	12.79	0.063441	57.650
12.81	12.79	0.063458	57.750
12.81	12.79	0.063475	57.851
12.81	12.79	0.063491	57.950
12.79	12.79	0.063508	58.050
12.79	12.79	0.063525	58.179
12.79	12.79	0.063541	58.274
12.79	12.79	0.063558	58.378
12.79	12.79	0.063575	58.478
12.79	12.78	0.063591	58.573
12.79	12.78	0.063608	58.677
12.79	12.78	0.063625	58.772
12.79	12.78	0.063641	58.872
12.79	12.78	0.063658	58.976
12.79	12.78	0.063675	59.071
12.79	12.78	0.063691	59.170
12.79	12.77	0.063708	59.275
12.79	12.77	0.063725	59.369
12.79	12.77	0.063741	59.469
12.79	12.77	0.063758	59.574
12.79	12.77	0.063774	59.668
12.76	12.77	0.063791	59.768
12.76	12.76	0.063808	59.872
12.76	12.76	0.063824	59.967
12.76	12.76	0.063841	00.066
12.76	12.76	0.063858	00.171
12.76	12.76	0.063874	00.266
12.76	12.76	0.063891	00.365
12.76	12.75	0.063908	00.470
12.76	12.75	0.063924	00.564
12.76	12.75	0.063941	00.664
12.76	12.75	0.063958	00.769
12.76	12.75	0.063974	00.863
12.76	12.75	0.063991	00.964
12.76	12.74	0.064008	01.068
12.76	12.74	0.064024	01.163
12.74	12.74	0.064041	01.262
12.74	12.74	0.064058	01.367
12.74	12.74	0.064074	01.461
12.74	12.74	0.064091	01.562
12.74	12.73	0.064108	01.666
12.74	12.73	0.064124	01.760
12.74	12.73	0.064141	01.862
12.74	12.73	0.064158	01.964
12.74	12.73	0.064174	02.059
12.74	12.73	0.064191	02.161
12.74	12.72	0.064208	02.263
12.74	12.72	0.064224	02.358
12.74	12.72	0.064241	02.461
12.71	12.72	0.064258	02.562
12.71	12.72	0.064274	02.656
12.71	12.72	0.064291	02.761
12.71	12.72	0.064308	02.860
12.71	12.71	0.064324	02.956
12.71	12.71	0.064341	03.060
12.71	12.71	0.064358	03.160
12.71	12.71	0.064374	03.253
12.71	12.71	0.064391	03.359
12.71	12.71	0.064408	03.458
12.71	12.71	0.064424	03.553
12.71	12.71	0.064441	03.658
12.71	12.70	0.064458	03.757
12.71	12.70	0.064474	03.852
12.71	12.70	0.064491	03.956
12.68	12.70	0.064508	04.052
12.68	12.70	0.064524	04.152
12.68	12.70	0.064541	04.255
12.68	12.70	0.064558	04.356
12.68	12.70	0.064574	04.452
12.68	12.70	0.064591	04.554
12.68	12.70	0.064607	04.657
12.68	12.70	0.064624	04.752
12.68	12.70	0.064641	04.852
12.68	12.70	0.064657	04.952
12.68	12.70	0.064674	05.052
12.68	12.70	0.064691	05.152
12.68	12.70	0.064707	05.257
12.68	12.70	0.064724	05.352
12.68	12.70	0.064741	05.452
12.68	12.70	0.064757	05.556
12.71	12.70	0.064774	05.652
12.71	12.70	0.064791	05.752
12.71	12.70	0.064807	05.857
12.71	12.70	0.064824	05.953
12.71	12.70	0.064841	06.052
12.71	12.70	0.064857	06.152
12.71	12.70	0.064874	06.252
12.71	12.70	0.064891	06.352
12.71	12.70	0.064907	06.456
12.71	12.70	0.064924	06.552
12.71	12.70	0.064941	06.652
12.71	12.70	0.064957	06.757
12.71	12.70	0.064974	06.853
12.71	12.70	0.064991	06.952
12.71	12.70	0.065007	07.057
12.71	12.70	0.065024	07.152
12.71	12.70	0.065041	07.252
12.71	12.71	0.065057	07.356
12.71	12.71	0.065074	07.452
12.71	12.71	0.065091	07.553
12.68	12.71	0.065107	07.656
12.68	12.71	0.065124	07.752
12.68	12.71	0.065141	07.852
12.68	12.71	0.065157	07.957
12.68	12.72	0.065174	08.052
12.68	12.72	0.065191	08.152
12.68	12.72	0.065207	08.256
12.68	12.72	0.065224	08.352
12.71	12.72	0.065241	08.453
12.71	12.73	0.065257	08.556
12.71	12.73	0.065274	08.652
12.71	12.73	0.065291	08.752
12.71	12.73	0.065307	08.856
12.71	12.73	0.065324	08.953
12.71	12.74	0.065341	09.053
12.74	12.74	0.065357	09.156
12.74	12.74	0.065374	09.253
12.74	12.74	0.065391	09.353
12.74	12.75	0.065407	09.456
12.74	12.75	0.065424	09.553
12.74	12.75	0.065440	09.653
12.74	12.75	0.065457	09.756
12.74	12.76	0.065474	09.853
12.76	12.76	0.065490	09.953
12.76	12.76	0.065507	10.057
12.76	12.77	0.065524	10.182
12.76	12.77	0.065540	10.277
12.76	12.77	0.065557	10.356
12.76	12.77	0.065574	10.481
12.76	12.78	0.065590	10.575
12.76	12.78	0.065607	10.680
12.76	12.78	0.065624	10.780
12.79	12.79	0.065640	10.874
12.79	12.79	0.065657	10.979
12.79	12.79	0.065674	11.078
12.79	12.80	0.065690	11.173
12.79	12.80	0.065707	11.277
12.79	12.80	0.065724	11.377
12.79	12.81	0.065740	11.471
12.79	12.81	0.065757	11.576
12.79	12.81	0.065774	11.676
12.81	12.82	0.065790	11.771
12.81	12.82	0.065807	11.876
12.81	12.82	0.065824	11.970
12.81	12.83	0.065840	12.070
12.81	12.83	0.065857	12.174
12.81	12.83	0.065874	12.269
12.81	12.84	0.065890	12.368
12.81	12.84	0.065907	12.473
12.84	12.84	0.065924	12.568
12.84	12.85	0.065940	12.667
12.84	12.85	0.065957	12.772
12.84	12.85	0.065974	12.866
12.84	12.86	0.065990	12.966
12.84	12.86	0.066007	13.071
12.84	12.86	0.066024	13.165
12.86	12.87	0.066040	13.265
12.86	12.87	0.066057	13.369
12.86	12.88	0.066074	13.464
12.86	12.88	0.066090	13.564
12.86	12.88	0.066107	13.668
12.86	12.89	0.066124	13.763
12.89	12.89	0.066140	13.862
12.89	12.89	0.066157	13.967
12.89	12.90	0.066174	14.061
12.89	12.90	0.066190	14.161
12.89	12.90	0.066207	14.265
12.89	12.91	0.066224	14.361
12.92	12.91	0.066240	14.461
12.92	12.91	0.066257	14.565
12.92	12.92	0.066273	14.660
12.92	12.92	0.066290	14.760
12.92	12.92	0.066307	14.864
12.92	12.93	0.066323	14.958
12.94	12.93	0.066340	15.060
12.94	12.93	0.066357	15.162
12.94	12.93	0.066373	15.257
12.94	12.94	0.066390	15.360
12.94	12.94	0.066407	15.461
12.94	12.94	0.066423	15.556
12.94	12.95	0.066440	15.659
12.94	12.95	0.066457	15.760
12.94	12.95	0.066473	15.855
12.94	12.95	0.066490	15.959
12.97	12.96	0.066507	16.059
12.97	12.96	0.066523	16.155
12.97	12.96	0.066540	16.258
12.97	12.96	0.066557	16.357
12.97	12.97	0.066573	16.455
12.97	12.97	0.066590	16.556
12.97	12.97	0.066607	16.656
12.97	12.97	0.066623	16.756
12.97	12.98	0.066640	16.855
12.97	12.98	0.066657	16.955
12.99	12.98	0.066673	17.055
12.99	12.98	0.066690	17.155
12.99	12.98	0.066707	17.255
12.99	12.99	0.066723	17.355
12.99	12.99	0.066740	17.456
12.99	12.99	0.066757	17.555
12.99	12.99	0.066773	17.655
12.99	12.99	0.066790	17.755
12.99	13.00	0.066807	17.855
12.99	13.00	0.066823	17.955
12.99	13.00	0.066840	18.055
12.99	13.00	0.066857	18.155
13.02	13.00	0.066873	18.256
13.02	13.00	0.066890	18.355
13.02	13.00	0.066907	18.455
13.02	13.00	0.066923	18.556
13.02	13.01	0.066940	18.656
13.02	13.01	0.066957	18.756
13.02	13.01	0.066973	18.856
13.02	13.01	0.066990	18.956
13.02	13.01	0.067007	19.057
13.02	13.01	0.067023	19.156
13.02	13.01	0.067040	19.256
13.02	13.01	0.067057	19.356
13.02	13.01	0.067073	19.456
13.02	13.01	0.067090	19.556
13.02	13.01	0.067106	19.656
13.02	13.01	0.067123	19.756
13.02	13.01	0.067140	19.856
13.02	13.01	0.067156	19.956
13.02	13.01	0.067173	20.056
13.02	13.01	0.067190	20.156
13.02	13.01	0.067206	20.256
13.02	13.01	0.067223	20.356
13.02	13.01	0.067240	20.457
13.02	13.01	0.067256	20.556
13.02	13.01	0.067273	20.656
13.02	13.01	0.067290	20.756
13.02	13.01	0.067306	20.856
13.02	13.01	0.067323	20.956
13.02	13.01	0.067340	21.056
13.02	13.01	0.067356	21.156
13.02	13.01	0.067373	21.256
13.02	13.01	0.067390	21.356
13.02	13.01	0.067406	21.457
13.02	13.01	0.067423	21.556
13.02	13.01	0.067440	21.656
13.02	13.01	0.067456	21.756
13.02	13.00	0.067473	21.856
13.02	13.00	0.067490	21.956
12.99	13.00	0.067506	22.080
12.99	13.00	0.067523	22.155
12.99	13.00	0.067540	22.279
12.99	13.00	0.067556	22.379
12.99	13.00	0.067573	22.484
12.99	13.00	0.067590	22.578
12.99	13.00	0.067606	22.679
12.99	12.99	0.067623	22.782
12.99	12.99	0.067640	22.877
12.99	12.99	0.067656	22.979
12.99	12.99	0.067673	23.082
12.99	12.99	0.067690	23.176
12.99	12.99	0.067706	23.279
12.99	12.99	0.067723	23.380
12.99	12.98	0.067740	23.475
12.99	12.98	0.067756	23.579
12.99	12.98	0.067773	23.679
12.99	12.98	0.067790	23.774
12.99	12.98	0.067806	23.878
12.99	12.98	0.067823	23.978
12.99	12.97	0.067840	24.072
12.99	12.97	0.067856	24.177
12.99	12.97	0.067873	24.276
12.99	12.97	0.067890	24.371
12.99	12.97	0.067906	24.476
12.99	12.97	0.067923	24.575
12.99	12.96	0.067939	24.670
12.97	12.96	0.067956	24.774
12.97	12.96	0.067973	24.875
12.97	12.96	0.067989	24.968
12.97	12.96	0.068006	25.074
12.97	12.96	0.068023	25.169
12.97	12.95	0.068039	25.268
12.97	12.95	0.068056	25.373
12.97	12.95	0.068073	25.467
12.97	12.95	0.068089	25.567
12.97	12.95	0.068106	25.671
12.94	12.95	0.068123	25.766
12.94	12.94	0.068139	25.865
12.94	12.94	0.068156	25.970
12.94	12.94	0.068173	26.065
12.94	12.94	0.068189	26.164
12.94	12.94	0.068206	26.269
12.94	12.94	0.068223	26.363
12.94	12.93	0.068239	26.463
12.94	12.93	0.068256	26.567
12.94	12.93	0.068273	26.662
12.94	12.93	0.068289	26.762
12.94	12.93	0.068306	26.866
12.92	12.93	0.068323	26.961
12.92	12.93	0.068339	27.061
12.92	12.92	0.068356	27.165
12.92	12.92	0.068373	27.260
12.92	12.92	0.068389	27.359
12.92	12.92	0.068406	27.464
12.92	12.92	0.068423	27.559
12.92	12.92	0.068439	27.658
12.92	12.92	0.068456	27.763
12.92	12.92	0.068473	27.858
12.92	12.92	0.068489	27.958
12.92	12.92	0.068506	28.061
12.92	12.91	0.068523	28.158
12.92	12.91	0.068539	28.259
12.92	12.91	0.068556	28.360
12.92	12.91	0.068573	28.458
12.89	12.91	0.068589	28.558
12.89	12.91	0.068606	28.659
12.89	12.91	0.068623	28.758
12.89	12.91	0.068639	28.858
12.89	12.91	0.068656	28.958
12.89	12.91	0.068673	29.059
12.89	12.91	0.068689	29.158
12.89	12.91	0.068706	29.258
12.89	12.91	0.068723	29.358
12.89	12.91	0.068739	29.458
12.89	12.91	0.068756	29.558
12.89	12.91	0.068772	29.658
12.89	12.91	0.068789	29.758
12.89	12.91	0.068806	29.858
12.89	12.91	0.068822	29.959
12.89	12.91	0.068839	30.058
12.92	12.91	0.068856	30.158
12.92	12.91	0.068872	30.258
12.92	12.91	0.068889	30.358
12.92	12.91	0.068906	30.458
12.92	12.91	0.068922	30.558
12.92	12.91	0.068939	30.658
12.92	12.91	0.068956	30.758
12.92	12.91	0.068972	30.858
12.92	12.92	0.068989	30.958
12.92	12.92	0.069006	31.058
12.92	12.92	0.069022	31.158
12.92	12.92	0.069039	31.258
12.92	12.92	0.069056	31.358
12.92	12.92	0.069072	31.458
12.92	12.92	0.069089	31.558
12.92	12.92	0.069106	31.658
12.92	12.92	0.069122	31.758
12.92	12.93	0.069139	31.858
12.92	12.93	0.069156	31.958
12.92	12.93	0.069172	32.058
12.92	12.93	0.069189	32.158
12.92	12.93	0.069206	32.259
12.92	12.94	0.069222	32.358
12.92	12.94	0.069239	32.458
12.92	12.94	0.069256	32.557
12.92	12.94	0.069272	32.658
12.92	12.94	0.069289	32.758
12.92	12.95	0.069306	32.857
12.92	12.95	0.069322	32.958
12.92	12.95	0.069339	33.059
12.92	12.95	0.069356	33.158
12.92	12.95	0.069372	33.258
12.92	12.96	0.069389	33.358
12.92	12.96	0.069406	33.458
12.92	12.96	0.069422	33.558
12.92	12.96	0.069439	33.658
12.94	12.97	0.069456	33.759
12.94	12.97	0.069472	33.858
12.94	12.97	0.069489	33.958
12.94	12.98	0.069506	34.058
12.94	12.98	0.069522	34.158
12.97	12.98	0.069539	34.258
12.97	12.98	0.069556	34.382
12.97	12.99	0.069572	34.487
12.97	12.99	0.069589	34.581
12.99	12.99	0.069605	34.681
12.99	13.00	0.069622	34.786
12.99	13.00	0.069639	34.880
12.99	13.00	0.069655	34.980
12.99	13.01	0.069672	35.084
12.99	13.01	0.069689	35.179
13.02	13.01	0.069705	35.278
13.02	13.02	0.069722	35.383
13.02	13.02	0.069739	35.477
13.02	13.02	0.069755	35.577
13.02	13.03	0.069772	35.682
13.02	13.03	0.069789	35.776
13.04	13.03	0.069805	35.878
13.04	13.04	0.069822	35.981
13.04	13.04	0.069839	36.075
13.04	13.04	0.069855	36.177
13.04	13.05	0.069872	36.279
13.04	13.05	0.069889	36.374
13.04	13.05	0.069905	36.477
13.04	13.06	0.069922	36.578
13.07	13.06	0.069939	36.673
13.07	13.06	0.069955	36.777
13.07	13.07	0.069972	36.878
13.07	13.07	0.069989	36.971
13.07	13.07	0.070005	37.077
13.07	13.08	0.070022	37.176
13.07	13.08	0.070039	37.271
13.07	13.09	0.070055	37.376
13.07	13.09	0.070072	37.475
13.09	13.09	0.070089	37.570
13.09	13.10	0.070105	37.674
13.09	13.10	0.070122	37.774
13.09	13.10	0.070139	37.868
13.09	13.11	0.070155	37.973
13.09	13.11	0.070172	38.072
13.09	13.11	0.070189	38.167
13.12	13.12	0.070205	38.272
13.12	13.12	0.070222	38.366
13.12	13.12	0.070239	38.466
13.12	13.13	0.070255	38.570
13.12	13.13	0.070272	38.665
13.12	13.13	0.070289	38.764
13.12	13.14	0.070305	38.869
13.15	13.14	0.070322	38.964
13.15	13.14	0.070339	39.063
13.15	13.14	0.070355	39.169
13.15	13.15	0.070372	39.263
13.15	13.15	0.070389	39.362
13.15	13.15	0.070405	39.467
13.15	13.16	0.070422	39.562
13.15	13.16	0.070438	39.662
13.15	13.16	0.070455	39.766
13.17	13.16	0.070472	39.861
13.17	13.17	0.070488	39.960
13.17	13.17	0.070505	40.065
13.17	13.17	0.070522	40.159
13.17	13.18	0.070538	40.259
13.17	13.18	0.070555	40.363
13.17	13.18	0.070572	40.459
13.17	13.18	0.070588	40.560
13.17	13.19	0.070605	40.662
13.17	13.19	0.070622	40.759
13.20	13.19	0.070638	40.859
13.20	13.19	0.070655	40.961
13.20	13.19	0.070672	41.060
13.20	13.20	0.070688	41.159
13.20	13.20	0.070705	41.261
13.20	13.20	0.070722	41.360
13.20	13.20	0.070738	41.460
13.20	13.20	0.070755	41.560
13.20	13.21	0.070772	41.660
13.22	13.21	0.070788	41.760
13.22	13.21	0.070805	41.860
13.22	13.21	0.070822	41.960
13.22	13.21	0.070838	42.059
13.22	13.21	0.070855	42.160
13.22	13.21	0.070872	42.260
13.22	13.22	0.070888	42.360
13.22	13.22	0.070905	42.460
13.22	13.22	0.070922	42.560
13.22	13.22	0.070938	42.660
13.22	13.22	0.070955	42.760
13.22	13.22	0.070972	42.860
13.22	13.22	0.070988	42.960
13.22	13.22	0.071005	43.060
13.25	13.22	0.071022	43.160
13.25	13.22	0.071038	43.260
13.25	13.22	0.071055	43.360
13.25	13.22	0.071072	43.460
13.25	13.23	0.071088	43.560
13.25	13.23	0.071105	43.661
13.25	13.23	0.071122	43.760
13.25	13.23	0.071138	43.860
13.25	13.23	0.071155	43.960
13.25	13.23	0.071172	44.060
13.25	13.23	0.071188	44.160
13.25	13.23	0.071205	44.260
13.25	13.23	0.071222	44.361
13.25	13.23	0.071238	44.461
13.25	13.23	0.071255	44.562
13.25	13.23	0.071271	44.661
13.22	13.23	0.071288	44.761
13.22	13.23	0.071305	44.861
13.22	13.22	0.071321	44.961
13.22	13.22	0.071338	45.061
13.22	13.22	0.071355	45.161
13.22	13.22	0.071371	45.262
13.22	13.22	0.071388	45.361
13.22	13.22	0.071405	45.461
13.22	13.22	0.071421	45.561
13.22	13.22	0.071438	45.661
13.22	13.22	0.071455	45.761
13.22	13.22	0.071471	45.861
13.22	13.22	0.071488	45.961
13.22	13.22	0.071505	46.061
13.22	13.22	0.071521	46.162
13.22	13.21	0.071538	46.260
13.22	13.21	0.071555	46.361
13.22	13.21	0.071571	46.490
13.22	13.21	0.071588	46.585
13.22	13.21	0.071605	46.684
13.22	13.21	0.071621	46.789
13.22	13.21	0.071638	46.883
13.22	13.21	0.071655	46.982
13.22	13.20	0.071671	47.087
13.22	13.20	0.071688	47.182
13.22	13.20	0.071705	47.281
13.22	13.20	0.071721	47.386
13.22	13.20	0.071738	47.480
13.22	13.20	0.071755	47.581
13.22	13.19	0.071771	47.685
13.22	13.19	0.071788	47.780
13.22	13.19	0.071805	47.879
13.20	13.19	0.071821	47.984
13.20	13.19	0.071838	48.078
13.20	13.19	0.071855	48.178
13.20	13.18	0.071871	48.282
13.20	13.18	0.071888	48.377
13.20	13.18	0.071905	48.477
13.20	13.18	0.071921	48.581
13.20	13.18	0.071938	48.676
13.20	13.18	0.071955	48.775
13.17	13.17	0.071971	48.880
13.17	13.17	0.071988	48.975
13.17	13.17	0.072005	49.075
13.17	13.17	0.072021	49.179
13.17	13.17	0.072038	49.274
13.17	13.17	0.072055	49.375
13.17	13.16	0.072071	49.478
13.17	13.16	0.072088	49.572
13.17	13.16	0.072104	49.676
13.17	13.16	0.072121	49.776
13.17	13.16	0.072138	49.871
13.15	13.16	0.072154	49.975
13.15	13.15	0.072171	50.075
13.15	13.15	0.072188	50.170
13.15	13.15	0.072204	50.274
13.15	13.15	0.072221	50.374
13.15	13.15	0.072238	50.468
13.15	13.15	0.072254	50.574
13.15	13.14	0.072271	50.673
13.15	13.14	0.072288	50.768
13.15	13.14	0.072304	50.873
13.15	13.14	0.072321	50.972
13.15	13.14	0.072338	51.067
13.15	13.14	0.072354	51.171
13.12	13.14	0.072371	51.271
13.12	13.14	0.072388	51.365
13.12	13.13	0.072404	51.470
13.12	13.13	0.072421	51.565
13.12	13.13	0.072438	51.664
13.12	13.13	0.072454	51.769
13.12	13.13	0.072471	51.863
13.12	13.13	0.072488	51.963
13.12	13.13	0.072504	52.067
13.12	13.13	0.072521	52.162
13.12	13.13	0.072538	52.262
13.12	13.13	0.072554	52.366
13.12	13.13	0.072571	52.463
13.12	13.12	0.072588	52.562
13.12	13.12	0.072604	52.666
13.12	13.12	0.072621	52.762
13.12	13.12	0.072638	52.862
13.12	13.12	0.072654	52.964
13.12	13.12	0.072671	53.062
13.12	13.12	0.072688	53.163
13.12	13.12	0.072704	53.263
13.12	13.12	0.072721	53.362
13.12	13.12	0.072738	53.462
13.12	13.12	0.072754	53.562
13.12	13.12	0.072771	53.662
13.12	13.12	0.072788	53.762
13.12	13.12	0.072804	53.863
13.12	13.12	0.072821	53.962
13.09	13.12	0.072838	54.062
13.09	13.12	0.072854	54.162
13.09	13.12	0.072871	54.262
13.09	13.12	0.072888	54.363
13.09	13.12	0.072904	54.462
13.09	13.13	0.072921	54.563
13.12	13.13	0.072937	54.662
13.12	13.13	0.072954	54.762
13.12	13.13	0.072971	54.862
13.12	13.13	0.072987	54.962
13.12	13.13	0.073004	55.062
13.12	13.13	0.073021	55.162
13.12	13.13	0.073037	55.262
13.12	13.13	0.073054	55.362
13.12	13.13	0.073071	55.462
13.12	13.14	0.073087	55.563
13.12	13.14	0.073104	55.662
13.12	13.14	0.073121	55.762
13.15	13.14	0.073137	55.862
13.15	13.14	0.073154	55.962
13.15	13.14	0.073171	56.062
13.15	13.14	0.073187	56.162
13.15	13.15	0.073204	56.262
13.15	13.15	0.073221	56.362
13.15	13.15	0.073237	56.463
13.15	13.15	0.073254	56.562
13.15	13.15	0.073271	56.662
13.15	13.16	0.073287	56.762
13.15	13.16	0.073304	56.862
13.15	13.16	0.073321	56.962
13.15	13.16	0.073337	57.062
13.15	13.17	0.073354	57.162
13.15	13.17	0.073371	57.262
13.15	13.17	0.073387	57.362
13.15	13.17	0.073404	57.462
13.15	13.18	0.073421	57.562
13.15	13.18	0.073437	57.663
13.15	13.18	0.073454	57.762
13.17	13.18	0.073471	57.862
13.17	13.19	0.073487	57.962
13.17	13.19	0.073504	58.062
13.17	13.19	0.073521	58.162
13.17	13.19	0.073537	58.262
13.17	13.20	0.073554	58.362
13.17	13.20	0.073571	58.462
13.17	13.20	0.073587	58.562
13.20	13.21	0.073604	58.662
13.20	13.21	0.073621	58.762
13.20	13.21	0.073637	58.891
13.20	13.22	0.073654	58.985
13.20	13.22	0.073671	59.090
13.22	13.22	0.073687	59.190
13.22	13.23	0.073704	59.285
13.22	13.23	0.073721	59.389
13.22	13.23	0.073737	59.484
13.22	13.24	0.073754	59.583
13.22	13.24	0.073770	59.688
13.22	13.24	0.073787	59.783
13.25	13.25	0.073804	59.882
13.25	13.25	0.073820	59.987
13.25	13.25	0.073837	00.082
13.25	13.26	0.073854	00.181
13.25	13.26	0.073870	00.285
13.25	13.26	0.073887	00.380
13.25	13.27	0.073904	00.480
13.27	13.27	0.073920	00.585
13.27	13.27	0.073937	00.679
13.27	13.28	0.073954	00.779
13.27	13.28	0.073970	00.883
13.27	13.28	0.073987	00.978
13.27	13.29	0.074004	01.077
13.27	13.29	0.074020	01.182
13.30	13.29	0.074037	01.277
13.30	13.30	0.074054	01.376
13.30	13.30	0.074070	01.481
13.30	13.31	0.074087	01.576
13.30	13.31	0.074104	01.675
13.30	13.31	0.074120	01.780
13.30	13.32	0.074137	01.874
13.33	13.32	0.074154	01.974
13.33	13.32	0.074170	02.079
13.33	13.33	0.074187	02.173
13.33	13.33	0.074204	02.274
13.33	13.33	0.074220	02.377
13.33	13.34	0.074237	02.472
13.33	13.34	0.074254	02.574
13.33	13.34	0.074270	02.676
13.33	13.35	0.074287	02.771
13.35	13.35	0.074304	02.873
13.35	13.35	0.074320	02.975
13.35	13.35	0.074337	03.069
13.35	13.36	0.074354	03.174
13.35	13.36	0.074370	03.273
13.35	13.36	0.074387	03.368
13.35	13.37	0.074404	03.473
13.35	13.37	0.074420	03.572
13.38	13.37	0.074437	03.667
13.38	13.38	0.074454	03.771
13.38	13.38	0.074470	03.871
13.38	13.38	0.074487	03.966
13.38	13.38	0.074504	04.070
13.38	13.39	0.074520	04.170
13.38	13.39	0.074537	04.265
13.40	13.39	0.074554	04.369
13.40	13.39	0.074570	04.469
13.40	13.40	0.074587	04.563
13.40	13.40	0.074603	04.668
13.40	13.40	0.074620	04.762
13.40	13.40	0.074637	04.862
13.40	13.41	0.074653	04.966
13.40	13.41	0.074670	05.062
13.40	13.41	0.074687	05.163
13.43	13.41	0.074703	05.266
13.43	13.41	0.074720	05.362
13.43	13.42	0.074737	05.462
13.43	13.42	0.074753	05.565
13.43	13.42	0.074770	05.662
13.43	13.42	0.074787	05.762
13.43	13.42	0.074803	05.864
13.43	13.42	0.074820	05.962
13.43	13.42	0.074837	06.062
13.43	13.43	0.074853	06.162
13.43	13.43	0.074870	06.262
13.43	13.43	0.074887	06.362
13.43	13.43	0.074903	06.462
13.43	13.43	0.074920	06.563
13.43	13.43	0.074937	06.662
13.43	13.43	0.074953	06.762
13.43	13.43	0.074970	06.862
13.45	13.44	0.074987	06.961
13.45	13.44	0.075003	07.062
13.45	13.44	0.075020	07.162
13.45	13.44	0.075037	07.262
13.45	13.44	0.075053	07.363
13.45	13.44	0.075070	07.462
13.45	13.44	0.075087	07.562
13.45	13.44	0.075103	07.662
13.45	13.44	0.075120	07.762
13.45	13.44	0.075137	07.862
13.45	13.44	0.075153	07.962
13.45	13.44	0.075170	08.063
13.45	13.44	0.075187	08.162
13.45	13.44	0.075203	08.263
13.45	13.44	0.075220	08.363
13.45	13.44	0.075237	08.463
13.45	13.44	0.075253	08.563
13.45	13.44	0.075270	08.663
13.45	13.44	0.075287	08.763
13.45	13.44	0.075303	08.863
13.45	13.44	0.075320	08.963
13.45	13.44	0.075337	09.063
13.45	13.44	0.075353	09.163
13.45	13.44	0.075370	09.263
13.45	13.44	0.075387	09.363
13.45	13.44	0.075403	09.463
13.45	13.43	0.075420	09.563
13.45	13.43	0.075436	09.664
13.45	13.43	0.075453	09.763
13.45	13.43	0.075470	09.863
13.45	13.43	0.075486	09.963
13.45	13.43	0.075503	10.063
13.45	13.43	0.075520	10.168
13.45	13.43	0.075536	10.263
13.45	13.43	0.075553	10.363
13.43	13.43	0.075570	10.463
13.43	13.42	0.075586	10.564
13.43	13.42	0.075603	10.663
13.43	13.42	0.075620	10.768
13.43	13.42	0.075636	10.863
13.43	13.42	0.075653	10.963
13.43	13.42	0.075670	11.067
13.43	13.42	0.075686	11.163
13.43	13.41	0.075703	11.287
13.43	13.41	0.075720	11.392
13.43	13.41	0.075736	11.462
13.43	13.41	0.075753	11.586
13.40	13.41	0.075770	11.691
13.40	13.41	0.075786	11.790
13.40	13.40	0.075803	11.885
13.40	13.40	0.075820	11.989
13.40	13.40	0.075836	12.089
13.40	13.40	0.075853	12.184
13.40	13.40	0.075870	12.288
13.40	13.40	0.075886	12.388
13.40	13.39	0.075903	12.482
13.40	13.39	0.075920	12.588
13.40	13.39	0.075936	12.682
13.40	13.39	0.075953	12.782
13.40	13.39	0.075970	12.886
13.40	13.39	0.075986	12.981
13.40	13.38	0.076003	13.081
13.40	13.38	0.076020	13.185
13.38	13.38	0.076036	13.279
13.38	13.38	0.076053	13.379
13.38	13.38	0.076070	13.484
13.38	13.38	0.076086	13.578
13.38	13.37	0.076103	13.678
13.38	13.37	0.076120	13.783
13.38	13.37	0.076136	13.877
13.38	13.37	0.076153	13.977
13.38	13.37	0.076170	14.081
13.38	13.37	0.076186	14.176
13.38	13.36	0.076203	14.275
13.35	13.36	0.076220	14.380
13.35	13.36	0.076236	14.474
13.35	13.36	0.076253	14.574
13.35	13.36	0.076269	14.679
13.35	13.36	0.076286	14.773
13.35	13.36	0.076303	14.873
13.35	13.35	0.076319	14.978
13.35	13.35	0.076336	15.073
13.35	13.35	0.076353	15.172
13.35	13.35	0.076369	15.277
13.35	13.35	0.076386	15.372
13.35	13.35	0.076403	15.472
13.35	13.35	0.076419	15.576
13.35	13.35	0.076436	15.670
13.35	13.34	0.076453	15.772
13.35	13.34	0.076469	15.874
13.33	13.34	0.076486	15.968
13.33	13.34	0.076503	16.072
13.33	13.34	0.076519	16.173
13.33	13.34	0.076536	16.268
13.33	13.34	0.076553	16.372
13.33	13.34	0.076569	16.472
13.33	13.34	0.076586	16.567
13.33	13.34	0.076603	16.671
13.33	13.34	0.076619	16.771
13.33	13.34	0.076636	16.865
13.33	13.34	0.076653	16.970
13.33	13.34	0.076669	17.069
13.33	13.34	0.076686	17.164
13.33	13.34	0.076703	17.269
13.33	13.34	0.076719	17.368
13.33	13.34	0.076736	17.463
13.33	13.34	0.076753	17.567
13.33	13.34	0.076769	17.667
13.33	13.34	0.076786	17.763
13.33	13.34	0.076803	17.866
13.33	13.34	0.076819	17.967
13.33	13.34	0.076836	18.063
13.33	13.34	0.076853	18.165
13.33	13.34	0.076869	18.266
13.33	13.34	0.076886	18.363
13.33	13.34	0.076903	18.464
13.33	13.34	0.076919	18.567
13.33	13.34	0.076936	18.663
13.33	13.34	0.076953	18.763
13.33	13.34	0.076969	18.867
13.33	13.34	0.076986	18.963
13.33	13.34	0.077003	19.063
13.33	13.34	0.077019	19.167
13.33	13.34	0.077036	19.263
13.35	13.35	0.077053	19.363
13.35	13.35	0.077069	19.466
13.35	13.35	0.077086	19.563
13.35	13.35	0.077102	19.663
13.35	13.35	0.077119	19.767
13.35	13.35	0.077136	19.863
13.35	13.35	0.077152	19.963
13.35	13.36	0.077169	20.067
13.35	13.36	0.077186	20.163
13.35	13.36	0.077202	20.263
13.35	13.36	0.077219	20.367
13.35	13.36	0.077236	20.463
13.35	13.37	0.077252	20.563
13.35	13.37	0.077269	20.666
13.35	13.37	0.077286	20.763
13.35	13.37	0.077302	20.863
13.35	13.37	0.077319	20.967
13.35	13.38	0.077336	21.063
13.35	13.38	0.077352	21.163
13.38	13.38	0.077369	21.266
13.38	13.38	0.077386	21.363
13.38	13.39	0.077402	21.462
13.38	13.39	0.077419	21.566
13.38	13.39	0.077436	21.663
13.38	13.39	0.077452	21.763
13.38	13.40	0.077469	21.867
13.38	13.40	0.077486	21.963
13.38	13.40	0.077502	22.063
13.38	13.41	0.077519	22.166
13.40	13.41	0.077536	22.264
13.40	13.41	0.077552	22.363
13.40	13.41	0.077569	22.467
13.40	13.42	0.077586	22.563
13.40	13.42	0.077602	22.663
13.40	13.42	0.077619	22.766
13.40	13.43	0.077636	22.863
13.40	13.43	0.077652	22.963
13.43	13.43	0.077669	23.067
13.43	13.44	0.077686	23.163
13.43	13.44	0.077702	23.263
13.43	13.44	0.077719	23.366
13.43	13.45	0.077736	23.463
13.43	13.45	0.077752	23.563
13.45	13.45	0.077769	23.667
13.45	13.46	0.077786	23.763
13.45	13.46	0.077802	23.863
13.45	13.46	0.077819	23.966
13.45	13.47	0.077836	24.062
13.45	13.47	0.077852	24.186
13.45	13.47	0.077869	24.266
13.45	13.48	0.077886	24.391
13.48	13.48	0.077902	24.486
13.48	13.48	0.077919	24.591
13.48	13.49	0.077935	24.690
13.48	13.49	0.077952	24.785
13.48	13.49	0.077969	24.889
13.48	13.50	0.077985	24.989
13.50	13.50	0.078002	25.084
13.50	13.50	0.078019	25.188
13.50	13.51	0.078035	25.288
13.50	13.51	0.078052	25.382
13.50	13.52	0.078069	25.487
13.50	13.52	0.078085	25.586
13.53	13.52	0.078102	25.681
13.53	13.53	0.078119	25.785
13.53	13.53	0.078135	25.880
13.53	13.53	0.078152	25.980
13.53	13.54	0.078169	26.084
13.53	13.54	0.078185	26.179
13.53	13.54	0.078202	26.278
13.56	13.55	0.078219	26.383
13.56	13.55	0.078235	26.477
13.56	13.55	0.078252	26.577
13.56	13.56	0.078269	26.682
13.56	13.56	0.078285	26.776
13.56	13.56	0.078302	26.876
13.56	13.57	0.078319	26.981
13.56	13.57	0.078335	27.076
13.58	13.57	0.078352	27.175
13.58	13.57	0.078369	27.280
13.58	13.58	0.078385	27.374
13.58	13.58	0.078402	27.474
13.58	13.58	0.078419	27.578
13.58	13.59	0.078435	27.673
13.58	13.59	0.078452	27.772
13.58	13.59	0.078469	27.877
13.58	13.59	0.078485	27.972
13.58	13.60	0.078502	28.071
13.61	13.60	0.078519	28.176
13.61	13.60	0.078535	28.270
13.61	13.60	0.078552	28.370
13.61	13.61	0.078569	28.475
13.61	13.61	0.078585	28.569
13.61	13.61	0.078602	28.670
13.61	13.61	0.078619	28.774
13.61	13.62	0.078635	28.868
13.61	13.62	0.078652	28.970
13.63	13.62	0.078669	29.072
13.63	13.62	0.078685	29.167
13.63	13.62	0.078702	29.269
13.63	13.63	0.078719	29.371
13.63	13.63	0.078735	29.467
13.63	13.63	0.078752	29.569
13.63	13.63	0.078768	29.670
13.63	13.63	0.078785	29.766
13.63	13.64	0.078802	29.870
13.63	13.64	0.078818	29.969
13.66	13.64	0.078835	30.066
13.66	13.64	0.078852	30.168
13.66	13.64	0.078868	30.268
13.66	13.64	0.078885	30.366
13.66	13.64	0.078902	30.467
13.66	13.64	0.078918	30.566
13.66	13.65	0.078935	30.666
13.66	13.65	0.078952	30.766
13.66	13.65	0.078968	30.866
13.66	13.65	0.078985	30.967
13.66	13.65	0.079002	31.066
13.66	13.65	0.079018	31.166
13.66	13.65	0.079035	31.266
13.66	13.65	0.079052	31.366
13.66	13.65	0.079068	31.466
13.66	13.65	0.079085	31.566
13.66	13.65	0.079102	31.667
13.66	13.65	0.079118	31.766
13.66	13.65	0.079135	31.866
13.66	13.65	0.079152	31.966
13.66	13.65	0.079168	32.066
13.66	13.65	0.079185	32.166
13.66	13.65	0.079202	32.266
13.66	13.65	0.079218	32.366
13.66	13.65	0.079235	32.467
13.66	13.65	0.079252	32.566
13.66	13.65	0.079268	32.666
13.66	13.65	0.079285	32.766
13.66	13.65	0.079302	32.866
13.66	13.65	0.079318	32.966
13.66	13.65	0.079335	33.066
13.66	13.65	0.079352	33.166
13.66	13.65	0.079368	33.266
13.66	13.65	0.079385	33.366
13.66	13.65	0.079402	33.466
13.66	13.65	0.079418	33.566
13.66	13.65	0.079435	33.666
13.66	13.65	0.079452	33.767
13.66	13.64	0.079468	33.867
13.66	13.64	0.079485	33.967
13.66	13.64	0.079502	34.067
13.66	13.64	0.079518	34.168
13.66	13.64	0.079535	34.267
13.66	13.64	0.079552	34.367
13.66	13.64	0.079568	34.467
13.63	13.64	0.079585	34.567
13.63	13.64	0.079601	34.667
13.63	13.63	0.079618	34.767
13.63	13.63	0.079635	34.868
13.63	13.63	0.079651	34.967
13.63	13.63	0.079668	35.067
13.63	13.63	0.079685	35.167
13.63	13.63	0.079701	35.267
13.63	13.63	0.079718	35.367
13.63	13.62	0.079735	35.467
13.63	13.62	0.079751	35.567
13.63	13.62	0.079768	35.666
13.63	13.62	0.079785	35.796
13.63	13.62	0.079801	35.891
13.63	13.62	0.079818	35.991
13.63	13.61	0.079835	36.095
13.63	13.61	0.079851	36.190
13.63	13.61	0.079868	36.289
13.63	13.61	0.079885	36.394
13.63	13.61	0.079901	36.488
13.63	13.61	0.079918	36.589
13.61	13.60	0.079935	36.693
13.61	13.60	0.079951	36.788
13.61	13.60	0.079968	36.889
13.61	13.60	0.079985	36.992
13.61	13.60	0.080001	37.087
13.61	13.60	0.080018	37.189
13.61	13.59	0.080035	37.291
13.61	13.59	0.080051	37.385
13.61	13.59	0.080068	37.489
13.61	13.59	0.080085	37.589
13.58	13.59	0.080101	37.683
13.58	13.59	0.080118	37.788
13.58	13.58	0.080135	37.888
13.58	13.58	0.080151	37.982
13.58	13.58	0.080168	38.087
13.58	13.58	0.080185	38.187
13.58	13.58	0.080201	38.281
13.58	13.58	0.080218	38.386
13.58	13.57	0.080235	38.486
13.56	13.57	0.080251	38.580
13.56	13.57	0.080268	38.685
13.56	13.57	0.080285	38.784
13.56	13.57	0.080301	38.879
13.56	13.57	0.080318	38.983
13.56	13.57	0.080335	39.078
13.56	13.56	0.080351	39.177
13.56	13.56	0.080368	39.283
13.56	13.56	0.080385	39.378
13.56	13.56	0.080401	39.477
13.56	13.56	0.080418	39.582
13.56	13.56	0.080434	39.676
13.56	13.56	0.080451	39.776
13.56	13.56	0.080468	39.880
13.56	13.56	0.080484	39.975
13.56	13.56	0.080501	40.075
13.56	13.55	0.080518	40.179
13.56	13.55	0.080534	40.274
13.56	13.55	0.080551	40.373
13.56	13.55	0.080568	40.478
13.56	13.55	0.080584	40.572
13.56	13.55	0.080601	40.672
13.56	13.55	0.080618	40.777
13.53	13.55	0.080634	40.871
13.53	13.55	0.080651	40.971
13.53	13.55	0.080668	41.075
13.53	13.55	0.080684	41.170
13.53	13.55	0.080701	41.269
13.53	13.55	0.080718	41.374
13.53	13.55	0.080734	41.469
13.53	13.55	0.080751	41.568
13.53	13.55	0.080768	41.673
13.53	13.55	0.080784	41.768
13.53	13.55	0.080801	41.868
13.53	13.55	0.080818	41.971
13.53	13.55	0.080834	42.068
13.53	13.55	0.080851	42.168
13.53	13.55	0.080868	42.271
13.56	13.55	0.080884	42.368
13.56	13.55	0.080901	42.468
13.56	13.55	0.080918	42.570
13.56	13.55	0.080934	42.668
13.56	13.55	0.080951	42.768
13.56	13.55	0.080968	42.869
13.56	13.56	0.080984	42.969
13.56	13.56	0.081001	43.069
13.56	13.56	0.081018	43.169
13.56	13.56	0.081034	43.269
13.56	13.56	0.081051	43.369
13.56	13.56	0.081068	43.469
13.56	13.56	0.081084	43.569
13.56	13.56	0.081101	43.669
13.56	13.56	0.081118	43.769
13.56	13.57	0.081134	43.869
13.56	13.57	0.081151	43.969
13.56	13.57	0.081168	44.069
13.56	13.57	0.081184	44.169
13.56	13.57	0.081201	44.270
13.56	13.58	0.081218	44.369
13.56	13.58	0.081234	44.469
13.56	13.58	0.081251	44.570
13.56	13.58	0.081267	44.670
13.56	13.58	0.081284	44.770
13.56	13.59	0.081301	44.870
13.56	13.59	0.081317	44.970
13.56	13.59	0.081334	45.070
13.56	13.59	0.081351	45.171
13.56	13.59	0.081367	45.270
13.56	13.60	0.081384	45.370
13.58	13.60	0.081401	45.470
13.58	13.60	0.081417	45.570
13.58	13.60	0.081434	45.670
13.58	13.61	0.081451	45.770
13.58	13.61	0.081467	45.871
13.58	13.61	0.081484	45.970
13.58	13.62	0.081501	46.070
13.58	13.62	0.081517	46.170
13.61	13.62	0.081534	46.270
13.61	13.62	0.081551	46.370
13.61	13.63	0.081567	46.470
13.61	13.63	0.081584	46.570
13.61	13.63	0.081601	46.670
13.63	13.64	0.081617	46.771
13.63	13.64	0.081634	46.870
13.63	13.64	0.081651	46.970
13.63	13.65	0.081667	47.070
13.63	13.65	0.081684	47.170
13.63	13.65	0.081701	47.270
13.66	13.66	0.081717	47.370
13.66	13.66	0.081734	47.469
13.66	13.66	0.081751	47.570
13.66	13.67	0.081767	47.670
13.66	13.67	0.081784	47.799
13.66	13.67	0.081801	47.894
13.68	13.68	0.081817	47.994
13.68	13.68	0.081834	48.098
13.68	13.68	0.081851	48.193
13.68	13.69	0.081867	48.292
13.68	13.69	0.081884	48.397
13.68	13.69	0.081901	48.491
13.68	13.70	0.081917	48.591
13.68	13.70	0.081934	48.695
13.71	13.70	0.081951	48.791
13.71	13.71	0.081967	48.890
13.71	13.71	0.081984	48.995
13.71	13.71	0.082001	49.090
13.71	13.72	0.082017	49.189
13.71	13.72	0.082034	49.294
13.71	13.73	0.082051	49.388
13.74	13.73	0.082067	49.488
13.74	13.73	0.082084	49.592
13.74	13.74	0.082100	49.687
13.74	13.74	0.082117	49.787
13.74	13.74	0.082134	49.891
13.74	13.75	0.082150	49.986
13.74	13.75	0.082167	50.087
13.74	13.75	0.082184	50.190
13.74	13.76	0.082200	50.284
13.76	13.76	0.082217	50.387
13.76	13.76	0.082234	50.488
13.76	13.77	0.082250	50.583
13.76	13.77	0.082267	50.687
13.76	13.77	0.082284	50.787
13.76	13.78	0.082300	50.882
13.76	13.78	0.082317	50.986
13.76	13.78	0.082334	51.086
13.79	13.78	0.082350	51.181
13.79	13.79	0.082367	51.286
13.79	13.79	0.082384	51.385
13.79	13.79	0.082400	51.480
13.79	13.80	0.082417	51.585
13.79	13.80	0.082434	51.684
13.79	13.80	0.082450	51.779
13.79	13.80	0.082467	51.883
13.81	13.81	0.082484	51.983
13.81	13.81	0.082500	52.077
13.81	13.81	0.082517	52.182
13.81	13.82	0.082534	52.277
13.81	13.82	0.082550	52.376
13.81	13.82	0.082567	52.481
13.81	13.82	0.082584	52.575
13.84	13.83	0.082600	52.675
13.84	13.83	0.082617	52.779
13.84	13.83	0.082634	52.874
13.84	13.83	0.082650	52.973
13.84	13.83	0.082667	53.078
13.84	13.84	0.082684	53.173
13.84	13.84	0.082700	53.272
13.84	13.84	0.082717	53.377
13.84	13.84	0.082734	53.471
13.84	13.84	0.082750	53.571
13.86	13.85	0.082767	53.676
13.86	13.85	0.082784	53.771
13.86	13.85	0.082800	53.872
13.86	13.85	0.082817	53.975
13.86	13.85	0.082834	54.071
13.86	13.85	0.082850	54.171
13.86	13.85	0.082867	54.274
13.86	13.86	0.082884	54.371
13.86	13.86	0.082900	54.472
13.86	13.86	0.082917	54.572
13.86	13.86	0.082933	54.673
13.89	13.86	0.082950	54.772
13.89	13.86	0.082967	54.872
13.89	13.86	0.082983	54.972
13.89	13.86	0.083000	55.072
13.89	13.86	0.083017	55.172
13.89	13.86	0.083033	55.272
13.89	13.86	0.083050	55.372
13.89	13.86	0.083067	55.472
13.89	13.87	0.083083	55.572
13.89	13.87	0.083100	55.673
13.89	13.87	0.083117	55.772
13.86	13.87	0.083133	55.872
13.86	13.87	0.083150	55.972
13.86	13.87	0.083167	56.072
13.86	13.87	0.083183	56.172
13.86	13.87	0.083200	56.272
13.86	13.87	0.083217	56.373
13.86	13.87	0.083233	56.472
13.86	13.87	0.083250	56.572
13.86	13.87	0.083267	56.672
13.86	13.87	0.083283	56.772
13.86	13.87	0.083300	56.872
13.86	13.86	0.083317	56.972
13.86	13.86	0.083333	57.072
13.86	13.86	0.083350	57.172
13.86	13.86	0.083367	57.273
13.89	13.86	0.083383	57.372
13.89	13.86	0.083400	57.472
13.89	13.86	0.083417	57.572
13.89	13.86	0.083433	57.672
13.89	13.86	0.083450	57.771
13.89	13.86	0.083467	57.872
13.89	13.86	0.083483	57.972
13.89	13.86	0.083500	58.072
13.89	13.86	0.083517	58.172
13.86	13.85	0.083533	58.272
13.86	13.85	0.083550	58.372
13.86	13.85	0.083567	58.472
13.86	13.85	0.083583	58.572
13.86	13.85	0.083600	58.672
13.86	13.85	0.083617	58.772
13.86	13.85	0.083633	58.873
13.86	13.85	0.083650	58.971
13.86	13.84	0.083667	59.072
13.84	13.84	0.083683	59.171
13.84	13.84	0.083700	59.271
13.84	13.84	0.083717	59.371
13.84	13.84	0.083733	59.471
13.84	13.84	0.083750	59.572
13.84	13.83	0.083766	59.672
13.84	13.83	0.083783	59.772
13.84	13.83	0.083800	59.872
13.84	13.83	0.083816	59.996
13.84	13.83	0.083833	00.071
13.84	13.83	0.083850	00.195
13.84	13.82	0.083866	00.295
13.84	13.82	0.083883	00.400
13.84	13.82	0.083900	00.494
13.84	13.82	0.083916	00.594
13.81	13.82	0.083933	00.698
13.81	13.82	0.083950	00.793
13.81	13.81	0.083966	00.892
13.81	13.81	0.083983	00.998
13.81	13.81	0.084000	01.091
13.81	13.81	0.084016	01.192
13.81	13.81	0.084033	01.297
13.81	13.81	0.084050	01.391
13.81	13.80	0.084066	01.491
13.81	13.80	0.084083	01.595
13.81	13.80	0.084100	01.690
13.81	13.80	0.084116	01.789
13.81	13.80	0.084133	01.894
13.81	13.80	0.084150	01.989
13.79	13.79	0.084166	02.088
13.79	13.79	0.084183	02.193
13.79	13.79	0.084200	02.287
13.79	13.79	0.084216	02.387
13.79	13.79	0.084233	02.491
13.79	13.79	0.084250	02.586
13.79	13.78	0.084266	02.685
13.79	13.78	0.084283	02.790
13.79	13.78	0.084300	02.885
13.79	13.78	0.084316	02.986
13.79	13.78	0.084333	03.090
13.79	13.78	0.084350	03.184
13.79	13.78	0.084366	03.286
13.79	13.78	0.084383	03.388
13.79	13.77	0.084400	03.483
13.76	13.77	0.084416	03.586
13.76	13.77	0.084433	03.687
13.76	13.77	0.084450	03.782
13.76	13.77	0.084466	03.885
13.76	13.77	0.084483	03.986
13.76	13.77	0.084500	04.080
13.76	13.77	0.084516	04.185
13.76	13.77	0.084533	04.284
13.76	13.77	0.084550	04.379
13.76	13.77	0.084566	04.484
13.76	13.76	0.084583	04.583
13.76	13.76	0.084599	04.678
13.76	13.76	0.084616	04.782
13.76	13.76	0.084633	04.882
13.76	13.76	0.084649	04.977
13.76	13.76	0.084666	05.081
13.76	13.76	0.084683	05.181
13.76	13.76	0.084699	05.276
13.76	13.76	0.084716	05.380
13.76	13.76	0.084733	05.475
13.76	13.76	0.084749	05.574
13.76	13.76	0.084766	05.679
13.76	13.76	0.084783	05.773
13.76	13.76	0.084799	05.873
13.76	13.76	0.084816	05.978
13.76	13.76	0.084833	06.073
13.76	13.76	0.084849	06.172
13.76	13.76	0.084866	06.277
13.76	13.76	0.084883	06.372
13.76	13.76	0.084899	06.472
13.76	13.77	0.084916	06.575
13.76	13.77	0.084933	06.672
13.76	13.77	0.084949	06.773
13.76	13.77	0.084966	06.874
13.76	13.77	0.084983	06.972
13.76	13.77	0.084999	07.072
13.76	13.77	0.085016	07.173
13.76	13.77	0.085033	07.272
13.76	13.77	0.085049	07.372
13.76	13.77	0.085066	07.472
13.76	13.78	0.085083	07.572
13.76	13.78	0.085099	07.673
13.76	13.78	0.085116	07.772
13.76	13.78	0.085133	07.872
13.76	13.78	0.085149	07.973
13.76	13.78	0.085166	08.073
13.76	13.78	0.085183	08.173
13.76	13.79	0.085199	08.273
13.76	13.79	0.085216	08.373
13.76	13.79	0.085233	08.473
13.76	13.79	0.085249	08.574
13.76	13.79	0.085266	08.673
13.76	13.80	0.085283	08.773
13.76	13.80	0.085299	08.873
13.76	13.80	0.085316	08.973
13.79	13.80	0.085333	09.073
13.79	13.81	0.085349	09.173
13.79	13.81	0.085366	09.273
13.79	13.81	0.085383	09.373
13.79	13.81	0.085399	09.474
13.79	13.82	0.085416	09.573
13.81	13.82	0.085432	09.673
13.81	13.82	0.085449	09.774
13.81	13.82	0.085466	09.874
13.81	13.83	0.085482	09.974
13.81	13.83	0.085499	10.074
13.81	13.83	0.085516	10.174
13.84	13.83	0.085532	10.275
13.84	13.84	0.085549	10.374
13.84	13.84	0.085566	10.474
13.84	13.84	0.085582	10.574
13.84	13.85	0.085599	10.674
13.84	13.85	0.085616	10.774
13.84	13.85	0.085632	10.874
13.86	13.86	0.085649	10.974
13.86	13.86	0.085666	11.074
13.86	13.86	0.085682	11.174
13.86	13.87	0.085699	11.274
13.86	13.87	0.085716	11.374
13.86	13.87	0.085732	11.474
13.86	13.88	0.085749	11.575
13.86	13.88	0.085766	11.674
13.86	13.88	0.085782	11.774
13.86	13.89	0.085799	11.874
13.89	13.89	0.085816	11.974
13.89	13.89	0.085832	12.074
13.89	13.90	0.085849	12.174
13.89	13.90	0.085866	12.298
13.89	13.90	0.085882	12.403
13.89	13.91	0.085899	12.502
13.92	13.91	0.085916	12.597
13.92	13.91	0.085932	12.702
13.92	13.92	0.085949	12.801
13.92	13.92	0.085966	12.896
13.92	13.92	0.085982	13.000
13.92	13.93	0.085999	13.100
13.92	13.93	0.086016	13.194
13.92	13.93	0.086032	13.299
13.94	13.94	0.086049	13.394
13.94	13.94	0.086066	13.493
13.94	13.95	0.086082	13.598
13.94	13.95	0.086099	13.692
13.94	13.95	0.086116	13.792
13.94	13.96	0.086132	13.897
13.94	13.96	0.086149	13.991
13.94	13.96	0.086166	14.091
13.97	13.97	0.086182	14.196
13.97	13.97	0.086199	14.291
13.97	13.97	0.086216	14.390
13.97	13.98	0.086232	14.495
13.97	13.98	0.086249	14.589
13.97	13.98	0.086265	14.689
13.97	13.99	0.086282	14.793
13.99	13.99	0.086299	14.888
13.99	13.99	0.086315	14.988
13.99	13.99	0.086332	15.092
13.99	14.00	0.086349	15.187
13.99	14.00	0.086365	15.286
13.99	14.00	0.086382	15.391
13.99	14.01	0.086399	15.485
13.99	14.01	0.086415	15.585
14.02	14.01	0.086432	15.689
14.02	14.02	0.086449	15.784
14.02	14.02	0.086465	15.885
14.02	14.02	0.086482	15.988
14.02	14.02	0.086499	16.084
14.02	14.03	0.086515	16.184
14.02	14.03	0.086532	16.288
14.02	14.03	0.086549	16.382
14.02	14.03	0.086565	16.484
14.04	14.04	0.086582	16.586
14.04	14.04	0.086599	16.681
14.04	14.04	0.086615	16.784
14.04	14.04	0.086632	16.885
14.04	14.05	0.086649	16.979
14.04	14.05	0.086665	17.084
14.04	14.05	0.086682	17.183
14.04	14.05	0.086699	17.278
14.04	14.05	0.086715	17.384
14.07	14.06	0.086732	17.483
14.07	14.06	0.086749	17.578
14.07	14.06	0.086765	17.682
14.07	14.06	0.086782	17.782
14.07	14.06	0.086799	17.876
14.07	14.06	0.086815	17.981
14.07	14.06	0.086832	18.080
14.07	14.07	0.086849	18.177
14.07	14.07	0.086865	18.280
14.07	14.07	0.086882	18.379
14.07	14.07	0.086899	18.477
14.07	14.07	0.086915	18.578
14.09	14.07	0.086932	18.680
14.09	14.07	0.086949	18.777
14.09	14.07	0.086965	18.878
14.09	14.08	0.086982	18.980
14.09	14.08	0.086999	19.077
14.09	14.08	0.087015	19.177
14.09	14.08	0.087032	19.280
14.09	14.08	0.087049	19.377
14.09	14.08	0.087065	19.477
14.09	14.08	0.087082	19.579
14.09	14.08	0.087098	19.678
14.09	14.08	0.087115	19.779
14.09	14.08	0.087132	19.879
14.09	14.08	0.087148	19.978
14.09	14.08	0.087165	20.078
14.09	14.08	0.087182	20.180
14.09	14.08	0.087198	20.278
14.09	14.08	0.087215	20.378
14.09	14.08	0.087232	20.480
14.09	14.08	0.087248	20.578
14.09	14.08	0.087265	20.678
14.09	14.08	0.087282	20.779
14.09	14.08	0.087298	20.878
14.09	14.08	0.087315	20.978
14.09	14.08	0.087332	21.079
14.09	14.08	0.087348	21.178
14.09	14.08	0.087365	21.278
14.09	14.08	0.087382	21.380
14.09	14.08	0.087398	21.478
14.09	14.07	0.087415	21.578
14.09	14.07	0.087432	21.679
14.09	14.07	0.087448	21.778
14.09	14.07	0.087465	21.877
14.09	14.07	0.087482	21.979
14.09	14.07	0.087498	22.079
14.09	14.07	0.087515	22.178
14.09	14.07	0.087532	22.280
14.09	14.07	0.087548	22.378
14.09	14.07	0.087565	22.478
14.07	14.06	0.087582	22.579
14.07	14.06	0.087598	22.678
14.07	14.06	0.087615	22.778
14.07	14.06	0.087632	22.879
14.07	14.06	0.087648	22.979
14.07	14.06	0.087665	23.077
14.07	14.06	0.087682	23.180
14.07	14.05	0.087698	23.278
14.07	14.05	0.087715	23.378
14.07	14.05	0.087732	23.479
14.07	14.05	0.087748	23.578
14.07	14.05	0.087765	23.679
14.07	14.05	0.087782	23.779
14.07	14.04	0.087798	23.878
14.04	14.04	0.087815	23.977
14.04	14.04	0.087832	24.079
14.04	14.04	0.087848	24.206
14.04	14.04	0.087865	24.301
14.04	14.04	0.087882	24.379
14.04	14.03	0.087898	24.506
14.04	14.03	0.087915	24.600
14.04	14.03	0.087931	24.679
14.04	14.03	0.087948	24.805
14.04	14.03	0.087965	24.899
14.04	14.03	0.087981	25.004
14.02	14.02	0.087998	25.103
14.02	14.02	0.088015	25.198
14.02	14.02	0.088031	25.302
14.02	14.02	0.088048	25.402
14.02	14.02	0.088065	25.497
14.02	14.02	0.088081	25.601
14.02	14.01	0.088098	25.701
14.02	14.01	0.088115	25.795
14.02	14.01	0.088131	25.900
14.02	14.01	0.088148	25.999
14.02	14.01	0.088165	26.094
14.02	14.01	0.088181	26.198
14.02	14.00	0.088198	26.293
14.02	14.00	0.088215	26.393
14.02	14.00	0.088231	26.497
14.02	14.00	0.088248	26.592
14.02	14.00	0.088265	26.692
13.99	14.00	0.088281	26.797
13.99	14.00	0.088298	26.890
13.99	13.99	0.088315	26.991
13.99	13.99	0.088331	27.095
13.99	13.99	0.088348	27.190
13.99	13.99	0.088365	27.290
13.99	13.99	0.088381	27.394
13.99	13.99	0.088398	27.489
13.99	13.99	0.088415	27.588
13.99	13.99	0.088431	27.693
13.99	13.98	0.088448	27.787
13.99	13.98	0.088465	27.887
13.99	13.98	0.088481	27.992
13.97	13.98	0.088498	28.086
13.97	13.98	0.088515	28.186
13.97	13.98	0.088531	28.290
13.97	13.98	0.088548	28.385
13.97	13.98	0.088565	28.485
13.97	13.98	0.088581	28.589
13.97	13.98	0.088598	28.684
13.97	13.98	0.088615	28.783
13.97	13.98	0.088631	28.888
13.97	13.98	0.088648	28.983
13.97	13.98	0.088665	29.083
13.97	13.98	0.088681	29.187
13.97	13.98	0.088698	29.282
13.97	13.98	0.088715	29.383
13.97	13.98	0.088731	29.486
13.97	13.98	0.088748	29.580
13.97	13.98	0.088764	29.683
13.97	13.98	0.088781	29.784
13.97	13.98	0.088798	29.880
13.97	13.98	0.088814	29.983
13.97	13.98	0.088831	30.083
13.97	13.98	0.088848	30.180
13.97	13.98	0.088864	30.282
13.97	13.98	0.088881	30.382
13.97	13.98	0.088898	30.480
13.97	13.98	0.088914	30.581
13.97	13.98	0.088931	30.680
13.97	13.98	0.088948	30.780
13.97	13.98	0.088964	30.881
13.97	13.98	0.088981	30.980
13.97	13.98	0.088998	31.080
13.97	13.98	0.089014	31.181
13.97	13.98	0.089031	31.281
13.97	13.99	0.089048	31.381
13.97	13.99	0.089064	31.481
13.97	13.99	0.089081	31.581
13.97	13.99	0.089098	31.681
13.97	13.99	0.089114	31.781
13.97	13.99	0.089131	31.881
13.97	13.99	0.089148	31.981
13.97	14.00	0.089164	32.081
13.99	14.00	0.089181	32.181
13.99	14.00	0.089198	32.281
13.99	14.00	0.089214	32.381
13.99	14.00	0.089231	32.482
13.99	14.01	0.089248	32.581
13.99	14.01	0.089264	32.681
13.99	14.01	0.089281	32.781
13.99	14.01	0.089298	32.881
13.99	14.01	0.089314	32.982
14.02	14.02	0.089331	33.082
14.02	14.02	0.089348	33.182
14.02	14.02	0.089364	33.283
14.02	14.02	0.089381	33.382
14.02	14.03	0.089398	33.482
14.02	14.03	0.089414	33.582
14.02	14.03	0.089431	33.682
14.02	14.03	0.089448	33.782
14.02	14.04	0.089464	33.882
14.02	14.04	0.089481	33.982
14.04	14.04	0.089498	34.082
14.04	14.05	0.089514	34.183
14.04	14.05	0.089531	34.282
14.04	14.05	0.089548	34.382
14.04	14.05	0.089564	34.482
14.04	14.06	0.089581	34.582
14.04	14.06	0.089597	34.682
14.04	14.06	0.089614	34.782
14.04	14.07	0.089631	34.883
14.04	14.07	0.089647	34.982
14.04	14.07	0.089664	35.082
14.07	14.08	0.089681	35.182
14.07	14.08	0.089697	35.282
14.07	14.08	0.089714	35.382
14.07	14.09	0.089731	35.482
14.07	14.09	0.089747	35.583
14.07	14.09	0.089764	35.682
14.07	14.10	0.089781	35.782
14.09	14.10	0.089797	35.910
14.09	14.10	0.089814	36.006
14.09	14.11	0.089831	36.105
14.09	14.11	0.089847	36.210
14.09	14.11	0.089864	36.304
14.09	14.12	0.089881	36.404
14.12	14.12	0.089897	36.508
14.12	14.12	0.089914	36.603
14.12	14.13	0.089931	36.703
14.12	14.13	0.089947	36.807
14.12	14.13	0.089964	36.901
14.15	14.14	0.089981	37.003
14.15	14.14	0.089997	37.106
14.15	14.14	0.090014	37.201
14.15	14.15	0.090031	37.303
14.15	14.15	0.090047	37.405
14.15	14.16	0.090064	37.500
14.15	14.16	0.090081	37.603
14.15	14.16	0.090097	37.704
14.15	14.17	0.090114	37.798
14.15	14.17	0.090131	37.903
14.17	14.17	0.090147	38.002
14.17	14.18	0.090164	38.097
14.17	14.18	0.090181	38.202
14.17	14.18	0.090197	38.301
14.17	14.19	0.090214	38.396
14.17	14.19	0.090231	38.500
14.17	14.19	0.090247	38.600
14.20	14.20	0.090264	38.694
14.20	14.20	0.090281	38.799
14.20	14.20	0.090297	38.899
14.20	14.21	0.090314	38.993
14.20	14.21	0.090331	39.098
14.20	14.21	0.090347	39.192
14.22	14.21	0.090364	39.293
14.22	14.22	0.090381	39.396
14.22	14.22	0.090397	39.491
14.22	14.22	0.090414	39.592
14.22	14.23	0.090430	39.696
14.22	14.23	0.090447	39.791
14.22	14.23	0.090464	39.890
14.22	14.23	0.090480	39.995
14.25	14.24	0.090497	40.089
14.25	14.24	0.090514	40.189
14.25	14.24	0.090530	40.293
14.25	14.24	0.090547	40.388
14.25	14.25	0.090564	40.488
14.25	14.25	0.090580	40.592
14.25	14.25	0.090597	40.687
14.27	14.25	0.090614	40.786
14.27	14.26	0.090630	40.891
14.27	14.26	0.090647	40.986
14.27	14.26	0.090664	41.086
14.27	14.26	0.090680	41.190
14.27	14.26	0.090697	41.285
14.27	14.27	0.090714	41.384
14.27	14.27	0.090730	41.489
14.27	14.27	0.090747	41.583
14.27	14.27	0.090764	41.683
14.27	14.27	0.090780	41.787
14.27	14.28	0.090797	41.882
14.27	14.28	0.090814	41.983
14.27	14.28	0.090830	42.086
14.30	14.28	0.090847	42.182
14.30	14.28	0.090864	42.282
14.30	14.28	0.090880	42.385
14.30	14.28	0.090897	42.482
14.30	14.28	0.090914	42.583
14.30	14.29	0.090930	42.683
14.30	14.29	0.090947	42.782
14.30	14.29	0.090964	42.883
14.30	14.29	0.090980	42.983
14.30	14.29	0.090997	43.082
14.30	14.29	0.091014	43.182
14.30	14.29	0.091030	43.282
14.30	14.29	0.091047	43.382
14.30	14.29	0.091064	43.482
14.30	14.29	0.091080	43.583
14.30	14.29	0.091097	43.682
14.30	14.29	0.091114	43.782
14.30	14.29	0.091130	43.882
14.30	14.29	0.091147	43.982
14.30	14.29	0.091164	44.082
14.30	14.29	0.091180	44.183
14.30	14.29	0.091197	44.282
14.30	14.29	0.091214	44.382
14.30	14.29	0.091230	44.482
14.30	14.29	0.091247	44.582
14.30	14.29	0.091263	44.682
14.30	14.29	0.091280	44.782
14.30	14.29	0.091297	44.882
14.30	14.29	0.091313	44.982
14.30	14.29	0.091330	45.083
14.30	14.29	0.091347	45.182
14.30	14.29	0.091363	45.282
14.30	14.29	0.091380	45.382
14.30	14.29	0.091397	45.482
14.30	14.29	0.091413	45.582
14.30	14.29	0.091430	45.682
14.30	14.29	0.091447	45.782
14.30	14.28	0.091463	45.882
14.30	14.28	0.091480	45.983
14.30	14.28	0.091497	46.082
14.30	14.28	0.091513	46.182
14.30	14.28	0.091530	46.282
14.30	14.28	0.091547	46.382
14.30	14.28	0.091563	46.482
14.30	14.28	0.091580	46.582
14.30	14.28	0.091597	46.683
14.30	14.27	0.091613	46.782
14.27	14.27	0.091630	46.882
14.27	14.27	0.091647	46.982
14.27	14.27	0.091663	47.082
14.27	14.27	0.091680	47.182
14.27	14.27	0.091697	47.282
14.27	14.27	0.091713	47.382
14.27	14.26	0.091730	47.482
14.27	14.26	0.091747	47.583
14.27	14.26	0.091763	47.682
14.27	14.26	0.091780	47.782
14.27	14.26	0.091797	47.881
14.27	14.26	0.091813	47.982
14.27	14.25	0.091830	48.082
14.27	14.25	0.091847	48.182
14.25	14.25	0.091863	48.283
14.25	14.25	0.091880	48.382
14.25	14.25	0.091897	48.482
14.25	14.25	0.091913	48.606
14.25	14.24	0.091930	48.705
14.25	14.24	0.091947	48.811
14.25	14.24	0.091963	48.905
14.25	14.24	0.091980	49.005
14.25	14.24	0.091997	49.109
14.25	14.24	0.092013	49.204
14.25	14.23	0.092030	49.304
14.25	14.23	0.092047	49.408
14.25	14.23	0.092063	49.503
14.22	14.23	0.092080	49.602
14.22	14.23	0.092096	49.707
14.22	14.23	0.092113	49.801
14.22	14.22	0.092130	49.902
14.22	14.22	0.092146	50.005
14.22	14.22	0.092163	50.100
14.22	14.22	0.092180	50.202
14.22	14.22	0.092196	50.304
14.22	14.22	0.092213	50.399
14.22	14.21	0.092230	50.502
14.22	14.21	0.092246	50.603
14.22	14.21	0.092263	50.697
14.22	14.21	0.092280	50.802
14.22	14.21	0.092296	50.902
14.20	14.21	0.092313	50.996
14.20	14.21	0.092330	51.101
14.20	14.20	0.092346	51.200
14.20	14.20	0.092363	51.295
14.20	14.20	0.092380	51.400
14.20	14.20	0.092396	51.499
14.20	14.20	0.092413	51.593
14.20	14.20	0.092430	51.699
14.20	14.20	0.092446	51.798
14.20	14.20	0.092463	51.893
14.20	14.20	0.092480	51.997
14.20	14.20	0.092496	52.092
14.20	14.19	0.092513	52.192
14.20	14.19	0.092530	52.297
14.20	14.19	0.092546	52.391
14.20	14.19	0.092563	52.491
14.17	14.19	0.092580	52.596
14.17	14.19	0.092596	52.690
14.17	14.19	0.092613	52.790
14.17	14.19	0.092630	52.894
14.17	14.19	0.092646	52.989
14.17	14.19	0.092663	53.088
14.17	14.19	0.092680	53.193
14.17	14.19	0.092696	53.288
14.17	14.19	0.092713	53.387
14.17	14.19	0.092730	53.492
14.17	14.19	0.092746	53.586
14.17	14.19	0.092763	53.685
14.17	14.19	0.092780	53.791
14.17	14.19	0.092796	53.885
14.17	14.19	0.092813	53.985
14.17	14.19	0.092830	54.089
14.17	14.19	0.092846	54.184
14.20	14.19	0.092863	54.284
14.20	14.19	0.092880	54.388
14.20	14.19	0.092896	54.483
14.20	14.19	0.092913	54.582
14.20	14.19	0.092929	54.687
14.20	14.19	0.092946	54.782
14.20	14.19	0.092963	54.882
14.20	14.20	0.092979	54.986
14.20	14.20	0.092996	55.082
14.20	14.20	0.093013	55.182
14.20	14.20	0.093029	55.284
14.20	14.20	0.093046	55.382
14.20	14.20	0.093063	55.482
14.20	14.20	0.093079	55.583
14.20	14.20	0.093096	55.682
14.20	14.20	0.093113	55.782
14.20	14.21	0.093129	55.883
14.20	14.21	0.093146	55.982
14.20	14.21	0.093163	56.082
14.20	14.21	0.093179	56.182
14.20	14.21	0.093196	56.282
14.20	14.22	0.093213	56.382
14.20	14.22	0.093229	56.482
14.20	14.22	0.093246	56.583
14.20	14.22	0.093263	56.682
14.20	14.22	0.093279	56.782
14.20	14.23	0.093296	56.882
14.20	14.23	0.093313	56.982
14.20	14.23	0.093329	57.082
14.20	14.23	0.093346	57.182
14.20	14.23	0.093363	57.282
14.20	14.24	0.093379	57.382
14.20	14.24	0.093396	57.483
14.22	14.24	0.093413	57.582
14.22	14.24	0.093429	57.682
14.22	14.25	0.093446	57.782
14.22	14.25	0.093463	57.882
14.22	14.25	0.093479	57.982
14.22	14.26	0.093496	58.081
14.25	14.26	0.093513	58.181
14.25	14.26	0.093529	58.281
14.25	14.26	0.093546	58.383
14.25	14.27	0.093563	58.482
14.25	14.27	0.093579	58.582
14.27	14.27	0.093596	58.682
14.27	14.28	0.093613	58.782
14.27	14.28	0.093629	58.882
14.27	14.28	0.093646	58.982
14.27	14.29	0.093663	59.083
14.27	14.29	0.093679	59.182
14.30	14.29	0.093696	59.282
14.30	14.30	0.093713	59.382
14.30	14.30	0.093729	59.482
14.30	14.30	0.093746	59.582
14.30	14.31	0.093762	59.682
14.30	14.31	0.093779	59.782
14.30	14.31	0.093796	59.882
14.30	14.32	0.093812	59.983
14.33	14.32	0.093829	00.082
14.33	14.32	0.093846	00.182
14.33	14.33	0.093862	00.282
14.33	14.33	0.093879	00.382
14.33	14.33	0.093896	00.481
14.33	14.34	0.093912	00.582
14.33	14.34	0.093929	00.683
14.33	14.34	0.093946	00.782
14.33	14.35	0.093962	00.882
14.35	14.35	0.093979	00.982
14.35	14.35	0.093996	01.082
14.35	14.36	0.094012	01.182
14.35	14.36	0.094029	01.306
14.35	14.37	0.094046	01.411
14.35	14.37	0.094062	01.505
14.35	14.37	0.094079	01.605
14.35	14.38	0.094096	01.710
14.38	14.38	0.094112	01.804
14.38	14.38	0.094129	01.904
14.38	14.39	0.094146	02.008
14.38	14.39	0.094162	02.103
14.38	14.39	0.094179	02.202
14.38	14.40	0.094196	02.307
14.40	14.40	0.094212	02.402
14.40	14.40	0.094229	02.501
14.40	14.41	0.094246	02.606
14.40	14.41	0.094262	02.700
14.40	14.41	0.094279	02.801
14.40	14.42	0.094296	02.904
14.43	14.42	0.094312	03.000
14.43	14.42	0.094329	03.101
14.43	14.42	0.094346	03.204
14.43	14.43	0.094362	03.299
14.43	14.43	0.094379	03.401
14.43	14.43	0.094396	03.503
14.43	14.44	0.094412	03.597
14.45	14.44	0.094429	03.701
14.45	14.44	0.094446	03.801
14.45	14.44	0.094462	03.896
14.45	14.45	0.094479	04.001
14.45	14.45	0.094496	04.100
14.45	14.45	0.094512	04.195
14.45	14.46	0.094529	04.299
14.45	14.46	0.094546	04.399
14.45	14.46	0.094562	04.493
14.45	14.46	0.094579	04.598
14.48	14.47	0.094595	04.698
14.48	14.47	0.094612	04.792
14.48	14.47	0.094629	04.897
14.48	14.47	0.094645	04.996
14.48	14.47	0.094662	05.092
14.48	14.48	0.094679	05.195
14.48	14.48	0.094695	05.290
14.48	14.48	0.094712	05.390
14.48	14.48	0.094729	05.495
14.48	14.48	0.094745	05.589
14.50	14.49	0.094762	05.689
14.50	14.49	0.094779	05.794
14.50	14.49	0.094795	05.888
14.50	14.49	0.094812	05.988
14.50	14.49	0.094829	06.092
14.50	14.49	0.094845	06.187
14.50	14.49	0.094862	06.287
14.50	14.50	0.094879	06.391
14.50	14.50	0.094895	06.486
14.50	14.50	0.094912	06.585
14.50	14.50	0.094929	06.690
14.50	14.50	0.094945	06.784
14.50	14.50	0.094962	06.884
14.50	14.50	0.094979	06.988
14.50	14.50	0.094995	07.083
14.53	14.50	0.095012	07.183
14.53	14.50	0.095029	07.287
14.53	14.50	0.095045	07.382
14.53	14.50	0.095062	07.482
14.53	14.51	0.095079	07.587
14.53	14.51	0.095095	07.682
14.53	14.51	0.095112	07.782
14.53	14.51	0.095129	07.886
14.53	14.51	0.095145	07.982
14.50	14.51	0.095162	08.082
14.50	14.51	0.095179	08.184
14.50	14.51	0.095195	08.282
14.50	14.51	0.095212	08.382
14.50	14.51	0.095229	08.483
14.50	14.51	0.095245	08.583
14.50	14.51	0.095262	08.682
14.50	14.51	0.095279	08.782
14.50	14.51	0.095295	08.882
14.50	14.50	0.095312	08.982
14.50	14.50	0.095329	09.081
14.50	14.50	0.095345	09.182
14.50	14.50	0.095362	09.283
14.50	14.50	0.095379	09.382
14.50	14.50	0.095395	09.482
14.50	14.50	0.095412	09.582
14.50	14.50	0.095428	09.682
14.53	14.50	0.095445	09.782
14.53	14.50	0.095462	09.882
14.53	14.50	0.095478	09.983
14.53	14.50	0.095495	10.083
14.53	14.50	0.095512	10.184
14.53	14.49	0.095528	10.283
14.53	14.49	0.095545	10.383
14.53	14.49	0.095562	10.483
14.53	14.49	0.095578	10.583
14.50	14.49	0.095595	10.683
14.50	14.49	0.095612	10.783
14.50	14.49	0.095628	10.884
14.50	14.49	0.095645	10.983
14.50	14.48	0.095662	11.083
14.50	14.48	0.095678	11.183
14.50	14.48	0.095695	11.283
14.50	14.48	0.095712	11.383
14.48	14.48	0.095728	11.483
14.48	14.48	0.095745	11.583
14.48	14.47	0.095762	11.683
14.48	14.47	0.095778	11.784
14.48	14.47	0.095795	11.883
14.48	14.47	0.095812	11.983
14.48	14.47	0.095828	12.083
14.48	14.47	0.095845	12.183
14.48	14.46	0.095862	12.283
14.45	14.46	0.095878	12.383
14.45	14.46	0.095895	12.483
14.45	14.46	0.095912	12.583
14.45	14.46	0.095928	12.683
14.45	14.46	0.095945	12.783
14.45	14.45	0.095962	12.883
14.45	14.45	0.095978	12.983
14.45	14.45	0.095995	13.083
14.45	14.45	0.096012	13.183
14.45	14.45	0.096028	13.283
14.45	14.45	0.096045	13.383
14.45	14.44	0.096062	13.508
14.45	14.44	0.096078	13.608
14.45	14.44	0.096095	13.712
14.45	14.44	0.096112	13.807
14.45	14.44	0.096128	13.907
14.45	14.44	0.096145	14.011
14.43	14.43	0.096162	14.106
14.43	14.43	0.096178	14.205
14.43	14.43	0.096195	14.310
14.43	14.43	0.096212	14.404
14.43	14.43	0.096228	14.504
14.43	14.43	0.096245	14.609
14.43	14.42	0.096261	14.703
14.43	14.42	0.096278	14.804
14.43	14.42	0.096295	14.908
14.43	14.42	0.096311	15.003
14.43	14.42	0.096328	15.102
14.43	14.42	0.096345	15.207
14.43	14.42	0.096361	15.302
14.43	14.42	0.096378	15.401
14.43	14.41	0.096395	15.506
14.43	14.41	0.096411	15.600
14.40	14.41	0.096428	15.700
14.40	14.41	0.096445	15.804
14.40	14.41	0.096461	15.899
14.40	14.41	0.096478	15.999
14.40	14.41	0.096495	16.103
14.40	14.41	0.096511	16.198
14.40	14.41	0.096528	16.299
14.40	14.41	0.096545	16.402
14.40	14.41	0.096561	16.496
14.40	14.40	0.096578	16.600
14.40	14.40	0.096595	16.700
14.40	14.40	0.096611	16.795
14.40	14.40	0.096628	16.899
14.40	14.40	0.096645	16.999
14.40	14.40	0.096661	17.095
14.40	14.40	0.096678	17.199
14.40	14.40	0.096695	17.299
14.40	14.40	0.096711	17.393
14.40	14.40	0.096728	17.498
14.40	14.40	0.096745	17.597
14.40	14.40	0.096761	17.692
14.40	14.40	0.096778	17.796
14.38	14.40	0.096795	17.896
14.38	14.40	0.096811	17.990
14.38	14.40	0.096828	18.095
14.38	14.40	0.096845	18.194
14.38	14.40	0.096861	18.289
14.38	14.40	0.096878	18.394
14.38	14.40	0.096895	18.488
14.38	14.41	0.096911	18.589
14.38	14.41	0.096928	18.693
14.40	14.41	0.096945	18.787
14.40	14.41	0.096961	18.887
14.40	14.41	0.096978	18.991
14.40	14.41	0.096995	19.086
14.40	14.41	0.097011	19.186
14.40	14.41	0.097028	19.290
14.40	14.41	0.097045	19.385
14.40	14.41	0.097061	19.485
14.40	14.42	0.097078	19.589
14.40	14.42	0.097094	19.685
14.40	14.42	0.097111	19.785
14.40	14.42	0.097128	19.888
14.40	14.42	0.097144	19.987
14.40	14.42	0.097161	20.087
14.43	14.42	0.097178	20.187
14.43	14.43	0.097194	20.287
14.43	14.43	0.097211	20.388
14.43	14.43	0.097228	20.487
14.43	14.43	0.097244	20.587
14.43	14.43	0.097261	20.687
14.43	14.44	0.097278	20.787
14.43	14.44	0.097294	20.887
14.43	14.44	0.097311	20.987
14.43	14.44	0.097328	21.088
14.43	14.45	0.097344	21.187
14.43	14.45	0.097361	21.287
14.43	14.45	0.097378	21.387
14.45	14.45	0.097394	21.487
14.45	14.46	0.097411	21.587
14.45	14.46	0.097428	21.687
14.45	14.46	0.097444	21.788
14.45	14.46	0.097461	21.887
14.45	14.47	0.097478	21.987
14.45	14.47	0.097494	22.087
14.45	14.47	0.097511	22.187
14.45	14.47	0.097528	22.287
14.45	14.48	0.097544	22.387
14.48	14.48	0.097561	22.487
14.48	14.48	0.097578	22.587
14.48	14.49	0.097594	22.688
14.48	14.49	0.097611	22.787
14.48	14.49	0.097628	22.887
14.48	14.50	0.097644	22.987
14.48	14.50	0.097661	23.087
14.48	14.50	0.097678	23.187
14.48	14.51	0.097694	23.287
14.48	14.51	0.097711	23.387
14.50	14.51	0.097728	23.488
14.50	14.52	0.097744	23.587
14.50	14.52	0.097761	23.687
14.50	14.52	0.097778	23.787
14.50	14.53	0.097794	23.887
14.50	14.53	0.097811	23.987
14.53	14.53	0.097828	24.087
14.53	14.54	0.097844	24.187
14.53	14.54	0.097861	24.287
14.53	14.54	0.097878	24.387
14.53	14.55	0.097894	24.487
14.53	14.55	0.097911	24.588
14.53	14.55	0.097927	24.687
14.56	14.56	0.097944	24.787
14.56	14.56	0.097961	24.887
14.56	14.56	0.097977	24.987
14.56	14.57	0.097994	25.087
14.56	14.57	0.098011	25.187
14.56	14.57	0.098027	25.287
14.58	14.58	0.098044	25.416
14.58	14.58	0.098061	25.487
14.58	14.59	0.098077	25.610
14.58	14.59	0.098094	25.715
14.58	14.59	0.098111	25.815
14.58	14.60	0.098127	25.909
14.58	14.60	0.098144	26.015
14.58	14.60	0.098161	26.114
14.61	14.61	0.098177	26.209
14.61	14.61	0.098194	26.313
14.61	14.61	0.098211	26.408
14.61	14.62	0.098227	26.508
14.61	14.62	0.098244	26.612
14.61	14.62	0.098261	26.706
14.61	14.63	0.098277	26.806
14.61	14.63	0.098294	26.910
14.63	14.63	0.098311	27.005
14.63	14.63	0.098327	27.104
14.63	14.64	0.098344	27.210
14.63	14.64	0.098361	27.304
14.63	14.64	0.098377	27.404
14.63	14.65	0.098394	27.509
14.66	14.65	0.098411	27.603
14.66	14.65	0.098427	27.703
14.66	14.66	0.098444	27.807
14.66	14.66	0.098461	27.902
14.66	14.66	0.098477	28.002
14.66	14.66	0.098494	28.106
14.66	14.67	0.098511	28.201
14.68	14.67	0.098527	28.300
14.68	14.67	0.098544	28.405
14.68	14.67	0.098561	28.499
14.68	14.68	0.098577	28.599
14.68	14.68	0.098594	28.704
14.68	14.68	0.098611	28.799
14.68	14.68	0.098627	28.898
14.68	14.69	0.098644	29.003
14.68	14.69	0.098661	29.097
14.71	14.69	0.098677	29.198
14.71	14.69	0.098694	29.301
14.71	14.69	0.098711	29.396
14.71	14.70	0.098727	29.498
14.71	14.70	0.098744	29.600
14.71	14.70	0.098760	29.695
14.71	14.70	0.098777	29.797
14.71	14.70	0.098794	29.899
14.71	14.70	0.098810	29.993
14.71	14.70	0.098827	30.098
14.71	14.71	0.098844	30.197
14.71	14.71	0.098860	30.292
14.71	14.71	0.098877	30.397
14.71	14.71	0.098894	30.496
14.74	14.71	0.098910	30.591
14.74	14.71	0.098927	30.696
14.74	14.71	0.098944	30.796
14.74	14.71	0.098960	30.890
14.74	14.72	0.098977	30.995
14.74	14.72	0.098994	31.095
14.74	14.72	0.099010	31.189
14.74	14.72	0.099027	31.294
14.74	14.72	0.099044	31.393
14.74	14.72	0.099060	31.488
14.74	14.72	0.099077	31.592
14.74	14.72	0.099094	31.688
14.74	14.72	0.099110	31.788
14.74	14.72	0.099127	31.891
14.74	14.72	0.099144	31.987
14.71	14.72	0.099160	32.088
14.71	14.72	0.099177	32.190
14.71	14.72	0.099194	32.293
14.71	14.72	0.099210	32.388
14.71	14.72	0.099227	32.488
14.71	14.72	0.099244	32.588
14.71	14.72	0.099260	32.689
14.71	14.72	0.099277	32.788
14.71	14.72	0.099294	32.893
14.71	14.72	0.099310	32.989
14.71	14.72	0.099327	33.089
14.71	14.72	0.099344	33.193
14.71	14.72	0.099360	33.289
14.71	14.72	0.099377	33.389
14.71	14.72	0.099394	33.493
14.71	14.71	0.099410	33.589
14.71	14.71	0.099427	33.689
14.71	14.71	0.099444	33.793
14.71	14.71	0.099460	33.889
14.71	14.71	0.099477	33.989
14.71	14.71	0.099494	34.093
14.71	14.71	0.099510	34.189
14.74	14.71	0.099527	34.289
14.74	14.71	0.099544	34.393
14.74	14.71	0.099560	34.489
14.74	14.70	0.099577	34.589
14.74	14.70	0.099593	34.693
14.74	14.70	0.099610	34.790
14.74	14.70	0.099627	34.889
14.71	14.70	0.099643	34.993
14.71	14.70	0.099660	35.089
14.71	14.70	0.099677	35.189
14.71	14.69	0.099693	35.292
14.71	14.69	0.099710	35.389
14.71	14.69	0.099727	35.489
14.71	14.69	0.099743	35.593
14.71	14.69	0.099760	35.689
14.71	14.69	0.099777	35.789
14.68	14.68	0.099793	35.893
14.68	14.68	0.099810	35.989
14.68	14.68	0.099827	36.089
14.68	14.68	0.099843	36.192
14.68	14.68	0.099860	36.289
14.68	14.68	0.099877	36.390
14.68	14.67	0.099893	36.493
14.68	14.67	0.099910	36.590
14.68	14.67	0.099927	36.692
14.68	14.67	0.099943	36.793
14.68	14.67	0.099960	36.891
14.66	14.67	0.099977	37.016
14.66	14.66	0.099993	37.092
14.66	14.66	0.100010	37.221
14.66	14.66	0.100027	37.315
14.66	14.66	0.100043	37.392
14.66	14.66	0.100060	37.520
14.66	14.66	0.100077	37.614
14.66	14.65	0.100093	37.692
14.66	14.65	0.100110	37.818
14.66	14.65	0.100127	37.913
14.66	14.65	0.100143	37.992
14.66	14.65	0.100160	38.117
14.66	14.65	0.100177	38.211
14.66	14.64	0.100193	38.316
14.66	14.64	0.100210	38.416
14.66	14.64	0.100227	38.510
14.66	14.64	0.100243	38.615
14.66	14.64	0.100260	38.714
14.63	14.64	0.100277	38.809
14.63	14.64	0.100293	38.913
14.63	14.63	0.100310	39.013
14.63	14.63	0.100327	39.108
14.63	14.63	0.100343	39.212
14.63	14.63	0.100360	39.312
14.63	14.63	0.100377	39.406
14.63	14.63	0.100393	39.511
14.63	14.63	0.100410	39.605
14.63	14.63	0.100426	39.706
14.63	14.62	0.100443	39.811
14.63	14.62	0.100460	39.905
14.61	14.62	0.100476	40.005
14.61	14.62	0.100493	40.109
14.61	14.62	0.100510	40.204
14.61	14.62	0.100526	40.303
14.61	14.62	0.100543	40.408
14.61	14.62	0.100560	40.502
14.61	14.62	0.100576	40.602
14.61	14.62	0.100593	40.707
14.61	14.62	0.100610	40.801
14.61	14.62	0.100626	40.901
14.61	14.62	0.100643	41.005
14.61	14.62	0.100660	41.100
14.61	14.62	0.100676	41.199
14.61	14.62	0.100693	41.304
14.61	14.62	0.100710	41.399
14.61	14.62	0.100726	41.498
14.61	14.62	0.100743	41.603
14.61	14.62	0.100760	41.697
14.61	14.62	0.100776	41.797
14.61	14.62	0.100793	41.901
14.61	14.62	0.100810	41.997
14.61	14.62	0.100826	42.096
14.61	14.62	0.100843	42.201
14.61	14.62	0.100860	42.296
14.61	14.62	0.100876	42.396
14.61	14.62	0.100893	42.500
14.61	14.62	0.100910	42.594
14.61	14.62	0.100926	42.696
14.61	14.62	0.100943	42.798
14.61	14.62	0.100960	42.894
14.61	14.62	0.100976	42.996
14.61	14.62	0.100993	43.097
14.61	14.62	0.101010	43.194
14.61	14.62	0.101026	43.296
14.61	14.63	0.101043	43.396
14.63	14.63	0.101060	43.494
14.63	14.63	0.101076	43.595
14.63	14.63	0.101093	43.695
14.63	14.63	0.101110	43.794
14.63	14.63	0.101126	43.894
14.63	14.63	0.101143	43.994
14.63	14.64	0.101160	44.094
14.63	14.64	0.101176	44.194
14.63	14.64	0.101193	44.294
14.63	14.64	0.101210	44.395
14.63	14.64	0.101226	44.494
14.63	14.65	0.101243	44.594
14.63	14.65	0.101259	44.694
14.63	14.65	0.101276	44.794
14.63	14.65	0.101293	44.894
14.63	14.65	0.101309	44.994
14.63	14.66	0.101326	45.094
14.63	14.66	0.101343	45.194
14.63	14.66	0.101359	45.295
14.63	14.66	0.101376	45.394
14.63	14.67	0.101393	45.494
14.66	14.67	0.101409	45.594
14.66	14.67	0.101426	45.694
14.66	14.67	0.101443	45.794
14.66	14.68	0.101459	45.894
14.66	14.68	0.101476	45.994
14.66	14.68	0.101493	46.094
14.66	14.69	0.101509	46.195
14.68	14.69	0.101526	46.294
14.68	14.69	0.101543	46.394
14.68	14.69	0.101559	46.494
14.68	14.70	0.101576	46.594
14.68	14.70	0.101593	46.694
14.68	14.70	0.101609	46.794
14.68	14.71	0.101626	46.895
14.71	14.71	0.101643	46.994
14.71	14.71	0.101659	47.094
14.71	14.72	0.101676	47.194
14.71	14.72	0.101693	47.294
14.71	14.72	0.101709	47.394
14.71	14.73	0.101726	47.494
14.74	14.73	0.101743	47.595
14.74	14.73	0.101759	47.695
14.74	14.74	0.101776	47.796
14.74	14.74	0.101793	47.895
14.74	14.74	0.101809	47.995
14.74	14.75	0.101826	48.095
14.74	14.75	0.101843	48.195
14.74	14.75	0.101859	48.295
14.74	14.76	0.101876	48.395
14.76	14.76	0.101893	48.496
14.76	14.76	0.101909	48.595
14.76	14.77	0.101926	48.695
14.76	14.77	0.101943	48.795
14.76	14.77	0.101959	48.895
14.76	14.78	0.101976	49.019
14.76	14.78	0.101993	49.119
14.79	14.78	0.102009	49.223
14.79	14.79	0.102026	49.318
14.79	14.79	0.102043	49.417
14.79	14.80	0.102059	49.522
14.79	14.80	0.102076	49.617
14.79	14.80	0.102092	49.716
14.79	14.81	0.102109	49.821
14.79	14.81	0.102126	49.915
14.81	14.81	0.102142	50.015
14.81	14.82	0.102159	50.119
14.81	14.82	0.102176	50.214
14.81	14.82	0.102192	50.316
14.81	14.83	0.102209	50.419
14.81	14.83	0.102226	50.514
14.81	14.83	0.102242	50.615
14.81	14.84	0.102259	50.718
14.84	14.84	0.102276	50.812
14.84	14.84	0.102292	50.915
14.84	14.85	0.102309	51.016
14.84	14.85	0.102326	51.111
14.84	14.85	0.102342	51.215
14.84	14.85	0.102359	51.315
14.86	14.86	0.102376	51.410
14.86	14.86	0.102392	51.514
14.86	14.86	0.102409	51.614
14.86	14.87	0.102426	51.708
14.86	14.87	0.102442	51.813
14.86	14.87	0.102459	51.913
14.86	14.87	0.102476	52.007
14.89	14.88	0.102492	52.112
14.89	14.88	0.102509	52.211
14.89	14.88	0.102526	52.307
14.89	14.88	0.102542	52.411
14.89	14.89	0.102559	52.511
14.89	14.89	0.102576	52.604
14.89	14.89	0.102592	52.710
14.89	14.89	0.102609	52.805
14.89	14.90	0.102626	52.904
14.92	14.90	0.102642	53.009
14.92	14.90	0.102659	53.103
14.92	14.90	0.102676	53.203
14.92	14.90	0.102692	53.307
14.92	14.91	0.102709	53.402
14.92	14.91	0.102726	53.501
14.92	14.91	0.102742	53.606
14.92	14.91	0.102759	53.701
14.92	14.91	0.102776	53.800
14.92	14.92	0.102792	53.905
14.92	14.92	0.102809	53.999
14.92	14.92	0.102826	54.099
14.92	14.92	0.102842	54.203
14.92	14.92	0.102859	54.298
14.92	14.92	0.102876	54.398
14.92	14.92	0.102892	54.502
14.92	14.92	0.102909	54.597
14.92	14.93	0.102925	54.697
14.92	14.93	0.102942	54.802
14.92	14.93	0.102959	54.897
14.92	14.93	0.102975	54.997
14.92	14.93	0.102992	55.100
14.94	14.93	0.103009	55.197
14.94	14.93	0.103025	55.298
14.94	14.93	0.103042	55.399
14.94	14.93	0.103059	55.497
14.94	14.93	0.103075	55.597
14.94	14.93	0.103092	55.698
14.94	14.93	0.103109	55.797
14.94	14.93	0.103125	55.897
14.94	14.93	0.103142	55.998
14.94	14.93	0.103159	56.097
14.94	14.93	0.103175	56.197
14.94	14.93	0.103192	56.297
14.94	14.93	0.103209	56.397
14.94	14.93	0.103225	56.497
14.94	14.93	0.103242	56.597
14.94	14.93	0.103259	56.697
14.94	14.93	0.103275	56.797
14.94	14.93	0.103292	56.898
14.94	14.93	0.103309	56.997
14.94	14.93	0.103325	57.097
14.97	14.93	0.103342	57.198
14.97	14.93	0.103359	57.298
14.97	14.93	0.103375	57.398
14.97	14.93	0.103392	57.498
14.97	14.93	0.103409	57.597
14.97	14.93	0.103425	57.698
14.94	14.93	0.103442	57.799
14.94	14.92	0.103459	57.898
14.94	14.92	0.103475	57.998
14.94	14.92	0.103492	58.098
14.94	14.92	0.103509	58.198
14.94	14.92	0.103525	58.298
14.94	14.92	0.103542	58.398
14.94	14.92	0.103559	58.499
14.94	14.92	0.103575	58.598
14.92	14.92	0.103592	58.698
14.92	14.91	0.103609	58.798
14.92	14.91	0.103625	58.898
14.92	14.91	0.103642	58.999
14.92	14.91	0.103659	59.099
14.92	14.91	0.103675	59.199
14.92	14.91	0.103692	59.299
14.92	14.91	0.103709	59.400
14.92	14.90	0.103725	59.499
14.92	14.90	0.103742	59.599
14.89	14.90	0.103758	59.699
14.89	14.90	0.103775	59.799
14.89	14.90	0.103792	59.899
14.89	14.90	0.103808	59.999
14.89	14.89	0.103825	00.100
14.89	14.89	0.103842	00.199
14.89	14.89	0.103858	00.299
14.89	14.89	0.103875	00.399
14.89	14.89	0.103892	00.499
14.89	14.89	0.103908	00.599
14.89	14.88	0.103925	00.699
14.89	14.88	0.103942	00.823
14.89	14.88	0.103958	00.928
14.86	14.88	0.103975	01.022
14.86	14.88	0.103992	01.122
14.86	14.88	0.104008	01.227
14.86	14.87	0.104025	01.321
14.86	14.87	0.104042	01.421
14.86	14.87	0.104058	01.525
14.86	14.87	0.104075	01.620
14.86	14.87	0.104092	01.719
14.86	14.87	0.104108	01.824
14.86	14.86	0.104125	01.918
14.86	14.86	0.104142	02.018
14.86	14.86	0.104158	02.123
14.86	14.86	0.104175	02.217
14.86	14.86	0.104192	02.317
14.86	14.86	0.104208	02.421
14.86	14.85	0.104225	02.516
14.86	14.85	0.104242	02.615
14.86	14.85	0.104258	02.720
14.86	14.85	0.104275	02.815
14.86	14.85	0.104292	02.915
14.86	14.85	0.104308	03.020
14.86	14.85	0.104325	03.114
14.86	14.84	0.104342	03.214
14.86	14.84	0.104358	03.318
14.86	14.84	0.104375	03.413
14.86	14.84	0.104392	03.513
14.86	14.84	0.104408	03.617
14.86	14.84	0.104425	03.712
14.86	14.84	0.104442	03.813
14.86	14.84	0.104458	03.916
14.86	14.84	0.104475	04.010
14.86	14.84	0.104492	04.113
14.86	14.83	0.104508	04.214
14.84	14.83	0.104525	04.309
14.84	14.83	0.104542	04.414
14.84	14.83	0.104558	04.513
14.84	14.83	0.104575	04.608
14.84	14.83	0.104591	04.712
14.84	14.83	0.104608	04.813
14.84	14.83	0.104625	04.906
14.84	14.83	0.104641	05.012
14.81	14.83	0.104658	05.111
14.81	14.83	0.104675	05.205
14.81	14.83	0.104691	05.311
14.81	14.83	0.104708	05.410
14.81	14.83	0.104725	05.505
14.81	14.83	0.104741	05.609
14.81	14.83	0.104758	05.709
14.81	14.83	0.104775	05.803
14.81	14.83	0.104791	05.908
14.81	14.83	0.104808	06.003
14.81	14.83	0.104825	06.102
14.81	14.83	0.104841	06.207
14.81	14.83	0.104858	06.301
14.81	14.83	0.104875	06.401
14.81	14.83	0.104891	06.505
14.81	14.83	0.104908	06.601
14.81	14.83	0.104925	06.701
14.81	14.83	0.104941	06.804
14.81	14.83	0.104958	06.902
14.81	14.84	0.104975	07.002
14.81	14.84	0.104991	07.103
14.81	14.84	0.105008	07.202
14.81	14.84	0.105025	07.302
14.81	14.84	0.105041	07.402
14.84	14.84	0.105058	07.502
14.84	14.84	0.105075	07.601
14.84	14.84	0.105091	07.702
14.84	14.84	0.105108	07.803
14.84	14.85	0.105125	07.902
14.84	14.85	0.105141	08.002
14.84	14.85	0.105158	08.102
14.84	14.85	0.105175	08.202
14.84	14.85	0.105191	08.302
14.84	14.86	0.105208	08.402
14.84	14.86	0.105225	08.503
14.84	14.86	0.105241	08.602
14.86	14.86	0.105258	08.702
14.86	14.86	0.105275	08.802
14.86	14.87	0.105291	08.902
14.86	14.87	0.105308	09.002
14.86	14.87	0.105325	09.102
14.86	14.87	0.105341	09.202
14.86	14.87	0.105358	09.302
14.86	14.88	0.105375	09.403
14.86	14.88	0.105391	09.502
14.86	14.88	0.105408	09.602
14.86	14.88	0.105424	09.703
14.89	14.89	0.105441	09.803
14.89	14.89	0.105458	09.908
14.89	14.89	0.105474	10.004
14.89	14.90	0.105491	10.104
14.89	14.90	0.105508	10.208
14.89	14.90	0.105524	10.305
14.89	14.90	0.105541	10.404
14.89	14.91	0.105558	10.508
14.89	14.91	0.105574	10.604
14.89	14.91	0.105591	10.704
14.92	14.92	0.105608	10.808
14.92	14.92	0.105624	10.904
14.92	14.92	0.105641	11.005
14.92	14.93	0.105658	11.108
14.92	14.93	0.105674	11.204
14.92	14.93	0.105691	11.304
14.92	14.94	0.105708	11.408
14.92	14.94	0.105724	11.504
14.92	14.94	0.105741	11.604
14.94	14.95	0.105758	11.707
14.94	14.95	0.105774	11.804
14.94	14.95	0.105791	11.929
14.94	14.96	0.105808	12.008
14.94	14.96	0.105824	12.104
14.94	14.96	0.105841	12.228
14.94	14.97	0.105858	12.308
14.94	14.97	0.105874	12.432
14.97	14.97	0.105891	12.527
14.97	14.98	0.105908	12.631
14.97	14.98	0.105924	12.731
14.97	14.98	0.105941	12.825
14.97	14.99	0.105958	12.930
14.97	14.99	0.105974	13.030
14.99	14.99	0.105991	13.124
14.99	15.00	0.106008	13.230
14.99	15.00	0.106024	13.329
14.99	15.01	0.106041	13.424
14.99	15.01	0.106058	13.528
14.99	15.01	0.106074	13.628
14.99	15.02	0.106091	13.723
15.02	15.02	0.106108	13.827
15.02	15.02	0.106124	13.922
15.02	15.03	0.106141	14.021
15.02	15.03	0.106158	14.126
15.02	15.03	0.106174	14.220
15.02	15.04	0.106191	14.320
15.04	15.04	0.106208	14.425
15.04	15.04	0.106224	14.519
15.04	15.05	0.106241	14.619
15.04	15.05	0.106257	14.723
15.04	15.05	0.106274	14.818
15.04	15.06	0.106291	14.917
15.04	15.06	0.106307	15.022
15.07	15.06	0.106324	15.117
15.07	15.06	0.106341	15.216
15.07	15.07	0.106357	15.321
15.07	15.07	0.106374	15.415
15.07	15.07	0.106391	15.516
15.07	15.08	0.106407	15.619
15.09	15.08	0.106424	15.715
15.09	15.08	0.106441	15.814
15.09	15.08	0.106457	15.919
15.09	15.09	0.106474	16.014
15.09	15.09	0.106491	16.113
15.09	15.09	0.106507	16.218
15.09	15.10	0.106524	16.312
15.09	15.10	0.106541	16.412
15.09	15.10	0.106557	16.516
15.12	15.10	0.106574	16.611
15.12	15.11	0.106591	16.711
15.12	15.11	0.106607	16.815
15.12	15.11	0.106624	16.910
15.12	15.11	0.106641	17.012
15.12	15.11	0.106657	17.114
15.12	15.12	0.106674	17.208
15.12	15.12	0.106691	17.312
15.12	15.12	0.106707	17.412
15.12	15.12	0.106724	17.507
15.15	15.12	0.106741	17.612
15.15	15.13	0.106757	17.712
15.15	15.13	0.106774	17.806
15.15	15.13	0.106791	17.911
15.15	15.13	0.106807	18.011
15.15	15.13	0.106824	18.106
15.15	15.13	0.106841	18.210
15.15	15.13	0.106857	18.309
15.15	15.14	0.106874	18.405
15.15	15.14	0.106891	18.509
15.15	15.14	0.106907	18.608
15.15	15.14	0.106924	18.706
15.15	15.14	0.106941	18.807
15.15	15.14	0.106957	18.907
15.15	15.14	0.106974	19.006
15.15	15.14	0.106991	19.106
15.15	15.14	0.107007	19.208
15.15	15.14	0.107024	19.306
15.15	15.14	0.107041	19.406
15.15	15.14	0.107057	19.507
15.15	15.15	0.107074	19.606
15.15	15.15	0.107090	19.706
15.15	15.15	0.107107	19.807
15.15	15.15	0.107124	19.906
15.15	15.15	0.107140	20.006
15.15	15.15	0.107157	20.107
15.15	15.15	0.107174	20.206
15.15	15.15	0.107190	20.306
15.15	15.15	0.107207	20.407
15.15	15.15	0.107224	20.507
15.15	15.15	0.107240	20.607
15.15	15.15	0.107257	20.707
15.15	15.15	0.107274	20.807
15.15	15.15	0.107290	20.907
15.15	15.14	0.107307	21.008
15.15	15.14	0.107324	21.107
15.15	15.14	0.107340	21.207
15.15	15.14	0.107357	21.307
15.15	15.14	0.107374	21.407
15.15	15.14	0.107390	21.507
15.15	15.14	0.107407	21.606
15.15	15.14	0.107424	21.708
15.15	15.14	0.107440	21.807
15.15	15.14	0.107457	21.907
15.15	15.14	0.107474	22.007
15.15	15.14	0.107490	22.107
15.15	15.14	0.107507	22.207
15.15	15.13	0.107524	22.307
15.15	15.13	0.107540	22.407
15.15	15.13	0.107557	22.507
15.15	15.13	0.107574	22.608
15.15	15.13	0.107590	22.707
15.15	15.13	0.107607	22.807
15.15	15.13	0.107624	22.907
15.15	15.13	0.107640	23.007
15.12	15.12	0.107657	23.107
15.12	15.12	0.107674	23.207
15.12	15.12	0.107690	23.308
15.12	15.12	0.107707	23.407
15.12	15.12	0.107724	23.507
15.12	15.12	0.107740	23.607
15.12	15.11	0.107757	23.707
15.12	15.11	0.107774	23.807
15.12	15.11	0.107790	23.907
15.12	15.11	0.107807	24.007
15.12	15.11	0.107824	24.107
15.12	15.11	0.107840	24.231
15.12	15.10	0.107857	24.306
15.12	15.10	0.107874	24.436
15.12	15.10	0.107890	24.530
15.09	15.10	0.107907	24.607
15.09	15.10	0.107923	24.734
15.09	15.10	0.107940	24.829
15.09	15.09	0.107957	24.931
15.09	15.09	0.107973	25.033
15.09	15.09	0.107990	25.128
15.09	15.09	0.108007	25.206
15.09	15.09	0.108023	25.332
15.09	15.09	0.108040	25.426
15.09	15.08	0.108057	25.507
15.09	15.08	0.108073	25.630
15.09	15.08	0.108090	25.725
15.09	15.08	0.108107	25.830
15.09	15.08	0.108123	25.930
15.09	15.08	0.108140	26.025
15.09	15.07	0.108157	26.129
15.09	15.07	0.108173	26.229
15.09	15.07	0.108190	26.323
15.09	15.07	0.108207	26.428
15.09	15.07	0.108223	26.527
15.07	15.07	0.108240	26.622
15.07	15.06	0.108257	26.726
15.07	15.06	0.108273	26.821
15.07	15.06	0.108290	26.921
15.07	15.06	0.108307	27.025
15.07	15.06	0.108323	27.120
15.07	15.06	0.108340	27.219
15.07	15.06	0.108357	27.324
15.07	15.06	0.108373	27.418
15.07	15.05	0.108390	27.518
15.04	15.05	0.108407	27.623
15.04	15.05	0.108423	27.717
15.04	15.05	0.108440	27.817
15.04	15.05	0.108457	27.921
15.04	15.05	0.108473	28.017
15.04	15.05	0.108490	28.115
15.04	15.05	0.108507	28.220
15.04	15.05	0.108523	28.315
15.04	15.05	0.108540	28.415
15.04	15.05	0.108557	28.520
15.04	15.04	0.108573	28.614
15.04	15.04	0.108590	28.714
15.04	15.04	0.108607	28.818
15.04	15.04	0.108623	28.913
15.04	15.04	0.108640	29.012
15.04	15.04	0.108657	29.117
15.02	15.04	0.108673	29.212
15.02	15.04	0.108690	29.311
15.02	15.04	0.108707	29.416
15.02	15.04	0.108723	29.510
15.02	15.04	0.108740	29.611
15.02	15.04	0.108756	29.714
15.02	15.04	0.108773	29.809
15.02	15.04	0.108790	29.910
15.02	15.04	0.108806	30.013
15.02	15.04	0.108823	30.109
15.04	15.04	0.108840	30.210
15.04	15.04	0.108856	30.312
15.04	15.04	0.108873	30.408
15.04	15.04	0.108890	30.511
15.04	15.05	0.108906	30.611
15.04	15.05	0.108923	30.708
15.04	15.05	0.108940	30.811
15.04	15.05	0.108956	30.910
15.04	15.05	0.108973	31.008
15.04	15.05	0.108990	31.109
15.04	15.05	0.109006	31.209
15.04	15.05	0.109023	31.308
15.04	15.05	0.109040	31.408
15.04	15.05	0.109056	31.508
15.04	15.06	0.109073	31.608
15.04	15.06	0.109090	31.709
15.04	15.06	0.109106	31.808
15.04	15.06	0.109123	31.908
15.04	15.06	0.109140	32.008
15.04	15.06	0.109156	32.108
15.04	15.06	0.109173	32.208
15.04	15.07	0.109190	32.308
15.04	15.07	0.109206	32.408
15.07	15.07	0.109223	32.508
15.07	15.07	0.109240	32.608
15.07	15.07	0.109256	32.708
15.07	15.08	0.109273	32.808
15.07	15.08	0.109290	32.908
15.07	15.08	0.109306	33.008
15.07	15.08	0.109323	33.108
15.07	15.09	0.109340	33.208
15.07	15.09	0.109356	33.309
15.07	15.09	0.109373	33.408
15.07	15.09	0.109390	33.508
15.09	15.10	0.109406	33.608
15.09	15.10	0.109423	33.708
15.09	15.10	0.109440	33.808
15.09	15.10	0.109456	33.908
15.09	15.11	0.109473	34.008
15.09	15.11	0.109490	34.108
15.09	15.11	0.109506	34.208
15.09	15.11	0.109523	34.308
15.12	15.12	0.109540	34.408
15.12	15.12	0.109556	34.508
15.12	15.12	0.109573	34.608
15.12	15.13	0.109589	34.708
15.12	15.13	0.109606	34.808
15.12	15.13	0.109623	34.909
15.12	15.14	0.109639	35.008
15.15	15.14	0.109656	35.108
15.15	15.14	0.109673	35.208
15.15	15.15	0.109689	35.308
15.15	15.15	0.109706	35.408
15.15	15.15	0.109723	35.508
15.15	15.16	0.109739	35.609
15.15	15.16	0.109756	35.708
15.15	15.16	0.109773	35.808
15.15	15.17	0.109789	35.908
15.17	15.17	0.109806	36.008
15.17	15.17	0.109823	36.108
15.17	15.18	0.109839	36.208
15.17	15.18	0.109856	36.308
15.17	15.18	0.109873	36.408
15.17	15.19	0.109889	36.509
15.17	15.19	0.109906	36.608
15.17	15.19	0.109923	36.708
15.17	15.20	0.109939	36.832
15.20	15.20	0.109956	36.932
15.20	15.20	0.109973	37.036
15.20	15.21	0.109989	37.131
15.20	15.21	0.110006	37.230
15.20	15.21	0.110023	37.335
15.20	15.22	0.110039	37.429
15.20	15.22	0.110056	37.530
15.20	15.23	0.110073	37.634
15.22	15.23	0.110089	37.728
15.22	15.23	0.110106	37.830
15.22	15.24	0.110123	37.932
15.22	15.24	0.110139	38.027
15.22	15.24	0.110156	38.129
15.22	15.25	0.110173	38.231
15.25	15.25	0.110189	38.326
15.25	15.25	0.110206	38.430
15.25	15.26	0.110223	38.531
15.25	15.26	0.110239	38.624
15.25	15.26	0.110256	38.729
15.25	15.27	0.110273	38.828
15.27	15.27	0.110289	38.924
15.27	15.27	0.110306	39.028
15.27	15.27	0.110323	39.128
15.27	15.28	0.110339	39.223
15.27	15.28	0.110356	39.327
15.27	15.28	0.110373	39.427
15.27	15.29	0.110389	39.521
15.30	15.29	0.110406	39.626
15.30	15.29	0.110422	39.725
15.30	15.30	0.110439	39.820
15.30	15.30	0.110456	39.925
15.30	15.30	0.110472	40.019
15.30	15.30	0.110489	40.119
15.30	15.31	0.110506	40.223
15.33	15.31	0.110522	40.318
15.33	15.31	0.110539	40.417
15.33	15.31	0.110556	40.522
15.33	15.32	0.110572	40.617
15.33	15.32	0.110589	40.716
15.33	15.32	0.110606	40.822
15.33	15.32	0.110622	40.915
15.33	15.33	0.110639	41.016
15.33	15.33	0.110656	41.120
15.33	15.33	0.110672	41.215
15.33	15.33	0.110689	41.314
15.33	15.33	0.110706	41.419
15.33	15.34	0.110722	41.514
15.35	15.34	0.110739	41.613
15.35	15.34	0.110756	41.718
15.35	15.34	0.110772	41.812
15.35	15.34	0.110789	41.912
15.35	15.34	0.110806	42.016
15.35	15.34	0.110822	42.111
15.35	15.35	0.110839	42.210
15.35	15.35	0.110856	42.315
15.35	15.35	0.110872	42.410
15.35	15.35	0.110889	42.509
15.35	15.35	0.110906	42.614
15.35	15.35	0.110922	42.708
15.35	15.35	0.110939	42.809
15.35	15.35	0.110956	42.912
15.35	15.36	0.110972	43.008
15.35	15.36	0.110989	43.110
15.38	15.36	0.111006	43.212
15.38	15.36	0.111022	43.308
15.38	15.36	0.111039	43.409
15.38	15.36	0.111056	43.510
15.38	15.36	0.111072	43.608
15.38	15.36	0.111089	43.709
15.38	15.36	0.111106	43.809
15.38	15.36	0.111122	43.909
15.38	15.36	0.111139	44.008
15.38	15.36	0.111156	44.108
15.38	15.36	0.111172	44.208
15.38	15.36	0.111189	44.308
15.38	15.36	0.111206	44.408
15.38	15.36	0.111222	44.508
15.38	15.36	0.111239	44.609
15.38	15.36	0.111255	44.709
15.38	15.36	0.111272	44.810
15.38	15.36	0.111289	44.909
15.38	15.36	0.111305	45.008
15.38	15.36	0.111322	45.109
15.38	15.36	0.111339	45.209
15.35	15.36	0.111355	45.309
15.35	15.36	0.111372	45.409
15.35	15.36	0.111389	45.510
15.35	15.35	0.111405	45.609
15.35	15.35	0.111422	45.709
15.35	15.35	0.111439	45.809
15.35	15.35	0.111455	45.909
15.35	15.35	0.111472	46.009
15.35	15.35	0.111489	46.109
15.35	15.35	0.111505	46.209
15.35	15.35	0.111522	46.309
15.35	15.35	0.111539	46.410
15.35	15.35	0.111555	46.509
15.35	15.34	0.111572	46.609
15.35	15.34	0.111589	46.710
15.35	15.34	0.111605	46.810
15.35	15.34	0.111622	46.910
15.35	15.34	0.111639	47.010
15.35	15.34	0.111655	47.110
15.35	15.34	0.111672	47.210
15.35	15.33	0.111689	47.310
15.35	15.33	0.111705	47.410
15.35	15.33	0.111722	47.510
15.35	15.33	0.111739	47.610
15.33	15.33	0.111755	47.710
15.33	15.33	0.111772	47.810
15.33	15.32	0.111789	47.910
15.33	15.32	0.111805	48.011
15.33	15.32	0.111822	48.110
15.33	15.32	0.111839	48.210
15.33	15.32	0.111855	48.310
15.33	15.32	0.111872	48.410
15.33	15.31	0.111889	48.510
15.33	15.31	0.111905	48.610
15.33	15.31	0.111922	48.710
15.33	15.31	0.111939	48.810
15.30	15.31	0.111955	48.934
15.30	15.31	0.111972	49.039
15.30	15.30	0.111989	49.133
15.30	15.30	0.112005	49.233
15.30	15.30	0.112022	49.338
15.30	15.30	0.112039	49.432
15.30	15.30	0.112055	49.532
15.30	15.30	0.112072	49.636
15.30	15.29	0.112088	49.731
15.30	15.29	0.112105	49.830
15.30	15.29	0.112122	49.936
15.27	15.29	0.112138	50.029
15.27	15.29	0.112155	50.129
15.27	15.29	0.112172	50.235
15.27	15.28	0.112188	50.329
15.27	15.28	0.112205	50.429
15.27	15.28	0.112222	50.533
15.27	15.28	0.112238	50.628
15.27	15.28	0.112255	50.728
15.27	15.28	0.112272	50.832
15.27	15.28	0.112288	50.927
15.27	15.27	0.112305	51.029
15.27	15.27	0.112322	51.131
15.27	15.27	0.112338	51.225
15.27	15.27	0.112355	51.329
15.27	15.27	0.112372	51.429
15.27	15.27	0.112388	51.524
15.27	15.27	0.112405	51.628
15.27	15.27	0.112422	51.728
15.27	15.26	0.112438	51.823
15.27	15.26	0.112455	51.927
15.27	15.26	0.112472	52.027
15.27	15.26	0.112488	52.122
15.27	15.26	0.112505	52.227
15.27	15.26	0.112522	52.326
15.27	15.26	0.112538	52.421
15.27	15.26	0.112555	52.526
15.27	15.26	0.112572	52.625
15.27	15.26	0.112588	52.720
15.25	15.26	0.112605	52.824
15.25	15.26	0.112622	52.919
15.25	15.26	0.112638	53.018
15.25	15.26	0.112655	53.123
15.25	15.26	0.112672	53.217
15.25	15.26	0.112688	53.317
15.25	15.26	0.112705	53.422
15.25	15.26	0.112722	53.516
15.25	15.26	0.112738	53.616
15.25	15.26	0.112755	53.720
15.25	15.26	0.112772	53.815
15.25	15.26	0.112788	53.914
15.25	15.26	0.112805	54.019
15.25	15.26	0.112822	54.114
15.25	15.26	0.112838	54.213
15.25	15.26	0.112855	54.318
15.25	15.26	0.112872	54.412
15.25	15.26	0.112888	54.512
15.25	15.26	0.112905	54.616
15.25	15.26	0.112921	54.711
15.25	15.26	0.112938	54.811
15.25	15.26	0.112955	54.916
15.25	15.26	0.112971	55.011
15.25	15.26	0.112988	55.111
15.25	15.26	0.113005	55.215
15.25	15.26	0.113021	55.311
15.25	15.27	0.113038	55.411
15.25	15.27	0.113055	55.513
15.25	15.27	0.113071	55.611
15.27	15.27	0.113088	55.712
15.27	15.27	0.113105	55.812
15.27	15.27	0.113121	55.911
15.27	15.27	0.113138	56.011
15.27	15.28	0.113155	56.111
15.27	15.28	0.113171	56.211
15.27	15.28	0.113188	56.311
15.27	15.28	0.113205	56.411
15.27	15.28	0.113221	56.511
15.27	15.29	0.113238	56.612
15.27	15.29	0.113255	56.711
15.27	15.29	0.113271	56.811
15.27	15.29	0.113288	56.911
15.27	15.29	0.113305	57.011
15.27	15.30	0.113321	57.111
15.27	15.30	0.113338	57.211
15.27	15.30	0.113355	57.312
15.30	15.30	0.113371	57.411
15.30	15.31	0.113388	57.511
15.30	15.31	0.113405	57.611
15.30	15.31	0.113421	57.711
15.30	15.31	0.113438	57.811
15.30	15.32	0.113455	57.911
15.30	15.32	0.113471	58.011
15.30	15.32	0.113488	58.111
15.33	15.33	0.113505	58.212
15.33	15.33	0.113521	58.311
15.33	15.33	0.113538	58.411
15.33	15.33	0.113555	58.511
15.33	15.34	0.113571	58.611
15.33	15.34	0.113588	58.711
15.33	15.34	0.113605	58.811
15.33	15.35	0.113621	58.911
15.33	15.35	0.113638	59.011
15.35	15.35	0.113655	59.112
15.35	15.36	0.113671	59.211
15.35	15.36	0.113688	59.311
15.35	15.36	0.113705	59.411
15.35	15.37	0.113721	59.511
15.35	15.37	0.113738	59.613
15.35	15.37	0.113754	59.713
15.35	15.38	0.113771	59.814
15.35	15.38	0.113788	59.913
15.38	15.38	0.113804	00.013
15.38	15.39	0.113821	00.113
15.38	15.39	0.113838	00.213
15.38	15.39	0.113854	00.313
15.38	15.40	0.113871	00.413
15.38	15.40	0.113888	00.513
15.38	15.40	0.113904	00.613
15.40	15.41	0.113921	00.743
15.40	15.41	0.113938	00.838
15.40	15.41	0.113954	00.938
15.40	15.42	0.113971	01.042
15.40	15.42	0.113988	01.137
15.40	15.42	0.114004	01.236
15.43	15.43	0.114021	01.341
15.43	15.43	0.114038	01.435
15.43	15.44	0.114054	01.535
15.43	15.44	0.114071	01.639
15.43	15.44	0.114088	01.734
15.43	15.45	0.114104	01.834
15.43	15.45	0.114121	01.938
15.45	15.45	0.114138	02.033
15.45	15.46	0.114154	02.132
15.45	15.46	0.114171	02.237
15.45	15.46	0.114188	02.331
15.45	15.47	0.114204	02.431
15.45	15.47	0.114221	02.536
15.48	15.47	0.114238	02.630
15.48	15.48	0.114254	02.730
15.48	15.48	0.114271	02.834
15.48	15.48	0.114288	02.930
15.48	15.49	0.114304	03.029
15.48	15.49	0.114321	03.134
15.48	15.49	0.114338	03.228
15.50	15.49	0.114354	03.328
15.50	15.50	0.114371	03.433
15.50	15.50	0.114388	03.527
15.50	15.50	0.114404	03.628
15.50	15.51	0.114421	03.731
15.50	15.51	0.114438	03.826
15.50	15.51	0.114454	03.927
15.50	15.51	0.114471	04.030
15.50	15.52	0.114488	04.125
15.53	15.52	0.114504	04.228
15.53	15.52	0.114521	04.329
15.53	15.52	0.114538	04.423
15.53	15.53	0.114554	04.528
15.53	15.53	0.114571	04.627
15.53	15.53	0.114587	04.722
15.53	15.53	0.114604	04.826
15.53	15.54	0.114621	04.927
15.56	15.54	0.114637	05.022
15.56	15.54	0.114654	05.126
15.56	15.54	0.114671	05.226
15.56	15.54	0.114687	05.320
15.56	15.55	0.114704	05.425
15.56	15.55	0.114721	05.524
15.56	15.55	0.114737	05.619
15.56	15.55	0.114754	05.724
15.56	15.55	0.114771	05.818
15.56	15.56	0.114787	05.918
15.56	15.56	0.114804	06.022
15.56	15.56	0.114821	06.117
15.56	15.56	0.114837	06.216
15.56	15.56	0.114854	06.321
15.56	15.56	0.114871	06.415
15.56	15.56	0.114887	06.515
15.56	15.56	0.114904	06.620
15.56	15.57	0.114921	06.714
15.58	15.57	0.114937	06.814
15.58	15.57	0.114954	06.918
15.58	15.57	0.114971	07.014
15.58	15.57	0.114987	07.114
15.58	15.57	0.115004	07.218
15.58	15.57	0.115021	07.315
15.58	15.57	0.115037	07.414
15.58	15.57	0.115054	07.517
15.58	15.57	0.115071	07.614
15.58	15.57	0.115087	07.714
15.58	15.57	0.115104	07.815
15.58	15.57	0.115121	07.914
15.58	15.57	0.115137	08.014
15.58	15.57	0.115154	08.114
15.58	15.57	0.115171	08.215
15.58	15.57	0.115187	08.314
15.58	15.57	0.115204	08.414
15.58	15.57	0.115221	08.514
15.58	15.57	0.115237	08.614
15.58	15.57	0.115254	08.714
15.58	15.57	0.115271	08.814
15.58	15.57	0.115287	08.915
15.58	15.57	0.115304	09.014
15.58	15.57	0.115321	09.114
15.58	15.57	0.115337	09.214
15.58	15.57	0.115354	09.314
15.58	15.57	0.115371	09.414
15.58	15.57	0.115387	09.514
15.58	15.57	0.115404	09.614
15.58	15.57	0.115420	09.715
15.58	15.57	0.115437	09.814
15.58	15.56	0.115454	09.914
15.58	15.56	0.115470	10.014
15.58	15.56	0.115487	10.114
15.58	15.56	0.115504	10.214
15.56	15.56	0.115520	10.314
15.56	15.56	0.115537	10.414
15.56	15.56	0.115554	10.514
15.56	15.56	0.115570	10.615
15.56	15.56	0.115587	10.714
15.56	15.55	0.115604	10.814
15.56	15.55	0.115620	10.914
15.56	15.55	0.115637	11.014
15.56	15.55	0.115654	11.114
15.56	15.55	0.115670	11.214
15.56	15.55	0.115687	11.314
15.56	15.55	0.115704	11.414
15.56	15.54	0.115720	11.515
15.56	15.54	0.115737	11.614
15.56	15.54	0.115754	11.714
15.56	15.54	0.115770	11.814
15.56	15.54	0.115787	11.914
15.56	15.54	0.115804	12.014
15.56	15.53	0.115820	12.114
15.56	15.53	0.115837	12.215
15.53	15.53	0.115854	12.314
15.53	15.53	0.115870	12.414
15.53	15.53	0.115887	12.514
15.53	15.53	0.115904	12.614
15.53	15.52	0.115920	12.714
15.53	15.52	0.115937	12.814
15.53	15.52	0.115954	12.914
15.53	15.52	0.115970	13.014
15.53	15.52	0.115987	13.115
15.50	15.52	0.116004	13.214
15.50	15.51	0.116020	13.314
15.50	15.51	0.116037	13.413
15.50	15.51	0.116054	13.513
15.50	15.51	0.116070	13.642
15.50	15.51	0.116087	13.737
15.50	15.51	0.116104	13.836
15.50	15.50	0.116120	13.941
15.50	15.50	0.116137	14.036
15.50	15.50	0.116154	14.135
15.50	15.50	0.116170	14.241
15.50	15.50	0.116187	14.334
15.50	15.50	0.116204	14.435
15.50	15.49	0.116220	14.539
15.50	15.49	0.116237	14.634
15.50	15.49	0.116253	14.733
15.50	15.49	0.116270	14.838
15.50	15.49	0.116287	14.933
15.50	15.49	0.116303	15.032
15.50	15.49	0.116320	15.137
15.50	15.48	0.116337	15.231
15.48	15.48	0.116353	15.331
15.48	15.48	0.116370	15.435
15.48	15.48	0.116387	15.530
15.48	15.48	0.116403	15.630
15.48	15.48	0.116420	15.734
15.48	15.48	0.116437	15.829
15.48	15.48	0.116453	15.928
15.48	15.48	0.116470	16.033
15.48	15.48	0.116487	16.127
15.48	15.47	0.116503	16.227
15.48	15.47	0.116520	16.331
15.48	15.47	0.116537	16.426
15.48	15.47	0.116553	16.527
15.48	15.47	0.116570	16.631
15.48	15.47	0.116587	16.726
15.45	15.47	0.116603	16.826
15.45	15.47	0.116620	16.930
15.45	15.47	0.116637	17.024
15.45	15.47	0.116653	17.126
15.45	15.47	0.116670	17.229
15.45	15.47	0.116687	17.323
15.45	15.47	0.116703	17.427
15.45	15.47	0.116720	17.527
15.45	15.47	0.116737	17.622
15.45	15.47	0.116753	17.726
15.45	15.47	0.116770	17.826
15.45	15.47	0.116787	17.920
15.45	15.47	0.116803	18.025
15.45	15.47	0.116820	18.125
15.45	15.47	0.116837	18.219
15.45	15.47	0.116853	18.324
15.45	15.47	0.116870	18.423
15.48	15.47	0.116887	18.518
15.48	15.47	0.116903	18.622
15.48	15.47	0.116920	18.722
15.48	15.47	0.116937	18.818
15.48	15.47	0.116953	18.922
15.48	15.48	0.116970	19.017
15.48	15.48	0.116987	19.116
15.48	15.48	0.117003	19.221
15.48	15.48	0.117020	19.315
15.48	15.48	0.117037	19.415
15.48	15.48	0.117053	19.519
15.48	15.48	0.117070	19.614
15.48	15.48	0.117086	19.714
15.48	15.48	0.117103	19.818
15.48	15.49	0.117120	19.914
15.48	15.49	0.117136	20.014
15.48	15.49	0.117153	20.117
15.48	15.49	0.117170	20.214
15.48	15.49	0.117186	20.314
15.48	15.50	0.117203	20.416
15.48	15.50	0.117220	20.514
15.48	15.50	0.117236	20.614
15.48	15.50	0.117253	20.714
15.48	15.50	0.117270	20.814
15.48	15.51	0.117286	20.914
15.48	15.51	0.117303	21.014
15.48	15.51	0.117320	21.114
15.50	15.51	0.117336	21.214
15.50	15.51	0.117353	21.315
15.50	15.52	0.117370	21.414
15.50	15.52	0.117386	21.514
15.50	15.52	0.117403	21.614
15.50	15.52	0.117420	21.714
15.50	15.53	0.117436	21.814
15.50	15.53	0.117453	21.914
15.50	15.53	0.117470	22.015
15.53	15.54	0.117486	22.114
15.53	15.54	0.117503	22.214
15.53	15.54	0.117520	22.314
15.53	15.54	0.117536	22.414
15.53	15.55	0.117553	22.514
15.53	15.55	0.117570	22.614
15.53	15.55	0.117586	22.714
15.56	15.56	0.117603	22.814
15.56	15.56	0.117620	22.915
15.56	15.56	0.117636	23.014
15.56	15.57	0.117653	23.114
15.56	15.57	0.117670	23.214
15.56	15.57	0.117686	23.314
15.56	15.58	0.117703	23.414
15.56	15.58	0.117720	23.514
15.56	15.58	0.117736	23.614
15.58	15.59	0.117753	23.714
15.58	15.59	0.117770	23.815
15.58	15.59	0.117786	23.914
15.58	15.60	0.117803	24.014
15.58	15.60	0.117820	24.114
15.58	15.60	0.117836	24.214
15.58	15.61	0.117853	24.314
15.58	15.61	0.117870	24.414
15.58	15.61	0.117886	24.515
15.61	15.62	0.117903	24.614
15.61	15.62	0.117919	24.714
15.61	15.62	0.117936	24.814
15.61	15.63	0.117953	24.914
15.61	15.63	0.117969	25.014
15.61	15.63	0.117986	25.114
15.63	15.64	0.118003	25.214
15.63	15.64	0.118019	25.314
15.63	15.65	0.118036	25.415
15.63	15.65	0.118053	25.514
15.63	15.65	0.118069	25.614
15.63	15.66	0.118086	25.714
15.66	15.66	0.118103	25.814
15.66	15.66	0.118119	25.914
15.66	15.67	0.118136	26.014
15.66	15.67	0.118153	26.138
15.66	15.67	0.118169	26.243
15.68	15.68	0.118186	26.342
15.68	15.68	0.118203	26.437
15.68	15.68	0.118219	26.542
15.68	15.69	0.118236	26.641
15.68	15.69	0.118253	26.736
15.68	15.69	0.118269	26.840
15.71	15.70	0.118286	26.936
15.71	15.70	0.118303	27.035
15.71	15.70	0.118319	27.140
15.71	15.70	0.118336	27.235
15.71	15.71	0.118353	27.334
15.71	15.71	0.118369	27.439
15.71	15.71	0.118386	27.533
15.74	15.72	0.118403	27.633
15.74	15.72	0.118419	27.737
15.74	15.72	0.118436	27.832
15.74	15.72	0.118453	27.931
15.74	15.73	0.118469	28.036
15.74	15.73	0.118486	28.131
15.74	15.73	0.118503	28.230
15.74	15.74	0.118519	28.335
15.74	15.74	0.118536	28.429
15.74	15.74	0.118553	28.529
15.74	15.74	0.118569	28.634
15.74	15.75	0.118586	28.728
15.74	15.75	0.118603	28.828
15.74	15.75	0.118619	28.933
15.76	15.75	0.118636	29.027
15.76	15.75	0.118653	29.127
15.76	15.76	0.118669	29.231
15.76	15.76	0.118686	29.326
15.76	15.76	0.118703	29.425
15.76	15.76	0.118719	29.530
15.76	15.76	0.118736	29.625
15.76	15.77	0.118752	29.725
15.76	15.77	0.118769	29.829
15.76	15.77	0.118786	29.923
15.76	15.77	0.118802	30.025
15.76	15.77	0.118819	30.127
15.76	15.77	0.118836	30.222
15.79	15.77	0.118852	30.325
15.79	15.78	0.118869	30.426
15.79	15.78	0.118886	30.522
15.79	15.78	0.118902	30.625
15.79	15.78	0.118919	30.726
15.79	15.78	0.118936	30.820
15.79	15.78	0.118952	30.925
15.79	15.78	0.118969	31.024
15.79	15.78	0.118986	31.119
15.79	15.78	0.119002	31.224
15.79	15.78	0.119019	31.323
15.79	15.78	0.119036	31.418
15.79	15.78	0.119052	31.522
15.79	15.79	0.119069	31.622
15.79	15.79	0.119086	31.716
15.79	15.79	0.119102	31.821
15.79	15.79	0.119119	31.921
15.81	15.79	0.119136	32.015
15.81	15.79	0.119152	32.120
15.81	15.79	0.119169	32.214
15.81	15.79	0.119186	32.314
15.81	15.79	0.119202	32.418
15.81	15.79	0.119219	32.514
15.81	15.79	0.119236	32.614
15.81	15.79	0.119252	32.717
15.81	15.79	0.119269	32.815
15.81	15.79	0.119286	32.914
15.81	15.78	0.119302	33.017
15.81	15.78	0.119319	33.114
15.81	15.78	0.119336	33.214
15.81	15.78	0.119352	33.315
15.79	15.78	0.119369	33.414
15.79	15.78	0.119386	33.515
15.79	15.78	0.119402	33.614
15.79	15.78	0.119419	33.714
15.79	15.78	0.119436	33.814
15.79	15.78	0.119452	33.914
15.79	15.78	0.119469	34.014
15.79	15.78	0.119486	34.114
15.79	15.78	0.119502	34.214
15.79	15.77	0.119519	34.314
15.79	15.77	0.119536	34.415
15.79	15.77	0.119552	34.514
15.79	15.77	0.119569	34.614
15.76	15.77	0.119585	34.715
15.76	15.77	0.119602	34.815
15.76	15.77	0.119619	34.920
15.76	15.77	0.119635	35.015
15.76	15.76	0.119652	35.115
15.76	15.76	0.119669	35.215
15.76	15.76	0.119685	35.316
15.76	15.76	0.119702	35.415
15.76	15.76	0.119719	35.515
15.76	15.76	0.119735	35.615
15.76	15.75	0.119752	35.715
15.76	15.75	0.119769	35.819
15.76	15.75	0.119785	35.915
15.76	15.75	0.119802	36.016
15.76	15.75	0.119819	36.120
15.76	15.75	0.119835	36.215
15.76	15.74	0.119852	36.315
15.74	15.74	0.119869	36.415
15.74	15.74	0.119885	36.515
15.74	15.74	0.119902	36.615
15.74	15.74	0.119919	36.719
15.74	15.74	0.119935	36.815
15.74	15.73	0.119952	36.916
15.74	15.73	0.119969	37.020
15.74	15.73	0.119985	37.115
15.74	15.73	0.120002	37.215
15.74	15.73	0.120019	37.315
15.74	15.73	0.120035	37.415
15.74	15.72	0.120052	37.515
15.74	15.72	0.120069	37.619
15.74	15.72	0.120085	37.715
15.74	15.72	0.120102	37.816
15.71	15.72	0.120119	37.920
15.71	15.72	0.120135	38.015
15.71	15.71	0.120152	38.115
15.71	15.71	0.120169	38.220
15.71	15.71	0.120185	38.315
15.71	15.71	0.120202	38.415
15.71	15.71	0.120219	38.519
15.71	15.71	0.120235	38.615
15.71	15.70	0.120252	38.715
15.71	15.70	0.120269	38.844
15.71	15.70	0.120285	38.944
15.71	15.70	0.120302	39.038
15.71	15.70	0.120319	39.143
15.71	15.70	0.120335	39.242
15.68	15.70	0.120352	39.337
15.68	15.70	0.120369	39.441
15.68	15.69	0.120385	39.541
15.68	15.69	0.120402	39.636
15.68	15.69	0.120418	39.740
15.68	15.69	0.120435	39.840
15.68	15.69	0.120452	39.934
15.68	15.69	0.120468	40.039
15.68	15.69	0.120485	40.133
15.68	15.69	0.120502	40.233
15.68	15.69	0.120518	40.337
15.68	15.69	0.120535	40.432
15.68	15.69	0.120552	40.532
15.68	15.68	0.120568	40.636
15.68	15.68	0.120585	40.731
15.68	15.68	0.120602	40.830
15.68	15.68	0.120618	40.935
15.68	15.68	0.120635	41.029
15.68	15.68	0.120652	41.130
15.68	15.68	0.120668	41.235
15.68	15.68	0.120685	41.329
15.68	15.68	0.120702	41.429
15.68	15.68	0.120718	41.533
15.68	15.68	0.120735	41.628
15.68	15.68	0.120752	41.727
15.68	15.68	0.120768	41.832
15.68	15.68	0.120785	41.927
15.68	15.68	0.120802	42.026
15.68	15.68	0.120818	42.131
15.68	15.68	0.120835	42.225
15.68	15.68	0.120852	42.325
15.68	15.68	0.120868	42.429
15.68	15.68	0.120885	42.524
15.66	15.69	0.120902	42.623
15.66	15.69	0.120918	42.728
15.66	15.69	0.120935	42.823
15.66	15.69	0.120952	42.923
15.66	15.69	0.120968	43.027
15.66	15.69	0.120985	43.121
15.68	15.69	0.121002	43.223
15.68	15.69	0.121018	43.325
15.68	15.69	0.121035	43.421
15.68	15.69	0.121052	43.524
15.68	15.70	0.121068	43.625
15.68	15.70	0.121085	43.720
15.68	15.70	0.121102	43.823
15.68	15.70	0.121118	43.924
15.68	15.70	0.121135	44.018
15.68	15.70	0.121152	44.123
15.68	15.70	0.121168	44.222
15.71	15.71	0.121185	44.317
15.71	15.71	0.121202	44.422
15.71	15.71	0.121218	44.521
15.71	15.71	0.121235	44.617
15.71	15.71	0.121251	44.720
15.71	15.72	0.121268	44.820
15.71	15.72	0.121285	44.917
15.71	15.72	0.121301	45.019
15.71	15.72	0.121318	45.119
15.71	15.73	0.121335	45.217
15.71	15.73	0.121351	45.318
15.74	15.73	0.121368	45.418
15.74	15.73	0.121385	45.517
15.74	15.74	0.121401	45.617
15.74	15.74	0.121418	45.719
15.74	15.74	0.121435	45.817
15.74	15.74	0.121451	45.917
15.74	15.75	0.121468	46.019
15.74	15.75	0.121485	46.117
15.74	15.75	0.121501	46.217
15.74	15.75	0.121518	46.318
15.74	15.76	0.121535	46.417
15.74	15.76	0.121551	46.517
15.76	15.76	0.121568	46.619
15.76	15.77	0.121585	46.717
15.76	15.77	0.121601	46.817
15.76	15.77	0.121618	46.919
15.76	15.78	0.121635	47.017
15.76	15.78	0.121651	47.117
15.76	15.78	0.121668	47.218
15.76	15.79	0.121685	47.317
15.76	15.79	0.121701	47.417
15.76	15.79	0.121718	47.518
15.79	15.80	0.121735	47.617
15.79	15.80	0.121751	47.717
15.79	15.80	0.121768	47.819
15.79	15.81	0.121785	47.917
15.79	15.81	0.121801	48.017
15.79	15.81	0.121818	48.118
15.79	15.82	0.121835	48.217
15.81	15.82	0.121851	48.317
15.81	15.82	0.121868	48.418
15.81	15.83	0.121885	48.518
15.81	15.83	0.121901	48.617
15.81	15.83	0.121918	48.719
15.84	15.84	0.121935	48.817
15.84	15.84	0.121951	48.917
15.84	15.84	0.121968	49.018
15.84	15.85	0.121985	49.117
15.84	15.85	0.122001	49.217
15.84	15.85	0.122018	49.318
15.86	15.86	0.122035	49.418
15.86	15.86	0.122051	49.517
15.86	15.87	0.122068	49.618
15.86	15.87	0.122084	49.717
15.86	15.87	0.122101	49.817
15.86	15.88	0.122118	49.918
15.89	15.88	0.122134	50.017
15.89	15.88	0.122151	50.117
15.89	15.89	0.122168	50.219
15.89	15.89	0.122184	50.317
15.89	15.89	0.122201	50.417
15.89	15.90	0.122218	50.518
15.92	15.90	0.122234	50.617
15.92	15.90	0.122251	50.717
15.92	15.91	0.122268	50.818
15.92	15.91	0.122284	50.946
15.92	15.91	0.122301	51.041
15.92	15.91	0.122318	51.118
15.92	15.92	0.122334	51.245
15.92	15.92	0.122351	51.340
15.92	15.92	0.122368	51.418
15.94	15.93	0.122384	51.544
15.94	15.93	0.122401	51.638
15.94	15.93	0.122418	51.718
15.94	15.94	0.122434	51.842
15.94	15.94	0.122451	51.937
15.94	15.94	0.122468	52.042
15.94	15.94	0.122484	52.141
15.94	15.95	0.122501	52.236
15.94	15.95	0.122518	52.340
15.94	15.95	0.122534	52.440
15.94	15.95	0.122551	52.534
15.94	15.96	0.122568	52.639
15.97	15.96	0.122584	52.739
15.97	15.96	0.122601	52.834
15.97	15.96	0.122618	52.939
15.97	15.97	0.122634	53.038
15.97	15.97	0.122651	53.133
15.97	15.97	0.122668	53.237
15.97	15.97	0.122684	53.332
15.97	15.97	0.122701	53.431
15.97	15.98	0.122718	53.536
15.97	15.98	0.122734	53.631
15.99	15.98	0.122751	53.730
15.99	15.98	0.122768	53.835
15.99	15.98	0.122784	53.929
15.99	15.98	0.122801	54.029
15.99	15.98	0.122818	54.133
15.99	15.99	0.122834	54.228
15.99	15.99	0.122851	54.327
15.99	15.99	0.122868	54.432
15.99	15.99	0.122884	54.527
15.99	15.99	0.122901	54.626
15.99	15.99	0.122917	54.731
15.99	15.99	0.122934	54.825
15.99	15.99	0.122951	54.925
15.99	16.00	0.122967	55.029
15.99	16.00	0.122984	55.125
15.99	16.00	0.123001	55.225
16.02	16.00	0.123017	55.329
16.02	16.00	0.123034	55.424
16.02	16.00	0.123051	55.523
16.02	16.00	0.123067	55.628
16.02	16.00	0.123084	55.722
16.02	16.00	0.123101	55.822
16.02	16.00	0.123117	55.927
16.02	16.00	0.123134	56.021
16.02	16.00	0.123151	56.122
16.02	16.00	0.123167	56.225
16.02	16.00	0.123184	56.320
16.02	16.00	0.123201	56.422
16.02	16.00	0.123217	56.524
16.02	16.00	0.123234	56.618
16.02	16.00	0.123251	56.722
16.02	16.00	0.123267	56.823
16.02	16.00	0.123284	56.918
16.02	16.00	0.123301	57.022
16.02	16.00	0.123317	57.122
15.99	16.00	0.123334	57.219
15.99	16.00	0.123351	57.321
15.99	16.00	0.123367	57.421
15.99	16.00	0.123384	57.518
15.99	15.99	0.123401	57.620
15.99	15.99	0.123417	57.719
15.99	15.99	0.123434	57.818
15.99	15.99	0.123451	57.918
15.99	15.99	0.123467	58.018
15.99	15.99	0.123484	58.119
15.99	15.99	0.123501	58.218
15.99	15.99	0.123517	58.318
15.99	15.99	0.123534	58.418
15.99	15.99	0.123551	58.518
15.99	15.98	0.123567	58.618
15.99	15.98	0.123584	58.718
15.99	15.98	0.123601	58.818
15.99	15.98	0.123617	58.918
15.99	15.98	0.123634	59.019
15.99	15.98	0.123651	59.118
15.99	15.98	0.123667	59.218
15.99	15.97	0.123684	59.318
15.99	15.97	0.123701	59.418
15.99	15.97	0.123717	59.518
15.99	15.97	0.123734	59.618
15.99	15.97	0.123750	59.719
15.99	15.97	0.123767	59.818
15.99	15.96	0.123784	59.918
15.99	15.96	0.123800	00.018
15.99	15.96	0.123817	00.118
15.99	15.96	0.123834	00.218
15.97	15.96	0.123850	00.318
15.97	15.96	0.123867	00.419
15.97	15.95	0.123884	00.518
15.97	15.95	0.123900	00.618
15.97	15.95	0.123917	00.718
15.97	15.95	0.123934	00.818
15.97	15.95	0.123950	00.918
15.97	15.95	0.123967	01.018
15.97	15.94	0.123984	01.118
15.97	15.94	0.124000	01.218
15.94	15.94	0.124017	01.319
15.94	15.94	0.124034	01.418
15.94	15.94	0.124050	01.518
15.94	15.94	0.124067	01.618
15.94	15.93	0.124084	01.718
15.94	15.93	0.124100	01.818
15.94	15.93	0.124117	01.918
15.94	15.93	0.124134	02.019
15.94	15.93	0.124150	02.118
15.92	15.93	0.124167	02.219
15.92	15.92	0.124184	02.318
15.92	15.92	0.124200	02.418
15.92	15.92	0.124217	02.518
15.92	15.92	0.124234	02.618
15.92	15.92	0.124250	02.718
15.92	15.92	0.124267	02.818
15.92	15.92	0.124284	02.919
15.92	15.91	0.124300	03.018
15.92	15.91	0.124317	03.118
15.92	15.91	0.124334	03.218
15.92	15.91	0.124350	03.318
15.92	15.91	0.124367	03.442
15.92	15.91	0.124384	03.517
15.92	15.91	0.124400	03.641
15.89	15.91	0.124417	03.741
15.89	15.90	0.124434	03.845
15.89	15.90	0.124450	03.940
15.89	15.90	0.124467	04.042
15.89	15.90	0.124484	04.144
15.89	15.90	0.124500	04.239
15.89	15.90	0.124517	04.341
15.89	15.90	0.124534	04.443
15.89	15.90	0.124550	04.537
15.89	15.90	0.124567	04.641
15.89	15.90	0.124583	04.742
15.89	15.90	0.124600	04.836
15.89	15.90	0.124617	04.941
15.89	15.90	0.124633	05.041
15.89	15.90	0.124650	05.136
15.89	15.90	0.124667	05.240
15.89	15.90	0.124683	05.340
15.89	15.90	0.124700	05.434
15.89	15.90	0.124717	05.539
15.89	15.90	0.124733	05.639
15.89	15.90	0.124750	05.733
15.89	15.90	0.124767	05.838
15.89	15.90	0.124783	05.937
15.89	15.90	0.124800	06.032
15.89	15.90	0.124817	06.136
15.89	15.90	0.124833	06.231
15.89	15.90	0.124850	06.331
15.89	15.90	0.124867	06.435
15.89	15.90	0.124883	06.530
15.89	15.90	0.124900	06.629
15.89	15.90	0.124917	06.734
15.92	15.90	0.124933	06.829
15.92	15.90	0.124950	06.929
15.92	15.90	0.124967	07.033
15.92	15.90	0.124983	07.128
15.92	15.90	0.125000	07.228
15.92	15.90	0.125017	07.332
15.92	15.91	0.125033	07.427
15.92	15.91	0.125050	07.526
15.92	15.91	0.125067	07.631
15.92	15.91	0.125083	07.725
15.89	15.91	0.125100	07.825
15.89	15.91	0.125117	07.929
15.89	15.91	0.125133	08.024
15.89	15.92	0.125150	08.124
15.89	15.92	0.125167	08.228
15.89	15.92	0.125183	08.323
15.89	15.92	0.125200	08.422
15.89	15.92	0.125217	08.527
15.89	15.93	0.125233	08.621
15.89	15.93	0.125250	08.721
15.89	15.93	0.125267	08.826
15.89	15.93	0.125283	08.920
15.92	15.93	0.125300	09.021
15.92	15.94	0.125317	09.125
15.92	15.94	0.125333	09.220
15.92	15.94	0.125350	09.320
15.92	15.94	0.125367	09.424
15.92	15.95	0.125383	09.518
15.94	15.95	0.125400	09.620
15.94	15.95	0.125416	09.723
15.94	15.95	0.125433	09.818
15.94	15.96	0.125450	09.921
15.94	15.96	0.125466	10.021
15.94	15.96	0.125483	10.118
15.94	15.97	0.125500	10.220
15.94	15.97	0.125516	10.320
15.97	15.97	0.125533	10.418
15.97	15.97	0.125550	10.519
15.97	15.98	0.125566	10.619
15.97	15.98	0.125583	10.718
15.97	15.98	0.125600	10.818
15.97	15.99	0.125616	10.918
15.99	15.99	0.125633	11.019
15.99	15.99	0.125650	11.119
15.99	16.00	0.125666	11.219
15.99	16.00	0.125683	11.320
15.99	16.00	0.125700	11.419
15.99	16.01	0.125716	11.519
15.99	16.01	0.125733	11.619
15.99	16.01	0.125750	11.719
16.02	16.02	0.125766	11.819
16.02	16.02	0.125783	11.919
16.02	16.02	0.125800	12.018
16.02	16.03	0.125816	12.119
16.02	16.03	0.125833	12.220
16.02	16.03	0.125850	12.319
16.02	16.04	0.125866	12.419
16.04	16.04	0.125883	12.519
16.04	16.04	0.125900	12.619
16.04	16.05	0.125916	12.719
16.04	16.05	0.125933	12.819
16.04	16.05	0.125950	12.920
16.04	16.06	0.125966	13.019
16.04	16.06	0.125983	13.119
16.04	16.06	0.126000	13.219
16.07	16.07	0.126016	13.319
16.07	16.07	0.126033	13.419
16.07	16.08	0.126050	13.519
16.07	16.08	0.126066	13.620
16.07	16.08	0.126083	13.719
16.07	16.09	0.126100	13.819
16.07	16.09	0.126116	13.919
16.09	16.09	0.126133	14.019
16.09	16.10	0.126150	14.119
16.09	16.10	0.126166	14.219
16.09	16.10	0.126183	14.319
16.09	16.11	0.126200	14.419
16.09	16.11	0.126216	14.520
16.09	16.11	0.126233	14.619
16.09	16.12	0.126249	14.719
16.12	16.12	0.126266	14.819
16.12	16.12	0.126283	14.919
16.12	16.13	0.126299	15.019
16.12	16.13	0.126316	15.119
16.12	16.13	0.126333	15.220
16.12	16.13	0.126349	15.319
16.12	16.14	0.126366	15.419
16.15	16.14	0.126383	15.519
16.15	16.14	0.126399	15.619
16.15	16.15	0.126416	15.719
16.15	16.15	0.126433	15.819
16.15	16.15	0.126449	15.943
16.15	16.15	0.126466	16.043
16.15	16.16	0.126483	16.147
16.17	16.16	0.126499	16.242
16.17	16.16	0.126516	16.342
16.17	16.16	0.126533	16.446
16.17	16.17	0.126549	16.541
16.17	16.17	0.126566	16.640
16.17	16.17	0.126583	16.745
16.17	16.17	0.126599	16.839
16.17	16.18	0.126616	16.940
16.20	16.18	0.126633	17.044
16.20	16.18	0.126649	17.139
16.20	16.18	0.126666	17.240
16.20	16.18	0.126683	17.343
16.20	16.19	0.126699	17.438
16.20	16.19	0.126716	17.539
16.20	16.19	0.126733	17.642
16.20	16.19	0.126749	17.736
16.20	16.19	0.126766	17.839
16.20	16.20	0.126783	17.941
16.20	16.20	0.126799	18.035
16.20	16.20	0.126816	18.140
16.20	16.20	0.126833	18.239
16.20	16.20	0.126849	18.334
16.20	16.20	0.126866	18.438
16.20	16.20	0.126883	18.538
16.20	16.20	0.126899	18.632
16.20	16.21	0.126916	18.737
16.22	16.21	0.126933	18.837
16.22	16.21	0.126949	18.931
16.22	16.21	0.126966	19.036
16.22	16.21	0.126983	19.135
16.22	16.21	0.126999	19.231
16.22	16.21	0.127016	19.335
16.22	16.21	0.127033	19.430
16.22	16.21	0.127049	19.530
16.22	16.21	0.127066	19.634
16.22	16.21	0.127082	19.728
16.22	16.21	0.127099	19.828
16.22	16.21	0.127116	19.932
16.22	16.21	0.127132	20.027
16.22	16.21	0.127149	20.126
16.22	16.21	0.127166	20.231
16.22	16.21	0.127182	20.326
16.22	16.21	0.127199	20.425
16.22	16.21	0.127216	20.531
16.22	16.21	0.127232	20.625
16.22	16.21	0.127249	20.725
16.22	16.21	0.127266	20.829
16.22	16.21	0.127282	20.924
16.22	16.21	0.127299	21.023
16.22	16.21	0.127316	21.128
16.22	16.21	0.127332	21.223
16.22	16.21	0.127349	21.322
16.22	16.21	0.127366	21.427
16.22	16.21	0.127382	21.521
16.22	16.21	0.127399	21.621
16.22	16.21	0.127416	21.725
16.22	16.21	0.127432	21.820
16.22	16.20	0.127449	21.921
16.22	16.20	0.127466	22.024
16.22	16.20	0.127482	22.120
16.22	16.20	0.127499	22.220
16.22	16.20	0.127516	22.323
16.22	16.20	0.127532	22.420
16.22	16.20	0.127549	22.520
16.22	16.20	0.127566	22.621
16.22	16.20	0.127582	22.720
16.22	16.19	0.127599	22.821
16.22	16.19	0.127616	22.921
16.20	16.19	0.127632	23.020
16.20	16.19	0.127649	23.120
16.20	16.19	0.127666	23.220
16.20	16.19	0.127682	23.320
16.20	16.19	0.127699	23.420
16.20	16.18	0.127716	23.520
16.20	16.18	0.127732	23.619
16.20	16.18	0.127749	23.721
16.20	16.18	0.127766	23.820
16.20	16.18	0.127782	23.920
16.20	16.18	0.127799	24.020
16.17	16.17	0.127816	24.121
16.17	16.17	0.127832	24.221
16.17	16.17	0.127849	24.321
16.17	16.17	0.127866	24.422
16.17	16.17	0.127882	24.521
16.17	16.17	0.127899	24.621
16.17	16.16	0.127915	24.721
16.17	16.16	0.127932	24.821
16.17	16.16	0.127949	24.921
16.17	16.16	0.127965	25.021
16.17	16.16	0.127982	25.121
16.17	16.16	0.127999	25.221
16.17	16.15	0.128015	25.322
16.17	16.15	0.128032	25.421
16.17	16.15	0.128049	25.521
16.15	16.15	0.128065	25.621
16.15	16.15	0.128082	25.721
16.15	16.15	0.128099	25.821
16.15	16.14	0.128115	25.921
16.15	16.14	0.128132	26.022
16.15	16.14	0.128149	26.121
16.15	16.14	0.128165	26.221
16.15	16.14	0.128182	26.321
16.15	16.14	0.128199	26.421
16.15	16.13	0.128215	26.521
16.15	16.13	0.128232	26.621
16.12	16.13	0.128249	26.721
16.12	16.13	0.128265	26.821
16.12	16.13	0.128282	26.922
16.12	16.13	0.128299	27.021
16.12	16.13	0.128315	27.121
16.12	16.12	0.128332	27.221
16.12	16.12	0.128349	27.321
16.12	16.12	0.128365	27.421
16.12	16.12	0.128382	27.521
16.12	16.12	0.128399	27.621
16.12	16.12	0.128415	27.721
16.12	16.12	0.128432	27.822
16.12	16.12	0.128449	27.921
16.12	16.12	0.128465	28.021
16.12	16.12	0.128482	28.120
16.12	16.11	0.128499	28.220
16.12	16.11	0.128515	28.344
16.09	16.11	0.128532	28.449
16.09	16.11	0.128549	28.543
16.09	16.11	0.128565	28.643
16.09	16.11	0.128582	28.749
16.09	16.11	0.128599	28.842
16.09	16.11	0.128615	28.942
16.09	16.11	0.128632	29.047
16.09	16.11	0.128649	29.142
16.09	16.11	0.128665	29.241
16.09	16.11	0.128682	29.346
16.09	16.11	0.128699	29.440
16.09	16.11	0.128715	29.540
16.09	16.11	0.128732	29.645
16.09	16.11	0.128748	29.739
16.12	16.11	0.128765	29.839
16.12	16.11	0.128782	29.943
16.12	16.11	0.128798	30.038
16.12	16.11	0.128815	30.138
16.12	16.11	0.128832	30.242
16.12	16.11	0.128848	30.337
16.12	16.11	0.128865	30.438
16.12	16.11	0.128882	30.541
16.12	16.11	0.128898	30.635
16.12	16.11	0.128915	30.738
16.12	16.11	0.128932	30.839
16.12	16.11	0.128948	30.934
16.12	16.12	0.128965	31.037
16.12	16.12	0.128982	31.139
16.12	16.12	0.128998	31.234
16.09	16.12	0.129015	31.338
16.09	16.12	0.129032	31.438
16.09	16.12	0.129048	31.532
16.09	16.12	0.129065	31.636
16.09	16.12	0.129082	31.736
16.09	16.12	0.129098	31.830
16.09	16.13	0.129115	31.935
16.09	16.13	0.129132	32.035
16.09	16.13	0.129148	32.129
16.12	16.13	0.129165	32.235
16.12	16.13	0.129182	32.334
16.12	16.14	0.129198	32.429
16.12	16.14	0.129215	32.533
16.12	16.14	0.129232	32.628
16.12	16.14	0.129248	32.728
16.12	16.14	0.129265	32.832
16.12	16.15	0.129282	32.927
16.12	16.15	0.129298	33.026
16.15	16.15	0.129315	33.131
16.15	16.15	0.129332	33.225
16.15	16.15	0.129348	33.325
16.15	16.16	0.129365	33.429
16.15	16.16	0.129382	33.524
16.15	16.16	0.129398	33.624
16.15	16.16	0.129415	33.728
16.15	16.17	0.129432	33.823
16.15	16.17	0.129448	33.922
16.15	16.17	0.129465	34.027
16.17	16.18	0.129482	34.122
16.17	16.18	0.129498	34.222
16.17	16.18	0.129515	34.326
16.17	16.18	0.129532	34.422
16.17	16.19	0.129548	34.522
16.17	16.19	0.129565	34.624
16.17	16.19	0.129581	34.722
16.17	16.20	0.129598	34.822
16.17	16.20	0.129615	34.924
16.20	16.20	0.129631	35.023
16.20	16.21	0.129648	35.123
16.20	16.21	0.129665	35.223
16.20	16.21	0.129681	35.323
16.20	16.22	0.129698	35.423
16.20	16.22	0.129715	35.523
16.22	16.22	0.129731	35.623
16.22	16.23	0.129748	35.723
16.22	16.23	0.129765	35.823
16.22	16.23	0.129781	35.924
16.22	16.24	0.129798	36.023
16.22	16.24	0.129815	36.123
16.22	16.24	0.129831	36.223
16.22	16.25	0.129848	36.323
16.25	16.25	0.129865	36.423
16.25	16.25	0.129881	36.523
16.25	16.26	0.129898	36.623
16.25	16.26	0.129915	36.723
16.25	16.26	0.129931	36.824
16.25	16.27	0.129948	36.923
16.25	16.27	0.129965	37.023
16.27	16.27	0.129981	37.124
16.27	16.28	0.129998	37.224
16.27	16.28	0.130015	37.324
16.27	16.29	0.130031	37.424
16.27	16.29	0.130048	37.524
16.27	16.29	0.130065	37.624
16.27	16.30	0.130081	37.725
16.30	16.30	0.130098	37.824
16.30	16.30	0.130115	37.924
16.30	16.31	0.130131	38.024
16.30	16.31	0.130148	38.124
16.30	16.31	0.130165	38.223
16.30	16.32	0.130181	38.324
16.30	16.32	0.130198	38.425
16.33	16.32	0.130215	38.524
16.33	16.33	0.130231	38.624
16.33	16.33	0.130248	38.724
16.33	16.33	0.130265	38.824
16.33	16.34	0.130281	38.924
16.33	16.34	0.130298	39.024
16.33	16.34	0.130315	39.124
16.35	16.34	0.130331	39.224
16.35	16.35	0.130348	39.324
16.35	16.35	0.130365	39.424
16.35	16.35	0.130381	39.524
16.35	16.36	0.130398	39.624
16.35	16.36	0.130414	39.724
16.35	16.36	0.130431	39.824
16.35	16.36	0.130448	39.924
16.38	16.37	0.130464	40.024
16.38	16.37	0.130481	40.124
16.38	16.37	0.130498	40.224
16.38	16.38	0.130514	40.348
16.38	16.38	0.130531	40.453
16.38	16.38	0.130548	40.547
16.38	16.38	0.130564	40.647
16.38	16.39	0.130581	40.751
16.40	16.39	0.130598	40.846
16.40	16.39	0.130614	40.945
16.40	16.39	0.130631	41.050
16.40	16.39	0.130648	41.145
16.40	16.40	0.130664	41.244
16.40	16.40	0.130681	41.349
16.40	16.40	0.130698	41.443
16.40	16.40	0.130714	41.543
16.40	16.40	0.130731	41.647
16.40	16.41	0.130748	41.742
16.40	16.41	0.130764	41.841
16.40	16.41	0.130781	41.946
16.40	16.41	0.130798	42.041
16.43	16.41	0.130814	42.140
16.43	16.41	0.130831	42.245
16.43	16.41	0.130848	42.339
16.43	16.42	0.130864	42.440
16.43	16.42	0.130881	42.544
16.43	16.42	0.130898	42.639
16.43	16.42	0.130914	42.739
16.43	16.42	0.130931	42.843
16.43	16.42	0.130948	42.938
16.43	16.42	0.130964	43.037
16.43	16.42	0.130981	43.142
16.43	16.42	0.130998	43.236
16.43	16.42	0.131014	43.336
16.43	16.42	0.131031	43.440
16.43	16.42	0.131048	43.535
16.43	16.43	0.131064	43.637
16.43	16.43	0.131081	43.739
16.43	16.43	0.131098	43.834
16.43	16.43	0.131114	43.936
16.43	16.43	0.131131	44.038
16.43	16.43	0.131148	44.132
16.43	16.43	0.131164	44.236
16.43	16.43	0.131181	44.337
16.43	16.43	0.131198	44.431
16.43	16.43	0.131214	44.536
16.43	16.43	0.131231	44.635
16.43	16.43	0.131247	44.730
16.43	16.43	0.131264	44.834
16.43	16.43	0.131281	44.935
16.45	16.42	0.131297	45.029
16.45	16.42	0.131314	45.134
16.45	16.42	0.131331	45.234
16.45	16.42	0.131347	45.328
16.45	16.42	0.131364	45.433
16.45	16.42	0.131381	45.532
16.45	16.42	0.131397	45.627
16.45	16.42	0.131414	45.731
16.45	16.42	0.131431	45.826
16.43	16.42	0.131447	45.926
16.43	16.42	0.131464	46.030
16.43	16.42	0.131481	46.125
16.43	16.42	0.131497	46.224
16.43	16.41	0.131514	46.329
16.43	16.41	0.131531	46.424
16.43	16.41	0.131547	46.524
16.43	16.41	0.131564	46.627
16.43	16.41	0.131581	46.724
16.43	16.41	0.131597	46.825
16.43	16.41	0.131614	46.927
16.40	16.41	0.131631	47.024
16.40	16.40	0.131647	47.124
16.40	16.40	0.131664	47.225
16.40	16.40	0.131681	47.324
16.40	16.40	0.131697	47.424
16.40	16.40	0.131714	47.525
16.40	16.40	0.131731	47.624
16.40	16.39	0.131747	47.724
16.40	16.39	0.131764	47.824
16.40	16.39	0.131781	47.924
16.40	16.39	0.131797	48.023
16.40	16.39	0.131814	48.124
16.40	16.39	0.131831	48.224
16.38	16.38	0.131847	48.324
16.38	16.38	0.131864	48.425
16.38	16.38	0.131881	48.524
16.38	16.38	0.131897	48.624
16.38	16.38	0.131914	48.724
16.38	16.38	0.131931	48.824
16.38	16.37	0.131947	48.924
16.38	16.37	0.131964	49.023
16.38	16.37	0.131981	49.125
16.38	16.37	0.131997	49.225
16.38	16.37	0.132014	49.326
16.38	16.37	0.132031	49.425
16.38	16.36	0.132047	49.525
16.38	16.36	0.132064	49.625
16.35	16.36	0.132080	49.725
16.35	16.36	0.132097	49.825
16.35	16.36	0.132114	49.925
16.35	16.36	0.132130	50.025
16.35	16.35	0.132147	50.125
16.35	16.35	0.132164	50.225
16.35	16.35	0.132180	50.325
16.35	16.35	0.132197	50.425
16.35	16.35	0.132214	50.525
16.35	16.35	0.132230	50.625
16.35	16.34	0.132247	50.725
16.35	16.34	0.132264	50.825
16.35	16.34	0.132280	50.926
16.35	16.34	0.132297	51.024
16.35	16.34	0.132314	51.125
16.33	16.34	0.132330	51.225
16.33	16.34	0.132347	51.325
16.33	16.34	0.132364	51.425
16.33	16.33	0.132380	51.525
16.33	16.33	0.132397	51.626
16.33	16.33	0.132414	51.725
16.33	16.33	0.132430	51.825
16.33	16.33	0.132447	51.925
16.33	16.33	0.132464	52.025
16.33	16.33	0.132480	52.125
16.33	16.33	0.132497	52.225
16.33	16.33	0.132514	52.325
16.33	16.33	0.132530	52.425
16.33	16.33	0.132547	52.526
16.33	16.32	0.132564	52.625
16.33	16.32	0.132580	52.725
16.33	16.32	0.132597	52.854
16.33	16.32	0.132614	52.949
16.33	16.32	0.132630	53.053
16.33	16.32	0.132647	53.153
16.30	16.32	0.132664	53.247
16.30	16.32	0.132680	53.352
16.30	16.32	0.132697	53.451
16.30	16.32	0.132714	53.546
16.30	16.32	0.132730	53.651
16.30	16.32	0.132747	53.745
16.30	16.32	0.132764	53.845
16.30	16.32	0.132780	53.949
16.30	16.32	0.132797	54.044
16.30	16.32	0.132814	54.143
16.30	16.32	0.132830	54.248
16.30	16.32	0.132847	54.343
16.30	16.32	0.132864	54.442
16.30	16.32	0.132880	54.547
16.30	16.33	0.132897	54.641
16.33	16.33	0.132913	54.741
16.33	16.33	0.132930	54.845
16.33	16.33	0.132947	54.940
16.33	16.33	0.132963	55.040
16.33	16.33	0.132980	55.144
16.33	16.33	0.132997	55.239
16.33	16.33	0.133013	55.339
16.33	16.33	0.133030	55.444
16.33	16.33	0.133047	55.538
16.33	16.34	0.133063	55.638
16.33	16.34	0.133080	55.742
16.33	16.34	0.133097	55.837
16.33	16.34	0.133113	55.937
16.33	16.34	0.133130	56.041
16.33	16.34	0.133147	56.136
16.33	16.34	0.133163	56.235
16.33	16.35	0.133180	56.340
16.33	16.35	0.133197	56.434
16.33	16.35	0.133213	56.535
16.33	16.35	0.133230	56.638
16.33	16.35	0.133247	56.733
16.33	16.36	0.133263	56.835
16.33	16.36	0.133280	56.937
16.33	16.36	0.133297	57.032
16.35	16.36	0.133313	57.134
16.35	16.37	0.133330	57.236
16.35	16.37	0.133347	57.330
16.35	16.37	0.133363	57.434
16.35	16.37	0.133380	57.536
16.35	16.38	0.133397	57.630
16.35	16.38	0.133413	57.735
16.35	16.38	0.133430	57.834
16.35	16.38	0.133447	57.929
16.38	16.39	0.133463	58.033
16.38	16.39	0.133480	58.133
16.38	16.39	0.133497	58.227
16.38	16.39	0.133513	58.332
16.38	16.40	0.133530	58.432
16.38	16.40	0.133547	58.526
16.38	16.40	0.133563	58.631
16.40	16.41	0.133580	58.730
16.40	16.41	0.133597	58.826
16.40	16.41	0.133613	58.929
16.40	16.42	0.133630	59.030
16.40	16.42	0.133647	59.127
16.40	16.42	0.133663	59.228
16.40	16.43	0.133680	59.330
16.43	16.43	0.133697	59.426
16.43	16.43	0.133713	59.527
16.43	16.44	0.133730	59.629
16.43	16.44	0.133746	59.726
16.43	16.44	0.133763	59.826
16.43	16.45	0.133780	59.930
16.45	16.45	0.133796	00.026
16.45	16.45	0.133813	00.126
16.45	16.46	0.133830	00.230
16.45	16.46	0.133846	00.326
16.45	16.46	0.133863	00.426
16.45	16.47	0.133880	00.529
16.45	16.47	0.133896	00.626
16.48	16.47	0.133913	00.727
16.48	16.48	0.133930	00.829
16.48	16.48	0.133946	00.926
16.48	16.48	0.133963	01.025
16.48	16.49	0.133980	01.130
16.48	16.49	0.133996	01.226
16.48	16.49	0.134013	01.326
16.50	16.50	0.134030	01.429
16.50	16.50	0.134046	01.526
16.50	16.51	0.134063	01.626
16.50	16.51	0.134080	01.729
16.50	16.51	0.134096	01.826
16.50	16.52	0.134113	01.926
16.50	16.52	0.134130	02.030
16.50	16.52	0.134146	02.126
16.50	16.53	0.134163	02.226
16.53	16.53	0.134180	02.330
16.53	16.53	0.134196	02.426
16.53	16.54	0.134213	02.526
16.53	16.54	0.134230	02.629
16.53	16.54	0.134246	02.726
16.53	16.55	0.134263	02.826
16.53	16.55	0.134280	02.929
16.56	16.55	0.134296	03.027
16.56	16.55	0.134313	03.126
16.56	16.56	0.134330	03.230
16.56	16.56	0.134346	03.325
16.56	16.56	0.134363	03.425
16.56	16.57	0.134380	03.529
16.56	16.57	0.134396	03.625
16.56	16.57	0.134413	03.725
16.58	16.58	0.134430	03.829
16.58	16.58	0.134446	03.925
16.58	16.58	0.134463	04.025
16.58	16.58	0.134480	04.129
16.58	16.59	0.134496	04.225
16.58	16.59	0.134513	04.325
16.58	16.59	0.134530	04.429
16.58	16.59	0.134546	04.526
16.58	16.60	0.134563	04.627
16.61	16.60	0.134579	04.729
16.61	16.60	0.134596	04.826
16.61	16.60	0.134613	04.926
16.61	16.61	0.134629	05.029
16.61	16.61	0.134646	05.125
16.61	16.61	0.134663	05.225
16.61	16.61	0.134679	05.329
16.61	16.61	0.134696	05.454
16.61	16.62	0.134713	05.549
16.61	16.62	0.134729	05.653
16.61	16.62	0.134746	05.753
16.63	16.62	0.134763	05.848
16.63	16.62	0.134779	05.953
16.63	16.62	0.134796	06.052
16.63	16.62	0.134813	06.147
16.63	16.63	0.134829	06.251
16.63	16.63	0.134846	06.351
16.63	16.63	0.134863	06.446
16.63	16.63	0.134879	06.550
16.63	16.63	0.134896	06.650
16.63	16.63	0.134913	06.744
16.63	16.63	0.134929	06.849
16.66	16.63	0.134946	06.943
16.66	16.64	0.134963	07.043
16.66	16.64	0.134979	07.147
16.66	16.64	0.134996	07.242
16.66	16.64	0.135013	07.342
16.66	16.64	0.135029	07.446
16.66	16.64	0.135046	07.541
16.66	16.64	0.135063	07.640
16.66	16.64	0.135079	07.745
16.66	16.64	0.135096	07.839
16.66	16.64	0.135113	07.940
16.66	16.64	0.135129	08.045
16.66	16.64	0.135146	08.138
16.66	16.64	0.135163	08.239
16.66	16.64	0.135179	08.343
16.66	16.64	0.135196	08.438
16.66	16.64	0.135213	08.537
16.66	16.64	0.135229	08.642
16.66	16.64	0.135246	08.736
16.66	16.64	0.135263	08.836
16.63	16.64	0.135279	08.941
16.63	16.64	0.135296	09.035
16.63	16.64	0.135313	09.135
16.63	16.64	0.135329	09.239
16.63	16.64	0.135346	09.334
16.63	16.64	0.135363	09.433
16.63	16.64	0.135379	09.538
16.63	16.63	0.135396	09.633
16.63	16.63	0.135412	09.733
16.63	16.63	0.135429	09.837
16.63	16.63	0.135446	09.931
16.63	16.63	0.135462	10.033
16.63	16.63	0.135479	10.135
16.63	16.63	0.135496	10.230
16.63	16.63	0.135512	10.332
16.63	16.63	0.135529	10.434
16.63	16.63	0.135546	10.530
16.63	16.62	0.135562	10.633
16.63	16.62	0.135579	10.734
16.63	16.62	0.135596	10.828
16.63	16.62	0.135612	10.933
16.63	16.62	0.135629	11.032
16.66	16.62	0.135646	11.127
16.66	16.62	0.135662	11.232
16.66	16.61	0.135679	11.331
16.63	16.61	0.135696	11.427
16.63	16.61	0.135712	11.530
16.63	16.61	0.135729	11.630
16.63	16.61	0.135746	11.727
16.63	16.61	0.135762	11.829
16.63	16.60	0.135779	11.929
16.63	16.60	0.135796	12.027
16.63	16.60	0.135812	12.128
16.63	16.60	0.135829	12.229
16.61	16.60	0.135846	12.327
16.61	16.60	0.135862	12.427
16.61	16.59	0.135879	12.528
16.61	16.59	0.135896	12.627
16.61	16.59	0.135912	12.727
16.61	16.59	0.135929	12.828
16.61	16.59	0.135946	12.928
16.58	16.59	0.135962	13.027
16.58	16.58	0.135979	13.129
16.58	16.58	0.135996	13.227
16.58	16.58	0.136012	13.327
16.58	16.58	0.136029	13.428
16.58	16.58	0.136046	13.527
16.58	16.58	0.136062	13.628
16.58	16.57	0.136079	13.728
16.56	16.57	0.136096	13.827
16.56	16.57	0.136112	13.927
16.56	16.57	0.136129	14.028
16.56	16.57	0.136146	14.127
16.56	16.57	0.136162	14.227
16.56	16.56	0.136179	14.328
16.56	16.56	0.136196	14.427
16.56	16.56	0.136212	14.528
16.56	16.56	0.136229	14.628
16.56	16.56	0.136245	14.727
16.56	16.56	0.136262	14.827
16.56	16.56	0.136279	14.928
16.56	16.55	0.136295	15.026
16.56	16.55	0.136312	15.127
16.56	16.55	0.136329	15.227
16.56	16.55	0.136345	15.327
16.56	16.55	0.136362	15.427
16.56	16.55	0.136379	15.528
16.56	16.55	0.136395	15.627
16.56	16.55	0.136412	15.727
16.56	16.54	0.136429	15.828
16.53	16.54	0.136445	15.927
16.53	16.54	0.136462	16.027
16.53	16.54	0.136479	16.128
16.53	16.54	0.136495	16.227
16.53	16.54	0.136512	16.327
16.53	16.54	0.136529	16.428
16.53	16.54	0.136545	16.527
16.53	16.54	0.136562	16.627
16.53	16.54	0.136579	16.728
16.53	16.54	0.136595	16.827
16.53	16.54	0.136612	16.927
16.53	16.54	0.136629	17.028
16.53	16.54	0.136645	17.127
16.53	16.54	0.136662	17.227
16.53	16.54	0.136679	17.327
16.53	16.54	0.136695	17.427
16.53	16.54	0.136712	17.527
16.53	16.54	0.136729	17.628
16.53	16.54	0.136745	17.756
16.53	16.54	0.136762	17.851
16.53	16.54	0.136779	17.928
16.53	16.54	0.136795	18.055
16.53	16.54	0.136812	18.150
16.53	16.54	0.136829	18.227
16.53	16.54	0.136845	18.354
16.53	16.54	0.136862	18.448
16.53	16.54	0.136879	18.527
16.53	16.54	0.136895	18.652
16.53	16.54	0.136912	18.747
16.53	16.54	0.136929	18.852
16.53	16.54	0.136945	18.951
16.53	16.54	0.136962	19.046
16.53	16.54	0.136979	19.150
16.56	16.54	0.136995	19.250
16.56	16.54	0.137012	19.344
16.56	16.55	0.137029	19.450
16.56	16.55	0.137045	19.549
16.56	16.55	0.137062	19.644
16.56	16.55	0.137078	19.749
16.56	16.55	0.137095	19.848
16.56	16.55	0.137112	19.943
16.56	16.55	0.137128	20.047
16.56	16.56	0.137145	20.142
16.56	16.56	0.137162	20.241
16.56	16.56	0.137178	20.346
16.56	16.56	0.137195	20.441
16.56	16.56	0.137212	20.540
16.56	16.57	0.137228	20.645
16.56	16.57	0.137245	20.739
16.53	16.57	0.137262	20.839
16.53	16.57	0.137278	20.943
16.53	16.57	0.137295	21.038
16.53	16.58	0.137312	21.138
16.53	16.58	0.137328	21.242
16.56	16.58	0.137345	21.337
16.56	16.58	0.137362	21.436
16.56	16.59	0.137378	21.541
16.56	16.59	0.137395	21.636
16.56	16.59	0.137412	21.735
16.56	16.59	0.137428	21.840
16.56	16.60	0.137445	21.935
16.56	16.60	0.137462	22.034
16.58	16.60	0.137478	22.139
16.58	16.61	0.137495	22.233
16.58	16.61	0.137512	22.333
16.58	16.61	0.137528	22.437
16.58	16.61	0.137545	22.532
16.61	16.62	0.137562	22.631
16.61	16.62	0.137578	22.736
16.61	16.62	0.137595	22.831
16.61	16.63	0.137612	22.931
16.61	16.63	0.137628	23.035
16.63	16.63	0.137645	23.130
16.63	16.64	0.137662	23.232
16.63	16.64	0.137678	23.334
16.63	16.64	0.137695	23.429
16.63	16.65	0.137712	23.531
16.63	16.65	0.137728	23.633
16.66	16.65	0.137745	23.729
16.66	16.66	0.137762	23.831
16.66	16.66	0.137778	23.932
16.66	16.66	0.137795	24.029
16.66	16.67	0.137812	24.131
16.66	16.67	0.137828	24.230
16.66	16.67	0.137845	24.330
16.68	16.68	0.137862	24.430
16.68	16.68	0.137878	24.530
16.68	16.68	0.137895	24.630
16.68	16.69	0.137911	24.730
16.68	16.69	0.137928	24.830
16.68	16.69	0.137945	24.930
16.68	16.70	0.137961	25.030
16.68	16.70	0.137978	25.130
16.71	16.70	0.137995	25.231
16.71	16.71	0.138011	25.330
16.71	16.71	0.138028	25.429
16.71	16.72	0.138045	25.530
16.71	16.72	0.138061	25.630
16.71	16.72	0.138078	25.730
16.71	16.73	0.138095	25.831
16.74	16.73	0.138111	25.931
16.74	16.73	0.138128	26.032
16.74	16.74	0.138145	26.131
16.74	16.74	0.138161	26.231
16.74	16.74	0.138178	26.331
16.74	16.75	0.138195	26.431
16.74	16.75	0.138211	26.531
16.74	16.75	0.138228	26.631
16.76	16.76	0.138245	26.732
16.76	16.76	0.138261	26.831
16.76	16.76	0.138278	26.931
16.76	16.77	0.138295	27.031
16.76	16.77	0.138311	27.131
16.76	16.77	0.138328	27.231
16.76	16.77	0.138345	27.331
16.79	16.78	0.138361	27.431
16.79	16.78	0.138378	27.531
16.79	16.78	0.138395	27.632
16.79	16.79	0.138411	27.731
16.79	16.79	0.138428	27.831
16.79	16.79	0.138445	27.931
16.79	16.79	0.138461	28.031
16.79	16.80	0.138478	28.131
16.81	16.80	0.138495	28.231
16.81	16.80	0.138511	28.331
16.81	16.80	0.138528	28.431
16.81	16.81	0.138545	28.531
16.81	16.81	0.138561	28.631
16.81	16.81	0.138578	28.731
16.81	16.81	0.138595	28.831
16.81	16.82	0.138611	28.931
16.81	16.82	0.138628	29.031
16.81	16.82	0.138645	29.131
16.81	16.82	0.138661	29.232
16.81	16.82	0.138678	29.331
16.84	16.83	0.138695	29.431
16.84	16.83	0.138711	29.555
16.84	16.83	0.138728	29.655
16.84	16.83	0.138744	29.759
16.84	16.83	0.138761	29.854
16.84	16.84	0.138778	29.953
16.84	16.84	0.138794	30.058
16.84	16.84	0.138811	30.152
16.84	16.84	0.138828	30.252
16.84	16.84	0.138844	30.357
16.84	16.84	0.138861	30.452
16.84	16.84	0.138878	30.551
16.84	16.84	0.138894	30.655
16.86	16.85	0.138911	30.750
16.86	16.85	0.138928	30.850
16.86	16.85	0.138944	30.954
16.86	16.85	0.138961	31.049
16.86	16.85	0.138978	31.151
16.86	16.85	0.138994	31.254
16.86	16.85	0.139011	31.348
16.86	16.85	0.139028	31.451
16.86	16.85	0.139044	31.552
16.86	16.85	0.139061	31.647
16.86	16.85	0.139078	31.750
16.86	16.85	0.139094	31.851
16.86	16.85	0.139111	31.946
16.86	16.85	0.139128	32.050
16.86	16.85	0.139144	32.150
16.86	16.85	0.139161	32.244
16.86	16.85	0.139178	32.349
16.86	16.85	0.139194	32.448
16.86	16.85	0.139211	32.543
16.86	16.85	0.139228	32.648
16.86	16.85	0.139244	32.747
16.86	16.85	0.139261	32.842
16.86	16.85	0.139278	32.946
16.86	16.85	0.139294	33.046
16.86	16.85	0.139311	33.140
16.86	16.85	0.139328	33.245
16.86	16.85	0.139344	33.340
16.86	16.85	0.139361	33.439
16.86	16.85	0.139378	33.545
16.86	16.85	0.139394	33.639
16.86	16.85	0.139411	33.739
16.86	16.85	0.139428	33.843
16.86	16.84	0.139444	33.938
16.86	16.84	0.139461	34.037
16.86	16.84	0.139478	34.142
16.86	16.84	0.139494	34.237
16.86	16.84	0.139511	34.336
16.86	16.84	0.139528	34.441
16.86	16.84	0.139544	34.535
16.86	16.84	0.139561	34.635
16.86	16.84	0.139577	34.739
16.84	16.83	0.139594	34.834
16.84	16.83	0.139611	34.933
16.84	16.83	0.139627	35.038
16.84	16.83	0.139644	35.133
16.84	16.83	0.139661	35.232
16.84	16.83	0.139677	35.337
16.84	16.83	0.139694	35.431
16.84	16.82	0.139711	35.531
16.84	16.82	0.139727	35.635
16.84	16.82	0.139744	35.731
16.84	16.82	0.139761	35.832
16.84	16.82	0.139777	35.935
16.84	16.82	0.139794	36.031
16.81	16.81	0.139811	36.131
16.81	16.81	0.139827	36.234
16.81	16.81	0.139844	36.331
16.81	16.81	0.139861	36.431
16.81	16.81	0.139877	36.532
16.81	16.81	0.139894	36.631
16.81	16.80	0.139911	36.732
16.81	16.80	0.139927	36.831
16.81	16.80	0.139944	36.931
16.81	16.80	0.139961	37.031
16.81	16.80	0.139977	37.131
16.81	16.80	0.139994	37.231
16.79	16.79	0.140011	37.331
16.79	16.79	0.140027	37.432
16.79	16.79	0.140044	37.531
16.79	16.79	0.140061	37.631
16.79	16.79	0.140077	37.731
16.79	16.79	0.140094	37.831
16.79	16.78	0.140111	37.932
16.79	16.78	0.140127	38.032
16.79	16.78	0.140144	38.132
16.79	16.78	0.140161	38.232
16.79	16.78	0.140177	38.333
16.79	16.78	0.140194	38.432
16.79	16.77	0.140211	38.532
16.79	16.77	0.140227	38.632
16.79	16.77	0.140244	38.732
16.76	16.77	0.140261	38.832
16.76	16.77	0.140277	38.932
16.76	16.77	0.140294	39.032
16.76	16.77	0.140311	39.132
16.76	16.76	0.140327	39.233
16.76	16.76	0.140344	39.332
16.76	16.76	0.140361	39.432
16.76	16.76	0.140377	39.533
16.76	16.76	0.140394	39.632
16.76	16.76	0.140410	39.733
16.76	16.76	0.140427	39.833
16.76	16.76	0.140444	39.933
16.76	16.76	0.140460	40.033
16.76	16.76	0.140477	40.133
16.76	16.75	0.140494	40.233
16.76	16.75	0.140510	40.333
16.74	16.75	0.140527	40.433
16.74	16.75	0.140544	40.533
16.74	16.75	0.140560	40.633
16.74	16.75	0.140577	40.733
16.74	16.75	0.140594	40.834
16.74	16.75	0.140610	40.933
16.74	16.75	0.140627	41.032
16.74	16.75	0.140644	41.133
16.74	16.75	0.140660	41.233
16.74	16.75	0.140677	41.333
16.74	16.75	0.140694	41.433
16.74	16.75	0.140710	41.557
16.74	16.75	0.140727	41.657
16.74	16.75	0.140744	41.762
16.74	16.75	0.140760	41.856
16.74	16.75	0.140777	41.957
16.74	16.75	0.140794	42.061
16.74	16.75	0.140810	42.156
16.74	16.75	0.140827	42.255
16.74	16.75	0.140844	42.360
16.74	16.75	0.140860	42.454
16.74	16.75	0.140877	42.554
16.74	16.75	0.140894	42.659
16.74	16.75	0.140910	42.753
16.76	16.75	0.140927	42.853
16.76	16.75	0.140944	42.957
16.76	16.76	0.140960	43.052
16.76	16.76	0.140977	43.151
16.76	16.76	0.140994	43.256
16.76	16.76	0.141010	43.351
16.76	16.76	0.141027	43.450
16.76	16.76	0.141044	43.555
16.76	16.76	0.141060	43.649
16.76	16.76	0.141077	43.749
16.76	16.76	0.141094	43.853
16.76	16.77	0.141110	43.948
16.76	16.77	0.141127	44.049
16.76	16.77	0.141144	44.152
16.76	16.77	0.141160	44.248
16.76	16.77	0.141177	44.349
16.76	16.78	0.141194	44.452
16.76	16.78	0.141210	44.546
16.76	16.78	0.141227	44.649
16.76	16.78	0.141243	44.750
16.76	16.78	0.141260	44.845
16.76	16.79	0.141277	44.948
16.76	16.79	0.141293	45.049
16.76	16.79	0.141310	45.144
16.76	16.79	0.141327	45.248
16.76	16.79	0.141343	45.348
16.79	16.80	0.141360	45.442
16.79	16.80	0.141377	45.548
16.79	16.80	0.141393	45.647
16.79	16.80	0.141410	45.742
16.79	16.81	0.141427	45.846
16.79	16.81	0.141443	45.946
16.79	16.81	0.141460	46.040
16.79	16.82	0.141477	46.145
16.81	16.82	0.141493	46.244
16.81	16.82	0.141510	46.339
16.81	16.82	0.141527	46.444
16.81	16.83	0.141543	46.538
16.81	16.83	0.141560	46.638
16.81	16.83	0.141577	46.742
16.81	16.84	0.141593	46.837
16.84	16.84	0.141610	46.936
16.84	16.84	0.141627	47.041
16.84	16.85	0.141643	47.136
16.84	16.85	0.141660	47.235
16.84	16.85	0.141677	47.340
16.84	16.86	0.141693	47.434
16.84	16.86	0.141710	47.534
16.84	16.86	0.141727	47.638
16.84	16.87	0.141743	47.734
16.86	16.87	0.141760	47.834
16.86	16.87	0.141777	47.938
16.86	16.88	0.141793	48.035
16.86	16.88	0.141810	48.134
16.86	16.88	0.141827	48.237
16.86	16.89	0.141843	48.334
16.89	16.89	0.141860	48.434
16.89	16.89	0.141877	48.535
16.89	16.90	0.141893	48.634
16.89	16.90	0.141910	48.734
16.89	16.90	0.141927	48.834
16.89	16.91	0.141943	48.935
16.89	16.91	0.141960	49.034
16.92	16.91	0.141977	49.134
16.92	16.92	0.141993	49.234
16.92	16.92	0.142010	49.334
16.92	16.93	0.142027	49.434
16.92	16.93	0.142043	49.534
16.92	16.93	0.142060	49.635
16.92	16.94	0.142076	49.734
16.94	16.94	0.142093	49.834
16.94	16.94	0.142110	49.935
16.94	16.95	0.142126	50.035
16.94	16.95	0.142143	50.135
16.94	16.95	0.142160	50.235
16.94	16.96	0.142176	50.335
16.94	16.96	0.142193	50.435
16.97	16.96	0.142210	50.536
16.97	16.97	0.142226	50.635
16.97	16.97	0.142243	50.735
16.97	16.97	0.142260	50.835
16.97	16.98	0.142276	50.935
16.97	16.98	0.142293	51.035
16.97	16.98	0.142310	51.135
16.99	16.98	0.142326	51.235
16.99	16.99	0.142343	51.335
16.99	16.99	0.142360	51.436
16.99	16.99	0.142376	51.535
16.99	17.00	0.142393	51.635
16.99	17.00	0.142410	51.735
16.99	17.00	0.142426	51.835
16.99	17.00	0.142443	51.935
16.99	17.01	0.142460	52.035
17.02	17.01	0.142476	52.136
17.02	17.01	0.142493	52.235
17.02	17.02	0.142510	52.335
17.02	17.02	0.142526	52.435
17.02	17.02	0.142543	52.535
17.02	17.02	0.142560	52.635
17.02	17.03	0.142576	52.735
17.04	17.03	0.142593	52.835
17.04	17.03	0.142610	52.935
17.04	17.03	0.142626	53.035
17.04	17.03	0.142643	53.135
17.04	17.04	0.142660	53.235
17.04	17.04	0.142676	53.335
17.04	17.04	0.142693	53.435
17.04	17.04	0.142710	53.535
17.04	17.04	0.142726	53.635
17.04	17.05	0.142743	53.736
17.04	17.05	0.142760	53.835
17.07	17.05	0.142776	53.935
17.07	17.05	0.142793	54.064
17.07	17.05	0.142810	54.164
17.07	17.05	0.142826	54.258
17.07	17.05	0.142843	54.363
17.07	17.06	0.142860	54.457
17.07	17.06	0.142876	54.557
17.07	17.06	0.142893	54.661
17.07	17.06	0.142909	54.756
17.07	17.06	0.142926	54.856
17.07	17.06	0.142943	54.960
17.07	17.06	0.142959	55.055
17.07	17.06	0.142976	55.154
17.07	17.06	0.142993	55.259
17.07	17.06	0.143009	55.353
17.07	17.06	0.143026	55.453
17.07	17.06	0.143043	55.557
17.07	17.07	0.143059	55.652
17.07	17.07	0.143076	55.752
17.07	17.07	0.143093	55.857
17.07	17.07	0.143109	55.951
17.07	17.07	0.143126	56.051
17.07	17.07	0.143143	56.156
17.07	17.07	0.143159	56.250
17.07	17.07	0.143176	56.350
17.07	17.07	0.143193	56.455
17.07	17.07	0.143209	56.549
17.07	17.07	0.143226	56.649
17.07	17.07	0.143243	56.753
17.07	17.07	0.143259	56.848
17.07	17.07	0.143276	56.947
17.07	17.06	0.143293	57.052
17.07	17.06	0.143309	57.147
17.07	17.06	0.143326	57.248
17.07	17.06	0.143343	57.351
17.07	17.06	0.143359	57.445
17.07	17.06	0.143376	57.548
17.07	17.06	0.143393	57.650
17.07	17.06	0.143409	57.744
17.07	17.06	0.143426	57.847
17.07	17.06	0.143443	57.949
17.07	17.06	0.143459	58.044
17.07	17.06	0.143476	58.147
17.07	17.06	0.143493	58.248
17.07	17.05	0.143509	58.342
17.07	17.05	0.143526	58.447
17.07	17.05	0.143543	58.546
17.07	17.05	0.143559	58.641
17.07	17.05	0.143576	58.745
17.07	17.05	0.143593	58.845
17.07	17.05	0.143609	58.940
17.07	17.05	0.143626	59.044
17.07	17.04	0.143643	59.144
17.07	17.04	0.143659	59.238
17.07	17.04	0.143676	59.343
17.07	17.04	0.143693	59.437
17.04	17.04	0.143709	59.537
17.04	17.04	0.143726	59.642
17.04	17.03	0.143742	59.736
17.04	17.03	0.143759	59.836
17.04	17.03	0.143776	59.940
17.04	17.03	0.143792	00.035
17.04	17.03	0.143809	00.135
17.04	17.03	0.143826	00.239
17.04	17.02	0.143842	00.335
17.04	17.02	0.143859	00.436
17.04	17.02	0.143876	00.538
17.02	17.02	0.143892	00.635
17.02	17.02	0.143909	00.735
17.02	17.02	0.143926	00.837
17.02	17.01	0.143942	00.935
17.02	17.01	0.143959	01.034
17.02	17.01	0.143976	01.135
17.02	17.01	0.143992	01.235
17.02	17.01	0.144009	01.335
17.02	17.01	0.144026	01.435
17.02	17.00	0.144042	01.535
16.99	17.00	0.144059	01.635
16.99	17.00	0.144076	01.735
16.99	17.00	0.144092	01.835
16.99	17.00	0.144109	01.935
16.99	17.00	0.144126	02.035
16.99	16.99	0.144142	02.135
16.99	16.99	0.144159	02.235
16.99	16.99	0.144176	02.335
16.99	16.99	0.144192	02.434
16.99	16.99	0.144209	02.535
16.99	16.99	0.144226	02.635
16.99	16.98	0.144242	02.736
16.99	16.98	0.144259	02.835
16.99	16.98	0.144276	02.935
16.99	16.98	0.144292	03.035
16.97	16.98	0.144309	03.135
16.97	16.98	0.144326	03.235
16.97	16.98	0.144342	03.334
16.97	16.98	0.144359	03.435
16.97	16.97	0.144376	03.535
16.97	16.97	0.144392	03.636
16.97	16.97	0.144409	03.735
16.97	16.97	0.144426	03.835
16.97	16.97	0.144442	03.935
16.97	16.97	0.144459	04.035
16.97	16.97	0.144476	04.135
16.97	16.97	0.144492	04.235
16.97	16.97	0.144509	04.336
16.97	16.97	0.144526	04.435
16.97	16.97	0.144542	04.535
16.97	16.96	0.144559	04.635
16.97	16.96	0.144575	04.735
16.97	16.96	0.144592	04.835
16.97	16.96	0.144609	04.935
16.97	16.96	0.144625	05.035
16.97	16.96	0.144642	05.135
16.97	16.96	0.144659	05.236
16.97	16.96	0.144675	05.335
16.97	16.96	0.144692	05.435
16.97	16.96	0.144709	05.535
16.94	16.96	0.144725	05.635
16.94	16.96	0.144742	05.735
16.94	16.96	0.144759	05.835
16.94	16.96	0.144775	05.936
16.94	16.96	0.144792	06.035
16.94	16.96	0.144809	06.135
16.94	16.96	0.144825	06.235
16.94	16.96	0.144842	06.335
16.94	16.96	0.144859	06.435
16.94	16.96	0.144875	06.535
16.94	16.97	0.144892	06.664
16.94	16.97	0.144909	06.764
16.94	16.97	0.144925	06.858
16.94	16.97	0.144942	06.963
16.94	16.97	0.144959	07.063
16.97	16.97	0.144975	07.157
16.97	16.97	0.144992	07.262
16.97	16.97	0.145009	07.361
16.97	16.97	0.145025	07.456
16.97	16.97	0.145042	07.561
16.97	16.98	0.145059	07.656
16.97	16.98	0.145075	07.756
16.97	16.98	0.145092	07.860
16.97	16.98	0.145109	07.955
16.97	16.98	0.145125	08.054
16.97	16.98	0.145142	08.159
16.97	16.98	0.145159	08.253
16.97	16.99	0.145175	08.353
16.99	16.99	0.145192	08.457
16.99	16.99	0.145209	08.552
16.99	16.99	0.145225	08.652
16.99	16.99	0.145242	08.756
16.99	17.00	0.145259	08.851
16.99	17.00	0.145275	08.950
16.99	17.00	0.145292	09.055
16.99	17.00	0.145309	09.149
16.99	17.01	0.145325	09.249
16.99	17.01	0.145342	09.354
16.99	17.01	0.145359	09.448
16.99	17.01	0.145375	09.548
16.99	17.02	0.145392	09.652
16.99	17.02	0.145408	09.747
16.99	17.02	0.145425	09.847
16.99	17.02	0.145442	09.952
17.02	17.03	0.145458	10.046
17.02	17.03	0.145475	10.146
17.02	17.03	0.145492	10.251
17.02	17.03	0.145508	10.345
17.02	17.04	0.145525	10.446
17.02	17.04	0.145542	10.549
17.02	17.04	0.145558	10.644
17.04	17.05	0.145575	10.745
17.04	17.05	0.145592	10.848
17.04	17.05	0.145608	10.943
17.04	17.06	0.145625	11.046
17.04	17.06	0.145642	11.147
17.04	17.06	0.145658	11.241
17.04	17.07	0.145675	11.346
17.07	17.07	0.145692	11.445
17.07	17.07	0.145708	11.540
17.07	17.08	0.145725	11.644
17.07	17.08	0.145742	11.744
17.07	17.08	0.145758	11.839
17.07	17.09	0.145775	11.943
17.07	17.09	0.145792	12.043
17.09	17.09	0.145808	12.138
17.09	17.10	0.145825	12.243
17.09	17.10	0.145842	12.341
17.09	17.10	0.145858	12.437
17.09	17.11	0.145875	12.542
17.09	17.11	0.145892	12.641
17.12	17.11	0.145908	12.737
17.12	17.12	0.145925	12.840
17.12	17.12	0.145942	12.941
17.12	17.12	0.145958	13.037
17.12	17.13	0.145975	13.139
17.12	17.13	0.145992	13.240
17.12	17.13	0.146008	13.337
17.12	17.14	0.146025	13.438
17.15	17.14	0.146042	13.541
17.15	17.15	0.146058	13.637
17.15	17.15	0.146075	13.737
17.15	17.15	0.146092	13.841
17.15	17.16	0.146108	13.937
17.15	17.16	0.146125	14.037
17.15	17.16	0.146142	14.140
17.15	17.17	0.146158	14.237
17.17	17.17	0.146175	14.337
17.17	17.17	0.146192	14.441
17.17	17.18	0.146208	14.537
17.17	17.18	0.146225	14.637
17.17	17.18	0.146241	14.741
17.17	17.19	0.146258	14.837
17.17	17.19	0.146275	14.937
17.17	17.19	0.146291	15.041
17.20	17.19	0.146308	15.137
17.20	17.20	0.146325	15.237
17.20	17.20	0.146341	15.340
17.20	17.20	0.146358	15.437
17.20	17.21	0.146375	15.537
17.20	17.21	0.146391	15.641
17.20	17.21	0.146408	15.738
17.20	17.22	0.146425	15.837
17.22	17.22	0.146441	15.941
17.22	17.22	0.146458	16.037
17.22	17.22	0.146475	16.137
17.22	17.23	0.146491	16.240
17.22	17.23	0.146508	16.337
17.22	17.23	0.146525	16.437
17.22	17.23	0.146541	16.541
17.22	17.24	0.146558	16.638
17.22	17.24	0.146575	16.736
17.22	17.24	0.146591	16.841
17.25	17.24	0.146608	16.937
17.25	17.25	0.146625	17.036
17.25	17.25	0.146641	17.140
17.25	17.25	0.146658	17.237
17.25	17.25	0.146675	17.337
17.25	17.25	0.146691	17.440
17.25	17.26	0.146708	17.538
17.27	17.26	0.146725	17.637
17.27	17.26	0.146741	17.741
17.27	17.26	0.146758	17.837
17.27	17.26	0.146775	17.937
17.27	17.26	0.146791	18.040
17.27	17.26	0.146808	18.137
17.27	17.27	0.146825	18.237
17.27	17.27	0.146841	18.340
17.27	17.27	0.146858	18.437
17.27	17.27	0.146875	18.537
17.27	17.27	0.146891	18.641
17.27	17.27	0.146908	18.737
17.30	17.27	0.146925	18.837
17.30	17.27	0.146941	18.940
17.30	17.28	0.146958	19.066
17.30	17.28	0.146975	19.160
17.30	17.28	0.146991	19.240
17.30	17.28	0.147008	19.365
17.30	17.28	0.147025	19.459
17.30	17.28	0.147041	19.564
17.30	17.28	0.147058	19.663
17.30	17.28	0.147074	19.758
17.30	17.28	0.147091	19.862
17.30	17.28	0.147108	19.962
17.30	17.28	0.147124	20.057
17.30	17.28	0.147141	20.162
17.30	17.28	0.147158	20.262
17.30	17.28	0.147174	20.355
17.27	17.28	0.147191	20.461
17.27	17.28	0.147208	20.560
17.27	17.28	0.147224	20.655
17.27	17.28	0.147241	20.759
17.27	17.28	0.147258	20.854
17.27	17.28	0.147274	20.954
17.27	17.28	0.147291	21.058
17.27	17.28	0.147308	21.153
17.27	17.28	0.147324	21.252
17.27	17.28	0.147341	21.357
17.27	17.28	0.147358	21.451
17.30	17.28	0.147374	21.551
17.30	17.27	0.147391	21.656
17.30	17.27	0.147408	21.750
17.30	17.27	0.147424	21.850
17.30	17.27	0.147441	21.954
17.30	17.27	0.147458	22.049
17.30	17.27	0.147474	22.148
17.30	17.27	0.147491	22.253
17.30	17.27	0.147508	22.348
17.30	17.27	0.147524	22.448
17.30	17.27	0.147541	22.553
17.30	17.26	0.147558	22.647
17.27	17.26	0.147574	22.747
17.27	17.26	0.147591	22.851
17.27	17.26	0.147608	22.946
17.27	17.26	0.147624	23.045
17.27	17.26	0.147641	23.150
17.27	17.26	0.147658	23.245
17.27	17.25	0.147674	23.344
17.27	17.25	0.147691	23.449
17.27	17.25	0.147708	23.543
17.25	17.25	0.147724	23.644
17.25	17.25	0.147741	23.747
17.25	17.25	0.147758	23.842
17.25	17.24	0.147774	23.944
17.25	17.24	0.147791	24.046
17.25	17.24	0.147808	24.141
17.25	17.24	0.147824	24.244
17.25	17.24	0.147841	24.345
17.25	17.24	0.147858	24.440
17.25	17.23	0.147874	24.544
17.25	17.23	0.147891	24.644
17.22	17.23	0.147907	24.738
17.22	17.23	0.147924	24.843
17.22	17.23	0.147941	24.943
17.22	17.23	0.147957	25.038
17.22	17.22	0.147974	25.142
17.22	17.22	0.147991	25.241
17.22	17.22	0.148007	25.338
17.22	17.22	0.148024	25.440
17.22	17.22	0.148041	25.540
17.22	17.22	0.148057	25.639
17.22	17.21	0.148074	25.739
17.22	17.21	0.148091	25.840
17.22	17.21	0.148107	25.938
17.22	17.21	0.148124	26.039
17.22	17.21	0.148141	26.139
17.20	17.21	0.148157	26.238
17.20	17.20	0.148174	26.338
17.20	17.20	0.148191	26.439
17.20	17.20	0.148207	26.539
17.20	17.20	0.148224	26.638
17.20	17.20	0.148241	26.739
17.20	17.20	0.148257	26.838
17.20	17.20	0.148274	26.938
17.20	17.19	0.148291	27.039
17.20	17.19	0.148307	27.138
17.20	17.19	0.148324	27.238
17.20	17.19	0.148341	27.339
17.20	17.19	0.148357	27.439
17.20	17.19	0.148374	27.538
17.20	17.19	0.148391	27.639
17.17	17.19	0.148407	27.738
17.17	17.18	0.148424	27.838
17.17	17.18	0.148441	27.939
17.17	17.18	0.148457	28.037
17.17	17.18	0.148474	28.139
17.17	17.18	0.148491	28.239
17.17	17.18	0.148507	28.338
17.17	17.18	0.148524	28.438
17.17	17.18	0.148541	28.539
17.17	17.18	0.148557	28.638
17.17	17.18	0.148574	28.738
17.17	17.18	0.148591	28.838
17.17	17.18	0.148607	28.938
17.17	17.18	0.148624	29.038
17.17	17.18	0.148641	29.138
17.17	17.18	0.148657	29.238
17.17	17.18	0.148674	29.338
17.17	17.18	0.148691	29.439
17.17	17.18	0.148707	29.538
17.17	17.18	0.148724	29.638
17.17	17.18	0.148740	29.738
17.17	17.18	0.148757	29.838
17.17	17.18	0.148774	29.939
17.17	17.18	0.148790	30.038
17.17	17.18	0.148807	30.138
17.17	17.18	0.148824	30.238
17.17	17.18	0.148840	30.339
17.17	17.18	0.148857	30.438
17.17	17.18	0.148874	30.538
17.17	17.18	0.148890	30.639
17.17	17.18	0.148907	30.738
17.17	17.18	0.148924	30.838
17.17	17.18	0.148940	30.938
17.17	17.18	0.148957	31.037
17.17	17.18	0.148974	31.138
17.17	17.18	0.148990	31.239
17.20	17.18	0.149007	31.338
17.20	17.19	0.149024	31.438
17.20	17.19	0.149040	31.539
17.20	17.19	0.149057	31.667
17.20	17.19	0.149074	31.762
17.20	17.19	0.149090	31.838
17.20	17.19	0.149107	31.966
17.20	17.19	0.149124	32.060
17.20	17.20	0.149140	32.138
17.20	17.20	0.149157	32.264
17.20	17.20	0.149174	32.359
17.20	17.20	0.149190	32.438
17.20	17.20	0.149207	32.563
17.20	17.21	0.149224	32.658
17.20	17.21	0.149240	32.762
17.20	17.21	0.149257	32.862
17.20	17.21	0.149274	32.956
17.20	17.21	0.149290	33.061
17.20	17.22	0.149307	33.160
17.20	17.22	0.149324	33.255
17.20	17.22	0.149340	33.360
17.20	17.22	0.149357	33.459
17.20	17.23	0.149374	33.554
17.20	17.23	0.149390	33.658
17.20	17.23	0.149407	33.758
17.20	17.23	0.149424	33.852
17.20	17.24	0.149440	33.957
17.20	17.24	0.149457	34.052
17.20	17.24	0.149474	34.151
17.20	17.25	0.149490	34.257
17.22	17.25	0.149507	34.351
17.22	17.25	0.149524	34.451
17.22	17.25	0.149540	34.555
17.22	17.26	0.149557	34.650
17.22	17.26	0.149573	34.749
17.22	17.26	0.149590	34.854
17.25	17.27	0.149607	34.949
17.25	17.27	0.149623	35.048
17.25	17.27	0.149640	35.153
17.25	17.28	0.149657	35.247
17.27	17.28	0.149673	35.347
17.27	17.28	0.149690	35.451
17.27	17.29	0.149707	35.546
17.27	17.29	0.149723	35.646
17.27	17.29	0.149740	35.750
17.30	17.30	0.149757	35.845
17.30	17.30	0.149773	35.944
17.30	17.30	0.149790	36.049
17.30	17.31	0.149807	36.143
17.30	17.31	0.149823	36.243
17.33	17.31	0.149840	36.348
17.33	17.32	0.149857	36.443
17.33	17.32	0.149873	36.543
17.33	17.32	0.149890	36.647
17.33	17.33	0.149907	36.742
17.33	17.33	0.149923	36.842
17.33	17.33	0.149940	36.946
17.33	17.34	0.149957	37.040
17.35	17.34	0.149973	37.142
17.35	17.34	0.149990	37.245
17.35	17.35	0.150007	37.339
17.35	17.35	0.150023	37.442
17.35	17.36	0.150040	37.543
17.35	17.36	0.150057	37.639
17.35	17.36	0.150073	37.741
17.35	17.37	0.150090	37.842
17.35	17.37	0.150107	37.939
17.35	17.37	0.150123	38.041
17.35	17.38	0.150140	38.141
17.35	17.38	0.150157	38.239
17.35	17.38	0.150173	38.340
17.38	17.39	0.150190	38.439
17.38	17.39	0.150207	38.539
17.38	17.39	0.150223	38.639
17.38	17.40	0.150240	38.739
17.38	17.40	0.150257	38.839
17.38	17.40	0.150273	38.939
17.40	17.41	0.150290	39.040
17.40	17.41	0.150307	39.139
17.40	17.41	0.150323	39.239
17.40	17.41	0.150340	39.339
17.40	17.42	0.150357	39.439
17.40	17.42	0.150373	39.539
17.43	17.42	0.150390	39.639
17.43	17.43	0.150406	39.740
17.43	17.43	0.150423	39.839
17.43	17.43	0.150440	39.939
17.43	17.43	0.150456	40.039
17.43	17.44	0.150473	40.138
17.45	17.44	0.150490	40.239
17.45	17.44	0.150506	40.339
17.45	17.44	0.150523	40.439
17.45	17.45	0.150540	40.539
17.45	17.45	0.150556	40.640
17.45	17.45	0.150573	40.739
17.45	17.45	0.150590	40.839
17.45	17.46	0.150606	40.939
17.45	17.46	0.150623	41.039
17.48	17.46	0.150640	41.139
17.48	17.46	0.150656	41.239
17.48	17.46	0.150673	41.340
17.48	17.47	0.150690	41.439
17.48	17.47	0.150706	41.539
17.48	17.47	0.150723	41.639
17.48	17.47	0.150740	41.739
17.48	17.47	0.150756	41.839
17.48	17.48	0.150773	41.939
17.48	17.48	0.150790	42.039
17.48	17.48	0.150806	42.139
17.48	17.48	0.150823	42.240
17.48	17.48	0.150840	42.339
17.48	17.48	0.150856	42.439
17.48	17.48	0.150873	42.539
17.50	17.48	0.150890	42.639
17.50	17.49	0.150906	42.739
17.50	17.49	0.150923	42.839
17.50	17.49	0.150940	42.939
17.50	17.49	0.150956	43.039
17.50	17.49	0.150973	43.140
17.50	17.49	0.150990	43.239
17.50	17.49	0.151006	43.339
17.50	17.49	0.151023	43.439
17.50	17.49	0.151040	43.539
17.50	17.49	0.151056	43.639
17.50	17.49	0.151073	43.739
17.50	17.49	0.151090	43.840
17.50	17.49	0.151106	43.938
17.50	17.49	0.151123	44.038
17.50	17.49	0.151140	44.162
17.50	17.49	0.151156	44.267
17.50	17.49	0.151173	44.362
17.50	17.49	0.151190	44.462
17.50	17.49	0.151206	44.566
17.50	17.49	0.151223	44.661
17.50	17.49	0.151239	44.761
17.50	17.49	0.151256	44.865
17.50	17.49	0.151273	44.960
17.50	17.49	0.151289	45.061
17.50	17.49	0.151306	45.164
17.50	17.49	0.151323	45.258
17.50	17.49	0.151339	45.361
17.50	17.49	0.151356	45.462
17.50	17.49	0.151373	45.557
17.50	17.49	0.151389	45.661
17.50	17.49	0.151406	45.761
17.50	17.49	0.151423	45.856
17.50	17.48	0.151439	45.960
17.50	17.48	0.151456	46.060
17.50	17.48	0.151473	46.154
17.50	17.48	0.151489	46.259
17.50	17.48	0.151506	46.359
17.48	17.48	0.151523	46.453
17.48	17.48	0.151539	46.558
17.48	17.48	0.151556	46.658
17.48	17.48	0.151573	46.752
17.48	17.47	0.151589	46.857
17.48	17.47	0.151606	46.957
17.48	17.47	0.151623	47.051
17.48	17.47	0.151639	47.156
17.48	17.47	0.151656	47.251
17.48	17.47	0.151673	47.350
17.48	17.47	0.151689	47.455
17.48	17.46	0.151706	47.549
17.48	17.46	0.151723	47.649
17.48	17.46	0.151739	47.753
17.48	17.46	0.151756	47.848
17.48	17.46	0.151773	47.947
17.48	17.46	0.151789	48.052
17.48	17.45	0.151806	48.147
17.48	17.45	0.151823	48.246
17.45	17.45	0.151839	48.351
17.45	17.45	0.151856	48.445
17.45	17.45	0.151873	48.545
17.45	17.45	0.151889	48.650
17.45	17.44	0.151906	48.745
17.45	17.44	0.151923	48.845
17.45	17.44	0.151939	48.949
17.45	17.44	0.151956	49.044
17.45	17.44	0.151973	49.143
17.45	17.44	0.151989	49.248
17.45	17.43	0.152006	49.342
17.43	17.43	0.152023	49.442
17.43	17.43	0.152039	49.546
17.43	17.43	0.152056	49.641
17.43	17.43	0.152072	49.741
17.43	17.43	0.152089	49.845
17.43	17.42	0.152106	49.940
17.43	17.42	0.152122	50.040
17.43	17.42	0.152139	50.144
17.43	17.42	0.152156	50.240
17.43	17.42	0.152172	50.340
17.43	17.42	0.152189	50.442
17.43	17.41	0.152206	50.540
17.40	17.41	0.152222	50.641
17.40	17.41	0.152239	50.741
17.40	17.41	0.152256	50.840
17.40	17.41	0.152272	50.940
17.40	17.41	0.152289	51.040
17.40	17.41	0.152306	51.140
17.40	17.40	0.152322	51.240
17.40	17.40	0.152339	51.341
17.40	17.40	0.152356	51.440
17.40	17.40	0.152372	51.540
17.40	17.40	0.152389	51.640
17.40	17.40	0.152406	51.740
17.40	17.40	0.152422	51.840
17.40	17.40	0.152439	51.940
17.40	17.40	0.152456	52.039
17.40	17.40	0.152472	52.140
17.40	17.39	0.152489	52.241
17.40	17.39	0.152506	52.340
17.40	17.39	0.152522	52.440
17.40	17.39	0.152539	52.540
17.38	17.39	0.152556	52.640
17.38	17.39	0.152572	52.740
17.38	17.39	0.152589	52.840
17.38	17.39	0.152606	52.942
17.38	17.39	0.152622	53.041
17.38	17.39	0.152639	53.141
17.38	17.39	0.152656	53.241
17.38	17.39	0.152672	53.341
17.38	17.39	0.152689	53.441
17.38	17.39	0.152706	53.541
17.38	17.39	0.152722	53.641
17.38	17.39	0.152739	53.741
17.38	17.39	0.152756	53.842
17.38	17.39	0.152772	53.941
17.38	17.39	0.152789	54.041
17.38	17.39	0.152806	54.141
17.38	17.39	0.152822	54.241
17.38	17.39	0.152839	54.341
17.38	17.39	0.152856	54.441
17.38	17.39	0.152872	54.541
17.38	17.39	0.152889	54.641
17.38	17.39	0.152905	54.741
17.38	17.39	0.152922	54.841
17.38	17.39	0.152939	54.941
17.38	17.40	0.152955	55.041
17.38	17.40	0.152972	55.141
17.38	17.40	0.152989	55.241
17.38	17.40	0.153005	55.341
17.38	17.40	0.153022	55.442
17.40	17.40	0.153039	55.541
17.40	17.40	0.153055	55.641
17.40	17.40	0.153072	55.741
17.40	17.40	0.153089	55.841
17.40	17.41	0.153105	55.941
17.40	17.41	0.153122	56.041
17.40	17.41	0.153139	56.141
17.40	17.41	0.153155	56.270
17.40	17.41	0.153172	56.365
17.40	17.42	0.153189	56.465
17.40	17.42	0.153205	56.569
17.40	17.42	0.153222	56.664
17.40	17.42	0.153239	56.763
17.40	17.42	0.153255	56.868
17.40	17.43	0.153272	56.962
17.40	17.43	0.153289	57.062
17.43	17.43	0.153305	57.166
17.43	17.43	0.153322	57.261
17.43	17.43	0.153339	57.361
17.43	17.44	0.153355	57.465
17.43	17.44	0.153372	57.560
17.43	17.44	0.153389	57.659
17.43	17.44	0.153405	57.764
17.43	17.45	0.153422	57.858
17.43	17.45	0.153439	57.959
17.43	17.45	0.153455	58.063
17.43	17.46	0.153472	58.157
17.45	17.46	0.153489	58.259
17.45	17.46	0.153505	58.362
17.45	17.46	0.153522	58.456
17.45	17.47	0.153539	58.559
17.45	17.47	0.153555	58.661
17.45	17.47	0.153572	58.755
17.45	17.48	0.153589	58.859
17.45	17.48	0.153605	58.959
17.48	17.48	0.153622	59.054
17.48	17.49	0.153639	59.158
17.48	17.49	0.153655	59.258
17.48	17.49	0.153672	59.353
17.48	17.50	0.153689	59.458
17.48	17.50	0.153705	59.557
17.48	17.50	0.153722	59.652
17.50	17.51	0.153738	59.757
17.50	17.51	0.153755	59.856
17.50	17.51	0.153772	59.951
17.50	17.52	0.153788	00.055
17.50	17.52	0.153805	00.155
17.50	17.52	0.153822	00.250
17.50	17.53	0.153838	00.354
17.53	17.53	0.153855	00.449
17.53	17.53	0.153872	00.548
17.53	17.54	0.153888	00.653
17.53	17.54	0.153905	00.747
17.53	17.54	0.153922	00.847
17.53	17.55	0.153938	00.952
17.56	17.55	0.153955	01.046
17.56	17.55	0.153972	01.146
17.56	17.56	0.153988	01.251
17.56	17.56	0.154005	01.345
17.56	17.57	0.154022	01.445
17.56	17.57	0.154038	01.549
17.56	17.57	0.154055	01.644
17.58	17.58	0.154072	01.745
17.58	17.58	0.154088	01.848
17.58	17.58	0.154105	01.944
17.58	17.59	0.154122	02.044
17.58	17.59	0.154138	02.147
17.58	17.59	0.154155	02.244
17.58	17.60	0.154172	02.344
17.58	17.60	0.154188	02.445
17.61	17.60	0.154205	02.544
17.61	17.61	0.154222	02.644
17.61	17.61	0.154238	02.744
17.61	17.61	0.154255	02.844
17.61	17.62	0.154272	02.944
17.61	17.62	0.154288	03.044
17.61	17.62	0.154305	03.144
17.63	17.62	0.154322	03.244
17.63	17.63	0.154338	03.345
17.63	17.63	0.154355	03.444
17.63	17.63	0.154372	03.544
17.63	17.64	0.154388	03.644
17.63	17.64	0.154405	03.744
17.63	17.64	0.154422	03.844
17.63	17.64	0.154438	03.944
17.66	17.65	0.154455	04.044
17.66	17.65	0.154472	04.143
17.66	17.65	0.154488	04.245
17.66	17.66	0.154505	04.344
17.66	17.66	0.154522	04.444
17.66	17.66	0.154538	04.544
17.66	17.66	0.154555	04.644
17.66	17.67	0.154571	04.744
17.66	17.67	0.154588	04.844
17.66	17.67	0.154605	04.944
17.68	17.67	0.154621	05.044
17.68	17.67	0.154638	05.145
17.68	17.68	0.154655	05.244
17.68	17.68	0.154671	05.344
17.68	17.68	0.154688	05.444
17.68	17.68	0.154705	05.544
17.68	17.68	0.154721	05.644
17.68	17.69	0.154738	05.744
17.68	17.69	0.154755	05.845
17.68	17.69	0.154771	05.944
17.71	17.69	0.154788	06.044
17.71	17.69	0.154805	06.144
17.71	17.69	0.154821	06.244
17.71	17.69	0.154838	06.344
17.71	17.70	0.154855	06.444
17.71	17.70	0.154871	06.545
17.71	17.70	0.154888	06.644
17.71	17.70	0.154905	06.744
17.71	17.70	0.154921	06.844
17.71	17.70	0.154938	06.944
17.71	17.70	0.154955	07.044
17.71	17.70	0.154971	07.144
17.71	17.70	0.154988	07.244
17.71	17.70	0.155005	07.344
17.71	17.70	0.155021	07.445
17.71	17.70	0.155038	07.544
17.71	17.71	0.155055	07.644
17.71	17.71	0.155071	07.744
17.71	17.71	0.155088	07.844
17.71	17.71	0.155105	07.944
17.71	17.71	0.155121	08.044
17.71	17.71	0.155138	08.168
17.71	17.71	0.155155	08.273
17.71	17.71	0.155171	08.368
17.71	17.71	0.155188	08.467
17.71	17.71	0.155205	08.572
17.74	17.71	0.155221	08.666
17.74	17.71	0.155238	08.766
17.74	17.71	0.155255	08.871
17.74	17.71	0.155271	08.966
17.74	17.70	0.155288	09.065
17.74	17.70	0.155305	09.170
17.74	17.70	0.155321	09.265
17.74	17.70	0.155338	09.364
17.74	17.70	0.155355	09.469
17.74	17.70	0.155371	09.563
17.71	17.70	0.155388	09.663
17.71	17.70	0.155404	09.767
17.71	17.70	0.155421	09.862
17.71	17.70	0.155438	09.962
17.71	17.70	0.155454	10.066
17.71	17.70	0.155471	10.161
17.71	17.70	0.155488	10.260
17.71	17.69	0.155504	10.365
17.71	17.69	0.155521	10.459
17.68	17.69	0.155538	10.559
17.68	17.69	0.155554	10.663
17.68	17.69	0.155571	10.758
17.68	17.69	0.155588	10.858
17.68	17.69	0.155604	10.962
17.68	17.69	0.155621	11.057
17.68	17.68	0.155638	11.158
17.68	17.68	0.155654	11.261
17.68	17.68	0.155671	11.356
17.68	17.68	0.155688	11.457
17.68	17.68	0.155704	11.560
17.68	17.68	0.155721	11.654
17.68	17.67	0.155738	11.757
17.68	17.67	0.155754	11.859
17.68	17.67	0.155771	11.954
17.68	17.67	0.155788	12.057
17.68	17.67	0.155804	12.158
17.68	17.67	0.155821	12.253
17.68	17.66	0.155838	12.357
17.68	17.66	0.155854	12.457
17.66	17.66	0.155871	12.551
17.66	17.66	0.155888	12.656
17.66	17.66	0.155904	12.756
17.66	17.66	0.155921	12.850
17.66	17.65	0.155938	12.955
17.66	17.65	0.155954	13.054
17.66	17.65	0.155971	13.149
17.66	17.65	0.155988	13.253
17.66	17.65	0.156004	13.353
17.66	17.65	0.156021	13.448
17.66	17.64	0.156038	13.552
17.66	17.64	0.156054	13.647
17.66	17.64	0.156071	13.746
17.66	17.64	0.156088	13.851
17.63	17.64	0.156104	13.946
17.63	17.64	0.156121	14.046
17.63	17.63	0.156138	14.149
17.63	17.63	0.156154	14.246
17.63	17.63	0.156171	14.347
17.63	17.63	0.156188	14.448
17.63	17.63	0.156204	14.546
17.63	17.63	0.156221	14.646
17.63	17.62	0.156237	14.748
17.63	17.62	0.156254	14.846
17.63	17.62	0.156271	14.946
17.63	17.62	0.156287	15.047
17.61	17.62	0.156304	15.147
17.61	17.62	0.156321	15.248
17.61	17.62	0.156337	15.347
17.61	17.62	0.156354	15.447
17.61	17.61	0.156371	15.547
17.61	17.61	0.156387	15.647
17.61	17.61	0.156404	15.751
17.61	17.61	0.156421	15.847
17.61	17.61	0.156437	15.948
17.61	17.61	0.156454	16.052
17.61	17.61	0.156471	16.147
17.61	17.61	0.156487	16.247
17.61	17.61	0.156504	16.347
17.61	17.61	0.156521	16.447
17.61	17.61	0.156537	16.547
17.61	17.60	0.156554	16.651
17.61	17.60	0.156571	16.747
17.61	17.60	0.156587	16.848
17.58	17.60	0.156604	16.952
17.58	17.60	0.156621	17.047
17.58	17.60	0.156637	17.148
17.58	17.60	0.156654	17.252
17.58	17.60	0.156671	17.348
17.58	17.60	0.156687	17.448
17.58	17.60	0.156704	17.552
17.58	17.60	0.156721	17.648
17.58	17.60	0.156737	17.748
17.58	17.60	0.156754	17.852
17.58	17.60	0.156771	17.948
17.58	17.60	0.156787	18.048
17.58	17.60	0.156804	18.152
17.58	17.60	0.156821	18.248
17.58	17.60	0.156837	18.348
17.61	17.60	0.156854	18.452
17.61	17.60	0.156871	18.548
17.61	17.61	0.156887	18.648
17.61	17.61	0.156904	18.751
17.61	17.61	0.156921	18.848
17.61	17.61	0.156937	18.948
17.61	17.61	0.156954	19.052
17.61	17.61	0.156971	19.148
17.61	17.61	0.156987	19.248
17.61	17.61	0.157004	19.352
17.61	17.61	0.157021	19.448
17.61	17.61	0.157037	19.548
17.61	17.62	0.157054	19.651
17.61	17.62	0.157070	19.748
17.61	17.62	0.157087	19.847
17.61	17.62	0.157104	19.951
17.61	17.62	0.157120	20.076
17.61	17.62	0.157137	20.171
17.61	17.62	0.157154	20.252
17.61	17.63	0.157170	20.376
17.61	17.63	0.157187	20.471
17.61	17.63	0.157204	20.575
17.61	17.63	0.157220	20.675
17.61	17.63	0.157237	20.769
17.61	17.64	0.157254	20.874
17.61	17.64	0.157270	20.973
17.61	17.64	0.157287	21.068
17.61	17.64	0.157304	21.173
17.63	17.65	0.157320	21.272
17.63	17.65	0.157337	21.367
17.63	17.65	0.157354	21.471
17.63	17.65	0.157370	21.566
17.63	17.66	0.157387	21.665
17.63	17.66	0.157404	21.770
17.63	17.66	0.157420	21.865
17.63	17.66	0.157437	21.964
17.66	17.67	0.157454	22.069
17.66	17.67	0.157470	22.163
17.66	17.67	0.157487	22.263
17.66	17.67	0.157504	22.367
17.66	17.68	0.157520	22.462
17.66	17.68	0.157537	22.562
17.66	17.68	0.157554	22.666
17.68	17.69	0.157570	22.762
17.68	17.69	0.157587	22.861
17.68	17.69	0.157604	22.966
17.68	17.70	0.157620	23.060
17.68	17.70	0.157637	23.160
17.68	17.70	0.157654	23.264
17.68	17.71	0.157670	23.359
17.71	17.71	0.157687	23.459
17.71	17.71	0.157704	23.563
17.71	17.72	0.157720	23.658
17.71	17.72	0.157737	23.757
17.71	17.72	0.157754	23.862
17.71	17.73	0.157770	23.956
17.74	17.73	0.157787	24.056
17.74	17.73	0.157804	24.160
17.74	17.74	0.157820	24.255
17.74	17.74	0.157837	24.356
17.74	17.74	0.157854	24.459
17.74	17.75	0.157870	24.554
17.74	17.75	0.157887	24.655
17.74	17.75	0.157903	24.758
17.76	17.76	0.157920	24.853
17.76	17.76	0.157937	24.955
17.76	17.76	0.157953	25.058
17.76	17.77	0.157970	25.152
17.76	17.77	0.157987	25.255
17.76	17.77	0.158003	25.356
17.76	17.78	0.158020	25.451
17.79	17.78	0.158037	25.555
17.79	17.79	0.158053	25.655
17.79	17.79	0.158070	25.750
17.79	17.79	0.158087	25.854
17.79	17.80	0.158103	25.954
17.79	17.80	0.158120	26.048
17.79	17.80	0.158137	26.153
17.79	17.81	0.158153	26.252
17.81	17.81	0.158170	26.348
17.81	17.81	0.158187	26.451
17.81	17.82	0.158203	26.551
17.81	17.82	0.158220	26.649
17.81	17.82	0.158237	26.750
17.81	17.83	0.158253	26.851
17.81	17.83	0.158270	26.948
17.81	17.83	0.158287	27.049
17.84	17.83	0.158303	27.150
17.84	17.84	0.158320	27.248
17.84	17.84	0.158337	27.349
17.84	17.84	0.158353	27.450
17.84	17.85	0.158370	27.548
17.84	17.85	0.158387	27.648
17.84	17.85	0.158403	27.751
17.86	17.86	0.158420	27.848
17.86	17.86	0.158437	27.948
17.86	17.86	0.158453	28.050
17.86	17.86	0.158470	28.149
17.86	17.87	0.158487	28.250
17.86	17.87	0.158503	28.350
17.86	17.87	0.158520	28.449
17.86	17.87	0.158537	28.549
17.86	17.88	0.158553	28.651
17.89	17.88	0.158570	28.749
17.89	17.88	0.158587	28.849
17.89	17.88	0.158603	28.951
17.89	17.89	0.158620	29.049
17.89	17.89	0.158637	29.149
17.89	17.89	0.158653	29.250
17.89	17.89	0.158670	29.349
17.89	17.89	0.158687	29.449
17.92	17.90	0.158703	29.550
17.92	17.90	0.158720	29.649
17.92	17.90	0.158736	29.749
17.92	17.90	0.158753	29.851
17.92	17.90	0.158770	29.950
17.92	17.90	0.158786	30.050
17.92	17.90	0.158803	30.150
17.92	17.91	0.158820	30.250
17.92	17.91	0.158836	30.350
17.92	17.91	0.158853	30.450
17.92	17.91	0.158870	30.550
17.92	17.91	0.158886	30.650
17.92	17.91	0.158903	30.751
17.92	17.91	0.158920	30.850
17.92	17.91	0.158936	30.950
17.92	17.92	0.158953	31.050
17.92	17.92	0.158970	31.150
17.92	17.92	0.158986	31.250
17.92	17.92	0.159003	31.350
17.92	17.92	0.159020	31.451
17.92	17.92	0.159036	31.550
17.92	17.92	0.159053	31.650
17.92	17.92	0.159070	31.750
17.92	17.92	0.159086	31.850
17.92	17.92	0.159103	31.950
17.92	17.92	0.159120	32.050
17.92	17.92	0.159136	32.174
17.92	17.92	0.159153	32.250
17.92	17.92	0.159170	32.349
17.92	17.92	0.159186	32.474
17.92	17.92	0.159203	32.550
17.94	17.92	0.159220	32.678
17.94	17.92	0.159236	32.772
17.94	17.92	0.159253	32.850
17.94	17.92	0.159270	32.976
17.94	17.92	0.159286	33.071
17.94	17.92	0.159303	33.150
17.94	17.92	0.159320	33.275
17.94	17.92	0.159336	33.370
17.94	17.92	0.159353	33.474
17.94	17.92	0.159370	33.574
17.92	17.91	0.159386	33.669
17.92	17.91	0.159403	33.773
17.92	17.91	0.159420	33.873
17.92	17.91	0.159436	33.968
17.92	17.91	0.159453	34.072
17.92	17.91	0.159470	34.172
17.92	17.91	0.159486	34.266
17.92	17.91	0.159503	34.371
17.92	17.91	0.159520	34.470
17.92	17.91	0.159536	34.565
17.92	17.90	0.159553	34.669
17.92	17.90	0.159569	34.764
17.92	17.90	0.159586	34.864
17.92	17.90	0.159603	34.968
17.92	17.90	0.159619	35.063
17.92	17.90	0.159636	35.162
17.89	17.90	0.159653	35.267
17.89	17.89	0.159669	35.361
17.89	17.89	0.159686	35.461
17.89	17.89	0.159703	35.566
17.89	17.89	0.159719	35.660
17.89	17.89	0.159736	35.760
17.89	17.89	0.159753	35.865
17.89	17.88	0.159769	35.960
17.89	17.88	0.159786	36.059
17.89	17.88	0.159803	36.164
17.89	17.88	0.159819	36.258
17.89	17.88	0.159836	36.358
17.89	17.88	0.159853	36.462
17.89	17.87	0.159869	36.557
17.89	17.87	0.159886	36.657
17.86	17.87	0.159903	36.761
17.86	17.87	0.159919	36.856
17.86	17.87	0.159936	36.955
17.86	17.87	0.159953	37.060
17.86	17.86	0.159969	37.154
17.86	17.86	0.159986	37.254
17.86	17.86	0.160003	37.359
17.86	17.86	0.160019	37.453
17.86	17.86	0.160036	37.554
17.86	17.86	0.160053	37.657
17.86	17.85	0.160069	37.753
17.86	17.85	0.160086	37.854
17.86	17.85	0.160103	37.957
17.86	17.85	0.160119	38.051
17.86	17.85	0.160136	38.154
17.86	17.85	0.160153	38.256
17.86	17.84	0.160169	38.350
17.86	17.84	0.160186	38.454
17.86	17.84	0.160203	38.554
17.86	17.84	0.160219	38.650
17.86	17.84	0.160236	38.753
17.86	17.84	0.160253	38.853
17.84	17.84	0.160269	38.951
17.84	17.83	0.160286	39.052
17.84	17.83	0.160303	39.152
17.84	17.83	0.160319	39.250
17.84	17.83	0.160336	39.351
17.84	17.83	0.160353	39.450
17.84	17.83	0.160369	39.550
17.84	17.83	0.160386	39.650
17.84	17.83	0.160402	39.750
17.84	17.82	0.160419	39.851
17.84	17.82	0.160436	39.950
17.81	17.82	0.160452	40.050
17.81	17.82	0.160469	40.150
17.81	17.82	0.160486	40.250
17.81	17.82	0.160502	40.350
17.81	17.82	0.160519	40.450
17.81	17.82	0.160536	40.550
17.81	17.82	0.160552	40.650
17.81	17.82	0.160569	40.751
17.81	17.82	0.160586	40.850
17.81	17.82	0.160602	40.950
17.81	17.82	0.160619	41.050
17.81	17.82	0.160636	41.150
17.81	17.82	0.160652	41.250
17.81	17.82	0.160669	41.350
17.81	17.82	0.160686	41.450
17.81	17.82	0.160702	41.550
17.81	17.82	0.160719	41.650
17.81	17.82	0.160736	41.750
17.81	17.82	0.160752	41.849
17.81	17.82	0.160769	41.950
17.81	17.82	0.160786	42.049
17.81	17.82	0.160802	42.150
17.81	17.82	0.160819	42.250
17.81	17.82	0.160836	42.351
17.81	17.82	0.160852	42.450
17.81	17.82	0.160869	42.550
17.81	17.82	0.160886	42.650
17.81	17.82	0.160902	42.750
17.81	17.82	0.160919	42.850
17.81	17.82	0.160936	42.950
17.81	17.82	0.160952	43.049
17.81	17.82	0.160969	43.150
17.81	17.82	0.160986	43.251
17.81	17.82	0.161002	43.350
17.81	17.83	0.161019	43.450
17.81	17.83	0.161036	43.550
17.81	17.83	0.161052	43.650
17.81	17.83	0.161069	43.750
17.81	17.83	0.161086	43.850
17.81	17.83	0.161102	43.950
17.81	17.83	0.161119	44.050
17.81	17.84	0.161136	44.151
17.84	17.84	0.161152	44.250
17.84	17.84	0.161169	44.350
17.84	17.84	0.161186	44.450
17.84	17.84	0.161202	44.550
17.84	17.85	0.161219	44.650
17.84	17.85	0.161235	44.750
17.84	17.85	0.161252	44.874
17.84	17.85	0.161269	44.979
17.84	17.85	0.161285	45.074
17.84	17.86	0.161302	45.173
17.84	17.86	0.161319	45.278
17.84	17.86	0.161335	45.372
17.84	17.86	0.161352	45.473
17.86	17.87	0.161369	45.577
17.86	17.87	0.161385	45.672
17.86	17.87	0.161402	45.773
17.86	17.87	0.161419	45.876
17.86	17.88	0.161435	45.971
17.86	17.88	0.161452	46.073
17.86	17.88	0.161469	46.174
17.86	17.89	0.161485	46.269
17.86	17.89	0.161502	46.373
17.86	17.89	0.161519	46.473
17.89	17.89	0.161535	46.567
17.89	17.90	0.161552	46.673
17.89	17.90	0.161569	46.773
17.89	17.90	0.161585	46.867
17.89	17.91	0.161602	46.972
17.89	17.91	0.161619	47.071
17.89	17.91	0.161635	47.166
17.92	17.92	0.161652	47.270
17.92	17.92	0.161669	47.370
17.92	17.92	0.161685	47.465
17.92	17.93	0.161702	47.569
17.92	17.93	0.161719	47.669
17.92	17.93	0.161735	47.763
17.92	17.94	0.161752	47.868
17.92	17.94	0.161769	47.962
17.94	17.94	0.161785	48.062
17.94	17.95	0.161802	48.166
17.94	17.95	0.161819	48.261
17.94	17.95	0.161835	48.361
17.94	17.96	0.161852	48.465
17.94	17.96	0.161869	48.560
17.94	17.96	0.161885	48.659
17.94	17.97	0.161902	48.764
17.94	17.97	0.161919	48.859
17.97	17.97	0.161935	48.959
17.97	17.98	0.161952	49.063
17.97	17.98	0.161969	49.158
17.97	17.98	0.161985	49.258
17.97	17.99	0.162002	49.362
17.97	17.99	0.162019	49.457
17.99	18.00	0.162035	49.556
17.99	18.00	0.162052	49.661
17.99	18.00	0.162068	49.755
17.99	18.01	0.162085	49.855
17.99	18.01	0.162102	49.960
17.99	18.01	0.162118	50.054
18.02	18.02	0.162135	50.154
18.02	18.02	0.162152	50.258
18.02	18.02	0.162168	50.353
18.02	18.03	0.162185	50.452
18.02	18.03	0.162202	50.557
18.02	18.03	0.162218	50.652
18.04	18.04	0.162235	50.752
18.04	18.04	0.162252	50.856
18.04	18.04	0.162268	50.950
18.04	18.05	0.162285	51.053
18.04	18.05	0.162302	51.154
18.04	18.05	0.162318	51.251
18.04	18.05	0.162335	51.352
18.07	18.06	0.162352	51.454
18.07	18.06	0.162368	51.552
18.07	18.06	0.162385	51.652
18.07	18.07	0.162402	51.753
18.07	18.07	0.162418	51.850
18.07	18.07	0.162435	51.952
18.07	18.07	0.162452	52.051
18.07	18.08	0.162468	52.151
18.09	18.08	0.162485	52.251
18.09	18.08	0.162502	52.351
18.09	18.08	0.162518	52.451
18.09	18.09	0.162535	52.551
18.09	18.09	0.162552	52.651
18.09	18.09	0.162568	52.751
18.09	18.09	0.162585	52.851
18.09	18.10	0.162602	52.951
18.09	18.10	0.162618	53.051
18.12	18.10	0.162635	53.152
18.12	18.10	0.162652	53.251
18.12	18.10	0.162668	53.350
18.12	18.11	0.162685	53.451
18.12	18.11	0.162702	53.551
18.12	18.11	0.162718	53.651
18.12	18.11	0.162735	53.751
18.12	18.11	0.162752	53.851
18.12	18.12	0.162768	53.951
18.12	18.12	0.162785	54.052
18.12	18.12	0.162802	54.151
18.12	18.12	0.162818	54.251
18.12	18.12	0.162835	54.351
18.12	18.12	0.162852	54.451
18.12	18.12	0.162868	54.551
18.12	18.12	0.162885	54.651
18.15	18.13	0.162901	54.751
18.15	18.13	0.162918	54.851
18.15	18.13	0.162935	54.952
18.15	18.13	0.162951	55.051
18.15	18.13	0.162968	55.151
18.15	18.13	0.162985	55.251
18.15	18.13	0.163001	55.351
18.15	18.13	0.163018	55.451
18.15	18.13	0.163035	55.551
18.15	18.13	0.163051	55.652
18.15	18.13	0.163068	55.751
18.15	18.13	0.163085	55.851
18.15	18.13	0.163101	55.951
18.15	18.13	0.163118	56.051
18.15	18.13	0.163135	56.151
18.15	18.13	0.163151	56.251
18.15	18.13	0.163168	56.352
18.15	18.13	0.163185	56.451
18.15	18.13	0.163201	56.551
18.15	18.13	0.163218	56.651
18.15	18.13	0.163235	56.751
18.12	18.13	0.163251	56.851
18.12	18.13	0.163268	56.952
18.12	18.13	0.163285	57.052
18.12	18.13	0.163301	57.152
18.12	18.13	0.163318	57.281
18.12	18.13	0.163335	57.376
18.12	18.13	0.163351	57.476
18.12	18.13	0.163368	57.580
18.12	18.13	0.163385	57.675
18.12	18.13	0.163401	57.774
18.12	18.13	0.163418	57.879
18.12	18.12	0.163435	57.973
18.12	18.12	0.163451	58.073
18.12	18.12	0.163468	58.177
18.12	18.12	0.163485	58.272
18.12	18.12	0.163501	58.372
18.12	18.12	0.163518	58.476
18.12	18.12	0.163535	58.571
18.12	18.12	0.163551	58.671
18.12	18.12	0.163568	58.775
18.15	18.11	0.163585	58.869
18.15	18.11	0.163601	58.971
18.15	18.11	0.163618	59.075
18.15	18.11	0.163635	59.169
18.15	18.11	0.163651	59.272
18.15	18.11	0.163668	59.373
18.15	18.11	0.163685	59.468
18.12	18.10	0.163701	59.571
18.12	18.10	0.163718	59.672
18.12	18.10	0.163734	59.766
18.12	18.10	0.163751	59.871
18.12	18.10	0.163768	59.971
18.12	18.10	0.163784	00.065
18.12	18.09	0.163801	00.170
18.12	18.09	0.163818	00.270
18.09	18.09	0.163834	00.364
18.09	18.09	0.163851	00.469
18.09	18.09	0.163868	00.568
18.09	18.09	0.163884	00.663
18.09	18.08	0.163901	00.767
18.09	18.08	0.163918	00.867
18.09	18.08	0.163934	00.962
18.09	18.08	0.163951	01.066
18.07	18.08	0.163968	01.161
18.07	18.08	0.163984	01.260
18.07	18.07	0.164001	01.365
18.07	18.07	0.164018	01.459
18.07	18.07	0.164034	01.559
18.07	18.07	0.164051	01.663
18.07	18.07	0.164068	01.758
18.07	18.07	0.164084	01.858
18.07	18.06	0.164101	01.963
18.07	18.06	0.164118	02.057
18.07	18.06	0.164134	02.157
18.07	18.06	0.164151	02.262
18.07	18.06	0.164168	02.356
18.04	18.06	0.164184	02.455
18.04	18.05	0.164201	02.561
18.04	18.05	0.164218	02.655
18.04	18.05	0.164234	02.755
18.04	18.05	0.164251	02.859
18.04	18.05	0.164268	02.954
18.04	18.05	0.164284	03.053
18.04	18.05	0.164301	03.158
18.04	18.04	0.164318	03.252
18.04	18.04	0.164334	03.352
18.04	18.04	0.164351	03.457
18.04	18.04	0.164368	03.552
18.04	18.04	0.164384	03.652
18.04	18.04	0.164401	03.755
18.04	18.04	0.164418	03.852
18.04	18.04	0.164434	03.952
18.04	18.04	0.164451	04.054
18.04	18.04	0.164468	04.153
18.04	18.03	0.164484	04.252
18.04	18.03	0.164501	04.354
18.04	18.03	0.164518	04.452
18.04	18.03	0.164534	04.552
18.04	18.03	0.164551	04.652
18.04	18.03	0.164567	04.752
18.04	18.03	0.164584	04.852
18.04	18.03	0.164601	04.952
18.02	18.03	0.164617	05.053
18.02	18.03	0.164634	05.152
18.02	18.03	0.164651	05.252
18.02	18.03	0.164667	05.352
18.02	18.03	0.164684	05.452
18.02	18.03	0.164701	05.552
18.02	18.03	0.164717	05.652
18.02	18.03	0.164734	05.752
18.02	18.03	0.164751	05.852
18.02	18.03	0.164767	05.953
18.02	18.03	0.164784	06.052
18.02	18.03	0.164801	06.152
18.02	18.03	0.164817	06.252
18.02	18.03	0.164834	06.352
18.02	18.03	0.164851	06.452
18.02	18.03	0.164867	06.552
18.02	18.03	0.164884	06.653
18.02	18.03	0.164901	06.752
18.02	18.03	0.164917	06.852
18.02	18.03	0.164934	06.952
18.02	18.04	0.164951	07.052
18.02	18.04	0.164967	07.152
18.02	18.04	0.164984	07.252
18.02	18.04	0.165001	07.352
18.02	18.04	0.165017	07.452
18.02	18.04	0.165034	07.553
18.02	18.04	0.165051	07.652
18.02	18.04	0.165067	07.752
18.02	18.04	0.165084	07.852
18.04	18.05	0.165101	07.952
18.04	18.05	0.165117	08.052
18.04	18.05	0.165134	08.152
18.04	18.05	0.165151	08.252
18.04	18.05	0.165167	08.352
18.04	18.06	0.165184	08.453
18.04	18.06	0.165201	08.554
18.04	18.06	0.165217	08.654
18.04	18.06	0.165234	08.754
18.04	18.06	0.165251	08.854
18.04	18.07	0.165267	08.954
18.04	18.07	0.165284	09.054
18.04	18.07	0.165301	09.154
18.07	18.07	0.165317	09.254
18.07	18.07	0.165334	09.378
18.07	18.08	0.165351	09.478
18.07	18.08	0.165367	09.583
18.07	18.08	0.165384	09.677
18.07	18.08	0.165400	09.777
18.07	18.09	0.165417	09.881
18.07	18.09	0.165434	09.976
18.07	18.09	0.165450	10.075
18.09	18.10	0.165467	10.181
18.09	18.10	0.165484	10.276
18.09	18.10	0.165500	10.375
18.09	18.10	0.165517	10.480
18.09	18.11	0.165534	10.574
18.09	18.11	0.165550	10.674
18.09	18.11	0.165567	10.778
18.09	18.12	0.165584	10.873
18.12	18.12	0.165600	10.972
18.12	18.12	0.165617	11.077
18.12	18.13	0.165634	11.172
18.12	18.13	0.165650	11.271
18.12	18.13	0.165667	11.376
18.12	18.14	0.165684	11.470
18.12	18.14	0.165700	11.570
18.12	18.14	0.165717	11.674
18.15	18.15	0.165734	11.769
18.15	18.15	0.165750	11.870
18.15	18.15	0.165767	11.973
18.15	18.16	0.165784	12.068
18.15	18.16	0.165800	12.169
18.15	18.16	0.165817	12.272
18.15	18.17	0.165834	12.366
18.17	18.17	0.165850	12.469
18.17	18.17	0.165867	12.570
18.17	18.18	0.165884	12.666
18.17	18.18	0.165900	12.770
18.17	18.18	0.165917	12.870
18.17	18.19	0.165934	12.965
18.17	18.19	0.165950	13.069
18.17	18.19	0.165967	13.169
18.20	18.20	0.165984	13.263
18.20	18.20	0.166000	13.368
18.20	18.21	0.166017	13.468
18.20	18.21	0.166034	13.562
18.20	18.21	0.166050	13.667
18.20	18.22	0.166067	13.766
18.20	18.22	0.166084	13.861
18.22	18.22	0.166100	13.965
18.22	18.23	0.166117	14.065
18.22	18.23	0.166134	14.159
18.22	18.23	0.166150	14.264
18.22	18.24	0.166167	14.359
18.22	18.24	0.166184	14.458
18.22	18.24	0.166200	14.563
18.22	18.25	0.166217	14.657
18.25	18.25	0.166233	14.757
18.25	18.25	0.166250	14.862
18.25	18.26	0.166267	14.957
18.25	18.26	0.166283	15.056
18.25	18.26	0.166300	15.161
18.25	18.26	0.166317	15.256
18.27	18.27	0.166333	15.355
18.27	18.27	0.166350	15.460
18.27	18.27	0.166367	15.554
18.27	18.28	0.166383	15.654
18.27	18.28	0.166400	15.758
18.27	18.28	0.166417	15.854
18.30	18.28	0.166433	15.955
18.30	18.29	0.166450	16.057
18.30	18.29	0.166467	16.154
18.30	18.29	0.166483	16.254
18.30	18.30	0.166500	16.356
18.30	18.30	0.166517	16.454
18.30	18.30	0.166533	16.554
18.30	18.30	0.166550	16.654
18.30	18.31	0.166567	16.754
18.33	18.31	0.166583	16.854
18.33	18.31	0.166600	16.954
18.33	18.31	0.166617	17.054
18.33	18.31	0.166633	17.154
18.33	18.32	0.166650	17.254
18.33	18.32	0.166667	17.354
18.33	18.32	0.166683	17.454
18.33	18.32	0.166700	17.555
18.33	18.32	0.166717	17.654
18.33	18.33	0.166733	17.754
18.33	18.33	0.166750	17.854
18.33	18.33	0.166767	17.954
18.33	18.33	0.166783	18.054
18.33	18.33	0.166800	18.154
18.33	18.33	0.166817	18.254
18.33	18.33	0.166833	18.354
18.33	18.34	0.166850	18.455
18.33	18.34	0.166867	18.554
18.33	18.34	0.166883	18.654
18.35	18.34	0.166900	18.754
18.35	18.34	0.166917	18.854
18.35	18.34	0.166933	18.954
18.35	18.34	0.166950	19.054
18.35	18.34	0.166967	19.154
18.35	18.34	0.166983	19.254
18.35	18.34	0.167000	19.355
18.35	18.34	0.167017	19.454
18.35	18.34	0.167033	19.554
18.35	18.35	0.167050	19.654
18.35	18.35	0.167066	19.754
18.35	18.35	0.167083	19.854
18.35	18.35	0.167100	19.954
18.35	18.35	0.167116	20.055
18.35	18.35	0.167133	20.154
18.35	18.35	0.167150	20.254
18.35	18.35	0.167166	20.354
18.35	18.35	0.167183	20.454
18.35	18.35	0.167200	20.554
18.35	18.35	0.167216	20.654
18.35	18.35	0.167233	20.754
18.38	18.35	0.167250	20.854
18.38	18.35	0.167266	20.955
18.38	18.34	0.167283	21.054
18.38	18.34	0.167300	21.154
18.38	18.34	0.167316	21.254
18.38	18.34	0.167333	21.354
18.38	18.34	0.167350	21.454
18.38	18.34	0.167366	21.554
18.38	18.34	0.167383	21.655
18.35	18.34	0.167400	21.754
18.35	18.34	0.167416	21.854
18.35	18.34	0.167433	21.954
18.35	18.34	0.167450	22.053
18.35	18.34	0.167466	22.153
18.35	18.34	0.167483	22.253
18.35	18.33	0.167500	22.378
18.35	18.33	0.167516	22.483
18.33	18.33	0.167533	22.576
18.33	18.33	0.167550	22.676
18.33	18.33	0.167566	22.782
18.33	18.33	0.167583	22.876
18.33	18.33	0.167600	22.976
18.33	18.33	0.167616	23.080
18.33	18.32	0.167633	23.175
18.33	18.32	0.167650	23.274
18.33	18.32	0.167666	23.379
18.33	18.32	0.167683	23.474
18.33	18.32	0.167700	23.573
18.33	18.32	0.167716	23.678
18.33	18.31	0.167733	23.772
18.33	18.31	0.167750	23.872
18.30	18.31	0.167766	23.976
18.30	18.31	0.167783	24.071
18.30	18.31	0.167800	24.170
18.30	18.31	0.167816	24.275
18.30	18.30	0.167833	24.370
18.30	18.30	0.167850	24.469
18.30	18.30	0.167866	24.574
18.30	18.30	0.167883	24.668
18.30	18.30	0.167899	24.768
18.30	18.30	0.167916	24.872
18.30	18.29	0.167933	24.968
18.30	18.29	0.167949	25.067
18.30	18.29	0.167966	25.172
18.30	18.29	0.167983	25.267
18.30	18.29	0.167999	25.367
18.30	18.29	0.168016	25.471
18.30	18.28	0.168033	25.565
18.30	18.28	0.168049	25.668
18.30	18.28	0.168066	25.769
18.30	18.28	0.168083	25.864
18.30	18.28	0.168099	25.968
18.30	18.28	0.168116	26.068
18.27	18.27	0.168133	26.163
18.27	18.27	0.168149	26.267
18.27	18.27	0.168166	26.367
18.27	18.27	0.168183	26.461
18.27	18.27	0.168199	26.566
18.27	18.27	0.168216	26.666
18.27	18.26	0.168233	26.760
18.27	18.26	0.168249	26.866
18.27	18.26	0.168266	26.964
18.27	18.26	0.168283	27.059
18.27	18.26	0.168299	27.164
18.25	18.26	0.168316	27.264
18.25	18.26	0.168333	27.358
18.25	18.26	0.168349	27.463
18.25	18.25	0.168366	27.558
18.25	18.25	0.168383	27.657
18.25	18.25	0.168399	27.762
18.25	18.25	0.168416	27.856
18.25	18.25	0.168433	27.956
18.25	18.25	0.168449	28.060
18.25	18.25	0.168466	28.155
18.25	18.25	0.168483	28.255
18.25	18.25	0.168499	28.359
18.25	18.25	0.168516	28.454
18.25	18.25	0.168533	28.554
18.25	18.24	0.168549	28.658
18.25	18.24	0.168566	28.754
18.25	18.24	0.168583	28.854
18.25	18.24	0.168599	28.956
18.22	18.24	0.168616	29.053
18.22	18.24	0.168633	29.155
18.22	18.24	0.168649	29.255
18.22	18.24	0.168666	29.354
18.22	18.24	0.168683	29.454
18.22	18.24	0.168699	29.554
18.22	18.24	0.168716	29.654
18.22	18.24	0.168732	29.754
18.22	18.24	0.168749	29.854
18.22	18.24	0.168766	29.954
18.22	18.24	0.168782	30.054
18.22	18.24	0.168799	30.154
18.22	18.24	0.168816	30.254
18.22	18.24	0.168832	30.354
18.22	18.24	0.168849	30.454
18.22	18.24	0.168866	30.554
18.22	18.25	0.168882	30.654
18.22	18.25	0.168899	30.755
18.22	18.25	0.168916	30.854
18.25	18.25	0.168932	30.954
18.25	18.25	0.168949	31.054
18.25	18.25	0.168966	31.154
18.25	18.25	0.168982	31.254
18.25	18.25	0.168999	31.354
18.25	18.25	0.169016	31.453
18.25	18.25	0.169032	31.554
18.25	18.26	0.169049	31.655
18.25	18.26	0.169066	31.754
18.25	18.26	0.169082	31.854
18.25	18.26	0.169099	31.954
18.25	18.26	0.169116	32.054
18.25	18.26	0.169132	32.154
18.25	18.26	0.169149	32.254
18.25	18.27	0.169166	32.355
18.25	18.27	0.169182	32.454
18.27	18.27	0.169199	32.554
18.27	18.27	0.169216	32.654
18.27	18.27	0.169232	32.754
18.27	18.28	0.169249	32.854
18.27	18.28	0.169266	32.954
18.27	18.28	0.169282	33.054
18.27	18.28	0.169299	33.154
18.27	18.29	0.169316	33.255
18.27	18.29	0.169332	33.354
18.27	18.29	0.169349	33.454
18.27	18.29	0.169366	33.554
18.27	18.30	0.169382	33.654
18.27	18.30	0.169399	33.754
18.27	18.30	0.169416	33.854
18.27	18.30	0.169432	33.955
18.30	18.31	0.169449	34.054
18.30	18.31	0.169466	34.154
18.30	18.31	0.169482	34.254
18.30	18.31	0.169499	34.354
18.30	18.32	0.169516	34.454
18.30	18.32	0.169532	34.554
18.30	18.32	0.169549	34.654
18.30	18.33	0.169565	34.754
18.33	18.33	0.169582	34.883
18.33	18.33	0.169599	34.954
18.33	18.34	0.169615	35.053
18.33	18.34	0.169632	35.182
18.33	18.34	0.169649	35.277
18.33	18.35	0.169665	35.382
18.33	18.35	0.169682	35.477
18.33	18.35	0.169699	35.576
18.35	18.36	0.169715	35.681
18.35	18.36	0.169732	35.775
18.35	18.36	0.169749	35.875
18.35	18.37	0.169765	35.980
18.35	18.37	0.169782	36.074
18.35	18.37	0.169799	36.174
18.35	18.38	0.169815	36.278
18.38	18.38	0.169832	36.373
18.38	18.38	0.169849	36.472
18.38	18.39	0.169865	36.577
18.38	18.39	0.169882	36.672
18.38	18.39	0.169899	36.771
18.38	18.40	0.169915	36.876
18.38	18.40	0.169932	36.970
18.40	18.40	0.169949	37.070
18.40	18.41	0.169965	37.174
18.40	18.41	0.169982	37.269
18.40	18.41	0.169999	37.368
18.40	18.42	0.170015	37.473
18.40	18.42	0.170032	37.568
18.40	18.43	0.170049	37.668
18.43	18.43	0.170065	37.773
18.43	18.43	0.170082	37.867
18.43	18.44	0.170099	37.967
18.43	18.44	0.170115	38.071
18.43	18.44	0.170132	38.166
18.43	18.45	0.170149	38.266
18.45	18.45	0.170165	38.370
18.45	18.45	0.170182	38.465
18.45	18.46	0.170199	38.565
18.45	18.46	0.170215	38.669
18.45	18.46	0.170232	38.763
18.45	18.47	0.170249	38.866
18.48	18.47	0.170265	38.967
18.48	18.47	0.170282	39.062
18.48	18.47	0.170299	39.166
18.48	18.48	0.170315	39.266
18.48	18.48	0.170332	39.361
18.48	18.48	0.170349	39.465
18.48	18.49	0.170365	39.565
18.50	18.49	0.170382	39.660
18.50	18.49	0.170398	39.765
18.50	18.50	0.170415	39.865
18.50	18.50	0.170432	39.959
18.50	18.50	0.170448	40.064
18.50	18.50	0.170465	40.163
18.50	18.51	0.170482	40.258
18.50	18.51	0.170498	40.362
18.50	18.51	0.170515	40.462
18.53	18.51	0.170532	40.556
18.53	18.52	0.170548	40.661
18.53	18.52	0.170565	40.761
18.53	18.52	0.170582	40.856
18.53	18.52	0.170598	40.960
18.53	18.53	0.170615	41.061
18.53	18.53	0.170632	41.156
18.53	18.53	0.170648	41.258
18.53	18.53	0.170665	41.356
18.53	18.53	0.170682	41.457
18.53	18.54	0.170698	41.557
18.53	18.54	0.170715	41.661
18.56	18.54	0.170732	41.758
18.56	18.54	0.170748	41.858
18.56	18.54	0.170765	41.960
18.56	18.54	0.170782	42.058
18.56	18.54	0.170798	42.158
18.56	18.55	0.170815	42.261
18.56	18.55	0.170832	42.359
18.56	18.55	0.170848	42.458
18.56	18.55	0.170865	42.561
18.56	18.55	0.170882	42.659
18.56	18.55	0.170898	42.759
18.56	18.55	0.170915	42.860
18.56	18.55	0.170932	42.959
18.56	18.56	0.170948	43.059
18.56	18.56	0.170965	43.161
18.56	18.56	0.170982	43.260
18.56	18.56	0.170998	43.359
18.56	18.56	0.171015	43.461
18.56	18.56	0.171032	43.559
18.56	18.56	0.171048	43.661
18.56	18.56	0.171065	43.761
18.56	18.56	0.171082	43.861
18.56	18.56	0.171098	43.963
18.56	18.56	0.171115	44.062
18.56	18.56	0.171132	44.162
18.56	18.56	0.171148	44.261
18.56	18.56	0.171165	44.362
18.56	18.56	0.171182	44.462
18.56	18.56	0.171198	44.562
18.56	18.56	0.171215	44.662
18.58	18.56	0.171231	44.762
18.58	18.56	0.171248	44.863
18.58	18.56	0.171265	44.962
18.58	18.56	0.171281	45.062
18.58	18.56	0.171298	45.162
18.58	18.56	0.171315	45.262
18.58	18.56	0.171331	45.362
18.58	18.56	0.171348	45.462
18.58	18.56	0.171365	45.587
18.58	18.55	0.171381	45.662
18.58	18.55	0.171398	45.786
18.58	18.55	0.171415	45.886
18.58	18.55	0.171431	45.991
18.56	18.55	0.171448	46.085
18.56	18.55	0.171465	46.185
18.56	18.55	0.171481	46.289
18.56	18.55	0.171498	46.384
18.56	18.55	0.171515	46.484
18.56	18.55	0.171531	46.588
18.56	18.54	0.171548	46.683
18.56	18.54	0.171565	46.785
18.56	18.54	0.171581	46.887
18.56	18.54	0.171598	46.981
18.56	18.54	0.171615	47.085
18.56	18.54	0.171631	47.185
18.53	18.54	0.171648	47.280
18.53	18.53	0.171665	47.384
18.53	18.53	0.171681	47.484
18.53	18.53	0.171698	47.579
18.53	18.53	0.171715	47.683
18.53	18.53	0.171731	47.783
18.53	18.53	0.171748	47.878
18.53	18.52	0.171765	47.983
18.53	18.52	0.171781	48.082
18.53	18.52	0.171798	48.177
18.53	18.52	0.171815	48.282
18.53	18.52	0.171831	48.381
18.53	18.52	0.171848	48.476
18.53	18.51	0.171865	48.580
18.53	18.51	0.171881	48.680
18.50	18.51	0.171898	48.774
18.50	18.51	0.171915	48.879
18.50	18.51	0.171931	48.973
18.50	18.51	0.171948	49.073
18.50	18.50	0.171965	49.178
18.50	18.50	0.171981	49.272
18.50	18.50	0.171998	49.372
18.50	18.50	0.172015	49.476
18.50	18.50	0.172031	49.571
18.50	18.50	0.172048	49.670
18.50	18.49	0.172064	49.775
18.50	18.49	0.172081	49.870
18.50	18.49	0.172098	49.969
18.50	18.49	0.172114	50.075
18.50	18.49	0.172131	50.169
18.50	18.49	0.172148	50.269
18.50	18.48	0.172164	50.373
18.50	18.48	0.172181	50.468
18.50	18.48	0.172198	50.567
18.50	18.48	0.172214	50.672
18.48	18.48	0.172231	50.767
18.48	18.48	0.172248	50.866
18.48	18.48	0.172264	50.971
18.48	18.47	0.172281	51.065
18.48	18.47	0.172298	51.165
18.48	18.47	0.172314	51.269
18.48	18.47	0.172331	51.364
18.48	18.47	0.172348	51.464
18.48	18.47	0.172364	51.569
18.48	18.47	0.172381	51.663
18.48	18.47	0.172398	51.764
18.48	18.46	0.172414	51.867
18.48	18.46	0.172431	51.963
18.45	18.46	0.172448	52.063
18.45	18.46	0.172464	52.166
18.45	18.46	0.172481	52.263
18.45	18.46	0.172498	52.364
18.45	18.46	0.172514	52.465
18.45	18.46	0.172531	52.563
18.45	18.46	0.172548	52.664
18.45	18.46	0.172564	52.763
18.45	18.46	0.172581	52.863
18.45	18.46	0.172598	52.963
18.45	18.46	0.172614	53.064
18.45	18.46	0.172631	53.163
18.45	18.46	0.172648	53.263
18.45	18.46	0.172664	53.363
18.45	18.46	0.172681	53.463
18.45	18.46	0.172698	53.563
18.45	18.46	0.172714	53.663
18.45	18.46	0.172731	53.763
18.45	18.46	0.172748	53.863
18.45	18.46	0.172764	53.964
18.45	18.46	0.172781	54.063
18.45	18.46	0.172798	54.163
18.45	18.46	0.172814	54.263
18.45	18.46	0.172831	54.363
18.45	18.46	0.172848	54.463
18.45	18.46	0.172864	54.563
18.45	18.46	0.172881	54.663
18.45	18.46	0.172897	54.763
18.45	18.46	0.172914	54.864
18.45	18.46	0.172931	54.963
18.45	18.46	0.172947	55.063
18.45	18.46	0.172964	55.163
18.45	18.46	0.172981	55.263
18.45	18.46	0.172997	55.363
18.45	18.47	0.173014	55.463
18.45	18.47	0.173031	55.564
18.45	18.47	0.173047	55.663
18.45	18.47	0.173064	55.763
18.45	18.47	0.173081	55.863
18.45	18.47	0.173097	55.963
18.45	18.47	0.173114	56.063
18.45	18.48	0.173131	56.163
18.45	18.48	0.173147	56.263
18.45	18.48	0.173164	56.363
18.45	18.48	0.173181	56.463
18.48	18.48	0.173197	56.563
18.48	18.49	0.173214	56.663
18.48	18.49	0.173231	56.763
18.48	18.49	0.173247	56.863
18.48	18.49	0.173264	56.963
18.48	18.49	0.173281	57.063
18.48	18.50	0.173297	57.164
18.48	18.50	0.173314	57.263
18.50	18.50	0.173331	57.363
18.50	18.50	0.173347	57.463
18.50	18.51	0.173364	57.563
18.50	18.51	0.173381	57.663
18.50	18.51	0.173397	57.763
18.50	18.51	0.173414	57.863
18.50	18.52	0.173431	57.963
18.50	18.52	0.173447	58.064
18.50	18.52	0.173464	58.163
18.50	18.53	0.173481	58.263
18.53	18.53	0.173497	58.386
18.53	18.53	0.173514	58.487
18.53	18.53	0.173531	58.591
18.53	18.54	0.173547	58.686
18.53	18.54	0.173564	58.785
18.53	18.54	0.173581	58.890
18.53	18.55	0.173597	58.985
18.53	18.55	0.173614	59.084
18.56	18.55	0.173631	59.189
18.56	18.56	0.173647	59.283
18.56	18.56	0.173664	59.383
18.56	18.56	0.173681	59.487
18.56	18.57	0.173697	59.582
18.56	18.57	0.173714	59.682
18.56	18.57	0.173730	59.786
18.56	18.58	0.173747	59.881
18.56	18.58	0.173764	59.983
18.56	18.58	0.173780	00.085
18.58	18.59	0.173797	00.179
18.58	18.59	0.173814	00.283
18.58	18.59	0.173830	00.383
18.58	18.60	0.173847	00.478
18.58	18.60	0.173864	00.583
18.58	18.60	0.173880	00.682
18.58	18.61	0.173897	00.778
18.58	18.61	0.173914	00.882
18.61	18.61	0.173930	00.982
18.61	18.62	0.173947	01.076
18.61	18.62	0.173964	01.181
18.61	18.62	0.173980	01.280
18.61	18.63	0.173997	01.375
18.61	18.63	0.174014	01.480
18.63	18.64	0.174030	01.579
18.63	18.64	0.174047	01.674
18.63	18.64	0.174064	01.778
18.63	18.65	0.174080	01.878
18.63	18.65	0.174097	01.972
18.63	18.65	0.174114	02.077
18.66	18.66	0.174130	02.172
18.66	18.66	0.174147	02.271
18.66	18.66	0.174164	02.376
18.66	18.67	0.174180	02.470
18.66	18.67	0.174197	02.570
18.66	18.67	0.174214	02.674
18.69	18.68	0.174230	02.770
18.69	18.68	0.174247	02.870
18.69	18.68	0.174264	02.974
18.69	18.69	0.174280	03.069
18.69	18.69	0.174297	03.168
18.69	18.69	0.174314	03.273
18.69	18.69	0.174330	03.367
18.69	18.70	0.174347	03.467
18.69	18.70	0.174364	03.571
18.71	18.70	0.174380	03.666
18.71	18.71	0.174397	03.766
18.71	18.71	0.174414	03.870
18.71	18.71	0.174430	03.965
18.71	18.71	0.174447	04.064
18.71	18.72	0.174464	04.169
18.71	18.72	0.174480	04.263
18.71	18.72	0.174497	04.363
18.71	18.72	0.174514	04.467
18.74	18.73	0.174530	04.563
18.74	18.73	0.174547	04.663
18.74	18.73	0.174563	04.766
18.74	18.73	0.174580	04.863
18.74	18.74	0.174597	04.963
18.74	18.74	0.174613	05.065
18.74	18.74	0.174630	05.164
18.74	18.74	0.174647	05.264
18.74	18.74	0.174663	05.365
18.76	18.75	0.174680	05.464
18.76	18.75	0.174697	05.564
18.76	18.75	0.174713	05.664
18.76	18.75	0.174730	05.764
18.76	18.75	0.174747	05.864
18.76	18.76	0.174763	05.964
18.76	18.76	0.174780	06.064
18.76	18.76	0.174797	06.164
18.76	18.76	0.174813	06.265
18.76	18.76	0.174830	06.364
18.76	18.76	0.174847	06.464
18.76	18.76	0.174863	06.564
18.76	18.76	0.174880	06.664
18.76	18.77	0.174897	06.764
18.79	18.77	0.174913	06.864
18.79	18.77	0.174930	06.964
18.79	18.77	0.174947	07.064
18.79	18.77	0.174963	07.165
18.79	18.77	0.174980	07.264
18.79	18.77	0.174997	07.364
18.79	18.77	0.175013	07.464
18.79	18.77	0.175030	07.564
18.79	18.77	0.175047	07.664
18.79	18.77	0.175063	07.764
18.79	18.77	0.175080	07.865
18.79	18.77	0.175097	07.964
18.79	18.77	0.175113	08.064
18.79	18.77	0.175130	08.164
18.79	18.77	0.175147	08.264
18.79	18.77	0.175163	08.364
18.79	18.77	0.175180	08.464
18.79	18.77	0.175197	08.564
18.79	18.77	0.175213	08.664
18.79	18.77	0.175230	08.765
18.79	18.77	0.175247	08.864
18.79	18.77	0.175263	08.964
18.76	18.77	0.175280	09.064
18.76	18.77	0.175297	09.164
18.76	18.77	0.175313	09.264
18.76	18.77	0.175330	09.364
18.76	18.77	0.175347	09.464
18.76	18.77	0.175363	09.564
18.76	18.77	0.175380	09.665
18.76	18.77	0.175396	09.764
18.76	18.77	0.175413	09.864
18.76	18.76	0.175430	09.964
18.76	18.76	0.175446	10.064
18.76	18.76	0.175463	10.164
18.76	18.76	0.175480	10.264
18.76	18.76	0.175496	10.364
18.76	18.76	0.175513	10.464
18.76	18.76	0.175530	10.564
18.76	18.76	0.175546	10.664
18.79	18.76	0.175563	10.764
18.79	18.75	0.175580	10.893
18.79	18.75	0.175596	10.988
18.79	18.75	0.175613	11.087
18.79	18.75	0.175630	11.192
18.79	18.75	0.175646	11.286
18.79	18.75	0.175663	11.386
18.76	18.75	0.175680	11.491
18.76	18.74	0.175696	11.585
18.76	18.74	0.175713	11.685
18.76	18.74	0.175730	11.789
18.76	18.74	0.175746	11.884
18.76	18.74	0.175763	11.983
18.76	18.74	0.175780	12.088
18.74	18.73	0.175796	12.183
18.74	18.73	0.175813	12.282
18.74	18.73	0.175830	12.387
18.74	18.73	0.175846	12.481
18.74	18.73	0.175863	12.581
18.74	18.73	0.175880	12.685
18.74	18.72	0.175896	12.780
18.71	18.72	0.175913	12.881
18.71	18.72	0.175930	12.984
18.71	18.72	0.175946	13.079
18.71	18.72	0.175963	13.181
18.71	18.72	0.175980	13.283
18.71	18.71	0.175996	13.378
18.71	18.71	0.176013	13.481
18.71	18.71	0.176030	13.582
18.69	18.71	0.176046	13.677
18.69	18.71	0.176063	13.781
18.69	18.71	0.176080	13.881
18.69	18.70	0.176096	13.976
18.69	18.70	0.176113	14.080
18.69	18.70	0.176130	14.180
18.69	18.70	0.176146	14.274
18.69	18.70	0.176163	14.379
18.69	18.70	0.176180	14.479
18.69	18.69	0.176196	14.573
18.69	18.69	0.176213	14.678
18.69	18.69	0.176229	14.777
18.69	18.69	0.176246	14.872
18.69	18.69	0.176263	14.976
18.69	18.69	0.176279	15.076
18.69	18.69	0.176296	15.170
18.69	18.68	0.176313	15.276
18.69	18.68	0.176329	15.371
18.69	18.68	0.176346	15.470
18.69	18.68	0.176363	15.575
18.69	18.68	0.176379	15.669
18.69	18.68	0.176396	15.769
18.69	18.68	0.176413	15.873
18.69	18.68	0.176429	15.968
18.69	18.68	0.176446	16.068
18.69	18.68	0.176463	16.172
18.69	18.67	0.176479	16.267
18.69	18.67	0.176496	16.367
18.69	18.67	0.176513	16.471
18.69	18.67	0.176529	16.567
18.69	18.67	0.176546	16.667
18.69	18.67	0.176563	16.769
18.66	18.67	0.176579	16.867
18.66	18.67	0.176596	16.968
18.66	18.67	0.176613	17.068
18.66	18.67	0.176629	17.167
18.66	18.67	0.176646	17.267
18.66	18.67	0.176663	17.367
18.66	18.67	0.176679	17.467
18.66	18.67	0.176696	17.567
18.66	18.67	0.176713	17.668
18.66	18.67	0.176729	17.767
18.66	18.67	0.176746	17.867
18.66	18.67	0.176763	17.967
18.66	18.67	0.176779	18.067
18.66	18.67	0.176796	18.167
18.66	18.67	0.176813	18.267
18.66	18.67	0.176829	18.367
18.66	18.67	0.176846	18.467
18.66	18.67	0.176863	18.568
18.66	18.67	0.176879	18.667
18.66	18.67	0.176896	18.767
18.66	18.67	0.176913	18.867
18.66	18.67	0.176929	18.967
18.66	18.68	0.176946	19.067
18.66	18.68	0.176963	19.167
18.66	18.68	0.176979	19.267
18.66	18.68	0.176996	19.367
18.66	18.68	0.177013	19.468
18.66	18.68	0.177029	19.567
18.66	18.68	0.177046	19.667
18.66	18.68	0.177062	19.767
18.66	18.68	0.177079	19.867
18.66	18.69	0.177096	19.967
18.66	18.69	0.177112	20.067
18.66	18.69	0.177129	20.167
18.66	18.69	0.177146	20.267
18.66	18.69	0.177162	20.368
18.69	18.70	0.177179	20.467
18.69	18.70	0.177196	20.567
18.69	18.70	0.177212	20.667
18.69	18.70	0.177229	20.767
18.69	18.70	0.177246	20.867
18.69	18.71	0.177262	20.967
18.69	18.71	0.177279	21.068
18.69	18.71	0.177296	21.167
18.69	18.71	0.177312	21.267
18.71	18.71	0.177329	21.367
18.71	18.72	0.177346	21.467
18.71	18.72	0.177362	21.568
18.71	18.72	0.177379	21.668
18.71	18.72	0.177396	21.768
18.71	18.73	0.177412	21.868
18.71	18.73	0.177429	21.969
18.71	18.73	0.177446	22.068
18.71	18.74	0.177462	22.168
18.74	18.74	0.177479	22.267
18.74	18.74	0.177496	22.368
18.74	18.74	0.177512	22.492
18.74	18.75	0.177529	22.567
18.74	18.75	0.177546	22.696
18.74	18.75	0.177562	22.791
18.74	18.76	0.177579	22.896
18.74	18.76	0.177596	22.995
18.76	18.76	0.177612	23.090
18.76	18.77	0.177629	23.194
18.76	18.77	0.177646	23.289
18.76	18.77	0.177662	23.388
18.76	18.78	0.177679	23.494
18.76	18.78	0.177696	23.588
18.76	18.78	0.177712	23.688
18.76	18.79	0.177729	23.793
18.79	18.79	0.177746	23.887
18.79	18.79	0.177762	23.987
18.79	18.80	0.177779	24.091
18.79	18.80	0.177796	24.186
18.79	18.80	0.177812	24.285
18.79	18.81	0.177829	24.390
18.79	18.81	0.177846	24.484
18.82	18.81	0.177862	24.584
18.82	18.82	0.177879	24.689
18.82	18.82	0.177895	24.783
18.82	18.82	0.177912	24.883
18.82	18.83	0.177929	24.987
18.82	18.83	0.177945	25.082
18.82	18.83	0.177962	25.181
18.82	18.84	0.177979	25.286
18.84	18.84	0.177995	25.381
18.84	18.85	0.178012	25.480
18.84	18.85	0.178029	25.585
18.84	18.85	0.178045	25.679
18.84	18.86	0.178062	25.780
18.84	18.86	0.178079	25.884
18.84	18.86	0.178095	25.979
18.84	18.87	0.178112	26.079
18.87	18.87	0.178129	26.183
18.87	18.87	0.178145	26.278
18.87	18.88	0.178162	26.379
18.87	18.88	0.178179	26.482
18.87	18.88	0.178195	26.576
18.87	18.89	0.178212	26.679
18.89	18.89	0.178229	26.780
18.89	18.89	0.178245	26.875
18.89	18.90	0.178262	26.979
18.89	18.90	0.178279	27.079
18.89	18.90	0.178295	27.174
18.89	18.90	0.178312	27.278
18.89	18.91	0.178329	27.378
18.92	18.91	0.178345	27.473
18.92	18.91	0.178362	27.578
18.92	18.92	0.178379	27.676
18.92	18.92	0.178395	27.771
18.92	18.92	0.178412	27.877
18.92	18.92	0.178429	27.975
18.92	18.93	0.178445	28.071
18.92	18.93	0.178462	28.175
18.95	18.93	0.178479	28.275
18.95	18.94	0.178495	28.369
18.95	18.94	0.178512	28.474
18.95	18.94	0.178529	28.575
18.95	18.94	0.178545	28.669
18.95	18.95	0.178562	28.773
18.95	18.95	0.178579	28.869
18.95	18.95	0.178595	28.969
18.95	18.95	0.178612	29.071
18.95	18.95	0.178629	29.169
18.95	18.96	0.178645	29.270
18.97	18.96	0.178662	29.370
18.97	18.96	0.178679	29.474
18.97	18.96	0.178695	29.570
18.97	18.96	0.178712	29.670
18.97	18.97	0.178728	29.774
18.97	18.97	0.178745	29.870
18.97	18.97	0.178762	29.970
18.97	18.97	0.178778	30.074
18.97	18.97	0.178795	30.171
18.97	18.97	0.178812	30.270
18.97	18.97	0.178828	30.374
18.97	18.98	0.178845	30.470
18.97	18.98	0.178862	30.570
18.97	18.98	0.178878	30.674
18.97	18.98	0.178895	30.769
18.97	18.98	0.178912	30.870
19.00	18.98	0.178928	30.974
19.00	18.98	0.178945	31.071
19.00	18.98	0.178962	31.170
19.00	18.98	0.178978	31.274
19.00	18.98	0.178995	31.370
19.00	18.98	0.179012	31.470
19.00	18.98	0.179028	31.574
19.00	18.99	0.179045	31.670
19.00	18.99	0.179062	31.770
19.00	18.99	0.179078	31.874
19.00	18.99	0.179095	31.970
19.00	18.99	0.179112	32.070
19.00	18.99	0.179128	32.174
19.00	18.99	0.179145	32.270
19.00	18.99	0.179162	32.370
19.00	18.99	0.179178	32.473
19.00	18.99	0.179195	32.570
19.00	18.99	0.179212	32.671
19.00	18.99	0.179228	32.774
19.00	18.99	0.179245	32.870
19.00	18.99	0.179262	32.970
19.00	18.98	0.179278	33.074
19.00	18.98	0.179295	33.170
19.00	18.98	0.179312	33.270
19.00	18.98	0.179328	33.373
19.00	18.98	0.179345	33.470
19.00	18.98	0.179362	33.571
19.00	18.98	0.179378	33.674
19.00	18.98	0.179395	33.770
19.00	18.98	0.179412	33.870
19.00	18.98	0.179428	33.974
19.00	18.98	0.179445	34.070
19.00	18.98	0.179462	34.170
19.00	18.98	0.179478	34.274
19.00	18.97	0.179495	34.370
19.00	18.97	0.179512	34.470
19.00	18.97	0.179528	34.573
19.00	18.97	0.179545	34.670
18.97	18.97	0.179561	34.794
18.97	18.97	0.179578	34.873
18.97	18.97	0.179595	34.998
18.97	18.97	0.179611	35.093
18.97	18.96	0.179628	35.197
18.97	18.96	0.179645	35.297
18.97	18.96	0.179661	35.392
18.97	18.96	0.179678	35.496
18.97	18.96	0.179695	35.596
18.97	18.96	0.179711	35.690
18.97	18.95	0.179728	35.796
18.95	18.95	0.179745	35.895
18.95	18.95	0.179761	35.989
18.95	18.95	0.179778	36.094
18.95	18.95	0.179795	36.194
18.95	18.95	0.179811	36.289
18.95	18.94	0.179828	36.393
18.95	18.94	0.179845	36.488
18.95	18.94	0.179861	36.587
18.95	18.94	0.179878	36.692
18.95	18.94	0.179895	36.786
18.95	18.94	0.179911	36.886
18.95	18.93	0.179928	36.991
18.95	18.93	0.179945	37.085
18.95	18.93	0.179961	37.185
18.95	18.93	0.179978	37.289
18.95	18.93	0.179995	37.384
18.95	18.93	0.180011	37.483
18.95	18.92	0.180028	37.588
18.92	18.92	0.180045	37.683
18.92	18.92	0.180061	37.782
18.92	18.92	0.180078	37.887
18.92	18.92	0.180095	37.981
18.92	18.92	0.180111	38.081
18.92	18.91	0.180128	38.186
18.92	18.91	0.180145	38.281
18.92	18.91	0.180161	38.380
18.92	18.91	0.180178	38.485
18.92	18.91	0.180195	38.580
18.92	18.91	0.180211	38.679
18.92	18.90	0.180228	38.784
18.89	18.90	0.180245	38.878
18.89	18.90	0.180261	38.978
18.89	18.90	0.180278	39.082
18.89	18.90	0.180295	39.177
18.89	18.90	0.180311	39.277
18.89	18.90	0.180328	39.381
18.89	18.90	0.180345	39.476
18.89	18.89	0.180361	39.577
18.89	18.89	0.180378	39.680
18.89	18.89	0.180394	39.774
18.89	18.89	0.180411	39.877
18.89	18.89	0.180428	39.978
18.89	18.89	0.180444	40.073
18.89	18.89	0.180461	40.177
18.89	18.89	0.180478	40.277
18.89	18.89	0.180494	40.372
18.89	18.89	0.180511	40.477
18.89	18.89	0.180528	40.577
18.89	18.88	0.180544	40.671
18.89	18.88	0.180561	40.776
18.87	18.88	0.180578	40.875
18.87	18.88	0.180594	40.970
18.87	18.88	0.180611	41.075
18.87	18.88	0.180628	41.174
18.87	18.88	0.180644	41.270
18.87	18.88	0.180661	41.373
18.87	18.88	0.180678	41.473
18.87	18.88	0.180694	41.570
18.87	18.88	0.180711	41.672
18.87	18.88	0.180728	41.773
18.87	18.88	0.180744	41.870
18.87	18.88	0.180761	41.971
18.87	18.88	0.180778	42.072
18.87	18.88	0.180794	42.170
18.87	18.88	0.180811	42.270
18.87	18.88	0.180828	42.372
18.87	18.88	0.180844	42.470
18.87	18.88	0.180861	42.570
18.87	18.89	0.180878	42.673
18.87	18.89	0.180894	42.770
18.87	18.89	0.180911	42.870
18.89	18.89	0.180928	42.972
18.89	18.89	0.180944	43.071
18.89	18.89	0.180961	43.171
18.89	18.89	0.180978	43.272
18.89	18.89	0.180994	43.372
18.89	18.89	0.181011	43.471
18.89	18.89	0.181028	43.572
18.89	18.90	0.181044	43.671
18.89	18.90	0.181061	43.771
18.89	18.90	0.181078	43.872
18.89	18.90	0.181094	43.971
18.89	18.90	0.181111	44.071
18.89	18.90	0.181128	44.172
18.89	18.90	0.181144	44.272
18.89	18.91	0.181161	44.371
18.89	18.91	0.181178	44.472
18.89	18.91	0.181194	44.571
18.89	18.91	0.181211	44.671
18.89	18.91	0.181227	44.772
18.89	18.92	0.181244	44.871
18.89	18.92	0.181261	44.972
18.92	18.92	0.181277	45.072
18.92	18.92	0.181294	45.171
18.92	18.93	0.181311	45.271
18.92	18.93	0.181327	45.372
18.92	18.93	0.181344	45.471
18.92	18.93	0.181361	45.571
18.92	18.94	0.181377	45.671
18.92	18.94	0.181394	45.771
18.92	18.94	0.181411	45.872
18.92	18.94	0.181427	45.972
18.92	18.95	0.181444	46.071
18.92	18.95	0.181461	46.171
18.95	18.95	0.181477	46.272
18.95	18.95	0.181494	46.371
18.95	18.96	0.181511	46.471
18.95	18.96	0.181527	46.572
18.95	18.96	0.181544	46.671
18.95	18.97	0.181561	46.771
18.95	18.97	0.181577	46.872
18.95	18.97	0.181594	46.972
18.95	18.98	0.181611	47.096
18.95	18.98	0.181627	47.172
18.97	18.98	0.181644	47.300
18.97	18.99	0.181661	47.395
18.97	18.99	0.181677	47.496
18.97	18.99	0.181694	47.599
18.97	19.00	0.181711	47.694
18.97	19.00	0.181727	47.796
18.97	19.00	0.181744	47.898
19.00	19.01	0.181761	47.992
19.00	19.01	0.181777	48.071
19.00	19.01	0.181794	48.196
19.00	19.02	0.181811	48.291
19.00	19.02	0.181827	48.395
19.00	19.02	0.181844	48.495
19.02	19.03	0.181861	48.591
19.02	19.03	0.181877	48.695
19.02	19.03	0.181894	48.795
19.02	19.04	0.181911	48.889
19.02	19.04	0.181927	48.994
19.05	19.04	0.181944	49.093
19.05	19.05	0.181961	49.188
19.05	19.05	0.181977	49.293
19.05	19.05	0.181994	49.392
19.05	19.06	0.182011	49.487
19.05	19.06	0.182027	49.591
19.08	19.07	0.182044	49.686
19.08	19.07	0.182060	49.785
19.08	19.07	0.182077	49.890
19.08	19.08	0.182094	49.984
19.08	19.08	0.182110	50.084
19.08	19.08	0.182127	50.189
19.08	19.09	0.182144	50.283
19.08	19.09	0.182160	50.383
19.08	19.09	0.182177	50.487
19.10	19.10	0.182194	50.582
19.10	19.10	0.182210	50.681
19.10	19.10	0.182227	50.786
19.10	19.11	0.182244	50.882
19.10	19.11	0.182260	50.981
19.10	19.11	0.182277	51.086
19.10	19.11	0.182294	51.180
19.10	19.12	0.182310	51.280
19.10	19.12	0.182327	51.384
19.10	19.12	0.182344	51.479
19.13	19.13	0.182360	51.578
19.13	19.13	0.182377	51.683
19.13	19.13	0.182394	51.778
19.13	19.14	0.182410	51.877
19.13	19.14	0.182427	51.982
19.13	19.14	0.182444	52.076
19.13	19.14	0.182460	52.176
19.13	19.15	0.182477	52.280
19.15	19.15	0.182494	52.375
19.15	19.15	0.182510	52.476
19.15	19.15	0.182527	52.579
19.15	19.16	0.182544	52.674
19.15	19.16	0.182560	52.775
19.15	19.16	0.182577	52.878
19.15	19.16	0.182594	52.972
19.18	19.17	0.182610	53.075
19.18	19.17	0.182627	53.177
19.18	19.17	0.182644	53.272
19.18	19.17	0.182660	53.376
19.18	19.17	0.182677	53.476
19.18	19.18	0.182694	53.572
19.18	19.18	0.182710	53.675
19.18	19.18	0.182727	53.775
19.18	19.18	0.182744	53.872
19.21	19.18	0.182760	53.974
19.21	19.18	0.182777	54.074
19.21	19.18	0.182794	54.172
19.21	19.19	0.182810	54.273
19.21	19.19	0.182827	54.372
19.21	19.19	0.182844	54.472
19.21	19.19	0.182860	54.572
19.21	19.19	0.182877	54.672
19.21	19.19	0.182893	54.772
19.21	19.19	0.182910	54.872
19.21	19.19	0.182927	54.973
19.21	19.20	0.182943	55.072
19.21	19.20	0.182960	55.172
19.21	19.20	0.182977	55.272
19.21	19.20	0.182993	55.372
19.21	19.20	0.183010	55.472
19.21	19.20	0.183027	55.572
19.21	19.20	0.183043	55.672
19.21	19.20	0.183060	55.772
19.21	19.20	0.183077	55.872
19.21	19.20	0.183093	55.972
19.21	19.20	0.183110	56.072
19.21	19.20	0.183127	56.172
19.21	19.20	0.183143	56.272
19.21	19.20	0.183160	56.372
19.21	19.20	0.183177	56.472
19.21	19.20	0.183193	56.572
19.21	19.20	0.183210	56.672
19.21	19.20	0.183227	56.772
19.21	19.20	0.183243	56.872
19.21	19.20	0.183260	56.972
19.21	19.20	0.183277	57.072
19.21	19.20	0.183293	57.172
19.21	19.20	0.183310	57.272
19.21	19.20	0.183327	57.372
19.21	19.20	0.183343	57.472
19.21	19.20	0.183360	57.572
19.21	19.19	0.183377	57.672
19.21	19.19	0.183393	57.772
19.18	19.19	0.183410	57.872
19.18	19.19	0.183427	57.972
19.18	19.19	0.183443	58.072
19.18	19.19	0.183460	58.173
19.18	19.19	0.183477	58.272
19.18	19.19	0.183493	58.372
19.18	19.19	0.183510	58.472
19.18	19.19	0.183527	58.572
19.18	19.18	0.183543	58.672
19.18	19.18	0.183560	58.772
19.18	19.18	0.183577	58.872
19.18	19.18	0.183593	58.972
19.18	19.18	0.183610	59.073
19.18	19.18	0.183627	59.172
19.18	19.18	0.183643	59.272
19.18	19.17	0.183660	59.372
19.18	19.17	0.183677	59.471
19.18	19.17	0.183693	59.572
19.18	19.17	0.183710	59.672
19.18	19.17	0.183726	59.796
19.18	19.17	0.183743	59.901
19.18	19.16	0.183760	59.995
19.18	19.16	0.183776	00.095
19.18	19.16	0.183793	00.200
19.18	19.16	0.183810	00.294
19.18	19.16	0.183826	00.395
19.18	19.16	0.183843	00.498
19.18	19.15	0.183860	00.593
19.18	19.15	0.183876	00.694
19.18	19.15	0.183893	00.797
19.18	19.15	0.183910	00.892
19.18	19.15	0.183926	00.994
19.18	19.15	0.183943	01.097
19.18	19.14	0.183960	01.191
19.15	19.14	0.183976	01.294
19.15	19.14	0.183993	01.395
19.15	19.14	0.184010	01.490
19.15	19.14	0.184026	01.594
19.15	19.14	0.184043	01.694
19.15	19.13	0.184060	01.789
19.15	19.13	0.184076	01.893
19.15	19.13	0.184093	01.993
19.13	19.13	0.184110	02.087
19.13	19.13	0.184126	02.192
19.13	19.13	0.184143	02.292
19.13	19.12	0.184160	02.386
19.13	19.12	0.184176	02.491
19.13	19.12	0.184193	02.590
19.13	19.12	0.184210	02.685
19.13	19.12	0.184226	02.789
19.13	19.12	0.184243	02.884
19.10	19.12	0.184260	02.983
19.10	19.11	0.184276	03.088
19.10	19.11	0.184293	03.183
19.10	19.11	0.184310	03.282
19.10	19.11	0.184326	03.387
19.10	19.11	0.184343	03.481
19.10	19.11	0.184360	03.581
19.10	19.11	0.184376	03.686
19.10	19.11	0.184393	03.781
19.10	19.10	0.184410	03.880
19.10	19.10	0.184426	03.985
19.10	19.10	0.184443	04.080
19.10	19.10	0.184460	04.179
19.10	19.10	0.184476	04.284
19.10	19.10	0.184493	04.378
19.10	19.10	0.184510	04.478
19.10	19.10	0.184526	04.582
19.10	19.10	0.184543	04.677
19.08	19.10	0.184559	04.777
19.08	19.10	0.184576	04.881
19.08	19.10	0.184593	04.976
19.08	19.10	0.184609	05.075
19.08	19.10	0.184626	05.180
19.08	19.10	0.184643	05.274
19.08	19.10	0.184659	05.374
19.08	19.10	0.184676	05.478
19.08	19.10	0.184693	05.573
19.08	19.10	0.184709	05.674
19.08	19.10	0.184726	05.777
19.08	19.10	0.184743	05.873
19.08	19.10	0.184759	05.973
19.08	19.10	0.184776	06.077
19.08	19.10	0.184793	06.173
19.10	19.10	0.184809	06.273
19.10	19.10	0.184826	06.376
19.10	19.10	0.184843	06.473
19.10	19.10	0.184859	06.574
19.10	19.10	0.184876	06.674
19.10	19.10	0.184893	06.773
19.10	19.10	0.184909	06.873
19.10	19.10	0.184926	06.973
19.10	19.10	0.184943	07.073
19.10	19.10	0.184959	07.173
19.10	19.10	0.184976	07.274
19.10	19.10	0.184993	07.373
19.10	19.11	0.185009	07.473
19.10	19.11	0.185026	07.573
19.10	19.11	0.185043	07.673
19.10	19.11	0.185059	07.773
19.10	19.11	0.185076	07.873
19.10	19.11	0.185093	07.974
19.10	19.11	0.185109	08.073
19.10	19.12	0.185126	08.173
19.10	19.12	0.185143	08.273
19.10	19.12	0.185159	08.373
19.10	19.12	0.185176	08.473
19.13	19.12	0.185193	08.573
19.13	19.13	0.185209	08.673
19.13	19.13	0.185226	08.773
19.13	19.13	0.185243	08.874
19.13	19.13	0.185259	08.973
19.13	19.13	0.185276	09.073
19.13	19.14	0.185293	09.173
19.13	19.14	0.185309	09.273
19.13	19.14	0.185326	09.373
19.13	19.14	0.185343	09.473
19.13	19.15	0.185359	09.573
19.13	19.15	0.185376	09.673
19.13	19.15	0.185392	09.774
19.13	19.15	0.185409	09.873
19.13	19.16	0.185426	09.973
19.15	19.16	0.185442	10.073
19.15	19.16	0.185459	10.173
19.15	19.17	0.185476	10.273
19.15	19.17	0.185492	10.373
19.15	19.17	0.185509	10.473
19.15	19.17	0.185526	10.573
19.15	19.18	0.185542	10.674
19.15	19.18	0.185559	10.773
19.15	19.18	0.185576	10.873
19.18	19.19	0.185592	10.973
19.18	19.19	0.185609	11.073
19.18	19.19	0.185626	11.173
19.18	19.20	0.185642	11.273
19.18	19.20	0.185659	11.374
19.18	19.20	0.185676	11.473
19.18	19.21	0.185692	11.573
19.21	19.21	0.185709	11.673
19.21	19.21	0.185726	11.773
19.21	19.22	0.185742	11.873
19.21	19.22	0.185759	11.973
19.21	19.22	0.185776	12.074
19.21	19.23	0.185792	12.173
19.21	19.23	0.185809	12.273
19.23	19.23	0.185826	12.397
19.23	19.24	0.185842	12.502
19.23	19.24	0.185859	12.596
19.23	19.24	0.185876	12.696
19.23	19.25	0.185892	12.800
19.23	19.25	0.185909	12.895
19.26	19.25	0.185926	12.994
19.26	19.26	0.185942	13.099
19.26	19.26	0.185959	13.194
19.26	19.26	0.185976	13.293
19.26	19.27	0.185992	13.398
19.26	19.27	0.186009	13.492
19.26	19.28	0.186026	13.592
19.26	19.28	0.186042	13.696
19.28	19.28	0.186059	13.791
19.28	19.29	0.186076	13.893
19.28	19.29	0.186092	13.995
19.28	19.29	0.186109	14.090
19.28	19.30	0.186126	14.192
19.28	19.30	0.186142	14.295
19.28	19.30	0.186159	14.389
19.31	19.31	0.186176	14.492
19.31	19.31	0.186192	14.593
19.31	19.31	0.186209	14.688
19.31	19.32	0.186225	14.793
19.31	19.32	0.186242	14.892
19.31	19.32	0.186259	14.987
19.31	19.33	0.186275	15.091
19.34	19.33	0.186292	15.191
19.34	19.33	0.186309	15.285
19.34	19.33	0.186325	15.390
19.34	19.34	0.186342	15.489
19.34	19.34	0.186359	15.584
19.34	19.34	0.186375	15.689
19.34	19.35	0.186392	15.788
19.36	19.35	0.186409	15.884
19.36	19.35	0.186425	15.988
19.36	19.35	0.186442	16.088
19.36	19.36	0.186459	16.182
19.36	19.36	0.186475	16.287
19.36	19.36	0.186492	16.382
19.36	19.36	0.186509	16.481
19.36	19.37	0.186525	16.586
19.36	19.37	0.186542	16.680
19.36	19.37	0.186559	16.780
19.36	19.37	0.186575	16.884
19.39	19.38	0.186592	16.979
19.39	19.38	0.186609	17.078
19.39	19.38	0.186625	17.183
19.39	19.38	0.186642	17.278
19.39	19.38	0.186659	17.377
19.39	19.39	0.186675	17.482
19.39	19.39	0.186692	17.576
19.39	19.39	0.186709	17.676
19.39	19.39	0.186725	17.780
19.39	19.39	0.186742	17.875
19.39	19.40	0.186759	17.975
19.41	19.40	0.186775	18.079
19.41	19.40	0.186792	18.175
19.41	19.40	0.186809	18.274
19.41	19.40	0.186825	18.379
19.41	19.40	0.186842	18.473
19.41	19.40	0.186859	18.573
19.41	19.40	0.186875	18.677
19.41	19.41	0.186892	18.773
19.41	19.41	0.186909	18.873
19.41	19.41	0.186925	18.976
19.41	19.41	0.186942	19.073
19.41	19.41	0.186959	19.173
19.41	19.41	0.186975	19.275
19.41	19.41	0.186992	19.373
19.41	19.41	0.187009	19.473
19.41	19.41	0.187025	19.574
19.41	19.41	0.187042	19.673
19.41	19.41	0.187058	19.773
19.41	19.41	0.187075	19.873
19.41	19.41	0.187092	19.973
19.44	19.41	0.187108	20.073
19.44	19.41	0.187125	20.173
19.44	19.41	0.187142	20.273
19.44	19.41	0.187158	20.373
19.44	19.41	0.187175	20.474
19.44	19.41	0.187192	20.573
19.44	19.41	0.187208	20.673
19.44	19.41	0.187225	20.773
19.44	19.41	0.187242	20.873
19.41	19.41	0.187258	20.973
19.41	19.41	0.187275	21.073
19.41	19.41	0.187292	21.173
19.41	19.41	0.187308	21.273
19.41	19.41	0.187325	21.374
19.41	19.41	0.187342	21.473
19.41	19.41	0.187358	21.573
19.41	19.41	0.187375	21.673
19.41	19.41	0.187392	21.773
19.41	19.41	0.187408	21.873
19.41	19.40	0.187425	21.973
19.41	19.40	0.187442	22.074
19.41	19.40	0.187458	22.173
19.41	19.40	0.187475	22.273
19.41	19.40	0.187492	22.373
19.41	19.40	0.187508	22.473
19.41	19.40	0.187525	22.573
19.41	19.40	0.187542	22.673
19.41	19.40	0.187558	22.774
19.41	19.39	0.187575	22.874
19.41	19.39	0.187592	22.974
19.41	19.39	0.187608	23.074
19.41	19.39	0.187625	23.174
19.41	19.39	0.187642	23.274
19.39	19.39	0.187658	23.374
19.39	19.39	0.187675	23.474
19.39	19.38	0.187692	23.574
19.39	19.38	0.187708	23.675
19.39	19.38	0.187725	23.774
19.39	19.38	0.187742	23.874
19.39	19.38	0.187758	23.974
19.39	19.38	0.187775	24.074
19.39	19.37	0.187792	24.174
19.39	19.37	0.187808	24.274
19.39	19.37	0.187825	24.374
19.39	19.37	0.187842	24.474
19.39	19.37	0.187858	24.575
19.39	19.37	0.187875	24.674
19.39	19.36	0.187891	24.774
19.36	19.36	0.187908	24.898
19.36	19.36	0.187925	24.998
19.36	19.36	0.187941	25.102
19.36	19.36	0.187958	25.197
19.36	19.36	0.187975	25.296
19.36	19.35	0.187991	25.401
19.36	19.35	0.188008	25.496
19.36	19.35	0.188025	25.595
19.36	19.35	0.188041	25.700
19.34	19.35	0.188058	25.794
19.34	19.35	0.188075	25.894
19.34	19.34	0.188091	25.998
19.34	19.34	0.188108	26.093
19.34	19.34	0.188125	26.193
19.34	19.34	0.188141	26.297
19.34	19.34	0.188158	26.392
19.34	19.34	0.188175	26.491
19.34	19.33	0.188191	26.597
19.34	19.33	0.188208	26.691
19.34	19.33	0.188225	26.791
19.34	19.33	0.188241	26.895
19.34	19.33	0.188258	26.990
19.34	19.33	0.188275	27.091
19.34	19.33	0.188291	27.194
19.31	19.32	0.188308	27.289
19.31	19.32	0.188325	27.390
19.31	19.32	0.188341	27.493
19.31	19.32	0.188358	27.587
19.31	19.32	0.188375	27.690
19.31	19.32	0.188391	27.792
19.31	19.32	0.188408	27.886
19.31	19.32	0.188425	27.991
19.31	19.32	0.188441	28.090
19.31	19.32	0.188458	28.185
19.31	19.31	0.188475	28.289
19.31	19.31	0.188491	28.389
19.31	19.31	0.188508	28.484
19.31	19.31	0.188525	28.588
19.31	19.31	0.188541	28.688
19.31	19.31	0.188558	28.782
19.31	19.31	0.188575	28.888
19.31	19.31	0.188591	28.987
19.31	19.31	0.188608	29.082
19.31	19.31	0.188625	29.186
19.31	19.31	0.188641	29.286
19.31	19.31	0.188658	29.381
19.31	19.31	0.188675	29.485
19.31	19.31	0.188691	29.580
19.31	19.31	0.188708	29.679
19.31	19.31	0.188724	29.784
19.31	19.31	0.188741	29.878
19.31	19.31	0.188758	29.978
19.31	19.31	0.188774	30.082
19.31	19.31	0.188791	30.177
19.31	19.31	0.188808	30.277
19.31	19.31	0.188824	30.381
19.31	19.31	0.188841	30.476
19.28	19.31	0.188858	30.575
19.28	19.31	0.188874	30.680
19.28	19.31	0.188891	30.775
19.28	19.31	0.188908	30.875
19.28	19.31	0.188924	30.979
19.28	19.32	0.188941	31.075
19.28	19.32	0.188958	31.175
19.28	19.32	0.188974	31.277
19.28	19.32	0.188991	31.375
19.31	19.32	0.189008	31.475
19.31	19.32	0.189024	31.577
19.31	19.32	0.189041	31.675
19.31	19.32	0.189058	31.775
19.31	19.32	0.189074	31.876
19.31	19.33	0.189091	31.975
19.31	19.33	0.189108	32.075
19.31	19.33	0.189124	32.175
19.34	19.33	0.189141	32.275
19.34	19.33	0.189158	32.375
19.34	19.34	0.189174	32.475
19.34	19.34	0.189191	32.576
19.34	19.34	0.189208	32.675
19.34	19.34	0.189224	32.775
19.34	19.34	0.189241	32.876
19.34	19.35	0.189258	32.976
19.34	19.35	0.189274	33.076
19.34	19.35	0.189291	33.176
19.34	19.35	0.189308	33.276
19.36	19.35	0.189324	33.376
19.36	19.36	0.189341	33.476
19.36	19.36	0.189358	33.576
19.36	19.36	0.189374	33.676
19.36	19.36	0.189391	33.776
19.36	19.37	0.189408	33.876
19.36	19.37	0.189424	33.976
19.36	19.37	0.189441	34.076
19.36	19.38	0.189458	34.177
19.36	19.38	0.189474	34.276
19.36	19.38	0.189491	34.376
19.36	19.38	0.189508	34.477
19.36	19.39	0.189524	34.577
19.36	19.39	0.189541	34.677
19.36	19.39	0.189557	34.777
19.39	19.40	0.189574	34.877
19.39	19.40	0.189591	34.977
19.39	19.40	0.189607	35.078
19.39	19.41	0.189624	35.177
19.39	19.41	0.189641	35.277
19.39	19.41	0.189657	35.377
19.39	19.42	0.189674	35.477
19.39	19.42	0.189691	35.577
19.41	19.42	0.189707	35.677
19.41	19.43	0.189724	35.778
19.41	19.43	0.189741	35.877
19.41	19.43	0.189757	35.977
19.41	19.44	0.189774	36.077
19.41	19.44	0.189791	36.177
19.41	19.44	0.189807	36.277
19.44	19.45	0.189824	36.377
19.44	19.45	0.189841	36.477
19.44	19.45	0.189857	36.577
19.44	19.46	0.189874	36.701
19.44	19.46	0.189891	36.806
19.47	19.46	0.189907	36.906
19.47	19.47	0.189924	37.000
19.47	19.47	0.189941	37.105
19.47	19.47	0.189957	37.204
19.47	19.48	0.189974	37.300
19.47	19.48	0.189991	37.403
19.49	19.49	0.190007	37.499
19.49	19.49	0.190024	37.599
19.49	19.49	0.190041	37.703
19.49	19.50	0.190057	37.798
19.49	19.50	0.190074	37.897
19.49	19.50	0.190091	38.002
19.49	19.51	0.190107	38.096
19.52	19.51	0.190124	38.196
19.52	19.51	0.190141	38.301
19.52	19.52	0.190157	38.395
19.52	19.52	0.190174	38.495
19.52	19.52	0.190191	38.599
19.52	19.53	0.190207	38.694
19.52	19.53	0.190224	38.793
19.54	19.53	0.190241	38.898
19.54	19.54	0.190257	38.992
19.54	19.54	0.190274	39.092
19.54	19.54	0.190291	39.197
19.54	19.54	0.190307	39.291
19.54	19.55	0.190324	39.391
19.54	19.55	0.190341	39.495
19.54	19.55	0.190357	39.590
19.54	19.56	0.190374	39.690
19.54	19.56	0.190390	39.795
19.57	19.56	0.190407	39.889
19.57	19.56	0.190424	39.989
19.57	19.57	0.190440	40.094
19.57	19.57	0.190457	40.188
19.57	19.57	0.190474	40.289
19.57	19.58	0.190490	40.392
19.57	19.58	0.190507	40.487
19.57	19.58	0.190524	40.588
19.57	19.58	0.190540	40.691
19.60	19.59	0.190557	40.786
19.60	19.59	0.190574	40.888
19.60	19.59	0.190590	40.990
19.60	19.59	0.190607	41.084
19.60	19.59	0.190624	41.189
19.60	19.60	0.190640	41.288
19.60	19.60	0.190657	41.383
19.60	19.60	0.190674	41.487
19.60	19.60	0.190690	41.587
19.60	19.60	0.190707	41.682
19.60	19.61	0.190724	41.786
19.60	19.61	0.190740	41.887
19.62	19.61	0.190757	41.981
19.62	19.61	0.190774	42.086
19.62	19.61	0.190790	42.185
19.62	19.61	0.190807	42.280
19.62	19.61	0.190824	42.385
19.62	19.62	0.190840	42.484
19.62	19.62	0.190857	42.579
19.62	19.62	0.190874	42.683
19.62	19.62	0.190890	42.778
19.62	19.62	0.190907	42.877
19.62	19.62	0.190924	42.982
19.62	19.62	0.190940	43.077
19.62	19.62	0.190957	43.177
19.62	19.62	0.190974	43.281
19.65	19.62	0.190990	43.377
19.65	19.62	0.191007	43.477
19.65	19.62	0.191024	43.579
19.65	19.63	0.191040	43.677
19.65	19.63	0.191057	43.777
19.65	19.63	0.191074	43.878
19.65	19.63	0.191090	43.978
19.65	19.63	0.191107	44.077
19.65	19.63	0.191124	44.178
19.65	19.63	0.191140	44.277
19.65	19.63	0.191157	44.377
19.65	19.63	0.191174	44.477
19.65	19.63	0.191190	44.577
19.65	19.63	0.191207	44.678
19.65	19.63	0.191223	44.778
19.62	19.63	0.191240	44.884
19.62	19.63	0.191257	44.978
19.62	19.62	0.191273	45.078
19.62	19.62	0.191290	45.178
19.62	19.62	0.191307	45.278
19.62	19.62	0.191323	45.378
19.62	19.62	0.191340	45.478
19.62	19.62	0.191357	45.579
19.62	19.62	0.191373	45.678
19.62	19.62	0.191390	45.778
19.62	19.62	0.191407	45.878
19.62	19.62	0.191423	45.978
19.62	19.62	0.191440	46.078
19.62	19.62	0.191457	46.178
19.62	19.62	0.191473	46.278
19.62	19.61	0.191490	46.378
19.62	19.61	0.191507	46.479
19.62	19.61	0.191523	46.578
19.62	19.61	0.191540	46.678
19.62	19.61	0.191557	46.778
19.62	19.61	0.191573	46.878
19.62	19.61	0.191590	46.983
19.62	19.61	0.191607	47.078
19.62	19.60	0.191623	47.179
19.62	19.60	0.191640	47.283
19.62	19.60	0.191657	47.380
19.62	19.60	0.191673	47.479
19.62	19.60	0.191690	47.583
19.62	19.60	0.191707	47.679
19.62	19.59	0.191723	47.779
19.62	19.59	0.191740	47.883
19.62	19.59	0.191757	47.979
19.62	19.59	0.191773	48.080
19.62	19.59	0.191790	48.183
19.62	19.59	0.191807	48.279
19.60	19.58	0.191823	48.379
19.60	19.58	0.191840	48.483
19.60	19.58	0.191857	48.579
19.60	19.58	0.191873	48.679
19.60	19.58	0.191890	48.782
19.60	19.58	0.191907	48.879
19.60	19.57	0.191923	49.003
19.57	19.57	0.191940	49.083
19.57	19.57	0.191957	49.178
19.57	19.57	0.191973	49.302
19.57	19.57	0.191990	49.407
19.57	19.57	0.192007	49.506
19.57	19.56	0.192023	49.602
19.57	19.56	0.192040	49.706
19.57	19.56	0.192056	49.806
19.54	19.56	0.192073	49.900
19.54	19.56	0.192090	50.005
19.54	19.56	0.192106	50.105
19.54	19.55	0.192123	50.199
19.54	19.55	0.192140	50.304
19.54	19.55	0.192156	50.403
19.54	19.55	0.192173	50.498
19.54	19.55	0.192190	50.602
19.54	19.55	0.192206	50.697
19.54	19.54	0.192223	50.797
19.54	19.54	0.192240	50.901
19.54	19.54	0.192256	50.996
19.54	19.54	0.192273	51.095
19.54	19.54	0.192290	51.200
19.54	19.54	0.192306	51.294
19.54	19.54	0.192323	51.394
19.54	19.54	0.192340	51.498
19.54	19.53	0.192356	51.593
19.54	19.53	0.192373	51.693
19.54	19.53	0.192390	51.798
19.54	19.53	0.192406	51.892
19.54	19.53	0.192423	51.992
19.54	19.53	0.192440	52.097
19.54	19.53	0.192456	52.191
19.52	19.53	0.192473	52.291
19.52	19.53	0.192490	52.396
19.52	19.53	0.192506	52.490
19.52	19.53	0.192523	52.590
19.52	19.52	0.192540	52.694
19.52	19.52	0.192556	52.789
19.52	19.52	0.192573	52.888
19.52	19.52	0.192590	52.993
19.52	19.52	0.192606	53.088
19.52	19.52	0.192623	53.187
19.52	19.52	0.192640	53.292
19.52	19.52	0.192656	53.386
19.52	19.52	0.192673	53.487
19.52	19.52	0.192690	53.590
19.52	19.52	0.192706	53.685
19.52	19.52	0.192723	53.786
19.52	19.52	0.192740	53.889
19.52	19.52	0.192756	53.984
19.52	19.52	0.192773	54.086
19.52	19.52	0.192790	54.188
19.52	19.52	0.192806	54.282
19.52	19.52	0.192823	54.386
19.52	19.52	0.192840	54.486
19.52	19.52	0.192856	54.581
19.52	19.53	0.192873	54.687
19.52	19.53	0.192889	54.786
19.52	19.53	0.192906	54.881
19.52	19.53	0.192923	54.985
19.52	19.53	0.192939	55.085
19.52	19.53	0.192956	55.180
19.52	19.53	0.192973	55.284
19.52	19.53	0.192989	55.383
19.52	19.53	0.193006	55.480
19.52	19.53	0.193023	55.583
19.52	19.54	0.193039	55.682
19.52	19.54	0.193056	55.780
19.52	19.54	0.193073	55.881
19.52	19.54	0.193089	55.982
19.52	19.54	0.193106	56.080
19.52	19.54	0.193123	56.180
19.52	19.54	0.193139	56.282
19.52	19.55	0.193156	56.380
19.52	19.55	0.193173	56.480
19.52	19.55	0.193189	56.581
19.52	19.55	0.193206	56.680
19.52	19.55	0.193223	56.780
19.52	19.56	0.193239	56.881
19.52	19.56	0.193256	56.981
19.52	19.56	0.193273	57.080
19.54	19.56	0.193289	57.182
19.54	19.57	0.193306	57.280
19.54	19.57	0.193323	57.380
19.54	19.57	0.193339	57.481
19.54	19.57	0.193356	57.580
19.54	19.58	0.193373	57.680
19.57	19.58	0.193389	57.781
19.57	19.58	0.193406	57.881
19.57	19.58	0.193423	57.980
19.57	19.59	0.193439	58.082
19.57	19.59	0.193456	58.180
19.60	19.59	0.193473	58.280
19.60	19.59	0.193489	58.381
19.60	19.60	0.193506	58.480
19.60	19.60	0.193523	58.580
19.60	19.60	0.193539	58.681
19.60	19.61	0.193556	58.781
19.60	19.61	0.193573	58.880
19.62	19.61	0.193589	58.981
19.62	19.62	0.193606	59.080
19.62	19.62	0.193623	59.180
19.62	19.62	0.193639	59.281
19.62	19.63	0.193656	59.380
19.62	19.63	0.193673	59.481
19.62	19.63	0.193689	59.581
19.62	19.64	0.193706	59.680
19.62	19.64	0.193722	59.780
19.65	19.64	0.193739	59.881
19.65	19.65	0.193756	59.980
19.65	19.65	0.193772	00.080
19.65	19.65	0.193789	00.181
19.65	19.66	0.193806	00.280
19.65	19.66	0.193822	00.381
19.65	19.66	0.193839	00.481
19.65	19.67	0.193856	00.580
19.65	19.67	0.193872	00.680
19.67	19.67	0.193889	00.781
19.67	19.68	0.193906	00.880
19.67	19.68	0.193922	00.980
19.67	19.68	0.193939	01.080
19.67	19.69	0.193956	01.180
19.67	19.69	0.193972	01.280
19.67	19.69	0.193989	01.381
19.67	19.70	0.194006	01.480
19.70	19.70	0.194022	01.604
19.70	19.71	0.194039	01.681
19.70	19.71	0.194056	01.808
19.70	19.71	0.194072	01.903
19.70	19.72	0.194089	01.981
19.70	19.72	0.194106	02.107
19.73	19.72	0.194122	02.202
19.73	19.73	0.194139	02.280
19.73	19.73	0.194156	02.406
19.73	19.73	0.194172	02.500
19.73	19.74	0.194189	02.581
19.73	19.74	0.194206	02.704
19.75	19.74	0.194222	02.800
19.75	19.75	0.194239	02.905
19.75	19.75	0.194256	03.004
19.75	19.75	0.194272	03.099
19.75	19.75	0.194289	03.203
19.75	19.76	0.194306	03.303
19.75	19.76	0.194322	03.397
19.75	19.76	0.194339	03.502
19.78	19.77	0.194356	03.601
19.78	19.77	0.194372	03.696
19.78	19.77	0.194389	03.801
19.78	19.78	0.194406	03.895
19.78	19.78	0.194422	03.995
19.78	19.78	0.194439	04.099
19.78	19.78	0.194456	04.194
19.78	19.79	0.194472	04.293
19.78	19.79	0.194489	04.398
19.78	19.79	0.194506	04.493
19.80	19.79	0.194522	04.592
19.80	19.80	0.194539	04.697
19.80	19.80	0.194555	04.791
19.80	19.80	0.194572	04.891
19.80	19.80	0.194589	04.995
19.80	19.81	0.194605	05.091
19.80	19.81	0.194622	05.190
19.80	19.81	0.194639	05.295
19.80	19.81	0.194655	05.390
19.80	19.81	0.194672	05.489
19.80	19.82	0.194689	05.594
19.83	19.82	0.194705	05.688
19.83	19.82	0.194722	05.788
19.83	19.82	0.194739	05.892
19.83	19.82	0.194755	05.987
19.83	19.82	0.194772	06.087
19.83	19.82	0.194789	06.191
19.83	19.83	0.194805	06.286
19.83	19.83	0.194822	06.385
19.83	19.83	0.194839	06.490
19.83	19.83	0.194855	06.584
19.83	19.83	0.194872	06.685
19.83	19.83	0.194889	06.788
19.86	19.83	0.194905	06.883
19.86	19.83	0.194922	06.985
19.86	19.84	0.194939	07.088
19.86	19.84	0.194955	07.183
19.86	19.84	0.194972	07.284
19.86	19.84	0.194989	07.387
19.86	19.84	0.195005	07.482
19.86	19.84	0.195022	07.585
19.86	19.84	0.195039	07.685
19.86	19.84	0.195055	07.782
19.86	19.84	0.195072	07.885
19.86	19.84	0.195089	07.984
19.86	19.84	0.195105	08.082
19.86	19.84	0.195122	08.183
19.86	19.84	0.195139	08.283
19.86	19.84	0.195155	08.382
19.86	19.84	0.195172	08.482
19.86	19.84	0.195189	08.583
19.86	19.84	0.195205	08.682
19.86	19.84	0.195222	08.782
19.86	19.84	0.195239	08.882
19.86	19.84	0.195255	08.982
19.86	19.84	0.195272	09.082
19.83	19.84	0.195289	09.182
19.83	19.84	0.195305	09.282
19.83	19.84	0.195322	09.382
19.83	19.84	0.195339	09.483
19.83	19.84	0.195355	09.582
19.83	19.83	0.195372	09.682
19.83	19.83	0.195388	09.782
19.83	19.83	0.195405	09.882
19.83	19.83	0.195422	09.982
19.83	19.83	0.195438	10.082
19.83	19.83	0.195455	10.182
19.83	19.83	0.195472	10.282
19.83	19.83	0.195488	10.382
19.83	19.83	0.195505	10.482
19.83	19.83	0.195522	10.582
19.83	19.82	0.195538	10.682
19.83	19.82	0.195555	10.782
19.83	19.82	0.195572	10.882
19.83	19.82	0.195588	10.982
19.83	19.82	0.195605	11.083
19.83	19.82	0.195622	11.182
19.83	19.82	0.195638	11.282
19.83	19.81	0.195655	11.382
19.83	19.81	0.195672	11.482
19.83	19.81	0.195688	11.582
19.83	19.81	0.195705	11.682
19.83	19.81	0.195722	11.782
19.83	19.81	0.195738	11.882
19.83	19.80	0.195755	11.983
19.83	19.80	0.195772	12.082
19.80	19.80	0.195788	12.182
19.80	19.80	0.195805	12.282
19.80	19.80	0.195822	12.382
19.80	19.80	0.195838	12.482
19.80	19.79	0.195855	12.582
19.80	19.79	0.195872	12.683
19.80	19.79	0.195888	12.782
19.80	19.79	0.195905	12.882
19.80	19.79	0.195922	12.982
19.80	19.79	0.195938	13.082
19.78	19.78	0.195955	13.182
19.78	19.78	0.195972	13.282
19.78	19.78	0.195988	13.382
19.78	19.78	0.196005	13.482
19.78	19.78	0.196022	13.583
19.78	19.78	0.196038	13.682
19.78	19.77	0.196055	13.782
19.78	19.77	0.196072	13.906
19.78	19.77	0.196088	14.006
19.78	19.77	0.196105	14.110
19.78	19.77	0.196122	14.205
19.78	19.77	0.196138	14.304
19.78	19.76	0.196155	14.409
19.78	19.76	0.196172	14.504
19.75	19.76	0.196188	14.604
19.75	19.76	0.196205	14.708
19.75	19.76	0.196221	14.802
19.75	19.76	0.196238	14.904
19.75	19.76	0.196255	15.006
19.75	19.75	0.196271	15.102
19.75	19.75	0.196288	15.203
19.75	19.75	0.196305	15.306
19.75	19.75	0.196321	15.401
19.75	19.75	0.196338	15.503
19.75	19.75	0.196355	15.605
19.75	19.75	0.196371	15.699
19.75	19.75	0.196388	15.804
19.75	19.74	0.196405	15.903
19.75	19.74	0.196421	15.998
19.75	19.74	0.196438	16.102
19.75	19.74	0.196455	16.202
19.75	19.74	0.196471	16.297
19.73	19.74	0.196488	16.401
19.73	19.74	0.196505	16.501
19.73	19.74	0.196521	16.595
19.73	19.74	0.196538	16.700
19.73	19.74	0.196555	16.799
19.73	19.74	0.196571	16.894
19.73	19.74	0.196588	16.999
19.73	19.74	0.196605	17.094
19.73	19.74	0.196621	17.193
19.73	19.74	0.196638	17.298
19.73	19.74	0.196655	17.392
19.73	19.74	0.196671	17.492
19.73	19.74	0.196688	17.596
19.73	19.74	0.196705	17.691
19.73	19.74	0.196721	17.791
19.73	19.74	0.196738	17.895
19.73	19.74	0.196755	17.990
19.73	19.74	0.196771	18.089
19.73	19.74	0.196788	18.194
19.73	19.74	0.196805	18.288
19.73	19.74	0.196821	18.388
19.73	19.74	0.196838	18.493
19.73	19.74	0.196855	18.587
19.73	19.74	0.196871	18.687
19.73	19.74	0.196888	18.792
19.73	19.74	0.196905	18.887
19.73	19.74	0.196921	18.986
19.73	19.74	0.196938	19.091
19.73	19.74	0.196955	19.185
19.73	19.74	0.196971	19.285
19.73	19.74	0.196988	19.390
19.73	19.75	0.197005	19.484
19.73	19.75	0.197021	19.584
19.73	19.75	0.197038	19.688
19.75	19.75	0.197054	19.783
19.75	19.75	0.197071	19.882
19.75	19.75	0.197088	19.987
19.75	19.75	0.197104	20.083
19.75	19.76	0.197121	20.183
19.75	19.76	0.197138	20.286
19.75	19.76	0.197154	20.382
19.75	19.76	0.197171	20.483
19.75	19.76	0.197188	20.584
19.75	19.77	0.197204	20.682
19.75	19.77	0.197221	20.782
19.75	19.77	0.197238	20.883
19.75	19.77	0.197254	20.983
19.75	19.77	0.197271	21.082
19.75	19.78	0.197288	21.183
19.75	19.78	0.197304	21.282
19.75	19.78	0.197321	21.382
19.75	19.78	0.197338	21.481
19.78	19.79	0.197354	21.582
19.78	19.79	0.197371	21.682
19.78	19.79	0.197388	21.782
19.78	19.79	0.197404	21.883
19.78	19.80	0.197421	21.983
19.78	19.80	0.197438	22.083
19.78	19.80	0.197454	22.183
19.78	19.81	0.197471	22.283
19.80	19.81	0.197488	22.383
19.80	19.81	0.197504	22.483
19.80	19.81	0.197521	22.584
19.80	19.82	0.197538	22.683
19.80	19.82	0.197554	22.783
19.80	19.82	0.197571	22.883
19.80	19.83	0.197588	22.983
19.83	19.83	0.197604	23.083
19.83	19.83	0.197621	23.183
19.83	19.84	0.197638	23.283
19.83	19.84	0.197654	23.383
19.83	19.84	0.197671	23.484
19.83	19.85	0.197688	23.583
19.86	19.85	0.197704	23.683
19.86	19.85	0.197721	23.783
19.86	19.86	0.197738	23.883
19.86	19.86	0.197754	23.983
19.86	19.86	0.197771	24.083
19.86	19.87	0.197788	24.183
19.86	19.87	0.197804	24.283
19.86	19.87	0.197821	24.383
19.88	19.88	0.197838	24.483
19.88	19.88	0.197854	24.583
19.88	19.88	0.197871	24.683
19.88	19.89	0.197887	24.783
19.88	19.89	0.197904	24.883
19.88	19.89	0.197921	24.983
19.88	19.90	0.197937	25.084
19.88	19.90	0.197954	25.183
19.88	19.90	0.197971	25.283
19.91	19.91	0.197987	25.383
19.91	19.91	0.198004	25.483
19.91	19.92	0.198021	25.583
19.91	19.92	0.198037	25.683
19.91	19.92	0.198054	25.783
19.91	19.93	0.198071	25.883
19.91	19.93	0.198087	25.984
19.93	19.93	0.198104	26.083
19.93	19.94	0.198121	26.183
19.93	19.94	0.198137	26.282
19.93	19.94	0.198154	26.383
19.93	19.95	0.198171	26.506
19.93	19.95	0.198187	26.606
19.93	19.95	0.198204	26.710
19.96	19.96	0.198221	26.806
19.96	19.96	0.198237	26.906
19.96	19.96	0.198254	27.010
19.96	19.97	0.198271	27.105
19.96	19.97	0.198287	27.204
19.96	19.97	0.198304	27.309
19.99	19.97	0.198321	27.403
19.99	19.98	0.198337	27.503
19.99	19.98	0.198354	27.607
19.99	19.98	0.198371	27.702
19.99	19.99	0.198387	27.802
19.99	19.99	0.198404	27.906
19.99	19.99	0.198421	28.001
19.99	19.99	0.198437	28.101
20.01	20.00	0.198454	28.205
20.01	20.00	0.198471	28.299
20.01	20.00	0.198487	28.402
20.01	20.00	0.198504	28.504
20.01	20.01	0.198521	28.598
20.01	20.01	0.198537	28.702
20.01	20.01	0.198554	28.802
20.01	20.01	0.198571	28.897
20.01	20.02	0.198587	29.001
20.01	20.02	0.198604	29.101
20.01	20.02	0.198621	29.196
20.01	20.02	0.198637	29.301
20.01	20.02	0.198654	29.401
20.01	20.03	0.198671	29.495
20.04	20.03	0.198687	29.600
20.04	20.03	0.198704	29.699
20.04	20.03	0.198720	29.794
20.04	20.03	0.198737	29.898
20.04	20.04	0.198754	29.998
20.04	20.04	0.198770	30.093
20.04	20.04	0.198787	30.197
20.04	20.04	0.198804	30.292
20.04	20.04	0.198820	30.391
20.04	20.04	0.198837	30.496
20.04	20.04	0.198854	30.590
20.04	20.04	0.198870	30.690
20.04	20.05	0.198887	30.794
20.06	20.05	0.198904	30.889
20.06	20.05	0.198920	30.989
20.06	20.05	0.198937	31.094
20.06	20.05	0.198954	31.189
20.06	20.05	0.198970	31.288
20.06	20.05	0.198987	31.393
20.06	20.05	0.199004	31.487
20.06	20.05	0.199020	31.587
20.06	20.05	0.199037	31.692
20.06	20.05	0.199054	31.786
20.06	20.05	0.199070	31.886
20.06	20.05	0.199087	31.990
20.06	20.05	0.199104	32.084
20.06	20.05	0.199120	32.184
20.06	20.05	0.199137	32.288
20.06	20.05	0.199154	32.384
20.06	20.05	0.199170	32.484
20.06	20.05	0.199187	32.588
20.06	20.05	0.199204	32.683
20.09	20.05	0.199220	32.783
20.09	20.05	0.199237	32.887
20.09	20.05	0.199254	32.983
20.09	20.05	0.199270	33.083
20.09	20.05	0.199287	33.185
20.09	20.05	0.199304	33.283
20.06	20.05	0.199320	33.384
20.06	20.05	0.199337	33.484
20.06	20.05	0.199354	33.583
20.06	20.05	0.199370	33.683
20.06	20.05	0.199387	33.783
20.06	20.05	0.199404	33.883
20.06	20.04	0.199420	33.983
20.06	20.04	0.199437	34.084
20.06	20.04	0.199454	34.183
20.06	20.04	0.199470	34.283
20.06	20.04	0.199487	34.383
20.06	20.04	0.199504	34.483
20.06	20.04	0.199520	34.583
20.06	20.04	0.199537	34.683
20.04	20.04	0.199553	34.783
20.04	20.03	0.199570	34.883
20.04	20.03	0.199587	34.984
20.04	20.03	0.199603	35.083
20.04	20.03	0.199620	35.183
20.04	20.03	0.199637	35.283
20.04	20.03	0.199653	35.383
20.04	20.03	0.199670	35.483
20.04	20.02	0.199687	35.583
20.04	20.02	0.199703	35.683
20.04	20.02	0.199720	35.783
20.04	20.02	0.199737	35.883
20.01	20.02	0.199753	35.983
20.01	20.02	0.199770	36.083
20.01	20.01	0.199787	36.183
20.01	20.01	0.199803	36.283
20.01	20.01	0.199820	36.383
20.01	20.01	0.199837	36.483
20.01	20.01	0.199853	36.584
20.01	20.01	0.199870	36.683
20.01	20.00	0.199887	36.783
20.01	20.00	0.199903	36.883
20.01	20.00	0.199920	36.983
20.01	20.00	0.199937	37.083
20.01	20.00	0.199953	37.183
20.01	20.00	0.199970	37.283
20.01	19.99	0.199987	37.383
19.99	19.99	0.200003	37.483
19.99	19.99	0.200020	37.583
19.99	19.99	0.200037	37.683
19.99	19.99	0.200053	37.783
19.99	19.99	0.200070	37.883
19.99	19.98	0.200087	37.983
19.99	19.98	0.200103	38.082
19.99	19.98	0.200120	38.184
19.99	19.98	0.200137	38.283
19.99	19.98	0.200153	38.383
19.99	19.98	0.200170	38.483
19.99	19.97	0.200187	38.583
19.99	19.97	0.200203	38.683
19.99	19.97	0.200220	38.783
19.99	19.97	0.200237	38.883
19.96	19.97	0.200253	38.983
19.96	19.97	0.200270	39.107
19.96	19.97	0.200287	39.207
19.96	19.96	0.200303	39.312
19.96	19.96	0.200320	39.406
19.96	19.96	0.200337	39.506
19.96	19.96	0.200353	39.610
19.96	19.96	0.200370	39.705
19.96	19.96	0.200386	39.804
19.96	19.96	0.200403	39.909
19.96	19.96	0.200420	40.004
19.96	19.96	0.200436	40.103
19.96	19.96	0.200453	40.208
19.96	19.95	0.200470	40.302
19.96	19.95	0.200486	40.403
19.96	19.95	0.200503	40.507
19.96	19.95	0.200520	40.602
19.93	19.95	0.200536	40.701
19.93	19.95	0.200553	40.806
19.93	19.95	0.200570	40.901
19.93	19.95	0.200586	41.000
19.93	19.95	0.200603	41.105
19.93	19.95	0.200620	41.199
19.93	19.95	0.200636	41.300
19.93	19.95	0.200653	41.403
19.93	19.95	0.200670	41.498
19.93	19.95	0.200686	41.599
19.93	19.95	0.200703	41.702
19.93	19.95	0.200720	41.797
19.93	19.95	0.200736	41.899
19.93	19.95	0.200753	42.001
19.93	19.95	0.200770	42.095
19.93	19.95	0.200786	42.200
19.93	19.95	0.200803	42.299
19.96	19.95	0.200820	42.395
19.96	19.95	0.200836	42.500
19.96	19.95	0.200853	42.599
19.96	19.95	0.200870	42.694
19.96	19.95	0.200886	42.798
19.96	19.95	0.200903	42.898
19.96	19.95	0.200920	42.992
19.96	19.96	0.200936	43.097
19.96	19.96	0.200953	43.196
19.96	19.96	0.200970	43.291
19.96	19.96	0.200986	43.396
19.96	19.96	0.201003	43.495
19.96	19.96	0.201020	43.590
19.96	19.96	0.201036	43.694
19.96	19.96	0.201053	43.789
19.96	19.96	0.201070	43.888
19.96	19.97	0.201086	43.993
19.96	19.97	0.201103	44.088
19.96	19.97	0.201120	44.187
19.96	19.97	0.201136	44.292
19.96	19.97	0.201153	44.386
19.96	19.98	0.201170	44.486
19.96	19.98	0.201186	44.590
19.96	19.98	0.201203	44.685
19.96	19.98	0.201219	44.785
19.96	19.98	0.201236	44.889
19.96	19.99	0.201253	44.984
19.96	19.99	0.201269	45.084
19.99	19.99	0.201286	45.189
19.99	19.99	0.201303	45.284
19.99	19.99	0.201319	45.384
19.99	20.00	0.201336	45.487
19.99	20.00	0.201353	45.584
19.99	20.00	0.201369	45.685
19.99	20.00	0.201386	45.786
19.99	20.01	0.201403	45.884
19.99	20.01	0.201419	45.984
19.99	20.01	0.201436	46.085
20.01	20.02	0.201453	46.184
20.01	20.02	0.201469	46.284
20.01	20.02	0.201486	46.385
20.01	20.02	0.201503	46.484
20.01	20.03	0.201519	46.584
20.01	20.03	0.201536	46.684
20.01	20.03	0.201553	46.784
20.01	20.04	0.201569	46.884
20.01	20.04	0.201586	46.984
20.01	20.04	0.201603	47.084
20.04	20.05	0.201619	47.184
20.04	20.05	0.201636	47.285
20.04	20.05	0.201653	47.384
20.04	20.06	0.201669	47.484
20.04	20.06	0.201686	47.584
20.04	20.06	0.201703	47.684
20.04	20.07	0.201719	47.784
20.06	20.07	0.201736	47.884
20.06	20.07	0.201753	47.984
20.06	20.08	0.201769	48.084
20.06	20.08	0.201786	48.183
20.06	20.08	0.201803	48.284
20.06	20.09	0.201819	48.384
20.09	20.09	0.201836	48.484
20.09	20.09	0.201853	48.584
20.09	20.10	0.201869	48.684
20.09	20.10	0.201886	48.784
20.09	20.10	0.201903	48.885
20.09	20.11	0.201919	48.984
20.12	20.11	0.201936	49.084
20.12	20.11	0.201953	49.184
20.12	20.12	0.201969	49.284
20.12	20.12	0.201986	49.384
20.12	20.13	0.202003	49.484
20.12	20.13	0.202019	49.584
20.12	20.13	0.202036	49.684
20.14	20.14	0.202052	49.785
20.14	20.14	0.202069	49.884
20.14	20.14	0.202086	49.984
20.14	20.15	0.202102	50.084
20.14	20.15	0.202119	50.184
20.14	20.15	0.202136	50.284
20.14	20.16	0.202152	50.384
20.14	20.16	0.202169	50.484
20.14	20.16	0.202186	50.584
20.17	20.17	0.202202	50.685
20.17	20.17	0.202219	50.784
20.17	20.17	0.202236	50.884
20.17	20.18	0.202252	50.984
20.17	20.18	0.202269	51.084
20.17	20.18	0.202286	51.184
20.17	20.18	0.202302	51.283
20.19	20.19	0.202319	51.385
20.19	20.19	0.202336	51.484
20.19	20.19	0.202352	51.584
20.19	20.20	0.202369	51.708
20.19	20.20	0.202386	51.783
20.19	20.20	0.202402	51.912
20.19	20.20	0.202419	52.007
20.22	20.21	0.202436	52.106
20.22	20.21	0.202452	52.211
20.22	20.21	0.202469	52.306
20.22	20.22	0.202486	52.405
20.22	20.22	0.202502	52.510
20.22	20.22	0.202519	52.604
20.22	20.22	0.202536	52.704
20.22	20.23	0.202552	52.808
20.25	20.23	0.202569	52.904
20.25	20.23	0.202586	53.003
20.25	20.23	0.202602	53.108
20.25	20.23	0.202619	53.203
20.25	20.24	0.202636	53.302
20.25	20.24	0.202652	53.407
20.25	20.24	0.202669	53.501
20.25	20.24	0.202686	53.601
20.25	20.24	0.202702	53.705
20.25	20.25	0.202719	53.800
20.25	20.25	0.202736	53.899
20.25	20.25	0.202752	54.004
20.27	20.25	0.202769	54.099
20.27	20.25	0.202786	54.198
20.27	20.25	0.202802	54.303
20.27	20.25	0.202819	54.397
20.27	20.26	0.202836	54.498
20.27	20.26	0.202852	54.601
20.27	20.26	0.202869	54.696
20.27	20.26	0.202885	54.798
20.27	20.26	0.202902	54.900
20.27	20.26	0.202919	54.995
20.27	20.26	0.202935	55.098
20.27	20.26	0.202952	55.199
20.27	20.26	0.202969	55.294
20.27	20.26	0.202985	55.398
20.27	20.26	0.203002	55.498
20.27	20.26	0.203019	55.593
20.27	20.27	0.203035	55.698
20.27	20.27	0.203052	55.797
20.27	20.27	0.203069	55.892
20.27	20.27	0.203085	55.996
20.27	20.27	0.203102	56.096
20.27	20.27	0.203119	56.190
20.27	20.27	0.203135	56.295
20.27	20.27	0.203152	56.395
20.27	20.27	0.203169	56.489
20.27	20.27	0.203185	56.594
20.27	20.27	0.203202	56.693
20.27	20.27	0.203219	56.788
20.27	20.27	0.203235	56.892
20.27	20.27	0.203252	56.987
20.27	20.26	0.203269	57.087
20.30	20.26	0.203285	57.191
20.30	20.26	0.203302	57.286
20.30	20.26	0.203319	57.386
20.30	20.26	0.203335	57.491
20.30	20.26	0.203352	57.585
20.30	20.26	0.203369	57.685
20.30	20.26	0.203385	57.789
20.27	20.26	0.203402	57.885
20.27	20.26	0.203419	57.986
20.27	20.26	0.203435	58.088
20.27	20.26	0.203452	58.185
20.27	20.26	0.203469	58.285
20.27	20.25	0.203485	58.387
20.27	20.25	0.203502	58.485
20.27	20.25	0.203519	58.585
20.27	20.25	0.203535	58.686
20.25	20.25	0.203552	58.785
20.25	20.25	0.203569	58.885
20.25	20.25	0.203585	58.985
20.25	20.25	0.203602	59.085
20.25	20.24	0.203619	59.185
20.25	20.24	0.203635	59.285
20.25	20.24	0.203652	59.385
20.25	20.24	0.203669	59.485
20.25	20.24	0.203685	59.586
20.25	20.24	0.203702	59.685
20.25	20.23	0.203718	59.785
20.25	20.23	0.203735	59.885
20.22	20.23	0.203752	59.985
20.22	20.23	0.203768	00.085
20.22	20.23	0.203785	00.185
20.22	20.23	0.203802	00.285
20.22	20.22	0.203818	00.385
20.22	20.22	0.203835	00.485
20.22	20.22	0.203852	00.585
20.22	20.22	0.203868	00.685
20.22	20.22	0.203885	00.785
20.22	20.22	0.203902	00.885
20.22	20.21	0.203918	00.985
20.22	20.21	0.203935	01.085
20.22	20.21	0.203952	01.186
20.22	20.21	0.203968	01.285
20.22	20.21	0.203985	01.385
20.22	20.21	0.204002	01.485
20.22	20.20	0.204018	01.585
20.22	20.20	0.204035	01.685
20.19	20.20	0.204052	01.785
20.19	20.20	0.204068	01.885
20.19	20.20	0.204085	01.985
20.19	20.20	0.204102	02.086
20.19	20.19	0.204118	02.185
20.19	20.19	0.204135	02.285
20.19	20.19	0.204152	02.385
20.19	20.19	0.204168	02.485
20.19	20.19	0.204185	02.585
20.19	20.19	0.204202	02.685
20.19	20.18	0.204218	02.786
20.19	20.18	0.204235	02.885
20.19	20.18	0.204252	02.985
20.19	20.18	0.204268	03.085
20.19	20.18	0.204285	03.185
20.19	20.18	0.204302	03.285
20.19	20.18	0.204318	03.385
20.19	20.18	0.204335	03.485
20.19	20.17	0.204352	03.585
20.19	20.17	0.204368	03.686
20.19	20.17	0.204385	03.785
20.19	20.17	0.204402	03.885
20.19	20.17	0.204418	03.985
20.19	20.17	0.204435	04.085
20.17	20.17	0.204452	04.214
20.17	20.17	0.204468	04.314
20.17	20.17	0.204485	04.408
20.17	20.17	0.204502	04.513
20.17	20.17	0.204518	04.612
20.17	20.16	0.204535	04.707
20.17	20.16	0.204551	04.812
20.17	20.16	0.204568	04.906
20.17	20.16	0.204585	05.006
20.14	20.16	0.204601	05.110
20.14	20.16	0.204618	05.205
20.14	20.16	0.204635	05.304
20.14	20.16	0.204651	05.409
20.14	20.16	0.204668	05.504
20.14	20.16	0.204685	05.604
20.14	20.16	0.204701	05.709
20.14	20.16	0.204718	05.802
20.14	20.16	0.204735	05.903
20.14	20.16	0.204751	06.007
20.14	20.16	0.204768	06.102
20.14	20.16	0.204785	06.201
20.14	20.16	0.204801	06.306
20.14	20.16	0.204818	06.401
20.14	20.16	0.204835	06.500
20.14	20.16	0.204851	06.605
20.17	20.17	0.204868	06.699
20.17	20.17	0.204885	06.799
20.17	20.17	0.204901	06.903
20.17	20.17	0.204918	06.998
20.17	20.17	0.204935	07.098
20.17	20.17	0.204951	07.202
20.17	20.17	0.204968	07.297
20.17	20.17	0.204985	07.396
20.17	20.17	0.205001	07.501
20.17	20.17	0.205018	07.595
20.17	20.18	0.205035	07.696
20.17	20.18	0.205051	07.800
20.17	20.18	0.205068	07.894
20.17	20.18	0.205085	07.996
20.17	20.18	0.205101	08.099
20.17	20.18	0.205118	08.194
20.17	20.18	0.205135	08.296
20.17	20.19	0.205151	08.398
20.17	20.19	0.205168	08.492
20.17	20.19	0.205185	08.596
20.17	20.19	0.205201	08.697
20.17	20.19	0.205218	08.791
20.17	20.20	0.205235	08.896
20.19	20.20	0.205251	08.995
20.19	20.20	0.205268	09.090
20.19	20.20	0.205285	09.194
20.19	20.21	0.205301	09.294
20.19	20.21	0.205318	09.389
20.19	20.21	0.205335	09.493
20.19	20.21	0.205351	09.593
20.19	20.22	0.205368	09.687
20.19	20.22	0.205384	09.792
20.19	20.22	0.205401	09.891
20.22	20.22	0.205418	09.986
20.22	20.23	0.205434	10.090
20.22	20.23	0.205451	10.186
20.22	20.23	0.205468	10.287
20.22	20.23	0.205484	10.390
20.22	20.24	0.205501	10.486
20.22	20.24	0.205518	10.586
20.25	20.24	0.205534	10.689
20.25	20.25	0.205551	10.786
20.25	20.25	0.205568	10.886
20.25	20.25	0.205584	10.987
20.25	20.26	0.205601	11.091
20.25	20.26	0.205618	11.188
20.25	20.26	0.205634	11.287
20.25	20.27	0.205651	11.391
20.27	20.27	0.205668	11.487
20.27	20.27	0.205684	11.587
20.27	20.28	0.205701	11.691
20.27	20.28	0.205718	11.787
20.27	20.28	0.205734	11.888
20.27	20.29	0.205751	11.991
20.27	20.29	0.205768	12.087
20.27	20.29	0.205784	12.187
20.27	20.30	0.205801	12.291
20.30	20.30	0.205818	12.387
20.30	20.30	0.205834	12.487
20.30	20.31	0.205851	12.590
20.30	20.31	0.205868	12.687
20.30	20.31	0.205884	12.788
20.30	20.32	0.205901	12.891
20.30	20.32	0.205918	12.987
20.32	20.32	0.205934	13.088
20.32	20.33	0.205951	13.191
20.32	20.33	0.205968	13.288
20.32	20.33	0.205984	13.388
20.32	20.34	0.206001	13.490
20.32	20.34	0.206018	13.588
20.32	20.35	0.206034	13.689
20.35	20.35	0.206051	13.791
20.35	20.35	0.206068	13.888
20.35	20.36	0.206084	13.988
20.35	20.36	0.206101	14.091
20.35	20.36	0.206118	14.188
20.35	20.37	0.206134	14.288
20.38	20.37	0.206151	14.391
20.38	20.37	0.206168	14.488
20.38	20.38	0.206184	14.588
20.38	20.38	0.206201	14.691
20.38	20.38	0.206217	14.788
20.38	20.39	0.206234	14.888
20.38	20.39	0.206251	14.991
20.40	20.39	0.206267	15.089
20.40	20.39	0.206284	15.188
20.40	20.40	0.206301	15.291
20.40	20.40	0.206317	15.389
20.40	20.40	0.206334	15.489
20.40	20.41	0.206351	15.590
20.40	20.41	0.206367	15.689
20.40	20.41	0.206384	15.789
20.40	20.42	0.206401	15.891
20.43	20.42	0.206417	16.018
20.43	20.42	0.206434	16.113
20.43	20.42	0.206451	16.191
20.43	20.43	0.206467	16.317
20.43	20.43	0.206484	16.412
20.43	20.43	0.206501	16.490
20.43	20.43	0.206517	16.616
20.43	20.44	0.206534	16.710
20.43	20.44	0.206551	16.815
20.45	20.44	0.206567	16.914
20.45	20.44	0.206584	17.009
20.45	20.45	0.206601	17.114
20.45	20.45	0.206617	17.213
20.45	20.45	0.206634	17.308
20.45	20.45	0.206651	17.412
20.45	20.45	0.206667	17.512
20.45	20.46	0.206684	17.606
20.45	20.46	0.206701	17.711
20.45	20.46	0.206717	17.811
20.48	20.46	0.206734	17.905
20.48	20.46	0.206751	18.010
20.48	20.46	0.206767	18.104
20.48	20.46	0.206784	18.205
20.48	20.47	0.206801	18.309
20.48	20.47	0.206817	18.404
20.48	20.47	0.206834	18.503
20.48	20.47	0.206851	18.608
20.48	20.47	0.206867	18.703
20.48	20.47	0.206884	18.802
20.48	20.47	0.206901	18.907
20.48	20.47	0.206917	19.001
20.48	20.48	0.206934	19.101
20.48	20.48	0.206951	19.205
20.48	20.48	0.206967	19.300
20.50	20.48	0.206984	19.400
20.50	20.48	0.207001	19.504
20.50	20.48	0.207017	19.599
20.50	20.48	0.207034	19.698
20.50	20.48	0.207050	19.803
20.50	20.48	0.207067	19.897
20.50	20.48	0.207084	19.997
20.50	20.48	0.207100	20.101
20.50	20.48	0.207117	20.196
20.50	20.48	0.207134	20.297
20.50	20.48	0.207150	20.401
20.50	20.48	0.207167	20.496
20.50	20.48	0.207184	20.595
20.50	20.48	0.207200	20.700
20.50	20.48	0.207217	20.794
20.50	20.48	0.207234	20.894
20.50	20.48	0.207250	20.998
20.50	20.48	0.207267	21.093
20.50	20.48	0.207284	21.195
20.50	20.48	0.207300	21.297
20.48	20.48	0.207317	21.392
20.48	20.48	0.207334	21.494
20.48	20.48	0.207350	21.596
20.48	20.47	0.207367	21.690
20.48	20.47	0.207384	21.794
20.48	20.47	0.207400	21.895
20.48	20.47	0.207417	21.990
20.48	20.47	0.207434	22.094
20.48	20.47	0.207450	22.193
20.48	20.47	0.207467	22.290
20.48	20.47	0.207484	22.392
20.48	20.47	0.207500	22.492
20.48	20.47	0.207517	22.590
20.48	20.46	0.207534	22.692
20.48	20.46	0.207550	22.792
20.48	20.46	0.207567	22.890
20.48	20.46	0.207584	22.991
20.48	20.46	0.207600	23.090
20.45	20.46	0.207617	23.190
20.45	20.46	0.207634	23.290
20.45	20.45	0.207650	23.390
20.45	20.45	0.207667	23.491
20.45	20.45	0.207684	23.590
20.45	20.45	0.207700	23.690
20.45	20.45	0.207717	23.789
20.45	20.45	0.207734	23.890
20.45	20.44	0.207750	23.990
20.45	20.44	0.207767	24.090
20.45	20.44	0.207784	24.190
20.45	20.44	0.207800	24.290
20.45	20.44	0.207817	24.391
20.45	20.44	0.207834	24.490
20.45	20.43	0.207850	24.590
20.45	20.43	0.207867	24.690
20.45	20.43	0.207883	24.790
20.45	20.43	0.207900	24.890
20.45	20.43	0.207917	24.990
20.43	20.43	0.207933	25.090
20.43	20.42	0.207950	25.190
20.43	20.42	0.207967	25.291
20.43	20.42	0.207983	25.390
20.43	20.42	0.208000	25.490
20.43	20.42	0.208017	25.590
20.43	20.42	0.208033	25.690
20.43	20.41	0.208050	25.790
20.43	20.41	0.208067	25.890
20.43	20.41	0.208083	25.990
20.40	20.41	0.208100	26.090
20.40	20.41	0.208117	26.190
20.40	20.41	0.208133	26.290
20.40	20.40	0.208150	26.390
20.40	20.40	0.208167	26.490
20.40	20.40	0.208183	26.590
20.40	20.40	0.208200	26.690
20.40	20.40	0.208217	26.790
20.40	20.40	0.208233	26.890
20.40	20.40	0.208250	26.990
20.40	20.39	0.208267	27.090
20.40	20.39	0.208283	27.190
20.40	20.39	0.208300	27.290
20.38	20.39	0.208317	27.390
20.38	20.39	0.208333	27.490
20.38	20.39	0.208350	27.591
20.38	20.39	0.208367	27.690
20.38	20.39	0.208383	27.790
20.38	20.38	0.208400	27.891
20.38	20.38	0.208417	27.990
20.38	20.38	0.208433	28.090
20.38	20.38	0.208450	28.190
20.38	20.38	0.208467	28.319
20.38	20.38	0.208483	28.414
20.38	20.38	0.208500	28.514
20.38	20.38	0.208517	28.618
20.38	20.38	0.208533	28.713
20.38	20.38	0.208550	28.813
20.38	20.38	0.208567	28.918
20.38	20.38	0.208583	29.012
20.38	20.38	0.208600	29.113
20.38	20.38	0.208617	29.216
20.38	20.38	0.208633	29.311
20.38	20.38	0.208650	29.414
20.38	20.38	0.208667	29.515
20.38	20.38	0.208683	29.610
20.38	20.38	0.208700	29.713
20.38	20.38	0.208716	29.814
20.38	20.38	0.208733	29.908
20.35	20.38	0.208750	30.013
20.35	20.38	0.208766	30.112
20.35	20.38	0.208783	30.207
20.35	20.38	0.208800	30.312
20.35	20.38	0.208816	30.411
20.35	20.38	0.208833	30.506
20.35	20.38	0.208850	30.610
20.35	20.38	0.208866	30.710
20.35	20.38	0.208883	30.804
20.38	20.38	0.208900	30.910
20.38	20.38	0.208916	31.010
20.38	20.38	0.208933	31.104
20.38	20.38	0.208950	31.209
20.38	20.38	0.208966	31.303
20.38	20.38	0.208983	31.403
20.38	20.39	0.209000	31.507
20.38	20.39	0.209016	31.602
20.38	20.39	0.209033	31.702
20.38	20.39	0.209050	31.806
20.38	20.39	0.209066	31.901
20.38	20.39	0.209083	32.000
20.38	20.39	0.209100	32.105
20.38	20.40	0.209116	32.200
20.38	20.40	0.209133	32.299
20.38	20.40	0.209150	32.403
20.38	20.40	0.209166	32.498
20.40	20.40	0.209183	32.598
20.40	20.41	0.209200	32.702
20.40	20.41	0.209216	32.797
20.40	20.41	0.209233	32.896
20.40	20.41	0.209250	33.001
20.40	20.41	0.209266	33.095
20.40	20.42	0.209283	33.195
20.40	20.42	0.209300	33.300
20.40	20.42	0.209316	33.395
20.40	20.42	0.209333	33.495
20.40	20.43	0.209350	33.599
20.43	20.43	0.209366	33.694
20.43	20.43	0.209383	33.793
20.43	20.43	0.209400	33.898
20.43	20.44	0.209416	33.992
20.43	20.44	0.209433	34.092
20.43	20.44	0.209450	34.197
20.43	20.45	0.209466	34.292
20.43	20.45	0.209483	34.392
20.43	20.45	0.209500	34.495
20.45	20.45	0.209516	34.592
20.45	20.46	0.209533	34.692
20.45	20.46	0.209549	34.794
20.45	20.46	0.209566	34.893
20.45	20.47	0.209583	34.992
20.45	20.47	0.209599	35.093
20.45	20.47	0.209616	35.192
20.45	20.48	0.209633	35.292
20.45	20.48	0.209649	35.392
20.48	20.48	0.209666	35.492
20.48	20.49	0.209683	35.592
20.48	20.49	0.209699	35.692
20.48	20.49	0.209716	35.793
20.48	20.50	0.209733	35.892
20.48	20.50	0.209749	35.992
20.48	20.50	0.209766	36.092
20.50	20.51	0.209783	36.192
20.50	20.51	0.209799	36.292
20.50	20.51	0.209816	36.392
20.50	20.52	0.209833	36.492
20.50	20.52	0.209849	36.592
20.50	20.52	0.209866	36.693
20.50	20.53	0.209883	36.792
20.50	20.53	0.209899	36.892
20.53	20.53	0.209916	36.992
20.53	20.54	0.209933	37.092
20.53	20.54	0.209949	37.192
20.53	20.54	0.209966	37.292
20.53	20.55	0.209983	37.393
20.53	20.55	0.209999	37.491
20.56	20.56	0.210016	37.592
20.56	20.56	0.210033	37.692
20.56	20.56	0.210049	37.792
20.56	20.57	0.210066	37.892
20.56	20.57	0.210083	37.992
20.56	20.57	0.210099	38.092
20.56	20.58	0.210116	38.192
20.58	20.58	0.210133	38.293
20.58	20.58	0.210149	38.392
20.58	20.59	0.210166	38.492
20.58	20.59	0.210183	38.592
20.58	20.59	0.210199	38.692
20.58	20.60	0.210216	38.792
20.58	20.60	0.210233	38.892
20.61	20.60	0.210249	38.992
20.61	20.61	0.210266	39.092
20.61	20.61	0.210283	39.192
20.61	20.61	0.210299	39.292
20.61	20.61	0.210316	39.392
20.61	20.62	0.210333	39.492
20.61	20.62	0.210349	39.592
20.61	20.62	0.210366	39.692
20.63	20.63	0.210382	39.792
20.63	20.63	0.210399	39.893
20.63	20.63	0.210416	39.992
20.63	20.63	0.210432	40.092
20.63	20.64	0.210449	40.192
20.63	20.64	0.210466	40.292
20.63	20.64	0.210482	40.392
20.66	20.64	0.210499	40.492
20.66	20.65	0.210516	40.621
20.66	20.65	0.210532	40.716
20.66	20.65	0.210549	40.815
20.66	20.65	0.210566	40.921
20.66	20.66	0.210582	41.016
20.66	20.66	0.210599	41.114
20.66	20.66	0.210616	41.219
20.66	20.66	0.210632	41.314
20.66	20.66	0.210649	41.414
20.66	20.67	0.210666	41.518
20.68	20.67	0.210682	41.613
20.68	20.67	0.210699	41.713
20.68	20.67	0.210716	41.817
20.68	20.67	0.210732	41.912
20.68	20.68	0.210749	42.011
20.68	20.68	0.210766	42.116
20.68	20.68	0.210782	42.210
20.68	20.68	0.210799	42.311
20.68	20.68	0.210816	42.415
20.68	20.68	0.210832	42.509
20.68	20.68	0.210849	42.612
20.68	20.68	0.210866	42.713
20.68	20.69	0.210882	42.808
20.68	20.69	0.210899	42.911
20.68	20.69	0.210916	43.012
20.71	20.69	0.210932	43.106
20.71	20.69	0.210949	43.211
20.71	20.69	0.210966	43.312
20.71	20.69	0.210982	43.406
20.71	20.69	0.210999	43.511
20.71	20.69	0.211016	43.610
20.71	20.69	0.211032	43.705
20.71	20.69	0.211049	43.809
20.71	20.69	0.211066	43.909
20.71	20.69	0.211082	44.004
20.71	20.69	0.211099	44.108
20.71	20.69	0.211116	44.208
20.71	20.69	0.211132	44.302
20.71	20.69	0.211149	44.407
20.71	20.69	0.211166	44.506
20.71	20.69	0.211182	44.601
20.71	20.69	0.211199	44.705
20.71	20.69	0.211215	44.800
20.71	20.69	0.211232	44.900
20.71	20.69	0.211249	45.004
20.71	20.69	0.211265	45.099
20.71	20.69	0.211282	45.198
20.68	20.69	0.211299	45.303
20.68	20.69	0.211315	45.397
20.68	20.69	0.211332	45.497
20.68	20.69	0.211349	45.602
20.68	20.69	0.211365	45.696
20.68	20.69	0.211382	45.796
20.68	20.69	0.211399	45.901
20.68	20.68	0.211415	45.996
20.68	20.68	0.211432	46.095
20.68	20.68	0.211449	46.200
20.68	20.68	0.211465	46.294
20.68	20.68	0.211482	46.394
20.68	20.68	0.211499	46.499
20.68	20.68	0.211515	46.593
20.68	20.68	0.211532	46.693
20.68	20.68	0.211549	46.797
20.68	20.67	0.211565	46.893
20.68	20.67	0.211582	46.993
20.68	20.67	0.211599	47.096
20.68	20.67	0.211615	47.193
20.68	20.67	0.211632	47.293
20.68	20.67	0.211649	47.395
20.68	20.67	0.211665	47.493
20.68	20.66	0.211682	47.593
20.68	20.66	0.211699	47.693
20.68	20.66	0.211715	47.793
20.68	20.66	0.211732	47.893
20.68	20.66	0.211749	47.993
20.68	20.66	0.211765	48.094
20.68	20.65	0.211782	48.193
20.68	20.65	0.211799	48.293
20.68	20.65	0.211815	48.393
20.68	20.65	0.211832	48.493
20.68	20.65	0.211849	48.593
20.68	20.65	0.211865	48.693
20.68	20.64	0.211882	48.793
20.66	20.64	0.211899	48.893
20.66	20.64	0.211915	48.994
20.66	20.64	0.211932	49.093
20.66	20.64	0.211949	49.193
20.66	20.64	0.211965	49.293
20.66	20.63	0.211982	49.393
20.66	20.63	0.211999	49.493
20.66	20.63	0.212015	49.593
20.63	20.63	0.212032	49.694
20.63	20.63	0.212048	49.793
20.63	20.63	0.212065	49.893
20.63	20.62	0.212082	49.993
20.63	20.62	0.212098	50.093
20.63	20.62	0.212115	50.193
20.63	20.62	0.212132	50.293
20.63	20.62	0.212148	50.393
20.63	20.62	0.212165	50.493
20.61	20.61	0.212182	50.594
20.61	20.61	0.212198	50.693
20.61	20.61	0.212215	50.793
20.61	20.61	0.212232	50.893
20.61	20.61	0.212248	50.993
20.61	20.61	0.212265	51.093
20.61	20.61	0.212282	51.193
20.61	20.60	0.212298	51.293
20.61	20.60	0.212315	51.393
20.61	20.60	0.212332	51.494
20.61	20.60	0.212348	51.593
20.58	20.60	0.212365	51.693
20.58	20.60	0.212382	51.793
20.58	20.60	0.212398	51.893
20.58	20.60	0.212415	51.993
20.58	20.60	0.212432	52.093
20.58	20.60	0.212448	52.193
20.58	20.59	0.212465	52.293
20.58	20.59	0.212482	52.393
20.58	20.59	0.212498	52.493
20.58	20.59	0.212515	52.593
20.58	20.59	0.212532	52.693
20.58	20.59	0.212548	52.793
20.58	20.59	0.212565	52.893
20.58	20.59	0.212582	52.993
20.58	20.59	0.212598	53.117
20.58	20.59	0.212615	53.222
20.58	20.59	0.212632	53.317
20.58	20.59	0.212648	53.416
20.58	20.59	0.212665	53.521
20.58	20.59	0.212682	53.615
20.58	20.59	0.212698	53.715
20.58	20.59	0.212715	53.820
20.58	20.59	0.212732	53.914
20.58	20.59	0.212748	54.015
20.58	20.59	0.212765	54.119
20.58	20.59	0.212782	54.214
20.58	20.59	0.212798	54.313
20.58	20.59	0.212815	54.418
20.58	20.59	0.212832	54.512
20.58	20.59	0.212848	54.612
20.58	20.59	0.212865	54.716
20.58	20.59	0.212881	54.811
20.58	20.59	0.212898	54.911
20.58	20.59	0.212915	55.015
20.58	20.60	0.212931	55.110
20.58	20.60	0.212948	55.209
20.58	20.60	0.212965	55.314
20.58	20.60	0.212981	55.408
20.58	20.60	0.212998	55.509
20.61	20.60	0.213015	55.613
20.61	20.60	0.213031	55.708
20.61	20.60	0.213048	55.810
20.61	20.60	0.213065	55.911
20.61	20.61	0.213081	56.007
20.61	20.61	0.213098	56.109
20.61	20.61	0.213115	56.210
20.61	20.61	0.213131	56.305
20.61	20.61	0.213148	56.409
20.61	20.62	0.213165	56.510
20.61	20.62	0.213181	56.604
20.61	20.62	0.213198	56.709
20.61	20.62	0.213215	56.808
20.61	20.62	0.213231	56.903
20.61	20.63	0.213248	57.007
20.61	20.63	0.213265	57.107
20.61	20.63	0.213281	57.202
20.61	20.63	0.213298	57.306
20.61	20.63	0.213315	57.406
20.61	20.64	0.213331	57.500
20.61	20.64	0.213348	57.605
20.61	20.64	0.213365	57.704
20.61	20.64	0.213381	57.799
20.63	20.65	0.213398	57.903
20.63	20.65	0.213415	57.998
20.63	20.65	0.213431	58.098
20.63	20.66	0.213448	58.203
20.63	20.66	0.213465	58.297
20.63	20.66	0.213481	58.397
20.63	20.66	0.213498	58.502
20.63	20.67	0.213515	58.596
20.66	20.67	0.213531	58.696
20.66	20.67	0.213548	58.801
20.66	20.68	0.213565	58.895
20.66	20.68	0.213581	58.995
20.66	20.68	0.213598	59.099
20.66	20.69	0.213615	59.194
20.68	20.69	0.213631	59.294
20.68	20.69	0.213648	59.398
20.68	20.70	0.213665	59.494
20.68	20.70	0.213681	59.594
20.68	20.70	0.213698	59.697
20.68	20.71	0.213714	59.794
20.71	20.71	0.213731	59.894
20.71	20.71	0.213748	59.995
20.71	20.72	0.213764	00.095
20.71	20.72	0.213781	00.195
20.71	20.72	0.213798	00.295
20.71	20.73	0.213814	00.396
20.74	20.73	0.213831	00.495
20.74	20.73	0.213848	00.595
20.74	20.74	0.213864	00.695
20.74	20.74	0.213881	00.795
20.74	20.74	0.213898	00.895
20.74	20.75	0.213914	00.995
20.74	20.75	0.213931	01.095
20.74	20.75	0.213948	01.195
20.76	20.76	0.213964	01.296
20.76	20.76	0.213981	01.395
20.76	20.77	0.213998	01.495
20.76	20.77	0.214014	01.595
20.76	20.77	0.214031	01.695
20.76	20.78	0.214048	01.795
20.76	20.78	0.214064	01.895
20.76	20.78	0.214081	01.995
20.79	20.79	0.214098	02.095
20.79	20.79	0.214114	02.195
20.79	20.79	0.214131	02.294
20.79	20.80	0.214148	02.395
20.79	20.80	0.214164	02.495
20.79	20.80	0.214181	02.595
20.79	20.81	0.214198	02.695
20.81	20.81	0.214214	02.795
20.81	20.81	0.214231	02.896
20.81	20.82	0.214248	02.995
20.81	20.82	0.214264	03.095
20.81	20.82	0.214281	03.195
20.81	20.82	0.214298	03.295
20.81	20.83	0.214314	03.395
20.84	20.83	0.214331	03.495
20.84	20.83	0.214348	03.595
20.84	20.84	0.214364	03.695
20.84	20.84	0.214381	03.796
20.84	20.84	0.214398	03.895
20.84	20.84	0.214414	03.995
20.84	20.85	0.214431	04.095
20.86	20.85	0.214448	04.195
20.86	20.85	0.214464	04.295
20.86	20.86	0.214481	04.395
20.86	20.86	0.214498	04.496
20.86	20.86	0.214514	04.595
20.86	20.86	0.214531	04.695
20.86	20.87	0.214547	04.795
20.86	20.87	0.214564	04.895
20.86	20.87	0.214581	04.995
20.86	20.87	0.214597	05.095
20.89	20.87	0.214614	05.195
20.89	20.88	0.214631	05.295
20.89	20.88	0.214647	05.419
20.89	20.88	0.214664	05.524
20.89	20.88	0.214681	05.624
20.89	20.88	0.214697	05.718
20.89	20.89	0.214714	05.823
20.89	20.89	0.214731	05.917
20.89	20.89	0.214747	06.017
20.89	20.89	0.214764	06.121
20.89	20.89	0.214781	06.216
20.89	20.89	0.214797	06.315
20.89	20.89	0.214814	06.421
20.89	20.90	0.214831	06.516
20.92	20.90	0.214847	06.615
20.92	20.90	0.214864	06.720
20.92	20.90	0.214881	06.814
20.92	20.90	0.214897	06.914
20.92	20.90	0.214914	07.018
20.92	20.90	0.214931	07.113
20.92	20.90	0.214947	07.213
20.92	20.90	0.214964	07.317
20.92	20.90	0.214981	07.412
20.92	20.90	0.214997	07.511
20.92	20.90	0.215014	07.616
20.92	20.91	0.215031	07.710
20.92	20.91	0.215047	07.810
20.92	20.91	0.215064	07.914
20.92	20.91	0.215081	08.009
20.92	20.91	0.215097	08.109
20.92	20.91	0.215114	08.213
20.92	20.91	0.215131	08.308
20.92	20.91	0.215147	08.407
20.92	20.91	0.215164	08.512
20.92	20.91	0.215181	08.606
20.92	20.91	0.215197	08.707
20.92	20.91	0.215214	08.812
20.92	20.91	0.215231	08.906
20.92	20.91	0.215247	09.008
20.92	20.90	0.215264	09.110
20.92	20.90	0.215281	09.205
20.92	20.90	0.215297	09.307
20.92	20.90	0.215314	09.409
20.92	20.90	0.215331	09.504
20.89	20.90	0.215347	09.607
20.89	20.90	0.215364	09.708
20.89	20.90	0.215380	09.802
20.89	20.90	0.215397	09.907
20.89	20.90	0.215414	10.006
20.89	20.90	0.215430	10.101
20.89	20.90	0.215447	10.205
20.89	20.90	0.215464	10.305
20.89	20.89	0.215480	10.400
20.89	20.89	0.215497	10.504
20.89	20.89	0.215514	10.604
20.89	20.89	0.215530	10.698
20.89	20.89	0.215547	10.803
20.89	20.89	0.215564	10.902
20.89	20.89	0.215580	10.997
20.89	20.89	0.215597	11.102
20.89	20.88	0.215614	11.197
20.89	20.88	0.215630	11.297
20.89	20.88	0.215647	11.401
20.89	20.88	0.215664	11.496
20.89	20.88	0.215680	11.595
20.89	20.88	0.215697	11.700
20.89	20.87	0.215714	11.795
20.89	20.87	0.215730	11.896
20.89	20.87	0.215747	11.999
20.89	20.87	0.215764	12.096
20.89	20.87	0.215780	12.196
20.89	20.87	0.215797	12.297
20.89	20.86	0.215814	12.396
20.89	20.86	0.215830	12.496
20.89	20.86	0.215847	12.596
20.89	20.86	0.215864	12.696
20.89	20.86	0.215880	12.796
20.89	20.86	0.215897	12.897
20.89	20.85	0.215914	12.996
20.86	20.85	0.215930	13.096
20.86	20.85	0.215947	13.196
20.86	20.85	0.215964	13.296
20.86	20.85	0.215980	13.396
20.86	20.85	0.215997	13.496
20.86	20.84	0.216014	13.597
20.86	20.84	0.216030	13.696
20.86	20.84	0.216047	13.796
20.84	20.84	0.216064	13.896
20.84	20.84	0.216080	13.996
20.84	20.84	0.216097	14.096
20.84	20.83	0.216114	14.196
20.84	20.83	0.216130	14.297
20.84	20.83	0.216147	14.397
20.84	20.83	0.216164	14.502
20.81	20.83	0.216180	14.597
20.81	20.83	0.216197	14.697
20.81	20.82	0.216213	14.802
20.81	20.82	0.216230	14.897
20.81	20.82	0.216247	14.996
20.81	20.82	0.216263	15.097
20.81	20.82	0.216280	15.198
20.81	20.82	0.216297	15.297
20.81	20.82	0.216313	15.397
20.81	20.82	0.216330	15.497
20.81	20.81	0.216347	15.597
20.81	20.81	0.216363	15.702
20.81	20.81	0.216380	15.797
20.81	20.81	0.216397	15.897
20.81	20.81	0.216413	16.002
20.81	20.81	0.216430	16.097
20.81	20.81	0.216447	16.197
20.81	20.81	0.216463	16.297
20.81	20.81	0.216480	16.397
20.81	20.81	0.216497	16.497
20.81	20.81	0.216513	16.601
20.81	20.80	0.216530	16.697
20.81	20.80	0.216547	16.798
20.81	20.80	0.216563	16.902
20.81	20.80	0.216580	16.997
20.81	20.80	0.216597	17.097
20.81	20.80	0.216613	17.197
20.81	20.80	0.216630	17.297
20.81	20.80	0.216647	17.397
20.79	20.80	0.216663	17.501
20.79	20.80	0.216680	17.597
20.79	20.80	0.216697	17.721
20.79	20.80	0.216713	17.826
20.79	20.80	0.216730	17.926
20.79	20.80	0.216747	18.020
20.79	20.80	0.216763	18.125
20.79	20.80	0.216780	18.224
20.79	20.80	0.216797	18.319
20.79	20.80	0.216813	18.423
20.79	20.80	0.216830	18.523
20.79	20.80	0.216847	18.618
20.79	20.81	0.216863	18.722
20.79	20.81	0.216880	18.822
20.79	20.81	0.216897	18.916
20.79	20.81	0.216913	19.021
20.79	20.81	0.216930	19.115
20.79	20.81	0.216947	19.215
20.79	20.81	0.216963	19.319
20.79	20.81	0.216980	19.415
20.79	20.81	0.216997	19.515
20.79	20.81	0.217013	19.619
20.81	20.82	0.217030	19.714
20.81	20.82	0.217046	19.813
20.81	20.82	0.217063	19.918
20.81	20.82	0.217080	20.012
20.81	20.82	0.217096	20.112
20.81	20.82	0.217113	20.217
20.81	20.82	0.217130	20.311
20.81	20.83	0.217146	20.411
20.81	20.83	0.217163	20.515
20.81	20.83	0.217180	20.610
20.81	20.83	0.217196	20.709
20.81	20.83	0.217213	20.814
20.81	20.84	0.217230	20.908
20.81	20.84	0.217246	21.008
20.81	20.84	0.217263	21.113
20.84	20.84	0.217280	21.207
20.84	20.85	0.217296	21.307
20.84	20.85	0.217313	21.412
20.84	20.85	0.217330	21.506
20.84	20.85	0.217346	21.606
20.84	20.86	0.217363	21.711
20.84	20.86	0.217380	21.806
20.84	20.86	0.217396	21.905
20.84	20.86	0.217413	22.010
20.86	20.87	0.217430	22.104
20.86	20.87	0.217446	22.206
20.86	20.87	0.217463	22.308
20.86	20.87	0.217480	22.403
20.86	20.88	0.217496	22.505
20.86	20.88	0.217513	22.607
20.86	20.88	0.217530	22.702
20.86	20.89	0.217546	22.805
20.89	20.89	0.217563	22.906
20.89	20.89	0.217580	23.000
20.89	20.90	0.217596	23.105
20.89	20.90	0.217613	23.204
20.89	20.90	0.217630	23.299
20.89	20.91	0.217646	23.404
20.89	20.91	0.217663	23.503
20.89	20.91	0.217680	23.598
20.92	20.92	0.217696	23.702
20.92	20.92	0.217713	23.803
20.92	20.92	0.217730	23.898
20.92	20.93	0.217746	24.002
20.92	20.93	0.217763	24.101
20.92	20.93	0.217780	24.198
20.92	20.94	0.217796	24.301
20.92	20.94	0.217813	24.400
20.94	20.94	0.217830	24.498
20.94	20.95	0.217846	24.599
20.94	20.95	0.217863	24.701
20.94	20.95	0.217879	24.798
20.94	20.96	0.217896	24.898
20.94	20.96	0.217913	25.001
20.94	20.96	0.217929	25.098
20.97	20.97	0.217946	25.198
20.97	20.97	0.217963	25.300
20.97	20.97	0.217979	25.398
20.97	20.98	0.217996	25.498
20.97	20.98	0.218013	25.600
20.97	20.99	0.218029	25.698
20.97	20.99	0.218046	25.798
20.97	20.99	0.218063	25.901
20.99	21.00	0.218079	25.998
20.99	21.00	0.218096	26.098
20.99	21.00	0.218113	26.200
20.99	21.01	0.218129	26.298
20.99	21.01	0.218146	26.398
20.99	21.01	0.218163	26.500
20.99	21.02	0.218179	26.599
20.99	21.02	0.218196	26.698
20.99	21.02	0.218213	26.801
21.02	21.03	0.218229	26.898
21.02	21.03	0.218246	26.998
21.02	21.03	0.218263	27.100
21.02	21.03	0.218279	27.198
21.02	21.04	0.218296	27.298
21.02	21.04	0.218313	27.400
21.04	21.04	0.218329	27.499
21.04	21.05	0.218346	27.598
21.04	21.05	0.218363	27.700
21.04	21.05	0.218379	27.798
21.04	21.06	0.218396	27.898
21.07	21.06	0.218413	28.000
21.07	21.06	0.218429	28.098
21.07	21.06	0.218446	28.199
21.07	21.07	0.218463	28.300
21.07	21.07	0.218479	28.398
21.07	21.07	0.218496	28.498
21.07	21.07	0.218513	28.600
21.07	21.08	0.218529	28.698
21.09	21.08	0.218546	28.798
21.09	21.08	0.218563	28.900
21.09	21.08	0.218579	28.998
21.09	21.09	0.218596	29.099
21.09	21.09	0.218613	29.200
21.09	21.09	0.218629	29.298
21.09	21.09	0.218646	29.398
21.09	21.09	0.218663	29.500
21.09	21.10	0.218679	29.598
21.12	21.10	0.218696	29.698
21.12	21.10	0.218712	29.799
21.12	21.10	0.218729	29.899
21.12	21.10	0.218746	30.023
21.12	21.10	0.218762	30.100
21.12	21.10	0.218779	30.228
21.12	21.11	0.218796	30.322
21.12	21.11	0.218812	30.400
21.12	21.11	0.218829	30.526
21.12	21.11	0.218846	30.621
21.12	21.11	0.218862	30.699
21.12	21.11	0.218879	30.825
21.12	21.11	0.218896	30.920
21.12	21.11	0.218912	31.024
21.12	21.12	0.218929	31.124
21.12	21.12	0.218946	31.218
21.12	21.12	0.218962	31.323
21.12	21.12	0.218979	31.422
21.12	21.12	0.218996	31.517
21.12	21.12	0.219012	31.621
21.12	21.12	0.219029	31.721
21.12	21.12	0.219046	31.816
21.12	21.12	0.219062	31.921
21.12	21.12	0.219079	32.021
21.12	21.12	0.219096	32.115
21.12	21.12	0.219112	32.220
21.12	21.12	0.219129	32.314
21.15	21.12	0.219146	32.414
21.15	21.12	0.219162	32.518
21.15	21.12	0.219179	32.613
21.15	21.12	0.219196	32.713
21.15	21.12	0.219212	32.817
21.15	21.12	0.219229	32.912
21.15	21.12	0.219246	33.011
21.12	21.12	0.219262	33.116
21.12	21.12	0.219279	33.210
21.12	21.12	0.219296	33.310
21.12	21.12	0.219312	33.415
21.12	21.12	0.219329	33.509
21.12	21.12	0.219346	33.609
21.12	21.11	0.219362	33.713
21.12	21.11	0.219379	33.808
21.12	21.11	0.219396	33.908
21.12	21.11	0.219412	34.013
21.12	21.11	0.219429	34.108
21.12	21.11	0.219446	34.207
21.12	21.11	0.219462	34.312
21.12	21.11	0.219479	34.406
21.12	21.11	0.219496	34.506
21.12	21.11	0.219512	34.610
21.12	21.10	0.219529	34.705
21.12	21.10	0.219545	34.804
21.12	21.10	0.219562	34.909
21.12	21.10	0.219579	35.004
21.12	21.10	0.219595	35.104
21.12	21.10	0.219612	35.208
21.12	21.10	0.219629	35.302
21.12	21.09	0.219645	35.404
21.12	21.09	0.219662	35.506
21.09	21.09	0.219679	35.601
21.09	21.09	0.219695	35.704
21.09	21.09	0.219712	35.805
21.09	21.09	0.219729	35.900
21.09	21.08	0.219745	36.003
21.09	21.08	0.219762	36.104
21.09	21.08	0.219779	36.200
21.09	21.08	0.219795	36.303
21.09	21.08	0.219812	36.403
21.09	21.08	0.219829	36.501
21.09	21.07	0.219845	36.602
21.09	21.07	0.219862	36.702
21.09	21.07	0.219879	36.800
21.09	21.07	0.219895	36.901
21.07	21.07	0.219912	37.000
21.07	21.07	0.219929	37.100
21.07	21.06	0.219945	37.200
21.07	21.06	0.219962	37.300
21.07	21.06	0.219979	37.401
21.07	21.06	0.219995	37.500
21.07	21.06	0.220012	37.600
21.07	21.06	0.220029	37.700
21.07	21.05	0.220045	37.800
21.07	21.05	0.220062	37.900
21.07	21.05	0.220079	38.000
21.07	21.05	0.220095	38.101
21.04	21.05	0.220112	38.200
21.04	21.05	0.220129	38.300
21.04	21.04	0.220145	38.400
21.04	21.04	0.220162	38.500
21.04	21.04	0.220179	38.600
21.04	21.04	0.220195	38.700
21.04	21.04	0.220212	38.800
21.04	21.04	0.220229	38.900
21.04	21.04	0.220245	39.001
21.04	21.03	0.220262	39.100
21.04	21.03	0.220279	39.200
21.04	21.03	0.220295	39.300
21.04	21.03	0.220312	39.400
21.02	21.03	0.220329	39.500
21.02	21.03	0.220345	39.600
21.02	21.03	0.220362	39.700
21.02	21.03	0.220378	39.800
21.02	21.02	0.220395	39.901
21.02	21.02	0.220412	40.000
21.02	21.02	0.220428	40.100
21.02	21.02	0.220445	40.200
21.02	21.02	0.220462	40.300
21.02	21.02	0.220478	40.400
21.02	21.02	0.220495	40.500
21.02	21.02	0.220512	40.601
21.02	21.02	0.220528	40.700
21.02	21.02	0.220545	40.800
21.02	21.02	0.220562	40.900
21.02	21.02	0.220578	41.000
21.02	21.02	0.220595	41.100
20.99	21.02	0.220612	41.200
20.99	21.02	0.220628	41.300
20.99	21.02	0.220645	41.400
20.99	21.02	0.220662	41.501
20.99	21.02	0.220678	41.600
20.99	21.02	0.220695	41.700
20.99	21.02	0.220712	41.800
20.99	21.02	0.220728	41.900
20.99	21.02	0.220745	42.000
21.02	21.02	0.220762	42.100
21.02	21.02	0.220778	42.200
21.02	21.02	0.220795	42.300
21.02	21.02	0.220812	42.424
21.02	21.02	0.220828	42.529
21.02	21.02	0.220845	42.624
21.02	21.02	0.220862	42.723
21.02	21.02	0.220878	42.828
21.02	21.02	0.220895	42.922
21.02	21.02	0.220912	43.023
21.02	21.02	0.220928	43.126
21.02	21.02	0.220945	43.221
21.02	21.02	0.220962	43.323
21.02	21.02	0.220978	43.426
21.02	21.03	0.220995	43.521
21.02	21.03	0.221012	43.622
21.02	21.03	0.221028	43.725
21.02	21.03	0.221045	43.819
21.02	21.03	0.221062	43.923
21.02	21.03	0.221078	44.023
21.02	21.03	0.221095	44.118
21.04	21.04	0.221112	44.223
21.04	21.04	0.221128	44.322
21.04	21.04	0.221145	44.417
21.04	21.04	0.221162	44.521
21.04	21.04	0.221178	44.621
21.04	21.05	0.221195	44.715
21.04	21.05	0.221211	44.820
21.04	21.05	0.221228	44.920
21.04	21.05	0.221245	45.014
21.04	21.05	0.221261	45.119
21.04	21.06	0.221278	45.218
21.04	21.06	0.221295	45.313
21.04	21.06	0.221311	45.417
21.04	21.06	0.221328	45.512
21.04	21.07	0.221345	45.612
21.04	21.07	0.221361	45.717
21.04	21.07	0.221378	45.812
21.04	21.07	0.221395	45.911
21.04	21.08	0.221411	46.016
21.07	21.08	0.221428	46.110
21.07	21.08	0.221445	46.210
21.07	21.09	0.221461	46.314
21.07	21.09	0.221478	46.409
21.07	21.09	0.221495	46.509
21.07	21.09	0.221511	46.613
21.07	21.10	0.221528	46.708
21.09	21.10	0.221545	46.807
21.09	21.10	0.221561	46.912
21.09	21.11	0.221578	47.006
21.09	21.11	0.221595	47.106
21.09	21.11	0.221611	47.210
21.09	21.12	0.221628	47.305
21.12	21.12	0.221645	47.405
21.12	21.12	0.221661	47.510
21.12	21.13	0.221678	47.605
21.12	21.13	0.221695	47.704
21.12	21.13	0.221711	47.809
21.12	21.14	0.221728	47.903
21.12	21.14	0.221745	48.003
21.12	21.14	0.221761	48.107
21.15	21.15	0.221778	48.202
21.15	21.15	0.221795	48.302
21.15	21.15	0.221811	48.406
21.15	21.16	0.221828	48.502
21.15	21.16	0.221845	48.602
21.15	21.16	0.221861	48.705
21.15	21.17	0.221878	48.802
21.17	21.17	0.221895	48.902
21.17	21.17	0.221911	49.004
21.17	21.18	0.221928	49.102
21.17	21.18	0.221945	49.202
21.17	21.18	0.221961	49.302
21.17	21.19	0.221978	49.402
21.17	21.19	0.221995	49.502
21.17	21.20	0.222011	49.602
21.20	21.20	0.222028	49.703
21.20	21.20	0.222044	49.802
21.20	21.21	0.222061	49.902
21.20	21.21	0.222078	50.002
21.20	21.21	0.222094	50.102
21.20	21.22	0.222111	50.202
21.22	21.22	0.222128	50.302
21.22	21.22	0.222144	50.402
21.22	21.23	0.222161	50.502
21.22	21.23	0.222178	50.603
21.22	21.23	0.222194	50.702
21.22	21.24	0.222211	50.802
21.22	21.24	0.222228	50.902
21.22	21.24	0.222244	51.002
21.25	21.25	0.222261	51.102
21.25	21.25	0.222278	51.202
21.25	21.25	0.222294	51.303
21.25	21.25	0.222311	51.403
21.25	21.26	0.222328	51.504
21.25	21.26	0.222344	51.603
21.27	21.26	0.222361	51.703
21.27	21.27	0.222378	51.803
21.27	21.27	0.222394	51.903
21.27	21.27	0.222411	52.002
21.27	21.27	0.222428	52.103
21.27	21.28	0.222444	52.204
21.27	21.28	0.222461	52.303
21.30	21.28	0.222478	52.403
21.30	21.28	0.222494	52.503
21.30	21.29	0.222511	52.603
21.30	21.29	0.222528	52.703
21.30	21.29	0.222544	52.803
21.30	21.29	0.222561	52.903
21.30	21.30	0.222578	53.003
21.30	21.30	0.222594	53.104
21.30	21.30	0.222611	53.203
21.30	21.30	0.222628	53.303
21.33	21.30	0.222644	53.403
21.33	21.31	0.222661	53.503
21.33	21.31	0.222678	53.603
21.33	21.31	0.222694	53.703
21.33	21.31	0.222711	53.803
21.33	21.31	0.222728	53.903
21.33	21.32	0.222744	54.003
21.33	21.32	0.222761	54.103
21.33	21.32	0.222778	54.203
21.33	21.32	0.222794	54.303
21.33	21.32	0.222811	54.403
21.33	21.32	0.222828	54.532
21.33	21.32	0.222844	54.627
21.33	21.32	0.222861	54.726
21.33	21.33	0.222877	54.831
21.33	21.33	0.222894	54.926
21.33	21.33	0.222911	55.025
21.33	21.33	0.222927	55.130
21.33	21.33	0.222944	55.224
21.35	21.33	0.222961	55.324
21.35	21.33	0.222977	55.428
21.35	21.33	0.222994	55.523
21.35	21.33	0.223011	55.623
21.35	21.33	0.223027	55.728
21.35	21.33	0.223044	55.823
21.35	21.33	0.223061	55.922
21.35	21.33	0.223077	56.027
21.35	21.33	0.223094	56.121
21.35	21.33	0.223111	56.221
21.35	21.33	0.223127	56.325
21.33	21.33	0.223144	56.420
21.33	21.33	0.223161	56.521
21.33	21.33	0.223177	56.624
21.33	21.33	0.223194	56.719
21.33	21.33	0.223211	56.820
21.33	21.33	0.223227	56.923
21.33	21.33	0.223244	57.017
21.33	21.33	0.223261	57.121
21.33	21.33	0.223277	57.221
21.33	21.33	0.223294	57.316
21.33	21.33	0.223311	57.421
21.33	21.33	0.223327	57.520
21.33	21.33	0.223344	57.615
21.33	21.33	0.223361	57.719
21.33	21.33	0.223377	57.819
21.33	21.33	0.223394	57.914
21.33	21.32	0.223411	58.019
21.33	21.32	0.223427	58.119
21.33	21.32	0.223444	58.213
21.33	21.32	0.223461	58.318
21.33	21.32	0.223477	58.417
21.33	21.32	0.223494	58.512
21.33	21.32	0.223511	58.616
21.33	21.32	0.223527	58.716
21.33	21.32	0.223544	58.810
21.33	21.31	0.223561	58.915
21.33	21.31	0.223577	59.010
21.33	21.31	0.223594	59.109
21.33	21.31	0.223611	59.214
21.33	21.31	0.223627	59.308
21.33	21.31	0.223644	59.408
21.33	21.31	0.223661	59.512
21.33	21.30	0.223677	59.607
21.33	21.30	0.223694	59.707
21.33	21.30	0.223710	59.812
21.33	21.30	0.223727	59.906
21.30	21.30	0.223744	00.005
21.30	21.30	0.223760	00.110
21.30	21.29	0.223777	00.205
21.30	21.29	0.223794	00.304
21.30	21.29	0.223810	00.409
21.30	21.29	0.223827	00.504
21.30	21.29	0.223844	00.605
21.30	21.29	0.223860	00.708
21.30	21.28	0.223877	00.804
21.30	21.28	0.223894	00.904
21.27	21.28	0.223910	01.007
21.27	21.28	0.223927	01.104
21.27	21.28	0.223944	01.204
21.27	21.28	0.223960	01.306
21.27	21.27	0.223977	01.404
21.27	21.27	0.223994	01.504
21.27	21.27	0.224010	01.604
21.27	21.27	0.224027	01.703
21.27	21.27	0.224044	01.804
21.27	21.27	0.224060	01.904
21.27	21.26	0.224077	02.004
21.27	21.26	0.224094	02.104
21.27	21.26	0.224110	02.205
21.27	21.26	0.224127	02.304
21.27	21.26	0.224144	02.404
21.25	21.26	0.224160	02.504
21.25	21.25	0.224177	02.603
21.25	21.25	0.224194	02.704
21.25	21.25	0.224210	02.804
21.25	21.25	0.224227	02.905
21.25	21.25	0.224244	03.004
21.25	21.25	0.224260	03.104
21.25	21.25	0.224277	03.204
21.25	21.24	0.224294	03.304
21.25	21.24	0.224310	03.404
21.25	21.24	0.224327	03.504
21.25	21.24	0.224344	03.604
21.25	21.24	0.224360	03.704
21.25	21.24	0.224377	03.804
21.25	21.24	0.224394	03.904
21.25	21.24	0.224410	04.004
21.25	21.24	0.224427	04.104
21.25	21.24	0.224444	04.204
21.22	21.23	0.224460	04.304
21.22	21.23	0.224477	04.404
21.22	21.23	0.224494	04.505
21.22	21.23	0.224510	04.604
21.22	21.23	0.224527	04.704
21.22	21.23	0.224543	04.804
21.22	21.23	0.224560	04.904
21.22	21.23	0.224577	05.004
21.22	21.23	0.224593	05.104
21.22	21.23	0.224610	05.204
21.22	21.23	0.224627	05.304
21.22	21.23	0.224643	05.405
21.22	21.23	0.224660	05.504
21.22	21.23	0.224677	05.604
21.22	21.23	0.224693	05.704
21.22	21.23	0.224710	05.804
21.22	21.23	0.224727	05.904
21.22	21.23	0.224743	06.004
21.22	21.23	0.224760	06.104
21.22	21.23	0.224777	06.204
21.22	21.23	0.224793	06.305
21.22	21.23	0.224810	06.404
21.22	21.23	0.224827	06.504
21.22	21.23	0.224843	06.604
21.22	21.23	0.224860	06.704
21.22	21.23	0.224877	06.804
21.22	21.23	0.224893	06.904
21.22	21.23	0.224910	07.028
21.22	21.24	0.224927	07.133
21.22	21.24	0.224943	07.228
21.22	21.24	0.224960	07.327
21.22	21.24	0.224977	07.432
21.22	21.24	0.224993	07.526
21.22	21.24	0.225010	07.626
21.22	21.24	0.225027	07.730
21.22	21.24	0.225043	07.825
21.22	21.24	0.225060	07.924
21.25	21.25	0.225077	08.029
21.25	21.25	0.225093	08.124
21.25	21.25	0.225110	08.223
21.25	21.25	0.225127	08.328
21.25	21.25	0.225143	08.422
21.25	21.26	0.225160	08.523
21.25	21.26	0.225177	08.627
21.25	21.26	0.225193	08.722
21.25	21.26	0.225210	08.822
21.25	21.26	0.225227	08.926
21.25	21.27	0.225243	09.021
21.25	21.27	0.225260	09.120
21.25	21.27	0.225277	09.225
21.25	21.27	0.225293	09.319
21.25	21.27	0.225310	09.419
21.27	21.28	0.225327	09.523
21.27	21.28	0.225343	09.618
21.27	21.28	0.225360	09.719
21.27	21.28	0.225376	09.822
21.27	21.29	0.225393	09.917
21.27	21.29	0.225410	10.019
21.27	21.29	0.225426	10.121
21.27	21.30	0.225443	10.215
21.27	21.30	0.225460	10.319
21.27	21.30	0.225476	10.420
21.30	21.30	0.225493	10.515
21.30	21.31	0.225510	10.619
21.30	21.31	0.225526	10.719
21.30	21.31	0.225543	10.814
21.30	21.32	0.225560	10.918
21.30	21.32	0.225576	11.018
21.30	21.32	0.225593	11.112
21.30	21.33	0.225610	11.217
21.33	21.33	0.225626	11.317
21.33	21.33	0.225643	11.411
21.33	21.34	0.225660	11.516
21.33	21.34	0.225676	11.615
21.33	21.34	0.225693	11.710
21.33	21.35	0.225710	11.814
21.35	21.35	0.225726	11.914
21.35	21.35	0.225743	12.009
21.35	21.36	0.225760	12.113
21.35	21.36	0.225776	12.208
21.35	21.36	0.225793	12.307
21.35	21.37	0.225810	12.412
21.35	21.37	0.225826	12.506
21.38	21.37	0.225843	12.607
21.38	21.38	0.225860	12.710
21.38	21.38	0.225876	12.806
21.38	21.38	0.225893	12.906
21.38	21.39	0.225910	13.010
21.38	21.39	0.225926	13.105
21.38	21.39	0.225943	13.204
21.40	21.40	0.225960	13.309
21.40	21.40	0.225976	13.404
21.40	21.41	0.225993	13.504
21.40	21.41	0.226010	13.608
21.40	21.41	0.226026	13.704
21.40	21.42	0.226043	13.803
21.40	21.42	0.226060	13.906
21.43	21.42	0.226076	14.004
21.43	21.43	0.226093	14.104
21.43	21.43	0.226110	14.205
21.43	21.43	0.226126	14.304
21.43	21.44	0.226143	14.404
21.43	21.44	0.226160	14.505
21.43	21.44	0.226176	14.604
21.43	21.45	0.226193	14.704
21.45	21.45	0.226209	14.804
21.45	21.45	0.226226	14.904
21.45	21.46	0.226243	15.004
21.45	21.46	0.226259	15.104
21.45	21.46	0.226276	15.204
21.45	21.46	0.226293	15.304
21.45	21.47	0.226309	15.405
21.45	21.47	0.226326	15.504
21.45	21.47	0.226343	15.604
21.48	21.48	0.226359	15.704
21.48	21.48	0.226376	15.804
21.48	21.48	0.226393	15.904
21.48	21.48	0.226409	16.004
21.48	21.49	0.226426	16.105
21.48	21.49	0.226443	16.204
21.48	21.49	0.226459	16.304
21.50	21.50	0.226476	16.404
21.50	21.50	0.226493	16.504
21.50	21.50	0.226509	16.604
21.50	21.50	0.226526	16.704
21.50	21.51	0.226543	16.804
21.50	21.51	0.226559	16.904
21.50	21.51	0.226576	17.005
21.50	21.51	0.226593	17.104
21.53	21.51	0.226609	17.204
21.53	21.52	0.226626	17.304
21.53	21.52	0.226643	17.404
21.53	21.52	0.226659	17.504
21.53	21.52	0.226676	17.604
21.53	21.52	0.226693	17.704
21.53	21.53	0.226709	17.804
21.53	21.53	0.226726	17.904
21.53	21.53	0.226743	18.004
21.53	21.53	0.226759	18.104
21.53	21.53	0.226776	18.204
21.56	21.53	0.226793	18.304
21.56	21.53	0.226809	18.404
21.56	21.54	0.226826	18.504
21.56	21.54	0.226843	18.605
21.56	21.54	0.226859	18.704
21.56	21.54	0.226876	18.804
21.56	21.54	0.226893	18.904
21.56	21.54	0.226909	19.004
21.56	21.54	0.226926	19.104
21.56	21.54	0.226943	19.204
21.56	21.54	0.226959	19.304
21.56	21.54	0.226976	19.404
21.56	21.54	0.226993	19.505
21.56	21.54	0.227009	19.604
21.56	21.55	0.227026	19.704
21.56	21.55	0.227042	19.803
21.56	21.55	0.227059	19.928
21.56	21.55	0.227076	20.032
21.56	21.55	0.227092	20.127
21.56	21.55	0.227109	20.226
21.56	21.55	0.227126	20.331
21.56	21.55	0.227142	20.426
21.56	21.55	0.227159	20.525
21.56	21.55	0.227176	20.630
21.56	21.55	0.227192	20.724
21.56	21.55	0.227209	20.825
21.53	21.55	0.227226	20.929
21.53	21.55	0.227242	21.024
21.53	21.54	0.227259	21.123
21.53	21.54	0.227276	21.228
21.53	21.54	0.227292	21.323
21.53	21.54	0.227309	21.422
21.53	21.54	0.227326	21.527
21.53	21.54	0.227342	21.621
21.53	21.54	0.227359	21.721
21.53	21.54	0.227376	21.825
21.56	21.54	0.227392	21.920
21.56	21.54	0.227409	22.020
21.56	21.54	0.227426	22.124
21.56	21.54	0.227442	22.219
21.56	21.54	0.227459	22.318
21.56	21.53	0.227476	22.423
21.56	21.53	0.227492	22.517
21.56	21.53	0.227509	22.617
21.56	21.53	0.227526	22.721
21.56	21.53	0.227542	22.817
21.53	21.53	0.227559	22.918
21.53	21.53	0.227576	23.021
21.53	21.53	0.227592	23.116
21.53	21.52	0.227609	23.217
21.53	21.52	0.227626	23.320
21.53	21.52	0.227642	23.414
21.53	21.52	0.227659	23.517
21.53	21.52	0.227676	23.619
21.53	21.52	0.227692	23.713
21.53	21.51	0.227709	23.817
21.53	21.51	0.227726	23.917
21.53	21.51	0.227742	24.012
21.53	21.51	0.227759	24.116
21.53	21.51	0.227776	24.216
21.50	21.51	0.227792	24.310
21.50	21.50	0.227809	24.415
21.50	21.50	0.227826	24.515
21.50	21.50	0.227842	24.609
21.50	21.50	0.227859	24.714
21.50	21.50	0.227875	24.813
21.50	21.50	0.227892	24.908
21.50	21.49	0.227909	25.013
21.50	21.49	0.227925	25.113
21.50	21.49	0.227942	25.208
21.50	21.49	0.227959	25.312
21.50	21.49	0.227975	25.407
21.50	21.49	0.227992	25.506
21.50	21.48	0.228009	25.611
21.48	21.48	0.228025	25.705
21.48	21.48	0.228042	25.805
21.48	21.48	0.228059	25.909
21.48	21.48	0.228075	26.004
21.48	21.48	0.228092	26.105
21.48	21.47	0.228109	26.208
21.48	21.47	0.228125	26.304
21.48	21.47	0.228142	26.405
21.48	21.47	0.228159	26.507
21.48	21.47	0.228175	26.605
21.48	21.47	0.228192	26.705
21.48	21.46	0.228209	26.806
21.48	21.46	0.228225	26.905
21.48	21.46	0.228242	27.005
21.48	21.46	0.228259	27.105
21.45	21.46	0.228275	27.205
21.45	21.46	0.228292	27.305
21.45	21.46	0.228309	27.405
21.45	21.46	0.228325	27.505
21.45	21.45	0.228342	27.605
21.45	21.45	0.228359	27.706
21.45	21.45	0.228375	27.805
21.45	21.45	0.228392	27.905
21.45	21.45	0.228409	28.005
21.45	21.45	0.228425	28.105
21.45	21.45	0.228442	28.205
21.45	21.45	0.228459	28.305
21.45	21.45	0.228475	28.405
21.45	21.45	0.228492	28.505
21.45	21.45	0.228509	28.606
21.43	21.44	0.228525	28.705
21.43	21.44	0.228542	28.805
21.43	21.44	0.228559	28.905
21.43	21.44	0.228575	29.005
21.43	21.44	0.228592	29.105
21.43	21.44	0.228609	29.205
21.43	21.44	0.228625	29.306
21.43	21.44	0.228642	29.405
21.43	21.44	0.228659	29.505
21.43	21.44	0.228675	29.605
21.43	21.44	0.228692	29.705
21.43	21.44	0.228708	29.805
21.43	21.44	0.228725	29.905
21.43	21.44	0.228742	30.006
21.43	21.44	0.228758	30.106
21.43	21.44	0.228775	30.207
21.43	21.44	0.228792	30.306
21.43	21.44	0.228808	30.406
21.43	21.44	0.228825	30.506
21.43	21.44	0.228842	30.606
21.43	21.45	0.228858	30.706
21.45	21.45	0.228875	30.806
21.45	21.45	0.228892	30.907
21.45	21.45	0.228908	31.006
21.45	21.45	0.228925	31.106
21.45	21.45	0.228942	31.206
21.45	21.45	0.228958	31.306
21.45	21.45	0.228975	31.406
21.45	21.45	0.228992	31.506
21.45	21.45	0.229008	31.606
21.45	21.46	0.229025	31.706
21.45	21.46	0.229042	31.807
21.45	21.46	0.229058	31.906
21.45	21.46	0.229075	32.006
21.45	21.46	0.229092	32.135
21.45	21.46	0.229108	32.230
21.45	21.46	0.229125	32.334
21.45	21.47	0.229142	32.434
21.45	21.47	0.229158	32.528
21.45	21.47	0.229175	32.633
21.45	21.47	0.229192	32.732
21.45	21.47	0.229208	32.827
21.45	21.48	0.229225	32.932
21.45	21.48	0.229242	33.031
21.45	21.48	0.229258	33.126
21.48	21.48	0.229275	33.230
21.48	21.49	0.229292	33.325
21.48	21.49	0.229308	33.424
21.48	21.49	0.229325	33.530
21.48	21.49	0.229342	33.625
21.48	21.50	0.229358	33.724
21.48	21.50	0.229375	33.829
21.48	21.50	0.229392	33.923
21.48	21.50	0.229408	34.023
21.48	21.51	0.229425	34.127
21.50	21.51	0.229442	34.222
21.50	21.51	0.229458	34.321
21.50	21.51	0.229475	34.426
21.50	21.52	0.229492	34.521
21.50	21.52	0.229508	34.620
21.50	21.52	0.229525	34.725
21.50	21.53	0.229541	34.819
21.50	21.53	0.229558	34.919
21.50	21.53	0.229575	35.023
21.53	21.54	0.229591	35.118
21.53	21.54	0.229608	35.218
21.53	21.54	0.229625	35.322
21.53	21.55	0.229641	35.417
21.53	21.55	0.229658	35.516
21.53	21.55	0.229675	35.621
21.53	21.56	0.229691	35.715
21.56	21.56	0.229708	35.816
21.56	21.56	0.229725	35.920
21.56	21.57	0.229741	36.015
21.56	21.57	0.229758	36.116
21.56	21.57	0.229775	36.219
21.56	21.58	0.229791	36.314
21.58	21.58	0.229808	36.415
21.58	21.58	0.229825	36.518
21.58	21.59	0.229841	36.612
21.58	21.59	0.229858	36.715
21.58	21.59	0.229875	36.817
21.58	21.60	0.229891	36.911
21.58	21.60	0.229908	37.015
21.61	21.60	0.229925	37.115
21.61	21.61	0.229941	37.210
21.61	21.61	0.229958	37.314
21.61	21.61	0.229975	37.414
21.61	21.62	0.229991	37.509
21.61	21.62	0.230008	37.613
21.61	21.63	0.230025	37.713
21.63	21.63	0.230041	37.807
21.63	21.63	0.230058	37.912
21.63	21.64	0.230075	38.012
21.63	21.64	0.230091	38.107
21.63	21.64	0.230108	38.211
21.63	21.65	0.230125	38.311
21.63	21.65	0.230141	38.408
21.63	21.65	0.230158	38.510
21.66	21.66	0.230175	38.611
21.66	21.66	0.230191	38.707
21.66	21.66	0.230208	38.809
21.66	21.67	0.230225	38.910
21.66	21.67	0.230241	39.007
21.66	21.67	0.230258	39.108
21.66	21.67	0.230275	39.210
21.68	21.68	0.230291	39.307
21.68	21.68	0.230308	39.407
21.68	21.68	0.230325	39.511
21.68	21.69	0.230341	39.607
21.68	21.69	0.230358	39.707
21.68	21.69	0.230374	39.810
21.68	21.70	0.230391	39.907
21.68	21.70	0.230408	40.008
21.71	21.70	0.230424	40.110
21.71	21.70	0.230441	40.207
21.71	21.71	0.230458	40.307
21.71	21.71	0.230474	40.410
21.71	21.71	0.230491	40.507
21.71	21.71	0.230508	40.607
21.71	21.72	0.230524	40.710
21.74	21.72	0.230541	40.807
21.74	21.72	0.230558	40.908
21.74	21.72	0.230574	41.010
21.74	21.73	0.230591	41.107
21.74	21.73	0.230608	41.207
21.74	21.73	0.230624	41.310
21.74	21.73	0.230641	41.407
21.74	21.73	0.230658	41.507
21.74	21.74	0.230674	41.609
21.76	21.74	0.230691	41.707
21.76	21.74	0.230708	41.808
21.76	21.74	0.230724	41.910
21.76	21.74	0.230741	42.007
21.76	21.74	0.230758	42.107
21.76	21.74	0.230774	42.210
21.76	21.75	0.230791	42.307
21.76	21.75	0.230808	42.407
21.76	21.75	0.230824	42.510
21.76	21.75	0.230841	42.607
21.76	21.75	0.230858	42.707
21.76	21.75	0.230874	42.810
21.76	21.75	0.230891	42.907
21.76	21.75	0.230908	43.007
21.76	21.76	0.230924	43.110
21.76	21.76	0.230941	43.207
21.76	21.76	0.230958	43.307
21.76	21.76	0.230974	43.410
21.76	21.76	0.230991	43.507
21.76	21.76	0.231008	43.607
21.76	21.76	0.231024	43.710
21.76	21.76	0.231041	43.807
21.76	21.76	0.231058	43.907
21.76	21.76	0.231074	44.009
21.76	21.76	0.231091	44.107
21.76	21.76	0.231108	44.208
21.76	21.76	0.231124	44.309
21.76	21.76	0.231141	44.407
21.76	21.76	0.231158	44.506
21.79	21.76	0.231174	44.610
21.79	21.76	0.231191	44.735
21.79	21.76	0.231207	44.831
21.79	21.76	0.231224	44.910
21.79	21.76	0.231241	45.035
21.79	21.76	0.231257	45.130
21.79	21.76	0.231274	45.234
21.79	21.76	0.231291	45.334
21.79	21.76	0.231307	45.428
21.76	21.76	0.231324	45.533
21.76	21.76	0.231341	45.632
21.76	21.75	0.231357	45.727
21.76	21.75	0.231374	45.831
21.76	21.75	0.231391	45.931
21.76	21.75	0.231407	46.026
21.76	21.75	0.231424	46.130
21.76	21.75	0.231441	46.230
21.76	21.75	0.231457	46.324
21.76	21.75	0.231474	46.429
21.76	21.75	0.231491	46.523
21.76	21.75	0.231507	46.623
21.76	21.74	0.231524	46.728
21.74	21.74	0.231541	46.822
21.74	21.74	0.231557	46.922
21.74	21.74	0.231574	47.026
21.74	21.74	0.231591	47.121
21.74	21.74	0.231607	47.220
21.74	21.74	0.231624	47.326
21.74	21.73	0.231641	47.420
21.74	21.73	0.231657	47.520
21.74	21.73	0.231674	47.625
21.74	21.73	0.231691	47.719
21.74	21.73	0.231707	47.819
21.74	21.73	0.231724	47.923
21.74	21.72	0.231741	48.018
21.74	21.72	0.231757	48.117
21.74	21.72	0.231774	48.222
21.74	21.72	0.231791	48.317
21.74	21.72	0.231807	48.416
21.74	21.72	0.231824	48.521
21.71	21.71	0.231841	48.615
21.71	21.71	0.231857	48.715
21.71	21.71	0.231874	48.819
21.71	21.71	0.231891	48.914
21.71	21.71	0.231907	49.013
21.71	21.71	0.231924	49.118
21.71	21.70	0.231941	49.213
21.71	21.70	0.231957	49.313
21.71	21.70	0.231974	49.418
21.71	21.70	0.231991	49.512
21.71	21.70	0.232007	49.614
21.71	21.70	0.232024	49.716
21.71	21.69	0.232040	49.811
21.68	21.69	0.232057	49.914
21.68	21.69	0.232074	50.015
21.68	21.69	0.232090	50.110
21.68	21.69	0.232107	50.213
21.68	21.69	0.232124	50.314
21.68	21.68	0.232140	50.408
21.68	21.68	0.232157	50.513
21.68	21.68	0.232174	50.612
21.68	21.68	0.232190	50.708
21.68	21.68	0.232207	50.812
21.68	21.68	0.232224	50.911
21.68	21.68	0.232240	51.008
21.68	21.67	0.232257	51.110
21.68	21.67	0.232274	51.210
21.68	21.67	0.232290	51.308
21.68	21.67	0.232307	51.409
21.68	21.67	0.232324	51.509
21.68	21.67	0.232340	51.608
21.68	21.67	0.232357	51.709
21.68	21.67	0.232374	51.808
21.68	21.66	0.232390	51.908
21.68	21.66	0.232407	52.008
21.68	21.66	0.232424	52.109
21.68	21.66	0.232440	52.208
21.68	21.66	0.232457	52.308
21.66	21.66	0.232474	52.409
21.66	21.66	0.232490	52.508
21.66	21.66	0.232507	52.608
21.66	21.66	0.232524	52.708
21.66	21.66	0.232540	52.808
21.66	21.66	0.232557	52.908
21.66	21.66	0.232574	53.008
21.66	21.66	0.232590	53.108
21.66	21.66	0.232607	53.208
21.66	21.66	0.232624	53.309
21.66	21.66	0.232640	53.408
21.66	21.66	0.232657	53.508
21.66	21.66	0.232674	53.608
21.66	21.66	0.232690	53.708
21.63	21.66	0.232707	53.808
21.63	21.66	0.232724	53.908
21.63	21.66	0.232740	54.009
21.63	21.66	0.232757	54.108
21.63	21.66	0.232774	54.209
21.63	21.66	0.232790	54.308
21.63	21.66	0.232807	54.408
21.63	21.66	0.232824	54.508
21.63	21.66	0.232840	54.607
21.63	21.66	0.232857	54.709
21.66	21.66	0.232873	54.809
21.66	21.66	0.232890	54.910
21.66	21.66	0.232907	55.009
21.66	21.66	0.232923	55.109
21.66	21.66	0.232940	55.209
21.66	21.66	0.232957	55.309
21.66	21.66	0.232973	55.409
21.66	21.67	0.232990	55.509
21.66	21.67	0.233007	55.610
21.66	21.67	0.233023	55.709
21.66	21.67	0.233040	55.809
21.66	21.67	0.233057	55.909
21.66	21.67	0.233073	56.008
21.66	21.67	0.233090	56.109
21.66	21.68	0.233107	56.209
21.66	21.68	0.233123	56.308
21.66	21.68	0.233140	56.409
21.66	21.68	0.233157	56.509
21.66	21.68	0.233173	56.609
21.68	21.69	0.233190	56.709
21.68	21.69	0.233207	56.808
21.68	21.69	0.233223	56.908
21.68	21.69	0.233240	57.037
21.68	21.69	0.233257	57.132
21.68	21.70	0.233273	57.232
21.68	21.70	0.233290	57.336
21.68	21.70	0.233307	57.431
21.68	21.70	0.233323	57.532
21.68	21.71	0.233340	57.635
21.71	21.71	0.233357	57.730
21.71	21.71	0.233373	57.833
21.71	21.71	0.233390	57.934
21.71	21.72	0.233407	58.029
21.71	21.72	0.233423	58.132
21.71	21.72	0.233440	58.233
21.71	21.73	0.233457	58.328
21.71	21.73	0.233473	58.432
21.71	21.73	0.233490	58.532
21.71	21.73	0.233507	58.626
21.74	21.74	0.233523	58.731
21.74	21.74	0.233540	58.830
21.74	21.74	0.233557	58.925
21.74	21.75	0.233573	59.030
21.74	21.75	0.233590	59.129
21.74	21.75	0.233607	59.224
21.74	21.76	0.233623	59.328
21.74	21.76	0.233640	59.428
21.74	21.76	0.233657	59.522
21.76	21.77	0.233673	59.627
21.76	21.77	0.233690	59.721
21.76	21.77	0.233706	59.822
21.76	21.78	0.233723	59.927
21.76	21.78	0.233740	00.021
21.76	21.78	0.233756	00.120
21.76	21.79	0.233773	00.225
21.76	21.79	0.233790	00.320
21.76	21.79	0.233806	00.419
21.79	21.80	0.233823	00.524
21.79	21.80	0.233840	00.619
21.79	21.80	0.233856	00.718
21.79	21.81	0.233873	00.823
21.79	21.81	0.233890	00.917
21.79	21.81	0.233906	01.017
21.81	21.82	0.233923	01.121
21.81	21.82	0.233940	01.216
21.81	21.82	0.233956	01.315
21.81	21.83	0.233973	01.420
21.81	21.83	0.233990	01.515
21.81	21.84	0.234006	01.614
21.84	21.84	0.234023	01.719
21.84	21.84	0.234040	01.813
21.84	21.85	0.234056	01.913
21.84	21.85	0.234073	02.017
21.84	21.85	0.234090	02.112
21.86	21.86	0.234106	02.212
21.86	21.86	0.234123	02.316
21.86	21.86	0.234140	02.411
21.86	21.87	0.234156	02.512
21.86	21.87	0.234173	02.616
21.86	21.87	0.234190	02.711
21.89	21.88	0.234206	02.812
21.89	21.88	0.234223	02.914
21.89	21.88	0.234240	03.011
21.89	21.89	0.234256	03.112
21.89	21.89	0.234273	03.213
21.89	21.89	0.234290	03.311
21.89	21.89	0.234306	03.411
21.92	21.90	0.234323	03.512
21.92	21.90	0.234340	03.611
21.92	21.90	0.234356	03.711
21.92	21.91	0.234373	03.812
21.92	21.91	0.234390	03.911
21.92	21.91	0.234406	04.011
21.92	21.91	0.234423	04.111
21.92	21.92	0.234440	04.211
21.92	21.92	0.234456	04.311
21.92	21.92	0.234473	04.411
21.92	21.92	0.234490	04.511
21.92	21.93	0.234506	04.611
21.92	21.93	0.234523	04.712
21.92	21.93	0.234539	04.811
21.92	21.93	0.234556	04.911
21.94	21.94	0.234573	05.011
21.94	21.94	0.234589	05.111
21.94	21.94	0.234606	05.211
21.94	21.94	0.234623	05.311
21.94	21.94	0.234639	05.412
21.94	21.95	0.234656	05.511
21.94	21.95	0.234673	05.611
21.94	21.95	0.234689	05.711
21.94	21.95	0.234706	05.811
21.94	21.95	0.234723	05.911
21.97	21.96	0.234739	06.011
21.97	21.96	0.234756	06.111
21.97	21.96	0.234773	06.211
21.97	21.96	0.234789	06.312
21.97	21.96	0.234806	06.411
21.97	21.96	0.234823	06.511
21.97	21.96	0.234839	06.611
21.97	21.96	0.234856	06.711
21.97	21.97	0.234873	06.811
21.97	21.97	0.234889	06.911
21.97	21.97	0.234906	07.012
21.97	21.97	0.234923	07.112
21.97	21.97	0.234939	07.213
21.97	21.97	0.234956	07.312
21.99	21.97	0.234973	07.412
21.99	21.97	0.234989	07.512
21.99	21.97	0.235006	07.612
21.99	21.97	0.235023	07.712
21.99	21.97	0.235039	07.812
21.99	21.97	0.235056	07.913
21.99	21.97	0.235073	08.012
21.99	21.97	0.235089	08.112
21.99	21.97	0.235106	08.212
21.99	21.97	0.235123	08.312
21.99	21.97	0.235139	08.412
21.99	21.97	0.235156	08.512
21.99	21.97	0.235173	08.612
21.99	21.97	0.235189	08.712
21.99	21.97	0.235206	08.836
21.99	21.97	0.235223	08.936
21.99	21.97	0.235239	09.041
21.99	21.97	0.235256	09.135
21.99	21.97	0.235273	09.235
21.99	21.97	0.235289	09.339
21.97	21.97	0.235306	09.434
21.97	21.97	0.235323	09.533
21.97	21.97	0.235339	09.638
21.97	21.97	0.235356	09.733
21.97	21.97	0.235372	09.832
21.97	21.97	0.235389	09.937
21.97	21.96	0.235406	10.031
21.97	21.96	0.235422	10.131
21.97	21.96	0.235439	10.235
21.97	21.96	0.235456	10.331
21.97	21.96	0.235472	10.430
21.97	21.96	0.235489	10.535
21.97	21.96	0.235506	10.630
21.97	21.96	0.235522	10.731
21.97	21.96	0.235539	10.834
21.97	21.95	0.235556	10.928
21.97	21.95	0.235572	11.031
21.97	21.95	0.235589	11.132
21.97	21.95	0.235606	11.227
21.97	21.95	0.235622	11.330
21.97	21.95	0.235639	11.431
21.97	21.95	0.235656	11.526
21.97	21.94	0.235672	11.630
21.97	21.94	0.235689	11.730
21.94	21.94	0.235706	11.824
21.94	21.94	0.235722	11.929
21.94	21.94	0.235739	12.028
21.94	21.94	0.235756	12.123
21.94	21.93	0.235772	12.228
21.94	21.93	0.235789	12.327
21.94	21.93	0.235806	12.422
21.94	21.93	0.235822	12.527
21.94	21.93	0.235839	12.627
21.94	21.93	0.235856	12.721
21.94	21.92	0.235872	12.826
21.94	21.92	0.235889	12.920
21.92	21.92	0.235906	13.020
21.92	21.92	0.235922	13.125
21.92	21.92	0.235939	13.219
21.92	21.92	0.235956	13.319
21.92	21.91	0.235972	13.423
21.92	21.91	0.235989	13.518
21.92	21.91	0.236006	13.617
21.92	21.91	0.236022	13.722
21.92	21.91	0.236039	13.817
21.92	21.91	0.236056	13.916
21.92	21.90	0.236072	14.021
21.92	21.90	0.236089	14.115
21.89	21.90	0.236106	14.215
21.89	21.90	0.236122	14.319
21.89	21.90	0.236139	14.414
21.89	21.90	0.236156	14.515
21.89	21.89	0.236172	14.618
21.89	21.89	0.236189	14.714
21.89	21.89	0.236205	14.814
21.89	21.89	0.236222	14.918
21.89	21.89	0.236239	15.014
21.89	21.89	0.236255	15.114
21.89	21.89	0.236272	15.216
21.89	21.88	0.236289	15.314
21.89	21.88	0.236305	15.415
21.89	21.88	0.236322	15.515
21.86	21.88	0.236339	15.614
21.86	21.88	0.236355	15.715
21.86	21.88	0.236372	15.815
21.86	21.88	0.236389	15.915
21.86	21.88	0.236405	16.015
21.86	21.88	0.236422	16.116
21.86	21.88	0.236439	16.215
21.86	21.87	0.236455	16.315
21.86	21.87	0.236472	16.415
21.86	21.87	0.236489	16.515
21.86	21.87	0.236505	16.615
21.86	21.87	0.236522	16.715
21.86	21.87	0.236539	16.815
21.86	21.87	0.236555	16.915
21.86	21.87	0.236572	17.016
21.86	21.87	0.236589	17.115
21.86	21.87	0.236605	17.215
21.86	21.87	0.236622	17.315
21.86	21.87	0.236639	17.415
21.86	21.87	0.236655	17.515
21.86	21.87	0.236672	17.615
21.89	21.87	0.236689	17.715
21.89	21.87	0.236705	17.815
21.89	21.87	0.236722	17.916
21.89	21.87	0.236739	18.015
21.89	21.87	0.236755	18.115
21.89	21.87	0.236772	18.215
21.89	21.87	0.236789	18.315
21.86	21.87	0.236805	18.415
21.86	21.87	0.236822	18.515
21.86	21.87	0.236839	18.616
21.86	21.87	0.236855	18.715
21.86	21.87	0.236872	18.815
21.86	21.87	0.236889	18.915
21.86	21.87	0.236905	19.015
21.86	21.88	0.236922	19.115
21.86	21.88	0.236939	19.215
21.86	21.88	0.236955	19.315
21.86	21.88	0.236972	19.415
21.86	21.88	0.236989	19.516
21.86	21.88	0.237005	19.615
21.86	21.88	0.237022	19.715
21.86	21.88	0.237038	19.815
21.86	21.88	0.237055	19.915
21.86	21.89	0.237072	20.015
21.89	21.89	0.237088	20.115
21.89	21.89	0.237105	20.216
21.89	21.89	0.237122	20.315
21.89	21.89	0.237138	20.415
21.89	21.90	0.237155	20.515
21.89	21.90	0.237172	20.615
21.89	21.90	0.237188	20.715
21.89	21.90	0.237205	20.815
21.89	21.90	0.237222	20.939
21.89	21.91	0.237238	21.044
21.89	21.91	0.237255	21.138
21.89	21.91	0.237272	21.238
21.89	21.91	0.237288	21.343
21.89	21.91	0.237305	21.437
21.89	21.92	0.237322	21.536
21.92	21.92	0.237338	21.641
21.92	21.92	0.237355	21.735
21.92	21.92	0.237372	21.835
21.92	21.93	0.237388	21.939
21.92	21.93	0.237405	22.034
21.92	21.93	0.237422	22.134
21.92	21.94	0.237438	22.239
21.92	21.94	0.237455	22.334
21.92	21.94	0.237472	22.433
21.92	21.94	0.237488	22.538
21.94	21.95	0.237505	22.632
21.94	21.95	0.237522	22.732
21.94	21.95	0.237538	22.836
21.94	21.96	0.237555	22.931
21.94	21.96	0.237572	23.031
21.94	21.96	0.237588	23.135
21.94	21.97	0.237605	23.230
21.94	21.97	0.237622	23.329
21.94	21.97	0.237638	23.434
21.94	21.98	0.237655	23.529
21.97	21.98	0.237672	23.629
21.97	21.98	0.237688	23.733
21.97	21.99	0.237705	23.827
21.97	21.99	0.237722	23.929
21.97	21.99	0.237738	24.032
21.99	22.00	0.237755	24.126
21.99	22.00	0.237772	24.229
21.99	22.00	0.237788	24.331
21.99	22.01	0.237805	24.425
21.99	22.01	0.237822	24.529
21.99	22.01	0.237838	24.629
21.99	22.02	0.237855	24.724
22.02	22.02	0.237871	24.828
22.02	22.02	0.237888	24.928
22.02	22.03	0.237905	25.022
22.02	22.03	0.237921	25.127
22.02	22.03	0.237938	25.227
22.02	22.04	0.237955	25.321
22.04	22.04	0.237971	25.427
22.04	22.05	0.237988	25.526
22.04	22.05	0.238005	25.621
22.04	22.05	0.238021	25.725
22.04	22.06	0.238038	25.825
22.04	22.06	0.238055	25.920
22.07	22.06	0.238071	26.024
22.07	22.07	0.238088	26.119
22.07	22.07	0.238105	26.218
22.07	22.07	0.238121	26.323
22.07	22.08	0.238138	26.417
22.07	22.08	0.238155	26.517
22.07	22.08	0.238171	26.621
22.09	22.09	0.238188	26.716
22.09	22.09	0.238205	26.817
22.09	22.09	0.238221	26.920
22.09	22.10	0.238238	27.016
22.09	22.10	0.238255	27.116
22.09	22.10	0.238271	27.219
22.09	22.10	0.238288	27.316
22.12	22.11	0.238305	27.416
22.12	22.11	0.238321	27.518
22.12	22.11	0.238338	27.616
22.12	22.12	0.238355	27.716
22.12	22.12	0.238371	27.816
22.12	22.12	0.238388	27.916
22.12	22.12	0.238405	28.016
22.12	22.13	0.238421	28.116
22.15	22.13	0.238438	28.216
22.15	22.13	0.238455	28.316
22.15	22.14	0.238471	28.416
22.15	22.14	0.238488	28.516
22.15	22.14	0.238505	28.616
22.15	22.14	0.238521	28.716
22.15	22.15	0.238538	28.816
22.15	22.15	0.238555	28.916
22.15	22.15	0.238571	29.016
22.15	22.15	0.238588	29.116
22.17	22.15	0.238605	29.216
22.17	22.16	0.238621	29.316
22.17	22.16	0.238638	29.416
22.17	22.16	0.238655	29.516
22.17	22.16	0.238671	29.616
22.17	22.16	0.238688	29.716
22.17	22.17	0.238704	29.816
22.17	22.17	0.238721	29.916
22.17	22.17	0.238738	30.017
22.17	22.17	0.238754	30.116
22.17	22.17	0.238771	30.216
22.17	22.17	0.238788	30.316
22.17	22.17	0.238804	30.416
22.17	22.18	0.238821	30.516
22.17	22.18	0.238838	30.616
22.20	22.18	0.238854	30.716
22.20	22.18	0.238871	30.816
22.20	22.18	0.238888	30.917
22.20	22.18	0.238904	31.016
22.20	22.18	0.238921	31.116
22.20	22.18	0.238938	31.216
22.20	22.18	0.238954	31.316
22.20	22.18	0.238971	31.416
22.20	22.18	0.238988	31.516
22.20	22.18	0.239004	31.616
22.20	22.19	0.239021	31.716
22.20	22.19	0.239038	31.817
22.20	22.19	0.239054	31.916
22.20	22.19	0.239071	32.016
22.20	22.19	0.239088	32.116
22.20	22.19	0.239104	32.216
22.20	22.19	0.239121	32.316
22.20	22.19	0.239138	32.416
22.20	22.19	0.239154	32.517
22.20	22.19	0.239171	32.616
22.20	22.19	0.239188	32.716
22.20	22.19	0.239204	32.816
22.20	22.19	0.239221	32.916
22.20	22.19	0.239238	33.016
22.20	22.18	0.239254	33.116
22.20	22.18	0.239271	33.241
22.20	22.18	0.239288	33.316
22.20	22.18	0.239304	33.445
22.17	22.18	0.239321	33.539
22.17	22.18	0.239338	33.645
22.17	22.18	0.239354	33.744
22.17	22.18	0.239371	33.839
22.17	22.18	0.239388	33.943
22.17	22.18	0.239404	34.038
22.17	22.18	0.239421	34.137
22.17	22.18	0.239438	34.242
22.17	22.18	0.239454	34.337
22.17	22.17	0.239471	34.436
22.17	22.17	0.239488	34.541
22.17	22.17	0.239504	34.635
22.17	22.17	0.239521	34.735
22.17	22.17	0.239537	34.839
22.17	22.17	0.239554	34.934
22.17	22.17	0.239571	35.033
22.17	22.17	0.239587	35.138
22.17	22.16	0.239604	35.233
22.17	22.16	0.239621	35.332
22.17	22.16	0.239637	35.437
22.17	22.16	0.239654	35.532
22.17	22.16	0.239671	35.632
22.20	22.16	0.239687	35.736
22.20	22.15	0.239704	35.831
22.20	22.15	0.239721	35.931
22.20	22.15	0.239737	36.035
22.20	22.15	0.239754	36.130
22.17	22.15	0.239771	36.229
22.17	22.15	0.239787	36.334
22.17	22.14	0.239804	36.428
22.17	22.14	0.239821	36.528
22.17	22.14	0.239837	36.632
22.17	22.14	0.239854	36.727
22.17	22.14	0.239871	36.827
22.17	22.14	0.239887	36.931
22.15	22.13	0.239904	37.026
22.15	22.13	0.239921	37.127
22.15	22.13	0.239937	37.230
22.15	22.13	0.239954	37.324
22.15	22.13	0.239971	37.427
22.15	22.13	0.239987	37.529
22.12	22.12	0.240004	37.623
22.12	22.12	0.240021	37.727
22.12	22.12	0.240037	37.827
22.12	22.12	0.240054	37.922
22.12	22.12	0.240071	38.026
22.12	22.12	0.240087	38.127
22.12	22.11	0.240104	38.221
22.12	22.11	0.240121	38.326
22.09	22.11	0.240137	38.426
22.09	22.11	0.240154	38.520
22.09	22.11	0.240171	38.625
22.09	22.11	0.240187	38.724
22.09	22.10	0.240204	38.819
22.09	22.10	0.240221	38.923
22.09	22.10	0.240237	39.023
22.09	22.10	0.240254	39.118
22.09	22.10	0.240271	39.222
22.09	22.10	0.240287	39.317
22.09	22.10	0.240304	39.418
22.09	22.10	0.240321	39.521
22.09	22.09	0.240337	39.622
22.09	22.09	0.240354	39.718
22.09	22.09	0.240370	39.819
22.09	22.09	0.240387	39.922
22.09	22.09	0.240404	40.018
22.09	22.09	0.240420	40.118
22.09	22.09	0.240437	40.222
22.09	22.09	0.240454	40.318
22.09	22.09	0.240470	40.418
22.09	22.09	0.240487	40.521
22.09	22.09	0.240504	40.618
22.09	22.08	0.240520	40.719
22.09	22.08	0.240537	40.822
22.07	22.08	0.240554	40.918
22.07	22.08	0.240570	41.018
22.07	22.08	0.240587	41.122
22.07	22.08	0.240604	41.218
22.07	22.08	0.240620	41.318
22.07	22.08	0.240637	41.421
22.07	22.08	0.240654	41.518
22.07	22.08	0.240670	41.619
22.07	22.08	0.240687	41.722
22.07	22.08	0.240704	41.818
22.07	22.08	0.240720	41.918
22.07	22.08	0.240737	42.022
22.07	22.08	0.240754	42.118
22.07	22.08	0.240770	42.218
22.07	22.08	0.240787	42.321
22.07	22.08	0.240804	42.418
22.07	22.08	0.240820	42.519
22.07	22.08	0.240837	42.621
22.07	22.09	0.240854	42.718
22.07	22.09	0.240870	42.818
22.07	22.09	0.240887	42.922
22.07	22.09	0.240904	43.018
22.07	22.09	0.240920	43.118
22.09	22.09	0.240937	43.221
22.09	22.09	0.240954	43.318
22.09	22.09	0.240970	43.418
22.09	22.09	0.240987	43.521
22.09	22.09	0.241004	43.618
22.09	22.10	0.241020	43.718
22.09	22.10	0.241037	43.822
22.09	22.10	0.241054	43.918
22.09	22.10	0.241070	44.017
22.09	22.10	0.241087	44.122
22.09	22.10	0.241104	44.218
22.09	22.10	0.241120	44.318
22.09	22.11	0.241137	44.421
22.09	22.11	0.241154	44.518
22.09	22.11	0.241170	44.618
22.09	22.11	0.241187	44.721
22.09	22.11	0.241203	44.818
22.09	22.12	0.241220	44.919
22.09	22.12	0.241237	45.021
22.09	22.12	0.241253	45.118
22.09	22.12	0.241270	45.218
22.09	22.13	0.241287	45.321
22.09	22.13	0.241303	45.418
22.12	22.13	0.241320	45.518
22.12	22.13	0.241337	45.621
22.12	22.14	0.241353	45.747
22.12	22.14	0.241370	45.842
22.12	22.14	0.241387	45.921
22.12	22.14	0.241403	46.046
22.15	22.15	0.241420	46.140
22.15	22.15	0.241437	46.245
22.15	22.15	0.241453	46.344
22.15	22.15	0.241470	46.439
22.15	22.16	0.241487	46.543
22.15	22.16	0.241503	46.643
22.15	22.16	0.241520	46.738
22.17	22.17	0.241537	46.842
22.17	22.17	0.241553	46.942
22.17	22.17	0.241570	47.036
22.17	22.18	0.241587	47.141
22.17	22.18	0.241603	47.240
22.17	22.18	0.241620	47.335
22.17	22.19	0.241637	47.440
22.17	22.19	0.241653	47.535
22.20	22.19	0.241670	47.635
22.20	22.20	0.241687	47.739
22.20	22.20	0.241703	47.834
22.20	22.20	0.241720	47.933
22.20	22.21	0.241737	48.038
22.20	22.21	0.241753	48.132
22.20	22.21	0.241770	48.232
22.20	22.22	0.241787	48.337
22.20	22.22	0.241803	48.431
22.20	22.22	0.241820	48.531
22.20	22.23	0.241837	48.635
22.22	22.23	0.241853	48.730
22.22	22.23	0.241870	48.829
22.22	22.24	0.241887	48.934
22.22	22.24	0.241903	49.028
22.22	22.24	0.241920	49.128
22.22	22.25	0.241937	49.233
22.22	22.25	0.241953	49.327
22.25	22.25	0.241970	49.428
22.25	22.26	0.241987	49.532
22.25	22.26	0.242003	49.627
22.25	22.27	0.242020	49.726
22.25	22.27	0.242036	49.831
22.25	22.27	0.242053	49.926
22.25	22.28	0.242070	50.025
22.27	22.28	0.242086	50.130
22.27	22.28	0.242103	50.224
22.27	22.29	0.242120	50.325
22.27	22.29	0.242136	50.428
22.27	22.29	0.242153	50.523
22.30	22.30	0.242170	50.625
22.30	22.30	0.242186	50.727
22.30	22.30	0.242203	50.822
22.30	22.31	0.242220	50.925
22.30	22.31	0.242236	51.026
22.30	22.31	0.242253	51.120
22.33	22.31	0.242270	51.225
22.33	22.32	0.242286	51.325
22.33	22.32	0.242303	51.420
22.33	22.32	0.242320	51.525
22.33	22.33	0.242336	51.624
22.33	22.33	0.242353	51.719
22.33	22.33	0.242370	51.823
22.35	22.34	0.242386	51.923
22.35	22.34	0.242403	52.019
22.35	22.34	0.242420	52.122
22.35	22.34	0.242436	52.221
22.35	22.35	0.242453	52.319
22.35	22.35	0.242470	52.421
22.35	22.35	0.242486	52.520
22.35	22.35	0.242503	52.619
22.35	22.36	0.242520	52.719
22.35	22.36	0.242536	52.820
22.35	22.36	0.242553	52.919
22.35	22.36	0.242570	53.019
22.38	22.37	0.242586	53.120
22.38	22.37	0.242603	53.219
22.38	22.37	0.242620	53.320
22.38	22.37	0.242636	53.420
22.38	22.37	0.242653	53.519
22.38	22.38	0.242670	53.619
22.38	22.38	0.242686	53.720
22.38	22.38	0.242703	53.819
22.38	22.38	0.242720	53.919
22.38	22.38	0.242736	54.020
22.38	22.38	0.242753	54.119
22.40	22.38	0.242770	54.219
22.40	22.39	0.242786	54.320
22.40	22.39	0.242803	54.419
22.40	22.39	0.242820	54.519
22.40	22.39	0.242836	54.620
22.40	22.39	0.242853	54.719
22.40	22.39	0.242869	54.819
22.40	22.39	0.242886	54.920
22.40	22.39	0.242903	55.019
22.40	22.40	0.242919	55.119
22.40	22.40	0.242936	55.219
22.40	22.40	0.242953	55.319
22.40	22.40	0.242969	55.419
22.40	22.40	0.242986	55.520
22.40	22.40	0.243003	55.620
22.40	22.40	0.243019	55.719
22.40	22.40	0.243036	55.820
22.40	22.40	0.243053	55.919
22.40	22.40	0.243069	56.019
22.43	22.40	0.243086	56.119
22.43	22.40	0.243103	56.219
22.43	22.40	0.243119	56.319
22.43	22.40	0.243136	56.420
22.43	22.40	0.243153	56.520
22.43	22.40	0.243169	56.619
22.43	22.40	0.243186	56.720
22.43	22.40	0.243203	56.819
22.43	22.40	0.243219	56.919
22.43	22.40	0.243236	57.019
22.43	22.40	0.243253	57.119
22.43	22.40	0.243269	57.219
22.40	22.40	0.243286	57.320
22.40	22.40	0.243303	57.420
22.40	22.40	0.243319	57.519
22.40	22.40	0.243336	57.620
22.40	22.39	0.243353	57.719
22.40	22.39	0.243369	57.819
22.40	22.39	0.243386	57.919
22.40	22.39	0.243403	58.019
22.40	22.39	0.243419	58.143
22.40	22.39	0.243436	58.219
22.40	22.39	0.243453	58.348
22.40	22.39	0.243469	58.442
22.40	22.39	0.243486	58.519
22.40	22.39	0.243503	58.646
22.38	22.38	0.243519	58.741
22.38	22.38	0.243536	58.819
22.38	22.38	0.243553	58.945
22.38	22.38	0.243569	59.039
22.38	22.38	0.243586	59.119
22.38	22.38	0.243603	59.244
22.38	22.38	0.243619	59.338
22.38	22.37	0.243636	59.444
22.38	22.37	0.243653	59.543
22.38	22.37	0.243669	59.638
22.38	22.37	0.243686	59.742
22.38	22.37	0.243702	59.842
22.38	22.37	0.243719	59.937
22.38	22.36	0.243736	00.041
22.38	22.36	0.243752	00.141
22.38	22.36	0.243769	00.235
22.38	22.36	0.243786	00.340
22.38	22.36	0.243802	00.439
22.38	22.36	0.243819	00.534
22.38	22.35	0.243836	00.638
22.38	22.35	0.243852	00.733
22.35	22.35	0.243869	00.833
22.35	22.35	0.243886	00.937
22.35	22.35	0.243902	01.032
22.35	22.35	0.243919	01.131
22.35	22.34	0.243936	01.236
22.35	22.34	0.243952	01.330
22.35	22.34	0.243969	01.430
22.35	22.34	0.243986	01.535
22.35	22.34	0.244002	01.629
22.35	22.34	0.244019	01.729
22.35	22.33	0.244036	01.834
22.33	22.33	0.244052	01.929
22.33	22.33	0.244069	02.028
22.33	22.33	0.244086	02.133
22.33	22.33	0.244102	02.227
22.33	22.33	0.244119	02.327
22.33	22.32	0.244136	02.432
22.33	22.32	0.244152	02.526
22.33	22.32	0.244169	02.626
22.33	22.32	0.244186	02.730
22.33	22.32	0.244202	02.825
22.33	22.32	0.244219	02.924
22.33	22.32	0.244236	03.029
22.30	22.31	0.244252	03.124
22.30	22.31	0.244269	03.223
22.30	22.31	0.244286	03.328
22.30	22.31	0.244302	03.422
22.30	22.31	0.244319	03.523
22.30	22.31	0.244336	03.626
22.30	22.31	0.244352	03.721
22.30	22.31	0.244369	03.823
22.30	22.30	0.244386	03.925
22.30	22.30	0.244402	04.020
22.30	22.30	0.244419	04.123
22.30	22.30	0.244436	04.225
22.30	22.30	0.244452	04.320
22.30	22.30	0.244469	04.423
22.30	22.30	0.244486	04.523
22.30	22.30	0.244502	04.620
22.30	22.30	0.244519	04.723
22.30	22.30	0.244535	04.822
22.27	22.30	0.244552	04.920
22.27	22.30	0.244569	05.021
22.27	22.30	0.244585	05.121
22.27	22.30	0.244602	05.220
22.27	22.30	0.244619	05.320
22.27	22.30	0.244635	05.421
22.27	22.30	0.244652	05.520
22.27	22.30	0.244669	05.620
22.27	22.30	0.244685	05.720
22.30	22.30	0.244702	05.820
22.30	22.30	0.244719	05.920
22.30	22.30	0.244735	06.020
22.30	22.30	0.244752	06.120
22.30	22.30	0.244769	06.220
22.30	22.30	0.244785	06.321
22.30	22.30	0.244802	06.420
22.30	22.30	0.244819	06.520
22.30	22.30	0.244835	06.621
22.30	22.30	0.244852	06.721
22.30	22.30	0.244869	06.821
22.30	22.30	0.244885	06.921
22.30	22.30	0.244902	07.021
22.30	22.30	0.244919	07.121
22.30	22.30	0.244935	07.221
22.30	22.30	0.244952	07.321
22.30	22.30	0.244969	07.421
22.30	22.31	0.244985	07.521
22.30	22.31	0.245002	07.621
22.30	22.31	0.245019	07.721
22.30	22.31	0.245035	07.821
22.30	22.31	0.245052	07.923
22.30	22.31	0.245069	08.022
22.30	22.31	0.245085	08.122
22.33	22.32	0.245102	08.222
22.33	22.32	0.245119	08.322
22.33	22.32	0.245135	08.422
22.33	22.32	0.245152	08.522
22.33	22.32	0.245169	08.622
22.33	22.33	0.245185	08.722
22.33	22.33	0.245202	08.823
22.33	22.33	0.245219	08.922
22.33	22.33	0.245235	09.021
22.33	22.33	0.245252	09.122
22.33	22.34	0.245269	09.222
22.33	22.34	0.245285	09.322
22.33	22.34	0.245302	09.422
22.33	22.34	0.245319	09.523
22.33	22.35	0.245335	09.622
22.33	22.35	0.245352	09.722
22.33	22.35	0.245368	09.822
22.33	22.35	0.245385	09.922
22.33	22.36	0.245402	10.021
22.33	22.36	0.245418	10.122
22.33	22.36	0.245435	10.246
22.33	22.37	0.245452	10.351
22.35	22.37	0.245468	10.445
22.35	22.37	0.245485	10.545
22.35	22.37	0.245502	10.650
22.35	22.38	0.245518	10.744
22.35	22.38	0.245535	10.844
22.35	22.38	0.245552	10.948
22.35	22.39	0.245568	11.043
22.38	22.39	0.245585	11.142
22.38	22.39	0.245602	11.247
22.38	22.40	0.245618	11.341
22.38	22.40	0.245635	11.442
22.38	22.40	0.245652	11.546
22.38	22.41	0.245668	11.640
22.40	22.41	0.245685	11.742
22.40	22.41	0.245702	11.844
22.40	22.42	0.245718	11.939
22.40	22.42	0.245735	12.041
22.40	22.42	0.245752	12.143
22.40	22.43	0.245768	12.238
22.43	22.43	0.245785	12.342
22.43	22.43	0.245802	12.443
22.43	22.44	0.245818	12.537
22.43	22.44	0.245835	12.642
22.43	22.44	0.245852	12.741
22.43	22.45	0.245868	12.836
22.43	22.45	0.245885	12.940
22.45	22.45	0.245902	13.040
22.45	22.46	0.245918	13.135
22.45	22.46	0.245935	13.239
22.45	22.46	0.245952	13.339
22.45	22.47	0.245968	13.433
22.45	22.47	0.245985	13.538
22.48	22.48	0.246002	13.637
22.48	22.48	0.246018	13.732
22.48	22.48	0.246035	13.837
22.48	22.49	0.246052	13.931
22.48	22.49	0.246068	14.031
22.48	22.49	0.246085	14.135
22.50	22.50	0.246102	14.230
22.50	22.50	0.246118	14.329
22.50	22.50	0.246135	14.434
22.50	22.51	0.246152	14.529
22.50	22.51	0.246168	14.628
22.50	22.51	0.246185	14.734
22.50	22.52	0.246201	14.828
22.53	22.52	0.246218	14.928
22.53	22.52	0.246235	15.032
22.53	22.53	0.246251	15.127
22.53	22.53	0.246268	15.226
22.53	22.53	0.246285	15.331
22.53	22.53	0.246301	15.426
22.53	22.54	0.246318	15.525
22.53	22.54	0.246335	15.630
22.56	22.54	0.246351	15.724
22.56	22.55	0.246368	15.824
22.56	22.55	0.246385	15.928
22.56	22.55	0.246401	16.023
22.56	22.55	0.246418	16.122
22.56	22.56	0.246435	16.227
22.56	22.56	0.246451	16.323
22.56	22.56	0.246468	16.422
22.56	22.56	0.246485	16.526
22.56	22.57	0.246501	16.623
22.58	22.57	0.246518	16.723
22.58	22.57	0.246535	16.825
22.58	22.57	0.246551	16.923
22.58	22.58	0.246568	17.023
22.58	22.58	0.246585	17.124
22.58	22.58	0.246601	17.224
22.58	22.58	0.246618	17.323
22.58	22.58	0.246635	17.423
22.58	22.59	0.246651	17.523
22.58	22.59	0.246668	17.623
22.61	22.59	0.246685	17.723
22.61	22.59	0.246701	17.823
22.61	22.59	0.246718	17.924
22.61	22.60	0.246735	18.023
22.61	22.60	0.246751	18.123
22.61	22.60	0.246768	18.223
22.61	22.60	0.246785	18.323
22.61	22.60	0.246801	18.423
22.61	22.60	0.246818	18.523
22.61	22.60	0.246835	18.623
22.61	22.60	0.246851	18.723
22.61	22.61	0.246868	18.824
22.61	22.61	0.246885	18.923
22.61	22.61	0.246901	19.023
22.61	22.61	0.246918	19.123
22.61	22.61	0.246935	19.223
22.61	22.61	0.246951	19.323
22.61	22.61	0.246968	19.423
22.61	22.61	0.246985	19.523
22.61	22.61	0.247001	19.623
22.61	22.61	0.247018	19.723
22.63	22.61	0.247034	19.823
22.63	22.61	0.247051	19.923
22.63	22.61	0.247068	20.022
22.63	22.61	0.247084	20.123
22.63	22.61	0.247101	20.223
22.63	22.61	0.247118	20.323
22.63	22.61	0.247134	20.424
22.63	22.61	0.247151	20.523
22.63	22.61	0.247168	20.623
22.63	22.61	0.247184	20.723
22.63	22.61	0.247201	20.823
22.63	22.61	0.247218	20.923
22.63	22.61	0.247234	21.022
22.63	22.61	0.247251	21.123
22.63	22.61	0.247268	21.223
22.63	22.61	0.247284	21.324
22.61	22.61	0.247301	21.423
22.61	22.61	0.247318	21.523
22.61	22.61	0.247334	21.623
22.61	22.61	0.247351	21.723
22.61	22.61	0.247368	21.823
22.61	22.61	0.247384	21.923
22.61	22.60	0.247401	22.024
22.61	22.60	0.247418	22.123
22.61	22.60	0.247434	22.223
22.61	22.60	0.247451	22.323
22.61	22.60	0.247468	22.423
22.61	22.60	0.247484	22.523
22.61	22.60	0.247501	22.623
22.61	22.60	0.247518	22.747
22.61	22.60	0.247534	22.847
22.61	22.59	0.247551	22.951
22.61	22.59	0.247568	23.046
22.61	22.59	0.247584	23.146
22.61	22.59	0.247601	23.250
22.61	22.59	0.247618	23.345
22.58	22.59	0.247634	23.444
22.58	22.59	0.247651	23.549
22.58	22.58	0.247668	23.643
22.58	22.58	0.247684	23.743
22.58	22.58	0.247701	23.847
22.58	22.58	0.247718	23.942
22.58	22.58	0.247734	24.042
22.58	22.58	0.247751	24.146
22.58	22.57	0.247768	24.241
22.58	22.57	0.247784	24.340
22.58	22.57	0.247801	24.446
22.58	22.57	0.247818	24.540
22.58	22.57	0.247834	24.640
22.58	22.57	0.247851	24.745
22.58	22.56	0.247867	24.839
22.58	22.56	0.247884	24.941
22.58	22.56	0.247901	25.043
22.58	22.56	0.247917	25.138
22.58	22.56	0.247934	25.240
22.58	22.56	0.247951	25.342
22.56	22.55	0.247967	25.437
22.56	22.55	0.247984	25.540
22.56	22.55	0.248001	25.641
22.56	22.55	0.248017	25.735
22.56	22.55	0.248034	25.840
22.56	22.55	0.248051	25.939
22.56	22.54	0.248067	26.034
22.56	22.54	0.248084	26.138
22.56	22.54	0.248101	26.239
22.56	22.54	0.248117	26.333
22.56	22.54	0.248134	26.437
22.56	22.54	0.248151	26.537
22.53	22.53	0.248167	26.631
22.53	22.53	0.248184	26.736
22.53	22.53	0.248201	26.836
22.53	22.53	0.248217	26.930
22.53	22.53	0.248234	27.035
22.53	22.53	0.248251	27.130
22.53	22.53	0.248267	27.230
22.53	22.52	0.248284	27.334
22.53	22.52	0.248301	27.429
22.53	22.52	0.248317	27.528
22.50	22.52	0.248334	27.633
22.50	22.52	0.248351	27.727
22.50	22.52	0.248367	27.827
22.50	22.52	0.248384	27.932
22.50	22.52	0.248401	28.026
22.50	22.52	0.248417	28.126
22.50	22.52	0.248434	28.230
22.50	22.51	0.248451	28.325
22.50	22.51	0.248467	28.425
22.50	22.51	0.248484	28.529
22.50	22.51	0.248501	28.625
22.50	22.51	0.248517	28.725
22.50	22.51	0.248534	28.828
22.50	22.51	0.248551	28.925
22.50	22.51	0.248567	29.025
22.50	22.51	0.248584	29.126
22.50	22.51	0.248601	29.225
22.50	22.51	0.248617	29.325
22.50	22.51	0.248634	29.425
22.50	22.51	0.248651	29.526
22.50	22.51	0.248667	29.625
22.50	22.51	0.248684	29.725
22.50	22.51	0.248700	29.825
22.50	22.51	0.248717	29.925
22.50	22.51	0.248734	30.024
22.50	22.51	0.248750	30.125
22.50	22.51	0.248767	30.225
22.50	22.51	0.248784	30.325
22.50	22.51	0.248800	30.426
22.50	22.51	0.248817	30.525
22.50	22.51	0.248834	30.625
22.50	22.51	0.248850	30.725
22.53	22.51	0.248867	30.825
22.53	22.51	0.248884	30.925
22.53	22.51	0.248900	31.025
22.53	22.52	0.248917	31.125
22.53	22.52	0.248934	31.225
22.53	22.52	0.248950	31.325
22.53	22.52	0.248967	31.425
22.53	22.52	0.248984	31.525
22.53	22.52	0.249000	31.625
22.53	22.52	0.249017	31.725
22.53	22.52	0.249034	31.825
22.53	22.52	0.249050	31.925
22.50	22.53	0.249067	32.026
22.50	22.53	0.249084	32.125
22.50	22.53	0.249100	32.225
22.50	22.53	0.249117	32.325
22.50	22.53	0.249134	32.425
22.50	22.54	0.249150	32.525
22.50	22.54	0.249167	32.625
22.53	22.54	0.249184	32.726
22.53	22.54	0.249200	32.826
22.53	22.54	0.249217	32.927
22.53	22.55	0.249234	33.026
22.53	22.55	0.249250	33.126
22.53	22.55	0.249267	33.226
22.53	22.55	0.249284	33.326
22.53	22.55	0.249300	33.426
22.53	22.56	0.249317	33.526
22.56	22.56	0.249334	33.627
22.56	22.56	0.249350	33.726
22.56	22.56	0.249367	33.826
22.56	22.57	0.249384	33.927
22.56	22.57	0.249400	34.027
22.56	22.57	0.249417	34.127
22.56	22.58	0.249434	34.227
22.56	22.58	0.249450	34.327
22.56	22.58	0.249467	34.456
22.58	22.58	0.249484	34.551
22.58	22.59	0.249500	34.655
22.58	22.59	0.249517	34.755
22.58	22.59	0.249533	34.850
22.58	22.60	0.249550	34.954
22.58	22.60	0.249567	35.049
22.58	22.60	0.249583	35.148
22.58	22.61	0.249600	35.253
22.61	22.61	0.249617	35.347
22.61	22.61	0.249633	35.447
22.61	22.62	0.249650	35.552
22.61	22.62	0.249667	35.646
22.61	22.62	0.249683	35.746
22.61	22.63	0.249700	35.850
22.61	22.63	0.249717	35.945
22.63	22.63	0.249733	36.045
22.63	22.64	0.249750	36.150
22.63	22.64	0.249767	36.244
22.63	22.64	0.249783	36.344
22.63	22.65	0.249800	36.449
22.63	22.65	0.249817	36.543
22.63	22.65	0.249833	36.643
22.63	22.66	0.249850	36.747
22.66	22.66	0.249867	36.842
22.66	22.66	0.249883	36.941
22.66	22.67	0.249900	37.046
22.66	22.67	0.249917	37.141
22.66	22.67	0.249933	37.240
22.66	22.68	0.249950	37.345
22.68	22.68	0.249967	37.439
22.68	22.69	0.249983	37.539
22.68	22.69	0.250000	37.643
22.68	22.69	0.250017	37.738
22.68	22.70	0.250033	37.839
22.68	22.70	0.250050	37.942
22.68	22.70	0.250067	38.037
22.71	22.71	0.250083	38.138
22.71	22.71	0.250100	38.242
22.71	22.71	0.250117	38.335
22.71	22.72	0.250133	38.438
22.71	22.72	0.250150	38.540
22.71	22.72	0.250167	38.635
22.71	22.73	0.250183	38.739
22.71	22.73	0.250200	38.839
22.74	22.73	0.250217	38.934
22.74	22.74	0.250233	39.038
22.74	22.74	0.250250	39.138
22.74	22.74	0.250267	39.232
22.74	22.74	0.250283	39.337
22.74	22.75	0.250300	39.436
22.74	22.75	0.250317	39.531
22.74	22.75	0.250333	39.636
22.76	22.76	0.250350	39.735
22.76	22.76	0.250366	39.830
22.76	22.76	0.250383	39.934
22.76	22.76	0.250400	40.034
22.76	22.77	0.250416	40.128
22.76	22.77	0.250433	40.233
22.76	22.77	0.250450	40.329
22.76	22.78	0.250466	40.428
22.79	22.78	0.250483	40.533
22.79	22.78	0.250500	40.628
22.79	22.78	0.250516	40.728
22.79	22.79	0.250533	40.831
22.79	22.79	0.250550	40.928
22.79	22.79	0.250566	41.027
22.79	22.79	0.250583	41.130
22.79	22.79	0.250600	41.234
22.79	22.80	0.250616	41.328
22.79	22.80	0.250633	41.429
22.81	22.80	0.250650	41.528
22.81	22.80	0.250666	41.628
22.81	22.80	0.250683	41.728
22.81	22.81	0.250700	41.828
22.81	22.81	0.250716	41.930
22.81	22.81	0.250733	42.029
22.81	22.81	0.250750	42.133
22.81	22.81	0.250766	42.229
22.81	22.81	0.250783	42.329
22.81	22.81	0.250800	42.433
22.81	22.82	0.250816	42.529
22.84	22.82	0.250833	42.629
22.84	22.82	0.250850	42.733
22.84	22.82	0.250866	42.830
22.84	22.82	0.250883	42.929
22.84	22.82	0.250900	43.033
22.84	22.82	0.250916	43.129
22.84	22.82	0.250933	43.229
22.84	22.82	0.250950	43.333
22.84	22.82	0.250966	43.429
22.84	22.82	0.250983	43.529
22.84	22.82	0.251000	43.633
22.84	22.83	0.251016	43.730
22.84	22.83	0.251033	43.829
22.84	22.83	0.251050	43.933
22.84	22.83	0.251066	44.029
22.84	22.83	0.251083	44.129
22.84	22.83	0.251100	44.233
22.84	22.83	0.251116	44.330
22.84	22.83	0.251133	44.429
22.84	22.83	0.251150	44.533
22.84	22.83	0.251166	44.629
22.84	22.83	0.251183	44.729
22.84	22.83	0.251199	44.832
22.84	22.83	0.251216	44.929
22.84	22.83	0.251233	45.028
22.84	22.82	0.251249	45.133
22.84	22.82	0.251266	45.230
22.86	22.82	0.251283	45.329
22.86	22.82	0.251299	45.433
22.86	22.82	0.251316	45.530
22.86	22.82	0.251333	45.630
22.86	22.82	0.251349	45.732
22.84	22.82	0.251366	45.830
22.84	22.82	0.251383	45.931
22.84	22.82	0.251399	46.033
22.84	22.82	0.251416	46.130
22.84	22.82	0.251433	46.230
22.84	22.82	0.251449	46.333
22.84	22.81	0.251466	46.459
22.84	22.81	0.251483	46.554
22.81	22.81	0.251499	46.632
22.81	22.81	0.251516	46.758
22.81	22.81	0.251533	46.852
22.81	22.81	0.251549	46.932
22.81	22.81	0.251566	47.057
22.81	22.81	0.251583	47.151
22.81	22.80	0.251599	47.256
22.81	22.80	0.251616	47.356
22.81	22.80	0.251633	47.450
22.81	22.80	0.251649	47.555
22.79	22.80	0.251666	47.654
22.79	22.80	0.251683	47.749
22.79	22.79	0.251699	47.854
22.79	22.79	0.251716	47.954
22.79	22.79	0.251733	48.048
22.79	22.79	0.251749	48.153
22.79	22.79	0.251766	48.247
22.79	22.79	0.251783	48.347
22.79	22.78	0.251799	48.451
22.79	22.78	0.251816	48.546
22.79	22.78	0.251833	48.646
22.79	22.78	0.251849	48.750
22.79	22.78	0.251866	48.845
22.79	22.78	0.251883	48.944
22.79	22.77	0.251899	49.049
22.79	22.77	0.251916	49.143
22.79	22.77	0.251933	49.243
22.79	22.77	0.251949	49.347
22.79	22.77	0.251966	49.442
22.79	22.77	0.251983	49.542
22.76	22.76	0.251999	49.646
22.76	22.76	0.252016	49.741
22.76	22.76	0.252032	49.840
22.76	22.76	0.252049	49.946
22.76	22.76	0.252066	50.040
22.76	22.76	0.252082	50.140
22.76	22.75	0.252099	50.245
22.76	22.75	0.252116	50.339
22.76	22.75	0.252132	50.439
22.76	22.75	0.252149	50.543
22.76	22.75	0.252166	50.638
22.74	22.75	0.252182	50.737
22.74	22.74	0.252199	50.842
22.74	22.74	0.252216	50.936
22.74	22.74	0.252232	51.036
22.74	22.74	0.252249	51.141
22.74	22.74	0.252266	51.235
22.74	22.74	0.252282	51.336
22.74	22.74	0.252299	51.439
22.74	22.74	0.252316	51.534
22.74	22.73	0.252332	51.636
22.74	22.73	0.252349	51.738
22.74	22.73	0.252366	51.833
22.74	22.73	0.252382	51.936
22.74	22.73	0.252399	52.038
22.74	22.73	0.252416	52.132
22.71	22.73	0.252432	52.236
22.71	22.73	0.252449	52.336
22.71	22.73	0.252466	52.432
22.71	22.73	0.252482	52.535
22.71	22.73	0.252499	52.635
22.71	22.72	0.252516	52.733
22.71	22.72	0.252532	52.834
22.71	22.72	0.252549	52.934
22.71	22.72	0.252566	53.031
22.71	22.72	0.252582	53.133
22.71	22.72	0.252599	53.232
22.71	22.72	0.252616	53.332
22.71	22.72	0.252632	53.433
22.71	22.72	0.252649	53.532
22.71	22.72	0.252666	53.632
22.71	22.72	0.252682	53.732
22.71	22.72	0.252699	53.832
22.71	22.72	0.252716	53.932
22.71	22.72	0.252732	54.032
22.71	22.72	0.252749	54.132
22.71	22.72	0.252766	54.232
22.71	22.72	0.252782	54.333
22.71	22.72	0.252799	54.432
22.71	22.72	0.252816	54.532
22.71	22.72	0.252832	54.632
22.71	22.73	0.252849	54.732
22.71	22.73	0.252865	54.832
22.71	22.73	0.252882	54.932
22.71	22.73	0.252899	55.032
22.74	22.73	0.252915	55.132
22.74	22.73	0.252932	55.232
22.74	22.73	0.252949	55.332
22.74	22.73	0.252965	55.432
22.74	22.73	0.252982	55.532
22.74	22.73	0.252999	55.632
22.74	22.74	0.253015	55.732
22.74	22.74	0.253032	55.832
22.74	22.74	0.253049	55.933
22.74	22.74	0.253065	56.032
22.74	22.74	0.253082	56.132
22.74	22.74	0.253099	56.232
22.74	22.74	0.253115	56.332
22.74	22.75	0.253132	56.432
22.74	22.75	0.253149	56.532
22.74	22.75	0.253165	56.633
22.74	22.75	0.253182	56.733
22.74	22.75	0.253199	56.834
22.74	22.76	0.253215	56.933
22.74	22.76	0.253232	57.032
22.74	22.76	0.253249	57.133
22.74	22.76	0.253265	57.233
22.74	22.77	0.253282	57.333
22.74	22.77	0.253299	57.433
22.74	22.77	0.253315	57.534
22.74	22.77	0.253332	57.633
22.74	22.78	0.253349	57.733
22.74	22.78	0.253365	57.833
22.74	22.78	0.253382	57.933
22.74	22.78	0.253399	58.032
22.76	22.79	0.253415	58.133
22.76	22.79	0.253432	58.233
22.76	22.79	0.253449	58.333
22.76	22.79	0.253465	58.462
22.79	22.80	0.253482	58.557
22.79	22.80	0.253499	58.657
22.79	22.80	0.253515	58.761
22.79	22.81	0.253532	58.856
22.79	22.81	0.253549	58.956
22.79	22.81	0.253565	59.060
22.81	22.82	0.253582	59.154
22.81	22.82	0.253599	59.255
22.81	22.82	0.253615	59.358
22.81	22.83	0.253632	59.453
22.81	22.83	0.253649	59.555
22.81	22.83	0.253665	59.657
22.84	22.84	0.253682	59.752
22.84	22.84	0.253698	59.855
22.84	22.84	0.253715	59.956
22.84	22.85	0.253732	00.050
22.84	22.85	0.253748	00.155
22.84	22.85	0.253765	00.255
22.86	22.86	0.253782	00.350
22.86	22.86	0.253798	00.455
22.86	22.86	0.253815	00.554
22.86	22.87	0.253832	00.649
22.86	22.87	0.253848	00.753
22.86	22.87	0.253865	00.853
22.86	22.88	0.253882	00.948
22.86	22.88	0.253898	01.052
22.89	22.88	0.253915	01.152
22.89	22.89	0.253932	01.246
22.89	22.89	0.253948	01.351
22.89	22.89	0.253965	01.450
22.89	22.90	0.253982	01.545
22.89	22.90	0.253998	01.649
22.89	22.91	0.254015	01.744
22.92	22.91	0.254032	01.844
22.92	22.91	0.254048	01.948
22.92	22.92	0.254065	02.043
22.92	22.92	0.254082	02.142
22.92	22.92	0.254098	02.247
22.92	22.93	0.254115	02.341
22.92	22.93	0.254132	02.442
22.92	22.93	0.254148	02.546
22.92	22.94	0.254165	02.641
22.94	22.94	0.254182	02.741
22.94	22.94	0.254198	02.845
22.94	22.95	0.254215	02.940
22.94	22.95	0.254232	03.039
22.94	22.95	0.254248	03.144
22.94	22.95	0.254265	03.238
22.94	22.96	0.254282	03.338
22.97	22.96	0.254298	03.443
22.97	22.96	0.254315	03.537
22.97	22.97	0.254332	03.637
22.97	22.97	0.254348	03.741
22.97	22.97	0.254365	03.836
22.97	22.98	0.254382	03.935
22.97	22.98	0.254398	04.040
22.97	22.98	0.254415	04.134
22.99	22.98	0.254432	04.234
22.99	22.99	0.254448	04.339
22.99	22.99	0.254465	04.434
22.99	22.99	0.254482	04.534
22.99	22.99	0.254498	04.637
22.99	23.00	0.254515	04.734
22.99	23.00	0.254531	04.834
22.99	23.00	0.254548	04.937
22.99	23.00	0.254565	05.035
23.02	23.01	0.254581	05.134
23.02	23.01	0.254598	05.236
23.02	23.01	0.254615	05.334
23.02	23.01	0.254631	05.434
23.02	23.01	0.254648	05.534
23.02	23.02	0.254665	05.634
23.02	23.02	0.254681	05.734
23.02	23.02	0.254698	05.834
23.02	23.02	0.254715	05.935
23.02	23.02	0.254731	06.034
23.02	23.02	0.254748	06.134
23.02	23.02	0.254765	06.234
23.02	23.03	0.254781	06.334
23.04	23.03	0.254798	06.434
23.04	23.03	0.254815	06.534
23.04	23.03	0.254831	06.635
23.04	23.03	0.254848	06.734
23.04	23.03	0.254865	06.834
23.04	23.03	0.254881	06.934
23.04	23.03	0.254898	07.033
23.04	23.04	0.254915	07.134
23.04	23.04	0.254931	07.234
23.04	23.04	0.254948	07.334
23.04	23.04	0.254965	07.434
23.04	23.04	0.254981	07.535
23.04	23.04	0.254998	07.634
23.04	23.04	0.255015	07.733
23.04	23.04	0.255031	07.833
23.04	23.04	0.255048	07.933
23.04	23.04	0.255065	08.033
23.04	23.04	0.255081	08.133
23.07	23.04	0.255098	08.233
23.07	23.04	0.255115	08.333
23.07	23.04	0.255131	08.435
23.07	23.04	0.255148	08.534
23.07	23.04	0.255165	08.634
23.07	23.04	0.255181	08.735
23.07	23.04	0.255198	08.835
23.07	23.04	0.255215	08.936
23.07	23.04	0.255231	09.036
23.07	23.04	0.255248	09.137
23.07	23.04	0.255265	09.236
23.07	23.04	0.255281	09.336
23.04	23.04	0.255298	09.436
23.04	23.04	0.255315	09.536
23.04	23.04	0.255331	09.636
23.04	23.03	0.255348	09.736
23.04	23.03	0.255364	09.836
23.04	23.03	0.255381	09.936
23.04	23.03	0.255398	10.037
23.04	23.03	0.255414	10.136
23.04	23.03	0.255431	10.236
23.04	23.03	0.255448	10.335
23.04	23.03	0.255464	10.436
23.04	23.03	0.255481	10.560
23.04	23.03	0.255498	10.660
23.04	23.02	0.255514	10.764
23.04	23.02	0.255531	10.859
23.04	23.02	0.255548	10.959
23.04	23.02	0.255564	11.063
23.02	23.02	0.255581	11.158
23.02	23.02	0.255598	11.257
23.02	23.02	0.255614	11.362
23.02	23.01	0.255631	11.456
23.02	23.01	0.255648	11.556
23.02	23.01	0.255664	11.660
23.02	23.01	0.255681	11.755
23.02	23.01	0.255698	11.855
23.02	23.01	0.255714	11.959
23.02	23.00	0.255731	12.054
23.02	23.00	0.255748	12.153
23.02	23.00	0.255764	12.258
23.02	23.00	0.255781	12.352
23.02	23.00	0.255798	12.453
23.02	23.00	0.255814	12.557
23.02	22.99	0.255831	12.652
22.99	22.99	0.255848	12.753
22.99	22.99	0.255864	12.856
22.99	22.99	0.255881	12.951
22.99	22.99	0.255898	13.053
22.99	22.99	0.255914	13.155
22.99	22.98	0.255931	13.249
22.99	22.98	0.255948	13.353
22.99	22.98	0.255964	13.454
22.99	22.98	0.255981	13.548
22.99	22.98	0.255998	13.653
22.99	22.98	0.256014	13.752
22.99	22.97	0.256031	13.847
22.97	22.97	0.256048	13.951
22.97	22.97	0.256064	14.051
22.97	22.97	0.256081	14.146
22.97	22.97	0.256098	14.250
22.97	22.97	0.256114	14.350
22.97	22.96	0.256131	14.444
22.97	22.96	0.256148	14.549
22.97	22.96	0.256164	14.648
22.97	22.96	0.256181	14.743
22.97	22.96	0.256197	14.848
22.97	22.96	0.256214	14.942
22.97	22.96	0.256231	15.042
22.97	22.95	0.256247	15.147
22.97	22.95	0.256264	15.242
22.94	22.95	0.256281	15.340
22.94	22.95	0.256297	15.446
22.94	22.95	0.256314	15.540
22.94	22.95	0.256331	15.640
22.94	22.95	0.256347	15.745
22.94	22.95	0.256364	15.839
22.94	22.94	0.256381	15.939
22.94	22.94	0.256397	16.043
22.94	22.94	0.256414	16.138
22.94	22.94	0.256431	16.237
22.94	22.94	0.256447	16.342
22.94	22.94	0.256464	16.438
22.94	22.94	0.256481	16.537
22.94	22.94	0.256497	16.641
22.94	22.94	0.256514	16.737
22.94	22.94	0.256531	16.837
22.94	22.94	0.256547	16.939
22.94	22.94	0.256564	17.037
22.94	22.94	0.256581	17.138
22.94	22.94	0.256597	17.238
22.94	22.94	0.256614	17.339
22.94	22.94	0.256631	17.438
22.94	22.94	0.256647	17.538
22.94	22.94	0.256664	17.638
22.94	22.94	0.256681	17.738
22.92	22.94	0.256697	17.838
22.92	22.94	0.256714	17.938
22.92	22.94	0.256731	18.039
22.92	22.94	0.256747	18.138
22.92	22.94	0.256764	18.238
22.92	22.94	0.256781	18.338
22.92	22.94	0.256797	18.438
22.92	22.94	0.256814	18.538
22.92	22.94	0.256831	18.638
22.92	22.94	0.256847	18.738
22.92	22.94	0.256864	18.838
22.92	22.94	0.256881	18.939
22.94	22.94	0.256897	19.038
22.94	22.94	0.256914	19.138
22.94	22.94	0.256931	19.238
22.94	22.94	0.256947	19.338
22.94	22.94	0.256964	19.438
22.94	22.95	0.256981	19.538
22.94	22.95	0.256997	19.639
22.94	22.95	0.257014	19.739
22.94	22.95	0.257030	19.840
22.94	22.95	0.257047	19.939
22.94	22.95	0.257064	20.039
22.94	22.95	0.257080	20.139
22.94	22.96	0.257097	20.239
22.94	22.96	0.257114	20.339
22.94	22.96	0.257130	20.439
22.94	22.96	0.257147	20.540
22.94	22.96	0.257164	20.639
22.94	22.97	0.257180	20.739
22.94	22.97	0.257197	20.839
22.94	22.97	0.257214	20.940
22.94	22.97	0.257230	21.040
22.97	22.97	0.257247	21.140
22.97	22.98	0.257264	21.240
22.97	22.98	0.257280	21.340
22.97	22.98	0.257297	21.467
22.97	22.98	0.257314	21.542
22.97	22.99	0.257330	21.642
22.97	22.99	0.257347	21.766
22.97	22.99	0.257364	21.871
22.97	22.99	0.257380	21.970
22.99	23.00	0.257397	22.065
22.99	23.00	0.257414	22.169
22.99	23.00	0.257430	22.269
22.99	23.01	0.257447	22.363
22.99	23.01	0.257464	22.468
22.99	23.01	0.257480	22.568
22.99	23.01	0.257497	22.662
22.99	23.02	0.257514	22.767
23.02	23.02	0.257530	22.861
23.02	23.02	0.257547	22.961
23.02	23.03	0.257564	23.065
23.02	23.03	0.257580	23.160
23.02	23.03	0.257597	23.260
23.02	23.04	0.257614	23.365
23.04	23.04	0.257630	23.460
23.04	23.04	0.257647	23.559
23.04	23.05	0.257664	23.664
23.04	23.05	0.257680	23.758
23.04	23.05	0.257697	23.858
23.04	23.06	0.257714	23.962
23.04	23.06	0.257730	24.057
23.04	23.06	0.257747	24.157
23.07	23.07	0.257764	24.261
23.07	23.07	0.257780	24.356
23.07	23.07	0.257797	24.455
23.07	23.08	0.257814	24.560
23.07	23.08	0.257830	24.654
23.07	23.08	0.257847	24.754
23.07	23.09	0.257863	24.859
23.09	23.09	0.257880	24.953
23.09	23.09	0.257897	25.053
23.09	23.10	0.257913	25.157
23.09	23.10	0.257930	25.252
23.09	23.10	0.257947	25.351
23.09	23.11	0.257963	25.456
23.09	23.11	0.257980	25.551
23.12	23.12	0.257997	25.651
23.12	23.12	0.258013	25.756
23.12	23.12	0.258030	25.850
23.12	23.13	0.258047	25.951
23.12	23.13	0.258063	26.054
23.12	23.13	0.258080	26.149
23.12	23.14	0.258097	26.250
23.12	23.14	0.258113	26.353
23.15	23.14	0.258130	26.448
23.15	23.15	0.258147	26.551
23.15	23.15	0.258163	26.652
23.15	23.15	0.258180	26.746
23.15	23.16	0.258197	26.851
23.15	23.16	0.258213	26.950
23.15	23.16	0.258230	27.045
23.15	23.17	0.258247	27.150
23.17	23.17	0.258263	27.249
23.17	23.17	0.258280	27.344
23.17	23.17	0.258297	27.448
23.17	23.18	0.258313	27.548
23.17	23.18	0.258330	27.642
23.17	23.18	0.258347	27.747
23.17	23.19	0.258363	27.846
23.17	23.19	0.258380	27.942
23.20	23.19	0.258397	28.047
23.20	23.19	0.258413	28.146
23.20	23.20	0.258430	28.242
23.20	23.20	0.258447	28.345
23.20	23.20	0.258463	28.446
23.20	23.20	0.258480	28.542
23.20	23.21	0.258497	28.644
23.20	23.21	0.258513	28.746
23.20	23.21	0.258530	28.842
23.20	23.21	0.258547	28.943
23.22	23.22	0.258563	29.046
23.22	23.22	0.258580	29.142
23.22	23.22	0.258597	29.242
23.22	23.22	0.258613	29.346
23.22	23.22	0.258630	29.443
23.22	23.23	0.258647	29.542
23.22	23.23	0.258663	29.646
23.22	23.23	0.258680	29.742
23.22	23.23	0.258696	29.842
23.25	23.23	0.258713	29.946
23.25	23.24	0.258730	30.042
23.25	23.24	0.258746	30.142
23.25	23.24	0.258763	30.246
23.25	23.24	0.258780	30.343
23.25	23.24	0.258796	30.442
23.25	23.24	0.258813	30.546
23.25	23.24	0.258830	30.642
23.25	23.24	0.258846	30.742
23.25	23.25	0.258863	30.845
23.25	23.25	0.258880	30.942
23.25	23.25	0.258896	31.041
23.25	23.25	0.258913	31.146
23.27	23.25	0.258930	31.243
23.27	23.25	0.258946	31.342
23.27	23.25	0.258963	31.446
23.27	23.25	0.258980	31.542
23.27	23.25	0.258996	31.642
23.27	23.25	0.259013	31.745
23.27	23.25	0.259030	31.842
23.27	23.25	0.259046	31.943
23.27	23.25	0.259063	32.045
23.27	23.25	0.259080	32.142
23.27	23.25	0.259096	32.242
23.27	23.25	0.259113	32.346
23.27	23.25	0.259130	32.442
23.27	23.25	0.259146	32.542
23.27	23.25	0.259163	32.645
23.27	23.25	0.259180	32.742
23.27	23.25	0.259196	32.843
23.27	23.25	0.259213	32.945
23.27	23.25	0.259230	33.042
23.27	23.25	0.259246	33.142
23.27	23.25	0.259263	33.246
23.25	23.25	0.259280	33.342
23.25	23.25	0.259296	33.442
23.25	23.25	0.259313	33.545
23.25	23.25	0.259330	33.641
23.25	23.25	0.259346	33.743
23.25	23.25	0.259363	33.845
23.25	23.25	0.259380	33.942
23.25	23.24	0.259396	34.042
23.25	23.24	0.259413	34.146
23.25	23.24	0.259430	34.242
23.25	23.24	0.259446	34.342
23.25	23.24	0.259463	34.446
23.25	23.24	0.259480	34.571
23.25	23.24	0.259496	34.666
23.25	23.24	0.259513	34.745
23.25	23.24	0.259529	34.870
23.25	23.23	0.259546	34.964
23.25	23.23	0.259563	35.069
23.25	23.23	0.259579	35.168
23.25	23.23	0.259596	35.263
23.25	23.23	0.259613	35.367
23.25	23.23	0.259629	35.467
23.25	23.23	0.259646	35.562
23.25	23.22	0.259663	35.667
23.25	23.22	0.259679	35.766
23.25	23.22	0.259696	35.860
23.22	23.22	0.259713	35.965
23.22	23.22	0.259729	36.064
23.22	23.22	0.259746	36.159
23.22	23.21	0.259763	36.265
23.22	23.21	0.259779	36.358
23.22	23.21	0.259796	36.459
23.22	23.21	0.259813	36.563
23.22	23.21	0.259829	36.658
23.22	23.21	0.259846	36.757
23.22	23.20	0.259863	36.862
23.22	23.20	0.259879	36.957
23.20	23.20	0.259896	37.056
23.20	23.20	0.259913	37.161
23.20	23.20	0.259929	37.255
23.20	23.20	0.259946	37.355
23.20	23.19	0.259963	37.459
23.20	23.19	0.259979	37.554
23.20	23.19	0.259996	37.653
23.20	23.19	0.260013	37.758
23.20	23.19	0.260029	37.853
23.20	23.19	0.260046	37.952
23.20	23.18	0.260063	38.057
23.20	23.18	0.260079	38.151
23.20	23.18	0.260096	38.252
23.20	23.18	0.260113	38.356
23.17	23.18	0.260129	38.451
23.17	23.18	0.260146	38.550
23.17	23.17	0.260163	38.655
23.17	23.17	0.260179	38.750
23.17	23.17	0.260196	38.849
23.17	23.17	0.260213	38.954
23.17	23.17	0.260229	39.048
23.17	23.17	0.260246	39.149
23.17	23.17	0.260263	39.252
23.17	23.16	0.260279	39.347
23.15	23.16	0.260296	39.449
23.15	23.16	0.260313	39.551
23.15	23.16	0.260329	39.646
23.15	23.16	0.260346	39.749
23.15	23.16	0.260362	39.850
23.15	23.16	0.260379	39.944
23.15	23.16	0.260396	40.049
23.15	23.16	0.260412	40.148
23.15	23.16	0.260429	40.243
23.15	23.15	0.260446	40.348
23.15	23.15	0.260462	40.447
23.15	23.15	0.260479	40.543
23.15	23.15	0.260496	40.646
23.15	23.15	0.260512	40.747
23.15	23.15	0.260529	40.843
23.15	23.15	0.260546	40.946
23.15	23.15	0.260562	41.046
23.15	23.15	0.260579	41.143
23.15	23.15	0.260596	41.245
23.12	23.15	0.260612	41.344
23.12	23.15	0.260629	41.443
23.12	23.15	0.260646	41.543
23.12	23.15	0.260662	41.644
23.12	23.15	0.260679	41.743
23.12	23.15	0.260696	41.843
23.12	23.15	0.260712	41.944
23.12	23.15	0.260729	42.042
23.12	23.15	0.260746	42.143
23.12	23.15	0.260762	42.244
23.15	23.15	0.260779	42.343
23.15	23.15	0.260796	42.443
23.15	23.15	0.260812	42.544
23.15	23.15	0.260829	42.643
23.15	23.15	0.260846	42.743
23.15	23.15	0.260862	42.844
23.15	23.15	0.260879	42.943
23.15	23.15	0.260896	43.043
23.15	23.16	0.260912	43.144
23.15	23.16	0.260929	43.243
23.15	23.16	0.260946	43.343
23.15	23.16	0.260962	43.444
23.15	23.16	0.260979	43.544
23.15	23.16	0.260996	43.643
23.15	23.16	0.261012	43.744
23.15	23.16	0.261029	43.843
23.15	23.16	0.261046	43.943
23.15	23.17	0.261062	44.043
23.17	23.17	0.261079	44.143
23.17	23.17	0.261096	44.243
23.17	23.17	0.261112	44.344
23.17	23.17	0.261129	44.443
23.17	23.18	0.261146	44.543
23.17	23.18	0.261162	44.644
23.17	23.18	0.261179	44.743
23.17	23.18	0.261195	44.843
23.17	23.18	0.261212	44.943
23.17	23.19	0.261229	45.042
23.17	23.19	0.261245	45.144
23.17	23.19	0.261262	45.243
23.17	23.19	0.261279	45.343
23.17	23.19	0.261295	45.443
23.17	23.20	0.261312	45.544
23.17	23.20	0.261329	45.643
23.17	23.20	0.261345	45.743
23.17	23.20	0.261362	45.844
23.20	23.21	0.261379	45.943
23.20	23.21	0.261395	46.044
23.20	23.21	0.261412	46.143
23.20	23.22	0.261429	46.243
23.20	23.22	0.261445	46.343
23.20	23.22	0.261462	46.444
23.20	23.22	0.261479	46.543
23.20	23.23	0.261495	46.643
23.22	23.23	0.261512	46.744
23.22	23.23	0.261529	46.843
23.22	23.24	0.261545	46.943
23.22	23.24	0.261562	47.043
23.22	23.24	0.261579	47.172
23.22	23.25	0.261595	47.266
23.22	23.25	0.261612	47.343
23.25	23.25	0.261629	47.470
23.25	23.26	0.261645	47.565
23.25	23.26	0.261662	47.644
23.25	23.26	0.261679	47.769
23.25	23.27	0.261695	47.864
23.25	23.27	0.261712	47.943
23.27	23.27	0.261729	48.068
23.27	23.28	0.261745	48.162
23.27	23.28	0.261762	48.267
23.27	23.28	0.261779	48.366
23.27	23.29	0.261795	48.461
23.27	23.29	0.261812	48.565
23.30	23.29	0.261829	48.666
23.30	23.30	0.261845	48.761
23.30	23.30	0.261862	48.865
23.30	23.30	0.261879	48.965
23.30	23.31	0.261895	49.059
23.30	23.31	0.261912	49.164
23.30	23.31	0.261929	49.263
23.33	23.32	0.261945	49.358
23.33	23.32	0.261962	49.463
23.33	23.33	0.261979	49.557
23.33	23.33	0.261995	49.657
23.33	23.33	0.262012	49.761
23.33	23.34	0.262028	49.856
23.33	23.34	0.262045	49.955
23.33	23.34	0.262062	50.060
23.33	23.35	0.262078	50.155
23.35	23.35	0.262095	50.254
23.35	23.35	0.262112	50.359
23.35	23.36	0.262128	50.453
23.35	23.36	0.262145	50.553
23.35	23.36	0.262162	50.657
23.35	23.37	0.262178	50.752
23.35	23.37	0.262195	50.851
23.38	23.37	0.262212	50.957
23.38	23.38	0.262228	51.052
23.38	23.38	0.262245	51.151
23.38	23.38	0.262262	51.256
23.38	23.38	0.262278	51.350
23.38	23.39	0.262295	51.450
23.38	23.39	0.262312	51.554
23.38	23.39	0.262328	51.649
23.40	23.40	0.262345	51.749
23.40	23.40	0.262362	51.853
23.40	23.40	0.262378	51.948
23.40	23.40	0.262395	52.047
23.40	23.41	0.262412	52.152
23.40	23.41	0.262428	52.246
23.40	23.41	0.262445	52.347
23.40	23.42	0.262462	52.450
23.40	23.42	0.262478	52.545
23.43	23.42	0.262495	52.647
23.43	23.42	0.262512	52.749
23.43	23.43	0.262528	52.844
23.43	23.43	0.262545	52.947
23.43	23.43	0.262562	53.048
23.43	23.43	0.262578	53.143
23.43	23.43	0.262595	53.247
23.45	23.44	0.262612	53.347
23.45	23.44	0.262628	53.443
23.45	23.44	0.262645	53.547
23.45	23.44	0.262662	53.646
23.45	23.44	0.262678	53.743
23.45	23.45	0.262695	53.845
23.45	23.45	0.262712	53.945
23.45	23.45	0.262728	54.043
23.48	23.45	0.262745	54.144
23.48	23.45	0.262762	54.243
23.48	23.45	0.262778	54.343
23.48	23.45	0.262795	54.443
23.48	23.46	0.262812	54.543
23.48	23.46	0.262828	54.644
23.48	23.46	0.262845	54.743
23.48	23.46	0.262861	54.843
23.48	23.46	0.262878	54.943
23.48	23.46	0.262895	55.043
23.48	23.46	0.262911	55.143
23.48	23.46	0.262928	55.243
23.48	23.46	0.262945	55.343
23.48	23.46	0.262961	55.443
23.48	23.46	0.262978	55.543
23.48	23.46	0.262995	55.643
23.48	23.47	0.263011	55.743
23.48	23.47	0.263028	55.843
23.48	23.47	0.263045	55.943
23.48	23.47	0.263061	56.043
23.48	23.47	0.263078	56.143
23.48	23.47	0.263095	56.244
23.48	23.47	0.263111	56.343
23.48	23.47	0.263128	56.442
23.48	23.47	0.263145	56.543
23.48	23.47	0.263161	56.643
23.48	23.47	0.263178	56.743
23.48	23.47	0.263195	56.843
23.48	23.47	0.263211	56.944
23.48	23.47	0.263228	57.043
23.48	23.46	0.263245	57.143
23.48	23.46	0.263261	57.243
23.48	23.46	0.263278	57.343
23.45	23.46	0.263295	57.443
23.45	23.46	0.263311	57.543
23.45	23.46	0.263328	57.643
23.45	23.46	0.263345	57.743
23.45	23.46	0.263361	57.843
23.45	23.46	0.263378	57.943
23.45	23.46	0.263395	58.043
23.45	23.46	0.263411	58.143
23.45	23.46	0.263428	58.243
23.45	23.46	0.263445	58.343
23.45	23.45	0.263461	58.443
23.45	23.45	0.263478	58.543
23.45	23.45	0.263495	58.642
23.45	23.45	0.263511	58.744
23.48	23.45	0.263528	58.843
23.48	23.45	0.263545	58.943
23.48	23.45	0.263561	59.043
23.48	23.45	0.263578	59.143
23.48	23.44	0.263595	59.243
23.48	23.44	0.263611	59.343
23.48	23.44	0.263628	59.444
23.45	23.44	0.263645	59.543
23.45	23.44	0.263661	59.643
23.45	23.44	0.263678	59.772
23.45	23.43	0.263694	59.867
23.45	23.43	0.263711	59.966
23.45	23.43	0.263728	00.071
23.45	23.43	0.263744	00.166
23.45	23.43	0.263761	00.266
23.45	23.43	0.263778	00.370
23.45	23.42	0.263794	00.465
23.43	23.42	0.263811	00.566
23.43	23.42	0.263828	00.669
23.43	23.42	0.263844	00.763
23.43	23.42	0.263861	00.866
23.43	23.42	0.263878	00.968
23.43	23.41	0.263894	01.062
23.43	23.41	0.263911	01.166
23.40	23.41	0.263928	01.266
23.40	23.41	0.263944	01.361
23.40	23.41	0.263961	01.465
23.40	23.41	0.263978	01.565
23.40	23.40	0.263994	01.659
23.40	23.40	0.264011	01.764
23.40	23.40	0.264028	01.864
23.40	23.40	0.264044	01.958
23.40	23.40	0.264061	02.063
23.40	23.40	0.264078	02.162
23.40	23.39	0.264094	02.258
23.40	23.39	0.264111	02.362
23.40	23.39	0.264128	02.462
23.38	23.39	0.264144	02.557
23.38	23.39	0.264161	02.661
23.38	23.39	0.264178	02.756
23.38	23.38	0.264194	02.855
23.38	23.38	0.264211	02.960
23.38	23.38	0.264228	03.054
23.38	23.38	0.264244	03.154
23.38	23.38	0.264261	03.258
23.38	23.38	0.264278	03.353
23.38	23.38	0.264294	03.453
23.38	23.38	0.264311	03.557
23.38	23.37	0.264328	03.652
23.38	23.37	0.264344	03.751
23.38	23.37	0.264361	03.856
23.38	23.37	0.264378	03.950
23.38	23.37	0.264394	04.050
23.35	23.37	0.264411	04.155
23.35	23.37	0.264428	04.249
23.35	23.37	0.264444	04.349
23.35	23.37	0.264461	04.453
23.35	23.37	0.264478	04.548
23.35	23.37	0.264494	04.647
23.35	23.36	0.264511	04.753
23.35	23.36	0.264527	04.847
23.35	23.36	0.264544	04.947
23.35	23.36	0.264561	05.052
23.35	23.36	0.264577	05.146
23.35	23.36	0.264594	05.246
23.35	23.36	0.264611	05.350
23.35	23.36	0.264627	05.445
23.35	23.36	0.264644	05.544
23.35	23.36	0.264661	05.649
23.35	23.36	0.264677	05.745
23.35	23.36	0.264694	05.845
23.35	23.36	0.264711	05.948
23.35	23.36	0.264727	06.044
23.35	23.36	0.264744	06.145
23.35	23.36	0.264761	06.246
23.38	23.36	0.264777	06.344
23.38	23.36	0.264794	06.444
23.38	23.36	0.264811	06.557
23.38	23.36	0.264827	06.652
23.38	23.37	0.264844	06.752
23.38	23.37	0.264861	06.852
23.38	23.37	0.264877	06.952
23.38	23.37	0.264894	07.051
23.38	23.37	0.264911	07.152
23.38	23.37	0.264927	07.252
23.38	23.37	0.264944	07.352
23.35	23.37	0.264961	07.452
23.35	23.37	0.264977	07.553
23.35	23.37	0.264994	07.652
23.35	23.38	0.265011	07.752
23.35	23.38	0.265027	07.853
23.35	23.38	0.265044	07.953
23.35	23.38	0.265061	08.084
23.35	23.38	0.265077	08.160
23.35	23.38	0.265094	08.259
23.35	23.38	0.265111	08.359
23.35	23.39	0.265127	08.460
23.38	23.39	0.265144	08.588
23.38	23.39	0.265161	08.683
23.38	23.39	0.265177	08.760
23.38	23.39	0.265194	08.887
23.38	23.40	0.265211	08.981
23.38	23.40	0.265227	09.060
23.38	23.40	0.265244	09.185
23.38	23.40	0.265261	09.280
23.38	23.41	0.265277	09.360
23.40	23.41	0.265294	09.484
23.40	23.41	0.265311	09.579
23.40	23.41	0.265327	09.683
23.40	23.42	0.265344	09.783
23.40	23.42	0.265360	09.877
23.40	23.42	0.265377	09.982
23.40	23.42	0.265394	10.081
23.43	23.43	0.265410	10.176
23.43	23.43	0.265427	10.281
23.43	23.43	0.265444	10.380
23.43	23.43	0.265460	10.475
23.43	23.44	0.265477	10.580
23.43	23.44	0.265494	10.674
23.43	23.44	0.265510	10.774
23.43	23.45	0.265527	10.879
23.45	23.45	0.265544	10.974
23.45	23.45	0.265560	11.073
23.45	23.46	0.265577	11.178
23.45	23.46	0.265594	11.272
23.45	23.46	0.265610	11.372
23.45	23.47	0.265627	11.476
23.45	23.47	0.265644	11.571
23.45	23.47	0.265660	11.671
23.45	23.48	0.265677	11.775
23.45	23.48	0.265694	11.870
23.48	23.48	0.265710	11.969
23.48	23.49	0.265727	12.074
23.48	23.49	0.265744	12.168
23.48	23.49	0.265760	12.268
23.48	23.50	0.265777	12.372
23.48	23.50	0.265794	12.467
23.50	23.50	0.265810	12.567
23.50	23.51	0.265827	12.671
23.50	23.51	0.265844	12.766
23.50	23.51	0.265860	12.865
23.50	23.52	0.265877	12.971
23.50	23.52	0.265894	13.064
23.53	23.52	0.265910	13.165
23.53	23.53	0.265927	13.270
23.53	23.53	0.265944	13.364
23.53	23.53	0.265960	13.464
23.53	23.54	0.265977	13.568
23.53	23.54	0.265994	13.662
23.56	23.55	0.266010	13.763
23.56	23.55	0.266027	13.867
23.56	23.55	0.266044	13.961
23.56	23.56	0.266060	14.064
23.56	23.56	0.266077	14.166
23.56	23.56	0.266094	14.260
23.56	23.57	0.266110	14.364
23.56	23.57	0.266127	14.464
23.56	23.57	0.266144	14.560
23.58	23.58	0.266160	14.663
23.58	23.58	0.266177	14.763
23.58	23.58	0.266193	14.861
23.58	23.59	0.266210	14.962
23.58	23.59	0.266227	15.062
23.58	23.59	0.266243	15.160
23.58	23.59	0.266260	15.261
23.58	23.60	0.266277	15.360
23.58	23.60	0.266293	15.460
23.58	23.60	0.266310	15.560
23.61	23.61	0.266327	15.660
23.61	23.61	0.266343	15.760
23.61	23.61	0.266360	15.860
23.61	23.62	0.266377	15.960
23.61	23.62	0.266393	16.060
23.61	23.62	0.266410	16.160
23.61	23.62	0.266427	16.260
23.61	23.63	0.266443	16.360
23.63	23.63	0.266460	16.461
23.63	23.63	0.266477	16.560
23.63	23.63	0.266493	16.660
23.63	23.64	0.266510	16.760
23.63	23.64	0.266527	16.860
23.63	23.64	0.266543	16.960
23.63	23.64	0.266560	17.060
23.63	23.65	0.266577	17.161
23.66	23.65	0.266593	17.261
23.66	23.65	0.266610	17.362
23.66	23.65	0.266627	17.461
23.66	23.65	0.266643	17.561
23.66	23.66	0.266660	17.661
23.66	23.66	0.266677	17.761
23.66	23.66	0.266693	17.861
23.66	23.66	0.266710	17.962
23.66	23.66	0.266727	18.062
23.68	23.66	0.266743	18.162
23.68	23.66	0.266760	18.262
23.68	23.67	0.266777	18.362
23.68	23.67	0.266793	18.463
23.68	23.67	0.266810	18.563
23.68	23.67	0.266827	18.663
23.68	23.67	0.266843	18.763
23.68	23.67	0.266860	18.863
23.68	23.67	0.266877	18.963
23.68	23.67	0.266893	19.063
23.68	23.68	0.266910	19.163
23.68	23.68	0.266927	19.294
23.68	23.68	0.266943	19.395
23.68	23.68	0.266960	19.499
23.68	23.68	0.266977	19.594
23.68	23.68	0.266993	19.694
23.68	23.68	0.267010	19.798
23.68	23.68	0.267026	19.894
23.68	23.68	0.267043	19.995
23.68	23.68	0.267060	20.098
23.71	23.68	0.267076	20.194
23.71	23.68	0.267093	20.293
23.71	23.68	0.267110	20.398
23.71	23.68	0.267126	20.493
23.71	23.68	0.267143	20.594
23.71	23.68	0.267160	20.698
23.71	23.68	0.267176	20.794
23.71	23.68	0.267193	20.895
23.71	23.68	0.267210	20.998
23.71	23.68	0.267226	21.094
23.71	23.68	0.267243	21.195
23.71	23.68	0.267260	21.298
23.71	23.68	0.267276	21.395
23.68	23.68	0.267293	21.495
23.68	23.68	0.267310	21.597
23.68	23.68	0.267326	21.695
23.68	23.67	0.267343	21.796
23.68	23.67	0.267360	21.898
23.68	23.67	0.267376	21.995
23.68	23.67	0.267393	22.095
23.68	23.67	0.267410	22.198
23.68	23.67	0.267426	22.295
23.68	23.67	0.267443	22.395
23.68	23.67	0.267460	22.498
23.68	23.67	0.267476	22.595
23.68	23.67	0.267493	22.695
23.68	23.66	0.267510	22.798
23.68	23.66	0.267526	22.895
23.66	23.66	0.267543	22.995
23.66	23.66	0.267560	23.098
23.66	23.66	0.267576	23.195
23.66	23.66	0.267593	23.295
23.66	23.66	0.267610	23.398
23.66	23.65	0.267626	23.495
23.66	23.65	0.267643	23.595
23.66	23.65	0.267660	23.697
23.66	23.65	0.267676	23.795
23.66	23.65	0.267693	23.895
23.66	23.65	0.267710	23.998
23.66	23.64	0.267726	24.095
23.66	23.64	0.267743	24.195
23.66	23.64	0.267760	24.298
23.66	23.64	0.267776	24.395
23.66	23.64	0.267793	24.495
23.66	23.64	0.267810	24.597
23.63	23.63	0.267826	24.695
23.63	23.63	0.267843	24.819
23.63	23.63	0.267859	24.897
23.63	23.63	0.267876	25.023
23.63	23.63	0.267893	25.118
23.63	23.63	0.267909	25.198
23.63	23.62	0.267926	25.322
23.63	23.62	0.267943	25.417
23.63	23.62	0.267959	25.521
23.63	23.62	0.267976	25.621
23.63	23.62	0.267993	25.715
23.63	23.62	0.268009	25.820
23.61	23.61	0.268026	25.919
23.61	23.61	0.268043	26.014
23.61	23.61	0.268059	26.119
23.61	23.61	0.268076	26.218
23.61	23.61	0.268093	26.313
23.61	23.61	0.268109	26.418
23.61	23.60	0.268126	26.518
23.61	23.60	0.268143	26.612
23.61	23.60	0.268159	26.717
23.61	23.60	0.268176	26.811
23.61	23.60	0.268193	26.911
23.61	23.60	0.268209	27.016
23.61	23.60	0.268226	27.110
23.61	23.59	0.268243	27.210
23.58	23.59	0.268259	27.314
23.58	23.59	0.268276	27.409
23.58	23.59	0.268293	27.508
23.58	23.59	0.268309	27.613
23.58	23.59	0.268326	27.708
23.58	23.59	0.268343	27.807
23.58	23.59	0.268359	27.912
23.58	23.58	0.268376	28.006
23.58	23.58	0.268393	28.106
23.58	23.58	0.268409	28.210
23.58	23.58	0.268426	28.305
23.58	23.58	0.268443	28.404
23.58	23.58	0.268459	28.509
23.58	23.58	0.268476	28.604
23.58	23.58	0.268493	28.703
23.58	23.58	0.268509	28.809
23.58	23.58	0.268526	28.903
23.58	23.58	0.268543	29.003
23.58	23.58	0.268559	29.107
23.58	23.58	0.268576	29.202
23.58	23.58	0.268593	29.302
23.58	23.58	0.268609	29.406
23.58	23.58	0.268626	29.501
23.56	23.58	0.268643	29.601
23.56	23.58	0.268659	29.705
23.56	23.58	0.268676	29.799
23.56	23.58	0.268692	29.901
23.56	23.58	0.268709	30.003
23.56	23.58	0.268726	30.098
23.56	23.58	0.268742	30.201
23.56	23.58	0.268759	30.302
23.56	23.58	0.268776	30.397
23.56	23.58	0.268792	30.501
23.56	23.58	0.268809	30.601
23.58	23.58	0.268826	30.695
23.58	23.58	0.268842	30.800
23.58	23.58	0.268859	30.900
23.58	23.58	0.268876	30.995
23.58	23.58	0.268892	31.100
23.58	23.58	0.268909	31.199
23.58	23.58	0.268926	31.295
23.58	23.58	0.268942	31.398
23.58	23.58	0.268959	31.498
23.58	23.59	0.268976	31.595
23.58	23.59	0.268992	31.697
23.58	23.59	0.269009	31.797
23.58	23.59	0.269026	31.895
23.58	23.59	0.269042	31.996
23.58	23.59	0.269059	32.096
23.58	23.59	0.269076	32.195
23.58	23.60	0.269092	32.295
23.58	23.60	0.269109	32.396
23.58	23.60	0.269126	32.495
23.58	23.60	0.269142	32.595
23.58	23.60	0.269159	32.697
23.58	23.61	0.269176	32.795
23.58	23.61	0.269192	32.895
23.61	23.61	0.269209	32.996
23.61	23.61	0.269226	33.095
23.61	23.61	0.269242	33.195
23.61	23.62	0.269259	33.296
23.61	23.62	0.269276	33.395
23.61	23.62	0.269292	33.495
23.61	23.62	0.269309	33.596
23.61	23.63	0.269326	33.695
23.61	23.63	0.269342	33.795
23.61	23.63	0.269359	33.896
23.61	23.63	0.269376	33.994
23.61	23.64	0.269392	34.095
23.61	23.64	0.269409	34.196
23.63	23.64	0.269426	34.296
23.63	23.65	0.269442	34.395
23.63	23.65	0.269459	34.496
23.63	23.65	0.269476	34.595
23.63	23.65	0.269492	34.695
23.63	23.66	0.269509	34.796
23.63	23.66	0.269525	34.895
23.63	23.66	0.269542	34.995
23.66	23.67	0.269559	35.096
23.66	23.67	0.269575	35.196
23.66	23.67	0.269592	35.295
23.66	23.68	0.269609	35.396
23.66	23.68	0.269625	35.496
23.66	23.68	0.269642	35.596
23.66	23.69	0.269659	35.696
23.68	23.69	0.269675	35.796
23.68	23.69	0.269692	35.896
23.68	23.70	0.269709	35.996
23.68	23.70	0.269725	36.096
23.68	23.70	0.269742	36.196
23.68	23.71	0.269759	36.296
23.71	23.71	0.269775	36.396
23.71	23.71	0.269792	36.496
23.71	23.72	0.269809	36.596
23.71	23.72	0.269825	36.696
23.71	23.72	0.269842	36.797
23.71	23.73	0.269859	36.896
23.74	23.73	0.269875	36.996
23.74	23.73	0.269892	37.096
23.74	23.74	0.269909	37.196
23.74	23.74	0.269925	37.325
23.74	23.74	0.269942	37.420
23.74	23.75	0.269959	37.520
23.74	23.75	0.269975	37.624
23.76	23.76	0.269992	37.718
23.76	23.76	0.270009	37.820
23.76	23.76	0.270025	37.923
23.76	23.77	0.270042	38.017
23.76	23.77	0.270059	38.095
23.76	23.77	0.270075	38.221
23.76	23.78	0.270092	38.316
23.76	23.78	0.270109	38.419
23.76	23.78	0.270125	38.520
23.79	23.79	0.270142	38.615
23.79	23.79	0.270159	38.720
23.79	23.79	0.270175	38.820
23.79	23.80	0.270192	38.914
23.79	23.80	0.270209	39.019
23.79	23.80	0.270225	39.118
23.79	23.81	0.270242	39.213
23.81	23.81	0.270259	39.317
23.81	23.81	0.270275	39.417
23.81	23.81	0.270292	39.511
23.81	23.82	0.270309	39.616
23.81	23.82	0.270325	39.715
23.81	23.82	0.270342	39.810
23.81	23.83	0.270358	39.914
23.81	23.83	0.270375	40.009
23.84	23.83	0.270392	40.109
23.84	23.83	0.270408	40.214
23.84	23.84	0.270425	40.309
23.84	23.84	0.270442	40.408
23.84	23.84	0.270458	40.513
23.84	23.84	0.270475	40.607
23.84	23.85	0.270492	40.707
23.84	23.85	0.270508	40.811
23.86	23.85	0.270525	40.906
23.86	23.85	0.270542	41.006
23.86	23.86	0.270558	41.110
23.86	23.86	0.270575	41.205
23.86	23.86	0.270592	41.304
23.86	23.86	0.270608	41.409
23.86	23.86	0.270625	41.503
23.86	23.87	0.270642	41.603
23.86	23.87	0.270658	41.707
23.86	23.87	0.270675	41.802
23.89	23.87	0.270692	41.903
23.89	23.87	0.270708	42.007
23.89	23.88	0.270725	42.102
23.89	23.88	0.270742	42.201
23.89	23.88	0.270758	42.306
23.89	23.88	0.270775	42.401
23.89	23.88	0.270792	42.501
23.89	23.88	0.270808	42.604
23.89	23.88	0.270825	42.701
23.89	23.88	0.270842	42.801
23.89	23.89	0.270858	42.903
23.89	23.89	0.270875	43.000
23.89	23.89	0.270892	43.101
23.89	23.89	0.270908	43.202
23.89	23.89	0.270925	43.301
23.92	23.89	0.270942	43.401
23.92	23.89	0.270958	43.502
23.92	23.89	0.270975	43.601
23.92	23.89	0.270992	43.701
23.92	23.89	0.271008	43.801
23.92	23.89	0.271025	43.901
23.92	23.89	0.271042	44.001
23.92	23.89	0.271058	44.101
23.92	23.89	0.271075	44.201
23.92	23.89	0.271092	44.301
23.92	23.89	0.271108	44.402
23.89	23.89	0.271125	44.501
23.89	23.89	0.271142	44.601
23.89	23.89	0.271158	44.701
23.89	23.89	0.271175	44.801
23.89	23.89	0.271191	44.901
23.89	23.89	0.271208	45.001
23.89	23.89	0.271225	45.102
23.89	23.89	0.271241	45.202
23.89	23.89	0.271258	45.303
23.89	23.89	0.271275	45.402
23.89	23.89	0.271291	45.502
23.89	23.89	0.271308	45.602
23.89	23.89	0.271325	45.702
23.89	23.89	0.271341	45.802
23.89	23.89	0.271358	45.902
23.89	23.89	0.271375	46.003
23.89	23.88	0.271391	46.102
23.89	23.88	0.271408	46.202
23.89	23.88	0.271425	46.302
23.89	23.88	0.271441	46.402
23.89	23.88	0.271458	46.502
23.89	23.88	0.271475	46.602
23.89	23.88	0.271491	46.702
23.89	23.88	0.271508	46.802
23.89	23.88	0.271525	46.903
23.89	23.87	0.271541	47.002
23.89	23.87	0.271558	47.102
23.89	23.87	0.271575	47.202
23.89	23.87	0.271591	47.302
23.89	23.87	0.271608	47.402
23.89	23.87	0.271625	47.502
23.89	23.87	0.271641	47.602
23.89	23.86	0.271658	47.702
23.86	23.86	0.271675	47.803
23.86	23.86	0.271691	47.902
23.86	23.86	0.271708	48.002
23.86	23.86	0.271725	48.102
23.86	23.86	0.271741	48.202
23.86	23.85	0.271758	48.302
23.86	23.85	0.271775	48.402
23.86	23.85	0.271791	48.526
23.86	23.85	0.271808	48.626
23.86	23.85	0.271825	48.730
23.86	23.85	0.271841	48.825
23.86	23.84	0.271858	48.925
23.86	23.84	0.271875	49.029
23.86	23.84	0.271891	49.124
23.84	23.84	0.271908	49.223
23.84	23.84	0.271925	49.328
23.84	23.84	0.271941	49.422
23.84	23.83	0.271958	49.522
23.84	23.83	0.271975	49.627
23.84	23.83	0.271991	49.721
23.84	23.83	0.272008	49.822
23.84	23.83	0.272024	49.926
23.84	23.83	0.272041	50.020
23.84	23.82	0.272058	50.120
23.84	23.82	0.272074	50.225
23.84	23.82	0.272091	50.319
23.84	23.82	0.272108	50.419
23.81	23.82	0.272124	50.524
23.81	23.82	0.272141	50.618
23.81	23.81	0.272158	50.718
23.81	23.81	0.272174	50.822
23.81	23.81	0.272191	50.917
23.81	23.81	0.272208	51.017
23.81	23.81	0.272224	51.121
23.81	23.81	0.272241	51.216
23.81	23.81	0.272258	51.318
23.81	23.80	0.272274	51.420
23.81	23.80	0.272291	51.514
23.81	23.80	0.272308	51.618
23.81	23.80	0.272324	51.718
23.81	23.80	0.272341	51.813
23.81	23.80	0.272358	51.917
23.79	23.80	0.272374	52.018
23.79	23.80	0.272391	52.112
23.79	23.80	0.272408	52.217
23.79	23.80	0.272424	52.317
23.79	23.79	0.272441	52.411
23.79	23.79	0.272458	52.516
23.79	23.79	0.272474	52.615
23.79	23.79	0.272491	52.710
23.79	23.79	0.272508	52.814
23.79	23.79	0.272524	52.914
23.79	23.79	0.272541	53.009
23.79	23.79	0.272558	53.113
23.79	23.79	0.272574	53.208
23.79	23.79	0.272591	53.307
23.79	23.79	0.272608	53.412
23.79	23.79	0.272624	53.506
23.79	23.79	0.272641	53.607
23.79	23.79	0.272658	53.711
23.79	23.79	0.272674	53.806
23.79	23.79	0.272691	53.905
23.79	23.79	0.272708	54.010
23.79	23.79	0.272724	54.104
23.76	23.79	0.272741	54.204
23.76	23.79	0.272758	54.308
23.76	23.79	0.272774	54.403
23.76	23.79	0.272791	54.503
23.76	23.79	0.272808	54.607
23.76	23.79	0.272824	54.702
23.76	23.79	0.272841	54.802
23.76	23.79	0.272857	54.906
23.79	23.79	0.272874	55.002
23.79	23.79	0.272891	55.102
23.79	23.80	0.272907	55.204
23.79	23.80	0.272924	55.302
23.79	23.80	0.272941	55.403
23.79	23.80	0.272957	55.504
23.79	23.80	0.272974	55.602
23.79	23.80	0.272991	55.702
23.79	23.80	0.273007	55.803
23.79	23.80	0.273024	55.902
23.79	23.80	0.273041	56.001
23.79	23.81	0.273057	56.103
23.79	23.81	0.273074	56.202
23.79	23.81	0.273091	56.302
23.79	23.81	0.273107	56.402
23.79	23.81	0.273124	56.502
23.81	23.82	0.273141	56.602
23.81	23.82	0.273157	56.702
23.81	23.82	0.273174	56.802
23.81	23.82	0.273191	56.902
23.81	23.82	0.273207	57.003
23.81	23.83	0.273224	57.102
23.81	23.83	0.273241	57.202
23.81	23.83	0.273257	57.302
23.81	23.83	0.273274	57.402
23.81	23.83	0.273291	57.502
23.81	23.84	0.273307	57.602
23.81	23.84	0.273324	57.702
23.81	23.84	0.273341	57.802
23.84	23.84	0.273357	57.903
23.84	23.85	0.273374	58.002
23.84	23.85	0.273391	58.102
23.84	23.85	0.273407	58.202
23.84	23.86	0.273424	58.302
23.84	23.86	0.273441	58.402
23.84	23.86	0.273457	58.502
23.86	23.86	0.273474	58.603
23.86	23.87	0.273491	58.702
23.86	23.87	0.273507	58.802
23.86	23.87	0.273524	58.902
23.86	23.88	0.273541	59.002
23.86	23.88	0.273557	59.102
23.86	23.88	0.273574	59.202
23.86	23.89	0.273591	59.302
23.89	23.89	0.273607	59.402
23.89	23.89	0.273624	59.503
23.89	23.90	0.273641	59.602
23.89	23.90	0.273657	59.702
23.89	23.90	0.273674	59.802
23.89	23.91	0.273690	59.902
23.92	23.91	0.273707	00.002
23.92	23.91	0.273724	00.102
23.92	23.92	0.273740	00.202
23.92	23.92	0.273757	00.302
23.92	23.92	0.273774	00.403
23.92	23.93	0.273790	00.502
23.92	23.93	0.273807	00.602
23.92	23.93	0.273824	00.702
23.94	23.94	0.273840	00.802
23.94	23.94	0.273857	00.902
23.94	23.94	0.273874	01.002
23.94	23.95	0.273890	01.102
23.94	23.95	0.273907	01.202
23.94	23.95	0.273924	01.331
23.94	23.96	0.273940	01.426
23.94	23.96	0.273957	01.526
23.94	23.97	0.273974	01.630
23.97	23.97	0.273990	01.725
23.97	23.97	0.274007	01.824
23.97	23.98	0.274024	01.929
23.97	23.98	0.274040	02.023
23.97	23.98	0.274057	02.123
23.97	23.99	0.274074	02.228
23.97	23.99	0.274090	02.322
23.99	23.99	0.274107	02.422
23.99	24.00	0.274124	02.526
23.99	24.00	0.274140	02.621
23.99	24.00	0.274157	02.720
23.99	24.01	0.274174	02.825
23.99	24.01	0.274190	02.919
24.02	24.01	0.274207	03.019
24.02	24.02	0.274224	03.124
24.02	24.02	0.274240	03.218
24.02	24.02	0.274257	03.319
24.02	24.02	0.274274	03.423
24.02	24.03	0.274290	03.518
24.02	24.03	0.274307	03.617
24.02	24.03	0.274324	03.722
24.04	24.04	0.274340	03.817
24.04	24.04	0.274357	03.916
24.04	24.04	0.274374	04.021
24.04	24.04	0.274390	04.115
24.04	24.05	0.274407	04.216
24.04	24.05	0.274424	04.319
24.04	24.05	0.274440	04.414
24.07	24.06	0.274457	04.515
24.07	24.06	0.274474	04.618
24.07	24.06	0.274490	04.713
24.07	24.06	0.274507	04.816
24.07	24.07	0.274523	04.917
24.07	24.07	0.274540	05.011
24.07	24.07	0.274557	05.116
24.07	24.07	0.274573	05.215
24.07	24.07	0.274590	05.310
24.09	24.08	0.274607	05.415
24.09	24.08	0.274623	05.515
24.09	24.08	0.274640	05.610
24.09	24.08	0.274657	05.714
24.09	24.08	0.274673	05.814
24.09	24.09	0.274690	05.908
24.09	24.09	0.274707	06.013
24.09	24.09	0.274723	06.112
24.09	24.09	0.274740	06.207
24.09	24.09	0.274757	06.312
24.09	24.09	0.274773	06.411
24.09	24.09	0.274790	06.506
24.09	24.10	0.274807	06.610
24.09	24.10	0.274823	06.705
24.12	24.10	0.274840	06.804
24.12	24.10	0.274857	06.909
24.12	24.10	0.274873	07.003
24.12	24.10	0.274890	07.103
24.12	24.10	0.274907	07.208
24.12	24.10	0.274923	07.302
24.12	24.10	0.274940	07.403
24.12	24.10	0.274957	07.507
24.12	24.10	0.274973	07.602
24.12	24.10	0.274990	07.702
24.12	24.11	0.275007	07.805
24.12	24.11	0.275023	07.903
24.12	24.11	0.275040	08.004
24.12	24.11	0.275057	08.104
24.12	24.11	0.275073	08.203
24.12	24.11	0.275090	08.303
24.12	24.11	0.275107	08.403
24.12	24.11	0.275123	08.503
24.12	24.11	0.275140	08.603
24.12	24.11	0.275157	08.704
24.12	24.11	0.275173	08.803
24.12	24.11	0.275190	08.903
24.12	24.11	0.275207	09.003
24.12	24.11	0.275223	09.103
24.12	24.10	0.275240	09.203
24.12	24.10	0.275257	09.303
24.12	24.10	0.275273	09.403
24.12	24.10	0.275290	09.503
24.12	24.10	0.275307	09.604
24.12	24.10	0.275323	09.703
24.09	24.10	0.275340	09.803
24.09	24.10	0.275356	09.903
24.09	24.10	0.275373	10.003
24.09	24.10	0.275390	10.103
24.09	24.10	0.275406	10.203
24.09	24.10	0.275423	10.303
24.09	24.10	0.275440	10.403
24.09	24.09	0.275456	10.504
24.09	24.09	0.275473	10.603
24.09	24.09	0.275490	10.703
24.09	24.09	0.275506	10.803
24.09	24.09	0.275523	10.903
24.09	24.09	0.275540	11.003
24.09	24.09	0.275556	11.103
24.09	24.09	0.275573	11.203
24.09	24.08	0.275590	11.303
24.09	24.08	0.275606	11.404
24.09	24.08	0.275623	11.503
24.09	24.08	0.275640	11.603
24.09	24.08	0.275656	11.703
24.09	24.08	0.275673	11.803
24.09	24.07	0.275690	11.903
24.09	24.07	0.275706	12.003
24.09	24.07	0.275723	12.104
24.09	24.07	0.275740	12.203
24.09	24.07	0.275756	12.303
24.09	24.07	0.275773	12.403
24.09	24.06	0.275790	12.503
24.09	24.06	0.275806	12.603
24.09	24.06	0.275823	12.703
24.09	24.06	0.275840	12.803
24.09	24.06	0.275856	12.903
24.09	24.06	0.275873	13.003
24.09	24.05	0.275890	13.103
24.09	24.05	0.275906	13.203
24.07	24.05	0.275923	13.303
24.07	24.05	0.275940	13.403
24.07	24.05	0.275956	13.503
24.07	24.05	0.275973	13.603
24.07	24.04	0.275990	13.732
24.07	24.04	0.276006	13.827
24.07	24.04	0.276023	13.932
24.04	24.04	0.276040	14.032
24.04	24.04	0.276056	14.126
24.04	24.04	0.276073	14.231
24.04	24.03	0.276090	14.330
24.04	24.03	0.276106	14.425
24.04	24.03	0.276123	14.529
24.02	24.03	0.276140	14.624
24.02	24.03	0.276156	14.724
24.02	24.03	0.276173	14.828
24.02	24.02	0.276189	14.923
24.02	24.02	0.276206	15.022
24.02	24.02	0.276223	15.127
24.02	24.02	0.276239	15.221
24.02	24.02	0.276256	15.321
24.02	24.02	0.276273	15.425
24.02	24.02	0.276289	15.520
24.02	24.02	0.276306	15.620
24.02	24.01	0.276323	15.725
23.99	24.01	0.276339	15.820
23.99	24.01	0.276356	15.919
23.99	24.01	0.276373	16.024
23.99	24.01	0.276389	16.118
23.99	24.01	0.276406	16.218
23.99	24.01	0.276423	16.323
23.99	24.01	0.276439	16.417
23.99	24.01	0.276456	16.517
23.99	24.01	0.276473	16.621
23.99	24.01	0.276489	16.716
23.99	24.00	0.276506	16.815
23.99	24.00	0.276523	16.920
23.99	24.00	0.276539	17.014
23.99	24.00	0.276556	17.114
23.99	24.00	0.276573	17.219
23.99	24.00	0.276589	17.313
23.99	24.00	0.276606	17.414
23.99	24.00	0.276623	17.517
23.99	24.00	0.276639	17.612
23.99	24.00	0.276656	17.713
23.99	24.00	0.276673	17.816
23.99	24.00	0.276689	17.911
23.99	24.00	0.276706	18.013
23.99	24.00	0.276723	18.116
23.99	24.00	0.276739	18.210
23.99	24.00	0.276756	18.314
23.99	24.00	0.276773	18.414
23.99	24.00	0.276789	18.509
23.99	24.00	0.276806	18.614
24.02	24.00	0.276823	18.713
24.02	24.01	0.276839	18.808
24.02	24.01	0.276856	18.912
24.02	24.01	0.276873	19.012
24.02	24.01	0.276889	19.106
24.02	24.01	0.276906	19.211
24.02	24.01	0.276923	19.310
24.02	24.01	0.276939	19.405
24.02	24.01	0.276956	19.510
24.02	24.01	0.276973	19.609
24.02	24.01	0.276989	19.704
24.02	24.02	0.277006	19.808
23.99	24.02	0.277022	19.903
23.99	24.02	0.277039	20.003
23.99	24.02	0.277056	20.107
23.99	24.02	0.277072	20.204
23.99	24.02	0.277089	20.303
23.99	24.02	0.277106	20.406
23.99	24.03	0.277122	20.503
23.99	24.03	0.277139	20.603
24.02	24.03	0.277156	20.705
24.02	24.03	0.277172	20.803
24.02	24.03	0.277189	20.903
24.02	24.04	0.277206	21.004
24.02	24.04	0.277222	21.103
24.02	24.04	0.277239	21.203
24.02	24.04	0.277256	21.303
24.02	24.05	0.277272	21.403
24.04	24.05	0.277289	21.502
24.04	24.05	0.277306	21.603
24.04	24.05	0.277322	21.703
24.04	24.06	0.277339	21.804
24.04	24.06	0.277356	21.903
24.04	24.06	0.277372	22.003
24.04	24.06	0.277389	22.103
24.04	24.07	0.277406	22.203
24.04	24.07	0.277422	22.303
24.07	24.07	0.277439	22.403
24.07	24.07	0.277456	22.504
24.07	24.08	0.277472	22.603
24.07	24.08	0.277489	22.703
24.07	24.08	0.277506	22.803
24.07	24.09	0.277522	22.903
24.07	24.09	0.277539	23.003
24.07	24.09	0.277556	23.103
24.07	24.10	0.277572	23.208
24.09	24.10	0.277589	23.303
24.09	24.10	0.277606	23.404
24.09	24.11	0.277622	23.503
24.09	24.11	0.277639	23.603
24.09	24.11	0.277656	23.703
24.09	24.12	0.277672	23.803
24.09	24.12	0.277689	23.903
24.12	24.12	0.277706	24.003
24.12	24.13	0.277722	24.108
24.12	24.13	0.277739	24.203
24.12	24.13	0.277756	24.303
24.12	24.14	0.277772	24.403
24.12	24.14	0.277789	24.503
24.12	24.14	0.277806	24.603
24.15	24.15	0.277822	24.703
24.15	24.15	0.277839	24.803
24.15	24.15	0.277855	24.903
24.15	24.16	0.277872	25.008
24.15	24.16	0.277889	25.103
24.15	24.16	0.277905	25.203
24.17	24.17	0.277922	25.308
24.17	24.17	0.277939	25.403
24.17	24.17	0.277955	25.503
24.17	24.18	0.277972	25.603
24.17	24.18	0.277989	25.704
24.17	24.19	0.278005	25.803
24.17	24.19	0.278022	25.908
24.17	24.19	0.278039	26.035
24.20	24.20	0.278055	26.129
24.20	24.20	0.278072	26.208
24.20	24.20	0.278089	26.333
24.20	24.21	0.278105	26.428
24.20	24.21	0.278122	26.508
24.20	24.21	0.278139	26.632
24.20	24.22	0.278155	26.727
24.22	24.22	0.278172	26.831
24.22	24.22	0.278189	26.931
24.22	24.23	0.278205	27.026
24.22	24.23	0.278222	27.130
24.22	24.23	0.278239	27.230
24.22	24.23	0.278255	27.324
24.22	24.24	0.278272	27.429
24.22	24.24	0.278289	27.529
24.25	24.24	0.278305	27.623
24.25	24.25	0.278322	27.728
24.25	24.25	0.278339	27.822
24.25	24.25	0.278355	27.922
24.25	24.26	0.278372	28.026
24.25	24.26	0.278389	28.121
24.25	24.26	0.278405	28.221
24.25	24.26	0.278422	28.325
24.27	24.27	0.278439	28.420
24.27	24.27	0.278455	28.519
24.27	24.27	0.278472	28.624
24.27	24.27	0.278489	28.718
24.27	24.28	0.278505	28.819
24.27	24.28	0.278522	28.923
24.27	24.28	0.278539	29.017
24.30	24.28	0.278555	29.118
24.30	24.29	0.278572	29.222
24.30	24.29	0.278589	29.317
24.30	24.29	0.278605	29.416
24.30	24.29	0.278622	29.521
24.30	24.29	0.278639	29.616
24.30	24.30	0.278655	29.715
24.30	24.30	0.278672	29.820
24.30	24.30	0.278688	29.914
24.30	24.30	0.278705	30.014
24.30	24.30	0.278722	30.118
24.33	24.30	0.278738	30.213
24.33	24.30	0.278755	30.312
24.33	24.31	0.278772	30.417
24.33	24.31	0.278788	30.512
24.33	24.31	0.278805	30.612
24.33	24.31	0.278822	30.716
24.33	24.31	0.278838	30.811
24.33	24.31	0.278855	30.911
24.33	24.31	0.278872	31.015
24.33	24.31	0.278888	31.109
24.33	24.32	0.278905	31.212
24.33	24.32	0.278922	31.314
24.33	24.32	0.278938	31.408
24.33	24.32	0.278955	31.512
24.33	24.32	0.278972	31.612
24.33	24.32	0.278988	31.707
24.33	24.32	0.279005	31.811
24.33	24.32	0.279022	31.911
24.33	24.32	0.279038	32.006
24.33	24.32	0.279055	32.110
24.33	24.32	0.279072	32.210
24.33	24.32	0.279088	32.305
24.33	24.32	0.279105	32.409
24.33	24.32	0.279122	32.509
24.30	24.32	0.279138	32.606
24.30	24.32	0.279155	32.708
24.30	24.32	0.279172	32.808
24.30	24.32	0.279188	32.905
24.30	24.32	0.279205	33.007
24.30	24.32	0.279222	33.106
24.30	24.32	0.279238	33.205
24.33	24.32	0.279255	33.306
24.33	24.32	0.279272	33.407
24.33	24.32	0.279288	33.505
24.33	24.32	0.279305	33.605
24.33	24.32	0.279322	33.707
24.33	24.31	0.279338	33.805
24.33	24.31	0.279355	33.905
24.33	24.31	0.279372	34.006
24.33	24.31	0.279388	34.105
24.33	24.31	0.279405	34.206
24.33	24.31	0.279422	34.306
24.33	24.31	0.279438	34.405
24.33	24.31	0.279455	34.505
24.33	24.31	0.279472	34.607
24.33	24.31	0.279488	34.705
24.33	24.30	0.279505	34.805
24.33	24.30	0.279521	34.907
24.30	24.30	0.279538	35.005
24.30	24.30	0.279555	35.105
24.30	24.30	0.279571	35.206
24.30	24.30	0.279588	35.305
24.30	24.30	0.279605	35.405
24.30	24.29	0.279621	35.507
24.30	24.29	0.279638	35.606
24.30	24.29	0.279655	35.705
24.30	24.29	0.279671	35.807
24.30	24.29	0.279688	35.905
24.30	24.29	0.279705	36.005
24.30	24.28	0.279721	36.106
24.30	24.28	0.279738	36.205
24.30	24.28	0.279755	36.305
24.30	24.28	0.279771	36.406
24.27	24.28	0.279788	36.506
24.27	24.28	0.279805	36.605
24.27	24.27	0.279821	36.707
24.27	24.27	0.279838	36.805
24.27	24.27	0.279855	36.905
24.27	24.27	0.279871	37.006
24.27	24.27	0.279888	37.105
24.27	24.27	0.279905	37.206
24.27	24.26	0.279921	37.306
24.27	24.26	0.279938	37.405
24.27	24.26	0.279955	37.505
24.27	24.26	0.279971	37.606
24.27	24.26	0.279988	37.705
24.27	24.26	0.280005	37.805
24.27	24.25	0.280021	37.906
24.27	24.25	0.280038	38.005
24.27	24.25	0.280055	38.105
24.27	24.25	0.280071	38.206
24.27	24.25	0.280088	38.305
24.27	24.25	0.280105	38.405
24.27	24.24	0.280121	38.506
24.27	24.24	0.280138	38.635
24.25	24.24	0.280155	38.730
24.25	24.24	0.280171	38.806
24.25	24.24	0.280188	38.934
24.25	24.24	0.280205	39.029
24.25	24.24	0.280221	39.106
24.25	24.23	0.280238	39.233
24.25	24.23	0.280255	39.327
24.25	24.23	0.280271	39.406
24.22	24.23	0.280288	39.531
24.22	24.23	0.280305	39.626
24.22	24.23	0.280321	39.706
24.22	24.23	0.280338	39.830
24.22	24.23	0.280354	39.925
24.22	24.22	0.280371	40.029
24.22	24.22	0.280388	40.129
24.22	24.22	0.280404	40.223
24.22	24.22	0.280421	40.328
24.22	24.22	0.280438	40.428
24.22	24.22	0.280454	40.522
24.22	24.22	0.280471	40.627
24.20	24.22	0.280488	40.726
24.20	24.22	0.280504	40.822
24.20	24.22	0.280521	40.926
24.20	24.22	0.280538	41.026
24.20	24.22	0.280554	41.121
24.20	24.22	0.280571	41.225
24.20	24.22	0.280588	41.320
24.20	24.22	0.280604	41.419
24.20	24.22	0.280621	41.524
24.20	24.22	0.280638	41.618
24.20	24.22	0.280654	41.718
24.20	24.22	0.280671	41.823
24.20	24.22	0.280688	41.917
24.20	24.22	0.280704	42.017
24.20	24.22	0.280721	42.121
24.22	24.22	0.280738	42.216
24.22	24.22	0.280754	42.315
24.22	24.22	0.280771	42.420
24.22	24.22	0.280788	42.515
24.22	24.22	0.280804	42.614
24.22	24.22	0.280821	42.719
24.22	24.22	0.280838	42.813
24.22	24.22	0.280854	42.913
24.22	24.22	0.280871	43.017
24.22	24.22	0.280888	43.112
24.22	24.22	0.280904	43.212
24.22	24.22	0.280921	43.316
24.22	24.22	0.280938	43.411
24.22	24.22	0.280954	43.510
24.22	24.23	0.280971	43.615
24.22	24.23	0.280988	43.710
24.22	24.23	0.281004	43.810
24.22	24.23	0.281021	43.914
24.22	24.23	0.281038	44.009
24.22	24.23	0.281054	44.109
24.22	24.23	0.281071	44.213
24.22	24.24	0.281088	44.307
24.22	24.24	0.281104	44.410
24.22	24.24	0.281121	44.512
24.22	24.24	0.281138	44.606
24.22	24.24	0.281154	44.710
24.22	24.25	0.281171	44.810
24.22	24.25	0.281187	44.906
24.25	24.25	0.281204	45.009
24.25	24.25	0.281221	45.110
24.25	24.25	0.281237	45.208
24.25	24.26	0.281254	45.309
24.25	24.26	0.281271	45.409
24.25	24.26	0.281287	45.507
24.25	24.26	0.281304	45.608
24.25	24.27	0.281321	45.707
24.25	24.27	0.281337	45.807
24.25	24.27	0.281354	45.907
24.25	24.27	0.281371	46.007
24.25	24.28	0.281387	46.107
24.25	24.28	0.281404	46.207
24.27	24.28	0.281421	46.308
24.27	24.29	0.281437	46.408
24.27	24.29	0.281454	46.508
24.27	24.29	0.281471	46.608
24.27	24.29	0.281487	46.708
24.27	24.30	0.281504	46.809
24.27	24.30	0.281521	46.908
24.30	24.30	0.281537	47.008
24.30	24.31	0.281554	47.108
24.30	24.31	0.281571	47.208
24.30	24.31	0.281587	47.308
24.30	24.32	0.281604	47.408
24.30	24.32	0.281621	47.509
24.30	24.32	0.281637	47.608
24.30	24.33	0.281654	47.708
24.33	24.33	0.281671	47.808
24.33	24.33	0.281687	47.908
24.33	24.34	0.281704	48.008
24.33	24.34	0.281721	48.108
24.33	24.34	0.281737	48.209
24.33	24.35	0.281754	48.308
24.35	24.35	0.281771	48.408
24.35	24.35	0.281787	48.508
24.35	24.36	0.281804	48.608
24.35	24.36	0.281821	48.708
24.35	24.36	0.281837	48.808
24.35	24.37	0.281854	48.908
24.35	24.37	0.281871	49.008
24.38	24.37	0.281887	49.108
24.38	24.38	0.281904	49.208
24.38	24.38	0.281921	49.308
24.38	24.38	0.281937	49.408
24.38	24.39	0.281954	49.508
24.38	24.39	0.281971	49.608
24.38	24.40	0.281987	49.708
24.38	24.40	0.282004	49.808
24.40	24.40	0.282020	49.909
24.40	24.41	0.282037	50.008
24.40	24.41	0.282054	50.108
24.40	24.41	0.282070	50.208
24.40	24.42	0.282087	50.308
24.40	24.42	0.282104	50.408
24.40	24.42	0.282120	50.508
24.40	24.43	0.282137	50.609
24.40	24.43	0.282154	50.708
24.43	24.43	0.282170	50.808
24.43	24.44	0.282187	50.937
24.43	24.44	0.282204	51.032
24.43	24.44	0.282220	51.131
24.43	24.45	0.282237	51.236
24.43	24.45	0.282254	51.330
24.45	24.45	0.282270	51.430
24.45	24.45	0.282287	51.535
24.45	24.46	0.282304	51.630
24.45	24.46	0.282320	51.729
24.45	24.46	0.282337	51.834
24.45	24.47	0.282354	51.928
24.48	24.47	0.282370	52.029
24.48	24.47	0.282387	52.132
24.48	24.47	0.282404	52.227
24.48	24.48	0.282420	52.329
24.48	24.48	0.282437	52.431
24.48	24.48	0.282454	52.526
24.48	24.48	0.282470	52.628
24.48	24.49	0.282487	52.730
24.50	24.49	0.282504	52.824
24.50	24.49	0.282520	52.928
24.50	24.49	0.282537	53.029
24.50	24.50	0.282554	53.124
24.50	24.50	0.282570	53.228
24.50	24.50	0.282587	53.328
24.50	24.50	0.282604	53.422
24.50	24.50	0.282620	53.527
24.50	24.51	0.282637	53.626
24.50	24.51	0.282654	53.721
24.50	24.51	0.282670	53.825
24.53	24.51	0.282687	53.925
24.53	24.51	0.282704	54.020
24.53	24.52	0.282720	54.124
24.53	24.52	0.282737	54.224
24.53	24.52	0.282754	54.318
24.53	24.52	0.282770	54.423
24.53	24.52	0.282787	54.517
24.53	24.52	0.282804	54.617
24.53	24.52	0.282820	54.723
24.53	24.52	0.282837	54.817
24.53	24.53	0.282853	54.917
24.53	24.53	0.282870	55.021
24.53	24.53	0.282887	55.116
24.53	24.53	0.282903	55.215
24.53	24.53	0.282920	55.320
24.53	24.53	0.282937	55.414
24.56	24.53	0.282953	55.514
24.56	24.53	0.282970	55.619
24.56	24.53	0.282987	55.713
24.56	24.53	0.283003	55.813
24.56	24.53	0.283020	55.917
24.56	24.53	0.283037	56.012
24.56	24.53	0.283053	56.111
24.56	24.53	0.283070	56.216
24.56	24.53	0.283087	56.311
24.56	24.53	0.283103	56.410
24.56	24.53	0.283120	56.515
24.56	24.53	0.283137	56.609
24.56	24.53	0.283153	56.709
24.53	24.53	0.283170	56.813
24.53	24.53	0.283187	56.909
24.53	24.53	0.283203	57.010
24.53	24.53	0.283220	57.112
24.53	24.53	0.283237	57.209
24.53	24.53	0.283253	57.309
24.53	24.53	0.283270	57.412
24.53	24.53	0.283287	57.509
24.53	24.53	0.283303	57.609
24.53	24.53	0.283320	57.710
24.53	24.53	0.283337	57.809
24.53	24.53	0.283353	57.910
24.53	24.53	0.283370	58.009
24.53	24.52	0.283387	58.109
24.53	24.52	0.283403	58.209
24.53	24.52	0.283420	58.309
24.53	24.52	0.283437	58.409
24.53	24.52	0.283453	58.509
24.53	24.52	0.283470	58.609
24.53	24.52	0.283487	58.709
24.53	24.52	0.283503	58.809
24.53	24.52	0.283520	58.909
24.53	24.51	0.283537	59.009
24.53	24.51	0.283553	59.109
24.53	24.51	0.283570	59.209
24.50	24.51	0.283587	59.309
24.50	24.51	0.283603	59.409
24.50	24.51	0.283620	59.510
24.50	24.51	0.283637	59.609
24.50	24.50	0.283653	59.709
24.50	24.50	0.283670	59.809
24.50	24.50	0.283686	59.909
24.50	24.50	0.283703	00.009
24.50	24.50	0.283720	00.109
24.50	24.50	0.283736	00.209
24.50	24.49	0.283753	00.309
24.50	24.49	0.283770	00.409
24.50	24.49	0.283786	00.509
24.50	24.49	0.283803	00.609
24.50	24.49	0.283820	00.709
24.50	24.49	0.283836	00.809
24.50	24.48	0.283853	00.909
24.50	24.48	0.283870	01.009
24.50	24.48	0.283886	01.110
24.50	24.48	0.283903	01.209
24.50	24.48	0.283920	01.309
24.50	24.48	0.283936	01.409
24.50	24.47	0.283953	01.509
24.50	24.47	0.283970	01.609
24.50	24.47	0.283986	01.709
24.50	24.47	0.284003	01.809
24.50	24.47	0.284020	01.909
24.48	24.47	0.284036	02.010
24.48	24.46	0.284053	02.109
24.48	24.46	0.284070	02.209
24.48	24.46	0.284086	02.309
24.48	24.46	0.284103	02.409
24.48	24.46	0.284120	02.509
24.45	24.46	0.284136	02.609
24.45	24.45	0.284153	02.710
24.45	24.45	0.284170	02.809
24.45	24.45	0.284186	02.909
24.45	24.45	0.284203	03.009
24.45	24.45	0.284220	03.109
24.45	24.45	0.284236	03.209
24.45	24.45	0.284253	03.309
24.43	24.44	0.284270	03.433
24.43	24.44	0.284286	03.538
24.43	24.44	0.284303	03.632
24.43	24.44	0.284320	03.732
24.43	24.44	0.284336	03.837
24.43	24.44	0.284353	03.931
24.43	24.44	0.284370	04.031
24.43	24.44	0.284386	04.135
24.43	24.44	0.284403	04.230
24.43	24.44	0.284420	04.329
24.43	24.43	0.284436	04.434
24.43	24.43	0.284453	04.528
24.43	24.43	0.284470	04.628
24.43	24.43	0.284486	04.733
24.43	24.43	0.284503	04.827
24.43	24.43	0.284519	04.927
24.43	24.43	0.284536	05.031
24.43	24.43	0.284553	05.126
24.43	24.43	0.284569	05.226
24.43	24.43	0.284586	05.330
24.40	24.43	0.284603	05.426
24.40	24.43	0.284619	05.527
24.40	24.43	0.284636	05.630
24.40	24.43	0.284653	05.724
24.40	24.43	0.284669	05.827
24.40	24.43	0.284686	05.928
24.40	24.43	0.284703	06.023
24.40	24.43	0.284719	06.126
24.40	24.43	0.284736	06.227
24.43	24.43	0.284753	06.322
24.43	24.43	0.284769	06.426
24.43	24.43	0.284786	06.526
24.43	24.43	0.284803	06.620
24.43	24.43	0.284819	06.725
24.43	24.43	0.284836	06.824
24.43	24.43	0.284853	06.919
24.43	24.43	0.284869	07.024
24.43	24.43	0.284886	07.123
24.43	24.44	0.284903	07.218
24.43	24.44	0.284919	07.322
24.43	24.44	0.284936	07.422
24.45	24.44	0.284953	07.517
24.45	24.44	0.284969	07.622
24.45	24.44	0.284986	07.716
24.45	24.44	0.285003	07.816
24.45	24.44	0.285019	07.921
24.45	24.44	0.285036	08.015
24.45	24.45	0.285053	08.115
24.45	24.45	0.285069	08.219
24.45	24.45	0.285086	08.314
24.45	24.45	0.285103	08.413
24.45	24.45	0.285119	08.518
24.45	24.46	0.285136	08.613
24.45	24.46	0.285153	08.712
24.45	24.46	0.285169	08.817
24.45	24.46	0.285186	08.911
24.45	24.46	0.285203	09.011
24.45	24.47	0.285219	09.115
24.45	24.47	0.285236	09.210
24.45	24.47	0.285253	09.309
24.45	24.47	0.285269	09.414
24.45	24.47	0.285286	09.510
24.45	24.48	0.285303	09.609
24.45	24.48	0.285319	09.713
24.45	24.48	0.285336	09.809
24.45	24.48	0.285352	09.909
24.45	24.49	0.285369	10.011
24.45	24.49	0.285386	10.109
24.45	24.49	0.285402	10.210
24.48	24.50	0.285419	10.311
24.48	24.50	0.285436	10.409
24.48	24.50	0.285452	10.509
24.48	24.50	0.285469	10.610
24.48	24.51	0.285486	10.709
24.48	24.51	0.285502	10.809
24.50	24.51	0.285519	10.909
24.50	24.52	0.285536	11.009
24.50	24.52	0.285552	11.110
24.50	24.52	0.285569	11.209
24.50	24.53	0.285586	11.309
24.50	24.53	0.285602	11.410
24.53	24.53	0.285619	11.510
24.53	24.54	0.285636	11.610
24.53	24.54	0.285652	11.710
24.53	24.54	0.285669	11.810
24.53	24.55	0.285686	11.910
24.53	24.55	0.285702	12.011
24.56	24.55	0.285719	12.110
24.56	24.56	0.285736	12.210
24.56	24.56	0.285752	12.310
24.56	24.56	0.285769	12.410
24.56	24.57	0.285786	12.510
24.56	24.57	0.285802	12.610
24.56	24.57	0.285819	12.711
24.58	24.58	0.285836	12.810
24.58	24.58	0.285852	12.910
24.58	24.58	0.285869	13.010
24.58	24.59	0.285886	13.110
24.58	24.59	0.285902	13.210
24.58	24.59	0.285919	13.310
24.58	24.60	0.285936	13.410
24.61	24.60	0.285952	13.510
24.61	24.61	0.285969	13.611
24.61	24.61	0.285986	13.710
24.61	24.61	0.286002	13.810
24.61	24.62	0.286019	13.910
24.61	24.62	0.286036	14.010
24.61	24.62	0.286052	14.110
24.61	24.63	0.286069	14.210
24.61	24.63	0.286086	14.310
24.63	24.63	0.286102	14.410
24.63	24.64	0.286119	14.511
24.63	24.64	0.286136	14.610
24.63	24.64	0.286152	14.710
24.63	24.65	0.286169	14.810
24.63	24.65	0.286185	14.910
24.63	24.65	0.286202	15.010
24.63	24.66	0.286219	15.110
24.66	24.66	0.286235	15.211
24.66	24.66	0.286252	15.310
24.66	24.66	0.286269	15.410
24.66	24.67	0.286285	15.510
24.66	24.67	0.286302	15.610
24.66	24.67	0.286319	15.710
24.69	24.68	0.286335	15.810
24.69	24.68	0.286352	15.934
24.69	24.68	0.286369	16.034
24.69	24.68	0.286385	16.138
24.69	24.69	0.286402	16.233
24.69	24.69	0.286419	16.333
24.69	24.69	0.286435	16.437
24.69	24.70	0.286452	16.532
24.69	24.70	0.286469	16.631
24.71	24.70	0.286485	16.736
24.71	24.70	0.286502	16.830
24.71	24.71	0.286519	16.930
24.71	24.71	0.286535	17.034
24.71	24.71	0.286552	17.129
24.71	24.71	0.286569	17.229
24.71	24.71	0.286585	17.333
24.71	24.72	0.286602	17.428
24.71	24.72	0.286619	17.527
24.71	24.72	0.286635	17.632
24.71	24.72	0.286652	17.726
24.74	24.72	0.286669	17.827
24.74	24.73	0.286685	17.932
24.74	24.73	0.286702	18.026
24.74	24.73	0.286719	18.126
24.74	24.73	0.286735	18.230
24.74	24.73	0.286752	18.325
24.74	24.73	0.286769	18.425
24.74	24.73	0.286785	18.529
24.74	24.74	0.286802	18.623
24.74	24.74	0.286819	18.725
24.74	24.74	0.286835	18.828
24.74	24.74	0.286852	18.922
24.74	24.74	0.286869	19.025
24.74	24.74	0.286885	19.126
24.74	24.74	0.286902	19.221
24.74	24.74	0.286919	19.324
24.74	24.74	0.286935	19.425
24.74	24.74	0.286952	19.520
24.74	24.74	0.286969	19.624
24.74	24.74	0.286985	19.724
24.74	24.75	0.287002	19.819
24.74	24.75	0.287018	19.924
24.76	24.75	0.287035	20.023
24.76	24.75	0.287052	20.118
24.76	24.75	0.287068	20.222
24.76	24.75	0.287085	20.322
24.76	24.75	0.287102	20.417
24.76	24.75	0.287118	20.521
24.76	24.75	0.287135	20.621
24.76	24.75	0.287152	20.715
24.76	24.75	0.287168	20.820
24.76	24.75	0.287185	20.914
24.76	24.75	0.287202	21.014
24.76	24.75	0.287218	21.118
24.76	24.74	0.287235	21.213
24.76	24.74	0.287252	21.313
24.76	24.74	0.287268	21.417
24.76	24.74	0.287285	21.512
24.76	24.74	0.287302	21.611
24.76	24.74	0.287318	21.716
24.76	24.74	0.287335	21.811
24.76	24.74	0.287352	21.911
24.76	24.74	0.287368	22.016
24.76	24.74	0.287385	22.111
24.76	24.74	0.287402	22.211
24.76	24.74	0.287418	22.314
24.76	24.74	0.287435	22.411
24.76	24.73	0.287452	22.511
24.76	24.73	0.287468	22.613
24.76	24.73	0.287485	22.711
24.76	24.73	0.287502	22.811
24.76	24.73	0.287518	22.912
24.76	24.73	0.287535	23.010
24.76	24.73	0.287552	23.111
24.74	24.73	0.287568	23.211
24.74	24.72	0.287585	23.311
24.74	24.72	0.287602	23.411
24.74	24.72	0.287618	23.511
24.74	24.72	0.287635	23.612
24.74	24.72	0.287652	23.711
24.74	24.72	0.287668	23.811
24.74	24.71	0.287685	23.911
24.71	24.71	0.287702	24.010
24.71	24.71	0.287718	24.111
24.71	24.71	0.287735	24.211
24.71	24.71	0.287752	24.311
24.71	24.71	0.287768	24.411
24.71	24.70	0.287785	24.512
24.71	24.70	0.287802	24.611
24.71	24.70	0.287818	24.711
24.71	24.70	0.287835	24.811
24.69	24.70	0.287851	24.911
24.69	24.70	0.287868	25.011
24.69	24.69	0.287885	25.111
24.69	24.69	0.287901	25.212
24.69	24.69	0.287918	25.311
24.69	24.69	0.287935	25.411
24.69	24.69	0.287951	25.511
24.69	24.69	0.287968	25.611
24.69	24.68	0.287985	25.711
24.69	24.68	0.288001	25.811
24.69	24.68	0.288018	25.911
24.69	24.68	0.288035	26.011
24.69	24.68	0.288051	26.112
24.69	24.68	0.288068	26.211
24.69	24.67	0.288085	26.311
24.69	24.67	0.288101	26.411
24.66	24.67	0.288118	26.511
24.66	24.67	0.288135	26.611
24.66	24.67	0.288151	26.711
24.66	24.67	0.288168	26.811
24.66	24.66	0.288185	26.911
24.66	24.66	0.288201	27.011
24.66	24.66	0.288218	27.111
24.66	24.66	0.288235	27.211
24.66	24.66	0.288251	27.311
24.66	24.66	0.288268	27.411
24.66	24.66	0.288285	27.511
24.66	24.66	0.288301	27.611
24.66	24.65	0.288318	27.712
24.63	24.65	0.288335	27.811
24.63	24.65	0.288351	27.911
24.63	24.65	0.288368	28.011
24.63	24.65	0.288385	28.111
24.63	24.65	0.288401	28.211
24.63	24.65	0.288418	28.311
24.63	24.65	0.288435	28.440
24.63	24.65	0.288451	28.540
24.63	24.65	0.288468	28.634
24.63	24.65	0.288485	28.739
24.63	24.64	0.288501	28.834
24.63	24.64	0.288518	28.933
24.63	24.64	0.288535	29.038
24.63	24.64	0.288551	29.132
24.63	24.64	0.288568	29.232
24.66	24.64	0.288585	29.336
24.66	24.64	0.288601	29.431
24.66	24.64	0.288618	29.531
24.66	24.64	0.288635	29.635
24.66	24.64	0.288651	29.730
24.66	24.64	0.288668	29.829
24.66	24.64	0.288684	29.935
24.66	24.64	0.288701	30.029
24.66	24.64	0.288718	30.129
24.66	24.64	0.288734	30.233
24.63	24.64	0.288751	30.328
24.63	24.64	0.288768	30.428
24.63	24.64	0.288784	30.532
24.63	24.64	0.288801	30.627
24.63	24.64	0.288818	30.726
24.63	24.65	0.288834	30.831
24.63	24.65	0.288851	30.925
24.63	24.65	0.288868	31.025
24.63	24.65	0.288884	31.129
24.63	24.65	0.288901	31.224
24.63	24.65	0.288918	31.324
24.63	24.65	0.288934	31.428
24.63	24.65	0.288951	31.523
24.63	24.65	0.288968	31.623
24.63	24.65	0.288984	31.727
24.63	24.66	0.289001	31.821
24.63	24.66	0.289018	31.923
24.63	24.66	0.289034	32.026
24.63	24.66	0.289051	32.120
24.63	24.66	0.289068	32.223
24.63	24.66	0.289084	32.325
24.66	24.66	0.289101	32.420
24.66	24.67	0.289118	32.523
24.66	24.67	0.289134	32.624
24.66	24.67	0.289151	32.719
24.66	24.67	0.289168	32.823
24.66	24.67	0.289184	32.923
24.66	24.68	0.289201	33.017
24.66	24.68	0.289218	33.122
24.66	24.68	0.289234	33.221
24.66	24.68	0.289251	33.316
24.69	24.69	0.289268	33.420
24.69	24.69	0.289284	33.520
24.69	24.69	0.289301	33.615
24.69	24.69	0.289318	33.719
24.69	24.70	0.289334	33.819
24.69	24.70	0.289351	33.913
24.69	24.70	0.289368	34.018
24.69	24.70	0.289384	34.112
24.69	24.71	0.289401	34.212
24.69	24.71	0.289418	34.316
24.69	24.71	0.289434	34.411
24.69	24.71	0.289451	34.512
24.71	24.72	0.289468	34.616
24.71	24.72	0.289484	34.711
24.71	24.72	0.289501	34.811
24.71	24.73	0.289517	34.915
24.71	24.73	0.289534	35.011
24.71	24.73	0.289551	35.111
24.71	24.74	0.289567	35.214
24.71	24.74	0.289584	35.311
24.71	24.74	0.289601	35.411
24.74	24.75	0.289617	35.512
24.74	24.75	0.289634	35.611
24.74	24.75	0.289651	35.711
24.74	24.76	0.289667	35.811
24.74	24.76	0.289684	35.911
24.74	24.76	0.289701	36.011
24.76	24.77	0.289717	36.112
24.76	24.77	0.289734	36.211
24.76	24.77	0.289751	36.311
24.76	24.78	0.289767	36.411
24.76	24.78	0.289784	36.511
24.79	24.78	0.289801	36.611
24.79	24.79	0.289817	36.711
24.79	24.79	0.289834	36.812
24.79	24.79	0.289851	36.911
24.79	24.80	0.289867	37.011
24.79	24.80	0.289884	37.111
24.79	24.80	0.289901	37.211
24.82	24.81	0.289917	37.311
24.82	24.81	0.289934	37.411
24.82	24.81	0.289951	37.511
24.82	24.82	0.289967	37.611
24.82	24.82	0.289984	37.712
24.82	24.83	0.290001	37.811
24.82	24.83	0.290017	37.911
24.82	24.83	0.290034	38.010
24.82	24.84	0.290051	38.111
24.84	24.84	0.290067	38.211
24.84	24.84	0.290084	38.311
24.84	24.85	0.290101	38.411
24.84	24.85	0.290117	38.511
24.84	24.85	0.290134	38.612
24.84	24.86	0.290151	38.711
24.84	24.86	0.290167	38.811
24.84	24.86	0.290184	38.911
24.84	24.87	0.290201	39.011
24.87	24.87	0.290217	39.111
24.87	24.87	0.290234	39.211
24.87	24.87	0.290251	39.311
24.87	24.88	0.290267	39.411
24.87	24.88	0.290284	39.512
24.87	24.88	0.290301	39.611
24.89	24.89	0.290317	39.711
24.89	24.89	0.290334	39.811
24.89	24.89	0.290350	39.911
24.89	24.90	0.290367	40.011
24.89	24.90	0.290384	40.111
24.89	24.90	0.290400	40.212
24.89	24.90	0.290417	40.311
24.92	24.91	0.290434	40.411
24.92	24.91	0.290450	40.511
24.92	24.91	0.290467	40.611
24.92	24.91	0.290484	40.711
24.92	24.92	0.290500	40.811
24.92	24.92	0.290517	40.911
24.92	24.92	0.290534	41.011
24.95	24.92	0.290550	41.141
24.95	24.93	0.290567	41.211
24.95	24.93	0.290584	41.340
24.95	24.93	0.290600	41.440
24.95	24.93	0.290617	41.534
24.95	24.93	0.290634	41.638
24.95	24.94	0.290650	41.738
24.95	24.94	0.290667	41.832
24.95	24.94	0.290684	41.937
24.95	24.94	0.290700	42.032
24.95	24.94	0.290717	42.131
24.95	24.94	0.290734	42.237
24.95	24.94	0.290750	42.331
24.95	24.95	0.290767	42.430
24.95	24.95	0.290784	42.535
24.95	24.95	0.290800	42.630
24.95	24.95	0.290817	42.729
24.95	24.95	0.290834	42.834
24.95	24.95	0.290850	42.929
24.95	24.95	0.290867	43.028
24.95	24.95	0.290884	43.133
24.95	24.96	0.290900	43.227
24.97	24.96	0.290917	43.327
24.97	24.96	0.290934	43.431
24.97	24.96	0.290950	43.526
24.97	24.96	0.290967	43.626
24.97	24.96	0.290984	43.730
24.97	24.96	0.291000	43.825
24.97	24.96	0.291017	43.924
24.97	24.96	0.291034	44.029
24.97	24.96	0.291050	44.123
24.97	24.96	0.291067	44.223
24.97	24.96	0.291084	44.327
24.97	24.96	0.291100	44.422
24.97	24.96	0.291117	44.523
24.97	24.96	0.291134	44.627
24.97	24.96	0.291150	44.722
24.97	24.96	0.291167	44.821
24.97	24.96	0.291183	44.926
24.97	24.96	0.291200	45.020
24.97	24.96	0.291217	45.121
24.97	24.96	0.291233	45.224
24.97	24.96	0.291250	45.319
24.97	24.96	0.291267	45.422
24.97	24.96	0.291283	45.523
24.97	24.96	0.291300	45.618
24.97	24.96	0.291317	45.721
24.97	24.95	0.291333	45.822
24.97	24.95	0.291350	45.916
24.97	24.95	0.291367	46.021
24.97	24.95	0.291383	46.121
24.97	24.95	0.291400	46.215
24.97	24.95	0.291417	46.320
24.97	24.95	0.291433	46.419
24.97	24.95	0.291450	46.514
24.97	24.95	0.291467	46.618
24.97	24.95	0.291483	46.719
24.97	24.94	0.291500	46.814
24.97	24.94	0.291517	46.918
24.97	24.94	0.291533	47.018
24.97	24.94	0.291550	47.112
24.95	24.94	0.291567	47.217
24.95	24.94	0.291583	47.316
24.95	24.94	0.291600	47.412
24.95	24.93	0.291617	47.515
24.95	24.93	0.291633	47.616
24.95	24.93	0.291650	47.713
24.95	24.93	0.291667	47.814
24.95	24.93	0.291683	47.917
24.95	24.93	0.291700	48.012
24.95	24.92	0.291717	48.113
24.92	24.92	0.291733	48.216
24.92	24.92	0.291750	48.312
24.92	24.92	0.291767	48.412
24.92	24.92	0.291783	48.516
24.92	24.92	0.291800	48.613
24.92	24.91	0.291817	48.712
24.92	24.91	0.291833	48.816
24.92	24.91	0.291850	48.913
24.92	24.91	0.291867	49.012
24.89	24.91	0.291883	49.116
24.89	24.91	0.291900	49.213
24.89	24.90	0.291917	49.313
24.89	24.90	0.291933	49.416
24.89	24.90	0.291950	49.514
24.89	24.90	0.291967	49.613
24.89	24.90	0.291983	49.716
24.89	24.90	0.292000	49.813
24.89	24.89	0.292016	49.913
24.89	24.89	0.292033	50.016
24.89	24.89	0.292050	50.113
24.89	24.89	0.292066	50.214
24.89	24.89	0.292083	50.316
24.89	24.89	0.292100	50.413
24.89	24.88	0.292116	50.513
24.89	24.88	0.292133	50.616
24.89	24.88	0.292150	50.713
24.89	24.88	0.292166	50.813
24.89	24.88	0.292183	50.916
24.89	24.88	0.292200	51.013
24.89	24.88	0.292216	51.114
24.89	24.87	0.292233	51.216
24.87	24.87	0.292250	51.313
24.87	24.87	0.292266	51.413
24.87	24.87	0.292283	51.516
24.87	24.87	0.292300	51.613
24.87	24.87	0.292316	51.713
24.87	24.87	0.292333	51.816
24.87	24.87	0.292350	51.913
24.87	24.86	0.292366	52.013
24.87	24.86	0.292383	52.116
24.87	24.86	0.292400	52.213
24.87	24.86	0.292416	52.313
24.87	24.86	0.292433	52.416
24.87	24.86	0.292450	52.513
24.87	24.86	0.292466	52.613
24.87	24.86	0.292483	52.716
24.87	24.86	0.292500	52.813
24.87	24.86	0.292516	52.913
24.84	24.86	0.292533	53.016
24.84	24.86	0.292550	53.113
24.84	24.86	0.292566	53.213
24.84	24.86	0.292583	53.316
24.84	24.86	0.292600	53.442
24.84	24.86	0.292616	53.537
24.84	24.86	0.292633	53.616
24.84	24.86	0.292650	53.741
24.84	24.86	0.292666	53.836
24.84	24.86	0.292683	53.915
24.84	24.86	0.292700	54.040
24.84	24.86	0.292716	54.134
24.84	24.86	0.292733	54.239
24.84	24.86	0.292750	54.338
24.84	24.86	0.292766	54.433
24.84	24.86	0.292783	54.538
24.87	24.86	0.292800	54.638
24.87	24.86	0.292816	54.733
24.87	24.86	0.292833	54.837
24.87	24.86	0.292849	54.937
24.87	24.86	0.292866	55.031
24.87	24.86	0.292883	55.136
24.87	24.86	0.292899	55.235
24.87	24.86	0.292916	55.330
24.87	24.86	0.292933	55.435
24.87	24.86	0.292949	55.529
24.87	24.87	0.292966	55.629
24.87	24.87	0.292983	55.733
24.87	24.87	0.292999	55.828
24.87	24.87	0.293016	55.927
24.87	24.87	0.293033	56.032
24.87	24.87	0.293049	56.127
24.87	24.87	0.293066	56.226
24.87	24.88	0.293083	56.331
24.87	24.88	0.293099	56.425
24.87	24.88	0.293116	56.525
24.87	24.88	0.293133	56.629
24.87	24.88	0.293149	56.724
24.87	24.89	0.293166	56.823
24.87	24.89	0.293183	56.928
24.87	24.89	0.293199	57.024
24.87	24.89	0.293216	57.123
24.87	24.89	0.293233	57.228
24.87	24.90	0.293249	57.322
24.87	24.90	0.293266	57.422
24.87	24.90	0.293283	57.526
24.87	24.90	0.293299	57.621
24.87	24.91	0.293316	57.721
24.87	24.91	0.293333	57.825
24.87	24.91	0.293349	57.920
24.87	24.91	0.293366	58.019
24.87	24.92	0.293383	58.124
24.89	24.92	0.293399	58.218
24.89	24.92	0.293416	58.319
24.89	24.93	0.293433	58.422
24.89	24.93	0.293449	58.517
24.89	24.93	0.293466	58.620
24.89	24.93	0.293483	58.721
24.92	24.94	0.293499	58.816
24.92	24.94	0.293516	58.919
24.92	24.94	0.293533	59.020
24.92	24.95	0.293549	59.114
24.95	24.95	0.293566	59.219
24.95	24.95	0.293583	59.319
24.95	24.96	0.293599	59.414
24.95	24.96	0.293616	59.519
24.95	24.96	0.293633	59.618
24.97	24.97	0.293649	59.714
24.97	24.97	0.293666	59.817
24.97	24.97	0.293682	59.917
24.97	24.98	0.293699	00.014
24.97	24.98	0.293716	00.116
24.97	24.98	0.293732	00.216
25.00	24.99	0.293749	00.314
25.00	24.99	0.293766	00.415
25.00	24.99	0.293782	00.514
25.00	25.00	0.293799	00.614
25.00	25.00	0.293816	00.714
25.00	25.00	0.293832	00.815
25.00	25.01	0.293849	00.914
25.00	25.01	0.293866	01.013
25.02	25.01	0.293882	01.115
25.02	25.02	0.293899	01.214
25.02	25.02	0.293916	01.314
25.02	25.02	0.293932	01.414
25.02	25.03	0.293949	01.514
25.02	25.03	0.293966	01.614
25.02	25.04	0.293982	01.714
25.02	25.04	0.293999	01.815
25.02	25.04	0.294016	01.914
25.02	25.05	0.294032	02.015
25.05	25.05	0.294049	02.114
25.05	25.05	0.294066	02.214
25.05	25.06	0.294082	02.314
25.05	25.06	0.294099	02.414
25.05	25.06	0.294116	02.514
25.05	25.07	0.294132	02.614
25.05	25.07	0.294149	02.715
25.08	25.07	0.294166	02.814
25.08	25.08	0.294182	02.914
25.08	25.08	0.294199	03.014
25.08	25.08	0.294216	03.114
25.08	25.09	0.294232	03.214
25.08	25.09	0.294249	03.314
25.08	25.09	0.294266	03.415
25.10	25.09	0.294282	03.514
25.10	25.10	0.294299	03.614
25.10	25.10	0.294316	03.714
25.10	25.10	0.294332	03.814
25.10	25.11	0.294349	03.914
25.10	25.11	0.294366	04.014
25.10	25.11	0.294382	04.114
25.13	25.11	0.294399	04.214
25.13	25.12	0.294416	04.315
25.13	25.12	0.294432	04.414
25.13	25.12	0.294449	04.514
25.13	25.12	0.294466	04.614
25.13	25.13	0.294482	04.714
25.13	25.13	0.294499	04.814
25.13	25.13	0.294515	04.914
25.13	25.13	0.294532	05.014
25.13	25.14	0.294549	05.114
25.15	25.14	0.294565	05.214
25.15	25.14	0.294582	05.314
25.15	25.14	0.294599	05.414
25.15	25.14	0.294615	05.514
25.15	25.15	0.294632	05.614
25.15	25.15	0.294649	05.714
25.15	25.15	0.294665	05.814
25.15	25.15	0.294682	05.938
25.15	25.15	0.294699	06.043
25.15	25.16	0.294715	06.138
25.15	25.16	0.294732	06.213
25.15	25.16	0.294749	06.342
25.15	25.16	0.294765	06.436
25.15	25.16	0.294782	06.514
25.18	25.16	0.294799	06.640
25.18	25.16	0.294815	06.735
25.18	25.16	0.294832	06.814
25.18	25.17	0.294849	06.939
25.18	25.17	0.294865	07.034
25.18	25.17	0.294882	07.138
25.18	25.17	0.294899	07.238
25.18	25.17	0.294915	07.332
25.18	25.17	0.294932	07.438
25.18	25.17	0.294949	07.537
25.18	25.17	0.294965	07.632
25.18	25.17	0.294982	07.737
25.18	25.17	0.294999	07.836
25.18	25.17	0.295015	07.931
25.18	25.17	0.295032	08.035
25.18	25.17	0.295049	08.135
25.18	25.17	0.295065	08.229
25.18	25.17	0.295082	08.334
25.18	25.17	0.295099	08.433
25.18	25.17	0.295115	08.528
25.18	25.17	0.295132	08.633
25.18	25.17	0.295149	08.727
25.18	25.17	0.295165	08.827
25.18	25.17	0.295182	08.931
25.18	25.17	0.295199	09.026
25.18	25.17	0.295215	09.125
25.18	25.17	0.295232	09.230
25.18	25.17	0.295249	09.325
25.18	25.17	0.295265	09.425
25.18	25.17	0.295282	09.530
25.18	25.17	0.295299	09.624
25.18	25.17	0.295315	09.724
25.18	25.17	0.295332	09.828
25.18	25.17	0.295348	09.923
25.18	25.17	0.295365	10.022
25.18	25.16	0.295382	10.127
25.18	25.16	0.295398	10.222
25.18	25.16	0.295415	10.321
25.18	25.16	0.295432	10.426
25.18	25.16	0.295448	10.520
25.18	25.16	0.295465	10.620
25.18	25.16	0.295482	10.724
25.18	25.16	0.295498	10.819
25.18	25.16	0.295515	10.919
25.18	25.15	0.295532	11.023
25.18	25.15	0.295548	11.118
25.18	25.15	0.295565	11.218
25.15	25.15	0.295582	11.323
25.15	25.15	0.295598	11.416
25.15	25.15	0.295615	11.518
25.15	25.15	0.295632	11.620
25.15	25.14	0.295648	11.716
25.15	25.14	0.295665	11.818
25.15	25.14	0.295682	11.920
25.15	25.14	0.295698	12.015
25.15	25.14	0.295715	12.117
25.15	25.14	0.295732	12.219
25.15	25.13	0.295748	12.314
25.13	25.13	0.295765	12.417
25.13	25.13	0.295782	12.518
25.13	25.13	0.295798	12.614
25.13	25.13	0.295815	12.717
25.13	25.13	0.295832	12.816
25.13	25.12	0.295848	12.914
25.13	25.12	0.295865	13.015
25.13	25.12	0.295882	13.115
25.13	25.12	0.295898	13.214
25.13	25.12	0.295915	13.314
25.13	25.12	0.295932	13.415
25.13	25.11	0.295948	13.514
25.13	25.11	0.295965	13.614
25.10	25.11	0.295982	13.714
25.10	25.11	0.295998	13.814
25.10	25.11	0.296015	13.914
25.10	25.11	0.296032	14.014
25.10	25.10	0.296048	14.115
25.10	25.10	0.296065	14.214
25.10	25.10	0.296082	14.314
25.10	25.10	0.296098	14.414
25.10	25.10	0.296115	14.514
25.10	25.10	0.296132	14.614
25.10	25.09	0.296148	14.714
25.10	25.09	0.296165	14.814
25.10	25.09	0.296181	14.914
25.10	25.09	0.296198	15.015
25.10	25.09	0.296215	15.114
25.10	25.09	0.296231	15.214
25.10	25.09	0.296248	15.314
25.08	25.08	0.296265	15.414
25.08	25.08	0.296281	15.514
25.08	25.08	0.296298	15.614
25.08	25.08	0.296315	15.714
25.08	25.08	0.296331	15.814
25.08	25.08	0.296348	15.915
25.08	25.08	0.296365	16.014
25.08	25.08	0.296381	16.114
25.08	25.08	0.296398	16.214
25.08	25.08	0.296415	16.314
25.08	25.07	0.296431	16.414
25.08	25.07	0.296448	16.514
25.08	25.07	0.296465	16.615
25.08	25.07	0.296481	16.714
25.08	25.07	0.296498	16.814
25.08	25.07	0.296515	16.914
25.05	25.07	0.296531	17.014
25.05	25.07	0.296548	17.114
25.05	25.07	0.296565	17.214
25.05	25.07	0.296581	17.314
25.05	25.07	0.296598	17.414
25.05	25.07	0.296615	17.515
25.05	25.07	0.296631	17.614
25.05	25.07	0.296648	17.714
25.05	25.07	0.296665	17.814
25.05	25.07	0.296681	17.914
25.05	25.07	0.296698	18.014
25.05	25.07	0.296715	18.114
25.05	25.07	0.296731	18.215
25.05	25.07	0.296748	18.314
25.05	25.07	0.296765	18.414
25.05	25.07	0.296781	18.514
25.05	25.07	0.296798	18.614
25.08	25.07	0.296815	18.738
25.08	25.07	0.296831	18.838
25.08	25.07	0.296848	18.942
25.08	25.07	0.296865	19.037
25.08	25.07	0.296881	19.136
25.08	25.08	0.296898	19.241
25.08	25.08	0.296915	19.336
25.08	25.08	0.296931	19.437
25.08	25.08	0.296948	19.540
25.08	25.08	0.296965	19.634
25.08	25.08	0.296981	19.737
25.08	25.08	0.296998	19.839
25.08	25.08	0.297014	19.934
25.08	25.08	0.297031	20.036
25.08	25.09	0.297048	20.138
25.08	25.09	0.297064	20.233
25.08	25.09	0.297081	20.336
25.08	25.09	0.297098	20.437
25.08	25.09	0.297114	20.531
25.08	25.10	0.297131	20.636
25.08	25.10	0.297148	20.735
25.08	25.10	0.297164	20.830
25.08	25.10	0.297181	20.935
25.08	25.10	0.297198	21.034
25.08	25.11	0.297214	21.129
25.08	25.11	0.297231	21.233
25.08	25.11	0.297248	21.333
25.08	25.11	0.297264	21.427
25.08	25.11	0.297281	21.532
25.10	25.12	0.297298	21.631
25.10	25.12	0.297314	21.726
25.10	25.12	0.297331	21.832
25.10	25.12	0.297348	21.926
25.10	25.13	0.297364	22.026
25.10	25.13	0.297381	22.130
25.10	25.13	0.297398	22.225
25.13	25.14	0.297414	22.324
25.13	25.14	0.297431	22.429
25.13	25.14	0.297448	22.524
25.13	25.14	0.297464	22.623
25.13	25.15	0.297481	22.728
25.13	25.15	0.297498	22.822
25.13	25.15	0.297514	22.922
25.13	25.16	0.297531	23.026
25.15	25.16	0.297548	23.121
25.15	25.16	0.297564	23.220
25.15	25.17	0.297581	23.325
25.15	25.17	0.297598	23.420
25.15	25.17	0.297614	23.519
25.15	25.18	0.297631	23.624
25.18	25.18	0.297648	23.718
25.18	25.18	0.297664	23.818
25.18	25.19	0.297681	23.922
25.18	25.19	0.297698	24.017
25.18	25.19	0.297714	24.118
25.18	25.20	0.297731	24.222
25.18	25.20	0.297748	24.317
25.21	25.20	0.297764	24.416
25.21	25.21	0.297781	24.521
25.21	25.21	0.297798	24.615
25.21	25.21	0.297814	24.716
25.21	25.22	0.297831	24.819
25.21	25.22	0.297847	24.915
25.21	25.22	0.297864	25.016
25.21	25.23	0.297881	25.118
25.23	25.23	0.297897	25.215
25.23	25.23	0.297914	25.316
25.23	25.24	0.297931	25.417
25.23	25.24	0.297947	25.515
25.23	25.25	0.297964	25.616
25.23	25.25	0.297981	25.716
25.23	25.25	0.297997	25.815
25.23	25.26	0.298014	25.915
25.26	25.26	0.298031	26.015
25.26	25.26	0.298047	26.115
25.26	25.27	0.298064	26.215
25.26	25.27	0.298081	26.315
25.26	25.27	0.298097	26.415
25.26	25.28	0.298114	26.515
25.28	25.28	0.298131	26.616
25.28	25.28	0.298147	26.715
25.28	25.29	0.298164	26.815
25.28	25.29	0.298181	26.915
25.28	25.29	0.298197	27.015
25.28	25.30	0.298214	27.115
25.28	25.30	0.298231	27.215
25.31	25.30	0.298247	27.315
25.31	25.30	0.298264	27.415
25.31	25.31	0.298281	27.516
25.31	25.31	0.298297	27.615
25.31	25.31	0.298314	27.715
25.31	25.32	0.298331	27.815
25.31	25.32	0.298347	27.915
25.34	25.32	0.298364	28.014
25.34	25.32	0.298381	28.115
25.34	25.33	0.298397	28.216
25.34	25.33	0.298414	28.315
25.34	25.33	0.298431	28.415
25.34	25.34	0.298447	28.515
25.34	25.34	0.298464	28.615
25.34	25.34	0.298481	28.715
25.34	25.34	0.298497	28.815
25.34	25.35	0.298514	28.915
25.36	25.35	0.298531	29.015
25.36	25.35	0.298547	29.116
25.36	25.35	0.298564	29.215
25.36	25.35	0.298581	29.315
25.36	25.36	0.298597	29.415
25.36	25.36	0.298614	29.515
25.36	25.36	0.298631	29.615
25.36	25.36	0.298647	29.715
25.36	25.36	0.298664	29.815
25.36	25.37	0.298680	29.915
25.36	25.37	0.298697	30.016
25.36	25.37	0.298714	30.115
25.39	25.37	0.298730	30.215
25.39	25.37	0.298747	30.315
25.39	25.37	0.298764	30.415
25.39	25.37	0.298780	30.515
25.39	25.38	0.298797	30.615
25.39	25.38	0.298814	30.716
25.39	25.38	0.298830	30.815
25.39	25.38	0.298847	30.916
25.39	25.38	0.298864	31.040
25.39	25.38	0.298880	31.140
25.39	25.38	0.298897	31.244
25.39	25.38	0.298914	31.339
25.39	25.38	0.298930	31.438
25.39	25.38	0.298947	31.543
25.39	25.38	0.298964	31.637
25.39	25.38	0.298980	31.737
25.39	25.39	0.298997	31.842
25.39	25.39	0.299014	31.936
25.39	25.39	0.299030	32.037
25.39	25.39	0.299047	32.141
25.39	25.39	0.299064	32.236
25.39	25.39	0.299080	32.335
25.39	25.39	0.299097	32.440
25.39	25.39	0.299114	32.534
25.39	25.39	0.299130	32.636
25.39	25.39	0.299147	32.738
25.39	25.39	0.299164	32.833
25.39	25.39	0.299180	32.935
25.39	25.39	0.299197	33.037
25.39	25.39	0.299214	33.131
25.39	25.38	0.299230	33.235
25.39	25.38	0.299247	33.337
25.39	25.38	0.299264	33.431
25.39	25.38	0.299280	33.536
25.39	25.38	0.299297	33.635
25.39	25.38	0.299314	33.730
25.39	25.38	0.299330	33.834
25.41	25.38	0.299347	33.934
25.41	25.38	0.299364	34.029
25.41	25.38	0.299380	34.133
25.41	25.38	0.299397	34.233
25.41	25.38	0.299414	34.327
25.41	25.38	0.299430	34.432
25.41	25.37	0.299447	34.531
25.39	25.37	0.299464	34.626
25.39	25.37	0.299480	34.730
25.39	25.37	0.299497	34.825
25.39	25.37	0.299513	34.925
25.39	25.37	0.299530	35.029
25.39	25.37	0.299547	35.124
25.39	25.37	0.299563	35.223
25.39	25.36	0.299580	35.329
25.39	25.36	0.299597	35.423
25.39	25.36	0.299613	35.523
25.39	25.36	0.299630	35.627
25.36	25.36	0.299647	35.722
25.36	25.36	0.299663	35.822
25.36	25.35	0.299680	35.926
25.36	25.35	0.299697	36.021
25.36	25.35	0.299713	36.120
25.36	25.35	0.299730	36.225
25.36	25.35	0.299747	36.319
25.34	25.35	0.299763	36.419
25.34	25.34	0.299780	36.524
25.34	25.34	0.299797	36.618
25.34	25.34	0.299813	36.718
25.34	25.34	0.299830	36.822
25.34	25.34	0.299847	36.917
25.34	25.34	0.299863	37.017
25.34	25.33	0.299880	37.121
25.34	25.33	0.299897	37.217
25.34	25.33	0.299913	37.317
25.34	25.33	0.299930	37.420
25.34	25.33	0.299947	37.517
25.34	25.33	0.299963	37.617
25.34	25.32	0.299980	37.719
25.31	25.32	0.299997	37.817
25.31	25.32	0.300013	37.917
25.31	25.32	0.300030	38.018
25.31	25.32	0.300047	38.118
25.31	25.32	0.300063	38.217
25.31	25.31	0.300080	38.317
25.31	25.31	0.300097	38.417
25.31	25.31	0.300113	38.517
25.31	25.31	0.300130	38.617
25.31	25.31	0.300147	38.717
25.31	25.31	0.300163	38.818
25.31	25.30	0.300180	38.918
25.31	25.30	0.300197	39.019
25.31	25.30	0.300213	39.118
25.31	25.30	0.300230	39.218
25.31	25.30	0.300247	39.318
25.31	25.30	0.300263	39.418
25.28	25.30	0.300280	39.518
25.28	25.30	0.300297	39.618
25.28	25.29	0.300313	39.719
25.28	25.29	0.300330	39.818
25.28	25.29	0.300346	39.918
25.28	25.29	0.300363	40.018
25.28	25.29	0.300380	40.118
25.28	25.29	0.300396	40.218
25.28	25.29	0.300413	40.318
25.28	25.29	0.300430	40.418
25.28	25.29	0.300446	40.518
25.28	25.29	0.300463	40.619
25.28	25.29	0.300480	40.718
25.28	25.28	0.300496	40.818
25.28	25.28	0.300513	40.918
25.28	25.28	0.300530	41.017
25.28	25.28	0.300546	41.118
25.28	25.28	0.300563	41.218
25.28	25.28	0.300580	41.318
25.28	25.28	0.300596	41.418
25.28	25.28	0.300613	41.519
25.28	25.28	0.300630	41.618
25.28	25.28	0.300646	41.717
25.28	25.28	0.300663	41.818
25.28	25.28	0.300680	41.918
25.28	25.28	0.300696	42.018
25.28	25.28	0.300713	42.118
25.28	25.28	0.300730	42.218
25.28	25.28	0.300746	42.318
25.28	25.28	0.300763	42.418
25.28	25.28	0.300780	42.518
25.28	25.28	0.300796	42.618
25.28	25.28	0.300813	42.718
25.28	25.29	0.300830	42.818
25.28	25.29	0.300846	42.918
25.28	25.29	0.300863	43.018
25.28	25.29	0.300880	43.142
25.28	25.29	0.300896	43.247
25.28	25.29	0.300913	43.342
25.28	25.29	0.300930	43.441
25.28	25.29	0.300946	43.546
25.28	25.29	0.300963	43.641
25.28	25.29	0.300980	43.741
25.28	25.30	0.300996	43.845
25.28	25.30	0.301013	43.940
25.28	25.30	0.301030	44.039
25.28	25.30	0.301046	44.144
25.28	25.30	0.301063	44.239
25.28	25.30	0.301080	44.338
25.28	25.30	0.301096	44.443
25.28	25.31	0.301113	44.537
25.28	25.31	0.301130	44.637
25.31	25.31	0.301146	44.741
25.31	25.31	0.301163	44.836
25.31	25.31	0.301179	44.936
25.31	25.32	0.301196	45.040
25.31	25.32	0.301213	45.135
25.31	25.32	0.301229	45.234
25.31	25.32	0.301246	45.339
25.31	25.33	0.301263	45.433
25.31	25.33	0.301279	45.534
25.31	25.33	0.301296	45.637
25.31	25.33	0.301313	45.732
25.31	25.34	0.301329	45.834
25.34	25.34	0.301346	45.937
25.34	25.34	0.301363	46.032
25.34	25.34	0.301379	46.133
25.34	25.35	0.301396	46.236
25.34	25.35	0.301413	46.330
25.34	25.35	0.301429	46.434
25.34	25.35	0.301446	46.535
25.34	25.36	0.301463	46.629
25.34	25.36	0.301479	46.734
25.34	25.36	0.301496	46.833
25.34	25.37	0.301513	46.928
25.34	25.37	0.301529	47.032
25.36	25.37	0.301546	47.132
25.36	25.38	0.301563	47.226
25.36	25.38	0.301579	47.331
25.36	25.38	0.301596	47.431
25.36	25.39	0.301613	47.525
25.36	25.39	0.301629	47.630
25.36	25.39	0.301646	47.729
25.39	25.40	0.301663	47.824
25.39	25.40	0.301679	47.929
25.39	25.40	0.301696	48.024
25.39	25.41	0.301713	48.124
25.39	25.41	0.301729	48.228
25.39	25.41	0.301746	48.323
25.41	25.42	0.301763	48.422
25.41	25.42	0.301779	48.527
25.41	25.42	0.301796	48.621
25.41	25.43	0.301813	48.721
25.41	25.43	0.301829	48.825
25.41	25.43	0.301846	48.920
25.41	25.44	0.301863	49.021
25.44	25.44	0.301879	49.124
25.44	25.44	0.301896	49.220
25.44	25.45	0.301913	49.320
25.44	25.45	0.301929	49.423
25.44	25.45	0.301946	49.520
25.47	25.46	0.301963	49.620
25.47	25.46	0.301979	49.722
25.47	25.47	0.301996	49.820
25.47	25.47	0.302012	49.920
25.47	25.47	0.302029	50.020
25.47	25.48	0.302046	50.120
25.47	25.48	0.302062	50.220
25.47	25.48	0.302079	50.320
25.49	25.49	0.302096	50.420
25.49	25.49	0.302112	50.520
25.49	25.49	0.302129	50.621
25.49	25.50	0.302146	50.720
25.49	25.50	0.302162	50.820
25.49	25.50	0.302179	50.921
25.49	25.51	0.302196	51.021
25.52	25.51	0.302212	51.121
25.52	25.51	0.302229	51.221
25.52	25.51	0.302246	51.322
25.52	25.52	0.302262	51.421
25.52	25.52	0.302279	51.521
25.52	25.52	0.302296	51.621
25.52	25.53	0.302312	51.721
25.52	25.53	0.302329	51.821
25.52	25.53	0.302346	51.921
25.54	25.54	0.302362	52.021
25.54	25.54	0.302379	52.121
25.54	25.54	0.302396	52.222
25.54	25.54	0.302412	52.321
25.54	25.55	0.302429	52.421
25.54	25.55	0.302446	52.521
25.54	25.55	0.302462	52.621
25.54	25.55	0.302479	52.721
25.54	25.56	0.302496	52.821
25.57	25.56	0.302512	52.922
25.57	25.56	0.302529	53.021
25.57	25.56	0.302546	53.121
25.57	25.57	0.302562	53.221
25.57	25.57	0.302579	53.321
25.57	25.57	0.302596	53.421
25.57	25.57	0.302612	53.521
25.57	25.57	0.302629	53.621
25.60	25.58	0.302646	53.721
25.60	25.58	0.302662	53.822
25.60	25.58	0.302679	53.921
25.60	25.58	0.302696	54.021
25.60	25.58	0.302712	54.121
25.60	25.58	0.302729	54.221
25.60	25.58	0.302746	54.321
25.60	25.59	0.302762	54.421
25.60	25.59	0.302779	54.521
25.60	25.59	0.302796	54.621
25.60	25.59	0.302812	54.722
25.60	25.59	0.302829	54.821
25.60	25.59	0.302845	54.921
25.60	25.59	0.302862	55.021
25.60	25.59	0.302879	55.121
25.60	25.60	0.302895	55.250
25.60	25.60	0.302912	55.320
25.60	25.60	0.302929	55.444
25.60	25.60	0.302945	55.549
25.60	25.60	0.302962	55.649
25.60	25.60	0.302979	55.743
25.60	25.60	0.302995	55.848
25.60	25.60	0.303012	55.942
25.60	25.60	0.303029	56.042
25.60	25.60	0.303045	56.146
25.60	25.60	0.303062	56.241
25.60	25.60	0.303079	56.340
25.60	25.60	0.303095	56.446
25.62	25.60	0.303112	56.541
25.62	25.60	0.303129	56.640
25.62	25.60	0.303145	56.745
25.62	25.60	0.303162	56.839
25.62	25.60	0.303179	56.939
25.62	25.60	0.303195	57.043
25.62	25.60	0.303212	57.138
25.62	25.60	0.303229	57.238
25.62	25.60	0.303245	57.342
25.62	25.60	0.303262	57.437
25.62	25.60	0.303279	57.537
25.62	25.60	0.303295	57.641
25.60	25.60	0.303312	57.736
25.60	25.59	0.303329	57.835
25.60	25.59	0.303345	57.940
25.60	25.59	0.303362	58.035
25.60	25.59	0.303379	58.134
25.60	25.59	0.303395	58.239
25.60	25.59	0.303412	58.333
25.60	25.59	0.303429	58.433
25.60	25.59	0.303445	58.537
25.60	25.59	0.303462	58.632
25.60	25.59	0.303479	58.732
25.60	25.58	0.303495	58.836
25.60	25.58	0.303512	58.931
25.60	25.58	0.303529	59.032
25.60	25.58	0.303545	59.136
25.60	25.58	0.303562	59.230
25.60	25.58	0.303579	59.332
25.60	25.58	0.303595	59.434
25.60	25.57	0.303612	59.529
25.60	25.57	0.303629	59.632
25.57	25.57	0.303645	59.733
25.57	25.57	0.303662	59.828
25.57	25.57	0.303678	59.932
25.57	25.57	0.303695	00.031
25.57	25.56	0.303712	00.126
25.57	25.56	0.303728	00.230
25.57	25.56	0.303745	00.330
25.57	25.56	0.303762	00.425
25.57	25.56	0.303778	00.529
25.57	25.56	0.303795	00.630
25.54	25.55	0.303812	00.724
25.54	25.55	0.303828	00.829
25.54	25.55	0.303845	00.928
25.54	25.55	0.303862	01.023
25.54	25.55	0.303878	01.127
25.54	25.55	0.303895	01.222
25.54	25.54	0.303912	01.322
25.54	25.54	0.303928	01.426
25.54	25.54	0.303945	01.521
25.54	25.54	0.303962	01.621
25.54	25.54	0.303978	01.725
25.54	25.54	0.303995	01.821
25.54	25.53	0.304012	01.921
25.54	25.53	0.304028	02.024
25.54	25.53	0.304045	02.121
25.54	25.53	0.304062	02.221
25.54	25.53	0.304078	02.322
25.54	25.53	0.304095	02.421
25.54	25.52	0.304112	02.521
25.54	25.52	0.304128	02.621
25.54	25.52	0.304145	02.722
25.54	25.52	0.304162	02.821
25.54	25.52	0.304178	02.921
25.52	25.52	0.304195	03.020
25.52	25.52	0.304212	03.121
25.52	25.51	0.304228	03.221
25.52	25.51	0.304245	03.321
25.52	25.51	0.304262	03.421
25.52	25.51	0.304278	03.521
25.52	25.51	0.304295	03.622
25.52	25.51	0.304312	03.721
25.52	25.51	0.304328	03.821
25.49	25.51	0.304345	03.921
25.49	25.50	0.304362	04.021
25.49	25.50	0.304378	04.121
25.49	25.50	0.304395	04.221
25.49	25.50	0.304412	04.321
25.49	25.50	0.304428	04.421
25.49	25.50	0.304445	04.522
25.49	25.50	0.304462	04.621
25.49	25.50	0.304478	04.721
25.49	25.50	0.304495	04.821
25.49	25.50	0.304511	04.921
25.49	25.50	0.304528	05.021
25.49	25.50	0.304545	05.121
25.49	25.50	0.304561	05.222
25.49	25.50	0.304578	05.321
25.49	25.50	0.304595	05.421
25.49	25.50	0.304611	05.521
25.49	25.50	0.304628	05.621
25.49	25.50	0.304645	05.721
25.49	25.50	0.304661	05.821
25.49	25.50	0.304678	05.921
25.49	25.50	0.304695	06.020
25.49	25.50	0.304711	06.122
25.49	25.50	0.304728	06.221
25.49	25.50	0.304745	06.321
25.49	25.50	0.304761	06.421
25.49	25.50	0.304778	06.521
25.49	25.50	0.304795	06.621
25.49	25.50	0.304811	06.721
25.49	25.50	0.304828	06.822
25.49	25.50	0.304845	06.921
25.49	25.50	0.304861	07.020
25.49	25.50	0.304878	07.121
25.49	25.50	0.304895	07.221
25.49	25.50	0.304911	07.321
25.52	25.50	0.304928	07.420
25.52	25.50	0.304945	07.526
25.52	25.51	0.304961	07.621
25.52	25.51	0.304978	07.722
25.52	25.51	0.304995	07.821
25.52	25.51	0.305011	07.921
25.52	25.51	0.305028	08.045
25.52	25.51	0.305045	08.120
25.52	25.51	0.305061	08.249
25.52	25.52	0.305078	08.344
25.52	25.52	0.305095	08.448
25.52	25.52	0.305111	08.548
25.52	25.52	0.305128	08.643
25.52	25.52	0.305145	08.747
25.52	25.53	0.305161	08.848
25.52	25.53	0.305178	08.941
25.52	25.53	0.305195	09.047
25.52	25.53	0.305211	09.146
25.52	25.53	0.305228	09.241
25.52	25.54	0.305245	09.345
25.52	25.54	0.305261	09.440
25.52	25.54	0.305278	09.540
25.52	25.54	0.305295	09.644
25.52	25.55	0.305311	09.739
25.52	25.55	0.305328	09.838
25.52	25.55	0.305344	09.943
25.52	25.55	0.305361	10.037
25.52	25.56	0.305378	10.137
25.52	25.56	0.305394	10.241
25.52	25.56	0.305411	10.336
25.52	25.57	0.305428	10.436
25.52	25.57	0.305444	10.540
25.52	25.57	0.305461	10.635
25.54	25.57	0.305478	10.734
25.54	25.58	0.305494	10.839
25.54	25.58	0.305511	10.933
25.54	25.58	0.305528	11.033
25.54	25.59	0.305544	11.139
25.57	25.59	0.305561	11.233
25.57	25.59	0.305578	11.333
25.57	25.60	0.305594	11.437
25.57	25.60	0.305611	11.532
25.60	25.60	0.305628	11.631
25.60	25.61	0.305644	11.736
25.60	25.61	0.305661	11.830
25.60	25.61	0.305678	11.930
25.62	25.62	0.305694	12.035
25.62	25.62	0.305711	12.129
25.62	25.62	0.305728	12.230
25.62	25.63	0.305744	12.333
25.62	25.63	0.305761	12.428
25.65	25.63	0.305778	12.530
25.65	25.64	0.305794	12.632
25.65	25.64	0.305811	12.727
25.65	25.64	0.305828	12.830
25.65	25.65	0.305844	12.931
25.65	25.65	0.305861	13.025
25.65	25.65	0.305878	13.130
25.65	25.66	0.305894	13.229
25.67	25.66	0.305911	13.325
25.67	25.66	0.305928	13.429
25.67	25.67	0.305944	13.529
25.67	25.67	0.305961	13.624
25.67	25.68	0.305978	13.728
25.67	25.68	0.305994	13.828
25.67	25.68	0.306011	13.922
25.67	25.69	0.306028	14.027
25.67	25.69	0.306044	14.126
25.67	25.69	0.306061	14.221
25.67	25.70	0.306078	14.326
25.70	25.70	0.306094	14.425
25.70	25.70	0.306111	14.521
25.70	25.71	0.306128	14.624
25.70	25.71	0.306144	14.725
25.70	25.71	0.306161	14.821
25.70	25.72	0.306177	14.923
25.73	25.72	0.306194	15.025
25.73	25.72	0.306211	15.121
25.73	25.73	0.306227	15.222
25.73	25.73	0.306244	15.325
25.73	25.73	0.306261	15.421
25.73	25.73	0.306277	15.521
25.73	25.74	0.306294	15.625
25.73	25.74	0.306311	15.721
25.73	25.74	0.306327	15.821
25.75	25.75	0.306344	15.925
25.75	25.75	0.306361	16.021
25.75	25.75	0.306377	16.121
25.75	25.75	0.306394	16.225
25.75	25.76	0.306411	16.321
25.75	25.76	0.306427	16.421
25.75	25.76	0.306444	16.525
25.75	25.76	0.306461	16.621
25.75	25.77	0.306477	16.721
25.78	25.77	0.306494	16.825
25.78	25.77	0.306511	16.921
25.78	25.77	0.306527	17.021
25.78	25.78	0.306544	17.125
25.78	25.78	0.306561	17.221
25.78	25.78	0.306577	17.321
25.78	25.78	0.306594	17.425
25.78	25.78	0.306611	17.522
25.78	25.79	0.306627	17.621
25.80	25.79	0.306644	17.725
25.80	25.79	0.306661	17.821
25.80	25.79	0.306677	17.921
25.80	25.79	0.306694	18.024
25.80	25.80	0.306711	18.121
25.80	25.80	0.306727	18.221
25.80	25.80	0.306744	18.325
25.80	25.80	0.306761	18.422
25.80	25.80	0.306777	18.521
25.80	25.80	0.306794	18.625
25.80	25.80	0.306811	18.721
25.80	25.80	0.306827	18.821
25.83	25.81	0.306844	18.925
25.83	25.81	0.306861	19.021
25.83	25.81	0.306877	19.121
25.83	25.81	0.306894	19.225
25.83	25.81	0.306911	19.321
25.83	25.81	0.306927	19.421
25.83	25.81	0.306944	19.524
25.83	25.81	0.306961	19.621
25.83	25.81	0.306977	19.721
25.83	25.81	0.306994	19.825
25.83	25.81	0.307010	19.921
25.83	25.81	0.307027	20.020
25.83	25.81	0.307044	20.125
25.83	25.81	0.307060	20.221
25.83	25.81	0.307077	20.321
25.83	25.81	0.307094	20.424
25.83	25.81	0.307110	20.521
25.83	25.81	0.307127	20.621
25.83	25.81	0.307144	20.725
25.83	25.81	0.307160	20.850
25.83	25.81	0.307177	20.945
25.83	25.81	0.307194	21.025
25.83	25.81	0.307210	21.149
25.83	25.81	0.307227	21.244
25.83	25.81	0.307244	21.348
25.80	25.81	0.307260	21.448
25.80	25.81	0.307277	21.542
25.80	25.81	0.307294	21.647
25.80	25.81	0.307310	21.746
25.80	25.81	0.307327	21.841
25.80	25.81	0.307344	21.946
25.80	25.81	0.307360	22.045
25.80	25.80	0.307377	22.140
25.80	25.80	0.307394	22.244
25.80	25.80	0.307410	22.344
25.80	25.80	0.307427	22.439
25.80	25.80	0.307444	22.543
25.80	25.80	0.307460	22.639
25.80	25.80	0.307477	22.738
25.80	25.80	0.307494	22.843
25.80	25.80	0.307510	22.937
25.80	25.79	0.307527	23.037
25.80	25.79	0.307544	23.141
25.80	25.79	0.307560	23.236
25.80	25.79	0.307577	23.335
25.80	25.79	0.307594	23.440
25.80	25.79	0.307610	23.535
25.80	25.79	0.307627	23.634
25.80	25.78	0.307644	23.739
25.80	25.78	0.307660	23.833
25.80	25.78	0.307677	23.933
25.80	25.78	0.307694	24.037
25.80	25.78	0.307710	24.132
25.80	25.78	0.307727	24.232
25.80	25.77	0.307744	24.337
25.80	25.77	0.307760	24.432
25.80	25.77	0.307777	24.531
25.80	25.77	0.307794	24.636
25.80	25.77	0.307810	24.730
25.80	25.77	0.307827	24.830
25.80	25.76	0.307843	24.934
25.78	25.76	0.307860	25.029
25.78	25.76	0.307877	25.129
25.78	25.76	0.307893	25.233
25.78	25.76	0.307910	25.328
25.78	25.76	0.307927	25.428
25.78	25.75	0.307943	25.532
25.78	25.75	0.307960	25.626
25.75	25.75	0.307977	25.728
25.75	25.75	0.307993	25.830
25.75	25.75	0.308010	25.925
25.75	25.75	0.308027	26.029
25.75	25.74	0.308043	26.129
25.75	25.74	0.308060	26.224
25.75	25.74	0.308077	26.328
25.75	25.74	0.308093	26.428
25.73	25.74	0.308110	26.522
25.73	25.74	0.308127	26.627
25.73	25.73	0.308143	26.727
25.73	25.73	0.308160	26.822
25.73	25.73	0.308177	26.926
25.73	25.73	0.308193	27.025
25.73	25.73	0.308210	27.122
25.73	25.73	0.308227	27.225
25.73	25.73	0.308243	27.325
25.73	25.72	0.308260	27.423
25.73	25.72	0.308277	27.524
25.70	25.72	0.308293	27.623
25.70	25.72	0.308310	27.722
25.70	25.72	0.308327	27.822
25.70	25.72	0.308343	27.924
25.70	25.72	0.308360	28.022
25.70	25.72	0.308377	28.122
25.70	25.72	0.308393	28.224
25.70	25.72	0.308410	28.322
25.70	25.71	0.308427	28.422
25.70	25.71	0.308443	28.523
25.70	25.71	0.308460	28.622
25.70	25.71	0.308477	28.722
25.70	25.71	0.308493	28.824
25.70	25.71	0.308510	28.922
25.70	25.71	0.308527	29.022
25.70	25.71	0.308543	29.124
25.70	25.71	0.308560	29.222
25.70	25.71	0.308577	29.322
25.70	25.71	0.308593	29.423
25.70	25.71	0.308610	29.522
25.70	25.71	0.308627	29.622
25.70	25.71	0.308643	29.723
25.70	25.71	0.308660	29.822
25.70	25.71	0.308676	29.922
25.70	25.71	0.308693	30.024
25.70	25.71	0.308710	30.122
25.70	25.71	0.308726	30.222
25.70	25.71	0.308743	30.323
25.73	25.71	0.308760	30.423
25.73	25.71	0.308776	30.523
25.73	25.71	0.308793	30.623
25.73	25.71	0.308810	30.723
25.73	25.71	0.308826	30.823
25.73	25.71	0.308843	30.924
25.73	25.71	0.308860	31.023
25.73	25.71	0.308876	31.123
25.73	25.72	0.308893	31.223
25.73	25.72	0.308910	31.323
25.70	25.72	0.308926	31.423
25.70	25.72	0.308943	31.523
25.70	25.72	0.308960	31.624
25.70	25.72	0.308976	31.723
25.70	25.72	0.308993	31.823
25.70	25.72	0.309010	31.923
25.70	25.72	0.309026	32.022
25.70	25.73	0.309043	32.123
25.70	25.73	0.309060	32.223
25.70	25.73	0.309076	32.323
25.70	25.73	0.309093	32.423
25.70	25.73	0.309110	32.524
25.70	25.74	0.309126	32.623
25.70	25.74	0.309143	32.723
25.73	25.74	0.309160	32.823
25.73	25.74	0.309176	32.923
25.73	25.74	0.309193	33.047
25.73	25.75	0.309210	33.152
25.73	25.75	0.309226	33.246
25.73	25.75	0.309243	33.323
25.73	25.75	0.309260	33.451
25.73	25.75	0.309276	33.545
25.73	25.76	0.309293	33.623
25.75	25.76	0.309310	33.750
25.75	25.76	0.309326	33.845
25.75	25.76	0.309343	33.947
25.75	25.77	0.309360	34.049
25.75	25.77	0.309376	34.143
25.75	25.77	0.309393	34.222
25.75	25.78	0.309410	34.348
25.78	25.78	0.309426	34.442
25.78	25.78	0.309443	34.547
25.78	25.78	0.309460	34.646
25.78	25.79	0.309476	34.741
25.78	25.79	0.309493	34.845
25.78	25.79	0.309509	34.945
25.78	25.80	0.309526	35.040
25.78	25.80	0.309543	35.144
25.80	25.80	0.309559	35.244
25.80	25.81	0.309576	35.338
25.80	25.81	0.309593	35.443
25.80	25.81	0.309609	35.542
25.80	25.82	0.309626	35.637
25.80	25.82	0.309643	35.741
25.80	25.82	0.309659	35.836
25.80	25.83	0.309676	35.937
25.80	25.83	0.309693	36.040
25.83	25.83	0.309709	36.136
25.83	25.84	0.309726	36.235
25.83	25.84	0.309743	36.340
25.83	25.84	0.309759	36.434
25.83	25.85	0.309776	36.534
25.83	25.85	0.309793	36.638
25.86	25.85	0.309809	36.733
25.86	25.86	0.309826	36.833
25.86	25.86	0.309843	36.937
25.86	25.86	0.309859	37.032
25.86	25.87	0.309876	37.131
25.86	25.87	0.309893	37.236
25.86	25.87	0.309909	37.330
25.88	25.88	0.309926	37.430
25.88	25.88	0.309943	37.535
25.88	25.89	0.309959	37.629
25.88	25.89	0.309976	37.729
25.88	25.89	0.309993	37.833
25.88	25.90	0.310009	37.928
25.88	25.90	0.310026	38.027
25.88	25.90	0.310043	38.132
25.91	25.91	0.310059	38.227
25.91	25.91	0.310076	38.327
25.91	25.91	0.310093	38.432
25.91	25.92	0.310109	38.526
25.91	25.92	0.310126	38.627
25.91	25.92	0.310143	38.730
25.91	25.93	0.310159	38.825
25.93	25.93	0.310176	38.926
25.93	25.93	0.310193	39.029
25.93	25.94	0.310209	39.124
25.93	25.94	0.310226	39.226
25.93	25.94	0.310243	39.328
25.93	25.94	0.310259	39.423
25.93	25.95	0.310276	39.527
25.96	25.95	0.310293	39.626
25.96	25.95	0.310309	39.723
25.96	25.96	0.310326	39.825
25.96	25.96	0.310342	39.925
25.96	25.96	0.310359	40.024
25.96	25.96	0.310376	40.124
25.96	25.97	0.310392	40.224
25.99	25.97	0.310409	40.323
25.99	25.97	0.310426	40.423
25.99	25.98	0.310442	40.523
25.99	25.98	0.310459	40.623
25.99	25.98	0.310476	40.724
25.99	25.98	0.310492	40.823
25.99	25.99	0.310509	40.923
25.99	25.99	0.310526	41.023
25.99	25.99	0.310542	41.123
25.99	25.99	0.310559	41.223
25.99	25.99	0.310576	41.323
25.99	26.00	0.310592	41.423
25.99	26.00	0.310609	41.523
26.01	26.00	0.310626	41.624
26.01	26.00	0.310642	41.723
26.01	26.00	0.310659	41.823
26.01	26.01	0.310676	41.923
26.01	26.01	0.310692	42.022
26.01	26.01	0.310709	42.123
26.01	26.01	0.310726	42.223
26.01	26.01	0.310742	42.323
26.01	26.01	0.310759	42.423
26.01	26.01	0.310776	42.524
26.01	26.02	0.310792	42.623
26.01	26.02	0.310809	42.723
26.01	26.02	0.310826	42.823
26.04	26.02	0.310842	42.923
26.04	26.02	0.310859	43.023
26.04	26.02	0.310876	43.123
26.04	26.02	0.310892	43.224
26.04	26.02	0.310909	43.323
26.04	26.02	0.310926	43.423
26.04	26.02	0.310942	43.523
26.04	26.02	0.310959	43.623
26.04	26.02	0.310976	43.723
26.04	26.03	0.310992	43.823
26.04	26.03	0.311009	43.923
26.04	26.03	0.311026	44.023
26.04	26.03	0.311042	44.124
26.04	26.03	0.311059	44.223
26.04	26.03	0.311076	44.323
26.04	26.03	0.311092	44.423
26.04	26.03	0.311109	44.523
26.04	26.03	0.311126	44.623
26.04	26.03	0.311142	44.723
26.04	26.03	0.311159	44.824
26.04	26.03	0.311175	44.923
26.04	26.03	0.311192	45.022
26.04	26.03	0.311209	45.123
26.04	26.02	0.311225	45.223
26.04	26.02	0.311242	45.323
26.04	26.02	0.311259	45.423
26.04	26.02	0.311275	45.523
26.04	26.02	0.311292	45.623
26.04	26.02	0.311309	45.752
26.04	26.02	0.311325	45.847
26.04	26.02	0.311342	45.948
26.04	26.02	0.311359	46.051
26.01	26.02	0.311375	46.146
26.01	26.02	0.311392	46.245
26.01	26.02	0.311409	46.351
26.01	26.02	0.311425	46.445
26.01	26.01	0.311442	46.546
26.01	26.01	0.311459	46.650
26.01	26.01	0.311475	46.744
26.01	26.01	0.311492	46.846
26.01	26.01	0.311509	46.948
26.01	26.01	0.311525	47.043
26.01	26.01	0.311542	47.145
26.01	26.01	0.311559	47.247
26.01	26.00	0.311575	47.341
26.01	26.00	0.311592	47.445
26.01	26.00	0.311609	47.546
26.01	26.00	0.311625	47.640
26.01	26.00	0.311642	47.745
26.01	26.00	0.311659	47.844
26.01	25.99	0.311675	47.939
26.01	25.99	0.311692	48.043
26.01	25.99	0.311709	48.143
26.01	25.99	0.311725	48.239
26.01	25.99	0.311742	48.343
26.01	25.99	0.311759	48.442
26.01	25.98	0.311775	48.537
26.01	25.98	0.311792	48.642
26.01	25.98	0.311809	48.741
25.99	25.98	0.311825	48.836
25.99	25.98	0.311842	48.940
25.99	25.98	0.311859	49.035
25.99	25.97	0.311875	49.135
25.99	25.97	0.311892	49.239
25.99	25.97	0.311909	49.334
25.99	25.97	0.311925	49.433
25.99	25.97	0.311942	49.538
25.99	25.97	0.311959	49.632
25.96	25.96	0.311975	49.732
25.96	25.96	0.311992	49.837
25.96	25.96	0.312008	49.931
25.96	25.96	0.312025	50.031
25.96	25.96	0.312042	50.135
25.96	25.96	0.312058	50.230
25.96	25.95	0.312075	50.329
25.96	25.95	0.312092	50.434
25.96	25.95	0.312108	50.528
25.96	25.95	0.312125	50.629
25.93	25.95	0.312142	50.734
25.93	25.95	0.312158	50.827
25.93	25.94	0.312175	50.928
25.93	25.94	0.312192	51.032
25.93	25.94	0.312208	51.127
25.93	25.94	0.312225	51.226
25.93	25.94	0.312242	51.331
25.93	25.94	0.312258	51.426
25.93	25.94	0.312275	51.525
25.93	25.94	0.312292	51.630
25.93	25.93	0.312308	51.724
25.93	25.93	0.312325	51.825
25.93	25.93	0.312342	51.928
25.93	25.93	0.312358	52.023
25.93	25.93	0.312375	52.124
25.93	25.93	0.312392	52.227
25.93	25.93	0.312408	52.325
25.93	25.93	0.312425	52.424
25.93	25.93	0.312442	52.526
25.93	25.93	0.312458	52.624
25.93	25.93	0.312475	52.724
25.93	25.92	0.312492	52.824
25.93	25.92	0.312508	52.924
25.93	25.92	0.312525	53.024
25.93	25.92	0.312542	53.124
25.93	25.92	0.312558	53.224
25.93	25.92	0.312575	53.324
25.93	25.92	0.312592	53.424
25.93	25.92	0.312608	53.524
25.93	25.92	0.312625	53.624
25.91	25.92	0.312642	53.724
25.91	25.92	0.312658	53.824
25.91	25.92	0.312675	53.924
25.91	25.92	0.312692	54.024
25.91	25.92	0.312708	54.124
25.91	25.92	0.312725	54.224
25.91	25.92	0.312742	54.325
25.91	25.92	0.312758	54.424
25.91	25.92	0.312775	54.524
25.91	25.92	0.312792	54.624
25.91	25.92	0.312808	54.724
25.91	25.93	0.312825	54.824
25.91	25.93	0.312841	54.924
25.91	25.93	0.312858	55.023
25.91	25.93	0.312875	55.124
25.91	25.93	0.312891	55.225
25.91	25.93	0.312908	55.324
25.91	25.93	0.312925	55.424
25.91	25.93	0.312941	55.524
25.91	25.93	0.312958	55.624
25.91	25.93	0.312975	55.724
25.93	25.94	0.312991	55.824
25.93	25.94	0.313008	55.925
25.93	25.94	0.313025	56.024
25.93	25.94	0.313041	56.124
25.93	25.94	0.313058	56.224
25.93	25.94	0.313075	56.324
25.93	25.94	0.313091	56.424
25.93	25.95	0.313108	56.524
25.93	25.95	0.313125	56.624
25.93	25.95	0.313141	56.724
25.93	25.95	0.313158	56.824
25.93	25.95	0.313175	56.924
25.93	25.96	0.313191	57.024
25.93	25.96	0.313208	57.124
25.93	25.96	0.313225	57.224
25.96	25.96	0.313241	57.324
25.96	25.97	0.313258	57.424
25.96	25.97	0.313275	57.525
25.96	25.97	0.313291	57.624
25.96	25.97	0.313308	57.724
25.96	25.98	0.313325	57.824
25.96	25.98	0.313341	57.924
25.96	25.98	0.313358	58.024
25.99	25.98	0.313375	58.124
25.99	25.99	0.313391	58.224
25.99	25.99	0.313408	58.353
25.99	25.99	0.313425	58.448
25.99	25.99	0.313441	58.547
25.99	26.00	0.313458	58.653
25.99	26.00	0.313475	58.747
25.99	26.00	0.313491	58.847
25.99	26.01	0.313508	58.951
26.01	26.01	0.313525	59.046
26.01	26.01	0.313541	59.145
26.01	26.02	0.313558	59.250
26.01	26.02	0.313575	59.345
26.01	26.02	0.313591	59.444
26.01	26.03	0.313608	59.549
26.01	26.03	0.313625	59.643
26.01	26.03	0.313641	59.744
26.01	26.04	0.313658	59.847
26.01	26.04	0.313674	59.942
26.04	26.04	0.313691	00.044
26.04	26.05	0.313708	00.146
26.04	26.05	0.313724	00.241
26.04	26.05	0.313741	00.344
26.04	26.06	0.313758	00.445
26.04	26.06	0.313774	00.539
26.04	26.06	0.313791	00.644
26.04	26.07	0.313808	00.743
26.06	26.07	0.313824	00.839
26.06	26.07	0.313841	00.944
26.06	26.08	0.313858	01.043
26.06	26.08	0.313874	01.138
26.06	26.08	0.313891	01.242
26.06	26.09	0.313908	01.342
26.09	26.09	0.313924	01.436
26.09	26.09	0.313941	01.541
26.09	26.10	0.313958	01.640
26.09	26.10	0.313974	01.735
26.09	26.11	0.313991	01.840
26.09	26.11	0.314008	01.939
26.12	26.11	0.314024	02.034
26.12	26.12	0.314041	02.138
26.12	26.12	0.314058	02.233
26.12	26.12	0.314074	02.332
26.12	26.13	0.314091	02.437
26.12	26.13	0.314108	02.532
26.14	26.13	0.314124	02.631
26.14	26.14	0.314141	02.736
26.14	26.14	0.314158	02.830
26.14	26.14	0.314174	02.931
26.14	26.15	0.314191	03.035
26.14	26.15	0.314208	03.129
26.14	26.15	0.314224	03.230
26.14	26.15	0.314241	03.334
26.14	26.16	0.314258	03.429
26.17	26.16	0.314274	03.528
26.17	26.16	0.314291	03.633
26.17	26.17	0.314308	03.727
26.17	26.17	0.314324	03.827
26.17	26.17	0.314341	03.931
26.17	26.18	0.314358	04.026
26.17	26.18	0.314374	04.126
26.17	26.18	0.314391	04.230
26.19	26.18	0.314408	04.325
26.19	26.19	0.314424	04.425
26.19	26.19	0.314441	04.529
26.19	26.19	0.314458	04.625
26.19	26.19	0.314474	04.725
26.19	26.20	0.314491	04.828
26.19	26.20	0.314507	04.925
26.19	26.20	0.314524	05.025
26.19	26.20	0.314541	05.126
26.22	26.21	0.314557	05.225
26.22	26.21	0.314574	05.325
26.22	26.21	0.314591	05.426
26.22	26.21	0.314607	05.525
26.22	26.21	0.314624	05.625
26.22	26.22	0.314641	05.726
26.22	26.22	0.314657	05.825
26.22	26.22	0.314674	05.925
26.22	26.22	0.314691	06.025
26.22	26.22	0.314707	06.125
26.22	26.22	0.314724	06.225
26.22	26.22	0.314741	06.325
26.25	26.23	0.314757	06.426
26.25	26.23	0.314774	06.526
26.25	26.23	0.314791	06.627
26.25	26.23	0.314807	06.726
26.25	26.23	0.314824	06.826
26.25	26.23	0.314841	06.926
26.25	26.23	0.314857	07.026
26.25	26.23	0.314874	07.126
26.25	26.24	0.314891	07.226
26.25	26.24	0.314907	07.327
26.25	26.24	0.314924	07.426
26.25	26.24	0.314941	07.525
26.25	26.24	0.314957	07.626
26.25	26.24	0.314974	07.726
26.25	26.24	0.314991	07.826
26.25	26.24	0.315007	07.926
26.25	26.24	0.315024	08.026
26.25	26.24	0.315041	08.126
26.25	26.24	0.315057	08.227
26.25	26.24	0.315074	08.326
26.25	26.24	0.315091	08.426
26.25	26.24	0.315107	08.526
26.25	26.24	0.315124	08.626
26.25	26.24	0.315141	08.726
26.25	26.24	0.315157	08.826
26.25	26.24	0.315174	08.926
26.25	26.24	0.315191	09.025
26.25	26.24	0.315207	09.126
26.25	26.24	0.315224	09.226
26.25	26.24	0.315241	09.326
26.25	26.24	0.315257	09.426
26.25	26.24	0.315274	09.526
26.25	26.24	0.315291	09.626
26.25	26.24	0.315307	09.726
26.25	26.23	0.315324	09.827
26.25	26.23	0.315340	09.926
26.25	26.23	0.315357	10.026
26.25	26.23	0.315374	10.126
26.25	26.23	0.315390	10.226
26.25	26.23	0.315407	10.326
26.25	26.23	0.315424	10.426
26.25	26.23	0.315440	10.550
26.25	26.23	0.315457	10.655
26.25	26.23	0.315474	10.749
26.22	26.22	0.315490	10.849
26.22	26.22	0.315507	10.955
26.22	26.22	0.315524	11.049
26.22	26.22	0.315540	11.149
26.22	26.22	0.315557	11.253
26.22	26.22	0.315574	11.348
26.22	26.22	0.315590	11.447
26.22	26.21	0.315607	11.552
26.22	26.21	0.315624	11.647
26.22	26.21	0.315640	11.746
26.22	26.21	0.315657	11.851
26.22	26.21	0.315674	11.945
26.22	26.21	0.315690	12.045
26.22	26.20	0.315707	12.149
26.22	26.20	0.315724	12.244
26.22	26.20	0.315740	12.343
26.22	26.20	0.315757	12.448
26.22	26.20	0.315774	12.543
26.19	26.20	0.315790	12.642
26.19	26.19	0.315807	12.747
26.19	26.19	0.315824	12.841
26.19	26.19	0.315840	12.942
26.19	26.19	0.315857	13.045
26.19	26.19	0.315874	13.140
26.19	26.19	0.315890	13.243
26.19	26.18	0.315907	13.345
26.19	26.18	0.315924	13.440
26.19	26.18	0.315940	13.542
26.19	26.18	0.315957	13.644
26.19	26.18	0.315974	13.738
26.19	26.18	0.315990	13.842
26.19	26.17	0.316007	13.942
26.19	26.17	0.316024	14.037
26.19	26.17	0.316040	14.142
26.19	26.17	0.316057	14.241
26.17	26.17	0.316074	14.336
26.17	26.17	0.316090	14.440
26.17	26.16	0.316107	14.540
26.17	26.16	0.316124	14.634
26.17	26.16	0.316140	14.739
26.17	26.16	0.316157	14.839
26.17	26.16	0.316173	14.933
26.17	26.16	0.316190	15.038
26.17	26.16	0.316207	15.137
26.17	26.15	0.316223	15.232
26.17	26.15	0.316240	15.337
26.17	26.15	0.316257	15.432
26.14	26.15	0.316273	15.530
26.14	26.15	0.316290	15.636
26.14	26.15	0.316307	15.731
26.14	26.15	0.316323	15.830
26.14	26.15	0.316340	15.935
26.14	26.14	0.316357	16.029
26.14	26.14	0.316373	16.129
26.14	26.14	0.316390	16.233
26.14	26.14	0.316407	16.328
26.14	26.14	0.316423	16.428
26.14	26.14	0.316440	16.532
26.14	26.14	0.316457	16.627
26.14	26.14	0.316473	16.726
26.14	26.14	0.316490	16.831
26.14	26.14	0.316507	16.926
26.14	26.14	0.316523	17.027
26.14	26.14	0.316540	17.129
26.14	26.14	0.316557	17.227
26.14	26.14	0.316573	17.328
26.14	26.14	0.316590	17.428
26.14	26.14	0.316607	17.527
26.14	26.14	0.316623	17.627
26.12	26.14	0.316640	17.727
26.12	26.14	0.316657	17.827
26.12	26.14	0.316673	17.927
26.12	26.14	0.316690	18.028
26.12	26.14	0.316707	18.127
26.12	26.14	0.316723	18.227
26.12	26.14	0.316740	18.327
26.12	26.14	0.316757	18.427
26.12	26.14	0.316773	18.527
26.12	26.14	0.316790	18.627
26.12	26.14	0.316807	18.727
26.12	26.14	0.316823	18.827
26.12	26.14	0.316840	18.927
26.12	26.14	0.316857	19.027
26.14	26.14	0.316873	19.127
26.14	26.14	0.316890	19.227
26.14	26.14	0.316907	19.327
26.14	26.14	0.316923	19.427
26.14	26.14	0.316940	19.527
26.14	26.15	0.316957	19.628
26.14	26.15	0.316973	19.727
26.14	26.15	0.316990	19.827
26.14	26.15	0.317006	19.927
26.14	26.15	0.317023	20.026
26.14	26.15	0.317040	20.127
26.14	26.15	0.317056	20.227
26.14	26.16	0.317073	20.327
26.14	26.16	0.317090	20.427
26.14	26.16	0.317106	20.528
26.14	26.16	0.317123	20.627
26.14	26.16	0.317140	20.727
26.14	26.17	0.317156	20.827
26.14	26.17	0.317173	20.927
26.14	26.17	0.317190	21.027
26.14	26.17	0.317206	21.128
26.17	26.17	0.317223	21.228
26.17	26.18	0.317240	21.328
26.17	26.18	0.317256	21.429
26.17	26.18	0.317273	21.527
26.17	26.18	0.317290	21.628
26.17	26.19	0.317306	21.728
26.17	26.19	0.317323	21.828
26.17	26.19	0.317340	21.928
26.17	26.19	0.317356	22.028
26.19	26.20	0.317373	22.128
26.19	26.20	0.317390	22.229
26.19	26.20	0.317406	22.328
26.19	26.21	0.317423	22.428
26.19	26.21	0.317440	22.528
26.19	26.21	0.317456	22.628
26.19	26.21	0.317473	22.728
26.19	26.22	0.317490	22.828
26.22	26.22	0.317506	22.957
26.22	26.22	0.317523	23.057
26.22	26.23	0.317540	23.152
26.22	26.23	0.317556	23.256
26.22	26.23	0.317573	23.351
26.22	26.24	0.317590	23.450
26.22	26.24	0.317606	23.555
26.25	26.24	0.317623	23.649
26.25	26.25	0.317640	23.749
26.25	26.25	0.317656	23.853
26.25	26.25	0.317673	23.948
26.25	26.26	0.317690	24.048
26.25	26.26	0.317706	24.152
26.25	26.26	0.317723	24.247
26.25	26.27	0.317740	24.346
26.25	26.27	0.317756	24.451
26.27	26.27	0.317773	24.545
26.27	26.28	0.317790	24.645
26.27	26.28	0.317806	24.750
26.27	26.28	0.317823	24.844
26.27	26.29	0.317839	24.944
26.27	26.29	0.317856	25.049
26.27	26.29	0.317873	25.144
26.30	26.30	0.317889	25.243
26.30	26.30	0.317906	25.348
26.30	26.30	0.317923	25.442
26.30	26.31	0.317939	25.542
26.30	26.31	0.317956	25.647
26.30	26.32	0.317973	25.741
26.30	26.32	0.317989	25.841
26.30	26.32	0.318006	25.945
26.32	26.33	0.318023	26.040
26.32	26.33	0.318039	26.140
26.32	26.33	0.318056	26.244
26.32	26.34	0.318073	26.339
26.32	26.34	0.318089	26.440
26.32	26.34	0.318106	26.543
26.32	26.35	0.318123	26.637
26.35	26.35	0.318139	26.740
26.35	26.35	0.318156	26.841
26.35	26.36	0.318173	26.936
26.35	26.36	0.318189	27.040
26.35	26.36	0.318206	27.140
26.35	26.37	0.318223	27.236
26.38	26.37	0.318239	27.340
26.38	26.37	0.318256	27.440
26.38	26.37	0.318273	27.534
26.38	26.38	0.318289	27.639
26.38	26.38	0.318306	27.738
26.38	26.38	0.318323	27.833
26.38	26.39	0.318339	27.937
26.40	26.39	0.318356	28.037
26.40	26.39	0.318373	28.132
26.40	26.39	0.318389	28.236
26.40	26.40	0.318406	28.336
26.40	26.40	0.318423	28.430
26.40	26.40	0.318439	28.535
26.40	26.40	0.318456	28.629
26.40	26.41	0.318473	28.729
26.40	26.41	0.318489	28.834
26.40	26.41	0.318506	28.928
26.43	26.41	0.318523	29.028
26.43	26.42	0.318539	29.132
26.43	26.42	0.318556	29.228
26.43	26.42	0.318573	29.328
26.43	26.42	0.318589	29.432
26.43	26.42	0.318606	29.529
26.43	26.43	0.318623	29.628
26.43	26.43	0.318639	29.731
26.43	26.43	0.318656	29.828
26.43	26.43	0.318672	29.928
26.43	26.43	0.318689	30.029
26.43	26.44	0.318706	30.128
26.45	26.44	0.318722	30.228
26.45	26.44	0.318739	30.328
26.45	26.44	0.318756	30.429
26.45	26.44	0.318772	30.528
26.45	26.44	0.318789	30.628
26.45	26.44	0.318806	30.728
26.45	26.44	0.318822	30.828
26.45	26.45	0.318839	30.928
26.45	26.45	0.318856	31.028
26.45	26.45	0.318872	31.128
26.45	26.45	0.318889	31.228
26.45	26.45	0.318906	31.329
26.45	26.45	0.318922	31.428
26.45	26.45	0.318939	31.528
26.45	26.45	0.318956	31.628
26.45	26.45	0.318972	31.728
26.45	26.45	0.318989	31.828
26.45	26.45	0.319006	31.928
26.48	26.45	0.319022	32.029
26.48	26.45	0.319039	32.128
26.48	26.45	0.319056	32.228
26.48	26.45	0.319072	32.328
26.48	26.45	0.319089	32.428
26.48	26.45	0.319106	32.528
26.48	26.45	0.319122	32.628
26.48	26.45	0.319139	32.728
26.48	26.45	0.319156	32.828
26.48	26.45	0.319172	32.929
26.45	26.45	0.319189	33.028
26.45	26.45	0.319206	33.128
26.45	26.45	0.319222	33.228
26.45	26.45	0.319239	33.328
26.45	26.45	0.319256	33.428
26.45	26.45	0.319272	33.528
26.45	26.45	0.319289	33.629
26.45	26.45	0.319306	33.728
26.45	26.45	0.319322	33.828
26.45	26.45	0.319339	33.928
26.45	26.45	0.319356	34.028
26.45	26.44	0.319372	34.128
26.45	26.44	0.319389	34.228
26.45	26.44	0.319406	34.328
26.45	26.44	0.319422	34.428
26.45	26.44	0.319439	34.529
26.45	26.44	0.319456	34.628
26.45	26.44	0.319472	34.728
26.45	26.44	0.319489	34.828
26.45	26.44	0.319505	34.928
26.45	26.43	0.319522	35.027
26.45	26.43	0.319539	35.128
26.45	26.43	0.319555	35.228
26.45	26.43	0.319572	35.328
26.45	26.43	0.319589	35.429
26.45	26.43	0.319605	35.528
26.45	26.43	0.319622	35.628
26.45	26.42	0.319639	35.752
26.45	26.42	0.319655	35.857
26.45	26.42	0.319672	35.956
26.45	26.42	0.319689	36.051
26.45	26.42	0.319705	36.155
26.45	26.42	0.319722	36.255
26.43	26.41	0.319739	36.350
26.43	26.41	0.319755	36.454
26.43	26.41	0.319772	36.549
26.43	26.41	0.319789	36.648
26.43	26.41	0.319805	36.753
26.43	26.41	0.319822	36.847
26.43	26.40	0.319839	36.947
26.40	26.40	0.319855	37.051
26.40	26.40	0.319872	37.146
26.40	26.40	0.319889	37.246
26.40	26.40	0.319905	37.350
26.40	26.40	0.319922	37.445
26.40	26.39	0.319939	37.545
26.40	26.39	0.319955	37.650
26.40	26.39	0.319972	37.744
26.38	26.39	0.319989	37.843
26.38	26.39	0.320005	37.949
26.38	26.39	0.320022	38.043
26.38	26.38	0.320039	38.143
26.38	26.38	0.320055	38.247
26.38	26.38	0.320072	38.342
26.38	26.38	0.320089	38.441
26.38	26.38	0.320105	38.546
26.38	26.38	0.320122	38.640
26.38	26.37	0.320139	38.740
26.38	26.37	0.320155	38.845
26.38	26.37	0.320172	38.939
26.38	26.37	0.320189	39.039
26.38	26.37	0.320205	39.143
26.35	26.37	0.320222	39.238
26.35	26.37	0.320239	39.338
26.35	26.36	0.320255	39.442
26.35	26.36	0.320272	39.537
26.35	26.36	0.320289	39.638
26.35	26.36	0.320305	39.742
26.35	26.36	0.320322	39.835
26.35	26.36	0.320338	39.939
26.35	26.36	0.320355	40.040
26.35	26.36	0.320372	40.135
26.35	26.36	0.320388	40.238
26.35	26.36	0.320405	40.339
26.35	26.35	0.320422	40.434
26.35	26.35	0.320438	40.538
26.35	26.35	0.320455	40.638
26.35	26.35	0.320472	40.732
26.35	26.35	0.320488	40.837
26.35	26.35	0.320505	40.936
26.35	26.35	0.320522	41.031
26.35	26.35	0.320538	41.135
26.35	26.35	0.320555	41.235
26.35	26.35	0.320572	41.330
26.35	26.35	0.320588	41.434
26.32	26.35	0.320605	41.534
26.32	26.35	0.320622	41.630
26.32	26.35	0.320638	41.733
26.32	26.35	0.320655	41.833
26.32	26.35	0.320672	41.930
26.32	26.35	0.320688	42.033
26.32	26.35	0.320705	42.133
26.32	26.35	0.320722	42.230
26.32	26.35	0.320738	42.331
26.35	26.35	0.320755	42.434
26.35	26.35	0.320772	42.530
26.35	26.35	0.320788	42.630
26.35	26.35	0.320805	42.733
26.35	26.35	0.320822	42.831
26.35	26.35	0.320838	42.930
26.35	26.35	0.320855	43.034
26.35	26.35	0.320872	43.130
26.35	26.36	0.320888	43.230
26.35	26.36	0.320905	43.333
26.35	26.36	0.320922	43.430
26.35	26.36	0.320938	43.530
26.35	26.36	0.320955	43.633
26.38	26.36	0.320972	43.731
26.38	26.36	0.320988	43.830
26.38	26.36	0.321005	43.934
26.38	26.36	0.321022	44.030
26.38	26.37	0.321038	44.130
26.38	26.37	0.321055	44.233
26.38	26.37	0.321072	44.330
26.38	26.37	0.321088	44.430
26.38	26.37	0.321105	44.533
26.38	26.38	0.321122	44.630
26.38	26.38	0.321138	44.730
26.38	26.38	0.321155	44.833
26.38	26.38	0.321171	44.930
26.38	26.38	0.321188	45.030
26.38	26.39	0.321205	45.133
26.38	26.39	0.321221	45.230
26.38	26.39	0.321238	45.331
26.38	26.39	0.321255	45.433
26.38	26.39	0.321271	45.530
26.38	26.40	0.321288	45.630
26.38	26.40	0.321305	45.733
26.38	26.40	0.321321	45.830
26.38	26.40	0.321338	45.930
26.38	26.41	0.321355	46.032
26.38	26.41	0.321371	46.130
26.38	26.41	0.321388	46.231
26.38	26.42	0.321405	46.333
26.38	26.42	0.321421	46.430
26.38	26.42	0.321438	46.530
26.38	26.42	0.321455	46.633
26.38	26.43	0.321471	46.730
26.38	26.43	0.321488	46.830
26.40	26.43	0.321505	46.932
26.40	26.44	0.321521	47.030
26.40	26.44	0.321538	47.131
26.40	26.44	0.321555	47.233
26.40	26.45	0.321571	47.330
26.43	26.45	0.321588	47.430
26.43	26.45	0.321605	47.533
26.43	26.46	0.321621	47.630
26.43	26.46	0.321638	47.730
26.45	26.46	0.321655	47.832
26.45	26.47	0.321671	47.929
26.45	26.47	0.321688	48.053
26.45	26.47	0.321705	48.132
26.48	26.48	0.321721	48.258
26.48	26.48	0.321738	48.352
26.48	26.48	0.321755	48.457
26.48	26.49	0.321771	48.556
26.48	26.49	0.321788	48.651
26.48	26.49	0.321805	48.756
26.50	26.50	0.321821	48.856
26.50	26.50	0.321838	48.951
26.50	26.50	0.321855	49.055
26.50	26.51	0.321871	49.155
26.50	26.51	0.321888	49.249
26.53	26.51	0.321905	49.354
26.53	26.52	0.321921	49.453
26.53	26.52	0.321938	49.548
26.53	26.53	0.321955	49.652
26.53	26.53	0.321971	49.747
26.53	26.53	0.321988	49.847
26.53	26.54	0.322004	49.951
26.53	26.54	0.322021	50.046
26.53	26.54	0.322038	50.145
26.53	26.55	0.322054	50.250
26.56	26.55	0.322071	50.344
26.56	26.55	0.322088	50.444
26.56	26.56	0.322104	50.549
26.56	26.56	0.322121	50.643
26.56	26.56	0.322138	50.743
26.56	26.57	0.322154	50.847
26.56	26.57	0.322171	50.942
26.56	26.57	0.322188	51.042
26.56	26.58	0.322204	51.147
26.58	26.58	0.322221	51.242
26.58	26.58	0.322238	51.341
26.58	26.58	0.322254	51.446
26.58	26.59	0.322271	51.540
26.58	26.59	0.322288	51.640
26.58	26.59	0.322304	51.744
26.58	26.60	0.322321	51.839
26.58	26.60	0.322338	51.938
26.58	26.60	0.322354	52.043
26.61	26.60	0.322371	52.138
26.61	26.61	0.322388	52.237
26.61	26.61	0.322404	52.342
26.61	26.61	0.322421	52.436
26.61	26.62	0.322438	52.537
26.61	26.62	0.322454	52.640
26.61	26.62	0.322471	52.735
26.61	26.62	0.322488	52.837
26.63	26.63	0.322504	52.939
26.63	26.63	0.322521	53.034
26.63	26.63	0.322538	53.136
26.63	26.63	0.322554	53.238
26.63	26.63	0.322571	53.333
26.63	26.64	0.322588	53.437
26.63	26.64	0.322604	53.537
26.63	26.64	0.322621	53.632
26.63	26.64	0.322638	53.737
26.63	26.64	0.322654	53.836
26.66	26.65	0.322671	53.932
26.66	26.65	0.322688	54.035
26.66	26.65	0.322704	54.135
26.66	26.65	0.322721	54.232
26.66	26.65	0.322738	54.334
26.66	26.65	0.322754	54.433
26.66	26.65	0.322771	54.532
26.66	26.66	0.322788	54.633
26.66	26.66	0.322804	54.732
26.66	26.66	0.322821	54.832
26.66	26.66	0.322837	54.932
26.68	26.66	0.322854	55.032
26.68	26.66	0.322871	55.132
26.68	26.66	0.322887	55.232
26.68	26.66	0.322904	55.332
26.68	26.66	0.322921	55.432
26.68	26.66	0.322937	55.532
26.68	26.66	0.322954	55.633
26.68	26.66	0.322971	55.733
26.68	26.67	0.322987	55.833
26.68	26.67	0.323004	55.933
26.68	26.67	0.323021	56.033
26.68	26.67	0.323037	56.133
26.68	26.67	0.323054	56.234
26.68	26.67	0.323071	56.333
26.68	26.67	0.323087	56.433
26.68	26.67	0.323104	56.533
26.68	26.67	0.323121	56.633
26.68	26.67	0.323137	56.733
26.68	26.67	0.323154	56.833
26.68	26.67	0.323171	56.934
26.68	26.67	0.323187	57.033
26.68	26.67	0.323204	57.133
26.68	26.66	0.323221	57.233
26.68	26.66	0.323237	57.333
26.68	26.66	0.323254	57.433
26.68	26.66	0.323271	57.533
26.68	26.66	0.323287	57.634
26.68	26.66	0.323304	57.734
26.68	26.66	0.323321	57.835
26.68	26.66	0.323337	57.934
26.68	26.66	0.323354	58.034
26.68	26.66	0.323371	58.134
26.68	26.66	0.323387	58.234
26.68	26.66	0.323404	58.334
26.68	26.66	0.323421	58.434
26.68	26.65	0.323437	58.535
26.68	26.65	0.323454	58.634
26.66	26.65	0.323471	58.734
26.66	26.65	0.323487	58.834
26.66	26.65	0.323504	58.934
26.66	26.65	0.323521	59.033
26.66	26.65	0.323537	59.134
26.66	26.65	0.323554	59.234
26.66	26.64	0.323571	59.334
26.66	26.64	0.323587	59.435
26.66	26.64	0.323604	59.534
26.66	26.64	0.323621	59.634
26.66	26.64	0.323637	59.758
26.63	26.64	0.323654	59.858
26.63	26.63	0.323670	59.962
26.63	26.63	0.323687	00.056
26.63	26.63	0.323704	00.156
26.63	26.63	0.323720	00.261
26.63	26.63	0.323737	00.355
26.63	26.63	0.323754	00.456
26.63	26.62	0.323770	00.560
26.63	26.62	0.323787	00.655
26.63	26.62	0.323804	00.755
26.63	26.62	0.323820	00.859
26.61	26.62	0.323837	00.953
26.61	26.62	0.323854	01.056
26.61	26.61	0.323870	01.158
26.61	26.61	0.323887	01.252
26.61	26.61	0.323904	01.356
26.61	26.61	0.323920	01.456
26.61	26.61	0.323937	01.551
26.61	26.61	0.323954	01.655
26.61	26.60	0.323970	01.755
26.61	26.60	0.323987	01.849
26.61	26.60	0.324004	01.954
26.61	26.60	0.324020	02.054
26.61	26.60	0.324037	02.148
26.61	26.60	0.324054	02.254
26.61	26.59	0.324070	02.353
26.61	26.59	0.324087	02.448
26.61	26.59	0.324104	02.552
26.61	26.59	0.324120	02.652
26.58	26.59	0.324137	02.747
26.58	26.59	0.324154	02.851
26.58	26.58	0.324170	02.946
26.58	26.58	0.324187	03.045
26.58	26.58	0.324204	03.150
26.58	26.58	0.324220	03.244
26.58	26.58	0.324237	03.344
26.58	26.58	0.324254	03.448
26.58	26.58	0.324270	03.543
26.58	26.58	0.324287	03.643
26.58	26.57	0.324304	03.747
26.56	26.57	0.324320	03.842
26.56	26.57	0.324337	03.941
26.56	26.57	0.324354	04.046
26.56	26.57	0.324370	04.140
26.56	26.57	0.324387	04.240
26.56	26.57	0.324404	04.345
26.56	26.57	0.324420	04.439
26.56	26.57	0.324437	04.539
26.56	26.57	0.324454	04.643
26.56	26.57	0.324470	04.738
26.56	26.56	0.324487	04.838
26.56	26.56	0.324503	04.943
26.56	26.56	0.324520	05.037
26.56	26.56	0.324537	05.137
26.56	26.56	0.324553	05.242
26.56	26.56	0.324570	05.336
26.56	26.56	0.324587	05.436
26.56	26.56	0.324603	05.540
26.56	26.56	0.324620	05.635
26.56	26.56	0.324637	05.735
26.56	26.56	0.324653	05.839
26.56	26.56	0.324670	05.935
26.56	26.56	0.324687	06.035
26.56	26.56	0.324703	06.138
26.56	26.56	0.324720	06.235
26.56	26.56	0.324737	06.335
26.56	26.56	0.324753	06.436
26.56	26.56	0.324770	06.535
26.56	26.56	0.324787	06.635
26.56	26.56	0.324803	06.735
26.56	26.57	0.324820	06.836
26.56	26.57	0.324837	06.935
26.56	26.57	0.324853	07.034
26.56	26.57	0.324870	07.135
26.56	26.57	0.324887	07.235
26.56	26.57	0.324903	07.335
26.56	26.57	0.324920	07.435
26.56	26.57	0.324937	07.536
26.56	26.57	0.324953	07.635
26.56	26.57	0.324970	07.735
26.56	26.58	0.324987	07.835
26.56	26.58	0.325003	07.935
26.56	26.58	0.325020	08.035
26.56	26.58	0.325037	08.135
26.56	26.58	0.325053	08.236
26.56	26.58	0.325070	08.336
26.56	26.58	0.325087	08.437
26.56	26.59	0.325103	08.536
26.56	26.59	0.325120	08.636
26.56	26.59	0.325137	08.736
26.56	26.59	0.325153	08.836
26.58	26.59	0.325170	08.936
26.58	26.60	0.325187	09.036
26.58	26.60	0.325203	09.137
26.58	26.60	0.325220	09.236
26.58	26.60	0.325237	09.336
26.58	26.61	0.325253	09.436
26.58	26.61	0.325270	09.536
26.58	26.61	0.325287	09.636
26.58	26.61	0.325303	09.736
26.61	26.62	0.325320	09.836
26.61	26.62	0.325336	09.936
26.61	26.62	0.325353	10.036
26.61	26.62	0.325370	10.136
26.61	26.63	0.325386	10.236
26.61	26.63	0.325403	10.336
26.61	26.63	0.325420	10.436
26.63	26.63	0.325436	10.536
26.63	26.64	0.325453	10.636
26.63	26.64	0.325470	10.736
26.63	26.64	0.325486	10.836
26.63	26.65	0.325503	10.937
26.63	26.65	0.325520	11.036
26.63	26.65	0.325536	11.136
26.63	26.66	0.325553	11.236
26.66	26.66	0.325570	11.336
26.66	26.66	0.325586	11.436
26.66	26.67	0.325603	11.536
26.66	26.67	0.325620	11.636
26.66	26.67	0.325636	11.736
26.66	26.68	0.325653	11.836
26.68	26.68	0.325670	11.965
26.68	26.68	0.325686	12.060
26.68	26.69	0.325703	12.159
26.68	26.69	0.325720	12.264
26.68	26.69	0.325736	12.358
26.68	26.70	0.325753	12.458
26.68	26.70	0.325770	12.562
26.71	26.70	0.325786	12.657
26.71	26.71	0.325803	12.757
26.71	26.71	0.325820	12.862
26.71	26.71	0.325836	12.957
26.71	26.72	0.325853	13.056
26.71	26.72	0.325870	13.161
26.71	26.72	0.325886	13.255
26.71	26.73	0.325903	13.355
26.71	26.73	0.325920	13.459
26.74	26.73	0.325936	13.554
26.74	26.74	0.325953	13.654
26.74	26.74	0.325970	13.758
26.74	26.75	0.325986	13.853
26.74	26.75	0.326003	13.953
26.74	26.75	0.326020	14.057
26.74	26.76	0.326036	14.151
26.76	26.76	0.326053	14.254
26.76	26.76	0.326070	14.356
26.76	26.77	0.326086	14.450
26.76	26.77	0.326103	14.554
26.76	26.77	0.326120	14.654
26.76	26.78	0.326136	14.749
26.76	26.78	0.326153	14.853
26.79	26.78	0.326169	14.953
26.79	26.79	0.326186	15.048
26.79	26.79	0.326203	15.153
26.79	26.79	0.326219	15.253
26.79	26.79	0.326236	15.347
26.79	26.80	0.326253	15.452
26.79	26.80	0.326269	15.551
26.79	26.80	0.326286	15.646
26.81	26.81	0.326303	15.750
26.81	26.81	0.326319	15.850
26.81	26.81	0.326336	15.945
26.81	26.82	0.326353	16.049
26.81	26.82	0.326369	16.144
26.81	26.82	0.326386	16.243
26.81	26.82	0.326403	16.348
26.81	26.83	0.326419	16.442
26.84	26.83	0.326436	16.542
26.84	26.83	0.326453	16.647
26.84	26.83	0.326469	16.741
26.84	26.84	0.326486	16.841
26.84	26.84	0.326503	16.945
26.84	26.84	0.326519	17.040
26.84	26.84	0.326536	17.139
26.84	26.85	0.326553	17.244
26.84	26.85	0.326569	17.338
26.84	26.85	0.326586	17.438
26.84	26.85	0.326603	17.543
26.86	26.85	0.326619	17.638
26.86	26.86	0.326636	17.738
26.86	26.86	0.326653	17.842
26.86	26.86	0.326669	17.937
26.86	26.86	0.326686	18.036
26.86	26.86	0.326703	18.141
26.86	26.86	0.326719	18.237
26.86	26.86	0.326736	18.336
26.86	26.87	0.326753	18.440
26.86	26.87	0.326769	18.536
26.86	26.87	0.326786	18.636
26.89	26.87	0.326803	18.738
26.89	26.87	0.326819	18.836
26.89	26.87	0.326836	18.937
26.89	26.87	0.326853	19.037
26.89	26.87	0.326869	19.136
26.89	26.88	0.326886	19.236
26.89	26.88	0.326903	19.336
26.89	26.88	0.326919	19.436
26.89	26.88	0.326936	19.536
26.89	26.88	0.326953	19.636
26.89	26.88	0.326969	19.736
26.89	26.88	0.326986	19.837
26.89	26.88	0.327002	19.936
26.89	26.88	0.327019	20.036
26.89	26.88	0.327036	20.136
26.89	26.88	0.327052	20.236
26.89	26.88	0.327069	20.336
26.89	26.88	0.327086	20.436
26.89	26.88	0.327102	20.536
26.89	26.88	0.327119	20.636
26.89	26.88	0.327136	20.737
26.89	26.88	0.327152	20.836
26.89	26.88	0.327169	20.936
26.89	26.88	0.327186	21.037
26.89	26.88	0.327202	21.137
26.92	26.88	0.327219	21.237
26.92	26.88	0.327236	21.337
26.92	26.88	0.327252	21.437
26.92	26.88	0.327269	21.537
26.92	26.88	0.327286	21.638
26.89	26.88	0.327302	21.737
26.89	26.87	0.327319	21.837
26.89	26.87	0.327336	21.937
26.89	26.87	0.327352	22.036
26.89	26.87	0.327369	22.137
26.89	26.87	0.327386	22.237
26.89	26.87	0.327402	22.338
26.89	26.87	0.327419	22.437
26.89	26.87	0.327436	22.537
26.89	26.87	0.327452	22.637
26.89	26.87	0.327469	22.737
26.89	26.86	0.327486	22.837
26.89	26.86	0.327502	22.937
26.86	26.86	0.327519	23.038
26.86	26.86	0.327536	23.137
26.86	26.86	0.327552	23.237
26.86	26.86	0.327569	23.337
26.86	26.86	0.327586	23.437
26.86	26.85	0.327602	23.537
26.86	26.85	0.327619	23.637
26.86	26.85	0.327636	23.737
26.86	26.85	0.327652	23.837
26.86	26.85	0.327669	23.938
26.86	26.85	0.327686	24.037
26.86	26.84	0.327702	24.137
26.84	26.84	0.327719	24.237
26.84	26.84	0.327736	24.337
26.84	26.84	0.327752	24.461
26.84	26.84	0.327769	24.566
26.84	26.84	0.327786	24.660
26.84	26.83	0.327802	24.760
26.84	26.83	0.327819	24.864
26.84	26.83	0.327835	24.959
26.84	26.83	0.327852	25.059
26.84	26.83	0.327869	25.163
26.84	26.83	0.327885	25.258
26.84	26.82	0.327902	25.358
26.84	26.82	0.327919	25.463
26.84	26.82	0.327935	25.557
26.84	26.82	0.327952	25.657
26.84	26.82	0.327969	25.762
26.81	26.82	0.327985	25.856
26.81	26.81	0.328002	25.956
26.81	26.81	0.328019	26.060
26.81	26.81	0.328035	26.155
26.81	26.81	0.328052	26.254
26.81	26.81	0.328069	26.359
26.81	26.81	0.328085	26.453
26.81	26.80	0.328102	26.553
26.81	26.80	0.328119	26.658
26.81	26.80	0.328135	26.752
26.81	26.80	0.328152	26.853
26.81	26.80	0.328169	26.956
26.79	26.80	0.328185	27.051
26.79	26.80	0.328202	27.152
26.79	26.79	0.328219	27.255
26.79	26.79	0.328235	27.350
26.79	26.79	0.328252	27.452
26.79	26.79	0.328269	27.554
26.79	26.79	0.328285	27.648
26.79	26.79	0.328302	27.752
26.79	26.79	0.328319	27.852
26.79	26.79	0.328335	27.947
26.79	26.78	0.328352	28.052
26.79	26.78	0.328369	28.152
26.79	26.78	0.328385	28.247
26.79	26.78	0.328402	28.351
26.79	26.78	0.328419	28.451
26.79	26.78	0.328435	28.545
26.79	26.78	0.328452	28.650
26.79	26.78	0.328469	28.749
26.76	26.78	0.328485	28.844
26.76	26.78	0.328502	28.949
26.76	26.78	0.328519	29.048
26.76	26.78	0.328535	29.143
26.76	26.78	0.328552	29.247
26.76	26.78	0.328569	29.342
26.76	26.78	0.328585	29.441
26.76	26.78	0.328602	29.546
26.76	26.78	0.328619	29.641
26.76	26.78	0.328635	29.740
26.76	26.78	0.328652	29.845
26.76	26.78	0.328668	29.939
26.76	26.78	0.328685	30.039
26.76	26.78	0.328702	30.143
26.76	26.78	0.328718	30.239
26.76	26.78	0.328735	30.339
26.79	26.78	0.328752	30.443
26.79	26.78	0.328768	30.540
26.79	26.78	0.328785	30.639
26.79	26.78	0.328802	30.742
26.79	26.78	0.328818	30.839
26.79	26.78	0.328835	30.939
26.79	26.78	0.328852	31.040
26.79	26.78	0.328868	31.139
26.79	26.78	0.328885	31.240
26.79	26.78	0.328902	31.340
26.79	26.78	0.328918	31.441
26.79	26.78	0.328935	31.540
26.79	26.79	0.328952	31.640
26.79	26.79	0.328968	31.740
26.79	26.79	0.328985	31.840
26.79	26.79	0.329002	31.940
26.79	26.79	0.329018	32.039
26.79	26.79	0.329035	32.141
26.76	26.79	0.329052	32.240
26.76	26.80	0.329068	32.340
26.76	26.80	0.329085	32.440
26.76	26.80	0.329102	32.540
26.76	26.80	0.329118	32.640
26.76	26.80	0.329135	32.740
26.76	26.81	0.329152	32.840
26.79	26.81	0.329168	32.940
26.79	26.81	0.329185	33.040
26.79	26.81	0.329202	33.140
26.79	26.81	0.329218	33.240
26.79	26.82	0.329235	33.340
26.79	26.82	0.329252	33.440
26.79	26.82	0.329268	33.540
26.79	26.82	0.329285	33.640
26.81	26.83	0.329302	33.741
26.81	26.83	0.329318	33.840
26.81	26.83	0.329335	33.940
26.81	26.83	0.329352	34.040
26.81	26.84	0.329368	34.140
26.81	26.84	0.329385	34.240
26.84	26.84	0.329402	34.340
26.84	26.85	0.329418	34.440
26.84	26.85	0.329435	34.540
26.84	26.85	0.329452	34.641
26.84	26.85	0.329468	34.740
26.84	26.86	0.329485	34.840
26.86	26.86	0.329501	34.940
26.86	26.86	0.329518	35.039
26.86	26.87	0.329535	35.140
26.86	26.87	0.329551	35.240
26.86	26.87	0.329568	35.340
26.86	26.88	0.329585	35.440
26.86	26.88	0.329601	35.541
26.89	26.88	0.329618	35.640
26.89	26.89	0.329635	35.740
26.89	26.89	0.329651	35.840
26.89	26.89	0.329668	35.940
26.89	26.90	0.329685	36.040
26.89	26.90	0.329701	36.140
26.89	26.90	0.329718	36.269
26.89	26.91	0.329735	36.340
26.92	26.91	0.329751	36.440
26.92	26.91	0.329768	36.569
26.92	26.92	0.329785	36.669
26.92	26.92	0.329801	36.763
26.92	26.92	0.329818	36.868
26.92	26.93	0.329835	36.967
26.92	26.93	0.329851	37.062
26.92	26.93	0.329868	37.166
26.92	26.94	0.329885	37.261
26.94	26.94	0.329901	37.361
26.94	26.94	0.329918	37.465
26.94	26.95	0.329935	37.560
26.94	26.95	0.329951	37.659
26.94	26.96	0.329968	37.764
26.94	26.96	0.329985	37.858
26.94	26.96	0.330001	37.958
26.94	26.97	0.330018	38.063
26.94	26.97	0.330035	38.157
26.97	26.97	0.330051	38.257
26.97	26.98	0.330068	38.361
26.97	26.98	0.330085	38.456
26.97	26.98	0.330101	38.555
26.97	26.99	0.330118	38.661
26.97	26.99	0.330135	38.756
26.99	26.99	0.330151	38.855
26.99	27.00	0.330168	38.960
26.99	27.00	0.330185	39.054
26.99	27.00	0.330201	39.154
26.99	27.01	0.330218	39.258
26.99	27.01	0.330235	39.353
27.02	27.01	0.330251	39.452
27.02	27.01	0.330268	39.557
27.02	27.02	0.330285	39.652
27.02	27.02	0.330301	39.751
27.02	27.02	0.330318	39.856
27.02	27.03	0.330334	39.950
27.04	27.03	0.330351	40.051
27.04	27.03	0.330368	40.154
27.04	27.03	0.330384	40.249
27.04	27.04	0.330401	40.350
27.04	27.04	0.330418	40.453
27.04	27.04	0.330434	40.548
27.04	27.04	0.330451	40.650
27.04	27.05	0.330468	40.752
27.04	27.05	0.330484	40.847
27.07	27.05	0.330501	40.951
27.07	27.05	0.330518	41.051
27.07	27.06	0.330534	41.146
27.07	27.06	0.330551	41.251
27.07	27.06	0.330568	41.350
27.07	27.06	0.330584	41.445
27.07	27.06	0.330601	41.549
27.07	27.07	0.330618	41.649
27.07	27.07	0.330634	41.743
27.07	27.07	0.330651	41.848
27.07	27.07	0.330668	41.947
27.09	27.07	0.330684	42.042
27.09	27.08	0.330701	42.147
27.09	27.08	0.330718	42.246
27.09	27.08	0.330734	42.341
27.09	27.08	0.330751	42.445
27.09	27.08	0.330768	42.540
27.09	27.08	0.330784	42.640
27.09	27.08	0.330801	42.744
27.09	27.08	0.330818	42.841
27.09	27.09	0.330834	42.940
27.09	27.09	0.330851	43.044
27.09	27.09	0.330868	43.140
27.09	27.09	0.330884	43.240
27.09	27.09	0.330901	43.342
27.09	27.09	0.330918	43.440
27.09	27.09	0.330934	43.541
27.09	27.09	0.330951	43.641
27.09	27.09	0.330968	43.746
27.09	27.09	0.330984	43.841
27.09	27.09	0.331001	43.941
27.12	27.09	0.331018	44.045
27.12	27.09	0.331034	44.141
27.12	27.09	0.331051	44.241
27.12	27.09	0.331068	44.346
27.12	27.09	0.331084	44.442
27.12	27.09	0.331101	44.541
27.12	27.09	0.331118	44.641
27.12	27.09	0.331134	44.741
27.12	27.09	0.331151	44.841
27.12	27.09	0.331167	44.945
27.09	27.09	0.331184	45.041
27.09	27.09	0.331201	45.141
27.09	27.09	0.331217	45.245
27.09	27.09	0.331234	45.342
27.09	27.09	0.331251	45.441
27.09	27.09	0.331267	45.546
27.09	27.09	0.331284	45.642
27.09	27.09	0.331301	45.742
27.09	27.09	0.331317	45.845
27.09	27.09	0.331334	45.942
27.09	27.09	0.331351	46.043
27.09	27.08	0.331367	46.145
27.09	27.08	0.331384	46.242
27.09	27.08	0.331401	46.342
27.09	27.08	0.331417	46.445
27.09	27.08	0.331434	46.542
27.09	27.08	0.331451	46.642
27.09	27.08	0.331467	46.745
27.09	27.08	0.331484	46.842
27.09	27.08	0.331501	46.943
27.09	27.07	0.331517	47.045
27.09	27.07	0.331534	47.142
27.09	27.07	0.331551	47.243
27.07	27.07	0.331567	47.345
27.07	27.07	0.331584	47.443
27.07	27.07	0.331601	47.543
27.07	27.07	0.331617	47.645
27.07	27.06	0.331634	47.743
27.07	27.06	0.331651	47.843
27.07	27.06	0.331667	47.945
27.07	27.06	0.331684	48.043
27.07	27.06	0.331701	48.143
27.07	27.06	0.331717	48.245
27.07	27.05	0.331734	48.372
27.07	27.05	0.331751	48.467
27.07	27.05	0.331767	48.545
27.07	27.05	0.331784	48.671
27.07	27.05	0.331801	48.766
27.07	27.05	0.331817	48.845
27.07	27.04	0.331834	48.971
27.07	27.04	0.331851	49.065
27.07	27.04	0.331867	49.170
27.04	27.04	0.331884	49.269
27.04	27.04	0.331901	49.364
27.04	27.04	0.331917	49.469
27.04	27.03	0.331934	49.568
27.04	27.03	0.331951	49.663
27.04	27.03	0.331967	49.767
27.04	27.03	0.331984	49.867
27.04	27.03	0.332000	49.961
27.04	27.03	0.332017	50.066
27.04	27.02	0.332034	50.165
27.02	27.02	0.332050	50.260
27.02	27.02	0.332067	50.365
27.02	27.02	0.332084	50.459
27.02	27.02	0.332100	50.559
27.02	27.02	0.332117	50.663
27.02	27.01	0.332134	50.758
27.02	27.01	0.332150	50.857
27.02	27.01	0.332167	50.962
27.02	27.01	0.332184	51.057
27.02	27.01	0.332200	51.157
27.02	27.01	0.332217	51.262
27.02	27.01	0.332234	51.356
27.02	27.00	0.332250	51.456
27.02	27.00	0.332267	51.560
26.99	27.00	0.332284	51.655
26.99	27.00	0.332300	51.754
26.99	27.00	0.332317	51.859
26.99	27.00	0.332334	51.954
26.99	27.00	0.332350	52.053
26.99	27.00	0.332367	52.158
26.99	27.00	0.332384	52.252
26.99	27.00	0.332400	52.352
26.99	26.99	0.332417	52.456
26.99	26.99	0.332434	52.551
26.99	26.99	0.332450	52.651
26.99	26.99	0.332467	52.755
26.99	26.99	0.332484	52.850
26.99	26.99	0.332500	52.949
26.99	26.99	0.332517	53.054
26.99	26.99	0.332534	53.148
26.99	26.99	0.332550	53.249
26.99	26.99	0.332567	53.352
26.99	26.99	0.332584	53.447
26.97	26.99	0.332600	53.549
26.97	26.99	0.332617	53.652
26.97	26.99	0.332634	53.747
26.97	26.99	0.332650	53.848
26.97	26.99	0.332667	53.951
26.97	26.99	0.332684	54.045
26.97	26.99	0.332700	54.149
26.97	26.99	0.332717	54.250
26.97	26.99	0.332734	54.344
26.97	26.99	0.332750	54.449
26.97	26.99	0.332767	54.548
26.97	26.99	0.332784	54.643
26.99	26.99	0.332800	54.747
26.99	26.99	0.332817	54.847
26.99	26.99	0.332833	54.943
26.99	26.99	0.332850	55.046
26.99	26.99	0.332867	55.146
26.99	27.00	0.332883	55.243
26.99	27.00	0.332900	55.345
26.99	27.00	0.332917	55.444
26.99	27.00	0.332933	55.543
26.99	27.00	0.332950	55.643
26.99	27.00	0.332967	55.744
26.99	27.00	0.332983	55.844
26.99	27.00	0.333000	55.943
26.99	27.00	0.333017	56.044
26.99	27.01	0.333033	56.143
26.99	27.01	0.333050	56.243
26.99	27.01	0.333067	56.343
26.99	27.01	0.333083	56.443
26.99	27.01	0.333100	56.543
26.99	27.02	0.333117	56.644
26.99	27.02	0.333133	56.743
26.99	27.02	0.333150	56.843
26.99	27.02	0.333167	56.944
26.99	27.02	0.333183	57.042
26.99	27.03	0.333200	57.143
27.02	27.03	0.333217	57.243
27.02	27.03	0.333233	57.343
27.02	27.03	0.333250	57.444
27.02	27.03	0.333267	57.544
27.02	27.04	0.333283	57.643
27.02	27.04	0.333300	57.743
27.02	27.04	0.333317	57.844
27.02	27.04	0.333333	57.943
27.04	27.05	0.333350	58.043
27.04	27.05	0.333367	58.143
27.04	27.05	0.333383	58.243
27.04	27.06	0.333400	58.344
27.04	27.06	0.333417	58.443
27.04	27.06	0.333433	58.543
27.04	27.06	0.333450	58.643
27.07	27.07	0.333467	58.744
27.07	27.07	0.333483	58.843
27.07	27.07	0.333500	58.943
27.07	27.08	0.333517	59.044
27.07	27.08	0.333533	59.143
27.07	27.08	0.333550	59.243
27.07	27.09	0.333567	59.343
27.09	27.09	0.333583	59.443
27.09	27.09	0.333600	59.543
27.09	27.10	0.333617	59.643
27.09	27.10	0.333633	59.744
27.09	27.10	0.333650	59.844
27.09	27.11	0.333666	59.945
27.09	27.11	0.333683	00.044
27.09	27.11	0.333700	00.144
27.12	27.12	0.333716	00.244
27.12	27.12	0.333733	00.344
27.12	27.12	0.333750	00.444
27.12	27.13	0.333766	00.544
27.12	27.13	0.333783	00.644
27.12	27.13	0.333800	00.745
27.12	27.14	0.333816	00.844
27.12	27.14	0.333833	00.944
27.15	27.14	0.333850	01.068
27.15	27.15	0.333866	01.168
27.15	27.15	0.333883	01.272
27.15	27.15	0.333900	01.367
27.15	27.16	0.333916	01.468
27.15	27.16	0.333933	01.571
27.15	27.17	0.333950	01.666
27.15	27.17	0.333966	01.768
27.17	27.17	0.333983	01.870
27.17	27.18	0.334000	01.964
27.17	27.18	0.334016	02.068
27.17	27.18	0.334033	02.168
27.17	27.19	0.334050	02.263
27.17	27.19	0.334066	02.367
27.17	27.19	0.334083	02.467
27.17	27.20	0.334100	02.562
27.20	27.20	0.334116	02.666
27.20	27.20	0.334133	02.766
27.20	27.21	0.334150	02.860
27.20	27.21	0.334166	02.965
27.20	27.21	0.334183	03.065
27.20	27.22	0.334200	03.159
27.20	27.22	0.334216	03.265
27.22	27.22	0.334233	03.364
27.22	27.22	0.334250	03.458
27.22	27.23	0.334266	03.563
27.22	27.23	0.334283	03.657
27.22	27.23	0.334300	03.757
27.22	27.24	0.334316	03.861
27.25	27.24	0.334333	03.956
27.25	27.24	0.334350	04.057
27.25	27.24	0.334366	04.161
27.25	27.25	0.334383	04.256
27.25	27.25	0.334400	04.355
27.25	27.25	0.334416	04.460
27.25	27.26	0.334433	04.554
27.25	27.26	0.334450	04.654
27.25	27.26	0.334466	04.758
27.27	27.26	0.334483	04.853
27.27	27.27	0.334499	04.953
27.27	27.27	0.334516	05.057
27.27	27.27	0.334533	05.152
27.27	27.27	0.334549	05.251
27.27	27.27	0.334566	05.356
27.27	27.28	0.334583	05.450
27.27	27.28	0.334599	05.550
27.27	27.28	0.334616	05.655
27.30	27.28	0.334633	05.749
27.30	27.28	0.334649	05.849
27.30	27.29	0.334666	05.953
27.30	27.29	0.334683	06.049
27.30	27.29	0.334699	06.148
27.30	27.29	0.334716	06.253
27.30	27.29	0.334733	06.347
27.30	27.29	0.334749	06.447
27.30	27.29	0.334766	06.552
27.30	27.30	0.334783	06.646
27.33	27.30	0.334799	06.747
27.33	27.30	0.334816	06.850
27.33	27.30	0.334833	06.945
27.33	27.30	0.334849	07.046
27.33	27.30	0.334866	07.149
27.33	27.30	0.334883	07.245
27.33	27.30	0.334899	07.347
27.33	27.30	0.334916	07.448
27.33	27.30	0.334933	07.545
27.33	27.30	0.334949	07.647
27.33	27.30	0.334966	07.746
27.33	27.31	0.334983	07.845
27.33	27.31	0.334999	07.945
27.33	27.31	0.335016	08.045
27.30	27.31	0.335033	08.146
27.30	27.31	0.335049	08.245
27.30	27.31	0.335066	08.345
27.30	27.31	0.335083	08.445
27.30	27.31	0.335099	08.545
27.30	27.31	0.335116	08.645
27.30	27.31	0.335133	08.745
27.30	27.31	0.335149	08.846
27.30	27.31	0.335166	08.945
27.30	27.31	0.335183	09.045
27.30	27.31	0.335199	09.146
27.30	27.30	0.335216	09.246
27.30	27.30	0.335233	09.346
27.30	27.30	0.335249	09.446
27.30	27.30	0.335266	09.546
27.30	27.30	0.335283	09.646
27.30	27.30	0.335299	09.746
27.30	27.30	0.335316	09.846
27.30	27.30	0.335332	09.946
27.30	27.30	0.335349	10.046
27.30	27.30	0.335366	10.146
27.30	27.30	0.335382	10.246
27.30	27.30	0.335399	10.346
27.33	27.30	0.335416	10.447
27.33	27.29	0.335432	10.546
27.33	27.29	0.335449	10.646
27.33	27.29	0.335466	10.746
27.33	27.29	0.335482	10.846
27.30	27.29	0.335499	10.946
27.30	27.29	0.335516	11.046
27.30	27.29	0.335532	11.146
27.30	27.29	0.335549	11.246
27.30	27.28	0.335566	11.347
27.30	27.28	0.335582	11.446
27.30	27.28	0.335599	11.546
27.30	27.28	0.335616	11.646
27.30	27.28	0.335632	11.746
27.30	27.28	0.335649	11.846
27.30	27.27	0.335666	11.946
27.27	27.27	0.335682	12.046
27.27	27.27	0.335699	12.146
27.27	27.27	0.335716	12.247
27.27	27.27	0.335732	12.346
27.27	27.27	0.335749	12.446
27.27	27.26	0.335766	12.546
27.27	27.26	0.335782	12.646
27.27	27.26	0.335799	12.746
27.27	27.26	0.335816	12.846
27.27	27.26	0.335832	12.947
27.27	27.26	0.335849	13.046
27.25	27.25	0.335866	13.146
27.25	27.25	0.335882	13.275
27.25	27.25	0.335899	13.370
27.25	27.25	0.335916	13.469
27.25	27.25	0.335932	13.574
27.25	27.25	0.335949	13.668
27.25	27.24	0.335966	13.768
27.25	27.24	0.335982	13.872
27.25	27.24	0.335999	13.967
27.25	27.24	0.336016	14.067
27.25	27.24	0.336032	14.172
27.25	27.24	0.336049	14.266
27.25	27.23	0.336066	14.366
27.25	27.23	0.336082	14.471
27.25	27.23	0.336099	14.565
27.25	27.23	0.336116	14.666
27.25	27.23	0.336132	14.770
27.25	27.23	0.336149	14.864
27.22	27.22	0.336165	14.966
27.22	27.22	0.336182	15.068
27.22	27.22	0.336199	15.163
27.22	27.22	0.336215	15.265
27.22	27.22	0.336232	15.367
27.22	27.22	0.336249	15.461
27.22	27.22	0.336265	15.566
27.22	27.22	0.336282	15.666
27.22	27.21	0.336299	15.760
27.22	27.21	0.336315	15.865
27.22	27.21	0.336332	15.964
27.22	27.21	0.336349	16.059
27.22	27.21	0.336365	16.163
27.20	27.21	0.336382	16.263
27.20	27.21	0.336399	16.358
27.20	27.21	0.336415	16.462
27.20	27.21	0.336432	16.563
27.20	27.21	0.336449	16.656
27.20	27.21	0.336465	16.762
27.20	27.20	0.336482	16.861
27.20	27.20	0.336499	16.956
27.20	27.20	0.336515	17.060
27.20	27.20	0.336532	17.155
27.20	27.20	0.336549	17.255
27.20	27.20	0.336565	17.359
27.20	27.20	0.336582	17.454
27.20	27.20	0.336599	17.553
27.20	27.20	0.336615	17.658
27.20	27.20	0.336632	17.752
27.20	27.20	0.336649	17.852
27.20	27.20	0.336665	17.956
27.20	27.20	0.336682	18.051
27.20	27.20	0.336699	18.151
27.20	27.20	0.336715	18.255
27.17	27.20	0.336732	18.350
27.17	27.20	0.336749	18.449
27.17	27.20	0.336765	18.554
27.17	27.20	0.336782	18.648
27.17	27.20	0.336799	18.748
27.17	27.21	0.336815	18.853
27.17	27.21	0.336832	18.948
27.17	27.21	0.336849	19.048
27.20	27.21	0.336865	19.152
27.20	27.21	0.336882	19.248
27.20	27.21	0.336899	19.348
27.20	27.21	0.336915	19.451
27.20	27.21	0.336932	19.548
27.20	27.21	0.336949	19.648
27.20	27.21	0.336965	19.750
27.20	27.22	0.336982	19.848
27.20	27.22	0.336998	19.948
27.20	27.22	0.337015	20.048
27.20	27.22	0.337032	20.148
27.22	27.22	0.337048	20.248
27.22	27.22	0.337065	20.348
27.22	27.22	0.337082	20.449
27.22	27.23	0.337098	20.548
27.22	27.23	0.337115	20.648
27.22	27.23	0.337132	20.748
27.22	27.23	0.337148	20.848
27.22	27.23	0.337165	20.948
27.22	27.24	0.337182	21.048
27.22	27.24	0.337198	21.148
27.22	27.24	0.337215	21.248
27.22	27.24	0.337232	21.349
27.22	27.25	0.337248	21.448
27.22	27.25	0.337265	21.547
27.25	27.25	0.337282	21.648
27.25	27.25	0.337298	21.748
27.25	27.26	0.337315	21.848
27.25	27.26	0.337332	21.948
27.25	27.26	0.337348	22.049
27.25	27.26	0.337365	22.148
27.25	27.27	0.337382	22.248
27.25	27.27	0.337398	22.348
27.25	27.27	0.337415	22.448
27.25	27.27	0.337432	22.548
27.25	27.28	0.337448	22.648
27.27	27.28	0.337465	22.748
27.27	27.28	0.337482	22.848
27.27	27.29	0.337498	22.949
27.27	27.29	0.337515	23.048
27.27	27.29	0.337532	23.148
27.27	27.30	0.337548	23.249
27.27	27.30	0.337565	23.349
27.30	27.30	0.337582	23.449
27.30	27.31	0.337598	23.549
27.30	27.31	0.337615	23.650
27.30	27.31	0.337632	23.749
27.30	27.32	0.337648	23.849
27.30	27.32	0.337665	23.949
27.30	27.32	0.337682	24.048
27.30	27.33	0.337698	24.149
27.33	27.33	0.337715	24.249
27.33	27.33	0.337732	24.349
27.33	27.34	0.337748	24.449
27.33	27.34	0.337765	24.550
27.33	27.34	0.337782	24.649
27.33	27.35	0.337798	24.749
27.35	27.35	0.337815	24.849
27.35	27.35	0.337831	24.949
27.35	27.36	0.337848	25.049
27.35	27.36	0.337865	25.149
27.35	27.36	0.337881	25.278
27.35	27.37	0.337898	25.373
27.38	27.37	0.337915	25.472
27.38	27.37	0.337931	25.577
27.38	27.38	0.337948	25.672
27.38	27.38	0.337965	25.771
27.38	27.39	0.337981	25.876
27.38	27.39	0.337998	25.970
27.38	27.39	0.338015	26.070
27.38	27.40	0.338031	26.174
27.38	27.40	0.338048	26.269
27.40	27.40	0.338065	26.369
27.40	27.41	0.338081	26.473
27.40	27.41	0.338098	26.568
27.40	27.41	0.338115	26.667
27.40	27.42	0.338131	26.772
27.40	27.42	0.338148	26.866
27.40	27.42	0.338165	26.966
27.40	27.43	0.338181	27.070
27.43	27.43	0.338198	27.166
27.43	27.43	0.338215	27.266
27.43	27.43	0.338231	27.370
27.43	27.44	0.338248	27.465
27.43	27.44	0.338265	27.564
27.43	27.44	0.338281	27.669
27.45	27.45	0.338298	27.763
27.45	27.45	0.338315	27.864
27.45	27.45	0.338331	27.968
27.45	27.46	0.338348	28.062
27.45	27.46	0.338365	28.164
27.45	27.46	0.338381	28.266
27.45	27.46	0.338398	28.361
27.48	27.47	0.338415	28.464
27.48	27.47	0.338431	28.565
27.48	27.47	0.338448	28.660
27.48	27.47	0.338465	28.764
27.48	27.48	0.338481	28.864
27.48	27.48	0.338498	28.959
27.48	27.48	0.338515	29.063
27.48	27.48	0.338531	29.163
27.50	27.49	0.338548	29.257
27.50	27.49	0.338565	29.362
27.50	27.49	0.338581	29.462
27.50	27.49	0.338598	29.556
27.50	27.49	0.338615	29.661
27.50	27.50	0.338631	29.760
27.50	27.50	0.338648	29.855
27.50	27.50	0.338664	29.959
27.50	27.50	0.338681	30.059
27.50	27.50	0.338698	30.153
27.50	27.50	0.338714	30.258
27.50	27.50	0.338731	30.353
27.50	27.51	0.338748	30.452
27.50	27.51	0.338764	30.557
27.53	27.51	0.338781	30.652
27.53	27.51	0.338798	30.752
27.53	27.51	0.338814	30.856
27.53	27.51	0.338831	30.951
27.53	27.51	0.338848	31.051
27.53	27.51	0.338864	31.155
27.53	27.52	0.338881	31.250
27.53	27.52	0.338898	31.350
27.53	27.52	0.338914	31.454
27.53	27.52	0.338931	31.550
27.53	27.52	0.338948	31.650
27.53	27.52	0.338964	31.752
27.53	27.52	0.338981	31.850
27.53	27.52	0.338998	31.951
27.53	27.52	0.339014	32.051
27.53	27.52	0.339031	32.150
27.53	27.52	0.339048	32.250
27.53	27.52	0.339064	32.350
27.53	27.52	0.339081	32.450
27.53	27.52	0.339098	32.550
27.53	27.52	0.339114	32.650
27.53	27.52	0.339131	32.750
27.53	27.52	0.339148	32.851
27.53	27.52	0.339164	32.950
27.53	27.52	0.339181	33.050
27.53	27.52	0.339198	33.150
27.53	27.52	0.339214	33.250
27.53	27.52	0.339231	33.350
27.53	27.52	0.339248	33.450
27.53	27.52	0.339264	33.551
27.53	27.52	0.339281	33.650
27.53	27.52	0.339298	33.750
27.53	27.51	0.339314	33.850
27.53	27.51	0.339331	33.950
27.53	27.51	0.339348	34.050
27.53	27.51	0.339364	34.150
27.53	27.51	0.339381	34.250
27.53	27.51	0.339398	34.350
27.53	27.51	0.339414	34.451
27.53	27.51	0.339431	34.550
27.53	27.51	0.339448	34.650
27.53	27.51	0.339464	34.750
27.53	27.50	0.339481	34.850
27.53	27.50	0.339497	34.950
27.50	27.50	0.339514	35.050
27.50	27.50	0.339531	35.151
27.50	27.50	0.339547	35.250
27.50	27.50	0.339564	35.350
27.50	27.50	0.339581	35.450
27.50	27.49	0.339597	35.550
27.50	27.49	0.339614	35.650
27.50	27.49	0.339631	35.750
27.50	27.49	0.339647	35.850
27.50	27.49	0.339664	35.950
27.50	27.49	0.339681	36.051
27.50	27.48	0.339697	36.150
27.50	27.48	0.339714	36.250
27.50	27.48	0.339731	36.350
27.50	27.48	0.339747	36.450
27.50	27.48	0.339764	36.550
27.48	27.48	0.339781	36.650
27.48	27.47	0.339797	36.750
27.48	27.47	0.339814	36.850
27.48	27.47	0.339831	36.951
27.48	27.47	0.339847	37.050
27.48	27.47	0.339864	37.150
27.48	27.47	0.339881	37.250
27.48	27.46	0.339897	37.350
27.48	27.46	0.339914	37.450
27.48	27.46	0.339931	37.550
27.48	27.46	0.339947	37.679
27.48	27.46	0.339964	37.774
27.45	27.46	0.339981	37.879
27.45	27.45	0.339997	37.978
27.45	27.45	0.340014	38.073
27.45	27.45	0.340031	38.177
27.45	27.45	0.340047	38.272
27.45	27.45	0.340064	38.371
27.45	27.45	0.340081	38.476
27.45	27.44	0.340097	38.572
27.45	27.44	0.340114	38.671
27.43	27.44	0.340131	38.776
27.43	27.44	0.340147	38.870
27.43	27.44	0.340164	38.970
27.43	27.44	0.340181	39.074
27.43	27.44	0.340197	39.169
27.43	27.43	0.340214	39.268
27.43	27.43	0.340231	39.373
27.43	27.43	0.340247	39.468
27.43	27.43	0.340264	39.567
27.43	27.43	0.340281	39.672
27.43	27.43	0.340297	39.766
27.43	27.43	0.340314	39.866
27.43	27.43	0.340330	39.970
27.43	27.42	0.340347	40.065
27.43	27.42	0.340364	40.165
27.43	27.42	0.340380	40.269
27.43	27.42	0.340397	40.364
27.43	27.42	0.340414	40.463
27.43	27.42	0.340430	40.569
27.43	27.42	0.340447	40.663
27.43	27.42	0.340464	40.763
27.43	27.42	0.340480	40.867
27.43	27.42	0.340497	40.962
27.43	27.42	0.340514	41.062
27.43	27.42	0.340530	41.166
27.40	27.42	0.340547	41.261
27.40	27.42	0.340564	41.362
27.40	27.42	0.340580	41.465
27.40	27.42	0.340597	41.559
27.40	27.42	0.340614	41.662
27.40	27.42	0.340630	41.764
27.40	27.42	0.340647	41.858
27.40	27.42	0.340664	41.962
27.40	27.42	0.340680	42.062
27.40	27.42	0.340697	42.157
27.40	27.42	0.340714	42.261
27.40	27.42	0.340730	42.361
27.40	27.42	0.340747	42.455
27.40	27.42	0.340764	42.560
27.40	27.42	0.340780	42.660
27.40	27.42	0.340797	42.754
27.40	27.42	0.340814	42.859
27.43	27.42	0.340830	42.959
27.43	27.42	0.340847	43.053
27.43	27.42	0.340864	43.158
27.43	27.42	0.340880	43.258
27.43	27.42	0.340897	43.353
27.43	27.42	0.340914	43.457
27.43	27.42	0.340930	43.552
27.43	27.43	0.340947	43.651
27.43	27.43	0.340964	43.756
27.43	27.43	0.340980	43.851
27.43	27.43	0.340997	43.951
27.43	27.43	0.341014	44.054
27.43	27.43	0.341030	44.151
27.43	27.43	0.341047	44.252
27.43	27.44	0.341064	44.353
27.43	27.44	0.341080	44.451
27.43	27.44	0.341097	44.552
27.43	27.44	0.341114	44.652
27.43	27.44	0.341130	44.756
27.43	27.45	0.341147	44.852
27.43	27.45	0.341163	44.952
27.43	27.45	0.341180	45.057
27.43	27.45	0.341197	45.152
27.43	27.45	0.341213	45.252
27.43	27.46	0.341230	45.352
27.43	27.46	0.341247	45.452
27.43	27.46	0.341263	45.552
27.43	27.46	0.341280	45.656
27.45	27.47	0.341297	45.752
27.45	27.47	0.341313	45.853
27.45	27.47	0.341330	45.956
27.45	27.47	0.341347	46.052
27.45	27.48	0.341363	46.152
27.45	27.48	0.341380	46.252
27.45	27.48	0.341397	46.352
27.45	27.49	0.341413	46.452
27.48	27.49	0.341430	46.556
27.48	27.49	0.341447	46.652
27.48	27.49	0.341463	46.753
27.48	27.50	0.341480	46.856
27.48	27.50	0.341497	46.951
27.48	27.50	0.341513	47.052
27.50	27.51	0.341530	47.157
27.50	27.51	0.341547	47.252
27.50	27.51	0.341563	47.352
27.50	27.52	0.341580	47.456
27.50	27.52	0.341597	47.552
27.50	27.52	0.341613	47.653
27.53	27.53	0.341630	47.756
27.53	27.53	0.341647	47.852
27.53	27.53	0.341663	47.952
27.53	27.54	0.341680	48.056
27.53	27.54	0.341697	48.152
27.53	27.54	0.341713	48.252
27.56	27.55	0.341730	48.357
27.56	27.55	0.341747	48.452
27.56	27.55	0.341763	48.552
27.56	27.56	0.341780	48.656
27.56	27.56	0.341797	48.752
27.56	27.56	0.341813	48.852
27.56	27.57	0.341830	48.956
27.56	27.57	0.341847	49.052
27.56	27.57	0.341863	49.152
27.58	27.58	0.341880	49.257
27.58	27.58	0.341897	49.352
27.58	27.58	0.341913	49.452
27.58	27.59	0.341930	49.556
27.58	27.59	0.341947	49.652
27.58	27.60	0.341963	49.752
27.58	27.60	0.341980	49.856
27.58	27.60	0.341996	49.981
27.58	27.61	0.342013	50.076
27.58	27.61	0.342030	50.180
27.61	27.61	0.342046	50.280
27.61	27.62	0.342063	50.375
27.61	27.62	0.342080	50.479
27.61	27.62	0.342096	50.579
27.61	27.63	0.342113	50.673
27.61	27.63	0.342130	50.778
27.63	27.63	0.342146	50.878
27.63	27.64	0.342163	50.972
27.63	27.64	0.342180	51.078
27.63	27.64	0.342196	51.176
27.63	27.65	0.342213	51.271
27.63	27.65	0.342230	51.376
27.63	27.65	0.342246	51.471
27.66	27.65	0.342263	51.570
27.66	27.66	0.342280	51.675
27.66	27.66	0.342296	51.769
27.66	27.66	0.342313	51.869
27.66	27.67	0.342330	51.974
27.66	27.67	0.342346	52.068
27.68	27.67	0.342363	52.168
27.68	27.67	0.342380	52.272
27.68	27.68	0.342396	52.367
27.68	27.68	0.342413	52.466
27.68	27.68	0.342430	52.571
27.68	27.68	0.342446	52.666
27.68	27.69	0.342463	52.765
27.68	27.69	0.342480	52.870
27.71	27.69	0.342496	52.964
27.71	27.69	0.342513	53.065
27.71	27.70	0.342530	53.169
27.71	27.70	0.342546	53.264
27.71	27.70	0.342563	53.363
27.71	27.70	0.342580	53.468
27.71	27.70	0.342596	53.563
27.71	27.71	0.342613	53.662
27.71	27.71	0.342630	53.767
27.71	27.71	0.342646	53.861
27.71	27.71	0.342663	53.961
27.71	27.71	0.342680	54.065
27.74	27.72	0.342696	54.160
27.74	27.72	0.342713	54.261
27.74	27.72	0.342730	54.364
27.74	27.72	0.342746	54.459
27.74	27.72	0.342763	54.560
27.74	27.72	0.342780	54.663
27.74	27.72	0.342796	54.757
27.74	27.72	0.342813	54.860
27.74	27.73	0.342829	54.961
27.74	27.73	0.342846	55.056
27.74	27.73	0.342863	55.160
27.74	27.73	0.342879	55.260
27.74	27.73	0.342896	55.355
27.74	27.73	0.342913	55.459
27.74	27.73	0.342929	55.559
27.74	27.73	0.342946	55.654
27.74	27.73	0.342963	55.759
27.74	27.73	0.342979	55.858
27.74	27.73	0.342996	55.953
27.74	27.73	0.343013	56.058
27.74	27.73	0.343029	56.157
27.74	27.73	0.343046	56.253
27.74	27.73	0.343063	56.356
27.74	27.73	0.343079	56.456
27.74	27.73	0.343096	56.553
27.74	27.73	0.343113	56.655
27.74	27.73	0.343129	56.755
27.74	27.73	0.343146	56.853
27.74	27.73	0.343163	56.954
27.74	27.73	0.343179	57.055
27.74	27.73	0.343196	57.153
27.74	27.73	0.343213	57.253
27.74	27.73	0.343229	57.355
27.74	27.73	0.343246	57.454
27.74	27.73	0.343263	57.554
27.74	27.73	0.343279	57.655
27.74	27.73	0.343296	57.754
27.74	27.73	0.343313	57.854
27.74	27.73	0.343329	57.955
27.74	27.73	0.343346	58.054
27.74	27.72	0.343363	58.154
27.74	27.72	0.343379	58.255
27.74	27.72	0.343396	58.355
27.74	27.72	0.343413	58.454
27.74	27.72	0.343429	58.555
27.74	27.72	0.343446	58.654
27.74	27.72	0.343463	58.754
27.71	27.72	0.343479	58.854
27.71	27.72	0.343496	58.954
27.71	27.71	0.343513	59.054
27.71	27.71	0.343529	59.155
27.71	27.71	0.343546	59.255
27.71	27.71	0.343563	59.354
27.71	27.71	0.343579	59.455
27.71	27.71	0.343596	59.554
27.71	27.71	0.343613	59.654
27.71	27.70	0.343629	59.754
27.71	27.70	0.343646	59.854
27.71	27.70	0.343662	59.955
27.71	27.70	0.343679	00.054
27.71	27.70	0.343696	00.154
27.71	27.70	0.343712	00.254
27.71	27.69	0.343729	00.355
27.71	27.69	0.343746	00.454
27.71	27.69	0.343762	00.554
27.71	27.69	0.343779	00.655
27.71	27.69	0.343796	00.754
27.71	27.69	0.343812	00.854
27.71	27.68	0.343829	00.954
27.71	27.68	0.343846	01.054
27.68	27.68	0.343862	01.154
27.68	27.68	0.343879	01.255
27.68	27.68	0.343896	01.354
27.68	27.68	0.343912	01.454
27.68	27.67	0.343929	01.554
27.68	27.67	0.343946	01.654
27.68	27.67	0.343962	01.754
27.68	27.67	0.343979	01.855
27.68	27.67	0.343996	01.954
27.68	27.67	0.344012	02.054
27.68	27.66	0.344029	02.154
27.68	27.66	0.344046	02.253
27.66	27.66	0.344062	02.377
27.66	27.66	0.344079	02.454
27.66	27.66	0.344096	02.582
27.66	27.66	0.344112	02.676
27.66	27.65	0.344129	02.754
27.66	27.65	0.344146	02.881
27.66	27.65	0.344162	02.976
27.66	27.65	0.344179	03.078
27.66	27.65	0.344196	03.180
27.66	27.65	0.344212	03.275
27.66	27.65	0.344229	03.379
27.66	27.64	0.344246	03.479
27.63	27.64	0.344262	03.573
27.63	27.64	0.344279	03.678
27.63	27.64	0.344296	03.777
27.63	27.64	0.344312	03.872
27.63	27.64	0.344329	03.976
27.63	27.64	0.344346	04.076
27.63	27.64	0.344362	04.171
27.63	27.64	0.344379	04.275
27.63	27.64	0.344396	04.375
27.63	27.63	0.344412	04.469
27.63	27.63	0.344429	04.574
27.63	27.63	0.344446	04.673
27.63	27.63	0.344462	04.768
27.63	27.63	0.344479	04.874
27.63	27.63	0.344495	04.967
27.63	27.63	0.344512	05.068
27.63	27.63	0.344529	05.172
27.63	27.63	0.344545	05.267
27.63	27.63	0.344562	05.366
27.63	27.63	0.344579	05.471
27.63	27.63	0.344595	05.565
27.63	27.63	0.344612	05.665
27.63	27.63	0.344629	05.770
27.63	27.63	0.344645	05.864
27.63	27.63	0.344662	05.964
27.61	27.63	0.344679	06.068
27.61	27.63	0.344695	06.163
27.61	27.63	0.344712	06.262
27.61	27.63	0.344729	06.367
27.61	27.63	0.344745	06.462
27.61	27.63	0.344762	06.561
27.61	27.63	0.344779	06.666
27.61	27.63	0.344795	06.760
27.61	27.63	0.344812	06.860
27.61	27.63	0.344829	06.964
27.61	27.63	0.344845	07.059
27.61	27.63	0.344862	07.159
27.61	27.64	0.344879	07.263
27.63	27.64	0.344895	07.359
27.63	27.64	0.344912	07.458
27.63	27.64	0.344929	07.563
27.63	27.64	0.344945	07.657
27.63	27.64	0.344962	07.758
27.63	27.64	0.344979	07.861
27.63	27.64	0.344995	07.956
27.63	27.64	0.345012	08.058
27.63	27.65	0.345029	08.160
27.63	27.65	0.345045	08.256
27.63	27.65	0.345062	08.357
27.63	27.65	0.345079	08.459
27.63	27.65	0.345095	08.556
27.63	27.66	0.345112	08.658
27.63	27.66	0.345129	08.757
27.63	27.66	0.345145	08.856
27.66	27.66	0.345162	08.957
27.66	27.66	0.345179	09.056
27.66	27.67	0.345195	09.156
27.66	27.67	0.345212	09.256
27.66	27.67	0.345229	09.356
27.66	27.67	0.345245	09.456
27.66	27.67	0.345262	09.556
27.66	27.68	0.345279	09.656
27.66	27.68	0.345295	09.756
27.66	27.68	0.345312	09.857
27.68	27.68	0.345328	09.956
27.68	27.69	0.345345	10.056
27.68	27.69	0.345362	10.156
27.68	27.69	0.345378	10.256
27.68	27.70	0.345395	10.356
27.68	27.70	0.345412	10.456
27.68	27.70	0.345428	10.557
27.68	27.70	0.345445	10.656
27.68	27.71	0.345462	10.756
27.71	27.71	0.345478	10.856
27.71	27.71	0.345495	10.956
27.71	27.72	0.345512	11.056
27.71	27.72	0.345528	11.156
27.71	27.72	0.345545	11.256
27.71	27.73	0.345562	11.356
27.71	27.73	0.345578	11.457
27.71	27.73	0.345595	11.556
27.74	27.74	0.345612	11.656
27.74	27.74	0.345628	11.756
27.74	27.74	0.345645	11.856
27.74	27.75	0.345662	11.956
27.74	27.75	0.345678	12.056
27.74	27.75	0.345695	12.156
27.74	27.76	0.345712	12.256
27.74	27.76	0.345728	12.357
27.76	27.76	0.345745	12.456
27.76	27.77	0.345762	12.556
27.76	27.77	0.345778	12.656
27.76	27.77	0.345795	12.756
27.76	27.78	0.345812	12.856
27.76	27.78	0.345828	12.957
27.76	27.78	0.345845	13.057
27.76	27.79	0.345862	13.157
27.79	27.79	0.345878	13.257
27.79	27.79	0.345895	13.357
27.79	27.80	0.345912	13.457
27.79	27.80	0.345928	13.557
27.79	27.81	0.345945	13.657
27.79	27.81	0.345962	13.757
27.79	27.81	0.345978	13.857
27.81	27.82	0.345995	13.958
27.81	27.82	0.346012	14.057
27.81	27.82	0.346028	14.157
27.81	27.83	0.346045	14.286
27.81	27.83	0.346062	14.381
27.81	27.83	0.346078	14.480
27.84	27.84	0.346095	14.585
27.84	27.84	0.346112	14.679
27.84	27.84	0.346128	14.779
27.84	27.85	0.346145	14.883
27.84	27.85	0.346161	14.978
27.84	27.85	0.346178	15.078
27.86	27.86	0.346195	15.182
27.86	27.86	0.346211	15.278
27.86	27.86	0.346228	15.377
27.86	27.86	0.346245	15.482
27.86	27.87	0.346261	15.576
27.86	27.87	0.346278	15.677
27.86	27.87	0.346295	15.781
27.89	27.88	0.346311	15.875
27.89	27.88	0.346328	15.977
27.89	27.88	0.346345	16.079
27.89	27.88	0.346361	16.174
27.89	27.89	0.346378	16.276
27.89	27.89	0.346395	16.378
27.89	27.89	0.346411	16.472
27.89	27.90	0.346428	16.577
27.92	27.90	0.346445	16.677
27.92	27.90	0.346461	16.771
27.92	27.90	0.346478	16.876
27.92	27.91	0.346495	16.975
27.92	27.91	0.346511	17.070
27.92	27.91	0.346528	17.175
27.92	27.91	0.346545	17.274
27.92	27.91	0.346561	17.370
27.92	27.92	0.346578	17.474
27.92	27.92	0.346595	17.574
27.92	27.92	0.346611	17.668
27.92	27.92	0.346628	17.773
27.92	27.92	0.346645	17.872
27.94	27.93	0.346661	17.967
27.94	27.93	0.346678	18.071
27.94	27.93	0.346695	18.166
27.94	27.93	0.346711	18.266
27.94	27.93	0.346728	18.370
27.94	27.93	0.346745	18.465
27.94	27.93	0.346761	18.564
27.94	27.94	0.346778	18.669
27.94	27.94	0.346795	18.763
27.94	27.94	0.346811	18.863
27.94	27.94	0.346828	18.968
27.94	27.94	0.346845	19.062
27.94	27.94	0.346861	19.162
27.94	27.94	0.346878	19.266
27.94	27.94	0.346895	19.361
27.94	27.94	0.346911	19.460
27.94	27.94	0.346928	19.565
27.94	27.94	0.346945	19.659
27.94	27.94	0.346961	19.759
27.94	27.95	0.346978	19.865
27.97	27.95	0.346994	19.959
27.97	27.95	0.347011	20.059
27.97	27.95	0.347028	20.163
27.97	27.95	0.347044	20.258
27.97	27.95	0.347061	20.358
27.97	27.95	0.347078	20.462
27.97	27.95	0.347094	20.558
27.97	27.95	0.347111	20.658
27.97	27.95	0.347128	20.761
27.97	27.95	0.347144	20.858
27.97	27.95	0.347161	20.958
27.97	27.95	0.347178	21.059
27.97	27.95	0.347194	21.158
27.97	27.94	0.347211	21.258
27.97	27.94	0.347228	21.358
27.97	27.94	0.347244	21.459
27.94	27.94	0.347261	21.558
27.94	27.94	0.347278	21.658
27.94	27.94	0.347294	21.758
27.94	27.94	0.347311	21.858
27.94	27.94	0.347328	21.958
27.94	27.94	0.347344	22.058
27.94	27.94	0.347361	22.158
27.94	27.94	0.347378	22.258
27.94	27.94	0.347394	22.359
27.94	27.94	0.347411	22.458
27.94	27.93	0.347428	22.558
27.94	27.93	0.347444	22.658
27.94	27.93	0.347461	22.758
27.94	27.93	0.347478	22.858
27.94	27.93	0.347494	22.958
27.94	27.93	0.347511	23.058
27.94	27.93	0.347528	23.158
27.94	27.93	0.347544	23.259
27.94	27.92	0.347561	23.359
27.94	27.92	0.347578	23.459
27.94	27.92	0.347594	23.559
27.94	27.92	0.347611	23.659
27.94	27.92	0.347628	23.759
27.94	27.92	0.347644	23.859
27.94	27.91	0.347661	23.960
27.94	27.91	0.347678	24.059
27.94	27.91	0.347694	24.159
27.94	27.91	0.347711	24.259
27.92	27.91	0.347728	24.359
27.92	27.91	0.347744	24.459
27.92	27.90	0.347761	24.559
27.92	27.90	0.347778	24.659
27.92	27.90	0.347794	24.759
27.92	27.90	0.347811	24.860
27.92	27.90	0.347827	24.959
27.92	27.90	0.347844	25.059
27.92	27.89	0.347861	25.159
27.89	27.89	0.347877	25.259
27.89	27.89	0.347894	25.359
27.89	27.89	0.347911	25.459
27.89	27.89	0.347927	25.560
27.89	27.89	0.347944	25.659
27.89	27.88	0.347961	25.759
27.89	27.88	0.347977	25.859
27.89	27.88	0.347994	25.959
27.89	27.88	0.348011	26.059
27.86	27.88	0.348027	26.159
27.86	27.88	0.348044	26.259
27.86	27.87	0.348061	26.359
27.86	27.87	0.348077	26.483
27.86	27.87	0.348094	26.588
27.86	27.87	0.348111	26.683
27.86	27.87	0.348127	26.782
27.86	27.87	0.348144	26.887
27.86	27.86	0.348161	26.981
27.86	27.86	0.348177	27.081
27.86	27.86	0.348194	27.185
27.86	27.86	0.348211	27.280
27.86	27.86	0.348227	27.379
27.86	27.86	0.348244	27.484
27.86	27.86	0.348261	27.579
27.86	27.86	0.348277	27.679
27.84	27.85	0.348294	27.784
27.84	27.85	0.348311	27.878
27.84	27.85	0.348327	27.977
27.84	27.85	0.348344	28.082
27.84	27.85	0.348361	28.177
27.84	27.85	0.348377	28.276
27.84	27.85	0.348394	28.381
27.84	27.85	0.348411	28.475
27.84	27.85	0.348427	28.575
27.84	27.85	0.348444	28.679
27.84	27.85	0.348461	28.774
27.84	27.84	0.348477	28.874
27.84	27.84	0.348494	28.979
27.84	27.84	0.348511	29.074
27.84	27.84	0.348527	29.174
27.84	27.84	0.348544	29.278
27.84	27.84	0.348561	29.372
27.84	27.84	0.348577	29.475
27.84	27.84	0.348594	29.576
27.84	27.84	0.348611	29.671
27.84	27.84	0.348627	29.775
27.84	27.84	0.348644	29.875
27.84	27.84	0.348660	29.970
27.84	27.84	0.348677	30.074
27.84	27.84	0.348694	30.174
27.84	27.84	0.348710	30.268
27.84	27.84	0.348727	30.373
27.84	27.84	0.348744	30.472
27.84	27.84	0.348760	30.567
27.84	27.84	0.348777	30.672
27.84	27.84	0.348794	30.771
27.84	27.85	0.348810	30.866
27.84	27.85	0.348827	30.970
27.84	27.85	0.348844	31.070
27.84	27.85	0.348860	31.164
27.84	27.85	0.348877	31.269
27.84	27.85	0.348894	31.365
27.84	27.85	0.348910	31.464
27.84	27.85	0.348927	31.569
27.84	27.85	0.348944	31.663
27.84	27.85	0.348960	31.763
27.84	27.86	0.348977	31.867
27.84	27.86	0.348994	31.962
27.84	27.86	0.349010	32.062
27.84	27.86	0.349027	32.166
27.84	27.86	0.349044	32.261
27.84	27.86	0.349060	32.360
27.84	27.86	0.349077	32.465
27.84	27.87	0.349094	32.560
27.84	27.87	0.349110	32.660
27.86	27.87	0.349127	32.763
27.86	27.87	0.349144	32.860
27.86	27.87	0.349160	32.961
27.86	27.88	0.349177	33.062
27.86	27.88	0.349194	33.160
27.86	27.88	0.349210	33.260
27.86	27.88	0.349227	33.362
27.86	27.89	0.349244	33.460
27.86	27.89	0.349260	33.560
27.86	27.89	0.349277	33.661
27.89	27.89	0.349294	33.760
27.89	27.90	0.349310	33.860
27.89	27.90	0.349327	33.960
27.89	27.90	0.349344	34.060
27.89	27.90	0.349360	34.160
27.89	27.91	0.349377	34.260
27.89	27.91	0.349394	34.360
27.89	27.91	0.349410	34.460
27.89	27.91	0.349427	34.561
27.89	27.92	0.349444	34.660
27.92	27.92	0.349460	34.760
27.92	27.92	0.349477	34.861
27.92	27.93	0.349493	34.961
27.92	27.93	0.349510	35.061
27.92	27.93	0.349527	35.161
27.92	27.94	0.349543	35.261
27.92	27.94	0.349560	35.361
27.92	27.94	0.349577	35.462
27.94	27.95	0.349593	35.561
27.94	27.95	0.349610	35.661
27.94	27.95	0.349627	35.761
27.94	27.96	0.349643	35.861
27.94	27.96	0.349660	35.961
27.94	27.96	0.349677	36.061
27.94	27.97	0.349693	36.162
27.94	27.97	0.349710	36.261
27.97	27.97	0.349727	36.361
27.97	27.98	0.349743	36.461
27.97	27.98	0.349760	36.561
27.97	27.98	0.349777	36.661
27.97	27.99	0.349793	36.761
27.97	27.99	0.349810	36.861
27.99	27.99	0.349827	36.961
27.99	28.00	0.349843	37.062
27.99	28.00	0.349860	37.161
