3589.15,3033.708,3048,3117.96,3568.44,2869.964,2675.264,2694.311,2964.438,3351.143,3173.65,3348.25,3228.572,2718.167,2691.357,2775.442,3040.054,2670.4,2904.917,2651
3585.75,3031.542,3041.467,3094.84,3515.36,2846.322,2662.361,2678.909,2940.438,3310.643,3177.05,3354.833,3182.553,2696.792,2684.143,2750.769,3005.582,2687,2882.833,2636.2
3549.3,2982.708,3024.3,3102.08,3500.32,2844.25,2647.681,2669.606,2917.938,3306.857,3126.75,3323.667,3167.143,2691.125,2691.607,2730.885,3000.709,2683.04,2855.833,2640.3
3568.3,2995.542,3017.8,3089.64,3471.72,2834.072,2640.778,2666.447,2955.312,3311.286,3150.7,3299.667,3153.697,2693.292,2681.714,2731.596,2993.6,2657.96,2833.833,2634.3
3544.8,3010.667,3018.5,3096.4,3485.88,2855.143,2646.806,2660.076,2939.188,3280.928,3158.7,3301.833,3159.893,2683.083,2658.714,2732.308,2997.418,2652.48,2889.083,2651.45
3570.55,3020.458,3033.6,3083.12,3490.16,2836.643,2651.444,2664.25,2925.812,3305.572,3130.25,3297.083,3151.928,2677.792,2668,2718,2992.073,2658.28,2856.833,2671.7
3568.05,3008.292,3028.233,3101.64,3504.2,2830.107,2652.639,2662.03,2921.062,3281.286,3148.1,3300.792,3166.803,2675.208,2677.928,2718.981,2991.564,2667.12,2864.167,2663.2
3601.95,3003.792,3029.833,3104.4,3479.92,2846.25,2641.806,2664.515,2945.062,3274.036,3134.35,3277.333,3153.411,2684.333,2679.822,2722.039,2976.364,2651.84,2882.833,2669.3
3612,2995.25,3031.2,3105.08,3455.64,2821.5,2638,2659.652,2927.812,3264.107,3149.15,3286.917,3146.482,2681.375,2689.428,2711.692,2980.2,2655.92,2830.167,2649.15
3553.1,2975.167,3045.533,3077.72,3472.32,2848.214,2648.611,2659.159,2912.562,3295.964,3126.55,3285.083,3134.893,2661.917,2680.107,2726.711,2986.018,2658.8,2837.333,2643.1
3568.1,2987.458,3046.133,3075.08,3486.24,2826.286,2648.208,2665.439,2922.438,3278.714,3111.95,3275.208,3151.107,2672.5,2655.357,2713.577,2991,2661.92,2853.083,2661.35
3551.75,3008.625,3057.033,3080.16,3457.8,2823.5,2646.375,2659.614,2925.75,3239.143,3130.25,3280.792,3150.125,2673.042,2682.428,2716.019,2976.436,2669.2,2853,2639.55
3549.15,3001.583,3059.633,3078.8,3463.8,2833.893,2648.292,2657.25,2925,3274.464,3096.15,3252.042,3134.375,2680.5,2657.822,2709.519,2968.091,2650.88,2884.417,2639.65
3580.9,2996.542,3030.633,3068,3461.24,2826.036,2652.181,2663.083,2930.75,3266.393,3151.15,3267.792,3143.447,2681.75,2664.428,2729.327,2979.382,2657.84,2835.917,2652.85
3588.15,2990.375,3061.933,3048.48,3449.28,2824.643,2649.264,2654.295,2925.5,3269.714,3112.15,3247.417,3157.839,2672.708,2673.072,2730.019,2980.491,2646.28,2819.917,2630.3
3568.4,3004.292,3058.533,3065.2,3459.36,2820.822,2649.778,2663.629,2916,3253.428,3106.55,3253.25,3147.536,2675.5,2658.322,2725.115,2991.236,2650.44,2825,2660.2
3577.25,3001.25,3044,3086.24,3431.56,2827.857,2643.764,2667.614,2924.312,3260.536,3121.85,3276.875,3135.822,2664.917,2658,2726.673,2979.618,2640.24,2840.417,2656
3562.4,2982.583,3058.067,3085.28,3471.56,2817.572,2647.542,2667.348,2922.75,3274.928,3112.8,3272.417,3154.464,2661.167,2651.928,2718.481,2977.673,2649,2825.583,2655.55
3579.75,2988.792,3047.3,3082.28,3443.24,2831.572,2632.708,2654.644,2916.125,3259.072,3123.75,3282.625,3142.857,2665.583,2666.143,2722.25,2984.545,2647.08,2859.167,2679
3596.4,2989.167,3078.833,3092.36,3466.2,2810.822,2651.069,2658.947,2915.125,3284.572,3124.1,3293.417,3141.197,2687.167,2661.893,2723.173,2986.164,2653.56,2883.5,2672.85
3547.25,2966.958,3073.467,3077.12,3473.56,2835.75,2646.444,2655.303,2903.75,3292.322,3123.15,3301.083,3143.732,2644.708,2662.5,2727.154,2980.491,2652.32,2855.167,2700.4
3571.9,2997.667,3085.367,3093.04,3481.4,2841.893,2647.167,2655.462,2899.438,3272.822,3139.2,3305.208,3144.447,2654.5,2678.572,2727.808,2985.455,2666.28,2843.417,2695.3
3579.4,2984.792,3100.033,3069.76,3476.28,2821.178,2639.75,2648.576,2910.75,3278.893,3134.45,3311.583,3128.411,2669.458,2650.572,2715.25,2986.582,2659.24,2936.417,2729.25
3569,2998.583,3121.867,3087.48,3475.2,2826.572,2632.444,2652.864,2952.438,3279.786,3149.65,3307.75,3138.161,2651.875,2646.357,2718.961,2987.818,2669.2,2925.583,2740.45
3596.05,2981.917,3113.467,3095.6,3485.76,2815,2637.875,2655.485,2909.625,3270.393,3119.25,3301.75,3138.072,2662.417,2650.822,2732.365,3006.164,2662.08,2942.083,2724.05
3581.15,2968.75,3123.867,3105.92,3486.8,2838,2641.764,2653.583,2929.938,3275.107,3163.05,3311.625,3131.482,2662.833,2655.464,2723.577,2998.018,2672.36,2943.75,2752.2
3589.8,3008.75,3153.733,3078.96,3500.52,2839.536,2620.986,2649.258,2922.125,3258.572,3152.5,3309.083,3150.572,2654.875,2652.857,2726.673,3000.164,2673.08,2935,2741.95
3574.65,3008.167,3151.933,3093.92,3489.56,2838.178,2634.069,2647.152,2915.75,3274.178,3149,3334.833,3136.75,2653.583,2630.75,2732.173,2990.109,2660.68,2920.833,2722.1
3582,2982.208,3131.633,3096.4,3496.76,2845.678,2639.597,2656.909,2903.062,3290.286,3162.25,3282.125,3129.482,2661.5,2662.572,2741.481,3003.491,2663.64,2951.667,2736.45
3568.45,3002.333,3145.033,3092.68,3487.8,2828.822,2643.125,2656.523,2909.75,3261.678,3141.85,3291.417,3140.053,2649.333,2651.072,2730.077,2992.382,2659.2,2921.25,2742.75
3569.75,3004.875,3149.633,3098.12,3465.76,2829.178,2638.639,2651.129,2926.188,3283.143,3147.4,3326.458,3142.375,2657.375,2657.357,2722.289,2988.436,2657.16,2931.5,2754.85
3568.85,2993.583,3141.5,3095.4,3484.6,2829.714,2637.208,2648.758,2925.312,3291.5,3173.1,3311.542,3149.178,2645.25,2638.643,2739.058,2990.236,2676.16,2896.417,2729.1
3564.05,2997.208,3142.433,3099.16,3461.88,2834.643,2643.014,2650.742,2945.562,3292.286,3146.5,3306.5,3143.678,2643.833,2650.107,2714.942,2988.091,2659.68,2899.583,2721.8
3591.55,2981.625,3129.267,3092.36,3478.92,2839.464,2632.889,2650.462,2937.875,3273.714,3133.5,3298.917,3138.197,2655.75,2655.357,2719.769,2979.109,2666.84,2890,2710.15
3557,2994.792,3139.7,3067.08,3464.32,2843.107,2636.694,2653.735,2912.438,3277.607,3137.3,3276.833,3135.572,2649.458,2640.286,2720.769,2988.309,2668.56,2876.25,2727.8
3552.75,2975.875,3135.967,3118.84,3468.08,2828.107,2639.125,2651.598,2915.125,3253,3128.85,3292.208,3128.75,2640.167,2655.822,2715.058,2992.455,2669.32,2894.083,2724.8
3552.95,2967.042,3121.5,3099.76,3454.12,2824.857,2641.736,2646.379,2910.125,3275.25,3116.8,3274.667,3127.661,2638.292,2654.75,2714.731,2988.564,2663.4,2846,2694.8
3572.75,2968.667,3124.567,3089.08,3458.52,2839.464,2637.75,2648.242,2883.188,3263,3136.8,3274.458,3128.661,2638.5,2657.393,2721.5,2978.836,2673.72,2882.75,2711.3
3557,2986.083,3151.9,3069.36,3435.36,2835.714,2633.486,2646.333,2937.312,3278.393,3119.75,3260.417,3128.714,2649.5,2632.607,2718.808,2979.527,2663.36,2884.333,2719.7
3590.65,2978.667,3135.733,3100.44,3488.8,2821.893,2634.931,2646.477,2910.625,3266.464,3100.5,3279.042,3138.839,2625.792,2656,2723.961,2988.982,2659.16,2884,2743.9
3600.6,2971.792,3131.133,3080.08,3485.2,2839.072,2633.917,2643.674,2913.688,3252.714,3148.4,3282.042,3116.161,2638.875,2640.036,2718.461,2992.018,2663.16,2878.667,2711
3562.65,2984.042,3143.867,3080.16,3456.36,2811.964,2627.097,2642.659,2898.5,3254.214,3123.7,3282.625,3111.572,2636.917,2653.214,2722.904,2991.982,2654.12,2907.083,2723.85
3562.4,2978.708,3112.8,3074.12,3450.32,2829.25,2644.472,2640.97,2890.062,3264.464,3137.95,3290.958,3119.25,2641.167,2632.357,2712.519,2986.309,2663.76,2908.833,2708.4
3577.9,2987.958,3134.367,3078.96,3480.24,2817.893,2639,2639.742,2908.312,3272.393,3129.35,3278.375,3123.232,2640.542,2639.178,2720.865,2985.236,2670.64,2906.583,2718.7
3578.5,2984.875,3142.667,3097.68,3458.88,2830.714,2637.75,2645.621,2927.375,3276.5,3109.25,3264.208,3123.714,2643.333,2621.786,2728.365,2970.146,2653.72,2910,2728.95
3573.65,2989.292,3124.2,3072.2,3466.48,2806.393,2628.333,2643.045,2916.625,3245.393,3126.15,3267.333,3118.768,2629.667,2652.178,2730.077,2981.364,2644.52,2923,2737.6
3595.4,2964.542,3128.233,3066.72,3459.76,2825.893,2635.736,2644.659,2903.25,3274.5,3112.45,3285.542,3128.036,2647.875,2631.75,2719.654,2989.182,2671.12,2904.833,2716.55
3593.55,2960.917,3125,3084.04,3444.28,2814.464,2635.931,2642.788,2905.188,3269.393,3101.4,3271.417,3123.089,2617.875,2632.357,2725.789,2968.073,2660.52,2900.25,2705.55
3590.05,2974.292,3136.8,3071.2,3468.48,2810.964,2630.292,2646.727,2934.188,3244.428,3097.5,3260.208,3116.339,2637.5,2628.536,2714.923,2978.309,2656.28,2888.833,2703.15
3582.1,2979.333,3144.767,3069.04,3442.28,2817.178,2651.833,2639.152,2916.812,3228.072,3125.6,3258.5,3115,2639.333,2636.786,2716.481,2973.982,2667.44,2896.75,2699.8
3584.7,2978.333,3102.033,3080.52,3432.2,2823.143,2637.375,2641.212,2900.688,3252.25,3105.4,3278.5,3108.232,2639.375,2634.5,2712.154,2983.782,2643.52,2887.583,2719.2
3570.7,2961.708,3109.067,3061.88,3448.48,2831.072,2636.625,2636.629,2926.75,3260.678,3120.15,3248.708,3106.875,2634.458,2631.643,2727.327,2968.4,2659.72,2897.417,2716.25
3558.7,2956.542,3109.1,3066.12,3425.32,2843.928,2643.486,2633.008,2886.188,3232.928,3132.1,3255.333,3106.714,2633.5,2637.143,2704.115,2962.291,2654.88,2885.667,2697.4
3553.15,2963.708,3136.833,3091.52,3440,2817.214,2652.889,2642.394,2919.875,3249.428,3119.35,3248.917,3106.089,2628.458,2640.143,2701.096,2975.309,2655.48,2920.417,2711.9
3551.8,2979,3100.333,3066.2,3410.84,2833.143,2639.417,2639.811,2913.75,3237.607,3127.15,3253.125,3135.875,2625,2641.572,2709.5,2976.691,2663.96,2934.75,2716.95
3573.65,2984.042,3113.3,3059.56,3443.24,2818.928,2647.431,2633.167,2906.938,3255.893,3124.9,3264.417,3110.268,2621.042,2634.178,2706.673,2961.182,2645.92,2921.75,2691.55
3570.9,2956.667,3117.7,3067.16,3422,2823,2652.681,2651.03,2904.875,3248.25,3112.75,3250.875,3121.857,2629.417,2632.393,2702.673,2977.091,2659.36,2908.417,2678.9
3554.4,2973.667,3124,3073.16,3438.4,2824.357,2620.5,2649.432,2895.75,3241.178,3110.15,3266.75,3107.911,2624,2654.178,2715.673,2972.564,2654.88,2914.083,2705.6
3560,2976.75,3130.3,3073.52,3430.48,2826.607,2632.903,2645.265,2902.688,3254.893,3119.2,3252.333,3100.072,2618.292,2620.393,2704.461,2972.018,2668,2891.167,2689.8
3568.6,2956.667,3115.5,3069.48,3419.12,2821.786,2633.986,2637.598,2912.625,3256.322,3097.35,3246.375,3124.607,2639.125,2655.428,2715.539,2974.964,2662.24,2912.167,2690.2
3570.95,2996.458,3117.6,3084.84,3423.88,2836.25,2644.931,2638.864,2911.062,3242.464,3133.65,3275.875,3104.803,2651.625,2632.178,2718.519,2959.982,2669.64,2893.167,2694.15
3573.2,2965.708,3117.033,3061.72,3422.96,2832.5,2622.236,2639.583,2880.688,3238.322,3128.15,3265.333,3119.857,2637.292,2628.893,2704.942,2968.6,2648.84,2921.583,2717.45
3559.3,2987.708,3129.167,3068.8,3396.36,2834.143,2633.056,2634.023,2910.625,3248.036,3106.4,3248.708,3118.375,2630.917,2617.893,2709.923,2970.345,2665.44,2906.833,2690.2
3562.4,2966.958,3119.367,3043.68,3433.72,2826.786,2633.681,2640.886,2886.25,3235.5,3126.55,3257.917,3099.732,2629,2632.643,2705.904,2964.036,2663.92,2866.167,2708.55
3575.05,2965.167,3108.567,3038.2,3441,2824.036,2635.958,2647.273,2897.375,3242.036,3111.8,3253.917,3109.536,2612.458,2638.75,2718.577,2946.036,2661.28,2886,2702.45
3560.7,2948.292,3122.267,3072.76,3436.88,2810.536,2637.069,2642.015,2915.188,3251.072,3121.6,3270.5,3085.464,2612.375,2641.928,2712.346,2969.091,2659.16,2904.583,2689.25
3556.1,2952.875,3131.3,3084.72,3426.24,2819.786,2637.639,2643.591,2867.688,3244,3105.25,3241.75,3100.393,2615.875,2636.964,2706.846,2950.018,2668.36,2875.917,2719.8
3540.95,2962.417,3118.7,3079.36,3437.12,2815.214,2622.111,2635.5,2880.625,3244.393,3104.95,3259.958,3122.857,2618.625,2633.857,2714.923,2950.527,2657.44,2900.75,2694.35
3575.35,2961.583,3131.233,3053.88,3413.84,2831.607,2650.75,2639.106,2906.375,3249.072,3098.15,3244.667,3110.803,2619.208,2632.964,2705.077,2958.018,2651.64,2878.25,2700.9
3557.6,2972.708,3114.2,3069.4,3396.28,2818.786,2632.931,2637.258,2914.875,3236.214,3096.1,3247.375,3105.589,2613.208,2632.714,2709.673,2958.109,2665.68,2888.833,2698.7
3559.25,2959.75,3125.233,3076.56,3417.76,2815.786,2645.347,2641.348,2890.625,3233.428,3099.85,3260.042,3100.857,2622.917,2627.786,2710.192,2960.418,2649.12,2890.5,2713.9
3527.9,2960.667,3108.567,3048.8,3416.68,2822,2637.083,2644.492,2916.938,3243.214,3108.9,3243.917,3101.464,2631.292,2636.822,2715.654,2950.273,2655.08,2867.25,2675.8
3565.25,2974.125,3115.233,3066.64,3404.76,2825.678,2638.556,2642.538,2891.438,3244.178,3096.65,3248.875,3093.428,2609.833,2634.322,2704.481,2952.782,2657.24,2893.583,2706.85
3550.1,2959.833,3122.3,3045.88,3401.08,2808.143,2626.847,2630.114,2880.938,3222.143,3084.65,3260.083,3108.768,2626.375,2644.036,2706.423,2966.946,2659.92,2879.583,2684.45
3534.95,2981.125,3120.367,3056.16,3424.64,2822.214,2635.444,2647.008,2904.25,3226.893,3089.15,3256.958,3097.572,2615.375,2629.928,2711.885,2958.818,2677.72,2898.333,2706.6
3553.95,2987.292,3120.967,3051.92,3411.56,2802.072,2640,2631.144,2908.5,3235.928,3099.35,3248.375,3115.357,2621.458,2632.536,2718.154,2955.636,2686.4,2862.25,2708.85
3524.75,2961.625,3109.667,3053.48,3406.08,2815.143,2637.097,2634.265,2900.438,3243.357,3081.1,3255.458,3104.768,2618.917,2630.75,2702.173,2957.946,2655.8,2887.083,2684.85
3541.55,2963.792,3112.733,3064.76,3444.68,2796.75,2641.069,2636.727,2886.312,3240.857,3103.65,3261.458,3103.178,2618.917,2633.036,2715.019,2957.982,2661.44,2895.75,2703.05
3541.2,2968.208,3125.633,3049.72,3435.36,2826.5,2639.236,2635.614,2898.812,3250.464,3099.7,3267.833,3105.518,2600.625,2635.607,2708.615,2965.946,2656.8,2858,2703
3532.7,2953.708,3112.767,3041,3405.48,2827.322,2639.444,2639.341,2873.812,3227.536,3100.85,3242.583,3095.447,2624.042,2620.464,2710.058,2962.873,2674.2,2884.333,2692.05
3566.25,2961.208,3113.933,3033.96,3410.6,2812.857,2632.611,2635.455,2882.188,3228.572,3087.2,3250.167,3103.536,2622.25,2624.822,2704.961,2961.854,2644.36,2896.167,2694.5
3556.7,2941.708,3091.433,3047.52,3420.52,2826.928,2632.083,2634.939,2907.312,3237.393,3101.6,3245.583,3079.589,2616.458,2638.678,2717.577,2938.673,2678.4,2862.75,2708.55
3558,2943.667,3108.433,3064.76,3403.92,2809.893,2635.181,2636.886,2884.312,3226.036,3066.25,3239.833,3098.125,2631.917,2644.964,2719.635,2957.291,2665.72,2876.25,2712.9
3550.55,2975.333,3119.067,3046.4,3383.44,2819,2629.931,2633.455,2904.75,3231.428,3082.4,3233.292,3099.518,2630.25,2623.5,2703.308,2956.218,2645.28,2849.25,2690.1
3552.55,2963.292,3110.4,3061.2,3398.56,2821.786,2638.778,2636.636,2899.062,3221.678,3080.35,3234.583,3106.072,2619.375,2633.857,2704.192,2944.982,2664.24,2855.5,2695.35
3530.3,2952.708,3119,3053.52,3389.88,2806.643,2635.431,2638.417,2872.5,3222.428,3075.05,3211.042,3084.572,2616.875,2615.714,2694.289,2948.582,2648.32,2866.25,2705.05
3563.6,2944.583,3104.933,3046.88,3382.96,2808.464,2636.792,2634.409,2860.312,3214.178,3073.95,3244.208,3078.625,2609,2621,2694.481,2943.764,2667.6,2860.583,2665.65
3551.75,2967,3101.7,3042.4,3379.72,2821.928,2626.722,2631.492,2885.625,3196.928,3056.95,3234.875,3077.822,2608.042,2618.857,2710.346,2951.364,2672.36,2878.417,2682.7
3552.2,2986,3104.9,3033.48,3367.96,2819.143,2633.722,2629.841,2888.5,3201.322,3095.15,3244.417,3085.393,2606.833,2635.572,2697.827,2945.564,2666.08,2862.917,2680.55
3566.8,2964.292,3094.333,3040.12,3383.24,2835.107,2633.167,2627.182,2876.438,3210.393,3085.05,3233.083,3083.589,2613.167,2620.75,2693.519,2950.436,2653.32,2838.167,2690.35
3566.8,2963.292,3115.167,3031.72,3407.8,2799.143,2633.014,2634.788,2894.5,3213.464,3087.1,3238.667,3084.482,2604,2625.643,2702.154,2946.182,2642.92,2856.583,2681.1
3545.4,2944.5,3117.433,3053.4,3379.92,2825.572,2634.986,2641.523,2892.25,3223.428,3093.7,3234.958,3081.464,2601.708,2618.678,2701,2949.218,2654.44,2867.25,2684.2
3559.55,2933.417,3116.033,3035.56,3385.96,2821,2628.792,2635.659,2877.562,3214.714,3092.95,3223.417,3087.303,2607.667,2637.928,2697.308,2949.509,2653.76,2857.583,2703.15
3576.3,2936.833,3106.167,3048.08,3387.12,2800.214,2633.486,2631.28,2880.688,3202.178,3076.1,3240.458,3082,2611.25,2618.572,2691.981,2957.655,2662.12,2879.417,2693.5
3575.75,2974.583,3107.1,3051.4,3387.56,2812.357,2640.861,2639.894,2895.25,3204.643,3072.65,3220.375,3088.268,2603.25,2635.714,2711.827,2947.946,2670.96,2869.833,2699.1
3560.55,2971.292,3092.833,3052,3376.68,2818.322,2629.958,2629.447,2850.938,3213.857,3093.5,3204.333,3085.714,2614.042,2624.286,2706.808,2952.873,2641.32,2856.833,2692.45
3548.45,2949.708,3082.467,3055.68,3391.84,2820.036,2630.819,2638.629,2868.75,3220.322,3064.6,3216.375,3070.875,2593.333,2611.75,2693.231,2940.655,2668.2,2861.25,2705.15
3559.55,2958.042,3112.9,3034.24,3379.16,2802.572,2641.722,2636.932,2871.125,3218,3075.25,3203.75,3073.375,2613.625,2640.786,2701.346,2934.509,2659.88,2832.417,2683.05
3562.75,2949.667,3113.2,3036.8,3408.36,2802.214,2627.208,2635.091,2924.875,3222.572,3085.25,3223.583,3076.822,2618.792,2627.357,2701.231,2946.6,2654.12,2883.833,2705.65
3548.3,2946.458,3085.733,3017.6,3397.68,2813.572,2623.625,2640.182,2874.375,3216.178,3070.25,3214,3069.75,2614.125,2646.678,2695.365,2945.854,2650.16,2858,2679.75
3570,2941.917,3106.8,3026.76,3383.96,2798.143,2617.069,2632.03,2877.562,3203.572,3059.25,3216.458,3078.964,2600.083,2640.393,2702.25,2935.891,2666.92,2866,2668.65
3562.95,2947.125,3081.467,3016.88,3380.52,2810.464,2620.333,2640.091,2880.062,3207,3091.55,3219.083,3077.714,2606.917,2613.072,2703.442,2944.873,2649.76,2846.083,2695.35
3520.55,2956.542,3096.467,3042.52,3379.44,2819.714,2618.389,2635.902,2872.812,3204.464,3083.25,3219,3084.643,2593.75,2627.107,2700.673,2952.927,2660.44,2898.167,2690.45
3555.1,2939.625,3092.633,3030.28,3374.88,2812.5,2615.25,2635.045,2864.062,3179.75,3069.85,3211.042,3075.447,2614.208,2634.107,2686.692,2929.854,2642.92,2866.5,2704.75
3560.55,2941.792,3085.433,3049.2,3367.92,2807.072,2642.681,2635.689,2876.75,3204.25,3047.65,3217.167,3085.161,2597.083,2632.714,2700.846,2933.436,2639.08,2858.083,2679.55
3567.7,2947.333,3095.1,3020.36,3343.32,2797.572,2629.361,2631.477,2866.938,3186.322,3049.25,3195.75,3074.375,2613.167,2615.607,2695.461,2941.418,2656.48,2839.833,2692.65
3542.65,2922,3105.8,3025.04,3364.4,2806.786,2633.028,2639.045,2872.625,3192.714,3053.35,3209.5,3070.822,2612.042,2625.643,2691.096,2940.236,2663.36,2855.917,2696.85
3512.45,2929.792,3086.267,3025.88,3345.72,2806.143,2633.625,2630.5,2852.625,3181.322,3060.25,3194.333,3077.25,2605.208,2631.286,2695.192,2945.309,2648,2852.583,2693.05
3554.05,2946.083,3089.267,3027.08,3359.28,2800.964,2629.458,2634.992,2873.188,3203.214,3069.95,3215.375,3080.839,2614.917,2617.928,2688.269,2945.291,2659.52,2857.25,2695.35
3564.85,2945.083,3103.5,3013.6,3355.44,2826.25,2620.722,2637.409,2870.5,3210.893,3073.65,3210.333,3088.768,2605.875,2628.214,2691.519,2936.891,2661.44,2861,2704.15
3548.7,2943,3082.967,3020.72,3350.4,2791.286,2635.639,2633.477,2890.938,3197.893,3058.85,3219.792,3076.964,2599.208,2621.893,2695.75,2937.4,2656.04,2856,2687.95
3533.9,2962.542,3086,3047.6,3377.36,2796.178,2623.431,2631.394,2859.188,3192.678,3042.8,3187.917,3079.25,2622.25,2630.286,2690.423,2941.073,2656.64,2857.333,2688.8
3538.5,2958.833,3111.933,3011.48,3345,2803.75,2625.431,2640.576,2869.75,3197.214,3075.15,3208.917,3072.5,2601.708,2642.178,2688.539,2931.891,2643.32,2845.417,2692.2
3501.25,2922.792,3087.867,3028.64,3367.76,2819.072,2626.681,2629.053,2885.062,3177.822,3074.2,3193.875,3061.5,2599.792,2620.5,2708.558,2933.164,2664.04,2833.917,2696.95
3517.3,2930.917,3064.867,3038.72,3366.48,2822.5,2641.069,2630.795,2854.75,3192.857,3044.8,3208.375,3071.089,2611.167,2619.822,2705.077,2926.673,2660.92,2849.667,2679.95
3556,2927.083,3064.633,3029.36,3350.28,2810.25,2628.347,2632.045,2866.375,3204.75,3066.5,3203.375,3068.625,2600.125,2625.107,2694.519,2927.909,2656.36,2889.25,2695.3
3545.7,2942.833,3087.933,3035.04,3357.4,2785.357,2631.181,2637.008,2862.812,3195,3040.65,3201.625,3082.553,2600.625,2626.678,2693.077,2936.946,2663.72,2873.667,2701.3
3532.15,2955.667,3058.767,3025.72,3359.88,2800.393,2625.75,2627.803,2860.125,3199.214,3071,3190.875,3067.661,2610.5,2618.928,2693.404,2932.655,2666.92,2843.75,2689.8
3527,2949.167,3098.167,3014.6,3353.72,2811.357,2617.556,2629.886,2861,3190,3053.2,3196.625,3078.839,2605.042,2624.107,2688.173,2946.527,2652.96,2854,2695.2
3568,2936.167,3090.633,3036.88,3344.72,2803.75,2640.569,2628.788,2896.688,3188.786,3059.5,3223.125,3052.768,2597.542,2626.428,2699.096,2924.436,2658.2,2871.333,2682.4
3535.55,2937.458,3085.6,3026.56,3372.64,2817.786,2638.542,2638.485,2841.75,3192.5,3077.8,3185.458,3071.768,2599.083,2615.464,2699.596,2935,2644.08,2881.5,2704.75
3557.65,2940,3105.3,3020.76,3353.8,2797.964,2629.306,2632.386,2869.875,3181.786,3074.05,3222.542,3056.572,2590.25,2627.464,2692.019,2925.691,2673.24,2872.25,2692.2
3549.8,2936.583,3079.833,3029.32,3343.08,2793.643,2629.208,2620.318,2880.25,3188.036,3052.1,3186.375,3064.053,2612.375,2623.25,2688.942,2936.291,2668.56,2874,2691.65
3542.35,2943.625,3106.267,3038.76,3321.08,2811.143,2626.708,2630.242,2860.062,3188.036,3082.5,3184.25,3068.036,2603.667,2613.428,2705.904,2927.146,2658.16,2869.833,2687.15
3566.2,2923.75,3094.467,3022.24,3339.24,2793.25,2627.75,2620.955,2866.5,3186.143,3079.6,3213.917,3074.714,2596.042,2628.786,2691.596,2932.509,2649.28,2865.583,2706.15
3565.85,2934.125,3087.767,3023.76,3319,2797.857,2640.194,2636.364,2857.5,3203.036,3066,3198.792,3062.464,2579.458,2614.178,2693,2938.109,2663,2855.333,2678.1
3546.7,2928.75,3097.2,3011.32,3358.6,2799.322,2631.264,2632.402,2867.562,3186.072,3069,3208.208,3070.643,2607,2629.143,2690.635,2927.091,2671.24,2851.167,2695.7
3537.9,2953.75,3073.067,3023,3352,2797.572,2635.764,2631.962,2873.75,3180.286,3063.1,3206.333,3070.107,2616.208,2616.857,2689.039,2927.545,2646,2865,2700.95
3550,2921.667,3089.3,3035.32,3357.88,2790.5,2629.458,2630.28,2858.25,3191.607,3063.7,3197.167,3058.357,2612.333,2613.822,2692.75,2932.2,2641.48,2850.917,2668.7
3536.05,2940.625,3076.767,3017.48,3316.12,2800.714,2633.125,2623.477,2883.5,3216.643,3087.95,3193.375,3074.286,2617.75,2621.964,2698.808,2921.054,2657.68,2858.167,2687.95
3528.8,2930.375,3090.767,3011.32,3348.96,2809.393,2649.236,2630.455,2866.188,3194.107,3056.5,3215.917,3069.964,2607,2622.428,2702.135,2922.455,2673.88,2846.333,2681.85
3560.85,2924.167,3088.233,3042.56,3353.64,2804.536,2637.514,2630.258,2890.625,3195.357,3054.9,3185.792,3063.375,2594.917,2615.714,2692.711,2933.418,2677.2,2892,2684
3514.55,2927.833,3083.7,3025.92,3352.32,2808.607,2632.222,2624.523,2887.25,3178.964,3074,3186.917,3060.125,2594.333,2613.393,2694.115,2935.964,2649.64,2885.833,2664.2
3553.55,2936.667,3073.667,3021.2,3315,2802.678,2646.583,2632,2842.062,3181.107,3077.4,3203.917,3065.322,2561.542,2626,2682.981,2926.6,2665.48,2839.25,2678.55
3504.75,2949.625,3074.333,3018.12,3352.6,2794.536,2632.542,2629.455,2863.375,3190.464,3046.4,3201.5,3067.268,2616.833,2616.964,2696.442,2943.709,2653.08,2846.917,2694.35
3530.8,2939.042,3073.267,3036.36,3327.8,2814.072,2634.944,2622.636,2892.312,3164.928,3052.35,3181.958,3065.072,2598.417,2625.286,2699.654,2942.691,2646.72,2863.333,2686.55
3521.55,2956.417,3082.6,3009.44,3337.08,2787.393,2635.25,2627.129,2881.688,3180.036,3042.45,3198.25,3050.161,2604.167,2614.178,2691.692,2930.236,2647.16,2851.417,2689
3508.85,2929.375,3062.567,3028.8,3357.92,2786.786,2642.194,2625.303,2848.062,3182.678,3056.55,3182.375,3062.947,2619.25,2619.393,2700.711,2915.618,2674.36,2873.917,2684.65
3517.8,2935.208,3072.433,3021.2,3338.88,2820.036,2643.5,2632.212,2833.375,3173.107,3050.45,3205.792,3062.857,2599.167,2616.786,2681.269,2929.127,2661.52,2890.417,2674.2
3521.6,2931.792,3080.2,3003.8,3329.68,2791.357,2634.944,2620.333,2864.812,3177.643,3064.85,3205.292,3072.643,2608.833,2628.286,2687.154,2933.436,2657.12,2880.167,2690.45
3562.95,2941.75,3081.467,3011.32,3351.16,2825.072,2635.833,2629.636,2861.438,3155.928,3057.4,3203.917,3061.072,2598.208,2609.857,2685.615,2918.036,2668.28,2868.167,2709.25
3517.25,2945.25,3103.267,3036.32,3327.52,2794.964,2636.486,2632.826,2857.375,3157.964,3048.5,3222.833,3061.232,2613.417,2611.393,2696.327,2926.854,2657.96,2907.25,2703.3
3553.6,2924.875,3099.867,3015.12,3352.96,2795.25,2636.458,2622.485,2827.25,3180.393,3054.1,3221.125,3053.643,2580.625,2616.893,2694.75,2928.655,2649.64,2868.583,2710.95
3557.25,2932,3072.367,3024.68,3334.76,2803.143,2632.569,2619.826,2858,3185.393,3057.85,3170.333,3053.5,2624.042,2602.286,2703.558,2928.909,2664.52,2848.417,2689.75
3531.65,2928.375,3084.8,3020.12,3326.6,2811.5,2641.181,2620.515,2885.688,3186.322,3089.1,3182.708,3066.625,2604.708,2626.357,2682.635,2916.091,2637.24,2871.25,2698.85
3533.3,2932.292,3079.667,3033.28,3335.96,2795.143,2632.028,2627.591,2849,3191.322,3050.15,3182.208,3055.803,2608.583,2626.857,2690.904,2933.036,2656.8,2885.25,2706.5
3536.15,2924.75,3094.3,3038.2,3329.84,2804.75,2634.028,2627.03,2873.938,3191.857,3059.2,3199.75,3055.572,2602.583,2620.822,2682.077,2919.618,2654.2,2857.5,2668.8
3543.75,2939.458,3089.267,3013.64,3326.44,2790.964,2636.583,2622.682,2844.75,3206.893,3051.6,3194,3043.75,2623.958,2625.572,2682.289,2910.964,2637.88,2849.583,2696.85
3507.1,2909.208,3098.433,3016,3354.6,2804.786,2636.889,2622.841,2862.125,3171.178,3052.3,3177.125,3046.5,2597.333,2625.5,2702.442,2922.309,2649.88,2880.583,2711.75
3522.3,2942.042,3083.5,3043.64,3349.76,2794.178,2641.75,2620.833,2850.312,3191.036,3061.6,3177.667,3048.839,2623.75,2606.428,2695.673,2921.127,2651.44,2880.667,2689.75
3537.1,2935.5,3073.567,3030.16,3302.28,2814.036,2633.153,2623.598,2862.75,3189.572,3029.35,3183.042,3057.339,2614.833,2624.964,2688.058,2911.455,2641.24,2876,2702.05
3531.6,2941.875,3078.067,3005.12,3355.92,2802.928,2629.722,2618.909,2859.438,3176.607,3077.15,3160.125,3051.732,2608.042,2625.072,2684.75,2921.018,2649.68,2860.333,2703.25
3518.4,2914.958,3086.533,3012.12,3342.6,2816.964,2624.569,2628.598,2854.125,3183.714,3044.95,3189.125,3050.464,2599.417,2611.893,2685.385,2917.909,2649.92,2897.833,2691.05
3537.65,2919.708,3078.667,3009.88,3330.24,2805.5,2633.944,2624.364,2821.625,3184.607,3066.05,3186.667,3053.357,2614.042,2631.428,2686.135,2918.327,2659.44,2884.5,2687.4
3537.75,2917.375,3080.467,3015.64,3332.48,2779.857,2643.472,2618.606,2888.562,3179.857,3041.7,3152.917,3060.911,2602.958,2618.428,2696.058,2925,2649.52,2894.583,2668.65
3533.75,2927.25,3087.267,3001.8,3331.08,2791.322,2644.764,2629.409,2847.5,3167.178,3031.7,3172.125,3038.607,2626.583,2634.714,2682.75,2909.164,2648,2865.5,2681.7
3517.3,2934.417,3099.2,3011.8,3282.84,2784.036,2646.556,2621.394,2848.125,3179.822,3049,3182.917,3056.607,2610.792,2624.5,2682.711,2913.418,2646.6,2905.083,2680.6
3541.7,2937.375,3102.133,3009.4,3352.12,2778.678,2646.528,2624.061,2877.5,3170.25,3040.5,3186.417,3039,2616.667,2617.964,2695.846,2915.036,2647.08,2896.083,2691.95
3520.15,2923.625,3093.467,3004.52,3324.56,2790.357,2640.417,2624.788,2884.438,3169.107,3026.45,3154.125,3029.572,2627.583,2611.214,2680,2912.073,2655.8,2879.833,2682.4
3565.2,2935.5,3088.3,3033.44,3313.16,2784.643,2633.861,2617.159,2867.188,3170.786,3045.4,3178.917,3045.822,2620.208,2615.714,2690.269,2919.2,2650.6,2884.167,2703
3576.45,2923.875,3123.1,2995.64,3320.96,2794.036,2644.847,2627.447,2851,3176.893,3041.8,3170.5,3035.053,2605.25,2605.464,2687.404,2914.345,2636.96,2866.417,2696.2
3547.35,2932.667,3114.7,3015.32,3325.76,2796.5,2637.194,2618.636,2870.125,3169.536,3045.5,3164.583,3056.232,2630.208,2605.428,2700.519,2916.164,2665.24,2908.75,2708.65
3533.3,2940.875,3112.633,3037.12,3315.36,2816.178,2641.931,2615.742,2868.375,3177.714,3044.6,3173.708,3051.053,2596.167,2624.214,2697.865,2924.164,2646.88,2897.583,2674.2
3523.6,2931.292,3126.167,3032.76,3372,2819.25,2649.319,2622.462,2857.938,3177.643,3033.65,3176.875,3044.661,2604.958,2612.357,2694.827,2912.6,2635.32,2881.417,2692.65
3536.65,2919.375,3116.067,3023,3322.4,2814.25,2648.375,2618.417,2854.938,3164.643,3047.85,3182.208,3049.803,2630.875,2618,2689.711,2910.636,2634.96,2896.833,2708.65
3547.75,2927.875,3127.667,2997.36,3351.48,2796.786,2642.458,2622.545,2859,3179.393,3069.85,3172.167,3041.5,2622.042,2602.928,2691.692,2923.564,2651.8,2884.25,2716.05
3545.45,2919.292,3129.567,3006.64,3358.28,2808.822,2640.819,2619.462,2855.938,3201.322,3040.8,3195.125,3033.322,2636.708,2628.428,2680.865,2906.709,2666.24,2854.167,2709.3
3520.9,2933.583,3096.4,3014.56,3331.4,2801.607,2637.944,2619.75,2856.625,3180.072,3047.3,3190.333,3052.75,2616.792,2607.607,2683.173,2917.255,2653.36,2879.333,2693.45
3543.35,2927.292,3113.433,3021.24,3321.16,2812.928,2642.986,2624.72,2849.75,3180.928,3069.15,3173.583,3032.339,2628.375,2628.643,2689.865,2918.091,2634.32,2881.25,2698.45
3564.85,2924.458,3110.133,2994.72,3307.16,2788.5,2632.569,2622.098,2847.375,3170.964,3049.75,3165,3052.982,2620.792,2622.036,2692.269,2907.4,2660.56,2878.75,2691
3554.15,2893.167,3120.533,3015.6,3323.4,2789.607,2642.097,2621.008,2847.312,3166.143,3036.85,3173.542,3034.107,2632.292,2624,2691.289,2925.036,2643.72,2895.917,2693.95
3530.45,2926.417,3111.633,3025.52,3329.16,2796.678,2637.778,2618.841,2840.5,3170.322,3039.8,3167.167,3046.875,2611.833,2618.786,2683.25,2919,2667.76,2898.333,2708.95
3530.5,2951.5,3102.5,3022.52,3334.8,2804.786,2652.347,2626.5,2868.188,3177.572,3038.05,3180.958,3049.839,2624.75,2626.536,2694.211,2916,2652.52,2886.833,2714.3
3541.65,2911.375,3117.7,3006.8,3340.92,2789.893,2643.292,2624.689,2870.938,3176.536,3038.45,3198.5,3036.875,2616.708,2631.572,2694.923,2909.054,2646.12,2883.083,2690.15
3528.35,2920.958,3112.633,3005.04,3319.76,2808.25,2645.042,2624.871,2838.812,3187.036,3030.15,3179.875,3050.107,2629.167,2610.357,2696.711,2915.745,2646.68,2904.583,2704.95
3542.65,2918.458,3114.067,3011.24,3312.64,2805.428,2657.153,2616.568,2850.5,3171.822,3061.35,3160.667,3050.875,2617.75,2617.072,2681.885,2903.218,2648.12,2905,2708.65
3502.45,2911.583,3107.067,2996.44,3300.32,2795.357,2657.917,2613.311,2883,3162.393,3062.55,3188.833,3045.661,2629.875,2634.25,2687.115,2901.764,2651.08,2892.75,2675.05
3528.6,2930.208,3117.1,2984.76,3318.84,2806.893,2654.042,2613.462,2870.25,3165.536,3014.45,3188.292,3040.875,2623.417,2618,2689.481,2905.891,2643.68,2895.833,2680.1
3528.2,2905.083,3109.667,3021.48,3289.36,2798.893,2654.278,2619.303,2875.5,3166.643,3046.7,3199.25,3045.411,2610.333,2604.893,2685.442,2905.509,2641.2,2880.917,2695.25
3516.9,2926.083,3111.033,3022.2,3321.84,2809.536,2654.792,2609.848,2845.062,3161.25,3027.1,3131.125,3040.053,2608.708,2613.322,2671.75,2890.418,2637.4,2846,2701.5
3503.35,2907.667,3103.2,3003.24,3322.32,2802.714,2657.889,2620.576,2855.75,3172.643,3029.65,3160.042,3046.089,2629.333,2623.428,2685.904,2906.745,2646.64,2858.167,2686.35
3534.25,2930.875,3094.3,2992.6,3302.96,2795.678,2663.736,2611.076,2846.938,3137.607,3040.25,3166.708,3038.589,2623.417,2625.857,2683.711,2912.854,2648.12,2869.667,2693.8
3528.5,2908.667,3125.2,3000.6,3334.52,2783.322,2649.778,2619.5,2876.75,3149.428,3029.85,3150.208,3059.643,2620.125,2619.928,2681.25,2889.382,2650.44,2852.833,2684.45
3522.05,2916.708,3098.867,3031.64,3304.4,2793.964,2664.208,2627.106,2842.062,3163.393,3036,3157.125,3033.714,2629.875,2621.143,2667.731,2912.036,2654.2,2844.083,2698.15
3571.2,2939.75,3113.5,3009.48,3334.08,2783.036,2662.181,2614.386,2880.312,3152.25,3087.1,3170.292,3056.161,2624.917,2629,2681.731,2895.582,2626.72,2855.083,2711.95
3556.05,2914.5,3105.567,3012.32,3316.56,2793.5,2662,2621.788,2886,3173.572,3048.95,3174.042,3037.839,2620.958,2625.428,2688.885,2910.309,2652.92,2895.083,2688.85
3551.4,2918.917,3088.7,3001.6,3318.92,2819.143,2654.75,2613.045,2830.125,3171.286,3041.95,3182.458,3036.661,2631.417,2622.607,2682.192,2899.091,2646.24,2865.25,2691.75
3540.15,2932.833,3120.7,3028.8,3293,2814.357,2660.847,2616.553,2837,3184.072,3026.75,3156.333,3042.375,2646.792,2623,2683.596,2921.818,2644.12,2892.25,2705.75
3521.5,2922.625,3131.267,2997.36,3319.52,2809.214,2660.806,2623.5,2852.875,3157.072,3068.15,3163.208,3039.161,2621.333,2605.143,2681.75,2900.309,2642.36,2897.25,2694.35
3531.85,2905,3116.767,3028.8,3307.16,2811.25,2652.222,2612.652,2855.5,3182.786,3050.9,3166.208,3055.393,2629.75,2625.857,2687.231,2899.655,2629.8,2887.25,2680.1
3527.7,2902.833,3110.2,3013.36,3298.76,2797,2652.278,2619.508,2840.375,3146.607,3061.15,3160.25,3022.678,2617.167,2622,2673.404,2902.091,2655.48,2860.833,2684.3
3525.4,2921.042,3088.633,3017.2,3282.76,2810.428,2660.861,2615.871,2850,3154.464,3054.6,3167.292,3046.697,2621.167,2612.286,2679.981,2895.182,2661.44,2884.667,2693.8
3532.3,2915.625,3117.6,2990.12,3316.44,2800.822,2664.972,2618.568,2874.438,3164.036,3033.3,3193.792,3033.339,2626.458,2624.857,2677.269,2901.655,2638.76,2879.083,2699
3521.4,2931.042,3097.467,2999.68,3309.84,2793.428,2652.333,2619.886,2868.938,3161.393,3021.8,3165.917,3051.072,2615.292,2623.036,2691.25,2905.273,2657.4,2891.75,2669.75
3502.95,2919.458,3106.067,3003.04,3313.8,2812.822,2660.542,2617.712,2856.25,3145.928,3031.55,3192.792,3046.803,2617.5,2609.428,2676.865,2900.255,2659.68,2870.917,2696.3
3527.9,2899.083,3089.4,3013.88,3311.72,2799.572,2661.222,2615.614,2853.625,3160.572,3046.95,3169.292,3028.214,2622.083,2612.178,2669.481,2898.709,2646.76,2873.083,2706.45
3526.6,2912.125,3092.133,3002.88,3295.32,2791.893,2662.542,2613.189,2834.875,3169.072,3043.9,3173.833,3045.964,2641.292,2627.5,2684.769,2895.2,2647.44,2917.417,2694
3525.95,2914.708,3101.833,3004.08,3283.12,2786.143,2662.375,2619.424,2854.125,3151.786,3029.4,3202.917,3040.911,2617.958,2632.5,2682.211,2894.709,2650.12,2887.167,2706.95
3517,2911.667,3115.767,3025.28,3313.52,2809.643,2644,2620.477,2837.562,3175.036,3043.3,3169.208,3032.5,2623.458,2622.714,2686.923,2893.218,2657.56,2889.25,2698.8
3534.9,2919.958,3103.233,3020.24,3288.52,2795.928,2656.889,2612.083,2867.688,3171.857,3049.95,3190.708,3040.339,2631.75,2614.714,2669.308,2898.473,2659.84,2887.583,2715.35
3527.55,2926.958,3083.667,3011.24,3316.28,2815.536,2661.403,2616.841,2841,3152.214,3043.15,3158.5,3035.786,2634.917,2626.928,2686.154,2895.909,2637.72,2865.917,2682.45
3554.4,2888.5,3088.867,3024.16,3291.24,2803.5,2657.986,2615.614,2835.625,3161.964,3021.85,3149.458,3037.786,2634.958,2627.107,2682.25,2900.309,2642.56,2868.417,2688.1
3537.2,2932.167,3091.9,3004.52,3278.08,2809.572,2663.931,2618.462,2866.125,3143.5,3016.45,3171.875,3038.928,2631.167,2612.25,2679.942,2891.436,2650.96,2877.833,2683.95
3541.4,2905.208,3103.6,3002.96,3314.52,2816.893,2663.319,2618.508,2833.625,3153.822,3024.5,3187,3045.661,2622.417,2623.607,2686.461,2892.727,2631.48,2854.083,2681.8
3529.05,2903.042,3086.067,2985.36,3290.92,2809.714,2655.417,2610.371,2855.062,3154.786,3039.25,3158.375,3031.357,2639.875,2631.714,2681.346,2894.236,2650.36,2878.833,2685.65
3555.25,2930.875,3075.133,2998.56,3286.96,2791,2657.986,2620.667,2826.625,3159.607,3032.8,3177.042,3038.714,2638,2621.322,2680.019,2908.091,2637.92,2845.083,2654.95
3520.25,2920.167,3092,2994.52,3297.76,2811.143,2667.875,2615.977,2836.25,3125.572,3017.15,3169.375,3041.714,2629.208,2617.572,2675.539,2901.455,2646.36,2876.583,2686.75
3536.95,2933.5,3111.733,3009.28,3280.8,2812.286,2666.167,2610.841,2848.562,3159.25,3024.5,3166.333,3036.982,2622.458,2618.536,2688.654,2903.345,2658.32,2869,2673.15
3541.8,2920.208,3097.333,3002.88,3279.76,2810.107,2665.736,2614.909,2836.688,3159.5,3020.9,3168.917,3028.893,2639.917,2615.464,2673.885,2893.727,2647.12,2885.5,2690.6
3531.95,2919.042,3086.8,3019.2,3294.32,2792.572,2665.097,2618.606,2854.125,3155.107,3008.05,3188.792,3054.232,2636.125,2603.857,2667.731,2891.036,2642.68,2899.333,2669.4
3494,2937.833,3090.4,3022.56,3300.48,2788.786,2664.889,2617.258,2861.688,3135.286,3023.3,3165.083,3038.839,2640.792,2602.964,2678.654,2883.473,2644.56,2883.333,2678.45
3514.3,2896.917,3091.467,3001.92,3274.56,2803.464,2662.167,2614.727,2845.375,3149.786,3010,3187.375,3052.072,2626.375,2609.428,2676,2881.054,2655.76,2889.917,2698.45
3525.65,2920.042,3096.7,3016.4,3278.72,2814.714,2663.333,2612.962,2836.562,3148.536,3015.85,3191.042,3040.428,2631,2604.5,2686.596,2891.182,2645.52,2859,2691.3
3509.95,2919.458,3072.5,3013.12,3280.4,2800.822,2656.125,2613.674,2870.562,3137.714,3032.35,3185.083,3045.643,2634.75,2617.178,2687.539,2889.836,2646.88,2846.917,2678.85
3526.85,2893.583,3092.7,2998.08,3280.68,2806,2669.042,2611.78,2852.062,3161.75,3038.95,3168.875,3047.518,2633.833,2606.964,2685.923,2886.636,2641.84,2852.083,2677.95
3507.9,2926.625,3092.733,3003.6,3278.4,2801.214,2656.778,2612.106,2836.062,3141.678,3031.4,3178.292,3042.661,2629.208,2617.036,2680.596,2878.982,2647.72,2863.75,2701.05
3552.3,2915.708,3104.067,3002.72,3296.08,2796.928,2658.958,2613.53,2846.625,3158.678,3023.9,3152.458,3050.089,2634.625,2627.572,2668.058,2883.509,2642.88,2849.167,2705.35
3528.75,2890.875,3085.5,3003.96,3299.4,2801.286,2663.167,2611.311,2852.812,3152.857,3046.8,3156.042,3036.447,2633.667,2613.928,2668.269,2894.473,2648.64,2860.417,2688.45
3534.7,2923.417,3076.433,3007.12,3283,2790.678,2669.208,2604.303,2841.5,3134.536,3011.15,3168.917,3049.286,2628.417,2623.464,2678.673,2891.854,2637.2,2879.167,2668
3509.45,2907.667,3088.6,2991.32,3291.36,2797.178,2660.75,2606.856,2852.5,3160.178,3024.95,3170.167,3043.339,2614.417,2631.678,2683.615,2886.836,2652.76,2868.083,2664.95
3527.05,2935.958,3092.433,3004.56,3291.88,2807.786,2663.569,2615.227,2831.5,3129.928,3010.55,3181.875,3037.678,2634,2615.464,2660.308,2895.927,2636.72,2861.667,2681.95
3543.3,2900.708,3080.8,2990.44,3268.36,2810.75,2658.917,2612.75,2860.688,3145.572,3031.9,3155.375,3038.053,2629.875,2618.428,2689.019,2881.109,2640.08,2836.417,2690.75
3545.8,2905.958,3095.1,2995.4,3275.6,2794,2666.042,2612.992,2875,3174.25,3022.2,3184,3027.911,2618.542,2640.678,2670.25,2878.836,2651.6,2877.25,2695.35
3548.8,2911.25,3092.933,2990.6,3288.44,2807.893,2666.431,2607.098,2840.125,3160.643,3018.85,3168.708,3028.643,2639.042,2619.857,2670.442,2883.018,2621.48,2881.5,2674.4
3531.45,2916.5,3064.2,2990.48,3266.68,2787.714,2662.194,2609.379,2846.688,3138.964,3026.2,3161.833,3045.661,2636.208,2635.072,2677.211,2890.073,2653.48,2867.083,2686.55
3543.9,2914.958,3090.667,2989.76,3269.08,2811.107,2668.375,2611.523,2845.25,3152.786,3025.85,3168.917,3036.822,2619.625,2618.25,2673.058,2890.327,2633.32,2872.417,2703.95
3564.55,2926.708,3088,3010.36,3298.64,2788.322,2659,2611.303,2849.625,3146.464,3037.7,3182.417,3044.072,2638.375,2624.072,2683.692,2888.764,2667.64,2895,2679.25
3543.25,2916.75,3079.167,2992.44,3259.96,2802.822,2667.764,2606.621,2839.25,3136.786,3055.7,3174.5,3049.232,2629.042,2614,2668.885,2888.218,2637.92,2858.833,2690.9
3513.95,2902.375,3090.6,3008,3266.84,2794.178,2659.222,2612.091,2859.25,3165.25,3035.8,3179.708,3032.982,2620.958,2626.072,2676.519,2883.182,2636.44,2871.667,2669.1
3518.05,2931.208,3086.767,2991.4,3274.92,2796.5,2657.083,2609.333,2820.062,3141.036,3020.7,3171.167,3039.697,2644.125,2623.678,2664.558,2883.818,2648.68,2873.583,2656.1
3544.65,2898.708,3086.733,2982.16,3250.72,2802.107,2655.458,2605.462,2838.188,3160.464,3035.3,3181.292,3040.697,2625.75,2622.893,2672.308,2882.054,2642.32,2854.083,2670
3538.35,2916,3076.8,2983.44,3265,2805.786,2663.597,2610.689,2846.062,3142,3010.25,3154.208,3014.768,2637.5,2604.214,2668.154,2880.418,2639.92,2852.75,2674.1
3542.4,2917.75,3077.967,2997.36,3264.16,2809.072,2663.833,2613.523,2827.625,3150.072,3039.75,3149.542,3032.268,2638.458,2618.75,2666.808,2873.618,2629.36,2841.917,2669.55
3556.8,2910.792,3087.967,3004.4,3277.16,2790.572,2661.208,2610.72,2853.5,3149.072,3026,3161,3030.661,2628.583,2619.25,2666.289,2892.018,2638.08,2864.167,2705.65
3532.6,2914.583,3075.967,3005.96,3269.8,2792.357,2666.319,2605.136,2818.562,3135.357,3033.35,3161.917,3033.482,2652.625,2622.143,2672.808,2896.436,2640.68,2853.75,2681.45
3559.5,2913.125,3081.6,2987.12,3254.44,2799.286,2651.792,2614.765,2834.688,3147.214,3031,3162.833,3038.357,2622.75,2620.536,2676.731,2884.455,2630.16,2848.333,2661.45
3525.5,2900,3096.967,2986.28,3280.68,2800.607,2661.792,2609.939,2853.062,3132.464,3015.8,3155.417,3037.125,2636.75,2620.428,2669.885,2886.327,2642,2869.5,2701.4
3523.5,2901.25,3098.733,2977.28,3246.12,2796.857,2647.667,2605.758,2841.375,3150.5,3034.9,3174.958,3022.464,2651.208,2618.143,2662.154,2881.636,2649.16,2878.333,2679
3511.15,2912.208,3087.6,3018,3264.76,2805.572,2667.736,2614.311,2841.812,3141.286,3038.2,3154.583,3025.714,2627.708,2628.357,2674.308,2870.327,2656.04,2879.667,2682.25
3537.35,2907.125,3080.367,3005,3296.2,2794.857,2657.708,2594.727,2844.312,3136.822,3035.55,3148.5,3041.553,2649.875,2625.072,2669.904,2873.418,2635.92,2870.5,2672.65
3525.4,2910.333,3080.367,3002.08,3279.04,2805.536,2653.389,2609.864,2840,3148.786,3042.1,3174.833,3044.303,2654.667,2627.322,2674.981,2884.291,2630.88,2890.667,2696.45
3517.8,2894.917,3087.167,3003,3285.84,2812.643,2650.944,2601.902,2847.688,3143.822,3026.8,3180.708,3042.197,2644.75,2631.036,2678.135,2900.854,2646.28,2889.083,2687.4
3504.75,2899.667,3082.067,2990.24,3259.92,2803.714,2661.917,2609.674,2837.438,3161.572,3050.95,3180.75,3029.947,2638.958,2621.607,2670.423,2887.036,2648.56,2876.417,2698.5
3549.6,2894.583,3091.2,2988.68,3286.84,2808.286,2660.778,2608.803,2851.688,3140.678,3024.55,3187.75,3042.089,2649.875,2618.322,2672.481,2878.927,2622.48,2917.083,2683.15
3545.95,2919.667,3093.167,3014.6,3282.68,2809.25,2648.139,2603.735,2851.188,3173.178,3033.4,3174.167,3024.893,2648.667,2625.928,2680.135,2888.018,2625.12,2860.25,2692.05
3532.4,2897.708,3098.2,3009.4,3275.96,2791.178,2649.375,2609.265,2836.5,3149.036,3011.55,3166.625,3036.053,2653.625,2634.607,2671.019,2886.164,2641.6,2877.917,2701.9
3532.35,2895.417,3074.133,2991.44,3268.08,2797.964,2651.875,2615.614,2847.188,3155.572,3036.3,3167.292,3024.893,2643.167,2618.678,2660.461,2877.946,2646.92,2892,2688.65
3552.35,2903.125,3105.033,2996.24,3292.88,2802.893,2660.806,2602.129,2825.188,3143.786,3027.55,3158.042,3035.822,2619.292,2633.143,2650.692,2886.309,2644.08,2924.167,2700.9
3551.15,2920.833,3087.567,3001.56,3262,2798.286,2665.653,2610.356,2819.062,3147.178,3009.9,3152.625,3027.911,2629,2614.464,2668.789,2883.891,2639.96,2872.917,2702.6
3527.2,2923.792,3084.033,2990.24,3254.36,2811.572,2653.778,2612.045,2844.75,3132.072,3024.1,3143.875,3030.714,2647.5,2613.643,2683.019,2877.727,2641.76,2874.833,2691.1
3536.6,2891.667,3070.267,2984.96,3277.88,2797.214,2651.583,2610.902,2809.938,3153.072,3011.95,3153.833,3037.589,2639.75,2625.072,2670.327,2886.146,2628.08,2889.917,2707.95
3522.95,2893.083,3070.9,2991.4,3259.4,2806.25,2665.389,2613.902,2835.062,3151.25,3011.45,3154.292,3024.286,2641.208,2613.143,2670.789,2875.054,2626.28,2899.75,2688.6
3526.6,2900.292,3074.7,2990.04,3241.6,2791.964,2670.833,2610.591,2843.688,3135,3025.3,3150.583,3015.803,2633.75,2626.536,2667.25,2876.655,2660.8,2897.5,2677.95
3531.95,2907.875,3091.6,3005.12,3292.44,2812.964,2650.458,2613.841,2834,3150.428,3018.55,3178.792,3046.625,2646.042,2611.75,2674.711,2875.927,2634.44,2893.083,2678.85
3574,2906.25,3064.367,2985.44,3259.76,2781.428,2657.792,2612.371,2820.812,3158.893,3023.7,3184,3033.572,2642.75,2621.214,2658.019,2875.218,2636.28,2891,2690.35
3542.8,2909.958,3058,2993.96,3260.52,2797.643,2658.361,2603.432,2831.812,3147.178,3034.75,3152.875,3023.518,2640.542,2605.893,2675.5,2875.873,2630.96,2886.417,2686.6
3553.95,2902.375,3077.867,3002.04,3243.6,2804.75,2665.333,2608.508,2849.125,3150.607,3039.05,3139.083,3030.268,2638.583,2618.75,2654,2880.964,2658.2,2856.583,2695.85
3553.95,2931,3083.7,2978.36,3286.76,2816.107,2653.778,2614.818,2829,3138.964,3030.6,3152.833,3046.411,2633.667,2624.714,2660.769,2878.891,2652.8,2881.667,2676.45
3511.9,2887.292,3073.633,2983.72,3250.88,2792.893,2657.597,2607.242,2836.5,3136.072,3032.05,3172.833,3032.125,2634.417,2628.464,2677.442,2869.727,2643.44,2918.333,2680.3
3515.6,2886.333,3065.333,2997.4,3246.16,2784.928,2657.681,2609.515,2847.75,3122.572,3011.45,3170.167,3033.178,2627.958,2631.464,2666.481,2859.073,2635.8,2881.667,2677
3523.5,2902.958,3059.233,2979.28,3260.04,2807.428,2660.611,2616.833,2848,3141.678,3000.1,3140.875,3025.893,2637.875,2628.822,2670.058,2871.473,2632.24,2875.5,2664.8
3524.9,2875.792,3062.267,2983.32,3250.92,2804.643,2651.931,2610.636,2830.625,3139.143,3033.55,3162.292,3033.768,2663,2631.893,2658.789,2866.491,2628.4,2879.667,2692.75
3501.95,2896,3068.5,2995,3265.4,2808.857,2653.194,2603.068,2849.812,3128.214,3024.35,3148.417,3027.393,2647.875,2610.786,2673.442,2884.491,2642.08,2861.917,2683.35
3531.75,2886.417,3079.5,2983.48,3263.16,2807.572,2663.389,2608.432,2850.438,3155.572,3052.85,3165.042,3021.018,2647.875,2614.893,2651.692,2873.6,2645.8,2879.667,2680.3
3549,2887.667,3059.667,2996.48,3267.32,2782.607,2654.875,2608.295,2828.062,3137.036,3012.9,3152.792,3037.268,2655.458,2620.357,2662.615,2870.146,2627.64,2877,2672.9
3527.5,2915.333,3093.6,3004.72,3261.48,2802.428,2662.889,2609.705,2826.562,3130.072,3013.3,3138.75,3023.572,2656.25,2615.036,2666.904,2855.545,2621.84,2874.417,2688.3
3553.1,2904.542,3059.4,2996.16,3275.8,2791.178,2659.542,2611.727,2843.938,3145.75,2990.95,3159.125,3026.875,2657.75,2609.893,2665.5,2880.054,2644.4,2861.833,2670.55
3526.25,2918.833,3079.967,2992.6,3265.88,2790.822,2649.069,2606.47,2823,3135.107,3021.8,3177.458,3020.768,2629.167,2614.857,2661.019,2867.764,2645.8,2883.167,2685.05
3524.65,2909.333,3088.6,2969.28,3236.8,2811.607,2664.903,2609.902,2843.5,3151.036,3014.2,3141.792,3017.053,2638.458,2620.357,2665.154,2886.164,2647.32,2865.167,2651.85
3513.7,2915.917,3072.033,2990.28,3260.76,2815.428,2650.639,2617.22,2832.688,3149.643,3024.3,3133.5,3020.678,2638.75,2622.25,2660.789,2864.218,2627.04,2898.917,2679.45
3521.8,2892.083,3066.3,2995.88,3257.36,2807.572,2673.264,2611.295,2845.75,3142,3006.1,3139.5,3027.25,2628.167,2626.178,2667.096,2871.236,2618.8,2873.833,2667.75
3530.95,2886.5,3065.8,2993.72,3233.32,2793.357,2660.431,2611.273,2808.375,3131.75,3006.5,3127.417,3029.857,2663.917,2605.428,2677.808,2876.164,2602.16,2875.083,2689
3531.15,2886.875,3058.8,2976.08,3248.48,2773.428,2660.333,2613.765,2835.25,3121.214,3030.8,3146.542,3032.036,2642.583,2619.786,2682.673,2859.309,2631.88,2880,2676.25
3540.3,2895.333,3089.433,2976.4,3254,2815.643,2666.458,2617.652,2843.5,3131.286,3020.25,3163.042,3025.411,2634.708,2620.964,2672.115,2862.727,2639.6,2900,2697.4
3516.95,2908.25,3075.733,3000.8,3275.96,2809.214,2661.611,2607.659,2831.812,3142.536,3022.75,3146.792,3021.732,2649.542,2616.786,2655.077,2867.2,2651.36,2869.083,2700.5
3527.75,2898.375,3091.767,2999.64,3248.24,2788.5,2651.653,2606.326,2820.125,3145.786,3009.75,3168.833,3022.393,2651.875,2617.25,2667.846,2868.455,2628.88,2901,2692.6
3538.15,2916.583,3081.9,3007.16,3234.2,2800.893,2656.208,2607.424,2862.25,3131.714,3020.65,3139.625,3017.714,2639.292,2595.75,2653.558,2878.309,2647.28,2900.667,2699.4
3520.1,2906.542,3080.2,2979.56,3243.04,2787.464,2653.833,2607.174,2865.875,3127.678,2997.15,3150.083,3021.178,2639.292,2610.786,2666.577,2875.709,2640,2897.167,2675.6
3553.85,2898.833,3063.1,3002.92,3242.88,2811.857,2650.653,2604.788,2820.688,3143.107,2992.4,3160.208,3034.732,2659.125,2602.857,2652.827,2868.273,2647.4,2885.583,2674.55
3537.05,2912.708,3094,2972.28,3273.04,2799.75,2659.556,2606.22,2838.875,3137.536,2990.8,3149.917,3030.839,2638.875,2615.678,2673.885,2867.6,2627.84,2938.917,2694
3564.25,2900.917,3068.667,2980.08,3247,2810,2660.944,2610.053,2825.062,3141,3030.15,3147.25,3028.678,2647.625,2610.357,2670.711,2870.054,2630.36,2929.833,2686.85
3566.85,2903.25,3087.8,2986.32,3253.24,2798,2662.333,2612.394,2860.5,3107.572,3013.75,3148.208,3026.822,2643.375,2613.393,2682.711,2871.2,2647.92,2888,2702.9
3543,2902.167,3090.033,2989.28,3253.6,2805.678,2652.708,2600.909,2828.5,3144.322,3007,3156.625,3009.947,2644.375,2599.178,2668.404,2877.164,2635.36,2910.333,2676.95
3558.9,2908,3086.5,2985.4,3251.44,2792.357,2658.208,2614.462,2844.688,3134.5,3018,3174.792,3009.036,2662.833,2621.286,2656,2864.036,2632.52,2903.25,2694.2
3581.05,2884.333,3072.6,2976.6,3267.08,2800.714,2656.847,2600.977,2866.375,3142.072,3031.35,3147.5,3029.411,2641.917,2609.964,2659.327,2862.309,2640.92,2898.583,2684.4
3570.15,2905.292,3098.167,2987.4,3230.28,2796.822,2665.125,2599.818,2852.438,3145.572,3015.3,3151.917,3036.732,2652.458,2610.428,2656.615,2847.691,2642.6,2893.583,2694.75
3529.55,2889.042,3075.8,2975.32,3240.68,2787.893,2657.194,2609.045,2842.125,3124.928,3050.2,3168.75,3020.464,2663.458,2617.964,2660.404,2876.054,2646.84,2882.917,2665.65
3523.3,2908.542,3078.6,2992.32,3232.28,2791.464,2662.486,2611.015,2821.938,3126.643,3004.35,3180.667,3016.268,2670.542,2597.964,2652.711,2859.8,2629.32,2871.083,2695.95
3568.9,2884.875,3078.3,2983.04,3260.16,2790.607,2663.986,2611.629,2809,3123.786,3023.65,3155.458,3023.393,2644.042,2603.822,2678.154,2853.946,2631.2,2887.083,2668.65
3534.65,2883.042,3064.167,2983.88,3247.04,2803.714,2659.972,2609.894,2838.062,3133.357,3017.4,3173.333,3018.143,2652.583,2613.5,2661.808,2857.818,2622.36,2839.167,2666.7
3526.5,2900.167,3064.567,2969.52,3239.04,2814,2658.014,2599.538,2797.062,3132.572,3010.45,3160.792,3026.089,2659.208,2608.464,2662.635,2857.436,2620.96,2913.417,2680
3493.3,2872.333,3048.133,2993.72,3229,2823.178,2661.917,2601.932,2798.188,3112.572,3010.05,3130.375,3017.893,2656,2617.286,2658.923,2870.873,2629.6,2903.75,2682.55
3538.7,2880.5,3066.933,2964.76,3243.04,2799.357,2660.889,2606.318,2837.5,3137.25,3008.2,3137.375,3017.339,2638.958,2617.036,2668.75,2848.291,2632.48,2865,2673.45
3515.35,2913.833,3074.8,2975.44,3240.44,2807.822,2661.25,2601.114,2835.062,3123.572,3019.55,3149.042,3011.893,2657.583,2604.822,2662.789,2865.182,2634.4,2860.917,2645.35
3514.7,2893.208,3079.533,2990.32,3242.08,2786.607,2666.472,2606.72,2834.188,3126.036,2986.95,3132.417,3020.839,2657.583,2594.357,2660.442,2864.891,2644.24,2904.583,2662.2
3539.9,2898.667,3064.433,2975.16,3241.64,2809.964,2651.833,2607.258,2829.125,3130.428,3015.05,3160.958,3027.107,2652.417,2600.714,2665.231,2847.018,2649.68,2899.25,2670.75
3490.4,2875.583,3048.4,2968.28,3244.76,2786.036,2649.639,2612.197,2846.938,3126.178,2988.15,3152.542,3010.982,2641.042,2625.25,2657.827,2860.509,2642.64,2873.333,2667.1
3522.3,2896.708,3057.633,2971.68,3237.84,2794.393,2656.069,2609.144,2817.375,3114.143,3030.8,3154.542,3011.589,2648.625,2597.536,2658.789,2858.418,2627,2876.333,2677.45
3545.95,2902,3064.067,2983.32,3220.76,2810.178,2656.722,2604.015,2812.562,3122.5,2997,3162.583,3008.589,2660.042,2593.822,2655.865,2853.4,2623.04,2855.083,2674.35
3514.1,2896.833,3069.2,2988.56,3232.52,2794.036,2661.042,2609.712,2820.312,3135.75,3017.65,3157.542,3022.018,2640.417,2607.75,2665.711,2857.309,2641.92,2901.333,2663.8
3501.85,2901.458,3049.4,2977.76,3227.04,2801.036,2663.806,2607.47,2842.188,3123.286,3025.55,3139.458,3004.607,2652.583,2598.464,2664.442,2850.818,2644.64,2877,2677.05
3525.5,2874.125,3055.4,2954.6,3226.56,2798.143,2654.597,2596.818,2807.375,3112.786,2999.6,3142.333,3011.143,2663.958,2603.857,2665.096,2864.618,2628.92,2858.75,2670.85
3485.85,2892.625,3048.7,2974.2,3219.4,2783.428,2658.931,2603.576,2823.938,3123.857,2980.45,3129.167,3026.714,2647.083,2594.75,2665.615,2857.291,2625.96,2868.333,2667.85
3508.8,2889.125,3030.667,2994.92,3237.84,2789.072,2673.958,2599.189,2827.75,3138.428,3006.6,3135.625,3015.428,2617.833,2609.178,2658.808,2848.127,2622,2875.833,2644.35
3522.65,2912.875,3049.5,2978.36,3231.68,2778.357,2678.25,2603.833,2812.562,3119.857,2999.7,3155.375,3026.25,2640.292,2614.75,2660.827,2860.146,2629.16,2862.5,2661.65
3509.45,2895.167,3046.033,2967.76,3233.8,2803.607,2678.736,2606.902,2799.875,3146.072,3012.2,3138.875,3014.786,2643.958,2613.786,2655.596,2851.6,2619.08,2845.5,2674.85
3510.35,2899.667,3073.067,2989.04,3240.52,2791.393,2667.083,2613.273,2814.438,3125,2980.3,3153.25,3016.786,2638.875,2614.286,2654.673,2860.509,2640.12,2872,2647.4
3522.45,2906,3048.433,2977.64,3213.76,2801.107,2679.778,2599.212,2815.062,3124.143,2990.7,3107.792,3012.089,2655.125,2609.036,2656.808,2850.745,2623.88,2879.583,2676.55
3512.45,2900.875,3060.733,2964.68,3199.96,2785,2676.556,2604.856,2802.625,3140.107,3014.65,3147.708,3007.107,2649,2609.857,2652.5,2854.764,2641.8,2869.333,2653.85
3518.6,2881.667,3059.333,2974.96,3230.44,2811.214,2687.528,2603.106,2812.812,3146.072,3014.3,3117.667,3012.482,2658.583,2605.75,2654.731,2859.509,2611.32,2844.25,2660
3523.9,2877.125,3038.933,2971.48,3222.36,2787.072,2694.861,2602.636,2829.375,3134.893,3012.9,3145.417,3014.947,2649.167,2621.857,2660.827,2854.018,2630.16,2847.583,2643.05
3499.95,2893.25,3042.367,2978.8,3218.4,2791.714,2681.319,2600.394,2812.75,3146.536,3001.5,3138.958,3024.214,2653.375,2599.5,2654.673,2847.6,2637.4,2877.083,2678.3
3543.85,2878.333,3045.067,2977.04,3215.84,2805.607,2684.417,2606.152,2832.062,3122.572,2992.85,3150.833,3000.089,2641.042,2613.643,2658.558,2860.418,2624.6,2842.583,2658.8
3528.1,2873.25,3055.567,2971.36,3237.08,2808.178,2688.431,2605.833,2840.938,3123.428,2996.8,3141.25,3026.822,2645.583,2613.714,2647.211,2859.818,2623.72,2871.833,2666.4
3529.6,2893.625,3062.067,2983.56,3214.68,2799.393,2682.139,2603.333,2829,3109.322,2995.9,3127.292,3026.357,2654.167,2609.428,2672.385,2847.291,2626.76,2875.917,2650.2
3513.65,2881.042,3020.033,2982.76,3193.04,2799.5,2692.806,2605.068,2814.625,3132.643,3033,3137.042,3015.357,2636.625,2610.928,2658.692,2859.2,2648.52,2842.5,2661
3542.2,2888.125,3034.6,2977.52,3223.96,2794,2686.889,2609.545,2822.062,3119.357,2998.95,3133.917,3032.428,2654.583,2602.678,2646.289,2849.745,2626.56,2881.833,2638.7
3508.9,2894.417,3065.767,2971.28,3214.68,2796.678,2683.264,2606.879,2855.5,3117.643,3011.65,3132.333,3017,2656.792,2605.143,2647.75,2861.291,2635.92,2884.5,2662.3
3548.2,2896.292,3028.033,2956.36,3225.44,2806.572,2690.778,2611.311,2816.062,3108.214,3014,3135.75,3018,2646.167,2593.072,2667.25,2847.273,2643.92,2852.083,2667.5
3525.8,2894,3041.6,2957,3237.2,2798.143,2685.347,2600.735,2820.25,3121.678,3009.75,3148.25,3015.428,2634.667,2608.928,2655,2843.255,2630.4,2861,2678.05
3508.1,2889.333,3054.1,2976.84,3201,2798.072,2694.903,2599.03,2830.25,3128.464,2997.05,3163.083,3008.161,2649.542,2598.822,2645.711,2842.218,2615.36,2897.667,2652.4
3502.5,2890.25,3033.767,2983.04,3224.84,2801.178,2688.069,2602.326,2829.438,3119.143,2999.05,3150.708,3006.661,2634.792,2615.393,2646.135,2844.255,2636.32,2861.25,2626.7
3527.95,2904.583,3020.9,2970.48,3215.88,2806.678,2695.889,2595.462,2830.5,3110.036,3013.1,3134.333,3003.714,2627.792,2595.572,2660.5,2857,2624.4,2867.333,2631.65
3498.3,2870.208,3029.367,2979.8,3240.64,2809.428,2690.167,2604.394,2818.625,3121.893,2985.9,3128.75,3020.197,2646.125,2592.322,2661.519,2830.491,2618.72,2848.75,2630.05
3515.55,2901.792,3037.233,2975,3218.28,2802.143,2677.056,2599.992,2855,3095.607,3023.65,3117.333,2991.589,2655.458,2598.75,2647.461,2844.727,2626.52,2850.417,2651.4
3513.5,2897.667,3043.367,2960.6,3210.08,2777.822,2692.917,2599.992,2834.375,3106.822,3014.2,3133.083,3007.572,2656.208,2590.464,2652.596,2829.327,2637.76,2853.583,2637.1
3488.1,2886.375,3033.4,2952.28,3220.44,2798.643,2683.347,2609.432,2815.688,3122.75,2990.75,3146.25,3009.143,2636.875,2607.822,2651.289,2863.036,2621.56,2857.667,2624.7
3523.95,2885.583,3023.967,2957.48,3224.4,2802.643,2692.597,2601.47,2828.5,3100.536,2983.05,3118.583,3011.214,2638.667,2585.393,2649.865,2844.709,2622,2850.667,2636.5
3525.9,2884.25,3031.467,2962.96,3203.52,2806.964,2686.653,2599.098,2821.625,3119.714,2988.8,3130.083,3021.893,2634,2619.072,2645.75,2844.255,2619.12,2849.583,2649.25
3502.8,2882.292,3046.767,2974.8,3223.32,2794.822,2681.611,2605.773,2814.25,3116.072,2984,3148.208,3007.143,2623.375,2603.107,2642.827,2840.854,2635.48,2916.167,2640.1
3468,2883.625,3031.967,2980.2,3211.24,2788.357,2681.167,2599.424,2809.312,3119.393,3015.75,3151.208,3013.143,2635.333,2607.214,2647.673,2835.4,2619.12,2868,2627.75
3502.3,2880.042,3034.3,2954.76,3195.48,2799.072,2693.653,2602.083,2811.375,3100.428,2995.5,3117.875,3003.786,2632.042,2606.928,2656.519,2839.236,2623.32,2833.917,2642.5
3518.4,2886.042,3054.767,2964.8,3215.32,2805.857,2686.222,2601.053,2784.688,3110.393,2991.5,3151.75,3009.5,2635.583,2603,2655.692,2840.854,2620.76,2873.75,2644.6
3479.3,2887,3031.6,2960.92,3213.52,2802.643,2698.208,2599.856,2807.125,3088.964,3005.4,3110,3014.089,2645.917,2595.536,2647.423,2841.236,2651.44,2861.833,2636.9
3473.1,2901.833,3019.233,2951.52,3207.68,2783.322,2687.569,2598.341,2801.438,3101.75,3004.95,3135.333,3009.232,2640.5,2602.643,2656.981,2835.818,2623.6,2852.167,2631.05
3491.4,2869.542,3033,2966.68,3209.2,2805.428,2688.292,2598.583,2818,3095.428,2998.95,3122.375,2998.75,2644.542,2596.072,2656.558,2823.109,2618.68,2843.583,2646.1
3501.6,2869.625,3027.233,2964.36,3218.52,2792.036,2699.222,2610.258,2807.812,3116.857,2995,3134.458,2998.268,2636.417,2598,2653.981,2835.109,2624.4,2840.25,2628.45
3482.15,2890.917,3031.5,2967.92,3209.12,2809.428,2692.722,2595.47,2806.438,3089.428,3004.3,3108.667,3001.428,2641.208,2600.964,2642.385,2848.4,2622.6,2846,2615.4
3480.6,2883.292,3029.633,2954.32,3186.6,2798,2703.181,2603.992,2796.688,3104.25,3012.85,3119.583,3010.232,2637.667,2593,2638.635,2826.491,2611.28,2839.167,2633.65
3477.3,2871.792,3008.833,2966.48,3201.56,2801.75,2692.625,2599.492,2831.188,3103.178,3002.75,3129.375,3005.661,2641.083,2591.928,2641.519,2832.291,2609.08,2821.75,2631.55
3486.2,2871.167,3022.533,2964.48,3194.36,2799.964,2689.611,2600.098,2797.75,3093.464,2971.1,3161.75,3003.286,2658.917,2595.928,2650.346,2841.109,2638.04,2833.333,2628.1
3505.95,2867.958,3011.267,2974.64,3189.48,2798.322,2694.458,2597.53,2797.75,3097.107,3012.3,3114.375,3003.643,2660.583,2598.786,2647.577,2834.655,2625.08,2835.417,2598.1
3498.65,2890.25,3014.1,2964.88,3199.04,2788.464,2697.056,2599.303,2805.562,3086.928,2952.85,3138.125,3012.411,2651.042,2603.178,2651.154,2825.073,2622.2,2836.917,2587.1
3504.5,2878.958,3014.9,2953.24,3192.24,2787.322,2689.778,2603.167,2834.312,3086.464,2990.05,3121.833,3017.072,2627.583,2609.25,2652.096,2842.655,2605.76,2822.5,2602.95
3472.7,2897.958,2994.833,2959.04,3182.96,2791.428,2689.639,2606.061,2816,3103.286,3004.55,3121.458,3016.178,2644.375,2610.178,2649.346,2840.909,2638.24,2864,2612.15
3494.05,2875.208,3012.833,2969.72,3188.84,2788.178,2677.181,2602.614,2820.438,3090.072,3003.15,3118.583,2988.786,2647.208,2613.822,2650.769,2827.927,2622.88,2847.25,2619.55
3498.35,2870.375,3028.967,2954.44,3188.12,2818.572,2690.431,2605.477,2813.125,3109.25,2981.65,3119.458,2998.572,2654.25,2599.572,2640.461,2839.182,2611.2,2863.083,2621.25
3462.55,2895.25,3026.333,2973.52,3216.32,2801.536,2688.333,2599.833,2792.75,3111.5,2985.5,3137.917,3004.964,2631.667,2583.464,2644.558,2843.436,2617.24,2876.917,2606.5
3501.5,2885.958,3024.767,2973.88,3181.76,2790.322,2698.056,2596.28,2788.75,3084.607,2981.55,3125.875,2995.661,2655.542,2597.464,2656.289,2834.218,2614.76,2846.5,2612.55
3498.3,2868.208,3037.067,2965.44,3195.88,2795.607,2700.236,2591.227,2817.688,3095.75,2990.55,3116.792,3007.197,2617.292,2602.643,2644.654,2836.054,2619.76,2857,2623.4
3488.7,2878.958,3013.867,2955.64,3206.04,2797.714,2696.056,2598.659,2815.938,3096.678,2986.35,3142.167,3006.786,2639,2592.822,2635.327,2842.054,2629.4,2871,2610.35
3509.2,2872.5,2999.6,2969.64,3198.76,2792.25,2697.583,2600.424,2797.5,3109.607,3002,3117,2981.536,2645.5,2595.178,2647.885,2847.4,2644.12,2851.25,2605.9
3489.6,2864,2997.367,2961.28,3198.2,2786.286,2690.653,2595.659,2821.375,3078.714,2996.95,3125.167,3001.589,2633.25,2601.607,2634.596,2840.218,2638.04,2859.917,2609
3506.15,2874.792,2996.467,2972.8,3185.72,2785.036,2682.167,2595.515,2807.938,3090.072,3010.2,3107.333,3008.375,2640.667,2602.072,2651.827,2829.073,2611.12,2838,2597.75
3493.4,2865.917,2994.033,2989.68,3198.16,2795.964,2685.542,2597.886,2793.125,3108.643,2998.65,3129.75,3008.589,2656.583,2592.893,2654.135,2838.109,2600.12,2847.667,2625.1
3485.55,2863.917,3014.5,2984.16,3182.84,2802.928,2685.236,2599.477,2807,3092.607,3015.5,3122.667,3008.322,2635.75,2601.322,2656.558,2819.036,2643.68,2877.333,2639.7
3486.75,2869.042,3030.367,2985.64,3211.24,2799.75,2692.139,2599.811,2830.5,3116.607,2985.1,3138.125,2991.893,2654.125,2611.964,2642.231,2833.527,2619.2,2866.333,2627.55
3471.8,2893.5,2983.133,2974.36,3210.92,2798.536,2689.222,2601.712,2821.812,3104.822,2997.2,3114.708,3006.518,2642.667,2594.678,2651.154,2845.636,2616.8,2844.25,2618.3
3509.8,2864.167,3032.533,2967.76,3212.2,2796.786,2695.319,2594.508,2816.625,3098.857,2997.7,3136,3006.375,2646.875,2604.25,2652.211,2845.345,2634.32,2858.333,2607
3495.75,2887.625,3018.867,2976.4,3203.12,2794.822,2696.028,2590.515,2811.875,3116.357,3024.55,3111.375,3011.589,2648.917,2621.822,2651.769,2827.927,2630.76,2836.333,2646.3
3508.45,2875.958,3021.567,2986.04,3208,2782.928,2696.458,2597.848,2808.812,3097.286,3005.95,3124.25,3005.143,2634.5,2614.75,2646.789,2838.273,2630.44,2874.25,2636.25
3520.75,2886.292,3012.567,2992.92,3208.52,2784.893,2700.194,2603.742,2813.938,3075.286,2998.7,3139.25,3011.053,2659.167,2583.643,2642.942,2830.909,2617.4,2857,2628.25
3519.45,2864.583,3015.567,2984.32,3215.92,2792.893,2682.528,2600,2793.625,3097.678,2986.7,3115.792,3006.572,2637.125,2594.357,2656.539,2848.309,2617.24,2877.5,2635.3
3499.6,2885.458,3028.233,2970.44,3184.32,2802.75,2694.583,2597.22,2822.188,3096.214,2993.6,3113.417,3017.678,2659.458,2598.393,2651.75,2821.636,2614.2,2903.083,2643.75
3496.75,2894.125,3050.033,2993.2,3221.76,2781.428,2681.986,2588.394,2813.625,3118.464,3032,3133.5,3016.822,2647.875,2597.75,2650.096,2833.364,2637.2,2901.083,2640.2
3490.5,2885.125,3028.9,2982.84,3208.32,2799.536,2687.25,2594.924,2827.875,3099.072,3007.95,3131.875,3013.107,2656.375,2600.643,2656.654,2843.564,2646.24,2921.083,2667.6
3510.55,2886.792,3022.1,2971.2,3211.24,2799.572,2692.056,2590.682,2821.438,3101.643,3023.5,3121.875,3017.053,2643.5,2604.928,2652.442,2845.564,2628.52,2877.667,2631.55
3488.4,2874.292,3044.833,2985.48,3216.2,2807.607,2702.653,2595.174,2792.312,3106.036,2994.7,3116.583,3003.518,2654.958,2618.464,2649.211,2826.455,2627.48,2926.667,2640.1
3492.9,2888.5,3026.933,2980.16,3209.72,2803.143,2689.708,2595.106,2822.812,3082.322,3003.8,3134.042,3002.357,2654.917,2606.678,2644.635,2842.818,2624.32,2883.417,2636.2
3489.1,2882.625,3021.733,2981.56,3204.04,2805.786,2702.458,2604.144,2839.938,3117.357,2987.7,3139.75,3002.178,2618.417,2606.572,2646.577,2837.236,2618.24,2901.5,2635.15
3492.6,2858.917,3056.6,2999.2,3224.32,2781.822,2683.972,2600.356,2839.75,3075.25,3010.15,3102.25,2999.268,2640.167,2608.75,2650.423,2840.382,2632.88,2908.833,2636.8
3491.9,2868.792,3034.2,2986.12,3188.32,2805.357,2691.347,2596.424,2835.312,3124.25,3005,3111.292,3007.553,2642.792,2590.572,2658.615,2830.709,2636.92,2900.5,2633.25
3496.5,2876.333,3037.4,2980.96,3217.12,2797.75,2692.875,2602.485,2803.562,3107.75,3018.05,3099.333,2995.786,2658.208,2592.5,2655.365,2839.455,2637.88,2893.083,2632
3477.95,2869.208,3031.067,2975.48,3195.84,2777.322,2690.389,2593.045,2804.938,3097.107,2989.8,3112.375,3010.036,2634.542,2598.678,2662.885,2832.836,2619.84,2897.167,2618.9
3493.15,2876.125,3030.567,2970.36,3209.6,2782.678,2686.694,2600.114,2812.312,3095.607,3000.35,3096.167,2990.839,2637.417,2596.107,2655.442,2825.655,2609.8,2893,2629.6
3502.95,2865.833,3031.867,2974.4,3196.36,2801.678,2685.653,2598.47,2816.438,3066.964,2992.3,3094.833,3010.125,2642.417,2601.393,2650.211,2841.018,2623.64,2913.917,2626.75
3487.15,2867.708,3012.767,2988.08,3194.04,2810.036,2675.736,2595.045,2789.188,3092.714,3017.8,3124.625,2999.303,2646.25,2611.25,2643.269,2834.709,2635.4,2874.583,2603.9
3487.1,2861.417,3021.933,2936.72,3184.16,2796.357,2708.986,2599.72,2828.062,3091.143,2991.7,3113.625,3004.911,2640.125,2596.143,2644.942,2822.854,2615.96,2876,2615.3
3483.8,2871.292,3025.833,2958.24,3195.08,2795.072,2694.653,2598.326,2800.812,3092.393,2980.75,3127.208,2982.161,2618.167,2582.893,2644.308,2816.382,2623.8,2897.25,2624.6
3489.5,2863.292,3007.867,2945.16,3200.6,2806.178,2693.306,2589,2806.75,3087.25,2978.8,3085.542,2986,2629.417,2587.822,2650.154,2830.054,2611,2864.167,2615.6
3492.75,2880.417,2984.733,2978.48,3203.28,2781.107,2682.847,2601,2795.562,3082.964,2980.25,3112.667,3005.053,2630.167,2598.393,2642.539,2831.709,2626.8,2828.917,2607.35
3476.6,2848.333,3005.8,2960.2,3196.76,2801.357,2693.375,2594.962,2818,3072.714,2977.05,3107.708,2996.232,2640.875,2594.678,2631.769,2817.054,2624.76,2885.083,2621.55
3498.4,2864.042,2997.433,2967.24,3192.32,2785.178,2696.069,2599.947,2819.688,3081.214,2998.6,3122.208,2986.875,2630.167,2607.714,2646.154,2823.364,2625.2,2889.083,2631.6
3521,2862.833,3022.467,2999,3188.84,2793.072,2697.389,2595.091,2826.812,3097.286,3014.35,3126.833,3003.661,2638.917,2609.393,2653.692,2832.054,2624,2916.417,2641.9
3533.4,2876.292,3012.133,2958.72,3190.28,2815.536,2688.069,2595.015,2826.5,3084.928,3013.3,3118.083,3000.464,2639.042,2595.678,2652.135,2822.927,2638.6,2928.25,2659.75
3496.3,2854.25,3013.067,2969.8,3216.8,2793.536,2693.542,2598.447,2800.312,3095.464,3016.55,3130.292,3001.036,2633.25,2606.643,2649.942,2836.2,2637.92,2935.75,2643.75
3506.5,2860.292,3029.233,2977,3218.88,2797.143,2705.667,2595.492,2808.125,3101.036,2998.5,3138.125,3003.893,2668.125,2596.536,2659.5,2827.818,2637.96,2944.583,2645.05
3497.2,2858.667,3026.733,2966.32,3200.04,2792,2693.458,2599.659,2813,3107.178,2982.15,3117.25,2997.107,2649.292,2609.107,2654.635,2822.854,2641.48,2911.417,2657.7
3500.55,2881.5,3024.567,2977.88,3224.88,2778.178,2689,2590.364,2815.375,3096.714,3003.1,3144.292,3006.053,2651.167,2604.143,2651.961,2830.327,2640.68,2937.833,2642.65
3467.6,2856.958,3023.233,2984.68,3222.4,2781.143,2694.111,2601.545,2828.062,3102.536,2989.6,3117.083,2994.607,2644.042,2601.822,2646.019,2831.364,2629.36,2927.167,2649.65
3483.25,2860.625,3017.433,2972.44,3209.08,2799.643,2688.986,2598.53,2815.25,3098.464,3024,3131.958,3004.428,2636.667,2612.572,2638.423,2834.218,2639.32,2944.917,2649.05
3515,2858.542,3039.067,2981.04,3207.6,2787.107,2693.111,2590.477,2824.75,3091.678,3001.05,3125.333,3002.125,2623.208,2615.536,2655.135,2833.509,2637.36,2975.833,2682.55
3517.25,2848.5,3027.667,2975.36,3206.04,2808.214,2682.931,2592.303,2807.125,3087.286,2997.3,3129.792,2990.232,2638.208,2629.572,2669.577,2839.927,2637.72,2958.917,2675.65
3522.8,2871.125,3044.9,2972.72,3217.68,2790.75,2688.806,2601.545,2826.812,3078.357,3013.7,3132.75,3014.928,2649.75,2605.178,2652,2849.527,2634.84,2952.833,2659.35
3519.85,2879.167,3034.233,2979.92,3224.68,2782.286,2689.792,2595.182,2787.312,3084.143,2996.75,3152.667,2994.089,2644.75,2622.928,2655.077,2846.854,2634.44,2986.833,2666.1
3512.4,2846.708,3024.667,2967.28,3199.28,2789.964,2691.097,2595.455,2807.75,3105.322,2999.35,3120.25,2995.786,2635.708,2621.714,2665.846,2830.182,2652.6,2960.833,2659.65
3499.9,2860.583,3027.867,2968.56,3186,2797.214,2687.694,2588.189,2830,3093.214,3007.75,3134.25,2992.268,2631.333,2596.107,2655.365,2829.436,2626.08,2973.583,2643.65
3510.5,2866.167,3024.1,2948.24,3214.28,2785.25,2691.806,2595.076,2808.25,3087.678,3003.7,3124.083,3001,2635.958,2589.178,2648.865,2841.309,2622.28,2949,2667.25
3545.35,2863.958,3028.967,2992.2,3212.12,2776.928,2692.778,2595.917,2810.375,3079.393,3009.4,3115.333,2998.553,2649.542,2605.286,2654.615,2817.673,2616.56,2981.417,2649.65
3501.4,2846.375,3025.3,2967.28,3207.24,2791.678,2689.75,2598.394,2819.75,3092.893,2989.4,3122,2989.964,2630.542,2617,2645.961,2820.655,2620.44,2964.333,2646.9
3486.5,2852.292,3025.567,2964.04,3201.8,2772.964,2688.319,2595.97,2795.812,3097.428,3003.5,3122.25,2978.268,2658.625,2608.143,2648.385,2809.491,2622.16,2929.333,2645.4
3492.05,2862.208,3013.1,2960.48,3189.72,2784.178,2683.028,2594.462,2813.812,3097.857,2977.3,3129.042,3000.697,2634.375,2597.714,2643.5,2825.509,2621.76,2944.583,2619.7
3521.95,2868,3025.067,2968.68,3199.32,2800.357,2687.028,2599.341,2803.25,3099.964,2974.05,3128.875,2995.232,2639.75,2610.643,2640.981,2823.582,2623.8,2938.667,2631.7
3506.8,2864.792,3018.7,2976.08,3200.52,2776.75,2680.819,2591.697,2817.812,3073.5,2996.45,3103.333,2990.053,2635.958,2620.286,2629.827,2824,2617.96,2950.583,2631.85
3480.4,2849,3004.2,2972,3195.56,2795.286,2697.458,2598.894,2824.625,3081.143,2983.85,3128.792,2991.839,2637.417,2610.786,2643.289,2826.436,2631.12,2952.083,2625.05
3527.1,2870.375,3024.533,2958.72,3164.24,2777.786,2688.333,2593.462,2809.062,3066,2990.3,3102.125,2987.553,2621.625,2616.822,2645.019,2836.182,2623.52,2959.833,2640.5
3503.15,2862.833,3005.967,2972.76,3209.6,2789.75,2699.431,2593.583,2805.875,3087.964,2998.75,3109,2987.589,2628.167,2606.536,2651.654,2838.545,2631.64,2959.333,2670.65
3513.6,2872.292,3016.7,2964.64,3165.92,2792.822,2690.889,2591.015,2804.438,3083.214,2987.35,3112.292,2996.947,2623.458,2610.428,2651.981,2820.436,2631.96,2928.25,2633.9
3513.6,2855.417,3014.733,2928.8,3194.32,2806.75,2693.417,2592.152,2803.125,3110.822,2986.65,3092.292,2976.839,2628,2601.572,2649.904,2818.364,2632.04,2975.667,2624.7
3502.35,2857.042,3021,2961.48,3192.76,2772.464,2686.694,2597.379,2805.438,3084.643,3001.65,3120.292,2994.214,2641.958,2596.357,2643.846,2818.709,2627.8,2940,2629.9
3496.75,2892.042,3019.367,2937.24,3174.88,2801.107,2688.361,2590.386,2818.375,3092.786,2997.25,3108.792,2994.572,2635.583,2608.822,2649.058,2838.164,2612.64,2964.667,2604.35
3481.15,2863.5,2995,2987.12,3205.36,2781.678,2683.069,2606.121,2816.875,3083.786,2991.5,3090.375,2992.518,2633.583,2602.393,2650.058,2841.891,2626.28,2964.917,2601.9
3520.5,2873.125,3015.967,2976.56,3210.76,2796,2678.264,2593.295,2823.625,3071.75,2975.45,3118.125,2999.589,2642,2607.178,2647,2832.127,2612.52,2971.167,2633
3496.35,2875.125,3012.367,2969.6,3201.24,2793.357,2681.708,2592.864,2828.688,3089.857,2975.4,3090,2997.768,2635.417,2599.357,2646.711,2828.382,2623.2,2971.833,2618.4
3514.55,2851.75,3036.133,2982.56,3197.8,2802.393,2689.208,2595.106,2794.75,3096.964,2989,3099.333,2992.072,2641.667,2605.572,2652.461,2830.255,2637.76,2982.167,2636.4
3510.65,2847,3001.667,2947.32,3193.08,2801.643,2684.944,2587.091,2791.625,3114.393,3001.9,3108.5,2994.072,2647.792,2619.072,2651.423,2820.146,2634.96,2984.5,2635.95
3490.4,2865.25,3017.5,2961.08,3213.6,2801.286,2684.153,2592.265,2807.625,3104.072,2977.6,3104.292,2991.75,2634.625,2604.893,2644.365,2819.364,2618.64,3022.917,2651.85
3494.95,2868.625,3017.933,2987.92,3199.84,2787,2688.361,2594.25,2792.875,3089.607,3017.45,3086.583,2989.232,2625.417,2600.036,2653.211,2832.327,2634.8,3012.333,2646.65
3472.95,2855.75,3023.533,2963.36,3206.64,2792.286,2690.847,2595.856,2835.312,3088.786,3002.65,3109.875,2996.875,2651.542,2606.286,2645.211,2823.964,2634.36,3021.667,2680.8
3483.35,2869.125,3007.6,2971.96,3200.84,2806.964,2684.056,2594.5,2814.688,3081,3011.65,3098.708,2992.197,2653.875,2614.322,2637.173,2825.455,2627.92,3031.5,2648.2
3522.6,2841.875,3021.167,2967.08,3203.24,2800.857,2686.097,2585.47,2805.438,3090.75,2987.55,3110.292,2989.732,2621.875,2600.964,2644.731,2812.727,2621.8,3036.25,2646.9
3516.4,2860.417,3022.733,2951.92,3188.4,2787.25,2686.514,2587.629,2804.25,3088.036,3016.3,3107.75,2985.697,2637.042,2618.286,2631.539,2823.364,2616.4,3028.917,2635.25
3497.8,2853.292,3013.533,2964.96,3211.64,2798.214,2691.125,2587.947,2807.688,3100.393,3008.05,3094.042,2997.768,2629.833,2602.678,2649.327,2819.927,2636.04,3042.083,2647.25
3495.85,2846.625,3026.267,2971.4,3210.28,2793.393,2690.889,2592.795,2788.125,3083.178,3001.3,3103,2990.678,2646.625,2598.678,2649.904,2819.473,2628,3021.833,2640.65
3506.5,2863.542,3020.833,2980.36,3199.64,2778.107,2685.389,2582.947,2803.688,3094,3007.6,3102.917,2976.303,2633.542,2598.714,2656.75,2818.545,2622.8,3004,2633.8
3477.45,2852.625,3025.667,2962.76,3189.56,2783.678,2685.444,2589.636,2808,3097.822,2974.6,3106.333,2988.822,2622.292,2594.178,2654.692,2831.873,2619.4,3047.167,2638.95
3488.2,2859.583,3030.467,2949.64,3175.52,2799.893,2691.333,2593.258,2796.938,3080.178,2990.3,3100.5,2988.393,2625.167,2602.357,2640.385,2826.218,2640.6,3025.5,2636.35
3480.7,2837.292,3018.567,2954.28,3195.36,2795.964,2679.972,2590.288,2804.438,3098.393,2971.25,3085.583,2983.268,2628.792,2602.643,2652.865,2820.073,2622.44,3045.583,2646
3463.75,2872.667,3004.067,2963.56,3200.92,2794.536,2694.097,2578.288,2816.562,3075.25,2982.95,3133.083,2983.286,2636.833,2587.5,2653.346,2823.745,2624.88,3028.25,2614.65
3478.7,2859.125,3029.767,2935.68,3203.76,2798.178,2689,2596.47,2797.625,3076.428,2986.4,3101.375,2986.714,2626,2610.464,2642.981,2815.2,2621.2,3013,2626.8
3470.45,2834.375,2996.167,2965,3213.64,2778,2693.819,2589.235,2822,3097.357,2987.65,3121.458,2989.572,2643.417,2614.5,2648.154,2818.636,2622.68,3030.583,2627.6
3483.05,2834.083,2998.333,2962.52,3171.72,2799.036,2684.486,2595.242,2814.5,3079.786,2998.4,3105.5,2978.357,2640.083,2583.964,2644.865,2824.164,2630.36,3043.167,2636.25
3485.4,2843.75,3002.533,2983.88,3200.76,2786.714,2685.958,2589.523,2818.25,3069.143,2978.05,3091.458,2993.072,2637.583,2617.893,2644.808,2817.655,2638,3067.583,2642.65
3474.75,2864.625,3019.267,2952.88,3191.08,2793.178,2696.486,2595.045,2820.625,3081.072,2991.35,3105.958,2987.875,2625.5,2603.286,2649.885,2824.146,2629.28,3070.25,2637.05
3495.7,2874,3013.433,2976.2,3192.04,2796.143,2684.667,2589.205,2808.875,3089.25,2963.65,3089.083,2997.125,2641.042,2604.5,2656.096,2815.164,2626.92,3038.583,2643.05
3464.8,2845,2998.1,2947.88,3197.92,2790.964,2686.194,2595.03,2823.125,3062.572,2969.6,3082.833,2991.536,2643.75,2586,2639.596,2813.182,2620.88,3043,2639.7
3476.5,2851.542,3006.767,2944.88,3197.48,2783.072,2684.75,2597.909,2812.812,3087,2994.75,3102.542,2986.214,2627.25,2611.357,2651.461,2815.854,2618.6,3041.833,2634
3492.25,2859.875,3004.467,2964.76,3173.48,2784.25,2691.25,2588.106,2811.5,3077.857,2982.25,3108.292,2988.125,2632.417,2578,2647.039,2815.345,2638.92,3030.25,2637.6
3511.95,2858,2996.433,2958.76,3175,2801.928,2690.917,2603.242,2796.812,3091.214,2985.4,3112.583,2985.161,2621,2589.143,2654.327,2812,2615.76,3035.083,2625.9
3494.05,2865.542,2999.733,2954.52,3202.24,2791,2694.708,2587.583,2780.438,3069.357,2982.75,3109.292,2992.822,2626.667,2605.322,2657,2816.655,2628.04,3029.833,2630.95
3485.3,2862.167,3010.2,2965.72,3196.96,2790.964,2686.25,2591.235,2795.938,3069,2990.7,3087.917,2976.178,2622.5,2611.786,2649.039,2811.727,2622.68,3062,2659.3
3498.85,2835.792,3008.667,2959.88,3181.6,2777.25,2678.556,2593.121,2816.562,3082.714,3009.6,3111.708,2978.053,2634.917,2610.964,2639.058,2824.836,2628,3071,2632.45
3501.85,2836.958,3022.133,2948.88,3202,2756.678,2688.417,2592.97,2805.625,3085.286,3006.35,3116.25,2982,2639.125,2614.393,2643.923,2825.873,2627.16,3041.667,2654.7
3493.15,2837.458,3011.233,2938,3198,2774.393,2673.167,2589.758,2806.438,3081.036,2992.1,3085.958,2984.518,2640.208,2614,2650.577,2815.2,2612.56,3090.083,2644.45
3508,2834.167,3027.7,2957.4,3198,2793.5,2688.542,2590.129,2817.875,3089.607,2997.5,3110.167,2997.286,2617.625,2604.893,2624.019,2817.4,2635.8,3069.833,2657.05
3489.35,2840.042,3011.833,2953.56,3176.52,2798.357,2683.417,2589.932,2789.562,3089,2997.85,3117.75,2981.607,2626.083,2585.822,2654.135,2809.982,2637.2,3067.417,2648.15
3470,2821.042,2997.333,2966.12,3176.36,2794.036,2689.736,2586.076,2793.375,3075.214,3007.8,3098.542,2983.875,2638.958,2599.393,2640.75,2816.345,2621.2,3032.083,2618.9
3495.5,2863.125,3009.1,2959.28,3209.92,2767.214,2681.764,2593.235,2817.875,3073.072,2986.95,3104.5,2978.375,2627.083,2594.857,2642,2825.327,2637.88,3040.917,2639.4
3499.75,2862.167,3007.067,2942.16,3195.2,2788.25,2687.625,2590.379,2786.562,3082.786,2985.65,3082.125,2974.393,2620.417,2603.178,2649.885,2806.382,2641.84,3054.417,2643.9
3492.25,2871.875,3011.933,2935.52,3193.28,2769.857,2677.444,2585.886,2812.312,3080.072,2967.9,3116.292,2991.518,2641.583,2605.357,2657.173,2822.564,2632.08,3027.833,2641.75
3495.4,2840.875,3007.967,2952.48,3179.48,2785,2677.944,2587.235,2800.875,3088.643,2977.85,3100.375,2987.464,2629.958,2601.25,2655.289,2817.527,2639.76,3046.583,2646
3495.35,2863.25,3011.233,2938.8,3188.64,2774.178,2678.875,2591.78,2783.062,3082.357,2999.1,3090.708,2971.625,2618.167,2609.107,2649.711,2821.836,2615,3067.167,2644.75
3510.6,2856.083,2996.8,2922.52,3183.96,2787.143,2691.653,2585.614,2792.438,3099.678,2987.45,3096.792,2981.339,2610.125,2605.893,2636.692,2818.436,2631.2,3037.167,2659.4
3467.25,2860.75,3011.567,2958.6,3199.16,2780.572,2677.194,2584.818,2822.188,3071.75,2977,3077.917,2985.428,2624.625,2608.072,2641.769,2812.709,2614.12,3057.083,2616.1
3510.65,2848.5,2992.633,2957.64,3189.32,2799.428,2672.931,2589.674,2810.562,3076.25,2989.4,3095.417,2976.607,2633.625,2608.928,2637.692,2816.146,2614.8,3041.75,2645.6
3519.35,2852.542,3006.067,2970.52,3179.44,2776.143,2679.847,2582.462,2796.25,3060.857,2979.95,3098.083,2985.268,2615.375,2614.643,2653.019,2815.764,2622.16,3054.833,2639.3
3498.9,2844,3008.033,2952.28,3174.08,2776.5,2693.097,2586.492,2812.375,3084.607,2993.45,3082.583,2979.5,2632.333,2610.072,2656.558,2815.836,2620.08,3019.417,2622
3500.25,2855.25,2995.533,2941.24,3205.84,2796.893,2681.667,2586.242,2794.25,3082.322,2993.1,3115,2972.375,2642.25,2600.036,2661.154,2815.582,2625.04,3068.75,2626.2
3547.45,2855.833,3014.667,2936.32,3192.08,2790.428,2693.403,2588.705,2803.938,3068.786,2978.2,3096.458,2988.5,2635.458,2616.322,2652.827,2822.909,2640.52,3065.75,2640.25
3536.8,2854.042,3014.533,2930.6,3198.2,2769.036,2677.444,2590.765,2811.312,3100.428,3013.9,3117.208,2991.036,2628.208,2621,2643.135,2814.618,2624.68,3064.5,2620
3554.1,2838.792,3008.2,2921.84,3161.4,2785.393,2683.847,2582.758,2789.688,3065.893,2958.9,3121.875,2972.322,2636.875,2607.214,2644.865,2806.764,2632.24,3080.583,2660.95
3531.3,2846.375,3008.967,2946.4,3180.24,2775,2690.583,2578.909,2801.938,3085.5,3001.7,3103.625,2995.589,2623.417,2606.964,2654.211,2798.182,2618.6,3101.75,2647.35
3547.1,2849.833,3016.267,2948.32,3160.56,2783.928,2672.125,2588.659,2805,3077.464,3000.9,3074.917,2987.678,2635.083,2605.143,2643.519,2818.036,2633.44,3113.417,2632.25
3553.45,2853.958,3022.1,2969.32,3182.2,2773.607,2682.542,2589.22,2795.688,3071,2994.05,3085.917,2984.75,2635,2622.107,2647.019,2811.491,2631.32,3086.667,2663
3570.85,2865.542,2998.567,2964.08,3188.96,2761.214,2677.389,2582.348,2825.25,3058.822,3006.1,3123,2981.214,2644.333,2615.393,2649.346,2810.473,2615.92,3061.833,2669.25
3536.05,2854.833,3026.1,2974.4,3192,2772.143,2681.514,2585.689,2813.75,3072.357,2980.25,3087.375,2974.143,2623.708,2607.536,2658.461,2807.818,2633.28,3084.667,2658.95
3557.6,2864.25,3004.133,2949.2,3187.56,2779.964,2676.278,2582.03,2794.375,3069.5,3006,3098.208,2981.661,2619.167,2592.822,2635.865,2824.909,2632.12,3072.667,2638.3
3565.9,2844.917,2993.8,2963.52,3173.64,2777.214,2679.819,2583.311,2821.375,3084.786,2995.3,3088.917,2983.964,2644.208,2606,2661.135,2823.036,2626.56,3079.583,2676.5
3531.6,2850.875,2996.667,2945,3194.88,2765.428,2680.319,2588.053,2796.562,3088.5,2983.3,3105.458,2979.018,2624.542,2613.107,2653.096,2809.255,2634.16,3072.583,2650
3548.5,2836.583,3010.033,2958.68,3190.84,2761.607,2682.139,2588.659,2806.375,3078.107,2974.05,3101.875,2978.232,2621.5,2598.286,2657.846,2809.6,2632.8,3051,2660.95
3537.6,2849.292,2996.367,2955.72,3189.96,2789.393,2684.861,2581.788,2799.125,3060.393,2972.15,3083.667,2976.893,2634.292,2587.822,2660.039,2812.909,2646.36,3065.417,2633.2
3530.65,2860.5,2990.9,2963.6,3193.2,2775.572,2677.806,2586.72,2797.938,3049.893,2963.1,3072.292,2973.714,2612.833,2613.536,2657.231,2821.473,2633.04,3078.5,2642.25
3534.65,2846.542,3002.8,2962.48,3186.28,2787.357,2673.736,2581.189,2833.938,3085.75,2966.3,3105.458,2985.411,2629.708,2610.607,2644.154,2812.164,2635.2,3064.917,2651.65
3543.05,2850.375,3007.8,2922.96,3186.4,2773.214,2666.861,2588.417,2795.5,3050.214,2986.75,3111.5,2987.5,2620.458,2594.322,2652.615,2813.345,2619.04,3074.167,2641.2
3544.95,2853.667,3003.8,2945.76,3179.8,2780.357,2681.264,2584.909,2796.312,3084.286,2961.2,3100.583,2966.053,2610.083,2594.822,2662.904,2802.873,2633.48,3092.5,2643.35
3596.4,2860.625,3017.867,2925.4,3193.68,2792.678,2677.583,2577.583,2787.938,3059.107,2962.7,3094.25,2989.375,2629.625,2579.822,2658.173,2796.727,2614.12,3089.5,2652.5
3544.05,2857.167,2990.733,2941.48,3177,2787.107,2672.569,2589.098,2804.812,3059.178,2972,3086.125,2977.25,2623.125,2593.928,2654.039,2821.727,2650.64,3091.833,2636.45
3595.95,2835.583,3010.467,2934,3208.36,2793.643,2675.375,2576.856,2821.875,3075.25,2984.45,3109.583,2983.036,2632.792,2600.75,2672.019,2807.218,2627.88,3133.333,2659.1
3576.9,2855.542,3018.3,2953.8,3183.12,2777.786,2666.542,2582.053,2811.5,3059.536,2997.8,3104.708,2980.857,2629.042,2597.572,2655.173,2812.4,2630.92,3132.167,2664.3
3582.95,2831.458,2997.033,2968.56,3165.36,2763.893,2672,2585.561,2803.812,3071.143,2999.2,3114.5,2974.214,2618.083,2588.322,2665.558,2805.818,2645.2,3099.667,2655.1
3566.15,2857.042,3009.333,2949,3173.04,2782.786,2669.528,2583.402,2789.75,3071.928,2984.65,3092.75,2972.018,2632.042,2601.25,2660.558,2794.127,2630.2,3146.083,2668.9
3586.3,2856.208,3003.233,2946.96,3188.56,2782.464,2672.625,2586,2797.375,3076.5,2963.3,3082.792,2968.678,2638.083,2602.214,2659.923,2811.054,2623.2,3118.25,2672.8
3591.25,2847.917,2999.8,2964.36,3182.68,2779.678,2675.014,2584.318,2826.125,3078.786,3003.75,3098.833,2978.911,2645.25,2599.464,2660.173,2809.673,2647.96,3115.667,2673.65
3578.65,2845.667,3004.867,2950.4,3185.68,2776.143,2677.111,2581.841,2807.938,3055.536,2974.3,3105.708,2982.339,2610.125,2581.822,2666.808,2799.109,2638.28,3152,2673.85
3545.8,2847.792,3033.8,2950.32,3181.28,2787.714,2678.583,2587.197,2795.438,3091.928,2986.9,3101.958,2967.125,2625.75,2603.214,2664.519,2808.618,2640.76,3144.25,2684.4
3583.6,2847.875,3028.633,2954.04,3175.28,2774.893,2666.264,2589.386,2823.625,3070.393,2982.4,3087.708,2968.572,2622.708,2597.178,2657.865,2801.873,2642.08,3119.667,2683.45
3564.9,2846.583,3022.033,2928.24,3189.16,2784.214,2673.111,2591.447,2797.062,3074.822,2986.35,3104.333,2985.482,2614.167,2604,2655.827,2799.054,2646.84,3142.583,2668
3566.1,2853.417,3009.5,2952.52,3166.96,2780.607,2667.667,2582.447,2793.625,3073.678,2998.35,3084,2966.053,2639.583,2620.428,2659.039,2817.455,2645.2,3120.583,2672.2
3590.75,2830.625,3025.533,2947.92,3173.72,2787.857,2676.472,2586.614,2800.688,3059.822,3010.95,3081.417,2981.036,2629.5,2599.178,2663.211,2819.982,2643.48,3141.833,2670.4
3591.05,2854.333,3098.733,2944.44,3168.08,2787.178,2668.903,2588.235,2797.875,3079.536,2991.85,3088.5,2978.393,2630.167,2607.964,2675.711,2815.491,2658.16,3109.083,2673.1
3653.75,2861.208,3101.267,2947.16,3163.08,2785.572,2664.708,2589.311,2802.125,3058.928,3001.75,3099.667,2978.286,2623,2603.5,2660.269,2812.673,2622.8,3111.083,2672.15
3730.3,2844,3104.6,2951.2,3176.68,2759.893,2674.319,2582.644,2831.812,3079.178,2979.7,3077.625,2977.839,2615.667,2590.322,2660.019,2804.618,2631.8,3159,2681.1
3763.85,2845.25,3102.633,2945.28,3186.8,2788.893,2678.625,2590.985,2785.625,3063.143,2998.6,3090.375,2984.75,2620.917,2605.357,2664.539,2808.491,2667.4,3155,2643.15
3847,2829.083,3097.667,2961.28,3173.12,2788.678,2670.903,2586.629,2803.188,3065.893,2994.6,3099,2978.732,2631,2599.214,2661.731,2799.818,2613.08,3138,2680.65
3891.65,2859.875,3206.867,2947.64,3203.72,2772.643,2685.472,2585.553,2798.188,3077.786,3011,3080.375,2975.303,2614.708,2596.536,2649.442,2810.582,2641.48,3149.833,2666.85
3881.25,2832.25,3294.233,2966.16,3163.44,2768.928,2672.708,2582.076,2792.75,3071.25,2988.8,3097.625,2973.928,2627.833,2597.607,2660.731,2803.036,2652.4,3148.917,2679.35
3855.65,2854.5,3347.633,2959.64,3195.88,2777.072,2666.458,2585.788,2793.375,3074,3015.9,3069.25,2967.839,2620.667,2596.428,2657.885,2810.218,2634.32,3164.833,2667.5
3800.8,2826.583,3343.4,2964.84,3177.36,2770.75,2662.75,2578.447,2813.938,3076.178,2965.75,3099.125,2968.072,2638.958,2603.357,2670.096,2797.527,2655.52,3167.25,2670.1
3828.55,2832.875,3315.467,2953.76,3174.92,2768.964,2681.861,2583.652,2784.625,3067.464,2994.9,3074.042,2964.572,2631.958,2615.5,2660.365,2814.291,2637.48,3152.333,2687.05
3769.1,2844.625,3359.767,2966.24,3208.36,2775.464,2672.542,2579.985,2799.875,3074.75,2984.85,3089,2981.339,2603.042,2595.393,2668.115,2805.854,2633.6,3168.083,2708.3
3746.7,2845.917,3331.733,2947.48,3161.56,2760.393,2664.889,2584.545,2836.5,3059.678,2990.55,3098.583,2987.268,2638.292,2601.643,2665.558,2802.418,2631.28,3146.833,2686.85
3755.5,2848.417,3331.2,2959,3181.96,2771.572,2673.875,2585.492,2805.75,3088.643,2999.55,3081.792,2970.893,2606.292,2600.464,2666.654,2811.455,2637.8,3163.583,2674.85
3726.35,2832.417,3309.8,2955.24,3160.6,2767.286,2664.014,2584.348,2783.375,3065.036,2985.65,3092.333,2965.893,2592.125,2589.214,2655.577,2812.036,2637.68,3163.167,2688.4
3709.35,2839.542,3283.8,2944.92,3159.8,2792.464,2674.861,2587.083,2818.375,3066.857,2994.55,3074.5,2968.072,2624.708,2596.786,2662.154,2808.782,2639.32,3167.5,2676.7
3691.35,2838.25,3271.1,2962.56,3187.56,2768.822,2667.111,2584.515,2803.5,3074.25,2988.75,3091.042,2997.75,2628.625,2611.893,2676.769,2813.909,2646.52,3167.5,2652.95
3705.5,2856.167,3238.967,2965.4,3182.56,2771.75,2664.833,2584.932,2807.125,3043.25,3002.9,3100.333,2991.357,2619.25,2579.036,2670.75,2820.164,2648.48,3189,2671.35
3683.25,2832.583,3231.367,2952.88,3170.36,2766.036,2663.778,2583.538,2811.5,3066.714,3017.3,3083.292,2966.607,2618.083,2591.143,2663.25,2816.018,2643.52,3113.417,2650.5
3692.05,2855.167,3242.9,2951.88,3172.16,2779.178,2672.583,2590.303,2813.5,3061.822,3024.95,3084.458,2990,2623.125,2610.5,2668.692,2800.4,2630.28,3156.833,2669.15
3669.35,2830.5,3195.967,2965.72,3185.76,2775.357,2665.792,2587.652,2807.312,3078.714,2998.05,3100.917,2979.286,2627.833,2617.643,2672.077,2808.036,2660.16,3122.25,2682.55
3654.25,2839.792,3189.533,2955.36,3189.04,2794.607,2679.889,2585.061,2800.438,3056.607,2980.05,3088.167,2980.143,2622.625,2616.678,2669.385,2809.455,2643.8,3148.333,2676.85
3710.45,2851.958,3151.567,2932.24,3164.84,2763.464,2664.792,2585.977,2784.438,3052.036,2996.4,3086.292,2985.25,2622.667,2607.5,2660.769,2810.2,2650.52,3151.667,2648.55
3650.15,2857.167,3165.133,2962.12,3176.6,2786.678,2673.208,2585.061,2806.625,3057.072,2973.4,3093.833,2988.822,2619.375,2605.214,2662.558,2812.273,2641.16,3131.583,2641
3650.4,2829.583,3156.2,2951.16,3159.72,2763.964,2675.125,2583.462,2787.875,3060.678,2980.55,3077.417,2974.947,2635.333,2595.643,2659,2801.018,2634.6,3141.917,2654.45
3662.9,2841.792,3132.5,2971.76,3169.64,2755.25,2675.875,2581.152,2791.188,3046.25,3005.5,3104.208,2989.125,2628.917,2596.464,2665.481,2798.582,2650.68,3137.917,2654.05
3689.2,2837.625,3134,2920.4,3168.16,2770.678,2674.708,2582.795,2805.125,3047.964,2980.85,3077.958,2997.572,2635.833,2622.536,2659.961,2809.345,2656.44,3142.833,2674.85
3730.4,2834.833,3114.9,2963.92,3157.28,2766.072,2671.319,2580.97,2796.5,3061.214,2988.8,3097.083,2993.072,2626.458,2607.928,2647.173,2808.964,2657.32,3175.167,2682.55
3742.35,2842.958,3109.733,2949.32,3173.16,2773.964,2665.097,2577.803,2805.125,3057.572,2976.85,3076.458,2993.768,2619.167,2636.964,2658.808,2807.909,2663.72,3163.25,2684.35
3718.95,2843.583,3128.6,2966.6,3159.8,2769.214,2672.222,2585.402,2818.625,3059.143,3020.25,3078.167,2989.232,2605.333,2601.143,2670.942,2796.491,2654.8,3194,2681.95
3732.05,2844.875,3101.133,2955,3162.04,2754.25,2662.222,2577.871,2800.062,3059.572,2991.15,3099.792,2973.697,2609.5,2581.5,2661.769,2805.273,2654.04,3162.167,2688.55
3699.4,2837.875,3085.067,2942.72,3167.24,2773.786,2659.833,2579.636,2792.812,3045.107,2988.45,3099.042,2994.947,2630.708,2613.214,2670.039,2810.836,2658.24,3183,2670.35
3697.6,2836.333,3091.4,2973.72,3164.68,2759.572,2677.583,2580.803,2792.062,3062.678,2989.8,3081.167,2989.803,2611.042,2616.714,2669.5,2801.564,2651.4,3151.333,2710.35
3689.7,2817.125,3069.933,2967.16,3178.04,2766.857,2669.194,2574.22,2797.562,3055.678,3012.35,3108.583,2979.947,2624.25,2609.107,2663.115,2806.873,2634.56,3181.417,2697.65
3654.55,2838.208,3055.267,2928.32,3164.84,2780.393,2674.389,2576.803,2802.688,3057.678,3007.65,3090.708,2984.357,2628.625,2616.5,2666.692,2810.655,2648.04,3163.917,2686.65
3659.25,2827.583,3071.633,2961.6,3171.08,2762,2669.708,2581.076,2827.438,3050.786,2994.95,3095.125,2979.928,2627.958,2597.143,2668.289,2800.691,2663.24,3167.083,2715.45
3688.3,2827.708,3066.567,2953.2,3185.32,2759.5,2656.986,2577.508,2825.062,3070.857,2984.8,3090.375,2977.197,2603.083,2605.25,2668.942,2798.618,2642.96,3169.25,2715.9
3686.25,2827.042,3045.067,2952.52,3176.56,2755.857,2669.181,2581.818,2799.312,3077.893,2996.7,3077.208,2987.197,2611.333,2615.25,2675.192,2792.273,2638.8,3186.583,2712.1
3705.45,2837.708,3049.9,2936,3183,2767.107,2666.083,2580.129,2803.812,3060.107,2999.85,3093,2991.964,2622.417,2604.786,2660.827,2810.364,2651.64,3146.583,2704.05
3713.6,2819.208,3036.8,2955.16,3162.96,2780.107,2667.833,2583.871,2806.25,3072.5,3009.6,3076.708,2995.482,2610.25,2593.5,2659.731,2792.709,2650.36,3169.5,2687.1
3720,2836.75,3042.967,2953.36,3168.96,2783.036,2662.75,2587.364,2797.438,3070.928,3007.25,3087.708,2982.339,2609.792,2619.607,2682.442,2809.4,2650.44,3175.25,2676.85
3721.05,2806.25,3033.433,2954.04,3167.4,2754.928,2664.014,2587.871,2798.125,3087.5,2990.1,3071.875,2973.75,2618.875,2596.072,2665.558,2802.418,2658.24,3180.75,2656.85
3707.8,2819.083,3043.1,2948.4,3165.48,2776.786,2664.472,2585.288,2791.812,3074,3002.85,3106.417,2992.5,2622.208,2595.107,2670.961,2809.127,2671.68,3166.833,2682.2
3711.7,2814.583,3043.133,2945.84,3169.48,2772.536,2667.069,2578.144,2797.188,3068.5,2991.6,3095.458,2990.393,2620.375,2604.143,2662.981,2795.909,2646.48,3189.167,2683.95
3721.2,2821.833,3021.4,2947.88,3184.4,2784.072,2668.819,2582.394,2802.625,3073.178,2997.45,3090.833,2993.053,2618.875,2599.822,2678.173,2804.382,2654.2,3176.417,2705.95
3732.8,2841.5,3023.433,2949.8,3156.56,2769.322,2662.486,2581.833,2784,3055.286,3013.65,3085.292,2984.107,2620.458,2599.393,2675.673,2818.218,2653.44,3197.417,2701.55
3725.75,2798.5,3027,2960.64,3166.28,2768.072,2672.083,2587.053,2778.938,3080.572,3009.85,3088.458,3003.572,2631.625,2593.964,2685.289,2805.764,2667.72,3154.917,2709
3733.85,2821.708,3018.8,2959.24,3177.44,2763.893,2671.486,2579.159,2834.062,3062.964,3029.6,3068.292,2996.643,2617.875,2603.107,2672.019,2794.018,2670.2,3206.667,2703.05
3729.4,2822,3035.467,2970.12,3159.52,2761.607,2667.917,2583.417,2810.125,3076.143,3013.1,3109.292,2969.714,2626.542,2609.714,2670.039,2805.273,2669.88,3196.833,2687.9
3731.5,2822.042,3014.367,2954.52,3170.4,2761.214,2666.542,2571.902,2807.875,3070.786,3016.65,3086.625,2973.625,2627.708,2594.786,2663.846,2803.982,2656.12,3196.917,2687.65
3704.9,2819.958,3008.067,2950.72,3168.4,2763.393,2666.097,2587.205,2787.812,3059.322,3024,3084.75,2994.518,2614.208,2585.322,2668.115,2797.4,2655.6,3163.417,2675.35
3757.1,2806.875,3018.4,2943.24,3176.52,2755.75,2671.917,2570.591,2792.062,3055.893,3023,3080.833,2973.428,2633.667,2606.678,2676.577,2817.509,2634.24,3156.083,2656.35
3694,2843.542,3008.2,2949.44,3181.44,2766.464,2651.069,2576.591,2805.812,3068.928,2996.75,3087.833,2986.589,2610.917,2595.072,2678.789,2781.4,2645.28,3150.833,2676.25
3704.65,2818.417,3008.933,2940.36,3158.16,2761.393,2665.5,2576.583,2808.312,3067.143,3027.5,3100.583,2975.839,2624.25,2599.143,2676.25,2799.418,2644.12,3147.25,2678
3695.3,2854.292,3005.067,2950.36,3160.56,2766,2648.597,2571.818,2815.625,3050.322,3014.2,3089.5,2994.732,2622.375,2608.357,2672.289,2796.127,2656.4,3178,2698.25
3670.2,2844.542,3025.433,2954.24,3161.6,2757.143,2671.028,2572.364,2799.812,3082.857,3025.15,3096,2988.625,2623.875,2607.357,2653.231,2803.018,2641.88,3165.083,2666.4
3694.5,2817.625,3018.4,2969.72,3131.8,2786.464,2666.292,2582.962,2782.688,3062.464,3001.1,3083.167,2979.678,2633.375,2602.75,2665,2786.891,2663.76,3166.667,2677.55
3687.05,2832.417,3003.533,2941.12,3175.16,2753.178,2657.819,2572.258,2809.25,3061.357,3037.8,3083.5,2993.464,2610.875,2617.678,2676.539,2797.655,2654.36,3156.667,2682.95
3673.6,2836.292,2991.467,2950.12,3159.84,2774.928,2659.972,2577.068,2786.688,3084.322,3007.65,3081.333,2987.607,2631.375,2609.607,2654.981,2796.273,2652.76,3194.833,2666.85
3674.95,2826.667,2993.533,2952,3172.96,2774.964,2659.611,2572.258,2827.125,3058.143,3022.15,3082.292,2976.161,2609.833,2616.928,2670.865,2791.909,2664.16,3189.667,2663.9
3649.65,2820.625,2998.067,2925.92,3149.52,2742.428,2662.208,2575.742,2783.75,3067.678,3005.2,3103.292,2974.947,2616.625,2615.893,2662.173,2803.964,2668.52,3194.833,2680.55
3618.8,2818,2999.767,2923.2,3156.24,2768.536,2652.333,2577.803,2799.562,3055.036,3039.25,3091.667,2972.089,2626.958,2606.107,2668.289,2797.146,2657.28,3193.417,2683.6
3642.7,2838.542,3001.533,2959.64,3158.84,2774.75,2659.181,2577.909,2794.5,3046.428,3029.05,3090.125,2985.661,2624.083,2627.107,2677.731,2793.436,2644.84,3210.083,2667.8
3644.8,2828,2990.733,2930.8,3149.44,2788.393,2655.264,2571.909,2778.875,3058,3027.2,3073.542,2976.518,2612.333,2615.428,2668.423,2801.218,2642.84,3194.583,2664.15
3641.4,2835.375,2989.733,2938.2,3156.8,2754.357,2670.806,2573.258,2795.375,3058.822,3058.6,3092.958,2985.625,2606.042,2601.536,2674.154,2795.982,2646.28,3185.333,2671.6
3666.5,2828.458,3004.733,2955.84,3155.12,2750.214,2668.083,2570.015,2780.938,3050.643,3024.2,3080.292,2979.286,2613.375,2613.286,2688.789,2795.927,2655.68,3200.75,2694.45
3634.75,2832.083,2996.267,2943.2,3191.6,2754.428,2663.931,2575.735,2810.188,3065.714,3037.4,3063.083,2988.339,2633.042,2628.143,2662.981,2798.854,2655.24,3227.75,2701.4
3665.05,2807.375,3002.833,2946.92,3164.08,2780.786,2652.319,2576.962,2802.438,3045.036,3048.6,3075.958,2976.268,2615.667,2601.5,2668.365,2794.473,2661.48,3177.917,2690.65
3647.05,2825.417,2999.6,2950.96,3149.4,2769.428,2653.681,2582.477,2777.375,3080.893,3028.75,3084.083,2970.125,2632.5,2605.643,2680.827,2796.745,2652.28,3227.583,2691.65
3639.65,2821.708,3026.967,2958.04,3149.6,2769.464,2663.722,2569.538,2800.875,3071.714,3016.25,3089.667,2984.268,2633.292,2594.322,2672.635,2788.182,2659.8,3209.917,2706.35
3607.3,2813.458,2990.267,2953.88,3180.4,2737.714,2663.431,2571.826,2815.688,3071.286,3047.4,3080.75,2982.964,2619.375,2615.178,2682.346,2795.946,2644.68,3220.417,2669.5
3662.35,2823.167,3002.967,2966.04,3144.32,2764.678,2660.222,2580.568,2821.875,3075.214,3024.55,3090.583,2989.911,2627.333,2624.714,2677.211,2797.8,2649.44,3211.75,2671.65
3664.65,2830.792,2981.1,2976.12,3163.2,2756.75,2664.889,2573.205,2802.375,3069.786,3021.25,3076.875,2983.518,2635.458,2607.25,2670.308,2795.273,2653.48,3204.917,2671.65
3624,2821.708,2982.667,2952.56,3151.44,2771.607,2656.167,2573.674,2792.5,3065.072,3044.15,3081,2987.322,2620.208,2601.25,2677.385,2793.636,2657.4,3226.833,2678.1
3641.3,2831.333,3007,2950.6,3163.52,2762.893,2660.056,2580.432,2806.188,3058.464,3048.55,3093.417,2986.411,2636.5,2609.214,2670.769,2788,2668.76,3214.667,2681.65
3644.15,2823.375,2991.833,2930.08,3147.24,2754.536,2655.333,2576.068,2808.562,3057.357,3047.2,3056.583,2981.589,2623.375,2614.5,2683.385,2803.309,2672.36,3185.917,2685.4
3634.8,2816.958,2997.933,2946.68,3170.76,2738.393,2653.25,2574.614,2802.75,3081,3035.55,3097.5,2976.75,2630.25,2626.857,2678.385,2784.873,2660.96,3190.5,2680.85
3643.2,2839.208,2993.367,2959.12,3154.68,2744.822,2660.458,2576.568,2806,3066.393,3057.95,3079.708,2983.036,2635.083,2605.607,2672.635,2785.218,2667.64,3207.583,2675.3
3627.7,2811.125,2972.667,2955.04,3140.52,2760.357,2656.611,2580.076,2778.375,3056.25,3043.2,3059.167,2972.482,2628.667,2616.536,2670.385,2784.345,2671.4,3209.667,2671.75
3597.75,2822.667,3008.567,2947.84,3130.4,2755.286,2663.889,2581.341,2795.75,3054.322,3037.85,3078.042,2985.928,2631.542,2619.286,2673.539,2797.673,2702.32,3197.167,2684.4
3601,2815.708,2995.633,2952.56,3151.64,2750.893,2649.028,2577.659,2782.5,3057.643,3040.2,3065.208,2984.536,2618.833,2600.964,2678.731,2792.146,2673.44,3191.25,2683.95
3599.8,2828.542,2990.2,2955.76,3167.48,2749.893,2664.111,2572.788,2816.375,3070.822,3044.1,3074.875,2972.268,2602.708,2620.322,2684.711,2782.364,2687.8,3203.417,2683.5
3582.65,2840.583,2996.967,2951.2,3154.96,2751.107,2677.347,2576.394,2788.438,3056.178,3036.85,3086.417,2960.197,2615.75,2605.428,2671.5,2791.091,2689.6,3231.667,2675.2
3626.9,2839.625,2999.633,2961.76,3147,2749.464,2652.375,2569.409,2774.875,3073.428,3037.6,3065.917,2978.357,2627.542,2626.107,2672.519,2793.527,2678.64,3212.833,2670.2
3630.2,2823.708,2993.667,2945.96,3166.32,2746.286,2659.972,2565.303,2800.375,3041.214,3061,3078.292,2984.303,2628.625,2595.5,2678.442,2789.436,2671.48,3187.5,2682.25
3611.65,2828.292,2980.033,2961.92,3141.32,2761.678,2660.486,2582.242,2792.312,3046.607,3011.3,3080.292,2983.697,2633.75,2621.072,2658.789,2785.673,2679.28,3194.917,2676.7
3601.15,2836.875,2982,2948.08,3155.72,2735.036,2653.694,2569.364,2772.875,3060.107,3039.5,3088.167,2976.714,2621.625,2619.393,2672.154,2787.564,2692.16,3233.417,2671.75
3613.1,2795.917,2986.7,2957.04,3134.4,2746.643,2657.222,2575.795,2790.688,3071,3036.45,3086.958,2989.75,2627.5,2608.75,2673.692,2795.054,2669.04,3215.5,2657.6
3595.7,2820,2984.167,2936.04,3155.08,2749.25,2662.347,2565.909,2780.188,3057.678,3047.15,3067.125,2989.322,2628.25,2613.607,2663.5,2804.255,2676,3134.917,2686.15
3594.95,2837.917,2981.133,2957.76,3153.56,2733.678,2664.056,2566.455,2796.25,3059.714,3058.7,3082.042,2965.072,2619.167,2597.072,2672.808,2796.4,2692.96,3201.833,2678.75
3597.8,2831.833,2979.833,2930.56,3143.44,2765.786,2663.194,2562.136,2805.375,3054.286,3028.5,3060.208,2983.303,2643.208,2609.286,2676.154,2795.018,2681.44,3179.5,2677.25
3602.35,2826.875,2978.167,2946.96,3143.6,2758.928,2663.611,2568.409,2803.938,3074.786,3013,3066.125,2992.714,2629.083,2606.822,2676.846,2787.946,2673.76,3199.917,2679.85
3616.25,2825.083,2993.767,2962.88,3149.04,2757.464,2657.528,2574.477,2792.25,3057.107,3062.25,3082.083,2971.786,2628.375,2602.607,2663.539,2792.964,2690.36,3210.167,2667.5
3591,2841.708,2997.7,2952.04,3149.36,2751.857,2669.333,2565.523,2813.75,3053.214,3052.2,3105.917,2969.75,2638.167,2609.678,2688.192,2791.982,2702.72,3223.333,2677.6
3577.95,2822.708,2995.467,2940.12,3141.48,2749.25,2649.458,2564.879,2797.188,3034.036,3048.5,3093.875,2976.697,2636.708,2601.678,2680.442,2782.146,2695.96,3187.167,2672.3
3558.25,2822.542,3009.067,2923.24,3154.28,2744.678,2653.417,2565.25,2774,3057.428,3051.65,3074.25,2963.286,2628.042,2612.107,2675.904,2786.564,2703.88,3198.25,2684.35
3563.3,2812.958,3000.833,2952.4,3165.52,2751.678,2665.111,2569.258,2781.5,3048.786,3045.1,3052.5,2978.518,2615.917,2608.322,2680.365,2791.509,2696.48,3215.75,2694.85
3563.75,2835,2965.8,2946.72,3135.32,2760.5,2650.153,2572,2793.375,3052.214,3039.65,3065.75,2961.875,2628.167,2617.857,2678.211,2784.964,2687.68,3176.417,2677.45
3567.85,2824.292,2986.567,2957.96,3148.36,2760.893,2670.736,2567.735,2794.375,3045.714,3030.05,3070.25,2967.411,2625.5,2600.464,2668.423,2787.4,2675.72,3179.25,2662.4
3569.25,2828.833,2979.967,2928.2,3143.8,2736.928,2658.292,2567.545,2790.375,3047.464,3039.4,3068.875,2974.107,2634.458,2611.143,2670,2790.6,2697.12,3192,2698.5
3588.85,2820.667,3002.533,2948.96,3145.6,2742.928,2645.389,2570.121,2798.375,3048.964,3008.65,3046.458,2968.678,2640.042,2610.143,2681.231,2791.255,2692.88,3244.25,2680.35
3559.05,2820,2984.133,2951.52,3125,2758.5,2646.111,2574.795,2791.812,3034.857,3060.35,3083.708,2973.553,2639.708,2612.357,2668.635,2783.527,2688.88,3192.75,2686.5
3570.6,2810.792,2977.033,2935.36,3124,2753.286,2655.333,2569.265,2780.312,3052.393,3025.3,3072.708,2964.375,2623.583,2612.75,2685.654,2774.564,2673.92,3223.333,2664.7
3565.5,2789.167,2960.133,2950.72,3136.44,2726.5,2651.375,2566.432,2782.625,3059.214,3013.8,3072.042,2978,2626.792,2607.072,2663.442,2787.455,2694.56,3217.75,2687.45
3551.65,2820.75,2965.467,2945.04,3142.8,2742.036,2644.181,2571.553,2781.812,3062.678,3018.55,3061.667,2970.839,2627,2603.357,2659.75,2780.2,2674.76,3237.833,2680.4
3541.45,2816.208,2965.767,2935.76,3144.52,2747.143,2659.667,2564.667,2783,3041.607,3036.3,3069.042,2970.053,2619.75,2605.25,2677.711,2777.545,2704.92,3225.583,2707.85
3558.5,2795.083,2972.467,2934.48,3142.8,2758.286,2646.403,2571.424,2804.062,3050.893,3045.25,3024.625,2973.107,2622.917,2607.428,2669.539,2776.364,2692.92,3221.333,2691.05
3578.3,2816.042,3000.7,2951.6,3158.12,2762.214,2642.681,2566.667,2780.875,3060.786,3056.5,3054.708,2960.714,2628.583,2605.786,2677.039,2779.964,2700.24,3232.333,2699.5
3548.55,2797.5,2989.3,2928.32,3148.4,2742.428,2661.833,2566.848,2774,3044.214,3036.65,3045.833,2977.572,2644.458,2600.607,2681.365,2781.182,2698.24,3218.583,2691.8
3558.9,2809.083,2983.567,2933.64,3158.12,2746.607,2646.167,2569.098,2776.938,3063.178,3024.25,3080.5,2968.197,2638.125,2601.822,2672.154,2786.364,2711.6,3223.25,2691.05
3578.8,2819.958,2976.167,2943.08,3150.04,2727.786,2642.931,2567.508,2775.188,3055,3033.6,3065.5,2972.268,2648.792,2609.893,2672.885,2793.455,2690.52,3204.25,2669.75
3558.2,2810.542,2964.9,2959.56,3142.6,2755.072,2642.194,2562.545,2776.125,3039.178,3032.3,3095.542,2959.661,2621.833,2594.357,2669.25,2778.018,2696.6,3211.333,2698.7
3557.5,2800.792,2960.333,2947.08,3138.12,2732.536,2656.486,2565.583,2786.188,3061.143,3043.95,3060.667,2961.143,2628.042,2612.822,2694.327,2790.655,2705.2,3231.25,2698.7
3532.25,2811.75,3003.5,2956.44,3128.48,2736.357,2656.264,2569.72,2781.938,3051.5,3055.25,3073.125,2966.411,2633.458,2614.75,2679.385,2795.545,2706.6,3226.417,2704.05
3577.85,2817.5,2982.733,2960.92,3175.6,2740.286,2649.972,2566.985,2798.125,3054,3035.5,3080.708,2973.589,2611.875,2600.678,2686.019,2791.782,2731.88,3200.5,2711.95
3553.7,2824.917,2994.233,2931.08,3150.36,2744.143,2647.028,2572.78,2808.5,3049.428,3065.05,3065.792,2972.875,2635.917,2617.643,2677.385,2780.709,2720.56,3230.75,2697.8
3545.4,2821.167,2989.433,2936.84,3120.72,2741.107,2651.889,2568.947,2827.5,3030.393,3053.6,3052.667,2983.303,2640.958,2614.143,2673.269,2781.946,2706.24,3215.083,2691.15
3549.7,2811.375,2983.967,2932.88,3147.2,2740.036,2654.347,2560.773,2789.125,3068.214,3035.5,3045.583,2969.268,2624.5,2603.786,2673.961,2775.491,2703.12,3200.167,2698.6
3546.45,2818.25,2992.367,2939.56,3140.52,2731.572,2654.25,2563.523,2780,3059.072,3035.3,3083.292,2959.5,2633.625,2611.5,2680.019,2781.946,2717.56,3239.583,2706.45
3560.35,2817.417,2974.767,2939.52,3149.16,2744.036,2638.611,2563.348,2790.688,3036.607,3033.25,3060.917,2975.786,2630.792,2619.786,2671.558,2785.455,2698.36,3235,2697.25
3557.8,2822.958,2975.133,2934.6,3114.4,2743.964,2648.444,2567.576,2799.312,3052.25,3037.3,3057.583,2965,2648.417,2595.286,2668.635,2788.673,2723.04,3201,2713.25
3557.3,2817.667,2979.533,2940.08,3133.44,2746.322,2650.736,2569.439,2792.438,3054,3049,3072.208,2963.143,2628.833,2617.536,2684.827,2794.382,2720.2,3225.25,2713.25
3572.85,2828.958,2969.7,2935.64,3162.48,2735.786,2653.375,2572.045,2789.438,3036.25,3016.3,3063.333,2960.553,2633.042,2601.25,2684.558,2784.927,2705,3227.25,2689.85
3557.1,2811.958,2975.567,2963.48,3147.96,2742.964,2645.222,2569.841,2792.812,3033.893,3029.5,3088.25,2967.482,2645.792,2612.464,2683.673,2792.218,2716.56,3194.667,2702.8
3543.5,2802.917,2983.433,2931.08,3141.08,2719.25,2653.417,2563.682,2785.938,3046.107,3030.45,3053.167,2974.357,2648,2613.322,2678.808,2785.291,2699.36,3230.833,2699.95
3551.05,2803.417,2981.3,2933.2,3166.12,2744.322,2645.875,2561.227,2782.812,3033.714,3040.3,3034.125,2962.643,2641.833,2615.322,2673.385,2780.909,2725.8,3243.083,2701.4
3569.75,2806.167,2978.8,2940.2,3124.36,2739.25,2634.681,2574.144,2794.688,3044.428,3040.9,3065.583,2954.803,2641.125,2603.822,2693.192,2775.054,2711.08,3250.917,2698.3
3536.85,2808.042,2998.133,2939.68,3130.48,2726.072,2646.944,2568.636,2771.188,3041.178,3053,3058.375,2969.464,2626.833,2627.286,2667.019,2781.127,2713.24,3253.167,2715.3
3558.15,2808.083,2967.133,2943.24,3146.84,2740.036,2635.972,2560,2781.562,3039.107,3017.95,3061.708,2969.911,2636.25,2603.322,2681.442,2785.527,2699.76,3201.167,2691.85
3530.95,2818.333,2972.833,2937.52,3124.36,2730.107,2645.222,2562.462,2803.625,3030.607,3033.05,3081,2964.447,2623.125,2618.857,2682.731,2783.909,2693.2,3217.333,2703.2
3557.2,2817.167,2970.667,2937.04,3124.16,2733.822,2654.389,2560.538,2788.688,3022.893,3062.3,3051.083,2965,2630.208,2643.893,2673.885,2782.345,2665.68,3214.417,2691.6
3560.55,2809.208,2972.3,2928.48,3133.48,2731.036,2637.875,2556.159,2797.375,3051.428,3055.05,3063,2972.964,2625.792,2616.893,2679.481,2786.964,2686.36,3202.083,2691.75
3557.85,2809.125,2983.033,2951.16,3124.36,2735.322,2638.167,2563.409,2784.375,3049.572,3071.4,3062.375,2967.357,2632.792,2626,2675.211,2784.8,2688.12,3227.417,2690.7
3555.7,2809.417,2983.367,2914.8,3145.6,2720.714,2650.347,2557.773,2788.375,3044.107,3033,3047.542,2973.143,2649.542,2627.5,2673.308,2778.854,2691.48,3223.583,2702.9
3572.65,2811.875,2979.167,2935.64,3130.36,2737.107,2646.264,2559,2781.312,3046.464,3045.8,3068.375,2956.339,2653.083,2624.036,2676.289,2766.054,2677.28,3215.833,2690.85
3539.1,2791.958,2966.2,2939.72,3111.04,2732.643,2639.125,2564.652,2806.062,3030.036,3040,3049.292,2974.107,2634.417,2614.072,2682.289,2770.473,2687.92,3231.75,2707.85
3533.9,2775.458,2995.367,2930.2,3113.76,2730.143,2644.292,2564.333,2795.688,3036.5,3037.35,3061.5,2963.464,2637.75,2643.607,2672.115,2785.545,2697.44,3208.083,2708.1
3548.95,2792.625,2975.8,2958.44,3106.52,2741.107,2643.222,2560.652,2791.312,3045.928,3025.8,3070.875,2954.572,2637.75,2640.072,2683.25,2776.291,2695.88,3242.5,2683.2
3530.6,2802.875,2963.733,2925.36,3144.64,2722.75,2642.333,2567.076,2780.812,3049.822,3054.5,3064.708,2960,2633.458,2623.607,2674.75,2778.764,2695.6,3209,2695.7
3555.7,2808.333,2975.2,2930.76,3130.16,2752.286,2652.736,2558.5,2784.812,3048.143,3064.5,3047.708,2970.178,2653.875,2636.428,2685.808,2777.146,2707.2,3228.75,2682.8
3560.15,2803.667,2979.033,2922.84,3118.8,2716.107,2645.931,2560.455,2795.25,3038.75,3048.25,3047.042,2959.036,2651.625,2643.75,2689.173,2772.982,2720.44,3221.833,2684.55
3555.55,2792.167,2964.633,2925.56,3125,2738.893,2644.958,2562.008,2781.812,3037.072,3072.85,3044.083,2962.036,2639.625,2631.072,2680.461,2779.509,2701.4,3225.5,2712.7
3506,2808.5,2971.6,2923.56,3137.76,2738.464,2641.306,2559.424,2800.938,3033.572,3038.95,3055.375,2956.572,2645.458,2645.178,2688.365,2786.854,2699.16,3203.333,2717.75
3530.95,2809.167,2979.733,2932.88,3149.64,2712.178,2636.486,2557.811,2780.812,3048.178,3058.45,3067.583,2971.428,2639.708,2632.964,2678.731,2771.036,2706.44,3231.25,2702.6
3518.8,2828.167,2959.167,2936.12,3133.04,2744.643,2642.597,2556.242,2786.375,3028.786,3057.65,3066.5,2966.964,2621.583,2641.75,2680.539,2781.255,2696.68,3230,2702.5
3514.2,2805.958,2968.333,2924.08,3139.76,2730.857,2641.042,2558.492,2786,3020.25,3043.7,3091.167,2973.5,2645.958,2651.714,2677.711,2773.436,2702,3223.25,2698.3
3549.35,2797.833,2950.567,2933.04,3135.88,2732,2639.153,2549.97,2779.812,3026.893,3046.4,3049.125,2964.125,2629.917,2628.822,2670.115,2783.418,2712.8,3229.5,2696.55
3526.4,2797.833,2966.9,2951.96,3135.84,2731.322,2644.153,2558.121,2787.188,3030.143,3052,3057.75,2958.178,2631.208,2637.178,2687.673,2775.4,2696.88,3205.5,2720.4
3577.6,2806.458,2981.933,2937.04,3120.48,2716.107,2644.014,2567.439,2797.188,3035.714,3020.85,3046,2949.518,2635.792,2632.357,2688.865,2776.545,2701.84,3253,2713.85
3536.65,2790.5,2971.1,2943.92,3149.28,2720.286,2635.236,2559.242,2778.625,3032.607,3043.2,3046.833,2952.875,2622.583,2636.928,2679.827,2765.745,2692.32,3223.917,2684
3556,2810.958,2960.233,2931.96,3132.8,2722.714,2637.986,2558.447,2777.875,3053.643,3045.15,3063.542,2946.964,2651.375,2643.428,2674.731,2765.309,2712.36,3189.417,2704.35
3555.75,2811.625,2972.2,2938.72,3122.12,2699.143,2638.222,2564.742,2784.188,3062.214,3056.85,3030.583,2970.178,2640.625,2649.464,2681.115,2763.018,2713.92,3227.917,2696.35
3532.35,2799.042,2975.333,2945.44,3116.96,2713.5,2625.597,2553.386,2773.125,3013.357,3057,3047.833,2948.661,2638.708,2637.072,2692.442,2770.982,2712.56,3223.917,2705
3533.15,2778.625,2958.533,2933.12,3134.24,2736.536,2644.097,2556.856,2766.5,3035.643,3033.35,3042.875,2960.75,2632.875,2643.107,2684.539,2784.036,2709.08,3232.833,2690.15
3549.95,2788.25,2973.967,2947.92,3123.16,2724.428,2631.208,2555.947,2795.875,3051.928,3033,3044.25,2948.625,2623.167,2641.714,2683.25,2780.891,2717.72,3210.833,2692.5
3543.2,2794.708,2963.233,2904.52,3146.96,2722.857,2632.236,2559.159,2787.875,3027.786,3019.85,3050.25,2955.286,2648.208,2633.822,2684.019,2769.745,2742.04,3226,2696.9
3553.8,2797.5,2963.5,2931.76,3112.52,2711.286,2634.583,2558.47,2804.625,3053.072,3042.95,3051.375,2954.107,2643.625,2658.678,2688.865,2764.946,2723.24,3226.75,2677.9
3551.7,2804.167,2952.7,2939.12,3133,2705.5,2638.958,2561.424,2779.625,3058.714,3024.25,3031.083,2949.25,2652.708,2652.286,2680.577,2769.982,2712.48,3222.333,2683.5
3539.35,2798.083,2962.933,2926.8,3129.2,2728.357,2642.528,2552.583,2782.438,3028.964,3037.55,3037.75,2956.303,2639.875,2633.143,2696.231,2780.709,2735.8,3213.083,2685.45
3540.2,2796.708,2952.833,2938.84,3116,2709.928,2636.75,2553.083,2790.938,3017.036,3022.35,3042.708,2953.107,2668.708,2649.964,2678.231,2773.764,2732.24,3232.333,2702.8
3522.05,2793.667,2963.1,2915.88,3114.96,2726.072,2636.764,2555.553,2775.875,3016.643,3046.6,3046.75,2957.214,2634.917,2644,2683.827,2785.218,2732.96,3237.417,2718.9
3555.15,2798.167,2978.1,2917.04,3134.76,2716.25,2626.25,2556.508,2759.812,3014.536,3030.4,3033.583,2956.161,2638.333,2649.5,2690.019,2769.436,2711.52,3228.667,2708.75
3529.7,2792.542,2954.633,2934.16,3112.4,2723.214,2638.042,2561.462,2766.938,3032.036,3029.6,3040.292,2950.875,2648.333,2644.964,2682.865,2770.909,2715.04,3255.417,2709.1
3533.25,2807.375,2984.433,2927.4,3102.36,2719.25,2639.833,2558.909,2787.562,3030.75,3044.1,3062.792,2967.839,2641.75,2648.928,2692.942,2779.182,2707.48,3223.25,2692.1
3538.8,2791.25,2968.233,2948.4,3114.52,2721.5,2631.125,2559.008,2796,3033.464,3060.35,3053.417,2961.322,2642.167,2647.857,2678.5,2783.545,2702.64,3206.333,2706.9
3562.85,2819.708,2955.4,2916,3157.12,2709.25,2636.097,2554.462,2789.188,3062.036,3040.4,3066,2963.161,2656.792,2655.322,2683.404,2774.854,2702.16,3230.667,2699.7
3546.2,2798.333,2991.867,2941.68,3121.64,2725.036,2634.778,2557.538,2778.312,3017.643,3041.15,3056.958,2959.857,2654.042,2633.75,2680.692,2769.982,2720.16,3216.75,2725.7
3527.5,2788.125,2960.7,2939.8,3086.96,2720.607,2635.389,2564.78,2773.812,3022.964,3046.75,3063.333,2956.268,2661.875,2641.75,2679.269,2771.818,2708.16,3226.083,2703.5
3529.3,2793.208,2964.367,2912.96,3107.64,2726.107,2635.792,2550.25,2767.938,3028.678,3030.1,3049.208,2950.482,2663,2647.75,2667.385,2769.236,2724.48,3199.417,2685.95
3539.55,2799.417,2960.433,2928.88,3134.68,2725.178,2637.542,2559.909,2774.938,3028.5,3035.2,3043,2961.322,2647.917,2627,2684.211,2777.273,2721.6,3218.5,2691.6
3551.65,2793.417,2963.467,2937.12,3136.4,2728.072,2636.194,2546.621,2783.562,3032,3061.55,3040.375,2958.286,2638.167,2635.572,2689.846,2773.073,2725.72,3191,2701.7
3550,2795.75,2978.833,2938.12,3113.52,2719.786,2628.875,2556.136,2772.875,3008.786,3028.45,3049,2965.803,2668.583,2626.75,2679.481,2786.782,2721.52,3185.417,2705.55
3544.8,2792.333,2961.867,2916.44,3096.48,2729.178,2641.014,2551.568,2788.25,3030.75,3023.8,3052.375,2953.678,2656.292,2642.964,2673.058,2763.891,2714.92,3218.167,2727.55
3530.9,2803.542,2945.867,2927.72,3109.4,2732.643,2624.514,2557.394,2759.062,3012.036,3052.85,3057.792,2964.732,2656.667,2636.214,2686.981,2770.218,2723.44,3238.25,2709.3
3521.25,2791.333,2969.367,2933.28,3122.36,2700.893,2638.667,2552.288,2785.312,3026.928,3033.7,3049.708,2944.357,2661.917,2617.714,2674.539,2781.6,2719.96,3197.75,2713.35
3490.05,2788.417,2952.733,2937.24,3106.04,2720.036,2637.875,2554.47,2774.688,3015.857,3041.45,3056.875,2955.786,2655.792,2628.393,2689.673,2767.636,2734.08,3213.083,2719.75
3519.4,2775.792,2957.833,2918.08,3109.28,2700.464,2634.736,2556.424,2761.688,3032.678,3014.2,3055.125,2941.161,2669.625,2625.5,2690.077,2761.364,2744.2,3223.5,2682.5
3535.2,2797.292,2959.167,2936.72,3098.08,2706.678,2622.208,2553.371,2789.312,3003.536,3041.85,3050.583,2938.697,2651.167,2616.143,2690.404,2776.273,2746.44,3212.333,2719.95
3534.7,2771.167,2972,2909.68,3111.12,2725.357,2630.583,2555.924,2781.875,3012.643,3033,3042.833,2950.536,2669.125,2634.25,2676.211,2771.618,2740.12,3247.917,2703.5
3543.35,2801.375,2978.367,2925.64,3127.92,2713,2618.833,2551.75,2765.188,3025.857,3037.9,3052.667,2938.268,2687.5,2635.357,2675.346,2771.127,2730.2,3227.417,2720.2
3499.8,2781.333,2967.933,2937.44,3092.28,2717.286,2626.542,2546.159,2787.938,3025.322,3014.5,3042.625,2954.607,2664.875,2629.786,2678.923,2775.509,2749.88,3216.25,2711.8
3557.65,2758.5,2956.933,2906.36,3113.2,2710.75,2631.444,2540.182,2789.562,2995.178,3012.9,3026.083,2950.161,2651.958,2633.214,2678.077,2781.2,2708.96,3211,2709.55
3531,2779.042,2963.7,2912.32,3103.92,2708.928,2633.583,2553.212,2788.25,3025.928,3032.85,3024.167,2955.75,2657.792,2640.214,2674.692,2773.854,2726.6,3215.583,2713.6
3539.7,2781.25,2971.767,2923.08,3110.72,2717.607,2625.639,2550.439,2795.312,3020.714,3028.35,3041.792,2948.018,2671.875,2633.786,2695.019,2773.527,2753.64,3225,2728.5
3520.8,2801.042,2970,2930.56,3093.88,2713.678,2634.347,2556.03,2762.375,3022.928,3031.1,3028.333,2938.75,2675.208,2657.893,2685.846,2754.909,2724.2,3223.667,2714.1
3533.1,2781.25,2971.433,2922.4,3120.6,2694.857,2642.042,2550.136,2776.062,3017.678,3026.05,3051.833,2967.197,2684.542,2656.464,2681.192,2773.927,2746,3245.583,2707.4
3537.35,2798,2960.5,2932.36,3110.68,2713.928,2626.944,2551.598,2790.312,3019.964,3025.6,3044.75,2952.161,2683.125,2641.393,2681.308,2763.2,2741.12,3200.5,2725.35
3518.3,2784.667,2957.4,2931.48,3090.24,2698.928,2632,2555.932,2778.312,3030.607,3027.95,3016.083,2944.661,2667.292,2670.928,2690.192,2771.836,2734.64,3189.75,2714.8
3531.9,2788.083,2975.3,2910.04,3117.52,2716.393,2631.819,2559.121,2780.375,3013.643,3053.7,3051.667,2946.25,2676.833,2658.643,2694.039,2768.273,2729.52,3211,2714.05
3546.35,2786.708,2965.767,2931.04,3113.8,2713.357,2640.014,2555.008,2781.938,3036.75,3042.45,3049.833,2956.232,2667.25,2664.072,2687.961,2768.673,2735.6,3171.417,2702.6
3569.65,2765.583,2969,2916.04,3101.56,2705.893,2640.764,2551.053,2774.25,3013.607,3043.8,3053,2954.822,2685.75,2652.393,2706.731,2781.2,2732.48,3202.75,2713.1
3536.5,2773.917,2974.267,2919.48,3093.84,2712.143,2628.111,2550.273,2760.5,3034.464,3043,3044.833,2945.322,2694.25,2670.178,2682.885,2778.164,2731.72,3184.5,2715.35
3561.5,2806.875,2948.533,2927.6,3110.56,2708.357,2626.375,2549.174,2784.312,2994.322,3040.85,3041.5,2951.482,2661.375,2633.822,2692.019,2765.255,2735.84,3206.5,2730.55
3525.2,2803.625,2952.6,2929.28,3110.2,2720.286,2633.514,2557.447,2778.375,3009.322,3013.2,3045.25,2936.447,2677.542,2658.036,2691.058,2769.291,2730.28,3185.083,2698.5
3541.5,2785.083,2976.433,2921.8,3124.32,2711.714,2631.569,2555.485,2758.938,3032.572,3017.2,3026.125,2955.822,2674.208,2658.428,2687.731,2761.218,2717.88,3219.083,2719.2
3534.4,2779.167,2925.633,2924.28,3128.56,2711.928,2628.986,2555.985,2792.875,3011.536,3023.7,3042.708,2941.125,2685.208,2659.678,2689.096,2767.345,2744.16,3196.333,2690.9
3527.15,2772.917,2932.733,2921.8,3111.28,2715.75,2617.819,2552.5,2806.062,3029.107,3034.5,3031.583,2946.697,2665.875,2645.786,2687.635,2767.946,2711.44,3220.417,2702.45
3536.45,2776.125,2955.9,2918.16,3111.04,2703.072,2628.125,2556.439,2757.375,3019.786,3034.05,3033.292,2945.732,2685.667,2642.214,2699.115,2756.4,2720.76,3210.75,2701.7
3536.25,2790.292,2962.033,2932.8,3114.96,2700.572,2638.208,2550.424,2787.875,3000.143,3028.25,3036.958,2946.447,2670.917,2640.857,2688.442,2761.164,2719.96,3222.417,2694.9
3531.45,2785.708,2954.833,2927.44,3111.84,2723.75,2634.764,2556.583,2772.875,3005.286,3007.1,3037.167,2947.643,2670.708,2623.75,2684.308,2771.727,2731.76,3195.833,2719.75
3509,2765.958,2958.6,2915.56,3137.36,2703.572,2631.819,2551.788,2777.312,2992.75,3052.7,3044.5,2948.732,2686.667,2668.607,2692.039,2778.927,2747.2,3200.75,2705.05
3524.05,2787.167,2968.933,2913.08,3133.56,2684.393,2627.306,2547.879,2774.875,3016.286,3041.95,3043.333,2945.268,2683.167,2643.5,2694.211,2775,2729.96,3188,2704.95
3501.9,2764.833,2948.667,2927.64,3111.68,2705.393,2624.639,2549.076,2796.125,3005.25,3037.8,3046.875,2941.768,2667.958,2656.357,2699.231,2767.255,2734.12,3214,2716.85
3534.75,2790.458,2956.567,2917.84,3113.28,2707.572,2628.875,2556.545,2786.438,3010.893,3034.2,3046.667,2943.982,2688,2641.393,2699.558,2775.745,2730.84,3222.333,2714.35
3522.35,2802.625,2946.1,2905.72,3107.6,2711.286,2628.792,2548.939,2779.875,3028.322,3041.25,3050.292,2949.339,2667.75,2661.357,2705.519,2764.309,2747.52,3223.583,2717.25
3520.15,2801.625,2966.833,2892.68,3118.36,2691.322,2631.667,2550.22,2772.688,3011.964,3037.05,3062.875,2937.5,2682.167,2656.786,2679.135,2759.091,2737.24,3249.167,2718.5
3516.6,2778,2950.433,2924.04,3101.96,2689.714,2633.944,2544.621,2778.75,3008.322,3040.3,3035.042,2940.286,2686.042,2651.214,2682.615,2759.691,2732.8,3188.333,2704.9
3549.25,2792.792,2949.567,2925.04,3123.48,2701.607,2628.639,2548.03,2777.75,3025.428,3039.05,3052.792,2947.518,2680.875,2675.214,2682.635,2771.273,2748.76,3192.083,2695.05
3531,2775.458,2952.867,2930.12,3098.32,2691.25,2634.889,2544.795,2788.812,3000.643,3029.5,3020.458,2938.411,2686.875,2671.428,2690.615,2772.946,2734.24,3174.583,2709.15
3505.75,2792.625,2954.4,2946.2,3110.92,2714.178,2628.444,2539.167,2769.625,3025.072,3032.25,3040.125,2946.036,2691.75,2681.893,2696.904,2768.691,2733.16,3193.583,2694.1
3540.5,2794.25,2933.233,2927.52,3106.44,2701.678,2629.917,2550.856,2774.25,3016.714,3016,3030.333,2936.839,2680,2654.357,2691.827,2767.418,2730.08,3226.25,2700
3510,2766.708,2953.133,2906.36,3098.04,2708.214,2622.639,2546.697,2773.75,3023.25,3024.1,3016.625,2942.053,2672.583,2671.75,2683.885,2772.436,2730.36,3184.917,2679
3535.45,2791.5,2969.967,2910.96,3100.4,2700.714,2627.361,2554.129,2787.188,3006.822,3035.75,3058.5,2951.572,2675.5,2674.964,2696.269,2770.982,2757.24,3210,2702.2
3523.7,2791.792,2948.767,2914.4,3112.96,2703.357,2617.375,2553.826,2773.75,3009.786,3024.2,3067.292,2939.857,2694.875,2673.143,2700.423,2763.655,2735.68,3226.083,2718.15
3568.2,2748.375,2933,2908.32,3106.8,2707.607,2619.139,2562.735,2788.625,3031.857,3017.55,3033.208,2944.214,2678.125,2663.964,2702.442,2753.909,2743.56,3174.083,2706.95
3528.15,2770.417,2952.467,2908.76,3108.36,2692.714,2624.833,2550.758,2782,3021.678,3027.45,3023.5,2938.857,2693.917,2661.25,2694.519,2760.782,2741.6,3188.917,2702.95
3495.35,2777.167,2974.633,2926.6,3099.88,2708.143,2629.333,2549.682,2768.375,3004.857,3021,3055.458,2947.357,2679.292,2673.178,2689.577,2769.727,2734.08,3200.833,2695.55
3497.2,2759.5,2964.433,2899.44,3111,2706.214,2627.417,2548.515,2773.375,3013.25,3019.25,3031.917,2949.643,2689.958,2679.75,2679.731,2770.873,2746.64,3220.667,2685.25
3521.35,2763.167,2969.767,2919.72,3114.48,2686.322,2625.889,2544.417,2776,2994.357,2996.65,3023.833,2930.982,2687.667,2651.036,2708.558,2772.891,2743.6,3207.25,2681.05
3512.1,2779.083,2989.733,2918.6,3100.8,2698.072,2615.333,2546.402,2764.5,3028.5,3010.1,3029.5,2934.732,2702.792,2662.143,2691.442,2776.946,2733.52,3214.167,2701.9
3518.6,2785.792,2967.6,2915.16,3115.24,2697.25,2615.028,2543.424,2746.562,3007.464,3023.25,3028.958,2948.197,2709.083,2675.072,2691.5,2778.036,2741.76,3207.75,2678.9
3509.75,2769.708,2947.133,2910.48,3100.88,2687.964,2618.194,2547.985,2775.875,3014.678,3034.9,3004.917,2951.089,2682.625,2683.5,2691.019,2754.509,2738.88,3223.167,2697.5
3521.35,2779.417,2953.533,2898.04,3100.08,2703.928,2618.778,2540.598,2787.438,2996.322,3000.75,3038.083,2939.714,2689.5,2676.036,2682.25,2759.909,2745.12,3202.333,2713.2
3524,2777.125,2935.433,2932.92,3112.52,2708.214,2621.583,2549.083,2772.5,3010.678,3032.2,3011.208,2937.089,2683.667,2662.393,2691.096,2758.727,2749.16,3227.583,2711.65
3525.75,2778.292,2945.5,2903.8,3094.08,2677.572,2618.528,2542.985,2753.75,3004.322,3022.7,3037.583,2944.589,2685.542,2664.822,2705.904,2762.873,2736.12,3206.667,2685.55
3513.1,2779.875,2951.733,2902.68,3106.04,2692.036,2622.097,2543.788,2788.938,3012.5,3016.6,3021.917,2937.447,2673.083,2681,2693.308,2772.636,2751.36,3226.75,2708.8
3523.6,2774.667,2942.633,2915.48,3108.08,2695.357,2618.486,2543.189,2776.875,3013.357,3030.2,3018.5,2939.697,2674.958,2647.428,2679.058,2770.054,2748.6,3190.417,2682.7
3499.9,2790.125,2944.5,2930.64,3079.24,2693.643,2618.153,2541.356,2782.188,2998.857,3037.95,3017.292,2950.947,2668.125,2661.322,2689.711,2768.182,2747.2,3187.917,2696.35
3521.1,2771.333,2951.267,2922.52,3081.76,2703.107,2618.556,2538.348,2764.938,3016,3039.75,3019.792,2931.053,2677.208,2680.678,2687.231,2760.727,2749.08,3178.333,2685.3
3539.5,2780.208,2941.767,2897.68,3118.68,2706.643,2607.486,2538.189,2794.25,3003.322,3034.25,3006.75,2947.678,2693.542,2665.75,2677.135,2753.545,2740.64,3179.75,2704
3558.6,2783.417,2955.867,2916.04,3092.32,2698.678,2624.431,2547.72,2773.938,3003.786,3020.4,3031.083,2932.625,2673.208,2663.536,2685.942,2763.218,2739.72,3196.917,2714.4
3499.05,2768.375,2958.5,2916.8,3081.08,2702.322,2612.056,2545.038,2763.188,3023.964,3014.1,3032.958,2924.053,2687.917,2662.286,2684.558,2749.946,2746.04,3164.833,2722.65
3500.15,2760.417,2952.133,2902.8,3093.72,2699,2616.389,2544.295,2766.875,3014.714,3030.8,3030.083,2945.303,2696.167,2677.536,2696.769,2756.927,2739.24,3205.667,2688.35
3535,2762.625,2947.167,2906.12,3106.52,2699.607,2613.292,2540.886,2750.5,3006,3016.1,3040.458,2927.197,2687.875,2667.393,2686.058,2751.891,2737.76,3210.75,2691.75
3506.2,2778.667,2947.433,2910.36,3091.84,2693.072,2622.25,2544.273,2770.688,3021.25,3032.95,3027.333,2944.197,2697.75,2662.214,2691.058,2758.091,2724.96,3187.833,2698.5
3526.6,2752.083,2932.633,2922.64,3081.2,2695.072,2603.958,2546.242,2750.875,3004.893,3010.9,3016,2939.589,2679.792,2651.893,2688.058,2756.127,2754.44,3192,2706
3528.85,2767.583,2945.633,2899.88,3106.68,2700.714,2605.528,2549.621,2765.062,3010,3008.1,3026.833,2941.786,2684.292,2662.714,2698.865,2768.946,2751.2,3222.083,2694.95
3496.05,2764.375,2951.533,2902.16,3108.92,2703.178,2621.931,2543.758,2769.812,3005.178,3018.1,3026.042,2934.036,2674.042,2665,2693.635,2759.073,2732,3182.667,2687.85
3519.75,2774.292,2947.2,2900.96,3095.8,2690.893,2621.889,2543.758,2779.812,3004.178,3030.7,3031.167,2929.428,2690.458,2664.964,2697.019,2770.891,2723.64,3186.333,2699.85
3537.2,2774.833,2938.4,2903.96,3082.28,2696.786,2615.236,2539.985,2776.375,3007.464,3024.9,3015.25,2937.947,2677.042,2649.572,2683.615,2760.964,2732.88,3200.167,2667.3
3543.85,2759.417,2944.033,2891.36,3093.76,2690.714,2610.5,2541.72,2757.312,3007.036,3016.9,3019.375,2939.036,2681.083,2655.322,2698.904,2750.964,2731.88,3182.75,2672.15
3520.4,2768.917,2946.167,2893.64,3091.72,2687.107,2616.917,2545.038,2766.562,3012.464,3023.9,3037.5,2929.447,2681.625,2663.464,2690.269,2755.345,2727.36,3176.167,2678.5
3524.65,2768.542,2948.833,2892.76,3083.64,2695.428,2614.292,2544.341,2786.188,3009,3005.05,3006.125,2948.214,2675.875,2678.572,2709.019,2761.655,2726.44,3199.083,2693.6
3511.25,2767.542,2942.9,2915.24,3084.92,2701,2618.264,2551.121,2759.375,3009.607,3030.5,3005.417,2929.947,2688.875,2667.786,2679.461,2762.327,2729.16,3193.083,2690.2
3505.85,2780.208,2947.733,2901.36,3067.12,2704.928,2614.139,2537.197,2762.188,3003.857,3031.2,3011.833,2920.268,2674.125,2675.178,2694.404,2756.982,2723.72,3165.583,2688.7
3510.35,2784.667,2969.733,2911.92,3066.12,2687.678,2616.5,2542.576,2771.812,3012.643,3032.5,3029.667,2936.572,2665.708,2680.714,2683.077,2748.255,2729.76,3183.25,2700.8
3489.15,2760.292,2941.833,2900.44,3099.32,2714.107,2611.167,2535.22,2781.562,3024.178,3041.05,3022.833,2926.714,2682.583,2666.786,2681.846,2758.618,2726.56,3191.583,2694.35
3513.95,2790.042,2942.533,2933.72,3075.36,2686,2611.069,2541.644,2755.5,3017.072,3045.95,3014.208,2928.928,2682.167,2667.678,2693.711,2754.473,2712.84,3152.167,2692
3522.25,2764.958,2965.133,2912.6,3076.04,2690.393,2614.694,2538.174,2737.562,3004.964,3033.1,3027.958,2946.268,2678.042,2674.643,2692.5,2756.673,2725.24,3197.167,2679.55
3512.45,2751.75,2943.2,2909.88,3080.04,2703.25,2613.667,2538.061,2755.562,2992.214,3034.85,3020.083,2928.339,2686.167,2681.964,2686.673,2759.854,2737.2,3210.167,2694.95
3526.5,2774.708,2942.8,2916.72,3095.64,2699.75,2615.722,2532.432,2761.312,2985.893,3018.35,3024.125,2937.482,2665,2677.643,2671.096,2760.473,2746.04,3185.333,2686.95
3516,2786.125,2950.767,2897.76,3072.08,2700.857,2614.806,2531.879,2781.438,3005.178,3040.1,3041.083,2945.822,2689.333,2673.572,2683.615,2765.036,2745.68,3167.417,2690
3536.35,2773.417,2940.1,2916.44,3095.24,2703.464,2609.083,2530.795,2766.312,2991.357,3016,3021.25,2923.572,2675.708,2675,2688.904,2743.236,2750.48,3178.417,2681.45
3524.75,2775.875,2953.233,2932.08,3083.92,2681.322,2623.931,2542.909,2767.5,3014.822,3061.8,3035.083,2932.875,2697.792,2675.857,2681.058,2760.436,2744.52,3194.833,2690.5
3512.15,2784.125,2931.467,2905.44,3101.92,2674.857,2610.889,2540.924,2773.438,2996.357,3038.05,3023.042,2928.786,2684.792,2680.25,2682.192,2747.455,2761.32,3197,2676.05
3501.6,2770.208,2952.667,2908.84,3119.48,2690.5,2610.347,2543.114,2748.688,3004.322,3023.15,3019.042,2940.178,2674.25,2661.928,2706.808,2754.491,2792.64,3156.583,2677.95
3513.2,2768.667,2946.533,2910.44,3079.36,2683.143,2616.153,2533.735,2758.938,3010.678,3021.7,3031.542,2938.214,2665.5,2661.25,2682.096,2760.4,2763.64,3231.833,2678.8
3528.75,2763.042,2962.667,2890,3092.12,2690.143,2616.792,2544.477,2770.562,2989.643,3060.2,3020.125,2929.5,2683.542,2684,2693.327,2759.345,2770.72,3192.583,2697.3
3516.2,2777.125,2947.1,2899.52,3108.64,2690.714,2605.819,2533.409,2772.75,2991.822,3029.4,3028.25,2940.661,2667.667,2685.822,2693.385,2753.964,2758.4,3197.667,2685.5
3535.55,2774.75,2949.767,2884.48,3079.84,2693.214,2609.486,2535.879,2771.625,3001.572,3033.85,3015.708,2921.428,2692.917,2679.036,2690.519,2759.182,2750,3182,2677.05
3535.4,2785.042,2939.867,2908.6,3093.08,2717.322,2605.639,2537.235,2766.25,3003.036,3034.85,3034.75,2930.447,2679.083,2671.964,2669.942,2755.745,2773.76,3188.833,2716.9
3534.8,2783.917,2942.767,2898.4,3098.16,2684.714,2613.069,2531.75,2776.938,3005.107,3033.65,2999.458,2929.089,2692.042,2672.178,2693.115,2741.2,2771,3177.333,2699.75
3502.35,2758.792,2947.9,2921.88,3084.6,2697.536,2612.639,2532.068,2769.5,2997.678,3048.2,3017.458,2929.893,2692.042,2679.143,2691.942,2744.236,2785.64,3166.333,2684.35
3538.05,2749.542,2943.067,2901.8,3090.28,2698.786,2612.375,2530.568,2765.312,3003.107,3044.15,3014.5,2929.964,2682.958,2678.643,2683.192,2764.036,2779.08,3193.917,2690.25
3536.5,2766.708,2931.5,2907.28,3077.36,2681.428,2621.361,2533.227,2737.938,2982.178,3025.85,3017.5,2930.875,2690.417,2670.857,2692.289,2750.273,2779.28,3170.083,2697.8
3512.8,2778.792,2943.733,2907.96,3069.12,2701.357,2610.306,2537.258,2767.812,2990.25,3045.8,3004.292,2926.053,2682.417,2683.464,2676.827,2758.927,2765.16,3165.667,2690.25
3529.9,2759.833,2941.033,2902.4,3084,2671.143,2605.847,2534.212,2783.875,3005.714,3028.6,3014.625,2928.161,2682.5,2668.322,2702.923,2759.709,2751.32,3169.5,2685.2
3500.05,2770.042,2940.867,2908.72,3075.36,2697.214,2620.972,2529.932,2754.062,2989.178,3009.85,3005.167,2946.589,2690.417,2655.357,2687,2760.127,2760.92,3182.083,2698.95
3500.65,2777.875,2943.2,2912.84,3090.76,2673.786,2612.028,2532.242,2769.25,2999.964,3030.85,3015.167,2939.322,2682,2672.428,2695.673,2759.218,2772.76,3166.917,2684.6
3520.9,2777.625,2944.467,2909.44,3081.56,2678.178,2606.764,2541,2757.562,3022.786,3013.35,3040.125,2940.178,2698.708,2664.822,2698.25,2752.818,2774.44,3170.5,2699
3534.25,2757.958,2955.1,2909.12,3109.68,2679.107,2606.917,2535.795,2761.188,2977.678,3044.4,3009.417,2925.482,2700.542,2666.786,2688.75,2757.673,2777.44,3186.667,2710.3
3512.3,2755.083,2935.467,2914.52,3083.2,2685.928,2607.903,2529.432,2779.625,3000.143,3043.15,3024.333,2917.339,2686.792,2676.036,2671.039,2749.946,2779.04,3166,2674.6
3513.05,2752.25,2922.5,2893.64,3074.04,2666.928,2604.042,2532.205,2759.625,2998.857,3031.85,3021.583,2915.25,2661.542,2660.322,2680.346,2744.545,2762.76,3161.5,2688.6
3505.35,2748.458,2929.133,2894.48,3083.12,2692.75,2599.403,2538.394,2774,3012.036,3034.25,3022.75,2934.536,2678.667,2665.072,2679.539,2751.109,2773.84,3180.5,2692.1
3521.15,2758.542,2935.733,2892.28,3050.28,2687.322,2613.958,2526.106,2765,2992.322,3036.25,3003.708,2927,2680.875,2660.464,2685.808,2752.164,2781.48,3175.5,2685.9
3513.8,2758.333,2933.067,2897.4,3066.6,2676.178,2602.014,2535.371,2733.188,2999.25,3027.7,3008.875,2916.553,2678.708,2652.822,2704.173,2754.636,2761.44,3152.833,2699.35
3520.95,2766,2929,2913.04,3073.28,2698.75,2607.028,2530.455,2746.562,2978.75,3019.35,3021.417,2920.572,2674.5,2661.786,2698.692,2757.455,2788.8,3173.75,2704.15
3520.75,2750.667,2940.3,2904.4,3094.6,2666.464,2605.236,2536.394,2766.125,2986.428,3011.7,3017.583,2922.875,2696.917,2649.857,2690.519,2751.4,2802.32,3168.167,2685.15
3534.3,2776.792,2939.833,2914.56,3077.32,2667.5,2598.194,2535.008,2748.25,3004.178,2988.1,3016,2905.339,2678.583,2678.107,2677.711,2747.873,2775.76,3159,2687.55
3521.1,2757.583,2948.833,2894.32,3088.04,2681.572,2611.903,2531.811,2778.812,2988.786,3011.25,3023.167,2930.518,2694.708,2675.572,2678.289,2733.4,2765.4,3158.417,2667.35
3504.1,2768.708,2941.133,2909.72,3093.12,2671,2604.75,2534.091,2758.25,2990.786,2986.85,3017.208,2908.678,2673.417,2662.714,2707.154,2737.854,2755.88,3157.917,2691.2
3507.85,2767.667,2931.333,2905.64,3079.84,2679.322,2599.611,2535.5,2776.438,2989,3030.7,3013.708,2917.589,2692.083,2662.928,2684.385,2754.054,2756.44,3146,2680.8
3513.45,2759.125,2946.767,2882.48,3069.56,2688.5,2611.431,2535.311,2756.812,2981.822,3019.65,3012.5,2920.447,2696.458,2652.428,2694.423,2745.2,2754.6,3148.75,2665.5
3522.75,2754.625,2927.333,2887.8,3050.2,2669.393,2609.847,2532.492,2761.438,2994.393,3021.75,3015.833,2926.732,2666.75,2653.072,2694.923,2767.236,2745.16,3156.167,2689.9
3515.25,2765.542,2918.533,2905.24,3085.16,2697.822,2613.083,2526.75,2750.5,3000.286,3023.75,2995.333,2926.232,2676.875,2680.714,2694.711,2743.909,2753.44,3169.25,2701
3534.05,2763.958,2937.267,2881.64,3078.28,2688.714,2620.931,2528.288,2768.375,2986.643,3026.05,3004.292,2923.214,2680.875,2666.964,2671.269,2764.509,2747.68,3122.833,2696.75
3548.05,2762.833,2919.7,2907.4,3095.12,2660.286,2611.319,2526.508,2763.375,2998.214,3024.85,3008.042,2926.928,2684,2665.75,2682.942,2742.364,2723.32,3132.833,2684.65
3519.25,2745.375,2945.5,2895.88,3076.84,2690.928,2603.125,2527.568,2723.938,2990.893,3039.95,3019.25,2919.518,2687.708,2676.786,2685.135,2749.473,2745.16,3154.583,2698.9
3532.05,2743.583,2935.067,2923.48,3060.88,2678.25,2603.583,2527.129,2753.188,2985.607,3022.55,3012.333,2915.536,2691.958,2662.357,2700.231,2753.764,2747.36,3135.833,2701.1
3542.25,2762.458,2920.267,2883.28,3078.36,2668.322,2602.889,2524.235,2776.5,2983.5,3021.85,3027.792,2915.036,2695.25,2659.107,2681.635,2748.109,2774.4,3164.583,2683.25
3502.3,2736.083,2925.5,2897.48,3064.28,2690.143,2600.736,2524.985,2764.938,2996.357,3036.95,3000.375,2920.375,2698.625,2642.893,2694.615,2763.927,2764.08,3138,2690.35
3521.8,2755.875,2925.1,2895.28,3062.48,2674.75,2602.139,2528.727,2765.938,2984.214,3045.2,2993.458,2915.607,2690.75,2669.036,2676.481,2748.255,2765.76,3133.75,2681.1
3509.2,2767.333,2929.333,2893.92,3075.64,2669.714,2600.708,2528.841,2750.188,2985.572,3027.85,3006.792,2931,2678,2677.428,2686.558,2746.455,2785.24,3116.083,2696.45
3540.8,2748.292,2911.533,2892.16,3084.24,2658.072,2594.375,2528.788,2739.062,2971.928,3034.5,2990.458,2926.911,2699.208,2672.643,2684.308,2748.8,2780.64,3144.167,2702.05
3542.1,2768.083,2913.533,2894.56,3090.72,2699.072,2598.736,2526,2760.062,2995.428,3033,2991.5,2910.018,2689.708,2657.5,2674.885,2740.6,2774.56,3126.5,2662.1
3540.95,2750.875,2926.533,2896.24,3077.16,2675.786,2598.528,2529.689,2779.438,2990.75,3048.65,3009.417,2909.822,2696.833,2670.714,2676.327,2755.727,2784.44,3127.25,2682.8
3521.3,2763.125,2913.433,2899.28,3066.28,2682.964,2597.722,2531.652,2738.25,2979.928,3030.35,3019.083,2919.768,2682.792,2670.786,2682.154,2737.527,2786.2,3115.667,2669.35
3546.7,2750.958,2935,2906.16,3060.84,2668.25,2605.542,2523.583,2760.938,2997.25,3037.1,3000.458,2914.678,2684.042,2675.178,2685.558,2755.2,2790.68,3140.167,2677.4
3553.3,2760.625,2932.467,2887.96,3059.8,2674.643,2600.722,2525.455,2768.875,2972.857,3055.25,3000,2911.322,2680.625,2660.786,2689.577,2747.655,2780.88,3148.417,2690.9
3526.2,2737.875,2923.367,2889.28,3062.04,2667.143,2599.125,2524.167,2750.062,2987.786,3034.1,2998.958,2933.697,2716.5,2658.107,2686.327,2748.527,2801.36,3113.333,2683.75
3503.7,2745.167,2915.067,2888.96,3055.32,2647.214,2595.306,2530.621,2744.562,2976.143,3059.65,3001.708,2922.786,2719.542,2685.357,2681.942,2751.164,2793.96,3167.25,2691.1
3533.75,2764.125,2936.067,2882.2,3056.16,2675.964,2597.556,2523.5,2734.75,3006.536,3026.1,2991.708,2906.714,2690.5,2682.5,2682.461,2744.309,2802.56,3148.417,2681.7
3528.2,2747.333,2935.8,2899.32,3054.6,2657.607,2598.653,2522.167,2767.25,2998.536,3043,2997.583,2916.107,2702.625,2682.036,2683.365,2750.891,2808.48,3112.083,2690.25
3566,2767.292,2939.333,2903.08,3074.6,2684.428,2602.875,2520.008,2728.5,2989.25,3043.15,2999.667,2911.518,2735.625,2663.5,2688.5,2746.854,2799.64,3136.5,2675.75
3558.1,2755.125,2930.8,2901.56,3057.2,2676.107,2602.625,2520.848,2774.312,2979.214,3027.9,2998.667,2919.857,2738.625,2693.857,2685.539,2733.982,2787.36,3109.917,2661
3525.3,2766.375,2937.333,2891.36,3050.16,2651.75,2604.639,2524.644,2784.25,2992.786,3020.65,2999.875,2916.75,2731.958,2688.428,2687.346,2734.545,2796.56,3156.167,2697.35
3538.1,2764.917,2916.267,2885.48,3053.36,2665.322,2594,2522.379,2760.125,2981.214,3032.9,2994.917,2926.393,2725.792,2695.572,2690.289,2748.255,2810.92,3143.833,2678.85
3547.75,2746.375,2924.7,2893.8,3049.48,2672.536,2598.319,2519.689,2751,2975.107,3035.55,3014.792,2920.5,2728.167,2678.25,2684.385,2749.036,2809.92,3129.667,2683.6
3537.3,2767.708,2916.433,2866.36,3056.84,2674,2594.764,2522.78,2773.312,2999.572,3037.3,3012.542,2898.643,2742.042,2688.928,2680.673,2747.091,2792.2,3148.5,2690.9
3524.2,2738.333,2919.3,2894.28,3064.6,2664.822,2597.389,2526.477,2749.375,2982.107,3019.4,2983.667,2919.643,2726.875,2669.822,2683.558,2747.655,2779.08,3119.833,2694.95
3526.3,2757.042,2924.633,2895.88,3066.6,2660.428,2589.819,2524.894,2767.438,2969.464,3029.65,2972.417,2912.197,2730.625,2693.536,2688.981,2753.818,2794.92,3113.417,2663
3542.45,2750.208,2931.2,2899.52,3055.32,2693.964,2597.25,2525.932,2748.688,2970.714,3043.7,2998.25,2909.875,2731.417,2690.036,2684.192,2755.2,2798.36,3119.5,2687.05
3535.5,2742.667,2922.367,2890.28,3050.44,2652.5,2596.708,2523.295,2747.25,2990.393,3035.95,3010.958,2925.214,2744.583,2711.5,2691.039,2747.345,2787.44,3133,2674.55
3539.6,2753.125,2924.533,2895.2,3055.16,2651.036,2591.611,2525.848,2745.812,2975.857,3023.95,3010.208,2902.607,2741.167,2699.822,2679.673,2742.364,2803.92,3115.917,2668.55
3513.75,2765.042,2927.3,2882.64,3070.6,2679.107,2593.986,2525.886,2743.625,2984.357,3049.35,3003.083,2908.5,2719.875,2683.393,2689.904,2741.309,2811.6,3092.417,2676.3
3512.65,2739.958,2920.833,2885.12,3037.52,2654.822,2593.472,2523.568,2761.375,2960.143,3042.8,3005.708,2927.518,2754.375,2690.857,2670.673,2754.236,2804.08,3105.75,2671.85
3531.65,2766.25,2944.8,2879.52,3045.04,2672.143,2593.806,2529.803,2742,2961.536,3018,2999.292,2896.822,2729.167,2683.286,2681.731,2752.818,2816.96,3107.333,2675.9
3523.65,2747.625,2925.6,2886.8,3073.68,2656.072,2598.347,2518.947,2753.25,2976.107,3041.25,2984.958,2896.697,2738.833,2678.572,2689.173,2755.745,2791.36,3090.833,2677.15
3519.9,2747.042,2906.667,2897.4,3042.08,2661.822,2580.319,2527.318,2741.812,2989.428,3032.2,3000.208,2920.607,2749.333,2690.428,2686.961,2747.964,2810.88,3108.583,2664.65
3547.85,2764.333,2918.7,2890.84,3075.48,2666.786,2593.611,2516.417,2744.75,2989.75,3023.65,2985.833,2904.447,2740.958,2666.75,2682.808,2740.164,2806.16,3100.417,2672.85
3530.9,2758.375,2921.3,2873.64,3069.72,2657.572,2589.278,2526.629,2748.25,2967.178,3029.85,2995,2899.768,2747.167,2672.107,2669.539,2725.782,2793.6,3108.25,2679.15
3540.65,2751.792,2928.533,2881.88,3065,2656.072,2606.986,2522.644,2749.5,2969.607,3049.3,2992.417,2908.286,2732.583,2686.786,2679.577,2743,2818.68,3063.75,2664.7
3534.75,2737.417,2919.7,2886.44,3064.68,2649.143,2572.583,2525.061,2763.75,2980.75,3029.95,2995.542,2908.625,2762.083,2684.572,2690.615,2731.436,2797.16,3086.5,2663
3549.1,2748.417,2913.533,2885.08,3057.8,2673.464,2592.319,2521.023,2747.062,2981.75,3065.65,3017.75,2923.75,2736.875,2671.714,2690.75,2724.236,2794.08,3109.667,2674.75
3531.35,2750.083,2919.567,2882.32,3058.08,2662.714,2590.931,2525.447,2752.562,2974.857,3041.85,2975.25,2905.839,2748.167,2693.714,2684.096,2728.673,2787.52,3073.167,2697.5
3517.8,2779.458,2927.533,2880.4,3027.8,2660.464,2589.903,2520.758,2762.812,2983.857,3031.15,2982.792,2925.643,2758.25,2673.322,2687.096,2749.964,2794.36,3115.583,2679.7
3541.85,2733.417,2914.533,2896.28,3065.28,2648,2592.5,2527.106,2775.625,2985.036,3037.65,3005.417,2909.107,2733.875,2684.607,2670.346,2746.491,2804.88,3087.167,2666.45
3575.8,2733.583,2928.4,2894.16,3091.72,2663.072,2590.069,2523.75,2749.625,2961.107,3035.9,3008.375,2900.625,2740.875,2664.893,2678.904,2732.509,2823.6,3090.167,2657.85
3535.6,2759.75,2904.4,2887.48,3090.4,2667.428,2585.347,2526.591,2755.875,2958.607,3047.6,2967.208,2917.447,2753.042,2673.822,2700.827,2747.146,2825.92,3076.833,2678.7
3560.75,2729.208,2924.467,2875.2,3071,2661.25,2596.639,2523.765,2739,2965.822,3045,2995.292,2914.536,2755.125,2685.072,2707.673,2738.727,2851.36,3076.5,2677.45
3576.15,2759.958,2912.567,2886.88,3062.8,2645.464,2585.083,2518.894,2771.938,2989.893,3034.8,2985.708,2921.911,2752.625,2693.036,2683.135,2731.709,2842.16,3083.583,2672.25
3548.45,2760.25,2915.933,2906.12,3044.48,2652.572,2591.389,2517.621,2720.688,2983.464,3036.45,2977.542,2905.982,2739.5,2682.964,2689.923,2744.836,2824.6,3098.667,2658.35
3555.45,2763.208,2922.8,2867.32,3052.28,2656.214,2585.097,2526.333,2758.812,2979.393,3038.25,2980.625,2902.982,2746.5,2684.893,2687.654,2724.2,2838,3071.083,2674
3565.75,2732.542,2917.867,2894.28,3085.84,2663.107,2590.917,2523.598,2754.125,2972.5,3051.85,3000.583,2903.678,2732.417,2682.714,2698.481,2723.127,2841.6,3098.833,2670.05
3540.55,2762.5,2915.433,2896.96,3080.44,2669.143,2585.694,2530.424,2770.812,2955.928,3032.25,2996.417,2912.803,2739.208,2697.178,2681.615,2744.527,2857.32,3072.25,2665.65
3570.85,2755.125,2902.133,2892.76,3071.2,2664.678,2580.972,2518.765,2738.312,2982.607,3043.2,2998.042,2901.714,2747.083,2695.107,2693.192,2736.509,2835.08,3081.25,2688.05
3566.5,2745.875,2899.5,2869.4,3041.12,2640.036,2575.903,2523.856,2749.625,2965.964,3044.6,3009.167,2907.947,2748.833,2692.786,2694.173,2735.854,2827.72,3056.917,2684.1
3569.9,2741.583,2915.733,2876.24,3052.08,2638.678,2573.806,2526.432,2738.625,2980.286,3029.65,2970.708,2902.143,2759.292,2694.036,2679.885,2741.382,2833.28,3084.417,2673.15
3556.55,2747.75,2918,2881.56,3059.68,2637.214,2566.736,2523.432,2766.75,2969.536,3028.5,3002.875,2898.161,2755.042,2683.428,2695.25,2743.054,2810.2,3054.917,2676.25
3559.8,2739.667,2912.767,2883.16,3065.16,2655.572,2564.306,2526.068,2743.375,2970.286,3009.2,2987.042,2908.482,2753.792,2683.786,2684.135,2733.582,2817.08,3080,2685.4
3531.7,2759.667,2907.467,2867.84,3062.52,2645.143,2559.292,2518.227,2754,2978.428,3020.35,2993.708,2898.75,2757.458,2682.428,2680.289,2730.109,2830.28,3037.417,2690.5
3532.95,2738.708,2898.7,2875.4,3059.8,2664.072,2548.903,2523.591,2749.625,2959.464,3051.95,2953.542,2898.518,2748.917,2670.428,2677.115,2728.382,2814.8,3076,2678.9
3568.3,2756,2912.3,2882.04,3046.24,2639.928,2551.625,2526.22,2750.625,2953.786,3034.3,2989.417,2898.822,2755.083,2685.572,2688.577,2740.709,2799.52,3076.667,2657.8
3541.75,2743.25,2910.967,2871.64,3071,2660.536,2542.194,2521.621,2748.125,2962.928,3017.55,2991.333,2921.572,2747.708,2662.964,2689.673,2718.509,2818.12,3023.333,2664.4
3541.8,2750.042,2909.567,2881,3053.88,2647.75,2551.556,2515.864,2735.375,2957.786,3032.35,2992.125,2912.339,2751.917,2676.214,2689.577,2735.709,2825.76,3044.417,2658.1
3537.7,2725.625,2902.067,2873.96,3072.68,2643.572,2554.625,2519.992,2732.562,2965.928,3040.95,3005.333,2900.536,2742.708,2679.322,2677.442,2730,2844.8,3041.167,2670.25
3531.25,2744.208,2922.833,2880.8,3046.08,2663.107,2535.889,2518.833,2757.938,2952.857,3040.95,3003.583,2895.214,2747.125,2681.607,2678.346,2725.909,2837.16,3042.833,2654.6
3529.05,2749.083,2919.833,2870.6,3049.04,2638.786,2540.472,2515.689,2751,2951.964,3043.85,2975.125,2920.982,2762.083,2677.607,2683.692,2746.764,2847.44,3053.5,2683.7
3538.5,2757.417,2903.567,2878.68,3036.44,2644.393,2538.528,2518.75,2738.375,2958.607,3012.7,2997.042,2892.447,2747.5,2655.572,2704.404,2738.636,2845.92,3052.25,2677.3
3535,2746.25,2907.033,2880.76,3069.52,2634.393,2542.931,2516.636,2758.812,2964.428,3010.2,2980.125,2916.572,2736.5,2679.928,2688.942,2732.127,2836.84,3050.667,2675.35
3541.6,2757.583,2913.933,2877.64,3047.68,2636.678,2545.889,2516.864,2743.5,2980.143,3008.6,2995.667,2897.911,2772.208,2689.214,2675.5,2738.364,2842.28,3055.083,2668.15
3550.7,2733.917,2916.033,2875.88,3049.44,2641.822,2532.736,2513.962,2738.125,2959.964,2988.85,2992.25,2913.464,2756.292,2682.857,2692.596,2742.364,2826.24,3046.5,2670.8
3530.4,2752.208,2899.067,2865.2,3060.2,2654.75,2547.597,2521.439,2748.562,2966.036,3014.55,2980.833,2905.893,2749.167,2685.536,2684.115,2726.4,2851.12,3054.917,2668
3533.55,2754.5,2890.733,2870,3057.6,2644.214,2541.361,2520.568,2759.875,2983.714,3003.75,2983.833,2905.75,2759.25,2672.25,2694.846,2727.636,2845.56,3054.5,2671.5
3531.95,2717.625,2911.767,2882.44,3060.04,2636.143,2536.639,2519.629,2762.062,2942.428,3007.6,2997.708,2896.5,2752.375,2670.75,2679.154,2733.054,2826.28,3059.25,2666.3
3536.5,2734.75,2914.7,2859.88,3062.72,2642.643,2524.236,2515.826,2744.375,2953.393,3006.2,2984.083,2911.125,2759.417,2685.75,2683,2729.927,2832.32,3048.333,2645.25
3537.5,2735.208,2919.533,2877,3061.84,2631.536,2536.111,2530.485,2755.438,2976,3008.3,2993.125,2899.375,2751.708,2681.786,2688.885,2734.691,2821.92,3040,2667.45
3543.05,2737,2907.9,2891.2,3053.8,2657,2542.861,2512.833,2753.125,2943.786,3021.55,2965.167,2900.197,2746.583,2682.214,2702.692,2741.054,2869.52,3028.417,2663
3557.75,2729.333,2900.367,2864.12,3047.28,2653.964,2538.361,2516.636,2786.75,2967.928,3024.25,2987.25,2901.303,2772.083,2688.107,2702.173,2728.364,2856.92,3041,2684.4
3546.35,2716.083,2897.4,2891.08,3048.12,2639.822,2534.111,2510.811,2744.688,2971.5,3019,2976,2900.143,2749.542,2682.678,2682.365,2743.854,2843.24,3037.5,2676.25
3513.35,2729.333,2920.367,2859.24,3056.16,2655.107,2533.083,2509.955,2742.125,2963.25,3018.85,2981.792,2896.428,2759.25,2697.75,2680.481,2718.091,2834.52,3034,2667
3535.75,2758.167,2879.7,2865.52,3031.16,2648.036,2527.292,2508.803,2748.438,2957.25,3028.85,2973.917,2896.232,2749.583,2682.322,2683.75,2723.636,2831,3028.417,2672.8
3549.35,2723.292,2888.2,2885.56,3039.48,2657.286,2532.569,2517.076,2743.25,2969.893,3022,2974.208,2892.911,2749.417,2699.928,2675.327,2731.255,2839.4,3030.75,2679.3
3536.5,2751.042,2919.833,2872.68,3045.96,2651.036,2533.028,2511.629,2754.25,2973.786,3000.75,2986.417,2888.518,2757.667,2690.536,2677.539,2736.473,2851.28,3039.667,2668.6
3517.65,2731.167,2894.467,2875.4,3058.08,2645.822,2543.597,2511.25,2739,2962.25,3050.5,3000.25,2906.303,2764.542,2681.714,2683.942,2727,2828.92,3008.25,2673.25
3533.8,2742.583,2906.1,2868.76,3049.88,2655.072,2534.833,2521.47,2749.688,2953.072,3031.05,2974.875,2898.161,2740.875,2675.322,2679.404,2728.873,2834.96,3026.75,2670.15
3548.55,2726.542,2899.767,2864.44,3035.84,2641.25,2530.819,2503.705,2735.062,2955.786,3014.45,2973.5,2892.714,2756.125,2682.75,2685.923,2739.455,2844.6,2994.333,2661.55
3554.3,2719.75,2915.4,2852.6,3065.16,2651.25,2525.944,2521.091,2741.375,2965.25,3034.9,2966.708,2904.214,2750.792,2669.393,2676.808,2721.4,2830.48,3008.917,2658.9
3531.75,2732.458,2908.2,2854.4,3036.68,2672.393,2547.708,2514.848,2754,2962.714,3022.05,2976.833,2896.643,2748.833,2674.536,2666.885,2737.382,2824.04,3009.083,2670.35
3564.1,2728.917,2907.567,2877.92,3054,2656.214,2580.458,2512.106,2736.562,2952.678,3035.6,2979.375,2898.714,2730.708,2675.786,2672.115,2731.018,2835.48,3017.167,2669.65
3555.55,2740.667,2906.167,2875.36,3039.12,2640.25,2623.417,2512.886,2756.75,3161.964,3028.55,2990.625,2888.625,2758.792,2663.393,2677.481,2719.473,2813.4,2991.417,2659.6
3558.2,2727.917,2915.6,2851.16,3026.64,2656.536,2636.014,2518.97,2737.688,3346.607,3032.55,2986.625,2905.339,2746.958,2682.178,2679.577,2720.891,2828.8,2986.333,2649.75
3552.6,2704.25,2904.767,2853.56,3023.4,2646.928,2630.486,2516.705,2746.25,3348.036,3043.45,2989.083,2895.178,2755.125,2663.822,2676.211,2719.909,2823.88,2993.083,2670.2
3545.9,2735.5,2899.567,2852.4,3044.8,2647.178,2629.611,2512.015,2776.25,3317.143,3042.4,2966.625,2909.607,2747,2679.678,2684.019,2736.545,2833.04,3013.833,2658.7
3532.45,2726.375,2894.2,2855.68,3033.6,2644.286,2614.028,2516.205,2741.312,3269.25,3036.15,2958.958,2891.768,2756.5,2677.893,2686.519,2729.927,2833.72,2979,2649.6
3566.2,2748,2908,2876.28,3068.2,2650.678,2609.75,2518.197,2742.875,3246.286,3025.55,2994.833,2873.982,2758.458,2676.714,2684.096,2721.182,2849.4,2989.5,2676.65
3579.8,2739.125,2906.6,2857,3044.36,2647.428,2601.736,2513.212,2768,3212.428,3021.9,2972.083,2888.036,2771.542,2669.107,2679.058,2719.509,2857.04,2995.083,2681.85
3564.1,2713,2902.9,2875.2,3044.64,2646.857,2594.625,2515.439,2763.75,3201.178,3025.4,2992.958,2892.678,2777.958,2702.5,2693.577,2737.564,2846.36,3012.5,2673.45
3557.85,2728.75,2896.333,2853.04,3050.76,2634.357,2584.819,2513.326,2762.438,3195.607,3042.7,2974.875,2894.411,2777.833,2685.714,2685.231,2729.709,2857.8,3044.917,2648.8
3557.95,2725.25,2894.833,2854.44,3046.28,2648.5,2590.597,2513.295,2751.562,3166.286,3035.55,2989.25,2893.839,2770.167,2685.714,2680.885,2726.309,2854.44,3003.083,2665.45
3581.85,2721.917,2903.033,2864.72,3031.28,2634.286,2572.625,2510.538,2742.125,3147.036,3054.6,3003,2897.25,2762.667,2678.286,2682.923,2717.054,2838.88,3005.417,2656.5
3582.15,2708.875,2887.267,2873.16,3029.28,2642.286,2582.542,2515.894,2753.938,3148.572,3035.2,2970.667,2893.107,2764.833,2693.393,2681.673,2725.636,2830.6,3002.833,2662.3
3550.05,2731.792,2896.267,2863.8,3027.76,2631.286,2571.639,2513.28,2724,3126.143,3026.75,2976,2885.607,2765.292,2678.5,2686.923,2728.382,2839.12,2995.333,2657.55
3554.95,2734.292,2898.733,2864.96,3014.48,2642.964,2564.278,2516.227,2745.375,3111.643,3007.85,2989.25,2904.625,2767.458,2686.464,2675.25,2722.709,2845.72,2995.333,2674.9
3542.4,2723.25,2879.033,2876.96,3042.52,2626.428,2572.042,2510.598,2754.688,3103.572,3025.65,2989.375,2900.357,2739.75,2669.357,2673.519,2727.327,2857.16,2960.917,2666.15
3571.8,2719.208,2887.7,2872.96,3031.48,2645.036,2559.028,2519.47,2760.5,3079,3022.45,2979.958,2897.036,2743.5,2692.214,2684.404,2732.946,2826.48,2984.833,2670.2
3561.15,2724.25,2895.267,2856.36,3047.48,2648.572,2551.569,2505.523,2753.938,3084.178,3037.95,2979.5,2885.75,2751.667,2683.536,2689.827,2728.818,2845.04,2985.167,2646.2
3561.9,2718.208,2908.733,2854.32,3030.64,2638.857,2564.167,2505.455,2745.125,3083.464,3004.75,2967.25,2896.947,2746.542,2664.714,2679.904,2735.691,2834.36,2969.75,2658.65
3570.6,2754.5,2911.567,2873.96,3032.2,2645.893,2536.431,2516.583,2727.438,3053.25,3015.55,2983.792,2887.393,2757,2667.036,2668.827,2736.836,2847.2,2972.417,2671.15
3575.5,2750.875,2890.7,2868.2,3037.92,2639.643,2544.361,2512.091,2740.438,3035.786,3022.65,2970.875,2899.018,2752.667,2664,2685.135,2733.982,2839.68,2967.583,2665.15
3643.5,2731.333,2890,2859.52,3020.48,2647.786,2579.778,2512.455,2769.812,3042.857,3027.15,2990.625,2892.393,2740.792,2676.143,2682.289,2724.473,2838.8,2974.417,2644.2
3794.05,2721.625,2902.033,2880.76,3020.32,2624.75,2609.153,2513.924,2736.375,3081,3024.1,2969.458,2892.732,2743.542,2679.357,2677.981,2731.927,2834.4,3084.75,2654.7
4062.4,2714.292,2891.733,2856.8,3034.36,2632.572,2612.694,2512.992,2747.438,3294.214,3012.2,2991.417,2882.928,2740.125,2669.464,2670.442,2736.6,2821.88,3231.833,2660.8
4427.25,2711.208,2879.367,2848.04,3038.08,2635.857,2635.5,2509.75,2751.125,3561.178,3021.05,2985.833,2888.572,2763.208,2666.822,2679.5,2723.655,2822.12,3355.667,2660.55
5063.65,2719.375,2892.3,2849.76,3045,2718.678,2635.722,2514.576,2763.25,3905.822,3025.05,2979.958,2890.572,2842.458,2677.036,2675.211,2733.109,2853.48,3610.333,2736.3
5545.6,2707.458,2910.267,2845.72,3047.44,2885.357,2644.111,2509.697,2838.875,4187.821,3043.25,2982.083,2885.857,2902.542,2683.178,2669.846,2736.636,2842.44,3896.083,2931.65
5429.9,2734,2903,2857.2,3032.56,2941.357,2638.611,2511.121,2857.625,4221.107,3022.4,2988.875,2891.768,2901.5,2692.107,2683.827,2726.036,2841.32,4019.917,2942.4
5253.9,2719.667,2900.867,2859.88,3025.68,2901.893,2632.861,2508.917,2844,4111.321,3050.9,2997.958,2892.803,2917.542,2674.036,2686.423,2726.091,2839.32,3930.417,2908.85
5087.65,2717.875,2900.1,2838.04,3035.88,2865.714,2620.069,2508.962,2844.188,4015.786,3044.85,2969,2901.214,2892.375,2675.786,2685.827,2727.364,2838.96,3871.583,2899.75
4952.05,2721.5,2908.067,2859.92,3026.8,2833.643,2610.153,2506.508,2837.812,3970.072,3036.85,2990.708,2892.428,2888.125,2671.893,2676.308,2732.655,2837.44,3709.5,2852.75
4834,2723.375,2912.267,2856,3015.24,2813.25,2610.403,2513.765,2839.188,3884.786,3023.3,2980.542,2909.857,2890.375,2690.964,2680.519,2737.818,2838.8,3634.083,2819.25
4696.55,2735.25,2911.3,2858.52,3021.68,2790.536,2603.569,2510.144,2845,3810,3009.95,2966,2888.018,2870.458,2685.572,2680.423,2733.927,2829.24,3567.833,2817.25
4630.25,2724.042,2898.167,2859.96,3002.64,2753.036,2604.389,2512.742,2802.75,3752.857,3010.35,2979.875,2900.322,2860.125,2691.464,2691.039,2734.455,2853.84,3546.833,2799.45
4518.7,2721.083,2881.433,2854.32,3033.44,2754.286,2587.292,2511.061,2799.438,3707.964,3032.4,2964.917,2884.607,2856.208,2707.536,2687.808,2733.727,2855.4,3482.333,2808.7
4452.25,2730.5,2902.967,2848.52,3016.56,2739.214,2580.389,2510.326,2794.875,3667.428,3026.95,2977.042,2887.697,2857.292,2724.214,2688.154,2724.909,2838.36,3457.917,2785.45
4374,2725.208,2896.8,2865.28,3021.44,2728.893,2585.986,2514.636,2781.062,3613.107,3027.05,2966.917,2874.536,2843.458,2708.357,2689,2712.836,2828.84,3410.333,2775.65
4306.35,2726.208,2910.167,2878.8,3013.84,2710,2574.389,2504.182,2790.312,3593.072,3011.5,2961.833,2896.411,2854.417,2710.928,2674.25,2736.854,2821.8,3344.917,2748.6
4299.85,2701.875,2891.767,2850.72,3015.64,2709.464,2565.208,2513.273,2801.062,3550.036,3001.6,2975.125,2881.053,2831.625,2731.572,2681.75,2713.727,2834.2,3313,2730.45
4220,2722.417,2909.2,2836.48,3027.56,2685.928,2560.597,2512.167,2798.438,3521.072,3004.5,2980.792,2890.643,2843.25,2711.75,2681.327,2725.109,2843.96,3306.417,2745.45
4184.1,2724.292,2898.467,2847.24,3025.16,2683,2579.056,2509.576,2769.062,3501.357,3010.9,2981.292,2891.625,2841.875,2730,2674.423,2718.946,2841.2,3265,2719.65
4138.95,2725.208,2898.7,2843.28,3024.12,2674.25,2559.5,2513.167,2775.688,3457.786,3011.3,2986.042,2894.018,2834.583,2725.25,2681.789,2732.2,2817.24,3270.417,2725.75
4109.35,2737.125,2904.567,2835.76,2992.4,2666.643,2555.694,2507.402,2775,3417.393,3033.9,2984.833,2881.303,2824.167,2722.822,2678.711,2722.873,2845.92,3206.167,2707.6
4100.8,2703.458,2890.2,2836.88,3031,2674.322,2557.514,2500.424,2758.875,3400.357,3030.5,2955.958,2892.697,2837.833,2725.536,2680.404,2733.946,2827.12,3178,2697.3
4082.1,2719,2880.233,2869.64,3037.88,2645.857,2567.778,2505.356,2747.375,3392.322,3036.3,2958.75,2889.697,2818.375,2724.714,2689.558,2720.818,2838.24,3192.083,2710.05
4238,2719.917,2886.433,2845.24,3033.16,2660.822,2623.847,2506.273,2761.438,3339.857,3018.95,2961.75,2888.857,2837.167,2736.607,2676.654,2731.309,2832.04,3216.667,2670.95
4772,2718.792,2874.7,2843.56,3014.84,2691.357,2670.431,2512.318,2752.375,3331.072,3029.15,2951.417,2892.911,2848.083,2741.286,2681.173,2734.891,2838.6,3373.583,2737.95
5621.25,2729.292,2887.667,2963.32,3035,2777.393,2707.972,2511.75,2897.438,3438.857,3040.35,2964.042,2873.072,2934.667,2735.643,2672.058,2730.782,2844.76,3677.417,3001.7
6204.95,2733.333,2886.7,3302.56,3014.96,2961.286,2699.167,2507.485,3075.188,3552.25,3008.1,2974.875,2884.036,3128.292,2791.428,2691.577,2736.636,2847.8,4034.75,3372.05
6247.75,2716.25,2903.133,3598.72,3033.92,3201.25,2684.861,2508.462,3264.75,3665.357,2996.05,2961.75,2889.428,3263.958,2901.107,2689.596,2718.8,2847.12,4454.583,3639.55
5982.05,2724.792,2870.1,3632.64,3003.96,3452.072,2677.236,2497.591,3418.438,3658.643,3014.85,2961.75,2882.072,3305.833,2955.25,2686.961,2733.745,2848.84,4633.917,3757.65
5769.9,2712.458,2896.667,3585.52,3033.32,3578.5,2659.278,2509.136,3556.5,3615.572,3016.95,2993.667,2899.714,3291.75,2976.25,2683.789,2732.146,2850.32,4590.333,3661.3
5604.65,2731.458,2883.4,3509.76,3034.08,3560.857,2650.292,2504.091,3497.812,3580.607,3019.1,2976.333,2890.625,3284.667,2974.607,2682.327,2738.364,2838.2,4537.583,3601.45
5424,2728.042,2891.067,3456,3031.36,3466.928,2620.833,2505.583,3441.188,3538.536,2993.6,2985.958,2878.607,3243.042,2965.75,2684.096,2736.818,2825.72,4416.25,3519.15
5280.35,2731.5,2905.4,3403.8,3016.6,3390.464,2630.806,2510.485,3354.688,3525.5,3013.35,2984.5,2897.072,3227.167,2959.286,2669.885,2740.291,2833.6,4256.417,3442.5
5157.05,2720.5,2902.433,3373.56,3036.04,3313.286,2616.417,2510.455,3324.625,3462.75,3036.55,2975.333,2892.572,3209.875,2931.107,2670.519,2731.764,2822.6,4222.667,3379.75
5076.3,2711.5,2889.067,3312.6,3022.36,3252.678,2612.028,2506.432,3276.375,3456.714,3020.3,2962.75,2881.803,3157.625,2912.714,2685.211,2735.909,2830.88,4106.833,3317.2
4940.85,2726.042,2883.333,3278.6,3023.76,3164.822,2601.153,2505.28,3234.75,3415.393,3028.75,2974.708,2888.089,3168.5,2911.536,2684.846,2737.564,2840.72,4040.417,3255.4
4875.5,2719.792,2891.1,3221.84,3015.08,3142.072,2589.944,2508.409,3186.438,3393.143,3019.9,2957.167,2889.161,3137.042,2893.214,2686.5,2728.764,2844.64,3955.833,3192.35
4782.95,2716.042,2876.833,3195.16,3037.36,3106.393,2594.417,2501.477,3156.938,3375.678,3000.55,2972.75,2888.197,3098.417,2892.607,2682.211,2738.891,2840.24,3893.083,3148.15
4697.35,2717.667,2865.1,3164.64,3022.76,3060.643,2580.736,2508.72,3118.562,3342.857,2986.8,2993.542,2883,3098.625,2879.678,2675.519,2739.582,2838.76,3811.083,3144.45
4651.15,2705,2897.7,3151.28,3028.32,3020.75,2578.944,2510.129,3082,3325.107,3008.9,2969.958,2894.303,3091.458,2869.464,2673.019,2725.891,2832.12,3797.833,3080.4
4592.35,2719.417,2889.533,3119.92,3032.28,2998.857,2569.847,2509.023,3088.375,3296.25,3010.85,2963.958,2886.928,3047.125,2864.572,2669.731,2724.255,2842.32,3724,3074.6
4529.3,2711.5,2872.367,3079.96,2994.44,2969.536,2568.028,2501.644,3057.125,3268.928,3000.05,2968.958,2871.375,3064.208,2851.393,2686.173,2723.891,2820.32,3683.5,3023.65
4495,2713.375,2885.067,3058.56,2998.44,2947.928,2563.417,2506.977,3006.75,3255.072,3016.65,2970.625,2879.786,3043.875,2853.607,2672.135,2703.054,2809.84,3614.333,3008
4401.15,2702.917,2890.733,3050.44,3003.24,2931.178,2555.597,2499.553,3023.5,3252.072,3016.75,2971.75,2878.303,3032.417,2835.25,2692.115,2729.964,2832.6,3625.417,2979.95
4366.6,2715.083,2876.6,3029.48,3021.2,2888.286,2551.486,2505.492,2970.125,3194.357,3013.15,2976.042,2876.786,3004.792,2827.75,2673.019,2725.182,2828.12,3589.5,2933.85
4303.6,2724.458,2882.433,3012.04,3016.84,2878.536,2561.986,2501.909,2944.375,3216.643,3005.5,2966.792,2887.482,2984.75,2821.572,2671.615,2719.218,2841.84,3534.5,2928.9
4693.2,2702.833,2895.633,3008.44,3004.52,2878.643,2613.181,2502.856,2933.812,3188.464,3029.85,2960.042,2879.143,2992.375,2832.428,2683.789,2728.691,2823.12,3511.167,2895.9
5929.15,2703.292,2885.367,3047.8,3006.88,2886.607,2692.958,2510.788,2964.188,3179.5,2991.75,2968.583,2891.839,3001.958,2827.964,2692.365,2714.455,2824.56,3677.583,3056.25
6984.95,2708.958,2897.067,3307.32,3015.72,3024.714,2716.222,2504.462,3114.625,3182.822,2995.05,2955.333,2888.911,3110.583,2935.643,2675.885,2729.691,2829.48,4104.167,3405.45
7487,2709.083,2902.567,3637.08,3035.96,3320.25,2721.958,2514.742,3327.625,3325.928,3018.65,2964.667,2948.303,3279.542,3196.857,2692.5,2770.6,2846.32,4725.667,3811.95
7739.8,2710.667,2903.567,4080.64,3292.32,3778.786,2718.278,2605.689,3598,3529.714,3001.7,2959.875,3291.393,3498.292,3506.178,2689.961,2908.673,2854.52,5360.083,4175.25
7886,2720.208,2915.633,4631.08,3482.08,4363.429,2716.458,2692.023,3929.062,3708.964,2997.65,2989.208,3601.732,3588.917,3782.786,2694.5,3057.273,2840.2,5937.5,4406.2
7733.7,2775.292,2894.967,5024.16,3554.68,4862.536,2701.306,2740.167,4247.938,3711.678,3009.6,2981.375,3710.178,3585,3973.393,2688.096,3219.091,2847.6,6013,4367
7403,2786.958,2892.233,4987.04,3538.56,4940.286,2688.639,2727.561,4239.25,3685.714,3020.8,2970.917,3660.678,3550.542,4019.357,2691.115,3229.8,2837.36,5886.333,4246.2
7155,2765,2879.6,4820.44,3558.16,4823.321,2673.333,2710.402,4217.438,3645.75,2996.85,2991.167,3608.161,3496.417,3960.036,2684.5,3201.946,2851.44,5742.167,4083.15
6804.6,2772.458,2907.867,4708.16,3499.36,4648.714,2657.486,2705.424,4116.25,3586.643,3012.55,2985.375,3576.911,3470.667,3864.428,2690.789,3158.891,2853.48,5551.083,3958.85
6575.1,2768.708,2890.167,4533.56,3472.44,4523.536,2651.444,2699.864,4057.125,3551.928,2996.15,2976.167,3534.678,3427.042,3812.928,2687.058,3102.327,2832.24,5348,3841.7
6350.6,2743.25,2900.8,4442.16,3443.08,4376.929,2640.806,2674.576,3922.25,3507.428,3033.75,2969.583,3498.268,3402.458,3718.786,2688.327,3076.146,2828.64,5210.5,3744
6202,2738.625,2887.367,4326.32,3426.08,4251.714,2631.764,2660.061,3854.812,3474.107,2998.15,2971.75,3462.875,3340.542,3699.893,2686.75,3059.8,2838.12,5125.75,3672.55
6050.25,2739.583,2878.867,4243.4,3398.52,4130.286,2623.153,2662.742,3775.25,3445.143,3011.35,2974.458,3442.375,3322.375,3624.178,2680.961,3017.127,2839.8,4956.333,3608.75
5882.55,2722.167,2896.3,4191.64,3370.64,4031,2615.986,2649.576,3730.75,3397.072,3011.05,2972.958,3398.661,3277.625,3576.643,2679.173,2999.727,2843.08,4839.75,3526.5
5838.25,2730.292,2902.1,4095.36,3359.4,3947.072,2606.417,2637.811,3668.562,3376.964,3023.5,2970,3386.678,3243.208,3556.928,2675.654,2970.146,2821.56,4798.833,3501.55
5687.15,2733.625,2884.5,4017.64,3329.36,3883.214,2592.722,2631.061,3636.625,3356,3020.95,2956.25,3357.018,3224,3503.822,2671.789,2954.582,2830.12,4705.417,3428.2
5541.9,2730.25,2887.433,3967.76,3344.16,3794.893,2580.111,2628.985,3609.25,3309.25,3007.1,2955.292,3325.125,3213.417,3462.5,2692.442,2931.182,2838.72,4613.417,3381.35
5462.95,2738.792,2884.667,3926,3313.48,3715.357,2583.736,2621.273,3518,3311.393,2974.3,2943.5,3322.803,3172.958,3436.75,2692.077,2922.036,2840.96,4561,3342.15
5391.15,2715.458,2873.667,3875.6,3305.68,3650.107,2582.389,2615.265,3500.562,3293,3028.5,2970.083,3292.393,3136.333,3376.572,2677.827,2908.946,2822.4,4457,3271.55
5266.4,2715.125,2894.333,3828.56,3279.6,3610.428,2572.444,2616.371,3460.312,3279.5,3013.4,2957.25,3275.857,3136.833,3355.572,2679.885,2888.018,2824.88,4436.417,3263.65
5178.65,2721.708,2891.2,3746.16,3269.64,3528.428,2572.722,2602.523,3414.375,3264.5,2994,2963.375,3254.786,3109.375,3341.893,2674.115,2873.345,2839.76,4350.083,3188.85
5196.65,2710,2883.733,3710.12,3251.36,3503.464,2577.708,2596.008,3402.875,3229.107,2980.9,2942.458,3247.161,3084.583,3318.357,2681.75,2849.236,2816.84,4247.917,3141.05
6121.45,2708.125,2885.833,3673.84,3247.12,3458.322,2652.431,2585.856,3365.688,3209.178,3011.65,2966.458,3224.107,3072.25,3288.072,2685.692,2854.655,2859.32,4201.25,3168
7412.55,2697.917,2870,3656.04,3217.72,3413.178,2700.722,2582.288,3352.75,3188.072,2988.6,2961.75,3219.197,3058.125,3255.714,2679.577,2842.673,2836.12,4234.917,3263.4
8640.55,2719.167,2891.633,3894.36,3263.48,3474.357,2699.861,2582.53,3401.125,3202.607,3007.45,2982.708,3189.25,3093.875,3312.322,2674.961,2877.854,2826.76,4530.917,3728.55
9696.25,2766.167,2901,4544.44,3401.28,3826.178,2720.778,2620.583,3620.75,3200.178,3030.1,2970.792,3239.857,3223.875,3559.607,2690.231,3060.218,2828,5176.417,4185.25
10728.15,3015.583,2892.9,5346.72,3641.44,4421.321,2739.764,2665.068,3982.875,3218.322,3016.25,2966.625,3349.322,3401.708,3806.678,2757.327,3326.473,2882.16,5883.5,4735.65
11786.2,3309,2927,6006.2,3900.84,5076.321,2749.25,2739.758,4403.5,3328.214,3023.55,2976.792,3480.286,3538.042,4118.75,3002.827,3611.964,2923.4,6544.083,5074.1
12366,3475.708,2909.8,6277.92,4162.8,5750.893,2734.819,2780.553,4827,3442.107,3056.2,2958.667,3619,3577.417,4446,3218.731,3940.873,3022.52,6868.167,5154.3
12084.3,3576.75,2916.167,6127.12,4280.12,5934.143,2728.097,2795.182,5044.562,3443.143,3019.55,2970.333,3643.911,3564.458,4753.786,3272.173,4227.091,3091.84,6712,4981.15
11626,3530.458,2903.2,5987.24,4234.4,5834.964,2714.069,2772.629,4937.125,3407.178,3000.9,2992.042,3617.5,3509.583,4711.25,3251.827,4202.437,3103.96,6564.333,4816.15
11073.2,3402.417,2896.033,5772.04,4183.12,5634.964,2698.208,2753.667,4838,3373.714,3025.3,2976.5,3571.268,3450,4659.464,3218.654,4091.473,3079.56,6312.25,4603.9
10583.95,3349.542,2904.667,5615.04,4143.44,5402.071,2685.681,2730.311,4693.25,3320.036,3019.95,2979.375,3525.018,3432.333,4580.607,3164.192,4005.745,3060.76,6158.417,4468
10107.15,3281.458,2904.7,5436.04,4049.48,5247.321,2684.431,2728.409,4619.812,3296.107,3022.95,2963.667,3497.625,3389.917,4470.786,3132.269,3930.382,3027.68,6036.667,4378.25
9717.6,3241.5,2890.8,5320.84,3992.8,5073.286,2653.514,2708.098,4531.188,3289.25,3029.3,2949.833,3447.661,3361.458,4408.393,3122.423,3862.6,3056,5891.333,4260.95
9334.05,3159.083,2891.9,5149.04,3925.56,4867.821,2640.722,2706.962,4456.938,3275.428,2993.2,2955.542,3430.214,3317.417,4323.107,3079.827,3781.909,3040.8,5714.083,4133.8
9095.3,3122.417,2919.6,5035.84,3906.04,4778.786,2645.319,2692.364,4342.562,3246.357,2988.95,2970.833,3408.678,3283.375,4263.214,3060.423,3719.545,3011.64,5538.917,4043.2
8874.45,3080.667,2918.533,4955.08,3851.48,4667.5,2625.097,2683.227,4275,3229.928,3011.8,2971.708,3370.661,3263.917,4209.679,3042.096,3661.8,2991.36,5480.667,3962.35
8573.95,3061,2895.833,4828.4,3804.16,4516.107,2631.542,2679.28,4202.5,3216.643,2990.6,2973.75,3364.982,3219.625,4150.571,3027.904,3620.455,2979.44,5278.667,3867.05
8365.3,3000.042,2906.867,4768.2,3800.16,4419.643,2616.542,2676.72,4112.188,3206.25,3012.55,2959.292,3337.661,3205.833,4085.714,2997.961,3574.091,2972.56,5200.167,3769.8
8136.5,2971.292,2900.533,4653.04,3703.44,4354.893,2602.264,2658.447,4076.625,3195.428,2987.4,2966,3317.875,3177.75,4023.822,2980.75,3513.164,2960.12,5146.667,3752.4
7969.2,2952.792,2914.067,4610.32,3682.72,4222.964,2589.694,2659.523,3987.062,3185.643,3007.7,2954.708,3279.803,3144.542,3975.714,2974.808,3481.655,2943.4,4989.5,3692.2
7860.95,2928.542,2895.867,4547.48,3678.2,4162.964,2584.528,2648.545,3976.312,3184.572,2997.6,2952.333,3259.982,3136.625,3920.822,2954.211,3437.854,2945.52,4912.833,3669.55
7617.3,2915.583,2885.333,4428.16,3644.12,4073.214,2579.556,2627.864,3904,3160.072,3014.85,2957.875,3238.268,3088.125,3893,2946.885,3420.6,2944.24,4823.333,3630.35
7502.95,2901.917,2885.233,4400.04,3597.32,4011.607,2593.903,2633.386,3858.812,3138.714,2999.3,2950.792,3213.786,3075.875,3853.893,2922.173,3380.982,2918.36,4724.667,3549.7
8541.7,2883.75,2890.633,4329.36,3545.48,3945.786,2647.111,2626.977,3777.188,3121.214,3008.25,2951.875,3227.536,3097.25,3771.893,2905.115,3360.109,2925.28,4691.417,3502.1
10341.6,2844.333,2896.5,4290.96,3541.88,3887.143,2707.306,2619.985,3760.812,3128.964,2997.3,2951.917,3186.75,3044.417,3774.107,2901.981,3325.691,2925.48,4761.75,3633.2
11404,2833.958,2891.167,4357.8,3511.56,3820.572,2729.917,2626.841,3734,3131.678,3018,2943.25,3171.607,3051.542,3720.107,2882.308,3297.073,2919.2,5233.583,4097.05
12057.2,2889.333,2879.567,4950.2,3600.28,4071.857,2739.875,2629.212,3868.875,3130.036,2992.05,2942.25,3200.518,3152.208,3817,2888.019,3370.473,2915.24,5905.667,4663.4
13739.9,3205.5,2897.267,5947.92,3788.04,4777.25,2787.056,2668.394,4293.562,3119.143,3010.4,2971.042,3359.714,3356.375,4133.571,2953.423,3655.891,2990.68,6692.25,5345.45
16094.7,3631.083,2955.067,6966.2,4082.92,5653.679,2816.944,2732.295,4791.062,3231.393,3125.4,3062.25,3588.678,3567.708,4588.036,3142.942,4058.273,3195.04,7575.083,6032.85
18162.1,4224.833,3306.8,7723.16,4404.32,6467.071,2860.861,2788.765,5393.125,3441.357,3324.4,3260.625,3766.25,3746.875,5106.714,3315.173,4461.418,3501.76,8221.833,6812.95
19781,5069.708,3806.567,7821.84,4573.36,6887.5,2887.708,2853.712,5847.562,3600.822,3683,3449.625,3994.5,3739.042,5652.857,3467.808,4975.345,3777.2,8395.417,7163
19945.65,5617.25,4035.4,7606,4611.84,6853.75,2895.028,2867.159,5890.125,3646.928,3744.15,3495.083,4157.964,3709.792,5882.5,3584.615,5256.782,3869.64,8404,7025.5
19098.051,5601.292,4015.2,7343.32,4499.48,6694.714,2853.667,2849.568,5764.812,3585.75,3730.3,3472.667,4076.393,3651.458,5804.071,3574.673,5180.254,3809.36,8172.583,6736.3
18422.9,5381.5,3946.467,7103,4438.48,6486.893,2832.264,2830.061,5670.812,3552.964,3694.65,3453.25,4014.536,3616.667,5715.429,3503.019,5083.437,3721.76,8000.833,6432.45
17526.699,5254.333,3900.7,6859.2,4337.36,6172.821,2834.306,2814.25,5574.562,3505.214,3608.95,3376.625,3969.375,3577.083,5602.643,3453.577,4963.345,3671.2,7753.833,6179.85
16969.699,5027.792,3812.1,6635.2,4254.12,5971.75,2822.264,2792.977,5356.688,3461.928,3559.2,3323.333,3942.536,3508.958,5498.857,3404.539,4827.6,3619.16,7395.75,5966.35
16271.6,4920.333,3758.033,6445.52,4193.56,5715.929,2792.694,2776.886,5271.188,3420.322,3525.45,3306.375,3876.553,3484.667,5380.929,3386.077,4740.273,3567.96,7105.083,5758.75
15667.65,4753.958,3715.633,6230.4,4117.64,5531.321,2766.708,2773.258,5154.25,3398.107,3492,3267.75,3817.303,3423.125,5286.821,3349.019,4637.309,3546.76,6912.167,5649.75
15196.45,4619.583,3633.067,6088.56,4102.2,5320.286,2756.389,2764.402,4971.188,3375.572,3462.45,3216.375,3774.803,3360.708,5193.286,3299.692,4536.218,3497.2,6680.833,5472.3
14770.05,4569.708,3616.9,5932.52,4014.52,5128.25,2736.222,2753.864,4966.5,3340.928,3441.2,3208.792,3762.589,3350.125,5108.786,3276.5,4477.982,3442.68,6596.333,5367.95
14468.45,4450.083,3578.033,5800.76,3984.52,4982.679,2717.306,2747.848,4844.25,3301.072,3410,3191.292,3732.411,3319.833,5045.893,3223.096,4376.782,3443.24,6368.917,5255.2
14069.75,4335.875,3526.267,5644.2,3963.12,4851.929,2706.458,2733.879,4741.375,3280.107,3365.3,3161.917,3685.089,3291.25,4971.071,3216.461,4318.6,3426.2,6175.917,5120.05
13773.05,4267.25,3492.033,5613.68,3872.96,4733.75,2694.667,2717.902,4653.375,3266.857,3348.8,3166.792,3652.161,3268.917,4899.143,3171.885,4250.309,3367.68,6082.417,5005.05
13583.6,4213.75,3450.7,5466.8,3816.8,4584.536,2678.556,2709.258,4590.562,3260.893,3329.05,3132.375,3617.303,3218.458,4785.357,3174.308,4201.836,3320.12,5973.667,4930.2
13203.65,4095.583,3410.7,5378.24,3802.36,4506.893,2671.181,2700.841,4521.688,3234.107,3311.3,3119.208,3572.589,3193.875,4729.893,3130.846,4138.764,3284.44,5877.167,4871.6
12895.4,4053.542,3395.233,5299.84,3788.84,4406.143,2667.917,2694.553,4397.125,3203.393,3306.5,3096.375,3574.982,3179.542,4670.357,3126.654,4076.545,3265.52,5793.417,4756.3
13347.05,4012.833,3355.433,5211.24,3763.68,4326.036,2705.889,2696.205,4361.188,3218.607,3246.65,3107.667,3539.357,3146.583,4621.214,3097.769,4032.655,3230.96,5669.083,4761.4
14568.3,3948.667,3348.133,5129.96,3708.92,4224.821,2778.264,2686.492,4286.875,3207,3234.45,3091.417,3518.107,3138.833,4556.321,3076.211,3981.927,3206,5575.417,4659.5
15867.55,3886.625,3297.433,5240.2,3679.84,4182,2816.083,2680.644,4305.375,3161.178,3222.95,3066.042,3518.5,3168.208,4513,3042.308,3961.054,3189.32,5832.167,5234.7
16621.801,3847.833,3270.867,6020.04,3678.56,4353.643,2815.917,2674.364,4315.375,3176.036,3218.55,3075.417,3477.768,3269.083,4484.821,3048.481,3945.054,3142.68,6543.417,5797.45
17617.15,4001.542,3290.7,6790.52,3819.12,4870.929,2850.222,2695.758,4663.125,3152.964,3204.6,3068.917,3574.303,3436.417,4607.286,3096.904,4097.691,3203.56,7192.667,6349.7
18849.75,4476.083,3324.733,7591.76,4163.84,5571.25,2917.986,2740.265,5169.812,3168.607,3203.85,3112.625,3798.803,3618,4927.429,3228.885,4437.109,3321.68,7843.667,6702.15
20236.15,4913.25,3519.067,8168.2,4461.76,6220.786,2985.972,2807.667,5726.5,3217.393,3319.2,3204.583,4040.714,3723.125,5350.786,3393.692,4831.2,3522.56,8294.083,7125.05
21292.199,5379.958,3868.6,8381,4699.04,6743.464,3072.778,2876.182,6325,3331.214,3565.95,3317.208,4215.875,3832,5829.714,3547.154,5220.018,3732.24,8757,7693.2
21437.15,5793.833,4231.533,8239.28,4921.84,6852.214,3141.278,2911.394,6572.25,3469.964,3751.15,3421.042,4383,3865.625,6201.393,3664.615,5537.945,3842.96,8966.917,7937.75
20758.75,5912.208,4429.2,7993.56,5001.36,6789.321,3197.944,2915.848,6575.875,3496.357,3797,3474.917,4507.018,3893.75,6375.679,3749.654,5626.891,3886.56,9186.083,8060.5
20233,5791.75,4430.967,7720.88,4971.88,6603.357,3182.097,2914.174,6459.188,3557.036,3796.95,3460.542,4501.411,3854.583,6326,3715.211,5582.691,3876.4,9124.5,7852.9
19366.4,5618.792,4373.4,7505.28,4899.68,6366.429,3162.764,2891.712,6317.125,3568.143,3777.1,3468.208,4454.304,3776.208,6201.25,3667.442,5430.709,3811.48,8756.417,7482.25
18625.449,5477.708,4244.833,7247.76,4868.6,6163.464,3156.236,2876.553,6184.562,3501.143,3728.65,3417.542,4383.071,3728.75,6148.036,3620.731,5333.746,3770.24,8461.417,7266.15
17824,5310.333,4195.367,7058.2,4742.56,5913.071,3112.903,2865.258,6009.375,3495.536,3668.3,3362.292,4307.696,3688.458,5988.321,3569.211,5222.8,3744.76,8231.333,6916.9
17332.6,5147.167,4114.267,6800.12,4672.72,5720.821,3067.361,2840.583,5818.312,3413.286,3629.2,3341.542,4262.339,3618.792,5874.75,3535.365,5083.291,3669.64,7974.917,6711.75
16591.85,5008,4054.233,6625.32,4613.56,5497.107,3043.917,2838.939,5712.688,3405.107,3596.5,3320.042,4208.804,3566.708,5808.214,3491.461,4985.2,3620,7779.75,6517.4
16148.05,4886.875,3986.8,6470.32,4542.48,5328.714,3003.722,2828.455,5578.062,3374.464,3537.65,3266.417,4142.643,3571.292,5659.714,3449.615,4902.236,3575.92,7582.25,6373.2
15614.15,4762.542,3904.533,6317.16,4506.56,5131.036,2992.986,2817.614,5457.188,3341.5,3516.35,3256.375,4117.268,3485.167,5571.893,3406.346,4819.6,3535.76,7317.5,6185.1
15385.6,4701.833,3861.233,6153.6,4414.48,5023.393,2960.611,2794.205,5325.562,3331.893,3502.1,3222.875,4073.678,3460.917,5435.143,3391.461,4706.364,3499.12,7134.667,6121.45
14669.1,4565.833,3817.133,6012.96,4368.56,4841.143,2936.403,2796.492,5247.688,3304.822,3450.35,3201.042,4061.268,3440.375,5339.571,3332.192,4640.437,3461.88,6986.167,5975
14508.75,4476.917,3738.233,5939.04,4318.96,4732.464,2919.778,2780.864,5108.5,3283.286,3455.8,3191,4021.553,3381.083,5321.679,3314.558,4570.909,3413.2,6750,5823.65
14042.25,4427.875,3713.767,5830.4,4244.6,4586.929,2896.306,2770.477,5010.25,3252.428,3424.15,3145.583,3981.661,3377.833,5223.929,3292.365,4493.236,3392.28,6633.5,5668.65
13856.5,4337.208,3653.733,5689.16,4172.88,4485.964,2883.292,2748.985,4940.562,3229,3390.9,3174.25,3920.214,3340.667,5147.321,3259.885,4437.254,3343.92,6428.75,5596.6
14501.7,4262.75,3588.5,5587.92,4147.8,4402,2924.25,2744.538,4836.25,3226.75,3331.9,3145.708,3894.714,3291,5088.071,3233.654,4383.182,3313.08,6264.583,5506.45
14809.5,4218.625,3578.767,5456.96,4124.68,4289.821,2949.639,2747.826,4747.25,3214.822,3295.25,3118.542,3878.857,3273.875,5032.429,3220.039,4342.418,3313.48,6230.083,5635.2
15061.85,4176.417,3543.067,5498.08,4111.88,4201.679,2966.361,2728.205,4665.25,3196.822,3307.2,3121.75,3843.143,3274.417,4953.893,3193.654,4276.764,3282.56,6142.083,5954.8
15781.25,4115.375,3507.2,6319.84,4063.8,4206.25,2986.736,2726.22,4634.5,3184.964,3270.55,3088.417,3823.393,3322.667,4898.214,3176.539,4231.254,3231.36,6431.667,6269.15
17209.4,4230.417,3497.567,7423.36,4153.68,4604.964,3056.722,2729.697,4920.75,3155.928,3279.45,3107.458,3894,3469.5,5017.429,3144.289,4297.127,3232.8,6964.333,6690.1
19384.4,4849.208,3569.567,8481.84,4528.24,5339.393,3193.583,2776.318,5491.062,3189.178,3330.35,3194.875,4194.75,3799.292,5524.893,3287.327,4761.055,3331.6,7979.583,7317.8
21026.4,5563.708,3936.233,9049.76,5075.16,6167.643,3377.403,2854.439,6109.25,3341.143,3460.2,3373.875,4535.25,4145.208,6076.071,3549.558,5233.254,3612.04,8773.25,8058
21746.949,6287.208,4450.333,9085.68,5546.52,6795.143,3560.764,2950.909,6615.875,3598.928,3776.95,3640.792,4866.179,4637.583,6684.893,3777.115,5694.473,3842.6,9466.667,8531.25
21684.4,6665.833,4932.633,8894.92,6127.24,6935,3778.389,3002.152,6814.875,3943.893,4017.1,3980.917,5220,5027.5,7070.179,3944.769,5996.109,3970.84,9838.833,8598.2
21010.65,6639.833,5395.6,8663.04,6635.16,6839.679,3914.125,3005.811,6800.938,4155.429,4233.6,4247.417,5516.214,5215,7209.107,4042.327,6058.691,4028.04,9991.167,8473.1
20164.051,6471.833,5736.767,8464.52,6946.36,6687.107,3896.5,2993.311,6730.75,4221.607,4324.6,4404.875,5576.393,5292.458,7226.714,4058.635,5969.364,3988.28,9819.75,8186.35
19069.1,6203.25,5683.967,8163.96,6944.96,6440.643,3823.014,2978.841,6597.5,4202.536,4298.95,4317.042,5532.75,5226.375,7139.393,3991.942,5825.455,3941.36,9523.417,7749.2
18371,6066.875,5545.733,7818.48,6885.04,6263.571,3774.111,2975.773,6490.125,4142.214,4235.05,4268.042,5441.768,5083.583,7067.321,3955.385,5697.164,3895,9253.667,7473.75
17584.85,5829.833,5363.6,7576.6,6709.2,6063.5,3714.944,2947.932,6268.188,4059.678,4116.95,4146.125,5352.393,4996.208,6884.571,3888.173,5555.364,3828.44,9026,7143.3
17081.1,5646.958,5271.9,7307,6639.6,5865.429,3658.833,2929.015,6211.438,3978.107,4058.35,4075.5,5286.696,4896.125,6728.393,3858.039,5424.345,3740.96,8754.833,6866.7
16154.25,5518.708,5133.767,7085.24,6495.08,5632.393,3593.056,2921.045,6001.812,3916.464,3989.6,3983.708,5176.929,4760.167,6619.679,3775.961,5311.164,3693.6,8462.333,6578.75
15711.45,5355.458,5045.967,6896.84,6405.28,5457.357,3554.375,2893.485,5845.312,3858.072,3935.55,3940.833,5119.554,4714.417,6491.393,3748.789,5211.854,3653.24,8085.417,6430.45
15097.2,5190.083,4952.633,6658.64,6289.44,5268.679,3519.847,2878.689,5752.688,3827.75,3867.6,3901.5,5059.75,4586.208,6351.25,3686.885,5105.382,3582.92,7943.167,6197.45
14716.85,5120.833,4839.333,6501.48,6182.6,5088.357,3482.111,2866.962,5598.625,3749.214,3843.2,3853.583,4975.089,4521.667,6258.214,3638.423,5031.218,3562.4,7654.5,5986.6
14185.65,4942.667,4772.833,6349.92,6097,4933.143,3444.264,2856.333,5549.938,3706.036,3768,3775,4918.857,4460.708,6147.536,3619.442,4915.945,3531.48,7433.75,5872.1
13859.9,4878.792,4718.867,6201,6063.8,4769.393,3410.125,2840.28,5375.5,3682.428,3724.2,3757.667,4896.768,4374.875,6058.286,3549.365,4856.6,3504.68,7264.167,5776.4
13374.9,4746.083,4619.633,6040.6,5942.16,4674.714,3377.472,2834.72,5221.312,3643.393,3692.2,3702.083,4806.036,4296.458,5959.464,3536.981,4781.964,3453.12,7081.667,5629.45
12986.3,4664.917,4523.067,5967.72,5860.24,4534.214,3346.5,2826.545,5162.688,3602.322,3637.3,3657.958,4773.929,4264.292,5855,3478.019,4718.4,3413.04,6900.667,5520.8
12678.2,4592.958,4425.967,5798.32,5778.52,4435.071,3327.458,2821.553,5082.688,3562.822,3624.1,3636.292,4708.054,4189.958,5751.964,3469.096,4644.309,3392.8,6707,5377.55
12841.25,4527.083,4363.5,5692.84,5693.16,4324.071,3324.583,2815.439,5015.938,3536.178,3615.4,3586.625,4650.875,4144.458,5681.964,3442.827,4583.582,3393.44,6585.083,5251.05
13199.3,4438.875,4289.533,5578.04,5617.24,4240.357,3341.75,2812.841,4853.438,3512.143,3557.55,3554.458,4622.643,4063.125,5601.464,3395.461,4512.182,3345.8,6415.5,5209
14544.75,4384.958,4257.767,5881.72,5615.88,4172.464,3409.472,2793.864,4759.062,3474.75,3551.3,3537.292,4569,4057.167,5554,3380.039,4513.582,3308.08,6345.667,5605
16184.6,4408.417,4190.4,6968.32,5597.6,4317.036,3493.639,2800.015,4881.062,3445,3513.75,3514,4611.554,4177.5,5506.536,3360.885,4479.945,3276.64,6530.333,6049.15
18199.449,4871.625,4156.2,8033.24,5782.2,4797.786,3583.069,2806.197,5269.812,3437.428,3491.45,3480.167,4788.196,4411.25,5726.464,3356.808,4775.691,3307.44,7196.75,6679.85
20084.051,5528.875,4338.833,8783.32,6303.96,5502.321,3732.194,2842.25,5742.562,3455.857,3548.55,3581.667,5132.018,4703.75,6256.143,3529.385,5276.491,3478.56,8038.583,7468.65
21476.449,6174.167,4825.1,9146.12,6868.76,6178.143,3972.569,2883.485,6305.812,3625.857,3763.2,3789.792,5486.589,5124.875,6898.179,3800.365,5795.055,3790.4,9021.583,8201.95
21747.4,6604.292,5445.733,9152.4,7503.36,6610.607,4178.306,2931.22,6694.875,3934.572,4003.6,4126.75,5864.839,5551.042,7470.25,4037.904,6173.764,4081.76,9550.167,8521
21115.5,6723.75,5952.867,9024.16,8064.68,6644.179,4340.208,2964.659,6776.312,4261.357,4310.05,4405.417,6231,5961.5,7797.321,4229.711,6344.345,4232.72,9804,8305.7
20542.9,6571.417,6371.333,8839.84,8667.32,6585.786,4409.986,2973.03,6837.812,4551.179,4522.8,4750.958,6504.321,6333.875,7988.393,4345.077,6320.6,4382.36,9930.333,8195.95
19936,6383.375,6532.133,8714.44,8980.6,6453.893,4370.153,2972.152,6771.188,4794.571,4679,4958.708,6624.196,6412.792,8054.607,4377.211,6234.655,4387.6,9890.583,7878.35
18865.1,6231.208,6463.033,8440.68,9200.16,6275.214,4327.708,2967.811,6729.25,4854.321,4766.4,5000.917,6619.089,6328.292,7950.679,4326.461,6105.982,4357.96,9732.667,7514.85
17906,6002.375,6313.833,8146.04,9106.24,6058.75,4229.944,2948.848,6608.875,4797.179,4671.9,4865.917,6504.536,6197.583,7796.5,4267.211,5938.527,4290.96,9402.25,7173.05
17413.199,5836.667,6140,7849.52,8965.32,5845.714,4149.194,2924.235,6427.312,4666.107,4576.95,4780.542,6403.071,6018.208,7608.571,4201.75,5821.709,4199.56,9207.5,6863.45
16746.25,5655.417,6035.7,7610.32,8745.56,5655.5,4111.903,2918.727,6270.438,4574.857,4485.05,4675.167,6292.893,5954.292,7471.286,4145.154,5658.4,4108.08,8909.167,6528.55
16059.55,5446,5893.8,7297.84,8574.36,5443.143,4031.736,2909.53,6038.875,4491.286,4443.55,4603.708,6213.321,5763.208,7307.964,4080.635,5535.891,4045.92,8538.333,6333.1
15433.4,5331.25,5755.1,7025.32,8446.52,5245.214,3968.028,2897.606,5935.5,4416.643,4395.95,4513.958,6089.339,5653.958,7167.893,4013.596,5429.509,3985.76,8218.583,6086.8
14786.25,5192.167,5657.567,6806.32,8325.96,5098.643,3913.611,2883.22,5833.312,4316.429,4317.65,4442.917,5996.161,5559.417,7022.179,3949.827,5308.345,3945.8,7960.417,5891.1
14277.9,5055.083,5570.933,6554.28,8130.32,4950.429,3888.569,2868.841,5653.625,4285.893,4237.5,4389.917,5918.5,5424.708,6922.857,3927.423,5221.091,3891.92,7659,5718.75
13769.55,4916.5,5496.867,6395.68,8063.12,4787.714,3848.056,2865.417,5528.312,4173.25,4186.85,4346.208,5850.411,5362.083,6754.821,3885.769,5121.563,3848.24,7463.5,5525.6
13215.3,4805,5382.5,6224.08,7946.04,4649.25,3813.694,2850.083,5435.312,4157.25,4148.9,4238.417,5762.446,5272.167,6660.821,3838.404,5008.4,3786.56,7171.667,5377.3
12863.3,4700.125,5306.9,6028.84,7779.48,4530.75,3770.25,2848.439,5357.062,4084.357,4104,4180.583,5670.304,5144.208,6529.786,3782.481,4965.437,3778.6,6883.917,5236.85
12368.95,4638.125,5238.433,5886.48,7693.08,4405.821,3734.472,2839.811,5200.062,4024.428,4060.5,4137.375,5630.357,5057.542,6415.643,3739.885,4855.509,3698.44,6843,5155.75
12016.55,4552.917,5163.3,5772.36,7582.04,4332.786,3700.083,2833,5125.625,3990.107,4029.8,4091.042,5568.143,4987.083,6269.786,3697.808,4767.2,3645.16,6750.083,5031.75
12512.4,4463.667,5083.067,5611,7492.8,4203.75,3707.194,2826.045,5042.938,3924.286,4003.6,4069.583,5496.5,4894.708,6243.357,3659.596,4738.327,3613.28,6512.583,4905.55
13614.6,4394.417,5028.367,5688.84,7459.24,4124.357,3762.917,2821.705,4977.688,3897.357,3903.65,3999.125,5427.357,4862.875,6146.679,3638.692,4673.146,3576.16,6394.25,5176
14945.95,4354.542,4980.233,6299.92,7370.44,4116.607,3788.819,2811.53,4856.438,3868.072,3885.05,3958.708,5390.732,4829.542,6026.286,3583.558,4626.818,3550.04,6272.833,5539.15
16647.199,4616.667,4893.867,7296.48,7363.12,4326.393,3819.514,2811.864,5003.25,3851.536,3880.3,3919.833,5437.071,4873.625,6051.536,3575.596,4736.836,3539.4,6387.167,5960.2
18989.4,5193.583,4867.567,8159.16,7671.08,4805.964,3953.597,2829.318,5358.312,3790.893,3873.45,3912.375,5657.089,5061.542,6347.321,3664.039,5173.945,3540.52,7079.083,6667.55
20730.551,5879.167,5071.367,8808.36,8218.08,5454.714,4136.667,2872.076,5791.875,3882.464,3947.65,4004.958,5966.536,5524.792,6873.857,3928.577,5619.891,3752.68,7941,7557
21325.199,6516.75,5769.967,9136.96,8995.44,6025.214,4367.833,2935.659,6229.312,4178.679,4248.65,4377.125,6349.107,6249.833,7418.107,4212.961,5972.982,4128.48,8940.75,8337.6
21360.15,6851.167,6607.433,9157.6,9709.16,6453.036,4580.375,3006.242,6607.188,4710.857,4770.5,4919.708,6788.607,6974.458,7947.607,4494.115,6244.927,4475.76,9728.833,8444.1
20808.6,6808.833,7281.4,9052.48,10432.36,6557.071,4641.694,3050.371,6811.062,5195.75,5255.8,5461.833,7166.268,7625.542,8302.143,4739.154,6313.109,4783.24,10069.667,8357.3
20024.301,6631.458,7704.333,8847.84,10980.44,6490.679,4594.361,3069.477,6783.625,5550.036,5574.1,5678.625,7301.5,7816.208,8409.679,4805.808,6220.437,4956.44,10081.5,8031.45
19244.9,6460.083,7796.033,8593.76,11228.4,6318.571,4532.403,3081.455,6753.375,5777.429,5726.7,5843.5,7255.196,7795.875,8472.929,4818.942,6090.291,4960.32,9774.833,7653.9
18688.15,6300.875,7777.3,8387.36,11356.84,6215.5,4466.667,3113.508,6594.438,5783.143,5870,5878.583,7198.339,7710.667,8391.071,4826.423,6012.236,4969.48,9437.75,7346.85
17769.6,6098.958,7632.267,8071.72,11164.28,6062.75,4380.014,3107.621,6460.438,5748.964,5781.6,5697.25,7130.143,7512.792,8290.821,4757.211,5868.236,4909.16,9078.75,6991.2
16891.9,5899.542,7448.7,7782.88,10960.2,5830.25,4314.611,3090.818,6275.125,5602.964,5655.05,5562.667,6999.161,7319.667,8174.214,4670.192,5757.982,4818.52,8868.667,6705.05
16052.05,5681.958,7288.233,7465.2,10741.52,5614.286,4235.319,3078.364,6163.75,5479.607,5587.85,5401.708,6843.929,7107.042,7978.5,4584.135,5596.327,4724.76,8449.167,6392.05
15332,5547.667,7138.667,7198.68,10609.96,5416.786,4185.944,3052.447,6001.125,5410.321,5463.2,5292.792,6784.464,7015.75,7819.929,4490.039,5487.109,4654.36,8131.417,6135.25
14659,5357.125,6994.9,6888.16,10457.2,5228.857,4099.931,3030.955,5919.812,5272.214,5309.75,5209.083,6691.179,6768.25,7667.321,4413.923,5353,4576,7747.25,5959.35
14117.55,5193.875,6873.467,6640.4,10257.32,5057.214,4052.667,3010.28,5780.75,5133.179,5252.25,5114.292,6547.643,6577.917,7521.679,4359.019,5246.018,4509.44,7588.583,5768.85
13510.15,5062.792,6722.133,6444.28,10077.16,4936.286,3995.264,3003.189,5618.312,5072.143,5154.8,5006.542,6449.768,6534.083,7343.571,4319.519,5110.691,4473.36,7275.667,5565.45
13050.75,4927.667,6595.767,6225.64,9893.04,4759.357,3972.653,2989.273,5462.938,5019,5097.2,4921.292,6395.125,6347.708,7223.357,4256.423,5029.6,4405.2,7082.833,5392.3
12477.2,4811.667,6500.833,6054.8,9724.24,4634,3924.222,2976.106,5355.5,4921.107,5036.05,4881.875,6298.554,6289.208,7103.107,4182.692,4943.563,4332.6,6941.333,5237.05
12254.65,4706.917,6398.867,5863.36,9564,4498.929,3878.292,2959.75,5299.812,4820.929,4962.85,4764.958,6206.607,6144.042,6986.143,4117.846,4856.309,4292.44,6686.083,5141.5
11801.35,4576.75,6242.033,5728.04,9503.36,4385.179,3857.056,2956.864,5177.812,4727.107,4910.1,4698.667,6136,6054.167,6803.75,4081.308,4766.8,4189.84,6537.5,4993.55
11395.45,4502.708,6155.733,5566.52,9337.88,4315.107,3832.819,2945.773,5102.438,4660.5,4831.45,4623.75,6086.768,5925.583,6735.143,4010.865,4717.4,4152.36,6403.083,4825.8
11667.4,4373.458,6121.167,5409.68,9159.72,4183.107,3805.819,2928.227,4987.188,4594.893,4739.5,4579.292,5992.429,5783.625,6641.536,3982.154,4643.927,4116.12,6209.333,4804.2
13262.35,4332.5,6003.333,5343.48,9096.44,4127.893,3869.139,2924.409,4921.75,4570.929,4710.35,4521.125,5950.411,5725.583,6552.429,3926.519,4589.437,4082.48,6098.75,4928.3
14454.35,4308.708,5880.333,5577.84,8976.32,4032.357,3873.653,2913.439,4815.25,4500,4642.65,4493.75,5901.286,5681.792,6382.536,3918.058,4524.891,4028.88,6096.25,5104.7
16271.55,4594.375,5835.267,6214.76,8942.44,4134.679,3934.903,2908.553,4845.938,4449.036,4564.05,4412.125,5934.089,5643.417,6382.607,3866.865,4506.018,3976.4,6064,5422.6
18724.949,5151.75,5827.4,7236.24,9209.72,4535.571,4085.167,2924.894,5124.062,4417.036,4513.45,4385.833,6145.321,5884.167,6534.321,3954.231,4794.8,4019.56,6517.833,6242.35
20673.551,5851.5,6165.4,8240.96,9823.12,5146.786,4332.472,2958.432,5601.938,4432.143,4654.8,4659.375,6548.893,6358.792,6967.893,4278.692,5193.582,4199.08,7358.75,7449.5
21052.9,6542.583,6916.367,8842.32,10663.28,5792,4523.653,3024.591,6059.5,4765.25,5068.5,5136.708,6952.929,7115,7494.143,4578.789,5589.345,4572.32,8283.583,8235.25
20820.75,6784.5,7660.967,9013.24,11424.88,6225.679,4632.181,3103.826,6424.062,5248.357,5543.35,5753.917,7319.661,7698.708,7958.821,4875.615,5880.473,4939.76,8939.667,8368.6
20277.5,6695,8235.467,8978.76,12217.76,6394.571,4641.764,3181.538,6713,5760.393,6057.35,6442.917,7565.018,8207.958,8389.857,5059.404,5982.6,5235.56,9299.5,8238.3
19853.15,6585.292,8714.8,8932.44,12873.64,6443.929,4647.208,3264.742,6840.25,6256.607,6634.25,7020,7765.911,8662.375,8617.321,5208.827,6029.691,5501.88,9666.583,8059.5
19238,6435.625,8887.7,8777.52,13263.84,6285.929,4596.889,3320.848,6810.438,6646.036,7131.7,7427.125,7770.625,8744.625,8674.964,5260.635,5966.164,5686.2,9429,7706.3
18118.15,6237.875,8686.634,8512.76,13132.56,6119.036,4515.819,3309.242,6740.625,6600.857,7069.75,7283.792,7670.196,8550.25,8591.536,5241.692,5832.891,5587.16,8938.583,7370.2
17330.4,6043.208,8488.434,8173.4,12817.32,5879.571,4440.792,3291.189,6536.375,6450.286,6946.9,7090.625,7558.5,8397.208,8434.929,5153.019,5694.873,5489.12,8575.083,7010.6
17160.15,5863.708,8266.3,7826.84,12653.12,5679.321,4387.611,3258.697,6431.312,6281.786,6788.35,6942.833,7415.321,8128.5,8333.321,5029.058,5558.309,5407.12,8356.417,6683.2
16205.4,5721.583,8110.8,7571.32,12407.12,5495.036,4313.028,3247.068,6275.812,6149.643,6695.3,6746.875,7284.018,7905,8156.464,4948.5,5434.655,5277.6,8245.833,6437.1
15393,5493.875,7949.267,7257.44,12154.76,5301.75,4249.806,3220.447,6104.25,6019.286,6588.9,6630.458,7165.964,7708.208,7942.107,4857.404,5309.382,5203.4,7932.917,6190
14624.5,5348.333,7800.733,6981.56,11970.32,5108.464,4184.361,3211.212,5894.688,5918.821,6428.5,6418.458,7062.679,7510.875,7806.107,4788.308,5223.854,5102.96,7687.417,5947.05
14086.45,5210.917,7627.933,6726.68,11695.28,4955.393,4132.458,3200.712,5791.875,5752.393,6259.55,6299.083,6947.839,7340.875,7647.179,4698.115,5106.473,5005.56,7321.167,5759.05
13489.4,5006.417,7455.9,6461.76,11505.6,4809.964,4091.472,3178.78,5666.625,5663.357,6111.85,6140.542,6841.518,7171.208,7454.036,4610.327,5011.764,4955.28,7046.917,5579
12987.5,4881.417,7345.733,6289.36,11313.16,4655.143,4051.819,3152.598,5501.562,5565.179,5978.95,6021.667,6746.179,7048.292,7338.786,4565.692,4914.582,4861.08,6895.917,5391.2
12330.3,4760.542,7220.833,6053.16,11155.76,4501.786,3985.847,3136.78,5391.875,5461.536,5897.2,5927.083,6657.286,6889.792,7193.214,4476.365,4817.327,4811.28,6735.833,5221.95
11915.4,4672.167,7104.467,5893.08,11018.84,4394.929,3933.389,3120.348,5314.938,5426.429,5765.35,5821.25,6552.732,6744.708,7067.107,4421,4735.6,4728.96,6460.667,5055.55
11549.9,4569.042,6996.133,5744.96,10902.6,4264.679,3884.292,3103.083,5200,5301.464,5726.5,5745.708,6478.929,6602.75,6918.286,4352.865,4672.509,4699.28,6417.417,4959.2
11195.45,4454.75,6887.333,5598.6,10683.04,4193.357,3855.625,3088.462,5081.625,5233.964,5626.25,5604.25,6407.393,6451.708,6790.607,4295.961,4607.055,4635.6,6125.583,4800.35
10888.75,4336.917,6796.2,5440.16,10511.12,4056.786,3818.306,3076.72,5039.562,5161.286,5543.25,5538.708,6314.607,6361.417,6672.036,4253,4528.273,4563,6026.75,4686.25
12040.35,4276.667,6688.267,5288.36,10441.32,4014.357,3831.819,3060.242,4922,5073.5,5466.95,5380.708,6222,6268.667,6584.25,4181.904,4461.673,4496,5867.917,4754.5
14325.2,4462.458,6580.267,5617.88,10283.64,3968.178,3893.639,3051.318,4863,5000.821,5402.8,5358.042,6173.661,6226.958,6472.286,4155.519,4456.364,4471.76,5809.5,5315.2
17105.699,5051.292,6602.9,6604.96,10410.72,4222.964,4057.153,3050.924,5073.75,4944.143,5383.65,5299.208,6312.125,6335.75,6457.821,4212.365,4667.382,4482.6,6095.833,6386.15
19178.699,5633,7005.5,7469.32,10778.48,4648,4295.292,3077.939,5425.188,4925.714,5344.8,5363.417,6585.536,6598.625,6707.75,4403.808,5026.164,4661.12,6679.25,7383.7
20178.551,6280,7783.867,8157.52,11401.08,5204.821,4506.792,3130.962,5756.938,5046.643,5615.95,5690.917,6930.804,7139.833,7101.643,4692.519,5401.964,5044.52,7380.25,8195.6
20574.25,6706.75,8728.233,8640.84,12206.4,5717.214,4633.431,3223.341,6276.938,5470.429,6165.4,6245.833,7349.125,7821.25,7628.25,4978.981,5717.6,5572.68,8255.083,8366.9
20422.75,6724.25,9590.434,8784.52,12918.48,6059.821,4709.833,3322.015,6631.812,5990.286,6767.05,6934.167,7637.929,8460.833,8023.821,5238.289,5923.055,6021.44,8680.417,8370.95
19640.9,6624.917,10228.4,8655.84,13399.84,6182.179,4648.486,3424.341,6828.875,6453.857,7256.05,7445.333,7800.071,8888.042,8254.964,5425.769,5948.364,6433.88,8882.25,8133.05
18887.449,6491.417,10533.667,8516.76,13605.4,6129.821,4608.403,3473.568,6795.875,6794.5,7659.85,7720.667,7812.625,8912.083,8420.25,5487.711,5883.655,6643.4,8750.833,7786.55
18294.199,6370.625,10495.233,8248.96,13643.48,6053.143,4561.181,3495.462,6781.75,6892.571,7867.95,7773.375,7741.536,8864,8468.714,5491.596,5759.746,6788,8576,7464.75
17656.699,6199.375,10297.733,8004.88,13568.56,5905.321,4472.111,3498.826,6699,6832.643,7772.75,7744.5,7663.804,8625.583,8415.143,5435.808,5704.709,6708.24,8404.5,7196.4
16887.1,6012.5,10077.467,7751.32,13415.28,5738.75,4428.042,3467.008,6593.312,6709.286,7634.4,7597.708,7564.089,8465.208,8272.321,5352.096,5587.945,6606.6,8246.667,6908.1
15900.3,5812.75,9833.7,7415.72,13182.44,5587.429,4330.847,3433.591,6426.25,6540.107,7491.25,7450.375,7466.536,8246.25,8147.821,5234.154,5450.836,6491.12,7957.333,6552.55
15088.5,5631.292,9608.267,7143.04,12882.52,5371,4286.222,3422.47,6263.062,6379.214,7328.25,7226.792,7309.661,7964.917,8019.464,5179.75,5326.218,6368.04,7580.417,6250.95
14315.45,5434.5,9351.833,6848.76,12617.64,5159.929,4208.722,3391.75,6009.375,6245.071,7168.15,6992.75,7203.196,7813.167,7814.964,5064.25,5211.782,6279.96,7281.417,5998.95
13630.75,5242.792,9195.833,6595.6,12454.92,4967.607,4128.111,3373.348,5883.688,6088.714,7038.65,6875.125,7089.857,7581,7680.5,4988.808,5099.364,6163.76,7009.333,5714.2
13023.65,5072.542,8989.767,6396,12164.72,4804.071,4072.028,3344.598,5769.062,6015.143,6929.55,6727.583,6984.732,7441.417,7505.286,4873.635,5003.927,6033.72,6740.833,5537
12540.05,4914.667,8812.866,6159.64,12043.68,4688.357,3998.139,3319.917,5676.75,5888.25,6768.1,6561.583,6889.321,7275.167,7350.821,4828.289,4892.618,5919.6,6588.417,5353.45
11969.55,4803.917,8684,5953.2,11799.76,4572.821,3981.194,3295.008,5505.625,5760.893,6650.35,6457.042,6756.214,7146.167,7230.036,4735.404,4814.891,5872.8,6389.667,5170.45
11533.9,4656.042,8458.5,5810,11548.8,4443.857,3922.278,3277.614,5461.125,5688.893,6573.65,6324.833,6681.482,6970.167,7038.929,4641.711,4732.655,5727.72,6177.5,5032.7
11207.45,4557,8343.333,5616.04,11432.48,4304.75,3869.083,3244.288,5313.438,5574.179,6478.3,6221.5,6572.054,6816.542,6926.643,4597.115,4647.545,5673.52,6128.167,4902.35
10733,4453.708,8217.033,5509.4,11319.6,4235.286,3821.542,3233.894,5180.5,5547.893,6346.2,6121.042,6494.571,6733.833,6768.75,4516.442,4591.527,5596.8,6029.5,4770.95
10504.9,4355.5,8078.9,5354.08,11070,4108.5,3793.097,3214.076,5114.688,5437.643,6222.1,6028.917,6385.161,6559.75,6618.286,4452.827,4514.327,5518.6,5905.333,4691.6
10113.2,4253.792,7967.267,5241.08,10966.52,4028.607,3751.319,3203.371,4990.688,5380.714,6127.2,5897.75,6302.179,6491,6541.536,4403.442,4443.746,5454.72,5811.167,4567.9
10001.1,4208.458,7860.533,5144.08,10758.28,3944.357,3715.542,3191.894,4901.312,5314.643,6049.45,5798.375,6211.679,6367.583,6451.393,4374.173,4411.891,5353.36,5623.333,4452.65
12462.95,4260.125,7739.167,5351.4,10672.8,3895.357,3730.111,3178.545,4839.25,5275,6034.05,5760.375,6163.089,6324.125,6343.643,4309.789,4368.091,5268.76,5527.75,4994.6
16370.35,5014.458,7981.267,6503.16,10848.64,4171.857,3955.389,3195.432,4995.438,5225.5,6012.85,5856,6298.107,6637.667,6434.679,4452.846,4658.909,5395.32,5789.5,6468.4
19246.5,5749.625,8721.366,7520.56,11449.84,4772.5,4191.153,3236.659,5481.625,5415.393,6238.45,6339.625,6558.679,7318.875,6806.107,4749.558,5120.527,5797.44,6608.167,7839.15
19672.551,6211.208,9561.6,7802.08,12061.24,5334.179,4356.292,3304.098,5911.5,5785.321,6674.65,6816.75,6892.25,7976.958,7137.179,5016.577,5435.891,6202.52,7230.833,8081.4
19756.199,6391.417,10154.333,8137.88,12725.32,5756.929,4381.375,3369.97,6225.688,6225.107,7316.1,7250.583,7125.071,8582.25,7516.286,5174.039,5665.491,6613.76,7646.25,7985.15
19783.801,6512.75,10731.366,8362.08,13319.32,6045.679,4436.917,3482.409,6497.25,6726.321,7867.55,7893.25,7359.071,8991.292,7823.75,5392.327,5838.091,7009.4,8123.833,8144.8
19451.15,6438.708,11076.833,8330.68,13823.64,6177.25,4433.875,3590.015,6660.438,7095.607,8496.3,8330.417,7467.875,9151.917,8056.357,5505.423,5894.527,7227.76,8291.167,7986.25
18779.051,6262.625,10947.9,8195.24,13834.88,6152.643,4386.444,3621.803,6634.688,7213.214,8747.6,8470.75,7468.357,9014.292,8116.5,5535.077,5815.164,7356.08,8216.333,7649.85
18259.25,6145.208,10765.767,7953.84,13766.68,5947.143,4317.75,3607.061,6644.688,7098.643,8742.65,8441.042,7361.839,8875.167,8095.75,5498.942,5685.182,7309.96,7992.583,7448.15
17591.801,6062.667,10636.333,7748.72,13618.48,5850.286,4285.083,3588.985,6620.875,7065.643,8672.75,8354.292,7297.625,8732.042,8049,5443.961,5663.691,7316.32,7902.083,7160.75
17102.25,5858.625,10401.9,7481.56,13448.4,5721.714,4214.903,3557.735,6468.375,6949.393,8591.3,8197.292,7197.821,8555.458,7904.75,5383.519,5566,7200.44,7653.5,6925.2
16285.35,5631.5,10159.033,7268.4,13145.28,5511.357,4129.222,3535.197,6322.25,6770.857,8338.3,8000.917,7096.25,8323.208,7727.714,5279.058,5399.618,7080.04,7451.5,6643.85
15402.4,5478.292,9962.4,6954.36,13041.2,5312.679,4071.347,3506.477,6190.875,6598.964,8256.35,7781.125,7019.375,8117.917,7565.214,5171.615,5308.473,6966.8,7233.25,6326.75
14547.1,5284.5,9742.267,6729.36,12816.04,5131.357,4023.889,3483.864,5984.75,6435,8023.4,7548.375,6897,7895.208,7372.071,5091.846,5184.309,6806.64,7190.25,6098
13830.25,5141.542,9545.3,6484.72,12517.92,4956.321,3949.111,3472.205,5849.562,6315.357,7808.85,7377.667,6799.304,7710.458,7271.679,5007.327,5060.273,6679.92,6929,5875.15
13155.95,4986.042,9369.866,6273.16,12264.24,4803.5,3889.25,3447.705,5735.062,6194.786,7632.4,7240.792,6713.839,7580.625,7120.5,4916.827,4963.164,6486.88,6658.5,5676.45
12635.2,4868.75,9155.134,6086.6,12067.76,4651.25,3847.181,3419.417,5568.438,6071.464,7529.55,7087.25,6579.071,7310.042,6961.5,4848.885,4855.127,6381.32,6346.5,5464.45
12206.15,4696.875,9022,5871.28,11814.96,4526.286,3797.972,3394.652,5446.875,5985.107,7349.4,6939.292,6474.768,7198.083,6841.964,4769.269,4761.273,6295.68,6111.75,5274.65
11706.25,4583.542,8761.533,5720.44,11717.8,4423.286,3750.486,3380.576,5330.062,5837.714,7284.05,6765.708,6385.196,7074.542,6705.321,4704.289,4677.345,6183.12,5977.25,5103.8
11350.6,4500.292,8633.866,5570.96,11481.36,4246.214,3716.708,3356.515,5239.312,5742.893,7191,6670.083,6289,6868.625,6566.714,4647.635,4597.545,6086.08,5747.167,4961.95
10945.65,4411.875,8452.066,5376.12,11260.6,4159.393,3675.514,3340.538,5098.438,5668.821,7077.15,6541.583,6214.536,6735.125,6457.964,4569.75,4522.636,6003.68,5691.833,4801.95
10899.2,4307.083,8338.866,5313.48,11097.32,4116.643,3632.764,3321.833,5064.688,5547.107,6947.5,6425.583,6143.679,6578.625,6341.143,4513.327,4475.055,5935.64,5527.917,4750.3
12004.55,4222.542,8233.167,5147.44,10957.32,3953.072,3638.819,3303.659,4929.938,5475.179,6831.2,6270.208,6044.071,6445.75,6216.75,4432.558,4393.018,5865.64,5276.5,4769.2
14402.4,4235.167,8114.933,5409.64,10746.68,3911.25,3669.403,3294.402,4849.625,5437.214,6783.5,6157.708,5969.982,6312.583,6127.571,4394.654,4353.364,5815.24,5164.667,5530.2
16987.85,4592.583,8094.767,6204.08,10773.68,3989.964,3791.028,3292.053,4917.25,5380.821,6642.35,6142.25,5947.839,6331.5,6096.607,4384.019,4476.945,5842.16,5307.25,6655.05
18821.65,5102.458,8292.833,7018.52,10932.52,4213.857,3992.819,3280.258,5058.438,5307.571,6595.75,6199.458,6004.911,6470.042,6152.893,4463,4685.964,5938.12,5539,7672.7
19653,5744.833,8976.366,7946.16,11591.16,4617.071,4229.139,3336.886,5479.25,5527.357,6967.5,6629.625,6230.214,7011.667,6515.714,4736.231,5061.764,6375.48,6208.583,8260.4
19761.949,6377.458,9798.3,8494.56,12350.48,5141.821,4381.014,3432.432,5976.125,6150.393,7600.25,7321.208,6619.875,7784.25,7051.214,5051.192,5414.291,6958.6,7047.083,8357.45
19551.551,6569.792,10456.5,8765.4,13019.48,5578.679,4476.722,3554.47,6400.375,6774.964,8342.3,8105.792,6976.607,8462.375,7578.5,5256.077,5665.345,7433.84,7793.667,8365.25
19117.35,6546.25,10896.267,8743.24,13499.04,5835.214,4466.222,3670.962,6698.375,7321.786,9077.05,8730.458,7187.464,8874.917,7920.929,5424.519,5796.563,7776.28,8264.75,8230.15
18686.35,6454.25,11070.8,8629.28,13700.72,5942.643,4430.208,3778.348,6921.688,7641.5,9653.5,9120.875,7381.446,9103.542,8243.857,5564.211,5772.036,8013.28,8401.333,7996.25
18336.301,6394.5,11049.767,8494.36,13795.8,5939.786,4391.597,3830.788,7008.75,7909.179,10012.7,9288.083,7403.232,9111.583,8342.179,5619.135,5784.036,8188.28,8393.5,7731.5
17585,6250.25,10897.233,8217.12,13661.84,5883.036,4342.903,3826.811,6889.562,7889.071,10084.2,9162.792,7321.25,8937.708,8327.679,5598.442,5718.2,8164.56,8268.417,7556.3
16598.4,6087.667,10752.2,7891.04,13568.52,5672,4260.361,3797.076,6807.562,7727.5,9846.4,9018.417,7214.036,8774.875,8198.679,5530.231,5582.509,8050.04,8010.75,7138.9
15646.1,5901.792,10421.6,7589.4,13356.52,5498.25,4179.778,3765.652,6643.438,7508.643,9663.7,8807.583,7122.304,8539.208,8050.75,5462.211,5462.109,7868.4,7783.25,6802
15027.4,5668.708,10233.1,7348.16,13153,5316.107,4142.972,3732.439,6504.375,7384.179,9430.6,8569.5,7021.429,8340.875,7874.607,5334.635,5352.146,7723.68,7496.5,6570.35
14177.15,5547.625,9968.233,7044.96,12866.6,5133.75,4059.417,3698.689,6363.125,7136.107,9232.75,8303.958,6907.036,8065.958,7725.464,5239.711,5191.4,7633.4,7216.5,6280.85
13424.25,5347.542,9729.3,6784.6,12638.64,4978.036,3985.861,3670.962,6130.875,7003.893,8998.7,8141.583,6804.5,7947.667,7569.893,5146.904,5091.345,7506.4,6952.167,6005.35
12899.45,5182.625,9494.866,6536.48,12399.4,4769.964,3935.681,3627.742,6055.562,6777.857,8751.9,7920.458,6656.857,7730.583,7431.821,5057.961,5002.146,7385.52,6806.667,5791.1
12216.85,5050.667,9311.533,6330.16,12178.6,4625.75,3872.056,3597.136,5858.188,6646.857,8573.45,7682.708,6559.679,7531.5,7273.571,4965.481,4865.473,7276.76,6625.083,5584.85
11699.5,4886.708,9166.733,6112.32,11984,4505.857,3818.819,3578.758,5709,6534.714,8367.1,7540.333,6454.875,7323.083,7155.929,4876.846,4769.254,7105.36,6404.833,5397.85
11210.6,4736.542,8987.5,5925.84,11788.52,4431.714,3761.986,3547.545,5617.312,6394,8066.9,7401.917,6335.536,7164.083,6958.464,4799.519,4647.018,6996.48,6264.417,5205.05
10801.85,4607.667,8821.4,5785.84,11609.48,4239.464,3719.014,3523.659,5496,6301.679,7782.85,7264,6294.054,6982.625,6829.429,4716.846,4583.364,6899.92,6128,5046.25
10406.9,4527.292,8650.4,5619.16,11365.16,4157.464,3676.417,3514.765,5372.375,6147.714,7629.9,7092.083,6182.536,6843.958,6715.714,4667.308,4532.782,6712.4,5920.667,4857.65
10043.9,4403.583,8480.167,5431.2,11170.16,4063.393,3652.319,3469.598,5249.125,6062.5,7379.3,6999.292,6094.679,6653.583,6579.036,4585.731,4452.782,6739.04,5666.667,4805.2
9648.2,4344.458,8371.066,5311.68,10991.24,3963.072,3597.889,3475.538,5184.812,5956.464,7240.4,6825.375,6026.393,6548.25,6447.929,4525.961,4398.146,6589.84,5520.5,4630.2
9347.3,4219.458,8235.3,5199.72,10890.84,3866.536,3584.5,3430.364,5031.938,5805.893,7131.8,6692.333,5958.893,6391.083,6322.429,4444.269,4312.746,6515.28,5410.083,4528.1
9673.35,4139.583,8132.233,5119.2,10690.36,3826.536,3559.292,3413.583,4928.125,5738.679,6996.15,6640.125,5856.179,6271.667,6250.286,4419.423,4269.873,6423,5257.417,4528.9
12669.35,4349.875,8032.2,5608.88,10625.8,3809.178,3692.458,3399.508,4889.062,5692.5,6924.3,6541.75,5849.607,6210.333,6146.321,4389.942,4273.382,6403.72,5286.167,5558.25
16162.7,4962.458,8437,6739.96,10678.32,4097.75,3966.264,3402.364,5087.25,5721.107,7143.6,6717.25,6005.75,6421.542,6297.75,4498.404,4589.055,6557.04,5661.833,7084.2
17815.4,5459.583,8921.434,7295.32,10894.16,4471.607,4138.569,3466.121,5316.688,5835.357,7413.35,6959.25,6202.643,6815.25,6561.929,4709.192,4889,6819,6193.417,7850.15
17885.75,5737,9488.066,7740.28,11125.08,4881.036,4179.819,3528.159,5583.625,6030.536,7702.65,7356.542,6437.696,7184.583,6772.964,4895.558,5130.146,7078.16,6669.25,7900.9
18395.15,6024.792,9942.934,8120.44,11617.36,5241.964,4264.069,3629.735,5876.875,6514.321,8148.15,7765.958,6719.464,7723.792,7168.536,5100,5409.109,7419.12,7227.417,8043.3
18813.25,6300.042,10505.233,8577.48,12071.28,5595.5,4340.056,3786.136,6231.25,7174.321,8727.5,8413.042,7002.071,8233.708,7488.107,5317.769,5649.491,7906.32,7863.833,8280.6
18429.15,6321.917,10747.333,8520.28,12388.56,5752.25,4347.958,3938.045,6426.312,7582.893,9181.65,8957.042,7156.946,8610.458,7785.607,5471.942,5772.636,8251.04,8131.917,8147.3
17790.85,6205.625,10743.634,8344.32,12497.36,5767.714,4288.972,3984.311,6501.938,7832.107,9487.25,9187.083,7202.25,8653.125,7898.964,5536.75,5734.2,8503.4,8224,7820.65
17020.65,6143.333,10558.667,8148.92,12592.52,5704.679,4242.583,3970.159,6526.312,7877.036,9554.75,9298.458,7193.696,8639.542,7885,5542.596,5675.455,8532.16,8123.167,7578.65
16272.2,5950.417,10403.733,7925.36,12466.48,5610.464,4191.931,3912.447,6477.938,7766.857,9514.6,9102.75,7105.964,8487.75,7813.25,5489,5574.964,8487.44,8067.917,7276.1
15320.7,5787.5,10170.467,7659.4,12248.68,5451,4119.083,3841.826,6359.312,7569.643,9316.15,8917.125,7006.732,8320.792,7660.571,5414.769,5451.218,8325.36,7774.917,6917.65
14573.7,5582.042,9956.9,7354,11988.24,5202.393,4044.542,3809.091,6238,7475.143,9113.75,8673.625,6893.482,8075.208,7530.643,5311.096,5317.854,8207.44,7434.917,6590.15
13712.45,5424,9747.767,7105.36,11736.6,5044.357,3988.042,3777.538,6104.062,7226.821,8926.6,8418.542,6775.357,7859.958,7351.393,5198.558,5204.527,7969.36,7189.833,6328.55
13026.6,5206.542,9506.533,6835.56,11525.8,4865.393,3939.639,3753.682,5978.812,7124.643,8824.15,8219.75,6656.268,7638.583,7186.143,5141.192,5073.218,7861.84,6751.917,6057.1
12477.75,5111.583,9367.4,6591.08,11345,4691.25,3874.708,3724.174,5759.688,6917.929,8593.45,8002.917,6564.286,7434.5,7038.821,5044.442,4971.764,7752.48,6600.167,5805.4
11827.35,4918.125,9112.2,6303.6,11205.8,4572.893,3814.333,3678.591,5681.312,6770.893,8413.6,7825.458,6426.268,7219.833,6907.536,4951.865,4839.673,7600.84,6446.583,5570.25
11353.65,4803.5,8875.733,6109.96,10996.4,4431,3769.958,3658.348,5586.5,6644.321,8272.85,7673.917,6331.429,7101.625,6724.714,4880.692,4757.873,7464.48,6232.583,5418.05
10795.8,4697.917,8757.366,5911.6,10784.08,4307,3727.319,3628.53,5459.438,6486.357,8091.9,7493.167,6240.321,6951.917,6622.071,4794.115,4644.6,7309.08,6137.083,5248.2
10338.75,4548.375,8680.2,5746.96,10642.68,4201.964,3690.111,3619.053,5292.062,6328.75,8020.95,7296.458,6184.821,6801.75,6459.679,4712.865,4562.964,7234.44,5889.583,5057.45
10006.75,4448.25,8467.434,5603.96,10450.48,4082.75,3635.431,3569.977,5208.812,6271.286,7845.75,7165.25,6062.143,6614.292,6383.571,4633.365,4503.782,7079.12,5602.583,4856.7
9675.4,4344.917,8359.767,5454.2,10316.12,4009.25,3616.306,3544.508,5144.438,6122.5,7682.75,7049.833,6013.196,6489.458,6251.607,4556.673,4414.636,6970.84,5479.417,4754.7
9285.35,4241.542,8165.2,5316.92,10159.84,3922.393,3564.972,3515.932,4993.312,6027.036,7602.5,6860.125,5909.518,6322.375,6138.893,4521.442,4358.291,6871.4,5319.75,4654.65
9028.85,4137.375,8063.967,5210.48,9976.84,3832.678,3537.167,3515.477,4863.25,5917.643,7542.1,6767.833,5817.018,6215.667,6047.286,4449.25,4302.582,6791.36,5143.417,4557.95
9863.2,4079.375,7932.6,5139.08,9864.56,3735.75,3528.097,3487.356,4879.438,5813.571,7360.85,6627,5745.018,6089.917,5923.536,4397.154,4216.218,6702.48,5000.5,4695.9
12743.3,4409.042,7892.5,5898.8,9748,3764.786,3689.278,3467.182,4815.688,5748.643,7285.05,6628.5,5731.089,6046.542,5884.429,4392.635,4319.018,6647.96,4987.167,5857.6
15836.5,4949.208,8155.933,6953.52,9882.28,4021.036,3911.903,3480.212,4888.312,5758.786,7305,6870.417,5818,6229.083,6013.393,4512.577,4561.018,6814.68,5271.667,7236.35
17383.75,5417.875,8556.366,7507.68,10036,4379.5,4084.222,3538.205,5071.125,5938.321,7553.4,7094.958,5993.268,6517.583,6229.286,4674.5,4870.509,7161,5767.5,7914.1
17693.35,5846.292,9095.967,7940.64,10375.24,4732,4184.625,3616.833,5234.688,6237.179,8013.2,7476.083,6278.875,7061.875,6514.214,4877.269,5133.945,7535.84,6367.083,8069.95
17680.35,6178.333,9522.967,8288.72,10793.88,5074.929,4264.111,3713.106,5507.688,6675.321,8502.05,7991.625,6592.893,7637.5,6826.536,5070.769,5363.6,7864.32,6897.833,8158
18007.801,6350.542,10104.7,8552.68,11239.16,5388.071,4355.903,3810.47,5810.938,7201.536,9133.3,8607.833,6872.268,8171.5,7230.107,5319.711,5543.218,8216.48,7569.167,8180.3
17596.85,6321.708,10437.033,8488.8,11612.24,5605.071,4343.5,3862.341,6037.312,7604.821,9621.85,9177.292,7062.571,8566.583,7473.286,5452.923,5656.018,8552.12,8025.667,8124.55
16773.699,6245.25,10416.533,8328.36,11733.32,5695.643,4310.653,3872.955,6086.562,7714.286,9866.9,9354.375,7104.446,8584.125,7613.857,5502.827,5644.164,8590.8,8031.333,7889.25
15953.2,6079.708,10184.434,8069.56,11634.48,5592.536,4224.722,3870.689,6058,7643.643,9810.15,9254.917,7010.393,8412.833,7613.214,5485,5522.273,8371.04,7810,7551.3
15350.05,5976.75,10010.733,7837.56,11553.24,5474.357,4187.097,3838.788,5955.562,7547.964,9620.55,9149.042,6953.464,8279.25,7517.286,5418.461,5447.018,8285.4,7775.333,7254.8
14795.05,5784.375,9809.2,7560.76,11395.64,5307.607,4112.403,3817.553,5932.625,7432.571,9469.35,8962.167,6854.786,8068.708,7479.857,5340.75,5354.254,8119.76,7508.333,7021.35
14084.55,5646.125,9663.733,7292.16,11149.4,5148.107,4039.083,3782.985,5805.75,7278.857,9289,8763.042,6738.125,7891.125,7335.929,5282.173,5234.327,7947.52,7322.5,6715.9
13270.95,5494.042,9455.233,7032.04,10981.68,4985.143,3983.069,3743.811,5687.562,7129.893,9131.45,8550.875,6604.214,7709.75,7143.214,5205.404,5118.673,7818.28,6992.083,6361.5
12506.6,5316.625,9227.167,6794.32,10772.28,4824.321,3923.083,3705.97,5510.812,6911.929,8927.55,8319.5,6535.357,7501.667,7035.179,5093.25,5005.018,7631.08,6752.333,6131.55
11973.6,5101.917,8956.7,6542.24,10542.12,4678.071,3848.069,3663.803,5411.812,6761.464,8639.2,8136.083,6408.679,7271.958,6905.357,5019.154,4887.455,7495.04,6560.5,5816.45
11366,4986.125,8805.1,6317.24,10416,4524.536,3803,3641.856,5293.5,6594.464,8519.65,7906.958,6302.839,7141.25,6717.036,4904.442,4768.182,7369.64,6374.583,5627.55
10883.05,4816.625,8636.533,6056.52,10233.6,4417.821,3765.403,3633.182,5184.875,6478.107,8377.8,7751.417,6195.339,6939.708,6595.143,4821.365,4694.473,7213.04,6254.333,5425.2
10324.75,4702.958,8448.733,5908,10067.52,4311.143,3694.194,3597.833,5097.438,6351.071,8177.8,7576.708,6096.429,6747.667,6455.357,4744.711,4592.618,7131.96,6039.5,5188.1
9835.65,4560.583,8343.267,5735.64,9901.16,4203.071,3678.389,3559.061,4996.875,6238.964,8043.4,7485.417,6024.643,6605.208,6331.643,4668.327,4509.364,7008.68,5808.833,5087
9418.65,4457.167,8126.7,5551.28,9711.84,4100.607,3609.139,3522.871,4890.625,6095.357,7826.35,7321.417,5940.179,6447.708,6210.893,4586,4425.382,6923.44,5612.583,4933.25
9169.7,4379.75,8037,5412,9584.16,3990.357,3586.944,3503.364,4772.562,5985.464,7721.55,7212.542,5862.571,6295.917,6103.786,4513.519,4368.545,6881.6,5415.917,4758.85
9081.65,4260.083,7916.733,5268.68,9429.68,3920.464,3551.611,3478.939,4722.5,5894.893,7583.45,7034.417,5755.946,6174.208,6009.143,4435.577,4295.964,6784.48,5319.75,4621.55
9083.7,4171.583,7779.2,5146.04,9264.88,3819.964,3517.708,3455.121,4633.125,5777.25,7532.55,6849.833,5700.179,6028.708,5902.214,4421.058,4256.8,6674.2,5165.5,4572.65
10838.8,4148.083,7633.133,5084.8,9154.8,3738.607,3510.819,3431.735,4566.938,5674.857,7414.15,6791.25,5613.357,5938.75,5807.786,4347.327,4180.036,6690.68,5072.5,5036.2
13264.3,4245.208,7586.533,5526.36,9085.6,3732.143,3632.736,3415.894,4505.5,5601.357,7334,6683.75,5573.161,5822.042,5726.393,4290.577,4239.927,6620.32,5003.5,6010.8
15403.45,4626.833,7631.667,6245.48,9027.28,3822.322,3809.042,3392.417,4516.688,5541.143,7235.45,6677.708,5561.714,5866.125,5749.071,4329.596,4390.782,6626.04,5043.5,7171.85
16853.4,5082.75,8019.333,7170.12,9211.16,4014.857,3991.597,3439.561,4616.688,5623.786,7319.8,6937.167,5693.732,6127.25,5888.143,4503.481,4640.018,6802.04,5302.167,7926
17236.5,5586.625,8602.566,7861.2,9492.28,4303.643,4179.625,3483.864,4859.812,5966.75,7744.15,7442.625,5990.518,6616.875,6201.5,4716.692,4979.091,7202.48,5908.833,8250.85
17041.25,6003,9234.533,8245.28,10000.6,4706.179,4308.681,3580.962,5176.75,6493.5,8253.85,8061.417,6282.446,7269.458,6647.643,4945.961,5244.182,7637.68,6614.167,8267.2
16656.199,6144.417,9634.9,8304.32,10455.28,5009.536,4347,3681.25,5427.25,6992.393,8702.3,8647.625,6508.893,7849.792,7032.286,5119.577,5442.055,8039.6,7106.833,8117.9
16131.35,6080.417,9907.1,8205.44,10772.52,5192.75,4310.375,3761.341,5669.062,7372.357,9081.95,9059.833,6639.946,8160.458,7263.179,5245.25,5504.673,8233.56,7519.25,7865.8
15609.95,6001.417,9856.233,8079.48,10922.04,5282.286,4266.847,3789.417,5804.938,7589.857,9293.55,9300.958,6697.768,8247.875,7447.821,5305.404,5510.909,8236.44,7637.25,7637.7
15468.95,5920.708,9872.967,7912.04,11048.88,5319,4241.694,3797.121,5894.375,7688.357,9388.1,9329.542,6717.375,8269,7504.179,5357.519,5455.455,8249.44,7630,7543.25
14841.45,5861.75,9714.833,7716.72,11008.12,5214.821,4183.403,3789,5917.875,7677.25,9299.15,9281.958,6700.339,8218.625,7532.5,5355.115,5376.491,8158.6,7450.583,7256.05
14146.65,5662.875,9521.533,7451.4,10933.96,5148.857,4122.264,3753.992,5856.125,7592,9217.05,9162.292,6588.982,8005,7428.893,5311.173,5285.055,8024.64,7272.583,6935.55
13282.5,5537.458,9396.733,7184.44,10739.48,5001.786,4070.861,3709.606,5748.25,7502.893,9058.45,9045,6480.5,7848.917,7310.571,5222.404,5199.563,7899.2,7044.083,6662
12554.85,5346.042,9132.9,6900.44,10500.8,4815.357,4010.111,3688.909,5603.625,7274,8851.4,8766.958,6373.839,7652.667,7159.75,5145.211,5045.836,7806.48,6796.25,6354.3
12033.75,5147.708,8983.866,6654.16,10354.12,4690.964,3940.764,3666.076,5496.688,7096.536,8653.35,8531.958,6259.5,7481.042,7003.464,5024.692,4931.4,7607.44,6498.833,6061.2
11399.3,5036.042,8723.2,6436.48,10125.16,4546.357,3878.25,3633.909,5351,6943,8514.7,8336.958,6111.696,7263.375,6848.464,4929.154,4846.345,7522.48,6282,5779.6
10958.2,4891.375,8590.1,6224.2,9967.88,4401.679,3798.306,3615.098,5279.875,6779.679,8373.35,8134.375,5999.375,7125.25,6711.643,4849.596,4747.8,7441.92,6123.75,5580.45
10411.95,4758.417,8399.6,6039.04,9840.36,4259.643,3747.236,3595.432,5183.938,6658.357,8264.15,7931.417,5910.196,6871.042,6570.607,4775.808,4641.836,7293.72,5955.833,5377.65
10028.35,4620.875,8255.434,5895.24,9638.96,4162.821,3719.375,3580.197,5056.75,6493.821,8080.85,7869.875,5810.268,6731.583,6432.75,4669.096,4547.545,7233.48,5784,5212.8
9616,4518.5,8073.233,5674.76,9513.04,4059.107,3660.556,3554.424,4940.812,6337.607,7960.75,7618.958,5726.571,6631.333,6319.571,4631.173,4478.618,7090.28,5624.417,5001.35
9179.05,4403.083,7971.767,5555.56,9365.32,3965.857,3635.958,3512.773,4864.188,6188.393,7867.85,7501.25,5637.321,6437.625,6171.893,4534.961,4404.782,7019.16,5408.333,4880.85
8902.2,4301.167,7807.433,5394.72,9230.32,3883.536,3588.569,3483.621,4750.438,6090.036,7727.75,7344.125,5567.661,6271.833,6107.75,4452.308,4332.073,6941.88,5254.167,4707.4
8693.55,4227.25,7710.233,5262,9031.56,3796.393,3551.819,3453.485,4683.375,5951.786,7612.9,7181.292,5470.196,6164.917,5942.643,4399.308,4269.6,6781.68,5174.833,4558.9
8541.45,4162.833,7552.367,5138.12,8849.28,3710.464,3527.5,3433.379,4597.875,5884.107,7422.6,7053.75,5388.089,6039.208,5881.25,4337.192,4197.364,6744,4982.333,4462.95
9493.3,4082.833,7458.9,5018.76,8736.32,3649.464,3499.931,3411.583,4537.312,5751.036,7350.95,6907.958,5352.804,5903,5822.107,4293.615,4142.2,6651.6,4779.25,4590.4
11887.3,4147.167,7369.333,5276.72,8668.16,3620.393,3584.181,3392.788,4443,5653.25,7198.55,6743.417,5286.732,5804.542,5747.143,4253,4139.8,6566.44,4705.583,5427.25
14549.2,4483.083,7526.7,6081.52,8730.08,3731.786,3792.472,3390.114,4510.125,5634.964,7192.25,6742.875,5289.75,5828.375,5742.036,4317.539,4345.146,6610.52,4892.083,6708.75
16284.7,4991.042,8010.733,6977.68,8935.68,3989.572,4006.222,3421.576,4623.938,5825,7416.85,7083.917,5444.125,6176.083,6012.929,4511.019,4680.164,6829.28,5311.5,7726.15
16599.75,5456.833,8606.1,7514.08,9354.24,4294.643,4192.111,3504.765,4965.938,6265.714,7837.3,7508,5665.696,6712.25,6284.714,4742.904,4924.382,7213.28,5981.75,8102
16213.1,5709.792,9132.934,7802.92,9810.96,4681.5,4246.306,3611.023,5281.375,6725.5,8259.9,7904.833,5900.75,7242.042,6659.321,4885.231,5127.746,7540.48,6544.167,7904.75
15939,5880.708,9437.866,7931.64,10166.16,4971.607,4261.639,3686.538,5562.25,7124.536,8697.1,8255.667,6092.393,7743.125,6993.179,5028.731,5306.727,7815.56,6972.167,7799.95
15485.45,5866.083,9614.967,7911.68,10409.48,5113,4254.319,3741.917,5845.438,7433.679,8990.25,8600.208,6233.554,8080.958,7240.429,5138.058,5387.091,8022.72,7244.417,7631.05
15251.65,5795.917,9635.934,7764.48,10653.52,5174.464,4217.028,3765.894,5974.25,7686.75,9240.15,8780.5,6313.214,8284.458,7384.393,5223.154,5443.2,8151.2,7203.083,7454.35
14769.45,5701.875,9557.134,7584.92,10820.4,5165.929,4185.764,3755.333,6012.812,7714.607,9345.85,8914.5,6323.982,8226.75,7413.857,5265.404,5441.709,8114.12,7223.917,7227.3
14105.2,5545.333,9376.866,7400.4,10760.44,5095.464,4110.361,3729.492,6021.25,7630.429,9279.65,8763.25,6225.357,8099.458,7349.607,5207.904,5336.327,8067.28,7133.083,6920.05
13300.65,5408.792,9137.434,7097.16,10518.16,5011.25,4038.5,3706.265,5859.25,7437.357,9108,8549.333,6161.089,7944.417,7253.107,5130.673,5228.418,7932.68,6919.75,6653.8
12636.4,5211.833,8942,6868.04,10306.64,4825.071,3977.417,3679.258,5724.75,7302.286,8855.45,8375.167,6070.232,7735.375,7116.214,5027.981,5078.273,7741.72,6662.25,6311.65
12070.4,5056,8800.333,6593.8,10174.96,4669.429,3923.819,3640.477,5608.25,7091.429,8619.1,8189.958,5972.839,7574.083,6932.286,4960.269,4992.655,7655.32,6452.833,6115.15
11610.35,4913.542,8555.767,6409.76,9999.72,4549.786,3867.417,3620.023,5476,6970.179,8501.2,8038.792,5876.643,7354.875,6823.036,4852.231,4890.655,7486.96,6182.5,5848.9
10979.85,4771.583,8481.634,6137.12,9845.36,4424.25,3801.056,3580.045,5372.812,6812.536,8413.75,7819.083,5806.661,7152,6684.679,4805.269,4810.854,7333.24,6031.167,5586.75
10527.95,4644.542,8205.434,6001.88,9655.08,4305,3754.097,3559.242,5297.875,6648.5,8220.95,7651.875,5710.893,6992.083,6548.036,4711.019,4690.782,7206.92,5797.75,5433.8
9907.55,4559.5,8065.3,5765.8,9470.8,4180.607,3699.875,3539.879,5220.25,6512.786,8046.55,7475.125,5647.357,6820.458,6378.5,4638.519,4603.291,7115.6,5614.167,5244.3
9538,4411.083,7884.033,5615.92,9327.24,4090.107,3641.417,3505.818,5094.438,6346.214,7912.3,7326.625,5552.268,6653.458,6276.679,4553.019,4488.473,7024.48,5418.917,5094.7
9069.25,4318.292,7724.167,5472.08,9112.64,3990.214,3608.194,3491.561,4948.25,6210.679,7810.1,7144,5487.571,6492.292,6102.25,4474.058,4445,6892.6,5249.667,4919.45
8830.25,4231.375,7567.267,5311.88,9055.68,3896.5,3575.861,3481.902,4834.188,6064.321,7717.7,7035.458,5409.964,6402.417,6060.571,4416.731,4367.036,6822.32,5174.417,4795.95
8467.2,4146.667,7430.933,5172.56,8855.08,3818.75,3531.708,3444.386,4777.438,5979.107,7598.75,6860.917,5322.107,6254.167,5893.821,4359.5,4308.036,6681.96,5056.167,4631.55
8238.7,4096.333,7335.233,5068.6,8757.64,3769.786,3492.389,3418.811,4655.562,5864.143,7377.25,6753.25,5266.107,6147.375,5809.464,4301.577,4252.509,6637.24,4935.5,4520.55
8345.15,3990.792,7184.967,4950.88,8608.48,3690.822,3465.056,3388.091,4588.938,5703.536,7303.9,6610.375,5231.518,6023.25,5713.821,4226.673,4154.673,6536.48,4816.5,4474.25
9839.95,3932.958,7066.967,4876.16,8513.16,3625.464,3467.917,3365.121,4517.062,5620.321,7159.2,6494.542,5149.232,5816.083,5612.571,4192.442,4117.764,6471.64,4704.083,4764.45
11785.8,4011.25,7029.4,5240.56,8433.36,3593.928,3542.194,3349.697,4436.25,5587.357,7030.9,6376.333,5125.5,5742.333,5516.321,4183.923,4106.109,6369,4568.333,5422.65
13945.55,4346.417,7118.5,6004.04,8438.36,3665.857,3707.347,3344.106,4480.188,5545.5,7015.4,6351.375,5099.286,5704.417,5528.679,4186.577,4245.455,6436.52,4669.167,6380.1
15314.4,4691.833,7418.5,6776.44,8565.28,3821.786,3867.264,3364.682,4549.688,5664.607,7085.7,6570.5,5153.357,5922.292,5619.821,4285.519,4444.709,6546.24,4872.833,7078
15591.8,5054.25,7813.667,7351.32,8759.56,3992.928,4005.819,3401.371,4644.625,5849.643,7303.75,6747.625,5261.982,6163.667,5805.107,4458.827,4676.563,6742.64,5219.333,7487.45
15922.75,5468.833,8421.967,7775.88,9115.4,4263.964,4149.861,3452.735,4921.688,6355.929,7731.3,7110.625,5489.125,6637.792,6117.929,4660.077,4870.854,7040.68,5714.75,7752.55
15891.65,5778.208,8960.733,8082.32,9615.16,4537.75,4224.431,3541.576,5115.188,6909.643,8239.4,7589.042,5791.839,7218.667,6491.179,4793.904,5084.345,7493.48,6267.5,7952.2
15534.55,5929.75,9323.767,8135,10039.88,4826,4268.639,3618.008,5382.812,7410.857,8751.3,8044.625,6022.339,7689,6863.714,4968.558,5234.182,7759.08,6754.5,7781.9
15192.85,5958.708,9519.1,8013.76,10307.08,4992.143,4219.056,3672.568,5562.562,7680.679,9173.5,8378.333,6157.143,8004.792,7083.214,5076.192,5296.473,7897.4,7068.333,7633.6
14482.7,5762.583,9448,7791.12,10366.68,5055.857,4168.75,3690.356,5651.812,7754.643,9136.35,8463.75,6141.643,8021.333,7060.929,5137.789,5266.091,7868.88,7057.667,7362.7
13704.5,5608.875,9224.4,7569.48,10220.92,4984.893,4092.847,3649.742,5545.562,7600.571,9070.9,8300.208,6087.554,7885.875,6982.321,5067.577,5187.945,7739.04,6873.583,7014.1
13001.65,5456.583,9032.9,7236.16,10077.28,4813.821,4006.111,3625.152,5507.75,7460.214,8814.3,8198.208,5982.732,7714.708,6866.357,4989.75,5062.636,7574.36,6700.75,6695.7
12540.75,5335.667,8826.233,7010.04,9938.68,4682.679,3966.389,3603.833,5429.188,7298.5,8710.5,8002.583,5911.679,7547.042,6729.893,4945.5,4988.709,7510.88,6516.5,6460.55
11919.1,5158.25,8657.467,6768.64,9711.32,4552.357,3918.361,3567.295,5286.812,7101.714,8558.05,7807.792,5789.643,7315.125,6642.214,4846.808,4886.909,7312.8,6249.75,6228
11414.7,4973.792,8427.366,6566.52,9554.2,4430.143,3828.389,3535.917,5208.812,6937.286,8380.3,7669.125,5713.375,7117,6479.357,4764.173,4760.146,7185.04,6082.25,5994.9
10760.3,4878.208,8228.566,6286.04,9372.36,4308.25,3804.694,3519.341,5076.875,6794.571,8138,7417.583,5629.036,7017.25,6335.143,4694.923,4664.146,7016.56,5918,5714.55
10277.85,4709.375,8017.367,6088.68,9248.56,4192.393,3737.181,3487.076,4957.875,6580.75,8053.45,7251.708,5558.411,6759.083,6213.893,4606.461,4569.455,6919.92,5641.5,5485.15
9848.65,4603.958,7923.533,5907.64,9088.24,4082.607,3688.292,3463.667,4871.188,6472.714,7873.55,7092.708,5463.089,6624.792,6092.75,4518.173,4473.836,6883.12,5468.167,5249.25
9454.25,4505.833,7659.967,5725.2,8873.84,4015.178,3655.389,3447.523,4810.75,6296.036,7815.1,6908.333,5398.768,6511.958,5965.607,4448.135,4387.164,6771.28,5245.25,5106.55
9016.65,4371.042,7555.233,5524.2,8773,3877.928,3588.153,3415.773,4706.875,6179.393,7644.15,6744.125,5324.196,6285.208,5882.786,4385.577,4309.509,6686,5135.583,4950.45
8708,4301.542,7389.633,5401.72,8595.96,3805.678,3559.444,3388.894,4661,6017,7543.45,6660.625,5258.714,6156.583,5758.286,4334.923,4260.509,6575.76,5001,4816.25
8359.5,4210.292,7306.533,5262.68,8495.68,3744.714,3524.861,3369.265,4559.688,5882.643,7388.25,6520.125,5214.411,6021.333,5668.107,4249.789,4181.055,6558.48,4854.5,4644.65
8155.95,4131.792,7133.467,5143.92,8354.4,3668.643,3486.056,3347.606,4511.188,5805.393,7256.45,6452.667,5128.321,5880.958,5606.679,4212.904,4128.655,6381.36,4719.333,4548.05
7887.7,4023.125,7020.833,4994.48,8296.56,3598.822,3453.181,3337.106,4398.938,5724.964,7167.15,6308,5071.554,5781.708,5499.857,4147.846,4073.873,6405.64,4643.167,4423.4
8812.1,3989.833,6946.333,4922,8165.08,3565.607,3439.292,3312.53,4368.875,5631.214,7065.65,6261.042,5029.75,5679.75,5408.357,4107.019,4001.018,6243.68,4495.583,4618.9
10859.4,3995.125,6836.7,5059.04,8067.8,3514.928,3483.083,3290.28,4291.062,5547.107,6915.6,6154.125,4987.143,5587.125,5396,4076.846,4001,6175.48,4452.167,5354.05
12984.05,4264.5,7003.967,5561.92,8121,3576,3618.472,3293.735,4285.812,5509.179,6885.55,6167.25,4963.714,5631.333,5367.893,4116.692,4138.891,6210.6,4568.083,6402.7
14503.45,4609.375,7262.467,6172.52,8257.04,3658.822,3776.236,3302.553,4399.75,5643.393,6960.75,6260.125,5071.054,5775.958,5464.607,4236.423,4384.636,6352.36,4709.333,7166.2
15425.9,4989.25,7795.733,6698.2,8603.28,3880.107,3919.458,3353.939,4575.25,5932.607,7226.65,6581.542,5200.661,6115.25,5671.036,4388.596,4634.382,6654.64,5090,7566
15349.8,5344.625,8310.066,7164.56,9024.04,4094.322,4029.5,3420.758,4772.438,6324.25,7618.5,6896.625,5359.179,6565.333,5950.964,4532.289,4859.055,6960.24,5584.417,7701.25
15374.95,5653.083,8851.167,7464.76,9558.2,4405.679,4102.194,3495.197,5013.438,6853,7999.95,7445.292,5639.893,7168.125,6365.75,4713.211,5072.673,7277.72,6196.333,7824.85
15186.85,5825.083,9256.233,7505.64,10009.68,4622.679,4160.153,3573.758,5266.25,7267.75,8486.35,7920.958,5833.643,7590.083,6625.536,4869.346,5242.509,7513.32,6639.25,7768.2
14561.3,5895.25,9297.2,7504.2,10224.84,4804.393,4140.528,3622.606,5413.125,7563.357,8712.25,8248.917,5975.679,7855.083,6801.929,4968.211,5295.382,7632.24,6867.5,7545.9
13932.85,5736.125,9267.7,7289.44,10307.12,4865.893,4082.042,3632.659,5550,7617.071,8854.45,8348.917,5989.125,7903.417,6839.607,5006.654,5269.563,7623,6860.083,7236.85
13321.35,5609.333,9092.1,7063.12,10230.76,4789.25,4028.097,3607.015,5458.125,7569.5,8785.35,8276.375,5932.107,7822.583,6737.286,4991.596,5219.945,7565.04,6885.75,6984.25
12721.15,5477.667,8942.533,6829.64,10080.56,4682.071,3988.347,3569.583,5466.688,7438.393,8670.35,8156.833,5884.982,7668.792,6672.107,4942.327,5123.636,7414.96,6584.083,6695.75
12046.6,5307.958,8731.4,6570.28,9851.44,4535.214,3901.514,3526.97,5338.5,7278.321,8563.5,7995.667,5799.268,7541.792,6558.857,4868.289,5008.491,7302.64,6407.083,6387.1
11479.05,5126.417,8506.233,6308.08,9752.36,4415.429,3842.111,3491.598,5256.125,7100.607,8284.75,7767.542,5737.696,7314,6423.964,4773.211,4894.582,7186.08,6197.75,6141.5
10857.1,4997.708,8304.3,6119.84,9541.4,4326.643,3790.306,3459.689,5123.812,6874.393,8179.7,7534.667,5619.161,7134.542,6305.179,4696.365,4795.582,7096.72,5985.25,5863.45
10455.6,4845.375,8086.267,5930.36,9407.84,4190.821,3734.347,3431.462,5043.375,6726.929,8039.85,7385.792,5555.607,6958.292,6195.964,4605.442,4687,6991.72,5789.333,5650
9967.4,4724.708,7912.8,5750.08,9231.44,4102.036,3665.472,3411.932,4918.625,6530.714,7902.85,7216.042,5504.571,6782.75,6025.857,4519.577,4577.636,6921.6,5572,5430.35
9568.25,4620.875,7786.233,5556.44,9065.48,3993.214,3640.236,3398.136,4815.812,6423.179,7711.95,7085.833,5404.911,6581.292,5942.893,4440.75,4518.146,6807.08,5355.833,5276.25
8992.15,4476.375,7556.6,5411.36,8904.68,3882.357,3581.333,3378.159,4700.875,6278.821,7481.85,6889.5,5341.071,6392.667,5835.357,4376.654,4411.782,6699.64,5254,5086.3
8775.75,4373.333,7420.8,5270.24,8727.96,3827.928,3537.306,3357.962,4672.125,6130.107,7374.6,6737.083,5273.607,6296.083,5729.929,4301.865,4346.545,6634.8,5078.833,4914.9
8457.9,4308,7272.367,5133.56,8645.64,3753.572,3499.236,3337.742,4512,6007.464,7213.4,6622.125,5190.5,6139.75,5629.821,4243.827,4262.127,6515.2,4946.833,4772.2
8294.9,4194.125,7176.533,5015.24,8448.64,3703.822,3458.056,3317.545,4471.125,5920.75,7092.8,6500.083,5146.625,6024.833,5486.929,4185.404,4208.836,6447.76,4812.583,4632.65
8049.35,4106.875,7037.4,4886.4,8316.2,3633.643,3428.75,3292.083,4414.938,5814.107,7006.1,6356.208,5057.357,5865.417,5439.214,4141.192,4140.309,6379.56,4724.5,4507.75
8054.85,4041.875,6946.967,4792.8,8229.68,3581.107,3376,3263.606,4345.375,5668.964,6851.25,6276.75,5016.286,5796.208,5358.75,4088.981,4078.946,6290,4607.083,4454.1
8914,3972.042,6830.767,4724.84,8112.56,3511.822,3373.042,3244.917,4307.25,5614.964,6826,6164.583,4958.518,5699.5,5308.536,4050.058,4036.418,6219.52,4490,4557
10938.55,3988.083,6794.133,4883.2,8017.32,3498.072,3429.958,3232.53,4235.75,5541.929,6684.3,6085.375,4919.696,5619.792,5247.679,4014.615,4041.6,6186.64,4423.833,5292.45
13325.65,4226.792,6949.367,5417.28,8021.96,3564.036,3601.708,3236.72,4274.812,5577.25,6862.9,6119.417,4900.911,5610.625,5252.179,4078.961,4143.709,6223.48,4473.75,6332.25
15051.15,4656,7345.333,6064.2,8233.08,3685.286,3771.194,3277.795,4284.062,5785.929,7034.85,6278.833,4963.393,5775.875,5401.143,4240.539,4391.254,6435.6,4660.75,7246.6
15384.5,4958.125,7768.167,6496.72,8534.52,3856.857,3863.653,3311.667,4438.812,6052.893,7323.05,6508.042,5095.179,6075.625,5592.929,4396,4611.164,6673.92,4923.833,7484.05
15340.95,5254.792,8169.3,6788.4,8921.96,4060.178,3959.833,3384.689,4608.75,6448.893,7728.45,6821.583,5242.625,6385.125,5856.179,4527.75,4768.418,7003.48,5210.417,7621.85
15420.5,5518.333,8544.833,7031.8,9293.64,4231.929,4025.444,3449.644,4856.625,6879.25,8003.35,7234.042,5414.107,6798.708,6124.679,4675.115,4918.873,7286.48,5701.75,7622.4
15117.75,5704.042,8749.733,7115.2,9564.64,4376.071,4016.514,3511.727,5041.688,7170.107,8241.5,7498.625,5554.143,7117.667,6382.75,4786.635,5061.109,7484.56,5975.583,7564.7
14615.6,5690.583,8812.267,7061.56,9700.44,4524.071,3993.972,3556.803,5186.562,7431.357,8477.55,7790.292,5619.821,7326.583,6546.714,4850.942,5092.545,7527.56,6178.25,7337.05
13836.3,5579.458,8634.9,6850.8,9704.56,4507.643,3954.792,3546.947,5199.688,7457.643,8484.3,7783.083,5612.464,7288.5,6521.75,4825.269,5075.673,7487.76,6125.583,7013.95
13207.7,5413.792,8494.833,6622.08,9603.52,4438.214,3886.417,3514.432,5151.062,7358.714,8418.05,7643.833,5527.071,7193.083,6463.929,4822.981,4991.563,7337.4,6047.833,6776.85
12776.95,5286.333,8305.167,6444.32,9488.56,4378,3830.431,3507.189,5156.938,7279.393,8294.85,7637,5493.25,7066.375,6424.571,4776.25,4957.945,7221.08,5970.667,6559.1
12490.75,5160.208,8130.767,6273.72,9393.68,4294.786,3807.111,3475.72,5147.375,7277.893,8192.55,7547.958,5461.964,7005.542,6384.714,4793.365,4888.691,7125.32,5824.417,6370.3
11967.4,5042.542,7985.967,6057.64,9261.84,4226.429,3752.472,3458.265,5035.812,7138.393,8086.9,7444.25,5394.071,6824.583,6288.893,4705,4795.582,7024.16,5637.417,6116.55
11371.35,4871.75,7794.667,5888.6,9071.84,4127.036,3699.639,3439.848,4955.25,6959.214,7938.95,7300.792,5329.357,6636.542,6208.393,4620.981,4710.146,6930.76,5470.917,5883.8
10751.15,4722.583,7659.833,5752.44,8889.84,4042.25,3628.514,3405.288,4908.312,6756.179,7789.1,7109.292,5265.518,6488.458,6070.143,4557.231,4610.055,6807.36,5252.75,5665.95
10307.5,4632.5,7521.733,5566.2,8766.68,3954,3590.264,3389.848,4797.5,6586.786,7664.45,6981.375,5181.107,6367.333,5908.179,4467.981,4506.563,6710.04,5146,5465.1
9844.45,4511,7334.733,5405.24,8584.52,3840,3555.472,3345.5,4746.688,6462.071,7495.5,6828.542,5124.25,6204.292,5828.964,4415.096,4442.691,6547,5000.833,5246.65
9432.75,4409.125,7235.6,5258.36,8491.04,3773.036,3506.403,3327.333,4612.875,6360.036,7359.9,6700.917,5041.429,6103.125,5737.714,4358.019,4345.182,6443.12,4838.583,5112.65
9090.15,4329.583,7102.933,5129.84,8356.4,3684.107,3463.472,3307.098,4527.375,6165.393,7269.95,6595.417,4976.768,5942.75,5645.321,4284.5,4275.764,6356.56,4691,4893.4
8714.9,4191.792,6953.567,4999.08,8252.44,3619.607,3436.986,3294.886,4457.75,6050,7097.7,6388.583,4919.054,5791.583,5528.071,4208.077,4206.073,6270.08,4550.083,4791.3
8397.35,4130.167,6853.567,4936.36,8105.48,3578.357,3402.986,3273,4388.625,5921.5,7010.5,6310.625,4877.554,5680.708,5392.536,4159.942,4131.8,6211.56,4445.167,4666.8
8197.7,4074.5,6714.733,4779.36,7956.52,3540.893,3360.861,3263.038,4339,5812.893,6964.25,6216.083,4812.696,5624.208,5324.786,4083.365,4081.054,6156.28,4394.5,4533.05
8062.35,4008.875,6599.9,4687.8,7827.8,3465.178,3339.208,3238.932,4281.125,5721.571,6837,6122.167,4775.929,5520.958,5271.75,4060.058,4034.236,6073.84,4222.167,4454.5
8770.95,3926.042,6498.733,4636.52,7727.88,3447.178,3322.944,3216.265,4243.188,5635.214,6711.35,5988.125,4737.893,5394.958,5155.393,4007.269,3968.382,5960.04,4142.167,4530
10941.05,3945.708,6424.667,4754.56,7665.56,3400.714,3356.069,3207.341,4216.812,5547.714,6652.7,5968.167,4691.589,5360.75,5134,3993.808,3953.127,5935.88,4056.417,5378.1
13239.3,4099.333,6541.467,5231,7686.96,3418.072,3469.472,3199.985,4191.875,5585.964,6619.35,5997.5,4686.018,5339.125,5161.464,4017.673,4034.782,5939.2,4142.083,6330.4
14754.1,4355.167,6690.667,5847.88,7717.56,3482.072,3581.569,3216.379,4234.25,5676.25,6679.6,6063.167,4676.125,5335.625,5199.071,4080.615,4134.055,6022.68,4305.667,7021.55
15613.8,4633.292,6993.833,6449.36,7937.88,3667.643,3700.181,3256.326,4297.875,5977.214,6857.8,6227.625,4733.982,5529.958,5367.964,4177.731,4327.545,6110.16,4541,7463.15
15996.6,4958.833,7398.4,6979.28,8302.16,3844.322,3809.764,3301.538,4455.625,6348.607,7225.4,6585.5,4894.196,5883.667,5579.25,4321.5,4534.109,6425,4899.917,7684.95
15792.55,5193.708,7829.933,7343.08,8686,4064.072,3869.333,3368.689,4597.5,6762.964,7472.25,6872.375,5071.964,6355.292,5871.036,4460.711,4715.254,6764.64,5199.167,7675
15205.75,5361.042,8045.2,7447.84,8931.8,4239.071,3889.681,3430.758,4752.125,7114.429,7750.75,7105.792,5198.179,6697.583,6093.714,4553.481,4844.655,6966.64,5518.25,7541.6
14988.2,5396,8240.833,7475.2,9232.92,4356.643,3898.403,3481.295,4960.312,7403.5,8074.65,7434.208,5266.446,7056.417,6324.321,4641.615,4949.673,7090.72,5782.417,7444.55
14417,5376.792,8232.333,7344,9363.96,4449.25,3890.278,3502.485,5052.125,7500.571,8300.6,7589.292,5321.25,7180.25,6351.75,4707.115,4975.746,7207.64,5923.167,7291.1
13793.1,5238.542,8051.067,7134.8,9277.04,4395.214,3839.639,3482.402,5034.938,7416.214,8228.4,7545.417,5274.696,7129.542,6260.143,4638.25,4917.818,7061.04,5810.417,6967.8
13130.25,5061.708,7938.6,6867.84,9186.4,4282.464,3766.736,3450.841,4988.688,7289.321,8108.25,7525.667,5209.482,6941.75,6238.643,4647.808,4804.982,6991.52,5692,6668.85
12785.9,4976.833,7799.067,6645.96,9042.44,4204,3720.111,3463.333,4968.75,7193.536,8023.75,7486.167,5171.054,6894.667,6140.071,4602.731,4749.109,6944.84,5550.25,6435.4
12065.85,4853.208,7619.667,6488.88,8947.68,4138.643,3656.208,3429.939,4870,7071.179,7870.5,7352,5126.518,6728.333,6096.393,4513.75,4653.636,6801.24,5449.667,6156.95
11524.2,4728.708,7519.333,6265.76,8794.72,4054.428,3625.847,3416.553,4781.062,6906.643,7710.7,7192.583,5050.107,6553.167,5990.393,4424,4570.582,6624.04,5215.583,5998.15
10897.7,4614.417,7304.7,6067.44,8644.76,3963.928,3562.611,3376.197,4741.562,6742.036,7593.55,7039.292,4982.786,6404.667,5862.214,4372.481,4465.727,6585.72,5052.333,5701.75
10456.6,4472.75,7164.7,5869.88,8445.36,3876.107,3506.403,3344.227,4652.938,6546.464,7426.7,6934.75,4925.036,6288.583,5715.179,4308.173,4374.636,6455.36,4920.25,5506.15
9953.9,4379,7020.867,5729.36,8294,3798.928,3469.833,3326.977,4562.312,6411.857,7309.3,6785.917,4875.75,6098.792,5640.357,4239.308,4299.127,6358.36,4820.75,5328.1
9585.25,4243.5,6886.467,5557.16,8212.84,3749.428,3431.486,3309.583,4484.375,6244.607,7129.95,6651.5,4782.964,5948,5549.036,4155.481,4211.927,6283.08,4679.833,5090.95
9166,4176.625,6760.267,5397.24,8142.76,3645.072,3392.417,3287.379,4456.688,6119.036,7025.35,6469.917,4763.696,5820.208,5442.107,4105.019,4150.327,6210.68,4525.5,4944.85
8777.7,4112.042,6606.5,5271.04,7989.8,3610.928,3363.028,3256.447,4319.25,6017.214,6912.75,6381.875,4712.821,5731.583,5355.964,4053.769,4093.127,6095.76,4438.583,4822.25
8462.6,4052.958,6486.833,5160.24,7851.76,3525.928,3340.417,3252.129,4247.312,5898.357,6787.35,6204.292,4658.25,5636.208,5283,3995.308,4021.618,6019.2,4370.5,4658.05
8172.7,3960.167,6384.4,5024.84,7703.16,3495.107,3302.319,3237.864,4226.125,5800.143,6652.3,6108.083,4626.375,5513.958,5207.321,3961.365,3979.146,5932.88,4300.5,4580.8
8439.45,3919,6281.967,4937.76,7605.8,3456.572,3281.264,3217.636,4128.438,5713.536,6530.8,5987.875,4573.946,5435.292,5115.036,3931.173,3938.327,5812.08,4232.25,4536.9
9449,3847.333,6196.233,4841.6,7511.8,3405.714,3264.375,3199.288,4141.688,5568.143,6467.15,5897.625,4527.304,5322.667,5080.321,3867.058,3863.727,5803.8,4150.083,4756.9
11212.8,3820.75,6158.067,4870.92,7443.2,3379.928,3269.694,3188.136,4110.938,5507.929,6416.05,5788.292,4497.911,5240.5,5006.821,3848.75,3829.2,5751.24,4155,5423.8
13463.9,3932.375,6178.033,5227.96,7445.44,3393.536,3344.653,3182.114,4100.5,5505.75,6374.2,5864.542,4486.571,5207.333,5043.214,3838.942,3883.946,5770.04,4155,6299.3
15091.75,4183.333,6321.967,5793.48,7553.24,3436.5,3461.569,3179.697,4115.938,5621.179,6420.35,5935.75,4498.375,5229.25,5066.643,3876.115,4014.946,5749.52,4226.667,7081
15582.7,4428.375,6565.867,6238.16,7636.2,3553.036,3544.083,3217.341,4250.875,5839.107,6502.15,6112.083,4560.036,5392.625,5186,3953.481,4176.127,5936.08,4409.583,7452.35
15639.8,4692.167,6958.233,6657.88,7899.56,3694.75,3659.847,3262.348,4352.25,6186.643,6768.95,6362.458,4719.179,5712.208,5414.75,4092.423,4318.636,6111.96,4626.25,7569.1
15654.65,4915.375,7260.833,7013.72,8255.48,3868.786,3712.319,3304.129,4549.5,6574.143,7059.4,6677.917,4901.429,6041.042,5681.786,4262.923,4494.636,6365.92,4883.667,7703.05
15271.75,5106.792,7572.567,7070.08,8597.68,4048.464,3727.333,3364.083,4753.188,6869.107,7367.4,6992.25,5077.786,6450.708,5936.464,4315,4601.6,6601.12,5175.417,7598.75
14772.2,5196.458,7657.967,7055.72,8781,4115.536,3691.986,3393.417,4810.375,7138.25,7549.9,7227.375,5122.304,6564.708,6076.786,4378.885,4687.109,6690.96,5343.833,7389.8
14113.25,5167.333,7673.733,6873.04,8804.48,4154.214,3672.583,3398.311,4829.562,7233.75,7692.8,7400.792,5156.679,6657.167,6168.107,4401.173,4702.491,6715.44,5395.5,7172.3
13524,5060.875,7648,6713.08,8829.88,4191.964,3643.694,3411.379,4882,7201.286,7679.15,7397.292,5147.589,6640.917,6247.179,4413.539,4680.109,6718.48,5447.167,6900.8
12919.95,4948.333,7466.667,6494.4,8781.12,4120.429,3596.292,3394.773,4868.125,7096.893,7600.95,7389.667,5116.554,6597.667,6181.5,4398.923,4616.109,6667.6,5347.5,6622.65
12231.7,4799.5,7378.3,6317.72,8675.28,4024.072,3528.722,3372.879,4778.188,7022.5,7506.85,7252.583,5030.964,6459.583,6130.929,4317.289,4534.746,6552.44,5192.667,6362.7
11607.55,4683.667,7228.933,6115.56,8506.92,3951.536,3501.472,3336.106,4757.5,6897.571,7381,7162.333,4991.107,6360.042,5993.821,4257.461,4428.491,6374.12,5015.583,6136.45
10966.65,4570.375,7089.567,5930.72,8353.32,3871.393,3440.361,3315.826,4643.312,6721.286,7242.7,7011.875,4909.964,6227.875,5920.964,4176.596,4353.4,6323.64,4868,5819.3
10458.35,4441.708,6911.2,5751.76,8210.8,3804.643,3412.472,3298.258,4574.188,6547.107,7122,6878.708,4863.679,6035.833,5793.75,4121.827,4273.327,6202.96,4743,5608.85
9895.35,4330.833,6819.967,5572.2,8048.84,3712.25,3373.5,3268.47,4468.375,6418.786,6958.85,6695.042,4793.25,5932.875,5681.214,4059.211,4199.6,6138.8,4624.417,5367.9
9521.65,4243.333,6681.2,5416.36,7907.08,3657.107,3334.542,3256.652,4396.25,6258.357,6850.55,6565.208,4743.929,5792.917,5585.286,3998.942,4134.727,6026.64,4523.833,5191.65
9100.75,4176.458,6543.267,5294.72,7807.28,3579.178,3312.208,3245.727,4343.5,6152.036,6671.7,6431.542,4719.857,5671.083,5507.25,3944.75,4046,5962.12,4406.167,5050.4
8797.5,4075.667,6360.033,5148.48,7742.2,3536.357,3281.556,3226.652,4271.938,5989.821,6590.2,6281.167,4645.643,5583.708,5409.821,3897.731,4014.582,5880.08,4328.667,4932.4
8396.4,4007.708,6284.3,5034.04,7620.44,3509.607,3253.181,3196.038,4201.312,5872.214,6484.9,6149.792,4612.518,5471.417,5318.929,3865.75,3942.091,5811.72,4229.667,4757.3
8124.1,3928.667,6168.167,4959.12,7502.84,3453.214,3228.681,3186.311,4147.188,5751.143,6452.8,6074.667,4556.929,5362.25,5270.429,3796.25,3886.364,5825.16,4163.25,4618.2
7867.6,3898.917,6070.4,4861.56,7407.72,3409.928,3217.597,3164.773,4076.75,5676.536,6336.7,5981.042,4505.643,5259.292,5140.964,3752.346,3841.782,5688.48,4047.167,4523.9
7761.1,3831.125,5985.033,4738.8,7350.84,3356.536,3170.958,3146.818,4050.562,5548.357,6248.2,5824.958,4474.625,5186.875,5084.893,3736.558,3792.709,5618.04,4028.417,4418.85
8739,3767.833,5897.2,4672.76,7293.48,3333.143,3153.653,3131.091,3985.688,5427.714,6124.05,5766.125,4445.786,5071,4971.75,3684.173,3769.364,5554.36,3943.75,4596.95
10848.4,3759.667,5849.767,4724.68,7167.72,3312.322,3165.694,3118.788,3972.688,5389.393,6115.3,5749.417,4422.607,5075.292,4957.964,3648.577,3742.891,5521.12,3895.75,5217.2
13145.5,3782.75,5912.933,5025,7132.36,3287.464,3213.639,3122.121,3936.438,5348.929,6061.15,5748.958,4398.357,4974.208,4969,3652.75,3742.054,5482.56,3859.5,6057.5
14772.15,4010.25,6048.5,5461.12,7241.96,3390.893,3286.889,3124.689,3963.438,5323.143,6155.85,5872.25,4406.107,5021.042,5005.964,3696.269,3857.364,5513.56,3970.667,6914.75
15677.9,4338.375,6337.567,6032,7444.32,3463.464,3370.208,3157.477,4064.625,5460.643,6354.75,6083.5,4481.321,5184.5,5122.214,3792.711,4018.836,5657.4,4180.75,7417.3
15958.65,4556.833,6735.067,6454.36,7861,3620.607,3476.278,3206.447,4203.375,5713.321,6626.1,6359,4615.357,5402.792,5393.321,3914.904,4257.673,5881.56,4510.917,7656.05
15499.45,4770.583,7023.567,6763.16,8230.6,3814.25,3505.667,3258.727,4380.688,5981.036,6945.9,6719.5,4776.75,5786.917,5647.214,4073.192,4408.8,6130.8,4836.167,7580.25
14849.5,4775.792,7165.433,6768.88,8400.92,3933.25,3525.056,3316.144,4502.75,6137.964,7093.9,6929.5,4856.393,5989.458,5753.679,4119.673,4480.437,6336.88,4953.667,7429.15
14191.4,4790.917,7251.833,6695.04,8517.28,3978.607,3503.167,3333.159,4569.375,6314.893,7308.55,7098.583,4882.411,6043,5851.607,4195.192,4527.182,6348.24,5102,7128.15
13837.1,4778.25,7287.867,6615.68,8577,4012.75,3483.417,3341.833,4632.75,6392.429,7290.95,7328.958,4935.643,6170.833,5933.75,4236.731,4585.746,6376.48,5104.583,6946.75
13338.7,4758.5,7263.1,6442.72,8624.2,3998.5,3472.125,3363.576,4678.312,6443.321,7355.5,7411.292,4932.714,6150.125,5921.286,4234.5,4564.364,6421.16,5089.25,6673.45
12647.2,4651.375,7196.733,6279.2,8580.52,3987.286,3425.444,3324.083,4690.375,6347.25,7333.45,7385.25,4892.107,6102.958,5901.536,4206.346,4486.909,6369.48,5000.75,6467.2
11941.05,4505.292,6964.967,6049.56,8457.76,3889.607,3385.236,3319.629,4617.688,6232.679,7271.15,7280.292,4820.143,6003.25,5862.143,4157.692,4421.836,6296.44,4865.75,6181.15
11390,4415.333,6854.533,5900.68,8365.92,3827.928,3348.944,3302.47,4564,6102.75,7163.45,7188.083,4777.321,5863.542,5783.179,4103.192,4339.455,6218.72,4743.833,5959.5
10896.55,4297.542,6725,5683.64,8230.12,3737.572,3324.431,3268.023,4454.625,6030.893,7064.75,7045.625,4718.821,5780.75,5687.286,4042.519,4267.563,6145.92,4625.833,5706.8
10301.95,4184.833,6594.5,5582.72,8105.96,3663.286,3278.972,3244.97,4422,5881.571,6892.35,6933.292,4662.839,5681.458,5611.929,4008.346,4203.618,6068.56,4519.917,5522.55
9800.3,4107.208,6492.8,5403.36,7965.52,3611.428,3257.236,3231.644,4375.75,5680.821,6778.6,6809.458,4615,5568.083,5460.607,3940.711,4114.236,5964.92,4343.083,5291.4
9446.75,4053.833,6377.867,5284.56,7801,3572.857,3205.375,3195.939,4274.062,5611.714,6671.3,6693.958,4584.232,5447,5369.071,3864.404,4040.491,5882.28,4260.167,5137.85
9093.45,3954.083,6280,5157.44,7683.12,3509.643,3180.222,3189.447,4194.188,5500.321,6546.3,6548.375,4516.25,5354.833,5286.929,3806.789,4001.891,5815.12,4165.75,4925.45
8698.55,3864.333,6195.967,5046.52,7581.12,3447.107,3168.681,3157.765,4161.75,5374.857,6453.45,6456.833,4475.768,5217.333,5224.75,3783.904,3941.036,5745.8,4078.25,4788.25
8364.95,3801.458,6052.533,4938.44,7482.24,3410.928,3133.292,3143.417,4124.188,5312.321,6378.05,6342.458,4436.214,5145.958,5102.464,3734.865,3895.127,5720.76,3952.583,4662.9
8080.65,3755.625,5998.4,4835.08,7398.92,3386,3115.778,3122.568,4045,5218.5,6308.95,6246.667,4386.625,5052.417,5018.5,3694.192,3817.455,5640.04,3909.25,4583.25
7753.85,3736.958,5896.4,4739,7292.72,3339.25,3090,3113.47,3950.875,5126.536,6214.85,6155.792,4367.464,4979.875,4990,3650.269,3780.364,5581.04,3811.333,4443.55
7771,3678.042,5808.5,4666.6,7203.04,3310.286,3086.014,3109.023,3923.938,5054.964,6168,6024.792,4332.125,4931.167,4911.857,3624.269,3748.036,5535.36,3712.5,4354.25
8915.85,3619.292,5748.167,4606.56,7093.44,3276.357,3067.167,3083.841,3865.75,4982.214,6140.25,5954.25,4288.161,4850.542,4861,3613.308,3714.927,5448.92,3678.833,4603.35
10335.2,3574.875,5687.1,4579.68,7053.68,3258.928,3055.681,3072.121,3837.062,4915.357,6017.8,5886.167,4263.946,4795.917,4806.036,3572.577,3677,5394.84,3654.583,4942.7
11988.85,3589.042,5687.033,4685.84,7005.8,3231.822,3087.708,3060.871,3858.688,4876.679,6010.15,5915.958,4242.25,4743.542,4756.071,3547.289,3685.4,5378.96,3587.917,5511.1
14049.8,3749.042,5807.9,5014.64,7037.76,3261.572,3154.347,3063.333,3882.75,4888.071,5997,5960.25,4255.375,4749.708,4805.929,3567.711,3741.891,5419.64,3662.417,6246.95
15188.85,4010.875,5979.367,5560.92,7200.88,3360.178,3240.514,3100.47,3903.312,5027.5,6069.2,6114.792,4314.286,4799.375,4847.393,3632.75,3862.691,5520.32,3808.167,6751.85
15353.75,4255.167,6270.367,6063.56,7377.96,3465.143,3318.903,3135.879,3996.75,5190.393,6266,6341.833,4386.089,4980,4978.179,3738.635,4047.745,5747.24,4057.417,7142.8
15106.25,4489.75,6607.867,6412.96,7617.92,3576.107,3382.389,3188.242,4157.688,5467.393,6528.35,6628.333,4507.304,5174.75,5112.857,3828.5,4184.836,5952.08,4284.833,7206.75
14832.25,4597.25,6824.2,6576.32,7931.6,3700.143,3412.153,3239.894,4286.062,5722.893,6675.9,6893.333,4597.554,5396.792,5289.929,3903.135,4296.055,6119.24,4640.083,7173.5
14257.95,4638.208,6911.067,6607.32,8150.6,3768.5,3422.194,3267.591,4480.625,5877.679,6822.35,7109.833,4685.821,5606.625,5461.929,3997.942,4355.382,6267.96,4767.917,7020.35
13860.4,4660.25,6945.067,6569.16,8322.48,3812.036,3409.083,3301.508,4480.438,5990.893,6932.55,7295.125,4732.036,5700.667,5505.143,4050.615,4403.563,6301.32,4913.417,6852.4
13326.65,4575,6894.167,6440.96,8342.88,3806.75,3391.667,3301.402,4526.562,6052.321,6951.65,7404.875,4715.375,5693.417,5565,4023.885,4369.582,6301.52,4919.25,6619.35
12668.15,4459.208,6815.167,6276.88,8352.52,3771.393,3357.556,3283.879,4553.312,6010.464,6904.1,7426.917,4676.714,5680.292,5525.679,4020.231,4316.673,6230.68,4858.417,6354.45
12012.05,4368.625,6690.5,6080.24,8186.96,3720.822,3315.708,3273.242,4498.812,5935.179,6822.55,7386.583,4654.429,5582.375,5419.536,3973.596,4242.236,6193.88,4774.833,6070
11346.35,4245.292,6592.133,5912.76,8052.4,3638.286,3273.819,3252.038,4417.25,5818.821,6709.2,7219.417,4581.143,5439.458,5351.286,3946.635,4151.691,6065.04,4651.833,5844.6
10804.45,4174.333,6427.567,5716.04,8012.04,3591.036,3254.861,3230.47,4418,5681.393,6622.55,7114.375,4522.946,5407.208,5316.714,3891.577,4121.563,6013,4545.083,5597.1
10358.55,4090.208,6342.867,5569.76,7858.24,3536.5,3213.431,3214.205,4307.188,5609.179,6499.65,7008,4504.196,5308.042,5201.5,3827.481,4047.273,5940.76,4436.833,5422.2
9871.45,3985.125,6214.3,5461.52,7776.08,3504.072,3188.819,3188.712,4281.062,5458.036,6352,6882.792,4454.589,5172.75,5098.821,3768.231,3990.018,5794.72,4291.083,5225.55
9477.2,3919.417,6116.7,5276.08,7617.72,3435.178,3153.375,3168.833,4154.625,5362.679,6232.2,6752.167,4406.732,5090.75,5039,3722.481,3924.618,5699.08,4199.75,5071.45
9091.65,3868.333,5990.533,5111.44,7532.76,3388.928,3125.153,3146.22,4106.062,5260.893,6173.65,6621.75,4362.161,4969.458,4944,3686.635,3856.091,5631.76,4130.333,4910.4
8685.7,3814.708,5863.667,5019.04,7407.84,3337.678,3116.333,3136.977,4053.438,5190.357,6117.75,6472.625,4339.196,4915.458,4857.429,3645.269,3810.146,5568.12,4060.667,4729.4
8326.8,3733.667,5801.833,4902.88,7357.2,3316.75,3082.597,3125.841,4014.938,5098.393,5949.2,6401.5,4293.179,4839.417,4811.536,3593.923,3768.273,5470.16,3892.917,4619.2
8079.7,3706.417,5719.467,4806.12,7234.68,3276.572,3070.861,3113.265,3979.188,5005.5,5870.65,6275.917,4275.036,4777.917,4710.714,3555.692,3730.418,5397.76,3829.75,4534.55
7735.6,3640.792,5626.167,4705.72,7110.84,3241.572,3053.875,3097.189,3932.312,4932.929,5831.6,6169.333,4237.714,4693.917,4667.286,3522.769,3675.745,5318.48,3775.083,4393.35
7940.5,3608.25,5528.467,4610.64,7016.44,3212.393,3029.389,3084.333,3860.625,4837.929,5765.55,6043.625,4192.232,4623.792,4597.679,3477.077,3654.854,5273.8,3649.417,4326.9
9009.7,3558.333,5474.033,4557.48,6948.4,3197.178,3021.444,3069.386,3863.625,4802.893,5683.8,6006.708,4152.75,4557,4625.786,3490.789,3630.509,5213.96,3640.333,4437.35
10553.5,3542.417,5465.3,4542.76,6900.92,3166,3016.861,3049.447,3821.25,4740.607,5690.15,5943.125,4136.446,4550.708,4545.429,3459.731,3590.091,5172.24,3546.083,4760.75
12430.35,3578.875,5483.467,4685.48,6877.72,3183.036,3073.264,3037.591,3768.125,4713.464,5684.6,5892.708,4106.179,4502.458,4552.714,3441.654,3594.2,5172.04,3560.083,5322.1
14303,3775.917,5517,5134.8,7047.92,3221.178,3143.486,3050.841,3821.312,4791.143,5744.1,6002.208,4150.089,4583.375,4621.214,3475.192,3666.418,5210.72,3631.583,6013.2
15332.45,3993.125,5663.833,5576.8,7213.52,3318.5,3231.25,3074.318,3907.438,4938,5871.5,6200.792,4184.696,4705.083,4711.929,3548.615,3796.727,5315.08,3812.167,6462.05
15439.45,4174.625,5884.933,5985.8,7467.08,3428.786,3301.625,3133.144,4050.5,5127.607,6107.25,6445.542,4279.304,4901.458,4874.643,3658.404,3936.691,5489.04,4056.75,6764.1
14926.6,4237.667,6096.9,6195.04,7748.8,3502.143,3336.708,3159.727,4161.125,5310.607,6193.05,6598,4369.679,5136.167,5058.786,3742.308,4044.727,5633.52,4279.583,6713.55
14376.45,4308.75,6218.667,6254.36,8029.28,3576.072,3346.069,3190.174,4333.5,5477.643,6342.1,6804.125,4413.179,5279.708,5079.214,3784.404,4096.982,5788.12,4422.417,6567.95
13941.45,4361.25,6298.167,6262.84,8214.6,3632.75,3374.167,3204.227,4403.75,5648.393,6462.6,7014.125,4450.821,5399.042,5176.893,3827.231,4162.236,5966.56,4549,6525.65
13534.25,4356.208,6347.467,6283.72,8453.16,3697.25,3362.361,3241.902,4466.438,5791.893,6536.15,7116.292,4492.089,5519.167,5278.679,3867.385,4190.2,5996.68,4683.083,6390.7
13110.8,4316.75,6370.167,6202.64,8550.04,3665.714,3352.181,3247.167,4521.25,5788.536,6589.8,7189.583,4502,5582.417,5301.25,3850.423,4225.545,6021.16,4683,6221.45
12689.2,4266.708,6325.533,6143.52,8574.52,3619.786,3336.153,3246.03,4483.5,5825.964,6587.6,7264.625,4486.071,5573.875,5294.607,3825.461,4213.018,6015.88,4686.5,6125.5
12030.05,4165.833,6236.7,5953,8538.84,3607.607,3316.819,3239.417,4494.562,5780.25,6534.3,7186.458,4434.982,5519.75,5274.25,3804.769,4140.909,5942.16,4608.417,5838.6
11395.6,4087.5,6096.567,5775.4,8364.76,3556.893,3277.486,3215.205,4393.625,5689.679,6406.7,7099.458,4388.625,5445.292,5190.143,3746.75,4079.673,5852.32,4511.583,5656.1
10899.5,3962.333,5991.1,5575.08,8243,3520.678,3240.833,3183.947,4351.438,5577.107,6298.9,6983,4342.768,5312.625,5145.286,3700.327,3989.709,5774.48,4412.167,5436.65
10337.05,3909.083,5888.1,5396.28,8089.08,3424.572,3186.153,3170.167,4310.688,5460.5,6228.1,6831,4300.089,5216.917,5013.393,3637.654,3936.6,5676.76,4308.75,5262.1
9835.9,3839.917,5802.4,5319.76,7981.56,3384.857,3179.139,3145.606,4272.125,5369.286,6112.2,6733.125,4238.804,5105.292,4943.464,3622.096,3886.164,5603.6,4177.667,5069.45
9390.85,3751.958,5712.2,5121.04,7881.16,3345.964,3150.208,3129.273,4140.938,5254.786,6046.1,6599.625,4227.929,5039.167,4862.214,3572.846,3824.946,5523.2,4072.75,4931.85
9029.55,3709.125,5653.7,5030.84,7767.6,3317.536,3115.569,3122.038,4121.375,5158.214,5961.4,6424.625,4184.536,4923.75,4800.107,3530.115,3773.564,5480.28,3962,4742.85
8738.75,3646.292,5567.833,4917.32,7652.28,3261.322,3099.931,3094.758,4036.312,5058.321,5861.95,6324.833,4156.571,4846.292,4689.429,3497.481,3714.636,5405.96,3888,4620
8399.95,3607.5,5456.8,4795.84,7517.72,3220.536,3080.736,3085.333,3986.375,5002.5,5768.1,6220.792,4099.339,4790.292,4686.179,3463.115,3686.964,5384.28,3795.667,4491.85
8085.9,3556.292,5386.4,4741,7438.04,3182.393,3043.958,3078.03,3925.25,4922.857,5717.05,6133.167,4074.447,4724.917,4648.786,3428.519,3652.218,5311.76,3746,4425.9
7809.65,3519.375,5315.933,4620.2,7308.68,3169.357,3036.972,3068.348,3878.688,4843.786,5603.7,6009.5,4047.875,4623.625,4549.929,3400.904,3599.891,5290.28,3690.25,4310.3
7611.3,3464.083,5260.867,4548.36,7179.64,3156.214,3020.5,3053.318,3832.125,4752.643,5536.75,5884.833,4020.947,4593.708,4524.571,3379.039,3573.673,5210.64,3623.833,4232.45
7424,3440.417,5198.133,4459.28,7141.2,3124.214,3005.861,3030.674,3804.625,4688.714,5482.45,5818.25,4002,4513.292,4480.571,3350.789,3529.164,5125.84,3569.917,4150
8327.25,3406.833,5195.2,4411.44,7091.8,3098.357,2990.514,3024.97,3754.688,4609.536,5458.2,5749.292,3975.572,4457.25,4434.929,3331.211,3499.418,5106.72,3515.667,4296.75
10417.9,3444.417,5173.067,4723,7093.16,3109.536,3047.528,3036.636,3755.5,4636.214,5463.6,5780.917,3971.964,4459.958,4414.786,3329.423,3505.2,5097.08,3491.083,4995.75
12320.35,3614.375,5348.1,5160.44,7168.8,3166.072,3140.083,3032.182,3854.25,4665.393,5446,5902.458,3992.553,4508.375,4461.179,3351.961,3575.6,5111,3587.333,5612.25
13143.15,3713.583,5450.333,5491.08,7273.72,3204.857,3185.444,3045.144,3864.562,4778.786,5523.9,5965.375,3989.822,4564.792,4493.357,3376.654,3635.946,5176.32,3665.5,6029.45
13584.65,3911.958,5594.733,5787.96,7586.92,3275.5,3269.25,3081.932,3968.375,4964.143,5654.1,6165.792,4065.339,4710.583,4598.143,3463.5,3754.091,5249,3818.5,6283.7
13981.65,4103.667,5725.267,6066.2,7864.84,3359.678,3344.306,3111.492,4130.75,5073.679,5778.55,6325.708,4180.571,4955.042,4742.929,3552.5,3871.673,5467.96,4038.167,6471.55
13524.1,4138.167,5880.933,6164.12,8088.24,3432.214,3391.667,3155.621,4213.688,5309.571,6001.1,6474.708,4230.304,5105.333,4870.821,3629.442,3951.545,5600.36,4185.75,6403.6
13060.15,4204.875,5991.5,6088.08,8270.08,3487.714,3393.181,3179.78,4325.938,5377.107,6085.4,6623.667,4288.571,5277.792,4886.643,3644.519,3997.964,5690.92,4253.167,6282.95
12557.55,4186.458,6017.6,6050.4,8384.48,3535,3392.681,3201.288,4384.938,5499.25,6118.85,6707.792,4342.518,5384.042,4988.107,3675.365,4016.564,5798.6,4360.667,6182.5
11963.35,4112.875,6014.933,5925,8456.48,3519.964,3372.389,3194.508,4423.438,5536.857,6140.35,6765.167,4305.929,5432.417,4955.964,3676.039,4001.745,5794.16,4335.083,6006.7
11436,4042.333,5934.6,5804.36,8378.64,3525.822,3323.444,3187.447,4363.5,5494.714,6169.2,6748.833,4280.982,5390.542,4941.607,3659.827,3979.164,5743.36,4271.333,5755.8
10789.15,3983.292,5835.533,5637.68,8324.8,3448.286,3284.389,3190.47,4299.938,5455.179,6067.05,6715.125,4250.161,5299.667,4875.107,3640.711,3922.764,5675.32,4198.167,5557.7
10346.6,3884.542,5737.833,5471.96,8198.24,3390.25,3254.014,3167.477,4305.625,5381.393,6048.8,6603.458,4205.214,5249.417,4794.929,3606.442,3860.564,5597.44,4163.167,5361
9941.4,3786.125,5656.767,5347.48,8055.04,3336.393,3228.694,3137.977,4202.938,5270.643,5959.4,6461.75,4157.643,5185.875,4745.5,3558.192,3788.891,5486.6,4029.5,5163.1
9423.05,3746.958,5562.633,5195.24,7942,3303.072,3189.694,3116.523,4152.625,5176.286,5836.75,6397.667,4129.161,5052.042,4628.214,3498.135,3728.491,5392.24,3986.917,5007.25
8996.95,3669.833,5514.567,5097.72,7778.76,3278.75,3158.181,3104.295,4069.125,5096.714,5715.9,6300.625,4098.214,5008,4573.929,3494.904,3687.146,5350.6,3915.667,4843.8
8690.65,3646.333,5368.067,4948.76,7684.56,3226.536,3131.722,3101.674,4029.188,5022.643,5645,6190.458,4087.072,4860.292,4528,3438.423,3628.309,5291,3840.667,4723.9
8302.9,3567.833,5322.633,4831.64,7545.16,3196.964,3103.444,3086.318,3956.812,4920.607,5551.85,6052.333,4023.536,4842.708,4466.571,3384.673,3614.745,5238.36,3768.417,4587.5
8024.45,3524,5251.2,4756.68,7498.56,3178,3091.556,3054.538,3937.125,4833.464,5517.9,5989.833,4005.75,4736.875,4403.75,3374.481,3559.636,5193.52,3691.583,4453.8
7752.4,3490.583,5196.6,4656.96,7349.28,3129.643,3056.333,3053.818,3859,4747.214,5401.35,5878.958,3980.678,4670.583,4366.929,3334.827,3510.909,5107.8,3626.417,4366.1
7502.45,3464.167,5150.133,4590.24,7263.52,3122.036,3067.5,3034.932,3832.062,4665.929,5393.85,5793.625,3962.964,4669.708,4295,3315.327,3486.582,5065.84,3520.083,4282.85
7331.65,3410.625,5089.233,4511.04,7159.8,3062.357,3018.958,3033.939,3792.5,4621.893,5308.7,5687.792,3947.482,4574.208,4287.071,3277.615,3462.618,5032.64,3481.417,4170.1
7152.45,3360.333,5026.867,4441.28,7066.2,3065.643,3017.389,3020.447,3721.188,4558.286,5275.85,5579.458,3891.928,4525.875,4212.607,3268.539,3435.291,4978.32,3420.333,4086.95
7851.2,3370.708,4974.233,4369.24,7022.96,3045.072,3000.917,2999.644,3699.875,4501.929,5212.25,5518.5,3871.625,4482.958,4187.464,3234.231,3391.182,4976.52,3404.167,4232.1
8988.65,3307,4961.533,4348.92,6948.52,3060.714,2995.542,2991.091,3683,4445.357,5160.45,5457.875,3854.411,4465.417,4169.464,3229.711,3387.545,4939.48,3358,4506.85
10237.7,3311.458,4925.7,4348.64,6950.96,3039.428,3010.319,2986.318,3634.312,4467.714,5184.95,5390.792,3847.75,4369.583,4121.857,3207.808,3372.891,4931,3318.917,4883.8
11606.6,3434.667,4994.767,4582.04,6992.52,3084.464,3072.681,2983,3639.375,4443.357,5220.05,5499.292,3832.125,4390.833,4129.25,3207.423,3401.564,4896.56,3320.75,5419.25
13135.05,3649.75,5154.233,4956.52,7176.12,3140.964,3130.083,2998.492,3722.062,4602.214,5259.05,5587.417,3860.5,4479.375,4229.893,3234.923,3517.655,4927.68,3475.917,5954.9
13963.75,3803.333,5318.133,5333.68,7346.32,3213.464,3219.681,3035.697,3725.188,4753.75,5457.25,5733.292,3951.214,4638.667,4313.643,3312.885,3621.418,5016.72,3579.417,6375.25
13671.6,3899.125,5461.6,5605.16,7601.28,3311.25,3266.694,3065.205,3874.312,4912.179,5637.6,5870.542,3994.428,4732.667,4422.036,3351.827,3751.982,5137.16,3733.917,6540.35
13226.25,3924.292,5625.1,5771.44,7815.84,3379.714,3297.292,3111.417,3943.625,5090.643,5746.25,6059.25,4047.482,4850.958,4541.464,3429.846,3792.164,5232.24,3897.333,6442.4
12812.15,4019.208,5709.533,5802.04,7987.08,3408.536,3307.167,3140.795,3994.125,5266.143,5835.4,6164.583,4114.089,5017.125,4653.857,3466.692,3854.564,5309.52,3970.333,6375.9
12481.15,4076.042,5785.633,5851.64,8182.36,3489.964,3330.403,3162.5,4097.75,5308.464,5902.1,6289.208,4161.554,5156.917,4695.321,3507.539,3899.327,5344.52,4100.5,6300.9
12042.25,4074.5,5769.733,5801.6,8333.4,3489.5,3307.347,3169.583,4118,5377.393,5951.35,6384.708,4185.607,5209.542,4739.893,3498.019,3889.982,5381.84,4151.25,6126.4
11411.15,4018.708,5748.133,5661.36,8215.84,3455.572,3259.111,3158.386,4117.688,5348.464,5944.4,6393.208,4169.982,5184.208,4679.714,3483.385,3859.309,5357.84,4140.167,5861.3
10828.85,3904.958,5727.9,5520.16,8122.08,3423.714,3229.431,3154.932,4135.5,5229.571,5883.2,6383.458,4123.732,5123.083,4652.5,3450.596,3828.854,5295.96,4088.25,5659.7
10340.3,3856.708,5623.633,5371.12,8021.76,3372.678,3198.5,3142.258,4047.562,5181.643,5823.6,6283.875,4093.018,5005.375,4579.25,3422.096,3762.182,5259.64,4040.083,5440.6
9832.9,3763.375,5546.833,5211.8,7886.4,3352.893,3188.542,3124.985,4034.062,5107.214,5773.7,6310.625,4057.553,4968.292,4518.036,3396.865,3727.236,5159.08,3934.833,5290.2
9499.5,3692.583,5496.733,5111.72,7803.96,3329.286,3149.556,3112.659,4017.75,5036.607,5690.25,6210.25,4036.947,4892.5,4446.107,3334.404,3649.182,5107.48,3813.25,5117
9045.3,3640.417,5369.3,4979.92,7691.8,3258.428,3126.375,3088.083,3939.688,4981.214,5594.1,6084.25,3981.661,4801.125,4395.714,3315.923,3599.364,5075,3765.5,4955.3
8733.5,3587,5295.933,4872.76,7571.08,3249.143,3096.764,3085.258,3901.75,4887.821,5503.95,5965.417,3981.822,4715.292,4330.393,3288.577,3577.218,5029.88,3674.5,4789.1
8386.55,3520.417,5253.033,4780.48,7454.84,3214.643,3071.736,3059.924,3849.188,4803.071,5471.4,5890.5,3927.536,4676.292,4308.536,3253.231,3529.982,4945.96,3608.5,4708.7
8056.3,3459.833,5185.333,4693.88,7308.64,3176.464,3047.944,3043.439,3800.688,4718.75,5372.85,5771.917,3893.161,4618.583,4242.429,3230.846,3512.691,4876.6,3550.917,4587.3
7765.2,3443.083,5132.233,4619.12,7230.16,3140.036,3031.889,3022.432,3750.312,4645.036,5278.4,5680.25,3875.089,4518,4205.964,3201.615,3474.455,4850.32,3498.333,4411.75
7566.95,3403.833,5060.833,4527.64,7109.52,3100.393,3006.806,3011.788,3727.75,4586.786,5261.2,5658.958,3851.607,4502.083,4131.536,3188.019,3432.909,4771.6,3469.083,4304.15
7362.45,3359.667,4998.067,4444.68,7043.08,3115.928,2984.486,3003.106,3670.312,4497.75,5163.8,5517.458,3837.125,4422,4093.25,3175.423,3411.8,4725.8,3414,4232.9
7321.3,3332.875,4940.867,4386.16,6953.24,3096.428,2977.514,2993.159,3602.312,4438.25,5121.15,5442.417,3801.214,4369.667,4104,3136.096,3379.927,4675.68,3368.333,4190.75
8164.1,3317.292,4922.6,4368.48,6867.92,3056.678,2968.75,2973.917,3584.188,4421.214,5086.05,5361.917,3792.678,4297.583,4045.536,3135.365,3353.745,4642.96,3298.75,4426
9570.9,3314.083,4879.833,4378.96,6835.96,3065.964,2971.139,2974.417,3569.125,4444.107,5066.1,5354.625,3779.178,4300.708,4037.893,3117.365,3349.673,4644.68,3267.167,4785.2
10483.6,3344,4876.8,4502.4,6811.28,3071.036,2996.653,2976.008,3545.688,4400.571,5070.85,5351.25,3756.572,4276.292,4006.643,3101.385,3337.382,4629.6,3270.417,5219.35
11703.75,3476.208,4930.2,4754.88,6833.12,3114.428,3027.167,2977.326,3593.125,4480.571,5071.6,5443.5,3776.053,4282.667,4025.393,3126.635,3397.709,4622.88,3328.75,5661.5
12798.45,3596.625,5053.6,5095.84,7010,3173.643,3099.111,3007.152,3647.5,4618.393,5204.35,5535.083,3795.768,4389.083,4097,3166.923,3488.345,4687.96,3363.333,6004.65
13271.25,3726.25,5258.667,5382.32,7200.72,3243.786,3154.028,3034.167,3705.562,4791.464,5262.75,5666.292,3884,4496.792,4144.321,3209.789,3600.073,4799.12,3551.75,6297.55
13233.5,3833.292,5407.3,5522.76,7378.44,3298.214,3185.75,3080.379,3839.688,4973.179,5432.15,5794.875,3946.518,4595.792,4261.179,3296.096,3730.073,4897.2,3685.917,6408
13226.7,3915.25,5558.633,5730.4,7530.2,3356.964,3245.417,3123.189,3978.375,5169.821,5586.55,5957.542,4048.607,4744.208,4397.393,3366.923,3850.636,5051.28,3823.583,6456.45
13066.65,3974.417,5680.3,5843.28,7801.44,3428.143,3279.083,3166.152,4074.125,5355.679,5727.05,6086.125,4094.178,4924.625,4504.143,3425.327,3927.927,5197.92,3934.25,6491.8
12671.95,3956.208,5670.933,5824.68,7865.08,3466.786,3295.306,3189.97,4170.875,5456.643,5840.55,6205.417,4100.643,5061.583,4575.964,3457.692,3943.745,5296.04,3985.167,6365.75
12050.6,3930,5677.4,5734.28,7951.76,3436.964,3272.472,3213.174,4154.812,5538.429,5860.45,6267.083,4113.143,5104.125,4618.821,3449.558,3966.946,5276.8,4070.583,6235.65
11478,3886.958,5636.733,5615.16,7929.44,3446.143,3266.042,3203.091,4188.75,5490.786,5867.15,6339.917,4109.232,5065.333,4632.393,3441.577,3909.782,5261.64,4140.417,6005.7
10906,3842.042,5547.367,5469.64,7829.12,3416.928,3219.431,3179.03,4132.5,5445.357,5775,6313.25,4074.286,5034.125,4562.964,3404.596,3863.909,5167.84,4036.667,5754.65
10364,3764.5,5487.5,5328.36,7715.48,3369.643,3178.375,3160.402,4108.125,5330.571,5706.15,6239.833,4033.375,4932.333,4514.571,3375.039,3807.636,5134.64,3987.5,5579.15
9956.9,3668.833,5377.8,5169.96,7642.12,3343.464,3156.653,3146.242,4070.812,5228,5649.35,6172.833,4005.125,4876.958,4425.821,3327.75,3741.964,5075.96,3907.167,5381.35
9477.4,3588.042,5308.267,5043.24,7514.44,3306.5,3127.528,3120.227,3986.312,5163.036,5537.25,6030.667,3976.982,4805.458,4351.107,3298.904,3686.891,5033.64,3829.5,5173.9
9079.35,3524.042,5241.1,4970.12,7353.64,3253.822,3081.931,3110.5,3935.25,5057.071,5456.95,5995.833,3940.161,4725.958,4297.75,3267.077,3656.655,4963.72,3758,5005.85
8722.85,3475.208,5143.933,4817.2,7327.84,3197.464,3081.806,3092.636,3936.125,4967.786,5431.85,5893.333,3907.197,4680.125,4253.321,3221.077,3574.4,4869.84,3695.333,4887.75
8419.25,3457.458,5049.967,4746.28,7183.76,3198.607,3062.806,3065.848,3861.938,4872.286,5308.5,5797.958,3859.964,4609.917,4193.821,3205.231,3537.964,4807.28,3571.5,4733.35
8146.05,3398.833,4997.733,4651.84,7095.6,3145.786,3040.347,3063.197,3800.25,4795.214,5287.5,5683.875,3822.268,4540.667,4146.25,3190.461,3500.891,4801.52,3582.417,4624.35
7810.45,3357.167,4945.5,4565.56,6989.6,3113,3022,3057.879,3762.688,4733.536,5182.2,5628.875,3802.911,4505.458,4118.357,3166.346,3470.891,4740.88,3500.583,4503.2
7585.35,3324.667,4905.933,4495.88,6900.64,3102.964,3006.903,3041.386,3708,4661.714,5172.3,5538.292,3781.589,4453.5,4088.572,3131.423,3441.618,4696.64,3418.417,4384.75
7400.6,3312.792,4831.767,4447.08,6811.88,3061.25,2989.514,3038.242,3667.812,4596.607,5142.35,5447.167,3756.982,4411.958,4055.572,3104.731,3410.018,4617.24,3349.583,4299
7201.55,3276.042,4789.767,4319,6757.56,3051.822,2964.125,3015.75,3604.688,4551.964,5070,5388.708,3741.768,4315.125,3999.714,3107.923,3398.273,4547.44,3299.667,4233.4
7628.7,3271.125,4759.233,4312.92,6660.36,3025.464,2942.361,3002.583,3577.875,4476.143,4982.75,5293.167,3724.607,4278.667,3972.143,3088.289,3376.927,4512.08,3264,4231.65
8708.8,3223.458,4768.833,4270.76,6638.8,3045.107,2953.097,2987.409,3565.375,4441.071,4961,5249.792,3705.143,4260.917,3942.572,3066.173,3352.782,4513.72,3232.75,4540.8
10107.05,3264.25,4746.267,4302.92,6565.44,3020.607,2983.389,2980.515,3551.938,4425.357,4951.55,5206.833,3675.589,4242.125,3954.893,3086.961,3339.036,4507.56,3277.417,4934.8
11439.05,3340.833,4792.533,4507.08,6639.08,3065.643,3020.944,2984.508,3610.812,4452.321,4965.9,5302.25,3684.928,4235.292,3939.5,3064.192,3384.527,4521.12,3264.917,5377.5
12522.05,3496.875,4884.067,4828.48,6664.44,3094.607,3081.639,3008.068,3636.688,4554.536,5002.05,5356.917,3695.982,4276.417,4006.322,3098.942,3478.673,4551.84,3349.167,5816.2
12824.6,3629.958,5050.733,5077.4,6766.12,3148.607,3133.556,3019.689,3705.25,4639.607,5078.6,5519.75,3748.339,4318,4036,3153.385,3569.255,4669.4,3410.833,6125.5
12622.9,3725.667,5156.533,5199.96,6837.52,3204.143,3161,3038.114,3754.188,4687.714,5113.35,5581.625,3776.143,4430.625,4104.107,3162.981,3664.127,4751.8,3568.75,6182.8
12400.9,3765.458,5274.233,5341.16,6952.4,3226.5,3192.306,3060.72,3821.25,4843.107,5185.9,5747.5,3828.714,4581.542,4164.607,3213.731,3722.673,4808.8,3625.833,6201.85
12328.3,3859.333,5435.667,5467.6,7082.56,3276.143,3220.847,3089.742,3940.75,5001.929,5368.4,5841.542,3875.268,4682.417,4296.929,3255.635,3778.818,4893.2,3805.583,6250.05
12263.9,3862.625,5512.9,5534.4,7223.32,3299.107,3242.403,3116.25,3967.562,5079.214,5439.3,5950.25,3915.786,4833.542,4335.964,3299.673,3819.436,4922.16,3876.333,6192.05
11999.85,3864.625,5523.067,5571.72,7208.2,3316.536,3230.694,3115.614,4035.875,5144.893,5517.1,6033.708,3904.375,4866.458,4382.357,3325.481,3839.727,4960.92,3887.583,6060.6
11353.65,3795.458,5486.233,5396.04,7254.56,3318.964,3226.667,3112.205,4038.938,5164.714,5508.4,6037.583,3885.393,4896.25,4407.286,3299.192,3848.782,4929.56,3893.667,5874.05
10802.05,3753.833,5399.1,5317.76,7158.24,3247.607,3174.264,3097.977,3996.812,5103.107,5509.65,6015.25,3861.428,4840.875,4352,3285.731,3808.418,4870.64,3798.833,5668.55
10344.65,3680.667,5322.633,5193.04,7124.4,3220.036,3153.264,3091.674,3970.062,5060.214,5460.45,6013.125,3839.839,4824.292,4332.643,3275.923,3755.455,4795.28,3788.583,5479.1
9878.5,3639.875,5277.267,5030.8,7054.8,3179.036,3115.472,3083.758,3949.812,4951.25,5350.75,5972.708,3808.982,4734.917,4280.571,3220.096,3695.255,4745.6,3705.417,5273.75
9419.1,3565.792,5205.967,4931.4,6934.36,3164.643,3114.514,3075.508,3948.625,4874.607,5329.1,5871.083,3754.553,4679.25,4227.321,3186.865,3634.436,4705.56,3658.083,5116.15
9079.4,3511.458,5112.9,4788.12,6804,3142.357,3090.875,3058.061,3851.25,4785.25,5241.6,5769.458,3745.697,4605.625,4170.607,3172.423,3595.436,4664.4,3579.667,4968.35
8779.1,3473.667,5011.467,4731.76,6714.36,3102.393,3066.431,3035.97,3801.562,4717.036,5153.55,5672.833,3717.072,4540.708,4129.393,3133.192,3553.054,4637.76,3529.333,4837.85
8404.85,3415.792,4961.067,4628.84,6671.56,3075.036,3040.764,3021.25,3757.812,4657.536,5116.45,5615.583,3699.143,4457.458,4122.893,3109.539,3499.091,4587.32,3449.333,4709.95
8109.35,3394.917,4909.233,4537.2,6576.88,3035.572,3024.403,3030.606,3708.938,4576.679,5046.55,5505.792,3672.143,4412,4060.572,3084.211,3474.727,4555.52,3417.75,4589.35
7856.9,3356.583,4846.367,4452.52,6541.44,3001.25,3005.111,3015.659,3675.5,4508.786,4993.15,5466.667,3655.661,4344.292,4025.143,3084.5,3440.927,4496.6,3371.417,4476.15
7642.3,3310.708,4802.8,4373.28,6461.44,2996.107,2976.431,2998.114,3630.75,4435.107,4937.65,5340.292,3618.553,4349.25,3976.214,3048.539,3414.4,4465.8,3322.833,4394.75
7431.25,3277.833,4757.233,4312.2,6373.84,2976.143,2948.139,2972.977,3583.188,4379.571,4886.75,5252.958,3608.5,4252.792,3968,3026.519,3388.582,4451.92,3270,4298.65
7231.05,3248.375,4729.4,4244.68,6327.32,2972.5,2956.431,2971.977,3566.188,4323.643,4828.65,5199.375,3595.678,4252.208,3941.714,3021.115,3358.255,4401.88,3245.333,4220.15
7381.75,3239.083,4652.467,4167.08,6275.12,2941.536,2946.083,2944.97,3489.562,4295.393,4806.5,5136.667,3569.178,4222.083,3878.75,3011.481,3338.309,4385.28,3213.5,4155.1
8445.45,3215.75,4603.467,4159.8,6230.84,2932.928,2931.056,2942.28,3478.875,4266.714,4763.7,5089.292,3565.161,4148.708,3861.5,3012.423,3313.2,4343.72,3186.667,4300.85
9858.25,3229.542,4625.167,4283.2,6197.56,2938.143,2957.111,2938.068,3484.5,4294.964,4755.9,5106.958,3548.161,4139.292,3884,2985.461,3313.109,4355.64,3164.333,4623.7
11531,3302.208,4760.833,4548.6,6235,2969.072,3008.403,2958.303,3501.188,4330.393,4811.55,5177.083,3561.643,4114.042,3917.107,3024.039,3375.564,4378.68,3232.833,5050.15
12642.05,3403.375,4842.867,4877.04,6271.8,3002.536,3074.847,2974.386,3556.375,4402.286,4918.5,5231.417,3588.464,4224.5,3935.428,3045.461,3436.873,4457.08,3307.583,5354.9
12948.85,3538.958,4970.367,5107.88,6370.92,3066.607,3140.264,3004.758,3612.938,4551.679,4987.95,5302.625,3620.911,4215,4048.714,3085.442,3510.2,4465.6,3364.083,5507.6
13074.85,3679.25,5107.7,5358.96,6514.48,3119.678,3178.472,3032.28,3697.562,4691.107,5066.3,5434.208,3693.018,4402.708,4110.107,3166.981,3609.655,4537.92,3500.167,5686.2
12995.95,3805.583,5291.267,5495.2,6626.8,3175.5,3204.319,3062.273,3798.375,4825.714,5193.9,5556.625,3772.339,4541,4201.179,3229.981,3663.164,4652.32,3607.75,5792.3
12671.5,3869.167,5418.133,5528.36,6794.84,3208.786,3222.611,3088.689,3882.5,4935.321,5327.25,5620.167,3827.536,4674.583,4260.75,3275.231,3710.327,4732.12,3693.583,5770.8
12275.9,3865.25,5456.033,5498.56,6908.04,3192.678,3231.028,3093.515,3936.875,5021.179,5339.6,5745.333,3858.607,4779.917,4315.357,3292.039,3743.782,4797.52,3758.5,5704.45
11781.9,3822.708,5436.8,5416.44,6967.6,3189.214,3235.75,3108.045,3977.438,5070.25,5438.35,5751.208,3857.072,4793.833,4350.357,3275.75,3746.4,4806.32,3786.833,5612.55
11133.3,3781.167,5400.567,5301.32,6898.8,3176.286,3199.194,3101.318,3983.5,5041.25,5405.8,5755.292,3829.411,4793.417,4329.179,3278.789,3722.345,4771.36,3744,5390.3
10582.9,3698.583,5318.333,5198.68,6812.44,3128.928,3172.389,3097.833,3905.562,5028.036,5323.45,5690.042,3805.107,4727.333,4325.107,3255.461,3660.509,4728.4,3686,5211.75
10184.95,3664.583,5227.533,5078.28,6770.68,3111.25,3142.972,3085.5,3875.688,4947.857,5262.4,5614.167,3773.232,4671.792,4239,3234.961,3602.2,4646.12,3660.167,5060.85
9713.1,3581.667,5201.733,4919.68,6651.08,3094.536,3129.375,3061.205,3860.625,4856.179,5226.75,5582,3754.786,4622.583,4240.286,3205.885,3587.127,4644.52,3598.75,4883.7
9424,3517.042,5103.233,4858.32,6607.96,3077.607,3083.167,3048.197,3807.25,4805.214,5148.8,5544.75,3711.643,4530.792,4193.143,3175.308,3523.473,4593,3530.833,4721.3
9002.05,3498.792,5060.5,4751.08,6559.44,3047.678,3057.639,3032.765,3773.75,4721.929,5090.4,5447.542,3688.161,4471.917,4112.107,3147.039,3475.164,4563.24,3500.417,4631.1
8650.1,3417,4993.833,4626.36,6460.2,3032,3025.972,3026.75,3711.625,4672.857,5006.15,5391.875,3667.786,4418.25,4103.25,3127.461,3451.873,4497.16,3435.333,4511.25
8355.5,3388.208,4939.4,4562.72,6326.8,3005.536,3004.472,3023.576,3721.312,4599.071,4961.3,5304.083,3644.768,4380.583,4034,3114.423,3416.982,4487.28,3420.083,4398.85
8036.95,3352.125,4853.333,4480.72,6251.84,2962.928,3005.611,2996.689,3620.812,4493.536,4891.15,5231.917,3611.822,4327.833,3982.928,3093.865,3386.146,4408.4,3294.833,4314.05
7842.9,3310.792,4800.1,4390.16,6164.76,2939.536,2978.319,2988.083,3570.375,4433.214,4851.7,5152.583,3602.643,4262.333,3959.964,3051.981,3350.455,4375.2,3256,4216.05
7634.65,3291.625,4742.967,4302.84,6124.84,2921.214,2966.486,2976.932,3571.125,4410.5,4792.9,5111.208,3585.607,4189.583,3941.643,3043.615,3332.4,4316.72,3237.917,4130.05
7319.25,3275.625,4688.433,4275.32,6063.32,2906.214,2947.25,2964.621,3492.75,4318.179,4739.15,5028.292,3582.357,4137.708,3887.75,3028.5,3294.927,4331.96,3223.083,4002.3
7365.9,3237.667,4628.633,4161.8,5966.52,2900.322,2937.125,2956.152,3489.188,4291.786,4707.25,4942.25,3561.464,4104.792,3883.5,3013.308,3274,4249.96,3195.917,3956.45
7726.5,3181.458,4614.433,4163,5945.96,2879.75,2933.819,2948.47,3473.375,4259.714,4629.15,4951.458,3529.589,4052.458,3841.822,2990.635,3263.618,4251.48,3135.583,3937.75
8225.1,3215.458,4588.467,4118.84,5888.44,2874.893,2918.208,2941.288,3459.375,4184.25,4609.85,4905.25,3526.964,4057.917,3830.786,2994.481,3250.509,4219.36,3085.917,3976
8963.2,3208.625,4589.9,4146.96,5860.8,2888.143,2944.681,2936.803,3442.375,4187.25,4624.3,4898,3520.714,4041,3823.214,2990.019,3236.655,4208.24,3115,4140.45
10252.95,3202.833,4619.367,4294.92,5816.8,2906.286,2957.653,2952.242,3421.438,4207.464,4658.2,4907.958,3507.072,4004.333,3808.214,2984.365,3271.455,4218,3134.5,4456
11404.9,3330.875,4743.033,4545.52,5951.84,2931.928,3005.736,2966.235,3479.5,4254.893,4703.2,4958.875,3517.982,4052.375,3863.536,2988.5,3310.309,4258.52,3176.5,4810.8
12056,3511.917,4827,4830.8,5993.28,2979.678,3073.097,2994.189,3538.938,4402.964,4770.55,5049.833,3567.822,4119.208,3924.214,3021.346,3421.527,4295.44,3315.583,5025.9
12189.45,3615.958,4953.933,5173.04,6150.76,3009.643,3104.931,3036.932,3600.562,4501.357,4832.6,5173.875,3619.732,4236.833,3986.393,3075.135,3486.982,4391.08,3380.167,5218.05
12004.6,3666.417,5114.533,5252.84,6317.72,3052.107,3142.972,3073.659,3714.375,4686.464,4946.2,5244.5,3688.072,4357.667,4013.286,3140.558,3571.218,4459.6,3538.333,5339.15
11810.75,3703.583,5163.533,5404.88,6373.6,3095.536,3161.403,3099.114,3793.688,4786.036,5055.9,5400.833,3745.5,4454.5,4117.143,3189.539,3620.8,4546.76,3632.917,5392.55
11459.45,3699.458,5250.1,5411.6,6492.16,3115.678,3161.694,3122.682,3844.875,4858.643,5104.25,5488.875,3783.161,4572.792,4176.179,3227.077,3623.455,4604.52,3714.417,5346.1
10994.75,3686.75,5214.233,5389.92,6520.2,3100.786,3147.125,3128.061,3855.562,4892.893,5148.75,5499.042,3792.357,4559.042,4193.893,3237.25,3642.636,4672.56,3749.833,5228.55
10543.8,3618.333,5174.9,5281.88,6473.8,3095.643,3136.986,3127.098,3866.312,4904.321,5127,5533.458,3761.018,4540.667,4154.036,3216.673,3614.382,4704.8,3701.917,5117.25
9988.05,3582.625,5134.933,5156.4,6471.88,3079,3118.25,3117.932,3839,4861.571,5043.75,5517.208,3732.053,4498.875,4164.929,3195.5,3551,4676.88,3700.083,4926.7
9631.05,3546.833,5060.533,5046.08,6398.48,3055.322,3074.639,3103.47,3825.312,4813.464,5039.9,5455.25,3700.714,4478.25,4112.286,3178.885,3540.164,4639.84,3645,4769.55
9250.65,3486.875,4981.5,4905.92,6308.64,3016.964,3051.792,3092.144,3782.438,4764.643,4983.55,5409.583,3688.857,4395.208,4062.178,3143.577,3492.036,4582.96,3583,4641.2
8860.5,3416.125,4907,4783.84,6188.32,2995.178,3040.097,3083.879,3767.938,4684.429,4900.95,5317.542,3646.161,4301.708,4054.357,3108.442,3446.6,4515.68,3472.417,4516.15
8595.65,3377.667,4853.767,4714.16,6171.24,2979.5,3009.875,3064.879,3727.188,4626.107,4893.75,5261.417,3629.428,4279.292,4015.5,3084.846,3411.8,4441.76,3452.583,4394.15
8209.9,3345.333,4799.9,4578.2,6026.56,2951.428,2991.833,3049.924,3671.438,4546.071,4790.6,5204.125,3594.786,4248.208,3970.214,3066.865,3382.364,4405.08,3387.583,4284.15
7930.15,3313,4741.1,4504.56,5966.32,2926.678,2966.458,3026.25,3609.938,4456.75,4750.25,5130.083,3580.803,4162.542,3928.572,3045.615,3341.636,4382.88,3300.917,4178.2
7747.85,3286.333,4678.033,4446.16,5923.6,2879.928,2956.361,3013.402,3590.938,4410.214,4682.65,5073.542,3546.357,4143.792,3883.786,3022.192,3315.709,4340.44,3277.75,4094.9
7511.35,3230.583,4590.8,4346.68,5861.08,2870.75,2945.736,3000.023,3537.75,4355.571,4636.9,4956.042,3546.178,4099.625,3856.893,3009.75,3283.564,4313.76,3251.333,4028.3
7302.95,3198.75,4565.433,4294.44,5789.16,2844.322,2922.125,2988.432,3519.312,4311.179,4591.45,4925.292,3529.875,4026.083,3806.036,2980.865,3266.054,4261.2,3200.167,3956.85
7065.05,3181.167,4531.733,4240.84,5708.96,2855.678,2908.222,2985.621,3465.375,4241.357,4536.2,4864.208,3490.268,4036.542,3804.393,2966.808,3242.764,4196.52,3185.083,3886.8
6943.55,3162.167,4475.233,4167.84,5694.56,2837.072,2901.917,2968.015,3444.25,4228.821,4527.75,4831.542,3487.375,3973.208,3766.75,2945.635,3229.382,4207.28,3100.25,3834.45
7323.2,3154.458,4457.467,4136.52,5645.56,2831.607,2895.278,2955.697,3411.938,4169.107,4494.1,4782.167,3473.089,3921.042,3752.036,2962.731,3224.527,4160.88,3080.75,3864.65
8181,3147.75,4449.3,4113.28,5645.28,2825.928,2902.5,2953.303,3386.312,4172.357,4508.4,4786.083,3475.714,3900.917,3764.143,2929.789,3209.255,4153.68,3040.333,3962.55
9185.05,3177.375,4460.1,4106.32,5620.68,2833.286,2900.431,2949.447,3371.812,4196.607,4522.9,4756.208,3441.447,3847.75,3742.428,2932.269,3200.8,4111.76,3077.333,4206
10144,3258.417,4523.833,4248.84,5630.36,2857.214,2925.306,2952.417,3399.5,4230.214,4511.45,4786.75,3441.339,3877,3741.678,2945.75,3221.491,4144.24,3088.333,4437.1
11107.75,3390.75,4591.067,4462.2,5691.96,2874.178,2949.403,2952.545,3432.75,4307.643,4527.3,4860.792,3469.357,3902.625,3807.893,2932.308,3303.382,4173.6,3144.083,4757.65
11660.65,3519.917,4777.333,4737.52,5783.4,2938.393,2979.694,2976.439,3470.562,4413.929,4560.5,4883.125,3507.572,3982.708,3896.964,2979.231,3407.382,4241.92,3203.583,5016.35
12022.6,3606.167,4907.933,4912.88,5856.6,2956.428,3009.069,2999.273,3604.5,4560.464,4633.7,4968.917,3542.411,4078.583,4033.214,3020.154,3483.836,4341.24,3345.583,5251.45
12025.7,3669.333,5003.7,5202.44,6012.48,3025.714,3039.375,3011.765,3683.188,4674.821,4743.65,5079.417,3608.125,4240.083,4092.822,3086.635,3550.182,4419.36,3489.333,5349.1
11859.7,3678,5085.267,5319.28,6117.4,3061.822,3066.264,3029.621,3757.75,4771.464,4790,5172.75,3665.661,4320.792,4233.357,3136.539,3592.327,4478.44,3618.083,5437.7
11467.95,3767.833,5133.567,5367.92,6151.48,3084.5,3077.292,3057.333,3788.562,4887.464,4917.9,5258.417,3693,4370.458,4291.893,3147.635,3604.836,4546.08,3664,5365.85
10976.35,3752.583,5149.133,5316.72,6237.96,3095.643,3067.292,3060.667,3848.625,4953.857,4939.7,5284.542,3696.875,4406.958,4333.214,3150.961,3617.018,4562.4,3674.417,5283.4
10439.8,3691,5116.533,5189.8,6201.96,3081.393,3055.639,3049.477,3804.25,4930.607,4948.4,5277.125,3689.643,4382.333,4306.107,3155.308,3575.854,4538.8,3641.25,5101.9
9936.3,3611.542,5041.133,5097,6133.12,3074.428,3022.083,3040.811,3764.875,4886.107,4898.7,5236.5,3665.197,4370.167,4275.429,3119.019,3517.582,4495.68,3647.75,4950.5
9514.6,3565,4960.233,4990.84,6071.76,3070.75,3003.292,3038.5,3788.938,4837.786,4805.3,5222.792,3627.072,4297.25,4241.857,3087.846,3500.164,4462.04,3592.833,4799.1
9177.45,3528.458,4897.6,4875,6038.52,3043.178,2979.764,3027.78,3722.25,4764.036,4783.25,5200.542,3600.928,4199.125,4186.357,3081.923,3460,4404.32,3538.917,4654
8734.8,3459.583,4825.533,4765.8,5973.92,3002.107,2947.278,3015.311,3723.125,4682.25,4733.25,5089.25,3580.928,4197.25,4142.679,3064.211,3415.018,4362.6,3480.333,4532.55
8464.35,3411.625,4796.6,4661.08,5890.84,2986.214,2928.597,3006,3601.5,4626.857,4662.75,5068.667,3570.947,4135.667,4094.464,3032.423,3374.691,4310,3431.167,4420
8131.35,3360.833,4741.867,4596.36,5836.04,2958.322,2915.097,2983.462,3581.5,4573.321,4626.9,4991.292,3555.964,4066.667,4083.75,3007.731,3346.655,4285,3405.083,4283
7919.95,3365.208,4677.1,4492.16,5757.2,2921.428,2899.736,2959.75,3543.938,4501.857,4592.2,4960.875,3534.732,4040.917,4010.678,3000.654,3316.618,4207.84,3346.417,4226.45
7633.8,3302.917,4589.867,4409.24,5646.84,2904.857,2887.153,2949.515,3524.312,4420.821,4579.9,4903.75,3512.214,3987,3969.928,2979.058,3279.436,4214.24,3352.833,4103.65
7430.15,3277.25,4563.667,4357.68,5627.6,2903.464,2873.236,2938.432,3427.375,4379.179,4499.05,4802.5,3468,3928.958,3931.572,2955.385,3250.709,4176.8,3249.083,4039.65
7171.7,3233.833,4532.067,4256.28,5541.32,2869.928,2850.75,2932.72,3455.375,4323.107,4483.8,4804.333,3483.286,3874.5,3912.75,2932.231,3223.473,4161.12,3221.667,3946.6
6965.9,3204.792,4478.567,4225.96,5529.96,2865.536,2832.75,2918.576,3406.5,4261.214,4440.7,4748.792,3447.697,3869.625,3867.5,2928.711,3199.982,4103.12,3215.5,3897.45
7074.15,3210.375,4407.433,4176.28,5477.48,2864.143,2816.403,2904.939,3371,4240,4405.5,4694.583,3437.75,3855.417,3850.286,2908.577,3189.291,4114.4,3142.5,3847
7417.45,3177.25,4407.133,4136.96,5451.48,2848.964,2839.514,2896.273,3354.062,4218.357,4369.25,4681.5,3423.661,3838.417,3812.072,2917.019,3180.018,4062,3116.917,3879.6
8061.2,3162.208,4391.167,4103.16,5429.36,2839.893,2821.931,2896.992,3338.812,4218.643,4328.3,4641.625,3427.964,3782.542,3793.178,2902.289,3175.927,4052.48,3131.333,3924.7
9119.25,3180.083,4383.667,4161.76,5387.92,2853.857,2833.736,2899.992,3354,4174.536,4379.85,4606.375,3410.464,3779.667,3807.178,2903.654,3165.527,4064.44,3101.667,4072.2
10256.45,3251.583,4400.933,4296.8,5402.16,2879.536,2848.375,2886.803,3326.312,4204.786,4369.6,4647.208,3396.25,3754.833,3828.643,2899.961,3200.218,4052.28,3167.75,4329.5
11223.95,3329.125,4445.5,4446.52,5468.84,2918.357,2889.444,2915.606,3375.125,4247.929,4447.35,4728.958,3423.036,3816.958,3912.286,2909.25,3252.691,4098.2,3211.25,4605.8
11872.2,3461.833,4588.9,4706.68,5555.36,2942.786,2921.792,2934.5,3420.25,4323.929,4495.65,4775.958,3461.947,3882.25,4051.214,2935.385,3336.691,4184.8,3328,4837.2
12229.35,3599.583,4692.433,4937.04,5679.88,3015.964,2957.542,2955.765,3516.812,4505.286,4599,4911.583,3475.089,3988.458,4120.357,2987.173,3425.8,4279.16,3459.667,5014.05
12175.2,3651.417,4817.633,5075.04,5800.44,3036.036,3008.069,2980.379,3531.438,4661.893,4713.35,4959.125,3521.625,4081.75,4270.821,3043.077,3500.636,4359.68,3544.083,5097.4
11768.8,3743.375,4938.167,5139.88,5923.56,3103.357,3009.958,2997.833,3591.688,4781.179,4770.3,5082.5,3568.625,4128.833,4351.714,3068.539,3490.982,4440.8,3699.667,5112.9
11403.3,3747.958,4992.367,5198.92,5980.84,3107.714,3021.278,3015.803,3638.312,4821.429,4817.9,5144.167,3549.053,4189.333,4420.429,3080.173,3505.273,4507.24,3796.917,5040.95
10984.2,3720,4971.467,5116,6053.92,3115.964,3019.333,3020.606,3624.625,4865.393,4869.9,5197.667,3576.75,4212.167,4424.786,3057.923,3527.291,4495.24,3792.583,4974.05
10459.95,3662.333,4927.467,5033.72,5985.32,3099.107,3001.542,3014.674,3641.688,4870.036,4863.45,5223.5,3543.75,4223.167,4431.25,3042.615,3474.091,4470.96,3824.333,4867.6
9977,3598.917,4902.167,4950.32,5964.28,3086.143,2976.347,3003.811,3617.375,4833.893,4830.4,5241.375,3544.286,4192.125,4398.179,3032.5,3463.491,4445,3753.583,4724.7
9477.35,3563.333,4852.9,4822.8,5893.72,3065,2964.722,2991.492,3628.812,4799.643,4769.25,5203,3520.875,4129.5,4360.607,3015.692,3425.709,4447.84,3657.417,4567.85
9095.35,3520.833,4773.533,4739.88,5861.32,3025.214,2944.25,2979.955,3576.812,4739.25,4788.25,5135.125,3492.375,4112.458,4331.821,3011.327,3398.164,4388.76,3691.833,4439.45
8731.25,3457,4702.4,4652.6,5773,2995.036,2920.847,2978.909,3541,4661.107,4692.95,5108.958,3481.214,4059.458,4293.321,2982.904,3332.327,4349,3584.917,4361
8388.65,3407.75,4669.267,4532.32,5672.28,2965.893,2914.861,2968.371,3560.812,4586.071,4638.15,5034.917,3451.5,4027.5,4239.393,2963.846,3308.8,4268.76,3541.75,4235.95
8052.7,3378.708,4586.367,4453.16,5606.28,2944.143,2892,2959.076,3511.312,4512.464,4576.05,4977.708,3457.589,3962.667,4155.464,2943.961,3282.109,4232.88,3465.667,4149.75
7831.9,3344.542,4563.2,4356.44,5536,2929.928,2881.931,2940.015,3447.125,4454.321,4542.95,4883.583,3424.518,3921.042,4075.964,2919.558,3244.036,4246.32,3413.917,4045.4
7543.9,3327.333,4504.767,4300.08,5489.84,2898.643,2854.667,2926.455,3412.25,4386.143,4512.95,4845.333,3414.822,3894.833,4050.25,2912.308,3237.291,4190.56,3322.833,3975.65
7338.75,3262.333,4439.733,4232.56,5381.76,2877.607,2848.542,2920.826,3410.125,4319.036,4443.55,4755.333,3398.428,3845.25,4021.928,2888.981,3189.854,4140,3242.917,3858.55
7106.85,3228.667,4391.9,4191.48,5394.76,2879.393,2829.153,2900.97,3383.312,4294.786,4422,4735.5,3403.875,3822.292,3954.464,2892.25,3171.146,4106.28,3258.583,3825.3
6904.05,3188.833,4376.233,4151.96,5285.88,2872.036,2839.403,2901.182,3369.5,4232.893,4400.55,4688.542,3374.661,3803.083,3935.643,2871.289,3150.818,4049.16,3204.917,3735.6
6851.9,3196.375,4312.567,4070.64,5271.2,2859.536,2812.083,2883.098,3313.125,4170.25,4386.75,4613.042,3383.178,3779.417,3927.036,2865.923,3118.127,4058.12,3168.75,3699.3
7243.85,3172.708,4258.833,4054.8,5212.08,2842.786,2807.75,2885.856,3329.812,4161.464,4331.5,4570.375,3345.375,3732.875,3865.822,2837.635,3117.418,4021.84,3100,3700.6
8172.55,3148.583,4290.633,4038,5208.68,2855.036,2816.458,2883.742,3302.688,4144.036,4292.2,4582.375,3351.732,3721.375,3845.286,2850.039,3112.455,4031.2,3100.833,3791.45
9222.85,3195.417,4305.367,4082.08,5204.76,2851.75,2830.347,2878.015,3299.688,4122.321,4317.1,4550.625,3335.464,3716.292,3847.75,2842.404,3102.618,4049.2,3077.917,3977.65
10403.15,3276.708,4352,4207.56,5232.64,2888.857,2861.583,2877.038,3298,4163.929,4330.1,4610.542,3355.268,3705.583,3881.928,2842.827,3128.8,4006.48,3161.583,4178.6
11132.3,3376.958,4399.9,4372.24,5289.28,2918.072,2889.222,2886.568,3317.125,4239.321,4390.45,4614.083,3387.518,3758.25,3932.75,2875.135,3204.782,4084.6,3247.833,4459.95
11656.2,3536.583,4507.5,4540.6,5374.36,2972.714,2928.181,2893.28,3355.375,4317.071,4397.4,4693.042,3420.428,3781.417,3982.572,2890.654,3275.836,4087.76,3305.667,4589.7
11855.45,3628.042,4648.233,4742.36,5511.44,3000.928,2987.25,2922.394,3475.375,4413.357,4476.5,4752.583,3481.786,3884.125,4064.607,2932.846,3340.655,4149.08,3408.417,4715.55
11963.1,3710.708,4769.567,4935.64,5658.08,3040.964,2987.764,2933.682,3503.438,4581.286,4574.4,4861.583,3541.678,3979.625,4187.857,2987.404,3416.2,4217.8,3491.5,4893.7
11751.25,3751.333,4877.167,5046.8,5735.32,3073.178,3007.833,2947.947,3537.812,4696.786,4649.2,4931.708,3548.607,4137.625,4293.25,3033.231,3462.164,4279,3575,4946.2
11430.7,3751.417,4943.833,5150.64,5845.76,3105.107,3026.181,2965.227,3639.5,4712.929,4687.1,4978.958,3574.25,4185.042,4372.179,3059.692,3496.4,4314.48,3654.167,4967.35
10949.95,3733.125,4939.9,5061.16,5905.24,3094.107,3008.458,2973.212,3635.062,4733.357,4646.5,4976.083,3566.982,4211.792,4410.036,3039.481,3461.873,4349.56,3673.25,4844.15
10401.4,3681.042,4893.367,4969.12,5861.2,3058.107,3001.958,2972.644,3599,4714.143,4632.1,4987.667,3546.107,4229.542,4363.75,3034.904,3443.418,4322.8,3694.75,4729.65
9950.85,3624.917,4846.4,4878.92,5807.88,3063.75,2998.056,2965.97,3581.875,4699.429,4598.7,4992.083,3548.411,4189.958,4323.143,3015.692,3407.4,4346.88,3625.75,4645.55
9516,3566,4797.933,4786.08,5719.52,3017.678,2969.069,2958.674,3556.812,4610,4595.85,4929.125,3518.214,4152.417,4269.75,2989.635,3350.491,4295.56,3595.5,4465.85
9133.15,3511.167,4736.033,4698.24,5664.12,3026.393,2944.875,2959.424,3546.188,4583.357,4583.7,4878.625,3471.018,4121.333,4237.25,2985.365,3327.455,4234.56,3552.75,4351.1
8702.25,3493.125,4663.767,4604.56,5594.6,2984.428,2926.75,2937.242,3512.812,4495.071,4551.35,4860.667,3471,4043.542,4193.857,2957.442,3291.273,4186.36,3468.333,4264.25
8386.45,3444.917,4581.9,4556.84,5517.36,2957.143,2904.236,2927.273,3457.438,4444.179,4513.7,4781.917,3459.232,4026.667,4143.429,2937.711,3252.836,4157.52,3432.333,4133.5
8083.7,3368.375,4519.767,4462.64,5466.2,2936.572,2884.931,2922.265,3426.5,4377.464,4472,4715.583,3436.875,3970.792,4077.786,2904.923,3221.582,4092.4,3368.667,4060.3
7854.4,3325.583,4487.6,4371.16,5430.04,2908,2859.569,2909.712,3396.062,4343.393,4452.75,4693.75,3427.286,3927.958,4052.072,2894.558,3190.909,4055.16,3302.75,3988.1
7562.1,3298.25,4433.167,4270.88,5366,2902.214,2851.264,2906.492,3377.375,4270.071,4408.35,4629.125,3411.268,3905.458,4015.5,2883.519,3184.618,4061,3236.75,3909.1
7323.8,3252.375,4396,4222.12,5322.16,2890.036,2844.181,2898.864,3310,4236,4411.65,4558.625,3398.125,3867.625,3975.678,2858.192,3133.891,4032.52,3247.417,3833.35
7061.5,3245.042,4341.233,4191.6,5278.72,2884,2820.889,2881.78,3306,4147.357,4404.45,4532.625,3380.053,3805.458,3928.643,2848.231,3133.436,4008.72,3171.75,3783.75
6935.25,3213.917,4321.833,4116.16,5175.76,2848.322,2813.986,2873.591,3297.75,4128.071,4383.9,4455.917,3387.643,3789.875,3912.286,2840.885,3096.418,3988.6,3172.583,3710.55
6818.7,3177.5,4280.367,4062.32,5186.28,2844.428,2801.847,2868.485,3245.812,4068.572,4317.1,4450.625,3354.125,3743.042,3865.036,2835.423,3080,3941.56,3120.25,3640.2
6997.7,3184.25,4262.1,4026.92,5119.12,2825.072,2798.833,2857.598,3226.188,4055.178,4306.9,4400.625,3349.393,3736.292,3839.143,2822.192,3099.818,3964.32,3077.917,3645.9
7598.9,3163.75,4209.167,3969.8,5103.72,2826.572,2794.208,2844.689,3211.875,4020.322,4231.15,4375.375,3343.982,3723.333,3820.5,2829.827,3077.455,3952.88,3099.583,3623.6
8552.9,3211.292,4222.633,3976.92,5090.8,2838.964,2804.514,2855.977,3246.562,4019.357,4207.3,4371.708,3342.697,3701.375,3822.572,2816.096,3061.636,3929.96,3045.833,3794.65
9564.85,3267.792,4212.1,3983.32,5113.84,2850.714,2811.667,2852.053,3217.938,4040.928,4227.95,4354.458,3346.268,3690.583,3834.036,2812.404,3061.764,3908.44,3084.917,3975.65
10385.9,3335.25,4272.233,4060.68,5186.32,2851.893,2838.75,2855.939,3199.938,4069.428,4271.45,4396.625,3355.428,3716.167,3881.178,2817.635,3128.473,3962.64,3113.917,4216.5
11183.65,3430.75,4338.833,4269.92,5221.44,2881.607,2883.264,2861.629,3253.062,4175.143,4287.05,4445.792,3378.678,3746.625,3944.678,2855.308,3191.891,3991.04,3201.167,4537.1
11870.15,3527.833,4506.733,4475.76,5400.32,2938.678,2924.222,2879.788,3312.562,4271.75,4299.45,4489.583,3406.143,3888.375,4071.072,2921.058,3291.673,4109.36,3307.583,4667.8
12025.45,3615.833,4631.067,4654.4,5518.32,2992.107,2947.375,2888.439,3386.375,4387.214,4381.9,4559.75,3458.536,3961.208,4241.429,2953.289,3365.073,4212.52,3458.917,4802
11860.9,3702.708,4692.7,4805.04,5627.68,3022.964,2958.097,2904.371,3444.25,4465.357,4464.95,4624.75,3517.375,4095.667,4316.679,2994.904,3401.964,4260.2,3512.917,4837.05
11458.85,3737.167,4715.2,4865.88,5731.4,3032.928,2985.403,2914.689,3528.562,4564.25,4519.3,4682.083,3544.036,4158.417,4325.464,3021.173,3435.727,4307.4,3602.25,4847.6
11062.5,3747.958,4756.2,4852.52,5779.12,3034.572,2975.389,2929.629,3526.688,4615.964,4549.25,4678.583,3564.428,4201.292,4362.286,3037.654,3427.727,4349.76,3673.083,4770.3
10492,3698.625,4719.133,4758.36,5719.24,3049.322,2962.889,2924.409,3506.75,4595.036,4479.95,4658.625,3512.982,4220.125,4384.036,3025.308,3377.091,4345.36,3662.417,4643.55
10049.6,3630.625,4663.5,4660.84,5724.48,3025.464,2943.5,2917.629,3475.062,4575.571,4482.15,4656.042,3499.125,4142.083,4334.821,3012.096,3346.018,4287.2,3590.5,4487.5
9560.2,3587.583,4637.3,4555.8,5672.68,2993.178,2934.319,2910.417,3466.688,4521.357,4445.9,4597.333,3479.464,4148.917,4344.571,2976.135,3331.327,4269.08,3554.583,4354.05
9170.95,3521.667,4553.433,4460.2,5618.88,2984.322,2902.403,2889.417,3455.625,4439.893,4417.4,4569.75,3461.803,4111,4264.357,2959.558,3285.164,4202.56,3501.167,4271.95
8791.35,3489.208,4504.333,4373.36,5567.2,2948.964,2905.722,2886.091,3391.812,4415.5,4367.8,4516.208,3436.214,4044.458,4209.893,2927.769,3258.709,4163.96,3466.5,4189.25
8462.75,3437.333,4418.933,4305.72,5465.84,2923.607,2881.097,2881.159,3373.688,4335.929,4347.15,4463.333,3418.822,4000.583,4131.357,2919.058,3232.909,4160.88,3407.167,4070.25
8125.85,3380.875,4371.3,4217.48,5430.16,2908.357,2859.542,2867.742,3331.188,4265.179,4291.2,4420,3407.268,3940,4095.357,2902.154,3197.582,4125.8,3349.667,3984.35
7837.9,3364.667,4343.367,4161.56,5316.52,2891,2841.222,2863.689,3272.062,4225.321,4253.5,4393.667,3366.732,3910.708,4050.178,2879.154,3176.636,4074,3294,3920.75
7566.8,3299,4326.967,4070.44,5277.88,2870.072,2835.306,2855.371,3270.5,4173.25,4223.15,4329.917,3375.25,3875.792,3984.5,2879.981,3139.109,4084.92,3264,3827.1
7315.05,3278.292,4253.167,4028.32,5241.56,2837.143,2805.792,2852.795,3244.062,4108.143,4170.85,4269.042,3351.678,3835.792,3927.107,2859.961,3112.909,4062,3235.333,3759.65
7119.65,3255.25,4220.033,3979.56,5185.24,2843.714,2797.625,2840.174,3237.938,4065.143,4166.55,4241.083,3354.75,3830.667,3907.857,2831.961,3088.054,4007.04,3162.667,3683.1
6971.15,3225.458,4174.1,3931.4,5148.88,2825.536,2792.264,2830.924,3153.062,4050.393,4145.4,4206.167,3322.375,3785.75,3881.5,2831.885,3071.527,4008.52,3131.25,3606.85
6987.85,3192.375,4138.467,3869.2,5114.52,2824.428,2795.625,2834.409,3200.25,4004.572,4091.7,4189.583,3300.268,3749.042,3864.714,2827.25,3053.473,3961.44,3070.833,3589.55
7457,3194.875,4117.1,3861,5087.08,2786,2793.75,2829.477,3158.875,3990.714,4111.1,4143.708,3309.375,3724.292,3842.572,2829.231,3053.691,3931.08,3071,3577
8163.25,3202.917,4073.867,3829.16,5016.24,2809.143,2788,2826.379,3172.375,3982.893,4094.95,4175.708,3286.303,3671.25,3824.25,2818.846,3054.164,3915.64,3066.917,3639.45
9049.55,3239.458,4103.667,3868.64,5023.04,2823.786,2809.944,2822.462,3151.25,3956.893,4102.2,4108.042,3285.018,3729.292,3828.464,2810.577,3054.164,3929.88,3010.917,3757.35
9929.9,3336.458,4134.833,3929.44,5047.96,2871.214,2822.417,2824.742,3150.25,3930.393,4081.45,4100.167,3287.75,3708.708,3851.214,2824.711,3077.964,3944.56,3038.75,3921.9
10503.1,3370.375,4184.667,4011.4,5103.64,2880.822,2844.556,2827.962,3163.75,3999.357,4067,4143.75,3293.697,3742.708,3869.536,2858.923,3113.2,3959.44,3120.167,4061.4
10897.2,3486.75,4245.3,4139.2,5123.24,2921.75,2902.014,2842.447,3171.062,4075.393,4134.45,4110.958,3322.214,3797.583,3867.857,2892.461,3182.273,3986.08,3143.417,4205.55
11332.5,3634.333,4308.767,4297.92,5193.96,2946.25,2935.75,2857.227,3241.125,4193.25,4237.7,4130.042,3350.322,3886.167,4004.5,2930.058,3284.491,4074.96,3209.667,4355.3
11384.15,3645.958,4413.6,4364.36,5299.08,2962.857,2956.375,2875.841,3246.062,4281.964,4300.65,4188.792,3399.232,3959.125,4086.964,2958.789,3313.6,4096.16,3285.667,4451.45
11262.15,3665.208,4471.633,4403.56,5327.56,3011.607,2977.889,2881.712,3276.688,4356.321,4338.55,4207.333,3413.411,4047.792,4147.071,2978.096,3346.109,4127,3397.083,4467.7
11046.15,3689.833,4557.833,4400.32,5377.32,3021.964,2992.75,2896.591,3285.812,4413.964,4387.3,4226.125,3434.768,4078.333,4198.143,3006.346,3370.182,4160.2,3464.333,4465.1
10700.6,3668.792,4590.833,4415.04,5408.92,3033.714,2991.639,2901.72,3292.25,4460.393,4422.3,4248.417,3438.875,4134.583,4269.214,3018.154,3368.709,4167.72,3526.667,4424.9
10387.15,3637.583,4569.2,4395.84,5421.4,3045.893,2988.028,2897.303,3292.812,4423.464,4396.4,4265.167,3428.839,4117.25,4260.357,2998.923,3343.164,4170.12,3514.75,4343.1
9783.75,3598.708,4554.7,4302.72,5425.52,3026.107,2952.125,2895.091,3297,4428.357,4381.4,4282.25,3427.161,4088.458,4235.536,2967.289,3323.309,4181.28,3502.167,4235.4
9441.85,3569.667,4501.3,4226.96,5368.08,3000.322,2937.611,2886.992,3305.875,4373.357,4338.1,4193.542,3415.875,4078.958,4225.286,2961.789,3278.854,4155.68,3439.333,4168.05
8991.75,3500.667,4452.1,4170.88,5300.64,2998.607,2916.236,2883.864,3257.688,4314,4338.75,4192.042,3375.678,4069.708,4197.786,2933.789,3269.2,4119.24,3365.75,4020.45
8631.75,3449.75,4398.733,4078.88,5231.36,2962.428,2888.611,2871.364,3239.188,4282.786,4279.2,4172.375,3373.589,3978.917,4125.857,2930.596,3211.582,4044.92,3357.833,3948.05
8301.9,3406.667,4355.033,4030.12,5207.12,2943.25,2884.486,2865.439,3202.375,4212.143,4265.65,4148.083,3352.768,3960.25,4068.964,2898.808,3199.309,4008.84,3273.333,3887.35
8011.2,3363.75,4313.667,3935.72,5171.76,2931.107,2844.514,2853.129,3195.562,4143.286,4223.35,4130.875,3337.339,3906.917,4014.393,2890.5,3154.018,3979.88,3250.417,3814.25
7722.35,3330.5,4242.233,3905.12,5087.76,2905.678,2845.333,2855.015,3163.625,4106.786,4200.45,4062.417,3348.572,3877.583,3972.25,2860.75,3146.6,3973.36,3235.167,3745.95
7468.85,3273,4190.467,3842.2,5049,2878.322,2818.792,2842.273,3124.25,4056.393,4110.55,4038.583,3323.053,3847.542,3897.822,2847.058,3119.636,3908.76,3122.083,3691.1
7212.85,3258.208,4159.267,3827,5046.12,2836.678,2825.5,2820.409,3106,4004.964,4100.6,3961.458,3289.947,3779.083,3883.572,2850.904,3090.236,3912.52,3108.833,3632.9
7007.05,3217.75,4161.533,3782.04,4976.76,2830.607,2801.792,2819.402,3093,3967,4099.4,3975.417,3277.375,3762.417,3855.714,2830.231,3069.327,3872.32,3049.583,3594.05
6841,3223.875,4102.033,3753.64,4921.92,2816.928,2786.347,2816.045,3077.75,3929.678,4037.7,3924.708,3250.197,3719.333,3797.607,2813.365,3055.455,3858.68,3059.333,3531.45
6757.7,3194.042,4038.8,3691.36,4867.28,2807.036,2775.958,2792.742,3040.125,3890.072,3999.7,3896.5,3243.572,3720.667,3808,2813.423,3046.564,3830.6,3067,3474.7
6864.2,3172.75,4036.733,3638.96,4869.92,2811.786,2762.028,2792.924,3035.625,3887.464,4007.4,3906.708,3240.464,3666.917,3762.928,2803.058,3012.4,3806.28,2999.833,3471.95
7229.6,3142.333,4001.067,3651.36,4823.56,2814,2763.083,2793.742,3010.312,3868.393,3978,3866.708,3242.893,3650.833,3717.607,2783.961,3008.291,3802.36,3012.667,3477.8
8307.8,3170.208,4021.533,3660.24,4852.72,2793.786,2771.125,2786.091,3016.375,3853.5,3962.95,3866.458,3237.125,3652.542,3732.964,2795.308,3011.327,3827.24,3021.083,3580.05
9681.85,3200.333,4057.1,3721,4864.8,2828.072,2792.528,2779.848,3014.625,3878.714,3981.65,3843.5,3229.625,3668.292,3725.536,2805.539,3042.4,3838.4,2981.167,3792.7
10714.3,3309.083,4085.4,3859.4,4928.88,2849.607,2813.444,2795.265,3028.562,3917.964,4017.6,3846.583,3238.803,3705.625,3745.643,2817.615,3109.8,3873.28,3022.75,4017.5
11445.55,3377.875,4190.767,4036.84,4982,2894.428,2835.625,2798.773,3047.5,3994.678,4010.35,3863.542,3256.928,3813.875,3825.893,2832.827,3192.455,3921.28,3126.833,4282.2
11757.7,3449.792,4266.733,4175.64,5082.88,2918.143,2873.667,2812.182,3083.75,4085.643,4052.1,3915.875,3272.982,3949.708,3889.286,2875.558,3241.964,3992.16,3182.25,4544.6
11784.45,3503.083,4326.433,4323.88,5152.28,2959.714,2878.319,2831.023,3150.25,4124.321,4111.35,3945.417,3313.875,4025.208,3975.822,2916.154,3298.527,4080.4,3290.083,4687.55
11556.85,3530.375,4427.733,4390.4,5247.12,2961.5,2890.458,2842.477,3186.562,4212.714,4162.45,3989.583,3336.536,4156.958,4070.5,2938.231,3302.673,4065.76,3336.417,4730.55
11122.25,3556.75,4438.733,4363.72,5328.92,2971.25,2884.347,2848.742,3187.438,4250.107,4190.75,4000.167,3356.536,4214.25,4055.643,2943.846,3288.345,4102.64,3388.083,4728.35
10697.45,3521.042,4445.833,4272.72,5332.56,2978.928,2864.931,2858.03,3156.875,4261.143,4176,3991.75,3345.786,4235.417,4083.75,2947.346,3263.073,4129.6,3456.833,4699.55
10213.6,3482.125,4451.767,4225.84,5327,2972.072,2853.042,2856.417,3127.25,4256.357,4157.7,3989.708,3347.964,4214.75,4053.607,2939.423,3242.164,4115.28,3401.583,4516.55
9745.3,3443.917,4406.933,4149.08,5328.44,2962.357,2843.458,2857.22,3197.188,4208.75,4170.95,3992.583,3316.786,4171.583,4025.5,2924.942,3223.291,4090.2,3411.167,4423.1
9387.55,3419.875,4394.833,4094.6,5323.92,2928,2847.167,2859.523,3169.688,4220.786,4121.65,3955,3305.464,4134.708,4028,2922.731,3190.345,4046.2,3375.5,4329
9003.05,3396.75,4347.2,4034.92,5253.96,2916.286,2841.694,2850.833,3140.312,4197.143,4106,3942.792,3309.839,4109.625,3989.072,2890.923,3160.273,4061.48,3330.667,4254.45
8664.75,3357.708,4274.5,3941.84,5199.12,2896.572,2822.375,2845.803,3117,4113.321,4072.2,3915.625,3271.982,4084.083,3952.572,2876.154,3112.636,4039.92,3295.083,4148.7
8321.45,3311.917,4251.167,3892.16,5139.52,2882.107,2793.569,2829.402,3088.312,4065.822,4013.65,3908.333,3257.75,4005.958,3903.572,2861.327,3115.691,4030.92,3258,4057.55
7977.9,3236,4234.8,3785.68,5119.56,2854.072,2794.708,2833.894,3096.75,4036.607,4008.9,3832.333,3257.947,3983.667,3878.357,2850.442,3074.927,3972.36,3160,3971.95
7679,3212.875,4192.633,3760.36,5029.64,2848.393,2772.889,2818.758,3066.5,3983.714,4010.9,3832.833,3244.339,3936.708,3844.357,2831.096,3060.709,3952.36,3115,3890.9
7482.55,3179.833,4128.967,3723.64,4989.44,2845.607,2752.625,2817.826,3042.688,3936.072,3958.8,3795.292,3223.714,3913.375,3786.678,2819.461,3033.818,3924.44,3158.333,3817.05
7243.1,3177.292,4105.867,3672.76,4962.08,2841.893,2750.736,2797.523,3020.375,3876.107,3922,3767.917,3219.161,3881.625,3743,2805.269,3016.545,3873,3050.667,3770.3
6999.2,3154.417,4072.133,3641.44,4928.44,2810.572,2751.708,2787.811,3016.875,3904.428,3916.55,3763.458,3204.25,3828.708,3693.143,2795,2998.891,3861.48,3045.833,3704.45
6822.6,3122.333,4035.667,3597.76,4893.2,2801.607,2729.903,2785.72,2990.438,3834.607,3875,3718.667,3199.572,3797.875,3715.678,2783.577,2999.127,3825.72,2976,3637.25
6665.75,3093.375,4016.767,3558.4,4807.32,2791.572,2722.931,2782.356,2986.812,3823.036,3850.7,3693.375,3180.393,3745.208,3691.214,2781.058,2975.745,3800,2947.5,3631.3
7010.1,3102.25,3999.3,3568.4,4821.8,2777.393,2728.278,2774.568,2998.938,3749.643,3902.45,3680.625,3166.072,3746.667,3654.143,2767.596,2957.673,3785.6,2969.333,3650.85
8028.4,3121.167,4019.2,3565.2,4807.24,2763.857,2746.417,2776.955,2976.5,3788.643,3825.55,3702.333,3157.339,3746.333,3644.964,2762.827,2960.146,3778.44,2964.083,3744.8
8783.25,3124.583,4026.567,3591.64,4853,2801.607,2747.125,2772.439,2981.688,3766.714,3827.75,3671.542,3162.339,3704.458,3643.643,2774.654,2984.364,3802.96,2986.833,3918.3
9441.45,3165.042,4076.267,3643.32,4878.32,2814.678,2757.722,2771.614,2960.312,3774.464,3828.4,3679.708,3165.303,3719.042,3656.893,2797.961,2980.436,3797.44,2995.167,4079.75
9995.3,3226.792,4120.1,3713.76,4904.04,2821.714,2775.736,2773.644,2972.438,3809.857,3843.35,3675.083,3167.768,3753.458,3684.643,2810.846,3018.418,3843.8,3015.75,4259.2
10503.05,3277.5,4203.533,3898.88,4981.52,2858.322,2803,2794.417,3002.125,3877.5,3891.5,3720.417,3223.428,3820.167,3759.893,2847.673,3064.691,3847.88,3083.75,4422.35
10976.3,3349.292,4277,4010.6,5082.48,2881.178,2841.542,2798.674,3060.438,3993.678,3927.95,3745.75,3257.678,3936.708,3868.072,2900.615,3130.291,3929.08,3172.833,4655.6
11182.85,3439.208,4383.2,4084.32,5201.28,2931.464,2860.236,2820.008,3089.125,4082.643,4001.45,3829.167,3317.607,4079.958,3942.178,2923.442,3181.964,4018.12,3285.167,4882.35
11035.05,3468.208,4472.2,4118.08,5262.28,2945.428,2905.472,2842.008,3127.312,4150.357,4072.3,3858.333,3355.536,4154.25,3988.536,2949.673,3210.618,4077.36,3315.333,4918
10845.35,3469.75,4543.033,4124.24,5328.04,2955.786,2912.208,2849.735,3162,4200.571,4108.45,3901.333,3379.018,4195.458,4052.214,2955.904,3226.709,4136.44,3341.5,4935
10456.4,3470.75,4545.833,4138.96,5372.64,2973.393,2913.333,2859.083,3170.562,4204.964,4115.85,3893.292,3375.447,4198.542,4054.464,2973.981,3215.091,4160.4,3371.5,4885.9
10048.75,3465.667,4520.633,4078.2,5343.56,2978.214,2902.375,2860.636,3176.312,4262.714,4079.7,3910.25,3358.393,4197.833,4055.464,2941.404,3217.564,4120.12,3422.75,4776.15
9531.6,3421.75,4472.733,4034.6,5350.24,2945.643,2875.417,2860.977,3169.75,4244.75,4088.45,3931.875,3351.678,4146.667,4044.678,2929.846,3181.854,4126.92,3388,4632.35
9185.85,3387.042,4461.267,3959.92,5294.96,2939.286,2875.153,2852.818,3149.688,4191.25,4061.35,3947.792,3326.375,4141.333,4041.714,2910.827,3153.345,4086.6,3346.667,4555.5
8837.7,3366.417,4391.033,3923,5247.68,2929.143,2853.417,2843.78,3104.375,4183.679,4034.15,3907.25,3308.75,4098.292,3990.678,2885.365,3146.4,4020.08,3323,4471.75
8429.65,3324.708,4328.133,3833.36,5183.2,2910.857,2841.139,2845.402,3125.75,4133.929,3998.8,3887.583,3308.464,4065,3957.714,2878.635,3112.127,4001.24,3258.417,4350
8108.9,3271.375,4317.3,3803.44,5139.96,2869.786,2826.514,2831.379,3097.312,4075.786,3958.45,3868.542,3266.947,3997.375,3924.786,2870.808,3083.691,3930.4,3218.75,4267.75
7823.7,3246.292,4269.9,3728.2,5076.8,2863,2806.417,2813.682,3037.062,4048.393,3947.8,3823.792,3267.303,3939.542,3876.536,2847.846,3031.436,3939,3179.917,4155
7534.65,3196.25,4255.033,3685.96,5059.36,2855.322,2786.403,2815.523,3030.125,3981.464,3921.3,3806.958,3245.482,3941.958,3822.286,2823.865,3001.164,3928.28,3114.417,4058.45
7295.5,3161.708,4179.933,3608.32,4971.44,2825.714,2771.167,2806.288,3005.75,3940.928,3881.7,3771.667,3222.928,3892.125,3810.572,2812.404,3020.291,3911.52,3074.417,4006.45
7091.4,3159.458,4178.3,3588.64,4942.36,2825.143,2760.806,2799.091,2978.25,3893.464,3891.15,3724.542,3193.482,3869.958,3761.607,2805.942,2964.418,3859.8,3016.167,3950.25
6919.95,3134.625,4112.567,3536.96,4864.76,2800.928,2748.278,2792.598,2986,3899.464,3834.8,3729.333,3189.893,3794.25,3753.178,2794.269,2965.018,3800.92,3003.75,3858.2
6676.15,3137.25,4078.033,3506.68,4831.84,2791.5,2735.889,2775.189,2948.125,3846.143,3830.2,3686.875,3184.928,3776,3708.322,2793.077,2950.582,3825.76,2994.25,3787.6
6486,3083.917,4047.233,3488.36,4794.28,2777.107,2733.389,2780.939,2926.562,3797.357,3792.9,3665.208,3162.5,3781.792,3662.714,2778.711,2933.618,3797.56,2976.083,3748.8
6544.2,3096.542,4036.9,3457.52,4818.48,2754.857,2727.014,2771.288,2934.438,3776.25,3761.8,3658.042,3151.25,3729.042,3653.036,2765.75,2931.418,3773.2,2963.083,3718.7
7411.6,3118.167,4046.3,3465.36,4781.04,2779.786,2732.681,2765.068,2909.5,3793.893,3754.2,3663.917,3158.786,3698.125,3634.143,2775.865,2930.473,3750.96,2935.917,3781.9
8657,3184.5,4094,3558.8,4797.36,2807.072,2755.444,2773.053,2931.438,3802.178,3759.55,3666.25,3147.589,3707.625,3632.714,2770.789,2961.4,3770.84,2973.833,4013.2
9242.5,3242.5,4145.067,3629.32,4844.24,2838.25,2768.458,2784.848,2963.125,3804.714,3770.8,3666.042,3174.536,3739.667,3667.857,2788.039,2979.691,3813.64,3054.5,4209.9
9508.2,3294.667,4205.7,3688.96,4909,2847.322,2791.417,2790.508,2968.062,3881.393,3795.4,3654.625,3179.625,3754.458,3689.572,2801.942,3018.164,3823.76,3076.5,4346.45
9776.05,3381.5,4275,3796.48,4965.88,2851.964,2814.944,2800.447,2974.312,3886.643,3842.95,3704.375,3184.964,3802.75,3737.072,2826.75,3072.618,3879.36,3117.333,4447.5
10188.6,3459.667,4378.533,3946.24,5050.28,2892.607,2840.653,2808.508,3010.938,3983.714,3919.25,3740.75,3204.893,3857.375,3819.893,2847.615,3113.509,3927.04,3189.25,4654.3
10262.15,3499.083,4486.367,4056.24,5113.68,2917.714,2873.319,2821.303,3025.688,4031.822,3934.75,3782.75,3266.982,3943.667,3875.572,2901.135,3156.2,3970.4,3316.167,4740.85
10031.95,3524,4534.133,4089.72,5178.56,2911.643,2882.125,2833.477,3070.562,4054.678,3975.75,3774.958,3268.143,4005.875,3917,2939.923,3173.764,3985.8,3333.333,4757.5
9759.05,3490.125,4557.5,4102.64,5220.44,2919.357,2894.569,2835.303,3104.125,4101.929,3954.7,3843.625,3291.589,4074.458,3958.428,2942.423,3185.927,3995.08,3386.333,4737.2
9338.55,3478.958,4610.033,4086.36,5262.92,2914.143,2874.569,2832.568,3071.875,4092.072,3946.7,3843.708,3273.143,4110.5,3957.178,2941.539,3173.073,3980.24,3405.833,4679.9
8994.15,3489.375,4587.633,4081,5273.68,2946.643,2872.403,2844.03,3077.438,4139.536,3992.35,3894.917,3296.161,4093.792,3955.607,2954.269,3149.309,4000,3422.583,4588
8705.7,3478.958,4559.9,4009.04,5268.8,2945.072,2866.944,2838.061,3116.625,4106.393,3963.7,3879.542,3272.197,4067.125,3950.572,2938.961,3141.309,4017.04,3423.583,4506.55
8381.25,3400.292,4521.233,3927.88,5208.44,2916.143,2847.931,2829.871,3060.812,4076.75,3973.45,3873.292,3259.428,4035.25,3891.643,2889.654,3124.036,3992.32,3367.833,4402.8
7998.85,3358,4484.567,3883.56,5154.12,2881.536,2822.167,2835.061,3051.688,4050.107,3899.65,3815.792,3242.143,4030.167,3852.714,2899.211,3079.964,3918.32,3266.917,4301.3
7693.7,3359.792,4423.967,3818.56,5138.12,2866.607,2813.903,2822.97,3029.312,3990.5,3898.75,3816.208,3236.822,3952.917,3833.928,2868.327,3055.273,3896.8,3287.75,4189
7436.85,3274.417,4428.967,3763.28,5074,2860,2805.125,2812.523,3010,3956.072,3902.8,3771.25,3209.375,3916.708,3798.072,2861.25,3041.218,3860.44,3213.333,4133.25
7108.2,3249.875,4372.633,3702.32,5030.4,2833.5,2799.181,2810.606,2981.875,3917.714,3855.05,3788.375,3213.768,3901.125,3759.75,2841.154,3029.127,3849.08,3164.583,4049.05
6882.3,3207.292,4297.567,3691.28,4975.48,2822.643,2768.194,2812.735,2960.375,3865.928,3841.9,3729.458,3208.697,3876.25,3713.714,2811.269,2999.2,3812.04,3138.167,3963.45
6731.8,3198.458,4282.467,3636.56,4937.2,2805.072,2757.5,2804.765,2969.25,3836.964,3762.6,3744.875,3167.428,3827.583,3697.072,2815.173,2966.455,3779.2,3092.583,3861.7
6537.1,3174.667,4244.8,3596.88,4885.96,2776.107,2747.944,2793.583,2918.562,3804.286,3741.35,3683.292,3172.303,3780.708,3659.857,2814.673,2957.582,3742.52,3089.167,3808.05
6355.4,3146.583,4220,3568.28,4814.28,2767.5,2739.903,2784.379,2933.125,3772.964,3765.9,3671.292,3150.625,3726.792,3618.464,2794.173,2941.073,3731,3042.75,3771.45
6223.75,3088.792,4138.767,3509.04,4805.08,2781.464,2731.75,2773.674,2929.25,3759.464,3721.6,3621.25,3155.072,3688.958,3606.464,2785.904,2926.164,3695.28,2999.917,3709.8
6196.9,3085.75,4152.1,3493.64,4735.88,2753.75,2721.208,2775.394,2904.812,3735.286,3693,3614.25,3145.393,3692,3577.893,2770.577,2922.545,3688.96,2991.583,3645.5
6614,3083.208,4111.167,3481.12,4751,2761.786,2717.167,2772.985,2897.125,3703.286,3663.35,3633.417,3143.197,3671.917,3555.143,2762.385,2900.6,3685.48,2964.167,3675.25
7106.6,3093.042,4123.133,3486.48,4722.2,2766.286,2742.444,2770.242,2879.188,3702.072,3667.3,3593.75,3141.339,3651.625,3531.464,2767.942,2919.691,3681.72,2973.083,3707.7
7628.8,3089,4122.6,3444.56,4712.2,2774,2753.5,2769.439,2877.125,3702.286,3644.9,3611.583,3130.839,3648.5,3531.25,2779.885,2922.091,3689.36,2971.667,3821
8515.95,3128.167,4136.833,3535,4748.2,2789,2776.542,2771.273,2892,3704.214,3694.15,3571.042,3146,3673.458,3531.643,2760.039,2918.818,3655.08,2987.417,3982.05
9363.75,3219.833,4225.533,3654.48,4747.96,2800.928,2802.736,2782.75,2942.562,3723.393,3736.3,3614.75,3142.286,3704.25,3584,2806.096,2988.891,3711.56,3074.667,4171.55
9859.95,3326,4291.933,3798.28,4852.44,2842.036,2829.556,2799.205,2953.438,3762.536,3769.25,3661.708,3177.375,3751.792,3604.964,2843.077,3059.509,3676.96,3174.833,4321.7
10075.85,3371.333,4375.433,3889.12,4929.08,2864.214,2848.292,2810.788,2993.062,3829.143,3812.1,3673.458,3236.518,3817.917,3696.072,2850.211,3113.4,3773.8,3268.833,4479.9
10161.25,3403.833,4445.433,3995.08,5005.36,2860.428,2865.514,2819.53,2986,3924.572,3889.05,3737.917,3281.875,3890.583,3728.822,2899.539,3150.018,3839.12,3389.167,4690.15
10058.4,3461.25,4476.367,4072.68,5112.08,2887.678,2889.625,2826.265,3031.375,3979.893,3929.55,3774.167,3290.697,3948.5,3791,2948.731,3183.509,3886.72,3455.667,4711.35
9768.75,3469.708,4564.167,4098.16,5130.92,2902.786,2901.306,2837.977,3081.438,4013.178,3977,3792.375,3315.75,4021.292,3828.572,2937.154,3187.4,3901.36,3490.25,4667.35
9424,3435.583,4550.633,4045.2,5183.4,2918.464,2891.986,2838.326,3072.438,4008.464,3967.4,3796.375,3302.536,4026.167,3839.464,2943.942,3180.127,3928.12,3490.917,4628.85
9088.4,3429.833,4568.1,4046.96,5173.08,2901.428,2889.292,2843.485,3077.875,4025.214,3968.7,3824.583,3309.964,4058.083,3844.893,2935.654,3149.364,3886.76,3496.75,4568.75
8747.15,3377.042,4502.7,3968.76,5119.12,2889.036,2869.389,2842.621,3087.25,3993.428,3992.45,3799.625,3294.018,4032.792,3842.75,2919.654,3136.455,3863.76,3502.5,4461.75
8323.6,3354.75,4487.933,3949.68,5104.2,2894.893,2853.847,2836.856,3049.25,3943.714,3961.95,3819.875,3272.928,4002.625,3804.107,2903.019,3107.982,3861.96,3497.917,4329
7994,3310.292,4440.433,3874.68,5083.36,2857.786,2851.028,2833.894,3045.812,3912.893,3936.15,3802.458,3260.393,3976,3783.536,2888.423,3083.218,3822.8,3448.583,4227.4
7724.45,3266.125,4379.8,3830.28,4976.84,2846.893,2852.333,2826.265,2991.312,3899.428,3916.5,3795.458,3252.232,3934.875,3753.893,2860.192,3077.509,3795.76,3382.5,4182.65
7414.95,3241.833,4342.967,3759.52,4924.4,2846.822,2830.264,2821.652,2979.625,3836.464,3864.95,3787.417,3230,3889.875,3711.357,2850.154,3044.764,3772.32,3345.75,4096.9
7182.15,3204.542,4300.9,3727.88,4908.8,2819.393,2809.556,2812.977,2959.188,3803.786,3821.55,3759.167,3216.089,3821.208,3666.536,2827.923,3015.618,3742.76,3263.333,3970.65
6927.55,3183.167,4267.367,3694.6,4859,2792.214,2800.278,2803.227,2943.312,3783.714,3800.8,3737.292,3189.572,3815.458,3645.857,2823.558,3012.036,3731.44,3248.833,3895.45
6718.3,3160.875,4217.8,3619.64,4791.84,2795.643,2789.111,2801.78,2913.938,3753.393,3797.35,3679.625,3169.178,3752.833,3626.857,2795.885,2986.345,3719,3175.083,3825.9
6492.45,3116.667,4176.533,3596.28,4726.88,2771.714,2771.181,2788.303,2903.438,3712.75,3753.55,3653.75,3167.072,3744.875,3581.357,2798.923,2984.564,3714.4,3153.5,3811.45
6378.45,3086.833,4128.8,3536.44,4720.88,2764.143,2759.569,2778.97,2895.625,3673.714,3742.6,3677.875,3165.803,3702.333,3547.607,2784.635,2953.273,3685.04,3124.833,3721.7
6240,3092.5,4136.067,3523.8,4702.56,2757.536,2756.375,2775.364,2897.812,3661.714,3739.2,3649.875,3144.839,3684.833,3524.357,2769.615,2941.891,3685.08,3083.917,3630.6
6239.05,3091.708,4106.567,3475.56,4653.12,2741.643,2759,2774.439,2893.375,3652.5,3687.85,3607.792,3138.572,3657.292,3474.75,2783.135,2933.727,3662.28,3062.167,3605.7
6532.6,3063.417,4075.3,3462,4645.84,2745.322,2760.889,2775.523,2861,3650.536,3676,3604.208,3138.786,3612.542,3490.036,2762.192,2924.818,3660.56,3037.167,3641.05
7143.3,3067.667,4085.867,3467.28,4636.88,2762.822,2762.319,2772.864,2881.312,3623.572,3678.75,3624.125,3123.732,3592.208,3476.322,2742.327,2919.946,3642.72,3037.083,3713.2
7767.75,3074.708,4078.333,3504.44,4644.96,2780.357,2770.028,2774.129,2867.25,3616,3667.6,3591.083,3123.947,3607.375,3486.536,2776.327,2937.218,3646.84,3050.833,3809.35
8167.45,3147.75,4089.9,3556.08,4697.56,2778.357,2790.208,2772.326,2860.812,3640.607,3657.45,3600.292,3135.178,3604.625,3483.5,2775.692,2961.582,3624.44,3088.5,3917.4
8577.6,3196.542,4160.367,3626.16,4713.88,2778,2814.264,2770.364,2854.25,3683.607,3706.1,3593.333,3151.286,3625.833,3483.714,2800.942,2999.4,3651.56,3113.75,4025.1
8941.55,3258.417,4194.5,3721.96,4763.2,2799.893,2825.778,2779.985,2893.438,3695.822,3700.8,3659.25,3162.518,3661.833,3482.643,2818.154,3045.8,3669.12,3154.833,4240.9
9098.55,3305.042,4276.167,3809.16,4858.16,2813.322,2866.514,2801.523,2926.75,3791.107,3756,3685.583,3181.607,3709.083,3515.107,2874.75,3092.146,3707.6,3245.25,4346
9243.9,3335.75,4380.8,3905.68,4982.28,2830.286,2881.903,2816.182,2929.25,3841.393,3781.85,3703.625,3224.268,3809.167,3548.072,2908.211,3128.655,3765.4,3314.667,4459.3
9148.5,3353.75,4485.8,3940.76,5022.36,2867.036,2901.194,2818.689,2970.062,3878.572,3825.3,3739.292,3251.107,3837.917,3576.822,2916.346,3161.473,3792.16,3375.75,4495.8
9063.35,3399.875,4492.433,3994,5103.32,2875.5,2892.069,2837.402,2985.938,3914.607,3885.7,3789.417,3256.643,3839.542,3608.714,2944.096,3168.509,3852.52,3383.583,4529.95
8816.1,3388.917,4568.2,4015.36,5162.16,2860.25,2900.958,2840.227,3021.812,3934.714,3916.9,3811.042,3285.536,3858.25,3611.25,2942.346,3175.036,3871,3464.833,4556
8471.75,3369.125,4557.767,3981,5106.8,2879.214,2887.611,2845.508,3003.562,3972.107,3933.65,3776.708,3263,3820.958,3618.286,2921.039,3153.655,3860.28,3477.667,4464.1
8196.35,3326.667,4527.433,3899.76,5095.64,2877.178,2874.972,2833.03,2979.25,3922.357,3875.2,3789.375,3262.678,3788.042,3585.143,2916.481,3122.854,3840.96,3378.167,4382.1
7878.3,3313,4465.067,3850.24,5060.2,2848.536,2877.403,2829.348,2954.438,3900.357,3878.75,3796.792,3246.572,3781.625,3561.393,2888.769,3093,3816.48,3357.167,4287.4
7578.45,3291.792,4432.967,3803,5082.72,2843.857,2839.5,2827.106,2957.188,3888.357,3889.25,3780.958,3235.411,3742.583,3539.393,2883.327,3069.964,3782.88,3346.333,4207.7
7267.25,3231.417,4400.233,3759.2,4995.84,2821.464,2830.417,2827.023,2952.625,3831.143,3836.8,3793.792,3220.072,3702.125,3543.928,2858.827,3041.727,3791.64,3308.5,4148.5
7091.7,3174.333,4339.067,3711.36,4927.12,2798,2825.597,2811.273,2932.25,3782.5,3800.4,3760.792,3197.303,3659.125,3507.5,2848.25,3015.927,3742.96,3220.833,4053.85
6772.65,3156.875,4295.167,3685.52,4886.64,2795.072,2806.944,2804.992,2935.125,3755.393,3796.2,3737.75,3190.072,3617.958,3509.393,2827.289,3005.382,3705.64,3185.917,4011.6
6556.35,3131.708,4266.667,3598.64,4825.04,2764.5,2797.264,2793.326,2918.312,3731.286,3753.3,3723.375,3176.072,3590.667,3496.143,2814.192,2984.891,3674.16,3146.917,3921.7
6423.55,3100.5,4207.833,3592.92,4794.2,2773.357,2781.889,2787.871,2862.375,3672.964,3734.9,3686.708,3171.303,3569,3465.036,2799.365,2973.073,3661.2,3094.417,3856.4
6258.3,3071.958,4170.1,3536.24,4755.52,2765.893,2763.389,2779.477,2847.125,3635.643,3757.2,3666.667,3143.982,3543.917,3454.072,2789.942,2943.909,3654.48,3062.083,3785.55
6120.85,3075.042,4139.2,3508,4716.44,2742,2760.472,2774.295,2893.812,3597.107,3683.5,3648.375,3143.982,3497,3448.536,2791.577,2926.509,3626.28,3018,3727.2
5975.5,3050,4098.967,3498.68,4671.96,2740.25,2751.208,2769.811,2852.625,3601.072,3661.05,3618.208,3131.75,3475.208,3422.357,2762.039,2929.782,3598.6,2989.833,3697.1
5809,3060.958,4094.2,3468.48,4645.24,2757.464,2744.722,2768.508,2828,3573.964,3687.45,3589.458,3124.697,3449.875,3416.107,2751.135,2903.382,3584.72,2987.167,3658.1
5790.7,3029.583,4064.8,3428.48,4588.28,2744.286,2741.125,2761.409,2830.375,3580.25,3653.1,3581.792,3110.875,3435.125,3383.143,2761.904,2899.582,3573.2,2937.5,3601.9
6263.55,3023.708,4054.133,3432.36,4645.12,2745.75,2748.931,2762.008,2811.688,3551.822,3639.7,3542.083,3117.161,3430.083,3382.893,2748.923,2894.891,3580.88,2920.75,3666.45
7120.35,3079.292,4088.7,3493.68,4652.04,2760.393,2759.458,2760.318,2833.625,3561.107,3645.15,3563.542,3117.732,3430.417,3401.143,2758.192,2905.745,3553.8,2923.833,3791.8
7839.6,3115,4133.233,3582.88,4684.6,2772.678,2792.056,2773.545,2839.688,3578.428,3645.75,3595.375,3136,3449.375,3440.393,2772.154,2927.091,3592.24,2926.667,4009.4
8159.75,3161.958,4185.867,3655.16,4757.36,2783.107,2823.097,2779.023,2839.25,3593,3671.05,3580.083,3137.072,3456.125,3467.786,2762.058,2945.727,3591.28,2940.333,4179.5
8388.25,3246.917,4281.1,3713.6,4818.32,2784.322,2830.903,2790.833,2842.625,3608.786,3702.45,3601.958,3163.428,3493.125,3490.357,2787.173,2978.436,3685.52,2985.667,4303.55
8635.8,3311.75,4343.7,3834.88,4873.92,2804.786,2867.486,2792.629,2897,3653.107,3744.85,3682.167,3202.964,3536.875,3527.786,2795.769,3038.073,3708.64,3057.583,4427.85
8786.45,3374.292,4391.733,3933.36,4975.12,2817.143,2896.806,2816.121,2914.25,3701.822,3797,3684.292,3219.286,3622,3572.464,2823.539,3071.745,3749.08,3078.083,4488.7
8739.9,3378.042,4477.833,3931.12,5021.56,2832.536,2920.403,2820.848,2945,3728.322,3829.8,3682.083,3225.786,3660.542,3597.214,2846.154,3099.636,3788.28,3117,4550.2
8547.15,3428.625,4519.8,3977.96,5084.84,2838.893,2915.5,2828.356,2960.188,3790.964,3838.4,3725.458,3273.214,3694.125,3664.036,2897.154,3099.509,3820.84,3176.667,4505.95
8285.05,3393.875,4563.1,3999.68,5113.56,2854.822,2916.514,2833.061,2963.375,3792.322,3882.9,3735.75,3270.607,3709.375,3668.286,2884.808,3101.727,3838.44,3186.75,4527.75
8090.35,3359.083,4561.9,3937.04,5132.12,2841.107,2922.681,2833.576,2999.062,3783.572,3892.9,3755.375,3282.464,3696,3694.928,2879.231,3093.927,3808.4,3209.667,4453.4
7748.8,3330.667,4525.767,3940.76,5120.64,2839.25,2904.972,2830.538,2970.312,3791.428,3868.3,3743.917,3250.625,3671.958,3670.214,2877.058,3079.4,3819.8,3213.417,4317.75
7455.85,3298.417,4465.133,3872.52,5053,2840.857,2887.847,2825.538,2976.562,3766.428,3829.45,3742.667,3241.357,3668.333,3650.464,2847.423,3040.655,3771.72,3158.333,4220.05
7219.75,3296.458,4441.633,3849.28,5039.72,2814.857,2885.847,2824.045,2957.75,3732.25,3814.85,3736.292,3226.589,3653.292,3626.822,2844.423,3036.036,3771.8,3141.417,4165.5
6968.45,3275.417,4385.233,3773.6,4994,2798.536,2850.75,2813.727,2888.062,3701.786,3781.35,3716.708,3201.25,3619.125,3569.893,2823.404,3022.091,3757.28,3138.75,4015.3
6749.3,3226.208,4361.367,3696.36,4959.48,2787.25,2839.889,2803,2916.438,3687,3742.05,3718,3193.25,3576.042,3552.107,2829.865,2978.891,3728.24,3050.5,3955.1
6560.85,3171.833,4314.3,3653.28,4866.4,2772.107,2821.778,2801.28,2891,3638.036,3720.15,3686.583,3182.339,3553.042,3537.893,2801.481,2970.527,3672.04,3008.167,3913.65
6351.4,3142.667,4294.133,3626.96,4844.36,2755.428,2801.736,2793.053,2877.25,3620.178,3716.3,3663,3180.125,3505.875,3509.322,2780.789,2957.255,3634.52,2986.083,3842.65
6151.8,3130.208,4245.767,3543.68,4774.8,2756.286,2804.431,2782.5,2844.75,3570.072,3694.85,3652.75,3158.214,3538.042,3450.536,2772.442,2951.418,3645.32,2966.583,3742.45
6024.95,3091.792,4184.1,3557.04,4773.56,2746.893,2775.25,2787.045,2845.812,3565.893,3637.15,3626.667,3145.839,3483.167,3453.572,2771.096,2929.327,3646.84,2923.25,3728.05
5869.9,3093.667,4164.467,3497.48,4699.24,2723.036,2751.139,2787.053,2834.375,3507.822,3646.35,3597.542,3138.447,3477.542,3411.822,2756,2911.182,3587.64,2895.25,3663.75
5732.2,3063.792,4099.767,3467.88,4720,2729.5,2754.292,2767,2821.625,3522.143,3606.05,3585.458,3124.393,3440.5,3397.607,2752.789,2905.473,3557.92,2929.667,3593.45
5813.45,3074,4105.867,3424.28,4662.08,2733.143,2750.708,2764.53,2819.125,3483.786,3629.1,3563.667,3124.214,3423.417,3369.928,2755.039,2889.727,3557.6,2871.5,3576.9
6092.6,3064.958,4103.5,3455.56,4611.2,2717.643,2753.306,2751.909,2839.938,3474.464,3605,3564.792,3117.036,3437.333,3368.572,2743.923,2896.891,3564.56,2861.25,3558.5
6499.8,3070.417,4073.367,3395.68,4645.08,2725.572,2751.028,2745.318,2822.938,3454.072,3587.95,3558.958,3096.107,3386.5,3367.25,2742.942,2892.982,3573.64,2857.667,3557
6976.95,3083.833,4080.333,3408.84,4630.48,2748.107,2760.722,2753.659,2835.25,3449.286,3574.45,3542.458,3096.75,3403.167,3345.536,2731.308,2876.618,3549.92,2848.417,3549.6
7756.25,3116.667,4114,3440.76,4687.24,2732.428,2758.403,2769.591,2818.125,3434.5,3607,3566.708,3099.447,3411.792,3357.464,2728.115,2888.545,3542.36,2876.667,3684.4
8470.55,3188.25,4183.167,3528.08,4711.68,2760.786,2788.222,2766.924,2850.312,3437.178,3617.4,3577.375,3116.714,3422.083,3368.286,2723.096,2929.418,3600.36,2872.833,3754.35
9020.1,3270.25,4244.333,3689.96,4787.96,2767.786,2797.583,2787.576,2879.938,3463.75,3647.95,3602.583,3132.661,3455.5,3399.786,2743.346,2974.964,3627.08,2942.417,3875.35
9304.3,3346.667,4337,3772.92,4908.4,2796.678,2816.292,2808.902,2910,3486.036,3656.45,3633.125,3168.393,3457.625,3455.893,2758.173,3034.618,3683.56,2994.917,3958.75
9269.15,3390.583,4427.133,3878.28,4931.32,2824.572,2817.236,2819.629,2874.375,3515.178,3704.1,3670.708,3201.125,3459.083,3552.714,2791.346,3071.673,3755.96,3031.667,4034
9193.35,3412.542,4537.4,3958.88,5043.12,2836.322,2829.917,2834.235,2906.75,3526.714,3780.35,3682.292,3240.75,3473.167,3607.5,2796.519,3100.673,3802.16,3110.25,3997.05
8960.85,3424.917,4564.033,3946.2,5089.24,2867.322,2821.778,2834.992,2931,3539.714,3796.05,3735.958,3235.678,3486.375,3633.322,2799.539,3102.982,3821.72,3158.75,3974.9
8638.6,3394.958,4569.467,3932,5088.28,2832.643,2823.458,2847.114,2943,3530.607,3831.2,3716.375,3225.232,3471.458,3619.357,2785.923,3077.018,3798.88,3109.833,3913.7
8291.15,3400.333,4563.867,3895.4,5094.32,2833.143,2807.542,2839.159,2960.438,3547.857,3806.6,3721.417,3209.553,3461.25,3648.75,2789.711,3078.964,3811.4,3115.25,3879.85
8046.5,3360.417,4588.133,3816.76,5077.16,2836.357,2781.458,2841.871,2954.438,3514.072,3781,3739,3212,3484.417,3655.107,2766.846,3066.854,3760.64,3136.333,3806.75
7781.8,3316.125,4544.867,3804.2,5053.24,2840.464,2792.625,2838.159,2941.312,3491.536,3770.7,3717.583,3202.893,3443.583,3638.678,2773.673,3051.982,3750.68,3075.25,3744.4
7417,3309,4484.8,3750.44,5016.44,2810.822,2769.778,2845.621,2897.688,3491,3752.65,3702.292,3195.286,3454.458,3596.5,2743.404,3046.655,3747.2,3068.833,3671.75
7131.6,3258.875,4438.4,3668.04,5031.84,2797.786,2753.25,2831.742,2921,3470.286,3764,3676.708,3170.482,3430.042,3591.786,2744.654,2996.854,3688.12,3029.667,3612.15
6911.7,3216.417,4371.833,3652.32,4953.04,2792.107,2734.944,2815.955,2864.938,3427.107,3726.8,3676.25,3180.322,3400.708,3541.322,2724.519,2986.909,3675.6,3001.333,3560.85
6676.4,3185.375,4347.4,3598.64,4912.64,2801.893,2740.681,2813.477,2879,3417.393,3696.3,3654.542,3168.607,3378.542,3525.428,2714.904,2964.564,3666.24,2963.167,3544.4
6406.15,3169.042,4306.233,3560.12,4900.84,2759.178,2733.556,2805.182,2859.75,3410.036,3653.4,3642.875,3144.214,3345.167,3484.178,2713.442,2948.327,3629.88,2943.417,3467.6
6237.9,3140.083,4243.9,3521.68,4816.64,2766.428,2708.139,2801.326,2834.625,3400.178,3660.35,3644.292,3135.411,3345.667,3478.928,2708.904,2935.782,3646.8,2894.167,3423.9
6089.35,3088.5,4216.033,3482.24,4792.52,2755.25,2712.361,2794.455,2816.625,3387.072,3623.15,3593.375,3121.572,3334.042,3448.143,2689.019,2925.436,3578.72,2872.5,3368.45
5938.75,3085.125,4145.967,3473.44,4759.16,2726.286,2698.583,2795.318,2832.812,3345.464,3614.65,3571.125,3111,3283,3441.428,2684.269,2906.018,3573.88,2848,3362.25
5807.25,3069.5,4144.1,3443.44,4714.96,2725.428,2691.556,2790.144,2787.625,3346.822,3562.45,3576.375,3123.786,3281.417,3433.928,2686.539,2900.054,3545.68,2848.75,3302.75
5756.05,3058.667,4106.033,3386.84,4671.8,2719.643,2688.056,2780.061,2803,3316.572,3569.45,3548.875,3099.143,3289.917,3417.964,2661.308,2887.273,3528.44,2824.5,3270.9
5921,3027.292,4096.967,3404.6,4660.52,2711.143,2687.819,2783.841,2760.375,3296.572,3600.65,3541.958,3101.161,3251.917,3400.822,2680.654,2887.018,3551.36,2849.75,3274.2
6597.8,3026.542,4087.867,3371.48,4621.04,2715.822,2701.847,2777.977,2786.562,3298.678,3555.85,3503.917,3083.5,3263.333,3418.428,2661.808,2880.745,3522.64,2839.667,3271.25
7389.8,3040.333,4125.533,3405.44,4644.72,2731.322,2695.111,2773.909,2751.625,3283.607,3565.35,3539.083,3089.393,3264.5,3412.607,2674.327,2878.673,3545.8,2808.333,3305.3
7963.9,3053.875,4135.467,3437.4,4643.56,2744.643,2693.944,2778.303,2798.688,3307.107,3555.5,3538.375,3096.536,3262.958,3437.143,2677.731,2892.382,3548.04,2806.417,3380.35
8436.35,3062.333,4168.267,3515.2,4655,2727.714,2708.667,2790.947,2841.875,3303.464,3559.45,3539,3094.803,3272.583,3454.143,2678.846,2913.382,3589.6,2847.75,3457.1
8899.85,3117,4223.9,3590.92,4657.64,2755.75,2736.819,2801.697,2870.688,3345.464,3620.85,3583.625,3136.572,3314.792,3511.143,2701.75,2981.727,3621.08,2935.417,3575.7
9272.65,3196.917,4315.5,3708.16,4709,2761.75,2748.139,2811.621,2906.438,3407.893,3639.3,3628.792,3160.197,3362.417,3576.822,2716.096,3027.127,3673.44,2957.917,3702.55
9371.6,3248.583,4383.167,3766,4767.32,2788.536,2787.361,2826.97,2911.125,3444.107,3682.45,3660.208,3190.482,3376.625,3616.536,2738.25,3038.2,3697,3009.083,3761.6
9176.6,3245.958,4408.367,3772.76,4820.36,2802.357,2791.431,2829.379,2908.625,3447.572,3712.35,3718.917,3214.661,3421.417,3679.072,2759.808,3055.691,3744.4,3079.167,3808.6
9040.8,3243.875,4440.067,3776.2,4821.88,2807.857,2785.819,2833.114,2941.375,3492.25,3764.85,3716.875,3210.518,3458.125,3722.822,2784.308,3055.127,3766.16,3116.667,3791.2
8840.85,3289.167,4499.433,3766.36,4792.76,2794.428,2793.875,2844.735,2914.438,3461.857,3768.55,3739.292,3224.178,3480.75,3743.857,2787.461,3075.073,3775.92,3117.667,3780.1
8595.45,3270.833,4525.433,3720.36,4750.84,2804.178,2790.847,2855.205,2956.125,3490.714,3744.4,3750,3209.572,3487.125,3764.286,2774.327,3048.327,3805.52,3145.583,3750.05
8282.85,3245,4503.1,3690.64,4740.36,2790.607,2775.778,2848.727,2961.938,3473.036,3742.6,3705.292,3196.018,3498.292,3716.036,2760.039,3038.964,3792.48,3168.417,3717.2
7890.2,3196.458,4440.767,3645.44,4728.32,2781.822,2778.556,2848.303,2932,3442.643,3694.65,3715.792,3187.678,3433.542,3715.857,2743.808,3001.764,3744.08,3141.667,3618.1
7595.95,3187.625,4430.567,3598.72,4709.08,2755.072,2757.139,2840.28,2870.125,3445.643,3691.7,3691.208,3183.018,3444.458,3673.214,2744.039,2972.836,3740.56,3104.5,3586.1
7316.5,3170.083,4394.4,3550.44,4651,2767.036,2755.625,2824,2872.5,3410.464,3675.9,3681.75,3176.911,3424.833,3659.928,2737.673,2937.455,3697.4,3090,3524.35
7035.85,3143.958,4364.9,3528.8,4636.56,2761.786,2740.222,2827.311,2864.25,3392.072,3649.4,3654.792,3161.214,3425.583,3618.178,2722.654,2934.255,3665.64,3025.5,3474.6
6848.45,3089.125,4326.267,3493.56,4557.6,2737.072,2734.069,2814.568,2875.375,3357.928,3624.5,3623.75,3143.857,3383.417,3587.786,2717.961,2925.764,3678.6,3017.417,3432.15
6650.05,3104.125,4258.933,3427.96,4565.92,2729.643,2729.528,2818.697,2851.562,3365.464,3606.9,3620.333,3128.107,3374.833,3526.357,2707.461,2915.655,3635.6,2980.667,3414
6421.4,3045.708,4237.7,3407.24,4527.12,2721.678,2722.931,2811.152,2851.25,3338.036,3593.8,3605.833,3129.964,3353.917,3529.107,2689.808,2887.236,3618.96,2961.417,3361.25
6245.55,3025.917,4180,3382.96,4476.04,2709.643,2694.333,2796.992,2801.562,3289.607,3550.2,3586.125,3122.607,3333.5,3515.75,2680.365,2867.873,3600.8,2921.833,3290.4
6134.35,3037,4183.667,3356.84,4443,2707.572,2687.472,2796.598,2826.562,3304.857,3543.55,3535.083,3107.607,3307.792,3483.357,2675.096,2849.6,3577.72,2888.333,3312.25
6005.9,3014.833,4131.167,3327.6,4421.28,2698.072,2692.153,2794.788,2786.25,3282.5,3543.35,3504.917,3087.732,3287.875,3463.428,2653.711,2850.982,3565.16,2881.833,3272.75
5917.65,2994.917,4134.733,3311.48,4391.6,2685.357,2679.181,2781.462,2777.312,3257.464,3544,3487.458,3078.25,3279.333,3452.822,2652.981,2845.818,3519.92,2859.667,3236.85
5919.85,2986.958,4078.167,3315.64,4357.96,2673.286,2682.597,2774.492,2760.812,3237.036,3528.45,3506.208,3080.607,3269.083,3391.143,2644.519,2835.036,3554.56,2841,3195.6
6365.35,2994.458,4082.4,3302.16,4347.84,2682.464,2685.819,2768.061,2782.188,3266.357,3513.95,3511.25,3074.053,3272.833,3420.464,2656.731,2849.964,3558.04,2840,3221.6
7196.95,2988.583,4082.9,3303.16,4335.08,2695.678,2682.861,2785.379,2777.875,3244.036,3519.6,3472.292,3074.75,3260.667,3434.178,2654.577,2823.964,3521.12,2840.333,3308.8
7992.85,3040.667,4101.9,3339.6,4324.92,2712.322,2707.028,2795.227,2793.938,3245.464,3537.65,3501.542,3099.875,3285.792,3445.25,2663.885,2836.491,3538.32,2867.333,3453.6
8630.3,3106.292,4162.133,3439.52,4313,2712.857,2708.833,2801.985,2824.875,3282.286,3537.45,3457.5,3101.482,3292.208,3458.464,2677.019,2841.527,3573.76,2917.417,3559.1
9086.75,3140.833,4208.8,3482.2,4345.2,2729.964,2727.028,2812.167,2848.125,3329.607,3562.55,3534.208,3130.411,3342.833,3511.072,2695.577,2855.291,3613.68,2987.667,3672.75
9309.3,3178.583,4274.067,3577.4,4397.36,2764.178,2733.903,2814.174,2850.5,3357.786,3579.4,3569.208,3162.447,3353.708,3583.643,2720.019,2868.618,3639.64,3096.5,3776.25
9390,3240.333,4373.733,3704.04,4438.84,2774.857,2755.639,2811.417,2907.438,3401.928,3644.3,3584.625,3187.375,3449.75,3604.928,2766.577,2912.836,3699.88,3158.75,3899.1
9485.2,3275.333,4399.667,3712.32,4464.84,2792.393,2763.681,2830.417,2883.375,3457.786,3700.7,3621.583,3226.393,3467.333,3651.928,2802.827,2944.927,3715.24,3228,3982.05
9239.4,3267.833,4474.2,3733.48,4475.16,2785.75,2766.972,2842.765,2935.5,3496.357,3721.85,3612.125,3196.322,3494.167,3701.928,2810.019,2937.709,3745.88,3217.167,4035.05
8990.55,3249.125,4479.1,3719.68,4475.16,2796.143,2763.083,2838.311,2907.062,3494.357,3754.5,3629,3200.875,3477.708,3706.75,2810.673,2941.709,3732.12,3232.083,4047.2
8674.55,3268.333,4498.133,3692.36,4479.44,2768.25,2767.847,2837.424,2920.938,3513.928,3763.55,3657.958,3214.428,3492.542,3703.143,2801.019,2918.836,3734.8,3203.833,3977.8
8270.35,3219.875,4467.7,3662.04,4429.44,2762.143,2755.194,2842.652,2943.812,3508.678,3744.85,3637.583,3210.197,3483.542,3683.428,2787.654,2912.527,3715.52,3207.5,3902.9
7984.05,3214.958,4462.7,3606.72,4431.64,2779.822,2753.153,2827.167,2914.75,3490.143,3756.25,3637.542,3198.714,3458.667,3655.25,2777.539,2904.2,3709.96,3167.833,3853.5
7677.65,3166.542,4447.5,3599.6,4380.24,2777.536,2737.472,2828.591,2884.938,3463,3703.45,3620.625,3185.268,3440.5,3629.822,2768,2897.491,3659.16,3120.833,3797.95
7400.05,3169,4424.567,3538.92,4343.76,2750.714,2720.833,2828.576,2875.688,3482.072,3699.7,3605.708,3177.428,3427.583,3612.25,2732.673,2878.146,3670.32,3095.5,3737.3
7136.15,3111.667,4385.733,3487.4,4355.84,2731.678,2718.583,2818.977,2847.812,3453.322,3670.05,3597.5,3155.464,3431,3563.322,2718.558,2864.218,3641.6,3027.167,3659.55
6939.3,3066.5,4362.4,3475,4323.52,2717.107,2701.167,2813.598,2868.688,3425,3640.95,3577.25,3131.053,3376,3512.428,2714.096,2849.564,3612.92,2995.25,3601.35
6687.2,3089.833,4333.767,3435.88,4280.76,2707.428,2692.611,2796.091,2834.875,3386.143,3617.85,3549.542,3138.768,3370.458,3496.428,2708.846,2832.636,3600.92,2991.75,3531.1
6498.15,3051.333,4272.8,3387.2,4266.92,2690.464,2680.778,2798.023,2834.562,3368.5,3585.9,3515.75,3140.928,3340.958,3448.178,2701.981,2825.909,3550.52,2971.5,3477.35
6299.3,3042.25,4251,3366.08,4217.76,2690.786,2674.028,2778.326,2807.875,3359.678,3569.5,3509.625,3112,3324.875,3421.036,2689.5,2814.982,3510,2946.083,3465.3
6096.5,3008.458,4224.567,3359.4,4196.92,2678.428,2664.417,2781.652,2789.625,3333.822,3560.75,3483.958,3111.947,3286.083,3387.178,2679.308,2808.255,3527.68,2906.583,3405.55
5981.35,2984.625,4221.533,3318.72,4218.96,2669.893,2659.431,2773.553,2785.062,3302.107,3564.6,3472.75,3101.875,3297.625,3398,2657.231,2803.4,3507.08,2873.667,3381.8
5973.5,2989.75,4160.367,3289.36,4153.56,2679.357,2656.708,2775.47,2771.688,3276.928,3523.65,3467.417,3083.607,3248.083,3381.786,2666.231,2789.018,3495.56,2875.75,3356.5
6127.85,2993.208,4127.833,3291.96,4167.8,2678.857,2658.625,2769.523,2767.25,3301.072,3521.8,3462.25,3090.768,3241.917,3356.857,2661.808,2805.927,3470.28,2855.333,3389.95
6699.65,2964.792,4104.6,3281.64,4136.16,2670.964,2667.069,2764.356,2777.188,3284.928,3540.35,3465.583,3086.661,3274.667,3376.5,2663.346,2784.255,3499.68,2867.5,3408.45
7438.05,2980.333,4133.733,3337.24,4121.48,2688.357,2674.625,2771.811,2773.375,3292.322,3522.2,3471.875,3088.268,3259.875,3371.928,2662.461,2807.164,3464.68,2874.167,3528.35
8240.6,3008.917,4167.133,3395.12,4134.52,2687.178,2696.625,2775.197,2791.688,3289.428,3541.5,3457.708,3103.053,3270.333,3393.107,2670.942,2813.455,3495.44,2941.083,3645.75
8831.4,3030.208,4192.4,3467.56,4118.2,2704.036,2696.125,2782.97,2815.75,3305.393,3527.35,3482.208,3094.357,3264.375,3434.357,2673.442,2839.673,3534.36,2997.417,3789.45
9072.55,3057.542,4251.667,3513.32,4164.16,2733.786,2721.722,2788.833,2839.625,3340.572,3580,3513.417,3106.214,3306.5,3470.964,2699.327,2892,3516.84,3013.917,3899.6
9363.7,3115.875,4275.933,3591.04,4220.32,2753.893,2748.014,2798.25,2886.875,3348.072,3595.45,3521.25,3139.303,3348.708,3510.572,2713.327,2928.854,3609.08,3178.5,4027.1
9542.95,3174.042,4352.9,3685.88,4283.88,2752.214,2762.458,2801.212,2902.812,3418.786,3605.55,3530.042,3152.143,3389.708,3570.857,2740.192,2959.582,3643.24,3208.833,4136.3
9660.25,3195.375,4398.8,3720.52,4299.56,2770.143,2768.681,2804.795,2950.375,3473.786,3651.4,3625.625,3187.5,3425.375,3681.072,2766.904,2988.946,3686.08,3328.25,4249.6
9658.25,3220.667,4424.533,3782.56,4311.88,2788.786,2795.722,2822.083,2950.562,3504.072,3705.9,3670.083,3198.053,3467.083,3684.322,2771.269,3010.418,3756.52,3411.833,4258.35
9366.3,3204.292,4421.133,3789.2,4354.52,2784.75,2781.458,2825.106,2984.375,3545.143,3668.2,3695.083,3197.143,3461,3720.036,2761.846,3014.073,3717.32,3403.333,4273.85
9058.8,3199.125,4427,3757.68,4347.52,2780.536,2780.639,2815.386,2918.75,3523.678,3714.9,3678.333,3197.036,3480.583,3742.786,2762.385,2984.836,3718.76,3393.083,4264.05
8602.4,3169.417,4381.733,3727.88,4310.32,2778.928,2765.236,2824.227,2929.25,3517.714,3675.6,3680.333,3188.607,3433.542,3730.857,2739.5,2964.545,3745.84,3349,4092.55
8287.7,3139.792,4367.933,3662.72,4309.8,2774.643,2764.306,2812.28,2921,3485,3648.9,3660.5,3199.143,3403.833,3711.536,2726.442,2939.8,3676.8,3348.167,4040.35
7938.9,3102,4361.933,3606.4,4271.24,2768.822,2742.292,2802.098,2907.938,3481.678,3650,3670.542,3167.072,3402.583,3675.893,2724.769,2937.091,3674.12,3288.083,3936.9
7690.85,3081.25,4274.933,3580.88,4279.4,2733.143,2739.486,2800.182,2885,3470.107,3618.05,3675.417,3164.125,3381.708,3626.357,2728.365,2906.964,3647.2,3235.5,3913.4
7377.2,3054.125,4230.133,3540.56,4224.6,2727.893,2727.611,2795.424,2887.812,3419.643,3598.9,3649.583,3163.589,3346.208,3601.678,2716.019,2907.854,3607.96,3196.25,3798.05
7135.8,3058.125,4198.667,3497.52,4194.48,2741.607,2723.097,2791.348,2880.875,3406.893,3564,3621.417,3140.375,3337.125,3544.214,2696.404,2880.218,3566.68,3171.167,3754.45
6897.45,3023.333,4170.433,3462.28,4177.64,2732.928,2703.708,2780.955,2856.562,3387.25,3539.25,3619.083,3133.232,3317,3499.143,2701.211,2871.073,3571.52,3103.833,3684.35
6723.2,2999.958,4077.933,3410.2,4151.2,2712.857,2691.111,2770.106,2837.125,3374.428,3536.6,3580.917,3130.607,3313.625,3507.393,2679.961,2869.054,3522.12,3072,3682.15
6548.4,2999.958,4067.5,3399.16,4141.72,2716.036,2683.556,2769.265,2848.375,3348.536,3518.8,3558.208,3132.268,3276.625,3478.143,2676.346,2859.182,3530.08,3063,3584.75
6384.8,2966.167,4061.767,3379.64,4087.12,2699.464,2683.472,2760.508,2790.125,3343.393,3523.05,3575.292,3097.5,3262.167,3460.322,2665.577,2848.527,3480.68,3017.167,3555.85
6214.65,2954.583,4034.567,3345.2,4086.2,2680.357,2669.944,2756.962,2800.75,3330.822,3454.4,3522.958,3093.678,3249.042,3429.143,2666.077,2837.418,3484.08,2977.5,3495.65
6217.8,2945.417,3985.367,3334.48,4073.52,2673.536,2667.764,2756.333,2778.188,3306.357,3463.9,3508.083,3087.411,3233.333,3387,2663.25,2814.4,3447.4,2963.833,3462.05
6413.9,2942.333,3988.933,3319.96,4083.28,2681.072,2650.569,2749.568,2807.438,3309.857,3470.35,3480.417,3090.768,3235.458,3402.75,2657.981,2832.618,3468.28,2927.667,3479.8
6696.05,2945.25,3983.333,3287.8,4077.28,2682.178,2666.361,2742.205,2779.875,3293.393,3461.2,3483.25,3089.089,3225.125,3391.322,2647.885,2819.236,3460.44,2949.167,3517.85
7220.5,2939.917,3996.167,3302.04,4115.76,2684.25,2657.847,2742.205,2779,3292.857,3444.05,3501.833,3080.661,3245.208,3403.964,2666.442,2837.909,3445.84,2934.25,3543.85
7945,2971.583,4017.3,3360.68,4089.04,2700.357,2685.986,2747.152,2786.875,3303.286,3484.65,3521.625,3084.357,3268.333,3407.464,2667.269,2846.291,3503.56,2963.667,3656.1
8363.1,3007.208,4082.233,3419.4,4132.28,2707.214,2693.75,2747.212,2794.062,3312.964,3508.4,3521.667,3093.268,3256.542,3411.428,2671.846,2878.854,3531.32,3022.167,3729.6
8643.65,3053.083,4108.933,3479.92,4157.04,2726.143,2716.069,2759.061,2870.438,3328.322,3496.15,3527.458,3124.428,3318.458,3461,2689.923,2910.6,3569.76,3113.583,3850.5
8842,3124.25,4188.667,3593.24,4234.44,2716.786,2737.875,2768.689,2897.938,3369.822,3502.35,3580.833,3154.947,3366.583,3521.393,2707.885,2940.2,3563.52,3138.583,3973.65
9008.9,3121.875,4246.567,3621.88,4230.04,2740.428,2742.347,2772.386,2893.812,3419.786,3550.05,3576.667,3189.5,3395.667,3526.072,2728.231,2962.891,3594.48,3191.333,4004.65
9016.85,3140.083,4269.233,3655.08,4290.84,2736.536,2756.181,2786.848,2930.062,3485.822,3597.25,3606.042,3204.268,3424.917,3570.036,2745.365,2977.982,3641.16,3282.667,4021.65
8948.3,3109.625,4259.067,3689.84,4277.96,2755.072,2755.028,2790.871,2928.312,3480.536,3589.3,3599.292,3197.161,3471.667,3624.714,2759.596,2979.073,3686.16,3321.75,4082.75
8790.8,3154.417,4279.6,3735.6,4340.52,2756.107,2769.528,2794,2898.812,3542.893,3608.9,3637.125,3218.107,3507.833,3665.428,2767.461,2974.764,3691.64,3318.417,4075
8473.85,3160.25,4279.3,3699.24,4332.68,2776.893,2745.583,2784.773,2915.312,3533.214,3616.35,3620,3213.625,3476.333,3654.536,2754.731,2972.909,3655.48,3326.333,3997.35
8220.5,3151.75,4270.267,3620.52,4304.68,2746.464,2728,2777.47,2896.875,3522.464,3611.85,3645.708,3179.464,3477.583,3627.428,2747.558,2964.146,3659.16,3291.833,3920.5
7841.8,3092.458,4236.5,3604.44,4309.68,2753.393,2726.278,2784.811,2904.188,3501.928,3610,3586.792,3177.482,3444.667,3614.286,2739.346,2940.909,3637.68,3267.583,3888.8
7609.55,3088.125,4190.633,3531.76,4288.04,2740.714,2719.708,2775.894,2881.312,3526.322,3591.2,3551.667,3157.036,3417.833,3610.322,2720.731,2908.982,3624.76,3238.333,3823.55
7342.45,3061.583,4185.167,3534.72,4254.92,2739.25,2695.125,2773.121,2879.5,3474.643,3562.45,3554.458,3160.339,3419.042,3545.428,2713.308,2919.782,3601.68,3179.333,3763.2
7096,3025.875,4135.1,3481.4,4242.6,2705.714,2701.014,2769.765,2894.438,3447.572,3553.6,3559.917,3154.732,3379.167,3555.607,2715.673,2897.545,3576.2,3113.333,3710.5
6855.9,3029.125,4105.767,3468.2,4202.12,2703.678,2687.486,2758.348,2826.688,3430.822,3511.8,3523.458,3125.161,3370.792,3492.214,2685.173,2880.582,3574.28,3102.5,3625.45
6693.1,2997.583,4063,3409.28,4126.08,2683.143,2683.792,2756.091,2841.312,3414.286,3496.2,3515.125,3115.482,3346.375,3476.25,2690.289,2854.891,3545.32,3064.667,3583.85
6479.05,2981.375,4035.9,3381.8,4121.96,2679.393,2666.931,2744.553,2826.562,3395.322,3494.3,3491.25,3115.732,3314.417,3429.857,2670.308,2857.127,3552.96,3018.583,3537.3
6336.8,2940,3976.367,3384.84,4063.12,2698.678,2660.389,2742.379,2792.875,3368.214,3491.65,3459.708,3088.768,3298.708,3412.036,2655.731,2853.255,3504.76,2980.667,3501.9
6224.25,2939.042,3970.2,3344.24,4073.04,2681.928,2649.083,2735.341,2797.5,3343.107,3468.5,3445,3092.786,3272.375,3410.714,2658.058,2839.146,3479.84,2979.75,3438.85
6084.15,2922.5,3920.167,3290.24,4055.44,2662.357,2643.889,2727.561,2781.125,3327.143,3407.65,3433.125,3097.661,3280.542,3366.357,2654.211,2821.236,3479.44,2988,3411.05
6019.55,2906.667,3910.933,3290.6,4041.08,2676.464,2643.153,2730.152,2772.75,3324.393,3449.7,3398.958,3095.25,3265.667,3362.893,2657.539,2829.4,3483.36,2923.75,3380.1
6020.4,2890.292,3901.833,3323.8,4027.68,2645.322,2644.639,2727.114,2766.062,3314,3436,3432.625,3080.053,3240.708,3352,2647.192,2829.982,3459.84,2913.833,3348.3
6084.05,2904,3858,3292.08,4037.48,2664.286,2640.556,2721.621,2748.375,3288.822,3445.05,3399.667,3071.428,3245.167,3335.357,2647.346,2810.764,3477.08,2902.583,3349.95
6550.2,2914.667,3885.333,3293.64,4002.04,2660.857,2641.889,2717.667,2779.5,3318.607,3442,3376.5,3065.072,3277.458,3347.464,2651.904,2810.218,3492.08,2899.083,3429.5
7151.1,2919,3898.867,3330.4,4026.48,2687.714,2651.167,2734.909,2776.25,3309.607,3426.5,3355.833,3062.714,3273.25,3391.25,2638.904,2845.418,3500.84,2966.917,3440.85
7693.5,2960.083,3925.367,3401.76,4078.56,2671.214,2655.903,2736.727,2782.625,3355.857,3476.9,3383.375,3089.893,3283.833,3422.75,2655.077,2861.091,3506.84,2980.667,3500.1
7966.95,3015.625,3960.3,3471.8,4121.04,2712.214,2671.944,2746.939,2811.125,3400.572,3496.15,3402.958,3089.893,3315.833,3463,2678.192,2913.236,3543.44,3065.417,3610.4
8205,3035.333,3994.133,3516.44,4180.24,2718.822,2683.722,2753.985,2845.812,3450,3544.3,3414.917,3120.928,3379.042,3503.464,2693.423,2921.091,3602.04,3087.5,3716.45
8143.8,3072.875,4067.067,3562.92,4231.92,2734.643,2706.486,2760.402,2871,3494.607,3568.55,3440,3133.607,3396.125,3536.928,2693.442,2963.636,3611.4,3161.917,3784.15
8128.05,3072.25,4067.867,3598.8,4294.92,2735.107,2719.375,2782.167,2923.75,3565.25,3590.5,3453,3147.143,3427.458,3619.5,2701.865,2981.327,3631.56,3176.667,3878.05
7884.15,3080.875,4111.2,3609.92,4314.88,2736.893,2718.792,2775.659,2895.5,3596.714,3600.45,3444.125,3146.161,3455.375,3649.678,2712.519,2978.327,3649.04,3212,3870.25
7712.75,3069.208,4080.767,3610.96,4286.8,2749.572,2712.208,2776.947,2898.188,3611.786,3607.5,3463.292,3147.893,3455.083,3652.214,2706.019,2979.127,3687.92,3222.333,3853.15
7493.6,3061.958,4074.167,3580.08,4285.04,2741.643,2707.5,2787.424,2902.812,3590.964,3603.65,3460.708,3135.697,3458.875,3664.893,2711.519,2965.073,3634,3210.167,3819.6
7252.55,3045,4055.3,3536.08,4260.8,2730.714,2700.167,2777.424,2886.562,3570.643,3595.2,3442.083,3135.322,3440.375,3619.072,2698.961,2951.909,3663.72,3164.083,3768.5
7031.2,3017.667,4036.9,3539.44,4266.08,2716.893,2705.528,2783.485,2864.812,3594.178,3588.35,3422.125,3124.286,3447.25,3636.357,2698.904,2939.455,3640.84,3125.667,3729.4
6739.5,3015.875,4039,3478.32,4257.8,2719.286,2690.389,2791.348,2859.375,3569.572,3572.35,3433.042,3105.072,3431.375,3606.964,2683.885,2935.436,3618.24,3116.167,3675.85
6569.1,2982.333,3991.433,3450.72,4209.16,2698.393,2687.833,2780.841,2823.188,3552,3567.1,3438.375,3098.536,3391.125,3574.75,2671.558,2939.982,3605.92,3063,3635.65
6390.2,2950.833,3981.533,3418,4186.12,2689.786,2686.167,2776.689,2819.125,3511.678,3546.4,3420.917,3086.964,3392.25,3554.857,2673.327,2912.291,3575.84,3009.75,3548.2
6127.25,2944.375,3943.267,3374.52,4128.64,2682.678,2660.986,2767.621,2799.25,3475.357,3530.5,3382.625,3053.607,3368.667,3514.072,2658.385,2874.727,3562.32,3004.167,3498.15
6033.3,2921.958,3892.5,3323.4,4111.84,2676.822,2663.806,2754.674,2776.062,3449.214,3492.2,3351.917,3067.714,3348.125,3496.928,2641.173,2875.982,3541.52,2981,3463.95
5855.05,2906.75,3891.433,3295.56,4079.24,2661.964,2637.403,2749.909,2766.562,3422.214,3498.3,3357.333,3033.339,3323.208,3456.25,2647.731,2849.782,3489.44,2928.917,3412.7
5684.3,2899.208,3868.1,3291.24,4035.96,2656.678,2639.889,2748.326,2756.625,3410.143,3488.65,3331.542,3037.822,3304.125,3454.5,2637.211,2832.509,3520.52,2895.5,3366.85
5586.3,2874.25,3833.8,3243.2,4005.12,2643.822,2630.917,2742.765,2743.938,3383.536,3485.9,3334.792,3037.322,3277.708,3406.572,2635.75,2842.054,3461.52,2867.833,3358.8
5507.45,2865.75,3835.667,3217.28,4024.56,2639.678,2625.625,2735.652,2748.188,3384.178,3474.3,3312.167,3034.286,3291.542,3392.964,2630.942,2826.818,3450.4,2846.833,3308.65
5469.5,2880.167,3815.467,3224.32,3995.68,2643.428,2628.097,2727.485,2737.312,3359.928,3437.25,3307.042,3015.178,3249.208,3391.178,2624.077,2817.054,3453.96,2835.75,3288
5600.95,2865.875,3809.833,3209.4,3994.88,2651.178,2626.764,2730.129,2744.562,3339.786,3431.15,3301.25,3027.375,3261.583,3379.678,2615.231,2815.527,3459.2,2835,3271.1
5943.7,2881.583,3795.267,3211.64,3974.64,2638.357,2641.833,2733.053,2744,3350.5,3419.45,3277.917,3024.322,3270.583,3403.107,2604.596,2808.018,3441.04,2810.833,3299.85
6467.9,2894.667,3838.7,3235.32,4018.48,2646.536,2655.764,2735.174,2737.688,3334.036,3429.3,3295.667,3030.089,3283.5,3417.964,2615.635,2816.818,3447.08,2803,3359
6952.6,2887.292,3855.967,3243.8,4079.28,2660.464,2660.111,2741.462,2761.562,3336.357,3440.65,3287.25,3036.214,3245.75,3449.393,2627.711,2839.509,3464.68,2833.083,3403.75
7276.05,2929.125,3872.5,3329.44,4067.48,2658.214,2681.444,2739.917,2769.188,3379.678,3474.3,3303.583,3035.732,3277.375,3485.678,2617.519,2879.091,3487.36,2840.5,3459.85
7659.45,2957.5,3968.4,3403.6,4119.16,2669.786,2701,2762.136,2786.688,3397.322,3501.95,3321.208,3046.732,3304,3532.928,2639.115,2919.455,3505.4,2883.75,3550.3
7943.45,3002.875,4036.333,3443.88,4162.56,2687.357,2702.319,2767.182,2820.062,3464.572,3507.7,3338.417,3058.214,3339.417,3595.786,2654,2944.364,3543.64,2959.667,3627.9
8112.7,3045.333,4088.933,3458.72,4229.64,2696.214,2711.292,2774.061,2859.375,3506.928,3554.2,3332.375,3097.375,3389.208,3694.107,2693.519,2940.345,3578.2,2998.417,3708.85
8143.5,3054.5,4121.967,3525.84,4264.56,2697.178,2720.486,2782.212,2827.125,3520.143,3572.5,3367.083,3096.464,3415.5,3741,2714.75,2955.236,3560.08,3027.917,3776.3
7906.9,3076.25,4166.867,3546.76,4312.76,2721.25,2719.569,2784.455,2875.375,3559.572,3606.65,3360.792,3112.678,3408.167,3797.286,2723.827,2965.8,3610.88,3004.333,3824.7
7732.9,3083.125,4177.5,3505.6,4310.84,2713.143,2721.056,2789.614,2876.438,3548.5,3613.8,3401.583,3126.928,3397.542,3827.322,2728.442,2952.891,3609.84,3000.917,3821.4
7512.6,3056.125,4152.667,3486.8,4287.88,2703.607,2718.222,2791.288,2883.688,3552.5,3618.05,3415.458,3113.964,3388.542,3839.107,2714.942,2949.273,3605.2,2998.75,3760.85
7237.5,3035.5,4134.667,3482.32,4272.24,2710.786,2707.292,2779.758,2866.062,3543.822,3582.1,3369.5,3098.428,3381.75,3829.964,2707.577,2940.054,3571.76,2979.5,3754.75
6980.55,3033.083,4154.533,3427.32,4308.4,2695.536,2698.167,2782.689,2845.75,3545.678,3593.05,3350.292,3097.5,3360.75,3797.75,2701.327,2930.836,3585.08,2962.25,3682.85
6784.05,2994.292,4084.6,3387.56,4277.2,2708.714,2700.903,2779.735,2841.875,3519.678,3565.85,3367.792,3104.161,3378.083,3765.572,2688.269,2904.073,3594.56,2943.833,3608.6
6567.25,2969.083,4070.6,3370.92,4236.68,2668.75,2700.292,2765.947,2836.062,3497.393,3537.3,3361.292,3089.553,3345.167,3742.357,2682.615,2895.382,3554.24,2912.5,3582.9
6379.1,2966.25,4049.967,3344.08,4193.32,2686.25,2689.694,2770,2813.5,3471.464,3537.95,3341.833,3071.643,3335.292,3714.5,2676.019,2877.436,3529,2887.833,3539
6230.1,2973.458,4012.4,3313.2,4161.32,2667.464,2668.236,2760.568,2811.875,3454.357,3511.85,3323.792,3064.822,3313.625,3657.678,2639.346,2867.836,3519.4,2839.75,3459.1
6033.95,2912.792,3965.767,3266.32,4146.48,2652.822,2665.764,2761.015,2767.188,3417.964,3503.45,3285.167,3027.839,3275.583,3633.536,2647.596,2850.2,3489.68,2806.917,3421.25
5879.5,2901.875,3978.833,3229.76,4113.44,2655.714,2663.542,2740.932,2759.5,3414.75,3476.3,3290,3026.375,3291.25,3610.322,2651.423,2837.146,3459.72,2840.75,3379.85
5757.45,2889.75,3937.433,3237.84,4086.76,2644.928,2641.958,2742.614,2741.375,3388.143,3457.2,3260.083,3041.911,3274.333,3571.25,2634.481,2833.964,3466.24,2799.333,3345.85
5652.2,2884.583,3913.2,3223.84,4065.48,2633.75,2657.333,2744.265,2767.312,3362.25,3464.45,3260.042,3012.303,3267.458,3573.572,2629.942,2820.618,3451.84,2763.75,3279.45
5503.85,2879.333,3919.167,3242.36,4086.04,2625.072,2652.403,2743.523,2725.938,3367.678,3430.2,3265.875,3012.161,3245.042,3509.607,2637.981,2817.873,3414.72,2752.25,3271
5428.45,2876.208,3917.6,3205.04,4038.36,2629.286,2639.403,2740.636,2727.438,3332.464,3444.5,3255.167,2998.339,3226.875,3510.786,2612.711,2813.436,3388.8,2760.917,3251.85
5373.85,2877.167,3895.8,3193.68,4042.32,2602.5,2636.556,2734.515,2718.188,3308.143,3423.4,3230.292,3005.375,3229.875,3513.857,2612.327,2812.255,3376.36,2713.583,3226.5
5477.65,2903.333,3897.433,3207.96,4044.84,2618.464,2644.278,2730.636,2704.812,3336.464,3424.5,3215.125,2996.857,3231.208,3514.893,2612.039,2819.8,3393.2,2739.417,3227.15
5794.85,2918.292,3861.9,3207.84,4052,2650.286,2650.306,2732.909,2677.875,3354.572,3456.5,3215,3012.839,3235.375,3501.607,2602.461,2822.127,3423,2759.667,3250.4
6005.95,2935.917,3885.233,3210.48,4121.36,2635.643,2660.125,2737.871,2715.312,3364.643,3439.3,3234.458,3023.447,3266.083,3550.678,2625.327,2852.054,3437.68,2762.333,3305.95
6254.1,2966.208,3938.033,3257.52,4151.48,2641.464,2674.306,2736.318,2735.625,3360.286,3431.35,3228.75,3027.178,3294.042,3571.393,2636.615,2839.164,3461.24,2772.5,3326.05
6447.95,3009.25,3960.5,3268.04,4147.2,2637.5,2682.125,2736.28,2769.875,3405.572,3458,3248.125,3035.482,3305.875,3633.964,2640.846,2892.091,3499.72,2807.75,3399.75
6740.8,3070,4001.867,3320.72,4213.68,2665.536,2710.264,2748.947,2796.125,3420.357,3457,3302,3058.375,3342.125,3729.25,2655.635,2893.509,3554.04,2853.083,3459.25
6975.3,3062.625,4057,3398.04,4237.6,2663.786,2709.653,2755.674,2802.375,3491.393,3491.25,3290.5,3083.625,3398.75,3791.214,2678.808,2931.236,3578.8,2865.167,3512.6
7031.7,3097.833,4116.067,3434.24,4252.24,2662.428,2721.681,2756.53,2813.375,3538.678,3541.7,3293.292,3080.911,3439.667,3830.643,2684.673,2950.345,3608.28,2893.5,3482.4
6941.05,3121.958,4135.267,3443.88,4246.28,2662.036,2719.833,2754.788,2825.125,3571.25,3531.35,3254.917,3100.643,3425.458,3827.143,2678.539,2935.164,3607.88,2924.333,3481.7
6775.45,3102.583,4157.033,3419.24,4251.4,2653.536,2727.264,2761.144,2825.688,3556.5,3516.6,3283.833,3099.661,3451.875,3806.822,2670.673,2937.273,3601.6,2901.75,3445.65
6524.85,3099.917,4176.733,3413.32,4236.44,2671.214,2717.681,2758.121,2828.5,3536.607,3562.05,3312.167,3108.661,3451.958,3814.464,2670.25,2928.764,3579.92,2885.417,3429.6
6345.05,3078.375,4131.833,3407.56,4218,2673.607,2710.764,2763.523,2832.312,3531.786,3557.7,3273.708,3088.232,3452.5,3784.928,2672.211,2927.636,3602.84,2893.417,3400
6201.8,3071.167,4104.4,3349.84,4201.4,2670.786,2711.264,2752.917,2801.5,3505.893,3504.75,3296.583,3077.625,3447.833,3777.464,2655.808,2921.582,3546.28,2895.333,3368.95
6005.3,3021.958,4085.433,3323.28,4179.68,2660.893,2698.111,2751.53,2834.812,3508.536,3517.4,3290.167,3087.482,3406.708,3744.643,2649.269,2907.218,3515.84,2916.667,3324.45
5864.5,3034.708,4068.633,3333.16,4185.32,2668.107,2698.236,2743.75,2792.25,3499.25,3518.75,3293.875,3065.857,3419.708,3714.393,2652.635,2890.891,3517.92,2897.083,3287.25
5713.3,3033.042,4056.533,3276.88,4154.64,2650.286,2690.028,2745.25,2781.375,3465.893,3479.75,3285.958,3059.161,3375.458,3686.893,2654.865,2880.964,3526.52,2869.417,3281.85
5564.4,3005.417,4030.333,3250.96,4144.76,2636.572,2678.5,2744.697,2778.25,3449.036,3459,3275.5,3062.482,3361.583,3639.286,2629.827,2873.036,3483.44,2842.583,3207.1
5435.85,2994.167,4008.267,3217.88,4111.2,2632.786,2673.167,2731.455,2744.5,3407.5,3474.45,3257.75,3041.875,3384.75,3603.572,2635.192,2861.364,3449.84,2823.917,3161.45
5311.85,2975.292,3962.633,3175.36,4075.08,2629.964,2656.403,2735.826,2706.75,3395.072,3409.8,3231.125,3031.053,3342.042,3577.964,2628.115,2852.4,3448.92,2829.667,3172.4
5202.7,2974.042,3926.1,3165.32,4070.24,2641.036,2652.486,2727.811,2716.5,3371.893,3459.15,3242.083,3028.857,3322.083,3540.714,2614.346,2845.946,3436.76,2805.75,3119.65
5065.05,2943.458,3906.967,3153.76,4018.96,2605.857,2647.944,2709.545,2709.562,3365.178,3429.7,3222.5,3015.893,3302.542,3537.822,2609.327,2836.455,3426.6,2781.5,3093.25
5053.35,2924.417,3921.367,3167.88,4003.48,2603.607,2649.069,2715.697,2700.125,3354.357,3417.05,3236.667,3011.697,3301.792,3499.143,2608.827,2833.382,3393.2,2750.167,3057.25
5067.9,2942.5,3886,3134.48,4005.4,2601.572,2638.264,2714.114,2713.625,3346.286,3405.7,3193.5,2989.482,3275.167,3476.5,2605.211,2826.545,3382.08,2724.75,3055.2
5092.55,2938,3871.1,3142.16,3993.32,2613.678,2636.75,2705.947,2701.062,3318.464,3374.65,3205.167,2985.697,3247.167,3468.322,2610.385,2838.545,3402.76,2741,3074.65
5217.05,2926.417,3885,3134.88,4004.88,2607.178,2651.722,2703.212,2678.5,3315.5,3380.15,3210.833,2983.714,3279.042,3467.072,2611.711,2834.382,3401.12,2738.583,3066.4
5551.5,2921.958,3876.633,3164.12,4017.44,2628.286,2668.458,2715.265,2688.25,3335.036,3365.65,3173.042,2978.072,3260.083,3486.678,2605.269,2837.309,3382.64,2773.667,3084.1
5954.2,2932.208,3886.767,3166.08,4080.48,2620.357,2663.847,2725.22,2698.312,3326.893,3378.85,3184.875,3005.518,3240.167,3481.607,2620.019,2844.273,3412.88,2781.333,3097.9
6280.7,2975.792,3904.667,3227.68,4064.52,2640,2678.069,2731.25,2713,3334.75,3379.2,3221.167,3023.803,3271.292,3522.322,2626.923,2847.327,3452.52,2788,3142
6627.9,2977.667,3945.967,3280.6,4134.96,2636.214,2689.139,2745.72,2723.5,3390.322,3400.4,3242.458,3035.232,3300.625,3513.536,2642.077,2902.509,3499.16,2823.667,3243.2
6814.85,3014.167,3959.067,3361.12,4170.72,2645.786,2693.194,2747.53,2743.688,3423.178,3414.75,3287.833,3080.036,3346.667,3570.643,2653.846,2924.818,3526.72,2916.417,3308.25
6879.1,3034.542,4008.633,3395.52,4186.6,2657.072,2705.208,2745.462,2734.062,3438.714,3448,3287.958,3087.089,3377.542,3648.928,2672.077,2936.818,3554.32,2996.583,3340.9
6776.85,3033.958,4020.067,3401.04,4215,2651.5,2708.736,2758,2734.375,3470.25,3461.9,3293.75,3105.018,3392.75,3674.107,2683.846,2954.2,3563.48,3004.667,3321.7
6691.8,3030.625,4036,3441.92,4223.56,2652.322,2722.847,2754.371,2741.438,3474.143,3481.25,3310.417,3114.375,3405.667,3680.322,2684.5,2942.327,3623.16,3025.75,3350.55
6636.6,3036.667,4051.733,3444.84,4260,2667.428,2716.264,2759.591,2761.062,3486.857,3464.75,3298.917,3105.375,3417.917,3691.714,2666.577,2944.982,3592.6,3093.667,3336.25
6475.6,3029.25,4047.9,3465.32,4244.72,2651.072,2710.278,2765.788,2760.625,3488.964,3487.9,3311.167,3123.036,3435.5,3697.5,2676.577,2937.545,3584,3111,3328.85
6255.55,3030.875,4075.3,3388.56,4253.96,2646.964,2707.708,2755.424,2764.5,3478.678,3471.75,3337.333,3107.964,3393.167,3680.322,2668.346,2921.218,3568.96,3049.5,3301.15
6092.55,3012.875,4030.667,3377.8,4235.88,2640.107,2699.556,2754.341,2714.25,3477.393,3437.3,3297.208,3096.089,3378.917,3644.822,2667.173,2911.473,3537.52,3044.833,3252.4
5916,2988.208,4024.267,3346,4210.56,2645.893,2696.889,2756.265,2718.438,3419,3462.4,3286.75,3088.875,3331.25,3639.428,2646.096,2898.545,3513.56,3009.75,3231.5
5780.3,2980.417,4007.367,3340.16,4203.44,2645.322,2681.403,2745.197,2724.625,3411.393,3441.35,3252.208,3063.322,3347.958,3618.678,2645.942,2889.582,3507.92,2990.417,3182.35
5591.6,2937.417,3965.5,3291.72,4175.64,2638.464,2682.944,2735.909,2694.062,3395.607,3413.2,3271,3073.732,3332.958,3558.178,2641.711,2881.418,3483.84,2931.583,3183.7
5497.65,2929.958,3942.333,3289.4,4137.16,2602.964,2668.736,2733.735,2699.812,3388.75,3388,3248.792,3060.072,3296.167,3531.75,2641.442,2874.127,3459.24,2926.417,3130.35
5361.55,2949.542,3920.067,3251.88,4139.28,2621.928,2664.403,2723.939,2671.062,3346.5,3405.85,3243.417,3052.25,3263.667,3522.072,2636.615,2864.764,3463.08,2901.333,3142.1
5233,2914.958,3892.733,3212.88,4135,2596.786,2658.208,2718.811,2690.375,3354.286,3384.25,3232.917,3042.661,3281.667,3488.107,2631.827,2835.655,3458.24,2847.25,3133.2
5168.55,2908.417,3867.067,3218.88,4101.96,2604.786,2655.958,2713.28,2677.312,3307.678,3369.8,3224.167,3050.018,3253.833,3481.678,2617.442,2829.491,3422.4,2877.333,3084.85
5064.25,2881.667,3838.033,3188.32,4087.96,2595.964,2648.708,2709.242,2687.688,3279.643,3358.8,3227.042,3012.911,3235.542,3415.072,2610.827,2834,3395.96,2808.083,3030.15
4984.65,2878.625,3824.3,3190.68,4067,2594.893,2642.208,2703.394,2651.125,3280.893,3330.6,3189.25,3013.982,3215.417,3438.857,2609.885,2821.854,3371.76,2795.833,3013.65
5014.8,2865.5,3800.233,3168.2,4062.36,2588.322,2640.819,2696.621,2652.25,3283.893,3336.95,3202.708,3015.964,3226.708,3402.286,2608.846,2823.964,3387.48,2778.083,3037.1
5206.8,2880.167,3828.7,3164.52,4080.56,2591.714,2639.444,2697.159,2636.875,3293.178,3322.15,3200.625,2995.928,3177.792,3384.714,2608.308,2814.564,3359.52,2782.167,3027.15
5478.75,2873.542,3805.667,3132.32,4050.44,2599.178,2641.75,2683.788,2655.312,3263.357,3361.15,3184.792,3001.393,3186.583,3395.357,2607.846,2802,3360.52,2778.583,3034.95
5655.95,2900.792,3839.2,3156.16,4067.84,2608.572,2641.722,2688.629,2655.188,3271.822,3338.75,3163.292,2997.339,3186.833,3372.357,2606,2827.509,3392.76,2799.833,3075.5
5920.35,2878.792,3856.233,3166.28,4103.6,2604.107,2649.931,2694.212,2671,3288.536,3359.85,3178.083,3014.518,3216.833,3369.036,2619.865,2851.345,3421.64,2803.167,3136.9
5847.95,2906.5,3823.2,3164.6,4130.52,2618.322,2667.639,2703.455,2695.688,3282.536,3327.45,3216.958,3011.322,3212.542,3380.464,2636.942,2828.036,3401.28,2803.083,3149.95
5718.2,2899.958,3845.167,3081.76,4133,2616.786,2673.542,2735.197,2686.75,3264.464,3355.5,3295.375,3011.161,3188.958,3387.036,2616.865,2828.6,3416.8,2825.417,3103.65
5690.65,2872.667,3822.633,3004.16,4161.24,2607.607,2672.014,2760.447,2668.875,3243.357,3343.05,3385.875,3028.447,3148.125,3367.107,2638.635,2834.709,3300.8,2834.917,3087.2
