100.00	0.00	7.23	30.00	150.00	2.70	97.30	0.50	

11.99	12.00	0.000000	06.253
11.99	12.00	0.000017	06.353
11.99	12.00	0.000033	06.453
11.99	12.00	0.000050	06.553
11.99	12.00	0.000067	06.652
11.97	12.00	0.000083	06.753
11.97	12.00	0.000100	06.852
11.97	12.00	0.000117	06.953
11.97	12.00	0.000133	07.053
11.97	12.00	0.000150	07.152
11.97	12.00	0.000167	07.253
11.94	12.00	0.000183	07.353
11.94	12.00	0.000200	07.453
11.94	12.00	0.000217	07.552
11.94	12.00	0.000233	07.653
11.94	12.00	0.000250	07.753
11.94	12.00	0.000267	07.853
11.97	12.00	0.000283	07.953
11.97	12.00	0.000300	08.053
11.97	12.00	0.000317	08.153
11.97	12.00	0.000333	08.253
11.97	12.00	0.000350	08.352
11.99	12.00	0.000367	08.453
11.99	12.00	0.000383	08.553
11.99	12.00	0.000400	08.653
11.99	12.00	0.000416	08.753
12.02	12.00	0.000433	08.853
12.02	12.00	0.000450	08.953
12.02	12.00	0.000466	09.053
12.02	12.00	0.000483	09.154
12.02	12.00	0.000500	09.253
12.02	12.00	0.000516	09.354
12.04	12.00	0.000533	09.454
12.04	12.00	0.000550	09.554
12.04	12.00	0.000566	09.654
12.04	12.00	0.000583	09.754
12.04	12.00	0.000600	09.853
12.04	12.00	0.000616	09.954
12.04	12.00	0.000633	10.053
12.04	12.00	0.000650	10.153
12.04	12.00	0.000666	10.253
12.04	12.00	0.000683	10.382
12.04	12.00	0.000700	10.477
12.02	12.00	0.000716	10.576
12.02	12.00	0.000733	10.681
12.02	12.00	0.000750	10.775
12.02	12.00	0.000766	10.875
12.02	12.00	0.000783	10.979
12.02	12.00	0.000800	11.074
12.02	12.00	0.000816	11.174
12.02	12.00	0.000833	11.279
11.99	12.00	0.000850	11.373
11.99	12.00	0.000866	11.473
11.99	12.00	0.000883	11.577
11.99	12.00	0.000900	11.672
11.99	12.00	0.000916	11.771
11.99	12.00	0.000933	11.876
11.99	12.00	0.000950	11.971
11.99	12.00	0.000966	12.070
11.99	12.00	0.000983	12.175
11.99	12.00	0.001000	12.270
11.99	12.00	0.001016	12.369
11.99	12.00	0.001033	12.474
11.99	12.00	0.001050	12.568
11.99	12.00	0.001066	12.668
11.99	12.00	0.001083	12.773
11.99	12.00	0.001100	12.867
11.99	12.00	0.001116	12.968
11.99	12.00	0.001133	13.071
11.99	12.00	0.001150	13.166
12.02	12.00	0.001166	13.267
12.02	12.00	0.001183	13.370
12.02	12.00	0.001200	13.465
12.02	12.00	0.001216	13.567
12.02	12.00	0.001233	13.669
12.02	12.00	0.001250	13.763
12.02	12.00	0.001266	13.868
12.02	12.00	0.001283	13.968
12.02	12.00	0.001299	14.063
12.02	12.00	0.001316	14.167
12.02	12.00	0.001333	14.267
12.02	12.00	0.001349	14.362
12.02	12.00	0.001366	14.466
12.02	12.00	0.001383	14.566
11.99	12.00	0.001399	14.660
11.99	12.00	0.001416	14.765
11.99	12.00	0.001433	14.864
11.99	12.00	0.001449	14.959
11.99	12.00	0.001466	15.063
11.99	12.00	0.001483	15.163
11.99	12.00	0.001499	15.258
11.99	12.00	0.001516	15.362
11.99	12.00	0.001533	15.456
11.99	12.00	0.001549	15.556
11.99	12.00	0.001566	15.661
11.99	12.00	0.001583	15.756
11.99	12.00	0.001599	15.856
11.99	12.00	0.001616	15.960
11.99	12.00	0.001633	16.055
11.99	12.00	0.001649	16.154
11.99	12.00	0.001666	16.259
11.99	12.00	0.001683	16.353
11.99	12.00	0.001699	16.454
11.99	12.00	0.001716	16.557
12.02	12.00	0.001733	16.654
12.02	12.00	0.001749	16.754
12.02	12.00	0.001766	16.856
12.02	12.00	0.001783	16.954
12.02	12.00	0.001799	17.054
12.02	12.00	0.001816	17.155
12.02	12.00	0.001833	17.253
12.02	12.00	0.001849	17.354
12.02	12.00	0.001866	17.454
12.02	12.00	0.001883	17.554
12.02	12.00	0.001899	17.654
11.99	12.00	0.001916	17.754
11.99	12.00	0.001933	17.854
11.99	12.00	0.001949	17.954
11.99	12.00	0.001966	18.053
11.99	12.00	0.001983	18.154
11.99	12.00	0.001999	18.254
11.99	12.00	0.002016	18.354
11.99	12.00	0.002033	18.454
11.99	12.00	0.002049	18.554
11.99	12.00	0.002066	18.654
11.99	12.00	0.002082	18.753
11.99	12.00	0.002099	18.854
11.99	12.00	0.002116	18.953
11.99	12.00	0.002132	19.054
11.99	12.00	0.002149	19.154
11.99	12.00	0.002166	19.254
11.99	12.00	0.002182	19.354
11.99	12.00	0.002199	19.454
11.99	12.00	0.002216	19.554
11.99	12.00	0.002232	19.653
11.99	12.00	0.002249	19.754
11.99	12.00	0.002266	19.854
11.99	12.00	0.002282	19.954
12.02	12.00	0.002299	20.054
12.02	12.00	0.002316	20.154
12.02	12.00	0.002332	20.254
12.02	12.00	0.002349	20.353
12.02	12.00	0.002366	20.454
12.02	12.00	0.002382	20.554
12.02	12.00	0.002399	20.654
12.02	12.00	0.002416	20.754
12.02	12.00	0.002432	20.854
12.02	12.00	0.002449	20.954
12.02	12.00	0.002466	21.053
11.99	12.00	0.002482	21.154
11.99	12.00	0.002499	21.253
11.99	12.00	0.002516	21.354
11.99	12.00	0.002532	21.454
11.99	12.00	0.002549	21.554
11.99	12.00	0.002566	21.654
11.99	12.00	0.002582	21.754
11.99	12.00	0.002599	21.853
11.99	12.00	0.002616	21.954
11.99	12.00	0.002632	22.053
11.99	12.00	0.002649	22.154
11.99	12.00	0.002666	22.254
11.99	12.00	0.002682	22.354
11.99	12.00	0.002699	22.454
11.99	12.00	0.002716	22.554
11.99	12.00	0.002732	22.653
11.99	12.00	0.002749	22.753
11.99	12.00	0.002766	22.877
11.99	12.00	0.002782	22.982
12.02	12.00	0.002799	23.082
12.02	12.00	0.002816	23.177
12.02	12.00	0.002832	23.281
12.02	12.00	0.002849	23.376
12.02	12.00	0.002866	23.475
12.02	12.00	0.002882	23.580
12.02	12.00	0.002899	23.674
12.02	12.00	0.002915	23.774
12.02	12.00	0.002932	23.878
12.02	12.00	0.002949	23.973
11.99	12.00	0.002965	24.073
11.99	12.00	0.002982	24.177
11.99	12.00	0.002999	24.272
11.99	12.00	0.003015	24.371
11.99	12.00	0.003032	24.476
11.99	12.00	0.003049	24.570
11.99	12.00	0.003065	24.670
11.99	12.00	0.003082	24.775
11.99	12.00	0.003099	24.869
11.99	12.00	0.003115	24.969
11.99	12.00	0.003132	25.073
11.99	12.00	0.003149	25.168
11.99	12.00	0.003165	25.267
11.99	12.00	0.003182	25.372
11.99	12.00	0.003199	25.467
11.99	12.00	0.003215	25.567
11.99	12.00	0.003232	25.671
11.99	12.00	0.003249	25.766
11.99	12.00	0.003265	25.866
12.02	12.00	0.003282	25.970
12.02	12.00	0.003299	26.065
12.02	12.00	0.003315	26.166
12.02	12.00	0.003332	26.269
12.02	12.00	0.003349	26.364
12.02	12.00	0.003365	26.466
12.02	12.00	0.003382	26.568
12.02	12.00	0.003399	26.662
12.02	12.00	0.003415	26.766
12.02	12.00	0.003432	26.866
12.02	12.00	0.003449	26.961
11.99	12.00	0.003465	27.065
11.99	12.00	0.003482	27.165
11.99	12.00	0.003499	27.260
11.99	12.00	0.003515	27.364
11.99	12.00	0.003532	27.464
11.99	12.00	0.003549	27.558
11.99	12.00	0.003565	27.663
11.99	12.00	0.003582	27.762
11.99	12.00	0.003599	27.857
11.99	12.00	0.003615	27.962
11.99	12.00	0.003632	28.061
11.99	12.00	0.003649	28.156
11.99	12.00	0.003665	28.261
11.99	12.00	0.003682	28.356
11.99	12.00	0.003699	28.455
11.99	12.00	0.003715	28.560
11.99	12.00	0.003732	28.654
11.99	12.00	0.003748	28.755
11.99	12.00	0.003765	28.859
11.99	12.00	0.003782	28.955
11.99	12.00	0.003798	29.055
11.99	12.00	0.003815	29.157
11.99	12.00	0.003832	29.254
12.02	12.00	0.003848	29.355
12.02	12.00	0.003865	29.456
12.02	12.00	0.003882	29.555
12.02	12.00	0.003898	29.656
12.02	12.00	0.003915	29.756
12.02	12.00	0.003932	29.856
12.02	12.00	0.003948	29.956
12.02	12.00	0.003965	30.056
12.02	12.00	0.003982	30.155
12.02	12.00	0.003998	30.256
12.02	12.00	0.004015	30.355
12.02	12.00	0.004032	30.456
11.99	12.00	0.004048	30.556
11.99	12.00	0.004065	30.656
11.99	12.00	0.004082	30.756
11.99	12.00	0.004098	30.855
11.99	12.00	0.004115	30.956
11.99	12.00	0.004132	31.055
11.99	12.00	0.004148	31.156
11.99	12.00	0.004165	31.256
11.99	12.00	0.004182	31.356
11.99	12.00	0.004198	31.456
11.99	12.00	0.004215	31.556
11.99	12.00	0.004232	31.656
11.99	12.00	0.004248	31.755
11.99	12.00	0.004265	31.856
11.99	12.00	0.004282	31.956
11.99	12.00	0.004298	32.056
11.99	12.00	0.004315	32.156
11.99	12.00	0.004332	32.261
11.99	12.00	0.004348	32.356
11.99	12.00	0.004365	32.456
11.99	12.00	0.004382	32.555
11.99	12.00	0.004398	32.656
11.99	12.00	0.004415	32.756
11.99	12.00	0.004432	32.861
12.02	12.00	0.004448	32.956
12.02	12.00	0.004465	33.056
12.02	12.00	0.004482	33.156
12.02	12.00	0.004498	33.255
12.02	12.00	0.004515	33.356
12.02	12.00	0.004532	33.455
12.02	12.00	0.004548	33.556
12.02	12.00	0.004565	33.656
12.02	12.00	0.004581	33.760
12.02	12.00	0.004598	33.856
12.02	12.00	0.004615	33.956
12.02	12.00	0.004631	34.061
12.02	12.00	0.004648	34.155
11.99	12.00	0.004665	34.256
11.99	12.00	0.004681	34.356
11.99	12.00	0.004698	34.456
11.99	12.00	0.004715	34.556
11.99	12.00	0.004731	34.660
11.99	12.00	0.004748	34.755
11.99	12.00	0.004765	34.855
11.99	12.00	0.004781	34.984
11.99	12.00	0.004798	35.083
11.99	12.00	0.004815	35.178
11.99	12.00	0.004831	35.282
11.99	12.00	0.004848	35.383
11.99	12.00	0.004865	35.477
11.99	12.00	0.004881	35.582
11.99	12.00	0.004898	35.682
11.99	12.00	0.004915	35.776
11.99	12.00	0.004931	35.881
11.99	12.00	0.004948	35.975
11.99	12.00	0.004965	36.075
12.02	12.00	0.004981	36.180
12.02	12.00	0.004998	36.274
12.02	12.00	0.005015	36.374
12.02	12.00	0.005031	36.479
12.02	12.00	0.005048	36.573
12.02	12.00	0.005065	36.673
12.02	12.00	0.005081	36.777
12.02	12.00	0.005098	36.872
12.02	12.00	0.005115	36.972
12.02	12.00	0.005131	37.076
11.99	12.00	0.005148	37.171
11.99	12.00	0.005165	37.270
11.99	12.00	0.005181	37.375
11.99	12.00	0.005198	37.469
11.99	12.00	0.005215	37.568
11.99	12.00	0.005231	37.673
11.99	12.00	0.005248	37.768
11.99	12.00	0.005265	37.867
11.99	12.00	0.005281	37.972
11.99	12.00	0.005298	38.066
11.99	12.00	0.005315	38.167
11.99	12.00	0.005331	38.271
11.99	12.00	0.005348	38.366
11.99	12.00	0.005365	38.466
11.99	12.00	0.005381	38.570
11.99	12.00	0.005398	38.665
11.99	12.00	0.005414	38.764
11.99	12.00	0.005431	38.868
11.99	12.00	0.005448	38.963
11.99	12.00	0.005464	39.064
11.99	12.00	0.005481	39.167
11.99	12.00	0.005498	39.262
11.99	12.00	0.005514	39.364
11.99	12.00	0.005531	39.467
11.99	12.00	0.005548	39.561
12.02	12.00	0.005564	39.664
12.02	12.00	0.005581	39.765
12.02	12.00	0.005598	39.860
12.02	12.00	0.005614	39.964
12.02	12.00	0.005631	40.064
12.02	12.00	0.005648	40.159
12.02	12.00	0.005664	40.263
12.02	12.00	0.005681	40.363
12.02	12.00	0.005698	40.457
12.02	12.00	0.005714	40.562
12.02	12.00	0.005731	40.661
11.99	12.00	0.005748	40.756
11.99	12.00	0.005764	40.861
11.99	12.00	0.005781	40.960
11.99	12.00	0.005798	41.056
11.99	12.00	0.005814	41.159
11.99	12.00	0.005831	41.260
11.99	12.00	0.005848	41.355
11.99	12.00	0.005864	41.458
11.99	12.00	0.005881	41.559
11.99	12.00	0.005898	41.657
11.99	12.00	0.005914	41.757
11.99	12.00	0.005931	41.859
11.99	12.00	0.005948	41.957
11.99	12.00	0.005964	42.056
11.99	12.00	0.005981	42.160
11.99	12.00	0.005998	42.256
11.99	12.00	0.006014	42.357
11.99	12.00	0.006031	42.460
11.99	12.00	0.006048	42.558
11.99	12.00	0.006064	42.658
11.99	12.00	0.006081	42.759
11.99	12.00	0.006098	42.858
11.99	12.00	0.006114	42.957
12.02	12.00	0.006131	43.059
12.02	12.00	0.006148	43.157
12.02	12.00	0.006164	43.258
12.02	12.00	0.006181	43.360
12.02	12.00	0.006198	43.458
12.02	12.00	0.006214	43.558
12.02	12.00	0.006231	43.659
12.02	12.00	0.006247	43.758
12.02	12.00	0.006264	43.857
12.02	12.00	0.006281	43.959
12.02	12.00	0.006297	44.058
12.02	12.00	0.006314	44.158
12.02	12.00	0.006331	44.260
11.99	12.00	0.006347	44.358
11.99	12.00	0.006364	44.458
11.99	12.00	0.006381	44.559
11.99	12.00	0.006397	44.659
11.99	12.00	0.006414	44.758
11.99	12.00	0.006431	44.859
11.99	12.00	0.006447	44.959
11.99	12.00	0.006464	45.059
11.99	12.00	0.006481	45.159
11.99	12.00	0.006497	45.259
11.99	12.00	0.006514	45.359
11.99	12.00	0.006531	45.459
11.99	12.00	0.006547	45.559
11.99	12.00	0.006564	45.659
11.99	12.00	0.006581	45.759
11.99	12.00	0.006597	45.859
11.99	12.00	0.006614	45.959
11.99	12.00	0.006631	46.059
11.99	12.00	0.006647	46.159
11.99	12.00	0.006664	46.259
11.99	12.00	0.006681	46.359
11.99	12.00	0.006697	46.458
11.99	12.00	0.006714	46.558
12.02	12.00	0.006731	46.683
12.02	12.00	0.006747	46.787
12.02	12.00	0.006764	46.882
12.02	12.00	0.006781	46.983
12.02	12.00	0.006797	47.086
12.02	12.00	0.006814	47.180
12.02	12.00	0.006831	47.283
12.02	12.00	0.006847	47.385
12.02	12.00	0.006864	47.479
12.02	12.00	0.006881	47.583
12.02	12.00	0.006897	47.684
11.99	12.00	0.006914	47.778
11.99	12.00	0.006931	47.883
11.99	12.00	0.006947	47.982
11.99	12.00	0.006964	48.077
11.99	12.00	0.006981	48.181
11.99	12.00	0.006997	48.281
11.99	12.00	0.007014	48.376
11.99	12.00	0.007031	48.480
11.99	12.00	0.007047	48.580
11.99	12.00	0.007064	48.675
11.99	12.00	0.007080	48.779
11.99	12.00	0.007097	48.879
11.99	12.00	0.007114	48.973
11.99	12.00	0.007130	49.078
11.99	12.00	0.007147	49.172
11.99	12.00	0.007164	49.272
11.99	12.00	0.007180	49.376
11.99	12.00	0.007197	49.471
11.99	12.00	0.007214	49.571
11.99	12.00	0.007230	49.675
11.99	12.00	0.007247	49.770
11.99	12.00	0.007264	49.869
11.99	12.00	0.007280	49.974
12.02	12.00	0.007297	50.069
12.02	12.00	0.007314	50.169
12.02	12.00	0.007330	50.273
12.02	12.00	0.007347	50.368
12.02	12.00	0.007364	50.467
12.02	12.00	0.007380	50.572
12.02	12.00	0.007397	50.666
12.02	12.00	0.007414	50.766
12.02	12.00	0.007430	50.870
12.02	12.00	0.007447	50.965
12.02	12.00	0.007464	51.066
12.02	12.00	0.007480	51.170
11.99	12.00	0.007497	51.264
11.99	12.00	0.007514	51.363
11.99	12.00	0.007530	51.468
11.99	12.00	0.007547	51.563
11.99	12.00	0.007564	51.663
11.99	12.00	0.007580	51.768
11.99	12.00	0.007597	51.862
11.99	12.00	0.007614	51.963
11.99	12.00	0.007630	52.066
11.99	12.00	0.007647	52.161
11.99	12.00	0.007664	52.262
11.99	12.00	0.007680	52.365
11.99	12.00	0.007697	52.461
11.99	12.00	0.007714	52.562
11.99	12.00	0.007730	52.664
11.99	12.00	0.007747	52.762
11.99	12.00	0.007764	52.863
11.99	12.00	0.007780	52.962
11.99	12.00	0.007797	53.062
11.99	12.00	0.007814	53.161
11.99	12.00	0.007830	53.262
11.99	12.00	0.007847	53.362
11.99	12.00	0.007864	53.462
11.99	12.00	0.007880	53.562
12.02	12.00	0.007897	53.662
12.02	12.00	0.007913	53.762
12.02	12.00	0.007930	53.862
12.02	12.00	0.007947	53.961
12.02	12.00	0.007963	54.062
12.02	12.00	0.007980	54.162
12.02	12.00	0.007997	54.262
12.02	12.00	0.008013	54.362
12.02	12.00	0.008030	54.462
12.02	12.00	0.008047	54.562
12.02	12.00	0.008063	54.661
11.99	12.00	0.008080	54.762
11.99	12.00	0.008097	54.861
11.99	12.00	0.008113	54.962
11.99	12.00	0.008130	55.062
11.99	12.00	0.008147	55.161
11.99	12.00	0.008163	55.262
11.99	12.00	0.008180	55.362
11.99	12.00	0.008197	55.462
11.99	12.00	0.008213	55.563
11.99	12.00	0.008230	55.664
11.99	12.00	0.008247	55.764
11.99	12.00	0.008263	55.864
11.99	12.00	0.008280	55.964
11.99	12.00	0.008297	56.064
11.99	12.00	0.008313	56.164
11.99	12.00	0.008330	56.263
11.99	12.00	0.008347	56.364
11.99	12.00	0.008363	56.463
11.99	12.00	0.008380	56.564
11.99	12.00	0.008397	56.664
11.99	12.00	0.008413	56.764
11.99	12.00	0.008430	56.864
11.99	12.00	0.008447	56.964
11.99	12.00	0.008463	57.064
11.99	12.00	0.008480	57.163
11.99	12.00	0.008497	57.264
11.99	12.00	0.008513	57.364
12.02	12.00	0.008530	57.464
12.02	12.00	0.008547	57.564
12.02	12.00	0.008563	57.689
12.02	12.00	0.008580	57.789
12.02	12.00	0.008597	57.893
12.02	12.00	0.008613	57.988
12.02	12.00	0.008630	58.087
12.02	12.00	0.008647	58.192
12.02	12.00	0.008663	58.287
12.02	12.00	0.008680	58.386
12.02	12.00	0.008697	58.491
12.02	12.00	0.008713	58.585
12.02	12.00	0.008730	58.685
11.99	12.00	0.008746	58.789
11.99	12.00	0.008763	58.884
11.99	12.00	0.008780	58.983
11.99	12.00	0.008796	59.088
11.99	12.00	0.008813	59.183
11.99	12.00	0.008830	59.282
11.99	12.00	0.008846	59.387
11.99	12.00	0.008863	59.481
11.99	12.00	0.008880	59.582
11.99	12.00	0.008896	59.685
11.99	12.00	0.008913	59.780
11.99	12.00	0.008930	59.882
11.99	12.00	0.008946	59.984
11.99	12.00	0.008963	00.079
11.99	12.00	0.008980	00.181
11.99	12.00	0.008996	00.283
11.99	12.00	0.009013	00.378
11.99	12.00	0.009030	00.481
11.99	12.00	0.009046	00.582
11.99	12.00	0.009063	00.677
11.99	12.00	0.009080	00.781
11.99	12.00	0.009096	00.881
11.99	12.00	0.009113	00.975
12.02	12.00	0.009130	01.080
12.02	12.00	0.009146	01.180
12.02	12.00	0.009163	01.274
12.02	12.00	0.009180	01.379
12.02	12.00	0.009196	01.478
12.02	12.00	0.009213	01.573
12.02	12.00	0.009230	01.678
12.02	12.00	0.009246	01.778
12.02	12.00	0.009263	01.872
12.02	12.00	0.009280	01.977
12.02	12.00	0.009296	02.072
11.99	12.00	0.009313	02.170
11.99	12.00	0.009330	02.276
11.99	12.00	0.009346	02.370
11.99	12.00	0.009363	02.470
11.99	12.00	0.009380	02.574
11.99	12.00	0.009396	02.669
11.99	12.00	0.009413	02.768
11.99	12.00	0.009430	02.873
11.99	12.00	0.009446	02.967
11.99	12.00	0.009463	03.067
11.99	12.00	0.009480	03.171
11.99	12.00	0.009496	03.267
11.99	12.00	0.009513	03.366
11.99	12.00	0.009530	03.470
11.99	12.00	0.009546	03.567
11.99	12.00	0.009563	03.667
11.99	12.00	0.009579	03.770
11.99	12.00	0.009596	03.867
11.99	12.00	0.009613	03.967
11.99	12.00	0.009629	04.068
11.99	12.00	0.009646	04.167
11.99	12.00	0.009663	04.266
12.02	12.00	0.009679	04.367
12.02	12.00	0.009696	04.467
12.02	12.00	0.009713	04.567
12.02	12.00	0.009729	04.667
12.02	12.00	0.009746	04.767
12.02	12.00	0.009763	04.867
12.02	12.00	0.009779	04.966
12.02	12.00	0.009796	05.067
12.02	12.00	0.009813	05.166
12.02	12.00	0.009829	05.267
12.02	12.00	0.009846	05.367
11.99	12.00	0.009863	05.467
11.99	12.00	0.009879	05.567
11.99	12.00	0.009896	05.667
11.99	12.00	0.009913	05.768
11.99	12.00	0.009929	05.868
11.99	12.00	0.009946	05.968
11.99	12.00	0.009963	06.068
11.99	12.00	0.009979	06.168
11.99	12.00	0.009996	06.268
11.99	12.00	0.010013	06.368
11.99	12.00	0.010029	06.467
11.99	12.00	0.010046	06.568
11.99	12.00	0.010063	06.668
11.99	12.00	0.010079	06.768
11.99	12.00	0.010096	06.868
11.99	12.00	0.010113	06.968
11.99	12.00	0.010129	07.068
11.99	12.00	0.010146	07.167
11.99	12.00	0.010163	07.268
11.99	12.00	0.010179	07.367
11.99	12.00	0.010196	07.468
11.99	12.00	0.010213	07.568
12.02	12.00	0.010229	07.668
12.02	12.00	0.010246	07.768
12.02	12.00	0.010263	07.868
12.02	12.00	0.010279	07.968
12.02	12.00	0.010296	08.067
12.02	12.00	0.010313	08.168
12.02	12.00	0.010329	08.268
12.02	12.00	0.010346	08.368
12.02	12.00	0.010363	08.468
12.02	12.00	0.010379	08.568
12.02	12.00	0.010396	08.668
12.02	12.00	0.010412	08.767
12.02	12.00	0.010429	08.868
11.99	12.00	0.010446	08.967
11.99	12.00	0.010462	09.068
11.99	12.00	0.010479	09.168
11.99	12.00	0.010496	09.268
11.99	12.00	0.010512	09.368
11.99	12.00	0.010529	09.492
11.99	12.00	0.010546	09.597
11.99	12.00	0.010562	09.696
11.99	12.00	0.010579	09.791
11.99	12.00	0.010596	09.895
11.99	12.00	0.010612	09.990
11.99	12.00	0.010629	10.089
11.99	12.00	0.010646	10.194
11.99	12.00	0.010662	10.288
11.99	12.00	0.010679	10.388
11.99	12.00	0.010696	10.492
11.99	12.00	0.010712	10.587
11.99	12.00	0.010729	10.686
11.99	12.00	0.010746	10.791
11.99	12.00	0.010762	10.886
11.99	12.00	0.010779	10.985
11.99	12.00	0.010796	11.091
11.99	12.00	0.010812	11.184
12.02	12.00	0.010829	11.285
12.02	12.00	0.010846	11.389
12.02	12.00	0.010862	11.484
12.02	12.00	0.010879	11.584
12.02	12.00	0.010896	11.688
12.02	12.00	0.010912	11.783
12.02	12.00	0.010929	11.882
12.02	12.00	0.010946	11.987
12.02	12.00	0.010962	12.081
12.02	12.00	0.010979	12.181
12.02	12.00	0.010996	12.285
11.99	12.00	0.011012	12.380
11.99	12.00	0.011029	12.480
11.99	12.00	0.011046	12.584
11.99	12.00	0.011062	12.679
11.99	12.00	0.011079	12.780
11.99	12.00	0.011096	12.883
11.99	12.00	0.011112	12.977
11.99	12.00	0.011129	13.080
11.99	12.00	0.011146	13.182
11.99	12.00	0.011162	13.276
11.99	12.00	0.011179	13.380
11.99	12.00	0.011196	13.480
11.99	12.00	0.011212	13.576
11.99	12.00	0.011229	13.679
11.99	12.00	0.011245	13.780
11.99	12.00	0.011262	13.874
11.99	12.00	0.011279	13.979
11.99	12.00	0.011295	14.079
11.99	12.00	0.011312	14.173
11.99	12.00	0.011329	14.278
11.99	12.00	0.011345	14.377
11.99	12.00	0.011362	14.472
11.99	12.00	0.011379	14.576
12.02	12.00	0.011395	14.676
12.02	12.00	0.011412	14.771
12.02	12.00	0.011429	14.875
12.02	12.00	0.011445	14.970
12.02	12.00	0.011462	15.070
12.02	12.00	0.011479	15.174
12.02	12.00	0.011495	15.269
12.02	12.00	0.011512	15.370
12.02	12.00	0.011529	15.472
12.02	12.00	0.011545	15.570
12.02	12.00	0.011562	15.670
12.02	12.00	0.011579	15.771
11.99	12.00	0.011595	15.870
11.99	12.00	0.011612	15.970
11.99	12.00	0.011629	16.070
11.99	12.00	0.011645	16.170
11.99	12.00	0.011662	16.269
11.99	12.00	0.011679	16.370
11.99	12.00	0.011695	16.470
11.99	12.00	0.011712	16.570
11.99	12.00	0.011729	16.670
11.99	12.00	0.011745	16.775
11.99	12.00	0.011762	16.870
11.99	12.00	0.011779	16.969
11.99	12.00	0.011795	17.070
11.99	12.00	0.011812	17.170
11.99	12.00	0.011829	17.270
11.99	12.00	0.011845	17.370
11.99	12.00	0.011862	17.470
11.99	12.00	0.011879	17.570
11.99	12.00	0.011895	17.670
11.99	12.00	0.011912	17.770
11.99	12.00	0.011929	17.870
11.99	12.00	0.011945	17.969
12.02	12.00	0.011962	18.069
12.02	12.00	0.011979	18.169
12.02	12.00	0.011995	18.270
12.02	12.00	0.012012	18.370
12.02	12.00	0.012029	18.470
12.02	12.00	0.012045	18.570
12.02	12.00	0.012062	18.670
12.02	12.00	0.012078	18.770
12.02	12.00	0.012095	18.869
12.02	12.00	0.012112	18.970
12.02	12.00	0.012128	19.070
11.99	12.00	0.012145	19.175
11.99	12.00	0.012162	19.270
11.99	12.00	0.012178	19.370
11.99	12.00	0.012195	19.470
11.99	12.00	0.012212	19.569
11.99	12.00	0.012228	19.670
11.99	12.00	0.012245	19.770
11.99	12.00	0.012262	19.870
11.99	12.00	0.012278	19.970
11.99	12.00	0.012295	20.075
11.99	12.00	0.012312	20.170
11.99	12.00	0.012328	20.270
11.99	12.00	0.012345	20.370
11.99	12.00	0.012362	20.470
11.99	12.00	0.012378	20.570
11.99	12.00	0.012395	20.675
11.99	12.00	0.012412	20.770
11.99	12.00	0.012428	20.870
11.99	12.00	0.012445	20.969
11.99	12.00	0.012462	21.070
11.99	12.00	0.012478	21.170
11.99	12.00	0.012495	21.274
12.02	12.00	0.012512	21.370
12.02	12.00	0.012528	21.494
12.02	12.00	0.012545	21.599
12.02	12.00	0.012562	21.698
12.02	12.00	0.012578	21.793
12.02	12.00	0.012595	21.897
12.02	12.00	0.012612	21.997
12.02	12.00	0.012628	22.091
11.99	12.00	0.012645	22.196
11.99	12.00	0.012662	22.296
11.99	12.00	0.012678	22.390
11.99	12.00	0.012695	22.495
11.99	12.00	0.012712	22.595
11.99	12.00	0.012728	22.689
11.99	12.00	0.012745	22.793
11.99	12.00	0.012762	22.888
11.99	12.00	0.012778	22.988
11.99	12.00	0.012795	23.092
11.99	12.00	0.012812	23.187
11.99	12.00	0.012828	23.286
11.99	12.00	0.012845	23.391
11.99	12.00	0.012862	23.485
11.99	12.00	0.012878	23.585
11.99	12.00	0.012895	23.690
11.99	12.00	0.012911	23.785
11.99	12.00	0.012928	23.885
11.99	12.00	0.012945	23.989
12.02	12.00	0.012961	24.084
12.02	12.00	0.012978	24.183
12.02	12.00	0.012995	24.288
12.02	12.00	0.013011	24.382
12.02	12.00	0.013028	24.482
12.02	12.00	0.013045	24.587
12.02	12.00	0.013061	24.681
12.02	12.00	0.013078	24.781
12.02	12.00	0.013095	24.885
12.02	12.00	0.013111	24.980
12.02	12.00	0.013128	25.079
12.02	12.00	0.013145	25.184
12.02	12.00	0.013161	25.278
11.99	12.00	0.013178	25.378
11.99	12.00	0.013195	25.483
11.99	12.00	0.013211	25.577
11.99	12.00	0.013228	25.678
11.99	12.00	0.013245	25.781
11.99	12.00	0.013261	25.876
11.99	12.00	0.013278	25.978
11.99	12.00	0.013295	26.080
11.99	12.00	0.013311	26.175
11.99	12.00	0.013328	26.278
11.99	12.00	0.013345	26.380
11.99	12.00	0.013361	26.474
11.99	12.00	0.013378	26.578
11.99	12.00	0.013395	26.678
11.99	12.00	0.013411	26.773
11.99	12.00	0.013428	26.878
11.99	12.00	0.013445	26.977
11.99	12.00	0.013461	27.072
11.99	12.00	0.013478	27.176
11.99	12.00	0.013495	27.276
11.99	12.00	0.013511	27.370
11.99	12.00	0.013528	27.475
11.99	12.00	0.013545	27.574
11.99	12.00	0.013561	27.671
11.99	12.00	0.013578	27.774
11.99	12.00	0.013595	27.873
12.02	12.00	0.013611	27.971
12.02	12.00	0.013628	28.072
12.02	12.00	0.013645	28.174
12.02	12.00	0.013661	28.270
12.02	12.00	0.013678	28.371
12.02	12.00	0.013695	28.474
12.02	12.00	0.013711	28.571
12.02	12.00	0.013728	28.672
12.02	12.00	0.013744	28.773
12.02	12.00	0.013761	28.872
11.99	12.00	0.013778	28.971
11.99	12.00	0.013794	29.073
11.99	12.00	0.013811	29.171
11.99	12.00	0.013828	29.272
11.99	12.00	0.013844	29.374
11.99	12.00	0.013861	29.472
11.99	12.00	0.013878	29.572
11.99	12.00	0.013894	29.673
11.99	12.00	0.013911	29.772
11.99	12.00	0.013928	29.871
11.99	12.00	0.013944	29.973
11.99	12.00	0.013961	30.071
11.99	12.00	0.013978	30.172
11.99	12.00	0.013994	30.273
11.99	12.00	0.014011	30.372
11.99	12.00	0.014028	30.472
11.99	12.00	0.014044	30.573
12.02	12.00	0.014061	30.672
12.02	12.00	0.014078	30.772
12.02	12.00	0.014094	30.874
12.02	12.00	0.014111	30.972
12.02	12.00	0.014128	31.072
12.02	12.00	0.014144	31.173
12.02	12.00	0.014161	31.272
12.02	12.00	0.014178	31.371
12.02	12.00	0.014194	31.473
12.02	12.00	0.014211	31.571
12.02	12.00	0.014228	31.672
12.02	12.00	0.014244	31.774
12.02	12.00	0.014261	31.872
12.02	12.00	0.014278	31.972
12.02	12.00	0.014294	32.073
11.99	12.00	0.014311	32.172
11.99	12.00	0.014328	32.271
11.99	12.00	0.014344	32.373
11.99	12.00	0.014361	32.471
11.99	12.00	0.014378	32.572
11.99	12.00	0.014394	32.673
11.99	12.00	0.014411	32.773
11.99	12.00	0.014428	32.873
11.99	12.00	0.014444	32.973
11.99	12.00	0.014461	33.073
11.99	12.00	0.014478	33.172
11.99	12.00	0.014494	33.273
11.99	12.00	0.014511	33.371
11.99	12.00	0.014528	33.496
11.99	12.00	0.014544	33.573
11.99	12.00	0.014561	33.701
11.99	12.00	0.014577	33.795
11.99	12.00	0.014594	33.873
11.99	12.00	0.014611	33.999
11.99	12.00	0.014627	34.094
11.99	12.00	0.014644	34.172
11.99	12.00	0.014661	34.298
11.99	12.00	0.014677	34.392
11.99	12.00	0.014694	34.472
11.99	12.00	0.014711	34.597
12.02	12.00	0.014727	34.691
12.02	12.00	0.014744	34.796
12.02	12.00	0.014761	34.895
12.02	12.00	0.014777	34.990
12.02	12.00	0.014794	35.094
12.02	12.00	0.014811	35.194
12.02	12.00	0.014827	35.289
12.02	12.00	0.014844	35.393
12.02	12.00	0.014861	35.494
12.02	12.00	0.014877	35.588
12.02	12.00	0.014894	35.693
11.99	12.00	0.014911	35.786
11.99	12.00	0.014927	35.886
11.99	12.00	0.014944	35.992
11.99	12.00	0.014961	36.085
11.99	12.00	0.014977	36.186
11.99	12.00	0.014994	36.290
11.99	12.00	0.015011	36.385
11.99	12.00	0.015027	36.484
11.99	12.00	0.015044	36.589
11.99	12.00	0.015061	36.684
11.99	12.00	0.015077	36.783
11.99	12.00	0.015094	36.888
11.99	12.00	0.015111	36.982
11.99	12.00	0.015127	37.082
11.99	12.00	0.015144	37.186
11.99	12.00	0.015161	37.281
11.99	12.00	0.015177	37.380
11.99	12.00	0.015194	37.485
11.99	12.00	0.015211	37.580
11.99	12.00	0.015227	37.679
11.99	12.00	0.015244	37.784
11.99	12.00	0.015261	37.878
11.99	12.00	0.015277	37.978
11.99	12.00	0.015294	38.082
11.99	12.00	0.015311	38.177
12.02	12.00	0.015327	38.278
12.02	12.00	0.015344	38.382
12.02	12.00	0.015361	38.477
12.02	12.00	0.015377	38.576
12.02	12.00	0.015394	38.681
12.02	12.00	0.015410	38.775
12.02	12.00	0.015427	38.877
12.02	12.00	0.015444	38.979
12.02	12.00	0.015460	39.074
11.99	12.00	0.015477	39.177
11.99	12.00	0.015494	39.278
11.99	12.00	0.015510	39.374
11.99	12.00	0.015527	39.476
11.99	12.00	0.015544	39.577
11.99	12.00	0.015560	39.674
11.99	12.00	0.015577	39.776
11.99	12.00	0.015594	39.876
11.99	12.00	0.015610	39.974
11.99	12.00	0.015627	40.075
11.99	12.00	0.015644	40.174
11.99	12.00	0.015660	40.274
11.99	12.00	0.015677	40.374
11.99	12.00	0.015694	40.474
11.99	12.00	0.015710	40.574
11.99	12.00	0.015727	40.674
11.99	12.00	0.015744	40.774
11.99	12.00	0.015760	40.874
11.99	12.00	0.015777	40.973
12.02	12.00	0.015794	41.074
12.02	12.00	0.015810	41.174
12.02	12.00	0.015827	41.274
12.02	12.00	0.015844	41.374
12.02	12.00	0.015860	41.474
12.02	12.00	0.015877	41.574
12.02	12.00	0.015894	41.673
12.02	12.00	0.015910	41.774
12.02	12.00	0.015927	41.874
12.02	12.00	0.015944	41.974
12.02	12.00	0.015960	42.074
12.02	12.00	0.015977	42.174
12.02	12.00	0.015994	42.274
12.02	12.00	0.016010	42.373
11.99	12.00	0.016027	42.474
11.99	12.00	0.016044	42.573
11.99	12.00	0.016060	42.674
11.99	12.00	0.016077	42.774
11.99	12.00	0.016094	42.874
11.99	12.00	0.016110	42.974
11.99	12.00	0.016127	43.074
11.99	12.00	0.016144	43.174
11.99	12.00	0.016160	43.273
11.99	12.00	0.016177	43.374
11.99	12.00	0.016194	43.474
11.99	12.00	0.016210	43.574
11.99	12.00	0.016227	43.674
11.99	12.00	0.016244	43.774
11.99	12.00	0.016260	43.874
11.99	12.00	0.016277	43.973
11.99	12.00	0.016293	44.074
11.99	12.00	0.016310	44.173
11.99	12.00	0.016327	44.274
11.99	12.00	0.016343	44.374
11.99	12.00	0.016360	44.474
11.99	12.00	0.016377	44.574
11.99	12.00	0.016393	44.674
11.99	12.00	0.016410	44.773
11.99	12.00	0.016427	44.874
12.02	12.00	0.016443	44.974
12.02	12.00	0.016460	45.074
12.02	12.00	0.016477	45.174
12.02	12.00	0.016493	45.274
12.02	12.00	0.016510	45.374
12.02	12.00	0.016527	45.498
12.02	12.00	0.016543	45.573
12.02	12.00	0.016560	45.672
12.02	12.00	0.016577	45.797
11.99	12.00	0.016593	45.897
11.99	12.00	0.016610	46.001
11.99	12.00	0.016627	46.096
11.99	12.00	0.016643	46.195
11.99	12.00	0.016660	46.300
11.99	12.00	0.016677	46.394
11.99	12.00	0.016693	46.496
11.99	12.00	0.016710	46.598
11.99	12.00	0.016727	46.693
11.99	12.00	0.016743	46.796
11.99	12.00	0.016760	46.898
11.99	12.00	0.016777	46.993
11.99	12.00	0.016793	47.095
11.99	12.00	0.016810	47.197
11.99	12.00	0.016827	47.291
11.99	12.00	0.016843	47.395
11.99	12.00	0.016860	47.496
11.99	12.00	0.016877	47.590
11.99	12.00	0.016893	47.695
11.99	12.00	0.016910	47.794
11.99	12.00	0.016927	47.889
11.99	12.00	0.016943	47.993
11.99	12.00	0.016960	48.092
12.02	12.00	0.016977	48.188
12.02	12.00	0.016993	48.293
12.02	12.00	0.017010	48.392
12.02	12.00	0.017027	48.487
12.02	12.00	0.017043	48.591
12.02	12.00	0.017060	48.686
12.02	12.00	0.017077	48.785
12.02	12.00	0.017093	48.890
12.02	12.00	0.017110	48.984
12.02	12.00	0.017126	49.085
12.02	12.00	0.017143	49.189
12.02	12.00	0.017160	49.284
11.99	12.00	0.017176	49.382
11.99	12.00	0.017193	49.488
11.99	12.00	0.017210	49.582
11.99	12.00	0.017226	49.681
11.99	12.00	0.017243	49.786
11.99	12.00	0.017260	49.880
11.99	12.00	0.017276	49.980
11.99	12.00	0.017293	50.084
11.99	12.00	0.017310	50.179
11.99	12.00	0.017326	50.279
11.99	12.00	0.017343	50.384
11.99	12.00	0.017360	50.479
11.99	12.00	0.017376	50.578
11.99	12.00	0.017393	50.683
11.99	12.00	0.017410	50.777
11.99	12.00	0.017426	50.877
11.99	12.00	0.017443	50.981
11.99	12.00	0.017460	51.076
12.02	12.00	0.017476	51.175
12.02	12.00	0.017493	51.280
12.02	12.00	0.017510	51.375
12.02	12.00	0.017526	51.475
12.02	12.00	0.017543	51.579
12.02	12.00	0.017560	51.675
12.02	12.00	0.017576	51.775
12.02	12.00	0.017593	51.878
12.02	12.00	0.017610	51.975
12.02	12.00	0.017626	52.075
12.02	12.00	0.017643	52.177
11.99	12.00	0.017660	52.275
11.99	12.00	0.017676	52.375
11.99	12.00	0.017693	52.475
11.99	12.00	0.017710	52.575
11.99	12.00	0.017726	52.675
11.99	12.00	0.017743	52.774
11.99	12.00	0.017760	52.875
11.99	12.00	0.017776	52.975
11.99	12.00	0.017793	53.075
11.99	12.00	0.017810	53.175
11.99	12.00	0.017826	53.275
11.99	12.00	0.017843	53.375
11.99	12.00	0.017860	53.475
11.99	12.00	0.017876	53.574
11.99	12.00	0.017893	53.675
11.99	12.00	0.017910	53.775
11.99	12.00	0.017926	53.875
11.99	12.00	0.017943	53.975
11.99	12.00	0.017959	54.075
11.99	12.00	0.017976	54.175
11.99	12.00	0.017993	54.274
11.99	12.00	0.018009	54.374
11.99	12.00	0.018026	54.475
12.02	12.00	0.018043	54.575
12.02	12.00	0.018059	54.675
12.02	12.00	0.018076	54.775
12.02	12.00	0.018093	54.875
12.02	12.00	0.018109	54.974
12.02	12.00	0.018126	55.076
12.02	12.00	0.018143	55.176
12.02	12.00	0.018159	55.276
12.02	12.00	0.018176	55.376
12.02	12.00	0.018193	55.476
12.02	12.00	0.018209	55.576
12.02	12.00	0.018226	55.675
11.99	12.00	0.018243	55.776
11.99	12.00	0.018259	55.876
11.99	12.00	0.018276	55.976
11.99	12.00	0.018293	56.077
11.99	12.00	0.018309	56.176
11.99	12.00	0.018326	56.277
11.99	12.00	0.018343	56.377
11.99	12.00	0.018359	56.476
11.99	12.00	0.018376	56.577
11.99	12.00	0.018393	56.676
11.99	12.00	0.018409	56.777
11.99	12.00	0.018426	56.877
11.99	12.00	0.018443	56.977
11.99	12.00	0.018459	57.078
11.99	12.00	0.018476	57.202
11.99	12.00	0.018493	57.302
11.99	12.00	0.018509	57.406
11.99	12.00	0.018526	57.501
11.99	12.00	0.018543	57.600
11.99	12.00	0.018559	57.705
11.99	12.00	0.018576	57.799
11.99	12.00	0.018593	57.899
12.02	12.00	0.018609	58.004
12.02	12.00	0.018626	58.098
12.02	12.00	0.018643	58.198
12.02	12.00	0.018659	58.303
12.02	12.00	0.018676	58.397
12.02	12.00	0.018693	58.497
12.02	12.00	0.018709	58.601
12.02	12.00	0.018726	58.696
12.02	12.00	0.018743	58.796
12.02	12.00	0.018759	58.900
12.02	12.00	0.018776	58.995
12.02	12.00	0.018792	59.094
11.99	12.00	0.018809	59.199
11.99	12.00	0.018826	59.293
11.99	12.00	0.018842	59.394
11.99	12.00	0.018859	59.498
11.99	12.00	0.018876	59.592
11.99	12.00	0.018892	59.694
11.99	12.00	0.018909	59.796
11.99	12.00	0.018926	59.891
11.99	12.00	0.018942	59.993
11.99	12.00	0.018959	00.095
11.99	12.00	0.018976	00.190
11.99	12.00	0.018992	00.294
11.99	12.00	0.019009	00.394
11.99	12.00	0.019026	00.489
11.99	12.00	0.019042	00.593
11.99	12.00	0.019059	00.693
11.99	12.00	0.019076	00.787
11.99	12.00	0.019092	00.891
11.99	12.00	0.019109	00.991
11.99	12.00	0.019126	01.086
11.99	12.00	0.019142	01.191
12.02	12.00	0.019159	01.291
12.02	12.00	0.019176	01.385
12.02	12.00	0.019192	01.490
12.02	12.00	0.019209	01.589
12.02	12.00	0.019226	01.684
12.02	12.00	0.019242	01.789
12.02	12.00	0.019259	01.883
12.02	12.00	0.019276	01.983
12.02	12.00	0.019292	02.087
11.99	12.00	0.019309	02.182
11.99	12.00	0.019326	02.281
11.99	12.00	0.019342	02.386
11.99	12.00	0.019359	02.481
11.99	12.00	0.019376	02.580
11.99	12.00	0.019392	02.685
11.99	12.00	0.019409	02.780
11.99	12.00	0.019426	02.879
11.99	12.00	0.019442	02.984
11.99	12.00	0.019459	03.078
11.99	12.00	0.019476	03.178
11.99	12.00	0.019492	03.282
11.99	12.00	0.019509	03.378
11.99	12.00	0.019526	03.478
11.99	12.00	0.019542	03.581
11.99	12.00	0.019559	03.679
11.99	12.00	0.019576	03.779
11.99	12.00	0.019592	03.880
11.99	12.00	0.019609	03.978
11.99	12.00	0.019625	04.079
11.99	12.00	0.019642	04.178
11.99	12.00	0.019659	04.279
11.99	12.00	0.019675	04.379
11.99	12.00	0.019692	04.479
12.02	12.00	0.019709	04.579
12.02	12.00	0.019725	04.679
12.02	12.00	0.019742	04.778
12.02	12.00	0.019759	04.879
12.02	12.00	0.019775	04.978
12.02	12.00	0.019792	05.079
12.02	12.00	0.019809	05.179
12.02	12.00	0.019825	05.279
12.02	12.00	0.019842	05.379
12.02	12.00	0.019859	05.479
12.02	12.00	0.019875	05.579
12.02	12.00	0.019892	05.679
12.02	12.00	0.019909	05.779
12.02	12.00	0.019925	05.879
11.99	12.00	0.019942	05.979
11.99	12.00	0.019959	06.079
11.99	12.00	0.019975	06.179
11.99	12.00	0.019992	06.279
11.99	12.00	0.020009	06.379
11.99	12.00	0.020025	06.478
11.99	12.00	0.020042	06.579
11.99	12.00	0.020059	06.679
11.99	12.00	0.020075	06.779
11.99	12.00	0.020092	06.879
11.99	12.00	0.020109	06.979
11.99	12.00	0.020125	07.078
11.99	12.00	0.020142	07.179
11.99	12.00	0.020159	07.279
11.99	12.00	0.020175	07.379
11.99	12.00	0.020192	07.479
11.99	12.00	0.020209	07.579
11.99	12.00	0.020225	07.679
11.99	12.00	0.020242	07.778
11.99	12.00	0.020259	07.879
11.99	12.00	0.020275	07.978
11.99	12.00	0.020292	08.079
12.02	12.00	0.020309	08.179
12.02	12.00	0.020325	08.279
12.02	12.00	0.020342	08.379
12.02	12.00	0.020359	08.479
12.02	12.00	0.020375	08.579
12.02	12.00	0.020392	08.678
12.02	12.00	0.020409	08.779
12.02	12.00	0.020425	08.878
12.02	12.00	0.020442	08.979
12.02	12.00	0.020458	09.079
12.02	12.00	0.020475	09.179
11.99	12.00	0.020492	09.279
11.99	12.00	0.020508	09.379
11.99	12.00	0.020525	09.478
11.99	12.00	0.020542	09.602
11.99	12.00	0.020558	09.707
11.99	12.00	0.020575	09.801
11.99	12.00	0.020592	09.902
11.99	12.00	0.020608	10.006
11.99	12.00	0.020625	10.101
11.99	12.00	0.020642	10.200
11.99	12.00	0.020658	10.305
11.99	12.00	0.020675	10.399
11.99	12.00	0.020692	10.499
11.99	12.00	0.020708	10.603
11.99	12.00	0.020725	10.698
11.99	12.00	0.020742	10.798
11.99	12.00	0.020758	10.902
11.99	12.00	0.020775	10.997
11.99	12.00	0.020792	11.096
11.99	12.00	0.020808	11.201
11.99	12.00	0.020825	11.295
11.99	12.00	0.020842	11.395
11.99	12.00	0.020858	11.500
11.99	12.00	0.020875	11.594
11.99	12.00	0.020892	11.694
11.99	12.00	0.020908	11.798
11.99	12.00	0.020925	11.893
11.99	12.00	0.020942	11.992
11.99	12.00	0.020958	12.097
12.02	12.00	0.020975	12.191
12.02	12.00	0.020992	12.292
12.02	12.00	0.021008	12.397
12.02	12.00	0.021025	12.491
12.02	12.00	0.021042	12.592
12.02	12.00	0.021058	12.695
12.02	12.00	0.021075	12.790
12.02	12.00	0.021092	12.892
12.02	12.00	0.021108	12.994
12.02	12.00	0.021125	13.089
12.02	12.00	0.021142	13.192
12.02	12.00	0.021158	13.293
12.02	12.00	0.021175	13.387
12.02	12.00	0.021192	13.492
11.99	12.00	0.021208	13.591
11.99	12.00	0.021225	13.686
11.99	12.00	0.021242	13.791
11.99	12.00	0.021258	13.890
11.99	12.00	0.021275	13.985
11.99	12.00	0.021291	14.089
11.99	12.00	0.021308	14.189
11.99	12.00	0.021325	14.283
11.99	12.00	0.021341	14.388
11.99	12.00	0.021358	14.488
11.99	12.00	0.021375	14.582
11.99	12.00	0.021391	14.687
11.99	12.00	0.021408	14.781
11.99	12.00	0.021425	14.881
11.99	12.00	0.021441	14.985
11.99	12.00	0.021458	15.080
11.99	12.00	0.021475	15.179
11.99	12.00	0.021491	15.284
11.99	12.00	0.021508	15.380
11.99	12.00	0.021525	15.480
11.99	12.00	0.021541	15.583
11.99	12.00	0.021558	15.680
11.99	12.00	0.021575	15.780
11.99	12.00	0.021591	15.882
12.02	12.00	0.021608	15.979
12.02	12.00	0.021625	16.080
12.02	12.00	0.021641	16.181
12.02	12.00	0.021658	16.280
12.02	12.00	0.021675	16.380
12.02	12.00	0.021691	16.480
12.02	12.00	0.021708	16.580
12.02	12.00	0.021725	16.679
12.02	12.00	0.021741	16.780
12.02	12.00	0.021758	16.880
12.02	12.00	0.021775	16.980
12.02	12.00	0.021791	17.080
11.99	12.00	0.021808	17.180
11.99	12.00	0.021825	17.280
11.99	12.00	0.021841	17.379
11.99	12.00	0.021858	17.480
11.99	12.00	0.021875	17.579
11.99	12.00	0.021891	17.680
11.99	12.00	0.021908	17.780
11.99	12.00	0.021925	17.880
11.99	12.00	0.021941	17.980
11.99	12.00	0.021958	18.080
11.99	12.00	0.021975	18.179
11.99	12.00	0.021991	18.280
11.99	12.00	0.022008	18.379
11.99	12.00	0.022025	18.480
11.99	12.00	0.022041	18.580
11.99	12.00	0.022058	18.680
11.99	12.00	0.022075	18.780
11.99	12.00	0.022091	18.879
11.99	12.00	0.022108	18.980
11.99	12.00	0.022124	19.079
11.99	12.00	0.022141	19.180
11.99	12.00	0.022158	19.280
11.99	12.00	0.022174	19.380
11.99	12.00	0.022191	19.480
11.99	12.00	0.022208	19.580
11.99	12.00	0.022224	19.680
11.99	12.00	0.022241	19.779
12.02	12.00	0.022258	19.880
12.02	12.00	0.022274	19.979
12.02	12.00	0.022291	20.080
12.02	12.00	0.022308	20.180
12.02	12.00	0.022324	20.280
12.02	12.00	0.022341	20.380
12.02	12.00	0.022358	20.480
12.02	12.00	0.022374	20.579
12.02	12.00	0.022391	20.680
12.02	12.00	0.022408	20.780
12.02	12.00	0.022424	20.880
12.02	12.00	0.022441	20.980
12.02	12.00	0.022458	21.080
11.99	12.00	0.022474	21.180
11.99	12.00	0.022491	21.279
11.99	12.00	0.022508	21.380
11.99	12.00	0.022524	21.479
11.99	12.00	0.022541	21.580
11.99	12.00	0.022558	21.680
11.99	12.00	0.022574	21.809
11.99	12.00	0.022591	21.904
11.99	12.00	0.022608	22.008
11.99	12.00	0.022624	22.108
11.99	12.00	0.022641	22.202
11.99	12.00	0.022658	22.307
11.99	12.00	0.022674	22.406
11.99	12.00	0.022691	22.501
11.99	12.00	0.022708	22.606
11.99	12.00	0.022724	22.700
11.99	12.00	0.022741	22.800
11.99	12.00	0.022758	22.904
11.99	12.00	0.022774	22.999
11.99	12.00	0.022791	23.098
11.99	12.00	0.022808	23.203
11.99	12.00	0.022824	23.297
11.99	12.00	0.022841	23.397
12.02	12.00	0.022858	23.502
12.02	12.00	0.022874	23.596
12.02	12.00	0.022891	23.696
12.02	12.00	0.022908	23.800
12.02	12.00	0.022924	23.896
12.02	12.00	0.022941	23.995
12.02	12.00	0.022957	24.100
12.02	12.00	0.022974	24.195
12.02	12.00	0.022991	24.294
12.02	12.00	0.023007	24.399
12.02	12.00	0.023024	24.493
12.02	12.00	0.023041	24.593
11.99	12.00	0.023057	24.697
11.99	12.00	0.023074	24.792
11.99	12.00	0.023091	24.891
11.99	12.00	0.023107	24.996
11.99	12.00	0.023124	25.091
11.99	12.00	0.023141	25.190
11.99	12.00	0.023157	25.295
11.99	12.00	0.023174	25.389
11.99	12.00	0.023191	25.491
11.99	12.00	0.023207	25.593
11.99	12.00	0.023224	25.688
11.99	12.00	0.023241	25.790
11.99	12.00	0.023257	25.892
11.99	12.00	0.023274	25.986
11.99	12.00	0.023291	26.090
11.99	12.00	0.023307	26.191
11.99	12.00	0.023324	26.286
11.99	12.00	0.023341	26.390
11.99	12.00	0.023357	26.490
11.99	12.00	0.023374	26.585
11.99	12.00	0.023391	26.689
11.99	12.00	0.023407	26.789
11.99	12.00	0.023424	26.884
11.99	12.00	0.023441	26.988
12.02	12.00	0.023457	27.088
12.02	12.00	0.023474	27.182
12.02	12.00	0.023491	27.287
12.02	12.00	0.023507	27.386
12.02	12.00	0.023524	27.481
12.02	12.00	0.023541	27.585
12.02	12.00	0.023557	27.680
12.02	12.00	0.023574	27.780
12.02	12.00	0.023591	27.884
12.02	12.00	0.023607	27.980
11.99	12.00	0.023624	28.080
11.99	12.00	0.023641	28.183
11.99	12.00	0.023657	28.279
11.99	12.00	0.023674	28.380
11.99	12.00	0.023691	28.482
11.99	12.00	0.023707	28.580
11.99	12.00	0.023724	28.681
11.99	12.00	0.023741	28.781
11.99	12.00	0.023757	28.881
11.99	12.00	0.023774	28.980
11.99	12.00	0.023790	29.081
11.99	12.00	0.023807	29.180
11.99	12.00	0.023824	29.281
11.99	12.00	0.023840	29.381
11.99	12.00	0.023857	29.485
11.99	12.00	0.023874	29.581
11.99	12.00	0.023890	29.681
11.99	12.00	0.023907	29.786
11.99	12.00	0.023924	29.880
11.99	12.00	0.023940	29.981
12.02	12.00	0.023957	30.081
12.02	12.00	0.023974	30.181
12.02	12.00	0.023990	30.281
12.02	12.00	0.024007	30.385
12.02	12.00	0.024024	30.481
12.02	12.00	0.024040	30.580
12.02	12.00	0.024057	30.685
12.02	12.00	0.024074	30.780
12.02	12.00	0.024090	30.881
12.02	12.00	0.024107	30.986
12.02	12.00	0.024124	31.081
12.02	12.00	0.024140	31.181
11.99	12.00	0.024157	31.285
11.99	12.00	0.024174	31.382
11.99	12.00	0.024190	31.481
11.99	12.00	0.024207	31.585
11.99	12.00	0.024224	31.682
11.99	12.00	0.024240	31.782
11.99	12.00	0.024257	31.886
11.99	12.00	0.024274	31.982
11.99	12.00	0.024290	32.082
11.99	12.00	0.024307	32.185
11.99	12.00	0.024324	32.282
11.99	12.00	0.024340	32.381
11.99	12.00	0.024357	32.485
11.99	12.00	0.024374	32.582
11.99	12.00	0.024390	32.682
11.99	12.00	0.024407	32.785
11.99	12.00	0.024424	32.882
11.99	12.00	0.024440	32.982
11.99	12.00	0.024457	33.085
11.99	12.00	0.024474	33.182
11.99	12.00	0.024490	33.281
11.99	12.00	0.024507	33.385
11.99	12.00	0.024524	33.482
11.99	12.00	0.024540	33.582
11.99	12.00	0.024557	33.685
11.99	12.00	0.024574	33.811
11.99	12.00	0.024590	33.906
12.02	12.00	0.024607	33.984
12.02	12.00	0.024623	34.110
12.02	12.00	0.024640	34.204
12.02	12.00	0.024657	34.309
12.02	12.00	0.024673	34.409
12.02	12.00	0.024690	34.503
12.02	12.00	0.024707	34.608
12.02	12.00	0.024723	34.707
12.02	12.00	0.024740	34.802
12.02	12.00	0.024757	34.906
12.02	12.00	0.024773	35.006
12.02	12.00	0.024790	35.100
12.02	12.00	0.024807	35.205
11.99	12.00	0.024823	35.305
11.99	12.00	0.024840	35.399
11.99	12.00	0.024857	35.504
11.99	12.00	0.024873	35.598
11.99	12.00	0.024890	35.698
11.99	12.00	0.024907	35.802
11.99	12.00	0.024923	35.897
11.99	12.00	0.024940	35.997
11.99	12.00	0.024957	36.101
11.99	12.00	0.024973	36.196
11.99	12.00	0.024990	36.296
11.99	12.00	0.025007	36.400
11.99	12.00	0.025023	36.494
11.99	12.00	0.025040	36.595
11.99	12.00	0.025057	36.700
11.99	12.00	0.025073	36.794
11.99	12.00	0.025090	36.894
11.99	12.00	0.025107	36.998
11.99	12.00	0.025123	37.093
11.99	12.00	0.025140	37.192
11.99	12.00	0.025157	37.297
11.99	12.00	0.025173	37.391
11.99	12.00	0.025190	37.491
11.99	12.00	0.025207	37.596
12.02	12.00	0.025223	37.690
12.02	12.00	0.025240	37.790
12.02	12.00	0.025257	37.894
12.02	12.00	0.025273	37.989
12.02	12.00	0.025290	38.088
12.02	12.00	0.025307	38.193
12.02	12.00	0.025323	38.288
12.02	12.00	0.025340	38.389
12.02	12.00	0.025357	38.492
12.02	12.00	0.025373	38.587
12.02	12.00	0.025390	38.689
12.02	12.00	0.025407	38.791
12.02	12.00	0.025423	38.886
11.99	12.00	0.025440	38.988
11.99	12.00	0.025456	39.090
11.99	12.00	0.025473	39.185
11.99	12.00	0.025490	39.288
11.99	12.00	0.025506	39.389
11.99	12.00	0.025523	39.483
11.99	12.00	0.025540	39.588
11.99	12.00	0.025556	39.687
11.99	12.00	0.025573	39.784
11.99	12.00	0.025590	39.887
11.99	12.00	0.025606	39.986
11.99	12.00	0.025623	40.084
11.99	12.00	0.025640	40.185
11.99	12.00	0.025656	40.285
11.99	12.00	0.025673	40.383
11.99	12.00	0.025690	40.484
11.99	12.00	0.025706	40.584
11.99	12.00	0.025723	40.684
11.99	12.00	0.025740	40.784
11.99	12.00	0.025756	40.884
11.99	12.00	0.025773	40.984
11.99	12.00	0.025790	41.084
11.99	12.00	0.025806	41.184
12.02	12.00	0.025823	41.283
12.02	12.00	0.025840	41.384
12.02	12.00	0.025856	41.484
12.02	12.00	0.025873	41.584
12.02	12.00	0.025890	41.684
12.02	12.00	0.025906	41.784
12.02	12.00	0.025923	41.884
12.02	12.00	0.025940	41.983
12.02	12.00	0.025956	42.084
11.99	12.00	0.025973	42.183
11.99	12.00	0.025990	42.284
11.99	12.00	0.026006	42.384
11.99	12.00	0.026023	42.484
11.99	12.00	0.026040	42.584
11.99	12.00	0.026056	42.684
11.99	12.00	0.026073	42.784
11.99	12.00	0.026090	42.883
11.99	12.00	0.026106	42.984
11.99	12.00	0.026123	43.083
11.99	12.00	0.026140	43.184
11.99	12.00	0.026156	43.284
11.99	12.00	0.026173	43.384
11.99	12.00	0.026190	43.484
11.99	12.00	0.026206	43.584
11.99	12.00	0.026223	43.684
11.99	12.00	0.026240	43.783
11.99	12.00	0.026256	43.884
12.02	12.00	0.026273	43.984
12.02	12.00	0.026289	44.084
12.02	12.00	0.026306	44.184
12.02	12.00	0.026323	44.284
12.02	12.00	0.026339	44.384
12.02	12.00	0.026356	44.483
12.02	12.00	0.026373	44.584
12.02	12.00	0.026389	44.683
12.02	12.00	0.026406	44.784
12.02	12.00	0.026423	44.884
12.02	12.00	0.026439	44.984
12.02	12.00	0.026456	45.084
11.99	12.00	0.026473	45.184
11.99	12.00	0.026489	45.284
11.99	12.00	0.026506	45.383
11.99	12.00	0.026523	45.484
11.99	12.00	0.026539	45.583
11.99	12.00	0.026556	45.684
11.99	12.00	0.026573	45.784
11.99	12.00	0.026589	45.908
11.99	12.00	0.026606	45.984
11.99	12.00	0.026623	46.112
11.99	12.00	0.026639	46.207
11.99	12.00	0.026656	46.283
11.99	12.00	0.026673	46.411
11.99	12.00	0.026689	46.505
11.99	12.00	0.026706	46.608
11.99	12.00	0.026723	46.710
11.99	12.00	0.026739	46.804
11.99	12.00	0.026756	46.908
11.99	12.00	0.026773	47.008
11.99	12.00	0.026789	47.103
11.99	12.00	0.026806	47.207
11.99	12.00	0.026823	47.307
11.99	12.00	0.026839	47.402
11.99	12.00	0.026856	47.506
11.99	12.00	0.026873	47.606
12.02	12.00	0.026889	47.700
12.02	12.00	0.026906	47.805
12.02	12.00	0.026923	47.904
12.02	12.00	0.026939	47.999
12.02	12.00	0.026956	48.103
12.02	12.00	0.026973	48.203
12.02	12.00	0.026989	48.298
12.02	12.00	0.027006	48.403
12.02	12.00	0.027023	48.498
12.02	12.00	0.027039	48.597
12.02	12.00	0.027056	48.702
11.99	12.00	0.027073	48.796
11.99	12.00	0.027089	48.896
11.99	12.00	0.027106	49.000
11.99	12.00	0.027122	49.095
11.99	12.00	0.027139	49.195
11.99	12.00	0.027156	49.299
11.99	12.00	0.027172	49.394
11.99	12.00	0.027189	49.493
11.99	12.00	0.027206	49.598
11.99	12.00	0.027222	49.692
11.99	12.00	0.027239	49.792
11.99	12.00	0.027256	49.897
11.99	12.00	0.027272	49.991
11.99	12.00	0.027289	50.091
11.99	12.00	0.027306	50.195
11.99	12.00	0.027322	50.290
11.99	12.00	0.027339	50.389
11.99	12.00	0.027356	50.494
11.99	12.00	0.027372	50.589
11.99	12.00	0.027389	50.689
11.99	12.00	0.027406	50.793
12.02	12.00	0.027422	50.888
12.02	12.00	0.027439	50.987
12.02	12.00	0.027456	51.092
12.02	12.00	0.027472	51.187
12.02	12.00	0.027489	51.287
12.02	12.00	0.027506	51.391
12.02	12.00	0.027522	51.487
12.02	12.00	0.027539	51.587
12.02	12.00	0.027556	51.689
12.02	12.00	0.027572	51.787
12.02	12.00	0.027589	51.887
12.02	12.00	0.027606	51.988
11.99	12.00	0.027622	52.087
11.99	12.00	0.027639	52.187
11.99	12.00	0.027656	52.287
11.99	12.00	0.027672	52.386
11.99	12.00	0.027689	52.487
11.99	12.00	0.027706	52.586
11.99	12.00	0.027722	52.687
11.99	12.00	0.027739	52.787
11.99	12.00	0.027756	52.887
11.99	12.00	0.027772	52.987
11.99	12.00	0.027789	53.087
11.99	12.00	0.027806	53.187
11.99	12.00	0.027822	53.286
11.99	12.00	0.027839	53.387
11.99	12.00	0.027856	53.486
11.99	12.00	0.027872	53.587
11.99	12.00	0.027889	53.687
11.99	12.00	0.027906	53.787
11.99	12.00	0.027922	53.887
11.99	12.00	0.027939	53.987
11.99	12.00	0.027955	54.087
12.02	12.00	0.027972	54.186
12.02	12.00	0.027989	54.287
12.02	12.00	0.028005	54.387
12.02	12.00	0.028022	54.487
12.02	12.00	0.028039	54.587
12.02	12.00	0.028055	54.687
12.02	12.00	0.028072	54.787
12.02	12.00	0.028089	54.887
12.02	12.00	0.028105	54.986
12.02	12.00	0.028122	55.087
12.02	12.00	0.028139	55.187
11.99	12.00	0.028155	55.287
11.99	12.00	0.028172	55.387
11.99	12.00	0.028189	55.487
11.99	12.00	0.028205	55.587
11.99	12.00	0.028222	55.686
11.99	12.00	0.028239	55.787
11.99	12.00	0.028255	55.886
11.99	12.00	0.028272	55.987
11.99	12.00	0.028289	56.087
11.99	12.00	0.028305	56.187
11.99	12.00	0.028322	56.287
11.99	12.00	0.028339	56.387
11.99	12.00	0.028355	56.487
11.99	12.00	0.028372	56.586
11.99	12.00	0.028389	56.687
11.99	12.00	0.028405	56.787
11.99	12.00	0.028422	56.887
11.99	12.00	0.028439	56.987
11.99	12.00	0.028455	57.087
11.99	12.00	0.028472	57.187
11.99	12.00	0.028489	57.286
11.99	12.00	0.028505	57.387
12.02	12.00	0.028522	57.487
12.02	12.00	0.028539	57.586
12.02	12.00	0.028555	57.686
12.02	12.00	0.028572	57.815
12.02	12.00	0.028589	57.910
12.02	12.00	0.028605	58.009
12.02	12.00	0.028622	58.114
12.02	12.00	0.028639	58.208
12.02	12.00	0.028655	58.308
12.02	12.00	0.028672	58.412
12.02	12.00	0.028689	58.507
12.02	12.00	0.028705	58.607
12.02	12.00	0.028722	58.712
11.99	12.00	0.028739	58.806
11.99	12.00	0.028755	58.906
11.99	12.00	0.028772	59.010
11.99	12.00	0.028788	59.104
11.99	12.00	0.028805	59.206
11.99	12.00	0.028822	59.309
11.99	12.00	0.028838	59.404
11.99	12.00	0.028855	59.506
11.99	12.00	0.028872	59.608
11.99	12.00	0.028888	59.703
11.99	12.00	0.028905	59.805
11.99	12.00	0.028922	59.907
11.99	12.00	0.028938	00.002
11.99	12.00	0.028955	00.106
11.99	12.00	0.028972	00.206
11.99	12.00	0.028988	00.300
11.99	12.00	0.029005	00.405
11.99	12.00	0.029022	00.504
11.99	12.00	0.029038	00.599
11.99	12.00	0.029055	00.703
11.99	12.00	0.029072	00.803
11.99	12.00	0.029088	00.898
11.99	12.00	0.029105	01.002
11.99	12.00	0.029122	01.102
11.99	12.00	0.029138	01.196
11.99	12.00	0.029155	01.301
11.99	12.00	0.029172	01.395
12.02	12.00	0.029188	01.495
12.02	12.00	0.029205	01.601
12.02	12.00	0.029222	01.695
12.02	12.00	0.029238	01.795
12.02	12.00	0.029255	01.899
12.02	12.00	0.029272	01.994
12.02	12.00	0.029288	02.093
12.02	12.00	0.029305	02.197
12.02	12.00	0.029322	02.292
12.02	12.00	0.029338	02.392
12.02	12.00	0.029355	02.496
12.02	12.00	0.029372	02.591
11.99	12.00	0.029388	02.690
11.99	12.00	0.029405	02.795
11.99	12.00	0.029422	02.889
11.99	12.00	0.029438	02.989
11.99	12.00	0.029455	03.094
11.99	12.00	0.029472	03.189
11.99	12.00	0.029488	03.289
11.99	12.00	0.029505	03.393
11.99	12.00	0.029522	03.489
11.99	12.00	0.029538	03.589
11.99	12.00	0.029555	03.691
11.99	12.00	0.029572	03.789
11.99	12.00	0.029588	03.889
11.99	12.00	0.029605	03.990
11.99	12.00	0.029621	04.089
11.99	12.00	0.029638	04.189
11.99	12.00	0.029655	04.289
11.99	12.00	0.029671	04.388
11.99	12.00	0.029688	04.489
11.99	12.00	0.029705	04.588
12.02	12.00	0.029721	04.689
12.02	12.00	0.029738	04.789
12.02	12.00	0.029755	04.889
12.02	12.00	0.029771	04.989
12.02	12.00	0.029788	05.089
12.02	12.00	0.029805	05.189
12.02	12.00	0.029821	05.288
12.02	12.00	0.029838	05.389
12.02	12.00	0.029855	05.488
12.02	12.00	0.029871	05.589
12.02	12.00	0.029888	05.689
11.99	12.00	0.029905	05.789
11.99	12.00	0.029921	05.889
11.99	12.00	0.029938	05.989
11.99	12.00	0.029955	06.089
11.99	12.00	0.029971	06.190
11.99	12.00	0.029988	06.289
11.99	12.00	0.030005	06.390
11.99	12.00	0.030021	06.490
11.99	12.00	0.030038	06.590
11.99	12.00	0.030055	06.690
11.99	12.00	0.030071	06.789
11.99	12.00	0.030088	06.890
11.99	12.00	0.030105	06.990
11.99	12.00	0.030121	07.090
11.99	12.00	0.030138	07.190
11.99	12.00	0.030155	07.290
11.99	12.00	0.030171	07.390
11.99	12.00	0.030188	07.489
11.99	12.00	0.030205	07.590
11.99	12.00	0.030221	07.689
11.99	12.00	0.030238	07.790
11.99	12.00	0.030255	07.891
11.99	12.00	0.030271	07.991
11.99	12.00	0.030288	08.091
11.99	12.00	0.030305	08.191
12.02	12.00	0.030321	08.291
12.02	12.00	0.030338	08.390
12.02	12.00	0.030355	08.491
12.02	12.00	0.030371	08.590
12.02	12.00	0.030388	08.691
12.02	12.00	0.030405	08.791
12.02	12.00	0.030421	08.891
12.02	12.00	0.030438	08.991
12.02	12.00	0.030454	09.090
12.02	12.00	0.030471	09.220
12.02	12.00	0.030488	09.314
12.02	12.00	0.030504	09.414
11.99	12.00	0.030521	09.518
11.99	12.00	0.030538	09.613
11.99	12.00	0.030554	09.713
11.99	12.00	0.030571	09.817
11.99	12.00	0.030588	09.912
11.99	12.00	0.030604	10.011
11.99	12.00	0.030621	10.116
11.99	12.00	0.030638	10.210
11.99	12.00	0.030654	10.310
11.99	12.00	0.030671	10.415
11.99	12.00	0.030688	10.509
11.99	12.00	0.030704	10.609
11.99	12.00	0.030721	10.714
11.99	12.00	0.030738	10.808
11.99	12.00	0.030754	10.908
11.99	12.00	0.030771	11.012
11.99	12.00	0.030788	11.107
11.99	12.00	0.030804	11.206
11.99	12.00	0.030821	11.311
11.99	12.00	0.030838	11.406
11.99	12.00	0.030854	11.505
11.99	12.00	0.030871	11.610
12.02	12.00	0.030888	11.705
12.02	12.00	0.030904	11.805
12.02	12.00	0.030921	11.909
12.02	12.00	0.030938	12.004
12.02	12.00	0.030954	12.104
12.02	12.00	0.030971	12.208
12.02	12.00	0.030988	12.303
12.02	12.00	0.031004	12.404
12.02	12.00	0.031021	12.507
12.02	12.00	0.031038	12.601
12.02	12.00	0.031054	12.705
11.99	12.00	0.031071	12.805
11.99	12.00	0.031088	12.900
11.99	12.00	0.031104	13.004
11.99	12.00	0.031121	13.104
11.99	12.00	0.031138	13.199
11.99	12.00	0.031154	13.303
11.99	12.00	0.031171	13.403
11.99	12.00	0.031188	13.497
11.99	12.00	0.031204	13.602
11.99	12.00	0.031221	13.701
11.99	12.00	0.031238	13.796
11.99	12.00	0.031254	13.901
11.99	12.00	0.031271	14.000
11.99	12.00	0.031287	14.095
11.99	12.00	0.031304	14.199
11.99	12.00	0.031321	14.294
11.99	12.00	0.031337	14.394
11.99	12.00	0.031354	14.498
11.99	12.00	0.031371	14.593
11.99	12.00	0.031387	14.693
11.99	12.00	0.031404	14.798
11.99	12.00	0.031421	14.892
12.02	12.00	0.031437	14.992
12.02	12.00	0.031454	15.096
12.02	12.00	0.031471	15.192
12.02	12.00	0.031487	15.291
12.02	12.00	0.031504	15.395
12.02	12.00	0.031521	15.492
12.02	12.00	0.031537	15.592
12.02	12.00	0.031554	15.694
12.02	12.00	0.031571	15.792
12.02	12.00	0.031587	15.892
12.02	12.00	0.031604	15.992
11.99	12.00	0.031621	16.092
11.99	12.00	0.031637	16.192
11.99	12.00	0.031654	16.292
11.99	12.00	0.031671	16.392
11.99	12.00	0.031687	16.492
11.99	12.00	0.031704	16.591
11.99	12.00	0.031721	16.692
11.99	12.00	0.031737	16.791
11.99	12.00	0.031754	16.892
11.99	12.00	0.031771	16.992
11.99	12.00	0.031787	17.092
11.99	12.00	0.031804	17.192
11.99	12.00	0.031821	17.292
11.99	12.00	0.031837	17.392
11.99	12.00	0.031854	17.492
11.99	12.00	0.031871	17.592
11.99	12.00	0.031887	17.692
11.99	12.00	0.031904	17.792
11.99	12.00	0.031921	17.892
11.99	12.00	0.031937	17.992
11.99	12.00	0.031954	18.092
11.99	12.00	0.031971	18.192
11.99	12.00	0.031987	18.291
11.99	12.00	0.032004	18.392
11.99	12.00	0.032021	18.492
11.99	12.00	0.032037	18.592
11.99	12.00	0.032054	18.692
11.99	12.00	0.032071	18.792
11.99	12.00	0.032087	18.892
12.02	12.00	0.032104	18.991
12.02	12.00	0.032120	19.092
12.02	12.00	0.032137	19.191
12.02	12.00	0.032154	19.292
12.02	12.00	0.032170	19.392
12.02	12.00	0.032187	19.492
12.02	12.00	0.032204	19.592
12.02	12.00	0.032220	19.692
12.02	12.00	0.032237	19.792
12.02	12.00	0.032254	19.891
12.02	12.00	0.032270	19.992
12.02	12.00	0.032287	20.092
12.02	12.00	0.032304	20.192
11.99	12.00	0.032320	20.292
11.99	12.00	0.032337	20.392
11.99	12.00	0.032354	20.492
11.99	12.00	0.032370	20.591
11.99	12.00	0.032387	20.692
11.99	12.00	0.032404	20.791
11.99	12.00	0.032420	20.892
11.99	12.00	0.032437	20.992
11.99	12.00	0.032454	21.092
11.99	12.00	0.032470	21.192
11.99	12.00	0.032487	21.292
11.99	12.00	0.032504	21.391
11.99	12.00	0.032520	21.491
11.99	12.00	0.032537	21.590
11.99	12.00	0.032554	21.715
11.99	12.00	0.032570	21.819
11.99	12.00	0.032587	21.919
11.99	12.00	0.032604	22.014
11.99	12.00	0.032620	22.118
11.99	12.00	0.032637	22.213
11.99	12.00	0.032654	22.312
11.99	12.00	0.032670	22.417
11.99	12.00	0.032687	22.511
11.99	12.00	0.032704	22.611
12.02	12.00	0.032720	22.717
12.02	12.00	0.032737	22.811
12.02	12.00	0.032754	22.911
12.02	12.00	0.032770	23.015
12.02	12.00	0.032787	23.110
12.02	12.00	0.032804	23.209
12.02	12.00	0.032820	23.314
12.02	12.00	0.032837	23.408
12.02	12.00	0.032854	23.508
12.02	12.00	0.032870	23.613
12.02	12.00	0.032887	23.707
11.99	12.00	0.032904	23.807
11.99	12.00	0.032920	23.911
11.99	12.00	0.032937	24.006
11.99	12.00	0.032953	24.105
11.99	12.00	0.032970	24.210
11.99	12.00	0.032987	24.305
11.99	12.00	0.033003	24.404
11.99	12.00	0.033020	24.509
11.99	12.00	0.033037	24.603
11.99	12.00	0.033053	24.703
11.99	12.00	0.033070	24.807
11.99	12.00	0.033087	24.902
11.99	12.00	0.033103	25.002
11.99	12.00	0.033120	25.106
11.99	12.00	0.033137	25.201
11.99	12.00	0.033153	25.302
11.99	12.00	0.033170	25.405
11.99	12.00	0.033187	25.500
11.99	12.00	0.033203	25.603
11.99	12.00	0.033220	25.704
11.99	12.00	0.033237	25.798
12.02	12.00	0.033253	25.903
12.02	12.00	0.033270	26.002
12.02	12.00	0.033287	26.098
12.02	12.00	0.033303	26.203
12.02	12.00	0.033320	26.302
12.02	12.00	0.033337	26.396
12.02	12.00	0.033353	26.501
12.02	12.00	0.033370	26.600
12.02	12.00	0.033387	26.695
12.02	12.00	0.033403	26.799
12.02	12.00	0.033420	26.899
12.02	12.00	0.033437	26.994
12.02	12.00	0.033453	27.098
11.99	12.00	0.033470	27.198
11.99	12.00	0.033487	27.292
11.99	12.00	0.033503	27.397
11.99	12.00	0.033520	27.491
11.99	12.00	0.033537	27.592
11.99	12.00	0.033553	27.695
11.99	12.00	0.033570	27.792
11.99	12.00	0.033587	27.892
11.99	12.00	0.033603	27.995
11.99	12.00	0.033620	28.092
11.99	12.00	0.033637	28.192
11.99	12.00	0.033653	28.294
11.99	12.00	0.033670	28.391
11.99	12.00	0.033687	28.492
11.99	12.00	0.033703	28.592
11.99	12.00	0.033720	28.692
11.99	12.00	0.033737	28.792
11.99	12.00	0.033753	28.892
11.99	12.00	0.033770	28.992
11.99	12.00	0.033786	29.092
11.99	12.00	0.033803	29.192
11.99	12.00	0.033820	29.291
11.99	12.00	0.033836	29.392
11.99	12.00	0.033853	29.492
12.02	12.00	0.033870	29.592
12.02	12.00	0.033886	29.692
12.02	12.00	0.033903	29.792
12.02	12.00	0.033920	29.891
12.02	12.00	0.033936	29.992
12.02	12.00	0.033953	30.091
12.02	12.00	0.033970	30.191
12.02	12.00	0.033986	30.292
12.02	12.00	0.034003	30.392
12.02	12.00	0.034020	30.492
12.02	12.00	0.034036	30.592
11.99	12.00	0.034053	30.692
11.99	12.00	0.034070	30.791
11.99	12.00	0.034086	30.892
11.99	12.00	0.034103	30.992
11.99	12.00	0.034120	31.092
11.99	12.00	0.034136	31.192
11.99	12.00	0.034153	31.292
11.99	12.00	0.034170	31.392
11.99	12.00	0.034186	31.491
11.99	12.00	0.034203	31.592
11.99	12.00	0.034220	31.692
11.99	12.00	0.034236	31.792
11.99	12.00	0.034253	31.892
11.99	12.00	0.034270	31.992
11.99	12.00	0.034286	32.092
11.99	12.00	0.034303	32.191
11.99	12.00	0.034320	32.292
11.99	12.00	0.034336	32.391
11.99	12.00	0.034353	32.492
11.99	12.00	0.034370	32.592
11.99	12.00	0.034386	32.692
12.02	12.00	0.034403	32.792
12.02	12.00	0.034420	32.892
12.02	12.00	0.034436	32.992
12.02	12.00	0.034453	33.091
12.02	12.00	0.034470	33.192
12.02	12.00	0.034486	33.292
12.02	12.00	0.034503	33.392
12.02	12.00	0.034520	33.492
12.02	12.00	0.034536	33.592
12.02	12.00	0.034553	33.692
12.02	12.00	0.034570	33.791
11.99	12.00	0.034586	33.892
11.99	12.00	0.034603	33.991
11.99	12.00	0.034619	34.121
11.99	12.00	0.034636	34.220
11.99	12.00	0.034653	34.315
11.99	12.00	0.034669	34.420
11.99	12.00	0.034686	34.519
11.99	12.00	0.034703	34.614
11.99	12.00	0.034719	34.718
11.99	12.00	0.034736	34.818
11.99	12.00	0.034753	34.912
11.99	12.00	0.034769	35.017
11.99	12.00	0.034786	35.112
11.99	12.00	0.034803	35.211
11.99	12.00	0.034819	35.316
11.99	12.00	0.034836	35.410
11.99	12.00	0.034853	35.510
11.99	12.00	0.034869	35.614
11.99	12.00	0.034886	35.709
11.99	12.00	0.034903	35.808
11.99	12.00	0.034919	35.913
11.99	12.00	0.034936	36.008
11.99	12.00	0.034953	36.107
11.99	12.00	0.034969	36.212
11.99	12.00	0.034986	36.306
11.99	12.00	0.035003	36.406
11.99	12.00	0.035019	36.510
12.02	12.00	0.035036	36.606
12.02	12.00	0.035053	36.706
12.02	12.00	0.035069	36.810
12.02	12.00	0.035086	36.905
12.02	12.00	0.035103	37.004
12.02	12.00	0.035119	37.109
12.02	12.00	0.035136	37.203
12.02	12.00	0.035153	37.303
12.02	12.00	0.035169	37.407
12.02	12.00	0.035186	37.502
12.02	12.00	0.035203	37.602
12.02	12.00	0.035219	37.706
12.02	12.00	0.035236	37.801
11.99	12.00	0.035253	37.901
11.99	12.00	0.035269	38.005
11.99	12.00	0.035286	38.099
11.99	12.00	0.035303	38.201
11.99	12.00	0.035319	38.304
11.99	12.00	0.035336	38.398
11.99	12.00	0.035353	38.501
11.99	12.00	0.035369	38.602
11.99	12.00	0.035386	38.697
11.99	12.00	0.035403	38.800
11.99	12.00	0.035419	38.901
11.99	12.00	0.035436	38.995
11.99	12.00	0.035452	39.100
11.99	12.00	0.035469	39.201
11.99	12.00	0.035486	39.295
11.99	12.00	0.035502	39.400
11.99	12.00	0.035519	39.499
11.99	12.00	0.035536	39.594
11.99	12.00	0.035552	39.698
11.99	12.00	0.035569	39.798
11.99	12.00	0.035586	39.893
11.99	12.00	0.035602	39.997
11.99	12.00	0.035619	40.097
12.02	12.00	0.035636	40.192
12.02	12.00	0.035652	40.296
12.02	12.00	0.035669	40.391
12.02	12.00	0.035686	40.492
12.02	12.00	0.035702	40.594
12.02	12.00	0.035719	40.696
12.02	12.00	0.035736	40.792
12.02	12.00	0.035752	40.893
12.02	12.00	0.035769	40.996
12.02	12.00	0.035786	41.092
12.02	12.00	0.035802	41.192
12.02	12.00	0.035819	41.296
11.99	12.00	0.035836	41.392
11.99	12.00	0.035852	41.492
11.99	12.00	0.035869	41.596
11.99	12.00	0.035886	41.692
11.99	12.00	0.035902	41.792
11.99	12.00	0.035919	41.896
11.99	12.00	0.035936	41.992
11.99	12.00	0.035952	42.091
11.99	12.00	0.035969	42.196
11.99	12.00	0.035986	42.292
11.99	12.00	0.036002	42.392
11.99	12.00	0.036019	42.496
11.99	12.00	0.036036	42.592
11.99	12.00	0.036052	42.692
11.99	12.00	0.036069	42.796
11.99	12.00	0.036086	42.892
11.99	12.00	0.036102	42.991
11.99	12.00	0.036119	43.096
11.99	12.00	0.036136	43.192
11.99	12.00	0.036152	43.292
11.99	12.00	0.036169	43.396
11.99	12.00	0.036186	43.492
11.99	12.00	0.036202	43.592
12.02	12.00	0.036219	43.695
12.02	12.00	0.036236	43.793
12.02	12.00	0.036252	43.893
12.02	12.00	0.036269	43.996
12.02	12.00	0.036285	44.093
12.02	12.00	0.036302	44.193
12.02	12.00	0.036319	44.296
12.02	12.00	0.036335	44.392
12.02	12.00	0.036352	44.493
12.02	12.00	0.036369	44.595
12.02	12.00	0.036385	44.693
11.99	12.00	0.036402	44.793
11.99	12.00	0.036419	44.896
11.99	12.00	0.036435	44.993
11.99	12.00	0.036452	45.093
11.99	12.00	0.036469	45.196
11.99	12.00	0.036485	45.292
11.99	12.00	0.036502	45.393
11.99	12.00	0.036519	45.495
11.99	12.00	0.036535	45.593
11.99	12.00	0.036552	45.693
11.99	12.00	0.036569	45.795
11.99	12.00	0.036585	45.893
11.99	12.00	0.036602	45.993
11.99	12.00	0.036619	46.096
11.99	12.00	0.036635	46.192
11.99	12.00	0.036652	46.292
11.99	12.00	0.036669	46.396
11.99	12.00	0.036685	46.521
11.99	12.00	0.036702	46.616
11.99	12.00	0.036719	46.695
11.99	12.00	0.036735	46.820
11.99	12.00	0.036752	46.914
11.99	12.00	0.036769	47.019
12.02	12.00	0.036785	47.119
12.02	12.00	0.036802	47.214
12.02	12.00	0.036819	47.318
12.02	12.00	0.036835	47.418
12.02	12.00	0.036852	47.512
12.02	12.00	0.036869	47.617
12.02	12.00	0.036885	47.716
12.02	12.00	0.036902	47.811
12.02	12.00	0.036919	47.915
12.02	12.00	0.036935	48.015
12.02	12.00	0.036952	48.109
12.02	12.00	0.036969	48.214
11.99	12.00	0.036985	48.309
11.99	12.00	0.037002	48.408
11.99	12.00	0.037019	48.513
11.99	12.00	0.037035	48.607
11.99	12.00	0.037052	48.707
11.99	12.00	0.037069	48.812
11.99	12.00	0.037085	48.907
11.99	12.00	0.037102	49.007
11.99	12.00	0.037118	49.111
11.99	12.00	0.037135	49.206
11.99	12.00	0.037152	49.305
11.99	12.00	0.037168	49.410
11.99	12.00	0.037185	49.504
11.99	12.00	0.037202	49.604
11.99	12.00	0.037218	49.708
11.99	12.00	0.037235	49.803
11.99	12.00	0.037252	49.903
12.02	12.00	0.037268	50.007
12.02	12.00	0.037285	50.102
12.02	12.00	0.037302	50.201
12.02	12.00	0.037318	50.306
12.02	12.00	0.037335	50.400
12.02	12.00	0.037352	50.500
12.02	12.00	0.037368	50.605
12.02	12.00	0.037385	50.699
12.02	12.00	0.037402	50.800
12.02	12.00	0.037418	50.903
12.02	12.00	0.037435	50.998
11.99	12.00	0.037452	51.099
11.99	12.00	0.037468	51.202
11.99	12.00	0.037485	51.296
11.99	12.00	0.037502	51.399
11.99	12.00	0.037518	51.501
11.99	12.00	0.037535	51.595
11.99	12.00	0.037552	51.699
11.99	12.00	0.037568	51.800
11.99	12.00	0.037585	51.895
11.99	12.00	0.037602	51.998
11.99	12.00	0.037618	52.099
11.99	12.00	0.037635	52.195
11.99	12.00	0.037652	52.298
11.99	12.00	0.037668	52.398
11.99	12.00	0.037685	52.495
11.99	12.00	0.037702	52.597
11.99	12.00	0.037718	52.696
11.99	12.00	0.037735	52.795
11.99	12.00	0.037752	52.895
11.99	12.00	0.037768	52.995
11.99	12.00	0.037785	53.095
11.99	12.00	0.037802	53.195
11.99	12.00	0.037818	53.295
11.99	12.00	0.037835	53.395
11.99	12.00	0.037852	53.494
12.02	12.00	0.037868	53.595
12.02	12.00	0.037885	53.694
12.02	12.00	0.037902	53.795
12.02	12.00	0.037918	53.895
12.02	12.00	0.037935	53.995
12.02	12.00	0.037951	54.095
12.02	12.00	0.037968	54.194
12.02	12.00	0.037985	54.295
12.02	12.00	0.038001	54.394
12.02	12.00	0.038018	54.495
12.02	12.00	0.038035	54.595
12.02	12.00	0.038051	54.695
12.02	12.00	0.038068	54.795
12.02	12.00	0.038085	54.895
12.02	12.00	0.038101	54.995
11.99	12.00	0.038118	55.094
11.99	12.00	0.038135	55.195
11.99	12.00	0.038151	55.295
11.99	12.00	0.038168	55.395
11.99	12.00	0.038185	55.495
11.99	12.00	0.038201	55.595
11.99	12.00	0.038218	55.694
11.99	12.00	0.038235	55.795
11.99	12.00	0.038251	55.894
11.99	12.00	0.038268	55.995
11.99	12.00	0.038285	56.095
11.99	12.00	0.038301	56.195
11.99	12.00	0.038318	56.295
11.99	12.00	0.038335	56.394
11.99	12.00	0.038351	56.495
11.99	12.00	0.038368	56.594
11.99	12.00	0.038385	56.695
11.99	12.00	0.038401	56.795
11.99	12.00	0.038418	56.895
11.99	12.00	0.038435	56.995
11.99	12.00	0.038451	57.095
11.99	12.00	0.038468	57.194
11.99	12.00	0.038485	57.295
11.99	12.00	0.038501	57.394
11.99	12.00	0.038518	57.495
11.99	12.00	0.038535	57.595
11.99	12.00	0.038551	57.695
12.02	12.00	0.038568	57.795
12.02	12.00	0.038585	57.895
12.02	12.00	0.038601	57.994
12.02	12.00	0.038618	58.094
12.02	12.00	0.038635	58.194
12.02	12.00	0.038651	58.295
12.02	12.00	0.038668	58.394
12.02	12.00	0.038685	58.523
12.02	12.00	0.038701	58.618
12.02	12.00	0.038718	58.718
12.02	12.00	0.038735	58.823
12.02	12.00	0.038751	58.917
11.99	12.00	0.038768	59.018
11.99	12.00	0.038784	59.121
11.99	12.00	0.038801	59.216
11.99	12.00	0.038818	59.318
11.99	12.00	0.038834	59.420
11.99	12.00	0.038851	59.515
11.99	12.00	0.038868	59.618
11.99	12.00	0.038884	59.719
11.99	12.00	0.038901	59.813
11.99	12.00	0.038918	59.918
11.99	12.00	0.038934	00.017
11.99	12.00	0.038951	00.112
11.99	12.00	0.038968	00.216
11.99	12.00	0.038984	00.316
11.99	12.00	0.039001	00.411
11.99	12.00	0.039018	00.515
11.99	12.00	0.039034	00.615
11.99	12.00	0.039051	00.710
11.99	12.00	0.039068	00.814
11.99	12.00	0.039084	00.914
11.99	12.00	0.039101	01.008
11.99	12.00	0.039118	01.113
11.99	12.00	0.039134	01.208
11.99	12.00	0.039151	01.307
11.99	12.00	0.039168	01.412
11.99	12.00	0.039184	01.506
12.02	12.00	0.039201	01.606
12.02	12.00	0.039218	01.711
12.02	12.00	0.039234	01.806
12.02	12.00	0.039251	01.905
12.02	12.00	0.039268	02.010
12.02	12.00	0.039284	02.104
12.02	12.00	0.039301	02.204
12.02	12.00	0.039318	02.308
12.02	12.00	0.039334	02.403
12.02	12.00	0.039351	02.502
12.02	12.00	0.039368	02.607
12.02	12.00	0.039384	02.702
12.02	12.00	0.039401	02.802
12.02	12.00	0.039418	02.906
11.99	12.00	0.039434	03.000
11.99	12.00	0.039451	03.100
11.99	12.00	0.039468	03.205
11.99	12.00	0.039484	03.299
11.99	12.00	0.039501	03.399
11.99	12.00	0.039518	03.504
11.99	12.00	0.039534	03.598
11.99	12.00	0.039551	03.698
11.99	12.00	0.039568	03.802
11.99	12.00	0.039584	03.897
11.99	12.00	0.039601	03.997
11.99	12.00	0.039617	04.101
11.99	12.00	0.039634	04.196
11.99	12.00	0.039651	04.297
11.99	12.00	0.039667	04.400
11.99	12.00	0.039684	04.496
11.99	12.00	0.039701	04.597
11.99	12.00	0.039717	04.698
11.99	12.00	0.039734	04.796
11.99	12.00	0.039751	04.897
11.99	12.00	0.039767	04.997
11.99	12.00	0.039784	05.096
11.99	12.00	0.039801	05.196
11.99	12.00	0.039817	05.296
11.99	12.00	0.039834	05.396
11.99	12.00	0.039851	05.496
11.99	12.00	0.039867	05.595
11.99	12.00	0.039884	05.695
12.02	12.00	0.039901	05.796
12.02	12.00	0.039917	05.896
12.02	12.00	0.039934	05.996
12.02	12.00	0.039951	06.096
12.02	12.00	0.039967	06.196
12.02	12.00	0.039984	06.296
12.02	12.00	0.040001	06.395
12.02	12.00	0.040017	06.496
12.02	12.00	0.040034	06.596
12.02	12.00	0.040051	06.696
12.02	12.00	0.040067	06.796
12.02	12.00	0.040084	06.896
12.02	12.00	0.040101	06.995
11.99	12.00	0.040117	07.096
11.99	12.00	0.040134	07.195
11.99	12.00	0.040151	07.296
11.99	12.00	0.040167	07.396
11.99	12.00	0.040184	07.496
11.99	12.00	0.040201	07.596
11.99	12.00	0.040217	07.696
11.99	12.00	0.040234	07.796
11.99	12.00	0.040251	07.895
11.99	12.00	0.040267	07.996
11.99	12.00	0.040284	08.096
11.99	12.00	0.040301	08.195
11.99	12.00	0.040317	08.296
11.99	12.00	0.040334	08.396
11.99	12.00	0.040351	08.496
11.99	12.00	0.040367	08.595
11.99	12.00	0.040384	08.696
11.99	12.00	0.040401	08.795
11.99	12.00	0.040417	08.896
11.99	12.00	0.040434	08.996
11.99	12.00	0.040450	09.096
12.02	12.00	0.040467	09.196
12.02	12.00	0.040484	09.296
12.02	12.00	0.040500	09.395
12.02	12.00	0.040517	09.496
12.02	12.00	0.040534	09.595
12.02	12.00	0.040550	09.696
12.02	12.00	0.040567	09.796
12.02	12.00	0.040584	09.896
12.02	12.00	0.040600	09.996
12.02	12.00	0.040617	10.095
12.02	12.00	0.040634	10.196
12.02	12.00	0.040650	10.295
11.99	12.00	0.040667	10.396
11.99	12.00	0.040684	10.496
11.99	12.00	0.040700	10.620
11.99	12.00	0.040717	10.720
11.99	12.00	0.040734	10.824
11.99	12.00	0.040750	10.919
11.99	12.00	0.040767	11.019
11.99	12.00	0.040784	11.123
11.99	12.00	0.040800	11.217
11.99	12.00	0.040817	11.317
11.99	12.00	0.040834	11.422
11.99	12.00	0.040850	11.516
11.99	12.00	0.040867	11.617
11.99	12.00	0.040884	11.720
11.99	12.00	0.040900	11.815
11.99	12.00	0.040917	11.916
11.99	12.00	0.040934	12.020
11.99	12.00	0.040950	12.115
11.99	12.00	0.040967	12.216
11.99	12.00	0.040984	12.319
11.99	12.00	0.041000	12.413
11.99	12.00	0.041017	12.516
11.99	12.00	0.041034	12.617
12.02	12.00	0.041050	12.712
12.02	12.00	0.041067	12.816
12.02	12.00	0.041084	12.916
12.02	12.00	0.041100	13.011
12.02	12.00	0.041117	13.115
12.02	12.00	0.041134	13.215
12.02	12.00	0.041150	13.309
12.02	12.00	0.041167	13.414
12.02	12.00	0.041184	13.513
12.02	12.00	0.041200	13.608
12.02	12.00	0.041217	13.713
11.99	12.00	0.041234	13.812
11.99	12.00	0.041250	13.907
11.99	12.00	0.041267	14.011
11.99	12.00	0.041283	14.106
11.99	12.00	0.041300	14.205
11.99	12.00	0.041317	14.310
11.99	12.00	0.041333	14.405
11.99	12.00	0.041350	14.504
11.99	12.00	0.041367	14.609
11.99	12.00	0.041383	14.703
11.99	12.00	0.041400	14.804
11.99	12.00	0.041417	14.908
11.99	12.00	0.041433	15.003
11.99	12.00	0.041450	15.103
11.99	12.00	0.041467	15.207
11.99	12.00	0.041483	15.302
11.99	12.00	0.041500	15.401
11.99	12.00	0.041517	15.506
11.99	12.00	0.041533	15.600
11.99	12.00	0.041550	15.700
11.99	12.00	0.041567	15.804
11.99	12.00	0.041583	15.899
11.99	12.00	0.041600	15.999
11.99	12.00	0.041617	16.103
12.02	12.00	0.041633	16.198
12.02	12.00	0.041650	16.298
12.02	12.00	0.041667	16.402
12.02	12.00	0.041683	16.497
12.02	12.00	0.041700	16.598
12.02	12.00	0.041717	16.701
12.02	12.00	0.041733	16.798
12.02	12.00	0.041750	16.898
12.02	12.00	0.041767	16.999
12.02	12.00	0.041783	17.098
12.02	12.00	0.041800	17.197
12.02	12.00	0.041817	17.298
12.02	12.00	0.041833	17.397
11.99	12.00	0.041850	17.498
11.99	12.00	0.041867	17.598
11.99	12.00	0.041883	17.698
11.99	12.00	0.041900	17.798
11.99	12.00	0.041917	17.898
11.99	12.00	0.041933	17.998
11.99	12.00	0.041950	18.097
11.99	12.00	0.041967	18.198
11.99	12.00	0.041983	18.298
11.99	12.00	0.042000	18.398
11.99	12.00	0.042017	18.498
11.99	12.00	0.042033	18.598
11.99	12.00	0.042050	18.698
11.99	12.00	0.042067	18.797
11.99	12.00	0.042083	18.898
11.99	12.00	0.042100	18.997
11.99	12.00	0.042116	19.098
11.99	12.00	0.042133	19.198
11.99	12.00	0.042150	19.298
11.99	12.00	0.042166	19.398
11.99	12.00	0.042183	19.498
11.99	12.00	0.042200	19.598
11.99	12.00	0.042216	19.697
12.02	12.00	0.042233	19.798
12.02	12.00	0.042250	19.897
12.02	12.00	0.042266	19.998
12.02	12.00	0.042283	20.098
12.02	12.00	0.042300	20.198
12.02	12.00	0.042316	20.297
12.02	12.00	0.042333	20.397
12.02	12.00	0.042350	20.498
12.02	12.00	0.042366	20.597
12.02	12.00	0.042383	20.698
12.02	12.00	0.042400	20.798
11.99	12.00	0.042416	20.898
11.99	12.00	0.042433	20.998
11.99	12.00	0.042450	21.098
11.99	12.00	0.042466	21.198
11.99	12.00	0.042483	21.297
11.99	12.00	0.042500	21.398
11.99	12.00	0.042516	21.499
11.99	12.00	0.042533	21.599
11.99	12.00	0.042550	21.699
11.99	12.00	0.042566	21.799
11.99	12.00	0.042583	21.899
11.99	12.00	0.042600	21.998
11.99	12.00	0.042616	22.099
11.99	12.00	0.042633	22.198
11.99	12.00	0.042650	22.299
11.99	12.00	0.042666	22.399
11.99	12.00	0.042683	22.528
11.99	12.00	0.042700	22.623
11.99	12.00	0.042716	22.722
11.99	12.00	0.042733	22.827
12.02	12.00	0.042750	22.921
12.02	12.00	0.042766	23.021
12.02	12.00	0.042783	23.125
12.02	12.00	0.042800	23.220
12.02	12.00	0.042816	23.320
12.02	12.00	0.042833	23.424
12.02	12.00	0.042850	23.519
12.02	12.00	0.042866	23.618
12.02	12.00	0.042883	23.723
12.02	12.00	0.042900	23.817
12.02	12.00	0.042916	23.917
11.99	12.00	0.042933	24.021
11.99	12.00	0.042949	24.116
11.99	12.00	0.042966	24.216
11.99	12.00	0.042983	24.320
11.99	12.00	0.042999	24.415
11.99	12.00	0.043016	24.515
11.99	12.00	0.043033	24.619
11.99	12.00	0.043049	24.714
11.99	12.00	0.043066	24.816
11.99	12.00	0.043083	24.918
11.99	12.00	0.043099	25.013
11.99	12.00	0.043116	25.115
11.99	12.00	0.043133	25.217
11.99	12.00	0.043149	25.311
11.99	12.00	0.043166	25.415
11.99	12.00	0.043183	25.515
11.99	12.00	0.043199	25.610
11.99	12.00	0.043216	25.715
11.99	12.00	0.043233	25.814
11.99	12.00	0.043249	25.909
11.99	12.00	0.043266	26.013
11.99	12.00	0.043283	26.113
11.99	12.00	0.043299	26.208
11.99	12.00	0.043316	26.313
12.02	12.00	0.043333	26.413
12.02	12.00	0.043349	26.507
12.02	12.00	0.043366	26.612
12.02	12.00	0.043383	26.711
12.02	12.00	0.043399	26.806
12.02	12.00	0.043416	26.910
12.02	12.00	0.043433	27.005
12.02	12.00	0.043449	27.105
12.02	12.00	0.043466	27.209
12.02	12.00	0.043483	27.304
12.02	12.00	0.043499	27.403
12.02	12.00	0.043516	27.508
11.99	12.00	0.043533	27.602
11.99	12.00	0.043549	27.702
11.99	12.00	0.043566	27.806
11.99	12.00	0.043583	27.901
11.99	12.00	0.043599	28.001
11.99	12.00	0.043616	28.105
11.99	12.00	0.043633	28.200
11.99	12.00	0.043649	28.299
11.99	12.00	0.043666	28.404
11.99	12.00	0.043683	28.498
11.99	12.00	0.043699	28.599
11.99	12.00	0.043716	28.702
11.99	12.00	0.043733	28.799
11.99	12.00	0.043749	28.899
11.99	12.00	0.043766	29.001
11.99	12.00	0.043782	29.099
11.99	12.00	0.043799	29.199
11.99	12.00	0.043816	29.301
11.99	12.00	0.043832	29.398
11.99	12.00	0.043849	29.499
11.99	12.00	0.043866	29.600
11.99	12.00	0.043882	29.699
12.02	12.00	0.043899	29.799
12.02	12.00	0.043916	29.899
12.02	12.00	0.043932	29.999
12.02	12.00	0.043949	30.098
12.02	12.00	0.043966	30.199
12.02	12.00	0.043982	30.298
12.02	12.00	0.043999	30.399
12.02	12.00	0.044016	30.499
12.02	12.00	0.044032	30.599
12.02	12.00	0.044049	30.699
12.02	12.00	0.044066	30.799
11.99	12.00	0.044082	30.899
11.99	12.00	0.044099	30.998
11.99	12.00	0.044116	31.099
11.99	12.00	0.044132	31.198
11.99	12.00	0.044149	31.299
11.99	12.00	0.044166	31.399
11.99	12.00	0.044182	31.499
11.99	12.00	0.044199	31.599
11.99	12.00	0.044216	31.699
11.99	12.00	0.044232	31.798
11.99	12.00	0.044249	31.899
11.99	12.00	0.044266	31.998
11.99	12.00	0.044282	32.099
11.99	12.00	0.044299	32.199
11.99	12.00	0.044316	32.299
11.99	12.00	0.044332	32.399
11.99	12.00	0.044349	32.499
11.99	12.00	0.044366	32.599
11.99	12.00	0.044382	32.698
11.99	12.00	0.044399	32.798
12.02	12.00	0.044416	32.899
12.02	12.00	0.044432	32.999
12.02	12.00	0.044449	33.099
12.02	12.00	0.044466	33.199
12.02	12.00	0.044482	33.299
12.02	12.00	0.044499	33.399
12.02	12.00	0.044516	33.498
12.02	12.00	0.044532	33.599
12.02	12.00	0.044549	33.699
12.02	12.00	0.044566	33.799
12.02	12.00	0.044582	33.899
11.99	12.00	0.044599	33.999
11.99	12.00	0.044615	34.099
11.99	12.00	0.044632	34.198
11.99	12.00	0.044649	34.299
11.99	12.00	0.044665	34.398
11.99	12.00	0.044682	34.499
11.99	12.00	0.044699	34.599
11.99	12.00	0.044715	34.699
11.99	12.00	0.044732	34.799
11.99	12.00	0.044749	34.899
11.99	12.00	0.044765	34.999
11.99	12.00	0.044782	35.098
11.99	12.00	0.044799	35.222
11.99	12.00	0.044815	35.321
11.99	12.00	0.044832	35.426
11.99	12.00	0.044849	35.521
11.99	12.00	0.044865	35.620
11.99	12.00	0.044882	35.726
11.99	12.00	0.044899	35.820
11.99	12.00	0.044915	35.920
11.99	12.00	0.044932	36.024
11.99	12.00	0.044949	36.119
11.99	12.00	0.044965	36.218
11.99	12.00	0.044982	36.323
11.99	12.00	0.044999	36.418
11.99	12.00	0.045015	36.517
11.99	12.00	0.045032	36.621
12.02	12.00	0.045049	36.716
12.02	12.00	0.045065	36.816
12.02	12.00	0.045082	36.920
12.02	12.00	0.045099	37.015
12.02	12.00	0.045115	37.114
12.02	12.00	0.045132	37.219
12.02	12.00	0.045149	37.313
12.02	12.00	0.045165	37.414
12.02	12.00	0.045182	37.518
12.02	12.00	0.045199	37.613
11.99	12.00	0.045215	37.714
11.99	12.00	0.045232	37.816
11.99	12.00	0.045249	37.912
11.99	12.00	0.045265	38.014
11.99	12.00	0.045282	38.116
11.99	12.00	0.045299	38.210
11.99	12.00	0.045315	38.314
11.99	12.00	0.045332	38.415
11.99	12.00	0.045349	38.509
11.99	12.00	0.045365	38.613
11.99	12.00	0.045382	38.713
11.99	12.00	0.045399	38.807
11.99	12.00	0.045415	38.912
11.99	12.00	0.045432	39.012
11.99	12.00	0.045448	39.106
11.99	12.00	0.045465	39.212
12.02	12.00	0.045482	39.311
12.02	12.00	0.045498	39.406
12.02	12.00	0.045515	39.510
12.02	12.00	0.045532	39.610
12.02	12.00	0.045548	39.704
12.02	12.00	0.045565	39.809
12.02	12.00	0.045582	39.904
12.02	12.00	0.045598	40.003
12.02	12.00	0.045615	40.108
11.99	12.00	0.045632	40.202
11.99	12.00	0.045648	40.302
11.99	12.00	0.045665	40.406
11.99	12.00	0.045682	40.501
11.99	12.00	0.045698	40.600
11.99	12.00	0.045715	40.705
11.99	12.00	0.045732	40.800
11.99	12.00	0.045748	40.899
11.99	12.00	0.045765	41.004
11.99	12.00	0.045782	41.099
11.99	12.00	0.045798	41.199
11.99	12.00	0.045815	41.302
11.99	12.00	0.045832	41.399
11.99	12.00	0.045848	41.499
11.99	12.00	0.045865	41.601
11.99	12.00	0.045882	41.699
11.99	12.00	0.045898	41.799
11.99	12.00	0.045915	41.900
11.99	12.00	0.045932	41.998
12.02	12.00	0.045948	42.099
12.02	12.00	0.045965	42.199
12.02	12.00	0.045982	42.299
12.02	12.00	0.045998	42.399
12.02	12.00	0.046015	42.499
12.02	12.00	0.046032	42.599
12.02	12.00	0.046048	42.699
12.02	12.00	0.046065	42.799
12.02	12.00	0.046082	42.899
12.02	12.00	0.046098	42.999
11.99	12.00	0.046115	43.099
11.99	12.00	0.046132	43.199
11.99	12.00	0.046148	43.298
11.99	12.00	0.046165	43.399
11.99	12.00	0.046182	43.498
11.99	12.00	0.046198	43.599
11.99	12.00	0.046215	43.699
11.99	12.00	0.046232	43.799
11.99	12.00	0.046248	43.899
11.99	12.00	0.046265	43.999
11.99	12.00	0.046281	44.098
11.99	12.00	0.046298	44.199
11.99	12.00	0.046315	44.298
11.99	12.00	0.046331	44.399
11.99	12.00	0.046348	44.499
11.99	12.00	0.046365	44.599
11.99	12.00	0.046381	44.699
11.99	12.00	0.046398	44.798
11.99	12.00	0.046415	44.899
11.99	12.00	0.046431	44.999
11.99	12.00	0.046448	45.099
11.99	12.00	0.046465	45.199
11.99	12.00	0.046481	45.299
12.02	12.00	0.046498	45.399
12.02	12.00	0.046515	45.498
12.02	12.00	0.046531	45.599
12.02	12.00	0.046548	45.699
12.02	12.00	0.046565	45.799
12.02	12.00	0.046581	45.899
12.02	12.00	0.046598	45.999
12.02	12.00	0.046615	46.099
12.02	12.00	0.046631	46.198
12.02	12.00	0.046648	46.299
12.02	12.00	0.046665	46.398
11.99	12.00	0.046681	46.499
11.99	12.00	0.046698	46.599
11.99	12.00	0.046715	46.699
11.99	12.00	0.046731	46.799
11.99	12.00	0.046748	46.899
11.99	12.00	0.046765	46.999
11.99	12.00	0.046781	47.098
11.99	12.00	0.046798	47.199
11.99	12.00	0.046815	47.299
11.99	12.00	0.046831	47.399
11.99	12.00	0.046848	47.499
11.99	12.00	0.046865	47.623
11.99	12.00	0.046881	47.728
11.99	12.00	0.046898	47.822
11.99	12.00	0.046915	47.922
11.99	12.00	0.046931	48.026
11.99	12.00	0.046948	48.121
11.99	12.00	0.046965	48.220
11.99	12.00	0.046981	48.325
12.02	12.00	0.046998	48.420
12.02	12.00	0.047015	48.519
12.02	12.00	0.047031	48.624
12.02	12.00	0.047048	48.718
12.02	12.00	0.047065	48.818
12.02	12.00	0.047081	48.922
12.02	12.00	0.047098	49.017
12.02	12.00	0.047114	49.117
12.02	12.00	0.047131	49.221
12.02	12.00	0.047148	49.316
12.02	12.00	0.047164	49.415
12.02	12.00	0.047181	49.521
11.99	12.00	0.047198	49.614
11.99	12.00	0.047214	49.714
11.99	12.00	0.047231	49.819
11.99	12.00	0.047248	49.914
11.99	12.00	0.047264	50.014
11.99	12.00	0.047281	50.118
11.99	12.00	0.047298	50.213
11.99	12.00	0.047314	50.312
11.99	12.00	0.047331	50.417
11.99	12.00	0.047348	50.511
11.99	12.00	0.047364	50.613
11.99	12.00	0.047381	50.716
11.99	12.00	0.047398	50.810
11.99	12.00	0.047414	50.913
11.99	12.00	0.047431	51.014
11.99	12.00	0.047448	51.109
11.99	12.00	0.047464	51.212
11.99	12.00	0.047481	51.313
11.99	12.00	0.047498	51.407
11.99	12.00	0.047514	51.512
11.99	12.00	0.047531	51.612
11.99	12.00	0.047548	51.707
11.99	12.00	0.047564	51.811
11.99	12.00	0.047581	51.911
11.99	12.00	0.047598	52.005
11.99	12.00	0.047614	52.110
11.99	12.00	0.047631	52.209
11.99	12.00	0.047648	52.304
11.99	12.00	0.047664	52.409
12.02	12.00	0.047681	52.508
12.02	12.00	0.047698	52.603
12.02	12.00	0.047714	52.707
12.02	12.00	0.047731	52.802
12.02	12.00	0.047748	52.901
12.02	12.00	0.047764	53.006
12.02	12.00	0.047781	53.101
12.02	12.00	0.047798	53.200
12.02	12.00	0.047814	53.305
12.02	12.00	0.047831	53.400
12.02	12.00	0.047848	53.500
12.02	12.00	0.047864	53.604
12.02	12.00	0.047881	53.700
11.99	12.00	0.047898	53.799
11.99	12.00	0.047914	53.903
11.99	12.00	0.047931	54.000
11.99	12.00	0.047947	54.100
11.99	12.00	0.047964	54.202
11.99	12.00	0.047981	54.300
11.99	12.00	0.047997	54.400
11.99	12.00	0.048014	54.500
11.99	12.00	0.048031	54.600
11.99	12.00	0.048047	54.700
11.99	12.00	0.048064	54.800
11.99	12.00	0.048081	54.900
11.99	12.00	0.048097	55.000
11.99	12.00	0.048114	55.100
11.99	12.00	0.048131	55.200
11.99	12.00	0.048147	55.299
11.99	12.00	0.048164	55.400
11.99	12.00	0.048181	55.500
11.99	12.00	0.048197	55.600
11.99	12.00	0.048214	55.700
11.99	12.00	0.048231	55.800
11.99	12.00	0.048247	55.900
11.99	12.00	0.048264	55.999
11.99	12.00	0.048281	56.100
11.99	12.00	0.048297	56.199
11.99	12.00	0.048314	56.300
11.99	12.00	0.048331	56.400
12.02	12.00	0.048347	56.500
12.02	12.00	0.048364	56.600
12.02	12.00	0.048381	56.700
12.02	12.00	0.048397	56.799
12.02	12.00	0.048414	56.900
12.02	12.00	0.048431	57.000
12.02	12.00	0.048447	57.100
12.02	12.00	0.048464	57.200
12.02	12.00	0.048481	57.300
12.02	12.00	0.048497	57.400
12.02	12.00	0.048514	57.499
12.02	12.00	0.048531	57.600
12.02	12.00	0.048547	57.700
12.02	12.00	0.048564	57.800
11.99	12.00	0.048581	57.900
11.99	12.00	0.048597	58.000
11.99	12.00	0.048614	58.100
11.99	12.00	0.048631	58.199
11.99	12.00	0.048647	58.300
11.99	12.00	0.048664	58.399
11.99	12.00	0.048681	58.500
11.99	12.00	0.048697	58.601
11.99	12.00	0.048714	58.701
11.99	12.00	0.048731	58.801
11.99	12.00	0.048747	58.901
11.99	12.00	0.048764	59.001
11.99	12.00	0.048780	59.100
11.99	12.00	0.048797	59.201
11.99	12.00	0.048814	59.300
11.99	12.00	0.048830	59.401
11.99	12.00	0.048847	59.501
11.99	12.00	0.048864	59.625
11.99	12.00	0.048880	59.730
11.99	12.00	0.048897	59.829
11.99	12.00	0.048914	59.924
11.99	12.00	0.048930	00.028
11.99	12.00	0.048947	00.128
12.02	12.00	0.048964	00.222
12.02	12.00	0.048980	00.327
12.02	12.00	0.048997	00.422
12.02	12.00	0.049014	00.521
12.02	12.00	0.049030	00.627
12.02	12.00	0.049047	00.721
12.02	12.00	0.049064	00.820
12.02	12.00	0.049080	00.925
12.02	12.00	0.049097	01.020
12.02	12.00	0.049114	01.119
12.02	12.00	0.049130	01.224
12.02	12.00	0.049147	01.319
11.99	12.00	0.049164	01.418
11.99	12.00	0.049180	01.523
11.99	12.00	0.049197	01.617
11.99	12.00	0.049214	01.717
11.99	12.00	0.049230	01.821
11.99	12.00	0.049247	01.916
11.99	12.00	0.049264	02.016
11.99	12.00	0.049280	02.120
11.99	12.00	0.049297	02.215
11.99	12.00	0.049314	02.314
11.99	12.00	0.049330	02.419
11.99	12.00	0.049347	02.513
11.99	12.00	0.049364	02.613
11.99	12.00	0.049380	02.718
11.99	12.00	0.049397	02.812
11.99	12.00	0.049414	02.912
11.99	12.00	0.049430	03.016
11.99	12.00	0.049447	03.111
11.99	12.00	0.049464	03.211
11.99	12.00	0.049480	03.315
11.99	12.00	0.049497	03.409
11.99	12.00	0.049514	03.511
11.99	12.00	0.049530	03.614
11.99	12.00	0.049547	03.709
11.99	12.00	0.049564	03.811
11.99	12.00	0.049580	03.913
11.99	12.00	0.049597	04.007
11.99	12.00	0.049613	04.111
11.99	12.00	0.049630	04.211
12.02	12.00	0.049647	04.306
12.02	12.00	0.049663	04.411
12.02	12.00	0.049680	04.510
12.02	12.00	0.049697	04.605
12.02	12.00	0.049713	04.710
12.02	12.00	0.049730	04.809
12.02	12.00	0.049747	04.904
12.02	12.00	0.049763	05.009
12.02	12.00	0.049780	05.108
12.02	12.00	0.049797	05.203
12.02	12.00	0.049813	05.307
12.02	12.00	0.049830	05.407
12.02	12.00	0.049847	05.501
12.02	12.00	0.049863	05.606
11.99	12.00	0.049880	05.701
11.99	12.00	0.049897	05.802
11.99	12.00	0.049913	05.905
11.99	12.00	0.049930	06.007
11.99	12.00	0.049947	06.102
11.99	12.00	0.049963	06.203
11.99	12.00	0.049980	06.302
11.99	12.00	0.049997	06.401
11.99	12.01	0.050013	06.502
11.99	12.01	0.050030	06.602
11.99	12.01	0.050047	06.702
11.99	12.02	0.050063	06.802
11.99	12.02	0.050080	06.902
11.99	12.03	0.050097	07.002
11.99	12.03	0.050113	07.102
11.99	12.03	0.050130	07.201
11.99	12.04	0.050147	07.302
11.99	12.04	0.050163	07.402
11.99	12.04	0.050180	07.507
12.02	12.05	0.050197	07.602
12.02	12.05	0.050213	07.702
12.02	12.05	0.050230	07.802
12.02	12.06	0.050247	07.901
12.02	12.06	0.050263	08.002
12.04	12.06	0.050280	08.101
12.04	12.07	0.050297	08.202
12.04	12.07	0.050313	08.302
12.04	12.07	0.050330	08.406
12.07	12.07	0.050347	08.502
12.07	12.08	0.050363	08.602
12.07	12.08	0.050380	08.702
12.07	12.08	0.050397	08.801
12.09	12.09	0.050413	08.902
12.09	12.09	0.050430	09.001
12.09	12.09	0.050446	09.102
12.09	12.10	0.050463	09.201
12.09	12.10	0.050480	09.306
12.12	12.10	0.050496	09.402
12.12	12.10	0.050513	09.502
12.12	12.11	0.050530	09.607
12.12	12.11	0.050546	09.701
12.12	12.11	0.050563	09.802
12.12	12.11	0.050580	09.902
12.12	12.12	0.050596	10.002
12.12	12.12	0.050613	10.102
12.12	12.12	0.050630	10.206
12.12	12.12	0.050646	10.302
12.15	12.13	0.050663	10.402
12.15	12.13	0.050680	10.507
12.15	12.13	0.050696	10.601
12.15	12.13	0.050713	10.702
12.15	12.13	0.050730	10.802
12.15	12.14	0.050746	10.902
12.15	12.14	0.050763	11.002
12.15	12.14	0.050780	11.106
12.15	12.14	0.050796	11.202
12.15	12.14	0.050813	11.301
12.15	12.14	0.050830	11.406
12.15	12.14	0.050846	11.502
12.15	12.15	0.050863	11.602
12.15	12.15	0.050880	11.707
12.15	12.15	0.050896	11.831
12.15	12.15	0.050913	11.902
12.15	12.15	0.050930	12.001
12.15	12.15	0.050946	12.130
12.15	12.15	0.050963	12.224
12.15	12.15	0.050980	12.329
12.15	12.16	0.050996	12.428
12.15	12.16	0.051013	12.524
12.15	12.16	0.051030	12.629
12.15	12.16	0.051046	12.728
12.15	12.16	0.051063	12.823
12.15	12.16	0.051080	12.927
12.15	12.16	0.051096	13.027
12.15	12.16	0.051113	13.121
12.15	12.16	0.051130	13.226
12.17	12.16	0.051146	13.321
12.17	12.16	0.051163	13.420
12.17	12.16	0.051180	13.525
12.17	12.16	0.051196	13.619
12.17	12.16	0.051213	13.719
12.17	12.16	0.051230	13.823
12.17	12.16	0.051246	13.918
12.17	12.16	0.051263	14.018
12.17	12.16	0.051279	14.122
12.17	12.16	0.051296	14.217
12.17	12.16	0.051313	14.316
12.17	12.16	0.051329	14.421
12.17	12.16	0.051346	14.515
12.17	12.16	0.051363	14.615
12.17	12.16	0.051379	14.719
12.17	12.16	0.051396	14.814
12.17	12.16	0.051413	14.915
12.17	12.15	0.051429	15.019
12.17	12.15	0.051446	15.114
12.17	12.15	0.051463	15.213
12.17	12.15	0.051479	15.318
12.17	12.15	0.051496	15.412
12.17	12.15	0.051513	15.512
12.17	12.15	0.051529	15.617
12.17	12.15	0.051546	15.711
12.17	12.15	0.051563	15.811
12.17	12.15	0.051579	15.915
12.17	12.14	0.051596	16.010
12.17	12.14	0.051613	16.110
12.15	12.14	0.051629	16.214
12.15	12.14	0.051646	16.308
12.15	12.14	0.051663	16.410
12.15	12.14	0.051679	16.513
12.15	12.14	0.051696	16.607
12.15	12.13	0.051713	16.711
12.15	12.13	0.051729	16.811
12.15	12.13	0.051746	16.906
12.15	12.13	0.051763	17.010
12.15	12.13	0.051779	17.110
12.15	12.13	0.051796	17.205
12.12	12.12	0.051813	17.309
12.12	12.12	0.051829	17.409
12.12	12.12	0.051846	17.503
12.12	12.12	0.051863	17.608
12.12	12.12	0.051879	17.708
12.12	12.12	0.051896	17.802
12.12	12.11	0.051913	17.907
12.12	12.11	0.051929	18.007
12.12	12.11	0.051946	18.102
12.12	12.11	0.051963	18.206
12.09	12.11	0.051979	18.306
12.09	12.11	0.051996	18.402
12.09	12.10	0.052013	18.505
12.09	12.10	0.052029	18.605
12.09	12.10	0.052046	18.702
12.09	12.10	0.052063	18.804
12.09	12.10	0.052079	18.906
12.09	12.10	0.052096	19.002
12.09	12.09	0.052112	19.102
12.09	12.09	0.052129	19.206
12.09	12.09	0.052146	19.301
12.09	12.09	0.052162	19.402
12.09	12.09	0.052179	19.505
12.09	12.09	0.052196	19.602
12.09	12.08	0.052212	19.702
12.09	12.08	0.052229	19.805
12.09	12.08	0.052246	19.902
12.09	12.08	0.052262	20.002
12.09	12.08	0.052279	20.106
12.09	12.08	0.052296	20.201
12.09	12.08	0.052312	20.302
12.09	12.07	0.052329	20.406
12.09	12.07	0.052346	20.502
12.09	12.07	0.052362	20.602
12.09	12.07	0.052379	20.705
12.09	12.07	0.052396	20.802
12.09	12.07	0.052412	20.901
12.09	12.07	0.052429	21.006
12.07	12.07	0.052446	21.101
12.07	12.06	0.052462	21.202
12.07	12.06	0.052479	21.306
12.07	12.06	0.052496	21.402
12.07	12.06	0.052512	21.502
12.07	12.06	0.052529	21.605
12.07	12.06	0.052546	21.702
12.07	12.06	0.052562	21.801
12.07	12.06	0.052579	21.905
12.04	12.06	0.052596	22.002
12.04	12.06	0.052612	22.102
12.04	12.06	0.052629	22.205
12.04	12.06	0.052646	22.302
12.04	12.06	0.052662	22.402
12.04	12.06	0.052679	22.506
12.04	12.06	0.052696	22.601
12.04	12.06	0.052712	22.702
12.04	12.06	0.052729	22.805
12.04	12.06	0.052746	22.902
12.04	12.06	0.052762	23.002
12.04	12.06	0.052779	23.105
12.04	12.06	0.052796	23.202
12.04	12.06	0.052812	23.301
12.04	12.06	0.052829	23.405
12.04	12.06	0.052846	23.501
12.04	12.06	0.052862	23.602
12.07	12.06	0.052879	23.706
12.07	12.06	0.052896	23.803
12.07	12.06	0.052912	23.903
12.07	12.06	0.052929	24.005
12.07	12.06	0.052945	24.103
12.07	12.06	0.052962	24.202
12.07	12.06	0.052979	24.305
12.07	12.06	0.052995	24.431
12.07	12.06	0.053012	24.526
12.07	12.06	0.053029	24.605
12.07	12.06	0.053045	24.730
12.07	12.07	0.053062	24.825
12.07	12.07	0.053079	24.929
12.07	12.07	0.053095	25.029
12.07	12.07	0.053112	25.124
12.07	12.07	0.053129	25.228
12.07	12.07	0.053145	25.328
12.07	12.07	0.053162	25.422
12.07	12.08	0.053179	25.527
12.07	12.08	0.053195	25.626
12.07	12.08	0.053212	25.721
12.07	12.08	0.053229	25.826
12.07	12.08	0.053245	25.925
12.07	12.09	0.053262	26.020
12.07	12.09	0.053279	26.124
12.07	12.09	0.053295	26.219
12.07	12.09	0.053312	26.318
12.07	12.09	0.053329	26.423
12.07	12.10	0.053345	26.517
12.07	12.10	0.053362	26.617
12.07	12.10	0.053379	26.722
12.07	12.10	0.053395	26.817
12.07	12.11	0.053412	26.916
12.07	12.11	0.053429	27.021
12.07	12.11	0.053445	27.115
12.07	12.11	0.053462	27.215
12.07	12.12	0.053479	27.320
12.09	12.12	0.053495	27.414
12.09	12.12	0.053512	27.514
12.09	12.13	0.053529	27.618
12.09	12.13	0.053545	27.713
12.09	12.13	0.053562	27.812
12.12	12.13	0.053579	27.917
12.12	12.14	0.053595	28.012
12.12	12.14	0.053612	28.112
12.12	12.14	0.053629	28.216
12.15	12.15	0.053645	28.311
12.15	12.15	0.053662	28.410
12.15	12.15	0.053679	28.515
12.15	12.16	0.053695	28.609
12.17	12.16	0.053712	28.709
12.17	12.16	0.053729	28.813
12.17	12.17	0.053745	28.908
12.17	12.17	0.053762	29.009
12.17	12.17	0.053778	29.112
12.17	12.18	0.053795	29.207
12.17	12.18	0.053812	29.309
12.20	12.18	0.053828	29.411
12.20	12.19	0.053845	29.505
12.20	12.19	0.053862	29.609
12.20	12.19	0.053878	29.711
12.20	12.20	0.053895	29.805
12.20	12.20	0.053912	29.909
12.20	12.20	0.053928	30.008
12.20	12.21	0.053945	30.104
12.20	12.21	0.053962	30.208
12.20	12.21	0.053978	30.308
12.22	12.22	0.053995	30.403
12.22	12.22	0.054012	30.507
12.22	12.22	0.054028	30.607
12.22	12.23	0.054045	30.704
12.22	12.23	0.054062	30.806
12.22	12.24	0.054078	30.905
12.22	12.24	0.054095	31.004
12.22	12.24	0.054112	31.104
12.22	12.25	0.054128	31.204
12.25	12.25	0.054145	31.304
12.25	12.25	0.054162	31.404
12.25	12.26	0.054178	31.505
12.25	12.26	0.054195	31.604
12.25	12.26	0.054212	31.704
12.25	12.27	0.054228	31.804
12.25	12.27	0.054245	31.904
12.27	12.27	0.054262	32.003
12.27	12.28	0.054278	32.104
12.27	12.28	0.054295	32.204
12.27	12.28	0.054312	32.304
12.27	12.29	0.054328	32.405
12.27	12.29	0.054345	32.504
12.27	12.29	0.054362	32.604
12.30	12.29	0.054378	32.704
12.30	12.30	0.054395	32.804
12.30	12.30	0.054412	32.904
12.30	12.30	0.054428	33.004
12.30	12.31	0.054445	33.104
12.30	12.31	0.054462	33.204
12.30	12.31	0.054478	33.304
12.33	12.31	0.054495	33.404
12.33	12.32	0.054512	33.504
12.33	12.32	0.054528	33.604
12.33	12.32	0.054545	33.704
12.33	12.32	0.054562	33.804
12.33	12.33	0.054578	33.904
12.33	12.33	0.054595	34.004
12.33	12.33	0.054611	34.104
12.35	12.33	0.054628	34.204
12.35	12.34	0.054645	34.303
12.35	12.34	0.054661	34.404
12.35	12.34	0.054678	34.504
12.35	12.34	0.054695	34.604
12.35	12.34	0.054711	34.704
12.35	12.35	0.054728	34.804
12.35	12.35	0.054745	34.904
12.35	12.35	0.054761	35.004
12.35	12.35	0.054778	35.104
12.35	12.35	0.054795	35.203
12.35	12.36	0.054811	35.304
12.35	12.36	0.054828	35.405
12.35	12.36	0.054845	35.504
12.35	12.36	0.054861	35.604
12.38	12.36	0.054878	35.704
12.38	12.36	0.054895	35.804
12.38	12.36	0.054911	35.904
12.38	12.36	0.054928	36.005
12.38	12.37	0.054945	36.104
12.38	12.37	0.054961	36.205
12.38	12.37	0.054978	36.305
12.38	12.37	0.054995	36.433
12.38	12.37	0.055011	36.528
12.38	12.37	0.055028	36.628
12.38	12.37	0.055045	36.733
12.38	12.37	0.055061	36.827
12.38	12.37	0.055078	36.903
12.38	12.37	0.055095	37.031
12.38	12.37	0.055111	37.125
12.38	12.37	0.055128	37.228
12.38	12.37	0.055145	37.330
12.38	12.37	0.055161	37.424
12.38	12.37	0.055178	37.529
12.38	12.37	0.055195	37.628
12.38	12.37	0.055211	37.723
12.38	12.37	0.055228	37.827
12.38	12.37	0.055245	37.928
12.38	12.37	0.055261	38.023
12.38	12.37	0.055278	38.127
12.38	12.37	0.055295	38.227
12.38	12.37	0.055311	38.321
12.38	12.37	0.055328	38.426
12.38	12.37	0.055345	38.525
12.38	12.37	0.055361	38.620
12.38	12.37	0.055378	38.724
12.38	12.37	0.055395	38.824
12.38	12.37	0.055411	38.919
12.38	12.37	0.055428	39.023
12.38	12.37	0.055444	39.118
12.38	12.37	0.055461	39.217
12.38	12.36	0.055478	39.322
12.38	12.36	0.055494	39.416
12.38	12.36	0.055511	39.516
12.38	12.36	0.055528	39.621
12.38	12.36	0.055544	39.715
12.38	12.36	0.055561	39.815
12.38	12.36	0.055578	39.919
12.38	12.36	0.055594	40.014
12.35	12.36	0.055611	40.113
12.35	12.35	0.055628	40.218
12.35	12.35	0.055644	40.312
12.35	12.35	0.055661	40.412
12.35	12.35	0.055678	40.518
12.35	12.35	0.055694	40.612
12.35	12.35	0.055711	40.712
12.35	12.35	0.055728	40.816
12.35	12.34	0.055744	40.911
12.35	12.34	0.055761	41.010
12.35	12.34	0.055778	41.115
12.35	12.34	0.055794	41.210
12.35	12.34	0.055811	41.309
12.35	12.34	0.055828	41.414
12.35	12.33	0.055844	41.508
12.33	12.33	0.055861	41.608
12.33	12.33	0.055878	41.712
12.33	12.33	0.055894	41.807
12.33	12.33	0.055911	41.907
12.33	12.33	0.055928	42.011
12.33	12.32	0.055944	42.106
12.33	12.32	0.055961	42.208
12.33	12.32	0.055978	42.310
12.33	12.32	0.055994	42.405
12.33	12.32	0.056011	42.508
12.33	12.32	0.056028	42.608
12.33	12.31	0.056044	42.705
12.33	12.31	0.056061	42.808
12.33	12.31	0.056078	42.907
12.33	12.31	0.056094	43.005
12.33	12.31	0.056111	43.107
12.30	12.31	0.056128	43.207
12.30	12.30	0.056144	43.305
12.30	12.30	0.056161	43.406
12.30	12.30	0.056178	43.505
12.30	12.30	0.056194	43.606
12.30	12.30	0.056211	43.706
12.30	12.30	0.056228	43.806
12.30	12.29	0.056244	43.906
12.30	12.29	0.056261	44.006
12.30	12.29	0.056277	44.106
12.30	12.29	0.056294	44.205
12.30	12.29	0.056311	44.306
12.30	12.29	0.056327	44.406
12.30	12.29	0.056344	44.506
12.27	12.28	0.056361	44.606
12.27	12.28	0.056377	44.706
12.27	12.28	0.056394	44.806
12.27	12.28	0.056411	44.905
12.27	12.28	0.056427	45.006
12.27	12.28	0.056444	45.105
12.27	12.28	0.056461	45.206
12.27	12.28	0.056477	45.307
12.27	12.28	0.056494	45.407
12.27	12.28	0.056511	45.507
12.27	12.27	0.056527	45.607
12.27	12.27	0.056544	45.707
12.27	12.27	0.056561	45.806
12.27	12.27	0.056577	45.907
12.27	12.27	0.056594	46.006
12.27	12.27	0.056611	46.107
12.27	12.27	0.056627	46.207
12.27	12.27	0.056644	46.307
12.27	12.27	0.056661	46.407
12.27	12.27	0.056677	46.507
12.27	12.27	0.056694	46.607
12.27	12.27	0.056711	46.706
12.27	12.27	0.056727	46.807
12.27	12.27	0.056744	46.907
12.27	12.27	0.056761	47.007
12.27	12.27	0.056777	47.107
12.27	12.27	0.056794	47.207
12.27	12.27	0.056811	47.307
12.27	12.27	0.056827	47.407
12.27	12.27	0.056844	47.508
12.27	12.27	0.056861	47.607
12.25	12.27	0.056877	47.708
12.25	12.27	0.056894	47.808
12.25	12.27	0.056911	47.908
12.25	12.27	0.056927	48.008
12.25	12.27	0.056944	48.137
12.25	12.27	0.056961	48.232
12.25	12.27	0.056977	48.331
12.25	12.28	0.056994	48.436
12.27	12.28	0.057011	48.530
12.27	12.28	0.057027	48.630
12.27	12.28	0.057044	48.735
12.27	12.28	0.057061	48.829
12.27	12.28	0.057077	48.929
12.27	12.28	0.057094	49.033
12.27	12.28	0.057110	49.128
12.27	12.28	0.057127	49.228
12.27	12.29	0.057144	49.332
12.27	12.29	0.057160	49.427
12.27	12.29	0.057177	49.528
12.27	12.29	0.057194	49.631
12.27	12.29	0.057210	49.726
12.30	12.30	0.057227	49.827
12.30	12.30	0.057244	49.930
12.30	12.30	0.057260	50.024
12.30	12.30	0.057277	50.127
12.30	12.30	0.057294	50.229
12.30	12.31	0.057310	50.323
12.30	12.31	0.057327	50.428
12.30	12.31	0.057344	50.527
12.30	12.31	0.057360	50.622
12.30	12.31	0.057377	50.726
12.30	12.32	0.057394	50.826
12.30	12.32	0.057410	50.920
12.33	12.32	0.057427	51.025
12.33	12.32	0.057444	51.125
12.33	12.33	0.057460	51.219
12.33	12.33	0.057477	51.324
12.33	12.33	0.057494	51.423
12.33	12.34	0.057510	51.518
12.33	12.34	0.057527	51.622
12.33	12.34	0.057544	51.717
12.33	12.34	0.057560	51.817
12.33	12.35	0.057577	51.921
12.33	12.35	0.057594	52.016
12.33	12.35	0.057610	52.116
12.33	12.36	0.057627	52.221
12.35	12.36	0.057644	52.315
12.35	12.36	0.057660	52.415
12.35	12.37	0.057677	52.520
12.35	12.37	0.057694	52.614
12.35	12.37	0.057710	52.714
12.35	12.38	0.057727	52.818
12.35	12.38	0.057744	52.913
12.38	12.38	0.057760	53.012
12.38	12.39	0.057777	53.117
12.38	12.39	0.057794	53.212
12.38	12.39	0.057810	53.311
12.38	12.40	0.057827	53.416
12.38	12.40	0.057844	53.510
12.40	12.40	0.057860	53.610
12.40	12.41	0.057877	53.714
12.40	12.41	0.057894	53.809
12.40	12.41	0.057910	53.908
12.40	12.42	0.057927	54.013
12.40	12.42	0.057943	54.109
12.40	12.42	0.057960	54.209
12.43	12.43	0.057977	54.312
12.43	12.43	0.057993	54.409
12.43	12.43	0.058010	54.509
12.43	12.44	0.058027	54.610
12.43	12.44	0.058043	54.709
12.43	12.45	0.058060	54.809
12.43	12.45	0.058077	54.909
12.45	12.45	0.058093	55.009
12.45	12.46	0.058110	55.109
12.45	12.46	0.058127	55.209
12.45	12.46	0.058143	55.309
12.45	12.47	0.058160	55.409
12.45	12.47	0.058177	55.508
12.45	12.47	0.058193	55.609
12.48	12.48	0.058210	55.709
12.48	12.48	0.058227	55.809
12.48	12.48	0.058243	55.909
12.48	12.49	0.058260	56.009
12.48	12.49	0.058277	56.109
12.48	12.49	0.058293	56.209
12.48	12.50	0.058310	56.310
12.50	12.50	0.058327	56.409
12.50	12.50	0.058343	56.509
12.50	12.50	0.058360	56.610
12.50	12.51	0.058377	56.710
12.50	12.51	0.058393	56.810
12.50	12.51	0.058410	56.910
12.50	12.52	0.058427	57.010
12.53	12.52	0.058443	57.110
12.53	12.52	0.058460	57.209
12.53	12.52	0.058477	57.310
12.53	12.53	0.058493	57.410
12.53	12.53	0.058510	57.510
12.53	12.53	0.058527	57.610
12.56	12.54	0.058543	57.710
12.56	12.54	0.058560	57.810
12.56	12.54	0.058577	57.909
12.56	12.54	0.058593	58.010
12.56	12.55	0.058610	58.109
12.56	12.55	0.058627	58.210
12.56	12.55	0.058643	58.310
12.56	12.55	0.058660	58.410
12.56	12.55	0.058677	58.509
12.56	12.56	0.058693	58.610
12.56	12.56	0.058710	58.710
12.56	12.56	0.058727	58.810
12.56	12.56	0.058743	58.910
12.56	12.56	0.058760	59.010
12.56	12.57	0.058776	59.110
12.56	12.57	0.058793	59.209
12.56	12.57	0.058810	59.310
12.56	12.57	0.058826	59.410
12.58	12.57	0.058843	59.510
12.58	12.57	0.058860	59.610
12.58	12.57	0.058876	59.710
12.58	12.58	0.058893	59.810
12.58	12.58	0.058910	59.909
12.58	12.58	0.058926	00.010
12.58	12.58	0.058943	00.109
12.58	12.58	0.058960	00.234
12.58	12.58	0.058976	00.333
12.58	12.58	0.058993	00.438
12.58	12.58	0.059010	00.533
12.58	12.58	0.059026	00.632
12.58	12.58	0.059043	00.737
12.58	12.58	0.059060	00.831
12.61	12.58	0.059076	00.931
12.61	12.59	0.059093	01.036
12.61	12.59	0.059110	01.130
12.61	12.59	0.059126	01.230
12.61	12.59	0.059143	01.335
12.61	12.59	0.059160	01.429
12.61	12.59	0.059176	01.529
12.61	12.59	0.059193	01.633
12.61	12.59	0.059210	01.728
12.61	12.59	0.059226	01.827
12.61	12.59	0.059243	01.932
12.61	12.59	0.059260	02.027
12.61	12.59	0.059276	02.126
12.61	12.59	0.059293	02.231
12.61	12.59	0.059310	02.325
12.61	12.58	0.059326	02.426
12.61	12.58	0.059343	02.529
12.58	12.58	0.059360	02.624
12.58	12.58	0.059376	02.727
12.58	12.58	0.059393	02.828
12.58	12.58	0.059410	02.923
12.58	12.58	0.059426	03.026
12.58	12.58	0.059443	03.127
12.58	12.58	0.059460	03.221
12.58	12.58	0.059476	03.326
12.58	12.58	0.059493	03.425
12.58	12.58	0.059510	03.520
12.58	12.58	0.059526	03.625
12.58	12.57	0.059543	03.724
12.58	12.57	0.059560	03.819
12.58	12.57	0.059576	03.924
12.58	12.57	0.059593	04.024
12.58	12.57	0.059609	04.118
12.58	12.57	0.059626	04.223
12.58	12.57	0.059643	04.323
12.58	12.57	0.059659	04.417
12.58	12.56	0.059676	04.522
12.58	12.56	0.059693	04.617
12.58	12.56	0.059709	04.716
12.58	12.56	0.059726	04.821
12.56	12.56	0.059743	04.915
12.56	12.56	0.059759	05.015
12.56	12.55	0.059776	05.119
12.56	12.55	0.059793	05.213
12.56	12.55	0.059809	05.313
12.56	12.55	0.059826	05.418
12.56	12.55	0.059843	05.512
12.56	12.55	0.059859	05.612
12.56	12.54	0.059876	05.717
12.56	12.54	0.059893	05.812
12.56	12.54	0.059909	05.911
12.56	12.54	0.059926	06.016
12.56	12.54	0.059943	06.110
12.53	12.54	0.059959	06.211
12.53	12.53	0.059976	06.315
12.53	12.53	0.059993	06.411
12.53	12.53	0.060009	06.511
12.53	12.53	0.060026	06.613
12.53	12.53	0.060043	06.710
12.53	12.53	0.060059	06.811
12.53	12.52	0.060076	06.912
12.53	12.52	0.060093	07.011
12.53	12.52	0.060109	07.111
12.53	12.52	0.060126	07.211
12.53	12.52	0.060143	07.311
12.53	12.52	0.060159	07.410
12.53	12.51	0.060176	07.511
12.50	12.51	0.060193	07.610
12.50	12.51	0.060209	07.711
12.50	12.51	0.060226	07.811
12.50	12.51	0.060243	07.911
12.50	12.51	0.060259	08.011
12.50	12.50	0.060276	08.111
12.50	12.50	0.060293	08.211
12.50	12.50	0.060309	08.310
12.50	12.50	0.060326	08.411
12.50	12.50	0.060343	08.510
12.50	12.50	0.060359	08.611
12.50	12.50	0.060376	08.711
12.50	12.50	0.060393	08.811
12.50	12.49	0.060409	08.911
12.50	12.49	0.060426	09.011
12.50	12.49	0.060442	09.111
12.50	12.49	0.060459	09.210
12.50	12.49	0.060476	09.311
12.50	12.49	0.060492	09.411
12.50	12.49	0.060509	09.511
12.50	12.49	0.060526	09.611
12.48	12.49	0.060542	09.711
12.48	12.49	0.060559	09.811
12.48	12.49	0.060576	09.910
12.48	12.48	0.060592	10.011
12.48	12.48	0.060609	10.110
12.48	12.48	0.060626	10.211
12.48	12.48	0.060642	10.311
12.48	12.48	0.060659	10.411
12.48	12.48	0.060676	10.511
12.48	12.48	0.060692	10.611
12.48	12.48	0.060709	10.711
12.48	12.48	0.060726	10.810
12.48	12.48	0.060742	10.911
12.48	12.48	0.060759	11.010
12.48	12.48	0.060776	11.111
12.48	12.48	0.060792	11.211
12.48	12.48	0.060809	11.311
12.48	12.48	0.060826	11.411
12.48	12.48	0.060842	11.511
12.48	12.48	0.060859	11.611
12.48	12.48	0.060876	11.710
12.48	12.48	0.060892	11.811
12.45	12.48	0.060909	11.911
12.45	12.49	0.060926	12.011
12.45	12.49	0.060942	12.111
12.45	12.49	0.060959	12.211
12.45	12.49	0.060976	12.311
12.45	12.49	0.060992	12.410
12.45	12.49	0.061009	12.535
12.48	12.49	0.061026	12.634
12.48	12.49	0.061042	12.738
12.48	12.49	0.061059	12.833
12.48	12.49	0.061076	12.933
12.48	12.50	0.061092	13.038
12.48	12.50	0.061109	13.132
12.48	12.50	0.061126	13.232
12.48	12.50	0.061142	13.336
12.48	12.50	0.061159	13.431
12.50	12.50	0.061176	13.530
12.50	12.50	0.061192	13.635
12.50	12.51	0.061209	13.730
12.50	12.51	0.061226	13.829
12.50	12.51	0.061242	13.934
12.50	12.51	0.061259	14.028
12.50	12.51	0.061275	14.128
12.50	12.52	0.061292	14.232
12.53	12.52	0.061309	14.328
12.53	12.52	0.061325	14.428
12.53	12.52	0.061342	14.532
12.53	12.53	0.061359	14.627
12.53	12.53	0.061375	14.726
12.53	12.53	0.061392	14.831
12.53	12.53	0.061409	14.925
12.53	12.54	0.061425	15.025
12.53	12.54	0.061442	15.129
12.53	12.54	0.061459	15.224
12.53	12.54	0.061475	15.325
12.53	12.55	0.061492	15.428
12.53	12.55	0.061509	15.523
12.56	12.55	0.061525	15.625
12.56	12.55	0.061542	15.727
12.56	12.56	0.061559	15.822
12.56	12.56	0.061575	15.924
12.56	12.56	0.061592	16.026
12.56	12.57	0.061609	16.121
12.56	12.57	0.061625	16.224
12.56	12.57	0.061642	16.325
12.56	12.58	0.061659	16.419
12.56	12.58	0.061675	16.524
12.56	12.58	0.061692	16.623
12.56	12.59	0.061709	16.718
12.56	12.59	0.061725	16.822
12.58	12.59	0.061742	16.922
12.58	12.60	0.061759	17.017
12.58	12.60	0.061775	17.121
12.58	12.60	0.061792	17.221
12.58	12.61	0.061809	17.315
12.58	12.61	0.061825	17.420
12.58	12.61	0.061842	17.515
12.61	12.62	0.061859	17.615
12.61	12.62	0.061875	17.719
12.61	12.62	0.061892	17.814
12.61	12.63	0.061909	17.913
12.61	12.63	0.061925	18.018
12.63	12.63	0.061942	18.112
12.63	12.64	0.061959	18.212
12.63	12.64	0.061975	18.316
12.63	12.64	0.061992	18.412
12.63	12.65	0.062009	18.512
12.63	12.65	0.062025	18.616
12.66	12.65	0.062042	18.712
12.66	12.66	0.062059	18.812
12.66	12.66	0.062075	18.914
12.66	12.67	0.062092	19.012
12.66	12.67	0.062108	19.111
12.66	12.67	0.062125	19.213
12.66	12.68	0.062142	19.312
12.68	12.68	0.062158	19.412
12.68	12.68	0.062175	19.512
12.68	12.69	0.062192	19.612
12.68	12.69	0.062208	19.712
12.68	12.69	0.062225	19.811
12.68	12.70	0.062242	19.912
12.71	12.70	0.062258	20.011
12.71	12.70	0.062275	20.112
12.71	12.71	0.062292	20.212
12.71	12.71	0.062308	20.312
12.71	12.71	0.062325	20.412
12.71	12.71	0.062342	20.512
12.71	12.72	0.062358	20.612
12.71	12.72	0.062375	20.711
12.74	12.72	0.062392	20.812
12.74	12.73	0.062408	20.912
12.74	12.73	0.062425	21.012
12.74	12.73	0.062442	21.112
12.74	12.74	0.062458	21.212
12.74	12.74	0.062475	21.312
12.74	12.74	0.062492	21.411
12.74	12.74	0.062508	21.512
12.74	12.75	0.062525	21.611
12.74	12.75	0.062542	21.712
12.74	12.75	0.062558	21.812
12.76	12.75	0.062575	21.912
12.76	12.76	0.062592	22.012
12.76	12.76	0.062608	22.112
12.76	12.76	0.062625	22.211
12.76	12.76	0.062642	22.312
12.76	12.77	0.062658	22.411
12.76	12.77	0.062675	22.512
12.76	12.77	0.062692	22.612
12.76	12.77	0.062708	22.712
12.76	12.77	0.062725	22.812
12.79	12.78	0.062742	22.912
12.79	12.78	0.062758	23.012
12.79	12.78	0.062775	23.111
12.79	12.78	0.062792	23.212
12.79	12.78	0.062808	23.312
12.79	12.78	0.062825	23.412
12.79	12.78	0.062842	23.512
12.79	12.79	0.062858	23.612
12.79	12.79	0.062875	23.712
12.79	12.79	0.062892	23.811
12.81	12.79	0.062908	23.912
12.81	12.79	0.062925	24.011
12.81	12.79	0.062941	24.112
12.81	12.79	0.062958	24.212
12.81	12.79	0.062975	24.312
12.81	12.80	0.062991	24.412
12.81	12.80	0.063008	24.512
12.81	12.80	0.063025	24.612
12.81	12.80	0.063041	24.711
12.81	12.80	0.063058	24.841
12.81	12.80	0.063075	24.935
12.81	12.80	0.063091	25.040
12.81	12.80	0.063108	25.140
12.81	12.80	0.063125	25.234
12.81	12.80	0.063141	25.339
12.81	12.80	0.063158	25.433
12.81	12.80	0.063175	25.533
12.81	12.80	0.063191	25.638
12.81	12.80	0.063208	25.732
12.81	12.80	0.063225	25.832
12.81	12.80	0.063241	25.937
12.81	12.80	0.063258	26.031
12.81	12.80	0.063275	26.131
12.81	12.80	0.063291	26.235
12.81	12.80	0.063308	26.330
12.81	12.80	0.063325	26.429
12.81	12.80	0.063341	26.534
12.81	12.80	0.063358	26.628
12.81	12.80	0.063375	26.728
12.81	12.80	0.063391	26.833
12.81	12.80	0.063408	26.927
12.81	12.79	0.063425	27.027
12.81	12.79	0.063441	27.132
12.81	12.79	0.063458	27.226
12.79	12.79	0.063475	27.326
12.79	12.79	0.063491	27.430
12.79	12.79	0.063508	27.525
12.79	12.79	0.063525	27.625
12.79	12.79	0.063541	27.729
12.79	12.79	0.063558	27.824
12.79	12.79	0.063575	27.923
12.79	12.78	0.063591	28.028
12.79	12.78	0.063608	28.122
12.79	12.78	0.063625	28.223
12.79	12.78	0.063641	28.327
12.79	12.78	0.063658	28.421
12.79	12.78	0.063675	28.523
12.79	12.78	0.063691	28.625
12.79	12.77	0.063708	28.720
12.79	12.77	0.063725	28.822
12.79	12.77	0.063741	28.924
12.79	12.77	0.063758	29.018
12.79	12.77	0.063774	29.123
12.79	12.77	0.063791	29.223
12.79	12.76	0.063808	29.318
12.79	12.76	0.063824	29.423
12.79	12.76	0.063841	29.522
12.76	12.76	0.063858	29.617
12.76	12.76	0.063874	29.721
12.76	12.76	0.063891	29.821
12.76	12.75	0.063908	29.916
12.76	12.75	0.063924	30.020
12.76	12.75	0.063941	30.120
12.76	12.75	0.063958	30.216
12.76	12.75	0.063974	30.319
12.76	12.75	0.063991	30.418
12.74	12.74	0.064008	30.516
12.74	12.74	0.064024	30.617
12.74	12.74	0.064041	30.718
12.74	12.74	0.064058	30.816
12.74	12.74	0.064074	30.916
12.74	12.74	0.064091	31.018
12.74	12.73	0.064108	31.116
12.74	12.73	0.064124	31.216
12.74	12.73	0.064141	31.318
12.74	12.73	0.064158	31.416
12.74	12.73	0.064174	31.516
12.74	12.73	0.064191	31.618
12.74	12.72	0.064208	31.716
12.74	12.72	0.064224	31.816
12.71	12.72	0.064241	31.918
12.71	12.72	0.064258	32.016
12.71	12.72	0.064274	32.115
12.71	12.72	0.064291	32.218
12.71	12.72	0.064308	32.316
12.71	12.71	0.064324	32.416
12.71	12.71	0.064341	32.518
12.71	12.71	0.064358	32.616
12.71	12.71	0.064374	32.716
12.71	12.71	0.064391	32.817
12.71	12.71	0.064408	32.916
12.71	12.71	0.064424	33.015
12.71	12.71	0.064441	33.118
12.71	12.70	0.064458	33.216
12.71	12.70	0.064474	33.316
12.71	12.70	0.064491	33.418
12.71	12.70	0.064508	33.516
12.68	12.70	0.064524	33.616
12.68	12.70	0.064541	33.717
12.68	12.70	0.064558	33.816
12.68	12.70	0.064574	33.915
12.68	12.70	0.064591	34.018
12.68	12.70	0.064607	34.116
12.68	12.70	0.064624	34.216
12.68	12.70	0.064641	34.318
12.68	12.70	0.064657	34.416
12.68	12.70	0.064674	34.516
12.68	12.70	0.064691	34.617
12.68	12.70	0.064707	34.716
12.68	12.70	0.064724	34.816
12.68	12.70	0.064741	34.917
12.68	12.70	0.064757	35.016
12.71	12.70	0.064774	35.116
12.71	12.70	0.064791	35.218
12.71	12.70	0.064807	35.315
12.71	12.70	0.064824	35.416
12.71	12.70	0.064841	35.517
12.71	12.70	0.064857	35.616
12.71	12.70	0.064874	35.716
12.71	12.70	0.064891	35.817
12.71	12.70	0.064907	35.916
12.71	12.70	0.064924	36.016
12.71	12.70	0.064941	36.118
12.71	12.70	0.064957	36.215
12.71	12.70	0.064974	36.340
12.71	12.70	0.064991	36.417
12.71	12.70	0.065007	36.544
12.71	12.70	0.065024	36.639
12.71	12.70	0.065041	36.717
12.71	12.71	0.065057	36.843
12.71	12.71	0.065074	36.937
12.68	12.71	0.065091	37.017
12.68	12.71	0.065107	37.141
12.68	12.71	0.065124	37.236
12.68	12.71	0.065141	37.341
12.68	12.71	0.065157	37.440
12.68	12.72	0.065174	37.535
12.68	12.72	0.065191	37.639
12.71	12.72	0.065207	37.740
12.71	12.72	0.065224	37.834
12.71	12.72	0.065241	37.938
12.71	12.73	0.065257	38.038
12.71	12.73	0.065274	38.133
12.71	12.73	0.065291	38.237
12.71	12.73	0.065307	38.332
12.74	12.73	0.065324	38.431
12.74	12.74	0.065341	38.536
12.74	12.74	0.065357	38.630
12.74	12.74	0.065374	38.730
12.74	12.74	0.065391	38.834
12.74	12.75	0.065407	38.929
12.74	12.75	0.065424	39.029
12.74	12.75	0.065440	39.133
12.74	12.75	0.065457	39.228
12.74	12.76	0.065474	39.328
12.76	12.76	0.065490	39.433
12.76	12.76	0.065507	39.527
12.76	12.77	0.065524	39.627
12.76	12.77	0.065540	39.732
12.76	12.77	0.065557	39.826
12.76	12.77	0.065574	39.926
12.76	12.78	0.065590	40.030
12.76	12.78	0.065607	40.125
12.76	12.78	0.065624	40.224
12.76	12.79	0.065640	40.329
12.76	12.79	0.065657	40.423
12.79	12.79	0.065674	40.523
12.79	12.80	0.065690	40.628
12.79	12.80	0.065707	40.722
12.79	12.80	0.065724	40.822
12.79	12.81	0.065740	40.926
12.79	12.81	0.065757	41.021
12.79	12.81	0.065774	41.121
12.79	12.82	0.065790	41.225
12.81	12.82	0.065807	41.320
12.81	12.82	0.065824	41.421
12.81	12.83	0.065840	41.524
12.81	12.83	0.065857	41.618
12.81	12.83	0.065874	41.721
12.81	12.84	0.065890	41.822
12.81	12.84	0.065907	41.917
12.84	12.84	0.065924	42.020
12.84	12.85	0.065940	42.122
12.84	12.85	0.065957	42.217
12.84	12.85	0.065974	42.321
12.84	12.86	0.065990	42.420
12.86	12.86	0.066007	42.517
12.86	12.86	0.066024	42.619
12.86	12.87	0.066040	42.719
12.86	12.87	0.066057	42.816
12.86	12.88	0.066074	42.918
12.86	12.88	0.066090	43.018
12.86	12.88	0.066107	43.117
12.89	12.89	0.066124	43.217
12.89	12.89	0.066140	43.317
12.89	12.89	0.066157	43.417
12.89	12.90	0.066174	43.516
12.89	12.90	0.066190	43.617
12.89	12.90	0.066207	43.717
12.92	12.91	0.066224	43.817
12.92	12.91	0.066240	43.917
12.92	12.91	0.066257	44.017
12.92	12.92	0.066273	44.117
12.92	12.92	0.066290	44.217
12.92	12.92	0.066307	44.316
12.92	12.93	0.066323	44.417
12.94	12.93	0.066340	44.516
12.94	12.93	0.066357	44.617
12.94	12.93	0.066373	44.717
12.94	12.94	0.066390	44.817
12.94	12.94	0.066407	44.917
12.94	12.94	0.066423	45.017
12.94	12.95	0.066440	45.117
12.94	12.95	0.066457	45.216
12.94	12.95	0.066473	45.317
12.94	12.95	0.066490	45.417
12.97	12.96	0.066507	45.517
12.97	12.96	0.066523	45.617
12.97	12.96	0.066540	45.717
12.97	12.96	0.066557	45.817
12.97	12.97	0.066573	45.916
12.97	12.97	0.066590	46.017
12.97	12.97	0.066607	46.116
12.97	12.97	0.066623	46.217
12.97	12.98	0.066640	46.317
12.97	12.98	0.066657	46.417
12.99	12.98	0.066673	46.517
12.99	12.98	0.066690	46.617
12.99	12.98	0.066707	46.717
12.99	12.99	0.066723	46.816
12.99	12.99	0.066740	46.917
12.99	12.99	0.066757	47.016
12.99	12.99	0.066773	47.117
12.99	12.99	0.066790	47.217
12.99	13.00	0.066807	47.317
12.99	13.00	0.066823	47.417
12.99	13.00	0.066840	47.517
12.99	13.00	0.066857	47.617
12.99	13.00	0.066873	47.716
13.02	13.00	0.066890	47.817
13.02	13.00	0.066907	47.917
13.02	13.00	0.066923	48.017
13.02	13.01	0.066940	48.117
13.02	13.01	0.066957	48.217
13.02	13.01	0.066973	48.317
13.02	13.01	0.066990	48.417
13.02	13.01	0.067007	48.546
13.02	13.01	0.067023	48.640
13.02	13.01	0.067040	48.740
13.02	13.01	0.067057	48.845
13.02	13.01	0.067073	48.940
13.02	13.01	0.067090	49.040
13.02	13.01	0.067106	49.144
13.02	13.01	0.067123	49.239
13.02	13.01	0.067140	49.340
13.02	13.01	0.067156	49.443
13.02	13.01	0.067173	49.537
13.02	13.01	0.067190	49.640
13.02	13.01	0.067206	49.742
13.02	13.01	0.067223	49.836
13.02	13.01	0.067240	49.940
13.02	13.01	0.067256	50.040
13.02	13.01	0.067273	50.135
13.02	13.01	0.067290	50.239
13.02	13.01	0.067306	50.339
13.02	13.01	0.067323	50.433
13.02	13.01	0.067340	50.538
13.02	13.01	0.067356	50.638
13.02	13.01	0.067373	50.732
13.02	13.01	0.067390	50.837
13.02	13.01	0.067406	50.937
13.02	13.01	0.067423	51.031
13.02	13.01	0.067440	51.136
13.02	13.01	0.067456	51.235
13.02	13.00	0.067473	51.330
13.02	13.00	0.067490	51.434
13.02	13.00	0.067506	51.529
13.02	13.00	0.067523	51.629
13.02	13.00	0.067540	51.733
13.02	13.00	0.067556	51.828
13.02	13.00	0.067573	51.927
13.02	13.00	0.067590	52.033
13.02	13.00	0.067606	52.127
12.99	12.99	0.067623	52.227
12.99	12.99	0.067640	52.331
12.99	12.99	0.067656	52.425
12.99	12.99	0.067673	52.526
12.99	12.99	0.067690	52.630
12.99	12.99	0.067706	52.725
12.99	12.99	0.067723	52.824
12.99	12.98	0.067740	52.929
12.99	12.98	0.067756	53.023
12.99	12.98	0.067773	53.123
12.99	12.98	0.067790	53.228
12.99	12.98	0.067806	53.322
12.99	12.98	0.067823	53.422
12.99	12.97	0.067840	53.526
12.99	12.97	0.067856	53.621
12.99	12.97	0.067873	53.720
12.99	12.97	0.067890	53.825
12.97	12.97	0.067906	53.919
12.97	12.97	0.067923	54.020
12.97	12.96	0.067939	54.124
12.97	12.96	0.067956	54.220
12.97	12.96	0.067973	54.320
12.97	12.96	0.067989	54.422
12.97	12.96	0.068006	54.520
12.97	12.96	0.068023	54.619
12.97	12.95	0.068039	54.722
12.97	12.95	0.068056	54.820
12.97	12.95	0.068073	54.920
12.97	12.95	0.068089	55.021
12.94	12.95	0.068106	55.120
12.94	12.95	0.068123	55.220
12.94	12.94	0.068139	55.319
12.94	12.94	0.068156	55.420
12.94	12.94	0.068173	55.519
12.94	12.94	0.068189	55.620
12.94	12.94	0.068206	55.720
12.94	12.94	0.068223	55.820
12.94	12.93	0.068239	55.920
12.94	12.93	0.068256	56.020
12.94	12.93	0.068273	56.120
12.94	12.93	0.068289	56.219
12.92	12.93	0.068306	56.320
12.92	12.93	0.068323	56.419
12.92	12.93	0.068339	56.520
12.92	12.92	0.068356	56.620
12.92	12.92	0.068373	56.720
12.92	12.92	0.068389	56.820
12.92	12.92	0.068406	56.919
12.92	12.92	0.068423	57.020
12.92	12.92	0.068439	57.119
12.92	12.92	0.068456	57.220
12.92	12.92	0.068473	57.320
12.92	12.92	0.068489	57.420
12.92	12.92	0.068506	57.520
12.92	12.91	0.068523	57.620
12.89	12.91	0.068539	57.720
12.89	12.91	0.068556	57.819
12.89	12.91	0.068573	57.920
12.89	12.91	0.068589	58.020
12.89	12.91	0.068606	58.120
12.89	12.91	0.068623	58.220
12.89	12.91	0.068639	58.320
12.89	12.91	0.068656	58.420
12.89	12.91	0.068673	58.519
12.89	12.91	0.068689	58.620
12.89	12.91	0.068706	58.719
12.89	12.91	0.068723	58.820
12.89	12.91	0.068739	58.920
12.92	12.91	0.068756	59.020
12.92	12.91	0.068772	59.120
12.92	12.91	0.068789	59.220
12.92	12.91	0.068806	59.320
12.92	12.91	0.068822	59.419
12.92	12.91	0.068839	59.520
12.92	12.91	0.068856	59.620
12.92	12.91	0.068872	59.720
12.92	12.91	0.068889	59.820
12.92	12.91	0.068906	59.920
12.92	12.91	0.068922	00.020
12.92	12.91	0.068939	00.119
12.92	12.91	0.068956	00.220
12.92	12.91	0.068972	00.319
12.92	12.92	0.068989	00.444
12.92	12.92	0.069006	00.548
12.92	12.92	0.069022	00.644
12.92	12.92	0.069039	00.742
12.92	12.92	0.069056	00.848
12.92	12.92	0.069072	00.942
12.92	12.92	0.069089	01.042
12.92	12.92	0.069106	01.146
12.89	12.92	0.069122	01.241
12.89	12.93	0.069139	01.340
12.89	12.93	0.069156	01.445
12.89	12.93	0.069172	01.540
12.89	12.93	0.069189	01.639
12.89	12.93	0.069206	01.744
12.92	12.94	0.069222	01.838
12.92	12.94	0.069239	01.938
12.92	12.94	0.069256	02.042
12.92	12.94	0.069272	02.137
12.92	12.94	0.069289	02.239
12.92	12.95	0.069306	02.341
12.92	12.95	0.069322	02.436
12.94	12.95	0.069339	02.538
12.94	12.95	0.069356	02.640
12.94	12.95	0.069372	02.734
12.94	12.96	0.069389	02.838
12.94	12.96	0.069406	02.938
12.94	12.96	0.069422	03.033
12.94	12.96	0.069439	03.138
12.97	12.97	0.069456	03.237
12.97	12.97	0.069472	03.333
12.97	12.97	0.069489	03.437
12.97	12.98	0.069506	03.537
12.97	12.98	0.069522	03.631
12.97	12.98	0.069539	03.736
12.97	12.98	0.069556	03.836
12.97	12.99	0.069572	03.930
12.99	12.99	0.069589	04.035
12.99	12.99	0.069605	04.134
12.99	13.00	0.069622	04.228
12.99	13.00	0.069639	04.333
12.99	13.00	0.069655	04.427
12.99	13.01	0.069672	04.527
12.99	13.01	0.069689	04.632
12.99	13.01	0.069705	04.727
13.02	13.02	0.069722	04.827
13.02	13.02	0.069739	04.931
13.02	13.02	0.069755	05.026
13.02	13.03	0.069772	05.125
13.02	13.03	0.069789	05.230
13.02	13.03	0.069805	05.324
13.02	13.04	0.069822	05.424
13.02	13.04	0.069839	05.529
13.04	13.04	0.069855	05.623
13.04	13.05	0.069872	05.723
13.04	13.05	0.069889	05.827
13.04	13.05	0.069905	05.922
13.04	13.06	0.069922	06.021
13.04	13.06	0.069939	06.126
13.04	13.06	0.069955	06.221
13.07	13.07	0.069972	06.323
13.07	13.07	0.069989	06.425
13.07	13.07	0.070005	06.523
13.07	13.08	0.070022	06.622
13.07	13.08	0.070039	06.724
13.07	13.09	0.070055	06.822
13.07	13.09	0.070072	06.923
13.09	13.09	0.070089	07.023
13.09	13.10	0.070105	07.123
13.09	13.10	0.070122	07.223
13.09	13.10	0.070139	07.323
13.09	13.11	0.070155	07.423
13.09	13.11	0.070172	07.522
13.09	13.11	0.070189	07.623
13.12	13.12	0.070205	07.723
13.12	13.12	0.070222	07.823
13.12	13.12	0.070239	07.923
13.12	13.13	0.070255	08.023
13.12	13.13	0.070272	08.122
13.12	13.13	0.070289	08.223
13.15	13.14	0.070305	08.322
13.15	13.14	0.070322	08.423
13.15	13.14	0.070339	08.523
13.15	13.14	0.070355	08.623
13.15	13.15	0.070372	08.723
13.15	13.15	0.070389	08.823
13.15	13.15	0.070405	08.923
13.17	13.16	0.070422	09.022
13.17	13.16	0.070438	09.123
13.17	13.16	0.070455	09.223
13.17	13.16	0.070472	09.323
13.17	13.17	0.070488	09.423
13.17	13.17	0.070505	09.523
13.17	13.17	0.070522	09.623
13.17	13.18	0.070538	09.722
13.17	13.18	0.070555	09.823
13.17	13.18	0.070572	09.922
13.17	13.18	0.070588	10.023
13.17	13.19	0.070605	10.123
13.17	13.19	0.070622	10.223
13.20	13.19	0.070638	10.323
13.20	13.19	0.070655	10.423
13.20	13.19	0.070672	10.523
13.20	13.20	0.070688	10.622
13.20	13.20	0.070705	10.722
13.20	13.20	0.070722	10.823
13.20	13.20	0.070738	10.923
13.20	13.20	0.070755	11.023
13.20	13.21	0.070772	11.123
13.22	13.21	0.070788	11.223
13.22	13.21	0.070805	11.323
13.22	13.21	0.070822	11.422
13.22	13.21	0.070838	11.523
13.22	13.21	0.070855	11.622
13.22	13.21	0.070872	11.723
13.22	13.22	0.070888	11.823
13.22	13.22	0.070905	11.923
13.22	13.22	0.070922	12.023
13.22	13.22	0.070938	12.147
13.22	13.22	0.070955	12.252
13.22	13.22	0.070972	12.346
13.22	13.22	0.070988	12.446
13.25	13.22	0.071005	12.551
13.25	13.22	0.071022	12.645
13.25	13.22	0.071038	12.745
13.25	13.22	0.071055	12.849
13.25	13.22	0.071072	12.944
13.25	13.23	0.071088	13.043
13.25	13.23	0.071105	13.148
13.25	13.23	0.071122	13.242
13.25	13.23	0.071138	13.342
13.25	13.23	0.071155	13.448
13.25	13.23	0.071172	13.542
13.25	13.23	0.071188	13.642
13.25	13.23	0.071205	13.746
13.22	13.23	0.071222	13.840
13.22	13.23	0.071238	13.940
13.22	13.23	0.071255	14.044
13.22	13.23	0.071271	14.139
13.22	13.23	0.071288	14.239
13.22	13.23	0.071305	14.343
13.22	13.22	0.071321	14.438
13.22	13.22	0.071338	14.537
13.22	13.22	0.071355	14.642
13.22	13.22	0.071371	14.737
13.22	13.22	0.071388	14.836
13.22	13.22	0.071405	14.941
13.22	13.22	0.071421	15.036
13.22	13.22	0.071438	15.136
13.22	13.22	0.071455	15.240
13.22	13.22	0.071471	15.334
13.22	13.22	0.071488	15.437
13.22	13.22	0.071505	15.538
13.22	13.22	0.071521	15.633
13.22	13.21	0.071538	15.737
13.22	13.21	0.071555	15.837
13.22	13.21	0.071571	15.932
13.22	13.21	0.071588	16.036
13.22	13.21	0.071605	16.137
13.22	13.21	0.071621	16.231
13.22	13.21	0.071638	16.336
13.22	13.21	0.071655	16.435
13.22	13.20	0.071671	16.530
13.22	13.20	0.071688	16.635
13.22	13.20	0.071705	16.734
13.22	13.20	0.071721	16.829
13.22	13.20	0.071738	16.933
13.22	13.20	0.071755	17.033
13.22	13.19	0.071771	17.127
13.22	13.19	0.071788	17.232
13.22	13.19	0.071805	17.327
13.22	13.19	0.071821	17.426
13.22	13.19	0.071838	17.531
13.22	13.19	0.071855	17.625
13.22	13.18	0.071871	17.725
13.22	13.18	0.071888	17.829
13.22	13.18	0.071905	17.924
13.20	13.18	0.071921	18.023
13.20	13.18	0.071938	18.128
13.20	13.18	0.071955	18.224
13.20	13.17	0.071971	18.324
13.20	13.17	0.071988	18.427
13.20	13.17	0.072005	18.524
13.17	13.17	0.072021	18.623
13.17	13.17	0.072038	18.726
13.17	13.17	0.072055	18.823
13.17	13.16	0.072071	18.924
13.17	13.16	0.072088	19.025
13.15	13.16	0.072104	19.124
13.15	13.16	0.072121	19.224
13.15	13.16	0.072138	19.324
13.15	13.16	0.072154	19.424
13.15	13.15	0.072171	19.523
13.15	13.15	0.072188	19.624
13.15	13.15	0.072204	19.724
13.15	13.15	0.072221	19.824
13.15	13.15	0.072238	19.924
13.12	13.15	0.072254	20.024
13.12	13.14	0.072271	20.124
13.12	13.14	0.072288	20.225
13.12	13.14	0.072304	20.325
13.12	13.14	0.072321	20.425
13.12	13.14	0.072338	20.525
13.12	13.14	0.072354	20.626
13.12	13.14	0.072371	20.726
13.12	13.14	0.072388	20.827
13.12	13.13	0.072404	20.927
13.12	13.13	0.072421	21.027
13.12	13.13	0.072438	21.127
13.12	13.13	0.072454	21.231
13.12	13.13	0.072471	21.327
13.12	13.13	0.072488	21.426
13.12	13.13	0.072504	21.531
13.15	13.13	0.072521	21.626
13.15	13.13	0.072538	21.727
13.15	13.13	0.072554	21.832
13.15	13.13	0.072571	21.927
13.15	13.12	0.072588	22.027
13.15	13.12	0.072604	22.131
13.15	13.12	0.072621	22.228
13.12	13.12	0.072638	22.327
13.12	13.12	0.072654	22.431
13.12	13.12	0.072671	22.528
13.12	13.12	0.072688	22.628
13.12	13.12	0.072704	22.732
13.12	13.12	0.072721	22.828
13.12	13.12	0.072738	22.928
13.12	13.12	0.072754	23.031
13.12	13.12	0.072771	23.128
13.12	13.12	0.072788	23.227
13.09	13.12	0.072804	23.331
13.09	13.12	0.072821	23.428
13.09	13.12	0.072838	23.552
13.09	13.12	0.072854	23.631
13.09	13.12	0.072871	23.756
13.09	13.12	0.072888	23.851
13.09	13.12	0.072904	23.955
13.09	13.13	0.072921	24.055
13.09	13.13	0.072937	24.150
13.09	13.13	0.072954	24.254
13.09	13.13	0.072971	24.354
13.12	13.13	0.072987	24.448
13.12	13.13	0.073004	24.553
13.12	13.13	0.073021	24.652
13.12	13.13	0.073037	24.747
13.12	13.13	0.073054	24.851
13.12	13.13	0.073071	24.951
13.12	13.14	0.073087	25.046
13.12	13.14	0.073104	25.150
13.15	13.14	0.073121	25.245
13.15	13.14	0.073137	25.344
13.15	13.14	0.073154	25.449
13.15	13.14	0.073171	25.543
13.15	13.14	0.073187	25.644
13.15	13.15	0.073204	25.748
13.15	13.15	0.073221	25.842
13.15	13.15	0.073237	25.943
13.15	13.15	0.073254	26.047
13.15	13.15	0.073271	26.142
13.15	13.16	0.073287	26.241
13.15	13.16	0.073304	26.346
13.17	13.16	0.073321	26.440
13.17	13.16	0.073337	26.540
13.17	13.17	0.073354	26.645
13.17	13.17	0.073371	26.739
13.17	13.17	0.073387	26.839
13.17	13.17	0.073404	26.943
13.17	13.18	0.073421	27.038
13.17	13.18	0.073437	27.137
13.17	13.18	0.073454	27.242
13.17	13.18	0.073471	27.337
13.17	13.19	0.073487	27.436
13.17	13.19	0.073504	27.541
13.17	13.19	0.073521	27.635
13.17	13.19	0.073537	27.735
13.17	13.20	0.073554	27.839
13.17	13.20	0.073571	27.934
13.20	13.20	0.073587	28.034
13.20	13.21	0.073604	28.138
13.20	13.21	0.073621	28.233
13.20	13.21	0.073637	28.335
13.20	13.22	0.073654	28.437
13.20	13.22	0.073671	28.532
13.20	13.22	0.073687	28.634
13.20	13.23	0.073704	28.736
13.22	13.23	0.073721	28.831
13.22	13.23	0.073737	28.934
13.22	13.24	0.073754	29.034
13.22	13.24	0.073770	29.129
13.22	13.24	0.073787	29.234
13.22	13.25	0.073804	29.333
13.25	13.25	0.073820	29.429
13.25	13.25	0.073837	29.533
13.25	13.26	0.073854	29.633
13.25	13.26	0.073870	29.727
13.25	13.26	0.073887	29.832
13.25	13.27	0.073904	29.932
13.25	13.27	0.073920	30.028
13.27	13.27	0.073937	30.131
13.27	13.28	0.073954	30.230
13.27	13.28	0.073970	30.328
13.27	13.28	0.073987	30.429
13.27	13.29	0.074004	30.530
13.27	13.29	0.074020	30.627
13.27	13.29	0.074037	30.728
13.30	13.30	0.074054	30.831
13.30	13.30	0.074070	30.928
13.30	13.31	0.074087	31.028
13.30	13.31	0.074104	31.130
13.30	13.31	0.074120	31.228
13.30	13.32	0.074137	31.327
13.33	13.32	0.074154	31.430
13.33	13.32	0.074170	31.528
13.33	13.33	0.074187	31.628
13.33	13.33	0.074204	31.730
13.33	13.33	0.074220	31.828
13.33	13.34	0.074237	31.928
13.35	13.34	0.074254	32.030
13.35	13.34	0.074270	32.128
13.35	13.35	0.074287	32.227
13.35	13.35	0.074304	32.330
13.35	13.35	0.074320	32.428
13.35	13.35	0.074337	32.528
13.35	13.36	0.074354	32.630
13.38	13.36	0.074370	32.728
13.38	13.36	0.074387	32.828
13.38	13.37	0.074404	32.929
13.38	13.37	0.074420	33.028
13.38	13.37	0.074437	33.128
13.38	13.38	0.074454	33.230
13.38	13.38	0.074470	33.328
13.38	13.38	0.074487	33.428
13.38	13.38	0.074504	33.530
13.38	13.39	0.074520	33.628
13.38	13.39	0.074537	33.728
13.38	13.39	0.074554	33.829
13.38	13.39	0.074570	33.928
13.40	13.40	0.074587	34.028
13.40	13.40	0.074603	34.130
13.40	13.40	0.074620	34.228
13.40	13.40	0.074637	34.328
13.40	13.41	0.074653	34.430
13.40	13.41	0.074670	34.527
13.40	13.41	0.074687	34.628
13.40	13.41	0.074703	34.730
13.40	13.41	0.074720	34.828
13.40	13.42	0.074737	34.928
13.43	13.42	0.074753	35.029
13.43	13.42	0.074770	35.128
13.43	13.42	0.074787	35.227
13.43	13.42	0.074803	35.330
13.43	13.42	0.074820	35.428
13.43	13.42	0.074837	35.528
13.43	13.43	0.074853	35.630
13.43	13.43	0.074870	35.728
13.43	13.43	0.074887	35.828
13.43	13.43	0.074903	35.929
13.43	13.43	0.074920	36.028
13.45	13.43	0.074937	36.151
13.45	13.43	0.074953	36.229
13.45	13.43	0.074970	36.355
13.45	13.44	0.074987	36.451
13.45	13.44	0.075003	36.530
13.45	13.44	0.075020	36.655
13.45	13.44	0.075037	36.750
13.45	13.44	0.075053	36.829
13.45	13.44	0.075070	36.954
13.45	13.44	0.075087	37.048
13.45	13.44	0.075103	37.153
13.45	13.44	0.075120	37.252
13.45	13.44	0.075137	37.347
13.45	13.44	0.075153	37.452
13.45	13.44	0.075170	37.551
13.45	13.44	0.075187	37.646
13.45	13.44	0.075203	37.750
13.45	13.44	0.075220	37.850
13.45	13.44	0.075237	37.944
13.45	13.44	0.075253	38.049
13.45	13.44	0.075270	38.144
13.45	13.44	0.075287	38.243
13.45	13.44	0.075303	38.348
13.45	13.44	0.075320	38.442
13.45	13.44	0.075337	38.542
13.45	13.44	0.075353	38.646
13.45	13.44	0.075370	38.741
13.45	13.44	0.075387	38.841
13.45	13.44	0.075403	38.945
13.45	13.43	0.075420	39.040
13.45	13.43	0.075436	39.140
13.45	13.43	0.075453	39.244
13.45	13.43	0.075470	39.338
13.45	13.43	0.075486	39.439
13.45	13.43	0.075503	39.544
13.45	13.43	0.075520	39.638
13.43	13.43	0.075536	39.738
13.43	13.43	0.075553	39.842
13.43	13.43	0.075570	39.937
13.43	13.42	0.075586	40.036
13.43	13.42	0.075603	40.141
13.43	13.42	0.075620	40.235
13.43	13.42	0.075636	40.335
13.43	13.42	0.075653	40.440
13.43	13.42	0.075670	40.534
13.43	13.42	0.075686	40.634
13.43	13.41	0.075703	40.738
13.43	13.41	0.075720	40.833
13.43	13.41	0.075736	40.933
13.43	13.41	0.075753	41.037
13.40	13.41	0.075770	41.132
13.40	13.41	0.075786	41.233
13.40	13.40	0.075803	41.336
13.40	13.40	0.075820	41.430
13.40	13.40	0.075836	41.533
13.40	13.40	0.075853	41.635
13.40	13.40	0.075870	41.729
13.40	13.40	0.075886	41.833
13.40	13.39	0.075903	41.934
13.40	13.39	0.075920	42.029
13.40	13.39	0.075936	42.133
13.40	13.39	0.075953	42.232
13.40	13.39	0.075970	42.329
13.40	13.39	0.075986	42.431
13.40	13.38	0.076003	42.531
13.40	13.38	0.076020	42.629
13.40	13.38	0.076036	42.730
13.40	13.38	0.076053	42.830
13.38	13.38	0.076070	42.929
13.38	13.38	0.076086	43.029
13.38	13.37	0.076103	43.128
13.38	13.37	0.076120	43.229
13.38	13.37	0.076136	43.328
13.38	13.37	0.076153	43.429
13.38	13.37	0.076170	43.529
13.38	13.37	0.076186	43.629
13.38	13.36	0.076203	43.729
13.38	13.36	0.076220	43.829
13.35	13.36	0.076236	43.929
13.35	13.36	0.076253	44.028
13.35	13.36	0.076269	44.129
13.35	13.36	0.076286	44.229
13.35	13.36	0.076303	44.329
13.35	13.35	0.076319	44.429
13.35	13.35	0.076336	44.529
13.35	13.35	0.076353	44.629
13.35	13.35	0.076369	44.728
13.35	13.35	0.076386	44.829
13.35	13.35	0.076403	44.928
13.35	13.35	0.076419	45.029
13.35	13.35	0.076436	45.129
13.35	13.34	0.076453	45.229
13.33	13.34	0.076469	45.329
13.33	13.34	0.076486	45.429
13.33	13.34	0.076503	45.529
13.33	13.34	0.076519	45.628
13.33	13.34	0.076536	45.729
13.33	13.34	0.076553	45.828
13.33	13.34	0.076569	45.929
13.33	13.34	0.076586	46.029
13.33	13.34	0.076603	46.129
13.33	13.34	0.076619	46.229
13.33	13.34	0.076636	46.329
13.33	13.34	0.076653	46.429
13.33	13.34	0.076669	46.528
13.33	13.34	0.076686	46.629
13.33	13.34	0.076703	46.729
13.33	13.34	0.076719	46.829
13.33	13.34	0.076736	46.929
13.33	13.34	0.076753	47.029
13.33	13.34	0.076769	47.129
13.33	13.34	0.076786	47.228
13.33	13.34	0.076803	47.329
13.33	13.34	0.076819	47.428
13.33	13.34	0.076836	47.529
13.33	13.34	0.076853	47.629
13.33	13.34	0.076869	47.729
13.35	13.34	0.076886	47.829
13.35	13.34	0.076903	47.929
13.35	13.34	0.076919	48.029
13.35	13.34	0.076936	48.128
13.35	13.34	0.076953	48.229
13.35	13.34	0.076969	48.329
13.35	13.34	0.076986	48.453
13.35	13.34	0.077003	48.552
13.35	13.34	0.077019	48.657
13.35	13.34	0.077036	48.752
13.35	13.35	0.077053	48.827
13.35	13.35	0.077069	48.956
13.33	13.35	0.077086	49.050
13.33	13.35	0.077102	49.152
13.33	13.35	0.077119	49.255
13.33	13.35	0.077136	49.349
13.33	13.35	0.077152	49.453
13.33	13.36	0.077169	49.553
13.33	13.36	0.077186	49.648
13.33	13.36	0.077202	49.752
13.33	13.36	0.077219	49.852
13.35	13.36	0.077236	49.946
13.35	13.37	0.077252	50.051
13.35	13.37	0.077269	50.151
13.35	13.37	0.077286	50.245
13.35	13.37	0.077302	50.350
13.35	13.37	0.077319	50.449
13.35	13.38	0.077336	50.544
13.35	13.38	0.077352	50.648
13.38	13.38	0.077369	50.748
13.38	13.38	0.077386	50.843
13.38	13.39	0.077402	50.948
13.38	13.39	0.077419	51.043
13.38	13.39	0.077436	51.142
13.38	13.39	0.077452	51.247
13.38	13.40	0.077469	51.341
13.38	13.40	0.077486	51.441
13.40	13.40	0.077502	51.545
13.40	13.41	0.077519	51.640
13.40	13.41	0.077536	51.740
13.40	13.41	0.077552	51.844
13.40	13.41	0.077569	51.939
13.40	13.42	0.077586	52.038
13.40	13.42	0.077602	52.143
13.40	13.42	0.077619	52.237
13.40	13.43	0.077636	52.337
13.40	13.43	0.077652	52.442
13.43	13.43	0.077669	52.537
13.43	13.44	0.077686	52.636
13.43	13.44	0.077702	52.741
13.43	13.44	0.077719	52.835
13.43	13.45	0.077736	52.935
13.43	13.45	0.077752	53.039
13.43	13.45	0.077769	53.134
13.43	13.46	0.077786	53.234
13.43	13.46	0.077802	53.338
13.45	13.46	0.077819	53.433
13.45	13.47	0.077836	53.532
13.45	13.47	0.077852	53.636
13.45	13.47	0.077869	53.732
13.45	13.48	0.077886	53.831
13.45	13.48	0.077902	53.936
13.45	13.48	0.077919	54.031
13.45	13.49	0.077935	54.131
13.45	13.49	0.077952	54.235
13.45	13.49	0.077969	54.330
13.45	13.50	0.077985	54.432
13.45	13.50	0.078002	54.533
13.45	13.50	0.078019	54.630
13.45	13.51	0.078035	54.731
13.45	13.51	0.078052	54.832
13.45	13.52	0.078069	54.930
13.45	13.52	0.078085	55.031
13.45	13.52	0.078102	55.131
13.48	13.53	0.078119	55.230
13.48	13.53	0.078135	55.330
13.48	13.53	0.078152	55.429
13.48	13.54	0.078169	55.530
13.48	13.54	0.078185	55.630
13.50	13.54	0.078202	55.730
13.50	13.55	0.078219	55.830
13.50	13.55	0.078235	55.930
13.50	13.55	0.078252	56.030
13.50	13.56	0.078269	56.129
13.53	13.56	0.078285	56.230
13.53	13.56	0.078302	56.329
13.53	13.57	0.078319	56.430
13.53	13.57	0.078335	56.530
13.56	13.57	0.078352	56.630
13.56	13.57	0.078369	56.732
13.56	13.58	0.078385	56.832
13.56	13.58	0.078402	56.931
13.56	13.58	0.078419	57.032
13.58	13.59	0.078435	57.131
13.58	13.59	0.078452	57.232
13.58	13.59	0.078469	57.332
13.58	13.59	0.078485	57.432
13.58	13.60	0.078502	57.532
13.61	13.60	0.078519	57.633
13.61	13.60	0.078535	57.733
13.61	13.60	0.078552	57.832
13.61	13.61	0.078569	57.933
13.61	13.61	0.078585	58.033
13.61	13.61	0.078602	58.133
13.61	13.61	0.078619	58.233
13.61	13.62	0.078635	58.333
13.63	13.62	0.078652	58.433
13.63	13.62	0.078669	58.532
13.63	13.62	0.078685	58.633
13.63	13.62	0.078702	58.734
13.63	13.63	0.078719	58.834
13.63	13.63	0.078735	58.934
13.63	13.63	0.078752	59.034
13.63	13.63	0.078768	59.134
13.63	13.63	0.078785	59.233
13.63	13.64	0.078802	59.334
13.63	13.64	0.078818	59.433
13.63	13.64	0.078835	59.534
13.63	13.64	0.078852	59.634
13.63	13.64	0.078868	59.763
13.63	13.64	0.078885	59.857
13.63	13.64	0.078902	59.957
13.66	13.64	0.078918	00.062
13.66	13.65	0.078935	00.156
13.66	13.65	0.078952	00.256
13.66	13.65	0.078968	00.360
13.66	13.65	0.078985	00.455
13.66	13.65	0.079002	00.555
13.66	13.65	0.079018	00.659
13.66	13.65	0.079035	00.754
13.66	13.65	0.079052	00.853
13.66	13.65	0.079068	00.958
13.66	13.65	0.079085	01.052
13.66	13.65	0.079102	01.152
13.66	13.65	0.079118	01.256
13.66	13.65	0.079135	01.351
13.66	13.65	0.079152	01.451
13.66	13.65	0.079168	01.555
13.66	13.65	0.079185	01.650
13.66	13.65	0.079202	01.750
13.66	13.65	0.079218	01.854
13.66	13.65	0.079235	01.948
13.66	13.65	0.079252	02.051
13.66	13.65	0.079268	02.153
13.66	13.65	0.079285	02.248
13.66	13.65	0.079302	02.350
13.66	13.65	0.079318	02.452
13.66	13.65	0.079335	02.547
13.66	13.65	0.079352	02.651
13.66	13.65	0.079368	02.750
13.66	13.65	0.079385	02.845
13.66	13.65	0.079402	02.949
13.66	13.65	0.079418	03.049
13.66	13.65	0.079435	03.144
13.66	13.65	0.079452	03.249
13.66	13.64	0.079468	03.349
13.66	13.64	0.079485	03.443
13.66	13.64	0.079502	03.548
13.66	13.64	0.079518	03.647
13.66	13.64	0.079535	03.742
13.66	13.64	0.079552	03.846
13.66	13.64	0.079568	03.946
13.66	13.64	0.079585	04.041
13.66	13.64	0.079601	04.145
13.66	13.63	0.079618	04.240
13.66	13.63	0.079635	04.340
13.66	13.63	0.079651	04.444
13.66	13.63	0.079668	04.539
13.66	13.63	0.079685	04.640
13.66	13.63	0.079701	04.743
13.66	13.63	0.079718	04.840
13.66	13.62	0.079735	04.940
13.66	13.62	0.079751	05.041
13.66	13.62	0.079768	05.140
13.66	13.62	0.079785	05.239
13.66	13.62	0.079801	05.340
13.66	13.62	0.079818	05.439
13.66	13.61	0.079835	05.540
13.66	13.61	0.079851	05.640
13.66	13.61	0.079868	05.740
13.66	13.61	0.079885	05.840
13.66	13.61	0.079901	05.940
13.66	13.61	0.079918	06.040
13.66	13.60	0.079935	06.139
13.66	13.60	0.079951	06.240
13.66	13.60	0.079968	06.339
13.63	13.60	0.079985	06.440
13.63	13.60	0.080001	06.540
13.63	13.60	0.080018	06.640
13.63	13.59	0.080035	06.740
13.63	13.59	0.080051	06.839
13.63	13.59	0.080068	06.940
13.63	13.59	0.080085	07.039
13.61	13.59	0.080101	07.140
13.61	13.59	0.080118	07.240
13.61	13.58	0.080135	07.340
13.61	13.58	0.080151	07.440
13.61	13.58	0.080168	07.539
13.61	13.58	0.080185	07.639
13.61	13.58	0.080201	07.740
13.58	13.58	0.080218	07.840
13.58	13.57	0.080235	07.941
13.58	13.57	0.080251	08.040
13.58	13.57	0.080268	08.145
13.58	13.57	0.080285	08.241
13.58	13.57	0.080301	08.341
13.58	13.57	0.080318	08.446
13.58	13.57	0.080335	08.541
13.58	13.56	0.080351	08.640
13.56	13.56	0.080368	08.745
13.56	13.56	0.080385	08.841
13.56	13.56	0.080401	08.940
13.56	13.56	0.080418	09.045
13.56	13.56	0.080434	09.141
13.56	13.56	0.080451	09.241
13.56	13.56	0.080468	09.346
13.56	13.56	0.080484	09.440
13.56	13.56	0.080501	09.541
13.56	13.55	0.080518	09.645
13.56	13.55	0.080534	09.742
13.56	13.55	0.080551	09.842
13.56	13.55	0.080568	09.945
13.56	13.55	0.080584	10.042
13.56	13.55	0.080601	10.166
13.56	13.55	0.080618	10.245
13.56	13.55	0.080634	10.340
13.56	13.55	0.080651	10.465
13.56	13.55	0.080668	10.545
13.53	13.55	0.080684	10.669
13.53	13.55	0.080701	10.763
13.53	13.55	0.080718	10.868
13.53	13.55	0.080734	10.968
13.53	13.55	0.080751	11.062
13.53	13.55	0.080768	11.167
13.53	13.55	0.080784	11.266
13.53	13.55	0.080801	11.361
13.53	13.55	0.080818	11.465
13.53	13.55	0.080834	11.566
13.53	13.55	0.080851	11.660
13.53	13.55	0.080868	11.765
13.56	13.55	0.080884	11.860
13.56	13.55	0.080901	11.959
13.56	13.55	0.080918	12.064
13.56	13.55	0.080934	12.158
13.56	13.55	0.080951	12.258
13.56	13.55	0.080968	12.362
13.56	13.56	0.080984	12.457
13.56	13.56	0.081001	12.557
13.56	13.56	0.081018	12.661
13.56	13.56	0.081034	12.756
13.56	13.56	0.081051	12.855
13.56	13.56	0.081068	12.960
13.56	13.56	0.081084	13.054
13.56	13.56	0.081101	13.154
13.56	13.56	0.081118	13.259
13.56	13.57	0.081134	13.354
13.56	13.57	0.081151	13.453
13.56	13.57	0.081168	13.558
13.56	13.57	0.081184	13.652
13.56	13.57	0.081201	13.752
13.56	13.58	0.081218	13.856
13.56	13.58	0.081234	13.951
13.56	13.58	0.081251	14.051
13.56	13.58	0.081267	14.155
13.56	13.58	0.081284	14.250
13.56	13.59	0.081301	14.349
13.56	13.59	0.081317	14.454
13.56	13.59	0.081334	14.548
13.58	13.59	0.081351	14.649
13.58	13.59	0.081367	14.753
13.58	13.60	0.081384	14.847
13.58	13.60	0.081401	14.949
13.58	13.60	0.081417	15.051
13.58	13.60	0.081434	15.146
13.58	13.61	0.081451	15.248
13.58	13.61	0.081467	15.350
13.61	13.61	0.081484	15.445
13.61	13.62	0.081501	15.549
13.61	13.62	0.081517	15.650
13.61	13.62	0.081534	15.744
13.61	13.62	0.081551	15.849
13.61	13.63	0.081567	15.948
13.61	13.63	0.081584	16.043
13.61	13.63	0.081601	16.147
13.63	13.64	0.081617	16.247
13.63	13.64	0.081634	16.343
13.63	13.64	0.081651	16.446
13.63	13.65	0.081667	16.546
13.63	13.65	0.081684	16.643
13.63	13.65	0.081701	16.745
13.66	13.66	0.081717	16.844
13.66	13.66	0.081734	16.943
13.66	13.66	0.081751	17.043
13.66	13.67	0.081767	17.144
13.66	13.67	0.081784	17.243
13.66	13.67	0.081801	17.343
13.66	13.68	0.081817	17.444
13.68	13.68	0.081834	17.542
13.68	13.68	0.081851	17.643
13.68	13.69	0.081867	17.744
13.68	13.69	0.081884	17.843
13.68	13.69	0.081901	17.943
13.68	13.70	0.081917	18.044
13.68	13.70	0.081934	18.143
13.71	13.70	0.081951	18.243
13.71	13.71	0.081967	18.344
13.71	13.71	0.081984	18.442
13.71	13.71	0.082001	18.543
13.71	13.72	0.082017	18.644
13.71	13.72	0.082034	18.743
13.71	13.73	0.082051	18.843
13.74	13.73	0.082067	18.944
13.74	13.73	0.082084	19.043
13.74	13.74	0.082100	19.143
13.74	13.74	0.082117	19.244
13.74	13.74	0.082134	19.342
13.74	13.75	0.082150	19.443
13.74	13.75	0.082167	19.544
13.74	13.75	0.082184	19.643
13.74	13.76	0.082200	19.743
13.76	13.76	0.082217	19.844
13.76	13.76	0.082234	19.943
13.76	13.77	0.082250	20.042
13.76	13.77	0.082267	20.144
13.76	13.77	0.082284	20.242
13.76	13.78	0.082300	20.343
13.76	13.78	0.082317	20.444
13.79	13.78	0.082334	20.543
13.79	13.78	0.082350	20.643
13.79	13.79	0.082367	20.744
13.79	13.79	0.082384	20.843
13.79	13.79	0.082400	20.942
13.79	13.80	0.082417	21.044
13.79	13.80	0.082434	21.143
13.79	13.80	0.082450	21.243
13.79	13.80	0.082467	21.344
13.79	13.81	0.082484	21.443
13.81	13.81	0.082500	21.543
13.81	13.81	0.082517	21.643
13.81	13.82	0.082534	21.743
13.81	13.82	0.082550	21.842
13.81	13.82	0.082567	21.944
13.81	13.82	0.082584	22.043
13.81	13.83	0.082600	22.143
13.81	13.83	0.082617	22.244
13.84	13.83	0.082634	22.343
13.84	13.83	0.082650	22.443
13.84	13.83	0.082667	22.543
13.84	13.84	0.082684	22.672
13.84	13.84	0.082700	22.765
13.84	13.84	0.082717	22.843
13.84	13.84	0.082734	22.970
13.86	13.84	0.082750	23.065
13.86	13.85	0.082767	23.144
13.86	13.85	0.082784	23.269
13.86	13.85	0.082800	23.364
13.86	13.85	0.082817	23.443
13.86	13.85	0.082834	23.568
13.86	13.85	0.082850	23.662
13.86	13.85	0.082867	23.767
13.86	13.86	0.082884	23.867
13.86	13.86	0.082900	23.961
13.86	13.86	0.082917	24.066
13.86	13.86	0.082933	24.165
13.86	13.86	0.082950	24.260
13.86	13.86	0.082967	24.364
13.86	13.86	0.082983	24.464
13.89	13.86	0.083000	24.559
13.89	13.86	0.083017	24.663
13.89	13.86	0.083033	24.758
13.89	13.86	0.083050	24.857
13.89	13.86	0.083067	24.962
13.89	13.87	0.083083	25.056
13.89	13.87	0.083100	25.156
13.89	13.87	0.083117	25.261
13.89	13.87	0.083133	25.355
13.89	13.87	0.083150	25.456
13.89	13.87	0.083167	25.560
13.89	13.87	0.083183	25.655
13.89	13.87	0.083200	25.754
13.89	13.87	0.083217	25.859
13.86	13.87	0.083233	25.953
13.86	13.87	0.083250	26.053
13.86	13.87	0.083267	26.157
13.86	13.87	0.083283	26.252
13.86	13.87	0.083300	26.352
13.86	13.86	0.083317	26.456
13.86	13.86	0.083333	26.551
13.86	13.86	0.083350	26.650
13.86	13.86	0.083367	26.755
13.86	13.86	0.083383	26.849
13.86	13.86	0.083400	26.949
13.86	13.86	0.083417	27.054
13.86	13.86	0.083433	27.148
13.86	13.86	0.083450	27.248
13.86	13.86	0.083467	27.352
13.86	13.86	0.083483	27.447
13.86	13.86	0.083500	27.547
13.86	13.86	0.083517	27.651
13.86	13.85	0.083533	27.746
13.86	13.85	0.083550	27.847
13.86	13.85	0.083567	27.951
13.86	13.85	0.083583	28.045
13.86	13.85	0.083600	28.147
13.86	13.85	0.083617	28.249
13.86	13.85	0.083633	28.343
13.86	13.85	0.083650	28.447
13.86	13.84	0.083667	28.548
13.86	13.84	0.083683	28.643
13.86	13.84	0.083700	28.747
13.86	13.84	0.083717	28.846
13.86	13.84	0.083733	28.943
13.86	13.84	0.083750	29.045
13.86	13.83	0.083766	29.146
13.86	13.83	0.083783	29.243
13.86	13.83	0.083800	29.345
13.86	13.83	0.083816	29.445
13.86	13.83	0.083833	29.543
13.86	13.83	0.083850	29.644
13.86	13.82	0.083866	29.743
13.86	13.82	0.083883	29.844
13.86	13.82	0.083900	29.943
13.84	13.82	0.083916	30.044
13.84	13.82	0.083933	30.144
13.84	13.82	0.083950	30.244
13.84	13.81	0.083966	30.344
13.84	13.81	0.083983	30.444
13.84	13.81	0.084000	30.544
13.81	13.81	0.084016	30.643
13.81	13.81	0.084033	30.744
13.81	13.81	0.084050	30.843
13.81	13.80	0.084066	30.944
13.81	13.80	0.084083	31.044
13.79	13.80	0.084100	31.144
13.79	13.80	0.084116	31.244
13.79	13.80	0.084133	31.344
13.79	13.80	0.084150	31.444
13.79	13.79	0.084166	31.543
13.79	13.79	0.084183	31.644
13.79	13.79	0.084200	31.744
13.79	13.79	0.084216	31.844
13.79	13.79	0.084233	31.944
13.79	13.79	0.084250	32.044
13.76	13.78	0.084266	32.144
13.76	13.78	0.084283	32.243
13.76	13.78	0.084300	32.344
13.76	13.78	0.084316	32.443
13.76	13.78	0.084333	32.544
13.76	13.78	0.084350	32.644
13.76	13.78	0.084366	32.744
13.76	13.78	0.084383	32.844
13.76	13.77	0.084400	32.944
13.76	13.77	0.084416	33.044
13.76	13.77	0.084433	33.143
13.76	13.77	0.084450	33.244
13.76	13.77	0.084466	33.344
13.76	13.77	0.084483	33.443
13.76	13.77	0.084500	33.544
13.76	13.77	0.084516	33.644
13.76	13.77	0.084533	33.744
13.76	13.77	0.084550	33.843
13.76	13.77	0.084566	33.944
13.76	13.76	0.084583	34.043
13.76	13.76	0.084599	34.144
13.76	13.76	0.084616	34.244
13.76	13.76	0.084633	34.344
13.79	13.76	0.084649	34.444
13.79	13.76	0.084666	34.544
13.79	13.76	0.084683	34.644
13.79	13.76	0.084699	34.743
13.79	13.76	0.084716	34.868
13.79	13.76	0.084733	34.972
13.76	13.76	0.084749	35.067
13.76	13.76	0.084766	35.167
13.76	13.76	0.084783	35.271
13.76	13.76	0.084799	35.366
13.76	13.76	0.084816	35.466
13.76	13.76	0.084833	35.570
13.76	13.76	0.084849	35.664
13.76	13.76	0.084866	35.767
13.76	13.76	0.084883	35.868
13.76	13.76	0.084899	35.963
13.76	13.77	0.084916	36.067
13.74	13.77	0.084933	36.167
13.74	13.77	0.084949	36.262
13.74	13.77	0.084966	36.366
13.74	13.77	0.084983	36.466
13.74	13.77	0.084999	36.561
13.74	13.77	0.085016	36.666
13.74	13.77	0.085033	36.765
13.74	13.77	0.085049	36.860
13.74	13.77	0.085066	36.965
13.76	13.78	0.085083	37.064
13.76	13.78	0.085099	37.159
13.76	13.78	0.085116	37.263
13.76	13.78	0.085133	37.363
13.76	13.78	0.085149	37.457
13.76	13.78	0.085166	37.562
13.76	13.78	0.085183	37.657
13.76	13.79	0.085199	37.756
13.76	13.79	0.085216	37.861
13.79	13.79	0.085233	37.955
13.79	13.79	0.085249	38.055
13.79	13.79	0.085266	38.159
13.79	13.80	0.085283	38.254
13.79	13.80	0.085299	38.354
13.79	13.80	0.085316	38.458
13.79	13.80	0.085333	38.553
13.79	13.81	0.085349	38.653
13.79	13.81	0.085366	38.757
13.81	13.81	0.085383	38.852
13.81	13.81	0.085399	38.951
13.81	13.82	0.085416	39.056
13.81	13.82	0.085432	39.150
13.81	13.82	0.085449	39.250
13.81	13.82	0.085466	39.354
13.81	13.83	0.085482	39.449
13.81	13.83	0.085499	39.548
13.81	13.83	0.085516	39.653
13.84	13.83	0.085532	39.749
13.84	13.84	0.085549	39.848
13.84	13.84	0.085566	39.953
13.84	13.84	0.085582	40.047
13.84	13.85	0.085599	40.147
13.84	13.85	0.085616	40.251
13.84	13.85	0.085632	40.346
13.84	13.86	0.085649	40.446
13.84	13.86	0.085666	40.550
13.86	13.86	0.085682	40.645
13.86	13.87	0.085699	40.746
13.86	13.87	0.085716	40.849
13.86	13.87	0.085732	40.943
13.86	13.88	0.085749	41.046
13.86	13.88	0.085766	41.147
13.86	13.88	0.085782	41.244
13.86	13.89	0.085799	41.346
13.89	13.89	0.085816	41.446
13.89	13.89	0.085832	41.544
13.89	13.90	0.085849	41.645
13.89	13.90	0.085866	41.745
13.89	13.90	0.085882	41.843
13.89	13.91	0.085899	41.944
13.89	13.91	0.085916	42.044
13.92	13.91	0.085932	42.144
13.92	13.92	0.085949	42.244
13.92	13.92	0.085966	42.344
13.92	13.92	0.085982	42.444
13.92	13.93	0.085999	42.544
13.92	13.93	0.086016	42.644
13.92	13.93	0.086032	42.743
13.92	13.94	0.086049	42.844
13.92	13.94	0.086066	42.944
13.94	13.95	0.086082	43.044
13.94	13.95	0.086099	43.144
13.94	13.95	0.086116	43.244
13.94	13.96	0.086132	43.343
13.94	13.96	0.086149	43.444
13.94	13.96	0.086166	43.543
13.94	13.97	0.086182	43.644
13.97	13.97	0.086199	43.744
13.97	13.97	0.086216	43.844
13.97	13.98	0.086232	43.944
13.97	13.98	0.086249	44.044
13.97	13.98	0.086265	44.143
13.97	13.99	0.086282	44.244
13.97	13.99	0.086299	44.343
13.99	13.99	0.086315	44.444
13.99	13.99	0.086332	44.544
13.99	14.00	0.086349	44.644
13.99	14.00	0.086365	44.744
13.99	14.00	0.086382	44.843
14.02	14.01	0.086399	44.944
14.02	14.01	0.086415	45.043
14.02	14.01	0.086432	45.144
14.02	14.02	0.086449	45.244
14.02	14.02	0.086465	45.344
14.02	14.02	0.086482	45.444
14.02	14.02	0.086499	45.544
14.04	14.03	0.086515	45.644
14.04	14.03	0.086532	45.745
14.04	14.03	0.086549	45.845
14.04	14.03	0.086565	45.945
14.04	14.04	0.086582	46.045
14.04	14.04	0.086599	46.144
14.04	14.04	0.086615	46.245
14.04	14.04	0.086632	46.344
14.04	14.05	0.086649	46.445
14.04	14.05	0.086665	46.545
14.07	14.05	0.086682	46.645
14.07	14.05	0.086699	46.745
14.07	14.05	0.086715	46.845
14.07	14.06	0.086732	46.944
14.07	14.06	0.086749	47.045
14.07	14.06	0.086765	47.144
14.07	14.06	0.086782	47.273
14.07	14.06	0.086799	47.367
14.07	14.06	0.086815	47.468
14.07	14.06	0.086832	47.573
14.07	14.07	0.086849	47.667
14.07	14.07	0.086865	47.766
14.07	14.07	0.086882	47.871
14.07	14.07	0.086899	47.965
14.07	14.07	0.086915	48.065
14.09	14.07	0.086932	48.170
14.09	14.07	0.086949	48.264
14.09	14.07	0.086965	48.366
14.09	14.08	0.086982	48.468
14.09	14.08	0.086999	48.563
14.09	14.08	0.087015	48.665
14.09	14.08	0.087032	48.767
14.09	14.08	0.087049	48.862
14.09	14.08	0.087065	48.966
14.09	14.08	0.087082	49.066
14.09	14.08	0.087098	49.161
14.09	14.08	0.087115	49.265
14.09	14.08	0.087132	49.365
14.09	14.08	0.087148	49.459
14.09	14.08	0.087165	49.564
14.09	14.08	0.087182	49.664
14.09	14.08	0.087198	49.758
14.09	14.08	0.087215	49.863
14.09	14.08	0.087232	49.962
14.09	14.08	0.087248	50.057
14.09	14.08	0.087265	50.161
14.09	14.08	0.087282	50.262
14.07	14.08	0.087298	50.355
14.07	14.08	0.087315	50.461
14.07	14.08	0.087332	50.556
14.07	14.08	0.087348	50.655
14.07	14.08	0.087365	50.760
14.07	14.08	0.087382	50.854
14.07	14.08	0.087398	50.954
14.07	14.07	0.087415	51.058
14.07	14.07	0.087432	51.153
14.07	14.07	0.087448	51.253
14.09	14.07	0.087465	51.357
14.09	14.07	0.087482	51.452
14.09	14.07	0.087498	51.551
14.09	14.07	0.087515	51.656
14.09	14.07	0.087532	51.750
14.09	14.07	0.087548	51.850
14.09	14.07	0.087565	51.954
14.09	14.06	0.087582	52.049
14.07	14.06	0.087598	52.149
14.07	14.06	0.087615	52.253
14.07	14.06	0.087632	52.348
14.07	14.06	0.087648	52.447
14.07	14.06	0.087665	52.552
14.07	14.06	0.087682	52.647
14.07	14.05	0.087698	52.746
14.07	14.05	0.087715	52.851
14.07	14.05	0.087732	52.946
14.07	14.05	0.087748	53.046
14.07	14.05	0.087765	53.150
14.07	14.05	0.087782	53.246
14.07	14.04	0.087798	53.346
14.07	14.04	0.087815	53.448
14.04	14.04	0.087832	53.546
14.04	14.04	0.087848	53.646
14.04	14.04	0.087865	53.747
14.04	14.04	0.087882	53.846
14.04	14.03	0.087898	53.946
14.04	14.03	0.087915	54.046
14.04	14.03	0.087931	54.146
14.04	14.03	0.087948	54.247
14.04	14.03	0.087965	54.346
14.04	14.03	0.087981	54.447
14.02	14.02	0.087998	54.547
14.02	14.02	0.088015	54.647
14.02	14.02	0.088031	54.747
14.02	14.02	0.088048	54.847
14.02	14.02	0.088065	54.946
14.02	14.02	0.088081	55.047
14.02	14.01	0.088098	55.146
14.02	14.01	0.088115	55.247
14.02	14.01	0.088131	55.347
14.02	14.01	0.088148	55.447
14.02	14.01	0.088165	55.547
14.02	14.01	0.088181	55.647
14.02	14.00	0.088198	55.746
14.02	14.00	0.088215	55.847
14.02	14.00	0.088231	55.946
14.02	14.00	0.088248	56.047
13.99	14.00	0.088265	56.147
13.99	14.00	0.088281	56.247
13.99	14.00	0.088298	56.347
13.99	13.99	0.088315	56.447
13.99	13.99	0.088331	56.547
13.99	13.99	0.088348	56.646
13.99	13.99	0.088365	56.747
13.99	13.99	0.088381	56.846
13.99	13.99	0.088398	56.947
13.99	13.99	0.088415	57.047
13.99	13.99	0.088431	57.147
13.99	13.98	0.088448	57.247
13.99	13.98	0.088465	57.347
13.99	13.98	0.088481	57.447
13.99	13.98	0.088498	57.546
13.97	13.98	0.088515	57.647
13.97	13.98	0.088531	57.747
13.97	13.98	0.088548	57.847
13.97	13.98	0.088565	57.947
13.97	13.98	0.088581	58.047
13.97	13.98	0.088598	58.146
13.97	13.98	0.088615	58.247
13.97	13.98	0.088631	58.346
13.97	13.98	0.088648	58.447
13.97	13.98	0.088665	58.548
13.97	13.98	0.088681	58.648
13.97	13.98	0.088698	58.748
13.97	13.98	0.088715	58.872
13.97	13.98	0.088731	58.977
13.97	13.98	0.088748	59.071
13.97	13.98	0.088764	59.171
13.97	13.98	0.088781	59.275
13.97	13.98	0.088798	59.370
13.97	13.98	0.088814	59.469
13.97	13.98	0.088831	59.574
13.97	13.98	0.088848	59.669
13.97	13.98	0.088864	59.768
13.97	13.98	0.088881	59.873
13.97	13.98	0.088898	59.967
13.97	13.98	0.088914	00.067
13.97	13.98	0.088931	00.171
13.97	13.98	0.088948	00.266
13.97	13.98	0.088964	00.366
13.97	13.98	0.088981	00.471
13.97	13.98	0.088998	00.566
13.97	13.98	0.089014	00.665
13.97	13.98	0.089031	00.770
13.97	13.99	0.089048	00.865
13.97	13.99	0.089064	00.964
13.97	13.99	0.089081	01.069
13.97	13.99	0.089098	01.163
13.99	13.99	0.089114	01.264
13.99	13.99	0.089131	01.367
13.99	13.99	0.089148	01.462
13.99	14.00	0.089164	01.563
13.99	14.00	0.089181	01.666
13.99	14.00	0.089198	01.761
13.99	14.00	0.089214	01.863
13.99	14.00	0.089231	01.965
13.99	14.01	0.089248	02.059
13.99	14.01	0.089264	02.164
13.99	14.01	0.089281	02.263
13.99	14.01	0.089298	02.358
13.99	14.01	0.089314	02.463
13.99	14.02	0.089331	02.562
14.02	14.02	0.089348	02.657
14.02	14.02	0.089364	02.761
14.02	14.02	0.089381	02.861
14.02	14.03	0.089398	02.955
14.02	14.03	0.089414	03.060
14.02	14.03	0.089431	03.160
14.02	14.03	0.089448	03.254
14.02	14.04	0.089464	03.359
14.02	14.04	0.089481	03.453
14.02	14.04	0.089498	03.554
14.02	14.05	0.089514	03.658
14.04	14.05	0.089531	03.753
14.04	14.05	0.089548	03.852
14.04	14.05	0.089564	03.957
14.04	14.06	0.089581	04.052
14.04	14.06	0.089597	04.151
14.04	14.06	0.089614	04.256
14.04	14.07	0.089631	04.350
14.07	14.07	0.089647	04.450
14.07	14.07	0.089664	04.554
14.07	14.08	0.089681	04.649
14.07	14.08	0.089697	04.748
14.07	14.08	0.089714	04.853
14.07	14.09	0.089731	04.948
14.07	14.09	0.089747	05.049
14.09	14.09	0.089764	05.151
14.09	14.10	0.089781	05.249
14.09	14.10	0.089797	05.349
14.09	14.10	0.089814	05.450
14.09	14.11	0.089831	05.549
14.09	14.11	0.089847	05.649
14.09	14.11	0.089864	05.750
14.12	14.12	0.089881	05.848
14.12	14.12	0.089897	05.949
14.12	14.12	0.089914	06.049
14.12	14.13	0.089931	06.149
14.12	14.13	0.089947	06.249
14.12	14.13	0.089964	06.349
14.15	14.14	0.089981	06.449
14.15	14.14	0.089997	06.549
14.15	14.14	0.090014	06.650
14.15	14.15	0.090031	06.748
14.15	14.15	0.090047	06.850
14.15	14.16	0.090064	06.950
14.15	14.16	0.090081	07.050
14.15	14.16	0.090097	07.150
14.15	14.17	0.090114	07.250
14.17	14.17	0.090131	07.350
14.17	14.17	0.090147	07.449
14.17	14.18	0.090164	07.550
14.17	14.18	0.090181	07.649
14.17	14.18	0.090197	07.750
14.17	14.19	0.090214	07.850
14.17	14.19	0.090231	07.950
14.17	14.19	0.090247	08.049
14.20	14.20	0.090264	08.150
14.20	14.20	0.090281	08.249
14.20	14.20	0.090297	08.350
14.20	14.21	0.090314	08.450
14.20	14.21	0.090331	08.550
14.20	14.21	0.090347	08.650
14.20	14.21	0.090364	08.750
14.20	14.22	0.090381	08.850
14.22	14.22	0.090397	08.949
14.22	14.22	0.090414	09.050
14.22	14.23	0.090430	09.150
14.22	14.23	0.090447	09.250
14.22	14.23	0.090464	09.350
14.22	14.23	0.090480	09.450
14.22	14.24	0.090497	09.550
14.25	14.24	0.090514	09.649
14.25	14.24	0.090530	09.750
14.25	14.24	0.090547	09.849
14.25	14.25	0.090564	09.950
14.25	14.25	0.090580	10.050
14.25	14.25	0.090597	10.150
14.25	14.25	0.090614	10.250
14.25	14.26	0.090630	10.350
14.27	14.26	0.090647	10.450
14.27	14.26	0.090664	10.549
14.27	14.26	0.090680	10.650
14.27	14.26	0.090697	10.749
14.27	14.27	0.090714	10.850
14.27	14.27	0.090730	10.950
14.27	14.27	0.090747	11.079
14.27	14.27	0.090764	11.173
14.27	14.27	0.090780	11.278
14.27	14.28	0.090797	11.373
14.30	14.28	0.090814	11.472
14.30	14.28	0.090830	11.577
14.30	14.28	0.090847	11.671
14.30	14.28	0.090864	11.771
14.30	14.28	0.090880	11.876
14.30	14.28	0.090897	11.970
14.30	14.28	0.090914	12.070
14.30	14.29	0.090930	12.174
14.30	14.29	0.090947	12.269
14.30	14.29	0.090964	12.368
14.30	14.29	0.090980	12.473
14.30	14.29	0.090997	12.567
14.30	14.29	0.091014	12.667
14.30	14.29	0.091030	12.772
14.30	14.29	0.091047	12.866
14.30	14.29	0.091064	12.966
14.30	14.29	0.091080	13.070
14.30	14.29	0.091097	13.165
14.30	14.29	0.091114	13.264
14.30	14.29	0.091130	13.369
14.30	14.29	0.091147	13.464
14.30	14.29	0.091164	13.563
14.30	14.29	0.091180	13.668
14.30	14.29	0.091197	13.762
14.30	14.29	0.091214	13.862
14.30	14.29	0.091230	13.967
14.30	14.29	0.091247	14.062
14.30	14.29	0.091263	14.163
14.30	14.29	0.091280	14.266
14.30	14.29	0.091297	14.361
14.30	14.29	0.091313	14.462
14.30	14.29	0.091330	14.565
14.30	14.29	0.091347	14.659
14.30	14.29	0.091363	14.762
14.30	14.29	0.091380	14.864
14.30	14.29	0.091397	14.958
14.30	14.29	0.091413	15.063
14.30	14.29	0.091430	15.162
14.30	14.29	0.091447	15.257
14.30	14.28	0.091463	15.361
14.30	14.28	0.091480	15.461
14.30	14.28	0.091497	15.555
14.30	14.28	0.091513	15.660
14.30	14.28	0.091530	15.760
14.30	14.28	0.091547	15.854
14.27	14.28	0.091563	15.959
14.27	14.28	0.091580	16.058
14.27	14.28	0.091597	16.153
14.27	14.27	0.091613	16.257
14.27	14.27	0.091630	16.352
14.27	14.27	0.091647	16.452
14.27	14.27	0.091663	16.557
14.27	14.27	0.091680	16.651
14.27	14.27	0.091697	16.751
14.27	14.27	0.091713	16.856
14.27	14.26	0.091730	16.951
14.27	14.26	0.091747	17.051
14.27	14.26	0.091763	17.154
14.27	14.26	0.091780	17.251
14.27	14.26	0.091797	17.351
14.27	14.26	0.091813	17.453
14.27	14.25	0.091830	17.551
14.27	14.25	0.091847	17.651
14.27	14.25	0.091863	17.752
14.25	14.25	0.091880	17.851
14.25	14.25	0.091897	17.952
14.25	14.25	0.091913	18.052
14.25	14.24	0.091930	18.152
14.25	14.24	0.091947	18.252
14.25	14.24	0.091963	18.352
14.25	14.24	0.091980	18.452
14.25	14.24	0.091997	18.551
14.25	14.24	0.092013	18.652
14.25	14.23	0.092030	18.752
14.25	14.23	0.092047	18.853
14.25	14.23	0.092063	18.953
14.25	14.23	0.092080	19.057
14.25	14.23	0.092096	19.153
14.25	14.23	0.092113	19.253
14.22	14.22	0.092130	19.357
14.22	14.22	0.092146	19.452
14.22	14.22	0.092163	19.553
14.22	14.22	0.092180	19.658
14.22	14.22	0.092196	19.753
14.22	14.22	0.092213	19.853
14.22	14.21	0.092230	19.957
14.22	14.21	0.092246	20.053
14.22	14.21	0.092263	20.152
14.22	14.21	0.092280	20.257
14.22	14.21	0.092296	20.352
14.22	14.21	0.092313	20.453
14.20	14.21	0.092330	20.558
14.20	14.20	0.092346	20.653
14.20	14.20	0.092363	20.753
14.20	14.20	0.092380	20.857
14.20	14.20	0.092396	20.953
14.20	14.20	0.092413	21.052
14.20	14.20	0.092430	21.157
14.20	14.20	0.092446	21.253
14.20	14.20	0.092463	21.353
14.20	14.20	0.092480	21.458
14.20	14.20	0.092496	21.553
14.20	14.19	0.092513	21.654
14.20	14.19	0.092530	21.757
14.20	14.19	0.092546	21.854
14.20	14.19	0.092563	21.953
14.17	14.19	0.092580	22.057
14.17	14.19	0.092596	22.154
14.17	14.19	0.092613	22.254
14.17	14.19	0.092630	22.357
14.17	14.19	0.092646	22.483
14.17	14.19	0.092663	22.578
14.17	14.19	0.092680	22.657
14.17	14.19	0.092696	22.782
14.17	14.19	0.092713	22.877
14.17	14.19	0.092730	22.981
14.17	14.19	0.092746	23.081
14.17	14.19	0.092763	23.176
14.17	14.19	0.092780	23.280
14.17	14.19	0.092796	23.380
14.20	14.19	0.092813	23.474
14.20	14.19	0.092830	23.579
14.20	14.19	0.092846	23.678
14.20	14.19	0.092863	23.773
14.20	14.19	0.092880	23.877
14.20	14.19	0.092896	23.977
14.20	14.19	0.092913	24.072
14.20	14.19	0.092929	24.176
14.20	14.19	0.092946	24.271
14.20	14.19	0.092963	24.370
14.20	14.20	0.092979	24.475
14.20	14.20	0.092996	24.569
14.20	14.20	0.093013	24.669
14.20	14.20	0.093029	24.774
14.20	14.20	0.093046	24.868
14.20	14.20	0.093063	24.968
14.20	14.20	0.093079	25.073
14.20	14.20	0.093096	25.167
14.20	14.20	0.093113	25.267
14.20	14.21	0.093129	25.372
14.20	14.21	0.093146	25.466
14.20	14.21	0.093163	25.566
14.20	14.21	0.093179	25.671
14.20	14.21	0.093196	25.765
14.20	14.22	0.093213	25.865
14.20	14.22	0.093229	25.969
14.20	14.22	0.093246	26.064
14.20	14.22	0.093263	26.163
14.20	14.22	0.093279	26.268
14.20	14.23	0.093296	26.363
14.20	14.23	0.093313	26.462
14.20	14.23	0.093329	26.567
14.20	14.23	0.093346	26.661
14.20	14.23	0.093363	26.761
14.20	14.24	0.093379	26.865
14.20	14.24	0.093396	26.960
14.20	14.24	0.093413	27.060
14.20	14.24	0.093429	27.164
14.22	14.25	0.093446	27.259
14.22	14.25	0.093463	27.361
14.22	14.25	0.093479	27.463
14.22	14.26	0.093496	27.558
14.22	14.26	0.093513	27.660
14.25	14.26	0.093529	27.762
14.25	14.26	0.093546	27.857
14.25	14.27	0.093563	27.961
14.25	14.27	0.093579	28.061
14.27	14.27	0.093596	28.155
14.27	14.28	0.093613	28.260
14.27	14.28	0.093629	28.359
14.27	14.28	0.093646	28.455
14.27	14.29	0.093663	28.558
14.27	14.29	0.093679	28.659
14.30	14.29	0.093696	28.755
14.30	14.30	0.093713	28.858
14.30	14.30	0.093729	28.957
14.30	14.30	0.093746	29.055
14.30	14.31	0.093762	29.156
14.33	14.31	0.093779	29.256
14.33	14.31	0.093796	29.355
14.33	14.32	0.093812	29.455
14.33	14.32	0.093829	29.556
14.33	14.32	0.093846	29.655
14.33	14.33	0.093862	29.754
14.33	14.33	0.093879	29.856
14.33	14.33	0.093896	29.955
14.33	14.34	0.093912	30.055
14.33	14.34	0.093929	30.156
14.35	14.34	0.093946	30.255
14.35	14.35	0.093962	30.355
14.35	14.35	0.093979	30.456
14.35	14.35	0.093996	30.555
14.35	14.36	0.094012	30.654
14.35	14.36	0.094029	30.756
14.35	14.37	0.094046	30.855
14.35	14.37	0.094062	30.955
14.35	14.37	0.094079	31.056
14.35	14.38	0.094096	31.155
14.35	14.38	0.094112	31.255
14.38	14.38	0.094129	31.356
14.38	14.39	0.094146	31.455
14.38	14.39	0.094162	31.554
14.38	14.39	0.094179	31.656
14.38	14.40	0.094196	31.756
14.38	14.40	0.094212	31.856
14.38	14.40	0.094229	31.956
14.40	14.41	0.094246	32.056
14.40	14.41	0.094262	32.156
14.40	14.41	0.094279	32.255
14.40	14.42	0.094296	32.356
14.40	14.42	0.094312	32.455
14.43	14.42	0.094329	32.556
14.43	14.42	0.094346	32.656
14.43	14.43	0.094362	32.756
14.43	14.43	0.094379	32.856
14.43	14.43	0.094396	32.956
14.43	14.44	0.094412	33.056
14.45	14.44	0.094429	33.155
14.45	14.44	0.094446	33.256
14.45	14.44	0.094462	33.356
14.45	14.45	0.094479	33.456
14.45	14.45	0.094496	33.556
14.45	14.45	0.094512	33.656
14.45	14.46	0.094529	33.756
14.45	14.46	0.094546	33.855
14.48	14.46	0.094562	33.956
14.48	14.46	0.094579	34.055
14.48	14.47	0.094595	34.156
14.48	14.47	0.094612	34.256
14.48	14.47	0.094629	34.356
14.48	14.47	0.094645	34.456
14.48	14.47	0.094662	34.580
14.48	14.48	0.094679	34.656
14.48	14.48	0.094695	34.784
14.48	14.48	0.094712	34.879
14.48	14.48	0.094729	34.956
14.50	14.48	0.094745	35.083
14.50	14.49	0.094762	35.178
14.50	14.49	0.094779	35.280
14.50	14.49	0.094795	35.382
14.50	14.49	0.094812	35.476
14.50	14.49	0.094829	35.555
14.50	14.49	0.094845	35.680
14.50	14.49	0.094862	35.775
14.50	14.50	0.094879	35.879
14.50	14.50	0.094895	35.979
14.50	14.50	0.094912	36.074
14.50	14.50	0.094929	36.178
14.50	14.50	0.094945	36.278
14.50	14.50	0.094962	36.372
14.50	14.50	0.094979	36.477
14.50	14.50	0.094995	36.576
14.50	14.50	0.095012	36.671
14.50	14.50	0.095029	36.776
14.50	14.50	0.095045	36.876
14.50	14.50	0.095062	36.971
14.53	14.51	0.095079	37.075
14.53	14.51	0.095095	37.170
14.53	14.51	0.095112	37.269
14.53	14.51	0.095129	37.374
14.53	14.51	0.095145	37.468
14.53	14.51	0.095162	37.568
14.53	14.51	0.095179	37.673
14.53	14.51	0.095195	37.767
14.53	14.51	0.095212	37.867
14.53	14.51	0.095229	37.971
14.53	14.51	0.095245	38.066
14.53	14.51	0.095262	38.165
14.53	14.51	0.095279	38.270
14.50	14.51	0.095295	38.365
14.50	14.50	0.095312	38.464
14.50	14.50	0.095329	38.569
14.50	14.50	0.095345	38.663
14.50	14.50	0.095362	38.763
14.50	14.50	0.095379	38.867
14.50	14.50	0.095395	38.962
14.50	14.50	0.095412	39.062
14.50	14.50	0.095428	39.166
14.50	14.50	0.095445	39.261
14.50	14.50	0.095462	39.360
14.50	14.50	0.095478	39.465
14.50	14.50	0.095495	39.559
14.50	14.50	0.095512	39.660
14.50	14.49	0.095528	39.764
14.50	14.49	0.095545	39.859
14.50	14.49	0.095562	39.960
14.50	14.49	0.095578	40.063
14.50	14.49	0.095595	40.158
14.50	14.49	0.095612	40.259
14.50	14.49	0.095628	40.362
14.50	14.49	0.095645	40.456
14.50	14.48	0.095662	40.559
14.50	14.48	0.095678	40.661
14.50	14.48	0.095695	40.756
14.50	14.48	0.095712	40.860
14.50	14.48	0.095728	40.959
14.50	14.48	0.095745	41.056
14.50	14.47	0.095762	41.158
14.50	14.47	0.095778	41.258
14.50	14.47	0.095795	41.355
14.48	14.47	0.095812	41.457
14.48	14.47	0.095828	41.557
14.48	14.47	0.095845	41.656
14.48	14.46	0.095862	41.757
14.48	14.46	0.095878	41.856
14.48	14.46	0.095895	41.956
14.48	14.46	0.095912	42.055
14.48	14.46	0.095928	42.156
14.48	14.46	0.095945	42.255
14.45	14.45	0.095962	42.356
14.45	14.45	0.095978	42.456
14.45	14.45	0.095995	42.556
14.45	14.45	0.096012	42.656
14.45	14.45	0.096028	42.756
14.45	14.45	0.096045	42.856
14.45	14.44	0.096062	42.955
14.45	14.44	0.096078	43.056
14.45	14.44	0.096095	43.156
14.45	14.44	0.096112	43.256
14.43	14.44	0.096128	43.356
14.43	14.44	0.096145	43.456
14.43	14.43	0.096162	43.556
14.43	14.43	0.096178	43.655
14.43	14.43	0.096195	43.756
14.43	14.43	0.096212	43.855
14.43	14.43	0.096228	43.956
14.43	14.43	0.096245	44.056
14.43	14.42	0.096261	44.156
14.43	14.42	0.096278	44.256
14.43	14.42	0.096295	44.356
14.43	14.42	0.096311	44.456
14.43	14.42	0.096328	44.556
14.43	14.42	0.096345	44.658
14.43	14.42	0.096361	44.758
14.43	14.42	0.096378	44.858
14.40	14.41	0.096395	44.958
14.40	14.41	0.096411	45.058
14.40	14.41	0.096428	45.158
14.40	14.41	0.096445	45.257
14.40	14.41	0.096461	45.358
14.40	14.41	0.096478	45.457
14.40	14.41	0.096495	45.558
14.40	14.41	0.096511	45.659
14.40	14.41	0.096528	45.759
14.40	14.41	0.096545	45.859
14.40	14.41	0.096561	45.959
14.40	14.40	0.096578	46.058
14.40	14.40	0.096595	46.159
14.40	14.40	0.096611	46.258
14.40	14.40	0.096628	46.358
14.40	14.40	0.096645	46.458
14.40	14.40	0.096661	46.582
14.40	14.40	0.096678	46.682
14.40	14.40	0.096695	46.786
14.40	14.40	0.096711	46.881
14.40	14.40	0.096728	46.980
14.40	14.40	0.096745	47.085
14.40	14.40	0.096761	47.179
14.40	14.40	0.096778	47.279
14.40	14.40	0.096795	47.384
14.40	14.40	0.096811	47.478
14.40	14.40	0.096828	47.579
14.40	14.40	0.096845	47.682
14.40	14.40	0.096861	47.777
14.40	14.40	0.096878	47.878
14.40	14.40	0.096895	47.981
14.40	14.41	0.096911	48.077
14.38	14.41	0.096928	48.178
14.38	14.41	0.096945	48.281
14.38	14.41	0.096961	48.375
14.38	14.41	0.096978	48.479
14.38	14.41	0.096995	48.579
14.40	14.41	0.097011	48.674
14.40	14.41	0.097028	48.779
14.40	14.41	0.097045	48.878
14.40	14.41	0.097061	48.973
14.40	14.42	0.097078	49.077
14.40	14.42	0.097094	49.177
14.40	14.42	0.097111	49.271
14.40	14.42	0.097128	49.376
14.40	14.42	0.097144	49.475
14.40	14.42	0.097161	49.570
14.40	14.42	0.097178	49.675
14.40	14.43	0.097194	49.774
14.43	14.43	0.097211	49.869
14.43	14.43	0.097228	49.973
14.43	14.43	0.097244	50.068
14.43	14.43	0.097261	50.167
14.43	14.44	0.097278	50.272
14.43	14.44	0.097294	50.367
14.43	14.44	0.097311	50.466
14.43	14.44	0.097328	50.571
14.43	14.45	0.097344	50.665
14.45	14.45	0.097361	50.766
14.45	14.45	0.097378	50.870
14.45	14.45	0.097394	50.965
14.45	14.46	0.097411	51.064
14.45	14.46	0.097428	51.169
14.45	14.46	0.097444	51.264
14.45	14.46	0.097461	51.363
14.45	14.47	0.097478	51.468
14.45	14.47	0.097494	51.562
14.45	14.47	0.097511	51.662
14.45	14.47	0.097528	51.766
14.45	14.48	0.097544	51.861
14.45	14.48	0.097561	51.961
14.48	14.48	0.097578	52.065
14.48	14.49	0.097594	52.161
14.48	14.49	0.097611	52.261
14.48	14.49	0.097628	52.364
14.48	14.50	0.097644	52.460
14.48	14.50	0.097661	52.561
14.48	14.50	0.097678	52.662
14.48	14.51	0.097694	52.761
14.50	14.51	0.097711	52.861
14.50	14.51	0.097728	52.961
14.50	14.52	0.097744	53.061
14.50	14.52	0.097761	53.161
14.50	14.52	0.097778	53.261
14.50	14.53	0.097794	53.360
14.53	14.53	0.097811	53.461
14.53	14.53	0.097828	53.561
14.53	14.54	0.097844	53.661
14.53	14.54	0.097861	53.761
14.53	14.54	0.097878	53.861
14.53	14.55	0.097894	53.961
14.53	14.55	0.097911	54.061
14.56	14.55	0.097927	54.161
14.56	14.56	0.097944	54.261
14.56	14.56	0.097961	54.360
14.56	14.56	0.097977	54.462
14.56	14.57	0.097994	54.562
14.56	14.57	0.098011	54.662
14.58	14.57	0.098027	54.762
14.58	14.58	0.098044	54.862
14.58	14.58	0.098061	54.962
14.58	14.59	0.098077	55.061
14.58	14.59	0.098094	55.162
14.58	14.59	0.098111	55.261
14.58	14.60	0.098127	55.362
14.58	14.60	0.098144	55.462
14.58	14.60	0.098161	55.562
14.61	14.61	0.098177	55.662
14.61	14.61	0.098194	55.762
14.61	14.61	0.098211	55.862
14.61	14.62	0.098227	55.961
14.61	14.62	0.098244	56.062
14.61	14.62	0.098261	56.162
14.63	14.63	0.098277	56.262
14.63	14.63	0.098294	56.362
14.63	14.63	0.098311	56.462
14.63	14.63	0.098327	56.562
14.63	14.64	0.098344	56.661
14.63	14.64	0.098361	56.762
14.63	14.64	0.098377	56.861
14.63	14.65	0.098394	56.962
14.66	14.65	0.098411	57.061
14.66	14.65	0.098427	57.161
14.66	14.66	0.098444	57.261
14.66	14.66	0.098461	57.361
14.66	14.66	0.098477	57.461
14.66	14.66	0.098494	57.560
14.66	14.67	0.098511	57.661
14.68	14.67	0.098527	57.760
14.68	14.67	0.098544	57.862
14.68	14.67	0.098561	57.962
14.68	14.68	0.098577	58.062
14.68	14.68	0.098594	58.162
14.68	14.68	0.098611	58.261
14.68	14.68	0.098627	58.385
14.68	14.69	0.098644	58.489
14.68	14.69	0.098661	58.585
14.71	14.69	0.098677	58.684
14.71	14.69	0.098694	58.789
14.71	14.69	0.098711	58.884
14.71	14.70	0.098727	58.983
14.71	14.70	0.098744	59.088
14.71	14.70	0.098760	59.182
14.71	14.70	0.098777	59.282
14.71	14.70	0.098794	59.386
14.71	14.70	0.098810	59.481
14.71	14.70	0.098827	59.581
14.71	14.71	0.098844	59.685
14.71	14.71	0.098860	59.780
14.71	14.71	0.098877	59.879
14.71	14.71	0.098894	59.984
14.71	14.71	0.098910	00.078
14.74	14.71	0.098927	00.178
14.74	14.71	0.098944	00.282
14.74	14.71	0.098960	00.377
14.74	14.72	0.098977	00.477
14.74	14.72	0.098994	00.581
14.74	14.72	0.099010	00.676
14.74	14.72	0.099027	00.777
14.74	14.72	0.099044	00.880
14.74	14.72	0.099060	00.974
14.74	14.72	0.099077	01.077
14.74	14.72	0.099094	01.178
14.74	14.72	0.099110	01.273
14.71	14.72	0.099127	01.377
14.71	14.72	0.099144	01.478
14.71	14.72	0.099160	01.573
14.71	14.72	0.099177	01.676
14.71	14.72	0.099194	01.777
14.71	14.72	0.099210	01.871
14.71	14.72	0.099227	01.976
14.71	14.72	0.099244	02.076
14.71	14.72	0.099260	02.170
14.71	14.72	0.099277	02.275
14.71	14.72	0.099294	02.374
14.71	14.72	0.099310	02.469
14.71	14.72	0.099327	02.573
14.71	14.72	0.099344	02.673
14.71	14.72	0.099360	02.768
14.71	14.72	0.099377	02.872
14.74	14.72	0.099394	02.967
14.74	14.71	0.099410	03.066
14.74	14.71	0.099427	03.171
14.74	14.71	0.099444	03.265
14.74	14.71	0.099460	03.365
14.74	14.71	0.099477	03.470
14.74	14.71	0.099494	03.564
14.74	14.71	0.099510	03.664
14.74	14.71	0.099527	03.769
14.74	14.71	0.099544	03.863
14.74	14.71	0.099560	03.963
14.74	14.70	0.099577	04.068
14.74	14.70	0.099593	04.162
14.71	14.70	0.099610	04.262
14.71	14.70	0.099627	04.368
14.71	14.70	0.099643	04.467
14.71	14.70	0.099660	04.567
14.71	14.70	0.099677	04.667
14.71	14.69	0.099693	04.767
14.71	14.69	0.099710	04.866
14.71	14.69	0.099727	04.967
14.68	14.69	0.099743	05.066
14.68	14.69	0.099760	05.167
14.68	14.69	0.099777	05.267
14.68	14.68	0.099793	05.367
14.68	14.68	0.099810	05.467
14.68	14.68	0.099827	05.567
14.68	14.68	0.099843	05.667
14.68	14.68	0.099860	05.766
14.68	14.68	0.099877	05.867
14.68	14.67	0.099893	05.967
14.68	14.67	0.099910	06.067
14.68	14.67	0.099927	06.167
14.66	14.67	0.099943	06.272
14.66	14.67	0.099960	06.367
14.66	14.67	0.099977	06.466
14.66	14.66	0.099993	06.567
14.66	14.66	0.100010	06.666
14.66	14.66	0.100027	06.767
14.66	14.66	0.100043	06.867
14.66	14.66	0.100060	06.967
14.66	14.66	0.100077	07.067
14.66	14.65	0.100093	07.172
14.66	14.65	0.100110	07.267
14.66	14.65	0.100127	07.366
14.66	14.65	0.100143	07.467
14.66	14.65	0.100160	07.567
14.66	14.65	0.100177	07.667
14.66	14.64	0.100193	07.767
14.66	14.64	0.100210	07.867
14.66	14.64	0.100227	07.967
14.66	14.64	0.100243	08.067
14.66	14.64	0.100260	08.166
14.66	14.64	0.100277	08.267
14.63	14.64	0.100293	08.367
14.63	14.63	0.100310	08.467
14.63	14.63	0.100327	08.567
14.63	14.63	0.100343	08.671
14.63	14.63	0.100360	08.767
14.63	14.63	0.100377	08.866
14.63	14.63	0.100393	08.967
14.63	14.63	0.100410	09.067
14.63	14.63	0.100426	09.167
14.63	14.62	0.100443	09.271
14.63	14.62	0.100460	09.367
14.63	14.62	0.100476	09.466
14.63	14.62	0.100493	09.596
14.61	14.62	0.100510	09.695
14.61	14.62	0.100526	09.790
14.61	14.62	0.100543	09.895
14.61	14.62	0.100560	09.994
14.61	14.62	0.100576	10.089
14.61	14.62	0.100593	10.193
14.61	14.62	0.100610	10.292
14.61	14.62	0.100626	10.387
14.61	14.62	0.100643	10.492
14.61	14.62	0.100660	10.591
14.61	14.62	0.100676	10.686
14.61	14.62	0.100693	10.791
14.61	14.62	0.100710	10.885
14.61	14.62	0.100726	10.985
14.61	14.62	0.100743	11.089
14.61	14.62	0.100760	11.184
14.61	14.62	0.100776	11.283
14.61	14.62	0.100793	11.388
14.61	14.62	0.100810	11.483
14.61	14.62	0.100826	11.582
14.61	14.62	0.100843	11.687
14.61	14.62	0.100860	11.782
14.61	14.62	0.100876	11.882
14.61	14.62	0.100893	11.986
14.61	14.62	0.100910	12.081
14.61	14.62	0.100926	12.180
14.61	14.62	0.100943	12.285
14.61	14.62	0.100960	12.380
14.63	14.62	0.100976	12.479
14.63	14.62	0.100993	12.584
14.63	14.62	0.101010	12.678
14.63	14.62	0.101026	12.778
14.63	14.63	0.101043	12.882
14.63	14.63	0.101060	12.977
14.63	14.63	0.101076	13.077
14.63	14.63	0.101093	13.181
14.63	14.63	0.101110	13.276
14.63	14.63	0.101126	13.375
14.63	14.63	0.101143	13.480
14.63	14.64	0.101160	13.574
14.63	14.64	0.101176	13.676
14.63	14.64	0.101193	13.778
14.63	14.64	0.101210	13.873
14.63	14.64	0.101226	13.976
14.63	14.65	0.101243	14.077
14.63	14.65	0.101259	14.172
14.63	14.65	0.101276	14.275
14.63	14.65	0.101293	14.377
14.63	14.65	0.101309	14.471
14.63	14.66	0.101326	14.575
14.63	14.66	0.101343	14.675
14.63	14.66	0.101359	14.770
14.63	14.66	0.101376	14.875
14.63	14.67	0.101393	14.974
14.63	14.67	0.101409	15.069
14.63	14.67	0.101426	15.173
14.66	14.67	0.101443	15.273
14.66	14.68	0.101459	15.367
14.66	14.68	0.101476	15.472
14.66	14.68	0.101493	15.572
14.66	14.69	0.101509	15.668
14.66	14.69	0.101526	15.771
14.68	14.69	0.101543	15.871
14.68	14.69	0.101559	15.968
14.68	14.70	0.101576	16.069
14.68	14.70	0.101593	16.171
14.68	14.70	0.101609	16.267
14.68	14.71	0.101626	16.368
14.71	14.71	0.101643	16.471
14.71	14.71	0.101659	16.568
14.71	14.72	0.101676	16.668
14.71	14.72	0.101693	16.770
14.71	14.72	0.101709	16.868
14.71	14.73	0.101726	16.967
14.71	14.73	0.101743	17.071
14.74	14.73	0.101759	17.167
14.74	14.74	0.101776	17.268
14.74	14.74	0.101793	17.371
14.74	14.74	0.101809	17.468
14.74	14.75	0.101826	17.568
14.74	14.75	0.101843	17.670
14.76	14.75	0.101859	17.768
14.76	14.76	0.101876	17.867
14.76	14.76	0.101893	17.971
14.76	14.76	0.101909	18.068
14.76	14.77	0.101926	18.168
14.76	14.77	0.101943	18.271
14.76	14.77	0.101959	18.368
14.76	14.78	0.101976	18.468
14.76	14.78	0.101993	18.570
14.79	14.78	0.102009	18.668
14.79	14.79	0.102026	18.767
14.79	14.79	0.102043	18.870
14.79	14.80	0.102059	18.968
14.79	14.80	0.102076	19.068
14.79	14.80	0.102092	19.171
14.79	14.81	0.102109	19.268
14.79	14.81	0.102126	19.368
14.79	14.81	0.102142	19.470
14.81	14.82	0.102159	19.568
14.81	14.82	0.102176	19.668
14.81	14.82	0.102192	19.770
14.81	14.83	0.102209	19.868
14.81	14.83	0.102226	19.968
14.81	14.83	0.102242	20.070
14.81	14.84	0.102259	20.168
14.84	14.84	0.102276	20.268
14.84	14.84	0.102292	20.370
14.84	14.85	0.102309	20.468
14.84	14.85	0.102326	20.568
14.84	14.85	0.102342	20.670
14.86	14.85	0.102359	20.768
14.86	14.86	0.102376	20.868
14.86	14.86	0.102392	20.970
14.86	14.86	0.102409	21.067
14.86	14.87	0.102426	21.168
14.86	14.87	0.102442	21.270
14.89	14.87	0.102459	21.368
14.89	14.87	0.102476	21.468
14.89	14.88	0.102492	21.570
14.89	14.88	0.102509	21.668
14.89	14.88	0.102526	21.792
14.89	14.88	0.102542	21.870
14.89	14.89	0.102559	21.996
14.89	14.89	0.102576	22.091
14.89	14.89	0.102592	22.169
14.92	14.89	0.102609	22.295
14.92	14.90	0.102626	22.390
14.92	14.90	0.102642	22.494
14.92	14.90	0.102659	22.594
14.92	14.90	0.102676	22.688
14.92	14.90	0.102692	22.793
14.92	14.91	0.102709	22.892
14.92	14.91	0.102726	22.987
14.92	14.91	0.102742	23.091
14.92	14.91	0.102759	23.191
14.92	14.91	0.102776	23.286
14.92	14.92	0.102792	23.390
14.92	14.92	0.102809	23.491
14.92	14.92	0.102826	23.584
14.92	14.92	0.102842	23.690
14.92	14.92	0.102859	23.784
14.92	14.92	0.102876	23.884
14.92	14.92	0.102892	23.989
14.92	14.92	0.102909	24.083
14.92	14.93	0.102925	24.183
14.92	14.93	0.102942	24.287
14.92	14.93	0.102959	24.382
14.92	14.93	0.102975	24.481
14.92	14.93	0.102992	24.586
14.92	14.93	0.103009	24.680
14.92	14.93	0.103025	24.780
14.92	14.93	0.103042	24.885
14.92	14.93	0.103059	24.979
14.94	14.93	0.103075	25.079
14.94	14.93	0.103092	25.183
14.94	14.93	0.103109	25.278
14.94	14.93	0.103125	25.377
14.94	14.93	0.103142	25.482
14.94	14.93	0.103159	25.577
14.94	14.93	0.103175	25.676
14.94	14.93	0.103192	25.782
14.94	14.93	0.103209	25.876
14.94	14.93	0.103225	25.976
14.94	14.93	0.103242	26.079
14.94	14.93	0.103259	26.175
14.94	14.93	0.103275	26.274
14.94	14.93	0.103292	26.379
14.94	14.93	0.103309	26.474
14.94	14.93	0.103325	26.574
14.94	14.93	0.103342	26.678
14.94	14.93	0.103359	26.772
14.94	14.93	0.103375	26.874
14.94	14.93	0.103392	26.976
14.94	14.93	0.103409	27.071
14.94	14.93	0.103425	27.174
14.94	14.93	0.103442	27.275
14.94	14.92	0.103459	27.370
14.94	14.92	0.103475	27.473
14.94	14.92	0.103492	27.574
14.94	14.92	0.103509	27.669
14.94	14.92	0.103525	27.773
14.94	14.92	0.103542	27.872
14.94	14.92	0.103559	27.970
14.94	14.92	0.103575	28.072
14.94	14.92	0.103592	28.171
14.94	14.91	0.103609	28.270
14.94	14.91	0.103625	28.370
14.94	14.91	0.103642	28.470
14.94	14.91	0.103659	28.569
14.92	14.91	0.103675	28.670
14.92	14.91	0.103692	28.770
14.92	14.91	0.103709	28.870
14.92	14.90	0.103725	28.970
14.92	14.90	0.103742	29.070
14.92	14.90	0.103758	29.170
14.92	14.90	0.103775	29.270
14.92	14.90	0.103792	29.370
14.92	14.90	0.103808	29.469
14.89	14.89	0.103825	29.570
14.89	14.89	0.103842	29.670
14.89	14.89	0.103858	29.770
14.89	14.89	0.103875	29.870
14.89	14.89	0.103892	29.970
14.89	14.89	0.103908	30.070
14.89	14.88	0.103925	30.169
14.89	14.88	0.103942	30.270
14.89	14.88	0.103958	30.369
14.89	14.88	0.103975	30.470
14.86	14.88	0.103992	30.570
14.86	14.88	0.104008	30.670
14.86	14.87	0.104025	30.770
14.86	14.87	0.104042	30.870
14.86	14.87	0.104058	30.970
14.86	14.87	0.104075	31.069
14.86	14.87	0.104092	31.170
14.86	14.87	0.104108	31.270
14.86	14.86	0.104125	31.370
14.86	14.86	0.104142	31.470
14.86	14.86	0.104158	31.570
14.86	14.86	0.104175	31.670
14.86	14.86	0.104192	31.769
14.86	14.86	0.104208	31.870
14.86	14.85	0.104225	31.969
14.86	14.85	0.104242	32.070
14.86	14.85	0.104258	32.170
14.86	14.85	0.104275	32.270
14.86	14.85	0.104292	32.370
14.86	14.85	0.104308	32.470
14.86	14.85	0.104325	32.570
14.86	14.84	0.104342	32.669
14.84	14.84	0.104358	32.770
14.84	14.84	0.104375	32.869
14.84	14.84	0.104392	32.970
14.84	14.84	0.104408	33.070
14.84	14.84	0.104425	33.170
14.84	14.84	0.104442	33.270
14.84	14.84	0.104458	33.370
14.84	14.84	0.104475	33.470
14.84	14.84	0.104492	33.569
14.84	14.83	0.104508	33.670
14.84	14.83	0.104525	33.770
14.84	14.83	0.104542	33.894
14.84	14.83	0.104558	33.999
14.84	14.83	0.104575	34.093
14.84	14.83	0.104591	34.193
14.84	14.83	0.104608	34.297
14.84	14.83	0.104625	34.392
14.84	14.83	0.104641	34.493
14.84	14.83	0.104658	34.596
14.81	14.83	0.104675	34.690
14.81	14.83	0.104691	34.793
14.81	14.83	0.104708	34.895
14.81	14.83	0.104725	34.989
14.81	14.83	0.104741	35.093
14.81	14.83	0.104758	35.193
14.81	14.83	0.104775	35.288
14.81	14.83	0.104791	35.392
14.81	14.83	0.104808	35.492
14.81	14.83	0.104825	35.587
14.81	14.83	0.104841	35.691
14.81	14.83	0.104858	35.791
14.81	14.83	0.104875	35.885
14.81	14.83	0.104891	35.991
14.81	14.83	0.104908	36.090
14.81	14.83	0.104925	36.185
14.81	14.83	0.104941	36.289
14.81	14.83	0.104958	36.389
14.84	14.84	0.104975	36.484
14.84	14.84	0.104991	36.588
14.84	14.84	0.105008	36.683
14.84	14.84	0.105025	36.782
14.84	14.84	0.105041	36.887
14.84	14.84	0.105058	36.981
14.84	14.84	0.105075	37.081
14.84	14.84	0.105091	37.186
14.84	14.84	0.105108	37.280
14.84	14.85	0.105125	37.380
14.84	14.85	0.105141	37.484
14.84	14.85	0.105158	37.579
14.84	14.85	0.105175	37.679
14.84	14.85	0.105191	37.784
14.84	14.86	0.105208	37.878
14.84	14.86	0.105225	37.978
14.84	14.86	0.105241	38.082
14.84	14.86	0.105258	38.177
14.84	14.86	0.105275	38.276
14.84	14.87	0.105291	38.381
14.86	14.87	0.105308	38.476
14.86	14.87	0.105325	38.575
14.86	14.87	0.105341	38.680
14.86	14.87	0.105358	38.774
14.86	14.88	0.105375	38.874
14.86	14.88	0.105391	38.978
14.86	14.88	0.105408	39.073
14.86	14.88	0.105424	39.173
14.86	14.89	0.105441	39.277
14.89	14.89	0.105458	39.372
14.89	14.89	0.105474	39.472
14.89	14.90	0.105491	39.576
14.89	14.90	0.105508	39.670
14.89	14.90	0.105524	39.772
14.89	14.90	0.105541	39.874
14.89	14.91	0.105558	39.970
14.92	14.91	0.105574	40.072
14.92	14.91	0.105591	40.174
14.92	14.92	0.105608	40.270
14.92	14.92	0.105624	40.372
14.92	14.92	0.105641	40.473
14.92	14.93	0.105658	40.569
14.92	14.93	0.105674	40.672
14.92	14.93	0.105691	40.772
14.92	14.94	0.105708	40.870
14.92	14.94	0.105724	40.971
14.94	14.94	0.105741	41.070
14.94	14.95	0.105758	41.170
14.94	14.95	0.105774	41.269
14.94	14.95	0.105791	41.370
14.94	14.96	0.105808	41.469
14.94	14.96	0.105824	41.570
14.94	14.96	0.105841	41.670
14.94	14.97	0.105858	41.770
14.97	14.97	0.105874	41.870
14.97	14.97	0.105891	41.970
14.97	14.98	0.105908	42.070
14.97	14.98	0.105924	42.169
14.97	14.98	0.105941	42.270
14.97	14.99	0.105958	42.370
14.97	14.99	0.105974	42.470
14.99	14.99	0.105991	42.570
14.99	15.00	0.106008	42.670
14.99	15.00	0.106024	42.770
14.99	15.01	0.106041	42.870
14.99	15.01	0.106058	42.970
14.99	15.01	0.106074	43.069
14.99	15.02	0.106091	43.170
15.02	15.02	0.106108	43.269
15.02	15.02	0.106124	43.370
15.02	15.03	0.106141	43.470
15.02	15.03	0.106158	43.570
15.02	15.03	0.106174	43.670
15.02	15.04	0.106191	43.769
15.04	15.04	0.106208	43.870
15.04	15.04	0.106224	43.969
15.04	15.05	0.106241	44.070
15.04	15.05	0.106257	44.170
15.04	15.05	0.106274	44.270
15.04	15.06	0.106291	44.370
15.07	15.06	0.106307	44.469
15.07	15.06	0.106324	44.570
15.07	15.06	0.106341	44.669
15.07	15.07	0.106357	44.770
15.07	15.07	0.106374	44.871
15.07	15.07	0.106391	44.971
15.07	15.08	0.106407	45.071
15.07	15.08	0.106424	45.171
15.09	15.08	0.106441	45.271
15.09	15.08	0.106457	45.370
15.09	15.09	0.106474	45.471
15.09	15.09	0.106491	45.570
15.09	15.09	0.106507	45.671
15.09	15.10	0.106524	45.771
15.09	15.10	0.106541	45.871
15.09	15.10	0.106557	45.971
15.12	15.10	0.106574	46.095
15.12	15.11	0.106591	46.195
15.12	15.11	0.106607	46.299
15.12	15.11	0.106624	46.394
15.12	15.11	0.106641	46.493
15.12	15.11	0.106657	46.598
15.12	15.12	0.106674	46.693
15.12	15.12	0.106691	46.792
15.12	15.12	0.106707	46.897
15.12	15.12	0.106724	46.991
15.12	15.12	0.106741	47.091
15.15	15.13	0.106757	47.196
15.15	15.13	0.106774	47.291
15.15	15.13	0.106791	47.391
15.15	15.13	0.106807	47.495
15.15	15.13	0.106824	47.590
15.15	15.13	0.106841	47.691
15.15	15.13	0.106857	47.794
15.15	15.14	0.106874	47.888
15.15	15.14	0.106891	47.991
15.15	15.14	0.106907	48.092
15.15	15.14	0.106924	48.187
15.15	15.14	0.106941	48.292
15.15	15.14	0.106957	48.391
15.15	15.14	0.106974	48.486
15.15	15.14	0.106991	48.590
15.15	15.14	0.107007	48.690
15.15	15.14	0.107024	48.784
15.15	15.14	0.107041	48.889
15.15	15.14	0.107057	48.989
15.15	15.15	0.107074	49.083
15.15	15.15	0.107090	49.188
15.15	15.15	0.107107	49.287
15.15	15.15	0.107124	49.382
15.15	15.15	0.107140	49.486
15.15	15.15	0.107157	49.581
15.15	15.15	0.107174	49.680
15.15	15.15	0.107190	49.785
15.15	15.15	0.107207	49.880
15.15	15.15	0.107224	49.979
15.15	15.15	0.107240	50.084
15.15	15.15	0.107257	50.178
15.15	15.15	0.107274	50.278
15.15	15.15	0.107290	50.383
15.15	15.14	0.107307	50.478
15.15	15.14	0.107324	50.578
15.15	15.14	0.107340	50.682
15.15	15.14	0.107357	50.777
15.15	15.14	0.107374	50.876
15.15	15.14	0.107390	50.981
15.15	15.14	0.107407	51.075
15.15	15.14	0.107424	51.175
15.15	15.14	0.107440	51.279
15.15	15.14	0.107457	51.374
15.15	15.14	0.107474	51.474
15.15	15.14	0.107490	51.578
15.15	15.14	0.107507	51.673
15.15	15.13	0.107524	51.772
15.15	15.13	0.107540	51.877
15.15	15.13	0.107557	51.971
15.15	15.13	0.107574	52.072
15.15	15.13	0.107590	52.175
15.12	15.13	0.107607	52.272
15.12	15.13	0.107624	52.372
15.12	15.13	0.107640	52.474
15.12	15.12	0.107657	52.572
15.12	15.12	0.107674	52.672
15.12	15.12	0.107690	52.773
15.12	15.12	0.107707	52.871
15.12	15.12	0.107724	52.972
15.12	15.12	0.107740	53.073
15.12	15.11	0.107757	53.171
15.12	15.11	0.107774	53.272
15.12	15.11	0.107790	53.372
15.12	15.11	0.107807	53.472
15.12	15.11	0.107824	53.571
15.12	15.11	0.107840	53.672
15.12	15.10	0.107857	53.771
15.12	15.10	0.107874	53.872
15.12	15.10	0.107890	53.972
15.12	15.10	0.107907	54.072
15.12	15.10	0.107923	54.172
15.12	15.10	0.107940	54.272
15.12	15.09	0.107957	54.372
15.12	15.09	0.107973	54.471
15.09	15.09	0.107990	54.572
15.09	15.09	0.108007	54.672
15.09	15.09	0.108023	54.772
15.09	15.09	0.108040	54.872
15.09	15.08	0.108057	54.972
15.09	15.08	0.108073	55.072
15.09	15.08	0.108090	55.171
15.09	15.08	0.108107	55.272
15.09	15.08	0.108123	55.371
15.09	15.08	0.108140	55.471
15.07	15.07	0.108157	55.573
15.07	15.07	0.108173	55.673
15.07	15.07	0.108190	55.773
15.07	15.07	0.108207	55.873
15.07	15.07	0.108223	55.973
15.07	15.07	0.108240	56.072
15.07	15.06	0.108257	56.172
15.07	15.06	0.108273	56.273
15.07	15.06	0.108290	56.373
15.07	15.06	0.108307	56.473
15.07	15.06	0.108323	56.573
15.07	15.06	0.108340	56.673
15.07	15.06	0.108357	56.772
15.07	15.06	0.108373	56.873
15.07	15.05	0.108390	56.972
15.07	15.05	0.108407	57.073
15.07	15.05	0.108423	57.173
15.04	15.05	0.108440	57.273
15.04	15.05	0.108457	57.373
15.04	15.05	0.108473	57.473
15.04	15.05	0.108490	57.573
15.04	15.05	0.108507	57.672
15.04	15.05	0.108523	57.773
15.04	15.05	0.108540	57.872
15.04	15.05	0.108557	57.973
15.04	15.04	0.108573	58.073
15.04	15.04	0.108590	58.197
15.04	15.04	0.108607	58.302
15.04	15.04	0.108623	58.396
15.04	15.04	0.108640	58.496
15.04	15.04	0.108657	58.600
15.04	15.04	0.108673	58.695
15.04	15.04	0.108690	58.794
15.04	15.04	0.108707	58.899
15.04	15.04	0.108723	58.994
15.04	15.04	0.108740	59.093
15.04	15.04	0.108756	59.198
15.04	15.04	0.108773	59.292
15.04	15.04	0.108790	59.392
15.02	15.04	0.108806	59.496
15.02	15.04	0.108823	59.591
15.02	15.04	0.108840	59.691
15.02	15.04	0.108856	59.795
15.02	15.04	0.108873	59.891
15.02	15.04	0.108890	59.990
15.02	15.05	0.108906	00.095
15.02	15.05	0.108923	00.189
15.02	15.05	0.108940	00.290
15.02	15.05	0.108956	00.393
15.02	15.05	0.108973	00.488
15.04	15.05	0.108990	00.590
15.04	15.05	0.109006	00.692
15.04	15.05	0.109023	00.787
15.04	15.05	0.109040	00.889
15.04	15.05	0.109056	00.991
15.04	15.06	0.109073	01.085
15.04	15.06	0.109090	01.189
15.04	15.06	0.109106	01.290
15.04	15.06	0.109123	01.384
15.04	15.06	0.109140	01.489
15.07	15.06	0.109156	01.588
15.07	15.06	0.109173	01.683
15.07	15.07	0.109190	01.787
15.07	15.07	0.109206	01.887
15.07	15.07	0.109223	01.981
15.07	15.07	0.109240	02.086
15.07	15.07	0.109256	02.187
15.07	15.08	0.109273	02.281
15.07	15.08	0.109290	02.385
15.07	15.08	0.109306	02.485
15.07	15.08	0.109323	02.580
15.07	15.09	0.109340	02.684
15.07	15.09	0.109356	02.779
15.07	15.09	0.109373	02.879
15.07	15.09	0.109390	02.983
15.07	15.10	0.109406	03.078
15.09	15.10	0.109423	03.177
15.09	15.10	0.109440	03.281
15.09	15.10	0.109456	03.376
15.09	15.11	0.109473	03.475
15.09	15.11	0.109490	03.580
15.09	15.11	0.109506	03.675
15.09	15.11	0.109523	03.775
15.09	15.12	0.109540	03.880
15.09	15.12	0.109556	03.975
15.12	15.12	0.109573	04.075
15.12	15.13	0.109589	04.178
15.12	15.13	0.109606	04.275
15.12	15.13	0.109623	04.374
15.12	15.14	0.109639	04.477
15.12	15.14	0.109656	04.575
15.12	15.14	0.109673	04.675
15.12	15.15	0.109689	04.776
15.15	15.15	0.109706	04.875
15.15	15.15	0.109723	04.975
15.15	15.16	0.109739	05.074
15.15	15.16	0.109756	05.175
15.15	15.16	0.109773	05.274
15.15	15.17	0.109789	05.375
15.17	15.17	0.109806	05.475
15.17	15.17	0.109823	05.575
15.17	15.18	0.109839	05.675
15.17	15.18	0.109856	05.775
15.17	15.18	0.109873	05.875
15.17	15.19	0.109889	05.974
15.17	15.19	0.109906	06.075
15.20	15.19	0.109923	06.174
15.20	15.20	0.109939	06.275
15.20	15.20	0.109956	06.375
15.20	15.20	0.109973	06.475
15.20	15.21	0.109989	06.575
15.20	15.21	0.110006	06.675
15.20	15.21	0.110023	06.775
15.22	15.22	0.110039	06.874
15.22	15.22	0.110056	06.975
15.22	15.23	0.110073	07.075
15.22	15.23	0.110089	07.175
15.22	15.23	0.110106	07.275
15.22	15.24	0.110123	07.375
15.22	15.24	0.110139	07.475
15.22	15.24	0.110156	07.574
15.22	15.25	0.110173	07.675
15.25	15.25	0.110189	07.774
15.25	15.25	0.110206	07.875
15.25	15.26	0.110223	07.975
15.25	15.26	0.110239	08.075
15.25	15.26	0.110256	08.175
15.25	15.27	0.110273	08.275
15.27	15.27	0.110289	08.375
15.27	15.27	0.110306	08.474
15.27	15.27	0.110323	08.575
15.27	15.28	0.110339	08.675
15.27	15.28	0.110356	08.775
15.27	15.28	0.110373	08.875
15.30	15.29	0.110389	08.975
15.30	15.29	0.110406	09.075
15.30	15.29	0.110422	09.174
15.30	15.30	0.110439	09.275
15.30	15.30	0.110456	09.374
15.30	15.30	0.110472	09.475
15.30	15.30	0.110489	09.575
15.30	15.31	0.110506	09.675
15.30	15.31	0.110522	09.775
15.33	15.31	0.110539	09.875
15.33	15.31	0.110556	09.975
15.33	15.32	0.110572	10.074
15.33	15.32	0.110589	10.175
15.33	15.32	0.110606	10.275
15.33	15.32	0.110622	10.404
15.33	15.33	0.110639	10.498
15.33	15.33	0.110656	10.603
15.33	15.33	0.110672	10.698
15.33	15.33	0.110689	10.797
15.35	15.33	0.110706	10.902
15.35	15.34	0.110722	10.996
15.35	15.34	0.110739	11.096
15.35	15.34	0.110756	11.200
15.35	15.34	0.110772	11.295
15.35	15.34	0.110789	11.395
15.35	15.34	0.110806	11.499
15.35	15.34	0.110822	11.594
15.35	15.35	0.110839	11.693
15.35	15.35	0.110856	11.798
15.35	15.35	0.110872	11.892
15.35	15.35	0.110889	11.992
15.35	15.35	0.110906	12.097
15.35	15.35	0.110922	12.191
15.35	15.35	0.110939	12.291
15.35	15.35	0.110956	12.395
15.35	15.36	0.110972	12.490
15.35	15.36	0.110989	12.589
15.35	15.36	0.111006	12.694
15.35	15.36	0.111022	12.788
15.35	15.36	0.111039	12.888
15.35	15.36	0.111056	12.993
15.38	15.36	0.111072	13.088
15.38	15.36	0.111089	13.188
15.38	15.36	0.111106	13.292
15.38	15.36	0.111122	13.386
15.38	15.36	0.111139	13.488
15.38	15.36	0.111156	13.590
15.38	15.36	0.111172	13.685
15.38	15.36	0.111189	13.788
15.38	15.36	0.111206	13.889
15.38	15.36	0.111222	13.984
15.38	15.36	0.111239	14.087
15.38	15.36	0.111255	14.188
15.38	15.36	0.111272	14.282
15.38	15.36	0.111289	14.388
15.38	15.36	0.111305	14.488
15.38	15.36	0.111322	14.581
15.38	15.36	0.111339	14.687
15.38	15.36	0.111355	14.786
15.38	15.36	0.111372	14.881
15.38	15.36	0.111389	14.985
15.38	15.35	0.111405	15.085
15.35	15.35	0.111422	15.179
15.35	15.35	0.111439	15.284
15.35	15.35	0.111455	15.384
15.35	15.35	0.111472	15.478
15.35	15.35	0.111489	15.583
15.35	15.35	0.111505	15.683
15.35	15.35	0.111522	15.778
15.35	15.35	0.111539	15.881
15.35	15.35	0.111555	15.978
15.35	15.34	0.111572	16.078
15.35	15.34	0.111589	16.180
15.35	15.34	0.111605	16.278
15.35	15.34	0.111622	16.378
15.35	15.34	0.111639	16.479
15.35	15.34	0.111655	16.577
15.35	15.34	0.111672	16.678
15.35	15.33	0.111689	16.778
15.35	15.33	0.111705	16.878
15.33	15.33	0.111722	16.978
15.33	15.33	0.111739	17.078
15.33	15.33	0.111755	17.178
15.33	15.33	0.111772	17.278
15.33	15.32	0.111789	17.378
15.33	15.32	0.111805	17.477
15.33	15.32	0.111822	17.578
15.33	15.32	0.111839	17.677
15.33	15.32	0.111855	17.783
15.33	15.32	0.111872	17.878
15.33	15.31	0.111889	17.978
15.33	15.31	0.111905	18.078
15.33	15.31	0.111922	18.178
15.33	15.31	0.111939	18.278
15.33	15.31	0.111955	18.377
15.30	15.31	0.111972	18.478
15.30	15.30	0.111989	18.578
15.30	15.30	0.112005	18.682
15.30	15.30	0.112022	18.778
15.30	15.30	0.112039	18.878
15.30	15.30	0.112055	18.978
15.30	15.30	0.112072	19.077
15.30	15.29	0.112088	19.178
15.30	15.29	0.112105	19.277
15.30	15.29	0.112122	19.378
15.30	15.29	0.112138	19.478
15.30	15.29	0.112155	19.582
15.30	15.29	0.112172	19.678
15.30	15.28	0.112188	19.778
15.30	15.28	0.112205	19.883
15.27	15.28	0.112222	19.977
15.27	15.28	0.112238	20.078
15.27	15.28	0.112255	20.178
15.27	15.28	0.112272	20.278
15.27	15.28	0.112288	20.378
15.27	15.27	0.112305	20.482
15.27	15.27	0.112322	20.578
15.27	15.27	0.112338	20.678
15.27	15.27	0.112355	20.783
15.27	15.27	0.112372	20.877
15.27	15.27	0.112388	20.978
15.27	15.27	0.112405	21.083
15.27	15.27	0.112422	21.178
15.27	15.26	0.112438	21.278
15.27	15.26	0.112455	21.382
15.27	15.26	0.112472	21.478
15.27	15.26	0.112488	21.577
15.27	15.26	0.112505	21.682
15.27	15.26	0.112522	21.777
15.27	15.26	0.112538	21.878
15.27	15.26	0.112555	21.983
15.27	15.26	0.112572	22.107
15.25	15.26	0.112588	22.202
15.25	15.26	0.112605	22.306
15.25	15.26	0.112622	22.406
15.25	15.26	0.112638	22.500
15.25	15.26	0.112655	22.605
15.25	15.26	0.112672	22.704
15.25	15.26	0.112688	22.799
15.25	15.26	0.112705	22.903
15.25	15.26	0.112722	23.003
15.25	15.26	0.112738	23.098
15.25	15.26	0.112755	23.202
15.25	15.26	0.112772	23.302
15.25	15.26	0.112788	23.396
15.25	15.26	0.112805	23.501
15.25	15.26	0.112822	23.595
15.25	15.26	0.112838	23.695
15.25	15.26	0.112855	23.800
15.25	15.26	0.112872	23.894
15.25	15.26	0.112888	23.994
15.25	15.26	0.112905	24.099
15.25	15.26	0.112921	24.194
15.25	15.26	0.112938	24.293
15.25	15.26	0.112955	24.398
15.25	15.26	0.112971	24.493
15.25	15.26	0.112988	24.592
15.25	15.26	0.113005	24.697
15.25	15.26	0.113021	24.791
15.25	15.27	0.113038	24.891
15.25	15.27	0.113055	24.995
15.25	15.27	0.113071	25.090
15.25	15.27	0.113088	25.189
15.25	15.27	0.113105	25.294
15.27	15.27	0.113121	25.389
15.27	15.27	0.113138	25.488
15.27	15.28	0.113155	25.593
15.27	15.28	0.113171	25.687
15.27	15.28	0.113188	25.787
15.27	15.28	0.113205	25.891
15.27	15.28	0.113221	25.986
15.27	15.29	0.113238	26.086
15.27	15.29	0.113255	26.190
15.27	15.29	0.113271	26.285
15.27	15.29	0.113288	26.386
15.27	15.29	0.113305	26.489
15.27	15.30	0.113321	26.583
15.30	15.30	0.113338	26.686
15.30	15.30	0.113355	26.788
15.30	15.30	0.113371	26.883
15.30	15.31	0.113388	26.986
15.30	15.31	0.113405	27.087
15.30	15.31	0.113421	27.182
15.30	15.31	0.113438	27.285
15.30	15.32	0.113455	27.386
15.30	15.32	0.113471	27.480
15.30	15.32	0.113488	27.585
15.33	15.33	0.113505	27.684
15.33	15.33	0.113521	27.779
15.33	15.33	0.113538	27.884
15.33	15.33	0.113555	27.983
15.33	15.34	0.113571	28.079
15.33	15.34	0.113588	28.182
15.33	15.34	0.113605	28.282
15.33	15.35	0.113621	28.378
15.33	15.35	0.113638	28.481
15.35	15.35	0.113655	28.582
15.35	15.36	0.113671	28.680
15.35	15.36	0.113688	28.780
15.35	15.36	0.113705	28.881
15.35	15.37	0.113721	28.980
15.35	15.37	0.113738	29.079
15.35	15.37	0.113754	29.181
15.35	15.38	0.113771	29.279
15.35	15.38	0.113788	29.380
15.38	15.38	0.113804	29.481
15.38	15.39	0.113821	29.580
15.38	15.39	0.113838	29.680
15.38	15.39	0.113854	29.781
15.38	15.40	0.113871	29.880
15.38	15.40	0.113888	29.979
15.40	15.40	0.113904	30.081
15.40	15.41	0.113921	30.180
15.40	15.41	0.113938	30.280
15.40	15.41	0.113954	30.381
15.40	15.42	0.113971	30.480
15.40	15.42	0.113988	30.580
15.40	15.42	0.114004	30.681
15.43	15.43	0.114021	30.781
15.43	15.43	0.114038	30.880
15.43	15.44	0.114054	30.981
15.43	15.44	0.114071	31.081
15.43	15.44	0.114088	31.181
15.43	15.45	0.114104	31.281
15.45	15.45	0.114121	31.381
15.45	15.45	0.114138	31.481
15.45	15.46	0.114154	31.580
15.45	15.46	0.114171	31.681
15.45	15.46	0.114188	31.781
15.45	15.47	0.114204	31.881
15.48	15.47	0.114221	31.981
15.48	15.47	0.114238	32.081
15.48	15.48	0.114254	32.181
15.48	15.48	0.114271	32.280
15.48	15.48	0.114288	32.381
15.48	15.49	0.114304	32.480
15.48	15.49	0.114321	32.581
15.50	15.49	0.114338	32.682
15.50	15.49	0.114354	32.782
15.50	15.50	0.114371	32.882
15.50	15.50	0.114388	32.982
15.50	15.50	0.114404	33.082
15.50	15.51	0.114421	33.181
15.50	15.51	0.114438	33.282
15.50	15.51	0.114454	33.382
15.50	15.51	0.114471	33.482
15.50	15.52	0.114488	33.582
15.53	15.52	0.114504	33.706
15.53	15.52	0.114521	33.811
15.53	15.52	0.114538	33.905
15.53	15.53	0.114554	34.005
15.53	15.53	0.114571	34.109
15.53	15.53	0.114587	34.204
15.53	15.53	0.114604	34.304
15.53	15.54	0.114621	34.408
15.53	15.54	0.114637	34.503
15.56	15.54	0.114654	34.605
15.56	15.54	0.114671	34.707
15.56	15.54	0.114687	34.801
15.56	15.55	0.114704	34.905
15.56	15.55	0.114721	35.005
15.56	15.55	0.114737	35.100
15.56	15.55	0.114754	35.205
15.56	15.55	0.114771	35.305
15.56	15.56	0.114787	35.399
15.56	15.56	0.114804	35.504
15.56	15.56	0.114821	35.603
15.56	15.56	0.114837	35.698
15.56	15.56	0.114854	35.802
15.56	15.56	0.114871	35.902
15.56	15.56	0.114887	35.997
15.58	15.56	0.114904	36.101
15.58	15.57	0.114921	36.201
15.58	15.57	0.114937	36.295
15.58	15.57	0.114954	36.400
15.58	15.57	0.114971	36.494
15.58	15.57	0.114987	36.594
15.58	15.57	0.115004	36.698
15.58	15.57	0.115021	36.793
15.58	15.57	0.115037	36.893
15.58	15.57	0.115054	36.997
15.58	15.57	0.115071	37.092
15.58	15.57	0.115087	37.191
15.58	15.57	0.115104	37.296
15.58	15.57	0.115121	37.391
15.58	15.57	0.115137	37.491
15.58	15.57	0.115154	37.595
15.58	15.57	0.115171	37.690
15.58	15.57	0.115187	37.790
15.58	15.57	0.115204	37.894
15.58	15.57	0.115221	37.989
15.58	15.57	0.115237	38.088
15.58	15.57	0.115254	38.193
15.58	15.57	0.115271	38.287
15.58	15.57	0.115287	38.387
15.58	15.57	0.115304	38.491
15.58	15.57	0.115321	38.586
15.58	15.57	0.115337	38.686
15.58	15.57	0.115354	38.791
15.58	15.57	0.115371	38.885
15.58	15.57	0.115387	38.985
15.58	15.57	0.115404	39.089
15.58	15.57	0.115420	39.184
15.58	15.57	0.115437	39.285
15.58	15.56	0.115454	39.388
15.58	15.56	0.115470	39.483
15.58	15.56	0.115487	39.584
15.58	15.56	0.115504	39.687
15.58	15.56	0.115520	39.783
15.56	15.56	0.115537	39.884
15.56	15.56	0.115554	39.985
15.56	15.56	0.115570	40.084
15.56	15.56	0.115587	40.184
15.56	15.55	0.115604	40.284
15.56	15.55	0.115620	40.384
15.56	15.55	0.115637	40.484
15.56	15.55	0.115654	40.584
15.56	15.55	0.115670	40.683
15.56	15.55	0.115687	40.784
15.56	15.55	0.115704	40.884
15.56	15.54	0.115720	40.984
15.56	15.54	0.115737	41.084
15.56	15.54	0.115754	41.184
15.56	15.54	0.115770	41.284
15.56	15.54	0.115787	41.383
15.56	15.54	0.115804	41.484
15.53	15.53	0.115820	41.583
15.53	15.53	0.115837	41.684
15.53	15.53	0.115854	41.784
15.53	15.53	0.115870	41.884
15.53	15.53	0.115887	41.984
15.53	15.53	0.115904	42.084
15.53	15.52	0.115920	42.184
15.53	15.52	0.115937	42.283
15.53	15.52	0.115954	42.384
15.53	15.52	0.115970	42.483
15.53	15.52	0.115987	42.584
15.53	15.52	0.116004	42.684
15.53	15.51	0.116020	42.783
15.53	15.51	0.116037	42.884
15.50	15.51	0.116054	42.984
15.50	15.51	0.116070	43.084
15.50	15.51	0.116087	43.183
15.50	15.51	0.116104	43.284
15.50	15.50	0.116120	43.384
15.50	15.50	0.116137	43.483
15.50	15.50	0.116154	43.584
15.50	15.50	0.116170	43.684
15.50	15.50	0.116187	43.784
15.50	15.50	0.116204	43.884
15.50	15.49	0.116220	43.983
15.50	15.49	0.116237	44.084
15.50	15.49	0.116253	44.184
15.50	15.49	0.116270	44.284
15.50	15.49	0.116287	44.384
15.50	15.49	0.116303	44.484
15.50	15.49	0.116320	44.584
15.50	15.48	0.116337	44.683
15.50	15.48	0.116353	44.784
15.50	15.48	0.116370	44.883
15.50	15.48	0.116387	44.984
15.48	15.48	0.116403	45.084
15.48	15.48	0.116420	45.184
15.48	15.48	0.116437	45.284
15.48	15.48	0.116453	45.384
15.48	15.48	0.116470	45.484
15.48	15.48	0.116487	45.583
15.48	15.47	0.116503	45.708
15.48	15.47	0.116520	45.783
15.48	15.47	0.116537	45.907
15.48	15.47	0.116553	46.007
15.48	15.47	0.116570	46.111
15.45	15.47	0.116587	46.206
15.45	15.47	0.116603	46.305
15.45	15.47	0.116620	46.410
15.45	15.47	0.116637	46.504
15.45	15.47	0.116653	46.604
15.45	15.47	0.116670	46.708
15.45	15.47	0.116687	46.803
15.45	15.47	0.116703	46.904
15.45	15.47	0.116720	47.007
15.45	15.47	0.116737	47.102
15.45	15.47	0.116753	47.203
15.45	15.47	0.116770	47.307
15.45	15.47	0.116787	47.401
15.45	15.47	0.116803	47.503
15.45	15.47	0.116820	47.605
15.45	15.47	0.116837	47.700
15.48	15.47	0.116853	47.804
15.48	15.47	0.116870	47.904
15.48	15.47	0.116887	47.999
15.48	15.47	0.116903	48.103
15.48	15.47	0.116920	48.203
15.48	15.47	0.116937	48.297
15.48	15.47	0.116953	48.402
15.48	15.48	0.116970	48.502
15.48	15.48	0.116987	48.596
15.48	15.48	0.117003	48.701
15.48	15.48	0.117020	48.800
15.48	15.48	0.117037	48.895
15.48	15.48	0.117053	48.999
15.48	15.48	0.117070	49.099
15.48	15.48	0.117086	49.194
15.48	15.48	0.117103	49.298
15.48	15.49	0.117120	49.393
15.48	15.49	0.117136	49.492
15.48	15.49	0.117153	49.597
15.48	15.49	0.117170	49.691
15.48	15.49	0.117186	49.792
15.48	15.50	0.117203	49.896
15.48	15.50	0.117220	49.991
15.48	15.50	0.117236	50.091
15.48	15.50	0.117253	50.195
15.48	15.50	0.117270	50.290
15.48	15.51	0.117286	50.389
15.48	15.51	0.117303	50.494
15.48	15.51	0.117320	50.588
15.48	15.51	0.117336	50.688
15.48	15.51	0.117353	50.792
15.48	15.52	0.117370	50.887
15.48	15.52	0.117386	50.987
15.48	15.52	0.117403	51.091
15.48	15.52	0.117420	51.186
15.50	15.53	0.117436	51.285
15.50	15.53	0.117453	51.390
15.50	15.53	0.117470	51.484
15.50	15.54	0.117486	51.585
15.50	15.54	0.117503	51.689
15.53	15.54	0.117520	51.785
15.53	15.54	0.117536	51.885
15.53	15.55	0.117553	51.987
15.53	15.55	0.117570	52.085
15.56	15.55	0.117586	52.184
15.56	15.56	0.117603	52.287
15.56	15.56	0.117620	52.384
15.56	15.56	0.117636	52.485
15.56	15.57	0.117653	52.586
15.58	15.57	0.117670	52.685
15.58	15.57	0.117686	52.785
15.58	15.58	0.117703	52.885
15.58	15.58	0.117720	52.985
15.58	15.58	0.117736	53.084
15.58	15.59	0.117753	53.184
15.58	15.59	0.117770	53.285
15.58	15.59	0.117786	53.385
15.61	15.60	0.117803	53.485
15.61	15.60	0.117820	53.585
15.61	15.60	0.117836	53.685
15.61	15.61	0.117853	53.784
15.61	15.61	0.117870	53.885
15.61	15.61	0.117886	53.984
15.61	15.62	0.117903	54.085
15.61	15.62	0.117919	54.185
15.61	15.62	0.117936	54.285
15.61	15.63	0.117953	54.385
15.61	15.63	0.117969	54.485
15.63	15.63	0.117986	54.585
15.63	15.64	0.118003	54.684
15.63	15.64	0.118019	54.785
15.63	15.65	0.118036	54.885
15.63	15.65	0.118053	54.985
15.63	15.65	0.118069	55.085
15.63	15.66	0.118086	55.185
15.66	15.66	0.118103	55.285
15.66	15.66	0.118119	55.384
15.66	15.67	0.118136	55.485
15.66	15.67	0.118153	55.584
15.66	15.67	0.118169	55.685
15.66	15.68	0.118186	55.785
15.66	15.68	0.118203	55.885
15.68	15.68	0.118219	55.985
15.68	15.69	0.118236	56.085
15.68	15.69	0.118253	56.185
15.68	15.69	0.118269	56.285
15.68	15.70	0.118286	56.386
15.68	15.70	0.118303	56.485
15.71	15.70	0.118319	56.586
15.71	15.70	0.118336	56.686
15.71	15.71	0.118353	56.786
15.71	15.71	0.118369	56.886
15.71	15.71	0.118386	56.986
15.71	15.72	0.118403	57.086
15.74	15.72	0.118419	57.185
15.74	15.72	0.118436	57.286
15.74	15.72	0.118453	57.385
15.74	15.73	0.118469	57.486
15.74	15.73	0.118486	57.586
15.74	15.73	0.118503	57.710
15.74	15.74	0.118519	57.815
15.74	15.74	0.118536	57.909
15.74	15.74	0.118553	58.009
15.76	15.74	0.118569	58.113
15.76	15.75	0.118586	58.208
15.76	15.75	0.118603	58.307
15.76	15.75	0.118619	58.412
15.76	15.75	0.118636	58.507
15.76	15.75	0.118653	58.606
15.76	15.76	0.118669	58.711
15.76	15.76	0.118686	58.805
15.76	15.76	0.118703	58.905
15.76	15.76	0.118719	59.009
15.76	15.76	0.118736	59.104
15.76	15.77	0.118752	59.205
15.76	15.77	0.118769	59.309
15.76	15.77	0.118786	59.403
15.76	15.77	0.118802	59.503
15.76	15.77	0.118819	59.608
15.79	15.77	0.118836	59.702
15.79	15.77	0.118852	59.802
15.79	15.78	0.118869	59.906
15.79	15.78	0.118886	00.001
15.79	15.78	0.118902	00.102
15.79	15.78	0.118919	00.205
15.79	15.78	0.118936	00.300
15.79	15.78	0.118952	00.401
15.79	15.78	0.118969	00.504
15.79	15.78	0.118986	00.598
15.79	15.78	0.119002	00.701
15.79	15.78	0.119019	00.803
15.79	15.78	0.119036	00.897
15.79	15.78	0.119052	01.002
15.79	15.79	0.119069	01.101
15.79	15.79	0.119086	01.196
15.79	15.79	0.119102	01.300
15.79	15.79	0.119119	01.400
15.79	15.79	0.119136	01.494
15.79	15.79	0.119152	01.599
15.79	15.79	0.119169	01.699
15.79	15.79	0.119186	01.794
15.79	15.79	0.119202	01.899
15.79	15.79	0.119219	01.998
15.79	15.79	0.119236	02.092
15.79	15.79	0.119252	02.197
15.79	15.79	0.119269	02.296
15.81	15.79	0.119286	02.391
15.81	15.78	0.119302	02.496
15.81	15.78	0.119319	02.590
15.81	15.78	0.119336	02.690
15.81	15.78	0.119352	02.795
15.81	15.78	0.119369	02.890
15.81	15.78	0.119386	02.989
15.81	15.78	0.119402	03.094
15.79	15.78	0.119419	03.189
15.79	15.78	0.119436	03.288
15.79	15.78	0.119452	03.393
15.79	15.78	0.119469	03.487
15.79	15.78	0.119486	03.586
15.79	15.78	0.119502	03.691
15.79	15.77	0.119519	03.786
15.79	15.77	0.119536	03.886
15.79	15.77	0.119552	03.990
15.79	15.77	0.119569	04.086
15.79	15.77	0.119585	04.186
15.79	15.77	0.119602	04.288
15.76	15.77	0.119619	04.386
15.76	15.77	0.119635	04.485
15.76	15.76	0.119652	04.587
15.76	15.76	0.119669	04.686
15.76	15.76	0.119685	04.786
15.76	15.76	0.119702	04.886
15.76	15.76	0.119719	04.986
15.76	15.76	0.119735	05.086
15.76	15.75	0.119752	05.185
15.76	15.75	0.119769	05.286
15.76	15.75	0.119785	05.386
15.76	15.75	0.119802	05.486
15.76	15.75	0.119819	05.586
15.76	15.75	0.119835	05.686
15.76	15.74	0.119852	05.786
15.76	15.74	0.119869	05.885
15.76	15.74	0.119885	05.986
15.76	15.74	0.119902	06.085
15.74	15.74	0.119919	06.186
15.74	15.74	0.119935	06.286
15.74	15.73	0.119952	06.386
15.74	15.73	0.119969	06.486
15.74	15.73	0.119985	06.586
15.74	15.73	0.120002	06.686
15.74	15.73	0.120019	06.785
15.74	15.73	0.120035	06.886
15.74	15.72	0.120052	06.985
15.74	15.72	0.120069	07.086
15.74	15.72	0.120085	07.186
15.74	15.72	0.120102	07.286
15.71	15.72	0.120119	07.386
15.71	15.72	0.120135	07.486
15.71	15.71	0.120152	07.586
15.71	15.71	0.120169	07.685
15.71	15.71	0.120185	07.786
15.71	15.71	0.120202	07.886
15.71	15.71	0.120219	07.986
15.71	15.71	0.120235	08.086
15.71	15.70	0.120252	08.186
15.71	15.70	0.120269	08.286
15.71	15.70	0.120285	08.385
15.71	15.70	0.120302	08.486
15.71	15.70	0.120319	08.585
15.71	15.70	0.120335	08.686
15.68	15.70	0.120352	08.786
15.68	15.70	0.120369	08.886
15.68	15.69	0.120385	08.986
15.68	15.69	0.120402	09.086
15.68	15.69	0.120418	09.186
15.68	15.69	0.120435	09.285
15.68	15.69	0.120452	09.386
15.68	15.69	0.120468	09.486
15.68	15.69	0.120485	09.586
15.68	15.69	0.120502	09.686
15.68	15.69	0.120518	09.786
15.68	15.69	0.120535	09.886
15.68	15.69	0.120552	09.986
15.68	15.68	0.120568	10.086
15.68	15.68	0.120585	10.185
15.68	15.68	0.120602	10.309
15.68	15.68	0.120618	10.415
15.68	15.68	0.120635	10.510
15.68	15.68	0.120652	10.609
15.68	15.68	0.120668	10.714
15.68	15.68	0.120685	10.808
15.68	15.68	0.120702	10.908
15.68	15.68	0.120718	11.012
15.68	15.68	0.120735	11.107
15.68	15.68	0.120752	11.206
15.68	15.68	0.120768	11.311
15.68	15.68	0.120785	11.406
15.68	15.68	0.120802	11.505
15.68	15.68	0.120818	11.610
15.68	15.68	0.120835	11.704
15.68	15.68	0.120852	11.804
15.68	15.68	0.120868	11.908
15.68	15.68	0.120885	12.003
15.68	15.69	0.120902	12.102
15.68	15.69	0.120918	12.207
15.68	15.69	0.120935	12.302
15.68	15.69	0.120952	12.401
15.68	15.69	0.120968	12.506
15.68	15.69	0.120985	12.600
15.68	15.69	0.121002	12.700
15.68	15.69	0.121018	12.804
15.68	15.69	0.121035	12.899
15.68	15.69	0.121052	13.000
15.68	15.70	0.121068	13.104
15.68	15.70	0.121085	13.199
15.68	15.70	0.121102	13.299
15.68	15.70	0.121118	13.403
15.68	15.70	0.121135	13.497
15.68	15.70	0.121152	13.600
15.68	15.70	0.121168	13.701
15.68	15.71	0.121185	13.796
15.68	15.71	0.121202	13.900
15.68	15.71	0.121218	14.000
15.68	15.71	0.121235	14.095
15.71	15.71	0.121251	14.199
15.71	15.72	0.121268	14.299
15.71	15.72	0.121285	14.393
15.71	15.72	0.121301	14.498
15.71	15.72	0.121318	14.598
15.71	15.73	0.121335	14.692
15.71	15.73	0.121351	14.797
15.71	15.73	0.121368	14.896
15.71	15.73	0.121385	14.991
15.71	15.74	0.121401	15.095
15.74	15.74	0.121418	15.195
15.74	15.74	0.121435	15.289
15.74	15.74	0.121451	15.394
15.74	15.75	0.121468	15.489
15.74	15.75	0.121485	15.589
15.74	15.75	0.121501	15.693
15.74	15.75	0.121518	15.789
15.74	15.76	0.121535	15.889
15.76	15.76	0.121551	15.992
15.76	15.76	0.121568	16.089
15.76	15.77	0.121585	16.189
15.76	15.77	0.121601	16.291
15.76	15.77	0.121618	16.389
15.76	15.78	0.121635	16.489
15.76	15.78	0.121651	16.590
15.76	15.78	0.121668	16.688
15.76	15.79	0.121685	16.789
15.79	15.79	0.121701	16.888
15.79	15.79	0.121718	16.989
15.79	15.80	0.121735	17.089
15.79	15.80	0.121751	17.189
15.79	15.80	0.121768	17.289
15.79	15.81	0.121785	17.389
15.79	15.81	0.121801	17.489
15.81	15.81	0.121818	17.588
15.81	15.82	0.121835	17.689
15.81	15.82	0.121851	17.788
15.81	15.82	0.121868	17.889
15.81	15.83	0.121885	17.989
15.81	15.83	0.121901	18.089
15.81	15.83	0.121918	18.189
15.81	15.84	0.121935	18.289
15.84	15.84	0.121951	18.389
15.84	15.84	0.121968	18.488
15.84	15.85	0.121985	18.589
15.84	15.85	0.122001	18.689
15.84	15.85	0.122018	18.789
15.84	15.86	0.122035	18.889
15.84	15.86	0.122051	18.989
15.86	15.87	0.122068	19.089
15.86	15.87	0.122084	19.189
15.86	15.87	0.122101	19.290
15.86	15.88	0.122118	19.389
15.86	15.88	0.122134	19.490
15.89	15.88	0.122151	19.590
15.89	15.89	0.122168	19.694
15.89	15.89	0.122184	19.790
15.89	15.89	0.122201	19.890
15.89	15.90	0.122218	19.994
15.89	15.90	0.122234	20.089
15.92	15.90	0.122251	20.190
15.92	15.91	0.122268	20.294
15.92	15.91	0.122284	20.390
15.92	15.91	0.122301	20.490
15.92	15.91	0.122318	20.594
15.92	15.92	0.122334	20.690
15.92	15.92	0.122351	20.790
15.92	15.92	0.122368	20.894
15.92	15.93	0.122384	20.989
15.94	15.93	0.122401	21.090
15.94	15.93	0.122418	21.195
15.94	15.94	0.122434	21.291
15.94	15.94	0.122451	21.391
15.94	15.94	0.122468	21.494
15.94	15.94	0.122484	21.590
15.94	15.95	0.122501	21.689
15.94	15.95	0.122518	21.794
15.94	15.95	0.122534	21.918
15.94	15.95	0.122551	22.013
15.94	15.96	0.122568	22.117
15.97	15.96	0.122584	22.218
15.97	15.96	0.122601	22.313
15.97	15.96	0.122618	22.417
15.97	15.97	0.122634	22.517
15.97	15.97	0.122651	22.611
15.97	15.97	0.122668	22.716
15.97	15.97	0.122684	22.815
15.97	15.97	0.122701	22.910
15.97	15.98	0.122718	23.015
15.97	15.98	0.122734	23.114
15.99	15.98	0.122751	23.209
15.99	15.98	0.122768	23.313
15.99	15.98	0.122784	23.408
15.99	15.98	0.122801	23.507
15.99	15.98	0.122818	23.612
15.99	15.99	0.122834	23.707
15.99	15.99	0.122851	23.806
15.99	15.99	0.122868	23.911
15.99	15.99	0.122884	24.005
15.99	15.99	0.122901	24.105
15.99	15.99	0.122917	24.209
15.99	15.99	0.122934	24.304
15.99	15.99	0.122951	24.403
15.99	16.00	0.122967	24.508
16.02	16.00	0.122984	24.603
16.02	16.00	0.123001	24.703
16.02	16.00	0.123017	24.807
16.02	16.00	0.123034	24.902
16.02	16.00	0.123051	25.002
16.02	16.00	0.123067	25.106
16.02	16.00	0.123084	25.201
16.02	16.00	0.123101	25.300
16.02	16.00	0.123117	25.405
16.02	16.00	0.123134	25.500
16.02	16.00	0.123151	25.599
16.02	16.00	0.123167	25.704
16.02	16.00	0.123184	25.798
16.02	16.00	0.123201	25.898
16.02	16.00	0.123217	26.002
16.02	16.00	0.123234	26.097
16.02	16.00	0.123251	26.198
16.02	16.00	0.123267	26.301
16.02	16.00	0.123284	26.396
16.02	16.00	0.123301	26.497
16.02	16.00	0.123317	26.600
15.99	16.00	0.123334	26.694
15.99	16.00	0.123351	26.798
15.99	16.00	0.123367	26.898
15.99	16.00	0.123384	26.993
15.99	15.99	0.123401	27.098
15.99	15.99	0.123417	27.197
15.99	15.99	0.123434	27.292
15.99	15.99	0.123451	27.396
15.99	15.99	0.123467	27.496
15.99	15.99	0.123484	27.590
15.99	15.99	0.123501	27.696
15.99	15.99	0.123517	27.794
15.99	15.99	0.123534	27.891
15.99	15.99	0.123551	27.995
15.99	15.98	0.123567	28.094
15.99	15.98	0.123584	28.191
15.99	15.98	0.123601	28.293
15.99	15.98	0.123617	28.393
15.99	15.98	0.123634	28.490
15.99	15.98	0.123651	28.592
15.99	15.98	0.123667	28.693
15.99	15.97	0.123684	28.791
15.99	15.97	0.123701	28.891
15.99	15.97	0.123717	28.993
15.99	15.97	0.123734	29.091
15.99	15.97	0.123750	29.190
15.99	15.97	0.123767	29.293
15.99	15.96	0.123784	29.391
15.99	15.96	0.123800	29.491
15.99	15.96	0.123817	29.593
15.97	15.96	0.123834	29.691
15.97	15.96	0.123850	29.791
15.97	15.96	0.123867	29.892
15.97	15.95	0.123884	29.991
15.97	15.95	0.123900	30.090
15.97	15.95	0.123917	30.193
15.97	15.95	0.123934	30.291
15.97	15.95	0.123950	30.391
15.94	15.95	0.123967	30.493
15.94	15.94	0.123984	30.591
15.94	15.94	0.124000	30.691
15.94	15.94	0.124017	30.792
15.94	15.94	0.124034	30.891
15.94	15.94	0.124050	30.991
15.94	15.94	0.124067	31.093
15.94	15.93	0.124084	31.191
15.94	15.93	0.124100	31.291
15.94	15.93	0.124117	31.393
15.92	15.93	0.124134	31.491
15.92	15.93	0.124150	31.591
15.92	15.93	0.124167	31.692
15.92	15.92	0.124184	31.791
15.92	15.92	0.124200	31.891
15.92	15.92	0.124217	31.992
15.92	15.92	0.124234	32.091
15.92	15.92	0.124250	32.191
15.92	15.92	0.124267	32.293
15.92	15.92	0.124284	32.390
15.92	15.91	0.124300	32.491
15.92	15.91	0.124317	32.592
15.92	15.91	0.124334	32.691
15.92	15.91	0.124350	32.791
15.92	15.91	0.124367	32.892
15.89	15.91	0.124384	32.991
15.89	15.91	0.124400	33.091
15.89	15.91	0.124417	33.193
15.89	15.90	0.124434	33.290
15.89	15.90	0.124450	33.391
15.89	15.90	0.124467	33.492
15.89	15.90	0.124484	33.591
15.89	15.90	0.124500	33.691
15.89	15.90	0.124517	33.792
15.89	15.90	0.124534	33.891
15.89	15.90	0.124550	33.991
15.89	15.90	0.124567	34.092
15.89	15.90	0.124583	34.190
15.89	15.90	0.124600	34.314
15.89	15.90	0.124617	34.393
15.89	15.90	0.124633	34.518
15.89	15.90	0.124650	34.614
15.89	15.90	0.124667	34.692
15.89	15.90	0.124683	34.818
15.89	15.90	0.124700	34.912
15.89	15.90	0.124717	35.017
15.89	15.90	0.124733	35.116
15.89	15.90	0.124750	35.211
15.89	15.90	0.124767	35.316
15.92	15.90	0.124783	35.415
15.92	15.90	0.124800	35.510
15.92	15.90	0.124817	35.614
15.92	15.90	0.124833	35.714
15.92	15.90	0.124850	35.808
15.92	15.90	0.124867	35.913
15.92	15.90	0.124883	36.012
15.92	15.90	0.124900	36.107
15.92	15.90	0.124917	36.212
15.89	15.90	0.124933	36.306
15.89	15.90	0.124950	36.406
15.89	15.90	0.124967	36.510
15.89	15.90	0.124983	36.605
15.89	15.90	0.125000	36.704
15.89	15.90	0.125017	36.809
15.89	15.91	0.125033	36.904
15.89	15.91	0.125050	37.003
15.89	15.91	0.125067	37.108
15.89	15.91	0.125083	37.202
15.89	15.91	0.125100	37.302
15.89	15.91	0.125117	37.407
15.89	15.91	0.125133	37.501
15.89	15.92	0.125150	37.601
15.89	15.92	0.125167	37.706
15.89	15.92	0.125183	37.801
15.89	15.92	0.125200	37.900
15.89	15.92	0.125217	38.005
15.89	15.93	0.125233	38.099
15.89	15.93	0.125250	38.199
15.89	15.93	0.125267	38.303
15.92	15.93	0.125283	38.398
15.92	15.93	0.125300	38.498
15.92	15.94	0.125317	38.602
15.92	15.94	0.125333	38.697
15.92	15.94	0.125350	38.796
15.92	15.94	0.125367	38.901
15.94	15.95	0.125383	38.995
15.94	15.95	0.125400	39.096
15.94	15.95	0.125416	39.199
15.94	15.95	0.125433	39.294
15.94	15.96	0.125450	39.396
15.94	15.96	0.125466	39.498
15.94	15.96	0.125483	39.593
15.97	15.97	0.125500	39.696
15.97	15.97	0.125516	39.797
15.97	15.97	0.125533	39.892
15.97	15.97	0.125550	39.996
15.97	15.98	0.125566	40.096
15.97	15.98	0.125583	40.191
15.97	15.98	0.125600	40.296
15.99	15.99	0.125616	40.395
15.99	15.99	0.125633	40.491
15.99	15.99	0.125650	40.594
15.99	16.00	0.125666	40.694
15.99	16.00	0.125683	40.790
15.99	16.00	0.125700	40.893
15.99	16.01	0.125716	40.993
15.99	16.01	0.125733	41.091
15.99	16.01	0.125750	41.192
16.02	16.02	0.125766	41.291
16.02	16.02	0.125783	41.391
16.02	16.02	0.125800	41.490
16.02	16.03	0.125816	41.591
16.02	16.03	0.125833	41.690
16.02	16.03	0.125850	41.791
16.02	16.04	0.125866	41.892
16.04	16.04	0.125883	41.991
16.04	16.04	0.125900	42.091
16.04	16.05	0.125916	42.191
16.04	16.05	0.125933	42.291
16.04	16.05	0.125950	42.390
16.04	16.06	0.125966	42.491
16.04	16.06	0.125983	42.590
16.04	16.06	0.126000	42.691
16.04	16.07	0.126016	42.791
16.07	16.07	0.126033	42.891
16.07	16.08	0.126050	42.991
16.07	16.08	0.126066	43.091
16.07	16.08	0.126083	43.191
16.07	16.09	0.126100	43.290
16.07	16.09	0.126116	43.391
16.09	16.09	0.126133	43.491
16.09	16.10	0.126150	43.591
16.09	16.10	0.126166	43.691
16.09	16.10	0.126183	43.791
16.09	16.11	0.126200	43.891
16.09	16.11	0.126216	43.991
16.09	16.11	0.126233	44.091
16.09	16.12	0.126249	44.190
16.12	16.12	0.126266	44.293
16.12	16.12	0.126283	44.394
16.12	16.13	0.126299	44.494
16.12	16.13	0.126316	44.594
16.12	16.13	0.126333	44.694
16.12	16.13	0.126349	44.794
16.15	16.14	0.126366	44.893
16.15	16.14	0.126383	44.994
16.15	16.14	0.126399	45.094
16.15	16.15	0.126416	45.194
16.15	16.15	0.126433	45.294
16.15	16.15	0.126449	45.394
16.17	16.15	0.126466	45.494
16.17	16.16	0.126483	45.594
16.17	16.16	0.126499	45.694
16.17	16.16	0.126516	45.793
16.17	16.16	0.126533	45.893
16.17	16.17	0.126549	45.993
16.17	16.17	0.126566	46.117
16.17	16.17	0.126583	46.222
16.17	16.17	0.126599	46.316
16.17	16.18	0.126616	46.416
16.17	16.18	0.126633	46.520
16.20	16.18	0.126649	46.616
16.20	16.18	0.126666	46.715
16.20	16.18	0.126683	46.820
16.20	16.19	0.126699	46.914
16.20	16.19	0.126716	47.015
16.20	16.19	0.126733	47.119
16.20	16.19	0.126749	47.213
16.20	16.19	0.126766	47.315
16.20	16.20	0.126783	47.417
16.20	16.20	0.126799	47.512
16.20	16.20	0.126816	47.615
16.20	16.20	0.126833	47.716
16.20	16.20	0.126849	47.811
16.20	16.20	0.126866	47.915
16.20	16.20	0.126883	48.015
16.20	16.20	0.126899	48.109
16.20	16.21	0.126916	48.214
16.20	16.21	0.126933	48.313
16.20	16.21	0.126949	48.408
16.20	16.21	0.126966	48.512
16.22	16.21	0.126983	48.612
16.22	16.21	0.126999	48.707
16.22	16.21	0.127016	48.811
16.22	16.21	0.127033	48.911
16.22	16.21	0.127049	49.006
16.22	16.21	0.127066	49.110
16.22	16.21	0.127082	49.205
16.22	16.21	0.127099	49.305
16.22	16.21	0.127116	49.410
16.22	16.21	0.127132	49.504
16.22	16.21	0.127149	49.604
16.22	16.21	0.127166	49.708
16.22	16.21	0.127182	49.803
16.22	16.21	0.127199	49.902
16.22	16.21	0.127216	50.007
16.22	16.21	0.127232	50.101
16.22	16.21	0.127249	50.201
16.22	16.21	0.127266	50.306
16.22	16.21	0.127282	50.400
16.22	16.21	0.127299	50.500
16.22	16.21	0.127316	50.604
16.22	16.21	0.127332	50.699
16.22	16.21	0.127349	50.798
16.22	16.21	0.127366	50.903
16.22	16.21	0.127382	50.998
16.22	16.21	0.127399	51.097
16.22	16.21	0.127416	51.202
16.22	16.21	0.127432	51.296
16.22	16.20	0.127449	51.396
16.22	16.20	0.127466	51.500
16.22	16.20	0.127482	51.595
16.22	16.20	0.127499	51.694
16.22	16.20	0.127516	51.800
16.22	16.20	0.127532	51.895
16.22	16.20	0.127549	51.995
16.22	16.20	0.127566	52.099
16.22	16.20	0.127582	52.195
16.22	16.19	0.127599	52.295
16.22	16.19	0.127616	52.397
16.20	16.19	0.127632	52.495
16.20	16.19	0.127649	52.594
16.20	16.19	0.127666	52.696
16.20	16.19	0.127682	52.795
16.20	16.19	0.127699	52.895
16.20	16.18	0.127716	52.995
16.20	16.18	0.127732	53.095
16.20	16.18	0.127749	53.195
16.20	16.18	0.127766	53.294
16.20	16.18	0.127782	53.395
16.17	16.18	0.127799	53.495
16.17	16.17	0.127816	53.595
16.17	16.17	0.127832	53.695
16.17	16.17	0.127849	53.795
16.17	16.17	0.127866	53.895
16.17	16.17	0.127882	53.994
16.17	16.17	0.127899	54.095
16.17	16.16	0.127915	54.194
16.17	16.16	0.127932	54.295
16.17	16.16	0.127949	54.395
16.17	16.16	0.127965	54.495
16.17	16.16	0.127982	54.595
16.17	16.16	0.127999	54.695
16.17	16.15	0.128015	54.795
16.15	16.15	0.128032	54.894
16.15	16.15	0.128049	54.995
16.15	16.15	0.128065	55.095
16.15	16.15	0.128082	55.195
16.15	16.15	0.128099	55.295
16.15	16.14	0.128115	55.395
16.15	16.14	0.128132	55.495
16.15	16.14	0.128149	55.595
16.15	16.14	0.128165	55.695
16.15	16.14	0.128182	55.794
16.15	16.14	0.128199	55.895
16.15	16.13	0.128215	55.995
16.15	16.13	0.128232	56.095
16.15	16.13	0.128249	56.195
16.12	16.13	0.128265	56.295
16.12	16.13	0.128282	56.395
16.12	16.13	0.128299	56.493
16.12	16.13	0.128315	56.595
16.12	16.12	0.128332	56.694
16.12	16.12	0.128349	56.795
16.12	16.12	0.128365	56.895
16.12	16.12	0.128382	56.995
16.12	16.12	0.128399	57.095
16.12	16.12	0.128415	57.195
16.12	16.12	0.128432	57.295
16.12	16.12	0.128449	57.394
16.12	16.12	0.128465	57.495
16.12	16.12	0.128482	57.594
16.12	16.11	0.128499	57.695
16.09	16.11	0.128515	57.795
16.09	16.11	0.128532	57.895
16.09	16.11	0.128549	57.995
16.09	16.11	0.128565	58.095
16.09	16.11	0.128582	58.195
16.09	16.11	0.128599	58.294
16.09	16.11	0.128615	58.418
16.09	16.11	0.128632	58.522
16.09	16.11	0.128649	58.618
16.09	16.11	0.128665	58.717
16.12	16.11	0.128682	58.822
16.12	16.11	0.128699	58.917
16.12	16.11	0.128715	59.016
16.12	16.11	0.128732	59.121
16.12	16.11	0.128748	59.215
16.12	16.11	0.128765	59.315
16.12	16.11	0.128782	59.419
16.12	16.11	0.128798	59.514
16.12	16.11	0.128815	59.613
16.12	16.11	0.128832	59.719
16.12	16.11	0.128848	59.812
16.12	16.11	0.128865	59.914
16.12	16.11	0.128882	00.017
16.12	16.11	0.128898	00.111
16.12	16.11	0.128915	00.214
16.12	16.11	0.128932	00.316
16.09	16.11	0.128948	00.411
16.09	16.12	0.128965	00.513
16.09	16.12	0.128982	00.615
16.09	16.12	0.128998	00.709
16.09	16.12	0.129015	00.813
16.09	16.12	0.129032	00.913
16.09	16.12	0.129048	01.008
16.09	16.12	0.129065	01.113
16.09	16.12	0.129082	01.212
16.09	16.12	0.129098	01.307
16.12	16.13	0.129115	01.411
16.12	16.13	0.129132	01.511
16.12	16.13	0.129148	01.605
16.12	16.13	0.129165	01.710
16.12	16.13	0.129182	01.809
16.12	16.14	0.129198	01.904
16.12	16.14	0.129215	02.009
16.12	16.14	0.129232	02.108
16.12	16.14	0.129248	02.203
16.12	16.14	0.129265	02.307
16.15	16.15	0.129282	02.402
16.15	16.15	0.129298	02.501
16.15	16.15	0.129315	02.607
16.15	16.15	0.129332	02.702
16.15	16.15	0.129348	02.801
16.15	16.16	0.129365	02.906
16.15	16.16	0.129382	03.000
16.15	16.16	0.129398	03.100
16.15	16.16	0.129415	03.204
16.15	16.17	0.129432	03.299
16.17	16.17	0.129448	03.398
16.17	16.17	0.129465	03.503
16.17	16.18	0.129482	03.598
16.17	16.18	0.129498	03.697
16.17	16.18	0.129515	03.801
16.17	16.18	0.129532	03.896
16.17	16.19	0.129548	03.995
16.17	16.19	0.129565	04.101
16.17	16.19	0.129581	04.195
16.17	16.20	0.129598	04.296
16.17	16.20	0.129615	04.400
16.17	16.20	0.129631	04.496
16.20	16.21	0.129648	04.596
16.20	16.21	0.129665	04.698
16.20	16.21	0.129681	04.796
16.20	16.22	0.129698	04.895
16.20	16.22	0.129715	04.997
16.20	16.22	0.129731	05.097
16.20	16.23	0.129748	05.197
16.22	16.23	0.129765	05.297
16.22	16.23	0.129781	05.397
16.22	16.24	0.129798	05.496
16.22	16.24	0.129815	05.596
16.22	16.24	0.129831	05.699
16.22	16.25	0.129848	05.798
16.22	16.25	0.129865	05.899
16.25	16.25	0.129881	05.999
16.25	16.26	0.129898	06.099
16.25	16.26	0.129915	06.199
16.25	16.26	0.129931	06.299
16.25	16.27	0.129948	06.399
16.27	16.27	0.129965	06.498
16.27	16.27	0.129981	06.599
16.27	16.28	0.129998	06.699
16.27	16.28	0.130015	06.799
16.27	16.29	0.130031	06.899
16.27	16.29	0.130048	06.999
16.30	16.29	0.130065	07.099
16.30	16.30	0.130081	07.198
16.30	16.30	0.130098	07.299
16.30	16.30	0.130115	07.398
16.30	16.31	0.130131	07.499
16.30	16.31	0.130148	07.599
16.33	16.31	0.130165	07.699
16.33	16.32	0.130181	07.799
16.33	16.32	0.130198	07.899
16.33	16.32	0.130215	07.999
16.33	16.33	0.130231	08.098
16.33	16.33	0.130248	08.199
16.33	16.33	0.130265	08.299
16.33	16.34	0.130281	08.399
16.35	16.34	0.130298	08.499
16.35	16.34	0.130315	08.599
16.35	16.34	0.130331	08.699
16.35	16.35	0.130348	08.798
16.35	16.35	0.130365	08.899
16.35	16.35	0.130381	08.998
16.35	16.36	0.130398	09.099
16.35	16.36	0.130414	09.199
16.35	16.36	0.130431	09.299
16.35	16.36	0.130448	09.399
16.35	16.37	0.130464	09.499
16.38	16.37	0.130481	09.599
16.38	16.37	0.130498	09.698
16.38	16.38	0.130514	09.823
16.38	16.38	0.130531	09.927
16.38	16.38	0.130548	10.022
16.38	16.38	0.130564	10.122
16.38	16.39	0.130581	10.226
16.38	16.39	0.130598	10.321
16.38	16.39	0.130614	10.421
16.40	16.39	0.130631	10.525
16.40	16.39	0.130648	10.620
16.40	16.40	0.130664	10.719
16.40	16.40	0.130681	10.824
16.40	16.40	0.130698	10.919
16.40	16.40	0.130714	11.018
16.40	16.40	0.130731	11.123
16.40	16.41	0.130748	11.217
16.40	16.41	0.130764	11.317
16.40	16.41	0.130781	11.421
16.43	16.41	0.130798	11.516
16.43	16.41	0.130814	11.615
16.43	16.41	0.130831	11.720
16.43	16.41	0.130848	11.815
16.43	16.42	0.130864	11.914
16.43	16.42	0.130881	12.019
16.43	16.42	0.130898	12.113
16.43	16.42	0.130914	12.213
16.43	16.42	0.130931	12.317
16.43	16.42	0.130948	12.412
16.43	16.42	0.130964	12.513
16.43	16.42	0.130981	12.617
16.43	16.42	0.130998	12.712
16.43	16.42	0.131014	12.811
16.43	16.42	0.131031	12.916
16.43	16.42	0.131048	13.010
16.43	16.43	0.131064	13.111
16.43	16.43	0.131081	13.214
16.43	16.43	0.131098	13.309
16.43	16.43	0.131114	13.412
16.43	16.43	0.131131	13.513
16.43	16.43	0.131148	13.608
16.43	16.43	0.131164	13.711
16.43	16.43	0.131181	13.812
16.43	16.43	0.131198	13.906
16.43	16.43	0.131214	14.011
16.45	16.43	0.131231	14.111
16.45	16.43	0.131247	14.205
16.45	16.43	0.131264	14.310
16.45	16.43	0.131281	14.409
16.45	16.42	0.131297	14.504
16.45	16.42	0.131314	14.608
16.45	16.42	0.131331	14.709
16.45	16.42	0.131347	14.802
16.45	16.42	0.131364	14.908
16.45	16.42	0.131381	15.008
16.45	16.42	0.131397	15.102
16.43	16.42	0.131414	15.207
16.43	16.42	0.131431	15.301
16.43	16.42	0.131447	15.401
16.43	16.42	0.131464	15.505
16.43	16.42	0.131481	15.600
16.43	16.42	0.131497	15.700
16.43	16.41	0.131514	15.804
16.43	16.41	0.131531	15.900
16.43	16.41	0.131547	16.000
16.43	16.41	0.131564	16.103
16.40	16.41	0.131581	16.200
16.40	16.41	0.131597	16.300
16.40	16.41	0.131614	16.401
16.40	16.41	0.131631	16.500
16.40	16.40	0.131647	16.600
16.40	16.40	0.131664	16.700
16.40	16.40	0.131681	16.800
16.40	16.40	0.131697	16.900
16.40	16.40	0.131714	17.000
16.40	16.40	0.131731	17.099
16.40	16.39	0.131747	17.200
16.40	16.39	0.131764	17.299
16.40	16.39	0.131781	17.400
16.40	16.39	0.131797	17.500
16.40	16.39	0.131814	17.600
16.40	16.39	0.131831	17.700
16.40	16.38	0.131847	17.800
16.40	16.38	0.131864	17.900
16.38	16.38	0.131881	17.999
16.38	16.38	0.131897	18.100
16.38	16.38	0.131914	18.199
16.38	16.38	0.131931	18.300
16.38	16.37	0.131947	18.400
16.38	16.37	0.131964	18.500
16.38	16.37	0.131981	18.600
16.38	16.37	0.131997	18.699
16.38	16.37	0.132014	18.800
16.38	16.37	0.132031	18.899
16.38	16.36	0.132047	19.000
16.38	16.36	0.132064	19.100
16.38	16.36	0.132080	19.200
16.38	16.36	0.132097	19.300
16.35	16.36	0.132114	19.400
16.35	16.36	0.132130	19.500
16.35	16.35	0.132147	19.599
16.35	16.35	0.132164	19.700
16.35	16.35	0.132180	19.800
16.35	16.35	0.132197	19.900
16.35	16.35	0.132214	20.000
16.35	16.35	0.132230	20.100
16.35	16.34	0.132247	20.200
16.35	16.34	0.132264	20.299
16.35	16.34	0.132280	20.400
16.35	16.34	0.132297	20.499
16.35	16.34	0.132314	20.600
16.35	16.34	0.132330	20.700
16.35	16.34	0.132347	20.800
16.33	16.34	0.132364	20.900
16.33	16.33	0.132380	21.000
16.33	16.33	0.132397	21.100
16.33	16.33	0.132414	21.199
16.33	16.33	0.132430	21.300
16.33	16.33	0.132447	21.400
16.33	16.33	0.132464	21.500
16.33	16.33	0.132480	21.600
16.33	16.33	0.132497	21.700
16.33	16.33	0.132514	21.800
16.33	16.33	0.132530	21.899
16.33	16.33	0.132547	22.000
16.33	16.32	0.132564	22.099
16.33	16.32	0.132580	22.229
16.33	16.32	0.132597	22.328
16.33	16.32	0.132614	22.423
16.33	16.32	0.132630	22.528
16.33	16.32	0.132647	22.627
16.33	16.32	0.132664	22.722
16.30	16.32	0.132680	22.826
16.30	16.32	0.132697	22.926
16.30	16.32	0.132714	23.020
16.30	16.32	0.132730	23.125
16.30	16.32	0.132747	23.220
16.30	16.32	0.132764	23.319
16.30	16.32	0.132780	23.424
16.30	16.32	0.132797	23.518
16.30	16.32	0.132814	23.618
16.30	16.32	0.132830	23.722
16.30	16.32	0.132847	23.817
16.30	16.32	0.132864	23.916
16.30	16.32	0.132880	24.021
16.30	16.33	0.132897	24.116
16.30	16.33	0.132913	24.215
16.30	16.33	0.132930	24.320
16.33	16.33	0.132947	24.414
16.33	16.33	0.132963	24.514
16.33	16.33	0.132980	24.618
16.33	16.33	0.132997	24.713
16.33	16.33	0.133013	24.814
16.33	16.33	0.133030	24.918
16.33	16.33	0.133047	25.013
16.33	16.34	0.133063	25.112
16.33	16.34	0.133080	25.217
16.33	16.34	0.133097	25.311
16.33	16.34	0.133113	25.411
16.33	16.34	0.133130	25.515
16.33	16.34	0.133147	25.610
16.33	16.34	0.133163	25.710
16.33	16.35	0.133180	25.814
16.35	16.35	0.133197	25.909
16.35	16.35	0.133213	26.009
16.35	16.35	0.133230	26.113
16.35	16.35	0.133247	26.207
16.35	16.36	0.133263	26.309
16.35	16.36	0.133280	26.412
16.35	16.36	0.133297	26.506
16.35	16.36	0.133313	26.610
16.35	16.37	0.133330	26.710
16.35	16.37	0.133347	26.805
16.35	16.37	0.133363	26.909
16.35	16.37	0.133380	27.009
16.35	16.38	0.133397	27.103
16.35	16.38	0.133413	27.208
16.35	16.38	0.133430	27.308
16.38	16.38	0.133447	27.403
16.38	16.39	0.133463	27.508
16.38	16.39	0.133480	27.607
16.38	16.39	0.133497	27.702
16.38	16.39	0.133513	27.806
16.38	16.40	0.133530	27.906
16.38	16.40	0.133547	28.001
16.38	16.40	0.133563	28.105
16.40	16.41	0.133580	28.205
16.40	16.41	0.133597	28.301
16.40	16.41	0.133613	28.404
16.40	16.42	0.133630	28.504
16.40	16.42	0.133647	28.601
16.40	16.42	0.133663	28.702
16.40	16.43	0.133680	28.805
16.40	16.43	0.133697	28.901
16.43	16.43	0.133713	29.001
16.43	16.44	0.133730	29.105
16.43	16.44	0.133746	29.201
16.43	16.44	0.133763	29.301
16.43	16.45	0.133780	29.404
16.43	16.45	0.133796	29.501
16.43	16.45	0.133813	29.601
16.45	16.46	0.133830	29.704
16.45	16.46	0.133846	29.801
16.45	16.46	0.133863	29.901
16.45	16.47	0.133880	30.005
16.45	16.47	0.133896	30.100
16.45	16.47	0.133913	30.201
16.45	16.48	0.133930	30.304
16.48	16.48	0.133946	30.401
16.48	16.48	0.133963	30.501
16.48	16.49	0.133980	30.604
16.48	16.49	0.133996	30.701
16.48	16.49	0.134013	30.801
16.48	16.50	0.134030	30.904
16.50	16.50	0.134046	31.000
16.50	16.51	0.134063	31.101
16.50	16.51	0.134080	31.204
16.50	16.51	0.134096	31.301
16.50	16.52	0.134113	31.401
16.50	16.52	0.134130	31.504
16.53	16.52	0.134146	31.601
16.53	16.53	0.134163	31.700
16.53	16.53	0.134180	31.804
16.53	16.53	0.134196	31.900
16.53	16.54	0.134213	32.001
16.53	16.54	0.134230	32.105
16.56	16.54	0.134246	32.201
16.56	16.55	0.134263	32.301
16.56	16.55	0.134280	32.404
16.56	16.55	0.134296	32.501
16.56	16.55	0.134313	32.600
16.56	16.56	0.134330	32.704
16.56	16.56	0.134346	32.801
16.56	16.56	0.134363	32.901
16.56	16.57	0.134380	33.004
16.56	16.57	0.134396	33.101
16.58	16.57	0.134413	33.201
16.58	16.58	0.134430	33.304
16.58	16.58	0.134446	33.401
16.58	16.58	0.134463	33.500
16.58	16.58	0.134480	33.604
16.58	16.59	0.134496	33.701
16.58	16.59	0.134513	33.801
16.58	16.59	0.134530	33.904
16.58	16.59	0.134546	34.001
16.58	16.60	0.134563	34.101
16.58	16.60	0.134579	34.204
16.58	16.60	0.134596	34.301
16.61	16.60	0.134613	34.400
16.61	16.61	0.134629	34.504
16.61	16.61	0.134646	34.629
16.61	16.61	0.134663	34.724
16.61	16.61	0.134679	34.804
16.61	16.61	0.134696	34.928
16.61	16.62	0.134713	35.023
16.61	16.62	0.134729	35.127
16.63	16.62	0.134746	35.227
16.63	16.62	0.134763	35.321
16.63	16.62	0.134779	35.426
16.63	16.62	0.134796	35.526
16.63	16.62	0.134813	35.620
16.63	16.63	0.134829	35.725
16.63	16.63	0.134846	35.824
16.63	16.63	0.134863	35.919
16.63	16.63	0.134879	36.023
16.63	16.63	0.134896	36.118
16.63	16.63	0.134913	36.217
16.63	16.63	0.134929	36.322
16.66	16.63	0.134946	36.417
16.66	16.64	0.134963	36.516
16.66	16.64	0.134979	36.622
16.66	16.64	0.134996	36.716
16.66	16.64	0.135013	36.816
16.66	16.64	0.135029	36.920
16.66	16.64	0.135046	37.015
16.66	16.64	0.135063	37.115
16.66	16.64	0.135079	37.219
16.66	16.64	0.135096	37.314
16.66	16.64	0.135113	37.413
16.66	16.64	0.135129	37.518
16.66	16.64	0.135146	37.612
16.66	16.64	0.135163	37.712
16.66	16.64	0.135179	37.816
16.66	16.64	0.135196	37.911
16.66	16.64	0.135213	38.011
16.66	16.64	0.135229	38.115
16.66	16.64	0.135246	38.210
16.66	16.64	0.135263	38.309
16.66	16.64	0.135279	38.414
16.66	16.64	0.135296	38.508
16.66	16.64	0.135313	38.608
16.63	16.64	0.135329	38.712
16.63	16.64	0.135346	38.807
16.63	16.64	0.135363	38.908
16.63	16.64	0.135379	39.011
16.63	16.63	0.135396	39.106
16.63	16.63	0.135412	39.207
16.63	16.63	0.135429	39.310
16.63	16.63	0.135446	39.404
16.63	16.63	0.135462	39.507
16.63	16.63	0.135479	39.610
16.63	16.63	0.135496	39.704
16.63	16.63	0.135512	39.808
16.63	16.63	0.135529	39.908
16.63	16.63	0.135546	40.003
16.63	16.62	0.135562	40.107
16.63	16.62	0.135579	40.207
16.63	16.62	0.135596	40.302
16.63	16.62	0.135612	40.406
16.63	16.62	0.135629	40.506
16.63	16.62	0.135646	40.601
16.63	16.62	0.135662	40.705
16.63	16.61	0.135679	40.804
16.63	16.61	0.135696	40.901
16.63	16.61	0.135712	41.003
16.63	16.61	0.135729	41.103
16.63	16.61	0.135746	41.201
16.63	16.61	0.135762	41.302
16.63	16.60	0.135779	41.403
16.63	16.60	0.135796	41.501
16.63	16.60	0.135812	41.601
16.63	16.60	0.135829	41.702
16.61	16.60	0.135846	41.801
16.61	16.60	0.135862	41.901
16.61	16.59	0.135879	42.003
16.61	16.59	0.135896	42.101
16.61	16.59	0.135912	42.201
16.61	16.59	0.135929	42.303
16.61	16.59	0.135946	42.400
16.61	16.59	0.135962	42.501
16.58	16.58	0.135979	42.602
16.58	16.58	0.135996	42.701
16.58	16.58	0.136012	42.801
16.58	16.58	0.136029	42.903
16.58	16.58	0.136046	43.001
16.58	16.58	0.136062	43.101
16.58	16.57	0.136079	43.203
16.58	16.57	0.136096	43.300
16.58	16.57	0.136112	43.401
16.56	16.57	0.136129	43.502
16.56	16.57	0.136146	43.601
16.56	16.57	0.136162	43.701
16.56	16.56	0.136179	43.802
16.56	16.56	0.136196	43.901
16.56	16.56	0.136212	44.001
16.56	16.56	0.136229	44.103
16.56	16.56	0.136245	44.201
16.56	16.56	0.136262	44.302
16.56	16.56	0.136279	44.403
16.56	16.55	0.136295	44.502
16.56	16.55	0.136312	44.602
16.56	16.55	0.136329	44.702
16.56	16.55	0.136345	44.802
16.56	16.55	0.136362	44.901
16.53	16.55	0.136379	45.002
16.53	16.55	0.136395	45.101
16.53	16.55	0.136412	45.202
16.53	16.54	0.136429	45.303
16.53	16.54	0.136445	45.402
16.53	16.54	0.136462	45.502
16.53	16.54	0.136479	45.602
16.53	16.54	0.136495	45.702
16.53	16.54	0.136512	45.801
16.53	16.54	0.136529	45.902
16.53	16.54	0.136545	46.002
16.53	16.54	0.136562	46.102
16.53	16.54	0.136579	46.203
16.53	16.54	0.136595	46.302
16.53	16.54	0.136612	46.402
16.53	16.54	0.136629	46.502
16.53	16.54	0.136645	46.602
16.53	16.54	0.136662	46.701
16.53	16.54	0.136679	46.802
16.53	16.54	0.136695	46.930
16.53	16.54	0.136712	47.025
16.53	16.54	0.136729	47.102
16.53	16.54	0.136745	47.229
16.53	16.54	0.136762	47.324
16.53	16.54	0.136779	47.402
16.53	16.54	0.136795	47.528
16.53	16.54	0.136812	47.622
16.53	16.54	0.136829	47.702
16.53	16.54	0.136845	47.826
16.53	16.54	0.136862	47.921
16.53	16.54	0.136879	48.026
16.53	16.54	0.136895	48.125
16.53	16.54	0.136912	48.220
16.53	16.54	0.136929	48.324
16.53	16.54	0.136945	48.424
16.53	16.54	0.136962	48.518
16.53	16.54	0.136979	48.623
16.53	16.54	0.136995	48.723
16.53	16.54	0.137012	48.817
16.56	16.55	0.137029	48.923
16.56	16.55	0.137045	49.022
16.56	16.55	0.137062	49.116
16.56	16.55	0.137078	49.221
16.56	16.55	0.137095	49.315
16.56	16.55	0.137112	49.415
16.56	16.55	0.137128	49.520
16.56	16.56	0.137145	49.614
16.56	16.56	0.137162	49.714
16.56	16.56	0.137178	49.818
16.56	16.56	0.137195	49.913
16.56	16.56	0.137212	50.012
16.56	16.57	0.137228	50.117
16.56	16.57	0.137245	50.211
16.56	16.57	0.137262	50.312
16.56	16.57	0.137278	50.417
16.56	16.57	0.137295	50.511
16.56	16.58	0.137312	50.611
16.56	16.58	0.137328	50.715
16.56	16.58	0.137345	50.810
16.56	16.58	0.137362	50.909
16.56	16.59	0.137378	51.014
16.56	16.59	0.137395	51.109
16.56	16.59	0.137412	51.208
16.56	16.59	0.137428	51.312
16.56	16.60	0.137445	51.407
16.56	16.60	0.137462	51.506
16.56	16.60	0.137478	51.612
16.58	16.61	0.137495	51.706
16.58	16.61	0.137512	51.806
16.58	16.61	0.137528	51.911
16.58	16.61	0.137545	52.005
16.58	16.62	0.137562	52.106
16.58	16.62	0.137578	52.209
16.61	16.62	0.137595	52.304
16.61	16.63	0.137612	52.406
16.61	16.63	0.137628	52.508
16.61	16.63	0.137645	52.603
16.61	16.64	0.137662	52.706
16.63	16.64	0.137678	52.807
16.63	16.64	0.137695	52.902
16.63	16.65	0.137712	53.006
16.63	16.65	0.137728	53.105
16.63	16.65	0.137745	53.202
16.66	16.66	0.137762	53.304
16.66	16.66	0.137778	53.404
16.66	16.66	0.137795	53.502
16.66	16.67	0.137812	53.603
16.66	16.67	0.137828	53.703
16.68	16.67	0.137845	53.802
16.68	16.68	0.137862	53.902
16.68	16.68	0.137878	54.001
16.68	16.68	0.137895	54.102
16.68	16.69	0.137911	54.202
16.68	16.69	0.137928	54.302
16.71	16.69	0.137945	54.402
16.71	16.70	0.137961	54.502
16.71	16.70	0.137978	54.602
16.71	16.70	0.137995	54.702
16.71	16.71	0.138011	54.802
16.71	16.71	0.138028	54.901
16.71	16.72	0.138045	55.002
16.71	16.72	0.138061	55.102
16.71	16.72	0.138078	55.202
16.71	16.73	0.138095	55.302
16.71	16.73	0.138111	55.402
16.74	16.73	0.138128	55.502
16.74	16.74	0.138145	55.601
16.74	16.74	0.138161	55.702
16.74	16.74	0.138178	55.801
16.74	16.75	0.138195	55.902
16.74	16.75	0.138211	56.002
16.74	16.75	0.138228	56.102
16.74	16.76	0.138245	56.202
16.76	16.76	0.138261	56.302
16.76	16.76	0.138278	56.402
16.76	16.77	0.138295	56.501
16.76	16.77	0.138311	56.602
16.76	16.77	0.138328	56.701
16.76	16.77	0.138345	56.802
16.76	16.78	0.138361	56.902
16.79	16.78	0.138378	57.002
16.79	16.78	0.138395	57.102
16.79	16.79	0.138411	57.202
16.79	16.79	0.138428	57.302
16.79	16.79	0.138445	57.401
16.79	16.79	0.138461	57.502
16.79	16.80	0.138478	57.602
16.79	16.80	0.138495	57.702
16.81	16.80	0.138511	57.802
16.81	16.80	0.138528	57.902
16.81	16.81	0.138545	58.003
16.81	16.81	0.138561	58.102
16.81	16.81	0.138578	58.203
16.81	16.81	0.138595	58.302
16.81	16.82	0.138611	58.403
16.81	16.82	0.138628	58.503
16.81	16.82	0.138645	58.603
16.81	16.82	0.138661	58.703
16.84	16.82	0.138678	58.803
16.84	16.83	0.138695	58.903
16.84	16.83	0.138711	59.002
16.84	16.83	0.138728	59.127
16.84	16.83	0.138744	59.231
16.84	16.83	0.138761	59.326
16.84	16.84	0.138778	59.426
16.84	16.84	0.138794	59.530
16.84	16.84	0.138811	59.625
16.84	16.84	0.138828	59.725
16.84	16.84	0.138844	59.829
16.86	16.84	0.138861	59.923
16.86	16.84	0.138878	00.025
16.86	16.84	0.138894	00.128
16.86	16.85	0.138911	00.222
16.86	16.85	0.138928	00.325
16.86	16.85	0.138944	00.426
16.86	16.85	0.138961	00.521
16.86	16.85	0.138978	00.625
16.86	16.85	0.138994	00.725
16.86	16.85	0.139011	00.819
16.86	16.85	0.139028	00.924
16.86	16.85	0.139044	01.024
16.86	16.85	0.139061	01.118
16.86	16.85	0.139078	01.224
16.86	16.85	0.139094	01.322
16.86	16.85	0.139111	01.418
16.86	16.85	0.139128	01.522
16.86	16.85	0.139144	01.622
16.86	16.85	0.139161	01.717
16.86	16.85	0.139178	01.821
16.86	16.85	0.139194	01.921
16.86	16.85	0.139211	02.015
16.86	16.85	0.139228	02.120
16.86	16.85	0.139244	02.214
16.86	16.85	0.139261	02.314
16.86	16.85	0.139278	02.418
16.86	16.85	0.139294	02.513
16.86	16.85	0.139311	02.613
16.86	16.85	0.139328	02.717
16.86	16.85	0.139344	02.812
16.86	16.85	0.139361	02.911
16.86	16.85	0.139378	03.016
16.86	16.85	0.139394	03.110
16.86	16.85	0.139411	03.210
16.86	16.85	0.139428	03.315
16.86	16.84	0.139444	03.409
16.86	16.84	0.139461	03.509
16.86	16.84	0.139478	03.613
16.86	16.84	0.139494	03.709
16.86	16.84	0.139511	03.808
16.86	16.84	0.139528	03.913
16.86	16.84	0.139544	04.007
16.86	16.84	0.139561	04.107
16.86	16.84	0.139577	04.212
16.86	16.83	0.139594	04.306
16.84	16.83	0.139611	04.406
16.84	16.83	0.139627	04.510
16.84	16.83	0.139644	04.605
16.84	16.83	0.139661	04.704
16.84	16.83	0.139677	04.809
16.84	16.83	0.139694	04.905
16.84	16.82	0.139711	05.005
16.84	16.82	0.139727	05.108
16.84	16.82	0.139744	05.205
16.84	16.82	0.139761	05.305
16.84	16.82	0.139777	05.406
16.81	16.82	0.139794	05.505
16.81	16.81	0.139811	05.604
16.81	16.81	0.139827	05.705
16.81	16.81	0.139844	05.805
16.81	16.81	0.139861	05.905
16.81	16.81	0.139877	06.005
16.81	16.81	0.139894	06.105
16.81	16.80	0.139911	06.205
16.81	16.80	0.139927	06.304
16.81	16.80	0.139944	06.405
16.81	16.80	0.139961	06.505
16.81	16.80	0.139977	06.605
16.79	16.80	0.139994	06.705
16.79	16.79	0.140011	06.805
16.79	16.79	0.140027	06.905
16.79	16.79	0.140044	07.004
16.79	16.79	0.140061	07.105
16.79	16.79	0.140077	07.204
16.79	16.79	0.140094	07.305
16.79	16.78	0.140111	07.405
16.79	16.78	0.140127	07.505
16.79	16.78	0.140144	07.605
16.79	16.78	0.140161	07.706
16.79	16.78	0.140177	07.806
16.79	16.78	0.140194	07.905
16.79	16.77	0.140211	08.006
16.76	16.77	0.140227	08.105
16.76	16.77	0.140244	08.206
16.76	16.77	0.140261	08.306
16.76	16.77	0.140277	08.406
16.76	16.77	0.140294	08.506
16.76	16.77	0.140311	08.606
16.76	16.76	0.140327	08.706
16.76	16.76	0.140344	08.805
16.76	16.76	0.140361	08.906
16.76	16.76	0.140377	09.006
16.76	16.76	0.140394	09.106
16.76	16.76	0.140410	09.206
16.76	16.76	0.140427	09.306
16.76	16.76	0.140444	09.406
16.76	16.76	0.140460	09.505
16.76	16.76	0.140477	09.606
16.74	16.75	0.140494	09.705
16.74	16.75	0.140510	09.806
16.74	16.75	0.140527	09.906
16.74	16.75	0.140544	10.006
16.74	16.75	0.140560	10.106
16.74	16.75	0.140577	10.206
16.74	16.75	0.140594	10.305
16.74	16.75	0.140610	10.406
16.74	16.75	0.140627	10.505
16.74	16.75	0.140644	10.606
16.74	16.75	0.140660	10.706
16.74	16.75	0.140677	10.830
16.74	16.75	0.140694	10.935
16.74	16.75	0.140710	11.029
16.74	16.75	0.140727	11.129
16.74	16.75	0.140744	11.233
16.74	16.75	0.140760	11.328
16.74	16.75	0.140777	11.427
16.74	16.75	0.140794	11.532
16.74	16.75	0.140810	11.627
16.76	16.75	0.140827	11.726
16.76	16.75	0.140844	11.831
16.76	16.75	0.140860	11.925
16.76	16.75	0.140877	12.025
16.76	16.75	0.140894	12.130
16.76	16.75	0.140910	12.225
16.76	16.75	0.140927	12.324
16.76	16.75	0.140944	12.429
16.76	16.76	0.140960	12.524
16.76	16.76	0.140977	12.623
16.76	16.76	0.140994	12.728
16.76	16.76	0.141010	12.822
16.74	16.76	0.141027	12.924
16.74	16.76	0.141044	13.026
16.74	16.76	0.141060	13.121
16.74	16.76	0.141077	13.224
16.74	16.76	0.141094	13.325
16.74	16.77	0.141110	13.420
16.74	16.77	0.141127	13.523
16.74	16.77	0.141144	13.624
16.74	16.77	0.141160	13.718
16.76	16.77	0.141177	13.823
16.76	16.78	0.141194	13.922
16.76	16.78	0.141210	14.017
16.76	16.78	0.141227	14.122
16.76	16.78	0.141243	14.221
16.76	16.78	0.141260	14.316
16.76	16.79	0.141277	14.420
16.76	16.79	0.141293	14.520
16.79	16.79	0.141310	14.614
16.79	16.79	0.141327	14.719
16.79	16.79	0.141343	14.819
16.79	16.80	0.141360	14.914
16.79	16.80	0.141377	15.019
16.79	16.80	0.141393	15.113
16.79	16.80	0.141410	15.213
16.79	16.81	0.141427	15.317
16.81	16.81	0.141443	15.412
16.81	16.81	0.141460	15.512
16.81	16.82	0.141477	15.616
16.81	16.82	0.141493	15.711
16.81	16.82	0.141510	15.810
16.81	16.82	0.141527	15.915
16.81	16.83	0.141543	16.009
16.81	16.83	0.141560	16.109
16.81	16.83	0.141577	16.213
16.84	16.84	0.141593	16.308
16.84	16.84	0.141610	16.408
16.84	16.84	0.141627	16.512
16.84	16.85	0.141643	16.607
16.84	16.85	0.141660	16.706
16.84	16.85	0.141677	16.811
16.84	16.86	0.141693	16.905
16.84	16.86	0.141710	17.006
16.84	16.86	0.141727	17.110
16.86	16.87	0.141743	17.206
16.86	16.87	0.141760	17.306
16.86	16.87	0.141777	17.408
16.86	16.88	0.141793	17.506
16.86	16.88	0.141810	17.605
16.86	16.88	0.141827	17.708
16.86	16.89	0.141843	17.805
16.89	16.89	0.141860	17.906
16.89	16.89	0.141877	18.007
16.89	16.90	0.141893	18.107
16.89	16.90	0.141910	18.207
16.89	16.90	0.141927	18.307
16.89	16.91	0.141943	18.407
16.92	16.91	0.141960	18.506
16.92	16.91	0.141977	18.607
16.92	16.92	0.141993	18.707
16.92	16.92	0.142010	18.807
16.92	16.93	0.142027	18.907
16.92	16.93	0.142043	19.007
16.92	16.93	0.142060	19.107
16.92	16.94	0.142076	19.206
16.92	16.94	0.142093	19.307
16.94	16.94	0.142110	19.406
16.94	16.95	0.142126	19.507
16.94	16.95	0.142143	19.607
16.94	16.95	0.142160	19.707
16.94	16.96	0.142176	19.807
16.94	16.96	0.142193	19.906
16.94	16.96	0.142210	20.007
16.94	16.97	0.142226	20.106
16.97	16.97	0.142243	20.207
16.97	16.97	0.142260	20.307
16.97	16.98	0.142276	20.407
16.97	16.98	0.142293	20.507
16.97	16.98	0.142310	20.607
16.97	16.98	0.142326	20.707
16.99	16.99	0.142343	20.807
16.99	16.99	0.142360	20.908
16.99	16.99	0.142376	21.007
16.99	17.00	0.142393	21.108
16.99	17.00	0.142410	21.208
16.99	17.00	0.142426	21.308
17.02	17.00	0.142443	21.408
17.02	17.01	0.142460	21.508
17.02	17.01	0.142476	21.608
17.02	17.01	0.142493	21.707
17.02	17.02	0.142510	21.808
17.02	17.02	0.142526	21.907
17.02	17.02	0.142543	22.008
17.02	17.02	0.142560	22.108
17.02	17.03	0.142576	22.208
17.04	17.03	0.142593	22.308
17.04	17.03	0.142610	22.408
17.04	17.03	0.142626	22.508
17.04	17.03	0.142643	22.607
17.04	17.04	0.142660	22.708
17.04	17.04	0.142676	22.808
17.04	17.04	0.142693	22.937
17.04	17.04	0.142710	23.032
17.07	17.04	0.142726	23.131
17.07	17.05	0.142743	23.236
17.07	17.05	0.142760	23.330
17.07	17.05	0.142776	23.430
17.07	17.05	0.142793	23.534
17.07	17.05	0.142810	23.629
17.07	17.05	0.142826	23.728
17.07	17.05	0.142843	23.833
17.07	17.06	0.142860	23.928
17.07	17.06	0.142876	24.027
17.07	17.06	0.142893	24.132
17.07	17.06	0.142909	24.226
17.07	17.06	0.142926	24.326
17.07	17.06	0.142943	24.430
17.07	17.06	0.142959	24.525
17.07	17.06	0.142976	24.626
17.07	17.06	0.142993	24.730
17.07	17.06	0.143009	24.825
17.07	17.06	0.143026	24.924
17.07	17.06	0.143043	25.029
17.07	17.07	0.143059	25.123
17.07	17.07	0.143076	25.223
17.07	17.07	0.143093	25.327
17.07	17.07	0.143109	25.422
17.07	17.07	0.143126	25.522
17.07	17.07	0.143143	25.626
17.07	17.07	0.143159	25.721
17.07	17.07	0.143176	25.821
17.07	17.07	0.143193	25.925
17.07	17.07	0.143209	26.019
17.07	17.07	0.143226	26.122
17.07	17.07	0.143243	26.224
17.07	17.07	0.143259	26.318
17.07	17.07	0.143276	26.422
17.07	17.06	0.143293	26.522
17.07	17.06	0.143309	26.617
17.09	17.06	0.143326	26.722
17.09	17.06	0.143343	26.821
17.09	17.06	0.143359	26.916
17.09	17.06	0.143376	27.021
17.09	17.06	0.143393	27.121
17.09	17.06	0.143409	27.215
17.09	17.06	0.143426	27.320
17.09	17.06	0.143443	27.419
17.07	17.06	0.143459	27.514
17.07	17.06	0.143476	27.618
17.07	17.06	0.143493	27.718
17.07	17.05	0.143509	27.813
17.07	17.05	0.143526	27.917
17.07	17.05	0.143543	28.012
17.07	17.05	0.143559	28.111
17.07	17.05	0.143576	28.216
17.07	17.05	0.143593	28.310
17.07	17.05	0.143609	28.410
17.07	17.05	0.143626	28.514
17.04	17.04	0.143643	28.609
17.04	17.04	0.143659	28.709
17.04	17.04	0.143676	28.813
17.04	17.04	0.143693	28.909
17.04	17.04	0.143709	29.009
17.04	17.04	0.143726	29.112
17.04	17.03	0.143742	29.208
17.04	17.03	0.143759	29.309
17.04	17.03	0.143776	29.411
17.04	17.03	0.143792	29.508
17.04	17.03	0.143809	29.609
17.02	17.03	0.143826	29.710
17.02	17.02	0.143842	29.809
17.02	17.02	0.143859	29.908
17.02	17.02	0.143876	30.009
17.02	17.02	0.143892	30.108
17.02	17.02	0.143909	30.209
17.02	17.02	0.143926	30.309
17.02	17.01	0.143942	30.409
17.02	17.01	0.143959	30.509
17.02	17.01	0.143976	30.609
17.02	17.01	0.143992	30.709
17.02	17.01	0.144009	30.808
17.02	17.01	0.144026	30.909
17.02	17.00	0.144042	31.008
16.99	17.00	0.144059	31.109
16.99	17.00	0.144076	31.209
16.99	17.00	0.144092	31.309
16.99	17.00	0.144109	31.409
16.99	17.00	0.144126	31.509
16.99	16.99	0.144142	31.609
16.99	16.99	0.144159	31.708
16.99	16.99	0.144176	31.809
16.99	16.99	0.144192	31.908
16.99	16.99	0.144209	32.009
16.99	16.99	0.144226	32.109
16.99	16.98	0.144242	32.209
16.99	16.98	0.144259	32.309
16.99	16.98	0.144276	32.409
16.99	16.98	0.144292	32.509
16.99	16.98	0.144309	32.608
16.99	16.98	0.144326	32.709
16.99	16.98	0.144342	32.809
16.99	16.98	0.144359	32.909
16.99	16.97	0.144376	33.009
16.99	16.97	0.144392	33.109
16.99	16.97	0.144409	33.209
16.97	16.97	0.144426	33.308
16.97	16.97	0.144442	33.409
16.97	16.97	0.144459	33.508
16.97	16.97	0.144476	33.609
16.97	16.97	0.144492	33.709
16.97	16.97	0.144509	33.809
16.97	16.97	0.144526	33.909
16.97	16.97	0.144542	34.009
16.97	16.96	0.144559	34.109
16.97	16.96	0.144575	34.208
16.97	16.96	0.144592	34.309
16.97	16.96	0.144609	34.409
16.94	16.96	0.144625	34.509
16.94	16.96	0.144642	34.609
16.94	16.96	0.144659	34.709
16.94	16.96	0.144675	34.809
16.94	16.96	0.144692	34.908
16.94	16.96	0.144709	35.009
16.94	16.96	0.144725	35.109
16.94	16.96	0.144742	35.238
16.94	16.96	0.144759	35.338
16.94	16.96	0.144775	35.432
16.94	16.96	0.144792	35.537
16.94	16.96	0.144809	35.636
16.94	16.96	0.144825	35.731
16.94	16.96	0.144842	35.835
16.94	16.96	0.144859	35.930
16.97	16.96	0.144875	36.029
16.97	16.97	0.144892	36.134
16.97	16.97	0.144909	36.229
16.97	16.97	0.144925	36.328
16.97	16.97	0.144942	36.433
16.97	16.97	0.144959	36.527
16.97	16.97	0.144975	36.627
16.97	16.97	0.144992	36.732
16.97	16.97	0.145009	36.827
16.97	16.97	0.145025	36.926
16.97	16.97	0.145042	37.031
16.97	16.98	0.145059	37.126
16.97	16.98	0.145075	37.225
16.97	16.98	0.145092	37.330
16.97	16.98	0.145109	37.424
16.97	16.98	0.145125	37.524
16.97	16.98	0.145142	37.628
16.97	16.98	0.145159	37.723
16.97	16.99	0.145175	37.823
16.97	16.99	0.145192	37.927
16.97	16.99	0.145209	38.022
16.99	16.99	0.145225	38.121
16.99	16.99	0.145242	38.226
16.99	17.00	0.145259	38.320
16.99	17.00	0.145275	38.420
16.99	17.00	0.145292	38.524
16.99	17.00	0.145309	38.619
16.99	17.01	0.145325	38.720
16.99	17.01	0.145342	38.823
16.99	17.01	0.145359	38.918
16.99	17.01	0.145375	39.020
16.99	17.02	0.145392	39.122
16.99	17.02	0.145408	39.217
16.99	17.02	0.145425	39.319
16.99	17.02	0.145442	39.421
16.99	17.03	0.145458	39.516
17.02	17.03	0.145475	39.620
17.02	17.03	0.145492	39.720
17.02	17.03	0.145508	39.814
17.02	17.04	0.145525	39.919
17.02	17.04	0.145542	40.018
17.02	17.04	0.145558	40.113
17.02	17.05	0.145575	40.218
17.04	17.05	0.145592	40.317
17.04	17.05	0.145608	40.412
17.04	17.06	0.145625	40.516
17.04	17.06	0.145642	40.616
17.04	17.06	0.145658	40.710
17.04	17.07	0.145675	40.816
17.07	17.07	0.145692	40.910
17.07	17.07	0.145708	41.011
17.07	17.08	0.145725	41.115
17.07	17.08	0.145742	41.215
17.07	17.08	0.145758	41.311
17.07	17.09	0.145775	41.413
17.09	17.09	0.145792	41.515
17.09	17.09	0.145808	41.610
17.09	17.10	0.145825	41.712
17.09	17.10	0.145842	41.816
17.09	17.10	0.145858	41.911
17.09	17.11	0.145875	42.011
17.09	17.11	0.145892	42.115
17.12	17.11	0.145908	42.211
17.12	17.12	0.145925	42.310
17.12	17.12	0.145942	42.415
17.12	17.12	0.145958	42.510
17.12	17.13	0.145975	42.611
17.12	17.13	0.145992	42.716
17.12	17.13	0.146008	42.811
17.15	17.14	0.146025	42.911
17.15	17.14	0.146042	43.015
17.15	17.15	0.146058	43.111
17.15	17.15	0.146075	43.210
17.15	17.15	0.146092	43.315
17.15	17.16	0.146108	43.410
17.15	17.16	0.146125	43.511
17.15	17.16	0.146142	43.615
17.17	17.17	0.146158	43.711
17.17	17.17	0.146175	43.811
17.17	17.17	0.146192	43.915
17.17	17.18	0.146208	44.011
17.17	17.18	0.146225	44.110
17.17	17.18	0.146241	44.215
17.17	17.19	0.146258	44.311
17.17	17.19	0.146275	44.411
17.17	17.19	0.146291	44.515
17.20	17.19	0.146308	44.611
17.20	17.20	0.146325	44.711
17.20	17.20	0.146341	44.814
17.20	17.20	0.146358	44.911
17.20	17.21	0.146375	45.010
17.20	17.21	0.146391	45.115
17.20	17.21	0.146408	45.211
17.20	17.22	0.146425	45.311
17.22	17.22	0.146441	45.415
17.22	17.22	0.146458	45.511
17.22	17.22	0.146475	45.611
17.22	17.23	0.146491	45.714
17.22	17.23	0.146508	45.811
17.22	17.23	0.146525	45.911
17.22	17.23	0.146541	46.015
17.25	17.24	0.146558	46.111
17.25	17.24	0.146575	46.211
17.25	17.24	0.146591	46.315
17.25	17.24	0.146608	46.411
17.25	17.25	0.146625	46.511
17.25	17.25	0.146641	46.614
17.25	17.25	0.146658	46.711
17.25	17.25	0.146675	46.811
17.25	17.25	0.146691	46.914
17.25	17.26	0.146708	47.011
17.25	17.26	0.146725	47.111
17.27	17.26	0.146741	47.215
17.27	17.26	0.146758	47.310
17.27	17.26	0.146775	47.435
17.27	17.26	0.146791	47.539
17.27	17.26	0.146808	47.639
17.27	17.27	0.146825	47.733
17.27	17.27	0.146841	47.838
17.27	17.27	0.146858	47.938
17.27	17.27	0.146875	48.032
17.27	17.27	0.146891	48.137
17.27	17.27	0.146908	48.236
17.27	17.27	0.146925	48.331
17.27	17.27	0.146941	48.435
17.30	17.28	0.146958	48.535
17.30	17.28	0.146975	48.630
17.30	17.28	0.146991	48.734
17.30	17.28	0.147008	48.829
17.30	17.28	0.147025	48.928
17.30	17.28	0.147041	49.033
17.30	17.28	0.147058	49.127
17.30	17.28	0.147074	49.227
17.30	17.28	0.147091	49.331
17.30	17.28	0.147108	49.426
17.30	17.28	0.147124	49.526
17.30	17.28	0.147141	49.630
17.30	17.28	0.147158	49.725
17.30	17.28	0.147174	49.824
17.30	17.28	0.147191	49.929
17.30	17.28	0.147208	50.023
17.30	17.28	0.147224	50.124
17.30	17.28	0.147241	50.229
17.30	17.28	0.147258	50.323
17.27	17.28	0.147274	50.423
17.27	17.28	0.147291	50.527
17.27	17.28	0.147308	50.622
17.27	17.28	0.147324	50.721
17.27	17.28	0.147341	50.826
17.27	17.28	0.147358	50.920
17.27	17.28	0.147374	51.020
17.27	17.27	0.147391	51.125
17.27	17.27	0.147408	51.219
17.27	17.27	0.147424	51.319
17.27	17.27	0.147441	51.423
17.27	17.27	0.147458	51.518
17.27	17.27	0.147474	51.618
17.27	17.27	0.147491	51.722
17.27	17.27	0.147508	51.817
17.27	17.27	0.147524	51.918
17.27	17.27	0.147541	52.021
17.27	17.26	0.147558	52.115
17.27	17.26	0.147574	52.219
17.27	17.26	0.147591	52.319
17.27	17.26	0.147608	52.415
17.27	17.26	0.147624	52.518
17.27	17.26	0.147641	52.619
17.27	17.26	0.147658	52.714
17.27	17.25	0.147674	52.818
17.27	17.25	0.147691	52.918
17.27	17.25	0.147708	53.012
17.27	17.25	0.147724	53.117
17.27	17.25	0.147741	53.216
17.27	17.25	0.147758	53.311
17.27	17.24	0.147774	53.415
17.27	17.24	0.147791	53.515
17.27	17.24	0.147808	53.611
17.27	17.24	0.147824	53.714
17.27	17.24	0.147841	53.814
17.27	17.24	0.147858	53.911
17.27	17.23	0.147874	54.013
17.27	17.23	0.147891	54.113
17.25	17.23	0.147907	54.211
17.25	17.23	0.147924	54.312
17.25	17.23	0.147941	54.413
17.25	17.23	0.147957	54.511
17.25	17.22	0.147974	54.611
17.25	17.22	0.147991	54.714
17.25	17.22	0.148007	54.810
17.22	17.22	0.148024	54.911
17.22	17.22	0.148041	55.013
17.22	17.22	0.148057	55.111
17.22	17.21	0.148074	55.211
17.22	17.21	0.148091	55.313
17.22	17.21	0.148107	55.411
17.20	17.21	0.148124	55.511
17.20	17.21	0.148141	55.614
17.20	17.21	0.148157	55.710
17.20	17.20	0.148174	55.811
17.20	17.20	0.148191	55.914
17.20	17.20	0.148207	56.011
17.20	17.20	0.148224	56.111
17.20	17.20	0.148241	56.213
17.20	17.20	0.148257	56.311
17.20	17.20	0.148274	56.410
17.20	17.19	0.148291	56.513
17.17	17.19	0.148307	56.610
17.17	17.19	0.148324	56.711
17.17	17.19	0.148341	56.814
17.17	17.19	0.148357	56.911
17.17	17.19	0.148374	57.011
17.17	17.19	0.148391	57.113
17.17	17.19	0.148407	57.211
17.17	17.18	0.148424	57.310
17.17	17.18	0.148441	57.413
17.17	17.18	0.148457	57.510
17.17	17.18	0.148474	57.611
17.17	17.18	0.148491	57.714
17.17	17.18	0.148507	57.811
17.17	17.18	0.148524	57.911
17.17	17.18	0.148541	58.013
17.17	17.18	0.148557	58.111
17.17	17.18	0.148574	58.210
17.17	17.18	0.148591	58.313
17.17	17.18	0.148607	58.411
17.17	17.18	0.148624	58.511
17.17	17.18	0.148641	58.613
17.17	17.18	0.148657	58.712
17.17	17.18	0.148674	58.812
17.20	17.18	0.148691	58.913
17.20	17.18	0.148707	59.012
17.20	17.18	0.148724	59.111
17.20	17.18	0.148740	59.213
17.20	17.18	0.148757	59.312
17.20	17.18	0.148774	59.412
17.20	17.18	0.148790	59.513
17.20	17.18	0.148807	59.641
17.17	17.18	0.148824	59.736
17.17	17.18	0.148840	59.812
17.17	17.18	0.148857	59.940
17.17	17.18	0.148874	00.034
17.17	17.18	0.148890	00.113
17.17	17.18	0.148907	00.238
17.17	17.18	0.148924	00.333
17.17	17.18	0.148940	00.413
17.17	17.18	0.148957	00.537
17.17	17.18	0.148974	00.632
17.17	17.18	0.148990	00.736
17.17	17.18	0.149007	00.836
17.17	17.19	0.149024	00.930
17.17	17.19	0.149040	01.035
17.17	17.19	0.149057	01.135
17.17	17.19	0.149074	01.229
17.17	17.19	0.149090	01.334
17.17	17.19	0.149107	01.433
17.17	17.19	0.149124	01.528
17.17	17.20	0.149140	01.632
17.17	17.20	0.149157	01.727
17.17	17.20	0.149174	01.826
17.17	17.20	0.149190	01.931
17.20	17.20	0.149207	02.026
17.20	17.21	0.149224	02.125
17.20	17.21	0.149240	02.231
17.20	17.21	0.149257	02.325
17.20	17.21	0.149274	02.425
17.20	17.21	0.149290	02.529
17.20	17.22	0.149307	02.624
17.20	17.22	0.149324	02.724
17.20	17.22	0.149340	02.828
17.20	17.22	0.149357	02.923
17.22	17.23	0.149374	03.022
17.22	17.23	0.149390	03.127
17.22	17.23	0.149407	03.221
17.22	17.23	0.149424	03.321
17.22	17.24	0.149440	03.425
17.22	17.24	0.149457	03.520
17.22	17.24	0.149474	03.620
17.22	17.25	0.149490	03.724
17.22	17.25	0.149507	03.819
17.25	17.25	0.149524	03.918
17.25	17.25	0.149540	04.023
17.25	17.26	0.149557	04.117
17.25	17.26	0.149573	04.217
17.25	17.26	0.149590	04.322
17.25	17.27	0.149607	04.416
17.25	17.27	0.149623	04.516
17.27	17.27	0.149640	04.621
17.27	17.28	0.149657	04.715
17.27	17.28	0.149673	04.817
17.27	17.28	0.149690	04.920
17.27	17.29	0.149707	05.014
17.27	17.29	0.149723	05.117
17.27	17.29	0.149740	05.218
17.30	17.30	0.149757	05.313
17.30	17.30	0.149773	05.416
17.30	17.30	0.149790	05.517
17.30	17.31	0.149807	05.611
17.30	17.31	0.149823	05.716
17.30	17.31	0.149840	05.816
17.30	17.32	0.149857	05.912
17.30	17.32	0.149873	06.015
17.33	17.32	0.149890	06.114
17.33	17.33	0.149907	06.212
17.33	17.33	0.149923	06.313
17.33	17.33	0.149940	06.414
17.33	17.34	0.149957	06.511
17.33	17.34	0.149973	06.613
17.33	17.34	0.149990	06.713
17.35	17.35	0.150007	06.812
17.35	17.35	0.150023	06.912
17.35	17.36	0.150040	07.012
17.35	17.36	0.150057	07.111
17.35	17.36	0.150073	07.211
17.35	17.37	0.150090	07.312
17.35	17.37	0.150107	07.412
17.35	17.37	0.150123	07.512
17.38	17.38	0.150140	07.612
17.38	17.38	0.150157	07.712
17.38	17.38	0.150173	07.812
17.38	17.39	0.150190	07.911
17.38	17.39	0.150207	08.012
17.38	17.39	0.150223	08.111
17.38	17.40	0.150240	08.212
17.40	17.40	0.150257	08.312
17.40	17.40	0.150273	08.412
17.40	17.41	0.150290	08.512
17.40	17.41	0.150307	08.612
17.40	17.41	0.150323	08.712
17.40	17.41	0.150340	08.811
17.40	17.42	0.150357	08.912
17.40	17.42	0.150373	09.011
17.40	17.42	0.150390	09.112
17.43	17.43	0.150406	09.212
17.43	17.43	0.150423	09.312
17.43	17.43	0.150440	09.412
17.43	17.43	0.150456	09.512
17.43	17.44	0.150473	09.612
17.43	17.44	0.150490	09.711
17.45	17.44	0.150506	09.812
17.45	17.44	0.150523	09.912
17.45	17.45	0.150540	10.012
17.45	17.45	0.150556	10.112
17.45	17.45	0.150573	10.212
17.45	17.45	0.150590	10.312
17.45	17.46	0.150606	10.411
17.45	17.46	0.150623	10.512
17.48	17.46	0.150640	10.611
17.48	17.46	0.150656	10.712
17.48	17.46	0.150673	10.812
17.48	17.47	0.150690	10.912
17.48	17.47	0.150706	11.012
17.48	17.47	0.150723	11.112
17.48	17.47	0.150740	11.212
17.48	17.47	0.150756	11.311
17.48	17.48	0.150773	11.412
17.48	17.48	0.150790	11.511
17.48	17.48	0.150806	11.612
17.48	17.48	0.150823	11.712
17.48	17.48	0.150840	11.812
17.48	17.48	0.150856	11.912
17.50	17.48	0.150873	12.036
17.50	17.48	0.150890	12.136
17.50	17.49	0.150906	12.240
17.50	17.49	0.150923	12.335
17.50	17.49	0.150940	12.412
17.50	17.49	0.150956	12.539
17.50	17.49	0.150973	12.634
17.50	17.49	0.150990	12.736
17.50	17.49	0.151006	12.838
17.50	17.49	0.151023	12.933
17.50	17.49	0.151040	13.036
17.50	17.49	0.151056	13.137
17.50	17.49	0.151073	13.232
17.50	17.49	0.151090	13.335
17.50	17.49	0.151106	13.436
17.50	17.49	0.151123	13.531
17.50	17.49	0.151140	13.635
17.50	17.49	0.151156	13.735
17.50	17.49	0.151173	13.829
17.50	17.49	0.151190	13.934
17.50	17.49	0.151206	14.033
17.50	17.49	0.151223	14.128
17.50	17.49	0.151239	14.233
17.50	17.49	0.151256	14.332
17.50	17.49	0.151273	14.427
17.50	17.49	0.151289	14.531
17.50	17.49	0.151306	14.631
17.50	17.49	0.151323	14.725
17.50	17.49	0.151339	14.830
17.50	17.49	0.151356	14.924
17.50	17.49	0.151373	15.024
17.50	17.49	0.151389	15.129
17.50	17.49	0.151406	15.223
17.50	17.49	0.151423	15.323
17.50	17.48	0.151439	15.428
17.50	17.48	0.151456	15.523
17.50	17.48	0.151473	15.622
17.50	17.48	0.151489	15.727
17.50	17.48	0.151506	15.822
17.50	17.48	0.151523	15.921
17.50	17.48	0.151539	16.026
17.50	17.48	0.151556	16.120
17.48	17.48	0.151573	16.220
17.48	17.47	0.151589	16.324
17.48	17.47	0.151606	16.419
17.48	17.47	0.151623	16.518
17.48	17.47	0.151639	16.623
17.48	17.47	0.151656	16.718
17.48	17.47	0.151673	16.817
17.48	17.47	0.151689	16.922
17.48	17.46	0.151706	17.016
17.48	17.46	0.151723	17.116
17.48	17.46	0.151739	17.220
17.48	17.46	0.151756	17.315
17.48	17.46	0.151773	17.416
17.48	17.46	0.151789	17.519
17.48	17.45	0.151806	17.614
17.48	17.45	0.151823	17.715
17.48	17.45	0.151839	17.818
17.45	17.45	0.151856	17.913
17.45	17.45	0.151873	18.015
17.45	17.45	0.151889	18.116
17.45	17.44	0.151906	18.214
17.45	17.44	0.151923	18.315
17.45	17.44	0.151939	18.416
17.45	17.44	0.151956	18.514
17.45	17.44	0.151973	18.615
17.45	17.44	0.151989	18.715
17.43	17.43	0.152006	18.813
17.43	17.43	0.152023	18.914
17.43	17.43	0.152039	19.013
17.43	17.43	0.152056	19.114
17.43	17.43	0.152072	19.213
17.43	17.43	0.152089	19.314
17.43	17.42	0.152106	19.414
17.43	17.42	0.152122	19.514
17.43	17.42	0.152139	19.614
17.43	17.42	0.152156	19.713
17.43	17.42	0.152172	19.814
17.43	17.42	0.152189	19.914
17.40	17.41	0.152206	20.014
17.40	17.41	0.152222	20.114
17.40	17.41	0.152239	20.214
17.40	17.41	0.152256	20.314
17.40	17.41	0.152272	20.414
17.40	17.41	0.152289	20.515
17.40	17.41	0.152306	20.614
17.40	17.40	0.152322	20.715
17.40	17.40	0.152339	20.815
17.40	17.40	0.152356	20.915
17.40	17.40	0.152372	21.015
17.40	17.40	0.152389	21.115
17.40	17.40	0.152406	21.215
17.40	17.40	0.152422	21.314
17.40	17.40	0.152439	21.415
17.40	17.40	0.152456	21.514
17.40	17.40	0.152472	21.615
17.40	17.39	0.152489	21.715
17.40	17.39	0.152506	21.815
17.40	17.39	0.152522	21.915
17.40	17.39	0.152539	22.015
17.38	17.39	0.152556	22.115
17.38	17.39	0.152572	22.214
17.38	17.39	0.152589	22.315
17.38	17.39	0.152606	22.415
17.38	17.39	0.152622	22.515
17.38	17.39	0.152639	22.615
17.38	17.39	0.152656	22.715
17.38	17.39	0.152672	22.815
17.38	17.39	0.152689	22.914
17.38	17.39	0.152706	23.015
17.38	17.39	0.152722	23.114
17.38	17.39	0.152739	23.215
17.38	17.39	0.152756	23.315
17.38	17.39	0.152772	23.415
17.38	17.39	0.152789	23.515
17.38	17.39	0.152806	23.615
17.38	17.39	0.152822	23.715
17.38	17.39	0.152839	23.814
17.38	17.39	0.152856	23.914
17.38	17.39	0.152872	24.013
17.38	17.39	0.152889	24.138
17.38	17.39	0.152905	24.242
17.38	17.39	0.152922	24.337
17.38	17.39	0.152939	24.437
17.38	17.40	0.152955	24.541
17.38	17.40	0.152972	24.636
17.38	17.40	0.152989	24.735
17.38	17.40	0.153005	24.840
17.38	17.40	0.153022	24.934
17.38	17.40	0.153039	25.034
17.38	17.40	0.153055	25.140
17.40	17.40	0.153072	25.234
17.40	17.40	0.153089	25.335
17.40	17.41	0.153105	25.438
17.40	17.41	0.153122	25.533
17.40	17.41	0.153139	25.634
17.40	17.41	0.153155	25.737
17.40	17.41	0.153172	25.832
17.40	17.42	0.153189	25.934
17.40	17.42	0.153205	26.036
17.40	17.42	0.153222	26.130
17.40	17.42	0.153239	26.234
17.40	17.42	0.153255	26.334
17.40	17.43	0.153272	26.429
17.43	17.43	0.153289	26.533
17.43	17.43	0.153305	26.633
17.43	17.43	0.153322	26.728
17.43	17.43	0.153339	26.832
17.43	17.44	0.153355	26.932
17.43	17.44	0.153372	27.026
17.43	17.44	0.153389	27.131
17.43	17.44	0.153405	27.230
17.43	17.45	0.153422	27.325
17.43	17.45	0.153439	27.430
17.45	17.45	0.153455	27.529
17.45	17.46	0.153472	27.624
17.45	17.46	0.153489	27.728
17.45	17.46	0.153505	27.824
17.45	17.46	0.153522	27.922
17.45	17.47	0.153539	28.028
17.45	17.47	0.153555	28.122
17.45	17.47	0.153572	28.222
17.45	17.48	0.153589	28.327
17.48	17.48	0.153605	28.421
17.48	17.48	0.153622	28.521
17.48	17.49	0.153639	28.625
17.48	17.49	0.153655	28.720
17.48	17.49	0.153672	28.819
17.48	17.50	0.153689	28.924
17.48	17.50	0.153705	29.019
17.48	17.50	0.153722	29.118
17.50	17.51	0.153738	29.223
17.50	17.51	0.153755	29.317
17.50	17.51	0.153772	29.417
17.50	17.52	0.153788	29.521
17.50	17.52	0.153805	29.616
17.50	17.52	0.153822	29.716
17.53	17.53	0.153838	29.820
17.53	17.53	0.153855	29.916
17.53	17.53	0.153872	30.016
17.53	17.54	0.153888	30.119
17.53	17.54	0.153905	30.216
17.53	17.54	0.153922	30.316
17.56	17.55	0.153938	30.418
17.56	17.55	0.153955	30.516
17.56	17.55	0.153972	30.616
17.56	17.56	0.153988	30.717
17.56	17.56	0.154005	30.816
17.56	17.57	0.154022	30.916
17.56	17.57	0.154038	31.016
17.58	17.57	0.154055	31.116
17.58	17.58	0.154072	31.217
17.58	17.58	0.154088	31.316
17.58	17.58	0.154105	31.417
17.58	17.59	0.154122	31.517
17.58	17.59	0.154138	31.617
17.58	17.59	0.154155	31.717
17.58	17.60	0.154172	31.817
17.58	17.60	0.154188	31.917
17.61	17.60	0.154205	32.016
17.61	17.61	0.154222	32.117
17.61	17.61	0.154238	32.216
17.61	17.61	0.154255	32.317
17.61	17.62	0.154272	32.417
17.61	17.62	0.154288	32.517
17.61	17.62	0.154305	32.617
17.61	17.62	0.154322	32.717
17.63	17.63	0.154338	32.817
17.63	17.63	0.154355	32.916
17.63	17.63	0.154372	33.017
17.63	17.64	0.154388	33.117
17.63	17.64	0.154405	33.217
17.63	17.64	0.154422	33.316
17.63	17.64	0.154438	33.417
17.66	17.65	0.154455	33.517
17.66	17.65	0.154472	33.616
17.66	17.65	0.154488	33.717
17.66	17.66	0.154505	33.816
17.66	17.66	0.154522	33.917
17.66	17.66	0.154538	34.017
17.66	17.66	0.154555	34.117
17.66	17.67	0.154571	34.217
17.68	17.67	0.154588	34.317
17.68	17.67	0.154605	34.416
17.68	17.67	0.154621	34.516
17.68	17.67	0.154638	34.617
17.68	17.68	0.154655	34.717
17.68	17.68	0.154671	34.817
17.68	17.68	0.154688	34.917
17.68	17.68	0.154705	35.017
17.68	17.68	0.154721	35.117
17.68	17.69	0.154738	35.216
17.68	17.69	0.154755	35.317
17.68	17.69	0.154771	35.416
17.71	17.69	0.154788	35.517
17.71	17.69	0.154805	35.617
17.71	17.69	0.154821	35.717
17.71	17.69	0.154838	35.817
17.71	17.70	0.154855	35.946
17.71	17.70	0.154871	36.041
17.71	17.70	0.154888	36.140
17.71	17.70	0.154905	36.245
17.71	17.70	0.154921	36.339
17.71	17.70	0.154938	36.439
17.71	17.70	0.154955	36.543
17.71	17.70	0.154971	36.638
17.71	17.70	0.154988	36.738
17.71	17.70	0.155005	36.842
17.71	17.70	0.155021	36.937
17.71	17.70	0.155038	37.036
17.71	17.71	0.155055	37.141
17.71	17.71	0.155071	37.235
17.71	17.71	0.155088	37.335
17.71	17.71	0.155105	37.441
17.71	17.71	0.155121	37.535
17.71	17.71	0.155138	37.635
17.71	17.71	0.155155	37.739
17.71	17.71	0.155171	37.834
17.74	17.71	0.155188	37.933
17.74	17.71	0.155205	38.038
17.74	17.71	0.155221	38.132
17.74	17.71	0.155238	38.233
17.74	17.71	0.155255	38.337
17.74	17.71	0.155271	38.431
17.71	17.70	0.155288	38.533
17.71	17.70	0.155305	38.635
17.71	17.70	0.155321	38.730
17.71	17.70	0.155338	38.832
17.71	17.70	0.155355	38.934
17.71	17.70	0.155371	39.029
17.71	17.70	0.155388	39.132
17.71	17.70	0.155404	39.233
17.71	17.70	0.155421	39.327
17.71	17.70	0.155438	39.433
17.71	17.70	0.155454	39.531
17.71	17.70	0.155471	39.626
17.71	17.70	0.155488	39.730
17.71	17.69	0.155504	39.831
17.71	17.69	0.155521	39.926
17.71	17.69	0.155538	40.030
17.71	17.69	0.155554	40.130
17.68	17.69	0.155571	40.224
17.68	17.69	0.155588	40.329
17.68	17.69	0.155604	40.428
17.68	17.69	0.155621	40.523
17.68	17.68	0.155638	40.628
17.68	17.68	0.155654	40.722
17.68	17.68	0.155671	40.822
17.68	17.68	0.155688	40.926
17.68	17.68	0.155704	41.021
17.68	17.68	0.155721	41.120
17.68	17.67	0.155738	41.225
17.68	17.67	0.155754	41.319
17.68	17.67	0.155771	41.419
17.68	17.67	0.155788	41.524
17.68	17.67	0.155804	41.618
17.68	17.67	0.155821	41.718
17.68	17.66	0.155838	41.822
17.68	17.66	0.155854	41.917
17.68	17.66	0.155871	42.016
17.66	17.66	0.155888	42.122
17.66	17.66	0.155904	42.217
17.66	17.66	0.155921	42.317
17.66	17.65	0.155938	42.421
17.66	17.65	0.155954	42.517
17.66	17.65	0.155971	42.617
17.66	17.65	0.155988	42.719
17.66	17.65	0.156004	42.817
17.66	17.65	0.156021	42.916
17.66	17.64	0.156038	43.018
17.66	17.64	0.156054	43.117
17.66	17.64	0.156071	43.216
17.66	17.64	0.156088	43.317
17.63	17.64	0.156104	43.417
17.63	17.64	0.156121	43.517
17.63	17.63	0.156138	43.616
17.63	17.63	0.156154	43.717
17.63	17.63	0.156171	43.816
17.63	17.63	0.156188	43.917
17.63	17.63	0.156204	44.017
17.63	17.63	0.156221	44.117
17.63	17.62	0.156237	44.217
17.63	17.62	0.156254	44.317
17.63	17.62	0.156271	44.417
17.63	17.62	0.156287	44.516
17.63	17.62	0.156304	44.617
17.63	17.62	0.156321	44.716
17.61	17.62	0.156337	44.817
17.61	17.62	0.156354	44.917
17.61	17.61	0.156371	45.017
17.61	17.61	0.156387	45.117
17.61	17.61	0.156404	45.217
17.61	17.61	0.156421	45.317
17.61	17.61	0.156437	45.416
17.61	17.61	0.156454	45.517
17.61	17.61	0.156471	45.617
17.61	17.61	0.156487	45.717
17.61	17.61	0.156504	45.817
17.61	17.61	0.156521	45.917
17.61	17.61	0.156537	46.017
17.61	17.60	0.156554	46.117
17.61	17.60	0.156571	46.216
17.61	17.60	0.156587	46.317
17.61	17.60	0.156604	46.417
17.61	17.60	0.156621	46.517
17.61	17.60	0.156637	46.617
17.61	17.60	0.156654	46.717
17.61	17.60	0.156671	46.817
17.58	17.60	0.156687	46.916
17.58	17.60	0.156704	47.017
17.58	17.60	0.156721	47.116
17.58	17.60	0.156737	47.216
17.58	17.60	0.156754	47.317
17.58	17.60	0.156771	47.417
17.58	17.60	0.156787	47.517
17.58	17.60	0.156804	47.617
17.58	17.60	0.156821	47.717
17.58	17.60	0.156837	47.816
17.58	17.60	0.156854	47.917
17.58	17.60	0.156871	48.016
17.58	17.61	0.156887	48.117
17.58	17.61	0.156904	48.216
17.58	17.61	0.156921	48.317
17.58	17.61	0.156937	48.417
17.61	17.61	0.156954	48.546
17.61	17.61	0.156971	48.641
17.61	17.61	0.156987	48.740
17.61	17.61	0.157004	48.845
17.61	17.61	0.157021	48.939
17.61	17.61	0.157037	49.039
17.61	17.62	0.157054	49.144
17.61	17.62	0.157070	49.238
17.61	17.62	0.157087	49.338
17.61	17.62	0.157104	49.442
17.61	17.62	0.157120	49.537
17.61	17.62	0.157137	49.636
17.61	17.62	0.157154	49.741
17.63	17.63	0.157170	49.836
17.63	17.63	0.157187	49.935
17.63	17.63	0.157204	50.040
17.63	17.63	0.157220	50.134
17.63	17.63	0.157237	50.234
17.63	17.64	0.157254	50.338
17.63	17.64	0.157270	50.433
17.63	17.64	0.157287	50.533
17.63	17.64	0.157304	50.637
17.63	17.65	0.157320	50.732
17.63	17.65	0.157337	50.831
17.63	17.65	0.157354	50.936
17.63	17.65	0.157370	51.030
17.63	17.66	0.157387	51.131
17.63	17.66	0.157404	51.234
17.63	17.66	0.157420	51.330
17.66	17.66	0.157437	51.431
17.66	17.67	0.157454	51.534
17.66	17.67	0.157470	51.629
17.66	17.67	0.157487	51.730
17.66	17.67	0.157504	51.833
17.66	17.68	0.157520	51.927
17.66	17.68	0.157537	52.031
17.66	17.68	0.157554	52.132
17.68	17.69	0.157570	52.226
17.68	17.69	0.157587	52.331
17.68	17.69	0.157604	52.430
17.68	17.70	0.157620	52.525
17.68	17.70	0.157637	52.629
17.68	17.70	0.157654	52.729
17.68	17.71	0.157670	52.823
17.68	17.71	0.157687	52.928
17.71	17.71	0.157704	53.028
17.71	17.72	0.157720	53.122
17.71	17.72	0.157737	53.227
17.71	17.72	0.157754	53.326
17.71	17.73	0.157770	53.422
17.71	17.73	0.157787	53.525
17.74	17.73	0.157804	53.621
17.74	17.74	0.157820	53.721
17.74	17.74	0.157837	53.825
17.74	17.74	0.157854	53.920
17.74	17.75	0.157870	54.019
17.74	17.75	0.157887	54.124
17.74	17.75	0.157903	54.218
17.76	17.76	0.157920	54.318
17.76	17.76	0.157937	54.422
17.76	17.76	0.157953	54.517
17.76	17.77	0.157970	54.617
17.76	17.77	0.157987	54.721
17.76	17.77	0.158003	54.817
17.76	17.78	0.158020	54.917
17.79	17.78	0.158037	55.020
17.79	17.79	0.158053	55.116
17.79	17.79	0.158070	55.217
17.79	17.79	0.158087	55.319
17.79	17.80	0.158103	55.417
17.79	17.80	0.158120	55.517
17.79	17.80	0.158137	55.617
17.79	17.81	0.158153	55.717
17.81	17.81	0.158170	55.816
17.81	17.81	0.158187	55.916
17.81	17.82	0.158203	56.016
17.81	17.82	0.158220	56.117
17.81	17.82	0.158237	56.217
17.81	17.83	0.158253	56.317
17.81	17.83	0.158270	56.417
17.81	17.83	0.158287	56.517
17.84	17.83	0.158303	56.617
17.84	17.84	0.158320	56.716
17.84	17.84	0.158337	56.817
17.84	17.84	0.158353	56.917
17.84	17.85	0.158370	57.017
17.84	17.85	0.158387	57.117
17.84	17.85	0.158403	57.217
17.86	17.86	0.158420	57.317
17.86	17.86	0.158437	57.416
17.86	17.86	0.158453	57.517
17.86	17.86	0.158470	57.616
17.86	17.87	0.158487	57.717
17.86	17.87	0.158503	57.817
17.86	17.87	0.158520	57.917
17.86	17.87	0.158537	58.017
17.89	17.88	0.158553	58.117
17.89	17.88	0.158570	58.217
17.89	17.88	0.158587	58.316
17.89	17.88	0.158603	58.417
17.89	17.89	0.158620	58.516
17.89	17.89	0.158637	58.617
17.89	17.89	0.158653	58.717
17.89	17.89	0.158670	58.817
17.89	17.89	0.158687	58.917
17.92	17.90	0.158703	59.017
17.92	17.90	0.158720	59.117
17.92	17.90	0.158736	59.216
17.92	17.90	0.158753	59.317
17.92	17.90	0.158770	59.417
17.92	17.90	0.158786	59.516
17.92	17.90	0.158803	59.617
17.92	17.91	0.158820	59.717
17.92	17.91	0.158836	59.817
17.92	17.91	0.158853	59.916
17.92	17.91	0.158870	00.017
17.92	17.91	0.158886	00.116
17.92	17.91	0.158903	00.217
17.92	17.91	0.158920	00.317
17.92	17.91	0.158936	00.417
17.92	17.92	0.158953	00.517
17.92	17.92	0.158970	00.617
17.92	17.92	0.158986	00.717
17.92	17.92	0.159003	00.816
17.92	17.92	0.159020	00.917
17.92	17.92	0.159036	01.016
17.92	17.92	0.159053	01.146
17.92	17.92	0.159070	01.245
17.92	17.92	0.159086	01.340
17.92	17.92	0.159103	01.445
17.92	17.92	0.159120	01.539
17.92	17.92	0.159136	01.639
17.94	17.92	0.159153	01.743
17.94	17.92	0.159170	01.838
17.94	17.92	0.159186	01.937
17.94	17.92	0.159203	02.042
17.94	17.92	0.159220	02.137
17.94	17.92	0.159236	02.236
17.94	17.92	0.159253	02.341
17.94	17.92	0.159270	02.435
17.94	17.92	0.159286	02.535
17.94	17.92	0.159303	02.639
17.94	17.92	0.159320	02.734
17.94	17.92	0.159336	02.834
17.94	17.92	0.159353	02.938
17.92	17.92	0.159370	03.034
17.92	17.91	0.159386	03.133
17.92	17.91	0.159403	03.238
17.92	17.91	0.159420	03.332
17.92	17.91	0.159436	03.432
17.92	17.91	0.159453	03.536
17.92	17.91	0.159470	03.631
17.92	17.91	0.159486	03.731
17.92	17.91	0.159503	03.835
17.92	17.91	0.159520	03.930
17.92	17.91	0.159536	04.029
17.92	17.90	0.159553	04.134
17.92	17.90	0.159569	04.228
17.92	17.90	0.159586	04.329
17.92	17.90	0.159603	04.432
17.92	17.90	0.159619	04.527
17.92	17.90	0.159636	04.629
17.89	17.90	0.159653	04.731
17.89	17.89	0.159669	04.826
17.89	17.89	0.159686	04.929
17.89	17.89	0.159703	05.030
17.89	17.89	0.159719	05.124
17.89	17.89	0.159736	05.229
17.89	17.89	0.159753	05.329
17.89	17.88	0.159769	05.423
17.89	17.88	0.159786	05.529
17.89	17.88	0.159803	05.628
17.89	17.88	0.159819	05.723
17.89	17.88	0.159836	05.827
17.89	17.88	0.159853	05.927
17.89	17.87	0.159869	06.022
17.89	17.87	0.159886	06.126
17.89	17.87	0.159903	06.226
17.86	17.87	0.159919	06.320
17.86	17.87	0.159936	06.425
17.86	17.87	0.159953	06.519
17.86	17.86	0.159969	06.619
17.86	17.86	0.159986	06.723
17.86	17.86	0.160003	06.818
17.86	17.86	0.160019	06.918
17.86	17.86	0.160036	07.022
17.86	17.86	0.160053	07.117
17.86	17.85	0.160069	07.217
17.86	17.85	0.160086	07.321
17.86	17.85	0.160103	07.416
17.86	17.85	0.160119	07.517
17.86	17.85	0.160136	07.619
17.86	17.85	0.160153	07.717
17.86	17.84	0.160169	07.817
17.86	17.84	0.160186	07.918
17.86	17.84	0.160203	08.017
17.84	17.84	0.160219	08.117
17.84	17.84	0.160236	08.218
17.84	17.84	0.160253	08.317
17.84	17.84	0.160269	08.418
17.84	17.83	0.160286	08.518
17.84	17.83	0.160303	08.618
17.84	17.83	0.160319	08.718
17.84	17.83	0.160336	08.818
17.84	17.83	0.160353	08.918
17.84	17.83	0.160369	09.017
17.84	17.83	0.160386	09.118
17.81	17.83	0.160402	09.217
17.81	17.82	0.160419	09.318
17.81	17.82	0.160436	09.418
17.81	17.82	0.160452	09.518
17.81	17.82	0.160469	09.618
17.81	17.82	0.160486	09.718
17.81	17.82	0.160502	09.818
17.81	17.82	0.160519	09.917
17.81	17.82	0.160536	10.018
17.81	17.82	0.160552	10.118
17.81	17.82	0.160569	10.218
17.81	17.82	0.160586	10.318
17.81	17.82	0.160602	10.418
17.81	17.82	0.160619	10.518
17.81	17.82	0.160636	10.618
17.81	17.82	0.160652	10.718
17.81	17.82	0.160669	10.817
17.81	17.82	0.160686	10.918
17.81	17.82	0.160702	11.018
17.81	17.82	0.160719	11.118
17.81	17.82	0.160736	11.218
17.81	17.82	0.160752	11.318
17.81	17.82	0.160769	11.418
17.81	17.82	0.160786	11.518
17.81	17.82	0.160802	11.619
17.81	17.82	0.160819	11.718
17.81	17.82	0.160836	11.819
17.81	17.82	0.160852	11.919
17.81	17.82	0.160869	12.019
17.81	17.82	0.160886	12.119
17.81	17.82	0.160902	12.223
17.81	17.82	0.160919	12.319
17.81	17.82	0.160936	12.418
17.81	17.82	0.160952	12.524
17.81	17.82	0.160969	12.618
17.81	17.82	0.160986	12.719
17.81	17.82	0.161002	12.819
17.81	17.83	0.161019	12.919
17.81	17.83	0.161036	13.019
17.81	17.83	0.161052	13.118
17.81	17.83	0.161069	13.248
17.84	17.83	0.161086	13.342
17.84	17.83	0.161102	13.447
17.84	17.83	0.161119	13.546
17.84	17.84	0.161136	13.641
17.84	17.84	0.161152	13.746
17.84	17.84	0.161169	13.845
17.84	17.84	0.161186	13.940
17.84	17.84	0.161202	14.044
17.84	17.85	0.161219	14.144
17.84	17.85	0.161235	14.238
17.84	17.85	0.161252	14.343
17.84	17.85	0.161269	14.438
17.84	17.85	0.161285	14.537
17.84	17.86	0.161302	14.642
17.84	17.86	0.161319	14.737
17.84	17.86	0.161335	14.836
17.84	17.86	0.161352	14.941
17.84	17.87	0.161369	15.036
17.84	17.87	0.161385	15.135
17.84	17.87	0.161402	15.240
17.86	17.87	0.161419	15.334
17.86	17.88	0.161435	15.434
17.86	17.88	0.161452	15.538
17.86	17.88	0.161469	15.633
17.86	17.89	0.161485	15.732
17.86	17.89	0.161502	15.837
17.86	17.89	0.161519	15.932
17.89	17.89	0.161535	16.031
17.89	17.90	0.161552	16.136
17.89	17.90	0.161569	16.230
17.89	17.90	0.161585	16.330
17.89	17.91	0.161602	16.434
17.89	17.91	0.161619	16.529
17.92	17.91	0.161635	16.630
17.92	17.92	0.161652	16.734
17.92	17.92	0.161669	16.828
17.92	17.92	0.161685	16.928
17.92	17.93	0.161702	17.033
17.92	17.93	0.161719	17.127
17.92	17.93	0.161735	17.227
17.92	17.94	0.161752	17.331
17.94	17.94	0.161769	17.426
17.94	17.94	0.161785	17.528
17.94	17.95	0.161802	17.630
17.94	17.95	0.161819	17.725
17.94	17.95	0.161835	17.827
17.94	17.96	0.161852	17.929
17.94	17.96	0.161869	18.024
17.97	17.96	0.161885	18.127
17.97	17.97	0.161902	18.228
17.97	17.97	0.161919	18.322
17.97	17.97	0.161935	18.427
17.97	17.98	0.161952	18.526
17.97	17.98	0.161969	18.621
17.97	17.98	0.161985	18.725
17.97	17.99	0.162002	18.825
17.99	17.99	0.162019	18.920
17.99	18.00	0.162035	19.024
17.99	18.00	0.162052	19.124
17.99	18.00	0.162068	19.220
17.99	18.01	0.162085	19.323
17.99	18.01	0.162102	19.422
17.99	18.01	0.162118	19.520
18.02	18.02	0.162135	19.622
18.02	18.02	0.162152	19.723
18.02	18.02	0.162168	19.820
18.02	18.03	0.162185	19.920
18.02	18.03	0.162202	20.023
18.02	18.03	0.162218	20.120
18.02	18.04	0.162235	20.221
18.04	18.04	0.162252	20.322
18.04	18.04	0.162268	20.421
18.04	18.05	0.162285	20.521
18.04	18.05	0.162302	20.622
18.04	18.05	0.162318	20.721
18.04	18.05	0.162335	20.821
18.04	18.06	0.162352	20.923
18.07	18.06	0.162368	21.020
18.07	18.06	0.162385	21.121
18.07	18.07	0.162402	21.222
18.07	18.07	0.162418	21.321
18.07	18.07	0.162435	21.421
18.07	18.07	0.162452	21.522
18.09	18.08	0.162468	21.621
18.09	18.08	0.162485	21.721
18.09	18.08	0.162502	21.823
18.09	18.08	0.162518	21.920
18.09	18.09	0.162535	22.021
18.09	18.09	0.162552	22.123
18.09	18.09	0.162568	22.221
18.09	18.09	0.162585	22.321
18.09	18.10	0.162602	22.422
18.09	18.10	0.162618	22.521
18.09	18.10	0.162635	22.620
18.12	18.10	0.162652	22.722
18.12	18.10	0.162668	22.820
18.12	18.11	0.162685	22.921
18.12	18.11	0.162702	23.023
18.12	18.11	0.162718	23.121
18.12	18.11	0.162735	23.221
18.12	18.11	0.162752	23.322
18.12	18.12	0.162768	23.421
18.12	18.12	0.162785	23.520
18.12	18.12	0.162802	23.622
18.12	18.12	0.162818	23.720
18.12	18.12	0.162835	23.821
18.12	18.12	0.162852	23.923
18.12	18.12	0.162868	24.021
18.12	18.12	0.162885	24.121
18.15	18.13	0.162901	24.222
18.15	18.13	0.162918	24.321
18.15	18.13	0.162935	24.420
18.15	18.13	0.162951	24.522
18.15	18.13	0.162968	24.621
18.15	18.13	0.162985	24.721
18.15	18.13	0.163001	24.822
18.15	18.13	0.163018	24.921
18.15	18.13	0.163035	25.021
18.15	18.13	0.163051	25.122
18.15	18.13	0.163068	25.250
18.15	18.13	0.163085	25.344
18.15	18.13	0.163101	25.422
18.15	18.13	0.163118	25.548
18.15	18.13	0.163135	25.643
18.15	18.13	0.163151	25.722
18.12	18.13	0.163168	25.847
18.12	18.13	0.163185	25.942
18.12	18.13	0.163201	26.021
18.12	18.13	0.163218	26.146
18.12	18.13	0.163235	26.240
18.12	18.13	0.163251	26.345
18.12	18.13	0.163268	26.444
18.12	18.13	0.163285	26.539
18.12	18.13	0.163301	26.645
18.12	18.13	0.163318	26.743
18.12	18.13	0.163335	26.839
18.12	18.13	0.163351	26.943
18.12	18.13	0.163368	27.043
18.12	18.13	0.163385	27.137
18.12	18.13	0.163401	27.242
18.12	18.13	0.163418	27.337
18.12	18.12	0.163435	27.436
18.12	18.12	0.163451	27.541
18.15	18.12	0.163468	27.635
18.15	18.12	0.163485	27.735
18.15	18.12	0.163501	27.839
18.15	18.12	0.163518	27.934
18.15	18.12	0.163535	28.033
18.15	18.12	0.163551	28.138
18.15	18.12	0.163568	28.233
18.15	18.11	0.163585	28.332
18.15	18.11	0.163601	28.437
18.12	18.11	0.163618	28.531
18.12	18.11	0.163635	28.631
18.12	18.11	0.163651	28.735
18.12	18.11	0.163668	28.830
18.12	18.11	0.163685	28.930
18.12	18.10	0.163701	29.035
18.12	18.10	0.163718	29.130
18.12	18.10	0.163734	29.229
18.12	18.10	0.163751	29.334
18.09	18.10	0.163768	29.428
18.09	18.10	0.163784	29.528
18.09	18.09	0.163801	29.632
18.09	18.09	0.163818	29.727
18.09	18.09	0.163834	29.826
18.09	18.09	0.163851	29.931
18.09	18.09	0.163868	30.025
18.09	18.09	0.163884	30.126
18.09	18.08	0.163901	30.229
18.09	18.08	0.163918	30.324
18.09	18.08	0.163934	30.425
18.09	18.08	0.163951	30.529
18.09	18.08	0.163968	30.624
18.09	18.08	0.163984	30.726
18.09	18.07	0.164001	30.828
18.07	18.07	0.164018	30.922
18.07	18.07	0.164034	31.026
18.07	18.07	0.164051	31.126
18.07	18.07	0.164068	31.221
18.07	18.07	0.164084	31.326
18.07	18.06	0.164101	31.425
18.07	18.06	0.164118	31.520
18.07	18.06	0.164134	31.624
18.07	18.06	0.164151	31.724
18.07	18.06	0.164168	31.820
18.07	18.06	0.164184	31.923
18.07	18.05	0.164201	32.022
18.07	18.05	0.164218	32.121
18.07	18.05	0.164234	32.222
18.07	18.05	0.164251	32.322
18.04	18.05	0.164268	32.422
18.04	18.05	0.164284	32.522
18.04	18.05	0.164301	32.622
18.04	18.04	0.164318	32.721
18.04	18.04	0.164334	32.822
18.04	18.04	0.164351	32.921
18.04	18.04	0.164368	33.022
18.04	18.04	0.164384	33.122
18.04	18.04	0.164401	33.222
18.04	18.04	0.164418	33.322
18.04	18.04	0.164434	33.422
18.04	18.04	0.164451	33.522
18.04	18.04	0.164468	33.621
18.04	18.03	0.164484	33.722
18.04	18.03	0.164501	33.822
18.04	18.03	0.164518	33.922
18.02	18.03	0.164534	34.022
18.02	18.03	0.164551	34.122
18.02	18.03	0.164567	34.222
18.02	18.03	0.164584	34.322
18.02	18.03	0.164601	34.422
18.02	18.03	0.164617	34.521
18.02	18.03	0.164634	34.622
18.02	18.03	0.164651	34.722
18.02	18.03	0.164667	34.822
18.02	18.03	0.164684	34.922
18.02	18.03	0.164701	35.022
18.02	18.03	0.164717	35.122
18.02	18.03	0.164734	35.221
18.02	18.03	0.164751	35.322
18.02	18.03	0.164767	35.421
18.02	18.03	0.164784	35.522
18.02	18.03	0.164801	35.622
18.02	18.03	0.164817	35.722
18.02	18.03	0.164834	35.822
18.02	18.03	0.164851	35.922
18.02	18.03	0.164867	36.022
18.02	18.03	0.164884	36.121
18.02	18.03	0.164901	36.222
18.02	18.03	0.164917	36.323
18.02	18.03	0.164934	36.423
18.02	18.04	0.164951	36.523
18.02	18.04	0.164967	36.623
18.02	18.04	0.164984	36.723
18.02	18.04	0.165001	36.822
18.02	18.04	0.165017	36.923
18.04	18.04	0.165034	37.022
18.04	18.04	0.165051	37.123
18.04	18.04	0.165067	37.223
18.04	18.04	0.165084	37.347
18.04	18.05	0.165101	37.447
18.04	18.05	0.165117	37.550
18.04	18.05	0.165134	37.646
18.04	18.05	0.165151	37.745
18.04	18.05	0.165167	37.850
18.04	18.06	0.165184	37.944
18.04	18.06	0.165201	38.045
18.04	18.06	0.165217	38.149
18.04	18.06	0.165234	38.243
18.04	18.06	0.165251	38.345
18.04	18.07	0.165267	38.447
18.07	18.07	0.165284	38.542
18.07	18.07	0.165301	38.644
18.07	18.07	0.165317	38.746
18.07	18.07	0.165334	38.841
18.07	18.08	0.165351	38.945
18.07	18.08	0.165367	39.045
18.07	18.08	0.165384	39.139
18.07	18.08	0.165400	39.244
18.07	18.09	0.165417	39.343
18.07	18.09	0.165434	39.438
18.07	18.09	0.165450	39.542
18.09	18.10	0.165467	39.642
18.09	18.10	0.165484	39.737
18.09	18.10	0.165500	39.841
18.09	18.10	0.165517	39.941
18.09	18.11	0.165534	40.035
18.09	18.11	0.165550	40.140
18.09	18.11	0.165567	40.234
18.09	18.12	0.165584	40.335
18.09	18.12	0.165600	40.439
18.12	18.12	0.165617	40.534
18.12	18.13	0.165634	40.634
18.12	18.13	0.165650	40.738
18.12	18.13	0.165667	40.833
18.12	18.14	0.165684	40.932
18.12	18.14	0.165700	41.037
18.15	18.14	0.165717	41.131
18.15	18.15	0.165734	41.231
18.15	18.15	0.165750	41.336
18.15	18.15	0.165767	41.430
18.15	18.16	0.165784	41.530
18.15	18.16	0.165800	41.634
18.15	18.16	0.165817	41.729
18.17	18.17	0.165834	41.828
18.17	18.17	0.165850	41.933
18.17	18.17	0.165867	42.027
18.17	18.18	0.165884	42.127
18.17	18.18	0.165900	42.232
18.17	18.18	0.165917	42.326
18.17	18.19	0.165934	42.426
18.17	18.19	0.165950	42.530
18.17	18.19	0.165967	42.625
18.20	18.20	0.165984	42.724
18.20	18.20	0.166000	42.830
18.20	18.21	0.166017	42.925
18.20	18.21	0.166034	43.024
18.20	18.21	0.166050	43.129
18.20	18.22	0.166067	43.224
18.20	18.22	0.166084	43.324
18.22	18.22	0.166100	43.427
18.22	18.23	0.166117	43.524
18.22	18.23	0.166134	43.624
18.22	18.23	0.166150	43.726
18.22	18.24	0.166167	43.824
18.22	18.24	0.166184	43.924
18.22	18.24	0.166200	44.025
18.22	18.25	0.166217	44.124
18.25	18.25	0.166233	44.224
18.25	18.25	0.166250	44.323
18.25	18.26	0.166267	44.424
18.25	18.26	0.166283	44.523
18.25	18.26	0.166300	44.624
18.25	18.26	0.166317	44.724
18.27	18.27	0.166333	44.825
18.27	18.27	0.166350	44.925
18.27	18.27	0.166367	45.024
18.27	18.28	0.166383	45.125
18.27	18.28	0.166400	45.224
18.27	18.28	0.166417	45.325
18.27	18.28	0.166433	45.425
18.30	18.29	0.166450	45.525
18.30	18.29	0.166467	45.625
18.30	18.29	0.166483	45.725
18.30	18.30	0.166500	45.825
18.30	18.30	0.166517	45.924
18.30	18.30	0.166533	46.025
18.30	18.30	0.166550	46.124
18.30	18.31	0.166567	46.225
18.33	18.31	0.166583	46.325
18.33	18.31	0.166600	46.425
18.33	18.31	0.166617	46.525
18.33	18.31	0.166633	46.625
18.33	18.32	0.166650	46.725
18.33	18.32	0.166667	46.824
18.33	18.32	0.166683	46.925
18.33	18.32	0.166700	47.025
18.33	18.32	0.166717	47.125
18.33	18.33	0.166733	47.225
18.33	18.33	0.166750	47.325
18.33	18.33	0.166767	47.425
18.33	18.33	0.166783	47.525
18.33	18.33	0.166800	47.625
18.33	18.33	0.166817	47.724
18.33	18.33	0.166833	47.825
18.33	18.34	0.166850	47.925
18.33	18.34	0.166867	48.025
18.35	18.34	0.166883	48.125
18.35	18.34	0.166900	48.225
18.35	18.34	0.166917	48.325
18.35	18.34	0.166933	48.424
18.35	18.34	0.166950	48.525
18.35	18.34	0.166967	48.624
18.35	18.34	0.166983	48.725
18.35	18.34	0.167000	48.825
18.35	18.34	0.167017	48.925
18.35	18.34	0.167033	49.025
18.35	18.35	0.167050	49.125
18.35	18.35	0.167066	49.225
18.35	18.35	0.167083	49.324
18.35	18.35	0.167100	49.448
18.35	18.35	0.167116	49.552
18.35	18.35	0.167133	49.647
18.35	18.35	0.167150	49.747
18.35	18.35	0.167166	49.852
18.35	18.35	0.167183	49.947
18.35	18.35	0.167200	50.046
18.35	18.35	0.167216	50.151
18.35	18.35	0.167233	50.245
18.35	18.35	0.167250	50.345
18.35	18.35	0.167266	50.449
18.35	18.34	0.167283	50.544
18.38	18.34	0.167300	50.644
18.38	18.34	0.167316	50.748
18.38	18.34	0.167333	50.843
18.38	18.34	0.167350	50.943
18.38	18.34	0.167366	51.047
18.38	18.34	0.167383	51.141
18.38	18.34	0.167400	51.243
18.38	18.34	0.167416	51.346
18.38	18.34	0.167433	51.440
18.35	18.34	0.167450	51.544
18.35	18.34	0.167466	51.644
18.35	18.34	0.167483	51.739
18.35	18.33	0.167500	51.843
18.35	18.33	0.167516	51.943
18.35	18.33	0.167533	52.038
18.35	18.33	0.167550	52.142
18.35	18.33	0.167566	52.243
18.35	18.33	0.167583	52.337
18.33	18.33	0.167600	52.442
18.33	18.33	0.167616	52.541
18.33	18.32	0.167633	52.636
18.33	18.32	0.167650	52.740
18.33	18.32	0.167666	52.840
18.33	18.32	0.167683	52.935
18.33	18.32	0.167700	53.039
18.33	18.32	0.167716	53.134
18.33	18.31	0.167733	53.233
18.33	18.31	0.167750	53.338
18.30	18.31	0.167766	53.432
18.30	18.31	0.167783	53.532
18.30	18.31	0.167800	53.636
18.30	18.31	0.167816	53.731
18.30	18.30	0.167833	53.831
18.30	18.30	0.167850	53.935
18.30	18.30	0.167866	54.030
18.30	18.30	0.167883	54.129
18.30	18.30	0.167899	54.234
18.30	18.30	0.167916	54.328
18.30	18.29	0.167933	54.428
18.30	18.29	0.167949	54.533
18.30	18.29	0.167966	54.627
18.30	18.29	0.167983	54.727
18.30	18.29	0.167999	54.832
18.30	18.29	0.168016	54.927
18.27	18.28	0.168033	55.026
18.27	18.28	0.168049	55.131
18.27	18.28	0.168066	55.227
18.27	18.28	0.168083	55.327
18.27	18.28	0.168099	55.430
18.27	18.28	0.168116	55.527
18.27	18.27	0.168133	55.627
18.27	18.27	0.168149	55.728
18.27	18.27	0.168166	55.827
18.27	18.27	0.168183	55.926
18.27	18.27	0.168199	56.027
18.27	18.27	0.168216	56.127
18.27	18.26	0.168233	56.227
18.27	18.26	0.168249	56.327
18.27	18.26	0.168266	56.427
18.27	18.26	0.168283	56.527
18.27	18.26	0.168299	56.626
18.27	18.26	0.168316	56.727
18.27	18.26	0.168333	56.827
18.27	18.26	0.168349	56.928
18.27	18.25	0.168366	57.028
18.27	18.25	0.168383	57.128
18.27	18.25	0.168399	57.228
18.27	18.25	0.168416	57.328
18.27	18.25	0.168433	57.428
18.27	18.25	0.168449	57.527
18.25	18.25	0.168466	57.628
18.25	18.25	0.168483	57.728
18.25	18.25	0.168499	57.828
18.25	18.25	0.168516	57.928
18.25	18.25	0.168533	58.028
18.25	18.24	0.168549	58.128
18.25	18.24	0.168566	58.228
18.25	18.24	0.168583	58.328
18.25	18.24	0.168599	58.427
18.25	18.24	0.168616	58.528
18.25	18.24	0.168633	58.628
18.25	18.24	0.168649	58.728
18.22	18.24	0.168666	58.828
18.22	18.24	0.168683	58.928
18.22	18.24	0.168699	59.028
18.22	18.24	0.168716	59.127
18.22	18.24	0.168732	59.228
18.22	18.24	0.168749	59.327
18.22	18.24	0.168766	59.428
18.22	18.24	0.168782	59.528
18.22	18.24	0.168799	59.628
18.22	18.24	0.168816	59.728
18.22	18.24	0.168832	59.827
18.22	18.24	0.168849	59.928
18.22	18.24	0.168866	00.027
18.22	18.25	0.168882	00.128
18.22	18.25	0.168899	00.229
18.22	18.25	0.168916	00.329
18.22	18.25	0.168932	00.429
18.22	18.25	0.168949	00.529
18.25	18.25	0.168966	00.629
18.25	18.25	0.168982	00.728
18.25	18.25	0.168999	00.853
18.25	18.25	0.169016	00.957
18.25	18.25	0.169032	01.052
18.25	18.26	0.169049	01.152
18.25	18.26	0.169066	01.256
18.25	18.26	0.169082	01.351
18.25	18.26	0.169099	01.450
18.25	18.26	0.169116	01.555
18.25	18.26	0.169132	01.649
18.25	18.26	0.169149	01.749
18.25	18.27	0.169166	01.853
18.25	18.27	0.169182	01.948
18.25	18.27	0.169199	02.048
18.27	18.27	0.169216	02.153
18.27	18.27	0.169232	02.248
18.27	18.28	0.169249	02.347
18.27	18.28	0.169266	02.452
18.27	18.28	0.169282	02.546
18.27	18.28	0.169299	02.646
18.27	18.29	0.169316	02.750
18.27	18.29	0.169332	02.845
18.27	18.29	0.169349	02.945
18.27	18.29	0.169366	03.049
18.30	18.30	0.169382	03.144
18.30	18.30	0.169399	03.243
18.30	18.30	0.169416	03.348
18.30	18.30	0.169432	03.442
18.30	18.31	0.169449	03.542
18.30	18.31	0.169466	03.647
18.30	18.31	0.169482	03.741
18.30	18.31	0.169499	03.842
18.30	18.32	0.169516	03.945
18.30	18.32	0.169532	04.040
18.33	18.32	0.169549	04.142
18.33	18.33	0.169565	04.244
18.33	18.33	0.169582	04.338
18.33	18.33	0.169599	04.442
18.33	18.34	0.169615	04.544
18.33	18.34	0.169632	04.638
18.33	18.34	0.169649	04.742
18.33	18.35	0.169665	04.842
18.33	18.35	0.169682	04.937
18.33	18.35	0.169699	05.041
18.33	18.36	0.169715	05.141
18.33	18.36	0.169732	05.236
18.33	18.36	0.169749	05.340
18.35	18.37	0.169765	05.440
18.35	18.37	0.169782	05.534
18.35	18.37	0.169799	05.639
18.35	18.38	0.169815	05.738
18.35	18.38	0.169832	05.833
18.35	18.38	0.169849	05.937
18.38	18.39	0.169865	06.037
18.38	18.39	0.169882	06.132
18.38	18.39	0.169899	06.236
18.38	18.40	0.169915	06.331
18.38	18.40	0.169932	06.430
18.38	18.40	0.169949	06.535
18.40	18.41	0.169965	06.629
18.40	18.41	0.169982	06.730
18.40	18.41	0.169999	06.834
18.40	18.42	0.170015	06.930
18.40	18.42	0.170032	07.030
18.43	18.43	0.170049	07.132
18.43	18.43	0.170065	07.230
18.43	18.43	0.170082	07.330
18.43	18.44	0.170099	07.432
18.43	18.44	0.170115	07.530
18.43	18.44	0.170132	07.631
18.45	18.45	0.170149	07.731
18.45	18.45	0.170165	07.831
18.45	18.45	0.170182	07.931
18.45	18.46	0.170199	08.031
18.45	18.46	0.170215	08.131
18.45	18.46	0.170232	08.230
18.45	18.47	0.170249	08.331
18.48	18.47	0.170265	08.430
18.48	18.47	0.170282	08.531
18.48	18.47	0.170299	08.631
18.48	18.48	0.170315	08.731
18.48	18.48	0.170332	08.831
18.48	18.48	0.170349	08.931
18.48	18.49	0.170365	09.031
18.50	18.49	0.170382	09.130
18.50	18.49	0.170398	09.231
18.50	18.50	0.170415	09.331
18.50	18.50	0.170432	09.431
18.50	18.50	0.170448	09.531
18.50	18.50	0.170465	09.631
18.50	18.51	0.170482	09.731
18.50	18.51	0.170498	09.831
18.53	18.51	0.170515	09.932
18.53	18.51	0.170532	10.031
18.53	18.52	0.170548	10.132
18.53	18.52	0.170565	10.232
18.53	18.52	0.170582	10.332
18.53	18.52	0.170598	10.432
18.53	18.53	0.170615	10.536
18.53	18.53	0.170632	10.632
18.53	18.53	0.170648	10.731
18.53	18.53	0.170665	10.837
18.53	18.53	0.170682	10.932
18.53	18.54	0.170698	11.032
18.56	18.54	0.170715	11.132
18.56	18.54	0.170732	11.232
18.56	18.54	0.170748	11.332
18.56	18.54	0.170765	11.431
18.56	18.54	0.170782	11.533
18.56	18.54	0.170798	11.632
18.56	18.55	0.170815	11.737
18.56	18.55	0.170832	11.833
18.56	18.55	0.170848	11.933
18.56	18.55	0.170865	12.037
18.56	18.55	0.170882	12.133
18.56	18.55	0.170898	12.233
18.56	18.55	0.170915	12.336
18.56	18.55	0.170932	12.462
18.56	18.56	0.170948	12.556
18.56	18.56	0.170965	12.661
18.56	18.56	0.170982	12.760
18.56	18.56	0.170998	12.855
18.56	18.56	0.171015	12.960
18.56	18.56	0.171032	13.059
18.56	18.56	0.171048	13.154
18.56	18.56	0.171065	13.258
18.56	18.56	0.171082	13.358
18.56	18.56	0.171098	13.452
18.56	18.56	0.171115	13.557
18.56	18.56	0.171132	13.657
18.56	18.56	0.171148	13.751
18.56	18.56	0.171165	13.856
18.56	18.56	0.171182	13.950
18.56	18.56	0.171198	14.051
18.56	18.56	0.171215	14.155
18.56	18.56	0.171231	14.250
18.56	18.56	0.171248	14.349
18.56	18.56	0.171265	14.454
18.56	18.56	0.171281	14.549
18.56	18.56	0.171298	14.648
18.56	18.56	0.171315	14.753
18.58	18.56	0.171331	14.847
18.58	18.56	0.171348	14.947
18.58	18.56	0.171365	15.051
18.58	18.55	0.171381	15.146
18.58	18.55	0.171398	15.246
18.58	18.55	0.171415	15.350
18.58	18.55	0.171431	15.445
18.58	18.55	0.171448	15.544
18.58	18.55	0.171465	15.649
18.58	18.55	0.171481	15.743
18.56	18.55	0.171498	15.843
18.56	18.55	0.171515	15.947
18.56	18.55	0.171531	16.042
18.56	18.54	0.171548	16.142
18.56	18.54	0.171565	16.247
18.56	18.54	0.171581	16.342
18.56	18.54	0.171598	16.440
18.56	18.54	0.171615	16.546
18.56	18.54	0.171631	16.640
18.56	18.54	0.171648	16.741
18.53	18.53	0.171665	16.844
18.53	18.53	0.171681	16.939
18.53	18.53	0.171698	17.041
18.53	18.53	0.171715	17.143
18.53	18.53	0.171731	17.238
18.53	18.53	0.171748	17.340
18.53	18.52	0.171765	17.442
18.53	18.52	0.171781	17.536
18.53	18.52	0.171798	17.640
18.53	18.52	0.171815	17.741
18.53	18.52	0.171831	17.835
18.53	18.52	0.171848	17.940
18.50	18.51	0.171865	18.039
18.50	18.51	0.171881	18.134
18.50	18.51	0.171898	18.238
18.50	18.51	0.171915	18.338
18.50	18.51	0.171931	18.432
18.50	18.51	0.171948	18.537
18.50	18.50	0.171965	18.637
18.50	18.50	0.171981	18.733
18.50	18.50	0.171998	18.836
18.50	18.50	0.172015	18.936
18.50	18.50	0.172031	19.033
18.50	18.50	0.172048	19.135
18.50	18.49	0.172064	19.236
18.50	18.49	0.172081	19.333
18.50	18.49	0.172098	19.434
18.50	18.49	0.172114	19.536
18.50	18.49	0.172131	19.633
18.50	18.49	0.172148	19.733
18.50	18.48	0.172164	19.835
18.50	18.48	0.172181	19.933
18.50	18.48	0.172198	20.032
18.50	18.48	0.172214	20.136
18.50	18.48	0.172231	20.233
18.50	18.48	0.172248	20.333
18.48	18.48	0.172264	20.436
18.48	18.47	0.172281	20.533
18.48	18.47	0.172298	20.633
18.48	18.47	0.172314	20.735
18.48	18.47	0.172331	20.833
18.48	18.47	0.172348	20.933
18.48	18.47	0.172364	21.036
18.48	18.47	0.172381	21.133
18.48	18.47	0.172398	21.233
18.45	18.46	0.172414	21.336
18.45	18.46	0.172431	21.432
18.45	18.46	0.172448	21.533
18.45	18.46	0.172464	21.635
18.45	18.46	0.172481	21.733
18.45	18.46	0.172498	21.833
18.45	18.46	0.172514	21.935
18.45	18.46	0.172531	22.033
18.45	18.46	0.172548	22.133
18.45	18.46	0.172564	22.236
18.45	18.46	0.172581	22.332
18.45	18.46	0.172598	22.433
18.45	18.46	0.172614	22.535
18.45	18.46	0.172631	22.633
18.45	18.46	0.172648	22.733
18.45	18.46	0.172664	22.835
18.45	18.46	0.172681	22.933
18.45	18.46	0.172698	23.033
18.45	18.46	0.172714	23.136
18.45	18.46	0.172731	23.232
18.45	18.46	0.172748	23.333
18.45	18.46	0.172764	23.436
18.45	18.46	0.172781	23.533
18.45	18.46	0.172798	23.633
18.45	18.46	0.172814	23.735
18.45	18.46	0.172831	23.833
18.45	18.46	0.172848	23.932
18.45	18.46	0.172864	24.035
18.45	18.46	0.172881	24.132
18.45	18.46	0.172897	24.233
18.45	18.46	0.172914	24.336
18.45	18.46	0.172931	24.433
18.45	18.46	0.172947	24.533
18.45	18.46	0.172964	24.635
18.45	18.46	0.172981	24.733
18.45	18.46	0.172997	24.832
18.45	18.47	0.173014	24.935
18.45	18.47	0.173031	25.032
18.45	18.47	0.173047	25.156
18.45	18.47	0.173064	25.235
18.45	18.47	0.173081	25.360
18.45	18.47	0.173097	25.455
18.45	18.47	0.173114	25.559
18.48	18.48	0.173131	25.659
18.48	18.48	0.173147	25.753
18.48	18.48	0.173164	25.858
18.48	18.48	0.173181	25.957
18.48	18.48	0.173197	26.053
18.48	18.49	0.173214	26.158
18.48	18.49	0.173231	26.256
18.48	18.49	0.173247	26.352
18.48	18.49	0.173264	26.456
18.48	18.49	0.173281	26.556
18.48	18.50	0.173297	26.650
18.48	18.50	0.173314	26.755
18.48	18.50	0.173331	26.850
18.50	18.50	0.173347	26.949
18.50	18.51	0.173364	27.054
18.50	18.51	0.173381	27.148
18.50	18.51	0.173397	27.248
18.50	18.51	0.173414	27.352
18.50	18.52	0.173431	27.447
18.50	18.52	0.173447	27.546
18.50	18.52	0.173464	27.651
18.50	18.53	0.173481	27.746
18.53	18.53	0.173497	27.845
18.53	18.53	0.173514	27.950
18.53	18.53	0.173531	28.044
18.53	18.54	0.173547	28.144
18.53	18.54	0.173564	28.248
18.53	18.54	0.173581	28.343
18.53	18.55	0.173597	28.442
18.53	18.55	0.173614	28.547
18.53	18.55	0.173631	28.643
18.56	18.56	0.173647	28.742
18.56	18.56	0.173664	28.847
18.56	18.56	0.173681	28.941
18.56	18.57	0.173697	29.041
18.56	18.57	0.173714	29.145
18.56	18.57	0.173730	29.240
18.56	18.58	0.173747	29.340
18.56	18.58	0.173764	29.444
18.58	18.58	0.173780	29.539
18.58	18.59	0.173797	29.639
18.58	18.59	0.173814	29.743
18.58	18.59	0.173830	29.837
18.58	18.60	0.173847	29.939
18.58	18.60	0.173864	30.041
18.58	18.60	0.173880	30.136
18.58	18.61	0.173897	30.239
18.61	18.61	0.173914	30.340
18.61	18.61	0.173930	30.435
18.61	18.62	0.173947	30.539
18.61	18.62	0.173964	30.639
18.61	18.62	0.173980	30.733
18.61	18.63	0.173997	30.838
18.63	18.63	0.174014	30.938
18.63	18.64	0.174030	31.034
18.63	18.64	0.174047	31.137
18.63	18.64	0.174064	31.236
18.63	18.65	0.174080	31.334
18.63	18.65	0.174097	31.436
18.66	18.65	0.174114	31.536
18.66	18.66	0.174130	31.633
18.66	18.66	0.174147	31.735
18.66	18.66	0.174164	31.835
18.66	18.67	0.174180	31.934
18.66	18.67	0.174197	32.034
18.66	18.67	0.174214	32.134
18.69	18.68	0.174230	32.234
18.69	18.68	0.174247	32.333
18.69	18.68	0.174264	32.434
18.69	18.69	0.174280	32.533
18.69	18.69	0.174297	32.634
18.69	18.69	0.174314	32.735
18.69	18.69	0.174330	32.834
18.69	18.70	0.174347	32.934
18.69	18.70	0.174364	33.034
18.71	18.70	0.174380	33.134
18.71	18.71	0.174397	33.233
18.71	18.71	0.174414	33.334
18.71	18.71	0.174430	33.434
18.71	18.71	0.174447	33.534
18.71	18.72	0.174464	33.635
18.71	18.72	0.174480	33.734
18.71	18.72	0.174497	33.834
18.71	18.72	0.174514	33.934
18.71	18.73	0.174530	34.034
18.74	18.73	0.174547	34.133
18.74	18.73	0.174563	34.234
18.74	18.73	0.174580	34.336
18.74	18.74	0.174597	34.436
18.74	18.74	0.174613	34.536
18.74	18.74	0.174630	34.636
18.74	18.74	0.174647	34.736
18.74	18.74	0.174663	34.835
18.74	18.75	0.174680	34.936
18.74	18.75	0.174697	35.036
18.76	18.75	0.174713	35.136
18.76	18.75	0.174730	35.236
18.76	18.75	0.174747	35.338
18.76	18.76	0.174763	35.438
18.76	18.76	0.174780	35.538
18.76	18.76	0.174797	35.638
18.76	18.76	0.174813	35.737
18.76	18.76	0.174830	35.838
18.76	18.76	0.174847	35.938
18.76	18.76	0.174863	36.038
18.76	18.76	0.174880	36.138
18.76	18.77	0.174897	36.262
18.76	18.77	0.174913	36.362
18.76	18.77	0.174930	36.466
18.79	18.77	0.174947	36.561
18.79	18.77	0.174963	36.660
18.79	18.77	0.174980	36.765
18.79	18.77	0.174997	36.859
18.79	18.77	0.175013	36.959
18.79	18.77	0.175030	37.064
18.79	18.77	0.175047	37.158
18.79	18.77	0.175063	37.259
18.79	18.77	0.175080	37.362
18.79	18.77	0.175097	37.457
18.79	18.77	0.175113	37.558
18.79	18.77	0.175130	37.662
18.79	18.77	0.175147	37.756
18.79	18.77	0.175163	37.858
18.79	18.77	0.175180	37.961
18.79	18.77	0.175197	38.055
18.79	18.77	0.175213	38.158
18.79	18.77	0.175230	38.259
18.79	18.77	0.175247	38.354
18.79	18.77	0.175263	38.458
18.79	18.77	0.175280	38.558
18.79	18.77	0.175297	38.653
18.79	18.77	0.175313	38.757
18.79	18.77	0.175330	38.857
18.79	18.77	0.175347	38.951
18.79	18.77	0.175363	39.056
18.79	18.77	0.175380	39.155
18.79	18.77	0.175396	39.250
18.76	18.77	0.175413	39.354
18.76	18.76	0.175430	39.454
18.76	18.76	0.175446	39.549
18.76	18.76	0.175463	39.653
18.76	18.76	0.175480	39.748
18.76	18.76	0.175496	39.847
18.76	18.76	0.175513	39.952
18.76	18.76	0.175530	40.046
18.76	18.76	0.175546	40.146
18.76	18.76	0.175563	40.251
18.76	18.75	0.175580	40.346
18.76	18.75	0.175596	40.446
18.76	18.75	0.175613	40.550
18.76	18.75	0.175630	40.645
18.76	18.75	0.175646	40.744
18.76	18.75	0.175663	40.849
18.76	18.75	0.175680	40.944
18.76	18.74	0.175696	41.043
18.76	18.74	0.175713	41.148
18.76	18.74	0.175730	41.242
18.76	18.74	0.175746	41.342
18.74	18.74	0.175763	41.446
18.74	18.74	0.175780	41.541
18.74	18.73	0.175796	41.640
18.74	18.73	0.175813	41.745
18.74	18.73	0.175830	41.840
18.74	18.73	0.175846	41.939
18.74	18.73	0.175863	42.044
18.74	18.73	0.175880	42.139
18.74	18.72	0.175896	42.239
18.74	18.72	0.175913	42.342
18.74	18.72	0.175930	42.439
18.74	18.72	0.175946	42.538
18.74	18.72	0.175963	42.641
18.71	18.72	0.175980	42.738
18.71	18.71	0.175996	42.839
18.71	18.71	0.176013	42.940
18.71	18.71	0.176030	43.039
18.71	18.71	0.176046	43.139
18.71	18.71	0.176063	43.239
18.71	18.71	0.176080	43.339
18.71	18.70	0.176096	43.439
18.71	18.70	0.176113	43.539
18.71	18.70	0.176130	43.639
18.71	18.70	0.176146	43.739
18.71	18.70	0.176163	43.839
18.71	18.70	0.176180	43.938
18.69	18.69	0.176196	44.039
18.69	18.69	0.176213	44.138
18.69	18.69	0.176229	44.239
18.69	18.69	0.176246	44.339
18.69	18.69	0.176263	44.439
18.69	18.69	0.176279	44.539
18.69	18.69	0.176296	44.639
18.69	18.68	0.176313	44.739
18.69	18.68	0.176329	44.838
18.69	18.68	0.176346	44.939
18.69	18.68	0.176363	45.039
18.69	18.68	0.176379	45.139
18.69	18.68	0.176396	45.239
18.69	18.68	0.176413	45.339
18.69	18.68	0.176429	45.439
18.69	18.68	0.176446	45.538
18.69	18.68	0.176463	45.639
18.66	18.67	0.176479	45.738
18.66	18.67	0.176496	45.839
18.66	18.67	0.176513	45.939
18.66	18.67	0.176529	46.039
18.66	18.67	0.176546	46.139
18.66	18.67	0.176563	46.239
18.66	18.67	0.176579	46.339
18.66	18.67	0.176596	46.439
18.66	18.67	0.176613	46.540
18.66	18.67	0.176629	46.639
18.66	18.67	0.176646	46.740
18.66	18.67	0.176663	46.840
18.66	18.67	0.176679	46.940
18.66	18.67	0.176696	47.040
18.66	18.67	0.176713	47.140
18.66	18.67	0.176729	47.240
18.66	18.67	0.176746	47.339
18.66	18.67	0.176763	47.440
18.66	18.67	0.176779	47.539
18.66	18.67	0.176796	47.640
18.66	18.67	0.176813	47.740
18.66	18.67	0.176829	47.840
18.66	18.67	0.176846	47.940
18.66	18.67	0.176863	48.040
18.66	18.67	0.176879	48.140
18.66	18.67	0.176896	48.239
18.66	18.67	0.176913	48.364
18.66	18.67	0.176929	48.468
18.66	18.68	0.176946	48.563
18.66	18.68	0.176963	48.663
18.66	18.68	0.176979	48.767
18.66	18.68	0.176996	48.862
18.66	18.68	0.177013	48.961
18.66	18.68	0.177029	49.066
18.69	18.68	0.177046	49.160
18.69	18.68	0.177062	49.260
18.69	18.68	0.177079	49.364
18.69	18.69	0.177096	49.459
18.69	18.69	0.177112	49.559
18.69	18.69	0.177129	49.664
18.69	18.69	0.177146	49.759
18.69	18.69	0.177162	49.858
18.69	18.70	0.177179	49.963
18.69	18.70	0.177196	50.057
18.69	18.70	0.177212	50.157
18.69	18.70	0.177229	50.261
18.69	18.70	0.177246	50.356
18.69	18.71	0.177262	50.457
18.69	18.71	0.177279	50.560
18.69	18.71	0.177296	50.655
18.69	18.71	0.177312	50.756
18.69	18.71	0.177329	50.859
18.69	18.72	0.177346	50.953
18.69	18.72	0.177362	51.057
18.69	18.72	0.177379	51.158
18.71	18.72	0.177396	51.252
18.71	18.73	0.177412	51.357
18.71	18.73	0.177429	51.456
18.71	18.73	0.177446	51.551
18.71	18.74	0.177462	51.655
18.71	18.74	0.177479	51.755
18.71	18.74	0.177496	51.849
18.71	18.74	0.177512	51.954
18.74	18.75	0.177529	52.054
18.74	18.75	0.177546	52.148
18.74	18.75	0.177562	52.253
18.74	18.76	0.177579	52.353
18.74	18.76	0.177596	52.447
18.74	18.76	0.177612	52.552
18.76	18.77	0.177629	52.647
18.76	18.77	0.177646	52.747
18.76	18.77	0.177662	52.851
18.76	18.78	0.177679	52.946
18.76	18.78	0.177696	53.045
18.76	18.78	0.177712	53.150
18.79	18.79	0.177729	53.244
18.79	18.79	0.177746	53.344
18.79	18.79	0.177762	53.448
18.79	18.80	0.177779	53.543
18.79	18.80	0.177796	53.643
18.79	18.80	0.177812	53.747
18.79	18.81	0.177829	53.842
18.82	18.81	0.177846	53.941
18.82	18.81	0.177862	54.046
18.82	18.82	0.177879	54.140
18.82	18.82	0.177895	54.241
18.82	18.82	0.177912	54.345
18.82	18.83	0.177929	54.441
18.82	18.83	0.177945	54.541
18.84	18.83	0.177962	54.643
18.84	18.84	0.177979	54.741
18.84	18.84	0.177995	54.840
18.84	18.85	0.178012	54.942
18.84	18.85	0.178029	55.040
18.84	18.85	0.178045	55.141
18.84	18.86	0.178062	55.242
18.84	18.86	0.178079	55.341
18.84	18.86	0.178095	55.441
18.84	18.87	0.178112	55.541
18.87	18.87	0.178129	55.641
18.87	18.87	0.178145	55.740
18.87	18.88	0.178162	55.841
18.87	18.88	0.178179	55.940
18.87	18.88	0.178195	56.041
18.87	18.89	0.178212	56.141
18.87	18.89	0.178229	56.241
18.89	18.89	0.178245	56.341
18.89	18.90	0.178262	56.441
18.89	18.90	0.178279	56.541
18.89	18.90	0.178295	56.640
18.89	18.90	0.178312	56.741
18.89	18.91	0.178329	56.841
18.92	18.91	0.178345	56.941
18.92	18.91	0.178362	57.041
18.92	18.92	0.178379	57.141
18.92	18.92	0.178395	57.241
18.92	18.92	0.178412	57.341
18.92	18.92	0.178429	57.441
18.92	18.93	0.178445	57.540
18.95	18.93	0.178462	57.641
18.95	18.93	0.178479	57.741
18.95	18.94	0.178495	57.841
18.95	18.94	0.178512	57.941
18.95	18.94	0.178529	58.041
18.95	18.94	0.178545	58.141
18.95	18.95	0.178562	58.240
18.95	18.95	0.178579	58.341
18.95	18.95	0.178595	58.440
18.95	18.95	0.178612	58.541
18.97	18.95	0.178629	58.641
18.97	18.96	0.178645	58.741
18.97	18.96	0.178662	58.841
18.97	18.96	0.178679	58.941
18.97	18.96	0.178695	59.041
18.97	18.96	0.178712	59.140
18.97	18.97	0.178728	59.241
18.97	18.97	0.178745	59.340
18.97	18.97	0.178762	59.441
18.97	18.97	0.178778	59.541
18.97	18.97	0.178795	59.641
18.97	18.97	0.178812	59.741
18.97	18.97	0.178828	59.841
18.97	18.98	0.178845	59.941
18.97	18.98	0.178862	00.040
18.97	18.98	0.178878	00.141
18.97	18.98	0.178895	00.241
18.97	18.98	0.178912	00.341
18.97	18.98	0.178928	00.441
19.00	18.98	0.178945	00.565
19.00	18.98	0.178962	00.640
19.00	18.98	0.178978	00.769
19.00	18.98	0.178995	00.864
19.00	18.98	0.179012	00.963
19.00	18.98	0.179028	01.068
19.00	18.99	0.179045	01.163
19.00	18.99	0.179062	01.262
19.00	18.99	0.179078	01.367
19.00	18.99	0.179095	01.461
19.00	18.99	0.179112	01.561
19.00	18.99	0.179128	01.666
19.00	18.99	0.179145	01.761
19.00	18.99	0.179162	01.860
19.00	18.99	0.179178	01.965
19.00	18.99	0.179195	02.060
19.00	18.99	0.179212	02.159
19.00	18.99	0.179228	02.264
19.00	18.99	0.179245	02.358
19.00	18.99	0.179262	02.458
19.00	18.98	0.179278	02.562
19.00	18.98	0.179295	02.657
19.00	18.98	0.179312	02.757
19.00	18.98	0.179328	02.861
19.00	18.98	0.179345	02.956
19.00	18.98	0.179362	03.055
19.00	18.98	0.179378	03.160
19.00	18.98	0.179395	03.254
19.00	18.98	0.179412	03.355
19.00	18.98	0.179428	03.458
18.97	18.98	0.179445	03.553
18.97	18.98	0.179462	03.656
18.97	18.98	0.179478	03.757
18.97	18.97	0.179495	03.852
18.97	18.97	0.179512	03.955
18.97	18.97	0.179528	04.056
18.97	18.97	0.179545	04.150
18.97	18.97	0.179561	04.255
18.97	18.97	0.179578	04.354
18.97	18.97	0.179595	04.449
18.97	18.97	0.179611	04.555
18.97	18.96	0.179628	04.654
18.97	18.96	0.179645	04.749
18.97	18.96	0.179661	04.853
18.97	18.96	0.179678	04.953
18.97	18.96	0.179695	05.047
18.97	18.96	0.179711	05.152
18.97	18.95	0.179728	05.252
18.97	18.95	0.179745	05.346
18.97	18.95	0.179761	05.451
18.97	18.95	0.179778	05.545
18.97	18.95	0.179795	05.645
18.97	18.95	0.179811	05.749
18.97	18.94	0.179828	05.844
18.97	18.94	0.179845	05.944
18.95	18.94	0.179861	06.048
18.95	18.94	0.179878	06.143
18.95	18.94	0.179895	06.242
18.95	18.94	0.179911	06.347
18.95	18.93	0.179928	06.441
18.95	18.93	0.179945	06.541
18.95	18.93	0.179961	06.646
18.95	18.93	0.179978	06.741
18.95	18.93	0.179995	06.841
18.95	18.93	0.180011	06.945
18.92	18.92	0.180028	07.041
18.92	18.92	0.180045	07.141
18.92	18.92	0.180061	07.244
18.92	18.92	0.180078	07.340
18.92	18.92	0.180095	07.441
18.92	18.92	0.180111	07.542
18.92	18.91	0.180128	07.641
18.92	18.91	0.180145	07.741
18.92	18.91	0.180161	07.841
18.92	18.91	0.180178	07.941
18.89	18.91	0.180195	08.041
18.89	18.91	0.180211	08.141
18.89	18.90	0.180228	08.240
18.89	18.90	0.180245	08.341
18.89	18.90	0.180261	08.441
18.89	18.90	0.180278	08.541
18.89	18.90	0.180295	08.641
18.89	18.90	0.180311	08.741
18.89	18.90	0.180328	08.841
18.89	18.90	0.180345	08.940
18.89	18.89	0.180361	09.041
18.89	18.89	0.180378	09.140
18.89	18.89	0.180394	09.241
18.89	18.89	0.180411	09.342
18.89	18.89	0.180428	09.443
18.89	18.89	0.180444	09.543
18.89	18.89	0.180461	09.643
18.89	18.89	0.180478	09.744
18.89	18.89	0.180494	09.843
18.89	18.89	0.180511	09.944
18.89	18.89	0.180528	10.043
18.89	18.88	0.180544	10.144
18.89	18.88	0.180561	10.244
18.89	18.88	0.180578	10.344
18.89	18.88	0.180594	10.444
18.89	18.88	0.180611	10.543
18.89	18.88	0.180628	10.644
18.89	18.88	0.180644	10.743
18.89	18.88	0.180661	10.844
18.87	18.88	0.180678	10.944
18.87	18.88	0.180694	11.044
18.87	18.88	0.180711	11.144
18.87	18.88	0.180728	11.244
18.87	18.88	0.180744	11.344
18.87	18.88	0.180761	11.443
18.87	18.88	0.180778	11.544
18.87	18.88	0.180794	11.643
18.87	18.88	0.180811	11.744
18.87	18.88	0.180828	11.844
18.87	18.88	0.180844	11.944
18.87	18.88	0.180861	12.044
18.87	18.89	0.180878	12.144
18.87	18.89	0.180894	12.244
18.87	18.89	0.180911	12.343
18.87	18.89	0.180928	12.473
18.87	18.89	0.180944	12.572
18.87	18.89	0.180961	12.667
18.87	18.89	0.180978	12.772
18.87	18.89	0.180994	12.871
18.87	18.89	0.181011	12.966
18.87	18.89	0.181028	13.070
18.87	18.90	0.181044	13.170
18.89	18.90	0.181061	13.264
18.89	18.90	0.181078	13.369
18.89	18.90	0.181094	13.463
18.89	18.90	0.181111	13.563
18.89	18.90	0.181128	13.668
18.89	18.90	0.181144	13.762
18.89	18.91	0.181161	13.863
18.89	18.91	0.181178	13.966
18.89	18.91	0.181194	14.061
18.89	18.91	0.181211	14.161
18.89	18.91	0.181227	14.266
18.92	18.92	0.181244	14.361
18.92	18.92	0.181261	14.460
18.92	18.92	0.181277	14.565
18.92	18.92	0.181294	14.659
18.92	18.93	0.181311	14.759
18.92	18.93	0.181327	14.863
18.92	18.93	0.181344	14.958
18.92	18.93	0.181361	15.057
18.92	18.94	0.181377	15.162
18.92	18.94	0.181394	15.257
18.92	18.94	0.181411	15.356
18.95	18.94	0.181427	15.461
18.95	18.95	0.181444	15.555
18.95	18.95	0.181461	15.655
18.95	18.95	0.181477	15.759
18.95	18.95	0.181494	15.854
18.95	18.96	0.181511	15.955
18.95	18.96	0.181527	16.058
18.95	18.96	0.181544	16.153
18.95	18.97	0.181561	16.254
18.95	18.97	0.181577	16.357
18.97	18.97	0.181594	16.452
18.97	18.98	0.181611	16.554
18.97	18.98	0.181627	16.656
18.97	18.98	0.181644	16.751
18.97	18.99	0.181661	16.854
18.97	18.99	0.181677	16.955
18.97	18.99	0.181694	17.050
18.97	19.00	0.181711	17.154
18.97	19.00	0.181727	17.254
18.97	19.00	0.181744	17.348
19.00	19.01	0.181761	17.453
19.00	19.01	0.181777	17.552
19.00	19.01	0.181794	17.647
19.00	19.02	0.181811	17.752
19.00	19.02	0.181827	17.851
19.00	19.02	0.181844	17.946
19.02	19.03	0.181861	18.050
19.02	19.03	0.181877	18.150
19.02	19.03	0.181894	18.244
19.02	19.04	0.181911	18.349
19.02	19.04	0.181927	18.450
19.02	19.04	0.181944	18.545
19.05	19.05	0.181961	18.648
19.05	19.05	0.181977	18.749
19.05	19.05	0.181994	18.845
19.05	19.06	0.182011	18.947
19.05	19.06	0.182027	19.049
19.05	19.07	0.182044	19.144
19.05	19.07	0.182060	19.245
19.08	19.07	0.182077	19.350
19.08	19.08	0.182094	19.445
19.08	19.08	0.182110	19.545
19.08	19.08	0.182127	19.649
19.08	19.09	0.182144	19.745
19.08	19.09	0.182160	19.844
19.10	19.09	0.182177	19.949
19.10	19.10	0.182194	20.045
19.10	19.10	0.182210	20.145
19.10	19.10	0.182227	20.249
19.10	19.11	0.182244	20.345
19.10	19.11	0.182260	20.445
19.10	19.11	0.182277	20.549
19.13	19.11	0.182294	20.646
19.13	19.12	0.182310	20.745
19.13	19.12	0.182327	20.849
19.13	19.12	0.182344	20.946
19.13	19.13	0.182360	21.046
19.13	19.13	0.182377	21.149
19.13	19.13	0.182394	21.245
19.13	19.14	0.182410	21.346
19.13	19.14	0.182427	21.449
19.15	19.14	0.182444	21.546
19.15	19.14	0.182460	21.645
19.15	19.15	0.182477	21.749
19.15	19.15	0.182494	21.846
19.15	19.15	0.182510	21.946
19.15	19.15	0.182527	22.049
19.15	19.16	0.182544	22.146
19.15	19.16	0.182560	22.246
19.15	19.16	0.182577	22.349
19.15	19.16	0.182594	22.446
19.15	19.17	0.182610	22.546
19.18	19.17	0.182627	22.649
19.18	19.17	0.182644	22.746
19.18	19.17	0.182660	22.846
19.18	19.17	0.182677	22.949
19.18	19.18	0.182694	23.045
19.18	19.18	0.182710	23.146
19.18	19.18	0.182727	23.248
19.18	19.18	0.182744	23.346
19.18	19.18	0.182760	23.446
19.18	19.18	0.182777	23.549
19.18	19.18	0.182794	23.646
19.18	19.19	0.182810	23.746
19.21	19.19	0.182827	23.849
19.21	19.19	0.182844	23.945
19.21	19.19	0.182860	24.046
19.21	19.19	0.182877	24.148
19.21	19.19	0.182893	24.246
19.21	19.19	0.182910	24.346
19.21	19.19	0.182927	24.449
19.21	19.20	0.182943	24.575
19.21	19.20	0.182960	24.669
19.21	19.20	0.182977	24.749
19.21	19.20	0.182993	24.873
19.21	19.20	0.183010	24.968
19.21	19.20	0.183027	25.072
19.21	19.20	0.183043	25.172
19.21	19.20	0.183060	25.267
19.21	19.20	0.183077	25.371
19.21	19.20	0.183093	25.471
19.21	19.20	0.183110	25.565
19.21	19.20	0.183127	25.670
19.21	19.20	0.183143	25.769
19.21	19.20	0.183160	25.864
19.21	19.20	0.183177	25.969
19.21	19.20	0.183193	26.069
19.21	19.20	0.183210	26.164
19.21	19.20	0.183227	26.268
19.21	19.20	0.183243	26.363
19.21	19.20	0.183260	26.462
19.21	19.20	0.183277	26.567
19.18	19.20	0.183293	26.661
19.18	19.20	0.183310	26.761
19.18	19.20	0.183327	26.866
19.18	19.20	0.183343	26.960
19.18	19.20	0.183360	27.060
19.18	19.19	0.183377	27.164
19.18	19.19	0.183393	27.259
19.18	19.19	0.183410	27.358
19.18	19.19	0.183427	27.463
19.21	19.19	0.183443	27.557
19.21	19.19	0.183460	27.657
19.21	19.19	0.183477	27.762
19.21	19.19	0.183493	27.856
19.21	19.19	0.183510	27.956
19.21	19.19	0.183527	28.060
19.21	19.18	0.183543	28.156
19.21	19.18	0.183560	28.255
19.21	19.18	0.183577	28.360
19.21	19.18	0.183593	28.455
19.21	19.18	0.183610	28.554
19.21	19.18	0.183627	28.659
19.21	19.18	0.183643	28.753
19.18	19.17	0.183660	28.853
19.18	19.17	0.183677	28.957
19.18	19.17	0.183693	29.052
19.18	19.17	0.183710	29.152
19.18	19.17	0.183726	29.256
19.18	19.17	0.183743	29.351
19.18	19.16	0.183760	29.453
19.18	19.16	0.183776	29.555
19.18	19.16	0.183793	29.649
19.15	19.16	0.183810	29.753
19.15	19.16	0.183826	29.853
19.15	19.16	0.183843	29.948
19.15	19.15	0.183860	30.052
19.15	19.15	0.183876	30.152
19.15	19.15	0.183893	30.247
19.15	19.15	0.183910	30.351
19.15	19.15	0.183926	30.451
19.15	19.15	0.183943	30.547
19.15	19.14	0.183960	30.650
19.15	19.14	0.183976	30.749
19.15	19.14	0.183993	30.848
19.15	19.14	0.184010	30.949
19.15	19.14	0.184026	31.049
19.15	19.14	0.184043	31.148
19.15	19.13	0.184060	31.248
19.15	19.13	0.184076	31.348
19.15	19.13	0.184093	31.447
19.15	19.13	0.184110	31.548
19.15	19.13	0.184126	31.648
19.15	19.13	0.184143	31.748
19.15	19.12	0.184160	31.848
19.13	19.12	0.184176	31.948
19.13	19.12	0.184193	32.048
19.13	19.12	0.184210	32.147
19.13	19.12	0.184226	32.248
19.13	19.12	0.184243	32.347
19.13	19.12	0.184260	32.448
19.13	19.11	0.184276	32.549
19.10	19.11	0.184293	32.649
19.10	19.11	0.184310	32.749
19.10	19.11	0.184326	32.849
19.10	19.11	0.184343	32.948
19.10	19.11	0.184360	33.048
19.10	19.11	0.184376	33.149
19.10	19.11	0.184393	33.248
19.10	19.10	0.184410	33.348
19.10	19.10	0.184426	33.448
19.10	19.10	0.184443	33.549
19.10	19.10	0.184460	33.649
19.10	19.10	0.184476	33.748
19.08	19.10	0.184493	33.849
19.08	19.10	0.184510	33.948
19.08	19.10	0.184526	34.049
19.08	19.10	0.184543	34.149
19.08	19.10	0.184559	34.249
19.08	19.10	0.184576	34.349
19.08	19.10	0.184593	34.449
19.08	19.10	0.184609	34.549
19.08	19.10	0.184626	34.648
19.08	19.10	0.184643	34.749
19.08	19.10	0.184659	34.848
19.08	19.10	0.184676	34.949
19.08	19.10	0.184693	35.049
19.08	19.10	0.184709	35.149
19.10	19.10	0.184726	35.249
19.10	19.10	0.184743	35.349
19.10	19.10	0.184759	35.449
19.10	19.10	0.184776	35.550
19.10	19.10	0.184793	35.649
19.10	19.10	0.184809	35.749
19.10	19.10	0.184826	35.850
19.10	19.10	0.184843	35.979
19.10	19.10	0.184859	36.074
19.10	19.10	0.184876	36.173
19.10	19.10	0.184893	36.278
19.10	19.10	0.184909	36.372
19.10	19.10	0.184926	36.472
19.10	19.10	0.184943	36.576
19.10	19.10	0.184959	36.671
19.10	19.10	0.184976	36.773
19.10	19.10	0.184993	36.875
19.10	19.11	0.185009	36.970
19.10	19.11	0.185026	37.072
19.10	19.11	0.185043	37.175
19.10	19.11	0.185059	37.269
19.10	19.11	0.185076	37.372
19.10	19.11	0.185093	37.473
19.10	19.11	0.185109	37.568
19.10	19.12	0.185126	37.673
19.10	19.12	0.185143	37.772
19.10	19.12	0.185159	37.867
19.10	19.12	0.185176	37.971
19.10	19.12	0.185193	38.071
19.10	19.13	0.185209	38.165
19.10	19.13	0.185226	38.270
19.10	19.13	0.185243	38.369
19.10	19.13	0.185259	38.464
19.13	19.13	0.185276	38.569
19.13	19.14	0.185293	38.668
19.13	19.14	0.185309	38.763
19.13	19.14	0.185326	38.867
19.13	19.14	0.185343	38.962
19.13	19.15	0.185359	39.061
19.13	19.15	0.185376	39.166
19.13	19.15	0.185392	39.261
19.15	19.15	0.185409	39.360
19.15	19.16	0.185426	39.466
19.15	19.16	0.185442	39.560
19.15	19.16	0.185459	39.660
19.15	19.17	0.185476	39.764
19.15	19.17	0.185492	39.859
19.15	19.17	0.185509	39.958
19.15	19.17	0.185526	40.063
19.18	19.18	0.185542	40.158
19.18	19.18	0.185559	40.257
19.18	19.18	0.185576	40.362
19.18	19.19	0.185592	40.456
19.18	19.19	0.185609	40.556
19.18	19.19	0.185626	40.660
19.18	19.20	0.185642	40.755
19.18	19.20	0.185659	40.855
19.18	19.20	0.185676	40.959
19.21	19.21	0.185692	41.054
19.21	19.21	0.185709	41.153
19.21	19.21	0.185726	41.258
19.21	19.22	0.185742	41.352
19.21	19.22	0.185759	41.452
19.21	19.22	0.185776	41.556
19.21	19.23	0.185792	41.651
19.23	19.23	0.185809	41.752
19.23	19.23	0.185826	41.855
19.23	19.24	0.185842	41.951
19.23	19.24	0.185859	42.051
19.23	19.24	0.185876	42.154
19.23	19.25	0.185892	42.250
19.23	19.25	0.185909	42.352
19.23	19.25	0.185926	42.454
19.23	19.26	0.185942	42.551
19.26	19.26	0.185959	42.652
19.26	19.26	0.185976	42.752
19.26	19.27	0.185992	42.851
19.26	19.27	0.186009	42.951
19.26	19.28	0.186026	43.051
19.26	19.28	0.186042	43.150
19.26	19.28	0.186059	43.251
19.28	19.29	0.186076	43.351
19.28	19.29	0.186092	43.451
19.28	19.29	0.186109	43.551
19.28	19.30	0.186126	43.651
19.28	19.30	0.186142	43.751
19.28	19.30	0.186159	43.850
19.31	19.31	0.186176	43.951
19.31	19.31	0.186192	44.050
19.31	19.31	0.186209	44.151
19.31	19.32	0.186225	44.251
19.31	19.32	0.186242	44.351
19.31	19.32	0.186259	44.451
19.34	19.33	0.186275	44.551
19.34	19.33	0.186292	44.651
19.34	19.33	0.186309	44.750
19.34	19.33	0.186325	44.851
19.34	19.34	0.186342	44.951
19.34	19.34	0.186359	45.051
19.36	19.34	0.186375	45.151
19.36	19.35	0.186392	45.251
19.36	19.35	0.186409	45.351
19.36	19.35	0.186425	45.451
19.36	19.35	0.186442	45.552
19.36	19.36	0.186459	45.651
19.36	19.36	0.186475	45.752
19.36	19.36	0.186492	45.852
19.36	19.36	0.186509	45.952
19.36	19.37	0.186525	46.052
19.36	19.37	0.186542	46.152
19.39	19.37	0.186559	46.252
19.39	19.37	0.186575	46.351
19.39	19.38	0.186592	46.452
19.39	19.38	0.186609	46.552
19.39	19.38	0.186625	46.652
19.39	19.38	0.186642	46.752
19.39	19.38	0.186659	46.852
19.39	19.39	0.186675	46.952
19.39	19.39	0.186692	47.051
19.39	19.39	0.186709	47.152
19.39	19.39	0.186725	47.251
19.39	19.39	0.186742	47.352
19.39	19.40	0.186759	47.453
19.41	19.40	0.186775	47.553
19.41	19.40	0.186792	47.653
19.41	19.40	0.186809	47.777
19.41	19.40	0.186825	47.852
19.41	19.40	0.186842	47.981
19.41	19.40	0.186859	48.076
19.41	19.40	0.186875	48.175
19.41	19.41	0.186892	48.280
19.41	19.41	0.186909	48.374
19.41	19.41	0.186925	48.474
19.41	19.41	0.186942	48.579
19.41	19.41	0.186959	48.673
19.41	19.41	0.186975	48.773
19.41	19.41	0.186992	48.877
19.41	19.41	0.187009	48.973
19.41	19.41	0.187025	49.072
19.44	19.41	0.187042	49.177
19.44	19.41	0.187058	49.272
19.44	19.41	0.187075	49.371
19.44	19.41	0.187092	49.476
19.44	19.41	0.187108	49.570
19.44	19.41	0.187125	49.672
19.44	19.41	0.187142	49.774
19.44	19.41	0.187158	49.869
19.44	19.41	0.187175	49.971
19.44	19.41	0.187192	50.073
19.44	19.41	0.187208	50.168
19.41	19.41	0.187225	50.271
19.41	19.41	0.187242	50.372
19.41	19.41	0.187258	50.466
19.41	19.41	0.187275	50.571
19.41	19.41	0.187292	50.670
19.41	19.41	0.187308	50.765
19.41	19.41	0.187325	50.870
19.41	19.41	0.187342	50.969
19.41	19.41	0.187358	51.064
19.41	19.41	0.187375	51.168
19.41	19.41	0.187392	51.268
19.41	19.41	0.187408	51.362
19.41	19.40	0.187425	51.468
19.41	19.40	0.187442	51.567
19.41	19.40	0.187458	51.662
19.41	19.40	0.187475	51.767
19.41	19.40	0.187492	51.861
19.41	19.40	0.187508	51.961
19.41	19.40	0.187525	52.065
19.41	19.40	0.187542	52.160
19.41	19.40	0.187558	52.259
19.41	19.39	0.187575	52.364
19.39	19.39	0.187592	52.459
19.39	19.39	0.187608	52.558
19.39	19.39	0.187625	52.663
19.39	19.39	0.187642	52.757
19.39	19.39	0.187658	52.857
19.39	19.39	0.187675	52.961
19.39	19.38	0.187692	53.056
19.39	19.38	0.187708	53.155
19.39	19.38	0.187725	53.260
19.39	19.38	0.187742	53.355
19.39	19.38	0.187758	53.454
19.39	19.38	0.187775	53.559
19.39	19.37	0.187792	53.654
19.39	19.37	0.187808	53.754
19.39	19.37	0.187825	53.858
19.39	19.37	0.187842	53.954
19.39	19.37	0.187858	54.054
19.39	19.37	0.187875	54.157
19.39	19.36	0.187891	54.254
19.39	19.36	0.187908	54.353
19.39	19.36	0.187925	54.456
19.36	19.36	0.187941	54.554
19.36	19.36	0.187958	54.654
19.36	19.36	0.187975	54.754
19.36	19.35	0.187991	54.854
19.36	19.35	0.188008	54.954
19.36	19.35	0.188025	55.054
19.36	19.35	0.188041	55.154
19.36	19.35	0.188058	55.254
19.34	19.35	0.188075	55.354
19.34	19.34	0.188091	55.453
19.34	19.34	0.188108	55.554
19.34	19.34	0.188125	55.655
19.34	19.34	0.188141	55.755
19.34	19.34	0.188158	55.855
19.34	19.34	0.188175	55.955
19.34	19.33	0.188191	56.055
19.34	19.33	0.188208	56.155
19.34	19.33	0.188225	56.255
19.34	19.33	0.188241	56.354
19.34	19.33	0.188258	56.455
19.34	19.33	0.188275	56.555
19.34	19.33	0.188291	56.655
19.34	19.32	0.188308	56.755
19.31	19.32	0.188325	56.855
19.31	19.32	0.188341	56.955
19.31	19.32	0.188358	57.055
19.31	19.32	0.188375	57.154
19.31	19.32	0.188391	57.255
19.31	19.32	0.188408	57.355
19.31	19.32	0.188425	57.455
19.31	19.32	0.188441	57.555
19.31	19.32	0.188458	57.655
19.31	19.31	0.188475	57.755
19.31	19.31	0.188491	57.854
19.31	19.31	0.188508	57.955
19.31	19.31	0.188525	58.054
19.31	19.31	0.188541	58.155
19.31	19.31	0.188558	58.256
19.31	19.31	0.188575	58.356
19.31	19.31	0.188591	58.456
19.31	19.31	0.188608	58.556
19.31	19.31	0.188625	58.656
19.31	19.31	0.188641	58.755
19.31	19.31	0.188658	58.856
19.28	19.31	0.188675	58.955
19.28	19.31	0.188691	59.056
19.28	19.31	0.188708	59.156
19.28	19.31	0.188724	59.256
19.28	19.31	0.188741	59.356
19.28	19.31	0.188758	59.456
19.28	19.31	0.188774	59.556
19.28	19.31	0.188791	59.655
19.28	19.31	0.188808	59.779
19.28	19.31	0.188824	59.878
19.31	19.31	0.188841	59.984
19.31	19.31	0.188858	00.079
19.31	19.31	0.188874	00.178
19.31	19.31	0.188891	00.282
19.31	19.31	0.188908	00.377
19.31	19.31	0.188924	00.477
19.31	19.32	0.188941	00.581
19.31	19.32	0.188958	00.676
19.31	19.32	0.188974	00.775
19.31	19.32	0.188991	00.880
19.31	19.32	0.189008	00.975
19.34	19.32	0.189024	01.074
19.34	19.32	0.189041	01.179
19.34	19.32	0.189058	01.273
19.34	19.32	0.189074	01.373
19.34	19.33	0.189091	01.477
19.34	19.33	0.189108	01.572
19.34	19.33	0.189124	01.672
19.34	19.33	0.189141	01.776
19.34	19.33	0.189158	01.871
19.34	19.34	0.189174	01.970
19.34	19.34	0.189191	02.075
19.31	19.34	0.189208	02.169
19.31	19.34	0.189224	02.270
19.31	19.34	0.189241	02.373
19.31	19.35	0.189258	02.469
19.31	19.35	0.189274	02.570
19.31	19.35	0.189291	02.673
19.34	19.35	0.189308	02.768
19.34	19.35	0.189324	02.870
19.34	19.36	0.189341	02.972
19.34	19.36	0.189358	03.066
19.34	19.36	0.189374	03.170
19.34	19.36	0.189391	03.270
19.34	19.37	0.189408	03.365
19.34	19.37	0.189424	03.470
19.36	19.37	0.189441	03.569
19.36	19.38	0.189458	03.664
19.36	19.38	0.189474	03.768
19.36	19.38	0.189491	03.868
19.36	19.38	0.189508	03.962
19.36	19.39	0.189524	04.067
19.36	19.39	0.189541	04.167
19.39	19.39	0.189557	04.261
19.39	19.40	0.189574	04.366
19.39	19.40	0.189591	04.465
19.39	19.40	0.189607	04.560
19.39	19.41	0.189624	04.664
19.39	19.41	0.189641	04.759
19.41	19.41	0.189657	04.859
19.41	19.42	0.189674	04.964
19.41	19.42	0.189691	05.059
19.41	19.42	0.189707	05.157
19.41	19.43	0.189724	05.263
19.41	19.43	0.189741	05.356
19.44	19.43	0.189757	05.457
19.44	19.44	0.189774	05.561
19.44	19.44	0.189791	05.657
19.44	19.44	0.189807	05.756
19.44	19.45	0.189824	05.860
19.44	19.45	0.189841	05.957
19.44	19.45	0.189857	06.057
19.44	19.46	0.189874	06.159
19.44	19.46	0.189891	06.256
19.47	19.46	0.189907	06.357
19.47	19.47	0.189924	06.458
19.47	19.47	0.189941	06.557
19.47	19.47	0.189957	06.657
19.47	19.48	0.189974	06.757
19.47	19.48	0.189991	06.857
19.47	19.49	0.190007	06.956
19.47	19.49	0.190024	07.057
19.49	19.49	0.190041	07.156
19.49	19.50	0.190057	07.257
19.49	19.50	0.190074	07.357
19.49	19.50	0.190091	07.457
19.49	19.51	0.190107	07.557
19.49	19.51	0.190124	07.657
19.49	19.51	0.190141	07.757
19.52	19.52	0.190157	07.856
19.52	19.52	0.190174	07.957
19.52	19.52	0.190191	08.056
19.52	19.53	0.190207	08.157
19.52	19.53	0.190224	08.257
19.52	19.53	0.190241	08.357
19.54	19.54	0.190257	08.457
19.54	19.54	0.190274	08.557
19.54	19.54	0.190291	08.657
19.54	19.54	0.190307	08.756
19.54	19.55	0.190324	08.857
19.54	19.55	0.190341	08.957
19.54	19.55	0.190357	09.057
19.54	19.56	0.190374	09.157
19.57	19.56	0.190390	09.257
19.57	19.56	0.190407	09.357
19.57	19.56	0.190424	09.456
19.57	19.57	0.190440	09.557
19.57	19.57	0.190457	09.656
19.57	19.57	0.190474	09.757
19.57	19.58	0.190490	09.857
19.60	19.58	0.190507	09.957
19.60	19.58	0.190524	10.057
19.60	19.58	0.190540	10.157
19.60	19.59	0.190557	10.257
19.60	19.59	0.190574	10.356
19.60	19.59	0.190590	10.457
19.60	19.59	0.190607	10.557
19.60	19.59	0.190624	10.657
19.60	19.60	0.190640	10.758
19.60	19.60	0.190657	10.858
19.60	19.60	0.190674	10.958
19.60	19.60	0.190690	11.058
19.60	19.60	0.190707	11.158
19.60	19.61	0.190724	11.257
19.60	19.61	0.190740	11.358
19.60	19.61	0.190757	11.458
19.60	19.61	0.190774	11.582
19.60	19.61	0.190790	11.658
19.62	19.61	0.190807	11.787
19.62	19.61	0.190824	11.882
19.62	19.62	0.190840	11.986
19.62	19.62	0.190857	12.086
19.62	19.62	0.190874	12.180
19.62	19.62	0.190890	12.285
19.62	19.62	0.190907	12.379
19.62	19.62	0.190924	12.479
19.62	19.62	0.190940	12.584
19.62	19.62	0.190957	12.678
19.62	19.62	0.190974	12.778
19.62	19.62	0.190990	12.882
19.65	19.62	0.191007	12.977
19.65	19.62	0.191024	13.076
19.65	19.63	0.191040	13.181
19.65	19.63	0.191057	13.276
19.65	19.63	0.191074	13.375
19.65	19.63	0.191090	13.480
19.65	19.63	0.191107	13.574
19.65	19.63	0.191124	13.674
19.65	19.63	0.191140	13.778
19.65	19.63	0.191157	13.873
19.65	19.63	0.191174	13.972
19.65	19.63	0.191190	14.077
19.65	19.63	0.191207	14.172
19.65	19.63	0.191223	14.271
19.65	19.63	0.191240	14.376
19.65	19.63	0.191257	14.471
19.62	19.62	0.191273	14.571
19.62	19.62	0.191290	14.675
19.62	19.62	0.191307	14.770
19.62	19.62	0.191323	14.869
19.62	19.62	0.191340	14.974
19.62	19.62	0.191357	15.069
19.62	19.62	0.191373	15.168
19.62	19.62	0.191390	15.273
19.62	19.62	0.191407	15.367
19.62	19.62	0.191423	15.469
19.62	19.62	0.191440	15.571
19.62	19.62	0.191457	15.666
19.62	19.62	0.191473	15.769
19.62	19.61	0.191490	15.870
19.62	19.61	0.191507	15.965
19.62	19.61	0.191523	16.068
19.62	19.61	0.191540	16.169
19.62	19.61	0.191557	16.263
19.62	19.61	0.191573	16.368
19.62	19.61	0.191590	16.467
19.62	19.61	0.191607	16.562
19.62	19.60	0.191623	16.668
19.62	19.60	0.191640	16.767
19.62	19.60	0.191657	16.862
19.62	19.60	0.191673	16.966
19.62	19.60	0.191690	17.066
19.62	19.60	0.191707	17.160
19.62	19.59	0.191723	17.265
19.62	19.59	0.191740	17.365
19.60	19.59	0.191757	17.459
19.60	19.59	0.191773	17.564
19.60	19.59	0.191790	17.658
19.60	19.59	0.191807	17.758
19.60	19.58	0.191823	17.862
19.60	19.58	0.191840	17.958
19.60	19.58	0.191857	18.057
19.60	19.58	0.191873	18.161
19.60	19.58	0.191890	18.258
19.57	19.58	0.191907	18.358
19.57	19.57	0.191923	18.460
19.57	19.57	0.191940	18.558
19.57	19.57	0.191957	18.658
19.57	19.57	0.191973	18.759
19.57	19.57	0.191990	18.858
19.57	19.57	0.192007	18.959
19.57	19.56	0.192023	19.059
19.57	19.56	0.192040	19.164
19.57	19.56	0.192056	19.259
19.57	19.56	0.192073	19.359
19.57	19.56	0.192090	19.459
19.54	19.56	0.192106	19.558
19.54	19.55	0.192123	19.659
19.54	19.55	0.192140	19.759
19.54	19.55	0.192156	19.859
19.54	19.55	0.192173	19.959
19.54	19.55	0.192190	20.063
19.54	19.55	0.192206	20.159
19.54	19.54	0.192223	20.259
19.54	19.54	0.192240	20.364
19.54	19.54	0.192256	20.459
19.54	19.54	0.192273	20.560
19.54	19.54	0.192290	20.664
19.54	19.54	0.192306	20.760
19.54	19.54	0.192323	20.860
19.54	19.54	0.192340	20.963
19.54	19.53	0.192356	21.060
19.54	19.53	0.192373	21.159
19.54	19.53	0.192390	21.264
19.54	19.53	0.192406	21.360
19.54	19.53	0.192423	21.460
19.54	19.53	0.192440	21.564
19.54	19.53	0.192456	21.660
19.54	19.53	0.192473	21.760
19.54	19.53	0.192490	21.863
19.54	19.53	0.192506	21.960
19.54	19.53	0.192523	22.059
19.54	19.52	0.192540	22.164
19.54	19.52	0.192556	22.260
19.54	19.52	0.192573	22.360
19.54	19.52	0.192590	22.464
19.52	19.52	0.192606	22.560
19.52	19.52	0.192623	22.660
19.52	19.52	0.192640	22.763
19.52	19.52	0.192656	22.860
19.52	19.52	0.192673	22.959
19.52	19.52	0.192690	23.063
19.52	19.52	0.192706	23.161
19.52	19.52	0.192723	23.261
19.52	19.52	0.192740	23.364
19.52	19.52	0.192756	23.460
19.52	19.52	0.192773	23.585
19.52	19.52	0.192790	23.663
19.52	19.52	0.192806	23.789
19.49	19.52	0.192823	23.883
19.49	19.52	0.192840	23.963
19.49	19.52	0.192856	24.088
19.49	19.53	0.192873	24.182
19.49	19.53	0.192889	24.287
19.49	19.53	0.192906	24.386
19.49	19.53	0.192923	24.481
19.49	19.53	0.192939	24.585
19.49	19.53	0.192956	24.685
19.52	19.53	0.192973	24.779
19.52	19.53	0.192989	24.884
19.52	19.53	0.193006	24.984
19.52	19.53	0.193023	25.078
19.52	19.54	0.193039	25.183
19.52	19.54	0.193056	25.277
19.52	19.54	0.193073	25.377
19.52	19.54	0.193089	25.481
19.52	19.54	0.193106	25.576
19.54	19.54	0.193123	25.677
19.54	19.54	0.193139	25.781
19.54	19.55	0.193156	25.876
19.54	19.55	0.193173	25.975
19.54	19.55	0.193189	26.080
19.54	19.55	0.193206	26.174
19.54	19.55	0.193223	26.274
19.54	19.56	0.193239	26.378
19.54	19.56	0.193256	26.473
19.54	19.56	0.193273	26.573
19.57	19.56	0.193289	26.677
19.57	19.57	0.193306	26.772
19.57	19.57	0.193323	26.871
19.57	19.57	0.193339	26.976
19.57	19.57	0.193356	27.070
19.57	19.58	0.193373	27.170
19.57	19.58	0.193389	27.275
19.57	19.58	0.193406	27.369
19.57	19.58	0.193423	27.469
19.57	19.59	0.193439	27.573
19.57	19.59	0.193456	27.668
19.57	19.59	0.193473	27.767
19.60	19.59	0.193489	27.873
19.60	19.60	0.193506	27.967
19.60	19.60	0.193523	28.067
19.60	19.60	0.193539	28.172
19.60	19.61	0.193556	28.266
19.60	19.61	0.193573	28.367
19.60	19.61	0.193589	28.470
19.60	19.62	0.193606	28.565
19.60	19.62	0.193623	28.667
19.60	19.62	0.193639	28.769
19.60	19.63	0.193656	28.864
19.62	19.63	0.193673	28.967
19.62	19.63	0.193689	29.068
19.62	19.64	0.193706	29.162
19.62	19.64	0.193722	29.267
19.62	19.64	0.193739	29.366
19.62	19.65	0.193756	29.461
19.62	19.65	0.193772	29.565
19.62	19.65	0.193789	29.665
19.65	19.66	0.193806	29.760
19.65	19.66	0.193822	29.864
19.65	19.66	0.193839	29.964
19.65	19.67	0.193856	30.061
19.65	19.67	0.193872	30.163
19.65	19.67	0.193889	30.262
19.67	19.68	0.193906	30.360
19.67	19.68	0.193922	30.462
19.67	19.68	0.193939	30.562
19.67	19.69	0.193956	30.661
19.67	19.69	0.193972	30.761
19.67	19.69	0.193989	30.863
19.70	19.70	0.194006	30.960
19.70	19.70	0.194022	31.061
19.70	19.71	0.194039	31.162
19.70	19.71	0.194056	31.261
19.70	19.71	0.194072	31.361
19.70	19.72	0.194089	31.462
19.73	19.72	0.194106	31.561
19.73	19.72	0.194122	31.661
19.73	19.73	0.194139	31.762
19.73	19.73	0.194156	31.860
19.73	19.73	0.194172	31.961
19.73	19.74	0.194189	32.062
19.73	19.74	0.194206	32.161
19.75	19.74	0.194222	32.261
19.75	19.75	0.194239	32.362
19.75	19.75	0.194256	32.461
19.75	19.75	0.194272	32.561
19.75	19.75	0.194289	32.662
19.75	19.76	0.194306	32.760
19.75	19.76	0.194322	32.861
19.75	19.76	0.194339	32.963
19.78	19.77	0.194356	33.061
19.78	19.77	0.194372	33.161
19.78	19.77	0.194389	33.262
19.78	19.78	0.194406	33.361
19.78	19.78	0.194422	33.460
19.78	19.78	0.194439	33.562
19.78	19.78	0.194456	33.660
19.78	19.79	0.194472	33.761
19.80	19.79	0.194489	33.863
19.80	19.79	0.194506	33.961
19.80	19.79	0.194522	34.061
19.80	19.80	0.194539	34.162
19.80	19.80	0.194555	34.261
19.80	19.80	0.194572	34.360
19.80	19.80	0.194589	34.462
19.80	19.81	0.194605	34.560
19.80	19.81	0.194622	34.661
19.80	19.81	0.194639	34.762
19.80	19.81	0.194655	34.861
19.83	19.81	0.194672	34.961
19.83	19.82	0.194689	35.062
19.83	19.82	0.194705	35.161
19.83	19.82	0.194722	35.260
19.83	19.82	0.194739	35.362
19.83	19.82	0.194755	35.461
19.83	19.82	0.194772	35.561
19.83	19.82	0.194789	35.662
19.83	19.83	0.194805	35.761
19.83	19.83	0.194822	35.861
19.83	19.83	0.194839	35.962
19.83	19.83	0.194855	36.090
19.83	19.83	0.194872	36.159
19.83	19.83	0.194889	36.262
19.83	19.83	0.194905	36.388
19.83	19.83	0.194922	36.483
19.83	19.84	0.194939	36.562
19.86	19.84	0.194955	36.687
19.86	19.84	0.194972	36.782
19.86	19.84	0.194989	36.861
19.86	19.84	0.195005	36.986
19.86	19.84	0.195022	37.080
19.86	19.84	0.195039	37.186
19.86	19.84	0.195055	37.285
19.86	19.84	0.195072	37.380
19.86	19.84	0.195089	37.485
19.86	19.84	0.195105	37.584
19.86	19.84	0.195122	37.679
19.86	19.84	0.195139	37.783
19.86	19.84	0.195155	37.883
19.86	19.84	0.195172	37.977
19.86	19.84	0.195189	38.082
19.86	19.84	0.195205	38.182
19.86	19.84	0.195222	38.276
19.86	19.84	0.195239	38.381
19.86	19.84	0.195255	38.475
19.83	19.84	0.195272	38.575
19.83	19.84	0.195289	38.679
19.83	19.84	0.195305	38.774
19.83	19.84	0.195322	38.874
19.83	19.84	0.195339	38.978
19.83	19.84	0.195355	39.073
19.83	19.83	0.195372	39.172
19.83	19.83	0.195388	39.277
19.83	19.83	0.195405	39.371
19.83	19.83	0.195422	39.471
19.83	19.83	0.195438	39.575
19.83	19.83	0.195455	39.670
19.83	19.83	0.195472	39.770
19.83	19.83	0.195488	39.874
19.83	19.83	0.195505	39.969
19.83	19.83	0.195522	40.068
19.83	19.82	0.195538	40.174
19.83	19.82	0.195555	40.268
19.83	19.82	0.195572	40.368
19.83	19.82	0.195588	40.472
19.83	19.82	0.195605	40.567
19.83	19.82	0.195622	40.667
19.83	19.82	0.195638	40.771
19.83	19.81	0.195655	40.866
19.83	19.81	0.195672	40.965
19.83	19.81	0.195688	41.070
19.83	19.81	0.195705	41.164
19.83	19.81	0.195722	41.266
19.83	19.81	0.195738	41.369
19.83	19.80	0.195755	41.463
19.83	19.80	0.195772	41.566
19.83	19.80	0.195788	41.667
19.83	19.80	0.195805	41.762
19.83	19.80	0.195822	41.865
19.83	19.80	0.195838	41.966
19.80	19.79	0.195855	42.062
19.80	19.79	0.195872	42.165
19.80	19.79	0.195888	42.265
19.80	19.79	0.195905	42.362
19.80	19.79	0.195922	42.464
19.80	19.79	0.195938	42.563
19.80	19.78	0.195955	42.662
19.80	19.78	0.195972	42.763
19.78	19.78	0.195988	42.863
19.78	19.78	0.196005	42.962
19.78	19.78	0.196022	43.062
19.78	19.78	0.196038	43.162
19.78	19.77	0.196055	43.262
19.78	19.77	0.196072	43.361
19.78	19.77	0.196088	43.461
19.78	19.77	0.196105	43.562
19.78	19.77	0.196122	43.662
19.78	19.77	0.196138	43.762
19.78	19.76	0.196155	43.862
19.75	19.76	0.196172	43.962
19.75	19.76	0.196188	44.062
19.75	19.76	0.196205	44.161
19.75	19.76	0.196221	44.262
19.75	19.76	0.196238	44.361
19.75	19.76	0.196255	44.462
19.75	19.75	0.196271	44.562
19.75	19.75	0.196288	44.662
19.75	19.75	0.196305	44.762
19.75	19.75	0.196321	44.862
19.75	19.75	0.196338	44.961
19.75	19.75	0.196355	45.062
19.75	19.75	0.196371	45.161
19.75	19.75	0.196388	45.262
19.75	19.74	0.196405	45.362
19.75	19.74	0.196421	45.462
19.75	19.74	0.196438	45.562
19.75	19.74	0.196455	45.662
19.75	19.74	0.196471	45.761
19.75	19.74	0.196488	45.861
19.73	19.74	0.196505	45.962
19.73	19.74	0.196521	46.061
19.73	19.74	0.196538	46.162
19.73	19.74	0.196555	46.262
19.73	19.74	0.196571	46.361
19.73	19.74	0.196588	46.461
19.73	19.74	0.196605	46.562
19.73	19.74	0.196621	46.662
19.73	19.74	0.196638	46.761
19.73	19.74	0.196655	46.862
19.73	19.74	0.196671	46.962
19.73	19.74	0.196688	47.062
19.73	19.74	0.196705	47.162
19.73	19.74	0.196721	47.262
19.73	19.74	0.196738	47.362
19.73	19.74	0.196755	47.461
19.73	19.74	0.196771	47.562
19.73	19.74	0.196788	47.663
19.73	19.74	0.196805	47.763
19.73	19.74	0.196821	47.863
19.73	19.74	0.196838	47.987
19.73	19.74	0.196855	48.092
19.73	19.74	0.196871	48.186
19.73	19.74	0.196888	48.286
19.73	19.74	0.196905	48.391
19.73	19.74	0.196921	48.486
19.73	19.74	0.196938	48.585
19.73	19.74	0.196955	48.690
19.73	19.74	0.196971	48.784
19.73	19.74	0.196988	48.885
19.73	19.75	0.197005	48.989
19.75	19.75	0.197021	49.083
19.75	19.75	0.197038	49.185
19.75	19.75	0.197054	49.287
19.75	19.75	0.197071	49.382
19.75	19.75	0.197088	49.484
19.75	19.75	0.197104	49.586
19.75	19.76	0.197121	49.681
19.75	19.76	0.197138	49.784
19.75	19.76	0.197154	49.885
19.75	19.76	0.197171	49.979
19.75	19.76	0.197188	50.084
19.75	19.77	0.197204	50.183
19.75	19.77	0.197221	50.278
19.75	19.77	0.197238	50.382
19.75	19.77	0.197254	50.482
19.75	19.77	0.197271	50.577
19.78	19.78	0.197288	50.681
19.78	19.78	0.197304	50.781
19.78	19.78	0.197321	50.875
19.78	19.78	0.197338	50.981
19.78	19.79	0.197354	51.079
19.78	19.79	0.197371	51.175
19.78	19.79	0.197388	51.280
19.78	19.79	0.197404	51.374
19.78	19.80	0.197421	51.474
19.78	19.80	0.197438	51.578
19.78	19.80	0.197454	51.673
19.78	19.81	0.197471	51.772
19.78	19.81	0.197488	51.877
19.80	19.81	0.197504	51.972
19.80	19.81	0.197521	52.071
19.80	19.82	0.197538	52.176
19.80	19.82	0.197554	52.270
19.80	19.82	0.197571	52.370
19.80	19.83	0.197588	52.474
19.80	19.83	0.197604	52.569
19.80	19.83	0.197621	52.668
19.83	19.84	0.197638	52.773
19.83	19.84	0.197654	52.868
19.83	19.84	0.197671	52.967
19.83	19.85	0.197688	53.072
19.83	19.85	0.197704	53.166
19.83	19.85	0.197721	53.266
19.86	19.86	0.197738	53.370
19.86	19.86	0.197754	53.465
19.86	19.86	0.197771	53.565
19.86	19.87	0.197788	53.670
19.86	19.87	0.197804	53.764
19.86	19.87	0.197821	53.864
19.88	19.88	0.197838	53.969
19.88	19.88	0.197854	54.063
19.88	19.88	0.197871	54.164
19.88	19.89	0.197887	54.267
19.88	19.89	0.197904	54.364
19.88	19.89	0.197921	54.464
19.88	19.90	0.197937	54.566
19.88	19.90	0.197954	54.664
19.91	19.90	0.197971	54.764
19.91	19.91	0.197987	54.865
19.91	19.91	0.198004	54.963
19.91	19.92	0.198021	55.064
19.91	19.92	0.198037	55.163
19.91	19.92	0.198054	55.264
19.91	19.93	0.198071	55.364
19.91	19.93	0.198087	55.464
19.91	19.93	0.198104	55.564
19.93	19.94	0.198121	55.664
19.93	19.94	0.198137	55.764
19.93	19.94	0.198154	55.863
19.93	19.95	0.198171	55.964
19.93	19.95	0.198187	56.064
19.93	19.95	0.198204	56.164
19.96	19.96	0.198221	56.264
19.96	19.96	0.198237	56.364
19.96	19.96	0.198254	56.464
19.96	19.97	0.198271	56.563
19.96	19.97	0.198287	56.664
19.96	19.97	0.198304	56.763
19.96	19.97	0.198321	56.864
19.99	19.98	0.198337	56.964
19.99	19.98	0.198354	57.065
19.99	19.98	0.198371	57.165
19.99	19.99	0.198387	57.265
19.99	19.99	0.198404	57.365
19.99	19.99	0.198421	57.464
19.99	19.99	0.198437	57.565
20.01	20.00	0.198454	57.664
20.01	20.00	0.198471	57.765
20.01	20.00	0.198487	57.865
20.01	20.00	0.198504	57.965
20.01	20.01	0.198521	58.066
20.01	20.01	0.198537	58.166
20.01	20.01	0.198554	58.266
20.01	20.01	0.198571	58.365
20.01	20.02	0.198587	58.466
20.01	20.02	0.198604	58.566
20.01	20.02	0.198621	58.666
20.01	20.02	0.198637	58.766
20.04	20.02	0.198654	58.866
20.04	20.03	0.198671	58.966
20.04	20.03	0.198687	59.065
20.04	20.03	0.198704	59.165
20.04	20.03	0.198720	59.265
20.04	20.03	0.198737	59.366
20.04	20.04	0.198754	59.466
20.04	20.04	0.198770	59.566
20.04	20.04	0.198787	59.666
20.04	20.04	0.198804	59.795
20.04	20.04	0.198820	59.890
20.04	20.04	0.198837	59.989
20.04	20.04	0.198854	00.094
20.04	20.04	0.198870	00.188
20.04	20.05	0.198887	00.288
20.04	20.05	0.198904	00.392
20.06	20.05	0.198920	00.488
20.06	20.05	0.198937	00.588
20.06	20.05	0.198954	00.692
20.06	20.05	0.198970	00.787
20.06	20.05	0.198987	00.886
20.06	20.05	0.199004	00.991
20.06	20.05	0.199020	01.085
20.06	20.05	0.199037	01.185
20.06	20.05	0.199054	01.290
20.06	20.05	0.199070	01.384
20.06	20.05	0.199087	01.484
20.06	20.05	0.199104	01.588
20.06	20.05	0.199120	01.683
20.06	20.05	0.199137	01.783
20.06	20.05	0.199154	01.887
20.06	20.05	0.199170	01.981
20.06	20.05	0.199187	02.083
20.06	20.05	0.199204	02.186
20.06	20.05	0.199220	02.281
20.06	20.05	0.199237	02.383
20.06	20.05	0.199254	02.485
20.06	20.05	0.199270	02.579
20.06	20.05	0.199287	02.683
20.06	20.05	0.199304	02.783
20.06	20.05	0.199320	02.878
20.06	20.05	0.199337	02.983
20.06	20.05	0.199354	03.082
20.06	20.05	0.199370	03.177
20.06	20.05	0.199387	03.281
20.06	20.05	0.199404	03.381
20.06	20.04	0.199420	03.475
20.06	20.04	0.199437	03.580
20.06	20.04	0.199454	03.680
20.06	20.04	0.199470	03.774
20.06	20.04	0.199487	03.879
20.06	20.04	0.199504	03.978
20.06	20.04	0.199520	04.073
20.06	20.04	0.199537	04.178
20.06	20.04	0.199553	04.272
20.06	20.03	0.199570	04.372
20.06	20.03	0.199587	04.477
20.06	20.03	0.199603	04.572
20.06	20.03	0.199620	04.671
20.06	20.03	0.199637	04.775
20.04	20.03	0.199653	04.870
20.04	20.03	0.199670	04.969
20.04	20.02	0.199687	05.074
20.04	20.02	0.199703	05.168
20.04	20.02	0.199720	05.268
20.04	20.02	0.199737	05.373
20.04	20.02	0.199753	05.468
20.01	20.02	0.199770	05.568
20.01	20.01	0.199787	05.671
20.01	20.01	0.199803	05.768
20.01	20.01	0.199820	05.867
20.01	20.01	0.199837	05.970
20.01	20.01	0.199853	06.068
20.01	20.01	0.199870	06.167
20.01	20.00	0.199887	06.269
20.01	20.00	0.199903	06.368
20.01	20.00	0.199920	06.467
20.01	20.00	0.199937	06.568
19.99	20.00	0.199953	06.667
19.99	20.00	0.199970	06.768
19.99	19.99	0.199987	06.868
19.99	19.99	0.200003	06.967
19.99	19.99	0.200020	07.068
19.99	19.99	0.200037	07.168
19.99	19.99	0.200053	07.268
19.99	19.99	0.200070	07.367
19.99	19.98	0.200087	07.468
19.99	19.98	0.200103	07.567
19.99	19.98	0.200120	07.668
19.99	19.98	0.200137	07.768
19.99	19.98	0.200153	07.868
19.96	19.98	0.200170	07.968
19.96	19.97	0.200187	08.068
19.96	19.97	0.200203	08.167
19.96	19.97	0.200220	08.267
19.96	19.97	0.200237	08.368
19.96	19.97	0.200253	08.468
19.96	19.97	0.200270	08.568
19.96	19.97	0.200287	08.668
19.96	19.96	0.200303	08.768
19.96	19.96	0.200320	08.868
19.96	19.96	0.200337	08.968
19.96	19.96	0.200353	09.068
19.96	19.96	0.200370	09.167
19.96	19.96	0.200386	09.268
19.96	19.96	0.200403	09.368
19.96	19.96	0.200420	09.468
19.96	19.96	0.200436	09.568
19.96	19.96	0.200453	09.668
19.96	19.95	0.200470	09.768
19.96	19.95	0.200486	09.867
19.96	19.95	0.200503	09.968
19.96	19.95	0.200520	10.067
19.96	19.95	0.200536	10.168
19.96	19.95	0.200553	10.268
19.96	19.95	0.200570	10.368
19.96	19.95	0.200586	10.468
19.96	19.95	0.200603	10.568
19.93	19.95	0.200620	10.669
19.93	19.95	0.200636	10.768
19.93	19.95	0.200653	10.868
19.93	19.95	0.200670	10.969
19.93	19.95	0.200686	11.069
19.93	19.95	0.200703	11.169
19.93	19.95	0.200720	11.268
19.93	19.95	0.200736	11.369
19.93	19.95	0.200753	11.468
19.93	19.95	0.200770	11.569
19.93	19.95	0.200786	11.668
19.93	19.95	0.200803	11.798
19.96	19.95	0.200820	11.892
19.96	19.95	0.200836	11.992
19.96	19.95	0.200853	12.097
19.96	19.95	0.200870	12.191
19.96	19.95	0.200886	12.291
19.96	19.95	0.200903	12.395
19.96	19.95	0.200920	12.490
19.96	19.96	0.200936	12.589
19.96	19.96	0.200953	12.694
19.96	19.96	0.200970	12.789
19.96	19.96	0.200986	12.888
19.96	19.96	0.201003	12.993
19.96	19.96	0.201020	13.087
19.96	19.96	0.201036	13.187
19.96	19.96	0.201053	13.291
19.96	19.96	0.201070	13.386
19.96	19.97	0.201086	13.485
19.96	19.97	0.201103	13.590
19.96	19.97	0.201120	13.685
19.96	19.97	0.201136	13.784
19.96	19.97	0.201153	13.889
19.96	19.98	0.201170	13.983
19.96	19.98	0.201186	14.083
19.96	19.98	0.201203	14.187
19.96	19.98	0.201219	14.283
19.96	19.98	0.201236	14.382
19.96	19.99	0.201253	14.487
19.96	19.99	0.201269	14.582
19.96	19.99	0.201286	14.681
19.96	19.99	0.201303	14.786
19.96	19.99	0.201319	14.880
19.99	20.00	0.201336	14.982
19.99	20.00	0.201353	15.084
19.99	20.00	0.201369	15.179
19.99	20.00	0.201386	15.282
19.99	20.01	0.201403	15.383
19.99	20.01	0.201419	15.478
19.99	20.01	0.201436	15.581
19.99	20.02	0.201453	15.682
20.01	20.02	0.201469	15.776
20.01	20.02	0.201486	15.881
20.01	20.02	0.201503	15.980
20.01	20.03	0.201519	16.075
20.01	20.03	0.201536	16.180
20.01	20.03	0.201553	16.279
20.01	20.04	0.201569	16.374
20.01	20.04	0.201586	16.478
20.01	20.04	0.201603	16.578
20.04	20.05	0.201619	16.673
20.04	20.05	0.201636	16.778
20.04	20.05	0.201653	16.878
20.04	20.06	0.201669	16.972
20.04	20.06	0.201686	17.077
20.06	20.06	0.201703	17.171
20.06	20.07	0.201719	17.271
20.06	20.07	0.201736	17.375
20.06	20.07	0.201753	17.470
20.06	20.08	0.201769	17.569
20.06	20.08	0.201786	17.674
20.06	20.08	0.201803	17.770
20.09	20.09	0.201819	17.870
20.09	20.09	0.201836	17.973
20.09	20.09	0.201853	18.070
20.09	20.10	0.201869	18.170
20.09	20.10	0.201886	18.271
20.09	20.10	0.201903	18.370
20.12	20.11	0.201919	18.469
20.12	20.11	0.201936	18.570
20.12	20.11	0.201953	18.670
20.12	20.12	0.201969	18.770
20.12	20.12	0.201986	18.870
20.12	20.13	0.202003	18.970
20.12	20.13	0.202019	19.070
20.12	20.13	0.202036	19.169
20.14	20.14	0.202052	19.270
20.14	20.14	0.202069	19.370
20.14	20.14	0.202086	19.470
20.14	20.15	0.202102	19.570
20.14	20.15	0.202119	19.670
20.14	20.15	0.202136	19.770
20.14	20.16	0.202152	19.869
20.14	20.16	0.202169	19.970
20.17	20.16	0.202186	20.069
20.17	20.17	0.202202	20.170
20.17	20.17	0.202219	20.270
20.17	20.17	0.202236	20.370
20.17	20.18	0.202252	20.470
20.17	20.18	0.202269	20.570
20.17	20.18	0.202286	20.670
20.17	20.18	0.202302	20.769
20.19	20.19	0.202319	20.870
20.19	20.19	0.202336	20.970
20.19	20.19	0.202352	21.070
20.19	20.20	0.202369	21.170
20.19	20.20	0.202386	21.270
20.19	20.20	0.202402	21.370
20.19	20.20	0.202419	21.470
20.19	20.21	0.202436	21.570
20.22	20.21	0.202452	21.669
20.22	20.21	0.202469	21.770
20.22	20.22	0.202486	21.870
20.22	20.22	0.202502	21.970
20.22	20.22	0.202519	22.070
20.22	20.22	0.202536	22.170
20.22	20.23	0.202552	22.270
20.22	20.23	0.202569	22.370
20.25	20.23	0.202586	22.471
20.25	20.23	0.202602	22.570
20.25	20.23	0.202619	22.671
20.25	20.24	0.202636	22.771
20.25	20.24	0.202652	22.871
20.25	20.24	0.202669	22.971
20.25	20.24	0.202686	23.071
20.25	20.24	0.202702	23.171
20.25	20.25	0.202719	23.270
20.25	20.25	0.202736	23.371
20.25	20.25	0.202752	23.470
20.25	20.25	0.202769	23.571
20.27	20.25	0.202786	23.671
20.27	20.25	0.202802	23.800
20.27	20.25	0.202819	23.900
20.27	20.26	0.202836	23.994
20.27	20.26	0.202852	24.099
20.27	20.26	0.202869	24.198
20.27	20.26	0.202885	24.293
20.27	20.26	0.202902	24.397
20.27	20.26	0.202919	24.497
20.27	20.26	0.202935	24.592
20.27	20.26	0.202952	24.696
20.27	20.26	0.202969	24.796
20.27	20.26	0.202985	24.890
20.27	20.26	0.203002	24.995
20.27	20.26	0.203019	25.089
20.27	20.27	0.203035	25.189
20.27	20.27	0.203052	25.293
20.27	20.27	0.203069	25.388
20.27	20.27	0.203085	25.488
20.27	20.27	0.203102	25.592
20.27	20.27	0.203119	25.687
20.27	20.27	0.203135	25.786
20.27	20.27	0.203152	25.891
20.27	20.27	0.203169	25.985
20.27	20.27	0.203185	26.085
20.27	20.27	0.203202	26.190
20.27	20.27	0.203219	26.284
20.27	20.27	0.203235	26.385
20.27	20.27	0.203252	26.489
20.27	20.26	0.203269	26.584
20.30	20.26	0.203285	26.683
20.30	20.26	0.203302	26.788
20.30	20.26	0.203319	26.882
20.30	20.26	0.203335	26.982
20.30	20.26	0.203352	27.087
20.30	20.26	0.203369	27.181
20.27	20.26	0.203385	27.281
20.27	20.26	0.203402	27.385
20.27	20.26	0.203419	27.480
20.27	20.26	0.203435	27.580
20.27	20.26	0.203452	27.684
20.27	20.26	0.203469	27.779
20.27	20.25	0.203485	27.880
20.27	20.25	0.203502	27.983
20.27	20.25	0.203519	28.077
20.27	20.25	0.203535	28.180
20.25	20.25	0.203552	28.281
20.25	20.25	0.203569	28.376
20.25	20.25	0.203585	28.479
20.25	20.25	0.203602	28.580
20.25	20.24	0.203619	28.675
20.25	20.24	0.203635	28.780
20.25	20.24	0.203652	28.880
20.25	20.24	0.203669	28.974
20.25	20.24	0.203685	29.079
20.25	20.24	0.203702	29.178
20.25	20.23	0.203718	29.273
20.25	20.23	0.203735	29.378
20.25	20.23	0.203752	29.477
20.22	20.23	0.203768	29.573
20.22	20.23	0.203785	29.676
20.22	20.23	0.203802	29.776
20.22	20.22	0.203818	29.872
20.22	20.22	0.203835	29.975
20.22	20.22	0.203852	30.076
20.22	20.22	0.203868	30.173
20.22	20.22	0.203885	30.274
20.22	20.22	0.203902	30.375
20.22	20.21	0.203918	30.473
20.22	20.21	0.203935	30.572
20.22	20.21	0.203952	30.675
20.22	20.21	0.203968	30.772
20.22	20.21	0.203985	30.873
20.22	20.21	0.204002	30.976
20.22	20.20	0.204018	31.073
20.22	20.20	0.204035	31.173
20.22	20.20	0.204052	31.275
20.22	20.20	0.204068	31.373
20.22	20.20	0.204085	31.472
20.22	20.20	0.204102	31.575
20.22	20.19	0.204118	31.673
20.22	20.19	0.204135	31.773
20.22	20.19	0.204152	31.875
20.22	20.19	0.204168	31.973
20.19	20.19	0.204185	32.073
20.19	20.19	0.204202	32.175
20.19	20.18	0.204218	32.273
20.19	20.18	0.204235	32.372
20.19	20.18	0.204252	32.475
20.19	20.18	0.204268	32.573
20.19	20.18	0.204285	32.673
20.17	20.18	0.204302	32.775
20.17	20.18	0.204318	32.873
20.17	20.18	0.204335	32.973
20.17	20.17	0.204352	33.074
20.17	20.17	0.204368	33.173
20.17	20.17	0.204385	33.272
20.17	20.17	0.204402	33.375
20.17	20.17	0.204418	33.473
20.17	20.17	0.204435	33.573
20.17	20.17	0.204452	33.675
20.17	20.17	0.204468	33.773
20.17	20.17	0.204485	33.872
20.17	20.17	0.204502	33.974
20.17	20.17	0.204518	34.073
20.17	20.16	0.204535	34.172
20.17	20.16	0.204551	34.275
20.17	20.16	0.204568	34.373
20.17	20.16	0.204585	34.473
20.17	20.16	0.204601	34.575
20.14	20.16	0.204618	34.673
20.14	20.16	0.204635	34.773
20.14	20.16	0.204651	34.874
20.14	20.16	0.204668	34.973
20.14	20.16	0.204685	35.073
20.14	20.16	0.204701	35.175
20.14	20.16	0.204718	35.273
20.14	20.16	0.204735	35.373
20.14	20.16	0.204751	35.475
20.14	20.16	0.204768	35.572
20.14	20.16	0.204785	35.698
20.14	20.16	0.204801	35.774
20.14	20.16	0.204818	35.901
20.17	20.16	0.204835	35.996
20.17	20.16	0.204851	36.075
20.17	20.17	0.204868	36.200
20.17	20.17	0.204885	36.295
20.17	20.17	0.204901	36.374
20.17	20.17	0.204918	36.499
20.17	20.17	0.204935	36.593
20.17	20.17	0.204951	36.698
20.17	20.17	0.204968	36.797
20.17	20.17	0.204985	36.892
20.17	20.17	0.205001	36.997
20.17	20.17	0.205018	37.096
20.17	20.18	0.205035	37.191
20.17	20.18	0.205051	37.296
20.17	20.18	0.205068	37.396
20.17	20.18	0.205085	37.490
20.17	20.18	0.205101	37.595
20.17	20.18	0.205118	37.694
20.17	20.18	0.205135	37.789
20.17	20.19	0.205151	37.894
20.17	20.19	0.205168	37.988
20.17	20.19	0.205185	38.088
20.17	20.19	0.205201	38.192
20.17	20.19	0.205218	38.287
20.17	20.20	0.205235	38.386
20.17	20.20	0.205251	38.491
20.17	20.20	0.205268	38.586
20.17	20.20	0.205285	38.685
20.19	20.21	0.205301	38.790
20.19	20.21	0.205318	38.884
20.19	20.21	0.205335	38.984
20.19	20.21	0.205351	39.088
20.19	20.22	0.205368	39.183
20.19	20.22	0.205384	39.282
20.19	20.22	0.205401	39.387
20.19	20.22	0.205418	39.482
20.22	20.23	0.205434	39.581
20.22	20.23	0.205451	39.687
20.22	20.23	0.205468	39.781
20.22	20.23	0.205484	39.881
20.22	20.24	0.205501	39.985
20.22	20.24	0.205518	40.080
20.25	20.24	0.205534	40.180
20.25	20.25	0.205551	40.284
20.25	20.25	0.205568	40.379
20.25	20.25	0.205584	40.478
20.25	20.26	0.205601	40.583
20.25	20.26	0.205618	40.677
20.25	20.26	0.205634	40.778
20.25	20.27	0.205651	40.881
20.27	20.27	0.205668	40.976
20.27	20.27	0.205684	41.079
20.27	20.28	0.205701	41.180
20.27	20.28	0.205718	41.275
20.27	20.28	0.205734	41.378
20.27	20.29	0.205751	41.479
20.27	20.29	0.205768	41.573
20.27	20.29	0.205784	41.678
20.27	20.30	0.205801	41.778
20.30	20.30	0.205818	41.874
20.30	20.30	0.205834	41.977
20.30	20.31	0.205851	42.076
20.30	20.31	0.205868	42.174
20.30	20.31	0.205884	42.275
20.30	20.32	0.205901	42.375
20.32	20.32	0.205918	42.473
20.32	20.32	0.205934	42.575
20.32	20.33	0.205951	42.675
20.32	20.33	0.205968	42.774
20.32	20.33	0.205984	42.874
20.32	20.34	0.206001	42.974
20.32	20.34	0.206018	43.073
20.35	20.35	0.206034	43.173
20.35	20.35	0.206051	43.274
20.35	20.35	0.206068	43.374
20.35	20.36	0.206084	43.474
20.35	20.36	0.206101	43.574
20.38	20.36	0.206118	43.674
20.38	20.37	0.206134	43.774
20.38	20.37	0.206151	43.874
20.38	20.37	0.206168	43.974
20.38	20.38	0.206184	44.073
20.38	20.38	0.206201	44.174
20.38	20.38	0.206217	44.274
20.38	20.39	0.206234	44.374
20.40	20.39	0.206251	44.474
20.40	20.39	0.206267	44.574
20.40	20.39	0.206284	44.674
20.40	20.40	0.206301	44.773
20.40	20.40	0.206317	44.874
20.40	20.40	0.206334	44.973
20.40	20.41	0.206351	45.074
20.40	20.41	0.206367	45.174
20.40	20.41	0.206384	45.274
20.40	20.42	0.206401	45.373
20.43	20.42	0.206417	45.474
20.43	20.42	0.206434	45.574
20.43	20.42	0.206451	45.674
20.43	20.43	0.206467	45.775
20.43	20.43	0.206484	45.875
20.43	20.43	0.206501	45.974
20.43	20.43	0.206517	46.075
20.43	20.44	0.206534	46.175
20.43	20.44	0.206551	46.275
20.43	20.44	0.206567	46.374
20.43	20.44	0.206584	46.475
20.45	20.45	0.206601	46.574
20.45	20.45	0.206617	46.675
20.45	20.45	0.206634	46.775
20.45	20.45	0.206651	46.875
20.45	20.45	0.206667	46.975
20.45	20.46	0.206684	47.075
20.45	20.46	0.206701	47.175
20.45	20.46	0.206717	47.274
20.48	20.46	0.206734	47.375
20.48	20.46	0.206751	47.474
20.48	20.46	0.206767	47.575
20.48	20.46	0.206784	47.675
20.48	20.47	0.206801	47.799
20.48	20.47	0.206817	47.874
20.48	20.47	0.206834	47.998
20.48	20.47	0.206851	48.098
20.48	20.47	0.206867	48.202
20.48	20.47	0.206884	48.297
20.48	20.47	0.206901	48.397
20.48	20.47	0.206917	48.501
20.50	20.48	0.206934	48.597
20.50	20.48	0.206951	48.697
20.50	20.48	0.206967	48.800
20.50	20.48	0.206984	48.894
20.50	20.48	0.207001	48.998
20.50	20.48	0.207017	49.099
20.50	20.48	0.207034	49.194
20.50	20.48	0.207050	49.297
20.50	20.48	0.207067	49.398
20.50	20.48	0.207084	49.493
20.50	20.48	0.207100	49.597
20.50	20.48	0.207117	49.697
20.50	20.48	0.207134	49.791
20.50	20.48	0.207150	49.896
20.50	20.48	0.207167	49.995
20.48	20.48	0.207184	50.090
20.48	20.48	0.207200	50.194
20.48	20.48	0.207217	50.294
20.48	20.48	0.207234	50.389
20.48	20.48	0.207250	50.493
20.48	20.48	0.207267	50.593
20.48	20.48	0.207284	50.687
20.48	20.48	0.207300	50.792
20.48	20.48	0.207317	50.886
20.48	20.48	0.207334	50.986
20.48	20.48	0.207350	51.091
20.48	20.47	0.207367	51.185
20.48	20.47	0.207384	51.285
20.48	20.47	0.207400	51.390
20.48	20.47	0.207417	51.485
20.48	20.47	0.207434	51.584
20.48	20.47	0.207450	51.689
20.48	20.47	0.207467	51.783
20.48	20.47	0.207484	51.883
20.48	20.47	0.207500	51.988
20.48	20.47	0.207517	52.082
20.48	20.46	0.207534	52.182
20.48	20.46	0.207550	52.286
20.48	20.46	0.207567	52.381
20.48	20.46	0.207584	52.480
20.48	20.46	0.207600	52.585
20.48	20.46	0.207617	52.680
20.48	20.46	0.207634	52.779
20.48	20.45	0.207650	52.884
20.48	20.45	0.207667	52.978
20.45	20.45	0.207684	53.078
20.45	20.45	0.207700	53.182
20.45	20.45	0.207717	53.277
20.45	20.45	0.207734	53.376
20.45	20.44	0.207750	53.481
20.45	20.44	0.207767	53.576
20.45	20.44	0.207784	53.677
20.45	20.44	0.207800	53.780
20.45	20.44	0.207817	53.875
20.43	20.44	0.207834	53.977
20.43	20.43	0.207850	54.079
20.43	20.43	0.207867	54.175
20.43	20.43	0.207883	54.276
20.43	20.43	0.207900	54.378
20.43	20.43	0.207917	54.475
20.43	20.43	0.207933	54.576
20.43	20.42	0.207950	54.677
20.43	20.42	0.207967	54.775
20.43	20.42	0.207983	54.876
20.43	20.42	0.208000	54.975
20.43	20.42	0.208017	55.075
20.43	20.42	0.208033	55.175
20.43	20.41	0.208050	55.275
20.43	20.41	0.208067	55.375
20.43	20.41	0.208083	55.475
20.40	20.41	0.208100	55.575
20.40	20.41	0.208117	55.674
20.40	20.41	0.208133	55.774
20.40	20.40	0.208150	55.874
20.40	20.40	0.208167	55.975
20.40	20.40	0.208183	56.075
20.40	20.40	0.208200	56.175
20.40	20.40	0.208217	56.275
20.40	20.40	0.208233	56.375
20.40	20.40	0.208250	56.475
20.40	20.39	0.208267	56.574
20.40	20.39	0.208283	56.676
20.40	20.39	0.208300	56.775
20.40	20.39	0.208317	56.876
20.40	20.39	0.208333	56.976
20.40	20.39	0.208350	57.076
20.40	20.39	0.208367	57.176
20.40	20.39	0.208383	57.276
20.38	20.38	0.208400	57.376
20.38	20.38	0.208417	57.475
20.38	20.38	0.208433	57.576
20.38	20.38	0.208450	57.676
20.38	20.38	0.208467	57.776
20.38	20.38	0.208483	57.876
20.38	20.38	0.208500	57.976
20.38	20.38	0.208517	58.076
20.38	20.38	0.208533	58.175
20.38	20.38	0.208550	58.276
20.38	20.38	0.208567	58.375
20.38	20.38	0.208583	58.476
20.38	20.38	0.208600	58.576
20.38	20.38	0.208617	58.676
20.38	20.38	0.208633	58.776
20.38	20.38	0.208650	58.876
20.38	20.38	0.208667	58.976
20.38	20.38	0.208683	59.075
20.35	20.38	0.208700	59.176
20.35	20.38	0.208716	59.275
20.35	20.38	0.208733	59.376
20.35	20.38	0.208750	59.476
20.35	20.38	0.208766	59.576
20.35	20.38	0.208783	59.676
20.35	20.38	0.208800	59.776
20.35	20.38	0.208816	59.876
20.35	20.38	0.208833	59.975
20.38	20.38	0.208850	00.075
20.38	20.38	0.208866	00.175
20.38	20.38	0.208883	00.299
20.38	20.38	0.208900	00.399
20.38	20.38	0.208916	00.503
20.38	20.38	0.208933	00.598
20.38	20.38	0.208950	00.697
20.38	20.38	0.208966	00.803
20.38	20.38	0.208983	00.896
20.38	20.39	0.209000	00.997
20.38	20.39	0.209016	01.101
20.38	20.39	0.209033	01.196
20.38	20.39	0.209050	01.296
20.38	20.39	0.209066	01.400
20.38	20.39	0.209083	01.495
20.38	20.39	0.209100	01.595
20.38	20.40	0.209116	01.699
20.38	20.40	0.209133	01.793
20.38	20.40	0.209150	01.896
20.38	20.40	0.209166	01.998
20.38	20.40	0.209183	02.092
20.38	20.41	0.209200	02.196
20.38	20.41	0.209216	02.296
20.40	20.41	0.209233	02.391
20.40	20.41	0.209250	02.495
20.40	20.41	0.209266	02.595
20.40	20.42	0.209283	02.689
20.40	20.42	0.209300	02.794
20.40	20.42	0.209316	02.894
20.40	20.42	0.209333	02.988
20.40	20.43	0.209350	03.093
20.40	20.43	0.209366	03.192
20.43	20.43	0.209383	03.287
20.43	20.43	0.209400	03.391
20.43	20.44	0.209416	03.492
20.43	20.44	0.209433	03.587
20.43	20.44	0.209450	03.691
20.43	20.45	0.209466	03.786
20.43	20.45	0.209483	03.885
20.45	20.45	0.209500	03.990
20.45	20.45	0.209516	04.084
20.45	20.46	0.209533	04.184
20.45	20.46	0.209549	04.288
20.45	20.46	0.209566	04.383
20.45	20.47	0.209583	04.483
20.45	20.47	0.209599	04.587
20.45	20.47	0.209616	04.682
20.48	20.48	0.209633	04.781
20.48	20.48	0.209649	04.886
20.48	20.48	0.209666	04.980
20.48	20.49	0.209683	05.080
20.48	20.49	0.209699	05.184
20.48	20.49	0.209716	05.279
20.48	20.50	0.209733	05.379
20.48	20.50	0.209749	05.483
20.50	20.50	0.209766	05.578
20.50	20.51	0.209783	05.677
20.50	20.51	0.209799	05.782
20.50	20.51	0.209816	05.876
20.50	20.52	0.209833	05.977
20.50	20.52	0.209849	06.081
20.50	20.52	0.209866	06.177
20.53	20.53	0.209883	06.277
20.53	20.53	0.209899	06.380
20.53	20.53	0.209916	06.477
20.53	20.54	0.209933	06.576
20.53	20.54	0.209949	06.679
20.53	20.54	0.209966	06.776
20.53	20.55	0.209983	06.877
20.53	20.55	0.209999	06.978
20.56	20.56	0.210016	07.077
20.56	20.56	0.210033	07.177
20.56	20.56	0.210049	07.277
20.56	20.57	0.210066	07.377
20.56	20.57	0.210083	07.476
20.56	20.57	0.210099	07.577
20.56	20.58	0.210116	07.677
20.58	20.58	0.210133	07.777
20.58	20.58	0.210149	07.877
20.58	20.59	0.210166	07.977
20.58	20.59	0.210183	08.077
20.58	20.59	0.210199	08.176
20.58	20.60	0.210216	08.277
20.58	20.60	0.210233	08.376
20.61	20.60	0.210249	08.477
20.61	20.61	0.210266	08.577
20.61	20.61	0.210283	08.677
20.61	20.61	0.210299	08.777
20.61	20.61	0.210316	08.876
20.61	20.62	0.210333	08.977
20.61	20.62	0.210349	09.076
20.63	20.62	0.210366	09.177
20.63	20.63	0.210382	09.277
20.63	20.63	0.210399	09.377
20.63	20.63	0.210416	09.477
20.63	20.63	0.210432	09.577
20.63	20.64	0.210449	09.677
20.63	20.64	0.210466	09.777
20.63	20.64	0.210482	09.878
20.66	20.64	0.210499	09.977
20.66	20.65	0.210516	10.078
20.66	20.65	0.210532	10.178
20.66	20.65	0.210549	10.278
20.66	20.65	0.210566	10.378
20.66	20.66	0.210582	10.478
20.66	20.66	0.210599	10.578
20.66	20.66	0.210616	10.677
20.66	20.66	0.210632	10.778
20.66	20.66	0.210649	10.878
20.68	20.67	0.210666	10.978
20.68	20.67	0.210682	11.078
20.68	20.67	0.210699	11.178
20.68	20.67	0.210716	11.278
20.68	20.67	0.210732	11.377
20.68	20.68	0.210749	11.478
20.68	20.68	0.210766	11.577
20.68	20.68	0.210782	11.678
20.68	20.68	0.210799	11.778
20.68	20.68	0.210816	11.878
20.68	20.68	0.210832	11.978
20.68	20.68	0.210849	12.102
20.68	20.68	0.210866	12.207
20.68	20.69	0.210882	12.301
20.68	20.69	0.210899	12.401
20.68	20.69	0.210916	12.505
20.68	20.69	0.210932	12.600
20.71	20.69	0.210949	12.700
20.71	20.69	0.210966	12.805
20.71	20.69	0.210982	12.900
20.71	20.69	0.210999	12.999
20.71	20.69	0.211016	13.104
20.71	20.69	0.211032	13.198
20.71	20.69	0.211049	13.298
20.71	20.69	0.211066	13.402
20.71	20.69	0.211082	13.497
20.71	20.69	0.211099	13.597
20.71	20.69	0.211116	13.701
20.71	20.69	0.211132	13.796
20.71	20.69	0.211149	13.895
20.71	20.69	0.211166	14.000
20.71	20.69	0.211182	14.094
20.71	20.69	0.211199	14.195
20.71	20.69	0.211215	14.298
20.71	20.69	0.211232	14.393
20.71	20.69	0.211249	14.495
20.71	20.69	0.211265	14.597
20.71	20.69	0.211282	14.692
20.71	20.69	0.211299	14.794
20.71	20.69	0.211315	14.896
20.71	20.69	0.211332	14.990
20.71	20.69	0.211349	15.094
20.68	20.69	0.211365	15.195
20.68	20.69	0.211382	15.289
20.68	20.69	0.211399	15.395
20.68	20.68	0.211415	15.494
20.68	20.68	0.211432	15.588
20.68	20.68	0.211449	15.693
20.68	20.68	0.211465	15.793
20.68	20.68	0.211482	15.888
20.68	20.68	0.211499	15.992
20.68	20.68	0.211515	16.092
20.68	20.68	0.211532	16.186
20.68	20.68	0.211549	16.291
20.68	20.67	0.211565	16.390
20.68	20.67	0.211582	16.485
20.68	20.67	0.211599	16.589
20.68	20.67	0.211615	16.684
20.68	20.67	0.211632	16.784
20.68	20.67	0.211649	16.888
20.68	20.67	0.211665	16.983
20.68	20.66	0.211682	17.082
20.68	20.66	0.211699	17.187
20.68	20.66	0.211715	17.281
20.68	20.66	0.211732	17.381
20.68	20.66	0.211749	17.486
20.68	20.66	0.211765	17.580
20.68	20.65	0.211782	17.680
20.66	20.65	0.211799	17.784
20.66	20.65	0.211815	17.879
20.66	20.65	0.211832	17.978
20.66	20.65	0.211849	18.083
20.66	20.65	0.211865	18.178
20.66	20.64	0.211882	18.279
20.66	20.64	0.211899	18.383
20.66	20.64	0.211915	18.479
20.66	20.64	0.211932	18.579
20.66	20.64	0.211949	18.681
20.63	20.64	0.211965	18.779
20.63	20.63	0.211982	18.878
20.63	20.63	0.211999	18.980
20.63	20.63	0.212015	19.079
20.63	20.63	0.212032	19.179
20.63	20.63	0.212048	19.279
20.63	20.63	0.212065	19.379
20.63	20.62	0.212082	19.479
20.63	20.62	0.212098	19.578
20.63	20.62	0.212115	19.679
20.61	20.62	0.212132	19.778
20.61	20.62	0.212148	19.878
20.61	20.62	0.212165	19.979
20.61	20.61	0.212182	20.079
20.61	20.61	0.212198	20.179
20.61	20.61	0.212215	20.279
20.61	20.61	0.212232	20.379
20.61	20.61	0.212248	20.478
20.61	20.61	0.212265	20.579
20.61	20.61	0.212282	20.679
20.61	20.60	0.212298	20.779
20.61	20.60	0.212315	20.879
20.61	20.60	0.212332	20.979
20.61	20.60	0.212348	21.079
20.61	20.60	0.212365	21.178
20.61	20.60	0.212382	21.279
20.58	20.60	0.212398	21.378
20.58	20.60	0.212415	21.479
20.58	20.60	0.212432	21.579
20.58	20.60	0.212448	21.679
20.58	20.59	0.212465	21.779
20.58	20.59	0.212482	21.879
20.58	20.59	0.212498	21.979
20.58	20.59	0.212515	22.078
20.58	20.59	0.212532	22.179
20.58	20.59	0.212548	22.278
20.58	20.59	0.212565	22.379
20.58	20.59	0.212582	22.479
20.58	20.59	0.212598	22.579
20.58	20.59	0.212615	22.679
20.58	20.59	0.212632	22.778
20.58	20.59	0.212648	22.879
20.58	20.59	0.212665	22.978
20.58	20.59	0.212682	23.079
20.58	20.59	0.212698	23.179
20.58	20.59	0.212715	23.279
20.61	20.59	0.212732	23.379
20.61	20.59	0.212748	23.479
20.61	20.59	0.212765	23.579
20.61	20.59	0.212782	23.678
20.61	20.59	0.212798	23.779
20.61	20.59	0.212815	23.878
20.61	20.59	0.212832	23.979
20.61	20.59	0.212848	24.079
20.61	20.59	0.212865	24.179
20.58	20.59	0.212881	24.279
20.58	20.59	0.212898	24.403
20.58	20.59	0.212915	24.508
20.58	20.60	0.212931	24.602
20.58	20.60	0.212948	24.702
20.58	20.60	0.212965	24.806
20.58	20.60	0.212981	24.901
20.58	20.60	0.212998	25.001
20.58	20.60	0.213015	25.105
20.58	20.60	0.213031	25.200
20.58	20.60	0.213048	25.299
20.58	20.60	0.213065	25.404
20.58	20.61	0.213081	25.499
20.58	20.61	0.213098	25.599
20.58	20.61	0.213115	25.703
20.58	20.61	0.213131	25.798
20.61	20.61	0.213148	25.898
20.61	20.62	0.213165	26.002
20.61	20.62	0.213181	26.096
20.61	20.62	0.213198	26.196
20.61	20.62	0.213215	26.300
20.61	20.62	0.213231	26.395
20.61	20.63	0.213248	26.495
20.61	20.63	0.213265	26.599
20.61	20.63	0.213281	26.694
20.63	20.63	0.213298	26.793
20.63	20.63	0.213315	26.899
20.63	20.64	0.213331	26.993
20.63	20.64	0.213348	27.093
20.63	20.64	0.213365	27.197
20.63	20.64	0.213381	27.292
20.63	20.65	0.213398	27.393
20.63	20.65	0.213415	27.496
20.63	20.65	0.213431	27.591
20.63	20.66	0.213448	27.693
20.66	20.66	0.213465	27.795
20.66	20.66	0.213481	27.889
20.66	20.66	0.213498	27.993
20.66	20.67	0.213515	28.093
20.66	20.67	0.213531	28.188
20.66	20.67	0.213548	28.293
20.66	20.68	0.213565	28.392
20.66	20.68	0.213581	28.487
20.66	20.68	0.213598	28.591
20.68	20.69	0.213615	28.691
20.68	20.69	0.213631	28.785
20.68	20.69	0.213648	28.890
20.68	20.70	0.213665	28.990
20.68	20.70	0.213681	29.084
20.68	20.70	0.213698	29.189
20.68	20.71	0.213714	29.288
20.68	20.71	0.213731	29.383
20.71	20.71	0.213748	29.488
20.71	20.72	0.213764	29.583
20.71	20.72	0.213781	29.682
20.71	20.72	0.213798	29.787
20.71	20.73	0.213814	29.882
20.71	20.73	0.213831	29.981
20.74	20.73	0.213848	30.086
20.74	20.74	0.213864	30.180
20.74	20.74	0.213881	30.280
20.74	20.74	0.213898	30.384
20.74	20.75	0.213914	30.479
20.74	20.75	0.213931	30.579
20.74	20.75	0.213948	30.683
20.76	20.76	0.213964	30.779
20.76	20.76	0.213981	30.879
20.76	20.77	0.213998	30.982
20.76	20.77	0.214014	31.078
20.76	20.77	0.214031	31.179
20.76	20.78	0.214048	31.280
20.76	20.78	0.214064	31.379
20.76	20.78	0.214081	31.479
20.79	20.79	0.214098	31.579
20.79	20.79	0.214114	31.679
20.79	20.79	0.214131	31.779
20.79	20.80	0.214148	31.879
20.79	20.80	0.214164	31.978
20.79	20.80	0.214181	32.079
20.81	20.81	0.214198	32.179
20.81	20.81	0.214214	32.279
20.81	20.81	0.214231	32.379
20.81	20.82	0.214248	32.479
20.81	20.82	0.214264	32.579
20.81	20.82	0.214281	32.679
20.81	20.82	0.214298	32.779
20.84	20.83	0.214314	32.878
20.84	20.83	0.214331	32.979
20.84	20.83	0.214348	33.079
20.84	20.84	0.214364	33.179
20.84	20.84	0.214381	33.279
20.84	20.84	0.214398	33.379
20.84	20.84	0.214414	33.479
20.84	20.85	0.214431	33.579
20.86	20.85	0.214448	33.678
20.86	20.85	0.214464	33.779
20.86	20.86	0.214481	33.879
20.86	20.86	0.214498	33.979
20.86	20.86	0.214514	34.079
20.86	20.86	0.214531	34.179
20.86	20.87	0.214547	34.279
20.86	20.87	0.214564	34.378
20.86	20.87	0.214581	34.479
20.86	20.87	0.214597	34.578
20.86	20.87	0.214614	34.679
20.86	20.88	0.214631	34.779
20.89	20.88	0.214647	34.879
20.89	20.88	0.214664	34.979
20.89	20.88	0.214681	35.079
20.89	20.88	0.214697	35.179
20.89	20.89	0.214714	35.278
20.89	20.89	0.214731	35.379
20.89	20.89	0.214747	35.478
20.89	20.89	0.214764	35.579
20.89	20.89	0.214781	35.679
20.89	20.89	0.214797	35.779
20.89	20.89	0.214814	35.879
20.89	20.90	0.214831	35.978
20.92	20.90	0.214847	36.079
20.92	20.90	0.214864	36.178
20.92	20.90	0.214881	36.279
20.92	20.90	0.214897	36.379
20.92	20.90	0.214914	36.479
20.92	20.90	0.214931	36.579
20.92	20.90	0.214947	36.679
20.92	20.90	0.214964	36.779
20.92	20.90	0.214981	36.878
20.92	20.90	0.214997	36.978
20.92	20.90	0.215014	37.078
20.92	20.91	0.215031	37.208
20.92	20.91	0.215047	37.301
20.92	20.91	0.215064	37.407
20.92	20.91	0.215081	37.502
20.92	20.91	0.215097	37.601
20.92	20.91	0.215114	37.706
20.92	20.91	0.215131	37.800
20.92	20.91	0.215147	37.900
20.92	20.91	0.215164	38.004
20.92	20.91	0.215181	38.099
20.92	20.91	0.215197	38.199
20.89	20.91	0.215214	38.303
20.89	20.91	0.215231	38.398
20.89	20.91	0.215247	38.497
20.89	20.90	0.215264	38.602
20.89	20.90	0.215281	38.696
20.89	20.90	0.215297	38.796
20.89	20.90	0.215314	38.900
20.89	20.90	0.215331	38.995
20.92	20.90	0.215347	39.095
20.92	20.90	0.215364	39.199
20.92	20.90	0.215380	39.294
20.92	20.90	0.215397	39.393
20.92	20.90	0.215414	39.498
20.92	20.90	0.215430	39.592
20.92	20.90	0.215447	39.692
20.92	20.90	0.215464	39.796
20.92	20.89	0.215480	39.892
20.92	20.89	0.215497	39.992
20.92	20.89	0.215514	40.096
20.92	20.89	0.215530	40.191
20.89	20.89	0.215547	40.291
20.89	20.89	0.215564	40.395
20.89	20.89	0.215580	40.489
20.89	20.89	0.215597	40.591
20.89	20.88	0.215614	40.694
20.89	20.88	0.215630	40.788
20.89	20.88	0.215647	40.892
20.89	20.88	0.215664	40.992
20.89	20.88	0.215680	41.087
20.89	20.88	0.215697	41.191
20.89	20.87	0.215714	41.291
20.89	20.87	0.215730	41.386
20.89	20.87	0.215747	41.490
20.89	20.87	0.215764	41.590
20.89	20.87	0.215780	41.684
20.86	20.87	0.215797	41.789
20.86	20.86	0.215814	41.888
20.86	20.86	0.215830	41.983
20.86	20.86	0.215847	42.087
20.86	20.86	0.215864	42.187
20.86	20.86	0.215880	42.282
20.86	20.86	0.215897	42.386
20.86	20.85	0.215914	42.481
20.86	20.85	0.215930	42.580
20.86	20.85	0.215947	42.686
20.86	20.85	0.215964	42.780
20.86	20.85	0.215980	42.880
20.84	20.85	0.215997	42.985
20.84	20.84	0.216014	43.080
20.84	20.84	0.216030	43.180
20.84	20.84	0.216047	43.283
20.84	20.84	0.216064	43.380
20.84	20.84	0.216080	43.479
20.84	20.84	0.216097	43.582
20.84	20.83	0.216114	43.679
20.84	20.83	0.216130	43.780
20.84	20.83	0.216147	43.881
20.84	20.83	0.216164	43.979
20.84	20.83	0.216180	44.080
20.84	20.83	0.216197	44.180
20.84	20.82	0.216213	44.280
20.84	20.82	0.216230	44.379
20.84	20.82	0.216247	44.480
20.84	20.82	0.216263	44.580
20.84	20.82	0.216280	44.680
20.81	20.82	0.216297	44.780
20.81	20.82	0.216313	44.880
20.81	20.82	0.216330	44.980
20.81	20.81	0.216347	45.080
20.81	20.81	0.216363	45.180
20.81	20.81	0.216380	45.279
20.81	20.81	0.216397	45.380
20.81	20.81	0.216413	45.480
20.81	20.81	0.216430	45.580
20.81	20.81	0.216447	45.680
20.81	20.81	0.216463	45.780
20.81	20.81	0.216480	45.880
20.79	20.81	0.216497	45.979
20.79	20.81	0.216513	46.080
20.79	20.80	0.216530	46.180
20.79	20.80	0.216547	46.280
20.79	20.80	0.216563	46.380
20.79	20.80	0.216580	46.480
20.79	20.80	0.216597	46.580
20.79	20.80	0.216613	46.679
20.79	20.80	0.216630	46.780
20.79	20.80	0.216647	46.879
20.79	20.80	0.216663	46.980
20.79	20.80	0.216680	47.081
20.79	20.80	0.216697	47.181
20.81	20.80	0.216713	47.281
20.81	20.80	0.216730	47.381
20.81	20.80	0.216747	47.481
20.81	20.80	0.216763	47.580
20.81	20.80	0.216780	47.681
20.81	20.80	0.216797	47.780
20.81	20.80	0.216813	47.881
20.81	20.80	0.216830	47.981
20.79	20.80	0.216847	48.081
20.79	20.81	0.216863	48.181
20.79	20.81	0.216880	48.281
20.79	20.81	0.216897	48.381
20.79	20.81	0.216913	48.480
20.79	20.81	0.216930	48.581
20.79	20.81	0.216947	48.681
20.79	20.81	0.216963	48.781
20.79	20.81	0.216980	48.881
20.79	20.81	0.216997	49.005
20.79	20.81	0.217013	49.110
20.79	20.82	0.217030	49.209
20.81	20.82	0.217046	49.304
20.81	20.82	0.217063	49.408
20.81	20.82	0.217080	49.508
20.81	20.82	0.217096	49.603
20.81	20.82	0.217113	49.708
20.81	20.82	0.217130	49.808
20.81	20.83	0.217146	49.902
20.81	20.83	0.217163	50.007
20.81	20.83	0.217180	50.106
20.81	20.83	0.217196	50.201
20.81	20.83	0.217213	50.305
20.84	20.84	0.217230	50.400
20.84	20.84	0.217246	50.499
20.84	20.84	0.217263	50.604
20.84	20.84	0.217280	50.699
20.84	20.85	0.217296	50.798
20.84	20.85	0.217313	50.903
20.84	20.85	0.217330	50.997
20.84	20.85	0.217346	51.097
20.84	20.86	0.217363	51.201
20.86	20.86	0.217380	51.296
20.86	20.86	0.217396	51.396
20.86	20.86	0.217413	51.500
20.86	20.87	0.217430	51.595
20.86	20.87	0.217446	51.694
20.86	20.87	0.217463	51.799
20.86	20.87	0.217480	51.893
20.86	20.88	0.217496	51.993
20.86	20.88	0.217513	52.097
20.86	20.88	0.217530	52.192
20.89	20.89	0.217546	52.293
20.89	20.89	0.217563	52.397
20.89	20.89	0.217580	52.492
20.89	20.90	0.217596	52.591
20.89	20.90	0.217613	52.696
20.89	20.90	0.217630	52.790
20.89	20.91	0.217646	52.890
20.89	20.91	0.217663	52.994
20.89	20.91	0.217680	53.089
20.89	20.92	0.217696	53.190
20.92	20.92	0.217713	53.293
20.92	20.92	0.217730	53.388
20.92	20.93	0.217746	53.490
20.92	20.93	0.217763	53.592
20.92	20.93	0.217780	53.686
20.92	20.94	0.217796	53.790
20.92	20.94	0.217813	53.891
20.94	20.94	0.217830	53.985
20.94	20.95	0.217846	54.090
20.94	20.95	0.217863	54.189
20.94	20.95	0.217879	54.284
20.94	20.96	0.217896	54.388
20.94	20.96	0.217913	54.488
20.94	20.96	0.217929	54.583
20.97	20.97	0.217946	54.688
20.97	20.97	0.217963	54.787
20.97	20.97	0.217979	54.881
20.97	20.98	0.217996	54.987
20.97	20.98	0.218013	55.086
20.97	20.99	0.218029	55.181
20.97	20.99	0.218046	55.285
20.99	20.99	0.218063	55.385
20.99	21.00	0.218079	55.481
20.99	21.00	0.218096	55.584
20.99	21.00	0.218113	55.686
20.99	21.01	0.218129	55.781
20.99	21.01	0.218146	55.883
20.99	21.01	0.218163	55.985
20.99	21.02	0.218179	56.082
21.02	21.02	0.218196	56.181
21.02	21.02	0.218213	56.285
21.02	21.03	0.218229	56.382
21.02	21.03	0.218246	56.482
21.02	21.03	0.218263	56.586
21.02	21.03	0.218279	56.682
21.04	21.04	0.218296	56.782
21.04	21.04	0.218313	56.885
21.04	21.04	0.218329	56.982
21.04	21.05	0.218346	57.081
21.04	21.05	0.218363	57.185
21.04	21.05	0.218379	57.282
21.04	21.06	0.218396	57.382
21.07	21.06	0.218413	57.485
21.07	21.06	0.218429	57.582
21.07	21.06	0.218446	57.682
21.07	21.07	0.218463	57.785
21.07	21.07	0.218479	57.882
21.07	21.07	0.218496	57.983
21.09	21.07	0.218513	58.085
21.09	21.08	0.218529	58.183
21.09	21.08	0.218546	58.283
21.09	21.08	0.218563	58.385
21.09	21.08	0.218579	58.482
21.09	21.09	0.218596	58.583
21.09	21.09	0.218613	58.685
21.09	21.09	0.218629	58.783
21.09	21.09	0.218646	58.883
21.09	21.09	0.218663	58.985
21.12	21.10	0.218679	59.083
21.12	21.10	0.218696	59.183
21.12	21.10	0.218712	59.285
21.12	21.10	0.218729	59.382
21.12	21.10	0.218746	59.483
21.12	21.10	0.218762	59.584
21.12	21.10	0.218779	59.683
21.12	21.11	0.218796	59.783
21.12	21.11	0.218812	59.885
21.12	21.11	0.218829	59.983
21.12	21.11	0.218846	00.083
21.12	21.11	0.218862	00.185
21.12	21.11	0.218879	00.282
21.12	21.11	0.218896	00.383
21.12	21.11	0.218912	00.485
21.12	21.12	0.218929	00.583
21.12	21.12	0.218946	00.683
21.12	21.12	0.218962	00.785
21.12	21.12	0.218979	00.883
21.12	21.12	0.218996	00.982
21.12	21.12	0.219012	01.085
21.12	21.12	0.219029	01.211
21.12	21.12	0.219046	01.306
21.12	21.12	0.219062	01.385
21.12	21.12	0.219079	01.510
21.12	21.12	0.219096	01.606
21.12	21.12	0.219112	01.684
21.12	21.12	0.219129	01.810
21.12	21.12	0.219146	01.904
21.12	21.12	0.219162	02.009
21.12	21.12	0.219179	02.108
21.12	21.12	0.219196	02.203
21.12	21.12	0.219212	02.308
21.12	21.12	0.219229	02.407
21.12	21.12	0.219246	02.502
21.12	21.12	0.219262	02.606
21.12	21.12	0.219279	02.706
21.12	21.12	0.219296	02.800
21.12	21.12	0.219312	02.905
21.12	21.12	0.219329	03.004
21.12	21.12	0.219346	03.099
21.12	21.11	0.219362	03.204
21.12	21.11	0.219379	03.298
21.12	21.11	0.219396	03.398
21.12	21.11	0.219412	03.502
21.12	21.11	0.219429	03.597
21.15	21.11	0.219446	03.696
21.15	21.11	0.219462	03.802
21.15	21.11	0.219479	03.896
21.15	21.11	0.219496	03.995
21.15	21.11	0.219512	04.101
21.12	21.10	0.219529	04.195
21.12	21.10	0.219545	04.295
21.12	21.10	0.219562	04.399
21.12	21.10	0.219579	04.494
21.12	21.10	0.219595	04.593
21.12	21.10	0.219612	04.698
21.12	21.10	0.219629	04.793
21.12	21.09	0.219645	04.892
21.12	21.09	0.219662	04.997
21.09	21.09	0.219679	05.091
21.09	21.09	0.219695	05.191
21.09	21.09	0.219712	05.295
21.09	21.09	0.219729	05.390
21.09	21.08	0.219745	05.490
21.09	21.08	0.219762	05.594
21.09	21.08	0.219779	05.689
21.09	21.08	0.219795	05.789
21.09	21.08	0.219812	05.893
21.07	21.08	0.219829	05.987
21.07	21.07	0.219845	06.089
21.07	21.07	0.219862	06.191
21.07	21.07	0.219879	06.286
21.07	21.07	0.219895	06.389
21.07	21.07	0.219912	06.490
21.07	21.07	0.219929	06.585
21.07	21.06	0.219945	06.688
21.07	21.06	0.219962	06.790
21.07	21.06	0.219979	06.884
21.07	21.06	0.219995	06.989
21.07	21.06	0.220012	07.089
21.07	21.06	0.220029	07.184
21.07	21.05	0.220045	07.288
21.07	21.05	0.220062	07.387
21.04	21.05	0.220079	07.484
21.04	21.05	0.220095	07.586
21.04	21.05	0.220112	07.686
21.04	21.05	0.220129	07.783
21.04	21.04	0.220145	07.885
21.04	21.04	0.220162	07.985
21.04	21.04	0.220179	08.084
21.04	21.04	0.220195	08.184
21.04	21.04	0.220212	08.284
21.04	21.04	0.220229	08.384
21.04	21.04	0.220245	08.483
21.04	21.03	0.220262	08.584
21.04	21.03	0.220279	08.683
21.04	21.03	0.220295	08.784
21.04	21.03	0.220312	08.884
21.04	21.03	0.220329	08.984
21.04	21.03	0.220345	09.084
21.04	21.03	0.220362	09.184
21.04	21.03	0.220378	09.284
21.02	21.02	0.220395	09.383
21.02	21.02	0.220412	09.484
21.02	21.02	0.220428	09.584
21.02	21.02	0.220445	09.684
21.02	21.02	0.220462	09.784
21.02	21.02	0.220478	09.884
21.02	21.02	0.220495	09.984
21.02	21.02	0.220512	10.083
21.02	21.02	0.220528	10.184
21.02	21.02	0.220545	10.283
21.02	21.02	0.220562	10.384
21.02	21.02	0.220578	10.484
21.02	21.02	0.220595	10.584
21.02	21.02	0.220612	10.684
21.02	21.02	0.220628	10.784
21.02	21.02	0.220645	10.884
21.02	21.02	0.220662	10.983
21.02	21.02	0.220678	11.083
21.02	21.02	0.220695	11.184
21.02	21.02	0.220712	11.284
21.02	21.02	0.220728	11.384
21.02	21.02	0.220745	11.484
21.02	21.02	0.220762	11.584
21.02	21.02	0.220778	11.683
21.02	21.02	0.220795	11.784
21.02	21.02	0.220812	11.883
21.02	21.02	0.220828	11.984
21.02	21.02	0.220845	12.085
20.99	21.02	0.220862	12.185
20.99	21.02	0.220878	12.285
20.99	21.02	0.220895	12.385
20.99	21.02	0.220912	12.485
20.99	21.02	0.220928	12.584
20.99	21.02	0.220945	12.685
21.02	21.02	0.220962	12.784
21.02	21.02	0.220978	12.885
21.02	21.03	0.220995	12.985
21.02	21.03	0.221012	13.109
21.02	21.03	0.221028	13.214
21.02	21.03	0.221045	13.308
21.02	21.03	0.221062	13.408
21.02	21.03	0.221078	13.512
21.02	21.03	0.221095	13.607
21.02	21.04	0.221112	13.708
21.02	21.04	0.221128	13.811
21.02	21.04	0.221145	13.907
21.02	21.04	0.221162	14.008
21.02	21.04	0.221178	14.111
21.02	21.05	0.221195	14.205
21.04	21.05	0.221211	14.308
21.04	21.05	0.221228	14.409
21.04	21.05	0.221245	14.504
21.04	21.05	0.221261	14.608
21.04	21.06	0.221278	14.708
21.04	21.06	0.221295	14.803
21.04	21.06	0.221311	14.907
21.04	21.06	0.221328	15.007
21.04	21.07	0.221345	15.101
21.04	21.07	0.221361	15.206
21.07	21.07	0.221378	15.305
21.07	21.07	0.221395	15.400
21.07	21.08	0.221411	15.504
21.07	21.08	0.221428	15.604
21.07	21.08	0.221445	15.699
21.07	21.09	0.221461	15.803
21.07	21.09	0.221478	15.898
21.07	21.09	0.221495	15.997
21.07	21.09	0.221511	16.102
21.09	21.10	0.221528	16.196
21.09	21.10	0.221545	16.297
21.09	21.10	0.221561	16.402
21.09	21.11	0.221578	16.496
21.09	21.11	0.221595	16.596
21.09	21.11	0.221611	16.700
21.09	21.12	0.221628	16.795
21.12	21.12	0.221645	16.894
21.12	21.12	0.221661	16.999
21.12	21.13	0.221678	17.094
21.12	21.13	0.221695	17.193
21.12	21.13	0.221711	17.298
21.12	21.14	0.221728	17.392
21.15	21.14	0.221745	17.492
21.15	21.14	0.221761	17.596
21.15	21.15	0.221778	17.691
21.15	21.15	0.221795	17.790
21.15	21.15	0.221811	17.895
21.15	21.16	0.221828	17.990
21.15	21.16	0.221845	18.089
21.15	21.16	0.221861	18.194
21.15	21.17	0.221878	18.288
21.17	21.17	0.221895	18.388
21.17	21.17	0.221911	18.492
21.17	21.18	0.221928	18.587
21.17	21.18	0.221945	18.688
21.17	21.18	0.221961	18.791
21.17	21.19	0.221978	18.887
21.17	21.19	0.221995	18.987
21.17	21.20	0.222011	19.091
21.20	21.20	0.222028	19.186
21.20	21.20	0.222044	19.287
21.20	21.21	0.222061	19.389
21.20	21.21	0.222078	19.487
21.20	21.21	0.222094	19.587
21.20	21.22	0.222111	19.688
21.20	21.22	0.222128	19.787
21.20	21.22	0.222144	19.887
21.22	21.23	0.222161	19.987
21.22	21.23	0.222178	20.086
21.22	21.23	0.222194	20.187
21.22	21.24	0.222211	20.286
21.22	21.24	0.222228	20.387
21.22	21.24	0.222244	20.487
21.25	21.25	0.222261	20.587
21.25	21.25	0.222278	20.687
21.25	21.25	0.222294	20.787
21.25	21.25	0.222311	20.887
21.25	21.26	0.222328	20.986
21.25	21.26	0.222344	21.087
21.27	21.26	0.222361	21.187
21.27	21.27	0.222378	21.287
21.27	21.27	0.222394	21.387
21.27	21.27	0.222411	21.487
21.27	21.27	0.222428	21.587
21.27	21.28	0.222444	21.686
21.30	21.28	0.222461	21.787
21.30	21.28	0.222478	21.886
21.30	21.28	0.222494	21.987
21.30	21.29	0.222511	22.087
21.30	21.29	0.222528	22.187
21.30	21.29	0.222544	22.287
21.30	21.29	0.222561	22.387
21.30	21.30	0.222578	22.487
21.30	21.30	0.222594	22.586
21.30	21.30	0.222611	22.687
21.30	21.30	0.222628	22.787
21.30	21.30	0.222644	22.887
21.30	21.31	0.222661	22.987
21.33	21.31	0.222678	23.087
21.33	21.31	0.222694	23.187
21.33	21.31	0.222711	23.286
21.33	21.31	0.222728	23.387
21.33	21.32	0.222744	23.486
21.33	21.32	0.222761	23.587
21.33	21.32	0.222778	23.688
21.33	21.32	0.222794	23.788
21.33	21.32	0.222811	23.888
21.33	21.32	0.222828	23.988
21.33	21.32	0.222844	24.088
21.33	21.32	0.222861	24.187
21.33	21.33	0.222877	24.288
21.33	21.33	0.222894	24.387
21.33	21.33	0.222911	24.488
21.33	21.33	0.222927	24.588
21.33	21.33	0.222944	24.688
21.33	21.33	0.222961	24.788
21.33	21.33	0.222977	24.917
21.33	21.33	0.222994	25.012
21.33	21.33	0.223011	25.111
21.33	21.33	0.223027	25.216
21.33	21.33	0.223044	25.310
21.33	21.33	0.223061	25.410
21.35	21.33	0.223077	25.516
21.35	21.33	0.223094	25.609
21.35	21.33	0.223111	25.709
21.35	21.33	0.223127	25.814
21.35	21.33	0.223144	25.909
21.35	21.33	0.223161	26.008
21.35	21.33	0.223177	26.113
21.35	21.33	0.223194	26.207
21.35	21.33	0.223211	26.307
21.35	21.33	0.223227	26.412
21.35	21.33	0.223244	26.506
21.35	21.33	0.223261	26.607
21.35	21.33	0.223277	26.710
21.35	21.33	0.223294	26.805
21.33	21.33	0.223311	26.906
21.33	21.33	0.223327	27.009
21.33	21.33	0.223344	27.104
21.33	21.33	0.223361	27.206
21.33	21.33	0.223377	27.308
21.33	21.33	0.223394	27.402
21.33	21.32	0.223411	27.507
21.33	21.32	0.223427	27.606
21.33	21.32	0.223444	27.701
21.33	21.32	0.223461	27.805
21.33	21.32	0.223477	27.905
21.33	21.32	0.223494	28.000
21.33	21.32	0.223511	28.104
21.33	21.32	0.223527	28.204
21.33	21.32	0.223544	28.298
21.33	21.31	0.223561	28.404
21.33	21.31	0.223577	28.503
21.33	21.31	0.223594	28.598
21.33	21.31	0.223611	28.702
21.33	21.31	0.223627	28.802
21.33	21.31	0.223644	28.897
21.33	21.31	0.223661	29.001
21.33	21.30	0.223677	29.096
21.30	21.30	0.223694	29.195
21.30	21.30	0.223710	29.300
21.30	21.30	0.223727	29.394
21.30	21.30	0.223744	29.494
21.30	21.30	0.223760	29.599
21.30	21.29	0.223777	29.693
21.30	21.29	0.223794	29.793
21.30	21.29	0.223810	29.897
21.30	21.29	0.223827	29.992
21.30	21.29	0.223844	30.091
21.30	21.29	0.223860	30.196
21.30	21.28	0.223877	30.290
21.30	21.28	0.223894	30.390
21.30	21.28	0.223910	30.495
21.30	21.28	0.223927	30.589
21.27	21.28	0.223944	30.689
21.27	21.28	0.223960	30.793
21.27	21.27	0.223977	30.889
21.27	21.27	0.223994	30.988
21.27	21.27	0.224010	31.092
21.27	21.27	0.224027	31.189
21.27	21.27	0.224044	31.289
21.27	21.27	0.224060	31.392
21.27	21.26	0.224077	31.489
21.27	21.26	0.224094	31.589
21.27	21.26	0.224110	31.690
21.27	21.26	0.224127	31.789
21.27	21.26	0.224144	31.888
21.27	21.26	0.224160	31.989
21.27	21.25	0.224177	32.089
21.25	21.25	0.224194	32.189
21.25	21.25	0.224210	32.289
21.25	21.25	0.224227	32.389
21.25	21.25	0.224244	32.489
21.25	21.25	0.224260	32.588
21.25	21.25	0.224277	32.689
21.25	21.24	0.224294	32.789
21.25	21.24	0.224310	32.889
21.25	21.24	0.224327	32.989
21.25	21.24	0.224344	33.089
21.25	21.24	0.224360	33.188
21.25	21.24	0.224377	33.288
21.25	21.24	0.224394	33.389
21.25	21.24	0.224410	33.488
21.22	21.24	0.224427	33.589
21.22	21.24	0.224444	33.689
21.22	21.23	0.224460	33.789
21.22	21.23	0.224477	33.889
21.22	21.23	0.224494	33.989
21.22	21.23	0.224510	34.089
21.22	21.23	0.224527	34.188
21.22	21.23	0.224543	34.289
21.22	21.23	0.224560	34.389
21.22	21.23	0.224577	34.489
21.22	21.23	0.224593	34.589
21.22	21.23	0.224610	34.689
21.22	21.23	0.224627	34.789
21.22	21.23	0.224643	34.888
21.22	21.23	0.224660	34.989
21.22	21.23	0.224677	35.088
21.22	21.23	0.224693	35.189
21.22	21.23	0.224710	35.289
21.22	21.23	0.224727	35.389
21.22	21.23	0.224743	35.489
21.22	21.23	0.224760	35.589
21.22	21.23	0.224777	35.689
21.22	21.23	0.224793	35.788
21.22	21.23	0.224810	35.889
21.22	21.23	0.224827	35.989
21.22	21.23	0.224843	36.089
21.22	21.23	0.224860	36.189
21.22	21.23	0.224877	36.289
21.22	21.23	0.224893	36.389
21.22	21.23	0.224910	36.488
21.22	21.24	0.224927	36.589
21.22	21.24	0.224943	36.688
21.22	21.24	0.224960	36.789
21.22	21.24	0.224977	36.889
21.22	21.24	0.224993	36.989
21.22	21.24	0.225010	37.089
21.22	21.24	0.225027	37.218
21.22	21.24	0.225043	37.313
21.22	21.24	0.225060	37.412
21.22	21.25	0.225077	37.517
21.22	21.25	0.225093	37.611
21.25	21.25	0.225110	37.711
21.25	21.25	0.225127	37.816
21.25	21.25	0.225143	37.910
21.25	21.26	0.225160	38.010
21.25	21.26	0.225177	38.114
21.25	21.26	0.225193	38.209
21.25	21.26	0.225210	38.309
21.25	21.26	0.225227	38.414
21.25	21.27	0.225243	38.508
21.25	21.27	0.225260	38.608
21.27	21.27	0.225277	38.713
21.27	21.27	0.225293	38.807
21.27	21.27	0.225310	38.907
21.27	21.28	0.225327	39.011
21.27	21.28	0.225343	39.106
21.27	21.28	0.225360	39.205
21.27	21.28	0.225376	39.310
21.27	21.29	0.225393	39.404
21.27	21.29	0.225410	39.505
21.27	21.29	0.225426	39.609
21.27	21.30	0.225443	39.703
21.30	21.30	0.225460	39.805
21.30	21.30	0.225476	39.907
21.30	21.30	0.225493	40.002
21.30	21.31	0.225510	40.105
21.30	21.31	0.225526	40.206
21.30	21.31	0.225543	40.301
21.30	21.32	0.225560	40.405
21.30	21.32	0.225576	40.505
21.33	21.32	0.225593	40.600
21.33	21.33	0.225610	40.704
21.33	21.33	0.225626	40.804
21.33	21.33	0.225643	40.899
21.33	21.34	0.225660	41.003
21.33	21.34	0.225676	41.103
21.33	21.34	0.225693	41.198
21.33	21.35	0.225710	41.302
21.33	21.35	0.225726	41.401
21.35	21.35	0.225743	41.496
21.35	21.36	0.225760	41.600
21.35	21.36	0.225776	41.700
21.35	21.36	0.225793	41.795
21.35	21.37	0.225810	41.899
21.35	21.37	0.225826	41.994
21.35	21.37	0.225843	42.093
21.35	21.38	0.225860	42.198
21.38	21.38	0.225876	42.293
21.38	21.38	0.225893	42.393
21.38	21.39	0.225910	42.497
21.38	21.39	0.225926	42.592
21.38	21.39	0.225943	42.692
21.38	21.40	0.225960	42.796
21.40	21.40	0.225976	42.891
21.40	21.41	0.225993	42.990
21.40	21.41	0.226010	43.095
21.40	21.41	0.226026	43.189
21.40	21.42	0.226043	43.290
21.40	21.42	0.226060	43.393
21.43	21.42	0.226076	43.489
21.43	21.43	0.226093	43.590
21.43	21.43	0.226110	43.692
21.43	21.43	0.226126	43.790
21.43	21.44	0.226143	43.890
21.43	21.44	0.226160	43.991
21.43	21.44	0.226176	44.089
21.45	21.45	0.226193	44.190
21.45	21.45	0.226209	44.290
21.45	21.45	0.226226	44.390
21.45	21.46	0.226243	44.490
21.45	21.46	0.226259	44.590
21.45	21.46	0.226276	44.690
21.45	21.46	0.226293	44.789
21.45	21.47	0.226309	44.890
21.48	21.47	0.226326	44.989
21.48	21.47	0.226343	45.090
21.48	21.48	0.226359	45.190
21.48	21.48	0.226376	45.290
21.48	21.48	0.226393	45.390
21.48	21.48	0.226409	45.490
21.48	21.49	0.226426	45.590
21.50	21.49	0.226443	45.689
21.50	21.49	0.226459	45.790
21.50	21.50	0.226476	45.889
21.50	21.50	0.226493	45.990
21.50	21.50	0.226509	46.090
21.50	21.50	0.226526	46.190
21.50	21.51	0.226543	46.290
21.50	21.51	0.226559	46.390
21.50	21.51	0.226576	46.490
21.50	21.51	0.226593	46.589
21.53	21.51	0.226609	46.690
21.53	21.52	0.226626	46.790
21.53	21.52	0.226643	46.890
21.53	21.52	0.226659	46.990
21.53	21.52	0.226676	47.090
21.53	21.52	0.226693	47.190
21.53	21.53	0.226709	47.290
21.53	21.53	0.226726	47.390
21.53	21.53	0.226743	47.489
21.53	21.53	0.226759	47.590
21.53	21.53	0.226776	47.690
21.53	21.53	0.226793	47.790
21.56	21.53	0.226809	47.890
21.56	21.54	0.226826	47.990
21.56	21.54	0.226843	48.090
21.56	21.54	0.226859	48.189
21.56	21.54	0.226876	48.290
21.56	21.54	0.226893	48.389
21.56	21.54	0.226909	48.490
21.56	21.54	0.226926	48.590
21.56	21.54	0.226943	48.690
21.56	21.54	0.226959	48.790
21.56	21.54	0.226976	48.890
21.56	21.54	0.226993	48.990
21.56	21.54	0.227009	49.089
21.56	21.55	0.227026	49.190
21.56	21.55	0.227042	49.290
21.56	21.55	0.227059	49.390
21.56	21.55	0.227076	49.490
21.56	21.55	0.227092	49.614
21.56	21.55	0.227109	49.714
21.53	21.55	0.227126	49.818
21.53	21.55	0.227142	49.913
21.53	21.55	0.227159	50.012
21.53	21.55	0.227176	50.117
21.53	21.55	0.227192	50.211
21.53	21.55	0.227209	50.311
21.53	21.55	0.227226	50.416
21.53	21.55	0.227242	50.510
21.56	21.54	0.227259	50.610
21.56	21.54	0.227276	50.714
21.56	21.54	0.227292	50.809
21.56	21.54	0.227309	50.908
21.56	21.54	0.227326	51.013
21.56	21.54	0.227342	51.108
21.56	21.54	0.227359	51.207
21.56	21.54	0.227376	51.312
21.56	21.54	0.227392	51.406
21.56	21.54	0.227409	51.507
21.56	21.54	0.227426	51.611
21.56	21.54	0.227442	51.706
21.56	21.54	0.227459	51.806
21.56	21.53	0.227476	51.910
21.56	21.53	0.227492	52.005
21.56	21.53	0.227509	52.104
21.56	21.53	0.227526	52.209
21.53	21.53	0.227542	52.303
21.53	21.53	0.227559	52.403
21.53	21.53	0.227576	52.507
21.53	21.53	0.227592	52.602
21.53	21.52	0.227609	52.704
21.53	21.52	0.227626	52.807
21.53	21.52	0.227642	52.901
21.53	21.52	0.227659	53.004
21.53	21.52	0.227676	53.105
21.53	21.52	0.227692	53.200
21.50	21.51	0.227709	53.303
21.50	21.51	0.227726	53.404
21.50	21.51	0.227742	53.499
21.50	21.51	0.227759	53.603
21.50	21.51	0.227776	53.703
21.50	21.51	0.227792	53.797
21.50	21.50	0.227809	53.902
21.50	21.50	0.227826	54.001
21.50	21.50	0.227842	54.096
21.50	21.50	0.227859	54.200
21.50	21.50	0.227875	54.300
21.50	21.50	0.227892	54.395
21.50	21.49	0.227909	54.499
21.50	21.49	0.227925	54.599
21.50	21.49	0.227942	54.693
21.50	21.49	0.227959	54.798
21.50	21.49	0.227975	54.892
21.50	21.49	0.227992	54.992
21.50	21.48	0.228009	55.098
21.50	21.48	0.228025	55.191
21.50	21.48	0.228042	55.291
21.50	21.48	0.228059	55.396
21.50	21.48	0.228075	55.491
21.50	21.48	0.228092	55.590
21.50	21.47	0.228109	55.695
21.50	21.47	0.228125	55.790
21.48	21.47	0.228142	55.891
21.48	21.47	0.228159	55.994
21.48	21.47	0.228175	56.091
21.48	21.47	0.228192	56.191
21.48	21.46	0.228209	56.292
21.48	21.46	0.228225	56.391
21.48	21.46	0.228242	56.490
21.45	21.46	0.228259	56.591
21.45	21.46	0.228275	56.691
21.45	21.46	0.228292	56.791
21.45	21.46	0.228309	56.891
21.45	21.46	0.228325	56.991
21.45	21.45	0.228342	57.091
21.45	21.45	0.228359	57.190
21.45	21.45	0.228375	57.291
21.45	21.45	0.228392	57.390
21.45	21.45	0.228409	57.491
21.45	21.45	0.228425	57.591
21.45	21.45	0.228442	57.691
21.45	21.45	0.228459	57.791
21.43	21.45	0.228475	57.891
21.43	21.45	0.228492	57.991
21.43	21.45	0.228509	58.090
21.43	21.44	0.228525	58.191
21.43	21.44	0.228542	58.291
21.43	21.44	0.228559	58.391
21.43	21.44	0.228575	58.491
21.43	21.44	0.228592	58.591
21.43	21.44	0.228609	58.691
21.43	21.44	0.228625	58.791
21.43	21.44	0.228642	58.891
21.43	21.44	0.228659	58.990
21.43	21.44	0.228675	59.090
21.43	21.44	0.228692	59.191
21.43	21.44	0.228708	59.291
21.43	21.44	0.228725	59.390
21.43	21.44	0.228742	59.490
21.43	21.44	0.228758	59.591
21.43	21.44	0.228775	59.690
21.43	21.44	0.228792	59.791
21.43	21.44	0.228808	59.890
21.43	21.44	0.228825	59.991
21.43	21.44	0.228842	00.091
21.43	21.45	0.228858	00.190
21.43	21.45	0.228875	00.291
21.43	21.45	0.228892	00.391
21.43	21.45	0.228908	00.491
21.45	21.45	0.228925	00.590
21.45	21.45	0.228942	00.691
21.45	21.45	0.228958	00.791
21.45	21.45	0.228975	00.891
21.45	21.45	0.228992	00.991
21.45	21.45	0.229008	01.091
21.45	21.46	0.229025	01.191
21.45	21.46	0.229042	01.290
21.45	21.46	0.229058	01.391
21.45	21.46	0.229075	01.491
21.45	21.46	0.229092	01.591
21.45	21.46	0.229108	01.691
21.45	21.46	0.229125	01.820
21.45	21.47	0.229142	01.920
21.45	21.47	0.229158	01.990
21.45	21.47	0.229175	02.119
21.45	21.47	0.229192	02.218
21.48	21.47	0.229208	02.313
21.48	21.48	0.229225	02.417
21.48	21.48	0.229242	02.512
21.48	21.48	0.229258	02.613
21.48	21.48	0.229275	02.717
21.48	21.49	0.229292	02.812
21.48	21.49	0.229308	02.911
21.48	21.49	0.229325	03.016
21.48	21.49	0.229342	03.110
21.48	21.50	0.229358	03.210
21.48	21.50	0.229375	03.315
21.48	21.50	0.229392	03.409
21.48	21.50	0.229408	03.509
21.48	21.51	0.229425	03.613
21.50	21.51	0.229442	03.708
21.50	21.51	0.229458	03.807
21.50	21.51	0.229475	03.912
21.50	21.52	0.229492	04.006
21.50	21.52	0.229508	04.106
21.50	21.52	0.229525	04.211
21.50	21.53	0.229541	04.305
21.50	21.53	0.229558	04.405
21.50	21.53	0.229575	04.509
21.53	21.54	0.229591	04.604
21.53	21.54	0.229608	04.703
21.53	21.54	0.229625	04.808
21.53	21.55	0.229641	04.903
21.53	21.55	0.229658	05.002
21.53	21.55	0.229675	05.107
21.56	21.56	0.229691	05.202
21.56	21.56	0.229708	05.302
21.56	21.56	0.229725	05.406
21.56	21.57	0.229741	05.501
21.56	21.57	0.229758	05.601
21.56	21.57	0.229775	05.705
21.56	21.58	0.229791	05.800
21.58	21.58	0.229808	05.902
21.58	21.58	0.229825	06.004
21.58	21.59	0.229841	06.098
21.58	21.59	0.229858	06.202
21.58	21.59	0.229875	06.302
21.58	21.60	0.229891	06.397
21.58	21.60	0.229908	06.502
21.61	21.60	0.229925	06.601
21.61	21.61	0.229941	06.696
21.61	21.61	0.229958	06.800
21.61	21.61	0.229975	06.900
21.61	21.62	0.229991	06.994
21.61	21.62	0.230008	07.099
21.61	21.63	0.230025	07.198
21.63	21.63	0.230041	07.293
21.63	21.63	0.230058	07.398
21.63	21.64	0.230075	07.497
21.63	21.64	0.230091	07.593
21.63	21.64	0.230108	07.696
21.63	21.65	0.230125	07.797
21.63	21.65	0.230141	07.892
21.63	21.65	0.230158	07.995
21.66	21.66	0.230175	08.097
21.66	21.66	0.230191	08.193
21.66	21.66	0.230208	08.295
21.66	21.67	0.230225	08.397
21.66	21.67	0.230241	08.493
21.66	21.67	0.230258	08.593
21.68	21.67	0.230275	08.697
21.68	21.68	0.230291	08.793
21.68	21.68	0.230308	08.894
21.68	21.68	0.230325	08.997
21.68	21.69	0.230341	09.094
21.68	21.69	0.230358	09.194
21.68	21.69	0.230374	09.297
21.71	21.70	0.230391	09.394
21.71	21.70	0.230408	09.493
21.71	21.70	0.230424	09.597
21.71	21.70	0.230441	09.693
21.71	21.71	0.230458	09.794
21.71	21.71	0.230474	09.897
21.71	21.71	0.230491	09.994
21.71	21.71	0.230508	10.094
21.71	21.72	0.230524	10.197
21.74	21.72	0.230541	10.294
21.74	21.72	0.230558	10.393
21.74	21.72	0.230574	10.497
21.74	21.73	0.230591	10.594
21.74	21.73	0.230608	10.694
21.74	21.73	0.230624	10.797
21.74	21.73	0.230641	10.894
21.74	21.73	0.230658	10.994
21.74	21.74	0.230674	11.096
21.74	21.74	0.230691	11.194
21.74	21.74	0.230708	11.293
21.74	21.74	0.230724	11.397
21.74	21.74	0.230741	11.494
21.74	21.74	0.230758	11.594
21.74	21.74	0.230774	11.697
21.74	21.75	0.230791	11.794
21.76	21.75	0.230808	11.894
21.76	21.75	0.230824	11.996
21.76	21.75	0.230841	12.094
21.76	21.75	0.230858	12.194
21.76	21.75	0.230874	12.297
21.76	21.75	0.230891	12.394
21.76	21.75	0.230908	12.494
21.76	21.76	0.230924	12.597
21.76	21.76	0.230941	12.693
21.76	21.76	0.230958	12.794
21.76	21.76	0.230974	12.896
21.76	21.76	0.230991	12.994
21.76	21.76	0.231008	13.094
21.76	21.76	0.231024	13.196
21.76	21.76	0.231041	13.294
21.76	21.76	0.231058	13.394
21.76	21.76	0.231074	13.497
21.76	21.76	0.231091	13.593
21.76	21.76	0.231108	13.718
21.76	21.76	0.231124	13.796
21.76	21.76	0.231141	13.922
21.79	21.76	0.231158	14.016
21.79	21.76	0.231174	14.096
21.79	21.76	0.231191	14.221
21.79	21.76	0.231207	14.315
21.79	21.76	0.231224	14.420
21.79	21.76	0.231241	14.520
21.79	21.76	0.231257	14.615
21.79	21.76	0.231274	14.719
21.79	21.76	0.231291	14.819
21.76	21.76	0.231307	14.914
21.76	21.76	0.231324	15.018
21.76	21.76	0.231341	15.118
21.76	21.75	0.231357	15.212
21.76	21.75	0.231374	15.317
21.76	21.75	0.231391	15.416
21.76	21.75	0.231407	15.511
21.76	21.75	0.231424	15.615
21.76	21.75	0.231441	15.710
21.76	21.75	0.231457	15.810
21.76	21.75	0.231474	15.914
21.76	21.75	0.231491	16.009
21.76	21.75	0.231507	16.108
21.74	21.74	0.231524	16.213
21.74	21.74	0.231541	16.307
21.74	21.74	0.231557	16.407
21.74	21.74	0.231574	16.512
21.74	21.74	0.231591	16.606
21.74	21.74	0.231607	16.706
21.74	21.74	0.231624	16.810
21.74	21.73	0.231641	16.905
21.74	21.73	0.231657	17.004
21.74	21.73	0.231674	17.110
21.74	21.73	0.231691	17.205
21.74	21.73	0.231707	17.304
21.74	21.73	0.231724	17.409
21.74	21.72	0.231741	17.503
21.74	21.72	0.231757	17.603
21.74	21.72	0.231774	17.707
21.74	21.72	0.231791	17.802
21.71	21.72	0.231807	17.901
21.71	21.72	0.231824	18.006
21.71	21.71	0.231841	18.101
21.71	21.71	0.231857	18.200
21.71	21.71	0.231874	18.304
21.71	21.71	0.231891	18.399
21.71	21.71	0.231907	18.501
21.71	21.71	0.231924	18.603
21.71	21.70	0.231941	18.698
21.71	21.70	0.231957	18.800
21.71	21.70	0.231974	18.902
21.71	21.70	0.231991	18.996
21.71	21.70	0.232007	19.100
21.71	21.70	0.232024	19.201
21.71	21.69	0.232040	19.296
21.71	21.69	0.232057	19.401
21.71	21.69	0.232074	19.500
21.71	21.69	0.232090	19.595
21.71	21.69	0.232107	19.699
21.68	21.69	0.232124	19.799
21.68	21.68	0.232140	19.893
21.68	21.68	0.232157	19.998
21.68	21.68	0.232174	20.097
21.68	21.68	0.232190	20.194
21.68	21.68	0.232207	20.297
21.68	21.68	0.232224	20.396
21.68	21.68	0.232240	20.494
21.68	21.67	0.232257	20.595
21.68	21.67	0.232274	20.696
21.68	21.67	0.232290	20.793
21.68	21.67	0.232307	20.894
21.68	21.67	0.232324	20.996
21.68	21.67	0.232340	21.094
21.68	21.67	0.232357	21.194
21.68	21.67	0.232374	21.295
21.68	21.66	0.232390	21.394
21.66	21.66	0.232407	21.493
21.66	21.66	0.232424	21.595
21.66	21.66	0.232440	21.693
21.66	21.66	0.232457	21.794
21.66	21.66	0.232474	21.896
21.66	21.66	0.232490	21.994
21.66	21.66	0.232507	22.094
21.66	21.66	0.232524	22.195
21.66	21.66	0.232540	22.293
21.66	21.66	0.232557	22.393
21.66	21.66	0.232574	22.495
21.66	21.66	0.232590	22.594
21.66	21.66	0.232607	22.694
21.66	21.66	0.232624	22.796
21.66	21.66	0.232640	22.894
21.66	21.66	0.232657	22.994
21.63	21.66	0.232674	23.095
21.63	21.66	0.232690	23.194
21.63	21.66	0.232707	23.293
21.63	21.66	0.232724	23.395
21.63	21.66	0.232740	23.494
21.63	21.66	0.232757	23.594
21.63	21.66	0.232774	23.695
21.63	21.66	0.232790	23.794
21.63	21.66	0.232807	23.893
21.66	21.66	0.232824	23.995
21.66	21.66	0.232840	24.093
21.66	21.66	0.232857	24.194
21.66	21.66	0.232873	24.296
21.66	21.66	0.232890	24.394
21.66	21.66	0.232907	24.494
21.66	21.66	0.232923	24.595
21.66	21.66	0.232940	24.694
21.66	21.66	0.232957	24.793
21.66	21.66	0.232973	24.895
21.66	21.67	0.232990	24.994
21.66	21.67	0.233007	25.094
21.66	21.67	0.233023	25.195
21.66	21.67	0.233040	25.294
21.66	21.67	0.233057	25.394
21.66	21.67	0.233073	25.495
21.66	21.67	0.233090	25.594
21.66	21.68	0.233107	25.693
21.66	21.68	0.233123	25.795
21.66	21.68	0.233140	25.894
21.68	21.68	0.233157	25.994
21.68	21.68	0.233173	26.095
21.68	21.69	0.233190	26.223
21.68	21.69	0.233207	26.293
21.68	21.69	0.233223	26.394
21.68	21.69	0.233240	26.522
21.68	21.69	0.233257	26.616
21.68	21.70	0.233273	26.695
21.68	21.70	0.233290	26.820
21.68	21.70	0.233307	26.915
21.68	21.70	0.233323	26.995
21.68	21.71	0.233340	27.119
21.68	21.71	0.233357	27.214
21.68	21.71	0.233373	27.318
21.71	21.71	0.233390	27.419
21.71	21.72	0.233407	27.513
21.71	21.72	0.233423	27.618
21.71	21.72	0.233440	27.718
21.71	21.73	0.233457	27.812
21.71	21.73	0.233473	27.917
21.71	21.73	0.233490	28.016
21.71	21.73	0.233507	28.111
21.71	21.74	0.233523	28.215
21.74	21.74	0.233540	28.315
21.74	21.74	0.233557	28.409
21.74	21.75	0.233573	28.514
21.74	21.75	0.233590	28.609
21.74	21.75	0.233607	28.708
21.74	21.76	0.233623	28.813
21.74	21.76	0.233640	28.907
21.76	21.76	0.233657	29.007
21.76	21.77	0.233673	29.111
21.76	21.77	0.233690	29.206
21.76	21.77	0.233706	29.306
21.76	21.78	0.233723	29.410
21.76	21.78	0.233740	29.505
21.76	21.78	0.233756	29.604
21.76	21.79	0.233773	29.709
21.79	21.79	0.233790	29.804
21.79	21.79	0.233806	29.904
21.79	21.80	0.233823	30.008
21.79	21.80	0.233840	30.103
21.79	21.80	0.233856	30.203
21.79	21.81	0.233873	30.307
21.81	21.81	0.233890	30.402
21.81	21.81	0.233906	30.501
21.81	21.82	0.233923	30.606
21.81	21.82	0.233940	30.700
21.81	21.82	0.233956	30.800
21.81	21.83	0.233973	30.904
21.81	21.83	0.233990	30.999
21.84	21.84	0.234006	31.099
21.84	21.84	0.234023	31.203
21.84	21.84	0.234040	31.298
21.84	21.85	0.234056	31.398
21.84	21.85	0.234073	31.502
21.84	21.85	0.234090	31.596
21.86	21.86	0.234106	31.699
21.86	21.86	0.234123	31.801
21.86	21.86	0.234140	31.895
21.86	21.87	0.234156	31.999
21.86	21.87	0.234173	32.099
21.86	21.87	0.234190	32.195
21.86	21.88	0.234206	32.298
21.86	21.88	0.234223	32.398
21.89	21.88	0.234240	32.494
21.89	21.89	0.234256	32.598
21.89	21.89	0.234273	32.698
21.89	21.89	0.234290	32.795
21.89	21.89	0.234306	32.897
21.89	21.90	0.234323	32.996
21.89	21.90	0.234340	33.095
21.92	21.90	0.234356	33.195
21.92	21.91	0.234373	33.295
21.92	21.91	0.234390	33.395
21.92	21.91	0.234406	33.494
21.92	21.91	0.234423	33.595
21.92	21.92	0.234440	33.695
21.92	21.92	0.234456	33.795
21.92	21.92	0.234473	33.894
21.92	21.92	0.234490	33.995
21.94	21.93	0.234506	34.094
21.94	21.93	0.234523	34.195
21.94	21.93	0.234539	34.296
21.94	21.93	0.234556	34.396
21.94	21.94	0.234573	34.496
21.94	21.94	0.234589	34.596
21.94	21.94	0.234606	34.696
21.94	21.94	0.234623	34.795
21.94	21.94	0.234639	34.896
21.94	21.95	0.234656	34.995
21.94	21.95	0.234673	35.096
21.94	21.95	0.234689	35.196
21.94	21.95	0.234706	35.296
21.97	21.95	0.234723	35.396
21.97	21.96	0.234739	35.496
21.97	21.96	0.234756	35.596
21.97	21.96	0.234773	35.695
21.97	21.96	0.234789	35.796
21.97	21.96	0.234806	35.896
21.97	21.96	0.234823	35.996
21.97	21.96	0.234839	36.096
21.97	21.96	0.234856	36.196
21.97	21.97	0.234873	36.296
21.97	21.97	0.234889	36.396
21.97	21.97	0.234906	36.496
21.97	21.97	0.234923	36.595
21.97	21.97	0.234939	36.696
21.97	21.97	0.234956	36.796
21.97	21.97	0.234973	36.896
21.97	21.97	0.234989	36.996
21.97	21.97	0.235006	37.096
21.99	21.97	0.235023	37.196
21.99	21.97	0.235039	37.295
21.99	21.97	0.235056	37.396
21.99	21.97	0.235073	37.495
21.99	21.97	0.235089	37.596
21.99	21.97	0.235106	37.696
21.99	21.97	0.235123	37.796
21.99	21.97	0.235139	37.896
21.99	21.97	0.235156	37.996
21.99	21.97	0.235173	38.096
21.99	21.97	0.235189	38.195
21.97	21.97	0.235206	38.295
21.97	21.97	0.235223	38.419
21.97	21.97	0.235239	38.524
21.97	21.97	0.235256	38.619
21.97	21.97	0.235273	38.718
21.97	21.97	0.235289	38.823
21.97	21.97	0.235306	38.917
21.97	21.97	0.235323	39.018
21.97	21.97	0.235339	39.121
21.97	21.97	0.235356	39.216
21.97	21.97	0.235372	39.317
21.97	21.97	0.235389	39.420
21.97	21.96	0.235406	39.516
21.97	21.96	0.235422	39.618
21.97	21.96	0.235439	39.720
21.97	21.96	0.235456	39.814
21.97	21.96	0.235472	39.918
21.97	21.96	0.235489	40.018
21.97	21.96	0.235506	40.113
21.97	21.96	0.235522	40.217
21.97	21.96	0.235539	40.317
21.97	21.95	0.235556	40.412
21.97	21.95	0.235572	40.516
21.97	21.95	0.235589	40.616
21.97	21.95	0.235606	40.710
21.97	21.95	0.235622	40.815
21.97	21.95	0.235639	40.914
21.97	21.95	0.235656	41.009
21.97	21.94	0.235672	41.114
21.97	21.94	0.235689	41.213
21.97	21.94	0.235706	41.308
21.97	21.94	0.235722	41.412
21.94	21.94	0.235739	41.507
21.94	21.94	0.235756	41.606
21.94	21.93	0.235772	41.711
21.94	21.93	0.235789	41.806
21.94	21.93	0.235806	41.906
21.94	21.93	0.235822	42.011
21.94	21.93	0.235839	42.105
21.94	21.93	0.235856	42.205
21.94	21.92	0.235872	42.309
21.92	21.92	0.235889	42.404
21.92	21.92	0.235906	42.503
21.92	21.92	0.235922	42.608
21.92	21.92	0.235939	42.703
21.92	21.92	0.235956	42.802
21.92	21.91	0.235972	42.907
21.92	21.91	0.235989	43.001
21.92	21.91	0.236006	43.101
21.92	21.91	0.236022	43.205
21.92	21.91	0.236039	43.300
21.89	21.91	0.236056	43.400
21.89	21.90	0.236072	43.504
21.89	21.90	0.236089	43.599
21.89	21.90	0.236106	43.698
21.89	21.90	0.236122	43.803
21.89	21.90	0.236139	43.897
21.89	21.90	0.236156	43.997
21.89	21.89	0.236172	44.101
21.89	21.89	0.236189	44.197
21.89	21.89	0.236205	44.298
21.89	21.89	0.236222	44.400
21.89	21.89	0.236239	44.497
21.89	21.89	0.236255	44.597
21.89	21.89	0.236272	44.700
21.89	21.88	0.236289	44.796
21.89	21.88	0.236305	44.897
21.89	21.88	0.236322	44.999
21.89	21.88	0.236339	45.097
21.89	21.88	0.236355	45.197
21.89	21.88	0.236372	45.297
21.89	21.88	0.236389	45.397
21.89	21.88	0.236405	45.496
21.89	21.88	0.236422	45.597
21.89	21.88	0.236439	45.696
21.86	21.87	0.236455	45.797
21.86	21.87	0.236472	45.897
21.86	21.87	0.236489	45.997
21.86	21.87	0.236505	46.097
21.86	21.87	0.236522	46.197
21.86	21.87	0.236539	46.297
21.86	21.87	0.236555	46.396
21.86	21.87	0.236572	46.497
21.86	21.87	0.236589	46.597
21.86	21.87	0.236605	46.697
21.86	21.87	0.236622	46.797
21.86	21.87	0.236639	46.897
21.86	21.87	0.236655	46.997
21.86	21.87	0.236672	47.097
21.86	21.87	0.236689	47.197
21.86	21.87	0.236705	47.296
21.86	21.87	0.236722	47.397
21.86	21.87	0.236739	47.497
21.86	21.87	0.236755	47.597
21.86	21.87	0.236772	47.697
21.86	21.87	0.236789	47.797
21.86	21.87	0.236805	47.897
21.86	21.87	0.236822	47.996
21.86	21.87	0.236839	48.097
21.86	21.87	0.236855	48.196
21.86	21.87	0.236872	48.297
21.86	21.87	0.236889	48.397
21.89	21.87	0.236905	48.497
21.89	21.88	0.236922	48.597
21.89	21.88	0.236939	48.697
21.89	21.88	0.236955	48.797
21.89	21.88	0.236972	48.896
21.89	21.88	0.236989	48.997
21.89	21.88	0.237005	49.097
21.89	21.88	0.237022	49.197
21.89	21.88	0.237038	49.297
21.89	21.88	0.237055	49.397
21.89	21.89	0.237072	49.496
21.86	21.89	0.237088	49.596
21.86	21.89	0.237105	49.697
21.86	21.89	0.237122	49.796
21.86	21.89	0.237138	49.897
21.86	21.90	0.237155	49.997
21.86	21.90	0.237172	50.097
21.86	21.90	0.237188	50.197
21.86	21.90	0.237205	50.297
21.89	21.90	0.237222	50.397
21.89	21.91	0.237238	50.496
21.89	21.91	0.237255	50.621
21.89	21.91	0.237272	50.720
21.89	21.91	0.237288	50.825
21.89	21.91	0.237305	50.920
21.89	21.92	0.237322	51.019
21.92	21.92	0.237338	51.124
21.92	21.92	0.237355	51.218
21.92	21.92	0.237372	51.318
21.92	21.93	0.237388	51.422
21.92	21.93	0.237405	51.517
21.92	21.93	0.237422	51.617
21.92	21.94	0.237438	51.721
21.94	21.94	0.237455	51.817
21.94	21.94	0.237472	51.916
21.94	21.94	0.237488	52.021
21.94	21.95	0.237505	52.115
21.94	21.95	0.237522	52.216
21.94	21.95	0.237538	52.319
21.94	21.96	0.237555	52.414
21.94	21.96	0.237572	52.517
21.97	21.96	0.237588	52.618
21.97	21.97	0.237605	52.713
21.97	21.97	0.237622	52.816
21.97	21.97	0.237638	52.917
21.97	21.98	0.237655	53.011
21.97	21.98	0.237672	53.116
21.97	21.98	0.237688	53.216
21.97	21.99	0.237705	53.310
21.99	21.99	0.237722	53.415
21.99	21.99	0.237738	53.514
21.99	22.00	0.237755	53.609
21.99	22.00	0.237772	53.713
21.99	22.00	0.237788	53.813
21.99	22.01	0.237805	53.907
21.99	22.01	0.237822	54.012
21.99	22.01	0.237838	54.112
21.99	22.02	0.237855	54.206
22.02	22.02	0.237871	54.311
22.02	22.02	0.237888	54.405
22.02	22.03	0.237905	54.506
22.02	22.03	0.237921	54.610
22.02	22.03	0.237938	54.705
22.02	22.04	0.237955	54.805
22.02	22.04	0.237971	54.909
22.04	22.05	0.237988	55.004
22.04	22.05	0.238005	55.103
22.04	22.05	0.238021	55.208
22.04	22.06	0.238038	55.302
22.04	22.06	0.238055	55.402
22.04	22.06	0.238071	55.506
22.04	22.07	0.238088	55.601
22.07	22.07	0.238105	55.701
22.07	22.07	0.238121	55.805
22.07	22.08	0.238138	55.900
22.07	22.08	0.238155	55.999
22.07	22.08	0.238171	56.104
22.07	22.09	0.238188	56.198
22.09	22.09	0.238205	56.299
22.09	22.09	0.238221	56.402
22.09	22.10	0.238238	56.499
22.09	22.10	0.238255	56.599
22.09	22.10	0.238271	56.701
22.09	22.10	0.238288	56.799
22.12	22.11	0.238305	56.899
22.12	22.11	0.238321	57.000
22.12	22.11	0.238338	57.099
22.12	22.12	0.238355	57.200
22.12	22.12	0.238371	57.300
22.12	22.12	0.238388	57.400
22.12	22.12	0.238405	57.499
22.15	22.13	0.238421	57.600
22.15	22.13	0.238438	57.700
22.15	22.13	0.238455	57.799
22.15	22.14	0.238471	57.900
22.15	22.14	0.238488	57.999
22.15	22.14	0.238505	58.100
22.15	22.14	0.238521	58.200
22.15	22.15	0.238538	58.300
22.15	22.15	0.238555	58.400
22.15	22.15	0.238571	58.500
22.15	22.15	0.238588	58.600
22.15	22.15	0.238605	58.699
22.15	22.16	0.238621	58.800
22.15	22.16	0.238638	58.900
22.15	22.16	0.238655	59.000
22.15	22.16	0.238671	59.100
22.17	22.16	0.238688	59.200
22.17	22.17	0.238704	59.300
22.17	22.17	0.238721	59.399
22.17	22.17	0.238738	59.500
22.17	22.17	0.238754	59.599
22.17	22.17	0.238771	59.700
22.17	22.17	0.238788	59.800
22.17	22.17	0.238804	59.900
22.17	22.18	0.238821	00.000
22.17	22.18	0.238838	00.100
22.17	22.18	0.238854	00.200
22.17	22.18	0.238871	00.299
22.17	22.18	0.238888	00.400
22.17	22.18	0.238904	00.499
22.17	22.18	0.238921	00.600
22.20	22.18	0.238938	00.700
22.20	22.18	0.238954	00.800
22.20	22.18	0.238971	00.900
22.20	22.18	0.238988	01.000
22.20	22.18	0.239004	01.100
22.20	22.19	0.239021	01.199
22.20	22.19	0.239038	01.300
22.20	22.19	0.239054	01.400
22.20	22.19	0.239071	01.500
22.20	22.19	0.239088	01.600
22.20	22.19	0.239104	01.700
22.20	22.19	0.239121	01.800
22.20	22.19	0.239138	01.900
22.20	22.19	0.239154	02.001
22.20	22.19	0.239171	02.100
22.20	22.19	0.239188	02.229
22.20	22.19	0.239204	02.325
22.20	22.19	0.239221	02.424
22.20	22.19	0.239238	02.529
22.20	22.18	0.239254	02.623
22.20	22.18	0.239271	02.723
22.20	22.18	0.239288	02.827
22.20	22.18	0.239304	02.922
22.20	22.18	0.239321	03.021
22.20	22.18	0.239338	03.126
22.20	22.18	0.239354	03.221
22.20	22.18	0.239371	03.320
22.20	22.18	0.239388	03.425
22.20	22.18	0.239404	03.519
22.20	22.18	0.239421	03.619
22.20	22.18	0.239438	03.723
22.20	22.18	0.239454	03.818
22.20	22.17	0.239471	03.918
22.17	22.17	0.239488	04.023
22.17	22.17	0.239504	04.117
22.17	22.17	0.239521	04.216
22.17	22.17	0.239537	04.322
22.17	22.17	0.239554	04.416
22.17	22.17	0.239571	04.516
22.17	22.17	0.239587	04.620
22.17	22.16	0.239604	04.715
22.17	22.16	0.239621	04.815
22.17	22.16	0.239637	04.919
22.17	22.16	0.239654	05.014
22.17	22.16	0.239671	05.114
22.17	22.16	0.239687	05.218
22.17	22.15	0.239704	05.312
22.17	22.15	0.239721	05.415
22.17	22.15	0.239737	05.517
22.15	22.15	0.239754	05.611
22.15	22.15	0.239771	05.715
22.15	22.15	0.239787	05.815
22.15	22.14	0.239804	05.910
22.15	22.14	0.239821	06.014
22.15	22.14	0.239837	06.114
22.15	22.14	0.239854	06.209
22.15	22.14	0.239871	06.313
22.15	22.14	0.239887	06.413
22.15	22.13	0.239904	06.507
22.15	22.13	0.239921	06.612
22.15	22.13	0.239937	06.711
22.15	22.13	0.239954	06.806
22.12	22.13	0.239971	06.910
22.12	22.13	0.239987	07.010
22.12	22.12	0.240004	07.105
22.12	22.12	0.240021	07.209
22.12	22.12	0.240037	07.304
22.12	22.12	0.240054	07.403
22.12	22.12	0.240071	07.509
22.12	22.12	0.240087	07.603
22.12	22.11	0.240104	07.703
22.12	22.11	0.240121	07.808
22.12	22.11	0.240137	07.902
22.12	22.11	0.240154	08.002
22.12	22.11	0.240171	08.106
22.12	22.11	0.240187	08.201
22.12	22.10	0.240204	08.301
22.12	22.10	0.240221	08.405
22.09	22.10	0.240237	08.501
22.09	22.10	0.240254	08.602
22.09	22.10	0.240271	08.704
22.09	22.10	0.240287	08.802
22.09	22.10	0.240304	08.902
22.09	22.10	0.240321	09.002
22.09	22.09	0.240337	09.102
22.09	22.09	0.240354	09.201
22.09	22.09	0.240370	09.302
22.09	22.09	0.240387	09.402
22.09	22.09	0.240404	09.502
22.09	22.09	0.240420	09.602
22.09	22.09	0.240437	09.702
22.09	22.09	0.240454	09.802
22.09	22.09	0.240470	09.901
22.09	22.09	0.240487	10.002
22.09	22.09	0.240504	10.101
22.09	22.08	0.240520	10.202
22.09	22.08	0.240537	10.302
22.09	22.08	0.240554	10.402
22.09	22.08	0.240570	10.502
22.09	22.08	0.240587	10.602
22.09	22.08	0.240604	10.702
22.09	22.08	0.240620	10.801
22.09	22.08	0.240637	10.902
22.09	22.08	0.240654	11.002
22.09	22.08	0.240670	11.102
22.09	22.08	0.240687	11.202
22.09	22.08	0.240704	11.302
22.07	22.08	0.240720	11.402
22.07	22.08	0.240737	11.502
22.07	22.08	0.240754	11.602
22.07	22.08	0.240770	11.701
22.07	22.08	0.240787	11.802
22.07	22.08	0.240804	11.902
22.07	22.08	0.240820	12.002
22.07	22.08	0.240837	12.102
22.07	22.09	0.240854	12.202
22.07	22.09	0.240870	12.302
22.07	22.09	0.240887	12.401
22.07	22.09	0.240904	12.502
22.07	22.09	0.240920	12.602
22.07	22.09	0.240937	12.702
22.07	22.09	0.240954	12.802
22.07	22.09	0.240970	12.902
22.07	22.09	0.240987	13.002
22.07	22.09	0.241004	13.102
22.07	22.10	0.241020	13.202
22.07	22.10	0.241037	13.301
22.07	22.10	0.241054	13.402
22.07	22.10	0.241070	13.502
22.07	22.10	0.241087	13.602
22.07	22.10	0.241104	13.702
22.07	22.10	0.241120	13.802
22.09	22.11	0.241137	13.902
22.09	22.11	0.241154	14.001
22.09	22.11	0.241170	14.102
22.09	22.11	0.241187	14.201
22.09	22.11	0.241203	14.302
22.09	22.12	0.241220	14.402
22.09	22.12	0.241237	14.531
22.12	22.12	0.241253	14.631
22.12	22.12	0.241270	14.725
22.12	22.13	0.241287	14.830
22.12	22.13	0.241303	14.929
22.12	22.13	0.241320	15.024
22.12	22.13	0.241337	15.128
22.12	22.14	0.241353	15.223
22.12	22.14	0.241370	15.323
22.12	22.14	0.241387	15.427
22.15	22.14	0.241403	15.522
22.15	22.15	0.241420	15.621
22.15	22.15	0.241437	15.726
22.15	22.15	0.241453	15.820
22.15	22.15	0.241470	15.920
22.15	22.16	0.241487	16.024
22.15	22.16	0.241503	16.119
22.17	22.16	0.241520	16.219
22.17	22.17	0.241537	16.323
22.17	22.17	0.241553	16.418
22.17	22.17	0.241570	16.517
22.17	22.18	0.241587	16.622
22.17	22.18	0.241603	16.716
22.17	22.18	0.241620	16.816
22.17	22.19	0.241637	16.921
22.17	22.19	0.241653	17.015
22.17	22.19	0.241670	17.115
22.17	22.20	0.241687	17.220
22.17	22.20	0.241703	17.315
22.20	22.20	0.241720	17.414
22.20	22.21	0.241737	17.519
22.20	22.21	0.241753	17.614
22.20	22.21	0.241770	17.713
22.20	22.22	0.241787	17.818
22.20	22.22	0.241803	17.912
22.20	22.22	0.241820	18.013
22.20	22.23	0.241837	18.116
22.22	22.23	0.241853	18.211
22.22	22.23	0.241870	18.313
22.22	22.24	0.241887	18.415
22.22	22.24	0.241903	18.510
22.22	22.24	0.241920	18.613
22.22	22.25	0.241937	18.714
22.25	22.25	0.241953	18.809
22.25	22.25	0.241970	18.913
22.25	22.26	0.241987	19.013
22.25	22.26	0.242003	19.107
22.25	22.27	0.242020	19.212
22.25	22.27	0.242036	19.312
22.27	22.27	0.242053	19.406
22.27	22.28	0.242070	19.511
22.27	22.28	0.242086	19.610
22.27	22.28	0.242103	19.705
22.27	22.29	0.242120	19.809
22.27	22.29	0.242136	19.909
22.27	22.29	0.242153	20.003
22.30	22.30	0.242170	20.108
22.30	22.30	0.242186	20.203
22.30	22.30	0.242203	20.303
22.30	22.31	0.242220	20.407
22.30	22.31	0.242236	20.503
22.30	22.31	0.242253	20.603
22.30	22.31	0.242270	20.705
22.33	22.32	0.242286	20.803
22.33	22.32	0.242303	20.903
22.33	22.32	0.242320	21.005
22.33	22.33	0.242336	21.103
22.33	22.33	0.242353	21.203
22.33	22.33	0.242370	21.304
22.33	22.34	0.242386	21.402
22.33	22.34	0.242403	21.503
22.35	22.34	0.242420	21.603
22.35	22.34	0.242436	21.703
22.35	22.35	0.242453	21.803
22.35	22.35	0.242470	21.903
22.35	22.35	0.242486	22.002
22.35	22.35	0.242503	22.103
22.35	22.36	0.242520	22.203
22.35	22.36	0.242536	22.303
22.35	22.36	0.242553	22.403
22.38	22.36	0.242570	22.503
22.38	22.37	0.242586	22.603
22.38	22.37	0.242603	22.702
22.38	22.37	0.242620	22.803
22.38	22.37	0.242636	22.902
22.38	22.37	0.242653	23.003
22.38	22.38	0.242670	23.103
22.38	22.38	0.242686	23.203
22.38	22.38	0.242703	23.303
22.38	22.38	0.242720	23.403
22.38	22.38	0.242736	23.503
22.38	22.38	0.242753	23.602
22.38	22.38	0.242770	23.703
22.40	22.39	0.242786	23.803
22.40	22.39	0.242803	23.903
22.40	22.39	0.242820	24.003
22.40	22.39	0.242836	24.108
22.40	22.39	0.242853	24.203
22.40	22.39	0.242869	24.302
22.40	22.39	0.242886	24.403
22.40	22.39	0.242903	24.502
22.40	22.40	0.242919	24.603
22.40	22.40	0.242936	24.703
22.40	22.40	0.242953	24.803
22.40	22.40	0.242969	24.903
22.40	22.40	0.242986	25.008
22.40	22.40	0.243003	25.103
22.40	22.40	0.243019	25.202
22.40	22.40	0.243036	25.303
22.43	22.40	0.243053	25.402
22.43	22.40	0.243069	25.503
22.43	22.40	0.243086	25.603
22.43	22.40	0.243103	25.703
22.43	22.40	0.243119	25.803
22.43	22.40	0.243136	25.907
22.43	22.40	0.243153	26.003
22.43	22.40	0.243169	26.102
22.43	22.40	0.243186	26.208
22.43	22.40	0.243203	26.303
22.40	22.40	0.243219	26.403
22.40	22.40	0.243236	26.503
22.40	22.40	0.243253	26.632
22.40	22.40	0.243269	26.727
22.40	22.40	0.243286	26.802
22.40	22.40	0.243303	26.931
22.40	22.40	0.243319	27.026
22.40	22.40	0.243336	27.130
22.40	22.39	0.243353	27.230
22.40	22.39	0.243369	27.325
22.40	22.39	0.243386	27.430
22.40	22.39	0.243403	27.529
22.40	22.39	0.243419	27.624
22.40	22.39	0.243436	27.728
22.40	22.39	0.243453	27.828
22.40	22.39	0.243469	27.922
22.40	22.39	0.243486	28.027
22.40	22.39	0.243503	28.122
22.40	22.38	0.243519	28.221
22.40	22.38	0.243536	28.326
22.40	22.38	0.243553	28.420
22.38	22.38	0.243569	28.520
22.38	22.38	0.243586	28.624
22.38	22.38	0.243603	28.719
22.38	22.38	0.243619	28.818
22.38	22.37	0.243636	28.923
22.38	22.37	0.243653	29.018
22.38	22.37	0.243669	29.117
22.38	22.37	0.243686	29.222
22.38	22.37	0.243702	29.316
22.38	22.37	0.243719	29.416
22.38	22.36	0.243736	29.521
22.38	22.36	0.243752	29.616
22.38	22.36	0.243769	29.715
22.38	22.36	0.243786	29.820
22.38	22.36	0.243802	29.915
22.38	22.36	0.243819	30.014
22.38	22.35	0.243836	30.119
22.35	22.35	0.243852	30.213
22.35	22.35	0.243869	30.313
22.35	22.35	0.243886	30.417
22.35	22.35	0.243902	30.512
22.35	22.35	0.243919	30.612
22.35	22.34	0.243936	30.716
22.35	22.34	0.243952	30.811
22.35	22.34	0.243969	30.911
22.35	22.34	0.243986	31.015
22.35	22.34	0.244002	31.109
22.35	22.34	0.244019	31.212
22.35	22.33	0.244036	31.313
22.33	22.33	0.244052	31.408
22.33	22.33	0.244069	31.512
22.33	22.33	0.244086	31.612
22.33	22.33	0.244102	31.707
22.33	22.33	0.244119	31.811
22.33	22.32	0.244136	31.912
22.33	22.32	0.244152	32.006
22.33	22.32	0.244169	32.111
22.33	22.32	0.244186	32.210
22.33	22.32	0.244202	32.305
22.33	22.32	0.244219	32.410
22.33	22.32	0.244236	32.509
22.33	22.31	0.244252	32.604
22.33	22.31	0.244269	32.708
22.30	22.31	0.244286	32.808
22.30	22.31	0.244302	32.902
22.30	22.31	0.244319	33.007
22.30	22.31	0.244336	33.107
22.30	22.31	0.244352	33.203
22.30	22.31	0.244369	33.306
22.30	22.30	0.244386	33.406
22.30	22.30	0.244402	33.503
22.30	22.30	0.244419	33.604
22.30	22.30	0.244436	33.707
22.30	22.30	0.244452	33.802
22.30	22.30	0.244469	33.903
22.30	22.30	0.244486	34.007
22.30	22.30	0.244502	34.103
22.30	22.30	0.244519	34.203
22.30	22.30	0.244535	34.306
22.30	22.30	0.244552	34.403
22.30	22.30	0.244569	34.502
22.30	22.30	0.244585	34.607
22.27	22.30	0.244602	34.703
22.27	22.30	0.244619	34.803
22.27	22.30	0.244635	34.907
22.27	22.30	0.244652	35.003
22.27	22.30	0.244669	35.103
22.27	22.30	0.244685	35.206
22.27	22.30	0.244702	35.303
22.27	22.30	0.244719	35.402
22.30	22.30	0.244735	35.506
22.30	22.30	0.244752	35.603
22.30	22.30	0.244769	35.703
22.30	22.30	0.244785	35.807
22.30	22.30	0.244802	35.903
22.30	22.30	0.244819	36.003
22.30	22.30	0.244835	36.106
22.30	22.30	0.244852	36.203
22.30	22.30	0.244869	36.302
22.30	22.30	0.244885	36.406
22.30	22.30	0.244902	36.503
22.30	22.30	0.244919	36.603
22.30	22.30	0.244935	36.707
22.30	22.30	0.244952	36.802
22.30	22.30	0.244969	36.903
22.30	22.31	0.244985	37.006
22.30	22.31	0.245002	37.102
22.30	22.31	0.245019	37.203
22.30	22.31	0.245035	37.306
22.30	22.31	0.245052	37.403
22.30	22.31	0.245069	37.503
22.30	22.31	0.245085	37.606
22.30	22.32	0.245102	37.702
22.30	22.32	0.245119	37.803
22.33	22.32	0.245135	37.906
22.33	22.32	0.245152	38.003
22.33	22.32	0.245169	38.103
22.33	22.33	0.245185	38.206
22.33	22.33	0.245202	38.303
22.33	22.33	0.245219	38.403
22.33	22.33	0.245235	38.506
22.33	22.33	0.245252	38.602
22.33	22.34	0.245269	38.703
22.33	22.34	0.245285	38.807
22.33	22.34	0.245302	38.903
22.33	22.34	0.245319	39.003
22.33	22.35	0.245335	39.106
22.33	22.35	0.245352	39.203
22.33	22.35	0.245368	39.302
22.33	22.35	0.245385	39.406
22.33	22.36	0.245402	39.531
22.33	22.36	0.245418	39.626
22.33	22.36	0.245435	39.730
22.33	22.37	0.245452	39.830
22.35	22.37	0.245468	39.925
22.35	22.37	0.245485	40.029
22.35	22.37	0.245502	40.129
22.35	22.38	0.245518	40.223
22.35	22.38	0.245535	40.328
22.35	22.38	0.245552	40.427
22.35	22.39	0.245568	40.522
22.38	22.39	0.245585	40.627
22.38	22.39	0.245602	40.726
22.38	22.40	0.245618	40.821
22.38	22.40	0.245635	40.925
22.38	22.40	0.245652	41.020
22.40	22.41	0.245668	41.119
22.40	22.41	0.245685	41.224
22.40	22.41	0.245702	41.318
22.40	22.42	0.245718	41.419
22.40	22.42	0.245735	41.523
22.40	22.42	0.245752	41.618
22.43	22.43	0.245768	41.717
22.43	22.43	0.245785	41.822
22.43	22.43	0.245802	41.916
22.43	22.44	0.245818	42.016
22.43	22.44	0.245835	42.120
22.43	22.44	0.245852	42.215
22.43	22.45	0.245868	42.315
22.43	22.45	0.245885	42.419
22.45	22.45	0.245902	42.514
22.45	22.46	0.245918	42.613
22.45	22.46	0.245935	42.718
22.45	22.46	0.245952	42.812
22.45	22.47	0.245968	42.912
22.45	22.47	0.245985	43.017
22.48	22.48	0.246002	43.111
22.48	22.48	0.246018	43.212
22.48	22.48	0.246035	43.316
22.48	22.49	0.246052	43.411
22.48	22.49	0.246068	43.510
22.48	22.49	0.246085	43.615
22.50	22.50	0.246102	43.709
22.50	22.50	0.246118	43.810
22.50	22.50	0.246135	43.914
22.50	22.51	0.246152	44.008
22.50	22.51	0.246168	44.110
22.50	22.51	0.246185	44.212
22.50	22.52	0.246201	44.307
22.53	22.52	0.246218	44.409
22.53	22.52	0.246235	44.511
22.53	22.53	0.246251	44.606
22.53	22.53	0.246268	44.710
22.53	22.53	0.246285	44.810
22.53	22.53	0.246301	44.904
22.53	22.54	0.246318	45.009
22.53	22.54	0.246335	45.108
22.56	22.54	0.246351	45.203
22.56	22.55	0.246368	45.307
22.56	22.55	0.246385	45.407
22.56	22.55	0.246401	45.503
22.56	22.55	0.246418	45.607
22.56	22.56	0.246435	45.707
22.56	22.56	0.246451	45.803
22.56	22.56	0.246468	45.905
22.56	22.56	0.246485	46.005
22.56	22.57	0.246501	46.103
22.56	22.57	0.246518	46.205
22.58	22.57	0.246535	46.305
22.58	22.57	0.246551	46.403
22.58	22.58	0.246568	46.503
22.58	22.58	0.246585	46.605
22.58	22.58	0.246601	46.702
22.58	22.58	0.246618	46.803
22.58	22.58	0.246635	46.904
22.58	22.59	0.246651	47.003
22.58	22.59	0.246668	47.103
22.58	22.59	0.246685	47.205
22.58	22.59	0.246701	47.303
22.61	22.59	0.246718	47.403
22.61	22.60	0.246735	47.505
22.61	22.60	0.246751	47.602
22.61	22.60	0.246768	47.703
22.61	22.60	0.246785	47.805
22.61	22.60	0.246801	47.903
22.61	22.60	0.246818	48.003
22.61	22.60	0.246835	48.105
22.61	22.60	0.246851	48.203
22.61	22.61	0.246868	48.302
22.61	22.61	0.246885	48.405
22.61	22.61	0.246901	48.502
22.61	22.61	0.246918	48.603
22.61	22.61	0.246935	48.705
22.61	22.61	0.246951	48.803
22.61	22.61	0.246968	48.903
22.61	22.61	0.246985	49.004
22.63	22.61	0.247001	49.103
22.63	22.61	0.247018	49.202
22.63	22.61	0.247034	49.305
22.63	22.61	0.247051	49.402
22.63	22.61	0.247068	49.503
22.63	22.61	0.247084	49.605
22.63	22.61	0.247101	49.703
22.63	22.61	0.247118	49.803
22.63	22.61	0.247134	49.904
22.63	22.61	0.247151	50.003
22.63	22.61	0.247168	50.102
22.63	22.61	0.247184	50.205
22.63	22.61	0.247201	50.303
22.63	22.61	0.247218	50.402
22.61	22.61	0.247234	50.505
22.61	22.61	0.247251	50.603
22.61	22.61	0.247268	50.703
22.61	22.61	0.247284	50.804
22.61	22.61	0.247301	50.903
22.61	22.61	0.247318	51.002
22.61	22.61	0.247334	51.105
22.61	22.61	0.247351	51.203
22.61	22.61	0.247368	51.303
22.61	22.61	0.247384	51.405
22.61	22.60	0.247401	51.503
22.61	22.60	0.247418	51.603
22.61	22.60	0.247434	51.704
22.61	22.60	0.247451	51.802
22.61	22.60	0.247468	51.902
22.61	22.60	0.247484	52.004
22.61	22.60	0.247501	52.131
22.61	22.60	0.247518	52.225
22.61	22.60	0.247534	52.304
22.58	22.59	0.247551	52.429
22.58	22.59	0.247568	52.524
22.58	22.59	0.247584	52.604
22.58	22.59	0.247601	52.729
22.58	22.59	0.247618	52.822
22.58	22.59	0.247634	52.928
22.58	22.59	0.247651	53.028
22.58	22.58	0.247668	53.122
22.58	22.58	0.247684	53.227
22.58	22.58	0.247701	53.326
22.58	22.58	0.247718	53.421
22.58	22.58	0.247734	53.525
22.58	22.58	0.247751	53.625
22.58	22.57	0.247768	53.720
22.58	22.57	0.247784	53.824
22.58	22.57	0.247801	53.919
22.58	22.57	0.247818	54.018
22.58	22.57	0.247834	54.123
22.58	22.57	0.247851	54.217
22.58	22.56	0.247867	54.317
22.58	22.56	0.247884	54.421
22.58	22.56	0.247901	54.516
22.58	22.56	0.247917	54.616
22.58	22.56	0.247934	54.720
22.58	22.56	0.247951	54.815
22.58	22.55	0.247967	54.915
22.58	22.55	0.247984	55.020
22.58	22.55	0.248001	55.113
22.56	22.55	0.248017	55.214
22.56	22.55	0.248034	55.319
22.56	22.55	0.248051	55.413
22.56	22.54	0.248067	55.513
22.56	22.54	0.248084	55.617
22.56	22.54	0.248101	55.712
22.56	22.54	0.248117	55.811
22.56	22.54	0.248134	55.916
22.56	22.54	0.248151	56.010
22.53	22.53	0.248167	56.110
22.53	22.53	0.248184	56.215
22.53	22.53	0.248201	56.309
22.53	22.53	0.248217	56.409
22.53	22.53	0.248234	56.513
22.53	22.53	0.248251	56.608
22.53	22.53	0.248267	56.708
22.50	22.52	0.248284	56.812
22.50	22.52	0.248301	56.907
22.50	22.52	0.248317	57.008
22.50	22.52	0.248334	57.111
22.50	22.52	0.248351	57.205
22.48	22.52	0.248367	57.308
22.48	22.52	0.248384	57.409
22.48	22.52	0.248401	57.504
22.48	22.52	0.248417	57.608
22.48	22.52	0.248434	57.708
22.48	22.51	0.248451	57.804
22.48	22.51	0.248467	57.907
22.45	22.51	0.248484	58.008
22.45	22.51	0.248501	58.104
22.45	22.51	0.248517	58.206
22.45	22.51	0.248534	58.306
22.45	22.51	0.248551	58.404
22.45	22.51	0.248567	58.506
22.45	22.51	0.248584	58.605
22.45	22.51	0.248601	58.704
22.45	22.51	0.248617	58.804
22.45	22.51	0.248634	58.904
22.45	22.51	0.248651	59.003
22.45	22.51	0.248667	59.104
22.45	22.51	0.248684	59.203
22.45	22.51	0.248700	59.304
22.45	22.51	0.248717	59.404
22.45	22.51	0.248734	59.504
22.45	22.51	0.248750	59.604
22.45	22.51	0.248767	59.704
22.45	22.51	0.248784	59.804
22.48	22.51	0.248800	59.903
22.48	22.51	0.248817	00.004
22.48	22.51	0.248834	00.104
22.48	22.51	0.248850	00.204
22.48	22.51	0.248867	00.304
22.48	22.51	0.248884	00.404
22.48	22.51	0.248900	00.504
22.48	22.52	0.248917	00.604
22.48	22.52	0.248934	00.704
22.50	22.52	0.248950	00.804
22.50	22.52	0.248967	00.903
22.50	22.52	0.248984	01.004
22.50	22.52	0.249000	01.104
22.50	22.52	0.249017	01.204
22.50	22.52	0.249034	01.304
22.50	22.52	0.249050	01.404
22.50	22.53	0.249067	01.504
22.53	22.53	0.249084	01.604
22.53	22.53	0.249100	01.705
22.53	22.53	0.249117	01.804
22.53	22.53	0.249134	01.905
22.53	22.54	0.249150	02.005
22.53	22.54	0.249167	02.105
22.53	22.54	0.249184	02.205
22.53	22.54	0.249200	02.305
22.53	22.54	0.249217	02.405
22.53	22.55	0.249234	02.504
22.53	22.55	0.249250	02.605
22.53	22.55	0.249267	02.705
22.53	22.55	0.249284	02.805
22.56	22.55	0.249300	02.905
22.56	22.56	0.249317	03.005
22.56	22.56	0.249334	03.105
22.56	22.56	0.249350	03.204
22.56	22.56	0.249367	03.305
22.56	22.57	0.249384	03.404
22.56	22.57	0.249400	03.505
22.56	22.57	0.249417	03.605
22.56	22.58	0.249434	03.730
22.56	22.58	0.249450	03.805
22.56	22.58	0.249467	03.929
22.56	22.58	0.249484	04.029
22.56	22.59	0.249500	04.133
22.56	22.59	0.249517	04.228
22.58	22.59	0.249533	04.327
22.58	22.60	0.249550	04.432
22.58	22.60	0.249567	04.527
22.58	22.60	0.249583	04.627
22.58	22.61	0.249600	04.731
22.58	22.61	0.249617	04.825
22.58	22.61	0.249633	04.928
22.58	22.62	0.249650	05.029
22.58	22.62	0.249667	05.124
22.61	22.62	0.249683	05.227
22.61	22.63	0.249700	05.328
22.61	22.63	0.249717	05.423
22.61	22.63	0.249733	05.527
22.61	22.64	0.249750	05.627
22.61	22.64	0.249767	05.721
22.61	22.64	0.249783	05.826
22.63	22.65	0.249800	05.926
22.63	22.65	0.249817	06.020
22.63	22.65	0.249833	06.126
22.63	22.66	0.249850	06.225
22.66	22.66	0.249867	06.320
22.66	22.66	0.249883	06.424
22.66	22.67	0.249900	06.524
22.66	22.67	0.249917	06.618
22.66	22.67	0.249933	06.723
22.68	22.68	0.249950	06.818
22.68	22.68	0.249967	06.917
22.68	22.69	0.249983	07.022
22.68	22.69	0.250000	07.116
22.68	22.69	0.250017	07.216
22.68	22.70	0.250033	07.320
22.71	22.70	0.250050	07.415
22.71	22.70	0.250067	07.514
22.71	22.71	0.250083	07.619
22.71	22.71	0.250100	07.714
22.71	22.71	0.250117	07.813
22.74	22.72	0.250133	07.918
22.74	22.72	0.250150	08.012
22.74	22.72	0.250167	08.112
22.74	22.73	0.250183	08.216
22.74	22.73	0.250200	08.311
22.74	22.73	0.250217	08.410
22.74	22.74	0.250233	08.515
22.74	22.74	0.250250	08.610
22.74	22.74	0.250267	08.709
22.76	22.74	0.250283	08.815
22.76	22.75	0.250300	08.909
22.76	22.75	0.250317	09.009
22.76	22.75	0.250333	09.113
22.76	22.76	0.250350	09.208
22.76	22.76	0.250366	09.308
22.76	22.76	0.250383	09.412
22.76	22.76	0.250400	09.507
22.76	22.77	0.250416	09.607
22.76	22.77	0.250433	09.711
22.79	22.77	0.250450	09.805
22.79	22.78	0.250466	09.907
22.79	22.78	0.250483	10.009
22.79	22.78	0.250500	10.105
22.79	22.78	0.250516	10.207
22.79	22.79	0.250533	10.308
22.79	22.79	0.250550	10.405
22.79	22.79	0.250566	10.506
22.79	22.79	0.250583	10.607
22.79	22.79	0.250600	10.704
22.79	22.80	0.250616	10.806
22.81	22.80	0.250633	10.905
22.81	22.80	0.250650	11.005
22.81	22.80	0.250666	11.105
22.81	22.80	0.250683	11.205
22.81	22.81	0.250700	11.305
22.81	22.81	0.250716	11.405
22.81	22.81	0.250733	11.506
22.81	22.81	0.250750	11.605
22.81	22.81	0.250766	11.706
22.81	22.81	0.250783	11.806
22.81	22.81	0.250800	11.906
22.81	22.82	0.250816	12.006
22.84	22.82	0.250833	12.106
22.84	22.82	0.250850	12.205
22.84	22.82	0.250866	12.306
22.84	22.82	0.250883	12.405
22.84	22.82	0.250900	12.506
22.84	22.82	0.250916	12.606
22.84	22.82	0.250933	12.706
22.84	22.82	0.250950	12.806
22.84	22.82	0.250966	12.906
22.84	22.82	0.250983	13.005
22.84	22.82	0.251000	13.105
22.84	22.83	0.251016	13.206
22.84	22.83	0.251033	13.306
22.84	22.83	0.251050	13.406
22.84	22.83	0.251066	13.506
22.84	22.83	0.251083	13.606
22.84	22.83	0.251100	13.706
22.84	22.83	0.251116	13.805
22.84	22.83	0.251133	13.906
22.84	22.83	0.251150	14.005
22.84	22.83	0.251166	14.106
22.84	22.83	0.251183	14.206
22.84	22.83	0.251199	14.306
22.84	22.83	0.251216	14.406
22.84	22.83	0.251233	14.506
22.84	22.82	0.251249	14.606
22.84	22.82	0.251266	14.705
22.84	22.82	0.251283	14.806
22.84	22.82	0.251299	14.906
22.84	22.82	0.251316	15.006
22.84	22.82	0.251333	15.106
22.81	22.82	0.251349	15.206
22.81	22.82	0.251366	15.306
22.81	22.82	0.251383	15.406
22.81	22.82	0.251399	15.506
22.81	22.82	0.251416	15.605
22.81	22.82	0.251433	15.706
22.81	22.82	0.251449	15.806
22.81	22.81	0.251466	15.906
22.81	22.81	0.251483	16.006
22.81	22.81	0.251499	16.135
22.81	22.81	0.251516	16.230
22.81	22.81	0.251533	16.329
22.81	22.81	0.251549	16.434
22.81	22.81	0.251566	16.528
22.81	22.81	0.251583	16.628
22.81	22.80	0.251599	16.733
22.84	22.80	0.251616	16.828
22.84	22.80	0.251633	16.928
22.84	22.80	0.251649	17.032
22.84	22.80	0.251666	17.127
22.84	22.80	0.251683	17.226
22.84	22.79	0.251699	17.331
22.84	22.79	0.251716	17.425
22.81	22.79	0.251733	17.526
22.81	22.79	0.251749	17.630
22.81	22.79	0.251766	17.724
22.81	22.79	0.251783	17.826
22.81	22.78	0.251799	17.928
22.81	22.78	0.251816	18.023
22.81	22.78	0.251833	18.126
22.81	22.78	0.251849	18.227
22.79	22.78	0.251866	18.322
22.79	22.78	0.251883	18.426
22.79	22.77	0.251899	18.526
22.79	22.77	0.251916	18.620
22.79	22.77	0.251933	18.725
22.79	22.77	0.251949	18.824
22.79	22.77	0.251966	18.919
22.76	22.77	0.251983	19.023
22.76	22.76	0.251999	19.123
22.76	22.76	0.252016	19.218
22.76	22.76	0.252032	19.322
22.76	22.76	0.252049	19.422
22.76	22.76	0.252066	19.516
22.76	22.76	0.252082	19.621
22.74	22.75	0.252099	19.716
22.74	22.75	0.252116	19.815
22.74	22.75	0.252132	19.920
22.74	22.75	0.252149	20.015
22.74	22.75	0.252166	20.115
22.74	22.75	0.252182	20.219
22.74	22.74	0.252199	20.314
22.74	22.74	0.252216	20.413
22.74	22.74	0.252232	20.518
22.74	22.74	0.252249	20.612
22.71	22.74	0.252266	20.712
22.71	22.74	0.252282	20.817
22.71	22.74	0.252299	20.911
22.71	22.74	0.252316	21.011
22.71	22.73	0.252332	21.115
22.71	22.73	0.252349	21.210
22.71	22.73	0.252366	21.309
22.71	22.73	0.252382	21.414
22.71	22.73	0.252399	21.508
22.71	22.73	0.252416	21.608
22.71	22.73	0.252432	21.713
22.71	22.73	0.252449	21.807
22.71	22.73	0.252466	21.907
22.71	22.73	0.252482	22.011
22.71	22.73	0.252499	22.106
22.71	22.72	0.252516	22.205
22.71	22.72	0.252532	22.310
22.71	22.72	0.252549	22.406
22.71	22.72	0.252566	22.506
22.71	22.72	0.252582	22.610
22.71	22.72	0.252599	22.706
22.74	22.72	0.252616	22.806
22.74	22.72	0.252632	22.908
22.74	22.72	0.252649	23.006
22.74	22.72	0.252666	23.105
22.74	22.72	0.252682	23.207
22.74	22.72	0.252699	23.306
22.74	22.72	0.252716	23.406
22.74	22.72	0.252732	23.506
22.74	22.72	0.252749	23.606
22.74	22.72	0.252766	23.706
22.71	22.72	0.252782	23.805
22.71	22.72	0.252799	23.906
22.71	22.72	0.252816	24.006
22.71	22.72	0.252832	24.106
22.71	22.73	0.252849	24.206
22.71	22.73	0.252865	24.306
22.71	22.73	0.252882	24.406
22.71	22.73	0.252899	24.505
22.71	22.73	0.252915	24.606
22.71	22.73	0.252932	24.706
22.71	22.73	0.252949	24.806
22.71	22.73	0.252965	24.906
22.71	22.73	0.252982	25.006
22.71	22.73	0.252999	25.106
22.71	22.74	0.253015	25.206
22.74	22.74	0.253032	25.306
22.74	22.74	0.253049	25.405
22.74	22.74	0.253065	25.506
22.74	22.74	0.253082	25.606
22.74	22.74	0.253099	25.706
22.74	22.74	0.253115	25.806
22.74	22.75	0.253132	25.906
22.74	22.75	0.253149	26.006
22.74	22.75	0.253165	26.105
22.74	22.75	0.253182	26.206
22.74	22.75	0.253199	26.305
22.74	22.76	0.253215	26.406
22.76	22.76	0.253232	26.506
22.76	22.76	0.253249	26.606
22.76	22.76	0.253265	26.706
22.76	22.77	0.253282	26.806
22.76	22.77	0.253299	26.906
22.76	22.77	0.253315	27.005
22.76	22.77	0.253332	27.106
22.76	22.78	0.253349	27.206
22.76	22.78	0.253365	27.306
22.76	22.78	0.253382	27.406
22.76	22.78	0.253399	27.506
22.76	22.79	0.253415	27.606
22.76	22.79	0.253432	27.705
22.76	22.79	0.253449	27.806
22.79	22.79	0.253465	27.905
22.79	22.80	0.253482	28.006
22.79	22.80	0.253499	28.106
22.79	22.80	0.253515	28.206
22.79	22.81	0.253532	28.306
22.79	22.81	0.253549	28.406
22.79	22.81	0.253565	28.506
22.79	22.82	0.253582	28.605
22.81	22.82	0.253599	28.735
22.81	22.82	0.253615	28.829
22.81	22.83	0.253632	28.929
22.81	22.83	0.253649	29.033
22.81	22.83	0.253665	29.128
22.81	22.84	0.253682	29.228
22.84	22.84	0.253698	29.333
22.84	22.84	0.253715	29.428
22.84	22.85	0.253732	29.527
22.84	22.85	0.253748	29.632
22.84	22.85	0.253765	29.726
22.84	22.86	0.253782	29.826
22.84	22.86	0.253798	29.931
22.86	22.86	0.253815	30.025
22.86	22.87	0.253832	30.125
22.86	22.87	0.253848	30.229
22.86	22.87	0.253865	30.324
22.86	22.88	0.253882	30.424
22.86	22.88	0.253898	30.528
22.89	22.88	0.253915	30.623
22.89	22.89	0.253932	30.724
22.89	22.89	0.253948	30.827
22.89	22.89	0.253965	30.921
22.89	22.90	0.253982	31.025
22.89	22.90	0.253998	31.125
22.89	22.91	0.254015	31.220
22.92	22.91	0.254032	31.324
22.92	22.91	0.254048	31.424
22.92	22.92	0.254065	31.519
22.92	22.92	0.254082	31.623
22.92	22.92	0.254098	31.723
22.92	22.93	0.254115	31.817
22.92	22.93	0.254132	31.922
22.94	22.93	0.254148	32.022
22.94	22.94	0.254165	32.117
22.94	22.94	0.254182	32.221
22.94	22.94	0.254198	32.321
22.94	22.95	0.254215	32.416
22.94	22.95	0.254232	32.520
22.94	22.95	0.254248	32.615
22.94	22.95	0.254265	32.714
22.94	22.96	0.254282	32.819
22.97	22.96	0.254298	32.913
22.97	22.96	0.254315	33.013
22.97	22.97	0.254332	33.118
22.97	22.97	0.254348	33.212
22.97	22.97	0.254365	33.312
22.97	22.98	0.254382	33.416
22.97	22.98	0.254398	33.511
22.97	22.98	0.254415	33.610
22.99	22.98	0.254432	33.715
22.99	22.99	0.254448	33.810
22.99	22.99	0.254465	33.909
22.99	22.99	0.254482	34.014
22.99	22.99	0.254498	34.108
22.99	23.00	0.254515	34.208
22.99	23.00	0.254531	34.312
22.99	23.00	0.254548	34.407
22.99	23.00	0.254565	34.506
23.02	23.01	0.254581	34.612
23.02	23.01	0.254598	34.707
23.02	23.01	0.254615	34.807
23.02	23.01	0.254631	34.911
23.02	23.01	0.254648	35.007
23.02	23.02	0.254665	35.107
23.02	23.02	0.254681	35.209
23.02	23.02	0.254698	35.306
23.02	23.02	0.254715	35.407
23.02	23.02	0.254731	35.508
23.04	23.02	0.254748	35.607
23.04	23.02	0.254765	35.707
23.04	23.03	0.254781	35.807
23.04	23.03	0.254798	35.906
23.04	23.03	0.254815	36.007
23.04	23.03	0.254831	36.106
23.04	23.03	0.254848	36.207
23.04	23.03	0.254865	36.307
23.04	23.03	0.254881	36.407
23.04	23.03	0.254898	36.507
23.04	23.04	0.254915	36.607
23.04	23.04	0.254931	36.707
23.04	23.04	0.254948	36.806
23.04	23.04	0.254965	36.907
23.04	23.04	0.254981	37.007
23.04	23.04	0.254998	37.108
23.04	23.04	0.255015	37.208
23.04	23.04	0.255031	37.308
23.04	23.04	0.255048	37.408
23.04	23.04	0.255065	37.507
23.04	23.04	0.255081	37.608
23.04	23.04	0.255098	37.707
23.04	23.04	0.255115	37.808
23.04	23.04	0.255131	37.908
23.04	23.04	0.255148	38.008
23.04	23.04	0.255165	38.108
23.04	23.04	0.255181	38.208
23.07	23.04	0.255198	38.308
23.07	23.04	0.255215	38.407
23.07	23.04	0.255231	38.508
23.07	23.04	0.255248	38.608
23.07	23.04	0.255265	38.708
23.07	23.04	0.255281	38.808
23.07	23.04	0.255298	38.908
23.07	23.04	0.255315	39.008
23.07	23.04	0.255331	39.108
23.07	23.03	0.255348	39.208
23.07	23.03	0.255364	39.307
23.04	23.03	0.255381	39.408
23.04	23.03	0.255398	39.508
23.04	23.03	0.255414	39.608
23.04	23.03	0.255431	39.708
23.04	23.03	0.255448	39.808
23.04	23.03	0.255464	39.908
23.04	23.03	0.255481	40.007
23.04	23.03	0.255498	40.108
23.04	23.02	0.255514	40.207
23.04	23.02	0.255531	40.308
23.02	23.02	0.255548	40.408
23.02	23.02	0.255564	40.508
23.02	23.02	0.255581	40.608
23.02	23.02	0.255598	40.737
23.02	23.02	0.255614	40.832
23.02	23.01	0.255631	40.931
23.02	23.01	0.255648	41.036
23.02	23.01	0.255664	41.130
23.02	23.01	0.255681	41.230
23.02	23.01	0.255698	41.335
23.02	23.01	0.255714	41.429
23.02	23.00	0.255731	41.529
23.02	23.00	0.255748	41.634
23.02	23.00	0.255764	41.729
23.02	23.00	0.255781	41.828
23.02	23.00	0.255798	41.933
22.99	23.00	0.255814	42.027
22.99	22.99	0.255831	42.127
22.99	22.99	0.255848	42.232
22.99	22.99	0.255864	42.326
22.99	22.99	0.255881	42.426
22.99	22.99	0.255898	42.530
22.99	22.99	0.255914	42.625
22.99	22.98	0.255931	42.724
22.99	22.98	0.255948	42.829
22.99	22.98	0.255964	42.924
22.99	22.98	0.255981	43.023
22.99	22.98	0.255998	43.128
22.99	22.98	0.256014	43.222
22.99	22.97	0.256031	43.323
22.97	22.97	0.256048	43.426
22.97	22.97	0.256064	43.521
22.97	22.97	0.256081	43.622
22.97	22.97	0.256098	43.725
22.97	22.97	0.256114	43.820
22.97	22.96	0.256131	43.923
22.97	22.96	0.256148	44.025
22.97	22.96	0.256164	44.119
22.97	22.96	0.256181	44.223
22.97	22.96	0.256197	44.323
22.97	22.96	0.256214	44.418
22.97	22.96	0.256231	44.522
22.97	22.95	0.256247	44.622
22.97	22.95	0.256264	44.717
22.94	22.95	0.256281	44.821
22.94	22.95	0.256297	44.921
22.94	22.95	0.256314	45.015
22.94	22.95	0.256331	45.120
22.94	22.95	0.256347	45.219
22.94	22.95	0.256364	45.314
22.94	22.94	0.256381	45.419
22.94	22.94	0.256397	45.518
22.94	22.94	0.256414	45.613
22.94	22.94	0.256431	45.717
22.94	22.94	0.256447	45.812
22.94	22.94	0.256464	45.911
22.94	22.94	0.256481	46.016
22.94	22.94	0.256497	46.111
22.94	22.94	0.256514	46.210
22.94	22.94	0.256531	46.315
22.94	22.94	0.256547	46.409
22.94	22.94	0.256564	46.509
22.94	22.94	0.256581	46.613
22.94	22.94	0.256597	46.708
22.94	22.94	0.256614	46.807
22.94	22.94	0.256631	46.912
22.94	22.94	0.256647	47.008
22.94	22.94	0.256664	47.108
22.94	22.94	0.256681	47.211
22.94	22.94	0.256697	47.308
22.94	22.94	0.256714	47.407
22.92	22.94	0.256731	47.510
22.92	22.94	0.256747	47.607
22.92	22.94	0.256764	47.708
22.92	22.94	0.256781	47.809
22.92	22.94	0.256797	47.908
22.92	22.94	0.256814	48.008
22.92	22.94	0.256831	48.108
22.92	22.94	0.256847	48.208
22.92	22.94	0.256864	48.307
22.92	22.94	0.256881	48.408
22.94	22.94	0.256897	48.507
22.94	22.94	0.256914	48.608
22.94	22.94	0.256931	48.708
22.94	22.94	0.256947	48.808
22.94	22.94	0.256964	48.908
22.94	22.95	0.256981	49.008
22.94	22.95	0.256997	49.108
22.94	22.95	0.257014	49.207
22.94	22.95	0.257030	49.308
22.94	22.95	0.257047	49.408
22.94	22.95	0.257064	49.508
22.94	22.95	0.257080	49.608
22.94	22.96	0.257097	49.708
22.94	22.96	0.257114	49.807
22.94	22.96	0.257130	49.907
22.94	22.96	0.257147	50.008
22.94	22.96	0.257164	50.107
22.94	22.97	0.257180	50.208
22.94	22.97	0.257197	50.308
22.94	22.97	0.257214	50.408
22.97	22.97	0.257230	50.507
22.97	22.97	0.257247	50.608
22.97	22.98	0.257264	50.708
22.97	22.98	0.257280	50.807
22.97	22.98	0.257297	50.908
22.97	22.98	0.257314	51.007
22.97	22.99	0.257330	51.108
22.97	22.99	0.257347	51.208
22.97	22.99	0.257364	51.308
22.97	22.99	0.257380	51.408
22.97	23.00	0.257397	51.508
22.99	23.00	0.257414	51.608
22.99	23.00	0.257430	51.707
22.99	23.01	0.257447	51.808
22.99	23.01	0.257464	51.908
22.99	23.01	0.257480	52.008
22.99	23.01	0.257497	52.108
22.99	23.02	0.257514	52.207
22.99	23.02	0.257530	52.308
23.02	23.02	0.257547	52.407
23.02	23.03	0.257564	52.508
23.02	23.03	0.257580	52.607
23.02	23.03	0.257597	52.708
23.02	23.04	0.257614	52.808
23.02	23.04	0.257630	52.908
23.02	23.04	0.257647	53.008
23.02	23.05	0.257664	53.108
23.04	23.05	0.257680	53.208
23.04	23.05	0.257697	53.307
23.04	23.06	0.257714	53.432
23.04	23.06	0.257730	53.531
23.04	23.06	0.257747	53.636
23.07	23.07	0.257764	53.731
23.07	23.07	0.257780	53.830
23.07	23.07	0.257797	53.935
23.07	23.08	0.257814	54.029
23.07	23.08	0.257830	54.129
23.07	23.08	0.257847	54.233
23.09	23.09	0.257863	54.328
23.09	23.09	0.257880	54.427
23.09	23.09	0.257897	54.532
23.09	23.10	0.257913	54.627
23.09	23.10	0.257930	54.726
23.09	23.10	0.257947	54.831
23.09	23.11	0.257963	54.925
23.09	23.11	0.257980	55.025
23.12	23.12	0.257997	55.130
23.12	23.12	0.258013	55.224
23.12	23.12	0.258030	55.324
23.12	23.13	0.258047	55.429
23.12	23.13	0.258063	55.523
23.12	23.13	0.258080	55.623
23.12	23.14	0.258097	55.727
23.15	23.14	0.258113	55.822
23.15	23.14	0.258130	55.921
23.15	23.15	0.258147	56.026
23.15	23.15	0.258163	56.121
23.15	23.15	0.258180	56.221
23.15	23.16	0.258197	56.325
23.15	23.16	0.258213	56.419
23.15	23.16	0.258230	56.521
23.17	23.17	0.258247	56.624
23.17	23.17	0.258263	56.719
23.17	23.17	0.258280	56.821
23.17	23.17	0.258297	56.923
23.17	23.18	0.258313	57.018
23.17	23.18	0.258330	57.121
23.17	23.18	0.258347	57.222
23.17	23.19	0.258363	57.316
23.17	23.19	0.258380	57.421
23.20	23.19	0.258397	57.520
23.20	23.19	0.258413	57.615
23.20	23.20	0.258430	57.720
23.20	23.20	0.258447	57.819
23.20	23.20	0.258463	57.914
23.20	23.20	0.258480	58.018
23.22	23.21	0.258497	58.118
23.22	23.21	0.258513	58.212
23.22	23.21	0.258530	58.317
23.22	23.21	0.258547	58.416
23.22	23.22	0.258563	58.511
23.22	23.22	0.258580	58.616
23.22	23.22	0.258597	58.710
23.22	23.22	0.258613	58.810
23.22	23.22	0.258630	58.914
23.22	23.23	0.258647	59.009
23.25	23.23	0.258663	59.109
23.25	23.23	0.258680	59.214
23.25	23.23	0.258696	59.309
23.25	23.23	0.258713	59.408
23.25	23.24	0.258730	59.513
23.25	23.24	0.258746	59.608
23.25	23.24	0.258763	59.708
23.25	23.24	0.258780	59.811
23.25	23.24	0.258796	59.909
23.25	23.24	0.258813	00.008
23.25	23.24	0.258830	00.110
23.25	23.24	0.258846	00.209
23.25	23.25	0.258863	00.309
23.25	23.25	0.258880	00.409
23.25	23.25	0.258896	00.509
23.25	23.25	0.258913	00.609
23.25	23.25	0.258930	00.708
23.25	23.25	0.258946	00.809
23.27	23.25	0.258963	00.908
23.27	23.25	0.258980	01.009
23.27	23.25	0.258996	01.109
23.27	23.25	0.259013	01.209
23.27	23.25	0.259030	01.308
23.27	23.25	0.259046	01.409
23.27	23.25	0.259063	01.509
23.27	23.25	0.259080	01.608
23.27	23.25	0.259096	01.709
23.27	23.25	0.259113	01.810
23.27	23.25	0.259130	01.910
23.27	23.25	0.259146	02.010
23.27	23.25	0.259163	02.111
23.27	23.25	0.259180	02.211
23.27	23.25	0.259196	02.310
23.25	23.25	0.259213	02.411
23.25	23.25	0.259230	02.511
23.25	23.25	0.259246	02.611
23.25	23.25	0.259263	02.711
23.25	23.25	0.259280	02.811
23.25	23.25	0.259296	02.911
23.25	23.25	0.259313	03.010
23.25	23.25	0.259330	03.111
23.25	23.25	0.259346	03.210
23.25	23.25	0.259363	03.311
23.25	23.25	0.259380	03.410
23.25	23.24	0.259396	03.511
23.25	23.24	0.259413	03.611
23.25	23.24	0.259430	03.711
23.25	23.24	0.259446	03.811
23.25	23.24	0.259463	03.910
23.25	23.24	0.259480	04.011
23.25	23.24	0.259496	04.110
23.25	23.24	0.259513	04.211
23.25	23.24	0.259529	04.311
23.25	23.23	0.259546	04.416
23.25	23.23	0.259563	04.511
23.25	23.23	0.259579	04.611
23.25	23.23	0.259596	04.711
23.25	23.23	0.259613	04.810
23.25	23.23	0.259629	04.910
23.25	23.23	0.259646	05.011
23.22	23.22	0.259663	05.140
23.22	23.22	0.259679	05.235
23.22	23.22	0.259696	05.339
23.22	23.22	0.259713	05.439
23.22	23.22	0.259729	05.533
23.22	23.22	0.259746	05.638
23.22	23.21	0.259763	05.737
23.22	23.21	0.259779	05.832
23.22	23.21	0.259796	05.936
23.22	23.21	0.259813	06.037
23.22	23.21	0.259829	06.131
23.22	23.21	0.259846	06.236
23.22	23.20	0.259863	06.336
23.22	23.20	0.259879	06.430
23.22	23.20	0.259896	06.535
23.22	23.20	0.259913	06.629
23.22	23.20	0.259929	06.729
23.22	23.20	0.259946	06.834
23.20	23.19	0.259963	06.928
23.20	23.19	0.259979	07.028
23.20	23.19	0.259996	07.132
23.20	23.19	0.260013	07.227
23.20	23.19	0.260029	07.326
23.20	23.19	0.260046	07.431
23.20	23.18	0.260063	07.526
23.20	23.18	0.260079	07.625
23.20	23.18	0.260096	07.730
23.20	23.18	0.260113	07.824
23.17	23.18	0.260129	07.924
23.17	23.18	0.260146	08.028
23.17	23.17	0.260163	08.123
23.17	23.17	0.260179	08.222
23.17	23.17	0.260196	08.327
23.17	23.17	0.260213	08.422
23.17	23.17	0.260229	08.521
23.17	23.17	0.260246	08.626
23.17	23.17	0.260263	08.720
23.17	23.16	0.260279	08.821
23.17	23.16	0.260296	08.925
23.17	23.16	0.260313	09.020
23.15	23.16	0.260329	09.120
23.15	23.16	0.260346	09.224
23.15	23.16	0.260362	09.319
23.15	23.16	0.260379	09.419
23.15	23.16	0.260396	09.523
23.15	23.16	0.260412	09.617
23.15	23.16	0.260429	09.720
23.15	23.15	0.260446	09.821
23.15	23.15	0.260462	09.916
23.15	23.15	0.260479	10.020
23.15	23.15	0.260496	10.120
23.15	23.15	0.260512	10.215
23.15	23.15	0.260529	10.319
23.15	23.15	0.260546	10.419
23.15	23.15	0.260562	10.513
23.15	23.15	0.260579	10.618
23.15	23.15	0.260596	10.717
23.15	23.15	0.260612	10.812
23.15	23.15	0.260629	10.917
23.15	23.15	0.260646	11.016
23.15	23.15	0.260662	11.112
23.15	23.15	0.260679	11.215
23.15	23.15	0.260696	11.315
23.15	23.15	0.260712	11.411
23.15	23.15	0.260729	11.514
23.15	23.15	0.260746	11.615
23.15	23.15	0.260762	11.713
23.15	23.15	0.260779	11.813
23.15	23.15	0.260796	11.915
23.15	23.15	0.260812	12.013
23.15	23.15	0.260829	12.112
23.15	23.15	0.260846	12.215
23.15	23.15	0.260862	12.313
23.15	23.15	0.260879	12.413
23.15	23.15	0.260896	12.515
23.15	23.16	0.260912	12.613
23.15	23.16	0.260929	12.713
23.15	23.16	0.260946	12.814
23.15	23.16	0.260962	12.913
23.15	23.16	0.260979	13.012
23.15	23.16	0.260996	13.115
23.15	23.16	0.261012	13.213
23.15	23.16	0.261029	13.313
23.15	23.16	0.261046	13.415
23.15	23.17	0.261062	13.513
23.15	23.17	0.261079	13.613
23.15	23.17	0.261096	13.714
23.15	23.17	0.261112	13.814
23.15	23.17	0.261129	13.913
23.15	23.18	0.261146	14.015
23.15	23.18	0.261162	14.114
23.15	23.18	0.261179	14.214
23.15	23.18	0.261195	14.315
23.15	23.18	0.261212	14.414
23.15	23.19	0.261229	14.514
23.17	23.19	0.261245	14.614
23.17	23.19	0.261262	14.714
23.17	23.19	0.261279	14.814
23.17	23.19	0.261295	14.914
23.17	23.20	0.261312	15.014
23.17	23.20	0.261329	15.114
23.20	23.20	0.261345	15.215
23.20	23.20	0.261362	15.313
23.20	23.21	0.261379	15.414
23.20	23.21	0.261395	15.514
23.20	23.21	0.261412	15.614
23.20	23.22	0.261429	15.714
23.22	23.22	0.261445	15.814
23.22	23.22	0.261462	15.914
23.22	23.22	0.261479	16.014
23.22	23.23	0.261495	16.115
23.22	23.23	0.261512	16.213
23.22	23.23	0.261529	16.314
23.22	23.24	0.261545	16.415
23.22	23.24	0.261562	16.514
23.25	23.24	0.261579	16.614
23.25	23.25	0.261595	16.714
23.25	23.25	0.261612	16.814
23.25	23.25	0.261629	16.913
23.25	23.26	0.261645	17.014
23.25	23.26	0.261662	17.142
23.25	23.26	0.261679	17.237
23.25	23.27	0.261695	17.314
23.27	23.27	0.261712	17.441
23.27	23.27	0.261729	17.536
23.27	23.28	0.261745	17.614
23.27	23.28	0.261762	17.740
23.27	23.28	0.261779	17.834
23.27	23.29	0.261795	17.914
23.27	23.29	0.261812	18.038
23.30	23.29	0.261829	18.133
23.30	23.30	0.261845	18.238
23.30	23.30	0.261862	18.337
23.30	23.30	0.261879	18.432
23.30	23.31	0.261895	18.537
23.30	23.31	0.261912	18.636
23.33	23.31	0.261929	18.731
23.33	23.32	0.261945	18.836
23.33	23.32	0.261962	18.935
23.33	23.33	0.261979	19.030
23.33	23.33	0.261995	19.135
23.33	23.33	0.262012	19.234
23.33	23.34	0.262028	19.329
23.33	23.34	0.262045	19.433
23.35	23.34	0.262062	19.528
23.35	23.35	0.262078	19.627
23.35	23.35	0.262095	19.732
23.35	23.35	0.262112	19.827
23.35	23.36	0.262128	19.926
23.35	23.36	0.262145	20.031
23.35	23.36	0.262162	20.125
23.35	23.37	0.262178	20.225
23.35	23.37	0.262195	20.329
23.38	23.37	0.262212	20.424
23.38	23.38	0.262228	20.523
23.38	23.38	0.262245	20.628
23.38	23.38	0.262262	20.723
23.38	23.38	0.262278	20.822
23.38	23.39	0.262295	20.927
23.38	23.39	0.262312	21.021
23.38	23.39	0.262328	21.121
23.38	23.40	0.262345	21.226
23.38	23.40	0.262362	21.320
23.40	23.40	0.262378	21.421
23.40	23.40	0.262395	21.525
23.40	23.41	0.262412	21.620
23.40	23.41	0.262428	21.719
23.40	23.41	0.262445	21.824
23.40	23.42	0.262462	21.918
23.40	23.42	0.262478	22.018
23.40	23.42	0.262495	22.122
23.43	23.42	0.262512	22.217
23.43	23.43	0.262528	22.318
23.43	23.43	0.262545	22.421
23.43	23.43	0.262562	22.516
23.43	23.43	0.262578	22.618
23.43	23.43	0.262595	22.720
23.45	23.44	0.262612	22.814
23.45	23.44	0.262628	22.918
23.45	23.44	0.262645	23.019
23.45	23.44	0.262662	23.115
23.45	23.44	0.262678	23.218
23.45	23.45	0.262695	23.317
23.45	23.45	0.262712	23.415
23.45	23.45	0.262728	23.516
23.45	23.45	0.262745	23.616
23.45	23.45	0.262762	23.716
23.45	23.45	0.262778	23.816
23.45	23.45	0.262795	23.916
23.48	23.46	0.262812	24.016
23.48	23.46	0.262828	24.116
23.48	23.46	0.262845	24.215
23.48	23.46	0.262861	24.315
23.48	23.46	0.262878	24.415
23.48	23.46	0.262895	24.516
23.48	23.46	0.262911	24.616
23.48	23.46	0.262928	24.716
23.48	23.46	0.262945	24.816
23.48	23.46	0.262961	24.916
23.48	23.46	0.262978	25.016
23.48	23.46	0.262995	25.115
23.48	23.47	0.263011	25.216
23.48	23.47	0.263028	25.315
23.48	23.47	0.263045	25.416
23.48	23.47	0.263061	25.516
23.48	23.47	0.263078	25.616
23.48	23.47	0.263095	25.716
23.48	23.47	0.263111	25.816
23.48	23.47	0.263128	25.916
23.48	23.47	0.263145	26.015
23.48	23.47	0.263161	26.116
23.48	23.47	0.263178	26.215
23.48	23.47	0.263195	26.316
23.48	23.47	0.263211	26.416
23.48	23.47	0.263228	26.516
23.48	23.46	0.263245	26.616
23.48	23.46	0.263261	26.716
23.48	23.46	0.263278	26.816
23.48	23.46	0.263295	26.915
23.48	23.46	0.263311	27.016
23.48	23.46	0.263328	27.116
23.48	23.46	0.263345	27.215
23.48	23.46	0.263361	27.316
23.48	23.46	0.263378	27.416
23.48	23.46	0.263395	27.516
23.48	23.46	0.263411	27.615
23.48	23.46	0.263428	27.716
23.45	23.46	0.263445	27.815
23.45	23.45	0.263461	27.916
23.45	23.45	0.263478	28.016
23.45	23.45	0.263495	28.116
23.45	23.45	0.263511	28.216
23.45	23.45	0.263528	28.316
23.45	23.45	0.263545	28.416
23.45	23.45	0.263561	28.515
23.45	23.45	0.263578	28.616
23.45	23.44	0.263595	28.716
23.45	23.44	0.263611	28.816
23.45	23.44	0.263628	28.916
23.45	23.44	0.263645	29.040
23.45	23.44	0.263661	29.145
23.45	23.44	0.263678	29.239
23.45	23.43	0.263694	29.339
23.45	23.43	0.263711	29.443
23.45	23.43	0.263728	29.538
23.45	23.43	0.263744	29.637
23.45	23.43	0.263761	29.742
23.45	23.43	0.263778	29.837
23.43	23.42	0.263794	29.937
23.43	23.42	0.263811	30.041
23.43	23.42	0.263828	30.135
23.43	23.42	0.263844	30.237
23.43	23.42	0.263861	30.339
23.43	23.42	0.263878	30.434
23.43	23.41	0.263894	30.537
23.43	23.41	0.263911	30.639
23.43	23.41	0.263928	30.734
23.43	23.41	0.263944	30.837
23.40	23.41	0.263961	30.938
23.40	23.41	0.263978	31.031
23.40	23.40	0.263994	31.137
23.40	23.40	0.264011	31.236
23.40	23.40	0.264028	31.331
23.40	23.40	0.264044	31.436
23.40	23.40	0.264061	31.535
23.40	23.40	0.264078	31.630
23.40	23.39	0.264094	31.734
23.40	23.39	0.264111	31.834
23.40	23.39	0.264128	31.928
23.40	23.39	0.264144	32.033
23.40	23.39	0.264161	32.132
23.40	23.39	0.264178	32.227
23.38	23.38	0.264194	32.332
23.38	23.38	0.264211	32.426
23.38	23.38	0.264228	32.526
23.38	23.38	0.264244	32.630
23.38	23.38	0.264261	32.725
23.38	23.38	0.264278	32.824
23.38	23.38	0.264294	32.929
23.38	23.38	0.264311	33.024
23.38	23.37	0.264328	33.124
23.38	23.37	0.264344	33.229
23.38	23.37	0.264361	33.323
23.38	23.37	0.264378	33.423
23.38	23.37	0.264394	33.527
23.38	23.37	0.264411	33.622
23.38	23.37	0.264428	33.722
23.38	23.37	0.264444	33.826
23.38	23.37	0.264461	33.921
23.35	23.37	0.264478	34.020
23.35	23.37	0.264494	34.125
23.35	23.36	0.264511	34.219
23.35	23.36	0.264527	34.319
23.35	23.36	0.264544	34.423
23.35	23.36	0.264561	34.518
23.35	23.36	0.264577	34.618
23.35	23.36	0.264594	34.722
23.35	23.36	0.264611	34.817
23.35	23.36	0.264627	34.916
23.35	23.36	0.264644	35.021
23.35	23.36	0.264661	35.115
23.35	23.36	0.264677	35.216
23.35	23.36	0.264694	35.320
23.35	23.36	0.264711	35.416
23.35	23.36	0.264727	35.517
23.35	23.36	0.264744	35.618
23.35	23.36	0.264761	35.716
23.38	23.36	0.264777	35.816
23.38	23.36	0.264794	35.917
23.38	23.36	0.264811	36.015
23.38	23.36	0.264827	36.116
23.38	23.37	0.264844	36.217
23.38	23.37	0.264861	36.316
23.38	23.37	0.264877	36.416
23.38	23.37	0.264894	36.516
23.38	23.37	0.264911	36.616
23.38	23.37	0.264927	36.715
23.38	23.37	0.264944	36.816
23.35	23.37	0.264961	36.916
23.35	23.37	0.264977	37.016
23.35	23.37	0.264994	37.116
23.35	23.38	0.265011	37.216
23.35	23.38	0.265027	37.315
23.35	23.38	0.265044	37.416
23.35	23.38	0.265061	37.516
23.35	23.38	0.265077	37.616
23.35	23.38	0.265094	37.716
23.35	23.38	0.265111	37.816
23.35	23.39	0.265127	37.916
23.35	23.39	0.265144	38.015
23.38	23.39	0.265161	38.116
23.38	23.39	0.265177	38.216
23.38	23.39	0.265194	38.316
23.38	23.40	0.265211	38.416
23.38	23.40	0.265227	38.516
23.38	23.40	0.265244	38.616
23.38	23.40	0.265261	38.715
23.38	23.41	0.265277	38.816
23.40	23.41	0.265294	38.915
23.40	23.41	0.265311	39.016
23.40	23.41	0.265327	39.116
23.40	23.42	0.265344	39.216
23.40	23.42	0.265360	39.316
23.40	23.42	0.265377	39.416
23.40	23.42	0.265394	39.515
23.40	23.43	0.265410	39.615
23.40	23.43	0.265427	39.716
23.43	23.43	0.265444	39.815
23.43	23.43	0.265460	39.916
23.43	23.44	0.265477	40.016
23.43	23.44	0.265494	40.116
23.43	23.44	0.265510	40.216
23.43	23.45	0.265527	40.316
23.43	23.45	0.265544	40.416
23.45	23.45	0.265560	40.515
23.45	23.46	0.265577	40.616
23.45	23.46	0.265594	40.716
23.45	23.46	0.265610	40.816
23.45	23.47	0.265627	40.916
23.45	23.47	0.265644	41.016
23.45	23.47	0.265660	41.116
23.45	23.48	0.265677	41.215
23.45	23.48	0.265694	41.316
23.48	23.48	0.265710	41.415
23.48	23.49	0.265727	41.515
23.48	23.49	0.265744	41.615
23.48	23.49	0.265760	41.744
23.48	23.50	0.265777	41.839
23.48	23.50	0.265794	41.938
23.50	23.50	0.265810	42.043
23.50	23.51	0.265827	42.138
23.50	23.51	0.265844	42.238
23.50	23.51	0.265860	42.342
23.50	23.52	0.265877	42.437
23.50	23.52	0.265894	42.536
23.50	23.52	0.265910	42.641
23.53	23.53	0.265927	42.736
23.53	23.53	0.265944	42.835
23.53	23.53	0.265960	42.940
23.53	23.54	0.265977	43.034
23.53	23.54	0.265994	43.135
23.53	23.55	0.266010	43.238
23.56	23.55	0.266027	43.333
23.56	23.55	0.266044	43.436
23.56	23.56	0.266060	43.537
23.56	23.56	0.266077	43.632
23.56	23.56	0.266094	43.735
23.56	23.57	0.266110	43.836
23.56	23.57	0.266127	43.930
23.56	23.57	0.266144	44.035
23.58	23.58	0.266160	44.134
23.58	23.58	0.266177	44.229
23.58	23.58	0.266193	44.334
23.58	23.59	0.266210	44.433
23.58	23.59	0.266227	44.528
23.58	23.59	0.266243	44.632
23.58	23.59	0.266260	44.732
23.61	23.60	0.266277	44.827
23.61	23.60	0.266293	44.932
23.61	23.60	0.266310	45.032
23.61	23.61	0.266327	45.126
23.61	23.61	0.266343	45.231
23.61	23.61	0.266360	45.325
23.61	23.62	0.266377	45.425
23.61	23.62	0.266393	45.529
23.63	23.62	0.266410	45.624
23.63	23.62	0.266427	45.723
23.63	23.63	0.266443	45.828
23.63	23.63	0.266460	45.923
23.63	23.63	0.266477	46.022
23.63	23.63	0.266493	46.127
23.63	23.64	0.266510	46.221
23.63	23.64	0.266527	46.321
23.63	23.64	0.266543	46.425
23.63	23.64	0.266560	46.520
23.66	23.65	0.266577	46.620
23.66	23.65	0.266593	46.724
23.66	23.65	0.266610	46.819
23.66	23.65	0.266627	46.918
23.66	23.65	0.266643	47.023
23.66	23.66	0.266660	47.117
23.66	23.66	0.266677	47.217
23.66	23.66	0.266693	47.321
23.66	23.66	0.266710	47.417
23.66	23.66	0.266727	47.517
23.66	23.66	0.266743	47.621
23.68	23.66	0.266760	47.717
23.68	23.67	0.266777	47.817
23.68	23.67	0.266793	47.920
23.68	23.67	0.266810	48.016
23.68	23.67	0.266827	48.117
23.68	23.67	0.266843	48.219
23.68	23.67	0.266860	48.317
23.68	23.67	0.266877	48.417
23.68	23.67	0.266893	48.517
23.68	23.68	0.266910	48.617
23.68	23.68	0.266927	48.717
23.68	23.68	0.266943	48.818
23.68	23.68	0.266960	48.917
23.68	23.68	0.266977	49.018
23.68	23.68	0.266993	49.118
23.68	23.68	0.267010	49.218
23.71	23.68	0.267026	49.318
23.71	23.68	0.267043	49.418
23.71	23.68	0.267060	49.518
23.71	23.68	0.267076	49.617
23.71	23.68	0.267093	49.718
23.71	23.68	0.267110	49.817
23.71	23.68	0.267126	49.918
23.71	23.68	0.267143	50.018
23.71	23.68	0.267160	50.118
23.71	23.68	0.267176	50.218
23.71	23.68	0.267193	50.318
23.68	23.68	0.267210	50.418
23.68	23.68	0.267226	50.517
23.68	23.68	0.267243	50.618
23.68	23.68	0.267260	50.717
23.68	23.68	0.267276	50.818
23.68	23.68	0.267293	50.918
23.68	23.68	0.267310	51.018
23.68	23.68	0.267326	51.118
23.68	23.67	0.267343	51.217
23.68	23.67	0.267360	51.318
23.68	23.67	0.267376	51.417
23.68	23.67	0.267393	51.518
23.68	23.67	0.267410	51.619
23.68	23.67	0.267426	51.720
23.68	23.67	0.267443	51.820
23.68	23.67	0.267460	51.920
23.68	23.67	0.267476	52.020
23.68	23.67	0.267493	52.119
23.68	23.66	0.267510	52.220
23.68	23.66	0.267526	52.319
23.68	23.66	0.267543	52.420
23.68	23.66	0.267560	52.520
23.68	23.66	0.267576	52.620
23.68	23.66	0.267593	52.720
23.68	23.66	0.267610	52.820
23.68	23.65	0.267626	52.920
23.66	23.65	0.267643	53.019
23.66	23.65	0.267660	53.149
23.66	23.65	0.267676	53.243
23.66	23.65	0.267693	53.343
23.66	23.65	0.267710	53.448
23.66	23.64	0.267726	53.542
23.66	23.64	0.267743	53.642
23.66	23.64	0.267760	53.746
23.66	23.64	0.267776	53.841
23.63	23.64	0.267793	53.940
23.63	23.64	0.267810	54.045
23.63	23.63	0.267826	54.139
23.63	23.63	0.267843	54.239
23.63	23.63	0.267859	54.344
23.63	23.63	0.267876	54.438
23.63	23.63	0.267893	54.538
23.63	23.63	0.267909	54.643
23.63	23.62	0.267926	54.738
23.63	23.62	0.267943	54.837
23.63	23.62	0.267959	54.942
23.63	23.62	0.267976	55.037
23.63	23.62	0.267993	55.136
23.63	23.62	0.268009	55.241
23.61	23.61	0.268026	55.335
23.61	23.61	0.268043	55.435
23.61	23.61	0.268059	55.539
23.61	23.61	0.268076	55.634
23.61	23.61	0.268093	55.733
23.61	23.61	0.268109	55.838
23.61	23.60	0.268126	55.933
23.61	23.60	0.268143	56.034
23.61	23.60	0.268159	56.137
23.61	23.60	0.268176	56.231
23.61	23.60	0.268193	56.334
23.61	23.60	0.268209	56.435
23.61	23.60	0.268226	56.530
23.61	23.59	0.268243	56.634
23.61	23.59	0.268259	56.735
23.61	23.59	0.268276	56.830
23.61	23.59	0.268293	56.933
23.58	23.59	0.268309	57.034
23.58	23.59	0.268326	57.128
23.58	23.59	0.268343	57.233
23.58	23.59	0.268359	57.332
23.58	23.58	0.268376	57.427
23.58	23.58	0.268393	57.532
23.58	23.58	0.268409	57.631
23.58	23.58	0.268426	57.726
23.58	23.58	0.268443	57.830
23.58	23.58	0.268459	57.930
23.58	23.58	0.268476	58.024
23.58	23.58	0.268493	58.129
23.58	23.58	0.268509	58.224
23.58	23.58	0.268526	58.323
23.58	23.58	0.268543	58.428
23.58	23.58	0.268559	58.522
23.58	23.58	0.268576	58.622
23.58	23.58	0.268593	58.726
23.58	23.58	0.268609	58.824
23.58	23.58	0.268626	58.923
23.58	23.58	0.268643	59.025
23.58	23.58	0.268659	59.124
23.58	23.58	0.268676	59.224
23.58	23.58	0.268692	59.324
23.58	23.58	0.268709	59.428
23.58	23.58	0.268726	59.524
23.58	23.58	0.268742	59.623
23.58	23.58	0.268759	59.729
23.58	23.58	0.268776	59.823
23.58	23.58	0.268792	59.924
23.58	23.58	0.268809	00.024
23.58	23.58	0.268826	00.124
23.58	23.58	0.268842	00.224
23.58	23.58	0.268859	00.328
23.58	23.58	0.268876	00.424
23.58	23.58	0.268892	00.523
23.58	23.58	0.268909	00.629
23.58	23.58	0.268926	00.724
23.58	23.58	0.268942	00.824
23.58	23.58	0.268959	00.924
23.58	23.59	0.268976	01.024
23.58	23.59	0.268992	01.124
23.58	23.59	0.269009	01.223
23.58	23.59	0.269026	01.324
23.58	23.59	0.269042	01.423
23.58	23.59	0.269059	01.528
23.58	23.59	0.269076	01.624
23.58	23.60	0.269092	01.724
23.58	23.60	0.269109	01.824
23.58	23.60	0.269126	01.924
23.58	23.60	0.269142	02.024
23.58	23.60	0.269159	02.123
23.58	23.61	0.269176	02.224
23.61	23.61	0.269192	02.323
23.61	23.61	0.269209	02.428
23.61	23.61	0.269226	02.524
23.61	23.61	0.269242	02.624
23.61	23.62	0.269259	02.729
23.61	23.62	0.269276	02.824
23.61	23.62	0.269292	02.924
23.63	23.62	0.269309	03.023
23.63	23.63	0.269326	03.124
23.63	23.63	0.269342	03.224
23.63	23.63	0.269359	03.328
23.63	23.63	0.269376	03.424
23.63	23.64	0.269392	03.524
23.63	23.64	0.269409	03.628
23.63	23.64	0.269426	03.724
23.63	23.65	0.269442	03.825
23.66	23.65	0.269459	03.928
23.66	23.65	0.269476	04.025
23.66	23.65	0.269492	04.125
23.66	23.66	0.269509	04.228
23.66	23.66	0.269525	04.325
23.66	23.66	0.269542	04.449
23.66	23.67	0.269559	04.528
23.66	23.67	0.269575	04.653
23.66	23.67	0.269592	04.748
23.66	23.68	0.269609	04.852
23.66	23.68	0.269625	04.952
23.68	23.68	0.269642	05.047
23.68	23.69	0.269659	05.151
23.68	23.69	0.269675	05.251
23.68	23.69	0.269692	05.345
23.68	23.70	0.269709	05.450
23.68	23.70	0.269725	05.549
23.68	23.70	0.269742	05.644
23.68	23.71	0.269759	05.748
23.68	23.71	0.269775	05.848
23.71	23.71	0.269792	05.943
23.71	23.72	0.269809	06.047
23.71	23.72	0.269825	06.142
23.71	23.72	0.269842	06.241
23.71	23.73	0.269859	06.347
23.71	23.73	0.269875	06.440
23.74	23.73	0.269892	06.541
23.74	23.74	0.269909	06.645
23.74	23.74	0.269925	06.740
23.74	23.74	0.269942	06.840
23.74	23.75	0.269959	06.944
23.74	23.75	0.269975	07.039
23.74	23.76	0.269992	07.138
23.76	23.76	0.270009	07.243
23.76	23.76	0.270025	07.337
23.76	23.77	0.270042	07.437
23.76	23.77	0.270059	07.542
23.76	23.77	0.270075	07.636
23.76	23.78	0.270092	07.736
23.76	23.78	0.270109	07.840
23.79	23.78	0.270125	07.935
23.79	23.79	0.270142	08.035
23.79	23.79	0.270159	08.139
23.79	23.79	0.270175	08.234
23.79	23.80	0.270192	08.334
23.81	23.80	0.270209	08.438
23.81	23.80	0.270225	08.533
23.81	23.81	0.270242	08.632
23.81	23.81	0.270259	08.737
23.81	23.81	0.270275	08.831
23.81	23.81	0.270292	08.932
23.81	23.82	0.270309	09.035
23.84	23.82	0.270325	09.130
23.84	23.82	0.270342	09.232
23.84	23.83	0.270358	09.334
23.84	23.83	0.270375	09.429
23.84	23.83	0.270392	09.532
23.84	23.83	0.270408	09.633
23.84	23.84	0.270425	09.727
23.84	23.84	0.270442	09.832
23.84	23.84	0.270458	09.932
23.84	23.84	0.270475	10.026
23.84	23.85	0.270492	10.131
23.86	23.85	0.270508	10.231
23.86	23.85	0.270525	10.326
23.86	23.85	0.270542	10.430
23.86	23.86	0.270558	10.530
23.86	23.86	0.270575	10.625
23.86	23.86	0.270592	10.729
23.86	23.86	0.270608	10.829
23.86	23.86	0.270625	10.925
23.86	23.87	0.270642	11.028
23.86	23.87	0.270658	11.127
23.86	23.87	0.270675	11.225
23.89	23.87	0.270692	11.326
23.89	23.87	0.270708	11.427
23.89	23.88	0.270725	11.525
23.89	23.88	0.270742	11.625
23.89	23.88	0.270758	11.727
23.89	23.88	0.270775	11.825
23.89	23.88	0.270792	11.925
23.89	23.88	0.270808	12.027
23.89	23.88	0.270825	12.125
23.89	23.88	0.270842	12.225
23.89	23.89	0.270858	12.327
23.89	23.89	0.270875	12.426
23.89	23.89	0.270892	12.526
23.89	23.89	0.270908	12.627
23.89	23.89	0.270925	12.725
23.89	23.89	0.270942	12.826
23.92	23.89	0.270958	12.926
23.92	23.89	0.270975	13.026
23.92	23.89	0.270992	13.126
23.92	23.89	0.271008	13.227
23.92	23.89	0.271025	13.326
23.92	23.89	0.271042	13.426
23.92	23.89	0.271058	13.527
23.92	23.89	0.271075	13.625
23.92	23.89	0.271092	13.726
23.92	23.89	0.271108	13.827
23.92	23.89	0.271125	13.925
23.92	23.89	0.271142	14.025
23.89	23.89	0.271158	14.127
23.89	23.89	0.271175	14.225
23.89	23.89	0.271191	14.325
23.89	23.89	0.271208	14.427
23.89	23.89	0.271225	14.525
23.89	23.89	0.271241	14.626
23.89	23.89	0.271258	14.727
23.89	23.89	0.271275	14.826
23.89	23.89	0.271291	14.926
23.89	23.89	0.271308	15.026
23.89	23.89	0.271325	15.126
23.89	23.89	0.271341	15.225
23.89	23.89	0.271358	15.327
23.89	23.89	0.271375	15.426
23.89	23.88	0.271391	15.525
23.89	23.88	0.271408	15.627
23.89	23.88	0.271425	15.726
23.89	23.88	0.271441	15.826
23.89	23.88	0.271458	15.926
23.89	23.88	0.271475	16.026
23.89	23.88	0.271491	16.125
23.89	23.88	0.271508	16.227
23.89	23.88	0.271525	16.326
23.89	23.87	0.271541	16.426
23.89	23.87	0.271558	16.527
23.89	23.87	0.271575	16.655
23.89	23.87	0.271591	16.750
23.89	23.87	0.271608	16.826
23.89	23.87	0.271625	16.954
23.89	23.87	0.271641	17.048
23.89	23.86	0.271658	17.126
23.86	23.86	0.271675	17.252
23.86	23.86	0.271691	17.347
23.86	23.86	0.271708	17.427
23.86	23.86	0.271725	17.552
23.86	23.86	0.271741	17.647
23.86	23.85	0.271758	17.726
23.86	23.85	0.271775	17.851
23.86	23.85	0.271791	17.945
23.86	23.85	0.271808	18.049
23.86	23.85	0.271825	18.149
23.84	23.85	0.271841	18.244
23.84	23.84	0.271858	18.348
23.84	23.84	0.271875	18.448
23.84	23.84	0.271891	18.542
23.84	23.84	0.271908	18.647
23.84	23.84	0.271925	18.746
23.84	23.84	0.271941	18.841
23.84	23.83	0.271958	18.947
23.84	23.83	0.271975	19.041
23.84	23.83	0.271991	19.141
23.84	23.83	0.272008	19.245
23.84	23.83	0.272024	19.340
23.84	23.83	0.272041	19.439
23.84	23.82	0.272058	19.544
23.81	23.82	0.272074	19.638
23.81	23.82	0.272091	19.738
23.81	23.82	0.272108	19.843
23.81	23.82	0.272124	19.937
23.81	23.82	0.272141	20.037
23.81	23.81	0.272158	20.141
23.81	23.81	0.272174	20.236
23.81	23.81	0.272191	20.335
23.81	23.81	0.272208	20.440
23.81	23.81	0.272224	20.535
23.81	23.81	0.272241	20.634
23.81	23.81	0.272258	20.739
23.81	23.80	0.272274	20.833
23.81	23.80	0.272291	20.933
23.81	23.80	0.272308	21.038
23.81	23.80	0.272324	21.132
23.79	23.80	0.272341	21.231
23.79	23.80	0.272358	21.336
23.79	23.80	0.272374	21.431
23.79	23.80	0.272391	21.531
23.79	23.80	0.272408	21.636
23.79	23.80	0.272424	21.730
23.79	23.79	0.272441	21.831
23.79	23.79	0.272458	21.934
23.79	23.79	0.272474	22.029
23.79	23.79	0.272491	22.131
23.79	23.79	0.272508	22.233
23.79	23.79	0.272524	22.328
23.79	23.79	0.272541	22.430
23.79	23.79	0.272558	22.532
23.79	23.79	0.272574	22.626
23.79	23.79	0.272591	22.730
23.79	23.79	0.272608	22.830
23.79	23.79	0.272624	22.927
23.79	23.79	0.272641	23.030
23.79	23.79	0.272658	23.129
23.79	23.79	0.272674	23.227
23.79	23.79	0.272691	23.328
23.79	23.79	0.272708	23.428
23.79	23.79	0.272724	23.526
23.79	23.79	0.272741	23.627
23.76	23.79	0.272758	23.727
23.76	23.79	0.272774	23.827
23.76	23.79	0.272791	23.927
23.76	23.79	0.272808	24.027
23.76	23.79	0.272824	24.127
23.76	23.79	0.272841	24.226
23.76	23.79	0.272857	24.327
23.76	23.79	0.272874	24.426
23.79	23.79	0.272891	24.527
23.79	23.80	0.272907	24.627
23.79	23.80	0.272924	24.727
23.79	23.80	0.272941	24.827
23.79	23.80	0.272957	24.927
23.79	23.80	0.272974	25.027
23.79	23.80	0.272991	25.126
23.79	23.80	0.273007	25.227
23.79	23.80	0.273024	25.326
23.79	23.80	0.273041	25.427
23.79	23.81	0.273057	25.527
23.79	23.81	0.273074	25.627
23.79	23.81	0.273091	25.727
23.79	23.81	0.273107	25.827
23.81	23.81	0.273124	25.927
23.81	23.82	0.273141	26.026
23.81	23.82	0.273157	26.127
23.81	23.82	0.273174	26.227
23.81	23.82	0.273191	26.327
23.81	23.82	0.273207	26.427
23.81	23.83	0.273224	26.527
23.81	23.83	0.273241	26.627
23.81	23.83	0.273257	26.727
23.81	23.83	0.273274	26.826
23.81	23.83	0.273291	26.927
23.81	23.84	0.273307	27.027
23.84	23.84	0.273324	27.127
23.84	23.84	0.273341	27.227
23.84	23.84	0.273357	27.327
23.84	23.85	0.273374	27.427
23.84	23.85	0.273391	27.525
23.84	23.85	0.273407	27.627
23.84	23.86	0.273424	27.726
23.84	23.86	0.273441	27.827
23.84	23.86	0.273457	27.927
23.86	23.86	0.273474	28.027
23.86	23.87	0.273491	28.127
23.86	23.87	0.273507	28.227
23.86	23.87	0.273524	28.327
23.86	23.88	0.273541	28.426
23.86	23.88	0.273557	28.527
23.86	23.88	0.273574	28.627
23.86	23.89	0.273591	28.727
23.86	23.89	0.273607	28.827
23.89	23.89	0.273624	28.956
23.89	23.90	0.273641	29.051
23.89	23.90	0.273657	29.150
23.89	23.90	0.273674	29.255
23.89	23.91	0.273690	29.349
23.89	23.91	0.273707	29.450
23.89	23.91	0.273724	29.553
23.92	23.92	0.273740	29.649
23.92	23.92	0.273757	29.750
23.92	23.92	0.273774	29.853
23.92	23.93	0.273790	29.948
23.92	23.93	0.273807	30.049
23.92	23.93	0.273824	30.152
23.94	23.94	0.273840	30.246
23.94	23.94	0.273857	30.349
23.94	23.94	0.273874	30.450
23.94	23.95	0.273890	30.545
23.94	23.95	0.273907	30.650
23.94	23.95	0.273924	30.749
23.94	23.96	0.273940	30.844
23.94	23.96	0.273957	30.948
23.97	23.97	0.273974	31.048
23.97	23.97	0.273990	31.142
23.97	23.97	0.274007	31.247
23.97	23.98	0.274024	31.347
23.97	23.98	0.274040	31.441
23.97	23.98	0.274057	31.546
23.97	23.99	0.274074	31.645
23.97	23.99	0.274090	31.740
23.97	23.99	0.274107	31.844
23.99	24.00	0.274124	31.939
23.99	24.00	0.274140	32.038
23.99	24.00	0.274157	32.144
23.99	24.01	0.274174	32.239
23.99	24.01	0.274190	32.338
23.99	24.01	0.274207	32.443
24.02	24.02	0.274224	32.537
24.02	24.02	0.274240	32.637
24.02	24.02	0.274257	32.741
24.02	24.02	0.274274	32.836
24.02	24.03	0.274290	32.936
24.02	24.03	0.274307	33.040
24.04	24.03	0.274324	33.135
24.04	24.04	0.274340	33.234
24.04	24.04	0.274357	33.339
24.04	24.04	0.274374	33.433
24.04	24.04	0.274390	33.533
24.04	24.05	0.274407	33.637
24.07	24.05	0.274424	33.732
24.07	24.05	0.274440	33.832
24.07	24.06	0.274457	33.936
24.07	24.06	0.274474	34.031
24.07	24.06	0.274490	34.130
24.07	24.06	0.274507	34.235
24.07	24.07	0.274523	34.329
24.07	24.07	0.274540	34.429
24.07	24.07	0.274557	34.534
24.07	24.07	0.274573	34.629
24.09	24.07	0.274590	34.729
24.09	24.08	0.274607	34.833
24.09	24.08	0.274623	34.929
24.09	24.08	0.274640	35.029
24.09	24.08	0.274657	35.132
24.09	24.08	0.274673	35.229
24.09	24.09	0.274690	35.330
24.09	24.09	0.274707	35.431
24.09	24.09	0.274723	35.530
24.09	24.09	0.274740	35.630
24.09	24.09	0.274757	35.730
24.09	24.09	0.274773	35.830
24.09	24.09	0.274790	35.929
24.09	24.10	0.274807	36.030
24.09	24.10	0.274823	36.129
24.12	24.10	0.274840	36.230
24.12	24.10	0.274857	36.330
24.12	24.10	0.274873	36.430
24.12	24.10	0.274890	36.530
24.12	24.10	0.274907	36.630
24.12	24.10	0.274923	36.730
24.12	24.10	0.274940	36.829
24.12	24.10	0.274957	36.930
24.12	24.10	0.274973	37.030
24.12	24.10	0.274990	37.130
24.12	24.11	0.275007	37.229
24.12	24.11	0.275023	37.330
24.12	24.11	0.275040	37.430
24.12	24.11	0.275057	37.529
24.12	24.11	0.275073	37.630
24.12	24.11	0.275090	37.729
24.12	24.11	0.275107	37.830
24.12	24.11	0.275123	37.930
24.12	24.11	0.275140	38.030
24.12	24.11	0.275157	38.130
24.12	24.11	0.275173	38.230
24.12	24.11	0.275190	38.329
24.12	24.11	0.275207	38.430
24.12	24.11	0.275223	38.529
24.12	24.10	0.275240	38.630
24.12	24.10	0.275257	38.730
24.12	24.10	0.275273	38.830
24.12	24.10	0.275290	38.929
24.12	24.10	0.275307	39.030
24.09	24.10	0.275323	39.130
24.09	24.10	0.275340	39.229
24.09	24.10	0.275356	39.330
24.09	24.10	0.275373	39.429
24.09	24.10	0.275390	39.530
24.09	24.10	0.275406	39.630
24.09	24.10	0.275423	39.730
24.09	24.10	0.275440	39.830
24.09	24.09	0.275456	39.930
24.09	24.09	0.275473	40.030
24.09	24.09	0.275490	40.130
24.09	24.09	0.275506	40.230
24.09	24.09	0.275523	40.329
24.09	24.09	0.275540	40.430
24.09	24.09	0.275556	40.529
24.12	24.09	0.275573	40.630
24.12	24.08	0.275590	40.730
24.12	24.08	0.275606	40.854
24.12	24.08	0.275623	40.959
24.12	24.08	0.275640	41.053
24.12	24.08	0.275656	41.153
24.12	24.08	0.275673	41.257
24.09	24.07	0.275690	41.352
24.09	24.07	0.275706	41.451
24.09	24.07	0.275723	41.556
24.09	24.07	0.275740	41.651
24.09	24.07	0.275756	41.750
24.09	24.07	0.275773	41.855
24.09	24.06	0.275790	41.949
24.07	24.06	0.275806	42.049
24.07	24.06	0.275823	42.153
24.07	24.06	0.275840	42.248
24.07	24.06	0.275856	42.347
24.07	24.06	0.275873	42.453
24.07	24.05	0.275890	42.548
24.07	24.05	0.275906	42.648
24.04	24.05	0.275923	42.752
24.04	24.05	0.275940	42.846
24.04	24.05	0.275956	42.948
24.04	24.05	0.275973	43.050
24.04	24.04	0.275990	43.145
24.04	24.04	0.276006	43.248
24.04	24.04	0.276023	43.349
24.04	24.04	0.276040	43.444
24.04	24.04	0.276056	43.547
24.04	24.04	0.276073	43.648
24.04	24.03	0.276090	43.742
24.04	24.03	0.276106	43.847
24.02	24.03	0.276123	43.946
24.02	24.03	0.276140	44.042
24.02	24.03	0.276156	44.146
24.02	24.03	0.276173	44.246
24.02	24.02	0.276189	44.340
24.02	24.02	0.276206	44.445
24.02	24.02	0.276223	44.544
24.02	24.02	0.276239	44.639
24.02	24.02	0.276256	44.743
24.02	24.02	0.276273	44.843
24.02	24.02	0.276289	44.938
24.02	24.02	0.276306	45.042
24.02	24.01	0.276323	45.137
24.02	24.01	0.276339	45.236
24.02	24.01	0.276356	45.341
24.02	24.01	0.276373	45.435
24.02	24.01	0.276389	45.535
24.02	24.01	0.276406	45.640
24.02	24.01	0.276423	45.734
24.02	24.01	0.276439	45.834
24.02	24.01	0.276456	45.938
24.02	24.01	0.276473	46.033
23.99	24.01	0.276489	46.132
23.99	24.00	0.276506	46.237
23.99	24.00	0.276523	46.331
23.99	24.00	0.276539	46.431
23.99	24.00	0.276556	46.537
23.99	24.00	0.276573	46.631
23.99	24.00	0.276589	46.731
23.99	24.00	0.276606	46.835
23.99	24.00	0.276623	46.930
23.99	24.00	0.276639	47.030
23.99	24.00	0.276656	47.134
23.99	24.00	0.276673	47.231
23.99	24.00	0.276689	47.331
23.99	24.00	0.276706	47.433
23.99	24.00	0.276723	47.530
23.99	24.00	0.276739	47.631
23.99	24.00	0.276756	47.731
23.99	24.00	0.276773	47.831
23.99	24.00	0.276789	47.930
23.99	24.00	0.276806	48.031
23.99	24.00	0.276823	48.131
23.99	24.01	0.276839	48.231
23.99	24.01	0.276856	48.331
23.99	24.01	0.276873	48.431
23.99	24.01	0.276889	48.531
23.99	24.01	0.276906	48.630
23.99	24.01	0.276923	48.731
23.99	24.01	0.276939	48.830
23.99	24.01	0.276956	48.931
23.99	24.01	0.276973	49.031
24.02	24.01	0.276989	49.131
24.02	24.02	0.277006	49.230
24.02	24.02	0.277022	49.331
24.02	24.02	0.277039	49.431
24.02	24.02	0.277056	49.530
24.02	24.02	0.277072	49.631
24.02	24.02	0.277089	49.731
24.02	24.02	0.277106	49.831
24.02	24.03	0.277122	49.931
24.02	24.03	0.277139	50.031
24.02	24.03	0.277156	50.131
24.02	24.03	0.277172	50.229
24.02	24.03	0.277189	50.330
24.02	24.04	0.277206	50.430
24.02	24.04	0.277222	50.531
24.02	24.04	0.277239	50.631
24.02	24.04	0.277256	50.731
24.04	24.05	0.277272	50.831
24.04	24.05	0.277289	50.931
24.04	24.05	0.277306	51.031
24.04	24.05	0.277322	51.130
24.04	24.06	0.277339	51.231
24.04	24.06	0.277356	51.330
24.04	24.06	0.277372	51.431
24.04	24.06	0.277389	51.531
24.04	24.07	0.277406	51.631
24.04	24.07	0.277422	51.731
24.04	24.07	0.277439	51.831
24.07	24.07	0.277456	51.931
24.07	24.08	0.277472	52.030
24.07	24.08	0.277489	52.131
24.07	24.08	0.277506	52.231
24.07	24.09	0.277522	52.331
24.07	24.09	0.277539	52.431
24.07	24.09	0.277556	52.531
24.07	24.10	0.277572	52.631
24.09	24.10	0.277589	52.730
24.09	24.10	0.277606	52.831
24.09	24.11	0.277622	52.930
24.09	24.11	0.277639	53.031
24.09	24.11	0.277656	53.131
24.09	24.12	0.277672	53.259
24.09	24.12	0.277689	53.354
24.12	24.12	0.277706	53.454
24.12	24.13	0.277722	53.558
24.12	24.13	0.277739	53.653
24.12	24.13	0.277756	53.753
24.12	24.14	0.277772	53.857
24.12	24.14	0.277789	53.952
24.15	24.14	0.277806	54.052
24.15	24.15	0.277822	54.156
24.15	24.15	0.277839	54.251
24.15	24.15	0.277855	54.350
24.15	24.16	0.277872	54.455
24.15	24.16	0.277889	54.549
24.15	24.16	0.277905	54.649
24.17	24.17	0.277922	54.753
24.17	24.17	0.277939	54.848
24.17	24.17	0.277955	54.948
24.17	24.18	0.277972	55.052
24.17	24.18	0.277989	55.147
24.17	24.19	0.278005	55.246
24.17	24.19	0.278022	55.351
24.17	24.19	0.278039	55.445
24.20	24.20	0.278055	55.546
24.20	24.20	0.278072	55.650
24.20	24.20	0.278089	55.744
24.20	24.21	0.278105	55.846
24.20	24.21	0.278122	55.948
24.20	24.21	0.278139	56.044
24.20	24.22	0.278155	56.145
24.22	24.22	0.278172	56.248
24.22	24.22	0.278189	56.343
24.22	24.23	0.278205	56.446
24.22	24.23	0.278222	56.547
24.22	24.23	0.278239	56.641
24.22	24.23	0.278255	56.746
24.22	24.24	0.278272	56.845
24.22	24.24	0.278289	56.940
24.25	24.24	0.278305	57.044
24.25	24.25	0.278322	57.144
24.25	24.25	0.278339	57.239
24.25	24.25	0.278355	57.343
24.25	24.26	0.278372	57.443
24.25	24.26	0.278389	57.537
24.25	24.26	0.278405	57.642
24.27	24.26	0.278422	57.741
24.27	24.27	0.278439	57.836
24.27	24.27	0.278455	57.940
24.27	24.27	0.278472	58.035
24.27	24.27	0.278489	58.135
24.27	24.28	0.278505	58.239
24.27	24.28	0.278522	58.334
24.27	24.28	0.278539	58.433
24.27	24.28	0.278555	58.538
24.30	24.29	0.278572	58.633
24.30	24.29	0.278589	58.734
24.30	24.29	0.278605	58.838
24.30	24.29	0.278622	58.934
24.30	24.29	0.278639	59.034
24.30	24.30	0.278655	59.136
24.30	24.30	0.278672	59.234
24.30	24.30	0.278688	59.333
24.33	24.30	0.278705	59.435
24.33	24.30	0.278722	59.533
24.33	24.30	0.278738	59.634
24.33	24.30	0.278755	59.734
24.33	24.31	0.278772	59.834
24.33	24.31	0.278788	59.933
24.33	24.31	0.278805	00.034
24.33	24.31	0.278822	00.134
24.33	24.31	0.278838	00.233
24.33	24.31	0.278855	00.334
24.33	24.31	0.278872	00.434
24.33	24.31	0.278888	00.534
24.33	24.32	0.278905	00.634
24.33	24.32	0.278922	00.734
24.33	24.32	0.278938	00.834
24.33	24.32	0.278955	00.933
24.33	24.32	0.278972	01.034
24.33	24.32	0.278988	01.133
24.33	24.32	0.279005	01.234
24.33	24.32	0.279022	01.334
24.33	24.32	0.279038	01.434
24.33	24.32	0.279055	01.534
24.33	24.32	0.279072	01.634
24.33	24.32	0.279088	01.734
24.33	24.32	0.279105	01.833
24.33	24.32	0.279122	01.934
24.33	24.32	0.279138	02.033
24.33	24.32	0.279155	02.134
24.33	24.32	0.279172	02.233
24.33	24.32	0.279188	02.334
24.33	24.32	0.279205	02.434
24.33	24.32	0.279222	02.534
24.30	24.32	0.279238	02.634
24.30	24.32	0.279255	02.733
24.30	24.32	0.279272	02.834
24.30	24.32	0.279288	02.934
24.30	24.32	0.279305	03.034
24.30	24.32	0.279322	03.134
24.30	24.31	0.279338	03.234
24.33	24.31	0.279355	03.334
24.33	24.31	0.279372	03.433
24.33	24.31	0.279388	03.533
24.33	24.31	0.279405	03.634
24.33	24.31	0.279422	03.734
24.33	24.31	0.279438	03.834
24.33	24.31	0.279455	03.933
24.33	24.31	0.279472	04.034
24.33	24.31	0.279488	04.134
24.33	24.30	0.279505	04.234
24.33	24.30	0.279521	04.333
24.33	24.30	0.279538	04.434
24.33	24.30	0.279555	04.534
24.33	24.30	0.279571	04.634
24.30	24.30	0.279588	04.734
24.30	24.30	0.279605	04.858
24.30	24.29	0.279621	04.963
24.30	24.29	0.279638	05.062
24.30	24.29	0.279655	05.157
24.30	24.29	0.279671	05.261
24.30	24.29	0.279688	05.361
24.30	24.29	0.279705	05.455
24.30	24.28	0.279721	05.561
24.30	24.28	0.279738	05.661
24.30	24.28	0.279755	05.755
24.30	24.28	0.279771	05.860
24.30	24.28	0.279788	05.954
24.27	24.28	0.279805	06.054
24.27	24.27	0.279821	06.158
24.27	24.27	0.279838	06.253
24.27	24.27	0.279855	06.353
24.27	24.27	0.279871	06.457
24.27	24.27	0.279888	06.552
24.27	24.27	0.279905	06.651
24.27	24.26	0.279921	06.756
24.27	24.26	0.279938	06.850
24.27	24.26	0.279955	06.950
24.27	24.26	0.279971	07.054
24.27	24.26	0.279988	07.149
24.27	24.26	0.280005	07.249
24.27	24.25	0.280021	07.353
24.25	24.25	0.280038	07.448
24.25	24.25	0.280055	07.547
24.25	24.25	0.280071	07.652
24.25	24.25	0.280088	07.746
24.25	24.25	0.280105	07.846
24.25	24.24	0.280121	07.951
24.25	24.24	0.280138	08.046
24.25	24.24	0.280155	08.146
24.25	24.24	0.280171	08.250
24.25	24.24	0.280188	08.345
24.25	24.24	0.280205	08.444
24.25	24.24	0.280221	08.549
24.25	24.23	0.280238	08.643
24.22	24.23	0.280255	08.744
24.22	24.23	0.280271	08.848
24.22	24.23	0.280288	08.942
24.22	24.23	0.280305	09.044
24.22	24.23	0.280321	09.146
24.22	24.23	0.280338	09.241
24.22	24.23	0.280354	09.343
24.22	24.22	0.280371	09.445
24.22	24.22	0.280388	09.540
24.22	24.22	0.280404	09.644
24.22	24.22	0.280421	09.744
24.22	24.22	0.280438	09.838
24.22	24.22	0.280454	09.943
24.22	24.22	0.280471	10.042
24.22	24.22	0.280488	10.137
24.22	24.22	0.280504	10.241
24.22	24.22	0.280521	10.341
24.22	24.22	0.280538	10.436
24.22	24.22	0.280554	10.540
24.22	24.22	0.280571	10.640
24.22	24.22	0.280588	10.734
24.22	24.22	0.280604	10.839
24.22	24.22	0.280621	10.933
24.22	24.22	0.280638	11.034
24.22	24.22	0.280654	11.138
24.22	24.22	0.280671	11.234
24.22	24.22	0.280688	11.334
24.20	24.22	0.280704	11.437
24.20	24.22	0.280721	11.534
24.20	24.22	0.280738	11.633
24.20	24.22	0.280754	11.736
24.20	24.22	0.280771	11.833
24.20	24.22	0.280788	11.934
24.20	24.22	0.280804	12.035
24.20	24.22	0.280821	12.134
24.20	24.22	0.280838	12.234
24.22	24.22	0.280854	12.334
24.22	24.22	0.280871	12.434
24.22	24.22	0.280888	12.533
24.22	24.22	0.280904	12.634
24.22	24.22	0.280921	12.734
24.22	24.22	0.280938	12.834
24.22	24.22	0.280954	12.934
24.22	24.23	0.280971	13.039
24.22	24.23	0.280988	13.134
24.22	24.23	0.281004	13.233
24.22	24.23	0.281021	13.334
24.22	24.23	0.281038	13.433
24.22	24.23	0.281054	13.534
24.22	24.23	0.281071	13.634
24.22	24.24	0.281088	13.734
24.22	24.24	0.281104	13.834
24.22	24.24	0.281121	13.938
24.22	24.24	0.281138	14.034
24.22	24.24	0.281154	14.133
24.22	24.25	0.281171	14.239
24.22	24.25	0.281187	14.334
24.22	24.25	0.281204	14.434
24.25	24.25	0.281221	14.534
24.25	24.25	0.281237	14.634
24.25	24.26	0.281254	14.734
24.25	24.26	0.281271	14.833
24.25	24.26	0.281287	14.934
24.25	24.26	0.281304	15.033
24.25	24.27	0.281321	15.138
24.25	24.27	0.281337	15.234
24.25	24.27	0.281354	15.334
24.25	24.27	0.281371	15.434
24.25	24.28	0.281387	15.534
24.27	24.28	0.281404	15.634
24.27	24.28	0.281421	15.733
24.27	24.29	0.281437	15.834
24.27	24.29	0.281454	15.933
24.27	24.29	0.281471	16.038
24.27	24.29	0.281487	16.134
24.27	24.30	0.281504	16.234
24.30	24.30	0.281521	16.339
24.30	24.30	0.281537	16.434
24.30	24.31	0.281554	16.534
24.30	24.31	0.281571	16.633
24.30	24.31	0.281587	16.734
24.30	24.32	0.281604	16.834
24.30	24.32	0.281621	16.938
24.33	24.32	0.281637	17.034
24.33	24.33	0.281654	17.134
24.33	24.33	0.281671	17.238
24.33	24.33	0.281687	17.333
24.33	24.34	0.281704	17.458
24.33	24.34	0.281721	17.562
24.33	24.34	0.281737	17.662
24.35	24.35	0.281754	17.756
24.35	24.35	0.281771	17.862
24.35	24.35	0.281787	17.962
24.35	24.36	0.281804	18.056
24.35	24.36	0.281821	18.161
24.35	24.36	0.281837	18.260
24.35	24.37	0.281854	18.355
24.35	24.37	0.281871	18.459
24.38	24.37	0.281887	18.559
24.38	24.38	0.281904	18.654
24.38	24.38	0.281921	18.758
24.38	24.38	0.281937	18.853
24.38	24.39	0.281954	18.952
24.38	24.39	0.281971	19.057
24.38	24.40	0.281987	19.151
24.38	24.40	0.282004	19.251
24.38	24.40	0.282020	19.355
24.40	24.41	0.282037	19.450
24.40	24.41	0.282054	19.550
24.40	24.41	0.282070	19.654
24.40	24.42	0.282087	19.749
24.40	24.42	0.282104	19.848
24.40	24.42	0.282120	19.953
24.40	24.43	0.282137	20.047
24.40	24.43	0.282154	20.147
24.43	24.43	0.282170	20.252
24.43	24.44	0.282187	20.346
24.43	24.44	0.282204	20.446
24.43	24.44	0.282220	20.551
24.43	24.45	0.282237	20.645
24.45	24.45	0.282254	20.745
24.45	24.45	0.282270	20.850
24.45	24.45	0.282287	20.945
24.45	24.46	0.282304	21.044
24.45	24.46	0.282320	21.149
24.45	24.46	0.282337	21.243
24.48	24.47	0.282354	21.343
24.48	24.47	0.282370	21.447
24.48	24.47	0.282387	21.542
24.48	24.47	0.282404	21.642
24.48	24.48	0.282420	21.746
24.48	24.48	0.282437	21.841
24.48	24.48	0.282454	21.942
24.48	24.48	0.282470	22.045
24.50	24.49	0.282487	22.139
24.50	24.49	0.282504	22.242
24.50	24.49	0.282520	22.343
24.50	24.49	0.282537	22.438
24.50	24.50	0.282554	22.542
24.50	24.50	0.282570	22.642
24.50	24.50	0.282587	22.737
24.50	24.50	0.282604	22.841
24.50	24.50	0.282620	22.941
24.50	24.51	0.282637	23.035
24.53	24.51	0.282654	23.141
24.53	24.51	0.282670	23.240
24.53	24.51	0.282687	23.335
24.53	24.51	0.282704	23.440
24.53	24.52	0.282720	23.539
24.53	24.52	0.282737	23.634
24.53	24.52	0.282754	23.738
24.53	24.52	0.282770	23.838
24.53	24.52	0.282787	23.933
24.53	24.52	0.282804	24.037
24.53	24.52	0.282820	24.138
24.53	24.52	0.282837	24.234
24.53	24.53	0.282853	24.336
24.53	24.53	0.282870	24.437
24.53	24.53	0.282887	24.534
24.53	24.53	0.282903	24.634
24.53	24.53	0.282920	24.737
24.53	24.53	0.282937	24.834
24.53	24.53	0.282953	24.935
24.53	24.53	0.282970	25.037
24.53	24.53	0.282987	25.135
24.53	24.53	0.283003	25.235
24.53	24.53	0.283020	25.337
24.53	24.53	0.283037	25.435
24.56	24.53	0.283053	25.534
24.56	24.53	0.283070	25.637
24.56	24.53	0.283087	25.734
24.56	24.53	0.283103	25.835
24.56	24.53	0.283120	25.937
24.56	24.53	0.283137	26.035
24.56	24.53	0.283153	26.135
24.56	24.53	0.283170	26.237
24.56	24.53	0.283187	26.335
24.56	24.53	0.283203	26.434
24.56	24.53	0.283220	26.537
24.53	24.53	0.283237	26.635
24.53	24.53	0.283253	26.735
24.53	24.53	0.283270	26.837
24.53	24.53	0.283287	26.935
24.53	24.53	0.283303	27.035
24.53	24.53	0.283320	27.136
24.53	24.53	0.283337	27.235
24.53	24.53	0.283353	27.334
24.53	24.53	0.283370	27.437
24.53	24.52	0.283387	27.535
24.53	24.52	0.283403	27.635
24.53	24.52	0.283420	27.737
24.53	24.52	0.283437	27.835
24.53	24.52	0.283453	27.935
24.53	24.52	0.283470	28.036
24.53	24.52	0.283487	28.135
24.53	24.52	0.283503	28.234
24.53	24.52	0.283520	28.337
24.53	24.51	0.283537	28.435
24.53	24.51	0.283553	28.535
24.53	24.51	0.283570	28.637
24.53	24.51	0.283587	28.734
24.53	24.51	0.283603	28.835
24.53	24.51	0.283620	28.936
24.53	24.51	0.283637	29.035
24.50	24.50	0.283653	29.135
24.50	24.50	0.283670	29.236
24.50	24.50	0.283686	29.335
24.50	24.50	0.283703	29.435
24.50	24.50	0.283720	29.537
24.50	24.50	0.283736	29.634
24.50	24.49	0.283753	29.734
24.50	24.49	0.283770	29.836
24.50	24.49	0.283786	29.963
24.50	24.49	0.283803	30.058
24.50	24.49	0.283820	30.136
24.50	24.49	0.283836	30.263
24.50	24.48	0.283853	30.357
24.50	24.48	0.283870	30.436
24.50	24.48	0.283886	30.561
24.50	24.48	0.283903	30.656
24.50	24.48	0.283920	30.760
24.48	24.48	0.283936	30.860
24.48	24.47	0.283953	30.955
24.48	24.47	0.283970	31.059
24.48	24.47	0.283986	31.159
24.48	24.47	0.284003	31.253
24.48	24.47	0.284020	31.358
24.48	24.47	0.284036	31.457
24.48	24.46	0.284053	31.552
24.48	24.46	0.284070	31.656
24.48	24.46	0.284086	31.756
24.48	24.46	0.284103	31.851
24.45	24.46	0.284120	31.955
24.45	24.46	0.284136	32.050
24.45	24.45	0.284153	32.149
24.45	24.45	0.284170	32.254
24.45	24.45	0.284186	32.348
24.45	24.45	0.284203	32.448
24.45	24.45	0.284220	32.553
24.45	24.45	0.284236	32.647
24.45	24.45	0.284253	32.747
24.45	24.44	0.284270	32.852
24.45	24.44	0.284286	32.947
24.45	24.44	0.284303	33.046
24.45	24.44	0.284320	33.151
24.45	24.44	0.284336	33.245
24.43	24.44	0.284353	33.345
24.43	24.44	0.284370	33.450
24.43	24.44	0.284386	33.544
24.43	24.44	0.284403	33.644
24.43	24.44	0.284420	33.748
24.43	24.43	0.284436	33.843
24.43	24.43	0.284453	33.942
24.43	24.43	0.284470	34.047
24.43	24.43	0.284486	34.142
24.43	24.43	0.284503	34.241
24.43	24.43	0.284519	34.346
24.43	24.43	0.284536	34.440
24.43	24.43	0.284553	34.540
24.43	24.43	0.284569	34.644
24.43	24.43	0.284586	34.739
24.43	24.43	0.284603	34.841
24.43	24.43	0.284619	34.943
24.43	24.43	0.284636	35.038
24.43	24.43	0.284653	35.140
24.43	24.43	0.284669	35.242
24.40	24.43	0.284686	35.336
24.40	24.43	0.284703	35.440
24.40	24.43	0.284719	35.540
24.40	24.43	0.284736	35.636
24.40	24.43	0.284753	35.740
24.40	24.43	0.284769	35.839
24.40	24.43	0.284786	35.936
24.40	24.43	0.284803	36.039
24.43	24.43	0.284819	36.139
24.43	24.43	0.284836	36.235
24.43	24.43	0.284853	36.338
24.43	24.43	0.284869	36.437
24.43	24.43	0.284886	36.536
24.43	24.44	0.284903	36.637
24.43	24.44	0.284919	36.736
24.43	24.44	0.284936	36.836
24.43	24.44	0.284953	36.936
24.43	24.44	0.284969	37.036
24.43	24.44	0.284986	37.135
24.43	24.44	0.285003	37.236
24.43	24.44	0.285019	37.336
24.43	24.44	0.285036	37.436
24.43	24.45	0.285053	37.536
24.43	24.45	0.285069	37.636
24.43	24.45	0.285086	37.736
24.43	24.45	0.285103	37.835
24.43	24.45	0.285119	37.936
24.45	24.46	0.285136	38.035
24.45	24.46	0.285153	38.136
24.45	24.46	0.285169	38.236
24.45	24.46	0.285186	38.336
24.45	24.46	0.285203	38.436
24.45	24.47	0.285219	38.536
24.45	24.47	0.285236	38.636
24.45	24.47	0.285253	38.735
24.45	24.47	0.285269	38.836
24.45	24.47	0.285286	38.936
24.45	24.48	0.285303	39.036
24.48	24.48	0.285319	39.136
24.48	24.48	0.285336	39.236
24.48	24.48	0.285352	39.336
24.48	24.49	0.285369	39.435
24.48	24.49	0.285386	39.536
24.48	24.49	0.285402	39.635
24.48	24.50	0.285419	39.736
24.48	24.50	0.285436	39.836
24.48	24.50	0.285452	39.936
24.48	24.50	0.285469	40.036
24.50	24.51	0.285486	40.136
24.50	24.51	0.285502	40.236
24.50	24.51	0.285519	40.335
24.50	24.52	0.285536	40.436
24.50	24.52	0.285552	40.535
24.50	24.52	0.285569	40.636
24.50	24.53	0.285586	40.736
24.50	24.53	0.285602	40.836
24.53	24.53	0.285619	40.936
24.53	24.54	0.285636	41.036
24.53	24.54	0.285652	41.136
24.53	24.54	0.285669	41.235
24.53	24.55	0.285686	41.336
24.53	24.55	0.285702	41.436
24.56	24.55	0.285719	41.536
24.56	24.56	0.285736	41.636
24.56	24.56	0.285752	41.736
24.56	24.56	0.285769	41.836
24.56	24.57	0.285786	41.965
24.56	24.57	0.285802	42.060
24.58	24.57	0.285819	42.159
24.58	24.58	0.285836	42.264
24.58	24.58	0.285852	42.359
24.58	24.58	0.285869	42.460
24.58	24.59	0.285886	42.564
24.58	24.59	0.285902	42.658
24.58	24.59	0.285919	42.760
24.58	24.60	0.285936	42.862
24.58	24.60	0.285952	42.957
24.58	24.61	0.285969	43.059
24.61	24.61	0.285986	43.161
24.61	24.61	0.286002	43.255
24.61	24.62	0.286019	43.359
24.61	24.62	0.286036	43.460
24.61	24.62	0.286052	43.554
24.61	24.63	0.286069	43.659
24.63	24.63	0.286086	43.758
24.63	24.63	0.286102	43.853
24.63	24.64	0.286119	43.957
24.63	24.64	0.286136	44.057
24.63	24.64	0.286152	44.152
24.63	24.65	0.286169	44.256
24.63	24.65	0.286185	44.356
24.66	24.65	0.286202	44.450
24.66	24.66	0.286219	44.555
24.66	24.66	0.286235	44.654
24.66	24.66	0.286252	44.749
24.66	24.66	0.286269	44.854
24.66	24.67	0.286285	44.948
24.66	24.67	0.286302	45.048
24.69	24.67	0.286319	45.153
24.69	24.68	0.286335	45.248
24.69	24.68	0.286352	45.347
24.69	24.68	0.286369	45.451
24.69	24.68	0.286385	45.546
24.69	24.69	0.286402	45.646
24.69	24.69	0.286419	45.750
24.69	24.69	0.286435	45.845
24.69	24.70	0.286452	45.944
24.69	24.70	0.286469	46.049
24.69	24.70	0.286485	46.143
24.69	24.70	0.286502	46.243
24.71	24.71	0.286519	46.348
24.71	24.71	0.286535	46.442
24.71	24.71	0.286552	46.542
24.71	24.71	0.286569	46.647
24.71	24.71	0.286585	46.742
24.71	24.72	0.286602	46.841
24.71	24.72	0.286619	46.945
24.71	24.72	0.286635	47.041
24.71	24.72	0.286652	47.140
24.71	24.72	0.286669	47.245
24.71	24.73	0.286685	47.339
24.74	24.73	0.286702	47.439
24.74	24.73	0.286719	47.543
24.74	24.73	0.286735	47.638
24.74	24.73	0.286752	47.738
24.74	24.73	0.286769	47.842
24.74	24.73	0.286785	47.937
24.74	24.74	0.286802	48.039
24.74	24.74	0.286819	48.141
24.74	24.74	0.286835	48.236
24.74	24.74	0.286852	48.339
24.74	24.74	0.286869	48.439
24.74	24.74	0.286885	48.536
24.76	24.74	0.286902	48.639
24.76	24.74	0.286919	48.738
24.76	24.74	0.286935	48.836
24.76	24.74	0.286952	48.937
24.76	24.74	0.286969	49.037
24.76	24.74	0.286985	49.135
24.76	24.75	0.287002	49.236
24.76	24.75	0.287018	49.335
24.76	24.75	0.287035	49.436
24.76	24.75	0.287052	49.536
24.76	24.75	0.287068	49.636
24.76	24.75	0.287085	49.736
24.76	24.75	0.287102	49.835
24.76	24.75	0.287118	49.936
24.76	24.75	0.287135	50.035
24.76	24.75	0.287152	50.136
24.76	24.75	0.287168	50.236
24.76	24.75	0.287185	50.336
24.76	24.75	0.287202	50.436
24.76	24.75	0.287218	50.536
24.76	24.74	0.287235	50.636
24.76	24.74	0.287252	50.735
24.76	24.74	0.287268	50.836
24.76	24.74	0.287285	50.935
24.76	24.74	0.287302	51.036
24.76	24.74	0.287318	51.136
24.76	24.74	0.287335	51.236
24.76	24.74	0.287352	51.336
24.76	24.74	0.287368	51.436
24.76	24.74	0.287385	51.536
24.76	24.74	0.287402	51.635
24.74	24.74	0.287418	51.736
24.74	24.74	0.287435	51.836
24.74	24.73	0.287452	51.936
24.74	24.73	0.287468	52.036
24.74	24.73	0.287485	52.136
24.74	24.73	0.287502	52.236
24.74	24.73	0.287518	52.335
24.74	24.73	0.287535	52.436
24.74	24.73	0.287552	52.535
24.74	24.73	0.287568	52.636
24.74	24.72	0.287585	52.736
24.74	24.72	0.287602	52.836
24.74	24.72	0.287618	52.936
24.74	24.72	0.287635	53.036
24.74	24.72	0.287652	53.136
24.74	24.72	0.287668	53.235
24.74	24.71	0.287685	53.336
24.71	24.71	0.287702	53.436
24.71	24.71	0.287718	53.536
24.71	24.71	0.287735	53.636
24.71	24.71	0.287752	53.736
24.71	24.71	0.287768	53.836
24.71	24.70	0.287785	53.936
24.71	24.70	0.287802	54.035
24.71	24.70	0.287818	54.136
24.71	24.70	0.287835	54.235
24.71	24.70	0.287851	54.336
24.71	24.70	0.287868	54.436
24.71	24.69	0.287885	54.565
24.69	24.69	0.287901	54.660
24.69	24.69	0.287918	54.759
24.69	24.69	0.287935	54.864
24.69	24.69	0.287951	54.958
24.69	24.69	0.287968	55.058
24.69	24.68	0.287985	55.163
24.69	24.68	0.288001	55.258
24.69	24.68	0.288018	55.359
24.69	24.68	0.288035	55.462
24.69	24.68	0.288051	55.557
24.69	24.68	0.288068	55.658
24.69	24.67	0.288085	55.761
24.66	24.67	0.288101	55.855
24.66	24.67	0.288118	55.958
24.66	24.67	0.288135	56.059
24.66	24.67	0.288151	56.154
24.66	24.67	0.288168	56.258
24.66	24.66	0.288185	56.358
24.66	24.66	0.288201	56.453
24.66	24.66	0.288218	56.557
24.66	24.66	0.288235	56.657
24.66	24.66	0.288251	56.751
24.66	24.66	0.288268	56.856
24.66	24.66	0.288285	56.955
24.66	24.66	0.288301	57.050
24.66	24.65	0.288318	57.155
24.66	24.65	0.288335	57.254
24.66	24.65	0.288351	57.350
24.66	24.65	0.288368	57.454
24.66	24.65	0.288385	57.554
24.66	24.65	0.288401	57.648
24.66	24.65	0.288418	57.753
24.66	24.65	0.288435	57.848
24.66	24.65	0.288451	57.947
24.63	24.65	0.288468	58.052
24.63	24.65	0.288485	58.146
24.63	24.64	0.288501	58.246
24.63	24.64	0.288518	58.350
24.63	24.64	0.288535	58.445
24.63	24.64	0.288551	58.545
24.63	24.64	0.288568	58.649
24.63	24.64	0.288585	58.744
24.63	24.64	0.288601	58.843
24.63	24.64	0.288618	58.948
24.63	24.64	0.288635	59.042
24.63	24.64	0.288651	59.142
24.63	24.64	0.288668	59.246
24.63	24.64	0.288684	59.341
24.63	24.64	0.288701	59.441
24.63	24.64	0.288718	59.545
24.63	24.64	0.288734	59.640
24.63	24.64	0.288751	59.739
24.63	24.64	0.288768	59.844
24.63	24.64	0.288784	59.938
24.63	24.64	0.288801	00.039
24.63	24.64	0.288818	00.142
24.63	24.65	0.288834	00.239
24.63	24.65	0.288851	00.339
24.63	24.65	0.288868	00.441
24.63	24.65	0.288884	00.539
24.63	24.65	0.288901	00.639
24.66	24.65	0.288918	00.741
24.66	24.65	0.288934	00.838
24.66	24.65	0.288951	00.939
24.66	24.65	0.288968	01.040
24.66	24.65	0.288984	01.139
24.66	24.66	0.289001	01.239
24.66	24.66	0.289018	01.339
24.66	24.66	0.289034	01.439
24.66	24.66	0.289051	01.538
24.66	24.66	0.289068	01.639
24.66	24.66	0.289084	01.739
24.66	24.66	0.289101	01.839
24.66	24.67	0.289118	01.939
24.66	24.67	0.289134	02.039
24.66	24.67	0.289151	02.139
24.66	24.67	0.289168	02.239
24.66	24.67	0.289184	02.339
24.66	24.68	0.289201	02.438
24.66	24.68	0.289218	02.539
24.66	24.68	0.289234	02.639
24.66	24.68	0.289251	02.739
24.66	24.69	0.289268	02.839
24.66	24.69	0.289284	02.939
24.66	24.69	0.289301	03.039
24.66	24.69	0.289318	03.138
24.66	24.70	0.289334	03.239
24.66	24.70	0.289351	03.338
24.66	24.70	0.289368	03.438
24.69	24.70	0.289384	03.539
24.69	24.71	0.289401	03.639
24.69	24.71	0.289418	03.739
24.69	24.71	0.289434	03.839
24.69	24.71	0.289451	03.939
24.69	24.72	0.289468	04.038
24.71	24.72	0.289484	04.139
24.71	24.72	0.289501	04.239
24.71	24.73	0.289517	04.339
24.71	24.73	0.289534	04.439
24.71	24.73	0.289551	04.539
24.71	24.74	0.289567	04.639
24.74	24.74	0.289584	04.739
24.74	24.74	0.289601	04.838
24.74	24.75	0.289617	04.939
24.74	24.75	0.289634	05.039
24.74	24.75	0.289651	05.139
24.74	24.76	0.289667	05.239
24.76	24.76	0.289684	05.339
24.76	24.76	0.289701	05.439
24.76	24.77	0.289717	05.538
24.76	24.77	0.289734	05.639
24.76	24.77	0.289751	05.737
24.76	24.78	0.289767	05.839
24.76	24.78	0.289784	05.939
24.76	24.78	0.289801	06.039
24.79	24.79	0.289817	06.139
24.79	24.79	0.289834	06.239
24.79	24.79	0.289851	06.339
24.79	24.80	0.289867	06.438
24.79	24.80	0.289884	06.568
24.79	24.80	0.289901	06.662
24.79	24.81	0.289917	06.762
24.82	24.81	0.289934	06.866
24.82	24.81	0.289951	06.961
24.82	24.82	0.289967	07.061
24.82	24.82	0.289984	07.165
24.82	24.83	0.290001	07.260
24.82	24.83	0.290017	07.359
24.82	24.83	0.290034	07.464
24.82	24.84	0.290051	07.558
24.84	24.84	0.290067	07.658
24.84	24.84	0.290084	07.763
24.84	24.85	0.290101	07.857
24.84	24.85	0.290117	07.957
24.84	24.85	0.290134	08.061
24.84	24.86	0.290151	08.156
24.84	24.86	0.290167	08.256
24.87	24.86	0.290184	08.360
24.87	24.87	0.290201	08.455
24.87	24.87	0.290217	08.556
24.87	24.87	0.290234	08.659
24.87	24.87	0.290251	08.753
24.87	24.88	0.290267	08.856
24.87	24.88	0.290284	08.957
24.89	24.88	0.290301	09.053
24.89	24.89	0.290317	09.156
24.89	24.89	0.290334	09.257
24.89	24.89	0.290350	09.352
24.89	24.90	0.290367	09.456
24.89	24.90	0.290384	09.556
24.89	24.90	0.290400	09.650
24.89	24.90	0.290417	09.755
24.92	24.91	0.290434	09.854
24.92	24.91	0.290450	09.949
24.92	24.91	0.290467	10.054
24.92	24.91	0.290484	10.153
24.92	24.92	0.290500	10.248
24.92	24.92	0.290517	10.352
24.92	24.92	0.290534	10.452
24.92	24.92	0.290550	10.546
24.92	24.93	0.290567	10.651
24.95	24.93	0.290584	10.745
24.95	24.93	0.290600	10.845
24.95	24.93	0.290617	10.950
24.95	24.93	0.290634	11.044
24.95	24.94	0.290650	11.145
24.95	24.94	0.290667	11.249
24.95	24.94	0.290684	11.344
24.95	24.94	0.290700	11.443
24.95	24.94	0.290717	11.548
24.95	24.94	0.290734	11.643
24.95	24.94	0.290750	11.742
24.95	24.95	0.290767	11.847
24.95	24.95	0.290784	11.941
24.95	24.95	0.290800	12.041
24.95	24.95	0.290817	12.145
24.95	24.95	0.290834	12.240
24.95	24.95	0.290850	12.339
24.95	24.95	0.290867	12.444
24.95	24.95	0.290884	12.539
24.95	24.96	0.290900	12.639
24.95	24.96	0.290917	12.743
24.95	24.96	0.290934	12.839
24.97	24.96	0.290950	12.939
24.97	24.96	0.290967	13.041
24.97	24.96	0.290984	13.139
24.97	24.96	0.291000	13.238
24.97	24.96	0.291017	13.340
24.97	24.96	0.291034	13.439
24.97	24.96	0.291050	13.539
24.97	24.96	0.291067	13.639
24.97	24.96	0.291084	13.739
24.97	24.96	0.291100	13.839
24.97	24.96	0.291117	13.938
24.97	24.96	0.291134	14.039
24.97	24.96	0.291150	14.139
24.97	24.96	0.291167	14.239
24.97	24.96	0.291183	14.339
24.97	24.96	0.291200	14.439
24.97	24.96	0.291217	14.538
24.97	24.96	0.291233	14.638
24.97	24.96	0.291250	14.739
24.97	24.96	0.291267	14.838
24.97	24.96	0.291283	14.939
25.00	24.96	0.291300	15.039
25.00	24.96	0.291317	15.139
25.00	24.95	0.291333	15.239
25.00	24.95	0.291350	15.339
25.00	24.95	0.291367	15.438
25.00	24.95	0.291383	15.538
25.00	24.95	0.291400	15.639
24.97	24.95	0.291417	15.739
24.97	24.95	0.291433	15.839
24.97	24.95	0.291450	15.939
24.97	24.95	0.291467	16.039
24.97	24.95	0.291483	16.139
24.97	24.94	0.291500	16.238
24.97	24.94	0.291517	16.339
24.97	24.94	0.291533	16.438
24.95	24.94	0.291550	16.539
24.95	24.94	0.291567	16.639
24.95	24.94	0.291583	16.739
24.95	24.94	0.291600	16.839
24.95	24.93	0.291617	16.939
24.95	24.93	0.291633	17.039
24.95	24.93	0.291650	17.138
24.95	24.93	0.291667	17.239
24.95	24.93	0.291683	17.339
24.95	24.93	0.291700	17.439
24.92	24.92	0.291717	17.539
24.92	24.92	0.291733	17.639
24.92	24.92	0.291750	17.739
24.92	24.92	0.291767	17.838
24.92	24.92	0.291783	17.939
24.92	24.92	0.291800	18.038
24.92	24.91	0.291817	18.139
24.92	24.91	0.291833	18.239
24.92	24.91	0.291850	18.339
24.92	24.91	0.291867	18.439
24.92	24.91	0.291883	18.539
24.92	24.91	0.291900	18.639
24.92	24.90	0.291917	18.738
24.92	24.90	0.291933	18.839
24.92	24.90	0.291950	18.939
24.89	24.90	0.291967	19.063
24.89	24.90	0.291983	19.168
24.89	24.90	0.292000	19.262
24.89	24.89	0.292016	19.362
24.89	24.89	0.292033	19.466
24.89	24.89	0.292050	19.561
24.89	24.89	0.292066	19.660
24.89	24.89	0.292083	19.765
24.89	24.89	0.292100	19.860
24.89	24.88	0.292116	19.959
24.89	24.88	0.292133	20.064
24.89	24.88	0.292150	20.158
24.89	24.88	0.292166	20.258
24.89	24.88	0.292183	20.362
24.89	24.88	0.292200	20.457
24.89	24.88	0.292216	20.556
24.89	24.87	0.292233	20.661
24.89	24.87	0.292250	20.756
24.89	24.87	0.292266	20.856
24.87	24.87	0.292283	20.961
24.87	24.87	0.292300	21.054
24.87	24.87	0.292316	21.155
24.87	24.87	0.292333	21.259
24.87	24.87	0.292350	21.354
24.87	24.86	0.292366	21.454
24.87	24.86	0.292383	21.558
24.87	24.86	0.292400	21.653
24.87	24.86	0.292416	21.755
24.87	24.86	0.292433	21.857
24.87	24.86	0.292450	21.951
24.87	24.86	0.292466	22.055
24.87	24.86	0.292483	22.155
24.84	24.86	0.292500	22.250
24.84	24.86	0.292516	22.355
24.84	24.86	0.292533	22.454
24.84	24.86	0.292550	22.549
24.84	24.86	0.292566	22.653
24.84	24.86	0.292583	22.753
24.84	24.86	0.292600	22.847
24.84	24.86	0.292616	22.952
24.84	24.86	0.292633	23.051
24.84	24.86	0.292650	23.146
24.84	24.86	0.292666	23.251
24.84	24.86	0.292683	23.350
24.84	24.86	0.292700	23.445
24.84	24.86	0.292716	23.549
24.84	24.86	0.292733	23.644
24.84	24.86	0.292750	23.744
24.84	24.86	0.292766	23.849
24.87	24.86	0.292783	23.944
24.87	24.86	0.292800	24.043
24.87	24.86	0.292816	24.148
24.87	24.86	0.292833	24.242
24.87	24.86	0.292849	24.342
24.87	24.86	0.292866	24.446
24.87	24.86	0.292883	24.541
24.87	24.86	0.292899	24.640
24.87	24.86	0.292916	24.745
24.87	24.86	0.292933	24.840
24.87	24.86	0.292949	24.940
24.87	24.87	0.292966	25.044
24.87	24.87	0.292983	25.140
24.87	24.87	0.292999	25.240
24.87	24.87	0.293016	25.342
24.87	24.87	0.293033	25.440
24.87	24.87	0.293049	25.540
24.87	24.87	0.293066	25.641
24.87	24.88	0.293083	25.740
24.87	24.88	0.293099	25.840
24.87	24.88	0.293116	25.940
24.87	24.88	0.293133	26.040
24.87	24.88	0.293149	26.140
24.87	24.89	0.293166	26.239
24.87	24.89	0.293183	26.340
24.87	24.89	0.293199	26.440
24.87	24.89	0.293216	26.540
24.87	24.89	0.293233	26.640
24.87	24.90	0.293249	26.740
24.87	24.90	0.293266	26.840
24.87	24.90	0.293283	26.939
24.87	24.90	0.293299	27.040
24.87	24.91	0.293316	27.139
24.87	24.91	0.293333	27.240
24.87	24.91	0.293349	27.340
24.89	24.91	0.293366	27.440
24.89	24.92	0.293383	27.540
24.89	24.92	0.293399	27.640
24.89	24.92	0.293416	27.740
24.89	24.93	0.293433	27.839
24.89	24.93	0.293449	27.940
24.92	24.93	0.293466	28.039
24.92	24.93	0.293483	28.140
24.92	24.94	0.293499	28.240
24.92	24.94	0.293516	28.340
24.92	24.94	0.293533	28.439
24.95	24.95	0.293549	28.540
24.95	24.95	0.293566	28.640
24.95	24.95	0.293583	28.739
24.95	24.96	0.293599	28.840
24.95	24.96	0.293616	28.940
24.95	24.96	0.293633	29.040
24.95	24.97	0.293649	29.140
24.95	24.97	0.293666	29.239
24.97	24.97	0.293682	29.340
24.97	24.98	0.293699	29.440
24.97	24.98	0.293716	29.539
24.97	24.98	0.293732	29.640
24.97	24.99	0.293749	29.739
24.97	24.99	0.293766	29.840
24.97	24.99	0.293782	29.940
24.97	25.00	0.293799	30.040
25.00	25.00	0.293816	30.140
25.00	25.00	0.293832	30.239
25.00	25.01	0.293849	30.340
25.00	25.01	0.293866	30.439
25.00	25.01	0.293882	30.540
25.00	25.02	0.293899	30.640
25.00	25.02	0.293916	30.740
25.02	25.02	0.293932	30.840
25.02	25.03	0.293949	30.940
25.02	25.03	0.293966	31.040
25.02	25.04	0.293982	31.139
25.02	25.04	0.293999	31.239
25.02	25.04	0.294016	31.339
25.05	25.05	0.294032	31.468
25.05	25.05	0.294049	31.563
25.05	25.05	0.294066	31.662
25.05	25.06	0.294082	31.768
25.05	25.06	0.294099	31.861
25.05	25.06	0.294116	31.961
25.05	25.07	0.294132	32.066
25.08	25.07	0.294149	32.161
25.08	25.07	0.294166	32.260
25.08	25.08	0.294182	32.365
25.08	25.08	0.294199	32.460
25.08	25.08	0.294216	32.559
25.08	25.09	0.294232	32.664
25.10	25.09	0.294249	32.758
25.10	25.09	0.294266	32.858
25.10	25.09	0.294282	32.962
25.10	25.10	0.294299	33.057
25.10	25.10	0.294316	33.157
25.10	25.10	0.294332	33.261
25.10	25.11	0.294349	33.356
25.10	25.11	0.294366	33.455
25.10	25.11	0.294382	33.560
25.13	25.11	0.294399	33.654
25.13	25.12	0.294416	33.754
25.13	25.12	0.294432	33.858
25.13	25.12	0.294449	33.953
25.13	25.12	0.294466	34.054
25.13	25.13	0.294482	34.157
25.13	25.13	0.294499	34.252
25.13	25.13	0.294515	34.353
25.13	25.13	0.294532	34.456
25.13	25.14	0.294549	34.550
25.15	25.14	0.294565	34.653
25.15	25.14	0.294582	34.756
25.15	25.14	0.294599	34.850
25.15	25.14	0.294615	34.953
25.15	25.15	0.294632	35.054
25.15	25.15	0.294649	35.149
25.15	25.15	0.294665	35.252
25.15	25.15	0.294682	35.353
25.15	25.15	0.294699	35.447
25.15	25.16	0.294715	35.552
25.15	25.16	0.294732	35.652
25.15	25.16	0.294749	35.746
25.15	25.16	0.294765	35.851
25.18	25.16	0.294782	35.950
25.18	25.16	0.294799	36.045
25.18	25.16	0.294815	36.149
25.18	25.16	0.294832	36.249
25.18	25.17	0.294849	36.344
25.18	25.17	0.294865	36.448
25.18	25.17	0.294882	36.548
25.18	25.17	0.294899	36.642
25.18	25.17	0.294915	36.747
25.18	25.17	0.294932	36.841
25.18	25.17	0.294949	36.941
25.18	25.17	0.294965	37.045
25.18	25.17	0.294982	37.140
25.18	25.17	0.294999	37.241
25.18	25.17	0.295015	37.345
25.18	25.17	0.295032	37.440
25.18	25.17	0.295049	37.540
25.18	25.17	0.295065	37.644
25.18	25.17	0.295082	37.739
25.18	25.17	0.295099	37.840
25.18	25.17	0.295115	37.942
25.18	25.17	0.295132	38.040
25.18	25.17	0.295149	38.140
25.18	25.17	0.295165	38.241
25.18	25.17	0.295182	38.340
25.18	25.17	0.295199	38.440
25.18	25.17	0.295215	38.540
25.18	25.17	0.295232	38.639
25.18	25.17	0.295249	38.740
25.18	25.17	0.295265	38.840
25.18	25.17	0.295282	38.940
25.18	25.17	0.295299	39.040
25.18	25.17	0.295315	39.140
25.18	25.17	0.295332	39.240
25.18	25.17	0.295348	39.339
25.18	25.17	0.295365	39.440
25.18	25.16	0.295382	39.539
25.18	25.16	0.295398	39.640
25.18	25.16	0.295415	39.740
25.18	25.16	0.295432	39.840
25.18	25.16	0.295448	39.940
25.18	25.16	0.295465	40.040
25.18	25.16	0.295482	40.140
25.18	25.16	0.295498	40.239
25.18	25.16	0.295515	40.340
25.18	25.15	0.295532	40.440
25.18	25.15	0.295548	40.540
25.18	25.15	0.295565	40.640
25.18	25.15	0.295582	40.740
25.15	25.15	0.295598	40.840
25.15	25.15	0.295615	40.939
25.15	25.15	0.295632	41.040
25.15	25.14	0.295648	41.139
25.15	25.14	0.295665	41.240
25.15	25.14	0.295682	41.340
25.15	25.14	0.295698	41.440
25.15	25.14	0.295715	41.540
25.15	25.14	0.295732	41.640
25.15	25.13	0.295748	41.740
25.15	25.13	0.295765	41.839
25.13	25.13	0.295782	41.940
25.13	25.13	0.295798	42.039
25.13	25.13	0.295815	42.140
25.13	25.13	0.295832	42.240
25.13	25.12	0.295848	42.340
25.13	25.12	0.295865	42.440
25.13	25.12	0.295882	42.540
25.13	25.12	0.295898	42.640
25.13	25.12	0.295915	42.739
25.13	25.12	0.295932	42.840
25.13	25.11	0.295948	42.940
25.13	25.11	0.295965	43.040
25.13	25.11	0.295982	43.140
25.13	25.11	0.295998	43.240
25.10	25.11	0.296015	43.340
25.10	25.11	0.296032	43.440
25.10	25.10	0.296048	43.540
25.10	25.10	0.296065	43.639
25.10	25.10	0.296082	43.769
25.10	25.10	0.296098	43.840
25.10	25.10	0.296115	43.964
25.10	25.10	0.296132	44.068
25.10	25.09	0.296148	44.168
25.10	25.09	0.296165	44.263
25.10	25.09	0.296181	44.367
25.10	25.09	0.296198	44.462
25.10	25.09	0.296215	44.561
25.08	25.09	0.296231	44.666
25.08	25.09	0.296248	44.761
25.08	25.08	0.296265	44.860
25.08	25.08	0.296281	44.965
25.08	25.08	0.296298	45.059
25.08	25.08	0.296315	45.159
25.08	25.08	0.296331	45.263
25.08	25.08	0.296348	45.358
25.08	25.08	0.296365	45.457
25.08	25.08	0.296381	45.562
25.08	25.08	0.296398	45.657
25.08	25.08	0.296415	45.756
25.08	25.07	0.296431	45.861
25.08	25.07	0.296448	45.955
25.08	25.07	0.296465	46.055
25.08	25.07	0.296481	46.159
25.05	25.07	0.296498	46.254
25.05	25.07	0.296515	46.354
25.05	25.07	0.296531	46.458
25.05	25.07	0.296548	46.553
25.05	25.07	0.296565	46.652
25.05	25.07	0.296581	46.757
25.05	25.07	0.296598	46.852
25.05	25.07	0.296615	46.952
25.05	25.07	0.296631	47.056
25.05	25.07	0.296648	47.151
25.05	25.07	0.296665	47.252
25.05	25.07	0.296681	47.355
25.05	25.07	0.296698	47.450
25.05	25.07	0.296715	47.551
25.05	25.07	0.296731	47.654
25.08	25.07	0.296748	47.748
25.08	25.07	0.296765	47.851
25.08	25.07	0.296781	47.952
25.08	25.07	0.296798	48.047
25.08	25.07	0.296815	48.152
25.08	25.07	0.296831	48.251
25.08	25.07	0.296848	48.346
25.08	25.07	0.296865	48.450
25.08	25.07	0.296881	48.550
25.08	25.08	0.296898	48.644
25.08	25.08	0.296915	48.749
25.08	25.08	0.296931	48.849
25.08	25.08	0.296948	48.943
25.08	25.08	0.296965	49.048
25.08	25.08	0.296981	49.148
25.08	25.08	0.296998	49.242
25.08	25.08	0.297014	49.346
25.08	25.08	0.297031	49.447
25.05	25.09	0.297048	49.542
25.05	25.09	0.297064	49.646
25.05	25.09	0.297081	49.741
25.08	25.09	0.297098	49.840
25.08	25.09	0.297114	49.945
25.08	25.10	0.297131	50.039
25.08	25.10	0.297148	50.140
25.08	25.10	0.297164	50.243
25.08	25.10	0.297181	50.340
25.08	25.10	0.297198	50.440
25.08	25.11	0.297214	50.542
25.08	25.11	0.297231	50.640
25.08	25.11	0.297248	50.741
25.08	25.11	0.297264	50.841
25.08	25.11	0.297281	50.940
25.10	25.12	0.297298	51.041
25.10	25.12	0.297314	51.141
25.10	25.12	0.297331	51.241
25.10	25.12	0.297348	51.340
25.10	25.13	0.297364	51.441
25.10	25.13	0.297381	51.541
25.13	25.13	0.297398	51.640
25.13	25.14	0.297414	51.741
25.13	25.14	0.297431	51.840
25.13	25.14	0.297448	51.941
25.13	25.14	0.297464	52.041
25.13	25.15	0.297481	52.141
25.15	25.15	0.297498	52.241
25.15	25.15	0.297514	52.341
25.15	25.16	0.297531	52.441
25.15	25.16	0.297548	52.540
25.15	25.16	0.297564	52.641
25.15	25.17	0.297581	52.740
25.15	25.17	0.297598	52.841
25.18	25.17	0.297614	52.941
25.18	25.18	0.297631	53.041
25.18	25.18	0.297648	53.141
25.18	25.18	0.297664	53.241
25.18	25.19	0.297681	53.341
25.18	25.19	0.297698	53.440
25.18	25.19	0.297714	53.541
25.18	25.20	0.297731	53.641
25.18	25.20	0.297748	53.741
25.18	25.20	0.297764	53.841
25.21	25.21	0.297781	53.946
25.21	25.21	0.297798	54.041
25.21	25.21	0.297814	54.140
25.21	25.22	0.297831	54.240
25.21	25.22	0.297847	54.341
25.21	25.22	0.297864	54.441
25.21	25.23	0.297881	54.546
25.21	25.23	0.297897	54.641
25.23	25.23	0.297914	54.741
25.23	25.24	0.297931	54.841
25.23	25.24	0.297947	54.940
25.23	25.25	0.297964	55.041
25.23	25.25	0.297981	55.140
25.23	25.25	0.297997	55.241
25.23	25.26	0.298014	55.341
25.26	25.26	0.298031	55.445
25.26	25.26	0.298047	55.541
25.26	25.27	0.298064	55.641
25.26	25.27	0.298081	55.746
25.26	25.27	0.298097	55.840
25.26	25.28	0.298114	55.941
25.28	25.28	0.298131	56.040
25.28	25.28	0.298147	56.170
25.28	25.29	0.298164	56.264
25.28	25.29	0.298181	56.369
25.28	25.29	0.298197	56.469
25.28	25.30	0.298214	56.563
25.31	25.30	0.298231	56.668
25.31	25.30	0.298247	56.767
25.31	25.30	0.298264	56.862
25.31	25.31	0.298281	56.966
25.31	25.31	0.298297	57.066
25.31	25.31	0.298314	57.161
25.31	25.32	0.298331	57.265
25.34	25.32	0.298347	57.366
25.34	25.32	0.298364	57.460
25.34	25.32	0.298381	57.565
25.34	25.33	0.298397	57.659
25.34	25.33	0.298414	57.759
25.34	25.33	0.298431	57.863
25.34	25.34	0.298447	57.958
25.34	25.34	0.298464	58.058
25.34	25.34	0.298481	58.162
25.34	25.34	0.298497	58.257
25.36	25.35	0.298514	58.356
25.36	25.35	0.298531	58.461
25.36	25.35	0.298547	58.555
25.36	25.35	0.298564	58.655
25.36	25.35	0.298581	58.760
25.36	25.36	0.298597	58.854
25.36	25.36	0.298614	58.954
25.36	25.36	0.298631	59.058
25.36	25.36	0.298647	59.153
25.36	25.36	0.298664	59.252
25.36	25.37	0.298680	59.357
25.36	25.37	0.298697	59.451
25.36	25.37	0.298714	59.551
25.36	25.37	0.298730	59.656
25.39	25.37	0.298747	59.751
25.39	25.37	0.298764	59.851
25.39	25.37	0.298780	59.955
25.39	25.38	0.298797	00.050
25.39	25.38	0.298814	00.149
25.39	25.38	0.298830	00.254
25.39	25.38	0.298847	00.349
25.39	25.38	0.298864	00.449
25.39	25.38	0.298880	00.553
25.39	25.38	0.298897	00.647
25.39	25.38	0.298914	00.750
25.39	25.38	0.298930	00.851
25.39	25.38	0.298947	00.946
25.39	25.38	0.298964	01.049
25.39	25.38	0.298980	01.150
25.39	25.39	0.298997	01.245
25.39	25.39	0.299014	01.349
25.39	25.39	0.299030	01.449
25.39	25.39	0.299047	01.543
25.39	25.39	0.299064	01.648
25.39	25.39	0.299080	01.747
25.39	25.39	0.299097	01.842
25.39	25.39	0.299114	01.946
25.39	25.39	0.299130	02.046
25.39	25.39	0.299147	02.142
25.39	25.39	0.299164	02.245
25.39	25.39	0.299180	02.345
25.39	25.39	0.299197	02.441
25.39	25.39	0.299214	02.544
25.39	25.38	0.299230	02.644
25.39	25.38	0.299247	02.741
25.39	25.38	0.299264	02.844
25.39	25.38	0.299280	02.944
25.39	25.38	0.299297	03.042
25.39	25.38	0.299314	03.142
25.39	25.38	0.299330	03.245
25.39	25.38	0.299347	03.341
25.39	25.38	0.299364	03.442
25.39	25.38	0.299380	03.544
25.39	25.38	0.299397	03.642
25.39	25.38	0.299414	03.742
25.39	25.38	0.299430	03.844
25.39	25.37	0.299447	03.942
25.39	25.37	0.299464	04.042
25.39	25.37	0.299480	04.145
25.39	25.37	0.299497	04.241
25.39	25.37	0.299513	04.341
25.39	25.37	0.299530	04.445
25.39	25.37	0.299547	04.542
25.39	25.37	0.299563	04.642
25.39	25.36	0.299580	04.744
25.39	25.36	0.299597	04.842
25.39	25.36	0.299613	04.941
25.39	25.36	0.299630	05.044
25.39	25.36	0.299647	05.141
25.36	25.36	0.299663	05.241
25.36	25.35	0.299680	05.345
25.36	25.35	0.299697	05.442
25.36	25.35	0.299713	05.542
25.36	25.35	0.299730	05.644
25.36	25.35	0.299747	05.742
25.36	25.35	0.299763	05.841
25.34	25.34	0.299780	05.944
25.34	25.34	0.299797	06.041
25.34	25.34	0.299813	06.142
25.34	25.34	0.299830	06.245
25.34	25.34	0.299847	06.342
25.34	25.34	0.299863	06.442
25.34	25.33	0.299880	06.544
25.34	25.33	0.299897	06.642
25.34	25.33	0.299913	06.741
25.34	25.33	0.299930	06.844
25.34	25.33	0.299947	06.942
25.34	25.33	0.299963	07.042
25.34	25.32	0.299980	07.144
25.34	25.32	0.299997	07.242
25.34	25.32	0.300013	07.342
25.31	25.32	0.300030	07.444
25.31	25.32	0.300047	07.542
25.31	25.32	0.300063	07.641
25.31	25.31	0.300080	07.744
25.31	25.31	0.300097	07.842
25.31	25.31	0.300113	07.942
25.31	25.31	0.300130	08.044
25.31	25.31	0.300147	08.142
25.31	25.31	0.300163	08.242
25.31	25.30	0.300180	08.343
25.31	25.30	0.300197	08.471
25.31	25.30	0.300213	08.565
25.31	25.30	0.300230	08.644
25.31	25.30	0.300247	08.770
25.31	25.30	0.300263	08.864
25.28	25.30	0.300280	08.944
25.28	25.30	0.300297	09.068
25.28	25.29	0.300313	09.163
25.28	25.29	0.300330	09.267
25.28	25.29	0.300346	09.367
25.28	25.29	0.300363	09.462
25.28	25.29	0.300380	09.567
25.28	25.29	0.300396	09.666
25.28	25.29	0.300413	09.761
25.28	25.29	0.300430	09.865
25.28	25.29	0.300446	09.965
25.28	25.29	0.300463	10.059
25.28	25.29	0.300480	10.164
25.28	25.28	0.300496	10.263
25.28	25.28	0.300513	10.358
25.28	25.28	0.300530	10.463
25.28	25.28	0.300546	10.557
25.28	25.28	0.300563	10.657
25.28	25.28	0.300580	10.761
25.28	25.28	0.300596	10.856
25.28	25.28	0.300613	10.956
25.28	25.28	0.300630	11.061
25.28	25.28	0.300646	11.156
25.28	25.28	0.300663	11.255
25.28	25.28	0.300680	11.359
25.28	25.28	0.300696	11.454
25.28	25.28	0.300713	11.553
25.28	25.28	0.300730	11.658
25.28	25.28	0.300746	11.752
25.28	25.28	0.300763	11.852
25.28	25.28	0.300780	11.957
25.28	25.28	0.300796	12.051
25.28	25.28	0.300813	12.151
25.28	25.29	0.300830	12.256
25.28	25.29	0.300846	12.351
25.28	25.29	0.300863	12.450
25.28	25.29	0.300880	12.555
25.28	25.29	0.300896	12.649
25.28	25.29	0.300913	12.749
25.28	25.29	0.300930	12.854
25.28	25.29	0.300946	12.948
25.28	25.29	0.300963	13.048
25.28	25.29	0.300980	13.152
25.28	25.30	0.300996	13.247
25.28	25.30	0.301013	13.347
25.28	25.30	0.301030	13.451
25.28	25.30	0.301046	13.546
25.28	25.30	0.301063	13.648
25.28	25.30	0.301080	13.750
25.28	25.30	0.301096	13.844
25.28	25.31	0.301113	13.948
25.28	25.31	0.301130	14.048
25.28	25.31	0.301146	14.143
25.28	25.31	0.301163	14.247
25.28	25.31	0.301179	14.347
25.31	25.32	0.301196	14.442
25.31	25.32	0.301213	14.546
25.31	25.32	0.301229	14.646
25.31	25.32	0.301246	14.741
25.31	25.33	0.301263	14.846
25.31	25.33	0.301279	14.944
25.31	25.33	0.301296	15.042
25.31	25.33	0.301313	15.144
25.34	25.34	0.301329	15.244
25.34	25.34	0.301346	15.342
25.34	25.34	0.301363	15.443
25.34	25.34	0.301379	15.543
25.34	25.35	0.301396	15.641
25.34	25.35	0.301413	15.742
25.34	25.35	0.301429	15.842
25.34	25.35	0.301446	15.942
25.36	25.36	0.301463	16.042
25.36	25.36	0.301479	16.143
25.36	25.36	0.301496	16.242
25.36	25.37	0.301513	16.342
25.36	25.37	0.301529	16.443
25.36	25.37	0.301546	16.541
25.36	25.38	0.301563	16.642
25.36	25.38	0.301579	16.742
25.36	25.38	0.301596	16.842
25.36	25.39	0.301613	16.941
25.39	25.39	0.301629	17.042
25.39	25.39	0.301646	17.142
25.39	25.40	0.301663	17.242
25.39	25.40	0.301679	17.343
25.39	25.40	0.301696	17.441
25.39	25.41	0.301713	17.542
25.39	25.41	0.301729	17.643
25.39	25.41	0.301746	17.742
25.39	25.42	0.301763	17.842
25.41	25.42	0.301779	17.942
25.41	25.42	0.301796	18.042
25.41	25.43	0.301813	18.141
25.41	25.43	0.301829	18.243
25.41	25.43	0.301846	18.341
25.41	25.44	0.301863	18.442
25.41	25.44	0.301879	18.543
25.44	25.44	0.301896	18.642
25.44	25.45	0.301913	18.741
25.44	25.45	0.301929	18.842
25.44	25.45	0.301946	18.942
25.44	25.46	0.301963	19.041
25.44	25.46	0.301979	19.142
25.47	25.47	0.301996	19.241
25.47	25.47	0.302012	19.342
25.47	25.47	0.302029	19.443
25.47	25.48	0.302046	19.542
25.47	25.48	0.302062	19.642
25.47	25.48	0.302079	19.742
25.47	25.49	0.302096	19.842
25.49	25.49	0.302112	19.941
25.49	25.49	0.302129	20.042
25.49	25.50	0.302146	20.142
25.49	25.50	0.302162	20.242
25.49	25.50	0.302179	20.343
25.49	25.51	0.302196	20.442
25.49	25.51	0.302212	20.542
25.52	25.51	0.302229	20.642
25.52	25.51	0.302246	20.742
25.52	25.52	0.302262	20.842
25.52	25.52	0.302279	20.942
25.52	25.52	0.302296	21.041
25.52	25.53	0.302312	21.165
25.54	25.53	0.302329	21.242
25.54	25.53	0.302346	21.369
25.54	25.54	0.302362	21.464
25.54	25.54	0.302379	21.541
25.54	25.54	0.302396	21.668
25.54	25.54	0.302412	21.762
25.54	25.55	0.302429	21.842
25.54	25.55	0.302446	21.967
25.54	25.55	0.302462	22.061
25.54	25.55	0.302479	22.167
25.57	25.56	0.302496	22.266
25.57	25.56	0.302512	22.361
25.57	25.56	0.302529	22.465
25.57	25.56	0.302546	22.565
25.57	25.57	0.302562	22.660
25.57	25.57	0.302579	22.764
25.57	25.57	0.302596	22.864
25.57	25.57	0.302612	22.958
25.57	25.57	0.302629	23.063
25.57	25.58	0.302646	23.162
25.57	25.58	0.302662	23.257
25.57	25.58	0.302679	23.361
25.60	25.58	0.302696	23.456
25.60	25.58	0.302712	23.556
25.60	25.58	0.302729	23.660
25.60	25.58	0.302746	23.755
25.60	25.59	0.302762	23.854
25.60	25.59	0.302779	23.959
25.60	25.59	0.302796	24.053
25.60	25.59	0.302812	24.153
25.60	25.59	0.302829	24.257
25.60	25.59	0.302845	24.352
25.60	25.59	0.302862	24.452
25.60	25.59	0.302879	24.557
25.60	25.60	0.302895	24.652
25.60	25.60	0.302912	24.751
25.60	25.60	0.302929	24.856
25.62	25.60	0.302945	24.950
25.62	25.60	0.302962	25.050
25.62	25.60	0.302979	25.155
25.62	25.60	0.302995	25.249
25.62	25.60	0.303012	25.349
25.62	25.60	0.303029	25.453
25.62	25.60	0.303045	25.548
25.62	25.60	0.303062	25.647
25.62	25.60	0.303079	25.752
25.62	25.60	0.303095	25.847
25.62	25.60	0.303112	25.946
25.62	25.60	0.303129	26.051
25.60	25.60	0.303145	26.145
25.60	25.60	0.303162	26.246
25.60	25.60	0.303179	26.349
25.60	25.60	0.303195	26.444
25.60	25.60	0.303212	26.545
25.60	25.60	0.303229	26.648
25.60	25.60	0.303245	26.744
25.60	25.60	0.303262	26.846
25.60	25.60	0.303279	26.947
25.60	25.60	0.303295	27.044
25.60	25.60	0.303312	27.146
25.60	25.59	0.303329	27.246
25.60	25.59	0.303345	27.344
25.60	25.59	0.303362	27.446
25.60	25.59	0.303379	27.545
25.60	25.59	0.303395	27.644
25.60	25.59	0.303412	27.744
25.60	25.59	0.303429	27.844
25.60	25.59	0.303445	27.943
25.60	25.59	0.303462	28.044
25.60	25.59	0.303479	28.143
25.60	25.58	0.303495	28.244
25.60	25.58	0.303512	28.344
25.60	25.58	0.303529	28.444
25.60	25.58	0.303545	28.544
25.60	25.58	0.303562	28.644
25.60	25.58	0.303579	28.744
25.60	25.58	0.303595	28.843
25.60	25.57	0.303612	28.944
25.60	25.57	0.303629	29.043
25.57	25.57	0.303645	29.144
25.57	25.57	0.303662	29.244
25.57	25.57	0.303678	29.344
25.57	25.57	0.303695	29.444
25.57	25.56	0.303712	29.543
25.57	25.56	0.303728	29.644
25.57	25.56	0.303745	29.742
25.57	25.56	0.303762	29.844
25.57	25.56	0.303778	29.944
25.57	25.56	0.303795	30.044
25.54	25.55	0.303812	30.144
25.54	25.55	0.303828	30.244
25.54	25.55	0.303845	30.344
25.54	25.55	0.303862	30.443
25.54	25.55	0.303878	30.544
25.54	25.55	0.303895	30.643
25.54	25.54	0.303912	30.744
25.54	25.54	0.303928	30.844
25.54	25.54	0.303945	30.944
25.54	25.54	0.303962	31.044
25.54	25.54	0.303978	31.144
25.54	25.54	0.303995	31.244
25.54	25.53	0.304012	31.343
25.54	25.53	0.304028	31.444
25.54	25.53	0.304045	31.544
25.54	25.53	0.304062	31.644
25.54	25.53	0.304078	31.744
25.54	25.53	0.304095	31.844
25.54	25.52	0.304112	31.944
25.54	25.52	0.304128	32.044
25.54	25.52	0.304145	32.144
25.52	25.52	0.304162	32.243
25.52	25.52	0.304178	32.344
25.52	25.52	0.304195	32.444
25.52	25.52	0.304212	32.544
25.52	25.51	0.304228	32.644
25.52	25.51	0.304245	32.744
25.52	25.51	0.304262	32.844
25.52	25.51	0.304278	32.943
25.52	25.51	0.304295	33.043
25.52	25.51	0.304312	33.142
25.52	25.51	0.304328	33.267
25.49	25.51	0.304345	33.371
25.49	25.50	0.304362	33.466
25.49	25.50	0.304378	33.566
25.49	25.50	0.304395	33.670
25.49	25.50	0.304412	33.765
25.49	25.50	0.304428	33.865
25.49	25.50	0.304445	33.969
25.49	25.50	0.304462	34.063
25.49	25.50	0.304478	34.165
25.49	25.50	0.304495	34.268
25.49	25.50	0.304511	34.363
25.49	25.50	0.304528	34.465
25.49	25.50	0.304545	34.567
25.49	25.50	0.304561	34.662
25.49	25.50	0.304578	34.765
25.49	25.50	0.304595	34.866
25.49	25.50	0.304611	34.960
25.49	25.50	0.304628	35.065
25.49	25.50	0.304645	35.165
25.49	25.50	0.304661	35.259
25.49	25.50	0.304678	35.364
25.49	25.50	0.304695	35.463
25.49	25.50	0.304711	35.558
25.49	25.50	0.304728	35.662
25.49	25.50	0.304745	35.762
25.49	25.50	0.304761	35.857
25.49	25.50	0.304778	35.961
25.49	25.50	0.304795	36.061
25.49	25.50	0.304811	36.155
25.49	25.50	0.304828	36.260
25.49	25.50	0.304845	36.354
25.49	25.50	0.304861	36.454
25.49	25.50	0.304878	36.558
25.49	25.50	0.304895	36.653
25.49	25.50	0.304911	36.754
25.49	25.50	0.304928	36.858
25.49	25.50	0.304945	36.953
25.49	25.51	0.304961	37.052
25.49	25.51	0.304978	37.157
25.49	25.51	0.304995	37.251
25.49	25.51	0.305011	37.351
25.49	25.51	0.305028	37.455
25.49	25.51	0.305045	37.550
25.52	25.51	0.305061	37.650
25.52	25.52	0.305078	37.754
25.52	25.52	0.305095	37.849
25.52	25.52	0.305111	37.948
25.52	25.52	0.305128	38.053
25.52	25.52	0.305145	38.147
25.52	25.53	0.305161	38.247
25.52	25.53	0.305178	38.352
25.52	25.53	0.305195	38.446
25.52	25.53	0.305211	38.546
25.52	25.53	0.305228	38.650
25.52	25.54	0.305245	38.745
25.52	25.54	0.305261	38.844
25.52	25.54	0.305278	38.949
25.52	25.54	0.305295	39.044
25.52	25.55	0.305311	39.145
25.54	25.55	0.305328	39.249
25.54	25.55	0.305344	39.345
25.54	25.55	0.305361	39.445
25.54	25.56	0.305378	39.547
25.54	25.56	0.305394	39.645
25.54	25.56	0.305411	39.744
25.54	25.57	0.305428	39.846
25.54	25.57	0.305444	39.945
25.54	25.57	0.305461	40.045
25.57	25.57	0.305478	40.145
25.57	25.58	0.305494	40.244
25.57	25.58	0.305511	40.345
25.57	25.58	0.305528	40.445
25.57	25.59	0.305544	40.544
25.57	25.59	0.305561	40.645
25.57	25.59	0.305578	40.745
25.57	25.60	0.305594	40.845
25.60	25.60	0.305611	40.945
25.60	25.60	0.305628	41.045
25.60	25.61	0.305644	41.145
25.60	25.61	0.305661	41.245
25.60	25.61	0.305678	41.345
25.60	25.62	0.305694	41.444
25.60	25.62	0.305711	41.545
25.62	25.62	0.305728	41.645
25.62	25.63	0.305744	41.745
25.62	25.63	0.305761	41.845
25.62	25.63	0.305778	41.945
25.62	25.64	0.305794	42.045
25.62	25.64	0.305811	42.144
25.62	25.64	0.305828	42.248
25.62	25.65	0.305844	42.347
25.62	25.65	0.305861	42.448
25.65	25.65	0.305878	42.548
25.65	25.66	0.305894	42.648
25.65	25.66	0.305911	42.748
25.65	25.66	0.305928	42.848
25.65	25.67	0.305944	42.948
25.65	25.67	0.305961	43.047
25.67	25.68	0.305978	43.148
25.67	25.68	0.305994	43.248
25.67	25.68	0.306011	43.349
25.67	25.69	0.306028	43.449
25.67	25.69	0.306044	43.549
25.67	25.69	0.306061	43.649
25.70	25.70	0.306078	43.749
25.70	25.70	0.306094	43.849
25.70	25.70	0.306111	43.948
25.70	25.71	0.306128	44.049
25.70	25.71	0.306144	44.149
25.73	25.71	0.306161	44.273
25.73	25.72	0.306177	44.373
25.73	25.72	0.306194	44.478
25.73	25.72	0.306211	44.572
25.73	25.73	0.306227	44.672
25.73	25.73	0.306244	44.776
25.73	25.73	0.306261	44.870
25.75	25.73	0.306277	44.971
25.75	25.74	0.306294	45.075
25.75	25.74	0.306311	45.170
25.75	25.74	0.306327	45.270
25.75	25.75	0.306344	45.374
25.75	25.75	0.306361	45.469
25.75	25.75	0.306377	45.568
25.75	25.75	0.306394	45.673
25.75	25.76	0.306411	45.767
25.75	25.76	0.306427	45.867
25.75	25.76	0.306444	45.971
25.75	25.76	0.306461	46.066
25.78	25.77	0.306477	46.166
25.78	25.77	0.306494	46.270
25.78	25.77	0.306511	46.365
25.78	25.77	0.306527	46.464
25.78	25.78	0.306544	46.569
25.78	25.78	0.306561	46.663
25.78	25.78	0.306577	46.764
25.78	25.78	0.306594	46.868
25.78	25.78	0.306611	46.962
25.78	25.79	0.306627	47.064
25.78	25.79	0.306644	47.166
25.78	25.79	0.306661	47.261
25.80	25.79	0.306677	47.363
25.80	25.79	0.306694	47.466
25.80	25.80	0.306711	47.560
25.80	25.80	0.306727	47.663
25.80	25.80	0.306744	47.765
25.80	25.80	0.306761	47.859
25.80	25.80	0.306777	47.964
25.80	25.80	0.306794	48.063
25.80	25.80	0.306811	48.158
25.80	25.80	0.306827	48.262
25.80	25.81	0.306844	48.362
25.80	25.81	0.306861	48.457
25.80	25.81	0.306877	48.561
25.83	25.81	0.306894	48.661
25.83	25.81	0.306911	48.755
25.83	25.81	0.306927	48.860
25.83	25.81	0.306944	48.959
25.83	25.81	0.306961	49.054
25.83	25.81	0.306977	49.158
25.83	25.81	0.306994	49.253
25.83	25.81	0.307010	49.353
25.83	25.81	0.307027	49.457
25.83	25.81	0.307044	49.552
25.83	25.81	0.307060	49.651
25.83	25.81	0.307077	49.757
25.83	25.81	0.307094	49.850
25.83	25.81	0.307110	49.950
25.83	25.81	0.307127	50.055
25.83	25.81	0.307144	50.150
25.83	25.81	0.307160	50.250
25.83	25.81	0.307177	50.354
25.83	25.81	0.307194	50.450
25.83	25.81	0.307210	50.550
25.83	25.81	0.307227	50.653
25.83	25.81	0.307244	50.749
25.83	25.81	0.307260	50.850
25.83	25.81	0.307277	50.952
25.80	25.81	0.307294	51.050
25.80	25.81	0.307310	51.150
25.80	25.81	0.307327	51.250
25.80	25.81	0.307344	51.350
25.80	25.81	0.307360	51.449
25.80	25.80	0.307377	51.550
25.80	25.80	0.307394	51.649
25.80	25.80	0.307410	51.750
25.80	25.80	0.307427	51.850
25.80	25.80	0.307444	51.950
25.80	25.80	0.307460	52.050
25.80	25.80	0.307477	52.150
25.80	25.80	0.307494	52.250
25.80	25.80	0.307510	52.349
25.80	25.79	0.307527	52.450
25.80	25.79	0.307544	52.549
25.80	25.79	0.307560	52.650
25.80	25.79	0.307577	52.750
25.80	25.79	0.307594	52.850
25.80	25.79	0.307610	52.949
25.80	25.79	0.307627	53.050
25.80	25.78	0.307644	53.150
25.80	25.78	0.307660	53.249
25.80	25.78	0.307677	53.350
25.80	25.78	0.307694	53.450
25.80	25.78	0.307710	53.550
25.80	25.78	0.307727	53.650
25.80	25.77	0.307744	53.750
25.80	25.77	0.307760	53.850
25.80	25.77	0.307777	53.949
25.80	25.77	0.307794	54.050
25.80	25.77	0.307810	54.149
25.78	25.77	0.307827	54.250
25.78	25.76	0.307843	54.350
25.78	25.76	0.307860	54.450
25.78	25.76	0.307877	54.550
25.78	25.76	0.307893	54.650
25.78	25.76	0.307910	54.750
25.78	25.76	0.307927	54.849
25.75	25.75	0.307943	54.950
25.75	25.75	0.307960	55.050
25.75	25.75	0.307977	55.150
25.75	25.75	0.307993	55.250
25.75	25.75	0.308010	55.350
25.75	25.75	0.308027	55.450
25.75	25.74	0.308043	55.550
25.75	25.74	0.308060	55.650
25.75	25.74	0.308077	55.748
25.73	25.74	0.308093	55.850
25.73	25.74	0.308110	55.950
25.73	25.74	0.308127	56.050
25.73	25.73	0.308143	56.150
25.73	25.73	0.308160	56.250
25.73	25.73	0.308177	56.350
25.73	25.73	0.308193	56.450
25.73	25.73	0.308210	56.549
25.73	25.73	0.308227	56.674
25.73	25.73	0.308243	56.778
25.73	25.72	0.308260	56.878
25.73	25.72	0.308277	56.973
25.73	25.72	0.308293	57.077
25.70	25.72	0.308310	57.172
25.70	25.72	0.308327	57.271
25.70	25.72	0.308343	57.376
25.70	25.72	0.308360	57.470
25.70	25.72	0.308377	57.570
25.70	25.72	0.308393	57.674
25.70	25.72	0.308410	57.769
25.70	25.71	0.308427	57.869
25.70	25.71	0.308443	57.973
25.70	25.71	0.308460	58.068
25.70	25.71	0.308477	58.168
25.70	25.71	0.308493	58.273
25.70	25.71	0.308510	58.367
25.70	25.71	0.308527	58.467
25.70	25.71	0.308543	58.572
25.70	25.71	0.308560	58.666
25.70	25.71	0.308577	58.766
25.70	25.71	0.308593	58.870
25.70	25.71	0.308610	58.965
25.70	25.71	0.308627	59.064
25.70	25.71	0.308643	59.169
25.70	25.71	0.308660	59.263
25.73	25.71	0.308676	59.363
25.73	25.71	0.308693	59.468
25.73	25.71	0.308710	59.562
25.73	25.71	0.308726	59.663
25.73	25.71	0.308743	59.766
25.73	25.71	0.308760	59.861
25.73	25.71	0.308776	59.962
25.70	25.71	0.308793	00.065
25.70	25.71	0.308810	00.160
25.70	25.71	0.308826	00.262
25.70	25.71	0.308843	00.364
25.70	25.71	0.308860	00.459
25.70	25.71	0.308876	00.562
25.70	25.72	0.308893	00.663
25.70	25.72	0.308910	00.757
25.70	25.72	0.308926	00.862
25.70	25.72	0.308943	00.962
25.70	25.72	0.308960	01.056
25.70	25.72	0.308976	01.161
25.70	25.72	0.308993	01.260
25.70	25.72	0.309010	01.355
25.70	25.72	0.309026	01.459
25.70	25.73	0.309043	01.559
25.70	25.73	0.309060	01.653
25.70	25.73	0.309076	01.758
25.70	25.73	0.309093	01.858
25.73	25.73	0.309110	01.953
25.73	25.74	0.309126	02.057
25.73	25.74	0.309143	02.152
25.73	25.74	0.309160	02.252
25.73	25.74	0.309176	02.356
25.73	25.74	0.309193	02.451
25.73	25.75	0.309210	02.551
25.73	25.75	0.309226	02.655
25.73	25.75	0.309243	02.750
25.73	25.75	0.309260	02.850
25.73	25.75	0.309276	02.954
25.75	25.76	0.309293	03.049
25.75	25.76	0.309310	03.150
25.75	25.76	0.309326	03.252
25.75	25.76	0.309343	03.350
25.75	25.77	0.309360	03.450
25.75	25.77	0.309376	03.551
25.75	25.77	0.309393	03.650
25.75	25.78	0.309410	03.750
25.75	25.78	0.309426	03.850
25.75	25.78	0.309443	03.949
25.78	25.78	0.309460	04.050
25.78	25.79	0.309476	04.149
25.78	25.79	0.309493	04.250
25.78	25.79	0.309509	04.350
25.78	25.80	0.309526	04.450
25.78	25.80	0.309543	04.550
25.78	25.80	0.309559	04.649
25.80	25.81	0.309576	04.750
25.80	25.81	0.309593	04.849
25.80	25.81	0.309609	04.950
25.80	25.82	0.309626	05.051
25.80	25.82	0.309643	05.151
25.80	25.82	0.309659	05.251
25.80	25.83	0.309676	05.351
25.83	25.83	0.309693	05.450
25.83	25.83	0.309709	05.551
25.83	25.84	0.309726	05.650
25.83	25.84	0.309743	05.751
25.83	25.84	0.309759	05.851
25.83	25.85	0.309776	05.951
25.86	25.85	0.309793	06.051
25.86	25.85	0.309809	06.151
25.86	25.86	0.309826	06.251
25.86	25.86	0.309843	06.350
25.86	25.86	0.309859	06.450
25.86	25.87	0.309876	06.550
25.86	25.87	0.309893	06.651
25.88	25.87	0.309909	06.751
25.88	25.88	0.309926	06.851
25.88	25.88	0.309943	06.951
25.88	25.89	0.309959	07.051
25.88	25.89	0.309976	07.151
25.88	25.89	0.309993	07.250
25.88	25.90	0.310009	07.351
25.88	25.90	0.310026	07.451
25.91	25.90	0.310043	07.551
25.91	25.91	0.310059	07.651
25.91	25.91	0.310076	07.751
25.91	25.91	0.310093	07.851
25.91	25.92	0.310109	07.950
25.91	25.92	0.310126	08.051
25.91	25.92	0.310143	08.150
25.91	25.93	0.310159	08.251
25.93	25.93	0.310176	08.351
25.93	25.93	0.310193	08.451
25.93	25.94	0.310209	08.551
25.93	25.94	0.310226	08.651
25.93	25.94	0.310243	08.751
25.93	25.94	0.310259	08.850
25.93	25.95	0.310276	08.975
25.93	25.95	0.310293	09.079
25.96	25.95	0.310309	09.179
25.96	25.96	0.310326	09.274
25.96	25.96	0.310342	09.378
25.96	25.96	0.310359	09.478
25.96	25.96	0.310376	09.572
25.96	25.97	0.310392	09.677
25.99	25.97	0.310409	09.776
25.99	25.97	0.310426	09.871
25.99	25.98	0.310442	09.975
25.99	25.98	0.310459	10.070
25.99	25.98	0.310476	10.171
25.99	25.98	0.310492	10.275
25.99	25.99	0.310509	10.369
25.99	25.99	0.310526	10.469
25.99	25.99	0.310542	10.574
25.99	25.99	0.310559	10.668
25.99	25.99	0.310576	10.768
25.99	26.00	0.310592	10.872
26.01	26.00	0.310609	10.967
26.01	26.00	0.310626	11.067
26.01	26.00	0.310642	11.171
26.01	26.00	0.310659	11.266
26.01	26.01	0.310676	11.365
26.01	26.01	0.310692	11.470
26.01	26.01	0.310709	11.564
26.01	26.01	0.310726	11.664
26.01	26.01	0.310742	11.769
26.01	26.01	0.310759	11.863
26.01	26.01	0.310776	11.963
26.01	26.02	0.310792	12.067
26.01	26.02	0.310809	12.162
26.01	26.02	0.310826	12.261
26.01	26.02	0.310842	12.366
26.01	26.02	0.310859	12.460
26.04	26.02	0.310876	12.561
26.04	26.02	0.310892	12.666
26.04	26.02	0.310909	12.760
26.04	26.02	0.310926	12.861
26.04	26.02	0.310942	12.964
26.04	26.02	0.310959	13.059
26.04	26.02	0.310976	13.160
26.04	26.03	0.310992	13.263
26.04	26.03	0.311009	13.358
26.04	26.03	0.311026	13.460
26.04	26.03	0.311042	13.562
26.04	26.03	0.311059	13.656
26.04	26.03	0.311076	13.761
26.04	26.03	0.311092	13.860
26.04	26.03	0.311109	13.955
26.04	26.03	0.311126	14.059
26.04	26.03	0.311142	14.159
26.04	26.03	0.311159	14.254
26.04	26.03	0.311175	14.358
26.04	26.03	0.311192	14.458
26.04	26.03	0.311209	14.552
26.04	26.02	0.311225	14.657
26.04	26.02	0.311242	14.756
26.04	26.02	0.311259	14.852
26.04	26.02	0.311275	14.956
26.04	26.02	0.311292	15.056
26.04	26.02	0.311309	15.153
26.04	26.02	0.311325	15.254
26.04	26.02	0.311342	15.356
26.04	26.02	0.311359	15.452
26.04	26.02	0.311375	15.553
26.04	26.02	0.311392	15.655
26.04	26.02	0.311409	15.753
26.04	26.02	0.311425	15.853
26.01	26.01	0.311442	15.956
26.01	26.01	0.311459	16.053
26.01	26.01	0.311475	16.153
26.01	26.01	0.311492	16.256
26.01	26.01	0.311509	16.352
26.01	26.01	0.311525	16.453
26.01	26.01	0.311542	16.556
26.01	26.01	0.311559	16.653
26.01	26.00	0.311575	16.753
26.01	26.00	0.311592	16.855
26.01	26.00	0.311609	16.953
26.01	26.00	0.311625	17.052
26.01	26.00	0.311642	17.156
26.01	26.00	0.311659	17.252
26.01	25.99	0.311675	17.352
26.01	25.99	0.311692	17.456
26.01	25.99	0.311709	17.553
25.99	25.99	0.311725	17.653
25.99	25.99	0.311742	17.755
25.99	25.99	0.311759	17.853
25.99	25.98	0.311775	17.952
25.99	25.98	0.311792	18.055
25.99	25.98	0.311809	18.152
25.99	25.98	0.311825	18.253
25.99	25.98	0.311842	18.356
25.99	25.98	0.311859	18.453
25.99	25.97	0.311875	18.553
25.99	25.97	0.311892	18.655
25.99	25.97	0.311909	18.753
25.96	25.97	0.311925	18.852
25.96	25.97	0.311942	18.955
25.96	25.97	0.311959	19.053
25.96	25.96	0.311975	19.153
25.96	25.96	0.311992	19.256
25.96	25.96	0.312008	19.353
25.96	25.96	0.312025	19.453
25.96	25.96	0.312042	19.555
25.96	25.96	0.312058	19.653
25.96	25.95	0.312075	19.752
25.96	25.95	0.312092	19.855
25.96	25.95	0.312108	19.953
25.96	25.95	0.312125	20.053
25.96	25.95	0.312142	20.155
25.96	25.95	0.312158	20.252
25.96	25.94	0.312175	20.353
25.93	25.94	0.312192	20.455
25.93	25.94	0.312208	20.553
25.93	25.94	0.312225	20.653
25.93	25.94	0.312242	20.755
25.93	25.94	0.312258	20.853
25.93	25.94	0.312275	20.977
25.93	25.94	0.312292	21.055
25.93	25.93	0.312308	21.181
25.93	25.93	0.312325	21.276
25.93	25.93	0.312342	21.354
25.93	25.93	0.312358	21.480
25.93	25.93	0.312375	21.574
25.93	25.93	0.312392	21.679
25.93	25.93	0.312408	21.779
25.93	25.93	0.312425	21.873
25.93	25.93	0.312442	21.978
25.93	25.93	0.312458	22.077
25.93	25.93	0.312475	22.172
25.93	25.92	0.312492	22.276
25.93	25.92	0.312508	22.377
25.93	25.92	0.312525	22.471
25.93	25.92	0.312542	22.576
25.93	25.92	0.312558	22.676
25.93	25.92	0.312575	22.770
25.93	25.92	0.312592	22.875
25.91	25.92	0.312608	22.969
25.91	25.92	0.312625	23.069
25.91	25.92	0.312642	23.173
25.91	25.92	0.312658	23.268
25.91	25.92	0.312675	23.368
25.91	25.92	0.312692	23.472
25.91	25.92	0.312708	23.567
25.91	25.92	0.312725	23.666
25.91	25.92	0.312742	23.771
25.91	25.92	0.312758	23.865
25.91	25.92	0.312775	23.965
25.91	25.92	0.312792	24.070
25.91	25.92	0.312808	24.164
25.91	25.93	0.312825	24.264
25.91	25.93	0.312841	24.368
25.91	25.93	0.312858	24.463
25.91	25.93	0.312875	24.562
25.91	25.93	0.312891	24.667
25.91	25.93	0.312908	24.761
25.91	25.93	0.312925	24.861
25.91	25.93	0.312941	24.966
25.91	25.93	0.312958	25.061
25.91	25.93	0.312975	25.160
25.91	25.94	0.312991	25.264
25.93	25.94	0.313008	25.360
25.93	25.94	0.313025	25.459
25.93	25.94	0.313041	25.564
25.93	25.94	0.313058	25.659
25.93	25.94	0.313075	25.759
25.93	25.94	0.313091	25.863
25.93	25.95	0.313108	25.957
25.93	25.95	0.313125	26.059
25.93	25.95	0.313141	26.161
25.93	25.95	0.313158	26.256
25.93	25.95	0.313175	26.358
25.93	25.96	0.313191	26.460
25.93	25.96	0.313208	26.555
25.96	25.96	0.313225	26.659
25.96	25.96	0.313241	26.759
25.96	25.97	0.313258	26.853
25.96	25.97	0.313275	26.958
25.96	25.97	0.313291	27.057
25.96	25.97	0.313308	27.154
25.96	25.98	0.313325	27.257
25.96	25.98	0.313341	27.356
25.96	25.98	0.313358	27.454
25.99	25.98	0.313375	27.555
25.99	25.99	0.313391	27.655
25.99	25.99	0.313408	27.753
25.99	25.99	0.313425	27.854
25.99	25.99	0.313441	27.953
25.99	26.00	0.313458	28.054
25.99	26.00	0.313475	28.154
25.99	26.00	0.313491	28.254
25.99	26.01	0.313508	28.354
25.99	26.01	0.313525	28.454
25.99	26.01	0.313541	28.554
26.01	26.02	0.313558	28.653
26.01	26.02	0.313575	28.753
26.01	26.02	0.313591	28.854
26.01	26.03	0.313608	28.953
26.01	26.03	0.313625	29.054
26.01	26.03	0.313641	29.154
26.01	26.04	0.313658	29.253
26.01	26.04	0.313674	29.354
26.04	26.04	0.313691	29.454
26.04	26.05	0.313708	29.553
26.04	26.05	0.313724	29.654
26.04	26.05	0.313741	29.754
26.04	26.06	0.313758	29.854
26.04	26.06	0.313774	29.954
26.06	26.06	0.313791	30.054
26.06	26.07	0.313808	30.154
26.06	26.07	0.313824	30.253
26.06	26.07	0.313841	30.354
26.06	26.08	0.313858	30.453
26.06	26.08	0.313874	30.554
26.06	26.08	0.313891	30.654
26.09	26.09	0.313908	30.754
26.09	26.09	0.313924	30.854
26.09	26.09	0.313941	30.954
26.09	26.10	0.313958	31.054
26.09	26.10	0.313974	31.153
26.09	26.11	0.313991	31.254
26.12	26.11	0.314008	31.354
26.12	26.11	0.314024	31.454
26.12	26.12	0.314041	31.554
26.12	26.12	0.314058	31.654
26.12	26.12	0.314074	31.753
26.12	26.13	0.314091	31.854
26.12	26.13	0.314108	31.954
26.12	26.13	0.314124	32.054
26.12	26.14	0.314141	32.154
26.12	26.14	0.314158	32.254
26.14	26.14	0.314174	32.354
26.14	26.15	0.314191	32.453
26.14	26.15	0.314208	32.554
26.14	26.15	0.314224	32.654
26.14	26.15	0.314241	32.754
26.14	26.16	0.314258	32.854
26.14	26.16	0.314274	32.954
26.17	26.16	0.314291	33.054
26.17	26.17	0.314308	33.153
26.17	26.17	0.314324	33.253
26.17	26.17	0.314341	33.353
26.17	26.18	0.314358	33.482
26.17	26.18	0.314374	33.576
26.17	26.18	0.314391	33.678
26.19	26.18	0.314408	33.782
26.19	26.19	0.314424	33.876
26.19	26.19	0.314441	33.978
26.19	26.19	0.314458	34.080
26.19	26.19	0.314474	34.175
26.19	26.20	0.314491	34.277
26.19	26.20	0.314507	34.379
26.19	26.20	0.314524	34.474
26.22	26.20	0.314541	34.578
26.22	26.21	0.314557	34.678
26.22	26.21	0.314574	34.772
26.22	26.21	0.314591	34.877
26.22	26.21	0.314607	34.976
26.22	26.21	0.314624	35.071
26.22	26.22	0.314641	35.175
26.22	26.22	0.314657	35.275
26.22	26.22	0.314674	35.370
26.22	26.22	0.314691	35.474
26.22	26.22	0.314707	35.574
26.25	26.22	0.314724	35.668
26.25	26.22	0.314741	35.773
26.25	26.23	0.314757	35.872
26.25	26.23	0.314774	35.967
26.25	26.23	0.314791	36.072
26.25	26.23	0.314807	36.166
26.25	26.23	0.314824	36.266
26.25	26.23	0.314841	36.370
26.25	26.23	0.314857	36.465
26.25	26.23	0.314874	36.564
26.25	26.24	0.314891	36.670
26.25	26.24	0.314907	36.764
26.25	26.24	0.314924	36.864
26.25	26.24	0.314941	36.969
26.25	26.24	0.314957	37.063
26.25	26.24	0.314974	37.163
26.25	26.24	0.314991	37.267
26.25	26.24	0.315007	37.362
26.25	26.24	0.315024	37.461
26.25	26.24	0.315041	37.566
26.25	26.24	0.315057	37.661
26.25	26.24	0.315074	37.760
26.25	26.24	0.315091	37.865
26.25	26.24	0.315107	37.959
26.25	26.24	0.315124	38.059
26.25	26.24	0.315141	38.163
26.25	26.24	0.315157	38.258
26.22	26.24	0.315174	38.357
26.22	26.24	0.315191	38.462
26.22	26.24	0.315207	38.557
26.22	26.24	0.315224	38.657
26.22	26.24	0.315241	38.761
26.22	26.24	0.315257	38.855
26.22	26.24	0.315274	38.957
26.22	26.24	0.315291	39.059
26.22	26.24	0.315307	39.155
26.25	26.23	0.315324	39.257
26.25	26.23	0.315340	39.359
26.25	26.23	0.315357	39.455
26.25	26.23	0.315374	39.557
26.25	26.23	0.315390	39.658
26.25	26.23	0.315407	39.754
26.25	26.23	0.315424	39.857
26.25	26.23	0.315440	39.956
26.25	26.23	0.315457	40.055
26.25	26.23	0.315474	40.156
26.25	26.22	0.315490	40.255
26.25	26.22	0.315507	40.355
26.25	26.22	0.315524	40.455
26.25	26.22	0.315540	40.555
26.25	26.22	0.315557	40.654
26.25	26.22	0.315574	40.755
26.25	26.22	0.315590	40.855
26.25	26.21	0.315607	40.955
26.25	26.21	0.315624	41.055
26.22	26.21	0.315640	41.155
26.22	26.21	0.315657	41.255
26.22	26.21	0.315674	41.355
26.22	26.21	0.315690	41.455
26.22	26.20	0.315707	41.554
26.22	26.20	0.315724	41.655
26.22	26.20	0.315740	41.754
26.19	26.20	0.315757	41.855
26.19	26.20	0.315774	41.955
26.19	26.20	0.315790	42.055
26.19	26.19	0.315807	42.155
26.19	26.19	0.315824	42.254
26.19	26.19	0.315840	42.355
26.19	26.19	0.315857	42.454
26.19	26.19	0.315874	42.555
26.19	26.19	0.315890	42.655
26.19	26.18	0.315907	42.755
26.19	26.18	0.315924	42.855
26.19	26.18	0.315940	42.955
26.17	26.18	0.315957	43.055
26.17	26.18	0.315974	43.154
26.17	26.18	0.315990	43.255
26.17	26.17	0.316007	43.354
26.17	26.17	0.316024	43.455
26.17	26.17	0.316040	43.555
26.17	26.17	0.316057	43.655
26.17	26.17	0.316074	43.754
26.17	26.17	0.316090	43.855
26.17	26.16	0.316107	43.955
26.17	26.16	0.316124	44.054
26.17	26.16	0.316140	44.155
26.17	26.16	0.316157	44.255
26.17	26.16	0.316173	44.355
26.17	26.16	0.316190	44.455
26.17	26.16	0.316207	44.555
26.17	26.15	0.316223	44.655
26.17	26.15	0.316240	44.754
26.17	26.15	0.316257	44.855
26.17	26.15	0.316273	44.954
26.17	26.15	0.316290	45.055
26.14	26.15	0.316307	45.155
26.14	26.15	0.316323	45.255
26.14	26.15	0.316340	45.355
26.14	26.14	0.316357	45.484
26.14	26.14	0.316373	45.579
26.14	26.14	0.316390	45.678
26.14	26.14	0.316407	45.783
26.14	26.14	0.316423	45.877
26.14	26.14	0.316440	45.977
26.14	26.14	0.316457	46.082
26.14	26.14	0.316473	46.176
26.14	26.14	0.316490	46.276
26.14	26.14	0.316507	46.381
26.14	26.14	0.316523	46.476
26.12	26.14	0.316540	46.576
26.12	26.14	0.316557	46.680
26.12	26.14	0.316573	46.774
26.12	26.14	0.316590	46.876
26.12	26.14	0.316607	46.979
26.12	26.14	0.316623	47.073
26.12	26.14	0.316640	47.176
26.12	26.14	0.316657	47.277
26.12	26.14	0.316673	47.372
26.12	26.14	0.316690	47.475
26.12	26.14	0.316707	47.576
26.12	26.14	0.316723	47.671
26.12	26.14	0.316740	47.775
26.12	26.14	0.316757	47.875
26.14	26.14	0.316773	47.969
26.14	26.14	0.316790	48.074
26.14	26.14	0.316807	48.174
26.14	26.14	0.316823	48.268
26.14	26.14	0.316840	48.373
26.14	26.14	0.316857	48.472
26.14	26.14	0.316873	48.567
26.14	26.14	0.316890	48.672
26.14	26.14	0.316907	48.771
26.14	26.14	0.316923	48.866
26.14	26.14	0.316940	48.970
26.14	26.15	0.316957	49.065
26.14	26.15	0.316973	49.164
26.14	26.15	0.316990	49.269
26.14	26.15	0.317006	49.364
26.14	26.15	0.317023	49.463
26.14	26.15	0.317040	49.568
26.14	26.15	0.317056	49.662
26.14	26.16	0.317073	49.762
26.14	26.16	0.317090	49.866
26.14	26.16	0.317106	49.961
26.14	26.16	0.317123	50.060
26.14	26.16	0.317140	50.166
26.14	26.17	0.317156	50.260
26.17	26.17	0.317173	50.360
26.17	26.17	0.317190	50.465
26.17	26.17	0.317206	50.559
26.17	26.17	0.317223	50.659
26.17	26.18	0.317240	50.763
26.17	26.18	0.317256	50.858
26.17	26.18	0.317273	50.958
26.17	26.18	0.317290	51.062
26.17	26.19	0.317306	51.157
26.17	26.19	0.317323	51.256
26.17	26.19	0.317340	51.361
26.17	26.19	0.317356	51.455
26.17	26.20	0.317373	51.556
26.19	26.20	0.317390	51.659
26.19	26.20	0.317406	51.756
26.19	26.21	0.317423	51.856
26.19	26.21	0.317440	51.958
26.19	26.21	0.317456	52.056
26.19	26.21	0.317473	52.156
26.19	26.22	0.317490	52.257
26.19	26.22	0.317506	52.355
26.22	26.22	0.317523	52.456
26.22	26.23	0.317540	52.556
26.22	26.23	0.317556	52.656
26.22	26.23	0.317573	52.756
26.22	26.24	0.317590	52.856
26.22	26.24	0.317606	52.956
26.22	26.24	0.317623	53.055
26.25	26.25	0.317640	53.156
26.25	26.25	0.317656	53.255
26.25	26.25	0.317673	53.356
26.25	26.26	0.317690	53.456
26.25	26.26	0.317706	53.556
26.25	26.26	0.317723	53.656
26.25	26.27	0.317740	53.756
26.25	26.27	0.317756	53.856
26.27	26.27	0.317773	53.955
26.27	26.28	0.317790	54.056
26.27	26.28	0.317806	54.155
26.27	26.28	0.317823	54.255
26.27	26.29	0.317839	54.356
26.27	26.29	0.317856	54.456
26.27	26.29	0.317873	54.556
26.30	26.30	0.317889	54.656
26.30	26.30	0.317906	54.756
26.30	26.30	0.317923	54.855
26.30	26.31	0.317939	54.956
26.30	26.31	0.317956	55.056
26.30	26.32	0.317973	55.156
26.30	26.32	0.317989	55.256
26.32	26.32	0.318006	55.356
26.32	26.33	0.318023	55.455
26.32	26.33	0.318039	55.556
26.32	26.33	0.318056	55.656
26.32	26.34	0.318073	55.756
26.32	26.34	0.318089	55.856
26.32	26.34	0.318106	55.956
26.35	26.35	0.318123	56.056
26.35	26.35	0.318139	56.156
26.35	26.35	0.318156	56.256
26.35	26.36	0.318173	56.355
26.35	26.36	0.318189	56.456
26.35	26.36	0.318206	56.557
26.35	26.37	0.318223	56.657
26.38	26.37	0.318239	56.756
26.38	26.37	0.318256	56.857
26.38	26.37	0.318273	56.957
26.38	26.38	0.318289	57.056
26.38	26.38	0.318306	57.157
26.38	26.38	0.318323	57.256
26.38	26.39	0.318339	57.357
26.38	26.39	0.318356	57.457
26.40	26.39	0.318373	57.581
26.40	26.39	0.318389	57.656
26.40	26.40	0.318406	57.785
26.40	26.40	0.318423	57.880
26.40	26.40	0.318439	57.979
26.40	26.40	0.318456	58.084
26.40	26.41	0.318473	58.178
26.40	26.41	0.318489	58.278
26.40	26.41	0.318506	58.383
26.40	26.41	0.318523	58.477
26.43	26.42	0.318539	58.578
26.43	26.42	0.318556	58.682
26.43	26.42	0.318573	58.777
26.43	26.42	0.318589	58.876
26.43	26.42	0.318606	58.981
26.43	26.43	0.318623	59.075
26.43	26.43	0.318639	59.175
26.43	26.43	0.318656	59.280
26.43	26.43	0.318672	59.374
26.43	26.43	0.318689	59.474
26.43	26.44	0.318706	59.578
26.43	26.44	0.318722	59.673
26.43	26.44	0.318739	59.774
26.45	26.44	0.318756	59.877
26.45	26.44	0.318772	59.972
26.45	26.44	0.318789	00.074
26.45	26.44	0.318806	00.176
26.45	26.44	0.318822	00.270
26.45	26.45	0.318839	00.374
26.45	26.45	0.318856	00.474
26.45	26.45	0.318872	00.569
26.45	26.45	0.318889	00.673
26.45	26.45	0.318906	00.773
26.45	26.45	0.318922	00.868
26.45	26.45	0.318939	00.972
26.45	26.45	0.318956	01.072
26.48	26.45	0.318972	01.167
26.48	26.45	0.318989	01.272
26.48	26.45	0.319006	01.371
26.48	26.45	0.319022	01.466
26.48	26.45	0.319039	01.571
26.48	26.45	0.319056	01.670
26.48	26.45	0.319072	01.765
26.48	26.45	0.319089	01.869
26.48	26.45	0.319106	01.964
26.48	26.45	0.319122	02.063
26.48	26.45	0.319139	02.168
26.48	26.45	0.319156	02.262
26.48	26.45	0.319172	02.362
26.45	26.45	0.319189	02.467
26.45	26.45	0.319206	02.561
26.45	26.45	0.319222	02.661
26.45	26.45	0.319239	02.765
26.45	26.45	0.319256	02.860
26.45	26.45	0.319272	02.959
26.45	26.45	0.319289	03.064
26.45	26.45	0.319306	03.159
26.45	26.45	0.319322	03.258
26.45	26.45	0.319339	03.363
26.45	26.45	0.319356	03.457
26.45	26.44	0.319372	03.557
26.45	26.44	0.319389	03.662
26.45	26.44	0.319406	03.757
26.45	26.44	0.319422	03.856
26.45	26.44	0.319439	03.961
26.45	26.44	0.319456	04.057
26.45	26.44	0.319472	04.157
26.45	26.44	0.319489	04.260
26.45	26.44	0.319505	04.357
26.45	26.43	0.319522	04.457
26.45	26.43	0.319539	04.558
26.45	26.43	0.319555	04.657
26.45	26.43	0.319572	04.757
26.45	26.43	0.319589	04.857
26.43	26.43	0.319605	04.957
26.43	26.43	0.319622	05.057
26.43	26.42	0.319639	05.157
26.43	26.42	0.319655	05.256
26.43	26.42	0.319672	05.356
26.43	26.42	0.319689	05.457
26.43	26.42	0.319705	05.557
26.43	26.42	0.319722	05.657
26.43	26.41	0.319739	05.757
26.43	26.41	0.319755	05.857
26.43	26.41	0.319772	05.957
26.43	26.41	0.319789	06.057
26.43	26.41	0.319805	06.156
26.43	26.41	0.319822	06.257
26.43	26.40	0.319839	06.357
26.40	26.40	0.319855	06.457
26.40	26.40	0.319872	06.557
26.40	26.40	0.319889	06.657
26.40	26.40	0.319905	06.757
26.40	26.40	0.319922	06.857
26.40	26.39	0.319939	06.958
26.40	26.39	0.319955	07.057
26.40	26.39	0.319972	07.158
26.40	26.39	0.319989	07.258
26.40	26.39	0.320005	07.358
26.40	26.39	0.320022	07.458
26.40	26.38	0.320039	07.558
26.40	26.38	0.320055	07.657
26.40	26.38	0.320072	07.757
26.38	26.38	0.320089	07.857
26.38	26.38	0.320105	07.958
26.38	26.38	0.320122	08.058
26.38	26.37	0.320139	08.158
26.38	26.37	0.320155	08.258
26.38	26.37	0.320172	08.358
26.38	26.37	0.320189	08.457
26.38	26.37	0.320205	08.557
26.38	26.37	0.320222	08.658
26.38	26.37	0.320239	08.756
26.38	26.36	0.320255	08.858
26.35	26.36	0.320272	08.958
26.35	26.36	0.320289	09.058
26.35	26.36	0.320305	09.158
26.35	26.36	0.320322	09.258
26.35	26.36	0.320338	09.358
26.35	26.36	0.320355	09.457
26.35	26.36	0.320372	09.558
26.35	26.36	0.320388	09.658
26.35	26.36	0.320405	09.758
26.35	26.35	0.320422	09.858
26.35	26.35	0.320438	09.982
26.35	26.35	0.320455	10.087
26.35	26.35	0.320472	10.181
26.32	26.35	0.320488	10.281
26.32	26.35	0.320505	10.385
26.32	26.35	0.320522	10.480
26.32	26.35	0.320538	10.579
26.32	26.35	0.320555	10.684
26.32	26.35	0.320572	10.779
26.32	26.35	0.320588	10.878
26.32	26.35	0.320605	10.983
26.32	26.35	0.320622	11.077
26.35	26.35	0.320638	11.177
26.35	26.35	0.320655	11.281
26.35	26.35	0.320672	11.376
26.35	26.35	0.320688	11.476
26.35	26.35	0.320705	11.580
26.35	26.35	0.320722	11.675
26.35	26.35	0.320738	11.774
26.35	26.35	0.320755	11.879
26.35	26.35	0.320772	11.973
26.35	26.35	0.320788	12.073
26.35	26.35	0.320805	12.177
26.35	26.35	0.320822	12.272
26.35	26.35	0.320838	12.373
26.35	26.35	0.320855	12.476
26.35	26.35	0.320872	12.572
26.35	26.36	0.320888	12.672
26.35	26.36	0.320905	12.776
26.35	26.36	0.320922	12.870
26.35	26.36	0.320938	12.972
26.35	26.36	0.320955	13.074
26.35	26.36	0.320972	13.169
26.35	26.36	0.320988	13.272
26.35	26.36	0.321005	13.373
26.35	26.36	0.321022	13.468
26.35	26.37	0.321038	13.572
26.35	26.37	0.321055	13.672
26.35	26.37	0.321072	13.766
26.35	26.37	0.321088	13.871
26.38	26.37	0.321105	13.971
26.38	26.38	0.321122	14.065
26.38	26.38	0.321138	14.170
26.38	26.38	0.321155	14.269
26.38	26.38	0.321171	14.364
26.38	26.38	0.321188	14.468
26.38	26.39	0.321205	14.568
26.38	26.39	0.321221	14.663
26.38	26.39	0.321238	14.767
26.38	26.39	0.321255	14.862
26.38	26.39	0.321271	14.962
26.38	26.40	0.321288	15.067
26.38	26.40	0.321305	15.161
26.38	26.40	0.321321	15.261
26.38	26.40	0.321338	15.365
26.38	26.41	0.321355	15.460
26.40	26.41	0.321371	15.559
26.40	26.41	0.321388	15.664
26.40	26.42	0.321405	15.758
26.40	26.42	0.321421	15.858
26.40	26.42	0.321438	15.962
26.40	26.42	0.321455	16.058
26.40	26.43	0.321471	16.157
26.40	26.43	0.321488	16.262
26.40	26.43	0.321505	16.358
26.40	26.44	0.321521	16.458
26.43	26.44	0.321538	16.561
26.43	26.44	0.321555	16.658
26.43	26.45	0.321571	16.758
26.43	26.45	0.321588	16.859
26.43	26.45	0.321605	16.958
26.43	26.46	0.321621	17.057
26.45	26.46	0.321638	17.158
26.45	26.46	0.321655	17.258
26.45	26.47	0.321671	17.358
26.45	26.47	0.321688	17.458
26.45	26.47	0.321705	17.558
26.48	26.48	0.321721	17.658
26.48	26.48	0.321738	17.757
26.48	26.48	0.321755	17.858
26.48	26.49	0.321771	17.958
26.48	26.49	0.321788	18.058
26.48	26.49	0.321805	18.158
26.48	26.50	0.321821	18.258
26.50	26.50	0.321838	18.358
26.50	26.50	0.321855	18.458
26.50	26.51	0.321871	18.558
26.50	26.51	0.321888	18.657
26.50	26.51	0.321905	18.758
26.50	26.52	0.321921	18.858
26.50	26.52	0.321938	18.958
26.50	26.53	0.321955	19.058
26.50	26.53	0.321971	19.158
26.53	26.53	0.321988	19.258
26.53	26.54	0.322004	19.357
26.53	26.54	0.322021	19.458
26.53	26.54	0.322038	19.557
26.53	26.55	0.322054	19.658
26.53	26.55	0.322071	19.758
26.56	26.55	0.322088	19.858
26.56	26.56	0.322104	19.958
26.56	26.56	0.322121	20.058
26.56	26.56	0.322138	20.158
26.56	26.57	0.322154	20.257
26.56	26.57	0.322171	20.358
26.58	26.57	0.322188	20.459
26.58	26.58	0.322204	20.559
26.58	26.58	0.322221	20.659
26.58	26.58	0.322238	20.759
26.58	26.58	0.322254	20.858
26.58	26.59	0.322271	20.959
26.58	26.59	0.322288	21.059
26.58	26.59	0.322304	21.159
26.61	26.60	0.322321	21.259
26.61	26.60	0.322338	21.359
26.61	26.60	0.322354	21.459
26.61	26.60	0.322371	21.558
26.61	26.61	0.322388	21.659
26.61	26.61	0.322404	21.758
26.61	26.61	0.322421	21.859
26.61	26.62	0.322438	21.959
26.63	26.62	0.322454	22.059
26.63	26.62	0.322471	22.159
26.63	26.62	0.322488	22.283
26.63	26.63	0.322504	22.388
26.63	26.63	0.322521	22.487
26.63	26.63	0.322538	22.582
26.63	26.63	0.322554	22.686
26.63	26.63	0.322571	22.781
26.63	26.64	0.322588	22.881
26.63	26.64	0.322604	22.985
26.63	26.64	0.322621	23.080
26.66	26.64	0.322638	23.179
26.66	26.64	0.322654	23.284
26.66	26.65	0.322671	23.378
26.66	26.65	0.322688	23.478
26.66	26.65	0.322704	23.582
26.66	26.65	0.322721	23.677
26.66	26.65	0.322738	23.777
26.66	26.65	0.322754	23.881
26.66	26.65	0.322771	23.976
26.66	26.66	0.322788	24.075
26.66	26.66	0.322804	24.180
26.66	26.66	0.322821	24.274
26.68	26.66	0.322837	24.375
26.68	26.66	0.322854	24.479
26.68	26.66	0.322871	24.574
26.68	26.66	0.322887	24.674
26.68	26.66	0.322904	24.778
26.68	26.66	0.322921	24.873
26.68	26.66	0.322937	24.972
26.68	26.66	0.322954	25.077
26.68	26.66	0.322971	25.171
26.68	26.67	0.322987	25.271
26.68	26.67	0.323004	25.376
26.68	26.67	0.323021	25.470
26.68	26.67	0.323037	25.571
26.68	26.67	0.323054	25.674
26.68	26.67	0.323071	25.769
26.68	26.67	0.323087	25.870
26.68	26.67	0.323104	25.973
26.68	26.67	0.323121	26.068
26.68	26.67	0.323137	26.170
26.68	26.67	0.323154	26.272
26.68	26.67	0.323171	26.366
26.68	26.67	0.323187	26.470
26.68	26.67	0.323204	26.570
26.68	26.66	0.323221	26.665
26.68	26.66	0.323237	26.769
26.66	26.66	0.323254	26.869
26.66	26.66	0.323271	26.964
26.66	26.66	0.323287	27.068
26.66	26.66	0.323304	27.168
26.66	26.66	0.323321	27.262
26.66	26.66	0.323337	27.367
26.66	26.66	0.323354	27.467
26.66	26.66	0.323371	27.562
26.66	26.66	0.323387	27.667
26.66	26.66	0.323404	27.766
26.66	26.66	0.323421	27.861
26.66	26.65	0.323437	27.965
26.66	26.65	0.323454	28.060
26.66	26.65	0.323471	28.159
26.66	26.65	0.323487	28.264
26.66	26.65	0.323504	28.359
26.66	26.65	0.323521	28.460
26.66	26.65	0.323537	28.563
26.66	26.65	0.323554	28.660
26.66	26.64	0.323571	28.760
26.66	26.64	0.323587	28.861
26.66	26.64	0.323604	28.960
26.66	26.64	0.323621	29.059
26.66	26.64	0.323637	29.160
26.66	26.64	0.323654	29.260
26.66	26.63	0.323670	29.360
26.66	26.63	0.323687	29.460
26.66	26.63	0.323704	29.560
26.63	26.63	0.323720	29.660
26.63	26.63	0.323737	29.759
26.63	26.63	0.323754	29.860
26.63	26.62	0.323770	29.959
26.63	26.62	0.323787	30.060
26.63	26.62	0.323804	30.160
26.63	26.62	0.323820	30.260
26.63	26.62	0.323837	30.360
26.63	26.62	0.323854	30.460
26.63	26.61	0.323870	30.560
26.63	26.61	0.323887	30.660
26.63	26.61	0.323904	30.759
26.61	26.61	0.323920	30.860
26.61	26.61	0.323937	30.960
26.61	26.61	0.323954	31.060
26.61	26.60	0.323970	31.160
26.61	26.60	0.323987	31.260
26.61	26.60	0.324004	31.360
26.61	26.60	0.324020	31.460
26.61	26.60	0.324037	31.561
26.61	26.60	0.324054	31.665
26.61	26.59	0.324070	31.761
26.61	26.59	0.324087	31.861
26.61	26.59	0.324104	31.965
26.61	26.59	0.324120	32.061
26.61	26.59	0.324137	32.161
26.58	26.59	0.324154	32.265
26.58	26.58	0.324170	32.360
26.58	26.58	0.324187	32.461
26.58	26.58	0.324204	32.565
26.58	26.58	0.324220	32.661
26.58	26.58	0.324237	32.760
26.58	26.58	0.324254	32.865
26.58	26.58	0.324270	32.961
26.58	26.58	0.324287	33.061
26.58	26.57	0.324304	33.165
26.56	26.57	0.324320	33.260
26.56	26.57	0.324337	33.361
26.56	26.57	0.324354	33.465
26.56	26.57	0.324370	33.561
26.56	26.57	0.324387	33.661
26.56	26.57	0.324404	33.765
26.56	26.57	0.324420	33.861
26.56	26.57	0.324437	33.960
26.56	26.57	0.324454	34.065
26.56	26.57	0.324470	34.160
26.56	26.56	0.324487	34.285
26.56	26.56	0.324503	34.365
26.56	26.56	0.324520	34.489
26.56	26.56	0.324537	34.584
26.56	26.56	0.324553	34.688
26.56	26.56	0.324570	34.788
26.56	26.56	0.324587	34.882
26.56	26.56	0.324603	34.987
26.56	26.56	0.324620	35.086
26.56	26.56	0.324637	35.181
26.56	26.56	0.324653	35.286
26.56	26.56	0.324670	35.385
26.56	26.56	0.324687	35.480
26.56	26.56	0.324703	35.585
26.56	26.56	0.324720	35.685
26.56	26.56	0.324737	35.779
26.56	26.56	0.324753	35.884
26.56	26.56	0.324770	35.979
26.56	26.56	0.324787	36.078
26.56	26.56	0.324803	36.183
26.53	26.57	0.324820	36.277
26.53	26.57	0.324837	36.377
26.53	26.57	0.324853	36.481
26.53	26.57	0.324870	36.576
26.53	26.57	0.324887	36.675
26.53	26.57	0.324903	36.780
26.56	26.57	0.324920	36.875
26.56	26.57	0.324937	36.974
26.56	26.57	0.324953	37.079
26.56	26.57	0.324970	37.173
26.56	26.58	0.324987	37.273
26.56	26.58	0.325003	37.377
26.56	26.58	0.325020	37.472
26.56	26.58	0.325037	37.572
26.56	26.58	0.325053	37.676
26.58	26.58	0.325070	37.771
26.58	26.58	0.325087	37.870
26.58	26.59	0.325103	37.975
26.58	26.59	0.325120	38.070
26.58	26.59	0.325137	38.169
26.58	26.59	0.325153	38.273
26.58	26.59	0.325170	38.369
26.58	26.60	0.325187	38.469
26.58	26.60	0.325203	38.573
26.58	26.60	0.325220	38.668
26.58	26.60	0.325237	38.768
26.58	26.61	0.325253	38.872
26.61	26.61	0.325270	38.966
26.61	26.61	0.325287	39.069
26.61	26.61	0.325303	39.170
26.61	26.62	0.325320	39.265
26.61	26.62	0.325336	39.369
26.61	26.62	0.325353	39.469
26.61	26.62	0.325370	39.564
26.61	26.63	0.325386	39.668
26.61	26.63	0.325403	39.768
26.63	26.63	0.325420	39.862
26.63	26.63	0.325436	39.967
26.63	26.64	0.325453	40.067
26.63	26.64	0.325470	40.161
26.63	26.64	0.325486	40.266
26.63	26.65	0.325503	40.365
26.63	26.65	0.325520	40.461
26.63	26.65	0.325536	40.564
26.63	26.66	0.325553	40.664
26.66	26.66	0.325570	40.761
26.66	26.66	0.325586	40.864
26.66	26.67	0.325603	40.964
26.66	26.67	0.325620	41.061
26.66	26.67	0.325636	41.163
26.66	26.68	0.325653	41.263
26.66	26.68	0.325670	41.361
26.66	26.68	0.325686	41.461
26.68	26.69	0.325703	41.564
26.68	26.69	0.325720	41.661
26.68	26.69	0.325736	41.761
26.68	26.70	0.325753	41.864
26.68	26.70	0.325770	41.961
26.68	26.70	0.325786	42.061
26.71	26.71	0.325803	42.163
26.71	26.71	0.325820	42.261
26.71	26.71	0.325836	42.360
26.71	26.72	0.325853	42.464
26.71	26.72	0.325870	42.561
26.71	26.72	0.325886	42.661
26.71	26.73	0.325903	42.764
26.74	26.73	0.325920	42.861
26.74	26.73	0.325936	42.961
26.74	26.74	0.325953	43.063
26.74	26.74	0.325970	43.161
26.74	26.75	0.325986	43.261
26.74	26.75	0.326003	43.363
26.74	26.75	0.326020	43.461
26.74	26.76	0.326036	43.561
26.76	26.76	0.326053	43.664
26.76	26.76	0.326070	43.760
26.76	26.77	0.326086	43.861
26.76	26.77	0.326103	43.963
26.76	26.77	0.326120	44.061
26.76	26.78	0.326136	44.161
26.76	26.78	0.326153	44.263
26.76	26.78	0.326169	44.361
26.79	26.79	0.326186	44.461
26.79	26.79	0.326203	44.563
26.79	26.79	0.326219	44.660
26.79	26.79	0.326236	44.761
26.79	26.80	0.326253	44.863
26.79	26.80	0.326269	44.961
26.79	26.80	0.326286	45.061
26.81	26.81	0.326303	45.163
26.81	26.81	0.326319	45.261
26.81	26.81	0.326336	45.360
26.81	26.82	0.326353	45.463
26.81	26.82	0.326369	45.560
26.81	26.82	0.326386	45.661
26.81	26.82	0.326403	45.764
26.81	26.83	0.326419	45.861
26.84	26.83	0.326436	45.961
26.84	26.83	0.326453	46.063
26.84	26.83	0.326469	46.161
26.84	26.84	0.326486	46.260
26.84	26.84	0.326503	46.363
26.84	26.84	0.326519	46.461
26.84	26.84	0.326536	46.561
26.84	26.85	0.326553	46.663
26.86	26.85	0.326569	46.790
26.86	26.85	0.326586	46.885
26.86	26.85	0.326603	46.963
26.86	26.85	0.326619	47.089
26.86	26.86	0.326636	47.183
26.86	26.86	0.326653	47.263
26.86	26.86	0.326669	47.387
26.86	26.86	0.326686	47.482
26.86	26.86	0.326703	47.587
26.86	26.86	0.326719	47.686
26.86	26.86	0.326736	47.781
26.86	26.87	0.326753	47.885
26.86	26.87	0.326769	47.986
26.89	26.87	0.326786	48.080
26.89	26.87	0.326803	48.185
26.89	26.87	0.326819	48.284
26.89	26.87	0.326836	48.379
26.89	26.87	0.326853	48.484
26.89	26.87	0.326869	48.583
26.89	26.88	0.326886	48.678
26.89	26.88	0.326903	48.782
26.89	26.88	0.326919	48.877
26.89	26.88	0.326936	48.976
26.89	26.88	0.326953	49.081
26.89	26.88	0.326969	49.176
26.89	26.88	0.326986	49.275
26.89	26.88	0.327002	49.380
26.89	26.88	0.327019	49.474
26.89	26.88	0.327036	49.574
26.89	26.88	0.327052	49.678
26.89	26.88	0.327069	49.773
26.89	26.88	0.327086	49.872
26.89	26.88	0.327102	49.977
26.89	26.88	0.327119	50.072
26.89	26.88	0.327136	50.171
26.89	26.88	0.327152	50.277
26.89	26.88	0.327169	50.371
26.89	26.88	0.327186	50.471
26.89	26.88	0.327202	50.575
26.89	26.88	0.327219	50.670
26.89	26.88	0.327236	50.770
26.89	26.88	0.327252	50.874
26.89	26.88	0.327269	50.969
26.89	26.88	0.327286	51.068
26.89	26.88	0.327302	51.173
26.86	26.87	0.327319	51.267
26.86	26.87	0.327336	51.367
26.86	26.87	0.327352	51.472
26.86	26.87	0.327369	51.566
26.86	26.87	0.327386	51.667
26.86	26.87	0.327402	51.770
26.86	26.87	0.327419	51.865
26.86	26.87	0.327436	51.966
26.86	26.87	0.327452	52.069
26.86	26.87	0.327469	52.163
26.86	26.86	0.327486	52.267
26.86	26.86	0.327502	52.368
26.86	26.86	0.327519	52.462
26.89	26.86	0.327536	52.567
26.89	26.86	0.327552	52.666
26.89	26.86	0.327569	52.761
26.89	26.86	0.327586	52.866
26.89	26.85	0.327602	52.966
26.89	26.85	0.327619	53.060
26.89	26.85	0.327636	53.165
26.89	26.85	0.327652	53.265
26.89	26.85	0.327669	53.361
26.86	26.85	0.327686	53.464
26.86	26.84	0.327702	53.563
26.86	26.84	0.327719	53.661
26.86	26.84	0.327736	53.762
26.86	26.84	0.327752	53.862
26.86	26.84	0.327769	53.961
26.86	26.84	0.327786	54.061
26.86	26.83	0.327802	54.162
26.86	26.83	0.327819	54.261
26.86	26.83	0.327835	54.361
26.84	26.83	0.327852	54.462
26.84	26.83	0.327869	54.561
26.84	26.83	0.327885	54.660
26.84	26.82	0.327902	54.762
26.84	26.82	0.327919	54.861
26.84	26.82	0.327935	54.961
26.84	26.82	0.327952	55.062
26.81	26.82	0.327969	55.161
26.81	26.82	0.327985	55.261
26.81	26.81	0.328002	55.362
26.81	26.81	0.328019	55.461
26.81	26.81	0.328035	55.561
26.81	26.81	0.328052	55.662
26.81	26.81	0.328069	55.760
26.81	26.81	0.328085	55.861
26.81	26.80	0.328102	55.962
26.79	26.80	0.328119	56.060
26.79	26.80	0.328135	56.161
26.79	26.80	0.328152	56.262
26.79	26.80	0.328169	56.361
26.79	26.80	0.328185	56.461
26.79	26.80	0.328202	56.562
26.79	26.79	0.328219	56.661
26.79	26.79	0.328235	56.761
26.79	26.79	0.328252	56.861
26.79	26.79	0.328269	56.961
26.79	26.79	0.328285	57.060
26.79	26.79	0.328302	57.162
26.79	26.79	0.328319	57.261
26.79	26.79	0.328335	57.361
26.79	26.78	0.328352	57.462
26.79	26.78	0.328369	57.561
26.79	26.78	0.328385	57.661
26.79	26.78	0.328402	57.761
26.76	26.78	0.328419	57.861
26.76	26.78	0.328435	57.961
26.76	26.78	0.328452	58.062
26.76	26.78	0.328469	58.161
26.76	26.78	0.328485	58.261
26.76	26.78	0.328502	58.362
26.76	26.78	0.328519	58.461
26.76	26.78	0.328535	58.561
26.76	26.78	0.328552	58.661
26.76	26.78	0.328569	58.761
26.76	26.78	0.328585	58.861
26.76	26.78	0.328602	58.962
26.76	26.78	0.328619	59.061
26.76	26.78	0.328635	59.161
26.76	26.78	0.328652	59.262
26.76	26.78	0.328668	59.360
26.79	26.78	0.328685	59.485
26.79	26.78	0.328702	59.561
26.79	26.78	0.328718	59.689
26.79	26.78	0.328735	59.783
26.79	26.78	0.328752	59.861
26.79	26.78	0.328768	59.988
26.79	26.78	0.328785	00.082
26.79	26.78	0.328802	00.162
26.79	26.78	0.328818	00.286
26.79	26.78	0.328835	00.381
26.79	26.78	0.328852	00.485
26.79	26.78	0.328868	00.585
26.79	26.78	0.328885	00.680
26.79	26.78	0.328902	00.784
26.79	26.78	0.328918	00.884
26.79	26.78	0.328935	00.978
26.79	26.79	0.328952	01.083
26.79	26.79	0.328968	01.182
26.79	26.79	0.328985	01.277
26.79	26.79	0.329002	01.382
26.79	26.79	0.329018	01.482
26.79	26.79	0.329035	01.577
26.79	26.79	0.329052	01.681
26.79	26.80	0.329068	01.776
26.79	26.80	0.329085	01.875
26.76	26.80	0.329102	01.980
26.76	26.80	0.329118	02.074
26.76	26.80	0.329135	02.174
26.76	26.81	0.329152	02.279
26.76	26.81	0.329168	02.373
26.79	26.81	0.329185	02.473
26.79	26.81	0.329202	02.577
26.79	26.81	0.329218	02.672
26.79	26.82	0.329235	02.771
26.79	26.82	0.329252	02.876
26.79	26.82	0.329268	02.970
26.79	26.82	0.329285	03.070
26.79	26.83	0.329302	03.175
26.81	26.83	0.329318	03.269
26.81	26.83	0.329335	03.369
26.81	26.83	0.329352	03.473
26.81	26.84	0.329368	03.568
26.81	26.84	0.329385	03.667
26.84	26.84	0.329402	03.773
26.84	26.85	0.329418	03.868
26.84	26.85	0.329435	03.967
26.84	26.85	0.329452	04.072
26.84	26.85	0.329468	04.166
26.84	26.86	0.329485	04.266
26.84	26.86	0.329501	04.370
26.86	26.86	0.329518	04.465
26.86	26.87	0.329535	04.566
26.86	26.87	0.329551	04.669
26.86	26.87	0.329568	04.764
26.86	26.88	0.329585	04.865
26.86	26.88	0.329601	04.968
26.89	26.88	0.329618	05.062
26.89	26.89	0.329635	05.165
26.89	26.89	0.329651	05.266
26.89	26.89	0.329668	05.362
26.89	26.90	0.329685	05.466
26.89	26.90	0.329701	05.565
26.89	26.90	0.329718	05.662
26.89	26.91	0.329735	05.764
26.89	26.91	0.329751	05.864
26.92	26.91	0.329768	05.961
26.92	26.92	0.329785	06.063
26.92	26.92	0.329801	06.163
26.92	26.92	0.329818	06.262
26.92	26.93	0.329835	06.362
26.92	26.93	0.329851	06.462
26.92	26.93	0.329868	06.562
26.92	26.94	0.329885	06.661
26.92	26.94	0.329901	06.762
26.94	26.94	0.329918	06.861
26.94	26.95	0.329935	06.962
26.94	26.95	0.329951	07.062
26.94	26.96	0.329968	07.162
26.94	26.96	0.329985	07.262
26.94	26.96	0.330001	07.362
26.97	26.97	0.330018	07.462
26.97	26.97	0.330035	07.561
26.97	26.97	0.330051	07.662
26.97	26.98	0.330068	07.761
26.97	26.98	0.330085	07.862
26.97	26.98	0.330101	07.962
26.99	26.99	0.330118	08.062
26.99	26.99	0.330135	08.162
26.99	26.99	0.330151	08.262
26.99	27.00	0.330168	08.361
26.99	27.00	0.330185	08.461
26.99	27.00	0.330201	08.562
26.99	27.01	0.330218	08.662
26.99	27.01	0.330235	08.762
27.02	27.01	0.330251	08.862
27.02	27.01	0.330268	08.962
27.02	27.02	0.330285	09.062
27.02	27.02	0.330301	09.161
27.02	27.02	0.330318	09.262
27.02	27.03	0.330334	09.361
27.02	27.03	0.330351	09.462
27.04	27.03	0.330368	09.562
27.04	27.03	0.330384	09.662
27.04	27.04	0.330401	09.762
27.04	27.04	0.330418	09.862
27.04	27.04	0.330434	09.962
27.04	27.04	0.330451	10.061
27.04	27.05	0.330468	10.162
27.04	27.05	0.330484	10.262
27.04	27.05	0.330501	10.362
27.04	27.05	0.330518	10.462
27.07	27.06	0.330534	10.562
27.07	27.06	0.330551	10.662
27.07	27.06	0.330568	10.761
27.07	27.06	0.330584	10.862
27.07	27.06	0.330601	10.961
27.07	27.07	0.330618	11.062
27.07	27.07	0.330634	11.162
27.07	27.07	0.330651	11.262
27.07	27.07	0.330668	11.362
27.09	27.07	0.330684	11.462
27.09	27.08	0.330701	11.562
27.09	27.08	0.330718	11.661
27.09	27.08	0.330734	11.786
27.09	27.08	0.330751	11.885
27.09	27.08	0.330768	11.990
27.09	27.08	0.330784	12.085
27.09	27.08	0.330801	12.185
27.09	27.08	0.330818	12.289
27.09	27.09	0.330834	12.383
27.09	27.09	0.330851	12.485
27.09	27.09	0.330868	12.587
27.09	27.09	0.330884	12.682
27.09	27.09	0.330901	12.784
27.09	27.09	0.330918	12.886
27.09	27.09	0.330934	12.981
27.09	27.09	0.330951	13.084
27.12	27.09	0.330968	13.185
27.12	27.09	0.330984	13.279
27.12	27.09	0.331001	13.384
27.12	27.09	0.331018	13.484
27.12	27.09	0.331034	13.579
27.12	27.09	0.331051	13.683
27.12	27.09	0.331068	13.783
27.12	27.09	0.331084	13.878
27.12	27.09	0.331101	13.982
27.12	27.09	0.331118	14.082
27.12	27.09	0.331134	14.176
27.12	27.09	0.331151	14.281
27.09	27.09	0.331167	14.380
27.09	27.09	0.331184	14.475
27.09	27.09	0.331201	14.580
27.09	27.09	0.331217	14.674
27.09	27.09	0.331234	14.774
27.09	27.09	0.331251	14.878
27.09	27.09	0.331267	14.973
27.09	27.09	0.331284	15.072
27.09	27.09	0.331301	15.177
27.09	27.09	0.331317	15.272
27.09	27.09	0.331334	15.371
27.09	27.09	0.331351	15.476
27.09	27.08	0.331367	15.570
27.09	27.08	0.331384	15.670
27.09	27.08	0.331401	15.774
27.09	27.08	0.331417	15.869
27.09	27.08	0.331434	15.969
27.09	27.08	0.331451	16.074
27.09	27.08	0.331467	16.169
27.09	27.08	0.331484	16.268
27.09	27.08	0.331501	16.373
27.09	27.07	0.331517	16.467
27.09	27.07	0.331534	16.567
27.09	27.07	0.331551	16.671
27.09	27.07	0.331567	16.766
27.09	27.07	0.331584	16.866
27.07	27.07	0.331601	16.970
27.07	27.07	0.331617	17.065
27.07	27.06	0.331634	17.164
27.07	27.06	0.331651	17.269
27.07	27.06	0.331667	17.363
27.07	27.06	0.331684	17.464
27.07	27.06	0.331701	17.567
27.07	27.06	0.331717	17.663
27.07	27.05	0.331734	17.765
27.07	27.05	0.331751	17.866
27.07	27.05	0.331767	17.963
27.07	27.05	0.331784	18.064
27.07	27.05	0.331801	18.165
27.07	27.05	0.331817	18.262
27.07	27.04	0.331834	18.364
27.07	27.04	0.331851	18.464
27.04	27.04	0.331867	18.563
27.04	27.04	0.331884	18.663
27.04	27.04	0.331901	18.763
27.04	27.04	0.331917	18.863
27.04	27.03	0.331934	18.962
27.04	27.03	0.331951	19.063
27.04	27.03	0.331967	19.162
27.04	27.03	0.331984	19.263
27.04	27.03	0.332000	19.363
27.02	27.03	0.332017	19.463
27.02	27.02	0.332034	19.563
27.02	27.02	0.332050	19.663
27.02	27.02	0.332067	19.763
27.02	27.02	0.332084	19.862
27.02	27.02	0.332100	19.963
27.02	27.02	0.332117	20.063
27.02	27.01	0.332134	20.163
27.02	27.01	0.332150	20.263
27.02	27.01	0.332167	20.363
27.02	27.01	0.332184	20.463
26.99	27.01	0.332200	20.563
26.99	27.01	0.332217	20.663
26.99	27.01	0.332234	20.762
26.99	27.00	0.332250	20.863
26.99	27.00	0.332267	20.963
26.99	27.00	0.332284	21.063
26.99	27.00	0.332300	21.163
26.99	27.00	0.332317	21.263
26.99	27.00	0.332334	21.363
26.99	27.00	0.332350	21.462
26.99	27.00	0.332367	21.563
26.99	27.00	0.332384	21.662
26.99	27.00	0.332400	21.762
26.99	26.99	0.332417	21.863
26.99	26.99	0.332434	21.963
26.99	26.99	0.332450	22.063
26.99	26.99	0.332467	22.163
26.99	26.99	0.332484	22.263
26.99	26.99	0.332500	22.362
26.99	26.99	0.332517	22.463
26.99	26.99	0.332534	22.563
26.99	26.99	0.332550	22.663
26.99	26.99	0.332567	22.763
26.99	26.99	0.332584	22.863
26.99	26.99	0.332600	22.963
26.99	26.99	0.332617	23.062
26.99	26.99	0.332634	23.163
26.99	26.99	0.332650	23.262
26.99	26.99	0.332667	23.363
26.99	26.99	0.332684	23.463
26.99	26.99	0.332700	23.563
26.99	26.99	0.332717	23.663
26.99	26.99	0.332734	23.763
26.99	26.99	0.332750	23.863
26.99	26.99	0.332767	23.962
26.99	26.99	0.332784	24.087
26.99	26.99	0.332800	24.186
26.99	26.99	0.332817	24.291
26.99	26.99	0.332833	24.385
26.99	26.99	0.332850	24.485
26.99	26.99	0.332867	24.590
26.99	27.00	0.332883	24.684
26.99	27.00	0.332900	24.784
26.97	27.00	0.332917	24.888
26.97	27.00	0.332933	24.983
26.97	27.00	0.332950	25.083
26.97	27.00	0.332967	25.187
26.99	27.00	0.332983	25.282
26.99	27.00	0.333000	25.383
26.99	27.00	0.333017	25.486
26.99	27.01	0.333033	25.580
26.99	27.01	0.333050	25.683
26.99	27.01	0.333067	25.784
26.99	27.01	0.333083	25.879
26.99	27.01	0.333100	25.983
26.99	27.02	0.333117	26.084
26.99	27.02	0.333133	26.179
26.99	27.02	0.333150	26.283
26.99	27.02	0.333167	26.383
27.02	27.02	0.333183	26.477
27.02	27.03	0.333200	26.582
27.02	27.03	0.333217	26.681
27.02	27.03	0.333233	26.776
27.02	27.03	0.333250	26.881
27.02	27.03	0.333267	26.980
27.02	27.04	0.333283	27.075
27.02	27.04	0.333300	27.179
27.02	27.04	0.333317	27.279
27.02	27.04	0.333333	27.373
27.04	27.05	0.333350	27.478
27.04	27.05	0.333367	27.572
27.04	27.05	0.333383	27.672
27.04	27.06	0.333400	27.777
27.04	27.06	0.333417	27.871
27.04	27.06	0.333433	27.971
27.04	27.06	0.333450	28.075
27.04	27.07	0.333467	28.170
27.04	27.07	0.333483	28.269
27.07	27.07	0.333500	28.375
27.07	27.08	0.333517	28.470
27.07	27.08	0.333533	28.569
27.07	27.08	0.333550	28.674
27.07	27.09	0.333567	28.768
27.07	27.09	0.333583	28.868
27.07	27.09	0.333600	28.972
27.07	27.10	0.333617	29.067
27.09	27.10	0.333633	29.166
27.09	27.10	0.333650	29.271
27.09	27.11	0.333666	29.366
27.09	27.11	0.333683	29.465
27.09	27.11	0.333700	29.570
27.09	27.12	0.333716	29.665
27.12	27.12	0.333733	29.765
27.12	27.12	0.333750	29.868
27.12	27.13	0.333766	29.965
27.12	27.13	0.333783	30.065
27.12	27.13	0.333800	30.167
27.12	27.14	0.333816	30.265
27.15	27.14	0.333833	30.365
27.15	27.14	0.333850	30.466
27.15	27.15	0.333866	30.565
27.15	27.15	0.333883	30.665
27.15	27.15	0.333900	30.764
27.15	27.16	0.333916	30.865
27.15	27.16	0.333933	30.965
27.15	27.17	0.333950	31.065
27.17	27.17	0.333966	31.165
27.17	27.17	0.333983	31.265
27.17	27.18	0.334000	31.365
27.17	27.18	0.334016	31.464
27.17	27.18	0.334033	31.565
27.17	27.19	0.334050	31.664
27.17	27.19	0.334066	31.765
27.17	27.19	0.334083	31.865
27.17	27.20	0.334100	31.965
27.20	27.20	0.334116	32.065
27.20	27.20	0.334133	32.165
27.20	27.21	0.334150	32.265
27.20	27.21	0.334166	32.364
27.20	27.21	0.334183	32.465
27.20	27.22	0.334200	32.565
27.22	27.22	0.334216	32.665
27.22	27.22	0.334233	32.765
27.22	27.22	0.334250	32.865
27.22	27.23	0.334266	32.965
27.22	27.23	0.334283	33.064
27.22	27.23	0.334300	33.165
27.22	27.24	0.334316	33.264
27.25	27.24	0.334333	33.365
27.25	27.24	0.334350	33.465
27.25	27.24	0.334366	33.565
27.25	27.25	0.334383	33.665
27.25	27.25	0.334400	33.764
27.25	27.25	0.334416	33.865
27.25	27.26	0.334433	33.964
27.25	27.26	0.334450	34.065
27.27	27.26	0.334466	34.164
27.27	27.26	0.334483	34.265
27.27	27.27	0.334499	34.365
27.27	27.27	0.334516	34.465
27.27	27.27	0.334533	34.565
27.27	27.27	0.334549	34.665
27.27	27.27	0.334566	34.765
27.27	27.28	0.334583	34.864
27.27	27.28	0.334599	34.965
27.30	27.28	0.334616	35.066
27.30	27.28	0.334633	35.166
27.30	27.28	0.334649	35.266
27.30	27.29	0.334666	35.366
27.30	27.29	0.334683	35.466
27.30	27.29	0.334699	35.565
27.30	27.29	0.334716	35.666
27.30	27.29	0.334733	35.766
27.30	27.29	0.334749	35.890
27.30	27.29	0.334766	35.995
27.30	27.30	0.334783	36.089
27.30	27.30	0.334799	36.189
27.30	27.30	0.334816	36.293
27.30	27.30	0.334833	36.388
27.30	27.30	0.334849	36.487
27.30	27.30	0.334866	36.592
27.30	27.30	0.334883	36.686
27.30	27.30	0.334899	36.786
27.30	27.30	0.334916	36.891
27.30	27.30	0.334933	36.985
27.33	27.30	0.334949	37.085
27.33	27.30	0.334966	37.189
27.33	27.31	0.334983	37.284
27.33	27.31	0.334999	37.383
27.33	27.31	0.335016	37.488
27.33	27.31	0.335033	37.583
27.33	27.31	0.335049	37.682
27.33	27.31	0.335066	37.787
27.33	27.31	0.335083	37.881
27.33	27.31	0.335099	37.982
27.33	27.31	0.335116	38.086
27.33	27.31	0.335133	38.181
27.33	27.31	0.335149	38.281
27.33	27.31	0.335166	38.385
27.33	27.31	0.335183	38.480
27.33	27.31	0.335199	38.582
27.33	27.30	0.335216	38.684
27.33	27.30	0.335233	38.778
27.30	27.30	0.335249	38.882
27.30	27.30	0.335266	38.982
27.30	27.30	0.335283	39.077
27.30	27.30	0.335299	39.181
27.30	27.30	0.335316	39.281
27.30	27.30	0.335332	39.376
27.30	27.30	0.335349	39.480
27.30	27.30	0.335366	39.580
27.30	27.30	0.335382	39.674
27.30	27.30	0.335399	39.779
27.30	27.30	0.335416	39.878
27.30	27.29	0.335432	39.973
27.30	27.29	0.335449	40.078
27.30	27.29	0.335466	40.177
27.30	27.29	0.335482	40.272
27.30	27.29	0.335499	40.377
27.30	27.29	0.335516	40.472
27.30	27.29	0.335532	40.571
27.30	27.29	0.335549	40.676
27.30	27.28	0.335566	40.771
27.30	27.28	0.335582	40.870
27.30	27.28	0.335599	40.975
27.30	27.28	0.335616	41.069
27.30	27.28	0.335632	41.169
27.30	27.28	0.335649	41.273
27.30	27.27	0.335666	41.368
27.30	27.27	0.335682	41.467
27.27	27.27	0.335699	41.572
27.27	27.27	0.335716	41.667
27.27	27.27	0.335732	41.767
27.27	27.27	0.335749	41.871
27.27	27.26	0.335766	41.967
27.27	27.26	0.335782	42.067
27.27	27.26	0.335799	42.169
27.27	27.26	0.335816	42.267
27.27	27.26	0.335832	42.367
27.27	27.26	0.335849	42.468
27.27	27.25	0.335866	42.567
27.27	27.25	0.335882	42.667
27.25	27.25	0.335899	42.767
27.25	27.25	0.335916	42.867
27.25	27.25	0.335932	42.967
27.25	27.25	0.335949	43.066
27.25	27.24	0.335966	43.167
27.25	27.24	0.335982	43.267
27.25	27.24	0.335999	43.366
27.25	27.24	0.336016	43.466
27.25	27.24	0.336032	43.567
27.25	27.24	0.336049	43.667
27.25	27.23	0.336066	43.766
27.25	27.23	0.336082	43.867
27.25	27.23	0.336099	43.966
27.25	27.23	0.336116	44.067
27.22	27.23	0.336132	44.167
27.22	27.23	0.336149	44.267
27.22	27.22	0.336165	44.367
27.22	27.22	0.336182	44.467
27.22	27.22	0.336199	44.567
27.22	27.22	0.336215	44.666
27.22	27.22	0.336232	44.767
27.22	27.22	0.336249	44.866
27.22	27.22	0.336265	44.967
27.22	27.22	0.336282	45.067
27.22	27.21	0.336299	45.167
27.22	27.21	0.336315	45.267
27.22	27.21	0.336332	45.366
27.22	27.21	0.336349	45.467
27.20	27.21	0.336365	45.566
27.20	27.21	0.336382	45.667
27.20	27.21	0.336399	45.767
27.20	27.21	0.336415	45.867
27.20	27.21	0.336432	45.967
27.20	27.21	0.336449	46.067
27.20	27.21	0.336465	46.167
27.20	27.20	0.336482	46.266
27.20	27.20	0.336499	46.367
27.20	27.20	0.336515	46.466
27.20	27.20	0.336532	46.567
27.20	27.20	0.336549	46.667
27.20	27.20	0.336565	46.767
27.20	27.20	0.336582	46.867
27.20	27.20	0.336599	46.967
27.17	27.20	0.336615	47.067
27.17	27.20	0.336632	47.166
27.17	27.20	0.336649	47.267
27.17	27.20	0.336665	47.366
27.17	27.20	0.336682	47.467
27.17	27.20	0.336699	47.567
27.17	27.20	0.336715	47.667
27.17	27.20	0.336732	47.767
27.17	27.20	0.336749	47.892
27.20	27.20	0.336765	47.997
27.20	27.20	0.336782	48.091
27.20	27.20	0.336799	48.191
27.20	27.21	0.336815	48.295
27.20	27.21	0.336832	48.390
27.20	27.21	0.336849	48.490
27.20	27.21	0.336865	48.594
27.20	27.21	0.336882	48.689
27.20	27.21	0.336899	48.788
27.20	27.21	0.336915	48.893
27.20	27.21	0.336932	48.987
27.20	27.21	0.336949	49.087
27.20	27.21	0.336965	49.191
27.20	27.22	0.336982	49.286
27.22	27.22	0.336998	49.386
27.22	27.22	0.337015	49.490
27.22	27.22	0.337032	49.585
27.22	27.22	0.337048	49.684
27.22	27.22	0.337065	49.789
27.22	27.22	0.337082	49.883
27.22	27.23	0.337098	49.983
27.22	27.23	0.337115	50.087
27.22	27.23	0.337132	50.182
27.22	27.23	0.337148	50.282
27.22	27.23	0.337165	50.387
27.22	27.24	0.337182	50.482
27.22	27.24	0.337198	50.581
27.22	27.24	0.337215	50.686
27.22	27.24	0.337232	50.780
27.22	27.25	0.337248	50.880
27.22	27.25	0.337265	50.985
27.25	27.25	0.337282	51.079
27.25	27.25	0.337298	51.181
27.25	27.26	0.337315	51.283
27.25	27.26	0.337332	51.378
27.25	27.26	0.337348	51.480
27.25	27.26	0.337365	51.582
27.25	27.27	0.337382	51.676
27.25	27.27	0.337398	51.780
27.25	27.27	0.337415	51.881
27.27	27.27	0.337432	51.975
27.27	27.28	0.337448	52.080
27.27	27.28	0.337465	52.179
27.27	27.28	0.337482	52.274
27.27	27.29	0.337498	52.378
27.27	27.29	0.337515	52.478
27.27	27.29	0.337532	52.573
27.30	27.30	0.337548	52.677
27.30	27.30	0.337565	52.777
27.30	27.30	0.337582	52.872
27.30	27.31	0.337598	52.977
27.30	27.31	0.337615	53.076
27.30	27.31	0.337632	53.171
27.30	27.32	0.337648	53.275
27.30	27.32	0.337665	53.370
27.33	27.32	0.337682	53.470
27.33	27.33	0.337698	53.574
27.33	27.33	0.337715	53.669
27.33	27.33	0.337732	53.768
27.33	27.34	0.337748	53.873
27.33	27.34	0.337765	53.967
27.33	27.34	0.337782	54.068
27.33	27.35	0.337798	54.172
27.33	27.35	0.337815	54.268
27.35	27.35	0.337831	54.368
27.35	27.36	0.337848	54.470
27.35	27.36	0.337865	54.568
27.35	27.36	0.337881	54.668
27.35	27.37	0.337898	54.769
27.35	27.37	0.337915	54.868
27.35	27.37	0.337931	54.969
27.35	27.38	0.337948	55.069
27.35	27.38	0.337965	55.169
27.38	27.39	0.337981	55.269
27.38	27.39	0.337998	55.369
27.38	27.39	0.338015	55.469
27.38	27.40	0.338031	55.568
27.38	27.40	0.338048	55.669
27.38	27.40	0.338065	55.768
27.40	27.41	0.338081	55.869
27.40	27.41	0.338098	55.969
27.40	27.41	0.338115	56.069
27.40	27.42	0.338131	56.169
27.40	27.42	0.338148	56.268
27.43	27.42	0.338165	56.369
27.43	27.43	0.338181	56.468
27.43	27.43	0.338198	56.569
27.43	27.43	0.338215	56.669
27.43	27.43	0.338231	56.769
27.43	27.44	0.338248	56.869
27.45	27.44	0.338265	56.969
27.45	27.44	0.338281	57.069
27.45	27.45	0.338298	57.168
27.45	27.45	0.338315	57.269
27.45	27.45	0.338331	57.369
27.45	27.46	0.338348	57.469
27.45	27.46	0.338365	57.569
27.45	27.46	0.338381	57.669
27.48	27.46	0.338398	57.769
27.48	27.47	0.338415	57.869
27.48	27.47	0.338431	57.969
27.48	27.47	0.338448	58.068
27.48	27.47	0.338465	58.169
27.48	27.48	0.338481	58.269
27.48	27.48	0.338498	58.369
27.48	27.48	0.338515	58.469
27.48	27.48	0.338531	58.569
27.48	27.49	0.338548	58.669
27.50	27.49	0.338565	58.769
27.50	27.49	0.338581	58.870
27.50	27.49	0.338598	58.970
27.50	27.49	0.338615	59.070
27.50	27.50	0.338631	59.170
27.50	27.50	0.338648	59.270
27.50	27.50	0.338664	59.375
27.50	27.50	0.338681	59.470
27.50	27.50	0.338698	59.569
27.50	27.50	0.338714	59.670
27.50	27.50	0.338731	59.769
27.53	27.51	0.338748	59.894
27.53	27.51	0.338764	59.969
27.53	27.51	0.338781	00.098
27.53	27.51	0.338798	00.193
27.53	27.51	0.338814	00.297
27.53	27.51	0.338831	00.397
27.53	27.51	0.338848	00.491
27.53	27.51	0.338864	00.596
27.53	27.52	0.338881	00.696
27.53	27.52	0.338898	00.790
27.53	27.52	0.338914	00.895
27.53	27.52	0.338931	00.994
27.53	27.52	0.338948	01.090
27.53	27.52	0.338964	01.194
27.53	27.52	0.338981	01.289
27.53	27.52	0.338998	01.388
27.53	27.52	0.339014	01.493
27.53	27.52	0.339031	01.587
27.53	27.52	0.339048	01.687
27.53	27.52	0.339064	01.792
27.53	27.52	0.339081	01.886
27.53	27.52	0.339098	01.986
27.53	27.52	0.339114	02.090
27.53	27.52	0.339131	02.185
27.53	27.52	0.339148	02.284
27.53	27.52	0.339164	02.389
27.53	27.52	0.339181	02.484
27.53	27.52	0.339198	02.583
27.53	27.52	0.339214	02.688
27.50	27.52	0.339231	02.782
27.50	27.52	0.339248	02.882
27.50	27.52	0.339264	02.986
27.50	27.52	0.339281	03.081
27.50	27.52	0.339298	03.180
27.50	27.51	0.339314	03.285
27.50	27.51	0.339331	03.380
27.50	27.51	0.339348	03.479
27.53	27.51	0.339364	03.585
27.53	27.51	0.339381	03.679
27.53	27.51	0.339398	03.779
27.53	27.51	0.339414	03.883
27.53	27.51	0.339431	03.978
27.53	27.51	0.339448	04.079
27.53	27.51	0.339464	04.182
27.53	27.50	0.339481	04.277
27.53	27.50	0.339497	04.379
27.53	27.50	0.339514	04.481
27.53	27.50	0.339531	04.575
27.53	27.50	0.339547	04.679
27.53	27.50	0.339564	04.779
27.53	27.50	0.339581	04.874
27.53	27.49	0.339597	04.979
27.53	27.49	0.339614	05.078
27.50	27.49	0.339631	05.173
27.50	27.49	0.339647	05.277
27.50	27.49	0.339664	05.377
27.50	27.49	0.339681	05.471
27.50	27.48	0.339697	05.576
27.50	27.48	0.339714	05.676
27.50	27.48	0.339731	05.772
27.50	27.48	0.339747	05.875
27.48	27.48	0.339764	05.974
27.48	27.48	0.339781	06.072
27.48	27.47	0.339797	06.174
27.48	27.47	0.339814	06.274
27.48	27.47	0.339831	06.372
27.48	27.47	0.339847	06.473
27.48	27.47	0.339864	06.574
27.48	27.47	0.339881	06.672
27.48	27.46	0.339897	06.772
27.45	27.46	0.339914	06.874
27.45	27.46	0.339931	06.972
27.45	27.46	0.339947	07.071
27.45	27.46	0.339964	07.174
27.45	27.46	0.339981	07.271
27.45	27.45	0.339997	07.372
27.45	27.45	0.340014	07.474
27.45	27.45	0.340031	07.572
27.45	27.45	0.340047	07.672
27.45	27.45	0.340064	07.774
27.45	27.45	0.340081	07.872
27.45	27.44	0.340097	07.971
27.45	27.44	0.340114	08.074
27.45	27.44	0.340131	08.172
27.45	27.44	0.340147	08.272
27.45	27.44	0.340164	08.374
27.43	27.44	0.340181	08.471
27.43	27.44	0.340197	08.572
27.43	27.43	0.340214	08.673
27.43	27.43	0.340231	08.771
27.43	27.43	0.340247	08.872
27.43	27.43	0.340264	08.974
27.43	27.43	0.340281	09.072
27.43	27.43	0.340297	09.172
27.43	27.43	0.340314	09.274
27.43	27.43	0.340330	09.371
27.43	27.42	0.340347	09.472
27.43	27.42	0.340364	09.573
27.43	27.42	0.340380	09.672
27.43	27.42	0.340397	09.772
27.43	27.42	0.340414	09.873
27.43	27.42	0.340430	09.972
27.43	27.42	0.340447	10.072
27.43	27.42	0.340464	10.174
27.40	27.42	0.340480	10.271
27.40	27.42	0.340497	10.372
27.40	27.42	0.340514	10.474
27.40	27.42	0.340530	10.572
27.40	27.42	0.340547	10.672
27.40	27.42	0.340564	10.773
27.40	27.42	0.340580	10.872
27.40	27.42	0.340597	10.971
27.40	27.42	0.340614	11.074
27.40	27.42	0.340630	11.171
27.40	27.42	0.340647	11.272
27.40	27.42	0.340664	11.374
27.40	27.42	0.340680	11.472
27.40	27.42	0.340697	11.572
27.40	27.42	0.340714	11.673
27.40	27.42	0.340730	11.772
27.40	27.42	0.340747	11.871
27.40	27.42	0.340764	11.973
27.43	27.42	0.340780	12.100
27.43	27.42	0.340797	12.195
27.43	27.42	0.340814	12.274
27.43	27.42	0.340830	12.399
27.43	27.42	0.340847	12.494
27.43	27.42	0.340864	12.573
27.43	27.42	0.340880	12.698
27.43	27.42	0.340897	12.792
27.43	27.42	0.340914	12.897
27.43	27.42	0.340930	12.996
27.43	27.43	0.340947	13.091
27.43	27.43	0.340964	13.196
27.43	27.43	0.340980	13.295
27.43	27.43	0.340997	13.390
27.43	27.43	0.341014	13.495
27.43	27.43	0.341030	13.595
27.43	27.43	0.341047	13.688
27.43	27.44	0.341064	13.794
27.43	27.44	0.341080	13.893
27.43	27.44	0.341097	13.988
27.43	27.44	0.341114	14.093
27.43	27.44	0.341130	14.187
27.43	27.45	0.341147	14.287
27.43	27.45	0.341163	14.391
27.43	27.45	0.341180	14.486
27.43	27.45	0.341197	14.585
27.43	27.45	0.341213	14.690
27.43	27.46	0.341230	14.785
27.43	27.46	0.341247	14.884
27.43	27.46	0.341263	14.989
27.43	27.46	0.341280	15.083
27.43	27.47	0.341297	15.183
27.43	27.47	0.341313	15.287
27.45	27.47	0.341330	15.382
27.45	27.47	0.341347	15.482
27.45	27.48	0.341363	15.586
27.45	27.48	0.341380	15.681
27.45	27.48	0.341397	15.780
27.45	27.49	0.341413	15.885
27.48	27.49	0.341430	15.979
27.48	27.49	0.341447	16.079
27.48	27.49	0.341463	16.183
27.48	27.50	0.341480	16.279
27.48	27.50	0.341497	16.379
27.48	27.50	0.341513	16.483
27.50	27.51	0.341530	16.578
27.50	27.51	0.341547	16.677
27.50	27.51	0.341563	16.782
27.50	27.52	0.341580	16.876
27.50	27.52	0.341597	16.977
27.50	27.52	0.341613	17.081
27.53	27.53	0.341630	17.175
27.53	27.53	0.341647	17.278
27.53	27.53	0.341663	17.379
27.53	27.54	0.341680	17.474
27.53	27.54	0.341697	17.577
27.53	27.54	0.341713	17.678
27.53	27.55	0.341730	17.773
27.53	27.55	0.341747	17.877
27.56	27.55	0.341763	17.977
27.56	27.56	0.341780	18.073
27.56	27.56	0.341797	18.176
27.56	27.56	0.341813	18.275
27.56	27.57	0.341830	18.373
27.56	27.57	0.341847	18.474
27.56	27.57	0.341863	18.574
27.56	27.58	0.341880	18.673
27.56	27.58	0.341897	18.773
27.58	27.58	0.341913	18.873
27.58	27.59	0.341930	18.973
27.58	27.59	0.341947	19.073
27.58	27.60	0.341963	19.172
27.58	27.60	0.341980	19.273
27.58	27.60	0.341996	19.372
27.58	27.61	0.342013	19.473
27.61	27.61	0.342030	19.573
27.61	27.61	0.342046	19.673
27.61	27.62	0.342063	19.773
27.61	27.62	0.342080	19.873
27.61	27.62	0.342096	19.973
27.61	27.63	0.342113	20.072
27.63	27.63	0.342130	20.172
27.63	27.63	0.342146	20.272
27.63	27.64	0.342163	20.372
27.63	27.64	0.342180	20.472
27.63	27.64	0.342196	20.572
27.63	27.65	0.342213	20.672
27.66	27.65	0.342230	20.771
27.66	27.65	0.342246	20.872
27.66	27.65	0.342263	20.973
27.66	27.66	0.342280	21.072
27.66	27.66	0.342296	21.172
27.66	27.66	0.342313	21.272
27.66	27.67	0.342330	21.373
27.66	27.67	0.342346	21.472
27.68	27.67	0.342363	21.573
27.68	27.67	0.342380	21.672
27.68	27.68	0.342396	21.773
27.68	27.68	0.342413	21.873
27.68	27.68	0.342430	21.973
27.68	27.68	0.342446	22.073
27.68	27.69	0.342463	22.173
27.68	27.69	0.342480	22.273
27.71	27.69	0.342496	22.372
27.71	27.69	0.342513	22.472
27.71	27.70	0.342530	22.573
27.71	27.70	0.342546	22.673
27.71	27.70	0.342563	22.773
27.71	27.70	0.342580	22.873
27.71	27.70	0.342596	22.973
27.71	27.71	0.342613	23.073
27.71	27.71	0.342630	23.173
27.71	27.71	0.342646	23.272
27.71	27.71	0.342663	23.373
27.71	27.71	0.342680	23.473
27.71	27.72	0.342696	23.573
27.71	27.72	0.342713	23.674
27.74	27.72	0.342730	23.774
27.74	27.72	0.342746	23.874
27.74	27.72	0.342763	23.973
27.74	27.72	0.342780	24.103
27.74	27.72	0.342796	24.197
27.74	27.72	0.342813	24.297
27.74	27.73	0.342829	24.401
27.74	27.73	0.342846	24.496
27.74	27.73	0.342863	24.597
27.74	27.73	0.342879	24.700
27.74	27.73	0.342896	24.795
27.74	27.73	0.342913	24.896
27.74	27.73	0.342929	24.999
27.74	27.73	0.342946	25.093
27.74	27.73	0.342963	25.197
27.74	27.73	0.342979	25.298
27.74	27.73	0.342996	25.392
27.74	27.73	0.343013	25.497
27.74	27.73	0.343029	25.596
27.74	27.73	0.343046	25.691
27.74	27.73	0.343063	25.795
27.74	27.73	0.343079	25.895
27.74	27.73	0.343096	25.990
27.74	27.73	0.343113	26.094
27.74	27.73	0.343129	26.194
27.74	27.73	0.343146	26.288
27.74	27.73	0.343163	26.394
27.74	27.73	0.343179	26.493
27.74	27.73	0.343196	26.588
27.74	27.73	0.343213	26.692
27.74	27.73	0.343229	26.792
27.74	27.73	0.343246	26.887
27.74	27.73	0.343263	26.991
27.74	27.73	0.343279	27.086
27.74	27.73	0.343296	27.185
27.74	27.73	0.343313	27.290
27.74	27.73	0.343329	27.384
27.71	27.73	0.343346	27.484
27.71	27.72	0.343363	27.589
27.71	27.72	0.343379	27.683
27.71	27.72	0.343396	27.783
27.71	27.72	0.343413	27.887
27.71	27.72	0.343429	27.982
27.71	27.72	0.343446	28.081
27.71	27.72	0.343463	28.186
27.71	27.72	0.343479	28.280
27.71	27.72	0.343496	28.380
27.71	27.71	0.343513	28.485
27.74	27.71	0.343529	28.580
27.74	27.71	0.343546	28.680
27.74	27.71	0.343563	28.784
27.74	27.71	0.343579	28.879
27.74	27.71	0.343596	28.978
27.74	27.71	0.343613	29.083
27.74	27.70	0.343629	29.178
27.74	27.70	0.343646	29.277
27.74	27.70	0.343662	29.382
27.74	27.70	0.343679	29.476
27.71	27.70	0.343696	29.576
27.71	27.70	0.343712	29.680
27.71	27.69	0.343729	29.775
27.71	27.69	0.343746	29.876
27.71	27.69	0.343762	29.979
27.71	27.69	0.343779	30.076
27.71	27.69	0.343796	30.176
27.71	27.69	0.343812	30.278
27.68	27.68	0.343829	30.376
27.68	27.68	0.343846	30.476
27.68	27.68	0.343862	30.576
27.68	27.68	0.343879	30.676
27.68	27.68	0.343896	30.776
27.68	27.68	0.343912	30.876
27.68	27.67	0.343929	30.976
27.68	27.67	0.343946	31.076
27.66	27.67	0.343962	31.176
27.66	27.67	0.343979	31.275
27.66	27.67	0.343996	31.376
27.66	27.67	0.344012	31.475
27.66	27.66	0.344029	31.576
27.66	27.66	0.344046	31.676
27.66	27.66	0.344062	31.776
27.66	27.66	0.344079	31.876
27.66	27.66	0.344096	31.976
27.66	27.66	0.344112	32.075
27.66	27.65	0.344129	32.176
27.66	27.65	0.344146	32.275
27.66	27.65	0.344162	32.376
27.66	27.65	0.344179	32.476
27.66	27.65	0.344196	32.576
27.66	27.65	0.344212	32.677
27.66	27.65	0.344229	32.777
27.66	27.64	0.344246	32.877
27.63	27.64	0.344262	32.976
27.63	27.64	0.344279	33.077
27.63	27.64	0.344296	33.176
27.63	27.64	0.344312	33.277
27.63	27.64	0.344329	33.377
27.63	27.64	0.344346	33.477
27.63	27.64	0.344362	33.577
27.63	27.64	0.344379	33.677
27.63	27.64	0.344396	33.777
27.63	27.63	0.344412	33.876
27.63	27.63	0.344429	33.977
27.63	27.63	0.344446	34.077
27.63	27.63	0.344462	34.177
27.63	27.63	0.344479	34.277
27.63	27.63	0.344495	34.377
27.63	27.63	0.344512	34.477
27.63	27.63	0.344529	34.576
27.63	27.63	0.344545	34.678
27.63	27.63	0.344562	34.777
27.63	27.63	0.344579	34.878
27.63	27.63	0.344595	34.978
27.63	27.63	0.344612	35.078
27.63	27.63	0.344629	35.178
27.63	27.63	0.344645	35.278
27.63	27.63	0.344662	35.378
27.63	27.63	0.344679	35.477
27.63	27.63	0.344695	35.602
27.63	27.63	0.344712	35.701
27.63	27.63	0.344729	35.806
27.63	27.63	0.344745	35.900
27.63	27.63	0.344762	36.000
27.63	27.63	0.344779	36.105
27.63	27.63	0.344795	36.199
27.63	27.63	0.344812	36.299
27.63	27.63	0.344829	36.403
27.63	27.63	0.344845	36.498
27.63	27.63	0.344862	36.597
27.63	27.64	0.344879	36.702
27.63	27.64	0.344895	36.797
27.61	27.64	0.344912	36.896
27.61	27.64	0.344929	37.001
27.61	27.64	0.344945	37.095
27.61	27.64	0.344962	37.195
27.61	27.64	0.344979	37.299
27.61	27.64	0.344995	37.394
27.61	27.64	0.345012	37.496
27.63	27.65	0.345029	37.599
27.63	27.65	0.345045	37.694
27.63	27.65	0.345062	37.795
27.63	27.65	0.345079	37.898
27.63	27.65	0.345095	37.992
27.63	27.66	0.345112	38.095
27.63	27.66	0.345129	38.196
27.63	27.66	0.345145	38.291
27.63	27.66	0.345162	38.395
27.63	27.66	0.345179	38.495
27.66	27.67	0.345195	38.590
27.66	27.67	0.345212	38.694
27.66	27.67	0.345229	38.794
27.66	27.67	0.345245	38.888
27.66	27.67	0.345262	38.993
27.66	27.68	0.345279	39.093
27.68	27.68	0.345295	39.187
27.68	27.68	0.345312	39.292
27.68	27.68	0.345328	39.391
27.68	27.69	0.345345	39.486
27.68	27.69	0.345362	39.590
27.68	27.69	0.345378	39.690
27.68	27.70	0.345395	39.784
27.68	27.70	0.345412	39.889
27.68	27.70	0.345428	39.984
27.71	27.70	0.345445	40.084
27.71	27.71	0.345462	40.189
27.71	27.71	0.345478	40.283
27.71	27.71	0.345495	40.383
27.71	27.72	0.345512	40.487
27.71	27.72	0.345528	40.582
27.71	27.72	0.345545	40.682
27.71	27.73	0.345562	40.786
27.71	27.73	0.345578	40.881
27.74	27.73	0.345595	40.980
27.74	27.74	0.345612	41.084
27.74	27.74	0.345628	41.179
27.74	27.74	0.345645	41.278
27.74	27.75	0.345662	41.384
27.74	27.75	0.345678	41.478
27.74	27.75	0.345695	41.578
27.74	27.76	0.345712	41.683
27.74	27.76	0.345728	41.778
27.74	27.76	0.345745	41.878
27.76	27.77	0.345762	41.981
27.76	27.77	0.345778	42.078
27.76	27.77	0.345795	42.177
27.76	27.78	0.345812	42.280
27.76	27.78	0.345828	42.378
27.76	27.78	0.345845	42.478
27.76	27.79	0.345862	42.579
27.79	27.79	0.345878	42.678
27.79	27.79	0.345895	42.778
27.79	27.80	0.345912	42.877
27.79	27.80	0.345928	42.978
27.79	27.81	0.345945	43.077
27.79	27.81	0.345962	43.178
27.79	27.81	0.345978	43.278
27.81	27.82	0.345995	43.378
27.81	27.82	0.346012	43.478
27.81	27.82	0.346028	43.578
27.81	27.83	0.346045	43.678
27.81	27.83	0.346062	43.777
27.81	27.83	0.346078	43.878
27.81	27.84	0.346095	43.978
27.84	27.84	0.346112	44.078
27.84	27.84	0.346128	44.178
27.84	27.85	0.346145	44.278
27.84	27.85	0.346161	44.378
27.84	27.85	0.346178	44.478
27.84	27.86	0.346195	44.578
27.86	27.86	0.346211	44.677
27.86	27.86	0.346228	44.778
27.86	27.86	0.346245	44.878
27.86	27.87	0.346261	44.978
27.86	27.87	0.346278	45.078
27.86	27.87	0.346295	45.178
27.86	27.88	0.346311	45.278
27.89	27.88	0.346328	45.377
27.89	27.88	0.346345	45.478
27.89	27.88	0.346361	45.577
27.89	27.89	0.346378	45.678
27.89	27.89	0.346395	45.778
27.89	27.89	0.346411	45.878
27.89	27.90	0.346428	45.978
27.89	27.90	0.346445	46.078
27.89	27.90	0.346461	46.178
27.92	27.90	0.346478	46.277
27.92	27.91	0.346495	46.378
27.92	27.91	0.346511	46.478
27.92	27.91	0.346528	46.578
27.92	27.91	0.346545	46.678
27.92	27.91	0.346561	46.778
27.92	27.92	0.346578	46.878
27.92	27.92	0.346595	46.977
27.92	27.92	0.346611	47.078
27.94	27.92	0.346628	47.177
27.94	27.92	0.346645	47.278
27.94	27.93	0.346661	47.378
27.94	27.93	0.346678	47.478
27.94	27.93	0.346695	47.578
27.94	27.93	0.346711	47.678
27.94	27.93	0.346728	47.778
27.94	27.93	0.346745	47.877
27.94	27.93	0.346761	47.977
27.94	27.94	0.346778	48.078
27.94	27.94	0.346795	48.201
27.94	27.94	0.346811	48.301
27.94	27.94	0.346828	48.406
27.94	27.94	0.346845	48.501
27.94	27.94	0.346861	48.600
27.94	27.94	0.346878	48.705
27.94	27.94	0.346895	48.799
27.94	27.94	0.346911	48.899
27.97	27.94	0.346928	49.003
27.97	27.94	0.346945	49.098
27.97	27.94	0.346961	49.198
27.97	27.95	0.346978	49.302
27.97	27.95	0.346994	49.397
27.97	27.95	0.347011	49.496
27.97	27.95	0.347028	49.601
27.97	27.95	0.347044	49.695
27.97	27.95	0.347061	49.795
27.97	27.95	0.347078	49.900
27.97	27.95	0.347094	49.994
27.94	27.95	0.347111	50.094
27.94	27.95	0.347128	50.198
27.94	27.95	0.347144	50.293
27.94	27.95	0.347161	50.393
27.94	27.95	0.347178	50.497
27.94	27.95	0.347194	50.592
27.94	27.94	0.347211	50.694
27.94	27.94	0.347228	50.796
27.94	27.94	0.347244	50.890
27.94	27.94	0.347261	50.994
27.94	27.94	0.347278	51.094
27.97	27.94	0.347294	51.190
27.97	27.94	0.347311	51.293
27.97	27.94	0.347328	51.394
27.97	27.94	0.347344	51.489
27.97	27.94	0.347361	51.593
27.97	27.94	0.347378	51.693
27.97	27.94	0.347394	51.787
27.97	27.94	0.347411	51.892
27.97	27.93	0.347428	51.991
27.94	27.93	0.347444	52.086
27.94	27.93	0.347461	52.191
27.94	27.93	0.347478	52.290
27.94	27.93	0.347494	52.385
27.94	27.93	0.347511	52.489
27.94	27.93	0.347528	52.589
27.94	27.93	0.347544	52.683
27.94	27.92	0.347561	52.788
27.94	27.92	0.347578	52.882
27.94	27.92	0.347594	52.982
27.92	27.92	0.347611	53.087
27.92	27.92	0.347628	53.181
27.92	27.92	0.347644	53.281
27.92	27.91	0.347661	53.386
27.92	27.91	0.347678	53.480
27.92	27.91	0.347694	53.580
27.92	27.91	0.347711	53.685
27.92	27.91	0.347728	53.780
27.92	27.91	0.347744	53.879
27.92	27.90	0.347761	53.984
27.92	27.90	0.347778	54.079
27.92	27.90	0.347794	54.179
27.92	27.90	0.347811	54.282
27.92	27.90	0.347827	54.380
27.89	27.90	0.347844	54.479
27.89	27.89	0.347861	54.581
27.89	27.89	0.347877	54.680
27.89	27.89	0.347894	54.780
27.89	27.89	0.347911	54.880
27.89	27.89	0.347927	54.979
27.89	27.89	0.347944	55.080
27.89	27.88	0.347961	55.179
27.89	27.88	0.347977	55.280
27.89	27.88	0.347994	55.379
27.89	27.88	0.348011	55.479
27.89	27.88	0.348027	55.580
27.89	27.88	0.348044	55.680
27.89	27.87	0.348061	55.780
27.86	27.87	0.348077	55.880
27.86	27.87	0.348094	55.980
27.86	27.87	0.348111	56.079
27.86	27.87	0.348127	56.180
27.86	27.87	0.348144	56.280
27.86	27.86	0.348161	56.380
27.86	27.86	0.348177	56.480
27.86	27.86	0.348194	56.580
27.86	27.86	0.348211	56.680
27.86	27.86	0.348227	56.779
27.86	27.86	0.348244	56.879
27.86	27.86	0.348261	56.979
27.86	27.86	0.348277	57.080
27.86	27.85	0.348294	57.180
27.86	27.85	0.348311	57.280
27.86	27.85	0.348327	57.380
27.86	27.85	0.348344	57.480
27.84	27.85	0.348361	57.580
27.84	27.85	0.348377	57.679
27.84	27.85	0.348394	57.780
27.84	27.85	0.348411	57.880
27.84	27.85	0.348427	57.980
27.84	27.85	0.348444	58.080
27.84	27.85	0.348461	58.180
27.84	27.84	0.348477	58.279
27.84	27.84	0.348494	58.379
27.84	27.84	0.348511	58.480
27.84	27.84	0.348527	58.579
27.84	27.84	0.348544	58.680
27.84	27.84	0.348561	58.780
27.84	27.84	0.348577	58.880
27.84	27.84	0.348594	58.980
27.84	27.84	0.348611	59.080
27.84	27.84	0.348627	59.180
27.84	27.84	0.348644	59.279
27.84	27.84	0.348660	59.380
27.84	27.84	0.348677	59.479
27.84	27.84	0.348694	59.580
27.84	27.84	0.348710	59.680
27.84	27.84	0.348727	59.780
27.84	27.84	0.348744	59.880
27.81	27.84	0.348760	00.004
27.81	27.84	0.348777	00.109
27.81	27.84	0.348794	00.208
27.81	27.85	0.348810	00.303
27.81	27.85	0.348827	00.407
27.81	27.85	0.348844	00.502
27.81	27.85	0.348860	00.603
27.81	27.85	0.348877	00.707
27.84	27.85	0.348894	00.802
27.84	27.85	0.348910	00.901
27.84	27.85	0.348927	01.006
27.84	27.85	0.348944	01.100
27.84	27.85	0.348960	01.200
27.84	27.86	0.348977	01.304
27.84	27.86	0.348994	01.399
27.84	27.86	0.349010	01.499
27.84	27.86	0.349027	01.603
27.86	27.86	0.349044	01.698
27.86	27.86	0.349060	01.797
27.86	27.86	0.349077	01.902
27.86	27.87	0.349094	01.996
27.86	27.87	0.349110	02.096
27.86	27.87	0.349127	02.201
27.86	27.87	0.349144	02.295
27.86	27.87	0.349160	02.395
27.86	27.88	0.349177	02.499
27.86	27.88	0.349194	02.594
27.86	27.88	0.349210	02.693
27.86	27.88	0.349227	02.798
27.89	27.89	0.349244	02.892
27.89	27.89	0.349260	02.993
27.89	27.89	0.349277	03.097
27.89	27.89	0.349294	03.192
27.89	27.90	0.349310	03.292
27.89	27.90	0.349327	03.396
27.89	27.90	0.349344	03.491
27.89	27.90	0.349360	03.592
27.89	27.91	0.349377	03.695
27.89	27.91	0.349394	03.790
27.89	27.91	0.349410	03.892
27.92	27.91	0.349427	03.994
27.92	27.92	0.349444	04.088
27.92	27.92	0.349460	04.192
27.92	27.92	0.349477	04.292
27.92	27.93	0.349493	04.387
27.92	27.93	0.349510	04.491
27.92	27.93	0.349527	04.591
27.92	27.94	0.349543	04.686
27.92	27.94	0.349560	04.790
27.92	27.94	0.349577	04.890
27.94	27.95	0.349593	04.984
27.94	27.95	0.349610	05.089
27.94	27.95	0.349627	05.188
27.94	27.96	0.349643	05.283
27.94	27.96	0.349660	05.388
27.94	27.96	0.349677	05.487
27.94	27.97	0.349693	05.582
27.94	27.97	0.349710	05.686
27.97	27.97	0.349727	05.781
27.97	27.98	0.349743	05.881
27.97	27.98	0.349760	05.985
27.97	27.98	0.349777	06.080
27.97	27.99	0.349793	06.181
27.97	27.99	0.349810	06.284
27.97	27.99	0.349827	06.381
27.99	28.00	0.349843	06.481
27.99	28.00	0.349860	06.583
