3444.880,3573.350,3404.833,3341.286,3548.100,3412.625,3308.452,3145.928,3237.333,3527.120
3428.960,3526.000,3387.583,3304.428,3469.350,3411.562,3311.524,3148.238,3213.067,3489.640
3392.600,3495.550,3355.625,3307.457,3464.400,3418.562,3297.143,3108.810,3192.200,3517.920
3384.760,3499.600,3357.750,3272.572,3424.200,3402.500,3283.143,3113.357,3175.533,3467.160
3379.400,3483.100,3352.542,3270.229,3441.800,3394.188,3296.381,3093.357,3158.533,3475.920
3364.800,3503.250,3352.833,3272.886,3450.700,3395.688,3279.048,3094.833,3193.600,3480.360
3389.640,3472.350,3317.625,3262.514,3429.500,3406.312,3270.786,3101.524,3174.600,3459.680
3378.280,3478.750,3341.250,3277.829,3439.600,3409.812,3310.524,3104.500,3192.667,3467.960
3394.200,3501.700,3337.292,3277.572,3442.850,3394.125,3278.167,3084.167,3166.267,3456.400
3357.680,3478.000,3333.500,3260.057,3418.350,3384.688,3285.405,3101.405,3194.333,3480.360
3392.080,3471.850,3326.250,3264.200,3430.850,3390.562,3267.857,3085.976,3169.733,3433.680
3365.320,3438.900,3315.750,3267.743,3436.700,3356.250,3287.310,3088.143,3162.133,3461.440
3359.560,3481.800,3326.042,3273.743,3410.450,3373.875,3264.714,3086.262,3143.933,3452.520
3366.480,3448.100,3334.750,3263.886,3407.050,3341.062,3273.738,3090.024,3157.200,3443.240
3348.560,3484.450,3358.042,3266.771,3429.050,3363.312,3266.548,3082.928,3158.000,3448.440
3352.520,3456.300,3337.250,3243.229,3404.300,3366.000,3255.143,3075.928,3164.733,3455.520
3373.840,3454.500,3347.583,3267.857,3426.100,3350.250,3249.905,3059.928,3166.333,3453.520
3369.720,3466.150,3333.333,3267.543,3410.400,3346.562,3262.976,3078.952,3190.933,3429.400
3336.840,3461.250,3322.208,3230.286,3422.600,3337.438,3259.000,3089.690,3140.200,3414.400
3355.000,3453.100,3334.417,3248.572,3416.600,3343.875,3270.762,3077.143,3157.667,3435.480
3388.160,3486.150,3302.958,3236.286,3390.450,3356.375,3244.572,3081.190,3159.533,3434.800
3353.440,3482.050,3338.167,3234.743,3440.450,3323.625,3267.857,3064.048,3157.133,3427.520
3342.240,3470.300,3346.708,3238.428,3424.750,3333.438,3254.190,3064.357,3174.333,3431.720
3338.400,3477.800,3306.625,3232.371,3431.550,3351.250,3238.381,3060.524,3122.133,3448.360
3354.840,3475.550,3319.500,3262.486,3428.100,3338.625,3260.619,3082.500,3139.600,3419.520
3385.480,3466.800,3304.500,3221.143,3437.850,3345.500,3259.690,3077.643,3186.067,3433.680
3353.200,3452.300,3316.500,3219.886,3409.450,3352.625,3252.381,3073.452,3147.067,3427.520
3353.480,3455.750,3306.333,3261.200,3413.400,3331.938,3268.214,3072.048,3163.800,3391.160
3327.640,3456.900,3316.250,3236.514,3375.400,3355.750,3270.381,3071.619,3159.933,3423.280
3353.240,3423.750,3303.750,3225.943,3367.150,3327.000,3252.381,3077.524,3135.933,3425.640
3356.320,3427.550,3313.583,3234.800,3394.150,3306.750,3272.738,3058.619,3125.067,3414.320
3341.400,3449.400,3284.458,3230.543,3417.150,3324.875,3265.762,3060.214,3146.533,3438.080
3342.240,3459.300,3311.833,3249.086,3400.000,3324.188,3243.333,3050.024,3142.400,3427.400
3338.800,3434.000,3277.167,3233.428,3415.100,3318.750,3242.310,3063.000,3162.067,3410.400
3356.600,3431.000,3321.375,3246.029,3383.400,3324.375,3237.095,3052.167,3146.133,3419.040
3356.360,3441.650,3282.917,3222.829,3389.900,3315.188,3245.881,3049.048,3146.800,3423.320
3343.880,3440.400,3289.625,3229.029,3377.700,3314.000,3264.000,3069.262,3145.133,3406.840
3356.880,3461.350,3312.542,3238.229,3422.350,3322.312,3249.143,3071.238,3121.067,3431.200
3351.680,3459.350,3285.917,3228.771,3403.100,3320.562,3256.333,3056.572,3153.600,3409.440
3357.920,3447.150,3302.792,3214.171,3413.000,3310.188,3246.167,3058.238,3147.267,3401.840
3364.040,3425.950,3280.458,3251.314,3408.250,3335.500,3253.048,3049.595,3182.867,3408.080
3326.200,3413.200,3306.125,3248.714,3363.550,3306.125,3242.833,3062.952,3138.133,3418.800
3360.160,3437.800,3276.208,3222.514,3395.400,3317.062,3242.667,3057.881,3134.867,3412.240
3326.280,3452.000,3315.625,3231.857,3398.000,3317.250,3260.143,3044.905,3169.000,3409.680
3346.320,3433.050,3278.083,3238.371,3397.800,3282.500,3243.310,3058.452,3122.267,3390.840
3323.680,3462.100,3275.917,3227.971,3412.700,3342.938,3257.738,3050.048,3161.067,3409.400
3343.680,3425.000,3285.000,3239.714,3370.000,3308.938,3263.905,3060.667,3139.400,3402.240
3349.840,3448.100,3302.042,3222.943,3398.250,3294.000,3264.119,3055.500,3141.800,3421.760
3363.360,3413.950,3268.292,3218.257,3386.850,3300.000,3267.952,3044.714,3148.600,3398.080
3366.080,3444.000,3297.542,3234.029,3408.450,3292.438,3252.024,3047.000,3142.133,3405.800
3358.760,3434.450,3288.042,3232.229,3387.900,3333.812,3276.286,3059.000,3150.467,3411.920
3348.760,3416.350,3306.792,3226.943,3388.300,3332.750,3255.000,3044.500,3134.200,3404.920
3326.200,3412.800,3289.750,3209.314,3416.500,3302.312,3250.762,3046.072,3147.000,3393.160
3355.560,3430.000,3291.125,3236.743,3393.150,3304.625,3272.595,3046.452,3124.067,3402.440
3341.280,3451.000,3294.875,3224.486,3400.550,3322.812,3263.167,3039.333,3121.667,3387.880
3341.880,3444.000,3289.792,3219.800,3427.800,3299.312,3246.381,3032.072,3166.800,3420.840
3315.200,3449.900,3272.542,3217.029,3404.300,3286.500,3250.262,3045.881,3148.800,3381.000
3314.280,3423.800,3290.917,3226.971,3380.500,3298.375,3255.762,3048.357,3130.733,3408.280
3337.400,3417.400,3269.500,3209.514,3377.750,3303.500,3255.262,3053.595,3127.200,3407.000
3333.000,3444.600,3285.000,3209.486,3356.400,3300.438,3254.905,3044.143,3137.467,3388.320
3331.600,3421.200,3260.458,3220.771,3386.750,3305.750,3242.072,3024.524,3127.733,3409.880
3339.120,3435.050,3267.583,3222.143,3387.800,3324.562,3253.524,3051.428,3121.733,3381.880
3329.800,3429.600,3260.125,3224.943,3382.450,3298.062,3247.190,3033.024,3151.733,3410.440
3340.080,3415.300,3304.292,3220.428,3371.950,3305.938,3246.619,3046.595,3126.600,3396.840
3350.720,3473.400,3294.792,3222.000,3380.450,3311.750,3251.476,3049.548,3159.400,3413.520
3339.960,3442.800,3266.417,3213.114,3373.750,3293.688,3265.405,3041.381,3117.067,3380.960
3338.480,3438.250,3272.250,3234.229,3368.950,3326.812,3246.881,3043.690,3122.067,3395.960
3358.160,3408.400,3292.750,3218.057,3381.250,3329.875,3258.428,3044.595,3146.133,3403.360
3337.360,3416.950,3267.875,3233.314,3381.850,3290.812,3250.428,3019.619,3098.200,3379.240
3332.360,3423.650,3274.167,3229.914,3380.850,3265.312,3259.572,3037.095,3128.600,3399.400
3335.920,3415.000,3265.875,3234.257,3397.400,3286.438,3256.381,3046.476,3123.600,3381.200
3331.960,3421.950,3265.417,3207.572,3401.900,3282.938,3263.714,3033.119,3109.200,3394.760
3314.920,3412.150,3285.958,3230.600,3375.400,3304.188,3243.167,3032.928,3107.133,3413.480
3349.560,3385.750,3269.708,3199.428,3373.550,3281.438,3252.500,3033.928,3116.200,3358.280
3331.240,3419.350,3283.958,3231.600,3379.950,3302.250,3251.452,3027.024,3103.533,3392.280
3331.120,3428.050,3279.375,3203.971,3375.350,3296.500,3260.952,3031.881,3124.000,3411.120
3328.520,3403.400,3287.792,3210.829,3365.650,3290.750,3249.072,3021.714,3131.333,3402.640
3356.240,3433.850,3277.958,3207.886,3391.900,3299.438,3233.500,3032.072,3151.000,3373.560
3313.160,3417.100,3256.958,3224.229,3380.300,3291.062,3266.524,3042.643,3156.067,3399.360
3340.440,3438.200,3274.500,3212.943,3370.450,3317.562,3244.405,3034.310,3137.133,3402.600
3325.840,3408.150,3276.792,3206.229,3369.300,3299.125,3240.881,3047.714,3130.267,3394.680
3337.720,3400.450,3268.458,3226.200,3377.800,3338.438,3230.881,3032.833,3148.333,3408.560
3325.280,3424.400,3278.750,3236.886,3398.550,3308.062,3247.381,3047.690,3132.067,3404.240
3361.440,3426.400,3262.667,3235.914,3370.550,3306.938,3255.095,3033.095,3142.800,3389.560
3314.400,3415.650,3281.542,3213.057,3383.400,3319.438,3268.072,3048.857,3117.467,3383.480
3317.800,3438.700,3269.000,3219.914,3346.600,3284.375,3255.310,3059.714,3119.467,3408.360
3314.560,3396.700,3279.167,3216.686,3373.300,3296.312,3243.143,3036.310,3151.600,3364.880
3345.560,3407.300,3259.583,3208.057,3360.900,3308.000,3249.048,3039.286,3127.400,3385.640
3301.880,3415.300,3278.167,3218.629,3353.100,3320.000,3246.643,3016.738,3110.667,3375.560
3322.920,3426.750,3263.708,3219.800,3380.850,3277.688,3257.905,3037.333,3096.533,3377.760
3319.080,3386.600,3306.333,3218.400,3385.300,3291.562,3251.857,3040.310,3117.267,3392.840
3332.320,3405.600,3266.708,3219.229,3379.600,3303.375,3240.976,3043.190,3151.200,3407.000
3314.880,3407.000,3299.125,3207.714,3385.750,3318.062,3249.738,3033.667,3127.067,3400.960
3351.480,3399.600,3266.833,3220.600,3358.900,3335.062,3245.262,3032.643,3124.267,3395.520
3334.040,3419.200,3257.500,3211.543,3421.350,3296.312,3245.190,3029.762,3108.600,3395.280
3292.960,3449.350,3263.292,3222.343,3362.200,3270.812,3262.690,3029.881,3087.933,3403.640
3323.360,3406.350,3272.583,3208.428,3383.500,3286.062,3251.738,3035.095,3088.533,3398.440
3317.040,3391.200,3282.417,3230.029,3376.200,3291.562,3261.976,3053.500,3120.333,3391.760
3325.240,3403.000,3281.667,3207.343,3384.150,3320.062,3256.524,3031.286,3117.200,3385.040
3320.680,3421.700,3266.250,3212.943,3356.400,3278.375,3245.095,3023.881,3109.667,3403.400
3358.160,3416.250,3256.417,3231.572,3400.450,3325.438,3248.714,3040.905,3104.533,3392.040
3324.680,3412.000,3255.083,3200.171,3361.300,3278.812,3250.833,3030.428,3139.733,3399.760
3318.680,3427.650,3238.875,3193.800,3387.600,3304.625,3257.405,3032.428,3114.933,3394.000
3335.400,3411.200,3281.750,3209.971,3357.950,3320.375,3263.000,3033.857,3108.600,3373.320
3322.680,3424.450,3256.125,3199.286,3364.500,3326.812,3262.238,3026.714,3094.733,3389.480
3317.120,3424.000,3262.792,3206.171,3362.250,3293.312,3244.357,3021.714,3076.067,3361.720
3317.560,3421.100,3279.917,3184.886,3370.000,3299.562,3250.357,3026.357,3119.533,3363.960
3301.840,3424.000,3267.417,3188.200,3377.300,3281.750,3240.619,3033.452,3114.200,3393.960
3311.120,3434.150,3257.708,3181.286,3364.100,3302.312,3265.476,3023.381,3129.000,3370.880
3304.880,3415.950,3265.208,3203.428,3357.000,3299.000,3264.857,3022.928,3111.800,3375.800
3328.800,3401.100,3272.500,3192.486,3370.650,3294.375,3261.952,3034.072,3106.600,3383.640
3321.280,3403.950,3283.500,3208.029,3355.100,3297.500,3251.095,3042.190,3126.800,3380.760
3303.360,3382.400,3257.625,3204.829,3376.200,3279.562,3242.143,3038.167,3084.067,3379.240
3326.960,3421.900,3259.250,3206.314,3352.550,3293.500,3252.762,3023.048,3121.267,3371.680
3296.720,3417.950,3274.417,3187.029,3343.850,3294.750,3249.667,3030.595,3092.533,3370.960
3305.560,3389.500,3270.958,3219.543,3369.550,3304.000,3245.000,3018.857,3138.267,3398.640
3298.760,3393.950,3264.500,3200.086,3364.450,3250.500,3252.143,3012.095,3111.733,3376.680
3309.880,3405.500,3260.083,3185.457,3370.200,3304.688,3234.143,3024.310,3076.867,3376.040
3318.920,3397.400,3258.042,3210.314,3379.050,3277.500,3257.119,3030.595,3127.200,3388.400
3307.120,3384.650,3278.125,3186.829,3343.700,3279.625,3250.119,3017.381,3098.867,3378.120
3314.640,3387.150,3261.583,3195.829,3338.300,3291.062,3262.095,3015.881,3135.333,3354.920
3323.880,3396.100,3252.167,3201.029,3357.600,3283.938,3232.786,3025.048,3108.533,3381.000
3299.280,3406.300,3252.208,3192.771,3353.050,3271.250,3266.428,3020.357,3111.200,3386.760
3293.000,3406.000,3252.208,3212.029,3385.100,3315.875,3252.072,3032.167,3114.000,3362.960
3306.520,3370.000,3247.458,3191.943,3367.500,3274.750,3254.667,3019.310,3129.267,3356.560
3309.200,3405.600,3260.458,3196.428,3391.050,3264.625,3218.595,3028.952,3110.133,3375.200
3347.600,3389.450,3266.250,3206.143,3379.550,3285.438,3252.167,3028.810,3102.600,3358.280
3299.800,3398.600,3294.458,3194.229,3330.250,3304.875,3231.024,3024.976,3107.400,3347.920
3332.240,3414.000,3304.708,3199.457,3348.050,3304.250,3244.000,3033.714,3104.467,3375.960
3329.440,3403.050,3298.167,3203.914,3351.600,3296.312,3235.262,3042.310,3084.600,3363.520
3331.880,3415.550,3295.042,3199.029,3367.200,3288.250,3246.333,3018.048,3124.400,3357.120
3314.080,3378.350,3313.792,3187.543,3346.750,3256.500,3247.428,3040.333,3100.400,3377.880
3338.320,3400.050,3306.292,3193.714,3339.950,3288.750,3240.952,3008.976,3087.133,3353.040
3306.680,3419.850,3319.417,3204.514,3374.850,3292.812,3241.262,3026.428,3126.400,3365.240
3316.080,3399.300,3300.250,3208.771,3350.800,3269.938,3249.667,3027.810,3104.933,3361.520
3308.760,3406.350,3317.667,3176.971,3348.950,3266.875,3235.857,3030.690,3077.733,3367.920
3297.840,3402.100,3343.167,3180.428,3336.400,3269.938,3247.500,3027.048,3101.267,3353.440
3319.000,3394.450,3301.708,3183.457,3365.450,3271.250,3222.952,3014.857,3087.000,3348.480
3297.480,3402.850,3318.292,3187.857,3371.150,3271.562,3228.738,3018.333,3137.333,3368.800
3298.720,3391.200,3322.333,3199.171,3346.850,3272.375,3244.952,3019.833,3116.133,3361.240
3312.040,3397.600,3300.667,3178.886,3355.850,3284.250,3231.286,3001.595,3075.400,3359.480
3322.600,3395.550,3311.375,3205.971,3352.850,3283.562,3222.048,3012.833,3089.867,3347.520
3301.400,3390.050,3289.750,3179.543,3345.300,3244.500,3227.833,3003.572,3096.200,3353.160
3322.560,3389.800,3290.167,3209.486,3374.100,3249.250,3231.357,3014.619,3108.200,3348.040
3307.520,3380.150,3290.000,3176.543,3334.600,3280.312,3235.572,3016.976,3113.133,3361.440
3317.680,3364.850,3298.167,3196.857,3335.200,3243.375,3239.690,3010.333,3094.733,3378.600
3299.880,3388.850,3297.542,3191.371,3361.750,3269.375,3247.072,3009.690,3079.667,3401.960
3290.200,3414.600,3304.458,3193.229,3358.450,3249.812,3243.738,3023.524,3099.000,3364.920
3293.920,3389.850,3293.458,3202.886,3365.400,3242.062,3233.667,3032.619,3098.933,3364.760
3314.120,3404.250,3309.000,3189.457,3365.500,3267.438,3241.095,3011.333,3079.533,3373.480
3310.600,3415.400,3279.208,3186.229,3353.900,3264.375,3239.738,3014.167,3079.733,3373.040
3323.840,3393.200,3291.833,3191.143,3331.400,3255.250,3243.190,3018.262,3083.400,3370.440
3306.400,3373.700,3288.083,3192.057,3360.000,3301.500,3255.452,3024.310,3056.933,3361.840
3298.840,3385.950,3288.375,3206.200,3327.800,3280.312,3235.143,3008.905,3083.000,3369.800
3299.600,3393.200,3289.875,3190.971,3337.950,3264.125,3250.619,3015.881,3093.533,3372.880
3323.920,3395.850,3276.125,3196.457,3350.250,3290.312,3244.881,3030.024,3071.733,3362.760
3314.920,3393.600,3294.250,3196.343,3334.950,3272.625,3237.262,3024.667,3115.000,3362.760
3300.440,3368.850,3285.333,3172.171,3355.050,3291.250,3247.310,3023.833,3084.600,3356.680
3279.760,3391.950,3261.750,3180.714,3338.250,3276.562,3228.905,3010.810,3067.067,3369.320
3288.880,3405.600,3298.958,3193.800,3344.250,3261.375,3230.572,3010.381,3085.200,3365.760
3291.800,3381.100,3262.375,3181.171,3352.450,3284.875,3217.238,3011.167,3078.667,3346.760
3305.880,3376.750,3278.875,3180.057,3346.250,3270.062,3251.238,3005.619,3079.733,3335.560
3307.880,3412.200,3256.000,3182.086,3365.100,3280.875,3251.262,3017.690,3059.933,3386.680
3282.040,3374.800,3297.250,3174.914,3341.200,3280.312,3241.333,3023.381,3078.400,3370.720
3294.280,3362.300,3254.750,3176.714,3344.300,3295.438,3232.095,3028.476,3074.400,3358.960
3292.200,3398.050,3303.750,3178.771,3339.150,3257.875,3239.714,2998.548,3086.200,3340.240
3306.040,3383.400,3292.875,3175.629,3364.000,3244.688,3236.072,3003.333,3089.467,3383.960
3295.280,3393.550,3276.083,3176.114,3354.800,3292.625,3234.667,2999.690,3098.800,3372.240
3286.640,3390.950,3283.625,3181.428,3362.100,3257.312,3230.143,3006.905,3075.000,3345.240
3261.160,3380.700,3293.583,3169.171,3338.050,3287.562,3239.000,3018.048,3057.133,3353.960
3301.960,3388.200,3271.708,3165.572,3342.900,3300.188,3230.238,3000.238,3086.467,3378.040
3302.800,3402.550,3283.958,3157.343,3327.650,3266.250,3237.000,3014.762,3052.600,3360.160
3311.920,3382.050,3272.167,3176.886,3382.950,3295.625,3232.786,3022.572,3072.200,3359.160
3296.200,3397.400,3288.375,3166.714,3323.300,3283.625,3229.428,3006.095,3076.667,3374.600
3311.280,3378.600,3296.458,3175.686,3337.150,3288.625,3251.405,3010.952,3082.067,3364.520
3304.360,3385.800,3278.083,3169.114,3343.850,3262.875,3244.095,3006.238,3066.933,3351.080
3296.920,3381.900,3281.042,3186.114,3329.050,3258.625,3210.810,3020.238,3078.600,3349.800
3287.360,3375.600,3300.167,3181.114,3328.300,3278.438,3229.857,3007.905,3063.400,3330.240
3299.200,3382.700,3293.292,3175.200,3356.800,3249.688,3214.000,3016.786,3045.533,3381.320
3304.480,3392.950,3273.292,3188.143,3359.250,3279.375,3235.905,3001.214,3038.067,3361.160
3315.960,3389.250,3312.708,3181.428,3354.000,3272.188,3243.286,3016.405,3090.200,3361.360
3295.920,3397.200,3300.875,3173.857,3323.000,3279.875,3228.428,3014.000,3081.267,3363.080
3298.280,3385.900,3275.333,3193.686,3346.100,3292.875,3227.310,3005.786,3059.800,3332.480
3298.000,3366.900,3278.875,3184.657,3349.200,3254.438,3244.310,3027.572,3065.467,3346.320
3284.760,3404.750,3260.208,3174.829,3345.150,3236.062,3220.048,3003.024,3053.933,3339.920
3274.480,3386.750,3288.458,3174.886,3332.450,3277.438,3243.905,3016.619,3070.800,3361.560
3280.800,3381.800,3268.333,3168.943,3374.550,3259.375,3236.095,3018.690,3050.467,3346.680
3299.160,3396.150,3262.125,3175.600,3360.000,3269.000,3225.333,3000.619,3068.533,3356.720
3286.600,3370.050,3251.292,3177.057,3343.450,3302.812,3236.048,3000.333,3051.467,3347.640
3277.960,3350.600,3285.583,3195.057,3334.450,3268.625,3256.714,2997.690,3054.133,3348.400
3281.320,3415.600,3272.750,3192.286,3337.300,3262.875,3244.405,3010.762,3120.867,3346.400
3291.160,3364.850,3262.542,3182.200,3343.650,3247.000,3244.167,3008.072,3049.600,3368.280
3292.800,3386.550,3282.500,3195.428,3339.250,3262.250,3234.119,3015.119,3068.400,3358.520
3297.680,3380.600,3276.208,3173.457,3308.600,3224.812,3235.428,3021.238,3077.933,3347.120
3315.080,3411.750,3276.083,3189.914,3347.300,3243.938,3247.762,3013.310,3067.600,3347.120
3321.120,3391.000,3288.250,3176.486,3343.600,3288.938,3233.262,3028.690,3062.667,3378.000
3306.080,3371.500,3286.792,3181.286,3349.400,3275.062,3260.810,3001.714,3065.467,3349.680
3323.680,3373.600,3284.833,3166.543,3341.600,3280.500,3228.905,3010.333,3065.400,3360.680
3317.160,3370.550,3257.500,3177.572,3351.150,3283.625,3222.190,3000.952,3066.600,3339.040
3313.160,3372.600,3258.417,3196.771,3334.250,3294.250,3253.952,3004.286,3075.600,3380.600
3292.440,3395.100,3281.750,3166.657,3343.500,3290.000,3251.857,2999.024,3078.333,3358.840
3292.600,3362.350,3281.250,3181.057,3336.900,3264.438,3258.381,3010.762,3079.867,3354.720
3284.800,3362.750,3258.083,3180.829,3331.200,3265.875,3231.072,3012.310,3067.267,3340.600
3288.240,3384.900,3279.458,3158.143,3345.050,3283.250,3241.786,3017.643,3074.400,3366.320
3271.000,3372.950,3267.708,3168.428,3296.350,3251.812,3229.072,2991.643,3068.000,3364.480
3301.720,3379.650,3261.750,3166.314,3346.950,3273.750,3262.619,2998.810,3060.667,3371.720
3278.920,3397.700,3275.917,3189.543,3308.700,3270.750,3225.333,3018.928,3056.000,3344.560
3289.400,3378.950,3265.417,3180.200,3330.050,3304.062,3231.572,3018.833,3047.333,3372.920
3283.320,3358.300,3263.750,3164.000,3360.300,3280.125,3245.548,3002.072,3050.467,3348.200
3279.080,3387.000,3251.792,3167.914,3334.650,3303.188,3235.310,3010.500,3098.733,3359.160
3296.720,3375.300,3277.417,3169.171,3329.350,3247.812,3251.167,2996.881,3064.133,3357.640
3294.800,3394.500,3266.750,3170.800,3327.500,3284.938,3232.952,2992.572,3070.667,3382.600
3282.640,3384.400,3254.042,3163.829,3335.550,3248.875,3230.786,2999.548,3087.067,3356.800
3279.160,3359.350,3272.958,3157.257,3327.050,3258.812,3215.595,2988.690,3045.267,3339.320
3288.880,3359.000,3278.000,3180.457,3328.200,3248.875,3237.310,3005.833,3092.533,3319.880
3279.960,3377.200,3292.417,3154.171,3326.300,3265.500,3225.357,3004.381,3073.867,3343.200
3297.920,3403.200,3238.208,3166.800,3334.700,3253.250,3234.000,2994.762,3074.000,3362.200
3283.200,3387.750,3249.417,3163.829,3306.800,3243.250,3218.595,2995.572,3041.267,3361.240
3297.480,3344.800,3265.708,3171.428,3307.100,3267.250,3217.381,2994.072,3065.467,3347.120
3300.840,3348.150,3253.083,3161.657,3338.900,3243.938,3231.452,2991.286,3078.733,3359.160
3287.680,3345.750,3256.625,3142.029,3316.350,3235.062,3209.857,2998.476,3016.200,3341.520
3300.120,3372.150,3253.875,3166.371,3331.750,3292.500,3216.357,2999.452,3042.733,3332.440
3287.360,3364.500,3253.500,3163.829,3299.600,3233.938,3230.405,3006.738,3059.933,3341.280
3285.240,3372.900,3255.833,3150.428,3320.150,3262.312,3217.214,2999.190,3027.600,3338.320
3275.920,3384.150,3275.000,3160.343,3336.600,3244.688,3209.810,2995.619,3038.467,3349.680
3301.400,3362.400,3264.750,3162.257,3321.150,3259.625,3210.595,3005.881,3034.200,3329.680
3272.840,3376.050,3248.333,3174.314,3318.500,3281.875,3233.333,2996.238,3065.800,3349.120
3290.680,3356.250,3238.042,3175.371,3315.300,3228.062,3213.690,3012.881,3022.600,3323.640
3279.320,3364.700,3247.667,3182.914,3316.100,3247.125,3217.286,2992.690,3052.667,3341.280
3281.400,3396.550,3282.583,3161.514,3335.750,3243.438,3229.167,3004.381,3056.467,3337.520
3242.960,3362.100,3265.583,3152.829,3313.350,3269.562,3217.072,2990.786,3034.667,3346.160
3250.200,3358.400,3284.042,3168.543,3310.200,3260.250,3226.810,2999.667,3070.933,3340.520
3297.600,3385.900,3255.083,3151.857,3322.550,3263.875,3236.667,3006.238,3040.733,3364.280
3265.920,3347.500,3243.083,3174.657,3343.150,3253.750,3217.262,2983.500,3029.067,3345.280
3288.560,3376.550,3267.792,3158.229,3332.250,3255.875,3214.428,3015.548,3033.533,3359.080
3261.080,3355.650,3262.708,3161.514,3327.050,3219.562,3232.452,3000.476,3040.667,3335.920
3250.400,3349.800,3247.333,3156.229,3337.750,3240.500,3222.238,2996.714,3057.200,3332.480
3270.040,3348.850,3244.000,3168.428,3309.350,3267.688,3215.167,3008.476,3032.533,3347.760
3281.240,3373.450,3259.833,3162.943,3316.550,3237.062,3218.572,2994.310,3063.067,3342.160
3279.480,3366.400,3249.667,3147.486,3332.150,3245.125,3221.000,3005.072,3051.533,3362.920
3283.280,3386.950,3251.458,3158.543,3327.600,3298.250,3228.643,3009.072,3046.267,3357.240
3299.240,3347.400,3268.292,3170.600,3330.700,3231.625,3225.595,3018.786,3056.133,3350.400
3289.920,3371.700,3260.167,3159.600,3315.000,3262.500,3208.357,2985.738,3058.067,3342.400
3280.800,3365.850,3267.750,3145.886,3303.700,3267.562,3218.238,2994.095,3074.200,3354.560
3282.040,3394.200,3286.708,3153.371,3327.750,3263.500,3211.786,3010.405,3031.533,3331.280
3283.400,3353.750,3240.333,3152.286,3332.250,3263.250,3225.548,3005.714,3064.533,3334.440
3265.440,3359.550,3269.667,3154.514,3319.250,3250.750,3213.452,2986.810,3089.333,3349.800
3267.920,3345.150,3240.917,3172.428,3337.500,3245.688,3231.167,3002.690,3045.800,3329.200
3256.840,3357.950,3239.750,3158.314,3305.050,3238.688,3229.928,2999.500,3045.467,3315.480
3277.680,3352.100,3259.333,3175.029,3327.500,3233.750,3228.238,2988.881,3035.467,3352.200
3285.760,3361.150,3233.542,3163.114,3317.050,3247.062,3246.310,2974.119,3034.867,3358.240
3258.040,3345.600,3250.167,3161.057,3310.000,3223.625,3216.643,2987.548,3051.067,3335.000
3268.640,3331.000,3244.250,3159.229,3315.100,3218.688,3214.905,2984.024,3055.333,3331.440
3261.560,3390.650,3231.833,3170.086,3314.900,3226.688,3217.024,2970.333,3047.867,3319.280
3265.760,3349.900,3249.250,3131.714,3315.700,3216.188,3223.024,2978.643,3017.467,3308.240
3264.480,3345.350,3236.583,3138.829,3309.100,3196.625,3228.667,2993.667,3037.600,3332.240
3264.560,3343.600,3218.708,3144.800,3321.200,3235.375,3217.357,2983.072,3056.600,3339.480
3225.560,3335.100,3250.458,3172.971,3321.400,3238.062,3228.500,2996.357,3055.200,3366.160
3272.920,3362.100,3253.250,3144.057,3332.600,3227.500,3225.762,2979.738,3033.267,3311.240
3262.400,3361.100,3251.625,3178.714,3309.050,3222.000,3207.262,2983.905,3044.867,3307.320
3258.640,3338.850,3246.667,3159.743,3315.400,3214.688,3219.310,2985.500,3090.467,3344.040
3247.400,3322.500,3218.333,3140.800,3322.800,3209.750,3211.286,2983.476,3047.000,3333.800
3263.920,3367.000,3222.542,3137.743,3298.750,3189.000,3203.833,2989.881,3046.933,3319.440
3262.960,3345.400,3232.500,3144.514,3313.950,3220.062,3214.262,2975.524,3046.533,3337.080
3272.800,3323.200,3218.042,3136.371,3326.650,3220.312,3216.762,2977.714,3042.733,3317.080
3249.880,3344.350,3240.792,3130.600,3328.850,3228.250,3218.810,2988.286,3018.133,3325.760
3260.600,3354.950,3223.125,3141.743,3285.700,3200.750,3199.667,2987.976,3014.667,3300.160
3239.520,3361.400,3224.958,3129.914,3321.250,3216.000,3208.262,2983.143,3041.733,3321.520
3266.480,3338.650,3224.000,3150.428,3317.450,3216.062,3201.690,2976.976,3050.333,3316.120
3240.840,3349.450,3221.500,3171.971,3307.700,3209.438,3213.119,2990.286,3027.200,3321.960
3255.280,3326.900,3243.292,3147.629,3306.350,3188.938,3208.286,2987.024,3044.667,3316.680
3242.120,3340.300,3209.125,3155.486,3301.550,3170.812,3208.214,2984.072,3039.467,3332.000
3225.760,3319.400,3214.333,3140.257,3325.750,3202.188,3209.238,2968.310,3024.933,3323.080
3254.200,3326.050,3233.292,3153.714,3312.900,3172.500,3220.262,2978.000,3052.867,3300.520
3238.080,3337.050,3243.042,3143.657,3297.250,3212.188,3207.810,2972.310,3047.000,3316.600
3226.760,3327.800,3228.583,3135.572,3308.100,3214.125,3207.928,2974.690,3009.867,3323.280
3240.080,3328.050,3247.750,3160.000,3311.900,3214.375,3219.690,2987.524,3039.067,3324.760
3251.480,3319.850,3219.917,3136.657,3279.050,3226.750,3202.286,2983.095,3019.133,3295.160
3255.840,3319.400,3218.167,3136.000,3303.150,3177.500,3214.333,2975.952,3053.200,3279.160
3251.880,3319.200,3216.875,3124.514,3331.950,3181.125,3218.714,2968.667,3041.200,3332.120
3239.720,3352.700,3228.292,3146.229,3334.300,3197.250,3215.167,2971.238,3034.600,3317.880
3244.320,3339.750,3233.708,3130.914,3318.750,3202.062,3215.976,2980.833,3028.000,3319.280
3284.800,3324.850,3215.167,3148.000,3296.800,3205.875,3217.286,2979.690,3024.200,3314.800
3270.800,3335.150,3228.625,3149.914,3311.400,3189.562,3216.857,2979.333,3045.533,3313.400
3256.480,3332.900,3232.167,3151.943,3307.750,3198.125,3215.238,2983.095,3019.000,3326.840
3244.000,3320.650,3213.333,3145.171,3335.350,3195.062,3202.167,2990.762,3032.600,3306.720
3240.680,3329.850,3236.208,3143.171,3320.750,3211.125,3214.310,2958.500,3035.200,3310.160
3245.880,3330.100,3223.667,3128.029,3322.900,3178.188,3215.643,2985.905,3023.867,3288.280
3257.160,3330.750,3218.458,3143.486,3294.150,3197.500,3220.405,2970.786,3019.533,3307.840
3242.480,3312.900,3214.875,3155.257,3320.350,3199.875,3233.786,2989.524,3028.733,3313.520
3246.280,3346.150,3206.417,3143.343,3308.400,3219.250,3211.167,2967.119,3010.400,3315.880
3231.920,3311.400,3222.417,3132.686,3288.750,3203.875,3226.619,2968.595,3039.467,3295.960
3259.640,3327.000,3224.417,3143.400,3334.250,3225.312,3219.428,2964.476,3044.200,3288.840
3242.240,3321.150,3209.417,3127.600,3294.950,3214.562,3209.905,2979.262,3048.467,3298.120
3250.400,3355.900,3244.833,3147.600,3300.350,3201.125,3189.143,2980.667,3017.000,3317.800
3264.520,3336.800,3219.250,3145.428,3301.400,3185.875,3229.024,2970.881,3016.333,3308.000
3226.160,3331.750,3225.500,3133.200,3295.050,3203.438,3239.976,2988.619,3063.267,3315.320
3245.760,3348.800,3213.792,3155.057,3316.600,3196.312,3224.310,2973.928,3043.467,3311.920
3262.280,3308.400,3220.583,3149.286,3324.200,3218.625,3209.072,2988.143,3025.800,3303.840
3254.120,3306.600,3224.708,3138.114,3320.400,3187.125,3210.000,3000.024,3023.067,3321.160
3259.400,3314.900,3239.458,3138.029,3293.600,3207.750,3207.762,2983.119,3010.333,3332.000
3271.240,3324.000,3208.250,3144.629,3309.700,3219.688,3220.810,2976.428,3031.933,3326.120
3264.880,3333.950,3215.375,3130.029,3308.400,3186.312,3198.238,2978.262,3016.200,3300.760
3249.640,3315.400,3198.667,3134.400,3314.050,3211.250,3211.572,2963.928,3018.133,3313.440
3275.160,3310.750,3203.875,3139.257,3280.700,3207.188,3214.238,2977.357,3055.800,3302.680
3235.800,3314.450,3222.833,3119.400,3280.000,3218.500,3214.786,2982.190,3036.600,3304.480
3255.840,3329.750,3223.542,3155.971,3302.700,3242.938,3201.428,2987.714,3044.467,3298.320
3231.480,3343.250,3199.375,3121.800,3318.000,3214.812,3216.119,2972.595,3006.867,3306.960
3268.600,3336.050,3225.750,3123.200,3298.200,3214.688,3204.262,2970.214,3017.800,3295.200
3264.280,3330.050,3186.708,3115.400,3313.900,3198.125,3204.548,2978.357,3033.467,3309.200
3254.720,3332.150,3219.250,3104.543,3310.200,3204.188,3215.786,2984.000,3008.667,3298.160
3241.200,3347.450,3223.042,3136.686,3294.900,3203.438,3202.667,2963.048,3021.067,3306.920
3248.600,3327.900,3216.083,3134.600,3314.650,3225.688,3215.643,2974.572,3027.333,3301.600
3254.960,3329.000,3234.042,3130.829,3289.100,3209.562,3204.381,2969.357,3012.533,3329.000
3244.760,3345.600,3235.458,3141.743,3290.500,3234.562,3224.833,2982.476,3015.333,3319.120
3237.280,3325.850,3212.500,3142.971,3303.750,3219.188,3211.857,2969.833,3037.533,3333.480
3254.120,3301.450,3201.583,3123.971,3286.650,3239.562,3229.381,2995.048,3018.067,3330.560
3230.280,3340.300,3229.708,3127.486,3308.600,3205.812,3217.905,2988.190,3059.467,3294.520
3255.320,3333.000,3233.875,3124.543,3302.600,3221.812,3223.310,2969.190,3024.600,3321.640
3255.400,3324.250,3194.250,3130.572,3312.400,3193.812,3216.667,2979.905,3039.867,3298.640
3231.840,3355.050,3204.750,3145.629,3291.250,3203.500,3193.524,2992.905,3039.800,3311.120
3259.640,3322.000,3229.375,3135.428,3296.750,3208.562,3209.595,2974.381,3030.067,3303.720
3246.480,3346.500,3204.250,3131.371,3308.550,3204.312,3222.738,2976.000,3037.200,3332.280
3243.840,3322.800,3196.250,3140.543,3301.350,3204.875,3237.000,2972.214,3034.533,3320.880
3241.240,3313.850,3235.042,3125.914,3276.150,3200.938,3212.928,2972.024,3057.200,3314.520
3245.160,3331.050,3219.625,3130.343,3291.450,3196.625,3215.714,2975.976,3015.933,3330.880
3250.680,3340.500,3238.292,3133.629,3285.250,3223.938,3231.619,2975.786,3036.067,3315.480
3247.840,3341.100,3213.292,3135.572,3319.650,3209.938,3207.595,2985.238,3043.867,3299.680
3253.120,3315.000,3208.833,3108.114,3274.650,3216.875,3227.333,2975.214,3030.600,3323.680
3258.800,3325.250,3203.042,3126.257,3285.050,3234.500,3195.928,2974.048,3002.200,3310.320
3236.240,3316.100,3206.125,3121.400,3268.400,3208.062,3198.500,2979.310,3024.800,3327.240
3250.160,3324.700,3228.750,3140.114,3299.800,3208.000,3204.833,2975.024,3011.200,3323.200
3253.280,3330.150,3221.125,3132.943,3298.650,3222.688,3205.548,2973.167,3017.867,3288.000
3255.120,3323.400,3252.417,3135.114,3300.250,3200.438,3211.810,2973.333,3026.667,3314.680
3239.840,3335.950,3199.125,3124.514,3280.750,3209.500,3186.690,2947.928,3017.867,3306.040
3239.840,3308.550,3193.417,3105.428,3311.000,3187.438,3216.572,2969.333,3029.600,3306.000
3221.680,3320.700,3196.625,3114.971,3309.650,3211.188,3212.357,2967.690,3008.933,3292.440
3244.400,3325.800,3214.375,3126.543,3287.400,3214.562,3193.024,2978.167,3026.600,3319.080
3261.440,3326.850,3216.458,3112.743,3278.100,3180.500,3221.881,2970.143,3036.933,3318.000
3257.840,3323.800,3224.042,3133.657,3300.450,3225.312,3223.619,2974.595,3043.533,3323.200
3264.240,3309.250,3244.542,3144.229,3319.350,3212.500,3207.786,2958.452,3029.000,3315.640
3241.240,3316.200,3235.417,3114.171,3294.000,3243.000,3215.905,2972.072,3040.333,3301.240
3260.440,3324.250,3232.292,3130.229,3309.900,3228.125,3248.690,2970.952,3033.600,3333.160
3228.640,3327.600,3210.208,3138.914,3286.500,3217.750,3202.810,2965.072,3020.800,3326.120
3234.240,3329.450,3232.333,3125.029,3318.650,3229.938,3215.976,2970.572,3035.600,3308.520
3247.200,3320.850,3197.042,3116.514,3300.850,3219.000,3220.572,2973.262,3021.800,3319.080
3256.760,3312.850,3225.958,3114.343,3302.200,3241.000,3223.119,2992.548,3023.467,3308.400
3253.800,3340.550,3223.167,3134.886,3297.850,3227.125,3222.167,2970.143,3064.867,3285.600
3247.080,3323.000,3223.083,3125.343,3280.900,3225.500,3212.024,2979.714,3053.933,3319.120
3243.240,3328.400,3230.375,3119.000,3283.700,3229.250,3217.524,2978.333,3013.867,3292.040
3251.640,3318.550,3212.375,3125.428,3284.900,3226.625,3222.667,2973.452,3009.600,3299.200
3259.120,3308.300,3213.583,3116.971,3312.150,3239.125,3212.643,2956.167,3025.533,3305.400
3239.320,3329.200,3207.583,3130.029,3302.200,3237.438,3213.762,2993.357,3005.867,3324.680
3236.920,3322.400,3203.958,3113.114,3261.950,3219.000,3218.857,2965.190,3018.267,3304.880
3249.400,3346.200,3227.417,3119.257,3293.850,3210.375,3199.572,2960.357,3008.333,3328.040
3253.240,3334.950,3196.625,3161.000,3308.900,3222.938,3205.881,2984.095,3012.467,3293.640
3227.840,3310.750,3221.542,3140.029,3292.000,3225.938,3192.714,2958.786,2991.533,3302.320
3265.240,3310.850,3209.125,3126.229,3264.250,3237.750,3217.167,2966.524,3013.733,3318.160
3235.560,3304.150,3217.417,3120.486,3271.700,3233.500,3225.810,2975.476,3031.333,3335.800
3204.360,3302.650,3204.458,3115.229,3285.500,3194.812,3205.452,2971.952,3010.667,3314.600
3225.640,3314.150,3202.875,3115.914,3281.350,3209.938,3219.928,2977.833,3032.800,3303.240
3240.160,3321.500,3211.583,3126.800,3283.450,3218.812,3209.310,2966.572,2984.733,3306.200
3249.480,3322.500,3201.125,3123.457,3275.150,3201.812,3221.428,2974.095,3011.467,3314.760
3250.200,3300.600,3212.917,3111.114,3269.500,3225.875,3211.667,2972.928,3024.067,3313.120
3229.960,3301.400,3208.167,3119.428,3278.300,3222.812,3209.310,2991.143,3003.733,3299.440
3221.920,3310.850,3219.208,3134.229,3311.300,3199.500,3223.810,2978.405,2986.133,3305.080
3248.080,3305.600,3208.042,3116.029,3283.400,3221.938,3220.405,2960.476,3026.800,3309.160
3252.360,3312.650,3202.833,3127.343,3257.700,3233.625,3207.048,2957.690,3018.000,3326.400
3244.440,3337.100,3199.125,3112.829,3289.050,3234.938,3220.214,2979.881,3004.267,3303.640
3242.680,3336.050,3213.167,3117.771,3283.150,3225.125,3198.428,2976.286,3025.000,3301.240
3228.000,3302.850,3206.375,3128.257,3281.150,3243.562,3201.524,2967.190,3015.200,3325.320
3244.520,3310.900,3227.042,3125.057,3281.250,3247.562,3222.595,2955.928,2998.400,3319.760
3239.640,3311.400,3218.583,3129.114,3276.000,3245.812,3188.024,2983.190,3013.400,3324.280
3218.960,3310.100,3219.000,3126.057,3267.200,3196.438,3192.190,2969.357,3021.000,3305.760
3254.640,3306.950,3233.542,3121.971,3285.350,3216.062,3210.619,2962.190,3001.267,3312.440
3243.280,3321.350,3216.708,3123.171,3274.750,3249.250,3192.072,2962.500,3014.400,3294.480
3237.520,3314.550,3221.125,3125.257,3272.450,3237.938,3208.048,2950.310,2986.200,3305.440
3247.080,3326.000,3220.167,3104.514,3299.200,3196.375,3202.333,2962.000,3018.067,3307.440
3260.200,3325.000,3195.042,3146.457,3273.250,3210.000,3211.024,2980.167,3023.067,3298.120
3224.960,3316.950,3196.208,3114.657,3316.050,3234.312,3203.000,2963.167,2995.400,3304.560
3213.640,3306.150,3213.083,3105.229,3268.350,3223.938,3193.762,2964.619,3011.267,3286.360
3217.960,3318.800,3208.125,3113.629,3288.300,3207.188,3209.119,2969.000,3014.400,3310.120
3228.840,3303.400,3193.375,3102.629,3289.750,3221.812,3226.072,2969.952,3015.400,3302.120
3216.600,3341.000,3183.208,3106.486,3298.050,3216.625,3210.167,2971.952,3000.000,3315.680
3246.320,3304.750,3201.458,3120.314,3278.450,3221.938,3214.881,2963.428,3005.933,3278.760
3206.520,3300.300,3204.375,3117.629,3280.750,3218.500,3201.095,2958.476,3018.400,3303.360
3221.720,3292.750,3209.250,3112.486,3304.150,3199.688,3188.667,2975.643,3011.267,3298.880
3230.880,3307.950,3200.667,3115.686,3281.800,3214.562,3217.667,2985.405,3013.000,3285.600
3244.880,3324.700,3196.250,3104.914,3275.750,3214.125,3213.928,2978.476,3028.333,3283.280
3229.320,3285.500,3218.917,3123.286,3287.100,3216.125,3192.476,2967.167,2990.267,3274.080
3226.320,3327.500,3202.000,3121.057,3301.450,3238.062,3210.524,2955.667,3012.667,3302.000
3225.800,3325.750,3197.375,3111.971,3287.400,3215.500,3210.286,2966.881,2999.400,3307.600
3231.320,3286.900,3204.417,3115.086,3265.500,3216.438,3218.452,2967.833,3003.467,3308.920
3250.160,3283.900,3211.708,3113.257,3275.500,3190.438,3207.976,2959.810,3008.267,3299.760
3211.320,3343.700,3201.125,3114.543,3288.200,3207.188,3221.072,2958.762,2986.333,3282.480
3238.640,3309.450,3192.417,3120.171,3246.600,3180.438,3215.333,2943.667,3015.800,3301.040
3238.320,3295.700,3204.667,3110.857,3279.750,3209.938,3208.333,2955.428,3014.667,3285.120
3229.760,3312.450,3182.208,3110.371,3260.500,3191.500,3203.262,2968.833,2992.000,3280.560
3226.520,3332.150,3203.292,3106.657,3266.950,3172.312,3198.381,2948.881,3001.533,3295.000
3239.520,3312.900,3197.750,3106.371,3297.750,3229.250,3202.214,2963.357,3001.867,3299.160
3218.200,3285.650,3183.875,3110.086,3289.300,3183.625,3216.000,2954.428,3028.933,3275.360
3239.240,3317.650,3192.292,3099.257,3276.100,3177.625,3201.119,2939.524,3014.667,3275.640
3200.440,3292.000,3188.292,3101.686,3280.050,3212.562,3198.714,2968.095,3018.533,3285.600
3233.880,3306.550,3194.375,3100.057,3268.850,3171.000,3199.310,2944.667,2994.067,3280.080
3213.520,3296.200,3190.958,3110.486,3257.400,3186.625,3201.905,2954.548,3026.067,3265.480
3230.920,3276.550,3171.833,3103.857,3259.200,3165.250,3186.857,2942.833,2995.733,3272.840
3214.000,3296.450,3170.208,3114.886,3272.600,3175.750,3199.976,2951.714,3008.400,3229.760
3211.040,3296.600,3186.333,3096.914,3271.100,3159.375,3210.881,2953.286,3005.933,3257.200
3212.240,3286.900,3166.167,3126.600,3257.900,3209.938,3199.524,2948.167,3004.200,3249.960
3227.600,3310.900,3179.125,3115.943,3248.750,3177.250,3186.452,2954.667,2990.867,3291.480
3218.480,3272.300,3163.625,3110.971,3282.850,3178.750,3204.667,2951.214,3019.533,3282.760
3230.600,3276.100,3195.167,3096.114,3279.050,3180.125,3206.286,2954.143,3003.533,3278.120
3224.680,3292.250,3166.250,3101.800,3258.250,3175.250,3189.810,2953.143,2998.267,3286.400
3193.760,3288.400,3184.083,3075.800,3264.900,3145.938,3201.786,2960.833,3009.733,3286.240
3212.880,3271.500,3193.792,3111.572,3259.950,3178.500,3193.333,2944.238,3025.800,3299.560
3225.480,3284.900,3168.500,3103.857,3262.150,3154.938,3208.738,2945.286,3003.400,3277.680
3232.560,3289.700,3183.500,3101.428,3256.600,3152.000,3214.738,2956.167,3001.067,3265.000
3210.520,3292.250,3182.958,3102.457,3267.700,3157.812,3193.072,2944.905,3005.800,3276.200
3203.040,3306.400,3185.958,3074.086,3258.750,3163.438,3189.810,2955.072,3013.667,3280.280
3211.160,3263.200,3169.333,3104.400,3260.800,3163.125,3216.786,2961.381,2996.867,3244.960
3204.960,3304.950,3162.667,3096.629,3267.400,3173.250,3200.595,2939.405,3019.133,3273.840
3223.000,3277.600,3163.583,3107.771,3270.750,3177.500,3218.810,2933.238,3047.800,3283.320
3204.440,3286.250,3167.500,3119.714,3279.000,3166.500,3200.881,2927.238,2993.333,3280.480
3185.040,3287.750,3178.875,3097.572,3250.750,3156.062,3221.881,2938.000,2992.267,3269.080
3181.600,3305.000,3197.500,3109.057,3268.550,3151.250,3202.333,2955.381,3011.800,3277.120
3199.320,3296.000,3184.500,3090.771,3261.350,3170.812,3216.452,2949.690,2996.200,3263.760
3210.960,3272.150,3176.208,3090.714,3256.300,3177.750,3196.810,2940.143,2997.200,3279.920
3204.160,3271.700,3164.708,3102.371,3267.300,3174.438,3196.024,2939.762,3008.733,3284.240
3219.680,3297.350,3164.542,3121.686,3266.450,3180.125,3199.619,2947.405,2980.533,3259.480
3206.560,3304.600,3154.042,3090.514,3249.700,3177.125,3205.405,2948.976,2989.400,3253.600
3202.880,3265.000,3172.167,3090.000,3264.700,3196.312,3199.690,2947.786,3009.600,3262.080
3208.920,3308.200,3187.583,3099.086,3286.400,3148.938,3189.572,2940.167,2998.000,3273.800
3198.640,3299.100,3172.417,3110.200,3266.950,3171.625,3199.905,2951.833,2998.400,3252.320
3196.200,3288.450,3166.333,3108.114,3241.650,3186.938,3192.452,2943.690,2999.467,3311.480
3233.040,3311.000,3167.250,3098.857,3261.750,3160.438,3211.548,2954.619,3011.733,3283.920
3198.200,3287.450,3170.125,3091.514,3246.050,3156.938,3208.500,2955.238,2986.333,3250.480
3187.080,3282.500,3178.208,3097.914,3264.350,3194.000,3198.190,2944.667,3009.067,3255.040
3198.560,3281.550,3156.792,3089.600,3275.050,3173.062,3193.714,2948.952,3032.133,3270.120
3208.880,3270.000,3161.000,3105.514,3275.050,3185.875,3218.881,2944.738,2997.333,3241.280
3200.640,3279.200,3192.083,3096.971,3288.800,3170.500,3194.762,2944.072,2988.067,3288.160
3221.760,3296.250,3180.833,3100.914,3271.100,3159.125,3199.500,2937.667,2992.867,3272.600
3223.480,3285.600,3159.250,3098.572,3281.900,3157.125,3185.143,2930.690,2990.533,3266.120
3218.000,3298.950,3138.958,3102.400,3251.550,3173.312,3196.190,2926.857,3007.333,3268.400
3187.200,3280.000,3167.333,3099.657,3274.200,3162.562,3203.667,2932.595,2988.067,3276.040
3209.320,3277.900,3145.917,3103.572,3257.050,3178.125,3207.095,2932.072,2987.600,3259.400
3203.600,3289.800,3161.792,3101.114,3264.450,3157.938,3175.452,2924.238,2999.800,3259.880
3225.000,3298.050,3165.250,3103.286,3264.500,3155.312,3202.905,2942.905,2989.000,3255.960
3207.520,3279.650,3149.708,3080.371,3284.200,3167.312,3182.262,2936.572,2997.267,3294.200
3195.760,3253.700,3137.833,3116.686,3250.100,3173.688,3199.310,2937.976,3021.533,3264.400
3196.080,3269.700,3169.417,3094.657,3265.500,3160.938,3201.762,2942.214,2978.200,3260.400
3214.360,3276.050,3148.042,3109.771,3257.400,3162.812,3198.881,2933.333,3013.333,3266.280
3215.680,3250.450,3141.792,3086.400,3274.300,3187.625,3200.595,2954.690,2979.600,3285.760
3189.800,3248.600,3164.583,3080.514,3261.400,3180.438,3208.952,2937.786,2983.467,3250.720
3209.360,3288.650,3148.542,3090.572,3255.100,3161.000,3181.667,2928.548,3009.667,3275.000
3210.920,3283.150,3177.875,3092.257,3274.750,3151.188,3190.643,2949.286,2976.000,3264.080
3211.840,3285.900,3156.583,3080.857,3277.850,3197.688,3209.690,2937.762,2961.000,3257.080
3227.440,3286.000,3160.667,3085.857,3252.800,3189.438,3193.381,2943.452,2964.267,3262.960
3209.720,3278.650,3181.833,3080.086,3252.750,3148.250,3196.000,2948.810,2994.467,3266.600
3183.200,3281.350,3193.875,3091.743,3230.550,3175.500,3188.190,2950.690,2971.267,3252.760
3194.080,3291.800,3159.875,3076.943,3277.550,3161.125,3187.405,2933.286,3002.733,3273.800
3226.760,3295.550,3157.708,3116.114,3260.700,3158.938,3187.810,2934.976,2986.000,3282.360
3211.200,3256.600,3151.125,3088.029,3226.950,3196.812,3213.714,2933.476,2987.133,3253.520
3205.360,3271.200,3176.917,3087.286,3247.250,3160.562,3191.143,2949.643,2996.000,3270.320
3207.760,3299.850,3148.542,3094.943,3273.700,3150.562,3199.572,2941.500,2997.467,3247.040
3212.760,3272.300,3175.208,3093.229,3261.050,3173.750,3197.952,2940.048,2965.200,3280.840
3214.400,3294.400,3171.375,3087.286,3260.500,3161.688,3190.405,2933.024,3008.400,3266.120
3211.480,3269.950,3158.833,3096.428,3276.200,3186.500,3212.810,2941.524,3015.267,3264.960
3173.360,3278.850,3190.167,3108.286,3247.000,3150.250,3187.833,2965.119,2966.800,3279.640
3201.960,3262.100,3166.208,3097.771,3259.700,3202.875,3194.881,2948.881,2974.933,3276.480
3219.680,3292.300,3168.875,3088.086,3244.850,3184.125,3188.881,2950.286,2986.267,3274.120
3233.880,3275.350,3159.542,3083.314,3258.800,3195.562,3193.167,2943.310,3003.267,3269.680
3225.360,3265.850,3150.500,3079.771,3256.000,3182.625,3176.810,2938.952,2965.267,3289.720
3216.320,3259.500,3172.417,3096.171,3257.350,3171.938,3178.548,2961.405,2961.333,3280.440
3219.880,3283.650,3181.125,3084.457,3236.950,3196.812,3184.333,2943.690,2989.867,3262.240
3205.600,3265.900,3165.375,3077.143,3267.400,3178.938,3209.714,2941.786,2977.600,3271.440
3199.120,3263.550,3173.417,3068.114,3244.400,3175.188,3201.119,2954.928,2972.067,3252.680
3190.480,3283.250,3176.542,3087.200,3250.750,3198.750,3192.690,2948.690,2979.133,3277.880
3219.800,3307.100,3173.333,3097.543,3258.450,3179.812,3202.524,2947.333,2989.467,3301.560
3215.560,3292.250,3165.875,3093.600,3241.700,3186.250,3188.286,2927.428,2966.667,3270.120
3195.120,3270.350,3152.417,3070.800,3271.250,3220.500,3184.928,2942.833,2987.400,3264.240
3205.160,3275.500,3181.458,3105.286,3236.350,3197.312,3199.048,2953.619,2980.533,3256.840
3199.840,3267.250,3166.292,3084.543,3284.200,3199.438,3195.452,2948.857,3011.533,3262.320
3207.760,3242.950,3169.000,3075.800,3253.950,3203.438,3195.572,2951.500,2959.600,3266.400
3197.280,3294.700,3153.042,3106.600,3248.750,3176.875,3176.500,2945.762,2982.733,3273.840
3219.760,3277.000,3181.667,3086.286,3280.200,3180.750,3194.405,2940.381,2980.200,3275.320
3199.520,3285.350,3162.375,3100.572,3264.250,3180.750,3204.643,2936.548,2966.667,3262.760
3179.280,3271.450,3154.542,3097.657,3223.050,3180.562,3190.310,2940.048,2990.933,3281.840
3217.080,3271.900,3180.083,3080.800,3254.400,3202.125,3187.000,2935.524,2968.667,3258.600
3210.760,3290.300,3158.833,3081.371,3242.050,3210.125,3175.572,2946.810,2985.867,3271.520
3195.640,3292.750,3171.458,3113.229,3242.750,3147.688,3189.381,2938.167,3007.933,3291.320
3193.160,3279.100,3150.292,3084.543,3245.250,3166.125,3181.786,2940.167,2960.667,3289.760
3197.480,3279.600,3164.167,3072.971,3252.900,3189.938,3190.072,2938.619,3000.200,3257.040
3208.520,3263.200,3159.417,3080.343,3242.800,3181.125,3186.738,2939.548,2961.733,3286.640
3186.040,3278.650,3155.125,3081.000,3273.250,3156.562,3192.095,2939.857,2960.867,3268.560
3224.200,3263.600,3142.625,3078.600,3252.650,3183.500,3187.619,2946.500,2980.867,3252.400
3195.880,3273.300,3149.958,3072.171,3274.800,3169.688,3184.786,2944.762,2957.600,3258.640
3196.840,3266.350,3170.083,3082.000,3259.950,3159.688,3190.619,2935.048,2980.200,3246.160
3192.720,3273.300,3160.708,3080.029,3259.750,3186.875,3187.762,2935.357,2980.467,3244.920
3213.680,3297.050,3143.167,3075.457,3239.250,3160.625,3193.310,2945.524,2967.533,3272.840
3195.600,3246.400,3149.333,3073.943,3233.050,3170.312,3174.405,2941.405,2958.933,3254.840
3184.600,3268.250,3166.708,3071.971,3222.100,3159.250,3198.428,2936.762,3002.200,3241.280
3176.840,3283.400,3149.542,3076.000,3253.750,3195.875,3202.476,2948.405,2947.733,3246.200
3186.440,3270.150,3153.250,3091.686,3237.600,3188.375,3201.548,2940.643,2969.333,3287.320
3202.600,3287.050,3161.417,3078.114,3260.200,3155.438,3187.190,2935.286,2980.133,3264.960
3197.720,3278.900,3130.667,3067.029,3213.350,3137.312,3192.810,2944.381,2935.867,3273.480
3204.320,3283.450,3155.958,3083.371,3281.600,3178.188,3185.024,2941.667,2973.467,3260.160
3189.160,3289.550,3155.500,3080.086,3217.100,3174.000,3196.190,2942.143,2973.133,3257.080
3178.040,3256.650,3156.542,3068.743,3245.050,3187.438,3197.810,2947.548,2977.000,3250.400
3199.760,3275.000,3161.500,3067.428,3261.200,3153.750,3196.405,2930.333,2944.600,3279.840
3185.680,3267.900,3152.000,3092.428,3285.050,3185.375,3212.976,2948.214,2968.733,3251.400
3200.320,3263.850,3163.292,3072.114,3250.800,3187.312,3195.095,2931.357,2969.733,3249.360
3184.040,3296.600,3169.250,3081.200,3232.650,3176.250,3220.786,2937.452,2987.800,3266.960
3201.040,3278.950,3182.667,3076.286,3264.050,3189.500,3195.714,2941.762,2962.267,3259.240
3199.200,3262.050,3167.083,3090.200,3264.800,3177.875,3210.143,2926.333,2963.467,3254.800
3199.160,3264.900,3153.750,3085.314,3275.850,3178.812,3180.976,2942.452,3001.600,3266.880
3183.240,3280.000,3159.250,3081.800,3253.350,3183.500,3202.595,2935.048,2966.200,3262.200
3182.120,3254.850,3164.417,3084.943,3239.800,3186.438,3202.762,2934.143,2954.467,3266.440
3190.040,3267.850,3164.875,3080.171,3252.250,3163.312,3216.714,2928.310,2985.133,3285.520
3170.440,3253.200,3141.792,3070.200,3248.400,3187.812,3198.762,2949.881,3000.667,3247.080
3187.800,3287.050,3151.917,3078.343,3248.750,3193.812,3211.643,2939.190,2969.333,3263.120
3205.800,3281.150,3173.208,3082.686,3238.300,3178.688,3176.000,2938.476,2973.933,3266.960
3204.520,3261.600,3164.375,3082.057,3259.800,3186.438,3195.452,2958.857,2950.733,3262.400
3192.560,3283.050,3166.042,3088.771,3215.700,3188.875,3205.667,2946.167,2974.000,3261.400
3193.040,3301.950,3159.292,3086.572,3245.250,3190.188,3195.857,2951.452,2967.000,3253.880
3202.840,3283.200,3162.333,3077.000,3241.800,3189.125,3207.833,2949.952,2978.733,3273.000
3200.360,3262.700,3169.458,3068.428,3241.650,3241.875,3197.119,2942.786,2992.067,3278.080
3192.440,3261.050,3169.917,3064.343,3254.950,3212.188,3206.119,2940.262,2986.200,3255.600
3193.960,3287.850,3140.292,3090.514,3260.300,3216.000,3216.119,2938.405,2963.533,3306.960
3208.760,3254.750,3179.958,3074.171,3237.700,3212.750,3189.262,2946.405,2967.533,3278.240
3188.880,3282.250,3169.667,3097.143,3205.750,3210.875,3213.976,2958.333,2986.267,3257.160
3195.320,3286.500,3164.792,3070.714,3244.600,3190.812,3213.143,2957.810,2971.400,3275.320
3206.200,3246.800,3155.333,3076.743,3229.500,3206.375,3209.167,2937.738,2982.200,3253.280
3216.000,3285.750,3158.958,3100.343,3237.950,3205.375,3212.452,2946.452,3002.200,3272.360
3202.880,3270.450,3154.125,3094.771,3278.850,3196.312,3203.786,2934.381,2967.000,3279.440
3202.920,3264.400,3173.000,3091.714,3253.200,3199.312,3222.000,2942.048,2967.600,3277.120
3188.440,3275.550,3166.333,3094.229,3239.700,3194.375,3201.286,2931.476,2963.667,3266.560
3196.960,3261.550,3184.250,3091.686,3227.950,3198.312,3209.072,2942.024,2946.400,3262.120
3213.800,3270.950,3161.250,3076.600,3218.200,3209.438,3203.643,2932.143,2969.133,3285.200
3187.880,3268.500,3157.667,3076.314,3250.100,3235.625,3216.905,2956.262,2956.000,3294.120
3211.000,3276.200,3180.958,3081.629,3246.550,3196.812,3202.548,2942.905,2938.667,3243.400
3186.080,3257.500,3163.875,3085.572,3256.900,3221.500,3192.548,2930.000,2959.867,3263.080
3199.560,3279.850,3161.875,3079.686,3229.050,3217.312,3209.881,2931.786,2963.133,3275.400
3199.360,3274.100,3171.083,3057.514,3234.800,3187.438,3199.286,2938.167,2969.267,3268.800
3205.560,3284.600,3166.500,3076.314,3223.400,3215.062,3196.119,2940.572,2970.267,3262.880
3205.040,3249.550,3170.958,3078.428,3229.000,3196.062,3200.500,2940.786,2957.933,3274.800
3208.280,3266.550,3176.875,3085.229,3251.550,3186.000,3200.143,2938.428,2963.400,3249.400
3197.840,3263.950,3187.083,3081.171,3230.350,3216.938,3190.333,2933.405,2963.267,3270.360
3180.720,3272.950,3171.708,3074.257,3247.500,3201.562,3201.238,2934.714,2984.600,3265.640
3196.120,3275.000,3192.125,3082.514,3275.500,3236.312,3182.214,2932.619,2978.333,3272.200
3185.000,3254.450,3155.958,3078.829,3234.250,3197.188,3189.095,2922.405,2940.800,3269.840
3190.560,3252.750,3175.333,3093.314,3240.200,3214.312,3186.976,2935.928,2944.867,3269.120
3198.800,3267.400,3151.042,3087.543,3216.800,3218.500,3196.524,2950.405,2962.667,3276.320
3183.560,3241.300,3155.417,3081.971,3251.150,3202.625,3193.786,2926.572,2939.667,3265.960
3186.880,3237.650,3163.708,3086.914,3248.800,3187.125,3206.833,2942.310,2958.133,3264.320
3186.200,3274.800,3150.458,3093.543,3250.300,3183.000,3195.024,2950.928,2965.133,3253.440
3218.320,3268.800,3159.958,3072.914,3230.050,3194.375,3201.000,2934.786,2961.133,3250.880
3206.520,3240.600,3161.542,3073.428,3226.150,3214.562,3198.548,2941.048,2947.067,3267.280
3186.600,3241.450,3163.667,3071.428,3247.550,3197.500,3189.976,2932.952,2972.067,3282.640
3178.880,3270.650,3165.958,3078.714,3243.050,3227.312,3182.619,2929.881,2960.533,3272.160
3194.200,3270.850,3165.875,3067.314,3222.900,3186.375,3195.238,2939.905,2959.667,3257.360
3177.840,3289.100,3131.875,3063.257,3253.500,3239.562,3184.167,2920.357,2931.667,3257.680
3191.480,3253.950,3152.875,3070.686,3246.250,3149.125,3183.357,2933.524,2973.267,3233.720
3187.360,3236.150,3178.458,3085.743,3212.150,3193.750,3174.714,2933.476,2954.267,3234.920
3185.680,3247.350,3147.417,3080.829,3227.000,3192.562,3195.286,2928.524,2970.333,3222.560
3197.480,3236.850,3156.292,3072.343,3222.700,3205.438,3176.333,2939.143,2935.333,3276.040
3191.320,3263.600,3147.042,3071.314,3201.000,3199.562,3168.595,2924.524,2948.600,3273.400
3184.000,3259.300,3153.708,3075.171,3226.200,3191.562,3189.572,2935.762,2932.533,3236.000
3190.840,3274.950,3159.083,3071.943,3229.150,3218.438,3186.190,2913.905,2968.733,3253.920
3200.480,3245.650,3136.167,3072.886,3246.150,3186.938,3183.667,2927.595,2946.867,3248.920
3178.360,3241.950,3156.625,3091.257,3223.400,3191.750,3181.238,2928.452,2939.467,3253.600
3173.280,3245.300,3157.833,3060.286,3236.100,3219.812,3191.905,2941.238,2981.400,3263.640
3177.520,3258.350,3152.167,3058.057,3223.400,3199.625,3190.643,2912.286,2963.533,3256.240
3189.120,3254.200,3188.708,3086.600,3225.300,3224.688,3174.167,2947.119,2954.067,3255.720
3178.280,3260.450,3155.792,3054.400,3221.400,3237.438,3181.024,2930.786,2946.333,3259.960
3171.280,3247.450,3155.583,3062.943,3240.300,3220.875,3179.714,2946.524,2944.267,3276.640
3207.760,3252.250,3125.125,3061.314,3235.800,3185.188,3183.786,2940.262,2971.333,3254.960
3177.440,3248.500,3142.667,3077.428,3225.250,3198.250,3182.976,2932.952,2936.400,3246.560
3181.160,3261.100,3179.333,3058.371,3220.350,3177.875,3190.833,2925.357,2934.867,3256.320
3178.280,3249.000,3162.542,3067.200,3237.550,3219.875,3189.405,2940.524,2951.133,3254.080
3177.720,3252.250,3166.750,3085.686,3226.850,3226.500,3168.286,2941.333,2929.067,3252.160
3174.480,3229.400,3157.708,3063.314,3223.350,3223.688,3170.000,2934.238,2925.467,3269.600
3182.440,3259.450,3149.000,3068.486,3243.900,3214.750,3188.333,2934.881,2954.067,3255.600
3196.600,3262.650,3169.000,3056.800,3234.900,3217.750,3185.072,2936.262,2955.667,3269.280
3181.680,3254.850,3145.667,3072.914,3217.800,3228.688,3167.428,2942.881,2928.600,3250.760
3165.680,3276.700,3157.125,3070.657,3227.800,3227.188,3176.595,2945.190,2949.800,3266.880
3206.120,3249.500,3175.417,3080.771,3211.550,3254.000,3162.905,2944.595,2932.600,3276.480
3183.640,3250.300,3176.750,3077.343,3254.850,3221.375,3160.643,2942.167,2969.333,3279.080
3191.000,3250.750,3180.792,3063.914,3211.200,3228.500,3166.857,2931.119,2950.467,3259.280
3192.280,3244.650,3161.083,3067.257,3231.150,3228.812,3162.810,2931.476,2960.933,3264.920
3183.480,3259.600,3169.333,3064.457,3215.500,3240.375,3167.167,2927.595,2922.467,3253.400
3191.240,3236.600,3169.042,3069.543,3220.100,3233.688,3167.976,2931.572,2942.867,3232.680
3198.760,3261.500,3178.292,3083.428,3228.700,3214.750,3167.881,2929.310,2953.667,3243.920
3161.560,3260.200,3138.917,3052.714,3225.900,3210.750,3173.310,2932.452,2936.400,3277.680
3194.520,3261.100,3137.417,3065.343,3213.100,3235.188,3176.072,2942.548,2978.467,3237.040
3189.400,3205.600,3150.375,3075.143,3204.500,3210.500,3169.024,2930.072,2948.267,3243.080
3174.200,3259.600,3142.167,3072.400,3231.550,3217.125,3180.667,2932.810,2970.000,3240.960
3205.240,3274.350,3173.792,3084.114,3231.200,3214.312,3162.976,2942.238,2936.800,3263.560
3178.840,3266.000,3148.583,3075.114,3228.300,3237.875,3163.048,2936.428,2942.600,3240.640
3169.560,3261.100,3163.208,3059.428,3214.650,3233.312,3151.738,2949.095,2953.133,3270.400
3189.960,3225.600,3149.083,3061.943,3253.400,3228.562,3185.428,2915.952,2930.267,3246.960
3193.520,3253.100,3156.167,3057.714,3232.250,3212.625,3157.262,2926.143,2936.733,3258.720
3174.880,3243.350,3144.042,3068.543,3226.650,3214.562,3177.905,2939.833,2920.267,3272.320
3151.560,3221.950,3158.875,3047.400,3207.100,3195.188,3182.381,2927.024,2930.933,3233.520
3162.400,3220.600,3118.250,3068.428,3221.700,3209.250,3164.738,2930.500,2954.000,3244.520
3169.760,3246.750,3155.833,3057.971,3185.650,3195.875,3173.572,2923.548,2943.133,3246.720
3190.480,3248.050,3137.250,3052.086,3219.000,3220.875,3181.786,2947.572,2969.800,3243.200
3164.480,3241.800,3176.417,3078.114,3216.600,3205.625,3165.310,2936.357,2929.400,3237.120
3181.360,3236.700,3140.125,3078.200,3216.550,3233.688,3160.500,2914.214,2958.467,3241.720
3177.960,3222.600,3163.000,3053.029,3222.850,3218.875,3150.524,2929.405,2952.067,3230.760
3160.360,3254.400,3134.167,3051.657,3195.900,3227.688,3149.714,2937.214,2926.467,3253.080
3200.520,3256.000,3148.875,3068.057,3242.650,3206.312,3185.381,2926.238,2940.200,3257.120
3158.560,3256.250,3146.208,3064.029,3244.950,3207.938,3172.690,2925.857,2935.867,3256.080
3178.440,3244.250,3133.083,3055.657,3208.900,3194.562,3155.072,2933.524,2940.467,3262.840
3180.400,3240.200,3157.667,3046.914,3247.700,3180.438,3161.143,2912.000,2945.067,3236.760
3164.720,3230.200,3149.667,3066.314,3196.200,3206.750,3164.548,2920.452,2961.667,3252.600
3160.600,3234.100,3141.208,3058.400,3220.050,3221.375,3174.524,2915.857,2935.600,3256.760
3163.000,3246.550,3143.250,3058.771,3235.900,3198.125,3177.500,2922.452,2917.467,3238.640
3154.800,3257.650,3137.375,3054.629,3218.700,3195.125,3161.881,2930.048,2944.333,3265.240
3176.000,3259.250,3139.292,3045.514,3235.250,3187.812,3160.714,2928.928,2936.667,3246.360
3167.920,3222.000,3140.500,3062.971,3211.350,3198.500,3157.167,2918.928,2946.600,3245.080
3164.640,3220.750,3150.417,3053.971,3220.600,3192.125,3164.405,2919.119,2935.733,3246.160
3161.160,3239.300,3145.292,3050.771,3230.900,3193.688,3161.190,2922.357,2939.000,3221.080
3172.200,3237.750,3140.042,3057.714,3205.150,3204.500,3151.238,2914.143,2933.867,3239.320
3148.040,3214.000,3137.750,3055.057,3197.450,3246.250,3157.643,2921.310,2931.333,3251.080
3157.480,3253.400,3140.125,3076.400,3224.400,3210.312,3148.714,2938.190,2942.667,3242.360
3152.880,3212.550,3145.500,3060.629,3207.500,3186.625,3164.952,2914.881,2926.000,3241.520
3171.000,3235.300,3134.625,3067.514,3197.500,3230.375,3155.072,2918.357,2952.133,3244.080
3156.600,3252.200,3136.458,3053.572,3192.100,3201.500,3158.357,2930.428,2941.467,3260.040
3162.440,3228.750,3163.958,3056.457,3221.250,3185.438,3143.810,2938.976,2936.400,3244.640
3174.360,3240.950,3146.042,3055.514,3204.400,3182.562,3146.548,2911.572,2944.400,3233.520
3165.760,3233.700,3144.583,3056.829,3214.200,3227.125,3167.286,2926.714,2947.267,3246.760
3184.760,3217.050,3112.125,3062.143,3202.000,3201.562,3142.976,2907.452,2925.067,3241.440
3174.000,3225.750,3140.875,3075.428,3239.100,3180.812,3155.167,2917.428,2941.533,3219.560
3146.920,3231.150,3114.208,3060.714,3241.150,3186.562,3153.143,2916.167,2934.667,3232.920
3156.000,3225.650,3145.792,3048.971,3218.850,3188.625,3135.928,2920.857,2954.800,3217.040
3147.000,3226.600,3124.792,3052.572,3215.150,3181.938,3153.357,2917.428,2939.600,3244.720
3166.800,3238.200,3115.250,3052.428,3224.100,3163.562,3156.500,2911.310,2934.467,3222.640
3164.360,3220.350,3114.500,3059.086,3212.750,3177.750,3151.476,2901.928,2931.533,3231.800
3155.200,3218.050,3117.333,3041.114,3217.900,3203.938,3164.238,2912.905,2940.400,3250.720
3191.080,3219.950,3137.167,3060.114,3217.200,3180.000,3155.428,2924.928,2937.200,3231.320
3163.080,3235.900,3130.250,3069.971,3219.000,3201.062,3146.310,2922.286,2953.400,3221.880
3144.240,3250.450,3124.708,3052.857,3205.600,3153.188,3151.048,2931.452,2922.867,3211.720
3152.680,3231.700,3115.542,3047.743,3206.750,3187.812,3142.524,2909.024,2944.467,3239.920
3124.600,3228.950,3138.583,3050.171,3213.650,3191.438,3151.833,2926.643,2956.333,3231.920
3147.480,3242.700,3114.750,3054.171,3227.100,3184.000,3155.857,2918.857,2963.600,3237.320
3163.600,3220.150,3142.208,3050.514,3212.350,3176.812,3140.072,2912.286,2962.067,3225.000
3156.800,3205.150,3081.125,3049.857,3228.250,3186.875,3134.572,2904.905,2915.733,3219.200
3149.080,3207.550,3133.625,3060.486,3232.150,3198.500,3152.095,2921.214,2941.600,3255.160
3157.720,3223.000,3123.875,3059.229,3217.150,3159.688,3143.476,2918.572,2941.333,3228.040
3155.200,3227.600,3118.833,3052.914,3204.250,3169.500,3139.048,2916.548,2941.800,3228.280
3157.120,3216.300,3110.458,3044.486,3224.250,3176.375,3161.357,2907.810,2922.600,3218.080
3153.080,3214.800,3127.375,3064.257,3220.850,3187.250,3148.524,2919.310,2963.133,3232.440
3164.880,3219.200,3127.208,3042.200,3190.550,3186.750,3164.476,2932.810,2943.867,3231.720
3143.120,3234.550,3126.500,3048.714,3196.050,3178.438,3133.095,2919.714,2955.600,3214.240
3154.200,3220.800,3141.542,3032.886,3208.900,3193.438,3146.810,2919.167,2950.267,3234.440
3156.400,3228.150,3147.375,3053.629,3203.000,3199.750,3158.262,2895.095,2952.467,3234.080
3164.520,3234.850,3114.333,3053.314,3232.250,3174.375,3154.690,2913.190,2942.267,3233.560
3176.120,3223.450,3118.542,3043.857,3222.150,3172.375,3152.619,2915.548,2976.333,3222.640
3141.840,3235.750,3126.542,3049.714,3217.000,3211.375,3136.500,2923.643,2935.400,3222.720
3159.960,3233.050,3118.750,3051.914,3224.700,3177.375,3155.452,2909.857,2978.000,3219.960
3164.240,3230.350,3106.500,3046.743,3208.650,3197.750,3135.500,2907.476,2938.133,3213.480
3114.400,3224.750,3105.625,3038.086,3210.000,3175.812,3138.381,2907.928,2935.667,3242.200
3127.280,3214.150,3105.958,3035.771,3235.800,3160.250,3136.928,2917.190,2912.733,3214.680
3134.520,3205.750,3091.708,3050.771,3212.600,3155.375,3128.310,2898.143,2967.467,3220.640
3143.680,3231.250,3135.958,3032.800,3203.300,3162.688,3165.643,2913.572,2951.067,3224.680
3171.840,3215.200,3101.500,3058.914,3230.050,3136.125,3163.357,2921.048,2941.333,3213.240
3161.200,3204.250,3129.750,3053.057,3208.900,3169.188,3148.428,2911.548,2942.600,3213.960
3166.960,3242.600,3084.042,3049.572,3221.150,3147.500,3146.976,2909.452,2931.200,3209.440
3137.240,3229.800,3111.083,3049.029,3184.200,3155.062,3144.786,2904.333,2970.400,3203.720
3150.680,3209.450,3109.292,3026.543,3241.650,3136.562,3145.024,2912.548,2951.467,3223.680
3162.680,3202.850,3115.583,3046.143,3208.600,3161.812,3145.810,2911.310,2932.867,3234.760
3143.680,3220.900,3104.542,3048.314,3204.700,3161.312,3131.857,2901.428,2939.067,3210.920
3168.320,3225.900,3113.833,3053.714,3201.400,3153.625,3150.810,2906.857,2961.400,3215.920
3156.920,3210.600,3106.000,3043.200,3216.650,3157.312,3153.548,2898.286,2978.333,3220.480
3138.520,3222.150,3122.167,3041.714,3209.800,3150.062,3145.738,2914.214,2909.600,3229.360
3145.240,3210.600,3115.708,3038.600,3224.000,3176.312,3157.905,2898.667,2946.533,3226.680
3139.720,3216.900,3096.792,3026.572,3190.800,3138.688,3145.214,2896.214,2932.467,3219.000
3136.320,3192.900,3095.458,3031.743,3194.300,3179.688,3143.500,2892.619,2932.133,3203.360
3141.800,3183.150,3085.125,3038.057,3219.550,3138.125,3156.667,2893.524,2949.533,3225.640
3150.200,3214.250,3098.583,3020.457,3201.250,3129.188,3133.572,2917.905,2943.400,3214.080
3141.200,3199.900,3084.667,3039.229,3217.100,3146.125,3152.381,2903.548,2925.733,3200.000
3165.320,3177.100,3084.667,3041.486,3220.250,3125.000,3151.762,2897.095,2955.867,3197.240
3143.600,3195.200,3084.708,3029.314,3212.600,3112.062,3135.024,2911.381,2935.667,3225.520
3141.440,3191.600,3103.625,3035.486,3212.750,3168.062,3131.167,2904.381,2937.067,3202.760
3119.120,3197.950,3106.250,3019.857,3187.000,3157.375,3119.857,2905.357,2945.467,3197.000
3147.880,3199.450,3094.208,3045.943,3210.650,3143.438,3149.619,2895.476,2931.733,3195.160
3134.000,3209.300,3118.958,3038.457,3202.450,3157.125,3143.572,2894.286,2944.133,3202.440
3134.160,3192.800,3116.000,3041.286,3210.350,3154.062,3128.952,2916.976,2949.067,3215.280
3105.160,3229.250,3085.667,3029.800,3199.250,3149.062,3145.928,2891.738,2947.133,3215.040
3140.360,3213.100,3104.167,3049.286,3208.750,3138.500,3150.762,2901.952,2945.333,3186.160
3144.320,3194.700,3112.333,3035.857,3212.650,3157.500,3138.476,2908.928,2934.400,3218.360
3135.880,3207.850,3093.167,3023.257,3200.450,3172.500,3136.428,2918.619,2936.733,3191.480
3129.360,3228.700,3108.417,3045.629,3199.100,3166.000,3136.572,2901.381,2926.133,3229.240
3131.480,3209.400,3103.667,3036.857,3203.750,3136.312,3140.262,2913.095,2948.600,3201.880
3125.440,3210.000,3090.583,3033.171,3213.800,3146.312,3134.714,2894.357,2942.200,3176.200
3144.360,3201.600,3098.792,3014.086,3209.200,3145.062,3148.762,2892.214,2921.267,3214.800
3122.800,3201.900,3072.667,3035.343,3187.850,3163.250,3125.452,2905.238,2938.000,3206.000
3148.840,3189.200,3088.667,3037.229,3181.750,3142.938,3138.357,2892.928,2952.267,3218.920
3145.320,3202.000,3079.708,3035.143,3212.050,3146.562,3129.833,2898.643,2944.933,3206.360
3128.840,3203.200,3100.125,3044.486,3217.900,3144.750,3123.595,2905.928,2923.200,3213.960
3135.080,3198.600,3090.667,3033.428,3213.350,3129.062,3134.000,2900.143,2929.267,3192.080
3160.240,3202.750,3106.125,3036.657,3223.700,3149.250,3135.357,2899.190,2923.667,3220.720
3132.600,3223.250,3110.375,3047.514,3199.650,3119.812,3139.286,2905.452,2943.067,3209.920
3135.040,3194.500,3097.042,3033.600,3188.500,3147.625,3121.476,2910.428,2945.400,3220.760
3144.680,3221.950,3082.917,3034.400,3193.150,3140.188,3158.619,2889.048,2915.933,3217.640
3130.000,3184.550,3102.375,3036.629,3211.600,3123.250,3139.690,2889.190,2929.267,3213.320
3125.280,3195.400,3102.292,3022.543,3194.950,3156.000,3123.452,2898.905,2966.400,3205.200
3146.600,3193.650,3083.667,3028.428,3204.700,3139.562,3144.095,2900.381,2941.200,3209.240
3132.840,3187.650,3112.375,3038.057,3210.750,3166.688,3132.833,2891.928,2937.267,3188.120
3147.920,3218.550,3086.917,3045.914,3195.050,3114.562,3149.428,2899.452,2962.333,3236.560
3137.320,3194.650,3076.500,3017.857,3194.600,3167.938,3126.976,2907.714,2925.867,3209.040
3138.600,3167.700,3097.542,3046.029,3207.050,3127.812,3142.810,2887.976,2919.533,3193.760
3134.360,3182.700,3092.958,3027.314,3211.500,3166.438,3152.738,2903.595,2916.800,3191.680
3140.720,3173.900,3084.042,3027.229,3212.350,3133.188,3118.881,2896.833,2925.067,3204.080
3135.120,3187.050,3098.667,3035.371,3182.500,3154.500,3135.143,2888.357,2926.333,3199.840
3128.640,3196.350,3109.250,3039.057,3199.900,3120.375,3123.572,2900.952,2918.533,3208.440
3145.480,3175.650,3089.750,3020.886,3230.000,3138.312,3141.143,2879.667,2917.200,3201.480
3125.920,3206.450,3075.583,3028.000,3206.650,3135.625,3140.548,2882.952,2913.400,3194.080
3146.920,3181.000,3108.958,3036.886,3187.300,3139.688,3141.381,2894.238,2931.333,3201.000
3137.800,3227.900,3093.125,3012.229,3192.450,3138.375,3152.024,2896.428,2925.600,3181.720
3159.160,3181.500,3093.375,3047.286,3207.800,3150.812,3149.214,2893.476,2942.733,3201.720
3136.120,3194.000,3103.458,3012.543,3195.200,3153.062,3144.405,2886.643,2922.733,3213.400
3118.520,3183.250,3085.667,3009.543,3216.000,3127.500,3132.310,2885.762,2903.133,3217.160
3129.320,3211.700,3088.625,3018.143,3227.100,3134.375,3155.119,2893.500,2911.267,3179.760
3146.000,3182.050,3084.708,3042.743,3224.000,3127.500,3115.500,2894.000,2929.800,3186.480
3120.640,3204.750,3072.500,3038.971,3198.900,3132.438,3136.833,2871.833,2922.133,3197.280
3111.480,3194.400,3079.708,3006.114,3199.400,3115.688,3139.619,2889.619,2923.267,3205.760
3122.280,3191.600,3074.750,3018.572,3225.850,3118.125,3132.905,2877.786,2927.400,3214.560
3117.600,3166.450,3069.333,3024.314,3205.800,3119.312,3143.786,2882.762,2918.933,3199.480
3112.240,3170.600,3075.250,3029.886,3197.800,3128.750,3135.762,2885.595,2926.000,3193.720
3135.920,3187.900,3090.875,3014.457,3213.050,3143.625,3142.095,2862.333,2964.800,3177.440
3134.440,3188.000,3073.875,3021.428,3210.300,3129.438,3138.786,2894.976,2928.533,3168.360
3125.600,3187.400,3070.417,3018.057,3224.150,3130.312,3140.857,2877.095,2918.600,3177.800
3130.560,3197.600,3060.042,3032.514,3198.850,3141.062,3142.928,2877.976,2910.533,3204.680
3121.080,3164.850,3068.542,3030.857,3183.200,3106.000,3147.762,2880.048,2934.333,3193.000
3127.960,3168.350,3076.292,3030.714,3202.400,3166.625,3141.024,2873.143,2913.867,3184.200
3117.880,3190.300,3078.917,3017.857,3175.000,3141.125,3139.738,2875.810,2911.267,3213.440
3121.520,3185.000,3061.042,3023.971,3196.350,3124.312,3127.738,2872.143,2926.933,3179.200
3137.840,3196.200,3071.042,3009.143,3190.600,3132.188,3131.452,2881.928,2920.133,3201.960
3127.880,3168.800,3075.500,3016.257,3214.100,3157.875,3130.690,2876.238,2905.467,3172.440
3124.160,3180.750,3101.292,3028.343,3173.750,3143.062,3129.524,2869.357,2925.400,3182.960
3148.280,3182.700,3086.250,3037.086,3202.650,3087.875,3131.357,2878.428,2917.667,3198.000
3118.280,3156.400,3070.375,3018.943,3204.800,3142.125,3141.119,2885.310,2918.800,3166.520
3112.840,3159.150,3061.292,3039.514,3188.100,3137.625,3139.762,2870.548,2906.133,3152.240
3119.920,3205.400,3065.833,3005.200,3202.600,3135.938,3129.095,2880.452,2947.667,3167.320
3126.600,3153.600,3072.208,3005.686,3184.600,3103.938,3117.310,2886.690,2906.333,3160.480
3126.600,3189.400,3062.750,3025.514,3202.650,3134.750,3137.833,2875.024,2924.400,3181.400
3124.680,3179.750,3074.958,3023.800,3192.000,3149.750,3146.119,2883.500,2901.533,3165.200
3128.080,3193.700,3064.833,3035.371,3189.400,3157.938,3139.548,2879.595,2929.867,3177.680
3125.520,3172.100,3083.083,3017.743,3199.100,3102.250,3137.857,2863.667,2931.600,3193.440
3122.160,3173.150,3060.542,3026.486,3187.750,3122.000,3141.143,2880.810,2908.533,3183.040
3110.640,3195.200,3052.792,3029.428,3184.750,3108.312,3137.905,2886.714,2906.933,3167.280
3116.800,3169.500,3070.750,3033.743,3194.750,3111.688,3124.310,2864.928,2932.467,3187.680
3103.640,3188.650,3057.333,3033.486,3165.350,3114.312,3154.619,2874.905,2912.867,3195.280
3117.560,3188.200,3087.625,3013.400,3192.700,3106.562,3142.072,2855.928,2913.733,3172.640
3097.200,3169.950,3085.958,3032.029,3195.500,3111.875,3157.095,2868.214,2897.533,3185.360
3141.920,3169.650,3070.250,3008.743,3207.300,3120.000,3138.214,2887.524,2925.267,3204.600
3137.560,3182.000,3070.583,3021.343,3169.600,3132.188,3129.214,2860.262,2907.133,3197.520
3100.560,3180.750,3075.250,3007.543,3184.150,3129.500,3140.928,2852.976,2895.667,3178.840
3099.600,3159.400,3083.333,2987.857,3195.300,3114.062,3147.643,2852.357,2928.733,3183.240
3106.520,3158.550,3079.458,3017.800,3193.550,3121.188,3148.810,2870.548,2941.867,3162.320
3100.000,3176.200,3076.292,3011.886,3192.800,3124.188,3131.190,2882.976,2906.600,3196.680
3108.400,3167.900,3060.750,3024.457,3218.250,3116.188,3164.476,2873.238,2918.733,3177.920
3121.480,3187.600,3054.292,3018.971,3162.150,3136.688,3130.572,2857.024,2909.067,3160.920
3116.800,3166.700,3063.667,3015.171,3203.950,3119.500,3145.928,2874.667,2926.000,3185.000
3115.040,3153.400,3078.667,3014.000,3187.000,3124.938,3118.262,2861.310,2916.400,3158.920
3127.800,3141.800,3047.583,3019.886,3187.700,3133.125,3125.095,2873.238,2895.000,3184.960
3116.600,3145.450,3076.958,3021.171,3210.850,3152.312,3124.833,2870.833,2944.267,3171.600
3110.160,3153.900,3069.750,3009.743,3189.200,3143.250,3118.452,2857.381,2919.600,3189.800
3117.640,3161.950,3077.417,3016.029,3189.200,3123.000,3127.928,2866.333,2927.133,3191.880
3093.240,3166.600,3067.958,3010.057,3165.800,3119.375,3124.928,2892.214,2921.667,3195.280
3108.200,3172.150,3078.417,2984.371,3180.150,3113.750,3098.833,2863.024,2908.533,3183.480
3110.200,3164.200,3088.875,3007.971,3197.000,3152.500,3124.643,2874.714,2917.000,3188.480
3123.800,3165.800,3081.000,3017.886,3179.250,3116.750,3130.857,2874.238,2920.133,3178.240
3104.440,3176.900,3066.542,3016.371,3200.700,3133.562,3114.572,2873.262,2894.000,3172.720
3117.000,3180.250,3082.583,3021.143,3193.050,3158.125,3123.976,2862.786,2907.533,3168.640
3113.280,3180.400,3073.083,3019.886,3189.900,3130.062,3133.786,2873.667,2890.533,3170.040
3128.240,3159.450,3087.583,3021.600,3194.850,3125.312,3125.928,2863.619,2885.733,3176.520
3126.120,3164.100,3060.750,3016.457,3206.100,3153.688,3121.072,2862.000,2891.133,3174.680
3097.520,3159.700,3052.667,3011.114,3191.750,3135.250,3124.262,2860.286,2911.267,3173.800
3094.640,3158.550,3065.875,3019.800,3210.300,3128.062,3130.786,2858.000,2907.067,3175.400
3111.680,3181.650,3063.958,2999.086,3213.000,3135.312,3123.143,2874.333,2903.867,3159.240
3111.600,3165.850,3048.167,3005.886,3194.250,3125.438,3126.928,2857.690,2911.867,3167.080
3115.560,3159.000,3037.417,3016.343,3183.050,3134.188,3118.572,2873.667,2907.667,3193.880
3105.920,3141.850,3050.375,2987.914,3195.350,3139.688,3110.262,2868.000,2888.600,3175.640
3108.960,3149.500,3067.250,3030.029,3185.350,3115.312,3109.333,2874.000,2921.733,3168.480
3103.280,3153.550,3063.208,3002.857,3219.650,3119.125,3107.333,2868.262,2907.000,3168.440
3106.160,3163.250,3041.000,2997.829,3188.100,3115.062,3109.214,2854.167,2874.333,3192.400
3096.160,3183.150,3065.042,2987.886,3189.600,3135.375,3118.548,2854.786,2927.200,3183.160
3093.280,3150.650,3066.708,3006.686,3174.500,3136.000,3119.976,2868.548,2901.933,3169.880
3123.040,3174.850,3075.667,3001.629,3198.350,3121.250,3105.143,2856.167,2918.933,3166.720
3097.480,3150.550,3079.625,2998.314,3200.250,3134.750,3111.690,2865.214,2892.533,3180.040
3110.200,3147.650,3065.000,3010.343,3175.900,3112.875,3128.238,2875.000,2898.667,3158.200
3115.440,3158.300,3079.500,3012.657,3174.450,3133.000,3122.072,2863.572,2924.667,3195.400
3102.600,3192.800,3064.375,3005.486,3162.400,3143.875,3111.857,2863.905,2875.600,3195.280
3095.760,3137.500,3032.542,3009.029,3189.750,3124.312,3105.762,2854.476,2917.200,3186.720
3135.360,3162.000,3059.333,3013.143,3172.150,3121.562,3105.452,2864.976,2898.000,3151.720
3108.520,3125.850,3050.917,3014.829,3180.200,3152.500,3111.572,2869.214,2903.533,3169.360
3125.120,3143.100,3094.667,2999.428,3165.350,3116.250,3096.167,2869.857,2904.000,3194.800
3113.640,3167.650,3055.417,3017.657,3173.450,3125.000,3091.714,2861.405,2901.400,3177.880
3092.040,3183.500,3068.333,3017.714,3174.550,3149.938,3098.952,2859.833,2888.467,3192.880
3113.120,3160.950,3086.625,3004.057,3188.650,3138.125,3110.000,2870.952,2883.533,3168.680
3114.480,3168.300,3063.042,2996.657,3190.800,3178.250,3120.381,2880.524,2892.400,3171.920
3110.960,3169.650,3053.042,3027.572,3157.150,3126.625,3103.286,2851.381,2899.733,3158.040
3098.920,3124.550,3061.167,3002.457,3170.500,3159.688,3111.810,2865.262,2889.667,3174.720
3093.120,3146.350,3052.292,2981.314,3215.150,3134.750,3090.190,2874.690,2878.800,3160.440
3103.040,3162.000,3054.333,3000.829,3159.050,3128.750,3082.667,2860.072,2887.667,3185.960
3100.640,3162.800,3066.083,3001.114,3181.850,3122.188,3108.548,2854.976,2891.000,3193.480
3111.480,3144.350,3070.875,2993.543,3175.000,3129.812,3091.572,2875.738,2889.000,3164.360
3123.560,3147.300,3049.542,3000.971,3176.050,3146.688,3109.024,2857.810,2925.333,3157.160
3113.040,3142.100,3060.792,3009.572,3174.000,3120.125,3099.095,2854.833,2880.000,3151.240
3086.600,3148.900,3046.375,3001.171,3170.050,3133.750,3090.667,2876.810,2901.467,3180.560
3117.920,3150.950,3068.458,3002.572,3153.900,3145.625,3075.238,2858.381,2899.733,3187.360
3102.880,3166.150,3062.958,3002.229,3175.750,3126.500,3109.714,2874.048,2905.467,3173.800
3100.000,3159.150,3054.792,3011.143,3184.100,3105.312,3090.810,2864.762,2916.933,3162.320
3117.440,3147.450,3052.750,2993.914,3177.150,3130.312,3095.000,2852.595,2900.333,3159.800
3112.840,3157.950,3062.083,2997.143,3186.600,3130.125,3094.619,2856.024,2904.600,3171.080
3111.680,3135.500,3065.500,3008.000,3171.150,3144.625,3096.643,2861.500,2874.600,3158.960
3085.120,3156.050,3069.708,2991.457,3180.150,3138.312,3099.738,2876.452,2925.400,3176.800
3101.440,3128.800,3071.458,2988.143,3191.100,3117.750,3103.762,2855.667,2907.533,3163.360
3103.080,3143.100,3048.708,3008.829,3188.250,3130.875,3100.976,2854.643,2932.133,3154.760
3088.160,3149.800,3058.583,2989.057,3159.000,3134.438,3091.024,2852.619,2898.733,3165.560
3109.680,3157.500,3064.375,3017.086,3161.350,3163.812,3094.381,2865.190,2911.267,3158.360
3100.880,3144.100,3062.458,2995.371,3203.600,3173.250,3084.786,2865.262,2912.867,3160.440
3106.560,3161.650,3057.000,2996.114,3181.000,3120.875,3079.667,2865.095,2905.800,3165.080
3108.960,3144.700,3037.250,2994.486,3156.500,3121.438,3086.738,2861.810,2903.200,3195.120
3072.240,3126.250,3059.583,3007.686,3175.400,3130.625,3090.072,2865.976,2890.867,3157.600
3112.720,3141.750,3060.875,3007.486,3158.850,3102.000,3084.667,2860.428,2920.667,3154.880
3094.920,3163.500,3044.750,2993.057,3156.750,3107.500,3083.214,2873.786,2890.333,3169.240
3100.840,3159.600,3034.125,3004.029,3151.150,3120.625,3077.214,2865.952,2930.733,3155.360
3094.560,3142.850,3056.250,2989.314,3149.050,3125.312,3083.476,2861.428,2908.600,3167.440
3109.840,3139.100,3072.500,2993.543,3164.800,3141.438,3078.310,2853.310,2915.733,3166.080
3093.280,3136.000,3063.042,2982.800,3165.700,3139.750,3079.619,2856.500,2905.067,3155.920
3074.440,3147.200,3045.125,3000.743,3158.950,3114.812,3084.286,2855.857,2895.800,3164.640
3097.000,3144.000,3045.292,2994.714,3145.100,3114.438,3084.976,2849.786,2895.667,3175.960
3083.560,3122.950,3049.833,2986.629,3162.250,3127.062,3079.381,2846.905,2898.267,3166.320
3097.840,3143.800,3068.375,2987.829,3173.600,3101.438,3069.976,2851.738,2910.933,3139.480
3094.280,3151.400,3038.792,3007.886,3151.500,3132.312,3083.667,2861.833,2896.467,3158.120
3094.520,3138.900,3041.083,3026.600,3158.500,3130.188,3086.024,2861.381,2868.400,3157.200
3112.600,3144.850,3062.125,3005.600,3167.800,3136.562,3060.381,2864.572,2887.067,3166.960
3066.280,3140.000,3075.333,3001.857,3166.600,3156.375,3062.857,2858.643,2894.867,3152.960
3095.040,3149.500,3070.792,2984.314,3156.000,3151.125,3081.333,2866.857,2892.867,3173.520
3112.280,3130.150,3047.333,2985.457,3158.500,3135.250,3082.190,2865.072,2892.733,3181.320
3100.680,3121.400,3044.667,3009.743,3178.350,3121.625,3079.786,2850.976,2895.267,3185.440
3095.680,3136.850,3038.875,2989.514,3201.050,3140.938,3086.667,2856.381,2865.733,3166.480
3096.200,3145.700,3075.250,3013.400,3152.250,3133.938,3059.952,2853.024,2895.933,3151.680
3079.120,3152.800,3068.167,2995.572,3163.150,3117.875,3066.690,2857.762,2893.667,3142.880
3073.840,3155.000,3063.250,2987.886,3152.700,3123.312,3079.548,2845.714,2883.733,3148.200
3089.960,3159.450,3040.208,2982.743,3173.200,3111.625,3071.333,2859.333,2891.000,3152.600
3069.720,3151.050,3063.208,2997.629,3128.400,3130.250,3069.190,2851.000,2863.200,3163.640
3100.040,3111.000,3050.667,2995.686,3163.650,3127.375,3070.428,2860.143,2888.267,3176.800
3085.120,3138.500,3058.167,2996.572,3154.250,3116.562,3073.214,2849.738,2916.667,3191.040
3082.360,3135.050,3057.333,2989.543,3148.350,3150.000,3077.286,2851.262,2873.333,3155.480
3098.800,3111.800,3043.167,2987.600,3161.650,3146.188,3076.572,2865.405,2892.467,3144.080
3095.840,3135.800,3054.958,2985.514,3162.800,3120.688,3060.310,2854.381,2884.867,3143.040
3082.000,3157.100,3038.833,2991.400,3170.550,3127.062,3056.786,2836.333,2901.200,3176.240
3085.400,3114.550,3063.792,2977.771,3154.350,3132.812,3065.143,2844.405,2889.933,3153.640
3111.440,3126.950,3061.000,2990.829,3165.000,3139.062,3048.476,2847.428,2889.267,3149.640
3066.840,3139.600,3048.958,2975.914,3169.400,3131.562,3061.952,2852.881,2885.667,3178.000
3073.760,3138.350,3056.375,2981.771,3152.750,3116.750,3051.833,2865.619,2899.600,3181.760
3074.640,3134.000,3041.708,2990.486,3153.600,3135.062,3063.476,2846.428,2875.267,3168.400
3088.920,3140.900,3037.792,2978.629,3157.150,3138.312,3057.762,2860.619,2881.467,3158.160
3103.240,3106.450,3064.542,2968.943,3151.450,3163.000,3068.786,2866.619,2888.933,3173.480
3073.400,3142.000,3045.042,2974.914,3146.750,3135.625,3070.786,2848.762,2899.800,3161.240
3093.520,3094.100,3043.083,2987.400,3132.350,3177.125,3061.190,2854.762,2872.933,3168.400
3075.000,3118.900,3054.750,2987.514,3173.100,3157.812,3085.262,2859.143,2883.667,3171.920
3058.920,3115.350,3072.000,2971.029,3143.300,3148.500,3087.905,2853.690,2893.200,3178.680
3088.040,3128.700,3053.667,2980.200,3146.200,3167.812,3085.072,2848.952,2892.400,3174.880
3081.120,3133.650,3062.042,3000.486,3126.700,3167.375,3099.024,2856.738,2882.533,3168.240
3098.720,3121.400,3065.625,2977.600,3138.200,3138.312,3086.500,2865.476,2906.533,3158.640
3090.520,3136.850,3054.542,2979.629,3128.400,3157.812,3084.476,2860.310,2901.000,3171.600
3069.920,3107.400,3061.250,2995.343,3159.450,3147.812,3060.286,2855.262,2892.733,3163.640
3090.920,3117.150,3037.500,2983.286,3130.350,3123.125,3075.619,2853.238,2902.067,3180.880
3098.000,3133.800,3049.000,2984.572,3147.300,3123.000,3065.667,2863.595,2913.267,3178.080
3083.840,3142.200,3050.375,2975.143,3137.150,3151.688,3077.072,2841.167,2891.733,3148.800
3082.040,3133.200,3050.208,2983.000,3162.350,3125.688,3064.952,2840.881,2892.733,3171.640
3071.560,3126.200,3045.500,2973.800,3141.750,3130.500,3071.214,2847.786,2906.200,3148.040
3078.160,3112.150,3058.125,2983.714,3167.500,3135.375,3062.333,2855.381,2897.867,3162.400
3054.840,3109.450,3046.125,2989.114,3159.350,3146.875,3047.167,2847.024,2894.200,3138.720
3079.320,3141.050,3040.792,2975.714,3175.800,3149.938,3058.048,2857.810,2897.400,3138.680
3065.160,3124.750,3044.042,2992.857,3111.800,3149.125,3061.119,2845.572,2891.200,3163.160
3068.960,3136.550,3027.000,2973.886,3137.500,3141.062,3063.143,2974.048,2868.200,3126.320
3066.440,3128.000,3068.417,2985.143,3156.950,3122.500,3040.619,3245.405,2892.000,3148.800
3093.040,3115.900,3050.042,3000.286,3126.600,3335.188,3064.452,3550.810,2881.133,3138.240
3100.280,3116.850,3033.000,2983.029,3125.050,3754.000,3036.048,3816.024,2899.400,3169.040
3064.640,3121.100,3066.375,2962.886,3161.050,4022.750,3060.214,3876.286,2896.200,3132.520
3078.000,3109.850,3032.417,2957.743,3151.300,4042.688,3054.524,3763.810,2879.267,3149.760
3055.200,3115.500,3056.458,3001.886,3138.000,3976.562,3059.310,3704.928,2884.133,3149.440
3086.840,3112.400,3045.375,2972.057,3140.400,3853.750,3055.333,3625.595,2896.400,3157.200
3066.040,3117.050,3054.208,2975.257,3119.000,3790.812,3057.095,3551.357,2888.133,3147.760
3085.480,3126.550,3062.792,2990.200,3145.600,3747.812,3057.214,3485.690,2870.133,3156.360
3067.640,3146.800,3031.917,2980.857,3131.350,3703.500,3056.072,3430.643,2892.733,3151.000
3079.000,3105.450,3048.458,2983.171,3139.900,3672.125,3049.905,3404.714,2873.467,3150.320
3067.560,3129.400,3053.292,2977.029,3142.200,3637.938,3045.286,3339.024,2878.800,3159.600
3066.600,3107.050,3037.042,2981.886,3136.350,3582.562,3048.405,3305.928,2900.400,3139.040
3081.680,3102.450,3054.042,2979.771,3150.650,3572.312,3056.286,3277.024,2899.000,3132.640
3078.800,3110.700,3058.333,2977.657,3115.400,3519.812,3054.572,3250.333,2875.600,3142.280
3097.240,3122.100,3068.292,2980.800,3145.300,3492.688,3058.524,3209.905,2904.667,3154.880
3062.360,3114.200,3047.625,2958.572,3147.250,3447.500,3047.881,3197.167,2871.667,3150.760
3077.720,3112.750,3057.750,2964.000,3135.700,3435.688,3055.286,3158.190,2893.733,3141.040
3046.800,3109.050,3019.333,2983.743,3131.750,3414.312,3047.762,3154.452,2905.467,3141.840
3066.960,3133.550,3039.083,2969.886,3144.350,3347.500,3044.524,3133.143,2869.933,3147.800
3072.240,3134.150,3028.292,2984.886,3115.400,3392.688,3029.881,3112.572,2899.667,3158.760
3070.840,3114.500,3038.792,2973.257,3174.500,3352.938,3043.381,3090.119,2904.067,3149.800
3082.560,3104.600,3040.583,2978.343,3141.200,3354.875,3061.690,3210.905,2890.733,3131.880
3065.160,3125.600,3046.583,2956.114,3130.200,3675.188,3085.238,3513.595,2910.800,3430.440
3084.920,3139.550,3047.083,2969.143,3130.900,4244.125,3128.095,3942.833,2900.000,4159.440
3061.600,3537.600,3167.833,2983.457,3155.050,4871.812,3216.881,4358.095,2901.600,4999.760
3072.280,3819.850,3346.750,2978.629,3139.300,5486.562,3295.643,4576.810,2857.133,5875.440
3064.720,3840.800,3511.792,2970.200,3118.350,5831.750,3315.452,4551.738,2905.667,6351.600
3071.560,3738.350,3492.333,2972.114,3143.050,5785.625,3302.595,4467.667,2892.400,6287.360
3083.760,3702.100,3460.417,2983.029,3140.050,5637.500,3270.214,4362.000,2876.933,6059.640
3064.560,3667.550,3416.125,2960.657,3126.500,5532.562,3255.714,4271.690,2885.867,5912.880
3075.080,3588.150,3397.875,2991.572,3141.450,5302.625,3224.619,4170.000,2884.800,5717.800
3074.400,3571.100,3401.458,2961.771,3166.750,5175.250,3213.428,4088.333,2864.533,5562.320
3078.960,3514.950,3377.750,2978.114,3152.150,4981.875,3210.357,4005.548,2887.067,5427.320
3069.400,3470.250,3365.750,2969.457,3116.300,4854.812,3202.381,3933.167,2876.333,5316.360
3072.400,3453.550,3351.042,2976.000,3100.800,4728.125,3162.214,3858.357,2882.000,5148.000
3043.480,3396.850,3336.708,2955.057,3113.300,4651.562,3165.405,3832.738,2869.200,5077.520
3063.520,3378.550,3295.875,2969.657,3146.750,4556.188,3142.595,3751.833,2886.067,4981.320
3067.960,3367.000,3298.458,2992.686,3119.650,4496.188,3124.524,3724.428,2889.000,4863.560
3054.360,3320.450,3287.458,2961.629,3126.100,4399.250,3125.048,3659.833,2885.867,4783.800
3047.840,3304.000,3274.125,2964.486,3144.800,4332.688,3120.452,3627.928,2910.133,4677.720
3087.440,3284.250,3271.000,2964.029,3156.600,4237.312,3088.452,3579.619,2880.000,4633.920
3056.200,3289.800,3209.583,2968.543,3144.900,4197.000,3087.333,3545.548,2882.667,4520.360
3045.880,3286.550,3214.375,2967.857,3151.000,4114.125,3057.286,3499.357,2864.067,4458.440
3062.720,3251.400,3218.000,2967.343,3126.450,4088.250,3079.833,3521.333,2875.667,4392.440
3048.000,3254.050,3217.458,2977.686,3130.800,4221.312,3125.548,3749.905,2890.267,4424.000
3068.200,3464.950,3290.333,2982.143,3145.950,4918.812,3215.619,4071.167,2873.667,4758.000
3085.440,4104.700,3573.958,2970.714,3122.900,6054.125,3372.500,4503.833,2882.400,5444.240
3587.720,4846.850,3927.125,2977.743,3147.500,7420.062,3579.905,4821.333,2890.733,6037.320
4060.360,5692.150,4239.333,3002.428,3160.000,8749.812,3791.190,4965.119,2884.867,6852.040
4443.120,6409.200,4436.708,2964.543,3179.050,9659.000,3887.500,4945.048,3036.400,7426.400
4488.840,6528.300,4413.583,2991.743,3161.950,9820.812,3856.881,4834.667,3075.733,7481.120
4420.840,6365.600,4355.875,2965.086,3121.350,9496.625,3779.738,4719.048,3043.000,7336.080
4255.560,6154.950,4258.667,2981.800,3147.250,9137.688,3717.619,4622.690,3011.667,7136.400
4148.520,5872.500,4182.208,2976.572,3132.150,8718.812,3629.667,4507.262,3016.867,6955.160
4044.520,5715.900,4101.125,2980.400,3141.600,8415.812,3605.190,4399.690,3014.800,6761.280
3993.280,5479.650,4096.542,2967.914,3117.300,8105.188,3548.119,4344.786,2991.400,6556.840
3908.640,5365.200,4017.500,2970.686,3127.050,7801.312,3483.976,4246.405,3018.400,6433.520
3841.200,5221.350,3957.792,2979.971,3103.900,7563.125,3457.119,4123.524,2967.933,6258.920
3793.880,5078.050,3912.958,2967.572,3129.000,7309.000,3416.095,4082.000,2965.400,6127.200
3748.520,4998.750,3909.625,2978.914,3142.050,7155.688,3398.762,4034.000,2959.533,6033.800
3703.440,4882.400,3851.333,2968.886,3127.450,6904.000,3367.928,3974.000,2930.067,5918.280
3649.680,4745.800,3788.333,2957.943,3153.900,6765.250,3337.833,3901.810,2954.600,5780.360
3616.440,4665.750,3784.875,2983.343,3141.350,6616.562,3348.024,3832.214,2946.400,5657.520
3563.600,4575.050,3725.208,2961.200,3127.000,6387.000,3301.810,3806.881,2923.400,5530.520
3545.640,4484.200,3698.208,2954.743,3115.050,6374.562,3306.667,3784.548,2933.467,5473.480
3488.560,4415.700,3653.458,2963.000,3128.600,6161.750,3233.357,3721.357,2952.800,5370.280
3484.000,4331.750,3613.458,2967.029,3130.450,6021.500,3212.095,3693.143,2918.267,5283.720
3432.720,4335.650,3595.833,2952.000,3122.050,6028.438,3279.714,3836.572,2922.867,5349.080
3500.040,4576.500,3658.583,2952.286,3115.350,6469.500,3420.167,4172.905,2953.467,5741.040
3963.680,5198.400,3886.583,2949.428,3095.000,7325.375,3743.833,4474.952,3008.733,6429.120
4797.160,5966.850,4202.208,2992.857,3110.450,8239.312,4220.405,4792.571,3532.333,7232.960
5913.760,6889.150,4570.625,3331.143,3114.250,9106.125,4811.952,4994.500,4475.267,8266.480
7428.960,7629.950,5003.500,3698.857,3143.950,9749.312,5382.548,4960.738,5511.533,8921.240
8382.640,7870.950,5150.167,3894.686,3086.550,9741.312,5501.952,4889.500,6600.333,8967.960
8487.400,7661.450,5137.083,3889.743,3141.000,9408.875,5411.667,4767.048,7203.133,8769.400
8242.440,7390.100,5019.000,3866.114,3139.600,9121.125,5211.476,4670.738,7238.067,8542.080
7965.640,7202.050,4949.333,3824.114,3109.800,8785.625,5097.429,4535.048,6971.800,8264.320
7690.520,6964.700,4863.000,3753.143,3129.600,8533.812,4948.381,4452.071,6717.600,8056.880
7390.600,6794.450,4775.042,3708.143,3138.600,8231.250,4863.119,4353.524,6508.800,7824.280
7170.920,6557.950,4737.250,3642.000,3121.100,8016.625,4756.833,4265.310,6305.400,7651.360
6964.560,6393.450,4647.458,3624.400,3116.150,7760.750,4645.405,4182.738,6032.133,7427.920
6786.680,6288.000,4600.292,3577.743,3141.650,7504.812,4583.190,4099.667,5861.067,7263.360
6553.160,6133.750,4530.167,3543.543,3108.600,7297.188,4497.619,4051.381,5667.200,7083.960
6377.680,6052.350,4459.708,3498.428,3113.200,7031.375,4436.167,3977.619,5578.933,6872.760
6229.720,5859.150,4425.250,3495.886,3115.000,6911.375,4346.619,3935.357,5412.333,6768.640
6092.840,5755.600,4348.625,3453.143,3119.950,6752.250,4283.905,3866.310,5259.267,6587.640
5945.360,5650.150,4323.333,3436.343,3131.600,6588.750,4225.810,3820.190,5133.800,6478.760
5853.760,5497.600,4239.333,3407.743,3118.650,6456.938,4141.714,3769.476,4983.667,6373.920
5711.880,5433.850,4217.458,3365.000,3128.850,6285.562,4112.405,3743.214,4933.267,6244.280
5613.680,5304.050,4152.000,3338.343,3117.700,6187.750,4045.405,3716.810,4793.400,6122.800
5486.320,5246.850,4141.875,3298.686,3127.400,6033.250,4041.333,3756.500,4716.667,6003.640
5422.920,5187.550,4104.792,3289.743,3146.900,5988.562,4197.476,4010.000,4660.667,5959.440
5496.160,5382.650,4179.708,3294.029,3111.950,6485.750,4549.214,4415.976,4650.800,6229.200
6095.480,6098.100,4438.708,3354.657,3117.250,7500.312,5107.476,4755.095,5103.133,6911.120
6838.720,6878.050,4875.750,3596.971,3116.850,8641.125,5703.429,4978.167,6079.800,7585.680
7485.920,7602.650,5251.042,3877.114,3143.700,9338.562,6208.333,5020.810,7109.267,8027.280
7981.520,7854.550,5672.125,4083.400,3149.050,9522.312,6458.524,4941.119,7945.733,8156.600
8095.760,7730.250,5926.250,4273.886,3302.550,9327.750,6372.881,4859.952,8593.134,8082.240
8033.360,7503.400,5934.875,4297.343,3336.000,9155.938,6138.690,4738.524,8639.667,7921.640
7858.480,7297.200,5827.750,4231.914,3314.750,8845.062,6013.381,4611.310,8318.200,7674.520
7615.720,7082.000,5712.083,4169.829,3296.200,8626.688,5811.429,4502.881,8070.867,7482.880
7349.600,6891.600,5628.250,4088.286,3267.450,8341.312,5646.452,4401.571,7787.600,7334.000
7126.680,6701.050,5518.875,4032.971,3262.150,7997.250,5534.071,4306.429,7516.067,7076.440
6945.920,6579.850,5475.250,3971.114,3299.850,7733.438,5419.095,4212.310,7274.933,6935.160
6767.280,6393.000,5344.458,3932.057,3260.800,7586.062,5292.548,4119.405,7073.733,6767.720
6639.720,6245.100,5265.667,3892.229,3235.700,7330.438,5178.929,4046.572,6865.267,6602.280
6435.120,6118.500,5191.000,3861.086,3241.100,7059.500,5096.571,4024.333,6668.400,6480.080
6326.320,5990.300,5119.625,3793.743,3215.850,6990.188,5016.262,3931.762,6528.800,6375.680
6192.480,5794.800,5033.500,3766.343,3222.650,6811.375,4938.643,3884.786,6335.467,6280.080
6024.640,5739.400,4973.792,3740.971,3219.250,6707.625,4846.738,3833.786,6195.133,6200.840
5972.800,5645.000,4946.542,3679.428,3220.700,6510.312,4777.071,3769.167,6076.333,6062.840
5834.520,5602.700,4878.542,3627.457,3202.100,6339.625,4699.952,3751.167,6039.733,5987.320
5743.680,5485.500,4847.208,3608.086,3192.900,6245.125,4655.095,3688.190,5829.467,5916.400
5666.160,5372.400,4785.583,3595.200,3195.650,6129.875,4604.214,3735.286,5717.733,5794.360
5589.960,5268.300,4717.333,3545.714,3192.950,6162.000,4868.952,4136.524,5586.867,5818.600
5698.000,5542.550,4776.833,3526.400,3179.850,6781.188,5307.000,4503.024,5541.667,6220.480
6391.240,6345.450,5071.375,3581.114,3182.050,7724.938,5838.905,4813.357,5960.400,6927.120
7403.120,7314.100,5494.583,3831.743,3244.150,8833.062,6553.571,5051.238,7004.400,7698.600
8337.600,8318.300,5957.583,4169.057,3522.050,9564.125,7265.333,5151.167,8085.533,8287.120
8892.520,8955.200,6650.042,4495.543,3934.150,10068.812,7836.071,5182.262,8949.134,8666.400
8921.720,8975.950,7256.250,4783.343,4267.900,9978.625,7739.476,5021.476,9381.267,8621.920
8828.840,8725.450,7477.292,5080.771,4468.600,9753.750,7510.690,4956.690,9346.000,8435.760
8570.560,8478.550,7484.917,5319.086,4546.150,9512.750,7274.143,4846.429,9294.934,8159.640
8322.960,8191.500,7422.958,5394.257,4520.800,9183.375,7027.500,4775.976,8987.200,7957.640
8061.640,7975.050,7246.250,5323.200,4479.100,8921.938,6868.333,4644.976,8650.667,7749.120
7837.000,7765.900,7089.917,5224.171,4424.500,8547.438,6716.000,4523.119,8440.066,7538.040
7557.880,7502.100,6991.750,5145.114,4268.850,8268.688,6605.333,4444.976,8156.333,7320.520
7336.280,7316.850,6862.000,5046.314,4230.600,8037.500,6387.857,4312.833,7939.867,7158.840
7086.720,7082.800,6704.000,4971.800,4192.650,7748.000,6257.286,4255.786,7675.000,6981.760
6925.080,6882.500,6582.292,4865.314,4119.050,7560.062,6141.833,4167.929,7470.200,6807.880
6680.040,6742.100,6461.625,4801.628,4085.650,7361.312,6059.810,4087.643,7239.933,6664.760
6541.520,6602.800,6370.583,4727.743,4017.900,7129.062,5913.619,4016.810,7085.933,6550.560
6358.800,6424.900,6292.125,4657.628,3987.150,6924.062,5801.452,3943.619,6835.400,6428.800
6218.040,6313.300,6215.833,4602.229,3933.100,6768.750,5723.143,3864.572,6703.267,6328.080
6023.640,6182.500,6043.833,4547.086,3883.200,6626.812,5639.548,3843.452,6500.200,6215.000
5957.440,6089.600,5994.583,4470.086,3821.800,6420.688,5574.333,3774.381,6316.200,6110.160
5818.840,5942.200,5947.042,4429.114,3797.050,6248.688,5498.405,3740.595,6269.067,6002.720
5696.720,5814.250,5842.917,4395.628,3779.300,6101.250,5494.667,3879.595,6016.933,5877.400
5583.400,5796.800,5763.750,4293.800,3716.600,5997.875,5681.667,4210.238,5917.333,5993.640
6072.040,6398.150,5841.917,4316.000,3695.900,6776.625,6331.857,4675.095,6052.467,6595.440
7189.960,7519.550,6251.542,4477.029,3842.650,7945.312,7158.048,5035.857,6951.400,7502.400
8170.440,8508.850,6697.042,4818.971,4157.500,9123.875,7796.095,5150.357,8046.800,8242.840
8657.720,8876.400,7141.917,5107.943,4406.850,9702.562,8062.238,5147.357,8850.467,8467.040
8684.000,8831.800,7476.083,5374.886,4690.600,9750.562,8004.643,5101.476,9008.800,8408.960
8637.160,8665.600,7630.542,5525.086,4949.000,9672.562,7743.667,4967.167,9183.733,8306.200
8327.480,8400.500,7563.458,5607.686,5128.850,9393.062,7523.452,4886.357,8915.467,8135.360
8093.680,8227.900,7438.750,5546.743,5128.600,9074.688,7282.929,4774.571,8773.200,7875.880
7859.480,7926.250,7296.208,5437.800,5029.650,8794.000,7099.190,4682.738,8408.134,7666.080
7631.960,7696.250,7207.375,5354.057,4950.900,8528.875,6938.333,4569.024,8256.467,7503.040
7409.240,7413.850,7033.542,5261.943,4864.450,8202.250,6727.857,4470.071,8014.400,7328.520
7131.880,7212.750,6934.875,5181.571,4764.900,7949.812,6554.214,4356.429,7799.133,7149.200
6896.400,7017.250,6775.750,5077.057,4728.500,7718.188,6392.095,4261.762,7523.800,6947.400
6728.560,6883.400,6644.167,4993.229,4627.150,7445.250,6296.476,4181.167,7247.000,6800.040
6630.720,6696.650,6575.042,4946.000,4577.050,7225.000,6184.429,4096.238,7087.667,6658.560
6395.240,6516.450,6484.167,4849.257,4502.500,7048.250,6061.548,4009.190,6932.267,6508.560
6222.040,6388.350,6329.167,4794.914,4433.600,6865.000,5925.571,3958.072,6723.400,6371.440
6094.840,6225.600,6296.375,4725.372,4376.100,6715.812,5797.119,3891.310,6610.333,6245.280
5915.960,6086.700,6171.667,4667.571,4303.900,6543.812,5711.667,3856.167,6425.333,6141.000
5857.600,6007.500,6071.250,4624.657,4295.100,6352.562,5610.214,3806.857,6274.000,6052.840
5758.560,5916.900,6056.417,4574.943,4221.250,6268.938,5492.048,3738.333,6241.467,5942.760
5628.640,5768.300,5941.250,4507.229,4165.300,6091.938,5537.381,3857.905,6036.933,5830.920
5534.280,5712.000,5899.333,4455.771,4116.000,6096.125,5822.810,4198.214,5966.333,5872.960
5877.920,6162.350,5925.333,4395.143,4052.350,6250.500,6246.095,4515.738,5816.733,6347.880
6764.520,7017.300,6182.458,4408.000,4048.800,7156.000,6823.143,4804.738,6206.600,7091.840
7805.200,7866.000,6677.208,4529.057,4181.600,8222.000,7485.690,5065.190,6959.067,7854.680
8483.840,8545.000,7191.333,4796.571,4496.900,9208.500,7915.429,5155.333,7953.200,8440.400
8703.480,8639.850,7638.542,5060.372,4788.250,9634.875,7894.548,5087.833,8586.267,8636.600
8708.800,8652.450,8009.250,5310.971,5095.600,9898.875,7827.738,5122.714,8967.667,8722.800
8603.160,8574.200,8227.708,5529.857,5270.850,9911.625,7720.952,5074.476,8961.467,8787.840
8483.360,8526.100,8334.042,5703.714,5674.900,9864.312,7661.548,5050.214,8874.667,8680.320
8329.720,8330.550,8335.042,5791.486,5914.650,9760.562,7521.452,4985.310,8784.400,8561.200
8130.040,8124.750,8172.875,5776.686,5908.450,9394.500,7237.690,4877.476,8574.667,8327.880
7906.080,7867.150,8032.708,5643.600,5823.850,9132.938,7019.857,4744.714,8312.267,8088.000
7608.080,7637.450,7923.125,5587.600,5759.800,8899.875,6807.929,4632.357,8201.400,7938.120
7405.360,7451.500,7776.625,5467.686,5657.700,8634.875,6611.262,4490.167,7844.000,7674.360
7111.720,7186.750,7597.333,5380.486,5535.650,8347.062,6439.833,4382.357,7676.333,7505.200
6960.880,7082.000,7513.000,5315.886,5427.950,8036.438,6342.786,4278.119,7404.533,7252.320
6691.400,6866.100,7300.583,5203.114,5385.000,7736.000,6199.738,4201.000,7195.667,7140.160
6515.320,6700.850,7194.625,5141.628,5291.550,7505.688,6100.476,4106.167,7094.000,7017.960
6354.680,6547.650,7109.333,5042.543,5174.800,7278.188,5966.071,4046.214,6830.800,6801.000
6175.040,6360.900,6931.792,4983.086,5104.400,7110.688,5860.452,3967.048,6660.600,6657.720
6040.760,6243.700,6848.958,4908.600,5049.500,6891.875,5728.167,3909.500,6554.733,6527.400
5890.600,6110.550,6797.208,4827.800,4952.700,6788.375,5619.143,3860.524,6383.533,6398.960
5757.200,5973.700,6675.292,4772.114,4906.150,6575.938,5515.500,3805.190,6216.400,6330.720
5649.440,5869.150,6611.083,4703.514,4808.700,6433.125,5601.548,3849.333,6100.067,6191.640
5845.040,5808.850,6503.375,4667.486,4746.600,6335.000,6273.048,4202.762,5970.200,6313.920
6676.960,6154.800,6715.500,4622.143,4680.050,6958.500,7214.667,4620.429,6298.000,6938.720
7505.000,6757.150,7058.667,4616.457,4756.450,7970.812,7804.833,4930.381,6975.600,7665.440
8026.680,7288.350,7419.500,4731.314,4934.900,8855.188,8091.595,5026.595,7725.600,8384.040
8495.760,7739.400,7874.708,5058.114,5293.550,9634.250,8333.452,5123.452,8458.400,9043.800
8663.600,8002.800,8242.167,5408.771,5595.550,10064.438,8383.619,5161.238,8774.733,9333.800
8599.640,8067.250,8508.708,5711.800,5980.700,10163.188,8102.095,5106.190,8871.333,9358.960
8387.600,7898.250,8437.375,5852.571,6221.650,10041.875,7806.714,5050.262,8688.800,9198.680
8235.600,7739.600,8363.833,5925.857,6320.150,9841.562,7653.857,4981.214,8564.066,8980.840
8123.800,7583.650,8359.125,5904.714,6302.900,9619.750,7467.310,4884.262,8354.934,8809.880
7844.320,7366.700,8133.083,5803.343,6204.300,9320.438,7248.643,4780.357,8155.867,8551.360
7596.160,7259.850,7940.458,5687.771,6149.950,9022.625,6968.929,4654.190,8021.467,8352.680
7365.200,6926.700,7771.250,5635.886,6038.700,8674.812,6826.024,4523.357,7681.200,8117.800
7107.120,6837.550,7606.875,5513.686,5914.800,8360.125,6606.167,4407.762,7415.333,7847.040
6858.240,6625.150,7481.375,5413.229,5822.600,8036.688,6443.024,4311.738,7176.733,7638.120
6643.040,6426.450,7385.292,5348.971,5664.350,7774.000,6253.333,4241.262,7132.533,7485.440
6450.600,6309.950,7208.167,5257.114,5651.600,7526.812,6148.690,4113.476,6934.467,7247.480
6284.520,6139.000,7107.875,5179.571,5573.750,7312.500,6003.929,4071.595,6743.600,7101.200
6113.240,6040.150,7003.583,5087.314,5470.500,7064.688,5834.690,3984.762,6606.333,7005.800
5948.760,5877.750,6886.542,5022.257,5373.100,6851.812,5713.690,3883.928,6466.200,6805.720
5804.680,5773.800,6741.625,4920.514,5293.500,6632.375,5602.143,3835.881,6316.800,6638.200
5688.960,5660.850,6690.667,4862.429,5227.850,6493.500,5469.262,3766.524,6110.800,6583.720
5554.600,5528.350,6558.375,4829.943,5167.500,6328.250,5607.476,3775.048,6081.933,6386.360
5472.520,5452.500,6512.625,4761.114,5091.600,6136.750,6047.786,3954.428,5961.133,6349.320
5611.200,5342.300,6494.917,4738.943,5046.850,5995.750,6443.119,4197.952,5862.333,6335.680
6331.920,5546.350,6659.917,4720.200,5004.800,6279.875,7180.857,4521.667,6247.867,6726.880
7264.480,6152.400,7132.083,4744.914,5007.650,7255.625,7946.976,4860.595,7210.800,7513.280
7991.560,6763.800,7608.750,4973.086,5219.400,8219.250,8277.810,5062.357,8084.733,8294.040
8302.880,7326.850,7983.917,5300.372,5563.350,9088.250,8284.571,5115.786,8800.134,8808.840
8419.200,7641.350,8260.625,5640.057,5837.250,9605.375,8029.810,5067.595,8874.333,8951.320
8347.760,7765.000,8423.292,5936.971,6051.100,9809.062,7911.738,5071.310,8985.333,9003.920
8231.800,7759.450,8518.583,6152.114,6243.150,9718.000,7800.452,5031.190,8859.600,8962.680
8115.880,7571.500,8531.000,6234.257,6383.650,9612.562,7655.952,4981.786,8862.400,8823.240
7895.160,7434.950,8344.333,6180.543,6327.200,9336.875,7469.429,4856.786,8632.600,8584.280
7640.680,7174.850,8179.958,6067.029,6296.700,9015.250,7075.714,4761.524,8395.134,8345.320
7502.800,7017.750,8038.375,5963.543,6190.200,8779.312,6959.714,4643.238,8157.600,8139.640
7165.800,6830.500,7901.958,5817.229,6102.400,8444.062,6787.500,4538.548,8005.267,7907.560
6972.360,6612.000,7801.958,5764.457,6002.900,8199.312,6550.667,4426.929,7763.733,7719.960
6771.000,6416.150,7647.333,5612.457,5936.900,7884.375,6351.500,4326.452,7491.400,7509.200
6576.800,6290.050,7479.417,5533.400,5776.150,7663.562,6188.119,4230.548,7335.733,7328.240
6409.360,6114.900,7349.417,5440.372,5693.700,7413.688,6012.452,4136.952,7122.000,7161.240
6260.120,5958.700,7160.083,5361.372,5639.950,7170.500,5883.024,4052.810,6915.067,6984.560
6039.920,5805.100,7087.750,5317.628,5570.450,6926.500,5734.929,3946.810,6736.267,6821.640
5887.520,5754.750,6916.750,5240.286,5493.550,6711.312,5581.833,3857.762,6603.533,6682.440
5784.080,5670.050,6870.250,5151.743,5395.700,6532.688,5487.476,3820.048,6468.733,6539.520
5621.080,5507.250,6746.333,5066.628,5273.400,6359.875,5322.548,3776.643,6314.400,6409.040
5524.200,5385.400,6668.000,5016.000,5253.750,6274.250,5574.190,3715.310,6155.533,6285.880
5458.920,5309.450,6497.000,4944.514,5186.700,6083.250,6421.333,3891.095,6074.467,6159.960
5665.000,5314.950,6578.208,4913.314,5173.600,6013.375,7164.810,4249.405,6080.933,6181.720
6330.440,5584.950,6907.625,4885.286,5142.850,6422.875,7731.167,4596.619,6543.733,6671.600
7043.680,6062.000,7291.958,4987.914,5247.650,7135.812,8100.857,4873.238,7289.533,7289.800
7722.480,6741.250,7842.750,5383.771,5512.700,8033.125,8344.214,5062.286,8117.800,7949.080
8147.760,7547.950,8318.625,5882.743,5936.050,8998.500,8407.596,5182.500,8726.733,8580.360
8283.840,7876.100,8700.250,6251.571,6293.100,9428.188,8166.714,5178.333,8956.066,8989.120
8244.040,7967.150,8827.083,6523.086,6615.500,9569.125,7904.619,5087.286,8922.200,8943.600
8093.160,7876.950,8859.708,6584.400,6791.700,9467.750,7681.952,5048.452,8863.600,8847.480
7939.680,7685.050,8760.292,6508.514,6812.750,9173.938,7493.548,4992.881,8694.533,8588.800
7778.040,7525.300,8579.667,6421.257,6779.500,9050.312,7289.048,4940.357,8444.134,8456.760
7584.280,7303.600,8395.250,6311.771,6708.150,8878.750,7037.881,4788.976,8241.800,8243.000
7353.160,7057.200,8289.167,6146.571,6568.800,8562.188,6727.286,4681.214,8034.800,7999.200
7126.440,6842.700,8112.958,6041.429,6431.150,8214.812,6490.667,4558.024,7845.333,7773.960
6892.960,6673.650,7920.375,5979.143,6332.350,7970.375,6326.167,4421.667,7585.667,7590.080
6650.120,6529.350,7858.833,5842.800,6236.950,7792.250,6126.310,4308.381,7414.267,7388.080
6483.280,6323.550,7708.792,5770.400,6083.050,7482.812,5968.119,4208.690,7130.000,7195.320
6272.080,6140.900,7561.000,5678.200,6030.800,7287.062,5760.667,4122.619,6904.200,7049.200
6119.440,6004.250,7411.708,5531.000,5921.500,7086.000,5623.000,4040.643,6804.800,6842.800
5961.560,5840.350,7255.083,5460.486,5800.900,6870.625,5487.071,3951.286,6558.400,6704.960
5762.000,5733.850,7132.542,5346.143,5714.850,6694.438,5343.881,3868.524,6440.733,6535.040
5659.760,5622.000,6999.583,5286.600,5626.900,6586.938,5428.643,3827.143,6331.733,6383.160
5561.720,5499.450,6889.458,5192.029,5553.950,6327.688,5519.571,3750.881,6154.000,6242.640
5419.600,5384.750,6747.458,5112.686,5512.550,6202.500,5318.429,3712.572,5987.133,6178.280
5350.320,5242.900,6612.125,5072.229,5424.700,5977.125,5923.119,3742.357,5855.200,6050.720
5653.160,5295.650,6702.042,5024.457,5340.900,6075.938,6865.786,4059.190,6103.867,6155.680
6386.960,5573.500,7120.375,5039.657,5348.950,6587.625,7461.738,4370.310,6730.933,6779.800
7104.640,6133.150,7417.625,5226.657,5550.350,7370.875,7693.119,4589.500,7489.467,7426.440
7599.240,6658.200,7778.500,5527.657,5860.450,8134.312,7864.643,4698.857,8167.133,7985.360
7980.920,7302.800,8145.333,5885.000,6219.250,8767.000,8045.571,4848.405,8628.200,8503.320
8195.640,7720.650,8397.125,6265.400,6554.900,9330.312,7967.762,4915.929,8917.066,8861.800
8101.680,7821.550,8582.208,6414.800,6852.550,9435.875,7717.405,4854.024,8890.400,8948.440
7988.920,7664.250,8462.042,6448.686,6979.650,9269.812,7531.976,4822.476,8844.467,8791.160
7828.280,7616.550,8447.625,6395.314,7000.250,9197.375,7568.571,4755.524,8745.134,8750.400
7791.440,7609.400,8394.917,6379.229,7045.300,9080.000,7395.238,4720.190,8612.134,8584.600
7526.920,7304.200,8207.208,6242.800,6888.500,8841.438,7088.667,4624.643,8385.600,8380.600
7322.360,7129.100,8068.375,6115.514,6776.950,8589.875,6796.167,4464.548,8151.400,8130.520
7071.560,6915.350,7913.500,6046.343,6712.750,8284.625,6602.381,4370.762,7948.333,7936.800
6879.080,6711.900,7784.917,5918.143,6536.550,8054.875,6355.595,4242.119,7748.533,7695.720
6626.480,6490.550,7648.708,5790.543,6388.350,7798.062,6142.024,4180.762,7509.733,7483.320
6486.160,6334.450,7484.208,5697.486,6233.850,7511.500,5930.000,4082.048,7310.267,7293.560
6284.800,6151.800,7323.000,5565.743,6131.550,7277.375,5770.738,4028.333,7048.733,7138.480
6087.680,6022.450,7244.208,5532.457,6102.300,7112.875,5612.071,3944.452,6887.800,6953.480
5983.720,5892.400,7077.417,5442.171,5977.900,6931.812,5495.357,3858.238,6681.533,6778.000
5810.200,5763.100,6983.208,5347.429,5828.300,6763.438,5337.857,3796.595,6504.200,6648.680
5671.360,5620.650,6847.958,5250.000,5740.200,6520.375,5232.548,3750.952,6299.000,6518.640
5564.440,5493.050,6719.333,5194.914,5686.450,6388.250,5528.548,3686.810,6224.867,6342.920
5414.040,5359.100,6633.125,5091.800,5597.600,6277.312,6160.762,3690.857,6044.200,6260.200
5312.160,5299.900,6547.750,5058.286,5551.150,6110.062,6568.929,3806.810,5972.400,6161.240
5381.400,5179.200,6470.625,4958.114,5415.650,6002.750,6897.238,4006.405,5922.533,6092.840
5892.920,5188.350,6689.292,4969.257,5420.100,6158.812,7433.333,4254.786,6358.733,6295.400
6805.760,5644.100,7062.833,5195.543,5683.200,6916.438,7964.357,4612.881,7180.133,6953.880
7616.240,6330.700,7571.000,5594.971,6172.150,7902.562,8072.905,4864.286,7975.200,7711.280
8006.360,7040.450,8040.042,5980.457,6530.300,8792.062,7974.571,4992.286,8646.533,8301.640
8083.280,7500.350,8263.667,6230.971,6825.600,9198.938,7808.262,5005.857,8833.134,8602.760
8070.760,7668.250,8331.542,6450.200,7032.450,9313.000,7638.048,4962.262,8828.467,8682.240
8009.440,7802.100,8396.583,6464.628,7123.500,9304.875,7512.857,4965.690,8742.866,8677.840
7911.560,7716.200,8306.542,6470.943,7168.000,9153.312,7305.976,4915.452,8686.200,8553.320
7787.240,7602.800,8204.667,6445.143,7078.000,8943.812,7069.976,4838.833,8502.200,8422.800
7568.520,7397.150,8058.000,6330.400,7030.450,8767.062,6797.976,4713.619,8288.866,8205.280
7355.520,7189.650,7941.958,6190.628,6842.100,8437.750,6553.833,4598.095,8077.533,7940.480
7150.280,6930.350,7824.917,6047.886,6750.450,8221.375,6422.476,4492.405,7861.267,7741.440
6882.400,6757.800,7639.250,5957.086,6588.500,7940.312,6233.571,4388.571,7597.800,7553.800
6692.600,6528.850,7565.750,5852.029,6526.500,7692.375,5985.952,4287.810,7364.667,7348.400
6488.960,6350.400,7367.708,5740.943,6410.050,7485.875,5748.833,4187.810,7177.333,7195.720
6263.880,6171.500,7208.417,5595.029,6168.800,7242.625,5609.357,4081.072,6978.400,6993.120
6103.760,5978.700,7132.833,5526.971,6022.500,7015.438,5480.310,4026.190,6787.400,6808.080
5902.960,5857.500,6919.250,5408.857,5938.100,6823.625,5320.643,3913.452,6563.600,6652.320
5809.160,5694.000,6827.125,5358.257,5827.050,6680.750,5194.595,3844.952,6435.333,6491.960
5618.960,5558.750,6719.042,5245.143,5731.250,6472.500,5033.381,3822.310,6271.533,6390.320
5500.760,5489.600,6635.000,5186.714,5638.450,6278.750,5117.048,3747.333,6134.733,6231.960
5386.240,5370.950,6539.083,5104.114,5561.800,6158.312,5422.762,3701.000,5941.600,6135.800
5277.440,5299.800,6392.125,5022.971,5488.200,6008.188,6037.952,3731.214,5816.733,5991.000
5309.160,5133.600,6396.208,4998.457,5457.550,5895.875,6764.714,3974.072,5808.800,5955.000
5881.800,5329.950,6650.792,5052.571,5574.450,6062.375,7420.000,4271.929,6142.533,6244.040
6581.160,5779.600,6992.375,5238.857,5775.050,6495.812,7694.119,4550.119,6851.667,6781.000
7201.520,6406.950,7409.500,5516.400,6064.600,7021.500,7751.881,4721.286,7651.267,7316.000
7586.160,7050.150,7783.833,5883.086,6461.200,7740.625,7983.667,4854.952,8197.866,7921.560
7869.960,7709.700,8097.875,6204.857,6816.950,8298.250,7899.333,4929.333,8516.200,8412.240
7846.240,7915.400,8321.125,6449.543,7095.350,8538.375,7585.286,4898.571,8653.400,8490.400
7758.280,8138.950,8387.125,6529.086,7182.250,8501.375,7387.310,4836.024,8528.866,8458.960
7552.920,8210.400,8348.125,6505.943,7247.550,8412.000,7263.048,4800.738,8472.733,8378.240
7424.440,8111.450,8320.958,6451.514,7213.050,8372.312,7077.190,4761.429,8332.400,8305.400
7288.880,7959.850,8228.083,6360.343,7077.500,8139.562,6858.571,4672.095,8121.933,8074.920
7062.240,7759.150,8064.917,6269.143,6983.900,7875.375,6600.500,4567.690,7927.733,7872.320
6879.280,7498.750,7937.208,6168.914,6829.200,7626.750,6347.143,4446.524,7713.133,7643.400
6651.280,7246.250,7810.417,6013.971,6724.400,7483.438,6081.000,4341.643,7494.467,7539.000
6478.600,6991.950,7728.792,5889.400,6557.250,7194.875,5862.024,4229.810,7351.733,7288.200
6224.480,6780.800,7499.500,5818.314,6463.400,7044.562,5700.333,4116.786,7065.200,7086.640
6057.160,6589.450,7356.917,5691.943,6297.050,6791.750,5525.595,4053.000,6860.800,6877.080
5907.560,6469.300,7208.542,5551.200,6184.550,6644.125,5338.024,3963.428,6736.467,6738.880
5778.560,6234.500,7132.000,5502.400,6097.350,6431.875,5197.786,3932.619,6569.400,6580.360
5585.880,6101.250,6993.917,5405.314,6009.650,6300.375,5100.286,3833.786,6355.000,6440.800
5448.960,5975.900,6844.917,5336.057,5878.150,6097.125,5077.762,3785.072,6192.267,6258.080
5330.760,5841.200,6739.208,5242.429,5752.550,6023.312,4945.810,3724.286,6064.333,6156.280
5224.920,5677.450,6653.208,5142.400,5697.950,5841.062,5025.810,3687.976,5904.133,6065.800
5130.800,5565.550,6481.000,5049.886,5558.650,5794.125,5871.643,3728.095,5769.533,5908.840
5341.920,5521.250,6541.917,5040.714,5551.200,5697.000,6681.595,3988.572,5848.600,5956.840
5901.960,5807.900,6720.958,5088.257,5610.850,5842.562,7289.048,4305.619,6284.067,6364.920
6538.800,6498.850,7063.417,5264.857,5826.250,6277.562,7495.952,4573.214,6987.400,6895.440
6963.240,7210.550,7392.375,5517.514,6066.200,6782.938,7353.786,4714.381,7691.200,7287.880
7340.840,7836.500,7576.208,5776.543,6365.500,7169.625,7532.310,4773.905,8211.000,7626.360
7577.040,8465.350,7881.625,6032.829,6659.350,7674.438,7593.619,4864.071,8566.800,7966.080
7638.560,8991.150,8100.625,6229.143,6829.100,8158.375,7587.714,4857.571,8532.866,8233.280
7651.160,9258.650,8251.042,6324.686,7061.850,8355.750,7424.881,4864.333,8704.667,8307.960
7527.920,9276.650,8271.333,6324.171,6962.550,8290.812,7163.881,4811.738,8535.333,8181.360
7349.520,9023.700,8087.250,6199.628,6924.250,8083.562,6909.476,4714.786,8253.934,8033.480
7202.480,8837.250,8014.292,6143.800,6758.500,7939.688,6841.452,4629.024,8130.533,7798.480
6985.000,8518.000,7887.125,6044.514,6717.500,7725.562,6622.714,4528.643,7914.733,7683.640
6776.160,8319.350,7778.083,5875.171,6541.450,7495.812,6284.810,4410.595,7709.933,7423.440
6552.200,7981.500,7595.958,5774.543,6486.600,7273.875,6086.548,4330.048,7483.800,7184.960
6391.120,7784.750,7429.250,5673.000,6361.350,7039.375,5901.738,4233.143,7270.067,7041.120
6205.920,7494.050,7301.250,5591.514,6239.650,6881.062,5700.881,4132.214,7009.200,6872.920
6038.920,7264.700,7202.708,5497.400,6160.950,6661.125,5493.905,4046.572,6829.400,6714.880
5885.880,7035.150,7092.792,5386.743,5972.650,6498.750,5312.024,3969.333,6662.400,6495.240
5689.600,6801.800,6887.542,5310.914,5844.600,6286.875,5183.119,3881.952,6434.267,6337.120
5566.280,6613.350,6772.167,5229.914,5816.300,6136.062,5025.952,3814.238,6296.600,6224.440
5449.320,6431.200,6709.417,5157.429,5711.700,6064.938,5079.643,3737.357,6117.000,6082.960
5321.920,6309.250,6596.625,5099.857,5639.900,5844.312,5047.429,3714.452,5994.400,5965.320
5233.920,6178.400,6483.875,5018.886,5515.550,5813.062,5431.000,3659.119,5916.333,5819.240
5157.160,5987.950,6405.208,4949.914,5455.650,5667.188,6340.405,3791.048,5729.267,5777.200
5415.880,6002.750,6531.833,4905.257,5420.900,5643.000,7010.810,4078.310,5847.000,5944.160
5924.120,6296.500,6712.125,4941.829,5475.350,5822.250,7291.524,4339.381,6198.467,6384.960
6374.040,6956.500,7044.458,5183.029,5684.100,6192.938,7544.786,4561.595,6727.533,6957.600
6912.240,7730.950,7331.250,5486.514,5905.750,6819.500,7686.929,4715.000,7469.333,7558.520
7167.360,8431.350,7600.667,5782.771,6221.750,7291.312,7551.429,4760.500,7957.467,7984.080
7321.720,8867.400,7751.083,6017.400,6384.750,7805.750,7388.238,4791.381,8262.733,8119.520
7434.400,9253.700,7959.917,6175.914,6579.650,8084.438,7484.929,4789.595,8350.733,8347.480
7451.640,9520.650,8066.875,6366.429,6780.750,8316.812,7515.405,4843.929,8479.800,8490.320
7339.080,9620.100,8063.583,6398.714,6787.050,8359.875,7342.643,4787.952,8282.134,8418.120
7256.680,9473.350,7966.333,6319.200,6811.850,8190.375,7016.476,4678.310,8177.267,8270.040
7013.680,9142.150,7843.708,6243.429,6620.300,7931.250,6746.881,4589.548,7903.133,8002.880
6844.280,8861.400,7722.958,6131.171,6479.600,7781.438,6517.024,4485.214,7764.733,7849.480
6642.200,8543.100,7570.125,6006.257,6356.450,7565.625,6306.238,4391.619,7545.067,7607.680
6447.360,8181.900,7481.000,5860.057,6235.050,7358.312,6088.976,4284.833,7345.267,7401.880
6218.000,7937.850,7234.000,5788.200,6055.700,7067.750,5882.952,4190.571,7043.667,7262.080
6093.680,7674.300,7135.792,5652.171,5975.550,6917.188,5660.167,4084.714,6872.667,7002.640
5914.000,7386.700,6978.875,5533.143,5842.200,6670.938,5450.905,4004.143,6673.533,6813.360
5759.480,7168.450,6873.458,5443.714,5733.500,6593.938,5296.476,3923.690,6542.467,6656.280
5615.000,7009.900,6780.875,5330.971,5670.750,6374.750,5179.381,3839.833,6335.733,6481.040
5456.920,6788.450,6632.667,5305.343,5561.500,6225.312,4998.357,3776.190,6158.400,6337.360
5359.080,6647.300,6489.375,5189.200,5502.800,6116.312,5127.738,3732.548,6039.800,6234.120
5238.840,6497.300,6441.792,5095.600,5399.750,5982.000,5254.619,3668.738,5935.933,6052.880
5125.720,6294.800,6280.542,5031.314,5255.550,5868.000,5690.119,3647.524,5768.867,5911.160
5061.040,6141.400,6191.500,4985.857,5214.700,5778.000,6431.738,3749.476,5684.467,5853.040
5171.720,6080.000,6227.417,4945.857,5203.950,5694.938,6964.667,3958.000,5658.533,5911.080
5574.800,6243.350,6299.708,4959.000,5205.050,5811.438,7232.238,4166.667,5862.267,6157.920
6021.160,6797.100,6544.917,5032.971,5375.750,6107.750,7508.738,4347.857,6321.933,6600.760
6428.080,7515.150,6873.125,5284.429,5642.450,6565.312,7571.405,4483.143,6918.267,7061.320
6828.600,8245.550,7140.042,5571.600,5974.100,7160.938,7662.095,4622.167,7494.933,7573.720
7041.160,8740.800,7337.542,5801.257,6203.450,7617.125,7572.310,4681.238,7910.067,7949.200
7153.120,9106.950,7566.500,5917.286,6357.950,7951.000,7476.738,4681.381,8007.733,8141.640
7121.200,9304.050,7598.917,5972.686,6510.800,7971.812,7258.810,4673.095,8045.667,8199.240
7004.520,9341.850,7615.333,5988.086,6537.600,8108.812,7237.048,4632.119,7961.467,8152.960
6876.360,9248.800,7595.542,5964.829,6524.250,8105.750,7064.524,4531.548,7842.667,8100.280
6737.480,9054.800,7517.625,5827.343,6395.150,7892.375,6776.357,4480.071,7685.400,7898.440
6546.120,8740.650,7367.500,5750.571,6254.350,7598.500,6519.571,4391.286,7415.133,7711.960
6333.000,8473.150,7226.000,5641.086,6163.450,7374.125,6272.357,4264.619,7244.600,7520.000
6125.760,8207.550,7087.542,5572.628,6059.400,7213.062,6024.524,4181.333,7012.800,7323.440
5977.400,7879.450,6978.417,5430.657,5960.150,7009.062,5820.000,4110.667,6806.267,7075.760
5772.400,7668.300,6849.458,5349.000,5814.600,6883.062,5600.095,4012.548,6620.800,6929.160
5669.040,7362.300,6701.375,5259.029,5673.500,6704.188,5404.048,3930.024,6426.867,6767.480
5531.840,7200.900,6600.708,5171.857,5554.650,6531.000,5256.881,3842.381,6265.467,6627.800
5400.320,6930.300,6531.625,5093.857,5515.400,6366.625,5154.238,3775.572,6149.000,6436.800
5252.400,6730.900,6407.042,5014.743,5396.450,6217.250,5191.310,3736.619,6037.133,6286.800
5160.720,6573.400,6292.500,4947.628,5273.950,6028.125,5042.429,3660.881,5871.133,6139.720
5023.640,6434.550,6177.500,4865.571,5191.750,5947.438,5045.952,3599.000,5714.800,5992.920
4935.000,6259.400,6062.167,4820.086,5143.250,5832.438,5719.381,3627.143,5597.600,5925.000
4883.920,6092.500,5995.542,4749.286,5084.100,5703.500,6283.048,3667.500,5492.133,5799.680
4939.400,5993.650,5983.833,4702.857,5039.450,5611.562,6786.524,3823.452,5381.733,5785.480
5221.520,6084.000,6047.208,4737.657,5034.200,5746.250,7163.048,4001.738,5553.067,5926.120
5601.080,6560.750,6242.417,4884.829,5256.800,6068.812,7385.714,4176.214,5961.467,6330.120
6025.720,7106.600,6464.333,5074.628,5461.150,6543.438,7484.548,4353.667,6478.933,6743.680
6445.640,7893.650,6740.000,5308.143,5714.400,6960.438,7500.452,4554.333,7060.467,7127.720
6684.680,8441.950,6964.667,5568.257,5953.000,7419.625,7390.024,4622.357,7506.467,7486.120
6754.000,8880.900,7114.125,5743.171,6106.050,7748.312,7330.405,4650.024,7854.733,7626.840
6820.720,9097.450,7215.750,5850.771,6278.100,7977.125,7328.405,4650.524,8036.533,7818.080
6745.960,9216.350,7251.500,5884.057,6356.450,8024.375,7196.762,4625.429,7955.467,7805.120
6609.760,9046.400,7214.292,5845.286,6347.850,7942.812,6934.024,4549.167,7769.800,7609.400
6439.760,8805.050,7080.667,5764.857,6228.650,7713.000,6684.024,4460.524,7567.133,7445.480
6247.360,8531.050,7020.125,5692.571,6172.500,7517.812,6649.548,4391.000,7373.667,7289.920
6068.280,8246.950,6894.542,5579.800,6050.100,7332.812,6369.143,4300.476,7162.067,7088.040
5905.960,7935.000,6752.042,5441.914,5934.850,7109.500,6095.095,4201.524,6993.667,6957.120
5734.680,7685.550,6643.542,5370.086,5802.650,6907.812,5863.952,4111.762,6781.333,6711.640
5586.640,7366.450,6526.292,5249.514,5694.450,6701.500,5676.929,4044.976,6581.400,6575.720
5456.040,7199.200,6444.208,5131.714,5579.900,6572.312,5441.214,3970.167,6375.533,6428.280
5357.400,6962.650,6318.917,5064.857,5439.250,6448.250,5259.810,3879.738,6263.867,6301.240
5264.200,6738.650,6174.417,4976.628,5294.250,6300.375,5125.595,3809.500,6060.200,6099.080
5102.840,6536.500,6065.958,4907.628,5173.650,6115.125,4972.833,3747.428,5915.333,6001.040
4985.040,6341.450,5981.833,4792.857,5128.600,5951.250,4881.500,3708.548,5782.733,5911.600
4925.000,6266.200,5907.792,4764.114,5091.250,5880.062,5245.333,3643.928,5726.533,5793.320
4829.440,6040.450,5799.833,4709.800,4977.550,5783.375,5828.452,3611.667,5494.533,5720.960
4754.000,5905.450,5730.583,4656.171,4906.750,5623.562,6203.310,3667.881,5431.667,5609.960
4726.760,5821.950,5671.792,4631.029,4912.850,5574.188,6423.738,3793.095,5394.800,5533.720
4733.920,5837.200,5668.750,4620.943,4928.150,5615.375,6797.690,3934.333,5365.933,5686.400
4897.360,6131.000,5777.417,4712.143,5014.200,5753.125,7187.667,4116.500,5693.667,5944.920
5069.360,6693.900,5862.625,4895.200,5223.400,6034.562,7336.667,4268.595,6175.933,6361.360
5415.600,7429.400,6031.792,5125.714,5497.250,6528.188,7439.048,4427.690,6840.400,6820.320
5732.360,8016.900,6274.500,5322.286,5722.000,7018.625,7420.238,4558.452,7276.000,7267.160
5944.000,8601.700,6379.458,5535.200,5935.300,7425.688,7221.762,4607.905,7688.667,7471.520
6015.520,8865.050,6482.750,5606.914,6052.350,7597.312,7068.405,4595.952,7827.600,7564.480
5952.120,8787.950,6468.292,5596.086,6045.100,7567.625,6816.548,4528.000,7657.133,7441.720
5816.840,8641.900,6378.958,5557.457,6040.150,7384.312,6665.238,4452.286,7549.200,7331.920
5710.640,8386.250,6370.583,5498.771,5972.900,7251.812,6668.762,4379.286,7347.933,7240.320
5598.920,8235.050,6294.208,5417.743,5918.300,7158.562,6598.429,4324.905,7093.200,7097.920
5479.720,7970.450,6150.833,5356.229,5859.800,7046.188,6300.000,4259.762,6955.800,6940.360
5352.320,7718.950,6147.250,5243.029,5773.600,6841.438,6066.071,4166.500,6685.733,6738.320
5222.920,7420.500,5951.542,5158.886,5654.750,6637.188,5779.738,4082.286,6515.467,6607.680
5105.800,7167.450,5858.792,5058.486,5536.700,6496.625,5590.238,3988.738,6374.733,6427.960
4954.440,6943.500,5780.375,4978.743,5436.450,6392.812,5416.143,3900.738,6200.333,6268.400
4878.320,6711.300,5700.708,4868.829,5316.100,6210.438,5246.357,3849.786,6068.000,6149.000
4776.000,6542.350,5661.750,4785.743,5221.700,6139.312,5070.595,3792.310,5919.533,5955.760
4709.400,6364.550,5517.250,4748.829,5124.800,5930.875,4942.000,3713.976,5749.467,5887.120
4606.200,6177.650,5426.917,4658.314,5065.850,5838.750,4853.548,3656.357,5584.267,5720.400
4585.360,6044.150,5391.375,4635.857,4965.450,5698.875,5160.357,3625.428,5532.067,5599.120
4481.760,5905.550,5315.000,4550.571,4949.300,5604.062,5694.571,3582.524,5398.800,5499.960
4436.120,5754.000,5248.500,4521.771,4888.700,5508.875,6212.786,3599.952,5316.133,5409.960
4481.240,5699.250,5234.458,4474.143,4859.800,5461.000,6646.143,3754.476,5218.467,5418.360
4600.440,5756.050,5353.833,4462.429,4900.200,5586.250,6929.000,3920.310,5287.733,5599.880
4827.080,6025.650,5412.500,4491.257,4983.650,5753.375,6928.690,4069.833,5394.800,5800.840
5063.040,6557.050,5560.167,4591.857,5184.450,6126.062,7152.714,4187.833,5752.067,6130.640
5445.680,7148.450,5754.333,4791.971,5382.100,6561.438,7415.619,4326.190,6201.800,6552.200
5719.680,7747.550,5998.083,4971.628,5616.700,7063.562,7378.071,4459.667,6682.400,6976.080
5850.760,8248.700,6124.458,5176.171,5811.550,7359.500,7183.786,4489.500,7004.667,7267.720
5858.680,8539.300,6189.750,5271.686,5931.600,7549.625,6975.857,4488.500,7123.333,7381.080
5785.040,8596.350,6211.208,5274.628,5970.200,7488.125,6796.262,4452.357,7095.333,7352.120
5645.120,8488.300,6207.417,5239.743,5915.550,7382.625,6704.024,4378.738,6918.600,7291.400
5523.840,8280.900,6091.167,5187.057,5910.800,7268.375,6468.619,4300.857,6737.667,7156.600
5399.480,7967.850,6015.792,5132.743,5788.350,7065.562,6260.976,4204.500,6559.733,6997.680
5255.200,7748.050,5934.625,5023.943,5684.150,6887.812,6008.881,4136.452,6370.067,6796.080
5126.440,7507.650,5839.917,4950.486,5587.900,6736.375,5777.238,4043.238,6193.133,6646.000
5028.200,7205.250,5731.750,4858.571,5466.450,6508.250,5541.286,3965.572,6100.733,6470.160
4909.240,6999.150,5641.708,4774.372,5362.600,6386.625,5338.190,3904.833,5891.133,6249.760
4827.400,6768.150,5555.292,4715.372,5270.500,6246.125,5208.762,3819.000,5808.667,6114.960
4720.920,6594.400,5463.250,4649.372,5138.700,6097.062,5049.000,3757.024,5601.200,5979.960
4636.000,6425.150,5405.333,4572.886,5115.350,5949.125,4865.095,3699.024,5529.133,5861.880
4569.640,6260.250,5319.917,4532.086,5059.100,5871.438,4809.405,3646.214,5450.600,5748.760
4492.560,6115.550,5266.375,4452.486,4987.850,5746.125,4869.524,3615.381,5294.333,5597.320
4461.760,5943.550,5194.125,4405.257,4894.750,5619.125,5296.381,3574.595,5237.000,5487.240
4351.120,5811.950,5123.583,4345.829,4816.400,5531.500,5756.619,3538.000,5121.667,5440.160
4336.760,5666.250,5040.167,4330.657,4747.850,5415.375,6023.333,3580.167,4991.867,5321.000
4350.120,5620.600,5041.000,4302.429,4722.150,5364.250,6311.929,3632.143,4948.133,5320.160
4445.360,5597.350,5018.833,4270.314,4721.250,5369.375,6539.595,3748.952,4986.000,5338.560
4586.240,5905.200,5108.333,4309.000,4829.700,5498.688,6825.405,3890.548,5061.733,5545.520
4834.160,6399.750,5270.667,4389.657,4970.650,5643.188,7093.762,4059.619,5296.400,5934.120
5075.040,6925.950,5479.500,4587.400,5211.400,5949.125,7214.714,4163.857,5668.400,6296.200
5293.920,7420.550,5659.208,4726.886,5359.700,6316.938,7191.738,4292.976,6094.333,6592.120
5492.400,7805.300,5778.292,4864.400,5539.150,6629.125,7113.310,4314.476,6463.000,6774.160
5558.800,8089.900,5892.750,4988.771,5632.350,6796.750,7023.333,4363.048,6689.600,6955.080
5577.360,8204.100,5952.125,5022.657,5710.750,6839.500,6788.119,4322.048,6746.133,6940.920
5499.120,8103.750,5919.458,5035.200,5667.100,6769.250,6520.429,4257.357,6684.933,6852.480
5336.720,7871.150,5856.667,4943.686,5612.950,6705.062,6438.786,4215.452,6499.933,6758.680
5283.080,7653.150,5818.917,4883.257,5563.350,6619.250,6319.833,4143.952,6355.000,6695.920
5158.960,7424.950,5714.292,4802.514,5482.150,6446.000,6098.143,4070.952,6189.000,6472.520
5012.720,7166.150,5640.167,4727.257,5397.950,6255.375,5830.048,4008.619,6050.200,6331.080
4915.600,6960.400,5530.542,4651.628,5286.050,6131.438,5660.190,3930.738,5895.800,6195.240
4814.160,6728.450,5450.500,4565.571,5152.500,5953.125,5446.857,3851.262,5718.200,6057.360
4717.200,6576.600,5408.167,4510.257,5108.350,5842.938,5284.381,3798.262,5604.000,5916.720
4652.600,6361.050,5293.125,4465.571,5035.150,5761.812,5080.238,3739.762,5495.067,5772.120
4572.960,6176.150,5232.208,4356.800,4914.350,5588.438,4937.595,3663.667,5457.467,5682.720
4508.400,6040.100,5152.333,4317.857,4867.900,5527.812,4916.810,3631.810,5265.600,5518.440
4462.920,5898.000,5115.750,4285.143,4783.550,5398.125,5041.881,3569.881,5181.467,5443.920
4403.920,5737.650,5057.500,4245.571,4714.500,5323.312,5274.286,3544.952,5131.200,5339.960
4352.880,5601.000,4993.250,4181.343,4673.350,5242.875,5523.190,3519.238,5018.733,5227.520
4305.120,5531.750,4931.583,4172.114,4606.600,5182.938,5762.381,3496.238,4945.067,5171.520
4285.840,5442.200,4882.833,4170.457,4571.250,5116.250,6235.476,3527.286,4838.067,5077.680
4354.320,5519.150,4927.625,4174.457,4612.750,5152.438,6624.905,3630.619,4784.133,5154.720
4572.480,5841.700,5024.375,4243.143,4697.700,5267.875,6855.857,3776.905,4868.467,5185.840
4840.760,6258.500,5154.833,4324.429,4889.250,5542.438,7042.524,3874.976,4978.067,5321.520
5154.320,6760.050,5283.583,4523.000,5073.600,5882.250,7183.810,3993.595,5235.933,5565.080
5354.080,7235.700,5457.542,4706.457,5299.750,6212.312,7170.571,4083.619,5516.200,5821.760
5493.720,7517.150,5557.583,4847.857,5475.150,6533.000,7013.262,4139.310,5856.267,6010.480
5519.800,7672.650,5583.167,4866.914,5534.250,6768.875,6889.071,4128.024,5984.867,6059.880
5469.800,7739.350,5618.625,4925.029,5577.400,6746.312,6825.190,4114.810,6004.467,6145.080
5470.600,7715.400,5665.917,4974.314,5567.700,6718.250,6731.048,4109.357,6002.200,6165.360
5372.000,7683.550,5628.208,4897.971,5614.450,6745.688,6590.548,4056.572,5935.600,6055.520
5258.520,7468.350,5568.958,4863.457,5501.750,6601.812,6314.238,4002.905,5816.933,5968.640
5142.560,7255.550,5501.583,4810.314,5414.600,6471.812,6059.810,3932.690,5719.133,5887.680
5033.680,6946.650,5374.375,4737.971,5297.850,6379.375,5897.929,3832.381,5553.467,5696.200
4921.040,6780.150,5323.625,4640.571,5217.250,6169.188,5668.357,3790.619,5409.133,5557.320
4805.360,6557.250,5245.917,4580.314,5114.750,6025.688,5477.643,3733.928,5285.133,5437.880
4762.600,6376.450,5117.250,4487.971,5018.650,5912.938,5296.048,3682.548,5192.533,5326.400
4636.280,6178.400,5093.792,4429.343,4947.800,5758.000,5123.310,3622.333,5096.667,5243.800
4524.080,6034.200,4996.792,4397.229,4848.000,5641.938,4943.381,3566.786,5007.133,5142.280
4475.840,5885.000,4989.500,4340.514,4804.600,5560.438,4897.929,3532.572,4922.600,4970.920
4409.320,5776.650,4866.000,4275.200,4723.000,5501.438,5207.738,3499.119,4772.400,4944.040
4329.680,5667.500,4838.583,4217.200,4649.850,5360.938,5253.048,3441.952,4753.467,4869.200
4316.280,5497.500,4791.958,4204.514,4623.650,5239.312,5480.857,3394.643,4684.800,4792.960
4256.840,5404.950,4759.333,4159.514,4572.200,5194.188,5801.952,3382.452,4585.533,4724.200
4235.120,5363.200,4706.208,4163.229,4538.600,5165.688,6174.095,3476.857,4579.800,4703.480
4297.000,5382.500,4739.333,4165.457,4555.050,5163.250,6475.452,3596.833,4537.733,4666.120
4492.240,5645.200,4818.833,4223.486,4617.300,5221.438,6823.810,3715.714,4624.667,4811.960
4736.640,6040.700,4951.708,4353.171,4728.150,5486.562,6929.048,3822.167,4761.867,4986.880
4937.000,6425.050,5065.625,4504.057,4883.800,5682.062,7073.667,3958.524,5027.600,5188.080
5180.880,6855.950,5262.875,4684.257,5095.600,6026.375,7051.429,4026.905,5340.467,5450.840
5313.400,7212.850,5326.875,4809.543,5216.850,6157.625,6964.667,4063.452,5666.867,5550.640
5344.360,7439.600,5408.792,4918.286,5336.850,6239.688,6867.762,4098.667,5853.933,5620.240
5360.680,7509.250,5431.417,4964.457,5389.300,6287.125,6785.071,4084.524,5886.200,5608.720
5320.960,7551.300,5418.917,5011.429,5434.700,6272.000,6684.405,4085.143,5909.000,5632.360
5207.440,7446.450,5367.167,4997.543,5383.600,6222.562,6299.524,3991.881,5783.000,5554.040
5077.400,7238.600,5396.583,4915.286,5333.450,6091.812,6176.476,3947.095,5649.267,5449.080
4966.640,7045.900,5320.625,4862.714,5219.400,5980.750,5980.333,3865.095,5528.067,5311.840
4878.240,6785.500,5219.167,4821.429,5139.800,5904.000,5743.976,3792.976,5418.533,5229.040
4779.160,6593.300,5105.917,4710.914,5099.850,5697.875,5518.833,3720.857,5313.400,5093.400
4668.720,6322.500,5082.167,4636.886,4964.750,5567.875,5318.405,3666.619,5175.067,5036.800
4573.440,6198.150,5013.667,4562.743,4871.150,5472.625,5170.714,3596.952,5089.400,4921.640
4507.400,6025.200,4926.042,4501.571,4786.450,5393.500,5022.548,3596.976,4965.400,4840.600
4416.080,5859.850,4863.875,4431.800,4719.400,5267.062,4885.571,3532.428,4873.333,4788.760
4354.840,5740.900,4817.625,4370.800,4670.650,5154.875,4867.071,3476.428,4852.800,4699.160
4320.160,5610.900,4765.083,4318.200,4592.100,5128.500,4976.214,3434.190,4734.667,4632.240
4262.840,5485.650,4719.000,4273.200,4496.850,5007.312,4918.714,3415.143,4646.467,4592.600
4190.560,5380.300,4653.250,4256.171,4483.550,4975.125,5177.524,3349.214,4598.600,4517.400
4127.080,5249.950,4630.417,4233.943,4450.250,4909.000,5744.714,3366.928,4510.667,4482.880
4144.240,5205.850,4612.208,4224.029,4470.600,4851.000,6055.381,3417.167,4467.667,4416.680
4153.480,5185.500,4607.083,4240.800,4423.800,4847.375,6293.214,3477.548,4463.933,4375.200
4348.920,5267.400,4666.917,4285.971,4492.150,4920.188,6482.143,3570.452,4524.133,4443.600
4615.440,5538.300,4741.667,4362.800,4592.350,5121.188,6700.810,3666.643,4699.733,4595.400
4846.360,5901.300,4875.958,4532.857,4740.250,5469.312,6891.762,3801.786,5035.400,4852.000
4986.880,6281.400,5020.042,4660.657,4913.500,5684.250,6881.524,3909.167,5341.000,5074.640
5081.840,6508.200,5124.458,4796.600,5107.150,5926.875,6676.571,3932.572,5623.000,5215.680
5106.680,6772.300,5147.833,4855.086,5226.650,6023.938,6682.905,3975.738,5745.133,5293.280
5219.040,6927.450,5187.875,4902.943,5327.400,6139.812,6728.310,4021.476,5855.000,5310.760
5209.400,7033.650,5208.667,4938.200,5377.350,6158.125,6635.333,4056.072,5900.467,5340.040
5140.960,6973.700,5204.667,4934.514,5410.600,6143.250,6401.452,3971.500,5846.733,5322.280
5031.240,6760.750,5149.583,4870.771,5372.650,6059.750,6171.405,3915.262,5712.067,5242.520
4930.080,6602.900,5082.833,4791.486,5289.050,5914.000,5932.714,3840.072,5601.067,5104.000
4835.800,6463.550,5024.542,4738.200,5222.800,5730.062,5665.762,3791.928,5477.800,4964.120
4734.280,6224.950,4955.000,4648.914,5155.250,5689.188,5512.643,3737.762,5384.067,4892.760
4652.920,6051.050,4880.917,4569.343,5016.900,5567.188,5268.571,3652.928,5194.267,4827.240
4547.240,5897.500,4817.750,4505.857,4961.000,5441.000,5147.881,3594.595,5093.067,4741.840
4509.640,5743.550,4767.750,4436.714,4887.650,5371.938,4969.881,3543.738,5021.533,4609.520
4429.000,5621.000,4721.375,4352.971,4772.300,5267.062,4877.619,3499.000,4934.733,4567.320
4384.880,5438.400,4690.625,4338.343,4760.700,5172.875,4699.786,3455.286,4848.133,4501.480
4304.880,5397.350,4629.542,4269.686,4657.300,5077.938,4615.024,3426.833,4774.000,4453.440
4242.200,5238.900,4528.250,4201.686,4607.800,4977.562,4848.071,3380.286,4698.733,4384.160
4208.800,5115.350,4538.500,4189.429,4525.150,4961.562,5327.786,3366.357,4657.600,4324.000
4217.240,5059.750,4457.333,4126.057,4479.100,4903.750,5700.976,3363.024,4547.000,4287.120
4172.280,4947.050,4429.583,4106.229,4404.350,4869.562,5728.405,3401.119,4514.733,4258.160
4196.000,4957.300,4427.167,4110.400,4400.400,4821.500,5919.214,3459.619,4489.533,4225.200
4361.320,5109.600,4516.583,4161.343,4404.050,4904.312,6254.333,3588.024,4538.267,4317.600
4603.560,5423.900,4627.292,4252.886,4455.250,5067.375,6546.643,3712.119,4807.400,4444.400
4861.280,5728.100,4803.125,4408.143,4579.150,5255.562,6665.929,3819.190,5192.867,4657.080
5059.480,6130.600,4924.500,4562.886,4695.900,5503.688,6641.857,3917.667,5635.733,4911.600
5166.120,6509.150,5020.208,4710.800,4812.700,5667.750,6597.095,3985.738,6015.533,4960.120
5185.240,6750.800,5094.042,4833.257,4888.400,5829.688,6521.048,3999.190,6381.000,5076.120
5267.840,6873.150,5107.833,4850.829,4937.800,5889.375,6431.857,4020.690,6495.467,5076.400
5261.400,6923.800,5126.333,4922.229,4914.000,5992.000,6314.548,4027.619,6458.400,5054.360
5183.840,6816.100,5112.458,4857.343,4850.800,5925.125,6051.048,3985.072,6414.333,5017.080
5078.040,6571.900,5013.875,4790.886,4829.100,5808.062,5843.286,3920.048,6197.267,4944.720
4957.440,6403.600,4970.792,4748.200,4789.000,5672.875,5666.690,3846.238,6067.200,4811.480
4846.000,6204.950,4928.500,4669.571,4711.450,5599.438,5478.905,3789.452,5907.000,4727.720
4763.040,6051.450,4853.708,4616.514,4628.300,5488.000,5311.500,3719.024,5737.333,4670.400
4660.120,5885.900,4771.292,4554.857,4561.850,5357.875,5137.571,3654.190,5565.533,4569.840
4532.640,5721.500,4744.625,4507.771,4484.050,5261.250,4967.786,3588.524,5472.800,4485.120
4507.720,5609.400,4695.750,4390.429,4444.300,5253.812,4797.810,3559.452,5354.067,4470.040
4432.080,5477.800,4662.458,4351.600,4359.800,5119.438,4666.452,3510.667,5256.400,4356.080
4378.120,5329.100,4574.500,4285.857,4327.450,5077.938,4746.881,3488.976,5149.333,4325.920
4309.280,5275.800,4525.333,4214.714,4301.750,5021.875,4922.167,3436.000,5066.200,4276.800
4268.320,5132.900,4486.958,4195.114,4228.200,4939.625,4915.190,3414.452,4965.067,4220.480
4189.000,5022.000,4420.667,4136.200,4160.500,4845.062,4963.214,3396.738,4840.467,4181.560
4109.640,4927.300,4402.292,4086.286,4133.050,4837.500,5122.214,3353.095,4813.133,4118.360
4136.680,4867.850,4366.708,4078.686,4129.250,4766.875,5540.524,3362.881,4750.200,4120.160
4185.760,4909.300,4410.833,4095.914,4084.100,4809.312,5894.690,3410.714,4732.267,4112.960
4360.520,5015.900,4487.125,4142.514,4126.500,4834.875,6213.643,3541.024,4810.600,4169.080
4526.760,5245.100,4592.250,4238.628,4147.900,4994.688,6406.238,3628.952,5024.000,4290.720
4688.000,5494.450,4680.792,4314.400,4225.350,5306.250,6543.500,3742.262,5304.933,4456.320
4868.320,5696.150,4785.292,4453.743,4300.350,5483.500,6531.857,3815.714,5608.267,4620.600
4932.280,5984.450,4948.917,4558.743,4435.350,5666.438,6497.595,3865.262,5889.200,4695.760
4996.040,6170.150,5027.292,4639.829,4521.150,5811.250,6584.714,3914.310,6143.267,4780.000
4985.560,6285.100,5071.333,4687.000,4543.200,5895.188,6479.238,3925.357,6245.267,4802.600
4963.040,6218.000,5073.542,4707.886,4577.850,5919.500,6437.714,3924.452,6248.600,4810.880
4881.200,6161.150,5037.292,4684.628,4566.350,5850.438,6179.929,3860.333,6182.867,4754.560
4815.600,6041.700,5045.042,4612.486,4523.150,5800.875,5966.405,3819.119,6061.067,4666.280
4709.680,5880.450,4944.417,4524.514,4452.000,5678.625,5767.357,3751.214,5872.133,4626.280
4620.760,5724.350,4940.292,4465.571,4422.750,5543.000,5601.905,3690.500,5742.733,4518.760
4524.800,5528.700,4873.333,4445.372,4306.350,5469.875,5530.929,3637.881,5618.067,4454.680
4437.200,5416.600,4820.750,4373.400,4262.050,5420.375,5322.119,3602.714,5459.467,4389.800
4364.840,5304.600,4798.500,4297.029,4209.700,5299.375,5134.786,3545.428,5363.667,4330.800
4311.640,5170.000,4748.542,4244.628,4194.100,5212.062,4953.905,3505.286,5283.733,4261.000
4223.040,5074.850,4636.625,4205.429,4143.100,5088.812,4795.690,3468.714,5171.267,4234.640
4204.560,4974.000,4627.833,4151.114,4060.150,5026.062,4877.476,3413.333,5037.000,4169.120
4172.080,4917.150,4585.000,4109.514,4050.800,4943.062,5271.857,3382.928,4995.200,4145.520
4108.120,4846.600,4561.708,4060.457,4019.450,4901.125,5470.762,3344.190,4898.000,4087.360
4038.120,4751.900,4493.542,4029.171,3988.800,4843.500,5487.738,3324.786,4829.467,4068.440
4005.040,4621.450,4452.792,3979.657,3959.100,4745.188,5512.571,3310.738,4740.333,4047.200
3991.480,4570.250,4419.708,3943.086,3952.650,4751.188,5717.738,3316.190,4702.400,3986.920
4071.800,4630.150,4436.667,3992.057,3994.350,4782.750,6097.929,3407.214,4722.867,4014.000
4262.040,4798.150,4471.375,4047.114,4002.400,4915.875,6437.095,3481.262,4846.000,4122.840
4526.400,5089.050,4622.042,4161.486,4129.300,5219.188,6541.952,3571.619,5201.667,4270.800
4693.960,5448.950,4772.167,4310.257,4231.350,5389.500,6528.357,3657.405,5476.533,4467.160
4833.920,5739.350,4855.875,4402.229,4381.050,5621.750,6549.286,3694.381,5779.867,4647.680
4844.280,5983.100,4944.083,4520.429,4473.400,5795.875,6534.738,3769.810,6058.000,4711.360
4917.880,6127.550,5000.042,4601.800,4541.600,5916.375,6484.881,3789.286,6198.533,4791.920
4877.280,6182.250,4988.000,4625.143,4575.650,5955.125,6414.548,3792.214,6293.200,4807.680
4825.000,6143.250,5015.958,4633.171,4553.050,5932.062,6227.286,3786.738,6227.933,4776.400
4781.240,6060.300,4973.250,4631.114,4530.600,5929.188,6062.905,3733.572,6205.667,4722.800
4673.000,5896.500,4925.000,4571.400,4502.200,5783.625,5883.476,3686.072,6041.800,4660.600
4586.800,5778.000,4866.000,4537.229,4444.750,5711.625,5835.643,3638.286,5908.467,4545.040
4504.680,5670.500,4862.458,4490.429,4399.450,5657.812,5695.524,3619.333,5804.467,4505.680
4430.400,5512.750,4774.542,4388.257,4345.250,5479.312,5443.357,3552.048,5635.333,4411.480
4319.640,5377.950,4708.125,4348.657,4275.850,5460.625,5269.952,3493.024,5499.800,4392.960
4291.120,5251.450,4647.417,4285.829,4222.150,5306.438,5070.762,3447.262,5411.867,4281.720
4212.280,5105.700,4592.792,4243.000,4175.050,5228.750,4973.905,3403.619,5319.000,4226.560
4154.320,5015.050,4548.667,4166.943,4109.450,5156.125,5060.976,3388.881,5221.133,4148.600
4115.120,4927.200,4489.042,4138.429,4071.400,5074.250,5024.690,3325.428,5117.533,4145.800
4069.120,4823.700,4447.667,4059.629,4026.700,4991.750,4897.690,3296.524,5066.467,4102.360
4010.680,4734.750,4433.333,4045.314,3966.200,4906.375,5081.357,3294.643,4915.533,4052.520
3960.320,4698.900,4421.000,3990.971,3932.700,4872.500,5189.000,3268.572,4859.200,4010.800
3942.360,4587.800,4340.208,3968.543,3924.950,4811.375,5356.381,3239.905,4796.867,4002.800
3950.000,4592.600,4327.375,3961.543,3891.850,4770.375,5644.905,3263.333,4760.400,3982.960
3953.760,4624.050,4335.250,3954.371,3930.650,4775.812,5906.905,3327.572,4722.800,3965.040
4064.440,4719.500,4333.208,4011.257,3956.000,4854.250,6109.095,3406.262,4792.667,4011.440
4175.680,4916.650,4429.667,4059.886,4033.750,4929.188,6210.095,3498.762,4933.333,4175.840
4257.200,5137.800,4459.792,4162.143,4112.100,5090.500,6272.690,3549.667,5103.467,4262.720
4386.320,5339.650,4557.417,4244.628,4205.150,5172.375,6378.048,3639.714,5396.000,4370.920
4441.120,5530.400,4613.542,4285.343,4304.800,5311.125,6495.000,3684.762,5476.333,4470.840
4510.920,5644.400,4656.292,4359.057,4362.750,5432.500,6519.690,3699.048,5683.733,4522.200
4541.480,5805.950,4698.625,4398.543,4416.600,5502.812,6403.071,3677.905,5754.733,4590.240
4515.720,5819.850,4675.917,4409.829,4473.250,5529.250,6270.476,3683.976,5752.667,4579.480
4507.720,5798.900,4699.250,4386.029,4440.550,5505.375,6227.667,3665.619,5789.200,4558.960
4450.640,5667.750,4668.000,4349.686,4423.250,5500.375,5979.500,3616.190,5655.867,4531.840
4366.520,5598.950,4591.583,4295.372,4352.350,5433.750,5805.238,3599.572,5543.200,4415.440
4281.280,5419.100,4565.250,4261.971,4306.550,5267.812,5579.690,3557.214,5439.800,4359.280
4221.960,5270.150,4558.167,4185.600,4264.150,5194.438,5402.643,3494.119,5337.000,4313.160
4175.120,5177.150,4474.000,4148.114,4207.300,5082.750,5189.690,3443.190,5201.667,4239.560
4097.720,5061.800,4430.375,4096.771,4164.000,5042.438,5039.690,3415.119,5158.400,4166.240
4029.760,4942.000,4401.750,4052.714,4097.100,4957.125,4890.000,3385.928,4950.000,4115.560
3982.880,4807.300,4335.583,4014.286,4040.400,4834.938,4763.857,3348.595,4923.600,4065.240
3948.120,4749.950,4320.750,3960.057,4028.300,4837.438,4676.238,3313.762,4867.667,4033.720
3933.840,4681.850,4299.417,3922.486,3967.750,4794.250,4679.595,3275.452,4819.333,3965.400
3890.400,4617.250,4269.833,3902.971,3968.850,4657.438,4730.071,3254.072,4739.067,3921.520
3843.400,4522.450,4217.708,3881.686,3920.950,4636.500,4989.690,3220.381,4649.733,3926.280
3820.800,4465.000,4202.375,3824.800,3894.100,4623.625,5289.619,3223.381,4592.867,3850.680
3793.840,4410.200,4188.167,3819.143,3864.000,4553.312,5565.905,3257.786,4483.800,3821.800
3849.920,4441.250,4161.958,3814.257,3855.550,4567.625,5874.048,3306.405,4541.267,3855.600
3920.400,4558.600,4253.667,3862.200,3900.450,4685.812,6082.381,3393.476,4667.533,3930.160
4058.040,4741.500,4280.125,3913.257,3969.200,4744.750,6292.262,3475.405,4788.200,4057.880
4154.840,5012.650,4310.875,3984.143,4025.700,4873.375,6414.619,3544.381,4960.333,4212.880
4258.480,5235.050,4450.792,4117.200,4118.600,5059.125,6551.143,3605.548,5259.667,4306.960
4373.440,5389.450,4485.625,4211.171,4204.900,5312.062,6515.000,3660.024,5512.867,4390.720
4426.080,5585.000,4547.292,4287.286,4307.300,5459.125,6430.405,3698.095,5683.133,4454.960
4419.280,5622.300,4552.750,4287.571,4364.900,5559.875,6269.476,3682.643,5733.600,4475.520
4391.640,5640.750,4548.667,4302.543,4329.750,5535.875,6110.548,3692.428,5719.267,4471.000
4326.800,5559.000,4506.750,4241.543,4342.250,5495.625,5941.976,3661.976,5587.467,4425.840
4264.480,5465.500,4479.542,4195.800,4302.100,5408.938,5777.643,3623.452,5489.933,4360.200
4211.400,5339.000,4444.542,4180.771,4205.750,5361.250,5655.190,3585.262,5400.600,4333.240
4148.680,5210.550,4395.333,4135.429,4182.550,5287.812,5427.619,3560.786,5291.267,4277.360
4069.320,5120.050,4342.708,4087.743,4113.600,5180.750,5281.595,3495.667,5178.667,4203.120
4011.800,4973.850,4318.917,4003.543,4061.650,5117.062,5104.024,3462.500,5104.800,4142.920
4002.040,4874.200,4281.792,3960.143,4020.950,5013.812,4935.667,3396.500,4970.800,4089.960
3928.480,4759.000,4216.333,3944.572,4009.500,4914.875,4804.857,3380.000,4890.400,4044.480
3903.640,4724.900,4198.042,3902.943,3933.850,4819.438,4701.762,3348.619,4826.800,4029.400
3844.440,4605.100,4155.750,3860.514,3929.750,4803.500,4587.619,3307.833,4730.000,3975.080
3830.480,4519.750,4137.708,3823.400,3910.000,4720.688,4576.524,3308.405,4658.667,3931.160
3781.160,4482.750,4086.625,3791.600,3838.700,4683.812,4587.262,3256.476,4615.000,3912.000
3752.480,4399.200,4045.792,3739.086,3816.250,4599.062,4866.024,3236.738,4543.867,3880.680
3721.280,4351.400,4040.083,3714.114,3783.500,4603.562,5217.738,3235.738,4459.933,3856.680
3743.680,4369.950,4038.042,3727.629,3802.150,4563.625,5441.786,3300.762,4431.200,3855.760
3793.400,4447.000,4031.542,3727.971,3775.750,4537.750,5677.571,3324.762,4397.667,3888.600
3862.920,4528.400,4074.083,3731.829,3823.850,4662.938,5857.214,3404.119,4466.400,3935.840
3964.320,4650.400,4117.583,3783.600,3876.550,4741.750,5935.310,3476.143,4534.200,4000.840
4039.440,4866.400,4209.250,3807.886,3926.900,4920.062,6043.857,3527.095,4743.000,4052.120
4113.320,5069.450,4217.000,3857.257,3962.600,5045.438,6115.881,3611.928,4889.133,4186.640
4220.920,5268.550,4289.750,3936.229,4056.050,5217.312,6213.810,3646.714,5058.267,4270.840
4320.520,5462.800,4331.708,4015.400,4123.300,5313.812,6241.881,3685.476,5183.067,4399.480
4339.400,5601.500,4388.083,4088.171,4177.150,5454.250,6181.214,3719.167,5315.200,4402.560
4287.760,5690.600,4371.917,4040.829,4185.250,5444.000,6042.524,3684.762,5278.067,4397.720
4230.680,5603.700,4345.792,4065.029,4174.100,5414.438,5840.071,3674.952,5215.133,4342.560
4190.120,5450.300,4328.833,4000.057,4129.150,5370.562,5649.071,3634.048,5135.867,4294.440
4076.920,5380.000,4293.250,3973.371,4085.800,5260.188,5475.452,3568.095,5027.867,4223.360
4054.600,5242.200,4246.375,3922.200,4044.400,5194.375,5350.190,3529.310,4952.467,4165.600
3994.880,5128.350,4212.583,3885.000,3994.800,5082.062,5201.381,3489.857,4805.200,4117.680
3954.360,5024.550,4181.792,3826.229,3955.050,5044.500,5024.667,3451.976,4798.733,4049.360
3902.080,4913.400,4124.792,3785.000,3882.050,4953.438,4906.190,3385.928,4685.733,3999.920
3850.720,4811.200,4084.583,3764.771,3855.300,4819.438,4779.810,3379.976,4633.000,3950.760
3804.680,4706.850,4042.208,3712.543,3805.250,4795.188,4649.667,3340.024,4541.667,3912.240
3773.400,4630.550,4017.125,3671.686,3791.450,4745.625,4630.000,3304.833,4458.400,3853.960
3742.840,4564.950,4010.250,3673.971,3753.250,4635.562,4563.381,3276.476,4385.200,3828.800
3698.760,4472.950,3962.875,3632.514,3740.850,4586.500,4520.548,3269.190,4338.533,3800.600
3683.920,4409.350,3939.167,3632.229,3680.400,4553.250,4823.952,3233.572,4276.667,3787.560
3667.600,4299.750,3910.500,3593.943,3666.150,4496.625,5189.167,3207.857,4218.800,3759.800
3660.040,4286.650,3925.417,3597.314,3658.300,4469.562,5473.571,3237.262,4180.400,3740.280
3672.280,4292.350,3894.917,3580.829,3640.600,4438.375,5717.048,3265.928,4208.067,3769.520
3779.240,4397.850,3906.875,3600.686,3678.950,4509.188,5898.262,3305.976,4212.267,3797.760
3899.200,4494.900,3958.792,3608.486,3713.250,4544.375,6029.190,3402.000,4255.867,3834.280
3996.360,4666.550,4009.667,3658.428,3765.900,4635.125,6184.595,3471.762,4444.000,3970.480
4094.840,4898.850,4083.167,3698.400,3875.600,4766.125,6210.595,3543.333,4571.267,4039.600
4150.840,5000.450,4159.208,3748.657,3900.250,4824.938,6233.857,3573.167,4737.667,4149.680
4158.160,5144.500,4197.458,3844.486,3993.050,4977.125,6204.786,3616.619,4894.800,4206.800
4166.200,5263.450,4255.583,3886.857,4050.300,5030.750,6173.048,3646.500,5022.867,4217.200
4213.360,5273.150,4281.958,3923.343,4051.600,5044.188,6061.976,3666.072,5042.200,4250.320
4146.240,5261.300,4307.958,3912.171,4018.250,4994.312,5842.214,3636.572,5009.800,4169.680
4079.600,5185.000,4275.208,3855.800,3973.650,4970.438,5684.214,3588.333,4932.800,4118.360
4036.760,5072.950,4220.917,3851.829,3948.300,4905.875,5538.214,3551.333,4833.667,4077.680
3985.160,4942.550,4150.250,3805.771,3910.500,4827.625,5383.119,3523.286,4748.200,4025.560
3938.240,4927.950,4117.500,3774.200,3885.200,4812.438,5225.190,3468.167,4687.200,3979.560
3904.880,4832.400,4116.500,3746.057,3825.550,4745.000,5091.310,3419.690,4638.400,3862.400
3851.360,4691.150,4083.042,3710.857,3809.250,4658.312,4949.524,3389.833,4549.000,3858.680
3775.440,4590.600,4064.417,3690.629,3743.900,4612.062,4800.929,3351.119,4491.000,3824.800
3744.000,4561.350,4007.042,3653.514,3687.950,4541.250,4670.429,3325.190,4407.733,3768.400
3716.000,4447.550,3952.375,3626.971,3659.650,4463.312,4692.238,3305.024,4318.067,3748.360
3693.760,4412.300,3937.750,3594.086,3671.000,4458.188,4751.857,3281.428,4278.067,3711.800
3632.320,4330.200,3897.083,3550.543,3637.450,4334.125,4924.238,3235.452,4226.333,3674.920
3595.640,4275.400,3896.625,3563.371,3613.600,4352.250,5170.476,3235.405,4156.533,3656.120
3599.720,4241.600,3860.542,3529.914,3573.850,4348.500,5385.143,3212.190,4140.867,3669.280
3577.520,4218.500,3879.500,3520.314,3595.850,4290.250,5544.167,3239.381,4147.600,3647.920
3603.840,4238.200,3869.708,3512.371,3555.500,4273.562,5713.929,3276.214,4179.733,3669.920
3727.080,4363.950,3880.750,3552.257,3587.750,4326.812,5910.786,3337.762,4240.800,3763.960
3869.760,4555.700,3929.500,3576.743,3615.900,4403.938,6127.048,3408.667,4347.667,3823.680
4050.080,4770.600,4030.583,3673.171,3695.400,4561.250,6244.548,3472.262,4506.800,4005.520
4110.120,4963.850,4061.250,3764.286,3762.350,4652.500,6250.429,3539.762,4753.667,4083.720
4140.840,5126.600,4086.875,3808.629,3811.350,4747.125,6149.738,3568.905,4862.867,4202.120
4176.120,5214.950,4120.625,3881.714,3863.350,4812.312,6159.095,3585.000,5022.067,4232.920
4190.520,5256.450,4152.375,3908.171,3871.500,4900.438,6074.619,3593.095,5129.467,4288.480
4156.920,5295.200,4122.958,3916.857,3918.750,4906.250,5987.976,3582.643,5131.133,4254.800
4104.160,5266.500,4099.417,3915.857,3877.750,4875.812,5762.095,3550.572,5138.267,4229.280
4073.040,5151.600,4062.458,3880.000,3839.500,4832.375,5657.262,3515.095,5024.067,4145.560
4016.520,5075.450,4047.667,3816.343,3817.050,4769.062,5506.833,3464.928,4936.267,4093.680
3969.880,4997.350,4006.417,3782.572,3780.650,4683.562,5360.095,3409.381,4838.133,4064.680
3886.440,4847.050,3956.042,3748.600,3731.800,4615.250,5220.024,3379.881,4748.800,3991.840
3846.720,4748.550,3927.375,3718.886,3694.500,4581.125,5032.405,3343.643,4643.733,3950.520
3797.800,4657.550,3928.500,3669.572,3648.850,4492.000,4914.810,3297.762,4552.933,3909.000
3755.880,4576.050,3863.083,3663.943,3634.750,4419.875,4805.786,3286.881,4566.000,3839.440
3696.720,4490.600,3842.167,3607.600,3601.850,4374.250,4699.095,3219.333,4410.667,3824.000
3669.120,4430.700,3839.167,3573.800,3584.100,4348.312,4631.000,3224.286,4431.867,3807.440
3648.360,4363.900,3822.333,3578.829,3555.550,4310.812,4645.452,3199.476,4352.133,3751.280
3629.400,4276.900,3797.042,3546.771,3539.300,4296.312,4831.048,3169.238,4285.600,3732.800
3589.920,4225.100,3781.167,3528.857,3510.200,4250.750,5088.595,3145.357,4228.333,3690.520
3551.640,4201.650,3723.833,3503.229,3499.600,4194.125,5243.857,3132.548,4179.400,3670.880
3534.640,4185.000,3729.167,3496.743,3462.600,4173.562,5475.881,3115.905,4155.467,3662.560
3590.120,4243.950,3735.375,3517.829,3454.000,4195.438,5714.595,3172.190,4145.533,3681.280
3632.840,4281.450,3709.958,3534.629,3507.400,4253.312,5909.310,3214.572,4222.267,3708.800
3739.680,4453.800,3715.167,3572.743,3512.050,4315.250,5977.786,3255.738,4327.600,3814.160
3836.480,4628.200,3715.875,3605.000,3601.850,4410.625,6129.881,3326.524,4533.867,3888.560
3958.600,4805.300,3765.375,3675.114,3646.700,4540.375,6232.167,3389.262,4727.600,4003.600
4033.560,4951.150,3783.167,3736.371,3680.950,4666.875,6258.524,3459.690,4926.667,4067.400
4077.000,4994.450,3813.417,3790.143,3765.450,4777.062,6198.548,3491.286,5004.200,4147.200
4077.760,5113.850,3821.625,3795.000,3817.800,4870.688,6122.548,3513.214,5126.600,4138.320
4059.240,5101.850,3800.833,3788.971,3825.750,4897.625,5997.738,3499.119,5098.533,4140.320
4026.120,5024.100,3810.125,3802.400,3792.400,4824.250,5862.357,3494.000,5079.333,4107.720
3975.200,4961.900,3798.958,3749.257,3816.900,4736.688,5710.357,3478.905,5065.333,4041.880
3883.920,4914.250,3794.833,3736.543,3740.300,4740.812,5734.214,3421.619,4975.200,4020.680
3881.880,4839.500,3746.833,3709.486,3742.600,4700.625,5526.310,3401.810,4839.267,3984.520
3820.480,4719.950,3713.333,3648.000,3689.150,4584.000,5306.976,3365.952,4798.533,3907.720
3765.280,4640.900,3693.792,3609.428,3617.450,4542.312,5103.738,3312.000,4707.533,3919.480
3721.840,4527.900,3664.083,3579.314,3625.650,4498.625,4981.524,3301.500,4620.600,3819.280
3661.000,4480.600,3639.958,3550.743,3620.550,4394.312,4834.643,3260.357,4565.333,3793.520
3638.960,4335.200,3637.833,3523.143,3550.650,4345.000,4726.976,3219.167,4511.800,3741.480
3591.640,4332.850,3578.750,3494.143,3516.300,4319.500,4653.190,3203.095,4391.400,3741.000
3547.200,4255.000,3594.375,3478.714,3500.000,4257.688,4677.976,3161.667,4358.867,3708.640
3524.080,4181.150,3520.542,3455.771,3462.350,4240.438,4836.833,3159.238,4284.000,3703.520
3515.200,4122.400,3557.583,3420.886,3458.100,4225.312,4901.905,3155.786,4195.333,3679.000
3481.280,4113.200,3508.042,3419.086,3424.400,4157.625,5044.929,3116.810,4206.467,3609.720
3464.560,4094.900,3502.708,3421.686,3455.900,4165.562,5174.048,3112.262,4159.800,3631.120
3461.760,4121.350,3540.833,3419.743,3442.000,4180.125,5377.119,3140.643,4164.000,3650.600
3464.520,4208.850,3519.208,3483.657,3467.600,4201.938,5476.357,3205.810,4178.800,3724.640
3489.600,4388.250,3566.458,3505.829,3496.800,4288.250,5552.452,3257.428,4331.267,3793.920
3533.960,4610.250,3592.917,3549.686,3572.900,4410.250,5636.690,3295.690,4418.467,3951.520
3600.960,4751.850,3607.250,3613.286,3651.500,4495.938,5766.214,3334.833,4598.800,4037.440
3672.160,4991.150,3670.083,3703.657,3705.350,4638.625,5779.119,3404.262,4761.400,4196.400
3723.400,5156.700,3701.125,3732.629,3759.700,4739.125,5735.905,3448.976,4874.333,4256.480
3699.400,5197.000,3745.750,3781.257,3768.300,4795.625,5614.143,3426.048,4943.867,4241.320
3711.440,5191.600,3737.250,3774.114,3781.300,4727.438,5535.976,3425.428,4980.333,4232.040
3717.640,5165.350,3733.833,3749.572,3749.800,4730.750,5412.238,3398.072,4918.933,4181.280
3679.760,5124.650,3716.500,3719.629,3760.950,4712.562,5381.738,3392.000,4936.800,4190.160
3655.560,5064.650,3709.833,3694.800,3705.550,4645.188,5303.667,3348.119,4810.400,4095.920
3601.320,4959.950,3654.208,3668.400,3690.400,4574.938,5131.476,3321.500,4736.067,4043.360
3565.640,4843.600,3639.750,3607.800,3660.950,4497.562,5013.571,3301.238,4665.267,3993.600
3503.320,4752.450,3590.083,3595.714,3604.650,4475.188,4817.643,3268.595,4573.667,3948.280
3480.520,4705.350,3599.208,3552.800,3573.250,4406.125,4727.905,3236.286,4536.600,3930.800
3480.320,4581.800,3588.208,3539.057,3514.450,4338.250,4610.810,3203.786,4463.933,3875.320
3436.240,4525.000,3577.417,3503.800,3517.150,4267.438,4544.310,3173.119,4392.067,3802.600
3404.080,4428.650,3548.125,3456.886,3454.950,4255.688,4466.857,3157.833,4302.133,3810.400
3374.760,4354.400,3514.417,3435.543,3444.650,4196.500,4504.000,3150.476,4256.400,3761.360
3351.240,4317.300,3484.708,3425.029,3421.300,4161.312,4592.929,3101.738,4202.667,3729.080
3332.320,4243.750,3466.333,3414.771,3452.750,4125.875,4713.500,3085.786,4157.467,3698.440
3310.680,4176.050,3484.500,3401.829,3442.550,4128.125,4915.881,3090.548,4094.533,3672.400
3323.760,4187.400,3450.458,3381.257,3436.950,4067.812,5123.024,3082.881,4125.267,3676.960
3313.120,4232.900,3476.417,3391.943,3421.950,4103.875,5215.762,3106.095,4110.133,3688.840
3343.280,4300.700,3471.125,3416.914,3441.050,4136.438,5311.024,3152.214,4113.200,3727.120
3407.680,4451.800,3490.000,3434.000,3455.800,4210.312,5444.381,3171.072,4194.333,3793.000
3491.560,4641.150,3523.042,3499.686,3523.900,4303.188,5592.310,3240.548,4281.600,3895.120
3598.440,4842.550,3588.458,3564.171,3619.550,4457.188,5692.214,3307.905,4445.467,3996.600
3725.640,5032.300,3612.750,3624.229,3662.200,4607.250,5751.000,3357.024,4604.800,4051.760
3763.440,5110.500,3661.292,3664.600,3676.450,4748.438,5720.857,3416.024,4675.133,4107.000
3772.720,5228.450,3649.625,3678.771,3708.550,4763.812,5671.952,3426.643,4713.667,4131.480
3752.240,5246.700,3656.417,3699.771,3752.050,4829.000,5599.238,3377.405,4676.200,4162.560
3760.920,5259.950,3679.292,3708.771,3727.850,4748.938,5457.548,3383.428,4641.600,4096.160
3729.160,5163.700,3664.167,3666.200,3715.400,4759.438,5301.381,3355.572,4597.400,4055.600
3679.200,5073.300,3612.125,3636.229,3671.800,4673.562,5122.833,3325.548,4543.000,4001.640
3641.200,5026.000,3596.667,3607.743,3652.400,4614.500,5000.857,3267.357,4471.867,3960.280
3609.920,4920.500,3576.333,3565.486,3618.150,4620.375,4843.881,3268.452,4392.133,3891.400
3538.840,4840.200,3561.375,3538.514,3576.300,4569.938,4701.071,3241.167,4371.467,3869.240
3527.160,4723.350,3540.125,3495.200,3536.850,4450.750,4574.238,3192.119,4311.400,3793.960
3488.320,4664.600,3521.292,3490.714,3486.250,4408.750,4451.548,3179.000,4206.400,3783.880
3486.280,4550.000,3486.292,3463.457,3485.700,4389.000,4359.643,3159.048,4174.733,3756.080
3443.200,4460.800,3487.917,3423.657,3463.650,4314.375,4288.238,3138.952,4153.067,3713.600
3446.000,4380.100,3481.000,3403.743,3444.700,4290.500,4358.190,3117.143,4082.600,3697.240
3418.760,4333.800,3444.042,3378.914,3415.000,4182.438,4438.762,3088.857,4039.067,3673.280
3412.400,4279.050,3441.708,3371.486,3388.850,4201.250,4561.071,3071.000,4009.467,3651.960
3385.080,4242.600,3439.917,3348.943,3373.350,4168.688,4767.714,3065.476,3985.533,3614.040
3398.840,4180.100,3438.708,3359.114,3393.450,4142.188,4929.810,3051.262,3959.600,3593.520
3419.240,4243.750,3472.375,3386.714,3396.950,4164.625,5160.238,3079.476,3966.200,3630.880
3459.360,4311.950,3459.000,3378.572,3386.500,4195.125,5258.952,3122.857,3979.000,3677.040
3475.920,4373.800,3498.042,3404.257,3435.450,4208.125,5367.024,3169.167,4080.467,3724.160
3540.920,4523.200,3531.625,3446.257,3491.500,4301.938,5487.619,3223.619,4290.733,3815.360
3636.920,4599.400,3562.792,3484.971,3560.850,4377.062,5551.833,3263.238,4402.667,3913.040
3666.680,4754.100,3581.875,3541.714,3553.700,4460.750,5601.214,3312.833,4509.533,4027.000
3732.120,4802.350,3620.625,3531.857,3618.400,4513.125,5660.476,3319.619,4621.867,4107.880
3733.640,4969.350,3654.250,3598.314,3660.100,4654.188,5675.643,3348.833,4704.467,4133.200
3779.200,5029.350,3682.500,3635.371,3688.600,4725.625,5596.452,3375.428,4778.867,4223.080
3757.880,4993.650,3675.167,3647.428,3674.850,4756.188,5478.929,3360.667,4730.400,4158.280
3708.320,5011.100,3653.583,3616.743,3682.250,4681.250,5328.214,3338.048,4729.067,4089.400
3663.080,4936.550,3661.000,3581.029,3636.100,4622.250,5183.024,3307.357,4665.933,4066.320
3607.320,4863.000,3604.042,3553.714,3607.300,4533.688,4973.833,3274.667,4560.600,3985.920
3553.080,4754.100,3597.125,3487.457,3591.800,4505.000,4885.500,3242.167,4480.067,3966.000
3531.800,4677.750,3603.250,3478.257,3547.500,4493.625,4725.690,3213.143,4444.867,3918.480
3496.080,4606.150,3590.333,3439.600,3497.500,4392.625,4596.357,3187.572,4363.800,3867.280
3476.800,4535.000,3560.042,3428.343,3484.050,4329.000,4523.310,3162.167,4247.400,3840.400
3430.800,4469.450,3533.458,3373.029,3432.600,4260.125,4452.524,3133.595,4224.533,3797.480
3398.040,4355.650,3525.833,3366.171,3429.700,4257.438,4365.881,3114.810,4162.333,3755.800
3362.640,4280.050,3478.083,3339.000,3391.350,4183.312,4404.762,3089.524,4104.533,3722.440
3337.320,4238.200,3466.875,3328.400,3376.850,4126.812,4449.500,3049.952,4038.933,3716.400
3336.280,4172.750,3462.875,3286.286,3357.650,4096.500,4457.833,3042.881,4010.333,3647.720
3276.040,4119.400,3427.042,3270.143,3330.650,4074.062,4663.714,3036.928,3955.267,3629.280
3304.920,4094.700,3443.917,3277.343,3338.250,4063.438,4897.381,3029.643,3937.533,3643.440
3327.160,4115.350,3447.333,3304.829,3331.950,4057.438,5139.214,3059.095,3960.067,3666.720
3391.280,4174.900,3448.292,3323.886,3364.100,4060.438,5249.143,3081.595,3963.467,3726.080
3496.040,4253.000,3486.333,3333.086,3381.700,4031.938,5397.190,3128.595,4050.333,3777.000
3596.600,4399.550,3527.042,3372.343,3432.550,4079.625,5490.667,3159.167,4110.533,3877.480
3667.600,4495.650,3557.000,3429.057,3487.050,4117.125,5571.143,3213.976,4206.867,3945.080
3769.520,4589.100,3593.417,3500.371,3522.050,4231.062,5566.619,3240.476,4312.867,4007.480
3795.680,4715.600,3620.292,3511.714,3559.450,4291.688,5480.833,3258.119,4352.000,4029.640
3824.320,4805.750,3637.708,3555.686,3570.400,4321.125,5430.095,3264.428,4440.067,4063.520
3798.480,4860.100,3635.417,3557.000,3608.350,4342.375,5449.905,3259.976,4417.867,4059.160
3815.280,4914.400,3645.500,3538.057,3594.200,4387.062,5444.286,3256.143,4481.333,4056.680
3805.240,4903.900,3669.292,3541.343,3581.400,4372.938,5326.167,3257.857,4476.133,4019.680
3739.360,4866.250,3645.250,3536.229,3591.450,4335.688,5170.119,3210.619,4456.000,3917.840
3706.640,4784.600,3622.000,3487.114,3534.100,4264.375,4992.905,3172.452,4418.133,3918.720
3676.040,4670.300,3605.333,3489.486,3501.350,4207.000,4864.690,3166.262,4315.533,3841.480
3623.680,4567.700,3604.958,3460.371,3480.450,4207.375,4703.857,3131.714,4264.000,3815.400
3612.920,4540.400,3536.208,3414.657,3455.100,4182.062,4600.405,3118.738,4207.733,3766.640
3570.040,4414.650,3546.000,3377.486,3430.550,4106.062,4472.429,3076.214,4137.933,3719.080
3512.080,4325.650,3531.458,3368.086,3426.650,4086.875,4357.810,3072.881,4077.067,3724.200
3468.360,4292.700,3472.542,3341.314,3346.950,4022.500,4343.000,3027.881,4064.067,3657.240
3435.440,4196.250,3486.417,3328.572,3356.300,3995.000,4332.881,3019.857,3970.467,3637.000
3403.680,4130.000,3473.583,3299.057,3338.850,3952.000,4276.500,2996.810,3961.000,3607.120
3365.920,4091.400,3442.583,3297.428,3306.300,3902.625,4224.381,2995.476,3907.267,3583.760
3364.000,4039.050,3380.125,3268.057,3308.700,3880.750,4295.881,2988.738,3870.867,3564.760
3355.720,4025.900,3398.125,3280.428,3333.850,3837.375,4525.976,2976.905,3860.867,3553.840
3373.720,3987.950,3389.000,3267.857,3306.350,3852.750,4653.810,3008.548,3885.467,3547.800
3396.600,4075.650,3432.042,3299.629,3330.250,3889.875,4798.333,3024.786,3970.800,3557.480
3483.400,4170.850,3466.917,3305.771,3362.350,3914.875,4927.262,3054.452,4066.267,3596.400
3569.440,4277.650,3489.792,3362.572,3400.950,3975.438,5050.429,3102.357,4247.533,3687.480
3686.760,4409.500,3519.250,3431.800,3457.700,4004.188,5087.167,3142.000,4375.133,3730.040
3742.600,4471.850,3551.250,3489.572,3521.000,4091.062,5102.310,3142.262,4511.467,3824.720
3778.280,4548.400,3563.167,3516.486,3549.600,4143.875,5095.048,3174.095,4569.533,3850.080
3819.440,4569.350,3568.000,3546.057,3535.000,4173.688,5073.119,3190.976,4589.267,3867.560
3834.280,4540.750,3563.250,3540.171,3562.750,4145.688,5007.619,3191.952,4649.200,3847.720
3801.320,4540.800,3542.833,3555.629,3527.700,4162.125,4911.143,3196.667,4620.267,3795.360
3742.120,4521.450,3546.208,3532.629,3555.950,4166.375,4809.976,3173.786,4593.400,3801.400
3695.240,4476.350,3537.792,3524.572,3526.900,4104.312,4691.429,3140.048,4537.533,3746.040
3634.960,4386.650,3529.917,3479.572,3484.000,4091.938,4548.381,3128.643,4471.733,3692.160
3611.840,4287.550,3508.458,3439.171,3433.950,4061.312,4423.571,3096.524,4384.067,3652.800
3573.720,4233.450,3466.750,3421.771,3385.600,3985.000,4285.738,3098.667,4320.133,3624.560
3516.200,4157.150,3454.083,3381.057,3363.400,3943.125,4201.905,3061.119,4268.133,3588.640
3492.560,4068.150,3445.375,3361.057,3366.700,3912.750,4106.119,3033.738,4177.867,3565.920
3458.240,4020.300,3444.667,3339.486,3354.750,3864.438,4051.214,3033.048,4093.400,3525.880
3430.640,3967.300,3385.875,3312.343,3298.000,3793.000,4036.428,3009.310,4048.733,3526.160
3398.400,3920.800,3400.708,3266.286,3309.950,3809.062,4034.643,2987.690,4015.133,3515.720
3371.200,3864.300,3394.625,3264.257,3282.350,3783.000,3992.548,2976.452,4014.000,3466.880
3332.240,3869.800,3373.750,3251.400,3265.450,3792.875,4087.238,2969.452,3929.933,3410.440
3320.400,3824.550,3364.583,3233.543,3256.100,3736.812,4290.857,2967.238,3890.600,3422.640
3336.560,3793.350,3369.083,3255.829,3264.500,3756.500,4460.333,2958.095,3944.600,3413.520
3347.200,3782.300,3397.458,3262.657,3291.800,3775.188,4597.452,2975.072,3914.400,3419.760
3419.360,3804.050,3404.333,3276.200,3280.900,3751.500,4686.714,2964.786,3967.133,3448.280
3496.960,3848.600,3411.500,3322.257,3284.500,3829.312,4806.119,2988.452,4010.800,3487.560
3610.040,3944.750,3459.375,3378.629,3357.550,3917.438,4962.357,3022.500,4141.133,3633.200
3701.800,4062.550,3481.333,3430.314,3415.450,3957.000,4988.762,3074.667,4245.600,3707.680
3690.000,4096.700,3520.792,3476.800,3428.650,3976.250,4941.524,3089.833,4354.933,3692.960
3745.280,4104.500,3534.917,3471.857,3445.150,4043.312,4912.881,3115.786,4433.733,3701.720
3729.320,4125.950,3531.167,3456.057,3473.800,4074.375,4885.786,3120.405,4490.133,3735.120
3719.480,4107.100,3538.042,3491.943,3486.700,4064.500,4849.952,3096.095,4460.800,3722.200
3713.520,4139.000,3509.708,3444.229,3475.900,4088.625,4805.214,3087.167,4450.867,3692.680
3714.000,4132.350,3514.083,3448.114,3432.300,4104.250,4808.738,3084.262,4509.400,3669.200
3652.240,4101.500,3522.917,3443.743,3444.850,4044.062,4693.905,3094.333,4492.400,3639.240
3620.800,4089.150,3522.458,3423.086,3433.050,4024.062,4560.405,3048.381,4450.600,3610.120
3550.840,4040.800,3500.958,3380.572,3378.000,3978.438,4449.690,3036.595,4402.733,3554.040
3514.240,3910.000,3458.500,3343.886,3386.600,3958.375,4346.667,3016.738,4312.400,3528.040
3496.840,3908.650,3424.667,3334.657,3376.250,3927.375,4234.810,2994.428,4255.600,3478.560
3460.000,3882.650,3427.042,3297.000,3343.800,3904.125,4128.167,2970.810,4211.067,3476.080
3443.320,3787.400,3414.333,3285.543,3280.300,3852.312,4073.143,2983.667,4123.933,3418.120
3418.920,3769.800,3420.917,3279.572,3290.350,3865.250,4029.357,2940.738,4043.200,3425.120
3392.600,3735.150,3392.125,3252.800,3284.000,3790.562,3977.428,2951.833,4028.400,3398.800
3365.560,3666.400,3382.125,3239.371,3277.300,3738.938,3978.786,2937.690,3977.200,3350.600
3336.120,3635.650,3353.917,3215.829,3253.400,3740.062,4066.548,2937.738,3976.800,3352.080
3291.920,3650.500,3347.417,3196.543,3244.850,3695.375,4204.452,2931.738,3940.267,3353.080
3284.560,3618.450,3326.375,3217.600,3217.500,3682.125,4359.333,2905.310,3915.867,3344.080
3291.960,3623.250,3326.833,3195.257,3224.100,3693.938,4486.095,2923.952,3909.000,3345.680
3321.320,3638.950,3347.708,3222.229,3228.900,3665.188,4673.286,2926.667,3954.600,3370.120
3388.960,3734.900,3371.958,3238.457,3271.650,3720.875,4839.476,2960.024,4025.200,3457.840
3443.440,3796.750,3403.458,3275.543,3316.600,3786.625,4955.429,2998.262,4121.867,3483.400
3578.720,3943.450,3433.125,3341.057,3336.050,3844.812,5104.619,3038.548,4289.000,3573.800
3636.080,4022.100,3454.292,3386.714,3369.850,3938.062,5085.786,3072.548,4494.867,3605.640
3682.400,4070.100,3489.042,3454.771,3423.800,3976.375,5132.333,3094.167,4560.800,3704.040
3695.320,4105.650,3503.292,3428.543,3415.550,3975.312,5061.548,3077.714,4631.933,3690.320
3649.760,4141.200,3480.375,3456.714,3437.350,4008.812,4991.214,3085.405,4661.467,3696.480
3644.360,4121.050,3502.583,3461.371,3417.250,3945.625,4841.714,3070.238,4632.333,3658.200
3586.960,4080.950,3450.708,3423.143,3402.450,3977.312,4766.595,3071.667,4614.733,3606.120
3574.640,4076.800,3441.875,3420.686,3381.800,3957.125,4663.714,3046.143,4574.800,3595.840
3521.040,4014.700,3424.500,3375.686,3401.300,3918.250,4556.786,3018.595,4463.733,3557.680
3493.680,3945.300,3437.792,3354.029,3366.150,3911.375,4448.000,2992.310,4431.133,3504.240
3467.240,3887.900,3412.792,3322.714,3338.850,3842.875,4375.000,3003.452,4308.600,3481.240
3436.160,3861.800,3384.708,3274.314,3279.250,3831.938,4251.833,2969.905,4267.000,3489.840
3377.760,3816.600,3361.167,3255.000,3284.550,3787.125,4168.643,2970.024,4182.267,3440.280
3375.640,3765.300,3351.875,3241.400,3247.500,3740.000,4085.881,2972.000,4156.200,3399.720
3340.760,3719.200,3330.750,3230.428,3226.450,3697.688,4054.667,2947.928,4099.733,3401.960
3299.280,3649.850,3331.292,3186.114,3229.000,3684.125,4051.024,2928.048,4086.400,3342.480
3294.760,3657.500,3323.375,3175.886,3196.600,3662.438,4080.428,2915.238,4013.133,3305.120
3287.160,3608.650,3301.250,3165.029,3196.000,3625.938,4146.667,2901.024,4001.800,3334.240
3267.840,3608.300,3287.417,3156.400,3192.500,3634.750,4218.738,2900.476,3953.600,3316.560
3282.480,3615.150,3299.500,3145.143,3199.650,3582.375,4313.524,2881.095,3948.400,3300.200
3277.440,3609.250,3268.500,3153.743,3179.650,3594.000,4452.690,2919.357,3973.000,3338.360
3324.640,3671.350,3298.500,3171.657,3232.400,3571.562,4554.167,2931.905,4010.467,3371.720
3374.640,3770.200,3282.375,3203.629,3254.400,3646.062,4673.548,2974.786,4115.467,3428.800
3473.760,3881.250,3348.417,3243.286,3278.400,3722.000,4754.762,3013.690,4189.533,3512.960
3504.600,3939.850,3375.625,3265.171,3336.700,3744.500,4788.429,3017.714,4286.267,3583.840
3552.240,3985.600,3382.542,3288.029,3372.950,3756.750,4860.810,3043.667,4343.067,3612.160
3582.400,4074.800,3386.792,3332.829,3376.900,3846.312,4880.048,3044.000,4431.800,3652.640
3569.800,4141.550,3424.333,3366.114,3386.150,3842.188,4891.881,3036.524,4408.000,3671.680
3595.400,4171.200,3446.875,3390.943,3399.350,3946.625,4873.167,3052.810,4401.400,3724.840
3568.760,4172.600,3426.958,3393.886,3387.950,3846.125,4787.595,3021.500,4418.000,3671.840
3525.040,4124.250,3437.917,3359.743,3378.850,3836.375,4690.500,3013.524,4399.000,3645.560
3528.520,4125.350,3408.250,3355.943,3349.850,3812.000,4654.381,2990.214,4358.933,3625.840
3494.440,4041.400,3396.875,3334.257,3315.450,3813.188,4597.238,2987.238,4371.333,3553.640
3453.400,4053.350,3368.083,3318.971,3320.300,3804.375,4519.524,2981.048,4306.000,3560.560
3415.280,3961.850,3349.292,3291.857,3313.000,3747.125,4396.929,2979.286,4201.333,3495.800
3401.080,3896.000,3352.458,3276.457,3277.600,3702.750,4321.976,2933.619,4177.800,3479.000
3366.120,3842.800,3353.375,3240.714,3262.150,3687.688,4224.119,2940.714,4081.067,3449.480
3338.520,3812.100,3329.250,3231.629,3254.900,3644.250,4148.333,2907.548,4017.533,3430.520
3305.480,3733.750,3323.708,3195.857,3244.150,3582.875,4119.952,2902.476,4009.867,3393.040
3276.720,3714.750,3305.000,3173.486,3208.450,3587.688,4095.333,2899.928,3961.267,3374.400
3255.400,3684.150,3285.625,3151.600,3217.300,3572.750,4028.262,2889.381,3901.000,3326.320
3233.320,3675.300,3267.208,3140.657,3213.050,3562.062,4136.071,2866.072,3883.667,3341.560
3228.800,3631.700,3261.292,3150.629,3185.800,3557.500,4240.119,2869.476,3847.200,3291.240
3203.960,3648.000,3252.458,3164.572,3158.800,3521.188,4312.452,2878.024,3825.933,3300.280
3220.120,3658.700,3273.125,3181.943,3183.400,3515.750,4513.024,2892.428,3893.333,3330.840
3241.440,3678.800,3260.042,3228.714,3193.050,3544.938,4590.976,2935.405,3945.133,3383.080
3261.840,3723.150,3301.750,3242.029,3213.000,3557.625,4646.357,2962.738,3954.600,3438.320
3338.400,3836.600,3324.750,3284.343,3255.400,3595.625,4704.310,3002.548,4052.733,3464.480
3400.960,3930.500,3360.333,3342.314,3273.350,3613.625,4828.048,3034.333,4151.600,3527.480
3470.920,3944.750,3381.250,3396.257,3299.500,3670.188,4813.595,3058.143,4214.200,3591.240
3508.480,3984.800,3406.708,3406.400,3322.000,3698.312,4821.595,3065.548,4316.800,3608.840
3559.720,4048.900,3407.500,3428.971,3323.600,3750.000,4795.833,3091.072,4275.667,3575.800
3517.640,4082.100,3445.792,3430.428,3358.700,3795.812,4761.571,3087.286,4391.067,3548.200
3528.880,4080.850,3421.958,3423.486,3350.550,3802.938,4650.262,3076.286,4354.533,3571.000
3506.280,4032.650,3412.458,3409.029,3327.650,3748.250,4558.524,3059.119,4332.000,3551.280
3477.240,3998.050,3411.333,3381.200,3328.750,3779.562,4428.571,3033.595,4305.067,3481.720
3436.800,3971.050,3435.125,3325.486,3283.900,3716.062,4337.738,3034.595,4241.000,3478.200
3396.040,3931.700,3372.458,3323.229,3293.250,3704.688,4258.381,3000.119,4183.133,3429.680
3360.320,3874.050,3385.750,3295.314,3273.550,3656.375,4144.833,2994.524,4148.267,3403.960
3353.920,3826.300,3368.333,3273.771,3249.100,3655.125,4062.714,2975.738,4131.867,3402.760
3310.960,3761.700,3339.792,3236.114,3244.650,3633.750,4019.190,2957.333,4025.667,3374.200
3276.800,3703.450,3341.917,3243.572,3223.750,3611.688,3972.762,2950.810,4027.867,3352.960
3245.440,3668.000,3322.792,3201.000,3202.050,3570.938,3915.905,2933.214,3961.933,3334.760
3259.120,3635.700,3298.375,3185.400,3179.300,3559.375,3896.357,2935.214,3914.200,3295.880
3224.680,3605.800,3285.458,3146.257,3175.750,3500.750,3972.167,2916.476,3851.933,3276.320
3229.040,3547.750,3271.583,3154.629,3152.200,3500.875,4079.690,2904.048,3834.000,3249.280
3202.560,3567.650,3270.042,3139.257,3156.650,3488.688,4174.976,2908.214,3816.000,3273.760
3191.400,3566.250,3277.667,3145.000,3151.650,3485.000,4281.857,2902.595,3789.533,3256.040
3184.720,3595.050,3260.792,3146.029,3145.550,3488.688,4336.333,2915.476,3814.133,3257.160
3223.880,3634.300,3278.250,3181.200,3164.400,3454.938,4429.381,2924.428,3825.067,3248.840
3269.280,3669.750,3315.333,3211.572,3171.750,3524.312,4532.690,2953.619,3885.533,3262.640
3314.920,3769.900,3314.750,3248.543,3214.400,3529.500,4614.833,2975.619,3925.067,3245.040
3392.240,3841.350,3306.417,3282.029,3261.850,3570.188,4671.143,2995.095,4001.000,3279.040
3459.160,3943.150,3349.458,3338.657,3297.800,3606.188,4796.667,3013.048,4055.400,3300.320
3522.240,4008.900,3377.083,3385.771,3344.800,3625.000,4772.286,3030.024,4199.000,3316.880
3517.360,4057.100,3382.500,3434.829,3364.900,3692.938,4707.357,3026.024,4219.867,3330.560
3515.680,4041.300,3383.458,3423.343,3342.150,3698.062,4603.619,3010.786,4250.133,3334.680
3534.000,4032.100,3385.000,3400.514,3357.350,3696.000,4551.929,3026.357,4259.667,3320.960
3483.200,4028.650,3386.917,3400.829,3334.750,3651.125,4519.024,2986.572,4180.800,3293.520
3469.480,4022.300,3378.208,3376.314,3292.750,3650.938,4436.262,3002.667,4144.067,3283.200
3432.720,3955.300,3378.917,3358.800,3317.200,3666.812,4315.905,2978.405,4131.800,3274.240
3387.520,3901.500,3371.250,3290.572,3282.050,3604.250,4198.310,2954.738,4086.467,3252.880
3357.440,3833.000,3340.792,3280.743,3251.100,3549.688,4120.571,2955.548,3992.133,3248.600
3341.360,3801.850,3327.375,3278.000,3242.350,3561.688,4048.072,2945.048,3999.200,3232.880
3327.640,3750.100,3319.125,3254.200,3209.900,3511.000,3978.190,2919.357,3929.733,3237.600
3303.640,3722.750,3264.458,3210.171,3198.650,3507.812,3911.810,2903.381,3914.333,3201.600
3279.000,3656.350,3274.125,3191.714,3194.550,3467.188,3850.190,2895.690,3865.067,3203.600
3258.280,3648.000,3252.667,3184.486,3143.550,3451.250,3829.214,2877.095,3832.867,3194.960
3229.560,3618.950,3245.542,3159.114,3163.450,3461.000,3862.214,2869.619,3796.400,3175.280
3211.080,3561.300,3259.458,3148.943,3156.450,3456.625,3912.952,2856.190,3728.800,3163.480
3219.840,3559.650,3238.292,3138.343,3126.250,3424.812,3930.500,2845.762,3738.333,3140.760
3198.480,3534.950,3233.750,3137.428,3132.950,3416.938,4062.167,2851.095,3732.600,3162.080
3188.720,3518.100,3236.833,3136.629,3113.900,3391.562,4195.429,2866.405,3713.000,3157.680
3203.320,3583.300,3252.625,3180.800,3156.700,3442.438,4241.071,2864.333,3715.400,3163.600
3261.800,3619.550,3298.000,3212.800,3162.700,3450.500,4384.310,2901.762,3785.133,3198.520
3340.080,3682.600,3283.917,3253.371,3198.050,3496.562,4486.071,2910.167,3829.267,3239.160
3402.800,3731.800,3306.583,3295.000,3242.350,3573.375,4519.476,2932.333,3872.267,3296.200
3485.480,3824.050,3350.875,3310.314,3269.550,3648.312,4534.429,2964.548,3909.333,3349.320
3519.720,3877.300,3343.958,3361.543,3269.300,3617.438,4611.952,2979.167,3943.667,3378.400
3498.280,3923.550,3347.708,3374.857,3295.750,3677.688,4614.714,2969.786,3996.800,3364.080
3551.640,3931.750,3349.542,3376.600,3289.150,3669.312,4606.810,2971.810,4003.267,3407.080
3523.480,3956.900,3361.167,3377.572,3303.500,3676.250,4512.024,2955.619,3996.000,3351.280
3494.600,3918.650,3349.708,3334.371,3278.700,3647.312,4364.095,2946.952,3955.133,3347.400
3448.120,3907.150,3336.500,3311.714,3263.100,3631.312,4319.000,2925.690,3924.800,3313.920
3421.360,3825.100,3327.583,3289.143,3262.450,3588.812,4226.786,2933.310,3896.467,3295.400
3403.320,3827.800,3296.958,3295.714,3251.300,3605.500,4132.071,2909.119,3868.000,3279.960
3353.960,3775.150,3291.875,3239.257,3201.750,3557.688,4011.428,2891.072,3842.400,3245.560
3338.560,3698.500,3287.125,3225.057,3213.900,3529.625,3952.595,2898.690,3767.267,3233.040
3295.560,3662.700,3307.542,3202.200,3171.700,3503.938,3855.857,2864.167,3771.800,3201.160
3267.040,3641.400,3251.833,3169.600,3156.100,3484.250,3821.024,2871.357,3717.067,3209.520
3276.000,3585.400,3233.250,3166.229,3140.600,3435.375,3785.190,2862.095,3700.600,3182.160
3237.120,3552.850,3242.417,3147.572,3156.900,3481.625,3810.881,2865.072,3677.333,3174.720
3222.600,3540.500,3204.417,3133.914,3118.450,3443.875,3835.833,2853.524,3630.733,3159.120
3228.840,3489.650,3228.875,3143.771,3157.100,3429.562,3848.262,2852.738,3604.933,3150.080
3188.760,3495.550,3235.750,3122.086,3105.300,3421.625,3886.428,2828.548,3578.400,3143.000
3185.800,3524.550,3215.625,3118.714,3133.950,3412.375,3972.810,2838.762,3609.667,3134.720
3187.000,3512.450,3217.542,3143.600,3121.450,3429.312,4102.643,2872.476,3568.733,3160.080
3239.920,3568.700,3229.542,3138.400,3134.600,3455.188,4222.000,2877.238,3594.800,3158.360
3285.080,3684.000,3232.625,3172.543,3213.400,3490.625,4324.810,2893.595,3722.533,3217.160
3408.280,3757.250,3251.250,3199.714,3212.850,3545.188,4379.905,2936.381,3750.200,3243.280
3486.520,3863.300,3248.708,3235.543,3278.300,3584.562,4435.595,2972.952,3833.067,3312.440
3498.120,3887.950,3282.625,3246.257,3322.150,3614.812,4434.690,2990.667,3910.800,3359.240
3522.400,3940.150,3294.208,3288.943,3293.100,3682.250,4455.714,3004.333,3972.267,3354.520
3516.760,3966.000,3327.875,3298.857,3340.450,3702.938,4437.667,3028.095,3999.067,3385.440
3472.320,3979.250,3311.042,3280.286,3351.300,3694.250,4315.452,3012.476,4013.867,3357.120
3456.040,3971.850,3305.917,3260.343,3352.450,3699.375,4242.000,3001.357,4003.600,3343.960
3413.000,3952.100,3305.458,3271.943,3321.050,3658.750,4173.619,2985.690,3983.467,3336.080
3403.920,3915.350,3287.250,3250.343,3316.750,3645.500,4122.548,2997.357,3940.733,3338.280
3375.200,3912.950,3275.375,3230.914,3252.200,3616.250,4052.095,2965.667,3946.200,3337.600
3340.000,3874.400,3281.083,3191.943,3288.550,3573.312,3961.381,2960.905,3879.133,3308.840
3300.120,3830.350,3289.167,3187.057,3229.600,3563.000,3886.452,2936.762,3830.800,3286.040
3296.680,3748.000,3256.833,3160.600,3240.250,3552.625,3793.524,2935.310,3835.067,3255.760
3252.840,3749.700,3253.292,3154.514,3231.950,3501.125,3711.714,2897.690,3772.533,3244.680
3260.800,3725.700,3264.375,3139.857,3199.400,3507.875,3687.690,2917.690,3737.600,3204.960
3208.880,3652.750,3227.208,3115.257,3173.000,3463.750,3626.810,2895.857,3727.200,3225.280
3206.160,3613.000,3220.417,3114.229,3168.500,3440.375,3592.048,2882.786,3659.800,3209.000
3191.720,3580.800,3229.542,3084.743,3150.850,3458.812,3610.762,2872.167,3652.400,3178.680
3184.680,3562.000,3209.583,3068.286,3159.750,3413.938,3712.738,2863.048,3657.467,3191.480
3179.280,3540.550,3216.000,3086.743,3148.300,3445.688,3761.072,2859.619,3621.333,3157.080
3148.920,3528.250,3238.000,3083.514,3154.900,3458.688,3813.762,2835.810,3682.000,3165.520
3151.680,3537.050,3190.958,3086.514,3139.650,3426.438,3885.928,2849.167,3651.467,3149.160
3184.320,3543.300,3206.292,3081.314,3139.700,3444.688,3993.905,2859.762,3662.600,3162.840
3221.240,3586.500,3232.667,3108.800,3167.100,3440.812,4053.262,2883.548,3726.333,3183.280
3255.720,3623.250,3252.583,3137.657,3210.750,3503.938,4145.548,2899.810,3701.467,3210.440
3323.760,3681.050,3242.625,3198.057,3214.100,3504.750,4197.286,2909.976,3807.467,3297.240
3380.920,3730.750,3255.708,3223.171,3247.800,3535.438,4241.762,2927.738,3836.667,3323.520
3393.360,3777.800,3265.167,3280.543,3252.350,3582.812,4237.833,2932.905,3906.867,3331.680
3417.720,3785.200,3254.708,3285.057,3312.550,3602.625,4220.024,2936.928,3919.133,3378.640
3401.800,3811.400,3293.542,3298.314,3285.050,3608.250,4176.548,2940.167,3916.400,3368.080
3383.640,3797.150,3287.250,3286.086,3287.000,3600.000,4129.119,2927.000,3979.067,3360.880
3389.800,3785.550,3275.958,3261.829,3287.750,3583.062,4050.667,2926.405,3977.533,3347.920
3360.640,3804.550,3273.958,3243.171,3271.700,3580.188,3998.619,2908.286,3961.000,3316.480
3335.160,3786.550,3279.292,3200.486,3247.750,3533.312,3928.476,2909.119,3927.600,3308.160
3292.760,3696.650,3240.292,3214.400,3244.750,3495.125,3826.667,2899.738,3885.067,3283.320
3268.480,3683.150,3243.125,3168.829,3243.600,3467.125,3754.857,2882.167,3833.600,3253.400
3254.560,3634.750,3252.000,3164.029,3190.600,3437.625,3694.548,2869.643,3801.267,3242.160
3232.400,3622.550,3205.750,3137.171,3180.100,3459.375,3618.333,2849.524,3735.133,3231.200
3175.720,3573.950,3229.542,3119.371,3173.950,3417.062,3589.595,2870.072,3715.133,3187.000
3175.840,3542.500,3220.625,3129.857,3179.050,3423.125,3598.262,2856.619,3672.933,3177.520
3211.440,3518.850,3246.917,3101.000,3162.750,3413.750,3551.738,2852.405,3660.333,3188.880
3151.200,3489.000,3219.792,3097.143,3135.650,3400.562,3506.143,2840.119,3627.067,3166.280
3129.880,3489.300,3202.542,3074.829,3132.400,3397.062,3526.857,2836.786,3660.933,3154.400
3148.480,3437.350,3200.542,3082.743,3143.200,3356.875,3670.738,2816.286,3589.867,3134.360
3145.880,3460.650,3214.583,3076.629,3158.050,3381.125,3817.714,2809.072,3577.800,3124.360
3130.080,3486.150,3208.083,3084.971,3149.700,3338.875,3952.286,2816.095,3587.733,3123.240
3161.680,3529.700,3197.000,3100.714,3169.850,3399.438,4051.167,2828.690,3582.867,3151.040
3213.760,3568.850,3233.958,3146.343,3192.900,3397.250,4173.190,2834.952,3627.867,3176.120
3251.840,3627.450,3241.792,3159.229,3191.150,3370.500,4233.190,2846.572,3632.400,3196.800
3293.600,3678.950,3246.000,3187.371,3243.050,3432.125,4321.833,2856.214,3698.467,3254.320
3332.080,3748.350,3260.250,3231.086,3239.800,3460.062,4416.000,2895.095,3699.333,3275.280
3323.720,3836.150,3271.292,3236.800,3293.850,3472.875,4417.952,2918.167,3766.400,3322.680
3319.800,3826.400,3269.583,3266.143,3292.500,3531.812,4414.929,2925.548,3777.933,3309.280
3291.320,3860.250,3271.333,3253.914,3284.900,3523.750,4350.905,2909.476,3801.467,3331.600
3286.680,3864.650,3252.417,3257.572,3298.050,3524.500,4275.405,2900.357,3762.000,3338.800
3291.080,3834.000,3266.125,3231.629,3279.700,3492.375,4173.286,2897.143,3784.000,3315.520
3253.360,3831.600,3253.208,3203.572,3267.050,3500.062,4116.190,2889.048,3795.200,3300.800
3235.920,3766.900,3262.167,3188.600,3227.500,3479.938,4031.357,2882.905,3765.533,3289.080
3240.640,3757.250,3255.292,3172.029,3222.050,3467.125,3948.310,2862.810,3755.533,3243.440
3212.040,3729.400,3232.917,3144.600,3195.550,3434.062,3853.262,2852.762,3710.933,3266.240
3210.960,3677.200,3255.208,3120.514,3217.650,3438.812,3805.072,2823.405,3663.533,3223.240
3169.960,3670.850,3233.458,3133.229,3175.050,3428.812,3761.667,2843.452,3648.600,3199.520
3170.960,3600.450,3208.083,3092.572,3174.300,3428.312,3724.572,2826.738,3593.200,3200.040
3124.520,3607.850,3219.875,3085.829,3183.700,3384.062,3687.905,2816.976,3578.533,3195.680
3104.280,3601.500,3184.208,3071.371,3134.800,3392.000,3633.405,2822.548,3533.200,3182.800
3110.240,3526.700,3206.375,3055.857,3136.850,3366.438,3610.476,2804.667,3457.933,3166.840
3077.360,3531.650,3166.500,3055.629,3119.000,3372.062,3659.095,2791.119,3482.333,3130.360
3108.360,3478.150,3167.917,3050.428,3128.450,3320.500,3712.000,2796.786,3452.333,3166.960
3072.080,3527.750,3168.167,3057.200,3121.250,3344.250,3791.381,2799.024,3442.867,3135.000
3085.920,3537.800,3182.583,3051.114,3118.100,3363.562,3886.595,2796.072,3460.600,3144.520
3097.000,3546.000,3194.250,3044.314,3126.450,3358.250,3961.928,2806.381,3438.867,3170.160
3172.160,3583.100,3222.125,3078.314,3150.150,3405.375,3995.762,2812.928,3391.267,3203.280
3193.960,3642.600,3227.500,3117.400,3200.600,3425.938,4076.000,2829.405,3435.200,3251.280
3249.880,3741.500,3244.083,3158.200,3219.000,3457.375,4143.167,2857.476,3479.400,3291.000
3310.920,3764.800,3252.625,3185.514,3249.950,3436.000,4172.119,2856.714,3498.400,3310.120
3280.240,3838.400,3256.667,3190.314,3253.200,3513.562,4149.738,2862.095,3515.867,3299.560
3310.080,3835.150,3282.125,3219.343,3231.450,3491.500,4086.119,2857.452,3523.800,3334.440
3295.960,3906.150,3257.375,3200.171,3240.800,3500.375,4055.143,2856.857,3552.933,3304.920
3264.640,3895.750,3284.958,3190.572,3230.400,3497.688,3982.452,2865.976,3546.467,3308.200
3259.480,3856.850,3288.625,3195.029,3238.550,3494.688,3899.833,2845.786,3518.267,3285.280
3238.200,3833.250,3257.333,3184.543,3221.800,3477.000,3844.524,2857.072,3529.333,3271.840
3206.320,3833.450,3223.042,3132.200,3229.650,3496.812,3769.643,2836.143,3533.000,3249.760
3192.440,3789.450,3236.708,3123.572,3206.450,3453.688,3711.714,2841.119,3428.467,3266.520
3169.920,3710.750,3220.083,3113.714,3196.600,3431.250,3640.238,2840.524,3474.600,3229.640
3153.760,3708.950,3234.625,3084.943,3166.050,3403.125,3584.881,2827.048,3451.200,3228.400
3111.840,3701.300,3226.208,3080.457,3152.300,3404.688,3539.238,2823.072,3376.400,3215.160
3108.040,3632.400,3194.125,3058.029,3142.200,3382.625,3512.905,2806.000,3392.333,3198.600
3099.000,3589.550,3210.500,3052.800,3107.450,3393.938,3484.428,2810.095,3384.467,3153.480
3061.040,3569.250,3192.292,3046.829,3130.100,3341.438,3461.405,2802.119,3358.733,3167.160
3050.560,3548.600,3185.417,3034.171,3117.350,3326.875,3491.952,2790.000,3326.667,3161.880
3054.560,3566.450,3196.708,3006.371,3104.250,3290.250,3519.524,2795.000,3325.600,3154.400
3025.400,3542.800,3187.500,3008.886,3088.750,3313.812,3552.714,2800.024,3310.133,3143.280
3057.760,3537.000,3186.375,3027.572,3090.650,3327.875,3638.428,2786.810,3317.667,3138.760
3040.240,3571.950,3190.500,3026.800,3078.000,3299.062,3675.952,2795.928,3305.533,3153.000
3044.080,3552.600,3194.667,3038.857,3110.100,3292.562,3748.786,2777.976,3368.600,3163.480
3026.560,3599.100,3197.917,3061.371,3090.600,3311.500,3815.381,2773.524,3372.467,3171.560
3035.080,3664.200,3219.375,3101.486,3122.700,3343.188,3898.500,2795.024,3412.467,3229.280
3040.400,3705.950,3221.792,3134.686,3154.850,3393.562,3962.976,2804.238,3462.000,3246.600
3095.320,3772.050,3209.708,3156.257,3168.300,3413.500,3976.143,2814.428,3485.000,3274.400
3092.320,3766.100,3226.000,3172.800,3202.050,3404.750,3994.714,2821.714,3549.933,3331.960
3100.360,3744.650,3242.875,3174.743,3213.850,3385.062,3985.357,2795.024,3545.400,3322.160
3119.520,3790.500,3223.875,3185.257,3208.300,3395.938,3921.786,2803.119,3590.933,3301.040
3099.400,3778.250,3238.917,3151.629,3175.350,3400.250,3875.095,2803.095,3548.533,3320.280
3104.480,3773.100,3228.750,3164.343,3193.150,3429.812,3854.810,2796.476,3542.133,3295.360
3066.280,3742.450,3222.208,3163.943,3205.000,3385.375,3845.095,2815.667,3533.267,3260.840
3065.720,3746.100,3225.458,3147.229,3159.050,3368.062,3775.167,2794.548,3517.000,3260.040
3070.400,3700.350,3224.542,3133.171,3197.000,3387.562,3683.381,2774.786,3511.533,3226.880
3045.360,3650.550,3200.625,3070.200,3118.300,3395.250,3654.095,2768.833,3466.067,3224.320
3025.000,3597.950,3202.708,3087.657,3132.750,3342.938,3603.976,2765.357,3453.733,3199.560
3012.960,3560.400,3205.458,3071.343,3117.500,3311.438,3542.333,2771.548,3414.933,3191.360
2986.520,3552.400,3184.333,3052.857,3116.800,3349.125,3520.881,2763.143,3400.933,3157.120
3005.600,3522.450,3198.000,3041.800,3078.800,3311.875,3499.310,2740.095,3397.467,3176.280
2991.800,3507.000,3191.250,3035.514,3100.300,3294.250,3500.881,2743.310,3383.800,3159.760
2976.120,3465.400,3186.750,3022.171,3073.200,3294.125,3468.524,2747.690,3386.800,3139.760
2966.560,3452.600,3163.875,3015.800,3085.000,3292.625,3456.167,2748.333,3350.533,3142.520
2962.600,3406.500,3169.625,3009.257,3066.750,3245.250,3517.881,2739.238,3334.667,3146.880
2973.520,3411.400,3174.250,3024.257,3043.450,3272.125,3647.024,2748.595,3343.933,3134.840
2953.040,3368.600,3171.917,3027.343,3081.050,3248.312,3757.548,2734.572,3362.133,3147.160
2972.880,3368.250,3184.792,3031.286,3088.300,3258.000,3839.905,2746.714,3379.733,3179.400
2983.960,3349.750,3176.958,3040.771,3118.550,3277.375,3858.548,2752.690,3400.667,3206.360
3003.880,3409.800,3214.458,3098.457,3126.800,3260.312,3982.428,2757.286,3413.267,3267.040
3017.840,3466.050,3206.750,3123.514,3151.600,3295.000,4033.214,2761.810,3501.067,3347.480
3049.680,3487.000,3229.542,3144.829,3155.850,3305.438,4080.976,2772.976,3492.000,3389.560
3067.120,3545.200,3244.208,3134.914,3173.750,3310.312,4101.452,2780.214,3480.267,3404.760
3068.200,3617.400,3224.625,3167.143,3203.550,3315.250,4052.072,2778.262,3515.800,3425.840
3071.920,3582.600,3240.708,3161.114,3177.250,3316.188,4008.000,2779.786,3595.000,3391.240
3047.360,3590.550,3256.208,3145.229,3163.950,3288.375,3953.928,2779.048,3611.733,3426.200
3052.880,3637.500,3222.625,3138.257,3166.350,3300.125,3914.762,2779.214,3544.133,3395.840
3031.640,3640.850,3235.250,3148.486,3155.900,3309.750,3832.881,2773.238,3593.733,3372.320
3037.120,3643.100,3227.333,3117.600,3133.350,3266.562,3798.119,2779.072,3526.200,3345.840
3008.400,3598.450,3203.583,3097.371,3132.500,3272.750,3751.167,2775.024,3541.933,3309.080
2990.400,3576.200,3198.417,3053.886,3117.350,3208.438,3658.286,2784.048,3472.533,3317.080
2982.160,3530.200,3169.375,3047.543,3108.300,3244.062,3611.238,2766.619,3466.533,3249.760
2960.480,3523.800,3175.667,3048.686,3105.050,3209.625,3567.762,2745.690,3443.400,3242.480
2956.720,3497.300,3173.542,3031.514,3089.350,3198.812,3524.024,2737.905,3425.200,3253.280
2963.920,3478.050,3144.917,3019.400,3082.500,3213.438,3510.143,2730.452,3413.933,3212.240
2963.480,3428.000,3150.833,3009.543,3096.600,3192.062,3447.214,2736.357,3383.133,3183.880
2944.480,3398.450,3155.000,2985.000,3052.200,3175.312,3426.524,2744.357,3321.600,3180.840
2949.760,3397.150,3122.250,2968.114,3062.300,3168.938,3517.405,2742.714,3342.667,3168.760
2924.720,3392.750,3128.333,2963.086,3056.200,3141.938,3600.048,2737.810,3318.667,3163.800
2923.120,3388.850,3123.542,2977.829,3044.350,3160.000,3669.810,2733.381,3355.000,3183.720
2938.080,3361.950,3112.875,2981.428,3040.950,3161.188,3741.524,2745.619,3365.467,3169.960
2942.280,3408.650,3129.625,3002.000,3078.700,3155.125,3797.095,2751.000,3334.200,3220.720
2973.080,3430.200,3107.833,3027.572,3065.500,3168.875,3861.619,2751.452,3384.200,3266.800
2992.680,3448.450,3124.833,3053.171,3125.750,3220.375,3949.714,2757.810,3421.200,3294.600
3035.760,3483.600,3136.833,3065.171,3123.350,3249.250,3997.286,2775.833,3405.933,3302.520
3051.560,3525.500,3140.125,3088.600,3157.500,3282.562,4000.024,2767.905,3453.467,3338.040
3066.680,3511.400,3133.667,3104.714,3126.100,3262.750,3963.262,2776.238,3506.667,3320.440
3066.880,3535.200,3145.042,3105.657,3165.050,3295.312,3905.905,2778.000,3508.933,3285.880
3054.480,3518.200,3132.375,3102.057,3149.250,3319.500,3879.548,2796.905,3533.133,3283.840
3063.320,3525.450,3128.042,3087.914,3142.050,3289.062,3805.857,2792.167,3501.200,3268.400
3048.800,3505.950,3119.750,3109.343,3144.950,3277.250,3772.786,2790.667,3492.533,3256.040
3021.000,3493.500,3128.375,3072.057,3130.400,3256.062,3716.072,2758.905,3512.467,3258.240
3001.080,3428.400,3120.333,3059.657,3130.050,3230.125,3656.262,2774.143,3474.867,3205.080
2998.600,3424.150,3117.667,3029.114,3088.700,3232.438,3585.167,2763.238,3452.533,3184.520
2981.880,3386.050,3102.042,3010.428,3085.450,3210.125,3521.476,2753.333,3433.600,3173.960
2987.040,3370.300,3068.375,3003.657,3057.150,3218.438,3465.476,2766.667,3427.467,3181.160
2976.120,3344.050,3096.542,2970.371,3063.650,3173.438,3425.072,2744.286,3429.400,3160.480
2941.600,3317.600,3092.458,2962.857,3067.500,3171.562,3400.452,2755.524,3391.467,3166.080
2958.320,3280.500,3071.625,2949.371,3027.050,3175.312,3389.405,2741.310,3359.200,3130.560
2930.520,3264.500,3072.333,2955.400,3033.750,3156.312,3375.881,2747.810,3333.467,3114.160
2939.960,3258.900,3059.625,2931.629,3045.350,3153.125,3424.952,2743.952,3308.200,3119.920
2927.040,3242.600,3076.417,2943.086,3025.150,3138.000,3506.833,2732.000,3342.133,3114.680
2926.840,3257.400,3059.167,2932.343,3025.800,3134.750,3546.476,2744.690,3311.000,3115.240
2931.800,3236.450,3039.208,2921.829,3023.400,3169.562,3596.452,2726.786,3309.933,3121.160
2939.200,3208.500,3067.167,2948.229,3032.600,3150.562,3630.143,2740.738,3307.533,3130.640
2960.920,3244.750,3071.875,2965.257,3031.800,3157.938,3757.595,2749.500,3346.800,3181.160
2981.640,3251.950,3070.917,2977.428,3045.600,3131.812,3703.476,2771.072,3384.067,3171.160
2958.360,3261.950,3090.750,2979.086,3078.050,3127.312,3659.952,2753.238,3370.133,3144.040
