2432.778,2863.800,2814.050,3128.333,2820.031,2734.400,2568.548,2624.528,2494.333,2688.806,2476.519
2415.694,2866.050,2812.425,3110.333,2823.781,2756.750,2583.857,2612.806,2496.250,2695.889,2474.259
2406.500,2836.200,2806.475,3110.167,2827.344,2733.850,2565.976,2612.000,2498.639,2690.194,2465.574
2417.333,2830.150,2812.775,3129.867,2801.031,2721.250,2584.048,2631.389,2498.250,2678.833,2472.926
2399.556,2854.750,2791.850,3121.300,2793.219,2750.600,2573.833,2612.389,2507.000,2680.222,2470.833
2414.083,2827.250,2799.275,3125.667,2801.031,2751.300,2564.048,2623.306,2484.056,2683.139,2461.481
2420.722,2846.850,2795.025,3125.700,2811.812,2748.450,2558.072,2626.583,2485.806,2679.583,2454.296
2408.722,2845.650,2790.550,3101.033,2815.188,2745.300,2571.048,2610.611,2490.972,2706.139,2462.574
2412.028,2836.450,2811.500,3118.133,2805.875,2742.700,2561.167,2610.667,2480.917,2689.694,2465.944
2397.917,2839.550,2785.075,3104.367,2808.094,2736.300,2557.428,2594.222,2482.417,2693.694,2461.630
2424.389,2827.300,2787.150,3096.967,2812.594,2737.400,2563.357,2604.889,2474.333,2681.694,2457.370
2412.778,2836.100,2794.400,3096.133,2823.781,2733.450,2550.881,2603.083,2490.972,2675.778,2461.074
2401.583,2830.750,2801.950,3114.633,2791.531,2730.750,2566.738,2618.556,2483.583,2676.417,2465.444
2412.000,2821.350,2791.175,3116.967,2817.469,2748.050,2573.572,2624.444,2488.278,2678.194,2459.333
2409.056,2827.350,2790.925,3099.133,2790.188,2737.300,2557.024,2600.611,2485.056,2687.944,2464.685
2386.472,2829.400,2811.000,3124.900,2812.000,2730.950,2554.928,2625.222,2496.806,2683.972,2462.907
2412.833,2809.300,2790.500,3095.000,2795.625,2750.650,2550.333,2618.694,2493.194,2678.250,2466.556
2404.611,2822.450,2793.225,3112.800,2797.719,2732.850,2560.952,2628.222,2489.222,2693.889,2465.667
2407.500,2819.050,2796.900,3098.700,2812.594,2749.200,2570.786,2607.028,2482.333,2692.694,2461.963
2402.444,2836.450,2785.125,3095.500,2794.094,2725.950,2574.357,2614.833,2498.861,2678.361,2464.556
2405.111,2833.950,2798.400,3087.767,2814.719,2729.950,2556.000,2598.750,2482.750,2676.861,2458.148
2412.000,2837.150,2787.450,3087.167,2814.656,2725.150,2559.643,2600.722,2489.167,2685.611,2459.278
2419.361,2830.000,2780.475,3092.033,2811.688,2729.150,2554.286,2604.444,2497.861,2680.556,2464.185
2411.611,2830.950,2799.850,3091.433,2815.875,2721.900,2578.310,2605.306,2480.194,2677.778,2468.796
2426.528,2811.250,2800.200,3076.100,2810.312,2715.750,2570.167,2609.222,2492.111,2671.417,2457.019
2398.083,2820.650,2785.675,3082.433,2806.969,2748.100,2554.572,2612.750,2490.889,2681.167,2459.093
2407.250,2822.000,2798.175,3087.133,2780.656,2724.150,2558.310,2588.333,2477.750,2673.917,2454.648
2419.139,2839.950,2782.100,3086.200,2804.469,2712.250,2559.928,2587.056,2487.194,2670.806,2456.056
2430.278,2832.450,2796.125,3101.900,2796.938,2734.700,2563.667,2613.222,2480.556,2684.583,2475.704
2418.167,2838.000,2788.150,3109.267,2800.812,2705.850,2560.952,2600.000,2483.250,2674.778,2465.074
2414.333,2834.450,2788.575,3103.200,2801.719,2758.600,2565.452,2602.278,2490.611,2685.083,2461.685
2410.056,2822.600,2796.075,3118.633,2783.062,2720.400,2562.905,2617.278,2501.444,2673.861,2462.037
2402.667,2810.800,2785.325,3095.367,2784.750,2725.150,2555.690,2596.111,2492.778,2680.139,2460.630
2406.000,2831.050,2791.475,3095.800,2788.938,2734.850,2557.881,2616.222,2485.000,2691.250,2452.315
2410.389,2821.750,2784.375,3108.767,2792.938,2731.350,2552.833,2612.222,2485.083,2674.139,2465.333
2418.472,2825.550,2785.125,3118.533,2772.469,2711.650,2568.524,2602.278,2480.389,2669.861,2463.852
2411.472,2819.650,2795.250,3099.000,2779.812,2705.050,2535.405,2611.417,2475.917,2676.028,2456.630
2406.000,2795.600,2787.875,3110.767,2806.875,2740.450,2548.928,2601.417,2474.000,2676.833,2459.852
2407.222,2843.150,2787.800,3121.833,2785.844,2710.400,2548.762,2613.028,2480.194,2694.750,2462.000
2402.333,2813.150,2785.950,3124.233,2799.125,2742.850,2570.452,2607.611,2482.528,2678.611,2462.370
2396.806,2797.950,2785.550,3113.667,2806.781,2740.450,2547.190,2616.611,2470.278,2676.917,2450.370
2412.472,2832.550,2791.950,3121.200,2773.312,2714.700,2553.167,2605.000,2484.639,2673.222,2449.519
2419.361,2831.700,2808.375,3116.833,2811.938,2727.900,2563.357,2600.306,2488.944,2683.444,2470.556
2407.639,2797.250,2780.550,3149.033,2795.594,2717.650,2559.857,2607.778,2481.861,2680.639,2467.259
2411.361,2797.200,2793.575,3102.467,2788.938,2722.800,2560.143,2606.333,2471.306,2691.472,2442.148
2420.111,2795.500,2794.275,3148.967,2812.594,2735.500,2550.048,2593.806,2475.500,2688.889,2456.333
2416.500,2788.000,2781.975,3104.200,2799.062,2711.450,2547.095,2608.056,2480.583,2669.083,2461.667
2397.472,2785.350,2778.250,3107.467,2796.719,2710.400,2553.714,2606.222,2482.111,2692.611,2468.037
2410.944,2815.800,2783.300,3114.867,2784.438,2728.050,2557.500,2600.500,2476.000,2683.306,2456.463
2410.972,2798.050,2787.375,3102.400,2820.375,2717.150,2555.667,2598.639,2487.306,2687.889,2463.037
2395.167,2807.700,2782.250,3112.100,2774.875,2715.100,2560.119,2601.556,2478.111,2667.500,2462.500
2397.389,2802.150,2794.100,3109.433,2799.781,2732.750,2558.333,2614.028,2494.972,2685.250,2465.870
2415.417,2789.300,2793.950,3119.633,2813.812,2694.900,2570.857,2605.556,2471.611,2662.222,2465.926
2413.528,2806.000,2783.575,3116.700,2790.781,2722.100,2563.310,2584.167,2481.889,2668.083,2460.278
2404.833,2821.400,2772.200,3126.533,2807.531,2732.550,2564.095,2605.722,2481.333,2676.861,2452.315
2391.639,2794.500,2780.625,3113.400,2796.188,2701.750,2566.762,2612.083,2485.778,2670.583,2466.222
2406.472,2790.200,2783.075,3113.733,2801.656,2721.550,2557.024,2610.306,2478.778,2660.639,2463.833
2394.000,2776.800,2786.350,3126.300,2789.531,2723.650,2555.833,2595.111,2476.500,2688.111,2454.241
2397.917,2803.100,2777.400,3095.433,2808.188,2719.650,2560.952,2607.750,2473.833,2682.639,2462.407
2400.250,2792.600,2765.325,3111.667,2783.812,2697.500,2559.833,2599.667,2481.222,2679.778,2453.815
2403.250,2788.800,2773.400,3110.400,2779.844,2713.700,2553.857,2589.333,2468.444,2671.278,2470.352
2412.917,2805.950,2788.750,3114.767,2770.156,2729.400,2569.310,2600.667,2476.444,2674.528,2445.741
2409.333,2802.750,2779.650,3110.767,2790.781,2708.000,2561.333,2600.694,2482.028,2668.667,2463.037
2400.528,2759.600,2785.275,3098.433,2783.312,2718.700,2561.000,2610.972,2482.333,2685.194,2457.796
2389.194,2794.400,2783.875,3122.067,2783.719,2711.500,2545.548,2603.778,2475.278,2673.056,2461.963
2412.556,2781.050,2789.575,3105.267,2765.000,2708.750,2563.714,2596.944,2487.556,2667.694,2462.222
2399.222,2772.950,2792.650,3096.233,2785.938,2702.000,2560.857,2601.167,2476.444,2668.444,2469.630
2405.361,2789.650,2794.150,3111.800,2788.938,2707.200,2554.072,2598.833,2476.500,2680.083,2454.556
2399.139,2781.250,2796.875,3100.367,2766.656,2710.500,2555.690,2586.278,2480.972,2675.500,2458.296
2408.944,2786.950,2788.550,3098.200,2779.719,2701.700,2548.738,2620.417,2488.917,2673.056,2448.667
2399.556,2793.350,2781.200,3094.233,2778.062,2698.500,2560.000,2606.250,2475.083,2676.389,2448.500
2407.250,2810.050,2781.925,3090.500,2788.344,2692.050,2550.572,2592.028,2487.778,2680.639,2452.852
2399.583,2809.450,2776.100,3102.000,2771.281,2700.500,2568.143,2603.806,2492.972,2683.194,2455.537
2405.222,2795.050,2790.825,3094.767,2782.375,2689.700,2559.976,2610.306,2482.972,2656.861,2460.370
2414.000,2801.850,2788.150,3108.900,2771.812,2719.100,2553.095,2604.889,2488.444,2664.722,2468.056
2405.778,2794.000,2786.600,3106.367,2783.875,2706.600,2556.238,2600.528,2499.444,2677.083,2454.852
2408.861,2764.450,2793.525,3102.033,2770.438,2698.950,2566.381,2601.917,2477.139,2675.972,2461.574
2409.194,2811.450,2784.500,3102.967,2783.344,2708.900,2558.452,2584.306,2480.861,2679.611,2456.889
2388.889,2792.050,2789.625,3091.067,2773.344,2689.500,2549.167,2589.806,2472.222,2671.000,2458.444
2408.139,2807.350,2790.450,3099.400,2770.688,2716.750,2548.881,2586.111,2485.972,2671.056,2462.241
2393.222,2777.900,2799.125,3091.267,2794.031,2719.350,2552.214,2595.278,2483.361,2668.750,2453.056
2401.250,2802.500,2783.300,3089.633,2770.094,2698.750,2542.833,2600.667,2494.083,2655.000,2451.463
2392.694,2809.200,2797.225,3105.133,2786.781,2719.900,2558.024,2601.583,2485.222,2677.333,2451.130
2398.583,2797.950,2794.400,3097.167,2789.406,2711.250,2558.262,2602.861,2475.083,2666.556,2453.519
2409.194,2787.300,2786.650,3086.100,2803.406,2686.850,2555.548,2598.306,2480.694,2693.472,2452.500
2411.389,2769.000,2781.575,3099.400,2787.156,2721.500,2552.286,2591.667,2487.222,2668.361,2441.667
2396.167,2802.450,2786.150,3078.567,2777.438,2696.000,2560.595,2604.417,2482.361,2653.806,2449.056
2410.528,2794.600,2783.750,3083.000,2787.375,2695.450,2553.262,2600.472,2473.611,2670.250,2462.259
2409.833,2778.700,2786.000,3064.033,2770.000,2697.050,2561.214,2591.556,2476.222,2666.028,2457.296
2402.778,2815.350,2770.150,3083.467,2784.562,2718.500,2551.548,2602.167,2477.500,2667.556,2453.185
2386.611,2798.900,2776.375,3092.667,2790.344,2701.300,2540.928,2591.639,2469.222,2680.722,2448.593
2408.278,2811.950,2784.300,3103.167,2784.625,2698.450,2552.286,2600.806,2476.806,2681.778,2452.685
2399.972,2794.450,2785.150,3090.633,2793.688,2715.000,2558.072,2593.333,2473.861,2681.111,2454.074
2383.972,2792.550,2788.450,3071.967,2773.875,2682.050,2561.928,2599.583,2480.583,2657.972,2454.907
2405.306,2795.950,2779.925,3090.400,2769.312,2711.650,2559.167,2602.194,2483.389,2663.583,2446.870
2395.583,2800.800,2798.300,3073.400,2767.406,2687.150,2552.500,2599.139,2486.722,2667.444,2458.130
2397.861,2781.750,2786.100,3084.133,2784.719,2687.550,2547.310,2586.889,2472.417,2675.222,2455.574
2394.639,2784.150,2784.625,3084.867,2770.969,2693.650,2557.095,2591.889,2481.500,2670.028,2465.426
2401.889,2786.100,2779.275,3095.667,2780.062,2698.550,2549.572,2607.639,2470.361,2669.333,2447.759
2396.500,2798.950,2802.200,3071.867,2769.438,2707.700,2559.119,2590.250,2490.806,2681.194,2456.704
2398.333,2807.350,2796.600,3086.467,2772.219,2705.050,2552.881,2593.083,2481.389,2676.556,2463.981
2398.806,2785.850,2784.375,3089.933,2780.219,2691.650,2545.381,2603.750,2475.722,2678.389,2461.685
2409.056,2807.750,2787.775,3062.000,2779.875,2675.300,2545.786,2592.889,2467.611,2681.806,2455.519
2397.639,2803.100,2786.475,3066.833,2780.625,2699.400,2542.310,2602.750,2478.444,2674.306,2447.167
2408.694,2802.000,2786.825,3084.167,2785.562,2698.900,2557.381,2605.889,2477.611,2662.750,2455.907
2392.694,2785.550,2777.375,3060.000,2765.000,2682.700,2554.762,2606.667,2468.639,2670.333,2451.981
2383.861,2801.700,2790.675,3082.200,2758.312,2690.100,2562.548,2602.722,2484.861,2661.000,2451.741
2415.611,2793.950,2788.650,3078.833,2768.375,2675.450,2553.072,2596.694,2476.889,2692.444,2459.333
2398.361,2803.550,2793.425,3097.567,2775.625,2699.200,2550.690,2595.139,2482.750,2667.222,2459.519
2393.139,2783.050,2785.400,3076.133,2758.875,2680.050,2555.262,2603.361,2479.306,2674.917,2443.667
2397.806,2790.100,2786.350,3090.467,2786.469,2691.400,2560.572,2594.028,2486.639,2655.667,2452.833
2397.250,2797.200,2789.900,3080.733,2770.406,2681.850,2537.286,2616.278,2467.028,2668.000,2451.000
2400.833,2767.150,2795.775,3077.233,2772.875,2693.500,2560.190,2601.639,2471.139,2663.833,2456.111
2395.528,2786.900,2766.275,3075.967,2764.906,2693.450,2553.524,2592.722,2479.528,2666.500,2460.907
2402.083,2791.100,2795.175,3068.100,2771.562,2688.400,2536.428,2596.056,2477.361,2666.806,2459.963
2403.583,2781.750,2799.550,3081.433,2771.469,2695.800,2542.214,2577.611,2470.083,2674.750,2445.648
2401.639,2777.050,2786.750,3069.933,2791.062,2686.900,2549.310,2590.194,2470.667,2663.917,2448.852
2395.306,2769.550,2793.350,3078.600,2762.219,2695.900,2556.500,2581.639,2481.944,2669.972,2459.241
2401.222,2778.600,2784.175,3072.767,2769.750,2700.200,2556.738,2602.889,2479.806,2663.611,2459.593
2386.250,2799.750,2776.450,3060.767,2770.812,2682.850,2546.833,2602.333,2469.000,2679.861,2460.204
2397.889,2787.050,2779.100,3083.867,2776.094,2700.750,2554.048,2599.278,2474.111,2661.250,2457.741
2393.167,2800.050,2770.400,3062.700,2777.969,2707.500,2552.833,2615.611,2473.833,2680.778,2449.981
2398.250,2798.300,2769.325,3085.067,2772.500,2705.650,2556.524,2598.111,2485.222,2663.861,2453.907
2396.806,2772.000,2779.200,3069.900,2786.625,2688.250,2550.476,2598.806,2469.500,2664.417,2452.370
2391.639,2791.200,2781.775,3077.833,2784.281,2678.750,2545.333,2598.111,2475.889,2653.778,2450.630
2389.889,2789.900,2773.425,3084.667,2777.156,2691.000,2555.405,2608.111,2468.028,2665.667,2455.389
2380.167,2791.850,2795.325,3076.133,2757.375,2697.000,2552.190,2585.361,2466.222,2657.750,2446.315
2390.861,2787.800,2774.975,3066.067,2763.156,2707.550,2547.095,2600.472,2496.528,2667.556,2446.704
2401.028,2779.000,2794.400,3072.600,2785.094,2690.850,2543.167,2593.000,2478.278,2658.389,2452.722
2405.750,2773.750,2791.475,3073.000,2775.688,2700.000,2551.072,2596.944,2477.417,2681.833,2444.407
2394.667,2793.200,2780.775,3075.667,2766.969,2702.200,2561.286,2592.750,2487.944,2654.361,2465.000
2396.056,2797.850,2778.100,3061.200,2792.875,2681.350,2547.095,2578.694,2477.222,2659.083,2447.352
2388.722,2796.650,2782.475,3056.233,2788.125,2709.050,2548.190,2593.556,2480.639,2665.000,2454.389
2396.694,2803.000,2768.275,3068.867,2790.719,2713.850,2562.024,2597.556,2474.778,2667.750,2448.407
2398.611,2797.850,2773.700,3067.167,2794.344,2696.650,2558.048,2591.611,2477.139,2669.278,2467.185
2395.361,2807.100,2786.150,3063.333,2784.625,2715.950,2559.119,2596.500,2483.556,2685.472,2459.852
2395.750,2784.950,2772.775,3068.700,2788.562,2684.100,2535.333,2599.194,2482.222,2663.750,2453.093
2397.056,2781.750,2799.775,3057.200,2786.312,2708.500,2550.595,2593.472,2478.944,2659.556,2460.074
2398.861,2818.850,2787.425,3076.600,2793.562,2711.500,2546.072,2585.889,2469.083,2678.750,2458.907
2383.722,2818.050,2779.775,3079.667,2790.062,2709.800,2550.738,2578.139,2481.667,2657.417,2448.296
2391.250,2814.050,2773.850,3061.633,2774.969,2709.500,2536.881,2591.972,2477.667,2658.639,2445.407
2409.556,2785.100,2777.600,3064.367,2800.219,2696.150,2553.405,2582.667,2475.139,2679.250,2448.685
2391.917,2801.700,2780.200,3071.067,2778.688,2717.850,2535.452,2599.028,2480.472,2649.972,2461.833
2404.083,2796.250,2768.325,3045.433,2801.469,2721.900,2535.214,2600.472,2490.167,2670.333,2456.204
2387.889,2801.400,2778.975,3061.033,2783.094,2697.850,2545.452,2588.639,2469.861,2664.611,2439.519
2401.778,2793.250,2767.950,3064.567,2781.750,2735.950,2557.714,2595.194,2477.278,2636.639,2447.537
2403.639,2805.450,2779.250,3081.833,2777.188,2698.950,2548.928,2588.111,2493.528,2662.500,2445.426
2381.833,2817.800,2796.225,3074.300,2788.500,2715.550,2540.072,2596.528,2479.389,2686.194,2447.333
2387.778,2800.400,2772.325,3073.067,2789.375,2705.000,2555.119,2589.972,2464.167,2649.139,2450.815
2382.333,2793.450,2768.175,3070.967,2783.625,2704.700,2542.024,2591.278,2472.000,2663.111,2441.481
2398.222,2806.950,2770.875,3062.000,2788.406,2708.100,2535.167,2578.306,2477.306,2664.278,2461.130
2409.056,2790.700,2784.125,3068.400,2780.688,2691.750,2546.357,2586.194,2476.083,2658.361,2457.926
2397.083,2781.950,2780.750,3071.233,2791.562,2695.400,2537.810,2588.139,2470.139,2657.167,2453.519
2385.028,2792.900,2776.900,3066.133,2779.656,2696.900,2526.690,2585.361,2473.194,2664.028,2459.630
2400.472,2798.450,2776.000,3054.033,2785.938,2702.800,2541.714,2600.278,2470.861,2659.778,2449.759
2404.167,2773.150,2785.100,3068.667,2782.438,2695.700,2543.476,2567.306,2468.778,2640.611,2456.296
2392.111,2780.350,2764.575,3061.767,2788.625,2689.450,2546.428,2603.028,2467.667,2657.278,2457.000
2382.083,2812.700,2767.350,3054.200,2795.062,2695.350,2555.928,2581.583,2490.333,2655.639,2429.407
2395.056,2771.900,2767.525,3057.433,2791.844,2706.750,2535.928,2584.056,2473.889,2662.861,2444.630
2389.417,2792.500,2776.775,3065.900,2780.469,2723.700,2555.572,2581.139,2491.389,2646.889,2442.611
2391.472,2796.700,2767.550,3075.133,2788.188,2704.000,2537.952,2588.861,2458.667,2658.417,2455.667
2393.667,2762.650,2765.800,3064.100,2778.188,2682.450,2540.976,2579.806,2468.889,2655.750,2438.222
2387.361,2775.300,2772.900,3051.300,2785.625,2692.700,2540.167,2592.583,2481.361,2663.222,2447.907
2398.806,2780.550,2787.175,3051.567,2796.188,2706.750,2551.048,2596.306,2470.139,2653.361,2445.241
2392.944,2792.000,2779.875,3064.733,2788.844,2707.550,2548.928,2588.611,2469.833,2665.028,2438.037
2392.806,2789.550,2777.500,3035.267,2794.125,2715.450,2541.000,2579.306,2481.778,2653.222,2452.778
2395.556,2779.950,2760.425,3062.200,2795.281,2695.600,2535.310,2588.111,2473.806,2649.833,2444.000
2391.417,2785.400,2780.050,3060.067,2800.844,2710.600,2547.476,2607.222,2473.833,2662.444,2445.889
2395.917,2795.800,2763.775,3031.600,2796.281,2709.050,2549.238,2584.472,2478.639,2654.000,2437.759
2386.750,2798.200,2761.825,3063.833,2783.781,2694.800,2544.452,2568.083,2480.111,2658.250,2451.981
2395.722,2783.100,2765.025,3059.733,2782.406,2705.650,2538.357,2593.222,2469.222,2651.056,2448.500
2395.028,2796.000,2763.775,3067.533,2800.469,2730.650,2536.786,2584.028,2480.139,2655.722,2446.167
2400.083,2792.650,2780.925,3058.267,2792.625,2693.300,2549.738,2584.111,2479.417,2649.278,2447.074
2404.250,2781.250,2774.075,3064.000,2795.469,2709.700,2528.548,2591.972,2465.000,2667.056,2441.481
2403.056,2794.350,2795.700,3087.567,2801.281,2706.200,2539.238,2598.167,2468.556,2647.833,2438.463
2382.694,2807.900,2778.325,3053.567,2796.781,2721.350,2536.119,2578.722,2479.694,2649.056,2450.370
2387.944,2790.800,2781.250,3054.800,2803.969,2712.050,2542.524,2587.611,2475.389,2669.417,2453.519
2388.528,2790.400,2776.500,3049.433,2787.469,2697.200,2555.476,2595.389,2462.500,2653.889,2444.315
2391.306,2789.450,2764.075,3056.633,2791.719,2704.000,2533.405,2575.500,2466.750,2657.167,2469.574
2388.194,2782.500,2780.875,3063.600,2812.562,2714.350,2558.214,2592.833,2463.250,2651.167,2433.204
2390.556,2778.600,2765.675,3036.133,2806.281,2710.850,2541.619,2593.472,2466.444,2650.583,2451.537
2399.611,2780.300,2774.025,3042.567,2808.500,2697.900,2538.190,2578.917,2476.083,2650.056,2445.037
2406.472,2790.700,2775.600,3061.400,2796.188,2695.650,2545.810,2590.778,2480.167,2645.333,2445.093
2382.167,2802.200,2779.900,3059.800,2785.906,2701.350,2542.500,2598.083,2473.194,2648.611,2452.685
2389.472,2808.750,2769.350,3051.667,2802.344,2715.000,2527.738,2586.500,2477.000,2650.083,2445.593
2369.444,2801.700,2785.475,3037.233,2793.375,2713.550,2531.738,2591.083,2474.556,2664.167,2442.815
2390.389,2799.950,2778.100,3052.500,2782.656,2714.650,2531.952,2591.861,2471.722,2644.139,2461.500
2395.778,2782.500,2768.125,3056.800,2804.062,2700.700,2533.072,2582.889,2465.250,2649.444,2443.722
2379.750,2786.750,2777.800,3034.300,2802.375,2704.600,2544.428,2571.222,2480.528,2667.861,2455.426
2384.583,2774.150,2776.925,3075.600,2797.469,2706.450,2537.524,2595.833,2460.889,2658.250,2444.889
2398.556,2777.600,2776.150,3032.567,2792.250,2709.100,2536.833,2585.250,2469.389,2663.778,2450.259
2399.250,2789.450,2760.375,3056.533,2784.438,2700.950,2544.405,2582.333,2474.639,2672.250,2454.463
2396.444,2800.650,2790.600,3052.300,2814.062,2695.300,2532.452,2596.250,2466.528,2648.833,2450.389
2394.472,2806.200,2781.575,3068.300,2792.875,2712.350,2532.714,2583.083,2479.694,2660.500,2459.704
2393.028,2795.250,2766.925,3053.233,2797.125,2711.850,2541.572,2577.000,2477.417,2665.972,2447.056
2384.250,2785.700,2755.250,3055.100,2799.906,2712.650,2530.310,2588.917,2477.861,2669.444,2444.648
2392.639,2798.650,2777.025,3050.733,2797.875,2722.650,2549.572,2580.972,2474.972,2648.556,2447.111
2383.250,2780.300,2760.975,3032.833,2790.594,2709.600,2541.833,2591.583,2473.889,2645.139,2446.574
2395.389,2796.550,2776.075,3061.733,2785.969,2708.750,2555.286,2583.222,2466.000,2648.472,2437.185
2404.056,2768.550,2763.800,3050.500,2809.188,2693.350,2535.000,2588.917,2473.556,2659.139,2443.685
2389.694,2787.050,2763.775,3070.067,2804.688,2717.350,2530.786,2589.500,2480.278,2645.139,2461.167
2389.333,2779.300,2755.350,3044.600,2792.219,2703.400,2549.476,2583.667,2467.806,2643.750,2449.889
2379.472,2799.450,2755.150,3056.233,2793.344,2702.100,2542.762,2584.222,2467.389,2654.389,2443.574
2386.417,2789.450,2756.300,3071.467,2797.406,2699.050,2542.690,2583.861,2471.250,2647.444,2438.463
2391.139,2810.900,2765.925,3048.000,2791.281,2709.050,2549.119,2596.833,2453.972,2643.806,2444.815
2399.639,2799.400,2770.925,3070.167,2804.094,2696.900,2544.667,2578.139,2464.056,2648.306,2441.370
2373.583,2790.750,2772.025,3063.800,2802.062,2703.000,2539.262,2572.778,2467.667,2648.083,2433.000
2399.083,2798.900,2771.050,3063.567,2795.188,2695.650,2535.357,2604.778,2460.639,2647.778,2442.426
2387.917,2776.300,2775.600,3047.500,2818.594,2711.600,2537.738,2575.722,2461.500,2640.056,2445.796
2389.278,2774.800,2777.375,3047.533,2787.219,2709.650,2552.119,2577.083,2479.611,2645.194,2448.759
2387.972,2789.250,2758.300,3040.667,2785.375,2677.650,2549.952,2594.639,2465.222,2629.528,2450.926
2395.833,2794.800,2765.250,3059.767,2801.219,2702.750,2533.238,2572.333,2461.389,2655.056,2442.630
2381.861,2802.500,2770.050,3066.033,2786.781,2706.750,2543.167,2589.861,2468.361,2654.667,2444.037
2394.417,2784.650,2766.200,3053.100,2802.781,2689.600,2526.024,2585.944,2459.028,2635.722,2435.704
2374.528,2786.100,2760.250,3049.467,2795.938,2695.550,2538.690,2587.583,2467.361,2632.694,2437.093
2390.806,2778.650,2779.275,3047.667,2794.531,2720.650,2533.452,2586.639,2459.556,2640.194,2437.796
2393.139,2773.150,2758.750,3063.500,2798.406,2696.550,2541.048,2596.167,2457.639,2639.861,2441.259
2393.667,2793.400,2753.800,3048.267,2815.562,2727.000,2533.000,2594.028,2455.778,2660.667,2441.370
2395.278,2790.950,2773.050,3049.400,2804.438,2695.300,2537.952,2575.083,2456.750,2650.972,2458.556
2391.028,2780.050,2783.050,3045.467,2795.062,2712.100,2537.833,2593.778,2461.000,2656.472,2436.056
2384.944,2782.600,2761.275,3045.967,2791.594,2720.000,2549.524,2595.361,2481.583,2652.083,2452.074
2385.861,2790.750,2753.350,3038.000,2825.094,2705.750,2547.595,2595.694,2464.139,2634.889,2436.148
2376.861,2769.850,2777.625,3046.500,2813.156,2706.500,2547.167,2568.917,2476.167,2644.167,2443.352
2394.833,2802.800,2784.775,3026.400,2796.594,2715.750,2545.524,2577.111,2462.250,2643.028,2447.500
2383.556,2803.550,2767.675,3021.400,2827.500,2722.950,2533.262,2596.806,2467.194,2644.972,2445.389
2396.444,2810.650,2771.375,3034.000,2800.688,2696.050,2554.310,2604.750,2472.944,2638.500,2437.093
2388.000,2799.850,2769.775,3025.667,2816.094,2707.850,2535.167,2596.861,2467.306,2626.028,2446.667
2399.306,2784.000,2777.725,3026.200,2804.938,2722.150,2525.333,2581.278,2456.778,2636.639,2447.611
2400.111,2798.550,2766.750,3043.367,2792.531,2715.700,2538.572,2583.139,2477.139,2644.611,2438.667
2386.583,2781.500,2747.250,3025.800,2803.344,2723.400,2548.310,2605.944,2464.778,2648.667,2444.611
2387.000,2806.350,2762.225,3018.233,2797.094,2721.000,2539.072,2593.583,2461.167,2638.500,2440.130
2381.472,2783.300,2764.750,3041.300,2781.719,2705.400,2536.405,2590.056,2470.472,2661.444,2438.667
2394.250,2800.800,2769.875,3034.367,2805.469,2695.000,2543.428,2577.639,2468.750,2651.583,2438.870
2371.556,2796.650,2761.500,3025.833,2798.562,2694.800,2538.143,2585.722,2465.111,2621.250,2435.500
2380.778,2801.050,2765.475,3040.300,2815.344,2722.950,2532.952,2591.472,2452.056,2652.250,2432.963
2387.583,2802.150,2782.600,3027.500,2805.250,2690.850,2548.881,2580.778,2470.750,2656.722,2443.778
2389.444,2820.950,2755.300,3035.000,2814.312,2695.700,2535.310,2583.806,2469.917,2638.861,2433.907
2393.444,2823.600,2759.300,3053.100,2801.750,2703.950,2535.667,2593.833,2462.222,2643.750,2438.222
2386.500,2809.250,2757.275,3022.433,2811.188,2724.200,2532.310,2577.639,2458.778,2647.778,2448.167
2390.639,2797.100,2763.275,3014.700,2814.531,2713.250,2541.190,2590.833,2452.472,2648.833,2435.722
2394.111,2795.700,2770.575,3026.567,2787.625,2729.650,2544.762,2587.556,2475.556,2645.139,2441.056
2396.333,2795.150,2753.450,3015.133,2810.469,2737.850,2532.428,2588.417,2482.778,2639.583,2438.130
2400.833,2808.250,2745.675,3012.867,2808.438,2713.600,2533.857,2582.778,2453.139,2662.028,2442.019
2390.583,2790.600,2770.375,3021.300,2799.750,2708.150,2534.690,2593.694,2468.056,2646.056,2439.537
2393.750,2796.950,2760.150,3003.967,2798.594,2697.750,2546.143,2577.667,2461.556,2645.444,2434.148
2399.417,2803.500,2771.725,3009.867,2806.406,2703.450,2534.262,2581.778,2464.611,2639.917,2445.685
2392.222,2799.900,2757.200,3017.500,2797.156,2680.600,2532.452,2583.611,2466.083,2634.083,2439.278
2386.028,2814.500,2766.825,3012.100,2790.438,2720.750,2546.548,2592.611,2460.472,2644.222,2440.000
2377.000,2773.850,2758.700,3012.633,2800.438,2718.850,2539.405,2594.861,2474.194,2639.444,2435.759
2388.444,2793.500,2759.450,3006.967,2804.156,2701.700,2548.833,2591.583,2456.306,2646.444,2432.056
2395.639,2779.550,2767.850,2999.200,2785.656,2714.100,2536.310,2582.417,2454.417,2627.361,2443.426
2393.889,2807.850,2752.575,3008.300,2792.656,2717.350,2542.667,2574.528,2470.611,2648.778,2439.963
2391.750,2803.550,2755.375,3016.533,2804.031,2713.350,2537.190,2585.917,2471.333,2640.944,2442.685
2385.056,2799.000,2762.450,3008.567,2796.219,2727.150,2544.476,2576.944,2462.306,2642.306,2442.722
2394.667,2802.450,2755.650,3007.100,2811.094,2702.300,2548.357,2580.889,2452.167,2642.417,2438.611
2402.750,2776.200,2745.775,3011.867,2789.781,2686.800,2536.190,2591.750,2472.917,2638.889,2449.500
2388.056,2772.750,2760.825,3015.333,2784.312,2686.600,2535.786,2573.889,2461.417,2627.250,2436.741
2384.194,2800.500,2746.950,2986.400,2792.906,2705.450,2532.928,2589.917,2462.611,2651.556,2444.000
2381.750,2784.950,2764.850,2998.900,2796.156,2712.000,2540.952,2582.722,2462.306,2645.417,2434.296
2393.361,2780.150,2759.925,3008.700,2784.969,2702.200,2534.357,2573.472,2450.139,2637.583,2445.722
2392.000,2793.600,2748.875,3007.100,2782.562,2714.450,2532.238,2585.556,2441.167,2651.028,2447.741
2395.278,2789.400,2750.400,2993.467,2794.406,2701.600,2553.714,2582.472,2460.639,2636.361,2437.463
2386.417,2783.750,2758.775,3000.933,2815.219,2699.350,2545.976,2585.139,2467.389,2642.222,2433.722
2388.583,2788.650,2753.025,3002.033,2799.844,2718.200,2539.905,2572.306,2457.611,2644.556,2445.000
2395.944,2788.100,2768.025,3003.933,2789.312,2693.400,2529.619,2574.222,2452.861,2645.250,2436.222
2372.028,2779.400,2759.675,2993.000,2782.000,2702.400,2550.072,2593.500,2458.917,2650.778,2432.389
2386.889,2793.700,2759.550,3015.533,2786.188,2702.900,2543.428,2566.472,2456.500,2638.444,2430.796
2389.778,2778.450,2758.125,3003.533,2798.500,2715.800,2542.810,2589.583,2468.833,2649.750,2441.481
2392.611,2799.500,2759.300,3026.900,2791.688,2694.600,2550.572,2579.028,2464.778,2630.194,2428.667
2382.944,2766.800,2771.525,3005.433,2786.469,2713.150,2545.524,2591.167,2472.778,2636.167,2425.333
2398.444,2771.850,2783.400,3008.567,2775.562,2703.150,2522.810,2577.028,2468.833,2650.389,2450.778
2390.528,2766.950,2755.275,3002.833,2787.062,2690.800,2539.786,2580.639,2460.111,2629.500,2450.648
2396.333,2769.800,2752.650,3005.267,2796.812,2713.550,2540.381,2580.500,2449.722,2637.861,2442.167
2392.278,2777.600,2760.100,2998.533,2799.906,2702.100,2528.357,2582.667,2463.056,2638.889,2441.815
2387.444,2778.300,2737.900,3024.000,2785.031,2708.650,2522.810,2591.083,2461.556,2649.361,2452.019
2379.333,2774.900,2759.575,2997.467,2796.562,2710.550,2527.238,2588.083,2465.750,2648.361,2437.796
2396.167,2795.900,2757.450,2997.700,2789.281,2712.900,2533.952,2578.444,2460.500,2644.944,2439.815
2389.250,2769.700,2760.225,3019.533,2797.750,2709.600,2542.072,2593.139,2472.056,2652.139,2435.759
2391.139,2756.350,2760.225,3023.600,2802.969,2708.150,2541.405,2585.972,2466.889,2653.861,2432.185
2381.917,2776.500,2767.000,2998.433,2786.656,2701.350,2533.000,2574.194,2467.889,2638.361,2435.185
2402.556,2770.750,2757.200,3005.100,2801.188,2712.350,2546.667,2573.611,2461.083,2651.000,2439.741
2377.417,2783.150,2748.775,3017.333,2801.719,2709.250,2537.072,2584.750,2469.583,2650.194,2439.037
2381.000,2781.950,2767.850,3013.467,2789.969,2719.550,2533.548,2573.778,2467.194,2652.583,2443.963
2386.389,2809.950,2753.850,2998.167,2797.688,2698.100,2528.333,2574.472,2458.000,2663.250,2435.593
2377.694,2767.700,2757.125,3008.500,2779.625,2720.000,2519.857,2587.417,2465.750,2636.444,2433.741
2390.833,2783.950,2772.675,3013.900,2789.500,2715.450,2542.595,2577.833,2462.722,2645.667,2434.019
2395.889,2791.450,2758.350,3002.567,2812.250,2706.450,2544.262,2573.806,2467.139,2645.500,2439.315
2377.306,2797.500,2772.250,2990.067,2781.438,2694.050,2543.452,2600.972,2451.917,2652.444,2445.796
2381.361,2791.150,2755.425,3019.533,2787.188,2699.350,2531.881,2577.889,2455.750,2645.472,2449.648
2385.278,2798.150,2757.050,2998.067,2775.844,2722.250,2536.928,2592.028,2465.500,2645.056,2446.574
2386.778,2798.150,2751.650,3017.233,2804.000,2702.850,2541.310,2572.833,2469.667,2639.250,2451.167
2381.111,2794.550,2759.975,3019.167,2778.000,2697.600,2523.595,2590.528,2450.500,2623.611,2445.333
2395.917,2801.500,2764.450,3013.633,2810.312,2690.700,2542.262,2571.306,2459.111,2637.250,2429.926
2387.250,2780.550,2760.400,2996.833,2801.938,2726.800,2521.928,2581.194,2457.528,2646.250,2434.870
2395.917,2788.050,2766.075,3023.033,2778.750,2724.800,2536.786,2576.167,2472.056,2635.750,2429.648
2390.972,2792.200,2776.175,3015.200,2781.500,2713.350,2537.262,2569.861,2464.056,2649.806,2417.926
2383.806,2784.550,2764.525,3013.933,2788.844,2700.850,2522.643,2572.056,2459.194,2644.944,2430.537
2393.028,2768.400,2759.825,3007.167,2785.500,2705.100,2529.381,2582.333,2462.583,2662.361,2433.852
2385.722,2769.150,2753.000,2993.500,2791.969,2707.350,2530.024,2574.528,2474.500,2643.306,2440.019
2396.250,2782.650,2770.875,2993.200,2777.094,2701.000,2530.595,2578.917,2464.250,2627.944,2434.111
2386.056,2802.900,2761.475,3013.633,2793.906,2706.950,2527.881,2577.472,2453.139,2629.722,2434.019
2387.417,2780.800,2773.150,2999.067,2788.344,2685.700,2536.976,2578.806,2448.861,2632.750,2436.352
2385.222,2806.950,2748.025,3019.267,2792.250,2706.750,2528.476,2582.861,2451.500,2639.417,2428.648
2389.250,2794.800,2757.500,2981.367,2796.406,2703.400,2535.881,2565.583,2457.667,2644.778,2437.926
2386.111,2773.800,2756.200,3012.367,2791.375,2701.100,2538.310,2576.667,2456.444,2634.861,2424.722
2380.667,2798.300,2756.100,2990.567,2791.688,2685.950,2537.000,2566.806,2451.389,2643.222,2433.778
2388.861,2806.550,2755.450,2978.433,2786.375,2698.650,2536.143,2580.472,2458.889,2648.250,2431.944
2391.139,2813.000,2762.775,2987.567,2780.594,2708.500,2537.928,2589.806,2451.806,2639.944,2431.611
2383.361,2801.450,2766.500,3002.867,2767.156,2694.500,2518.500,2577.000,2465.167,2620.167,2431.407
2377.639,2788.250,2781.275,2997.767,2777.281,2697.200,2540.452,2567.444,2455.361,2636.722,2424.000
2380.361,2787.550,2749.175,3000.367,2811.000,2688.600,2532.024,2577.028,2472.417,2638.556,2428.593
2395.333,2810.550,2748.225,2996.933,2788.938,2698.450,2527.167,2573.639,2462.278,2631.000,2423.148
2389.833,2795.850,2737.400,3000.800,2798.438,2697.000,2522.690,2566.722,2454.778,2646.639,2435.056
2392.444,2799.750,2751.200,2991.467,2795.000,2721.900,2541.048,2576.194,2446.528,2630.222,2441.426
2387.472,2787.050,2741.475,3011.367,2785.625,2698.500,2522.024,2570.389,2447.444,2622.833,2447.907
2379.139,2792.700,2750.650,3013.033,2781.094,2685.800,2522.119,2575.667,2466.972,2626.778,2443.630
2396.139,2772.200,2771.725,3017.900,2790.406,2703.650,2518.833,2586.500,2450.083,2640.528,2437.278
2384.889,2783.600,2760.400,2984.800,2775.969,2705.850,2525.262,2575.722,2459.028,2638.222,2429.926
2378.778,2803.700,2758.300,3005.333,2801.312,2676.150,2539.762,2590.389,2461.056,2639.361,2433.852
2382.889,2803.450,2767.775,2998.567,2783.344,2702.300,2541.857,2584.583,2448.194,2647.361,2430.315
2385.972,2787.950,2763.800,2998.767,2783.094,2733.100,2527.119,2580.139,2458.444,2638.167,2430.593
2392.972,2783.100,2769.750,3010.867,2801.438,2692.250,2535.286,2569.056,2462.639,2626.361,2434.185
2377.389,2774.050,2756.450,3009.833,2802.312,2692.600,2527.405,2579.278,2432.889,2648.611,2428.759
2373.722,2774.500,2762.225,3000.667,2796.344,2709.000,2507.333,2585.861,2455.444,2645.333,2424.463
2385.389,2766.650,2756.300,3006.833,2798.156,2704.700,2528.428,2577.694,2456.000,2632.028,2432.444
2387.139,2780.250,2759.900,3015.733,2770.844,2691.500,2531.095,2578.889,2458.417,2636.250,2442.574
2380.167,2779.100,2752.900,3010.433,2786.844,2699.700,2515.762,2564.306,2467.250,2642.361,2428.648
2389.500,2795.800,2760.475,3001.767,2786.438,2690.200,2524.143,2567.833,2452.306,2639.472,2432.556
2396.250,2758.550,2738.150,2998.167,2774.531,2709.950,2531.857,2584.389,2464.806,2643.750,2434.278
2392.750,2776.000,2737.375,2996.900,2777.688,2689.200,2519.428,2576.583,2459.139,2639.556,2439.685
2391.167,2764.950,2747.850,2998.367,2785.094,2687.050,2528.786,2573.000,2452.361,2639.333,2432.037
2382.611,2755.000,2764.875,2993.033,2792.125,2708.250,2504.928,2567.667,2453.750,2626.111,2443.259
2384.472,2773.600,2758.225,2995.300,2793.219,2694.250,2529.428,2599.639,2456.417,2642.889,2425.463
2382.083,2763.700,2757.450,2984.467,2796.344,2702.200,2533.786,2567.389,2465.889,2627.583,2431.907
2375.583,2758.100,2759.850,2992.400,2786.188,2686.600,2531.381,2566.806,2463.972,2628.694,2432.074
2379.889,2782.150,2764.375,2972.133,2777.875,2702.500,2528.714,2574.556,2457.472,2615.306,2435.407
2367.333,2752.900,2765.550,3004.833,2775.719,2713.800,2521.119,2575.222,2455.583,2630.111,2425.278
2384.944,2752.200,2758.700,2996.867,2780.031,2702.700,2533.905,2585.361,2463.194,2627.167,2434.426
2373.444,2756.950,2757.625,3000.267,2765.969,2700.350,2547.976,2577.139,2455.056,2639.861,2430.815
2379.167,2755.450,2748.000,3002.200,2774.969,2695.800,2538.833,2573.806,2453.528,2618.694,2440.093
2396.833,2749.000,2738.725,2987.767,2795.000,2690.300,2543.690,2560.000,2464.444,2648.417,2437.944
2374.667,2777.600,2744.800,2989.367,2769.344,2701.900,2540.857,2572.167,2456.417,2623.806,2429.741
2391.944,2765.550,2744.900,3012.133,2789.875,2698.200,2544.667,2579.028,2459.444,2652.583,2433.481
2384.639,2758.900,2746.800,2997.633,2771.938,2698.900,2543.572,2565.917,2464.861,2638.528,2432.481
2380.444,2772.850,2746.550,2991.633,2783.219,2714.350,2558.357,2574.611,2449.750,2639.472,2426.685
2393.222,2771.100,2763.075,3001.500,2769.031,2698.050,2557.500,2569.972,2462.861,2653.472,2437.278
2384.222,2749.200,2737.950,2995.933,2775.562,2678.150,2546.167,2577.778,2464.889,2634.250,2432.611
2385.194,2762.650,2755.950,2999.367,2774.594,2686.450,2563.619,2580.667,2461.139,2640.389,2441.889
2375.389,2739.200,2737.550,2991.300,2768.750,2684.850,2537.095,2580.361,2454.083,2640.139,2418.574
2378.306,2747.200,2736.800,2968.333,2760.875,2690.450,2568.214,2571.444,2453.389,2635.833,2438.278
2391.694,2744.400,2737.925,2952.367,2757.875,2702.100,2560.833,2573.083,2457.333,2630.556,2427.259
2389.444,2748.650,2741.350,2968.933,2783.344,2682.600,2548.357,2585.500,2451.306,2635.194,2435.870
2391.000,2761.750,2762.300,2980.933,2771.062,2686.500,2562.857,2561.944,2465.000,2621.444,2445.537
2378.750,2748.950,2743.000,2973.567,2768.219,2695.650,2554.905,2566.361,2456.083,2650.556,2435.241
2391.972,2777.000,2738.950,2974.333,2762.688,2689.750,2543.452,2564.306,2455.944,2629.222,2428.167
2388.056,2741.050,2742.125,2974.233,2764.219,2703.200,2557.595,2588.833,2457.556,2635.361,2414.537
2394.556,2766.650,2750.475,2982.133,2772.250,2703.300,2572.786,2574.056,2455.361,2632.583,2427.000
2381.833,2746.450,2738.325,2969.100,2773.219,2698.550,2565.405,2565.278,2451.333,2635.500,2420.722
2400.056,2771.350,2745.450,2969.833,2756.844,2696.700,2554.548,2571.167,2459.611,2629.111,2423.222
2382.111,2751.950,2753.100,2962.567,2776.125,2683.950,2553.024,2557.389,2453.556,2636.500,2422.481
2394.889,2775.950,2735.275,2995.433,2772.062,2683.300,2565.667,2567.917,2446.722,2623.083,2429.444
2387.667,2751.100,2749.250,2974.533,2773.250,2670.200,2551.667,2575.278,2464.722,2632.500,2431.148
2374.694,2747.700,2732.975,2960.400,2776.062,2692.300,2559.405,2581.889,2463.250,2634.250,2435.870
2379.111,2747.650,2744.325,2992.567,2760.250,2706.300,2556.643,2570.000,2455.556,2620.722,2431.556
2406.833,2744.750,2727.325,2987.000,2783.594,2688.800,2558.000,2573.944,2454.528,2632.056,2427.093
2391.944,2780.850,2741.175,2969.433,2760.562,2701.100,2555.310,2583.028,2455.167,2627.278,2424.278
2379.861,2736.450,2743.875,2969.733,2760.844,2696.400,2553.952,2569.472,2469.861,2621.028,2435.926
2400.389,2746.950,2725.875,2981.900,2757.875,2719.600,2553.262,2572.083,2454.750,2625.139,2431.685
2395.056,2770.150,2743.850,2991.033,2763.969,2712.700,2560.262,2570.750,2463.083,2631.472,2433.259
2377.306,2772.150,2743.850,2981.533,2792.875,2684.850,2555.357,2567.194,2468.972,2627.889,2419.130
2376.472,2737.200,2740.825,2971.133,2763.031,2674.300,2560.833,2568.389,2452.361,2637.139,2423.407
2380.222,2772.050,2738.675,2975.200,2756.844,2688.000,2556.357,2577.944,2454.556,2626.889,2427.741
2382.722,2765.950,2733.650,2969.133,2754.719,2687.200,2567.238,2572.056,2449.528,2627.667,2429.352
2400.000,2765.200,2739.025,2982.700,2783.562,2688.850,2562.690,2572.806,2457.306,2625.944,2418.056
2377.944,2737.350,2738.725,2963.500,2757.844,2654.450,2560.738,2568.028,2467.583,2607.472,2422.870
2371.750,2738.700,2726.750,2987.667,2770.969,2683.500,2556.857,2559.889,2454.861,2622.750,2417.000
2383.361,2742.400,2733.900,2981.067,2762.500,2704.750,2550.952,2562.417,2451.417,2630.111,2420.352
2396.611,2758.650,2742.850,2966.067,2758.281,2697.700,2549.310,2573.639,2461.639,2613.667,2427.426
2374.139,2753.650,2744.375,2973.333,2763.938,2713.700,2561.857,2583.694,2442.167,2611.278,2425.667
2379.056,2731.550,2729.150,2973.333,2768.219,2678.550,2567.738,2573.444,2444.889,2613.778,2428.093
2385.861,2751.250,2736.725,2973.867,2763.469,2678.500,2555.548,2568.139,2459.250,2631.972,2430.704
2379.722,2746.250,2749.275,2987.867,2754.250,2705.900,2559.190,2567.556,2456.500,2627.250,2419.352
2395.944,2733.850,2729.725,2987.467,2761.500,2686.600,2562.500,2562.944,2465.417,2640.333,2434.111
2368.833,2729.900,2734.875,2959.733,2751.469,2684.350,2563.500,2556.556,2456.639,2615.639,2420.148
2388.361,2749.300,2749.750,2956.933,2769.094,2681.200,2563.024,2576.778,2460.139,2618.750,2432.500
2383.778,2754.600,2743.825,2959.033,2771.156,2694.400,2565.643,2565.944,2450.472,2616.472,2424.278
2394.056,2743.750,2738.075,2958.433,2757.156,2683.550,2550.667,2557.917,2452.972,2615.722,2427.815
2380.167,2729.600,2737.950,2980.700,2767.500,2693.600,2567.452,2550.472,2462.944,2620.500,2426.667
2383.083,2748.550,2736.475,2967.433,2770.531,2694.750,2575.452,2572.139,2461.889,2622.333,2428.667
2371.778,2743.900,2735.650,2967.267,2732.969,2684.700,2555.143,2575.889,2461.583,2608.361,2428.111
2390.361,2745.650,2742.025,2967.800,2763.781,2673.450,2561.238,2563.750,2463.167,2639.667,2430.926
2378.472,2739.300,2745.250,2967.100,2759.406,2696.550,2559.738,2562.667,2453.694,2613.556,2423.296
2377.139,2740.100,2752.400,2962.900,2764.938,2651.100,2567.786,2549.556,2458.528,2630.111,2431.389
2373.806,2727.050,2734.975,2962.433,2759.906,2700.550,2560.095,2580.778,2454.167,2609.556,2428.537
2386.611,2724.250,2740.925,2970.167,2770.438,2684.300,2552.619,2565.250,2458.972,2622.917,2422.611
2381.306,2727.100,2733.350,2964.567,2755.625,2693.700,2573.595,2563.556,2455.000,2616.917,2429.333
2392.028,2744.650,2747.700,2950.000,2757.500,2682.950,2567.095,2572.111,2466.444,2629.528,2435.000
2371.417,2716.500,2739.725,2983.500,2741.531,2685.100,2568.500,2569.528,2457.472,2603.667,2423.481
2385.917,2747.000,2727.900,2965.267,2776.875,2674.250,2548.952,2555.528,2453.056,2620.167,2429.111
2388.278,2718.700,2743.975,2970.600,2751.000,2694.850,2551.167,2567.611,2464.861,2619.944,2437.019
2374.833,2731.350,2738.250,2974.800,2760.219,2689.700,2559.738,2578.889,2451.722,2618.278,2422.556
2370.111,2740.150,2729.650,2975.767,2756.750,2706.400,2552.857,2575.278,2466.167,2619.056,2426.019
2389.194,2739.200,2736.225,2956.500,2751.625,2679.300,2548.072,2571.889,2441.222,2620.111,2429.648
2381.750,2738.350,2736.875,2967.833,2759.156,2695.850,2556.286,2589.194,2472.472,2615.694,2424.259
2380.111,2731.500,2739.925,2968.400,2761.969,2681.800,2554.690,2564.083,2443.806,2611.861,2423.333
2378.361,2736.300,2743.650,2954.100,2757.406,2693.050,2552.810,2564.278,2443.333,2616.167,2418.963
2386.917,2750.700,2727.825,2958.800,2750.000,2656.950,2547.976,2575.361,2459.528,2623.833,2420.241
2376.167,2718.600,2728.250,2969.733,2760.750,2684.000,2550.310,2568.444,2448.000,2635.917,2419.481
2377.556,2745.900,2719.250,2965.767,2754.656,2678.200,2564.262,2575.472,2442.889,2615.222,2421.407
2389.333,2740.200,2739.000,2974.100,2760.125,2672.750,2565.262,2563.028,2462.500,2624.583,2424.333
2391.111,2714.100,2729.650,2958.167,2769.062,2684.400,2544.928,2565.222,2458.028,2610.833,2426.130
2383.444,2750.100,2735.750,2968.500,2767.250,2698.950,2556.048,2558.222,2445.694,2620.500,2423.833
2377.972,2744.050,2725.400,2960.100,2752.812,2702.050,2567.833,2566.306,2438.306,2622.806,2418.000
2390.000,2737.350,2748.325,2958.067,2763.438,2695.050,2562.690,2563.000,2448.000,2617.222,2430.037
2373.611,2756.950,2735.175,2970.400,2775.188,2696.600,2565.905,2563.083,2458.333,2618.333,2431.778
2391.722,2756.300,2733.225,2972.367,2764.500,2670.100,2569.143,2558.861,2449.222,2608.639,2426.037
2400.139,2732.000,2746.425,2971.000,2756.406,2701.100,2564.524,2565.833,2461.472,2624.139,2424.870
2374.972,2751.000,2743.525,2960.667,2765.656,2692.050,2561.452,2570.167,2444.639,2624.417,2431.278
2393.056,2757.750,2728.075,2974.167,2758.844,2703.800,2549.833,2573.583,2440.944,2624.167,2429.259
2383.278,2767.650,2733.125,2949.733,2769.219,2716.850,2560.024,2562.139,2451.333,2610.028,2431.981
2385.222,2754.600,2718.825,2963.433,2766.656,2702.000,2555.524,2562.306,2440.778,2617.750,2426.019
2390.750,2743.350,2738.500,2978.800,2753.562,2700.750,2547.762,2545.111,2462.278,2629.500,2419.241
2393.278,2732.950,2731.575,2953.767,2771.188,2697.500,2562.857,2544.611,2444.389,2617.806,2421.519
2378.056,2735.800,2717.675,2955.300,2769.000,2692.200,2555.119,2558.333,2453.000,2615.417,2413.000
2380.139,2753.900,2730.100,2960.633,2770.156,2691.050,2555.190,2567.556,2456.722,2617.333,2424.056
2380.167,2741.050,2735.175,2955.200,2773.344,2672.100,2567.286,2571.361,2454.389,2611.139,2422.685
2388.139,2742.250,2731.900,2969.600,2749.312,2685.100,2558.214,2568.389,2449.278,2617.167,2416.426
2399.917,2763.400,2728.350,2945.333,2764.250,2655.450,2559.405,2574.111,2462.500,2608.833,2419.778
2369.417,2743.450,2744.875,2961.467,2740.688,2691.500,2563.881,2552.500,2454.444,2613.306,2421.704
2382.889,2758.150,2751.525,2920.200,2758.094,2697.800,2553.428,2559.722,2447.028,2618.250,2411.278
2388.306,2741.050,2725.900,2956.500,2764.062,2679.100,2563.762,2576.139,2464.639,2618.083,2428.611
2379.528,2758.200,2728.050,2942.100,2768.031,2690.500,2554.976,2566.861,2454.944,2609.000,2411.852
2392.528,2762.200,2721.050,2965.467,2759.688,2674.400,2562.286,2570.306,2452.972,2632.028,2421.463
2374.611,2764.200,2724.000,2952.233,2772.750,2711.500,2557.214,2566.806,2455.944,2604.972,2434.241
2387.611,2758.900,2729.700,2950.967,2749.875,2687.300,2571.119,2568.028,2447.389,2623.806,2417.241
2385.778,2754.700,2718.775,2958.500,2766.000,2693.250,2556.476,2583.139,2442.806,2616.500,2427.000
2377.917,2744.350,2731.250,2954.467,2768.156,2694.950,2568.476,2555.444,2443.278,2606.972,2410.593
2395.583,2726.600,2735.600,2945.400,2776.469,2695.900,2563.905,2562.000,2439.528,2604.833,2410.167
2383.222,2761.800,2730.800,2947.767,2775.062,2696.450,2567.952,2571.222,2452.444,2623.056,2421.778
2381.944,2755.050,2737.725,2960.867,2774.688,2688.000,2557.619,2575.944,2438.139,2616.556,2413.907
2380.083,2772.150,2726.000,2957.867,2738.812,2672.650,2569.881,2576.472,2439.361,2610.667,2417.148
2377.722,2742.400,2747.850,2942.700,2759.062,2678.250,2563.024,2572.028,2456.444,2608.722,2407.074
2397.361,2751.000,2725.475,2927.833,2759.250,2707.100,2563.667,2564.889,2441.000,2613.056,2421.019
2394.028,2754.450,2727.875,2952.633,2768.438,2687.650,2549.143,2575.667,2454.417,2609.278,2422.963
2374.417,2736.550,2735.550,2953.600,2760.688,2681.300,2566.810,2563.056,2451.444,2608.944,2425.463
2381.528,2760.850,2733.625,2959.200,2754.625,2684.350,2564.405,2573.000,2452.833,2612.333,2421.870
2383.028,2754.200,2742.125,2953.600,2772.281,2679.550,2567.714,2552.583,2446.611,2599.250,2413.148
2374.972,2746.900,2729.350,2942.500,2761.188,2672.800,2569.762,2563.528,2450.667,2608.472,2420.315
2390.194,2755.000,2725.000,2944.400,2764.938,2686.750,2553.476,2562.306,2454.333,2609.194,2420.130
2402.444,2736.900,2742.875,2959.700,2757.906,2674.350,2557.000,2557.806,2451.139,2608.194,2417.185
2380.167,2753.450,2731.125,2939.067,2771.812,2667.300,2559.072,2562.306,2434.083,2608.139,2431.889
2385.389,2733.650,2737.425,2928.400,2755.875,2682.300,2558.643,2548.694,2440.917,2608.917,2419.093
2385.111,2742.800,2732.050,2942.467,2756.625,2676.900,2553.667,2568.194,2436.361,2606.472,2418.907
2390.694,2726.650,2720.825,2932.167,2744.188,2692.550,2564.810,2566.472,2444.750,2609.528,2413.981
2388.056,2732.450,2722.925,2927.133,2736.188,2694.500,2558.238,2577.722,2449.389,2602.944,2420.148
2397.389,2747.650,2717.925,2948.900,2751.000,2679.450,2574.000,2549.528,2454.000,2613.083,2413.611
2389.694,2732.950,2734.250,2932.633,2764.688,2671.100,2559.381,2563.111,2447.194,2613.083,2428.963
2396.056,2734.800,2722.850,2935.800,2757.438,2690.050,2579.619,2564.972,2451.889,2611.722,2422.148
2382.306,2732.000,2720.800,2943.633,2742.500,2690.650,2562.357,2563.972,2450.778,2610.333,2428.333
2379.806,2744.550,2726.950,2951.433,2764.062,2673.250,2559.762,2545.944,2434.278,2612.417,2421.444
2382.556,2745.850,2726.575,2929.833,2763.969,2701.900,2557.024,2556.111,2447.250,2609.556,2429.370
2387.694,2723.850,2734.450,2953.833,2766.438,2698.300,2557.857,2569.361,2439.611,2619.806,2415.907
2387.750,2744.950,2725.100,2929.000,2757.406,2682.850,2572.881,2569.722,2441.861,2613.444,2425.315
2407.861,2711.450,2731.675,2935.833,2745.469,2672.500,2565.381,2568.694,2446.167,2614.556,2416.000
2379.083,2697.800,2728.675,2931.467,2741.562,2706.950,2560.428,2555.306,2446.444,2601.861,2418.500
2376.250,2717.000,2713.925,2934.467,2751.125,2659.150,2571.452,2563.139,2446.222,2622.833,2415.852
2381.472,2708.100,2723.275,2922.533,2750.094,2685.000,2567.476,2550.639,2452.750,2604.139,2416.704
2367.667,2705.100,2733.300,2929.967,2742.656,2677.500,2564.381,2563.472,2437.611,2620.500,2421.630
2395.250,2716.950,2733.400,2944.867,2749.938,2681.800,2557.024,2563.750,2439.972,2614.861,2426.093
2398.278,2712.950,2733.325,2932.267,2741.938,2675.000,2561.976,2539.833,2454.083,2621.944,2417.278
2383.056,2732.650,2716.300,2930.767,2746.688,2674.550,2567.381,2562.194,2451.750,2618.278,2410.389
2386.750,2709.950,2720.800,2917.767,2750.594,2690.700,2563.286,2541.167,2432.083,2623.500,2416.278
2382.528,2705.650,2731.500,2945.467,2746.281,2670.800,2558.786,2565.472,2457.889,2605.556,2422.444
2388.972,2678.300,2719.550,2913.633,2751.031,2667.250,2563.167,2566.194,2442.556,2617.083,2404.778
2378.250,2707.800,2722.100,2945.700,2753.312,2660.450,2567.690,2555.528,2457.861,2602.361,2408.870
2386.861,2715.550,2725.850,2927.467,2751.188,2698.150,2556.976,2550.306,2443.389,2606.611,2415.148
2372.639,2699.350,2727.450,2913.400,2751.281,2680.400,2554.119,2566.167,2444.500,2610.694,2427.056
2384.167,2722.350,2722.675,2920.067,2758.250,2679.950,2552.262,2548.028,2442.444,2617.472,2427.185
2386.444,2711.100,2727.650,2914.033,2731.906,2668.450,2553.357,2558.028,2446.194,2607.528,2427.296
2396.250,2713.300,2727.875,2922.400,2752.000,2672.000,2558.738,2562.167,2439.306,2585.833,2423.426
2386.694,2693.250,2717.975,2910.767,2761.719,2660.950,2567.119,2558.028,2444.833,2617.250,2427.815
2380.611,2702.350,2736.500,2927.533,2737.562,2688.550,2560.881,2566.778,2455.556,2599.194,2421.130
2378.500,2716.400,2727.400,2932.300,2747.125,2683.800,2566.190,2563.722,2447.139,2597.278,2434.352
2385.806,2724.300,2715.675,2915.767,2762.781,2689.200,2566.310,2569.806,2448.583,2612.167,2416.074
2386.111,2722.700,2735.325,2924.500,2749.875,2672.450,2567.405,2559.806,2449.028,2616.000,2415.074
2387.111,2724.500,2712.800,2919.033,2742.500,2663.150,2559.714,2562.306,2434.306,2604.250,2419.944
2377.389,2706.600,2718.075,2931.867,2756.594,2681.050,2565.619,2548.806,2440.889,2601.833,2418.574
2383.611,2714.800,2710.175,2927.400,2747.094,2685.000,2561.738,2551.833,2447.028,2611.806,2427.870
2395.306,2727.550,2715.000,2917.433,2745.156,2673.200,2568.262,2552.667,2444.056,2618.111,2422.093
2385.889,2699.750,2710.725,2924.967,2756.531,2695.350,2558.714,2558.056,2445.639,2600.778,2415.000
2393.667,2713.750,2702.875,2909.333,2735.750,2702.000,2559.786,2551.472,2442.250,2610.194,2413.167
2385.417,2701.400,2707.400,2925.000,2746.812,2682.500,2580.476,2573.056,2442.944,2595.861,2415.833
2376.194,2716.050,2715.725,2919.367,2738.188,2675.350,2568.524,2566.361,2453.861,2594.444,2411.630
2394.194,2710.250,2720.350,2915.000,2738.375,2671.800,2547.952,2550.972,2442.500,2623.194,2410.759
2382.972,2716.800,2705.725,2912.933,2741.344,2666.200,2567.405,2559.000,2452.194,2599.194,2419.889
2380.139,2696.500,2710.250,2932.533,2724.250,2702.000,2554.667,2556.611,2448.833,2600.750,2428.074
2393.389,2708.500,2720.525,2913.800,2744.719,2701.300,2541.167,2560.889,2447.639,2604.694,2419.222
2382.222,2685.900,2731.275,2897.733,2734.031,2647.950,2555.095,2561.944,2445.639,2605.556,2411.093
2391.972,2697.550,2713.700,2927.933,2738.188,2688.850,2557.238,2555.278,2448.167,2604.056,2415.593
2384.806,2713.100,2730.300,2905.033,2739.594,2673.250,2553.452,2561.556,2429.056,2610.806,2417.648
2384.806,2700.250,2726.350,2924.600,2741.781,2658.350,2558.310,2553.778,2437.639,2605.778,2415.130
2379.889,2715.050,2707.400,2930.600,2751.250,2687.050,2567.357,2553.139,2440.861,2594.528,2409.370
2387.361,2708.350,2710.550,2911.867,2742.219,2670.200,2549.857,2571.611,2439.944,2609.500,2411.167
2388.111,2689.400,2714.275,2899.033,2729.469,2693.650,2562.333,2556.500,2443.361,2597.667,2415.667
2388.528,2716.850,2706.525,2917.867,2743.219,2667.150,2562.214,2554.667,2440.361,2602.167,2417.685
2389.139,2712.450,2706.025,2931.200,2739.500,2666.100,2567.119,2561.139,2435.111,2598.139,2416.759
2383.639,2717.800,2704.200,2918.867,2745.344,2671.600,2570.690,2555.694,2454.556,2608.500,2404.741
2380.611,2725.950,2709.600,2908.000,2735.500,2678.900,2554.095,2553.222,2450.139,2603.528,2417.741
2387.167,2716.800,2702.550,2901.867,2748.250,2669.700,2547.333,2564.417,2459.500,2596.111,2426.889
2370.028,2722.350,2708.525,2898.467,2745.750,2677.400,2553.452,2579.944,2441.000,2607.556,2419.796
2389.444,2713.650,2708.950,2933.067,2745.562,2677.600,2574.452,2574.111,2456.583,2600.500,2420.148
2385.000,2693.550,2717.375,2900.300,2757.219,2648.400,2563.405,2560.333,2451.361,2613.000,2415.241
2386.417,2697.600,2696.150,2924.167,2740.969,2658.900,2550.833,2574.028,2441.889,2599.833,2415.963
2395.139,2695.950,2718.525,2910.200,2764.656,2668.350,2551.667,2571.556,2439.639,2615.639,2416.704
2385.389,2713.200,2720.075,2911.133,2738.531,2684.650,2552.810,2558.306,2444.944,2608.889,2418.778
2382.389,2720.450,2701.875,2928.467,2736.344,2695.600,2549.524,2545.694,2436.083,2608.472,2420.889
2377.333,2698.100,2706.750,2905.667,2742.594,2674.350,2554.167,2560.389,2449.306,2604.444,2410.130
2372.806,2714.350,2712.900,2910.367,2733.719,2682.200,2543.310,2554.083,2431.889,2595.056,2420.815
2374.417,2704.000,2707.725,2928.400,2754.250,2681.700,2552.357,2550.222,2444.250,2592.361,2412.815
2381.639,2694.250,2693.750,2882.067,2738.906,2667.850,2554.428,2550.528,2433.361,2612.722,2409.944
2386.167,2701.550,2701.925,2910.567,2745.156,2664.100,2551.714,2555.639,2449.250,2594.472,2411.241
2383.694,2692.600,2704.100,2903.100,2724.219,2691.200,2563.619,2548.806,2444.333,2596.083,2413.296
2375.194,2718.200,2710.100,2902.633,2758.406,2686.100,2559.238,2552.167,2437.139,2592.056,2414.889
2385.444,2700.000,2699.200,2900.733,2738.062,2675.600,2539.905,2553.222,2440.083,2594.222,2409.852
2363.778,2707.250,2699.775,2902.967,2744.031,2692.800,2556.500,2547.556,2430.444,2613.472,2419.167
2382.722,2716.200,2699.725,2900.467,2756.688,2667.950,2560.214,2559.806,2431.278,2611.250,2414.259
2395.389,2706.300,2707.725,2894.000,2765.312,2679.150,2558.905,2558.917,2416.528,2584.861,2415.389
2383.972,2703.150,2708.000,2915.000,2739.031,2649.000,2562.714,2555.611,2444.611,2602.528,2407.574
2386.250,2691.600,2713.850,2920.333,2745.031,2673.850,2549.810,2564.611,2428.417,2602.056,2419.759
2392.194,2682.500,2702.350,2907.767,2760.219,2682.200,2549.262,2556.194,2447.667,2592.278,2401.593
2381.056,2712.850,2698.675,2890.900,2740.438,2666.700,2564.048,2557.111,2452.361,2599.056,2399.611
2380.472,2707.000,2700.425,2914.000,2740.500,2686.450,2566.072,2546.139,2433.806,2594.556,2417.296
2378.389,2705.950,2701.325,2921.800,2744.625,2688.300,2552.690,2548.139,2436.806,2597.972,2418.778
2382.500,2719.350,2713.625,2921.667,2735.875,2687.450,2556.738,2556.750,2458.833,2594.778,2421.500
2397.750,2678.200,2706.450,2911.133,2747.156,2665.650,2559.143,2543.917,2446.056,2580.333,2419.167
2383.000,2690.950,2698.725,2920.500,2728.969,2686.450,2564.548,2565.583,2444.500,2601.639,2416.944
2375.556,2705.650,2711.150,2907.067,2744.781,2666.200,2550.428,2539.111,2436.472,2595.778,2415.833
2381.556,2695.150,2694.250,2913.833,2744.781,2691.850,2564.476,2548.528,2431.667,2600.722,2419.574
2386.806,2693.250,2699.825,2925.933,2751.250,2687.650,2549.190,2556.583,2439.667,2606.139,2410.852
2394.222,2681.050,2699.650,2922.133,2736.781,2676.400,2549.119,2561.833,2442.083,2588.806,2418.907
2384.833,2699.850,2701.300,2907.300,2736.500,2665.800,2554.572,2551.778,2432.861,2608.000,2410.130
2386.778,2699.550,2696.325,2924.333,2737.969,2661.550,2563.548,2557.361,2436.389,2591.750,2417.352
2377.167,2704.550,2698.350,2926.067,2744.656,2656.350,2558.262,2559.194,2434.472,2597.667,2413.500
2377.167,2689.250,2704.875,2912.700,2734.656,2674.150,2559.857,2567.917,2432.417,2596.111,2425.019
2389.056,2689.800,2700.075,2934.900,2740.188,2684.200,2564.500,2551.778,2444.917,2587.083,2408.537
2370.694,2706.250,2698.225,2924.200,2749.531,2660.600,2570.452,2557.778,2444.778,2600.500,2402.167
2379.139,2681.850,2699.775,2906.633,2752.188,2673.900,2555.952,2544.778,2426.889,2601.917,2421.667
2364.833,2682.550,2707.575,2933.633,2729.844,2679.850,2548.238,2547.944,2437.472,2584.222,2414.037
2377.556,2701.800,2705.250,2920.933,2756.969,2663.550,2542.619,2552.139,2429.278,2586.472,2411.333
2380.750,2690.300,2712.925,2924.667,2756.938,2681.600,2552.476,2561.667,2448.306,2587.194,2414.741
2379.194,2710.150,2691.975,2898.633,2750.906,2679.550,2559.928,2558.500,2424.972,2583.722,2408.759
2381.389,2711.800,2697.350,2916.267,2755.438,2670.050,2552.476,2553.278,2429.556,2586.083,2418.759
2385.056,2673.800,2702.825,2925.967,2752.938,2662.750,2547.643,2563.833,2440.222,2575.944,2412.759
2374.194,2707.950,2691.775,2917.033,2745.125,2678.100,2554.881,2539.694,2435.417,2582.056,2414.000
2383.028,2684.100,2718.250,2913.000,2747.719,2669.300,2561.214,2548.806,2430.639,2570.944,2412.500
2376.556,2707.650,2690.600,2921.633,2752.906,2666.750,2560.238,2556.806,2432.861,2594.944,2417.333
2390.639,2693.000,2709.050,2957.333,2756.781,2688.500,2564.476,2563.000,2438.861,2581.556,2414.111
2373.556,2673.450,2707.500,2911.267,2743.125,2678.850,2548.833,2554.000,2420.500,2591.167,2416.130
2374.000,2710.500,2706.300,2920.000,2765.812,2659.400,2544.428,2549.639,2431.306,2587.333,2410.093
2378.194,2706.300,2696.750,2929.267,2759.781,2670.950,2545.595,2559.972,2429.417,2576.861,2412.426
2379.333,2686.950,2687.050,2921.267,2750.469,2667.400,2559.095,2558.722,2435.083,2587.278,2423.037
2369.111,2712.150,2694.100,2917.767,2739.938,2665.100,2553.690,2545.111,2434.333,2585.000,2407.926
2373.056,2715.150,2690.900,2916.100,2749.188,2659.200,2553.762,2563.222,2425.694,2587.639,2407.296
2374.056,2705.100,2694.825,2916.767,2738.562,2662.350,2549.690,2560.833,2438.611,2591.556,2415.352
2387.361,2686.600,2691.825,2910.700,2747.906,2668.300,2545.857,2537.472,2431.111,2589.972,2421.370
2380.583,2682.100,2700.425,2922.433,2739.688,2672.800,2554.333,2550.139,2435.833,2568.417,2404.148
2389.278,2715.800,2697.150,2903.500,2753.469,2679.500,2551.548,2539.167,2438.778,2583.361,2409.981
2362.083,2686.650,2687.700,2923.767,2748.438,2678.000,2533.095,2556.722,2423.194,2583.278,2412.407
2374.056,2712.050,2704.600,2913.800,2744.344,2676.550,2551.072,2574.139,2429.611,2572.000,2402.185
2371.972,2700.600,2692.325,2914.833,2735.906,2665.450,2548.333,2559.333,2426.694,2578.667,2414.019
2383.306,2696.700,2698.375,2916.433,2744.500,2664.350,2544.738,2557.556,2438.222,2577.222,2409.889
2374.111,2689.300,2684.550,2876.233,2733.719,2659.850,2550.905,2547.806,2440.778,2585.333,2399.093
2386.389,2692.950,2698.275,2917.933,2733.688,2700.900,2542.619,2543.667,2430.556,2585.333,2402.148
2365.611,2701.200,2692.875,2911.800,2750.875,2676.800,2564.072,2563.861,2421.389,2581.861,2410.222
2375.889,2666.300,2698.200,2902.233,2743.906,2673.600,2555.905,2556.750,2434.917,2584.861,2411.537
2376.333,2702.200,2705.775,2900.733,2742.281,2685.600,2551.095,2551.556,2423.722,2573.028,2413.407
2378.306,2690.100,2694.275,2901.933,2747.719,2673.200,2558.810,2555.333,2441.556,2583.444,2403.352
2374.833,2676.450,2684.575,2905.667,2728.375,2676.300,2560.190,2570.500,2444.583,2574.750,2416.926
2384.444,2700.800,2708.550,2889.833,2745.219,2661.400,2549.428,2543.778,2437.139,2580.528,2409.593
2384.944,2699.000,2689.825,2905.433,2755.719,2662.950,2556.643,2557.750,2429.556,2583.278,2414.963
2371.667,2710.700,2707.575,2892.933,2757.844,2669.300,2535.928,2560.611,2436.167,2594.583,2410.981
2384.889,2720.350,2698.150,2885.867,2742.000,2680.900,2551.572,2560.611,2429.194,2594.917,2417.685
2386.111,2685.150,2693.500,2916.733,2742.750,2670.950,2565.857,2560.833,2439.250,2576.472,2420.889
2375.000,2697.200,2697.850,2903.633,2742.344,2676.100,2560.738,2555.111,2446.583,2590.333,2401.426
2379.417,2670.800,2681.675,2885.267,2739.938,2648.650,2544.810,2554.389,2424.306,2574.167,2415.537
2381.222,2712.650,2685.175,2902.933,2728.125,2675.450,2552.024,2557.917,2429.389,2572.278,2415.315
2376.278,2686.550,2692.125,2894.667,2743.875,2674.150,2557.928,2559.250,2435.222,2579.194,2400.519
2375.278,2678.900,2689.775,2909.467,2734.156,2682.950,2566.357,2547.917,2431.639,2577.889,2415.944
2374.056,2693.000,2683.900,2912.333,2736.812,2656.550,2564.000,2560.111,2435.806,2584.194,2415.574
2377.778,2688.600,2687.025,2900.100,2757.875,2667.200,2557.167,2561.250,2430.111,2578.917,2413.963
2380.139,2694.250,2698.500,2885.533,2755.594,2662.000,2547.976,2554.222,2429.556,2577.083,2420.241
2379.222,2675.450,2704.225,2879.900,2745.938,2669.200,2553.881,2559.972,2431.778,2586.389,2401.759
2383.528,2677.300,2685.700,2875.033,2729.688,2659.950,2549.786,2558.667,2434.417,2578.500,2400.796
2378.222,2699.750,2704.850,2884.633,2752.188,2664.950,2553.786,2558.861,2436.139,2572.222,2401.778
2381.417,2672.000,2680.050,2880.867,2737.188,2653.900,2551.928,2557.611,2427.222,2578.222,2407.759
2371.000,2706.450,2683.000,2885.100,2748.219,2670.200,2561.452,2557.528,2423.944,2584.167,2396.963
2378.083,2677.300,2688.525,2873.933,2749.281,2670.350,2542.238,2533.028,2424.417,2575.000,2401.185
2384.417,2678.850,2694.300,2880.300,2761.125,2662.100,2560.595,2550.000,2427.167,2574.028,2412.444
2373.472,2719.850,2685.250,2900.567,2746.656,2665.700,2549.190,2545.917,2432.750,2572.222,2406.444
2379.667,2684.650,2697.225,2884.900,2739.125,2661.350,2545.524,2555.361,2430.194,2577.778,2401.778
2376.444,2704.900,2679.200,2879.633,2745.312,2682.000,2560.881,2551.389,2439.222,2570.306,2402.296
2388.000,2706.550,2691.900,2884.667,2764.469,2648.500,2548.714,2553.639,2429.944,2572.583,2415.000
2370.722,2697.300,2696.050,2875.867,2743.188,2654.600,2549.857,2555.139,2440.389,2562.194,2400.519
2381.444,2694.050,2692.600,2879.267,2761.125,2663.800,2552.786,2533.389,2420.944,2566.361,2402.019
2371.083,2671.850,2685.875,2878.867,2760.500,2676.350,2546.143,2541.889,2428.444,2575.778,2403.333
2368.028,2709.300,2683.225,2888.400,2735.156,2685.700,2551.548,2557.694,2445.417,2577.056,2400.019
2390.500,2661.500,2693.575,2874.200,2747.531,2682.850,2540.095,2556.778,2429.333,2591.083,2410.537
2371.722,2691.050,2709.450,2876.567,2738.500,2668.250,2562.572,2529.917,2423.250,2579.833,2407.426
2376.528,2670.850,2694.775,2876.767,2743.312,2666.200,2546.952,2544.694,2421.250,2564.111,2415.167
2374.444,2690.900,2694.425,2878.033,2735.281,2670.200,2554.572,2556.028,2413.806,2564.944,2405.741
2386.611,2671.050,2694.850,2872.667,2746.000,2661.300,2567.548,2548.639,2437.389,2563.722,2408.000
2369.528,2695.350,2681.875,2882.433,2727.250,2690.650,2551.119,2543.806,2432.444,2571.250,2400.667
2369.806,2682.650,2691.700,2873.600,2733.969,2676.700,2539.476,2549.000,2421.667,2578.278,2391.815
2372.778,2684.500,2678.800,2854.933,2742.656,2670.650,2562.167,2554.056,2426.361,2571.694,2409.000
2371.000,2703.250,2679.650,2869.533,2739.156,2649.300,2556.143,2566.611,2436.833,2563.583,2409.519
2370.833,2686.200,2689.325,2847.167,2730.125,2665.850,2564.690,2548.667,2423.750,2568.361,2399.463
2378.056,2683.250,2680.550,2858.267,2736.062,2669.550,2545.714,2556.694,2435.611,2574.611,2402.685
2372.639,2672.250,2667.575,2861.267,2738.438,2689.550,2551.072,2554.861,2449.833,2585.806,2398.296
2386.861,2681.850,2692.875,2868.800,2766.094,2668.950,2560.928,2555.472,2423.750,2570.972,2401.111
2378.528,2663.400,2676.875,2850.867,2750.688,2679.450,2552.786,2551.500,2427.889,2561.472,2412.852
2369.361,2680.050,2682.175,2858.633,2742.219,2660.850,2550.048,2540.167,2432.278,2570.833,2408.259
2385.556,2684.500,2685.850,2863.533,2753.094,2691.450,2541.595,2540.444,2434.111,2566.667,2407.630
2390.278,2699.750,2695.925,2858.933,2727.375,2676.000,2544.048,2556.722,2431.306,2557.778,2386.093
2382.583,2690.350,2677.225,2872.200,2736.312,2665.050,2548.024,2543.222,2430.139,2575.694,2401.648
2381.917,2687.750,2680.250,2865.800,2749.719,2657.100,2546.762,2549.222,2413.222,2545.667,2415.537
2376.056,2682.650,2681.400,2857.200,2745.688,2661.300,2539.690,2550.694,2422.028,2568.194,2397.074
2361.639,2655.950,2688.975,2876.200,2745.062,2669.250,2545.238,2554.833,2429.222,2575.694,2405.574
2364.194,2676.050,2686.450,2881.133,2743.281,2662.550,2540.928,2543.917,2431.639,2562.833,2412.444
2376.667,2676.550,2687.725,2867.800,2743.031,2667.050,2544.405,2541.472,2437.750,2560.250,2404.907
2376.306,2675.300,2694.425,2884.500,2733.219,2672.200,2554.643,2551.472,2430.306,2590.722,2402.037
2375.972,2664.500,2689.650,2847.167,2747.938,2661.350,2541.428,2547.639,2428.167,2550.806,2400.463
2361.889,2676.300,2688.925,2859.967,2726.781,2668.700,2556.690,2543.444,2434.333,2573.028,2407.222
2374.944,2677.650,2688.150,2870.967,2739.500,2665.050,2545.548,2559.750,2426.556,2558.194,2394.944
2372.083,2690.350,2692.400,2886.667,2737.312,2665.000,2552.428,2565.972,2429.778,2564.556,2405.204
2380.000,2682.300,2694.725,2866.367,2743.250,2659.400,2548.048,2547.472,2428.083,2576.444,2399.259
2369.722,2680.250,2680.700,2859.433,2740.094,2653.150,2537.548,2540.556,2412.917,2557.500,2402.111
2373.917,2705.350,2690.075,2875.033,2740.938,2654.950,2542.881,2536.667,2424.861,2576.111,2393.648
2371.389,2657.200,2683.450,2867.867,2737.031,2663.200,2542.143,2556.472,2419.944,2580.222,2411.259
2371.056,2671.600,2701.125,2856.400,2729.000,2659.150,2544.357,2555.472,2420.889,2579.306,2403.185
2376.944,2676.450,2684.000,2855.833,2755.688,2646.800,2557.452,2543.778,2425.944,2568.639,2407.278
2371.833,2681.900,2678.700,2867.600,2726.125,2649.950,2543.143,2531.944,2413.667,2563.417,2397.241
2370.306,2687.450,2675.750,2861.000,2732.250,2655.950,2545.405,2548.944,2414.278,2555.944,2402.259
2384.333,2674.500,2668.700,2871.867,2728.594,2655.900,2544.833,2547.361,2422.417,2548.472,2394.907
2374.778,2675.650,2671.700,2880.633,2748.250,2665.400,2542.786,2544.722,2424.833,2561.000,2395.241
2365.250,2700.700,2665.475,2864.567,2738.812,2663.450,2546.643,2535.250,2427.611,2563.889,2392.907
2377.417,2678.350,2674.225,2864.700,2725.625,2664.950,2533.357,2531.389,2418.611,2562.250,2395.722
2367.139,2670.700,2682.825,2863.967,2730.250,2662.150,2553.143,2549.250,2431.167,2568.583,2398.685
2377.861,2664.850,2665.775,2857.867,2736.156,2676.550,2526.310,2551.611,2419.361,2565.667,2389.389
2374.222,2673.950,2672.875,2851.167,2732.812,2656.900,2563.952,2541.250,2408.361,2584.750,2392.167
2376.861,2680.550,2682.150,2854.367,2731.875,2662.500,2544.333,2539.056,2432.278,2580.583,2397.037
2381.806,2686.950,2674.950,2852.567,2720.312,2653.950,2533.500,2546.000,2423.500,2554.250,2401.315
2372.667,2694.200,2686.325,2875.700,2747.438,2667.900,2548.500,2544.556,2423.722,2563.639,2400.000
2366.278,2669.850,2677.650,2862.467,2740.625,2657.400,2556.286,2543.528,2426.111,2559.389,2393.352
2371.722,2666.100,2694.500,2872.033,2747.469,2642.150,2547.333,2529.500,2416.111,2570.528,2399.148
2375.806,2693.950,2679.000,2850.300,2741.625,2652.800,2549.214,2537.972,2418.833,2562.528,2399.222
2384.250,2695.800,2685.000,2865.233,2733.438,2626.700,2552.167,2550.389,2426.306,2575.111,2398.574
2373.167,2660.500,2686.175,2858.267,2748.969,2670.750,2544.381,2554.694,2412.250,2560.583,2398.648
2367.833,2687.500,2673.100,2845.300,2730.156,2664.600,2544.072,2539.750,2412.083,2582.528,2394.593
2370.528,2683.450,2654.850,2861.133,2747.969,2674.800,2537.548,2555.500,2418.306,2553.528,2388.944
2375.250,2688.850,2674.650,2876.967,2738.438,2650.150,2541.572,2535.194,2416.056,2549.917,2392.574
2375.833,2652.600,2676.100,2859.667,2740.781,2642.450,2546.286,2531.056,2419.750,2567.306,2393.926
2369.333,2673.350,2680.450,2854.133,2750.031,2648.250,2543.143,2544.806,2406.056,2581.722,2398.241
2366.944,2681.450,2667.825,2862.700,2742.000,2645.000,2546.286,2536.944,2421.778,2561.167,2394.796
2368.639,2655.250,2674.450,2849.533,2729.594,2659.000,2546.690,2546.833,2425.806,2563.667,2397.407
2380.083,2668.100,2673.300,2841.133,2749.188,2662.000,2529.452,2543.444,2422.833,2568.833,2394.852
2364.444,2679.150,2682.225,2862.033,2726.250,2644.700,2545.881,2541.250,2430.556,2573.333,2404.296
2381.778,2686.250,2688.425,2851.767,2751.031,2652.400,2542.452,2545.500,2419.139,2563.528,2403.074
2362.778,2674.600,2678.975,2850.633,2739.844,2644.850,2532.238,2535.083,2425.889,2567.000,2410.500
2370.611,2650.750,2668.800,2855.733,2733.125,2647.200,2537.143,2559.417,2419.111,2554.556,2414.796
2351.000,2678.700,2667.600,2866.667,2739.625,2659.500,2562.405,2533.194,2421.194,2561.694,2407.815
2369.444,2674.900,2670.825,2841.433,2731.438,2635.400,2545.238,2541.750,2421.361,2566.472,2408.778
2373.639,2674.300,2667.525,2827.700,2725.375,2649.550,2530.690,2539.000,2424.861,2574.694,2406.352
2377.333,2645.350,2676.075,2836.733,2727.000,2644.350,2547.333,2541.889,2429.972,2571.306,2410.648
2371.583,2679.950,2676.275,2860.067,2731.281,2650.100,2532.500,2544.389,2420.750,2555.694,2417.019
2381.722,2661.400,2681.275,2855.433,2736.312,2648.850,2555.214,2547.111,2420.417,2561.583,2409.259
2348.639,2681.900,2671.525,2840.500,2734.594,2651.350,2550.595,2551.528,2417.472,2547.722,2397.463
2364.889,2672.750,2672.875,2835.467,2746.312,2637.800,2545.738,2548.444,2428.194,2566.083,2408.815
2366.611,2673.750,2686.075,2864.133,2731.125,2653.850,2541.524,2535.833,2434.472,2558.389,2412.111
2365.083,2672.750,2676.150,2832.467,2712.812,2662.000,2544.048,2546.500,2420.917,2558.028,2407.704
2358.472,2699.350,2686.075,2851.133,2739.938,2649.900,2538.214,2531.389,2414.306,2557.889,2402.870
2368.944,2688.500,2690.950,2850.867,2741.125,2660.050,2556.286,2526.528,2417.028,2561.167,2396.315
2378.361,2675.300,2685.800,2836.600,2727.812,2664.400,2550.952,2537.639,2426.472,2555.639,2402.167
2369.139,2689.850,2678.000,2855.700,2721.000,2663.750,2543.952,2533.139,2401.389,2550.722,2396.204
2364.972,2698.300,2679.800,2830.667,2733.719,2649.750,2547.428,2541.389,2426.278,2568.750,2390.574
2369.528,2680.850,2679.325,2840.067,2738.562,2653.750,2547.810,2529.139,2414.417,2547.556,2399.926
2352.306,2674.850,2673.775,2821.500,2734.750,2653.500,2546.572,2532.722,2418.556,2561.556,2404.944
2367.861,2689.400,2669.950,2825.800,2748.188,2682.100,2537.476,2534.500,2425.056,2566.000,2408.611
2365.389,2678.650,2672.725,2847.433,2727.062,2649.950,2550.072,2531.222,2416.361,2568.611,2406.389
2371.889,2684.050,2675.700,2844.300,2736.281,2666.000,2542.928,2546.250,2413.472,2560.056,2405.204
2368.556,2672.100,2667.900,2815.167,2725.625,2663.500,2536.548,2551.750,2420.139,2560.556,2411.537
2367.722,2683.300,2664.550,2827.733,2743.375,2658.850,2543.810,2530.861,2419.167,2565.056,2423.241
2379.333,2675.650,2656.325,2824.500,2741.062,2666.600,2534.357,2550.194,2416.500,2570.056,2421.870
2355.500,2697.550,2667.375,2840.467,2728.688,2662.400,2545.310,2540.139,2417.611,2558.139,2420.296
2362.444,2713.000,2658.625,2815.600,2738.750,2641.150,2538.286,2537.333,2419.556,2563.361,2417.870
2370.778,2666.700,2667.175,2837.833,2746.031,2638.550,2533.786,2545.278,2430.000,2558.361,2424.481
2373.361,2677.850,2652.225,2832.233,2753.875,2656.700,2543.905,2524.528,2419.750,2558.667,2415.315
2375.583,2694.550,2677.875,2818.867,2730.969,2663.800,2543.810,2541.917,2423.556,2565.583,2408.593
2365.778,2676.000,2665.025,2839.600,2748.500,2665.450,2543.072,2527.556,2434.222,2556.583,2419.074
2377.167,2683.300,2664.625,2833.467,2733.469,2668.750,2545.928,2538.167,2428.528,2560.194,2417.907
2355.083,2681.900,2675.350,2837.167,2723.875,2679.250,2543.024,2550.333,2431.361,2554.000,2412.870
2370.278,2682.500,2661.275,2825.900,2741.188,2666.250,2533.333,2541.333,2427.083,2557.722,2398.685
2376.389,2684.350,2659.525,2826.467,2755.344,2664.850,2545.310,2529.167,2423.306,2559.861,2408.556
2377.556,2677.400,2665.050,2841.500,2757.375,2669.300,2537.548,2563.472,2416.694,2547.167,2395.926
2360.361,2664.700,2669.575,2834.100,2743.969,2661.850,2539.928,2545.139,2426.778,2543.083,2407.093
2360.250,2688.300,2675.475,2840.367,2730.844,2652.150,2534.905,2532.667,2409.583,2545.111,2403.704
2373.556,2693.600,2658.450,2833.133,2738.594,2673.350,2545.119,2532.611,2418.417,2546.389,2399.704
2365.667,2697.550,2665.725,2830.033,2736.500,2668.550,2540.881,2535.694,2415.139,2561.833,2396.759
2360.417,2673.650,2647.725,2824.700,2729.781,2662.850,2530.619,2526.194,2436.444,2550.139,2402.037
2362.667,2690.700,2665.925,2818.000,2733.094,2642.700,2547.000,2543.472,2427.333,2564.750,2402.704
2365.222,2673.500,2667.950,2832.000,2742.594,2663.500,2539.452,2546.667,2432.750,2543.722,2397.574
2374.028,2652.150,2675.625,2814.333,2737.969,2643.350,2530.619,2525.694,2432.611,2549.250,2407.407
2367.306,2683.550,2661.550,2809.733,2746.438,2668.850,2544.762,2541.056,2420.000,2561.111,2418.019
2356.194,2673.250,2660.550,2824.767,2735.781,2672.550,2528.072,2521.722,2424.194,2561.611,2425.907
2368.250,2656.900,2672.625,2828.067,2734.500,2649.150,2532.286,2542.250,2433.667,2558.611,2445.352
2366.028,2692.000,2671.400,2824.467,2729.844,2648.950,2526.572,2552.833,2446.583,2569.306,2433.815
2366.694,2677.400,2661.600,2820.933,2739.031,2657.650,2539.238,2559.528,2447.556,2553.361,2445.241
2372.861,2677.450,2660.825,2813.733,2748.094,2663.800,2528.310,2537.083,2444.083,2551.222,2451.426
2370.667,2701.250,2687.500,2832.067,2745.688,2648.850,2536.595,2537.944,2449.750,2565.083,2450.648
2379.833,2684.150,2675.100,2817.500,2753.062,2646.950,2529.452,2543.500,2453.361,2572.944,2437.093
2368.361,2703.750,2679.775,2822.200,2750.500,2674.550,2529.595,2539.694,2443.083,2561.167,2433.833
2362.722,2712.600,2673.275,2812.033,2746.969,2676.000,2534.762,2546.139,2456.083,2557.611,2443.074
2358.694,2670.650,2676.050,2818.267,2756.531,2655.150,2535.928,2533.583,2439.333,2552.167,2433.722
2360.722,2692.250,2678.800,2810.033,2749.469,2637.400,2521.405,2546.667,2435.500,2551.417,2418.648
2374.000,2692.000,2686.850,2803.133,2756.656,2642.900,2530.595,2535.722,2437.083,2546.778,2430.333
2368.417,2679.050,2680.050,2806.967,2746.156,2658.000,2534.476,2545.500,2446.556,2546.056,2418.630
2375.472,2663.550,2664.475,2809.167,2748.250,2644.950,2545.833,2535.611,2424.778,2567.444,2413.685
2369.833,2677.900,2662.450,2829.700,2739.375,2659.650,2532.143,2542.694,2429.417,2561.611,2427.574
2373.722,2665.900,2660.850,2813.533,2736.438,2655.750,2545.214,2553.444,2428.444,2546.917,2422.574
2368.222,2685.000,2652.075,2826.100,2750.812,2661.300,2547.119,2538.333,2441.444,2552.611,2408.574
2373.139,2682.350,2669.500,2793.633,2733.188,2652.550,2536.024,2534.167,2433.056,2550.778,2412.426
2363.722,2676.950,2672.450,2813.067,2730.969,2638.000,2541.310,2530.222,2429.333,2557.667,2404.278
2356.778,2664.600,2661.575,2813.233,2719.406,2664.850,2533.381,2537.167,2422.583,2573.639,2420.296
2381.528,2673.050,2677.975,2804.233,2736.875,2656.300,2528.572,2535.083,2431.750,2546.500,2408.519
2363.639,2654.750,2675.725,2811.967,2757.188,2648.000,2532.428,2520.139,2422.889,2560.083,2422.889
2360.444,2666.950,2669.250,2833.133,2726.719,2650.650,2529.143,2538.167,2437.194,2567.000,2439.630
2363.694,2670.000,2676.275,2808.100,2722.844,2645.250,2533.762,2537.861,2427.944,2570.694,2456.056
2359.750,2678.700,2679.275,2800.767,2744.719,2654.700,2540.167,2541.500,2424.472,2566.972,2473.185
2361.667,2693.150,2667.925,2787.533,2737.781,2680.150,2541.167,2542.222,2442.500,2571.667,2488.593
2371.833,2702.950,2699.525,2800.733,2765.594,2659.100,2570.500,2559.611,2468.222,2567.944,2476.630
2361.972,2684.650,2686.400,2805.533,2761.719,2685.150,2551.572,2558.111,2470.250,2586.194,2477.759
2359.417,2690.050,2682.075,2795.633,2780.781,2680.750,2564.405,2558.889,2465.611,2582.361,2471.407
2362.611,2663.950,2673.775,2815.600,2804.531,2704.350,2582.548,2557.222,2461.333,2609.528,2481.444
2370.139,2661.400,2683.850,2800.433,2778.500,2709.250,2567.524,2546.833,2464.556,2593.611,2466.704
2356.583,2672.500,2689.700,2816.367,2798.031,2697.000,2579.167,2560.861,2439.833,2589.750,2477.574
2370.000,2687.200,2671.375,2790.267,2787.688,2687.650,2569.928,2555.778,2452.722,2583.500,2462.037
2360.000,2666.350,2690.400,2809.633,2782.156,2680.600,2560.833,2540.528,2440.250,2573.250,2452.111
2376.250,2667.200,2670.725,2798.667,2778.844,2665.250,2566.667,2537.389,2453.444,2567.806,2468.741
2365.472,2642.850,2677.225,2801.567,2788.375,2681.150,2563.714,2548.806,2450.472,2590.944,2458.000
2353.389,2684.050,2670.000,2818.200,2761.156,2682.250,2543.810,2554.167,2454.333,2577.889,2446.222
2370.861,2672.450,2681.700,2815.633,2749.062,2681.950,2559.643,2549.889,2439.056,2582.861,2439.519
2360.000,2666.850,2675.950,2798.933,2761.469,2663.700,2555.524,2542.278,2446.250,2580.889,2435.852
2357.194,2671.900,2668.500,2800.600,2773.688,2670.700,2557.595,2547.694,2437.361,2577.917,2439.722
2352.861,2688.100,2667.550,2808.967,2745.000,2671.600,2557.857,2530.889,2444.972,2580.583,2430.037
2379.306,2664.500,2667.075,2807.533,2747.844,2670.650,2550.643,2546.472,2431.028,2573.500,2426.500
2378.278,2663.700,2682.475,2787.767,2737.469,2654.250,2548.928,2539.167,2440.028,2556.278,2428.833
2353.528,2658.250,2675.050,2800.567,2726.875,2665.000,2559.381,2539.556,2429.611,2554.417,2434.185
2351.000,2671.350,2663.250,2803.700,2757.156,2662.400,2553.238,2533.222,2441.028,2570.556,2432.870
2362.056,2665.550,2661.025,2804.933,2758.281,2665.300,2541.952,2533.194,2436.222,2573.806,2454.204
2352.528,2656.400,2676.750,2813.967,2743.500,2684.250,2539.833,2538.139,2449.944,2597.111,2484.000
2365.056,2677.800,2675.250,2817.600,2758.125,2667.050,2542.381,2560.083,2460.694,2602.556,2496.093
2357.861,2688.250,2666.750,2785.333,2760.344,2660.200,2546.167,2551.611,2447.472,2615.139,2504.667
2366.944,2674.950,2690.500,2809.267,2771.688,2688.500,2564.476,2566.806,2467.056,2636.694,2500.519
2362.722,2666.500,2682.125,2797.700,2776.312,2686.650,2565.857,2544.806,2479.417,2658.722,2483.796
2362.639,2672.150,2690.150,2833.000,2815.062,2731.350,2571.595,2565.306,2477.250,2663.083,2501.185
2356.250,2670.450,2690.725,2833.033,2822.719,2736.500,2573.262,2563.806,2489.778,2680.667,2502.204
2359.444,2677.850,2704.450,2832.967,2807.469,2732.900,2570.714,2554.083,2480.583,2680.750,2499.907
2364.444,2679.550,2704.350,2823.533,2815.500,2750.400,2572.476,2569.694,2477.750,2675.972,2486.481
2369.528,2665.600,2675.350,2838.000,2808.906,2759.200,2562.643,2548.278,2466.500,2649.556,2481.130
2352.500,2683.100,2693.850,2806.000,2805.719,2739.000,2571.095,2554.639,2471.278,2659.778,2471.500
2367.444,2676.700,2683.925,2806.200,2807.719,2739.150,2557.000,2565.028,2469.361,2643.139,2479.611
2357.139,2654.850,2690.200,2824.567,2789.812,2730.100,2560.928,2543.667,2465.500,2644.500,2469.370
2342.250,2668.200,2680.900,2815.533,2802.875,2723.700,2573.357,2553.139,2461.389,2635.806,2462.111
2333.750,2680.650,2673.025,2810.433,2783.000,2744.550,2554.095,2548.833,2457.972,2632.528,2462.685
2332.750,2661.450,2675.000,2794.267,2799.781,2725.100,2556.928,2543.806,2449.611,2629.250,2459.481
2333.278,2657.300,2679.925,2795.067,2770.469,2708.650,2552.238,2548.972,2463.861,2640.111,2462.074
2336.833,2677.100,2683.400,2803.433,2793.875,2711.800,2545.572,2549.167,2452.083,2643.417,2458.481
2339.639,2682.150,2670.975,2806.300,2791.062,2708.700,2561.048,2539.333,2444.917,2618.056,2444.870
2348.611,2669.000,2677.700,2808.633,2776.312,2714.350,2547.667,2553.778,2457.944,2624.806,2446.167
2351.417,2669.300,2666.200,2800.400,2759.312,2689.350,2556.500,2544.694,2443.611,2610.250,2450.944
2333.000,2673.100,2669.175,2776.133,2773.875,2694.700,2554.762,2546.944,2452.056,2632.722,2457.241
2345.056,2661.350,2678.850,2797.567,2774.062,2693.450,2555.928,2544.361,2443.583,2628.722,2469.185
2331.611,2666.050,2678.600,2774.833,2761.031,2699.150,2549.810,2544.278,2454.556,2638.972,2494.093
2332.861,2658.200,2664.975,2794.833,2768.125,2715.200,2542.476,2552.583,2457.833,2676.444,2498.889
2323.889,2674.700,2684.125,2774.567,2783.188,2687.850,2558.548,2564.306,2461.778,2684.417,2521.370
2336.417,2676.500,2698.050,2802.167,2807.000,2717.700,2566.619,2566.611,2485.194,2712.694,2518.500
2356.333,2678.550,2691.175,2794.700,2831.938,2729.750,2557.524,2584.472,2505.778,2749.139,2522.667
2346.611,2669.450,2700.350,2823.633,2842.750,2740.050,2575.714,2572.361,2496.528,2749.333,2519.167
2346.028,2654.600,2703.650,2842.967,2852.625,2742.550,2572.762,2583.361,2491.722,2755.444,2533.463
2340.611,2659.800,2697.975,2841.867,2861.500,2748.300,2585.048,2582.444,2495.167,2762.000,2527.796
2345.611,2663.800,2709.125,2841.533,2847.812,2774.050,2588.286,2570.000,2494.583,2754.000,2515.185
2336.583,2651.400,2704.525,2823.133,2860.656,2761.050,2589.833,2567.111,2485.083,2737.833,2515.019
2363.944,2669.000,2711.025,2856.867,2845.875,2775.650,2560.928,2574.083,2484.611,2742.833,2502.130
2336.611,2660.100,2707.150,2830.733,2841.062,2746.600,2572.905,2560.500,2481.750,2715.306,2504.833
2343.333,2665.650,2709.975,2815.167,2842.938,2743.850,2573.952,2572.333,2470.361,2707.444,2488.241
2349.417,2645.450,2689.550,2816.900,2839.844,2746.500,2570.857,2578.028,2467.000,2714.528,2487.981
2341.972,2633.450,2703.225,2818.533,2843.969,2727.050,2558.643,2572.583,2483.944,2685.361,2477.185
2341.583,2658.700,2708.800,2830.067,2837.094,2715.300,2568.143,2567.000,2466.278,2689.000,2488.352
2336.972,2659.750,2690.875,2821.167,2842.000,2732.600,2588.500,2560.472,2445.472,2684.278,2475.037
2351.833,2674.000,2695.550,2816.667,2805.438,2734.800,2551.690,2558.083,2462.111,2684.556,2468.352
2353.778,2664.700,2686.225,2814.733,2820.750,2727.700,2561.524,2556.111,2456.389,2682.639,2474.667
2342.500,2662.600,2678.325,2802.700,2814.500,2726.800,2560.476,2546.556,2450.222,2652.333,2460.926
2343.861,2679.050,2686.450,2800.100,2808.219,2719.100,2557.381,2545.750,2446.528,2668.611,2461.389
2342.472,2662.050,2674.650,2816.033,2797.031,2716.150,2552.000,2558.722,2441.000,2660.167,2473.389
2341.833,2654.400,2671.050,2795.900,2816.281,2707.100,2542.238,2546.778,2434.889,2660.222,2487.778
2329.417,2647.450,2670.075,2809.900,2804.688,2707.800,2547.619,2578.306,2446.111,2686.944,2494.722
2326.639,2656.050,2686.000,2806.800,2803.875,2711.650,2543.167,2565.111,2470.556,2700.500,2514.889
2353.444,2678.650,2691.675,2807.033,2823.312,2710.500,2578.690,2575.361,2476.306,2743.222,2531.963
2354.722,2688.250,2694.550,2808.700,2822.500,2739.550,2567.548,2583.333,2480.778,2750.472,2530.222
2344.444,2665.500,2699.275,2816.067,2867.656,2776.850,2584.000,2599.194,2500.972,2804.917,2544.796
2348.500,2689.200,2715.600,2839.467,2881.062,2795.550,2584.310,2597.556,2479.889,2791.278,2552.148
2340.917,2653.100,2746.125,2872.100,2902.406,2787.300,2586.881,2589.194,2478.806,2806.944,2538.333
2358.750,2691.400,2736.300,2865.367,2898.250,2796.600,2609.857,2603.000,2493.833,2799.778,2536.685
2359.389,2674.600,2742.225,2883.733,2905.250,2789.800,2595.048,2590.194,2481.111,2781.167,2535.481
2333.806,2671.300,2760.450,2892.767,2920.000,2782.200,2607.048,2593.528,2489.083,2790.778,2533.222
2339.806,2660.300,2758.025,2871.500,2906.750,2776.150,2601.810,2594.722,2472.139,2768.250,2529.500
2329.528,2688.150,2748.500,2857.200,2915.656,2766.400,2590.619,2588.972,2479.611,2752.333,2530.019
2346.528,2665.850,2747.700,2864.133,2901.438,2801.000,2588.548,2582.472,2477.167,2741.222,2524.426
2347.611,2675.650,2727.825,2853.733,2896.625,2750.700,2581.714,2586.806,2485.361,2746.778,2505.259
2333.833,2657.250,2739.550,2874.767,2872.500,2767.200,2596.357,2583.667,2462.167,2730.167,2488.944
2344.194,2664.900,2727.950,2865.367,2867.375,2748.850,2578.928,2596.556,2447.889,2734.556,2490.074
2348.722,2662.900,2726.450,2841.600,2876.969,2741.350,2578.714,2575.778,2460.861,2726.722,2480.722
2327.028,2679.850,2731.050,2831.967,2846.500,2744.000,2602.548,2579.667,2465.833,2721.722,2479.093
2337.944,2676.450,2713.975,2838.033,2855.625,2745.350,2574.238,2587.000,2467.111,2706.944,2483.685
2338.167,2676.600,2711.750,2847.100,2875.406,2751.550,2570.833,2575.000,2451.722,2712.278,2486.333
2327.083,2664.150,2714.950,2827.867,2859.219,2731.100,2574.690,2578.667,2440.611,2701.806,2471.500
2328.361,2671.500,2707.950,2837.833,2833.000,2732.900,2587.690,2583.556,2451.722,2698.417,2476.315
2348.472,2656.050,2703.975,2830.767,2828.844,2713.550,2574.048,2575.833,2450.194,2711.694,2497.407
2348.611,2708.600,2693.725,2834.000,2841.750,2724.100,2571.214,2590.917,2463.583,2722.389,2511.759
2356.667,2660.650,2692.675,2832.933,2834.906,2721.450,2572.762,2591.139,2453.056,2729.333,2525.722
2343.417,2671.000,2712.650,2817.667,2848.500,2744.200,2579.357,2609.444,2455.667,2782.472,2524.556
2342.222,2677.200,2722.400,2833.767,2856.812,2738.200,2603.428,2603.861,2491.306,2768.750,2538.000
2337.417,2677.550,2736.275,2833.633,2879.594,2781.350,2594.095,2601.167,2487.611,2801.889,2543.778
2334.833,2699.100,2739.975,2851.567,2897.656,2780.150,2614.357,2620.389,2482.250,2813.000,2534.741
2352.417,2699.900,2749.750,2859.733,2918.969,2807.150,2624.072,2613.028,2502.444,2800.833,2535.759
2339.583,2711.900,2767.300,2877.900,2945.656,2798.650,2633.500,2611.750,2492.694,2822.917,2556.611
2329.639,2739.950,2760.150,2895.700,2968.438,2820.700,2643.000,2623.861,2485.194,2812.722,2548.630
2356.083,2747.150,2767.275,2920.300,2962.469,2819.400,2654.095,2620.667,2495.194,2801.500,2543.315
2359.639,2728.200,2774.900,2903.867,2956.812,2779.500,2650.762,2615.472,2487.917,2798.611,2556.167
2348.500,2749.200,2777.675,2877.733,2938.281,2765.300,2657.548,2624.222,2487.222,2791.250,2538.907
2352.861,2727.550,2777.625,2902.433,2922.500,2784.050,2633.595,2611.667,2488.222,2767.417,2535.519
2343.861,2722.950,2752.650,2903.567,2934.562,2798.700,2627.952,2627.667,2482.139,2760.972,2521.981
2336.667,2716.600,2751.500,2867.967,2932.812,2791.350,2636.690,2616.472,2464.806,2756.250,2506.852
2341.444,2723.750,2756.400,2887.533,2906.062,2766.200,2627.500,2621.083,2471.222,2735.222,2507.889
2354.278,2732.500,2744.650,2898.100,2896.844,2785.300,2628.190,2605.028,2471.694,2738.333,2490.648
2349.528,2710.550,2737.825,2878.267,2893.906,2787.700,2615.072,2601.139,2461.556,2722.944,2494.556
2346.361,2697.100,2749.525,2882.000,2906.125,2769.650,2613.572,2609.417,2455.750,2722.417,2478.204
2338.000,2709.850,2734.950,2853.300,2891.625,2774.650,2599.928,2596.889,2452.083,2703.750,2485.481
2340.750,2716.800,2722.950,2851.633,2866.812,2744.700,2623.405,2598.333,2442.306,2720.000,2488.241
2352.417,2738.000,2737.300,2847.667,2872.281,2749.400,2610.238,2603.222,2452.028,2699.611,2482.556
2335.306,2719.850,2739.375,2861.133,2889.688,2741.600,2608.476,2586.778,2440.389,2691.056,2488.241
2345.667,2716.700,2726.975,2837.467,2881.750,2747.150,2624.428,2584.333,2435.250,2709.861,2497.870
2337.194,2711.250,2720.600,2823.233,2873.312,2716.900,2603.786,2597.333,2447.194,2737.389,2536.278
2346.861,2727.300,2724.775,2855.400,2889.781,2741.700,2612.000,2610.111,2462.972,2772.917,2527.130
2338.667,2711.350,2743.125,2831.567,2907.062,2775.700,2627.452,2614.306,2469.722,2774.778,2548.648
2342.361,2698.950,2750.950,2883.067,2917.688,2795.200,2636.714,2626.806,2487.278,2813.389,2553.093
2363.444,2730.550,2762.350,2862.633,2926.188,2787.000,2627.762,2625.139,2491.028,2797.472,2547.444
2362.750,2727.400,2779.125,2884.900,2933.469,2793.200,2663.810,2635.444,2490.583,2812.111,2552.315
2349.389,2775.000,2778.650,2896.800,2944.344,2824.950,2670.381,2625.222,2482.000,2836.111,2565.037
2359.028,2798.750,2793.325,2904.333,2973.281,2815.800,2680.524,2641.306,2492.361,2827.500,2568.074
2354.639,2805.700,2797.500,2953.700,2967.375,2792.350,2677.072,2637.861,2492.861,2807.639,2550.111
2348.611,2821.650,2790.825,2924.133,2969.625,2777.400,2687.548,2628.250,2481.694,2804.528,2544.889
2347.250,2797.650,2783.600,2921.967,2974.250,2783.150,2677.214,2619.194,2488.806,2799.278,2560.333
2338.250,2799.050,2785.275,2918.767,2963.844,2784.250,2658.048,2635.639,2474.861,2784.694,2560.704
2350.694,2780.600,2769.375,2897.000,2956.656,2800.550,2670.833,2640.389,2493.583,2796.472,2537.944
2345.694,2802.500,2767.875,2909.233,2933.000,2795.750,2680.381,2617.583,2478.361,2774.917,2532.204
2339.778,2815.800,2778.550,2905.333,2933.531,2789.000,2657.786,2618.083,2466.417,2770.083,2518.259
2337.778,2790.600,2778.425,2894.967,2925.500,2774.300,2648.381,2597.000,2461.083,2758.472,2512.278
2327.222,2773.250,2766.200,2890.400,2908.094,2769.650,2645.667,2613.056,2470.778,2752.250,2518.407
2332.500,2784.800,2774.275,2876.100,2896.219,2774.950,2657.381,2615.639,2457.806,2734.222,2508.130
2328.833,2775.350,2750.250,2872.933,2898.500,2761.850,2648.048,2602.667,2451.917,2722.167,2500.926
2346.333,2780.800,2770.100,2881.367,2892.500,2751.750,2650.690,2609.361,2447.444,2707.833,2476.815
2329.722,2757.950,2749.325,2856.933,2874.875,2772.950,2643.667,2587.250,2450.194,2705.306,2495.630
2339.694,2743.600,2747.600,2878.467,2884.938,2750.250,2635.262,2599.694,2442.500,2730.194,2505.556
2347.139,2767.300,2742.125,2841.000,2879.344,2750.200,2636.810,2603.611,2454.250,2717.028,2521.407
2338.167,2764.100,2737.300,2851.500,2876.656,2735.750,2627.595,2611.056,2449.083,2734.833,2514.537
2345.611,2753.400,2732.925,2842.733,2884.969,2755.900,2629.810,2615.667,2455.972,2746.667,2531.352
2359.361,2746.700,2754.550,2856.633,2875.312,2752.750,2637.238,2628.000,2462.361,2762.472,2533.667
2340.250,2760.200,2765.650,2865.933,2897.906,2760.550,2650.524,2623.611,2469.000,2800.167,2542.593
2348.111,2774.350,2783.600,2885.700,2925.094,2751.700,2671.262,2652.111,2488.389,2815.389,2536.870
2345.028,2792.700,2770.650,2908.500,2953.062,2787.850,2682.381,2643.722,2489.083,2829.250,2553.500
2356.500,2840.400,2803.100,2943.067,2958.312,2810.350,2681.881,2658.167,2505.083,2814.861,2562.056
2358.639,2865.700,2802.525,2935.567,2955.094,2787.150,2694.881,2645.972,2478.694,2817.000,2550.759
2349.833,2905.850,2799.500,2950.167,2967.594,2795.450,2701.881,2635.028,2497.833,2819.917,2557.204
2333.028,2906.650,2801.850,2948.433,2968.000,2805.800,2707.095,2626.583,2480.222,2814.083,2556.389
2352.722,2908.850,2801.375,2935.267,2954.594,2823.400,2709.738,2623.944,2489.222,2803.083,2552.444
2355.056,2898.250,2787.875,2932.733,2965.969,2800.800,2697.810,2636.222,2481.806,2796.528,2545.426
2346.306,2898.300,2801.150,2945.800,2940.125,2808.050,2706.452,2622.444,2469.972,2778.583,2544.648
2349.222,2869.500,2791.150,2920.467,2931.375,2770.400,2687.286,2626.583,2482.139,2788.611,2537.278
2346.556,2886.650,2775.175,2911.467,2941.188,2771.600,2669.119,2635.167,2463.222,2773.500,2541.889
2348.667,2884.850,2791.725,2896.367,2928.562,2782.200,2674.428,2634.806,2457.583,2756.833,2532.074
2344.833,2864.750,2765.825,2885.733,2908.438,2781.650,2672.928,2614.028,2463.111,2751.056,2525.630
2349.306,2849.150,2754.825,2897.167,2914.219,2756.250,2665.786,2618.083,2454.500,2735.917,2509.556
2353.583,2844.100,2753.575,2886.800,2901.781,2748.900,2661.500,2622.194,2453.667,2723.306,2500.852
2337.444,2840.000,2758.975,2872.600,2910.562,2792.500,2659.286,2619.250,2451.306,2722.833,2495.944
2335.333,2843.600,2745.950,2885.033,2888.656,2747.750,2646.881,2608.333,2446.889,2705.500,2493.907
2355.000,2836.750,2758.500,2863.733,2888.688,2732.650,2635.619,2604.194,2442.361,2717.694,2504.185
2352.056,2825.050,2750.250,2862.100,2860.438,2750.100,2643.738,2606.000,2443.667,2702.806,2511.074
2348.194,2825.900,2745.525,2867.200,2871.688,2737.650,2641.548,2609.333,2450.056,2713.667,2499.500
2348.111,2809.600,2726.000,2868.833,2879.656,2732.100,2651.643,2618.444,2439.389,2727.417,2506.074
2336.889,2797.350,2749.325,2849.267,2859.531,2741.300,2664.119,2612.361,2441.472,2720.806,2521.944
2336.444,2828.550,2758.950,2880.300,2876.375,2757.650,2650.452,2606.889,2463.278,2758.250,2530.907
2343.139,2831.600,2769.150,2899.233,2910.125,2769.050,2657.428,2614.806,2473.556,2776.361,2539.370
2352.722,2842.300,2768.350,2903.900,2908.406,2778.750,2685.905,2632.056,2464.167,2778.472,2542.352
2365.000,2867.500,2789.325,2929.467,2929.281,2754.950,2704.405,2632.361,2477.333,2812.444,2555.111
2354.250,2887.450,2778.950,2957.733,2935.531,2762.850,2695.143,2634.861,2474.222,2804.944,2562.574
2352.833,2932.350,2802.525,2951.600,2935.375,2786.050,2714.357,2635.639,2471.861,2812.194,2561.426
2351.972,2922.300,2803.825,2962.267,2957.281,2785.500,2718.262,2635.889,2471.167,2810.417,2552.444
2357.778,2951.200,2787.700,2949.100,2952.781,2785.300,2712.333,2633.778,2506.722,2826.694,2560.981
2370.222,2946.050,2817.225,2945.967,2949.906,2780.800,2713.714,2622.722,2485.917,2784.500,2557.537
2358.500,2959.950,2780.325,2950.200,2924.938,2797.500,2702.619,2630.778,2469.083,2786.194,2547.222
2358.417,2944.700,2797.825,2926.533,2949.469,2787.600,2704.643,2622.333,2492.667,2793.944,2540.907
2347.444,2919.500,2790.775,2928.567,2935.188,2762.000,2703.643,2596.250,2469.278,2759.389,2540.407
2356.944,2919.350,2786.375,2923.133,2920.500,2765.600,2701.928,2612.361,2462.722,2758.139,2536.667
2363.083,2919.800,2780.400,2920.033,2917.344,2753.500,2686.000,2605.444,2467.083,2744.028,2519.593
2347.361,2921.000,2775.375,2910.233,2926.125,2741.700,2691.214,2600.611,2463.833,2739.111,2497.370
2337.333,2892.650,2773.900,2908.233,2893.125,2746.850,2684.738,2619.278,2453.194,2716.306,2505.796
2347.167,2876.500,2764.700,2893.467,2892.312,2768.650,2673.762,2596.278,2432.444,2721.889,2505.000
2333.556,2884.700,2780.425,2889.233,2870.281,2733.250,2677.690,2598.556,2427.944,2710.083,2484.907
2347.944,2888.100,2761.625,2884.767,2870.438,2738.800,2671.190,2598.056,2435.194,2697.583,2476.111
2339.889,2864.100,2754.250,2877.300,2861.312,2745.100,2665.714,2596.639,2442.472,2674.083,2483.444
2344.722,2850.350,2748.075,2886.133,2864.812,2722.250,2668.072,2587.889,2441.389,2701.722,2502.167
2338.750,2843.600,2747.675,2877.500,2868.406,2710.100,2648.786,2592.333,2440.139,2720.806,2498.370
2336.722,2853.450,2757.700,2863.067,2849.875,2734.900,2659.619,2585.972,2423.667,2729.556,2520.852
2343.972,2827.350,2754.675,2883.967,2870.062,2749.500,2666.405,2609.417,2435.889,2757.889,2526.481
2338.944,2875.100,2772.950,2901.933,2891.125,2746.300,2683.405,2606.917,2466.861,2787.500,2539.759
2348.778,2903.050,2781.650,2937.133,2861.438,2735.400,2693.214,2614.833,2458.500,2771.611,2555.352
2361.889,2915.050,2781.000,2951.600,2910.031,2739.250,2714.524,2627.278,2472.500,2791.333,2571.815
2356.278,2924.550,2788.850,2966.400,2909.469,2752.650,2707.905,2612.222,2477.278,2800.500,2567.926
2345.222,2941.900,2817.800,2976.533,2924.344,2766.000,2724.357,2614.583,2481.278,2811.778,2551.926
2357.333,2949.800,2792.450,2961.333,2949.938,2779.050,2716.024,2622.694,2474.750,2817.306,2559.037
2349.917,2973.800,2809.475,2987.567,2918.688,2772.600,2730.905,2631.778,2484.917,2832.028,2566.167
2363.361,2951.650,2819.675,2971.867,2931.281,2774.100,2709.143,2637.667,2490.306,2810.250,2542.648
2359.389,2959.700,2793.550,2969.833,2929.875,2785.250,2711.738,2627.056,2470.778,2789.528,2558.611
2359.083,2953.550,2798.350,2976.467,2918.219,2756.900,2715.881,2624.167,2474.194,2803.278,2543.315
2350.389,2963.900,2791.350,2967.733,2908.531,2768.050,2720.714,2615.778,2478.556,2794.000,2540.463
2359.083,2936.900,2792.425,2930.733,2889.500,2747.400,2702.952,2617.167,2472.444,2782.972,2538.704
2344.417,2951.700,2775.850,2941.067,2907.719,2740.200,2701.452,2611.361,2459.528,2729.500,2524.444
2345.222,2931.150,2777.125,2937.733,2880.219,2758.500,2695.214,2624.417,2458.667,2725.222,2523.685
2337.500,2914.050,2753.475,2940.600,2899.875,2725.700,2689.333,2602.611,2454.972,2721.250,2521.056
2342.861,2918.650,2759.300,2912.200,2886.406,2742.800,2697.524,2583.389,2456.889,2715.750,2504.926
2340.694,2913.150,2763.600,2896.100,2849.688,2725.050,2671.595,2600.389,2460.611,2692.306,2499.259
2317.306,2897.950,2767.100,2925.500,2880.750,2725.250,2673.667,2593.083,2448.583,2705.389,2486.111
2327.472,2912.950,2744.825,2909.800,2881.406,2716.000,2667.024,2594.472,2435.278,2681.278,2482.241
2331.778,2897.100,2746.750,2895.967,2853.344,2712.100,2678.643,2594.500,2447.917,2700.556,2502.111
2335.833,2889.450,2728.725,2887.333,2856.812,2724.200,2660.976,2587.222,2433.667,2710.667,2501.630
2340.583,2864.150,2744.500,2902.000,2866.531,2720.350,2675.595,2601.000,2444.278,2720.333,2507.815
2344.917,2870.900,2729.850,2904.367,2868.031,2719.250,2653.072,2607.667,2452.667,2721.722,2513.630
2338.417,2878.050,2739.150,2902.333,2868.688,2705.800,2676.167,2590.222,2441.361,2742.278,2533.241
2357.028,2892.150,2736.700,2922.767,2867.500,2711.800,2684.857,2616.806,2451.472,2764.000,2536.056
2349.167,2897.700,2765.775,2936.133,2882.812,2733.850,2705.333,2604.056,2469.417,2772.528,2544.037
2360.111,2930.750,2786.950,2952.267,2916.531,2739.850,2697.214,2601.972,2461.333,2788.556,2548.574
2354.250,2957.650,2784.675,2955.533,2884.531,2753.100,2697.881,2623.083,2481.000,2792.306,2547.981
2360.333,2959.050,2790.875,2978.267,2901.344,2763.700,2706.476,2614.778,2484.278,2802.917,2557.111
2362.028,2974.450,2796.875,2984.900,2924.688,2767.550,2725.905,2634.833,2473.889,2819.111,2555.315
2340.944,2958.450,2783.400,2992.333,2925.031,2738.800,2726.667,2602.583,2481.722,2811.111,2560.204
2356.333,2961.750,2793.800,2962.833,2923.969,2754.200,2704.072,2621.194,2477.472,2792.583,2545.722
2361.639,2949.950,2798.900,2960.767,2904.656,2752.450,2706.214,2619.639,2479.472,2774.083,2556.537
2346.889,2955.900,2787.700,2959.333,2902.500,2747.850,2712.786,2613.528,2453.333,2768.972,2542.852
2336.778,2944.950,2777.400,2959.233,2896.344,2751.800,2709.810,2603.222,2470.667,2777.444,2525.537
2359.750,2948.450,2785.675,2936.633,2882.438,2734.900,2692.810,2616.028,2458.444,2757.389,2551.148
2353.111,2946.150,2780.800,2937.333,2908.781,2741.500,2688.072,2617.056,2472.611,2752.639,2539.056
2337.389,2940.750,2750.275,2919.633,2891.469,2723.950,2682.976,2597.750,2461.056,2736.444,2536.704
2339.500,2927.300,2750.475,2906.000,2871.906,2740.100,2680.381,2591.278,2460.306,2730.750,2517.185
2329.556,2893.350,2763.025,2900.033,2862.062,2744.550,2677.333,2577.111,2451.750,2711.056,2497.074
2331.056,2904.800,2749.350,2897.667,2866.438,2710.450,2680.619,2598.306,2456.333,2691.694,2502.426
2336.833,2884.850,2740.575,2875.233,2847.438,2725.250,2656.833,2592.611,2450.389,2702.167,2482.148
2346.833,2880.300,2738.375,2894.400,2856.250,2710.800,2649.357,2584.306,2438.667,2669.333,2468.630
2335.972,2862.000,2738.800,2891.667,2850.656,2706.300,2655.167,2587.444,2440.194,2702.333,2485.222
2340.167,2867.200,2729.475,2876.200,2854.688,2689.350,2658.143,2582.639,2432.528,2693.528,2503.278
2344.417,2873.750,2731.325,2893.967,2839.156,2685.550,2654.524,2595.222,2439.056,2710.333,2504.278
2353.500,2849.300,2727.375,2869.000,2825.344,2729.200,2654.643,2588.750,2439.417,2727.361,2514.574
2347.250,2865.850,2736.325,2885.133,2838.938,2704.300,2659.762,2588.250,2453.639,2745.000,2520.630
2368.556,2866.150,2745.150,2888.400,2854.906,2737.950,2674.024,2593.472,2454.472,2772.667,2533.315
2351.583,2886.450,2758.325,2932.267,2846.844,2732.750,2688.095,2603.472,2449.861,2784.000,2552.926
2364.278,2918.500,2768.550,2935.733,2887.719,2719.000,2686.048,2607.833,2458.278,2792.417,2553.815
2356.500,2923.250,2776.500,2938.433,2870.406,2732.850,2686.548,2611.472,2470.278,2801.111,2554.407
2355.306,2910.200,2778.850,2943.300,2893.500,2747.800,2712.405,2617.722,2454.000,2804.833,2539.389
2357.444,2939.550,2777.350,2957.267,2884.062,2729.850,2708.452,2599.417,2469.056,2805.472,2549.759
2364.111,2974.550,2801.950,2981.200,2880.094,2763.950,2702.572,2602.222,2466.306,2810.639,2548.704
2360.889,2947.500,2789.700,2964.600,2880.781,2748.500,2705.548,2615.472,2477.917,2807.611,2547.759
2360.083,2943.250,2805.675,2947.600,2883.812,2749.900,2704.952,2596.778,2478.278,2803.889,2541.963
2351.528,2952.100,2767.425,2950.933,2878.844,2744.500,2693.952,2597.583,2460.722,2791.250,2534.944
2363.222,2918.100,2761.900,2948.000,2867.594,2730.000,2700.452,2604.944,2469.333,2785.222,2540.981
2347.806,2904.050,2770.750,2941.567,2865.406,2753.850,2679.786,2610.944,2465.778,2782.750,2536.593
2340.528,2905.150,2760.725,2939.767,2853.750,2732.700,2688.548,2613.500,2463.222,2763.944,2518.741
2346.917,2903.600,2773.700,2929.933,2842.250,2711.850,2687.405,2619.028,2461.806,2754.639,2534.648
2339.000,2877.700,2751.275,2924.733,2849.875,2724.250,2681.619,2605.389,2440.167,2728.306,2515.370
2337.944,2891.450,2737.750,2903.500,2836.969,2741.900,2668.548,2596.528,2444.750,2729.028,2508.889
2338.417,2876.800,2733.100,2896.767,2829.094,2709.800,2661.238,2598.667,2447.000,2702.444,2500.000
2348.972,2866.200,2752.225,2874.300,2847.562,2716.600,2663.690,2592.028,2440.833,2719.917,2486.204
2328.056,2868.850,2721.200,2872.200,2830.062,2708.450,2659.524,2585.639,2436.250,2692.972,2484.481
2357.556,2855.700,2733.400,2891.567,2833.625,2689.100,2663.286,2585.722,2417.500,2665.500,2493.130
2349.528,2851.700,2746.375,2886.967,2825.031,2688.850,2666.595,2592.167,2436.306,2698.417,2481.759
2344.917,2818.450,2726.275,2876.867,2807.406,2706.350,2639.905,2589.194,2434.778,2679.306,2495.259
2346.694,2842.600,2741.025,2871.833,2804.219,2705.050,2646.738,2585.528,2420.861,2708.028,2506.556
2348.167,2843.050,2731.225,2884.167,2814.719,2683.500,2658.333,2592.167,2431.083,2732.806,2515.370
2360.417,2856.650,2752.150,2878.667,2839.875,2699.800,2672.190,2583.167,2444.083,2750.833,2516.315
2362.611,2868.950,2752.100,2938.467,2842.812,2724.300,2669.952,2593.472,2453.833,2770.722,2525.944
2356.722,2883.850,2756.975,2917.267,2847.531,2729.800,2683.143,2608.778,2450.639,2793.611,2537.556
2354.722,2896.600,2753.875,2923.900,2866.750,2723.450,2688.167,2599.972,2448.583,2799.056,2549.352
2362.444,2883.650,2764.625,2951.900,2865.250,2728.850,2699.381,2621.500,2457.556,2818.333,2557.481
2359.083,2922.500,2772.125,2960.233,2870.062,2729.150,2689.690,2601.389,2457.917,2809.778,2546.426
2362.222,2914.250,2794.525,2936.567,2897.406,2744.550,2683.500,2603.722,2472.167,2796.639,2545.926
2361.583,2938.950,2788.550,2949.100,2891.281,2754.250,2692.167,2590.278,2441.250,2802.750,2542.796
2344.806,2909.950,2771.675,2946.133,2878.875,2718.600,2700.024,2601.889,2457.722,2777.167,2531.222
2357.333,2904.900,2774.025,2931.267,2883.656,2741.500,2693.833,2600.417,2461.222,2776.333,2536.667
2356.250,2907.400,2760.750,2930.000,2873.250,2733.950,2680.976,2594.972,2458.917,2778.194,2541.704
2358.333,2883.800,2751.875,2915.133,2877.719,2723.250,2686.667,2594.833,2456.806,2763.472,2523.815
2363.000,2882.550,2756.225,2915.967,2846.062,2717.150,2682.833,2593.556,2443.889,2751.111,2523.611
2351.111,2881.250,2747.850,2890.633,2836.625,2720.300,2676.048,2594.417,2444.194,2740.333,2510.926
2346.667,2858.850,2746.475,2881.700,2842.656,2727.000,2671.738,2590.000,2428.694,2729.500,2508.944
2349.778,2872.050,2728.525,2889.300,2843.562,2727.800,2663.976,2584.333,2431.889,2713.750,2511.537
2346.083,2858.550,2738.150,2886.933,2839.031,2707.750,2674.000,2589.778,2438.167,2700.611,2495.907
2341.333,2865.400,2720.775,2873.800,2829.969,2716.400,2661.024,2588.861,2419.472,2691.333,2482.000
2328.917,2839.100,2727.150,2870.500,2847.344,2710.050,2658.357,2566.611,2418.056,2692.361,2476.185
2324.972,2854.600,2732.675,2893.700,2819.031,2703.350,2655.143,2578.278,2430.667,2668.028,2474.833
2329.417,2848.000,2725.150,2863.467,2813.125,2717.550,2643.500,2569.056,2422.222,2690.833,2497.111
2340.833,2820.200,2717.425,2859.600,2807.062,2698.400,2627.286,2578.833,2421.167,2709.500,2503.296
2345.472,2818.400,2708.450,2847.500,2810.406,2704.650,2649.238,2579.444,2432.250,2723.611,2516.963
2349.194,2817.350,2718.050,2882.233,2830.812,2683.100,2638.190,2579.417,2424.361,2757.889,2518.130
2355.944,2846.900,2725.075,2876.000,2820.125,2709.450,2660.238,2588.889,2437.917,2765.361,2513.333
2360.861,2829.900,2736.825,2909.667,2837.875,2712.200,2671.476,2573.528,2438.472,2780.833,2539.315
2350.917,2871.100,2749.300,2910.767,2845.188,2725.350,2684.262,2587.556,2431.111,2792.500,2527.481
2353.139,2909.700,2748.225,2924.733,2864.562,2721.900,2682.143,2593.056,2441.333,2789.889,2540.926
2346.750,2894.200,2766.050,2942.100,2860.000,2723.450,2685.572,2590.583,2452.306,2781.806,2530.019
2339.306,2912.200,2762.500,2912.867,2882.312,2734.350,2711.833,2584.139,2447.472,2798.833,2531.981
2345.528,2915.650,2759.900,2913.767,2883.500,2736.050,2707.000,2583.944,2482.778,2815.250,2532.963
2343.417,2915.300,2754.175,2944.533,2860.531,2759.800,2696.238,2585.194,2446.806,2813.028,2523.907
2351.083,2912.850,2767.700,2919.267,2873.031,2736.900,2675.762,2592.611,2456.389,2768.389,2528.037
2355.167,2905.600,2763.950,2933.133,2853.250,2717.200,2681.190,2577.889,2454.472,2751.833,2520.074
2344.611,2870.600,2748.925,2921.100,2847.781,2741.350,2693.405,2574.667,2458.694,2762.667,2522.519
2350.417,2897.750,2753.475,2901.533,2842.375,2738.200,2673.428,2594.611,2433.083,2756.389,2515.648
2335.917,2870.500,2748.575,2906.167,2837.375,2732.400,2680.762,2578.111,2435.028,2725.806,2512.222
2340.917,2883.700,2739.075,2869.033,2837.156,2706.500,2669.905,2562.083,2431.250,2719.278,2504.741
2330.972,2877.100,2717.925,2885.700,2828.844,2713.650,2664.072,2560.611,2439.111,2699.222,2502.648
2325.833,2866.100,2728.850,2888.300,2829.875,2695.500,2655.167,2556.306,2419.611,2698.028,2474.519
2341.389,2853.300,2724.275,2876.167,2833.188,2709.250,2658.452,2555.694,2424.722,2686.889,2468.778
2328.306,2867.400,2711.275,2865.067,2816.438,2689.050,2647.690,2559.056,2428.889,2663.722,2467.685
2325.556,2839.000,2712.050,2864.433,2816.594,2712.600,2640.262,2548.167,2404.722,2651.194,2463.944
2333.750,2813.450,2704.525,2857.800,2819.312,2705.950,2647.095,2574.333,2411.056,2670.417,2489.611
2337.222,2818.300,2700.175,2850.133,2792.938,2691.100,2654.238,2558.750,2414.889,2665.917,2477.574
2323.500,2839.050,2686.500,2839.567,2819.562,2701.400,2635.690,2547.083,2416.833,2656.583,2476.870
2333.722,2821.050,2705.975,2849.900,2822.625,2691.650,2638.857,2548.278,2431.111,2688.000,2487.833
2345.111,2823.550,2714.025,2872.633,2787.219,2671.900,2634.572,2562.611,2419.194,2714.806,2502.796
2347.889,2815.100,2724.375,2883.700,2797.406,2701.300,2650.714,2571.833,2419.222,2723.611,2513.241
2334.167,2855.400,2728.250,2887.467,2805.500,2716.550,2672.738,2567.556,2432.917,2756.417,2516.481
2352.472,2873.600,2743.500,2878.767,2808.219,2693.050,2669.000,2571.389,2435.722,2729.861,2523.056
2351.444,2882.750,2744.875,2894.700,2829.656,2721.350,2670.167,2569.889,2436.917,2762.722,2517.537
2350.917,2871.350,2746.525,2918.100,2832.844,2732.550,2683.072,2582.778,2443.528,2760.583,2540.333
2353.556,2911.850,2741.175,2923.767,2838.000,2722.300,2688.024,2556.333,2431.417,2765.306,2528.815
2358.861,2929.750,2748.750,2904.567,2836.812,2719.550,2692.000,2564.861,2420.889,2771.389,2521.389
2343.944,2887.150,2757.300,2913.800,2842.219,2719.300,2672.143,2562.694,2425.889,2765.361,2525.870
2353.306,2906.200,2768.025,2917.800,2833.812,2725.400,2682.738,2585.500,2453.750,2764.778,2531.389
2345.750,2884.400,2734.075,2912.967,2837.031,2744.350,2687.357,2566.806,2443.139,2743.583,2515.759
2350.917,2852.800,2760.825,2908.633,2835.125,2729.450,2678.476,2574.389,2448.917,2745.167,2511.130
2353.056,2895.000,2740.050,2893.767,2833.125,2718.850,2658.262,2570.389,2431.528,2723.611,2508.278
2343.056,2881.200,2733.925,2890.767,2845.688,2726.800,2667.428,2557.722,2443.250,2740.778,2532.574
2351.139,2865.700,2746.425,2879.433,2810.469,2718.050,2666.333,2568.611,2432.528,2713.361,2511.630
2336.444,2863.900,2731.300,2866.500,2816.406,2698.550,2660.262,2554.750,2417.667,2707.944,2506.056
2337.444,2863.250,2731.850,2863.867,2813.562,2724.650,2660.167,2555.639,2439.556,2689.028,2492.907
2340.111,2843.550,2714.300,2861.000,2808.312,2698.250,2654.690,2543.194,2424.028,2676.694,2488.185
2339.917,2854.950,2704.600,2866.467,2811.312,2712.000,2655.024,2575.472,2418.306,2659.722,2487.944
2322.639,2822.050,2711.075,2869.167,2799.969,2704.350,2641.833,2545.556,2410.222,2654.083,2477.926
2336.000,2831.400,2711.225,2855.833,2812.688,2673.100,2626.476,2538.278,2411.222,2664.167,2494.519
2332.361,2817.500,2699.800,2826.467,2774.219,2700.650,2639.738,2543.278,2418.639,2638.889,2482.148
2329.667,2803.500,2693.000,2840.733,2790.438,2678.000,2629.072,2536.528,2400.694,2646.028,2481.222
2338.972,2816.950,2694.525,2824.700,2784.188,2682.300,2642.786,2530.889,2405.611,2668.333,2501.056
2340.083,2834.200,2700.125,2848.033,2790.531,2710.650,2626.190,2555.833,2415.750,2691.694,2507.426
2349.306,2818.050,2704.475,2859.767,2781.562,2685.500,2638.381,2537.833,2425.778,2711.417,2515.630
2341.056,2836.950,2738.075,2864.533,2808.094,2678.300,2649.619,2547.944,2422.083,2733.083,2510.074
2351.694,2843.950,2712.775,2880.433,2814.250,2705.350,2661.310,2562.667,2436.222,2755.611,2520.426
2354.417,2853.800,2742.150,2906.067,2821.812,2689.400,2655.928,2549.333,2452.389,2732.167,2519.556
2350.528,2879.150,2745.450,2887.633,2811.344,2673.650,2669.000,2574.167,2445.778,2739.778,2534.981
2357.417,2888.500,2752.500,2905.667,2827.719,2718.550,2664.072,2547.444,2438.528,2763.167,2532.500
2362.417,2887.950,2747.650,2895.100,2826.656,2721.550,2662.690,2558.056,2436.778,2761.194,2536.093
2351.583,2874.800,2752.275,2909.867,2832.125,2709.900,2678.024,2568.611,2436.306,2755.667,2528.296
2352.944,2882.600,2749.850,2901.300,2816.844,2688.100,2670.167,2563.028,2429.333,2753.833,2520.519
2351.861,2846.950,2750.750,2902.267,2821.312,2726.950,2677.928,2556.583,2439.556,2760.167,2516.019
2339.389,2856.950,2739.350,2885.733,2804.719,2704.700,2661.333,2543.500,2423.694,2718.944,2518.352
2328.444,2850.900,2732.500,2868.600,2783.344,2716.350,2647.643,2552.889,2428.667,2722.306,2517.426
2340.333,2868.300,2740.375,2865.900,2825.000,2700.500,2658.833,2547.417,2431.167,2720.667,2511.074
2352.972,2838.000,2731.150,2875.433,2807.375,2689.300,2654.976,2547.167,2422.806,2715.417,2502.593
2337.583,2816.350,2731.050,2870.000,2802.625,2703.400,2648.905,2543.500,2413.750,2691.028,2490.833
2340.139,2828.700,2717.900,2873.600,2803.000,2690.050,2652.405,2540.222,2419.806,2674.167,2486.611
2343.111,2833.800,2704.675,2832.800,2773.250,2691.250,2636.476,2542.167,2395.667,2683.528,2485.667
2325.750,2840.850,2725.150,2831.800,2775.688,2677.950,2633.667,2539.139,2425.056,2663.667,2476.815
2330.417,2812.500,2691.125,2848.667,2791.875,2692.850,2624.952,2532.889,2430.306,2642.444,2474.981
2316.417,2812.000,2702.025,2818.767,2765.844,2670.700,2624.286,2536.083,2408.417,2637.361,2465.556
2334.389,2803.300,2677.175,2828.667,2793.406,2708.550,2613.333,2534.806,2409.583,2637.361,2465.093
2336.139,2805.200,2694.800,2820.467,2753.125,2675.950,2619.024,2530.583,2408.333,2644.361,2479.519
2346.833,2798.450,2697.300,2834.467,2776.844,2674.050,2631.262,2531.250,2426.028,2666.000,2498.241
2348.333,2790.900,2707.325,2818.033,2768.188,2680.700,2626.428,2533.944,2422.111,2696.167,2507.426
2344.750,2802.550,2722.525,2847.700,2779.875,2683.000,2636.048,2537.389,2439.361,2688.194,2509.130
2332.417,2812.450,2706.475,2849.400,2779.344,2684.300,2656.857,2548.417,2414.667,2708.500,2511.463
2340.194,2802.000,2709.400,2866.900,2795.125,2695.700,2656.024,2527.056,2420.472,2709.500,2525.019
2334.611,2829.000,2718.300,2857.067,2802.312,2706.150,2652.000,2535.806,2432.972,2726.222,2516.574
2334.444,2839.450,2711.125,2887.667,2813.438,2674.650,2654.167,2537.472,2434.333,2729.889,2528.093
2347.278,2862.750,2729.475,2870.833,2804.594,2717.200,2662.690,2551.806,2420.333,2750.556,2525.167
2355.500,2852.750,2738.800,2879.133,2806.562,2697.950,2651.024,2543.750,2434.444,2735.972,2527.407
2353.111,2873.800,2744.050,2875.467,2798.469,2694.950,2675.572,2529.333,2437.833,2741.917,2526.722
2348.500,2860.600,2729.050,2880.767,2810.969,2717.900,2656.619,2537.028,2433.278,2730.306,2517.074
2350.556,2840.750,2730.875,2873.867,2810.062,2685.100,2652.738,2541.028,2419.806,2722.278,2510.852
2340.583,2825.700,2734.525,2879.467,2799.625,2698.850,2666.928,2544.667,2426.972,2729.750,2517.704
2343.583,2847.600,2725.900,2865.233,2780.750,2709.750,2653.238,2537.250,2425.056,2707.056,2514.463
2343.917,2827.900,2718.725,2845.467,2808.500,2691.450,2658.714,2530.167,2428.000,2699.861,2505.093
2325.750,2820.500,2720.125,2871.867,2779.062,2740.600,2655.333,2537.389,2422.778,2701.750,2497.722
2346.556,2831.050,2712.950,2829.600,2806.406,2700.900,2636.500,2533.917,2417.556,2670.972,2495.130
2329.694,2828.200,2697.425,2847.767,2778.969,2704.200,2623.167,2531.083,2424.556,2661.861,2485.833
2326.361,2817.650,2699.700,2836.133,2778.406,2682.750,2637.572,2538.111,2408.083,2655.167,2462.426
2326.389,2789.650,2694.775,2822.000,2766.688,2688.900,2641.905,2534.111,2412.083,2665.667,2456.352
2317.222,2786.600,2697.875,2825.600,2781.406,2685.800,2631.286,2532.111,2412.333,2637.861,2464.833
2328.722,2779.100,2683.225,2808.100,2774.531,2682.850,2635.048,2529.333,2418.250,2641.139,2456.556
2330.528,2800.500,2686.200,2813.533,2749.688,2675.350,2620.881,2533.028,2419.417,2635.000,2485.500
2339.639,2796.950,2680.375,2807.133,2755.344,2665.900,2628.428,2523.833,2408.278,2642.889,2467.778
2336.694,2789.500,2692.075,2798.733,2766.062,2673.850,2614.000,2531.778,2398.806,2643.500,2479.241
2330.917,2774.550,2695.675,2808.433,2759.625,2682.700,2622.167,2522.194,2411.167,2666.028,2493.019
2337.694,2798.200,2689.925,2824.933,2760.281,2688.850,2617.667,2544.722,2411.028,2693.083,2494.426
2341.056,2786.300,2700.300,2838.067,2764.625,2707.500,2635.333,2529.667,2436.944,2709.194,2514.111
2338.861,2812.450,2702.450,2834.467,2788.531,2680.300,2631.286,2526.889,2420.528,2706.306,2502.556
2343.556,2819.600,2717.225,2856.033,2783.125,2685.050,2632.857,2535.528,2418.667,2716.056,2515.370
2350.333,2795.950,2729.850,2864.200,2782.938,2698.150,2640.643,2528.417,2430.889,2715.389,2502.907
2346.083,2801.550,2731.975,2870.567,2796.594,2716.300,2644.786,2545.806,2432.667,2739.944,2507.630
2327.611,2788.900,2729.575,2857.767,2799.125,2702.550,2642.095,2534.722,2424.750,2733.778,2501.593
2341.500,2832.300,2729.450,2853.633,2795.344,2665.400,2642.762,2540.500,2420.528,2728.472,2522.019
2351.056,2811.100,2722.175,2870.600,2797.625,2686.400,2646.405,2532.833,2435.028,2745.639,2509.111
2340.194,2810.900,2723.025,2846.367,2795.000,2686.050,2653.905,2535.500,2424.556,2717.778,2502.037
2334.889,2810.500,2707.800,2836.767,2793.812,2668.450,2632.357,2544.222,2424.056,2694.028,2508.019
2326.722,2785.150,2718.975,2857.433,2810.594,2678.700,2649.810,2528.778,2428.167,2686.333,2501.333
2329.722,2812.350,2716.725,2851.133,2779.969,2705.850,2630.524,2537.917,2423.167,2687.500,2500.444
2322.139,2789.350,2727.925,2843.167,2783.312,2692.100,2650.786,2526.250,2419.167,2672.639,2505.333
2337.889,2789.800,2703.000,2824.033,2782.625,2701.600,2626.357,2528.833,2413.583,2673.750,2481.148
2314.917,2780.300,2715.025,2836.367,2767.062,2681.550,2621.667,2535.333,2423.583,2657.306,2475.426
2323.444,2783.050,2695.850,2829.067,2787.344,2675.800,2608.833,2539.056,2413.167,2648.583,2457.185
2328.111,2754.250,2700.375,2800.367,2767.219,2688.100,2612.952,2524.361,2404.222,2633.444,2451.296
2329.583,2783.700,2686.650,2808.333,2784.156,2689.850,2603.881,2522.167,2388.556,2636.083,2457.130
2320.750,2747.700,2689.475,2822.900,2763.750,2668.900,2607.690,2529.444,2403.417,2615.694,2457.648
2316.750,2769.100,2674.075,2786.867,2756.000,2659.900,2613.405,2528.889,2399.167,2629.528,2473.574
2325.361,2765.250,2683.600,2795.767,2776.969,2667.800,2595.833,2520.306,2413.083,2622.083,2486.019
2319.778,2737.750,2675.450,2798.367,2753.625,2666.950,2618.286,2517.139,2412.000,2631.611,2479.667
2325.417,2756.500,2679.950,2796.633,2772.281,2656.800,2598.667,2523.667,2397.806,2649.722,2486.481
2325.889,2736.400,2685.425,2833.900,2762.031,2679.300,2609.857,2525.194,2426.028,2669.750,2487.500
2317.944,2765.650,2688.325,2830.633,2763.594,2677.450,2614.810,2518.472,2409.361,2674.361,2501.630
2338.250,2772.000,2688.575,2831.933,2780.594,2653.900,2618.881,2518.000,2427.472,2697.722,2507.648
2322.056,2778.400,2700.225,2835.567,2778.781,2700.100,2617.286,2528.639,2418.528,2695.917,2501.241
2337.556,2796.500,2695.450,2849.833,2793.781,2698.800,2633.190,2529.639,2417.778,2699.500,2502.685
2330.306,2772.300,2699.575,2849.133,2779.438,2687.550,2617.714,2521.167,2413.444,2699.361,2520.407
2351.333,2787.450,2702.950,2843.833,2784.469,2704.600,2622.667,2535.639,2427.972,2690.722,2502.056
2335.944,2813.350,2706.425,2834.600,2776.688,2671.300,2629.524,2515.250,2427.556,2711.694,2501.148
2321.444,2791.850,2710.050,2849.200,2794.750,2704.250,2634.762,2536.056,2435.194,2694.722,2506.148
2328.333,2786.150,2703.875,2827.833,2778.469,2699.200,2631.548,2524.250,2440.889,2675.944,2500.315
2328.167,2801.000,2707.350,2826.700,2778.812,2661.100,2621.952,2527.861,2419.083,2669.500,2502.037
2327.639,2784.600,2684.100,2822.467,2795.625,2694.650,2608.786,2520.556,2429.917,2650.417,2499.537
2342.194,2779.700,2694.250,2836.067,2779.438,2709.000,2621.857,2522.306,2404.889,2663.389,2495.852
2335.417,2759.800,2698.650,2809.900,2776.750,2686.400,2609.000,2505.861,2406.583,2672.472,2501.685
2338.111,2763.000,2698.075,2814.767,2779.031,2658.000,2605.643,2514.333,2417.000,2648.167,2484.278
2331.611,2762.800,2692.150,2816.633,2766.688,2696.900,2628.262,2513.194,2408.500,2647.028,2476.389
2319.111,2734.350,2682.400,2815.067,2772.406,2667.600,2615.262,2529.083,2426.750,2641.778,2471.519
2316.167,2752.150,2666.600,2789.767,2760.875,2660.300,2608.024,2515.861,2418.833,2626.556,2467.907
2317.139,2730.350,2681.325,2797.100,2750.844,2658.800,2597.238,2521.806,2414.722,2605.806,2456.037
2318.694,2751.500,2675.975,2789.733,2769.250,2655.200,2607.952,2517.611,2392.000,2625.028,2457.000
2307.528,2741.200,2667.675,2779.267,2763.156,2664.800,2589.881,2528.083,2397.083,2600.472,2445.741
2312.194,2728.850,2658.250,2777.900,2750.438,2642.750,2594.428,2516.167,2399.889,2608.639,2456.093
2330.667,2727.750,2659.175,2760.067,2731.031,2677.150,2598.786,2517.278,2412.417,2635.306,2455.389
2325.167,2734.450,2665.550,2779.933,2772.406,2660.550,2579.072,2513.250,2400.806,2617.556,2485.759
2332.917,2737.200,2665.075,2776.433,2779.344,2664.500,2586.238,2517.444,2395.694,2632.333,2480.926
2328.111,2747.150,2673.600,2808.367,2765.406,2659.250,2595.143,2531.667,2408.250,2668.028,2491.796
2318.222,2753.150,2664.700,2812.167,2760.844,2665.100,2588.976,2503.278,2409.500,2664.444,2498.426
2322.806,2753.650,2692.925,2792.533,2756.875,2649.650,2603.167,2523.583,2400.861,2686.389,2491.352
2324.278,2731.800,2702.100,2815.233,2770.469,2676.200,2613.524,2514.722,2421.917,2678.917,2511.037
2330.694,2785.750,2695.725,2809.600,2786.938,2663.600,2613.095,2529.472,2423.000,2690.889,2499.352
2318.583,2766.700,2685.475,2822.900,2793.531,2681.450,2608.572,2525.528,2424.389,2695.917,2504.870
2337.000,2769.950,2695.050,2808.533,2783.000,2679.800,2626.095,2518.278,2411.167,2694.639,2506.389
2321.556,2772.950,2709.475,2819.300,2779.688,2689.650,2621.167,2530.333,2440.250,2700.611,2510.204
2324.861,2764.100,2695.425,2828.700,2783.938,2684.950,2622.238,2526.889,2422.806,2685.861,2497.037
2313.694,2759.850,2691.150,2802.467,2771.688,2678.650,2602.524,2533.417,2419.250,2681.222,2505.926
2318.111,2743.200,2681.400,2795.233,2791.906,2667.600,2598.714,2538.194,2417.917,2679.194,2496.611
2318.361,2770.350,2684.350,2801.967,2779.031,2655.400,2600.905,2521.833,2399.806,2663.389,2490.778
2315.194,2767.500,2682.625,2789.833,2778.188,2677.100,2609.310,2525.167,2404.944,2648.861,2483.000
2313.333,2751.500,2665.425,2799.500,2782.375,2670.700,2593.690,2523.833,2410.472,2650.861,2455.926
2306.500,2762.850,2676.175,2795.600,2758.969,2668.550,2605.333,2528.722,2411.528,2634.083,2468.907
2314.833,2725.900,2667.525,2783.900,2742.000,2639.450,2597.714,2524.417,2407.306,2622.306,2464.796
2317.194,2735.550,2666.100,2773.100,2740.656,2657.750,2600.524,2529.056,2402.111,2624.056,2460.852
2300.444,2734.150,2658.500,2771.533,2743.344,2649.800,2580.738,2495.028,2410.306,2606.639,2456.352
2312.806,2720.700,2667.725,2769.600,2742.906,2675.550,2584.905,2521.611,2398.611,2616.417,2448.759
2307.278,2699.550,2657.025,2772.267,2735.375,2646.700,2573.333,2517.528,2401.333,2617.556,2448.074
2313.861,2723.700,2656.275,2771.000,2760.844,2657.300,2572.548,2518.528,2404.250,2605.972,2462.259
2304.500,2707.650,2660.650,2771.967,2740.312,2638.700,2572.714,2514.694,2385.167,2618.750,2466.426
2306.472,2713.150,2645.450,2761.467,2735.438,2666.000,2570.214,2525.333,2400.639,2630.528,2479.852
2310.139,2715.650,2668.550,2769.867,2741.781,2655.500,2583.048,2516.917,2414.694,2641.639,2473.148
2322.611,2732.900,2688.275,2810.633,2755.688,2648.600,2586.595,2516.194,2410.222,2659.444,2486.241
2313.889,2735.400,2685.875,2792.300,2763.844,2672.900,2591.119,2507.333,2414.139,2645.944,2489.852
2291.417,2751.100,2674.850,2793.633,2759.438,2683.850,2589.428,2519.556,2410.278,2643.139,2485.259
2308.778,2759.200,2702.400,2804.267,2758.719,2680.800,2595.357,2513.167,2425.611,2655.333,2509.148
2317.139,2743.550,2665.025,2802.833,2764.000,2672.200,2600.286,2518.944,2414.111,2661.917,2495.056
2313.361,2765.550,2678.225,2815.900,2771.906,2663.250,2608.738,2515.861,2409.000,2674.833,2498.333
2307.667,2733.650,2682.450,2818.900,2767.375,2660.750,2604.738,2517.833,2414.806,2673.833,2487.630
2309.222,2722.600,2692.550,2784.000,2780.375,2662.200,2595.952,2534.694,2404.500,2668.722,2496.778
2314.806,2759.300,2686.700,2791.367,2756.250,2695.000,2610.595,2529.417,2417.861,2667.500,2486.963
2304.694,2764.400,2678.800,2808.067,2768.781,2655.800,2599.786,2528.833,2408.694,2659.444,2485.093
2297.917,2753.000,2680.450,2792.700,2754.125,2650.950,2594.500,2532.528,2418.444,2637.806,2482.648
2310.778,2730.050,2673.850,2801.233,2760.531,2657.600,2580.786,2523.944,2407.361,2643.861,2480.796
2311.417,2737.300,2673.975,2782.200,2754.094,2650.300,2587.452,2518.028,2402.611,2626.528,2474.037
2313.806,2742.250,2669.900,2758.700,2761.250,2650.700,2605.405,2507.722,2407.833,2615.361,2470.870
2300.833,2722.550,2666.400,2779.633,2757.000,2654.600,2578.072,2522.278,2382.306,2619.278,2455.389
2305.389,2728.400,2660.850,2778.500,2759.219,2640.900,2581.548,2515.222,2396.083,2601.861,2442.352
2292.750,2697.100,2661.575,2777.300,2732.781,2662.150,2564.690,2518.194,2398.361,2586.083,2453.037
2292.917,2699.150,2653.550,2772.200,2740.750,2649.350,2572.881,2523.667,2395.472,2589.111,2437.704
2313.444,2697.500,2662.375,2776.633,2747.906,2653.600,2551.928,2497.861,2386.056,2593.222,2437.130
2303.361,2702.800,2669.825,2757.367,2752.281,2643.350,2568.881,2506.333,2391.556,2593.333,2446.296
2304.194,2703.900,2654.100,2752.633,2736.562,2627.200,2563.167,2512.750,2375.306,2592.333,2459.574
2302.917,2709.600,2659.350,2778.467,2736.094,2616.500,2567.143,2497.861,2408.556,2600.528,2454.019
2313.417,2693.450,2655.800,2757.033,2745.594,2644.850,2558.548,2506.278,2390.667,2595.111,2462.593
2316.167,2724.600,2659.225,2771.333,2728.812,2647.900,2576.738,2514.917,2398.306,2640.028,2462.222
2318.833,2711.400,2664.250,2781.000,2744.219,2654.550,2575.095,2505.194,2397.111,2648.583,2468.315
2311.611,2712.350,2684.175,2797.267,2726.688,2645.450,2576.428,2508.250,2409.889,2652.833,2481.204
2305.750,2717.950,2677.400,2802.833,2738.750,2649.800,2585.452,2517.306,2410.972,2679.083,2479.352
2315.972,2715.500,2664.425,2796.700,2757.531,2650.950,2601.405,2520.111,2403.944,2666.528,2483.241
2317.500,2733.400,2683.150,2790.967,2742.219,2676.050,2591.690,2523.083,2424.750,2693.583,2485.370
2313.528,2716.100,2679.925,2807.900,2755.156,2652.400,2593.714,2514.556,2417.472,2667.778,2483.519
2322.806,2705.300,2681.950,2792.433,2743.188,2653.850,2579.857,2516.417,2410.361,2676.361,2480.907
2318.167,2727.100,2675.025,2788.267,2751.031,2640.500,2580.072,2505.000,2411.111,2676.028,2481.259
2308.722,2724.200,2673.200,2804.467,2751.094,2651.000,2574.905,2510.472,2399.639,2655.389,2481.685
2314.250,2717.450,2676.925,2785.933,2738.062,2639.900,2595.024,2519.528,2410.139,2680.639,2473.667
2329.667,2725.100,2682.825,2784.600,2756.469,2639.800,2578.928,2514.833,2405.944,2651.056,2476.963
2301.722,2733.700,2663.775,2802.200,2759.656,2668.900,2575.738,2521.778,2392.861,2640.528,2460.963
2317.333,2709.050,2668.600,2769.633,2750.938,2643.350,2578.619,2526.889,2396.889,2629.028,2450.130
2298.639,2721.950,2647.225,2756.833,2742.281,2643.100,2572.333,2523.194,2376.472,2616.472,2465.037
2311.139,2688.150,2648.975,2763.833,2740.656,2651.850,2555.500,2500.583,2388.917,2622.167,2458.333
2288.194,2704.400,2656.225,2762.733,2716.625,2632.900,2563.976,2507.528,2397.028,2606.194,2436.370
2306.778,2684.300,2654.850,2756.467,2727.750,2642.800,2559.738,2509.083,2389.611,2587.306,2425.981
2294.722,2712.250,2665.525,2765.300,2742.156,2661.800,2555.905,2502.778,2392.750,2588.500,2431.537
2296.889,2690.150,2654.125,2745.933,2728.062,2630.500,2565.524,2502.417,2388.750,2597.917,2442.741
2284.417,2679.550,2653.500,2750.000,2733.219,2654.700,2547.214,2495.556,2389.194,2591.556,2436.537
2302.361,2687.400,2645.675,2732.033,2734.219,2635.450,2552.572,2498.361,2371.361,2599.806,2438.000
2292.306,2686.350,2656.100,2749.867,2707.156,2633.800,2549.833,2501.694,2392.417,2603.222,2456.037
2304.806,2689.050,2658.975,2737.600,2722.062,2633.950,2550.167,2508.222,2400.083,2615.972,2455.185
2286.917,2700.400,2658.025,2759.067,2715.625,2653.950,2548.524,2509.861,2398.528,2627.556,2479.889
2299.500,2674.450,2661.700,2774.367,2728.562,2670.900,2562.952,2504.972,2397.333,2650.056,2474.630
2308.889,2697.550,2655.550,2791.500,2737.781,2657.800,2568.952,2513.972,2388.639,2650.833,2479.074
2300.972,2701.700,2662.100,2775.400,2747.406,2652.800,2575.190,2526.833,2399.194,2651.833,2474.222
2308.972,2726.800,2669.500,2800.033,2736.219,2634.950,2565.190,2520.194,2394.056,2659.722,2486.296
2312.833,2717.450,2672.850,2775.967,2736.594,2642.200,2577.690,2516.917,2407.444,2668.833,2478.870
2307.000,2730.200,2680.825,2786.267,2738.969,2655.000,2575.119,2516.583,2418.944,2666.000,2478.833
2305.889,2719.350,2685.825,2775.433,2742.719,2654.450,2582.714,2503.639,2401.833,2666.083,2468.926
2302.306,2735.700,2672.725,2784.600,2746.969,2645.000,2590.286,2504.389,2403.694,2658.444,2475.296
2304.639,2726.000,2667.875,2760.567,2740.938,2661.900,2584.619,2516.528,2400.167,2656.833,2476.481
2289.250,2700.850,2669.500,2800.733,2736.375,2669.200,2566.428,2513.111,2398.750,2670.333,2472.704
2299.556,2712.450,2674.775,2759.833,2750.594,2651.350,2574.738,2503.722,2407.139,2647.472,2474.500
2297.556,2719.500,2664.475,2756.600,2744.281,2638.100,2557.905,2501.694,2411.056,2629.361,2454.889
2296.444,2703.000,2657.850,2765.933,2746.281,2645.500,2569.333,2506.583,2394.111,2628.528,2463.944
2292.806,2697.400,2664.000,2767.000,2748.531,2634.100,2555.333,2520.111,2400.806,2620.583,2446.315
2295.667,2707.300,2649.150,2756.767,2733.688,2616.050,2557.190,2498.194,2396.250,2603.806,2437.185
2304.583,2692.850,2655.675,2757.867,2713.719,2634.150,2558.214,2497.750,2384.556,2579.278,2431.056
2266.833,2678.900,2649.575,2758.167,2727.094,2628.200,2555.048,2510.917,2394.750,2576.333,2434.611
2284.250,2692.900,2636.025,2755.500,2725.812,2627.000,2545.786,2498.972,2376.694,2569.222,2428.722
2286.611,2697.550,2637.325,2746.967,2713.562,2631.850,2540.476,2495.333,2371.944,2564.639,2442.759
2285.806,2681.800,2640.525,2758.033,2717.969,2628.900,2530.333,2485.056,2385.000,2588.167,2423.593
2278.194,2690.500,2636.575,2735.533,2724.969,2625.950,2549.619,2492.250,2391.722,2573.000,2438.296
2271.639,2676.200,2628.175,2725.267,2715.906,2648.900,2546.833,2486.500,2375.361,2582.194,2431.259
2289.611,2659.300,2645.100,2740.067,2704.656,2634.350,2536.595,2492.583,2396.889,2599.667,2438.093
2289.944,2662.900,2637.300,2751.367,2719.031,2641.750,2536.976,2495.833,2381.722,2600.500,2446.222
2300.028,2678.450,2645.550,2751.233,2722.688,2629.650,2546.024,2497.750,2389.917,2627.361,2456.741
2296.806,2679.900,2652.225,2772.900,2724.969,2640.450,2561.238,2500.417,2390.944,2626.556,2464.704
2293.000,2686.750,2645.125,2766.000,2730.625,2629.000,2559.310,2504.583,2395.306,2643.444,2480.296
2290.972,2672.900,2654.200,2773.167,2739.906,2653.400,2571.119,2498.444,2380.083,2633.583,2474.870
2293.861,2706.700,2666.425,2767.200,2729.969,2644.550,2561.714,2494.972,2391.389,2647.417,2475.926
2295.306,2707.950,2662.875,2791.167,2727.875,2641.750,2575.714,2498.583,2386.250,2647.167,2470.389
2290.278,2716.000,2652.475,2769.867,2715.469,2636.000,2568.167,2508.778,2393.583,2662.583,2477.944
2291.361,2712.250,2666.900,2774.833,2725.000,2640.300,2578.310,2489.889,2402.222,2660.083,2479.037
2285.333,2706.800,2658.600,2766.200,2745.062,2655.200,2567.762,2497.222,2402.000,2646.611,2471.148
2288.556,2721.550,2655.925,2752.100,2737.000,2652.600,2565.428,2498.833,2393.139,2647.361,2464.852
2294.389,2717.600,2652.550,2755.600,2745.625,2649.900,2570.452,2499.444,2398.889,2621.972,2464.111
2284.389,2709.150,2661.575,2764.900,2729.000,2643.500,2564.167,2510.722,2393.750,2619.556,2454.741
2278.917,2698.700,2651.675,2763.833,2740.656,2637.600,2563.381,2497.861,2394.528,2594.972,2456.111
2302.722,2707.200,2636.000,2758.500,2716.500,2633.550,2549.119,2519.583,2384.972,2590.861,2435.630
2288.167,2687.850,2634.350,2747.933,2728.375,2622.500,2548.928,2504.167,2371.306,2600.583,2440.852
2294.556,2662.100,2653.000,2748.233,2724.938,2641.200,2549.024,2491.972,2395.389,2580.694,2448.444
2286.111,2680.900,2650.875,2741.233,2705.438,2608.800,2545.714,2501.111,2390.861,2576.306,2428.593
2304.389,2685.200,2643.175,2740.233,2734.156,2640.300,2545.476,2498.778,2370.333,2564.028,2431.537
2274.389,2687.950,2641.075,2743.567,2712.188,2640.700,2551.333,2482.611,2376.972,2558.472,2436.370
2283.333,2677.850,2628.300,2733.833,2712.219,2609.450,2545.310,2491.083,2380.389,2581.028,2432.815
2271.500,2672.050,2630.125,2742.300,2728.719,2635.700,2528.905,2505.556,2385.444,2568.222,2436.519
2284.528,2680.300,2637.475,2738.367,2704.188,2632.900,2536.072,2489.389,2380.250,2588.889,2427.815
2289.111,2679.250,2638.025,2741.233,2716.000,2621.150,2531.738,2482.750,2375.722,2596.500,2442.926
2283.417,2667.700,2651.075,2744.000,2689.906,2639.100,2536.119,2490.389,2394.056,2590.472,2453.204
2291.861,2695.100,2645.000,2736.300,2716.500,2642.350,2544.833,2498.861,2380.833,2611.667,2464.981
2293.194,2686.650,2638.350,2767.133,2718.312,2638.100,2548.381,2499.444,2396.639,2622.889,2446.981
2288.722,2710.600,2641.325,2758.633,2722.438,2620.900,2565.238,2488.139,2396.028,2619.972,2452.259
2305.194,2708.050,2640.775,2758.367,2723.188,2655.100,2555.214,2495.889,2381.528,2636.639,2471.148
2285.222,2701.850,2651.650,2761.567,2719.625,2651.250,2567.381,2510.889,2382.528,2635.389,2466.648
2296.444,2698.550,2641.550,2769.333,2719.781,2639.500,2553.833,2482.917,2396.472,2630.139,2461.019
2286.861,2704.500,2649.375,2758.300,2730.438,2650.050,2555.738,2489.444,2394.639,2628.000,2468.389
2279.083,2712.850,2654.500,2759.700,2721.031,2663.900,2544.238,2494.750,2396.389,2612.139,2455.759
2292.083,2692.700,2640.825,2741.933,2702.875,2642.250,2541.976,2492.194,2391.111,2629.278,2463.759
2290.417,2689.950,2660.200,2740.133,2731.125,2659.400,2555.857,2498.861,2379.500,2614.694,2458.093
2286.611,2708.350,2639.800,2737.433,2729.594,2632.450,2546.357,2493.167,2383.806,2602.972,2450.796
2278.361,2702.150,2634.275,2730.467,2713.688,2641.550,2544.167,2490.278,2379.556,2605.778,2436.259
2273.306,2708.750,2643.550,2742.067,2713.656,2637.600,2529.905,2499.861,2380.389,2577.361,2445.352
2276.444,2673.150,2645.750,2740.100,2719.500,2632.400,2537.905,2494.694,2380.389,2578.806,2435.130
2276.417,2679.600,2634.050,2735.633,2704.344,2625.850,2533.381,2487.167,2385.194,2584.556,2435.111
2278.222,2668.200,2623.650,2733.567,2723.125,2644.650,2538.214,2497.833,2374.250,2568.250,2429.537
2282.389,2668.300,2628.425,2718.300,2704.188,2657.900,2536.119,2481.694,2393.306,2548.528,2424.593
2268.194,2695.500,2628.450,2727.900,2703.969,2626.300,2514.476,2478.778,2378.083,2550.028,2417.815
2275.306,2679.700,2622.900,2729.067,2700.500,2623.050,2516.595,2474.139,2386.528,2553.361,2417.370
2288.389,2663.950,2615.600,2723.500,2712.938,2623.250,2527.500,2498.944,2376.444,2566.000,2423.481
2286.000,2684.400,2614.500,2706.133,2708.438,2646.150,2525.428,2493.139,2379.472,2558.694,2437.759
2299.583,2689.950,2624.025,2722.467,2701.219,2630.550,2516.548,2484.583,2384.611,2597.250,2440.926
2285.889,2685.550,2610.500,2736.433,2722.375,2631.900,2522.786,2478.583,2365.306,2603.278,2440.593
2291.139,2689.800,2642.000,2728.100,2710.812,2627.800,2539.048,2503.472,2384.917,2609.528,2450.352
2295.222,2682.100,2627.775,2741.133,2700.719,2647.000,2524.286,2493.667,2383.500,2620.639,2447.259
2277.056,2696.200,2629.225,2737.700,2692.625,2640.100,2544.167,2498.861,2382.222,2632.944,2443.889
2283.583,2695.550,2647.350,2750.700,2709.875,2639.600,2539.595,2508.028,2399.444,2643.667,2453.630
2291.778,2693.400,2636.300,2755.167,2722.281,2662.950,2533.000,2510.583,2387.806,2658.861,2454.130
2309.583,2713.400,2647.975,2750.367,2702.625,2646.750,2549.476,2502.694,2377.083,2664.250,2462.593
2298.472,2702.750,2657.600,2755.033,2715.812,2649.400,2555.857,2503.028,2378.528,2661.694,2466.148
2298.694,2709.700,2659.450,2771.333,2708.938,2639.450,2550.095,2494.167,2403.472,2660.583,2471.611
2307.056,2710.250,2649.925,2748.600,2709.312,2651.500,2559.167,2511.389,2377.917,2666.556,2471.389
2299.194,2705.000,2653.000,2782.500,2707.406,2633.300,2555.952,2507.194,2390.556,2683.528,2464.981
2307.889,2716.500,2652.625,2764.733,2713.094,2637.150,2552.167,2510.556,2393.194,2664.306,2453.074
2294.667,2684.200,2646.350,2732.967,2713.531,2627.200,2542.667,2511.361,2383.194,2651.639,2463.833
2292.250,2704.450,2656.800,2746.567,2710.375,2617.200,2534.119,2516.389,2396.194,2656.250,2456.407
2299.917,2713.450,2659.550,2739.067,2724.812,2639.800,2535.572,2502.250,2387.361,2644.583,2450.093
2304.611,2705.800,2648.150,2755.033,2700.438,2628.500,2528.000,2502.611,2380.278,2610.889,2450.815
2305.139,2692.800,2651.050,2733.467,2703.531,2610.700,2537.143,2511.667,2387.972,2615.528,2437.185
2300.472,2685.900,2631.375,2725.967,2690.469,2632.800,2530.786,2505.306,2370.028,2621.278,2436.241
2297.222,2686.700,2633.675,2736.700,2702.469,2626.250,2529.738,2503.139,2379.444,2600.972,2432.889
2290.778,2673.500,2657.525,2742.300,2698.812,2642.250,2535.976,2500.361,2369.417,2603.889,2428.019
2296.917,2685.500,2643.300,2726.500,2698.812,2621.200,2532.286,2511.361,2381.472,2588.750,2428.241
2313.222,2690.950,2645.400,2717.367,2672.594,2635.350,2534.738,2503.778,2367.361,2611.611,2426.685
2284.528,2672.000,2641.050,2735.367,2679.156,2624.750,2526.500,2500.694,2370.250,2605.194,2435.167
2300.167,2679.900,2635.300,2738.967,2689.031,2614.900,2526.905,2509.306,2355.944,2621.806,2442.833
2303.444,2694.400,2631.475,2735.667,2690.031,2625.450,2528.238,2509.000,2375.694,2631.944,2448.352
2301.500,2683.500,2637.350,2730.133,2686.531,2627.550,2524.262,2509.056,2382.500,2654.917,2452.815
2309.389,2688.250,2648.475,2747.967,2686.375,2613.250,2536.286,2504.944,2377.833,2661.972,2458.463
2312.722,2673.450,2636.175,2765.433,2701.969,2615.950,2532.810,2504.972,2386.583,2670.083,2465.907
2317.889,2687.550,2644.575,2740.067,2686.906,2627.700,2536.310,2507.778,2375.139,2676.222,2459.204
2320.278,2683.650,2652.975,2764.033,2687.344,2613.500,2543.262,2523.583,2393.833,2670.750,2466.981
2313.694,2700.200,2661.725,2767.200,2702.500,2624.050,2545.833,2530.500,2380.083,2671.806,2487.426
2317.417,2693.450,2658.875,2751.433,2691.812,2620.850,2554.119,2513.306,2385.500,2679.000,2465.463
2332.528,2676.250,2653.125,2766.400,2712.500,2618.350,2544.786,2518.361,2394.889,2682.139,2464.944
2305.222,2697.350,2657.725,2760.167,2690.719,2623.800,2545.810,2529.472,2386.972,2687.111,2465.370
2307.694,2705.450,2656.325,2753.767,2681.688,2601.300,2545.286,2521.222,2388.056,2676.861,2468.019
2312.972,2700.150,2666.975,2740.500,2698.094,2628.050,2532.428,2528.750,2376.444,2683.250,2469.056
2322.167,2688.000,2665.775,2757.500,2690.438,2613.050,2537.810,2517.778,2382.750,2673.111,2460.833
2321.861,2673.700,2663.325,2755.967,2708.000,2619.700,2533.000,2525.056,2385.028,2646.389,2455.944
2310.833,2684.950,2639.250,2761.067,2682.469,2619.350,2549.452,2510.389,2386.528,2659.361,2457.426
2317.111,2684.600,2645.350,2740.233,2695.688,2600.650,2534.262,2526.417,2380.806,2636.944,2464.056
2312.722,2663.900,2651.825,2729.967,2693.594,2617.400,2524.119,2512.694,2374.778,2629.667,2441.593
2301.694,2683.200,2642.225,2744.067,2692.156,2597.450,2538.000,2523.611,2375.722,2619.083,2434.907
2305.917,2676.850,2634.425,2742.500,2693.281,2619.900,2531.190,2514.667,2370.639,2614.472,2430.185
2314.222,2709.550,2649.075,2739.933,2683.188,2633.650,2536.310,2518.611,2378.111,2602.583,2427.352
2312.556,2656.200,2634.550,2739.333,2687.844,2608.600,2526.333,2510.500,2376.472,2585.083,2438.704
2293.111,2677.150,2635.350,2722.000,2675.969,2610.200,2529.119,2509.472,2377.333,2600.833,2424.815
2308.528,2660.450,2636.825,2732.400,2678.156,2603.600,2524.381,2517.056,2371.500,2623.333,2445.704
2303.556,2661.650,2643.475,2739.867,2674.562,2616.300,2530.714,2521.222,2387.917,2624.778,2439.241
2316.972,2661.200,2642.900,2728.467,2682.844,2610.850,2541.524,2527.528,2384.972,2642.861,2456.204
2307.639,2664.450,2628.350,2740.933,2688.406,2627.400,2522.810,2515.972,2378.806,2646.083,2474.148
2307.972,2661.750,2635.375,2739.000,2690.000,2606.500,2532.595,2515.861,2373.306,2663.556,2466.222
2316.944,2665.400,2649.950,2737.733,2689.219,2617.100,2539.476,2515.917,2375.972,2648.556,2472.519
2323.500,2669.100,2641.650,2748.267,2677.062,2609.450,2546.286,2523.944,2386.389,2665.333,2461.148
2308.556,2669.450,2659.850,2760.033,2675.531,2618.350,2530.881,2531.306,2392.389,2675.583,2483.222
2325.750,2687.600,2661.875,2749.167,2674.094,2619.600,2545.452,2529.861,2386.889,2705.528,2472.944
2320.639,2685.350,2650.225,2750.600,2681.656,2620.950,2539.262,2532.972,2388.556,2694.306,2478.833
2322.583,2672.950,2659.550,2765.633,2701.469,2614.250,2537.190,2525.111,2379.083,2678.444,2458.130
2318.111,2658.800,2648.250,2763.133,2702.688,2608.450,2546.452,2506.417,2378.722,2686.611,2463.537
2314.972,2690.250,2650.250,2752.900,2675.688,2601.500,2547.690,2522.861,2374.000,2668.139,2468.167
2314.639,2685.450,2637.700,2741.833,2682.000,2617.100,2537.095,2520.278,2379.417,2672.972,2468.796
2316.667,2665.250,2642.900,2742.700,2684.031,2605.300,2540.143,2538.222,2390.417,2665.389,2466.796
2325.361,2669.600,2658.900,2759.900,2688.781,2610.300,2539.238,2523.306,2388.889,2680.583,2463.741
2309.944,2665.650,2644.950,2749.000,2699.344,2625.250,2525.143,2529.389,2381.806,2648.500,2445.074
2311.083,2644.400,2646.150,2756.267,2663.094,2592.400,2539.286,2524.306,2379.278,2655.611,2442.444
2312.417,2662.650,2623.650,2762.033,2681.812,2619.500,2533.190,2515.083,2364.028,2649.806,2458.167
2318.417,2658.850,2643.250,2754.433,2666.094,2610.950,2534.595,2521.194,2372.444,2634.333,2439.019
2313.611,2646.400,2642.875,2741.900,2669.156,2608.300,2527.952,2512.500,2376.250,2615.361,2437.204
2323.500,2652.700,2639.600,2734.100,2660.312,2599.700,2524.905,2503.139,2371.528,2605.250,2425.056
2318.028,2675.450,2647.175,2726.700,2660.625,2568.100,2528.881,2507.917,2386.444,2610.333,2420.926
2315.944,2653.700,2633.925,2730.600,2663.875,2616.200,2534.667,2500.167,2370.222,2601.722,2415.833
2307.889,2640.750,2642.175,2723.267,2674.250,2611.900,2514.714,2515.667,2357.333,2617.222,2426.167
2322.250,2637.550,2624.850,2740.400,2666.062,2601.150,2517.619,2521.389,2367.917,2607.500,2447.130
2323.222,2672.750,2630.300,2735.333,2682.094,2595.200,2517.405,2520.472,2370.556,2638.583,2445.296
2316.306,2655.800,2642.575,2755.100,2679.062,2597.550,2509.643,2524.778,2367.750,2640.667,2447.333
2319.917,2641.850,2648.425,2745.000,2660.469,2610.100,2515.333,2511.722,2372.000,2648.833,2468.167
2313.500,2665.550,2644.575,2748.000,2679.781,2591.100,2526.500,2515.194,2397.056,2671.278,2463.889
2321.722,2650.800,2650.775,2752.833,2666.000,2617.500,2529.357,2521.972,2385.361,2690.278,2465.222
2311.472,2635.600,2637.150,2759.267,2669.469,2615.750,2525.119,2527.944,2381.556,2669.694,2475.444
2317.417,2654.700,2652.150,2762.100,2676.094,2613.700,2536.928,2522.083,2387.444,2689.667,2474.407
2324.000,2639.650,2640.800,2767.900,2670.469,2619.150,2533.333,2521.194,2384.917,2684.917,2483.630
2313.694,2651.900,2655.975,2755.233,2657.812,2623.300,2537.262,2514.139,2374.694,2673.000,2468.907
2322.417,2633.450,2657.525,2744.533,2661.906,2585.950,2545.024,2518.417,2383.167,2695.500,2467.148
2311.139,2664.500,2657.575,2747.533,2676.906,2598.250,2528.738,2511.417,2392.167,2689.000,2468.667
2310.083,2652.050,2638.925,2758.067,2682.875,2612.250,2528.500,2532.528,2381.444,2681.194,2469.593
2322.806,2634.850,2642.950,2762.233,2657.312,2586.450,2524.357,2527.722,2381.972,2663.944,2453.296
2297.472,2628.850,2664.050,2759.900,2664.844,2607.550,2532.262,2527.944,2374.306,2661.667,2450.407
2324.444,2640.500,2651.875,2738.267,2677.562,2599.950,2525.286,2516.111,2396.083,2646.806,2454.167
2312.917,2642.550,2651.300,2743.733,2667.250,2601.750,2510.333,2527.306,2375.333,2642.611,2452.111
2305.500,2633.800,2649.950,2742.300,2666.656,2616.550,2525.714,2512.639,2379.528,2634.111,2433.759
2314.861,2639.150,2641.125,2744.267,2654.844,2561.850,2512.167,2508.694,2365.639,2609.944,2439.130
2303.833,2652.600,2636.225,2734.233,2672.750,2606.550,2518.476,2527.222,2369.194,2622.250,2427.185
2301.556,2623.100,2643.075,2730.733,2675.812,2588.150,2523.143,2526.833,2367.722,2616.500,2424.130
2305.111,2632.400,2625.550,2726.133,2646.656,2604.100,2523.500,2509.639,2370.944,2617.861,2419.556
2306.194,2615.950,2629.050,2727.267,2661.406,2589.800,2502.119,2523.833,2367.472,2625.417,2437.426
2306.639,2641.800,2635.525,2712.833,2648.062,2584.100,2507.310,2506.306,2373.917,2618.639,2432.167
2312.028,2622.450,2637.975,2736.133,2659.312,2588.000,2506.690,2506.778,2369.944,2616.972,2438.519
2321.417,2619.200,2655.100,2727.600,2652.312,2579.300,2504.500,2511.028,2363.583,2617.639,2442.056
2328.000,2619.750,2628.600,2741.367,2662.219,2608.900,2505.500,2522.722,2366.083,2637.778,2443.056
2325.472,2612.550,2642.675,2736.833,2649.406,2603.100,2525.810,2513.083,2371.778,2647.167,2468.593
2332.333,2641.300,2652.300,2747.467,2659.312,2615.000,2529.310,2517.500,2371.667,2677.139,2473.019
2323.194,2659.800,2640.325,2733.700,2656.656,2605.800,2538.405,2522.139,2366.361,2668.000,2486.611
2319.417,2664.650,2646.850,2750.700,2654.125,2607.150,2535.357,2526.472,2366.667,2673.139,2468.333
2326.278,2644.600,2645.800,2769.367,2658.312,2587.400,2518.119,2523.972,2374.472,2685.806,2471.926
2330.639,2656.400,2660.225,2747.000,2685.062,2585.200,2528.333,2518.806,2369.861,2676.833,2472.907
2333.528,2642.100,2645.350,2756.467,2669.875,2584.150,2538.762,2530.778,2367.417,2677.000,2475.019
2322.611,2646.650,2653.675,2718.400,2646.875,2607.550,2532.500,2519.056,2374.917,2688.250,2475.981
2326.639,2626.500,2637.550,2755.800,2649.438,2588.650,2521.452,2520.944,2367.333,2682.861,2472.130
2325.167,2644.100,2642.325,2752.400,2662.062,2596.700,2527.119,2516.667,2378.667,2686.722,2454.981
2321.722,2651.300,2630.700,2757.000,2649.531,2591.600,2510.762,2527.972,2370.139,2675.472,2468.963
2333.917,2622.400,2637.675,2743.333,2646.281,2582.200,2529.072,2518.083,2369.500,2652.139,2467.444
2311.944,2653.200,2638.900,2744.467,2649.875,2596.700,2522.095,2518.972,2370.806,2653.444,2451.852
2319.444,2624.350,2630.150,2740.000,2648.594,2585.600,2518.476,2520.333,2374.083,2624.500,2454.185
2318.861,2625.250,2636.850,2732.933,2642.500,2589.200,2535.214,2505.722,2369.556,2622.389,2442.444
2318.833,2633.350,2630.300,2737.600,2654.719,2583.700,2525.976,2510.222,2375.028,2634.389,2438.074
2319.306,2616.800,2622.925,2734.533,2650.594,2602.150,2524.572,2512.778,2368.139,2608.306,2438.111
2308.694,2625.450,2628.975,2738.567,2642.531,2576.950,2523.238,2516.667,2363.833,2611.528,2442.648
2316.472,2644.350,2621.700,2726.733,2649.938,2590.850,2523.548,2509.417,2370.472,2605.806,2453.019
2327.694,2614.100,2620.050,2717.233,2645.438,2577.700,2515.405,2491.639,2361.472,2610.222,2439.907
2318.639,2629.600,2637.525,2715.633,2651.031,2579.750,2526.286,2516.028,2365.861,2599.806,2432.444
2333.444,2630.650,2612.050,2711.467,2647.656,2563.200,2517.881,2512.139,2361.861,2631.861,2440.019
2317.583,2620.500,2608.825,2725.033,2631.938,2576.200,2517.357,2522.889,2365.528,2628.889,2457.796
2303.000,2613.250,2611.275,2750.167,2633.094,2584.450,2510.667,2521.750,2367.611,2629.639,2449.759
2334.167,2622.850,2619.275,2744.000,2632.500,2570.750,2511.428,2521.278,2374.306,2660.417,2460.352
2335.083,2600.300,2633.150,2729.267,2632.812,2560.500,2522.690,2517.556,2373.306,2651.528,2467.556
2326.444,2637.100,2625.550,2746.533,2646.750,2600.850,2514.690,2514.806,2378.806,2664.056,2468.500
2313.167,2608.700,2622.375,2735.067,2639.344,2586.400,2525.857,2519.194,2363.444,2668.889,2471.870
2329.472,2601.950,2638.700,2758.600,2641.938,2589.300,2531.572,2512.333,2370.472,2666.389,2473.352
2327.861,2633.850,2637.900,2752.167,2635.688,2579.750,2539.048,2512.750,2386.222,2680.861,2469.944
2324.806,2642.450,2636.075,2739.700,2655.938,2568.950,2536.024,2512.528,2365.722,2674.139,2471.056
2329.778,2612.400,2646.300,2756.800,2642.562,2577.300,2535.548,2530.389,2367.361,2668.361,2468.204
2323.722,2616.950,2638.800,2747.533,2649.875,2610.300,2523.548,2533.056,2377.278,2668.389,2460.241
2316.889,2608.000,2645.175,2747.733,2632.812,2581.750,2522.476,2517.556,2373.194,2647.667,2450.259
2321.278,2609.500,2630.425,2743.633,2643.375,2578.650,2534.762,2511.278,2364.333,2662.861,2455.778
2321.472,2630.400,2624.400,2742.433,2654.031,2586.800,2515.333,2518.083,2371.389,2658.083,2460.907
2317.444,2637.750,2621.475,2724.233,2620.250,2560.600,2522.190,2514.889,2368.583,2633.306,2448.444
2311.917,2617.100,2620.250,2759.767,2651.688,2591.400,2525.428,2519.139,2379.250,2636.139,2439.833
2303.750,2607.550,2615.925,2732.700,2642.000,2583.750,2523.714,2515.722,2365.528,2622.139,2435.667
2325.944,2621.450,2604.075,2745.267,2617.906,2571.550,2518.667,2526.611,2368.972,2616.917,2434.259
2323.028,2613.700,2622.600,2743.033,2640.812,2568.600,2517.976,2514.306,2361.833,2628.861,2438.556
2319.028,2618.100,2624.425,2729.433,2625.969,2571.950,2508.024,2524.194,2368.472,2630.889,2435.333
2315.667,2621.150,2615.750,2741.633,2642.156,2570.900,2522.381,2526.083,2360.083,2611.639,2424.259
2301.000,2622.150,2611.475,2736.100,2633.844,2573.050,2521.143,2529.528,2365.028,2610.778,2423.833
2317.556,2594.600,2605.200,2739.867,2627.969,2595.050,2513.357,2514.500,2362.056,2605.611,2428.019
2304.333,2617.900,2621.950,2727.833,2637.125,2573.700,2518.810,2529.222,2364.944,2629.528,2428.537
2326.667,2602.150,2626.925,2724.433,2650.344,2586.100,2514.428,2527.139,2362.889,2611.444,2446.093
2323.528,2598.800,2611.550,2726.667,2619.406,2572.350,2516.762,2505.361,2357.583,2631.222,2443.167
2316.333,2619.600,2619.050,2746.933,2618.094,2594.350,2518.524,2523.028,2367.639,2638.917,2461.148
2324.111,2593.550,2625.600,2717.700,2616.625,2550.500,2517.119,2512.194,2365.306,2640.028,2459.944
2315.222,2594.000,2619.625,2736.567,2626.094,2568.150,2522.476,2511.694,2363.583,2666.222,2455.019
2311.500,2625.450,2621.100,2761.133,2622.812,2570.900,2534.905,2522.028,2372.111,2659.139,2462.241
2323.000,2613.500,2611.950,2741.500,2631.250,2571.050,2551.333,2512.694,2386.250,2666.111,2462.352
2323.917,2611.850,2613.675,2744.367,2638.906,2566.150,2522.952,2524.361,2376.722,2667.444,2462.759
2320.389,2622.100,2628.825,2738.000,2650.625,2575.050,2529.310,2502.667,2367.472,2661.556,2473.370
2316.444,2607.400,2625.600,2752.867,2630.344,2571.100,2517.500,2518.889,2391.722,2668.333,2451.111
2315.167,2601.150,2621.250,2732.433,2642.219,2570.300,2521.524,2529.167,2372.278,2669.444,2446.352
2314.556,2617.700,2626.300,2743.700,2635.688,2561.000,2523.214,2511.444,2375.306,2657.944,2452.222
2306.778,2606.400,2622.275,2728.867,2651.906,2559.350,2526.024,2517.250,2372.750,2663.528,2446.852
2312.861,2611.450,2626.700,2732.000,2639.000,2580.200,2517.214,2519.028,2369.639,2638.528,2448.444
2320.083,2613.100,2623.725,2721.167,2623.188,2579.000,2523.667,2509.111,2361.500,2631.583,2441.963
2310.861,2613.350,2606.975,2724.600,2638.844,2566.550,2516.262,2518.806,2367.222,2626.250,2443.407
2323.083,2605.000,2617.800,2699.100,2635.062,2570.500,2513.810,2529.750,2357.500,2619.194,2439.981
2315.750,2606.550,2618.700,2716.000,2637.531,2577.250,2526.690,2518.000,2378.639,2610.972,2428.685
2319.667,2609.300,2609.325,2721.533,2618.312,2563.200,2522.048,2518.389,2374.000,2595.333,2423.426
2310.444,2612.950,2612.975,2687.867,2633.406,2576.050,2503.405,2507.139,2372.972,2610.556,2416.815
2329.139,2593.050,2608.775,2710.000,2629.375,2560.450,2519.738,2525.556,2362.861,2598.556,2428.556
2329.472,2599.250,2603.500,2708.900,2621.156,2570.200,2515.381,2510.222,2363.194,2590.472,2432.907
2321.361,2581.600,2615.475,2727.133,2628.281,2557.150,2516.381,2502.361,2374.556,2603.028,2417.981
2325.417,2584.250,2597.350,2695.733,2616.469,2547.350,2502.286,2523.167,2352.889,2609.583,2426.056
2321.472,2593.750,2607.725,2710.900,2615.562,2554.300,2514.738,2514.444,2374.778,2605.944,2439.167
2313.639,2593.900,2615.925,2720.567,2649.125,2571.450,2509.238,2521.028,2361.750,2623.222,2442.389
2321.139,2612.050,2608.250,2720.933,2635.562,2557.100,2525.143,2513.000,2366.611,2634.389,2455.815
2313.694,2598.600,2617.950,2731.533,2638.562,2558.500,2516.928,2519.722,2361.806,2646.000,2454.148
2332.583,2603.200,2596.975,2726.133,2647.031,2567.300,2510.143,2523.056,2370.694,2639.972,2451.926
2316.667,2618.450,2626.575,2720.733,2619.344,2580.500,2523.643,2521.722,2373.222,2655.556,2457.778
2316.667,2598.050,2624.450,2740.467,2616.719,2562.950,2523.428,2513.306,2382.806,2657.333,2470.963
2328.389,2612.500,2607.950,2739.933,2619.469,2562.600,2521.072,2530.556,2372.444,2649.500,2463.519
2323.889,2620.250,2623.500,2723.300,2600.688,2561.750,2513.167,2517.861,2371.583,2654.000,2460.370
2320.611,2628.200,2613.000,2741.667,2635.031,2559.900,2522.833,2514.972,2381.139,2655.583,2454.870
2321.333,2609.100,2616.675,2734.733,2641.750,2567.150,2525.643,2507.833,2366.278,2661.500,2450.630
2310.000,2619.650,2611.175,2725.233,2621.938,2562.300,2513.000,2520.583,2376.333,2658.083,2459.611
2319.861,2607.250,2614.325,2724.067,2608.469,2562.600,2531.048,2506.389,2367.861,2631.444,2459.056
2323.278,2595.200,2608.825,2717.800,2625.344,2578.700,2511.572,2514.056,2375.361,2650.972,2442.704
2332.139,2582.850,2617.650,2733.933,2625.281,2558.600,2513.500,2511.639,2370.556,2621.722,2448.389
2308.833,2602.400,2614.250,2700.767,2627.750,2560.200,2513.024,2510.917,2361.278,2613.139,2431.259
2307.000,2593.250,2620.900,2695.533,2626.938,2575.300,2506.428,2523.944,2368.889,2615.417,2432.241
2312.056,2623.050,2607.225,2722.733,2614.062,2558.200,2513.928,2523.389,2362.444,2614.194,2428.630
2320.389,2613.100,2610.300,2699.567,2602.906,2558.600,2506.905,2526.694,2378.278,2606.833,2429.037
2312.833,2577.750,2597.050,2715.800,2614.781,2567.400,2504.286,2511.889,2373.194,2611.028,2425.981
2309.111,2613.650,2614.625,2681.933,2612.031,2556.450,2502.405,2519.056,2353.333,2589.889,2423.222
2304.972,2591.950,2611.700,2699.533,2613.844,2565.050,2512.024,2514.333,2369.667,2591.083,2415.741
2300.167,2594.600,2612.150,2717.167,2611.531,2548.200,2503.690,2520.306,2352.111,2596.611,2415.093
2306.333,2595.650,2597.200,2702.267,2612.969,2557.850,2507.405,2522.861,2361.667,2608.222,2419.056
2317.944,2587.650,2604.675,2696.567,2611.469,2540.000,2510.976,2508.222,2374.611,2609.833,2421.241
2316.694,2592.450,2606.850,2706.900,2601.719,2557.200,2510.452,2515.806,2375.972,2614.444,2441.593
2323.528,2596.800,2612.525,2724.667,2608.562,2548.300,2513.738,2488.167,2352.556,2617.167,2434.222
2324.306,2600.850,2608.875,2718.967,2612.125,2548.000,2510.833,2510.639,2370.500,2636.444,2442.759
2324.667,2585.100,2600.125,2724.133,2620.531,2578.250,2518.286,2518.028,2369.750,2654.222,2446.426
2337.972,2602.300,2613.875,2711.233,2595.469,2549.550,2499.524,2518.861,2357.889,2648.306,2442.889
2330.861,2589.950,2615.175,2732.067,2600.000,2544.300,2503.524,2522.111,2366.611,2656.583,2446.537
2307.556,2603.150,2605.575,2719.667,2613.625,2562.200,2510.643,2510.750,2375.361,2650.417,2453.056
2325.889,2611.850,2597.375,2718.700,2604.500,2554.400,2503.857,2508.139,2365.222,2655.694,2447.500
2311.278,2604.750,2617.200,2722.867,2600.656,2569.400,2530.643,2499.778,2367.000,2661.639,2444.667
2301.667,2591.150,2604.425,2724.000,2588.688,2570.800,2516.595,2523.306,2368.861,2650.111,2455.222
2321.083,2613.200,2610.525,2712.267,2611.781,2550.050,2511.810,2522.083,2364.167,2642.222,2442.222
2301.833,2593.550,2605.700,2737.000,2595.250,2553.250,2494.428,2521.861,2366.250,2640.778,2444.926
2318.556,2609.700,2605.825,2719.100,2597.750,2566.600,2509.714,2527.472,2372.583,2638.417,2441.944
2298.472,2617.050,2619.350,2725.533,2595.188,2553.900,2510.381,2517.806,2366.694,2620.806,2440.926
2304.583,2596.100,2596.325,2706.100,2602.344,2554.500,2501.333,2511.306,2370.944,2618.639,2428.019
2312.361,2596.300,2606.875,2706.700,2605.156,2561.050,2504.072,2509.861,2366.417,2609.222,2442.870
2302.750,2599.150,2617.200,2704.033,2593.781,2559.000,2497.500,2510.861,2357.556,2609.028,2439.426
2312.333,2585.000,2601.875,2707.300,2612.906,2552.100,2496.833,2513.000,2373.639,2596.556,2424.722
2306.000,2593.750,2599.200,2711.533,2594.500,2551.300,2501.690,2503.639,2376.917,2583.333,2428.259
2301.694,2600.350,2599.675,2705.900,2599.094,2548.400,2498.262,2528.417,2378.389,2588.111,2417.111
2313.056,2592.750,2608.175,2707.233,2600.344,2542.100,2501.833,2513.444,2374.139,2598.583,2429.241
2309.472,2586.550,2593.425,2700.267,2608.094,2546.500,2490.333,2509.861,2360.861,2586.000,2421.444
2315.694,2605.400,2609.650,2697.500,2597.219,2557.500,2504.167,2513.000,2356.389,2592.861,2430.074
2301.194,2595.800,2601.850,2704.500,2592.312,2539.850,2505.310,2511.472,2353.333,2587.917,2439.463
2321.556,2600.250,2596.575,2706.233,2593.406,2546.500,2500.572,2502.306,2357.694,2611.556,2439.796
2299.639,2598.700,2600.300,2694.033,2599.094,2558.650,2490.000,2494.472,2367.222,2634.833,2446.815
2318.611,2581.800,2601.050,2708.300,2579.188,2573.050,2500.333,2506.667,2366.278,2614.250,2450.704
2312.722,2604.250,2606.600,2711.433,2594.406,2557.350,2506.738,2512.083,2371.889,2629.667,2459.630
2317.583,2601.750,2602.275,2732.600,2589.406,2569.150,2507.405,2505.083,2347.389,2637.000,2451.759
2307.889,2580.400,2598.725,2726.133,2588.219,2560.800,2515.952,2530.778,2359.056,2641.611,2452.352
2313.278,2578.200,2617.100,2722.933,2591.375,2523.500,2497.572,2510.194,2370.194,2658.722,2468.537
2308.667,2619.400,2617.375,2701.333,2610.750,2557.900,2513.024,2502.639,2373.306,2680.556,2459.722
2303.000,2584.550,2600.150,2714.867,2596.844,2579.250,2510.786,2528.361,2373.944,2649.667,2447.722
2302.444,2619.050,2603.975,2725.667,2602.156,2562.350,2519.238,2510.639,2358.000,2654.167,2443.519
2301.556,2598.250,2593.975,2733.500,2590.500,2547.300,2511.452,2499.889,2357.694,2639.528,2457.944
2315.528,2593.850,2589.325,2719.533,2603.875,2550.250,2512.072,2512.639,2369.861,2630.111,2448.870
2307.528,2619.950,2600.075,2704.400,2608.906,2569.800,2500.024,2505.722,2373.778,2624.972,2443.852
2316.389,2597.050,2603.000,2709.433,2598.500,2546.700,2512.238,2515.278,2370.111,2618.611,2430.796
2315.167,2577.700,2594.150,2694.400,2612.656,2541.900,2510.119,2519.472,2365.694,2625.472,2438.926
2320.167,2603.950,2605.300,2706.633,2593.844,2548.650,2510.667,2517.556,2364.056,2614.056,2440.611
2308.278,2605.150,2604.375,2720.433,2600.812,2558.300,2502.310,2524.694,2366.167,2593.417,2427.833
2312.528,2597.750,2588.700,2707.367,2587.844,2545.200,2494.952,2520.778,2359.472,2594.472,2424.444
2316.361,2599.200,2609.625,2699.200,2598.844,2545.050,2492.333,2516.333,2345.889,2615.417,2415.500
2317.639,2592.150,2592.350,2702.333,2587.594,2552.200,2498.690,2498.028,2365.250,2598.250,2414.019
2309.611,2559.350,2585.750,2688.200,2600.281,2557.500,2490.762,2510.861,2357.833,2590.306,2413.630
2308.167,2586.200,2599.700,2698.967,2605.312,2565.200,2499.857,2517.750,2355.722,2584.444,2421.796
2318.000,2593.500,2593.450,2682.400,2594.062,2565.650,2508.500,2514.306,2359.722,2599.667,2425.574
2318.694,2573.400,2591.950,2689.433,2595.094,2570.600,2493.976,2500.639,2354.056,2599.750,2430.278
2310.389,2581.450,2585.175,2707.833,2584.500,2539.000,2500.381,2521.417,2372.583,2598.806,2427.407
2310.472,2573.750,2590.425,2699.900,2597.031,2547.800,2482.690,2507.750,2366.000,2600.361,2423.259
2306.417,2597.850,2594.625,2702.667,2594.875,2535.750,2486.548,2515.139,2372.806,2614.611,2425.185
2320.500,2567.900,2603.150,2691.967,2583.219,2552.850,2499.738,2502.306,2368.639,2608.278,2428.500
2303.417,2585.050,2598.225,2709.967,2593.469,2543.500,2505.857,2510.972,2374.278,2619.083,2438.519
2317.111,2587.250,2610.150,2695.233,2581.562,2557.000,2505.190,2508.028,2366.722,2635.389,2440.944
2322.500,2590.650,2599.175,2698.033,2588.438,2537.950,2510.214,2510.278,2357.000,2635.306,2446.185
2318.417,2601.950,2601.050,2690.867,2595.219,2557.900,2494.143,2500.944,2361.778,2627.028,2436.778
2304.417,2588.650,2601.150,2704.433,2608.938,2558.450,2513.143,2507.528,2361.583,2640.194,2439.685
2321.861,2614.250,2609.400,2712.233,2606.312,2547.050,2514.476,2514.000,2357.444,2607.250,2446.537
2316.167,2593.100,2597.125,2709.533,2605.719,2530.850,2507.286,2515.361,2351.639,2623.889,2442.000
2316.472,2603.500,2616.300,2692.500,2617.344,2554.850,2501.976,2496.389,2361.528,2594.861,2438.074
2325.750,2586.100,2604.775,2695.267,2598.844,2553.700,2505.024,2515.472,2357.583,2614.389,2436.852
2305.028,2596.250,2599.600,2676.033,2602.531,2558.650,2503.119,2503.083,2345.222,2584.167,2419.444
2315.944,2598.950,2606.800,2689.567,2580.344,2567.850,2491.238,2523.306,2363.889,2601.111,2431.685
2311.167,2598.000,2595.750,2691.633,2601.750,2554.850,2494.857,2498.722,2364.972,2585.111,2422.537
2317.306,2600.600,2581.900,2699.433,2591.500,2549.150,2493.714,2517.639,2368.056,2578.611,2414.074
2297.889,2595.000,2598.150,2695.367,2587.688,2560.300,2497.476,2525.639,2353.528,2569.861,2417.833
2303.917,2614.850,2593.800,2697.267,2590.969,2552.250,2498.262,2521.944,2355.944,2576.750,2403.556
2313.528,2582.350,2605.500,2677.600,2583.688,2542.850,2498.524,2503.361,2350.639,2586.222,2405.444
2307.444,2599.650,2601.600,2678.967,2586.875,2547.550,2501.310,2522.611,2358.806,2567.778,2404.074
2306.167,2586.550,2601.200,2682.533,2588.844,2540.900,2501.857,2510.278,2340.167,2576.806,2406.759
2310.444,2596.550,2601.900,2683.667,2594.375,2554.200,2504.428,2514.333,2360.611,2570.556,2421.500
2304.583,2590.650,2596.175,2696.500,2576.062,2555.900,2496.786,2495.194,2349.417,2587.944,2422.444
2300.306,2599.600,2586.725,2691.633,2600.188,2561.800,2499.428,2499.639,2367.444,2567.222,2427.037
2307.722,2592.950,2600.975,2687.033,2579.281,2563.650,2488.524,2520.389,2370.750,2601.472,2427.759
2303.417,2563.500,2606.425,2686.733,2606.812,2547.650,2495.905,2504.500,2368.083,2593.778,2421.204
2309.750,2594.550,2585.525,2686.767,2592.719,2537.250,2501.119,2512.472,2365.833,2605.194,2426.204
2307.778,2595.550,2601.075,2701.000,2593.719,2543.150,2511.595,2504.472,2365.167,2612.639,2435.519
2301.306,2602.350,2602.375,2709.400,2592.062,2530.850,2507.072,2508.389,2351.167,2611.889,2437.111
2303.972,2616.100,2596.300,2708.500,2583.844,2563.000,2495.000,2521.306,2354.000,2636.750,2435.370
2309.750,2603.400,2603.975,2700.600,2616.062,2549.200,2506.143,2507.028,2370.028,2617.167,2442.648
2299.500,2602.450,2605.200,2674.500,2593.344,2544.250,2508.976,2497.194,2359.028,2618.472,2440.056
2307.639,2615.050,2610.000,2710.600,2594.188,2553.200,2499.095,2503.111,2366.278,2616.972,2436.130
2302.139,2620.850,2590.625,2701.200,2611.094,2545.050,2497.619,2505.500,2363.000,2594.556,2423.241
2317.306,2608.950,2594.850,2700.867,2597.219,2548.100,2500.095,2506.500,2368.944,2610.361,2445.537
2311.944,2601.400,2596.600,2700.300,2607.031,2573.650,2497.333,2500.389,2353.667,2597.306,2425.796
2314.667,2591.950,2613.725,2709.100,2603.812,2548.800,2492.024,2505.694,2351.306,2599.806,2443.037
2316.444,2603.750,2597.200,2714.767,2599.875,2534.150,2501.905,2502.000,2355.472,2579.139,2419.185
2304.667,2599.100,2584.475,2676.300,2609.625,2557.600,2496.905,2498.306,2368.194,2579.000,2415.056
2309.694,2599.850,2592.750,2683.967,2603.844,2563.500,2495.095,2501.500,2356.278,2568.861,2416.093
2304.972,2590.300,2592.850,2676.433,2588.969,2561.750,2491.452,2494.583,2361.806,2575.139,2407.000
2310.083,2599.400,2604.100,2687.500,2597.000,2553.100,2498.833,2507.417,2366.361,2567.528,2417.833
2297.194,2605.150,2592.725,2668.567,2598.875,2542.750,2484.381,2518.472,2357.056,2572.361,2405.630
2287.083,2588.050,2593.050,2664.667,2594.406,2544.700,2501.072,2499.917,2371.500,2560.194,2394.370
2301.056,2593.800,2591.225,2669.367,2598.625,2537.750,2494.952,2491.861,2357.389,2556.417,2416.463
2308.750,2587.300,2595.250,2685.267,2586.781,2546.750,2491.690,2508.278,2358.917,2564.083,2419.963
2308.917,2591.750,2587.825,2680.633,2603.250,2546.800,2479.072,2497.278,2348.944,2581.194,2422.019
2305.917,2587.350,2604.875,2685.633,2601.781,2558.650,2489.762,2507.889,2352.694,2584.722,2429.593
2301.000,2602.250,2585.375,2681.167,2588.562,2560.700,2491.452,2496.667,2358.028,2589.389,2414.148
2301.083,2578.450,2603.050,2697.300,2590.156,2535.200,2492.048,2501.639,2348.278,2597.278,2423.963
2297.639,2586.900,2596.825,2704.000,2576.281,2538.100,2493.881,2496.694,2351.194,2598.306,2432.519
2297.139,2593.150,2595.100,2718.633,2585.281,2528.500,2511.928,2495.528,2371.528,2615.417,2437.278
2310.250,2612.400,2598.450,2716.500,2596.250,2565.400,2499.714,2502.500,2363.139,2624.000,2440.944
2311.611,2610.000,2597.950,2709.267,2595.188,2540.700,2494.572,2512.556,2361.389,2605.639,2418.093
2312.694,2593.050,2609.125,2690.333,2592.844,2550.100,2509.286,2500.056,2354.500,2607.833,2421.204
2304.889,2595.300,2591.275,2692.100,2598.250,2547.750,2494.572,2501.389,2360.500,2599.611,2440.463
2298.417,2610.600,2603.125,2709.100,2597.250,2541.050,2502.405,2491.583,2367.083,2614.556,2432.074
2295.139,2601.200,2593.125,2678.733,2587.688,2541.000,2502.810,2497.667,2366.194,2616.000,2429.315
2309.417,2589.300,2597.125,2694.667,2584.938,2551.900,2487.286,2492.611,2359.750,2614.583,2424.481
2300.278,2605.050,2596.825,2692.667,2600.188,2545.650,2488.262,2497.167,2361.111,2582.861,2421.630
2313.306,2593.150,2606.075,2694.367,2599.656,2534.650,2501.643,2500.806,2355.917,2588.944,2421.611
2304.861,2603.850,2595.700,2701.767,2587.469,2546.450,2493.238,2506.750,2350.667,2580.611,2431.685
2309.778,2605.400,2588.875,2695.333,2595.125,2533.550,2490.024,2502.250,2350.611,2584.389,2421.889
2311.500,2601.500,2580.475,2688.267,2597.875,2555.350,2486.595,2502.111,2356.056,2573.389,2414.148
2307.139,2598.050,2599.275,2688.000,2589.812,2557.050,2487.000,2502.889,2351.750,2588.083,2409.259
2310.444,2580.600,2569.150,2682.567,2583.812,2543.150,2490.095,2502.611,2359.167,2557.472,2423.870
2309.417,2584.700,2585.075,2683.500,2585.562,2537.000,2497.833,2493.167,2346.583,2552.861,2405.019
2307.139,2595.500,2591.350,2675.867,2602.906,2538.050,2491.714,2497.306,2355.889,2565.583,2419.574
2301.639,2581.800,2586.575,2684.667,2603.438,2548.700,2491.857,2504.750,2338.056,2559.083,2400.926
2297.556,2604.300,2573.150,2685.967,2581.312,2535.500,2488.190,2503.083,2355.333,2567.111,2407.704
2300.111,2578.350,2598.550,2683.467,2591.312,2550.200,2486.452,2499.333,2348.000,2554.139,2415.278
2300.639,2595.250,2578.725,2677.267,2574.562,2554.150,2488.619,2492.222,2353.639,2549.500,2417.241
2308.472,2593.650,2594.875,2701.800,2577.000,2565.700,2485.976,2497.389,2355.583,2589.333,2433.204
2314.306,2582.950,2591.350,2691.533,2581.125,2536.700,2488.786,2496.278,2350.472,2588.639,2433.148
2306.806,2597.550,2590.725,2691.433,2579.875,2543.350,2486.167,2488.028,2351.167,2600.861,2428.481
2318.111,2595.700,2591.300,2670.633,2591.750,2532.950,2505.643,2491.694,2358.917,2591.028,2420.852
2301.167,2592.150,2595.650,2677.967,2595.812,2554.700,2499.976,2492.167,2358.194,2593.500,2445.222
2305.389,2586.400,2590.650,2686.867,2584.219,2542.950,2491.357,2502.444,2357.528,2604.500,2430.852
2297.083,2611.100,2586.175,2683.433,2580.250,2555.300,2504.333,2493.500,2369.861,2617.250,2436.463
2288.861,2582.050,2597.300,2689.533,2610.188,2550.850,2499.405,2484.333,2365.944,2605.222,2445.815
2301.917,2603.800,2601.225,2685.433,2584.219,2555.000,2499.143,2491.222,2352.222,2587.556,2435.500
2306.000,2609.750,2596.325,2692.067,2591.500,2558.250,2508.976,2510.250,2352.722,2596.861,2444.537
2287.750,2589.750,2590.200,2675.733,2588.906,2553.450,2489.000,2501.861,2365.278,2601.722,2428.074
2304.889,2583.200,2600.300,2679.133,2596.750,2574.050,2479.524,2492.889,2365.167,2599.278,2427.741
2302.889,2591.350,2603.650,2688.667,2588.531,2581.100,2487.500,2492.972,2364.972,2553.778,2435.852
2296.556,2593.750,2574.325,2693.600,2576.562,2552.250,2491.143,2490.250,2356.083,2577.306,2426.444
2296.917,2589.650,2585.850,2674.567,2605.406,2551.600,2486.572,2478.583,2337.611,2566.944,2427.389
2299.083,2573.700,2579.325,2682.600,2589.562,2552.550,2483.833,2500.278,2357.472,2563.917,2412.537
2301.917,2601.200,2588.550,2670.533,2598.875,2530.450,2490.595,2486.722,2357.889,2574.333,2414.852
2292.528,2593.200,2587.050,2667.933,2592.188,2559.450,2492.690,2493.611,2364.056,2553.806,2416.241
2302.083,2606.250,2582.775,2680.000,2576.938,2553.600,2492.619,2498.528,2353.861,2554.556,2406.759
2319.139,2580.200,2582.225,2674.533,2586.031,2547.000,2501.333,2498.083,2358.139,2554.444,2415.315
2295.722,2579.400,2585.800,2667.367,2587.469,2550.700,2490.119,2484.056,2351.556,2560.028,2412.111
2323.278,2598.400,2598.975,2675.667,2591.562,2544.400,2484.500,2495.861,2355.556,2556.639,2405.130
2297.111,2588.200,2573.725,2667.867,2604.031,2551.700,2482.119,2499.750,2352.194,2560.667,2424.926
2299.500,2605.500,2574.400,2687.467,2579.688,2559.150,2491.833,2477.194,2344.056,2562.389,2428.259
2294.750,2582.700,2575.275,2684.233,2581.531,2538.800,2484.167,2501.139,2349.556,2557.167,2427.370
2304.444,2588.850,2588.600,2677.367,2575.625,2532.650,2473.548,2491.194,2354.806,2563.833,2428.296
2311.694,2596.400,2576.050,2688.733,2600.219,2549.900,2471.000,2494.806,2351.611,2576.194,2435.852
2303.722,2611.200,2574.425,2686.267,2591.219,2544.100,2492.714,2487.806,2362.889,2582.167,2429.333
2297.028,2603.300,2586.025,2697.300,2596.594,2556.600,2494.405,2483.750,2360.972,2573.083,2430.204
2297.889,2590.050,2582.550,2694.900,2577.781,2550.350,2480.238,2483.528,2363.167,2586.083,2424.426
2314.194,2594.550,2585.375,2700.300,2583.938,2565.600,2483.595,2500.639,2357.722,2593.028,2441.074
2304.556,2595.300,2602.450,2691.900,2602.656,2537.450,2482.762,2486.806,2362.500,2572.583,2431.222
2309.667,2598.600,2584.975,2675.067,2608.875,2560.150,2478.119,2495.278,2354.722,2566.667,2430.407
2312.472,2591.100,2577.925,2675.733,2581.812,2551.950,2485.119,2489.528,2342.222,2568.333,2423.259
2302.861,2582.850,2584.775,2676.067,2590.781,2545.450,2487.738,2496.361,2363.611,2582.306,2428.056
2306.722,2567.950,2589.775,2678.833,2587.062,2558.200,2504.119,2505.444,2361.139,2556.722,2423.685
2307.889,2579.850,2572.700,2692.233,2596.188,2549.850,2493.048,2497.222,2347.750,2551.917,2426.722
2289.667,2599.600,2565.700,2680.433,2591.500,2527.850,2480.428,2480.639,2363.917,2571.722,2420.648
2300.361,2588.100,2587.700,2677.000,2588.000,2559.250,2501.214,2497.667,2360.694,2554.889,2415.296
2303.361,2595.950,2564.950,2687.767,2591.844,2545.550,2492.500,2483.444,2349.306,2550.861,2421.815
2307.472,2589.650,2572.275,2684.300,2586.656,2548.950,2484.928,2484.583,2351.111,2552.222,2410.778
2304.306,2572.850,2584.200,2673.900,2586.594,2536.600,2482.857,2495.000,2358.722,2548.111,2408.759
2300.972,2570.300,2574.150,2684.933,2580.594,2535.000,2480.572,2499.000,2356.472,2540.056,2401.759
2307.056,2573.700,2575.275,2654.900,2578.469,2566.050,2493.572,2505.250,2366.778,2536.972,2406.630
2294.389,2564.400,2589.400,2671.900,2580.156,2547.350,2476.452,2489.556,2349.083,2537.667,2419.167
2311.333,2568.750,2571.700,2681.400,2575.969,2532.800,2480.048,2495.278,2355.083,2528.139,2400.907
2305.361,2567.750,2575.700,2669.633,2600.531,2527.750,2471.595,2493.972,2337.333,2532.694,2395.056
2299.944,2562.050,2566.625,2675.267,2582.844,2553.450,2483.476,2489.417,2337.722,2549.028,2414.519
2296.611,2590.450,2574.400,2688.200,2587.750,2554.300,2489.572,2482.250,2347.528,2553.389,2403.833
2297.750,2584.100,2579.225,2692.933,2599.219,2553.850,2471.238,2503.000,2356.667,2552.472,2417.352
2296.361,2578.800,2592.325,2691.867,2578.438,2565.400,2488.214,2495.528,2356.083,2550.806,2409.611
2298.111,2581.100,2567.525,2669.667,2578.312,2557.950,2486.976,2499.611,2356.028,2556.556,2413.037
2308.194,2560.150,2581.050,2686.467,2591.844,2547.000,2481.667,2493.278,2356.194,2551.611,2423.352
2295.028,2554.650,2583.575,2684.300,2593.750,2532.950,2477.405,2471.861,2363.306,2559.889,2426.130
2300.500,2579.100,2578.850,2679.800,2583.969,2545.800,2489.714,2486.972,2355.333,2569.333,2417.833
2296.222,2577.550,2582.550,2675.300,2595.750,2547.400,2486.762,2486.417,2352.722,2566.472,2422.352
2294.778,2578.200,2575.075,2693.367,2602.156,2549.050,2487.452,2497.889,2355.889,2568.556,2412.222
2308.361,2553.200,2567.150,2692.667,2585.812,2540.600,2488.857,2491.667,2350.278,2544.222,2417.741
2297.639,2578.350,2575.425,2667.867,2596.281,2565.650,2493.405,2504.667,2343.167,2546.806,2418.648
2300.222,2565.900,2579.625,2689.433,2599.469,2547.050,2493.214,2476.667,2353.917,2553.333,2409.907
2292.333,2602.100,2579.800,2684.400,2580.219,2559.800,2490.857,2485.139,2345.306,2543.528,2397.111
2293.333,2598.700,2582.075,2680.167,2575.406,2556.850,2479.881,2490.222,2344.667,2529.806,2415.370
2292.222,2584.750,2560.275,2694.000,2577.688,2540.800,2479.833,2503.417,2365.778,2538.861,2410.130
2294.639,2572.550,2561.375,2678.833,2588.125,2544.950,2485.428,2474.194,2349.222,2527.861,2402.241
2295.028,2593.200,2561.400,2681.033,2567.719,2539.800,2487.405,2486.639,2340.528,2528.972,2401.500
2296.056,2579.800,2562.200,2675.733,2579.344,2542.100,2480.857,2480.611,2344.861,2528.250,2403.833
2291.083,2585.250,2568.600,2675.100,2583.750,2542.250,2490.428,2477.444,2363.556,2532.639,2399.259
2284.056,2566.900,2571.175,2657.033,2589.219,2538.200,2476.048,2476.861,2337.500,2536.250,2395.537
2297.611,2573.100,2571.225,2673.367,2576.781,2553.800,2470.762,2478.000,2335.028,2509.528,2402.926
2285.500,2569.500,2574.925,2674.467,2567.031,2534.700,2481.762,2480.833,2355.472,2526.000,2403.444
2301.722,2581.900,2565.250,2685.300,2590.781,2541.650,2474.667,2480.694,2353.917,2549.722,2391.500
2287.333,2541.550,2565.200,2668.100,2593.094,2545.550,2494.357,2492.083,2344.194,2545.472,2402.833
2295.833,2561.550,2568.300,2688.500,2578.281,2544.150,2480.310,2487.472,2348.083,2533.917,2412.815
2277.583,2586.950,2568.075,2687.500,2577.406,2547.050,2489.143,2489.472,2347.556,2538.778,2413.204
2300.194,2563.350,2572.875,2667.300,2564.281,2534.050,2486.524,2473.250,2348.472,2543.639,2410.037
2289.222,2586.400,2581.250,2679.400,2566.250,2551.350,2486.381,2487.361,2345.083,2556.139,2414.500
2297.083,2564.050,2570.475,2691.400,2577.094,2544.000,2486.548,2459.861,2347.250,2554.778,2417.426
2283.222,2573.450,2569.525,2675.267,2578.344,2534.600,2491.262,2485.944,2355.056,2545.056,2420.389
2295.083,2586.900,2569.300,2685.767,2569.562,2548.800,2475.976,2470.861,2347.222,2552.528,2411.407
2291.528,2560.800,2566.325,2684.600,2580.500,2539.250,2484.976,2481.222,2354.500,2545.806,2417.056
2301.389,2556.550,2568.725,2673.800,2575.312,2523.550,2494.952,2496.722,2352.583,2558.694,2418.778
2298.000,2560.000,2580.475,2683.600,2580.062,2548.750,2488.500,2494.028,2352.139,2568.278,2408.537
2292.806,2565.600,2561.150,2671.767,2575.469,2549.950,2487.238,2492.889,2349.500,2554.111,2411.352
2299.583,2561.600,2558.525,2689.400,2572.844,2534.900,2475.167,2491.417,2341.750,2542.083,2407.963
2302.833,2574.200,2557.700,2671.733,2573.000,2533.350,2477.548,2479.167,2346.972,2548.778,2403.704
2294.889,2584.400,2568.175,2670.900,2568.812,2550.900,2475.262,2493.500,2358.806,2545.778,2398.685
2299.333,2565.850,2562.975,2660.033,2570.281,2540.350,2489.690,2491.417,2345.333,2520.417,2398.370
2288.139,2562.200,2560.825,2658.033,2561.531,2543.500,2477.786,2487.528,2351.750,2535.833,2395.111
2295.222,2549.350,2567.250,2656.100,2573.844,2522.550,2478.428,2478.639,2343.222,2523.417,2385.852
2284.861,2569.600,2566.675,2668.033,2553.188,2548.300,2483.857,2489.306,2358.361,2515.472,2392.556
2289.333,2556.650,2570.425,2661.200,2565.062,2540.500,2486.714,2502.472,2357.806,2534.167,2389.815
2292.694,2559.200,2569.050,2662.467,2559.625,2537.350,2497.357,2492.722,2345.944,2516.639,2400.185
2304.556,2546.900,2554.100,2670.900,2558.000,2530.850,2481.452,2484.472,2347.250,2511.972,2397.056
2284.806,2543.200,2578.625,2654.033,2544.969,2536.000,2483.024,2493.750,2345.833,2523.639,2387.426
2304.361,2553.950,2562.125,2661.933,2561.344,2538.350,2476.786,2488.333,2344.222,2533.417,2393.593
2301.222,2562.500,2566.375,2664.400,2561.594,2530.350,2481.738,2488.444,2353.500,2528.417,2406.389
2292.194,2564.800,2568.800,2670.667,2552.219,2541.100,2483.857,2493.361,2349.833,2521.333,2405.111
2305.556,2564.050,2563.700,2674.667,2550.781,2520.950,2483.405,2475.333,2344.444,2539.417,2408.093
2304.000,2542.300,2561.650,2671.500,2557.719,2548.350,2490.357,2484.306,2356.111,2548.056,2410.389
2297.750,2558.100,2566.975,2684.733,2554.531,2528.600,2490.476,2488.778,2359.861,2550.944,2401.148
2302.556,2562.350,2560.675,2679.433,2557.719,2520.850,2487.286,2471.000,2344.611,2532.000,2398.870
2294.694,2540.350,2575.175,2673.900,2552.438,2534.150,2488.428,2476.861,2341.389,2557.111,2417.000
2308.167,2551.500,2575.450,2678.800,2557.750,2528.050,2484.167,2487.389,2346.861,2538.472,2404.741
2295.972,2538.250,2564.325,2696.267,2545.312,2534.700,2484.762,2498.167,2339.361,2539.722,2415.648
2294.417,2557.000,2563.600,2677.433,2545.375,2528.500,2489.333,2496.750,2348.889,2552.778,2407.574
2310.028,2558.850,2580.625,2677.967,2545.656,2505.750,2480.619,2494.917,2348.972,2555.750,2409.148
2311.500,2552.950,2564.400,2671.533,2536.812,2523.100,2498.286,2486.667,2350.861,2540.083,2410.278
2299.111,2560.500,2561.100,2681.100,2541.438,2522.250,2485.738,2489.139,2343.056,2537.583,2394.389
2311.194,2567.150,2569.900,2667.167,2551.719,2529.200,2475.428,2495.111,2334.750,2520.722,2406.389
2304.444,2553.850,2561.325,2678.867,2547.125,2519.850,2472.976,2490.500,2357.222,2531.500,2390.833
2318.611,2550.400,2562.675,2671.800,2549.094,2518.350,2483.000,2497.528,2336.333,2521.528,2397.333
2303.222,2553.950,2559.400,2665.500,2544.812,2521.900,2491.190,2506.306,2341.000,2525.000,2391.407
2316.306,2547.150,2567.475,2665.900,2546.688,2517.050,2484.428,2486.444,2345.472,2528.194,2382.222
2300.222,2544.800,2558.375,2668.033,2530.688,2518.000,2478.572,2498.944,2340.944,2507.250,2392.778
2306.639,2538.750,2557.050,2664.833,2542.812,2524.500,2476.381,2496.889,2350.000,2518.306,2394.352
2299.111,2550.800,2555.750,2654.733,2549.250,2528.200,2468.190,2490.917,2345.806,2507.167,2384.148
2304.167,2550.200,2554.075,2679.500,2535.750,2517.300,2480.548,2480.694,2343.417,2521.889,2400.389
2302.028,2532.500,2550.650,2667.467,2533.188,2519.750,2477.738,2490.833,2334.083,2532.528,2395.222
2305.944,2550.000,2561.900,2655.667,2537.688,2520.200,2471.524,2487.639,2346.028,2508.694,2404.296
2309.194,2545.200,2551.700,2646.500,2538.781,2509.400,2471.976,2487.778,2341.667,2518.722,2395.574
2296.056,2536.750,2550.475,2669.200,2550.969,2523.050,2463.476,2478.917,2336.472,2549.861,2407.833
2301.944,2563.350,2550.825,2662.000,2536.625,2542.450,2468.500,2484.944,2345.278,2531.028,2403.926
2311.139,2533.650,2551.725,2677.033,2526.562,2532.050,2482.762,2472.917,2347.778,2519.611,2414.352
2302.972,2515.750,2551.900,2672.033,2532.938,2511.150,2488.643,2476.000,2339.389,2541.750,2408.630
2300.556,2530.850,2552.375,2664.567,2534.406,2518.800,2483.286,2497.778,2350.500,2544.583,2417.463
2296.806,2533.350,2551.775,2671.733,2534.750,2518.800,2478.714,2491.333,2344.444,2545.528,2409.296
2308.722,2540.550,2561.475,2683.700,2539.469,2514.100,2472.286,2490.972,2344.444,2551.444,2405.093
2299.194,2549.650,2562.025,2672.767,2526.000,2543.150,2475.452,2506.833,2347.222,2551.417,2407.722
2306.278,2535.500,2550.100,2660.600,2529.750,2524.450,2490.000,2492.833,2347.500,2545.472,2403.481
2317.111,2553.800,2550.575,2675.933,2540.344,2518.800,2478.548,2480.667,2342.611,2535.722,2401.185
2290.528,2541.100,2560.625,2667.800,2534.812,2547.000,2474.833,2491.833,2348.611,2542.944,2398.630
2301.889,2538.400,2562.700,2653.533,2532.094,2521.150,2470.905,2501.500,2340.472,2532.778,2400.667
2295.639,2538.650,2544.075,2663.467,2536.375,2534.700,2475.072,2492.611,2335.222,2538.222,2404.074
2300.111,2530.150,2542.025,2662.867,2543.125,2530.500,2484.952,2492.667,2344.500,2538.333,2397.056
2304.056,2542.600,2559.475,2654.767,2533.594,2501.450,2487.143,2486.722,2356.889,2535.667,2398.926
2300.583,2541.000,2570.650,2646.000,2529.750,2538.550,2476.262,2490.611,2325.583,2516.944,2391.241
2303.583,2551.250,2562.775,2657.433,2518.250,2514.350,2468.810,2496.194,2338.861,2516.778,2396.574
2300.278,2526.650,2541.550,2660.600,2526.781,2511.950,2482.928,2488.222,2328.528,2518.889,2392.593
2303.833,2543.800,2557.425,2652.833,2519.156,2523.250,2468.357,2485.250,2353.639,2520.167,2381.778
2300.667,2520.750,2557.025,2666.100,2518.688,2522.700,2457.857,2497.167,2342.139,2508.222,2383.796
2312.083,2523.800,2555.000,2660.900,2520.875,2534.000,2471.143,2499.611,2346.278,2508.806,2386.222
2310.278,2525.100,2546.525,2652.233,2522.250,2509.400,2465.572,2494.750,2338.056,2515.833,2390.593
2306.972,2526.300,2550.350,2664.633,2508.938,2521.950,2470.452,2483.667,2343.083,2514.861,2377.611
2310.833,2538.850,2559.675,2645.833,2522.906,2508.100,2479.048,2482.417,2339.056,2502.778,2397.537
2313.750,2533.200,2555.625,2657.233,2524.969,2537.750,2484.500,2485.028,2329.667,2528.861,2382.852
2305.889,2510.800,2554.825,2678.400,2517.406,2548.300,2472.595,2477.722,2341.528,2524.417,2401.111
2301.194,2524.450,2558.325,2665.433,2522.875,2500.050,2475.286,2487.639,2351.944,2524.111,2391.185
2316.111,2525.450,2548.275,2668.567,2504.156,2526.150,2481.595,2499.056,2343.222,2524.250,2402.037
2317.444,2527.350,2547.100,2688.167,2525.344,2523.700,2480.048,2489.361,2334.444,2534.556,2393.870
2313.556,2520.900,2564.350,2666.600,2517.844,2515.550,2486.095,2498.139,2341.472,2539.222,2409.000
2307.194,2520.200,2559.600,2664.500,2504.000,2509.550,2482.167,2489.917,2350.861,2527.833,2397.333
2317.194,2527.300,2570.650,2671.333,2510.656,2510.300,2462.524,2488.944,2355.083,2536.889,2399.241
2314.528,2513.400,2551.075,2664.767,2507.469,2516.900,2479.690,2500.694,2347.389,2534.222,2408.537
2317.750,2522.950,2554.300,2665.100,2514.062,2509.000,2482.738,2486.222,2347.750,2525.833,2399.519
2301.861,2505.800,2550.125,2663.600,2508.156,2500.450,2475.810,2495.944,2334.833,2514.028,2391.926
2315.000,2516.000,2558.975,2652.300,2512.844,2519.500,2488.524,2506.417,2345.250,2526.444,2396.833
2316.667,2535.400,2566.525,2667.367,2516.344,2517.850,2499.881,2480.889,2352.639,2533.444,2393.167
2304.528,2529.150,2558.600,2665.967,2517.406,2505.900,2474.405,2486.278,2339.722,2508.778,2394.167
2325.528,2521.600,2548.125,2649.200,2499.656,2516.900,2476.667,2496.000,2346.972,2501.417,2383.000
2316.583,2526.150,2557.950,2665.067,2484.812,2494.350,2477.952,2483.611,2331.417,2508.889,2385.000
2313.361,2514.900,2549.100,2646.133,2504.938,2484.850,2465.643,2484.611,2336.778,2500.917,2387.759
2323.250,2534.000,2540.600,2655.033,2483.281,2484.150,2469.548,2491.556,2339.528,2510.611,2377.907
2304.889,2521.400,2540.925,2649.100,2509.656,2506.900,2460.619,2495.083,2339.139,2493.306,2378.722
2314.361,2508.100,2557.625,2644.300,2495.281,2518.000,2475.833,2479.944,2335.194,2507.389,2392.648
2309.528,2532.650,2551.250,2644.433,2500.094,2492.400,2480.714,2487.806,2329.167,2508.528,2386.870
2310.944,2510.550,2547.225,2655.433,2497.156,2500.600,2467.262,2498.778,2336.611,2505.917,2387.759
2300.278,2508.350,2534.550,2656.933,2486.875,2511.800,2472.214,2485.167,2331.139,2507.500,2381.907
2308.500,2513.950,2549.700,2642.767,2499.906,2500.650,2466.738,2491.444,2332.889,2509.389,2381.000
2311.056,2487.950,2540.450,2650.933,2502.938,2501.550,2457.286,2493.861,2339.250,2511.028,2384.870
2298.417,2518.300,2562.550,2671.133,2492.719,2497.800,2464.286,2499.472,2342.667,2516.611,2399.296
2314.944,2520.850,2551.300,2649.300,2498.688,2497.300,2475.048,2484.833,2335.917,2544.611,2403.796
2317.111,2504.300,2550.550,2656.233,2490.562,2512.300,2454.333,2487.889,2328.639,2546.194,2401.370
2306.083,2509.150,2548.300,2648.800,2500.375,2496.650,2471.690,2484.278,2334.000,2553.278,2401.093
2312.333,2520.050,2551.500,2664.933,2495.406,2495.850,2467.167,2498.472,2334.833,2543.639,2401.259
2311.278,2505.950,2538.025,2657.600,2496.531,2507.650,2466.405,2493.000,2348.111,2543.222,2404.556
2309.722,2514.750,2550.050,2647.533,2486.281,2481.000,2482.357,2482.972,2348.056,2531.306,2394.093
2299.750,2505.550,2554.700,2660.600,2504.188,2509.550,2466.143,2479.139,2356.194,2534.389,2394.981
2316.778,2509.700,2543.600,2659.400,2486.125,2487.550,2478.476,2489.056,2336.528,2549.444,2402.463
2309.028,2519.850,2556.725,2675.767,2493.625,2491.700,2462.262,2488.194,2341.556,2542.250,2399.000
2304.611,2521.050,2546.650,2649.133,2495.781,2509.350,2456.952,2488.056,2336.083,2540.833,2394.852
2307.694,2507.100,2548.500,2675.000,2493.906,2484.400,2468.786,2489.333,2338.111,2524.472,2393.296
2317.056,2501.300,2553.375,2647.300,2499.344,2489.700,2470.428,2483.750,2336.278,2534.194,2392.981
2311.417,2528.900,2545.350,2663.733,2490.406,2488.150,2465.500,2495.944,2343.611,2523.556,2376.907
2310.694,2512.950,2554.525,2649.133,2486.688,2490.150,2458.452,2492.528,2341.389,2512.750,2381.648
2322.111,2513.300,2541.300,2663.067,2497.469,2515.250,2458.738,2486.778,2333.222,2515.500,2383.315
2304.639,2513.600,2556.150,2666.100,2481.688,2504.250,2466.786,2485.833,2334.972,2531.361,2381.130
2308.861,2514.000,2550.750,2639.500,2499.281,2493.850,2460.000,2488.250,2342.222,2519.694,2390.241
2314.833,2496.750,2542.925,2647.800,2493.250,2492.500,2459.714,2494.778,2323.444,2515.472,2384.889
2316.639,2499.200,2532.900,2651.000,2481.094,2515.450,2450.405,2485.139,2328.972,2492.472,2386.704
2314.806,2516.600,2550.225,2653.400,2492.406,2487.850,2461.905,2497.056,2344.889,2538.056,2385.444
2311.333,2507.800,2538.825,2649.300,2486.688,2491.400,2452.619,2479.694,2318.333,2516.917,2388.759
2309.417,2502.450,2551.275,2633.833,2481.344,2497.100,2460.595,2485.528,2338.028,2526.611,2394.815
2306.167,2511.150,2548.325,2637.167,2483.000,2487.600,2447.048,2481.083,2344.167,2531.083,2383.204
2304.056,2501.850,2537.475,2638.400,2494.500,2499.800,2465.095,2496.056,2344.944,2525.444,2399.870
2301.556,2493.800,2541.000,2646.200,2494.969,2493.500,2467.167,2489.083,2336.583,2532.944,2410.296
2308.694,2492.550,2560.350,2656.833,2453.750,2493.100,2459.524,2496.333,2337.139,2544.750,2398.222
2313.972,2506.550,2543.175,2651.967,2488.062,2485.800,2468.857,2493.833,2339.639,2547.722,2404.556
2310.694,2494.150,2544.250,2637.233,2482.312,2492.000,2469.548,2482.389,2344.306,2542.500,2408.278
2292.389,2504.850,2549.425,2645.167,2485.250,2496.000,2464.024,2485.972,2337.417,2541.194,2398.204
2312.750,2511.350,2539.850,2649.833,2482.844,2484.250,2474.381,2491.389,2349.556,2548.250,2392.185
2310.861,2499.400,2541.150,2642.167,2480.531,2476.800,2462.072,2487.417,2339.278,2543.167,2396.185
2321.639,2467.950,2548.425,2647.333,2484.281,2480.150,2462.381,2473.694,2339.194,2548.750,2392.352
2307.833,2507.000,2543.475,2658.233,2478.344,2469.450,2461.619,2473.222,2336.528,2556.694,2397.796
2305.222,2481.850,2531.675,2646.433,2470.219,2502.900,2456.333,2488.250,2330.389,2549.917,2391.907
2308.667,2498.000,2518.825,2656.767,2482.438,2497.350,2476.690,2488.000,2342.028,2558.139,2379.926
2311.750,2493.650,2541.425,2652.733,2472.406,2490.400,2460.357,2500.306,2341.500,2533.083,2397.852
2314.417,2496.900,2540.650,2633.367,2460.156,2477.650,2438.714,2506.944,2342.972,2541.861,2379.130
2302.611,2486.200,2533.250,2627.333,2472.094,2491.550,2466.905,2489.222,2341.333,2529.250,2379.037
2322.194,2486.800,2539.575,2641.200,2463.531,2462.800,2459.667,2482.889,2333.222,2519.889,2388.667
2302.889,2492.100,2542.275,2643.767,2468.750,2493.050,2455.262,2488.639,2327.167,2519.639,2375.648
2302.472,2488.800,2539.950,2644.700,2477.688,2495.150,2453.928,2490.917,2343.861,2508.306,2371.111
2309.639,2496.750,2547.250,2625.433,2493.875,2489.150,2447.833,2493.139,2340.861,2523.917,2383.907
2311.389,2513.350,2541.325,2654.133,2466.156,2470.400,2456.714,2496.889,2347.028,2515.417,2387.130
2316.889,2497.050,2536.650,2634.967,2458.625,2483.550,2454.595,2488.611,2326.694,2510.833,2378.333
2309.306,2476.000,2531.125,2631.800,2461.750,2479.050,2462.524,2492.306,2334.500,2523.806,2392.148
2295.278,2493.350,2521.275,2637.867,2460.500,2463.000,2453.857,2501.028,2335.861,2533.722,2371.130
2306.111,2480.000,2543.675,2644.000,2465.125,2474.200,2461.262,2481.083,2344.639,2528.056,2386.574
2319.694,2491.550,2536.150,2644.400,2466.594,2463.300,2465.024,2487.361,2335.083,2528.583,2395.167
2304.694,2486.150,2529.675,2638.533,2452.781,2455.250,2459.833,2498.667,2333.944,2532.000,2388.370
2306.167,2467.450,2537.450,2649.067,2462.031,2487.200,2463.928,2487.528,2332.694,2543.722,2388.722
2318.694,2466.200,2528.400,2634.467,2469.562,2461.700,2449.905,2495.611,2335.139,2533.944,2395.074
2314.111,2466.700,2544.050,2627.500,2468.031,2478.850,2454.381,2477.639,2329.556,2519.972,2390.944
2308.889,2469.150,2540.800,2629.667,2460.875,2474.100,2462.310,2491.361,2333.806,2535.167,2392.111
2305.028,2463.850,2532.900,2637.400,2457.031,2447.150,2462.143,2485.944,2332.861,2552.444,2393.037
2307.000,2476.000,2524.300,2647.567,2459.062,2450.550,2470.238,2490.056,2328.278,2530.389,2384.630
2300.972,2485.550,2540.625,2639.867,2463.594,2489.350,2467.381,2489.639,2328.417,2541.306,2396.833
2311.417,2495.500,2522.975,2632.167,2466.188,2487.100,2461.428,2475.500,2321.611,2520.111,2392.019
2301.444,2475.250,2545.400,2644.433,2465.750,2466.700,2458.119,2485.611,2341.639,2534.389,2389.130
2309.444,2506.950,2547.425,2637.033,2448.906,2479.250,2455.524,2488.806,2337.722,2522.944,2381.907
2306.778,2473.950,2539.150,2630.433,2459.594,2469.350,2459.952,2498.611,2336.917,2515.750,2379.704
2315.278,2481.800,2536.550,2643.667,2472.469,2475.000,2464.690,2486.417,2335.750,2511.917,2384.463
2303.583,2474.700,2530.225,2635.233,2468.250,2495.600,2452.286,2488.861,2316.000,2518.111,2378.426
2307.667,2477.750,2530.075,2623.367,2466.469,2473.750,2453.857,2494.750,2317.528,2508.778,2387.926
2321.528,2478.200,2521.275,2627.733,2473.594,2479.050,2456.500,2494.333,2336.000,2502.306,2376.426
2311.361,2476.150,2538.275,2628.633,2473.094,2470.900,2455.167,2484.139,2340.139,2497.750,2367.148
2300.778,2470.150,2540.900,2616.200,2465.562,2476.850,2447.905,2481.444,2334.556,2502.167,2384.556
2299.472,2499.400,2543.525,2638.733,2462.875,2473.200,2466.310,2476.806,2328.389,2498.306,2380.407
2303.917,2477.500,2519.125,2630.433,2462.750,2471.950,2457.857,2492.778,2336.194,2508.806,2375.500
2300.083,2455.800,2527.425,2647.767,2469.781,2467.350,2459.738,2489.389,2332.167,2530.417,2370.130
2302.833,2479.350,2523.950,2637.467,2463.844,2471.450,2458.548,2491.694,2329.389,2522.000,2387.222
2307.306,2483.850,2540.525,2636.500,2459.656,2478.150,2463.024,2484.389,2334.889,2515.222,2375.944
2304.694,2479.100,2526.500,2630.367,2471.312,2482.900,2457.976,2492.194,2341.222,2515.472,2383.796
2307.750,2472.450,2533.725,2648.733,2484.062,2472.050,2461.928,2473.500,2332.694,2538.833,2378.222
2312.278,2451.300,2534.850,2614.467,2466.188,2464.000,2450.452,2489.167,2329.833,2532.639,2388.185
2310.944,2476.950,2537.300,2629.567,2454.938,2469.550,2456.667,2490.667,2337.417,2525.306,2392.537
2300.056,2466.150,2530.225,2637.800,2466.250,2457.500,2470.619,2476.000,2340.222,2522.639,2379.333
2297.417,2466.300,2530.400,2640.900,2461.438,2474.000,2463.762,2494.556,2335.222,2527.667,2382.481
2312.778,2485.150,2533.050,2639.533,2464.562,2468.600,2457.452,2485.500,2321.417,2516.972,2390.759
2305.972,2468.900,2527.025,2628.233,2456.719,2480.200,2462.857,2483.417,2340.167,2530.306,2379.148
2311.417,2466.650,2519.375,2633.500,2447.531,2461.200,2462.381,2484.917,2340.722,2519.694,2383.722
2310.000,2464.750,2530.950,2629.267,2459.375,2465.950,2459.952,2478.722,2338.750,2503.889,2370.759
2311.806,2465.350,2533.725,2640.433,2454.656,2471.700,2448.024,2477.000,2330.000,2523.917,2375.574
2315.139,2468.300,2533.825,2621.200,2464.844,2477.100,2448.762,2500.694,2333.278,2523.889,2376.315
2306.278,2474.800,2532.475,2639.433,2459.281,2482.850,2459.048,2494.111,2358.917,2514.806,2368.963
2300.556,2469.800,2522.875,2643.867,2464.688,2469.300,2465.690,2485.194,2331.083,2515.611,2376.796
2303.389,2469.550,2525.425,2629.067,2467.250,2463.450,2460.595,2495.583,2337.639,2494.278,2389.241
2309.056,2481.850,2517.100,2626.833,2450.250,2451.300,2475.310,2491.694,2330.333,2512.944,2361.722
2316.250,2481.950,2526.050,2611.433,2458.906,2453.250,2455.548,2495.556,2325.194,2512.611,2365.463
2299.444,2485.550,2518.650,2638.667,2450.500,2451.350,2455.452,2495.833,2329.389,2497.611,2366.870
2312.250,2470.700,2533.000,2623.933,2450.406,2454.400,2462.381,2502.528,2338.444,2505.750,2370.722
2305.000,2464.000,2533.950,2613.100,2466.000,2463.500,2450.643,2466.222,2332.000,2517.417,2369.259
2310.083,2467.700,2520.725,2625.967,2459.844,2461.250,2452.214,2489.583,2315.389,2483.333,2363.037
2303.444,2456.700,2518.425,2616.467,2444.344,2462.850,2449.238,2463.528,2312.194,2485.722,2372.426
2306.250,2469.000,2525.175,2622.367,2455.406,2464.650,2463.190,2476.333,2327.111,2504.250,2375.315
2306.389,2443.350,2520.875,2626.500,2453.062,2463.950,2450.595,2481.278,2329.139,2494.111,2362.741
2304.333,2457.750,2522.600,2621.533,2439.281,2465.150,2452.595,2475.194,2326.972,2504.750,2371.593
2294.333,2460.100,2526.850,2616.133,2460.844,2450.500,2458.833,2477.667,2322.083,2522.111,2380.093
2313.028,2473.400,2526.400,2617.033,2467.688,2469.700,2459.048,2481.806,2338.694,2518.389,2373.481
2297.639,2465.200,2528.850,2649.867,2448.688,2461.450,2451.714,2485.222,2326.306,2509.333,2379.481
2301.917,2454.850,2521.475,2647.033,2465.094,2452.550,2465.024,2484.889,2331.500,2521.361,2377.352
2303.139,2467.600,2512.700,2626.533,2456.531,2452.550,2448.786,2471.722,2325.472,2514.583,2367.648
2305.250,2472.500,2527.475,2644.500,2453.000,2467.700,2455.524,2484.333,2335.028,2514.306,2379.704
2307.250,2462.800,2527.025,2617.267,2450.375,2459.250,2463.381,2478.056,2335.111,2522.083,2375.111
2306.222,2477.750,2528.675,2642.567,2459.969,2457.700,2454.476,2475.056,2323.583,2510.083,2380.778
2300.944,2461.450,2515.550,2634.500,2456.906,2468.450,2459.643,2479.194,2332.500,2511.028,2379.481
2304.500,2470.000,2518.375,2645.667,2443.250,2454.700,2461.667,2493.917,2329.639,2506.028,2387.148
2322.250,2455.500,2526.500,2620.133,2450.969,2466.800,2452.072,2493.556,2329.306,2503.083,2359.148
2312.250,2481.850,2525.900,2617.867,2440.750,2459.950,2451.619,2472.417,2341.028,2512.194,2368.130
2313.389,2469.500,2521.400,2618.167,2461.562,2480.200,2464.714,2468.694,2338.278,2500.917,2366.185
2302.861,2472.550,2523.825,2635.633,2466.219,2460.350,2452.500,2481.083,2333.889,2501.944,2366.741
2298.778,2462.750,2521.650,2621.067,2446.219,2459.100,2458.238,2476.778,2331.389,2489.694,2355.370
2307.444,2455.700,2507.750,2613.533,2443.594,2482.450,2449.428,2478.056,2323.833,2488.917,2366.315
2298.583,2454.500,2525.950,2614.267,2442.812,2461.850,2442.262,2480.361,2332.028,2502.806,2366.833
2305.306,2477.550,2509.825,2621.500,2454.750,2442.750,2456.595,2494.722,2325.417,2485.694,2363.741
2300.667,2454.900,2521.475,2630.567,2447.281,2466.600,2450.476,2486.444,2339.417,2494.639,2358.241
2287.250,2459.800,2516.775,2637.833,2445.125,2453.800,2449.333,2490.861,2326.972,2494.333,2363.111
2307.694,2460.050,2508.325,2626.667,2435.938,2441.000,2450.333,2483.028,2328.444,2485.833,2358.815
2297.417,2459.550,2513.525,2619.567,2455.594,2471.050,2452.072,2482.722,2333.139,2485.167,2378.426
2299.500,2460.650,2511.900,2623.800,2447.656,2460.500,2457.476,2477.528,2319.472,2492.667,2363.426
2299.778,2448.700,2509.125,2633.167,2461.219,2467.300,2441.214,2472.250,2328.889,2480.694,2375.204
2294.306,2482.550,2516.250,2621.933,2457.469,2423.450,2448.976,2476.806,2327.417,2497.500,2371.870
2308.056,2428.400,2514.550,2622.967,2436.594,2454.500,2446.690,2485.667,2323.694,2486.778,2369.241
2297.694,2459.800,2524.625,2630.367,2443.969,2447.750,2448.428,2476.472,2324.056,2484.611,2376.185
2313.861,2458.350,2511.475,2620.533,2449.625,2434.800,2443.500,2480.278,2326.167,2505.639,2381.389
2310.500,2454.700,2511.525,2607.467,2439.219,2453.400,2458.286,2472.056,2312.778,2500.722,2377.222
2300.000,2462.550,2515.075,2620.533,2444.250,2465.700,2452.000,2474.222,2344.389,2502.056,2375.833
2291.500,2470.400,2521.425,2631.400,2447.375,2442.400,2443.810,2488.361,2320.833,2497.333,2377.870
2312.917,2478.000,2518.225,2628.600,2452.344,2448.000,2454.619,2490.472,2330.528,2486.222,2379.074
2301.806,2465.850,2511.250,2623.933,2435.562,2446.300,2446.286,2472.083,2340.889,2491.778,2378.111
2298.833,2455.500,2515.725,2630.267,2448.594,2448.950,2439.072,2485.056,2324.583,2479.806,2369.259
2305.722,2463.250,2497.350,2639.233,2438.969,2453.450,2444.548,2495.583,2334.722,2476.528,2350.722
2307.278,2458.400,2517.525,2617.833,2436.281,2437.800,2439.286,2471.694,2325.194,2475.944,2348.352
2297.472,2451.800,2526.000,2607.900,2446.125,2467.650,2446.857,2493.083,2327.139,2481.806,2364.852
2298.639,2453.200,2497.350,2620.267,2447.562,2418.400,2453.476,2474.000,2323.361,2479.917,2360.778
2303.222,2465.450,2510.950,2615.833,2443.469,2462.600,2446.143,2476.306,2316.944,2468.528,2352.019
2304.333,2452.650,2515.200,2606.967,2431.031,2458.900,2447.119,2484.917,2333.917,2475.528,2364.019
2311.361,2437.300,2509.900,2613.200,2441.094,2438.900,2446.928,2469.667,2319.556,2463.972,2359.870
2308.694,2469.750,2511.500,2623.100,2441.188,2444.750,2450.333,2469.833,2309.250,2476.389,2357.130
2302.306,2464.100,2513.900,2605.433,2441.531,2461.750,2445.476,2484.417,2320.639,2476.278,2351.667
2306.889,2445.500,2508.150,2605.367,2445.156,2438.850,2441.452,2466.750,2333.694,2477.167,2358.315
2317.222,2446.350,2508.825,2608.833,2455.094,2458.100,2449.786,2475.417,2331.722,2469.694,2361.463
2302.333,2445.850,2514.300,2622.467,2446.719,2438.400,2452.238,2488.333,2321.000,2474.944,2372.574
2312.250,2434.300,2524.375,2618.500,2452.500,2436.200,2448.119,2475.167,2303.278,2481.139,2361.056
2312.444,2450.150,2496.850,2622.133,2437.938,2455.300,2450.810,2473.194,2320.583,2470.722,2359.648
2313.250,2457.000,2515.750,2625.900,2437.781,2435.600,2447.857,2460.083,2315.722,2475.361,2372.167
2303.583,2456.150,2502.400,2620.100,2444.750,2450.200,2451.810,2472.972,2329.222,2475.056,2359.407
2301.111,2458.450,2516.400,2616.333,2437.156,2456.550,2447.167,2483.639,2323.917,2491.667,2372.222
2303.444,2447.250,2501.400,2617.600,2437.688,2447.300,2457.119,2466.556,2330.472,2476.194,2380.259
2309.194,2468.650,2522.525,2612.867,2440.625,2453.600,2450.548,2489.417,2313.444,2480.778,2367.630
2309.222,2430.700,2514.975,2623.233,2446.844,2448.850,2443.619,2467.028,2331.333,2490.139,2363.389
2297.444,2451.450,2526.450,2629.167,2428.625,2455.200,2450.143,2474.000,2327.694,2474.194,2364.167
2318.778,2443.200,2505.050,2621.300,2457.406,2442.750,2461.357,2477.778,2335.250,2491.444,2367.741
2294.750,2448.000,2516.275,2619.133,2441.438,2443.350,2440.428,2479.750,2325.389,2471.861,2366.889
2304.472,2432.000,2509.500,2627.767,2435.531,2435.550,2455.095,2467.417,2324.917,2493.250,2359.796
2299.528,2451.750,2496.925,2609.333,2431.781,2454.300,2457.690,2477.750,2324.167,2472.111,2360.259
2306.028,2439.300,2498.175,2618.433,2442.594,2449.100,2447.476,2472.889,2328.361,2492.472,2365.704
2300.944,2449.650,2500.675,2615.500,2443.344,2450.250,2454.881,2478.028,2328.833,2473.583,2358.093
2302.389,2446.050,2499.275,2621.767,2425.344,2437.300,2457.905,2488.361,2328.861,2472.306,2362.056
2290.250,2434.750,2491.950,2614.667,2434.219,2438.000,2435.667,2462.250,2316.111,2468.083,2351.981
2296.472,2438.000,2508.000,2607.633,2428.031,2428.550,2441.524,2471.694,2332.528,2465.833,2353.204
2321.889,2423.950,2500.575,2603.000,2439.312,2447.250,2450.048,2470.500,2327.889,2474.417,2340.167
2301.833,2438.000,2515.825,2610.800,2426.281,2431.450,2445.357,2473.111,2325.222,2460.722,2353.759
2290.667,2432.750,2498.575,2604.300,2423.656,2440.300,2439.548,2482.972,2332.556,2462.444,2355.463
2303.528,2413.050,2500.400,2595.567,2431.906,2438.450,2442.833,2463.972,2331.194,2457.472,2356.796
2294.694,2449.550,2505.500,2599.100,2424.562,2431.500,2443.881,2481.806,2319.861,2473.472,2361.519
2299.194,2438.250,2497.650,2614.967,2435.094,2441.400,2436.762,2481.361,2336.361,2465.861,2359.833
2305.333,2432.600,2494.725,2601.567,2435.469,2427.700,2455.262,2478.278,2327.889,2478.500,2359.963
2301.194,2423.400,2506.875,2601.967,2437.500,2435.600,2439.905,2468.722,2322.333,2471.639,2360.778
2310.778,2420.800,2489.225,2628.867,2430.938,2424.750,2445.119,2471.028,2338.556,2477.472,2355.741
2299.361,2439.750,2511.300,2614.467,2430.469,2428.850,2450.500,2487.389,2322.472,2471.528,2351.778
2299.778,2429.350,2511.225,2599.700,2430.906,2425.550,2456.619,2466.417,2329.806,2497.889,2356.870
2308.583,2458.750,2506.050,2615.367,2428.281,2429.300,2440.762,2469.556,2324.111,2491.611,2355.000
2307.083,2426.800,2505.475,2617.967,2450.719,2435.150,2440.357,2468.333,2337.333,2512.944,2358.019
2311.778,2437.550,2502.300,2628.467,2422.375,2433.200,2448.048,2468.750,2321.417,2494.361,2369.333
2296.306,2439.450,2501.975,2611.467,2436.625,2419.850,2435.119,2489.306,2319.083,2500.167,2361.926
2298.861,2444.150,2498.050,2601.600,2443.688,2414.400,2433.881,2463.806,2325.333,2488.111,2369.593
2300.194,2415.750,2510.800,2627.300,2429.750,2429.050,2435.905,2479.306,2328.556,2483.667,2358.833
2302.417,2415.900,2501.500,2636.700,2434.000,2435.300,2452.214,2472.333,2328.611,2485.111,2349.944
2310.583,2418.000,2507.125,2623.767,2414.875,2426.200,2437.095,2471.194,2322.917,2488.694,2354.389
2311.056,2422.100,2500.000,2615.167,2443.906,2418.650,2443.167,2473.139,2326.444,2461.750,2359.074
2288.556,2436.700,2511.500,2608.800,2420.688,2433.850,2451.405,2478.750,2322.250,2484.806,2339.981
2297.583,2422.450,2503.350,2602.033,2431.125,2444.400,2444.143,2484.889,2321.944,2474.139,2355.222
2299.306,2435.700,2519.150,2608.233,2420.594,2429.000,2460.905,2470.139,2311.806,2488.333,2349.167
2295.722,2422.550,2490.950,2618.433,2430.531,2441.650,2449.238,2470.028,2318.444,2465.528,2346.704
2301.083,2445.550,2493.900,2604.567,2437.938,2427.900,2434.786,2468.917,2314.306,2476.278,2348.241
2306.056,2425.350,2518.125,2599.100,2418.438,2435.400,2437.833,2485.194,2317.278,2473.444,2348.926
2300.139,2419.700,2508.125,2605.100,2420.844,2425.400,2430.952,2477.361,2316.722,2458.222,2351.296
2295.917,2418.150,2494.900,2607.167,2423.312,2426.500,2431.833,2477.778,2323.556,2474.361,2357.296
2280.778,2397.300,2503.800,2613.367,2423.031,2410.850,2431.714,2467.694,2325.500,2475.694,2360.759
2291.750,2414.350,2493.225,2610.467,2422.688,2420.550,2437.572,2473.167,2302.917,2451.667,2354.815
2297.083,2418.250,2505.400,2614.933,2424.750,2409.200,2429.476,2469.889,2308.861,2471.361,2356.722
2291.250,2426.300,2512.000,2613.400,2416.344,2403.100,2450.810,2478.111,2326.389,2458.556,2362.704
2287.806,2427.900,2510.500,2616.800,2429.375,2412.550,2447.976,2470.722,2319.639,2471.528,2346.093
2298.278,2402.050,2495.950,2600.767,2425.656,2424.850,2435.572,2473.444,2324.000,2462.417,2360.093
2290.861,2427.700,2504.825,2624.533,2427.906,2409.200,2441.690,2473.139,2322.750,2475.944,2372.000
2301.222,2443.000,2508.875,2598.533,2428.406,2395.400,2437.548,2497.028,2316.417,2486.528,2373.481
2299.083,2425.750,2503.125,2611.700,2423.156,2420.200,2436.833,2480.500,2324.028,2462.417,2360.056
2307.278,2418.350,2516.025,2608.800,2428.344,2413.000,2440.786,2469.750,2316.472,2468.639,2363.852
2300.167,2419.350,2503.250,2603.900,2423.469,2404.450,2447.762,2473.833,2324.583,2466.444,2365.796
2310.389,2420.750,2505.375,2597.833,2417.844,2422.550,2433.167,2484.583,2319.500,2471.667,2355.000
2289.639,2382.300,2509.450,2606.100,2409.000,2414.600,2442.905,2459.167,2317.972,2462.389,2354.907
2288.556,2403.800,2507.925,2609.833,2414.406,2422.850,2438.167,2466.306,2330.361,2462.889,2367.481
2302.306,2402.350,2499.750,2599.200,2409.219,2410.900,2441.476,2469.667,2309.889,2470.889,2359.278
2289.472,2404.700,2483.125,2602.100,2404.250,2421.250,2456.619,2477.444,2322.806,2458.778,2359.556
2288.389,2408.750,2496.125,2610.500,2417.812,2408.900,2450.024,2473.972,2322.056,2462.750,2359.056
2299.333,2412.250,2500.925,2596.967,2423.656,2411.200,2440.286,2473.028,2324.778,2462.417,2346.574
2298.167,2416.700,2510.725,2599.067,2414.719,2391.900,2450.976,2478.500,2317.833,2448.833,2350.944
2290.861,2409.300,2506.275,2610.867,2408.750,2428.750,2436.595,2464.083,2310.972,2452.250,2347.500
2301.833,2431.850,2495.275,2607.900,2424.844,2409.900,2441.500,2478.694,2315.306,2454.611,2351.556
2304.583,2420.950,2503.850,2609.067,2426.281,2415.200,2449.024,2460.611,2325.750,2452.361,2347.981
2303.111,2430.900,2498.225,2609.267,2425.719,2408.350,2444.524,2471.806,2315.833,2457.333,2352.963
2306.806,2400.900,2502.900,2601.167,2423.250,2410.100,2448.952,2473.194,2326.111,2448.556,2351.370
2296.389,2412.550,2502.450,2608.967,2416.875,2419.150,2436.714,2459.556,2314.944,2449.583,2363.111
2311.083,2424.800,2501.475,2597.833,2423.906,2420.400,2434.405,2463.500,2318.861,2463.167,2364.352
2315.250,2393.300,2498.600,2613.300,2416.188,2419.750,2441.762,2473.972,2318.861,2454.861,2370.667
2288.056,2426.800,2499.550,2593.533,2415.906,2411.900,2443.810,2468.750,2327.306,2450.250,2362.611
2295.333,2404.200,2488.300,2611.967,2424.688,2413.950,2440.595,2464.000,2318.861,2455.611,2369.222
2303.583,2402.900,2503.400,2613.333,2414.250,2404.550,2437.595,2463.472,2323.667,2460.833,2360.130
2289.667,2410.000,2487.875,2634.600,2412.906,2398.550,2459.238,2476.389,2318.250,2459.111,2357.870
2305.472,2415.550,2489.325,2611.367,2422.219,2406.800,2450.238,2470.222,2327.861,2455.889,2362.648
2302.056,2410.550,2485.775,2608.333,2411.500,2401.500,2460.714,2472.472,2326.722,2471.167,2362.796
2305.250,2418.700,2491.075,2619.800,2405.812,2410.550,2439.357,2467.861,2321.361,2464.333,2354.241
2301.194,2419.750,2504.075,2610.800,2422.219,2418.700,2438.928,2476.278,2319.417,2465.389,2366.741
2305.972,2397.500,2503.325,2624.933,2419.844,2412.300,2432.905,2474.972,2328.083,2465.556,2361.741
2313.583,2396.300,2489.625,2614.167,2402.344,2428.050,2443.167,2458.111,2327.500,2468.972,2362.019
2308.889,2407.150,2505.100,2609.000,2411.875,2422.850,2441.572,2473.444,2334.694,2442.861,2361.000
2286.000,2421.850,2489.300,2608.567,2421.500,2406.450,2444.572,2473.111,2325.028,2466.833,2347.296
2294.500,2415.600,2488.325,2604.233,2409.656,2415.700,2435.952,2480.417,2319.917,2472.833,2362.370
2297.389,2425.600,2495.600,2590.967,2418.031,2398.300,2447.405,2465.333,2316.389,2459.806,2358.593
2295.694,2401.750,2493.475,2602.433,2435.469,2419.650,2434.786,2457.278,2327.778,2443.944,2350.333
2291.611,2417.500,2488.850,2593.767,2420.594,2410.750,2443.381,2474.667,2311.139,2454.000,2343.611
2318.083,2396.000,2496.225,2610.633,2428.312,2423.150,2420.024,2466.972,2320.472,2454.444,2347.907
2300.111,2407.400,2492.325,2593.967,2416.969,2413.550,2444.452,2458.694,2317.694,2452.167,2352.870
2296.528,2396.200,2477.475,2623.500,2419.781,2405.050,2441.905,2461.250,2313.778,2440.472,2338.370
2314.333,2410.500,2479.700,2600.400,2429.312,2407.350,2438.667,2459.222,2313.194,2452.222,2350.944
2306.194,2382.200,2488.425,2608.500,2415.781,2414.000,2434.524,2473.056,2328.889,2454.389,2344.926
2301.917,2403.000,2505.250,2602.200,2418.000,2388.950,2420.238,2471.667,2322.917,2448.972,2358.352
2310.861,2402.950,2481.900,2604.700,2405.469,2399.050,2439.024,2468.139,2326.694,2460.500,2344.093
2308.444,2410.800,2491.775,2610.267,2408.906,2397.200,2444.500,2467.222,2309.694,2454.889,2353.130
2304.444,2419.450,2498.150,2597.567,2421.062,2401.850,2446.857,2469.889,2326.167,2456.417,2356.944
2294.861,2377.150,2478.250,2585.433,2406.812,2410.250,2441.928,2450.944,2318.833,2455.167,2358.667
2295.583,2414.800,2491.225,2622.700,2427.688,2412.250,2436.476,2458.111,2323.111,2454.889,2346.389
2301.556,2402.400,2492.400,2611.533,2407.562,2404.400,2434.000,2466.472,2314.417,2450.056,2349.907
2305.722,2393.650,2495.875,2616.167,2399.750,2391.050,2442.262,2470.694,2317.639,2451.972,2350.093
2310.583,2412.550,2494.600,2616.133,2410.344,2397.300,2440.381,2467.639,2330.833,2463.194,2340.185
2299.528,2401.200,2483.775,2603.900,2421.344,2406.350,2449.357,2465.611,2317.750,2450.611,2345.963
2294.083,2400.350,2494.200,2605.533,2417.750,2394.100,2434.738,2469.389,2323.611,2444.194,2338.352
2307.028,2394.300,2499.050,2614.467,2423.469,2394.550,2438.405,2455.889,2318.500,2444.750,2347.556
2304.722,2410.450,2491.175,2610.733,2408.594,2415.300,2436.881,2473.417,2309.806,2445.000,2340.037
2296.278,2390.700,2493.225,2598.100,2419.469,2397.250,2448.262,2471.667,2315.833,2445.333,2338.796
2306.806,2415.200,2492.600,2611.400,2413.250,2411.300,2429.738,2458.972,2312.611,2436.500,2345.370
2290.861,2388.400,2493.800,2598.467,2420.125,2402.850,2434.524,2481.194,2317.278,2428.722,2332.944
2301.917,2391.700,2489.850,2603.267,2415.688,2391.750,2431.214,2469.861,2320.417,2444.028,2337.000
2300.306,2390.300,2488.650,2601.833,2409.250,2389.900,2435.072,2467.528,2322.389,2442.444,2336.037
2302.056,2399.150,2481.750,2610.833,2410.062,2404.250,2435.738,2479.278,2306.139,2438.528,2335.611
2300.694,2400.000,2492.800,2602.667,2417.312,2385.850,2438.190,2480.500,2310.806,2432.361,2332.278
2299.722,2410.900,2487.075,2608.033,2406.531,2383.300,2440.619,2472.444,2322.222,2439.611,2332.370
2311.778,2383.500,2483.475,2600.900,2399.625,2394.650,2438.428,2471.361,2314.472,2426.972,2334.556
2308.361,2386.950,2497.475,2605.367,2416.625,2387.750,2423.381,2464.361,2312.972,2425.694,2337.704
2302.333,2378.650,2482.875,2584.600,2413.438,2399.800,2443.072,2465.000,2311.750,2431.833,2339.074
2305.639,2409.450,2497.225,2612.733,2410.344,2405.000,2422.357,2456.111,2315.333,2439.611,2332.111
2288.361,2398.100,2483.425,2618.400,2406.562,2394.650,2437.524,2472.972,2312.444,2438.111,2327.037
2289.194,2380.300,2488.625,2602.167,2405.500,2403.900,2426.905,2463.667,2304.806,2433.528,2334.648
2299.917,2377.200,2485.900,2599.067,2419.156,2410.050,2435.024,2469.528,2304.667,2459.167,2341.796
2290.722,2399.350,2485.050,2595.100,2410.469,2393.500,2427.738,2467.167,2307.972,2452.194,2340.593
2311.139,2397.050,2487.750,2619.333,2405.125,2393.400,2441.190,2461.694,2318.528,2462.000,2337.481
2296.889,2397.300,2491.775,2606.733,2414.875,2411.300,2437.786,2466.722,2315.417,2466.194,2334.926
2305.639,2417.000,2480.250,2599.633,2415.781,2415.600,2443.286,2452.472,2314.833,2454.611,2344.704
2305.056,2388.750,2479.225,2618.333,2413.688,2398.250,2429.952,2458.083,2304.528,2431.028,2343.093
2294.528,2416.850,2493.300,2615.767,2418.406,2419.550,2436.286,2469.139,2305.417,2461.500,2333.796
2308.500,2394.600,2494.550,2598.267,2409.406,2419.350,2439.667,2451.194,2309.611,2454.778,2342.000
2298.861,2399.650,2491.000,2587.333,2411.312,2408.200,2429.952,2452.861,2320.750,2444.250,2332.333
2294.583,2399.600,2486.250,2585.700,2417.094,2384.600,2427.286,2455.972,2316.250,2433.083,2327.889
2300.417,2397.700,2493.875,2618.700,2415.688,2412.750,2433.000,2463.472,2313.333,2465.917,2340.185
2305.694,2398.150,2481.325,2590.833,2403.531,2412.000,2431.667,2467.667,2319.306,2444.778,2328.648
2288.528,2402.450,2488.750,2610.167,2421.938,2425.500,2441.310,2458.778,2319.944,2443.333,2325.426
2302.944,2386.700,2484.350,2598.733,2422.375,2406.200,2429.143,2464.417,2328.000,2453.806,2335.222
2311.250,2397.700,2481.800,2594.500,2426.219,2396.900,2425.572,2453.611,2320.472,2438.333,2340.611
2297.889,2393.050,2489.075,2593.467,2412.250,2396.550,2430.833,2446.889,2308.083,2430.944,2318.611
2297.861,2387.200,2486.625,2583.200,2401.281,2393.050,2437.810,2467.861,2311.917,2427.417,2327.426
2300.583,2396.650,2492.500,2595.500,2418.656,2398.100,2432.024,2452.639,2312.278,2427.778,2313.852
2298.139,2388.200,2483.300,2606.667,2407.875,2419.350,2421.000,2456.583,2308.389,2445.861,2328.463
2300.889,2390.300,2502.800,2582.633,2404.531,2378.300,2439.857,2457.222,2308.222,2431.444,2334.037
2309.167,2376.400,2489.125,2592.600,2402.969,2387.000,2434.048,2473.028,2307.444,2433.361,2326.037
2299.944,2384.150,2491.975,2587.500,2409.188,2391.800,2431.928,2449.861,2316.139,2441.944,2327.241
2290.778,2394.350,2483.950,2598.067,2394.094,2388.700,2434.738,2472.750,2316.972,2452.361,2332.389
2300.028,2397.200,2465.425,2592.267,2411.250,2406.900,2430.190,2454.278,2308.806,2450.750,2339.222
2306.528,2369.700,2474.700,2598.633,2404.594,2398.750,2440.286,2450.944,2311.861,2451.972,2342.056
2288.972,2375.100,2490.350,2606.433,2400.062,2398.550,2432.048,2469.389,2317.000,2437.861,2330.167
2305.611,2392.500,2478.500,2609.933,2410.281,2384.500,2438.833,2462.611,2305.750,2446.556,2341.370
2301.361,2384.350,2483.700,2600.400,2403.312,2394.500,2426.643,2469.556,2309.944,2451.056,2340.796
2292.611,2387.850,2488.825,2605.167,2408.031,2387.500,2431.643,2463.194,2310.778,2448.083,2333.093
2309.306,2392.300,2487.125,2610.033,2409.219,2399.750,2448.905,2467.417,2319.222,2448.028,2329.889
2298.306,2403.200,2482.925,2602.533,2407.906,2383.050,2439.476,2468.167,2307.472,2443.500,2337.148
2292.083,2396.600,2485.725,2588.733,2410.938,2399.250,2434.524,2461.500,2327.778,2437.611,2322.426
2299.750,2377.550,2494.225,2598.400,2417.469,2391.750,2438.810,2460.583,2318.833,2433.417,2334.593
2305.583,2386.650,2479.425,2610.033,2405.562,2405.700,2445.667,2450.611,2323.722,2438.806,2331.426
2299.500,2361.700,2478.425,2603.033,2427.688,2398.050,2436.643,2449.667,2320.500,2431.056,2333.278
2297.667,2398.300,2490.975,2604.000,2404.594,2401.500,2425.238,2460.611,2320.750,2453.222,2336.259
2303.917,2367.450,2495.250,2598.667,2419.500,2402.850,2422.357,2445.750,2330.000,2452.611,2337.167
2304.306,2392.800,2483.650,2604.333,2414.062,2404.500,2433.286,2463.639,2312.361,2424.333,2328.759
2299.083,2394.300,2477.525,2594.200,2405.594,2380.650,2437.381,2456.528,2311.667,2429.528,2322.463
2297.917,2390.500,2485.925,2606.733,2402.188,2404.000,2440.095,2457.611,2311.111,2440.667,2330.870
2296.444,2377.650,2483.375,2586.867,2400.438,2406.200,2419.500,2467.056,2321.972,2440.889,2325.037
2292.778,2382.900,2481.875,2602.433,2404.906,2394.100,2425.333,2458.361,2311.639,2446.083,2324.278
2299.611,2374.100,2491.150,2606.733,2408.188,2389.850,2437.619,2456.639,2313.556,2426.083,2318.815
2293.417,2374.150,2486.700,2582.200,2403.375,2394.200,2421.881,2466.972,2311.472,2438.861,2326.204
2300.722,2376.950,2483.875,2608.967,2405.500,2404.600,2424.928,2456.250,2313.611,2431.722,2332.870
2300.528,2378.900,2488.225,2597.633,2406.125,2398.100,2432.476,2453.778,2312.472,2425.222,2325.685
2296.611,2381.250,2482.225,2613.300,2400.281,2404.350,2443.643,2446.222,2297.667,2435.833,2333.944
2312.806,2386.350,2488.675,2594.367,2406.062,2395.550,2425.333,2460.583,2311.250,2443.556,2332.333
2295.333,2377.500,2488.850,2598.367,2385.844,2392.400,2428.119,2469.083,2322.389,2441.306,2335.296
2306.194,2389.600,2488.375,2619.467,2402.688,2385.150,2437.952,2471.722,2319.611,2438.944,2331.556
2324.944,2394.100,2502.300,2626.000,2426.156,2396.150,2443.143,2483.083,2333.056,2465.556,2325.463
