2773.280,2785.800,2822.125,2770.057,2904.450,2729.375,2653.810,2675.738,2655.067,2876.720
2776.480,2765.100,2803.625,2751.286,2903.400,2715.000,2636.857,2661.095,2641.067,2868.320
2779.360,2772.450,2819.792,2750.800,2862.300,2729.125,2642.095,2645.405,2624.067,2874.160
2806.360,2786.950,2805.042,2752.029,2884.350,2750.688,2644.452,2649.524,2637.933,2858.320
2794.160,2771.250,2812.250,2760.600,2872.450,2725.688,2642.500,2656.048,2649.000,2881.080
2805.800,2799.200,2834.417,2755.771,2863.150,2721.562,2643.881,2643.310,2651.067,2875.400
2777.000,2777.150,2827.708,2744.200,2898.950,2744.062,2637.881,2641.381,2637.267,2878.400
2777.800,2787.650,2831.125,2761.829,2879.450,2746.125,2646.476,2644.762,2625.933,2882.360
2792.920,2777.150,2826.250,2762.114,2879.500,2773.125,2651.690,2642.952,2646.467,2870.000
2782.480,2800.000,2821.417,2737.743,2862.450,2728.375,2656.095,2638.143,2616.867,2893.560
2789.840,2781.050,2821.625,2749.914,2893.650,2724.750,2632.286,2654.762,2638.333,2881.160
2768.880,2756.200,2806.417,2732.829,2876.550,2736.125,2623.024,2648.738,2649.067,2851.920
2786.480,2729.000,2806.125,2737.257,2847.000,2731.750,2624.524,2642.500,2618.667,2882.240
2788.440,2754.300,2800.625,2737.114,2857.900,2699.812,2645.095,2636.595,2647.133,2887.680
2771.240,2732.250,2807.625,2757.714,2845.100,2709.188,2636.690,2638.405,2637.067,2871.320
2747.640,2750.200,2808.542,2741.029,2861.600,2714.375,2642.905,2625.452,2646.467,2862.760
2755.720,2741.950,2800.792,2756.686,2855.750,2714.000,2633.952,2645.119,2638.733,2868.280
2747.960,2713.850,2783.292,2744.314,2852.350,2679.375,2633.833,2625.310,2641.333,2871.320
2755.000,2741.450,2768.500,2725.771,2862.500,2683.812,2634.000,2643.143,2627.000,2851.360
2751.360,2722.900,2791.667,2743.143,2830.150,2675.688,2620.548,2635.524,2640.533,2868.960
2764.000,2730.500,2789.625,2725.714,2850.600,2705.250,2623.428,2641.333,2614.133,2858.240
2750.840,2725.150,2762.958,2740.543,2847.400,2682.500,2629.262,2627.976,2614.000,2872.600
2752.800,2736.800,2771.833,2729.257,2834.450,2692.688,2618.381,2648.333,2609.467,2857.600
2759.840,2732.750,2767.375,2735.857,2857.150,2695.625,2627.143,2620.048,2614.200,2856.760
2747.320,2726.100,2774.167,2750.257,2834.250,2666.250,2627.762,2641.810,2647.267,2874.000
2767.800,2734.500,2771.000,2730.314,2855.000,2686.500,2625.976,2649.833,2615.667,2864.680
2758.040,2739.750,2774.125,2732.314,2851.050,2669.500,2633.214,2631.976,2614.400,2863.280
2765.800,2703.500,2762.083,2730.200,2864.300,2677.438,2630.048,2634.857,2609.200,2872.480
2754.880,2707.200,2759.833,2733.086,2856.350,2688.062,2624.643,2630.238,2634.600,2851.480
2761.280,2712.600,2764.417,2736.629,2841.050,2702.062,2628.690,2625.095,2604.733,2856.440
2753.760,2721.550,2765.375,2731.057,2863.750,2683.438,2624.976,2632.905,2610.467,2827.520
2737.360,2726.250,2753.792,2742.286,2854.750,2676.562,2619.476,2626.524,2603.333,2860.440
2746.680,2719.250,2752.417,2725.829,2827.850,2680.812,2618.595,2619.072,2612.267,2848.600
2736.720,2716.100,2779.750,2736.086,2816.850,2656.562,2620.905,2622.262,2619.400,2825.800
2751.680,2706.850,2766.458,2730.371,2835.450,2653.250,2620.476,2630.405,2620.267,2853.360
2741.640,2714.750,2748.458,2729.229,2841.750,2674.125,2623.619,2624.214,2643.533,2838.040
2732.480,2708.150,2782.875,2738.629,2855.100,2671.125,2633.690,2629.667,2607.467,2869.600
2751.680,2726.000,2752.083,2736.657,2840.500,2680.000,2631.643,2626.381,2620.000,2833.600
2754.240,2704.450,2779.042,2736.457,2833.500,2668.812,2627.333,2630.952,2616.467,2856.760
2760.240,2696.600,2775.917,2734.657,2848.300,2705.500,2622.310,2644.857,2622.000,2841.960
2746.640,2695.950,2760.625,2747.343,2846.150,2679.562,2625.524,2629.976,2606.800,2851.040
2728.880,2702.850,2769.792,2722.829,2838.350,2661.562,2620.095,2629.214,2605.933,2841.000
2770.120,2715.000,2769.333,2733.114,2829.700,2670.250,2628.714,2619.548,2625.133,2828.080
2745.280,2690.350,2764.417,2721.714,2847.550,2681.625,2628.952,2630.428,2630.533,2855.520
2745.800,2700.800,2766.042,2732.086,2855.350,2643.000,2623.119,2626.238,2613.667,2855.640
2745.920,2693.100,2764.875,2724.543,2830.200,2642.750,2630.714,2629.524,2611.200,2844.720
2744.080,2697.150,2764.792,2725.914,2837.200,2662.938,2620.524,2631.714,2623.200,2823.120
2751.280,2711.850,2785.042,2733.629,2843.400,2666.125,2638.786,2641.333,2611.133,2809.400
2740.360,2699.600,2753.208,2725.343,2842.500,2657.875,2607.738,2623.238,2601.333,2856.440
2756.600,2719.600,2764.583,2723.886,2848.950,2676.812,2622.857,2633.310,2644.067,2835.200
2769.080,2707.550,2769.583,2728.886,2859.050,2682.625,2626.524,2624.952,2603.333,2859.120
2753.680,2696.650,2766.083,2709.057,2835.000,2684.312,2636.738,2624.786,2592.133,2872.840
2745.960,2709.800,2771.083,2725.514,2831.700,2656.312,2624.381,2635.738,2605.533,2846.200
2763.320,2702.250,2773.792,2728.057,2833.900,2661.938,2618.786,2630.072,2627.133,2850.520
2764.240,2706.000,2751.958,2725.829,2824.900,2671.688,2632.286,2625.024,2628.733,2845.640
2736.360,2696.750,2734.042,2747.286,2837.850,2658.562,2638.452,2620.667,2570.933,2847.040
2721.760,2702.600,2740.292,2742.543,2829.800,2674.062,2608.500,2628.072,2603.000,2830.360
2729.920,2680.600,2755.917,2744.086,2842.450,2693.125,2622.262,2625.833,2601.200,2846.080
2728.720,2695.400,2745.083,2730.486,2835.850,2664.562,2620.119,2628.167,2617.667,2850.840
2753.560,2702.000,2755.792,2716.057,2841.800,2677.375,2637.048,2632.810,2609.267,2846.320
2756.680,2701.750,2755.875,2719.057,2837.050,2683.438,2617.357,2626.928,2619.133,2835.800
2742.120,2703.850,2765.500,2738.771,2839.000,2676.438,2624.476,2611.024,2613.867,2856.880
2732.320,2708.300,2763.750,2725.857,2822.800,2674.188,2614.214,2621.786,2600.867,2845.400
2744.760,2704.950,2749.000,2715.800,2839.950,2656.562,2628.167,2626.024,2587.800,2849.600
2753.080,2696.450,2767.417,2725.971,2850.250,2688.125,2633.428,2635.833,2597.400,2854.600
2752.400,2699.750,2757.208,2723.886,2831.950,2690.000,2630.072,2633.643,2581.867,2857.240
2739.320,2691.500,2762.917,2737.371,2839.250,2664.625,2626.381,2612.667,2604.733,2837.440
2754.280,2700.300,2747.500,2731.800,2837.050,2659.188,2613.810,2627.167,2608.733,2839.440
2732.400,2688.300,2738.958,2719.486,2831.000,2647.562,2608.524,2625.024,2622.000,2832.480
2722.480,2667.050,2760.208,2726.114,2826.300,2651.688,2622.214,2619.405,2608.333,2841.200
2738.720,2696.300,2759.417,2740.428,2819.950,2659.250,2625.690,2630.476,2613.133,2835.880
2728.920,2691.300,2740.917,2721.914,2830.400,2656.750,2631.786,2617.310,2601.600,2823.040
2741.320,2669.700,2756.333,2728.457,2828.500,2647.938,2610.762,2649.690,2585.133,2845.320
2742.200,2694.050,2756.333,2714.572,2835.950,2657.750,2630.381,2617.881,2589.400,2832.000
2729.280,2685.250,2739.958,2727.572,2821.500,2677.062,2614.024,2625.238,2588.267,2836.400
2748.720,2688.150,2764.500,2727.286,2818.100,2647.688,2625.524,2629.095,2583.200,2803.280
2726.720,2688.450,2760.292,2728.486,2833.550,2657.000,2630.690,2635.048,2595.400,2833.520
2745.000,2721.550,2775.167,2731.514,2833.450,2661.250,2630.952,2623.024,2609.800,2853.160
2748.560,2693.050,2738.542,2714.971,2820.350,2643.688,2634.667,2624.167,2606.000,2866.120
2727.040,2697.950,2777.458,2726.971,2838.300,2677.375,2626.714,2627.857,2582.133,2842.840
2756.320,2697.150,2765.000,2726.143,2840.550,2684.188,2633.119,2625.381,2607.333,2847.360
2749.760,2710.950,2760.792,2714.629,2826.350,2674.812,2633.810,2627.976,2588.667,2831.160
2746.440,2715.800,2765.583,2720.428,2853.450,2683.625,2634.333,2636.976,2594.667,2863.600
2749.520,2680.450,2759.375,2742.000,2853.100,2653.625,2645.262,2636.310,2600.067,2863.520
2756.480,2702.000,2777.583,2723.943,2857.650,2657.750,2637.905,2626.738,2583.867,2842.040
2751.520,2677.700,2765.542,2738.543,2842.450,2675.312,2631.762,2626.310,2578.067,2826.640
2731.880,2681.250,2762.917,2716.371,2830.400,2658.188,2627.572,2621.095,2595.467,2819.040
2742.280,2697.700,2769.917,2720.572,2831.550,2669.312,2623.048,2627.333,2581.933,2823.480
2727.960,2690.200,2772.542,2730.171,2817.800,2678.875,2635.595,2644.428,2586.800,2852.560
2729.640,2692.550,2754.042,2724.428,2841.500,2642.125,2621.810,2629.428,2577.600,2823.280
2755.360,2702.600,2754.792,2722.714,2845.200,2656.625,2619.881,2623.119,2581.533,2834.760
2749.360,2689.150,2759.833,2718.886,2817.350,2654.312,2626.881,2640.762,2616.133,2837.080
2739.560,2692.500,2759.125,2700.371,2822.900,2669.312,2614.000,2625.048,2594.333,2844.320
2723.760,2680.550,2768.917,2730.428,2848.150,2670.562,2625.857,2603.810,2595.000,2828.720
2755.920,2698.450,2774.333,2730.486,2835.100,2662.625,2616.762,2628.810,2587.533,2830.920
2744.680,2702.400,2772.917,2718.600,2843.700,2677.375,2631.548,2622.548,2604.333,2849.640
2751.600,2719.300,2772.083,2728.257,2838.650,2673.062,2628.476,2634.476,2616.933,2852.080
2751.000,2721.350,2777.458,2736.143,2824.100,2701.625,2635.143,2639.690,2604.400,2844.160
2758.400,2723.600,2764.708,2720.543,2840.800,2674.438,2636.905,2626.643,2600.667,2852.480
2747.960,2710.250,2782.625,2735.428,2832.800,2683.750,2629.690,2628.072,2579.067,2840.160
2731.400,2711.900,2757.208,2736.543,2855.250,2696.875,2628.619,2638.667,2603.800,2845.080
2749.240,2700.800,2778.958,2724.371,2848.050,2664.875,2633.976,2629.786,2573.133,2848.400
2739.760,2700.100,2760.500,2738.829,2829.850,2679.938,2624.905,2638.595,2595.867,2841.520
2725.720,2690.450,2757.875,2713.400,2843.100,2659.500,2625.428,2628.786,2589.600,2862.800
2748.200,2702.700,2777.500,2722.914,2823.850,2678.000,2636.928,2627.143,2598.000,2858.320
2753.800,2694.000,2777.333,2719.743,2829.250,2676.125,2625.381,2612.476,2593.467,2858.920
2754.320,2712.300,2783.958,2728.486,2851.900,2669.562,2621.738,2625.000,2591.933,2844.400
2746.120,2698.000,2758.583,2708.343,2831.300,2664.125,2625.119,2632.714,2581.733,2844.720
2746.640,2706.650,2786.875,2730.829,2862.050,2666.938,2623.976,2618.714,2584.267,2830.560
2745.240,2688.000,2751.667,2730.486,2849.650,2667.312,2637.333,2620.238,2590.667,2854.520
2751.920,2692.550,2753.000,2723.057,2822.700,2677.750,2629.595,2623.452,2567.067,2845.200
2756.040,2694.350,2777.667,2732.600,2853.450,2650.688,2630.595,2636.262,2587.733,2841.320
2742.200,2688.300,2746.958,2705.914,2822.400,2688.812,2626.810,2624.714,2567.800,2846.800
2738.040,2693.550,2765.417,2721.572,2825.050,2654.688,2623.024,2627.048,2593.267,2845.040
2746.080,2705.400,2771.542,2722.200,2829.000,2662.125,2631.595,2630.357,2589.667,2852.600
2756.240,2681.500,2778.625,2713.572,2827.750,2635.188,2615.667,2620.857,2597.667,2813.080
2733.960,2691.250,2779.083,2726.143,2823.100,2660.625,2624.810,2623.595,2597.000,2845.560
2743.720,2701.450,2766.875,2725.743,2846.350,2665.375,2613.119,2617.524,2599.467,2845.800
2716.040,2697.050,2773.625,2726.714,2831.800,2633.500,2637.357,2624.405,2566.267,2816.440
2711.080,2699.650,2775.958,2721.400,2811.050,2649.625,2623.238,2621.738,2598.733,2838.800
2729.000,2700.000,2761.125,2717.800,2826.600,2642.062,2634.143,2635.048,2604.200,2826.320
2737.320,2684.100,2756.083,2725.029,2845.800,2645.750,2619.928,2609.452,2591.867,2834.040
2731.600,2705.150,2766.167,2717.829,2822.250,2651.375,2642.310,2615.857,2573.267,2838.440
2749.200,2703.100,2770.833,2716.200,2830.950,2652.750,2627.119,2618.024,2563.600,2858.240
2745.320,2676.100,2752.000,2710.000,2828.150,2672.375,2632.000,2623.286,2585.000,2830.560
2743.800,2693.100,2780.500,2735.514,2825.750,2662.250,2621.714,2622.952,2558.800,2839.760
2739.120,2710.600,2770.042,2694.143,2834.650,2658.750,2629.024,2612.286,2592.000,2845.920
2766.680,2720.350,2747.667,2724.057,2846.650,2646.562,2631.000,2627.572,2599.400,2844.480
2754.480,2710.750,2766.042,2714.743,2820.800,2655.688,2622.024,2625.667,2570.533,2853.520
2728.120,2719.750,2754.208,2714.200,2843.200,2674.625,2645.643,2618.262,2587.733,2876.400
2763.600,2700.200,2750.917,2739.000,2829.800,2658.188,2628.690,2626.119,2594.533,2826.840
2731.760,2693.250,2717.917,2726.686,2840.600,2666.875,2630.095,2635.905,2589.267,2852.280
2753.040,2743.450,2710.167,2718.343,2815.550,2640.375,2635.405,2632.119,2551.200,2853.560
2755.680,2727.550,2704.875,2724.371,2847.250,2654.062,2623.857,2635.619,2587.533,2835.160
2751.200,2717.050,2692.708,2729.514,2828.950,2657.250,2628.500,2627.810,2563.400,2852.920
2744.240,2721.250,2679.625,2710.686,2825.350,2661.875,2647.524,2626.548,2577.200,2856.280
2754.680,2724.700,2665.375,2741.600,2827.300,2665.125,2638.428,2619.762,2581.733,2842.000
2740.560,2700.250,2663.583,2710.286,2824.800,2661.312,2629.072,2622.381,2588.400,2830.000
2734.360,2703.500,2635.833,2711.514,2815.600,2681.750,2626.310,2619.024,2574.667,2825.920
2739.600,2710.650,2631.792,2719.714,2836.800,2633.875,2623.214,2616.762,2571.333,2814.400
2738.000,2694.500,2628.417,2724.800,2827.250,2637.312,2613.000,2604.000,2566.133,2826.920
2739.360,2698.850,2611.833,2730.343,2817.350,2637.812,2622.381,2638.405,2580.600,2842.240
2721.960,2699.450,2611.292,2719.600,2821.050,2645.562,2627.619,2628.167,2574.400,2832.920
2714.120,2704.600,2598.583,2711.314,2808.100,2657.500,2619.619,2626.143,2588.333,2825.440
2729.400,2698.750,2599.458,2713.686,2846.200,2636.000,2635.095,2622.572,2613.067,2842.560
2741.040,2693.000,2607.167,2717.171,2841.700,2651.000,2629.738,2631.143,2586.933,2828.840
2741.000,2689.450,2591.083,2697.114,2846.700,2658.438,2646.095,2608.428,2561.933,2820.160
2749.120,2718.700,2606.417,2730.457,2852.000,2676.000,2627.476,2626.238,2571.933,2833.400
2731.800,2693.350,2597.333,2715.428,2864.700,2627.750,2628.690,2613.833,2572.000,2849.080
2730.160,2733.850,2591.500,2717.371,2839.450,2668.938,2626.381,2625.928,2572.667,2845.560
2739.320,2717.950,2593.250,2714.343,2837.600,2662.500,2637.381,2632.357,2564.067,2854.360
2754.400,2737.700,2591.583,2698.943,2824.600,2637.500,2633.000,2626.167,2560.667,2855.680
2739.640,2706.450,2601.833,2723.000,2834.000,2689.125,2633.000,2616.119,2588.267,2848.520
2733.880,2713.800,2570.375,2706.314,2850.200,2653.625,2640.119,2627.643,2569.400,2821.560
2729.760,2736.850,2586.917,2708.800,2843.400,2651.500,2626.762,2633.072,2566.467,2844.920
2747.680,2725.950,2596.875,2725.000,2847.450,2658.688,2631.857,2623.214,2563.133,2836.280
2735.240,2717.050,2588.583,2709.857,2852.000,2636.375,2630.143,2629.690,2576.333,2833.960
2724.320,2725.050,2561.333,2713.000,2847.300,2651.125,2625.262,2621.595,2557.933,2824.160
2730.600,2706.050,2577.125,2703.514,2833.350,2646.312,2620.286,2628.738,2582.667,2821.800
2732.960,2730.400,2555.708,2711.486,2816.500,2640.438,2623.357,2620.405,2578.400,2835.080
2736.760,2705.700,2567.625,2712.857,2828.700,2674.562,2613.119,2629.905,2577.200,2823.680
2739.480,2692.200,2566.500,2704.114,2814.050,2648.000,2617.072,2619.905,2573.867,2835.040
2750.000,2721.800,2578.667,2716.171,2825.050,2639.438,2628.428,2617.881,2584.667,2834.920
2733.240,2729.450,2573.042,2713.114,2843.150,2633.250,2639.476,2620.262,2545.000,2833.880
2737.760,2716.700,2579.500,2711.943,2828.400,2667.688,2630.024,2617.524,2581.800,2828.920
2725.840,2680.650,2574.875,2712.600,2818.050,2644.562,2625.881,2627.857,2575.267,2829.440
2742.880,2697.900,2567.333,2721.114,2838.700,2646.500,2639.024,2631.333,2579.200,2858.640
2736.120,2734.500,2580.000,2728.486,2844.500,2651.000,2627.476,2626.857,2588.867,2843.840
2756.160,2732.450,2579.792,2723.143,2836.350,2663.812,2629.238,2619.214,2579.533,2846.600
2746.840,2753.200,2591.083,2710.086,2816.150,2659.062,2630.786,2621.048,2567.600,2863.040
2768.240,2732.600,2591.792,2698.714,2835.600,2673.438,2641.905,2610.905,2547.867,2846.480
2760.240,2728.300,2583.167,2720.457,2838.500,2644.250,2624.072,2617.286,2562.867,2844.080
2741.920,2739.600,2579.000,2722.000,2819.100,2650.562,2619.190,2615.119,2572.867,2850.200
2749.720,2722.500,2576.708,2723.200,2860.250,2655.688,2642.786,2632.310,2564.667,2853.560
2750.280,2725.750,2579.583,2705.572,2840.450,2657.062,2639.000,2635.119,2562.533,2849.800
2754.280,2725.150,2578.083,2717.829,2848.600,2655.188,2632.428,2620.952,2606.800,2862.160
2751.480,2734.600,2579.250,2715.029,2841.900,2679.188,2635.190,2636.381,2566.933,2845.440
2756.480,2722.250,2572.292,2710.800,2852.650,2661.562,2640.286,2608.667,2569.533,2843.560
2735.120,2729.450,2599.500,2721.943,2813.900,2660.062,2636.667,2623.048,2536.800,2858.880
2751.520,2734.900,2599.167,2717.600,2863.300,2667.562,2633.190,2617.619,2554.667,2856.480
2735.680,2731.250,2590.542,2713.886,2826.550,2650.250,2632.167,2630.548,2582.867,2848.760
2755.720,2735.350,2587.000,2710.229,2819.950,2674.375,2625.595,2629.214,2572.400,2855.000
2737.200,2735.050,2570.542,2715.428,2849.750,2637.062,2637.905,2629.357,2574.067,2851.120
2748.840,2735.900,2580.167,2709.514,2843.300,2657.812,2623.190,2622.905,2573.667,2840.440
2731.120,2730.100,2568.792,2708.629,2817.850,2629.938,2630.548,2617.667,2542.933,2842.360
2730.440,2732.450,2557.083,2704.686,2830.200,2650.250,2627.238,2625.072,2575.733,2848.600
2745.520,2727.050,2580.583,2706.086,2840.300,2641.250,2626.405,2622.000,2529.400,2847.040
2739.640,2733.850,2575.583,2702.857,2845.750,2636.125,2639.405,2624.119,2576.133,2845.040
2763.040,2746.050,2567.208,2720.400,2855.400,2646.000,2619.405,2629.595,2550.933,2858.840
2749.480,2726.800,2582.833,2700.971,2849.400,2667.062,2623.262,2613.333,2570.400,2849.200
2759.800,2745.900,2570.875,2710.800,2860.300,2662.875,2628.619,2613.619,2567.067,2849.320
2753.640,2738.100,2581.625,2716.286,2851.800,2658.000,2643.452,2620.095,2567.867,2847.360
2742.640,2754.150,2578.042,2709.543,2838.100,2664.688,2629.857,2625.524,2554.733,2846.480
2746.520,2740.200,2587.083,2702.886,2842.150,2655.375,2630.762,2617.357,2570.800,2851.480
2752.360,2754.900,2573.875,2707.743,2831.950,2640.438,2646.952,2623.024,2565.733,2850.640
2751.760,2756.350,2588.875,2718.543,2850.750,2670.188,2619.524,2635.286,2574.533,2850.120
2753.440,2742.400,2572.542,2697.857,2825.650,2678.312,2637.310,2630.095,2566.800,2865.640
2751.920,2746.050,2581.000,2704.714,2834.750,2676.875,2634.810,2623.952,2572.667,2848.800
2740.080,2741.600,2576.583,2703.771,2837.300,2665.312,2620.476,2608.810,2558.333,2836.800
2767.800,2729.250,2586.000,2719.543,2828.800,2663.438,2632.333,2619.119,2589.400,2833.440
2732.320,2744.650,2576.500,2705.714,2842.600,2643.000,2620.738,2623.667,2559.467,2865.760
2734.160,2741.150,2572.167,2708.886,2839.600,2629.000,2636.714,2619.238,2547.533,2847.240
2743.360,2726.800,2584.542,2714.743,2845.500,2666.312,2633.857,2616.524,2546.733,2844.600
2743.400,2735.900,2587.042,2717.514,2856.000,2660.000,2626.952,2622.786,2568.800,2846.280
2735.400,2740.950,2577.333,2714.629,2843.600,2675.562,2635.000,2635.548,2548.733,2844.600
2744.400,2744.950,2586.083,2707.629,2851.900,2632.375,2631.595,2628.238,2567.667,2854.360
2740.880,2735.000,2572.500,2698.086,2826.000,2665.562,2634.762,2624.833,2568.533,2857.840
2756.040,2737.200,2559.542,2699.629,2834.450,2667.000,2639.048,2622.738,2570.800,2855.920
2751.440,2744.000,2561.875,2703.457,2844.150,2661.062,2624.310,2616.286,2553.133,2819.560
2737.800,2729.950,2567.833,2711.314,2819.600,2635.000,2624.667,2604.357,2542.800,2843.400
2735.080,2737.100,2581.917,2700.143,2854.850,2644.500,2631.572,2608.095,2568.333,2840.760
2752.120,2736.900,2587.000,2713.114,2852.000,2667.125,2636.905,2627.333,2567.800,2832.680
2762.240,2726.400,2579.458,2707.057,2836.600,2651.250,2631.024,2618.833,2566.400,2839.520
2734.720,2737.300,2569.417,2693.486,2826.500,2655.750,2624.833,2624.452,2548.933,2836.120
2730.480,2752.550,2580.208,2696.143,2801.750,2634.188,2634.048,2614.738,2555.600,2835.240
2740.680,2756.650,2577.833,2707.400,2855.750,2660.312,2641.500,2603.167,2574.133,2825.680
2732.080,2742.050,2573.292,2692.657,2829.350,2641.875,2642.333,2605.238,2576.733,2857.200
2734.360,2727.500,2562.208,2703.229,2865.150,2635.688,2623.619,2606.786,2547.400,2833.400
2747.280,2720.450,2571.125,2700.457,2800.550,2648.688,2620.333,2602.619,2568.067,2828.080
2755.120,2729.600,2593.167,2703.943,2816.500,2655.500,2632.690,2605.286,2562.467,2838.440
2720.760,2694.600,2559.792,2702.371,2832.600,2659.688,2634.833,2594.572,2554.333,2825.400
2722.240,2731.450,2567.292,2688.229,2816.900,2652.188,2625.452,2612.143,2571.467,2832.160
2739.160,2730.300,2566.958,2689.286,2837.050,2628.688,2622.572,2599.167,2570.400,2829.240
2724.280,2723.500,2589.333,2707.686,2816.500,2665.750,2634.262,2605.452,2561.733,2828.080
2725.200,2719.800,2572.167,2686.200,2827.300,2661.812,2640.690,2625.000,2556.600,2840.920
2731.280,2716.700,2577.042,2708.543,2828.000,2670.188,2632.524,2620.524,2557.067,2841.760
2747.600,2723.550,2569.458,2696.457,2835.550,2664.125,2621.881,2615.976,2580.400,2845.440
2739.400,2741.600,2559.458,2697.143,2797.800,2651.750,2623.452,2621.428,2566.933,2846.400
2741.480,2703.850,2554.750,2703.686,2834.850,2642.750,2629.762,2621.357,2549.400,2833.840
2752.000,2742.550,2595.917,2700.971,2826.250,2655.750,2614.881,2606.190,2571.667,2853.120
2742.160,2723.900,2563.750,2699.286,2839.850,2681.812,2618.548,2610.238,2569.133,2838.760
2736.720,2755.000,2591.750,2718.857,2842.050,2649.812,2621.572,2620.810,2545.133,2857.600
2737.800,2750.350,2573.208,2706.086,2851.450,2661.688,2629.714,2610.810,2554.533,2841.400
2749.040,2734.600,2570.208,2703.257,2840.450,2653.375,2632.690,2619.286,2586.133,2854.960
2744.320,2725.450,2570.958,2705.200,2813.200,2639.938,2621.738,2616.238,2551.867,2831.360
2724.800,2741.900,2570.500,2701.200,2824.500,2646.812,2626.952,2623.143,2553.733,2826.000
2726.000,2735.800,2552.333,2694.229,2811.650,2662.562,2633.714,2609.238,2552.333,2857.040
2727.000,2707.450,2569.708,2692.314,2825.000,2659.188,2621.976,2618.595,2561.533,2838.560
2731.080,2733.250,2555.250,2694.229,2858.400,2633.938,2627.548,2597.714,2537.400,2846.040
2748.800,2740.400,2575.375,2714.114,2832.100,2654.312,2621.024,2606.167,2561.200,2830.760
2739.040,2748.850,2599.208,2716.829,2840.800,2633.625,2636.167,2603.214,2545.467,2822.200
2738.320,2732.700,2572.250,2702.543,2836.250,2663.062,2636.024,2618.905,2558.333,2846.240
2728.080,2737.000,2579.542,2685.543,2838.050,2648.750,2632.667,2613.928,2554.000,2858.880
2725.880,2749.350,2572.208,2696.857,2853.150,2628.125,2627.905,2621.714,2568.333,2847.840
2718.960,2729.600,2583.417,2697.771,2823.600,2644.938,2619.072,2621.548,2549.400,2844.760
2725.760,2725.350,2557.542,2705.800,2818.400,2642.000,2625.167,2599.190,2566.000,2834.960
2714.120,2719.150,2563.125,2707.886,2835.600,2648.750,2628.310,2604.690,2560.267,2828.080
2708.560,2732.000,2558.125,2713.343,2831.950,2643.875,2638.952,2601.405,2562.600,2827.800
2714.680,2713.000,2558.750,2686.629,2836.100,2644.062,2631.881,2605.476,2563.067,2834.520
2741.240,2707.600,2557.625,2695.543,2835.050,2627.312,2630.881,2608.452,2558.333,2845.800
2722.880,2699.850,2563.583,2694.371,2787.350,2639.750,2626.952,2607.381,2555.200,2830.400
2701.040,2703.850,2585.583,2703.657,2799.800,2641.750,2617.786,2617.000,2541.800,2834.160
2701.080,2705.900,2553.708,2702.829,2801.900,2647.938,2619.619,2600.595,2562.200,2835.840
2724.720,2702.350,2548.958,2696.029,2785.100,2621.062,2606.262,2605.357,2575.333,2821.320
2716.760,2707.750,2561.708,2696.457,2812.500,2603.875,2615.119,2604.452,2560.400,2815.040
2692.000,2696.800,2557.917,2717.400,2800.150,2650.062,2607.738,2600.714,2562.800,2807.760
2708.440,2714.900,2558.167,2718.971,2810.100,2631.250,2612.643,2597.786,2548.267,2824.400
2697.560,2675.400,2562.208,2706.914,2814.150,2596.312,2614.048,2616.572,2536.800,2828.960
2714.040,2710.550,2559.208,2704.914,2811.100,2642.438,2606.524,2607.667,2546.867,2810.000
2709.320,2689.550,2558.792,2697.400,2820.900,2617.312,2618.214,2596.214,2544.600,2827.720
2713.960,2714.700,2548.208,2688.600,2824.800,2620.125,2621.738,2606.667,2531.667,2813.280
2693.120,2707.950,2547.125,2701.314,2780.350,2626.000,2614.595,2591.905,2547.133,2810.160
2709.240,2705.700,2538.083,2686.114,2820.900,2608.438,2613.143,2603.762,2555.800,2824.400
2722.960,2688.900,2533.125,2683.629,2790.400,2617.875,2626.595,2608.072,2577.800,2791.120
2706.800,2677.400,2534.000,2700.800,2793.600,2597.375,2607.833,2620.928,2540.933,2799.000
2703.520,2678.250,2528.458,2707.143,2785.100,2619.312,2597.524,2603.286,2548.400,2793.840
2690.200,2681.750,2543.292,2685.971,2768.050,2595.375,2604.928,2608.905,2576.333,2810.680
2698.920,2678.400,2532.500,2700.600,2787.650,2603.500,2614.524,2592.714,2552.267,2815.040
2718.560,2675.750,2528.292,2691.400,2789.250,2618.875,2613.024,2599.167,2558.733,2822.800
2715.920,2687.150,2545.208,2685.400,2785.200,2612.812,2608.024,2599.000,2548.533,2828.080
2696.440,2688.550,2547.750,2692.029,2805.350,2600.938,2611.905,2596.238,2552.200,2823.080
2704.480,2650.950,2554.417,2685.543,2776.950,2604.125,2616.643,2605.690,2529.600,2815.280
2702.680,2692.600,2543.083,2678.686,2789.450,2592.875,2609.119,2604.024,2548.867,2824.240
2708.840,2676.700,2544.917,2687.629,2778.050,2620.500,2596.976,2596.310,2582.800,2813.960
2725.560,2661.700,2524.958,2707.829,2787.050,2622.375,2592.310,2607.214,2572.200,2807.120
2694.440,2676.050,2545.667,2694.457,2774.550,2585.250,2602.119,2592.119,2541.533,2797.080
2733.760,2677.200,2542.417,2685.371,2787.100,2607.438,2606.738,2612.976,2561.600,2789.080
2692.240,2679.950,2546.167,2674.400,2785.000,2599.250,2616.333,2608.214,2549.200,2807.040
2716.880,2676.950,2545.083,2695.457,2780.100,2582.562,2603.024,2605.595,2567.133,2810.800
2715.880,2673.350,2543.500,2701.143,2788.450,2597.062,2603.905,2605.738,2540.600,2808.800
2703.080,2677.250,2539.500,2697.600,2808.350,2596.375,2619.143,2606.572,2538.600,2814.120
2719.040,2677.850,2524.125,2696.686,2772.450,2582.250,2618.810,2612.214,2558.533,2813.440
2708.040,2684.750,2528.917,2705.629,2794.200,2606.375,2624.143,2600.524,2531.133,2814.160
2703.320,2685.100,2542.583,2698.514,2796.200,2601.125,2626.357,2598.952,2556.067,2819.760
2715.720,2681.800,2543.917,2679.771,2800.250,2628.250,2636.690,2601.214,2543.333,2807.920
2709.240,2689.200,2535.958,2694.543,2793.350,2613.938,2638.428,2604.238,2525.733,2809.680
2711.480,2681.450,2559.792,2700.000,2800.800,2589.750,2621.262,2592.048,2547.667,2813.360
2703.640,2672.900,2550.125,2695.086,2784.250,2613.188,2607.548,2596.786,2540.333,2815.000
2715.800,2696.100,2510.333,2694.343,2768.400,2611.812,2600.619,2611.381,2558.200,2818.200
2703.720,2690.650,2537.917,2703.029,2782.700,2599.875,2622.095,2595.762,2533.933,2816.440
2717.760,2703.250,2533.833,2697.514,2785.600,2593.375,2611.881,2606.714,2555.733,2847.080
2711.160,2701.350,2530.875,2690.943,2798.650,2610.125,2617.857,2610.524,2525.467,2814.880
2712.000,2681.650,2555.875,2691.200,2787.850,2599.062,2621.786,2597.357,2540.333,2806.040
2706.400,2701.650,2533.625,2699.371,2778.800,2623.500,2599.524,2606.952,2562.200,2819.120
2691.920,2670.200,2547.292,2698.657,2801.500,2595.875,2611.238,2589.524,2549.000,2810.960
2682.240,2668.050,2546.542,2688.029,2789.850,2589.125,2619.572,2604.190,2559.733,2790.520
2728.200,2690.500,2546.417,2692.400,2780.350,2614.000,2626.952,2598.595,2532.800,2804.840
2718.600,2686.700,2545.708,2683.971,2806.800,2600.500,2616.286,2616.190,2548.600,2810.200
2705.200,2699.150,2553.042,2687.971,2785.300,2615.000,2606.833,2606.524,2528.267,2835.560
2726.640,2668.000,2535.083,2705.886,2799.150,2587.688,2617.524,2594.357,2539.067,2808.560
2699.880,2693.200,2550.875,2701.457,2794.100,2643.812,2610.643,2615.714,2535.067,2813.160
2707.120,2682.150,2540.167,2706.457,2804.650,2614.688,2620.833,2610.119,2548.667,2828.400
2706.800,2685.050,2534.583,2697.057,2801.100,2627.188,2611.095,2602.095,2529.400,2806.440
2711.800,2700.250,2534.708,2698.743,2795.450,2605.125,2606.452,2601.762,2565.733,2796.440
2714.160,2684.250,2542.125,2699.457,2792.650,2588.625,2623.310,2599.357,2538.800,2807.680
2710.600,2686.450,2535.833,2687.343,2801.050,2587.062,2625.214,2601.381,2544.667,2809.880
2712.680,2685.550,2542.125,2694.200,2818.500,2586.375,2619.667,2603.405,2546.867,2821.160
2715.520,2701.750,2537.833,2697.143,2804.750,2595.938,2621.667,2604.714,2558.333,2817.240
2731.320,2690.100,2525.375,2715.714,2789.800,2619.625,2616.643,2615.333,2534.800,2831.320
2712.240,2696.650,2539.000,2680.000,2789.950,2599.938,2625.881,2598.857,2563.800,2812.560
2725.520,2712.750,2533.917,2671.629,2796.900,2613.938,2619.190,2602.190,2528.533,2805.400
2707.560,2693.000,2536.417,2698.229,2819.900,2613.375,2614.452,2607.190,2555.467,2818.600
2714.040,2712.500,2535.958,2686.943,2818.450,2607.125,2625.333,2594.428,2550.400,2806.160
2735.080,2719.900,2551.042,2703.686,2785.300,2612.875,2619.762,2620.476,2556.067,2811.320
2724.280,2700.750,2540.042,2686.057,2806.500,2622.750,2623.262,2613.572,2551.467,2815.160
2729.480,2718.850,2542.083,2704.371,2798.650,2627.750,2627.667,2618.667,2546.733,2811.200
2729.080,2748.450,2556.750,2699.314,2804.900,2610.812,2615.881,2591.738,2546.867,2811.840
2735.520,2729.400,2553.500,2697.943,2821.150,2638.500,2625.452,2610.214,2544.400,2829.920
2741.800,2712.550,2542.458,2686.971,2806.300,2607.250,2625.428,2612.786,2535.533,2816.520
2711.280,2702.400,2538.208,2682.343,2814.000,2618.125,2616.405,2612.119,2549.800,2814.600
2723.680,2701.650,2548.208,2677.371,2796.200,2600.812,2617.262,2608.857,2539.133,2805.480
2724.360,2705.250,2539.125,2693.000,2802.600,2639.562,2606.452,2610.405,2542.333,2823.000
2721.800,2691.750,2529.750,2711.714,2803.000,2610.188,2616.310,2613.286,2552.667,2817.760
2731.880,2725.800,2546.542,2701.829,2806.450,2612.250,2624.381,2606.262,2548.000,2813.840
2718.680,2730.150,2561.958,2707.686,2799.800,2617.500,2614.024,2613.786,2564.667,2818.520
2722.040,2718.350,2545.250,2695.257,2816.950,2620.750,2616.119,2592.190,2539.133,2823.720
2727.200,2732.000,2554.542,2685.086,2810.350,2628.188,2620.214,2605.381,2517.133,2820.560
2715.360,2725.900,2554.958,2694.029,2813.050,2611.062,2625.143,2603.095,2554.400,2820.280
2723.680,2722.200,2553.583,2681.857,2817.400,2607.750,2626.810,2600.357,2514.333,2814.600
2731.560,2714.350,2544.125,2686.143,2796.350,2619.688,2621.190,2594.643,2505.267,2819.920
2720.560,2731.800,2563.375,2692.286,2814.500,2605.312,2628.238,2593.048,2525.400,2813.600
2718.760,2703.950,2559.667,2690.943,2785.500,2606.625,2620.500,2607.476,2543.933,2822.080
2703.520,2698.000,2553.167,2675.086,2799.300,2607.375,2627.143,2606.452,2534.133,2828.640
2723.880,2706.700,2548.708,2700.286,2789.600,2614.500,2618.286,2609.405,2538.200,2818.800
2717.240,2714.200,2549.375,2693.171,2788.650,2620.000,2616.833,2600.357,2527.400,2827.000
2731.320,2714.850,2538.042,2684.000,2797.750,2625.500,2611.667,2610.572,2546.733,2809.560
2714.000,2709.700,2547.917,2704.286,2803.050,2616.625,2603.643,2602.428,2540.400,2803.520
2726.320,2712.600,2532.333,2702.143,2827.850,2609.625,2620.190,2611.690,2543.733,2820.360
2732.800,2727.250,2541.958,2682.600,2824.000,2611.938,2618.357,2608.786,2543.000,2810.960
2719.400,2720.400,2543.417,2693.686,2820.150,2616.562,2610.881,2603.095,2536.933,2834.680
2744.080,2729.300,2559.708,2682.114,2818.000,2607.125,2610.214,2602.643,2532.800,2841.840
2746.640,2738.500,2555.458,2697.629,2828.900,2604.188,2643.762,2609.405,2549.133,2829.600
2729.200,2746.800,2563.875,2686.314,2823.500,2613.875,2630.738,2613.143,2527.200,2819.640
2748.640,2729.050,2556.542,2688.914,2821.200,2612.812,2614.667,2615.714,2546.200,2835.680
2747.600,2726.500,2562.750,2693.400,2824.800,2640.312,2611.000,2607.357,2531.667,2824.800
2735.200,2716.850,2551.750,2711.000,2808.750,2608.438,2635.548,2606.928,2543.933,2825.080
2730.080,2724.600,2545.042,2687.114,2791.450,2617.312,2613.714,2590.643,2542.733,2816.200
2738.840,2742.400,2539.292,2696.514,2808.200,2633.375,2622.643,2607.476,2550.267,2831.000
2731.720,2742.450,2537.958,2697.486,2819.950,2627.062,2621.333,2600.738,2536.667,2846.120
2706.080,2733.000,2546.833,2679.457,2807.650,2593.000,2622.952,2602.857,2534.200,2847.960
2758.320,2739.750,2563.875,2684.486,2801.850,2610.438,2630.072,2595.024,2532.200,2821.920
2731.480,2723.150,2560.458,2692.314,2802.550,2648.250,2622.667,2598.667,2547.467,2839.600
2732.720,2729.850,2541.875,2694.486,2822.350,2607.000,2634.928,2597.072,2523.667,2823.640
2731.560,2719.450,2536.917,2687.428,2814.800,2627.875,2625.572,2600.905,2527.933,2841.680
2728.120,2724.300,2550.500,2679.371,2814.500,2619.688,2619.000,2611.428,2527.333,2837.360
2734.120,2716.100,2561.042,2687.229,2801.550,2609.688,2622.595,2597.024,2533.133,2851.720
2720.880,2722.650,2546.542,2710.343,2831.650,2615.562,2618.524,2612.333,2514.333,2829.960
2713.800,2701.450,2565.000,2709.143,2815.700,2617.562,2620.714,2609.714,2552.933,2843.280
2738.000,2752.300,2558.542,2669.714,2806.350,2616.500,2611.048,2602.452,2551.533,2807.720
2716.760,2745.300,2559.250,2694.257,2827.350,2625.750,2628.643,2604.786,2528.133,2833.240
2723.600,2712.000,2547.167,2690.143,2821.450,2618.375,2615.928,2596.119,2543.733,2818.400
2739.120,2722.950,2550.958,2695.114,2794.300,2628.625,2622.857,2604.714,2525.533,2826.120
2738.120,2740.200,2564.458,2700.971,2811.700,2637.375,2635.667,2604.405,2551.133,2826.240
2749.120,2719.200,2539.875,2697.600,2808.650,2609.875,2621.357,2613.072,2540.200,2839.520
2752.400,2742.150,2549.750,2693.343,2830.800,2622.062,2624.595,2588.714,2520.667,2822.400
2732.280,2740.700,2564.208,2702.743,2818.650,2638.250,2621.024,2607.548,2532.467,2831.040
2738.240,2734.050,2553.042,2689.714,2803.400,2598.000,2624.190,2608.238,2524.800,2828.200
2761.720,2732.500,2542.625,2681.114,2826.650,2618.750,2614.428,2609.405,2537.067,2826.000
2721.680,2751.600,2552.167,2684.114,2830.950,2636.188,2620.333,2603.738,2558.200,2822.040
2720.640,2737.100,2578.333,2698.886,2830.950,2613.375,2642.857,2592.572,2542.467,2806.760
2740.320,2754.550,2569.125,2688.886,2811.450,2623.500,2641.167,2607.714,2542.467,2841.800
2746.280,2764.400,2559.083,2691.114,2816.400,2618.000,2633.000,2609.119,2515.667,2835.360
2741.880,2742.050,2543.667,2685.029,2823.950,2623.688,2628.643,2616.167,2529.067,2852.840
2733.520,2747.300,2552.958,2694.200,2843.050,2616.875,2639.524,2607.357,2534.733,2841.200
2750.600,2770.500,2573.375,2702.800,2833.050,2637.500,2632.048,2616.214,2539.333,2820.400
2727.200,2727.950,2556.583,2694.371,2820.300,2623.688,2626.452,2610.738,2539.933,2845.160
2748.480,2741.700,2576.375,2692.657,2808.050,2615.750,2621.452,2603.095,2521.733,2838.320
2748.720,2746.300,2551.500,2684.143,2810.650,2640.188,2630.952,2607.714,2526.400,2824.920
2730.600,2746.250,2568.375,2691.143,2809.800,2636.688,2646.976,2612.524,2526.733,2826.280
2742.560,2758.450,2555.583,2693.457,2828.100,2631.438,2626.262,2610.643,2538.400,2819.320
2733.160,2743.750,2569.542,2704.657,2802.250,2630.125,2632.333,2607.119,2541.067,2817.520
2716.280,2749.600,2551.208,2703.572,2815.450,2613.625,2622.952,2592.357,2539.600,2832.440
2733.280,2746.150,2551.750,2705.771,2822.350,2644.938,2609.786,2596.048,2540.800,2833.320
2746.240,2737.950,2551.292,2693.943,2806.900,2639.938,2618.238,2601.572,2526.533,2828.600
2735.200,2721.000,2553.458,2689.886,2834.100,2644.438,2620.024,2615.857,2526.867,2821.080
2720.680,2749.500,2551.333,2701.457,2817.250,2613.500,2629.214,2611.048,2540.533,2827.200
2737.120,2743.400,2548.083,2685.600,2799.650,2633.875,2638.190,2602.524,2523.067,2828.280
2724.320,2749.350,2548.292,2685.457,2807.550,2617.375,2624.095,2602.786,2554.400,2841.160
2737.200,2726.250,2564.667,2687.572,2795.600,2634.062,2619.857,2612.238,2528.933,2845.800
2729.800,2733.800,2553.542,2687.114,2812.500,2619.375,2622.048,2603.119,2527.067,2816.320
2725.720,2741.700,2564.375,2697.771,2818.000,2623.375,2624.405,2602.976,2541.000,2826.000
2722.760,2728.700,2561.000,2697.428,2807.400,2603.625,2620.833,2612.214,2521.400,2835.960
2721.600,2733.550,2563.042,2685.572,2792.750,2636.250,2631.833,2604.952,2541.800,2834.560
2727.200,2732.800,2554.917,2697.771,2816.800,2627.188,2632.167,2597.976,2523.067,2828.080
2720.920,2723.300,2556.708,2695.057,2821.550,2616.125,2623.976,2606.524,2539.067,2842.360
2708.560,2723.800,2554.375,2683.657,2828.200,2607.625,2620.810,2606.548,2529.400,2836.760
2726.640,2707.500,2548.833,2697.029,2799.350,2605.500,2623.238,2607.214,2528.333,2829.160
2719.520,2714.200,2533.792,2689.657,2797.750,2618.875,2612.572,2600.857,2521.733,2815.480
2740.760,2700.000,2541.792,2672.086,2805.600,2615.500,2608.357,2594.810,2530.533,2820.080
2740.440,2716.350,2548.917,2691.514,2786.600,2603.312,2620.333,2612.810,2543.733,2818.160
2717.400,2718.800,2537.167,2686.886,2793.200,2611.312,2612.548,2590.976,2538.733,2833.200
2709.520,2711.100,2537.250,2703.371,2790.600,2597.000,2611.572,2601.143,2530.867,2828.320
2714.040,2736.600,2537.333,2689.886,2790.350,2608.938,2621.072,2601.072,2530.600,2828.160
2711.480,2695.800,2535.500,2679.200,2782.750,2601.500,2609.476,2588.190,2543.267,2833.320
2695.560,2707.700,2539.583,2692.829,2775.900,2590.188,2619.833,2616.428,2530.800,2807.280
2713.040,2693.450,2506.542,2677.943,2785.400,2607.312,2619.595,2609.786,2517.533,2822.280
2716.160,2710.250,2520.083,2674.572,2793.050,2600.500,2623.500,2601.190,2536.733,2809.720
2699.960,2704.550,2520.500,2672.086,2781.550,2599.500,2634.762,2595.072,2523.267,2781.600
2705.680,2708.300,2535.500,2679.686,2783.400,2602.062,2613.810,2598.048,2532.133,2831.560
2704.480,2696.900,2535.667,2678.457,2776.000,2592.562,2623.714,2623.476,2524.200,2819.640
2715.360,2698.400,2530.708,2680.886,2756.450,2579.500,2611.548,2597.905,2541.000,2804.800
2704.600,2688.650,2531.792,2683.943,2776.950,2601.875,2615.262,2593.357,2531.867,2807.960
2702.280,2691.000,2516.250,2680.543,2772.200,2606.688,2634.810,2598.428,2536.800,2803.480
2687.680,2693.600,2521.167,2667.857,2791.400,2589.688,2613.810,2600.167,2521.067,2791.440
2688.960,2692.200,2520.958,2690.143,2772.950,2595.500,2618.524,2600.238,2540.000,2814.160
2713.120,2693.550,2519.417,2678.400,2768.850,2582.625,2620.905,2605.810,2537.600,2827.800
2675.520,2696.150,2520.417,2669.743,2750.900,2591.812,2609.786,2589.286,2509.400,2807.840
2695.360,2675.400,2538.792,2671.886,2775.550,2594.500,2610.572,2602.214,2540.800,2799.960
2693.920,2708.400,2536.750,2686.886,2768.150,2586.812,2610.286,2601.524,2514.267,2791.880
2686.240,2695.300,2516.458,2677.286,2789.450,2601.625,2614.976,2589.667,2521.667,2812.560
2700.120,2663.550,2518.667,2690.743,2771.850,2597.875,2617.167,2603.452,2516.533,2790.600
2698.040,2696.100,2509.458,2678.771,2794.600,2598.938,2611.286,2583.500,2525.267,2800.360
2693.920,2676.950,2534.833,2683.000,2769.250,2591.125,2624.500,2590.595,2514.933,2801.320
2716.280,2690.400,2533.167,2674.314,2779.000,2576.250,2617.643,2595.119,2528.400,2809.200
2686.440,2693.900,2523.833,2673.229,2778.250,2581.312,2610.976,2588.976,2543.867,2803.400
2687.280,2678.550,2505.542,2685.029,2772.550,2593.938,2606.190,2599.405,2529.867,2775.920
2692.800,2692.000,2515.250,2661.629,2786.500,2598.125,2607.572,2597.928,2531.867,2790.040
2689.360,2720.600,2523.208,2689.314,2798.600,2578.625,2608.333,2587.119,2541.600,2800.520
2686.800,2689.300,2536.500,2677.314,2771.250,2593.625,2593.714,2594.548,2536.333,2783.280
2684.160,2700.650,2504.083,2677.600,2770.300,2593.688,2620.428,2590.857,2506.933,2785.040
2697.880,2710.550,2530.208,2676.600,2784.550,2603.438,2611.238,2594.000,2537.067,2796.400
2703.440,2701.150,2516.417,2674.114,2766.250,2583.875,2609.762,2614.190,2524.200,2802.760
2682.640,2686.950,2512.458,2675.886,2802.550,2573.188,2623.072,2601.238,2504.067,2790.440
2662.000,2686.800,2521.125,2671.257,2799.150,2585.438,2610.357,2591.690,2516.600,2778.880
2684.000,2687.800,2539.333,2688.686,2770.100,2593.062,2599.119,2608.000,2516.133,2799.440
2695.200,2733.750,2527.667,2686.371,2789.950,2587.438,2602.190,2581.738,2541.800,2785.640
2701.640,2708.700,2522.042,2676.886,2802.500,2595.375,2621.167,2599.857,2536.133,2810.240
2706.240,2690.650,2542.333,2667.086,2783.700,2594.562,2611.833,2590.976,2505.667,2800.320
2701.200,2709.750,2532.375,2683.771,2783.550,2590.938,2607.762,2594.452,2528.133,2808.040
2684.400,2689.750,2530.458,2677.486,2781.350,2595.125,2615.881,2588.262,2513.400,2788.960
2693.960,2717.200,2503.667,2680.343,2811.850,2593.688,2597.333,2601.286,2531.067,2791.000
2697.400,2711.900,2516.792,2675.457,2801.950,2590.625,2613.357,2595.048,2510.000,2802.080
2696.560,2697.450,2500.708,2675.857,2774.200,2565.938,2610.524,2593.952,2517.667,2798.680
2701.800,2691.650,2510.208,2682.943,2762.950,2600.500,2620.262,2594.905,2506.733,2808.720
2686.640,2673.450,2528.000,2672.286,2759.550,2598.375,2618.762,2593.428,2496.267,2805.080
2684.240,2696.400,2521.667,2693.114,2759.150,2581.812,2610.238,2588.190,2510.267,2791.640
2697.200,2673.300,2518.208,2672.686,2792.400,2587.625,2602.119,2594.119,2518.867,2787.160
2698.160,2697.950,2525.667,2687.400,2768.750,2577.938,2621.024,2598.452,2517.800,2782.560
2712.960,2682.150,2533.417,2686.686,2767.550,2585.875,2611.286,2609.595,2520.200,2805.600
2699.160,2703.100,2526.000,2679.000,2777.200,2595.250,2612.286,2600.857,2528.333,2788.280
2681.920,2693.850,2518.708,2686.000,2771.300,2589.750,2611.928,2589.381,2526.733,2812.600
2703.640,2688.600,2537.375,2674.371,2785.550,2603.375,2625.786,2601.643,2518.600,2817.080
2690.440,2693.100,2532.583,2690.057,2791.050,2624.938,2619.714,2589.572,2523.400,2808.320
2691.440,2693.500,2533.333,2685.086,2772.450,2595.375,2618.095,2589.881,2525.133,2793.120
2689.800,2709.500,2516.625,2682.400,2777.050,2600.625,2626.952,2592.595,2488.933,2808.960
2693.600,2669.000,2534.750,2682.428,2782.900,2599.000,2612.000,2603.405,2518.467,2790.880
2684.880,2677.950,2529.917,2677.829,2773.900,2609.188,2613.048,2600.572,2531.800,2793.520
2716.960,2704.350,2537.250,2663.914,2776.800,2621.875,2598.452,2596.381,2515.933,2783.720
2708.520,2699.100,2535.458,2672.629,2773.000,2573.000,2605.690,2600.405,2543.800,2791.320
2682.480,2723.400,2511.792,2675.343,2783.800,2598.938,2620.952,2605.810,2496.600,2778.440
2689.480,2687.100,2536.667,2672.886,2777.950,2601.250,2643.000,2605.500,2531.600,2791.840
2704.640,2679.300,2524.375,2660.114,2783.700,2608.062,2620.952,2603.572,2511.333,2806.240
2709.280,2702.600,2522.750,2684.229,2789.650,2594.312,2615.190,2588.000,2517.400,2806.720
2702.600,2683.050,2531.333,2689.514,2782.600,2609.500,2621.286,2613.048,2520.600,2798.040
2690.120,2683.700,2515.375,2673.943,2779.750,2594.875,2633.881,2603.881,2526.400,2805.040
2709.240,2684.250,2539.708,2681.714,2775.600,2621.625,2622.214,2608.643,2513.733,2795.480
2700.600,2704.100,2537.417,2678.200,2773.950,2623.750,2614.928,2597.333,2517.400,2809.880
2703.040,2703.500,2535.458,2672.686,2772.750,2624.625,2632.833,2583.143,2523.333,2796.120
2722.280,2703.450,2547.625,2683.914,2792.100,2590.875,2624.905,2593.048,2493.000,2807.440
2708.000,2714.350,2539.125,2675.114,2798.000,2614.000,2612.738,2599.738,2523.867,2811.440
2705.080,2726.600,2553.958,2687.886,2790.850,2617.688,2623.857,2617.000,2526.867,2786.000
2702.440,2707.000,2528.208,2675.543,2803.100,2591.250,2628.476,2587.143,2510.933,2819.160
2723.360,2740.000,2546.917,2683.000,2777.050,2614.188,2604.833,2599.690,2490.667,2804.480
2714.200,2723.700,2544.458,2676.086,2819.800,2608.188,2617.167,2595.405,2489.467,2796.840
2719.560,2709.800,2547.917,2672.914,2810.100,2612.688,2635.405,2602.143,2506.467,2789.000
2719.760,2711.100,2542.708,2679.543,2798.900,2630.938,2630.428,2588.452,2504.667,2811.480
2721.120,2703.650,2538.625,2675.314,2803.600,2608.688,2623.714,2597.405,2530.667,2803.880
2708.600,2702.400,2551.917,2681.572,2814.600,2618.000,2619.405,2589.881,2501.533,2818.360
2722.960,2727.350,2549.167,2676.428,2814.550,2614.250,2622.500,2604.310,2500.267,2813.080
2696.200,2725.700,2538.083,2689.886,2808.650,2607.250,2635.548,2604.810,2503.800,2795.960
2711.160,2725.350,2560.917,2676.800,2796.150,2622.375,2625.572,2593.738,2525.733,2820.240
2705.560,2736.300,2529.917,2686.457,2784.950,2603.750,2620.024,2593.762,2520.400,2820.840
2705.960,2702.100,2539.417,2679.514,2804.100,2611.688,2617.500,2583.405,2525.400,2805.400
2704.160,2725.250,2540.958,2680.428,2793.400,2607.875,2621.786,2585.310,2500.533,2808.160
2732.080,2719.100,2553.875,2678.114,2809.400,2617.438,2633.167,2591.738,2514.267,2795.320
2720.160,2725.800,2542.042,2680.543,2805.500,2605.688,2626.428,2594.714,2507.267,2802.280
2707.720,2707.450,2542.208,2687.886,2807.300,2601.938,2611.024,2588.357,2523.600,2820.960
2704.880,2701.550,2556.000,2666.714,2801.950,2627.250,2623.167,2592.928,2515.333,2819.160
2702.560,2735.350,2539.917,2673.543,2813.900,2616.375,2642.881,2601.500,2497.800,2813.520
2712.760,2740.350,2533.500,2679.057,2807.350,2586.812,2623.095,2589.643,2515.133,2808.160
2711.000,2715.550,2525.667,2671.657,2812.850,2601.562,2624.167,2598.738,2498.200,2805.960
2714.720,2720.300,2545.000,2679.886,2803.700,2591.625,2626.024,2588.714,2509.600,2808.800
2692.400,2710.600,2550.167,2676.286,2782.650,2617.875,2627.881,2598.143,2506.133,2781.560
2689.560,2709.200,2533.625,2663.771,2773.600,2606.000,2615.452,2571.048,2506.800,2802.360
2711.480,2737.150,2525.250,2670.771,2781.150,2607.375,2631.333,2593.476,2511.667,2788.440
2695.720,2697.550,2511.542,2657.171,2768.450,2596.875,2627.667,2595.405,2518.400,2790.840
2691.160,2719.250,2543.375,2661.971,2772.650,2613.062,2623.190,2572.738,2501.133,2786.560
2699.360,2727.350,2523.208,2671.257,2783.050,2607.062,2618.905,2593.357,2492.733,2812.160
2697.040,2714.450,2530.667,2655.714,2807.650,2592.000,2622.476,2588.357,2518.933,2795.000
2700.400,2723.950,2528.292,2672.286,2785.100,2603.625,2616.143,2588.572,2491.200,2815.960
2715.200,2718.500,2533.458,2665.743,2798.200,2602.438,2623.548,2581.476,2505.933,2776.520
2716.280,2712.750,2527.917,2674.800,2793.900,2618.938,2631.190,2580.190,2499.600,2810.360
2711.600,2718.300,2542.958,2661.057,2792.350,2608.500,2622.476,2585.310,2515.467,2806.640
2709.480,2724.050,2537.625,2669.371,2787.900,2593.375,2622.333,2585.905,2500.133,2797.400
2710.320,2723.700,2532.042,2676.029,2799.450,2599.562,2630.286,2583.262,2508.933,2804.560
2713.760,2729.800,2541.792,2681.086,2779.450,2621.812,2622.714,2594.976,2516.200,2806.000
2700.840,2718.800,2534.125,2670.657,2798.600,2617.688,2633.572,2601.262,2498.467,2802.080
2710.560,2732.200,2537.583,2682.971,2796.050,2592.875,2628.119,2592.381,2516.733,2822.520
2709.160,2712.250,2537.417,2670.400,2805.200,2616.250,2631.738,2597.452,2511.667,2805.560
2719.640,2718.700,2542.667,2665.943,2802.150,2587.000,2620.738,2585.072,2513.467,2811.080
2697.560,2726.400,2563.458,2683.572,2807.350,2610.562,2638.167,2602.786,2508.467,2790.120
2707.520,2738.500,2536.125,2661.114,2806.300,2628.500,2629.333,2578.738,2518.467,2809.720
2708.600,2732.100,2549.708,2675.343,2820.650,2611.250,2630.738,2573.072,2488.000,2789.040
2710.560,2730.300,2540.792,2672.971,2791.800,2599.875,2627.190,2589.167,2514.467,2813.320
2712.600,2727.500,2530.250,2669.171,2804.950,2602.812,2622.357,2581.905,2493.933,2795.920
2718.760,2716.450,2544.875,2691.771,2806.750,2598.125,2618.595,2590.738,2506.933,2814.360
2725.360,2732.450,2533.000,2664.314,2791.250,2604.625,2637.500,2600.881,2522.600,2808.640
2736.880,2717.850,2531.125,2667.971,2812.250,2594.625,2625.738,2574.262,2501.667,2800.080
2735.640,2706.550,2546.375,2676.286,2806.100,2619.000,2622.928,2581.333,2500.267,2802.880
2727.800,2741.300,2540.542,2679.914,2810.350,2620.500,2636.500,2577.452,2512.067,2792.440
2732.480,2741.050,2528.417,2659.286,2819.300,2613.500,2623.310,2583.762,2504.933,2806.040
2730.680,2737.800,2559.375,2676.572,2813.650,2593.312,2612.690,2579.595,2512.533,2794.280
2711.160,2729.450,2539.125,2672.486,2820.400,2600.750,2630.167,2597.476,2495.933,2814.800
2724.720,2745.700,2547.708,2668.428,2790.950,2658.250,2642.381,2579.810,2514.933,2802.560
2727.800,2761.350,2548.833,2681.314,2818.600,2633.000,2639.167,2590.500,2519.267,2819.280
2734.560,2759.850,2566.208,2687.543,2839.000,2604.312,2638.690,2594.857,2481.800,2811.840
2726.280,2747.500,2562.292,2674.800,2836.450,2625.250,2622.976,2594.595,2509.867,2804.240
2743.520,2768.200,2559.833,2676.257,2819.300,2620.688,2624.357,2588.928,2494.733,2812.600
2739.680,2753.450,2546.792,2668.171,2809.450,2644.938,2636.548,2577.048,2504.467,2823.560
2758.320,2747.950,2553.583,2671.657,2825.750,2600.750,2623.762,2595.428,2514.667,2823.400
2745.640,2746.250,2550.375,2662.743,2808.100,2637.375,2617.572,2588.143,2532.067,2821.000
2737.440,2755.900,2561.042,2661.343,2817.200,2634.750,2631.714,2594.167,2492.800,2832.040
2736.600,2734.950,2559.292,2684.057,2840.550,2610.812,2638.095,2595.072,2488.400,2805.760
2765.200,2785.100,2553.583,2667.800,2815.050,2631.625,2620.643,2580.690,2481.933,2808.320
2765.160,2775.900,2564.708,2677.029,2823.450,2626.500,2621.762,2594.643,2510.333,2809.000
2767.560,2758.850,2568.125,2688.371,2823.650,2615.688,2636.262,2590.500,2502.267,2814.360
2745.640,2768.750,2547.458,2665.657,2819.300,2633.812,2628.262,2595.405,2508.933,2833.840
2749.400,2787.650,2572.542,2673.943,2829.950,2632.625,2637.238,2597.952,2490.267,2796.480
2723.600,2783.700,2553.292,2680.629,2817.400,2623.188,2635.548,2593.738,2503.600,2819.120
2732.360,2766.400,2560.458,2667.657,2821.550,2650.812,2632.072,2583.119,2502.467,2802.120
2751.880,2763.350,2559.583,2688.428,2835.750,2643.625,2633.357,2580.881,2512.733,2814.200
2734.640,2755.200,2565.750,2664.086,2816.450,2619.500,2634.762,2583.500,2494.267,2813.800
2727.640,2763.750,2547.500,2676.629,2827.550,2624.125,2634.976,2588.619,2495.067,2820.120
2726.640,2741.650,2561.083,2675.971,2806.000,2632.875,2633.786,2587.357,2490.867,2818.040
2744.040,2764.100,2560.875,2665.000,2811.850,2634.438,2620.952,2579.286,2486.533,2805.160
2732.400,2749.300,2563.292,2664.171,2818.950,2637.688,2630.667,2584.643,2507.867,2816.000
2741.080,2761.550,2566.167,2664.743,2821.250,2614.625,2614.310,2591.381,2498.600,2830.800
2728.280,2748.300,2565.708,2680.114,2809.400,2633.062,2635.976,2588.714,2496.533,2824.960
2715.880,2747.400,2583.958,2672.171,2806.600,2617.188,2630.428,2601.881,2493.867,2801.800
2729.960,2756.900,2554.583,2668.314,2839.900,2636.562,2634.310,2574.190,2513.000,2816.440
2746.440,2773.800,2565.750,2663.286,2824.500,2644.312,2622.690,2595.690,2505.467,2808.280
2718.600,2759.100,2557.375,2677.286,2808.150,2627.625,2629.190,2588.190,2485.933,2819.400
2741.400,2754.450,2569.542,2671.057,2806.500,2633.188,2629.714,2581.333,2518.800,2804.240
2719.040,2756.950,2561.917,2669.971,2817.550,2642.000,2625.190,2593.905,2486.867,2828.120
2734.480,2758.150,2596.875,2662.114,2827.650,2632.000,2624.024,2591.548,2510.867,2818.360
2742.720,2752.850,2577.167,2677.428,2845.850,2618.625,2619.428,2584.976,2511.533,2833.280
2751.440,2757.050,2554.458,2687.943,2810.500,2628.250,2619.786,2587.833,2505.267,2809.840
2749.320,2750.900,2572.458,2682.686,2842.150,2619.125,2618.143,2578.857,2515.333,2818.760
2753.000,2759.350,2555.208,2673.114,2813.700,2645.062,2638.310,2614.524,2508.533,2804.680
2724.600,2760.200,2569.583,2672.057,2819.150,2618.312,2623.976,2587.476,2494.733,2817.280
2752.120,2738.500,2557.042,2667.371,2819.500,2627.375,2620.048,2581.238,2472.667,2803.240
2719.440,2752.700,2569.292,2668.886,2814.100,2611.188,2633.952,2581.976,2526.667,2799.840
2744.680,2759.450,2558.583,2681.057,2812.500,2601.125,2619.476,2595.619,2512.067,2811.840
2731.560,2751.150,2563.458,2682.229,2823.200,2633.188,2636.976,2571.310,2506.467,2807.320
2729.840,2744.900,2550.167,2660.171,2818.600,2637.062,2628.881,2584.048,2524.600,2809.680
2735.840,2741.500,2568.375,2683.743,2806.600,2639.250,2617.667,2590.524,2508.800,2805.920
2734.360,2760.600,2561.625,2675.171,2819.950,2642.500,2618.572,2576.262,2505.333,2801.400
2737.960,2750.500,2556.625,2670.428,2845.400,2640.250,2629.619,2588.167,2498.467,2818.920
2741.560,2751.600,2586.125,2676.428,2825.250,2621.625,2625.833,2575.190,2500.067,2821.400
2741.200,2773.750,2584.167,2664.686,2841.750,2662.125,2643.238,2589.428,2496.267,2803.240
2741.640,2789.400,2576.625,2659.543,2822.450,2625.250,2634.167,2588.428,2488.933,2809.160
2743.960,2784.650,2568.000,2668.771,2832.350,2635.188,2628.905,2583.286,2490.667,2812.080
2766.760,2787.350,2576.917,2664.457,2821.000,2622.750,2634.286,2578.262,2486.467,2807.640
2770.720,2756.100,2562.500,2672.800,2848.050,2661.312,2623.667,2600.405,2507.933,2813.760
2748.360,2773.650,2572.292,2669.143,2821.500,2636.688,2632.214,2595.810,2507.200,2824.360
2730.360,2766.650,2573.958,2663.457,2844.800,2639.625,2630.357,2590.643,2490.200,2794.440
2747.440,2768.000,2592.042,2680.114,2828.850,2649.062,2622.167,2587.619,2507.267,2816.160
2764.640,2782.400,2570.083,2670.572,2821.650,2645.000,2628.405,2577.833,2495.000,2830.080
2743.840,2798.000,2571.625,2667.543,2828.250,2644.750,2645.190,2582.738,2489.000,2807.800
2774.080,2784.250,2578.583,2667.200,2846.450,2636.812,2631.214,2580.786,2509.267,2810.760
2757.120,2793.200,2592.583,2668.543,2840.000,2648.688,2634.762,2592.690,2486.333,2808.960
2771.160,2810.550,2590.667,2671.114,2822.050,2636.812,2627.714,2574.976,2484.200,2809.680
2781.240,2773.200,2595.208,2664.800,2855.200,2646.062,2634.238,2590.524,2497.333,2825.400
2761.120,2783.350,2600.458,2675.286,2830.200,2633.875,2624.786,2591.976,2493.800,2826.680
2788.680,2825.100,2597.000,2674.143,2866.900,2663.062,2629.048,2593.190,2506.800,2794.840
2762.480,2791.200,2590.417,2672.286,2851.850,2664.625,2639.452,2600.072,2504.400,2817.280
2756.360,2826.050,2597.167,2652.514,2842.150,2655.938,2621.452,2582.881,2508.533,2804.200
2796.600,2787.000,2587.083,2653.457,2832.450,2653.688,2623.667,2589.190,2502.733,2801.520
2769.360,2810.350,2598.458,2661.000,2834.250,2661.812,2633.738,2585.143,2490.333,2832.960
2747.680,2809.050,2600.042,2673.171,2824.800,2638.312,2628.333,2597.310,2503.067,2825.000
2763.440,2808.000,2593.458,2663.914,2836.550,2636.812,2630.119,2585.952,2476.733,2820.680
2775.240,2770.150,2585.042,2668.543,2825.500,2656.938,2639.310,2585.595,2511.467,2805.240
2763.200,2805.550,2581.208,2662.514,2831.650,2653.188,2627.476,2590.072,2480.600,2805.520
2759.080,2790.250,2599.958,2652.029,2830.650,2649.250,2623.595,2594.238,2503.067,2796.920
2747.960,2795.900,2591.083,2667.200,2811.450,2682.750,2630.405,2589.952,2484.200,2814.280
2765.360,2800.400,2578.417,2677.171,2856.350,2658.375,2628.524,2590.833,2505.267,2802.640
2771.400,2807.250,2576.750,2675.486,2828.150,2654.875,2641.738,2595.810,2473.867,2811.440
2765.520,2788.850,2587.417,2666.057,2831.500,2658.250,2637.762,2592.357,2495.600,2814.800
2758.800,2793.650,2579.208,2661.886,2833.650,2651.000,2629.762,2598.310,2517.267,2805.680
2757.960,2793.350,2599.167,2647.829,2826.650,2638.312,2626.810,2612.024,2508.533,2801.280
2764.280,2798.950,2584.875,2671.400,2819.000,2632.188,2629.000,2593.619,2504.933,2821.880
2774.200,2808.500,2586.750,2668.029,2839.650,2652.688,2630.619,2587.190,2502.733,2816.480
2760.560,2795.700,2577.083,2659.572,2816.200,2623.688,2613.500,2593.428,2493.000,2826.840
2761.600,2780.900,2574.125,2667.600,2829.300,2628.125,2635.500,2586.095,2494.467,2781.680
2750.840,2798.800,2594.250,2671.143,2804.000,2634.000,2621.476,2595.238,2493.867,2811.440
2752.440,2773.150,2570.917,2668.714,2839.200,2643.125,2642.667,2590.595,2510.267,2814.440
2740.000,2763.800,2592.583,2666.829,2821.250,2650.375,2637.524,2575.262,2471.867,2810.880
2749.760,2802.450,2588.625,2664.600,2847.850,2643.500,2623.500,2580.928,2491.200,2784.600
2732.400,2788.350,2581.250,2669.343,2834.550,2648.875,2626.072,2576.667,2482.467,2804.640
2751.440,2790.700,2593.583,2660.686,2832.450,2648.688,2652.500,2596.072,2470.600,2792.760
2734.040,2789.950,2575.875,2679.371,2844.650,2623.062,2633.524,2588.548,2463.533,2802.560
2747.440,2793.350,2576.417,2651.771,2815.650,2638.938,2620.095,2587.524,2478.267,2795.520
2744.840,2770.950,2568.417,2668.371,2828.000,2641.438,2630.000,2590.524,2480.733,2801.800
2735.800,2759.900,2589.250,2656.229,2831.600,2635.938,2629.286,2570.738,2480.200,2797.160
2750.680,2799.500,2578.458,2646.943,2835.900,2624.312,2629.190,2580.810,2474.467,2779.440
2771.560,2791.850,2560.750,2664.000,2837.600,2648.938,2629.286,2583.214,2481.867,2807.800
2759.240,2767.500,2573.625,2660.829,2787.100,2640.438,2636.286,2595.810,2489.333,2798.400
2741.320,2777.850,2578.833,2667.543,2832.600,2630.562,2618.428,2584.762,2487.267,2783.680
2757.240,2766.000,2572.292,2654.371,2814.400,2644.750,2629.190,2587.310,2475.667,2793.240
2734.800,2777.300,2552.417,2668.343,2801.100,2640.312,2627.262,2573.500,2493.733,2778.720
2755.040,2768.650,2573.208,2653.400,2846.250,2644.188,2622.167,2579.690,2512.933,2782.240
2740.640,2756.900,2558.917,2667.572,2820.500,2654.750,2632.119,2572.357,2501.867,2791.160
2737.120,2744.500,2561.417,2646.000,2833.600,2632.000,2620.524,2586.976,2499.933,2795.880
2744.600,2762.150,2550.042,2659.686,2810.800,2635.562,2624.428,2583.357,2489.200,2799.240
2762.520,2780.150,2594.833,2679.914,2829.750,2623.062,2619.167,2592.357,2489.600,2801.800
2752.760,2786.000,2588.958,2664.971,2838.950,2656.875,2617.190,2597.786,2474.600,2784.120
2725.360,2766.300,2571.250,2654.600,2841.400,2635.875,2635.190,2585.976,2470.667,2800.080
2759.880,2768.100,2577.708,2653.457,2842.950,2637.188,2618.643,2594.762,2491.467,2793.520
2744.360,2769.400,2575.125,2671.629,2845.150,2652.312,2624.690,2588.214,2493.467,2776.160
2737.160,2786.100,2565.417,2646.857,2818.500,2628.688,2623.476,2586.262,2494.667,2809.160
2743.240,2773.350,2579.583,2666.029,2836.900,2658.500,2617.643,2597.286,2489.400,2777.920
2749.720,2776.700,2579.875,2664.886,2823.950,2636.562,2626.595,2589.928,2472.400,2787.080
2742.520,2755.300,2581.083,2656.457,2801.850,2609.188,2634.738,2573.405,2496.000,2810.520
2757.280,2750.450,2576.833,2650.771,2832.250,2635.812,2613.786,2575.905,2481.000,2804.680
2738.320,2756.950,2546.833,2665.029,2813.400,2635.812,2619.690,2577.810,2493.933,2788.440
2739.280,2765.050,2581.333,2665.657,2809.550,2638.875,2615.476,2595.119,2476.867,2801.680
2738.240,2749.200,2560.000,2657.829,2840.100,2625.938,2621.143,2582.810,2500.467,2786.360
2725.520,2777.700,2577.375,2646.572,2818.350,2639.562,2611.452,2589.690,2499.800,2782.560
2741.680,2752.100,2546.375,2648.971,2806.700,2637.188,2621.452,2584.928,2498.600,2790.440
2732.640,2759.250,2567.417,2647.771,2814.350,2622.938,2627.595,2583.905,2496.000,2773.880
2729.560,2746.600,2569.917,2665.486,2825.400,2631.562,2613.262,2587.524,2482.000,2811.880
2738.720,2754.200,2557.875,2666.943,2824.850,2623.250,2624.190,2581.024,2509.667,2784.920
2731.440,2764.850,2555.375,2662.428,2817.600,2594.938,2635.786,2578.262,2475.267,2784.640
2757.480,2757.200,2563.417,2667.543,2806.450,2617.375,2627.190,2597.428,2503.467,2813.120
2720.440,2766.550,2547.000,2660.829,2816.350,2645.688,2615.667,2566.857,2497.000,2777.880
2738.600,2755.600,2571.875,2664.428,2798.600,2618.062,2620.214,2591.000,2494.000,2777.520
2737.080,2776.500,2567.750,2649.800,2837.900,2626.375,2627.333,2580.976,2470.133,2768.200
2737.400,2765.250,2571.500,2655.971,2821.300,2624.750,2619.952,2584.381,2494.200,2764.240
2740.120,2762.900,2566.875,2660.857,2813.900,2632.562,2618.048,2582.952,2485.133,2794.520
2743.800,2771.300,2556.167,2659.229,2812.100,2629.438,2626.262,2586.572,2503.933,2790.240
2750.080,2762.200,2557.000,2656.514,2806.300,2642.188,2629.214,2583.810,2481.000,2789.560
2744.760,2772.450,2564.875,2668.114,2812.700,2631.000,2599.810,2585.143,2492.933,2801.680
2734.800,2732.000,2555.417,2658.428,2812.100,2634.875,2629.214,2580.643,2487.600,2784.240
2744.600,2779.350,2558.542,2659.771,2816.400,2630.125,2627.072,2576.238,2482.867,2801.520
2742.000,2770.250,2581.375,2671.572,2813.150,2640.562,2629.119,2588.143,2487.800,2787.800
2746.160,2756.700,2557.292,2652.886,2831.200,2620.000,2628.690,2581.714,2476.733,2791.760
2741.640,2760.350,2556.750,2662.914,2822.100,2631.875,2624.738,2590.452,2491.600,2789.880
2737.640,2780.050,2565.625,2649.743,2818.500,2619.188,2615.262,2581.072,2480.533,2791.520
2732.240,2761.450,2551.667,2662.943,2842.250,2632.875,2620.786,2596.143,2502.600,2814.520
2717.080,2765.850,2567.750,2650.971,2829.300,2632.562,2630.333,2578.738,2485.800,2784.280
2698.680,2745.950,2562.750,2645.629,2806.600,2629.125,2604.428,2574.167,2479.600,2780.160
2726.680,2740.450,2541.958,2657.514,2821.950,2588.688,2626.500,2570.476,2481.133,2775.760
2719.560,2753.250,2543.250,2660.714,2811.700,2602.188,2618.976,2584.762,2466.067,2799.680
2705.760,2743.300,2552.417,2666.428,2808.400,2598.562,2623.143,2575.810,2466.533,2799.720
2719.440,2722.100,2526.792,2664.229,2795.000,2591.875,2616.452,2575.619,2481.333,2795.400
2738.520,2731.450,2540.542,2681.686,2814.300,2615.250,2635.381,2574.572,2470.133,2783.960
2718.400,2721.850,2535.292,2656.171,2794.150,2589.938,2620.333,2581.286,2474.533,2791.840
2704.880,2729.300,2565.583,2632.800,2792.400,2612.688,2633.690,2577.333,2495.600,2791.920
2706.800,2721.450,2539.792,2653.229,2801.250,2628.125,2634.857,2572.452,2476.800,2792.600
2719.400,2728.400,2528.875,2655.857,2833.950,2602.375,2610.333,2569.619,2492.867,2795.480
2721.240,2740.650,2549.875,2647.057,2804.900,2609.312,2625.072,2569.214,2473.333,2775.360
2721.000,2730.400,2554.417,2656.286,2798.450,2629.938,2615.238,2574.714,2489.400,2782.800
2709.000,2734.400,2549.375,2640.686,2806.250,2622.062,2611.572,2584.810,2487.867,2795.240
2694.040,2740.600,2542.250,2647.857,2820.250,2621.875,2613.928,2583.167,2470.600,2800.480
2698.080,2754.600,2561.083,2650.114,2804.050,2598.875,2632.238,2590.905,2495.133,2785.040
2711.320,2723.300,2535.208,2658.514,2791.700,2607.562,2632.595,2571.310,2475.933,2766.800
2718.240,2741.450,2535.125,2645.171,2809.650,2597.000,2619.024,2569.690,2496.800,2798.080
2695.240,2730.450,2520.333,2649.743,2798.300,2606.312,2626.190,2575.167,2494.600,2789.960
2691.480,2714.300,2517.458,2644.143,2793.350,2585.812,2627.595,2581.452,2480.933,2779.240
2690.920,2713.200,2525.583,2648.771,2785.550,2589.062,2619.428,2551.357,2470.467,2770.040
2696.960,2719.500,2539.542,2661.286,2802.000,2588.438,2619.095,2584.190,2482.933,2773.880
2707.640,2680.450,2533.875,2656.371,2806.300,2582.625,2618.714,2569.881,2479.067,2785.760
2689.120,2709.900,2559.875,2651.600,2801.750,2607.625,2618.881,2569.476,2476.933,2809.080
2712.400,2717.650,2535.083,2672.629,2779.050,2596.125,2616.119,2567.833,2475.333,2791.360
2697.400,2720.000,2522.292,2646.000,2773.300,2596.250,2617.524,2586.357,2477.800,2767.520
2687.560,2714.950,2526.208,2661.229,2795.250,2619.000,2625.381,2574.381,2481.933,2786.960
2699.480,2709.150,2536.292,2640.657,2821.400,2600.312,2618.833,2570.524,2467.667,2768.760
2698.040,2714.050,2531.417,2650.657,2806.550,2608.688,2623.119,2592.072,2463.000,2781.040
2689.280,2730.450,2541.375,2650.714,2798.700,2597.625,2612.500,2561.167,2472.400,2758.360
2708.880,2707.750,2546.583,2635.543,2805.750,2594.125,2621.786,2557.476,2469.133,2759.400
2689.480,2707.200,2543.750,2647.771,2811.800,2617.312,2618.572,2576.548,2469.800,2770.080
2691.960,2713.400,2544.458,2651.400,2794.250,2614.500,2617.167,2559.143,2491.733,2778.840
2712.400,2738.550,2543.042,2640.657,2795.350,2612.438,2615.619,2572.095,2462.000,2763.040
2704.200,2734.500,2527.875,2652.486,2832.000,2593.625,2613.952,2563.667,2472.400,2766.720
2706.120,2711.650,2535.250,2638.943,2803.400,2607.375,2617.405,2560.952,2468.400,2759.000
2683.680,2705.450,2537.708,2653.457,2804.550,2612.250,2598.048,2566.714,2458.800,2779.440
2692.040,2745.550,2516.417,2630.971,2813.350,2601.188,2630.905,2557.119,2474.000,2782.200
2708.880,2717.400,2534.583,2650.914,2806.650,2611.625,2624.428,2568.214,2478.000,2767.560
2722.360,2724.300,2544.042,2645.543,2793.050,2594.375,2614.548,2571.381,2483.067,2777.720
2701.320,2732.050,2528.167,2643.771,2795.950,2627.938,2621.095,2577.095,2472.267,2764.800
2692.520,2697.050,2543.917,2661.771,2783.950,2593.125,2621.952,2569.333,2453.533,2771.240
2705.720,2723.550,2516.792,2648.543,2819.500,2619.688,2605.000,2564.572,2472.600,2745.040
2702.200,2730.100,2546.625,2654.371,2775.200,2618.750,2622.167,2566.690,2469.067,2764.960
2720.600,2736.900,2551.292,2653.514,2794.000,2613.625,2622.119,2564.143,2483.733,2759.720
2703.040,2718.600,2539.917,2650.371,2800.950,2599.375,2607.119,2551.262,2480.600,2759.720
2703.920,2741.200,2549.458,2657.829,2801.750,2602.812,2638.405,2568.167,2474.933,2758.400
2694.120,2714.450,2540.250,2656.743,2788.050,2598.750,2624.667,2566.619,2486.533,2775.360
2691.040,2724.050,2557.000,2659.714,2818.000,2606.562,2606.881,2561.428,2480.000,2768.840
2680.280,2723.350,2534.542,2649.829,2767.450,2590.812,2619.881,2571.786,2471.867,2755.520
2693.360,2700.800,2523.417,2651.886,2786.000,2599.750,2614.643,2568.952,2469.867,2787.240
2694.960,2693.150,2532.167,2664.486,2796.250,2595.688,2612.548,2575.024,2462.800,2773.160
2712.240,2681.300,2533.000,2644.714,2799.550,2595.688,2609.024,2558.810,2495.067,2779.280
2704.000,2693.650,2531.542,2641.000,2787.950,2606.562,2625.286,2569.714,2477.133,2781.840
2699.640,2730.700,2528.625,2647.514,2797.550,2600.562,2605.572,2576.928,2475.600,2753.280
2701.000,2717.950,2551.125,2642.114,2787.350,2592.312,2615.333,2572.476,2470.800,2750.400
2705.360,2705.650,2541.208,2638.971,2788.250,2613.188,2599.857,2562.572,2506.267,2774.640
2703.080,2731.450,2521.667,2635.200,2786.250,2602.812,2607.714,2558.952,2452.133,2772.160
2680.920,2709.000,2537.375,2652.743,2816.750,2610.125,2601.286,2573.548,2471.867,2760.840
2694.640,2712.700,2518.000,2626.000,2784.300,2598.438,2598.976,2570.000,2472.533,2773.000
2701.880,2728.150,2509.417,2667.600,2807.700,2608.188,2613.381,2561.286,2461.067,2776.600
2703.880,2709.350,2517.792,2649.629,2792.650,2604.562,2596.857,2558.548,2468.600,2759.840
2688.800,2709.050,2528.083,2634.857,2801.900,2600.625,2615.667,2563.048,2471.200,2749.520
2702.640,2699.350,2529.292,2653.657,2782.850,2580.750,2617.167,2561.381,2457.133,2770.280
2695.920,2707.850,2527.458,2660.886,2818.500,2604.500,2618.428,2558.143,2469.600,2774.920
2696.480,2726.850,2533.625,2658.457,2806.750,2608.562,2604.762,2562.667,2466.200,2774.960
2693.360,2707.750,2540.833,2632.171,2792.000,2585.375,2608.167,2551.619,2473.000,2774.080
2713.920,2679.900,2529.417,2644.229,2787.100,2588.562,2621.714,2558.881,2480.600,2757.880
2676.960,2705.100,2533.958,2648.686,2799.050,2614.375,2615.000,2556.905,2462.267,2771.920
2669.880,2683.650,2517.875,2633.457,2787.650,2587.812,2608.286,2568.928,2461.733,2746.120
2702.280,2675.350,2516.333,2653.400,2783.250,2577.000,2598.690,2542.167,2462.733,2772.720
2690.040,2703.100,2531.375,2636.543,2801.500,2559.625,2613.572,2552.905,2458.467,2761.920
2696.800,2711.850,2525.292,2634.886,2783.950,2584.875,2597.619,2549.428,2469.667,2765.600
2692.200,2686.400,2517.375,2664.486,2797.400,2599.500,2614.476,2549.048,2477.067,2757.760
2679.040,2688.950,2506.792,2639.343,2775.900,2573.938,2625.024,2555.476,2453.267,2778.560
2690.640,2681.900,2525.458,2642.371,2759.950,2578.938,2604.405,2549.524,2463.400,2760.640
2686.000,2664.500,2527.917,2646.486,2789.900,2606.500,2603.738,2539.143,2475.400,2765.720
2685.800,2704.700,2515.000,2652.114,2789.750,2587.938,2602.095,2545.286,2449.533,2779.520
2689.720,2706.400,2525.542,2648.428,2781.500,2600.688,2612.119,2552.310,2460.267,2749.600
2703.120,2700.150,2516.917,2647.800,2787.550,2591.312,2603.572,2561.262,2458.467,2765.080
2699.560,2706.450,2536.000,2646.086,2783.350,2586.312,2608.333,2558.238,2476.400,2760.520
2691.680,2697.850,2508.167,2637.171,2777.550,2585.188,2609.190,2552.190,2450.667,2750.560
2682.760,2686.500,2523.292,2647.400,2760.500,2595.125,2594.714,2548.714,2463.400,2763.200
2694.520,2698.500,2522.500,2651.486,2796.200,2609.688,2612.619,2546.357,2475.600,2767.480
2692.400,2689.500,2535.125,2634.171,2762.900,2599.000,2594.286,2546.000,2464.200,2747.000
2697.560,2686.550,2526.750,2632.629,2768.000,2575.312,2609.548,2565.238,2475.467,2744.360
2663.720,2702.950,2512.792,2630.686,2781.600,2585.188,2620.405,2549.857,2475.000,2752.880
2694.800,2702.000,2523.542,2636.314,2775.850,2582.875,2606.024,2537.857,2466.933,2758.160
2686.000,2692.250,2515.208,2644.086,2778.950,2579.438,2605.452,2557.381,2468.867,2760.080
2691.000,2698.000,2518.250,2639.943,2773.150,2586.312,2615.833,2563.928,2458.667,2790.720
2697.160,2684.150,2520.792,2641.572,2784.500,2564.750,2619.952,2553.238,2478.667,2778.240
2683.360,2701.600,2529.625,2620.171,2766.950,2608.312,2612.310,2550.000,2464.133,2752.600
2687.280,2700.850,2519.500,2631.743,2771.050,2588.688,2608.810,2557.452,2439.667,2774.520
2700.480,2696.350,2524.000,2653.114,2790.900,2585.562,2617.881,2543.024,2449.400,2755.560
2693.120,2688.150,2526.792,2648.286,2786.850,2584.625,2612.333,2558.786,2450.400,2767.920
2706.880,2700.050,2515.500,2642.771,2769.100,2585.250,2600.119,2562.595,2452.800,2767.000
2681.200,2686.050,2519.958,2634.886,2781.950,2565.625,2606.333,2565.476,2463.867,2755.320
2703.680,2699.250,2521.583,2646.086,2775.850,2585.625,2597.452,2555.762,2455.133,2771.880
2673.160,2689.000,2502.000,2637.428,2776.450,2599.000,2606.738,2555.262,2473.133,2748.600
2675.520,2678.850,2512.042,2634.629,2766.050,2598.188,2611.214,2542.286,2464.200,2767.360
2699.160,2694.500,2523.458,2637.943,2782.400,2586.875,2614.976,2566.738,2457.733,2760.840
2685.480,2681.250,2516.583,2645.886,2764.400,2597.000,2612.095,2547.452,2458.733,2768.000
2678.360,2702.200,2504.750,2646.629,2793.000,2581.688,2607.976,2542.667,2449.600,2738.120
2700.080,2698.500,2519.708,2648.314,2786.400,2603.250,2602.667,2537.333,2471.733,2752.480
2693.600,2689.100,2542.792,2634.428,2778.450,2597.875,2606.595,2541.024,2453.867,2750.640
2698.800,2694.700,2520.958,2631.629,2792.750,2591.000,2607.905,2547.881,2459.333,2764.560
2700.920,2702.750,2517.500,2630.029,2771.900,2606.625,2604.952,2544.310,2443.733,2765.800
2697.880,2702.800,2532.458,2641.314,2772.300,2598.125,2622.881,2553.833,2461.333,2783.600
2699.200,2709.150,2528.875,2652.029,2778.650,2598.562,2619.000,2546.738,2440.467,2769.640
2682.680,2706.100,2535.500,2645.143,2804.650,2603.188,2614.952,2539.262,2462.800,2778.120
2708.440,2716.650,2525.458,2627.086,2763.950,2614.750,2606.976,2555.333,2464.267,2764.040
2723.800,2693.700,2521.875,2643.457,2781.250,2605.750,2612.619,2555.572,2470.733,2766.440
2698.680,2730.400,2545.792,2657.629,2784.650,2612.000,2596.595,2544.952,2444.800,2765.000
2677.440,2713.550,2539.875,2644.286,2781.600,2624.812,2610.952,2552.190,2457.200,2746.720
2685.280,2725.600,2545.208,2642.971,2794.150,2592.188,2614.595,2542.762,2447.600,2768.600
2703.760,2722.000,2565.917,2642.286,2793.100,2605.500,2616.119,2542.238,2468.600,2745.040
2709.440,2702.700,2537.833,2649.971,2800.250,2608.688,2624.428,2540.072,2455.067,2765.160
2705.320,2730.300,2534.083,2646.857,2786.100,2598.875,2620.881,2557.119,2446.400,2752.600
2720.120,2710.250,2550.750,2646.200,2795.300,2601.812,2613.381,2560.762,2450.933,2778.920
2686.880,2717.300,2535.333,2645.000,2760.050,2608.188,2601.452,2534.333,2462.133,2758.760
2710.000,2724.850,2534.583,2635.486,2786.350,2604.125,2614.524,2549.119,2455.200,2756.000
2701.200,2710.950,2545.583,2642.686,2793.300,2576.625,2604.143,2548.024,2437.200,2752.800
2703.880,2708.400,2533.000,2627.543,2777.850,2596.188,2599.262,2537.333,2457.933,2770.080
2706.080,2701.950,2545.792,2628.286,2791.000,2611.625,2608.357,2545.928,2457.067,2747.000
2684.200,2718.050,2528.375,2639.771,2769.900,2600.375,2612.024,2547.190,2455.200,2763.680
2677.840,2679.550,2532.917,2644.572,2786.300,2616.375,2601.738,2527.238,2446.600,2757.840
2702.840,2702.350,2534.250,2637.229,2788.800,2591.125,2606.286,2533.095,2451.467,2746.360
2694.400,2718.850,2534.250,2640.400,2774.150,2619.250,2624.357,2538.024,2456.800,2759.320
2690.120,2694.200,2527.875,2649.343,2766.800,2604.500,2613.405,2541.310,2444.933,2752.160
2704.200,2713.800,2519.500,2643.686,2775.550,2595.562,2601.452,2548.143,2452.933,2760.800
2701.840,2724.050,2536.208,2620.314,2790.050,2582.938,2596.762,2540.452,2465.467,2753.560
2696.400,2704.300,2533.875,2638.543,2770.500,2623.812,2605.190,2533.310,2472.867,2765.920
2709.800,2682.950,2517.583,2632.000,2777.350,2616.750,2596.595,2528.500,2456.467,2760.440
2675.080,2697.300,2523.250,2639.400,2765.400,2590.625,2599.405,2548.214,2477.800,2739.880
2704.800,2716.700,2520.333,2621.771,2786.600,2602.375,2596.286,2552.500,2466.400,2747.920
2690.280,2714.800,2540.458,2641.057,2766.500,2599.062,2606.548,2533.119,2461.333,2752.280
2671.320,2719.550,2527.583,2635.314,2782.400,2612.812,2604.595,2548.762,2459.333,2757.520
2702.800,2715.250,2530.208,2628.200,2798.800,2596.125,2613.143,2540.428,2462.533,2759.280
2684.000,2708.000,2543.083,2638.514,2785.400,2631.188,2609.595,2549.428,2436.933,2758.200
2683.680,2722.700,2546.625,2647.572,2769.350,2617.500,2598.881,2534.262,2465.400,2764.160
2698.280,2708.050,2533.375,2642.800,2764.450,2616.812,2584.405,2529.595,2450.267,2756.760
2709.120,2708.250,2530.792,2635.057,2783.200,2601.500,2591.310,2536.048,2463.933,2758.800
2709.560,2721.250,2538.833,2632.771,2781.200,2623.312,2609.238,2533.024,2469.800,2761.760
2696.120,2729.900,2540.750,2650.314,2792.900,2629.188,2606.238,2537.476,2467.733,2757.840
2701.440,2714.650,2551.333,2647.629,2791.900,2597.062,2584.595,2533.572,2461.200,2762.240
2693.680,2743.000,2533.583,2638.914,2781.900,2617.438,2602.810,2532.381,2441.267,2744.960
2698.240,2722.400,2544.042,2628.371,2789.950,2613.938,2600.524,2531.524,2483.267,2752.720
2683.800,2722.900,2530.625,2629.428,2778.000,2596.750,2609.000,2546.786,2474.133,2753.280
2698.040,2721.950,2541.375,2627.657,2785.200,2616.625,2598.762,2543.595,2463.400,2744.320
2707.600,2733.900,2558.500,2633.086,2792.000,2621.938,2609.333,2524.190,2466.667,2748.120
2679.360,2735.650,2553.083,2639.343,2780.500,2620.938,2601.976,2542.143,2466.133,2746.480
2698.120,2717.400,2551.083,2642.257,2793.100,2620.938,2607.643,2523.548,2467.267,2761.040
2682.360,2733.600,2528.417,2623.572,2783.200,2610.375,2597.643,2531.881,2441.200,2761.480
2714.960,2723.450,2546.667,2643.800,2798.150,2632.875,2592.333,2528.928,2439.933,2759.760
2687.960,2712.900,2536.583,2639.572,2797.550,2604.875,2590.643,2534.690,2443.667,2752.040
2696.480,2732.350,2552.958,2628.686,2785.950,2627.438,2591.905,2541.476,2458.667,2759.240
2708.720,2725.550,2562.708,2641.428,2773.200,2616.688,2593.357,2531.048,2447.000,2757.520
2680.080,2728.750,2528.167,2643.286,2793.300,2631.688,2593.262,2535.881,2446.267,2782.480
2688.320,2723.900,2560.750,2632.086,2781.850,2620.938,2590.572,2530.476,2447.467,2750.320
2718.960,2733.000,2545.500,2623.629,2785.150,2596.000,2594.881,2547.905,2460.200,2769.440
2701.680,2733.900,2531.333,2631.314,2798.800,2621.062,2599.190,2534.572,2455.400,2743.520
2691.000,2706.400,2563.583,2632.343,2791.900,2609.250,2593.119,2539.000,2460.867,2733.760
2694.640,2731.600,2536.500,2629.943,2797.200,2614.562,2583.572,2548.572,2458.267,2756.640
2689.000,2725.100,2535.500,2629.086,2786.800,2619.688,2599.072,2548.714,2453.333,2748.000
2692.520,2737.600,2529.000,2636.629,2795.800,2626.250,2597.405,2536.643,2460.467,2752.400
2684.880,2726.900,2514.625,2639.657,2797.200,2627.875,2609.024,2538.643,2454.000,2747.000
2695.240,2704.800,2541.917,2642.714,2766.350,2615.938,2604.595,2544.405,2454.000,2741.880
2684.760,2698.200,2539.542,2645.029,2784.200,2629.188,2602.643,2545.595,2466.333,2766.880
2704.200,2740.350,2545.792,2633.600,2768.900,2623.188,2610.072,2533.310,2450.667,2765.680
2684.320,2708.500,2540.625,2622.971,2787.700,2623.375,2610.667,2544.905,2463.467,2755.200
2701.880,2711.350,2537.083,2632.657,2789.350,2653.438,2601.524,2535.048,2454.000,2758.480
2684.360,2727.200,2539.292,2631.600,2778.200,2645.375,2587.643,2542.405,2449.533,2740.000
2717.960,2716.450,2544.375,2631.572,2773.000,2623.000,2594.738,2536.214,2437.867,2752.400
2687.200,2710.250,2534.542,2635.686,2779.800,2633.250,2611.500,2526.667,2474.267,2762.720
2690.520,2729.050,2551.792,2631.314,2777.600,2636.625,2596.048,2544.167,2458.067,2751.280
2680.560,2715.000,2547.500,2626.029,2780.300,2639.375,2592.452,2541.714,2475.267,2742.840
2693.920,2725.450,2539.708,2640.286,2778.600,2650.062,2590.286,2519.643,2442.000,2747.480
2692.400,2720.700,2530.417,2625.543,2784.350,2652.938,2592.333,2535.428,2434.000,2743.760
2682.560,2711.550,2544.417,2638.086,2785.700,2660.000,2579.857,2537.119,2442.667,2746.520
2700.800,2725.200,2552.792,2633.257,2800.600,2622.438,2581.167,2540.095,2432.800,2743.080
2691.600,2739.300,2527.458,2627.714,2783.450,2646.375,2593.167,2541.643,2452.467,2760.960
2697.000,2730.500,2549.833,2632.714,2782.700,2635.125,2599.643,2546.119,2457.467,2756.880
2683.600,2728.650,2553.458,2627.886,2792.550,2637.500,2593.476,2525.190,2466.667,2750.480
2692.920,2724.050,2546.292,2620.971,2787.350,2648.438,2593.024,2544.714,2450.600,2747.680
2698.440,2718.100,2540.292,2632.943,2787.650,2625.750,2594.119,2527.928,2441.000,2760.640
2693.120,2718.950,2532.000,2627.829,2797.250,2623.438,2587.952,2531.905,2447.600,2740.800
2686.240,2725.950,2552.125,2625.886,2789.300,2631.312,2591.572,2546.357,2444.533,2759.440
2701.000,2725.900,2547.333,2624.486,2770.850,2620.438,2591.119,2540.690,2446.600,2761.880
2683.400,2732.250,2553.958,2632.171,2788.450,2622.375,2604.762,2529.000,2454.800,2759.320
2703.760,2723.400,2547.125,2624.314,2789.850,2645.312,2598.024,2536.595,2469.133,2742.760
2699.800,2736.400,2561.792,2617.914,2778.800,2624.500,2598.048,2539.143,2444.000,2742.040
2705.560,2753.250,2554.583,2632.886,2761.250,2629.375,2582.905,2541.857,2483.600,2752.040
2704.880,2715.000,2556.583,2633.886,2772.300,2657.875,2588.238,2548.738,2447.800,2737.080
2682.840,2706.150,2565.500,2639.428,2774.650,2634.250,2604.167,2541.095,2451.667,2743.400
2696.760,2732.500,2550.375,2633.857,2805.750,2627.625,2592.119,2534.952,2461.867,2733.560
2693.640,2711.950,2557.208,2637.400,2770.650,2625.375,2582.048,2525.881,2469.800,2753.440
2731.120,2759.000,2548.958,2629.714,2769.700,2669.250,2574.452,2548.357,2450.667,2752.320
2700.600,2728.250,2545.208,2640.114,2771.100,2633.812,2588.905,2535.190,2459.200,2733.760
2677.640,2754.350,2555.708,2630.857,2779.850,2661.375,2582.690,2534.714,2448.333,2734.920
2694.360,2736.700,2564.875,2623.314,2794.750,2647.562,2583.024,2540.333,2418.733,2774.040
2705.440,2720.050,2545.000,2634.400,2804.250,2657.000,2585.762,2531.690,2446.133,2748.880
2696.840,2727.450,2553.958,2628.029,2772.600,2660.562,2594.238,2534.357,2441.667,2767.480
2726.480,2742.700,2540.458,2632.457,2800.000,2664.312,2592.762,2539.762,2437.933,2750.000
2701.280,2750.750,2559.958,2637.829,2791.750,2664.625,2586.786,2529.000,2448.400,2765.800
2703.840,2754.950,2544.208,2622.771,2797.900,2685.750,2587.452,2542.572,2464.600,2759.160
2722.920,2751.200,2563.292,2624.400,2784.150,2679.688,2588.690,2538.595,2446.333,2742.800
2684.200,2740.550,2577.000,2633.600,2801.550,2658.875,2595.167,2538.095,2463.933,2736.720
2705.320,2743.650,2577.042,2629.314,2797.250,2687.500,2593.500,2529.405,2452.200,2736.720
2719.280,2754.400,2568.083,2631.457,2778.950,2675.562,2598.524,2541.643,2440.733,2743.120
2710.480,2738.900,2565.042,2611.714,2815.200,2671.750,2578.286,2541.476,2449.267,2745.600
2697.680,2744.350,2571.458,2622.971,2795.650,2661.375,2586.524,2536.738,2430.933,2750.840
2715.080,2753.350,2566.458,2631.686,2784.750,2690.000,2588.881,2541.405,2461.067,2745.480
2725.160,2734.150,2554.500,2634.343,2799.050,2691.375,2611.500,2532.262,2471.933,2745.120
2704.040,2727.100,2556.458,2624.600,2782.550,2644.125,2586.833,2551.881,2465.467,2746.840
2684.320,2737.700,2559.250,2616.771,2775.800,2661.562,2592.928,2538.881,2485.733,2729.000
2723.320,2724.950,2565.292,2641.886,2782.600,2650.938,2582.262,2536.167,2445.533,2755.800
2710.880,2734.250,2554.083,2633.686,2771.800,2658.938,2586.428,2540.095,2456.467,2730.320
2701.200,2737.150,2534.708,2631.657,2774.650,2661.938,2572.452,2532.572,2461.467,2755.320
2702.760,2720.850,2552.458,2626.257,2801.050,2637.938,2588.143,2541.000,2422.400,2752.480
2694.000,2744.200,2559.583,2628.029,2814.200,2663.375,2570.262,2543.881,2452.267,2746.440
2719.800,2732.700,2566.958,2625.657,2768.900,2646.250,2589.976,2530.095,2456.600,2753.480
2691.840,2736.200,2556.458,2619.428,2798.250,2671.375,2593.310,2521.048,2450.200,2743.840
2681.560,2745.550,2574.083,2618.486,2799.250,2685.375,2586.548,2539.381,2437.800,2726.920
2708.240,2717.550,2548.083,2619.686,2799.500,2673.625,2590.381,2546.476,2453.600,2762.560
2702.920,2750.100,2573.708,2634.857,2766.950,2653.062,2579.952,2568.095,2445.067,2750.600
2692.120,2726.550,2553.083,2627.029,2783.750,2709.188,2592.452,2561.810,2439.400,2747.080
2691.280,2762.950,2574.417,2614.886,2780.600,2677.188,2574.167,2578.786,2435.600,2732.600
2706.440,2734.800,2556.208,2612.428,2795.400,2680.562,2594.428,2575.548,2450.267,2745.480
2695.480,2722.700,2562.583,2616.257,2777.650,2684.875,2582.024,2564.476,2444.733,2755.560
2698.880,2766.700,2550.500,2603.457,2800.900,2686.000,2578.595,2553.762,2426.267,2749.200
2697.440,2730.800,2569.208,2632.771,2789.700,2681.250,2598.333,2565.905,2450.467,2744.120
2692.120,2740.400,2583.125,2631.114,2782.750,2673.375,2583.286,2550.381,2441.000,2748.280
2680.440,2735.050,2561.125,2602.143,2788.450,2667.938,2599.881,2574.072,2428.533,2750.720
2707.360,2744.100,2571.083,2625.314,2786.500,2685.125,2576.762,2547.214,2436.467,2739.680
2691.120,2772.700,2548.583,2617.829,2774.350,2676.812,2585.119,2548.357,2460.667,2740.960
2693.040,2757.850,2576.292,2636.486,2777.700,2695.750,2577.143,2555.643,2461.067,2738.160
2669.000,2762.000,2552.625,2621.943,2779.600,2697.750,2580.667,2540.428,2453.467,2749.240
2692.920,2743.450,2551.500,2616.428,2801.650,2669.312,2578.952,2543.572,2440.000,2759.760
2700.040,2741.150,2549.250,2621.114,2805.300,2677.188,2570.000,2538.524,2463.533,2749.120
2698.360,2720.750,2553.708,2625.572,2782.650,2643.125,2567.619,2543.357,2448.933,2718.680
2688.960,2735.100,2548.417,2628.886,2788.750,2663.625,2587.595,2541.810,2460.400,2749.120
2699.400,2724.850,2556.667,2607.343,2790.650,2659.562,2576.190,2534.238,2449.600,2745.080
2695.840,2728.500,2552.542,2619.857,2800.000,2643.938,2571.048,2545.690,2438.467,2751.760
2665.920,2739.700,2562.750,2597.000,2783.700,2652.500,2584.548,2524.452,2450.733,2744.480
2674.440,2733.650,2561.417,2609.743,2782.650,2674.688,2577.881,2534.476,2454.533,2738.720
2678.720,2735.650,2549.292,2620.343,2788.550,2639.000,2575.476,2546.167,2469.733,2723.360
2655.240,2741.150,2569.833,2628.743,2776.100,2670.312,2582.000,2550.286,2449.067,2745.440
2674.880,2741.000,2570.833,2620.543,2790.400,2709.562,2585.548,2572.619,2428.333,2792.720
2689.560,2756.000,2546.625,2620.086,2787.550,2703.250,2582.833,2581.643,2456.333,2828.960
2685.080,2746.750,2578.833,2615.457,2784.150,2710.938,2579.572,2584.738,2434.867,2848.560
2671.760,2744.550,2577.083,2621.029,2773.600,2739.750,2603.381,2588.928,2439.800,2843.480
2697.600,2756.250,2584.708,2613.857,2791.050,2738.312,2573.928,2584.619,2431.800,2848.680
2688.600,2734.850,2580.708,2627.371,2786.300,2745.375,2593.476,2578.072,2443.133,2871.800
2706.920,2762.450,2582.333,2629.057,2773.900,2746.125,2591.381,2583.738,2458.667,2844.840
2682.280,2747.500,2585.208,2619.629,2785.900,2749.688,2592.786,2582.286,2431.467,2820.640
2682.720,2737.100,2570.208,2618.086,2794.850,2745.750,2583.310,2582.238,2452.400,2850.560
2670.000,2728.900,2588.750,2626.771,2783.800,2745.562,2591.619,2579.167,2452.333,2837.400
2673.360,2745.400,2576.042,2615.200,2752.950,2735.188,2592.024,2586.119,2446.333,2829.000
2708.760,2735.800,2566.708,2618.343,2798.900,2724.938,2582.738,2572.952,2434.067,2828.080
2687.400,2747.700,2572.792,2621.943,2787.450,2709.438,2588.738,2557.143,2461.667,2801.280
2671.040,2768.600,2582.500,2604.029,2788.550,2720.625,2569.262,2569.262,2432.067,2801.760
2685.360,2769.500,2572.458,2609.486,2785.600,2717.062,2587.119,2565.905,2438.133,2807.400
2695.440,2748.850,2565.417,2615.600,2780.900,2714.000,2584.262,2562.119,2452.000,2804.120
2712.120,2743.850,2593.875,2629.971,2773.250,2731.312,2579.643,2565.976,2424.200,2783.440
2675.800,2763.250,2576.792,2631.428,2799.450,2708.125,2577.143,2551.333,2441.000,2787.720
2709.120,2748.450,2567.333,2604.086,2785.400,2684.688,2586.048,2551.476,2440.667,2794.680
2700.920,2765.200,2557.333,2611.457,2803.950,2703.125,2565.143,2544.857,2455.467,2777.240
2688.400,2749.700,2564.625,2604.771,2793.500,2679.375,2573.714,2553.095,2443.267,2784.360
2689.200,2741.200,2568.708,2627.714,2796.200,2697.812,2579.714,2559.048,2439.867,2787.400
2676.960,2740.900,2561.625,2612.600,2791.750,2708.375,2592.048,2578.881,2442.933,2787.480
2682.960,2769.200,2582.458,2609.286,2791.500,2726.188,2585.238,2589.928,2429.933,2829.480
2725.400,2776.350,2584.375,2619.943,2786.100,2782.312,2622.572,2595.238,2445.200,2858.840
2738.360,2815.150,2609.958,2597.343,2781.750,2836.750,2614.072,2618.714,2431.733,2875.560
2746.040,2849.150,2599.708,2617.171,2762.900,2847.562,2610.857,2601.833,2436.400,2886.840
2739.080,2839.250,2591.750,2599.114,2799.900,2848.875,2613.595,2594.214,2450.733,2899.600
2728.520,2832.650,2604.000,2609.457,2767.200,2848.938,2626.976,2595.286,2447.200,2886.280
2719.280,2821.900,2599.125,2606.428,2768.350,2824.875,2615.310,2591.095,2442.000,2874.920
2720.520,2831.950,2604.375,2607.572,2777.900,2822.000,2597.286,2580.881,2426.933,2886.520
2726.920,2832.000,2588.500,2624.400,2769.200,2800.938,2605.405,2602.619,2429.000,2873.720
2699.520,2820.250,2605.833,2613.514,2774.400,2824.125,2604.452,2588.262,2438.200,2845.760
2707.640,2795.150,2592.542,2614.800,2760.200,2786.312,2596.310,2574.262,2439.600,2855.320
2711.440,2797.750,2593.000,2605.286,2769.700,2789.625,2577.548,2575.857,2436.867,2863.560
2742.000,2824.350,2589.250,2609.829,2778.650,2793.125,2594.595,2571.810,2460.800,2852.440
2710.240,2827.900,2582.042,2630.457,2780.400,2797.875,2598.167,2565.428,2439.267,2852.480
2694.000,2813.600,2608.833,2611.657,2766.650,2800.750,2592.905,2572.000,2428.467,2833.640
2707.600,2812.400,2582.292,2604.657,2788.700,2788.312,2576.905,2587.714,2432.533,2837.520
2707.800,2800.900,2578.000,2613.457,2796.950,2768.250,2585.262,2568.928,2426.133,2827.520
2726.840,2795.750,2578.458,2604.971,2779.450,2790.438,2605.024,2561.262,2445.333,2814.040
2701.960,2816.200,2588.542,2608.029,2795.550,2790.812,2591.714,2564.572,2414.667,2839.560
2693.840,2794.550,2585.167,2618.486,2770.950,2792.375,2573.905,2578.548,2446.733,2798.160
2694.400,2807.850,2564.375,2615.629,2769.200,2773.062,2578.738,2557.643,2419.600,2833.120
2716.560,2803.950,2586.333,2625.600,2803.200,2753.188,2572.333,2560.952,2440.267,2834.760
2695.320,2798.000,2601.125,2610.086,2757.100,2796.125,2602.738,2571.881,2443.467,2824.640
2717.200,2819.300,2589.625,2603.629,2760.200,2809.312,2612.048,2592.714,2424.733,2864.040
2723.600,2833.150,2600.333,2614.114,2769.500,2808.938,2629.167,2594.476,2448.933,2864.640
2781.360,2875.850,2596.958,2623.657,2786.600,2860.000,2655.619,2606.905,2504.467,2930.600
2829.640,2884.400,2627.583,2648.686,2784.250,2865.562,2675.262,2594.667,2538.400,2953.160
2843.600,2922.100,2639.750,2654.686,2773.400,2899.062,2679.738,2591.333,2582.133,2953.920
2854.400,2918.900,2623.625,2634.343,2757.100,2854.250,2673.690,2594.833,2579.000,2958.760
2827.920,2900.000,2625.417,2630.257,2791.450,2856.500,2667.333,2580.881,2594.933,2949.520
2833.280,2873.750,2623.458,2639.914,2774.700,2831.875,2661.952,2575.262,2565.733,2924.360
2843.560,2873.900,2617.917,2639.086,2758.550,2849.188,2653.214,2591.024,2575.267,2905.800
2844.840,2855.200,2602.167,2617.686,2777.700,2841.812,2656.095,2581.738,2545.400,2914.160
2818.320,2841.800,2600.000,2636.114,2790.450,2828.750,2661.310,2583.452,2536.667,2890.920
2814.200,2853.950,2620.875,2634.143,2787.700,2836.500,2643.905,2561.476,2542.600,2876.400
2817.680,2877.400,2614.417,2639.229,2773.800,2795.625,2634.167,2567.119,2520.800,2896.200
2810.400,2847.400,2597.833,2629.428,2775.050,2793.562,2626.786,2568.452,2546.533,2879.800
2796.600,2850.000,2592.917,2630.229,2788.900,2787.312,2638.857,2555.548,2508.800,2879.680
2778.160,2834.400,2592.750,2625.771,2789.450,2784.812,2612.738,2562.857,2498.933,2861.960
2783.600,2832.150,2609.792,2611.114,2770.550,2785.438,2619.428,2557.643,2498.000,2865.000
2760.600,2831.250,2585.875,2625.343,2787.950,2790.625,2624.000,2560.286,2507.733,2879.640
2773.640,2823.050,2590.167,2624.686,2787.500,2748.562,2616.738,2556.452,2498.533,2848.080
2774.320,2813.500,2589.542,2628.743,2776.250,2753.375,2623.833,2551.643,2501.533,2844.080
2772.120,2820.950,2576.875,2612.171,2778.550,2748.812,2604.310,2551.928,2486.200,2849.080
2753.200,2784.750,2591.208,2621.029,2766.750,2747.250,2612.452,2552.500,2456.733,2818.320
2750.360,2786.950,2564.875,2614.629,2777.550,2734.750,2628.190,2555.333,2481.200,2857.880
2753.200,2796.850,2604.000,2630.600,2756.650,2774.625,2634.667,2559.262,2490.800,2826.160
2781.000,2830.000,2586.667,2615.457,2783.700,2809.125,2652.167,2569.500,2488.400,2851.160
2803.320,2846.850,2615.500,2613.543,2762.200,2838.000,2692.548,2594.738,2526.933,2881.680
2810.120,2907.900,2606.375,2651.057,2780.500,2833.312,2728.881,2595.810,2560.400,2879.480
2836.680,2876.550,2639.333,2633.714,2769.050,2868.312,2708.690,2598.976,2587.867,2907.720
2819.840,2864.950,2629.208,2643.829,2765.800,2865.938,2715.810,2589.810,2623.333,2894.680
2835.120,2872.700,2635.500,2652.086,2762.900,2860.812,2715.738,2580.548,2610.800,2889.560
2816.080,2857.500,2645.125,2667.400,2769.250,2829.188,2687.786,2574.810,2589.067,2895.720
2825.400,2861.050,2623.500,2653.629,2762.150,2820.375,2686.643,2587.881,2588.400,2882.840
2815.920,2861.600,2646.000,2634.086,2763.150,2810.062,2673.786,2576.857,2583.933,2888.440
2780.600,2858.900,2614.250,2638.886,2774.600,2817.062,2666.024,2564.810,2587.400,2854.360
2784.920,2831.650,2598.625,2650.943,2768.550,2793.125,2682.024,2564.786,2573.467,2856.640
2800.240,2825.200,2618.750,2626.829,2756.200,2793.812,2648.667,2566.190,2542.000,2873.680
2790.000,2845.950,2621.125,2648.086,2763.800,2787.750,2653.833,2553.810,2554.200,2837.480
2771.080,2830.500,2607.083,2644.943,2786.700,2772.688,2643.214,2555.000,2529.333,2844.000
2772.880,2809.400,2604.250,2621.314,2757.550,2770.000,2653.619,2550.452,2558.733,2835.240
2745.560,2834.100,2587.958,2615.428,2773.450,2775.125,2648.738,2551.928,2547.133,2830.160
2748.160,2812.250,2611.208,2614.457,2765.000,2800.625,2630.905,2546.690,2524.600,2825.480
2755.240,2806.750,2612.000,2626.114,2780.900,2792.750,2626.595,2543.952,2523.600,2827.520
2762.840,2813.400,2600.208,2631.343,2791.650,2775.062,2647.214,2536.548,2506.933,2804.080
2747.480,2831.750,2605.750,2628.428,2773.500,2771.000,2624.595,2547.286,2529.067,2828.240
2740.200,2797.600,2594.042,2621.229,2775.150,2781.000,2625.976,2547.905,2543.533,2807.040
2744.760,2810.900,2599.583,2615.286,2769.350,2783.438,2649.095,2560.143,2535.333,2805.480
2752.720,2807.850,2614.667,2633.229,2765.300,2789.000,2654.238,2570.500,2493.467,2838.880
2789.720,2849.950,2613.875,2633.572,2790.200,2829.688,2677.000,2592.667,2518.933,2840.320
2802.720,2893.750,2649.833,2632.771,2784.650,2832.188,2712.548,2594.072,2557.400,2890.720
2828.240,2890.750,2619.042,2632.057,2789.350,2867.688,2744.262,2593.690,2572.600,2895.800
2868.440,2918.200,2658.917,2674.457,2793.550,2885.312,2763.048,2591.548,2619.267,2897.440
2848.680,2939.750,2672.500,2665.971,2818.450,2874.062,2760.619,2595.310,2609.867,2908.880
2851.280,2912.500,2663.167,2691.371,2810.500,2874.312,2762.500,2575.857,2618.133,2904.880
2837.240,2903.450,2676.417,2678.114,2807.900,2890.125,2731.810,2581.714,2615.333,2875.920
2845.280,2884.700,2658.125,2685.000,2797.850,2867.125,2743.119,2589.190,2617.000,2883.000
2815.240,2896.700,2645.042,2675.114,2794.900,2833.562,2719.952,2586.333,2600.200,2880.960
2826.000,2893.800,2649.833,2685.743,2806.850,2825.375,2727.024,2575.262,2593.800,2887.240
2806.280,2861.500,2662.750,2675.286,2811.550,2849.312,2718.500,2567.190,2589.067,2885.480
2786.560,2876.450,2656.250,2688.771,2794.800,2853.125,2701.833,2571.119,2570.467,2885.040
2802.720,2846.350,2662.667,2680.171,2809.750,2831.750,2711.357,2570.072,2559.533,2862.640
2772.720,2866.050,2649.500,2673.543,2793.400,2844.938,2709.810,2564.500,2546.333,2843.360
2780.080,2859.600,2638.375,2657.743,2806.300,2800.938,2679.524,2561.024,2551.333,2837.480
2764.560,2859.400,2636.042,2682.057,2805.550,2805.500,2658.833,2561.548,2557.200,2850.920
2767.760,2842.850,2620.667,2663.257,2799.300,2788.375,2676.357,2545.476,2555.467,2842.440
2767.240,2841.900,2639.792,2659.486,2778.000,2790.312,2672.810,2566.190,2533.933,2820.520
2762.000,2834.150,2626.833,2646.714,2801.650,2776.312,2670.500,2541.357,2522.333,2825.000
2762.840,2832.750,2638.750,2648.257,2802.250,2784.500,2679.905,2541.405,2530.600,2820.640
2738.680,2820.000,2631.000,2659.428,2772.350,2794.688,2665.667,2540.643,2512.733,2839.960
2756.280,2818.050,2637.625,2661.971,2798.750,2779.875,2646.500,2561.619,2495.067,2792.120
2743.080,2811.750,2615.542,2646.657,2786.250,2760.688,2659.928,2566.928,2521.867,2808.680
2760.400,2833.600,2623.000,2662.086,2780.350,2796.875,2694.286,2579.810,2508.933,2847.720
2759.800,2866.900,2634.833,2662.257,2790.600,2839.812,2727.738,2587.928,2532.400,2882.920
2828.680,2920.450,2631.583,2665.257,2771.400,2866.875,2770.333,2580.572,2550.200,2918.880
2836.160,2930.100,2662.417,2671.543,2803.800,2864.562,2784.167,2590.548,2587.200,2911.240
2847.960,2923.600,2653.958,2690.686,2791.250,2860.875,2780.952,2603.786,2590.533,2923.640
2833.680,2888.300,2661.000,2701.229,2821.100,2870.938,2754.000,2599.928,2594.000,2898.520
2837.600,2918.500,2663.917,2705.857,2831.250,2871.562,2747.738,2593.095,2589.333,2882.920
2813.160,2920.950,2658.250,2689.200,2824.450,2879.688,2752.214,2580.476,2586.400,2878.760
2812.600,2909.400,2657.125,2704.743,2819.200,2865.875,2726.310,2575.810,2580.800,2875.000
2806.000,2889.050,2659.917,2674.143,2806.800,2817.250,2730.310,2577.024,2572.200,2870.160
2796.720,2850.500,2640.417,2675.743,2838.000,2808.938,2711.286,2581.476,2569.067,2867.680
2781.920,2839.050,2644.208,2681.572,2838.250,2825.875,2692.714,2566.857,2553.933,2856.120
2769.360,2859.600,2652.125,2686.543,2815.650,2834.688,2686.095,2568.405,2562.133,2862.760
2757.040,2841.950,2649.292,2675.743,2805.250,2805.000,2684.905,2574.524,2545.467,2855.560
2764.600,2843.450,2656.292,2676.171,2800.300,2817.500,2686.167,2564.905,2554.467,2832.960
2763.640,2858.750,2637.000,2662.857,2813.400,2814.938,2677.095,2551.762,2533.333,2835.920
2759.760,2833.550,2622.042,2663.771,2797.150,2810.188,2659.500,2568.048,2512.333,2840.280
2763.760,2841.250,2631.333,2663.600,2812.900,2811.500,2672.762,2537.548,2537.667,2839.680
2736.880,2857.250,2632.958,2667.171,2816.000,2783.125,2655.048,2554.095,2527.600,2817.360
2746.040,2818.800,2642.708,2666.714,2783.600,2782.375,2657.690,2545.381,2516.000,2816.960
2753.560,2852.200,2632.542,2657.686,2804.650,2785.688,2636.952,2547.667,2523.333,2808.120
2741.160,2800.850,2639.042,2653.029,2792.550,2774.125,2640.810,2552.619,2499.667,2828.160
2732.680,2842.550,2627.208,2660.857,2770.250,2772.500,2676.643,2548.810,2497.933,2826.880
2738.240,2852.150,2611.708,2643.457,2796.550,2792.750,2694.143,2575.333,2490.733,2813.000
2782.240,2882.350,2636.083,2648.514,2787.550,2820.438,2698.952,2581.167,2508.133,2863.920
2827.240,2894.800,2631.250,2660.686,2811.050,2863.188,2742.643,2593.190,2563.133,2883.480
2845.480,2917.100,2668.292,2653.343,2814.650,2880.938,2746.643,2595.310,2573.267,2897.400
2837.000,2939.800,2675.917,2674.543,2807.300,2907.625,2741.881,2603.095,2589.667,2913.280
2831.360,2912.950,2669.167,2674.428,2832.900,2890.188,2768.762,2593.857,2614.267,2922.400
2826.960,2929.300,2683.292,2683.257,2837.300,2906.062,2755.905,2584.214,2602.733,2913.680
2831.960,2915.950,2705.292,2698.171,2841.000,2917.938,2742.238,2595.714,2592.867,2939.680
2825.240,2918.150,2680.458,2707.428,2867.450,2889.500,2747.667,2582.048,2611.467,2942.520
2821.080,2910.500,2684.542,2690.400,2842.150,2891.125,2743.167,2577.238,2611.067,2905.560
2803.760,2873.950,2669.167,2701.428,2876.450,2868.250,2708.905,2578.595,2588.800,2885.840
2794.560,2883.150,2678.708,2677.943,2851.750,2876.438,2704.524,2557.833,2572.133,2886.840
2797.440,2878.050,2662.417,2687.114,2837.950,2860.000,2706.428,2563.976,2581.800,2886.240
2801.280,2884.100,2673.208,2667.486,2861.700,2874.125,2685.381,2556.286,2560.133,2883.160
2761.160,2873.650,2659.667,2677.086,2831.700,2844.938,2675.857,2556.595,2535.133,2878.000
2773.480,2860.750,2652.667,2669.914,2850.400,2831.812,2671.048,2549.857,2540.733,2859.920
2751.640,2849.450,2640.542,2656.743,2852.500,2837.812,2660.548,2550.452,2525.200,2851.040
2750.560,2830.150,2644.583,2667.029,2852.500,2827.375,2673.762,2548.167,2527.467,2853.400
2762.760,2856.050,2644.000,2664.286,2825.200,2796.625,2651.095,2538.619,2527.267,2866.800
2759.160,2841.650,2669.000,2655.086,2832.250,2821.250,2642.952,2563.714,2512.000,2840.560
2757.560,2841.400,2645.542,2654.572,2841.350,2795.312,2644.428,2533.048,2546.067,2836.160
2755.120,2828.650,2657.083,2670.029,2832.300,2797.312,2644.000,2538.310,2504.000,2814.000
2732.000,2815.700,2650.750,2661.800,2830.450,2798.938,2647.190,2533.762,2513.200,2830.360
2711.080,2822.600,2632.958,2646.971,2821.650,2832.562,2675.857,2565.572,2507.400,2833.680
2754.960,2842.000,2656.667,2652.000,2814.600,2799.688,2734.381,2573.690,2535.800,2844.960
2802.880,2858.850,2663.167,2650.514,2799.800,2836.062,2742.952,2572.190,2544.800,2871.760
2824.320,2865.900,2670.417,2664.371,2831.450,2877.688,2755.048,2568.428,2556.933,2908.400
2826.720,2890.700,2695.375,2674.057,2816.750,2893.938,2781.310,2564.238,2575.267,2925.320
2855.240,2926.250,2702.833,2680.629,2837.400,2910.812,2779.262,2596.786,2607.067,2932.640
2832.400,2895.400,2712.833,2692.486,2881.950,2897.875,2769.095,2591.119,2598.200,2919.360
2844.720,2921.850,2700.875,2698.572,2870.800,2924.062,2733.167,2588.595,2579.600,2938.280
2840.280,2904.550,2720.083,2707.114,2887.200,2903.688,2749.381,2583.167,2565.400,2918.840
2830.800,2903.250,2708.125,2703.914,2878.100,2879.375,2724.381,2579.190,2560.333,2912.080
2821.160,2872.150,2689.208,2691.400,2855.900,2880.750,2721.428,2569.000,2582.267,2912.360
2807.440,2872.000,2680.125,2700.857,2867.150,2885.875,2700.333,2562.024,2547.067,2895.880
2812.560,2893.850,2677.375,2689.743,2868.450,2853.500,2701.857,2575.357,2582.600,2897.960
2778.320,2870.800,2683.833,2691.600,2841.750,2853.938,2691.690,2572.762,2558.133,2888.000
2760.880,2871.500,2669.792,2686.200,2869.400,2876.875,2687.095,2568.262,2550.267,2870.600
2785.520,2851.500,2669.250,2678.714,2836.650,2851.250,2681.905,2547.810,2550.333,2855.160
2760.400,2862.300,2663.167,2677.086,2853.450,2831.375,2664.024,2544.381,2532.533,2873.360
2755.800,2846.300,2659.167,2678.257,2855.950,2841.000,2658.143,2554.048,2552.800,2866.040
2750.240,2836.750,2657.292,2664.143,2860.900,2817.812,2653.428,2549.690,2505.467,2865.280
2738.800,2846.300,2642.625,2680.743,2846.800,2825.812,2656.357,2543.238,2498.667,2818.680
2755.960,2846.900,2661.375,2667.714,2845.700,2850.312,2659.619,2547.976,2511.867,2845.920
2760.840,2809.800,2656.208,2673.629,2847.000,2813.312,2641.595,2546.952,2501.600,2845.720
2729.160,2818.500,2642.667,2671.343,2837.400,2823.938,2650.428,2543.024,2493.733,2830.600
2733.960,2832.550,2656.750,2655.086,2849.350,2802.875,2672.428,2532.619,2497.133,2808.680
2730.960,2828.700,2655.958,2651.371,2818.000,2803.000,2693.714,2553.238,2501.067,2817.440
2756.720,2809.500,2646.375,2657.428,2806.300,2783.312,2727.072,2564.833,2499.000,2844.600
2789.000,2844.300,2664.375,2673.486,2811.900,2827.375,2754.976,2580.928,2552.000,2890.960
2817.520,2870.450,2668.500,2657.171,2825.100,2875.750,2779.976,2584.524,2566.800,2912.320
2821.160,2875.900,2678.833,2679.229,2843.300,2879.312,2782.310,2589.905,2600.267,2904.800
2813.320,2901.500,2684.250,2688.371,2850.150,2899.812,2773.643,2578.928,2579.333,2900.320
2829.080,2908.250,2700.667,2710.343,2878.400,2905.438,2759.500,2585.619,2618.133,2893.000
2805.480,2905.950,2692.167,2726.629,2871.950,2879.750,2764.572,2574.952,2608.533,2911.840
2809.440,2871.900,2710.542,2718.572,2873.000,2883.438,2737.690,2575.595,2568.733,2925.560
2813.840,2889.700,2687.667,2719.743,2868.600,2909.750,2746.333,2570.810,2582.867,2893.760
2788.360,2867.200,2679.750,2699.543,2879.600,2894.562,2729.000,2573.190,2578.467,2925.160
2782.080,2857.950,2692.083,2704.943,2864.350,2844.500,2714.905,2552.333,2557.933,2866.240
2773.640,2866.900,2668.958,2708.829,2874.600,2846.750,2724.167,2559.190,2544.667,2866.200
2775.400,2850.800,2676.250,2690.714,2864.000,2848.312,2697.595,2544.952,2546.400,2869.560
2760.960,2853.550,2668.333,2684.629,2837.150,2834.562,2698.524,2541.262,2502.533,2846.840
2745.800,2831.100,2673.917,2677.543,2858.000,2842.500,2670.786,2560.286,2534.667,2850.240
2755.920,2831.650,2676.417,2670.000,2854.750,2835.375,2679.310,2547.000,2513.667,2856.800
2718.720,2829.650,2645.333,2686.600,2823.650,2842.812,2666.214,2548.357,2520.133,2866.000
2721.640,2829.050,2652.667,2697.829,2843.950,2821.125,2650.690,2548.333,2514.133,2833.280
2720.680,2792.900,2629.917,2665.257,2838.400,2767.062,2641.619,2540.976,2518.533,2838.120
2727.480,2797.800,2634.292,2678.829,2833.450,2798.125,2656.095,2550.595,2481.733,2821.120
2725.800,2786.900,2665.833,2670.457,2813.850,2788.250,2629.905,2530.333,2477.533,2829.880
2728.640,2807.900,2648.667,2671.572,2822.950,2803.938,2646.119,2535.857,2498.467,2813.800
2702.680,2794.550,2644.458,2668.371,2811.900,2776.688,2687.048,2542.928,2475.067,2813.480
2723.200,2805.500,2630.458,2647.714,2841.650,2749.812,2729.786,2557.762,2501.600,2784.080
2730.360,2795.400,2631.417,2658.572,2822.200,2798.375,2749.952,2560.333,2495.200,2820.200
2755.520,2813.000,2663.292,2661.428,2827.150,2809.062,2765.286,2577.643,2525.267,2860.440
2773.720,2809.050,2654.625,2679.743,2808.300,2798.938,2772.714,2587.952,2551.600,2867.040
2799.520,2838.450,2680.375,2695.743,2829.300,2840.750,2772.048,2586.428,2543.133,2897.000
2820.600,2870.850,2673.875,2715.943,2880.150,2872.250,2771.167,2579.357,2567.200,2916.200
2794.440,2882.650,2673.042,2713.314,2897.550,2884.188,2747.976,2581.095,2532.400,2904.600
2780.800,2863.500,2672.750,2715.400,2879.800,2872.750,2749.048,2585.476,2557.000,2885.280
2775.080,2839.150,2677.292,2715.829,2878.800,2850.438,2734.286,2585.810,2562.000,2895.280
2779.560,2866.600,2674.083,2723.657,2877.300,2842.188,2719.857,2575.833,2555.733,2897.280
2783.640,2842.100,2683.750,2715.371,2880.300,2843.125,2711.476,2571.810,2547.800,2885.520
2752.360,2826.800,2660.375,2719.143,2882.550,2854.938,2698.667,2559.024,2542.733,2887.000
2752.280,2847.900,2675.958,2697.086,2864.400,2854.062,2693.881,2561.190,2535.533,2876.480
2748.840,2826.850,2670.500,2708.229,2858.850,2840.812,2680.690,2556.667,2511.333,2854.680
2744.440,2849.450,2645.250,2716.886,2875.850,2833.875,2672.405,2555.857,2510.133,2840.520
2748.840,2804.700,2656.083,2690.829,2862.450,2822.312,2672.095,2542.333,2485.667,2834.600
2748.640,2832.400,2646.792,2686.743,2856.250,2834.125,2658.643,2554.072,2493.000,2861.440
2747.800,2816.550,2653.083,2682.857,2851.700,2830.688,2647.500,2543.810,2470.933,2830.280
2734.560,2801.350,2640.208,2678.572,2843.850,2787.188,2643.024,2554.262,2477.533,2823.960
2724.600,2799.800,2641.792,2686.686,2842.900,2802.188,2630.714,2533.095,2482.400,2821.400
2727.720,2809.200,2641.542,2671.971,2842.200,2812.438,2644.786,2532.357,2490.200,2812.000
2718.520,2774.050,2632.042,2674.886,2830.950,2789.250,2635.428,2517.357,2462.600,2806.040
2683.960,2799.500,2662.292,2671.800,2831.250,2763.438,2629.357,2523.667,2476.600,2792.320
2694.240,2784.300,2633.792,2670.514,2842.250,2785.188,2655.428,2521.643,2475.733,2804.800
2720.360,2771.450,2623.292,2653.428,2826.550,2779.938,2693.000,2541.119,2487.333,2802.000
2739.840,2798.200,2645.875,2672.771,2836.050,2800.188,2728.214,2552.643,2507.333,2824.280
2767.600,2806.150,2636.958,2674.371,2838.950,2840.312,2726.095,2560.619,2532.333,2843.240
2772.680,2841.300,2658.375,2679.143,2831.750,2855.000,2742.333,2569.476,2536.667,2867.880
2793.760,2858.800,2669.667,2682.572,2835.350,2882.875,2746.810,2558.072,2539.467,2890.360
2793.000,2873.850,2693.625,2703.800,2842.850,2884.000,2750.286,2555.119,2548.067,2893.200
2765.480,2870.450,2675.542,2709.914,2886.400,2900.500,2735.738,2562.786,2555.733,2904.520
2765.920,2863.950,2705.792,2715.286,2869.650,2902.500,2724.667,2549.381,2531.000,2897.680
2770.360,2845.500,2664.625,2722.657,2884.350,2897.938,2717.714,2560.357,2534.000,2898.280
2764.400,2887.300,2677.292,2730.743,2879.350,2889.375,2738.857,2566.548,2523.867,2895.440
2765.680,2863.000,2698.250,2714.257,2861.050,2886.625,2713.833,2561.119,2518.933,2869.320
2757.440,2848.350,2658.917,2700.343,2880.850,2872.375,2701.857,2557.928,2518.067,2850.720
2768.560,2842.800,2668.333,2695.457,2863.700,2863.875,2679.786,2553.857,2507.000,2876.680
2734.720,2839.850,2665.167,2690.143,2890.050,2835.625,2672.310,2546.667,2508.467,2865.800
2742.240,2835.000,2669.750,2697.086,2869.100,2827.000,2673.833,2549.548,2493.933,2852.720
2726.720,2842.200,2641.542,2684.086,2883.600,2833.312,2657.690,2544.667,2498.533,2836.400
2727.600,2825.650,2653.083,2704.543,2839.550,2820.812,2636.643,2532.286,2484.733,2845.360
2720.760,2820.250,2649.250,2691.229,2846.200,2837.062,2636.738,2531.262,2478.133,2843.760
2719.480,2814.050,2650.417,2670.600,2841.450,2799.312,2625.500,2528.810,2469.133,2834.040
2703.600,2806.350,2655.875,2678.029,2832.650,2799.812,2623.690,2541.857,2485.667,2824.600
2702.680,2795.400,2617.875,2679.857,2832.400,2780.750,2597.833,2531.857,2481.933,2812.040
2716.040,2810.250,2641.917,2655.428,2845.300,2799.438,2635.762,2518.024,2476.533,2818.440
2671.680,2806.050,2628.708,2666.886,2829.100,2808.875,2671.881,2515.643,2472.867,2824.000
2682.400,2810.400,2638.375,2670.800,2825.700,2773.750,2698.667,2529.167,2459.800,2811.120
2684.320,2804.050,2618.625,2664.229,2803.800,2806.812,2687.857,2540.476,2458.133,2783.280
2709.080,2798.100,2638.042,2657.000,2823.000,2796.938,2714.905,2542.024,2477.333,2813.160
2735.200,2812.250,2637.250,2672.371,2817.400,2827.062,2731.810,2545.238,2496.067,2818.480
2768.360,2811.700,2669.542,2681.143,2832.850,2833.500,2749.310,2548.452,2510.067,2855.160
2801.400,2845.900,2669.958,2702.400,2876.900,2890.562,2746.786,2571.095,2546.133,2882.160
2764.040,2863.350,2698.708,2707.086,2858.800,2896.938,2745.095,2557.381,2539.200,2900.040
2792.920,2862.550,2682.208,2708.686,2881.650,2896.750,2722.976,2564.167,2527.600,2885.120
2757.560,2884.900,2662.125,2719.371,2898.950,2895.000,2727.286,2572.548,2551.000,2878.240
2772.000,2875.100,2686.333,2720.000,2888.800,2893.812,2713.381,2571.905,2541.533,2880.840
2771.680,2870.800,2659.917,2712.114,2883.200,2865.000,2696.167,2559.714,2521.667,2876.800
2750.560,2861.100,2665.958,2707.457,2854.000,2885.438,2687.714,2547.452,2514.133,2862.280
2751.200,2840.100,2668.167,2703.829,2867.100,2848.625,2693.357,2537.452,2512.600,2872.040
2757.120,2858.900,2678.875,2702.486,2874.850,2857.312,2672.238,2540.595,2486.400,2847.720
2734.720,2851.050,2672.875,2703.229,2876.950,2866.062,2658.190,2546.357,2490.467,2846.040
2715.960,2846.100,2672.708,2700.457,2856.950,2861.312,2653.048,2530.333,2487.133,2823.600
2731.040,2844.900,2686.083,2693.029,2870.100,2850.312,2639.548,2538.143,2500.667,2839.320
2725.280,2825.100,2667.625,2693.057,2837.650,2828.000,2638.452,2526.928,2465.133,2836.120
2706.520,2834.900,2662.542,2691.171,2825.500,2831.312,2615.905,2528.024,2502.400,2803.000
2695.840,2835.800,2665.625,2681.572,2845.850,2841.188,2630.095,2520.643,2490.133,2805.920
2703.200,2846.400,2663.917,2681.143,2833.850,2814.438,2624.881,2513.262,2480.200,2833.160
2684.080,2815.800,2644.167,2672.000,2819.150,2829.000,2614.643,2517.333,2454.133,2816.000
2689.800,2815.250,2650.583,2678.572,2801.250,2825.750,2609.190,2519.762,2462.867,2819.520
2680.360,2806.650,2631.917,2655.400,2813.600,2795.125,2616.595,2514.452,2429.800,2825.560
2673.960,2806.550,2625.542,2670.257,2809.950,2796.938,2642.762,2505.572,2464.867,2800.920
2679.480,2803.500,2634.250,2672.428,2813.300,2807.062,2686.000,2532.214,2432.467,2776.000
2705.640,2806.300,2644.208,2661.971,2834.850,2794.188,2721.095,2540.667,2455.133,2818.720
2717.480,2811.950,2677.125,2670.829,2812.850,2814.375,2733.214,2536.262,2499.800,2845.240
2761.160,2857.550,2670.750,2697.171,2830.250,2826.125,2716.476,2551.905,2485.667,2841.600
2768.600,2857.350,2677.417,2678.971,2835.650,2854.438,2745.190,2554.333,2522.867,2857.320
2775.080,2898.150,2695.042,2710.000,2863.850,2897.875,2751.405,2561.452,2514.000,2881.920
2770.560,2904.000,2692.250,2714.714,2892.600,2889.062,2715.952,2548.476,2504.800,2883.200
2796.600,2914.450,2700.917,2733.771,2891.850,2875.500,2719.357,2544.738,2532.733,2880.960
2767.360,2895.200,2686.208,2717.543,2904.350,2887.812,2724.238,2543.762,2512.800,2893.040
2748.320,2892.500,2690.167,2708.314,2887.300,2864.438,2700.762,2545.310,2525.000,2867.400
2747.160,2900.800,2695.792,2715.229,2871.850,2906.750,2690.762,2548.452,2514.600,2847.560
2746.400,2881.150,2682.208,2701.800,2881.050,2846.250,2680.357,2545.619,2502.600,2861.800
2722.840,2860.000,2695.000,2708.600,2892.000,2829.312,2661.119,2552.333,2488.533,2856.360
2731.880,2872.650,2676.125,2695.543,2865.550,2862.000,2664.072,2540.238,2481.200,2834.560
2715.560,2838.750,2692.042,2683.314,2844.800,2832.688,2658.167,2535.976,2484.867,2844.240
2709.960,2851.250,2668.708,2686.714,2882.100,2815.875,2646.357,2543.428,2460.933,2820.320
2699.840,2847.900,2656.083,2682.343,2827.550,2827.625,2626.690,2523.572,2477.467,2803.040
2706.480,2827.550,2667.667,2687.714,2857.000,2814.375,2620.619,2528.048,2461.200,2815.160
2704.160,2845.300,2653.958,2692.486,2828.950,2824.250,2624.119,2511.857,2477.667,2816.320
2699.400,2796.400,2642.583,2686.400,2851.150,2766.312,2608.000,2514.905,2470.467,2813.800
2672.480,2811.450,2639.417,2669.286,2846.400,2800.375,2593.024,2519.857,2441.267,2796.760
2672.320,2818.400,2643.417,2670.314,2836.450,2800.062,2612.714,2510.928,2468.733,2796.160
2680.040,2809.000,2632.833,2669.714,2834.300,2797.625,2605.286,2520.524,2447.533,2792.160
2674.960,2804.050,2631.208,2673.829,2811.000,2809.875,2651.619,2522.167,2460.267,2809.360
2670.000,2787.650,2637.625,2664.200,2820.950,2794.000,2691.928,2529.214,2428.467,2800.360
2693.440,2798.300,2670.125,2655.114,2808.100,2806.062,2718.286,2521.500,2455.067,2789.160
2710.800,2831.200,2658.708,2674.029,2839.950,2825.375,2735.286,2541.452,2482.400,2828.600
2726.760,2870.850,2661.875,2683.400,2844.200,2837.000,2719.238,2548.000,2483.667,2830.720
2745.240,2871.300,2678.667,2689.514,2855.000,2833.938,2736.214,2548.833,2490.000,2824.040
2756.960,2917.150,2660.750,2690.057,2868.100,2865.375,2728.595,2554.548,2530.800,2846.400
2756.160,2911.950,2696.750,2714.914,2867.100,2865.750,2725.357,2543.310,2503.000,2861.160
2764.120,2943.050,2680.708,2704.257,2857.700,2871.812,2721.833,2546.452,2495.533,2887.120
2756.600,2935.550,2686.417,2704.457,2874.900,2869.500,2707.524,2541.286,2500.533,2842.480
2763.080,2943.250,2691.542,2699.428,2867.250,2888.688,2701.048,2551.286,2484.667,2863.640
2731.120,2943.450,2700.333,2716.143,2875.750,2872.062,2705.690,2542.286,2479.800,2871.200
2733.320,2898.850,2664.917,2706.686,2851.000,2877.125,2695.976,2551.048,2484.000,2837.440
2725.680,2921.000,2687.333,2704.086,2853.800,2833.250,2677.857,2551.072,2472.667,2837.160
2717.640,2865.150,2662.417,2694.000,2856.350,2822.250,2668.810,2530.048,2497.000,2836.840
2702.080,2891.650,2658.708,2685.657,2842.550,2832.312,2641.833,2532.928,2478.867,2817.720
2711.440,2879.250,2676.917,2690.657,2859.300,2809.688,2642.333,2516.310,2488.667,2812.880
2694.680,2874.700,2659.208,2650.886,2828.250,2812.438,2641.928,2515.095,2470.667,2827.360
2696.200,2863.150,2644.667,2665.029,2820.950,2839.438,2630.381,2518.357,2480.400,2820.760
2686.400,2836.000,2642.417,2665.686,2818.050,2814.875,2624.333,2518.738,2437.400,2798.080
2688.960,2860.150,2650.583,2674.114,2827.850,2837.438,2608.476,2516.357,2463.533,2797.600
2676.880,2828.000,2640.458,2665.857,2833.500,2816.188,2616.857,2511.905,2447.067,2785.360
2677.040,2836.350,2651.250,2646.657,2825.000,2828.188,2611.833,2519.619,2455.800,2785.200
2672.520,2835.400,2634.167,2652.257,2807.350,2779.938,2631.119,2501.048,2440.467,2789.640
2659.880,2822.000,2622.750,2655.171,2800.250,2797.250,2664.595,2520.857,2436.733,2768.960
2676.320,2820.500,2635.208,2652.000,2794.050,2790.875,2710.690,2532.667,2445.600,2776.960
2684.240,2817.150,2641.375,2660.457,2786.550,2776.062,2716.167,2523.024,2469.400,2782.520
2703.440,2855.100,2658.458,2664.486,2785.850,2822.812,2715.976,2538.214,2478.600,2833.040
2724.640,2859.700,2669.208,2675.886,2836.750,2831.875,2732.262,2559.238,2504.533,2862.080
2736.560,2885.600,2671.708,2696.114,2841.500,2837.500,2733.119,2552.905,2490.400,2862.240
2751.080,2905.700,2684.792,2693.029,2817.450,2864.562,2721.500,2546.643,2487.067,2855.320
2725.080,2950.750,2682.833,2692.143,2850.950,2861.312,2727.548,2540.190,2497.467,2870.680
2743.320,2938.600,2678.417,2706.486,2869.300,2857.438,2734.690,2552.428,2500.000,2873.520
2735.960,2942.600,2678.250,2699.829,2873.600,2864.688,2724.143,2546.667,2490.867,2867.520
2754.600,2939.750,2672.125,2714.686,2866.050,2861.312,2701.452,2539.667,2474.267,2862.000
2728.840,2929.750,2685.833,2705.229,2850.850,2845.562,2685.548,2529.238,2487.467,2854.640
2736.880,2909.200,2674.542,2687.000,2875.200,2868.688,2682.905,2532.048,2476.533,2854.040
2715.680,2887.050,2653.167,2713.257,2847.050,2851.500,2666.619,2529.262,2470.400,2838.760
2697.760,2870.700,2670.833,2696.086,2828.850,2829.250,2665.572,2520.810,2468.267,2821.560
2692.280,2851.850,2655.792,2680.286,2825.950,2820.125,2640.548,2513.643,2469.933,2819.640
2693.040,2882.050,2659.333,2696.886,2809.150,2830.688,2637.881,2526.690,2452.600,2834.160
2697.840,2852.400,2652.875,2677.457,2799.200,2847.062,2651.524,2521.238,2472.267,2806.280
2680.040,2842.900,2646.583,2679.771,2810.050,2819.375,2622.333,2512.167,2450.867,2809.920
2706.600,2866.650,2652.667,2670.771,2819.350,2830.250,2625.405,2516.595,2434.933,2802.920
2682.480,2845.350,2641.000,2671.686,2814.400,2795.062,2609.952,2507.738,2442.267,2797.760
2674.280,2828.900,2636.333,2656.943,2803.800,2831.125,2624.690,2513.428,2437.733,2779.560
2647.800,2809.350,2609.750,2669.600,2804.750,2801.875,2624.286,2503.905,2412.867,2781.120
2647.200,2828.200,2633.667,2653.029,2784.600,2803.000,2647.619,2497.357,2437.133,2794.000
2670.720,2812.550,2625.083,2652.771,2791.350,2785.062,2700.833,2513.310,2433.467,2781.760
2685.600,2822.700,2632.042,2640.857,2791.200,2766.812,2707.548,2507.810,2427.133,2762.280
2679.360,2822.300,2626.583,2660.428,2788.000,2790.375,2732.500,2528.762,2444.733,2780.880
2699.480,2841.300,2635.208,2648.114,2806.950,2818.312,2721.333,2534.167,2447.267,2797.240
2709.280,2858.150,2630.250,2670.857,2806.750,2809.438,2743.405,2534.405,2450.933,2823.360
2710.200,2860.650,2655.917,2674.543,2824.700,2829.625,2732.738,2540.905,2464.933,2824.880
2721.080,2900.500,2661.708,2687.771,2825.700,2847.062,2729.738,2543.976,2478.200,2850.920
2741.400,2917.400,2673.250,2680.400,2835.450,2837.500,2734.048,2547.690,2490.733,2852.920
2724.360,2910.450,2666.417,2683.657,2837.350,2880.812,2703.381,2541.143,2514.133,2858.600
2714.880,2923.200,2679.208,2671.171,2819.300,2875.375,2718.810,2535.619,2481.067,2855.600
2722.080,2931.900,2669.958,2721.286,2842.750,2881.000,2697.238,2540.000,2499.800,2852.920
2700.200,2944.500,2691.208,2682.714,2832.250,2861.562,2686.476,2546.881,2475.067,2851.080
2706.360,2905.550,2672.542,2671.971,2828.850,2844.062,2686.095,2538.143,2481.200,2840.160
2690.480,2893.600,2655.750,2680.171,2818.400,2830.000,2671.310,2524.024,2475.067,2831.080
2690.560,2871.200,2640.917,2667.486,2843.100,2855.688,2665.595,2533.690,2458.267,2795.040
2698.000,2868.350,2646.000,2673.743,2820.200,2849.250,2645.286,2521.452,2439.867,2796.920
2677.520,2845.500,2655.292,2654.657,2832.550,2842.188,2646.928,2506.667,2448.467,2827.600
2663.360,2857.950,2661.167,2665.600,2798.900,2823.375,2626.286,2513.762,2445.467,2807.840
2657.400,2838.550,2635.875,2650.171,2805.500,2824.312,2623.072,2508.738,2430.667,2776.880
2671.280,2833.250,2651.542,2646.771,2793.450,2825.062,2621.428,2524.881,2427.267,2789.800
2655.840,2844.600,2628.833,2645.057,2792.750,2839.188,2629.310,2499.738,2421.667,2794.840
2664.880,2819.100,2622.625,2648.543,2805.850,2807.688,2620.286,2500.524,2428.400,2778.640
2661.560,2825.500,2609.333,2657.343,2793.200,2803.438,2620.714,2509.286,2448.133,2762.760
2650.720,2809.750,2626.333,2667.600,2779.650,2782.688,2654.476,2497.476,2411.800,2770.160
2636.320,2811.550,2612.375,2652.086,2774.050,2769.812,2681.405,2500.238,2412.400,2753.280
2650.240,2785.250,2622.583,2640.286,2793.100,2809.625,2692.857,2516.452,2416.467,2753.640
2661.480,2810.700,2617.792,2636.514,2785.250,2806.688,2707.928,2505.976,2436.800,2766.880
2671.880,2810.350,2618.667,2650.343,2797.550,2816.750,2724.238,2536.786,2419.133,2790.080
2672.400,2833.800,2609.292,2651.229,2787.900,2825.562,2719.881,2511.214,2452.200,2792.280
2706.000,2865.500,2654.125,2675.886,2800.300,2833.812,2717.310,2534.762,2475.933,2810.120
2726.400,2911.800,2660.417,2674.686,2820.300,2845.562,2719.000,2532.238,2463.867,2824.960
2708.560,2899.600,2650.750,2669.400,2818.100,2859.562,2725.286,2533.548,2473.933,2810.960
2699.240,2901.850,2646.958,2674.600,2829.550,2882.375,2708.595,2527.095,2481.133,2839.800
2706.800,2909.700,2647.875,2678.857,2807.250,2872.625,2712.572,2534.905,2484.933,2805.320
2689.760,2907.250,2654.500,2687.057,2847.500,2866.250,2697.810,2522.262,2483.667,2836.600
2693.880,2914.550,2638.500,2676.914,2835.200,2873.500,2696.928,2525.167,2466.733,2807.960
2699.680,2860.250,2649.625,2679.657,2824.750,2845.000,2677.333,2536.310,2455.200,2802.840
2685.520,2869.200,2643.542,2674.257,2819.100,2836.562,2664.167,2535.143,2485.133,2805.360
2671.320,2857.450,2634.500,2673.200,2809.600,2835.500,2657.095,2527.214,2485.600,2792.520
2681.320,2850.200,2609.667,2659.714,2818.750,2817.938,2645.667,2504.119,2471.067,2799.920
2680.240,2838.650,2625.833,2671.543,2821.100,2817.062,2644.428,2509.119,2441.200,2782.120
2655.520,2817.450,2637.875,2656.114,2812.050,2822.938,2636.286,2532.476,2442.467,2787.640
2667.400,2828.500,2625.667,2644.714,2772.850,2814.938,2617.452,2515.381,2459.000,2764.840
2653.040,2828.700,2617.000,2652.743,2770.400,2842.688,2616.476,2507.667,2466.933,2768.400
2652.280,2818.300,2634.958,2643.400,2775.950,2803.438,2617.262,2511.286,2428.467,2761.040
2671.160,2849.050,2611.333,2628.771,2789.000,2801.375,2610.810,2509.810,2437.467,2773.080
2630.160,2810.350,2604.917,2655.257,2773.100,2799.125,2610.572,2500.738,2429.067,2752.440
2650.280,2799.300,2592.583,2636.057,2765.700,2770.438,2644.048,2494.572,2423.667,2745.080
2669.200,2777.000,2638.208,2636.771,2768.000,2790.062,2667.952,2498.643,2412.200,2742.520
2630.240,2805.350,2604.083,2642.600,2770.150,2783.125,2673.857,2512.333,2402.267,2746.680
2647.200,2777.600,2613.667,2644.486,2745.950,2797.625,2682.881,2519.714,2406.533,2763.880
2657.000,2809.600,2631.542,2639.314,2770.250,2783.812,2726.405,2516.381,2420.467,2767.120
2642.120,2828.100,2623.000,2648.743,2785.350,2823.188,2725.143,2510.524,2420.267,2786.520
2654.960,2840.450,2638.667,2662.114,2784.450,2839.125,2721.690,2513.690,2466.733,2814.360
2676.720,2867.250,2638.542,2656.600,2771.900,2847.438,2727.643,2528.833,2471.067,2804.360
2678.200,2881.750,2616.792,2654.257,2793.650,2851.812,2707.286,2535.452,2454.800,2824.600
2691.320,2930.900,2645.333,2685.371,2805.850,2854.750,2703.095,2523.452,2470.533,2788.920
2694.000,2907.800,2661.500,2675.714,2790.000,2873.500,2675.452,2535.928,2459.933,2793.720
2687.360,2898.100,2636.083,2647.428,2803.750,2868.688,2688.738,2528.072,2470.400,2805.880
2668.680,2878.950,2625.333,2666.686,2811.050,2824.500,2688.357,2529.952,2450.000,2809.160
2654.600,2894.650,2638.792,2673.257,2795.450,2822.000,2671.310,2529.190,2465.267,2798.280
2658.200,2869.000,2639.667,2667.914,2799.750,2838.000,2658.072,2522.072,2443.200,2767.920
2665.280,2864.800,2624.375,2651.914,2773.550,2822.500,2647.524,2513.357,2424.200,2769.080
2651.120,2863.650,2616.792,2646.686,2782.150,2829.375,2631.190,2509.405,2435.667,2763.160
2653.800,2837.850,2623.167,2645.000,2795.650,2817.125,2643.405,2513.167,2422.733,2771.880
2663.680,2835.700,2622.917,2645.600,2778.100,2815.812,2637.857,2514.476,2434.667,2759.040
2658.200,2854.600,2613.833,2645.600,2775.500,2823.188,2630.881,2513.190,2429.067,2763.600
2630.320,2812.200,2615.083,2641.771,2798.950,2823.750,2620.548,2492.310,2412.133,2760.320
2626.280,2807.700,2601.750,2625.343,2766.850,2804.000,2629.572,2504.786,2431.067,2761.160
2632.440,2813.000,2620.083,2624.057,2769.000,2804.812,2609.381,2492.524,2400.000,2745.400
2640.560,2799.200,2603.167,2638.743,2768.300,2822.688,2622.643,2500.262,2409.400,2724.800
2624.640,2823.850,2602.167,2642.886,2749.150,2799.812,2648.762,2500.667,2390.467,2740.960
2611.520,2820.850,2587.792,2633.943,2776.900,2772.500,2653.262,2494.167,2384.067,2732.600
2615.680,2765.950,2591.833,2620.943,2779.300,2784.562,2702.405,2499.976,2395.267,2734.320
2627.080,2795.150,2596.375,2635.514,2759.300,2790.312,2709.881,2506.548,2420.000,2711.880
2625.080,2797.600,2597.542,2635.829,2774.700,2792.250,2706.214,2515.500,2408.200,2754.920
2636.560,2819.500,2606.458,2629.000,2763.750,2830.000,2704.786,2521.072,2380.067,2751.760
2667.360,2824.600,2601.333,2629.514,2782.800,2808.188,2705.214,2511.428,2421.533,2770.400
2670.560,2837.900,2610.542,2635.914,2770.500,2843.125,2714.143,2514.548,2438.000,2780.960
2677.360,2889.300,2637.042,2650.743,2786.500,2840.312,2710.143,2535.976,2442.067,2800.720
2665.520,2864.550,2637.625,2649.971,2804.200,2853.000,2688.928,2523.619,2455.733,2799.160
2670.120,2859.100,2605.417,2651.514,2786.650,2861.625,2690.095,2527.190,2434.133,2801.640
2681.040,2902.700,2609.708,2670.428,2769.600,2854.750,2675.310,2507.167,2452.133,2803.000
2665.160,2884.850,2604.792,2660.314,2804.250,2867.875,2668.333,2508.548,2415.933,2800.600
2671.280,2844.150,2606.542,2660.029,2805.850,2857.562,2653.595,2528.072,2445.200,2771.920
2651.200,2849.000,2632.250,2636.514,2798.400,2826.438,2649.786,2512.500,2414.667,2782.960
2651.040,2830.350,2610.917,2637.000,2786.600,2820.625,2653.476,2502.524,2436.667,2788.560
2645.600,2844.600,2616.125,2648.000,2797.850,2827.000,2627.762,2496.738,2412.333,2764.000
2634.040,2842.100,2616.333,2625.829,2785.500,2814.188,2622.690,2508.072,2402.200,2773.160
2632.000,2818.950,2593.500,2656.686,2761.400,2807.812,2616.881,2508.619,2409.267,2741.240
2629.400,2816.250,2614.667,2640.572,2751.050,2816.438,2609.524,2497.714,2393.867,2760.400
2624.960,2825.100,2597.542,2630.171,2754.450,2800.125,2594.762,2493.072,2388.600,2733.560
2630.160,2798.700,2607.417,2609.714,2747.350,2814.312,2598.976,2509.428,2388.533,2743.440
2629.640,2802.350,2596.958,2627.200,2765.600,2810.062,2608.810,2504.095,2404.867,2738.560
2632.400,2813.400,2596.500,2627.629,2754.500,2813.812,2612.952,2496.976,2409.267,2736.360
2636.680,2783.100,2600.000,2609.514,2750.200,2821.562,2629.381,2495.833,2381.133,2732.760
2615.040,2787.000,2583.917,2628.171,2774.500,2782.188,2652.119,2484.643,2418.133,2740.680
2623.360,2780.850,2576.625,2616.114,2745.100,2797.938,2666.119,2488.572,2389.933,2714.560
2625.960,2788.850,2604.417,2611.971,2757.600,2788.562,2681.095,2490.905,2363.467,2710.720
2649.520,2785.300,2587.667,2621.428,2733.200,2768.250,2693.786,2491.928,2403.667,2744.440
2629.120,2822.100,2592.625,2610.029,2763.700,2786.375,2686.952,2496.428,2392.400,2746.240
2653.440,2814.500,2612.125,2627.714,2779.150,2810.312,2709.905,2519.428,2391.667,2751.720
2648.920,2853.150,2602.458,2639.572,2761.450,2797.750,2709.381,2508.405,2415.267,2743.720
2663.360,2835.350,2611.083,2627.829,2763.900,2828.062,2695.428,2528.928,2418.933,2769.920
2659.760,2870.450,2616.208,2650.886,2767.200,2820.312,2693.643,2517.428,2414.800,2793.680
2658.960,2863.400,2631.292,2645.343,2775.950,2828.500,2681.738,2528.143,2432.333,2779.000
2659.360,2854.950,2609.333,2645.200,2783.200,2834.750,2673.500,2515.595,2417.067,2774.640
2653.760,2855.100,2621.167,2642.514,2759.800,2832.250,2648.976,2515.333,2421.533,2774.240
2657.280,2869.350,2604.542,2638.086,2774.100,2825.625,2662.167,2507.238,2427.133,2753.240
2641.680,2849.800,2614.083,2649.343,2779.150,2818.562,2646.857,2506.572,2409.733,2760.400
2658.800,2855.950,2616.500,2630.971,2789.600,2799.250,2656.500,2503.405,2400.067,2752.760
2647.360,2819.550,2617.042,2637.914,2771.400,2798.000,2622.619,2509.548,2405.933,2756.440
2631.240,2830.800,2599.875,2623.971,2774.500,2816.500,2616.381,2498.572,2398.133,2749.880
2636.000,2793.650,2585.542,2632.657,2761.850,2807.062,2620.095,2500.428,2387.867,2749.720
2635.200,2798.850,2598.250,2616.257,2759.500,2800.875,2604.548,2500.667,2395.933,2741.640
2627.840,2807.600,2592.750,2619.428,2771.750,2773.500,2608.619,2497.833,2417.000,2760.560
2626.080,2791.450,2568.250,2608.057,2749.850,2810.688,2604.524,2487.000,2404.067,2743.760
2618.520,2769.700,2582.708,2620.514,2759.200,2782.938,2605.143,2498.524,2403.000,2737.120
2617.360,2780.850,2584.333,2617.771,2725.150,2792.000,2612.881,2484.500,2379.467,2716.760
2624.560,2776.600,2576.250,2601.914,2730.950,2789.312,2604.238,2485.333,2383.867,2731.840
2624.720,2762.600,2572.125,2619.657,2745.950,2773.188,2639.310,2478.952,2375.600,2705.360
2622.160,2785.600,2577.125,2620.886,2724.700,2774.125,2655.976,2481.286,2396.600,2718.000
2633.760,2761.150,2578.542,2614.600,2749.300,2777.312,2688.333,2486.905,2381.667,2715.560
2634.560,2764.250,2596.458,2613.686,2749.600,2769.875,2684.095,2497.690,2390.400,2707.280
2627.320,2796.100,2585.458,2609.143,2780.000,2792.562,2689.810,2495.119,2383.267,2715.520
2634.000,2827.450,2586.625,2625.086,2756.550,2822.688,2687.976,2504.143,2402.267,2739.120
2652.960,2813.150,2588.333,2622.600,2766.150,2799.938,2694.405,2485.286,2398.400,2727.520
2649.840,2844.600,2596.583,2638.314,2760.050,2825.875,2703.524,2500.310,2391.667,2750.480
2676.720,2837.950,2613.250,2630.514,2774.300,2837.000,2690.262,2508.595,2391.200,2756.880
2650.480,2838.050,2591.333,2624.514,2753.350,2832.438,2695.857,2508.619,2406.133,2745.280
2664.520,2837.900,2605.458,2629.057,2767.800,2828.562,2674.881,2519.857,2428.667,2749.320
2663.560,2855.800,2587.167,2627.971,2785.650,2848.250,2666.381,2515.500,2395.000,2740.840
2639.400,2833.900,2604.375,2631.914,2768.050,2853.062,2648.310,2504.738,2408.200,2741.320
2644.120,2841.350,2592.958,2635.629,2769.900,2818.125,2650.667,2483.714,2407.467,2732.440
2645.880,2810.950,2603.167,2616.143,2756.750,2807.875,2636.048,2491.952,2394.867,2732.640
2634.960,2825.700,2617.125,2631.886,2773.250,2835.688,2644.048,2504.190,2395.667,2744.000
2622.680,2820.450,2589.708,2629.486,2757.100,2818.438,2607.024,2494.952,2386.400,2742.640
2632.280,2822.200,2609.417,2619.686,2752.900,2825.438,2613.548,2494.214,2362.933,2728.760
2625.320,2783.850,2577.042,2618.200,2739.800,2782.000,2613.905,2489.143,2386.600,2713.120
2626.520,2775.850,2576.333,2626.314,2735.100,2787.188,2601.952,2483.048,2383.267,2716.480
2620.320,2781.700,2578.708,2631.286,2722.800,2785.812,2602.500,2503.810,2394.267,2723.120
2611.400,2762.150,2585.417,2601.743,2718.900,2815.875,2604.381,2486.024,2384.267,2700.880
2607.920,2760.550,2583.708,2608.057,2735.250,2778.875,2599.667,2494.667,2376.533,2690.360
2606.640,2760.800,2570.333,2601.657,2741.600,2789.875,2631.405,2493.572,2396.267,2694.520
2620.040,2750.800,2576.125,2613.800,2734.500,2772.750,2643.500,2480.667,2378.333,2689.880
2611.040,2753.000,2577.792,2608.943,2719.700,2782.000,2653.000,2488.952,2380.267,2692.040
2601.840,2757.000,2567.958,2608.457,2716.300,2747.562,2669.310,2492.500,2359.667,2680.920
2616.400,2768.550,2565.958,2610.114,2716.200,2781.812,2668.000,2481.262,2400.467,2691.600
2629.320,2788.350,2582.000,2604.886,2739.850,2768.375,2679.452,2494.928,2396.800,2685.600
2628.920,2774.800,2571.458,2617.257,2742.550,2787.562,2678.286,2507.572,2390.267,2685.640
2628.920,2795.500,2581.708,2619.572,2753.700,2812.062,2700.786,2497.190,2405.933,2709.760
2640.720,2791.150,2581.667,2629.657,2760.050,2786.375,2693.619,2504.690,2393.200,2718.000
2629.720,2813.000,2584.917,2634.971,2738.150,2796.562,2681.095,2508.857,2392.800,2721.400
2633.000,2807.800,2584.667,2630.514,2742.750,2807.250,2672.357,2490.095,2416.067,2729.240
2635.640,2826.400,2586.583,2641.029,2752.000,2809.375,2674.238,2492.428,2413.933,2732.760
2621.160,2815.350,2577.333,2638.914,2760.600,2789.625,2645.572,2507.548,2401.667,2721.440
2640.560,2838.850,2582.458,2639.314,2760.700,2825.000,2640.476,2513.595,2415.800,2730.800
2633.920,2802.850,2578.125,2625.114,2771.300,2795.438,2635.548,2500.928,2398.067,2703.200
2618.360,2809.550,2589.417,2620.743,2750.900,2790.125,2637.690,2493.262,2405.067,2718.440
2613.360,2800.900,2568.750,2616.714,2762.850,2812.250,2628.976,2485.595,2402.400,2713.040
2637.520,2782.050,2582.667,2629.343,2733.750,2801.000,2603.548,2483.810,2382.733,2712.960
2613.000,2798.400,2592.208,2632.857,2742.050,2762.312,2587.357,2484.452,2371.067,2691.680
2620.680,2780.950,2564.125,2630.086,2722.200,2789.375,2602.333,2486.786,2396.067,2723.840
2609.240,2749.700,2571.167,2605.000,2731.500,2773.312,2586.214,2479.000,2389.333,2675.040
2611.520,2762.100,2563.833,2613.943,2705.700,2778.125,2592.333,2489.143,2382.333,2679.920
2596.880,2757.950,2561.458,2605.000,2726.550,2775.250,2583.310,2472.428,2375.933,2695.640
2599.480,2755.400,2577.917,2613.171,2706.250,2777.312,2583.119,2484.810,2382.933,2682.800
2604.800,2742.900,2582.875,2614.943,2723.650,2754.875,2601.524,2485.833,2386.933,2687.320
2595.440,2727.600,2563.125,2608.600,2731.100,2741.188,2626.000,2477.976,2360.400,2686.360
2598.640,2752.700,2588.292,2597.114,2728.700,2779.625,2651.667,2490.714,2363.733,2687.680
2598.520,2738.650,2554.958,2610.771,2712.400,2742.438,2653.333,2484.952,2361.667,2675.120
2592.560,2733.500,2568.375,2623.171,2718.350,2756.688,2652.738,2495.262,2393.067,2672.080
2600.480,2757.800,2558.250,2616.743,2714.950,2755.062,2667.024,2479.286,2387.867,2673.320
2603.680,2773.500,2584.708,2608.314,2724.750,2785.938,2681.619,2497.048,2400.000,2690.720
2630.400,2778.500,2583.333,2625.000,2731.300,2796.000,2676.690,2495.428,2392.400,2703.200
2625.640,2781.500,2576.542,2623.171,2733.200,2794.250,2667.024,2506.072,2378.067,2708.320
2614.520,2782.150,2575.750,2626.657,2745.150,2811.500,2667.333,2498.167,2396.533,2714.240
2627.360,2793.800,2579.958,2625.771,2737.550,2811.750,2668.238,2491.310,2415.200,2694.480
2629.560,2799.000,2577.083,2638.457,2760.650,2793.312,2658.476,2502.357,2387.200,2697.360
2629.400,2809.100,2575.375,2639.800,2757.850,2821.688,2656.333,2505.786,2405.200,2698.000
2634.120,2791.800,2573.958,2627.572,2744.800,2811.438,2661.357,2505.881,2395.267,2709.160
2603.200,2787.400,2579.208,2607.257,2747.800,2799.250,2627.905,2505.072,2356.400,2684.800
2615.280,2764.750,2577.000,2621.114,2737.600,2803.938,2630.857,2498.381,2374.333,2693.840
2590.560,2784.800,2581.875,2632.486,2741.100,2790.938,2616.928,2488.690,2383.533,2704.480
2607.560,2750.000,2570.625,2619.514,2736.000,2785.188,2600.928,2489.405,2391.133,2679.760
2608.360,2764.500,2556.750,2616.686,2720.000,2775.250,2600.119,2499.405,2381.800,2683.240
2593.080,2764.350,2567.958,2618.971,2749.700,2767.250,2595.881,2486.238,2363.400,2689.120
2591.200,2735.800,2561.125,2609.200,2753.250,2777.562,2588.524,2478.976,2383.000,2670.160
2600.720,2742.350,2562.417,2621.914,2728.050,2777.000,2578.072,2484.833,2362.533,2676.960
2588.360,2728.150,2556.167,2617.657,2713.100,2795.562,2577.072,2491.643,2359.267,2669.000
2585.080,2734.450,2563.583,2609.572,2735.650,2786.062,2577.905,2481.881,2372.933,2687.960
2589.640,2732.600,2548.292,2612.543,2715.850,2749.562,2593.738,2485.238,2365.667,2672.000
2589.200,2733.100,2561.833,2605.143,2732.550,2753.125,2620.167,2488.619,2378.733,2663.000
2596.160,2721.050,2565.833,2595.229,2717.700,2757.312,2628.619,2473.500,2361.200,2689.840
2591.960,2717.850,2542.750,2618.343,2710.700,2761.938,2609.214,2483.572,2352.133,2681.240
2591.000,2735.050,2563.333,2606.943,2721.150,2753.125,2630.310,2493.595,2365.600,2681.600
2599.400,2733.200,2551.875,2598.229,2707.500,2780.312,2652.619,2479.072,2361.667,2682.960
2611.520,2739.950,2561.208,2629.428,2711.650,2781.625,2669.762,2497.262,2376.467,2676.120
2633.200,2750.850,2568.417,2613.914,2722.000,2792.438,2673.619,2495.548,2382.667,2684.120
2621.360,2786.150,2581.083,2623.000,2728.250,2781.062,2657.476,2501.310,2376.600,2679.960
2609.640,2768.450,2578.542,2622.829,2736.800,2774.688,2657.667,2511.952,2388.800,2687.400
2649.600,2781.400,2595.833,2626.971,2730.250,2782.875,2647.643,2503.595,2370.800,2711.600
2623.600,2793.800,2578.750,2622.371,2720.900,2782.812,2641.381,2503.072,2378.867,2687.240
2606.920,2774.450,2571.792,2635.200,2724.700,2783.625,2627.572,2492.286,2399.000,2688.120
2631.400,2781.750,2577.625,2620.314,2735.550,2789.125,2612.810,2502.619,2397.000,2699.760
2607.800,2758.900,2559.708,2619.686,2727.650,2792.250,2606.928,2503.643,2399.933,2681.680
2614.960,2754.700,2564.375,2625.457,2738.850,2803.688,2624.214,2484.048,2358.600,2676.360
2615.280,2753.600,2565.750,2611.114,2717.750,2799.750,2605.167,2500.190,2379.400,2681.160
2612.520,2759.600,2561.208,2613.914,2704.650,2777.250,2589.572,2491.714,2383.133,2668.480
2607.960,2754.750,2552.708,2619.457,2694.450,2783.438,2583.572,2490.905,2377.067,2676.480
2591.200,2770.350,2538.250,2600.000,2700.050,2781.312,2580.333,2480.048,2375.600,2670.280
2612.080,2748.900,2552.292,2612.600,2709.000,2759.188,2585.762,2488.167,2361.067,2687.120
2587.160,2756.800,2557.125,2591.257,2681.900,2782.250,2578.786,2479.643,2355.533,2668.200
2610.760,2743.950,2543.375,2604.086,2701.500,2783.625,2580.476,2492.500,2365.067,2667.520
2594.160,2731.500,2555.792,2609.829,2696.900,2757.188,2592.381,2473.048,2362.733,2682.000
2587.360,2706.750,2545.375,2578.400,2688.700,2762.875,2582.524,2478.214,2357.667,2659.760
2588.320,2720.000,2555.625,2606.486,2692.400,2778.562,2601.738,2483.833,2370.267,2672.640
2584.200,2713.050,2548.292,2605.057,2676.600,2770.375,2611.143,2474.857,2371.733,2662.440
2576.560,2717.650,2532.708,2601.514,2694.850,2757.250,2619.214,2481.572,2361.867,2648.840
2589.960,2733.900,2560.792,2591.971,2685.950,2782.500,2630.357,2485.833,2356.800,2682.680
2573.920,2709.450,2558.250,2604.428,2691.000,2784.125,2652.238,2491.928,2351.867,2661.600
2610.800,2736.950,2549.125,2602.257,2699.950,2770.062,2658.667,2478.238,2359.133,2654.600
2617.640,2736.050,2576.375,2612.457,2694.350,2791.062,2656.833,2491.833,2361.867,2682.680
2608.320,2749.600,2556.125,2618.514,2713.250,2801.750,2670.357,2495.619,2389.600,2692.800
2623.960,2750.000,2568.708,2609.486,2699.800,2783.688,2663.857,2489.690,2414.467,2689.680
2603.760,2726.300,2561.875,2621.171,2687.500,2800.688,2655.548,2486.167,2388.933,2674.280
2612.520,2756.300,2555.708,2635.457,2694.400,2796.125,2658.048,2495.167,2408.667,2678.480
2618.560,2752.900,2581.792,2632.829,2703.050,2804.000,2626.072,2500.452,2381.067,2689.720
2597.760,2744.000,2556.292,2629.800,2723.950,2780.062,2637.095,2493.190,2396.133,2681.920
2613.280,2747.700,2565.708,2612.057,2723.700,2805.375,2614.905,2486.310,2366.000,2690.000
2616.920,2735.650,2555.500,2607.029,2700.500,2769.375,2620.428,2495.333,2373.267,2683.800
2589.760,2747.600,2559.708,2624.543,2712.550,2787.438,2610.214,2487.619,2375.867,2666.480
2598.200,2716.250,2564.083,2617.943,2678.550,2788.812,2595.857,2478.119,2385.067,2668.400
2595.880,2740.650,2559.417,2628.000,2688.800,2788.125,2599.643,2486.810,2395.733,2664.400
2593.240,2717.550,2568.542,2585.886,2687.100,2798.562,2569.167,2484.024,2357.200,2676.960
2600.560,2705.200,2574.083,2603.257,2687.000,2801.938,2566.048,2486.357,2358.333,2661.720
2591.480,2723.350,2557.458,2600.229,2690.050,2765.938,2584.190,2471.286,2374.133,2667.680
2583.400,2696.850,2555.500,2584.714,2675.350,2774.438,2589.762,2478.024,2369.133,2666.800
2569.840,2708.200,2546.750,2592.686,2674.650,2756.000,2597.452,2480.500,2367.733,2663.920
2602.360,2697.000,2545.333,2596.629,2691.050,2770.188,2606.143,2476.928,2356.600,2662.920
2583.640,2688.100,2552.042,2581.114,2699.250,2800.125,2605.548,2472.048,2354.600,2652.840
2582.280,2702.050,2552.458,2582.714,2684.450,2751.312,2618.000,2484.072,2357.067,2657.680
2583.320,2697.550,2550.583,2590.000,2691.350,2768.562,2631.905,2487.643,2379.533,2668.720
2590.560,2713.300,2564.708,2582.600,2698.900,2769.875,2653.762,2469.310,2374.200,2646.320
2609.160,2718.100,2577.208,2584.171,2688.100,2761.250,2650.024,2488.000,2352.267,2682.360
2594.960,2738.800,2563.708,2604.857,2705.300,2774.000,2659.405,2494.048,2383.933,2673.000
2590.280,2740.950,2544.958,2608.572,2712.100,2785.375,2642.667,2494.524,2389.400,2675.800
2611.480,2733.250,2566.000,2603.343,2692.450,2812.188,2666.524,2488.690,2378.933,2675.880
2601.800,2746.250,2558.500,2620.857,2693.900,2819.812,2651.738,2491.405,2397.933,2677.080
2594.600,2751.250,2567.750,2613.686,2709.900,2785.500,2640.952,2501.452,2374.533,2657.360
2601.480,2748.400,2552.458,2616.943,2707.800,2804.750,2633.072,2492.857,2398.267,2678.800
2574.200,2734.350,2552.292,2614.714,2692.700,2807.312,2632.333,2490.976,2392.267,2687.800
2610.840,2731.850,2584.167,2614.943,2697.250,2779.750,2625.286,2492.167,2375.267,2656.760
2582.640,2718.300,2550.500,2617.771,2693.800,2810.625,2614.286,2485.214,2385.733,2674.000
2591.320,2743.200,2547.458,2607.600,2695.200,2778.688,2609.024,2478.976,2371.133,2675.480
2576.640,2716.850,2545.958,2613.800,2706.250,2774.625,2602.738,2493.500,2377.067,2691.240
2585.560,2716.600,2545.875,2607.771,2698.550,2795.188,2601.619,2494.190,2377.867,2661.160
2559.520,2722.550,2564.667,2605.086,2709.650,2789.562,2584.381,2496.143,2381.800,2670.520
2559.680,2712.450,2553.917,2588.829,2684.700,2782.062,2570.667,2483.595,2377.267,2658.200
2580.520,2703.250,2545.792,2591.800,2687.200,2774.250,2581.048,2491.143,2349.200,2659.520
2571.320,2705.400,2545.292,2598.257,2691.200,2792.688,2574.690,2478.214,2365.067,2659.520
2581.840,2701.250,2542.083,2588.857,2694.200,2767.688,2582.928,2471.714,2373.667,2667.320
2580.240,2695.200,2554.667,2605.200,2697.650,2803.438,2575.524,2478.857,2375.667,2659.160
2562.680,2687.950,2544.542,2617.600,2692.650,2773.750,2579.572,2472.048,2335.267,2665.320
2567.560,2709.850,2551.875,2594.286,2690.950,2773.938,2594.405,2489.857,2352.267,2654.120
2559.920,2679.600,2550.042,2580.200,2689.150,2777.312,2606.976,2471.524,2342.133,2652.840
2562.000,2688.550,2551.708,2582.486,2679.950,2758.250,2607.262,2478.690,2346.667,2641.080
2568.400,2694.250,2548.125,2597.428,2690.350,2736.688,2621.286,2479.905,2340.333,2677.840
2579.600,2707.300,2547.375,2597.143,2682.550,2777.375,2626.143,2489.738,2377.067,2666.960
2576.560,2708.000,2544.750,2583.086,2696.800,2776.062,2624.548,2486.952,2378.867,2661.840
2573.520,2723.450,2543.417,2597.371,2692.200,2787.938,2647.214,2496.952,2373.067,2660.680
2563.720,2722.850,2556.458,2614.829,2702.050,2796.938,2632.381,2480.833,2405.867,2655.760
2591.920,2728.900,2566.000,2615.743,2699.950,2783.750,2637.072,2498.167,2404.800,2665.080
2581.840,2723.200,2567.708,2610.886,2689.950,2789.312,2625.190,2482.428,2394.333,2658.440
2586.800,2737.500,2559.958,2603.343,2695.250,2801.938,2617.762,2489.405,2373.333,2657.600
2575.800,2718.300,2562.833,2600.057,2681.400,2782.688,2642.214,2483.619,2388.267,2663.920
2575.080,2711.750,2568.083,2607.114,2698.200,2762.438,2619.762,2490.381,2361.000,2657.680
2581.520,2724.200,2564.375,2614.314,2681.950,2764.812,2600.357,2492.286,2368.733,2663.560
2577.080,2731.050,2562.250,2600.743,2710.050,2776.312,2610.405,2480.500,2353.667,2663.520
2568.480,2708.650,2551.917,2588.914,2695.900,2785.812,2591.810,2485.000,2357.267,2666.880
2558.080,2706.900,2546.000,2609.257,2684.500,2782.562,2580.238,2476.286,2383.600,2652.600
2577.560,2703.350,2559.458,2594.000,2693.350,2763.000,2589.405,2486.286,2354.133,2649.720
2567.560,2707.450,2537.083,2597.143,2661.550,2769.125,2585.452,2465.048,2368.333,2656.920
2551.720,2667.150,2552.583,2589.171,2679.800,2780.062,2561.548,2474.928,2369.000,2653.480
2551.160,2688.350,2532.333,2584.572,2677.800,2764.000,2567.738,2475.810,2343.800,2650.280
2576.920,2679.550,2532.917,2580.057,2687.400,2759.750,2563.643,2480.000,2365.467,2636.200
2555.960,2680.100,2538.042,2586.371,2673.950,2770.562,2563.119,2464.119,2364.400,2641.480
2549.200,2669.200,2520.458,2588.886,2690.350,2752.812,2581.810,2469.262,2351.533,2632.560
2542.120,2680.800,2530.167,2580.686,2688.250,2767.438,2590.286,2466.500,2337.200,2622.080
2562.840,2671.850,2524.583,2595.743,2698.850,2746.000,2590.119,2465.262,2338.600,2652.280
2549.880,2686.950,2557.667,2584.572,2681.850,2747.250,2619.690,2469.119,2344.533,2648.000
2568.880,2694.950,2525.125,2581.286,2675.350,2761.125,2620.000,2469.048,2365.133,2638.760
2554.320,2672.600,2544.333,2580.086,2708.100,2765.500,2637.976,2474.000,2373.133,2640.680
2573.360,2696.800,2534.375,2576.171,2664.400,2746.375,2634.833,2479.524,2348.800,2645.000
2559.400,2686.800,2580.333,2582.457,2683.450,2792.125,2640.262,2474.905,2373.400,2657.920
2578.200,2709.750,2534.417,2590.086,2685.150,2750.188,2642.048,2469.238,2369.333,2665.640
2589.600,2736.650,2534.667,2599.743,2692.800,2774.188,2637.738,2487.357,2375.400,2664.120
2568.120,2710.500,2558.958,2597.914,2702.350,2776.875,2637.810,2477.000,2374.400,2660.640
2583.680,2721.650,2553.208,2593.629,2680.400,2804.250,2620.524,2465.857,2389.400,2654.240
2575.120,2709.250,2540.250,2618.486,2695.900,2778.375,2626.810,2485.476,2379.533,2663.240
2576.960,2709.050,2547.000,2592.000,2694.000,2789.312,2589.524,2485.667,2355.133,2658.760
2562.880,2724.800,2556.125,2594.914,2698.200,2795.250,2600.762,2481.619,2356.000,2650.840
2558.840,2701.000,2538.417,2582.171,2684.950,2793.062,2586.333,2468.428,2356.400,2656.120
2573.680,2699.750,2532.250,2589.657,2670.450,2777.625,2565.833,2478.167,2349.867,2641.000
2573.920,2708.850,2530.875,2589.457,2678.800,2794.312,2587.524,2493.381,2364.467,2674.960
2561.720,2710.100,2529.792,2595.886,2690.600,2758.750,2559.762,2483.714,2356.667,2652.720
2568.600,2708.000,2544.917,2589.657,2683.950,2766.938,2556.238,2480.857,2365.133,2645.040
2567.960,2695.500,2543.458,2582.086,2679.450,2782.250,2557.072,2480.548,2338.400,2670.200
2540.640,2685.800,2540.625,2575.457,2682.950,2766.625,2551.667,2463.952,2358.333,2636.240
2533.400,2674.350,2510.542,2572.428,2673.800,2761.375,2560.572,2465.952,2354.533,2624.520
2544.440,2692.750,2534.083,2592.343,2659.000,2785.875,2560.500,2466.143,2347.267,2635.360
2545.800,2666.100,2549.000,2576.457,2663.400,2771.500,2560.833,2461.643,2345.467,2654.200
2550.320,2665.150,2535.625,2578.057,2665.900,2764.125,2588.928,2470.928,2334.533,2645.800
2537.360,2696.300,2529.208,2579.714,2665.350,2760.438,2598.405,2483.214,2367.800,2643.520
2540.800,2668.600,2555.792,2578.514,2657.850,2736.812,2602.167,2482.762,2339.800,2671.680
2576.880,2694.450,2532.250,2568.657,2649.550,2779.250,2598.286,2478.595,2349.867,2648.480
2573.720,2689.550,2534.458,2581.543,2684.950,2736.812,2606.167,2465.857,2355.133,2646.840
2561.240,2707.600,2542.958,2580.857,2677.550,2766.438,2619.952,2482.048,2339.600,2671.000
2552.520,2688.700,2544.917,2581.486,2662.850,2747.625,2623.738,2475.619,2351.800,2652.960
2583.240,2710.700,2543.625,2587.714,2685.950,2791.562,2637.690,2480.405,2378.733,2658.240
2563.160,2711.650,2536.167,2584.057,2683.000,2773.812,2604.762,2479.357,2369.733,2670.200
2575.920,2736.150,2531.917,2583.000,2675.050,2785.250,2629.857,2480.786,2350.400,2681.960
2564.760,2720.700,2555.542,2589.257,2699.350,2787.688,2623.690,2481.214,2351.400,2671.280
2562.640,2732.900,2554.250,2589.857,2690.700,2810.125,2602.143,2476.000,2360.133,2666.400
2574.080,2714.550,2554.500,2585.000,2674.050,2772.688,2594.572,2483.572,2352.933,2672.720
2565.000,2694.500,2538.042,2593.343,2665.050,2783.188,2584.738,2469.452,2357.000,2649.960
2566.720,2691.100,2544.417,2577.629,2676.350,2770.812,2595.738,2480.500,2348.667,2652.240
2559.520,2690.200,2531.375,2572.971,2676.800,2769.500,2588.262,2464.976,2336.667,2646.600
2562.240,2682.900,2542.375,2589.229,2698.200,2757.812,2583.262,2477.928,2358.800,2648.280
2566.200,2715.100,2526.833,2578.029,2689.500,2770.938,2565.952,2480.405,2350.133,2642.280
2560.440,2704.350,2538.125,2576.600,2644.150,2762.500,2574.667,2470.333,2340.800,2638.240
2548.280,2695.900,2547.708,2564.629,2667.100,2755.312,2548.214,2469.833,2333.400,2658.400
2551.120,2712.900,2534.750,2576.457,2672.850,2745.938,2569.119,2471.405,2335.200,2636.680
2557.600,2660.750,2523.042,2569.714,2680.750,2770.312,2555.024,2461.428,2312.667,2639.080
2554.440,2689.550,2539.208,2570.600,2665.450,2773.000,2549.190,2465.905,2318.800,2630.800
2549.760,2657.800,2519.208,2575.743,2661.250,2745.438,2551.119,2469.833,2322.133,2640.720
2551.320,2664.250,2533.417,2551.143,2639.100,2765.750,2584.714,2456.262,2325.400,2631.280
2558.760,2673.600,2531.458,2569.629,2646.350,2781.938,2581.833,2472.000,2320.133,2632.360
2562.400,2679.300,2541.625,2561.657,2646.400,2767.438,2597.310,2454.643,2330.000,2631.880
2543.680,2667.850,2535.417,2576.057,2654.250,2775.438,2611.524,2461.524,2333.867,2623.480
2562.960,2688.000,2536.042,2576.743,2681.100,2754.562,2629.619,2473.214,2334.267,2640.880
2558.640,2682.650,2533.417,2565.657,2656.450,2753.562,2614.286,2470.643,2329.867,2640.080
2571.400,2694.800,2537.333,2577.229,2659.550,2759.688,2608.810,2484.119,2341.200,2649.880
2572.520,2687.300,2557.292,2572.257,2671.650,2769.125,2628.286,2469.524,2345.133,2648.200
2566.600,2708.550,2548.875,2586.971,2679.850,2774.375,2634.238,2466.167,2346.400,2643.760
2580.280,2697.900,2534.375,2589.971,2639.000,2769.875,2615.881,2481.405,2367.867,2655.840
2564.440,2703.050,2542.417,2574.943,2658.650,2773.938,2615.976,2475.286,2348.400,2644.840
2553.760,2699.400,2531.792,2582.143,2673.450,2802.000,2599.595,2473.572,2324.200,2642.720
2556.040,2683.100,2533.833,2574.343,2678.600,2791.812,2590.357,2473.452,2329.067,2639.840
2556.840,2691.100,2550.167,2576.457,2684.500,2796.438,2584.310,2488.381,2334.133,2654.320
2548.240,2707.000,2526.708,2568.914,2657.150,2775.000,2596.667,2486.928,2348.067,2647.080
2544.280,2682.950,2535.667,2586.400,2661.350,2751.688,2574.619,2475.048,2331.733,2653.080
2552.240,2669.500,2533.750,2572.286,2650.750,2768.188,2590.381,2479.905,2362.933,2665.960
2531.960,2670.400,2540.583,2572.428,2683.250,2770.688,2556.595,2471.357,2339.000,2638.280
2549.280,2664.100,2520.833,2572.800,2660.250,2757.125,2549.452,2463.072,2355.400,2627.280
2549.040,2691.250,2515.375,2560.743,2649.650,2765.438,2549.881,2472.667,2325.733,2636.000
2549.960,2674.550,2525.042,2577.829,2652.950,2755.625,2556.405,2458.905,2364.800,2634.160
2528.160,2678.250,2535.958,2579.229,2665.500,2753.938,2562.810,2469.119,2338.333,2646.880
2536.960,2679.200,2528.708,2583.457,2674.350,2756.188,2556.762,2460.810,2325.333,2627.840
2538.920,2661.450,2541.292,2573.257,2638.450,2755.750,2576.428,2471.428,2337.200,2618.640
2552.880,2657.850,2534.250,2563.971,2653.300,2775.500,2600.048,2459.476,2332.400,2636.600
2538.080,2659.800,2520.625,2566.000,2637.950,2748.875,2597.524,2459.428,2315.800,2627.080
2535.680,2641.700,2528.500,2576.771,2641.250,2732.750,2596.190,2463.262,2345.867,2626.640
2532.240,2648.900,2523.125,2565.514,2664.900,2770.438,2602.976,2473.190,2317.667,2632.360
2554.040,2671.350,2529.458,2579.800,2651.300,2737.938,2636.024,2467.428,2344.600,2626.440
2571.120,2700.200,2532.667,2574.057,2640.400,2750.688,2621.595,2476.857,2368.267,2638.440
2568.360,2670.900,2539.292,2588.229,2660.300,2761.188,2622.310,2464.833,2334.000,2661.560
2559.440,2694.750,2552.125,2578.600,2668.900,2764.812,2619.214,2482.881,2335.467,2639.680
2564.880,2687.150,2527.083,2583.114,2646.550,2758.188,2606.190,2476.072,2356.600,2670.000
2544.320,2673.100,2541.042,2583.286,2634.800,2764.250,2609.572,2483.072,2348.400,2646.280
2564.000,2714.550,2544.167,2579.572,2675.000,2801.188,2606.833,2479.524,2365.467,2632.640
2561.400,2701.200,2535.208,2579.629,2655.150,2761.062,2590.738,2482.405,2341.333,2641.920
2564.320,2669.100,2553.417,2579.572,2660.650,2764.812,2596.262,2468.167,2348.667,2640.360
2561.600,2678.600,2534.333,2565.771,2653.000,2770.312,2581.952,2474.976,2340.933,2636.480
2562.520,2695.250,2523.833,2569.000,2640.700,2764.000,2573.167,2471.000,2360.267,2651.440
2548.680,2682.100,2525.833,2571.143,2656.050,2773.000,2579.428,2472.833,2327.200,2634.520
2549.440,2677.800,2520.708,2563.600,2652.800,2770.688,2558.381,2472.357,2338.067,2629.800
2539.560,2659.550,2522.292,2574.143,2647.700,2757.625,2568.928,2477.072,2322.667,2625.080
2533.120,2671.850,2521.625,2566.200,2636.900,2741.250,2549.952,2467.262,2328.867,2631.160
2527.200,2646.250,2530.750,2574.514,2655.450,2758.938,2537.024,2459.524,2354.000,2617.480
2538.560,2668.300,2509.208,2573.857,2639.300,2749.000,2555.548,2469.905,2326.467,2642.080
2552.160,2671.400,2526.208,2564.086,2659.450,2755.812,2551.262,2466.119,2346.133,2630.800
2528.800,2685.150,2513.917,2580.229,2641.900,2747.000,2563.690,2449.928,2333.067,2630.240
2523.960,2662.550,2526.000,2565.829,2668.200,2765.062,2575.762,2468.190,2332.600,2627.000
2520.920,2660.200,2518.833,2562.286,2637.450,2753.625,2576.238,2457.595,2314.933,2637.680
2527.680,2645.300,2520.583,2571.714,2639.900,2764.000,2565.095,2450.024,2334.533,2612.280
2521.360,2659.650,2526.833,2573.457,2642.100,2749.875,2605.928,2454.000,2327.200,2633.160
2537.840,2663.950,2529.083,2563.143,2645.900,2752.750,2605.714,2463.786,2315.267,2618.840
2528.320,2649.250,2520.167,2560.086,2618.700,2760.500,2606.548,2460.857,2320.600,2644.240
2545.040,2653.750,2522.583,2566.314,2639.350,2741.875,2604.619,2479.952,2340.733,2625.200
2559.480,2680.750,2529.125,2565.057,2634.400,2752.125,2617.976,2466.548,2357.800,2652.960
2564.160,2691.250,2530.375,2571.400,2652.000,2743.812,2625.833,2458.214,2363.400,2649.840
2525.400,2684.650,2536.042,2570.114,2666.050,2754.125,2617.000,2477.476,2335.067,2641.760
2524.640,2675.950,2531.625,2568.943,2640.900,2776.500,2607.286,2471.881,2334.000,2628.440
2549.320,2699.100,2517.583,2573.514,2665.900,2774.875,2620.810,2465.072,2352.467,2642.080
2544.400,2678.700,2523.125,2567.514,2662.200,2779.188,2605.524,2477.452,2350.267,2619.640
2533.960,2676.300,2547.000,2566.057,2637.850,2767.688,2589.786,2466.548,2314.133,2643.240
2539.240,2660.750,2528.292,2575.800,2633.850,2763.000,2599.405,2465.262,2332.333,2615.800
2561.480,2667.500,2519.958,2588.428,2639.600,2774.875,2588.762,2468.072,2326.400,2632.600
2549.320,2666.250,2524.083,2566.428,2642.800,2767.875,2579.262,2463.072,2316.867,2645.560
2556.480,2681.050,2515.708,2561.029,2628.700,2773.625,2576.143,2465.548,2315.733,2621.280
2541.760,2667.900,2514.708,2564.886,2634.800,2755.812,2551.786,2465.548,2322.800,2657.760
2535.840,2671.850,2515.208,2564.428,2657.850,2760.312,2574.928,2461.405,2335.400,2640.040
2544.600,2659.650,2519.750,2575.343,2646.300,2756.000,2561.000,2459.333,2358.733,2630.160
2513.800,2649.450,2518.208,2575.371,2643.900,2744.375,2547.428,2466.690,2327.800,2628.800
2534.880,2666.050,2536.167,2567.000,2639.750,2770.562,2551.143,2467.595,2346.867,2625.200
2532.200,2645.950,2515.542,2552.714,2633.650,2751.625,2551.167,2466.452,2338.400,2625.720
2521.120,2670.700,2526.042,2557.886,2631.450,2733.438,2558.643,2460.000,2308.333,2627.280
2538.960,2649.800,2519.458,2559.572,2637.400,2759.562,2558.762,2458.572,2318.133,2604.080
2532.920,2657.600,2522.208,2558.971,2638.250,2754.250,2575.262,2454.381,2317.000,2620.000
2533.840,2649.650,2527.875,2554.629,2640.050,2742.625,2582.690,2452.024,2309.467,2629.200
2523.840,2647.850,2507.250,2572.572,2629.700,2764.375,2583.167,2455.524,2323.200,2643.120
2541.240,2656.500,2530.292,2558.914,2653.000,2751.500,2583.810,2449.738,2338.333,2628.560
2524.360,2670.250,2544.667,2556.800,2654.400,2749.438,2580.572,2455.738,2335.067,2622.320
2562.360,2657.200,2516.458,2564.800,2652.050,2759.375,2594.857,2458.452,2344.333,2646.400
2539.840,2679.100,2515.375,2576.343,2659.800,2763.250,2582.024,2456.286,2334.400,2634.280
2533.160,2701.150,2530.667,2577.029,2640.850,2784.562,2602.810,2477.476,2336.533,2652.480
2543.040,2700.900,2535.458,2577.886,2648.350,2775.375,2578.810,2469.881,2362.133,2638.400
2548.560,2673.200,2528.542,2570.829,2681.200,2768.000,2586.952,2454.976,2340.667,2641.000
2542.840,2683.600,2518.958,2585.229,2651.950,2797.875,2585.452,2457.452,2331.133,2649.000
2540.640,2680.900,2526.125,2569.857,2644.900,2753.500,2566.690,2475.428,2334.267,2642.600
2542.640,2697.450,2511.125,2570.314,2650.050,2751.312,2572.619,2441.572,2335.600,2631.880
2541.880,2683.550,2533.167,2567.086,2655.700,2743.750,2559.238,2459.548,2343.933,2642.960
2547.600,2656.450,2531.958,2564.543,2645.300,2772.125,2557.952,2458.786,2323.000,2634.440
2525.240,2662.100,2528.375,2567.543,2654.200,2769.625,2540.500,2473.548,2327.467,2645.880
2542.920,2676.800,2518.458,2568.200,2651.350,2793.312,2540.762,2468.452,2325.267,2632.720
2531.880,2671.900,2523.917,2563.457,2637.900,2766.875,2537.428,2464.190,2316.533,2641.280
2518.320,2662.850,2526.708,2564.486,2630.000,2777.375,2523.333,2454.667,2364.133,2645.800
2532.640,2647.900,2517.708,2571.800,2638.700,2768.562,2528.738,2454.024,2311.533,2627.560
2534.560,2663.500,2511.208,2552.229,2621.600,2765.188,2537.762,2453.905,2326.200,2635.360
2526.320,2656.250,2516.625,2552.800,2629.300,2742.438,2539.667,2450.619,2335.867,2609.120
2533.280,2657.250,2510.583,2561.457,2629.350,2759.688,2535.500,2460.762,2321.333,2628.600
2528.080,2645.500,2534.083,2557.428,2636.400,2755.312,2559.548,2465.357,2306.067,2638.000
2511.800,2638.800,2522.708,2552.457,2633.050,2749.250,2560.667,2450.714,2318.800,2621.280
2515.040,2621.700,2511.917,2549.800,2620.900,2743.438,2563.595,2449.976,2330.867,2606.640
2522.240,2657.750,2507.417,2549.771,2624.850,2740.000,2565.428,2456.405,2315.133,2640.360
2517.200,2648.850,2512.917,2569.486,2627.050,2743.312,2578.048,2456.452,2328.533,2625.120
2526.240,2660.850,2516.417,2577.257,2638.150,2755.938,2584.167,2461.810,2328.600,2632.840
2525.520,2676.200,2499.375,2566.371,2624.700,2785.250,2572.024,2459.667,2325.067,2630.120
2524.120,2661.100,2524.292,2574.428,2626.550,2777.375,2593.048,2470.072,2329.200,2642.680
2549.360,2670.200,2516.458,2572.229,2634.350,2781.062,2582.452,2461.572,2325.600,2633.360
2531.880,2671.450,2523.375,2563.886,2629.850,2771.312,2577.524,2458.357,2326.400,2633.840
2529.960,2699.450,2528.292,2570.200,2651.750,2770.188,2588.095,2463.452,2335.933,2634.080
2532.640,2669.400,2519.042,2567.943,2635.800,2777.750,2567.190,2462.214,2320.867,2628.440
2544.120,2680.700,2522.708,2565.600,2643.150,2776.062,2551.928,2453.357,2326.400,2655.640
2543.320,2674.200,2528.250,2560.600,2641.650,2740.812,2565.667,2457.310,2318.133,2619.320
2525.560,2690.500,2520.500,2566.743,2647.850,2784.812,2567.310,2465.952,2324.333,2618.040
2534.400,2657.150,2503.250,2571.371,2663.200,2758.125,2554.667,2472.310,2326.733,2628.640
2518.080,2667.500,2514.958,2554.514,2630.600,2756.312,2546.548,2456.643,2335.533,2640.360
2540.080,2655.900,2527.750,2563.171,2656.350,2759.688,2535.072,2460.500,2331.600,2625.720
2529.760,2663.750,2528.917,2552.829,2636.500,2756.625,2531.857,2461.119,2312.400,2602.320
2525.360,2665.800,2504.250,2562.286,2646.450,2760.812,2520.072,2452.833,2296.267,2630.960
2530.240,2666.050,2522.542,2560.486,2635.000,2760.125,2531.786,2458.905,2303.733,2620.400
2532.640,2657.950,2516.042,2551.000,2635.900,2755.312,2529.476,2455.524,2306.867,2600.720
2528.480,2644.000,2507.208,2546.771,2626.750,2781.188,2531.452,2455.952,2310.800,2619.720
2525.080,2650.400,2506.708,2551.257,2634.200,2740.750,2531.714,2452.476,2324.667,2604.000
2516.800,2634.350,2521.375,2545.200,2608.800,2759.438,2526.452,2447.428,2324.600,2611.480
2513.800,2650.550,2521.042,2555.572,2638.350,2746.562,2538.167,2453.024,2306.400,2614.560
2525.120,2654.150,2514.875,2541.314,2630.900,2767.438,2555.810,2451.524,2294.667,2585.560
2527.360,2659.100,2509.125,2549.657,2633.200,2740.250,2552.786,2463.714,2301.667,2632.320
2524.200,2645.150,2511.708,2558.971,2630.550,2762.125,2567.690,2440.619,2302.733,2626.400
2522.160,2653.550,2529.917,2562.343,2618.200,2758.625,2580.095,2456.143,2316.000,2619.720
2533.000,2652.100,2526.000,2563.428,2622.800,2746.875,2565.810,2458.524,2315.933,2620.240
2534.560,2658.700,2505.375,2563.914,2633.050,2790.500,2577.524,2452.833,2325.067,2636.880
2512.040,2661.250,2522.000,2541.057,2654.450,2787.062,2571.619,2447.452,2319.800,2617.000
2516.640,2645.650,2507.000,2551.257,2646.500,2772.750,2595.357,2446.548,2347.667,2624.160
2542.600,2682.750,2529.917,2554.600,2628.700,2769.875,2573.952,2475.524,2316.800,2638.280
2537.320,2669.900,2507.667,2558.457,2626.250,2788.375,2583.190,2456.762,2323.400,2631.000
2532.320,2677.300,2534.083,2567.229,2626.050,2741.375,2563.428,2459.548,2305.267,2641.080
2549.400,2685.150,2513.792,2554.657,2636.200,2770.812,2564.928,2463.143,2322.733,2637.080
2525.960,2651.500,2523.292,2555.743,2624.500,2762.250,2546.548,2444.714,2326.533,2639.280
2523.040,2656.350,2516.167,2566.800,2631.950,2758.875,2538.857,2456.857,2329.733,2613.280
2538.800,2660.100,2521.250,2568.829,2637.150,2763.125,2548.714,2468.714,2321.733,2636.240
2523.000,2645.500,2527.042,2576.000,2621.800,2732.312,2537.167,2446.690,2310.467,2622.840
2532.080,2659.800,2515.083,2562.914,2626.350,2736.750,2543.810,2454.405,2332.333,2620.880
2533.800,2654.750,2534.458,2552.800,2627.300,2776.938,2526.190,2452.072,2313.467,2630.520
2520.520,2662.400,2519.625,2543.657,2628.450,2743.812,2527.405,2443.262,2332.400,2619.200
2506.520,2663.600,2500.375,2551.000,2641.350,2751.125,2510.595,2458.690,2313.067,2619.640
2517.160,2639.950,2532.625,2539.857,2625.400,2742.188,2518.595,2444.500,2299.267,2610.800
2526.560,2645.350,2514.375,2553.114,2642.850,2749.438,2527.143,2455.238,2279.133,2609.040
2514.120,2623.550,2497.625,2546.914,2632.500,2745.938,2532.238,2450.595,2317.267,2623.480
2520.960,2622.350,2504.333,2546.914,2618.900,2777.500,2544.928,2446.000,2314.667,2615.560
2515.160,2638.300,2528.708,2544.457,2630.700,2746.000,2566.357,2452.905,2306.600,2617.440
2526.600,2634.400,2511.583,2548.171,2612.400,2744.062,2561.500,2452.452,2308.467,2620.760
2518.600,2653.300,2527.000,2540.000,2607.400,2745.500,2568.143,2445.667,2304.067,2608.320
2514.480,2640.300,2516.083,2553.943,2620.100,2739.312,2580.238,2447.286,2314.000,2604.240
2519.640,2643.400,2521.958,2552.057,2656.200,2742.500,2579.262,2464.667,2308.000,2602.560
2531.080,2655.750,2499.583,2553.771,2635.750,2757.875,2565.452,2455.143,2339.867,2630.520
2525.520,2660.150,2521.625,2536.486,2617.400,2730.875,2569.167,2455.762,2308.467,2595.720
2541.400,2672.300,2519.167,2552.886,2604.650,2762.250,2565.905,2460.405,2304.467,2604.800
2526.760,2664.000,2507.458,2557.457,2636.500,2762.500,2569.190,2459.833,2306.533,2619.520
2541.000,2659.550,2520.458,2560.143,2630.700,2743.938,2563.476,2460.976,2298.933,2598.920
2511.560,2660.350,2525.792,2555.000,2626.700,2778.062,2553.262,2457.619,2324.600,2633.600
2530.640,2672.200,2509.708,2558.857,2646.150,2748.875,2547.119,2450.476,2313.067,2602.400
2529.360,2665.200,2509.542,2558.943,2621.300,2736.750,2538.572,2458.238,2314.067,2626.160
2521.400,2629.250,2512.750,2549.057,2650.150,2750.438,2540.524,2458.357,2320.600,2621.280
2539.920,2657.200,2531.250,2550.000,2604.650,2761.312,2531.000,2445.238,2301.533,2632.960
2533.120,2640.950,2510.417,2557.486,2607.550,2741.500,2531.238,2448.667,2307.867,2608.520
2525.200,2630.750,2511.625,2553.971,2623.700,2741.375,2499.928,2458.167,2305.667,2619.160
2525.400,2634.050,2503.000,2539.743,2627.500,2732.250,2529.095,2440.786,2306.467,2609.000
2531.240,2640.500,2500.500,2535.286,2641.750,2739.562,2509.381,2446.214,2317.267,2594.440
2531.560,2635.750,2512.833,2543.400,2621.350,2719.375,2528.476,2449.381,2313.733,2596.120
2524.200,2608.000,2498.542,2546.514,2610.400,2746.188,2513.619,2456.405,2310.333,2604.520
2504.680,2624.400,2511.833,2545.971,2619.750,2727.438,2513.428,2452.405,2316.067,2598.640
2526.080,2633.750,2502.792,2532.800,2619.850,2749.250,2510.190,2439.357,2294.533,2585.760
2505.440,2644.300,2509.167,2542.371,2621.900,2740.000,2528.333,2451.833,2315.333,2607.080
2511.560,2628.300,2524.833,2531.114,2624.850,2727.938,2522.095,2450.786,2315.933,2598.120
2518.280,2642.500,2504.542,2522.200,2612.750,2748.062,2538.667,2455.452,2309.600,2590.000
2515.280,2601.800,2509.042,2536.257,2618.550,2742.438,2533.000,2445.952,2300.200,2600.800
2530.880,2650.400,2507.625,2554.629,2606.250,2721.625,2547.262,2442.167,2331.467,2599.280
2517.800,2645.950,2534.250,2544.943,2617.300,2732.125,2552.572,2446.643,2318.200,2631.880
2516.760,2653.200,2505.375,2538.171,2630.950,2730.625,2545.643,2449.762,2325.933,2592.280
2533.640,2661.700,2520.583,2553.686,2621.800,2742.438,2536.928,2443.952,2327.200,2617.240
2533.720,2637.950,2511.333,2537.914,2628.900,2747.562,2540.762,2451.048,2323.933,2604.200
2540.000,2641.850,2519.500,2558.771,2613.800,2767.250,2539.833,2447.762,2299.733,2605.080
2532.080,2648.100,2495.208,2547.600,2609.150,2733.000,2540.072,2451.405,2327.200,2584.000
2533.840,2646.900,2517.458,2558.943,2603.400,2721.250,2544.738,2445.286,2317.733,2625.160
2533.080,2646.350,2507.667,2550.657,2623.600,2735.625,2531.381,2452.548,2337.200,2622.120
2535.480,2640.150,2511.500,2541.000,2620.450,2750.938,2519.310,2459.905,2309.733,2608.840
2524.840,2625.150,2494.875,2557.171,2628.100,2742.688,2523.167,2454.143,2318.267,2596.920
2516.960,2612.300,2492.917,2540.171,2625.450,2735.250,2502.738,2452.119,2303.800,2610.280
2521.680,2646.850,2511.875,2557.457,2610.850,2737.688,2511.690,2453.143,2306.533,2589.600
2517.640,2630.850,2512.083,2547.800,2632.200,2737.375,2503.762,2440.810,2315.933,2602.400
2524.560,2627.600,2506.833,2531.943,2613.400,2727.750,2504.167,2440.595,2298.800,2598.200
2537.000,2616.350,2513.833,2540.000,2617.150,2737.188,2490.786,2454.452,2300.067,2598.520
2524.600,2612.100,2514.250,2546.457,2612.150,2746.312,2502.786,2436.428,2302.533,2590.760
2521.880,2625.050,2514.792,2533.629,2596.250,2709.250,2496.690,2433.095,2290.467,2596.280
2510.480,2598.600,2506.875,2530.286,2623.400,2727.750,2512.024,2445.262,2297.533,2582.680
2502.840,2632.450,2516.417,2526.800,2618.000,2733.750,2508.524,2443.333,2311.067,2592.960
2512.440,2614.300,2512.708,2539.029,2619.350,2724.312,2515.881,2447.310,2305.600,2594.080
2518.840,2615.350,2504.500,2523.829,2591.600,2721.938,2517.190,2433.786,2307.333,2583.920
2526.280,2623.250,2494.417,2541.600,2637.250,2725.250,2517.452,2442.333,2305.667,2584.120
2515.720,2623.800,2501.458,2543.543,2619.250,2734.375,2523.119,2454.357,2296.933,2610.800
2523.920,2626.850,2500.792,2545.371,2614.050,2736.938,2542.643,2435.857,2314.333,2601.520
2545.760,2636.600,2513.125,2535.600,2615.250,2749.375,2544.905,2442.024,2290.467,2598.320
2526.320,2611.550,2511.708,2558.143,2609.950,2707.625,2549.381,2441.072,2320.867,2584.120
2521.960,2632.650,2509.708,2547.600,2616.200,2748.500,2539.167,2449.976,2322.000,2591.920
2517.160,2637.700,2489.458,2540.371,2600.850,2735.562,2533.786,2447.643,2311.667,2588.800
2516.760,2608.050,2521.750,2549.714,2613.800,2744.812,2539.881,2444.072,2320.333,2596.080
2510.960,2609.450,2514.375,2540.629,2619.250,2764.125,2551.167,2433.524,2314.067,2598.000
2532.920,2623.100,2510.208,2554.057,2614.800,2755.500,2533.952,2455.238,2307.400,2602.160
2533.840,2627.600,2500.958,2551.829,2625.900,2741.938,2528.310,2457.357,2318.067,2616.800
2526.960,2594.250,2513.667,2536.771,2625.000,2731.250,2519.381,2437.810,2321.800,2599.120
2505.080,2640.300,2509.750,2546.400,2615.200,2746.812,2519.476,2445.595,2300.800,2611.800
2512.840,2610.350,2528.958,2547.857,2613.150,2738.375,2513.333,2441.167,2311.200,2593.880
2525.960,2617.150,2497.750,2547.400,2615.200,2740.375,2506.952,2462.286,2326.933,2587.760
2527.800,2619.250,2498.042,2540.657,2623.250,2757.000,2500.643,2433.476,2304.133,2597.800
2503.120,2619.150,2499.333,2534.486,2594.650,2739.812,2503.476,2447.143,2311.667,2597.280
2500.840,2600.200,2507.958,2547.057,2616.150,2715.188,2506.167,2447.238,2326.467,2588.760
2515.640,2614.000,2484.958,2532.857,2608.350,2733.625,2503.572,2446.167,2313.933,2604.880
2512.400,2619.200,2494.917,2535.657,2628.300,2730.250,2483.643,2455.357,2328.600,2596.080
2506.160,2618.350,2506.750,2526.143,2610.350,2714.312,2504.786,2436.500,2300.467,2592.320
2508.640,2617.750,2496.833,2535.829,2588.000,2721.812,2523.548,2437.428,2296.333,2606.760
2515.480,2587.600,2511.125,2530.914,2587.050,2705.750,2507.214,2436.500,2301.267,2590.440
2509.680,2582.800,2501.667,2525.457,2604.050,2729.750,2517.952,2423.476,2288.333,2582.000
2498.920,2598.500,2495.625,2527.943,2598.200,2712.000,2533.572,2438.833,2291.667,2588.560
2506.040,2609.650,2500.875,2532.743,2615.800,2720.688,2522.857,2443.119,2298.533,2568.840
2516.280,2593.500,2492.250,2517.600,2618.250,2730.438,2541.905,2443.190,2301.867,2585.920
2527.080,2613.850,2528.708,2535.086,2621.950,2725.562,2542.381,2439.190,2305.067,2600.240
2540.080,2608.500,2513.708,2532.857,2606.150,2742.938,2544.500,2445.238,2300.533,2596.000
2551.160,2619.450,2498.750,2549.343,2601.050,2728.250,2545.190,2454.548,2313.000,2605.480
2516.440,2610.950,2519.167,2548.229,2620.650,2741.438,2549.928,2446.976,2278.867,2591.960
2526.040,2641.050,2492.250,2551.200,2615.750,2729.438,2542.357,2445.976,2329.800,2611.160
2505.960,2623.700,2497.208,2555.057,2613.100,2733.875,2535.143,2440.333,2315.467,2606.000
2515.440,2605.200,2493.917,2541.543,2610.900,2721.812,2538.095,2443.190,2325.867,2595.480
2531.520,2616.900,2506.083,2534.886,2605.000,2725.438,2537.333,2438.286,2293.667,2609.080
2499.880,2620.750,2499.000,2542.886,2608.300,2741.375,2518.095,2435.428,2295.333,2570.440
2526.400,2620.400,2514.125,2540.486,2619.100,2737.625,2519.976,2434.000,2305.267,2596.800
2499.600,2607.450,2502.167,2547.171,2611.050,2727.312,2518.167,2443.476,2306.267,2586.600
2515.240,2612.050,2514.792,2546.457,2611.200,2726.562,2512.000,2434.667,2300.467,2594.840
2515.120,2617.500,2490.792,2530.428,2593.850,2726.750,2502.881,2447.905,2292.333,2599.160
2522.000,2603.350,2513.833,2539.057,2601.050,2727.000,2511.476,2447.548,2293.867,2595.280
2526.280,2616.950,2508.083,2540.657,2602.550,2700.562,2508.810,2444.286,2308.000,2578.600
2506.760,2605.500,2506.083,2523.086,2590.000,2719.000,2505.714,2448.572,2325.467,2585.200
2511.560,2595.600,2481.125,2522.086,2620.600,2714.000,2502.500,2431.595,2309.467,2589.240
2519.000,2602.050,2507.250,2540.286,2612.350,2736.688,2502.024,2440.500,2289.600,2586.640
2515.800,2615.350,2509.625,2523.114,2607.750,2708.875,2508.881,2449.667,2317.133,2585.200
2509.400,2590.600,2496.333,2542.543,2595.100,2724.500,2506.476,2435.738,2292.667,2585.320
2505.720,2604.750,2499.083,2531.743,2611.250,2747.875,2526.333,2437.857,2289.800,2579.520
2513.680,2595.200,2511.500,2521.971,2596.300,2707.188,2532.714,2439.476,2286.733,2560.240
2507.960,2599.900,2503.083,2541.572,2594.950,2734.812,2533.024,2447.000,2304.867,2577.680
2515.440,2609.050,2503.250,2510.886,2610.250,2749.500,2531.357,2438.786,2309.867,2585.160
2534.840,2604.000,2505.417,2520.200,2620.750,2721.375,2531.762,2449.000,2305.733,2596.240
2506.320,2601.850,2504.542,2527.229,2615.150,2719.625,2530.214,2443.833,2291.400,2589.520
2516.560,2620.550,2495.250,2530.400,2596.950,2734.250,2538.786,2439.405,2299.867,2588.720
2526.360,2633.200,2508.000,2539.486,2605.000,2747.875,2542.262,2454.714,2298.000,2593.720
2511.400,2609.200,2511.708,2547.943,2609.300,2741.500,2535.190,2436.976,2303.867,2578.440
2513.160,2610.600,2495.333,2530.800,2630.700,2730.938,2546.452,2437.381,2306.267,2580.400
2517.040,2636.750,2484.542,2534.514,2610.400,2731.438,2538.667,2429.667,2320.467,2592.840
2528.440,2609.850,2492.083,2534.114,2616.650,2745.688,2544.524,2446.024,2308.267,2594.120
2523.080,2606.650,2497.667,2536.857,2598.700,2713.500,2517.738,2435.357,2313.733,2582.000
2512.320,2610.250,2476.583,2548.057,2597.750,2722.875,2510.595,2441.119,2308.733,2592.400
2522.800,2614.150,2492.208,2533.743,2604.150,2697.438,2525.048,2436.619,2316.333,2585.600
2502.440,2615.050,2494.667,2544.486,2588.350,2733.438,2506.833,2442.381,2303.000,2592.600
2511.480,2601.650,2501.667,2515.771,2578.100,2724.375,2502.143,2439.072,2287.800,2572.360
2508.680,2620.000,2490.000,2524.514,2596.250,2737.500,2512.238,2449.500,2309.467,2598.440
2502.600,2609.200,2491.333,2523.371,2607.900,2725.750,2518.000,2428.572,2307.533,2589.600
2503.000,2618.600,2501.958,2533.486,2602.400,2712.062,2504.881,2420.476,2299.733,2575.280
2507.400,2593.200,2476.250,2533.572,2602.550,2707.875,2507.452,2425.262,2277.133,2587.520
2494.880,2587.500,2495.792,2515.143,2576.850,2726.938,2513.500,2435.738,2305.400,2587.440
2511.720,2611.200,2482.125,2518.428,2590.950,2729.438,2511.357,2435.643,2287.467,2580.040
2498.040,2600.100,2473.125,2521.686,2606.000,2738.625,2509.286,2426.048,2272.933,2567.400
2508.840,2613.050,2496.500,2522.829,2594.400,2733.188,2522.976,2436.167,2300.400,2577.560
2505.400,2607.550,2496.500,2532.914,2595.750,2710.750,2530.048,2432.976,2289.600,2581.640
2511.800,2612.050,2483.208,2533.486,2603.350,2727.125,2529.524,2443.000,2301.667,2561.960
2516.480,2587.350,2506.000,2529.800,2598.050,2725.812,2529.524,2450.072,2296.000,2603.400
2527.040,2608.500,2490.292,2530.800,2587.300,2718.500,2530.143,2437.667,2283.533,2581.360
2519.240,2608.700,2471.833,2534.200,2598.150,2720.125,2529.762,2437.857,2307.267,2589.320
2532.200,2628.600,2512.292,2536.428,2595.350,2723.062,2539.143,2432.024,2294.133,2584.680
2506.960,2615.850,2484.208,2537.371,2600.750,2731.562,2537.810,2437.690,2310.267,2576.000
2513.560,2616.950,2502.292,2531.943,2607.050,2704.688,2538.714,2436.190,2291.133,2586.240
2511.480,2626.900,2490.000,2557.829,2598.750,2717.688,2522.381,2440.786,2304.000,2572.440
2526.320,2592.150,2502.500,2534.686,2604.800,2718.188,2511.619,2437.905,2316.000,2587.160
2515.880,2620.100,2504.000,2538.543,2615.300,2715.812,2515.428,2442.333,2323.467,2582.600
2501.240,2598.350,2484.500,2535.886,2609.100,2724.812,2513.262,2432.238,2306.267,2600.920
2500.360,2611.850,2497.625,2529.314,2604.150,2722.688,2505.024,2432.095,2301.200,2595.480
2510.000,2591.350,2501.625,2533.000,2622.400,2735.188,2502.952,2443.262,2312.733,2589.200
2501.160,2616.850,2490.958,2542.086,2586.350,2735.812,2497.095,2432.572,2297.933,2596.600
2517.960,2608.450,2482.667,2532.000,2606.700,2704.312,2505.095,2435.714,2292.333,2577.680
2503.840,2601.350,2488.792,2519.171,2605.950,2751.562,2489.881,2427.381,2310.933,2581.040
2500.880,2584.700,2491.333,2522.629,2591.750,2720.875,2497.643,2445.643,2317.667,2574.760
2507.520,2607.800,2495.000,2518.714,2586.200,2701.250,2500.357,2430.095,2294.533,2570.560
2510.680,2603.200,2479.625,2524.629,2596.450,2713.250,2504.095,2439.857,2290.533,2582.800
2505.120,2603.450,2484.333,2515.314,2594.600,2727.438,2499.357,2425.738,2294.200,2597.800
2500.000,2586.900,2492.500,2537.914,2582.500,2717.375,2515.262,2437.643,2298.933,2581.400
2496.600,2599.200,2484.125,2529.371,2586.450,2697.562,2515.976,2440.167,2311.133,2579.480
2515.240,2594.350,2501.000,2525.257,2592.100,2703.938,2520.524,2438.167,2298.467,2576.680
2512.760,2593.400,2510.625,2523.200,2596.150,2685.750,2511.976,2432.619,2291.467,2575.720
2503.880,2579.550,2487.500,2534.486,2605.250,2708.562,2529.833,2434.976,2285.867,2592.160
2503.640,2578.100,2493.000,2530.514,2590.200,2722.688,2522.810,2427.643,2296.400,2583.880
2497.960,2607.200,2482.833,2534.314,2593.800,2695.312,2519.238,2445.333,2306.733,2584.840
2507.920,2604.000,2508.250,2535.057,2607.450,2736.750,2527.357,2440.214,2313.533,2580.280
2529.960,2600.550,2490.875,2534.000,2605.750,2731.375,2532.881,2430.143,2302.800,2577.360
2507.960,2585.750,2488.958,2537.886,2600.800,2719.250,2535.786,2442.572,2305.200,2563.640
2516.920,2609.500,2485.583,2531.371,2595.050,2699.938,2522.548,2439.310,2305.000,2571.920
2499.480,2593.400,2495.208,2521.686,2595.650,2721.812,2530.286,2444.976,2289.333,2570.200
2500.640,2595.950,2478.833,2531.743,2618.850,2700.438,2525.333,2434.405,2305.333,2591.120
2507.520,2606.850,2501.375,2537.314,2613.200,2733.375,2516.548,2431.595,2297.533,2588.080
2507.880,2596.050,2481.667,2520.428,2585.300,2717.500,2506.310,2430.738,2317.600,2580.280
2498.720,2603.100,2494.958,2527.971,2597.100,2718.250,2491.833,2430.238,2289.400,2581.560
2513.280,2593.900,2475.792,2523.829,2593.550,2704.625,2504.952,2448.167,2299.467,2575.880
2497.400,2602.200,2474.000,2518.200,2587.900,2717.875,2494.762,2439.667,2296.133,2591.720
2509.840,2596.750,2499.208,2529.657,2598.550,2718.375,2502.072,2440.190,2299.000,2575.120
2509.160,2603.550,2500.458,2540.428,2596.500,2685.812,2482.572,2413.500,2284.933,2567.000
2489.560,2591.950,2503.417,2524.029,2599.800,2713.250,2482.524,2441.119,2306.000,2562.720
2501.440,2596.200,2500.083,2528.171,2594.500,2710.562,2483.643,2446.524,2304.867,2575.080
2498.840,2585.000,2496.167,2521.743,2576.800,2712.812,2485.857,2432.262,2283.400,2569.960
2476.040,2582.800,2480.917,2524.200,2582.550,2716.938,2499.095,2438.548,2312.400,2596.040
2506.080,2570.500,2493.000,2514.971,2589.300,2708.938,2498.214,2436.952,2296.467,2579.320
2504.840,2589.000,2485.500,2524.171,2594.550,2692.375,2508.357,2440.928,2298.933,2575.720
2502.920,2597.300,2484.375,2520.343,2598.500,2693.438,2499.381,2432.976,2299.733,2575.200
2510.120,2594.750,2492.667,2520.857,2578.050,2688.250,2505.952,2439.357,2286.800,2559.000
2505.800,2611.250,2482.250,2524.657,2592.500,2698.938,2505.333,2417.333,2287.867,2591.200
2495.120,2591.850,2500.167,2524.629,2589.000,2711.750,2519.405,2428.619,2309.400,2554.600
2500.960,2591.300,2484.458,2521.800,2594.500,2703.750,2512.048,2428.500,2284.800,2557.680
2511.640,2584.400,2491.958,2522.314,2583.200,2702.500,2526.905,2439.714,2304.400,2570.320
2502.080,2595.750,2491.375,2517.171,2596.550,2697.312,2509.881,2437.548,2296.067,2571.880
2494.720,2601.750,2485.625,2530.143,2586.350,2683.750,2518.881,2427.072,2296.400,2577.240
2513.120,2600.550,2498.083,2532.286,2583.300,2698.750,2519.928,2435.476,2302.333,2591.960
2541.560,2602.100,2488.167,2516.229,2585.850,2713.500,2519.786,2435.072,2301.933,2565.400
2521.720,2618.500,2514.792,2529.229,2596.350,2711.688,2505.524,2430.048,2306.200,2565.120
2499.200,2581.400,2504.250,2532.800,2581.050,2709.188,2500.857,2431.167,2300.733,2574.000
2492.080,2584.600,2498.083,2522.400,2573.200,2727.188,2507.238,2443.405,2300.933,2583.920
2493.040,2600.950,2484.958,2525.400,2573.900,2709.688,2495.310,2432.690,2305.533,2578.800
2524.000,2602.850,2491.792,2527.200,2588.000,2712.000,2503.190,2431.643,2304.133,2569.320
2503.000,2607.750,2511.917,2511.057,2602.900,2732.875,2492.881,2427.428,2286.333,2566.680
2508.240,2597.050,2492.833,2512.829,2601.450,2717.438,2483.667,2415.238,2288.733,2577.520
2516.480,2601.000,2485.625,2519.914,2578.200,2716.562,2479.500,2434.381,2288.000,2561.200
2477.280,2587.050,2495.208,2518.543,2593.750,2718.938,2490.881,2428.119,2295.133,2565.840
2491.560,2588.000,2492.000,2523.171,2604.550,2694.812,2483.024,2424.286,2300.200,2567.360
2483.720,2572.400,2473.917,2503.371,2573.100,2701.750,2491.619,2416.048,2292.200,2547.160
2496.600,2585.700,2500.083,2522.657,2587.550,2667.688,2494.095,2430.167,2293.333,2569.800
2508.080,2583.600,2480.917,2526.029,2590.350,2718.625,2477.238,2422.690,2291.333,2574.760
2489.520,2603.650,2486.542,2515.000,2585.750,2729.312,2490.667,2438.738,2313.333,2555.800
2504.040,2584.750,2478.750,2507.400,2570.400,2701.750,2499.119,2426.762,2294.067,2566.080
2509.320,2576.100,2477.417,2514.629,2570.900,2705.875,2494.952,2434.000,2285.867,2575.880
2510.120,2588.850,2471.875,2517.314,2581.550,2692.375,2491.762,2427.072,2293.600,2571.520
2501.200,2596.650,2477.000,2516.114,2607.300,2707.250,2510.381,2435.572,2290.867,2552.840
2516.920,2592.750,2492.583,2507.771,2580.950,2728.438,2504.286,2437.881,2314.333,2552.160
2502.800,2582.450,2489.375,2527.514,2591.000,2701.438,2513.595,2430.381,2315.000,2562.920
2509.200,2596.950,2492.750,2530.800,2604.500,2687.500,2501.190,2436.286,2295.333,2571.160
2508.880,2597.000,2480.417,2522.229,2586.400,2709.875,2516.952,2428.405,2290.600,2579.920
2510.160,2579.600,2491.917,2523.943,2608.200,2701.438,2519.976,2435.738,2312.067,2577.360
2518.800,2585.400,2484.000,2523.572,2587.050,2703.125,2510.857,2433.143,2293.200,2568.040
2510.320,2606.550,2480.833,2500.686,2578.300,2720.375,2501.405,2423.143,2295.133,2573.640
2490.720,2615.400,2484.917,2517.200,2597.900,2716.938,2497.595,2437.167,2309.133,2569.560
2497.600,2594.750,2485.042,2513.714,2594.350,2715.938,2486.286,2429.905,2295.733,2589.880
2500.240,2610.450,2507.667,2523.428,2591.450,2700.500,2492.167,2434.333,2307.200,2582.360
2505.320,2601.450,2489.417,2515.829,2602.950,2706.812,2480.548,2428.167,2297.133,2565.200
2501.240,2608.850,2487.958,2519.714,2609.200,2704.625,2484.238,2430.333,2298.667,2569.400
2509.160,2589.150,2502.458,2529.371,2589.500,2714.562,2478.976,2439.572,2298.933,2569.320
2501.680,2586.400,2479.542,2507.029,2589.600,2684.438,2480.452,2429.310,2293.000,2584.040
2510.200,2597.650,2497.625,2508.257,2586.800,2699.875,2472.595,2424.667,2298.867,2582.040
2489.560,2593.200,2492.542,2513.286,2592.100,2689.312,2463.072,2414.476,2307.267,2582.920
2498.480,2591.800,2485.208,2519.200,2596.550,2691.625,2473.072,2430.786,2312.733,2580.800
2490.240,2588.700,2478.292,2515.771,2588.700,2702.375,2470.738,2427.643,2299.533,2562.800
2483.800,2587.750,2490.000,2515.943,2576.500,2708.938,2477.238,2420.786,2294.800,2570.720
2504.080,2591.300,2500.792,2518.686,2571.500,2688.000,2478.833,2433.762,2295.600,2560.680
2487.840,2556.850,2477.917,2526.229,2575.750,2712.125,2481.881,2434.952,2287.800,2578.680
2491.560,2584.250,2471.667,2516.800,2602.900,2719.500,2487.500,2423.619,2298.667,2565.960
2500.920,2581.100,2479.708,2521.229,2592.250,2712.688,2483.310,2426.667,2297.933,2566.680
2489.680,2577.400,2480.375,2506.886,2585.700,2697.438,2482.095,2432.762,2274.000,2563.080
2496.360,2573.550,2485.917,2519.428,2569.700,2700.688,2508.143,2426.214,2277.200,2571.520
2513.920,2594.200,2477.500,2514.343,2592.150,2719.812,2484.500,2439.500,2298.333,2561.080
2511.600,2584.900,2480.333,2518.572,2581.450,2717.062,2502.405,2437.214,2293.267,2574.760
2500.880,2593.850,2483.625,2517.600,2576.850,2700.938,2493.357,2419.476,2294.733,2582.000
2495.600,2592.000,2486.167,2516.086,2592.100,2731.000,2483.167,2415.500,2301.733,2583.760
2502.920,2596.150,2490.708,2517.829,2602.750,2706.875,2485.048,2431.928,2280.867,2571.080
2496.560,2578.650,2474.167,2515.229,2591.100,2683.688,2494.667,2425.143,2290.000,2569.840
2495.960,2583.550,2481.250,2506.600,2579.300,2718.312,2484.000,2440.000,2296.000,2575.400
2502.720,2600.050,2483.542,2529.629,2581.650,2711.062,2478.452,2437.310,2302.267,2579.800
2496.920,2593.400,2507.000,2518.200,2595.600,2687.312,2473.262,2431.428,2286.667,2567.520
2488.160,2590.600,2491.208,2503.229,2585.700,2718.688,2474.643,2431.072,2276.733,2576.600
2469.600,2586.050,2497.708,2517.657,2571.050,2692.062,2471.833,2435.714,2290.000,2566.200
2505.440,2596.000,2474.667,2525.029,2578.050,2682.938,2458.238,2408.762,2275.800,2583.280
2479.960,2599.200,2497.208,2523.886,2574.300,2723.438,2463.095,2423.928,2279.933,2574.400
2508.320,2569.600,2474.000,2511.657,2585.000,2689.438,2467.976,2428.333,2294.733,2575.240
2498.560,2591.850,2493.917,2511.314,2596.600,2683.375,2456.381,2435.833,2286.267,2575.040
2507.800,2577.700,2491.667,2515.314,2575.800,2674.062,2462.786,2420.476,2286.200,2569.040
2505.760,2575.950,2477.625,2509.286,2566.300,2695.500,2464.524,2432.310,2299.600,2580.680
2505.880,2578.200,2493.583,2515.086,2575.000,2703.375,2475.024,2430.714,2296.400,2567.040
2476.400,2575.200,2482.583,2515.343,2581.200,2698.250,2469.738,2426.310,2275.000,2568.600
2503.720,2602.000,2492.792,2511.943,2582.950,2695.562,2489.881,2439.548,2301.333,2566.000
2492.920,2566.400,2479.250,2506.343,2600.500,2707.312,2493.024,2428.714,2283.800,2549.960
2472.400,2572.900,2480.958,2511.543,2573.250,2713.438,2501.428,2436.190,2287.867,2561.640
2494.720,2594.750,2498.333,2508.000,2580.950,2699.000,2501.762,2423.357,2288.600,2564.640
2479.160,2597.200,2497.250,2515.800,2580.100,2667.312,2492.286,2436.762,2300.400,2555.640
2486.120,2578.850,2483.042,2505.257,2582.250,2689.250,2507.619,2422.119,2288.933,2570.400
2483.880,2590.850,2489.208,2525.886,2573.750,2699.500,2504.143,2438.952,2298.133,2565.640
2498.440,2598.500,2486.167,2519.457,2583.450,2682.000,2492.952,2426.024,2303.467,2562.080
2499.840,2598.200,2500.583,2518.229,2566.200,2707.875,2499.452,2415.619,2302.267,2572.480
2506.680,2608.500,2494.958,2502.914,2576.850,2694.312,2495.905,2426.357,2302.867,2569.360
2516.960,2589.250,2484.500,2506.686,2582.650,2668.000,2489.738,2419.072,2282.467,2573.160
2500.280,2583.900,2495.958,2515.686,2573.650,2707.750,2484.762,2434.024,2299.667,2572.480
2490.880,2579.150,2496.792,2513.686,2575.600,2676.938,2489.000,2424.643,2284.200,2570.760
2495.320,2576.850,2492.417,2501.343,2583.650,2658.250,2486.786,2420.024,2287.800,2584.240
2513.000,2573.600,2491.875,2505.400,2579.750,2711.438,2482.428,2433.333,2310.067,2575.480
2506.160,2586.750,2491.708,2501.514,2576.200,2686.625,2464.238,2425.095,2300.600,2563.160
2503.320,2590.700,2508.500,2510.800,2601.350,2681.938,2470.667,2427.381,2307.133,2590.480
2487.200,2582.900,2476.875,2509.800,2573.050,2683.500,2476.786,2416.310,2303.800,2556.000
2504.160,2589.650,2497.958,2509.943,2568.200,2693.062,2472.857,2432.310,2287.600,2565.440
2488.880,2578.350,2474.625,2503.229,2580.200,2690.875,2457.928,2429.500,2273.400,2550.280
2483.240,2579.550,2491.417,2487.771,2577.600,2691.125,2466.190,2418.500,2291.667,2576.520
2493.800,2589.700,2489.625,2518.000,2590.150,2695.438,2472.190,2423.595,2286.333,2572.680
2481.600,2580.500,2480.500,2493.572,2585.600,2679.312,2465.928,2423.381,2299.867,2560.600
2478.400,2582.150,2473.667,2517.143,2579.100,2669.000,2474.738,2435.595,2290.733,2558.920
2498.320,2575.950,2493.125,2516.543,2574.550,2688.250,2473.452,2418.595,2292.933,2561.160
2481.040,2561.450,2488.875,2487.829,2594.400,2688.625,2492.667,2437.428,2305.600,2566.840
2502.400,2567.000,2456.833,2512.171,2579.850,2686.375,2495.667,2424.024,2288.200,2570.320
2493.160,2574.750,2481.542,2505.943,2578.950,2698.125,2499.738,2434.572,2257.600,2568.960
2488.480,2584.400,2481.083,2508.629,2566.800,2710.688,2502.572,2426.095,2295.533,2564.600
2504.200,2573.900,2498.458,2505.086,2561.750,2701.250,2487.428,2432.595,2281.200,2558.600
2507.600,2562.600,2474.917,2515.400,2572.850,2699.125,2487.262,2433.857,2291.200,2566.600
2498.720,2605.550,2487.542,2514.229,2570.150,2720.438,2495.405,2427.310,2303.067,2571.560
2498.440,2606.700,2484.542,2514.314,2576.700,2697.938,2486.738,2435.619,2281.200,2575.680
2499.960,2582.600,2501.333,2522.343,2602.400,2703.688,2483.333,2414.143,2292.400,2555.400
2492.480,2572.850,2477.250,2522.171,2561.300,2711.062,2472.595,2423.262,2311.000,2559.080
2491.760,2576.800,2477.750,2498.086,2582.850,2704.625,2484.905,2437.333,2295.000,2571.080
2497.440,2577.250,2488.375,2502.657,2588.450,2685.688,2470.095,2432.690,2278.667,2556.200
2484.280,2574.850,2489.750,2501.286,2576.850,2695.938,2477.810,2421.119,2279.133,2551.360
2487.000,2583.150,2479.500,2515.057,2595.550,2698.125,2462.452,2421.476,2287.533,2566.480
2484.920,2599.600,2493.625,2497.486,2567.550,2689.125,2458.857,2418.333,2299.667,2546.320
2491.400,2581.850,2488.208,2523.714,2588.450,2701.250,2453.000,2430.690,2276.000,2561.800
2475.440,2574.050,2491.417,2497.257,2596.750,2674.500,2459.976,2425.595,2299.467,2556.520
2484.000,2593.100,2476.125,2519.857,2587.350,2693.750,2454.143,2430.357,2297.067,2561.280
2479.280,2567.550,2495.542,2492.714,2584.450,2711.250,2456.357,2421.572,2295.867,2555.720
2488.320,2577.050,2485.500,2513.657,2555.950,2697.750,2461.524,2423.310,2279.933,2539.560
2486.000,2577.900,2495.250,2511.600,2556.150,2690.125,2451.524,2438.167,2293.000,2547.600
2486.640,2577.600,2469.875,2499.714,2577.400,2684.438,2456.595,2417.310,2287.533,2557.560
2493.040,2591.150,2470.958,2498.371,2589.350,2711.875,2465.881,2421.667,2286.933,2542.920
2492.400,2565.700,2465.083,2493.543,2589.500,2687.000,2476.810,2427.452,2292.733,2548.520
2484.000,2584.650,2471.292,2491.486,2574.250,2689.188,2477.905,2443.214,2287.933,2562.640
2479.640,2558.600,2484.708,2502.857,2580.850,2681.438,2478.333,2423.357,2288.533,2549.840
2486.440,2581.750,2477.583,2498.657,2578.700,2686.688,2491.643,2418.524,2284.400,2573.720
2495.920,2564.600,2472.625,2505.057,2571.100,2683.250,2486.310,2416.952,2296.867,2563.400
2487.840,2585.750,2482.667,2506.800,2584.050,2678.375,2494.167,2428.381,2282.067,2565.920
2482.040,2589.700,2494.250,2512.857,2587.450,2673.688,2481.214,2412.833,2269.600,2567.200
2488.640,2570.450,2473.625,2497.229,2580.300,2684.375,2487.143,2431.905,2285.067,2574.920
2482.760,2589.400,2487.125,2499.229,2551.250,2717.500,2483.810,2417.643,2304.933,2563.480
2480.280,2585.800,2467.500,2512.029,2587.150,2672.562,2485.452,2421.095,2287.000,2572.720
2476.800,2577.200,2492.625,2498.572,2574.650,2676.188,2471.643,2419.833,2274.933,2567.800
2499.280,2568.900,2463.750,2496.000,2586.850,2675.875,2480.048,2428.238,2277.533,2555.480
2480.480,2574.550,2486.833,2499.771,2587.550,2686.688,2477.286,2420.595,2273.333,2556.280
2489.520,2574.300,2475.667,2501.314,2570.550,2706.375,2481.167,2424.714,2295.667,2578.240
2492.000,2572.900,2476.458,2515.971,2572.500,2690.312,2477.857,2417.810,2272.733,2566.560
2471.800,2581.700,2473.000,2509.657,2557.050,2671.312,2467.143,2413.405,2278.067,2550.000
2491.040,2576.650,2462.917,2499.943,2579.850,2699.188,2458.595,2423.833,2283.733,2566.120
2470.840,2557.050,2477.375,2521.629,2572.000,2684.312,2465.619,2420.214,2289.933,2563.000
2473.320,2584.250,2482.208,2492.286,2574.050,2676.562,2458.952,2418.238,2287.600,2550.360
2488.480,2564.000,2482.458,2496.343,2577.450,2698.500,2465.881,2418.143,2282.267,2567.240
2490.440,2578.300,2477.208,2508.771,2586.050,2667.375,2458.476,2414.048,2290.267,2555.520
2491.440,2564.200,2470.958,2497.743,2569.100,2669.500,2466.833,2423.572,2296.533,2553.720
2488.840,2566.300,2476.958,2498.257,2563.950,2671.562,2467.572,2420.905,2275.067,2566.080
2481.480,2567.150,2483.208,2503.371,2584.400,2675.250,2470.405,2418.119,2307.000,2564.280
2477.640,2562.200,2477.000,2502.971,2575.500,2682.312,2473.167,2420.572,2280.333,2552.880
2492.040,2546.050,2482.792,2505.143,2576.300,2702.188,2473.905,2426.428,2274.000,2557.080
2478.920,2573.850,2475.042,2513.543,2557.350,2686.188,2461.238,2419.310,2275.067,2563.440
2462.680,2571.350,2466.208,2512.800,2583.450,2672.750,2474.619,2417.976,2277.200,2569.240
2480.520,2548.800,2468.583,2505.143,2580.050,2672.000,2465.572,2416.881,2289.267,2564.280
2490.360,2570.050,2476.375,2494.771,2574.000,2685.062,2486.262,2414.000,2283.733,2564.680
2480.720,2550.600,2459.917,2511.886,2575.300,2694.062,2491.500,2420.024,2278.133,2561.680
2481.360,2560.450,2488.292,2499.971,2582.850,2660.562,2491.072,2415.667,2288.000,2552.440
2479.320,2544.500,2493.167,2508.600,2586.650,2688.625,2479.024,2420.357,2301.533,2552.200
2504.880,2564.300,2487.958,2524.857,2596.850,2682.562,2467.738,2433.048,2305.800,2564.400
2493.160,2582.200,2484.625,2506.743,2584.900,2680.500,2478.762,2428.024,2302.800,2578.000
2496.480,2588.700,2493.250,2518.428,2576.500,2660.500,2480.000,2441.024,2294.200,2568.920
2488.280,2577.950,2496.792,2500.029,2558.600,2678.000,2477.976,2421.905,2297.333,2568.680
2495.320,2567.500,2473.208,2505.371,2561.800,2694.750,2477.572,2432.762,2303.867,2590.120
2484.440,2586.200,2482.458,2494.800,2586.000,2677.312,2462.619,2436.333,2287.200,2565.040
2487.560,2571.250,2475.750,2509.257,2564.450,2675.375,2458.119,2425.690,2285.667,2555.000
2480.320,2591.150,2473.792,2498.257,2561.150,2693.562,2464.167,2420.667,2288.467,2554.840
2476.400,2572.850,2458.333,2485.714,2567.850,2664.312,2459.762,2430.310,2299.333,2573.480
2487.080,2574.850,2476.750,2489.686,2579.600,2678.250,2465.595,2420.738,2278.000,2569.280
2470.080,2560.500,2479.042,2496.486,2565.050,2663.688,2457.048,2425.452,2274.067,2545.880
2473.480,2560.900,2484.583,2498.829,2550.350,2653.375,2455.333,2411.238,2269.600,2563.440
2468.520,2578.050,2475.417,2507.743,2573.750,2664.438,2461.619,2416.548,2280.867,2558.640
2481.120,2568.600,2472.958,2502.171,2578.500,2683.000,2461.190,2410.714,2266.333,2567.640
2474.560,2552.800,2480.417,2476.629,2559.350,2666.938,2470.905,2410.405,2259.067,2565.360
2481.120,2566.750,2472.792,2481.886,2545.000,2658.375,2468.667,2418.238,2268.133,2569.560
2467.880,2567.300,2475.375,2483.371,2540.950,2662.188,2469.476,2409.524,2281.733,2559.120
2482.760,2561.600,2474.042,2494.857,2553.500,2651.688,2471.833,2423.333,2285.333,2564.000
2476.280,2547.250,2469.917,2502.257,2557.350,2667.812,2475.333,2408.048,2282.400,2568.640
2497.080,2557.350,2477.417,2491.457,2563.350,2676.250,2479.024,2417.405,2278.600,2551.400
2478.680,2567.400,2479.750,2501.486,2556.700,2662.188,2463.976,2410.667,2278.400,2557.760
2488.040,2558.500,2459.208,2482.629,2571.250,2651.125,2468.857,2418.048,2288.733,2557.080
2476.440,2576.950,2470.625,2487.286,2549.600,2659.000,2464.405,2422.405,2275.067,2566.720
2498.200,2559.450,2471.458,2491.743,2536.050,2656.688,2478.643,2427.524,2295.133,2564.000
2476.680,2564.450,2487.083,2492.629,2570.000,2680.500,2458.167,2424.500,2275.733,2544.720
2471.840,2595.500,2476.125,2493.657,2560.000,2654.688,2472.667,2433.500,2288.600,2567.560
2488.120,2579.600,2474.875,2488.572,2570.600,2654.688,2451.072,2425.500,2291.467,2548.000
2481.800,2567.400,2482.208,2497.143,2550.650,2659.000,2457.476,2417.190,2294.800,2556.400
2508.400,2543.150,2487.708,2490.771,2556.650,2643.125,2450.143,2414.428,2290.267,2542.160
2483.640,2545.250,2480.250,2498.114,2560.350,2663.875,2440.786,2413.143,2291.867,2539.840
2481.800,2556.900,2489.208,2491.514,2549.050,2636.938,2443.643,2419.500,2275.467,2573.800
2475.320,2576.500,2482.958,2481.457,2557.300,2624.125,2448.262,2420.881,2306.400,2558.320
2480.080,2554.900,2483.375,2482.829,2559.900,2638.812,2439.524,2412.572,2294.467,2547.240
2478.120,2555.900,2467.333,2486.971,2554.600,2661.562,2437.500,2417.190,2288.467,2545.360
2476.000,2562.750,2464.708,2474.314,2547.900,2619.312,2436.738,2417.072,2282.200,2543.200
2474.320,2571.500,2467.000,2462.914,2578.500,2661.750,2442.881,2412.428,2266.333,2548.720
2479.960,2562.050,2456.542,2487.200,2558.200,2630.438,2449.405,2419.643,2293.333,2545.800
2476.920,2557.100,2490.958,2484.943,2557.650,2650.000,2446.643,2417.119,2284.667,2539.840
2468.200,2545.750,2456.667,2472.229,2560.150,2641.000,2447.786,2413.548,2301.000,2547.880
2488.280,2549.000,2477.417,2477.971,2555.550,2623.062,2455.572,2398.952,2285.800,2549.200
2479.440,2556.500,2481.375,2485.114,2545.200,2642.125,2469.357,2426.881,2283.333,2567.440
2477.400,2592.800,2490.958,2493.572,2570.900,2659.375,2469.357,2427.548,2312.333,2538.440
2502.800,2603.700,2506.583,2506.343,2570.500,2654.000,2469.714,2447.690,2313.467,2566.640
