4495.520,4720.750,5097.350,3991.000,4014.667,6025.667,6998.417,3792.917,3758.556,4368.333,3426.444,3787.833,3386.000,3468.167,3705.667
4461.040,4706.050,5091.150,3985.333,4067.583,6032.917,6930.333,3776.000,3764.556,4344.333,3430.778,3765.833,3378.667,3460.833,3642.333
4453.000,4689.950,5087.650,4007.833,4021.167,6020.750,6992.500,3754.500,3767.778,4313.333,3455.222,3837.667,3376.667,3425.500,3614.556
4605.720,4718.050,5049.600,3955.750,4005.917,6080.333,6971.500,3802.333,3754.556,4329.556,3422.333,3741.667,3334.167,3441.000,3623.111
7072.440,4821.750,5176.950,4045.667,4008.333,8795.500,8548.000,3754.333,3786.111,4369.556,3451.222,3731.000,3381.667,3450.500,3688.444
8389.000,4979.250,5418.200,3960.250,3991.500,10991.083,11617.750,3833.333,3759.222,4316.556,3418.444,3757.667,3390.167,3431.417,3808.333
8064.320,4901.150,5387.700,3995.250,3975.167,10476.667,11469.583,3832.083,3706.889,4407.000,3433.333,3713.667,3377.833,3467.250,3795.333
7718.040,4878.600,5346.450,3989.750,4023.500,10014.000,11078.250,3814.333,3768.889,4305.111,3430.667,3668.500,3400.167,3432.083,3784.222
7365.520,4845.600,5304.450,3979.500,3982.417,9526.750,10627.583,3826.417,3756.222,4320.111,3393.889,3765.167,3379.500,3438.500,3742.778
7211.440,4810.950,5237.600,3982.500,3971.667,9214.500,10280.417,3840.333,3686.111,4303.667,3379.889,3668.000,3363.333,3461.667,3765.556
7007.960,4844.500,5251.600,4005.333,4008.833,9012.333,9992.500,3791.250,3763.000,4349.778,3401.444,3712.500,3367.000,3412.083,3703.778
6767.680,4783.450,5171.800,3962.917,3993.000,8688.750,9771.917,3732.833,3707.889,4315.889,3398.667,3654.167,3347.000,3462.583,3710.444
6677.760,4775.250,5197.300,3946.250,3961.583,8523.417,9598.750,3771.083,3692.778,4284.222,3419.556,3666.667,3345.167,3451.667,3682.778
6514.560,4741.500,5175.950,3912.500,3956.750,8307.667,9358.417,3851.667,3762.111,4291.444,3398.333,3659.000,3340.667,3435.167,3705.556
6436.560,4805.850,5171.550,3976.833,4016.583,8189.583,9154.833,3786.417,3747.889,4319.000,3378.556,3656.333,3350.000,3435.417,3690.444
6267.080,4771.650,5140.450,3963.917,4001.667,8148.667,9166.833,3776.750,3755.444,4211.778,3371.889,3713.000,3327.500,3436.333,3633.444
6199.360,4742.500,5163.350,3947.250,3997.083,7896.250,8987.583,3763.083,3702.667,4297.556,3379.667,3724.333,3373.000,3452.833,3691.333
6067.960,4779.500,5134.100,3982.000,3972.000,7814.083,8965.917,3776.417,3753.778,4270.444,3392.222,3723.167,3344.000,3455.750,3652.111
5992.000,4777.400,5089.050,3949.083,3998.167,7706.167,8776.083,3756.833,3728.000,4281.222,3370.111,3671.000,3324.500,3469.417,3697.000
5922.160,4740.750,5119.750,3935.500,3966.000,7605.750,8668.500,3782.917,3768.333,4332.000,3427.778,3688.667,3305.500,3432.917,3636.667
5861.320,4726.900,5094.600,3959.083,3968.083,7467.417,8573.417,3766.333,3710.000,4301.667,3384.000,3664.500,3343.000,3432.917,3703.667
5799.480,4749.550,5083.350,3943.667,3964.583,7417.000,8464.833,3725.167,3742.000,4276.222,3373.222,3668.333,3303.667,3450.000,3681.111
5766.920,4732.750,5074.600,3942.917,3945.750,7365.667,8428.333,3764.750,3711.778,4273.000,3397.556,3672.333,3336.333,3437.250,3728.889
5690.640,4719.200,5054.200,3952.750,3979.583,7273.833,8313.417,3778.167,3743.667,4318.778,3385.667,3642.333,3320.833,3437.250,3645.889
5645.560,4681.750,5072.500,3967.417,3988.583,7163.417,8225.583,3771.750,3683.111,4252.778,3404.444,3679.833,3323.000,3438.250,3649.000
5583.440,4684.100,5041.900,3935.917,3998.250,7165.167,8198.583,3785.083,3714.111,4308.444,3417.333,3672.500,3350.667,3467.833,3655.444
5566.880,4688.000,5053.900,3945.167,3964.833,7051.417,8239.333,3763.500,3744.333,4344.111,3338.889,3700.000,3332.833,3442.500,3622.889
5525.040,4725.100,5059.900,3984.167,3965.167,7018.167,8220.167,3734.583,3755.222,4295.000,3410.000,3694.333,3329.500,3458.417,3650.556
5512.880,4700.400,5025.350,3907.167,3990.167,7031.417,8120.417,3776.583,3766.778,4287.000,3387.889,3705.167,3357.333,3418.750,3656.778
5521.520,4685.900,5055.800,3940.000,3963.917,6960.750,8163.583,3769.417,3745.556,4284.444,3363.444,3701.500,3287.667,3430.083,3662.444
5495.080,4701.450,5031.800,3899.500,3984.750,6837.000,8023.833,3750.750,3729.222,4241.111,3348.667,3735.833,3352.167,3413.500,3635.333
5437.160,4664.750,5032.200,3926.333,3976.417,6878.750,8021.167,3694.417,3734.778,4270.556,3414.000,3751.667,3306.333,3422.583,3630.778
5387.320,4673.550,5009.050,3920.000,3951.250,6790.500,7870.583,3699.500,3723.444,4300.556,3337.111,3634.833,3336.833,3503.333,3650.333
5310.280,4647.050,4940.100,3906.833,3950.417,6765.750,7796.250,3722.000,3711.000,4304.000,3308.000,3658.667,3302.000,3446.667,3610.444
5352.760,4681.450,4992.050,3922.000,3942.667,6698.500,7745.917,3732.667,3679.889,4298.667,3364.000,3663.667,3298.500,3431.000,3634.000
5254.600,4690.350,4972.050,3898.667,3943.917,6708.833,7648.667,3723.583,3739.444,4293.889,3407.333,3646.333,3349.500,3439.750,3653.667
5241.640,4655.800,4977.200,3877.167,3956.833,6740.750,7786.667,3705.750,3690.000,4243.889,3363.556,3712.500,3372.667,3423.583,3675.556
5194.600,4636.900,4991.500,3882.583,3949.917,6666.583,7648.750,3724.167,3723.667,4229.778,3356.778,3665.500,3285.167,3438.417,3651.000
5201.600,4684.350,4997.550,3876.417,3944.333,6599.083,7616.500,3734.417,3721.667,4258.778,3359.000,3642.667,3335.500,3466.167,3661.111
5142.200,4633.700,4948.250,3926.167,3939.083,6604.917,7623.750,3719.667,3716.889,4283.222,3368.111,3685.833,3299.500,3424.000,3671.444
5161.680,4636.450,5002.300,3907.833,3940.083,6543.083,7677.750,3738.667,3732.222,4282.000,3390.556,3709.333,3293.333,3436.833,3623.889
5142.640,4662.550,4972.900,3921.417,3916.417,6522.667,7568.833,3754.750,3720.222,4285.556,3382.000,3643.500,3327.167,3425.333,3680.444
5087.080,4638.650,4959.650,3868.000,3907.667,6502.750,7555.500,3722.167,3729.333,4255.111,3371.222,3694.167,3374.000,3447.083,3650.667
5067.640,4661.300,4966.100,3881.250,3922.083,6534.500,7489.500,3731.083,3698.889,4257.333,3383.889,3675.833,3309.833,3453.583,3632.778
5033.440,4639.650,4942.050,3931.917,3932.167,6419.417,7496.583,3741.500,3662.778,4338.444,3372.444,3666.667,3288.333,3436.667,3605.444
4977.040,4629.250,4974.600,3887.583,3886.917,6419.667,7453.833,3761.000,3694.778,4242.000,3343.889,3666.167,3266.000,3417.833,3609.333
4972.040,4678.150,4946.450,3910.333,3948.583,6447.417,7475.083,3709.250,3730.333,4248.333,3370.667,3609.833,3276.167,3430.250,3601.444
4964.040,4644.500,4987.850,3853.167,3886.667,6370.833,7411.417,3705.333,3670.222,4231.111,3374.889,3685.167,3306.000,3395.417,3581.444
4955.400,4599.450,4966.200,3905.667,3916.833,6360.583,7429.333,3726.167,3739.111,4302.556,3414.556,3667.667,3297.667,3395.083,3595.556
4947.320,4617.850,4960.400,3886.167,3923.917,6336.583,7479.250,3742.750,3703.222,4212.333,3382.667,3657.833,3242.333,3427.583,3625.444
4928.440,4622.800,4929.650,3860.917,3920.500,6370.917,7393.833,3733.500,3705.222,4243.222,3321.778,3728.833,3309.000,3419.250,3607.667
4930.920,4647.900,4970.200,3879.833,3931.000,6337.083,7329.583,3753.583,3731.111,4196.333,3359.444,3659.833,3285.333,3445.000,3602.556
4868.160,4643.700,4901.350,3903.667,3891.583,6362.250,7299.250,3706.083,3696.111,4246.222,3311.667,3720.167,3278.833,3458.417,3628.444
4922.880,4675.750,4940.700,3887.167,3935.917,6387.333,7300.250,3731.417,3730.556,4229.111,3356.556,3688.167,3335.167,3455.500,3644.556
4937.760,4608.300,4915.000,3868.083,3897.083,6385.583,7237.833,3735.667,3703.556,4235.222,3289.667,3651.667,3307.833,3449.750,3606.222
4902.080,4585.500,4918.400,3864.167,3935.333,6367.500,7247.167,3681.083,3708.000,4252.000,3364.444,3674.333,3276.000,3426.000,3600.889
4867.920,4591.100,4938.050,3872.167,3919.083,6336.500,7209.083,3687.583,3682.444,4275.778,3348.556,3710.667,3281.167,3463.583,3633.667
4874.160,4594.300,4920.200,3881.833,3928.083,6288.167,7235.833,3699.583,3688.667,4263.111,3346.000,3663.833,3324.333,3425.583,3605.000
4824.360,4587.900,4903.950,3865.250,3892.083,6302.250,7192.417,3740.667,3685.444,4210.778,3367.667,3733.833,3349.833,3441.000,3612.333
4810.520,4551.100,4879.600,3917.167,3869.000,6347.083,7164.417,3659.167,3693.444,4213.889,3333.444,3699.500,3329.500,3484.167,3592.556
4843.800,4608.000,4916.950,3869.000,3895.500,6287.000,7188.417,3713.250,3711.889,4197.778,3322.111,3661.000,3233.167,3470.250,3641.000
4820.320,4577.000,4924.300,3886.750,3927.167,6301.167,7153.500,3697.083,3696.778,4241.000,3334.667,3660.167,3335.667,3431.250,3614.333
4878.920,4613.900,4926.150,3870.083,3888.083,6314.500,7190.750,3723.000,3679.667,4298.889,3297.889,3681.000,3285.667,3471.333,3635.222
4903.640,4559.600,4910.850,3860.333,3889.917,6281.833,7192.917,3668.833,3720.111,4218.667,3305.111,3706.167,3296.000,3450.583,3601.667
4897.760,4586.400,4935.600,3869.833,3924.833,6257.583,7126.500,3710.000,3695.222,4227.222,3334.667,3662.667,3248.833,3463.833,3626.333
4909.240,4608.550,4913.300,3891.667,3950.333,6279.333,7183.333,3694.500,3701.333,4252.000,3323.222,3770.500,3260.500,3430.333,3643.778
4884.400,4558.600,4973.550,3908.833,3928.333,6304.083,7176.417,3729.250,3695.889,4289.889,3355.556,3755.167,3305.333,3419.583,3583.889
4880.480,4633.600,4919.600,3907.333,3933.250,6309.417,7238.250,3670.333,3707.667,4300.889,3393.222,3753.833,3276.833,3424.333,3583.444
4856.800,4601.300,4952.500,3876.083,3883.250,6275.667,7214.250,3696.500,3693.889,4237.222,3397.556,3780.167,3294.833,3421.750,3614.111
4838.240,4597.450,4952.200,3866.917,3939.583,6330.917,7167.083,3670.583,3707.667,4256.111,3387.889,3780.167,3261.833,3434.083,3584.444
4818.440,4621.200,4919.100,3885.750,3941.500,6332.250,7193.000,3725.667,3660.444,4176.000,3387.444,3761.500,3280.167,3439.917,3597.222
4831.680,4582.400,4907.000,3902.167,3964.333,6466.333,7170.833,3695.000,3681.000,4261.556,3419.000,3790.500,3278.167,3412.500,3645.000
4844.400,4616.450,4926.500,3867.667,3929.083,6501.583,7186.833,3702.000,3687.667,4282.778,3339.556,3787.000,3272.833,3404.750,3595.333
4768.240,4562.050,4947.200,3855.583,3974.667,6511.917,7140.917,3726.417,3654.889,4256.667,3389.333,3820.000,3261.333,3398.083,3625.333
4778.640,4627.550,4890.450,3844.917,3915.083,6522.417,7141.167,3683.750,3645.556,4238.444,3348.333,3831.667,3317.667,3438.000,3627.556
4775.480,4637.800,4907.000,3881.833,3953.500,6545.500,7165.583,3689.583,3679.667,4248.000,3348.778,3730.833,3278.333,3459.250,3649.000
4723.520,4595.050,4900.250,3878.500,3929.917,6594.167,7164.417,3677.333,3676.000,4241.000,3302.444,3656.167,3338.667,3440.917,3626.444
4770.680,4639.050,4945.650,3915.167,3934.500,6472.333,7114.667,3701.167,3664.667,4304.222,3283.778,3705.667,3317.833,3388.417,3630.222
4744.080,4623.000,4921.250,3916.083,3882.333,6478.083,7105.250,3699.500,3688.333,4299.333,3289.333,3753.000,3310.167,3388.000,3637.222
4723.960,4590.350,4982.550,3856.333,3908.000,6465.417,7139.250,3707.833,3717.222,4253.667,3286.667,3712.000,3302.167,3404.667,3590.444
4717.360,4628.050,4917.000,3896.833,3934.083,6406.333,7096.417,3674.583,3709.667,4308.444,3234.889,3692.833,3305.833,3447.583,3658.667
4730.360,4612.400,4947.250,3879.333,3902.833,6388.750,7043.750,3717.333,3707.556,4233.111,3254.667,3688.833,3344.167,3415.083,3628.000
4704.080,4605.250,4941.400,3874.417,3898.167,6299.917,7026.167,3634.917,3696.556,4276.444,3262.667,3652.000,3285.333,3400.917,3675.889
4739.000,4597.700,4944.100,3875.500,3899.500,6301.583,7096.083,3662.167,3695.667,4248.556,3269.667,3696.000,3293.000,3431.167,3630.778
4713.560,4604.250,4955.350,3846.000,3881.167,6273.333,7060.750,3684.833,3712.000,4282.556,3242.333,3679.167,3250.167,3399.167,3637.667
4701.680,4612.350,4941.900,3846.000,3909.917,6281.083,7126.583,3669.833,3679.444,4262.889,3294.778,3682.667,3338.333,3419.417,3664.444
4683.360,4605.700,4975.950,3878.167,3876.250,6184.083,7115.417,3704.167,3697.000,4287.667,3280.222,3707.500,3350.000,3391.333,3592.556
4683.880,4631.550,4947.750,3876.083,3893.583,6424.500,7092.167,3699.667,3683.222,4307.889,3230.778,3722.833,3281.000,3432.250,3614.111
4657.120,4615.100,4937.000,3854.333,3878.583,6539.250,7100.167,3712.167,3706.556,4275.222,3296.222,3743.500,3339.500,3413.250,3620.667
4634.880,4660.750,4964.300,3813.750,3909.167,6490.500,7135.417,3656.167,3682.000,4295.667,3264.889,3723.000,3336.667,3407.583,3619.889
4642.720,4605.350,4962.600,3849.583,3851.917,6351.833,7103.917,3675.083,3640.444,4274.333,3247.444,3658.167,3332.667,3447.833,3652.556
4667.800,4602.950,4929.050,3904.750,3868.333,6319.750,7102.833,3638.750,3664.000,4281.556,3261.889,3669.333,3321.833,3411.750,3579.111
4672.600,4634.750,4980.950,3847.000,3933.250,6272.583,7102.500,3725.000,3699.778,4269.778,3325.444,3694.167,3302.167,3432.667,3644.778
4698.960,4596.300,4966.750,3830.667,3881.417,6160.083,7112.750,3683.250,3666.778,4267.444,3292.444,3685.000,3311.500,3411.833,3567.667
4630.200,4607.850,4946.500,3831.833,3915.750,6210.250,7130.750,3715.833,3673.444,4341.000,3276.778,3677.667,3305.333,3412.083,3583.778
4651.760,4640.550,4984.500,3824.750,3916.000,6138.167,7104.333,3688.750,3654.333,4299.111,3292.667,3672.667,3322.333,3406.417,3590.444
4646.280,4613.350,4950.150,3883.250,3892.417,6095.833,7128.083,3715.500,3676.556,4257.000,3280.111,3693.500,3276.167,3416.500,3631.889
4620.520,4594.400,4933.900,3866.333,3914.333,6060.583,7108.500,3679.500,3666.889,4288.111,3253.556,3690.667,3322.167,3408.750,3611.111
4612.160,4614.000,4968.200,3876.667,3908.500,6162.583,7091.000,3674.083,3650.444,4287.778,3270.111,3686.500,3327.500,3406.417,3605.667
4627.480,4615.250,4949.250,3874.833,3928.250,6101.667,7109.750,3698.750,3630.667,4300.556,3275.778,3686.667,3346.167,3399.250,3630.556
4683.840,4599.600,4939.850,3910.167,3873.833,6092.917,7124.750,3643.333,3613.333,4253.444,3292.111,3694.500,3332.833,3440.250,3606.222
4651.000,4612.400,4915.400,3847.417,3880.417,6042.667,7045.583,3638.083,3653.778,4243.778,3272.444,3658.167,3324.000,3387.250,3579.333
4649.120,4607.650,5001.600,3860.000,3908.583,6031.083,7065.750,3677.500,3660.222,4301.222,3237.667,3685.167,3279.167,3383.083,3582.556
4618.400,4647.000,4937.050,3826.500,3929.250,5973.250,7010.333,3674.000,3699.556,4289.000,3294.889,3664.500,3242.000,3392.583,3659.889
4635.200,4644.950,4947.500,3863.417,3870.833,6014.500,7054.917,3653.917,3659.333,4276.333,3302.889,3762.500,3334.333,3392.333,3637.889
4625.120,4606.650,4977.350,3857.000,3821.417,6034.500,7030.000,3691.833,3595.889,4240.333,3273.111,3670.167,3307.500,3424.667,3621.000
4634.920,4602.300,4942.000,3847.083,3889.583,5979.500,7035.833,3668.500,3672.000,4287.111,3275.111,3702.667,3341.667,3410.417,3659.889
4622.720,4606.050,4935.850,3859.000,3932.417,5974.333,6955.000,3667.167,3649.444,4243.556,3246.778,3678.667,3317.833,3409.833,3640.667
4631.840,4640.500,4968.400,3853.583,3844.667,5992.667,7007.917,3648.750,3670.889,4241.667,3285.444,3680.833,3323.500,3404.167,3636.556
4608.400,4601.800,4953.900,3871.833,3890.250,6020.583,6968.417,3650.167,3648.222,4279.444,3272.667,3706.167,3306.167,3410.833,3665.667
4597.560,4663.200,4986.400,3860.250,3872.083,5969.250,6979.500,3636.000,3632.778,4308.778,3276.667,3689.000,3287.500,3400.250,3613.111
4572.800,4609.500,4972.600,3826.833,3882.083,5972.000,6990.667,3658.917,3688.111,4226.222,3314.667,3677.000,3254.167,3400.083,3648.222
4609.600,4605.350,4930.850,3881.417,3861.750,6043.833,7013.917,3699.917,3617.000,4283.444,3338.000,3701.000,3301.167,3447.500,3576.667
4577.280,4627.100,4947.550,3859.167,3878.833,5950.667,7045.167,3672.000,3692.111,4251.222,3333.889,3679.500,3303.667,3376.833,3556.222
4604.400,4583.950,4951.850,3844.333,3885.167,5969.167,7010.333,3714.917,3711.444,4265.111,3355.111,3707.167,3253.167,3419.583,3583.889
4598.160,4624.200,4977.250,3879.333,3890.417,5969.500,6996.167,3641.500,3637.889,4267.000,3352.778,3715.000,3291.833,3425.917,3579.889
4583.640,4665.850,4982.250,3869.917,3895.500,5955.167,6885.667,3651.750,3653.000,4269.000,3311.667,3728.833,3319.667,3399.000,3586.889
4576.160,4646.800,4951.750,3872.833,3872.250,5927.583,6892.583,3677.750,3690.778,4214.778,3299.444,3751.167,3289.333,3386.083,3605.111
4616.960,4643.800,4954.100,3878.917,3849.000,5969.333,6933.083,3696.917,3666.444,4320.111,3285.667,3682.667,3289.000,3403.417,3579.000
4615.840,4613.300,4944.650,3906.083,3876.083,5922.750,6888.417,3695.250,3629.444,4227.444,3328.556,3727.167,3323.000,3416.250,3604.222
4633.320,4664.500,4910.450,3893.000,3885.667,5960.833,6857.167,3638.500,3635.556,4219.556,3342.778,3766.000,3320.500,3393.000,3597.111
4789.520,4654.600,4950.950,3844.333,3905.167,6007.083,6838.083,3658.500,3685.000,4297.000,3305.111,3744.500,3337.333,3378.750,3586.111
4793.160,4679.800,4961.300,3846.333,3884.417,5993.667,6901.417,3641.583,3664.667,4238.444,3327.444,3779.000,3336.500,3403.167,3586.111
4770.720,4663.300,4930.350,3875.500,3920.000,5976.167,6859.333,3642.417,3654.333,4257.889,3345.333,3720.167,3287.833,3402.333,3569.111
4708.520,4618.000,4934.850,3859.417,3890.250,5952.500,6863.250,3644.167,3595.778,4280.889,3330.222,3703.667,3319.667,3435.167,3639.889
4927.640,4617.200,4936.600,3830.250,3906.667,6033.000,6878.000,3669.000,3635.778,4254.778,3286.333,3733.167,3285.500,3397.333,3608.222
4863.360,4633.200,4955.150,3852.000,3888.000,5954.667,6864.167,3676.250,3630.111,4239.889,3291.889,3699.000,3308.000,3409.250,3637.556
4811.280,4647.550,4934.600,3815.417,3915.500,5954.583,6925.250,3627.417,3606.000,4272.889,3302.000,3746.333,3276.500,3384.500,3626.222
4734.880,4630.900,4951.550,3885.083,3893.083,5973.833,6899.083,3676.083,3661.111,4242.000,3288.222,3727.000,3292.500,3397.500,3568.667
4753.200,4656.800,4928.700,3858.333,3889.500,5937.167,6893.333,3671.917,3712.333,4255.222,3291.333,3701.167,3316.833,3418.167,3589.667
4708.600,4634.250,4919.750,3819.167,3891.333,5963.000,6821.583,3672.417,3654.556,4292.222,3280.667,3730.667,3298.000,3378.417,3607.667
4700.000,4629.950,4936.200,3842.333,3883.333,5943.917,6886.917,3663.917,3654.111,4222.000,3327.333,3811.500,3299.833,3422.417,3615.889
4657.840,4670.600,4936.400,3855.500,3886.000,5912.583,6854.667,3684.417,3607.000,4232.444,3300.889,3764.667,3312.833,3381.167,3637.667
4634.080,4669.200,4927.200,3864.667,3861.917,5921.083,6895.417,3617.167,3605.667,4281.778,3285.000,3761.000,3284.667,3370.417,3588.333
4632.920,4674.550,4951.000,3847.250,3839.917,5887.500,6922.250,3649.667,3658.778,4232.222,3283.778,3757.167,3342.833,3390.917,3596.000
4650.720,4658.200,4950.900,3814.583,3876.333,5969.333,6810.167,3697.000,3628.667,4228.222,3269.000,3741.667,3330.333,3383.250,3611.889
4660.400,4634.700,4929.600,3820.250,3880.000,5929.667,6877.750,3640.917,3642.889,4263.667,3237.778,3687.833,3308.333,3398.000,3617.444
4669.280,4656.950,4916.050,3805.333,3844.333,5964.667,6868.833,3686.417,3628.889,4238.889,3270.556,3685.833,3268.167,3404.917,3595.444
4662.680,4662.750,4947.550,3803.917,3886.417,5907.333,6839.417,3657.333,3615.556,4227.222,3315.556,3709.333,3293.500,3374.333,3590.778
4642.960,4669.300,4930.050,3861.000,3847.167,5849.167,6923.583,3649.083,3641.667,4194.222,3342.444,3686.500,3325.500,3377.000,3628.778
4643.600,4652.850,4944.650,3844.750,3881.667,5870.000,6941.750,3663.917,3626.778,4261.000,3275.000,3702.000,3349.667,3394.167,3619.889
4645.520,4667.700,4928.800,3856.583,3848.333,5854.083,6890.917,3688.667,3635.667,4188.778,3282.889,3701.833,3350.167,3340.583,3610.333
4617.280,4652.850,4921.300,3860.083,3874.083,5896.250,6876.167,3631.917,3652.667,4230.222,3324.556,3762.500,3303.167,3399.167,3621.556
4617.320,4624.800,4932.950,3845.917,3873.167,5886.333,6872.583,3650.167,3623.556,4247.556,3292.889,3689.667,3296.000,3387.917,3578.778
4602.200,4670.550,4920.750,3829.250,3875.250,5855.167,6870.917,3648.417,3628.111,4263.889,3309.333,3720.167,3284.000,3382.250,3584.444
4589.680,4656.750,4930.500,3800.500,3881.750,5859.000,6846.917,3615.833,3653.333,4226.778,3300.333,3733.833,3303.500,3376.083,3594.111
4588.600,4649.050,4965.900,3782.417,3859.583,5861.833,6855.250,3697.333,3612.000,4242.556,3284.889,3692.833,3322.667,3386.667,3549.889
4584.400,4671.000,4939.500,3815.833,3845.250,5890.750,6811.167,3644.583,3629.556,4239.778,3299.111,3744.833,3345.167,3377.500,3558.444
4578.640,4628.700,4924.050,3807.333,3869.583,5824.500,6832.083,3673.833,3666.333,4255.333,3277.111,3648.667,3349.833,3379.083,3598.667
4573.520,4636.450,4927.800,3820.833,3909.417,5855.833,6882.750,3677.083,3646.444,4235.444,3313.778,3704.167,3295.167,3378.083,3606.111
4566.720,4635.400,4927.750,3853.333,3864.667,5832.333,6811.500,3614.167,3620.889,4262.889,3297.667,3708.167,3348.333,3391.750,3574.667
4592.880,4667.150,4990.450,3827.750,3849.417,5831.250,6872.833,3649.750,3642.889,4184.111,3284.889,3732.000,3270.667,3366.500,3602.111
4578.040,4669.700,4945.550,3779.000,3858.333,5808.750,6831.417,3685.583,3622.444,4214.000,3277.778,3690.333,3313.500,3419.083,3591.444
4589.160,4634.050,4904.350,3756.833,3815.083,5835.750,6865.250,3652.833,3634.333,4185.667,3270.333,3680.000,3255.667,3394.083,3589.889
4573.000,4693.750,4933.700,3796.333,3806.333,5846.333,6834.917,3643.167,3681.556,4228.111,3292.111,3692.833,3273.000,3371.000,3580.667
4564.320,4634.800,4944.250,3761.333,3813.500,5866.250,6730.250,3666.500,3641.667,4207.333,3321.444,3703.500,3353.000,3342.417,3568.222
4563.360,4671.250,4884.350,3811.417,3875.667,5831.583,6789.250,3695.667,3643.889,4243.778,3289.889,3728.500,3301.833,3398.333,3547.667
4571.040,4684.450,4923.600,3809.917,3868.333,5842.000,6799.750,3624.833,3606.111,4203.889,3330.889,3746.000,3275.833,3378.917,3537.889
4568.600,4657.850,4895.500,3771.833,3830.833,5851.083,6713.500,3671.917,3664.333,4200.000,3331.778,3737.333,3305.500,3394.167,3567.333
4550.400,4677.500,4907.750,3779.083,3816.667,5796.667,6701.583,3687.500,3647.889,4255.333,3325.667,3729.500,3284.667,3388.583,3553.000
4562.880,4691.650,4953.050,3804.667,3860.417,5749.667,6754.667,3657.417,3631.444,4211.000,3360.889,3705.833,3340.833,3388.083,3604.111
4553.120,4677.600,4918.500,3863.583,3818.583,5930.583,6750.250,3657.000,3627.556,4259.667,3320.778,3709.500,3202.167,3382.333,3605.778
4548.160,4667.200,4947.750,3811.917,3854.500,6251.167,6814.917,3684.500,3634.667,4263.111,3276.222,3644.500,3319.500,3368.250,3585.556
4545.680,4657.750,4940.500,3810.667,3822.083,6364.750,6718.417,3656.250,3667.222,4239.556,3307.222,3734.000,3324.500,3349.917,3569.778
4610.640,4635.100,4910.900,3803.250,3850.667,6195.417,6763.000,3648.500,3642.556,4263.000,3294.667,3745.500,3290.000,3403.833,3620.778
4603.800,4643.750,4919.300,3815.917,3855.250,6103.500,6688.500,3673.000,3661.444,4251.333,3291.000,3683.667,3308.000,3399.583,3572.222
4593.800,4698.600,4901.300,3826.167,3875.000,6059.750,6758.667,3634.917,3627.111,4235.667,3244.000,3740.333,3326.500,3369.167,3579.889
4560.800,4685.350,4902.100,3822.750,3863.000,5956.500,6717.250,3620.667,3571.778,4273.889,3288.667,3741.500,3336.000,3395.833,3604.667
4562.160,4676.750,4913.750,3807.583,3865.250,5978.083,6686.500,3675.750,3610.000,4286.667,3276.444,3670.833,3294.333,3391.167,3572.111
4563.800,4658.350,4912.400,3806.083,3836.417,5922.000,6665.417,3638.000,3622.889,4223.889,3277.778,3722.167,3309.667,3368.667,3578.778
4572.520,4639.500,4903.850,3796.417,3842.250,5891.500,6694.667,3657.583,3579.889,4231.222,3273.222,3669.500,3326.333,3382.083,3584.000
4557.840,4668.000,4876.250,3798.500,3831.500,5881.167,6743.167,3625.917,3632.667,4259.000,3283.556,3762.000,3318.667,3372.167,3572.333
4559.680,4650.850,4960.100,3826.500,3835.167,5931.583,6688.333,3671.750,3616.556,4227.000,3247.778,3732.500,3283.333,3363.417,3581.333
4552.080,4698.650,4931.000,3804.000,3870.917,5900.250,6682.500,3701.583,3652.889,4239.333,3255.778,3742.833,3332.833,3375.083,3574.667
4531.400,4676.650,4897.200,3784.000,3821.583,5832.333,6637.000,3668.500,3619.111,4215.556,3243.667,3740.333,3346.167,3359.500,3570.889
4544.040,4664.750,4911.050,3789.917,3833.250,5826.583,6705.750,3656.917,3582.778,4205.000,3295.778,3788.333,3303.833,3396.750,3547.778
4571.800,4652.900,4922.900,3766.333,3867.167,5860.000,6683.167,3671.000,3642.667,4221.778,3307.333,3737.333,3337.333,3387.583,3532.333
4533.680,4643.850,4946.950,3797.000,3818.333,5812.333,6729.417,3669.000,3636.222,4191.000,3284.556,3774.500,3308.667,3332.000,3570.000
4558.200,4653.650,4945.750,3793.500,3833.750,5862.083,6726.250,3652.833,3588.778,4205.222,3297.667,3781.667,3317.000,3344.667,3533.556
4549.200,4641.950,4908.550,3779.417,3866.500,5837.667,6715.750,3673.333,3653.556,4187.556,3266.667,3764.333,3313.833,3376.417,3582.000
4571.560,4651.000,4870.750,3809.000,3847.083,5811.750,6585.917,3670.000,3649.222,4214.222,3293.333,3741.833,3313.167,3377.750,3581.000
4572.160,4615.350,4899.600,3833.917,3825.417,5791.417,6593.500,3687.833,3602.556,4212.000,3291.889,3765.000,3326.500,3360.500,3557.556
4510.400,4690.750,4929.450,3794.583,3853.417,5864.417,6644.083,3657.417,3660.111,4232.222,3337.333,3782.333,3314.333,3357.917,3569.333
4534.640,4656.950,4928.850,3792.667,3853.750,5770.667,6638.250,3642.667,3626.889,4244.222,3378.667,3753.000,3280.500,3362.083,3558.333
4566.760,4641.100,4945.450,3746.417,3859.500,5786.250,6607.750,3685.667,3585.444,4206.667,3331.333,3682.000,3344.167,3376.750,3574.556
4529.440,4634.250,4882.500,3786.417,3855.750,5759.333,6627.500,3628.167,3584.000,4226.333,3358.778,3737.333,3316.500,3423.333,3599.778
4508.840,4634.650,4934.900,3779.000,3828.500,5766.333,6622.167,3699.750,3602.333,4223.222,3322.222,3669.167,3326.167,3373.750,3558.222
4491.800,4645.750,4895.400,3797.583,3818.583,5760.083,6552.083,3678.750,3616.889,4245.000,3357.889,3728.333,3302.000,3405.500,3575.667
4559.080,4618.800,4899.600,3777.500,3857.000,5838.083,6611.250,3650.917,3612.222,4210.222,3337.778,3728.833,3326.000,3398.583,3530.111
4518.720,4633.200,4894.400,3786.583,3847.417,5851.750,6593.583,3666.000,3626.222,4268.889,3355.778,3798.500,3320.333,3362.833,3583.778
4527.760,4612.650,4937.050,3782.167,3843.250,5848.917,6607.833,3609.667,3606.889,4223.889,3359.000,3770.500,3351.000,3378.917,3582.222
4527.640,4625.250,4897.950,3785.583,3877.917,5755.167,6530.000,3648.583,3612.667,4222.778,3305.667,3753.500,3349.833,3417.333,3591.556
4479.560,4651.700,4946.450,3788.667,3859.333,5766.333,6515.500,3659.083,3640.667,4211.889,3351.667,3796.500,3313.500,3370.583,3607.222
4499.280,4682.250,4926.850,3774.083,3870.917,5791.833,6534.500,3687.917,3636.667,4226.778,3328.556,3756.333,3271.333,3362.500,3581.889
4515.520,4642.800,4906.250,3754.667,3832.750,5807.750,6522.000,3675.583,3600.111,4207.778,3336.111,3831.000,3316.500,3343.667,3566.111
4514.880,4632.650,4891.350,3769.917,3833.167,5756.583,6528.250,3644.500,3640.333,4240.556,3328.778,3854.500,3303.667,3369.583,3595.889
4547.480,4604.350,4914.550,3793.167,3849.083,5795.750,6547.917,3641.250,3625.222,4316.444,3336.556,3848.000,3286.000,3397.250,3612.111
4563.440,4656.350,4934.100,3798.833,3828.750,5805.667,6547.917,3681.667,3651.111,4212.556,3308.667,3800.667,3345.667,3382.250,3560.000
4511.960,4633.200,4921.600,3796.167,3840.250,5774.333,6598.333,3627.167,3600.667,4210.889,3335.444,3828.167,3309.833,3333.583,3586.667
4511.800,4664.650,4883.800,3816.833,3864.250,5745.500,6462.167,3665.417,3587.222,4230.889,3300.444,3826.000,3308.000,3379.750,3572.444
4538.960,4629.900,4924.500,3853.000,3863.583,5830.333,6545.250,3631.917,3602.000,4186.333,3322.778,3810.500,3310.500,3365.667,3530.111
4518.280,4627.950,4918.300,3759.417,3861.833,5765.500,6516.667,3651.333,3597.444,4230.111,3351.889,3815.833,3312.667,3355.833,3554.778
4514.480,4639.150,4960.400,3793.583,3869.083,5758.167,6512.750,3686.500,3593.333,4193.000,3308.111,3768.833,3249.333,3390.583,3567.667
4497.440,4656.250,4939.650,3828.583,3843.750,5759.333,6511.667,3651.917,3635.111,4221.889,3338.778,3821.500,3318.833,3375.167,3576.000
4529.320,4620.400,4916.350,3838.000,3848.417,5763.583,6574.333,3635.667,3592.000,4235.111,3285.000,3784.500,3294.833,3392.333,3567.333
4532.120,4628.450,4911.350,3839.583,3835.083,5762.500,6579.333,3681.833,3617.000,4193.778,3292.556,3816.333,3254.333,3368.500,3537.889
4499.040,4652.450,4952.050,3829.000,3860.417,5774.167,6527.833,3616.000,3596.111,4234.667,3333.444,3796.333,3301.667,3384.833,3526.222
4500.480,4629.700,4938.850,3831.083,3847.500,5755.833,6504.833,3677.250,3601.444,4245.889,3293.111,3763.000,3310.333,3385.250,3589.111
4495.640,4616.200,4932.300,3835.083,3812.583,5782.167,6447.000,3642.917,3607.778,4202.444,3380.889,3724.833,3289.500,3379.167,3522.111
4498.560,4623.950,4901.250,3800.917,3821.083,5741.167,6530.250,3630.000,3621.889,4182.222,3294.667,3738.167,3309.667,3381.667,3549.556
4545.440,4631.000,4923.400,3784.000,3867.167,5754.917,6515.583,3668.000,3593.222,4229.000,3309.111,3790.000,3303.167,3363.667,3550.667
4513.480,4617.500,4939.500,3855.000,3847.417,5755.750,6528.167,3637.833,3619.444,4194.556,3303.556,3743.667,3311.000,3332.250,3561.778
4495.720,4606.000,4915.000,3808.583,3827.833,5708.000,6497.000,3651.667,3565.222,4224.778,3291.000,3786.833,3395.333,3402.417,3543.444
4509.880,4626.100,4911.550,3792.667,3847.750,5641.583,6509.250,3634.417,3620.111,4233.111,3312.222,3789.000,3335.833,3408.417,3557.333
4502.160,4617.900,4940.750,3765.500,3834.667,5684.917,6432.250,3625.833,3620.444,4234.000,3304.111,3852.667,3299.667,3391.750,3538.222
4518.120,4604.450,4933.600,3745.583,3820.000,5753.583,6491.167,3628.833,3631.222,4203.889,3307.444,3793.000,3294.667,3371.167,3539.889
4512.200,4666.850,4891.700,3782.333,3875.833,5667.000,6504.833,3646.500,3628.667,4222.333,3303.889,3807.167,3332.000,3372.333,3547.000
4498.400,4672.200,4932.000,3750.333,3801.167,5741.917,6491.583,3628.583,3571.778,4192.222,3353.889,3791.000,3300.333,3348.667,3556.778
4504.640,4637.000,4896.300,3839.583,3842.250,5712.583,6423.500,3644.500,3636.111,4220.778,3315.667,3780.500,3298.500,3364.167,3616.778
4521.120,4625.700,4905.500,3801.417,3847.500,5710.083,6472.500,3637.667,3591.222,4216.889,3259.444,3823.500,3281.333,3366.667,3484.889
4479.040,4642.100,4880.550,3756.333,3828.333,5755.250,6435.500,3617.000,3604.667,4268.778,3286.111,3720.333,3294.333,3352.917,3562.889
4507.920,4653.400,4957.400,3814.000,3833.000,5713.000,6451.583,3613.083,3581.000,4202.222,3328.667,3769.000,3316.667,3381.250,3471.111
4482.600,4619.000,4868.300,3830.833,3798.083,5692.167,6447.417,3628.500,3658.222,4232.889,3288.333,3793.333,3278.000,3351.500,3554.778
4509.000,4626.700,4916.400,3768.583,3864.000,5709.333,6439.500,3647.250,3620.889,4218.444,3289.889,3836.667,3339.333,3378.167,3533.667
4441.840,4619.200,4902.500,3799.417,3833.750,5677.250,6379.083,3616.333,3591.667,4200.333,3276.444,3818.167,3336.833,3369.083,3549.556
4500.880,4655.900,4913.050,3819.083,3846.417,5686.917,6477.583,3659.083,3628.667,4253.556,3295.000,3797.500,3290.167,3359.000,3527.889
4457.800,4623.050,4899.100,3806.917,3864.167,5718.000,6444.917,3640.667,3627.111,4151.222,3301.000,3774.667,3333.667,3373.167,3526.889
4463.320,4653.650,4905.400,3844.000,3877.833,5732.333,6378.167,3664.083,3627.111,4205.444,3293.222,3740.000,3307.667,3361.083,3557.667
4445.120,4641.550,4878.900,3732.417,3807.833,5715.250,6399.083,3644.583,3589.333,4279.222,3306.333,3774.667,3292.667,3388.750,3548.556
4427.400,4618.550,4852.050,3810.750,3818.833,5752.667,6358.583,3638.250,3613.556,4230.667,3306.333,3793.833,3307.667,3399.000,3566.444
4466.160,4614.500,4915.000,3777.250,3834.167,5737.333,6295.500,3637.417,3626.000,4203.889,3257.111,3787.500,3317.167,3390.833,3537.556
4624.920,4585.500,4889.550,3793.167,3833.167,5900.250,6381.500,3652.333,3678.889,4236.000,3262.111,3776.500,3306.167,3412.417,3578.222
4594.640,4653.150,4884.800,3827.167,3846.167,5908.917,6405.250,3621.000,3577.667,4181.444,3294.778,3778.833,3257.167,3389.000,3553.000
4553.800,4620.450,4908.650,3847.333,3829.000,5791.667,6331.833,3649.000,3613.222,4242.222,3307.444,3794.667,3289.000,3419.167,3542.333
4524.600,4622.600,4901.000,3810.417,3888.000,5824.750,6395.333,3644.083,3592.444,4188.889,3252.778,3720.500,3326.000,3385.250,3544.556
4556.320,4638.700,4879.900,3836.583,3869.667,5790.083,6401.500,3636.583,3630.111,4219.444,3304.000,3720.667,3380.667,3380.333,3571.778
4570.000,4607.100,4857.500,3796.417,3816.417,5789.250,6310.750,3677.167,3585.778,4231.778,3303.111,3775.500,3360.000,3350.333,3556.444
4544.720,4590.850,4868.850,3774.583,3788.083,5780.500,6296.000,3622.083,3614.778,4253.778,3260.333,3793.000,3302.333,3364.083,3545.778
4674.320,4574.850,4863.100,3784.583,3859.250,5772.833,6333.917,3644.333,3588.111,4186.889,3259.111,3854.167,3312.333,3370.917,3549.111
4646.480,4611.500,4882.000,3799.917,3829.583,5782.167,6297.500,3631.583,3630.778,4215.444,3258.222,3789.500,3380.667,3364.250,3538.556
4574.440,4631.900,4881.350,3772.750,3815.917,5819.833,6386.667,3638.833,3592.667,4241.111,3327.000,3779.833,3292.333,3345.750,3579.222
4598.440,4642.050,4878.400,3799.833,3819.000,5765.667,6323.917,3641.333,3613.222,4215.889,3266.667,3757.667,3313.333,3361.833,3518.556
4559.080,4586.300,4871.350,3791.833,3847.000,5721.000,6344.833,3628.750,3590.556,4245.667,3302.889,3777.667,3296.833,3374.583,3510.444
4548.160,4627.250,4843.700,3802.833,3836.667,5791.667,6319.167,3624.000,3564.000,4250.111,3242.444,3732.333,3269.000,3345.833,3601.667
4564.880,4602.400,4892.450,3817.333,3865.000,5737.583,6336.000,3630.333,3601.111,4228.444,3265.889,3757.333,3300.500,3383.500,3553.222
4575.240,4636.850,4886.100,3790.833,3865.750,5758.750,6378.667,3621.500,3604.667,4200.222,3254.778,3762.667,3322.500,3334.167,3541.000
4540.320,4580.500,4889.700,3828.917,3877.167,5735.250,6404.167,3623.583,3580.333,4265.778,3275.667,3732.500,3330.500,3333.750,3551.889
4527.080,4627.700,4877.750,3786.500,3830.000,5748.667,6350.500,3614.000,3607.000,4217.778,3270.000,3753.500,3311.000,3335.750,3559.333
4491.600,4666.450,4898.550,3786.667,3824.750,5718.167,6425.083,3614.000,3619.444,4210.556,3299.000,3803.333,3295.833,3371.417,3491.556
4516.160,4605.100,4888.000,3776.250,3834.917,5735.083,6412.417,3631.583,3617.667,4188.222,3305.111,3764.667,3321.500,3323.167,3549.000
4506.360,4617.850,4890.450,3791.583,3849.667,5700.083,6328.667,3633.333,3556.333,4233.444,3276.889,3780.333,3275.500,3321.333,3512.667
4537.040,4592.650,4894.750,3771.917,3824.667,5705.417,6321.500,3640.333,3622.000,4265.444,3284.000,3784.500,3247.333,3315.250,3492.333
4514.360,4615.050,4876.400,3782.667,3806.250,5763.833,6377.000,3661.167,3584.333,4233.444,3274.333,3743.833,3282.667,3371.750,3500.111
4510.600,4610.100,4875.050,3813.667,3817.083,5768.833,6410.583,3653.417,3563.222,4227.444,3313.111,3746.000,3352.500,3344.917,3548.556
4561.280,4622.050,4866.900,3747.667,3817.750,5754.167,6327.917,3634.750,3593.333,4170.667,3323.889,3737.833,3276.000,3352.250,3556.444
4541.200,4605.550,4850.650,3806.083,3852.917,5745.917,6318.167,3662.417,3623.556,4219.444,3377.000,3735.000,3310.000,3337.667,3522.889
4531.720,4615.450,4866.100,3764.000,3858.833,5740.417,6332.917,3624.250,3581.778,4208.333,3341.778,3763.833,3297.000,3327.583,3521.333
4574.040,4602.150,4873.000,3747.583,3797.083,5752.583,6309.500,3636.000,3567.222,4221.222,3327.111,3760.500,3260.833,3380.583,3569.556
4551.560,4648.200,4844.650,3785.833,3840.167,5732.917,6264.500,3615.667,3580.000,4201.333,3329.556,3759.500,3277.500,3372.333,3548.556
4561.160,4613.150,4857.600,3780.500,3797.167,5726.500,6308.333,3610.333,3597.444,4207.889,3301.444,3739.333,3323.167,3370.500,3540.444
4614.840,4601.000,4851.450,3743.417,3861.667,5758.083,6276.917,3643.500,3601.444,4160.000,3325.556,3687.833,3282.000,3352.083,3530.556
4998.480,4615.700,4821.700,3758.583,3856.583,6231.583,6383.333,3628.583,3632.778,4156.889,3282.000,3733.833,3327.000,3337.667,3563.000
4897.520,4591.500,4879.950,3774.500,3829.417,6123.750,6383.750,3595.833,3636.556,4206.111,3303.889,3767.000,3282.167,3358.167,3538.000
4820.160,4593.550,4849.600,3781.917,3829.167,6105.083,6321.833,3613.833,3601.556,4211.667,3322.889,3751.333,3313.333,3345.500,3571.000
4761.080,4570.850,4866.000,3747.083,3800.417,5972.333,6320.833,3646.250,3573.000,4192.111,3310.556,3729.833,3321.667,3369.667,3514.556
4722.840,4613.850,4832.650,3773.417,3872.333,5898.417,6327.083,3592.417,3587.667,4141.889,3266.778,3772.167,3324.833,3327.250,3510.667
4761.240,4608.300,4843.000,3765.333,3810.083,5951.750,6356.750,3639.167,3593.444,4169.222,3277.333,3747.333,3286.833,3415.583,3549.222
4719.480,4586.450,4805.250,3771.917,3838.500,5919.917,6326.333,3599.500,3625.556,4189.111,3271.889,3726.667,3337.000,3340.083,3548.000
4669.800,4586.850,4834.950,3784.500,3829.667,5854.167,6257.500,3638.083,3623.889,4202.889,3245.444,3759.000,3333.000,3365.417,3515.444
4688.320,4596.400,4859.150,3784.583,3835.167,5934.500,6329.583,3629.583,3615.222,4148.444,3292.444,3716.167,3326.500,3370.500,3561.333
4683.600,4586.450,4849.500,3802.167,3812.333,5923.500,6325.583,3602.167,3567.444,4174.111,3286.778,3764.833,3273.167,3358.167,3532.333
4653.240,4596.800,4828.850,3759.833,3798.500,5899.250,6325.167,3600.083,3589.444,4136.889,3299.000,3765.500,3377.833,3399.500,3488.556
4636.320,4572.650,4869.400,3718.083,3831.750,5860.583,6359.667,3640.750,3580.889,4187.667,3284.444,3706.500,3315.833,3386.417,3544.556
4566.920,4569.550,4850.250,3687.750,3858.917,5859.250,6340.583,3598.917,3589.000,4151.444,3284.667,3744.333,3270.167,3383.250,3533.444
4596.920,4581.450,4873.300,3714.417,3819.583,5886.667,6319.083,3616.917,3611.000,4158.667,3340.889,3750.000,3284.167,3362.583,3546.444
4624.160,4608.600,4818.450,3711.333,3856.000,5841.000,6302.667,3630.083,3585.778,4180.444,3270.333,3695.000,3312.667,3349.167,3574.111
4607.600,4571.900,4831.200,3767.417,3838.250,5823.750,6290.833,3580.250,3629.222,4178.667,3310.111,3723.333,3314.667,3344.583,3538.444
4604.200,4578.700,4839.050,3734.250,3825.333,5821.583,6236.250,3627.500,3614.000,4169.556,3281.444,3758.667,3283.167,3373.000,3577.778
4571.520,4592.950,4821.750,3773.833,3822.083,5724.833,6299.500,3590.167,3596.556,4175.556,3303.778,3736.333,3317.833,3387.000,3557.667
4789.440,4599.150,4801.650,3757.083,3826.333,5831.583,6267.750,3608.167,3619.667,4188.556,3332.889,3692.167,3318.500,3355.500,3546.333
4762.360,4592.000,4800.700,3722.500,3832.750,5867.750,6145.750,3611.083,3619.000,4160.222,3300.444,3722.667,3327.167,3327.250,3543.778
4690.880,4575.600,4811.400,3743.583,3830.667,5901.250,6262.000,3653.083,3619.778,4148.111,3281.778,3745.333,3312.000,3373.000,3554.333
4682.480,4594.500,4814.500,3759.000,3839.750,5917.250,6207.667,3619.250,3585.889,4121.000,3293.667,3702.000,3294.167,3398.583,3554.444
4639.200,4623.300,4820.000,3742.333,3829.667,5891.750,6206.333,3657.083,3617.778,4156.111,3252.333,3721.333,3278.000,3354.083,3576.444
4632.440,4572.150,4792.900,3752.083,3826.167,5852.667,6230.917,3624.833,3612.667,4193.444,3286.444,3777.000,3299.500,3401.417,3563.667
4642.640,4554.700,4834.500,3721.000,3836.167,5868.417,6189.917,3626.500,3617.667,4182.222,3247.889,3742.000,3320.500,3382.917,3540.778
4970.640,4594.000,4797.700,3754.833,3856.333,5963.167,6198.833,3611.000,3641.222,4167.333,3252.778,3718.833,3292.667,3379.083,3565.667
4916.640,4628.100,4812.050,3751.583,3805.417,5958.583,6179.417,3616.000,3575.889,4140.333,3296.444,3765.833,3258.667,3413.000,3529.000
4829.080,4567.550,4829.600,3750.500,3831.250,5921.583,6195.500,3635.833,3572.667,4170.333,3252.778,3698.833,3334.833,3357.833,3577.667
4795.320,4627.650,4801.150,3754.583,3821.583,5865.250,6180.917,3603.250,3589.556,4103.111,3248.111,3723.333,3328.333,3355.333,3526.889
4770.200,4580.400,4793.450,3772.333,3807.583,5895.083,6218.167,3614.000,3622.222,4186.111,3295.778,3710.167,3270.500,3366.917,3529.778
4728.280,4592.450,4793.650,3766.583,3820.667,5814.167,6224.417,3572.417,3596.333,4147.000,3254.000,3743.500,3314.833,3356.167,3551.222
4765.520,4570.250,4820.750,3774.583,3787.583,5819.167,6099.000,3612.667,3606.111,4166.444,3266.556,3718.667,3277.833,3398.750,3544.000
4737.480,4558.850,4803.450,3783.917,3803.917,5873.000,6130.417,3633.833,3600.333,4110.444,3274.667,3737.167,3289.333,3364.417,3535.333
4747.920,4593.200,4814.500,3785.083,3751.833,5796.417,6129.000,3593.417,3617.778,4123.222,3304.556,3710.167,3307.500,3406.583,3496.667
4705.080,4584.800,4806.500,3781.917,3815.667,5766.333,6210.167,3600.500,3558.889,4151.111,3243.111,3711.667,3299.000,3366.833,3577.556
4725.040,4547.450,4811.350,3770.917,3838.083,5744.750,6159.833,3593.583,3597.778,4078.333,3294.111,3671.667,3335.500,3356.000,3527.000
4672.480,4549.550,4800.450,3753.250,3846.167,5733.833,6143.417,3599.417,3591.000,4161.667,3305.667,3678.833,3291.333,3396.167,3553.556
4670.120,4583.150,4765.450,3753.083,3801.083,5746.250,6159.333,3595.167,3576.778,4105.444,3259.333,3682.500,3286.833,3371.667,3517.000
4612.200,4572.250,4794.850,3763.500,3798.250,5776.667,6144.167,3588.167,3590.889,4103.778,3263.222,3728.833,3288.167,3381.667,3528.556
4569.560,4564.350,4771.150,3722.917,3778.667,5791.500,6093.833,3567.667,3633.000,4129.444,3288.889,3688.833,3288.500,3398.667,3496.556
4594.360,4547.700,4773.500,3709.667,3782.833,5746.750,6094.500,3602.917,3617.444,4148.000,3224.111,3669.000,3335.500,3362.583,3525.778
4585.520,4573.150,4739.200,3731.583,3826.083,5729.750,6154.083,3600.083,3553.667,4180.444,3215.889,3761.333,3395.500,3387.000,3540.778
4588.200,4594.200,4731.550,3728.833,3811.667,5695.583,6117.750,3594.083,3585.000,4164.222,3238.444,3700.333,3333.333,3413.083,3541.111
4581.160,4528.100,4778.650,3689.917,3816.833,5758.583,6198.500,3561.833,3576.111,4160.667,3206.000,3786.833,3277.833,3369.333,3525.778
4676.240,4566.550,4774.650,3716.917,3806.250,5748.500,6122.500,3606.917,3598.778,4149.778,3235.556,3849.500,3309.167,3347.917,3501.889
4846.400,4568.450,4788.800,3698.917,3815.250,5835.167,6144.583,3586.417,3583.778,4125.444,3215.222,3798.000,3295.333,3384.667,3528.778
5125.160,4513.100,4732.150,3689.417,3831.417,6025.333,6315.833,3611.167,3617.222,4101.333,3234.000,3770.500,3285.333,3410.417,3545.000
5050.800,4555.100,4777.200,3699.583,3806.917,5971.333,6277.750,3577.583,3575.222,4103.000,3239.778,3787.667,3300.667,3393.833,3485.111
4957.680,4542.900,4759.500,3655.250,3804.083,5961.750,6244.083,3613.500,3592.444,4111.111,3242.333,3751.500,3270.833,3389.583,3536.222
5397.440,4555.950,4768.100,3686.833,3816.417,6389.083,6380.333,3584.833,3558.222,4112.111,3214.111,3673.667,3248.500,3338.750,3544.556
5520.600,4537.750,4775.300,3684.500,3861.167,6554.167,6526.417,3551.333,3585.556,4142.556,3228.889,3670.500,3286.500,3401.583,3547.556
5408.280,4550.850,4762.650,3715.833,3816.583,6360.250,6522.167,3593.583,3592.889,4113.667,3272.889,3671.000,3273.667,3382.583,3446.556
5332.280,4567.900,4775.900,3675.667,3832.750,6250.583,6501.583,3567.250,3567.333,4126.222,3250.556,3716.000,3246.667,3384.417,3492.111
5170.480,4551.100,4747.050,3669.250,3806.250,6174.167,6357.083,3592.667,3604.222,4122.111,3240.111,3685.667,3279.333,3423.583,3514.444
5108.640,4525.000,4761.200,3655.583,3808.500,6153.917,6326.417,3584.083,3614.444,4111.000,3193.000,3686.000,3274.000,3364.500,3521.444
5436.080,4566.900,4766.300,3693.167,3810.250,6293.333,6411.583,3590.917,3551.444,4179.333,3233.778,3746.833,3305.500,3357.083,3517.111
7063.000,4591.150,4739.750,3659.500,3845.667,7964.417,7148.917,3576.917,3592.778,4118.111,3246.889,3680.167,3266.500,3365.833,3539.444
7992.120,4672.800,4778.850,3657.167,3835.167,9200.667,8735.083,3571.917,3631.333,4121.556,3255.778,3689.500,3321.500,3381.750,3513.667
7925.440,4691.350,4760.150,3655.833,3800.917,9305.750,9819.250,3587.500,3590.667,4087.444,3232.000,3699.167,3246.500,3386.250,3559.333
7934.040,4661.600,4769.950,3679.250,3779.583,9413.917,11497.500,3566.250,3570.667,4116.556,3264.222,3754.667,3284.167,3364.583,3520.333
7649.000,4640.650,4736.600,3656.250,3795.167,9088.500,11700.833,3538.333,3618.444,4113.222,3255.667,3743.333,3261.667,3380.000,3536.333
7369.040,4615.000,4720.900,3686.250,3801.667,8723.583,11155.750,3562.750,3601.444,4110.667,3281.667,3676.833,3238.000,3372.083,3549.889
7585.200,4636.000,4721.700,3695.917,3808.917,8794.833,11133.333,3557.167,3592.222,4121.000,3288.333,3723.500,3271.333,3367.083,3500.333
7449.320,4613.800,4718.150,3703.500,3811.167,8648.750,10783.000,3569.500,3577.333,4151.444,3243.889,3709.000,3317.500,3404.667,3503.111
7385.320,4643.650,4748.900,3672.083,3788.333,8350.667,10442.167,3548.417,3588.556,4185.333,3266.667,3672.667,3255.167,3352.667,3475.444
7807.720,4617.200,4728.250,3703.750,3764.667,8740.333,10912.583,3576.000,3564.889,4141.000,3256.222,3720.333,3277.500,3334.917,3494.111
7547.160,4637.650,4778.600,3688.083,3802.500,8517.250,10723.083,3570.417,3567.333,4122.111,3279.000,3690.500,3281.833,3384.500,3512.000
7290.280,4619.350,4741.050,3668.417,3804.333,8269.917,10518.000,3603.667,3615.889,4138.111,3262.333,3665.000,3328.667,3375.083,3551.333
7086.320,4604.000,4761.150,3669.750,3763.167,7998.333,10186.583,3560.750,3602.222,4087.556,3284.889,3740.333,3305.167,3421.667,3494.000
7147.240,4616.500,4722.500,3638.583,3791.583,7924.750,10048.750,3532.333,3603.556,4115.556,3266.222,3697.833,3269.167,3391.333,3513.556
8514.640,4621.500,4746.300,3642.167,3768.333,9276.500,11161.000,3559.000,3570.333,4094.667,3292.333,3678.167,3283.333,3357.917,3489.889
8752.400,4632.950,4723.950,3657.917,3753.333,9856.417,11824.500,3559.167,3602.667,4091.444,3287.222,3662.833,3251.000,3382.750,3503.333
8428.960,4634.700,4711.550,3630.583,3764.000,9404.917,11603.417,3565.333,3605.222,4126.000,3229.778,3655.333,3287.500,3386.167,3481.333
8963.080,4673.150,4736.500,3685.250,3752.833,9812.167,11694.000,3543.250,3576.667,4112.222,3273.778,3667.333,3247.500,3394.583,3544.222
9346.760,4695.750,4744.250,3760.917,3782.083,10337.667,12361.000,3565.250,3587.778,4081.556,3245.222,3732.667,3232.833,3364.750,3479.556
8972.200,4664.750,4717.050,3726.833,3771.833,9921.833,12066.917,3574.583,3570.444,4082.778,3242.222,3690.000,3290.667,3343.750,3545.889
8665.920,4662.700,4711.700,3743.333,3778.000,9488.167,11721.500,3568.083,3583.444,4056.889,3309.667,3648.000,3261.667,3365.417,3537.111
8399.520,4647.800,4740.950,3725.500,3775.083,9210.917,11468.500,3588.500,3563.444,4112.667,3279.778,3667.833,3307.667,3366.667,3477.222
8117.120,4648.900,4716.850,3712.667,3794.583,8934.250,11263.500,3604.167,3579.667,4123.333,3249.889,3661.833,3299.000,3366.167,3577.778
8666.120,4676.250,4740.850,3712.583,3799.417,9230.083,11530.167,3581.417,3541.556,4178.222,3234.556,3661.500,3291.167,3351.167,3500.667
8848.680,4657.050,4723.050,3674.250,3761.500,9561.917,12110.417,3553.583,3536.667,4098.778,3247.111,3670.167,3260.833,3377.917,3565.222
8667.640,4669.000,4698.200,3638.000,3753.750,9272.500,11933.083,3549.000,3615.889,4149.000,3244.889,3694.833,3245.500,3369.000,3549.889
10005.240,4672.800,4704.200,3655.750,3754.250,11090.833,13305.250,3567.083,3578.222,4093.222,3232.444,3658.667,3218.500,3385.417,3531.000
11339.960,4978.600,4695.300,3640.333,3769.000,13790.083,16073.667,3584.083,3575.556,4098.667,3260.778,3671.167,3267.667,3457.667,3612.556
11051.120,5018.900,4715.650,3663.750,3728.500,13371.500,16901.666,3621.500,3609.333,4146.667,3234.222,3904.833,3231.333,3500.833,3601.778
10613.400,4933.750,4720.250,3614.917,3817.250,12684.167,16158.000,3573.583,3577.556,4122.667,3198.444,3960.500,3234.833,3453.750,3635.667
10526.240,4908.850,4671.200,3641.083,3767.333,12256.333,15964.583,3572.083,3580.778,4122.778,3233.667,3898.000,3223.000,3460.167,3592.333
10247.640,4870.500,4733.800,3645.500,3771.667,11829.333,15570.333,3561.250,3556.000,4103.556,3216.444,3840.333,3267.167,3444.000,3574.778
9971.200,4832.400,4688.500,3662.500,3826.250,11343.250,15012.250,3568.750,3596.556,4086.111,3231.333,3795.500,3302.833,3424.583,3567.222
10798.840,4851.350,4696.650,3595.083,3751.417,12338.833,15493.500,3569.583,3549.000,4114.222,3241.222,3842.833,3254.167,3400.833,3575.778
10703.360,4814.900,4733.000,3640.500,3800.583,12283.083,16017.250,3615.167,3583.111,4073.444,3238.222,3847.333,3250.333,3404.083,3536.667
10278.600,4802.900,4728.400,3623.500,3777.833,11882.167,15543.667,3580.083,3570.556,4112.000,3239.667,3790.833,3262.500,3441.167,3543.222
10093.600,4847.750,4651.150,3590.083,3783.083,11282.500,15093.500,3581.583,3589.222,4092.111,3232.000,3808.500,3240.833,3423.667,3579.778
10219.440,4805.100,4689.050,3627.500,3782.417,11166.417,14775.000,3592.167,3598.778,4077.889,3288.556,3823.500,3230.000,3425.917,3513.333
11255.360,4814.300,4673.850,3550.583,3776.250,12911.750,16754.084,3591.833,3592.667,4088.333,3224.333,3816.833,3248.000,3436.583,3533.667
11051.640,4834.750,4722.200,3633.083,3762.167,12678.167,16853.584,3593.500,3546.444,4059.333,3192.222,3829.667,3243.333,3430.583,3579.222
10816.560,4817.450,4659.050,3577.667,3776.250,12101.000,16246.000,3603.750,3546.667,4090.556,3197.778,3706.667,3245.333,3429.167,3571.000
12743.080,5014.950,4812.750,3577.000,3766.167,14752.333,18249.416,3616.917,3573.444,4043.111,3235.111,3766.667,3217.333,3467.583,3590.222
14730.240,5592.850,5766.950,3633.250,3747.750,17766.916,22164.250,4210.083,3627.000,4137.667,3244.667,3911.167,3288.333,3564.500,3724.222
14253.480,5761.750,5969.350,3645.917,3761.333,17204.666,23032.834,4558.667,3609.889,4108.111,3274.333,3966.167,3269.833,3563.500,3677.444
13640.080,5670.500,5818.400,3600.417,3731.167,16229.667,22065.084,4403.083,3632.667,4113.889,3252.667,3912.833,3295.833,3540.417,3683.556
13542.960,5565.750,5732.450,3605.083,3760.500,15797.333,21455.166,4287.417,3582.444,4083.556,3236.111,3882.833,3260.500,3546.667,3693.000
13627.640,5587.250,5635.850,3579.583,3776.000,15942.417,21713.084,4244.750,3572.444,4145.556,3246.667,3882.833,3225.833,3557.500,3654.444
13233.400,5483.250,5567.350,3611.667,3731.417,15191.000,20995.500,4173.417,3577.111,4084.333,3234.000,3910.500,3294.833,3528.583,3629.778
12709.200,5432.250,5480.100,3637.000,3751.667,14710.833,20664.834,4126.583,3533.444,4092.778,3255.889,3933.833,3286.167,3528.000,3640.444
13067.360,5384.400,5446.650,3671.333,3785.417,14646.750,20262.750,4112.333,3535.778,4088.889,3215.333,3844.667,3272.167,3521.250,3666.667
12645.400,5327.100,5339.450,3688.750,3763.083,14249.750,20067.750,4066.000,3601.000,4129.222,3253.222,3826.667,3275.333,3529.417,3649.778
12209.760,5300.500,5325.650,3642.000,3781.583,13702.333,19729.666,4047.667,3568.444,4139.222,3276.111,3874.000,3254.833,3507.583,3655.778
12473.560,5322.650,5268.900,3620.667,3789.500,13768.917,19297.750,4042.167,3582.778,4099.778,3255.556,3827.333,3287.833,3508.417,3651.667
12986.760,5305.500,5251.700,3612.833,3751.250,14401.167,19909.166,4043.333,3594.333,4112.778,3281.667,3843.000,3289.833,3490.833,3665.111
12535.800,5263.250,5213.350,3615.917,3778.583,13869.750,19217.750,3982.083,3532.444,4163.444,3264.222,3824.833,3252.833,3509.000,3640.667
12171.240,5245.200,5148.250,3641.417,3779.167,13339.250,19144.000,3987.083,3575.556,4109.667,3245.222,3870.167,3268.333,3499.000,3623.667
12454.960,5207.000,5124.200,3624.500,3753.583,13258.250,18888.084,3984.250,3587.889,4179.333,3264.222,3812.500,3265.667,3504.417,3596.222
12116.240,5163.800,5116.150,3630.167,3744.833,12979.750,18804.416,3970.833,3597.667,4124.778,3259.667,3807.000,3299.333,3460.333,3550.889
11844.160,5176.450,5028.700,3643.083,3790.500,12771.083,18257.250,3927.583,3554.111,4154.444,3256.444,3762.833,3239.500,3452.333,3570.000
11698.840,5123.300,5060.000,3609.000,3744.250,12540.750,18141.250,3928.083,3565.111,4159.889,3237.111,3726.833,3220.500,3463.417,3575.556
11998.680,5143.050,5022.350,3660.167,3715.333,12972.000,17904.416,3931.500,3570.556,4111.778,3252.111,3760.833,3255.000,3467.333,3571.222
11843.400,5110.250,5011.250,3657.083,3725.083,12774.667,17871.334,3850.750,3537.000,4121.556,3253.000,3807.167,3207.500,3486.333,3572.889
11516.800,5102.750,4969.100,3641.333,3732.417,12363.583,17577.584,3909.500,3578.333,4146.667,3199.778,3771.667,3258.333,3462.333,3573.778
12049.440,5057.050,4971.100,3655.667,3745.583,13037.750,17479.416,3893.417,3553.222,4075.000,3203.667,3796.667,3291.167,3485.833,3574.222
11932.440,5034.000,4968.300,3582.833,3711.083,12846.167,17790.250,3886.417,3604.889,4096.444,3214.222,3733.333,3255.333,3490.583,3573.778
11613.920,5063.350,4936.400,3647.667,3748.750,12466.167,17448.750,3874.583,3558.889,4026.778,3219.222,3801.500,3241.333,3450.667,3604.111
11273.360,5031.600,4904.800,3610.583,3753.250,12142.667,17267.334,3864.750,3527.222,4058.667,3234.889,3788.667,3234.000,3476.833,3600.667
11926.560,5015.750,4915.750,3574.750,3706.667,12598.500,17568.416,3839.500,3552.111,4031.667,3253.444,3766.500,3292.500,3468.333,3628.333
11743.920,5018.150,4899.750,3585.667,3778.417,12387.917,17346.166,3887.000,3594.778,4029.111,3204.889,3797.333,3252.667,3433.833,3634.556
11518.520,5019.900,4861.550,3539.333,3766.333,11946.750,17263.084,3830.750,3559.333,4065.333,3219.778,3769.000,3253.167,3458.667,3631.778
11457.680,5026.450,4889.450,3605.750,3726.000,11743.167,16906.916,3838.667,3548.889,4044.000,3244.889,3750.667,3288.500,3454.333,3590.333
12131.600,5030.500,4864.800,3600.583,3754.917,12904.667,17319.666,3813.250,3542.778,4061.556,3212.556,3713.167,3266.167,3442.917,3605.778
11809.960,4988.450,4833.650,3593.167,3740.583,12589.333,17093.334,3817.750,3573.222,4068.444,3232.667,3758.000,3244.000,3444.750,3568.444
11475.440,4996.700,4845.250,3592.917,3743.333,12287.000,16857.666,3798.250,3552.111,4064.444,3207.444,3684.167,3240.833,3460.583,3570.333
11604.680,5026.650,4865.250,3584.167,3717.583,12106.417,16662.750,3807.333,3525.444,4129.333,3199.556,3752.500,3259.500,3462.917,3563.556
12042.640,4999.450,4817.700,3643.500,3745.417,12843.833,17014.834,3803.500,3586.000,4128.222,3200.889,3802.667,3225.000,3430.333,3550.000
11748.840,5002.500,4856.050,3604.417,3743.000,12623.583,16814.416,3792.750,3583.333,4085.222,3220.556,3716.500,3211.833,3429.917,3541.111
11452.120,5024.150,4800.900,3635.750,3726.333,12153.667,16784.334,3785.083,3549.889,4090.667,3229.333,3688.833,3267.333,3435.917,3571.889
11491.080,4970.000,4810.350,3639.250,3754.250,11854.333,16619.834,3775.833,3564.778,4105.778,3206.333,3705.667,3201.500,3430.500,3513.222
11233.680,4942.850,4787.400,3605.583,3737.083,11419.083,16620.584,3768.667,3527.333,4112.667,3217.222,3777.500,3237.167,3448.917,3536.222
10920.560,5001.600,4806.650,3602.167,3723.833,11254.167,16173.333,3787.167,3575.222,4066.778,3215.556,3764.833,3268.667,3445.917,3553.222
10666.040,4974.100,4816.100,3563.000,3786.083,10914.750,16294.500,3782.917,3576.778,4067.000,3228.333,3775.167,3234.500,3465.750,3553.000
10545.920,5008.500,4845.950,3593.167,3751.000,10822.417,16159.417,3771.917,3571.444,4058.111,3220.889,3797.000,3237.833,3452.583,3545.111
10329.160,5050.100,4811.850,3624.750,3780.667,10683.083,16017.417,3738.750,3559.222,4090.000,3231.667,3773.000,3268.000,3425.833,3535.667
10099.520,5065.200,4825.100,3607.000,3760.333,10516.083,15881.083,3812.417,3596.667,4073.778,3220.444,3771.667,3273.500,3427.583,3496.444
9994.240,5007.300,4809.450,3608.083,3781.083,10483.000,15853.583,3755.583,3531.444,4044.111,3224.000,3749.833,3221.333,3433.750,3517.778
9880.520,5009.550,4810.000,3617.000,3813.583,10191.333,15675.917,3767.333,3592.444,4110.333,3231.889,3704.667,3295.000,3435.833,3534.667
9748.680,5000.900,4819.300,3611.500,3761.417,10135.417,15544.167,3738.583,3590.667,4072.111,3256.556,3720.500,3299.333,3439.250,3501.222
9782.720,5002.100,4845.150,3639.583,3767.333,10019.750,15389.500,3756.750,3548.889,4116.889,3292.556,3790.833,3243.167,3397.833,3514.778
9880.880,4995.950,4786.450,3640.500,3754.167,10149.167,15211.667,3734.833,3581.000,4081.111,3259.111,3825.000,3254.167,3475.167,3528.556
9681.400,4988.250,4826.100,3642.750,3736.667,9915.583,15071.000,3784.417,3557.778,4093.778,3353.889,3759.167,3299.333,3452.000,3507.778
9556.320,5045.000,4809.000,3631.667,3739.417,9778.833,14914.250,3762.833,3541.111,4059.000,3340.444,3790.333,3281.667,3451.167,3572.111
10182.640,5010.750,4845.700,3652.167,3750.083,10116.000,14839.083,3768.333,3576.444,4098.444,3336.444,3778.167,3263.000,3398.083,3525.556
9985.640,5031.650,4784.600,3691.000,3751.250,9937.500,14710.500,3736.333,3562.111,4076.556,3343.333,3808.667,3248.500,3442.333,3519.333
10012.760,5035.250,4757.400,3659.500,3788.417,9787.333,14648.667,3728.417,3573.778,4092.778,3319.111,3765.167,3259.333,3452.667,3513.667
11139.080,4982.100,4768.050,3629.750,3742.583,11116.333,15186.583,3771.083,3509.778,4035.222,3355.667,3742.667,3279.667,3462.417,3521.111
11283.600,4968.200,4813.400,3704.417,3741.000,11589.583,15859.833,3726.500,3527.889,4081.889,3273.778,3693.667,3282.667,3431.750,3528.222
10963.840,4988.400,4794.200,3694.000,3758.667,11145.917,15783.000,3757.750,3569.889,4080.444,3316.333,3748.000,3247.833,3447.750,3513.556
10671.360,4984.000,4790.600,3669.250,3760.750,10855.750,15388.167,3719.833,3522.222,4066.889,3363.667,3710.333,3271.500,3463.667,3505.444
10698.280,4998.150,4792.650,3691.000,3738.500,10999.750,15235.083,3727.917,3530.444,4094.222,3295.778,3798.833,3253.333,3475.250,3526.889
10420.720,4991.950,4774.100,3691.167,3762.667,10585.333,14958.250,3732.833,3555.778,4041.667,3300.556,3719.833,3264.333,3458.833,3535.333
10085.640,4992.750,4773.550,3678.500,3694.000,10306.583,14826.667,3742.250,3556.333,4065.667,3286.222,3708.500,3258.667,3436.333,3498.556
9944.120,5001.900,4790.350,3669.167,3770.500,10081.833,14577.417,3737.667,3555.333,4073.667,3290.333,3754.167,3249.167,3454.583,3535.556
9820.000,5014.750,4784.700,3723.667,3749.167,9940.417,14573.000,3736.833,3530.111,4112.000,3297.444,3746.833,3290.000,3450.917,3525.778
9568.160,4988.450,4793.200,3723.083,3768.750,9652.000,14351.750,3700.167,3568.444,4065.000,3303.778,3735.500,3247.833,3425.250,3516.222
9963.560,5016.950,4788.100,3720.000,3773.583,10156.167,14084.417,3739.583,3598.111,4079.111,3291.333,3717.667,3251.333,3457.417,3534.556
10440.200,4972.300,4804.450,3767.750,3765.333,10680.833,14670.583,3718.083,3555.778,4095.444,3267.667,3760.833,3248.500,3444.417,3492.889
10102.640,4971.450,4785.650,3690.833,3761.917,10292.583,14495.917,3746.917,3570.111,4090.111,3267.222,3704.000,3255.167,3439.583,3492.222
9917.480,4915.850,4803.350,3691.333,3737.583,9986.083,14174.833,3749.167,3525.444,4032.889,3253.444,3770.167,3309.000,3442.417,3521.667
10981.160,4945.900,4783.700,3720.417,3779.167,11350.750,15010.500,3757.750,3547.000,4091.556,3235.778,3762.167,3328.167,3424.583,3515.222
14019.000,5445.400,4784.350,3675.500,3712.583,15885.500,19159.750,3781.667,3518.889,4046.111,3274.778,3841.833,3360.333,3449.250,3566.778
16645.160,6494.200,4893.750,3655.750,3694.750,20341.666,24696.334,3705.917,3510.667,4085.000,3242.222,3822.000,3307.500,3485.833,3706.778
16611.641,7368.000,5780.500,3626.917,3739.417,20143.916,29358.334,3728.167,3558.000,4121.444,3275.333,3802.000,3345.333,3532.833,3993.556
16087.840,7904.500,6055.800,3630.750,3718.500,19274.584,31153.500,3738.333,3559.000,4145.778,3269.778,3840.000,3331.167,3603.917,4039.556
15271.960,7680.750,5878.950,3619.167,3726.750,18133.000,30850.416,3737.333,3544.222,4094.111,3272.222,3852.000,3273.167,3567.250,4061.111
14771.680,7352.550,5821.350,3661.583,3741.500,17256.416,30414.000,3721.250,3566.333,4065.222,3272.000,3781.500,3344.667,3537.250,4029.222
15509.520,7303.850,5689.450,3615.250,3771.333,18032.584,30373.916,3725.833,3559.000,4062.000,3261.000,3857.000,3332.000,3591.000,3998.111
18844.400,7806.400,6124.750,3665.417,3735.667,23063.084,31787.584,3867.583,3539.111,4123.111,3327.444,4031.667,3377.667,3655.667,4126.000
19656.320,9065.350,7295.400,4099.417,3857.250,24646.084,33274.500,4416.500,3553.333,4170.222,3315.000,4669.167,3446.000,3792.667,4426.222
18855.680,9885.300,7952.900,4145.167,3929.917,23235.750,33799.832,4798.250,3541.889,4214.444,3388.889,5020.333,3458.333,3846.250,4631.000
18013.039,9767.350,7669.150,4083.000,3841.833,22124.834,32537.416,4738.167,3557.222,4226.222,3315.444,4981.667,3475.833,3880.750,4630.000
17676.600,9397.750,7393.100,4062.333,3855.917,21170.916,32982.582,4638.500,3532.333,4230.889,3319.222,4819.000,3460.833,3840.333,4570.556
18858.119,9304.150,7260.000,4021.500,3848.833,22517.250,33214.332,4594.750,3573.444,4209.444,3271.222,4793.833,3387.500,3864.000,4567.333
19571.359,9667.200,7275.700,4008.833,3873.250,23695.250,33562.332,4762.833,3545.333,4197.222,3348.667,4892.833,3446.000,3912.500,4502.556
20284.721,10287.600,7691.750,4047.833,3863.500,25379.750,34267.918,5047.083,3525.333,4255.556,3359.333,5167.667,3500.167,4011.833,4567.111
19358.320,10329.050,7623.900,4026.667,3850.667,24248.250,34200.750,5091.583,3566.667,4238.778,3361.889,5319.000,3533.333,4000.500,4488.889
19507.961,10090.800,7467.650,4021.250,3907.750,23922.916,34005.418,4994.917,3552.333,4271.222,3313.556,5220.833,3471.000,4000.917,4482.222
21201.760,10443.900,7624.850,4125.917,3872.083,27285.166,34760.750,5129.917,3512.444,4252.889,3409.444,5439.000,3451.667,4040.167,4499.556
21233.480,11081.450,7996.800,4240.583,3925.250,26967.250,34675.250,5431.917,3596.889,4373.667,3363.889,5690.000,3574.500,4111.667,4596.556
20353.279,10798.250,7884.150,4207.417,3946.833,25672.250,34310.082,5405.000,3583.333,4411.222,3394.556,5668.333,3496.333,4121.917,4551.222
21433.480,10872.350,7909.350,4200.917,3942.750,27249.500,34500.668,5455.750,3566.333,4414.778,3369.222,5614.500,3511.000,4146.500,4479.111
21812.000,11884.650,8337.650,4270.250,3950.833,28334.250,34708.668,5796.583,3596.556,4484.778,3364.111,6072.833,3617.000,4315.500,4606.667
21707.480,12693.150,8885.500,4315.833,4012.083,27542.084,34985.168,6262.667,3585.444,4571.667,3381.556,6674.833,3647.000,4473.083,4776.667
21920.160,13553.850,9767.700,4390.917,4105.667,27974.584,35158.332,7017.917,3530.333,4707.889,3411.556,7416.500,3690.833,4634.500,5032.889
21262.641,13288.750,9928.050,4434.333,4058.583,27034.834,35176.582,7286.000,3616.222,4646.778,3425.556,7834.500,3651.167,4728.250,5143.444
21021.240,13030.050,9736.450,4418.917,4061.333,26585.334,34740.418,7173.333,3561.889,4647.667,3435.333,7658.333,3615.000,4772.333,4995.222
22247.320,13141.650,9757.700,4363.833,4071.667,28643.584,34875.500,7267.000,3561.444,4725.333,3417.000,7844.333,3744.000,4805.917,5127.333
22423.400,13560.300,10187.950,4347.500,4151.833,29418.916,35085.082,7944.167,3602.778,4838.444,3447.444,8321.833,3747.000,4992.833,5408.667
21653.240,13300.900,10031.850,4308.000,4160.750,28113.666,34760.832,7906.000,3611.667,4721.222,3483.333,8180.500,3744.000,4887.417,5331.667
20980.600,12934.000,9801.000,4298.583,4154.083,27081.500,34491.000,7752.250,3586.444,4721.556,3433.778,8135.500,3640.000,4848.500,5207.444
22123.279,13004.600,9759.350,4245.000,4133.500,29372.750,34941.082,7608.333,3606.667,4708.333,3469.667,8172.833,3620.333,4870.583,5169.444
23377.881,14099.350,10114.250,4269.333,4167.333,32184.334,35452.000,7790.917,3621.000,4784.000,3431.000,8334.667,3651.000,4876.833,5234.444
22941.199,15280.100,10892.400,4364.333,4213.750,31669.166,36064.832,8215.917,3621.667,4911.778,3480.667,8816.333,3786.000,5046.250,5524.778
23334.520,16556.750,11697.400,4459.250,4305.750,32329.834,36473.000,8869.667,3666.444,5141.444,3526.556,9464.000,3925.667,5241.750,6123.111
23075.600,17160.750,12528.250,4681.417,4396.167,32124.084,36170.168,9619.667,3647.333,5415.778,3553.444,10056.833,4067.500,5442.667,6614.222
22388.721,16608.000,12204.250,4587.000,4372.417,30820.334,36036.582,9462.417,3689.889,5329.444,3574.556,9786.167,3989.333,5287.500,6497.222
23538.961,16801.100,12294.800,4574.333,4400.667,33531.500,36379.832,9547.667,3662.000,5369.667,3553.222,9850.667,4089.667,5365.667,6555.111
23767.961,18042.199,13224.100,4664.333,4719.250,34620.418,36485.000,10643.667,3677.222,5696.111,3575.000,10666.333,4261.667,5595.083,7297.556
23108.721,18364.301,13769.150,4708.667,4941.417,33750.250,36328.082,11697.417,3702.889,5980.000,3580.333,11638.333,4284.500,5678.167,7872.556
22262.480,17919.150,13660.350,4762.917,4906.417,32724.334,35884.250,11554.333,3700.889,5892.889,3574.222,11622.333,4232.167,5537.833,7709.556
22355.760,17462.600,13278.950,4701.083,4872.750,32461.000,35638.250,11195.833,3677.000,5821.778,3556.556,11372.833,4166.167,5480.750,7525.000
23619.439,17576.250,13296.200,4724.667,4888.750,34442.250,35641.418,11183.250,3702.111,5886.000,3518.222,11491.667,4235.167,5460.083,7555.889
23924.080,18601.750,13893.200,4856.250,4997.500,35425.918,35622.918,11532.833,3716.778,6043.667,3541.111,11994.500,4357.333,5594.667,7892.444
23035.961,18303.801,13833.350,4872.250,4999.833,34446.082,33676.750,11430.583,3659.444,6025.222,3578.667,12134.000,4352.500,5564.500,8019.556
22298.240,17884.650,13530.350,4805.917,4955.417,33421.250,34570.332,11295.417,3680.889,5966.222,3556.889,11798.667,4195.333,5462.417,7809.778
22741.561,17707.250,13328.950,4786.750,4974.250,33817.000,34516.332,11043.750,3662.889,5966.889,3573.222,11751.167,4227.333,5431.833,7658.333
24059.840,18529.949,13505.550,4724.667,4946.000,36053.418,34822.750,11038.417,3642.778,5959.444,3562.333,11922.667,4309.833,5507.917,7792.333
24596.561,20169.900,14692.750,4938.250,5167.583,37711.082,35618.082,11764.917,3729.778,6274.000,3640.667,13009.333,4612.500,5746.250,8911.111
23802.119,21242.150,15759.300,5242.000,5520.333,36674.500,35515.500,12535.167,3811.222,6658.667,3692.222,14553.000,4899.167,5898.667,9914.444
23470.000,20981.750,16205.200,5373.917,5647.667,35935.250,35306.500,12696.083,3759.222,6684.333,3654.333,15347.500,4951.000,6051.667,10341.333
22586.840,20489.051,16034.500,5261.250,5601.000,35312.250,35169.000,12432.667,3722.778,6613.667,3660.556,15052.333,4883.500,5960.250,10144.111
22921.160,19749.850,15598.000,5170.417,5500.667,35582.418,34544.750,12265.667,3740.444,6486.000,3694.222,14778.500,4815.667,5920.583,9800.223
24025.240,20498.600,15853.700,5214.667,5562.583,37474.332,34921.250,12318.167,3746.667,6563.444,3701.333,14889.167,4875.500,5928.917,9999.667
24296.400,22131.400,16910.051,5383.417,5857.000,38018.668,35537.332,13245.750,3840.667,6972.444,3732.778,16047.333,5152.833,6189.750,11210.111
23440.199,21905.850,16931.051,5497.583,6023.583,37237.582,34967.000,13366.917,3793.556,7038.667,3761.333,16118.000,5174.000,6265.417,11607.000
23502.320,21474.449,16632.500,5370.500,5861.583,37311.250,34604.168,13051.000,3773.556,6903.667,3678.667,15906.333,5048.500,6190.167,11381.000
23748.039,21828.100,16850.650,5523.417,5990.167,37402.582,35087.582,13018.417,3815.111,7136.222,3688.333,16276.667,5095.667,6230.833,11736.223
22841.561,21406.250,16705.600,5493.750,5944.833,36779.418,34980.418,12870.083,3777.778,7065.778,3695.889,15988.833,5035.167,6170.583,11400.000
21895.279,20860.949,16245.050,5432.917,5910.583,36105.918,34619.082,12647.583,3739.667,7032.111,3678.667,15631.500,5114.500,6136.500,11215.889
21568.561,20414.801,16143.600,5331.750,5871.583,35509.168,33859.750,12304.417,3767.667,7051.667,3636.111,15510.833,4873.000,6019.000,10944.333
23229.199,20721.250,16042.950,5309.333,5820.417,37105.668,34373.082,12246.333,3748.889,6970.333,3658.667,15232.000,4875.000,6025.250,10830.000
22579.680,20445.801,15787.000,5341.917,5826.250,36422.082,34500.418,12113.750,3734.778,6950.222,3674.333,15096.833,4925.833,6046.250,10772.667
21553.680,20014.650,15624.050,5292.500,5844.833,35495.918,34512.668,11904.583,3709.111,6877.778,3639.222,14806.667,4828.833,5924.750,10543.444
20804.760,19698.449,15385.900,5193.833,5773.167,34823.250,34013.668,11807.917,3713.444,6818.444,3659.333,14559.167,4762.500,5901.333,10330.889
21183.520,19506.750,15242.600,5179.917,5748.500,34799.332,33673.418,11608.583,3722.556,6784.444,3626.222,14435.333,4781.167,5926.167,10232.223
21352.039,19232.900,14926.050,5128.667,5689.667,34719.918,33304.418,11388.833,3723.222,6820.000,3579.889,14128.000,4726.000,5839.917,10136.667
20589.801,19070.301,14779.000,5124.500,5712.417,33850.418,33045.668,11222.417,3706.000,6668.778,3571.556,13853.333,4715.167,5768.000,10124.000
20274.561,18844.199,14557.250,5171.917,5618.167,33493.832,32532.916,11120.167,3684.111,6686.778,3568.333,13703.667,4715.333,5786.500,10003.223
21652.920,18993.051,14483.650,5121.917,5649.583,35173.082,32855.500,10958.833,3688.222,6589.000,3564.333,13610.500,4657.667,5746.417,9889.777
20955.199,18769.551,14240.450,5037.000,5613.500,34283.582,32640.916,10788.333,3674.778,6621.333,3559.222,13333.167,4609.500,5718.583,9762.667
20246.920,18528.900,14214.000,5056.833,5555.250,33280.250,32221.000,10761.917,3620.333,6503.778,3580.000,13245.333,4558.500,5730.333,9691.667
19785.240,18335.400,14110.150,4968.667,5579.250,32316.500,32014.666,10694.250,3659.778,6563.889,3582.000,13115.333,4620.500,5692.583,9508.223
20838.840,18123.500,14010.150,4948.667,5546.000,33729.668,31960.416,10565.750,3682.111,6544.444,3547.333,12892.667,4628.333,5649.417,9405.000
20044.801,18023.250,13887.450,4864.667,5519.083,32617.166,31644.834,10427.583,3609.000,6465.556,3584.444,12851.500,4519.667,5635.667,9299.444
19151.160,17887.150,13836.050,4850.667,5520.500,31507.834,31005.334,10281.750,3655.667,6524.333,3540.222,12815.667,4541.833,5627.417,9180.223
19297.000,17863.051,13683.250,4827.250,5486.000,31024.084,31075.166,10248.083,3663.556,6432.667,3549.111,12656.000,4527.833,5517.250,9157.111
18929.600,17652.801,13484.450,4803.083,5439.083,30442.916,30633.000,10139.333,3647.556,6401.111,3525.667,12505.500,4551.833,5507.500,9006.777
18210.199,17554.750,13396.450,4771.833,5421.000,29567.084,30159.416,10062.833,3640.333,6378.556,3551.556,12366.667,4514.667,5543.917,8930.777
19133.240,17345.500,13324.550,4785.083,5438.000,30162.166,30052.916,9906.417,3668.222,6343.667,3517.000,12282.000,4513.667,5480.333,8836.333
20972.600,17864.250,13281.700,4770.167,5380.417,33334.668,31197.334,9895.167,3631.111,6339.222,3535.556,12127.167,4504.167,5478.167,8751.000
20327.199,17809.350,13075.550,4786.750,5433.583,32319.584,31154.834,9789.000,3646.222,6288.111,3545.778,12048.333,4466.333,5406.250,8615.444
19397.641,17557.650,13025.800,4746.750,5438.917,31017.334,30661.916,9781.083,3597.000,6248.222,3579.222,11852.000,4466.167,5444.083,8618.667
20682.721,17662.750,13021.750,4761.000,5325.250,32391.500,30971.166,9695.583,3627.667,6219.000,3519.667,11765.167,4445.167,5445.250,8579.667
20608.760,17961.801,12911.100,4732.083,5356.750,32408.334,31537.834,9593.167,3591.444,6223.333,3530.222,11659.667,4433.667,5414.583,8493.000
19648.400,17706.801,12845.750,4786.000,5279.000,31233.416,31138.250,9465.667,3607.222,6239.444,3530.778,11640.000,4450.333,5366.000,8525.111
18721.000,17359.551,12787.350,4684.833,5299.417,29786.916,30892.916,9447.500,3610.889,6178.444,3574.000,11540.833,4408.500,5329.583,8443.889
18719.760,17084.551,12683.400,4701.500,5302.000,29124.084,30663.750,9368.750,3594.778,6153.556,3531.111,11573.500,4346.167,5337.250,8453.000
18116.080,16925.650,12631.100,4667.750,5314.500,28322.416,30401.000,9221.667,3581.778,6137.556,3538.556,11286.833,4342.833,5330.750,8285.333
17480.119,16715.551,12521.800,4676.167,5251.500,27815.334,29558.084,9273.250,3588.556,6092.333,3538.556,11301.333,4335.833,5277.750,8330.223
16894.039,16674.250,12477.750,4649.917,5292.583,27156.166,29819.584,9156.583,3592.333,6129.778,3570.222,11144.000,4366.000,5319.917,8219.667
18470.199,16759.250,12457.200,4694.500,5245.333,28955.500,30045.834,9024.667,3576.889,6080.444,3525.111,11147.000,4227.833,5322.500,8114.000
17907.039,16329.850,12374.450,4766.417,5295.167,28162.500,29805.500,9016.750,3602.111,6069.889,3512.333,11117.833,4333.167,5277.417,8104.778
17248.961,16179.850,12322.200,4745.417,5212.667,26953.834,29671.750,8958.083,3570.000,6053.556,3549.111,10947.167,4248.667,5301.417,8070.000
16677.840,16047.550,12193.750,4664.500,5219.583,26165.500,29370.166,8887.417,3618.333,6091.778,3502.222,10860.000,4292.667,5252.917,8053.444
17048.480,16102.600,12170.300,4678.500,5237.083,26421.834,29304.750,8869.000,3596.000,5955.111,3542.889,10811.333,4314.333,5243.417,8073.222
16308.880,15945.250,12135.500,4704.167,5215.417,25599.834,28933.166,8788.000,3595.333,5965.556,3472.111,10746.667,4303.000,5259.833,8016.111
15772.120,15749.400,12024.400,4666.167,5214.333,24766.416,28468.834,8819.417,3589.556,5962.111,3514.333,10557.167,4293.833,5277.000,8020.889
16650.160,15598.650,11969.100,4681.917,5208.417,25566.000,28530.500,8688.500,3636.889,5961.000,3507.667,10671.833,4301.500,5246.000,7979.778
16584.039,15474.000,11874.450,4644.333,5173.167,25457.666,28488.750,8626.000,3572.333,5920.333,3527.333,10680.333,4305.500,5237.000,7897.889
15961.640,15385.700,11831.850,4635.667,5163.500,24326.584,28385.334,8573.833,3557.333,5937.000,3506.556,10644.333,4256.000,5167.083,7831.778
15422.120,15226.850,11894.450,4661.917,5157.083,23506.416,27988.916,8531.000,3583.444,5908.222,3488.333,10626.167,4289.500,5162.500,7766.778
16538.760,15247.350,11796.850,4534.083,5086.750,25296.334,28255.000,8498.667,3547.556,5882.444,3475.778,10521.500,4219.833,5105.667,7743.556
16649.320,15274.500,11603.900,4554.583,5175.000,25410.084,28575.416,8420.333,3602.444,5946.556,3540.333,10606.500,4285.667,5118.500,7723.889
15908.720,15013.900,11605.650,4522.833,5160.917,24394.250,28024.000,8462.333,3570.444,5869.111,3529.667,10488.500,4307.333,5183.417,7633.000
16505.240,14985.450,11593.350,4539.250,5169.417,25055.750,28268.334,8489.417,3623.667,5811.222,3496.111,10244.000,4311.333,5151.083,7674.444
17672.840,15920.850,11488.750,4535.083,5114.917,27097.500,29705.834,8294.083,3595.889,5849.556,3498.000,10272.500,4307.333,5095.833,7680.556
16985.801,15600.800,11442.450,4515.917,5146.917,26066.416,29323.500,8326.083,3598.556,5849.444,3477.667,10023.167,4247.500,5074.500,7652.556
16182.560,15374.950,11407.800,4548.500,5102.167,24616.416,28839.750,8257.417,3564.333,5804.000,3498.000,10039.667,4312.167,5085.583,7556.333
16416.520,15251.250,11365.800,4547.667,5092.833,24862.000,28726.334,8207.167,3568.222,5768.333,3537.778,10075.333,4190.000,5076.917,7514.222
16621.240,15198.550,11311.600,4517.417,5098.917,25046.250,28780.750,8189.750,3599.444,5773.111,3532.889,9894.333,4272.833,5079.000,7428.222
15888.040,14946.150,11320.750,4595.333,5102.667,24087.666,28319.166,8076.750,3559.111,5783.111,3497.333,10106.667,4324.000,5054.917,7410.000
15273.440,14721.800,11214.650,4528.417,5109.167,23006.750,27838.000,8093.833,3587.222,5785.000,3509.111,10179.500,4190.000,5009.750,7393.333
15097.280,14779.400,11175.400,4446.167,5044.000,22247.334,27159.916,8014.583,3570.222,5750.222,3526.000,9971.833,4218.667,5024.167,7343.333
14934.560,14409.300,11134.100,4451.250,5038.083,22063.334,26425.416,8008.667,3588.667,5764.889,3464.444,10019.833,4187.333,5004.250,7473.000
14461.600,14284.100,11073.950,4464.750,5071.250,21303.834,25854.750,7935.083,3585.000,5728.889,3487.111,10002.167,4234.667,5029.583,7433.778
14722.480,14179.600,10965.900,4470.417,5033.250,21868.334,25747.000,7879.083,3589.556,5711.667,3518.667,9941.500,4195.000,4999.667,7335.556
18003.000,16287.250,11097.500,4495.500,5088.083,28157.500,29266.000,7851.250,3580.333,5726.556,3509.111,9932.167,4228.000,5060.167,8111.111
19362.760,18788.750,12887.400,4603.917,5028.917,32362.334,31741.000,8121.167,3626.556,5782.667,3516.000,10228.000,4350.000,5409.833,10121.111
19283.199,20860.250,15033.250,4699.000,5039.250,31916.334,33963.918,8358.833,3614.444,5866.556,3542.556,10817.000,4391.667,5692.833,12123.777
18447.160,21064.449,15072.700,4670.750,5065.417,30602.500,34250.168,8389.917,3623.111,5869.667,3563.222,10680.833,4430.833,5786.417,12660.111
18074.641,20327.449,14694.350,4632.250,5089.917,29806.166,33746.668,8261.667,3574.667,5849.444,3532.556,10454.500,4446.500,5780.333,12125.667
20271.920,21119.949,15385.250,4807.000,5142.417,33943.000,34355.668,8600.000,3619.556,5909.333,3589.889,10810.333,4522.500,5970.167,12549.444
21012.520,23091.199,17373.600,5266.417,5448.667,35290.582,35189.668,10023.000,3793.333,6384.111,3654.333,12666.333,4891.333,6336.000,14126.556
20471.801,24133.551,19179.500,5761.583,5877.083,34289.582,35349.418,11529.583,3897.333,6760.444,3751.222,13973.000,5048.833,6763.083,16092.444
19602.039,23388.949,18892.100,5674.000,5830.000,33039.500,34801.832,11442.250,3826.222,6711.556,3742.556,13772.667,4903.500,6654.917,15938.223
20746.760,22977.350,18569.900,5618.333,5874.917,34515.250,35036.750,11358.833,3813.000,6682.889,3747.333,13657.833,4918.833,6697.167,15491.667
21833.000,23971.100,19682.801,5751.083,6102.583,35863.168,35438.332,12412.583,3886.222,7086.444,3810.222,14555.667,5060.833,6888.500,16173.444
21573.840,24901.650,21013.750,6224.083,6663.167,35585.082,35832.582,14073.500,4007.667,7734.000,3898.556,15909.333,5336.500,7295.083,17567.777
20755.359,24317.301,20768.449,6250.500,6750.833,34712.918,34682.832,14207.417,3981.111,7746.333,3863.889,15958.667,5327.500,7233.167,17485.666
20168.160,23769.801,20372.551,6109.500,6639.250,34043.750,34014.332,14085.667,3939.889,7728.556,3843.444,15778.833,5162.333,7146.417,17058.889
21815.600,23692.801,20111.500,6226.583,6645.000,35562.750,34040.750,14010.750,3944.667,7822.667,3854.556,15551.000,5284.333,7194.083,16736.334
23319.080,25164.250,21214.699,6550.750,7322.917,36879.918,34543.918,15165.167,4013.778,8490.000,3866.222,16973.834,5515.500,7462.000,17878.777
23822.080,26676.850,23768.900,7465.000,8491.583,37242.250,34814.000,17680.000,4306.444,9623.223,4103.222,19683.500,6043.167,7991.500,19938.000
23216.680,26858.600,25764.051,8553.917,9989.167,36553.582,34785.000,19726.416,4508.667,11084.667,4544.111,22231.500,6481.167,8306.833,21860.777
23813.400,26571.850,27629.949,9626.083,11427.750,36724.250,34444.668,21676.666,4673.000,12424.444,4786.778,24994.334,6850.500,8434.917,23281.000
24194.840,26915.500,29326.900,10912.750,13231.417,37120.082,34443.832,23721.250,4873.111,14289.667,5240.444,28016.000,7408.333,8982.583,24979.334
24477.881,27430.600,31050.199,11870.000,14876.833,37216.250,34619.418,25768.750,5203.333,16158.556,5735.778,30869.166,7950.500,9464.250,26073.777
24234.680,27485.051,32016.250,12529.167,16178.917,37028.832,34529.082,27375.916,5410.333,17572.334,5937.111,33078.168,8145.500,9825.917,25996.777
23300.721,27067.051,31302.301,12277.417,16243.000,36447.668,33845.332,26802.000,5261.444,17553.777,5843.667,32684.834,8002.000,9777.583,25312.777
23989.920,27200.051,31106.500,12134.583,16507.084,37083.250,33887.832,26449.916,5184.556,17824.777,5792.222,32443.166,7963.833,9787.333,24624.777
24519.920,28084.449,32526.199,12875.250,17980.834,37535.750,34133.918,27583.334,5463.111,19047.777,6193.556,34505.000,8683.333,10314.250,25437.555
24465.680,28861.801,34544.500,14183.583,20109.666,37616.918,33316.500,29930.834,6178.000,21252.555,6994.889,37522.832,9734.500,11138.167,26750.000
23739.520,28669.500,35232.250,15265.500,21600.584,36963.250,33701.332,30924.000,6513.333,22607.777,7789.222,39001.000,10394.500,11410.000,26729.555
22710.721,28202.949,34681.949,14856.917,21604.084,36426.832,33315.500,30359.834,6472.222,22354.555,7679.222,38101.168,10145.500,11347.083,25854.334
22854.881,27856.650,33820.699,14627.583,21313.750,36514.250,32991.918,29628.250,6229.333,22071.555,7448.000,37098.832,9889.500,11170.750,25439.334
23769.320,27903.850,33259.352,14382.083,21303.334,37328.918,33143.082,28917.084,6174.778,22005.889,7377.556,36367.668,9876.167,11131.917,24939.445
24506.920,28729.100,33861.398,14537.250,21995.834,37756.500,33627.168,29280.666,6337.444,22728.889,7580.778,36838.832,10423.500,11500.583,25078.111
24234.359,28904.400,35019.750,15241.750,23032.916,37408.582,33838.918,30374.084,6665.556,23791.555,7944.556,38209.500,11119.667,11840.167,25908.111
23621.881,28614.551,35066.551,15756.417,23702.000,37030.332,33503.582,30421.334,6797.222,24170.777,7958.667,38744.832,11393.167,11959.417,25340.111
24187.000,28546.400,34901.699,15822.167,24048.916,37412.250,33310.832,30232.334,6789.778,24663.777,8028.222,38734.332,11480.167,12174.083,25131.777
24734.080,28928.500,35945.250,16528.834,24678.334,37978.332,33468.000,30480.916,6985.556,25439.555,8236.223,39567.332,12035.333,12587.917,25828.889
24068.520,29023.400,36337.750,16959.834,25228.834,37442.082,33243.250,30618.500,7160.222,26262.889,8500.777,40455.668,12432.500,12835.000,26387.666
24137.080,28746.650,36169.699,17116.750,25179.166,37290.750,33232.000,30201.334,7148.444,26220.445,8369.000,39712.000,12417.167,12971.833,25815.223
24615.920,29087.449,36780.199,17862.834,26006.750,37706.582,33496.000,30369.500,7527.778,26930.111,8707.777,40029.832,13345.500,13447.833,26037.889
24789.080,29634.301,37705.648,18871.916,26744.500,38103.250,33816.082,30960.416,8047.889,28279.555,9321.777,40236.168,14166.000,13997.083,26604.666
24481.039,29685.449,38535.398,19346.834,27265.416,37825.750,33497.250,31248.416,8434.556,29292.223,9867.111,40410.000,14490.500,14280.000,26479.223
23530.199,29193.699,37852.398,19026.084,27203.334,37169.918,33079.168,30971.334,8420.444,29262.111,9534.223,39885.500,14278.000,14142.667,25919.223
23444.760,28962.000,37413.801,18492.000,26531.334,37073.832,33043.582,30181.416,8249.556,28680.666,9378.000,38803.668,13991.500,13897.500,25143.111
24053.080,29131.801,37016.750,18263.500,26653.416,37843.750,32969.168,29946.666,8225.000,28633.000,9126.556,38441.168,14117.000,13789.583,24574.555
24420.199,29545.699,37931.352,18459.916,27028.166,38063.918,33184.832,30678.750,8583.000,29415.555,9549.223,38808.332,14783.000,14262.000,25095.777
24006.920,29649.650,38568.102,19213.166,27369.666,37616.668,33379.250,30958.334,8808.000,29969.889,9858.333,39292.500,15415.167,14607.583,25536.445
23069.801,29114.801,38469.648,18920.584,27630.166,37005.332,33073.582,30700.416,8828.667,29929.889,9745.223,38766.500,15373.500,14625.083,24979.666
23311.641,28878.801,37842.602,18725.500,27114.584,37165.582,32658.750,30087.916,8673.889,29694.000,9655.111,38002.332,15278.167,14395.083,24437.000
24042.920,29227.000,37973.398,18687.916,27159.000,38002.918,32930.582,29952.916,8718.223,29739.111,9571.444,37901.168,15397.167,14468.750,24252.777
24454.680,29423.250,38724.898,19199.416,27428.416,38244.082,33256.332,30219.500,9163.000,30105.777,9795.556,38382.168,16007.500,14905.750,24562.666
23876.240,29254.100,39081.199,19398.666,27870.750,37776.332,33401.832,30287.916,9431.333,30382.000,10065.667,38573.500,16278.333,15110.333,24749.000
22728.801,28857.350,38456.250,19151.666,27610.166,36944.582,32965.832,29796.084,9225.223,30147.777,9735.777,37899.000,15951.833,15011.667,24207.334
22624.600,28588.600,37919.898,19003.834,27204.750,36386.750,32745.834,29293.334,9073.223,29749.555,9609.444,36828.668,15725.833,14789.083,23831.777
23538.320,28788.750,37750.699,18675.500,26760.250,37609.582,32561.584,28554.250,9080.556,29678.777,9450.111,36308.500,15724.833,14687.417,23441.000
24086.160,29516.150,38452.699,19044.166,27278.500,38070.668,33233.418,28929.334,9382.223,30043.555,9710.889,36457.832,16361.333,15091.750,24087.000
23671.080,29202.949,38993.148,19374.334,27656.084,37543.918,33402.500,29166.750,9650.667,30682.334,9912.556,36948.500,17014.500,15416.417,24572.111
22817.801,28927.100,38835.199,19430.834,27478.084,36666.582,33140.918,28882.250,9622.111,30447.223,9895.556,36545.500,16780.000,15353.167,24208.889
23350.279,28777.699,38417.602,19007.084,27409.500,37133.250,32802.168,28400.500,9513.111,30570.111,9762.111,36141.000,16818.834,15317.917,23640.223
23300.961,28574.801,38183.199,19121.250,27267.166,36845.668,32624.166,27962.750,9395.333,30366.555,9697.000,35670.168,16426.500,15266.833,23182.000
22145.760,28172.199,37737.250,18777.500,26753.000,35622.668,32250.584,27327.334,9321.777,30056.889,9502.556,34952.000,16181.333,15056.250,22770.223
21576.600,27707.949,37108.000,18389.166,26441.084,34406.668,31596.584,26823.084,9070.556,29754.334,9263.889,33662.332,15809.000,14894.333,22363.889
21432.680,27398.551,36559.852,18167.584,26012.334,34359.582,31103.416,26188.666,8952.444,29283.445,9258.889,32970.332,15556.167,14731.750,22097.555
21411.801,27218.699,35886.551,17734.666,25763.000,34405.832,30582.500,25676.750,8871.000,28962.445,9188.223,32274.166,15229.000,14491.500,21844.223
21546.400,27137.750,35411.449,17306.584,25319.084,35273.250,30439.750,25125.500,8782.444,28685.889,8981.889,31486.834,15074.167,14345.750,21411.777
21616.359,27104.551,34950.398,17221.416,25081.500,35087.832,30093.500,24446.750,8668.889,28268.889,8844.777,30381.500,14703.833,14084.917,20876.334
21664.359,27068.449,34496.551,16888.084,24759.834,35355.168,29992.834,24110.250,8454.223,27935.445,8747.777,29744.166,14520.500,14027.500,20687.666
21755.240,27294.449,34110.648,16646.500,24427.750,35620.832,30243.916,23666.084,8427.556,27532.666,8626.000,29062.000,14190.000,13933.667,20096.000
21656.641,27361.051,33750.250,16400.250,23826.000,35792.750,29907.834,23123.666,8211.777,27273.889,8486.444,28239.500,14152.167,13707.167,19674.111
21850.600,27459.350,33360.352,16393.250,23936.750,35842.832,30369.334,22717.334,8152.222,27063.223,8445.223,27929.166,13926.167,13574.333,19519.111
22095.359,27714.850,33283.750,16249.083,23466.084,35681.918,30474.084,22324.000,8148.667,26556.223,8353.000,27527.334,13780.167,13443.833,19306.666
22208.961,27742.650,33026.898,16067.667,23383.584,35914.668,30657.916,21897.584,8024.333,26417.666,8387.556,26768.834,13820.500,13340.000,19334.445
22293.641,28086.400,33006.750,15716.250,23128.334,36034.582,31047.584,21494.916,7919.444,26058.666,8324.111,26526.166,13564.000,13363.083,19355.889
22392.199,28297.100,32790.500,15373.417,22900.916,36452.332,31015.834,21173.666,7874.889,25937.111,8248.333,26553.500,13471.000,13169.250,19284.555
22056.080,28335.551,32535.150,15165.000,22784.834,36096.418,31140.000,20891.084,7830.000,25693.777,8179.667,26167.166,13398.333,13111.333,19282.555
20901.279,27950.000,32126.850,14906.083,22285.250,34887.750,30546.166,20448.000,7685.333,25321.777,8070.111,25787.166,13076.667,13008.750,18906.445
20580.920,27562.900,31850.199,14616.250,22193.584,33724.168,30030.750,20141.666,7673.444,25130.223,8026.222,25209.500,12881.833,12915.417,18648.889
20099.240,26979.301,31448.551,14530.500,21875.334,33366.668,29373.666,19944.916,7600.778,24941.555,7968.444,24740.334,12866.667,12779.000,18226.555
19876.279,26558.551,31022.500,14440.083,21743.916,32776.668,29174.500,19396.250,7482.556,24704.889,7884.000,23937.500,12703.000,12612.500,17958.111
19955.480,26185.199,30590.801,14422.500,21480.084,33058.332,28729.416,19071.500,7392.667,24319.666,7923.889,23844.000,12541.000,12460.750,17607.889
19815.840,26078.699,30387.301,14176.750,21234.166,32682.666,28542.666,18854.584,7429.111,24131.889,7890.667,23482.666,12432.000,12366.583,17411.445
20046.520,26056.199,30097.699,14063.417,20974.166,32846.582,28133.584,18505.834,7318.778,23936.445,7846.222,23162.334,12299.500,12210.083,17249.555
19996.961,25796.750,29741.801,13761.250,20898.750,32796.000,28215.584,18248.750,7275.333,23867.111,7767.444,22788.834,12042.000,12220.500,16997.334
19678.160,25836.900,29349.949,13526.833,20595.416,33073.082,27298.416,18039.834,7187.333,23743.000,7668.667,22362.000,11976.333,12015.583,16973.555
19775.600,25790.150,29219.850,13367.167,20550.916,32769.250,27878.584,17643.916,7132.111,23820.111,7703.222,22033.000,11726.833,11942.083,16890.111
19615.840,25700.850,28781.400,13303.417,20285.584,32833.750,27739.334,17415.750,7119.556,23552.555,7555.333,21700.334,11647.667,11905.917,16543.334
19458.641,25623.250,28781.400,13194.250,20175.166,32742.834,27944.250,17082.916,7050.667,23060.777,7546.778,21207.834,11420.833,11823.583,16451.666
19528.840,25682.850,28468.949,12996.333,20085.250,33207.250,28079.750,16894.916,7058.556,22720.777,7529.222,20843.666,11409.167,11774.667,16343.556
19584.039,25901.500,28205.449,12929.083,19801.584,33544.582,28144.834,16720.750,7021.444,22448.666,7465.889,20344.666,11418.667,11628.250,16215.000
19573.160,25781.600,27910.400,12863.333,19665.416,33822.332,28193.666,16429.166,6856.222,22180.555,7402.778,19765.500,11236.500,11660.750,16065.889
19699.480,25868.301,27607.150,12794.333,19548.916,34300.668,28416.084,16240.500,6829.000,22162.223,7392.000,19364.166,11024.000,11559.333,16183.000
19380.039,25859.301,27344.900,12665.250,19434.166,33921.418,28313.084,15946.583,6900.333,21829.000,7280.111,19026.000,10991.667,11501.750,16114.333
18519.119,25257.250,26929.150,12647.750,19304.334,32497.916,27747.334,15808.917,6805.778,21582.666,7296.333,18731.000,10886.333,11457.917,15713.223
17549.520,24734.250,26865.301,12464.167,19051.834,31258.500,27354.500,15443.583,6672.444,21427.666,7203.222,18375.334,10796.333,11331.250,15564.667
17175.000,24266.500,26500.500,12321.750,18782.250,29895.166,26618.750,15146.500,6667.222,21201.334,7195.111,17995.666,10681.500,11220.000,15213.667
19675.480,25123.000,26267.400,12140.583,18899.166,34074.500,27755.834,15100.583,6602.778,21219.777,7212.778,17939.166,10689.667,11182.583,15485.111
19908.561,26145.551,26208.650,12175.833,18714.084,35012.250,28720.000,14940.500,6590.222,21048.777,7203.667,17682.000,10738.833,11271.333,16199.223
18958.400,25922.199,25975.100,11957.667,18497.584,33876.418,28712.250,14739.250,6605.889,20871.334,7207.000,17458.166,10603.833,11159.417,16144.223
17974.680,25277.551,25752.949,12069.667,18388.916,32228.416,28381.916,14540.333,6551.333,20651.445,7113.000,17050.666,10577.667,11120.000,15958.556
17401.480,24693.900,25485.600,11905.250,18239.584,31033.084,27735.250,14297.667,6515.444,20525.445,7056.778,16898.166,10445.000,10970.250,15553.111
16832.641,24259.350,25256.051,12024.583,18072.334,29595.834,27150.916,14149.417,6460.111,20278.555,7000.222,16577.166,10184.667,10883.000,15442.111
16628.961,23853.150,25016.900,11894.167,18028.416,28765.500,26565.750,14005.000,6376.333,20110.334,6950.556,16404.500,10158.333,10857.250,15011.000
16483.080,23381.650,24781.199,11838.167,17876.834,27876.250,26170.000,13855.833,6404.000,19985.777,6923.778,16281.167,10194.500,10674.500,14773.556
16371.560,23019.900,24541.449,11655.833,17739.750,27678.250,25605.584,13696.500,6349.778,19727.111,6949.000,15972.167,10069.833,10708.750,14575.777
16254.400,22728.600,24265.699,11452.667,17536.084,27023.416,25166.500,13478.000,6279.111,19562.666,6938.222,15822.667,10002.167,10633.583,14362.223
16423.920,22288.150,23909.600,11382.417,17456.584,26950.416,24943.334,13296.500,6322.444,19543.445,6883.556,15696.667,9881.000,10553.417,14185.777
16615.920,22146.551,23780.750,11218.000,17266.584,26850.166,23570.416,13187.000,6291.889,19142.334,6847.889,15329.333,9902.500,10489.083,14083.444
16757.600,21958.100,23429.750,11075.000,17121.250,27212.250,24132.750,12889.000,6226.556,18984.555,6837.778,15182.333,9759.500,10405.417,13823.000
16864.600,22041.500,23314.600,11180.750,17152.750,27027.084,24139.750,12792.167,6219.111,18843.223,6728.889,15092.833,9712.500,10424.333,13735.667
16862.680,22066.100,22984.000,11266.500,16895.666,27224.166,23953.666,12639.250,6148.556,18746.334,6687.222,14832.667,9620.333,10244.583,13528.777
17048.961,22137.600,22838.600,11136.333,16678.584,27958.166,23929.250,12481.750,6118.778,18676.334,6762.889,14806.667,9644.667,10272.333,13259.777
17347.760,22561.650,22587.949,11177.500,16711.916,28303.334,24150.916,12392.167,6152.222,18464.223,6671.444,14498.167,9537.667,10168.583,13119.556
17325.400,22845.250,22344.449,10995.917,16608.250,27813.750,24270.834,12317.250,6081.667,18372.223,6757.444,14399.000,9430.500,10104.500,13172.223
17310.920,22852.801,22204.551,10984.667,16326.583,28108.916,24258.584,12130.333,6033.000,18186.223,6662.333,14209.500,9509.833,10079.417,13174.667
17807.320,23019.949,22033.000,10775.500,16368.167,28713.916,24898.166,11947.333,6117.111,18184.111,6691.556,14106.667,9294.667,10010.333,13195.333
18144.920,23516.801,21838.400,10823.250,16347.833,30274.250,25445.000,11870.167,6055.444,18011.666,6640.222,13808.167,9304.500,9918.417,13115.333
18131.600,23893.051,21560.000,10593.083,16114.750,30303.334,26035.166,11746.167,5987.778,17823.000,6508.000,13731.167,9214.167,9904.417,13221.777
18063.721,24091.301,21339.500,10451.750,15983.833,29866.584,26517.334,11548.583,6015.333,17738.666,6624.778,13594.000,9272.833,9924.167,13024.777
17769.279,24298.250,21107.150,10385.167,15870.750,28868.916,26596.000,11441.250,5971.222,17503.445,6434.556,13252.000,9112.333,9932.417,13053.111
16903.039,23515.449,21000.801,10273.917,15712.833,27514.000,26043.750,11321.500,5949.444,17502.889,6469.222,13014.833,9203.667,9878.333,13037.000
16034.520,23008.000,20847.150,10119.833,15572.583,26002.000,25494.166,11137.750,5928.444,17425.334,6339.222,12973.500,9173.000,9785.417,12919.777
15644.960,22420.699,20544.600,10074.417,15458.833,24978.916,25092.916,11178.167,5927.333,17175.334,6381.556,12752.500,9110.500,9740.500,12684.556
17732.400,22937.000,20419.051,10066.917,15366.000,28062.250,25367.834,11014.583,5871.556,17287.334,6325.444,12606.000,9107.000,9754.417,13012.889
20536.801,24672.551,21846.350,10560.667,15588.833,33636.250,27125.250,11704.417,6109.222,17598.000,6451.889,13188.500,9403.833,10065.000,14263.333
21777.199,26441.600,24702.150,11564.917,16151.000,35731.668,29097.000,13012.250,6480.111,18334.223,6736.222,14456.333,9914.667,10486.000,16505.445
21215.279,27050.100,26375.750,12203.667,16872.584,34427.750,29632.166,14224.750,6671.333,19313.334,6819.000,15638.167,10190.333,11097.333,18502.666
21560.439,26667.051,26982.699,12323.583,17267.084,34600.250,29537.584,14991.667,6749.222,19879.334,6799.889,16072.667,10346.500,11591.750,19762.889
23254.840,27102.400,28601.150,12884.667,18058.000,36701.168,29663.584,16736.250,6981.667,20883.555,7094.889,17685.666,10846.000,12128.583,21492.889
23737.600,28054.400,30240.250,13636.083,18985.500,37397.332,30213.666,18820.834,7436.889,21825.555,7463.778,19740.000,11283.667,12764.750,23467.777
23655.320,28438.949,31604.350,14466.333,20095.334,37378.082,30268.084,20798.584,7756.889,22545.445,7865.333,21833.500,11550.833,13306.333,24551.666
22795.279,27880.350,31873.500,14634.583,20275.000,36247.832,29783.000,21190.000,7746.556,22577.000,7899.667,22329.500,11853.167,13626.917,24266.777
23301.119,27799.150,32238.000,14506.167,20692.834,37226.668,29764.166,21329.834,7848.556,22916.666,7961.333,22769.666,11902.000,13803.250,23715.777
24301.561,28516.949,33862.898,15536.500,21638.166,38686.918,30141.916,23208.666,8418.777,24274.111,8437.889,24615.000,12497.500,14315.667,24229.000
24542.240,29231.650,35661.102,17039.584,22802.166,39314.750,30338.834,25396.584,9384.667,26346.889,9222.556,27039.000,13607.667,14925.167,25014.666
24300.080,29470.350,36808.852,18685.166,23809.666,38696.082,30291.084,27582.334,10554.444,27916.889,10028.333,29158.166,14511.333,15393.167,25240.555
24245.561,29075.051,37388.699,19776.584,24750.416,38840.500,30213.584,28673.750,11178.333,29222.777,10540.111,30831.834,15022.833,15747.833,25251.111
24522.881,29445.551,37753.699,20386.416,25450.916,39456.668,30164.584,29240.500,11828.556,30478.000,10972.333,31966.834,15719.167,15997.000,25309.666
24741.400,29907.250,38179.051,20974.166,26525.166,39519.918,30381.416,29723.584,12609.667,31579.889,11700.777,33050.000,16401.834,16289.167,25483.111
24619.760,30157.000,38367.648,21472.416,27277.500,38816.168,30210.166,30097.250,13318.333,32754.223,12144.111,33862.500,16919.166,16577.250,25273.666
24590.961,30353.750,38369.551,21818.584,27942.834,38735.918,30482.084,30334.084,13623.556,33367.668,12510.889,33948.000,17630.334,16689.916,24906.889
24825.840,30412.500,38483.949,22122.750,28389.084,39269.668,29284.416,30175.916,13925.333,34042.332,12799.223,33957.000,18102.166,17017.084,24648.666
24699.439,30388.650,38332.102,22648.084,28960.834,39134.000,30281.000,30394.666,14480.333,34686.332,13175.223,34320.668,18898.334,17146.334,24578.889
24498.600,30450.801,38072.449,23194.166,29197.584,38930.168,30174.084,30111.166,14733.444,35241.000,13347.223,34615.832,19209.334,17317.916,24283.889
24490.080,30493.850,38118.949,23764.416,29137.584,38798.582,30161.834,29825.584,14947.444,35433.777,13549.333,34542.832,19555.500,17440.000,24171.445
24602.240,30592.699,38186.500,24042.666,29533.334,39089.918,30316.250,29648.084,15330.444,35769.777,13791.667,34218.332,19859.000,17592.834,24248.777
23957.641,30263.600,38035.102,23978.666,29407.750,37850.000,30023.584,29172.000,15359.223,35888.891,13805.667,34228.332,19855.000,17799.500,24011.889
24273.160,29995.500,37833.949,24068.416,29581.834,38500.332,30023.334,29130.750,15466.667,36070.223,13816.777,34094.832,20123.666,17931.250,23932.111
24535.760,30289.000,38064.148,24201.166,29791.250,38494.250,30199.834,29000.250,15781.333,36058.891,14190.667,34268.000,20492.166,17954.000,24227.666
24424.400,30383.500,38064.051,24162.000,29765.500,38575.418,30297.916,28887.334,15717.777,36117.668,14329.889,34688.332,20708.000,18173.916,24239.111
24611.000,30452.850,38324.750,24237.500,30017.500,38924.918,30510.250,28927.250,15990.556,36039.109,14487.556,34599.832,21124.834,18503.584,24301.334
24754.840,30526.100,38559.699,24566.084,30206.834,39012.750,30313.084,29069.500,16369.223,36476.445,14622.223,34684.500,21235.666,18456.084,24311.223
24410.080,30236.449,38709.648,24765.334,30208.584,38233.582,30304.666,29097.584,16516.555,36500.668,15003.223,34589.000,21418.334,18577.084,24161.000
24316.240,30084.600,38518.102,24519.584,30153.916,38159.082,30068.084,28781.916,16640.334,36643.332,14827.889,34356.168,21351.666,18638.000,24167.111
24322.279,29984.551,38453.301,24395.084,29917.166,38202.332,30027.084,28720.416,16687.223,36516.891,15051.889,34385.832,21509.500,18566.250,23652.223
24617.961,30260.350,38604.051,24361.000,29760.750,38769.918,30103.084,28364.084,16870.334,36397.109,14943.333,34564.668,21215.500,18494.334,23640.111
23907.561,29935.000,38124.801,24015.334,29824.000,37414.000,29652.084,28305.750,16802.334,36470.000,15003.556,33963.832,21449.666,18586.666,23740.000
24077.801,29919.850,38124.801,24058.834,29508.166,37883.418,29648.334,27868.250,16776.334,36328.668,15013.111,33658.500,21116.666,18482.834,23489.223
24331.080,30032.051,38311.949,24137.250,29571.334,38529.168,29698.250,27723.250,16774.889,36435.332,14991.223,33505.832,21317.334,18544.416,23649.223
24327.279,30137.000,38381.648,24124.084,29636.166,38466.000,28817.750,27881.334,17149.445,36477.555,15113.667,33519.500,21451.000,18637.916,23906.889
23864.520,29684.801,38282.051,23867.750,29543.334,37531.168,29373.084,27783.166,17010.000,36451.891,14879.223,32743.834,21428.000,18542.666,23772.666
24088.240,29840.350,38242.000,23800.084,29394.750,38012.750,29469.334,27941.334,17185.223,36382.777,14991.111,32501.834,21353.500,18535.334,23592.889
23478.680,29652.750,37932.750,23504.916,29349.750,36779.668,29169.584,27629.166,17046.111,35993.777,14763.333,31689.334,21364.166,18395.334,23348.223
23985.320,29655.400,37862.301,23276.916,29144.084,37609.168,29159.334,27473.500,16950.111,36074.109,14693.000,31753.166,21509.834,18341.500,23408.555
24404.641,30092.301,38298.148,23861.416,29438.166,38476.082,29747.084,27465.750,17196.889,36380.777,14975.000,31609.166,21426.500,18535.834,23694.334
24236.721,30079.801,38676.699,24300.916,29657.166,38296.668,28759.416,27970.584,17562.000,36464.223,15281.889,32364.500,21648.334,18746.000,23685.111
23909.801,29511.199,38703.000,23977.666,29681.084,37707.832,29329.916,28029.666,17692.334,36483.891,15370.223,32578.000,21645.500,18862.084,23621.666
24159.680,29640.449,38616.648,24310.334,29923.584,38125.082,29416.416,28182.584,17919.666,36534.668,15512.444,32753.834,21851.000,18866.750,23511.666
24268.641,29862.650,38775.250,24259.584,29898.500,38202.750,29532.334,27974.750,18017.334,36557.668,15479.777,33100.168,21869.166,18988.500,23628.223
23823.080,29726.000,38518.000,24122.416,29869.416,37430.918,29354.666,28034.166,18020.334,36487.000,15415.000,32829.832,21881.334,18838.834,23483.555
23516.480,29402.900,38187.750,24060.166,29795.666,37047.250,29282.834,27665.000,17992.555,36465.777,15279.667,32595.000,21831.666,18889.916,23418.555
24105.039,29601.400,38245.898,24288.666,29879.750,37975.250,29610.500,27600.916,18116.334,36523.445,15363.667,32570.166,21758.834,19033.000,23388.445
23993.480,29844.900,38131.102,24152.416,29587.334,37858.582,29836.166,27567.916,18247.445,36514.332,15423.777,32557.000,21586.666,19104.834,23555.889
23144.600,29357.900,38099.148,24082.250,29498.666,36617.582,30004.416,27367.666,18279.223,36522.777,15280.556,32546.166,21452.000,19090.916,23332.555
23287.881,29029.350,37953.000,23749.250,29307.084,36752.750,30414.250,27140.334,18198.777,36464.668,15130.444,32171.500,21239.334,19002.750,23168.334
23131.400,28783.250,37623.449,23475.500,29115.500,36097.918,30336.666,26665.666,17973.223,36149.445,15114.223,31858.000,21212.000,18891.584,22899.334
22941.680,28595.801,37326.551,22847.334,28936.250,35860.668,30434.166,26413.166,17877.000,36045.000,14908.111,31211.500,21084.334,18601.916,22551.889
23483.039,28787.551,37364.949,22836.584,28863.416,37378.250,30505.666,26175.666,17856.334,35942.891,15090.333,31105.500,21004.500,18629.584,22376.000
23698.480,29187.051,37637.199,22982.250,29207.084,37657.832,30809.000,26152.334,17993.555,36080.891,15176.223,31249.166,21230.334,18520.166,22681.223
23120.920,29060.150,37423.750,22883.334,29058.666,36711.750,30516.666,26212.584,17876.889,36046.000,15107.556,31295.500,21305.334,18665.084,23012.889
23311.160,29097.600,37287.199,22964.334,28852.666,37186.582,30466.416,26023.000,17849.777,36258.891,15087.000,31249.500,21055.666,18340.250,23271.777
24004.000,29370.949,37578.949,22840.916,29059.750,37934.500,30495.084,26260.666,18135.223,36423.000,15217.111,31222.500,21160.834,18527.750,23877.111
23867.561,29649.449,37930.051,23289.250,29066.416,37667.000,30605.166,26803.666,18549.889,36660.777,15509.667,31691.500,21481.000,18586.500,24045.334
22850.080,29006.600,37727.148,23142.584,28907.584,36054.168,30185.084,26696.084,18443.111,36657.223,15469.777,31278.166,21303.166,18492.750,23653.111
21466.439,28462.801,37086.301,22939.000,28731.666,34488.332,29689.666,26137.334,18081.555,36273.223,15429.889,30601.500,21163.666,18214.334,23018.111
20970.080,27973.449,36756.449,22414.250,28357.334,33816.668,29341.084,25620.500,17713.889,35905.555,15091.223,30001.500,21376.500,17884.584,22308.111
21109.279,27637.551,36283.949,22925.834,28151.000,33870.668,29250.250,25202.750,17480.889,35666.109,14900.889,29255.334,21397.834,17727.750,21860.334
19783.320,27127.650,35791.750,23253.084,28114.666,32279.416,29154.916,24800.666,17324.445,35308.000,14624.667,28934.666,20692.834,17582.500,21351.334
18862.961,26729.100,35417.648,23785.000,27841.500,31093.834,28821.250,24143.250,16877.777,35013.891,14530.111,28270.166,20245.666,17365.584,21012.777
18816.760,26078.150,34839.699,23308.334,27516.666,30781.584,28516.584,23684.584,16588.889,34594.223,14307.000,27532.500,19854.000,17228.000,20625.777
19219.199,25669.051,34351.699,22381.416,27361.250,30982.750,28469.916,23237.000,16265.667,34403.891,13976.556,26663.500,19611.500,16996.916,20183.000
18225.641,25181.051,33915.898,21407.834,26857.916,29534.416,28197.334,22653.750,16051.000,34429.332,13793.777,26654.834,19340.166,16730.084,19808.555
17746.680,24615.949,33346.199,20558.250,26810.666,29171.500,28000.250,22097.000,15932.777,33859.109,13653.223,25955.666,19010.500,16624.334,19338.334
18821.080,24808.801,32774.801,20037.000,26492.834,31095.000,27864.834,21718.084,15599.000,33558.000,13382.223,25490.500,18695.666,16381.167,18959.555
18343.199,24561.699,32388.199,19612.834,26015.084,29862.666,27463.250,21272.834,15352.889,33149.777,13228.223,24808.500,18367.834,16240.917,18582.111
17476.721,23742.850,31976.449,19330.250,25539.166,28317.916,26796.916,20786.834,15092.111,32663.334,13107.777,24302.334,18175.666,15977.500,18244.445
18185.881,23857.850,31506.551,19097.834,25399.584,29073.000,26726.834,20363.584,14971.444,32243.000,12989.223,23615.166,17814.666,15792.417,17761.777
19001.279,23979.051,31101.400,18816.166,25039.500,30570.166,26923.000,19998.666,14690.889,31762.777,12732.333,22878.666,17708.666,15554.333,17788.445
18032.119,23605.900,30668.650,18523.916,24890.584,29204.666,25574.834,19515.000,14589.111,31328.666,12608.777,22490.334,17437.000,15489.333,17442.111
17809.840,23267.350,30232.449,18112.584,24531.084,28338.250,26110.750,19140.416,14221.333,30731.111,12395.111,22021.834,17239.334,15287.000,17137.889
18430.119,23386.750,29914.100,17936.916,24500.250,29764.000,26818.000,18913.250,14209.000,30612.777,12363.111,21721.500,17042.166,15160.083,16896.223
17921.240,23173.500,29517.949,17607.416,24305.416,28411.166,26575.834,18448.166,13988.777,30188.223,12158.556,21494.834,16873.666,15081.333,16688.223
16903.881,22539.250,29254.801,17365.916,23793.000,26786.000,26253.584,18115.084,13788.667,29677.555,12143.333,20921.500,16592.000,14850.167,16360.111
17667.721,22360.150,28759.600,17128.000,23698.834,27212.916,25826.834,17872.334,13747.777,29305.334,12247.223,20447.334,16161.833,14690.583,16076.556
18682.881,22779.199,28540.750,16874.166,23319.916,29985.500,26411.250,17460.000,13420.333,28903.111,12232.444,20158.166,16280.000,14552.583,16228.111
18078.561,22654.199,28135.301,16684.916,23322.250,28872.584,26632.416,17199.250,13431.444,28494.666,12206.444,19958.334,16046.167,14368.667,16000.556
17056.199,22182.600,27766.051,16692.750,22911.584,27078.916,26171.500,16900.416,13162.111,28192.555,11924.889,19477.000,15797.833,14315.583,16051.889
17561.039,22070.750,27535.750,16419.584,22771.250,27527.834,26150.166,16569.834,13028.333,27806.555,11924.000,19144.834,15367.500,14120.250,15909.667
18463.760,22771.400,27252.400,16137.250,22612.084,29206.584,27132.084,16407.834,12850.111,27622.666,11709.556,18886.666,15252.833,14078.583,16077.333
18112.881,22832.250,26966.650,15925.500,22400.416,27968.166,27217.584,16089.917,12778.444,27292.555,11637.000,18719.000,15299.333,13865.750,15964.667
17257.279,22433.949,26695.699,15779.917,22112.166,26670.000,26412.750,15818.167,12599.223,26970.223,11407.111,18346.500,15235.333,13802.000,15738.556
17615.240,22353.350,26392.199,15628.917,21956.666,27353.750,26641.500,15483.250,12473.667,26662.111,11371.889,18006.000,14899.667,13702.167,15703.667
17389.680,22350.400,26132.301,15383.833,21807.750,26699.750,26752.916,15280.500,12446.556,26436.889,11207.444,17820.834,14863.000,13686.500,15614.889
16500.600,21766.000,25715.100,15163.083,21505.584,25039.084,26240.916,15193.333,12322.777,25948.445,10999.889,17404.334,14581.333,13476.333,15387.333
17351.000,21953.150,25331.801,15046.250,21126.666,26230.334,25948.500,14895.250,12243.333,25645.777,10873.444,17140.834,14508.333,13316.917,15335.444
18347.320,22763.750,25065.600,15138.583,20910.416,27994.834,26601.250,14618.417,12232.777,25540.000,10676.889,17013.666,14498.333,13331.667,15762.889
17602.961,22652.199,24763.500,14834.000,20746.250,26749.166,26595.084,14413.917,11868.889,25117.555,10566.556,16844.334,14460.167,13156.833,15898.556
16870.961,22032.801,24524.750,14674.667,20563.916,25371.250,26223.666,14259.917,11934.777,24762.777,10454.333,16792.500,14305.500,13087.167,15551.556
17593.600,22106.350,24288.699,14514.917,20304.584,26393.750,26357.334,14142.500,11864.223,24572.555,10288.333,16467.000,14387.833,13033.917,15742.000
16956.760,21855.400,23936.150,14269.333,20238.416,25254.834,26144.250,13835.083,11754.556,24402.666,10292.223,16214.167,14067.500,12827.750,15720.777
16206.920,21164.051,23595.150,14094.417,19961.084,23814.166,25865.750,13756.000,11618.667,23949.445,10217.111,15881.167,13968.000,12805.333,15384.000
16784.400,21047.000,23362.750,13978.833,19759.334,23814.000,25690.834,13508.917,11469.111,23778.445,10158.223,15481.500,13850.667,12641.250,15255.777
17743.320,21645.199,23215.949,13889.917,19507.584,25599.250,25968.000,13379.750,11546.667,23502.000,10081.000,15336.167,13969.167,12620.917,15486.111
17078.801,21561.350,22981.551,13721.250,19392.000,24516.500,26054.416,13195.667,11483.111,23391.000,10123.667,15388.333,13683.500,12525.500,15529.000
16281.320,20942.750,22563.100,13727.667,19143.416,23237.584,26019.000,13008.417,11272.777,23094.445,9912.444,15117.000,13552.167,12406.583,15362.333
16240.000,20655.150,22299.750,13566.250,18932.250,22742.334,25107.000,12756.083,11185.889,22798.445,9896.556,14909.500,13256.667,12314.083,14969.333
16840.160,21016.449,22058.949,13443.417,18828.000,23447.666,24852.416,12666.667,11064.000,22685.889,9888.333,14752.667,13172.167,12302.833,14837.333
16095.320,20321.850,21815.301,13278.167,18748.916,22467.916,24835.000,12549.167,11119.000,22556.666,9865.444,14620.500,12976.500,12230.583,14752.000
15451.280,19824.250,21558.500,13296.333,18460.000,21094.834,24359.334,12382.500,10897.889,22391.666,9717.777,14741.667,12906.167,12165.083,14431.444
16317.080,19810.850,21272.051,13163.750,18179.250,22037.250,24175.916,12096.667,10644.111,22026.334,9590.444,14367.833,12605.333,12019.833,14276.333
16516.400,19848.750,21091.750,13081.000,18121.000,22531.000,24510.584,12042.750,10666.889,21782.666,9491.777,14247.000,12589.833,11921.500,14629.111
15728.560,19250.150,20670.301,12681.750,17816.084,21317.500,23821.666,11857.250,10575.000,21585.777,9423.333,14033.833,12574.333,11877.167,14478.223
16667.961,19782.600,20619.699,12540.583,17737.750,22950.334,24233.250,11648.833,10543.667,21343.555,9398.556,13880.833,12304.833,11830.583,14474.777
17821.439,20725.301,20606.900,12620.167,17654.416,25179.750,25296.166,11639.750,10464.111,21236.000,9371.889,13923.167,12275.000,11794.167,14915.223
17218.000,20922.350,20510.199,12437.833,17604.500,24158.916,25503.416,11574.917,10468.333,20989.334,9250.000,13841.500,12362.500,11751.667,15348.333
16266.680,20275.650,20369.199,12298.167,17428.916,22691.500,25262.750,11487.583,10381.223,20757.111,9256.444,13446.000,12350.167,11713.667,14960.223
16731.961,20312.301,20054.051,12304.417,17176.916,22902.166,25139.166,11383.083,10259.444,20500.777,9113.111,13294.000,12256.167,11686.750,14839.333
17512.240,20926.949,20207.801,12310.167,17133.334,24240.666,25473.584,11424.583,10383.889,20452.223,9210.111,13300.833,12207.167,11730.583,15213.223
16752.439,20549.699,19989.900,12255.583,17015.250,22905.416,25591.416,11329.500,10226.889,20191.666,9079.889,13124.167,12095.833,11657.667,14970.333
16120.000,20069.801,19789.051,12111.917,16891.416,21891.916,24934.500,11128.167,10185.223,20083.445,9037.223,13198.833,11986.167,11460.667,14786.111
16852.641,20256.750,19572.000,11974.583,16675.084,23113.750,24938.834,11042.083,10159.000,19854.666,9016.444,13054.333,11893.833,11394.250,14729.777
16512.840,20469.000,19556.900,12054.417,16536.000,22856.000,24735.416,10988.000,10101.000,19604.111,8967.333,13000.333,11846.167,11383.250,14811.333
16020.920,20014.449,19220.750,12037.917,16336.833,22143.584,24217.000,10952.583,10060.556,19389.334,8891.000,12737.333,11770.333,11319.833,14637.444
17515.641,20801.551,19611.850,12200.583,16078.083,25315.000,24401.166,11141.667,10132.333,19426.111,9005.889,13048.167,11708.000,11231.167,15039.000
18790.000,22089.699,20939.600,12840.250,16196.000,27795.750,25738.084,12090.333,10535.777,19883.000,9169.333,13773.833,11907.833,11479.333,16479.000
19500.439,23102.350,22412.900,13587.000,16430.250,28822.666,26555.166,13236.417,10938.111,20835.111,9427.889,15088.667,12292.667,11629.000,18378.223
19954.760,23309.850,23856.500,13958.833,16914.500,28672.334,26811.916,14680.667,11192.777,21716.555,9790.000,16631.000,12548.000,11694.417,19758.111
21156.000,24147.449,25080.801,14371.333,17392.334,30967.584,27511.416,16244.167,11652.000,22615.111,10180.777,18022.334,12792.667,11928.917,21406.889
22169.160,25071.400,26256.301,14899.667,17900.834,33103.000,28282.334,17560.250,12093.111,23530.111,10544.777,19858.834,13066.000,12101.667,22681.889
22688.801,25971.850,27757.850,15521.417,18570.416,33663.000,28912.916,19074.334,12585.777,24256.111,11181.556,21529.834,13221.500,12333.750,23517.555
23077.199,26801.051,28814.000,16289.333,19163.500,35440.668,29240.584,20743.834,13204.556,25263.223,11867.556,23717.834,13476.000,12634.917,24256.777
23127.721,27419.600,29559.500,17246.166,19769.084,35657.832,29496.334,21690.916,13566.333,26169.334,12484.223,25575.000,13656.500,12721.417,24484.666
23595.721,27991.551,30291.000,17826.500,20319.834,36740.000,29546.916,22991.166,14105.556,27271.555,12994.889,27459.500,13936.500,13127.000,24601.334
23791.721,28472.150,31022.600,18521.916,20939.666,37448.918,29912.500,24182.334,14626.444,28055.666,13643.889,28944.834,14137.333,13145.583,24669.889
23699.760,28900.000,31769.801,19092.250,21513.166,37300.168,30045.084,25046.584,15129.889,28976.777,14309.667,30333.166,14589.167,13362.083,24493.000
23616.279,29073.150,32245.699,19673.084,21865.500,37591.918,29910.750,25769.084,15798.000,29880.111,14683.000,31101.666,14822.333,13467.583,24395.111
23615.480,29241.301,32626.449,20041.084,22170.000,37660.418,29930.916,26370.000,16057.444,30543.000,15151.333,31682.334,14908.667,13575.667,24129.777
23483.721,29302.301,32935.648,20428.334,22508.584,37488.418,29735.416,26789.416,16272.667,31006.111,15496.000,32224.000,15437.833,13702.750,24143.889
23589.600,29371.350,33155.051,20860.834,22769.666,37646.832,29839.250,27117.666,16551.334,31536.111,15830.111,32649.834,15804.333,13839.583,23778.334
23788.881,29643.750,33637.801,21382.334,23079.916,37875.168,29757.666,27539.916,16778.223,32046.555,16368.556,32755.334,16120.833,13859.417,23720.666
23800.840,29846.449,33993.449,21756.666,23460.584,37765.332,29127.750,27941.916,17274.223,32599.666,16778.223,32976.168,16479.000,14078.250,23752.334
23683.680,29876.500,34380.602,21981.584,23744.334,37851.418,29643.834,28270.666,17654.666,32947.000,17166.889,32918.000,16648.834,14130.917,23584.777
23720.961,29963.801,34641.852,22415.584,24041.666,37621.082,29646.666,28309.916,18009.555,33231.668,17446.111,33216.832,17021.666,14350.917,23602.111
23808.520,30021.949,34765.551,22696.416,24094.916,37735.832,29516.084,28496.500,18247.445,33415.223,18009.555,33397.000,17447.000,14545.750,23534.334
23657.721,29880.801,34970.551,23152.584,24273.666,37728.500,28680.416,28419.666,18485.223,33518.668,18272.445,33442.168,17710.000,14646.333,23285.334
23699.480,29976.600,35188.602,23311.500,24249.416,37673.250,28683.834,28443.666,18596.555,34014.777,18574.777,33561.332,17956.500,14596.333,23241.555
23701.240,29918.650,35326.449,23512.084,24491.084,37723.582,29355.416,28447.084,18832.889,34329.445,18894.889,33350.668,18454.834,14718.500,23235.555
23564.320,29870.551,35636.949,23713.584,24823.916,37399.582,29604.334,28443.416,19174.111,34360.332,19232.777,33270.832,18711.666,14755.000,23293.223
23294.000,29738.801,35720.250,23989.834,25018.584,37072.250,29262.500,28323.166,19374.111,34576.223,19170.111,33327.332,18895.666,14839.083,22988.445
23213.480,29738.199,35511.602,24159.584,25028.000,37313.332,29108.416,28134.584,19480.777,34743.777,19143.334,32781.668,19143.834,15007.500,22905.445
23427.520,29696.801,35728.500,24354.084,25201.000,37431.000,29321.166,28203.584,19621.777,34834.891,19256.111,33090.500,19342.000,14952.083,22760.223
23115.240,29697.000,35834.199,24349.416,25242.334,37257.082,29289.000,28044.834,19851.445,34856.668,19374.111,32638.500,19474.666,15092.083,22817.111
23126.359,29729.301,35735.352,24380.334,25444.750,37319.082,29479.000,27894.584,19930.666,34965.555,19398.223,32633.834,19500.000,15025.250,22810.000
23003.279,29490.100,35748.648,24373.916,25430.666,37238.168,29372.666,27337.084,19969.334,34827.668,19317.889,32446.000,19261.166,15138.167,22484.666
23143.199,29468.000,35527.148,24127.250,25510.334,37053.418,28861.916,27196.666,19781.889,34576.891,19361.777,32264.000,19460.334,15254.000,22402.223
22942.400,29267.500,35394.148,24120.000,25429.584,36676.918,29098.500,26821.334,19775.555,34355.332,19073.223,32057.666,19476.666,15207.000,22098.334
23225.359,29346.500,35408.898,23979.000,25380.334,37039.250,29136.334,26491.000,19806.889,34034.332,18973.223,31524.166,19077.666,15145.250,22140.223
23306.119,29455.400,35471.398,23839.916,25651.916,37268.668,29251.334,26576.834,19882.000,34228.332,18998.889,31617.166,19047.500,15305.417,22457.666
23000.721,29618.600,35508.949,23711.666,25643.500,37109.750,29021.916,26693.500,19856.445,33970.891,18933.334,31374.000,18926.334,15433.083,22524.111
23119.801,29501.949,35536.398,23667.916,25526.084,36956.832,28754.500,26406.834,19894.334,34032.332,18849.000,31416.666,18932.666,15593.250,22666.000
23172.359,29409.301,35666.648,23790.416,25728.916,37009.750,28920.084,26546.666,20213.000,33995.109,18897.334,31162.500,18937.500,15741.833,22852.000
23026.561,29401.150,35785.051,23813.584,25773.834,37082.168,29067.084,26474.000,20175.334,33844.109,18855.777,31089.166,18677.000,15740.667,22769.666
22625.039,29143.301,35488.949,23752.500,25728.916,36531.500,28862.750,26436.584,20503.223,33924.891,18955.111,31112.666,18825.000,15741.083,22562.334
22799.480,29108.801,35515.148,23706.000,25842.666,36728.832,28984.584,26321.916,20392.000,33958.891,18995.111,31064.666,18670.334,15692.750,22548.889
22878.840,29070.801,35554.500,23610.584,25696.416,36818.832,28850.834,26314.084,20588.334,33887.332,18899.000,30683.666,18599.000,15748.333,22510.555
22259.840,28818.699,35289.648,23662.250,25557.916,36299.168,27818.084,25970.500,20506.666,33475.777,18684.666,30684.166,18563.666,15523.000,21976.000
21916.199,28527.699,35035.750,23266.584,25359.834,35651.418,28335.666,25645.584,20437.777,33358.109,18552.111,30185.666,18454.500,15499.083,21633.555
22537.160,28394.400,34904.852,22988.750,25302.334,36127.668,28382.666,25233.250,20422.666,33025.668,18287.666,29853.000,18397.500,15332.750,21481.223
22959.561,28587.949,34980.699,23217.584,25136.416,36437.000,28674.584,25264.666,20447.000,33174.332,18205.000,29365.500,18441.166,15320.333,21695.555
22749.721,28763.949,35072.148,23479.584,25068.834,36438.332,28945.834,25221.666,20458.889,33292.777,18214.555,29287.334,18559.166,15536.583,22162.334
22640.840,28633.750,35110.852,23419.500,25058.500,36433.000,28943.166,25037.916,20401.777,33079.445,18072.334,29368.666,18670.334,15442.500,22522.223
22874.320,28775.301,35132.051,23255.834,24946.416,36698.918,28787.250,24843.834,20420.666,33105.223,18285.111,29178.334,18749.166,15319.000,22573.111
22743.881,28752.650,35319.199,23393.166,25043.416,36461.250,29160.750,24899.166,20458.111,32997.668,18170.000,29180.166,18795.834,15485.667,22458.777
22330.721,28552.051,35484.949,23449.084,24994.084,36211.250,29065.166,24855.500,20580.334,32736.555,18319.889,29064.166,18790.334,15374.917,22375.666
22606.961,28522.600,35416.449,23377.334,24786.916,36598.332,28992.500,24874.166,20540.334,32608.334,18449.334,28925.666,18654.000,15463.167,22069.666
22711.439,28561.100,35588.301,23460.416,24814.500,36570.082,29023.416,24802.250,20764.223,32465.445,18481.555,29028.166,18620.666,15357.417,22084.445
21983.320,28158.199,35663.398,23439.166,24638.166,35813.082,29085.166,24403.584,20769.777,32385.555,18412.555,28839.166,18655.666,15456.417,21970.334
21553.641,28027.199,35395.301,23209.584,24438.750,34936.082,28543.666,24218.416,20535.666,32283.111,18180.445,28192.666,18318.666,15227.417,21577.334
22003.801,27958.650,35496.199,23389.084,24676.584,35422.250,28654.416,24002.166,20421.666,31857.223,18152.777,28147.666,18556.000,15234.667,21484.223
22421.400,27945.250,35466.301,23173.750,24516.750,35886.418,28768.250,23985.750,20536.777,32086.555,18367.777,28033.834,18468.666,15227.417,21586.445
22598.160,28046.199,35536.199,23473.916,24425.334,35916.332,28926.166,24064.416,20560.223,31968.223,18376.777,28144.666,18472.166,15165.750,21777.223
22456.279,28050.301,35422.852,23442.584,24316.834,35931.918,28814.166,23965.750,20505.777,31925.223,18448.777,28148.500,18292.334,15111.083,21746.666
22498.320,28069.301,35424.699,23304.166,24408.166,35907.668,28743.250,24030.000,20722.777,31928.000,18214.111,28150.666,18518.666,15070.500,21633.111
21623.439,27923.350,35114.449,22993.084,24133.250,35352.332,28429.500,23837.084,20433.889,31899.889,18065.223,28009.334,18498.834,14947.500,21422.000
20389.840,27530.750,34753.551,22574.500,23852.250,33186.582,27826.000,23493.500,20331.777,31637.223,17816.666,27382.334,18347.334,14807.833,21059.111
20554.801,27328.650,34248.449,22231.166,23559.750,33436.000,27630.916,23157.750,19890.334,31316.000,17500.334,26836.334,18094.500,14585.250,20630.666
20971.480,27159.051,33799.000,21940.166,23434.250,34117.750,27309.084,22943.584,19955.666,30958.223,17275.666,26417.500,18070.166,14578.667,20493.445
20761.760,27135.000,33715.500,21768.500,23456.000,33806.168,27381.916,22713.000,19575.889,30875.111,17190.000,26170.000,17971.334,14594.750,20352.666
19703.760,26691.150,33264.648,21385.334,23314.584,31855.084,26924.500,22351.666,19305.777,30362.445,16937.334,25476.500,17765.834,14475.917,19805.445
19382.199,26289.551,32901.500,20865.584,22965.834,31630.000,26686.916,21905.584,19019.889,30171.666,16768.445,25098.666,17489.334,14272.750,19338.111
19632.961,26016.699,32678.500,20668.416,22867.666,31808.500,26637.666,21731.916,18777.555,29874.223,16686.445,24691.834,17563.334,14264.250,18986.111
18910.641,25584.400,32217.000,20521.666,22622.416,30058.416,26443.834,21200.916,18556.555,29593.223,16324.111,24383.000,17412.666,14106.917,18633.555
18960.400,25344.750,32017.051,20516.334,22433.500,30324.334,26413.916,20928.750,18246.666,29184.445,16135.667,23961.000,17038.500,13935.333,18372.555
19222.680,25296.551,31744.449,20122.666,22211.334,30571.916,26279.416,20626.416,18162.000,28770.555,16034.111,23279.500,17080.334,13867.500,18083.111
18252.920,24861.551,31505.150,19741.834,22170.334,28811.916,25648.834,20259.584,18019.777,28484.223,15751.556,23294.666,16895.834,13801.000,17971.777
17940.920,24594.500,30939.801,19320.416,21787.334,28665.166,25112.834,19882.750,17605.445,28185.445,15479.777,22438.834,16931.834,13645.333,17548.666
18358.961,24415.500,30757.051,18934.084,21631.584,29650.000,25468.750,19407.334,17443.111,27611.666,15407.444,22147.166,16615.666,13549.167,17542.000
17721.080,24269.850,30357.900,18537.166,21375.584,28352.834,25062.834,19162.500,17305.111,27377.777,15138.444,21605.334,16626.666,13545.417,17213.223
16953.119,23655.051,29962.199,18116.666,21092.250,26799.750,24458.084,18734.166,17024.445,26908.555,14728.444,21399.834,16362.833,13444.583,16984.445
17498.119,23544.801,29560.400,17937.500,20896.500,27813.416,24308.584,18415.416,16888.223,26538.223,14478.667,20888.334,16123.500,13346.500,16716.223
17821.561,23520.949,29397.600,17603.166,20732.584,28150.834,24577.584,18247.000,16567.555,26146.445,14376.111,20507.166,16361.833,13225.917,16735.889
16918.721,23176.949,29129.301,17426.250,20413.750,26618.084,24153.416,17898.250,16433.445,25888.223,14205.667,20183.334,16138.333,13121.583,16564.223
17189.439,23138.250,28790.100,17191.166,20359.666,27033.916,23845.166,17654.584,16222.556,25656.445,14004.889,20020.000,15793.333,13105.750,16416.334
17756.400,23145.051,28640.650,16956.084,19952.000,27847.584,24159.166,17391.834,16079.667,25386.777,13688.667,19431.834,15700.000,12869.833,16525.111
17288.760,23134.650,28334.199,16877.166,19869.334,26772.666,23959.334,17142.166,15851.444,25034.334,13618.556,19476.834,15797.167,12847.000,16544.777
16638.160,22622.650,27896.900,16545.834,19644.834,25622.666,23556.250,16853.084,15669.889,24710.889,13439.000,18976.500,15603.833,12786.250,16144.556
17115.199,22642.051,27742.301,16508.584,19534.500,27252.334,23720.084,16574.500,15483.223,24581.777,13247.223,18443.500,15531.833,12624.333,15912.333
17643.240,22844.150,27536.699,16373.583,19363.916,27901.166,23946.584,16526.334,15375.444,24207.555,13179.667,18409.166,15484.333,12708.917,16253.777
16711.240,22458.949,27394.699,16282.250,19287.250,26197.000,23734.250,16337.500,15216.223,24103.334,13075.333,18169.666,15479.000,12695.083,16092.556
16177.840,22065.750,26946.250,16078.667,19308.584,25237.666,23788.584,16021.667,15103.223,23841.777,12870.333,17867.000,15339.167,12537.500,15726.111
16585.359,22102.100,26815.900,15836.583,19037.250,26298.584,23869.834,15882.833,14913.444,23536.666,12805.444,17670.000,15191.833,12498.500,15808.223
16187.360,22091.400,26645.850,15896.417,18781.834,25905.750,23766.500,15745.917,14729.667,23145.666,12550.111,17292.000,14951.167,12432.417,15784.667
15586.480,21632.801,26372.350,15763.250,18778.334,24598.000,23428.166,15394.667,14512.667,22830.777,12293.777,17025.666,14957.167,12350.917,15544.556
16150.280,21624.500,26152.750,15583.250,18582.834,25785.334,23443.584,15255.083,14458.444,22753.666,12344.111,17005.500,14754.833,12374.250,15524.444
17024.000,21838.449,26113.850,15587.667,18508.666,27287.834,23945.084,15169.000,14441.444,22559.445,12211.000,16581.834,14917.500,12238.167,15932.777
16354.560,21698.150,25862.051,15545.833,18319.500,25861.834,23650.584,14991.000,14074.444,22315.777,12168.667,16502.666,14866.500,12178.417,16121.777
15558.160,21295.301,25570.449,15268.917,18214.084,24515.500,23412.916,14800.833,14085.111,22028.111,11999.444,16334.500,14653.167,11971.583,15835.777
15653.560,20976.750,25286.500,14831.167,18057.416,24593.666,23239.000,14501.333,13847.777,21787.666,11906.333,16062.000,14479.500,12015.583,15633.000
16020.200,20976.449,24996.750,14480.083,17775.166,25162.584,22810.834,14580.917,13866.889,21601.000,11932.444,15923.667,14509.667,12032.500,15750.667
15285.760,20661.400,24502.801,14252.250,17647.584,23878.416,22306.500,14299.083,13712.667,21398.555,11786.667,15703.833,14364.167,11835.583,15538.333
14789.440,20231.100,24281.100,14183.500,17400.916,23277.916,21930.334,14120.917,13500.000,21151.223,11493.111,15396.167,14272.000,11814.250,15210.889
15493.440,20394.699,24015.551,13967.417,17317.584,24471.250,21886.084,13911.083,13429.223,20923.223,11488.889,15245.667,14180.500,11749.750,15143.777
15553.880,20451.051,23710.750,13868.333,17053.084,24644.250,22029.584,13900.167,13308.889,20775.334,11420.223,15110.167,13899.667,11560.167,15231.777
14709.480,20097.051,23428.750,13519.417,16934.250,23333.666,21515.166,13729.417,13145.556,20437.111,11258.556,14828.833,13936.500,11607.833,14908.444
14424.040,19813.650,23046.500,13391.667,16758.416,23003.250,20946.084,13501.667,13032.111,20231.223,11125.223,14646.333,13772.000,11458.250,14643.111
15190.640,20025.051,22863.051,13318.833,16682.166,24393.584,21238.916,13431.083,12897.333,20031.777,11125.000,14419.667,13648.000,11377.667,14783.777
14887.280,20084.400,22456.600,13123.167,16541.750,23834.416,21048.416,13210.917,12924.444,19873.445,11003.889,14397.000,13583.667,11373.167,14732.777
14188.680,19785.301,22366.551,13139.917,16393.166,22767.584,20540.000,13093.333,12761.223,19708.666,10805.777,14104.333,13527.000,11223.750,14414.444
14644.800,19768.100,22099.250,13017.750,16291.417,23852.584,20671.584,12960.667,12641.889,19518.223,10878.333,14006.333,13447.167,11155.833,14310.667
14074.360,19845.551,21727.150,12915.583,16249.917,22888.084,20488.584,12790.667,12460.111,19397.777,10781.111,13854.333,13358.500,11183.333,13960.777
13412.040,19419.650,21385.650,12676.333,15969.000,21572.834,20049.916,12713.917,12385.223,19092.666,10594.333,13667.667,13234.667,11066.167,13786.444
13678.000,19411.500,21203.850,12619.833,15902.500,22271.166,19585.334,12509.167,12142.777,18912.445,10550.777,13532.333,13063.833,11012.667,13375.444
14530.120,19571.100,21104.100,12637.167,15849.917,23825.416,19982.916,12508.667,12087.223,18680.666,10386.777,13410.167,13071.500,10983.750,13382.333
14032.400,19588.400,20814.699,12371.917,15595.250,22992.666,20000.166,12334.000,12013.223,18645.000,10381.223,13244.833,12964.500,10852.667,13313.111
13515.840,19274.250,20606.900,12064.917,15603.750,21958.000,19572.000,12191.417,11984.111,18332.334,10340.223,13078.000,12949.833,10831.917,13036.000
13993.200,19622.949,20320.250,11971.833,15282.167,22956.666,19655.584,12138.583,11844.444,18251.555,10172.000,12891.000,12981.167,10695.750,13052.333
14550.160,20039.100,20358.600,12080.750,15286.917,23950.250,20001.750,12043.667,11909.556,18196.000,10152.889,12796.333,12793.167,10700.500,13332.889
13750.680,19570.850,20153.699,11903.167,15237.750,22755.166,19644.916,11942.250,11739.000,18097.000,10149.000,12725.333,12703.667,10735.583,13128.777
13579.360,19477.400,19765.199,11754.500,15069.083,22388.834,19280.334,11727.417,11761.111,17790.000,9872.777,12638.333,12616.833,10555.250,12821.889
14104.080,19855.949,19747.350,11682.083,14984.667,23231.916,19259.166,11725.750,11643.000,17620.666,9953.223,12477.333,12576.500,10521.250,12968.223
13405.400,19550.850,19603.350,11526.750,14871.833,21911.750,18878.834,11499.000,11646.444,17515.666,9809.667,12391.500,12466.000,10455.750,12689.777
13504.440,19570.250,19379.150,11369.417,14775.583,22125.416,18881.000,11392.167,11592.556,17371.000,9781.889,12214.500,12408.167,10375.083,12622.889
13112.640,19402.400,19332.100,11317.500,14728.667,21249.666,19474.334,11292.000,11679.889,17298.111,9858.111,11988.500,12385.667,10447.250,12656.333
12651.800,19123.449,19248.100,11503.250,14676.000,20737.416,19947.500,11260.750,11494.223,17134.777,9676.777,11988.167,12161.833,10396.833,12385.111
12404.520,18801.100,18824.301,11595.333,14477.500,20100.000,19899.916,11022.500,11245.111,16972.777,9663.333,11844.667,12424.500,10309.000,12496.556
