3394.040,3294.400,4166.300,3597.167,3771.750,4123.250,4573.000,3601.583,3671.000,3648.444,3130.000,3010.833,3275.000,3283.750,2972.333
3396.800,3293.500,4157.150,3632.167,3727.667,4180.500,4553.000,3598.583,3604.556,3638.889,3190.000,2997.167,3342.500,3300.583,2934.111
3392.360,3285.550,4174.600,3593.417,3760.333,4116.417,4568.417,3601.500,3629.556,3620.333,3197.667,3020.833,3284.167,3276.667,2947.778
3371.360,3294.400,4154.700,3591.333,3754.917,4118.833,4556.917,3571.167,3649.333,3607.333,3191.667,2985.167,3273.667,3319.083,2909.778
3481.400,3283.800,4177.700,3598.083,3741.083,4246.917,4655.583,3587.167,3570.556,3637.778,3167.889,3000.333,3253.667,3300.500,2948.556
3544.680,3259.900,4171.450,3577.750,3720.000,4357.667,4741.667,3550.917,3611.111,3605.222,3178.111,3004.333,3301.833,3331.833,2912.556
3532.120,3267.350,4162.250,3524.917,3761.333,4281.417,4731.833,3576.917,3586.333,3610.889,3176.333,2995.667,3319.500,3292.250,2965.889
3534.640,3251.800,4157.150,3525.417,3727.500,4308.833,4746.250,3564.750,3621.889,3597.333,3189.222,2946.000,3313.833,3291.833,2939.556
3520.200,3239.650,4143.350,3541.667,3745.000,4229.417,4705.500,3562.917,3575.778,3598.889,3183.000,2930.667,3378.500,3292.417,2907.333
3481.640,3278.850,4146.350,3552.667,3733.083,4262.667,4706.000,3552.000,3612.556,3577.000,3186.333,2978.000,3388.500,3286.583,2925.000
3479.760,3271.150,4148.400,3539.167,3741.250,4288.500,4724.833,3550.583,3613.000,3593.778,3172.000,2953.333,3319.667,3315.417,2902.000
3497.400,3233.900,4145.750,3525.000,3672.500,4265.833,4723.917,3564.250,3610.778,3590.444,3178.333,2980.667,3319.167,3304.500,2950.111
3454.880,3249.600,4147.400,3543.833,3727.167,4255.667,4682.167,3568.000,3594.111,3611.222,3166.889,2976.500,3321.167,3358.917,2912.889
3502.360,3239.650,4119.750,3525.500,3722.167,4292.000,4644.167,3572.667,3565.889,3618.889,3153.444,2916.167,3295.500,3339.583,2949.889
3468.360,3255.750,4144.500,3503.750,3691.667,4259.167,4679.333,3553.500,3629.333,3582.333,3226.000,2997.667,3279.833,3286.167,2915.000
3470.280,3226.550,4096.850,3520.917,3723.917,4239.500,4657.750,3559.333,3632.000,3610.444,3192.778,2977.500,3274.000,3322.000,2945.333
3471.720,3240.700,4155.900,3519.333,3729.667,4244.583,4645.917,3567.250,3593.778,3560.778,3178.333,2964.333,3381.333,3313.833,2918.333
3475.520,3244.950,4110.500,3535.083,3766.500,4236.333,4645.000,3571.000,3616.444,3584.778,3177.778,3011.000,3353.333,3308.167,2972.000
3443.560,3253.700,4133.950,3549.583,3751.417,4289.500,4679.417,3577.500,3595.444,3569.556,3173.333,2943.167,3305.333,3314.750,2909.000
3429.640,3244.800,4117.550,3506.583,3750.500,4259.750,4628.083,3564.917,3632.556,3605.667,3145.444,2989.333,3343.500,3356.333,2905.444
3434.160,3268.700,4130.200,3534.667,3729.917,4244.500,4635.417,3548.500,3656.000,3533.778,3195.778,2963.833,3312.833,3340.250,2938.778
3462.600,3227.650,4121.100,3525.250,3702.833,4234.167,4615.750,3566.667,3600.556,3619.111,3183.333,2974.000,3308.500,3351.083,2921.222
3457.960,3245.200,4131.650,3517.667,3696.083,4239.750,4608.667,3545.417,3600.000,3541.333,3200.000,2966.833,3321.500,3304.000,2923.222
3443.080,3234.550,4111.450,3481.833,3698.083,4276.000,4670.167,3553.000,3586.111,3554.333,3189.667,2977.833,3300.500,3363.500,2935.333
3448.400,3253.050,4154.450,3472.500,3697.250,4236.750,4673.167,3507.583,3565.889,3544.556,3181.889,2939.833,3305.167,3363.917,2933.000
3469.120,3246.850,4129.650,3515.750,3709.250,4216.333,4647.000,3517.833,3563.889,3605.889,3162.556,2936.167,3356.167,3353.167,2897.778
3456.160,3228.100,4155.000,3518.667,3722.417,4219.667,4657.333,3509.000,3556.111,3590.778,3181.889,2957.500,3355.167,3370.583,2931.000
3457.160,3246.950,4102.800,3523.250,3716.417,4223.750,4642.000,3491.833,3518.000,3555.778,3189.333,2980.667,3341.667,3337.917,2941.778
3438.800,3247.450,4120.750,3535.167,3665.000,4243.417,4621.833,3519.083,3543.889,3587.556,3191.111,2937.833,3336.000,3337.917,2922.778
3457.600,3267.150,4110.750,3527.667,3699.583,4251.833,4646.083,3498.167,3523.333,3618.778,3172.889,2965.500,3323.667,3326.167,2920.667
3452.120,3250.750,4121.650,3553.333,3694.250,4285.167,4625.917,3469.500,3537.778,3564.333,3147.000,2960.167,3296.167,3397.583,2897.000
3473.880,3236.000,4098.950,3533.750,3687.833,4288.917,4591.750,3472.167,3523.222,3615.667,3169.111,2925.667,3314.833,3341.000,2928.111
3471.840,3252.450,4094.900,3566.917,3686.417,4281.333,4622.833,3467.250,3506.111,3580.444,3174.556,2968.000,3301.000,3349.500,2931.333
3428.440,3250.100,4117.100,3554.583,3688.917,4292.917,4638.667,3449.250,3588.111,3576.889,3155.111,3009.333,3337.167,3394.417,2922.889
3448.720,3268.500,4084.350,3539.333,3680.667,4364.917,4584.000,3432.833,3536.333,3566.222,3184.222,2938.333,3349.833,3378.000,2954.444
3424.080,3281.100,4101.850,3559.250,3647.167,4289.333,4607.000,3448.417,3539.000,3598.778,3152.333,2970.667,3352.333,3386.417,2914.556
3431.600,3241.150,4085.500,3541.917,3652.583,4301.417,4629.167,3418.167,3561.000,3638.556,3192.111,2971.333,3336.000,3362.500,2928.444
3425.400,3225.600,4109.700,3546.583,3668.000,4265.500,4614.167,3435.417,3556.000,3601.222,3194.444,2944.833,3404.500,3352.167,2895.111
3413.000,3261.150,4072.550,3520.917,3669.333,4221.500,4614.167,3409.583,3549.333,3560.222,3160.444,2952.667,3316.333,3364.417,2895.000
3442.000,3265.650,4073.500,3495.750,3686.167,4270.167,4605.000,3443.250,3569.222,3586.111,3215.778,2979.667,3326.667,3381.167,2937.444
3443.960,3238.900,4108.900,3497.667,3678.000,4309.083,4536.083,3416.250,3572.778,3592.333,3213.333,2983.833,3308.667,3366.667,2928.222
3432.440,3250.700,4123.050,3515.167,3664.833,4240.417,4607.750,3430.000,3544.889,3588.444,3218.444,2973.167,3346.500,3361.083,2908.111
3467.280,3243.000,4082.550,3568.750,3638.250,4225.583,4590.083,3410.250,3582.000,3572.444,3229.556,2995.333,3358.000,3389.583,2952.000
3454.560,3267.800,4105.000,3522.750,3693.917,4245.083,4597.917,3415.500,3583.000,3559.111,3210.333,2986.167,3363.667,3351.667,2911.111
3429.280,3249.250,4110.050,3504.333,3654.417,4224.667,4548.250,3443.583,3547.778,3564.000,3201.667,2949.667,3351.667,3364.417,2956.556
3428.200,3251.500,4131.200,3557.583,3655.917,4279.750,4619.500,3406.333,3568.333,3587.556,3171.889,3001.000,3368.167,3398.000,2910.667
3448.120,3269.600,4104.000,3560.833,3669.500,4248.750,4614.667,3447.333,3576.889,3560.444,3190.778,2965.833,3360.333,3413.583,2928.556
3453.080,3269.650,4120.600,3553.000,3649.833,4297.917,4539.500,3446.167,3550.667,3578.222,3170.333,2950.833,3390.000,3377.250,2954.000
3446.200,3270.450,4076.450,3527.750,3684.083,4209.583,4598.167,3483.000,3534.556,3591.444,3149.778,2992.333,3345.500,3382.333,2918.000
3441.320,3260.650,4092.900,3524.833,3642.167,4246.833,4611.750,3427.500,3594.667,3550.000,3143.333,2982.333,3313.833,3380.667,2933.667
3444.160,3253.350,4090.650,3526.500,3669.333,4279.083,4594.417,3499.417,3580.444,3620.778,3149.778,2981.000,3390.833,3379.750,2906.222
3423.080,3238.000,4094.300,3542.250,3699.500,4243.667,4559.667,3471.500,3610.111,3610.222,3147.444,2973.167,3337.000,3363.250,2946.667
3434.360,3259.600,4097.500,3512.083,3699.917,4225.583,4594.667,3490.083,3541.333,3583.000,3163.444,3009.333,3307.500,3360.667,2950.556
3407.080,3264.100,4089.800,3542.333,3666.000,4227.250,4543.500,3438.917,3575.222,3574.000,3106.333,2996.333,3341.000,3373.333,2914.222
3452.560,3256.750,4110.600,3544.417,3692.417,4267.000,4590.583,3450.917,3604.778,3578.111,3126.667,2968.500,3331.333,3381.083,2908.667
3435.000,3250.950,4125.650,3529.583,3705.167,4266.333,4538.583,3421.083,3582.111,3565.111,3132.333,2988.833,3311.167,3381.333,2947.556
3428.120,3237.150,4100.650,3519.250,3637.917,4260.667,4549.167,3453.667,3564.111,3579.889,3145.444,2995.500,3367.667,3407.583,2914.889
3415.280,3271.450,4126.600,3496.083,3680.500,4262.417,4479.417,3454.917,3587.556,3532.778,3156.778,2966.000,3370.333,3408.833,2968.444
3406.800,3250.750,4108.450,3542.583,3667.833,4226.500,4526.083,3426.083,3528.556,3547.889,3117.889,2982.000,3379.333,3404.667,2927.444
3426.320,3231.800,4089.850,3540.583,3641.167,4233.250,4472.667,3416.167,3571.444,3573.889,3165.667,3001.333,3365.167,3391.167,2896.889
3387.800,3273.800,4072.150,3552.750,3682.833,4240.583,4519.000,3447.500,3522.333,3579.333,3141.111,2968.000,3333.667,3393.167,2912.333
3410.680,3247.550,4095.200,3530.417,3702.750,4266.750,4474.333,3392.583,3596.556,3575.444,3120.667,2977.000,3385.167,3372.917,2913.667
3424.600,3233.850,4102.500,3523.583,3678.917,4234.667,4457.417,3433.917,3576.889,3568.556,3100.778,2970.500,3293.000,3386.333,2926.667
3415.640,3241.650,4088.200,3542.250,3682.583,4245.833,4512.167,3443.417,3564.222,3589.667,3124.778,2983.167,3324.833,3400.000,2915.667
3440.560,3255.350,4070.650,3536.417,3691.667,4248.917,4483.000,3440.250,3555.000,3531.000,3125.000,3009.500,3330.333,3415.250,2928.778
3428.520,3253.250,4122.450,3501.583,3686.417,4256.417,4512.250,3395.667,3586.667,3598.111,3125.556,3006.500,3263.000,3374.583,2919.000
3413.680,3260.050,4123.450,3524.000,3633.667,4180.083,4534.667,3394.833,3577.444,3593.667,3179.889,2992.500,3318.833,3363.750,2933.111
3435.880,3241.700,4107.950,3509.667,3720.333,4199.500,4526.250,3437.500,3559.333,3579.778,3211.222,3100.833,3339.667,3370.333,2957.111
3424.640,3212.350,4125.850,3506.750,3679.000,4196.583,4500.083,3432.500,3562.222,3572.000,3161.111,3053.000,3305.000,3384.750,2920.889
3421.160,3252.050,4115.900,3567.833,3697.917,4223.250,4578.167,3447.167,3614.556,3495.889,3275.556,3055.167,3281.833,3359.667,2960.778
3453.880,3269.150,4116.850,3510.167,3654.167,4224.500,4494.917,3434.500,3566.000,3568.889,3196.111,3024.167,3308.833,3353.250,2937.889
3459.680,3243.950,4119.500,3522.500,3690.417,4235.833,4544.417,3416.417,3563.222,3566.778,3212.667,3113.667,3281.333,3358.583,2934.556
3436.560,3243.350,4118.350,3524.917,3701.083,4263.583,4487.167,3399.667,3587.111,3594.222,3236.889,3102.500,3264.167,3362.833,2922.778
3441.320,3250.300,4123.700,3522.750,3675.333,4212.333,4552.500,3461.750,3542.556,3531.333,3203.556,3095.500,3301.500,3381.500,2947.556
3455.120,3244.700,4119.550,3527.167,3678.167,4224.167,4541.000,3384.250,3571.889,3525.000,3206.222,3069.833,3300.833,3374.750,2926.444
3448.920,3275.750,4085.100,3547.833,3742.167,4231.750,4514.417,3376.833,3550.333,3551.222,3148.222,3026.500,3296.667,3370.417,2940.111
3440.840,3231.850,4108.100,3550.833,3700.917,4238.750,4436.917,3440.750,3565.444,3616.889,3107.667,2944.833,3385.333,3359.417,2937.778
3440.320,3253.800,4103.050,3490.167,3702.167,4216.583,4456.583,3439.083,3566.333,3642.667,3037.556,2982.833,3326.667,3366.500,2942.222
3436.320,3247.450,4092.150,3525.667,3712.583,4186.250,4412.500,3462.167,3554.444,3631.333,3045.333,2984.333,3345.000,3386.500,2914.778
3444.800,3231.450,4101.600,3542.500,3690.417,4223.917,4382.750,3451.000,3595.556,3655.111,3004.000,2986.000,3313.833,3384.167,2953.889
3468.640,3246.250,4133.350,3585.417,3720.833,4213.250,4413.333,3438.833,3562.333,3647.111,2978.667,2984.167,3345.167,3343.500,2914.556
3447.160,3240.300,4106.350,3559.083,3711.000,4224.500,4398.750,3430.583,3567.222,3627.111,3010.333,3010.833,3316.167,3376.250,2926.111
3451.280,3246.900,4104.600,3528.500,3704.167,4152.250,4446.083,3407.083,3587.333,3618.222,3007.000,3006.167,3284.667,3352.333,2923.111
3447.200,3254.350,4113.300,3544.833,3722.167,4179.917,4404.083,3422.583,3530.111,3611.222,3041.222,2980.167,3295.833,3336.167,2952.333
3477.600,3234.200,4087.100,3514.083,3694.583,4206.750,4411.667,3441.500,3557.667,3630.778,3023.889,3000.000,3294.833,3297.417,2925.667
3434.360,3266.550,4083.700,3510.250,3697.000,4206.000,4403.667,3460.167,3553.222,3630.111,3005.111,3027.667,3309.833,3335.667,2922.333
3462.120,3244.600,4110.900,3548.250,3673.167,4163.250,4431.833,3440.333,3544.222,3659.333,2981.889,3028.500,3333.833,3364.000,2936.556
3475.320,3248.950,4101.100,3545.583,3712.167,4193.417,4435.500,3435.583,3579.667,3635.444,3040.667,3036.667,3309.667,3303.667,2945.333
3439.560,3239.200,4093.600,3555.000,3741.583,4169.500,4424.167,3451.250,3596.333,3632.222,2995.000,3052.000,3352.167,3349.167,2927.222
3443.880,3255.800,4110.750,3570.917,3707.333,4197.750,4450.333,3432.167,3530.667,3629.444,2990.111,3006.833,3352.167,3325.333,2911.889
3448.840,3242.500,4090.700,3568.333,3717.250,4140.417,4463.833,3430.083,3615.333,3625.222,3012.222,3004.333,3343.500,3328.750,2930.222
3439.480,3257.550,4114.450,3564.917,3718.083,4125.333,4476.000,3443.167,3598.667,3613.444,3007.556,2971.167,3340.667,3357.167,2888.667
3468.480,3251.200,4106.050,3544.750,3735.000,4168.583,4439.083,3419.583,3586.333,3635.000,3054.778,3009.667,3303.167,3313.167,2964.667
3441.160,3249.800,4128.000,3542.750,3704.167,4152.083,4417.000,3479.833,3556.778,3672.333,3048.111,2933.333,3349.833,3341.583,2900.111
3445.360,3279.150,4144.450,3608.000,3724.583,4133.833,4458.167,3426.000,3573.000,3644.333,3042.111,2999.500,3341.833,3324.750,2903.111
3449.600,3258.750,4132.750,3571.833,3741.000,4116.750,4473.417,3458.500,3574.444,3648.556,3036.778,2982.333,3299.833,3335.250,2940.556
3442.360,3243.950,4112.950,3560.333,3709.667,4154.250,4435.750,3445.667,3544.111,3655.444,3040.111,2954.667,3330.333,3329.583,2940.222
3459.480,3242.700,4104.200,3532.667,3706.417,4132.083,4427.333,3397.667,3569.000,3641.778,3026.000,2979.167,3320.333,3314.167,2904.111
3461.000,3266.300,4108.750,3549.000,3719.917,4105.833,4465.833,3397.250,3554.000,3593.556,2982.889,2977.333,3394.667,3324.750,2928.556
3475.080,3222.650,4109.450,3581.167,3746.250,4168.917,4457.750,3415.750,3535.444,3630.444,3029.667,2961.000,3465.333,3333.500,2932.556
3458.720,3253.250,4120.150,3544.833,3738.167,4116.417,4446.750,3428.750,3582.111,3612.111,3016.556,3015.833,3397.167,3329.500,2926.778
3467.480,3241.100,4117.750,3534.833,3704.000,4171.333,4457.167,3413.083,3535.333,3628.222,2999.556,2978.500,3315.000,3313.583,2931.778
3446.600,3246.100,4142.550,3536.833,3749.917,4145.667,4393.000,3436.000,3601.778,3672.222,2963.333,2972.333,3268.500,3354.500,2903.667
3462.920,3247.950,4097.200,3494.333,3723.333,4147.417,4435.500,3422.417,3549.667,3644.222,2984.000,2963.000,3294.167,3299.833,2907.556
3455.840,3240.150,4104.350,3506.417,3680.000,4148.250,4420.667,3457.250,3562.333,3643.556,2985.333,2953.667,3318.667,3294.833,2905.000
3463.120,3260.600,4109.850,3539.583,3691.000,4137.417,4443.333,3442.333,3547.778,3627.444,2982.889,2983.500,3329.500,3323.583,2937.222
3463.120,3240.500,4099.600,3522.000,3716.167,4163.917,4502.500,3422.417,3566.222,3625.333,3005.556,3001.500,3272.333,3313.417,2904.778
3452.600,3265.950,4128.600,3495.750,3722.667,4143.833,4495.583,3393.333,3566.222,3611.222,3012.333,2994.167,3334.500,3331.833,2933.556
3442.200,3232.150,4120.600,3513.917,3733.333,4165.750,4445.583,3422.833,3554.333,3660.222,2993.778,2980.833,3376.833,3339.083,2935.667
3450.160,3268.900,4152.950,3533.000,3696.667,4131.583,4403.500,3462.417,3548.556,3677.444,2957.889,2963.833,3363.333,3311.833,2922.333
3472.720,3279.500,4123.700,3521.000,3703.500,4183.833,4448.500,3437.000,3587.000,3690.333,3028.556,3012.167,3312.333,3328.750,2915.778
3453.720,3263.050,4134.950,3521.750,3727.667,4174.333,4392.417,3436.083,3574.000,3641.444,3065.556,3003.500,3343.167,3314.083,2936.000
3467.640,3270.700,4138.950,3539.750,3733.417,4171.750,4414.250,3444.083,3591.111,3644.333,3087.556,2938.833,3360.833,3312.833,2910.778
3466.600,3276.250,4150.950,3540.500,3702.583,4197.250,4421.833,3475.167,3568.667,3659.111,3067.111,2953.833,3343.667,3290.500,2934.889
3462.440,3265.650,4120.600,3562.583,3703.250,4104.417,4448.083,3452.583,3596.667,3635.222,3115.222,2962.667,3325.000,3328.167,2944.222
3470.200,3258.800,4146.800,3557.333,3740.250,4200.333,4395.583,3467.083,3630.222,3679.889,3094.556,3026.333,3347.500,3348.583,2923.111
3478.080,3285.350,4120.400,3566.333,3716.917,4148.750,4355.250,3447.833,3558.111,3613.000,3114.778,2986.333,3374.500,3323.083,2921.111
3453.880,3258.450,4108.950,3589.667,3734.000,4158.917,4365.833,3441.500,3566.778,3643.778,3092.778,3037.667,3341.000,3297.917,2933.444
3477.640,3255.650,4145.300,3532.250,3666.667,4152.667,4362.333,3458.000,3594.444,3671.111,3048.333,3005.500,3363.667,3333.083,2922.556
3465.520,3286.150,4138.250,3557.250,3757.000,4157.000,4361.750,3469.333,3645.556,3642.111,3069.111,3016.333,3427.500,3327.250,2922.111
3477.360,3254.600,4109.700,3531.833,3697.167,4143.083,4375.000,3461.417,3633.667,3639.444,3114.889,3061.167,3402.667,3323.667,2943.111
3463.280,3267.350,4111.200,3525.833,3713.750,4157.500,4309.917,3434.333,3648.556,3664.222,3079.778,3035.333,3435.667,3330.417,2929.556
3493.480,3299.950,4121.800,3553.167,3717.500,4133.083,4338.000,3456.833,3657.333,3648.778,3079.000,3024.667,3418.333,3301.500,2945.000
3468.000,3273.850,4096.150,3493.167,3683.833,4125.167,4343.083,3429.250,3654.222,3588.444,3070.667,3081.833,3427.500,3299.917,2938.667
3477.680,3277.450,4131.000,3539.000,3735.917,4144.417,4302.583,3430.417,3638.778,3645.889,3088.444,2999.000,3374.333,3318.167,2933.111
3474.720,3252.850,4157.300,3521.167,3744.500,4189.167,4353.583,3456.833,3655.444,3678.667,3063.333,3005.167,3353.000,3287.417,2930.667
3523.200,3295.800,4134.350,3536.833,3720.083,4185.083,4346.000,3453.583,3654.444,3617.333,3071.889,2987.667,3346.333,3335.750,2950.000
3468.240,3296.800,4154.650,3561.083,3702.833,4181.500,4355.667,3429.083,3683.444,3625.889,3070.222,3019.667,3377.833,3256.500,2884.667
3461.200,3275.000,4148.650,3611.167,3718.083,4165.833,4352.833,3444.250,3626.556,3635.667,3041.222,3033.833,3379.167,3284.750,2922.111
3464.600,3302.750,4153.550,3579.500,3694.667,4205.667,4387.417,3415.917,3638.556,3638.111,3074.889,3059.833,3381.000,3241.750,2959.444
3475.280,3299.650,4132.600,3559.500,3724.250,4178.667,4370.750,3439.000,3649.667,3639.889,3064.778,3051.833,3309.000,3293.750,2907.667
3455.960,3273.450,4124.150,3532.250,3744.167,4142.250,4350.833,3410.417,3627.778,3654.000,3027.444,3076.000,3369.833,3324.833,2946.333
3487.880,3298.850,4126.100,3480.667,3686.833,4154.250,4372.917,3420.583,3643.222,3605.111,3027.556,3053.000,3381.833,3266.417,2914.556
3467.560,3271.650,4125.900,3541.000,3709.917,4157.833,4391.917,3387.000,3604.778,3593.000,3003.444,3058.333,3347.833,3306.583,2940.222
3460.080,3287.100,4131.350,3551.833,3727.167,4173.583,4367.750,3451.417,3627.222,3639.667,3058.667,3065.500,3380.333,3282.917,2903.444
3466.200,3298.050,4106.000,3559.417,3743.333,4175.500,4338.667,3413.750,3674.889,3643.889,3031.667,3080.833,3388.667,3282.917,2917.111
3455.360,3286.400,4088.800,3584.500,3746.000,4188.417,4378.750,3401.917,3574.667,3641.667,3030.000,3027.167,3306.000,3309.667,2940.778
3459.800,3324.950,4126.700,3554.500,3666.000,4140.500,4391.083,3411.333,3598.556,3642.111,3040.667,3019.833,3305.333,3275.917,2928.667
3452.920,3286.350,4145.650,3535.750,3676.667,4192.000,4433.500,3400.250,3614.444,3626.889,3041.222,2953.833,3365.167,3272.167,2915.778
3450.520,3280.550,4121.750,3528.167,3716.333,4188.083,4453.750,3399.417,3660.333,3609.889,3021.556,2988.667,3374.833,3265.667,2892.667
3483.800,3284.750,4119.550,3513.417,3755.750,4165.167,4430.167,3383.833,3656.556,3642.444,3023.889,3007.333,3429.333,3256.083,2893.889
3457.040,3294.950,4100.250,3509.250,3686.750,4196.833,4434.417,3401.000,3645.889,3653.222,2999.889,3034.000,3360.000,3269.417,2920.556
3461.520,3275.800,4126.900,3442.917,3687.667,4201.917,4441.750,3422.250,3665.667,3671.778,3040.778,2979.667,3436.167,3276.083,2943.889
3452.480,3283.700,4113.400,3384.667,3717.167,4225.667,4432.583,3418.000,3700.000,3703.556,3068.778,2964.667,3362.833,3300.917,2914.222
3464.160,3245.650,4106.550,3348.583,3706.833,4216.667,4435.500,3390.417,3624.444,3637.000,3003.667,3009.667,3393.833,3272.667,2927.667
3469.600,3252.850,4085.150,3357.583,3685.833,4170.667,4444.250,3414.000,3641.444,3628.778,3008.000,2985.500,3379.667,3234.750,2925.556
3466.160,3268.450,4105.150,3340.667,3704.500,4194.083,4359.167,3417.917,3675.111,3647.556,3039.556,3031.000,3394.833,3277.667,2920.000
3457.560,3262.900,4120.650,3334.750,3737.833,4134.667,4429.833,3395.250,3645.444,3704.111,3052.667,3017.333,3416.667,3273.083,2967.778
3481.920,3310.300,4119.300,3312.833,3752.917,4158.833,4395.083,3450.500,3663.778,3695.667,3050.222,2998.167,3420.500,3265.333,2920.333
3450.200,3282.900,4118.600,3329.750,3745.667,4165.583,4471.667,3391.333,3662.667,3664.889,3016.111,3053.333,3373.667,3295.000,2888.444
3489.520,3300.000,4131.200,3392.917,3681.500,4096.500,4465.167,3403.667,3656.333,3636.333,3022.000,3005.333,3399.500,3262.500,2928.556
3487.080,3285.850,4108.550,3308.083,3726.417,4096.167,4387.583,3392.667,3692.778,3654.556,3025.222,3012.667,3450.333,3294.000,2908.889
3479.280,3273.500,4098.100,3332.417,3734.167,4106.667,4398.250,3417.250,3621.778,3654.111,2969.667,3017.000,3469.167,3262.833,2938.889
3501.480,3260.650,4089.850,3307.333,3701.750,4099.667,4431.667,3407.500,3657.444,3675.889,3063.778,2987.667,3493.500,3276.583,2921.556
3457.120,3293.000,4112.600,3281.917,3742.250,4113.333,4460.583,3393.500,3646.556,3613.333,3016.444,2968.833,3424.500,3283.250,2912.111
3463.560,3278.000,4108.850,3263.250,3728.750,4074.917,4443.417,3374.333,3649.667,3639.444,3063.222,3005.833,3430.167,3278.917,2898.333
3462.440,3277.750,4096.100,3316.833,3675.750,4061.917,4453.750,3449.417,3630.667,3644.444,3070.778,2971.833,3371.500,3242.333,2913.889
3484.760,3284.400,4098.000,3331.500,3741.750,4098.583,4447.667,3458.833,3629.556,3636.889,3078.889,3002.000,3376.167,3254.083,2934.667
3467.680,3312.400,4094.450,3343.250,3710.333,4049.917,4448.667,3418.083,3596.222,3636.111,3070.222,3005.500,3402.000,3296.417,2886.778
3484.160,3278.250,4081.050,3378.333,3729.250,4034.833,4380.917,3437.167,3625.889,3625.667,3064.222,3027.000,3383.667,3291.083,2904.000
3473.160,3287.550,4073.950,3366.167,3713.083,4106.250,4439.917,3462.833,3670.222,3612.000,3044.222,3020.500,3368.833,3274.167,2942.778
3455.400,3289.900,4070.000,3338.167,3741.333,4082.417,4431.333,3402.583,3649.333,3646.444,3045.778,3007.667,3382.500,3281.417,2906.778
3478.320,3286.800,4086.650,3367.000,3718.583,4125.500,4445.917,3445.750,3627.889,3646.667,3047.556,3009.333,3406.667,3287.333,2907.333
3482.000,3284.150,4079.600,3378.000,3730.833,4140.833,4445.417,3456.417,3658.667,3671.222,3077.222,3006.167,3430.167,3277.750,2902.778
3452.600,3260.750,4069.750,3357.333,3737.917,4134.667,4382.167,3409.833,3651.111,3645.444,3056.111,3060.500,3442.000,3305.083,2924.222
3494.440,3276.700,4088.650,3379.000,3762.833,4143.250,4351.917,3455.000,3633.778,3621.000,3051.556,3019.500,3440.833,3293.750,2943.333
3494.000,3296.600,4068.900,3361.833,3722.667,4054.250,4384.417,3422.750,3587.444,3685.778,3062.556,3059.000,3464.667,3301.000,2952.111
3477.480,3296.450,4024.400,3375.000,3736.000,4115.917,4365.667,3406.833,3588.444,3659.222,3012.444,3001.000,3489.333,3309.250,2938.000
3465.920,3259.250,4061.250,3344.917,3697.833,4142.667,4412.583,3459.083,3627.778,3697.111,3036.000,3026.833,3425.000,3268.583,2921.889
3456.560,3288.800,4029.200,3343.417,3703.750,4133.000,4427.833,3465.667,3624.222,3648.889,3009.000,3033.000,3427.667,3268.583,2928.111
3484.360,3288.750,4067.600,3307.000,3727.917,4150.583,4371.583,3493.167,3616.222,3674.778,3070.778,3047.000,3442.333,3259.833,2919.889
3465.960,3293.400,4054.000,3341.917,3740.333,4120.083,4375.000,3448.417,3618.111,3670.778,3030.222,2973.333,3428.333,3253.667,2919.444
3458.360,3297.100,4053.450,3356.500,3755.500,4121.667,4417.167,3432.000,3589.333,3683.444,3019.667,3028.500,3470.833,3262.750,2953.444
3484.080,3288.150,4049.700,3352.167,3752.167,4117.250,4415.417,3417.250,3647.556,3626.889,3034.222,2995.833,3466.000,3270.167,2932.889
3467.480,3252.850,4077.250,3345.417,3719.417,4137.000,4375.000,3447.333,3634.111,3654.889,3028.444,3046.167,3420.667,3257.750,2923.111
3470.360,3301.200,4027.050,3343.250,3741.583,4106.000,4399.917,3420.500,3607.222,3660.667,3040.667,3042.000,3402.333,3292.667,2911.444
3460.440,3272.200,4080.250,3331.833,3746.750,4115.500,4405.917,3448.333,3660.556,3621.889,3047.778,3092.000,3427.333,3264.333,2899.667
3468.280,3296.550,4063.350,3331.833,3742.000,4097.750,4356.167,3453.917,3639.556,3638.000,3039.222,3030.833,3440.167,3281.833,2913.778
3494.120,3303.900,4083.050,3381.000,3708.000,4106.333,4364.750,3423.667,3645.111,3653.667,3077.444,3045.500,3423.000,3263.167,2918.667
3464.000,3298.750,4080.200,3367.083,3756.167,4125.417,4428.583,3477.417,3682.222,3663.222,3067.333,3023.000,3462.667,3288.250,2918.667
3479.200,3335.550,4097.350,3318.250,3702.167,4098.417,4376.667,3417.500,3642.111,3662.667,3077.444,3084.333,3437.667,3262.750,2906.444
3465.880,3305.400,4083.400,3373.583,3744.333,4108.333,4379.917,3462.750,3679.444,3606.556,3043.222,3066.500,3427.333,3281.333,2916.889
3475.920,3288.650,4076.550,3314.667,3707.417,4116.333,4353.333,3431.333,3614.333,3679.000,3087.222,3045.833,3377.500,3246.250,2904.444
3489.440,3273.250,4077.450,3361.833,3676.500,4123.167,4390.167,3408.750,3642.778,3660.889,3116.444,3029.500,3363.167,3298.167,2910.000
3468.040,3288.400,4096.550,3368.583,3679.583,4105.250,4388.083,3434.833,3638.222,3637.889,3130.889,3045.500,3365.000,3299.667,2918.222
3504.400,3268.200,4064.350,3377.583,3695.750,4141.833,4361.333,3463.500,3699.111,3661.667,3107.000,3049.667,3476.667,3261.417,2934.889
3503.920,3277.200,4049.250,3376.833,3716.000,4092.083,4408.833,3448.000,3646.333,3659.000,3120.667,3071.500,3412.333,3263.167,2906.556
3451.800,3296.900,4059.550,3358.417,3692.250,4104.750,4372.250,3433.000,3680.000,3648.667,3099.111,3090.500,3437.667,3334.917,2933.333
3474.480,3276.750,4057.350,3356.917,3732.250,4067.917,4323.500,3421.417,3660.222,3623.000,3123.444,3083.833,3454.333,3313.417,2906.889
3461.600,3299.400,4068.500,3385.667,3693.083,4099.000,4342.917,3407.750,3664.444,3618.889,3112.222,3092.833,3416.833,3302.750,2939.000
3464.920,3275.000,4034.650,3377.000,3691.833,4103.000,4390.417,3417.833,3644.667,3642.889,3101.444,3079.500,3401.667,3314.083,2950.667
3453.880,3311.050,4067.450,3349.000,3696.000,4098.750,4383.250,3442.083,3618.111,3605.667,3097.000,3090.667,3403.333,3334.000,2952.556
3456.280,3319.750,4095.450,3323.333,3693.583,4075.917,4353.583,3411.333,3671.778,3600.667,3099.222,3114.000,3417.667,3306.583,2960.444
3449.800,3309.700,4066.500,3336.250,3709.000,4114.000,4352.167,3472.000,3660.778,3623.444,3084.667,3136.667,3445.333,3341.333,2946.556
3438.400,3313.800,4061.800,3314.583,3707.833,4151.500,4360.250,3439.500,3668.778,3633.667,3112.222,3097.833,3443.833,3303.583,2955.556
3453.080,3279.950,4061.250,3346.250,3713.417,4150.583,4361.167,3432.833,3681.556,3620.778,3091.444,3114.500,3451.500,3296.083,2931.000
3468.800,3325.300,4064.500,3356.583,3679.167,4105.333,4337.417,3461.417,3653.111,3612.556,3111.333,3093.000,3426.667,3267.167,2919.444
3464.280,3302.550,4090.750,3313.583,3689.917,4094.417,4386.500,3452.750,3674.667,3649.889,3103.778,3154.333,3397.667,3299.750,2916.556
3440.400,3289.200,4051.950,3342.667,3678.250,4143.250,4286.500,3486.750,3643.667,3666.667,3077.889,3204.167,3405.333,3293.833,2913.778
3496.080,3304.600,4075.650,3389.167,3645.750,4106.333,4353.917,3459.500,3678.667,3668.333,3116.444,3155.000,3393.667,3286.167,2906.889
3471.240,3299.350,4052.050,3403.500,3662.000,4108.167,4331.833,3464.833,3630.889,3636.111,3147.889,3141.333,3422.333,3297.000,2865.444
3450.120,3298.600,4057.800,3391.500,3692.417,4099.083,4310.250,3452.417,3644.111,3628.000,3130.333,3123.500,3427.500,3312.667,2910.889
3454.360,3307.900,4076.600,3379.000,3674.833,4123.167,4328.083,3460.333,3666.889,3632.333,3108.111,3147.500,3432.500,3298.833,2906.444
3458.520,3301.100,4082.050,3394.583,3688.250,4089.000,4343.500,3416.250,3683.222,3623.111,3096.333,3127.667,3373.000,3270.500,2889.889
3458.520,3263.250,4087.900,3461.250,3639.000,4081.333,4338.167,3444.500,3722.889,3639.889,3064.000,3103.333,3407.500,3295.500,2883.889
3475.600,3327.350,4062.300,3442.667,3697.000,4151.167,4340.000,3412.917,3678.333,3664.111,3097.667,3081.500,3417.167,3293.667,2924.778
3475.240,3309.050,4103.700,3459.500,3695.500,4080.833,4369.583,3462.500,3709.667,3600.333,3071.333,3106.667,3506.833,3278.417,2915.111
3476.560,3333.850,4069.150,3398.583,3656.833,4089.250,4297.417,3447.417,3652.222,3638.556,3082.778,3075.167,3407.333,3295.583,2937.667
3456.160,3307.350,4069.150,3335.833,3661.917,4077.583,4398.417,3436.833,3686.000,3606.444,3083.556,3048.000,3448.500,3339.333,2878.111
3472.560,3328.400,4061.150,3357.333,3698.500,4078.583,4349.833,3444.167,3661.444,3631.222,3090.444,3077.167,3459.667,3266.417,2884.000
3469.360,3308.450,4031.700,3374.167,3647.750,4084.167,4375.667,3443.000,3677.333,3627.889,3097.000,3085.000,3497.000,3265.417,2941.000
3461.840,3307.500,4033.650,3456.583,3659.750,4110.750,4380.667,3454.750,3700.556,3631.222,3067.111,3096.500,3500.667,3254.667,2881.111
3483.320,3307.650,4107.800,3466.500,3653.250,4109.250,4391.000,3442.667,3660.889,3649.000,3079.778,3135.333,3621.000,3280.333,2926.333
3459.200,3295.650,4092.450,3407.250,3657.917,4097.167,4336.667,3453.250,3700.333,3617.333,3051.667,3108.000,3564.333,3276.000,2857.889
3466.480,3283.350,4045.450,3369.250,3680.000,4084.000,4359.000,3406.167,3661.333,3649.333,3069.000,3130.167,3535.667,3258.667,2879.111
3468.000,3300.350,4105.100,3366.667,3679.000,4076.167,4324.000,3447.083,3646.000,3648.667,3064.444,3138.333,3428.667,3305.000,2888.667
3448.720,3278.900,4096.200,3340.417,3648.583,4063.167,4353.250,3421.333,3642.111,3604.333,3060.333,3126.667,3462.833,3303.167,2897.667
3459.640,3323.150,4085.950,3354.333,3691.167,4083.000,4347.333,3467.250,3690.222,3628.111,3051.333,3097.167,3481.000,3280.750,2900.111
3443.560,3305.400,4096.250,3379.917,3714.417,4109.917,4301.083,3420.583,3625.556,3677.889,3074.222,3099.167,3478.833,3310.667,2878.778
3479.920,3299.400,4083.300,3327.417,3668.833,4079.333,4307.583,3422.833,3654.444,3633.889,3082.556,3045.667,3499.167,3285.083,2895.111
3489.480,3318.100,4065.050,3312.583,3663.667,4112.250,4321.667,3437.333,3680.556,3638.667,3084.889,3098.167,3521.333,3315.083,2869.889
3468.360,3283.200,4087.150,3352.583,3638.750,4148.750,4351.750,3460.500,3658.556,3665.222,3071.889,3098.167,3524.333,3289.417,2882.889
3443.520,3297.150,4072.800,3325.000,3639.917,4085.167,4322.250,3448.583,3632.444,3670.556,3094.667,3107.000,3462.000,3315.833,2899.667
3475.560,3299.150,4095.450,3340.500,3636.333,4110.917,4296.167,3412.667,3670.667,3594.333,3081.667,3102.000,3480.667,3311.917,2888.000
3441.440,3298.850,4071.850,3322.333,3675.667,4146.583,4317.083,3455.583,3701.556,3644.333,3040.333,3126.167,3454.333,3325.250,2895.667
3449.720,3292.700,4056.500,3372.167,3662.333,4118.250,4310.500,3427.500,3720.556,3674.556,3144.111,3111.500,3508.000,3330.417,2903.667
3468.320,3292.800,4042.100,3417.833,3677.917,4086.667,4302.083,3475.667,3670.111,3657.111,3086.889,3134.333,3499.333,3284.583,2928.444
3483.320,3327.050,4037.300,3425.000,3721.750,4136.667,4320.167,3452.000,3702.556,3638.889,3102.000,3098.833,3556.333,3336.417,2923.111
3451.400,3310.050,4031.100,3444.500,3674.917,4122.000,4315.833,3449.417,3702.222,3627.222,3100.333,3104.833,3476.000,3299.583,2883.111
3456.600,3316.800,3998.550,3409.000,3712.333,4127.500,4331.083,3431.500,3661.333,3674.778,3096.556,3130.000,3497.167,3299.917,2850.222
3443.160,3296.300,4036.450,3407.833,3655.250,4065.833,4296.000,3453.000,3691.556,3626.000,3089.333,3102.500,3559.167,3308.167,2867.000
3473.120,3319.100,4056.300,3418.083,3683.333,4122.500,4322.583,3449.833,3692.778,3619.222,3096.778,3129.500,3486.500,3310.833,2906.111
3469.200,3281.500,4039.200,3414.167,3718.167,4113.250,4313.333,3416.583,3707.222,3630.222,3075.444,3057.500,3493.667,3281.333,2864.000
3449.560,3300.950,4032.300,3427.333,3667.500,4141.750,4295.167,3471.417,3684.889,3622.222,3080.889,3099.667,3533.167,3320.083,2903.556
3484.800,3282.150,4027.100,3445.333,3659.667,4146.083,4305.750,3417.083,3670.556,3641.222,3071.333,3065.667,3567.333,3328.500,2907.444
3467.200,3297.450,4024.350,3439.417,3686.250,4128.917,4300.917,3485.500,3678.778,3637.222,3077.778,3068.000,3615.000,3318.167,2916.333
3473.680,3284.900,4005.950,3381.000,3686.583,4158.500,4273.167,3456.417,3643.333,3659.444,3127.889,3135.167,3565.667,3338.250,2899.222
3478.080,3280.000,4019.350,3397.083,3720.083,4144.083,4316.750,3442.000,3677.222,3619.222,3089.556,3178.500,3533.667,3314.417,2900.778
3474.480,3314.350,4051.600,3365.417,3694.917,4169.000,4289.250,3447.833,3729.444,3633.556,3122.444,3169.167,3496.500,3321.750,2877.000
3478.480,3286.800,4003.850,3398.333,3669.917,4110.750,4353.500,3454.167,3737.222,3725.556,3146.222,3123.833,3439.167,3302.250,2902.778
3455.560,3274.800,4008.600,3370.417,3677.000,4150.833,4291.667,3446.167,3693.111,3660.111,3081.889,3116.167,3499.500,3319.583,2887.000
3480.080,3266.450,4010.200,3399.000,3650.583,4121.750,4296.583,3437.917,3677.667,3682.778,3091.444,3107.333,3469.500,3301.333,2883.556
3497.320,3310.000,4028.300,3380.417,3690.167,4120.250,4291.333,3416.333,3648.444,3707.000,3095.778,3080.833,3525.000,3282.167,2960.333
3480.440,3267.050,4027.600,3451.000,3684.417,4101.500,4263.167,3391.083,3643.667,3709.111,3032.222,3097.333,3482.000,3311.167,2892.333
3487.520,3295.050,4021.400,3404.917,3715.583,4130.667,4256.333,3399.667,3693.667,3719.556,3087.333,3088.333,3474.167,3311.583,2935.889
3466.840,3286.600,4036.200,3406.167,3660.667,4111.750,4253.417,3360.500,3632.111,3673.556,3066.667,3116.167,3459.000,3320.667,2883.556
3501.800,3288.450,4042.600,3415.083,3668.083,4137.000,4275.167,3381.917,3650.333,3675.222,3064.778,3115.333,3480.167,3319.250,2875.000
3467.120,3302.000,4035.500,3403.917,3695.167,4170.000,4263.500,3349.000,3627.000,3675.000,3066.778,3104.833,3424.333,3299.250,2890.444
3473.360,3276.600,4033.850,3391.667,3675.833,4096.583,4282.500,3361.250,3609.111,3654.667,3089.111,3155.167,3432.667,3287.917,2881.333
3476.920,3296.700,4027.650,3412.083,3669.917,4148.500,4241.250,3365.500,3629.778,3627.667,3094.000,3108.167,3441.667,3215.750,2865.222
3474.680,3315.500,4015.750,3371.917,3666.500,4117.333,4264.750,3400.250,3622.889,3671.333,3066.889,3145.833,3440.833,3264.417,2856.000
3463.320,3301.900,4045.900,3343.333,3668.500,4069.000,4252.917,3381.667,3611.111,3714.000,3025.556,3093.000,3397.333,3237.250,2853.889
3455.000,3292.000,4019.750,3356.083,3659.333,4145.917,4290.833,3365.250,3627.333,3681.111,3103.667,3141.333,3403.167,3266.000,2908.778
3462.840,3280.450,4013.050,3341.083,3681.667,4086.750,4263.750,3361.583,3615.000,3644.667,3114.222,3129.667,3349.333,3252.167,2878.889
3439.640,3300.150,4013.900,3321.583,3660.167,4084.917,4269.333,3392.583,3599.000,3635.556,3148.333,3165.167,3412.667,3284.583,2897.111
3458.560,3285.100,4009.450,3343.500,3662.917,4119.083,4288.250,3382.083,3647.667,3662.778,3175.000,3123.000,3487.333,3296.500,2896.222
3454.360,3295.550,4001.850,3351.417,3669.750,4108.000,4282.667,3379.417,3718.667,3628.000,3160.556,3096.667,3459.000,3269.167,2918.889
3468.760,3307.000,4000.400,3352.833,3661.417,4109.083,4256.250,3364.167,3643.778,3664.778,3135.000,3062.500,3447.833,3292.250,2886.778
3500.800,3280.650,3987.600,3355.917,3646.750,4098.667,4257.583,3383.250,3634.111,3643.667,3147.667,3113.333,3474.333,3338.750,2874.444
3487.760,3285.250,4007.350,3350.667,3732.083,4089.500,4288.250,3365.167,3621.333,3628.222,3173.222,3126.833,3466.667,3334.333,2873.222
3498.960,3267.750,4001.750,3338.667,3689.750,4130.083,4254.000,3371.833,3633.556,3601.444,3127.889,3091.333,3460.500,3338.417,2906.556
3484.840,3271.800,3994.400,3380.167,3688.333,4116.250,4257.250,3349.833,3615.111,3587.778,3117.667,3076.500,3439.000,3270.917,2878.889
3509.640,3280.900,4010.200,3417.333,3638.667,4188.083,4277.500,3375.333,3609.889,3607.889,3154.444,3105.833,3493.500,3307.917,2917.333
3496.840,3281.400,4013.250,3364.167,3668.583,4131.833,4225.333,3366.083,3658.444,3646.667,3111.556,3108.000,3479.167,3284.167,2870.333
3484.800,3260.850,3979.800,3354.000,3650.917,4125.000,4167.333,3375.167,3650.444,3678.667,3144.667,3097.667,3447.000,3291.583,2876.889
3460.280,3252.600,4002.950,3307.750,3659.250,4142.167,4199.917,3335.167,3625.000,3610.111,3128.333,3093.000,3507.167,3319.250,2886.778
3461.600,3263.450,3949.750,3332.083,3653.583,4147.000,4250.333,3348.500,3610.667,3597.444,3127.333,3056.500,3475.333,3303.333,2868.000
3471.640,3288.600,3969.750,3350.250,3639.500,4141.500,4231.333,3359.500,3635.778,3648.000,3083.333,3080.333,3517.167,3337.333,2911.222
3471.000,3271.350,3980.200,3345.750,3618.417,4142.667,4191.417,3361.167,3640.333,3649.333,3117.667,3129.333,3453.167,3309.833,2902.556
3438.240,3286.950,3959.950,3312.250,3686.083,4134.833,4181.917,3357.667,3572.222,3631.111,3107.889,3112.000,3451.667,3292.500,2899.222
3439.160,3259.800,3971.950,3303.667,3661.833,4131.917,4198.250,3363.667,3614.000,3601.333,3145.667,3092.333,3441.333,3347.417,2897.556
3470.840,3250.700,3993.550,3306.167,3696.917,4169.667,4176.833,3381.917,3564.556,3609.556,3116.778,3084.333,3518.667,3341.833,2864.333
3464.560,3293.400,3960.100,3291.250,3658.000,4172.167,4163.500,3336.167,3591.111,3657.222,3142.000,3058.000,3435.500,3342.000,2860.556
3431.360,3288.250,3993.100,3301.250,3694.083,4173.917,4180.500,3352.000,3593.778,3649.778,3110.111,3102.667,3436.333,3330.083,2868.444
3454.320,3276.300,4006.000,3331.583,3704.083,4247.833,4134.333,3361.750,3612.667,3636.889,3098.333,3109.500,3469.167,3332.833,2873.778
3463.920,3273.000,3983.550,3315.333,3688.750,4152.250,4174.083,3336.250,3579.000,3589.667,3137.889,3082.667,3438.000,3324.917,2907.889
3462.920,3259.250,3959.650,3291.333,3669.833,4206.333,4172.000,3362.333,3566.556,3632.333,3131.222,3046.333,3459.833,3346.667,2897.111
3433.280,3283.550,3962.900,3299.917,3692.333,4245.500,4146.167,3340.000,3625.000,3664.667,3133.778,3060.000,3475.167,3346.833,2870.444
3440.120,3260.950,3955.700,3341.667,3699.000,4202.167,4133.750,3378.667,3601.000,3580.778,3137.889,3102.833,3448.833,3332.833,2865.556
3470.600,3254.500,3970.200,3327.833,3693.917,4189.500,4154.250,3397.000,3589.556,3624.889,3141.778,3104.500,3481.000,3369.583,2917.556
3427.800,3258.950,3980.050,3325.833,3650.583,4177.417,4108.667,3341.917,3579.889,3601.778,3116.556,3082.500,3510.333,3336.000,2893.889
3447.320,3268.200,3956.450,3261.917,3683.000,4185.000,4143.500,3342.083,3637.444,3631.222,3129.556,3075.333,3526.500,3372.833,2847.000
3418.280,3262.750,3985.950,3272.083,3684.333,4162.167,4168.000,3377.583,3640.889,3626.111,3146.111,3093.667,3502.000,3348.250,2890.444
3442.960,3271.450,3956.500,3298.917,3654.417,4152.500,4147.083,3341.917,3618.778,3604.889,3097.000,3093.500,3511.167,3337.333,2896.444
3427.000,3248.700,3949.050,3261.417,3676.917,4198.667,4178.000,3361.167,3630.000,3613.222,3114.444,3088.500,3505.000,3306.417,2882.222
3446.320,3254.550,3982.750,3237.667,3634.083,4207.667,4155.500,3333.417,3624.111,3627.778,3120.333,3097.667,3507.333,3321.000,2910.000
3446.560,3265.650,3972.600,3265.083,3653.917,4169.250,4175.667,3380.583,3616.889,3622.444,3076.444,3065.500,3523.667,3349.083,2884.556
3435.520,3264.200,3990.150,3287.583,3647.417,4192.333,4220.583,3344.167,3638.889,3597.778,3107.778,3096.500,3509.333,3354.667,2916.222
3450.280,3255.350,3944.500,3324.583,3692.917,4210.500,4153.000,3362.750,3618.556,3619.667,3079.667,3077.000,3506.500,3353.167,2888.333
3434.320,3215.850,3973.550,3351.917,3673.250,4199.667,4170.583,3358.083,3635.111,3594.111,3052.222,3079.333,3492.333,3315.333,2863.000
3434.760,3243.800,3959.000,3391.333,3644.083,4184.750,4164.167,3348.917,3642.222,3651.889,3088.778,3089.167,3520.333,3343.417,2896.222
3417.200,3242.250,3938.500,3432.667,3671.333,4171.833,4170.750,3382.000,3626.444,3648.333,3153.778,3083.500,3530.833,3361.000,2882.000
3420.160,3263.950,3944.250,3399.917,3654.417,4176.000,4199.250,3340.167,3599.778,3648.333,3156.222,3072.167,3571.000,3338.667,2896.222
3451.520,3244.600,3937.050,3385.500,3685.333,4220.250,4160.667,3357.583,3572.667,3623.111,3106.667,3071.500,3523.667,3317.417,2874.111
3431.240,3258.550,3960.550,3383.500,3708.917,4248.083,4173.500,3332.083,3638.889,3608.889,3121.000,3091.833,3535.500,3372.917,2866.111
3463.480,3274.500,3957.200,3409.917,3669.500,4245.333,4160.333,3356.250,3623.444,3566.667,3127.778,3088.000,3520.833,3325.000,2881.333
3455.320,3265.750,3957.700,3451.417,3665.500,4241.833,4144.250,3356.417,3625.667,3611.444,3117.222,3111.667,3506.833,3366.250,2857.889
3430.640,3270.900,3943.700,3400.750,3649.833,4237.417,4179.250,3341.667,3596.667,3632.333,3106.111,3046.667,3446.167,3336.167,2874.556
3443.680,3252.550,3959.550,3371.000,3633.250,4224.500,4163.917,3339.417,3642.556,3594.444,3116.333,3061.500,3503.333,3344.250,2883.222
3430.960,3256.800,3940.000,3316.917,3664.917,4214.833,4166.417,3352.583,3642.556,3642.889,3155.000,3071.667,3558.667,3318.333,2867.333
3423.160,3271.850,3942.000,3346.417,3689.333,4288.000,4161.167,3352.250,3605.778,3605.111,3076.556,3082.333,3527.667,3367.917,2865.778
3413.920,3231.950,3954.750,3305.083,3652.917,4223.833,4153.583,3334.250,3639.667,3620.667,3073.667,3068.667,3636.333,3320.167,2861.889
3427.600,3283.150,3942.050,3316.167,3653.333,4258.667,4185.833,3300.500,3630.778,3638.889,3043.778,3066.167,3620.000,3355.750,2900.222
3431.800,3254.950,3947.150,3292.833,3629.083,4271.333,4201.417,3390.250,3626.000,3623.778,3053.444,3079.000,3637.667,3350.917,2840.222
3431.800,3240.250,3952.200,3295.083,3621.333,4262.750,4203.167,3333.583,3547.111,3627.111,3003.444,3145.667,3613.500,3338.417,2867.000
3450.760,3260.450,3913.000,3310.333,3639.417,4237.833,4197.833,3385.833,3557.000,3616.000,3058.333,3136.167,3661.833,3340.000,2863.889
3412.160,3277.600,3922.800,3236.917,3625.583,4256.250,4167.500,3359.750,3585.556,3569.667,3045.556,3190.333,3619.333,3374.083,2883.222
3470.440,3266.250,3920.950,3195.167,3630.833,4308.750,4231.083,3354.917,3593.556,3625.222,3047.333,3162.333,3551.833,3342.500,2860.667
3450.600,3249.800,3913.500,3243.250,3673.917,4267.083,4159.167,3367.417,3573.667,3628.778,3074.444,3095.000,3475.833,3361.250,2874.889
3451.560,3260.050,3914.750,3233.417,3650.417,4228.917,4178.917,3350.333,3573.667,3573.889,3062.556,3080.833,3520.500,3321.667,2890.889
3455.800,3269.100,3931.950,3223.000,3639.250,4239.083,4170.583,3387.917,3557.778,3620.778,3063.333,3082.833,3499.833,3349.667,2872.000
3448.400,3276.250,3916.050,3285.000,3637.250,4286.583,4212.917,3401.333,3638.333,3611.667,3066.222,3051.333,3543.833,3347.583,2894.111
3453.040,3228.650,3923.200,3245.750,3603.250,4260.333,4178.333,3369.833,3595.889,3633.889,3077.889,3073.500,3583.667,3306.000,2888.222
3435.040,3261.400,3910.650,3240.750,3648.500,4247.167,4209.500,3378.917,3608.889,3609.556,3048.778,3098.000,3516.333,3341.500,2874.333
3444.640,3271.750,3908.300,3261.833,3672.000,4241.833,4162.750,3377.500,3583.556,3572.333,3037.111,3056.667,3477.333,3342.583,2867.000
3441.840,3275.250,3895.150,3216.250,3639.167,4219.583,4228.167,3363.083,3563.333,3585.222,3062.444,3071.000,3454.667,3328.917,2900.333
3448.400,3273.600,3911.450,3266.167,3661.917,4221.500,4219.000,3388.333,3541.889,3572.556,3076.889,3079.167,3565.000,3368.917,2903.000
3514.800,3273.050,3934.350,3235.333,3585.750,4292.083,4161.167,3389.000,3574.111,3595.556,3044.222,3101.500,3502.500,3322.000,2847.556
3594.640,3267.200,3925.100,3191.083,3627.917,4345.333,4251.250,3385.750,3571.333,3607.444,3118.667,3110.167,3570.333,3334.500,2890.889
3556.840,3251.500,3928.700,3247.167,3614.750,4362.500,4313.750,3356.083,3546.778,3590.000,3120.778,3074.000,3478.167,3320.583,2843.000
3588.360,3257.200,3906.850,3230.333,3652.667,4378.083,4420.333,3349.583,3576.667,3581.556,3111.000,3088.167,3488.667,3359.917,2878.000
3543.800,3255.200,3924.250,3230.750,3652.333,4327.583,4393.917,3370.750,3598.333,3648.889,3089.222,3104.000,3499.833,3367.583,2890.556
3528.480,3276.600,3889.050,3222.250,3632.917,4365.750,4352.167,3385.583,3616.111,3608.111,3129.778,3111.333,3442.000,3345.333,2848.333
3517.760,3273.400,3913.200,3246.417,3663.083,4314.000,4354.083,3375.000,3604.444,3591.333,3088.556,3088.667,3502.500,3367.167,2884.667
3537.840,3247.050,3888.600,3258.500,3616.083,4317.333,4356.500,3408.417,3586.222,3574.778,3109.444,3113.333,3548.833,3348.250,2887.556
3540.800,3266.900,3941.400,3259.250,3616.333,4366.667,4286.333,3380.250,3590.889,3602.111,3116.111,3135.833,3513.833,3403.667,2852.111
3575.080,3244.700,3933.550,3251.250,3611.667,4372.333,4350.667,3383.167,3553.667,3596.000,3100.444,3102.000,3494.000,3367.417,2850.667
3552.920,3257.650,3934.450,3266.250,3642.333,4346.500,4348.500,3386.500,3541.444,3655.556,3127.889,3055.000,3529.667,3345.917,2874.444
3545.520,3267.400,3944.400,3216.250,3636.667,4319.833,4270.500,3388.333,3562.556,3561.000,3097.333,3061.500,3560.667,3354.417,2865.444
3517.440,3219.500,3938.850,3235.750,3652.833,4330.667,4329.417,3379.167,3571.222,3588.111,3114.222,3070.167,3624.667,3385.583,2876.889
3537.560,3257.750,3890.750,3243.833,3645.833,4271.833,4297.000,3377.250,3563.333,3580.444,3142.667,3054.667,3571.667,3343.667,2854.222
3588.520,3256.500,3903.150,3251.333,3640.333,4399.083,4292.750,3396.750,3592.667,3549.444,3113.889,3093.500,3513.000,3347.750,2848.667
3627.520,3279.500,3919.600,3226.667,3653.917,4422.250,4355.250,3412.750,3547.444,3582.889,3175.778,3080.000,3494.667,3351.167,2833.778
3603.600,3289.300,3919.850,3222.750,3599.500,4424.333,4301.167,3366.833,3564.111,3623.889,3104.444,3050.167,3513.667,3336.667,2838.667
3600.960,3282.950,3918.550,3275.250,3620.750,4434.917,4334.500,3356.250,3544.667,3568.000,3114.778,3056.333,3496.333,3373.917,2872.667
3593.640,3243.800,3913.900,3334.083,3606.833,4477.333,4371.167,3400.000,3539.000,3594.667,3097.111,3090.667,3457.333,3344.167,2869.000
3589.960,3284.750,3908.050,3296.583,3622.083,4439.583,4390.000,3423.750,3512.556,3560.556,3105.444,3063.333,3480.833,3327.750,2860.333
3559.280,3276.900,3906.950,3281.500,3630.000,4428.917,4394.750,3378.000,3511.333,3534.667,3112.111,3086.000,3516.000,3349.083,2869.778
3563.080,3270.150,3924.900,3293.667,3610.667,4421.750,4356.833,3363.000,3573.111,3515.222,3133.222,3091.833,3478.167,3341.667,2826.444
3540.240,3239.350,3928.250,3352.583,3642.583,4465.250,4311.083,3397.750,3582.556,3535.000,3069.222,3071.333,3491.333,3326.000,2884.778
3565.040,3264.350,3901.000,3310.833,3605.667,4371.333,4341.417,3427.750,3576.778,3625.333,3095.111,3036.833,3466.333,3320.250,2901.889
3575.440,3210.850,3870.450,3268.917,3629.667,4419.417,4374.000,3443.583,3581.444,3584.333,3085.444,3036.833,3461.833,3336.750,2871.778
3570.360,3278.750,3868.500,3200.167,3636.667,4398.250,4365.583,3414.500,3556.667,3573.333,3075.444,3092.333,3498.500,3354.167,2896.667
3627.600,3265.950,3864.450,3253.167,3658.583,4477.833,4433.333,3472.750,3586.111,3541.222,3037.778,3036.167,3468.667,3362.917,2897.778
3674.800,3272.200,3915.500,3218.667,3615.583,4585.333,4531.000,3410.167,3532.111,3592.000,3076.667,3033.500,3522.000,3359.083,2918.333
3656.120,3291.700,3880.250,3235.917,3623.000,4513.917,4645.917,3462.833,3529.333,3602.222,3052.111,3065.500,3488.667,3358.167,2867.667
3662.040,3265.000,3917.650,3216.583,3623.167,4558.083,4575.000,3409.167,3550.667,3547.556,3076.000,3014.500,3454.667,3361.833,2854.000
3637.200,3286.900,3892.250,3205.167,3640.083,4482.000,4568.500,3420.833,3548.667,3562.556,3056.000,3042.167,3459.167,3338.917,2850.222
3634.160,3267.850,3892.100,3212.667,3613.500,4451.417,4521.250,3465.750,3564.778,3598.333,3077.889,3010.500,3439.167,3330.083,2902.778
3647.400,3276.900,3889.850,3223.000,3606.083,4457.250,4509.083,3463.167,3605.778,3571.111,3060.667,3031.167,3511.167,3332.667,2891.667
3671.640,3270.750,3893.650,3195.250,3615.167,4483.750,4474.583,3412.333,3613.333,3580.333,3057.889,3098.500,3472.333,3326.833,2881.333
3632.800,3250.800,3876.550,3162.917,3616.167,4501.083,4537.000,3438.167,3577.444,3569.333,3084.000,3108.000,3510.667,3339.000,2883.222
3635.120,3228.800,3877.800,3170.083,3605.583,4456.417,4537.250,3476.583,3557.000,3558.667,3073.778,3068.333,3479.000,3348.250,2862.556
3628.360,3251.900,3912.550,3198.417,3609.167,4480.000,4486.167,3454.667,3570.444,3574.556,3052.889,3080.833,3422.167,3350.250,2889.333
3625.360,3235.750,3886.250,3148.750,3564.000,4466.417,4429.417,3471.833,3536.556,3579.222,3040.000,3085.667,3460.833,3368.750,2897.222
3669.080,3216.750,3846.950,3144.750,3592.500,4532.750,4565.167,3454.333,3539.333,3564.222,3068.667,3053.000,3470.833,3340.917,2871.222
3659.480,3278.250,3881.850,3152.750,3621.833,4528.583,4546.250,3426.833,3504.556,3541.444,3054.222,3103.500,3441.333,3363.167,2867.889
3629.760,3244.750,3876.900,3130.667,3607.917,4531.583,4559.417,3424.750,3573.222,3524.889,3061.222,3083.667,3441.000,3349.667,2920.778
3748.120,3262.300,3861.650,3168.167,3604.667,4631.333,4641.083,3411.250,3566.000,3556.778,3028.222,3025.667,3449.167,3363.417,2850.222
3828.560,3287.200,3902.900,3184.500,3615.417,4716.333,4795.917,3483.417,3571.111,3530.000,3067.333,3063.167,3438.500,3350.167,2883.778
3772.480,3284.200,3880.550,3212.833,3583.417,4726.250,4852.333,3511.917,3577.667,3553.000,3040.000,3069.000,3469.667,3365.333,2901.556
3731.200,3259.400,3855.250,3158.500,3543.500,4667.917,4840.750,3490.417,3566.778,3527.111,3034.778,3060.167,3468.667,3356.333,2904.556
3759.760,3307.350,3901.200,3167.167,3564.250,4640.000,4776.000,3473.750,3631.222,3550.667,3020.000,3041.667,3502.500,3349.250,2895.889
3767.280,3278.000,3846.350,3212.833,3600.917,4674.167,4791.083,3502.083,3582.000,3540.778,3092.778,3023.833,3463.833,3410.083,2861.778
3727.200,3258.400,3843.800,3181.750,3580.083,4613.250,4721.333,3509.417,3563.000,3561.778,3035.778,3057.000,3508.500,3345.000,2888.222
3719.000,3280.050,3854.700,3222.333,3567.333,4617.583,4750.833,3497.250,3518.889,3570.556,3079.000,3003.500,3523.333,3364.667,2891.444
3736.960,3260.600,3856.400,3273.167,3602.417,4643.750,4722.167,3487.083,3527.111,3554.333,3062.111,3041.000,3522.000,3379.833,2883.222
3743.720,3276.350,3853.000,3243.917,3606.333,4590.000,4691.583,3504.667,3548.778,3541.889,3050.556,3040.167,3458.000,3375.250,2872.889
3706.800,3268.200,3866.400,3224.417,3560.417,4611.667,4699.750,3490.917,3567.778,3565.778,3060.333,3043.667,3478.833,3372.167,2864.889
3716.080,3286.550,3874.000,3199.083,3585.000,4584.667,4699.917,3487.500,3545.889,3562.444,3096.111,3054.167,3449.167,3362.000,2880.556
3736.080,3263.700,3875.600,3202.417,3613.167,4572.917,4679.667,3506.000,3590.222,3546.556,3078.667,3048.667,3438.500,3363.000,2883.444
3700.840,3273.950,3833.600,3200.500,3564.250,4580.917,4622.083,3482.500,3579.222,3602.889,3085.778,3109.000,3462.500,3353.667,2877.889
3697.240,3274.000,3840.150,3220.500,3588.417,4628.500,4662.333,3507.750,3571.222,3621.556,3080.556,3079.833,3488.000,3364.083,2863.444
3711.480,3250.550,3833.950,3191.000,3545.500,4594.333,4688.917,3480.667,3547.111,3549.111,3071.000,3094.167,3499.667,3337.833,2876.222
3721.600,3245.700,3850.000,3182.500,3561.917,4598.083,4668.417,3497.500,3571.556,3589.778,3080.889,3034.167,3485.000,3344.750,2886.778
3688.760,3240.850,3837.150,3234.417,3570.250,4551.500,4642.583,3536.750,3517.333,3605.111,3089.556,3018.333,3406.000,3353.083,2867.889
3669.280,3233.100,3840.400,3228.667,3568.583,4549.833,4682.000,3507.583,3581.556,3611.222,3112.889,3040.500,3434.833,3312.000,2874.667
3696.480,3249.250,3815.850,3216.667,3563.667,4615.917,4649.583,3454.000,3520.444,3590.778,3085.667,3103.833,3415.500,3334.500,2875.333
3659.040,3231.500,3850.000,3192.833,3555.917,4591.250,4625.083,3528.750,3570.889,3584.222,3057.111,3033.333,3383.000,3365.333,2886.889
3675.760,3252.900,3811.250,3204.167,3566.583,4568.750,4619.083,3511.083,3543.000,3532.000,3073.111,3035.667,3464.000,3373.083,2866.444
3710.680,3219.200,3819.500,3177.167,3540.167,4589.583,4590.917,3523.333,3605.778,3500.667,3034.444,3077.333,3487.500,3347.250,2837.778
3700.800,3214.200,3800.850,3198.500,3568.833,4584.333,4625.833,3498.833,3605.667,3565.889,3076.111,3071.833,3506.833,3326.750,2866.778
3647.880,3212.500,3823.950,3183.333,3560.917,4506.333,4637.833,3526.833,3579.222,3572.111,3043.444,3114.000,3478.000,3323.750,2880.778
3641.200,3220.200,3832.450,3130.917,3590.833,4507.917,4594.500,3486.000,3548.556,3528.889,3027.444,3063.333,3519.833,3318.000,2913.111
3674.480,3221.600,3833.900,3180.333,3557.250,4560.750,4575.333,3517.333,3560.333,3564.333,3073.556,3015.667,3483.667,3371.167,2923.778
3673.520,3208.600,3813.850,3140.083,3587.250,4531.583,4535.833,3516.750,3550.778,3512.778,3027.222,3101.000,3493.000,3359.167,2908.778
3666.360,3239.900,3787.700,3129.333,3599.083,4566.250,4536.417,3496.250,3589.889,3541.556,3029.778,3046.167,3436.500,3309.000,2886.889
3644.160,3231.050,3822.600,3131.417,3574.500,4555.083,4557.500,3496.250,3520.667,3502.667,3046.333,3078.000,3478.833,3342.667,2900.222
3687.080,3209.650,3830.200,3134.500,3573.333,4522.750,4606.667,3527.833,3585.556,3537.111,3062.000,3098.833,3486.833,3381.667,2874.222
3642.840,3207.500,3840.950,3162.000,3543.083,4554.667,4566.333,3510.833,3568.111,3528.000,3019.222,3075.167,3437.333,3336.000,2870.111
3661.440,3227.450,3832.200,3176.167,3571.500,4551.250,4517.250,3522.250,3610.222,3595.222,3031.889,3076.167,3469.167,3380.833,2861.111
3656.720,3205.850,3833.150,3208.333,3569.750,4527.833,4546.083,3489.917,3585.667,3543.000,3051.444,3065.500,3420.000,3337.083,2827.111
3651.400,3206.850,3837.500,3190.750,3615.583,4557.833,4510.333,3528.250,3556.444,3563.000,3031.444,3018.167,3422.833,3363.750,2885.222
3647.920,3221.600,3842.100,3227.583,3570.500,4647.583,4540.500,3502.250,3573.333,3605.000,3036.222,3026.833,3448.333,3349.167,2874.778
3659.960,3221.850,3813.650,3221.167,3601.833,4550.083,4536.500,3500.750,3570.778,3619.111,3040.000,3013.000,3401.167,3368.083,2877.556
3658.480,3229.850,3838.050,3184.417,3564.417,4545.667,4554.583,3485.917,3606.444,3632.556,3007.444,3044.667,3456.500,3348.917,2827.333
3633.720,3223.550,3835.100,3188.417,3547.917,4550.583,4614.333,3516.250,3555.889,3591.444,3039.667,3041.167,3453.167,3338.583,2834.889
3656.600,3190.500,3869.550,3173.833,3615.917,4532.583,4541.583,3513.750,3537.444,3584.444,3036.889,3025.833,3463.000,3332.083,2838.222
3624.720,3241.700,3855.000,3135.083,3568.167,4514.167,4526.667,3507.000,3598.333,3591.333,3061.889,3066.500,3476.667,3364.750,2851.556
3637.600,3224.950,3870.100,3142.917,3578.917,4532.167,4540.000,3542.417,3595.000,3547.667,3050.000,3076.000,3485.167,3337.750,2860.667
3627.000,3220.800,3886.050,3151.000,3603.917,4541.167,4537.167,3514.917,3612.333,3549.667,3030.444,3069.833,3510.333,3366.417,2835.444
3614.440,3212.050,3890.850,3145.083,3625.250,4503.417,4572.167,3508.500,3600.222,3554.111,3031.000,3096.167,3477.000,3377.250,2886.667
3603.840,3233.650,3875.450,3132.500,3616.250,4437.000,4561.500,3516.583,3660.889,3588.889,3046.667,3076.833,3461.500,3354.500,2886.444
3614.440,3227.400,3886.300,3139.167,3607.000,4484.583,4561.500,3492.500,3618.889,3587.778,3041.778,3068.833,3533.333,3320.750,2882.444
3614.440,3217.350,3889.700,3146.583,3622.167,4483.250,4514.833,3510.167,3593.111,3561.000,3099.667,3072.500,3501.167,3321.583,2856.778
3623.400,3227.500,3867.000,3174.167,3590.583,4459.417,4546.667,3544.000,3616.444,3574.222,3103.222,3084.500,3520.500,3328.000,2861.000
3604.880,3243.100,3872.700,3133.917,3623.500,4518.417,4515.250,3512.833,3623.444,3571.556,3191.222,3064.667,3479.833,3341.000,2837.889
3620.600,3263.550,3864.750,3157.667,3594.583,4441.500,4476.333,3528.167,3623.556,3580.000,3254.444,3136.167,3501.167,3307.250,2855.778
3606.680,3243.050,3892.950,3169.833,3621.583,4425.333,4448.500,3560.000,3573.556,3593.000,3299.000,3111.500,3477.833,3389.250,2872.444
3645.320,3229.700,3869.950,3195.250,3608.583,4436.500,4485.083,3527.583,3570.778,3578.778,3300.222,3063.500,3427.833,3304.417,2854.333
3618.640,3254.050,3858.100,3241.833,3594.167,4428.583,4506.250,3553.333,3663.556,3583.111,3296.444,3064.000,3422.000,3340.833,2837.444
3595.000,3243.850,3847.250,3276.000,3626.000,4390.083,4509.417,3500.667,3594.667,3591.556,3293.444,3030.333,3473.500,3341.833,2837.556
3656.600,3214.950,3874.850,3223.250,3580.750,4474.333,4503.083,3505.500,3593.778,3562.333,3274.222,3070.667,3514.000,3342.500,2893.111
3672.240,3224.300,3845.450,3240.333,3633.417,4513.833,4507.917,3503.500,3607.000,3603.556,3260.000,3070.333,3466.667,3341.917,2853.111
3650.480,3215.800,3865.300,3252.333,3635.917,4443.750,4531.500,3534.917,3601.889,3608.333,3218.000,3079.167,3522.333,3334.917,2892.889
3645.200,3218.300,3862.450,3225.667,3609.667,4523.917,4492.250,3538.167,3591.333,3591.556,3245.000,3074.500,3457.333,3317.333,2876.556
3621.440,3205.500,3863.500,3256.583,3604.667,4397.083,4472.750,3499.250,3623.222,3589.778,3186.000,3049.833,3496.000,3329.167,2878.444
3630.760,3233.250,3867.050,3246.667,3604.417,4434.833,4486.000,3503.500,3603.111,3594.889,3187.667,2992.167,3480.167,3281.167,2878.556
3613.280,3193.100,3865.850,3205.250,3593.500,4419.167,4468.667,3506.417,3592.444,3557.778,3207.333,3077.667,3461.333,3299.750,2875.222
3581.960,3238.050,3879.550,3216.917,3628.167,4431.167,4469.250,3479.250,3608.667,3571.111,3158.333,3076.333,3455.833,3345.667,2874.556
3581.080,3240.050,3799.750,3331.750,3586.000,4389.000,4500.083,3536.833,3619.444,3554.444,3138.556,3045.000,3455.167,3286.333,2884.556
3572.520,3245.600,3833.750,3360.083,3613.583,4332.333,4444.667,3492.083,3605.333,3591.111,3125.556,3045.333,3449.667,3295.750,2902.667
3605.840,3222.800,3868.200,3303.500,3586.917,4404.667,4419.917,3544.167,3585.556,3579.333,3098.111,3046.500,3455.500,3302.500,2902.444
3621.120,3216.700,3834.000,3339.500,3610.917,4430.000,4489.583,3533.333,3610.556,3571.444,3135.111,3054.833,3531.667,3327.500,2882.000
3581.680,3217.400,3856.300,3311.667,3606.083,4414.417,4471.917,3573.500,3619.778,3604.556,3092.778,3034.500,3574.333,3296.417,2871.333
3571.880,3207.500,3871.650,3271.750,3588.167,4394.750,4461.583,3512.250,3578.333,3589.333,3080.444,3096.833,3675.167,3320.667,2855.000
3633.320,3211.800,3836.550,3295.750,3582.167,4423.000,4450.667,3547.417,3545.889,3592.111,3092.556,3088.333,3630.500,3312.333,2862.000
3742.240,3221.000,3830.000,3221.500,3581.083,4605.000,4640.667,3530.250,3638.556,3596.556,3117.111,3143.000,3627.167,3317.583,2852.222
3862.680,3253.250,3863.450,3217.917,3572.000,4782.250,4858.417,3514.500,3672.667,3617.778,3093.667,3052.167,3645.500,3317.250,2867.333
3836.480,3300.000,3862.900,3168.917,3591.667,4773.333,4968.667,3497.667,3573.556,3566.889,3118.667,3103.500,3636.833,3325.250,2903.667
3809.760,3325.750,3898.150,3171.083,3570.250,4756.917,5177.583,3529.833,3609.111,3622.556,3060.556,3116.167,3530.833,3349.500,2877.000
3799.520,3314.150,3881.400,3187.583,3578.083,4672.167,5169.500,3519.833,3583.889,3574.222,3078.222,3114.667,3631.333,3310.583,2889.889
3789.400,3285.800,3884.550,3165.083,3589.167,4591.000,5159.417,3525.833,3574.111,3583.333,3113.444,3084.000,3567.000,3355.000,2881.333
3796.640,3319.450,3903.050,3194.417,3550.417,4656.500,5123.667,3533.333,3612.444,3600.556,3086.889,3104.833,3621.667,3307.000,2880.000
3936.600,3322.400,3929.650,3186.083,3577.167,4839.000,5254.583,3570.417,3648.333,3568.000,3076.667,3075.333,3589.500,3303.750,2866.556
3980.480,3338.350,3948.000,3177.833,3564.667,4945.583,5469.667,3544.667,3583.333,3555.778,3119.556,3108.333,3551.000,3342.500,2941.667
3929.720,3407.950,3997.250,3217.167,3544.167,4824.083,5557.833,3588.583,3622.000,3610.667,3065.556,3105.833,3622.333,3339.667,2952.889
3906.200,3394.650,3983.800,3181.333,3581.333,4852.000,5461.583,3592.833,3617.556,3591.444,3073.667,3091.833,3629.000,3352.250,2952.556
3902.640,3393.150,3981.250,3170.667,3571.500,4799.417,5412.917,3563.167,3643.889,3597.778,3058.111,3107.000,3615.000,3370.417,2952.444
3941.280,3380.600,3972.400,3205.667,3577.083,4796.250,5486.750,3558.667,3619.556,3598.111,3107.000,3110.500,3572.500,3331.083,2928.889
3982.080,3389.100,3997.800,3191.833,3567.000,4870.917,5496.750,3569.083,3616.889,3581.889,3087.556,3112.000,3502.333,3317.583,2919.556
4002.640,3444.850,4008.000,3195.583,3540.750,4888.750,5585.917,3580.833,3616.222,3594.778,3072.333,3081.333,3573.167,3331.667,2904.000
3982.840,3431.700,3995.200,3174.333,3584.417,4842.083,5540.917,3594.333,3625.778,3624.333,3129.889,3162.333,3525.000,3371.000,2918.778
3987.800,3422.350,3992.300,3183.000,3604.500,4814.417,5488.167,3592.417,3593.111,3620.556,3145.111,3114.833,3520.167,3318.333,2937.222
4054.240,3435.600,4000.900,3223.250,3589.250,4937.250,5562.750,3602.333,3598.444,3641.444,3107.556,3140.167,3520.333,3381.083,2902.000
4069.440,3471.500,4043.100,3257.167,3529.667,4951.083,5603.167,3624.917,3578.000,3657.222,3114.667,3162.667,3571.667,3312.917,2918.222
4030.960,3426.400,4025.800,3237.417,3588.000,4851.083,5558.833,3611.833,3556.222,3711.111,3069.889,3138.667,3527.333,3343.750,2907.000
4044.200,3420.800,4003.250,3232.667,3570.583,4937.000,5572.917,3644.750,3589.667,3639.222,3098.000,3174.000,3604.833,3323.000,2907.556
4084.600,3486.800,4009.100,3252.917,3544.917,5033.167,5641.833,3572.667,3613.556,3664.000,3068.000,3165.000,3578.833,3313.417,2940.778
4049.160,3533.850,4019.800,3232.250,3554.833,5021.167,5662.167,3616.833,3603.667,3619.111,3100.556,3196.667,3622.167,3373.250,2923.778
4096.720,3535.000,4059.550,3259.833,3560.833,5000.833,5728.167,3639.750,3615.556,3633.778,3093.889,3182.333,3563.833,3368.750,2929.000
4079.840,3511.450,4086.350,3281.500,3594.667,4975.333,5683.333,3692.833,3604.778,3634.889,3093.222,3212.500,3564.500,3359.917,2960.111
4070.160,3511.500,4096.350,3271.000,3603.417,4949.250,5667.417,3700.750,3605.000,3600.778,3088.111,3150.167,3578.833,3349.917,2941.556
4095.200,3539.300,4042.450,3285.583,3591.333,5026.417,5663.750,3701.250,3569.778,3668.000,3110.889,3220.000,3618.167,3327.333,2951.556
4113.960,3559.500,4059.750,3261.750,3595.917,4999.667,5690.833,3704.500,3580.333,3647.000,3140.778,3264.833,3554.000,3405.500,2963.333
4099.000,3535.400,4097.800,3240.250,3557.167,5039.417,5675.750,3715.250,3538.000,3657.667,3103.889,3259.000,3558.000,3320.083,2977.000
4046.880,3517.850,4053.150,3218.750,3605.083,5007.083,5615.333,3695.583,3601.667,3636.222,3110.000,3253.500,3538.833,3347.500,2912.222
4082.080,3533.350,4044.350,3219.667,3573.500,4999.083,5638.333,3673.417,3617.333,3663.889,3165.000,3276.833,3581.167,3358.417,2972.111
4168.840,3572.450,4090.150,3207.333,3574.500,5141.250,5808.083,3654.667,3570.667,3631.667,3180.333,3278.000,3541.833,3337.750,2943.444
4125.160,3634.750,4097.250,3222.083,3563.500,5070.250,5779.500,3717.000,3581.333,3672.667,3158.667,3285.333,3601.000,3378.250,2949.889
4130.280,3655.300,4127.250,3205.417,3577.417,5115.000,5869.917,3747.583,3589.556,3694.000,3173.556,3358.000,3553.833,3375.583,2999.778
4146.720,3682.400,4155.750,3228.333,3538.417,5172.750,5786.083,3799.500,3584.667,3712.889,3185.778,3320.000,3502.833,3391.667,3033.444
4135.520,3672.800,4186.050,3244.333,3609.667,5087.500,5777.250,3725.667,3581.889,3674.222,3156.111,3299.333,3564.833,3358.083,2995.778
4173.160,3694.300,4201.150,3213.000,3602.583,5200.500,5841.250,3788.667,3608.778,3735.778,3137.667,3312.833,3593.667,3378.250,2973.111
4170.360,3746.200,4213.500,3195.083,3608.917,5329.250,5882.000,3853.333,3553.000,3675.000,3144.667,3353.500,3607.833,3356.083,3005.778
4154.640,3755.450,4212.350,3204.667,3627.500,5191.333,5852.333,3873.917,3609.333,3751.444,3109.222,3384.167,3572.000,3379.583,3032.778
4093.040,3731.350,4204.300,3215.667,3630.667,5130.417,5779.583,3843.917,3571.778,3677.222,3161.111,3291.333,3641.167,3374.417,3032.778
4085.960,3690.850,4204.500,3217.417,3626.167,5139.833,5728.167,3884.833,3597.222,3715.556,3148.000,3381.333,3584.333,3372.417,3042.333
4174.680,3695.600,4192.700,3214.333,3670.000,5222.667,5710.417,3863.000,3592.000,3731.111,3160.778,3363.667,3516.833,3409.083,3014.778
4173.040,3750.850,4245.300,3251.083,3657.583,5318.167,5748.000,3863.333,3581.222,3728.667,3150.222,3418.333,3558.167,3421.083,3080.889
4136.400,3743.700,4227.150,3286.417,3653.500,5210.500,5572.000,3825.333,3551.556,3697.000,3140.556,3427.000,3588.000,3420.167,3082.667
4100.040,3714.950,4198.950,3249.417,3628.333,5145.250,5559.833,3890.250,3606.778,3730.222,3171.222,3453.667,3625.833,3399.917,3055.778
4125.280,3688.000,4220.900,3274.000,3647.417,5161.167,5589.083,3827.333,3610.000,3713.111,3218.222,3393.500,3662.000,3428.833,3058.667
4188.640,3746.850,4194.000,3252.500,3634.917,5278.750,5644.000,3908.417,3583.111,3719.889,3201.778,3414.333,3595.833,3421.417,3096.889
4203.920,3784.150,4265.600,3247.917,3651.833,5362.750,5759.250,3881.167,3547.778,3707.556,3194.111,3446.500,3568.000,3422.250,3113.111
4146.000,3871.500,4293.800,3287.250,3620.083,5303.417,5744.583,3908.667,3624.778,3716.556,3178.667,3525.000,3637.333,3372.917,3111.778
4155.120,3852.750,4344.800,3258.583,3654.167,5239.083,5724.167,3909.500,3631.111,3727.000,3188.667,3459.167,3668.167,3393.833,3141.778
4124.880,3807.400,4315.900,3280.167,3635.250,5243.583,5650.667,3860.333,3584.111,3694.556,3203.778,3498.667,3612.667,3403.167,3125.556
4142.840,3849.500,4325.950,3291.417,3661.750,5228.500,5528.333,3914.500,3638.333,3764.444,3215.000,3475.167,3591.500,3382.500,3122.889
4191.800,3824.600,4334.700,3264.333,3656.250,5368.250,5630.750,3892.583,3619.000,3733.667,3206.778,3477.500,3610.333,3403.833,3152.444
4197.920,3885.400,4367.300,3221.667,3683.167,5388.333,5670.333,3881.500,3676.667,3799.556,3192.889,3471.500,3621.000,3374.333,3206.667
4177.520,3884.550,4344.150,3254.417,3687.917,5350.500,5615.500,3905.333,3661.333,3760.222,3226.667,3501.500,3649.500,3429.833,3190.889
4157.280,3878.500,4357.550,3254.250,3686.833,5357.083,5521.583,3942.917,3620.667,3694.889,3170.556,3503.500,3639.167,3413.917,3202.222
4173.400,3871.000,4339.650,3300.167,3637.333,5409.917,5602.250,3893.000,3715.556,3742.889,3216.333,3467.833,3619.167,3418.583,3228.556
4127.440,3831.500,4356.850,3287.000,3645.500,5336.083,5591.000,3914.083,3653.667,3772.222,3184.444,3503.000,3605.833,3398.417,3208.667
4081.920,3816.050,4358.850,3254.583,3658.167,5231.000,5493.417,3878.000,3602.111,3743.333,3190.778,3446.167,3586.833,3400.917,3170.222
4090.720,3862.550,4307.500,3289.000,3658.167,5255.250,5440.250,3896.167,3682.444,3783.000,3171.889,3479.667,3585.000,3383.083,3212.889
4110.760,3812.500,4344.400,3288.083,3629.083,5344.833,5524.250,3857.750,3646.111,3815.333,3205.889,3467.167,3643.167,3362.000,3168.333
4116.200,3810.000,4369.800,3281.417,3654.583,5284.833,5445.250,3862.917,3671.111,3828.333,3177.778,3467.167,3663.667,3420.167,3185.222
4077.000,3820.850,4312.900,3246.750,3683.917,5260.333,5435.917,3850.250,3601.667,3768.556,3166.000,3471.000,3588.000,3428.250,3178.111
4027.040,3803.050,4305.950,3260.250,3633.833,5193.083,5372.750,3830.833,3643.000,3829.778,3175.778,3508.667,3635.500,3349.000,3178.222
4087.360,3784.450,4306.300,3250.083,3645.250,5175.417,5345.500,3803.417,3629.444,3780.667,3157.556,3473.333,3625.833,3393.833,3164.222
4053.880,3779.000,4338.900,3268.000,3661.667,5179.667,5328.417,3854.750,3630.556,3778.222,3168.111,3446.167,3591.833,3375.500,3182.000
4030.760,3798.250,4307.600,3291.500,3618.583,5113.917,5289.167,3840.583,3595.444,3736.556,3159.000,3418.000,3600.333,3362.917,3162.444
3998.800,3754.100,4301.800,3341.417,3631.333,5141.417,5255.167,3838.750,3584.444,3709.111,3159.667,3424.333,3610.500,3356.250,3151.000
4070.560,3787.100,4300.950,3297.500,3600.333,5172.917,5317.167,3869.750,3626.556,3732.000,3193.444,3423.333,3668.333,3385.500,3206.889
4022.920,3789.750,4318.450,3257.667,3653.250,5159.750,5303.333,3837.417,3635.333,3758.667,3148.667,3459.167,3675.667,3388.917,3202.111
3989.320,3748.350,4299.150,3253.333,3672.250,5123.583,5195.333,3820.333,3609.333,3749.444,3147.556,3435.667,3603.500,3392.250,3148.889
3960.360,3765.550,4282.750,3282.167,3648.333,5073.500,5262.167,3803.333,3642.000,3741.333,3149.111,3390.000,3576.667,3412.333,3159.333
4040.040,3753.650,4296.050,3267.000,3634.417,5119.333,5222.083,3819.000,3648.778,3775.556,3128.333,3415.667,3609.167,3369.833,3120.889
3979.640,3778.900,4270.350,3259.417,3659.917,5016.333,5180.417,3755.750,3614.444,3782.000,3121.000,3410.333,3658.333,3394.000,3152.333
3948.920,3726.550,4322.800,3209.250,3659.750,5008.583,5079.583,3809.750,3638.111,3761.000,3143.111,3403.167,3662.167,3404.667,3164.889
3972.320,3727.150,4311.100,3220.833,3670.000,5016.667,5053.333,3782.000,3592.111,3792.222,3103.778,3351.167,3613.500,3369.333,3151.889
3948.720,3729.050,4307.500,3245.417,3631.833,4932.417,4985.000,3769.917,3582.444,3803.222,3160.111,3412.000,3669.000,3385.417,3137.333
3939.520,3719.100,4304.450,3227.000,3644.833,4905.750,5053.250,3744.333,3614.333,3840.333,3151.444,3370.167,3658.000,3375.000,3119.667
3952.240,3706.200,4304.150,3219.167,3680.250,4993.833,5021.750,3763.833,3659.444,3785.222,3142.889,3390.667,3653.667,3384.917,3127.111
4030.840,3729.550,4293.600,3238.417,3663.167,5020.000,5080.333,3737.083,3675.000,3722.222,3133.667,3398.667,3682.833,3367.583,3071.333
4021.040,3722.000,4293.950,3214.333,3631.500,5012.417,5148.667,3725.250,3678.556,3783.222,3119.000,3386.000,3700.500,3365.750,3075.444
3967.760,3739.400,4311.850,3252.333,3647.833,4986.083,5025.500,3767.500,3669.111,3751.111,3122.222,3385.500,3701.333,3366.167,3094.111
4032.360,3732.250,4251.300,3257.250,3640.833,5041.167,5065.583,3756.833,3692.444,3759.889,3155.444,3366.500,3699.500,3363.250,3092.556
4036.680,3712.450,4286.250,3240.500,3681.167,5019.750,5151.000,3715.333,3650.222,3723.444,3124.444,3398.167,3745.167,3393.917,3070.222
3972.200,3720.300,4277.450,3238.000,3645.833,4953.417,5090.167,3750.167,3629.333,3737.444,3122.778,3367.667,3714.167,3380.167,3137.333
3923.400,3720.550,4262.100,3263.917,3651.583,4907.667,5131.333,3715.750,3683.333,3696.111,3134.667,3338.667,3721.500,3331.333,3094.333
3955.000,3703.100,4290.850,3222.000,3639.250,4911.250,5043.750,3696.250,3655.000,3725.667,3176.222,3346.667,3636.833,3367.583,3069.889
3969.560,3703.100,4290.000,3251.583,3649.583,4864.333,5039.417,3700.250,3640.889,3772.556,3112.778,3318.167,3645.167,3347.583,3049.222
3895.960,3695.150,4283.400,3224.083,3644.000,4918.250,4964.750,3678.167,3638.667,3708.889,3179.444,3386.000,3655.333,3358.667,3092.444
3900.120,3701.900,4269.800,3280.667,3659.500,4857.583,4952.583,3684.333,3639.222,3736.222,3167.111,3330.000,3658.333,3351.750,3056.444
3937.280,3707.450,4285.150,3311.917,3668.500,4890.667,4963.500,3682.667,3682.667,3747.778,3170.444,3302.833,3588.667,3368.333,3079.556
3889.480,3687.250,4288.750,3231.917,3638.250,4872.583,5027.250,3676.667,3680.778,3736.889,3162.444,3348.000,3632.167,3360.667,3084.333
3881.960,3659.750,4313.400,3285.250,3659.917,4815.833,4941.917,3690.500,3667.333,3760.333,3163.000,3347.000,3605.000,3372.917,3044.000
3850.160,3641.950,4334.050,3266.167,3686.167,4815.250,4909.833,3674.167,3614.444,3717.111,3180.889,3296.500,3633.667,3345.750,3069.889
3892.800,3638.950,4289.350,3287.667,3672.583,4803.333,4885.167,3691.583,3665.222,3757.778,3131.111,3325.833,3630.167,3357.583,3073.111
3834.560,3630.550,4286.250,3255.250,3621.583,4799.083,4836.250,3671.417,3620.556,3699.333,3157.333,3323.167,3603.000,3366.083,3071.778
3812.120,3623.600,4285.650,3294.083,3632.750,4751.083,4825.333,3707.167,3667.333,3759.667,3131.556,3341.333,3599.667,3385.500,3086.889
3860.480,3671.200,4262.850,3285.417,3665.500,4785.500,4807.750,3672.500,3651.333,3748.333,3105.778,3333.833,3564.333,3354.750,3028.889
3828.200,3636.100,4244.650,3301.000,3667.583,4794.750,4887.333,3671.667,3617.333,3730.000,3190.222,3310.000,3581.833,3348.750,3030.667
3855.440,3631.600,4277.900,3291.583,3663.917,4769.750,4828.833,3680.167,3599.778,3720.444,3161.444,3442.333,3590.667,3373.917,3060.778
3823.160,3635.000,4273.950,3268.417,3651.500,4700.167,4802.333,3704.167,3616.889,3746.667,3139.000,3419.833,3658.333,3379.167,3063.444
3829.320,3615.150,4249.850,3247.417,3635.583,4803.083,4754.167,3666.667,3625.667,3767.111,3159.111,3382.333,3625.833,3370.500,3042.333
3851.240,3627.850,4231.900,3241.417,3639.000,4810.000,4809.917,3673.167,3623.778,3714.556,3185.000,3411.667,3608.833,3404.417,3041.889
3813.640,3636.000,4216.950,3239.917,3666.167,4765.417,4705.417,3630.417,3649.333,3715.333,3196.222,3385.667,3667.500,3364.167,3060.333
3852.000,3606.600,4223.900,3233.667,3667.500,4752.333,4764.500,3661.833,3656.000,3764.778,3189.222,3392.000,3679.333,3355.667,3036.889
3892.440,3641.700,4249.450,3215.333,3640.833,4839.083,4838.750,3673.083,3621.889,3743.444,3162.111,3347.500,3647.333,3330.333,3039.222
3883.840,3628.150,4196.950,3248.917,3672.917,4818.333,4777.167,3678.167,3608.778,3708.667,3157.667,3376.667,3644.000,3373.583,3059.444
3822.960,3637.650,4209.550,3234.750,3704.417,4791.000,4810.083,3681.667,3619.667,3755.889,3142.111,3325.833,3672.833,3333.583,3098.889
3783.880,3652.500,4233.850,3247.750,3690.667,4790.250,4744.333,3668.000,3638.333,3735.667,3135.889,3292.667,3641.667,3328.917,3041.333
3852.160,3621.350,4243.150,3286.833,3644.083,4791.583,4754.250,3685.417,3614.889,3749.333,3186.000,3348.833,3653.500,3348.250,3036.333
3830.720,3651.500,4249.150,3307.000,3668.000,4708.667,4723.583,3661.250,3639.222,3747.111,3175.889,3381.000,3702.000,3366.333,3052.333
3818.520,3600.450,4247.150,3290.667,3654.833,4688.250,4663.750,3693.917,3588.222,3772.444,3189.667,3408.000,3639.833,3349.500,3041.444
3761.880,3631.300,4205.250,3279.417,3652.000,4691.917,4677.667,3634.833,3615.556,3715.111,3164.444,3424.000,3746.500,3344.667,3066.444
3763.840,3594.750,4250.350,3247.833,3670.000,4654.750,4649.917,3660.833,3643.000,3763.667,3176.667,3404.500,3723.833,3364.333,3047.333
3730.360,3567.700,4262.550,3223.833,3682.417,4651.583,4622.917,3658.417,3632.111,3728.667,3189.556,3450.500,3671.667,3396.250,3044.556
3756.440,3599.050,4226.550,3253.000,3665.083,4664.333,4575.667,3657.000,3658.333,3689.333,3172.889,3395.167,3637.167,3368.583,3048.889
3900.920,3657.950,4239.650,3265.083,3668.500,4906.333,4831.417,3683.083,3647.333,3757.333,3193.444,3400.667,3620.333,3330.500,3045.444
3933.240,3760.050,4264.200,3244.333,3639.500,5015.833,5050.833,3685.583,3634.889,3779.333,3176.333,3422.333,3665.667,3345.500,3144.778
3925.600,3862.200,4333.450,3266.750,3705.833,5051.167,5303.250,3680.250,3604.111,3761.667,3160.889,3381.167,3612.333,3391.833,3228.778
3927.080,3833.300,4363.250,3277.000,3660.000,4966.083,5302.167,3669.750,3637.889,3789.111,3139.222,3419.500,3708.000,3374.833,3254.556
3909.560,3832.550,4338.100,3226.917,3691.250,4884.417,5279.667,3697.000,3602.222,3743.333,3161.444,3373.333,3693.167,3365.667,3232.556
3996.440,3862.950,4377.400,3267.167,3652.750,5063.500,5314.167,3701.000,3595.778,3771.889,3193.667,3375.333,3699.667,3427.667,3227.778
4004.440,3939.250,4444.600,3246.500,3687.083,5162.917,5384.000,3733.500,3609.667,3763.333,3165.333,3444.667,3711.833,3413.833,3299.111
3994.320,3958.750,4551.450,3251.000,3698.167,5108.417,5491.917,3837.167,3591.333,3812.667,3191.333,3497.000,3712.000,3432.250,3362.000
3953.640,3967.850,4524.400,3247.917,3707.500,5087.000,5368.250,3789.917,3627.667,3718.444,3177.889,3491.500,3725.667,3395.417,3314.333
4007.680,3915.950,4477.600,3272.417,3655.167,5137.500,5361.750,3804.500,3666.444,3773.000,3215.000,3482.500,3620.667,3415.833,3336.556
4065.160,3992.600,4545.400,3279.333,3699.500,5186.583,5464.917,3824.333,3669.778,3765.778,3179.556,3470.167,3682.667,3460.583,3363.333
4017.320,3987.250,4621.150,3271.750,3725.583,5173.833,5510.833,3853.667,3642.667,3828.333,3190.222,3509.167,3692.333,3440.833,3392.889
4011.480,3990.100,4565.150,3290.000,3709.167,5194.917,5420.583,3839.000,3607.556,3842.111,3254.222,3551.333,3733.333,3456.417,3407.333
3988.240,3970.400,4546.250,3303.083,3701.167,5100.083,5354.833,3884.583,3717.444,3848.556,3179.333,3553.167,3739.333,3417.667,3398.333
4077.000,3978.100,4524.600,3316.250,3733.000,5183.333,5418.667,3870.750,3741.000,3857.444,3175.111,3528.333,3764.500,3425.417,3326.778
4102.320,4024.750,4562.750,3364.083,3733.583,5334.167,5452.417,3914.000,3714.889,3902.889,3206.556,3542.833,3756.667,3442.667,3415.222
4131.040,4139.650,4667.350,3369.667,3800.583,5305.750,5529.500,4009.917,3733.889,3935.778,3211.111,3633.500,3754.667,3495.333,3519.667
4126.120,4117.750,4763.100,3395.000,3862.583,5290.583,5494.583,4094.000,3748.000,3990.222,3277.111,3793.833,3744.500,3502.583,3568.444
4138.640,4124.450,4842.550,3418.500,3893.333,5306.500,5432.000,4169.833,3702.000,4002.778,3247.222,3892.167,3776.833,3538.000,3612.667
4184.320,4133.700,4922.650,3479.833,3953.417,5340.333,5435.750,4254.917,3730.333,4045.000,3264.111,3981.333,3792.833,3522.000,3662.667
4193.640,4188.050,4976.400,3513.750,4052.250,5366.667,5412.833,4330.000,3745.444,4140.556,3292.333,4024.667,3818.833,3520.833,3728.222
4184.080,4204.150,5028.000,3512.333,4127.167,5391.417,5525.583,4375.083,3763.889,4174.778,3292.667,4107.167,3830.167,3580.250,3728.222
4121.920,4151.300,5021.750,3527.750,4111.833,5232.667,5475.833,4396.500,3732.111,4171.333,3341.667,4126.667,3868.333,3568.667,3710.889
4140.160,4163.900,5006.800,3533.167,4205.417,5321.250,5439.167,4349.583,3679.333,4136.667,3345.556,4139.167,3831.500,3548.000,3718.778
4197.000,4217.000,5079.350,3521.167,4207.917,5335.833,5428.667,4407.583,3687.556,4199.667,3353.889,4138.500,3874.500,3568.583,3741.333
4184.960,4285.300,5163.200,3592.667,4309.000,5365.667,5351.250,4459.917,3746.222,4285.444,3372.778,4282.500,3944.667,3601.500,3796.889
4126.760,4310.400,5214.950,3604.083,4296.333,5331.500,5492.750,4525.167,3783.333,4295.667,3438.333,4349.500,3976.500,3600.833,3702.556
4078.240,4246.650,5198.550,3591.167,4330.583,5283.417,5379.167,4441.750,3764.000,4331.667,3437.778,4310.667,3913.333,3622.667,3781.111
4088.680,4178.500,5131.250,3638.667,4321.000,5256.083,5352.167,4448.583,3780.444,4309.778,3402.111,4294.833,3974.000,3601.833,3676.333
4139.360,4228.200,5123.550,3627.750,4328.083,5353.333,5400.167,4434.167,3764.000,4317.333,3431.444,4208.833,3937.333,3603.083,3736.222
4208.720,4290.150,5121.000,3569.750,4355.583,5366.667,5485.167,4438.167,3775.111,4354.778,3429.667,4291.500,4041.333,3644.167,3717.333
4175.320,4296.500,5205.200,3604.333,4416.833,5343.917,5547.250,4508.833,3771.111,4363.444,3411.444,4314.167,4082.833,3626.417,3713.222
4147.640,4277.350,5210.250,3651.083,4425.583,5322.250,5446.583,4448.917,3813.556,4404.889,3366.000,4323.000,4031.667,3657.333,3685.111
4160.640,4258.900,5185.650,3684.417,4460.917,5395.000,5413.667,4456.667,3721.778,4377.667,3410.667,4340.500,3963.000,3647.667,3732.111
4220.160,4286.750,5261.400,3715.333,4456.000,5439.667,5436.750,4492.667,3794.000,4408.778,3375.222,4361.833,4022.667,3640.500,3754.222
4170.560,4309.800,5282.250,3698.833,4492.750,5371.667,5447.333,4468.417,3827.556,4411.778,3374.778,4310.667,4075.500,3678.500,3805.000
4138.520,4292.550,5245.400,3724.000,4456.333,5391.750,5386.500,4490.250,3802.667,4461.667,3377.222,4400.000,4049.667,3663.083,3741.222
4167.400,4343.850,5318.700,3771.667,4526.917,5390.667,5430.083,4460.583,3793.444,4512.556,3377.556,4360.000,4090.667,3649.417,3758.000
4179.440,4362.650,5330.600,3760.000,4519.667,5449.917,5473.917,4494.750,3793.333,4468.000,3394.222,4384.000,4099.500,3698.167,3773.000
4194.640,4345.500,5401.900,3814.000,4590.417,5387.167,5476.333,4488.667,3835.667,4581.556,3397.667,4354.500,4139.833,3724.500,3776.000
4146.080,4332.750,5373.600,3775.000,4563.667,5360.917,5446.500,4508.583,3891.889,4585.444,3358.222,4412.833,4118.833,3715.250,3760.333
4143.120,4300.800,5327.050,3720.583,4544.583,5319.833,5388.833,4439.417,3839.111,4533.444,3383.444,4291.500,4091.833,3705.500,3753.222
4158.040,4285.650,5306.350,3701.583,4502.917,5397.250,5421.167,4459.667,3820.556,4521.000,3367.889,4342.167,4128.000,3682.833,3739.222
4214.840,4355.150,5347.950,3755.500,4545.583,5455.917,5484.250,4522.667,3852.444,4583.444,3357.111,4354.500,4174.000,3725.500,3692.111
4167.920,4389.650,5426.700,3713.333,4518.667,5471.667,5480.750,4494.000,3880.333,4624.333,3386.889,4261.667,4212.000,3742.583,3752.889
4104.960,4307.750,5384.650,3738.333,4565.917,5299.333,5458.667,4493.000,3878.556,4575.444,3382.667,4337.333,4165.833,3728.083,3710.778
4114.960,4301.450,5361.700,3697.500,4540.083,5387.167,5396.583,4477.167,3825.333,4556.222,3343.333,4253.667,4106.833,3728.333,3689.667
4181.160,4295.300,5331.700,3719.250,4517.917,5459.583,5433.917,4471.750,3805.667,4555.778,3365.333,4315.167,4109.833,3740.250,3671.889
4191.280,4272.550,5398.850,3730.750,4541.417,5482.000,5444.000,4452.833,3849.556,4547.556,3394.222,4336.000,4191.667,3714.750,3651.778
4180.400,4310.350,5408.650,3718.083,4556.750,5397.167,5441.750,4477.833,3823.556,4634.111,3362.111,4245.000,4176.500,3771.333,3694.111
4096.360,4277.600,5420.800,3698.917,4537.833,5371.250,5411.417,4397.000,3832.222,4571.444,3333.667,4249.167,4179.000,3723.000,3663.889
4074.680,4271.350,5362.950,3728.583,4524.917,5264.667,5356.667,4433.833,3846.222,4599.111,3343.778,4226.833,4185.667,3677.083,3650.111
4156.360,4260.950,5299.000,3709.750,4508.083,5402.917,5384.833,4401.333,3817.444,4569.444,3375.889,4191.333,4177.500,3704.333,3650.000
4160.480,4361.450,5361.200,3692.500,4520.333,5491.583,5437.000,4386.000,3814.556,4584.333,3371.444,4220.000,4194.333,3779.000,3641.333
4137.040,4326.000,5400.900,3737.000,4538.417,5367.833,5482.250,4441.417,3823.000,4626.667,3362.333,4211.333,4253.333,3744.167,3681.333
4112.680,4251.400,5385.150,3678.583,4571.333,5292.500,5419.917,4419.500,3823.667,4575.333,3368.222,4220.667,4153.000,3731.583,3663.556
4102.240,4275.350,5330.850,3686.750,4519.750,5296.500,5376.083,4411.417,3856.778,4563.222,3353.556,4125.833,4159.667,3717.000,3627.222
4122.840,4238.950,5325.600,3710.417,4505.750,5316.833,5403.750,4401.583,3836.667,4626.111,3379.222,4184.333,4138.167,3745.833,3606.556
4039.560,4212.700,5328.250,3705.083,4520.667,5190.917,5314.500,4328.917,3878.556,4573.889,3355.889,4150.833,4132.833,3745.417,3646.889
4049.880,4206.150,5263.200,3700.000,4488.417,5169.167,5207.917,4350.833,3805.444,4546.889,3407.000,4133.667,4103.500,3720.167,3598.556
4001.560,4173.750,5212.150,3679.667,4455.500,5149.500,5237.250,4284.750,3836.222,4581.111,3358.000,4095.000,4101.333,3726.750,3572.333
3995.560,4173.950,5240.300,3629.417,4455.833,5188.250,5170.000,4290.167,3832.778,4526.222,3331.556,4123.000,4077.333,3704.583,3622.556
4021.000,4180.200,5160.050,3674.167,4447.000,5210.667,5163.083,4286.000,3824.778,4534.000,3318.778,4039.000,4112.667,3708.333,3573.667
4028.480,4148.200,5162.150,3676.917,4379.583,5206.500,5108.333,4242.167,3830.556,4480.556,3353.222,4029.500,4049.500,3718.250,3555.000
4021.920,4136.150,5145.400,3672.667,4406.417,5236.750,5132.500,4260.917,3785.667,4452.111,3300.556,4025.333,4054.833,3722.333,3513.667
4026.880,4104.850,5136.550,3635.583,4409.417,5208.833,5120.000,4197.583,3805.333,4497.000,3355.556,3954.500,4115.667,3716.667,3448.778
4027.680,4113.700,5080.300,3629.333,4399.833,5233.833,5074.333,4222.167,3755.333,4431.444,3314.778,3933.833,4066.167,3638.833,3475.111
4042.160,4123.350,5055.850,3641.167,4361.917,5211.417,5162.333,4193.833,3785.667,4452.111,3319.111,3988.000,4079.333,3700.167,3448.667
4044.680,4133.950,5014.100,3665.667,4357.167,5247.250,5255.333,4155.500,3780.000,4452.667,3292.667,3909.167,4076.167,3657.583,3445.889
4032.200,4178.100,5011.500,3613.750,4327.667,5254.583,5233.167,4163.833,3771.222,4440.333,3296.778,3984.500,4086.333,3721.333,3462.111
4034.760,4153.050,5038.600,3630.667,4302.083,5234.333,5225.583,4084.583,3749.000,4409.778,3313.778,3928.500,4095.500,3697.167,3426.778
4042.120,4187.850,5040.400,3575.333,4286.833,5229.333,5263.667,4086.917,3766.222,4477.667,3291.222,3984.167,4063.167,3675.167,3478.000
4051.240,4206.300,4995.850,3576.750,4340.667,5251.750,5204.000,4107.583,3721.000,4414.889,3316.667,3955.667,4047.333,3657.333,3447.444
3996.120,4189.650,5021.050,3506.417,4332.583,5199.500,5205.500,4086.167,3716.000,4370.111,3293.889,3992.500,3986.500,3659.167,3429.889
3987.280,4138.850,4973.100,3528.417,4339.417,5161.333,5108.167,4089.667,3710.444,4394.000,3323.222,3892.333,4100.000,3681.917,3432.889
3941.720,4108.100,4968.050,3532.083,4322.250,5125.917,5039.833,4076.917,3761.333,4386.222,3297.889,3846.167,4031.833,3658.833,3420.333
3924.640,4109.900,4920.800,3564.500,4233.250,5094.583,5020.750,4096.083,3782.778,4359.778,3287.000,3860.333,4026.167,3662.750,3400.667
3971.960,4107.400,4929.150,3562.500,4258.667,5088.500,4970.333,4076.417,3750.556,4363.333,3342.222,3898.667,4085.500,3673.167,3411.333
3984.920,4079.650,4912.050,3532.750,4215.833,5094.583,4952.083,4025.000,3706.000,4312.556,3293.000,3909.167,4007.000,3641.667,3397.000
3959.800,4034.300,4867.050,3505.750,4211.583,5063.000,4900.250,3994.333,3701.000,4328.667,3264.778,3941.000,4000.500,3648.083,3420.333
3969.400,4076.500,4840.000,3467.750,4245.000,5091.500,4899.083,4033.417,3734.444,4402.778,3354.667,3912.333,3995.833,3639.083,3319.000
3945.680,4079.150,4813.100,3492.667,4272.667,5089.500,4903.083,3975.833,3734.000,4379.667,3294.111,3901.833,3987.833,3658.333,3376.333
3953.600,4053.250,4811.900,3493.500,4230.833,5028.333,4901.917,3976.833,3730.667,4412.000,3273.556,3857.000,3964.500,3659.083,3345.000
3913.520,4042.300,4832.350,3477.083,4220.417,5060.500,4935.667,3937.833,3721.556,4399.889,3363.111,3844.667,4050.833,3632.417,3334.111
3939.560,4058.200,4822.500,3496.417,4192.333,5091.083,4899.833,3941.167,3728.000,4377.333,3323.222,3823.000,3902.333,3624.333,3377.778
3949.800,4077.250,4796.650,3471.667,4184.417,5130.833,4956.417,3925.583,3710.333,4280.000,3300.889,3786.000,3982.833,3625.333,3357.556
3908.840,4038.300,4813.000,3436.333,4173.583,5119.000,4935.833,3935.417,3711.778,4311.000,3270.778,3758.167,3940.667,3641.583,3326.667
3956.600,4049.400,4752.450,3470.000,4173.500,5109.083,4942.000,3905.917,3676.000,4263.444,3313.444,3762.000,3942.000,3584.750,3330.889
3931.120,4073.700,4751.950,3492.500,4162.333,5138.083,4921.750,3918.333,3666.333,4268.556,3332.556,3655.000,3883.500,3636.000,3332.778
3925.880,4084.200,4740.300,3510.000,4142.833,5133.500,5008.500,3911.000,3686.667,4237.444,3299.667,3666.167,3949.833,3644.917,3346.444
3880.600,4002.300,4762.750,3471.250,4177.583,5036.417,4983.167,3898.583,3675.000,4229.222,3327.444,3724.333,3961.167,3616.917,3283.667
3853.480,3976.050,4669.400,3467.167,4162.333,4966.833,4893.667,3872.583,3656.333,4240.889,3310.444,3631.667,3897.500,3615.333,3320.778
3828.760,3972.500,4684.800,3430.000,4130.667,4959.667,4880.417,3915.417,3635.111,4250.111,3300.333,3617.167,3862.000,3614.917,3270.000
3939.360,4028.200,4663.250,3414.250,4177.417,5173.417,4902.667,3894.750,3665.444,4273.000,3313.444,3595.833,3979.167,3609.500,3291.889
3983.080,4065.800,4692.500,3430.250,4103.417,5217.000,5004.500,3840.583,3682.111,4241.333,3323.000,3624.333,3936.667,3650.417,3327.444
3908.400,4080.150,4667.500,3441.917,4114.583,5166.000,5055.250,3856.583,3660.222,4199.444,3310.111,3622.000,3917.000,3593.333,3306.111
3875.680,3999.100,4647.700,3431.500,4127.500,5060.583,4927.000,3872.750,3652.111,4236.556,3289.667,3609.500,3859.833,3609.250,3316.667
3856.400,4013.350,4629.550,3418.833,4080.583,5031.833,4951.833,3831.750,3647.556,4219.778,3318.000,3563.833,3918.167,3610.583,3315.667
3816.040,3975.000,4631.700,3433.667,4105.750,4940.417,4932.417,3819.750,3691.667,4213.333,3282.778,3516.500,3888.333,3569.750,3301.667
3818.480,3914.100,4624.450,3458.250,4088.417,4929.167,4893.583,3805.250,3663.778,4182.444,3310.333,3525.833,3901.500,3630.083,3294.778
3808.080,3932.200,4591.050,3440.833,4092.500,4901.000,4894.917,3774.833,3684.444,4200.778,3290.222,3541.500,3882.833,3562.250,3305.444
3769.560,3917.050,4593.500,3442.500,4070.250,4905.917,4846.000,3822.333,3631.333,4187.444,3249.444,3574.333,3944.000,3601.000,3284.778
3806.200,3910.050,4572.550,3420.917,4110.667,4866.167,4807.917,3837.083,3647.222,4157.889,3317.667,3575.333,3869.000,3565.917,3202.111
3776.400,3853.300,4556.900,3355.917,4063.000,4888.917,4738.917,3830.250,3637.000,4177.333,3234.778,3488.833,3902.000,3588.167,3234.667
3807.480,3853.850,4550.400,3380.583,3994.750,4873.833,4700.250,3805.833,3652.778,4149.667,3254.000,3559.167,3912.833,3593.917,3231.333
3835.880,3897.800,4533.300,3356.250,4082.750,4928.167,4714.500,3808.667,3664.667,4168.667,3260.333,3582.500,3833.833,3542.667,3224.889
3842.240,3907.950,4509.400,3399.083,4045.500,4894.583,4681.833,3781.250,3645.556,4134.778,3275.778,3524.667,3835.667,3551.583,3241.444
3824.080,3889.850,4505.650,3423.083,4030.167,4925.917,4691.333,3787.667,3665.111,4128.778,3287.667,3574.000,3852.167,3585.583,3217.222
3827.160,3882.500,4462.150,3381.500,4007.333,4970.333,4696.750,3792.083,3676.222,4118.222,3306.111,3518.833,3905.333,3583.333,3207.111
3846.760,3891.850,4480.050,3377.750,4053.000,5007.833,4704.750,3785.417,3697.111,4103.889,3298.667,3555.667,3866.500,3565.167,3222.111
3843.360,3899.200,4454.550,3405.667,4040.333,4920.250,4665.417,3752.000,3648.778,4121.556,3282.667,3436.000,3824.333,3564.917,3212.667
3842.200,3923.900,4480.250,3367.917,4014.167,4991.167,4693.083,3783.167,3636.333,4138.000,3285.667,3500.667,3882.333,3558.250,3207.333
3847.560,3914.550,4449.500,3424.000,3971.917,4984.000,4761.917,3776.250,3674.222,4137.667,3279.111,3501.667,3827.500,3547.167,3204.111
3870.440,3923.050,4453.700,3405.667,4034.083,5016.500,4809.500,3761.583,3627.444,4054.222,3299.111,3454.833,3811.833,3560.417,3216.667
3869.720,3972.850,4453.700,3407.750,3981.417,5080.000,4870.750,3744.917,3622.111,4166.000,3283.889,3493.667,3825.833,3546.667,3264.333
3870.640,3964.250,4428.850,3377.417,3981.667,5048.250,4894.083,3739.833,3645.556,4060.556,3242.333,3466.833,3824.500,3570.583,3204.889
3900.240,3991.400,4428.500,3338.167,3984.500,4999.500,4935.417,3754.500,3636.000,4061.778,3260.000,3427.500,3774.167,3553.333,3223.111
3827.720,3939.600,4396.250,3381.000,3984.833,4928.833,4837.250,3749.833,3570.889,4116.000,3220.556,3495.167,3794.000,3575.417,3212.667
3778.080,3887.950,4388.200,3329.000,3953.083,4867.083,4797.083,3712.000,3610.778,4069.556,3259.667,3476.667,3905.667,3529.917,3205.444
3791.600,3897.050,4387.750,3332.667,3939.417,4817.417,4754.000,3737.500,3587.000,4081.556,3222.111,3471.833,3859.333,3575.917,3210.667
3871.160,3912.350,4361.600,3379.083,3989.750,4937.167,4758.250,3701.250,3656.000,4135.889,3223.778,3471.500,3870.000,3548.917,3224.222
3974.120,4005.500,4422.550,3354.417,3991.667,5186.167,4986.750,3742.083,3603.556,4122.778,3273.556,3468.500,3948.667,3553.833,3319.222
4042.680,4087.500,4556.700,3413.250,3995.583,5285.333,5181.917,3797.833,3621.111,4115.667,3240.000,3523.667,3956.333,3593.083,3348.111
3999.520,4122.350,4621.200,3388.750,3991.500,5273.083,5234.250,3786.667,3671.556,4204.667,3240.111,3531.333,3966.167,3624.167,3398.889
4002.520,4092.200,4619.250,3411.500,4031.000,5249.667,5210.833,3828.000,3603.778,4236.333,3230.778,3505.500,3998.167,3622.833,3478.667
4088.920,4084.450,4714.500,3426.333,4082.500,5340.000,5233.833,3887.500,3688.889,4314.444,3268.556,3594.333,4016.500,3628.167,3500.778
4082.920,4160.300,4784.150,3415.000,4109.417,5415.167,5281.083,3978.583,3622.222,4343.556,3259.556,3662.000,4039.667,3659.583,3571.333
4094.920,4176.450,4881.650,3448.833,4106.833,5406.917,5298.750,4096.000,3716.444,4378.556,3237.667,3719.167,4046.667,3653.500,3633.333
4044.000,4135.000,4874.100,3476.083,4123.833,5349.250,5210.333,4032.750,3630.000,4277.444,3235.667,3720.167,4049.667,3706.000,3624.444
4077.080,4127.700,4888.750,3491.750,4156.667,5384.833,5157.750,4092.500,3627.556,4306.556,3249.222,3720.167,4018.500,3698.917,3582.889
4102.880,4177.200,4937.350,3498.750,4195.833,5509.583,5279.750,4148.667,3650.222,4307.444,3263.667,3855.000,4018.000,3682.833,3582.889
4148.400,4179.350,5060.500,3579.000,4254.333,5527.750,5369.167,4212.500,3699.889,4428.444,3301.333,3975.500,4096.667,3723.917,3655.000
4102.920,4218.900,5143.050,3674.333,4280.083,5513.083,5332.250,4294.917,3746.889,4459.000,3309.889,3955.500,4099.500,3754.167,3639.556
4138.080,4220.550,5169.300,3700.917,4301.333,5476.583,5297.500,4342.250,3788.889,4515.667,3352.333,4044.333,4066.667,3815.917,3619.333
4110.240,4200.900,5161.100,3711.667,4341.000,5532.417,5322.167,4361.917,3802.333,4534.222,3351.111,3989.667,4045.500,3789.000,3724.667
4159.680,4239.200,5238.550,3725.833,4436.667,5478.333,5319.833,4385.917,3782.778,4566.333,3402.889,4113.833,4015.000,3826.833,3652.222
4150.240,4253.200,5214.650,3733.667,4437.500,5488.083,5303.167,4379.583,3841.556,4629.333,3380.000,4139.000,4080.167,3783.583,3659.667
4162.120,4219.600,5243.600,3713.583,4454.500,5445.083,5330.250,4429.417,3836.222,4678.222,3427.333,4086.667,4060.167,3825.500,3592.444
4146.480,4279.700,5212.500,3708.917,4450.500,5462.667,5270.333,4397.500,3823.889,4617.556,3423.778,4037.333,4149.667,3828.917,3646.556
4109.600,4286.650,5214.700,3735.583,4482.167,5448.000,5412.333,4390.083,3875.667,4665.444,3446.778,4105.667,4129.167,3845.417,3658.333
4088.440,4281.150,5221.500,3772.167,4491.250,5465.500,5382.917,4406.167,3926.111,4695.778,3417.000,4121.000,4168.000,3830.000,3599.444
4112.760,4314.150,5183.550,3829.333,4495.083,5448.250,5350.833,4385.083,3891.000,4711.222,3481.444,4062.833,4141.167,3817.500,3650.889
4114.480,4286.750,5158.950,3851.000,4504.250,5467.750,5297.667,4329.000,3935.333,4686.111,3455.333,4097.833,4186.000,3833.750,3573.444
4054.840,4258.000,5190.750,3851.583,4487.583,5375.583,5378.083,4320.417,3907.000,4788.556,3469.667,4154.833,4186.167,3847.667,3533.444
4108.800,4285.100,5179.350,3867.333,4493.417,5424.333,5326.917,4329.500,3951.111,4815.111,3427.778,4133.667,4238.667,3844.667,3556.444
4130.160,4324.450,5193.450,3829.417,4494.000,5397.583,5376.500,4355.083,3952.222,4781.333,3483.111,4140.500,4204.000,3851.750,3584.778
4115.360,4284.450,5215.000,3840.250,4480.417,5414.167,5420.500,4372.500,3922.222,4821.667,3527.889,4122.500,4281.167,3860.500,3599.333
4139.720,4275.750,5210.850,3831.000,4521.583,5440.250,5362.583,4357.333,3940.556,4780.889,3517.333,4182.667,4282.500,3893.583,3600.111
4128.160,4297.300,5262.650,3834.417,4535.250,5456.667,5416.750,4360.750,3934.889,4807.556,3530.667,4152.167,4281.833,3889.667,3573.889
4106.440,4308.050,5244.700,3802.667,4528.500,5426.500,5355.333,4367.083,3947.889,4831.222,3514.778,4122.000,4251.500,3938.333,3605.111
4094.520,4281.300,5249.350,3789.250,4530.167,5383.917,5299.500,4340.000,3933.222,4794.778,3494.333,4132.333,4258.833,3892.833,3605.667
4064.680,4237.050,5243.200,3795.333,4541.500,5397.083,5287.000,4334.667,3953.556,4737.556,3524.667,4230.833,4232.000,3858.333,3590.889
4145.240,4258.800,5236.850,3796.583,4546.750,5459.250,5394.083,4323.333,3927.667,4853.222,3537.444,4243.500,4255.667,3894.750,3582.889
4085.560,4236.950,5208.800,3804.333,4515.083,5394.917,5333.833,4322.083,4017.778,4776.778,3504.111,4149.333,4281.167,3912.000,3570.778
4102.400,4251.650,5168.000,3762.833,4468.833,5432.750,5278.000,4304.833,3979.667,4783.111,3515.889,4153.333,4215.000,3861.583,3565.889
4096.480,4249.550,5174.000,3821.333,4516.250,5490.833,5343.083,4301.000,3921.333,4769.000,3527.333,4180.500,4231.167,3888.417,3610.000
4083.400,4252.100,5176.550,3789.000,4498.250,5471.083,5330.417,4320.417,4001.889,4810.111,3521.667,4156.833,4223.667,3869.583,3573.667
4053.800,4242.700,5216.800,3774.750,4462.500,5386.917,5281.417,4274.167,3971.111,4760.333,3538.000,4109.333,4197.833,3902.083,3596.667
4084.840,4277.550,5216.100,3803.250,4460.500,5406.667,5306.333,4306.417,3915.556,4740.000,3452.667,4042.333,4240.333,3864.333,3555.889
4080.800,4230.050,5150.000,3704.583,4479.833,5361.833,5298.250,4323.917,3961.333,4768.556,3481.222,4052.667,4225.000,3903.833,3571.222
4106.280,4238.350,5149.550,3739.167,4418.583,5384.333,5315.583,4276.583,3966.444,4765.000,3491.667,4084.333,4220.000,3858.500,3556.778
4082.920,4260.100,5165.100,3765.833,4448.083,5451.917,5312.250,4329.750,3979.333,4780.333,3539.000,4055.500,4215.333,3847.000,3535.000
4110.280,4279.400,5167.500,3808.667,4490.417,5456.500,5249.417,4273.917,3981.222,4757.889,3473.333,4048.833,4206.500,3858.250,3548.333
4085.640,4243.850,5225.100,3809.417,4512.000,5437.917,5281.833,4369.000,3941.333,4764.222,3512.667,4084.000,4235.167,3868.167,3570.778
4071.640,4246.900,5214.850,3791.250,4489.167,5443.500,5316.833,4313.750,4009.000,4734.333,3491.889,4077.667,4260.000,3851.167,3575.889
4089.520,4263.050,5167.900,3814.583,4499.083,5457.667,5328.833,4310.500,3981.556,4760.111,3552.778,4090.500,4237.333,3870.000,3585.333
4082.240,4245.600,5197.750,3783.083,4503.250,5390.583,5304.833,4277.333,4074.778,4766.333,3506.889,4110.167,4233.000,3905.500,3538.222
4077.240,4203.200,5175.400,3776.750,4486.833,5308.750,5267.750,4299.083,3967.778,4756.556,3498.667,4074.333,4265.167,3859.667,3560.667
4077.080,4218.750,5183.650,3764.917,4574.917,5390.917,5344.750,4294.917,4006.889,4800.000,3518.444,4092.667,4180.167,3848.833,3566.444
4097.880,4216.450,5161.750,3796.167,4500.583,5367.917,5272.500,4289.250,4009.333,4776.444,3501.889,4075.167,4245.833,3853.917,3546.000
4040.040,4215.050,5150.100,3781.000,4434.083,5351.833,5334.417,4282.333,4052.667,4726.111,3509.778,4074.000,4227.167,3881.917,3559.778
4032.760,4213.100,5147.550,3786.417,4430.500,5394.167,5356.750,4227.333,3978.556,4773.556,3492.333,4022.500,4202.167,3860.083,3556.556
4035.920,4180.300,5122.700,3736.667,4419.000,5349.667,5326.667,4228.833,3950.667,4766.333,3518.889,4028.500,4195.333,3843.167,3526.889
4001.960,4145.050,5105.050,3720.167,4457.333,5316.917,5273.500,4250.250,4012.444,4712.667,3504.778,4043.333,4184.833,3826.333,3504.889
4039.920,4198.150,5137.050,3695.250,4433.833,5364.833,5320.417,4216.750,3965.556,4761.667,3504.000,4019.500,4226.000,3823.667,3493.889
4050.520,4212.250,5130.200,3731.333,4455.333,5354.583,5342.500,4203.583,3989.000,4748.778,3468.000,4031.667,4214.333,3876.917,3514.556
3989.280,4218.550,5147.900,3727.833,4472.917,5301.083,5322.083,4233.750,3990.000,4771.667,3481.889,4044.667,4181.333,3839.083,3509.667
4019.880,4185.200,5144.000,3670.833,4398.083,5325.167,5301.333,4261.500,3915.889,4771.667,3503.000,4010.500,4203.000,3819.083,3632.556
4027.560,4206.650,5174.900,3727.333,4447.750,5425.083,5295.583,4240.417,3988.222,4737.000,3519.222,4069.500,4209.667,3883.333,3598.444
4030.840,4221.600,5192.300,3727.667,4467.167,5404.583,5290.000,4267.417,4001.889,4776.778,3518.667,4031.167,4227.833,3812.917,3595.111
4002.600,4212.450,5170.300,3727.333,4503.667,5317.500,5227.000,4252.750,4017.111,4757.000,3508.778,4078.167,4239.000,3835.167,3571.556
3939.800,4193.200,5128.300,3737.500,4470.167,5211.167,5200.167,4290.583,3987.222,4761.333,3532.333,3979.333,4208.667,3828.667,3506.000
3940.880,4114.350,5088.400,3692.000,4414.500,5154.917,5147.667,4216.000,4015.333,4709.000,3469.889,3983.833,4360.333,3800.333,3526.667
3936.760,4134.300,5081.900,3780.833,4396.750,5187.583,5166.333,4163.667,3953.000,4675.333,3518.889,3937.667,4353.000,3832.833,3496.556
3900.360,4093.050,5040.950,3802.833,4417.250,5132.500,5053.583,4187.667,3947.778,4699.889,3518.556,3956.167,4311.833,3843.583,3474.556
3862.040,4097.550,5017.950,3968.250,4408.167,5026.417,5012.250,4204.667,3910.333,4731.333,3485.667,3928.167,4191.667,3780.000,3494.778
3858.880,4031.650,5019.350,3892.167,4419.167,4939.500,4976.500,4119.833,3934.556,4659.778,3501.000,3879.333,4196.333,3769.417,3450.444
3841.920,4035.100,4980.050,3812.000,4414.750,5039.917,4978.417,4111.917,3968.444,4659.778,3488.111,3837.500,4140.333,3795.833,3453.556
3860.440,4015.900,4956.700,3721.167,4368.667,4896.333,4946.250,4128.917,3924.111,4757.889,3491.222,3878.333,4184.833,3748.250,3418.889
3793.240,3987.400,4947.250,3692.167,4382.250,4919.000,4809.917,4119.583,3937.444,4777.444,3451.000,3888.833,4194.333,3773.083,3380.556
3850.200,3961.950,4917.900,3661.000,4379.833,5025.917,4873.333,4091.667,3919.667,4769.000,3460.333,3897.167,4153.500,3764.250,3422.222
3851.520,3955.050,4877.950,3589.833,4378.500,4963.500,4847.167,4072.500,3970.000,4750.222,3460.000,3860.000,4119.500,3748.833,3399.556
3789.360,3947.000,4863.750,3633.750,4379.333,4928.500,4811.333,4048.583,3913.556,4630.111,3455.000,3844.000,4208.000,3767.917,3404.556
3784.040,3966.550,4824.800,3646.250,4367.167,4913.750,4813.500,4001.500,3888.444,4680.444,3438.667,3737.333,4176.667,3720.833,3373.889
3858.840,3933.550,4828.150,3627.833,4277.250,4928.333,4816.000,4045.917,3900.222,4650.444,3462.556,3748.167,4069.167,3738.250,3354.444
3821.800,3965.500,4839.200,3594.250,4331.500,4922.833,4748.000,4009.583,3917.667,4549.000,3423.667,3688.167,4114.000,3732.917,3323.000
3822.320,3926.300,4778.350,3600.417,4313.000,4882.917,4728.667,3988.417,3856.333,4595.222,3389.667,3760.333,4119.833,3719.167,3320.667
3844.280,3930.350,4770.000,3559.500,4325.833,4909.583,4777.167,3984.167,3916.333,4558.889,3426.444,3679.333,4134.667,3709.750,3325.333
3855.040,3907.700,4779.250,3567.333,4290.167,4915.833,4755.500,3951.000,3913.667,4556.778,3461.111,3722.667,4114.333,3687.583,3330.000
3824.200,3918.600,4726.200,3568.000,4296.083,4853.917,4731.250,3976.333,3868.667,4502.778,3393.222,3690.500,4068.000,3724.250,3297.444
3836.400,3916.450,4741.900,3538.333,4308.833,4811.250,4703.417,3976.500,3851.111,4525.667,3498.556,3628.833,4087.000,3662.333,3267.667
3852.000,3877.300,4713.800,3515.833,4318.333,4913.833,4716.250,3927.417,3855.222,4548.778,3512.778,3650.500,4043.500,3686.833,3284.000
3853.520,3876.400,4717.700,3564.083,4251.750,4883.500,4779.417,3968.583,3868.444,4486.667,3543.111,3667.333,4050.167,3690.083,3304.333
3809.040,3875.300,4648.300,3547.167,4281.583,4812.333,4714.083,3918.667,3854.667,4527.222,3491.556,3696.833,4102.833,3664.333,3310.222
3804.440,3868.150,4650.550,3509.667,4275.000,4810.417,4700.167,3893.333,3839.889,4518.556,3515.444,3672.667,4021.000,3664.833,3324.333
3855.080,3878.100,4648.000,3543.833,4229.250,4914.833,4691.167,3894.833,3814.000,4441.444,3492.000,3619.667,4114.833,3676.000,3334.667
3811.240,3876.950,4647.200,3491.250,4227.000,4869.417,4682.250,3895.333,3842.889,4472.556,3511.667,3584.000,4023.000,3649.917,3314.444
3804.840,3899.400,4619.850,3520.833,4187.417,4717.667,4723.583,3855.583,3831.111,4448.000,3547.333,3597.000,4070.167,3669.000,3287.444
3827.840,3862.600,4625.650,3495.667,4254.583,4740.500,4666.833,3897.917,3824.667,4441.667,3523.556,3660.667,4049.000,3636.417,3298.333
3819.840,3870.750,4562.300,3473.667,4210.250,4745.917,4679.833,3893.917,3872.889,4390.222,3503.444,3589.833,4063.667,3608.750,3264.667
3773.560,3862.300,4582.750,3505.667,4202.333,4705.250,4646.333,3788.333,3842.556,4396.333,3465.889,3642.333,4028.667,3616.833,3299.111
3817.080,3845.850,4585.750,3479.333,4188.750,4727.083,4632.333,3858.833,3813.667,4412.556,3424.111,3582.333,4037.833,3651.000,3296.222
3831.440,3852.100,4557.250,3487.833,4191.417,4831.583,4704.750,3803.500,3821.889,4379.000,3447.333,3558.667,4094.500,3600.250,3281.333
3807.120,3883.800,4542.800,3479.750,4183.500,4736.917,4681.750,3819.833,3803.667,4365.111,3439.000,3633.833,4030.833,3569.750,3284.111
3786.360,3843.900,4554.750,3472.417,4164.917,4680.000,4624.000,3836.750,3812.333,4368.111,3427.444,3597.000,4033.167,3611.167,3286.889
3814.960,3847.600,4535.050,3473.083,4177.167,4734.667,4623.250,3836.250,3817.222,4359.556,3393.222,3597.000,4090.500,3619.750,3294.222
3829.000,3834.150,4521.200,3452.250,4169.000,4688.500,4641.250,3842.917,3755.889,4373.667,3406.222,3583.167,3973.167,3583.167,3340.667
3772.160,3852.300,4503.900,3440.000,4147.250,4682.833,4553.833,3799.583,3835.444,4328.556,3417.556,3582.167,3985.333,3604.750,3280.778
3794.960,3815.500,4467.950,3427.333,4162.250,4676.000,4576.417,3784.917,3838.444,4349.111,3450.111,3565.833,4029.833,3608.667,3281.889
3818.560,3842.650,4495.250,3420.000,4149.000,4739.000,4636.833,3819.333,3816.556,4370.667,3405.333,3518.000,4052.333,3578.750,3325.000
3800.040,3795.600,4481.400,3459.917,4148.667,4668.083,4617.750,3811.417,3777.778,4344.111,3421.000,3537.167,4035.000,3580.833,3299.778
3773.040,3834.050,4463.350,3451.500,4102.000,4620.667,4557.667,3771.250,3824.111,4331.556,3436.667,3514.667,4027.000,3573.167,3295.222
3745.560,3794.650,4465.500,3423.333,4113.333,4642.500,4593.500,3764.750,3763.889,4358.333,3442.333,3518.500,3995.833,3558.167,3289.778
3773.480,3800.150,4424.350,3457.083,4141.000,4671.667,4478.750,3781.333,3776.889,4287.556,3470.556,3477.167,4007.167,3495.583,3299.778
3745.600,3805.750,4430.350,3456.333,4141.250,4658.333,4508.167,3799.083,3772.556,4333.667,3391.444,3515.500,4027.167,3513.667,3283.000
3719.520,3728.550,4431.400,3452.750,4112.250,4575.167,4468.833,3770.333,3818.111,4339.000,3425.444,3532.000,3935.167,3538.500,3248.889
3753.640,3751.550,4433.250,3481.750,4115.750,4601.667,4453.583,3775.083,3799.111,4346.111,3420.333,3595.833,3956.667,3586.000,3233.556
3758.840,3747.550,4374.900,3464.500,4122.250,4622.917,4439.583,3803.000,3834.778,4330.556,3373.889,3516.833,3993.167,3537.250,3290.333
3755.520,3724.350,4402.150,3421.333,4096.167,4584.000,4476.583,3782.917,3823.444,4292.556,3398.889,3527.000,3956.833,3576.917,3300.444
3769.520,3722.850,4377.400,3386.583,4064.833,4614.250,4459.583,3742.833,3811.111,4312.111,3390.000,3519.833,3959.833,3548.583,3291.889
3827.320,3776.250,4379.300,3407.167,4083.667,4693.500,4518.167,3729.500,3853.111,4279.444,3367.778,3482.333,3947.833,3549.083,3327.111
3792.520,3792.450,4413.750,3356.667,4083.333,4663.083,4500.833,3741.333,3806.778,4250.667,3383.889,3488.833,3987.833,3586.417,3280.333
3783.720,3776.000,4395.700,3380.167,4066.667,4620.333,4472.083,3750.083,3857.000,4248.333,3394.000,3508.667,3952.500,3548.833,3287.889
3771.280,3762.500,4361.750,3345.833,4039.083,4623.333,4500.250,3756.083,3802.444,4260.556,3370.222,3480.500,4075.667,3555.250,3290.889
3821.840,3798.450,4369.500,3358.000,4074.583,4661.000,4541.667,3733.667,3809.333,4191.556,3347.000,3458.833,4036.333,3515.083,3309.333
3798.200,3792.150,4394.350,3384.083,4060.000,4590.917,4518.583,3726.417,3811.889,4258.778,3334.444,3475.667,3988.667,3541.000,3308.778
3775.800,3746.250,4356.800,3385.417,4027.667,4564.583,4454.167,3684.333,3818.667,4235.889,3363.111,3472.500,4013.333,3529.250,3275.333
3773.760,3753.350,4338.350,3332.583,4003.083,4606.333,4530.667,3735.333,3804.556,4197.778,3334.111,3493.167,3942.667,3502.500,3314.667
3797.640,3765.900,4343.750,3367.333,4033.750,4594.000,4491.500,3737.750,3825.778,4216.111,3339.778,3473.333,3990.000,3495.500,3246.778
3766.000,3738.700,4359.900,3435.417,3978.583,4597.833,4418.583,3772.333,3804.222,4169.556,3343.444,3460.000,3981.000,3531.417,3263.000
3826.960,3775.050,4332.150,3409.500,3986.667,4721.417,4495.250,3764.833,3786.111,4189.444,3376.889,3397.000,3998.500,3505.000,3273.889
3848.000,3822.050,4370.700,3463.333,3990.667,4783.583,4599.750,3808.500,3793.778,4246.667,3365.778,3495.000,3970.167,3531.250,3329.333
3873.240,3903.200,4413.350,3508.583,4005.917,4832.000,4712.833,3829.833,3803.778,4342.778,3358.556,3573.500,3968.667,3523.750,3397.778
3885.760,3892.100,4502.400,3503.000,4018.917,4832.500,4728.333,3882.917,3850.000,4343.778,3337.444,3604.500,3978.000,3526.833,3477.444
3944.560,3903.650,4599.200,3514.083,3992.417,4944.917,4758.417,3926.500,3823.000,4418.222,3368.667,3661.167,3982.333,3568.667,3523.556
3996.480,3952.000,4638.150,3512.667,4044.583,4991.750,4924.000,3998.333,3898.556,4376.889,3415.111,3692.500,3986.833,3582.750,3613.889
4006.600,3980.950,4660.150,3482.750,4106.583,5060.583,4927.083,4049.333,3913.444,4386.778,3431.333,3783.000,4046.833,3613.750,3579.333
4025.120,4040.600,4691.500,3527.083,4123.583,5085.333,4954.917,4099.000,3926.556,4415.667,3430.778,3788.500,4001.500,3567.833,3677.889
4028.160,4047.900,4747.800,3613.417,4136.917,5075.500,4983.750,4145.833,3896.889,4478.889,3488.778,3870.000,4074.167,3553.583,3699.111
4063.000,4100.750,4830.800,3597.333,4185.417,5131.417,4948.750,4207.500,3927.222,4479.667,3525.333,4030.833,4010.333,3541.667,3644.556
4070.080,4083.850,4840.800,3647.500,4186.750,5190.750,5052.000,4251.583,3967.667,4541.444,3540.222,3988.667,4089.500,3575.583,3657.444
4062.640,4104.150,4904.600,3622.833,4268.833,5192.583,5000.333,4326.667,4033.889,4579.667,3563.556,4150.500,4066.667,3598.417,3655.889
4072.280,4166.900,4905.350,3648.417,4277.083,5268.917,5007.167,4334.917,3989.222,4592.333,3566.889,4113.167,4078.167,3612.417,3644.000
4034.560,4143.000,4913.400,3711.833,4261.833,5229.667,4977.333,4337.000,4016.556,4644.778,3556.111,4121.833,4052.000,3601.500,3598.000
4054.680,4143.300,4954.250,3664.667,4259.667,5203.750,4982.500,4325.250,4012.667,4651.556,3598.889,4107.667,4147.000,3573.667,3598.000
4024.880,4165.150,4992.650,3741.667,4314.167,5253.000,5010.500,4388.917,4041.111,4644.000,3578.222,4202.000,4148.500,3602.750,3577.556
4032.720,4168.100,4976.750,3737.083,4291.583,5265.250,4979.083,4398.500,4090.111,4681.222,3664.444,4174.667,4141.333,3632.667,3641.333
4074.640,4178.750,5008.650,3763.000,4347.917,5229.250,4925.167,4403.667,4077.778,4762.444,3655.444,4183.333,4177.667,3645.000,3642.111
4035.000,4215.900,5031.650,3728.750,4320.750,5243.750,5056.583,4399.583,4136.889,4757.111,3683.889,4187.667,4157.833,3610.917,3627.778
4070.600,4192.450,5049.150,3801.083,4316.167,5235.250,4981.667,4415.417,4081.556,4760.111,3654.333,4287.667,4174.167,3634.750,3583.333
4046.920,4192.500,5090.000,3753.000,4337.000,5234.750,5011.917,4410.833,4079.222,4760.333,3718.111,4189.667,4240.167,3645.833,3632.889
4037.320,4239.700,5078.200,3775.583,4329.167,5254.333,4910.250,4462.167,4103.222,4780.333,3735.667,4188.500,4219.167,3635.250,3656.222
4028.520,4201.150,5083.100,3807.083,4368.417,5255.583,4903.750,4423.667,4152.444,4827.778,3743.778,4206.833,4203.333,3653.417,3553.778
4054.120,4242.250,5130.400,3843.167,4371.333,5247.917,4948.083,4397.333,4115.889,4826.889,3732.333,4204.500,4250.000,3659.750,3589.222
4046.400,4198.250,5072.400,3841.333,4422.250,5184.500,5005.917,4452.583,4138.778,4880.000,3747.333,4275.667,4205.667,3629.333,3615.333
4010.120,4209.200,5082.550,3858.500,4351.417,5167.333,4986.250,4411.750,4175.111,4892.667,3715.667,4147.833,4285.667,3656.167,3594.444
4027.960,4209.350,5100.900,3853.333,4346.750,5204.417,4958.250,4425.917,4188.000,4894.000,3734.444,4206.333,4247.833,3630.667,3592.111
4023.360,4189.750,5104.600,3853.167,4392.083,5218.167,4994.500,4407.500,4151.889,4887.111,3748.778,4217.167,4277.500,3643.417,3540.778
4027.680,4199.850,5102.850,3888.833,4379.833,5156.750,4993.083,4418.333,4178.000,4930.333,3752.111,4163.167,4225.333,3636.583,3593.333
4019.600,4211.150,5128.500,3914.250,4391.500,5187.250,4985.000,4359.167,4211.667,4842.889,3735.444,4162.333,4239.000,3662.083,3582.000
4005.240,4152.200,5158.400,3857.667,4392.833,5128.583,4948.500,4402.417,4165.333,4885.556,3692.333,4138.167,4326.833,3589.250,3590.111
4008.400,4231.500,5139.950,3851.333,4414.583,5165.917,4955.167,4375.500,4134.556,4813.667,3751.556,4186.667,4278.500,3656.250,3599.667
4006.560,4174.200,5096.550,3906.250,4378.000,5137.500,4965.000,4332.833,4165.000,4827.333,3740.444,4107.167,4289.167,3631.417,3564.000
4016.240,4185.300,5088.100,3850.583,4399.417,5123.083,4960.250,4359.667,4119.778,4849.111,3726.333,4148.333,4344.667,3625.250,3540.000
4031.800,4206.700,5105.700,3853.250,4386.333,5202.083,4896.667,4344.000,4185.667,4847.111,3735.111,4156.833,4250.167,3613.833,3582.111
4001.720,4160.000,5095.150,3832.500,4404.917,5132.167,4987.750,4364.000,4161.778,4839.333,3738.556,4158.500,4309.500,3667.750,3570.000
4015.280,4194.700,5084.350,3832.000,4402.333,5153.250,4989.500,4364.833,4224.333,4861.889,3744.556,4131.500,4238.833,3642.000,3572.667
4013.240,4171.950,5107.100,3829.667,4400.833,5089.000,4939.750,4345.917,4140.556,4824.778,3785.778,4179.667,4218.500,3680.750,3608.667
4014.920,4181.900,5122.400,3843.083,4401.250,5140.417,4884.583,4351.583,4162.333,4795.222,3699.222,4114.333,4274.333,3645.083,3548.333
3976.360,4151.650,5161.250,3793.000,4423.917,5054.583,4940.583,4312.500,4198.000,4799.778,3684.667,4159.833,4315.167,3706.333,3570.778
4002.160,4136.850,5104.800,3849.250,4426.083,5129.833,4881.667,4346.250,4220.333,4844.333,3706.778,4133.667,4193.500,3658.833,3552.556
3997.280,4156.650,5069.650,3826.750,4386.917,5096.583,4912.917,4367.083,4216.444,4856.000,3717.111,4182.000,4204.333,3654.333,3553.222
3990.440,4113.850,5098.700,3814.917,4435.917,5098.917,4814.917,4343.750,4212.889,4842.667,3708.556,4110.833,4278.667,3680.333,3542.222
4001.000,4093.400,5067.200,3806.750,4369.417,5011.833,4835.000,4315.667,4182.778,4819.556,3724.889,4132.167,4230.000,3649.167,3547.444
3980.880,4104.050,5065.000,3768.417,4403.917,5080.583,4881.667,4331.250,4207.889,4764.444,3710.333,4095.667,4250.833,3657.917,3517.444
3998.000,4125.800,5061.350,3802.750,4385.250,5140.333,4886.583,4325.917,4208.111,4801.667,3709.111,4144.667,4253.167,3657.417,3549.222
3989.680,4123.950,5065.000,3830.000,4378.500,5070.083,4886.917,4275.417,4222.778,4780.000,3732.556,4113.167,4250.500,3660.750,3568.778
3978.520,4116.700,5106.350,3814.333,4392.167,5116.000,4927.000,4298.250,4186.222,4821.000,3687.222,4069.000,4271.500,3612.500,3574.778
3987.040,4140.000,5058.850,3799.750,4335.583,5116.500,4908.667,4279.250,4270.667,4821.111,3684.222,4038.000,4226.500,3656.250,3575.000
3977.640,4104.150,5069.100,3814.417,4424.000,5154.667,4932.250,4310.083,4251.222,4791.556,3695.667,4020.167,4239.833,3633.250,3596.778
3967.640,4104.200,5108.850,3792.583,4399.417,5064.833,4921.667,4312.583,4231.778,4752.778,3741.222,4061.833,4247.500,3653.833,3567.333
3963.280,4146.050,5096.050,3767.500,4391.667,5143.500,4922.583,4305.000,4192.556,4832.222,3676.667,4032.833,4271.500,3612.333,3549.333
3989.640,4123.100,5102.300,3821.083,4414.167,5086.500,4881.083,4287.167,4215.556,4788.889,3729.111,4085.167,4209.500,3622.083,3509.000
3961.760,4090.050,5137.650,3786.750,4397.333,5047.750,4887.417,4281.083,4239.778,4736.222,3695.000,4017.167,4234.500,3611.083,3539.222
3932.360,4086.150,5120.950,3822.083,4345.417,4967.417,4829.250,4276.833,4219.778,4754.444,3693.778,4029.667,4225.000,3591.667,3511.333
3955.880,4084.700,5143.650,3823.833,4364.167,4973.167,4822.000,4289.417,4217.778,4754.667,3702.667,4044.333,4259.667,3615.750,3507.778
3966.920,4087.450,5139.250,3818.750,4378.333,5074.750,4813.500,4249.417,4260.000,4795.111,3728.556,4011.667,4243.833,3606.750,3517.333
3973.480,4086.400,5137.550,3813.750,4381.500,5055.667,4787.000,4263.167,4194.111,4703.000,3737.556,4053.500,4259.667,3603.333,3558.111
3944.880,4087.000,5108.600,3825.750,4344.000,5062.667,4834.167,4287.083,4229.667,4787.111,3733.556,4069.167,4211.833,3593.000,3501.111
3975.880,4125.100,5101.750,3788.417,4372.667,5069.000,4807.167,4307.083,4252.556,4755.222,3735.556,4043.167,4203.167,3592.333,3528.222
3930.600,4091.300,5111.150,3801.417,4340.167,4994.417,4829.583,4334.500,4255.111,4774.000,3740.000,4136.500,4309.167,3629.250,3497.556
3892.680,4055.250,5093.000,3768.000,4376.667,4891.667,4779.917,4247.667,4220.444,4808.222,3654.556,4056.833,4240.167,3611.333,3539.778
3905.080,4056.300,5055.100,3739.583,4338.250,4921.083,4741.000,4246.500,4225.222,4739.889,3711.111,4054.667,4243.333,3582.667,3504.667
3876.920,4034.450,5008.950,3782.333,4334.750,4964.167,4700.167,4240.000,4217.444,4737.667,3665.778,3965.667,4288.333,3614.667,3465.444
3897.440,4006.300,5009.350,3754.500,4335.333,4952.667,4711.000,4231.250,4240.222,4692.556,3703.444,3960.667,4254.000,3597.250,3476.778
3854.480,4002.800,4997.800,3770.500,4283.250,4888.417,4683.417,4207.500,4191.556,4665.778,3699.333,4033.167,4175.167,3601.583,3480.889
3834.640,3990.050,4950.650,3711.333,4260.583,4882.917,4648.833,4170.833,4173.333,4651.556,3767.778,3986.167,4200.667,3564.000,3447.333
3853.000,3957.600,4980.350,3704.083,4294.083,4877.667,4657.833,4152.833,4185.667,4703.889,3675.889,3974.333,4216.833,3589.833,3458.000
3816.080,3941.350,4936.650,3786.083,4313.750,4841.000,4577.583,4174.167,4185.444,4642.556,3681.222,3905.167,4219.500,3552.167,3399.889
3816.600,3954.100,4889.250,3754.333,4281.667,4783.667,4503.417,4128.750,4091.889,4635.889,3694.222,3855.667,4203.667,3592.667,3463.000
3812.080,3929.600,4927.000,3707.000,4277.750,4841.000,4611.000,4156.083,4141.556,4626.000,3687.889,3848.167,4242.167,3590.417,3407.667
3787.880,3901.700,4877.900,3676.583,4272.750,4757.000,4501.333,4103.583,4147.222,4549.111,3727.111,3866.833,4229.500,3579.417,3398.444
3797.960,3927.600,4868.750,3697.917,4266.833,4756.667,4495.500,4113.667,4136.444,4551.333,3667.000,3876.333,4163.500,3577.167,3387.222
3792.360,3889.050,4833.000,3646.667,4268.333,4784.167,4451.000,4088.583,4151.000,4533.444,3651.556,3834.333,4227.500,3599.333,3392.667
3794.680,3858.700,4850.350,3635.417,4246.500,4756.083,4456.333,4087.250,4126.556,4533.333,3620.000,3826.667,4179.333,3599.583,3388.444
3736.120,3864.700,4838.900,3611.083,4199.750,4707.667,4493.333,4070.333,4064.556,4547.111,3575.889,3836.333,4171.500,3552.333,3396.889
3742.080,3871.650,4801.100,3585.250,4192.000,4741.917,4418.000,4043.083,4100.222,4601.222,3573.556,3729.833,4225.667,3582.583,3371.222
3759.320,3857.600,4772.950,3618.333,4222.083,4785.000,4469.667,4023.667,4120.000,4624.000,3574.333,3850.333,4149.000,3556.583,3359.444
3727.440,3838.350,4739.000,3593.417,4206.500,4674.333,4405.667,4073.667,4087.778,4589.222,3591.111,3764.333,4150.500,3573.667,3346.667
3768.840,3822.950,4785.500,3624.833,4162.000,4693.333,4359.000,4039.167,4073.333,4521.000,3582.333,3808.667,4169.167,3574.250,3378.556
3767.280,3808.550,4733.700,3575.750,4164.667,4757.417,4459.333,3999.500,4096.556,4457.667,3538.222,3728.667,4116.000,3564.250,3378.333
3736.240,3854.900,4689.500,3547.250,4138.500,4707.083,4403.583,3971.083,4081.667,4521.222,3510.222,3714.333,4163.833,3538.167,3374.556
3724.920,3788.250,4739.450,3537.333,4141.750,4645.667,4394.750,4016.000,4053.556,4486.333,3548.667,3739.833,4212.500,3532.917,3357.889
3737.320,3786.000,4688.300,3566.667,4090.333,4729.417,4376.833,4004.667,4011.889,4436.000,3539.556,3734.000,4166.500,3471.250,3359.556
3763.600,3840.100,4708.050,3546.500,4143.583,4759.083,4397.583,4000.500,4054.222,4435.111,3545.556,3673.167,4201.833,3493.083,3350.778
3726.880,3823.100,4693.750,3543.250,4170.667,4611.500,4350.583,3942.083,4008.111,4443.556,3568.778,3689.667,4224.667,3551.667,3319.333
3687.960,3767.850,4685.950,3548.250,4130.750,4638.250,4352.000,3986.833,4052.556,4370.222,3538.333,3745.000,4194.833,3478.500,3346.333
3700.320,3800.550,4684.650,3545.417,4167.250,4643.167,4298.833,3958.417,4020.778,4398.444,3518.778,3680.333,4122.667,3507.750,3314.333
3727.760,3778.100,4636.850,3577.750,4116.583,4573.833,4281.250,3946.833,3998.222,4389.222,3561.556,3646.500,4154.833,3502.250,3317.000
3694.840,3770.700,4628.850,3563.917,4112.000,4561.667,4282.250,3937.167,4039.556,4423.333,3508.111,3667.333,4164.833,3503.167,3334.111
3723.680,3786.550,4655.950,3570.417,4130.750,4598.250,4304.667,3965.250,3996.111,4373.000,3541.000,3589.333,4150.000,3502.083,3349.111
3748.480,3788.850,4633.350,3596.417,4097.333,4659.667,4338.667,3969.083,4023.444,4356.778,3508.222,3647.167,4131.333,3500.417,3345.667
3692.440,3788.300,4648.600,3587.000,4099.667,4564.667,4246.083,3910.000,4006.444,4322.889,3522.556,3675.167,4180.333,3527.333,3346.556
3669.440,3743.050,4626.350,3574.583,4132.500,4541.250,4256.500,3932.250,4018.000,4373.889,3518.444,3615.667,4057.167,3526.000,3371.667
3715.520,3761.450,4609.700,3575.000,4081.250,4612.500,4260.000,3906.083,4029.556,4315.000,3509.556,3637.500,4176.333,3529.583,3321.667
3728.600,3738.600,4581.450,3492.917,4101.917,4584.333,4231.417,3905.083,3967.667,4396.111,3471.000,3621.000,4115.833,3472.000,3337.667
3689.320,3753.500,4570.950,3491.417,4085.417,4544.833,4283.583,3896.833,3937.889,4363.333,3546.667,3598.667,4096.000,3480.000,3310.333
3658.840,3712.300,4569.700,3495.000,4120.833,4520.500,4198.833,3894.250,3982.778,4325.333,3498.000,3624.833,4124.333,3532.583,3284.556
3671.240,3693.900,4578.150,3493.417,4040.583,4625.417,4240.500,3891.500,3968.444,4313.556,3524.000,3581.167,4110.500,3504.750,3307.000
3690.520,3733.800,4562.550,3456.000,4057.667,4563.417,4175.500,3901.500,3982.222,4312.111,3499.111,3592.833,4083.500,3486.000,3266.333
3666.680,3702.900,4525.300,3475.833,4050.833,4503.750,4209.750,3867.333,3963.667,4334.444,3482.778,3590.167,4076.500,3527.750,3246.111
3651.360,3674.850,4523.050,3469.083,4031.750,4502.667,4169.417,3850.000,3942.000,4341.222,3501.111,3632.333,4058.167,3502.833,3284.889
3682.760,3683.150,4497.650,3435.750,4012.250,4590.500,4198.333,3887.583,4012.444,4301.222,3475.111,3616.833,4104.333,3502.667,3294.778
3670.600,3697.550,4465.950,3409.750,4010.250,4542.167,4150.167,3899.000,3971.889,4295.444,3492.667,3621.833,4081.167,3479.167,3321.333
3667.160,3668.100,4461.400,3445.083,4020.667,4528.917,4159.667,3895.083,3933.556,4277.444,3449.333,3625.500,4097.667,3494.500,3266.222
3670.840,3657.900,4469.600,3475.667,4003.833,4543.167,4160.083,3895.417,3932.000,4310.333,3482.000,3557.167,4093.333,3490.417,3269.000
3651.640,3678.800,4477.100,3469.250,3994.500,4518.250,4142.000,3844.500,3933.444,4274.667,3468.000,3559.833,4131.167,3444.750,3247.667
3604.320,3657.600,4467.550,3420.833,4020.583,4488.583,4088.417,3902.833,3920.444,4261.556,3500.111,3585.833,4071.167,3473.417,3239.778
3595.480,3669.900,4430.050,3441.500,3996.833,4482.167,4099.333,3836.500,3913.222,4252.444,3451.444,3527.333,4092.500,3496.833,3195.000
3639.880,3691.100,4399.500,3435.833,4004.917,4558.583,4083.250,3825.250,3921.778,4227.778,3451.778,3509.167,4085.500,3492.583,3179.333
3632.040,3695.950,4466.700,3417.000,4017.000,4518.417,4136.667,3814.167,3924.222,4261.111,3461.444,3535.000,4092.667,3417.583,3183.000
3616.720,3654.900,4425.650,3404.417,4009.250,4461.417,4049.333,3811.750,3915.889,4207.444,3500.889,3515.667,4155.667,3464.583,3191.333
3636.720,3682.500,4406.150,3367.250,3969.000,4509.750,4084.167,3855.250,3908.667,4221.889,3469.889,3554.333,4132.667,3446.750,3195.444
3634.800,3702.750,4412.250,3402.917,4000.000,4581.667,4126.583,3842.083,3976.111,4209.778,3462.556,3481.500,4089.667,3470.500,3214.111
3619.320,3674.950,4357.150,3409.250,3949.250,4534.333,4085.083,3855.250,3913.667,4201.889,3445.111,3521.000,4137.667,3450.500,3180.333
3612.960,3698.550,4377.950,3415.083,3986.667,4526.667,4065.667,3801.417,3916.444,4204.778,3463.111,3525.167,4074.667,3468.583,3216.889
3607.720,3702.650,4363.900,3350.583,3933.083,4528.750,4090.917,3797.250,3920.556,4209.111,3452.667,3470.167,4116.333,3463.583,3144.000
3593.840,3678.050,4405.300,3355.500,3963.833,4479.417,4094.417,3802.500,3914.778,4236.111,3460.000,3538.667,4091.667,3427.167,3151.667
3588.400,3686.350,4367.300,3360.917,3935.417,4528.167,4065.750,3801.417,3942.444,4193.000,3414.667,3480.167,4043.333,3478.750,3194.444
3612.400,3711.750,4408.100,3366.000,3970.250,4521.333,4086.750,3825.000,3956.556,4190.778,3391.111,3484.167,4052.333,3482.250,3196.333
3599.800,3742.300,4406.950,3468.333,4001.083,4533.750,4185.333,3837.750,3993.444,4284.556,3478.000,3536.167,4070.667,3533.333,3216.111
3639.160,3683.050,4455.350,3628.750,4013.917,4597.167,4262.083,3877.000,4069.222,4335.000,3460.111,3610.333,4211.167,3507.667,3218.556
