2387.556,2619.333,2693.500,2917.750,2626.833,2600.750,2696.750,2698.500,2872.222,2875.833,2557.500,2561.000,2384.000,2586.167,2673.000
2391.111,2613.500,2658.250,2916.000,2629.667,2601.125,2677.250,2702.500,2856.000,2817.667,2564.667,2577.750,2392.000,2534.167,2636.333
2417.222,2598.500,2686.250,2946.750,2607.333,2598.500,2673.250,2698.833,2900.778,2833.667,2530.833,2560.250,2374.833,2532.333,2672.333
2408.111,2612.833,2666.375,2905.250,2631.167,2622.000,2694.500,2713.167,2923.222,2834.167,2557.167,2581.750,2385.167,2584.333,2644.833
2441.889,2668.500,2686.625,2952.250,2589.833,2759.375,3026.750,2695.167,2888.444,2843.833,2553.333,2561.000,2381.333,2576.667,2687.167
2478.444,2719.667,2717.875,2922.750,2617.833,2753.875,3060.750,2717.500,2885.333,2823.333,2573.167,2549.250,2399.000,2581.667,2698.000
2469.222,2757.167,2716.750,2990.500,2580.667,2729.500,3050.250,2748.000,2849.889,2801.333,2545.333,2575.000,2404.667,2551.667,2692.167
2426.000,2724.833,2704.000,2940.250,2571.833,2715.875,2987.000,2718.333,2869.667,2821.167,2539.000,2577.250,2398.833,2552.667,2691.833
2439.000,2733.000,2676.625,2923.250,2615.167,2742.500,2975.500,2763.000,2845.222,2816.667,2571.333,2566.750,2390.167,2574.667,2678.500
2423.333,2693.500,2696.750,2954.250,2606.000,2706.625,3013.250,2738.500,2900.111,2821.833,2564.333,2578.500,2394.500,2574.500,2685.000
2426.333,2731.000,2705.625,2924.000,2586.667,2684.625,2908.500,2737.167,2843.556,2827.667,2562.000,2563.000,2360.667,2544.500,2695.000
2423.556,2680.667,2680.375,2925.750,2577.667,2686.500,2891.500,2760.833,2850.556,2868.667,2552.167,2608.000,2378.333,2586.833,2716.333
2414.778,2677.333,2709.750,2975.500,2586.833,2647.875,2869.000,2739.000,2862.333,2816.667,2566.167,2588.500,2363.167,2559.167,2694.500
2429.000,2679.167,2725.250,2921.000,2608.333,2651.500,2876.000,2753.667,2861.111,2786.500,2529.500,2600.250,2372.833,2583.500,2677.833
2411.000,2670.833,2669.375,2961.750,2586.167,2639.125,2874.750,2711.000,2826.889,2790.500,2589.667,2549.500,2382.333,2513.000,2696.667
2401.444,2706.333,2695.125,2937.750,2608.500,2636.875,2854.250,2737.333,2821.889,2786.833,2547.333,2572.750,2343.167,2515.833,2672.500
2407.556,2642.167,2715.250,2894.250,2598.500,2658.375,2838.000,2753.000,2857.111,2772.833,2557.167,2569.000,2395.833,2608.833,2680.000
2414.222,2662.667,2693.625,2936.500,2587.333,2661.375,2786.500,2738.833,2877.778,2790.167,2570.167,2531.500,2393.500,2580.833,2667.500
2389.889,2629.333,2664.125,2938.000,2582.333,2613.500,2822.750,2761.000,2830.000,2797.333,2551.000,2571.250,2387.333,2562.333,2686.000
2405.889,2654.667,2709.625,2930.500,2616.667,2626.250,2798.250,2755.000,2832.444,2750.333,2573.167,2536.000,2395.667,2589.000,2695.167
2371.889,2655.333,2722.750,2914.000,2592.667,2620.625,2754.000,2740.000,2823.556,2770.500,2522.167,2569.000,2413.667,2560.500,2690.000
2397.556,2626.500,2670.875,2947.750,2613.333,2618.375,2770.750,2716.833,2803.556,2787.000,2551.667,2580.750,2396.833,2593.167,2725.000
2386.667,2644.000,2685.250,2938.500,2595.833,2626.875,2766.000,2705.167,2828.556,2779.333,2551.167,2583.750,2382.833,2565.167,2702.000
2390.000,2646.500,2673.750,2928.750,2595.833,2592.625,2733.500,2728.667,2809.778,2772.667,2532.667,2548.500,2394.167,2530.833,2685.167
2377.000,2623.167,2659.375,2916.750,2567.333,2601.125,2749.500,2773.667,2825.889,2792.167,2561.000,2552.500,2420.167,2564.833,2709.833
2376.556,2625.833,2693.625,2917.500,2593.000,2627.750,2709.750,2780.167,2838.333,2754.333,2557.000,2525.000,2397.167,2559.333,2703.000
2408.333,2632.500,2673.500,2963.750,2599.667,2610.625,2720.000,2759.500,2810.444,2755.167,2573.667,2577.250,2386.833,2532.167,2672.167
2385.556,2634.167,2664.625,2941.250,2569.333,2590.000,2702.500,2759.167,2813.556,2758.500,2559.000,2578.000,2347.500,2522.000,2656.833
2402.889,2617.000,2678.000,2896.750,2574.167,2584.625,2749.500,2741.167,2795.111,2709.667,2569.333,2549.500,2366.000,2535.500,2673.000
2397.556,2593.833,2665.125,2935.000,2569.667,2583.625,2739.750,2761.833,2826.111,2714.667,2537.167,2580.750,2379.000,2587.500,2677.000
2404.222,2629.333,2700.125,2869.500,2631.667,2557.000,2732.500,2726.833,2788.222,2766.667,2528.833,2587.500,2380.167,2527.500,2685.667
2385.889,2639.500,2646.500,2926.000,2581.833,2574.125,2690.750,2720.000,2811.889,2735.667,2564.667,2531.250,2381.333,2545.000,2669.000
2377.889,2604.500,2671.500,2906.500,2578.167,2611.625,2711.000,2770.167,2788.000,2764.833,2568.500,2532.750,2363.833,2573.000,2683.167
2372.444,2634.667,2705.500,2919.000,2565.167,2579.750,2708.500,2753.167,2803.444,2695.500,2547.833,2555.000,2360.333,2557.500,2683.833
2396.333,2622.333,2684.750,2927.500,2555.500,2592.250,2721.000,2771.000,2779.222,2745.167,2512.833,2582.000,2368.500,2546.833,2661.667
2393.889,2568.667,2676.000,2917.500,2562.333,2601.875,2702.750,2777.500,2753.222,2737.667,2587.500,2600.500,2382.167,2548.333,2685.000
2399.778,2621.500,2678.250,2928.500,2570.333,2596.000,2733.250,2746.833,2734.333,2776.833,2561.500,2570.750,2340.667,2548.167,2665.333
2402.333,2634.500,2635.000,2933.500,2543.167,2592.625,2695.500,2793.667,2787.667,2715.667,2551.333,2578.500,2370.167,2512.000,2681.833
2380.556,2604.500,2680.500,2914.250,2566.167,2607.000,2682.500,2740.167,2752.889,2778.667,2565.667,2527.000,2351.167,2558.333,2685.500
2386.444,2583.667,2695.375,2918.500,2567.167,2581.125,2704.000,2770.500,2772.778,2716.167,2535.667,2552.500,2395.167,2555.333,2684.333
2374.667,2571.500,2684.250,2896.000,2558.500,2587.000,2692.750,2767.500,2774.333,2725.167,2562.333,2592.000,2363.667,2528.167,2687.000
2396.556,2614.667,2663.250,2910.500,2542.333,2573.125,2710.000,2780.333,2777.333,2729.167,2525.833,2614.250,2387.000,2536.667,2707.500
2366.333,2594.333,2679.625,2915.500,2580.000,2575.625,2711.750,2789.500,2762.444,2759.333,2534.833,2589.250,2378.333,2544.167,2687.833
2389.778,2630.167,2646.625,2896.000,2589.333,2592.250,2723.000,2774.333,2744.667,2684.167,2520.833,2591.000,2383.500,2585.167,2643.167
2383.778,2608.167,2658.875,2930.750,2565.833,2568.625,2702.250,2778.333,2771.889,2735.833,2507.167,2564.000,2367.833,2559.000,2665.333
2388.222,2586.833,2684.000,2957.000,2571.667,2575.500,2668.250,2795.667,2769.333,2740.333,2557.667,2552.000,2376.667,2534.167,2660.833
2406.333,2551.333,2671.375,2911.750,2602.833,2591.625,2650.000,2791.000,2782.000,2670.500,2570.000,2577.750,2401.000,2553.667,2693.000
2390.889,2623.167,2671.375,2977.750,2576.833,2581.375,2697.000,2729.333,2727.444,2707.500,2570.500,2578.750,2385.667,2563.500,2654.333
2391.556,2628.500,2666.125,2937.250,2571.167,2609.250,2695.500,2766.000,2745.778,2691.167,2546.500,2567.500,2371.500,2559.833,2664.667
2404.222,2581.333,2672.125,2956.000,2561.000,2604.500,2643.750,2785.833,2750.889,2693.333,2541.500,2629.500,2375.167,2540.333,2709.667
2386.444,2612.000,2667.375,2927.500,2562.000,2589.500,2703.500,2723.167,2745.778,2742.500,2530.500,2581.500,2402.333,2547.833,2668.167
2391.556,2585.000,2693.500,2948.500,2580.000,2585.250,2650.000,2726.500,2736.444,2680.500,2541.667,2553.750,2400.667,2572.000,2644.000
2400.444,2591.500,2689.125,2970.250,2594.833,2563.250,2661.500,2697.333,2756.889,2745.667,2536.667,2549.500,2376.000,2541.667,2685.333
2391.778,2606.500,2629.875,2932.000,2554.833,2593.250,2681.000,2743.167,2769.111,2726.500,2529.500,2572.000,2378.167,2585.500,2660.833
2397.444,2582.000,2685.250,2930.000,2554.333,2570.875,2744.500,2726.500,2744.889,2667.667,2529.500,2564.500,2361.500,2553.167,2676.000
2382.778,2602.333,2653.750,2904.000,2569.333,2589.375,2666.250,2766.667,2740.778,2692.667,2545.167,2577.500,2418.833,2522.333,2662.667
2403.444,2626.500,2677.375,2918.000,2571.000,2572.125,2697.250,2783.833,2721.889,2682.000,2556.167,2574.000,2382.833,2552.667,2698.833
2367.333,2617.500,2674.500,2919.000,2543.000,2563.375,2714.250,2753.667,2714.000,2644.333,2531.833,2606.500,2364.667,2544.833,2685.333
2375.778,2601.500,2684.875,2909.250,2588.000,2600.750,2747.250,2757.333,2731.778,2712.167,2537.333,2551.500,2401.333,2551.667,2659.333
2364.222,2596.333,2669.500,2918.500,2530.667,2579.750,2720.000,2776.667,2701.556,2724.000,2528.833,2580.250,2371.833,2569.167,2683.167
2389.778,2564.333,2685.875,2890.250,2570.833,2579.875,2681.750,2760.333,2768.222,2676.667,2549.000,2544.250,2382.833,2519.667,2670.333
2366.111,2623.167,2676.750,2937.000,2534.333,2574.250,2702.750,2757.833,2721.444,2700.833,2525.667,2566.500,2362.000,2546.833,2671.667
2388.778,2571.667,2648.625,2928.750,2555.667,2577.500,2697.500,2785.500,2742.222,2673.500,2521.000,2573.250,2400.000,2531.500,2682.667
2390.889,2597.167,2694.625,2924.500,2540.167,2579.125,2695.500,2771.833,2756.111,2687.000,2561.833,2559.750,2361.167,2540.333,2687.333
2373.333,2602.333,2694.750,2883.250,2592.667,2551.000,2693.750,2778.500,2714.333,2733.667,2540.000,2578.250,2364.167,2554.833,2700.833
2376.444,2623.167,2647.625,2893.750,2554.667,2575.000,2701.750,2764.000,2764.556,2640.000,2543.833,2578.250,2371.000,2560.000,2653.667
2383.333,2588.833,2680.625,2897.500,2535.667,2584.375,2697.500,2791.167,2802.444,2689.667,2560.000,2589.500,2393.167,2558.500,2669.500
2375.667,2630.333,2660.125,2991.500,2583.000,2579.125,2679.500,2773.333,2705.333,2688.667,2503.167,2579.250,2387.500,2538.500,2616.500
2397.556,2573.500,2642.250,3007.000,2576.667,2596.750,2716.500,2745.000,2749.889,2766.333,2542.500,2613.250,2352.500,2561.667,2652.333
2400.667,2565.667,2649.875,2929.250,2573.333,2583.000,2669.000,2794.667,2758.778,2717.667,2545.000,2541.500,2375.667,2532.333,2646.500
2370.889,2624.833,2677.125,2921.750,2574.833,2555.000,2731.000,2776.500,2784.778,2704.000,2522.167,2606.250,2402.500,2544.333,2636.333
2374.444,2599.000,2693.750,2874.000,2573.667,2569.750,2731.000,2820.333,2779.444,2731.000,2539.833,2588.000,2390.000,2555.667,2648.333
2397.222,2599.500,2666.625,2955.250,2548.167,2540.250,2693.000,2801.500,2759.778,2697.667,2523.500,2523.750,2343.000,2508.833,2674.833
2402.444,2627.500,2643.250,2928.500,2579.333,2559.000,2727.250,2764.167,2781.333,2723.333,2540.000,2569.250,2388.000,2569.333,2611.500
2383.333,2603.333,2632.875,2877.500,2572.667,2554.500,2693.500,2768.167,2776.000,2733.667,2551.000,2574.750,2354.000,2558.167,2647.667
2373.444,2605.500,2657.375,2896.500,2569.000,2556.875,2686.750,2752.333,2749.667,2663.833,2530.167,2582.000,2364.833,2576.000,2609.833
2390.889,2626.000,2678.625,2951.750,2591.667,2547.375,2671.250,2755.167,2785.333,2671.500,2569.333,2585.500,2355.333,2534.667,2607.500
2355.667,2599.000,2638.750,2936.000,2578.667,2577.500,2726.000,2787.167,2763.222,2684.500,2559.000,2576.000,2376.667,2566.500,2602.167
2362.222,2621.500,2688.250,2911.750,2580.333,2582.500,2707.750,2757.167,2787.111,2708.833,2578.333,2577.250,2358.833,2563.833,2641.500
2385.333,2586.833,2674.375,2897.500,2563.333,2565.875,2689.500,2774.667,2780.778,2728.167,2559.833,2564.750,2352.500,2520.667,2614.000
2389.667,2629.333,2677.000,2908.000,2580.000,2564.875,2667.750,2760.333,2780.111,2670.167,2547.833,2575.250,2386.167,2575.167,2636.833
2369.778,2583.667,2688.250,2951.500,2578.667,2588.875,2705.750,2774.333,2764.333,2692.500,2563.833,2563.250,2380.167,2513.833,2619.500
2389.778,2605.333,2653.875,2891.750,2568.333,2567.375,2693.500,2775.667,2746.444,2729.833,2601.167,2560.750,2324.000,2515.667,2638.167
2385.778,2608.333,2671.000,2893.000,2577.167,2584.750,2671.750,2818.333,2767.667,2681.667,2564.833,2573.750,2314.333,2529.500,2654.667
2381.111,2607.833,2658.875,2928.750,2575.333,2578.250,2683.000,2757.500,2768.333,2736.000,2543.333,2581.250,2361.500,2526.000,2607.167
2369.889,2583.667,2648.250,2848.000,2573.667,2617.500,2647.750,2758.667,2769.333,2721.500,2590.333,2589.000,2360.833,2551.333,2682.500
2361.556,2595.000,2657.625,2886.000,2595.333,2586.500,2701.500,2750.333,2801.444,2734.833,2554.000,2600.500,2347.000,2514.500,2611.333
2379.333,2580.333,2675.500,2902.000,2608.167,2603.250,2675.500,2728.000,2730.667,2723.833,2575.833,2550.000,2365.333,2549.833,2621.333
2359.111,2593.667,2663.500,2895.000,2573.500,2580.375,2632.750,2762.833,2801.667,2720.333,2558.000,2563.500,2384.000,2558.667,2641.167
2365.000,2599.667,2661.625,2903.750,2611.500,2598.125,2635.000,2774.000,2777.444,2749.333,2582.167,2539.500,2323.167,2540.500,2665.333
2348.556,2625.667,2663.500,2865.750,2557.333,2573.750,2647.500,2772.833,2764.667,2718.500,2582.000,2546.750,2376.667,2563.333,2638.667
2386.000,2575.500,2677.250,2927.250,2581.167,2583.500,2676.500,2777.000,2803.889,2680.167,2539.500,2531.750,2378.000,2520.333,2630.333
2361.778,2579.667,2637.125,2873.750,2590.500,2611.625,2627.500,2764.167,2787.778,2773.333,2561.667,2545.250,2339.500,2548.167,2641.833
2377.222,2583.167,2649.125,2883.750,2563.500,2595.250,2689.250,2775.167,2816.222,2745.667,2567.500,2539.750,2355.833,2536.000,2630.167
2393.556,2577.333,2641.750,2893.000,2621.333,2582.375,2677.750,2746.500,2813.444,2743.000,2552.667,2559.000,2388.833,2550.167,2596.500
2389.222,2576.667,2646.250,2855.000,2585.667,2628.875,2621.000,2731.000,2797.444,2751.333,2568.000,2590.000,2354.833,2546.667,2667.167
2385.000,2594.667,2649.000,2926.000,2580.833,2629.500,2599.500,2753.167,2782.556,2709.667,2579.667,2515.500,2362.167,2531.667,2620.000
2379.000,2561.667,2626.500,2881.750,2603.500,2592.625,2629.000,2735.333,2778.111,2747.000,2552.000,2558.500,2367.667,2585.500,2635.667
2359.889,2554.000,2648.250,2929.000,2608.833,2602.875,2665.000,2738.500,2784.222,2741.167,2569.333,2534.250,2367.833,2567.333,2662.667
2393.111,2588.000,2676.250,2924.750,2591.167,2575.125,2631.500,2724.333,2810.556,2760.000,2584.000,2528.000,2371.167,2551.333,2642.833
2360.444,2560.500,2655.500,2838.750,2576.000,2587.625,2677.500,2746.833,2818.444,2749.500,2576.333,2540.000,2365.667,2546.000,2620.667
2372.556,2577.500,2654.500,2930.500,2583.333,2604.875,2629.000,2688.333,2817.333,2765.167,2583.000,2600.750,2350.667,2523.833,2632.667
2384.111,2578.667,2635.000,2842.000,2613.667,2591.500,2643.500,2704.333,2781.889,2693.167,2567.000,2569.000,2343.167,2541.167,2648.333
2389.111,2579.000,2653.875,2876.000,2588.833,2581.500,2665.500,2727.667,2761.667,2706.167,2569.333,2565.750,2376.500,2569.833,2636.500
2400.556,2548.000,2657.125,2887.500,2622.500,2573.250,2660.500,2724.667,2781.667,2750.167,2547.500,2594.000,2352.333,2547.833,2645.500
2386.667,2559.167,2653.250,2916.500,2560.167,2631.375,2661.250,2702.833,2797.111,2734.500,2564.500,2545.000,2400.167,2553.167,2660.667
2353.444,2581.333,2656.250,2860.250,2570.000,2650.500,2657.500,2695.000,2788.222,2734.833,2551.000,2508.250,2347.000,2478.500,2596.667
2345.444,2570.667,2658.125,2899.250,2573.667,2643.250,2638.500,2712.167,2769.333,2750.500,2575.167,2535.500,2367.833,2552.833,2627.833
2383.222,2571.667,2662.625,2937.750,2569.833,2641.375,2560.750,2710.000,2795.333,2729.667,2597.833,2522.750,2338.167,2561.667,2618.667
2386.667,2604.333,2668.625,2876.500,2573.667,2605.375,2623.500,2702.500,2788.667,2741.167,2594.000,2561.000,2341.500,2556.833,2593.667
2350.444,2604.667,2664.500,2908.250,2650.500,2630.250,2617.250,2699.667,2810.556,2734.833,2609.167,2550.250,2351.667,2558.833,2603.833
2376.889,2587.333,2594.250,2865.000,2586.000,2613.125,2617.000,2712.000,2799.444,2769.167,2544.500,2548.250,2377.500,2539.333,2619.833
2354.889,2574.833,2661.500,2894.750,2584.500,2612.125,2622.500,2679.500,2818.444,2712.167,2539.333,2557.750,2366.667,2524.500,2612.500
2358.222,2595.500,2631.625,2855.250,2572.667,2636.375,2615.750,2699.833,2812.556,2797.333,2526.667,2549.750,2344.833,2546.000,2610.000
2375.000,2563.333,2654.750,2903.250,2586.333,2612.125,2628.250,2730.833,2781.333,2735.000,2563.167,2536.500,2340.667,2539.500,2608.167
2363.333,2568.167,2673.875,2866.000,2571.167,2624.125,2653.500,2719.167,2746.556,2714.333,2580.333,2519.250,2384.833,2600.333,2617.500
2360.444,2551.833,2659.625,2853.000,2597.167,2603.250,2674.750,2734.167,2769.889,2728.667,2537.667,2544.000,2347.667,2576.833,2618.167
2384.333,2596.667,2680.500,2838.000,2561.833,2609.375,2615.750,2718.833,2733.111,2730.667,2585.667,2553.250,2307.333,2549.667,2619.333
2381.889,2553.833,2650.875,2862.500,2597.667,2604.000,2656.500,2749.000,2798.556,2724.333,2549.667,2532.750,2335.333,2568.000,2566.000
2391.889,2576.000,2647.250,2897.750,2570.500,2612.125,2651.250,2729.333,2767.111,2770.667,2574.833,2574.000,2356.500,2547.833,2612.333
2372.556,2584.833,2647.500,2893.750,2565.333,2627.375,2630.500,2725.500,2761.778,2752.833,2553.833,2538.500,2332.000,2558.500,2600.833
2383.556,2558.333,2641.000,2884.500,2607.833,2600.875,2661.500,2723.500,2751.556,2778.667,2563.000,2530.000,2346.167,2543.833,2571.833
2377.889,2531.667,2650.625,2896.000,2591.333,2616.250,2641.750,2753.500,2759.333,2736.167,2559.500,2539.750,2337.667,2522.333,2614.167
2380.111,2564.500,2629.750,2858.250,2599.000,2584.250,2647.250,2720.667,2789.667,2709.500,2543.333,2558.000,2318.500,2576.500,2612.000
2398.778,2580.167,2611.250,2831.750,2610.333,2590.500,2625.000,2725.167,2809.556,2745.833,2563.500,2538.000,2342.167,2528.000,2595.000
2398.333,2601.167,2629.375,2882.250,2592.167,2581.125,2614.250,2746.667,2769.111,2747.000,2575.000,2525.750,2353.000,2515.833,2608.833
2347.000,2570.500,2620.500,2828.250,2582.500,2605.000,2674.000,2756.500,2788.778,2751.333,2558.833,2549.000,2326.000,2512.833,2608.500
2377.333,2566.500,2654.875,2877.000,2607.833,2601.125,2633.500,2748.333,2803.889,2764.667,2558.000,2554.250,2362.167,2556.000,2639.333
2351.889,2572.167,2649.125,2878.000,2603.167,2569.375,2587.250,2720.500,2779.333,2730.000,2577.167,2554.250,2330.167,2519.333,2630.500
2373.222,2555.833,2665.750,2886.750,2556.000,2568.500,2645.750,2765.833,2820.556,2748.667,2554.667,2565.250,2361.000,2542.833,2615.000
2385.778,2568.833,2656.000,2885.000,2569.000,2573.000,2638.500,2751.500,2839.778,2761.667,2533.167,2538.500,2346.667,2531.500,2598.833
2370.222,2599.833,2658.750,2849.750,2560.500,2563.875,2612.500,2812.333,2740.444,2736.333,2585.833,2538.000,2327.667,2539.000,2610.667
2374.111,2561.833,2645.125,2849.250,2592.833,2592.750,2612.000,2765.500,2788.556,2752.500,2570.500,2494.250,2392.167,2542.000,2634.333
2390.778,2575.667,2636.375,2837.750,2596.667,2559.250,2633.750,2754.667,2774.889,2770.667,2561.000,2552.000,2328.167,2547.333,2615.833
2357.000,2559.333,2663.500,2869.000,2580.333,2539.125,2591.000,2770.000,2781.111,2723.833,2566.833,2511.500,2324.333,2547.500,2611.667
2354.222,2575.333,2662.625,2881.250,2618.000,2550.375,2642.500,2814.833,2765.222,2767.000,2542.833,2555.250,2359.667,2529.833,2618.833
2366.333,2551.167,2666.625,2838.500,2605.833,2550.750,2641.000,2767.500,2783.556,2763.833,2526.667,2558.000,2339.333,2523.000,2623.500
2374.000,2563.667,2629.625,2877.250,2573.167,2558.875,2587.750,2820.333,2747.333,2799.333,2544.667,2503.000,2356.333,2507.833,2589.167
2364.889,2591.500,2645.000,2877.500,2566.667,2557.625,2604.500,2807.333,2800.444,2748.000,2524.333,2503.750,2376.667,2549.667,2598.333
2352.222,2549.333,2658.875,2811.500,2593.667,2539.125,2615.000,2815.500,2803.222,2755.833,2598.500,2565.500,2335.500,2537.667,2580.667
2349.444,2524.667,2626.625,2847.750,2604.000,2559.625,2643.000,2765.667,2779.889,2775.667,2550.000,2546.250,2359.000,2571.333,2580.000
2343.556,2559.167,2645.125,2773.500,2596.833,2506.500,2583.750,2764.500,2804.778,2726.000,2534.667,2573.500,2339.667,2577.500,2587.667
2380.111,2593.167,2626.875,2857.250,2573.333,2535.875,2648.750,2794.667,2766.111,2723.000,2531.833,2500.750,2354.833,2524.167,2611.667
2353.111,2533.500,2616.000,2846.250,2589.167,2517.875,2597.250,2819.667,2780.667,2733.833,2527.667,2516.250,2347.500,2542.167,2614.833
2363.222,2541.000,2600.625,2877.500,2589.833,2537.625,2567.750,2806.833,2792.889,2752.167,2512.167,2519.000,2348.833,2555.000,2579.333
2369.667,2558.333,2656.750,2839.500,2599.667,2540.250,2615.500,2824.833,2788.222,2730.500,2528.500,2531.500,2368.333,2576.833,2574.500
2369.667,2570.833,2656.375,2836.250,2590.833,2526.375,2655.250,2788.000,2757.000,2730.167,2523.333,2567.500,2321.333,2534.667,2620.167
2384.778,2564.833,2648.000,2828.250,2611.667,2533.750,2608.500,2821.167,2791.444,2719.667,2517.667,2517.500,2346.000,2533.333,2590.667
2362.111,2573.333,2616.750,2900.250,2593.833,2540.875,2590.500,2806.000,2770.889,2781.000,2545.667,2578.750,2360.500,2526.167,2606.000
2370.222,2586.167,2654.375,2857.500,2615.000,2525.500,2625.250,2767.167,2739.222,2765.167,2518.500,2490.000,2351.667,2567.167,2626.833
2372.000,2552.833,2642.000,2878.250,2576.833,2521.875,2619.250,2803.500,2794.889,2744.000,2535.167,2552.750,2318.333,2541.833,2593.333
2336.222,2546.333,2627.750,2865.250,2591.000,2540.625,2593.250,2736.667,2766.889,2769.667,2550.833,2535.750,2346.500,2524.833,2558.833
2349.667,2595.667,2626.500,2884.250,2627.500,2512.375,2566.000,2777.167,2755.889,2748.833,2554.500,2526.000,2380.000,2532.500,2584.833
2366.444,2559.167,2598.250,2889.000,2628.167,2553.375,2622.250,2755.833,2789.222,2765.833,2547.667,2535.750,2357.167,2549.667,2584.000
2380.000,2557.667,2640.875,2842.000,2588.833,2518.625,2664.250,2736.500,2779.111,2774.000,2520.500,2542.250,2343.833,2524.333,2617.500
2374.667,2535.167,2623.625,2875.500,2587.500,2529.375,2639.250,2747.500,2777.000,2752.500,2532.000,2526.000,2361.167,2530.000,2591.500
2342.222,2524.167,2624.250,2827.000,2595.833,2539.625,2562.750,2748.500,2777.556,2756.833,2514.667,2523.000,2362.667,2550.833,2563.667
2383.333,2561.000,2641.875,2860.750,2571.500,2513.750,2640.000,2721.333,2807.000,2759.500,2520.667,2511.000,2324.667,2540.667,2558.500
2339.000,2540.333,2633.750,2896.250,2563.500,2517.625,2588.250,2781.167,2800.333,2777.667,2521.167,2509.750,2327.333,2535.667,2601.500
2354.444,2578.833,2664.625,2841.000,2580.833,2541.625,2609.000,2716.833,2729.778,2729.167,2523.667,2546.500,2336.167,2488.000,2604.333
2365.222,2543.000,2622.500,2843.000,2604.833,2496.125,2630.000,2727.500,2721.778,2764.000,2531.667,2516.500,2346.167,2524.667,2596.167
2356.778,2538.500,2633.000,2834.500,2613.667,2527.375,2588.500,2758.667,2748.556,2743.500,2524.833,2552.750,2325.500,2547.500,2605.167
2370.000,2561.167,2618.250,2831.000,2603.667,2505.625,2586.750,2704.500,2770.667,2743.167,2558.833,2523.250,2337.667,2557.000,2563.000
2357.667,2550.167,2648.625,2881.250,2571.333,2520.000,2593.250,2701.333,2753.222,2732.500,2536.333,2501.250,2352.833,2588.833,2591.000
2376.889,2566.000,2621.500,2876.500,2597.833,2512.375,2580.250,2721.000,2772.556,2750.000,2527.667,2565.500,2354.167,2571.000,2612.167
2369.000,2566.667,2636.750,2852.500,2590.667,2539.125,2615.500,2691.167,2770.889,2708.667,2554.000,2517.500,2329.000,2532.167,2612.500
2350.000,2593.333,2601.625,2898.250,2617.500,2533.000,2591.500,2732.667,2793.000,2715.500,2529.167,2540.250,2347.667,2553.333,2623.833
2338.000,2568.167,2615.625,2836.000,2590.333,2536.250,2592.750,2735.000,2749.000,2763.167,2529.500,2537.750,2335.333,2542.167,2593.833
2352.222,2542.667,2596.500,2872.750,2630.500,2526.500,2586.250,2777.833,2775.000,2775.333,2516.167,2503.500,2348.000,2545.333,2606.667
2355.667,2556.333,2631.750,2875.750,2586.500,2530.375,2588.000,2753.667,2747.222,2732.833,2501.667,2511.750,2319.333,2546.000,2576.667
2370.778,2530.500,2655.875,2856.250,2570.667,2543.750,2566.500,2753.167,2783.111,2735.167,2534.500,2552.000,2372.667,2565.167,2556.500
2355.778,2582.333,2643.750,2830.500,2558.333,2510.625,2614.000,2749.500,2794.222,2777.167,2565.500,2526.250,2366.833,2523.333,2581.833
2368.778,2551.000,2618.500,2851.500,2586.333,2522.125,2604.750,2732.667,2749.889,2733.833,2567.667,2546.750,2375.500,2515.000,2563.667
2356.889,2585.667,2598.500,2817.000,2613.500,2539.125,2601.500,2782.000,2755.000,2761.333,2528.500,2575.500,2358.667,2532.000,2555.167
2365.778,2563.667,2624.250,2883.500,2598.167,2502.000,2634.000,2771.000,2786.889,2759.000,2528.333,2528.750,2349.500,2538.500,2578.500
2369.111,2540.000,2642.250,2853.000,2581.333,2529.500,2629.750,2745.667,2792.667,2785.167,2527.833,2522.000,2358.167,2531.833,2614.000
2345.444,2564.000,2631.625,2845.500,2575.333,2545.375,2588.250,2775.500,2741.556,2725.667,2562.833,2549.000,2362.833,2539.667,2565.500
2355.333,2563.667,2641.500,2890.750,2595.167,2531.375,2571.750,2763.167,2771.222,2732.500,2527.500,2473.500,2343.833,2566.833,2590.667
2371.333,2543.000,2638.375,2904.000,2626.833,2541.375,2546.250,2746.500,2769.556,2789.500,2537.333,2515.000,2345.333,2531.167,2569.833
2376.556,2565.333,2636.500,2855.000,2589.167,2543.375,2609.000,2743.833,2765.667,2761.500,2522.833,2518.250,2355.000,2520.500,2571.667
2355.111,2534.000,2610.875,2855.750,2565.167,2543.000,2579.500,2766.333,2755.000,2757.167,2530.833,2546.250,2352.333,2558.000,2587.500
2363.444,2578.667,2626.250,2847.000,2619.500,2547.375,2617.500,2752.333,2726.000,2765.333,2509.167,2518.500,2332.333,2516.167,2600.500
2347.222,2537.000,2604.750,2924.500,2606.833,2532.125,2623.000,2793.167,2745.778,2766.167,2501.167,2509.750,2324.167,2534.833,2565.333
2374.000,2582.500,2634.625,2892.250,2621.833,2546.125,2570.250,2691.167,2752.556,2800.000,2514.667,2513.500,2352.667,2556.833,2566.333
2395.556,2561.833,2631.000,2885.000,2592.833,2525.250,2595.000,2711.333,2771.000,2799.833,2486.333,2500.000,2373.333,2519.000,2557.833
2349.333,2582.167,2654.000,2854.000,2630.500,2519.250,2619.000,2698.167,2766.889,2758.833,2517.167,2555.000,2349.333,2519.000,2582.833
2345.444,2588.000,2606.875,2834.750,2587.833,2533.375,2589.000,2783.833,2746.333,2756.667,2516.167,2559.000,2368.667,2518.833,2581.333
2341.778,2556.000,2646.500,2859.750,2601.167,2533.875,2598.750,2730.833,2735.556,2780.167,2501.167,2547.250,2344.000,2546.833,2565.167
2376.667,2572.000,2621.375,2864.500,2612.667,2540.625,2620.000,2692.333,2751.000,2810.000,2515.667,2525.000,2349.500,2548.667,2580.500
2359.778,2574.500,2625.500,2892.750,2623.667,2517.750,2632.000,2701.000,2777.444,2762.333,2561.000,2524.750,2324.167,2514.833,2573.833
2343.556,2557.667,2662.500,2853.750,2609.333,2580.875,2589.750,2696.500,2722.333,2765.833,2524.667,2504.000,2346.000,2520.000,2587.500
2359.222,2564.167,2641.375,2854.500,2585.500,2565.000,2570.500,2758.000,2722.222,2755.833,2538.667,2526.500,2350.333,2512.833,2577.000
2350.778,2582.167,2630.125,2835.750,2571.000,2550.000,2588.500,2743.667,2761.222,2773.000,2520.167,2551.500,2361.500,2572.333,2564.000
2385.222,2586.500,2641.000,2896.750,2592.167,2515.625,2605.000,2753.833,2710.333,2747.333,2529.167,2479.750,2339.333,2540.833,2587.833
2357.778,2568.167,2630.500,2843.000,2621.833,2522.625,2631.250,2774.833,2752.222,2780.167,2506.500,2552.250,2341.833,2533.833,2557.833
2369.333,2575.000,2656.000,2879.000,2623.667,2530.750,2603.500,2754.167,2739.000,2747.667,2544.500,2495.000,2331.667,2572.167,2516.667
2354.444,2575.000,2643.750,2882.500,2632.333,2517.750,2604.500,2718.000,2740.000,2722.500,2512.000,2529.000,2354.167,2567.333,2569.167
2353.222,2570.333,2627.000,2825.750,2603.333,2497.125,2596.250,2803.833,2730.556,2706.500,2542.667,2559.000,2341.500,2541.333,2537.333
2376.778,2609.500,2609.125,2883.250,2545.000,2530.875,2600.250,2738.167,2706.222,2712.000,2509.000,2512.250,2316.000,2567.333,2563.167
2352.556,2573.000,2612.250,2853.250,2598.833,2522.625,2592.250,2742.167,2717.333,2732.833,2519.500,2483.750,2361.500,2531.833,2532.000
2350.333,2572.833,2634.000,2854.250,2627.000,2506.875,2578.750,2740.333,2763.222,2757.167,2481.167,2514.500,2368.167,2560.000,2561.667
2375.000,2548.000,2645.000,2836.000,2612.500,2552.250,2638.250,2716.833,2737.778,2790.000,2496.833,2521.250,2348.333,2548.500,2559.500
2351.556,2580.167,2657.250,2836.250,2586.833,2542.250,2610.250,2686.000,2754.333,2760.667,2526.833,2496.750,2341.667,2555.500,2570.833
2327.556,2545.333,2639.250,2830.000,2602.167,2531.875,2613.500,2655.833,2710.111,2774.500,2520.667,2517.500,2331.167,2546.333,2551.833
2351.222,2572.500,2618.250,2856.000,2628.667,2524.750,2579.250,2674.667,2727.667,2763.667,2520.000,2520.750,2348.500,2525.000,2526.667
2361.444,2557.000,2654.875,2835.000,2618.167,2517.125,2590.750,2684.167,2734.000,2794.167,2478.333,2489.000,2347.833,2519.667,2534.667
2373.222,2548.333,2639.625,2865.500,2597.667,2517.000,2584.750,2667.333,2748.556,2804.667,2520.500,2541.250,2335.167,2547.000,2533.000
2388.667,2535.500,2609.125,2913.500,2608.167,2520.500,2553.750,2680.167,2768.556,2808.833,2499.833,2510.000,2345.833,2531.500,2578.833
2366.889,2541.833,2646.875,2849.500,2606.833,2537.125,2610.750,2653.333,2705.889,2756.000,2482.333,2516.250,2331.333,2556.167,2555.167
2379.667,2548.500,2637.000,2874.500,2597.167,2518.625,2579.000,2673.833,2722.556,2789.667,2544.667,2519.000,2303.667,2537.667,2566.500
2326.778,2561.500,2592.250,2870.000,2612.667,2534.000,2576.750,2657.167,2750.889,2780.333,2507.333,2482.000,2326.500,2520.167,2558.500
2351.778,2563.833,2615.375,2859.750,2641.000,2522.625,2623.000,2664.500,2708.444,2725.667,2508.833,2494.000,2349.333,2551.833,2556.000
2360.222,2551.500,2619.250,2818.250,2591.167,2509.750,2598.500,2663.667,2727.000,2784.000,2501.167,2520.000,2324.000,2526.667,2576.667
2355.111,2576.333,2626.750,2878.250,2589.500,2532.250,2593.500,2652.500,2711.667,2779.000,2562.500,2547.500,2300.833,2503.000,2568.167
2368.111,2565.833,2621.250,2808.500,2605.333,2521.250,2580.500,2669.333,2751.111,2762.167,2521.167,2552.250,2361.000,2568.667,2552.833
2398.889,2563.500,2651.000,2843.750,2623.500,2541.375,2579.250,2698.333,2739.778,2748.667,2502.167,2500.500,2350.000,2517.333,2556.167
2362.000,2577.333,2603.000,2853.500,2618.833,2521.875,2592.250,2685.000,2729.000,2742.000,2511.333,2495.000,2331.333,2543.500,2591.500
2377.000,2547.333,2609.750,2837.750,2620.667,2519.500,2555.000,2650.167,2741.444,2723.500,2481.167,2522.250,2352.500,2511.167,2554.000
2376.556,2545.333,2613.500,2824.250,2629.333,2519.000,2602.250,2650.667,2721.111,2727.667,2516.667,2497.750,2341.333,2526.333,2543.333
2354.333,2563.333,2610.000,2818.250,2647.167,2538.625,2618.000,2650.000,2727.444,2776.000,2498.500,2531.250,2317.000,2511.000,2540.500
2353.222,2563.000,2644.875,2854.250,2597.167,2505.250,2613.000,2689.333,2728.778,2751.500,2516.500,2490.000,2357.667,2573.833,2553.667
2353.667,2563.500,2640.375,2837.500,2631.333,2494.500,2567.750,2657.500,2731.222,2766.667,2488.000,2546.500,2362.667,2566.667,2586.500
2368.778,2539.833,2653.375,2892.500,2633.167,2535.375,2586.500,2686.500,2719.000,2698.833,2494.500,2548.500,2358.667,2512.333,2578.500
2372.667,2580.667,2644.750,2852.750,2645.333,2493.000,2584.000,2669.500,2709.111,2767.500,2518.667,2532.000,2328.167,2535.333,2563.500
2357.000,2551.000,2614.000,2875.250,2642.833,2516.750,2559.250,2642.667,2699.889,2741.500,2531.500,2574.250,2327.667,2526.167,2561.167
2392.667,2536.167,2617.375,2861.000,2638.000,2515.250,2596.750,2652.667,2700.000,2718.667,2520.833,2510.000,2332.667,2538.333,2560.833
2376.667,2584.000,2633.750,2891.000,2611.000,2511.500,2574.750,2688.167,2656.667,2731.167,2516.167,2534.750,2352.333,2526.000,2572.500
2359.111,2556.833,2625.250,2842.750,2600.167,2526.000,2558.250,2697.333,2685.000,2719.500,2519.333,2506.750,2307.167,2552.167,2557.500
2364.667,2554.667,2634.125,2898.750,2617.167,2541.000,2581.250,2698.833,2699.111,2719.833,2519.833,2518.500,2311.167,2509.833,2565.833
2378.111,2588.667,2645.375,2888.000,2640.667,2533.125,2587.000,2688.167,2693.111,2763.000,2554.167,2565.000,2358.667,2553.333,2535.167
2369.111,2572.833,2622.625,2838.250,2643.000,2530.000,2605.000,2718.333,2733.000,2756.333,2495.833,2472.500,2348.833,2529.667,2575.500
2356.333,2556.167,2602.000,2865.000,2602.667,2552.000,2573.000,2756.833,2702.556,2724.333,2532.000,2545.250,2330.000,2549.833,2568.000
2359.778,2541.667,2627.000,2859.250,2627.667,2539.625,2615.000,2771.333,2688.000,2715.500,2510.833,2538.500,2345.500,2543.000,2572.667
2363.333,2542.500,2619.750,2827.750,2666.667,2544.250,2544.500,2737.167,2681.000,2749.833,2531.167,2523.750,2349.333,2501.833,2569.000
2353.889,2551.167,2633.625,2869.500,2642.833,2538.500,2569.750,2711.833,2677.556,2731.167,2523.667,2574.750,2309.167,2514.667,2559.667
2359.667,2566.667,2599.250,2846.250,2633.333,2549.250,2568.750,2736.167,2696.778,2738.833,2495.000,2533.250,2357.167,2531.333,2582.167
2362.889,2568.167,2637.125,2844.500,2599.833,2538.125,2567.000,2739.500,2670.778,2722.333,2497.333,2528.000,2336.500,2507.333,2549.167
2355.000,2529.667,2638.875,2866.000,2601.333,2510.125,2546.250,2754.167,2680.222,2717.333,2504.167,2563.250,2330.833,2522.167,2577.833
2372.111,2525.500,2644.500,2881.250,2611.833,2536.500,2609.000,2774.333,2676.889,2739.833,2500.500,2514.500,2326.667,2533.000,2537.167
2397.556,2534.833,2587.000,2887.750,2612.000,2521.250,2612.500,2758.833,2676.667,2678.667,2515.167,2535.250,2308.167,2549.000,2561.167
2359.667,2552.167,2670.250,2861.750,2597.167,2521.125,2567.500,2711.500,2664.889,2767.333,2504.833,2519.250,2352.333,2543.833,2546.000
2366.556,2574.500,2640.000,2853.500,2638.167,2524.875,2605.000,2727.500,2680.333,2750.833,2515.833,2517.250,2315.500,2541.667,2531.667
2373.444,2568.500,2628.750,2844.250,2624.833,2541.875,2578.500,2743.667,2701.667,2703.333,2530.833,2520.500,2358.167,2521.833,2580.333
2366.222,2519.833,2654.875,2872.250,2622.167,2532.625,2652.250,2762.833,2662.444,2719.500,2522.500,2527.250,2302.000,2509.000,2548.167
2360.667,2557.500,2601.625,2844.000,2609.000,2540.000,2606.750,2733.167,2662.444,2757.000,2533.833,2554.000,2342.000,2533.333,2568.000
2356.444,2554.333,2642.750,2876.750,2634.167,2476.625,2587.000,2674.833,2708.556,2742.000,2500.500,2512.500,2349.333,2576.000,2533.000
2368.556,2580.000,2633.875,2877.250,2597.667,2514.125,2625.750,2688.667,2677.556,2757.167,2501.667,2536.500,2343.167,2502.000,2598.833
2334.444,2539.667,2610.250,2885.500,2613.333,2516.625,2617.000,2708.000,2752.667,2735.500,2531.000,2535.000,2336.833,2560.000,2571.833
2362.333,2570.167,2639.875,2838.750,2646.000,2539.875,2566.750,2756.833,2736.778,2750.833,2532.000,2496.750,2351.833,2537.167,2580.000
2359.667,2532.833,2613.125,2838.500,2596.833,2500.375,2584.500,2719.333,2730.111,2731.500,2518.167,2536.250,2353.000,2552.667,2561.000
2369.333,2608.167,2628.625,2882.750,2674.000,2515.375,2597.500,2726.500,2716.222,2739.667,2541.833,2509.250,2332.500,2522.667,2572.833
2358.889,2513.667,2598.750,2866.500,2616.667,2513.875,2582.000,2705.000,2725.778,2733.667,2528.500,2520.250,2355.500,2507.500,2553.500
2364.333,2529.333,2616.750,2829.500,2617.167,2536.625,2556.250,2696.500,2712.667,2767.833,2518.000,2480.250,2350.667,2505.667,2566.667
2350.778,2559.833,2648.625,2877.500,2656.333,2525.125,2618.000,2686.833,2730.556,2815.333,2523.000,2521.500,2291.333,2543.500,2597.833
2370.333,2540.333,2617.500,2837.000,2600.667,2539.125,2588.750,2707.833,2721.333,2711.000,2493.833,2502.750,2313.167,2529.833,2545.000
2373.222,2536.833,2649.000,2827.000,2605.500,2531.750,2582.250,2752.833,2699.889,2725.500,2502.000,2511.000,2327.500,2548.500,2583.833
2357.333,2544.333,2634.500,2911.000,2640.500,2519.625,2628.250,2771.500,2704.889,2792.167,2515.833,2515.250,2353.000,2525.000,2538.167
2350.778,2575.167,2617.625,2854.250,2633.833,2525.375,2565.000,2756.167,2723.333,2742.500,2524.667,2536.250,2361.833,2548.500,2560.500
2361.333,2545.667,2617.625,2836.000,2616.167,2583.000,2578.250,2812.333,2706.556,2736.667,2492.167,2521.500,2356.000,2520.833,2597.167
2378.667,2574.000,2599.500,2864.250,2624.667,2562.000,2584.750,2777.333,2709.889,2714.833,2495.167,2566.750,2365.667,2512.833,2552.333
2356.778,2564.667,2642.875,2862.750,2596.500,2521.125,2603.000,2773.000,2694.889,2758.333,2526.167,2545.750,2328.667,2524.667,2540.000
2409.111,2559.500,2634.750,2811.750,2595.000,2587.000,2625.000,2799.833,2697.333,2721.167,2518.833,2472.750,2330.500,2510.167,2588.167
2389.778,2565.500,2639.375,2854.000,2585.333,2616.750,2639.250,2759.167,2722.222,2742.333,2526.333,2522.250,2348.667,2559.833,2606.833
2361.889,2575.833,2640.250,2811.250,2584.000,2604.125,2645.250,2781.000,2696.111,2731.667,2539.333,2558.000,2361.167,2503.667,2564.500
2362.222,2604.167,2645.750,2821.750,2581.000,2608.875,2632.750,2772.500,2695.333,2777.667,2519.833,2483.750,2376.500,2544.167,2591.833
2360.667,2562.167,2652.750,2835.000,2624.000,2594.875,2579.000,2762.333,2711.111,2782.833,2525.000,2532.000,2374.500,2526.167,2570.833
2371.778,2586.333,2613.000,2847.250,2607.667,2585.625,2636.500,2728.667,2689.333,2752.667,2543.500,2531.250,2337.333,2563.000,2577.833
2352.444,2538.167,2636.375,2890.500,2621.667,2609.125,2645.000,2822.500,2693.889,2759.167,2584.333,2543.500,2357.333,2534.167,2613.500
2367.556,2572.333,2612.000,2868.500,2634.667,2536.000,2640.250,2754.500,2708.556,2757.000,2549.500,2581.000,2342.333,2547.000,2577.667
2377.222,2560.833,2641.125,2817.750,2656.500,2579.250,2616.500,2738.500,2715.000,2781.500,2518.833,2576.250,2351.000,2508.667,2553.833
2359.222,2565.000,2618.125,2846.500,2601.833,2602.875,2594.500,2766.500,2666.000,2734.500,2539.333,2533.750,2353.667,2533.833,2582.667
2346.667,2565.167,2598.125,2891.000,2599.667,2601.125,2632.000,2755.667,2674.667,2729.833,2544.667,2579.250,2338.500,2574.000,2559.167
2369.111,2570.833,2641.875,2820.500,2575.000,2559.375,2649.000,2733.500,2718.667,2747.167,2511.167,2537.250,2331.833,2538.167,2540.667
2355.222,2546.167,2631.250,2817.500,2637.333,2569.625,2617.000,2724.833,2662.222,2733.833,2541.167,2513.500,2332.167,2512.833,2582.000
2355.667,2548.500,2654.125,2874.250,2582.667,2533.500,2613.000,2739.500,2670.778,2737.833,2538.333,2540.000,2331.500,2517.000,2585.667
2370.111,2604.333,2633.125,2899.000,2609.500,2546.625,2599.000,2747.833,2699.000,2701.667,2525.333,2502.750,2340.167,2536.167,2529.000
2343.778,2578.667,2630.250,2815.250,2578.000,2582.250,2632.750,2714.000,2691.667,2739.667,2566.333,2541.000,2352.833,2543.500,2585.000
2383.667,2543.667,2624.500,2895.750,2611.000,2544.250,2639.250,2730.000,2680.778,2751.000,2526.000,2549.250,2364.667,2538.167,2543.667
2374.667,2563.000,2603.500,2860.250,2593.333,2544.625,2631.250,2750.500,2687.000,2741.667,2531.167,2547.000,2329.333,2522.833,2554.500
2381.667,2557.333,2640.875,2848.750,2580.667,2546.250,2627.250,2758.000,2672.778,2689.000,2534.000,2578.750,2346.833,2523.333,2575.167
2378.333,2573.667,2643.500,2862.250,2613.500,2556.500,2668.000,2750.167,2656.111,2698.167,2519.167,2593.250,2377.667,2513.833,2590.833
2390.444,2561.833,2638.750,2875.500,2583.333,2527.500,2613.500,2756.500,2683.889,2718.333,2528.167,2538.750,2328.333,2514.833,2570.000
2370.667,2556.167,2628.125,2835.000,2577.333,2559.500,2665.250,2793.333,2673.333,2713.833,2528.833,2572.250,2353.167,2521.000,2582.333
2367.222,2559.500,2627.125,2848.500,2585.667,2541.500,2667.000,2767.000,2695.667,2710.500,2519.000,2551.500,2352.000,2527.000,2563.833
2346.222,2590.333,2640.625,2807.750,2599.000,2572.500,2598.500,2738.667,2686.667,2703.167,2527.167,2566.750,2321.167,2513.333,2595.000
2379.111,2576.667,2657.750,2871.250,2633.000,2551.000,2636.000,2752.667,2711.333,2721.000,2515.333,2615.250,2336.000,2480.500,2577.833
2377.222,2541.833,2602.750,2797.750,2583.167,2589.750,2607.250,2790.333,2659.444,2720.167,2539.833,2551.250,2370.833,2547.667,2588.333
2347.778,2564.833,2618.375,2852.500,2577.667,2586.750,2626.750,2772.833,2692.778,2682.000,2529.333,2560.750,2368.167,2530.667,2596.833
2369.222,2600.333,2635.875,2844.500,2597.333,2593.625,2639.500,2797.500,2651.000,2687.500,2525.833,2577.000,2356.000,2528.333,2586.167
2392.444,2586.833,2633.750,2875.000,2599.333,2562.125,2653.500,2835.000,2654.222,2737.833,2523.667,2563.500,2341.000,2498.667,2585.833
2378.889,2572.833,2609.125,2886.250,2571.833,2539.500,2634.500,2797.667,2629.778,2626.167,2529.167,2537.000,2318.333,2528.167,2572.000
2368.444,2543.500,2614.000,2883.250,2587.167,2543.375,2600.500,2802.667,2667.222,2665.833,2529.833,2548.250,2368.833,2557.167,2602.667
2359.556,2588.500,2595.125,2911.250,2573.167,2553.250,2586.500,2799.333,2664.222,2671.333,2516.000,2526.750,2343.333,2556.500,2570.000
2370.000,2585.667,2656.375,2940.750,2620.500,2552.625,2674.500,2808.167,2669.556,2669.167,2546.500,2566.500,2343.333,2501.833,2570.167
2378.778,2541.000,2643.500,2917.000,2603.167,2565.125,2630.250,2829.833,2652.333,2694.000,2564.667,2565.250,2374.000,2534.667,2595.500
2356.111,2580.500,2620.500,2905.250,2599.167,2525.250,2628.000,2804.833,2638.111,2639.667,2511.000,2548.750,2349.167,2511.333,2598.333
2343.333,2572.667,2602.875,2893.250,2589.667,2558.000,2640.750,2846.167,2659.222,2661.167,2519.667,2585.750,2363.167,2506.167,2580.500
2362.000,2564.833,2621.625,2845.750,2556.500,2565.250,2645.000,2876.833,2656.889,2664.333,2507.000,2543.000,2345.667,2543.167,2553.500
2374.667,2578.333,2664.750,2897.250,2581.167,2566.375,2612.250,2823.333,2666.889,2690.833,2534.500,2577.250,2323.167,2505.833,2643.000
2384.444,2587.333,2618.000,2847.250,2549.333,2531.875,2617.000,2799.667,2668.111,2703.000,2523.833,2566.250,2328.333,2528.833,2593.167
2347.667,2538.500,2640.625,2838.000,2583.500,2533.750,2606.250,2809.333,2688.222,2682.167,2521.000,2542.250,2326.000,2495.667,2586.667
2349.222,2571.000,2588.250,2875.250,2578.167,2519.125,2634.000,2801.500,2654.667,2636.333,2517.667,2585.000,2330.000,2523.500,2570.667
2366.889,2554.667,2622.250,2851.500,2595.667,2528.625,2640.000,2817.333,2693.556,2691.833,2532.167,2578.500,2316.167,2515.833,2562.167
2356.000,2572.167,2670.500,2867.750,2599.500,2520.375,2670.000,2827.667,2643.667,2623.000,2523.167,2586.250,2356.500,2533.333,2571.500
2355.667,2597.000,2631.625,2839.750,2603.000,2542.125,2660.250,2792.833,2661.111,2658.500,2521.833,2538.000,2336.000,2524.667,2594.667
2370.889,2552.667,2603.125,2866.000,2580.667,2528.750,2638.250,2789.000,2683.556,2680.500,2552.667,2600.500,2357.833,2543.667,2584.167
2379.333,2562.000,2642.250,2867.500,2553.833,2551.250,2627.000,2806.333,2658.556,2708.167,2526.500,2606.500,2345.333,2543.167,2575.333
2390.667,2521.667,2619.625,2812.000,2596.833,2579.000,2674.250,2779.333,2667.333,2662.000,2515.333,2585.250,2317.500,2516.000,2567.000
2376.444,2570.333,2616.000,2810.500,2606.000,2567.125,2643.250,2821.333,2671.667,2642.000,2513.833,2561.250,2328.000,2517.167,2582.167
2343.556,2557.167,2640.625,2863.250,2576.167,2555.125,2636.000,2777.667,2670.222,2741.000,2518.667,2599.000,2347.333,2503.167,2571.333
2383.556,2551.333,2603.000,2828.500,2591.000,2598.000,2682.750,2784.167,2668.333,2670.000,2522.667,2592.250,2347.000,2514.833,2565.000
2412.778,2582.333,2606.375,2791.250,2594.667,2674.000,2760.000,2775.000,2689.222,2653.667,2524.500,2598.250,2385.167,2538.000,2615.667
2390.111,2591.167,2621.000,2839.000,2585.833,2592.625,2778.000,2797.167,2688.889,2657.833,2554.167,2561.750,2346.833,2515.833,2575.833
2406.333,2552.333,2620.875,2830.000,2594.500,2649.750,2752.250,2780.167,2683.556,2698.333,2503.333,2605.750,2322.333,2569.000,2564.833
2390.111,2560.000,2618.000,2819.000,2568.000,2636.625,2721.500,2762.500,2680.333,2704.833,2522.333,2607.000,2316.667,2553.167,2577.167
2391.556,2527.000,2608.250,2799.250,2592.000,2632.250,2744.250,2793.833,2668.444,2652.000,2512.500,2577.250,2369.000,2561.333,2579.833
2382.667,2579.167,2639.250,2832.500,2598.667,2611.125,2792.750,2825.833,2635.333,2689.667,2543.000,2571.250,2340.500,2591.667,2599.667
2423.111,2549.500,2629.750,2807.500,2576.000,2720.750,2932.000,2796.167,2666.556,2643.667,2532.667,2624.500,2329.500,2530.000,2593.167
2415.556,2640.667,2649.000,2800.250,2603.667,2735.125,3009.500,2811.167,2657.222,2675.833,2499.500,2590.750,2357.667,2538.333,2575.833
2392.444,2644.833,2614.000,2797.500,2591.000,2753.500,2976.250,2811.000,2671.111,2659.500,2507.000,2635.500,2326.667,2544.000,2579.167
2424.556,2690.167,2618.375,2763.750,2560.333,2741.875,2983.250,2786.500,2633.000,2663.833,2543.167,2590.500,2334.667,2514.167,2563.167
2427.222,2653.333,2653.875,2834.000,2571.833,2735.875,2911.750,2836.667,2659.778,2652.833,2510.333,2598.250,2334.500,2524.333,2606.667
2378.667,2642.500,2603.375,2786.750,2575.333,2713.750,2894.500,2774.167,2656.333,2677.167,2541.167,2583.500,2349.167,2531.500,2574.333
2385.111,2684.000,2614.250,2831.750,2557.000,2686.625,2956.750,2799.333,2660.889,2662.667,2538.000,2570.250,2314.167,2507.500,2578.667
2409.444,2679.333,2621.250,2815.000,2578.167,2696.125,2898.000,2754.500,2647.222,2658.333,2516.500,2633.500,2350.500,2510.333,2561.833
2381.333,2649.667,2634.375,2843.000,2560.500,2717.500,2900.750,2815.333,2666.889,2648.667,2528.667,2626.250,2348.500,2521.000,2585.500
2401.444,2677.500,2640.000,2782.750,2583.667,2753.375,2898.000,2774.667,2622.778,2664.333,2506.833,2603.000,2369.833,2539.000,2605.000
2388.889,2615.500,2639.375,2832.000,2615.833,2726.750,2944.000,2769.333,2670.556,2680.333,2504.167,2636.250,2339.333,2549.000,2608.833
2385.111,2667.833,2663.875,2895.250,2586.667,2703.250,2868.250,2767.167,2638.889,2641.000,2487.500,2598.250,2357.667,2537.333,2591.667
2359.778,2646.000,2610.125,2818.750,2579.333,2667.125,2833.000,2781.333,2656.222,2619.333,2494.667,2645.250,2331.500,2542.167,2581.333
2412.444,2672.333,2640.250,2812.250,2557.833,2678.375,2852.750,2787.333,2670.889,2635.000,2505.167,2608.250,2342.000,2515.500,2580.667
2425.000,2623.333,2625.250,2829.500,2578.333,2699.625,2903.750,2756.167,2661.111,2676.667,2521.833,2571.750,2350.333,2498.167,2602.667
2388.778,2667.000,2642.875,2856.250,2574.333,2705.125,2946.500,2799.167,2662.333,2622.000,2493.000,2654.750,2315.500,2546.500,2597.000
2391.444,2657.500,2608.750,2821.750,2546.167,2698.375,2915.250,2755.333,2664.556,2643.667,2485.167,2628.500,2354.000,2520.500,2589.333
2412.111,2644.667,2632.875,2861.500,2570.167,2710.625,2929.750,2797.167,2659.889,2635.667,2500.833,2657.750,2326.833,2505.333,2589.333
2410.889,2674.833,2627.500,2855.250,2551.667,2742.500,2917.500,2794.333,2670.000,2624.000,2495.833,2644.500,2338.167,2547.500,2621.167
2388.444,2677.167,2650.000,2855.750,2551.667,2689.875,2924.000,2790.167,2661.333,2634.333,2480.167,2642.750,2367.333,2523.333,2607.667
2373.667,2656.000,2639.250,2898.250,2579.500,2719.500,2886.250,2734.167,2667.333,2633.667,2526.833,2576.250,2327.333,2527.333,2618.833
2388.778,2675.333,2634.500,2892.500,2566.500,2655.375,2858.000,2761.333,2676.333,2609.000,2537.833,2629.750,2345.000,2541.667,2574.167
2396.778,2664.333,2628.375,2881.500,2571.333,2660.250,2816.000,2760.333,2666.444,2628.667,2551.167,2620.000,2351.667,2530.167,2576.167
2376.778,2626.000,2600.375,2851.750,2565.333,2685.625,2866.000,2745.167,2652.444,2608.667,2506.667,2622.750,2342.167,2519.167,2577.333
2399.000,2647.500,2625.875,2849.250,2587.667,2697.500,2827.750,2713.000,2667.222,2635.333,2534.333,2643.250,2363.333,2525.167,2566.833
2364.667,2654.333,2627.375,2852.250,2570.167,2691.250,2885.250,2694.333,2692.222,2623.333,2499.833,2666.500,2366.333,2559.167,2569.000
2413.556,2655.833,2637.750,2839.500,2544.500,2688.250,2937.250,2733.667,2651.000,2659.167,2524.000,2603.500,2337.000,2523.500,2621.333
2404.667,2779.500,2621.500,2789.500,2546.667,2757.500,3000.000,2697.500,2690.000,2596.667,2493.333,2571.500,2362.833,2609.500,2607.333
2400.778,2754.667,2631.125,2820.000,2609.000,2720.625,2991.250,2699.667,2655.111,2605.500,2528.667,2742.250,2347.500,2645.167,2674.167
2417.556,2741.667,2644.125,2818.000,2552.000,2698.750,2901.500,2700.833,2696.556,2608.500,2532.000,2746.750,2357.333,2644.500,2632.500
2403.222,2753.500,2602.500,2846.500,2555.000,2712.875,2897.250,2740.333,2660.333,2647.667,2546.333,2791.250,2364.000,2656.833,2609.667
2398.889,2707.667,2605.250,2811.250,2555.000,2695.500,2843.750,2694.167,2677.667,2609.667,2533.833,2724.000,2365.500,2630.167,2609.167
2400.889,2693.333,2624.250,2816.250,2572.000,2696.875,2881.750,2702.833,2643.667,2641.000,2522.000,2761.500,2368.500,2660.000,2597.000
2391.111,2722.833,2643.375,2791.000,2564.833,2677.625,2873.250,2686.333,2675.111,2619.500,2537.500,2695.500,2350.667,2603.667,2611.000
2386.889,2735.500,2623.750,2796.250,2565.833,2690.750,2884.500,2647.667,2656.111,2639.000,2528.500,2705.000,2357.167,2605.333,2599.167
2398.000,2674.167,2616.500,2848.500,2573.333,2707.500,2885.000,2711.333,2680.444,2597.833,2523.333,2773.250,2352.667,2625.833,2601.000
2371.333,2711.000,2643.250,2771.750,2550.000,2672.250,2896.000,2679.667,2666.333,2632.667,2509.833,2727.750,2353.667,2612.167,2604.167
2387.000,2688.833,2617.750,2805.000,2515.333,2684.750,2914.000,2721.833,2633.889,2593.167,2503.000,2703.750,2382.333,2652.333,2578.833
2418.333,2676.833,2563.750,2821.000,2534.333,2712.875,2981.250,2699.833,2678.444,2615.000,2518.167,2721.250,2365.000,2621.833,2616.500
2390.222,2701.000,2615.875,2782.750,2557.500,2703.750,2917.750,2724.000,2659.000,2627.667,2518.833,2753.750,2390.000,2616.500,2607.500
2392.556,2718.500,2605.125,2793.000,2565.000,2701.875,2832.750,2745.000,2660.444,2659.167,2536.667,2652.750,2333.167,2653.333,2591.333
2420.444,2760.833,2653.000,2873.750,2540.333,2702.500,2984.000,2751.667,2623.111,2639.000,2510.833,2746.750,2375.333,2697.667,2631.500
2419.222,2821.500,2756.000,2828.500,2580.000,2786.250,3040.750,2855.500,2657.444,2637.667,2558.167,2848.750,2381.833,2764.000,2671.500
2404.667,2810.333,2777.500,2832.250,2551.833,2755.250,2954.750,2891.667,2618.222,2683.333,2552.667,2836.750,2364.333,2777.000,2716.500
2415.111,2743.833,2781.875,2824.500,2532.667,2729.750,2900.000,2886.333,2668.667,2635.833,2567.833,2806.000,2376.500,2728.500,2701.167
2372.556,2789.500,2772.000,2819.500,2528.167,2714.500,2896.750,2869.000,2658.333,2679.000,2567.333,2783.500,2363.833,2731.167,2715.333
2420.556,2783.000,2769.250,2799.500,2542.500,2738.000,2890.000,2893.000,2649.556,2642.167,2581.167,2811.250,2398.667,2759.833,2722.500
2394.889,2792.833,2756.125,2786.250,2569.667,2722.875,2901.000,2855.333,2629.222,2659.000,2552.833,2823.000,2371.667,2727.000,2680.000
2353.333,2733.167,2752.500,2845.250,2531.500,2717.375,2810.750,2856.167,2658.778,2605.000,2560.333,2803.000,2359.667,2723.000,2713.333
2379.889,2768.500,2767.625,2859.750,2551.000,2668.875,2831.750,2885.000,2640.889,2670.833,2570.667,2807.750,2381.167,2723.000,2732.500
2380.222,2724.833,2748.500,2874.500,2543.000,2688.000,2848.250,2861.167,2652.889,2647.333,2554.833,2793.500,2391.167,2731.167,2672.167
2383.556,2700.000,2763.125,2829.000,2522.333,2665.375,2806.000,2833.667,2661.444,2665.333,2577.333,2737.750,2384.167,2688.000,2693.667
2382.222,2702.500,2728.375,2789.750,2537.000,2695.500,2739.750,2780.833,2666.333,2679.167,2567.000,2750.500,2412.167,2721.833,2690.333
2387.667,2673.833,2730.750,2874.750,2558.667,2699.375,2837.500,2804.667,2616.556,2621.667,2556.167,2754.500,2345.333,2700.500,2723.167
2378.667,2702.333,2713.250,2827.250,2542.667,2673.625,2813.250,2812.500,2648.111,2647.833,2565.167,2731.250,2380.500,2725.333,2678.167
2352.222,2680.333,2748.875,2857.500,2534.167,2651.375,2779.750,2777.167,2656.222,2636.167,2545.333,2757.500,2346.667,2720.500,2671.500
2363.222,2680.833,2692.250,2818.000,2538.667,2635.250,2759.000,2779.667,2617.667,2646.000,2547.500,2765.750,2378.000,2687.167,2645.500
2358.222,2632.667,2721.000,2781.000,2532.667,2621.875,2749.750,2796.333,2658.778,2621.833,2527.333,2750.750,2360.667,2682.000,2624.833
2355.444,2651.667,2710.250,2867.250,2541.833,2614.125,2776.500,2784.667,2666.000,2616.667,2548.833,2730.000,2354.167,2650.000,2665.833
2387.556,2637.000,2679.250,2856.750,2526.000,2612.125,2771.750,2777.000,2666.778,2647.667,2533.500,2712.500,2350.000,2636.167,2638.667
2390.111,2649.000,2697.625,2825.750,2547.000,2607.250,2726.000,2740.000,2617.222,2628.833,2537.833,2710.000,2382.500,2695.833,2638.500
2390.222,2638.500,2701.125,2803.500,2546.333,2609.250,2712.500,2761.833,2631.222,2622.500,2521.500,2688.250,2362.667,2684.833,2656.000
2335.000,2605.333,2720.500,2796.250,2563.833,2621.250,2708.250,2768.167,2661.667,2631.167,2547.833,2728.250,2348.667,2669.000,2644.333
2352.556,2599.167,2684.750,2847.000,2554.500,2593.750,2704.750,2763.333,2668.222,2641.833,2538.667,2722.250,2371.500,2684.333,2625.000
2400.222,2596.667,2676.500,2810.500,2549.000,2580.250,2722.500,2730.333,2662.000,2659.667,2515.833,2738.750,2347.667,2718.333,2630.167
2345.667,2559.000,2669.625,2767.750,2533.167,2601.625,2694.250,2760.667,2629.556,2606.500,2564.833,2678.250,2391.333,2662.000,2651.833
2362.000,2613.833,2702.875,2837.500,2515.000,2594.375,2700.750,2735.167,2644.556,2661.500,2514.667,2700.500,2333.333,2622.333,2617.500
2348.444,2602.833,2658.000,2789.500,2562.500,2587.500,2721.250,2743.167,2666.556,2646.333,2522.333,2677.250,2336.667,2640.833,2636.667
2346.000,2604.000,2667.875,2801.000,2547.833,2607.750,2740.250,2728.667,2642.000,2615.833,2524.500,2641.000,2360.000,2587.167,2603.333
2357.111,2593.000,2663.750,2793.500,2564.333,2609.500,2698.000,2740.667,2640.444,2648.833,2542.000,2696.750,2380.667,2662.500,2610.000
2369.444,2600.167,2672.125,2829.750,2481.500,2567.875,2674.250,2742.000,2628.222,2602.667,2512.167,2686.250,2373.000,2623.667,2606.667
2351.222,2585.667,2663.875,2798.750,2534.667,2579.750,2654.500,2754.667,2604.444,2634.500,2515.167,2676.000,2351.000,2649.500,2615.167
2368.000,2570.167,2674.375,2776.250,2568.667,2593.375,2646.250,2729.333,2648.778,2632.333,2563.833,2673.500,2352.167,2643.000,2597.167
2368.333,2565.000,2656.875,2796.250,2515.500,2568.875,2724.500,2744.833,2664.444,2598.500,2512.667,2666.750,2351.000,2626.667,2573.167
2366.889,2602.500,2623.250,2851.750,2520.833,2596.250,2666.500,2712.500,2660.111,2614.667,2562.833,2659.250,2332.000,2630.667,2585.833
2386.778,2567.333,2675.875,2820.750,2524.667,2599.125,2676.500,2695.500,2645.333,2663.000,2565.500,2654.000,2371.333,2625.833,2603.167
2392.444,2552.500,2647.125,2817.750,2599.000,2644.375,2686.500,2719.667,2651.333,2620.833,2536.667,2696.750,2330.500,2595.500,2596.667
2385.556,2580.333,2602.625,2816.500,2520.667,2606.500,2685.000,2706.333,2642.444,2639.333,2511.667,2682.000,2356.000,2609.167,2617.833
2367.778,2525.333,2642.375,2840.250,2551.000,2597.875,2636.000,2687.500,2638.667,2638.833,2547.667,2631.500,2372.500,2596.000,2612.833
2352.222,2546.000,2634.375,2839.250,2472.667,2612.500,2652.750,2708.167,2636.889,2659.500,2506.500,2643.750,2350.167,2594.167,2610.333
2387.333,2526.833,2689.250,2784.000,2539.333,2564.625,2663.500,2699.833,2674.778,2642.833,2522.500,2671.750,2372.167,2590.833,2588.833
2360.556,2542.167,2628.625,2760.250,2531.833,2560.375,2660.500,2720.667,2645.333,2641.667,2516.000,2648.500,2348.667,2630.000,2572.667
2351.333,2537.333,2658.250,2754.500,2546.000,2565.625,2613.000,2742.000,2663.667,2664.167,2504.333,2665.750,2336.167,2591.667,2587.833
2360.444,2572.833,2641.000,2784.250,2549.000,2563.000,2628.750,2736.000,2652.111,2682.000,2520.833,2664.500,2338.500,2588.500,2601.833
2360.444,2565.833,2625.125,2780.500,2544.167,2537.000,2608.250,2729.833,2628.222,2650.333,2514.000,2646.750,2378.500,2586.500,2595.333
2333.222,2562.833,2645.250,2797.750,2520.167,2555.000,2605.000,2736.667,2625.444,2645.500,2531.167,2663.750,2336.167,2594.333,2580.000
2358.889,2588.667,2622.125,2797.000,2524.167,2559.250,2651.500,2723.000,2646.778,2640.000,2473.833,2626.500,2347.833,2605.667,2596.333
2303.778,2563.167,2649.875,2803.750,2535.500,2540.250,2627.000,2727.833,2646.444,2640.333,2552.667,2653.500,2341.500,2594.000,2527.667
2355.556,2573.500,2622.000,2774.500,2572.500,2541.000,2622.000,2728.833,2652.222,2642.167,2527.500,2662.000,2338.167,2588.667,2570.333
2348.000,2555.500,2628.750,2805.500,2563.333,2542.000,2615.000,2715.167,2642.556,2661.667,2519.000,2645.250,2371.333,2572.500,2568.167
2332.667,2538.167,2631.875,2854.500,2566.000,2513.000,2609.500,2697.667,2661.556,2638.000,2486.833,2611.000,2359.500,2582.833,2600.167
2338.222,2569.333,2621.125,2842.750,2554.500,2540.375,2600.250,2693.167,2657.667,2664.833,2485.333,2600.750,2344.333,2551.167,2594.833
2350.444,2552.167,2607.375,2838.250,2536.500,2501.375,2612.750,2647.000,2661.000,2636.167,2476.667,2582.750,2340.500,2531.167,2577.167
2309.556,2543.833,2609.500,2800.250,2541.833,2548.625,2592.250,2659.000,2660.556,2668.167,2507.500,2620.750,2351.667,2560.833,2583.333
2357.000,2531.500,2607.375,2845.000,2556.500,2536.125,2567.250,2680.833,2649.667,2684.333,2470.500,2602.500,2349.667,2547.000,2578.333
2377.556,2531.500,2629.750,2860.750,2535.000,2554.125,2627.750,2685.667,2677.556,2635.833,2528.667,2589.500,2344.333,2550.000,2580.667
2379.556,2558.167,2611.000,2829.250,2569.833,2568.125,2600.500,2670.167,2646.111,2674.500,2487.333,2603.750,2353.000,2549.167,2583.000
2354.444,2517.833,2605.125,2846.500,2539.667,2543.125,2595.500,2646.667,2665.667,2650.167,2477.167,2549.500,2345.333,2587.000,2604.167
2369.889,2545.000,2589.000,2803.250,2534.000,2557.875,2622.500,2708.000,2674.111,2650.833,2495.167,2588.000,2344.333,2574.000,2559.333
2343.000,2537.833,2605.125,2853.250,2585.833,2577.875,2578.000,2661.333,2655.222,2675.167,2502.167,2578.250,2362.667,2569.000,2568.833
2352.778,2517.833,2614.250,2840.000,2546.667,2569.125,2586.000,2652.833,2661.111,2666.833,2488.500,2578.750,2315.500,2557.500,2584.500
2368.333,2571.333,2593.375,2801.250,2544.333,2547.500,2568.250,2682.833,2662.778,2628.500,2493.333,2567.250,2320.333,2567.667,2556.333
2350.000,2574.000,2621.000,2820.500,2556.500,2571.625,2585.000,2649.667,2654.000,2653.000,2490.333,2611.250,2348.500,2567.500,2619.833
2367.667,2524.500,2592.875,2879.000,2601.000,2578.125,2605.250,2673.000,2653.222,2642.667,2507.167,2609.000,2328.833,2557.000,2570.333
2326.111,2546.333,2601.125,2848.000,2569.500,2591.875,2637.750,2678.333,2643.778,2676.167,2504.000,2575.000,2360.167,2558.000,2551.667
2364.111,2581.667,2589.750,2872.000,2533.500,2568.375,2615.000,2675.000,2660.444,2641.500,2501.167,2540.750,2346.667,2543.833,2525.667
2380.222,2541.167,2633.625,2854.750,2561.333,2578.500,2607.500,2711.167,2658.222,2669.833,2510.333,2580.500,2354.667,2557.500,2577.000
2375.778,2520.333,2591.875,2874.250,2554.667,2582.375,2629.500,2692.667,2663.556,2645.333,2507.833,2583.750,2336.500,2567.667,2572.167
2351.333,2557.500,2643.625,2809.750,2550.000,2597.000,2606.750,2691.333,2649.111,2629.333,2483.000,2573.750,2357.333,2561.167,2576.833
2376.778,2580.500,2614.000,2875.500,2545.500,2568.250,2664.500,2709.500,2629.778,2658.167,2543.833,2627.750,2326.667,2561.167,2542.833
2424.000,2640.333,2608.125,2810.750,2550.000,2728.750,2895.750,2677.667,2671.111,2656.667,2534.000,2564.500,2370.667,2556.000,2581.000
2393.778,2783.000,2619.000,2847.500,2542.667,2734.000,2971.000,2700.167,2645.444,2656.167,2509.000,2620.500,2350.833,2581.333,2622.500
2396.222,2851.833,2740.125,2863.000,2548.000,2773.250,2910.000,2649.667,2644.667,2638.500,2546.667,2562.250,2332.333,2637.667,2809.833
2391.667,2790.667,2739.875,2850.750,2556.833,2725.250,2856.500,2679.000,2630.778,2636.333,2552.000,2576.000,2382.167,2704.000,2803.500
2379.111,2775.167,2767.375,2813.000,2554.833,2697.250,2870.500,2681.833,2643.889,2619.500,2521.167,2561.000,2368.833,2664.333,2797.000
2379.333,2743.333,2716.000,2794.250,2582.667,2670.125,2827.250,2663.000,2661.556,2671.167,2543.333,2555.250,2362.667,2681.333,2788.167
2368.556,2737.167,2718.250,2848.750,2562.167,2687.750,2849.000,2682.500,2644.000,2670.833,2547.833,2600.750,2378.833,2694.167,2780.167
2387.000,2760.000,2762.000,2825.750,2601.167,2747.500,2866.250,2679.333,2654.667,2684.167,2522.667,2690.250,2366.500,2764.167,2858.500
2383.667,2804.167,2884.125,2987.750,2651.333,2730.500,2928.250,2789.333,2639.778,2686.500,2610.333,2905.250,2420.833,2771.667,2879.333
2405.333,2789.500,2953.000,3046.500,2616.833,2727.875,2870.750,2857.333,2614.222,2704.167,2617.667,2921.750,2412.667,2829.500,2906.500
2397.000,2755.667,2855.250,2954.000,2596.667,2691.750,2857.000,2845.667,2607.556,2691.833,2602.333,2839.250,2401.167,2820.000,2858.167
2370.667,2695.667,2854.875,3040.000,2622.667,2690.125,2809.000,2837.167,2623.778,2701.833,2598.000,2864.000,2424.833,2806.833,2832.667
2396.222,2737.833,2820.000,2963.000,2624.000,2712.875,2839.250,2821.167,2667.111,2725.500,2598.833,2866.250,2400.667,2819.000,2806.833
2403.667,2728.167,2819.750,2994.250,2667.500,2749.750,2886.000,2847.000,2643.667,2742.667,2624.167,2875.500,2407.667,2830.000,2810.333
2379.000,2751.500,2851.625,2974.750,2639.667,2727.375,2815.250,2856.667,2640.667,2751.167,2629.000,2877.500,2432.500,2811.500,2844.000
2380.222,2732.500,2836.750,2981.000,2645.167,2723.500,2812.000,2857.833,2669.667,2727.000,2672.333,2879.000,2424.000,2827.667,2779.167
2392.667,2731.833,2833.000,3032.000,2643.500,2710.000,2814.500,2851.667,2657.889,2757.333,2663.833,2852.500,2375.833,2812.500,2771.333
2420.222,2753.667,2839.000,3018.000,2670.000,2752.625,2840.750,2873.667,2658.333,2809.500,2686.667,2874.000,2412.833,2834.667,2800.500
2373.667,2771.167,2828.625,3134.250,2682.500,2708.500,2881.500,2870.333,2680.667,2856.500,2675.167,2874.000,2424.500,2816.667,2796.500
2367.778,2781.333,2856.750,3105.750,2681.500,2687.875,2848.750,2887.500,2686.111,2834.667,2670.000,2814.250,2409.333,2796.000,2815.000
2392.222,2760.333,2868.875,3115.500,2682.667,2703.500,2868.250,2881.333,2666.889,2840.333,2676.500,2842.750,2418.000,2822.500,2790.000
2394.778,2772.167,2844.750,3193.250,2722.833,2709.500,2849.500,2867.333,2677.333,2878.667,2684.833,2881.500,2443.500,2824.000,2869.000
2407.667,2798.500,2860.875,3180.000,2697.833,2695.875,2874.250,2862.167,2682.556,2878.833,2677.333,2898.250,2387.500,2855.167,2811.167
2415.778,2731.500,2897.625,3247.750,2695.333,2707.625,2854.750,2902.500,2675.222,2888.833,2701.333,2902.250,2423.667,2837.833,2856.333
2389.111,2758.167,2836.000,3167.000,2703.000,2715.500,2817.250,2861.833,2642.667,2930.167,2683.333,2860.250,2399.000,2819.833,2847.500
2414.778,2776.500,2833.250,3268.750,2731.000,2695.500,2804.750,2834.667,2687.444,2865.667,2696.833,2846.000,2458.333,2809.833,2826.833
2387.444,2764.833,2854.750,3220.750,2692.833,2705.625,2832.750,2873.333,2655.889,2922.167,2663.500,2941.750,2403.333,2820.833,2807.667
2377.333,2708.667,2830.000,3276.000,2760.667,2696.375,2797.250,2883.500,2655.000,2911.833,2658.167,2838.250,2401.000,2854.833,2786.667
2364.889,2721.333,2857.500,3285.750,2775.833,2710.125,2807.500,2856.167,2675.889,2956.167,2647.667,2843.250,2373.667,2816.333,2798.167
2365.444,2697.000,2848.875,3187.000,2765.167,2675.250,2837.500,2853.000,2694.000,2907.333,2640.500,2824.750,2423.000,2778.167,2787.333
2381.667,2736.500,2774.750,3249.500,2742.000,2705.500,2798.500,2864.833,2673.333,2941.833,2616.333,2815.500,2392.833,2815.833,2763.167
2395.111,2759.167,2814.500,3250.250,2759.667,2754.875,2817.250,2849.500,2720.667,2865.833,2640.167,2856.500,2397.167,2777.667,2799.000
2393.444,2780.667,2887.750,3258.750,2788.000,2726.500,2833.500,2881.000,2726.778,2935.667,2665.500,2851.750,2418.667,2821.500,2840.000
2389.333,2791.833,2826.000,3290.500,2784.667,2709.625,2810.000,2841.000,2712.000,2956.000,2663.833,2843.750,2422.667,2778.000,2842.333
2374.333,2740.000,2846.625,3336.250,2775.833,2727.500,2805.750,2855.833,2751.333,2896.500,2689.167,2832.500,2409.000,2845.167,2837.667
2362.667,2747.333,2835.875,3338.250,2798.500,2687.625,2792.000,2864.667,2730.222,2948.167,2661.833,2838.000,2399.833,2795.167,2775.000
2409.000,2725.000,2823.000,3283.000,2756.667,2722.250,2860.500,2845.667,2764.778,2948.833,2665.000,2830.000,2440.000,2777.333,2829.667
2376.556,2753.000,2847.875,3289.000,2754.500,2733.250,2836.250,2863.667,2755.222,2935.667,2662.167,2857.750,2405.667,2787.333,2828.000
2382.333,2724.667,2885.000,3331.750,2772.333,2727.375,2853.250,2874.667,2755.333,2942.167,2706.333,2847.500,2400.500,2816.667,2867.167
2392.222,2747.833,2847.000,3244.750,2765.500,2672.875,2824.000,2859.500,2747.111,2980.333,2679.333,2855.000,2428.500,2782.000,2827.333
2370.889,2714.000,2798.250,3334.750,2751.833,2695.750,2695.500,2805.167,2777.444,2914.167,2667.000,2861.000,2400.167,2791.333,2790.500
2374.444,2724.000,2804.125,3316.500,2758.000,2758.500,2792.000,2831.000,2777.778,2961.667,2706.500,2818.500,2405.167,2821.167,2792.500
2384.778,2735.000,2833.125,3311.750,2776.500,2743.000,2840.000,2885.500,2751.333,2906.000,2666.000,2847.250,2417.333,2818.667,2793.500
2382.111,2746.333,2822.125,3350.000,2778.500,2708.750,2762.750,2825.833,2748.889,2901.167,2698.333,2842.500,2412.833,2781.500,2804.833
2372.556,2744.333,2824.500,3344.750,2756.000,2709.250,2748.750,2828.000,2756.778,2872.833,2678.000,2824.250,2428.000,2780.167,2776.000
2362.444,2698.667,2804.125,3308.500,2736.500,2701.500,2706.000,2856.667,2737.444,2895.500,2666.500,2855.000,2395.500,2742.167,2746.667
2413.444,2706.167,2825.250,3319.750,2779.500,2758.500,2844.000,2885.667,2761.333,2903.667,2670.000,2806.250,2407.167,2772.333,2795.333
2402.333,2757.833,2864.125,3348.750,2829.000,2740.000,2853.500,2873.333,2789.222,2937.833,2674.000,2838.750,2391.000,2798.500,2802.167
2368.222,2752.333,2829.125,3334.000,2790.667,2769.875,2804.750,2852.000,2780.778,2898.000,2697.667,2837.500,2413.500,2802.000,2779.000
2374.889,2727.667,2831.250,3298.000,2798.167,2747.625,2799.500,2902.500,2775.333,2957.833,2682.000,2873.500,2385.167,2769.833,2810.333
2368.333,2752.500,2780.875,3369.000,2793.333,2695.125,2805.000,2817.667,2755.000,2924.667,2694.000,2799.000,2407.667,2812.167,2793.167
2379.111,2665.167,2832.375,3293.000,2783.500,2726.250,2771.750,2791.333,2775.111,2910.500,2684.167,2818.750,2409.833,2795.167,2743.000
2402.667,2737.167,2844.750,3337.750,2744.667,2769.000,2771.250,2827.500,2768.222,2908.833,2700.167,2834.750,2414.667,2789.833,2762.000
2407.000,2730.667,2833.750,3349.750,2791.000,2808.625,2805.500,2884.167,2781.222,2929.000,2645.167,2813.250,2405.167,2818.167,2831.500
2377.556,2757.667,2803.750,3322.000,2751.000,2786.000,2764.250,2875.333,2797.333,2924.000,2668.500,2791.750,2416.833,2839.167,2819.333
2363.222,2765.667,2802.750,3266.500,2777.833,2708.250,2746.500,2852.500,2760.556,2895.000,2677.833,2823.000,2376.833,2807.167,2783.667
2409.444,2741.000,2842.750,3342.000,2766.667,2752.625,2770.250,2860.833,2782.444,2909.833,2677.333,2808.750,2400.500,2837.000,2776.333
2352.667,2714.000,2811.500,3335.250,2731.500,2728.375,2815.000,2856.167,2777.111,2872.000,2657.500,2800.250,2425.833,2790.333,2800.667
2355.667,2717.500,2806.125,3305.500,2776.333,2666.625,2738.250,2842.833,2778.889,2875.500,2669.667,2757.500,2397.500,2797.000,2794.833
2362.889,2670.333,2788.625,3292.500,2754.833,2680.375,2707.500,2808.500,2789.111,2865.167,2670.833,2804.500,2396.667,2782.167,2766.000
2377.111,2695.500,2791.250,3272.750,2746.833,2757.250,2739.000,2813.333,2747.667,2851.333,2650.000,2786.750,2410.000,2761.000,2737.333
2376.333,2673.333,2785.625,3233.500,2770.667,2716.500,2745.250,2780.167,2779.667,2863.167,2631.000,2735.750,2394.167,2775.333,2719.000
2341.333,2684.667,2798.875,3265.750,2729.667,2695.250,2715.000,2812.833,2783.222,2843.500,2627.167,2731.750,2402.833,2737.500,2727.167
2374.111,2683.667,2744.125,3178.500,2761.167,2657.875,2640.750,2791.833,2760.333,2850.500,2642.500,2754.500,2364.833,2727.833,2706.833
2383.444,2678.167,2755.375,3198.000,2725.333,2684.000,2675.750,2770.833,2739.000,2843.333,2591.167,2725.000,2356.333,2702.333,2735.167
2404.111,2626.167,2740.625,3201.250,2719.333,2693.750,2674.500,2760.333,2756.222,2817.667,2613.000,2721.750,2388.333,2707.000,2687.000
2368.444,2634.500,2715.250,3262.250,2762.333,2684.500,2643.500,2757.667,2709.444,2793.167,2599.333,2727.000,2376.000,2676.833,2664.833
2380.111,2624.667,2703.500,3209.750,2709.667,2619.750,2672.750,2764.667,2724.778,2820.333,2634.833,2699.500,2405.167,2662.333,2673.833
2380.000,2613.333,2678.125,3229.000,2725.333,2701.875,2701.250,2770.167,2733.000,2789.500,2630.333,2736.500,2380.000,2662.333,2611.000
2402.889,2597.167,2708.250,3199.500,2708.667,2683.500,2681.750,2790.667,2705.667,2775.667,2620.000,2685.250,2347.833,2677.333,2645.000
2363.778,2593.000,2663.000,3107.000,2702.500,2708.250,2642.500,2776.667,2686.000,2836.833,2618.833,2682.500,2353.667,2675.667,2656.500
2374.667,2624.000,2685.875,3124.500,2698.833,2632.375,2661.000,2732.000,2694.556,2776.833,2659.000,2631.750,2354.500,2669.500,2642.167
2408.556,2586.167,2670.375,3141.750,2693.500,2655.375,2659.000,2740.833,2689.556,2758.500,2626.833,2692.500,2388.500,2670.000,2625.000
2366.000,2602.667,2684.125,3098.250,2680.833,2681.000,2644.000,2710.833,2684.667,2751.167,2613.500,2660.000,2338.167,2657.333,2575.000
2368.667,2614.333,2671.625,3067.750,2676.500,2641.125,2597.250,2766.167,2682.667,2772.000,2595.500,2699.000,2351.833,2625.333,2628.833
2358.889,2613.167,2628.250,3035.000,2690.333,2634.000,2620.750,2798.000,2716.556,2766.667,2592.000,2643.000,2356.167,2643.667,2601.500
2359.889,2616.667,2668.625,3054.500,2645.833,2649.375,2640.250,2744.667,2685.111,2736.667,2588.667,2658.000,2389.000,2633.500,2618.500
2375.778,2544.000,2695.750,3084.500,2668.000,2621.875,2554.750,2772.500,2701.556,2714.833,2550.000,2627.250,2372.333,2632.167,2602.333
2396.111,2569.000,2651.375,3054.750,2661.167,2601.500,2609.000,2783.333,2681.556,2750.500,2595.667,2630.750,2343.500,2621.000,2608.667
2387.444,2555.500,2660.375,3032.000,2664.667,2682.625,2673.750,2752.167,2705.556,2734.167,2574.500,2624.750,2369.333,2598.167,2591.500
2384.778,2595.667,2616.625,3002.750,2615.833,2686.875,2709.250,2771.667,2659.667,2766.167,2571.333,2564.500,2370.500,2615.833,2561.000
2334.667,2596.000,2650.875,2990.500,2633.667,2666.000,2638.500,2734.667,2625.333,2743.500,2592.333,2621.500,2351.000,2624.333,2572.667
2363.556,2592.500,2631.250,3016.250,2645.667,2686.250,2682.250,2772.500,2669.111,2748.167,2570.000,2633.500,2333.500,2620.167,2556.500
2395.444,2571.333,2606.875,2956.000,2648.667,2652.500,2739.000,2748.000,2688.667,2763.833,2530.500,2593.250,2371.500,2584.333,2546.333
2375.333,2558.000,2635.500,2967.500,2660.167,2670.625,2706.500,2739.667,2659.556,2748.000,2540.667,2590.750,2384.000,2594.833,2548.167
2367.667,2603.333,2620.750,3007.250,2649.833,2657.125,2706.750,2744.167,2688.778,2762.667,2543.500,2599.500,2366.833,2601.167,2558.667
2351.889,2581.000,2607.875,3003.250,2602.167,2653.625,2619.250,2786.833,2704.556,2744.000,2517.000,2560.000,2361.667,2635.500,2535.167
2388.000,2574.167,2602.625,2996.750,2613.000,2607.750,2616.000,2792.000,2679.333,2740.333,2542.333,2603.250,2317.333,2574.833,2561.833
2353.778,2556.833,2605.000,2983.750,2601.167,2569.375,2587.000,2810.000,2680.222,2735.833,2527.667,2578.500,2362.000,2578.333,2563.000
2353.111,2542.167,2598.000,2962.750,2632.833,2588.125,2580.500,2745.500,2612.667,2703.667,2495.000,2586.250,2380.000,2594.333,2546.000
2381.444,2566.333,2597.000,2931.250,2600.167,2611.500,2632.250,2762.333,2653.667,2715.000,2510.167,2587.500,2336.833,2550.333,2572.833
2352.000,2545.667,2611.250,2951.750,2632.500,2596.250,2630.250,2741.667,2676.333,2731.000,2520.667,2555.000,2343.000,2574.667,2543.667
2369.333,2551.667,2634.750,2863.750,2601.167,2568.875,2590.750,2766.333,2653.889,2734.333,2526.333,2525.000,2322.333,2567.833,2572.167
2354.667,2537.000,2607.000,2936.250,2627.333,2577.375,2568.250,2783.167,2654.667,2739.000,2572.500,2553.500,2352.167,2540.333,2532.000
2340.111,2532.667,2590.625,2917.750,2604.833,2562.375,2588.500,2792.167,2636.111,2709.167,2542.833,2562.750,2369.000,2579.000,2538.167
2340.667,2560.500,2605.500,2932.500,2585.667,2577.750,2559.000,2767.667,2656.444,2735.667,2572.667,2564.000,2340.000,2553.167,2570.333
2358.667,2504.667,2602.500,2922.000,2584.667,2591.125,2546.500,2684.667,2645.333,2703.500,2544.667,2538.000,2362.833,2565.167,2565.000
2366.778,2550.500,2605.875,2931.000,2605.333,2570.875,2570.250,2727.000,2634.222,2680.667,2511.333,2559.500,2341.167,2572.500,2509.667
2344.889,2542.000,2592.125,2911.250,2634.667,2622.000,2599.750,2712.500,2616.222,2715.667,2531.333,2533.500,2327.000,2562.833,2501.833
2383.444,2585.833,2610.000,2920.500,2562.500,2574.375,2592.750,2738.667,2679.556,2720.500,2531.000,2557.500,2341.333,2527.833,2530.167
2321.111,2563.833,2634.500,2925.750,2617.667,2587.000,2550.750,2732.833,2606.444,2719.500,2569.667,2506.250,2335.333,2516.500,2522.500
2379.556,2534.500,2611.125,2878.500,2611.833,2596.625,2578.250,2772.500,2647.222,2681.500,2528.500,2562.500,2358.000,2558.833,2517.667
2360.556,2538.000,2602.000,2836.250,2595.500,2627.375,2583.500,2715.500,2633.889,2681.000,2558.833,2589.500,2346.333,2516.667,2555.833
2359.556,2554.167,2579.375,2881.750,2646.333,2563.500,2569.250,2716.167,2614.111,2641.833,2516.500,2553.000,2339.333,2558.333,2550.667
2368.444,2538.333,2606.875,2799.250,2589.667,2617.750,2557.750,2710.333,2626.222,2663.500,2526.833,2525.250,2359.000,2569.167,2503.000
2379.778,2607.667,2616.500,2860.750,2620.667,2675.875,2639.500,2724.333,2641.667,2680.333,2530.500,2530.000,2356.667,2506.500,2526.333
2391.444,2567.000,2575.500,2880.000,2568.667,2656.500,2665.000,2704.667,2632.111,2686.667,2514.667,2534.750,2363.500,2524.500,2544.000
2372.000,2546.000,2584.250,2858.500,2569.333,2605.125,2616.000,2715.833,2650.111,2649.333,2510.500,2552.250,2333.000,2562.333,2535.167
2385.889,2583.833,2613.625,2859.500,2591.333,2640.500,2605.000,2712.833,2644.667,2685.667,2508.667,2553.750,2381.167,2519.500,2511.667
2357.556,2537.167,2574.000,2863.250,2603.167,2651.000,2602.500,2719.000,2610.222,2645.000,2534.333,2512.500,2318.833,2518.000,2511.667
2377.667,2521.333,2594.375,2868.500,2592.833,2614.250,2597.000,2727.333,2652.000,2651.167,2520.667,2513.250,2358.500,2529.833,2529.167
2364.556,2560.167,2607.625,2854.000,2619.000,2633.625,2529.000,2726.000,2634.667,2670.167,2552.000,2532.250,2356.333,2549.333,2543.167
2351.000,2540.833,2605.875,2868.000,2585.333,2587.000,2604.250,2733.000,2652.889,2699.167,2522.333,2586.750,2338.000,2519.500,2517.167
2340.667,2535.500,2606.625,2851.250,2567.333,2608.625,2545.250,2743.167,2638.333,2658.833,2533.500,2510.500,2371.167,2505.167,2530.333
2352.667,2539.833,2575.250,2827.750,2564.500,2614.875,2584.000,2713.167,2641.333,2645.167,2518.167,2506.250,2348.667,2518.333,2546.000
2346.556,2525.000,2594.000,2884.500,2584.833,2598.125,2550.000,2751.167,2639.111,2620.167,2539.000,2518.000,2346.333,2515.667,2564.000
2387.222,2672.333,2609.250,2865.750,2592.000,2719.375,2706.500,2757.833,2656.000,2672.000,2527.167,2556.000,2372.333,2571.833,2561.833
2394.778,2784.500,2717.375,2851.500,2581.333,2726.625,2697.000,2780.500,2651.889,2684.833,2545.833,2578.750,2395.167,2576.667,2751.667
2392.667,2779.333,2821.750,2944.750,2619.833,2692.750,2724.000,2794.500,2647.778,2691.500,2597.500,2633.000,2397.833,2702.833,2821.667
2384.778,2802.333,2850.875,2928.750,2618.000,2666.625,2689.750,2811.667,2674.333,2702.167,2558.833,2613.750,2398.500,2727.500,2824.667
2362.667,2781.833,2802.250,2872.000,2587.333,2688.125,2703.250,2783.833,2644.444,2660.000,2548.000,2639.250,2412.167,2746.000,2807.833
2382.667,2774.667,2841.750,2964.250,2608.833,2709.625,2673.000,2823.833,2656.333,2691.000,2573.333,2666.000,2411.833,2742.167,2782.500
2385.444,2784.667,2851.375,3212.750,2694.333,2691.125,2670.750,2912.833,2712.111,2874.833,2684.167,2843.750,2418.833,2829.833,2876.167
2419.778,2766.500,2853.750,3263.500,2798.833,2685.750,2684.750,2978.167,2764.222,2828.333,2698.667,2844.500,2423.500,2802.000,2862.500
2370.222,2748.167,2838.875,3223.000,2759.167,2656.500,2697.250,2973.167,2764.111,2843.833,2719.000,2857.000,2426.500,2794.667,2795.500
2369.333,2722.167,2830.750,3258.500,2754.833,2690.125,2690.250,2920.667,2775.111,2884.000,2730.167,2837.750,2435.667,2768.500,2803.667
2402.000,2760.833,2839.000,3291.750,2778.167,2683.875,2696.250,2957.833,2785.889,2967.000,2708.833,2815.750,2414.333,2801.500,2840.167
2388.556,2792.000,2826.375,3341.000,2780.667,2679.625,2685.250,2958.667,2775.111,2914.667,2713.167,2852.500,2456.333,2760.667,2830.500
2369.333,2706.500,2825.375,3297.250,2797.833,2684.000,2664.000,2926.333,2775.111,2927.167,2722.333,2812.750,2433.833,2779.167,2823.833
2386.667,2723.500,2827.125,3323.250,2804.833,2689.250,2694.500,2915.167,2784.222,2884.167,2700.333,2852.500,2421.833,2753.333,2786.167
2398.889,2670.500,2802.250,3336.000,2800.333,2688.000,2661.500,2907.000,2737.333,2876.167,2701.000,2832.250,2427.833,2788.500,2833.000
2402.333,2764.333,2813.250,3391.750,2788.000,2707.125,2743.500,2964.667,2779.667,2844.333,2746.667,2880.250,2412.500,2763.500,2831.000
2382.444,2757.000,2848.625,3427.500,2821.833,2743.250,2677.250,2958.333,2774.778,2911.333,2718.000,2832.750,2429.333,2775.333,2837.000
2383.222,2806.500,2841.125,3402.250,2826.167,2689.000,2664.250,2910.500,2759.667,2908.500,2720.167,2824.750,2433.500,2774.833,2881.000
2401.000,2740.667,2824.125,3412.500,2844.500,2709.125,2716.000,2919.500,2790.000,2947.500,2689.833,2858.750,2414.167,2783.833,2841.500
2383.556,2745.000,2813.000,3404.750,2786.000,2731.125,2674.000,2933.833,2773.556,2940.500,2741.667,2856.000,2419.500,2759.167,2882.167
2392.556,2782.500,2827.625,3358.500,2846.500,2715.500,2671.250,2930.167,2771.778,2904.000,2729.167,2809.500,2406.167,2751.167,2849.500
2390.556,2773.667,2859.500,3374.250,2828.667,2717.125,2679.000,2932.500,2763.889,2961.167,2694.833,2854.000,2425.500,2742.000,2845.500
2386.111,2762.833,2838.500,3350.750,2804.833,2699.625,2668.250,2944.500,2765.000,2948.167,2689.667,2806.500,2441.667,2770.000,2876.000
2385.222,2756.833,2839.125,3366.250,2792.333,2680.000,2702.500,2933.333,2746.778,2906.000,2719.500,2831.000,2400.000,2779.833,2881.000
2425.222,2812.167,2858.750,3324.250,2849.000,2706.875,2710.750,2945.667,2774.889,2949.833,2674.167,2840.250,2415.167,2739.167,2871.000
2399.000,2778.667,2860.500,3323.000,2815.833,2729.250,2706.750,2943.333,2784.667,2926.833,2697.667,2822.750,2420.333,2777.500,2880.500
2368.889,2741.500,2860.750,3356.750,2790.667,2708.000,2723.750,2927.500,2767.111,2932.833,2704.667,2872.000,2427.167,2771.167,2881.000
2369.778,2727.333,2862.625,3310.250,2816.000,2687.500,2707.500,2963.333,2773.333,2907.500,2684.667,2830.250,2401.000,2811.667,2864.167
2370.889,2741.333,2793.500,3320.500,2763.333,2695.375,2653.250,2937.333,2744.222,2867.833,2650.667,2857.750,2455.833,2740.500,2832.833
2391.667,2708.333,2804.875,3295.250,2768.333,2678.875,2746.250,2937.333,2741.222,2865.833,2642.167,2801.250,2400.000,2751.333,2804.333
2434.333,2752.333,2865.875,3367.750,2744.833,2735.250,2711.750,2934.167,2757.444,2911.500,2661.833,2808.250,2409.833,2783.167,2864.333
2389.333,2740.167,2843.750,3342.000,2752.833,2712.250,2747.250,2896.500,2733.111,2913.667,2655.000,2836.500,2431.667,2832.167,2904.000
2397.333,2738.333,2834.875,3323.250,2783.500,2707.750,2728.250,2875.833,2779.667,2881.667,2686.167,2828.750,2426.167,2772.833,2846.500
2421.778,2769.000,2835.125,3342.000,2794.500,2694.375,2718.250,2924.500,2770.111,2916.000,2691.000,2845.750,2421.667,2789.333,2882.500
2383.667,2758.000,2822.875,3370.250,2793.000,2708.125,2799.250,2879.833,2766.222,2878.333,2714.333,2804.000,2440.333,2778.167,2883.167
2376.889,2757.500,2849.625,3336.000,2781.333,2699.750,2734.250,2909.167,2764.778,2917.833,2667.667,2843.250,2441.000,2809.667,2839.500
2351.000,2753.333,2819.375,3257.250,2801.833,2701.000,2723.750,2879.833,2774.778,2907.333,2701.000,2873.000,2426.000,2814.500,2815.500
2387.889,2749.500,2798.125,3328.500,2792.667,2738.250,2748.000,2872.167,2753.556,2876.833,2681.333,2834.250,2424.833,2823.500,2833.000
2379.333,2771.000,2826.625,3351.000,2797.000,2747.250,2716.500,2867.500,2758.667,2853.333,2674.500,2829.250,2402.000,2792.167,2801.833
2386.333,2755.333,2835.250,3329.500,2792.167,2731.625,2742.750,2888.000,2773.333,2881.333,2664.167,2811.000,2421.833,2800.333,2844.167
2388.222,2704.167,2805.625,3392.000,2795.667,2708.500,2736.750,2927.667,2768.667,2887.833,2676.833,2862.250,2414.167,2789.667,2806.667
2383.222,2712.167,2813.250,3256.750,2786.333,2684.125,2708.000,2867.333,2766.333,2893.833,2681.667,2845.000,2403.500,2768.833,2847.500
2412.222,2759.500,2796.125,3304.750,2742.000,2685.125,2748.250,2861.333,2744.111,2889.167,2718.000,2828.250,2422.833,2777.500,2832.667
2409.778,2728.833,2844.125,3332.750,2720.833,2728.875,2779.250,2890.833,2785.333,2925.500,2718.000,2824.750,2414.833,2784.667,2840.167
2408.222,2740.833,2841.125,3315.500,2743.833,2701.875,2715.250,2898.833,2796.111,2906.167,2691.000,2847.750,2447.000,2802.667,2820.333
2346.667,2712.500,2835.000,3304.750,2747.000,2706.375,2725.250,2868.500,2763.556,2916.167,2712.167,2786.500,2430.833,2801.167,2836.667
2396.222,2712.667,2831.625,3336.000,2766.167,2679.875,2664.250,2881.000,2744.333,2854.333,2678.333,2819.500,2410.333,2749.000,2816.500
2409.444,2751.667,2794.625,3304.000,2766.500,2690.500,2707.000,2853.833,2821.556,2838.167,2654.833,2843.250,2449.667,2802.167,2818.167
2399.222,2765.167,2851.000,3328.750,2767.000,2674.000,2741.750,2869.500,2784.111,2864.167,2685.333,2840.000,2468.833,2833.167,2899.167
2376.778,2723.167,2834.750,3262.250,2776.667,2706.625,2790.500,2849.333,2773.444,2937.833,2701.167,2826.750,2420.333,2792.333,2857.167
2380.222,2717.000,2808.500,3318.750,2721.333,2692.250,2673.750,2894.167,2753.444,2920.667,2653.667,2789.000,2390.333,2771.333,2793.833
2392.778,2685.833,2793.000,3306.250,2729.167,2670.375,2707.250,2864.000,2747.111,2901.833,2701.500,2792.750,2398.500,2765.000,2803.667
2397.889,2757.667,2757.000,3228.750,2726.667,2671.000,2739.750,2844.500,2741.222,2875.667,2637.833,2762.000,2443.333,2775.500,2812.833
2368.556,2763.833,2821.875,3278.750,2756.500,2704.875,2749.000,2837.667,2780.111,2875.833,2685.167,2852.250,2423.167,2731.167,2816.833
2392.111,2770.500,2805.500,3248.750,2743.167,2724.750,2741.750,2889.000,2746.889,2921.000,2679.167,2789.750,2409.667,2789.167,2817.500
2372.222,2698.667,2854.250,3225.750,2737.667,2657.250,2706.500,2867.667,2767.889,2838.833,2638.333,2840.250,2422.833,2775.167,2822.667
2379.889,2719.000,2831.250,3243.000,2755.500,2689.375,2709.500,2866.500,2736.556,2863.500,2670.333,2846.500,2453.667,2784.833,2882.167
2363.889,2732.667,2783.875,3259.750,2735.500,2705.125,2764.000,2843.167,2736.333,2852.667,2634.167,2822.750,2403.500,2753.333,2816.000
2401.778,2720.167,2773.375,3233.000,2710.333,2672.125,2691.500,2863.667,2726.333,2881.667,2691.333,2784.750,2447.500,2739.500,2797.667
2376.889,2676.000,2782.875,3219.500,2710.667,2690.875,2680.250,2806.833,2769.889,2854.667,2678.167,2795.750,2411.167,2696.333,2804.667
2384.667,2727.333,2780.375,3271.000,2703.333,2667.500,2643.750,2815.833,2716.667,2822.333,2640.500,2772.250,2398.167,2720.500,2788.333
2393.111,2659.500,2757.125,3184.750,2730.833,2671.875,2662.000,2794.000,2732.889,2819.667,2632.667,2771.500,2406.667,2740.000,2746.500
2401.778,2678.500,2749.500,3201.750,2699.333,2677.875,2671.750,2792.167,2726.778,2819.833,2651.833,2758.250,2394.167,2697.667,2758.500
2389.556,2721.833,2749.250,3176.250,2674.833,2669.375,2735.250,2801.167,2691.222,2767.000,2643.333,2785.000,2401.667,2703.500,2741.167
2384.333,2710.333,2746.750,3240.250,2658.500,2676.625,2769.250,2793.833,2702.222,2786.167,2615.167,2770.500,2415.333,2691.833,2694.833
2406.000,2715.333,2747.875,3114.000,2637.167,2689.125,2787.750,2741.500,2713.778,2730.167,2617.000,2720.750,2397.333,2717.333,2717.833
2405.556,2743.667,2732.375,3124.250,2621.500,2699.625,2799.000,2785.500,2662.333,2738.667,2599.667,2774.000,2387.667,2685.833,2724.167
2389.667,2752.167,2710.375,3132.000,2645.667,2697.500,2774.000,2771.667,2679.889,2722.500,2583.500,2762.500,2398.167,2688.333,2739.333
2401.333,2751.500,2704.125,3132.250,2639.000,2674.625,2747.250,2763.167,2654.667,2745.667,2605.167,2762.000,2427.833,2672.000,2758.000
2411.778,2742.333,2714.875,3153.750,2627.500,2704.500,2736.000,2769.167,2658.889,2744.500,2576.167,2719.250,2445.167,2650.167,2777.333
2398.556,2731.167,2672.125,3114.750,2648.000,2694.750,2775.000,2784.333,2668.667,2739.000,2572.333,2683.750,2388.000,2702.833,2695.500
2371.778,2779.167,2684.375,3014.750,2604.167,2703.000,2724.500,2756.000,2623.444,2736.667,2591.667,2724.250,2442.667,2712.167,2730.167
2387.111,2752.667,2720.875,3041.000,2578.833,2688.625,2753.500,2787.667,2646.778,2745.333,2596.667,2736.500,2410.500,2664.833,2755.833
2354.444,2783.000,2707.250,3039.750,2638.500,2675.500,2671.500,2787.167,2656.556,2767.500,2578.167,2774.750,2381.667,2671.667,2728.167
2374.000,2762.167,2708.250,3020.500,2605.667,2654.250,2686.000,2757.500,2651.556,2736.500,2604.167,2761.750,2363.500,2683.333,2735.333
2366.778,2725.000,2678.750,3036.750,2620.833,2681.500,2649.750,2716.833,2639.889,2694.833,2637.333,2685.500,2395.667,2657.333,2682.500
2376.444,2688.667,2673.375,2980.500,2601.333,2663.500,2655.500,2768.167,2640.667,2739.000,2571.500,2741.500,2413.833,2667.167,2689.167
2401.778,2694.667,2685.125,3037.250,2611.167,2634.000,2671.000,2743.333,2633.778,2704.833,2566.167,2709.000,2395.167,2635.833,2687.500
2368.000,2699.500,2672.750,3031.000,2586.333,2660.125,2657.000,2733.833,2633.333,2679.833,2552.000,2685.750,2379.833,2631.000,2683.000
2394.222,2657.167,2684.875,2969.250,2624.333,2669.250,2639.750,2731.000,2624.333,2730.667,2556.667,2665.750,2378.333,2640.667,2675.333
2384.111,2692.500,2666.750,2964.500,2569.167,2678.000,2661.000,2722.833,2628.444,2683.500,2544.833,2670.500,2399.000,2605.833,2668.667
2361.333,2708.667,2643.250,2941.250,2599.000,2671.375,2661.250,2686.667,2617.778,2631.167,2546.167,2651.500,2385.667,2649.833,2645.167
2378.778,2681.667,2656.375,2936.500,2582.000,2693.125,2652.250,2688.167,2599.222,2698.667,2589.167,2654.750,2411.000,2600.167,2673.333
2387.222,2704.667,2628.375,2903.750,2604.667,2679.750,2675.250,2693.333,2604.111,2656.167,2571.000,2673.750,2403.000,2618.667,2638.500
2384.778,2688.333,2634.625,2914.250,2541.333,2656.375,2708.000,2732.000,2609.556,2688.667,2529.833,2633.250,2383.000,2598.500,2666.167
2378.222,2670.500,2656.125,2857.500,2581.667,2705.375,2695.750,2733.833,2605.444,2654.667,2545.167,2647.000,2399.500,2633.833,2673.667
2377.778,2731.333,2635.125,2903.000,2565.000,2710.500,2800.250,2726.167,2603.667,2666.500,2534.667,2635.000,2379.667,2621.833,2639.667
2369.000,2701.167,2642.250,2899.250,2585.500,2708.750,2747.250,2663.000,2611.000,2685.167,2538.000,2659.250,2388.000,2624.833,2633.167
2370.556,2694.333,2654.125,2883.250,2563.833,2707.875,2717.250,2676.500,2612.667,2654.000,2523.833,2615.000,2349.833,2628.833,2691.000
2390.000,2725.167,2652.875,2898.250,2592.500,2726.125,2753.500,2694.333,2587.556,2717.833,2545.500,2620.750,2386.833,2611.667,2642.000
2383.556,2698.167,2623.750,2905.000,2541.500,2697.250,2744.000,2693.667,2571.556,2672.000,2510.667,2645.250,2406.000,2622.833,2628.167
2375.556,2681.000,2616.750,2898.750,2553.333,2666.750,2674.250,2699.500,2610.444,2645.500,2499.500,2651.250,2394.000,2562.167,2663.333
2364.222,2655.167,2625.250,2906.750,2565.667,2664.500,2684.750,2694.833,2597.889,2664.833,2538.833,2615.500,2365.167,2574.333,2596.000
2391.889,2720.167,2621.500,2850.250,2539.833,2720.625,2764.000,2692.833,2601.333,2639.500,2509.000,2610.000,2399.500,2593.500,2633.167
2400.222,2723.167,2607.375,2888.500,2560.167,2754.375,2775.500,2680.833,2583.222,2617.833,2517.833,2640.250,2397.667,2606.833,2686.167
2382.111,2752.333,2659.500,2880.000,2584.167,2681.875,2755.750,2662.833,2591.778,2654.500,2530.167,2710.250,2371.833,2615.167,2696.667
2366.222,2703.167,2617.625,2829.250,2549.333,2681.125,2733.750,2694.000,2606.778,2655.333,2535.667,2664.500,2383.333,2582.833,2689.000
2352.000,2697.167,2598.375,2846.000,2548.500,2661.375,2712.500,2726.333,2572.889,2640.833,2537.500,2668.500,2406.500,2569.833,2650.667
2353.667,2682.000,2605.375,2871.750,2562.667,2633.875,2653.000,2679.667,2607.778,2668.000,2557.667,2651.750,2363.167,2571.333,2685.333
2340.889,2648.667,2617.625,2905.500,2525.667,2617.875,2602.000,2683.167,2560.667,2598.000,2517.333,2655.500,2339.167,2621.667,2641.167
2339.889,2628.833,2633.625,2900.750,2566.833,2610.250,2636.000,2692.167,2587.667,2640.000,2495.667,2603.500,2351.667,2578.333,2632.000
2350.333,2635.667,2611.125,2830.500,2530.000,2615.250,2631.500,2633.333,2601.444,2617.167,2533.167,2615.000,2342.000,2551.500,2643.000
2351.778,2596.000,2596.000,2833.500,2524.500,2613.875,2643.750,2648.833,2628.222,2647.500,2520.000,2610.000,2367.333,2580.333,2631.833
2351.000,2612.833,2607.625,2831.500,2553.000,2621.750,2595.000,2668.667,2600.000,2655.833,2498.167,2574.750,2372.167,2549.000,2648.500
2363.444,2623.833,2622.875,2848.500,2511.167,2604.000,2607.000,2671.667,2594.667,2594.333,2536.167,2575.250,2377.167,2556.000,2623.833
2376.444,2596.000,2577.250,2783.750,2536.500,2611.000,2565.500,2677.333,2541.333,2596.833,2513.333,2652.000,2355.000,2579.667,2605.333
2378.667,2603.333,2605.625,2840.500,2538.000,2600.750,2557.250,2664.833,2589.111,2613.000,2518.667,2607.500,2322.167,2553.333,2584.333
2379.778,2598.500,2618.250,2838.500,2541.500,2602.375,2586.500,2676.500,2568.222,2622.333,2514.833,2606.500,2354.167,2564.833,2614.833
2379.778,2623.833,2596.500,2874.750,2567.000,2617.000,2584.750,2697.333,2572.889,2621.333,2540.333,2588.250,2338.667,2549.333,2590.167
2377.222,2594.000,2623.250,2846.750,2548.667,2620.375,2602.500,2646.167,2579.222,2594.000,2520.167,2594.750,2371.500,2555.333,2577.667
2374.333,2637.500,2545.500,2797.750,2576.833,2659.000,2613.000,2631.500,2614.111,2582.833,2503.167,2613.000,2354.500,2536.333,2574.167
2380.222,2659.833,2583.625,2808.250,2498.833,2643.625,2626.500,2646.833,2572.000,2600.667,2538.167,2622.500,2373.333,2562.833,2596.000
2392.889,2682.833,2606.000,2838.500,2513.667,2659.375,2710.000,2694.667,2581.111,2612.833,2522.333,2603.250,2357.333,2583.333,2580.833
2379.444,2721.333,2608.875,2851.250,2529.500,2727.125,2769.250,2682.167,2588.333,2591.500,2556.833,2635.000,2370.333,2581.167,2604.333
2417.444,2727.667,2616.250,2837.250,2524.167,2678.750,2764.250,2623.833,2572.556,2618.000,2540.500,2593.750,2391.000,2535.833,2603.500
2374.778,2697.833,2622.625,2829.250,2511.333,2687.000,2785.500,2658.667,2596.556,2614.500,2513.833,2559.500,2401.000,2567.833,2602.167
2381.222,2772.500,2571.375,2851.250,2528.833,2692.000,2784.750,2674.667,2587.333,2615.000,2495.500,2597.250,2327.000,2530.000,2619.333
2346.667,2731.167,2591.250,2842.250,2533.333,2641.750,2729.000,2674.667,2578.333,2585.667,2520.000,2622.500,2369.833,2533.000,2629.500
2369.556,2719.500,2599.625,2903.500,2507.167,2623.750,2705.250,2665.333,2548.444,2584.333,2543.667,2593.500,2339.333,2538.833,2562.833
2359.333,2730.333,2594.875,2783.750,2490.167,2638.625,2719.500,2655.667,2588.222,2582.667,2499.667,2637.000,2387.833,2535.500,2601.833
2378.667,2691.333,2588.000,2795.000,2523.333,2655.375,2754.250,2645.000,2593.222,2619.667,2533.167,2608.500,2366.667,2542.167,2545.667
2409.556,2759.333,2666.500,2880.500,2566.500,2708.875,2810.500,2702.167,2608.444,2631.333,2585.500,2679.000,2348.333,2608.167,2669.667
2362.000,2761.500,2809.000,3033.250,2576.000,2737.875,2806.250,2850.667,2678.444,2704.000,2619.167,2820.250,2422.833,2667.833,2822.000
2400.222,2765.167,2845.500,3162.500,2651.000,2687.125,2814.750,2847.167,2684.778,2790.667,2681.167,2934.500,2447.667,2739.500,2821.333
2398.000,2761.333,2839.125,3186.750,2664.833,2722.875,2760.500,2890.333,2696.667,2791.667,2643.167,2936.750,2429.000,2775.833,2848.667
2378.111,2787.333,2863.625,3228.000,2684.167,2738.875,2760.250,2858.500,2699.889,2877.500,2702.667,2978.750,2446.333,2823.667,2881.333
2402.444,2766.167,2840.875,3281.000,2721.500,2704.875,2803.000,2855.833,2737.667,2842.333,2709.167,2943.750,2425.500,2788.833,2836.000
2411.778,2783.333,2851.875,3273.500,2711.333,2736.750,2784.000,2871.000,2769.444,2901.167,2679.167,3011.000,2415.000,2787.500,2898.333
2400.111,2760.667,2795.375,3259.000,2684.500,2697.125,2728.250,2842.500,2723.556,2873.333,2731.167,2955.750,2447.167,2819.667,2876.167
2403.000,2771.000,2844.750,3172.000,2711.000,2718.250,2733.500,2883.833,2722.778,2857.167,2719.667,2958.500,2441.333,2776.833,2848.167
2404.333,2768.833,2841.375,3206.500,2722.000,2760.250,2755.250,2906.833,2730.667,2861.167,2685.000,2962.500,2420.667,2777.833,2846.333
2390.333,2752.833,2857.250,3255.000,2692.333,2714.125,2750.000,2893.833,2735.222,2833.500,2680.333,2985.500,2456.167,2804.833,2864.500
2404.333,2725.500,2857.625,3294.500,2676.333,2700.750,2718.000,2883.833,2761.222,2828.500,2744.167,2941.250,2434.333,2813.000,2852.167
2395.111,2722.667,2823.375,3266.750,2697.667,2722.500,2764.500,2870.500,2744.556,2842.833,2718.500,2987.250,2469.333,2811.667,2874.167
2378.444,2798.000,2807.250,3290.000,2682.667,2713.125,2795.500,2884.667,2718.778,2836.667,2686.167,2956.250,2421.500,2791.333,2856.500
2380.000,2774.333,2812.375,3284.750,2710.500,2696.375,2799.500,2861.833,2745.111,2863.833,2691.000,2984.500,2425.167,2776.000,2864.333
2384.222,2769.833,2832.750,3279.000,2681.333,2724.875,2777.000,2890.667,2706.889,2853.167,2719.000,2968.000,2449.833,2780.833,2874.000
2380.000,2765.333,2837.500,3224.500,2693.167,2715.250,2770.500,2865.000,2740.222,2826.500,2752.833,2974.000,2427.167,2832.000,2825.500
2374.667,2775.000,2809.750,3207.000,2675.333,2725.500,2783.500,2815.500,2779.000,2834.833,2726.000,2981.250,2440.000,2772.500,2807.333
2391.556,2778.500,2821.125,3169.000,2683.833,2686.625,2776.000,2936.167,2751.000,2848.833,2678.500,2997.750,2439.667,2802.667,2816.667
2398.889,2777.667,2801.625,3266.500,2654.333,2725.750,2837.000,2866.000,2714.556,2820.333,2717.833,2974.750,2432.500,2809.667,2836.333
2419.667,2789.667,2807.625,3288.500,2693.833,2744.125,2843.500,2857.500,2725.333,2835.833,2645.333,2935.250,2457.667,2746.667,2851.500
2378.556,2716.167,2814.750,3271.750,2685.167,2730.375,2797.500,2845.833,2746.333,2848.167,2720.833,2954.750,2430.500,2781.333,2857.000
2382.556,2755.167,2793.750,3292.500,2669.833,2727.125,2777.750,2855.667,2755.889,2792.167,2714.667,2906.250,2428.500,2768.833,2841.333
2371.111,2791.667,2843.625,3282.250,2657.667,2697.250,2791.000,2895.833,2719.889,2831.667,2688.667,2957.000,2412.167,2774.167,2819.667
2377.000,2754.500,2792.000,3311.500,2690.500,2718.250,2838.750,2846.000,2728.000,2802.667,2678.167,2915.750,2399.333,2772.500,2829.000
2405.111,2770.500,2805.000,3256.750,2704.500,2711.500,2790.500,2855.833,2746.444,2851.333,2719.333,2918.000,2424.333,2780.000,2809.833
2414.000,2785.333,2816.375,3191.250,2661.000,2723.625,2765.750,2836.667,2742.667,2855.667,2706.333,2936.500,2453.167,2783.333,2838.333
2370.222,2759.167,2825.250,3238.000,2660.000,2731.125,2763.750,2829.000,2751.111,2837.167,2708.833,2906.250,2412.000,2785.333,2813.667
2368.000,2783.667,2768.750,3180.250,2671.000,2745.125,2809.750,2865.833,2749.222,2843.333,2717.667,2887.250,2439.500,2778.500,2862.167
2395.333,2743.000,2806.250,3189.250,2688.833,2711.625,2772.250,2866.500,2742.444,2813.500,2706.667,2912.500,2411.333,2746.167,2828.000
2383.889,2727.500,2791.125,3156.000,2689.667,2710.125,2771.000,2850.667,2730.111,2799.667,2695.833,2927.750,2408.167,2795.333,2808.500
2361.333,2766.333,2777.625,3180.000,2668.167,2707.500,2760.500,2834.833,2729.444,2825.667,2725.333,2956.500,2447.167,2767.167,2840.167
2391.222,2764.667,2803.875,3206.500,2637.333,2687.625,2760.500,2816.500,2726.333,2833.667,2714.833,2962.500,2425.667,2731.333,2835.667
2369.778,2774.833,2793.000,3237.500,2651.500,2715.500,2777.500,2868.667,2663.333,2799.000,2709.000,2916.750,2397.833,2734.667,2813.833
2405.333,2766.000,2779.750,3301.000,2681.167,2754.375,2822.750,2830.833,2726.778,2780.833,2698.000,2959.250,2422.667,2728.500,2811.500
2375.333,2748.333,2804.625,3186.250,2673.000,2706.750,2790.000,2861.333,2713.556,2810.500,2709.333,2927.500,2427.333,2723.667,2842.667
2391.667,2689.500,2783.375,3217.250,2653.333,2714.625,2795.250,2828.333,2727.111,2822.500,2688.167,2924.500,2428.500,2776.833,2826.500
2378.444,2748.000,2834.000,3198.500,2702.167,2710.375,2797.750,2834.667,2704.556,2846.667,2674.833,2949.750,2438.333,2742.500,2810.500
2411.111,2778.000,2786.125,3158.250,2651.167,2711.250,2744.500,2865.667,2699.778,2817.167,2682.667,2962.750,2417.500,2716.000,2869.000
2388.778,2759.833,2759.500,3165.000,2682.833,2705.250,2767.750,2868.667,2714.333,2806.333,2671.333,2876.500,2427.333,2721.500,2799.500
2382.000,2761.167,2785.375,3216.500,2644.333,2733.125,2828.250,2895.833,2672.667,2780.833,2664.333,2892.750,2453.833,2757.167,2821.500
2394.333,2794.333,2823.000,3236.500,2668.333,2727.000,2754.500,2902.500,2739.667,2823.167,2701.500,2925.500,2417.667,2779.500,2809.667
2384.333,2730.167,2779.750,3216.500,2629.833,2706.000,2759.500,2869.000,2751.556,2782.833,2729.833,2900.750,2427.667,2730.667,2808.167
2378.111,2765.333,2782.125,3251.500,2689.333,2701.875,2780.250,2872.833,2746.000,2808.000,2696.833,2884.000,2404.667,2736.167,2829.000
2385.000,2765.833,2787.375,3153.000,2664.667,2716.375,2758.750,2851.000,2748.667,2820.833,2704.833,2926.500,2436.167,2763.667,2813.833
2355.000,2769.000,2791.750,3191.500,2728.167,2723.000,2719.750,2848.333,2721.667,2835.000,2683.500,2946.750,2453.667,2753.167,2789.000
2368.889,2721.833,2827.125,3139.750,2669.667,2707.500,2768.500,2843.000,2721.111,2800.333,2706.833,2984.500,2411.333,2764.000,2799.833
2392.222,2713.500,2773.625,3205.000,2639.000,2717.625,2747.750,2848.833,2725.667,2813.167,2697.667,2942.750,2417.000,2755.333,2784.333
2384.111,2785.500,2811.625,3166.000,2671.167,2738.125,2769.750,2848.000,2727.000,2777.167,2727.667,2918.250,2415.167,2801.333,2792.833
2389.000,2737.333,2805.750,3168.750,2641.667,2717.625,2769.750,2860.333,2700.444,2775.167,2709.500,2970.000,2433.000,2747.167,2843.833
2382.778,2771.667,2771.000,3152.750,2605.000,2763.875,2763.500,2859.167,2730.222,2761.500,2692.833,2997.750,2410.167,2757.500,2769.167
2399.556,2743.333,2770.375,3128.750,2631.333,2693.875,2697.250,2814.833,2721.444,2765.333,2700.167,2969.500,2427.000,2727.000,2783.167
2369.333,2726.000,2754.000,3068.750,2626.500,2741.500,2753.500,2833.167,2748.000,2771.500,2725.833,2929.000,2399.500,2731.500,2816.500
2401.111,2760.167,2796.500,3137.500,2638.500,2736.000,2760.250,2824.000,2703.556,2745.833,2660.000,2963.750,2434.667,2801.833,2759.833
2386.000,2764.167,2790.375,3133.000,2619.167,2744.375,2721.750,2857.500,2726.667,2793.667,2687.333,2912.250,2425.333,2707.000,2787.000
2378.222,2760.833,2804.500,3205.000,2616.833,2708.875,2775.500,2842.333,2709.778,2800.167,2659.333,2941.000,2460.833,2752.500,2766.667
2391.889,2747.333,2774.625,3130.500,2636.667,2747.750,2754.500,2854.667,2704.889,2764.333,2658.167,2931.500,2382.500,2711.667,2791.333
2373.000,2738.500,2773.250,3161.250,2622.667,2744.625,2788.500,2815.000,2710.333,2788.833,2672.667,2937.250,2413.167,2792.500,2826.167
2382.000,2735.833,2774.875,3197.250,2656.000,2740.250,2769.750,2882.167,2752.222,2778.333,2693.667,2971.750,2426.667,2791.167,2844.500
2349.667,2745.333,2791.875,3157.250,2608.333,2701.125,2732.500,2862.000,2713.222,2785.167,2693.667,2911.000,2436.000,2733.333,2819.333
2330.444,2728.667,2772.125,3091.750,2658.167,2693.250,2718.750,2857.833,2709.778,2796.000,2696.500,2933.000,2434.500,2755.833,2789.833
2370.111,2708.000,2765.750,3115.500,2632.000,2692.500,2660.000,2816.833,2706.778,2794.000,2668.333,2895.000,2442.500,2696.833,2759.000
2355.333,2699.500,2725.000,3206.500,2638.833,2667.750,2692.000,2806.000,2709.222,2768.833,2671.333,2971.750,2429.667,2705.333,2739.333
2345.667,2670.000,2739.750,3180.000,2629.000,2663.625,2644.750,2837.000,2691.000,2758.833,2652.833,2910.000,2435.333,2701.833,2773.833
2378.667,2684.500,2766.000,3285.750,2605.833,2634.625,2604.500,2826.000,2699.556,2786.833,2661.000,2860.000,2407.833,2702.167,2708.667
2357.778,2663.833,2717.375,3240.000,2588.833,2641.750,2605.500,2775.500,2710.111,2772.667,2636.167,2862.750,2409.667,2686.167,2716.333
2361.000,2669.833,2730.250,3171.750,2598.500,2646.375,2627.000,2792.833,2706.556,2728.667,2647.833,2843.250,2384.167,2717.833,2675.000
2377.000,2619.333,2706.875,3140.250,2588.333,2642.500,2575.000,2779.833,2702.556,2699.333,2626.500,2797.000,2395.500,2690.333,2720.500
2345.778,2663.667,2716.625,3067.500,2611.833,2586.875,2601.250,2770.333,2695.333,2700.167,2613.500,2790.000,2397.500,2668.333,2686.500
2368.667,2637.833,2665.125,3054.250,2595.500,2671.500,2600.250,2772.833,2677.667,2691.500,2615.167,2763.000,2418.667,2663.167,2655.000
2376.778,2658.000,2656.500,2977.750,2594.667,2663.250,2615.750,2797.500,2650.778,2700.667,2570.167,2750.750,2380.667,2628.833,2681.333
2358.333,2654.167,2659.750,3003.500,2617.167,2632.125,2587.750,2758.333,2681.778,2715.500,2643.167,2737.750,2403.500,2627.833,2618.500
2357.889,2661.000,2686.875,3055.000,2577.167,2625.125,2603.750,2728.667,2655.889,2745.167,2595.833,2738.500,2347.667,2616.833,2632.167
2367.556,2621.667,2678.500,3008.500,2543.667,2670.250,2654.250,2758.833,2644.778,2695.500,2558.667,2747.750,2358.000,2620.833,2675.333
2361.222,2656.000,2660.125,3026.500,2555.167,2638.125,2613.000,2724.167,2633.778,2729.833,2610.667,2708.250,2380.667,2675.167,2614.833
2390.000,2660.000,2640.625,2968.000,2583.500,2634.750,2599.750,2699.000,2648.111,2703.833,2559.333,2671.500,2413.333,2597.167,2653.667
2402.556,2666.833,2629.875,2982.500,2565.000,2678.875,2639.500,2770.833,2662.444,2701.000,2586.833,2690.500,2423.000,2624.167,2624.500
2357.667,2624.667,2645.875,2954.250,2598.500,2623.750,2615.000,2732.500,2662.222,2648.167,2587.333,2679.000,2401.833,2603.333,2644.167
2356.667,2680.167,2651.375,2927.250,2573.833,2618.000,2615.500,2730.000,2631.333,2702.667,2576.000,2715.000,2363.500,2612.500,2596.333
2382.556,2646.667,2608.125,2961.250,2575.667,2680.375,2584.750,2723.167,2634.222,2675.000,2583.667,2671.500,2385.333,2571.500,2564.833
2353.222,2628.333,2613.500,2946.750,2587.000,2680.250,2633.000,2744.333,2654.000,2676.000,2535.833,2691.000,2406.333,2594.667,2656.167
2375.111,2694.000,2596.000,2923.000,2597.333,2645.875,2642.750,2724.167,2647.222,2655.500,2571.667,2673.750,2404.167,2538.000,2597.667
2344.556,2636.833,2630.125,2927.750,2557.000,2612.375,2586.500,2719.333,2666.222,2627.500,2558.833,2688.500,2374.667,2581.500,2616.167
2351.000,2705.333,2623.875,2983.000,2548.500,2636.125,2575.250,2740.167,2658.556,2647.667,2507.833,2673.000,2350.500,2602.000,2604.500
2384.778,2682.333,2632.500,2964.250,2567.500,2665.000,2588.250,2740.167,2688.444,2651.167,2564.000,2660.500,2395.167,2557.000,2591.500
2358.778,2661.667,2636.375,2972.750,2566.667,2661.750,2613.750,2710.833,2638.111,2655.167,2562.167,2652.000,2376.500,2576.500,2595.833
2353.889,2670.333,2589.500,2896.750,2570.000,2661.500,2616.500,2710.333,2655.889,2691.333,2509.500,2705.000,2382.333,2556.167,2582.333
2341.333,2679.000,2573.500,2915.750,2552.833,2655.000,2650.750,2798.833,2640.333,2689.333,2540.667,2645.250,2375.500,2570.500,2586.000
2329.667,2641.167,2585.500,2973.250,2559.667,2633.000,2638.250,2725.500,2626.444,2689.500,2549.667,2656.000,2408.667,2578.500,2619.000
2356.444,2688.333,2605.375,2926.250,2543.333,2594.750,2599.500,2730.000,2648.000,2638.333,2575.000,2640.000,2404.333,2555.167,2597.833
2370.111,2676.167,2615.125,2903.500,2556.667,2661.625,2581.500,2693.500,2638.333,2659.167,2506.833,2621.750,2335.167,2586.000,2621.000
2372.222,2656.167,2643.125,2906.750,2526.667,2695.750,2621.000,2713.500,2658.222,2667.333,2547.000,2611.000,2371.000,2569.500,2621.000
2372.778,2692.833,2594.125,2990.000,2552.333,2664.000,2645.750,2744.167,2653.111,2656.333,2550.167,2670.000,2396.833,2559.667,2622.000
2355.444,2668.500,2578.000,2920.000,2568.667,2624.250,2615.500,2713.333,2637.000,2691.167,2553.000,2697.750,2392.667,2579.500,2630.000
2375.222,2684.000,2623.500,2884.000,2541.833,2668.875,2604.750,2693.833,2654.111,2627.000,2537.333,2688.500,2383.167,2553.500,2599.333
2360.667,2680.500,2625.750,2881.000,2582.667,2625.875,2636.750,2708.167,2635.444,2685.500,2564.667,2634.250,2373.833,2563.167,2652.167
2337.000,2630.000,2611.250,2979.500,2581.333,2631.125,2587.750,2729.500,2660.667,2642.833,2586.000,2632.250,2387.167,2570.333,2615.000
2363.222,2640.333,2594.750,2908.000,2571.500,2617.250,2541.750,2692.667,2684.778,2698.833,2559.833,2653.750,2355.500,2553.667,2610.667
2373.667,2633.167,2585.875,2905.250,2566.500,2652.750,2552.750,2737.000,2655.000,2653.500,2542.333,2686.000,2391.333,2569.667,2602.167
2377.889,2693.000,2592.875,2961.500,2549.833,2645.125,2539.250,2681.333,2635.111,2661.667,2528.667,2592.500,2358.500,2568.000,2623.333
2334.222,2665.333,2586.375,2951.500,2553.667,2644.250,2607.500,2685.167,2670.556,2696.833,2534.500,2623.000,2390.167,2556.167,2639.833
2342.222,2635.667,2609.125,2928.500,2571.333,2638.125,2572.000,2661.667,2655.778,2652.167,2553.333,2641.250,2382.167,2571.500,2588.000
2373.333,2631.333,2594.000,2923.250,2513.333,2649.250,2561.750,2706.833,2648.111,2664.167,2539.667,2689.250,2399.500,2570.500,2615.167
2332.111,2636.833,2595.250,2940.750,2565.333,2621.375,2574.000,2731.500,2656.889,2665.333,2540.500,2637.750,2388.667,2580.000,2603.000
2361.444,2634.000,2564.125,2944.250,2552.333,2606.125,2527.250,2669.167,2648.222,2691.167,2540.500,2625.500,2397.833,2559.333,2612.333
2367.778,2631.500,2596.500,2908.000,2516.000,2655.125,2540.500,2713.667,2659.556,2654.667,2523.500,2640.000,2353.500,2585.833,2557.667
2339.556,2670.667,2579.375,2919.250,2529.833,2619.000,2550.500,2686.000,2643.444,2641.167,2541.833,2637.750,2368.167,2566.500,2591.500
2327.889,2619.667,2566.750,2867.750,2521.000,2606.500,2540.250,2701.833,2646.333,2665.000,2536.667,2638.750,2388.000,2522.833,2541.833
2362.444,2622.833,2572.500,2903.750,2527.000,2629.625,2559.750,2668.500,2642.556,2654.500,2550.000,2655.000,2368.500,2541.167,2570.000
2379.444,2675.167,2588.125,2968.750,2570.667,2667.875,2611.750,2684.667,2652.222,2658.000,2577.500,2663.000,2399.833,2560.500,2589.333
2349.111,2665.833,2599.750,2956.250,2552.833,2666.625,2625.000,2680.667,2655.556,2668.667,2582.167,2677.000,2385.667,2554.500,2657.167
2363.889,2665.000,2603.625,2918.500,2528.333,2646.375,2570.250,2706.833,2656.333,2618.833,2590.167,2583.500,2444.167,2578.500,2573.000
2378.000,2668.833,2598.000,2949.500,2562.167,2628.500,2608.000,2667.500,2685.889,2689.667,2575.167,2633.500,2383.333,2594.667,2652.333
2373.667,2638.500,2585.375,2924.750,2553.833,2663.250,2573.500,2690.667,2663.667,2663.000,2572.667,2617.250,2415.667,2593.333,2597.500
2349.111,2675.333,2615.625,2979.500,2591.000,2659.375,2577.000,2695.833,2634.333,2654.167,2564.833,2615.500,2375.167,2571.000,2663.000
2369.222,2617.833,2585.000,2936.000,2543.333,2644.250,2589.000,2670.333,2666.222,2663.167,2562.833,2662.250,2366.000,2566.000,2596.833
2357.000,2633.667,2600.500,2921.250,2550.667,2627.875,2548.000,2695.500,2667.000,2673.000,2577.667,2658.750,2342.833,2579.333,2625.167
2380.889,2653.000,2608.250,2950.250,2570.333,2644.000,2573.750,2717.500,2665.444,2659.167,2541.667,2680.000,2420.000,2600.833,2628.167
2344.333,2648.833,2608.000,3012.750,2524.667,2612.625,2620.000,2678.333,2675.778,2693.500,2568.333,2695.750,2402.500,2597.000,2589.833
2374.444,2655.500,2635.500,3016.000,2556.667,2666.250,2634.250,2782.167,2677.333,2647.333,2576.167,2717.500,2410.333,2627.000,2651.833
2387.556,2696.167,2700.000,3194.250,2565.167,2659.625,2626.750,2807.500,2751.222,2735.500,2676.167,2780.000,2391.500,2586.667,2722.667
2366.444,2726.667,2764.000,3313.000,2597.667,2700.625,2668.250,2837.333,2736.889,2839.000,2700.000,2877.500,2443.500,2688.667,2717.333
2362.444,2727.833,2799.000,3291.000,2659.500,2712.500,2658.750,2869.167,2728.667,2777.333,2656.667,2920.500,2400.500,2724.500,2736.333
2379.333,2738.667,2792.000,3272.500,2706.167,2721.875,2670.250,2883.000,2725.000,2860.000,2680.167,2907.000,2440.667,2736.500,2789.500
2375.222,2739.500,2802.625,3248.000,2705.500,2712.625,2667.250,2871.500,2727.333,2825.333,2699.833,2907.500,2415.500,2728.000,2790.000
2361.667,2773.500,2815.250,3255.250,2683.500,2712.000,2611.000,2896.500,2747.444,2891.167,2705.333,2884.750,2409.167,2754.333,2752.167
2383.333,2718.167,2838.625,3244.750,2725.833,2717.000,2689.500,2898.500,2758.778,2847.000,2686.500,2880.750,2433.333,2744.833,2741.167
2378.111,2789.167,2785.375,3252.500,2753.500,2692.500,2572.250,2901.333,2761.222,2851.000,2664.167,2901.000,2430.500,2777.500,2750.167
2380.889,2753.500,2802.000,3197.500,2753.833,2730.000,2644.500,2948.667,2735.444,2863.667,2688.500,2901.750,2409.167,2758.333,2733.000
2375.889,2715.833,2781.250,3290.000,2715.500,2730.125,2610.000,2875.333,2769.778,2873.500,2681.833,2892.500,2438.667,2737.667,2746.333
2379.778,2738.833,2794.750,3273.000,2697.833,2715.500,2625.250,2877.333,2724.333,2890.333,2715.500,2911.250,2451.667,2777.333,2726.500
2380.667,2724.000,2804.750,3239.500,2716.667,2702.625,2581.750,2881.500,2729.000,2806.000,2669.500,2863.500,2412.167,2749.167,2756.667
2371.222,2746.333,2772.750,3238.500,2731.000,2684.250,2607.750,2917.667,2726.222,2909.833,2679.333,2852.250,2420.000,2732.667,2691.167
2359.556,2733.000,2776.500,3220.250,2723.500,2695.875,2564.250,2934.667,2742.111,2841.333,2696.167,2867.750,2437.667,2751.667,2728.500
2369.444,2753.833,2773.000,3269.000,2705.667,2719.250,2601.000,2935.333,2726.667,2839.333,2691.333,2856.750,2419.667,2752.333,2756.667
2340.000,2738.000,2780.750,3265.000,2717.833,2724.625,2626.000,2891.167,2744.444,2853.333,2694.667,2867.000,2414.333,2725.000,2723.500
2393.889,2749.000,2756.875,3210.750,2749.333,2694.500,2594.750,2967.833,2722.778,2797.667,2679.000,2894.000,2413.667,2746.000,2778.167
2386.556,2738.000,2788.000,3241.000,2718.167,2691.250,2631.750,2874.667,2714.222,2829.000,2648.000,2863.250,2466.500,2703.333,2731.833
2358.444,2731.167,2758.250,3226.250,2723.167,2696.125,2583.500,2923.167,2739.667,2831.833,2699.000,2850.750,2426.333,2722.667,2652.000
2357.333,2762.833,2806.375,3169.500,2683.667,2739.250,2601.500,2935.167,2710.667,2821.000,2710.667,2879.250,2429.833,2730.000,2738.167
2347.444,2754.833,2753.000,3259.250,2722.000,2749.000,2602.500,2934.833,2715.333,2821.167,2684.000,2866.750,2432.167,2735.000,2721.333
2395.556,2747.167,2787.375,3210.750,2740.167,2751.625,2612.250,2899.500,2748.667,2852.000,2738.833,2844.500,2477.667,2762.500,2708.500
2360.778,2719.167,2756.125,3238.250,2732.500,2710.125,2622.250,2908.333,2728.667,2851.667,2675.167,2784.500,2438.167,2721.167,2720.667
2363.667,2741.667,2745.750,3224.500,2718.333,2724.625,2609.750,2947.833,2752.667,2853.667,2673.500,2821.000,2406.167,2689.167,2717.167
2365.778,2743.833,2785.875,3297.000,2714.500,2685.000,2645.000,2955.667,2716.333,2867.667,2699.833,2873.750,2411.167,2704.333,2677.000
2368.556,2700.667,2789.375,3233.500,2676.667,2722.000,2648.500,2952.333,2711.444,2826.500,2703.833,2845.250,2443.167,2703.333,2702.833
2366.222,2715.000,2756.750,3234.750,2761.000,2705.250,2602.250,2899.667,2728.333,2837.000,2707.333,2803.000,2407.833,2690.000,2695.833
2373.222,2719.667,2741.250,3258.250,2733.500,2732.375,2586.500,2901.500,2704.667,2824.333,2688.667,2894.750,2442.667,2706.667,2701.667
2356.111,2726.333,2745.750,3233.500,2729.000,2709.000,2620.250,2910.667,2716.778,2821.667,2661.167,2835.500,2428.000,2757.167,2690.000
2353.556,2736.833,2782.875,3288.750,2741.500,2707.875,2532.500,2941.000,2705.667,2829.333,2647.000,2842.500,2424.333,2753.000,2677.500
2343.889,2726.833,2714.250,3256.750,2720.167,2689.625,2636.000,2912.167,2723.778,2809.167,2670.500,2782.750,2447.000,2698.500,2651.000
2374.556,2693.000,2738.000,3296.500,2692.167,2687.625,2626.750,2906.833,2694.222,2807.333,2665.500,2804.000,2433.000,2731.833,2698.167
2385.000,2736.833,2739.375,3235.250,2729.667,2721.875,2593.250,2898.333,2749.222,2788.000,2701.500,2784.500,2430.500,2689.833,2693.500
2354.000,2695.667,2772.000,3215.750,2731.333,2695.250,2598.750,2930.667,2736.667,2833.833,2638.833,2842.750,2419.167,2713.500,2653.833
2360.000,2731.000,2769.500,3164.250,2750.500,2676.250,2621.250,2886.167,2721.778,2820.833,2645.000,2826.750,2454.500,2711.833,2707.667
2393.222,2751.000,2774.375,3275.000,2695.500,2708.875,2568.250,2957.833,2715.333,2852.500,2642.000,2807.500,2424.333,2724.167,2712.667
2380.778,2691.667,2764.750,3234.500,2676.500,2701.625,2597.000,2886.667,2740.333,2821.167,2683.000,2831.750,2386.833,2687.667,2698.667
2368.778,2711.833,2761.625,3203.000,2720.333,2727.750,2602.250,2939.333,2702.111,2811.833,2675.333,2790.750,2412.000,2680.000,2714.667
2372.222,2744.500,2749.250,3234.000,2717.500,2688.125,2589.500,2942.667,2728.889,2821.167,2690.667,2853.750,2402.833,2678.000,2682.500
2365.000,2690.167,2741.125,3177.000,2722.500,2689.000,2542.250,2931.167,2737.333,2796.000,2685.333,2842.500,2404.167,2663.167,2639.500
2367.778,2737.500,2739.625,3186.000,2697.500,2688.875,2571.750,2951.167,2709.222,2776.333,2643.000,2799.500,2401.167,2692.167,2716.833
2358.000,2696.000,2735.250,3162.750,2707.000,2645.875,2566.250,2929.833,2706.111,2832.667,2686.667,2811.250,2387.000,2731.667,2668.500
2384.222,2697.833,2732.125,3133.500,2710.500,2665.000,2569.750,2916.000,2680.444,2806.667,2667.167,2772.000,2391.333,2711.833,2627.000
2392.111,2657.333,2737.000,3128.500,2718.333,2668.875,2545.000,2885.833,2697.444,2788.667,2682.333,2786.750,2440.833,2717.000,2657.000
2349.333,2688.500,2704.500,3183.250,2682.833,2658.625,2591.750,2956.000,2703.333,2761.833,2683.000,2770.500,2402.000,2665.333,2688.333
2364.889,2702.667,2715.000,3193.000,2648.167,2683.625,2567.000,2882.167,2699.667,2784.000,2653.500,2751.500,2392.833,2686.833,2665.500
2364.000,2686.833,2742.000,3223.500,2699.500,2661.875,2563.000,2894.333,2717.222,2838.500,2668.333,2780.750,2422.667,2719.667,2688.667
2373.556,2680.500,2737.250,3218.000,2698.333,2641.750,2583.750,2905.000,2732.222,2798.000,2667.500,2767.500,2433.500,2699.833,2690.000
2372.111,2688.667,2722.375,3205.750,2650.500,2646.375,2578.500,2921.667,2726.556,2784.833,2666.833,2809.750,2443.167,2669.333,2698.500
2362.444,2685.167,2750.000,3210.000,2660.833,2661.000,2554.750,2924.167,2714.333,2771.500,2629.000,2766.750,2413.667,2703.833,2681.333
2369.222,2692.667,2701.375,3176.750,2662.167,2686.375,2544.250,2933.500,2712.556,2820.333,2646.333,2760.500,2403.167,2668.500,2683.833
2361.333,2710.333,2720.625,3161.250,2696.333,2644.375,2576.750,2918.667,2719.111,2771.667,2660.667,2729.000,2413.333,2668.000,2697.500
2386.111,2680.500,2704.125,3146.500,2680.000,2630.000,2553.250,2923.333,2715.111,2816.167,2612.500,2774.750,2396.667,2670.000,2683.333
2349.000,2689.667,2694.625,3233.250,2683.667,2626.000,2506.000,2928.167,2698.667,2786.333,2648.333,2739.750,2403.333,2687.000,2622.333
2350.778,2681.333,2745.375,3197.750,2705.833,2619.625,2527.000,2937.500,2731.556,2782.500,2657.167,2709.500,2380.833,2631.333,2641.000
2386.000,2700.833,2741.875,3201.500,2697.500,2630.625,2522.000,2927.833,2706.333,2797.000,2619.667,2739.500,2362.500,2622.833,2688.167
2379.000,2681.333,2700.875,3149.500,2751.000,2663.750,2507.500,2930.000,2736.000,2826.333,2675.000,2709.500,2412.833,2666.167,2643.500
2349.667,2678.833,2719.375,3158.250,2725.833,2688.500,2550.500,2927.000,2694.556,2779.167,2638.667,2752.500,2391.667,2643.667,2683.833
2385.111,2694.000,2727.750,3126.750,2704.667,2673.625,2556.250,2915.000,2735.889,2820.667,2670.333,2709.500,2410.833,2670.000,2672.833
2337.556,2694.500,2736.000,3169.750,2659.667,2675.000,2580.500,2934.667,2713.333,2785.500,2645.000,2774.000,2385.833,2664.333,2657.500
2375.889,2713.833,2713.500,3067.250,2673.500,2606.000,2510.250,2903.833,2702.000,2757.667,2617.333,2740.500,2404.000,2660.000,2614.667
2367.556,2656.833,2720.500,3146.500,2692.667,2650.500,2517.500,2919.000,2667.000,2747.000,2641.333,2730.000,2401.167,2711.667,2654.167
2353.889,2668.333,2686.375,3126.500,2645.667,2631.750,2571.250,2909.833,2679.222,2759.667,2655.167,2737.000,2387.167,2658.333,2604.167
2364.667,2646.167,2692.875,3163.000,2664.000,2624.500,2525.500,2898.333,2704.333,2739.667,2606.833,2727.250,2403.500,2628.500,2578.333
2342.778,2646.333,2690.125,3107.250,2639.000,2613.750,2543.500,2900.333,2666.444,2742.500,2614.500,2701.250,2380.667,2635.333,2593.333
2376.000,2680.333,2672.625,3156.750,2648.833,2619.625,2518.500,2865.167,2691.889,2763.667,2591.000,2687.250,2391.500,2633.167,2589.500
2373.333,2671.500,2695.875,3100.750,2659.167,2624.750,2569.750,2836.833,2686.667,2724.167,2589.167,2698.500,2424.833,2612.167,2565.833
2370.222,2653.500,2676.750,3060.500,2680.000,2626.750,2526.500,2859.667,2663.556,2693.667,2605.500,2720.250,2386.500,2632.167,2559.333
2349.333,2653.667,2669.500,3096.500,2651.500,2615.750,2495.250,2845.500,2665.778,2721.167,2564.167,2725.000,2390.333,2600.667,2540.333
2373.000,2631.000,2657.625,3073.750,2637.167,2603.750,2534.000,2857.000,2642.667,2698.333,2575.000,2704.750,2391.833,2617.333,2507.333
2361.444,2653.333,2659.250,3098.250,2639.000,2580.125,2517.750,2843.500,2650.889,2680.167,2607.333,2712.250,2404.333,2623.167,2525.500
2365.444,2700.667,2610.750,3083.750,2670.333,2637.625,2526.000,2843.833,2627.556,2699.000,2571.167,2701.250,2413.500,2627.333,2574.667
2374.222,2615.333,2663.125,2993.000,2610.833,2655.750,2523.750,2831.500,2642.222,2730.833,2567.500,2638.500,2408.833,2603.167,2524.500
2351.667,2647.000,2635.625,3005.750,2606.167,2629.625,2524.750,2817.167,2618.000,2649.833,2582.000,2662.750,2399.000,2598.833,2515.167
2328.333,2615.000,2630.875,3020.750,2606.833,2612.250,2548.750,2830.667,2614.222,2673.833,2593.333,2710.000,2388.667,2563.333,2526.333
2351.778,2630.500,2647.625,3040.000,2580.667,2618.250,2486.500,2841.667,2635.222,2659.500,2579.833,2670.250,2430.833,2589.500,2519.833
2362.333,2631.667,2650.250,2962.750,2621.500,2624.750,2522.750,2820.500,2633.111,2639.167,2569.000,2646.750,2409.000,2569.500,2507.333
2361.111,2621.667,2645.875,2986.500,2605.833,2626.625,2488.000,2861.167,2630.111,2650.667,2510.333,2679.000,2368.000,2557.000,2497.833
2377.000,2653.667,2628.750,2991.750,2594.500,2604.250,2512.250,2824.167,2633.000,2656.667,2596.167,2660.500,2402.667,2562.000,2496.500
2353.667,2622.000,2629.125,2994.750,2591.000,2635.125,2492.000,2778.167,2642.667,2703.167,2582.000,2650.500,2408.333,2535.500,2497.000
2359.667,2663.333,2659.625,3002.000,2566.333,2625.375,2496.500,2831.500,2634.222,2676.167,2565.667,2621.000,2423.167,2571.667,2516.500
2366.444,2610.500,2619.250,2961.250,2601.667,2583.375,2515.500,2782.833,2656.667,2678.833,2528.500,2650.000,2389.000,2566.000,2508.667
2369.333,2601.167,2612.125,2971.750,2566.833,2633.000,2515.500,2782.167,2638.222,2627.500,2608.333,2699.000,2427.833,2555.167,2513.167
2389.667,2631.667,2641.875,2967.750,2620.833,2615.875,2508.750,2820.333,2641.000,2687.667,2591.667,2608.750,2394.000,2554.167,2517.833
2360.667,2652.000,2644.500,2954.500,2583.167,2606.125,2459.000,2796.500,2638.556,2644.167,2567.167,2636.250,2427.500,2529.500,2505.000
2359.667,2641.000,2635.125,2958.250,2594.000,2637.750,2508.750,2764.500,2643.778,2633.500,2581.667,2625.750,2372.667,2535.000,2482.167
2349.444,2629.000,2608.375,2977.000,2565.667,2625.875,2516.000,2822.833,2634.444,2631.833,2564.500,2653.000,2395.833,2541.167,2526.333
2350.111,2612.333,2633.125,2956.750,2579.500,2609.375,2472.250,2819.500,2637.222,2649.500,2570.500,2620.250,2372.833,2477.500,2497.333
2332.444,2582.167,2625.000,2975.000,2582.167,2598.250,2490.250,2844.167,2624.556,2636.833,2594.167,2651.750,2384.667,2504.833,2506.833
2336.556,2614.667,2630.000,2995.500,2574.000,2611.500,2474.500,2803.667,2646.222,2677.000,2559.000,2653.750,2374.333,2527.833,2520.833
2382.222,2609.000,2600.625,2991.500,2585.167,2638.625,2473.500,2789.667,2644.889,2694.500,2621.167,2633.000,2391.000,2529.333,2529.167
2361.222,2618.333,2621.125,3005.000,2573.833,2611.750,2540.250,2802.833,2619.111,2665.500,2611.500,2630.000,2379.833,2529.833,2491.667
2318.111,2600.333,2600.125,2973.000,2585.500,2572.250,2504.750,2811.167,2649.556,2633.500,2573.000,2581.250,2370.500,2526.667,2535.500
2348.778,2596.667,2619.750,2986.000,2560.500,2604.875,2470.500,2798.000,2608.556,2657.000,2568.333,2618.500,2394.667,2515.167,2509.333
2348.000,2636.833,2601.000,2998.250,2577.833,2594.875,2505.500,2757.333,2630.778,2611.667,2564.333,2601.500,2398.000,2516.333,2513.167
2372.111,2641.833,2605.375,2956.000,2540.167,2606.250,2476.750,2806.833,2647.333,2651.333,2567.333,2615.750,2380.167,2525.167,2507.333
2342.444,2636.333,2559.375,2931.000,2576.167,2603.125,2503.500,2761.167,2629.444,2667.667,2586.667,2616.750,2380.833,2482.667,2488.667
2352.111,2619.667,2605.750,2911.500,2564.833,2615.250,2504.500,2764.000,2619.222,2641.333,2586.167,2591.500,2382.667,2541.167,2478.000
2377.333,2592.667,2583.250,2963.500,2569.000,2637.500,2493.250,2784.833,2597.000,2651.167,2571.667,2579.500,2393.667,2497.167,2472.000
2332.111,2658.333,2604.000,2917.750,2560.667,2592.250,2490.000,2792.667,2648.111,2657.333,2547.500,2598.000,2359.667,2479.667,2520.667
2356.111,2607.167,2637.125,2953.750,2557.833,2633.125,2456.000,2768.500,2586.000,2642.500,2566.500,2631.750,2425.500,2517.500,2515.000
2364.333,2646.667,2587.875,2950.500,2566.667,2647.125,2513.750,2789.000,2594.111,2655.000,2542.167,2615.750,2390.833,2496.000,2509.167
2346.222,2636.333,2605.125,2979.500,2567.833,2608.000,2514.250,2768.167,2600.667,2582.167,2570.833,2635.500,2365.500,2492.167,2481.333
2320.444,2601.167,2610.500,2940.000,2523.667,2575.750,2482.250,2782.667,2615.778,2639.000,2585.167,2586.250,2418.833,2504.833,2480.000
2345.556,2633.833,2596.000,2989.500,2614.167,2629.000,2438.250,2772.333,2605.111,2603.500,2579.167,2626.250,2403.833,2491.333,2482.500
2349.444,2631.667,2564.125,2937.250,2533.667,2601.875,2507.250,2764.000,2601.667,2608.500,2589.667,2595.500,2370.500,2488.833,2470.167
2336.000,2614.500,2613.500,2977.750,2581.167,2591.375,2460.750,2758.000,2617.889,2588.333,2555.000,2604.500,2357.667,2494.667,2467.833
2327.667,2599.167,2566.875,2960.750,2554.500,2637.500,2521.500,2734.667,2566.111,2646.167,2558.667,2570.500,2390.000,2503.500,2459.667
2378.333,2621.833,2583.750,2964.750,2555.333,2606.000,2502.250,2760.000,2599.556,2627.167,2553.667,2601.250,2434.167,2506.833,2487.833
2360.222,2644.500,2580.125,2924.500,2566.167,2609.250,2506.500,2752.833,2609.667,2624.167,2540.500,2602.500,2401.833,2490.500,2465.500
2340.444,2608.667,2537.750,2966.500,2540.667,2589.375,2495.250,2734.667,2600.889,2624.667,2544.000,2591.000,2374.333,2490.333,2458.000
2371.667,2628.000,2601.875,2942.250,2532.333,2586.250,2553.000,2766.833,2616.444,2649.000,2547.667,2592.000,2365.333,2463.833,2497.667
2379.889,2661.167,2569.125,2962.500,2541.167,2662.000,2545.000,2767.667,2625.222,2643.167,2535.500,2609.000,2399.333,2500.333,2471.833
2356.778,2614.500,2568.375,2924.750,2556.667,2598.625,2493.500,2793.833,2594.000,2605.167,2573.167,2610.750,2397.167,2515.167,2495.167
2352.444,2643.833,2605.125,2956.500,2545.167,2591.000,2507.750,2766.333,2606.111,2621.333,2583.833,2624.000,2411.500,2497.167,2470.333
2371.333,2601.000,2606.125,2905.500,2566.167,2638.750,2483.000,2789.333,2622.556,2594.500,2551.500,2613.250,2390.667,2503.833,2448.500
2351.889,2661.000,2587.750,2974.000,2547.000,2628.750,2507.000,2716.500,2597.222,2622.333,2565.667,2631.000,2382.500,2509.667,2441.667
2340.333,2633.667,2554.625,2948.000,2551.667,2642.750,2490.750,2729.333,2650.667,2616.167,2586.167,2632.750,2417.167,2506.667,2483.333
2357.111,2595.167,2588.875,2916.750,2535.833,2617.875,2519.000,2749.000,2622.556,2652.333,2576.167,2615.250,2405.333,2509.500,2465.500
2365.111,2660.667,2600.750,2957.500,2534.333,2625.125,2508.250,2759.333,2652.444,2636.333,2574.500,2643.250,2384.833,2523.833,2457.333
2358.556,2635.833,2614.125,2993.250,2584.000,2615.500,2545.750,2777.833,2658.444,2602.167,2555.000,2636.250,2401.333,2553.333,2505.833
