4400.05,4857.083,4982.25,4026,4713.562,3795.692,3830.75,4721.125,6146.25
4370.25,4785.333,4962.583,3968.125,4674.25,3783.846,3832.2,4698.125,6030.625
4344.9,4776.583,4990.917,3930,4730.125,3779.154,3835.95,4696.875,6096.625
4261.2,4674.833,4954.083,3954.875,4683.875,3767.923,3815.65,4732,6005.125
4278.85,4644.25,4992.75,3941.938,4724.188,3765.654,3822.05,4675.125,6129.25
4243.3,4655.25,4965.083,3957.375,4690.188,3755.654,3799.9,4742,5937.375
4259.35,4638.75,4980.75,3964,4721.875,3760.346,3788.4,4691.125,5900.625
4235.85,4579.917,4959.5,3961.938,4687.938,3748.192,3780.85,4730.5,6028.375
4211.45,4602.083,4971.25,3945.188,4687,3750.654,3782.5,4742.75,5988.25
4184.45,4556.833,4960.417,3975.562,4706.062,3727.385,3788.2,4711.125,6001.25
4163.1,4590.167,4936.417,3965.625,4683.75,3740.5,3796.4,4730.75,5946.875
4164.05,4607.833,4978.583,3932.188,4647.312,3740.808,3828.8,4743.125,5976.75
4163.4,4572.5,4975.833,3936.938,4671.75,3728.5,3773.15,4675,5893.625
4141.15,4576.917,4928.25,3962.875,4640.438,3707.846,3780.85,4711.625,5880.75
4176.6,4507.083,4953.417,3944.938,4652.938,3747.692,3769.5,4784.625,5901.875
4169.5,4498.333,4944.75,3945.25,4645.812,3728.885,3769.95,4720.375,6001.875
4170.1,4570.5,4922,3948,4659.938,3728.077,3784.75,4772.625,6060.875
4157.55,4551.583,4938.417,3931,4649.625,3736.654,3789.35,4773.75,6043.25
4149.5,4521.167,5020.917,3929.562,4677.625,3734.654,3786.55,4738.75,5955.125
4149.6,4567.25,4959.5,3943.438,4669.688,3712.539,3800.7,4746.5,5948.75
4161.95,4542.5,4950.417,3920.25,4659.75,3736.423,3777.3,4715.5,5926.25
4113.9,4544.333,4970.167,3942.938,4625.812,3715.385,3769.3,4766.75,5882
4127,4544.833,4939.833,3940.312,4660.438,3708.192,3755.6,4743.375,6016.625
4148.6,4532.667,4950.083,3976.438,4647.188,3709.577,3751.8,4746.75,5956.25
4142.95,4530.083,4927.917,3938.062,4628.938,3709.346,3767,4727.75,5921.125
4114.05,4513.5,4959.5,3916.625,4647.75,3739.461,3743.45,4770.25,5833.25
4101.3,4573.083,4939.917,3973.375,4623.062,3723.885,3735.3,4761,5818
4138.25,4530.333,4951.75,3942.688,4630.812,3691.308,3787.45,4746.25,5834.125
4136.9,4502.25,4981.167,3959.5,4654.438,3686.539,3760.15,4742.375,5820
4131.4,4484.333,5000.25,3941.562,4673.625,3707.192,3771.55,4769.75,5955.25
4136.95,4503.75,4935.167,3958.062,4646,3705.231,3761.2,4829,5888.875
4125.8,4555.917,4992.833,3980.875,4637.812,3721.154,3741.95,4778.5,5814.625
4120.25,4548.25,4959.583,3931.938,4644.5,3707,3735.85,4807.875,5887.875
4103.75,4474.25,4971.667,3936.875,4671.75,3707.731,3752.8,4789.25,5899.375
4114.45,4536.25,4960.833,3944.688,4664.5,3678.346,3737.55,4849.875,5822.375
4141.25,4518.083,4960.5,3907.5,4668.125,3704.423,3728.3,4777.25,5811.25
4126.6,4536.583,4934.667,4000.875,4632.062,3700.923,3729.35,4787.125,5713.25
4112.95,4528.333,4979.083,3955.562,4659.312,3695.615,3748.45,4794.375,5792.125
4100.15,4464.417,4938.833,3964.812,4637.438,3690.539,3702,4800.875,5852.5
4107.1,4461.833,4959.167,3953.188,4625.375,3665.539,3743.35,4796.75,5837.375
4116.55,4517.833,4961.333,3939.25,4613.25,3697.231,3710.85,4799.25,5857.375
4111.05,4511.5,4988.417,3956.438,4634.75,3664.539,3683.9,4808.125,5849.25
4119.45,4470.917,4932.417,3954.5,4646.875,3678.808,3727.75,4799.25,5805.875
4107.6,4470.917,4944.417,3913.938,4610.875,3680.885,3707.4,4818.375,5783.5
4130.35,4450.833,4950,3964.75,4606.812,3679.385,3737.25,4813.125,5861
4119.55,4437.25,4934.833,3941.875,4625.938,3683.269,3733.8,4810.625,5854.125
4159.25,4451.5,4966.167,3997.75,4608.812,3667.385,3736.15,4846.5,5869.125
4158.1,4466.333,4939.25,3967,4617.625,3666,3726.2,4824.75,5781.375
4132.35,4425,4952.167,3949.75,4626.375,3666.346,3724.85,4822.5,5728.375
4105.85,4467.583,4934,3959.938,4649.875,3676.615,3726.4,4778.25,5734.5
4115.8,4473.167,4959.167,3968.5,4627.562,3697.308,3706.85,4820.125,5768.375
4121.2,4462.667,4915,3948.125,4650.188,3635.577,3708.3,4830.25,5830.5
4116.7,4442.25,4923.667,3989,4644.312,3698.846,3740.2,4788.75,5824.75
4116.05,4455.917,4903.167,3992.75,4618.875,3686.654,3736.85,4822.25,5757.375
4109.25,4466.5,4961.667,3969.438,4647.312,3672.923,3703.7,4841.125,5765.625
4103.7,4498.667,4959.583,3954.938,4577.812,3678.961,3721.75,4749.125,5763
4100.7,4442.833,4930.083,3967.188,4628.375,3661.808,3713.75,4841.25,5762.75
4096.6,4462,4925.667,3984.812,4637.375,3651.885,3685.5,4719.375,5636.875
4093.85,4470.5,4916.167,3959.562,4590.938,3677.308,3686,4810.375,5720
4135.35,4446.5,4973.167,3968.25,4656.812,3657.539,3696.35,4756.625,5733.625
4104.05,4464.667,4934.917,3961.688,4629.812,3674.385,3695.5,4835.25,5807
4134.45,4424.167,4914.167,3977.875,4618,3672.539,3699.2,4769.5,5813.375
4120.55,4448,4913.417,3942.125,4608.25,3647.654,3704.2,4858.625,5874.375
4126.2,4446.333,4929.167,3991,4616.75,3648.231,3686.3,4766.25,5953.875
4119.6,4428.083,4918.5,3979.562,4600.188,3663.808,3677.8,4855.75,5805.875
4121.75,4451.667,4931.167,3966,4590.938,3651.346,3677.8,4870,5795.5
4135.35,4417.167,4919.583,3970.625,4614.688,3622.654,3702.75,4846,5810.375
4104.95,4468,4953.333,3959,4615.188,3660.654,3692.65,4913,5834.875
4114.9,4439.167,4911.083,3984.5,4632.688,3659.346,3660,4828.5,5833.375
4124.95,4490,4945.667,3957.5,4624.875,3623.077,3668.4,4803,5883.625
4102.35,4429.333,4944.333,3939.312,4621.75,3633.539,3672.95,4839,5907.25
4129.25,4463,4936,3978.188,4633.875,3628.769,3682.5,4781.5,6020.25
4131.75,4435.75,4911.833,3950.188,4614.938,3638.154,3676.9,4816.125,5874.75
4125.8,4431.417,4909,3960.5,4611.188,3651.269,3669.45,4807.875,5936.625
4100.85,4451.917,4951.333,4001.688,4614.438,3645.539,3675.45,4836.375,5799.375
4152.7,4456.75,4928.417,3978.188,4641.438,3664.923,3670.1,4844.5,5849.125
4080.6,4397.75,4920.5,4001.125,4634.75,3682.923,3668.75,4829.375,5839.125
4108.05,4422,4959.667,3970.688,4623.125,3629.615,3662.05,4861.625,5822.875
4109.7,4385.167,4890,3942.875,4634.688,3623.731,3676.6,4884.75,5884.5
4087.2,4414.667,4923.167,3987.062,4622.438,3629.577,3640.25,4778.125,5960.5
4126.15,4414.75,4927.083,3977.312,4644.5,3641.731,3661.05,4809.25,5885.875
4086.05,4427.667,4932.667,3975.938,4600.625,3647.961,3679.3,4826.5,5830.5
4088,4452.667,4894.083,3991.5,4635.125,3646.923,3639.05,4785,5851.75
4130.1,4421.25,4959.167,4008.188,4616.438,3649.923,3660.55,4816,5846.75
4121.6,4442.833,4953.667,3991.75,4605.688,3645.923,3680.55,4819.25,5715.625
4106.3,4468.083,4944.5,4008.125,4591.875,3671.423,3696.9,4845.375,5716.625
4104.65,4445.75,4953.5,3936,4591.062,3652.808,3685.2,4877.375,5692.25
4111.05,4422.167,4850.167,4024.062,4634.812,3661.461,3672.45,4895.75,5726
4106.35,4493.417,4886.083,4028.312,4633.375,3649.5,3675.75,4895.875,5760.125
4079.1,4439.083,4918.25,4017.438,4641.75,3662.539,3678.6,4876.5,5754.5
4093.55,4422.25,4934.917,3986.312,4621.812,3656.731,3670.3,4904.125,5625.875
4111.85,4429.5,4897.75,4039.25,4613.5,3651.577,3674.6,4898.875,5679.875
4103.75,4446.5,4926,4007.625,4618.562,3633.539,3712.8,4866.625,5693.75
4096.75,4426.583,4942.25,3993.875,4633.938,3661.961,3681.2,4898.25,5662.75
4082.35,4424.75,4918.25,3992,4651.75,3659.039,3685.3,4809.875,5670.25
4078.95,4503.917,4902.583,3996.5,4622.438,3644.692,3687.3,4860.375,5716.75
4089.3,4429.917,4871.333,3999.688,4621.438,3651.5,3701.65,4905.375,5685.625
4127.45,4438.5,4919.25,4005.688,4634.125,3644,3675,4849.125,5679.625
4118.7,4447.167,4929.833,4000.188,4574.688,3640.039,3682.85,4820.125,5610.5
4062.5,4435.833,4909.833,4017.688,4629.625,3634.731,3680.05,4845.375,5689.5
4097.3,4463.833,4887.75,4023.062,4605.688,3644,3675.65,4829.75,5717.75
4093.7,4431.333,4913.917,3999.812,4612.25,3647.269,3652.6,4799.5,5725.375
4110.15,4458.667,4869.417,4019.062,4630.5,3649.115,3677.75,4771.25,5762
4086.4,4452.583,4931.167,4037.688,4594.562,3632.846,3678.8,4841.625,5728.5
4076.5,4421.083,4901.583,4029.25,4621.188,3642.615,3700,4841.875,5722.625
4100.8,4447.25,4947.833,4018.75,4596.188,3644.615,3712.55,4853.125,5671.875
4102.75,4453.75,4905.583,4025.562,4602.688,3656.423,3667.4,4829.625,5618.25
4087.3,4431.833,4860.417,4032.5,4611.375,3651.077,3698,4781.75,5594.375
4107.55,4488.083,4922,4044.438,4618.438,3641.577,3712.55,4812.5,5640.5
4102.55,4429.583,4916.083,4014.438,4593,3650.269,3683.05,4873.75,5640.125
4094.2,4436.917,4870.333,4052.125,4595.5,3634.423,3698.55,4877,5696.75
4120.8,4478.75,4910.833,4050.438,4579.625,3655.154,3678.75,4814.5,5762.25
4089.8,4442.167,4923.5,4025.375,4586.062,3643.731,3678.35,4795.75,5678.125
4098.75,4498,4958.083,4049.812,4614.312,3648,3661.35,4838.5,5753.75
4108,4460.25,4897.583,4044.188,4604.688,3646.346,3688.6,4823.625,5873.375
4114.05,4451.25,4927.833,4057.062,4585.75,3646.5,3687.75,4785,5716.375
4101.2,4489.333,4901.25,4038.75,4597.625,3655.577,3676.45,4798.75,5785.625
4070.3,4498.583,4874,4030,4602.5,3675.154,3683,4842.5,5713.75
4110.65,4462.25,4866.5,4033.438,4640,3653.961,3685.55,4829,5644.5
4113.9,4482.25,4922,4056,4567.438,3667.115,3692.3,4835.5,5670.125
4128.25,4508.833,4919,4040.812,4574.75,3666.692,3671.2,4823.625,5618.375
4093.05,4449.083,4946.667,4041.125,4602.625,3648.385,3684.9,4869.625,5750.625
4102.15,4462.667,4901.25,4067.25,4591.438,3625.385,3670.85,4892.125,5712.125
4106.55,4435.25,4886.167,4024.438,4561.562,3672.885,3696.95,4898.625,5622.75
4098.2,4429.083,4952.917,4043.062,4576.562,3667.077,3702.5,4850.375,5685.375
4093.55,4521.667,4902.083,4082.75,4610.25,3665.615,3703.15,4856.625,5761.75
4092.2,4452.583,4853.917,4010.562,4605.188,3676.039,3686.75,4824.75,5724.5
4092.5,4481.75,4889.333,4072,4606.062,3667.077,3685.15,4803.5,5793.25
4060.15,4459,4916.583,4087.062,4578.625,3690.577,3692.45,4844.375,5694.125
4062.15,4467.25,4874.917,4043.75,4565.5,3654.731,3691.7,4878.25,5653.375
4059.95,4494.333,4939.25,4063.25,4604.625,3644.615,3659.9,4820.875,5721.75
4061.45,4522.5,4874.167,4106.062,4563.062,3654.346,3707.2,4778.875,5621.125
4070.25,4480.917,4911.25,4075.562,4571.562,3647.769,3702.6,4784.25,5699
4087.2,4529.417,4869.417,4060.438,4589.938,3672.039,3666.95,4736.625,5668.5
4053.45,4526.75,4933.083,4081.312,4564.812,3664.731,3655.65,4738.5,5664.875
4039.65,4476.583,4923.417,4071.375,4555.812,3674.731,3673.5,4791.5,5658.75
4049.05,4489.5,4874.667,4095.125,4581.25,3666.461,3705.75,4722.375,5705.125
4095.1,4493.167,4904,4044.312,4566.438,3697.461,3687.7,4772.875,5628.25
4072.85,4447.167,4889.417,4073.312,4564.375,3677.154,3711.2,4820.75,5679
4040.7,4502.5,4882.25,4134.438,4591.938,3673.308,3708.8,4802.875,5651.375
4034.75,4433.583,4923.333,4110.375,4583.125,3690.731,3683.85,4769.125,5735.875
4063.7,4462.25,4886.833,4070.75,4600.188,3681.961,3671.5,4795.25,5764.625
4060.75,4451.333,4887.75,4086.188,4573.438,3668.346,3670.75,4703,5756.375
4057.2,4494.583,4882.667,4053.5,4554.188,3681.615,3685.1,4717.375,5717.5
4054.15,4454.167,4895.5,4034.938,4525.25,3660.615,3660.25,4730.25,5663.125
4030.1,4485.25,4925.083,4063.938,4515.125,3672.923,3682.7,4719.875,5467.5
4074.5,4454.833,4964.833,4031.688,4532.812,3704.731,3653,4684.25,5557.625
4043.4,4464.75,4896.667,4037.5,4526.312,3698.692,3684.55,4731.375,5469.125
4043.8,4465.083,4929.5,4056.938,4504.562,3662.346,3668.6,4708.5,5568.125
4048.3,4471.25,4932.417,4074.375,4554.688,3653.192,3681.6,4734.875,5665.5
4060.35,4463.417,4955.583,4056.562,4525.75,3692.846,3687.2,4730.625,5513.125
4053.5,4470.083,4843,4073.688,4517.062,3643.039,3668.2,4723,5488.125
4053.55,4488,4904.083,4068.375,4536.625,3691.654,3641.55,4713.875,5439.5
4074.75,4425.5,4933.5,4050.562,4544.812,3680.423,3667.25,4654.75,5422.75
4065.85,4454.417,4889.5,4056.938,4523.062,3683.039,3643.55,4743.75,5399.125
4041.3,4424.5,4872.5,4025.812,4523.5,3702.192,3640.65,4753.125,5362.375
4032.65,4435.75,4909.167,4073.562,4485.188,3684.923,3664.05,4707.25,5399.5
4060,4476.333,4900.583,4027.875,4545.375,3676.308,3658.25,4683.75,5324.375
4023.95,4441.5,4928.583,4047.062,4481.188,3677.039,3651.7,4655,5486.25
4035.65,4445.5,4889.75,4038.75,4506.938,3632.961,3644.8,4632.5,5424.375
4041.95,4475.833,4880.833,4043.938,4521.188,3688.846,3671.3,4657.25,5489.125
4027.85,4423.75,4911.5,4022.25,4519.25,3670.115,3657.85,4608.875,5492.5
4027.55,4416.25,4877.917,4042.25,4516.562,3692.308,3663,4643.125,5404.25
3999.9,4422.583,4928.917,4022.5,4462.188,3677.769,3634.85,4622.375,5399.125
4020.55,4444.75,4925.417,4049.5,4446.688,3677.808,3642.55,4612.125,5519.25
4016.95,4473.75,4914.833,4046.562,4480.875,3676.539,3636.1,4462.75,5361.875
3978,4478.75,4875.167,4051.5,4451.812,3676.731,3628.45,4566,5376.125
3990.85,4470,4888.917,4032.562,4460.188,3676.615,3668.45,4466.25,5397.375
3988.5,4445.667,4928.5,4010.188,4456.688,3675.539,3620.8,4566.75,5414.75
4013.25,4418.083,4936.25,4034.75,4434.375,3656.039,3653.35,4487.75,5379.125
3978.85,4450.083,4884.667,4002.188,4483.188,3696.385,3651.4,4532.75,5351.5
3997,4442.5,4883.917,4031.562,4457.125,3670.115,3670.3,4538.125,5412.5
3973.1,4460.667,4893.75,4011.938,4461.188,3679.385,3656.5,4493.625,5441.375
3952.95,4410.833,4881.25,4015.875,4429.375,3707,3636.45,4460,5420
3975.05,4413.25,4894.917,4013.5,4406.75,3690.346,3637.3,4464.375,5409.625
3962.15,4368.083,4874.667,4048.625,4432.875,3711,3647.15,4467.125,5359.25
3962,4423.25,4902.667,4049.188,4420.312,3737.885,3648.15,4439.375,5529.625
3933.85,4427.583,4819.417,4053.5,4420.25,3714.039,3626.2,4452,5434.875
3930.7,4432.75,4896.75,4069.562,4420.062,3694.346,3632.1,4412.25,5388.875
3932,4419.083,4823.25,4001.562,4425.812,3734.539,3647.7,4380.625,5449.25
3941.55,4415.083,4860.333,4049.438,4403,3721.115,3641.2,4373.5,5469.5
3972.75,4384.667,4859.667,4035.75,4412.688,3718.269,3632.4,4375.625,5444.375
3949.6,4391.083,4805.5,4024.812,4411.625,3716.423,3672.75,4317,5425.375
3915.45,4413.167,4841.75,4031.312,4394.625,3710.461,3636,4322.375,5473.375
3936.1,4417.5,4822.917,4044.25,4398.562,3725.423,3649,4413.25,5506.5
3933.95,4390.667,4793.75,4041.812,4405.312,3719.654,3677.35,4381.875,5493.25
3921.35,4411.917,4870.75,4028.312,4392.438,3734.269,3656.65,4340.5,5411.75
3924.2,4429.583,4827.167,4071.375,4384.125,3723.769,3635.85,4315.125,5397.125
3908.85,4442.5,4812.167,4015.75,4373.75,3712.961,3642.15,4305.125,5497.625
3892.75,4400.917,4776.5,4009.5,4381.375,3714.423,3630.15,4209,5431.125
3934.55,4406.083,4794.167,4023.812,4382.062,3702.039,3649.65,4279.375,5387.75
3873.95,4371.25,4812.583,4011.75,4373.438,3725.308,3641.65,4260.875,5392.75
3901.35,4398,4796.333,4002,4379.938,3699.115,3665.55,4219.25,5323.25
3891.95,4394.167,4810,4002.375,4325,3723.885,3645.9,4262.25,5313
3888.8,4409.667,4811.583,4008.875,4375.312,3718.577,3619.95,4266.125,5254.625
3874.3,4384,4792.5,4057.625,4373.75,3728.615,3657.95,4262.125,5326.5
3862.7,4363.25,4800.583,3997.5,4359.5,3751.192,3639.45,4259.5,5389.875
3861.6,4357.083,4772.417,4021.562,4355.312,3721.115,3637.05,4199.5,5292.375
3866.45,4371.833,4786.5,4025.438,4353.188,3699.039,3647.1,4212.875,5305.5
3869.6,4353.5,4776.917,3998.5,4333.938,3707.461,3653,4186.375,5359.5
3856.6,4337.667,4763.75,3978,4318.438,3719.577,3647.55,4168,5354.375
3869.45,4320.417,4802.5,4020.438,4334.25,3709.423,3641.5,4246.625,5446.875
3897.6,4325,4765.167,4008.562,4358.562,3733.308,3670,4177.5,5419.625
3868.25,4296,4788.583,4027.562,4307.75,3737.961,3610.65,4151.125,5294.125
3845.7,4303,4745.167,3995.875,4316.062,3717.539,3627.2,4119,5309.875
3890.25,4368.167,4746.75,4024.312,4320.625,3734.885,3655.35,4159,5281.25
3814.35,4349.917,4701,3997.125,4299.125,3718.885,3632.35,4106.875,5270.5
3828.85,4316.167,4710.25,4007.625,4306.688,3728.846,3643.9,4116.875,5255
3860.05,4319.75,4734.833,4015.25,4284.25,3720.461,3629.95,4092.625,5390.125
3828.4,4352.333,4732.75,4040.875,4287.562,3733.961,3651.1,4099.375,5336.25
3835.2,4304.167,4687.667,3978.625,4268.688,3720.539,3659.5,4143,5290.5
3831.65,4282.083,4701.917,3998.312,4283.938,3703.923,3628.9,4105.375,5263.375
3784.75,4310.083,4677.667,3947.75,4263.938,3709.423,3591.2,4018.625,5228.375
3808.85,4323.833,4662.333,3994.625,4295.688,3726.846,3609.9,4026.5,5242.25
3813.6,4262.25,4666.167,3978.312,4246.438,3731.231,3606.4,4016.375,5155.625
3806.35,4271.083,4679.083,3999.75,4250.312,3734.923,3639.05,4006.375,5247
3795.45,4277.75,4697.833,3956.438,4267.188,3711.654,3594.3,4042.875,5186.625
3805.1,4310,4683,3968.75,4223.312,3714.308,3637.3,3984.25,5165.25
3822.6,4298.75,4692.167,3998.375,4254.125,3714.731,3605,4044.125,5159.25
3802.5,4284.833,4653.5,3967.25,4280.688,3726.115,3611.5,4047,5148.375
3838.25,4329.417,4617.833,3984.062,4237.125,3728.692,3627.45,4022.25,5148.75
3794.05,4283.917,4666.333,3992.125,4238.188,3732.615,3631.3,4028.375,5156.625
3805.65,4275.583,4608.5,3964.812,4254.25,3728.077,3608.4,3986.375,5092.625
3789.05,4274.5,4665.25,3932.75,4222.062,3732.385,3596.9,3956.125,5157.75
3759.6,4216.25,4616.25,3920.25,4194.688,3726.385,3587.55,3934.125,5015
3746.5,4269.417,4598.083,3937.062,4175.312,3729.269,3597.25,3881.375,4978.375
3778.85,4209.417,4604.917,3920.438,4200.25,3705.077,3603.9,3903.375,4951
3767.25,4222.333,4614.083,3954.75,4194.688,3726.115,3599.1,3945.125,4964.25
3768.05,4193.25,4559.25,3978.625,4231.875,3724.539,3587.25,3954.125,4958.375
3778.55,4252.083,4641.75,3973.812,4250.875,3712,3589.75,3965.25,5013.875
3774.1,4218.75,4623.167,3911.688,4191.125,3704.115,3555.55,3899.5,5048.625
3759.35,4234.75,4563.333,3944.938,4193.438,3721.615,3614.45,3854,4944.125
3753.6,4185.917,4624.333,3902.812,4168.188,3723.692,3576.45,3887.875,4961
3761.9,4225.917,4602.167,3933.125,4203,3720.615,3576.35,3947.375,4982.625
3760.55,4193.917,4576.25,3940,4191.312,3717.808,3576.7,3949.75,5008.125
3759.85,4198.917,4556.333,3941.312,4163.625,3730.423,3559.25,3951.75,5028.625
3747.6,4236.667,4610.417,3946.438,4143.125,3718.961,3584.3,3948.5,4986
3748.45,4210.833,4571.833,3896.375,4159.688,3725.961,3570.55,3855.875,5035.75
3691.7,4243.083,4541.5,3914.875,4164.375,3711.615,3576.15,3880.625,4901.625
3725.15,4177.917,4558.083,3906.938,4185.25,3709.692,3574.2,3856.25,4963.125
3705.4,4241.5,4584.75,3930.688,4121.062,3715.961,3594.6,3886.5,4911.875
3692.9,4216.167,4572.833,3942.812,4172.875,3753.769,3589.4,3871,4895.875
3753,4187.583,4576.667,3937.188,4176.125,3732.115,3592.85,3879.25,4933
3744.6,4210.5,4568.333,3953.375,4213.125,3706.692,3580.25,3919.375,4928.75
3748.4,4167.917,4569.917,3897.375,4211.188,3707,3609.6,3871.875,4933
3729.35,4181.083,4557.083,3947.312,4162.25,3724.808,3574.4,3903.125,5010.125
3743.7,4177.333,4539.667,3938.125,4214.125,3721.961,3549.9,3898.25,5006.625
3759,4222,4571.333,3916.25,4197.688,3723.731,3562.6,3859.625,5025
3705.75,4179,4529.5,3919.188,4143.875,3734,3596.2,3834.5,5003.5
3713.55,4188.75,4531.667,3927.188,4161,3729.961,3595.4,3860.375,4989.5
3736.55,4213.917,4501.667,3942.875,4163.75,3725.961,3590.7,3884.75,5013.875
3726.3,4213.083,4522.083,3923.312,4140.875,3687.423,3567.5,3862.375,4940.875
3735.4,4211.667,4532.833,3915.625,4123.688,3719.154,3574.4,3855.75,4980
3714.35,4159.333,4499.25,3875.562,4151.562,3708.039,3553,3872,4924.875
3719.45,4172,4560.5,3923.188,4150.125,3714.961,3561.85,3819.25,4962.625
3708.55,4170.333,4502.167,3897.5,4122.062,3721.846,3569.4,3780.75,4996
3703.65,4170,4477.583,3899.062,4121.375,3714.461,3570.2,3768.5,4942.125
3703.1,4151.917,4489,3882.625,4119.562,3700.039,3543.1,3794.5,4959.75
3718.8,4191.5,4474.833,3876.75,4147.75,3705.461,3546.3,3809.5,4912.375
3681.8,4152.917,4475.5,3941.312,4164.375,3710.154,3534.15,3792.375,4947.625
3684.7,4175.833,4521.333,3866.062,4118.438,3724.692,3540.75,3783.625,4940.375
3681.05,4122.917,4473.167,3878.75,4137.562,3719.885,3551.95,3789,5034.75
3683.85,4118.083,4472.833,3883.688,4090.625,3717.539,3531.6,3777.5,4940.375
3688.45,4107.25,4441.75,3853.938,4094.75,3720.269,3554.1,3790.875,4983.25
3692.9,4135.25,4491.833,3877.812,4092.75,3700.808,3564.2,3794.125,4912.875
3684.75,4126.25,4455.25,3935.875,4064.625,3698.461,3548.3,3735.875,4952.75
3665.45,4145.833,4546.083,3883.312,4087.25,3693.346,3566,3791.125,4914.625
3683.6,4126.083,4513.583,3880.75,4123.938,3708.039,3574.5,3772.625,4919.75
3687.95,4167.25,4475.583,3919.688,4124.562,3681.923,3543.1,3809.5,4905.375
3663.6,4135,4435.25,3901.875,4117.125,3693.346,3547,3741.75,4867
3674.7,4107.917,4485.667,3900.25,4139.125,3697.231,3538.9,3790.875,4934.25
3688.4,4109.917,4440.5,3894.375,4114.688,3708.5,3545.75,3774.375,4941.375
3646.65,4125.75,4497,3892.688,4122,3696,3560.75,3755.625,4969.875
3656.8,4127.917,4446.5,3881.188,4063.188,3692.346,3542.2,3765.5,4879.625
3658.7,4102.833,4472.083,3865.875,4127.625,3684.846,3548.7,3736.125,4873.75
3640.3,4127.417,4446.083,3866.75,4152,3676.577,3533.15,3734.125,4928.5
3674.25,4109.917,4472,3868.875,4136.438,3686.461,3533.3,3780.625,4920.25
3658.85,4100.917,4477.5,3905.125,4126.312,3676.692,3525.7,3716,4977.625
3673.15,4158.583,4455.333,3895,4123.25,3704.192,3527.2,3779.125,4967.125
3687.5,4108.167,4460.917,3898.125,4156.25,3704.731,3537.4,3811.625,5001
3697.45,4137.333,4489.25,3889.062,4154.812,3712.808,3571.15,3808.625,5019.625
3702.85,4178,4507.333,3916.375,4124.812,3718.115,3528.5,3897.75,4998.125
3704.95,4148.667,4458.5,3896.812,4170.438,3724.461,3553.5,3845.375,4991.125
3732.5,4160.833,4498.5,3901.938,4136,3691.5,3544,3826.25,4968.625
3656.2,4111.167,4455.417,3894.375,4137.875,3705.692,3554.5,3872.125,4962
3693.75,4126.333,4485,3876.875,4123.188,3720.577,3549.75,3797.5,4945.625
3709.6,4124.25,4465.75,3884.688,4150.188,3709.769,3543,3817.375,4981.625
3660.5,4148.5,4494.333,3895.125,4134.062,3694.539,3547.95,3896.875,5036.75
3693.55,4137.833,4537.667,3937.75,4153.062,3686.269,3556.5,3862.75,5008.375
3725.7,4160.833,4497.167,3900.5,4151.875,3717.077,3587.05,3917.25,5005.875
3684.75,4135.917,4486.333,3883.25,4135.875,3713.461,3550.5,3770.625,4974
3677.55,4145.5,4412.25,3914.562,4136.75,3694.654,3561.05,3830,4951.5
3682.15,4090.75,4452.833,3896.062,4106.812,3707.923,3533.85,3775,4933
3711.4,4090,4479.917,3898,4093.438,3696.692,3532.95,3786.875,4909.875
3689.25,4139.333,4418.417,3907.125,4131.188,3716.846,3534.5,3782.125,4860.625
3723.75,4186.917,4515.417,3886.438,4140.562,3717.846,3556.1,3829.75,4908.25
3732.55,4158,4464.167,3926.812,4188.812,3685.154,3550.4,3853,4932.875
3697.95,4149.167,4453,3914.812,4136.875,3717.039,3558.3,3835.5,4864.875
3723.45,4117.167,4489.667,3890.125,4141.5,3687.577,3541.1,3847.5,4937.25
3690.95,4164.833,4492.083,3899.438,4140.312,3692.539,3547.15,3853.5,4892.5
3682.6,4158.083,4463.833,3913.062,4147.5,3721.846,3546.4,3816.625,4824.125
3697.7,4166.75,4457.167,3894.688,4156.938,3701.346,3550.7,3854.375,4876.5
3694.9,4156.5,4506,3901,4131.562,3706.808,3542.7,3850.625,4826.75
3723.8,4168.833,4446.417,3924.5,4160.562,3719.115,3568.45,3825,4889.25
3684.25,4161.5,4474.917,3879.938,4100.625,3696.115,3547.65,3806.5,4777
3666.3,4148.667,4489,3877.75,4134.75,3729.077,3494.8,3839,4789.375
3713.2,4124.5,4500.917,3890,4147.75,3690.731,3529.35,3887.5,4826.75
3688.1,4166.583,4519.5,3910.312,4127.688,3714.385,3537.55,3908.875,4909
3716.15,4175.417,4522.167,3910.125,4143.688,3687.115,3550.1,3903.125,4973.625
3712.9,4185.667,4529.167,3912.688,4127.125,3693.077,3561.7,3916,4985.5
3702,4166.75,4543.75,3898.938,4144.188,3694.231,3540.8,3912.375,4952.125
3718.9,4172.667,4540.583,3903.438,4152.875,3670.654,3531.35,3899.375,4953.125
3753.7,4124.833,4530.083,3913.188,4169.312,3713.539,3514.75,4024.625,4996.75
3809.1,4184.583,4552.833,3939.125,4153.938,3686,3521.15,4561.25,5089.375
4024.2,4221.5,4545.167,3957.688,4162.25,3673.231,3530.15,5782.625,5140.875
4213.8,4314.167,4579.417,4177.438,4178.688,3714.461,3543.75,6384.125,5270
4137,4325.417,4561.667,4142.062,4175.812,3695.154,3556.2,6260.25,5235.625
4132.95,4305.333,4526.333,4121.188,4164.188,3711.039,3541.3,6046.875,5191
4265.05,4304.417,4570.667,4329.812,4194.188,3689.308,3571.85,6329.125,5188.625
4439.55,4365.667,4611.417,4761.75,4216.625,3688.423,3531.9,6660,5243
4366.05,4352.5,4603.333,4713.688,4172.625,3687.923,3566.2,6483.5,5166
4239.85,4356.333,4567.75,4643.438,4142.062,3710.692,3545.5,6242.125,5223.375
4178.95,4335.333,4594.5,4558.188,4216.188,3691.385,3542.85,6103.75,5132.5
4257.95,4356.25,4593.417,4615.312,4189,3706.308,3563.3,6177.375,5195.125
4271.65,4344.167,4616.833,4692.062,4218.75,3676.346,3569.4,6319.375,5246.625
4210.65,4318.75,4617.75,4606.75,4174.938,3689.269,3564.55,6162.875,5273.625
4190.95,4299.083,4575.417,4552.438,4201.938,3694.346,3552.85,5984.125,5322.5
4282.05,4357.667,4583.833,4615,4189.875,3676.039,3553.4,6166.125,5451.875
4723.45,4600.667,4595.083,5048.562,4161.875,3700.039,3559.85,6804.125,5600.375
4714.3,4577.333,4632.5,4965.125,4167.312,3689.846,3525.4,6729,5627.75
4566.85,4552.5,4601.583,4855.312,4214.062,3681.154,3552.05,6487.625,5524.25
4414.25,4454.083,4559.833,4749.938,4182.625,3701,3536.1,6183.375,5594.625
4488.95,4418.833,4593.167,4738.812,4177.812,3687.077,3574.1,6240.25,5620.5
4447.5,4411,4630.083,4756.75,4237.5,3700.077,3593.7,6299.375,5788.375
4388.25,4365.667,4622.083,4645.562,4201.375,3693.269,3556.35,6111.25,5768.25
4270.7,4299.083,4592.167,4587.875,4181.625,3684.231,3582.1,5896.625,5633.625
4223.8,4293.833,4582.833,4466.625,4227,3679.154,3561.9,5722.625,5646.125
4155.95,4360.667,4618.5,4367.25,4197.312,3683.385,3569.05,5581.5,5676.875
4107.6,4320.25,4632.167,4380.688,4182.062,3707.192,3555.65,5472.75,5683.875
4207.5,4337.333,4601.917,4380,4186.25,3715.154,3558.6,5700.625,5749.375
4205.45,4291.833,4614.667,4432.125,4203.438,3667.731,3558.5,5925.75,5811.75
4145.15,4361.917,4642.083,4420.688,4227.375,3699.961,3580.95,6116.625,5878.625
4147.15,4312.5,4663.667,4407.5,4197.5,3683.115,3571.35,6059.25,5925.75
4213.5,4322.417,4613.333,4378.125,4266.438,3682.577,3581.1,6222.125,5890.25
4394.15,4432,4612.917,4670.188,4186.438,3666.692,3590.2,6602.125,6062.75
4448.95,4414.917,4610.833,4721.75,4224.062,3702.961,3597.85,6705.125,6060
4360.2,4364.833,4629.75,4686.438,4188.125,3700.654,3577.75,6459.625,6101.125
4434.65,4422.75,4616.583,4679.375,4232.562,3670.269,3590.8,6490.5,6161.375
4643.55,4488.667,4650,4762.625,4249.438,3696.615,3572.5,6893.625,6193.75
4624.6,4509.083,4627.75,4811.875,4259.688,3707,3553.3,6937.25,6243.375
4530.8,4477.25,4657.75,4804.188,4226,3688.5,3576.05,6710.125,6127.75
4439.8,4464,4600.5,4734.562,4255.5,3700.346,3582.2,6538.75,6176.25
4382.7,4403.917,4634.583,4627.312,4244.125,3688.192,3555.55,6361.875,6089
4277.65,4387.833,4662.583,4505.625,4234.438,3687.077,3559.15,6064,6048.625
4255.65,4351.083,4628.25,4475.938,4246.562,3686.115,3574.75,6038,6011.125
4202.75,4318.167,4650,4371.688,4242.625,3677,3575.25,5831.125,5940
4165.05,4321.5,4632.75,4338.438,4256.75,3680.5,3563.8,5651.75,6000.5
4119.1,4373.583,4669.75,4295.562,4224.625,3658.115,3567.9,5533.375,5976.875
4107.75,4323.667,4660.917,4226.312,4193.688,3688.923,3572.3,5440.5,5912.875
4067.85,4289.417,4643.083,4187.875,4221.562,3672.385,3589.45,5312.375,5847.875
4045.55,4328.5,4663.417,4170.312,4234.562,3705.692,3562.65,5165.625,5794.75
4033.95,4284.083,4662.833,4151.438,4270.562,3679.192,3593.9,5114.375,5774
4001.05,4275.75,4666.833,4153.125,4230.625,3685.923,3591.85,4997.375,5701.25
3997.6,4277.167,4664.25,4118.875,4210.688,3660.077,3599.05,5043.875,5792.25
4008.3,4341.583,4703.917,4112.938,4257,3667.5,3584.1,4944.875,5641.375
3982.8,4332.75,4669,4100.062,4266.438,3708.077,3618.35,4901.875,5662.5
3970.4,4278.667,4650.583,4069.5,4233.188,3680.615,3590.9,4791.25,5678.5
3968.8,4283.833,4681,4075.125,4204.25,3698.385,3559.65,4742.25,5643.875
4002.25,4282.083,4679.583,4066.812,4269,3657.961,3565.7,4729.75,5700.25
3970.4,4320,4699.083,4080.812,4255.125,3698.577,3601.65,4770.375,5666.5
3973.4,4300.25,4663.25,4074.438,4264.125,3690.731,3577.95,4735.625,5767.75
3953.05,4283.5,4690.75,4087.125,4285.562,3687.231,3585.25,4750.375,5751
3954.5,4320.417,4686.167,4076.188,4296.5,3691.769,3583.2,4681.25,5679.875
3996.5,4324.417,4717.417,4058.812,4260,3686.154,3577.95,4730.125,5734.375
4004.5,4285.5,4682.167,4077.188,4260.062,3675.885,3596.7,4638.5,5710.375
3972.2,4290.333,4673.583,4055.812,4231.25,3685.846,3587.9,4655.375,5702.5
3962.3,4326.333,4718.5,4091.125,4241.375,3684.885,3589.9,4570,5643.25
3977.35,4309.333,4667.417,4058.188,4256.062,3673.5,3583.7,4624.5,5664.375
3947.2,4291,4713.25,4069.312,4316.938,3682.769,3560.65,4670.5,5734.25
3970.95,4315.25,4701.417,4076.562,4271.688,3651.923,3591.9,4601.625,5637
3959.45,4299.917,4672.25,4065.062,4322.312,3658,3586.65,4666.625,5547.625
3942.15,4304.25,4706.167,4053.312,4266.875,3653.615,3567.45,4653,5548.125
3940.75,4354.917,4737.083,4079.625,4260.25,3655.346,3577.15,4640.875,5498.875
3932.55,4311.5,4693.667,4094.125,4246.75,3667.077,3574.2,4653,5547.875
3957.05,4301.167,4715.5,4062.938,4302.312,3654.115,3567.5,4625.75,5482.25
3959.1,4343,4708.083,4037.938,4259.5,3672.461,3579.55,4568.25,5465
3953.8,4326.25,4703.5,4067.188,4247.562,3682.192,3583.1,4623.5,5495.875
3963.85,4315.333,4700.5,4058.062,4264.75,3659.539,3574.15,4666.625,5509
3970.05,4282.75,4657.667,4069.688,4246.438,3644.923,3580.55,4608.125,5582.25
3964.65,4325.417,4709.417,4038.562,4290.125,3673.231,3583.05,4631.75,5532.5
3945.2,4320,4680.333,4043.938,4267.688,3636.077,3572.3,4611.625,5484
3973.1,4333.167,4695.5,4036.375,4268,3666.269,3591.65,4592.875,5491
3955.9,4321.417,4764.583,4066.125,4272,3673.654,3551,4598.5,5522.5
3967.1,4320.75,4699.083,4064.875,4251.062,3643.154,3549.85,4635.75,5473.625
3964.4,4300,4715.667,4044.75,4270.5,3680.961,3564.75,4658.625,5462.625
3978.85,4356.083,4664.083,4059.375,4272.812,3668.961,3579.1,4672.5,5448.5
3953.85,4348.417,4750.667,4056.938,4297,3650.154,3601.95,4649,5454.5
3942.75,4338.917,4737.417,4088.25,4265,3654.308,3596.75,4648,5488
3973.15,4311.5,4747.583,4052.688,4271.562,3668.423,3563.85,4602.125,5473.375
3960.15,4364.083,4721.917,4062.25,4281.125,3676.731,3582.15,4620.75,5388.375
3984,4322.167,4712,4078.5,4289.438,3666.231,3562.8,4645.5,5394.5
3998.05,4328.417,4709.5,4040.688,4308.75,3659.077,3555.55,4667.125,5405.875
3951.45,4344.917,4724.5,4075.5,4309.562,3660.385,3571.2,4646.5,5422.5
3969.35,4298.417,4746.5,4069,4278,3636.039,3601.35,4662.875,5472.75
3958.7,4332.25,4701.583,4054.375,4291.625,3643.846,3602.15,4643.25,5425.25
3978.6,4350.667,4739.333,4062.25,4282.375,3639.039,3565.3,4680.25,5431.5
3988.95,4347.833,4730.167,4067.5,4291,3643.692,3582.5,4679.625,5404.375
3953.35,4342.917,4761.333,4045,4263.5,3631.115,3571.95,4667.25,5362.625
3946.15,4374.917,4720.667,4046.938,4322.062,3648.308,3591.35,4673.75,5421.75
3952.65,4325.167,4756.5,4035.188,4270.625,3644.885,3570.1,4722.625,5461
3949.4,4307.667,4727.583,4031.25,4298.188,3652.692,3553.15,4643.25,5453
3952.25,4310.583,4724.75,4069.812,4346.75,3650.615,3581.8,4690.5,5523.125
3974.95,4310.917,4735.083,4057.125,4305.812,3667.961,3614.6,4695.375,5403.25
3948.9,4332.167,4743,4038.875,4325.062,3624.039,3582.45,4709.375,5312.125
3943.5,4294.417,4715.25,4061.25,4309,3637.269,3561,4721.875,5297.5
3962.15,4357.5,4761.667,4066.875,4321,3660,3611.55,4742.75,5298.5
4001.95,4312.667,4716.667,4043.875,4305.188,3628.539,3588.25,4748.125,5323.875
3960.55,4314.25,4774.833,4048.75,4321.75,3657.192,3573.7,4699.5,5335
3961.15,4301.917,4733.667,4045.625,4290.25,3664.961,3568.75,4713.75,5276.25
3977.15,4345.167,4779.167,4070.812,4285.375,3641.461,3588,4717.625,5425.125
3953.05,4347.667,4726.75,4054.688,4314,3635,3567.5,4724.125,5396.625
3982.4,4365.417,4708.833,4053.938,4278.312,3631.269,3593.9,4715,5234.75
3954.3,4311.833,4768.25,4059,4333.625,3622.692,3579.5,4745.875,5265.125
3951.3,4342.083,4772.25,4050.312,4310.25,3639.385,3561.8,4759.75,5341.25
3983.2,4309.083,4781.667,4028.812,4316.062,3610.961,3596.7,4768.25,5254.75
3957.4,4324.5,4712.833,4050.938,4339,3635.461,3582.15,4687.625,5337.75
3974.9,4333.25,4738.083,4081.938,4326.75,3643.731,3585.4,4722.875,5311
4005.15,4366.75,4713,4042.688,4333.312,3636.654,3573.55,4717.875,5282.75
4003.4,4324.5,4713.25,4053.25,4275.812,3622.692,3578.75,4718.125,5403.875
3936.8,4337.75,4767.75,4068.25,4305.562,3630.808,3573.7,4760,5473.5
3959.2,4332.667,4740.25,4035.438,4302.25,3650.615,3588.75,4727.25,5391.625
3966.35,4331.5,4697.167,4075.562,4322.438,3642.539,3577.15,4723.5,5354.125
3987.6,4385.75,4712.083,4060.375,4284.875,3627.769,3571.45,4745.875,5406.625
3977.8,4349.417,4736.25,4042.188,4322.375,3642.346,3604.05,4710,5380.25
3992.6,4371.083,4738.5,4067,4311.875,3631.385,3579.05,4744,5375.875
3975.2,4337.917,4711.917,4038.25,4311.375,3649.692,3591.4,4798.25,5279.125
3982.15,4378,4768.25,4051.625,4307.5,3633.385,3563.1,4777.375,5300.5
3965.4,4364.083,4774.917,4054,4293.438,3609.077,3566.85,4739.375,5243.625
3963.95,4367.833,4756.083,4061.688,4304.25,3620.539,3604.2,4790.625,5258.5
3956.95,4357.667,4756.917,4065.25,4299.562,3623.731,3570.8,4728.625,5227.375
3965.6,4316.917,4750.25,4033.625,4290.062,3602.769,3570.15,4801.5,5266.875
3992.25,4321.083,4768.583,4073.438,4309.25,3624.039,3569.85,4802.375,5268.125
4005.45,4306.5,4787.667,4043.438,4335.375,3613.731,3581.95,4781.75,5188
3993.3,4299.083,4789.25,4055.188,4323,3638.769,3582.7,4807.75,5253.625
3974.45,4356.417,4782.417,4073.375,4295.375,3636.039,3574.7,4812.875,5237.625
3994.85,4362.5,4788.333,4017.938,4330.75,3631.769,3597.95,4743.5,5255.375
4007.4,4303.333,4700.917,4045.5,4274.125,3598.961,3586.65,4805.125,5210.25
3989,4327.167,4803.917,4084.125,4338.875,3639.5,3585.55,4740.75,5253.5
3990.95,4359.333,4768.583,4047,4317.875,3602.846,3590.3,4810.125,5224.75
4019.7,4356.333,4746.333,4063.375,4312.625,3591.731,3589.65,4802.375,5144.5
3963.35,4349.75,4782.333,4067.812,4324.125,3616.923,3556.7,4749.375,5250.375
3992.45,4377.833,4741.75,4045.938,4355.438,3609.461,3581.75,4766.5,5173.75
3986.45,4339.5,4742.417,4065.75,4316.625,3596.539,3587.75,4794.25,5161
3965.5,4301,4761.667,4055.062,4342.688,3620.808,3572.6,4779.5,5206.375
4002.1,4353.083,4723.667,4034.5,4330.438,3602.231,3565.9,4736.875,5175.875
3997.65,4331.583,4749.25,4070.188,4339.125,3606.115,3572.55,4802.625,5148.25
3984.85,4326.667,4724.917,4062.125,4306.938,3607.692,3583.55,4761.625,5073.75
3978.45,4345.583,4780.583,4065.562,4313.688,3606.231,3570.55,4807,5213.25
3945,4360.5,4727,4028.562,4284.688,3603.461,3571.95,4778.5,5117.625
4003.75,4278.417,4761.917,4050.875,4318.625,3585,3583.65,4816.5,5087.125
3991,4312.5,4773,4044.312,4321.812,3608.923,3558.5,4724.125,5158.5
3983.85,4346.75,4758.333,4059.25,4340.75,3611.654,3558.5,4850.75,5209.25
3993.7,4337.583,4744.25,4050.062,4312.875,3611.346,3576.65,4776.375,5362.25
4005.5,4320,4740.917,4051.75,4294.188,3600.654,3576.7,4865.125,5295.125
3968.95,4337.75,4733.75,4051,4317.375,3598.731,3556.4,4803.25,5229.25
4006.5,4385.833,4764.333,4058.062,4301.062,3579.692,3569.1,4810.5,5214.625
4008.95,4346.5,4723,4056.062,4296.438,3589.577,3568.2,4791.75,5142.5
3959.55,4337.833,4752.833,4072.062,4336.312,3611.615,3592.2,4811.5,5156.375
4008.25,4348.333,4770.917,4053.562,4317.688,3605.769,3583.7,4873.875,5165.875
4011.45,4340.75,4732.917,4060.875,4347.375,3623.154,3561.75,4838.875,5173.375
3996.7,4341.833,4706.833,4022.438,4315.625,3587.654,3546.4,4831.75,5387.625
3993.2,4372.583,4770.75,4036.875,4327.312,3605.885,3549.9,4794.25,5392.875
4010.65,4345.25,4722.917,4052.812,4339.812,3596.923,3570.4,4851.25,5267.375
3987.1,4286.083,4747.583,4063.25,4350.812,3594.039,3559.35,4774,5133.125
3993.2,4278.5,4767.833,4043.688,4310.625,3575.039,3579.25,4825.25,5081.5
3967.3,4340.333,4774.417,4050,4298.688,3592.269,3599.4,4853.25,5154.875
3957,4342.083,4714.083,4048.625,4298.375,3603.654,3562.7,4795.125,5103.375
4013,4337.167,4750,4037.938,4337.5,3606.115,3551.1,4826.625,5068.875
3974.9,4328.083,4742,4021.812,4305.812,3580.154,3586.4,4802.375,5044.375
4041.35,4321.5,4763.5,4037.062,4332.562,3583.269,3572.8,4827.875,5029.25
3998.1,4351.5,4778.083,4038.562,4375,3581,3561.15,4854,5001.625
3994.55,4330.167,4736.417,4048.625,4320.375,3610.077,3588.35,4851,5062.625
3982.1,4346.833,4752.25,4027.438,4299.938,3592.077,3538.4,4823.125,5052
3987.85,4382.417,4761,4031.812,4296.5,3556,3577.8,4835.125,5052.625
3979.1,4328.833,4774.5,4033.125,4296.438,3595.269,3571.6,4833.75,5016
4002.75,4338.583,4739.417,4028.188,4319.062,3590.423,3582.7,4879.875,5025.625
3977.45,4340.083,4733.25,4033.125,4345.938,3574.539,3547.65,4878.875,5016
3982.45,4334.333,4768.417,4041.688,4350.312,3572.231,3565.65,4850.125,4990.625
4002.5,4319.917,4754,4011.5,4342.5,3593.808,3551.4,4880.625,5007.875
4012.1,4398.333,4777,4014.312,4325.438,3568.423,3576.35,4928.25,5024.25
3963.5,4352.75,4733.083,4022.125,4345.5,3581.154,3559.7,4952.75,5031.25
3990.8,4323.167,4732.667,4041,4342.125,3578.461,3604.05,4863.375,5051
3969.45,4271.167,4708.25,4003.5,4371.375,3595.115,3532.1,4877.25,5044.875
3976.35,4349.25,4761.833,4031.562,4311.812,3550.308,3559.75,4866.5,4988.125
3974.4,4369.917,4759.5,4035.562,4334.75,3598.923,3564.65,4921.25,5006.125
3968.25,4333.917,4750.333,4029.5,4303.312,3547.423,3563.1,4849.875,5016.875
3986.95,4322.917,4769.25,4030.062,4285.188,3588.154,3554,4869.875,4967
3998.7,4332.583,4768.333,4023.438,4314.375,3576.961,3564.65,4848.75,4993.625
4023.15,4346.5,4744.25,4032.938,4322.312,3578.692,3571.8,4903.75,5011.125
3990.65,4315.417,4752.917,4044.062,4337.25,3560.115,3557.6,4817.875,5001.5
4004.45,4350.167,4750.583,4046.188,4351.438,3592.846,3562.25,4816.5,4952.75
3990.5,4346.917,4773.5,4019.438,4319.75,3599.308,3567.65,4837.25,5031
4001.7,4300.167,4740.583,4022,4300.688,3572.308,3565.95,4828,5042
4013.2,4340.333,4762.667,4031.688,4379.125,3592.077,3586.15,4842.375,5093.875
4000.35,4322,4719.667,4040.75,4365.938,3580.654,3565.95,4858.625,5143.625
3992.5,4306.75,4702.083,4009.562,4341.5,3574.577,3557.7,4837.125,5112.25
4005.95,4294.417,4723.333,4026.312,4352.625,3582.961,3584.1,4812,5072.5
4029.5,4322.583,4693.25,4021.375,4301.5,3553.577,3561.3,4874.75,5051.375
3991.1,4332.5,4734.5,4019.562,4357.062,3573.115,3536.95,4910.25,5017.25
3975.65,4366.833,4711.167,4033,4352.5,3596.115,3564.65,4876,4978.25
3958.7,4290.25,4734.917,3994.188,4312.75,3556.231,3572.6,4796.375,5009.625
3993.85,4334.333,4743.583,4029.812,4359.438,3584.731,3562.5,4840.75,4982.875
4000.2,4303.833,4753.667,3992.125,4310.125,3574.385,3571.05,4840.25,4940
3996.5,4312.417,4794.167,4017.938,4327.125,3564.461,3551.2,4822,4935.375
3995.05,4290.583,4722.333,4048.75,4374.688,3553.808,3565.45,4814,4990.375
3993.2,4339,4736.083,4029.125,4341.75,3557.192,3561.15,4862.25,4996.625
3983.65,4345.083,4752.167,4026.875,4327.312,3591.808,3548.9,4843,4994
3982.65,4285.417,4701.833,4015.625,4349.312,3568.269,3557.3,4853,5073
4001.05,4343.833,4731.833,4023.938,4314.688,3561.385,3579.95,4829.75,5032.125
4028.25,4322.417,4706.833,3977.875,4315.438,3574.731,3564.05,4798.875,4966.5
4000.15,4324.083,4717.333,4031.938,4343.188,3558.346,3543.8,4807.875,4996.875
3996.7,4330.417,4719.5,3994.25,4349.312,3556.615,3568.8,4782.75,4985.375
3996.95,4303.667,4776.083,4023.688,4293.125,3553.077,3578.9,4859.375,5065.875
3987.55,4316.083,4730.5,3996.438,4331,3551.385,3553.2,4845.5,4933.625
4010.6,4326.833,4677.25,4033.938,4294.812,3571.154,3559,4850.625,5020.25
3991.8,4328.417,4750.417,4008.375,4304.062,3560.192,3560.25,4868.375,5017.5
3975.45,4333,4740.333,4017.438,4329.438,3569.385,3569.55,4836,4961.75
3989.25,4299.083,4705.083,3958.812,4341.688,3554.346,3543.65,4904.75,4932.125
3988.75,4313.75,4730.417,4013.125,4325.438,3564.808,3553.95,4858.125,5000.75
4004.85,4356.417,4749.333,4001.312,4331.062,3570,3551.9,4807.125,4981.875
3981.05,4284.75,4730.5,4039.562,4299.875,3539.269,3560.15,4858,4964.75
3994.3,4273.583,4694.833,3999.375,4340,3532.385,3558.9,4849.75,4940.875
3986.75,4334,4692.75,3982.875,4340.188,3535.615,3548.75,4864.875,4929.25
3985.35,4312.833,4758.667,4017.375,4299.188,3534.461,3560.2,4857.125,4939.625
3983.85,4285.083,4724.833,3994.875,4353.375,3556.423,3554.7,4841,4925.625
3991.95,4313.917,4739.583,4009.75,4314.812,3547.385,3556.7,4826.375,4916.125
3991.8,4303,4706.25,4002.375,4319.125,3547.539,3549.45,4837.375,4867.625
3999.8,4328,4753.583,3984.312,4337.688,3564.154,3542.05,4818.875,4925.375
4013.5,4296.417,4739.5,4036.5,4308.188,3551.231,3579.4,4885,4895.25
3996.85,4284.917,4668.833,4016.062,4315.375,3545.423,3562.5,4810.125,4915.75
3979.6,4301.083,4699.667,4022.438,4312.625,3567.077,3537.95,4868.25,4894.5
4010.3,4323.833,4726.667,4015.25,4338.062,3554.385,3544.85,4816.5,5068
3984.6,4299.083,4718.833,4041.562,4328.688,3532.885,3548.6,4842.875,4996.75
4002.85,4295.083,4729.583,4010.188,4325.188,3561.154,3553.05,4890.125,4958.125
4008.35,4329.417,4690.917,4015.312,4299,3545.539,3534.05,4810.125,5018
3991.95,4295.333,4675.917,3990.375,4358.938,3555.692,3528.95,4843.75,4959.375
3982.3,4275.417,4695,4012.188,4349.375,3560.692,3533.25,4787.75,4947.875
3984.8,4335.917,4704.75,3997.5,4340.125,3564.654,3570.4,4873.75,4918.875
3999.45,4334.083,4741.083,4015.875,4348.812,3576.923,3572.95,4830.75,4931.5
4004.1,4300.25,4697.5,4030.438,4351.688,3558.077,3529.5,4862.625,4865.5
3996.05,4337.083,4674.5,4006.188,4319.25,3553.5,3559.55,4868,4863.75
3968.55,4258.667,4658.583,3978.312,4312.938,3559.577,3578.2,4860.125,4847.375
4008,4294.25,4731.083,4013.438,4328.75,3560.731,3566.95,4826.75,4810.75
3911.05,4319.167,4652,3994.438,4291.75,3536.039,3561.2,4863.5,4904
3976.25,4351,4705.5,3990.562,4300.75,3560.923,3557.05,4825.25,4901.75
4013.2,4297.75,4703.917,3989.25,4309.75,3555.539,3581.2,4806.75,4965
3977.85,4310.5,4719.5,3988.438,4297.875,3529.231,3521.7,4822.5,4923.125
3987.25,4282.917,4714.083,3999.125,4337.812,3531.808,3543.05,4810.5,4840
3961.65,4290.917,4692.333,3949.625,4307.438,3542.269,3544.25,4831.5,4815.375
3975.4,4276.167,4670.25,4005,4333.562,3533.923,3531.9,4882.25,4835
3993.2,4314.167,4734,3977.562,4310.25,3535,3549.4,4878.125,4805.25
3985.15,4282.333,4670.25,4008.812,4335.188,3547.577,3560.65,4826.5,4823.625
3954.2,4295.5,4669.667,3987.312,4346.375,3562.808,3520.1,4764.5,4910.125
3977.4,4305.25,4675.917,3985.25,4317.188,3534.615,3533.55,4814.75,4867.875
3994.65,4346.25,4682.583,3991.938,4313.062,3547.5,3553.35,4781.5,4752.25
3930.9,4286.167,4733.417,3962.438,4341,3570.885,3533.75,4808.625,4780.25
3984.55,4310.083,4667.417,4019.75,4307.812,3560.423,3538.35,4773.625,4796.75
3965.95,4298.25,4704.5,3970.938,4306.062,3545.423,3544.4,4765.125,4708.625
3966.5,4334.167,4671.083,3988.312,4327.438,3550.115,3545.2,4721,4703.75
3983.75,4296.583,4708.083,4003.438,4361.875,3549.269,3558.1,4770.125,4710.125
3976.1,4307.667,4685.167,3992.375,4313.875,3531.231,3528.45,4825.25,4751.75
3964.45,4294,4728.167,3947.25,4290.562,3558.539,3522.05,4814.625,4764
3971.1,4316.583,4697.5,3998.562,4307.375,3543,3506.35,4819.625,4849.5
3993.8,4284.667,4664.417,3969,4312.625,3569.154,3553.4,4786.875,4735.625
3964.2,4287.667,4663.833,3950,4309.375,3552.577,3554.75,4817.5,4710.625
3965.8,4329.083,4639.833,3966.062,4342.812,3552.154,3554.45,4758.125,4716
3961.35,4285.667,4661,3998.875,4312.562,3557.039,3530.4,4788,4781.375
3968.6,4318,4660.75,3991.812,4328.625,3552.654,3541.65,4809.375,4807.75
3954.1,4264.583,4652.417,3981.188,4300.5,3566.192,3522.85,4753.25,4831.125
3948.7,4288.25,4687.167,4003,4299.562,3542.385,3561.95,4813.125,4781.875
3947.1,4269.417,4635.583,3979.438,4328.312,3549.808,3534.6,4808.25,4849.5
3979.3,4259.333,4690.833,3998.5,4343.625,3566.808,3544.55,4778,4824.125
3971.2,4308.167,4721.583,4013.188,4352.562,3526.615,3534.9,4770.125,4809.125
3961.75,4290.75,4639.917,3982.875,4312.188,3528.423,3519.1,4746,4757.75
3980.3,4306.417,4655.833,3977.875,4308.125,3537.269,3534.3,4839.5,4773.75
3919.75,4302.833,4685.917,3945.375,4330.625,3552.5,3539,4788.625,4797.875
3951.6,4300.5,4682.917,3951.688,4325.562,3525.077,3544,4761.75,4803.75
3932.35,4298.25,4660.333,3958.062,4305.938,3530.808,3543.1,4816.875,4876.75
3938.2,4284.917,4663.083,3984,4328.125,3548.615,3551.85,4795.625,4976.375
3962.45,4275.917,4627.417,3954.312,4327.875,3556.308,3527.4,4799.625,4975.625
3948.45,4227.583,4675,4015.938,4270.625,3531.231,3514.95,4815.625,4904.75
3959.2,4306.5,4669.25,3978.438,4317.25,3535.885,3537.5,4814.875,4804.875
3946.65,4296.5,4657.75,3964.062,4269.938,3536.039,3536.55,4857.875,4785.375
3961.9,4290.583,4666.75,3949.688,4299.125,3541.039,3530.3,4802.25,4785.75
3948.75,4295.083,4668.75,3972.875,4302.75,3565.308,3539.65,4793.25,4838.5
3965.4,4257.083,4638.833,3954.812,4330.062,3553.731,3535.15,4785.375,4874.625
3961.7,4346.667,4635.5,3954.5,4275.562,3541,3538.9,4803.875,4820.625
3996.75,4294.917,4651.167,3949.125,4310.062,3552.192,3537.3,4756.625,4850.625
3958.9,4322.833,4622.5,3951.75,4311.812,3548.539,3522.9,4788.125,4740.125
3986.25,4271.25,4667.167,3994.812,4317.5,3538.346,3544.85,4801.125,4754.25
3944.3,4250.167,4667.25,3980.812,4257.125,3547.692,3539.15,4780.875,4789
3937.15,4284.75,4690.667,3942.75,4272.312,3543.692,3541.15,4803.5,4758.375
3974.7,4230.583,4633.25,3935.562,4274.625,3556.269,3515.15,4847.625,4714.75
3938.85,4306.083,4645.5,3950.562,4285.312,3555.423,3506.35,4813,4713.75
3942.8,4271.167,4679.167,3971.062,4312.625,3527.461,3551.95,4759.125,4774.75
3953.05,4288.5,4677.25,3965.25,4312.25,3531.461,3540,4743.125,4734.5
3950.4,4276.333,4674.833,3967.5,4271.75,3536.808,3510.7,4808.5,4700
3951.4,4278.5,4652.75,3964.25,4253.125,3549.615,3514.15,4779.5,4741.375
3971.1,4272.5,4650,3926.938,4341.125,3520.577,3531.45,4807.25,4698.25
3966.95,4293.083,4656.417,3984.75,4282.375,3543.577,3529.85,4772.875,4681.5
3965,4285.083,4657.833,3961,4254.312,3559.5,3525.15,4798.25,4738.375
3966,4225.917,4686.417,3961.938,4285.688,3516.885,3555.95,4752.75,4769.125
3920.75,4256.75,4660.5,3946.688,4285.188,3542.346,3510.65,4783.875,4840.375
3944.75,4266.667,4639.333,3944.125,4268.875,3527.923,3538,4783.75,4736.75
3940.9,4257.25,4679,3960.25,4288.938,3511.154,3537.35,4801.625,4626
3955.15,4259.25,4651.5,3930.938,4220.75,3555.346,3535.2,4758.625,4695.75
3965.1,4256.417,4628.583,3937.875,4288.812,3525.192,3515.25,4780.375,4726.25
3954.2,4246.167,4666.333,3933.125,4250.688,3545.539,3523.75,4764.875,4722.25
3946.9,4258.667,4659.333,3966.875,4316.812,3552.539,3522.1,4833.625,4758.125
3938.95,4288.083,4652.75,3974.438,4262.812,3534.154,3522.75,4764.25,4721.25
3943.55,4276.417,4702.667,3975.875,4273,3539.577,3520.05,4758.125,4701.375
3976.5,4266.5,4639.5,3939.688,4252.25,3554.154,3531.4,4759.125,4686.125
3979.25,4279.583,4681.75,3972.812,4264.938,3519.269,3521,4787.125,4596.625
3981.65,4285.667,4671.167,3948.625,4293.375,3547.808,3506.8,4738.375,4635.25
3944.45,4214.833,4694.667,3965.375,4273.125,3536.461,3515.7,4789,4571.25
3944.2,4294.917,4657.083,3953.812,4242,3568.769,3520.2,4794.5,4572.625
3921.2,4269.333,4694.25,3973.812,4231.25,3555.5,3516.25,4779.125,4532
3960.5,4242.417,4672.667,3946,4273.188,3539.423,3506.85,4803.25,4589.25
3931.6,4261.833,4622.75,3958.188,4273.625,3519.808,3528.45,4809.625,4654.875
3918.55,4275.333,4595.583,3919.375,4269,3541.961,3544.15,4834,4649.75
3921.65,4247.167,4647.667,3942.5,4280.75,3545.192,3513.15,4820.625,4617.5
3938.45,4272.583,4660.5,3967.688,4279.125,3555.539,3515.15,4794.875,4764.75
3939.85,4274.667,4632.833,3910.438,4258.562,3535.269,3522.75,4789.375,4673
3929.75,4257.5,4616.75,3941.75,4285,3543,3491.6,4731,4553.25
3948.95,4232.167,4673.667,3969.188,4248.25,3549.769,3515.05,4795.75,4608.25
3945.8,4253.833,4679.75,3960.062,4229.562,3551.039,3505.85,4752.25,4594.5
3931.3,4280.917,4621.667,3966.812,4212.062,3550.654,3529.35,4771.625,4557.5
3902.15,4260.75,4667.583,3928.75,4275.375,3549.5,3541.05,4768.75,4521.375
3941.45,4280.917,4652.25,3933.375,4260.625,3522.692,3503.1,4751,4534.5
3946.4,4282.833,4683.167,3947.5,4215.938,3539.5,3497.6,4736.5,4504
3940.05,4272.75,4702.833,3945.812,4255.062,3535.846,3532.25,4722.75,4578.25
3933,4237.833,4625.667,3948.438,4284.75,3510,3548.4,4740.125,4609.375
3934,4256.75,4658.583,3925.25,4242.062,3538.385,3512.75,4772.75,4655
3943.3,4241.417,4612.75,3935,4265.062,3523.846,3529.35,4807.75,4620
3907.3,4228.083,4602.667,3924.438,4256.5,3541.5,3497.55,4792.375,4561.75
3935.9,4205.417,4671.833,3935,4245.125,3515.961,3527.85,4732,4540
3936.15,4270.25,4639.333,3918.562,4273.312,3523.808,3519.65,4769.375,4531.375
3921.2,4283.333,4625.083,3892.938,4236.375,3545.654,3526.3,4736.875,4540.875
3948.9,4224.25,4668.25,3962.938,4309.938,3537.269,3493.45,4717.375,4546.125
3938.05,4258.083,4634.083,3933.125,4278.125,3538.961,3542.55,4764.25,4635.875
3930.75,4280.083,4706.917,3902.875,4254.625,3542,3548.4,4757.25,4620.125
3927.6,4246,4685.833,3941.188,4236.688,3531.808,3536.6,4795.125,4606.125
3940.8,4256.917,4679.583,3946.875,4272.5,3553.115,3552.1,4723.625,4552.375
3914.55,4241.167,4659.583,3921.25,4260.188,3533.154,3509.65,4851,4555
3951.75,4235.583,4648.417,3929.188,4259,3539.692,3519.75,4714.5,4610
3935.2,4234.333,4615.583,3958,4247.688,3566.577,3497.3,4719.125,4474.5
3918.05,4264.25,4649,3927.625,4238.375,3541.5,3528.75,4797.25,4498.875
3916.7,4217.667,4651.583,3944.875,4222.812,3514.423,3531.8,4824,4501.875
3903.35,4223.333,4671.167,3936.125,4270.812,3540.461,3526.75,4761,4552
3927.3,4244.333,4613.75,3902.312,4257.125,3567.615,3521.9,4775.75,4481.5
3928.9,4224.5,4633.167,3946.312,4250.188,3571.039,3543.85,4783.375,4479
3926.75,4291.667,4666.833,3931.062,4231.375,3546,3509.6,4780,4506.875
3946.45,4222.583,4648.083,3950.125,4234.938,3535.539,3522.45,5480.375,4626.5
4233.85,4185.167,4620.583,4323.125,4250.312,3556.615,3521.4,7061.5,4663.75
4437.4,4265.667,4645.583,4480.375,4246.062,3552.385,3510.6,7852.375,4864.375
4963.8,4279.75,4644.583,4917.688,4221.312,3529.231,3493.8,8859.5,4802.375
5149.25,4412.417,4656.833,5087.5,4245.75,3535.923,3566.95,9476.5,4847.5
5100.35,4381.667,4664.167,5152.562,4216.25,3536,3514,9548.875,4861.375
5440.25,4490,4616.083,5506.625,4208.562,3545.269,3525.65,10102.125,4897.75
5618.2,4940.583,4642.917,5917.25,4198.438,3531.077,3660.95,10541.5,4983.375
5378.55,4883.667,4641.25,5783.375,4216.062,3549.846,3648.9,10034.75,4959.75
5828.75,5186.75,4615.417,6361.75,4215.312,3535.231,3868.2,10506.875,5038
7476.45,6018.5,4650.75,8007.062,4241.812,3872.654,4850.05,11993.5,5611.625
8466.8,6079.167,4654,8719.375,4231.688,4267.961,5475.15,12408.5,5794.5
8019.6,5904.417,4655.75,8361.688,4234.438,4211,5499.6,11973.5,5791.375
7651.15,5673.75,4612.333,7980.75,4243.062,4161.923,5475.6,11417.125,5737.625
7196.55,5453.917,4618.417,7511.438,4223.5,4091.5,5408.1,11013.625,5637.5
7002.55,5276.417,4652.833,7223.438,4244.812,4070.654,5299.4,10641.75,5642
7153.3,5310,4627.417,7340.125,4242.812,4201.539,5487.45,11294.375,5687.75
8538.4,5876.5,4617.5,8314.25,4467.25,4952.846,5959.3,12862.25,6309.625
10595.65,6643.333,4670.917,9787.375,6074.5,5817.192,6582.05,14991.125,6976.625
11292.15,6694.667,4691.667,10551.562,7161.75,6383.577,6912.75,15957.75,7081.875
10592.55,6410.5,4657.25,10223.5,6909.625,6293.808,6788.95,15195.5,6919.25
10633.3,6619.333,4626.333,10204.875,7191.25,6633.769,6801.15,15457.875,7248.125
11665.4,7285.083,5408.583,11061.812,8125.562,7563.692,7372.35,17286.125,7870.375
11592.8,7349.167,5620.417,11545.375,8715.938,8358.538,7719.65,17775.375,7942.25
10855.75,7059.167,5504.5,11013.875,8400.312,8459.192,7627.1,17067.625,7823.625
10216.75,6751.667,5421.417,10471.375,8144.312,8292.5,7444,16274.125,7662.25
9652.8,6545,5317.583,9888.562,7869.688,8038.115,7295,15730.875,7728.375
9032.75,6257.667,5296.917,9288.562,7574.625,7736.308,7013.7,15109.5,7297.375
8547.35,6090.083,5189.583,8769.062,7330.812,7463.577,6839.85,14842.5,7259.375
8277.65,5919.583,5221.333,8475.812,7207.438,7251.192,6663.35,14929.625,7201.25
7915.5,5745.167,5189.167,8153.312,7034.25,7089.577,6546.15,14687.75,7215.5
7596.8,5617,5067.583,7768.812,6805.875,6923.577,6359.45,14290.875,6987.875
7246.9,5492,5011.75,7447,6693.5,6676.346,6276.5,13870,6875.125
7013.7,5369.583,4962.833,7191.688,6531.812,6529.846,6162.75,13940.625,6847.75
7260,5580.5,4954.25,7380.938,6370.312,6458.615,6039.35,15049.5,6851.625
7513.05,5783.167,4923.75,7647.875,6316.75,6506.577,6273.4,16123.5,7257.625
7248.1,5661.75,4909.917,7434.812,6203.75,6366.808,6182.7,15715.5,7080.25
6939.6,5503.833,4856.75,7122.562,6073.25,6206.692,6038,15147.75,6993.25
7010.2,5534.75,4850.333,7167.938,5927.125,6059.769,6005.3,15146.375,7027.75
7104.8,5720.75,4823.333,7172.688,5882.688,6032.731,6084.05,15553.125,7043.125
7201.4,5757.583,4829.833,7489.5,5772.625,6102.769,6284,15997.125,6956.125
7952.2,6182.333,4788.417,8032.688,6081.938,6364.423,6753.45,17330.625,7187.125
8058.15,6287.917,4809.417,8136.188,6162,6576.577,6797.8,17761.5,7326.5
7680.1,6157.917,4760.667,7877.562,6011.375,6485.577,6683.7,17218.5,7188.75
7435.8,6018.083,4782,7537.688,5909.75,6313.385,6553.4,16529.75,7048.875
7718.05,6135.333,4751.583,7636.188,5802.188,6277.615,6577.15,16927.125,7104.125
8333.9,6488.25,4737.833,8097.438,6036.75,6407.154,6902.7,17864.375,7455.125
8176.35,6537,4686.417,7991.875,5929.125,6440.846,6969.55,17653,7404.5
7808.95,6299.417,4729.333,7741.625,5913.312,6314.692,6831.6,17282.25,7287.125
7415.9,6076.75,4705.833,7439,5797.938,6143.961,6665.45,16645.125,7171.375
7168.3,5814.083,4701.667,7042.25,5675.125,6009.308,6508.15,15938.875,7188.625
6930.35,5759,4686.75,6863.375,5565.062,5836.154,6389.7,15749.375,7117.125
6810.7,5577.333,4678.833,6729.25,5516.25,5731.385,6267.3,15598.875,7025.375
7005.4,5618.583,4687.667,6801.938,5388.562,5626.308,6160.15,16117.125,7140.375
7277.7,5717.167,4674.917,7066.375,5331,5619.654,6088.25,16729.25,7086.875
6980.25,5626.167,4649.167,6897.188,5262.812,5510.5,5977.5,16295.875,6890.75
6792.25,5475.667,4649.667,6673.062,5134.688,5384.731,5818.7,15799.875,6832.375
6508.5,5321,4648.583,6469.312,5118.375,5295.923,5738.3,15253.5,6677.375
6318.5,5154.083,4667.083,6270.375,5126.25,5225.346,5626.8,14916.375,6629
6104.95,5106.083,4665.75,6089.625,5024.812,5178.923,5576.9,14559.875,6593.25
6010.6,5039.417,4635.25,5934.625,4987.062,5053.039,5466.15,14250.75,6508.375
5869.7,4963.667,4687.417,5904.188,4913.062,5010.308,5389.95,13973,6426
5754.5,4926.583,4655.667,5725.375,4921.062,4927.654,5329.55,13569.625,6322.25
5639.8,4858.083,4632,5590.938,4863.562,4873.346,5258.55,13493.25,6256.25
5518.7,4794.583,4631.583,5558.375,4852.625,4850.885,5134.85,13217.625,6126.5
5460.95,4757.833,4626.833,5497.25,4801.5,4755.692,5107.4,13099.125,6024.875
5370.65,4721.083,4605.083,5391.312,4782.875,4739.692,5039.05,12861.125,6041.125
5275.85,4718.417,4611.083,5345.812,4761,4685.961,4950.15,12601.25,5940.375
5210.2,4665.25,4644.833,5284.938,4735.062,4636.885,4918.2,12446.75,5900.25
5171.25,4599.75,4626.083,5246,4637.125,4579.885,4842.95,12166.875,5769.625
5108.9,4630.5,4630.167,5171.312,4673.875,4566.654,4792.4,12032.75,5726.375
5038.25,4583.75,4577.083,5141.625,4660.5,4518.615,4691.15,11841.375,5626.25
5020.15,4580.083,4602.917,5076.188,4633.938,4488.654,4642.45,11641.875,5841.5
4979.6,4544,4614.333,5077.188,4636.312,4481.923,4598.25,11637.75,5749.625
4932.75,4575.167,4610.5,5036.812,4568.125,4441.308,4561.25,11486.875,5625.625
4881.15,4519.75,4591.417,4950.5,4609.938,4395.923,4486,11400.75,5578.125
4863.45,4511.917,4610.417,4992,4559.312,4400.077,4476,11263.875,5510.875
4835.35,4491.083,4595.333,4910.25,4577.062,4376.039,4438.45,11169.5,5542.125
4754.9,4524.083,4624.667,4883.062,4584.375,4332.115,4429.9,11123,5497.75
4738.85,4496.75,4607.833,4876.312,4568.562,4341.039,4358.05,10925.375,5471.75
4713.2,4454.167,4623.833,4872.5,4520.375,4335.539,4343.25,10779.75,5420.75
4718.5,4530.417,4589.417,4771.562,4567.562,4311.308,4300.95,10789.125,5420.75
4673.7,4488.083,4602.333,4794.688,4561.5,4303.961,4307.45,10656,5434.75
4651.3,4483.333,4591.833,4760.062,4503.375,4275.539,4236.4,10612.625,5358.5
4619.35,4494.083,4561.25,4743.75,4513.75,4243.269,4205.15,10503.625,5379
4688.4,4438.917,4578.75,4676.375,4515.125,4243.461,4190.7,10531.625,5375.375
4637.45,4442.833,4564.25,4680.312,4539.062,4217.731,4155.6,10345.375,5301.25
4595.95,4471.333,4582.667,4656.562,4517.812,4193.269,4139.35,10222.75,5423.625
4585.7,4469.25,4601.75,4658.5,4498.688,4193.269,4117,10100.875,5309
4541.1,4436.333,4602.417,4657.188,4476.25,4182.115,4076.85,10061.75,5179.5
4523.75,4425.5,4617.667,4623.125,4503.5,4170.692,4088.1,10024,5213.25
4533.7,4436.167,4591.083,4598.75,4475.375,4126.461,4054.9,9793,5189.75
4522,4434.333,4606.25,4653.938,4487.688,4170.154,4057.95,9749,5184.375
4559.75,4456.75,4590,4639.5,4491.875,4133.231,4043.75,9624.375,5194.25
4560.65,4456.75,4621,4598.312,4440.562,4110.039,3992.75,9549.625,5225.375
4510.05,4393,4618.5,4597.375,4483.938,4101.346,3995,9527.625,5136.25
4493.6,4396.667,4548.083,4572.312,4474.25,4088.961,3946.45,9565.875,5102
4509.75,4360.167,4557.833,4563.875,4417.375,4066.039,3952.55,9443.375,5142.25
4510.85,4369.083,4632.417,4569.875,4440.312,4064.039,3923.25,9365.375,5056.25
4496.9,4386.333,4565.667,4562.375,4404.438,4056.539,3923.35,9258.75,4946.125
4475.95,4379.5,4609.667,4517.125,4422.312,4032.654,3912.65,9197,4959.25
4446.75,4378.583,4585.167,4515.625,4419.938,4057.769,3887.1,9085.75,4975.75
4453.25,4309.667,4583.333,4512.438,4449.375,4030.539,3869.1,8904.125,4949.25
4425.6,4382.75,4581.583,4533.125,4431.938,4008.269,3897.75,8886.75,4953.75
4380.35,4378.25,4556.333,4493.938,4401.938,4008.808,3856.25,8790.625,5094.125
4372,4362.083,4609.833,4512.438,4400.375,4017.461,3861.45,8645.125,5011.125
4368.4,4439.583,4606.167,4465.688,4416.625,4007.539,3835.05,8672.875,5013.25
4394.9,4397.583,4581.5,4439.75,4341.938,3974.269,3852.85,8509,4996.25
4349.45,4332.083,4579.417,4394.812,4361.375,3967.154,3831.05,8450.875,5015.25
4342.15,4384.167,4601.417,4384.562,4383.375,3984.923,3859.6,8300.625,5003.125
4335.05,4379.583,4604.167,4384.812,4359.5,3971.039,3837.15,8278.875,4918.125
4341.65,4352.167,4596.833,4398.938,4336.562,3946.961,3818.25,8322.625,4909.125
4342.55,4364.417,4576.333,4386.125,4344.938,3959.692,3808.7,8191.125,4918.875
4351.25,4332.5,4557.167,4357,4406.188,3953.385,3792.35,8123.625,4916.75
4314,4386.333,4570.417,4364.875,4349.75,3971.461,3816.65,8008.625,4923.125
4354.4,4365.417,4586.25,4328.875,4363.812,3966.923,3784.05,8046.5,4890.5
4303.6,4325.167,4596.167,4323.25,4345.5,3945.077,3845.95,7917.5,4807.75
4270.55,4337.917,4544.917,4291.938,4343.5,3947.231,3777.55,7854.875,4765.375
4281.5,4355.25,4520.5,4335.938,4361.188,3955.846,3796.3,7751.375,4752.75
4287.25,4322.75,4589.667,4306.875,4352.312,3941.192,3786.15,7637.125,4748.25
4222.15,4371.5,4559.583,4284.688,4364.312,3947.539,3799.45,7581.375,4734.5
4246.9,4344.083,4596.167,4293.25,4344.688,3924.846,3786.4,7518.625,4709.125
4225.05,4311.833,4566.333,4310.875,4350.062,3910.577,3763.8,7560.5,4694.125
4238.55,4343.5,4538.083,4301.688,4374.812,3907.423,3752.95,7490.375,4709
4207.8,4294.083,4549,4292.625,4342.25,3888.5,3751.4,7527,4697.375
4218.8,4306.5,4583.25,4261.812,4324.312,3896.539,3753.4,7356,4700.125
4182.85,4337.583,4544.75,4264.438,4359.562,3867,3749.2,7318.75,4728.5
4195.25,4308.083,4567,4264.75,4360.5,3878.731,3747.35,7231.875,4724.375
4202.9,4319.5,4575.917,4298.188,4311.125,3888.769,3756.4,7146.875,4704.75
4198.25,4301.917,4507.25,4256.625,4342.312,3864.461,3755.4,7094.875,4631.125
4207.1,4290.417,4571.667,4217.062,4332.812,3835.385,3743.6,7135.625,4575.75
4170.5,4312.667,4592.083,4235.938,4303.125,3875.731,3711.05,6899.875,4619.25
4188.85,4276.917,4512.25,4268.938,4288.062,3865.231,3738.15,6873.375,4574.5
4189.75,4287.667,4594.333,4251.812,4342.438,3846.731,3714.95,6832.25,4610.5
4149.35,4271,4558.083,4224.312,4315.375,3844.769,3699.8,6900.375,4571.375
4185.35,4278.083,4587,4253.5,4305.562,3843.731,3692.45,6779.25,4563.375
4167.2,4298,4596.083,4207.312,4258.875,3830.346,3718.5,6778.875,4503.125
4161.85,4327.583,4565.917,4219.625,4272.25,3866.231,3684.65,6787.75,4557
4170.25,4295.5,4579.917,4172,4317.188,3807.385,3693,6714.75,4581.375
4150.05,4329.667,4566.833,4154.25,4271.75,3831.461,3669.4,6629.25,4484.625
4131.45,4300,4545.5,4189.938,4298.438,3826.346,3701.35,6724.125,4508.75
4154.75,4294.833,4516.833,4151.75,4279.625,3804.577,3689.7,6725.375,4443.625
4146.75,4284.5,4537.833,4136.812,4262.938,3818.539,3716.25,6536.125,4480
4112.2,4274.667,4512.667,4155.375,4298.75,3815.308,3696.1,6457.625,4502.5
4129.55,4295.25,4532.667,4128.438,4267.375,3828.577,3686.7,6398.375,4466.875
4103.85,4275,4566.5,4128.875,4224.25,3810.461,3679.4,6402.625,4476.625
4136.35,4276.417,4566.917,4144.688,4269.875,3825.385,3671.15,6330.125,4464.125
4134.05,4262.25,4486.083,4109.188,4223.438,3784.539,3669.9,6283.5,4513
4147.35,4263.333,4603.833,4122.125,4260.125,3772.654,3706.15,6278,4493.25
4152.85,4268.917,4572.333,4146.438,4274.375,3805.385,3703,6275.75,4544.25
4134.3,4291.417,4542.167,4124.562,4273.938,3799.539,3671.8,6200.625,4485.25
4134.95,4263.083,4558.833,4089.812,4242.062,3767.885,3698.9,6119.625,4603.5
4143,4264.25,4599.333,4091.25,4234.438,3802.808,3678.85,6120.375,4603.625
4100.1,4305.25,4528.5,4104.438,4285.562,3783.961,3674.5,6048.5,4595.375
4083.85,4242.417,4512.833,4088.562,4249.062,3763.346,3659.7,6047.625,4456.625
4101.75,4259.583,4551.833,4089.125,4236.625,3763.039,3666.8,5939.25,4454.875
4108.55,4269.833,4545.333,4101.562,4213.75,3781.923,3656.6,5949.625,4401.375
4085.45,4241.167,4579.25,4067.688,4237.125,3789.077,3639.45,5903.625,4382.875
4114.05,4288.583,4527.75,4075.125,4233.375,3773,3649.2,5839.75,4339.5
4072.25,4230,4503.917,4097.688,4226.562,3755.731,3628.8,5826.875,4391
4067.15,4264.75,4491.167,4070.25,4190.25,3746.231,3636.3,5789.875,4427
4045.4,4289.667,4557.167,4063.438,4196,3745.615,3674.2,5770.5,4380.625
4058.5,4264.583,4551.833,4078,4219.312,3739.769,3629.1,5682.125,4449.625
4070.65,4262.75,4541.583,4095.375,4206.188,3738.039,3650.8,5660,4394.875
4065.45,4224.25,4531.167,4072.062,4210.125,3760.577,3627.05,5786.25,4430.25
4042.95,4295.167,4516,4067.375,4208.312,3748.192,3625.75,5743.625,4474
4067.35,4281.917,4495.583,4069.5,4217.625,3751.039,3654.9,5663.125,4374.5
4066.45,4238.167,4524.25,4027.625,4197.75,3738.961,3663.8,5599.5,4326.875
4082.4,4263.25,4513.75,4046.625,4213.188,3735.808,3651.45,5532.5,4402.5
4048.7,4236.917,4548,4062.375,4207.938,3715.731,3617,5608.375,4356.75
4046.55,4232.25,4526.917,4037.75,4162.438,3737.039,3602.15,5486,4358
4071.65,4245.333,4491.083,3989.875,4180.812,3719.692,3577.4,5467.625,4381.875
4039.45,4235,4505.167,4044.438,4154.062,3756.269,3637.25,5418.125,4388.125
4057.65,4233.833,4530,4026.125,4189.5,3740.846,3623.9,5319,4386.125
4031.9,4272.25,4488.417,3983.5,4186,3743.577,3618.4,5328.25,4378.25
3989.2,4268,4501.333,4033.25,4173.562,3730,3631.05,5357.875,4366.75
4032.4,4210.667,4502,3959.625,4184.688,3731.731,3573.25,5274.25,4362.875
4015.25,4223.667,4529.167,4025.938,4170.25,3744.115,3629.25,5253.375,4351.875
3997.1,4226.417,4576.167,3983.438,4204.438,3727.846,3620.3,5258.75,4255
3998,4223.417,4514.25,4018.812,4136.688,3720.269,3633.35,5240.5,4354.625
3966,4214.167,4567.5,3970.875,4148.562,3733.5,3608.75,5212.25,4364.875
4018.95,4201.417,4542.083,3965.312,4174.438,3727.808,3618.7,5191.25,4278.75
4045.5,4221.5,4519.083,3980.438,4172.5,3716.808,3583.4,5254,4383.625
4044.1,4238.667,4502.667,3999.25,4181.938,3708,3584.8,5206.25,4341.25
3993.75,4270,4542.083,4004.312,4183.25,3743.692,3576.2,5243.125,4356.875
4005.4,4195.5,4514.583,4014.25,4202.875,3727.615,3570.4,5133.25,4334.75
3991.25,4214.167,4562.833,3975.875,4169.25,3708.5,3599.25,5122.5,4320.375
3992.45,4203.667,4490,3974.125,4207.125,3712.769,3566.3,5081.375,4275.625
3975.95,4219.417,4517.917,3938.75,4141.125,3733.385,3571.65,5055.875,4268.625
3993.9,4242.583,4504.75,3973.625,4147.312,3719.346,3578.95,5106.5,4319.25
3979.25,4246.5,4511.167,3975.5,4135.438,3706.269,3574.6,5165.75,4304.25
3973.5,4186.917,4534.583,3987,4145.312,3692.731,3570.6,5170.875,4279
3998.5,4192.167,4494.833,3959.688,4153.312,3701,3545.1,5154.625,4299.125
3959.65,4222.583,4521.333,3929.25,4167.938,3673.039,3573,5128.625,4214.5
3973.5,4198.333,4503.167,3978.062,4161.625,3685.923,3553.4,5067.875,4215.875
3955.5,4232.833,4517.5,3944.438,4157.062,3696.192,3584.95,5057,4247.25
3970.2,4210.083,4485.417,3969.438,4143.438,3700.731,3598.85,5039.75,4217.375
3993.2,4216.667,4513.833,3986.375,4127.438,3662.039,3559.4,4975.75,4205.875
3944.45,4201.25,4498.333,3926.625,4109.938,3653.808,3574,5007.125,4206
3951.3,4201.25,4533.333,3961.688,4155.438,3670.885,3564.55,4972.25,4214.375
3970.5,4191.75,4482.5,3946.5,4165.688,3656.115,3546.15,4986.25,4212.25
3962.2,4190.5,4486.083,3950.625,4142.062,3663.769,3570.2,4992.25,4256
3962.95,4187.5,4487.5,3943.25,4214.125,3669.154,3571.05,4919.5,4270.875
3964.45,4173.083,4519.833,3922.875,4156.25,3663.385,3544.4,4817.375,4195.375
3948.2,4186.333,4469.25,3915.188,4083.688,3686.115,3571.05,4900.625,4209
3957.7,4147.667,4457.167,3922.312,4107.5,3669.539,3568.45,4803,4261.75
3934.7,4191.917,4437,3954.688,4131.562,3666.5,3558.95,4822.25,4252.25
3955.8,4179.667,4458.417,3909.688,4114.688,3686.923,3566.15,4784,4295.25
3932.85,4198.333,4423,3925.875,4128.5,3649.731,3580,4778.375,4257.125
3948.85,4151.25,4480.333,3929.688,4136.312,3649.461,3551.05,4778.375,4284.75
3961.2,4176.5,4446,3911.25,4078.125,3704.039,3555.3,4691.125,4256.75
3928.2,4138.25,4468.167,3926.562,4122.938,3644.385,3518.45,4746.875,4214
3932.1,4166.583,4431.583,3912.875,4082.688,3676.769,3554.7,4677.625,4207.125
3929.3,4181.917,4445.667,3919.562,4080.938,3673.885,3525.4,4737.875,4236.125
3907,4135.667,4477.167,3915.625,4095.438,3649.5,3507.9,4717.625,4241.5
3890.15,4141.333,4432.083,3913.062,4110.688,3653.346,3530.75,4639.75,4217.625
3899.6,4190.25,4468.083,3874.375,4080.375,3690.077,3559.2,4628.625,4289.625
3934.8,4104.833,4495,3905.188,4116.312,3638.654,3522.1,4600.375,4260.5
3896.25,4171.167,4468.75,3888.875,4079.812,3633.577,3524.5,4598.375,4201.375
3910.4,4148.333,4446.417,3908.5,4097.188,3646.308,3509.05,4602.25,4231.125
3922.45,4168.083,4450.583,3901.25,4084.625,3619.269,3506.25,4598.25,4199
3909.75,4130.333,4403.167,3882.562,4070.688,3619.5,3515.3,4606.75,4200.5
3888.6,4109.333,4470.917,3873.812,4081.938,3656.923,3523.05,4543.25,4219.625
3873.9,4125.917,4409,3864.875,4087.812,3624.654,3541.9,4541.5,4149
3904.55,4119.667,4440.333,3838.562,4083.938,3641.615,3497.2,4546.5,4195.375
3872.5,4099.333,4409.167,3870.062,4051.812,3659.692,3511.9,4448.875,4162.125
3871.3,4144.5,4431.917,3865.812,4072.812,3624.654,3533.65,4456.5,4160.375
3898.2,4103.167,4398.667,3878.625,4082.812,3655.115,3492.2,4385,4127
3891.7,4107.5,4431.583,3869.062,4053.062,3618.769,3517.4,4414.875,4182.375
3879.35,4143,4455.917,3893.062,4069.25,3624.346,3502.9,4454,4173.75
3901.95,4118.667,4422.333,3899.125,4067.062,3637.039,3508.6,4462.625,4159.5
3874.1,4108.083,4398.083,3858,4067.75,3635.308,3493,4437.375,4188.625
3875.15,4151,4417.583,3845.312,4064.625,3640.269,3497.6,4359.625,4086.25
3881.8,4074.083,4414.25,3879.188,4037.562,3644.615,3479.65,4430.25,4163.75
3887.95,4107.833,4381.417,3872.125,4058.5,3625.539,3498.2,4395,4155.75
3871.6,4128.583,4432.167,3875.25,4055.75,3643.923,3504.35,4423.5,4159.125
3880,4092.667,4425.833,3876.25,4077.938,3625.154,3540.35,4364.5,4179.25
3874.15,4103.75,4393.083,3898.562,4077.375,3630.269,3519.5,4384.5,4142.625
3872.2,4084.417,4428.667,3877.5,4053.875,3624.846,3505.05,4430.625,4226.75
3846.35,4075.5,4427.25,3873.125,4079.875,3646,3522.95,4371.25,4219.375
3885.05,4127.417,4411.833,3865.438,4055.562,3631.461,3546.95,4306.5,4197.625
3922.05,4122.833,4424.583,3846.812,4094.688,3651.077,3519.4,4300.125,4212.5
3882.3,4072,4370.167,3852.438,4076.812,3627.731,3491.8,4365,4199.75
3853,4105.083,4436.667,3874,4061.062,3638.808,3481.5,4320.875,4174.125
3873.4,4154.167,4436.333,3882.062,4081.125,3642.654,3475.55,4354.625,4199.875
3881,4134,4438.083,3862.812,4030.375,3649.846,3520.85,4290.375,4209.625
3866.7,4081.083,4434.5,3884.75,4075.75,3597.385,3499.95,4274.75,4170.375
3900.95,4150.667,4401.75,3853.562,4076.438,3633,3513.65,4259.375,4190.625
3904.55,4082.917,4393.167,3868,4056.375,3645.577,3449.65,4345.875,4199.75
3888.45,4091.833,4455.083,3861.688,4070.688,3634.231,3503.5,4351.875,4193.25
3897.95,4114.25,4478.167,3855.375,4082.562,3614.269,3463,4350,4168.75
3894.1,4123,4484,3865.5,4081.125,3630.192,3485.7,4386.25,4261.25
3893.8,4123.917,4470.083,3839.5,4050.562,3643.692,3477.8,4347.25,4259.625
3905.45,4122.583,4434.583,3861.25,4092.5,3604.231,3495.4,4363.5,4232.625
3920.3,4106.917,4448.583,3832.5,4088.5,3625.731,3454.3,4351,4187.875
3887.45,4129.083,4443.25,3872.312,4050.062,3615.615,3473.25,4374,4184.75
3859.8,4103.417,4417.833,3847.188,4083.375,3601.115,3474.75,4358.125,4162.625
3870.1,4117.167,4446,3829.125,4100.125,3625.539,3449.3,4386.25,4192.875
3885.35,4123.917,4417.917,3838.312,4068.688,3641.923,3466.3,4320.25,4216.5
3860.5,4112,4442.25,3830.062,4069,3619.423,3475.35,4323.125,4188
3872.45,4104.5,4419.75,3868.375,4052.25,3607.5,3468.95,4327.5,4200.625
3876.3,4155.25,4413.917,3840.25,4100.5,3590.039,3484.05,4369.25,4297.25
3903.25,4164.25,4457.167,3839.938,4094.312,3602.385,3476.05,4284.125,4298.25
3876.65,4155.667,4485.583,3841.625,4082.062,3628.577,3449.45,4278,4285.75
3846.05,4097.333,4441,3860.188,4092.188,3636.577,3471.85,4265.25,4265.125
3897.65,4132.917,4445.667,3821.188,4061,3615.961,3493,4316.125,4258.125
3885.7,4173.417,4433.667,3847,4126.375,3601.269,3477.55,4320.5,4237.625
3880.4,4063.167,4435.167,3868.438,4073.312,3640.808,3450.15,4307.25,4334.5
3881,4094.167,4447.833,3894.125,4050.438,3600.077,3470.2,4301.125,4320.375
3860.35,4125.417,4462.583,3838.875,4053.375,3614.692,3469.45,4277.75,4313.25
3864.55,4133.75,4427.583,3824.125,4062.312,3613.346,3474.85,4318.625,4262.875
3845.55,4166.833,4501.917,3889.688,4108.812,3644.769,3471.25,4301.375,4289.375
3856.05,4103.583,4418,3825.938,4079.25,3607.731,3478.75,4266,4279.25
3878.55,4123.5,4442.083,3841.25,4094.938,3615.385,3460.55,4332.25,4265
3898.05,4154.083,4428.75,3840,4065.25,3621.115,3433.75,4305.375,4283.125
3875.1,4096,4423.833,3827.75,4081.125,3615.846,3474.65,4288.5,4261.125
3839.6,4121.333,4389.583,3809.75,4038.625,3606.539,3454.25,4233.25,4295.75
3874.45,4106.083,4467.583,3848.812,4044.812,3616.885,3458.5,4240.625,4266.125
3841.8,4101.667,4401,3844,4037.375,3584.692,3455.05,4186.875,4318.875
3868.7,4088.333,4401.5,3860.125,4042.688,3597.577,3447.75,4225.5,4264.875
3874.65,4088.5,4395.417,3827.5,4045.125,3591.231,3461.35,4208.375,4342.875
3893.1,4103.417,4436.667,3835.812,4021.625,3592.039,3452.15,4176.75,4280.25
3865.25,4071.833,4367,3790.375,4049.875,3612.115,3464.5,4194.25,4296.5
3864.45,4107.083,4370.833,3844.5,4087.062,3636.654,3461.5,4256.125,4264.625
3863.05,4144.417,4419.083,3854.625,4090.625,3603.423,3472.05,4219.5,4272.75
3889.1,4124.583,4379.75,3865.062,4046.125,3607.231,3448.25,4209.875,4219
3838.4,4118.583,4413,3827.688,4059.812,3606.461,3460.2,4190.875,4256.25
3866.2,4095.167,4402.833,3814.25,4063.062,3612.192,3464.6,4241.375,4219.25
3865.7,4113.333,4483.25,3828.125,4068.438,3587.308,3441.8,4235.75,4232.375
3849.75,4133.333,4418.167,3823.312,4039.688,3571.961,3437.25,4249.75,4192
3844.05,4092.167,4402.167,3840.312,4016.25,3600.231,3453.8,4243.875,4233.75
3859.05,4142.083,4377.417,3803.5,4088.438,3575.846,3446.85,4266.5,4285.25
3866.95,4140.583,4442.667,3856.062,4077.25,3633.039,3453.65,4252.125,4270.875
3846,4161.583,4464.833,3845.188,4076.125,3579.577,3448.95,4233.25,4216.875
3836.6,4081.333,4387.917,3814.375,4023.062,3605.269,3469.95,4220.125,4215.25
3849.45,4109.417,4390.5,3801.75,4051.125,3588.269,3469.25,4221.125,4241.875
3876.05,4100.333,4423.5,3818.312,4026.625,3592.731,3474.15,4273.125,4240.875
3854.3,4086.25,4418.583,3810.312,4071.75,3627.885,3444.8,4224.125,4289.75
3857.95,4150.833,4414.583,3810.062,4085.625,3591.769,3473.6,4214.5,4260.5
3866.6,4062.083,4396.417,3831.625,4048.188,3574.385,3454.6,4228.5,4240.625
3861.75,4109.083,4412.833,3821.062,4076.938,3594.269,3481.1,4201.5,4250.875
3837.3,4105.417,4423.25,3826.562,4056.688,3620.346,3428,4211.5,4213.375
3861.1,4115.917,4426,3820.688,4053.188,3586.885,3465.15,4183.125,4204.125
3851.4,4122.083,4380.417,3816.438,4061.188,3602.808,3475.05,4165.25,4227.375
3821.8,4143,4444.833,3831.688,4073.375,3575.346,3456,4221.625,4189.75
3867.55,4086.167,4426.5,3832,4064.562,3569.269,3473.3,4205.75,4217
3852.45,4094.333,4418.333,3809.75,4083.562,3588.654,3485.25,4207.75,4265.625
3854.4,4097.417,4423.667,3823.062,4075.25,3586.654,3459.95,4215.125,4274.25
3850.35,4112.5,4434.917,3825.312,4056.25,3602.808,3439.4,4229.5,4274.875
3882.6,4122,4386.833,3815.438,4090.812,3594.961,3473.65,4236.375,4276.75
3828.65,4126.083,4430.75,3814.812,4098.5,3580.923,3465.9,4250.875,4241.625
3885.2,4143.5,4447.333,3827.188,4044.188,3594.231,3459.55,4174.125,4279
3865.25,4126.25,4446,3832.938,4105,3586.385,3440.05,4231.25,4287.875
3874.1,4162,4382.5,3823.438,4082.312,3586.077,3462,4215.625,4263.75
3875.15,4089.833,4454.5,3820.438,4066.312,3589,3460.65,4241.875,4338.375
3886,4124.75,4450.417,3802.812,4045.375,3570.846,3466.45,4224.75,4260.375
3869.25,4137.833,4392.917,3823.75,4059.5,3591.961,3453.55,4200,4271.875
3879.8,4133.333,4435.25,3833.438,4069.25,3572,3468.45,4237.5,4288.125
3889.25,4096.333,4438.667,3835.875,4069.062,3575.231,3485.1,4224.75,4364.25
3840.65,4140.333,4422.917,3801.312,4066.875,3600.077,3446.1,4198.625,4335.25
3863.7,4121.25,4495.75,3827.375,4096.562,3582.423,3467.2,4258.375,4275
3873.75,4114.583,4439.75,3805.625,4084.688,3578.077,3471.45,4243.25,4314.625
3869.15,4152.167,4459.833,3833.5,4093.312,3580.192,3476.75,4283,4300.5
3845,4149.333,4422.833,3810.5,4082.375,3578.154,3477.75,4166.125,4290.625
3873.35,4156.333,4431.667,3826.375,4074.312,3586.461,3456.45,4294.875,4344
3897.5,4148.917,4431,3780.938,4072.438,3568.808,3454.55,4260,4365.375
3880.5,4158.333,4442.25,3838.562,4070.125,3580.308,3449.05,4219.75,4303.125
3854.5,4103.083,4421.667,3828.375,4079.938,3579.961,3462.2,4305.625,4339.5
3904.25,4173,4471.417,3828.938,4083.438,3593.654,3467.2,4329,4352.625
3872.45,4137.917,4463.083,3774.25,4084.188,3583.769,3451.6,4347,4363.625
3900.95,4155,4411.667,3821.438,4098.938,3574.539,3472.4,4309.125,4322.5
3877.55,4120.583,4413.583,3807.375,4064.938,3571.039,3451.3,4238.875,4286.125
3873.75,4162.083,4415.667,3823.75,4097.188,3549.346,3473.8,4376.75,4337.5
3898.65,4125.833,4462.25,3808.75,4061.562,3572.346,3469.55,4319.25,4239.75
3891.5,4151.083,4370.583,3833.5,4079.75,3544.231,3470.55,4321.875,4326.5
3853,4157.667,4457.167,3829.062,4108.75,3556.308,3470.8,4300.625,4324.75
3841.45,4132.75,4424.833,3835.875,4084.5,3560.769,3444.5,4262.875,4299.625
3891.8,4144.667,4403.333,3847.75,4102.25,3580.346,3483.25,4297.875,4306.375
3863.15,4160.667,4446.5,3815.188,4071.5,3564.654,3467,4305.375,4327
3887.85,4092.417,4470.333,3853,4082.625,3563.192,3452.25,4351.625,4344.375
3887,4112.25,4432.083,3800.062,4063.25,3553.731,3445.6,4311.125,4344.5
3861.3,4133.417,4388.417,3791.375,4075.938,3561.269,3438.5,4249.25,4308.125
3841.75,4138,4462.833,3822.188,4093.875,3548.423,3450.55,4342.375,4245.5
3887.05,4117.417,4452.25,3790.312,4084.625,3586.539,3440.9,4325.25,4270.25
3889.4,4142.917,4462.083,3823.75,4076.438,3560.615,3468,4302.875,4300.625
3884.5,4123.667,4401.667,3801.062,4072.125,3576.577,3473.7,4288.25,4306.875
3883.85,4142,4473.833,3812.188,4099.875,3552.192,3461.4,4246.125,4261.125
3881.9,4080.333,4420.917,3827.25,4064.938,3557.269,3457.2,4311.5,4277.125
3916.8,4139.333,4463.833,3831.562,4075.188,3551,3442.35,4323.25,4308.5
3914.95,4152,4448.667,3786.812,4076.625,3560.846,3458.1,4320.25,4223.25
3875.05,4121.75,4437.333,3849.938,4080.438,3575.039,3462.55,4349.125,4283.375
3898.9,4114,4446.833,3826.75,4076,3552.885,3451.1,4339.875,4204
3872.85,4080.417,4453.25,3819.75,4085.188,3554.885,3441.65,4320.625,4256.375
3892.3,4113.167,4439.667,3817.938,4076.438,3556.192,3435.25,4382,4200.125
3870.45,4135.5,4426.917,3803.312,4075.938,3556.423,3460.75,4312,4152.5
3846.55,4139.667,4446.833,3802.25,4016.062,3567.692,3458.55,4379.375,4170.5
3873.1,4123.083,4378.833,3768.625,4087.875,3568.539,3455.1,4392.5,4148
3870,4096.583,4433,3805,4077.75,3569.769,3480,4360.875,4240.25
3908.7,4140.583,4435.667,3818.562,4071.312,3560.692,3457.95,4767.5,4212
3987.1,4143.5,4414.083,3783.188,4098.688,3556.885,3495.4,6484.75,4256.75
4302.4,4128.833,4402.25,3926.562,4073.75,3563.231,3458.75,8270.75,4355.875
4457.1,4091.667,4382,4183.812,4061.688,3545.308,3462.5,9478.375,4425.125
4572.4,4131,4418,4488,4075.25,3613.039,3456.75,9650.5,4444.375
4752.2,4176.833,4467.25,4889.75,4063.312,3842.308,4036.35,10428.5,4649.75
4896.6,4155,4450.083,5156,4105.062,4058.539,4834.05,11014.875,4669.5
5113.2,4236.25,4421.833,5433.938,4066.375,4270.577,5597.75,11112.125,4787.75
6135,4527,4457.083,6032.062,4079.938,4645.385,6812.2,12274.625,5080.125
8230.6,4762.833,4434.25,7048.438,4478.562,5034.615,8213.3,13743,5505.25
10755,5062.417,4637.083,8215,5141.875,5398.923,9463.35,15855.5,6035.375
13124.4,5327.167,5380.5,9503.438,5700.625,5808.961,10997.85,17978.875,6425.25
13899.65,5455.917,5720.417,10356.75,6145.688,6229.231,12470.4,19392.75,6446.75
14823.8,5702.25,6056.417,11176.938,6497.812,6747.961,13610.25,20660.875,6698.625
16120.1,6007.25,6680.083,12006.562,6934.625,7526.577,14590.75,22590.5,7177.375
15677.6,6015.083,6897,12042.938,7060.875,8180.961,14582.75,22274.625,7313
14619.4,5850.25,6588.333,11416.75,6983.812,8216.115,14198.1,21511.125,7169.5
14186.45,5878.5,6611.917,11020.375,7083.5,8260.346,13875.7,21592,7231.125
15096.9,6410.5,7444.083,11508.188,7851.438,9078.077,14374.4,23630.375,8431.75
15814.25,6962.583,8427.417,12114.938,8928.25,10142.885,15022.15,24949.375,9423.5
15297.1,7241,8702.25,12028.812,9786.438,10986.615,15041.4,24500.625,9442.375
14263.85,7024.25,8476.417,11461.062,9589.125,10851.462,14643.4,23550,9035.125
13354.7,6812.583,8098.583,10709.375,9374.312,10514.154,14201.35,22921,8698.75
12931.2,6669.667,7874,10264.688,9231.188,10269.962,13755.65,22510.625,8573.875
13026.25,6823.917,7959.5,10143.812,9278.938,10214.385,13573.45,23373.5,8789.625
12567.7,6892.167,7894.833,9827.938,9289.938,10059.23,13331,23241.125,8737.75
11807.35,6710.833,7628,9328.688,9035.125,9839.692,13008.35,22423.375,8450.375
11269.1,6514.917,7391.75,8836.5,8754.75,9518.154,12662.8,21807.75,8258
11672.7,6561.083,7391.25,8905.125,8755.062,9396.077,12639.1,22280.125,8390.5
14122.5,7331.083,7895.25,9742.25,9190.938,9779.385,13454.75,24955,9729.375
15467.6,7960.333,8474,10481.062,9806.062,10235.885,14141.65,25823.125,10737.625
14851.9,7968.75,8264.5,10111,9577.875,10157.27,14058.25,24723.5,10485.75
14015,7658.167,8067.667,9676.188,9338.75,9872.77,13557.45,24100.625,9984.875
13549.4,7533.083,7916.583,9252.5,9069.688,9600.385,13196.75,24278.75,9718.125
13620.25,7467.75,7774.583,9043.75,8944.062,9400.885,12856.45,24363,9584.375
13749.5,7481.917,7670.917,9074.438,8955.375,9415.385,12824.55,24853.125,9737.875
13257.8,7444,7579.083,8834.188,8820.562,9281.923,12822.7,24612.625,9515.75
12635.95,7221.917,7402.583,8519.75,8603.75,9035.154,12454.35,23776.5,9381.75
12855.65,7188.75,7385.167,8549.25,8605.75,9001.692,12443.95,24392.625,9535.75
13376.75,7452.5,7549.667,8792,8652,8956.77,12861.7,24997.375,9931.875
13940.8,7565.167,7896.167,9222.438,8844.125,9171.038,13215.15,25949.875,10074.375
15335.7,8300.25,8332.5,10095.875,9189.875,9622.73,13843.75,27971,11020.125
15919.6,8961.833,8733,10722.5,9637.938,10244.385,14209.25,28470,11562.875
16166.1,9473.667,9333.917,11133.375,9826.875,10668.385,14608.85,28836.125,11768.625
15876.8,9711,9587.583,11058.625,9887.75,10849.846,14782.1,28632.375,11907.125
15311.75,9385.333,9462.667,10773.812,9739.688,10700.038,14477.05,27674.75,11579.25
15330.8,9355.25,9257.333,10642.312,9527.812,10457.038,14083.55,27837.5,11719.125
16932.051,10392.417,10180.25,11717.812,10163.375,11015.577,14543.45,30154.25,13141.25
18190.301,11998.583,12068.083,12782,11492.25,12089.423,14934.85,32006.25,14292.75
18394.699,13109.583,13535.083,13062.812,12460.375,13013.808,15046.65,31864.5,14393.625
18028.949,13090.667,13159.333,12607.25,12244.812,12962.692,14781.2,31080.875,13790.25
17449.449,12839.667,12653.25,12114.75,11955.875,12579.192,14400.05,30790.125,13229.75
16918.4,12733.333,12518.833,11925.5,11915.375,12381.308,13936.85,31595.5,13298
16471.949,12627.833,12519.833,11936,11821.312,12141.692,13655.95,31564,13279
15651.75,12375.917,12190.5,11589,11548,11739.308,13262.95,31005,13168.625
14613.4,11885.833,11854.333,11045.062,11333.188,11402.692,12782.2,30472,12631.5
13804.1,11526.25,11552.083,10483.562,11109.625,11142.077,12578.8,29280.625,12271.75
12902.05,11090.25,11168,9911.5,10870.375,10829.385,12163.75,28649.375,11774.875
12030.95,10660,10829.083,9476.688,10692.188,10592.885,11870.85,27653,11509.375
11326.85,10288.25,10770.833,9045.875,10377.562,10277.808,11559.85,27142.375,11091.875
10757.85,9941.25,10393.5,8614.625,10195.812,10023.654,11245.75,26675.375,10952
10165.45,9575,10146.417,8243,10052.312,9752.73,11000.1,25765.875,10627.375
9615.25,9316.5,9977.417,7941.062,9896.938,9596.808,10667.55,25725.625,10311.25
9177.85,9111.333,9795.75,7656.5,9705.688,9365.308,10393.6,25030,10130.5
8763.3,8719.583,9564.167,7448.688,9537.375,9174.77,10069.55,25022.125,9931
8398.9,8637.167,9389.667,7140.562,9375.875,8984.923,9804.65,24691.75,9647.5
8034.4,8410.167,9231.333,6953.125,9223.125,8832.615,9571.6,23864.875,9483.75
7775.45,8261.25,9084.5,6740.875,9083.5,8641.577,9382.3,23501.25,9315.75
7490.4,7961,8959.333,6577.188,8978.562,8469,9250.05,23068.125,9188.125
7198.5,7888.833,8768.583,6393.625,8846.625,8310.846,9070.8,22716.5,9208.5
7042.6,7691.917,8670,6212.938,8715.062,8229.885,8911.4,22293.75,9061
6846,7492.917,8535.417,6124.125,8551.375,8028.5,8682.3,22002.375,8772.875
6643.95,7401.167,8368.5,6007.5,8443.375,7898.692,8481.15,21576.625,8536.75
6499.95,7240.75,8270.75,5889,8303.688,7789.192,8317.25,21323.375,8422.625
6345.1,7208.167,8208.25,5778.938,8174,7609.154,8153,21151.5,8321.75
6203.4,7049.417,8018.333,5689.188,8120.625,7493.154,7995.3,21077.5,8071.5
6095.75,6959.75,7968.667,5559.25,7927.25,7352.654,7833.7,20719.625,7994.625
5948.05,6870.417,7831.917,5535.562,7888.625,7287,7663.3,20566.875,7923.5
5827.45,6752.583,7845.25,5444.188,7814.375,7162.539,7520,20170.375,7833.125
5710.05,6739.167,7705.417,5405.062,7683.062,7091.539,7446.9,19972.5,7828.875
5649.25,6576.75,7637.083,5294.75,7626.125,7011.615,7311.95,19864.625,7665
5550.45,6575.583,7530.917,5323.75,7498.25,6934.154,7183.75,19609.25,7484.125
5459.75,6468.75,7416.833,5220.188,7479.812,6777.077,7016.6,19419.75,7433.5
5398.5,6370.25,7395.083,5157.188,7358,6730.961,6904.6,19201.5,7288.125
5341.95,6394.167,7412.917,5123.75,7251.875,6692.269,6768.3,19042.125,7319.375
5286.7,6299.5,7273.083,5034.25,7218.25,6559.577,6643,18848.75,7062
5226.6,6239.75,7246.083,4975,7163.062,6473.039,6496.35,18717,6940.25
5166.5,6201.667,7173.5,4989.375,7139.438,6416.115,6523.3,18299.25,6850.5
5091.35,6091.75,7121.083,4875.562,6988.812,6325.461,6337.05,17953.25,6748
5048.8,6027.917,7103.5,4852.625,6973.5,6267.192,6293.65,17911,6681.75
4987,5997.167,7040.167,4803.5,6892.125,6167.692,6227.75,17840.75,6563
4899.15,6003.833,6991.167,4770.312,6870.062,6155.961,6148.6,17553.75,6555.5
4879.25,5989.833,6942.25,4763.125,6878.125,6081,6056.3,17406.5,6468.625
4858.2,5882.333,6916,4683.812,6827.75,6015.154,6017.25,17079.25,6515.75
4795.05,5824.25,6839.083,4641.688,6713.562,5937.077,5955.25,16878.625,6506.875
4797.85,5830.917,6742.667,4602.188,6687.188,5923.269,5896.35,16584,6412.25
4743.3,5718.75,6792.667,4613.188,6695.438,5896.385,5854,16365.375,6371.625
4668.65,5742.083,6734.333,4605.75,6637.062,5861.154,5785.05,16107,6234.125
4625.75,5739.25,6668,4537.125,6608.75,5827.961,5736.95,16003.125,6187
4604.5,5616.167,6612.25,4577.625,6562.125,5732.423,5684,15720.125,6185.375
4616.85,5611.167,6586.75,4481,6499.25,5710.846,5636.05,15691,6144
4528.85,5525.667,6501.5,4500.062,6459.062,5722.654,5566.9,15383,6037.25
4559.35,5565.083,6472.5,4458.688,6430.625,5635.308,5521.9,15152.875,5893.25
4505.7,5529,6498.833,4444.875,6383.75,5595.461,5464.9,14977.875,5958.625
4468.85,5449.583,6394.25,4440.312,6373.062,5573.308,5457.15,14934,5769.875
4436.15,5435.167,6392.833,4440.625,6351.75,5534.692,5387.65,14756,5792.375
4444.9,5404.75,6353.417,4427.062,6281,5497.308,5332.35,14542.375,5767.5
4412,5399.667,6316.25,4446.625,6285.938,5424.192,5282.9,14408.25,5716.625
4427.1,5398.917,6314.75,4389.875,6263.188,5419.5,5257.95,14192,5596.125
4418.2,5349.667,6244.75,4385.125,6185.125,5361.808,5204.75,14121.625,5511.5
4399.5,5260.25,6203.75,4360.625,6177.062,5350.654,5153.6,13959.375,5455.625
4391.15,5279.333,6201.75,4338.25,6102.75,5310.115,5109.3,13787.125,5427
4385.8,5263.917,6144.333,4358.062,6126.188,5286.423,5070.65,13685.125,5415
4331.7,5240.25,6122.083,4299.562,6024.188,5251.961,5048.15,13517.25,5363.625
4337.65,5186.333,6129.583,4302.188,5999.188,5171.539,4977.3,13348.5,5320
4256.45,5160.333,6062.25,4282.375,5961.188,5122.961,4964.6,13214.75,5233.625
4316.05,5129.5,6038.5,4268.438,5957.062,5132.808,4931.8,13062.375,5288.875
4327.9,5152.917,6062.917,4288.688,5912.938,5092.385,4917.1,13040.5,5172.625
4280.05,5119.333,6027.667,4272.375,5887.812,5063.577,4821.4,12748,5197.25
4254.6,5078.583,6028.167,4236.25,5894.312,5045.192,4848.35,12772.625,5191.375
4251.95,5072.083,5995.5,4222.688,5808.375,5033.077,4809.6,12429.75,5155
4233.3,5079.333,5992.167,4219.812,5818.188,4957.385,4753.1,12345.375,5126
4190.8,5064.75,5934.417,4192.562,5806.125,4975.115,4714.65,12136.375,5120.75
4189.85,5052.583,5941.083,4170.625,5790.875,4908.654,4675.4,12105,5088.625
4216.95,4968.5,5849,4209.938,5752.75,4899.423,4634.55,11791.75,5085.625
4216.6,5030.417,5831.5,4168.438,5750.062,4866.692,4611.8,11659.375,5016.5
4160.7,4982.083,5814.333,4182.562,5767.375,4867.308,4594.7,11584.625,5024.25
4207,4957.167,5789.25,4141.875,5712.688,4803.923,4566.1,11358.75,4914.375
4154.9,4984.333,5797.833,4131.062,5624.812,4811.461,4525,11278.25,4924.125
4110.3,4906.667,5739.417,4150.438,5608,4768.731,4494.45,11186,4927.125
4126.4,4927.667,5741.583,4122.625,5585.25,4741.154,4477.25,11024.5,4869.625
4145.6,4904.917,5757.083,4125.062,5538.875,4732.308,4443.05,10952,4825.5
4136.05,4901.167,5727,4128.812,5511.438,4707.654,4446.3,10855.25,4776.75
4117.65,4842.583,5653.917,4131.25,5448.25,4662.115,4414.65,10744.625,4721.75
4093.25,4904.917,5668.417,4066.562,5474.25,4609.769,4325.15,10577.75,4698.625
4129.8,4862.25,5645.583,4129.938,5486.375,4581.5,4345.55,10585.375,4646.125
4092.15,4827.167,5550,4089.938,5461.688,4597.769,4318.15,10445,4629.5
4087.25,4783.583,5604.667,4072.062,5366.812,4581.769,4305.3,10468.375,4653.625
4099.35,4862.75,5591.75,4065.125,5380,4557.077,4294.4,10259.125,4647.375
4068.5,4787.583,5610.583,4065.875,5403.688,4567.923,4245.75,10136.625,4607.875
4087.95,4820.167,5525.667,4062,5328.125,4507.961,4249.75,10070.25,4605.125
4076.1,4800.25,5541.333,4060.375,5309.125,4502.269,4235.3,9944.5,4517.125
4066.4,4731.083,5535.167,4046.5,5289.062,4490.885,4148.15,9888.5,4468.5
4038.2,4734.583,5539.833,4037.125,5282.562,4481.461,4158.65,9863.625,4461.375
4034.45,4721.167,5520.75,4030.75,5301.812,4459,4135.95,9818.375,4461.625
4050.05,4713.583,5518.5,4034.625,5275.438,4421.654,4113.75,9688.125,4475.875
4024.65,4717.833,5466.5,4026.062,5230.125,4377.539,4100.05,9638.75,4456.75
4040.25,4701.333,5436.333,4020.938,5195.125,4379.192,4092.75,9556.25,4426.75
4019.3,4669.333,5375.333,4016.625,5195.062,4367.308,4032.5,9547,4388.5
4038.1,4672.917,5438,4004.312,5150.062,4331.692,4050.1,9365.875,4388.375
4007.35,4635.25,5372.667,3994.188,5179.062,4309.5,4043.75,9317.875,4416.125
3995.45,4674.833,5359.5,3998.375,5153.125,4289.423,4008.45,9234.25,4451.5
4007.7,4653.083,5381.5,3993.688,5168.5,4279.385,3982.8,9221.875,4441.625
4019.15,4654.083,5346.083,3973.25,5127.25,4269.577,3996.15,9035,4363.875
3983.4,4596.75,5293.417,3996.312,5140.312,4227.615,3956.95,8884.25,4463.375
3969.4,4583.25,5336.167,3971.875,5136.438,4176,3935.85,8849.25,4358
3968.5,4592.583,5298.833,3991.812,5051.875,4185.654,3911.6,8681.75,4274.875
3976.15,4591.5,5302.75,3968.875,5075.5,4185.539,3893.15,8614.875,4133.25
3989.25,4562,5232.583,3959.688,5059.312,4215.077,3908.5,8622.25,4200.625
3996.9,4594.667,5240.75,3949.875,5059.188,4207.5,3927.25,8415.75,4237.5
3972.8,4572.167,5258.667,3962.062,5069,4162.539,3868.55,8369.125,4199.375
4003.2,4530.25,5219.667,3983.25,5062.438,4193.5,3899.25,8291.5,4200.125
3988.45,4557.667,5207.75,3983.375,5038.062,4154.192,3871.75,8147.125,4204.75
3969.55,4515.833,5236.417,3969.688,5012.438,4131.769,3865.1,8086.625,4133.625
4008.6,4581,5176.417,3952.625,4961.062,4128.269,3812.9,7937.875,4145.125
4001.2,4527.667,5168.333,3928.25,4935.5,4091.731,3853.25,7857.375,4129.375
4016.2,4539.75,5108.667,3964,4988.375,4059.461,3833.3,7835.375,4103.375
3997.7,4501.083,5141.417,3933.438,4928.125,4054.039,3798.2,7766.625,4094.875
3985.3,4555.167,5160.75,3937.875,4959.062,4041.423,3787.5,7742.125,4087.375
3975,4506.583,5162.083,3950.688,4885.875,4047.769,3780.25,7651.625,4092.125
3975.6,4522.083,5170.417,3947.312,4925.875,4025.923,3801.7,7651.875,4091.375
3958.55,4504.583,5119.833,3964.938,4952.062,4021.808,3766.9,7523.125,4116.625
3987.8,4498.75,5054.417,3928.5,4948.688,4028.231,3792.65,7475.25,4151.625
3977.1,4511.333,5098.167,3903.375,4960.562,3957.5,3759.25,7390.875,4071.375
3948.65,4470.667,5094.583,3942.812,5006,3997.769,3766,7349.375,4094.5
4001.45,4480.583,5072.583,3933.688,4924.875,3961.615,3737.85,7289.875,3983.875
3969.2,4502.25,5084,3944,4954.25,3951.961,3770.8,7149.25,4136.625
3992.2,4443.333,5046,3963.125,4941.688,3949.769,3760.7,7111.75,4144.25
3999.2,4464,5072.25,3925,4919.25,3941.346,3741.45,7090.625,4108.75
3983.85,4458.583,5019.25,3948.5,4848.438,3920.039,3722.35,6941.375,4079.75
3981.25,4491.333,5004.5,3898.125,4893,3950.192,3724.45,6930.5,4107.125
3970.1,4419.333,4947,3926.25,4907.562,3935.039,3714.1,6919.375,4097.25
3942.95,4448.083,4975.417,3927.812,4904.125,3920.115,3728.25,6781,4092
3953.85,4424.25,4989.5,3903.25,4908.5,3922.577,3657.05,6905.5,3979
3986.95,4434.75,4968.667,3947.5,4819.688,3927.154,3678.2,6868.375,4008
3977.65,4403.083,4981.25,3914.062,4842.562,3896.692,3678.45,6813.625,3964.875
3972.15,4370.917,4921.083,3892.25,4879.125,3904.923,3673.45,6746.625,3902
3962.15,4409.167,4943.417,3897.562,4869.312,3901.615,3663.45,6727.25,3947.625
3977.05,4405.25,4993.333,3912.938,4787.562,3896.154,3661.75,6602.625,4002.125
3974.55,4384.583,4915.167,3894.438,4804.562,3885.846,3668.05,6606.875,4022.375
3975.85,4427.333,4929.167,3924.688,4775.188,3869.269,3640.95,6630,3935.625
3938.9,4450.75,4983.5,3896,4758.875,3857.769,3648.75,6574.25,3976.75
3941.1,4396.167,4891.75,3890,4783.938,3847.154,3656.35,6581.875,3924.625
3945.8,4369.167,4911.333,3893.125,4753.688,3836.923,3650.15,6464.5,3930
3950.2,4390.917,4960,3911.375,4742.562,3885.731,3635.05,6413.5,3906.5
3979.8,4380.333,4934.667,3892.875,4743.125,3815.846,3628.4,6369.5,3974.875
3967.5,4345.917,4904.083,3877.438,4747.812,3838.577,3624.15,6409.75,3894.875
3953.4,4355.167,4884.333,3879.562,4664.562,3821.731,3631.95,6235.125,3892
3941.4,4334.083,4844.417,3913.812,4724.312,3805.692,3654.35,6198.125,3909.375
3963.1,4353.5,4881.333,3869.312,4698.25,3811.615,3603.5,6156.25,3912.625
3925.3,4366.333,4890.083,3886.625,4684.75,3785.808,3624.15,6209.625,3914.25
3969.3,4376.417,4852.583,3885,4680,3784.654,3593.5,6090,3841.875
3930.15,4371.25,4824.083,3882.562,4636.25,3768.923,3615.3,6098.375,3887.125
3942.2,4391.917,4862.167,3886.312,4678.75,3773.423,3580.85,6068.625,3840.375
3911.15,4364.667,4874.75,3875.312,4649.188,3757.961,3550.9,5943.25,3867.5
3921.2,4339.333,4848.5,3815.875,4632.125,3753.231,3599.1,6000.5,3836.875
3923.5,4312.5,4835.333,3843.5,4650.875,3770.039,3593.55,5981.375,3831.25
3924.9,4349.167,4849.667,3863.625,4649.438,3748.154,3567.95,5894.625,3856.625
3930.05,4296.917,4845.833,3873.5,4610.938,3763.308,3584.5,5872.125,3891.25
3918.25,4317.75,4793.167,3832.875,4640.812,3769.539,3576.95,5832.125,3882.625
3924.35,4318.167,4850.667,3840.5,4638.312,3760.308,3555.25,5746.5,3900.125
3918.1,4315.5,4794.583,3890.5,4581.812,3744.885,3582.75,5741.875,3876.875
3937.8,4292.25,4841.333,3843.875,4617.312,3752.192,3588.35,5735.625,3842.5
3942,4304.833,4754.75,3828.812,4638,3741.539,3576.05,5739.5,3800.25
3945.8,4323.333,4785.083,3859.375,4613.188,3726.423,3544.9,5674.5,3840.75
3936.55,4278.917,4782.417,3848.438,4572.438,3722.115,3550.3,5599,3802
3917.45,4338.75,4798.667,3835.188,4594.125,3728.269,3538.95,5638.25,3816.875
3922.05,4324.917,4778.25,3812.438,4558.25,3721.808,3547.55,5586.25,3786.5
3906.2,4289.667,4794,3825.688,4564.938,3719.231,3559.7,5579.25,3747.375
3940.5,4302.25,4817.75,3800.75,4588.312,3735.808,3531.55,5521.25,3800.75
3937.2,4290.917,4804.667,3851.938,4518.625,3720.769,3566.55,5477.625,3777.25
3925.5,4307.167,4718.833,3863.312,4548.188,3717.231,3537.9,5419.5,3813.375
3928.9,4307.917,4790.5,3819.375,4495.625,3706.885,3541,5374.375,3814.375
3945,4311.333,4769.917,3868,4557.875,3734.192,3548.7,5408.625,3816.25
3909.8,4296.75,4787.583,3866.125,4500.75,3704.192,3560.15,5349.25,3821.125
3942.35,4282.75,4701.833,3857.438,4553.062,3697.5,3556.35,5340.5,3847.5
3944.95,4273.917,4747.25,3830.188,4469.5,3660.5,3564.55,5396.25,3838.125
3929.65,4249.333,4754.75,3844.375,4501.938,3705.346,3549.75,5326.375,3778.875
3895.45,4277.833,4735.75,3848.438,4504.25,3693.769,3541.2,5300.125,3792.5
3908.45,4289.25,4689.333,3794.062,4510.5,3688.961,3533.6,5308,3812.75
3931.95,4290.25,4704.083,3832.125,4515.875,3691.615,3517.75,5330,3729.375
3922.45,4262.833,4719.083,3832.875,4477.125,3672.154,3530.35,5289.5,3770.75
3925.55,4253.667,4667.333,3822.625,4494.438,3665.461,3496.85,5269.375,3830.25
3919.75,4263.667,4723.833,3818.625,4450.875,3696.808,3526.75,5218.125,3762.625
3940.65,4285.833,4737.667,3816.562,4456.188,3660.692,3501.65,5270.125,3718.625
3914.95,4255.083,4710.75,3829.875,4448.375,3694.961,3515.45,5195,3762.25
3920.5,4237.667,4727.25,3861.062,4443.75,3662.115,3517.45,5196.5,3792.875
3906.1,4294.917,4699.333,3851.5,4425.75,3681.115,3532.45,5195.375,3767.375
3933.15,4260.167,4657.167,3864.312,4427.75,3651.461,3513.85,5130.125,3787.375
3932.1,4293.5,4693.417,3849.938,4414.938,3649.231,3500.7,5178.75,3713.875
3913.3,4256.333,4709.167,3841.312,4412,3657.423,3529.25,5174.5,3725.625
3905.9,4290.167,4662.5,3831.125,4432.125,3649.885,3500.6,5132,3763.25
3886.25,4226.083,4688.5,3832.5,4453.375,3640.846,3489.5,5089.5,3769.125
3917.65,4252.167,4667.917,3827.062,4429.75,3631.5,3502.35,5062.875,3777.625
3895,4256.333,4655.333,3812.188,4413.188,3655.808,3519.6,4999,3809.5
3916.15,4230.667,4667.083,3818.312,4442.625,3625.077,3512.7,5026.125,3790.375
3925.25,4232.5,4690.833,3827.312,4418.5,3666.346,3482.55,5006.25,3816.875
3942.25,4254.75,4624.5,3835.562,4426.75,3647.115,3510.05,4996.875,3761.125
3926.35,4235.083,4631.5,3805.25,4435.188,3651.423,3488.05,5038,3785.5
3945.6,4199.917,4695.833,3828.312,4422.5,3646.192,3478.2,4951,3773
3932.25,4242.25,4628,3822.75,4426.688,3637.385,3500.45,4994.125,3775.75
3926.55,4226.5,4673.833,3811.812,4407,3668.846,3505.35,4963.125,3754.75
3911.1,4236.333,4620.917,3798.062,4402.062,3654.923,3491.95,4947.25,3726.625
3917.45,4237.583,4655.583,3818.375,4368.25,3649.961,3479.55,4910.125,3766
3917.8,4211.417,4628.5,3788.25,4364.438,3630.846,3476.25,4937.125,3775.375
3914.6,4234.833,4613.5,3812.812,4407.688,3631.461,3498.5,4951,3777
3915.25,4220,4616.75,3788.375,4387.375,3638.961,3482.65,4921.375,3790.375
3899.45,4244.583,4630.417,3812.875,4348.25,3634.961,3473.4,4967.875,3743.875
3891.7,4217.083,4611.583,3821.188,4349.062,3622.115,3478.15,4952.625,3740.5
3902,4204.583,4635.667,3816.938,4379.75,3650.961,3471.8,4896.625,3806.75
3874.75,4220.167,4621.417,3796.062,4379.938,3625.385,3476.65,4905.125,3768.875
3904.95,4206.417,4648.333,3823.5,4401.875,3613.423,3469.85,4868.875,3770.375
3929.6,4228.917,4611.5,3795.062,4344.625,3630.269,3471.55,4887.5,3752
3914.3,4212.75,4624.75,3830.875,4333,3609.615,3490.2,4890.875,3749.125
3884.8,4200.083,4585.917,3788.812,4348.062,3586.692,3464.55,4841.625,3734.875
3903.4,4216.083,4626.417,3813,4342.188,3608.808,3469.3,4853.375,3764.875
3871,4169.5,4543.25,3804.562,4343,3604.846,3465.75,4885.25,3771.875
3894.05,4194.833,4583.333,3806.188,4332.438,3649.961,3463.45,4831.375,3794.625
3889,4174.167,4501,3790.562,4348.125,3616.269,3455.8,4828.75,3705
3927,4175,4608.25,3784.75,4357.75,3599.769,3439.4,4892.5,3762
3917.3,4145.583,4581.917,3761.625,4304.625,3612.461,3437.75,4865.5,3694.875
3892.25,4197.333,4592.667,3777.812,4324.5,3606.423,3444,4824.875,3690.25
3913.55,4171,4591.25,3799.188,4344.562,3613.192,3437.7,4831.125,3699.75
3909.5,4141.167,4593.083,3804.312,4354.312,3568.615,3455.3,4792.75,3691.25
3911,4168.583,4578.667,3740.812,4325.875,3601.692,3465.7,4908.625,3704.625
3894.75,4190.083,4537.583,3796.562,4340.875,3610.769,3466.35,4866.375,3759.125
3887.9,4195.167,4548.25,3784.5,4316.438,3595.154,3442.9,4788.875,3721.625
3888.15,4159.75,4616.25,3781.938,4285.938,3592.308,3443.5,4792.5,3743.625
3895.5,4146.083,4569.917,3775.688,4281.375,3612.961,3440.4,4762,3685
3895.9,4150.583,4582.5,3786.625,4283.312,3596.5,3442.65,4744.375,3650.5
3873.15,4208.917,4588.417,3760.375,4319.625,3595.269,3460.6,4785.125,3688.75
3901.85,4180.333,4549.083,3772.5,4313.875,3593.769,3441.85,4692.125,3728.125
3883.95,4187.5,4555.833,3786.938,4315.875,3615.885,3444.85,4809,3701
3892.95,4197.5,4563.5,3781.812,4295.688,3609.385,3427.35,4687.625,3755.5
3886.25,4161,4571.917,3802,4291.812,3593.577,3459.05,4708.25,3748.25
3876,4182.917,4560.083,3770.125,4283.875,3591.961,3422.15,4735.625,3679.5
3886.25,4177.417,4538,3755.625,4265.688,3592.885,3459.6,4673.5,3703.25
3903.7,4191,4562.917,3768.438,4284.625,3615,3436,4735.5,3722
3858.2,4143.167,4544.667,3786.938,4272.812,3610.423,3427.3,4713.875,3628.875
3912.8,4116.167,4575.333,3744.375,4292.688,3570.923,3431.95,4701.75,3680.375
3897.25,4155.833,4536.083,3780.125,4308.625,3580.5,3426.45,4651.375,3679
3895.95,4180.333,4560.833,3756.562,4304.75,3575.385,3439.55,4607,3687.875
3872.9,4171.667,4569.25,3753.062,4276.125,3581.961,3443.2,4691.125,3733.875
3846.4,4173.917,4579.583,3751.312,4284.438,3557.5,3433.35,4694.5,3664.375
3870.1,4150.5,4548,3766.562,4240.875,3567.231,3451.65,4634.25,3722.75
3869.55,4146.417,4514.5,3765.062,4286.875,3564.769,3439.65,4646.25,3753.875
3889.55,4102.25,4581.333,3787.5,4263.875,3572.115,3457.7,4659.625,3737.625
3873.65,4158.417,4488.083,3782.188,4270.375,3579.769,3441.45,4627.5,3653.375
3919.25,4151,4555.5,3781.625,4255.75,3563.808,3430.45,4626,3735.875
3872.8,4172.083,4544.833,3814.125,4260.188,3587.539,3451.6,4627.25,3692.125
3886.2,4171.333,4546.5,3786.875,4285.5,3564.154,3437.8,4612.5,3691.625
3861.9,4137.167,4535.417,3763.688,4274.562,3569.808,3425.7,4623.125,3704.25
3887.75,4144.167,4502,3758.438,4239.688,3549.115,3443.45,4618.625,3740.875
3875.25,4144.083,4525.667,3781.75,4256.312,3555.846,3442.5,4572.125,3720.25
3847.55,4113.75,4486,3803.812,4276.438,3575.923,3421.65,4668.625,3748.5
3874.4,4111.167,4525.75,3765.938,4239.312,3565.039,3446.2,4636.125,3723.75
3928.5,4133.833,4590.417,3758.938,4260.562,3535.885,3409.7,4609.625,3685.25
3871.15,4134.083,4520.333,3778.25,4278.125,3573.346,3439.9,4647.875,3699.625
3902.9,4136.75,4542.583,3793.625,4225,3531.615,3398.25,4630.625,3672.375
3894.25,4155.417,4537.5,3776.188,4234.062,3554.346,3403.15,4638,3738.125
3877.5,4123.083,4510.167,3775.375,4235.938,3532.423,3425.9,4609.875,3692.5
3874.5,4123.083,4492.25,3776.188,4205.125,3554.808,3422.15,4572.75,3665.625
3884.75,4103.917,4532.083,3747.438,4208.188,3577.654,3418.05,4562.375,3656.5
3879.2,4108.833,4470.5,3771.5,4229.938,3549.308,3418.55,4599.375,3686.5
3885.1,4092.417,4523.25,3782.062,4219.875,3552.923,3385.4,4590.125,3725.875
3895.45,4118.667,4455.917,3748.812,4203.625,3568.461,3406.35,4589.75,3726.875
3882.15,4128.75,4526.75,3770.938,4198.5,3551.885,3429.7,4593.25,3642.125
3880.5,4109.167,4517.417,3723.062,4235.062,3556.961,3375.9,4595.125,3623
3875.65,4140.167,4481.083,3764.438,4208.125,3568.769,3401.8,4587.25,3602.125
3858.65,4118.417,4532.167,3769.062,4233.938,3564.039,3409.9,4563.5,3696.5
3866.55,4107.083,4491.25,3777.312,4201.5,3552.692,3420.35,4575.5,3683.25
3859.45,4128.167,4465.167,3761.438,4170,3548.654,3426.5,4577.375,3655.875
3904.55,4138.333,4508.833,3761.188,4188.312,3533.115,3406.25,4588.5,3696.75
3875.95,4116.667,4517,3774.812,4206.125,3540.769,3428.7,4610.75,3640.5
3878.55,4144.75,4506.167,3735.562,4221.438,3549.231,3385.05,4551.75,3635.625
3873.8,4129.167,4504.25,3777.375,4184.812,3514.346,3413.6,4510.125,3605.375
3877.05,4089.583,4512.167,3742.875,4188.125,3534,3405.6,4597.875,3597.875
3866.65,4070,4494,3772,4194.938,3531.192,3398.75,4608.25,3597.625
3863.05,4081.25,4492.5,3744.375,4204,3523.808,3379.05,4556.875,3575.75
3868.15,4049.167,4513.083,3757.75,4206.875,3546.231,3405.3,4510.625,3582.875
3864.1,4062.167,4495.167,3769.688,4187.375,3499.423,3415.3,4539.75,3568.375
3866.5,4119.583,4520,3752.438,4161.438,3539.923,3432.45,4556.125,3578.75
3876.95,4105,4491.667,3738.625,4189.375,3507.885,3385.55,4555.125,3568
3870.3,4123.583,4468.833,3742.875,4172.188,3542.077,3384.85,4518.125,3636
3853.4,4104.583,4457.25,3732.688,4217.188,3525.692,3428.5,4521.625,3654.25
3866.6,4127.833,4448.833,3742.125,4199.125,3524.154,3414.25,4499.625,3607
3880.85,4119,4488.25,3735.75,4156.562,3533.654,3416.9,4524.75,3621.75
3867.7,4074.75,4516.167,3757.062,4195.938,3544,3406.9,4501.25,3641.25
3880.15,4101,4463.833,3740.75,4166.5,3565.231,3440.65,4499.625,3588.25
3879.25,4122.583,4484.083,3727.562,4180.438,3510.731,3422.6,4512.75,3616.125
3880.5,4120.333,4473.417,3745.125,4163.062,3534.192,3413.35,4522,3602.375
3872.15,4051.333,4442.167,3770.938,4165.438,3525.115,3390.2,4519.5,3608.875
3898.25,4079.25,4452.667,3731.125,4168.938,3533.231,3396.4,4489.75,3637.875
3840.85,4092.333,4500.333,3768.688,4180.625,3519.615,3398.9,4551.625,3602
3858.2,4112.833,4463.917,3750.062,4160.438,3529,3414.9,4475.75,3671.875
3851.65,4087.917,4458,3712.438,4149.125,3539.615,3383.1,4503.875,3620.25
3883.7,4083.583,4522.833,3742.75,4175.375,3514.885,3392.2,4522.75,3668
3873.15,4104.333,4437.833,3757.812,4167.875,3548.385,3425.1,4535.25,3657.375
3846.55,4098.833,4485,3727,4152.75,3524.885,3423.75,4459.375,3655
3853,4102.75,4437.083,3747.188,4216.375,3519.654,3402.1,4459.5,3680.5
3856.75,4112.75,4407.75,3721.75,4152.375,3539.654,3412.45,4443,3615.5
3879.6,4085.083,4454.5,3762.688,4135.562,3511.885,3408.65,4461.375,3614.875
3865.6,4052,4442.5,3739.125,4109.5,3521.731,3415.25,4441.875,3611.375
3887.2,4065.167,4430.25,3749.938,4134.125,3518.885,3384.7,4415.875,3620.5
3837.3,4085.75,4489.667,3708,4145.375,3502.885,3396.35,4504,3592.75
3854.45,4042.083,4431.417,3750.25,4149.375,3503.577,3385.95,4533.25,3582
3833.1,4070.167,4444.417,3777.188,4126.625,3535.885,3385.5,4443.125,3627.5
3841.55,4140.417,4419,3720.312,4130.438,3512.654,3390.85,4460.5,3610.25
3857.45,4073.5,4445.417,3743.5,4113,3505.808,3388.1,4476.125,3549.125
3838.9,4023.833,4392.667,3728,4124.812,3505.846,3396.35,4460.25,3604.5
3868.45,4072.917,4437.167,3738.562,4152.875,3492.154,3370.7,5399.5,3664.875
4058.4,4104.667,4430.333,3766.938,4110.625,3503.731,3368.95,7128.5,3779.625
4444.2,4042.667,4442.333,4045.562,4163.812,3581.615,3393.05,8655.125,4032.5
4984.8,4073.5,4414,4294.375,4105.188,3827.885,3730.05,10956.625,4583.75
5229.9,4147.583,4417.833,4531.312,4145.812,4085.769,4273.05,12868.375,4898.125
5093.3,4150.25,4423.667,4426.25,4151.188,4138.846,4353.25,12385.5,4797.875
5187.05,4151.25,4431.333,4620.5,4120.5,4175.539,4525.55,12294.25,4809.875
6515.5,4508.333,4848,5167.25,4282.188,4506.692,5437.2,13780.875,5470.125
9082.55,4896.083,5572.583,6293.5,4840.312,5036.385,6680.9,15757,6606.125
9267.95,4853.417,5664.917,6711.125,5089.062,5268,7301.1,15497.375,6732
8775,4819.417,5530.25,6605.75,5159.562,5269.385,7284.25,15022.5,6525.875
10003.75,5301.333,6064.417,7432.812,5935.938,5741.692,8219.35,16173,7352.125
12138.3,6071.917,7190.083,9076.875,6741.188,6625.461,9662.05,18168.75,8597.25
12096.4,6212.167,7937.333,9952.125,7244.312,7464.154,10979.4,18255.375,8923.375
11381.85,6143.333,7894.667,9626.688,7324.562,7819.346,11425.2,17456.875,8567.125
11201.7,6427.167,8078,9457.625,7582.062,8299.73,11904.35,17768.125,8785.375
12207.4,7219.917,9369,10054.875,8323.125,9197.885,12958.65,19419.875,9502.875
13157,8532.583,11414.833,10568.938,9471.75,10401.615,13602.5,21189.375,10330.625
12923.9,9799.75,12744.667,10663.312,10451.125,11466.423,13737.8,21185,10520.5
12296.65,10013.75,12702.417,10216.625,10533.125,11665.5,13502.45,20438.75,10286.125
12287.4,10598.25,12828.583,10093.188,10858.312,11663.923,13277.35,20620.75,10158.75
13179.85,12023.417,13676.583,10358.75,11396.375,12029.654,13494,21510.625,10902.125
12659.75,12489.167,13384.083,9993.125,11417.562,12017.538,13144.4,21093.5,10639.25
11920.45,12107.583,13068.5,9492.438,11209.5,11626.77,12828.45,20182,10409.125
11365.75,11735.75,12611,8966.812,10986.125,11287.154,12412.05,19763.75,10146.125
11848.2,11993.583,12553.833,9006.062,11003.938,11166.692,12303.1,21530.625,10594.25
13559.2,13053.25,13170.167,9797.562,11674.688,11740.077,12850.4,24366.25,11686.875
13748.35,14280.667,13843.667,10204.812,11968.875,12247.23,13285.95,24182.5,12130.25
13198.6,14377.583,13833.833,9971.875,11883.562,12407.538,13279.2,23596.375,11799.25
12423.45,14149,13411.25,9570.812,11601.312,12076.885,12957.2,22892.375,11349.25
12525.3,14080.417,13412.25,9509.625,11503.875,11913.923,12712.4,23885.625,11380.75
13821.75,14881.917,14324.083,10609.875,12133.938,12358.346,13105.35,26582,12747.5
14056.6,15794.333,14819.667,10983.938,12473.75,12850.346,13352.35,26480.875,13033.125
13371.95,15386.417,14571.75,10572,12199.812,12543.923,13038.75,25692.625,11938.625
12730.6,14932.583,14217.083,10018.188,12017.375,12225.846,12623.9,24990.375,11503.5
13601.3,15161.5,14323.917,10327.438,12058.5,12076.923,12600.6,27305,12159.25
15426.5,16677.5,16049.667,11479.688,13034.75,12851.885,13078.55,29904,13050.875
15813.6,18004.584,17415.5,11997.625,13949.312,13627.308,13471.6,30324.125,13810.25
15375.9,18360.416,17495.584,11865.062,13968.5,13810.23,13322.1,29793,13838
15084.75,18396.916,17121.166,11604.438,13875.5,13491.23,13195.3,29790.375,13650.375
15014.25,18130.084,17076.416,11572.875,13786.25,13211.808,12918.4,30221.75,13429
14726.45,17774.75,16978.916,11411.188,13596.5,12924.615,12567.3,29801.125,13029.875
14145.2,17274,16411.584,10925.875,13401.312,12590.77,12215.5,28929.125,12607.5
14019.1,16807.666,16270.25,10742.188,13298.875,12325.577,11995.85,29522.125,12713.75
15800.5,17543.834,17489.666,11756.188,14080.062,12742.654,12615.95,32306.25,13720.75
16923.449,18563.334,19229.916,12563.5,15120.25,13354.154,13227.95,33137.375,14084.125
16826.301,18672,19335.834,12555.375,15267.625,13519.192,13161.3,32594.625,13958
16140.9,18437.166,18926.416,12186.938,15044.312,13274.038,12998.35,31558.125,13497.875
15226.5,17859.916,18387.25,11669.375,14683.312,12875.462,12568.15,30726.375,13176.375
14757.55,17302.916,17847.75,11193.062,14349.25,12497.23,12200.5,30350.625,13090.5
15326.65,17296.084,18086.584,11530.25,14577.875,12497.846,12223.3,32116.375,13660
16049.75,17571.584,18808.666,12172.688,15401.875,12880,12602.5,33699.125,14408.75
15903.4,17726.834,19203.75,12295.688,15463.062,12995.115,12747.45,33290.875,14407.75
15640.5,17528.75,19239.584,12074.938,15486.312,12827.308,12585.3,33095.125,14468.625
16050,17933.416,20014,12325.938,16253.938,12995.923,12894.15,34133.375,14850.875
16847.801,18979.584,21742.584,12904.375,17460.625,13633.846,13346.95,34879.75,15373.875
17031.199,19576.5,22564.666,13140.812,18285.312,13927.385,13661.4,35053.875,15530.875
16495.9,19359,22133.916,12818.75,17978.812,13688.73,13285.35,34439.625,14601.25
15658.45,18824.25,21520.834,12427.25,17489.312,13345.115,12955.7,33602.5,14164.25
14939.45,18298.916,20924,11936.125,17211.625,13043.346,12628.9,32601.75,13584.75
14092.9,17661.5,20469.834,11229.938,16711.625,12654.538,12145,31702.125,13151.375
13307.65,17060.416,19851.25,10630.875,16332.75,12320.692,11839.45,30797.125,12635.625
12654.5,16574.416,19300.416,10025.562,15931,11992.962,11463.5,30149.625,12204.5
11969.7,15955.583,18743.334,9562.688,15638.562,11707.923,11136.8,29212.625,11865
11370.8,15430,18338.25,8993.062,15364.188,11336.692,10926.65,28693,11456.25
10795.55,14838.333,18002.25,8564.438,15010.062,11033.192,10521.35,28077,11162.25
10373.65,14448.917,17627.5,8183.188,14697,10793.27,10215.55,27501.5,10566.75
9918.6,13902.167,17210.916,7794.25,14417.375,10503.846,9981.65,26866.375,10362
9506.35,13533.167,16905.584,7453.875,14144.438,10258.23,9759.75,26326.125,9990.25
9108.45,13212.917,16483.666,7209,13877.188,9973.846,9487.45,25891.125,9957.75
8796.45,12819.667,16139.917,6942.938,13647.438,9822.962,9296.25,25418.75,9924.125
8423.1,12510.333,15839.417,6736.438,13384.688,9568.654,9022.7,24966.625,9608.625
8180.7,12115.5,15444,6471.125,13012.562,9345.23,8791.95,24509.5,9489.5
7995.55,11853,15139.417,6314.688,12841.875,9111.5,8595.75,24117.125,9077.375
7678.9,11464.167,15032.667,6177.062,12507.25,8919.038,8340.5,23799.75,8674.25
7497.25,11259.25,14606.75,5967.938,12327.75,8722,8162.6,23406.875,8645.375
7289.3,10842.083,14412.25,5819.125,12078.625,8549,7921.55,23176.625,8464.875
7097.75,10661.667,14114.917,5738.625,11986.562,8374.27,7809.1,22728.125,8178.75
6929.8,10413.917,13826.167,5570.562,11811.438,8264.308,7579.65,22427.25,8102.5
6801.15,10187.75,13694.417,5482.25,11711.875,8082.039,7418.7,22009.125,7926.75
6680.6,10030.167,13381.833,5413.25,11468.5,7928,7316.2,21838.25,7815.625
6463.7,9874.333,13135.25,5293.375,11370.75,7779.192,7181.35,21361.75,7705.375
6354.85,9748.5,12944.167,5199.688,11218.688,7691.961,7117.15,20944.875,7631.125
6223.05,9467,12673.75,5180.125,11032.5,7574.577,6927.4,20640.125,7406.625
6097.6,9328.667,12633.75,5097.25,10926.188,7440.5,6842.1,20297.75,7263.25
5996.5,9115.083,12415.333,5000.062,10717.062,7285.615,6679.5,20109.75,7183.625
5927.6,8970.167,12208.417,4884.625,10598.75,7151.231,6537.15,20050.625,7065.375
5819.8,8832.667,12089.25,4838.562,10578.062,7077.808,6524.8,19607.75,7044.375
5690.65,8688,11928.667,4819.25,10394.625,7039.269,6381.1,19501.75,7132.125
5606.05,8582.167,11868.083,4784.188,10320.062,6915.346,6242.85,19230.875,6883.25
5557.85,8417.667,11589.25,4777.688,10173.812,6804.039,6191.6,18956.25,6788.25
5486.1,8246.25,11578.583,4670.812,10044.312,6682.577,6051.5,18675,6667.875
5381.85,8160.417,11198.583,4661.5,9986.312,6612.461,5990.4,18553.875,6520
5345.65,8008.583,11178.75,4637.375,9823.562,6560,5941.4,18115.875,6349.875
5295.75,7969.5,10954.333,4576.625,9715.75,6493,5843.75,17890.125,6349.25
5194.2,7817.75,10854.917,4604.875,9613.375,6369.5,5775.45,17698.625,6478.875
5170.4,7725.917,10671.167,4552.875,9529.75,6328.769,5736.1,17575.5,6365.25
5061.6,7694.583,10572.583,4491.5,9432.125,6190.769,5601.5,17308.75,6256.875
5059.25,7544.75,10473.75,4466.938,9311.25,6187.115,5516.25,17089.25,6122.25
5006,7349.917,10413.5,4436.688,9204.188,6134.154,5475.4,17026.75,6036
4923.25,7313.25,10257.333,4393.875,9138.812,6081.961,5409.6,16531.5,5933.875
4908.25,7271.75,10110.917,4392.938,9066.5,5994.885,5367.1,16279.5,5795.5
4830.55,7151.833,10029.333,4338.438,9044,5960.539,5330.1,16112.75,5723.125
4834.9,7103.25,9936.5,4377.625,8937.188,5889.961,5274.15,15858.75,5783.875
4795.1,6975.25,9792.833,4330,8840.875,5842.615,5220.75,15831,5772.875
4756.95,6939,9723.167,4314.562,8720.688,5793.385,5148.1,15513.375,5651.25
4722.1,6832.833,9634.167,4266.812,8651.75,5707,5064.35,15315.25,5640.625
4656.65,6808.417,9502.25,4287.25,8616.438,5693.654,5064.15,14940.375,5563.625
4676.6,6734.167,9437.75,4251.062,8568.25,5644.539,5044.5,14858.625,5623.125
4609.95,6668.167,9290,4221.438,8459.562,5607.577,5002.25,14768,5460.375
4598.9,6612.167,9211.083,4260.812,8366.812,5557.346,4905.15,14755.125,5341.375
4598.8,6538.583,9188.833,4253.875,8361.438,5503.577,4858.55,14420,5310
4531.65,6505.083,9074.25,4227.312,8318.812,5486.423,4819.5,14260,5231.25
4496.8,6408.5,8931.083,4229.75,8174.312,5444.577,4818.65,14270.25,5189.625
4478.8,6400.333,8867.833,4228.5,8082,5408.846,4722.2,14075.125,5109.75
4474.85,6367.25,8775.25,4252,8030.375,5388.269,4691.75,13924.625,5107.125
4430.7,6226.25,8724.083,4297.125,7983,5317.539,4633.85,13834.5,5105
4413.65,6179.25,8666.583,4225.312,7853,5295.885,4616.55,13600.5,4951.375
4401.8,6165.917,8529.333,4278.312,7824,5248.269,4584.75,13418.875,4948.125
4385.1,6070.333,8399,4270.562,7760.188,5185.808,4548.55,13239,4898.375
4368.65,6042.25,8371.5,4255.75,7712.188,5147.385,4520,12981.375,4868.25
4372.5,5986.917,8346.917,4245.062,7673.25,5139.423,4491.1,12833.875,4935
4318.55,5940.917,8268,4268.375,7617.438,5094.731,4506.6,12663.625,4832.125
4315,5882.833,8191.167,4300.375,7636.812,5088.885,4449.35,12539,4797.625
4298.4,5858.5,8160.583,4307.938,7546.562,5049.423,4455.4,12367.75,4749
4283.65,5840,8060.333,4310.938,7528,4973.5,4414.9,12160.5,4714
4258.75,5763.833,7965.667,4341.125,7432,4956.231,4398.75,12017.625,4710.375
4262.5,5723.667,7933.083,4336.375,7437.125,4934.692,4336.8,11753.5,4680.5
4228.3,5704.583,7861.833,4303.562,7294.625,4895.846,4299.85,11671.625,4596.875
4229.35,5633.583,7830.75,4292.812,7334.688,4866.654,4272.5,11565.75,4605.625
4175.35,5678.583,7733.583,4289.875,7265.062,4844.923,4248.8,11435.875,4597.875
4185.9,5609.75,7703.083,4278.812,7228.062,4771.5,4263.2,11264,4601.5
4221.25,5576.417,7623.167,4250.125,7208.875,4735.808,4222.05,11157.75,4513.75
4173.25,5475.917,7652.417,4249.875,7174.625,4692.769,4207.05,10881,4413.875
4202.3,5489.667,7534.75,4221.812,7103.812,4655.692,4179,10828.5,4398.875
4185.7,5385.667,7494.333,4198.938,7044.812,4663.039,4137.75,10665.375,4472.125
4163,5391.833,7426.833,4191.812,7057.688,4630.461,4104.4,10558.25,4394.5
4170.05,5404.083,7363.75,4150.438,6899.438,4598.192,4108.4,10415.75,4408
4152.25,5336.583,7365.75,4124.438,6922.875,4537.692,4106.35,10290.625,4348.375
4144.6,5323.5,7265.917,4161.312,6890.062,4518.961,4037.4,10040.75,4424.25
4108.3,5300,7164.917,4105.438,6831.125,4475.692,4066.75,10020.5,4382.125
4108.05,5300.167,7169.833,4106.062,6772.875,4483.346,4044.3,9922.375,4306.625
4111.7,5227.667,7104.083,4059.562,6773.438,4461.808,4004.2,9915.25,4282.625
4098.25,5226.25,7092.5,4059.438,6676.875,4455.615,4020.8,9700.375,4248.75
4064.15,5196.75,6959.333,4022.75,6655.312,4409.423,3991.8,9602,4256.875
4096.9,5142.333,6928.083,4008.938,6594,4398.039,3953.95,9551.375,4198
4075.75,5126.667,6864.333,4037.375,6520.25,4386.539,3937.95,9457.875,4195.875
4067.55,5058.5,6903.167,3996.875,6503.438,4362.461,3918.8,9296.75,4176.5
4085.35,5088,6745.25,3972.062,6519.812,4324.885,3915,9172.625,4156.25
4097.4,5078.25,6816.167,3967.875,6490,4330.346,3872.35,9117.625,4144.375
4097.5,5040.917,6746.083,3958.25,6450.375,4280.577,3873.9,9009.875,4085.75
4065.7,4990.5,6709.667,3919.938,6406.875,4289.115,3857.75,8900.875,4052.875
4031.4,5008.75,6601.25,3973.812,6387.875,4248.654,3866.95,8824.5,4033
4032.5,4964,6553.083,3947.125,6291.188,4224.192,3851.9,8657.125,4078.375
4032.15,4945.833,6597.5,3918.75,6309.75,4223.539,3819.4,8571.75,3986.5
4032.4,4934.667,6508.75,3920.375,6235.312,4187.192,3798.65,8538.125,3956.375
4011.8,4911.333,6482.583,3905.312,6193.125,4158.077,3771.35,8433.875,3976.625
4000.1,4893.167,6458.917,3919.375,6148,4142.961,3796.8,8340.125,3934.5
4012.1,4881.917,6378.167,3872.438,6092.062,4121.308,3751.7,8254.125,3916.875
4021.25,4820.833,6388.083,3906.688,6076.062,4100.115,3771.15,8121.125,3953.75
3983.6,4859.25,6334.083,3884,6058.438,4101.539,3751.8,8010.875,3868.625
4010.15,4788.417,6311.667,3912.438,6001.938,4089.115,3758.8,7991.875,3892.625
4016.6,4766.5,6205.833,3842,5955.75,4037.039,3697.75,7886.75,3877.25
4028.15,4781.917,6209.75,3853.562,5948.938,4036.423,3685.3,7753.25,3850.5
3982.9,4774.5,6139.333,3835.938,5880.625,4058.269,3709.65,7751.75,3892.375
3968.2,4743.833,6177.417,3868.5,5896.312,4037.5,3687.75,7622.75,3904.25
4010.6,4716.083,6096.417,3838.188,5839.25,4001.539,3682.2,7614.875,3847.875
4010.45,4711.583,6044.5,3841.25,5798.625,3980.846,3690.5,7525.75,3842
3982.15,4773.167,6077.167,3857.562,5828.562,3976.731,3658.85,7435.875,3858.75
4011.25,4673.083,5989.5,3845.938,5753,3935.846,3648.5,7374.25,3859.75
3983.7,4670.167,6020.5,3840,5789.188,3958.654,3637.9,7327,3784
3980.4,4671,5922.75,3811.5,5722.562,3976.077,3582.9,7340.375,3788.5
3974.75,4639.167,5956.833,3822.562,5744.75,3951.692,3630.5,7228.375,3826.375
3975.05,4659.25,5930.167,3833.375,5758.438,3940.692,3574.7,7118.25,3717.625
3958.45,4605,5852.25,3852.438,5689.25,3908.5,3610.05,7171.625,3799.875
3962.15,4606.833,5850.75,3822.188,5682.125,3918.115,3600.6,7010.625,3764
3966.4,4569.333,5813,3811.75,5618.062,3929.5,3604.3,6969,3782.125
3916.85,4585.083,5860.667,3836.188,5524.812,3903.308,3578.75,6955.625,3863
3947.4,4626.083,5863.333,3839.25,5590.688,3896.923,3574.6,6905.5,3912.125
3933.45,4595.917,5761.333,3840.812,5536.062,3898,3554.95,6763.25,3795.75
3929.25,4535.083,5765.667,3805.188,5515.375,3890,3543.2,6723.25,3800.5
3935.8,4547.417,5764.25,3802.188,5541.5,3914,3570.6,6693.75,3823.25
3951.5,4566.333,5762.667,3802.125,5507.625,3865.654,3573,6632,3769.125
3952.05,4587.917,5718.583,3826.125,5480.75,3858.615,3551.35,6552.5,3778.25
3941.7,4537.333,5691.667,3820.812,5492.75,3851.039,3582.3,6469.875,3755.625
3937.1,4506.917,5570.083,3796.312,5435.25,3840.692,3531.05,6402.25,3720.25
3929.75,4463.833,5585.25,3769.562,5414.625,3817.961,3539.85,6390.25,3746.625
3937,4502.083,5553.167,3807.188,5401.188,3805.731,3510.8,6316.75,3700.375
3950.7,4445.083,5538.25,3763,5312.125,3785.5,3540.15,6222.5,3687.5
3951.1,4480.75,5545.417,3816.375,5326.5,3790.615,3528.25,6181.125,3709.875
3954.45,4482,5488,3764.125,5279.812,3774.308,3520.7,6165.625,3610
3949.85,4452.583,5499.167,3775.062,5267.438,3783.192,3517.95,6144.875,3661.625
3956.1,4373.417,5394.5,3769.5,5269.438,3760.769,3493.6,6065.375,3664.125
3932.2,4439.167,5440.417,3778.312,5234.562,3754.885,3487.9,6010.125,3641.25
3901.65,4413.25,5387.667,3776.438,5187.562,3761.923,3464.9,6030.75,3587.125
3897.25,4394.583,5317.167,3793.875,5165.125,3736.5,3471,5954.125,3605.375
3907.35,4434.25,5353.583,3799.25,5209.812,3712.192,3473.8,5921.125,3642.25
3911.8,4407.583,5355.083,3788.688,5150.062,3721.885,3492.15,5913,3653.25
3923,4415,5364,3792.812,5142.625,3688.731,3483.45,5841,3626.625
3936.8,4374.083,5297.75,3760.188,5083.75,3718.385,3472.5,5836.875,3655.625
3948.45,4377.833,5324.25,3804.75,5164.312,3718.731,3485.2,5794.125,3623.75
3908.35,4377.917,5328.917,3816.688,5070.562,3699,3450.85,5798.375,3662.125
3899.9,4435.083,5294.333,3775.938,5066.125,3679.385,3454.3,5722.5,3610.125
3930.05,4365.333,5288,3779.5,5058.312,3676.615,3434.25,5706.5,3549.375
3911.05,4358.917,5243.417,3782.5,5024.5,3659.846,3457.8,5633.125,3588.5
3888.55,4362.833,5225.25,3717.938,5025.375,3671.5,3469.8,5663.125,3602.625
3909.8,4396.083,5239.667,3755.625,5003.5,3645.885,3423.5,5631.5,3625.625
3888.8,4343.333,5183.333,3738.938,4988.125,3657.308,3451.45,5624.625,3637.625
3901.6,4359.833,5235.25,3744.438,4935.938,3680.539,3449.65,5538.125,3619.5
3916.3,4340.167,5165.75,3738.625,4964.438,3670.385,3421.25,5504.625,3586.5
3931.3,4410.917,5169.417,3760.625,4940.375,3637.192,3473.4,5475.625,3633.25
3901,4355.917,5184.75,3737.625,4925.938,3638.731,3429.25,5487.25,3691.875
3913.55,4381.083,5110.583,3743.375,4870.25,3641.923,3425.05,5492.5,3701.125
3936.7,4351.667,5150.583,3753.625,4921.375,3632.539,3440.5,5433,3585.25
3897.05,4303.583,5121.417,3755.875,4877.75,3655.961,3402.9,5373.625,3608.125
3897.25,4348.417,5124.583,3752.25,4888.688,3622.769,3436.25,5400.5,3586
3920.6,4338.333,5050.583,3760.438,4842.75,3635.923,3425.3,5399.75,3551.375
3938.45,4303.833,5091.75,3722,4835,3624.5,3434.05,5365.125,3540.75
3894.05,4292.333,5057.917,3746.812,4846.875,3603.154,3408.6,5304.625,3524.375
3916.45,4336.75,5066.833,3754.062,4805.562,3631.077,3397.15,5306.375,3505.25
3896.35,4263.167,4996.583,3750.5,4764.938,3617.154,3410.35,5290.375,3510
3919.2,4282.333,5013.75,3736.375,4785.875,3627.846,3416.7,5281.25,3507.75
3914.65,4269,4989.25,3744.188,4758.125,3608.346,3382.6,5235.25,3489.75
3906.05,4233.833,4987.25,3710.562,4757.438,3585.961,3416.8,5186.625,3482.875
3901.35,4272.667,5014.833,3756.688,4718.688,3595.077,3413.25,5246.875,3515.875
3889.75,4284.833,5018,3748.5,4757.438,3575.654,3395.05,5145.75,3550.375
3879.6,4203.583,4982.333,3747.875,4703.312,3620.115,3396.6,5163.75,3458.375
3918.1,4217.5,4984.167,3731.188,4714.375,3569.423,3390.7,5135.125,3495
3907.2,4258.75,4959.583,3745.688,4688,3605.846,3383.4,5092.875,3524.625
3899.75,4276,4918.083,3717.188,4674.25,3595.461,3376.5,5095.125,3490.875
3916.6,4239.083,4928.667,3753.25,4715.375,3588.885,3396,5041.875,3552.5
3925.3,4229.083,4884.833,3732.375,4661.375,3586.692,3402.1,5120.125,3490.75
3901.3,4216,4879.833,3725.688,4685.562,3597.5,3378.85,5012.5,3500.125
3930.85,4278.917,4865.25,3698.875,4643.438,3564.769,3355.3,5022.75,3506
3894.95,4236.583,4904.417,3708,4667.375,3589.269,3372.95,4997.875,3488
3880.3,4170.25,4889.583,3728.062,4636.688,3569.923,3393.35,4962.75,3472.5
3899.8,4194.917,4877.333,3725.25,4692,3576.461,3396.55,4990.5,3444.25
3914.25,4242.75,4871,3707.625,4640.812,3577.154,3385.4,5059.75,3477.25
3888.35,4228.917,4862.083,3727.188,4623.75,3597.885,3387.2,4962.75,3452
3923.6,4217.333,4826.167,3729.125,4599.562,3573.385,3382.75,4940.875,3483.5
3882.75,4200.75,4833.333,3721.688,4571.625,3562.346,3382.55,5047.375,3491.875
3870.7,4218.583,4785.583,3726.875,4612,3543.615,3393.3,4982.5,3494.625
3905.65,4233.417,4865.167,3732.75,4573.75,3586.461,3373.8,4969.625,3553.625
3903.7,4184.833,4782.833,3704.938,4591.875,3574.269,3377.75,4932.5,3464.625
3889.3,4184,4809.583,3713.812,4597.812,3551.692,3365.75,4931.75,3417.125
3902.2,4203.833,4843.833,3719.312,4567.75,3552.769,3379.05,4921.125,3435.75
3899,4176.583,4786.25,3702.688,4531,3532.346,3367.5,4860.75,3409
3904.95,4194.417,4803.5,3736.375,4569.875,3560.385,3390.6,4896.5,3471.25
3882.3,4179,4791.417,3741.688,4520.438,3515.961,3362.75,4900.875,3478.375
3880.65,4183.25,4796.333,3738.562,4525.688,3531.769,3364.8,4892.75,3446.75
3853.55,4204.583,4753.167,3696,4527.562,3530.808,3352.45,4862.375,3443.875
3895.05,4139.667,4727,3705.188,4508.438,3526.346,3346.45,4848.75,3483.25
3883.1,4180.25,4694.583,3714.938,4519.562,3536.231,3332.45,4861.875,3452
3879.9,4185.667,4750.5,3718.188,4492.438,3556.423,3386.95,4834.5,3473.375
3895.85,4152.25,4691.083,3698.812,4506.125,3514.615,3349.35,4849,3437
3911.35,4176.167,4691.917,3706.5,4447.75,3522.077,3348.95,4822.25,3383.25
3866.7,4160.5,4727.917,3740.062,4471.625,3519.308,3375.6,4733.75,3417.75
3870.05,4191.5,4679.667,3687.062,4445.375,3521.885,3341.25,4824.875,3394.625
3871.55,4150,4728.333,3733.312,4463.062,3496.692,3358.1,4779.75,3436.25
3872.05,4160,4670.5,3736.938,4432.688,3536.961,3352.25,4797.25,3421.625
3886.7,4188.75,4738.5,3715.562,4456.188,3512.308,3345.7,4726.25,3415.5
3888.35,4166.917,4653.583,3731.875,4420.125,3500.077,3327.25,4734.5,3407.75
3900.05,4122.333,4658.167,3721.688,4411.375,3521.577,3348.65,4793.625,3470.625
3872.8,4138.5,4619.083,3712.938,4412.75,3512.269,3349.15,4758.25,3444.375
3871.45,4102.917,4633.833,3685.688,4439.375,3510.077,3364.3,4744,3424.75
3856.7,4163.667,4676,3751.25,4384.312,3513.5,3354.95,4727.875,3429.75
3890.7,4148.667,4672,3696.875,4393.375,3515.385,3326,4696.125,3382.75
3889.7,4196.25,4671,3696.438,4411.062,3490.961,3341.9,4693.75,3457
3895.85,4145,4631.583,3700.562,4366.5,3498.692,3350.45,4694,3409.5
3886.7,4138.5,4657.083,3696.688,4346.938,3534.5,3358.2,4660.625,3417.25
3856.45,4103,4576.5,3715.625,4351.125,3510.385,3350.35,4646.5,3406.625
3881,4149.333,4630.833,3687.562,4334.812,3483.346,3336.25,4682.875,3415.75
3890,4119.917,4606.917,3699.875,4363.375,3528.961,3332.55,4696,3418.5
3855.3,4115.417,4589.75,3685.5,4359.938,3465.461,3355.05,4763.625,3490.25
3860.4,4121.167,4607.333,3693.875,4349.562,3490.308,3342.8,4733.875,3489.875
3891.55,4109.25,4610,3722.625,4295.062,3489.077,3325.65,4635.5,3378.625
3872.55,4131,4611.667,3728.438,4330.312,3492.577,3346.7,4639,3364.625
3861.85,4113.5,4556.25,3711.75,4327.25,3464.654,3340.6,4691.25,3398.25
3889,4089,4617.75,3681.625,4317.688,3500.654,3354.7,4608,3369.75
3856.7,4062,4559.5,3677.5,4297.312,3471.423,3346.5,4612.75,3366.5
3862.3,4096.667,4556.583,3701.562,4305.25,3497.5,3318.15,4564.75,3368.75
3865.5,4094.167,4550.417,3672.25,4277.875,3475.923,3350.15,4621.75,3392.875
3887.5,4098.25,4543.417,3720.562,4280.688,3450.039,3342.1,4583.25,3354.625
3819.85,4126,4571.75,3693.375,4244.875,3476.077,3332.2,4647.875,3377.25
3849.65,4045.333,4531.25,3682.625,4268.25,3476.461,3345.55,4594.25,3412
3867.15,4097.083,4565,3655.125,4293.188,3481,3331.35,4594.75,3426.25
3843.7,4075.75,4532.083,3677.938,4285.312,3495.461,3359.25,4567.5,3387.25
3861.3,4103.083,4578.25,3696.5,4308.688,3483.654,3350.4,4622.75,3418.5
3871.85,4107.083,4573.833,3679.375,4284.375,3502.577,3340.9,4637.5,3445.5
3867.4,4089.75,4573.75,3696.688,4251.312,3494.423,3325.2,4638.625,3439.875
3852.75,4105.167,4590.25,3683.438,4280,3461.577,3368.65,4559.25,3431
3842.2,4100.917,4602.5,3697.25,4287,3479.308,3335.7,4593.875,3398.125
3825.15,4077,4573.583,3683.75,4260.938,3473.885,3322.85,4559.75,3384.875
3874.45,4064.833,4487.667,3678.625,4223.688,3490.346,3314.2,4626,3410.375
3820.25,4082.583,4560.667,3741.188,4225.312,3485.923,3319.75,4598.5,3354.25
3851.25,4051,4514.75,3689.188,4238.312,3438.615,3327.25,4574.875,3354.875
3857.75,4072,4517.333,3674,4244.375,3470.654,3337.5,4511,3383.375
3864.05,4033.833,4509,3661,4216.125,3474.692,3312.95,4546.5,3380.25
3835.35,4075.25,4532,3709.438,4234.875,3488.961,3313,4521.25,3363.75
3836.2,4096.833,4538.667,3695.438,4202.625,3446.077,3345.35,4564.125,3342
3820.75,4075.917,4513.167,3666.688,4192.438,3457.769,3329.2,4553.5,3370
3849.8,4063.417,4525.25,3674.375,4211.438,3478.077,3317.55,4565.25,3364.75
3848.25,4068.083,4519.583,3662.125,4228.625,3450.077,3297.45,4547.375,3377.75
3823.55,4086.25,4534,3682.188,4200.562,3476.615,3321.5,4557.25,3381.875
3867.45,4069,4515.083,3710.75,4186.312,3463.5,3344.35,4505.625,3362.125
3841.05,4095,4510.417,3679.375,4184.438,3453.539,3344.8,4497.875,3347
3806.1,4063.917,4518.583,3692.812,4166.75,3446.154,3363.4,4514.5,3368.5
3830.75,4055.667,4479.333,3678.688,4167.375,3451.654,3321.85,4523.375,3374.75
3838.25,4051.333,4519,3677.938,4219.062,3469.269,3336.45,4561.625,3369.25
3854.15,4071.083,4480.083,3704.312,4234.25,3470.885,3338.75,4505.375,3391.25
3843.15,4062.917,4526.667,3693,4196,3462.154,3348.7,4468.375,3388.25
3860.25,4093.25,4496.583,3682.875,4225.125,3464,3349.65,4575.625,3455
3861.7,4014.75,4498,3672.125,4180.125,3440,3321.75,4455.125,3414.875
3857.65,4059.583,4465.417,3673.812,4175.188,3483.269,3358.3,4499.25,3352.875
3859.8,4030.083,4436.667,3710.625,4180.125,3453.769,3325.35,4516.375,3322.75
3866.75,4066.917,4489.583,3679.625,4159.375,3457.846,3333.3,4551.125,3326.375
3876.1,4038.25,4437.5,3671.25,4182.375,3439.808,3355.75,4501.125,3341.25
3858.9,4031.5,4453.667,3682.875,4133.688,3458.039,3328.35,4506.5,3329.75
3833.95,4051.5,4477.083,3691.375,4153.688,3458.846,3325.65,4474,3369.75
3820.9,3993.583,4436.583,3665.812,4153.562,3455.192,3333.7,4482.875,3339.375
3840.65,4085.333,4446.25,3708.125,4133.312,3481.808,3340.7,4503.625,3346.875
3836.85,4012,4464.5,3700.938,4165.188,3477.961,3316.55,4510.5,3367.75
3859.8,4081.333,4482.583,3697.188,4150.438,3473,3332.7,4554.875,3363.875
3823.75,4045.417,4477.667,3695.938,4173.438,3472.961,3299,4486.625,3364.125
3870.3,4081.667,4454.083,3700.562,4156.312,3445.923,3299.25,4513,3395.25
3838.1,4020.667,4483.333,3687.562,4129.562,3460.077,3339.65,4532.5,3371.25
3850.4,4018.333,4428.583,3667.312,4152.625,3434.039,3325.85,4495.125,3343.5
3846.8,4023.417,4453.75,3702,4154.812,3451.077,3325.35,4460.625,3333.875
3847.75,4054.75,4450.5,3690.375,4104.438,3442.539,3317,4528.875,3314.625
3846.65,4060.5,4471.833,3682.438,4124.5,3453.269,3318.95,4487.5,3329
3841,4008.083,4429.667,3672.25,4130.938,3413.077,3314.45,4532,3304
3835.65,3992.167,4435.333,3650.25,4093,3438.923,3314.7,4452,3272
3899.1,4052.667,4418.417,3692.875,4097.625,3455.923,3334.6,4468.375,3358.5
3823.65,4049.667,4411.333,3697.938,4141.438,3445.654,3293.75,4458.75,3296.25
3829.6,4014.333,4441.917,3645.188,4115.062,3459.5,3331.75,4434,3295.875
3816.05,4035,4384.083,3699.188,4093.438,3428.577,3305.65,4506,3290.25
3833.3,4009.583,4395.667,3672.688,4100.688,3446.346,3312.65,4474.375,3316.375
3868.95,3989.583,4397.417,3681.312,4097.25,3429.846,3329.65,4486.25,3351.125
3843.95,4004.5,4402.417,3663.25,4118.938,3458.192,3319.3,4454,3366
3838.3,4013,4430.5,3665.375,4115.625,3445.039,3320,4458.25,3357.875
3872.25,4049.25,4417.917,3687.188,4120.812,3436.846,3311.2,4433,3355.375
3819.45,3979.25,4384,3668.938,4061.25,3467.231,3314.85,4437.5,3321
3830,4006.833,4390.583,3662.188,4081.562,3433.615,3317.9,4512.75,3332.75
3865.6,3996.833,4416.75,3648.25,4074.5,3442.039,3280.35,4473.5,3305.375
3865.55,4015.333,4417.75,3672.125,4098.688,3430.539,3297.9,4432.75,3286
3829.3,3995.25,4407.417,3683.062,4032.938,3426.115,3290.95,4439.125,3315.625
3829.1,3989.25,4380.75,3635.25,4080.188,3417.769,3307.05,4426.75,3267.5
3835.2,3984.167,4438.25,3677.062,4084.312,3390.615,3279.8,4427.875,3325.625
3839.65,3991.083,4393.25,3644.5,4085.25,3405,3315.8,4421.625,3289.625
3831.9,4039.5,4415.917,3701.375,4097.062,3413.039,3302.35,4437.125,3322
3828.15,3985.417,4421.083,3662.938,4130,3411.077,3331.35,4466.875,3293.375
3816.1,3989.917,4388,3662.875,4087.625,3418.885,3312,4414.25,3304.75
3820.65,4005.333,4373.417,3679.75,4087.5,3424.923,3311.65,4443.375,3269.625
3820.65,3965.5,4390.167,3642.625,4097.25,3409.577,3312.25,4400.25,3317.875
3841.85,3949.75,4357.25,3665.5,4108.562,3433.154,3337.6,4495.75,3290.5
3842.35,4028,4384.333,3659.688,4053.625,3402.539,3302.45,4427.5,3296.25
3821.25,3955.25,4402.917,3685.375,4102,3423.692,3310.35,4484.5,3284.125
3841.4,4024.917,4336,3671,4093.75,3428.961,3351.1,4481.375,3251.625
3799,3988,4396,3680.812,4047.875,3451.885,3308.05,4421.375,3295.875
3826.65,3979.583,4350.583,3653.438,4070.5,3428.885,3317.6,4476.25,3301.25
3808.25,3963.417,4369.667,3638.125,4068.312,3430.308,3293.55,4446.25,3340.375
3833.85,3970.083,4366.667,3689.688,4079.5,3418.731,3294.7,5565.125,3301.75
4021.45,3994.917,4329.917,3666.625,4041.812,3427.039,3294.4,7776.625,3699.125
4449.3,3966.25,4315.75,3897.062,4057.625,3433.846,3523.75,11002.375,4678.125
4672.1,3977.833,4379.833,4077.938,4094.875,3480.308,3873.4,13245.25,5233.25
4874.2,4054.75,4324.75,4324.125,4098.812,3612.154,4216.25,13920,5616.625
5307.9,4230.583,4591,4972.312,4077.375,3929.808,5000.05,15563.75,6336.25
6124,4452.667,5064.417,5994,4446.375,4376.385,5963.9,18475.25,7264.75
7125.75,4659.333,5580.167,7366.062,4973.062,4805.385,7012.55,19883.25,8075.25
7298.15,4702.417,5918.5,8415.562,5384.75,5175.192,7993.7,19834.625,8726.625
6983.2,4683.25,5900.083,8407.438,5529.375,5268.769,8198.7,18995,8454.625
6574.5,4677.917,5853.833,8098.5,5583.875,5171.846,8063.25,18243.25,8162.25
6409.5,4788.5,6047.167,7831.688,5733.875,5206.154,8189.75,18047.75,7850.875
6714.8,4974,6372.917,8129.375,6138.875,5350.808,8417.85,18958.625,8416.25
7751.85,5497.333,7218.25,9199.625,6826.312,5923.615,9372.7,21465.5,9559
8693.5,6042.25,8319.583,10060,7842.312,6689.808,10599.7,22721.25,10434.25
8354.35,6350.333,9200.25,9915.188,8724.625,7395.846,11439.9,22091.375,10440
8070.2,6565.667,9416.167,9525.25,9345.938,7802.077,11766.3,21669.625,10311.25
7686.85,6691.333,9452.917,9045.938,9384,7764.769,11704.9,20933.5,10180.75
7975.3,7185.5,9442.583,8785.938,9619.062,7836.539,11669.8,21684,10378.125
9519.65,8330,10413.5,9308.812,10524.438,8425.154,12109.9,24077.875,11211.125
10748.1,9778.333,11579.333,9923.25,11423.312,9319.962,12513.75,25202,11953.5
10737.6,10953.833,11826.083,9922.625,11920.25,9953.5,12625.75,25095.5,11845.375
10420.15,11303.083,11654.75,9674.688,11708.312,10060.692,12452.5,24676.75,11502.25
11157.15,12152.25,11773.583,9874.438,11822.625,10313.808,12450.65,25935.875,11880.125
11443.2,12835.833,11991.417,10023.938,11912.5,10544.115,12360.7,26098.375,12061.375
11062.75,12840.833,11713.417,9579.062,11641.5,10427.5,12048.1,25571.5,11587.25
10770.05,12683.417,11394.333,9237.875,11478.875,10125.923,11758.6,25315.625,11419.75
11483.3,12785,11277.333,9303.375,11364.125,9916.23,11680.7,26733.125,11903.375
12541.45,13058.583,11468.417,9775.375,11590.562,10086.577,11870.35,28237.25,12267
13726.8,13467,11611.083,10375.625,11898.5,10372.692,12018.55,29333.875,12467.25
14343.65,13914.833,11982.5,10863.188,12357.625,10745.654,12235.55,30141.625,12480.75
14412.95,13874.833,12119.083,10909.125,12383.75,11062.923,12174.85,30357.375,12614.125
13774.6,13494.333,11901.25,10535.625,12143.75,10869.038,11931.65,29830.375,12154.875
13191.25,13156.333,11606.5,10055.062,11857.5,10568.423,11581.7,29374.75,11612.75
13731.35,12904.5,11479.5,10001.125,11814.375,10428.154,11319.1,29896.125,11838.25
15378.95,13211.75,12143,10605.5,12213.312,10734.462,11650.25,31115.375,12475.5
16096.6,13889.333,12742.917,11300.688,12921.062,11234.577,11943.65,31920.875,12910.625
16301.9,14348.25,13208.083,11584.75,13361.312,11534.577,12058.3,32268.125,13073.875
16155.9,14540.333,13466.333,11518.562,13504.375,11664.77,11948.75,32039.125,12904.625
15518.6,14343.417,13266.75,11189.812,13345,11402.27,11665.15,31598.625,12630.875
15104.85,13812.667,13013.667,10951.812,13139.5,11166.23,11332.9,31465.375,12410.375
14980.1,13566.25,12949.75,10600.875,12942.75,10853.538,11126.85,31447.625,12178.25
14936.35,13258,12815.333,10470.5,12755.938,10738.308,11013,31530.125,12035.125
15157.85,13114.25,13090.667,10771.312,12869.688,10694.192,11088.75,32387.75,12206.625
15789.65,13527.667,13386.333,11137.75,13279.812,10993.462,11319.5,33439.125,12445.5
16595.4,14008.917,14298.5,11556.812,13646.938,11403.077,11629.6,33962.5,12686.25
17062.1,14617.083,15200.667,12012,14453.438,11898.73,11775.7,34787.25,12901.375
17282.1,15157.583,15637.667,12100.438,14882.062,12168.654,11918,34517.75,13030.75
16935.449,14846.583,15328.25,11766.875,14568.875,11981.038,11697.3,33756,12497.875
16816.6,14850.083,15390.833,11592.438,14533.688,11778.115,11545.05,34116.75,12601.125
17286.301,15601.667,16744.834,12024,15484.312,12289.038,11842.6,35004.875,13141.75
17734.75,16888.416,18964.834,12514.562,16793.75,12973.346,12146,35594.375,13425
17786.85,18091.084,20535.5,12615.688,17839.5,13423,12155.1,35634.375,13666.375
17527.6,18548.166,21214.166,12481.938,18071.812,13410.192,12063.5,35245.875,13370
17218.6,18379.916,21079,12145.875,17811.188,13175.5,11857,34696.625,13001
16647.75,18246.834,20785.834,11930.312,17910.875,13013.077,11789.5,34541.875,13220
15896.85,17660.75,20196.166,11427.438,17402.5,12641.462,11320.15,33969.375,12516.625
14957.3,17030.666,19614.75,10824.25,17043.312,12354.077,11083.8,33079.5,12052.25
14028.5,16528.916,19235.334,10286.125,16695.438,12045.077,10907.4,32624.375,11781.125
13155.7,15904.417,18716,9716.875,16282.312,11774.462,10531.7,31819.625,11185.625
12285.6,15393.417,18334.916,9167.188,15975.062,11523.27,10253.5,31238.625,10958.625
11563,14890.5,17820.916,8768.875,15547.188,11166.27,10051.1,30576.375,10312.5
10875.8,14446.167,17306.75,8348.438,15316.188,10958,9777.05,30116.75,9988.5
10286.2,13870.5,16969.916,7919.188,14966.438,10674.923,9590.8,29499,9799.75
9701.2,13615.333,16622.084,7556.812,14714.375,10392.885,9298.95,28984.625,9433
9271.7,13108.75,16243.833,7266.188,14319.562,10137.23,9043.8,28346.875,9060.625
8831.15,12721.167,15871.75,6951.938,14125.938,9929.077,8827.8,27659.75,8987.875
8451.75,12539.333,15555.917,6755,13859.188,9746.885,8646.4,26944.75,8709.25
8117.3,12059,15195,6575.875,13511.375,9496.5,8419.65,26407.125,8762.625
7822,11770.25,14922.917,6376.438,13288.75,9342.385,8240.8,25860.5,8505.875
7508.45,11497.25,14665.667,6143,13075.812,9150.846,8003.35,25262.125,8043
7239.55,11131.833,14408.75,5991.812,12856.25,8941.808,7861.65,24855.5,7893.625
7071.8,10898.833,14018.25,5807.125,12614.125,8771.846,7704.85,24314,7767.5
6832.45,10601.083,13899.833,5711.125,12389.125,8613.27,7525.4,23951.625,7547.125
6641.05,10300.667,13536.333,5565.812,12259.312,8423.808,7362.7,23666.625,7306.875
6456,10154,13286.333,5463.938,11966.438,8288.192,7199.7,23152.75,7299.125
6298.3,9935.25,13096.333,5337.562,11780.312,8206.27,7137.25,22767.75,7258.625
6183.6,9800.833,12849.167,5285.062,11613.938,8007.154,6975.35,22395.25,7087.625
6001.35,9585.417,12574.75,5201.938,11481.188,7914.308,6895,21935.5,6878.125
5902.55,9396.667,12386.25,5080.812,11354.75,7784.961,6791.2,21614.75,6721.375
5812.45,9151.833,12164.25,5020.375,11339.5,7653.154,6674,21332.625,6640.75
5687.4,9089.5,12007.667,4940.938,11074.438,7524.808,6519.8,20938.625,6493.875
5597.05,8869.833,11812.083,4921.312,10939.062,7454.961,6451.5,20613.625,6393.625
5496.1,8673.25,11698.917,4820.75,10682.938,7362.654,6326.15,20246.125,6230
5425.35,8613.5,11467,4731.188,10541.375,7186.577,6224.95,19956.5,6158.125
5337.2,8494.75,11290.5,4719.5,10424.375,7112.385,6113.6,19628.625,6063.375
5231.7,8318.833,11186.667,4653.25,10321.625,7028.231,6038.8,19417.125,5989.75
5156,8183.75,10985.583,4628.188,10142.562,6944.231,5931,19015,5867.875
5062.75,8041.25,10870.083,4600.562,10056.812,6857.615,5831.85,18682.5,5735.25
5077.05,7905.417,10660.917,4546.75,9931.188,6783.115,5722.25,18455,5718.25
4960.8,7777.5,10578.25,4512.188,9795.062,6717.077,5667.95,18021.75,5659.75
4938,7756.083,10381.167,4468.5,9666.875,6612.769,5585.2,17802,5566.375
4874.2,7573.667,10231.583,4490.312,9541,6565.731,5508.15,17430.625,5476.75
4833.55,7452.75,10150.917,4425.812,9491.875,6457.539,5465.25,17209.25,5345.625
4741.9,7390.583,10071.25,4427.875,9381.938,6381,5385.35,16913.375,5287.25
4690.75,7347.5,9985.25,4356.688,9290.375,6326.039,5317.1,16706.5,5284
4667.55,7249.417,9845.75,4336.75,9120.938,6223.461,5293.5,16360.625,5235
4642.15,7105.667,9699.417,4315.312,9031.625,6179.615,5198.4,16218,5124.875
4607.65,7074.667,9593.75,4302.188,8940.5,6078.269,5099.65,15892,5125.125
4565.05,7002.167,9511.917,4254.062,8831.812,6054.077,5070.65,15757.625,5120.25
4541.35,6870.333,9478,4242.438,8856.188,5975.154,5035,15451.5,5121.25
4502.55,6762.5,9355.583,4216.5,8757.438,5947.577,4998.2,15162.375,5090.625
4492.4,6724.5,9276,4200.188,8715.188,5900.885,5023.75,15041.875,4951
4458.85,6726.75,9213.417,4205.688,8630.188,5808.154,4879.6,14810.25,4876.875
4448.4,6622.25,9021,4185.75,8505.312,5751.731,4856,14613.125,4726.5
4405,6467.833,8974.167,4148.062,8429.25,5754.885,4816.65,14389,4734.25
4365.1,6459.5,8906,4126.375,8345,5670.192,4797.35,14251.75,4665.5
4342.3,6383.667,8798.583,4118.062,8403.75,5622.615,4705.05,13976.25,4650.375
4351.8,6337.75,8741.083,4135.062,8256.688,5539.461,4700.85,13795.125,4594.25
4320.1,6261.417,8634.583,4118.375,8112.25,5512.731,4625.75,13665.125,4510.375
4295.05,6223.167,8495.333,4078.125,8046.812,5418.308,4625.35,13392.375,4465.875
4257.15,6142.917,8492.083,4068.688,7997.812,5400.885,4531.65,13324.75,4529.25
4235.45,6085.667,8339.083,4073.812,7886.5,5362.269,4519.35,12948.375,4411.125
4227.2,6035.083,8302.75,4027.5,7859.375,5291.885,4519.65,12797.75,4367.625
4201.25,6022.083,8183.583,4037.438,7761.812,5268.461,4474.3,12727.25,4308.75
4203,5948.583,8147.917,4053.5,7736.062,5226.885,4402.95,12561.875,4307
4211.75,5873.667,8022.833,4019.625,7603.688,5167.615,4365.6,12224.875,4360.125
4200.85,5871.917,8003.833,4029.812,7504.062,5143,4378.1,12102.125,4321.125
4177.4,5800.75,7963.25,4028.438,7477.875,5052.692,4339.15,11839.5,4259.25
4158.85,5747.25,7853,3983.438,7450.25,5055.577,4309.6,11681.125,4224.875
4160.85,5664.417,7704.333,4020.812,7333.312,5011.192,4244.55,11544.75,4228.875
4157.05,5681.75,7745.5,3975.938,7276.75,4935.192,4239.1,11298.875,4200.375
4116,5686.083,7662.667,3971.375,7266.125,4925.192,4244.45,11273.375,4136.875
4133.95,5553.917,7607.167,3974.312,7227.188,4875,4175.9,11004.875,4067.125
4098.8,5542.5,7562.667,3969.188,7105.5,4852.885,4166,10902.5,4040.75
4085.85,5566.333,7501.333,3905.5,7089.75,4823.269,4147.15,10676.625,3962.75
4092.85,5501,7409.167,3949.938,7074.125,4787.615,4117.55,10484.25,3993.375
4039.6,5450.417,7418.75,3935.938,6962.25,4738.346,4161.9,10437.375,3968.375
4061.25,5468.5,7356.917,3945.5,6979.438,4724.154,4067.9,10351.125,3975.625
4044.1,5457.25,7301,3913.938,6910.75,4707.346,4095.25,10178.375,4062.875
4024.45,5404.917,7314.5,3937,6866.875,4662.885,4065.9,10043.375,4080
4015.35,5390.25,7149.333,3886.375,6851.75,4622.769,4023.15,10055.5,3937.25
4026.8,5366.833,7150.083,3902,6769.5,4621.5,4031.7,9791.25,3952.5
4056,5316.417,7057.917,3921.375,6661.812,4625.846,4011.05,9852.75,3898.25
4039.75,5283.417,6990.5,3876.188,6679.125,4513.5,3970.35,9637.25,3860.75
4015.55,5228.5,6975.75,3910.25,6644.875,4513.385,3948,9488,3790.875
4001.75,5244.083,6937.167,3883.812,6558.75,4489.308,3940.05,9425.625,3832.5
4019.85,5237.167,6894.75,3886.938,6585.875,4455.692,3911.6,9375.875,3810.125
3976.15,5188.917,6785.667,3852.25,6580.375,4479,3910.4,9204.25,3829
3986.7,5171.583,6878.25,3881.938,6552.438,4412.5,3909.05,9131,3800.5
3998.4,5165.333,6760.333,3877.688,6522.688,4423.385,3891.75,9065.5,3861.75
3948.35,5105.417,6697.75,3834.312,6457.125,4377.654,3890.3,8981.5,3818.625
3967.35,5090.083,6667.333,3890.5,6488.312,4343.769,3856.5,8756.25,3830.375
3946.35,5120.167,6650.5,3848.375,6405,4340.654,3837.85,8801.5,3862.625
3961.5,5025.333,6565.583,3884.312,6409.938,4282.923,3821.85,8708.875,3828.375
3937.05,5032.833,6519.167,3876.562,6346,4297.808,3800.75,8572.125,3781.125
3957.25,4970.833,6528.917,3844.312,6265.875,4287.808,3816.1,8541.875,3796
3967.55,5001.083,6471.25,3804.188,6306.375,4276.423,3780.35,8342.75,3767.875
3939.35,4942.25,6409.75,3843.938,6212.5,4241.192,3791.9,8244.125,3730.25
3961.4,4933.333,6382.083,3828.312,6171.062,4211.923,3782.7,8103.25,3723.75
3952.55,4881.25,6312.5,3792.688,6178.562,4218.5,3745.1,8074.25,3670.625
3930.25,4899.75,6270.167,3856.688,6129.75,4167.731,3750.65,8015.25,3696.25
3909.4,4899.167,6321.417,3832.375,6136.125,4185.154,3720.5,7937.25,3710.75
3917.35,4871.833,6155.25,3793.062,6145.562,4174.654,3720.55,7878.25,3702.125
3935.75,4824.917,6186.083,3780.812,6054.125,4163.808,3704.5,7804.375,3705.375
3914.1,4781.083,6129,3796.438,5955.5,4133.654,3685,7653.875,3693.25
3891.6,4788.417,6119.5,3796.75,5916.875,4102.231,3671.5,7509.75,3638.375
3915.5,4760.417,6042.417,3810.375,5901.5,4081,3673.2,7529.5,3622.625
3915.5,4780.5,6022.417,3788.375,5872.938,4086.577,3636.4,7469.625,3632
3901.35,4761.75,5948.167,3837.812,5847.062,4056.346,3642.35,7361.625,3660.125
3885.9,4710.667,5989.667,3794.125,5773.938,4058.654,3631.4,7359.125,3615.5
3894.15,4678.5,5910.5,3801.125,5760.875,4041.231,3596.25,7221.375,3646.25
3900.7,4678.25,5969.167,3805.188,5732.812,4030.461,3609.05,7101.875,3599.25
3858.5,4688.083,5841.667,3786.5,5683.375,4006.808,3605.55,7049.625,3595.625
3861.7,4622.917,5864.333,3772.312,5710.812,4004.692,3601.7,7025.75,3568.75
3890.9,4680.667,5805.25,3783.25,5647.125,4005.654,3578.05,6981.5,3559.125
3873.8,4593.333,5825.667,3789.25,5670.25,3977.731,3595.45,6946.75,3580.5
3855.8,4643.417,5752.167,3787,5589.5,3965.039,3556.25,6828.125,3614.875
3884.95,4590.833,5764.667,3741.312,5573.438,3923.039,3546.75,6765.125,3586
3866.75,4578.833,5733.75,3779.688,5574.375,3919.308,3544.05,6785,3544
3881.5,4525.583,5762.583,3762,5538.312,3930.961,3556.4,6630.375,3565
3886.4,4541.667,5738,3777.562,5475.875,3921.769,3539.55,6582.625,3546.25
3861.75,4504.5,5634.333,3782.062,5455.562,3874.5,3555.25,6618.75,3566.625
3858.2,4498.75,5636.333,3773.5,5456.75,3890.846,3502.35,6565.75,3526.375
3893.8,4552.333,5674.667,3809.562,5394.625,3886.077,3514.9,6536.5,3548.625
3875.6,4512.083,5626.167,3769.375,5391.938,3887.923,3521.75,6430.125,3555.75
3882.55,4516.333,5582.083,3781.812,5420.625,3884.615,3485.3,6414.75,3546
3886.25,4512.583,5552.917,3759.688,5406.75,3875,3520.6,6279.5,3522.25
3849.2,4434.667,5517.917,3737.812,5339.438,3833.615,3471.05,6253.75,3518.125
3874.1,4452.417,5457.667,3750.125,5306,3818.692,3494.5,6180,3437
3837.35,4435.417,5477.083,3734.375,5293.312,3796.692,3455.3,6140.875,3478.25
3851.4,4464.583,5383,3745.438,5253.688,3805.385,3467.65,6139.125,3434.5
3874.25,4422.333,5423.583,3763.062,5252.438,3775.385,3475.05,6090.5,3464.25
3854.65,4371.917,5405.25,3734.875,5215.5,3806.423,3442.4,6046.125,3448.75
3858.95,4432.583,5434,3734.312,5199.188,3780.539,3450.75,5966.875,3477.75
3868.2,4429.5,5328.25,3780.062,5214.875,3780.423,3458,5977.25,3523.375
3845.8,4378.417,5349.75,3738.938,5142.562,3753.385,3428.9,5960.625,3510.625
3830.35,4395.75,5327.333,3716.188,5150.688,3764.846,3436.25,5876.125,3466.375
3867.85,4367.917,5358.25,3706.438,5100.75,3732.423,3433,5886,3400.5
3838.65,4358.083,5305.083,3706.688,5145.75,3743.654,3437.05,5777,3401
3843.1,4345.25,5299.833,3726.375,5094.5,3748.077,3418.25,5736.75,3392.375
3861.6,4309.417,5287.75,3719.375,5058.812,3724,3422.7,5711.875,3338
3865.05,4334.25,5208.917,3732.312,5023.812,3719.577,3404.55,5676.5,3368.5
3838.2,4340.667,5195.75,3722,5015.812,3695.346,3404.25,5577.75,3361.5
3869.1,4322.083,5134.417,3724.25,4993.938,3683.615,3438.3,5574.375,3389.125
3845.9,4366.167,5145.75,3710.125,4971.875,3697.577,3383.15,5565.875,3396.75
3866.5,4300.167,5202.25,3731.688,4999.562,3697.692,3402,5535.875,3424.875
3888.65,4332.5,5209.5,3755.812,4986.5,3678.308,3409.35,5552.25,3422.375
3832,4329.333,5145.833,3710.5,4933.25,3689.692,3380.15,5499.375,3367.75
3853.95,4284.75,5125.25,3691.875,4930.562,3668.385,3382.25,5423.625,3338.875
3820,4254.5,5165.667,3714.625,4894.875,3671.654,3345.8,5396.75,3380
3873.1,4252,5092.833,3714.625,4835.562,3675.577,3353.45,5407.375,3340.125
3860,4275.667,5053.333,3728.312,4873.125,3633.308,3338.15,5355.125,3363.25
3836.2,4227.25,5074.417,3724.438,4872,3675.769,3360.2,5411.875,3292.75
3848.3,4246.333,5069.833,3732.562,4843.438,3659.269,3372.5,5362.125,3316.75
3848.55,4235.75,5067.667,3713.438,4813.438,3634.539,3379,5305.625,3321.75
3852,4275.75,5036.75,3689.75,4804.75,3654.115,3362.7,5294.375,3341
3826.4,4246.583,5061.5,3705.875,4780,3622.5,3336.7,5237.25,3344.75
3834.45,4230.583,5021.833,3719.438,4783.5,3623.115,3341.45,5280.875,3327.875
3862.7,4177.5,5021.583,3703.938,4781.812,3607.192,3329.25,5216.125,3324.625
3858.4,4254.083,4979.75,3706.188,4765.125,3616.577,3334.75,5196.5,3294.75
3835.3,4193.833,4976.083,3688.438,4758.25,3600.808,3323.1,5221.625,3290
3829.9,4172.833,4943,3676.812,4763.062,3584,3334.55,5183.25,3308.375
3819,4218.167,4972.833,3680.188,4730.062,3575.231,3352.65,5154.75,3331.875
3846.3,4188,4960,3684.812,4714.25,3585.961,3339.35,5136.5,3359.375
3843.75,4208.75,4924.667,3677.938,4702.062,3580.769,3332.45,5169,3361.125
3847.3,4185.333,4916.25,3708.812,4718.312,3598.461,3320.5,5105.25,3350.875
3838.5,4216.583,4950.083,3667.938,4684.375,3571.308,3339.4,5093.875,3333.875
3840.1,4150.417,4958.75,3694.562,4726.188,3574.115,3325.3,4997,3389.375
3820.2,4155.167,4902.5,3694.625,4659.562,3543.961,3334.65,5046.25,3374.75
3825.85,4153.917,4938.333,3683.25,4655.25,3573.539,3306.1,5044.625,3326.5
3851.4,4158.667,4880.917,3702.875,4622.812,3528.385,3306.9,4962.5,3340.125
3867.1,4149.917,4811.25,3688.5,4637.625,3555.269,3304.8,4978.125,3278.875
3815.55,4170.167,4791.917,3711.25,4663.438,3539.385,3304,4962.125,3289.875
3840.95,4164.833,4819.5,3720.812,4597.875,3548.885,3306.65,4985.625,3272.875
3842.65,4153.75,4786.167,3685.875,4601.812,3553.269,3315.6,4975.5,3259
3838.85,4124.583,4813.583,3675.375,4594.125,3544.461,3289.1,4916.125,3240.5
3828.75,4120.5,4791,3652.5,4564,3549.885,3307,4870,3255.125
3815.9,4150.583,4789,3687.125,4553.625,3500.5,3293.2,4838,3241.875
3824.55,4100.083,4727.25,3665.312,4577.875,3499.808,3290.2,4839.375,3239
3831.15,4150.083,4736.917,3692,4568.75,3511.846,3284.45,4896.625,3238.375
3864.9,4136.5,4721.833,3674.125,4539.625,3517.077,3302.85,4888.125,3229.25
3866.95,4127.5,4739.5,3659.062,4493.312,3523.077,3278.45,4904.75,3267
3839.3,4128.417,4719,3673.75,4446.625,3503.769,3282.75,4821.75,3211.25
3843.55,4110.75,4670.583,3698.25,4444.312,3484.654,3267,4861.125,3209.875
3837.85,4121.417,4686.833,3657.438,4442.938,3513.615,3265.5,4764.75,3206.375
3817.4,4131.25,4664.583,3658.5,4451.688,3485.731,3287.35,4864.5,3222
3843.15,4119.417,4642.833,3678.375,4473,3489.808,3261.1,4771.125,3246.375
3810.55,4054.5,4666.75,3676.25,4455.375,3491.654,3275.15,4760.875,3226.5
3851.5,4073.167,4653,3661.75,4458,3495.269,3270.8,4717.5,3187.625
3857.85,4131.417,4649.333,3660.188,4412.625,3465.385,3301.55,4731,3173.875
3872.8,4091.583,4643.333,3657,4435.312,3448.885,3277.9,4726.375,3209.25
3826.55,4068.083,4540.75,3683.312,4436.75,3492.308,3252.25,4706,3185.25
3830.15,4043.333,4626,3675.5,4396.625,3456.077,3266.65,4664,3182
3852.4,4053.667,4629,3648.25,4421.125,3486.539,3267.5,4658.75,3187.125
3848.4,4053.5,4573,3668.812,4442.125,3478.846,3257.05,4679.5,3167.625
3820.4,4107,4576.5,3694.125,4404.5,3480.577,3270.8,4639.375,3199.75
3816.15,4096.25,4569.333,3655.75,4385.562,3473.231,3273.3,4643,3252.5
3837.3,4034.5,4560,3630.5,4344.312,3451.5,3247.55,4659.375,3187.25
3862.95,4068.833,4540.833,3622.875,4390.438,3428.654,3267.95,4648.875,3149.375
3818.45,4076.583,4548.583,3671.812,4388.625,3454.269,3269.6,4572,3188.625
3825.25,4051.417,4522.833,3633.188,4367.625,3451.269,3273.8,4625.625,3167.75
3802.95,3992.917,4530.917,3676.062,4331.062,3443.385,3240,4617.375,3173.75
3806.2,4071.333,4448.917,3643.062,4328.5,3450.846,3219.15,4565.875,3116.5
3800.6,4060.75,4473.417,3642.438,4287.375,3443.461,3255.2,4542,3132.375
3815.95,4034.75,4480,3673.75,4282.438,3437.577,3264.9,4566.25,3135
3824.05,3987.5,4507.5,3640.375,4354,3450.461,3247.3,4511.875,3185.875
3832.05,4022.833,4452.833,3659.312,4306.75,3446.846,3255.8,4551.625,3157.375
3839.95,4005.917,4516.75,3645.688,4319.312,3434.461,3225.6,4503.875,3166
3814.85,4010.667,4461.583,3664.25,4299.25,3445.961,3224.1,4596.625,3125.875
3826.5,3989.083,4484,3652.438,4276.188,3434.769,3251.1,4529.75,3193.5
3804.6,4027.917,4420.667,3651.5,4251.625,3450.808,3234.5,4475.125,3185
3798.5,4007.417,4429,3657.188,4276.75,3449.885,3251.8,4486.75,3179.5
3805.65,4008.25,4436.833,3626.688,4259.438,3428.077,3210.05,4532.625,3173.625
3824.85,3981.583,4455.25,3646.75,4254.562,3451.923,3242.9,4502.875,3142.625
3815.7,3974.75,4425.667,3627.25,4239.125,3434.846,3247.65,4474,3149.75
3795.8,3965.417,4429.25,3661.25,4212.062,3412.769,3225.3,4542.5,3100.625
3812.25,3944.833,4396.417,3651.875,4215.812,3414.615,3228.1,4460.75,3104.75
3802.5,3990.417,4417,3624.5,4191.312,3392,3234.8,4439.375,3114.875
3827.7,3971.583,4356.167,3648,4200.062,3412.961,3223.45,4425.375,3158.625
3787.65,4000.917,4350.5,3648.188,4200.375,3405.115,3217.95,4458.25,3106.375
3778.75,3962.083,4336.083,3682.438,4208.5,3413.846,3248.1,4419.625,3124.125
3805.4,3948.083,4354.25,3603.25,4171.375,3420.615,3241.15,4416.375,3110
3797.4,3975.333,4307.333,3642.75,4183.312,3404.423,3226,4426.25,3087.75
3810.8,3950.25,4326.333,3619.688,4179.188,3399.115,3202.15,4375.5,3129.5
3799.95,3932.333,4306.75,3646.562,4117.062,3422.961,3224.9,4462,3134.125
3814.8,3952.5,4327.167,3605.938,4195.375,3390.808,3195.5,4373.625,3089.75
3797.2,3952.917,4307.25,3640.188,4155.5,3417.231,3208.3,4413.125,3083
3798.55,3919.833,4323.917,3623.875,4165.688,3409.077,3218.85,4351.75,3125.25
3807.6,3915.583,4270.917,3627.438,4134.062,3403.385,3220.75,4404.25,3108
3786.45,3941.417,4250,3617.75,4108.562,3396.615,3219.9,4395.25,3085
3825.35,3913.75,4294.167,3622.312,4113.562,3411.269,3218.7,4421,3127.875
3792.2,3922,4255.25,3599.438,4126.562,3405.615,3227.1,4337.875,3092.5
3794.8,3927.333,4266.917,3638.125,4120.938,3381.769,3212.75,4395.5,3100.25
3817.4,3941.833,4306.75,3626.062,4151.438,3394.539,3230.45,4401.125,3109.25
3778.45,3927.75,4261.667,3641.812,4096.125,3406.731,3239.5,4393.625,3099.25
3788.4,3926.167,4286.417,3637.438,4109.625,3396.077,3207.5,4362,3072.75
3806.55,3905.917,4301.333,3649.812,4045.562,3398.077,3239.65,4391.625,3110.25
3789.3,3948.833,4235.583,3655,4060.125,3385.654,3194.85,4359.625,3112
3776.05,3941.417,4256.333,3613.75,4066.625,3381.577,3197.7,4320.625,3115.125
3788.75,3931.25,4287.417,3615.25,4098.188,3373.192,3227.9,4309.625,3100.625
3795.5,3899.917,4225,3629.125,4051.875,3405.308,3201.5,4352.25,3065.375
3807.85,3908.5,4220.417,3622.125,4054.875,3393.731,3227.75,4319.25,3104.5
3782.65,3922.917,4279.167,3646.75,4059.562,3392.961,3203.8,4354.25,3049
3794.75,3913.75,4239.167,3629.688,4062.688,3395.654,3208.95,4333.25,3035.5
3803.15,3909.75,4207.333,3640.375,4036.25,3389,3204.35,4307.5,3079.875
3800.45,3882.5,4206.167,3635.25,4051.438,3364.769,3203.55,4289.625,3112
3781.5,3897.25,4196.75,3634,4038.438,3378.269,3209.55,4313.75,3064.375
3783.1,3892.583,4201.333,3607.812,4040.75,3370.577,3169.2,4315.125,3093.125
3820.3,3865.917,4144.667,3616.5,4031.625,3354.923,3194.85,4249.25,3038.375
3768.5,3874.333,4141.917,3627,3982.375,3343.308,3215,4269.375,3048.75
3765.5,3868.833,4146.083,3655.875,3968.5,3327.077,3171.4,4153.75,3033
3775.35,3847.5,4131.417,3648.5,3988.562,3341.769,3174.9,4167,3060.375
3808.8,3894.583,4157,3589.062,3975.062,3342.731,3170.95,4247.125,3041.25
3795.55,3859.917,4107.417,3611.188,3953.688,3341.577,3150.75,4217.875,3043.125
3764.25,3862.667,4133.75,3602.5,3949.062,3346.654,3186.4,4189.875,3031.25
3785.9,3905,4117.917,3633.875,3998.062,3330.808,3189.95,4236.75,3047.5
3778.75,3863.25,4110.417,3615.375,3959.125,3333.846,3190.2,4235.375,3017.875
3785.15,3830.25,4131.917,3592.5,3926.75,3350.039,3182.8,4176.125,3037.375
3800.95,3863.25,4112.75,3590.562,3975,3342.577,3184.7,4205.5,3001.625
3757.4,3866.417,4099.833,3606.625,3970.375,3328.961,3181.25,4155.875,3012.375
3769.95,3825,4136.333,3577,3919.438,3343.423,3170.4,4144,2989.125
3780.1,3860,4129.917,3642.062,3974.75,3332.654,3197.2,4191.125,2994.125
3783.45,3858.083,4104.75,3597.312,3909.875,3339.077,3179.4,4173.375,3011.375
3771.9,3822.917,4083.25,3588,3886.375,3326.769,3164.3,4168.5,3011.125
3774.3,3844.917,4097,3589.938,3942.312,3339.154,3162,4200,2997.875
3756.8,3827.75,4108.583,3602.188,3966.688,3345.115,3164.95,4194.875,2979.5
3772.75,3838.583,4095.917,3613.562,3971.812,3368.846,3159.9,4199.5,3005.375
3760.8,3863.25,4085.083,3608.375,3944.375,3330,3195.1,4250.25,2994.5
3755.1,3873.917,4077,3576.188,3934.688,3361.154,3178.7,4160,2973.625
3763.2,3820.667,4103.417,3620.312,3941.125,3338.423,3182.85,4167.5,2973.625
3752.15,3836.75,4067,3611.312,3898.938,3325.961,3163.25,4159.375,2972.25
3742.55,3838.75,4064.417,3604.188,3927.188,3343.269,3176.85,4181.75,3014.75
3749.3,3812.083,4070.333,3606.875,3889.812,3337.385,3169,4170.75,2978
3752.2,3867.75,4064.833,3592.25,3927.562,3313,3185.05,4153.875,3044.75
3721.7,3826.667,4041.25,3604.562,3919.625,3321.077,3181.7,4167,3015.625
3769.05,3846.333,4056.333,3579.312,3901.938,3314.461,3169.6,4133.5,3001.5
3714.8,3812.75,4049.833,3601.438,3933.312,3340.731,3173.65,4101,3017.125
3726.9,3789.25,4032.833,3610.75,3921.875,3313.769,3170.75,4166.125,2982.125
3736.05,3788.333,4060,3579.812,3892.312,3322.654,3149.7,4119.875,3004.25
3739.5,3809.083,4033.333,3577.062,3893.625,3312.846,3154.65,4120,3020
3743.5,3839.333,4049.333,3612.5,3910.938,3306.385,3166.1,4092,2991.625
3737.45,3791.75,4036.417,3558,3912.75,3311.231,3187.8,4085,3004.625
3731.55,3824.083,4050.25,3595.562,3905.062,3317.769,3175.45,4091.5,2989
3732.9,3824.417,4035.5,3575.688,3895,3307.731,3156.85,4113.5,3000.5
3744.55,3812.417,4036.5,3617.375,3898.188,3333.885,3160.5,4128,3023.375
3740.5,3803.833,4019.25,3612,3900.125,3287.192,3141.5,4058,2967.625
3715.55,3812.833,4006.667,3574.25,3846.25,3293.308,3174.4,4084,2913.125
3733.1,3809.667,4002.75,3595.688,3891.188,3295,3156.5,4050.625,2983.75
3711.95,3768.333,3996.917,3595.062,3859.25,3323.269,3175.85,4075.625,3001
3713.05,3805.667,3981.167,3567.312,3844.688,3306.654,3138.5,4072.625,3001.125
3744.05,3794.917,4004.25,3609.188,3868.375,3300.192,3146.3,4053.625,2969.5
3750.7,3798.583,3987.25,3557.625,3835.25,3285.039,3145.4,4028.25,2965.5
3746.75,3808,4017.25,3584.938,3864.938,3306.769,3142.7,4013.875,3001.875
3730.6,3777.417,3968.917,3562.188,3871.812,3283.577,3155.85,4065.5,2966.875
3719.45,3804.083,3999.583,3564.188,3849.312,3318.846,3143.25,4040.375,2971.75
3741.7,3779.25,3991.417,3557.75,3872.625,3296.731,3163.9,4048,2973.5
3726.8,3814.75,3964.5,3574.375,3854.438,3281.846,3147.8,4132,2973.25
3727.45,3806.5,3979.75,3590.5,3815.25,3289.423,3164.6,4078.5,2953.125
3703.25,3792.583,3980.417,3587.312,3850,3299.346,3178.3,4081.375,2955.5
3705.25,3784.583,3972.5,3581.5,3868.375,3291.192,3132.25,4059.125,2949.5
3734.15,3816.417,3944.5,3592.062,3801.125,3297.923,3166,4063.75,2978.375
3697.3,3760.833,4003.417,3571.75,3810.188,3277.039,3172.05,4065.5,2959.875
3725.3,3784,3920.917,3588.688,3815.688,3305.885,3141,4062.5,2937.5
3719.8,3743.75,3991.333,3583.188,3856.25,3310.346,3159.3,4066.875,2958.875
3747.4,3773.667,3945.583,3620.5,3829.5,3304.923,3149.85,4026.625,2968.125
3727.1,3850.583,3993.333,3621.812,3857.312,3317.115,3162.95,4070.5,2994.375
3770.8,3784.75,3979.5,3644.812,3815.688,3301.269,3181.75,4108.625,3015.375
3764.3,3786.75,3950.75,3601.312,3862.25,3320.846,3191,4013.625,3047.625
