x_um_unsmoothed,x_Normalized_um_unsmoothed,y_um_unsmoothed,Temp_DegC,Time_s,frames,Soma_Ratio,Delta_R_25smoothed
60920.47752480001,45375.47852480001,-62050.2803032,20.3158888772192,0.628,1,0.6624853208745818,0.08266621842112806
60924.01014775082,45379.01114775082,-62047.220631068856,20.315991323284774,0.786,2,0.662488297655747,0.08267108322387264
60924.01014775082,45379.01114775082,-62047.220631068856,20.315991323284774,0.792,3,0.662494154496621,0.08268065476238239
60925.50752480001,45380.50852480001,-62045.980303200005,20.3160347472192,0.798,4,0.6625028880648307,0.08269492759072895
60928.08357131163,45383.08457131163,-62043.92844273489,20.316109452568035,0.808,5,0.6625143270382743,0.08271362172587511
60929.27987774118,45384.280877741185,-62040.529126729416,20.316144145454494,0.814,6,0.6625281899262842,0.0827362771418747
60932.25517185883,45387.256171858826,-62037.331479670596,20.316230428983907,0.82,7,0.6625443621639812,0.08276270661114613
60934.0975248,45389.09852480001,-62033.10677378824,20.3162838572192,0.825,8,0.6625625674326062,0.08279245855993136
60936.44210107119,45391.443101071185,-62029.901320149154,20.316351849931063,0.831,9,0.6625825033086381,0.08282503875278131
60941.00000413885,45396.001004138845,-62025.050964357026,20.316484029120026,0.837,10,0.6626037089598943,0.0828596940749919
60945.00829403078,45400.00929403078,-62018.53184166154,20.316600269526894,0.878,11,0.6626259956085739,0.082896116016561
60949.3030985705,45404.3040985705,-62012.591286806564,20.316724818858546,0.902,12,0.6626490390549991,0.08293377475436901
60951.42647216842,45406.42747216842,-62005.44240846316,20.316786396692883,0.927,13,0.6626721401324542,0.08297152767565161
60954.03919146667,45409.04019146667,-61998.85196986667,20.316862165552532,0.972,14,0.662695020246775,0.08300891948807086
60957.5650248,45412.566024800006,-61991.792803200005,20.3169644147192,0.999,15,0.6627170012788175,0.08304484197584323
60958.9740744,45413.975074400005,-61920.73095600001,20.3170052771576,1.668,16,0.6627378360206031,0.0830788911394851
60962.30740773334,45417.30840773333,-61919.66962266667,20.317101943824266,1.678,17,0.6627570831055055,0.0831103456758655
60964.8530124531,45419.8540124531,-61918.39021263717,20.31717576636114,1.687,18,0.6627741820937997,0.08313828968671669
60970.05286750345,45425.05386750345,-61918.722611172416,20.3173265621576,1.712,19,0.6627886753909329,0.08316197534842909
60973.86450918261,45428.86550918261,-61919.39530382609,20.317437099766295,1.737,20,0.6628000671354576,0.08318059229974431
60980.2425744,45435.243574399996,-61921.110456,20.3176220636576,1.781,21,0.6628077578584641,0.08319316085897432
60986.39566732036,45441.396667320354,-61923.11800024779,20.31780050335229,1.807,22,0.6628113863795095,0.08319909076720762
60991.55054498824,45446.55154498824,-61926.67236776471,20.31794999480466,1.852,23,0.6628106615001725,0.08319790613360764
60997.749726573915,45452.75072657391,-61931.25026034783,20.318129771070645,1.879,24,0.6628051966481792,0.08318897520267911
61001.86589258182,45456.86689258182,-61934.66977418182,20.318249139884873,1.904,25,0.6627947260027083,0.08317186355691249
61006.952342116536,45461.95334211654,-61940.34736544882,20.31839664692138,1.945,26,0.6627791165294432,0.08314635378505954
61010.2581369,45465.2591369,-61945.7657685,20.3184925149701,1.969,27,0.662758154510461,0.08311209661873935
61013.63041027787,45468.63141027787,-61951.05028424428,20.31859031089806,1.994,28,0.662731441420117,0.08306844076766783
61018.32225621818,45473.32325621818,-61957.597956000005,20.318726374430327,2.038,29,0.6626989918822075,0.08301541013077524
61020.75035346977,45475.751353469765,-61963.397374604654,20.318796789250623,2.065,30,0.6626609583117674,0.08295325379223621
61035.65227547586,45490.65327547587,-62091.85098819311,20.3192289449888,2.792,31,0.6626171133412315,0.0828816001767505
61035.1869005945,45490.187900594494,-62111.916418436704,20.31921544911724,2.8,32,0.6625676370146243,0.08280074352115169
61035.818827200004,45490.8198272,-62118.08107440001,20.3192337749888,2.807,33,0.6625128492835732,0.08271120670618558
61035.818827200004,45490.8198272,-62118.08107440001,20.3192337749888,2.813,34,0.6624530234248396,0.08261343633422706
61035.818827200004,45490.8198272,-62118.08107440001,20.3192337749888,2.819,35,0.6623882578812337,0.08250759328537698
61038.5988272,45493.5998272,-62126.48357440001,20.3193143949888,2.825,36,0.662319297152513,0.08239489425789516
61041.73588602353,45496.73688602353,-62131.91945675295,20.31940536969468,2.866,37,0.6622461423496137,0.08227534106732808
61043.11774611892,45498.118746118926,-62137.39114196758,20.31944544363745,2.89,38,0.6621696273422398,0.08215029646471482
61047.187792717246,45502.18879271725,-62144.3039192276,20.3195634749888,2.932,39,0.6620905149072351,0.08202100701763161
61052.23269816775,45507.23369816775,-62152.57696149679,20.319709777246864,2.959,40,0.6620093705908185,0.08188839696963063
61059.910953184255,45514.91195318426,-62163.16782636852,20.319932446642344,3.004,41,0.6619269568320153,0.08175371233620873
61067.6783472,45522.6793472,-62171.24341440001,20.3201577010688,3.03,42,0.6618440819013512,0.08161827403296375
61076.11348237241,45531.11448237242,-62177.81340198622,20.3204023199888,3.054,43,0.6617617098155053,0.08148365750354608
61086.572009018186,45541.57300901819,-62184.44584712728,20.320705617261527,3.079,44,0.66168066049976,0.08135120271033239
61097.6681422685,45552.669142268496,-62192.22617713974,20.321027405125786,3.126,45,0.6616019278737705,0.08122253396589296
61219.263737538466,45674.26473753847,-62182.6835328,20.324553677388614,4.006,46,0.6615264674171304,0.08109921276215218
61221.918276000004,45676.919276,-62181.20003280001,20.324630659004,4.011,47,0.6614551936524184,0.08098273365705828
61221.918276000004,45676.919276,-62181.20003280001,20.324630659004,4.017,48,0.6613893577521295,0.08087514137847299
61221.96464493204,45676.96564493205,-62180.611566780586,20.32463200370303,4.023,49,0.661329765255406,0.0807777523782326
61221.96464493204,45676.96564493205,-62180.611566780586,20.32463200370303,4.028,50,0.661277688323204,0.08069264568457836
61221.96464493204,45676.96564493205,-62180.611566780586,20.32463200370303,4.034,51,0.6612342374750196,0.08062163616329743
61221.96464493204,45676.96564493205,-62180.611566780586,20.32463200370303,4.039,52,0.6612002607392444,0.08056610970425457
61222.81527600001,45677.81627600001,-62180.2760328,20.324656672004,4.045,53,0.6611768096218699,0.08052778473045417
61222.60883270104,45677.60983270104,-62179.27211527423,20.32465068514833,4.067,54,0.6611647877958462,0.08050813806884606
61223.23615835295,45678.237158352946,-62178.560738682354,20.324668877592234,4.109,55,0.6611651843372502,0.0805087861163859
61224.546045230774,45679.54704523078,-62178.16449433847,20.324706864311693,4.141,56,0.661178869673612,0.08053115136871629
61225.805076000004,45680.80607600001,-62177.7002328,20.324743376204,4.165,57,0.6612062751794298,0.08057593879933969
61229.01027600001,45684.011276000005,-62176.1840328,20.324836327004,4.19,58,0.6612486154026739,0.08064513328251148
61232.310276000004,45687.31127600001,-62173.9280328,20.324932027004,4.233,59,0.6613065114180657,0.08073974980920404
61237.135597100925,45692.13659710092,-62171.388326377986,20.325071961315928,4.26,60,0.6613803440268204,0.08086041070356333
61266.90165600001,45721.902656000006,-62074.79229120001,20.325935177024,5.033,61,0.6614705336210781,0.08100780299117956
61271.339981581405,45726.34098158141,-62062.56638422327,20.32606388846586,5.041,62,0.6615775598405966,0.08118271052302503
61271.339981581405,45726.34098158141,-62062.56638422327,20.32606388846586,5.049,63,0.6617017544014103,0.08138567540581991
61271.339981581405,45726.34098158141,-62062.56638422327,20.32606388846586,5.056,64,0.661843226540284,0.08161687615967836
61271.339981581405,45726.34098158141,-62062.56638422327,20.32606388846586,5.062,65,0.6620020123717806,0.08187637180480187
61272.485348307695,45727.48634830769,-62059.8919835077,20.326097104100924,5.068,66,0.6621777399826743,0.08216355454223563
61274.37293689888,45729.373936898875,-62058.73979681799,20.326151844170067,5.093,67,0.6623703379073491,0.08247830757934173
61276.22565600001,45731.22665600001,-62057.43229120001,20.326205573024,5.12,68,0.6625794199304015,0.08281999974383995
61277.15150215385,45732.152502153855,-62056.91506043078,20.326232422562462,5.147,69,0.6628044752234077,0.08318779621470065
61279.46956611236,45734.47056611236,-62055.511931649446,20.326299646417258,5.191,70,0.6630450347061175,0.08358093039782034
61279.71304061539,45734.71404061539,-62054.45044504616,20.326306707177846,5.217,71,0.6633001079600753,0.08399778370246154
61282.345056000006,45737.34605600001,-62053.96029120001,20.326383035624,5.244,72,0.6635689136818712,0.08443707928401875
61284.749084571435,45739.75008457144,-62052.07286262858,20.32645275245257,5.289,73,0.6638505573679897,0.08489735530068512
61287.830008941186,45742.83100894118,-62050.98076178825,20.326542099259296,5.315,74,0.6641440986265932,0.08537707491769227
61290.66617085149,45745.66717085149,-62049.361914962385,20.32662434795469,5.341,75,0.6644483100229062,0.08587423220053135
61355.03266920001,45810.03366920001,-62039.247025200006,20.3284909764068,6.161,76,0.6647617202833187,0.0863864227212319
61367.62253490249,45822.623534902494,-62047.4298661091,20.32885608251217,6.17,77,0.6650832604169039,0.08691189948204488
61367.62253490249,45822.623534902494,-62047.4298661091,20.32885608251217,6.179,78,0.6654113920179348,0.08744814834437974
61368.966419200005,45823.96741920001,-62047.14077520001,20.3288950551568,6.187,79,0.6657444861698196,0.08799250725232248
61368.966419200005,45823.96741920001,-62047.14077520001,20.3288950551568,6.193,80,0.6660811168294996,0.08854264569590208
61368.966419200005,45823.96741920001,-62047.14077520001,20.3288950551568,6.199,81,0.6664192761662395,0.08909528237900434
61368.966419200005,45823.96741920001,-62047.14077520001,20.3288950551568,6.204,82,0.6667579234416595,0.08964871647558711
61371.228524463164,45826.22952446317,-62047.200775200006,20.328960656209432,6.21,83,0.6670950320150787,0.0901996359493941
61377.18391920001,45832.18491920001,-62047.84202520001,20.3291333626568,6.233,84,0.6674288124688497,0.090745116445762
61384.13031750509,45839.13131750509,-62049.73145316611,20.329334808207648,6.256,85,0.6677577048965053,0.0912826086885293
61391.485114852185,45846.48611485219,-62053.01868824349,20.329548097330715,6.299,86,0.6680800015385295,0.09180932177278228
61399.790517560665,45854.79151756066,-62057.75585716722,20.32978895400926,6.324,87,0.6683937891339552,0.0923221289529904
61406.890536847066,45861.89153684706,-62063.88783402354,20.329994854568564,6.349,88,0.6686975998098784,0.09281863135878489
61412.651803815395,45867.65280381539,-62069.5684675077,20.330161931310645,6.392,89,0.6689899650182698,0.09329642901647354
61415.4483110919,45870.4493110919,-62072.71861303785,20.330243030021666,6.42,90,0.6692692809157423,0.09375290084601126
61443.17585106207,45898.176851062075,-62108.77445859311,20.3310471286808,7.175,91,0.669534134679944,0.09418573794335905
61445.871575200006,45900.8725752,-62116.136044800005,20.3311253046808,7.184,92,0.6697830438013868,0.0945925175183195
61445.871575200006,45900.8725752,-62116.136044800005,20.3311253046808,7.192,93,0.6700147671658822,0.09497121128081201
61446.914575200004,45901.91557520001,-62117.02854480001,20.3311555516808,7.2,94,0.6702281321104689,0.0953199028071306
61446.914575200004,45901.91557520001,-62117.02854480001,20.3311555516808,7.206,95,0.6704220964512912,0.09563688890896511
61447.13338165162,45902.13438165162,-62119.202044800004,20.331161897067897,7.211,96,0.6705957735979634,0.09592072067653619
61447.50847407641,45902.5094740764,-62120.16474142922,20.331172774748214,7.236,97,0.67074842118477,0.09617018489914082
61448.198686311116,45903.19968631111,-62121.34871146667,20.33119279090302,7.28,98,0.6708793174188128,0.09638410198718986
61447.5375752,45902.5385752,-62123.990044800004,20.3311736186808,7.306,99,0.6709877823391147,0.09656136071488454
61448.085506234485,45903.08650623448,-62126.298596524146,20.3311895086808,7.351,100,0.6710734296951697,0.09670132985257865
61448.70451637647,45903.705516376474,-62127.577338917654,20.33120745997492,7.377,101,0.6711359510687089,0.0968035053679106
61448.695757018184,45903.69675701819,-62128.92409025455,20.33120720595353,7.404,102,0.6711752610602225,0.09686774769678513
61449.51789778065,45904.518897780654,-62130.09494802581,20.33123104803564,7.447,103,0.6711913944427234,0.0968941136669767
61449.9175752,45904.918575200005,-62131.424044800006,20.3312426386808,7.481,104,0.6711844861220417,0.09688282374825347
61451.860075200006,45906.86107520001,-62133.468919800005,20.3312989711808,7.505,105,0.67115479299649,0.0968342977765205
61466.18914225455,45921.19014225455,-62135.19346545455,20.33171451412538,8.177,106,0.6711027057369181,0.09674917420536859
61468.41382010098,45923.41482010098,-62135.96105592234,20.33177902978293,8.184,107,0.671028860011713,0.09662849187545855
61469.55366222056,45924.55466222056,-62135.85873308412,20.331812085204398,8.191,108,0.6709338921843874,0.09647329076346017
61472.6091913946,45927.610191394604,-62137.36432540541,20.331900695550445,8.216,109,0.6708186547775961,0.09628496410398536
61476.34346472453,45931.344464724534,-62139.541750188684,20.33200898947701,8.26,110,0.670683841330385,0.09606464531278322
61479.06781419131,45934.06881419131,-62141.81109391305,20.33208799561155,8.283,111,0.6705307106721387,0.09581439163098222
61483.718596800005,45938.7195968,-62142.65892,20.3322228683072,8.327,112,0.6703603715515527,0.09553601503044033
61486.76659680001,45941.76759680001,-62143.030920000005,20.3323112603072,8.352,113,0.6701739774354597,0.09523140056360212
61490.504596800005,45945.50559680001,-62144.327670000006,20.3324196623072,8.397,114,0.669972953633829,0.0949028775423874
61492.7065968,45947.7075968,-62145.502920000006,20.3324835203072,8.425,115,0.6697586932533944,0.09455272265059847
61495.19459680001,45950.19559680001,-62147.527253333334,20.3325556723072,8.451,116,0.6695327074668268,0.09418340552122101
61500.106263466674,45955.10726346668,-62150.80558666667,20.332698110640532,8.478,117,0.6692966859400528,0.09379768748973151
61502.98748141539,45957.98848141539,-62152.935650769236,20.332781665961047,8.522,118,0.6690520314607514,0.09339786106101113
61507.328756092036,45962.32975609203,-62155.66139787611,20.332907562926668,8.548,119,0.6688001551825964,0.09298623241206219
61511.05767372308,45966.05867372308,-62159.76199692308,20.33301570153797,8.591,120,0.6685427300588628,0.09256553556572102
61647.04076132375,46102.04176132375,-62196.250212448926,20.336959211078387,9.311,121,0.6682814201559079,0.09213849002138395
61671.42471108198,46126.425711081974,-62185.656642452464,20.33766634562138,9.321,122,0.6680178350375445,0.09170772620769858
61671.42471108198,46126.425711081974,-62185.656642452464,20.33766634562138,9.329,123,0.6677536982568983,0.09127606084027488
61671.42471108198,46126.425711081974,-62185.656642452464,20.33766634562138,9.336,124,0.6674904443873063,0.0908458383696854
61678.37787054546,46133.378870545464,-62182.10604632728,20.33786798724582,9.341,125,0.6672297146939576,0.09041974103253195
61684.27874693526,46139.279746935266,-62177.821579355405,20.33803911266112,9.367,126,0.6669732070358271,0.09000054355377475
61691.54194725001,46146.54294725001,-62172.55283610001,20.33824974547025,9.394,127,0.6667225023606367,0.08959082959623293
61697.80191600001,46152.802916000015,-62165.406273600005,20.338431284564,9.419,128,0.6664789555514439,0.08919281337668983
61703.58974933334,46158.590749333336,-62157.89410693334,20.338599131730668,9.463,129,0.6662439329204973,0.08880872779007733
61706.73212823022,46161.73312823022,-62150.04719086619,20.338690260718675,9.49,130,0.6660187896172424,0.08844078748852303
61712.12171832559,46167.12271832558,-62142.81295964652,20.33884655883144,9.534,131,0.6658047953131137,0.08809106743176941
61714.47978442106,46169.48078442106,-62135.141405178954,20.33891494274821,9.561,132,0.6656031937462512,0.08776160019808854
61717.41241600001,46172.41341600001,-62127.67277360001,20.338999989064,9.588,133,0.6654151808990565,0.08745434032096677
61719.512416000005,46174.513416,-62119.16877360001,20.339060889064,9.615,134,0.6652415112696841,0.08717052083853814
61720.716653288146,46175.71765328814,-62111.91233292204,20.339095811945356,9.639,135,0.6650831703592095,0.08691175230531449
61745.19014067402,46200.191140674026,-61923.77977770709,20.339805543079546,10.501,136,0.6649410605817442,0.0866795094909893
61765.02519891571,46220.026198915715,-61904.055821176866,20.340380759768557,10.51,137,0.664815850436165,0.08647488488943099
61765.02519891571,46220.026198915715,-61904.055821176866,20.340380759768557,10.518,138,0.6647084327670723,0.08629933763136541
61770.469510752766,46225.47051075277,-61899.45284857323,20.34053864481183,10.526,139,0.6646191635746399,0.08615344950985254
61770.469510752766,46225.47051075277,-61899.45284857323,20.34053864481183,10.531,140,0.6645484644486134,0.08603790950766838
61770.469510752766,46225.47051075277,-61899.45284857323,20.34053864481183,10.536,141,0.6644967776586648,0.08595344040374604
61770.469510752766,46225.47051075277,-61899.45284857323,20.34053864481183,10.542,142,0.6644646283081522,0.08590090034791784
61778.749827014886,46233.75082701488,-61892.309705474385,20.34077877398343,10.547,143,0.664452298957228,0.0858807511139347
61790.901132800005,46245.90213280001,-61887.387567733334,20.3411311618512,10.557,144,0.6644598526316442,0.0858930957015922
61800.88801652094,46255.889016520945,-61883.94530416744,20.34142078147911,10.598,145,0.6644873212226577,0.085937986229157
61809.47958441291,46264.480584412915,-61883.29655698065,20.341669936947973,10.637,146,0.6645346554544753,0.08601534216769485
61816.56623014514,46271.56723014514,-61882.60163263009,20.34187544967421,10.662,147,0.6646022546400552,0.08612581609415632
61820.371132800006,46275.37213280001,-61882.6462344,20.3419857918512,10.685,148,0.6646897171630125,0.08626875166721742
61823.54102753685,46278.54202753685,-61881.972023873685,20.342077718798567,10.729,149,0.6647967072998374,0.08644360023094359
61824.55637604325,46279.557376043245,-61879.32028845406,20.342107163905254,10.756,150,0.6649230548547541,0.08665008364299538
61999.89974120001,46454.90074120001,-61809.74566400001,20.3471921214948,11.637,151,0.6650684540131087,0.08688770212596722
62005.182721969235,46460.18372196924,-61753.56797169231,20.34734532793711,11.646,152,0.6652324990096081,0.08715579255818467
62005.182721969235,46460.18372196924,-61753.56797169231,20.34734532793711,11.654,153,0.6654147621614261,0.0874536559992581
62000.48450814916,46455.485508149155,-61744.91854535594,20.347209079736324,11.662,154,0.6656147503410882,0.0877804865559228
62000.48450814916,46455.485508149155,-61744.91854535594,20.347209079736324,11.667,155,0.6658321126066374,0.08813571070150686
62000.48450814916,46455.485508149155,-61744.91854535594,20.347209079736324,11.673,156,0.6660663167345545,0.08851845865005892
62000.48450814916,46455.485508149155,-61744.91854535594,20.347209079736324,11.679,157,0.6663166794587553,0.08892761377441127
61996.08518611526,46451.086186115266,-61736.69651145763,20.347081499397344,11.684,158,0.6665828344197944,0.08936257735187109
61990.4587804562,46445.45978045621,-61728.86673838017,20.34691833363323,11.707,159,0.6668641859245151,0.08982237587127222
61987.24935326897,46442.25035326897,-61722.882905379316,20.3468252602448,11.749,160,0.6671602865871803,0.09030627819275532
61984.24056016553,46439.24156016552,-61717.875491586216,20.3467380052448,11.793,161,0.6674705994910584,0.09081340686049004
61981.736294938324,46436.73729493833,-61713.722019140194,20.346665381553212,11.82,162,0.6677944776018853,0.09134270445913785
61980.88500063397,46435.88600063397,-61710.39849418869,20.346640694018387,11.847,163,0.6681313673443586,0.09189326630860947
61979.47211188966,46434.47311188966,-61704.8084226207,20.3465997202448,11.874,164,0.668480824834491,0.09246436699177794
61978.04949120001,46433.0504912,-61700.96366400001,20.3465584642448,11.918,165,0.6688422078161034,0.0930549569018872
61987.95297280001,46442.95397280001,-61534.45244080001,20.3468456652112,12.749,166,0.6692150102410405,0.09366420903005816
62027.43122280001,46482.43222280001,-61510.734472050004,20.3479905344612,12.755,167,0.6695986709285086,0.09429120626693213
62027.43122280001,46482.43222280001,-61510.734472050004,20.3479905344612,12.761,168,0.6699924102732513,0.09493467454310989
62032.36732574119,46487.36832574119,-61508.506558447065,20.348133681446495,12.767,169,0.6703958581601067,0.09559400899812108
62032.36732574119,46487.36832574119,-61508.506558447065,20.348133681446495,12.772,170,0.6708083034183171,0.09626804740160277
62032.36732574119,46487.36832574119,-61508.506558447065,20.348133681446495,12.778,171,0.6712294153931675,0.09695624938129531
62032.36732574119,46487.36832574119,-61508.506558447065,20.348133681446495,12.783,172,0.6716584949481225,0.09765747237375594
62037.66144338824,46492.66244338824,-61507.04538197647,20.34828721085826,12.789,173,0.6720951802849507,0.09837112511045308
62044.77770007274,46499.77870007274,-61505.74434162645,20.34849358230211,12.829,174,0.6725389277349674,0.09909631910118073
62049.82811329588,46504.829113295884,-61504.411449064464,20.34864004428558,12.852,175,0.6729893304327172,0.09983238942632511
62055.99419019131,46510.995190191315,-61504.556962539136,20.34881886051555,12.894,176,0.6734459268213259,0.10057858178685475
62062.17013409033,46517.17113409033,-61504.3795375742,20.34899796288862,12.919,177,0.6739081506822255,0.10133397084043197
62070.06360916365,46525.064609163644,-61504.88698625455,20.349226873665746,12.964,178,0.6743755336926334,0.1020977912308438
62077.60009475123,46532.601094751226,-61506.36024567805,20.349445431747785,12.991,179,0.6748478395539128,0.10286965678719226
62083.33847280001,46538.33947280001,-61507.6389408,20.3496118447112,13.036,180,0.6753246941401256,0.10364895609439842
62238.24829920001,46693.249299200004,-61533.52578,20.3541042296768,13.919,181,0.6758055176718105,0.10443474164824273
62277.16885920001,46732.1698592,-61500.04842000001,20.355232925916802,13.927,182,0.676290102678927,0.10522667439094222
62277.16885920001,46732.1698592,-61500.04842000001,20.355232925916802,13.936,183,0.6767780123062009,0.10602404039204033
62285.46653705236,46740.46753705236,-61487.804997181214,20.35547355857452,13.944,184,0.6772687857564625,0.10682608659405242
62285.46653705236,46740.46753705236,-61487.804997181214,20.35547355857452,13.95,185,0.6777620383633696,0.10763218435625098
62285.46653705236,46740.46753705236,-61487.804997181214,20.35547355857452,13.954,186,0.678257397061425,0.10844172399658238
62285.46653705236,46740.46753705236,-61487.804997181214,20.35547355857452,13.96,187,0.6787544516664464,0.10925403517180506
62291.35997547908,46746.36097547908,-61474.687257209305,20.355644468288894,13.965,188,0.679252964572567,0.11006872957468054
62292.72741733954,46747.728417339546,-61459.498885116285,20.355684124102847,14.007,189,0.6797525220933232,0.11088513113836633
62294.09192213707,46749.092922137075,-61445.57030811189,20.355723694741975,14.031,190,0.6802529295611315,0.11170292172748687
62291.99485920001,46746.995859200004,-61435.26342,20.3556628799168,14.075,191,0.6807536488243117,0.1125212218679975
62291.910859200005,46746.9118592,-61428.714420000004,20.3556604439168,14.104,192,0.6812542436785043,0.11333931869319858
62290.55323757839,46745.554237578384,-61424.91950108109,20.35562107288977,14.13,193,0.6817544733420422,0.11415681870580216
62289.49980969506,46744.50080969506,-61423.103172475254,20.35559052348116,14.157,194,0.6822539137199505,0.1149730288288626
62291.10911662575,46746.11011662574,-61424.56277643565,20.355637193382147,14.201,195,0.6827521824547478,0.1157873241949068
62331.42401636698,46786.42501636698,-61400.373996814684,20.356806325474643,15.014,196,0.6832489270792352,0.11659912878463698
62358.15665708109,46813.15765708109,-61401.01967001082,20.357581572055352,15.023,197,0.6837436000106552,0.11740754771127623
62358.15665708109,46813.15765708109,-61401.01967001082,20.357581572055352,15.031,198,0.6842358889285793,0.1182120705653615
62367.3028641356,46822.303864135596,-61402.882926996615,20.357846812059933,15.039,199,0.6847251251169806,0.11901160449814642
62367.3028641356,46822.303864135596,-61402.882926996615,20.357846812059933,15.045,200,0.6852110567717657,0.11980573799895039
62375.4901705946,46830.4911705946,-61405.59426460541,20.358084243947243,15.051,201,0.6856932247477879,0.12059372071010625
62385.20634523078,46840.20734523078,-61411.47193612308,20.358366013011693,15.074,202,0.6861711287737119,0.12137473506349941
62392.51459239345,46847.51559239345,-61416.43099034755,20.35857795217941,15.116,203,0.6866440726549212,0.12214764330351649
62400.133370117655,46855.13437011765,-61422.83062390589,20.35879889673341,15.161,204,0.6871115584806796,0.12291163171985023
62406.8803586087,46861.881358608705,-61429.306250504356,20.35899455939965,15.188,205,0.687573036594383,0.12366580203654151
62413.94414742858,46868.945147428574,-61435.95171634287,20.35919940927543,15.215,206,0.6880279280833589,0.12440920816592013
62421.63057600001,46876.631576000014,-61443.14760920001,20.359422315704002,15.242,207,0.688475751523908,0.1251410633416086
62426.639438068974,46881.64043806898,-61450.616307475866,20.359567572704,15.287,208,0.6889158541603296,0.12586030079801397
62432.354271652184,46887.35527165218,-61459.473207026094,20.359733302877913,15.314,209,0.6893476486339121,0.12656596064453174
62436.79302280852,46891.79402280852,-61467.61056132767,20.359862026661446,15.358,210,0.6897704351395078,0.1272568992250402
62474.97941760001,46929.9804176,-61578.94614773334,20.3609694321104,16.117,211,0.6901837603809691,0.12793237574059552
62484.24212030271,46939.24312030271,-61588.63957115676,20.36123805048878,16.126,212,0.6905867576209707,0.12859097372626965
62484.24212030271,46939.24312030271,-61588.63957115676,20.36123805048878,16.133,213,0.6909789547396252,0.12923192162043406
62487.902494523085,46942.90349452308,-61591.985891323086,20.36134420134117,16.139,214,0.6913598218684258,0.12985435348581498
62487.902494523085,46942.90349452308,-61591.985891323086,20.36134420134117,16.145,215,0.6917285533367152,0.1304569526556483
62492.20630284591,46947.20730284591,-61595.09625702295,20.361469011782532,16.15,216,0.6920846671598551,0.13103893144684217
62499.264032984625,46954.26503298462,-61597.46742978462,20.361673685956553,16.191,217,0.692427388127004,0.13159902297156748
62509.008820585084,46964.00982058508,-61599.599978579114,20.361956284796968,16.216,218,0.6927561343813838,0.13213627633075084
62518.56249452309,46973.563494523085,-61601.45204516924,20.36223334134117,16.26,219,0.6930701504066452,0.1326494568222741
62531.64034783257,46986.64134783257,-61600.45025626047,20.362612599087143,16.286,220,0.6933689710696609,0.133137804302617
62541.759417600006,46996.7604176,-61598.901288976274,20.3629060521104,16.329,221,0.6936520156448075,0.13360036972129535
62552.1011099077,47007.102109907704,-61596.65004516923,20.363205961187322,16.337,222,0.6939188803919536,0.13403649326625353
62561.40119179356,47016.40219179356,-61593.04700794839,20.363475663562014,16.378,223,0.6941690922998923,0.13444540191922463
62570.29094302374,47025.29194302374,-61588.09518728136,20.36373346634769,16.403,224,0.6944018926570809,0.13482585575634762
62580.38015154497,47035.38115154496,-61582.610337335784,20.364026053394802,16.447,225,0.6946169006652355,0.13517723245826724
62620.611791100004,47075.61279110001,-61398.575640300005,20.3651927709419,17.3,226,0.6948137101515396,0.13549886823731352
62610.501884134355,47065.50288413436,-61348.479368830536,20.364899583639897,17.309,227,0.6949916911221636,0.13578973352646753
62610.501884134355,47065.50288413436,-61348.479368830536,20.364899583639897,17.317,228,0.6951509218542876,0.13604995625016125
62609.71785360001,47064.7188536,-61334.723452800004,20.3648768467544,17.325,229,0.6952910376179309,0.13627894034865354
62609.71785360001,47064.7188536,-61334.723452800004,20.3648768467544,17.331,230,0.6954115585890068,0.13647590166973306
62609.71785360001,47064.7188536,-61334.723452800004,20.3648768467544,17.337,231,0.6955126151874977,0.1366410533521737
62609.71785360001,47064.7188536,-61334.723452800004,20.3648768467544,17.343,232,0.69559417256644,0.13677433844734704
62614.00739206154,47069.00839206154,-61318.72768356924,20.365001243369786,17.348,233,0.6956561063559635,0.13687555370387144
62619.32985360001,47074.33085360001,-61300.316452800005,20.365155594754402,17.37,234,0.6956983024966897,0.13694451272027908
62627.5511167579,47082.5521167579,-61284.64792648421,20.36539401138598,17.393,235,0.6957206909162935,0.13698110098091684
62635.724677129416,47090.72567712942,-61268.53374691765,20.365631044636753,17.437,236,0.6957238815928785,0.13698631534211636
62645.211322350006,47100.21232235001,-61254.60095280001,20.36590615734815,17.464,237,0.6957077768934895,0.13695999624728233
62655.94069230968,47110.94169230969,-61243.39813021936,20.36621730907698,17.491,238,0.695672988732911,0.1369031437177656
62666.60554825649,47121.60654825649,-61234.02135356337,20.366526589899436,17.536,239,0.6956197000336573,0.13681605669457028
62679.58059044211,47134.5815904421,-61226.54582122106,20.36690286612282,17.563,240,0.6955482105552523,0.1366992250595094
62890.55240400001,47345.553404000006,-61287.395726400006,20.373021048716,18.413,241,0.6954592422413364,0.13655382864852253
62906.649044000005,47361.65004400001,-61308.0003664,20.373487851276,18.422,242,0.6953532745814534,0.13638065106709474
62906.649044000005,47361.65004400001,-61308.0003664,20.373487851276,18.432,243,0.6952310232612755,0.13618086192408518
62917.02918098631,47372.030180986316,-61317.69738009864,20.373788875248604,18.44,244,0.69509316061826,0.1359555599865598
62917.02918098631,47372.030180986316,-61317.69738009864,20.373788875248604,18.446,245,0.6949405796541617,0.13570620464207417
62931.16417913514,47386.16517913515,-61326.51423126487,20.37419879019492,18.452,246,0.6947741371305628,0.1354341960527044
62945.45620817911,47400.45720817911,-61332.706605205974,20.374613259037194,18.475,247,0.6945946438596923,0.13514085928782502
62960.369953090914,47415.37095309091,-61336.70800276364,20.375045757639636,18.516,248,0.6944031996007837,0.13482799162827086
62979.41556573914,47434.41656573914,-61340.37262726957,20.375598080406434,18.543,249,0.6942007108896718,0.13449707457965912
62998.010795824826,47453.01179582483,-61341.73546129052,20.37613734207892,18.588,250,0.6939883684523782,0.13415005408524044
63015.76116078833,47470.762160788334,-61341.15604523212,20.376652102662863,18.615,251,0.6937671272241063,0.13378849074726973
63033.433044000005,47488.43404400001,-61337.54969973334,20.377164587276,18.658,252,0.6935380523039136,0.13341412520321105
63049.5825323721,47504.5835323721,-61331.5490175628,20.377632922438792,18.683,253,0.6933025344790845,0.13302923034630784
63067.257481500004,47522.2584815,-61323.567491400005,20.3781454959635,18.708,254,0.6930616915483853,0.13263563293848996
63081.77326935212,47536.774269352114,-61315.654225554936,20.37856645381121,18.751,255,0.6928168840420627,0.13223555642545642
63114.35067802107,47569.35167802106,-61116.825886357896,20.379511198662613,19.664,256,0.6925695093061525,0.13183128441908618
63104.73390365941,47559.73490365941,-61090.74933607129,20.379232312206124,19.674,257,0.6923203775303092,0.1314241409713118
63104.73390365941,47559.73490365941,-61090.74933607129,20.379232312206124,19.682,258,0.692071062853571,0.13101669861786513
63104.73390365941,47559.73490365941,-61090.74933607129,20.379232312206124,19.689,259,0.6918227737754141,0.13061093234825408
63104.73390365941,47559.73490365941,-61090.74933607129,20.379232312206124,19.695,260,0.6915768220159706,0.1302089858402783
63103.433657426096,47558.4346574261,-61085.90427537392,20.379194605065358,19.701,261,0.6913345833805749,0.12981310750293917
63103.433657426096,47558.4346574261,-61085.90427537392,20.379194605065358,19.707,262,0.691097273637885,0.1294252842054005
63101.64357508674,47556.64457508674,-61078.49301258053,20.379142692677515,19.712,263,0.6908661389441003,0.1290475524776463
63103.32330960001,47558.32430960001,-61066.5806232,20.3791914049784,19.756,264,0.690642263056008,0.1286816834485233
63104.531135686964,47559.53213568697,-61051.48801450435,20.37922643193492,19.782,265,0.6904267807431846,0.12832953161449764
63108.40188102858,47563.40288102858,-61034.06062320001,20.37933868354983,19.807,266,0.6902209531688626,0.12799315803078729
63113.95674243583,47568.95774243583,-61016.45644409553,20.37949977453064,19.831,267,0.6900258031208439,0.1276742341877139
63121.81377471629,47576.81477471629,-60999.72248366512,20.37972762846677,19.875,268,0.6898424227776114,0.12737454497727493
63132.43830960001,47587.43930960001,-60983.8286232,20.3800357399784,19.902,269,0.6896718351144953,0.12709576219625957
63142.061681693034,47597.06268169303,-60970.13690226977,20.380314817769097,19.947,270,0.689515058880148,0.1268395507340116
63394.05873946667,47849.05973946667,-60952.99119306667,20.387622732444534,20.796,271,0.6893728843504023,0.12660720209831308
63432.44774847568,47887.44874847568,-60934.991985859466,20.388736013705795,20.805,272,0.689246306095455,0.1264003416648815
63432.44774847568,47887.44874847568,-60934.991985859466,20.388736013705795,20.814,273,0.6891361138002726,0.1262202599758763
63432.44774847568,47887.44874847568,-60934.991985859466,20.388736013705795,20.821,274,0.6890429506467737,0.12606800815094268
63441.99332280001,47896.994322800005,-60929.017526400006,20.3890128353612,20.827,275,0.6889673004164054,0.12594437680960613
63449.9470728,47904.948072800005,-60922.0425264,20.3892434941112,20.833,276,0.6889098895741467,0.12585055317680083
63458.26102016843,47913.26202016843,-60915.227789557895,20.389484598584886,20.874,277,0.6888713592161093,0.1257875849634438
63464.84838858948,47919.849388589486,-60908.69568429474,20.389675632269096,20.899,278,0.688851889446729,0.1257557665050957
63470.75155106087,47925.75255106087,-60901.54991770435,20.389846823980765,20.942,279,0.6888520127642052,0.12575596803660338
63477.584831420696,47932.5858314207,-60891.71407812414,20.3900449891112,20.969,280,0.6888720163103232,0.1257886588192491
63481.5040728,47936.505072800006,-60884.068526400006,20.3901586471112,20.996,281,0.6889121555473633,0.125854256342103
63483.91809049912,47938.91909049913,-60874.70013701947,20.390228653624476,21.023,282,0.68897256493076,0.12595298033887461
63484.77304840976,47939.77404840976,-60864.37301420488,20.390253447403882,21.068,283,0.689052857691107,0.1260841987319052
63485.10889522991,47940.10989522991,-60856.65121798879,20.39026318696167,21.095,284,0.6891533781103638,0.12624847416377014
63485.84179757065,47940.84279757064,-60849.81050805138,20.39028444112955,21.139,285,0.6892739444125668,0.12644550956721554
63497.38951742609,47952.39051742609,-60836.46062086957,20.390619325005357,21.938,286,0.6894143496755819,0.1266749667798739
63496.94478498462,47951.94578498462,-60835.02889846155,20.390606427764553,21.946,287,0.689574136394445,0.12693609812454582
63496.94478498462,47951.94578498462,-60835.02889846155,20.390606427764553,21.955,288,0.689753305356413,0.12722890488780553
63497.014015753855,47952.01501575386,-60834.93197538462,20.390608435456862,21.962,289,0.6899513306035626,0.127552527523248
63495.46324652308,47950.464246523086,-60833.741206153856,20.39056346314917,21.969,290,0.6901676426476299,0.1279060353450365
63495.76737890233,47950.76837890233,-60832.70387162791,20.390572282988167,22.011,291,0.6904016929718645,0.12828853194001738
63494.614169600005,47949.6151696,-60829.75736,20.3905388399184,22.036,292,0.6906529576612439,0.12869916110039492
63494.84435564652,47949.845355646525,-60825.27573209303,20.39054551531375,22.08,293,0.6909207537673441,0.12913680671813724
63494.289942327276,47949.29094232728,-60820.12917818183,20.39052943732749,22.107,294,0.6912041529189763,0.12959995160321386
63493.836073214465,47948.83707321447,-60814.54543228916,20.39051627512322,22.152,295,0.6915025551329341,0.13008761523344753
63494.51616960001,47949.5171696,-60808.60336000001,20.3905359979184,22.178,296,0.6918149132997031,0.13059808637077372
63493.745851418185,47948.74685141818,-60802.016678181826,20.390513658691127,22.205,297,0.6921404145487865,0.13113003658209496
63494.28154891035,47949.282548910356,-60795.56115310345,20.3905291939184,22.232,298,0.6924778463807002,0.13168148434089305
63493.58954460001,47948.59054460001,-60789.205485000006,20.3905091257934,22.277,299,0.692826530035809,0.1322513203846615
63492.91073139776,47947.91173139776,-60782.065337528096,20.390489440210537,22.304,300,0.6931853063285942,0.13283765031519668
63504.384225600006,47959.38522560001,-60696.285107200005,20.3908221715424,23.051,301,0.6935532545167202,0.13343896940991623
63511.9888146411,47966.9898146411,-60677.458223638365,20.391042704624592,23.06,302,0.6939293592325214,0.13405361830485216
63511.9888146411,47966.9898146411,-60677.458223638365,20.391042704624592,23.068,303,0.6943123942022688,0.13467959296293505
63513.957755011776,47968.95875501177,-60673.921136611774,20.39109980389534,23.076,304,0.6947011285885547,0.1353148818889068
63513.957755011776,47968.95875501177,-60673.921136611774,20.39109980389534,23.082,305,0.6950945126104433,0.13595776947893395
63515.70698679404,47970.707986794034,-60670.57395048359,20.391150531617026,23.088,306,0.6954914801065493,0.13660651335944404
63518.64569618824,47973.64669618824,-60667.12084249412,20.39123575418946,23.111,307,0.6958906527421754,0.13725886098782628
63521.05556362818,47976.05656362818,-60663.964579030995,20.391305640345216,23.152,308,0.6962910814634558,0.13791326137339774
63522.44907175385,47977.45007175385,-60662.4462995077,20.391346052080863,23.196,309,0.6966914481803836,0.13856756042839533
63523.94618212175,47978.947182121745,-60662.37999850435,20.39138946828153,23.223,310,0.6970907035856443,0.1392200433230006
63524.77172560001,47979.77272560001,-60662.35260720001,20.3914134090424,23.25,311,0.6974879123027243,0.13986918141873564
63526.73558923637,47981.736589236374,-60663.88806174546,20.391470361087855,23.277,312,0.6978817975300251,0.140512888103392
63527.08845636924,47982.08945636924,-60666.16491489232,20.391480594234707,23.322,313,0.6982713295919751,0.1411494806303154
63526.460475600004,47981.46147560001,-60670.53210720001,20.3914623827924,23.349,314,0.6986553297828668,0.14177703270044556
63526.60696753549,47981.607967535485,-60677.41163945807,20.391466631058528,23.393,315,0.6990328770257711,0.14239403904439124
63408.058214224395,47863.0592142244,-60934.75392450732,20.388028717212507,25.687,316,0.6994030060406318,0.14299892215382848
63359.06711378268,47814.068113782676,-60937.17705106772,20.386607975299697,25.697,317,0.6997649022262613,0.14359035076727958
63359.06711378268,47814.068113782676,-60937.17705106772,20.386607975299697,25.706,318,0.7001174582207931,0.1441665151793114
63349.44495552788,47804.44595552787,-60937.13647148853,20.38632893271031,25.715,319,0.7004598941491655,0.14472614087959573
63349.44495552788,47804.44595552787,-60937.13647148853,20.38632893271031,25.721,320,0.700791736524944,0.1452684540732249
63349.44495552788,47804.44595552787,-60937.13647148853,20.38632893271031,25.727,321,0.7011122216590289,0.1457922067017689
63349.44495552788,47804.44595552787,-60937.13647148853,20.38632893271031,25.732,322,0.7014206302025687,0.14629622316982024
63338.37464616775,47793.375646167755,-60935.945934735486,20.386007893738864,25.738,323,0.7017162813300373,0.14677939083869135
63325.385775200004,47780.38677520001,-60934.13319280001,20.3856312164808,25.761,324,0.7019988512472813,0.14724118054799137
63314.19562135385,47769.196621353854,-60932.67165433847,20.38530670201926,25.783,325,0.7022678764650294,0.14768083484067024
63301.12211666342,47756.123116663424,-60931.127583043904,20.38492757038324,25.825,326,0.7025229352420027,0.14809766448630862
63288.76949420827,47743.770494208264,-60931.02996965951,20.38456934433204,25.852,327,0.7027634433838714,0.14849071476569103
63277.822593381825,47732.82359338182,-60930.63773825455,20.384251884208073,25.897,328,0.7029892154537873,0.148859682628765
63264.7357752,47719.7367752,-60930.11327280001,20.3838723664808,25.924,329,0.7032003158834652,0.14920467337301982
63252.69808924959,47707.699089249596,-60931.519391147114,20.38352327358824,25.951,330,0.7033964501124012,0.1495252056131375
63155.47564187587,47610.476641875866,-61121.29929790345,20.3807038226144,26.775,331,0.7035777279733095,0.14982145884316236
63159.62863427798,47614.62963427798,-61157.78296242712,20.38082425939406,26.782,332,0.7037438370048783,0.15009292242339195
63159.62863427798,47614.62963427798,-61157.78296242712,20.38082425939406,26.79,333,0.7038950542141394,0.15034004905239384
63159.62863427798,47614.62963427798,-61157.78296242712,20.38082425939406,26.797,334,0.7040314215468745,0.15056290728003502
63159.478065159645,47614.47906515964,-61171.45614700184,20.38081989288963,26.803,335,0.7041531942036685,0.150761914167711
63158.02219360001,47613.023193600005,-61186.5955048,20.3807776726144,26.808,336,0.7042606880034579,0.15093758584231964
63155.14142436924,47610.142424369245,-61202.851043261544,20.380694130306708,26.85,337,0.7043541424113526,0.1510903136495662
63149.91834744616,47604.919347446164,-61219.22242787693,20.38054266107594,26.876,338,0.7044339386283857,0.1512207205669986
63143.23578735001,47598.236787350004,-61235.59847355,20.38034886683315,26.919,339,0.7045004208709265,0.1513293691300019
63133.09582996365,47588.096829963644,-61251.85310810579,20.380054808068945,26.946,340,0.7045538711855212,0.15141672027296646
63122.106479314294,47577.10747931429,-61265.76836194286,20.379736116900116,26.991,341,0.7045949910658901,0.15148392041156303
63109.53086026668,47564.53186026668,-61277.94417146667,20.379371423947735,27.0,342,0.7046240865312027,0.15153146965742648
63094.45008833685,47549.45108833685,-61289.40655743158,20.37893408156177,27.044,343,0.704641502281562,0.1515599313364831
63076.84335639071,47531.844356390706,-61298.77573735814,20.37842348633533,27.071,344,0.7046478962136263,0.15157038061593253
63060.396223450756,47515.39722345075,-61305.9411764418,20.377946519480073,27.116,345,0.7046437675959762,0.15156363342513798
62770.61204898824,47225.613048988234,-61242.52380390589,20.36954277842066,27.971,346,0.7046297266165985,0.15154068696343262
62721.458760218185,47176.45976021819,-61236.49931192728,20.368117333046328,27.98,347,0.7046067023905911,0.15150305963658012
62721.458760218185,47176.45976021819,-61236.49931192728,20.368117333046328,27.989,348,0.7045750002203869,0.1514512503848892
62701.8293284,47156.8303284,-61237.06328920001,20.3675480795236,27.996,349,0.7045350189724394,0.15138591105561033
62701.8293284,47156.8303284,-61237.06328920001,20.3675480795236,28.002,350,0.7044875136763445,0.15130827555538504
62683.39940818724,47138.40040818724,-61241.54012430639,20.36701361183743,28.008,351,0.704433001802697,0.15121918956020683
62667.2862654229,47122.2872654229,-61247.25463461985,20.366546330697265,28.052,352,0.7043719952116335,0.15111948957718194
62649.4608415579,47104.4618415579,-61254.66782867369,20.366029393405178,28.079,353,0.7043050919374894,0.151010152943546
62633.07089754894,47088.07189754894,-61266.4631030298,20.36555408502892,28.106,354,0.7042328272521178,0.15089205442698816
62618.4068284,47073.4078284,-61279.87703920001,20.3651288270236,28.153,355,0.7041557159658757,0.15076603535600994
62613.0103610087,47068.0113610087,-61292.27464789566,20.364972329469254,28.178,356,0.7040740409188245,0.15063255796180366
62590.233178688664,47045.23417868867,-61411.17546903094,20.364311791181972,29.092,361,0.7039883596222918,0.15049253335690516
62588.66301668572,47043.664016685725,-61418.410196571436,20.364266256483887,29.101,362,0.7038991876246066,0.1503468040758466
62588.54525694546,47043.546256945454,-61426.20513163637,20.364262841451417,29.111,363,0.7038067515574598,0.15019574049132603
62587.000249768425,47042.00124976842,-61434.18171536843,20.364218036243283,29.136,364,0.7037113179744429,0.15003977821838257
62587.667399487385,47042.66839948739,-61443.497602951466,20.364237383585134,29.16,365,0.703613087721327,0.1498792454890912
62588.817302400006,47043.8183024,-61451.788143000005,20.3642707307696,29.203,366,0.7035122784782123,0.1497144980470183
62590.80612592942,47045.80712592942,-61461.58170917648,20.364328406651953,29.23,367,0.7034095060938155,0.14954654234254153
62593.12052273899,47048.12152273899,-61471.8767341017,20.36439552415943,29.275,368,0.7033048128518778,0.14937544747783837
62595.37357358645,47050.37457358645,-61481.77520867797,20.364460862634008,29.302,369,0.7031982260145043,0.14920125800598666
62600.1573024,47055.1583024,-61491.14644800001,20.3645995907696,29.328,370,0.7030900224159148,0.14902442634313584
62603.79730240001,47058.79830240001,-61500.20492184616,20.364705150769602,29.373,371,0.7029804424517604,0.1488453453557275
62609.08818240001,47064.089182400014,-61509.76420800001,20.3648585862896,29.4,372,0.7028694703067767,0.14866398919767565
62615.033116353494,47070.03411635349,-61517.93783776745,20.36503098937425,29.427,373,0.7027572805214055,0.14848064311158735
62621.84661537711,47076.847615377104,-61524.78548555726,20.365228580845937,29.472,374,0.7026437549998379,0.14829511409946122
62628.244802400004,47083.24580240001,-61528.43026800001,20.3654141282696,29.499,375,0.7025289656482717,0.14810751967395594
62753.02271418843,47208.02371418843,-61559.311459338845,20.369032687711464,30.311,376,0.7024127798967424,0.14791764318269035
62779.032920800004,47234.03392080001,-61571.08773000001,20.3697869837032,30.32,377,0.7022952795802229,0.14772561836441725
62779.032920800004,47234.03392080001,-61571.08773000001,20.3697869837032,30.329,378,0.702176358505001,0.1475312716721298
62784.7179208,47239.718920800005,-61577.73898,20.3699518487032,30.336,379,0.7020558472141578,0.1473343261709645
62784.7179208,47239.718920800005,-61577.73898,20.3699518487032,30.343,380,0.7019336135706795,0.14713456591609006
62784.7179208,47239.718920800005,-61577.73898,20.3699518487032,30.348,381,0.7018092433314089,0.14693131393088762
62784.7179208,47239.718920800005,-61577.73898,20.3699518487032,30.354,382,0.7016828577474903,0.14672476836996334
62791.93993422282,47246.94093422282,-61586.19944979866,20.37016128709246,30.359,383,0.701554261995905,0.14651461084392176
62800.73909727059,47255.740097270595,-61597.42780352942,20.37041646282085,30.382,384,0.7014230938964555,0.14630024946000314
62806.1762958,47261.17729580001,-61612.310730000005,20.3705741415782,30.423,385,0.7012892425371424,0.14608150296034225
62810.43950353382,47265.44050353381,-61627.2708505036,20.37069777460248,30.466,386,0.7011526193627531,0.14585822662363862
62812.219469187105,47267.2204691871,-61642.01878645162,20.370749393606427,30.49,387,0.7010128277558604,0.1456297722781118
62813.49392080001,47268.4949208,-61655.75564666667,20.3707863527032,30.514,388,0.7008698085063263,0.14539604315963098
62812.669656337195,47267.6706563372,-61670.118566776866,20.37076244903378,30.556,389,0.7007233230347484,0.14515664936995798
62810.59053618462,47265.59153618463,-61683.649749230775,20.370702154549356,30.581,390,0.7005731681585529,0.14491125885809958
62633.82842400001,47088.82942400001,-61824.8610456,20.365576053296,31.422,391,0.7004190878929414,0.14465945328106028
62604.41108153426,47059.41208153426,-61887.7783606685,20.364722950364495,31.428,392,0.7002607901726484,0.1444007553313638
62604.41108153426,47059.41208153426,-61887.7783606685,20.364722950364495,31.435,393,0.7000980926769936,0.14413486705155312
62604.41108153426,47059.41208153426,-61887.7783606685,20.364722950364495,31.441,394,0.6999309667046523,0.14386174153650638
62603.265632633105,47058.26663263311,-61903.00962113957,20.36468973234636,31.447,395,0.6997590442699079,0.1435807774057982
62603.265632633105,47058.26663263311,-61903.00962113957,20.36468973234636,31.453,396,0.6995824023434822,0.14329210044878216
62603.265632633105,47058.26663263311,-61903.00962113957,20.36468973234636,31.458,397,0.6994006196434802,0.14299502218578644
62603.35207617392,47058.353076173924,-61917.50730646957,20.364692239209045,31.464,398,0.6992136811985732,0.1426895181499267
62605.22342400001,47060.224424000015,-61930.93804560001,20.364746508296,31.507,399,0.6990215031821373,0.1423754513475957
62608.20230635295,47063.20330635295,-61943.55375148236,20.364832895884234,31.533,400,0.6988240150873242,0.14205270655302082
62614.08473725302,47069.085737253015,-61958.193623913256,20.36500348638034,31.578,401,0.6986210495474502,0.14172101024730485
62621.87239715437,47076.87339715437,-61970.03978385504,20.365229328517476,31.605,402,0.6984126466066758,0.14138042787259172
62629.96864622223,47084.969646222235,-61980.909045600005,20.365464119740444,31.631,403,0.698198826199339,0.14103099200656086
62639.66251095653,47094.663510956525,-61990.54817603479,20.365745241817738,31.676,404,0.6979796040183898,0.14067272829540564
62648.66251095653,47103.663510956525,-61999.884697773916,20.36600624181774,31.703,405,0.6977548970273617,0.14030550103683337
62863.23746771387,47318.238467713876,-61973.91311840585,20.372228915563703,32.478,406,0.6975248548237254,0.13992955471041607
62879.528764294744,47334.52976429474,-61977.12786101054,20.37270136316455,32.487,407,0.6972895540710016,0.13954501460346422
62896.91717574307,47351.91817574306,-61981.89618409928,20.37320562709655,32.501,408,0.6970492046245965,0.13915222367204336
62911.258106400004,47366.2591064,-61986.320426800004,20.3736215140856,32.527,409,0.6968040224296189,0.13875153482431138
62928.37632068572,47383.377320685715,-61994.79774822858,20.374117942299886,32.554,410,0.6965541321703279,0.13834315182544024
62940.63506683166,47395.63606683166,-62001.85709046907,20.37447344593812,32.58,411,0.6962996575575774,0.137927276849815
62952.22242458182,47407.223424581825,-62009.600994981825,20.374809479312873,32.625,412,0.6960409431968434,0.13750447306871788
62964.30935640001,47419.310356400005,-62018.05558305001,20.3751600003356,32.652,413,0.6957783360127497,0.13707530744349686
62972.43503388092,47427.43603388092,-62026.89925313588,20.375395644982547,32.679,414,0.6955120785838513,0.1366401764080025
62980.87060640001,47435.871606400004,-62036.90917680001,20.3756402765856,32.723,415,0.6952425713611798,0.1361997343990811
62986.80399101539,47441.80499101539,-62047.894715261544,20.375812344739447,32.75,416,0.6949701761306386,0.1357545726651174
62992.0626064,47447.0636064,-62058.80251013334,20.3759648445856,32.777,417,0.694695337774048,0.13530541825394615
62997.86034091328,47452.86134091328,-62068.37413255222,20.376132978886485,32.822,418,0.6944184890114476,0.13485297833801954
63000.43676024616,47455.43776024616,-62079.472253723085,20.37620769504714,32.849,419,0.6941400015936544,0.13439786045087598
63003.976856400004,47458.9778564,-62090.031676800005,20.3763103578356,32.876,420,0.6938603070903565,0.1339407698850066
63008.63980985264,47463.640809852644,-62362.98654054737,20.376445583485726,33.717,421,0.6935800607028646,0.13348277740274075
63043.72615390068,47498.727153900676,-62390.93684079463,20.37746308746312,33.724,422,0.6932995991891203,0.13302443335053243
63043.72615390068,47498.727153900676,-62390.93684079463,20.37746308746312,33.731,423,0.6930195632759915,0.13256678483586182
63053.55380918217,47508.55480918217,-62399.648846950324,20.377748089466284,33.738,424,0.6927404895363084,0.13211070875253908
63053.55380918217,47508.55480918217,-62399.648846950324,20.377748089466284,33.745,425,0.6924628630207511,0.1316569977943324
63066.4077888,47521.40878880001,-62407.6565616,20.3781208548752,33.75,426,0.6921872059703091,0.13120650543325016
63079.68926114043,47534.69026114044,-62412.48602542979,20.378506017573073,33.791,427,0.6919139917978298,0.13076000534393978
63094.869528334886,47549.87052833488,-62416.16751973954,20.37894624532171,33.834,428,0.6916434555537806,0.13031788165748
63107.57770458948,47562.57870458948,-62417.680224757896,20.379314782433095,33.861,429,0.6913762955473498,0.12988127558522178
63120.670108800005,47575.6711088,-62417.2796016,20.3796944621552,33.888,430,0.6911129178633117,0.12945085077095184
63135.718447623534,47590.71944762353,-62414.41849101177,20.380130863981083,33.933,431,0.690853788751279,0.12902736918280594
63146.435539743405,47601.4365397434,-62411.16760310944,20.380441659652558,33.96,432,0.6905994674603491,0.12861174477326942
63157.93838880001,47612.939388800005,-62407.2239616,20.3807752422752,33.987,433,0.690349838797334,0.12820378928794754
63167.647902561475,47622.64890256147,-62402.037346921104,20.381056818174283,34.032,434,0.6901055433566807,0.1278045496179116
63179.99022375146,47634.991223751465,-62395.73981596893,20.381414745488794,34.058,435,0.6898668853175154,0.12741452286770705
63370.017643490915,47825.01864349091,-62408.39523243637,20.386925540661238,34.833,436,0.6896337639638174,0.12703354444224058
63371.646734400005,47826.6477344,-62412.378868800006,20.3869727842976,34.842,437,0.6894065718651444,0.1266622558980647
63373.01512149678,47828.01612149678,-62415.156288154845,20.387012467523405,34.85,438,0.689185383610349,0.12630077913196458
63374.61869092174,47829.61969092174,-62417.44169488696,20.38705897103673,34.874,439,0.6889703566477043,0.12594937145368165
63378.173534400004,47833.17453440001,-62420.74946880001,20.3871620614976,34.918,440,0.6887616211673051,0.12560824562629605
63380.96269184681,47835.96369184682,-62425.03695390639,20.38724294706356,34.945,441,0.6885589868033682,0.12527709054464675
63383.73764349092,47838.73864349091,-62430.515232436366,20.387323420661236,34.971,442,0.6883623799964219,0.12495578599421318
63384.83735940001,47839.838359400004,-62437.10636880001,20.3873553124226,35.016,443,0.6881717530705048,0.12464425406058567
63386.180397766344,47841.18139776634,-62441.36718563169,20.387394260535224,35.043,444,0.6879867698473944,0.12434194534471564
63385.78538824616,47840.78638824615,-62444.75925341539,20.38738280525914,35.07,445,0.687807308558975,0.12404866084713688
63385.060484400004,47840.06148440001,-62449.6801188,20.3873617830476,35.115,446,0.6876330311801383,0.12376384815052895
63384.85641181936,47839.857411819365,-62454.080804283876,20.387355864942762,35.142,447,0.6874637164735106,0.12348714569785313
63384.97834730323,47839.97934730323,-62457.64403009033,20.387359401071794,35.169,448,0.6872988754385198,0.12321775434023251
63385.2679975579,47840.2689975579,-62461.846026694744,20.38736780092918,35.213,449,0.6871381442168972,0.12295507944252076
63384.39576665807,47839.39676665807,-62463.60532041291,20.387342506233082,35.24,450,0.6869808647693526,0.12269804560442198
63404.97495257705,47859.97595257705,-62571.42103825574,20.387939302624734,36.099,451,0.6868268138173942,0.12244628793320171
63443.5943952,47898.5953952,-62609.164677600005,20.3890592664608,36.108,452,0.6866755763721646,0.12219912823358113
63443.5943952,47898.5953952,-62609.164677600005,20.3890592664608,36.116,453,0.6865265186217581,0.12195553069885244
63461.19332477747,47916.194324777476,-62615.78563534649,20.389569635418546,36.124,454,0.6863790906856929,0.12171459668718473
63461.19332477747,47916.194324777476,-62615.78563534649,20.389569635418546,36.13,455,0.6862328891129007,0.12147566685892347
63461.19332477747,47916.194324777476,-62615.78563534649,20.389569635418546,36.136,456,0.6860873049340591,0.12123774600633722
63461.19332477747,47916.194324777476,-62615.78563534649,20.389569635418546,36.141,457,0.6859419110153469,0.12100013608624746
63477.9271452,47932.9281452,-62618.43392760001,20.3900549162108,36.147,458,0.68579620777039,0.12076202064993725
63494.32810743022,47949.329107430225,-62619.75605889497,20.390530544115478,36.17,459,0.6856498255583937,0.12052279561217057
63507.557868884214,47962.55886888421,-62618.59004602106,20.390914207197643,36.193,460,0.6855021733558859,0.1202814950932102
63519.468715200004,47974.4697152,-62616.89819760001,20.3912596217408,36.236,461,0.6853527390787856,0.12003728221996926
63531.16524559371,47986.166245593704,-62613.92078783623,20.391598821122216,36.263,462,0.685201620791749,0.11979031725455051
63539.042395200006,47994.0433952,-62610.606177600006,20.3918272584608,36.29,463,0.6850480625457023,0.11953936478765621
63547.815454023534,48002.81645402353,-62608.6532658353,20.392081677166683,36.334,464,0.6848919134844589,0.11928417828265832
63555.373395200004,48010.37439520001,-62605.16601093334,20.3923008574608,36.361,465,0.6847329517543501,0.11902439517533854
63684.425879466675,48139.42687946667,-62493.79625226667,20.396043379504533,37.167,466,0.6845712627104684,0.11876015495720296
63721.03468524096,48176.03568524096,-62486.01155410394,20.397105034871988,37.175,467,0.6844066873818472,0.11849119783004948
63721.03468524096,48176.03568524096,-62486.01155410394,20.397105034871988,37.183,468,0.6842391125164881,0.11821733871187118
63732.98738353171,48187.988383531716,-62485.08153681952,20.39745166312242,37.189,469,0.6840687408940385,0.11793890899517909
63732.98738353171,48187.988383531716,-62485.08153681952,20.39745166312242,37.195,470,0.6838957219024536,0.11765615281714498
63746.16821280001,48201.169212800014,-62487.1415856,20.3978339071712,37.2,471,0.6837204694290018,0.11736974657277631
63758.18158984919,48213.182589849195,-62490.803847895084,20.398182295105627,37.241,472,0.6835431706152034,0.11707999609798511
63764.47421280001,48219.47521280001,-62494.147820894126,20.3983647811712,37.264,473,0.6833642781860507,0.11678764125830468
63771.49421280001,48226.495212800015,-62498.673324730444,20.3985683611712,37.307,474,0.6831841232023945,0.11649322308972204
63775.19475334055,48230.19575334055,-62502.469315329734,20.398675676846874,37.333,475,0.6830032058908119,0.11619755908720569
63779.125533554725,48234.12653355472,-62508.21449126038,20.398789669473086,37.378,476,0.6828224466929731,0.1159021534819757
63781.7822861945,48236.783286194506,-62513.193530554134,20.39886671529964,37.387,477,0.6826423322698641,0.11560780159944187
63783.6425146868,48238.6435146868,-62518.401472392456,20.398920661925917,37.431,478,0.6824637221502508,0.11531590812394825
63786.95254613334,48241.95354613334,-62524.642918933336,20.399016652837865,37.458,479,0.6822873560456998,0.11502768192865719
63787.738330447064,48242.73933044706,-62531.05135030589,20.399039440582964,37.503,480,0.6821142738798269,0.11474482250808267
63781.132431670594,48236.13343167059,-62616.169194211776,20.39884786951845,38.379,481,0.68194547580903,0.11446896436718794
63779.63525520001,48234.63625520001,-62620.15007859311,20.3988044514008,38.387,482,0.6817819728002007,0.11420175967797914
63779.63525520001,48234.63625520001,-62620.15007859311,20.3988044514008,38.395,483,0.6816247735330674,0.11394485687466706
63781.66525520001,48236.666255200005,-62621.841664800006,20.3988633214008,38.403,484,0.6814748264131112,0.11369980588831191
63781.66525520001,48236.666255200005,-62621.841664800006,20.3988633214008,38.41,485,0.6813333936414668,0.11346866947032326
63781.66525520001,48236.666255200005,-62621.841664800006,20.3988633214008,38.415,486,0.6812015895493461,0.11325326871578212
63781.66525520001,48236.666255200005,-62621.841664800006,20.3988633214008,38.421,487,0.6810807484263733,0.11305578418666692
63782.456559547834,48237.45755954784,-62624.332447408706,20.39888626922689,38.426,488,0.6809719761619103,0.11287802318197049
63784.8780138207,48239.8790138207,-62625.378354455184,20.3989564914008,38.449,489,0.680876349253725,0.11272174496749228
63786.41987058462,48241.420870584625,-62625.86997249231,20.399001205246954,38.472,490,0.6807950863395332,0.11258894110115195
63787.43063981539,48242.43163981539,-62627.83612633847,20.399030517554646,38.515,491,0.6807293012822498,0.1124814319127165
63787.99461003872,48242.99561003872,-62628.78927770323,20.399046872691123,38.524,492,0.680680144569264,0.11240109758547709
63788.809187784274,48243.81018778427,-62628.24170974383,20.399070495445745,38.569,493,0.6806483808990158,0.11234918782737809
63789.484932619365,48244.48593261937,-62628.43701963872,20.399090092045963,38.595,494,0.68063515809311,0.11232757846515401
63789.071255200004,48244.07225520001,-62628.407664800005,20.3990780954008,38.639,495,0.6806414586929183,0.1123378752164226
63813.98435967762,48268.98535967762,-62632.215457826875,20.39980057543065,39.428,496,0.6806682086251898,0.11238159127639095
63818.61650520001,48273.6175052,-62633.59475820001,20.3999349076508,39.438,497,0.6807161048564149,0.1124598656621065
63818.61650520001,48273.6175052,-62633.59475820001,20.3999349076508,39.447,498,0.6807858684199181,0.11257387672182609
63818.526001468665,48273.52700146867,-62633.87038320001,20.39993228304259,39.454,499,0.6808782195584955,0.11272480151188559
63818.526001468665,48273.52700146867,-62633.87038320001,20.39993228304259,39.46,500,0.6809934573942671,0.11291312887242118
63818.526001468665,48273.52700146867,-62633.87038320001,20.39993228304259,39.466,501,0.6811324180241675,0.11314022519432164
63818.526001468665,48273.52700146867,-62633.87038320001,20.39993228304259,39.472,502,0.6812949399843489,0.11340582660539547
63822.34121264682,48277.34221264682,-62634.90697894469,20.40004292416676,39.477,503,0.6814815139081506,0.11371073492286843
63823.73525520001,48278.73625520001,-62635.332718966434,20.400083351400802,39.519,504,0.6816921950031756,0.11405504036973085
63825.690108141185,48280.69110814118,-62636.82582437648,20.400140042136094,39.548,505,0.681926950356696,0.1144386891583781
63829.38644922986,48284.387449229864,-62638.07351752836,20.400247236027667,39.573,506,0.6821853329431176,0.11486095073751401
63832.40480743881,48287.405807438816,-62638.5436667821,20.400334768415725,39.6,507,0.6824672099938377,0.11532160813013365
63838.02070974546,48293.02170974546,-62639.335837745464,20.400497629582617,39.645,508,0.6827722054830149,0.11582004681624224
63840.902755200004,48295.90375520001,-62640.94038320001,20.4005812089008,39.672,509,0.6830997228675588,0.1163552918956702
63846.34843701819,48301.34943701819,-62642.66174683637,20.40073913367353,39.716,510,0.6834491118941346,0.11692628069231442
63962.216496276116,48417.21749627612,-62596.825161748675,20.40409930739201,40.491,511,0.683819582384132,0.11753172185727878
63977.85933950093,48432.86033950093,-62567.314850796334,20.404552949845527,40.649,512,0.6842103312463967,0.11817030293935023
63977.85933950093,48432.86033950093,-62567.314850796334,20.404552949845527,40.657,513,0.684620173399923,0.11884008722064124
63980.562927490915,48435.56392749092,-62560.17740792727,20.404631353897237,40.663,514,0.685048113203522,0.11953944757516619
63980.562927490915,48435.56392749092,-62560.17740792727,20.404631353897237,40.674,515,0.6854928776540213,0.12026630359829223
63980.562927490915,48435.56392749092,-62560.17740792727,20.404631353897237,40.68,516,0.6859532206036263,0.12101861877377063
63980.562927490915,48435.56392749092,-62560.17740792727,20.404631353897237,40.685,517,0.6864275739811984,0.12179383048233082
63983.05776840001,48438.058768400006,-62554.474885200005,20.4047037042836,40.691,518,0.6869143685330595,0.12258937417213785
63984.79798534216,48439.79898534216,-62546.76621784463,20.404754170574922,40.696,519,0.6874121382174777,0.12340285396541424
63985.719281557904,48440.72028155791,-62538.81508256843,20.404780888165178,40.702,520,0.6879192093396526,0.12423153462748665
63987.07401840001,48442.075018400006,-62531.5361352,20.4048201755336,40.707,521,0.6884339004810698,0.125072668301207
63988.39045907798,48443.391459077975,-62524.037152149154,20.404858352313262,40.713,522,0.6889543827132674,0.12592326606138804
63989.29808619662,48444.299086196625,-62515.12105045424,20.4048846734997,40.718,523,0.6894791602158703,0.12678088336452398
63989.412425479655,48444.41342547965,-62505.32463077523,20.40488798933891,40.724,524,0.6900063128319376,0.12764238219534324
63989.96632609232,48444.967326092315,-62495.51767366154,20.404904052456676,40.747,525,0.6905339907351042,0.12850473947627383
63999.19098240001,48454.19198240001,-62279.6516712,20.4051715674896,41.425,526,0.6910604432440972,0.1293650941575478
64009.410151891534,48464.41115189153,-62269.3194932339,20.405467923404853,41.434,527,0.691583947115279,0.1302206300293359
64017.83787713685,48472.83887713685,-62260.74227646316,20.40571232743697,41.443,528,0.6921028442581467,0.1310686373582778
64028.76461654635,48483.765616546356,-62252.69919559025,20.406029202879843,41.468,529,0.6926154359178542,0.13190633995533627
64039.96120191221,48494.9622019122,-62244.954805346344,20.406353903855454,41.511,530,0.6931202100354313,0.1327312667390914
64053.34998240001,48508.35098240001,-62239.59319445582,20.4067421784896,41.538,531,0.6936158261146884,0.1335412270044896
64068.39942240001,48523.40042240001,-62235.0128112,20.4071786122496,41.582,532,0.6941008317163351,0.13433384710353516
64081.994659819364,48536.99565981937,-62232.82065507097,20.40757287413476,41.609,533,0.6945736867188899,0.135106610093667
64096.90566240001,48551.90666240001,-62233.006891200006,20.4080052932096,41.636,534,0.6950330096327062,0.13585725827630027
64110.4056275613,48565.4066275613,-62234.182267974196,20.408396792199277,41.681,535,0.6954778520018298,0.13658424163788885
64123.814527854556,48578.81552785456,-62238.08789847273,20.40878565030778,41.708,536,0.6959070153602822,0.13728560158616246
64134.78015189154,48589.78115189154,-62240.617120352545,20.409103653404856,41.735,537,0.6963198715870262,0.13796031161471145
64145.37198240001,48600.372982400004,-62244.19317120001,20.4094108164896,41.762,538,0.6967153064285079,0.13860655075536696
64156.50072866867,48611.50172866866,-62249.931812991046,20.409733550131392,41.806,539,0.6970927401999965,0.13922337165872298
64163.92032138306,48618.921321383066,-62254.21017120001,20.40994871832011,41.833,540,0.6974515930995864,0.13980982678388043
64311.62367005071,48766.6246700507,-62440.78516587043,20.41423211543147,42.728,541,0.6977913469958765,0.14036506937492335
64392.86637924707,48847.867379247065,-62475.5649090353,20.416588153998166,42.737,542,0.6981118424950634,0.14088883894262877
64392.86637924707,48847.867379247065,-62475.5649090353,20.416588153998166,42.746,543,0.6984129361997601,0.14138090113990734
64409.52303083077,48864.52403083077,-62477.465090030775,20.417071196894092,42.753,544,0.6986946600513418,0.14184130816693158
64409.52303083077,48864.52403083077,-62477.465090030775,20.417071196894092,42.76,545,0.6989570847756434,0.14227017560735236
64409.52303083077,48864.52403083077,-62477.465090030775,20.417071196894092,42.765,546,0.6992006665396614,0.14266824895179644
64409.52303083077,48864.52403083077,-62477.465090030775,20.417071196894092,42.771,547,0.6994254841051488,0.1430356569166093
64423.95380006154,48878.95480006155,-62476.14047464616,20.417489689201783,42.776,548,0.6996322213519524,0.14337351713199956
64435.6413525091,48890.642352509094,-62473.559775345464,20.417828628222765,42.799,549,0.6998214875690917,0.14368282532816395
64443.921636600004,48898.92263660001,-62469.54869580001,20.418068756461402,42.822,550,0.6999940040017693,0.14396476019962037
64451.5962616,48906.59726160001,-62465.38632080001,20.418291320586402,42.867,551,0.7001505177042474,0.1442205426193265
64455.57708918621,48910.57808918621,-62458.737769075866,20.4184067645864,42.893,552,0.7002915544557466,0.14445103184164243
64458.026379247065,48913.02737924707,-62452.8489090353,20.418477793998164,42.92,553,0.7004185894725702,0.14465863873788254
64459.469988872734,48914.47098887274,-62448.06545716364,20.418519658677308,42.946,554,0.7005326081705135,0.1448449737231901
64461.541796483725,48916.54279648373,-62445.190832427914,20.41857974109803,42.991,555,0.700634614769466,0.14501167794328668
64496.26586104616,48951.266861046155,-62327.140464000004,20.419586738970338,43.883,556,0.7007258726814519,0.14516081612847756
64493.2477805945,48948.2487805945,-62293.17991354129,20.41949921463724,43.892,557,0.7008076294814235,0.14529442712734253
64493.2477805945,48948.2487805945,-62293.17991354129,20.41949921463724,43.901,558,0.7008808305660827,0.14541405595384652
64494.53213438448,48949.533134384474,-62285.68803681554,20.41953646089715,43.908,559,0.7009469964256843,0.14552218746823053
64494.53213438448,48949.533134384474,-62285.68803681554,20.41953646089715,43.914,560,0.7010072359886034,0.14562063393599362
64494.53213438448,48949.533134384474,-62285.68803681554,20.41953646089715,43.92,561,0.7010630736608923,0.14571188661676643
64494.53213438448,48949.533134384474,-62285.68803681554,20.41953646089715,43.925,562,0.7011155358764035,0.1457976229594262
64493.902533286964,48948.90353328697,-62279.79850747826,20.419518202465323,43.93,563,0.701165771191328,0.1458797199912044
64494.45035937392,48949.451359373925,-62277.305898782615,20.419534089421845,43.974,564,0.7012147170702329,0.14595970976297976
64494.84164268388,48949.842642683885,-62274.64820593549,20.419545436637833,44.0,565,0.7012637332025261,0.14603981434631075
64494.82247315745,48949.82347315745,-62270.398336340426,20.419544880721567,44.045,566,0.7013140041664638,0.14612196963746646
64498.34430720001,48953.34530720001,-62263.467264000006,20.4196470139088,44.072,567,0.701366447359439,0.14620767489255856
64501.89750720001,48956.89850720001,-62255.718264,20.4197500567088,44.098,568,0.7014219790214364,0.14629842747620533
64508.42779230639,48963.4287923064,-62249.63514485107,20.419939434976886,44.124,569,0.7014816507286465,0.14639594592613356
64513.59030720001,48968.59130720001,-62243.53406400001,20.4200891479088,44.169,570,0.7015461659744835,0.14650137992601237
64658.134958400005,49113.1359584,-62246.842387200006,20.4242809427936,44.944,571,0.7016162995070597,0.14661599560745658
64664.74995840001,49119.75095840001,-62252.97858720001,20.4244727777936,44.953,572,0.7016927323789538,0.14674090598021378
64664.74995840001,49119.75095840001,-62252.97858720001,20.4244727777936,44.962,573,0.7017761595928096,0.14687724685191705
64668.63635840001,49123.63735840001,-62255.9493872,20.4245854833936,44.969,574,0.7018670860163314,0.1470258433022942
64671.45198630699,49126.45298630699,-62257.60366626977,20.424667136602903,44.976,575,0.7019661631416853,0.1471877600320072
64673.13178697143,49128.13278697143,-62261.5573872,20.42471585082217,45.016,576,0.702073662836275,0.1473634413401897
64674.81473340001,49129.81573340001,-62263.5636372,20.4247646562686,45.042,577,0.7021899106155561,0.14755341920026963
64675.59855840001,49130.599558400005,-62265.5533872,20.4247873871936,45.087,578,0.7023151717881274,0.1477581271926576
64677.786072685725,49132.78707268572,-62267.625958628574,20.424850825107885,45.114,579,0.7024495932288664,0.14797780534752966
64678.891786971435,49133.89278697144,-62269.22024434286,20.424882890822172,45.159,580,0.702593324892465,0.14821269872824674
64681.40620745661,49136.40720745661,-62270.97851927548,20.424955809016243,45.186,581,0.7027463945059023,0.14846285264760692
64683.64785840001,49138.6488584,-62271.950512200005,20.4250208168936,45.212,582,0.7029089615659291,0.1487285277630747
64684.51870891547,49139.51970891547,-62272.37687173609,20.425046071558548,45.238,583,0.7030807411234302,0.1490092583967381
64686.45975840001,49141.460758400004,-62273.201587200005,20.4251023619936,45.265,584,0.7032615771674671,0.1493047895878189
64686.066072685724,49141.06707268572,-62274.46595862858,20.425090945107886,45.31,585,0.7034514714995944,0.14961512428050688
64709.42816875596,49164.42916875596,-62291.03718766239,20.425768445893922,46.085,586,0.7036500794765448,0.14993969924175926
64714.087581600004,49169.08858160001,-62289.1953528,20.4259035688664,46.094,587,0.7038572196377718,0.15027821791979237
64714.087581600004,49169.08858160001,-62289.1953528,20.4259035688664,46.103,588,0.7040724599736354,0.15062997430312405
64715.53554421683,49170.536544216826,-62288.61441822056,20.42594555978229,46.11,589,0.704295499214514,0.15099447604206473
64715.53554421683,49170.536544216826,-62288.61441822056,20.42594555978229,46.117,590,0.7045261168983733,0.1513713628466741
64717.47853487103,49172.47953487103,-62288.30824999626,20.42600190651126,46.122,591,0.7047637551417835,0.15175972299630802
64720.85290198835,49175.85390198835,-62288.06176056699,20.426099763157662,46.163,592,0.7050082020114562,0.15215921013912362
64723.629295885716,49178.63029588571,-62288.75392422857,20.426180278580684,46.189,593,0.705259168792646,0.15256935244322997
64726.12714595644,49181.128145956434,-62289.9646597307,20.426252716232735,46.216,594,0.7055161611717962,0.1529893420770081
64729.61630887273,49184.61730887274,-62291.26989825455,20.42635390195731,46.26,595,0.7057787836499134,0.15341853269647757
64732.55242370527,49187.55342370526,-62292.506721221056,20.426439049287453,46.287,596,0.7060466340391607,0.15385626702641883
64735.969206600006,49190.9702066,-62294.6028528,20.4265381359914,46.316,597,0.7063193113605304,0.15430188976714132
64737.80463423158,49192.80563423158,-62296.60503701053,20.426591363392717,46.342,598,0.7065965988510973,0.15475504667397091
64738.99675807059,49193.99775807059,-62299.606411623536,20.426625934984045,46.387,599,0.7068781485069172,0.1552151690216811
64740.335305737935,49195.33630573793,-62301.73742176552,20.4266647528664,46.416,600,0.707163676642281,0.1556817931970802
64846.45812930001,49301.45912930001,-62407.231296900005,20.4297423147497,47.117,601,0.7074528081774463,0.15615430622633564
64881.73358603078,49336.73458603078,-62399.43050363077,20.430765302994892,47.124,602,0.7077453111239772,0.15663232898249213
64881.73358603078,49336.73458603078,-62399.43050363077,20.430765302994892,47.13,603,0.7080409869147704,0.15711553695738595
64891.61615013334,49346.617150133345,-62396.888067733336,20.431051897353868,47.136,604,0.708339512192937,0.15760340170522538
64891.61615013334,49346.617150133345,-62396.888067733336,20.431051897353868,47.141,605,0.708640815264577,0.15809580606029924
64899.763216800005,49354.7642168,-62393.595734400005,20.4312881622872,47.163,606,0.7089444820087011,0.15859207324564162
64907.15281680001,49362.15381680001,-62391.078734400005,20.4315024606872,47.186,607,0.7092505997452988,0.1590923459638905
64915.21744837896,49370.21844837896,-62387.146523873686,20.43173633500299,47.211,608,0.7095591286024808,0.15959655905443576
64921.53138822858,49376.532388228574,-62382.18759154286,20.43191943925863,47.256,609,0.7098700504422635,0.16010468287528906
64929.05473169363,49384.05573169363,-62379.14728759149,20.432137616219116,47.283,610,0.710183324070985,0.16061665010573453
64936.01900236702,49391.02000236702,-62374.969167389696,20.432339580068643,47.328,611,0.7104989877613505,0.16113252329291658
64943.558135948944,49398.55913594895,-62370.474734400006,20.43255821494252,47.355,612,0.7108172802001163,0.16165269251051625
64951.871826701,49406.872826701,-62365.197704697035,20.43279931197433,47.381,613,0.7111380133914398,0.1621768505264463
64956.746346211774,49411.74734621178,-62359.12238145883,20.432940673040143,47.426,614,0.7114614048704551,0.1627053528473624
64963.72331184951,49418.72431184951,-62351.96146707327,20.433143005043636,47.453,615,0.7117875667611243,0.16323838271177932
65326.686213600005,49781.6872136,-62187.2303856,20.4436689291944,49.788,616,0.7121168348127072,0.16377648881771306
65375.51386623159,49830.51486623159,-62174.76633296842,20.445084931120718,49.797,617,0.7124492736210866,0.16431977673094472
65375.51386623159,49830.51486623159,-62174.76633296842,20.445084931120718,49.806,618,0.7127853129370098,0.1648689487713623
65385.10476865619,49840.10576865618,-62169.00639683596,20.44536306729103,49.814,619,0.7131251140263564,0.165424268487628
65385.10476865619,49840.10576865618,-62169.00639683596,20.44536306729103,49.82,620,0.7134690606121009,0.1659863629787713
65385.10476865619,49840.10576865618,-62169.00639683596,20.44536306729103,49.826,621,0.7138175416669933,0.16655586792326377
65385.10476865619,49840.10576865618,-62169.00639683596,20.44536306729103,49.832,622,0.7141707939179998,0.16713317019200086
65392.65396823918,49847.65496823918,-62160.87105570309,20.445581994078935,49.837,623,0.7145292572535815,0.1677189886724233
65401.77891068739,49856.779910687386,-62151.95344385243,20.445846617409934,49.862,624,0.714893220881577,0.168313796002259
65407.11201360001,49862.113013600014,-62143.6721856,20.4460012773944,49.889,625,0.7152631049546896,0.16891827881579863
65412.39584062703,49867.39684062703,-62137.16241262703,20.446154508378186,49.916,626,0.7156392074013853,0.16953292400245035
65416.08469595295,49871.08569595295,-62130.07950324706,20.446261485182635,49.943,627,0.7160219020982356,0.1701583425697655
65419.336505907704,49874.33750590771,-62122.5030779077,20.446355787671322,49.986,628,0.7164116015289275,0.1707952086189499
65422.177324238306,49877.17832423831,-62117.14623666384,20.44643817140291,50.013,629,0.7168087916464843,0.1714443163184258
65425.260813600005,49880.26181360001,-62110.7633856,20.4465275925944,50.04,630,0.7172137771413994,0.1721061636084403
65400.34024543449,49855.341245434494,-61952.54984333794,20.4458048961176,50.957,631,0.7176266781794871,0.17278094686989942
65396.68606440001,49851.687064400016,-61903.4799942,20.4456989248676,50.967,632,0.718047871411439,0.1734692816439589
65396.68606440001,49851.687064400016,-61903.4799942,20.4456989248676,50.975,633,0.718477583532414,0.17417153840703933
65399.2233782298,49854.2243782298,-61892.23577877447,20.445772506968666,50.982,634,0.7189160825247672,0.174888155109136
65399.2233782298,49854.2243782298,-61892.23577877447,20.445772506968666,50.987,635,0.7193635080663938,0.17561936001876083
65399.2233782298,49854.2243782298,-61892.23577877447,20.445772506968666,50.992,636,0.7198200166335602,0.1763654088571538
65399.2233782298,49854.2243782298,-61892.23577877447,20.445772506968666,50.998,637,0.7202856908309377,0.17712643662094704
65403.278314400006,49858.2793144,-61882.08011920001,20.4458901001176,51.003,638,0.7207604347706483,0.17790228660543614
65406.10796145883,49861.10896145883,-61872.69600155295,20.445972159882306,51.028,639,0.7212442574019878,0.17869297343600227
65411.57677223133,49866.577772231336,-61864.669685465065,20.44613075539471,51.073,640,0.7217369550841306,0.1794981643127543
65415.41911440001,49870.42011440001,-61859.3133192,20.4462421833176,51.1,641,0.7222384215862584,0.18031768562804448
65416.98631440001,49871.987314400016,-61857.7041192,20.4462876321176,51.127,642,0.7227480865019016,0.18115060519545903
65418.09491713974,49873.09591713974,-61857.536201391784,20.44631978159705,51.154,643,0.7232657681940833,0.18199662617488283
65417.33322349092,49872.33422349092,-61857.512664654554,20.446297692481238,51.198,644,0.723791017832021,0.18285501506489238
65418.52231440001,49873.52331440001,-61857.068119200005,20.4463321761176,51.224,645,0.7243233275405244,0.18372494187077748
65481.82197275294,49936.82297275294,-61818.246744141186,20.448167866209836,52.05,646,0.7248619852860199,0.18460524295211903
65460.543203802066,49915.54420380207,-61832.15284480825,20.44755078191026,52.058,647,0.725406339179934,0.1854948529604266
65460.543203802066,49915.54420380207,-61832.15284480825,20.44755078191026,52.066,648,0.7259554341197256,0.18639221101997352
65460.543203802066,49915.54420380207,-61832.15284480825,20.44755078191026,52.073,649,0.7265084249572011,0.18729593594785685
65456.00185510589,49911.00285510589,-61833.16909708236,20.44741908279807,52.08,650,0.7270642840459781,0.18820434831362323
65454.2740904,49909.2750904,-61832.010391200005,20.4473689776216,52.085,651,0.7276219234956437,0.1891156702330506
65453.9047420854,49908.90574208539,-61831.47854850338,20.447358266520478,52.125,652,0.7281802091805494,0.1900280482620121
65453.40923646742,49908.41023646742,-61829.36911030113,20.447343896857554,52.151,653,0.7287378592389245,0.19093938751871642
65456.624601038304,49911.62560103831,-61826.330561412775,20.44743714243011,52.178,654,0.7292934815743316,0.19184741297043714
65459.496876916855,49914.49787691685,-61821.950683334835,20.447520438430587,52.223,655,0.7298457974817699,0.19275003489433223
65463.150090400006,49918.1510904,-61818.8923912,20.4476263816216,52.25,656,0.7303933220012337,0.19364482649544754
65467.8392154,49922.84021540001,-61815.530641200006,20.4477623662466,52.277,657,0.7309346861377264,0.19452955049457182
65472.56099606038,49927.56199606038,-61812.26722138868,20.44789929788575,52.322,658,0.7314682383034744,0.19540150778542653
65479.39590172076,49934.39690172076,-61809.42627799246,20.448097510149903,52.348,659,0.7319924205794801,0.1962581523398708
65486.028731909435,49941.02973190944,-61804.314957237744,20.448289862225373,52.393,660,0.7325055714337309,0.19709676880025936
65604.03272414119,50059.03372414119,-61824.75421200001,20.451711978000095,53.121,661,0.7330060810603903,0.19791472634241808
65620.44952013617,50075.450520136175,-61831.67080774469,20.45218806508395,53.13,662,0.7334923404710003,0.19870939547797234
65620.44952013617,50075.450520136175,-61831.67080774469,20.45218806508395,53.139,663,0.7339627945059998,0.19947823468838896
65623.52864706208,50078.52964706208,-61834.5445568276,20.4522773597648,53.146,664,0.7344157971858609,0.20021855403266128
65623.52864706208,50078.52964706208,-61834.5445568276,20.4522773597648,53.152,665,0.7348498119301317,0.20092784235515315
65627.09650756365,50082.09750756365,-61838.585575636374,20.452380827719345,53.158,666,0.7352629961521806,0.20160308840982263
65627.1401359059,50082.1411359059,-61838.39185905884,20.45238209294127,53.199,667,0.7356538836443508,0.20224189604772974
65628.0723712,50083.07337120001,-61833.16821200001,20.4524091277648,53.225,668,0.7360210120607775,0.202841875431066
65627.74359700645,50082.74459700646,-61826.8813087742,20.45239959331319,53.252,669,0.736363142931371,0.20340100259086707
65620.0643712,50075.065371200006,-61820.99821200001,20.4521768957648,53.296,670,0.7366787987474122,0.20391686290943958
65614.13299255923,50069.13399255923,-61817.524503262146,20.452004885784216,53.323,671,0.7369668095449695,0.20438754437396506
65608.74428872578,50063.74528872578,-61815.193799628876,20.45184861337305,53.35,672,0.7372258610282666,0.20481089909739858
65604.74465691429,50059.745656914296,-61815.11135485715,20.451732624050514,53.376,673,0.737454923760281,0.20518524472293462
65602.75124076522,50057.75224076523,-61815.16725547827,20.45167481498219,53.42,674,0.737653057905996,0.205509045325789
65600.0505635077,50055.0515635077,-61814.67421200001,20.45159649534172,53.447,675,0.7378197118208373,0.20578139938116352
65612.93934293334,50067.94034293335,-61817.594964,20.45197026994507,54.208,676,0.7379541552365706,0.20600111344865632
65618.58062498462,50073.581624984625,-61819.444579384624,20.452133867124555,54.218,677,0.7380556245644658,0.206166939633866
65618.58062498462,50073.581624984625,-61819.444579384624,20.452133867124555,54.226,678,0.7381237635463518,0.20627829572210077
65619.04062498463,50074.04162498463,-61817.07227169231,20.452147207124554,54.234,679,0.7381581647266187,0.20633451582928683
65619.04062498463,50074.04162498463,-61817.07227169231,20.452147207124554,54.24,680,0.7381591180496105,0.20633607379678592
65619.47542136471,50074.476421364714,-61815.22937576471,20.452159816219577,54.245,681,0.7381266403779713,0.20628299718236315
65619.9354155406,50074.93641554061,-61811.60372637624,20.452173156050677,54.269,682,0.7380606696881619,0.20617518462408896
65619.83495696844,50074.83595696844,-61807.505016631585,20.452170242752086,54.311,683,0.7379615772786311,0.20601324291621945
65619.58707756117,50074.58807756117,-61806.050061087386,20.452163054249276,54.337,684,0.7378298865467616,0.20579802742059758
65619.77743817144,50074.778438171445,-61805.28424971429,20.45216857470697,54.382,685,0.7376663403751529,0.20553075219264366
65618.26902846793,50073.27002846793,-61804.56109607548,20.45212483082557,54.409,686,0.7374717431201521,0.2052127317512115
65616.29315245715,50071.29415245715,-61803.741392571435,20.452067530421257,54.435,687,0.7372469373306616,0.20484534303131424
65615.6110096,50070.61200960001,-61804.854964000006,20.4520477482784,54.48,688,0.7369929663492456,0.20443029111488029
65614.18736095136,50069.18836095136,-61804.1918558919,20.45200646246759,54.507,689,0.7367111506027987,0.20396973390873055
65614.49100960001,50069.49200960001,-61803.54829733334,20.4520152682784,54.534,690,0.7364027362949056,0.20346570802028857
65649.52222671628,50104.52322671628,-61864.32700269768,20.45303117357477,55.168,691,0.7360692475038569,0.20292070417354094
65651.88563256775,50106.88663256775,-61868.97614748388,20.453099712344464,55.177,692,0.7357121688419845,0.20233714859525598
65656.55253083077,50111.55353083077,-61873.2019043077,20.453235052394092,55.186,693,0.7353331485292595,0.2017177348878834
65661.71368467693,50116.71468467693,-61877.09267353847,20.45338472585563,55.212,694,0.7349339932676788,0.20106541565302413
65665.59324674851,50120.594246748515,-61882.01559813863,20.45349723315571,55.239,695,0.7345164576151377,0.20038305827581326
65670.27604731428,50125.27704731429,-61885.05421200001,20.453633034372114,55.284,696,0.7340824894057927,0.1996738460029944
65674.26354377822,50129.26454377822,-61887.74173675248,20.453748671769567,55.311,697,0.7336338373832217,0.19894063671765866
65680.51397398938,50135.51497398938,-61892.60465447789,20.453929934245693,55.337,698,0.73317259136039,0.19818684569532818
65685.4577616,50140.458761600006,-61894.79821200001,20.4540733040864,55.382,699,0.732700711604881,0.19741567650206673
65691.39912009057,50146.40012009058,-61897.739117660385,20.454245603482626,55.408,700,0.7322201535311501,0.19663032477271647
65698.1945616,50153.195561600005,-61898.56501200001,20.4544426712864,55.453,701,0.7317330371300016,0.19583425510091432
65703.67509493334,50158.67609493334,-61899.47921200001,20.454601606753066,55.462,702,0.7312410823683416,0.19503027834149342
65711.0417616,50166.04276160001,-61900.54621200001,20.4548152400864,55.507,703,0.7307465299231745,0.19422205631943684
65717.31562298615,50172.31662298615,-61900.02985556437,20.4549971820666,55.533,704,0.7302512312862881,0.1934126148340331
65723.84576160001,50178.84676160001,-61901.32621200001,20.4551865560864,55.576,705,0.7297569862015139,0.19260489511550508
65832.45055013592,50287.45155013593,-61845.714101429134,20.458336094953943,56.421,706,0.7292656775503829,0.19180197426180923
65852.531163,50307.53216300001,-61818.390527400006,20.458918432727,56.43,707,0.7287791893373414,0.19100693120602547
65852.531163,50307.53216300001,-61818.390527400006,20.458918432727,56.439,708,0.728298772386913,0.19022181010734343
65855.229288,50310.230288000006,-61812.210259542866,20.458996678352,56.447,709,0.7278261758513936,0.18944946951680147
65855.229288,50310.230288000006,-61812.210259542866,20.458996678352,56.453,710,0.72736303308146,0.1886925787367142
65855.229288,50310.230288000006,-61812.210259542866,20.458996678352,56.458,711,0.726910530332715,0.1879530764045536
65855.229288,50310.230288000006,-61812.210259542866,20.458996678352,56.464,712,0.7264697428276965,0.18723271970207503
65859.71928800001,50314.72028800001,-61805.09012967273,20.459126888352,56.469,713,0.7260418469844717,0.18653343118976398
65861.85492436364,50316.85592436364,-61797.293402400006,20.459188821806546,56.494,714,0.7256278235813551,0.1858568137039632
65863.47346275729,50318.474462757295,-61789.25876162331,20.45923575941996,56.519,715,0.7252284998350227,0.1852042191230044
65864.32608045284,50319.327080452844,-61782.40400617359,20.459260485333132,56.562,716,0.7248444979738664,0.18457666432324538
65863.89500228572,50318.89600228572,-61775.130259542864,20.459247984066288,56.572,717,0.7244762625138196,0.18397487575457014
65864.83565163637,50319.836651636375,-61769.21194785455,20.459275262897457,56.616,718,0.7241244165588158,0.18339987172418973
65863.54909569232,50318.55009569232,-61763.72894086155,20.459237952775077,56.643,719,0.7237892075780726,0.18285205665851723
65862.24063415386,50317.24163415386,-61757.852979323085,20.45920000739046,56.687,720,0.7234707722866275,0.1823316539840163
65836.12244973452,50291.12344973453,-61672.309403001775,20.458442580042302,57.531,721,0.7231690366057466,0.18183854263756297
65820.12175538462,50275.122755384626,-61651.07066916924,20.457978559906152,57.537,722,0.7228839747077516,0.18137268041029006
65820.12175538462,50275.122755384626,-61651.07066916924,20.457978559906152,57.543,723,0.7226153577685851,0.1809336933466261
65820.12175538462,50275.122755384626,-61651.07066916924,20.457978559906152,57.549,724,0.722362768025312,0.18052089871775723
65818.0524848276,50273.0534848276,-61647.0890246069,20.45791855106,57.554,725,0.7221256500054618,0.18013338874314863
65818.0524848276,50273.0534848276,-61647.0890246069,20.45791855106,57.56,726,0.7219034646838011,0.17977028252115182
65818.0524848276,50273.0534848276,-61647.0890246069,20.45791855106,57.565,727,0.7216954722657609,0.1794303710429586
65814.32566173913,50269.326661739135,-61643.27917753044,20.457810473190435,57.57,728,0.7215009427562723,0.17911246131458708
65812.01519309735,50267.016193097355,-61639.95081893098,20.457743469599823,57.593,729,0.721318996557698,0.17881511585415266
65809.00790923077,50264.008909230775,-61635.19682301539,20.45765625836769,57.634,730,0.7211486629530857,0.1785367482680871
65806.63807457944,50261.63907457945,-61630.99732625047,20.457587533162805,57.659,731,0.7209889155000226,0.17827568109352418
65803.70047333333,50258.701473333334,-61627.99310506667,20.457502342726666,57.683,732,0.7208385191439873,0.17802989594338967
65801.09890991151,50256.099909911514,-61624.20639415222,20.457426897387435,57.727,733,0.7206965780838419,0.17779792885523824
65799.58676264151,50254.58776264152,-61619.24728745661,20.457383045116604,57.754,734,0.7205620975537653,0.17757815413365335
65795.79610551725,50250.79710551725,-61615.621610813796,20.45727311606,57.799,735,0.7204339318827317,0.17736869946648257
65836.64871581539,50291.649715815394,-61454.32701286155,20.458457841758648,58.601,736,0.7203110133095948,0.1771678198657448
65856.0915130182,50311.0925130182,-61442.205474400005,20.459021682877527,58.61,737,0.720192114790001,0.17697351003497824
65856.0915130182,50311.0925130182,-61442.205474400005,20.459021682877527,58.619,738,0.7200762312782064,0.17678412747880873
65856.0915130182,50311.0925130182,-61442.205474400005,20.459021682877527,58.626,739,0.7199622726214339,0.17659789061574674
65862.38793794159,50317.38893794159,-61437.4848002427,20.459204279200307,58.632,740,0.7198491546873547,0.1764130277032169
65869.9210235077,50324.92202350771,-61433.737782092314,20.459422738681724,58.638,741,0.7197358609018707,0.17622787740563958
65875.9520940866,50330.95309408661,-61429.658876461865,20.45959763972851,58.663,742,0.7196214527122856,0.17604090589386182
65883.10941367423,50338.110413674236,-61426.73619604949,20.459805201996552,58.708,743,0.7195048972962285,0.17585042527857436
65889.52556420972,50344.52656420972,-61422.93576566214,20.45999127036208,58.734,744,0.7193852627628086,0.17565491261767602
65897.35861421887,50352.359614218876,-61419.788304588685,20.460218428812347,58.779,745,0.719261822147959,0.17545317987059816
65907.22333120002,50362.22433120002,-61417.41380773334,20.4605045056048,58.806,746,0.7191339167502667,0.1752441505549715
65915.76537003496,50370.766370034966,-61414.56838702137,20.460752224731014,58.833,747,0.7190006198979005,0.17502631025793938
65924.12498337393,50379.12598337393,-61413.500604834786,20.460994653517844,58.858,748,0.7188616780464812,0.17479924462475965
65931.74710478491,50386.748104784914,-61411.693398928306,20.461215695038764,58.902,749,0.7187163646348562,0.17456176627332667
65939.70525780552,50394.70625780552,-61411.67006155597,20.46144648147636,58.929,750,0.7185642160728187,0.17431311758163662
66082.46456787693,50537.465567876934,-61393.88168067693,20.46558650146843,59.808,751,0.718404888686583,0.1740527369010217
66115.34801863179,50570.349018631794,-61353.5017669458,20.466540121540323,59.817,752,0.7182381396702634,0.17378022742611604
66115.34801863179,50570.349018631794,-61353.5017669458,20.466540121540323,59.826,753,0.7180637813475437,0.17349528244701823
66118.00072172309,50573.00172172309,-61342.68725760001,20.46661704992997,59.834,754,0.7178813338782588,0.17319711778524072
66118.00072172309,50573.00172172309,-61342.68725760001,20.46661704992997,59.84,755,0.7176908642026455,0.1728858428378231
66118.00072172309,50573.00172172309,-61342.68725760001,20.46661704992997,59.846,756,0.7174927214812599,0.1725620282201844
66118.00072172309,50573.00172172309,-61342.68725760001,20.46661704992997,59.851,757,0.7172864880344356,0.17222499133959301
66120.9074448,50575.90844480001,-61337.0613576,20.4667013448992,59.857,758,0.7170722612687549,0.17187489138269443
66123.9476448,50578.94864480001,-61330.964757600006,20.4667895106992,59.882,759,0.7168504062833246,0.17151232501247424
66125.83404480001,50580.83504480001,-61324.310157600004,20.4668442162992,59.909,760,0.7166207895418905,0.17113707399739284
66129.20977245958,50584.210772459584,-61319.2532682383,20.466942112401327,59.954,761,0.716383806689211,0.1707497849196478
66130.51235068236,50585.51335068236,-61314.457698776474,20.46697988716979,59.964,762,0.7161394861401856,0.17035050421627063
66133.97117421177,50588.97217421177,-61306.49005171765,20.46708019305214,60.009,763,0.7158881093922039,0.1699396919241929
66134.40161031725,50589.40261031725,-61297.72372311725,20.4670926756992,60.035,764,0.715630132093153,0.16951809268568704
66135.18302941539,50590.184029415395,-61287.41552683077,20.46711533685305,60.08,765,0.7153659193428421,0.1690863031648867
66081.8538966316,50536.8548966316,-61149.020823915795,20.465568792002315,60.817,766,0.7150955847454202,0.1686445090193006
66076.82931458825,50531.83031458825,-61133.74617995295,20.46542307912306,60.826,767,0.7148194035809038,0.1681931601251222
66076.82931458825,50531.83031458825,-61133.74617995295,20.46542307912306,60.835,768,0.7145377068894951,0.16773279748459377
66076.57929561292,50531.58029561292,-61124.367394374196,20.465415828572773,60.842,769,0.7142506234176144,0.16726363150147122
66075.69284400002,50530.69384400002,-61112.3162976,20.465390121476002,60.867,770,0.713958488114989,0.16678620956713583
66078.23754988237,50533.23854988237,-61100.60500348236,20.46546391794659,60.89,771,0.7136620029141355,0.1663016788143607
66079.772844,50534.77384400001,-61089.04529760001,20.465508441476,60.933,772,0.7133611277564001,0.165809973777316
66082.41396549533,50537.414965495336,-61081.563101338324,20.465585033999364,60.961,773,0.7130558980738012,0.1653111523607554
66085.59764400001,50540.59864400001,-61073.646297600004,20.465677360676,61.005,774,0.7127467047660935,0.1648058533923569
66087.5526334737,50542.5536334737,-61065.62871865264,20.46573405537074,61.032,775,0.7124337313194493,0.16429437673428224
66091.59284400001,50546.59384400002,-61060.548297600006,20.465851221476,61.06,776,0.7121168023999797,0.16377643584723356
66094.64868558416,50549.64968558417,-61054.33336690693,20.46593984088194,61.088,777,0.7117962450738236,0.16325256523884263
66099.46971900002,50554.47071900002,-61048.54342260001,20.466079650851,61.116,778,0.7114720756471471,0.16272279155745115
66102.82669015386,50557.82769015386,-61044.09722067693,20.46617700301446,61.161,779,0.7111444698625196,0.16218740201024226
66105.3971297143,50560.398129714304,-61041.981726171434,20.466251545761715,61.187,780,0.7108132712739571,0.1616461409254654
66206.6403504,50661.64135040001,-61024.6861692,20.4691875991616,61.953,781,0.7104786556767921,0.16109929559653183
66207.66476216471,50662.66576216472,-61025.082566258825,20.469217307102777,61.962,782,0.7101407839727609,0.1605471289770027
66211.28272744919,50666.28372744919,-61025.78147657705,20.469322228096026,61.97,783,0.7097994018610155,0.1599892254758775
66213.31941819661,50668.320418196614,-61025.32932597966,20.4693812921277,61.976,784,0.7094545378657842,0.1594256317088581
66216.2675379,50671.2685379,-61025.21070045001,20.4694667875991,62.019,785,0.7091065053826762,0.1588568598425218
66217.2453504,50672.246350400004,-61022.914919200004,20.4694951441616,62.045,786,0.7087546632032113,0.1582818619823136
66217.3503504,50672.3513504,-61022.0259192,20.469498189161598,62.09,787,0.7083994378031134,0.15770133509591644
66220.2981862209,50675.2991862209,-61022.26506845374,20.469583676400408,62.117,788,0.7080405001388822,0.1571147414441973
66220.1853504,50675.18635040001,-61020.844919200004,20.4695804041616,62.162,789,0.7076779101404941,0.15652217896768245
66223.77113987369,50678.77213987369,-61021.29755077895,20.469684392056337,62.189,790,0.7073115834320928,0.15592350977518182
66226.65113987369,50681.652139873695,-61021.78070867369,20.469767912056337,62.216,791,0.7069412370796331,0.15531827148191024
66230.2793504,50685.280350400004,-61022.16358586667,20.4698731301616,62.243,792,0.7065671464775947,0.1547069141511227
66234.67535040001,50689.67635040001,-61023.19542279713,20.4700006141616,62.269,793,0.706189017100004,0.15408895645393247
66238.3962879,50693.39728790001,-61023.22226295,20.4701085213491,62.314,794,0.7058067695445955,0.15346426862723694
66244.12094480559,50699.12194480559,-61024.25764647273,20.470274536399362,62.341,795,0.7054205856890945,0.15283314790459415
66411.20874559267,50866.20974559267,-61003.99645378349,20.475120082622187,63.056,796,0.705030333326615,0.15219537822698412
66423.47131440001,50878.472314400016,-60990.44823360001,20.475475697117602,63.065,797,0.7046362009732586,0.15155126767672703
66423.47131440001,50878.472314400016,-60990.44823360001,20.475475697117602,63.073,798,0.7042381957055517,0.1509008278186316
66428.62911256515,50883.63011256515,-60984.92305928808,20.475625273264388,63.095,799,0.70383650521247,0.15024436538328834
66432.75112209232,50887.75212209232,-60978.41454129231,20.47574481154068,63.103,800,0.7034311746242154,0.14958195412470132
66436.54367803637,50891.54467803637,-60971.16205178182,20.475854795663054,63.127,801,0.7030226514877925,0.14891432544628072
66441.5328796174,50896.533879617404,-60963.31519012174,20.475999482508904,63.15,802,0.7026109640872442,0.14824152557120598
66442.22923892831,50897.230238928314,-60953.36449775095,20.47601967692892,63.193,803,0.7021963439570634,0.14756393288457637
66444.21538519647,50899.21638519647,-60945.12232209558,20.4760772751707,63.238,804,0.7017790540903419,0.14688197718268636
66444.41131440001,50899.41231440002,-60935.4784836,20.4760829571176,63.264,805,0.7013595044576266,0.1461963284596442
66443.67996304865,50898.68096304865,-60927.48844981622,20.476061747928412,63.291,806,0.7009379687934421,0.14550743406592412
66443.52331440001,50898.52431440001,-60920.4642336,20.476057205117602,63.318,807,0.7005150330859578,0.14481625165232317
66441.35798106667,50896.358981066674,-60914.0172336,20.475994410450934,63.363,808,0.7000907613145915,0.1441228857771645
66442.87531440001,50897.87631440001,-60909.30423360001,20.4760384131176,63.39,809,0.6996657397587417,0.1434282945671859
66442.02236703159,50897.023367031594,-60903.98697044211,20.476013677643916,63.417,810,0.6992403579124142,0.14273311455272106
66379.1314169561,50834.1324169561,-60817.18465978537,20.474189840091725,64.302,811,0.6988152272378627,0.14203834501557283
66370.68878017298,50825.68978017298,-60808.10828536217,20.473945003625015,64.311,812,0.6983909041216578,0.14134489523014404
66370.68878017298,50825.68978017298,-60808.10828536217,20.473945003625015,64.32,813,0.6979679201073141,0.14065363387108853
66370.33511154783,50825.33611154783,-60806.81551450436,20.473934747234885,64.327,814,0.6975469089938744,0.13996559672409284
66370.33511154783,50825.33611154783,-60806.81551450436,20.473934747234885,64.334,815,0.6971284075012975,0.13928166092341168
66370.33511154783,50825.33611154783,-60806.81551450436,20.473934747234885,64.339,816,0.6967128531929099,0.13860254155663593
66370.33511154783,50825.33611154783,-60806.81551450436,20.473934747234885,64.345,817,0.6963009713799532,0.1379294239632052
66368.1033072,50823.1043072,-60805.09612320001,20.4738700249088,64.35,818,0.6958935362819891,0.13726357341095083
66367.91747386666,50822.918473866666,-60803.222789866675,20.47386463574213,64.376,819,0.6954909875369246,0.13660570837784516
66366.89640720001,50821.89740720001,-60802.39072320001,20.4738350248088,64.402,820,0.6950940472149667,0.1359570089066694
66367.7308072,50822.731807200005,-60802.21945653334,20.4738592224088,64.447,821,0.6947033431565143,0.13531850104520005
66368.76196104616,50823.76296104616,-60801.68458473847,20.47388912587034,64.474,822,0.6943194481436927,0.13469112086226476
66372.6678072,50827.66880720001,-60803.18212320001,20.4740023954088,64.501,823,0.6939430362590451,0.13407596997683496
66381.31888412307,50836.31988412308,-60809.427661661546,20.47425327663957,64.527,824,0.6935748086368135,0.13347419421710444
66388.19256395676,50843.19356395677,-60815.99747455136,20.474452613354746,64.571,825,0.6932152290471387,0.1328865514991334
66414.193044,50869.194044,-60940.75939440001,20.475206627276002,65.304,826,0.6928649109477057,0.13231404436575742
66394.83242861538,50849.833428615384,-60960.73939440001,20.474645169429845,65.313,827,0.6925244088229531,0.13175757898282084
66394.83242861538,50849.833428615384,-60960.73939440001,20.474645169429845,65.333,828,0.6921941066553962,0.13121778287350772
66389.6764499406,50844.6774499406,-60964.67800826139,20.47449564604828,65.342,829,0.6918745170907958,0.13069549382882986
66389.6764499406,50844.6774499406,-60964.67800826139,20.47449564604828,65.35,830,0.6915659903090606,0.13019128413008224
66386.52275828572,50841.52375828572,-60967.450822971434,20.474404188990285,65.357,831,0.6912688402203665,0.12970566678477222
66381.95968550943,50836.96068550943,-60969.00750760755,20.474271859879774,65.363,832,0.6909837738691811,0.12923979727987575
66379.87405334579,50834.87505334579,-60970.33827290468,20.47421137654703,65.406,833,0.690710773171784,0.12879364606208413
66376.90179647524,50831.902796475246,-60970.067315192086,20.474125181097783,65.451,834,0.6904500743909839,0.12836759924374383
66375.43057341177,50830.43157341177,-60971.6999826353,20.474082515628943,65.478,835,0.6902018861220452,0.12796199772153408
66374.521044,50829.522044,-60971.70739440001,20.474056139276,65.505,836,0.6899664105079769,0.12757717184754008
66372.64569784615,50827.646697846154,-60972.120932861544,20.474001754237538,65.531,837,0.6897435388547051,0.12721294398854008
66373.02037733333,50828.02137733334,-60974.456061066674,20.474012619942666,65.576,838,0.6895332684183719,0.12686930966038615
66372.66031986207,50827.661319862076,-60975.6995668138,20.474002178276,65.603,839,0.6893356908009033,0.1265464185634679
66373.95550553846,50828.95650553846,-60976.55785593847,20.474039738660615,65.63,840,0.6891505369634854,0.12624383102127337
66427.92367410733,50882.92467410733,-61051.923134341465,20.47560481554911,66.405,841,0.6889777147696613,0.12596139645985582
66435.6373326439,50890.63833264391,-61075.904109951225,20.475828511646675,66.415,842,0.6888168040172541,0.12569842816407228
66435.6373326439,50890.63833264391,-61075.904109951225,20.475828511646675,66.424,843,0.6886676141098694,0.12545461465188532
66435.8941188706,50890.8951188706,-61084.388988000006,20.47583595844725,66.431,844,0.6885298884144422,0.12522953652086982
66435.8941188706,50890.8951188706,-61084.388988000006,20.47583595844725,66.437,845,0.6884029998296767,0.12502216893112833
66435.8729424,50890.87394240001,-61093.962738,20.4758353443296,66.442,846,0.6882865167606584,0.12483180654894367
66435.0047071059,50890.0057071059,-61104.69722329412,20.475810165506072,66.486,847,0.688179682385857,0.12465721253920631
66431.21196679024,50886.21296679025,-61114.58508556098,20.475700176036916,66.513,848,0.6880819039339189,0.12449741816570505
66428.72938307797,50883.73038307797,-61124.71508969492,20.47562818110926,66.54,849,0.6879926243426432,0.12435151304988899
66423.7049424,50878.7059424,-61133.75698800001,20.4754824723296,66.567,850,0.687911001991922,0.12421812177462681
66418.50021512728,50873.50121512728,-61143.499897090915,20.47533153523869,66.612,851,0.6878362613100588,0.12409597686236186
66413.56143296605,50868.56243296605,-61150.80559177359,20.475188310556014,66.639,852,0.6877676547503535,0.1239838566353703
66407.1498356039,50862.1508356039,-61158.4126773204,20.475002374232513,66.665,853,0.6877039710684196,0.1238797816182764
66402.88385149091,50857.88485149092,-61167.24898800001,20.474878660693236,66.71,854,0.6876444718086068,0.12378254499039851
66399.3189424,50854.319942400005,-61173.450988000004,20.4747752783296,66.737,855,0.6875882069898039,0.12369059424570428
66395.50565314287,50850.506653142875,-61207.83586594286,20.474664692941143,67.515,856,0.6875341248871515,0.12360221060350418
66392.60655837625,50847.60755837626,-61189.59845434456,20.47458061919291,67.521,857,0.6874811591161999,0.12351565132568318
66392.60655837625,50847.60755837626,-61189.59845434456,20.47458061919291,67.527,858,0.6874283286893003,0.12342931323379386
66391.95540469566,50846.956404695666,-61185.454095756526,20.474561735736174,67.533,859,0.6873744783983217,0.12334130842967576
66391.95540469566,50846.956404695666,-61185.454095756526,20.474561735736174,67.539,860,0.6873186310736915,0.1232500399745703
66389.719256177,50844.72025617701,-61181.304070746904,20.474496887429133,67.549,861,0.6872594765504323,0.1231533667321881
66390.51661418183,50845.51761418184,-61177.4750088,20.474520010811272,67.59,862,0.6871960363186412,0.12304968957333678
66389.85506015095,50844.85606015095,-61172.27810313963,20.47450082574438,67.613,863,0.6871272930181589,0.12293734587781648
66390.55755009837,50845.55855009837,-61165.29432027541,20.474521197952853,67.657,864,0.6870521141091197,0.12281448479306514
66390.92741138462,50845.92841138462,-61155.81377803077,20.474531923930154,67.684,865,0.6869696129211944,0.1226796572786556
66387.18176151725,50842.18276151725,-61147.87369845518,20.474423300084002,67.729,866,0.6868786820687871,0.12253105359037514
66386.74727875863,50841.748278758634,-61141.595422593105,20.474410700084,67.756,867,0.6867784650262604,0.12236727395174027
66383.7870161835,50838.788016183506,-61135.44649503854,20.474324852469323,67.783,868,0.6866678824066872,0.12218655437534519
66382.658796,50837.65979600001,-61132.25744358261,20.474292134084,67.809,869,0.6865461643581219,0.12198763673113258
66380.81658910346,50835.81758910346,-61129.27783638621,20.474238710084002,67.854,870,0.6864124824844011,0.12176916721319422
66302.66249554287,50757.663495542874,-60998.864270742866,20.471972241370743,68.528,871,0.6862661153188773,0.12152996676511557
66290.54039311699,50745.54139311699,-60990.686319260385,20.471620700400393,68.537,872,0.6861062470096645,0.121268702081466
66276.28970833008,50731.29070833008,-60985.60337164196,20.471207430541572,68.546,873,0.6859322019334843,0.12098426902532808
66261.92700682106,50716.928006821065,-60981.1766767579,20.47079091219781,68.571,874,0.6857435149269265,0.1206759074036919
66245.85145658182,50700.85245658182,-60977.60868632728,20.47032472124087,68.597,875,0.685539760070573,0.12034292115801638
66232.84729797447,50687.84829797447,-60978.923115727666,20.46994760064126,68.623,876,0.6853207229302691,0.1199849598494193
66220.77727619528,50675.778276195284,-60981.39259470237,20.469597570009665,68.668,877,0.6850855765268571,0.11960067198773301
66208.28987095815,50663.29087095815,-60984.373971739544,20.469235435257787,68.695,878,0.684834189530224,0.11918984294680322
66197.46181231305,50652.46281231305,-60988.44402229566,20.468921421557077,68.739,879,0.6845664727650472,0.11875232699191497
66186.2513739372,50641.2523739372,-60993.9852152529,20.468596318844178,68.766,880,0.6842823274373957,0.11828796266914872
66177.95704298015,50632.95804298016,-61001.634085355734,20.468355783246423,68.811,881,0.6839814656327915,0.1177962794544502
66170.60635971148,50625.60735971149,-61009.58157753443,20.468142613431635,68.82,882,0.6836637970984512,0.1172771298522649
66163.56425378463,50618.56525378463,-61016.584490523084,20.467938392359756,68.865,883,0.6833297351344246,0.11673118929793917
66158.90838840001,50613.90938840002,-61022.097663600005,20.4678033722636,68.892,884,0.6829793789371393,0.11615861990317203
66150.8624356028,50605.863435602805,-61033.034001012595,20.46757003963248,68.936,885,0.6826129941103533,0.11555985573073768
66153.88732610526,50608.88832610527,-61256.558912463166,20.46765776145705,69.704,886,0.6822309985859443,0.11493557978554438
66157.75881733334,50612.75981733334,-61281.31680720001,20.467770034702667,69.712,887,0.6818336783283306,0.11428625940476254
66157.75881733334,50612.75981733334,-61281.31680720001,20.467770034702667,69.719,888,0.6814215655767195,0.11361276439998128
66158.47163154099,50613.47263154099,-61294.73270883935,20.467790706314688,69.725,889,0.6809951759788035,0.11291593746811757
66159.33740707694,50614.33840707694,-61309.042191815395,20.46781581380523,69.748,890,0.6805549918147085,0.11219656677516314
66156.53381733334,50611.53481733335,-61323.02514053334,20.467734509702666,69.773,891,0.6801020208451961,0.11145629925350836
66152.28065791304,50607.281657913045,-61334.43950285218,20.46761116807948,69.818,892,0.6796366820054239,0.11069581954767048
66148.70951054868,50603.710510548684,-61344.74609923541,20.467507604805913,69.845,893,0.6791596697716299,0.10991626260500399
66143.22067817477,50598.22167817477,-61353.28971982137,20.46734842866707,69.871,894,0.6786717898817767,0.10911894520226702
66138.75889984159,50593.75989984159,-61360.5159161109,20.467219037095408,69.916,895,0.6781736337065107,0.10830483378656607
66133.991484,50588.992484,-61366.555807200006,20.467080782036,69.943,896,0.6776660254488269,0.1074752753111264
66129.41224870589,50584.413248705896,-61372.12327778825,20.46694798421247,69.97,897,0.6771496939365974,0.10663146086243913
66125.99711557895,50580.99811557896,-61375.73059667369,20.46684894535179,69.997,898,0.6766255258540941,0.10577483950371719
66120.85101031579,50575.85201031579,-61378.2373335158,20.466699708299156,70.042,899,0.6760942201549661,0.10490655349952153
66117.47076437384,50572.47176437384,-61381.99316234019,20.466601681166843,70.078,900,0.6755566048090285,0.10402795595900081
66081.44592451765,50536.44692451766,-61297.849842352945,20.46555696081101,70.998,901,0.6750133440723062,0.10314013244214565
66082.83279256216,50537.83379256216,-61294.89882486487,20.465597179984304,71.007,902,0.674465119886744,0.10224419741214968
66082.83279256216,50537.83379256216,-61294.89882486487,20.465597179984304,71.015,903,0.6739126772276046,0.10134136834436702
66081.57470119646,50536.57570119646,-61294.707057345135,20.4655606953347,71.022,904,0.673356767111425,0.10043287258710001
66081.57470119646,50536.57570119646,-61294.707057345135,20.4655606953347,71.028,905,0.6727978957352484,0.09951953739254785
66081.57470119646,50536.57570119646,-61294.707057345135,20.4655606953347,71.033,906,0.6722367789644952,0.09860253266332296
66081.57470119646,50536.57570119646,-61294.707057345135,20.4655606953347,71.039,907,0.6716739768846036,0.0976827737187001
66081.51729706666,50536.518297066665,-61293.29229333334,20.465559030614934,71.044,908,0.6711099260361671,0.09676097397486916
66081.06198175135,50536.062981751355,-61290.1085545946,20.465545826470787,71.069,909,0.6705451875805478,0.09583805050943268
66079.92600230082,50534.92700230083,-61286.81825752067,20.465512883066722,71.096,910,0.6699800415674292,0.09491446099340964
66079.42447655385,50534.42547655385,-61284.33857538462,20.465498338820062,71.141,911,0.6694148329898063,0.09399076923138493
66078.12784351475,50533.12884351476,-61281.7195337705,20.465460736461928,71.169,912,0.6688498819256326,0.09306749831055228
66077.82426676364,50532.82526676364,-61279.65396,20.465451932736144,71.203,913,0.6682854966849431,0.09214515208639247
66076.86298334118,50531.86398334119,-61277.81028352941,20.465424055516895,71.227,914,0.6677217513377659,0.09122385160780214
66074.70530665899,50529.70630665899,-61274.74993122303,20.465361482893112,71.25,915,0.6671588918804989,0.09030399889423964
66088.3104252,50543.31142520001,-61313.94829560001,20.465756031330802,73.509,916,0.6665969372910582,0.0893856249603523
66058.62322692414,50513.62422692415,-61337.77385594483,20.4648951025808,73.519,917,0.6660359705781681,0.08846886546309574
66058.62322692414,50513.62422692415,-61337.77385594483,20.4648951025808,73.528,918,0.6654760288505058,0.0875537810473022
66050.32425584516,50505.325255845164,-61340.31067463227,20.46465443241951,73.536,919,0.6649170274038804,0.08664023328520092
66050.32425584516,50505.325255845164,-61340.31067463227,20.46465443241951,73.543,920,0.664358854182874,0.08572803905029602
66050.32425584516,50505.325255845164,-61340.31067463227,20.46465443241951,73.55,921,0.6638013370700644,0.0848169170597985
66050.32425584516,50505.325255845164,-61340.31067463227,20.46465443241951,73.556,922,0.663244413096147,0.08390676440616206
66042.67913421639,50497.680134216396,-61344.107332485255,20.464432723892276,73.562,923,0.6626878982998047,0.08299728045071993
66033.9466752,50488.947675200005,-61346.30454560001,20.4641794825808,73.588,924,0.6621316480342183,0.08208822880449915
66024.71549872942,50479.71649872942,-61348.58042795295,20.463911778463153,73.615,925,0.6615755563939665,0.08117943639163143
66016.9319383579,50471.9329383579,-61351.198229810536,20.463686055212378,73.66,926,0.661019559840569,0.08027079937439563
66006.54192110164,50461.542921101645,-61351.46077510821,20.46338474471195,73.669,927,0.6604634754980477,0.07936201888783943
65998.0703675077,50453.0713675077,-61352.52454560001,20.463139069657725,73.714,928,0.6599073270803753,0.07845313368650778
65989.0266752,50444.027675200006,-61353.05454560001,20.4628768025808,73.741,929,0.6593508831566219,0.07754376555454962
65979.57995106207,50434.580951062075,-61353.306614565525,20.4626028475808,73.767,930,0.6587940931507077,0.07663383183803793
65851.8445818,50306.84558180001,-61417.454744400005,20.4588985218722,74.528,931,0.6582369174613908,0.07572326781866832
65846.18925091765,50301.19025091766,-61437.78305322353,20.45873451727661,74.537,932,0.6576794659656771,0.0748122530628684
65846.18925091765,50301.19025091766,-61437.78305322353,20.45873451727661,74.546,933,0.65712190820994,0.07390106465169227
65845.4143414154,50300.4153414154,-61445.10810978462,20.45871204490105,74.553,934,0.6565642348114712,0.07298968725145463
65845.4143414154,50300.4153414154,-61445.10810978462,20.45871204490105,74.559,935,0.6560067259677563,0.07207857877471999
65844.91349808441,50299.914498084414,-61452.26874669358,20.45869752044445,74.565,936,0.6554495261161534,0.07116797526814962
65846.12395680002,50301.12495680002,-61459.4299944,20.4587326237472,74.607,937,0.6548929296667618,0.07025835787126325
65845.60729013334,50300.60829013334,-61465.780994400004,20.458717640413866,74.634,938,0.6543375321645467,0.06935069985304489
65846.88030295385,50301.88130295386,-61472.355609784616,20.45875455778566,74.661,939,0.6537837314828571,0.06844565143776463
65848.25704091215,50303.25804091216,-61476.95515327851,20.458794483186452,74.706,940,0.653232185720992,0.06754428812378752
65850.08085335174,50305.081853351745,-61480.88651164139,20.4588473737472,74.733,941,0.6526836421574069,0.06664783115045893
65851.97395680001,50306.97495680001,-61485.01099440001,20.4589022737472,74.76,942,0.65213879662398,0.06575741768058727
65852.5391568,50307.54015680001,-61488.7978344,20.458918664547202,74.787,943,0.6515984980077151,0.06487443500722408
65854.54070098605,50309.541700986054,-61494.387389748845,20.458976709328596,74.83,944,0.6510636282820991,0.06400032449498488
65856.00667680001,50311.007676800014,-61499.0693544,20.4590192226272,74.857,945,0.650535271139502,0.06313685716744298
65811.99749099469,50266.998490994694,-61544.564467221244,20.457742956238846,75.679,946,0.6500142794247518,0.06228542678572104
65782.42312393044,50237.42412393044,-61559.993892000006,20.45688529959398,75.688,947,0.6495017808017333,0.06144787623381301
65782.42312393044,50237.42412393044,-61559.993892000006,20.45688529959398,75.696,948,0.6489989137122073,0.06062606600944944
65782.42312393044,50237.42412393044,-61559.993892000006,20.45688529959398,75.703,949,0.6485068951680021,0.05982198501344413
65774.51229389092,50229.51329389092,-61564.44525563637,20.456655885522835,75.71,950,0.6480270134704803,0.059037738651487724
65774.51229389092,50229.51329389092,-61564.44525563637,20.456655885522835,75.716,951,0.647560442510423,0.05827524535384982
65774.51229389092,50229.51329389092,-61564.44525563637,20.456655885522835,75.721,952,0.6471085420753306,0.05753672735239673
65770.44706901054,50225.44806901054,-61569.234997263164,20.456537994001305,75.726,953,0.6466726032049408,0.0568242945280065
65765.12551523479,50220.12651523479,-61572.19671808696,20.456383668941807,75.749,954,0.6462539859609181,0.056140169560598
65759.8767694154,50214.8777694154,-61576.481199692316,20.456231455313045,75.791,955,0.6458541410051272,0.055486723193409915
65754.31852765715,50209.31952765715,-61581.253177714294,20.456070266302056,75.835,956,0.6454743197619026,0.05486600056587295
65748.56692935446,50203.56792935447,-61587.25542665347,20.45590346995128,75.862,957,0.6451155387328132,0.05427966289503576
65744.27079656471,50199.27179656472,-61593.48889200001,20.455778882100375,75.889,958,0.644779300567417,0.053730165884992
65737.47065309269,50192.471653092696,-61601.78645297562,20.455581677939687,75.916,959,0.6444669316534011,0.05321967718398438
65732.75845797073,50187.75945797074,-61611.876696878055,20.45544502428115,75.961,960,0.6441794851375711,0.052749917896516445
65690.4194779915,50145.4204779915,-61668.4109329532,20.454217193861755,76.755,961,0.6439180517169775,0.05232267049355618
65683.60057864616,50138.601578646165,-61670.348621169236,20.454019445780737,76.764,962,0.6436836398660198,0.051939583073755916
65683.60057864616,50138.601578646165,-61670.348621169236,20.454019445780737,76.773,963,0.6434772542119002,0.051602297448487815
65682.1609248,50137.161924800006,-61670.532890400005,20.4539776958192,76.78,964,0.6432997194053196,0.05131216130264091
65682.1609248,50137.161924800006,-61670.532890400005,20.4539776958192,76.786,965,0.6431517958733916,0.05107041736374636
65682.1609248,50137.161924800006,-61670.532890400005,20.4539776958192,76.792,966,0.6430344452811467,0.05087863723227499
65682.20566266408,50137.20666266409,-61670.62562826408,20.45397899321726,76.798,967,0.6429479725407701,0.050737319210773
65680.9909248,50135.99192480001,-61670.280290400005,20.4539437658192,76.821,968,0.6428927534357254,0.05064707742312945
65681.1529248,50136.153924800004,-61669.41689040001,20.4539484638192,76.845,969,0.6428690445035138,0.05060833111559399
65680.02818693593,50135.029186935935,-61667.750870982534,20.453915846421143,76.888,970,0.6428769953716816,0.05062132481689002
65679.43263908572,50134.43363908572,-61665.83403325715,20.453898575533486,76.933,971,0.64291667275558,0.05068616755653794
65678.86279635964,50133.86379635964,-61663.06349590459,20.45388205009443,76.942,972,0.6429876585981548,0.05080217612506056
65677.31269403077,50132.313694030774,-61660.76535193847,20.453837097126893,76.986,973,0.6430898241252443,0.050969140073365095
65676.38574832941,50131.386748329416,-61657.94983157648,20.45381021570155,77.013,974,0.6432229841281859,0.05118675672431129
65673.62382745487,50128.62482745487,-61654.572996594696,20.45373011999619,77.058,975,0.6433864444593643,0.051453891667596036
65536.96050094884,49991.96150094885,-61562.19432708837,20.449766883527516,77.796,976,0.6435795294787426,0.0517694407389145
65520.64943346886,49975.650433468865,-61536.661193272135,20.4492938625706,77.806,977,0.6438014824935613,0.052132167313600916
65520.64943346886,49975.650433468865,-61536.661193272135,20.4492938625706,77.814,978,0.6440512447615283,0.05254034114273144
65516.88774196365,49971.888741963645,-61526.030373600006,20.449184773516947,77.822,979,0.6443277889832855,0.05299228336297683
65516.88774196365,49971.888741963645,-61526.030373600006,20.449184773516947,77.829,980,0.644629852409089,0.053485930326363576
65513.413930774834,49968.41493077483,-61515.43785611749,20.44908403299247,77.834,981,0.6449564296281073,0.05401963894087334
65510.38857928422,49965.38957928422,-61505.9856367579,20.448996297799244,77.876,982,0.6453058705983544,0.05459071262642977
65510.62966560001,49965.63066560001,-61496.5547736,20.4490032893024,77.901,983,0.6456765294638079,0.05519646164386466
65509.35771025117,49964.35871025117,-61488.8603736,20.448966402597286,77.927,984,0.6460669059236768,0.05583443412755511
65510.37910560001,49965.38010560001,-61481.53684418824,20.4489960230624,77.972,985,0.6464752265142555,0.05650173179555737
65511.23110560001,49966.23210560001,-61473.4778736,20.4490207310624,77.999,986,0.6468995168726875,0.057195128046616556
65511.02110560001,49966.022105600015,-61468.1333736,20.4490146410624,78.027,987,0.6473382899289896,0.05791219263754886
65512.13410560001,49967.13510560001,-61461.098373600005,20.4490469180624,78.071,988,0.6477893546601872,0.05864934489043826
65512.11238146208,49967.113381462084,-61454.1379598069,20.4490462880624,78.097,989,0.6482509749655083,0.05940374758369141
65514.5161303934,49969.517130393404,-61447.49558021157,20.44911599678141,78.124,990,0.6487211523658588,0.060172134704107184
65539.78007647059,49994.781076470594,-61348.69042291765,20.449848651217646,78.913,991,0.6491978794043454,0.060951225566522015
65536.16452500001,49991.16552500002,-61346.27059755001,20.449743800225,78.921,992,0.6496794378650491,0.06173821217765257
65536.16452500001,49991.16552500002,-61346.27059755001,20.449743800225,78.931,993,0.6501635513697255,0.06252937436778627
65532.46359512196,49987.46459512196,-61345.81354343415,20.449636473258536,78.938,994,0.6506484825734481,0.06332187288207133
65527.82619452056,49982.82719452056,-61344.953827430145,20.449501988641096,78.945,995,0.6511321143918478,0.06411224787671078
65522.32205693432,49977.323056934314,-61343.941077705116,20.449342368651095,78.987,996,0.6516126407925235,0.06489754784439036
65518.48575114505,49973.48675114504,-61344.275472311456,20.449231115783206,79.012,997,0.6520881632008729,0.06567467004076231
65515.68770769232,49970.688707692316,-61344.44889803077,20.449149972523077,79.057,998,0.6525568684331073,0.06644065127136153
65514.77307938932,49969.77407938932,-61344.41974712061,20.44912344830229,79.084,999,0.6530169134844584,0.06719247960680619
65515.64429256199,49970.645292561996,-61343.264674254555,20.4491487134843,79.111,1000,0.6534666944058797,0.06792753379437706
65514.99963529412,49970.00063529413,-61342.610128800006,20.44913001842353,79.155,1001,0.6539046839339301,0.06864331790475761
65517.28760689656,49972.28860689656,-61341.47737017932,20.4491963696,79.182,1002,0.654329158585687,0.06933701533706683
65517.74265000001,49972.743650000004,-61341.046378800005,20.44920956585,79.21,1003,0.654739003900748,0.07000680478509412
65519.56515000001,49974.56615000001,-61341.485128800006,20.44926241835,79.255,1004,0.6551330087736592,0.07065070700051394
65518.91040000001,49973.91140000001,-61340.793928800005,20.4492434306,79.282,1005,0.6555098936272383,0.07126663083512212
65560.49844082759,50015.499440827596,-61320.73731136553,20.450449483784,80.049,1006,0.6558687335716119,0.07185306478822542
65566.47676266667,50021.47776266668,-61304.10024240001,20.450622855117334,80.058,1007,0.6562085995278959,0.0724084905132427
65566.47676266667,50021.47776266668,-61304.10024240001,20.450622855117334,80.066,1008,0.6565287230837704,0.07293165223282412
65566.59704336843,50021.59804336843,-61298.52340029475,20.450626343257685,80.073,1009,0.6568285782023897,0.07342169027158578
65566.59704336843,50021.59804336843,-61298.52340029475,20.450626343257685,80.079,1010,0.6571075015856415,0.07387752063500537
65566.83286523078,50021.83386523079,-61292.02685778462,20.450633182091693,80.085,1011,0.657365226237723,0.07429870698536047
65565.56826549153,50020.56926549153,-61286.51719155255,20.450596508699256,80.127,1012,0.6576014997558878,0.07468483683362162
65566.21945963637,50021.22045963637,-61283.42478785456,20.450615393329453,80.152,1013,0.6578161607839799,0.07503564648359248
65562.62809600001,50017.62909600002,-61280.89024240001,20.450511243784,80.178,1014,0.6580091907739481,0.07535110562313227
65561.89683725876,50016.89783725876,-61280.166116525885,20.450490037280503,80.223,1015,0.6581808182504969,0.07563158771859499
65561.72327585613,50016.72427585613,-61276.71865966619,20.450485003999827,80.25,1016,0.6583313842687714,0.07587765013913697
65559.95118423531,50014.95218423531,-61272.7608306353,20.450433613342824,80.277,1017,0.6584614959970745,0.07609028514917496
65558.55967873383,50013.56067873383,-61266.475494198574,20.45039325968328,80.321,1018,0.6585714233888267,0.07626993391991622
65554.30910271141,50009.31010271142,-61257.561987366455,20.45026999297863,80.348,1019,0.6586618804055423,0.07641776324251595
65550.20776042953,50005.20876042954,-61250.82225582283,20.450151054052455,80.375,1020,0.6587337775738069,0.07653526114447319
65474.41848386088,49929.41948386088,-61215.40199812174,20.447953165031965,81.217,1021,0.6587877277145774,0.07662342912805077
65469.58782527214,49924.588825272134,-61214.64123832132,20.447813075932892,81.238,1022,0.658824827270906,0.0766840590546163
65469.58782527214,49924.588825272134,-61214.64123832132,20.447813075932892,81.244,1023,0.6588461659543831,0.07671893178465013
65469.0881820706,49924.0891820706,-61215.09245336471,20.447798586280047,81.25,1024,0.658852867560053,0.07672988387949572
65469.0881820706,49924.0891820706,-61215.09245336471,20.447798586280047,81.256,1025,0.6588461829825547,0.07671895961292892
65469.0881820706,49924.0891820706,-61215.09245336471,20.447798586280047,81.261,1026,0.6588275534214644,0.07668851426444952
65469.0881820706,49924.0891820706,-61215.09245336471,20.447798586280047,81.272,1027,0.6587982137769303,0.07664056596884708
65467.45544310001,49922.4564431,-61215.55444785,20.4477512368499,81.278,1028,0.6587595215536352,0.07657733322729453
65466.83877979356,49921.83977979356,-61214.24078353549,20.447733353614012,81.283,1029,0.6587130388480753,0.0765013688950071
65464.94528685001,49919.94628685001,-61213.9105416,20.44767844231865,81.309,1030,0.6586602027159848,0.07641502147941318
65462.905694124594,49917.9066941246,-61213.69107438689,20.447619294129613,81.354,1031,0.6586025442039384,0.07632079309241334
65461.128134632265,49916.12913463227,-61212.879170632266,20.447567744904337,81.381,1032,0.658541494238301,0.07622102222451832
65456.71989816199,49911.72089816199,-61211.92552093885,20.447439906046696,81.408,1033,0.6584783676621915,0.07611785765726702
65453.46700560001,49908.46800560001,-61211.9330416,20.4473455721624,81.452,1034,0.6584149514155109,0.07601421969606735
65448.88915436034,49903.89015436034,-61210.686347385126,20.44721281447645,81.479,1035,0.6583528217576633,0.07591268434185779
65440.303299345986,49895.30429934598,-61194.72602070658,20.446963824681035,82.239,1036,0.6582931995197644,0.07581524673712023
65445.678957673284,49900.67995767329,-61192.427101667185,20.447119718772527,82.247,1037,0.6582375884209357,0.07572436433388206
65445.678957673284,49900.67995767329,-61192.427101667185,20.447119718772527,82.256,1038,0.658187422251971,0.07564238030384503
65445.678957673284,49900.67995767329,-61192.427101667185,20.447119718772527,82.264,1039,0.6581441272645988,0.07557162549799819
65450.715625341734,49905.71662534174,-61193.40294466772,20.44726578213491,82.27,1040,0.658108787246534,0.07551387109573209
65454.40067469296,49909.401674692956,-61194.03105823099,20.447372648566095,82.276,1041,0.6580827132164774,0.0754712596285329
65459.01964292093,49914.020642920936,-61195.16862128373,20.447506598644708,82.299,1042,0.6580670331989666,0.0754456345697909
65463.38039300282,49918.38139300283,-61197.60697372395,20.44763306039708,82.342,1043,0.6580628544889868,0.07543880551563804
65465.89402094497,49920.89502094497,-61198.15955619866,20.447705955607404,82.368,1044,0.6580710136326823,0.07545213959108389
65471.74640099105,49926.74740099105,-61199.10774311642,20.44787567462874,82.413,1045,0.6580923247771824,0.07548696731556191
65476.19823746087,49931.19923746087,-61199.056912486965,20.448004777886364,82.44,1046,0.6581276846327194,0.07554475413720449
65484.310213745455,49939.31121374546,-61202.36545003637,20.44824002519862,82.467,1047,0.6581778385954055,0.07562671821913833
65492.8277592,49947.8287592,-61205.53508640001,20.4484870340168,82.511,1048,0.6582434451719453,0.07573393572553108
65499.11562876522,49954.116628765216,-61209.35604292175,20.44866938223419,82.538,1049,0.6583248698554099,0.07586700396320371
65506.012759200006,49961.01375920001,-61215.10922433104,20.4488693990168,82.582,1050,0.6584225391521362,0.07602661994986874
65518.22514402163,49973.226144021624,-61250.86375342703,20.449223558176627,83.379,1051,0.658536841475523,0.07621341844987867
65519.38157549735,49974.38257549735,-61248.09442551505,20.449257094689422,83.388,1052,0.6586678153568223,0.07642746243290757
65519.38157549735,49974.38257549735,-61248.09442551505,20.449257094689422,83.396,1053,0.6588156162117679,0.07666900588702079
65521.3046988706,49976.305698870594,-61246.83554992942,20.44931286526725,83.404,1054,0.6589803741719767,0.07693826147973133
65521.3046988706,49976.305698870594,-61246.83554992942,20.44931286526725,83.411,1055,0.6591616991580529,0.07723459172403194
65521.3046988706,49976.305698870594,-61246.83554992942,20.44931286526725,83.417,1056,0.6593595886208723,0.07755799245401826
65521.3046988706,49976.305698870594,-61246.83554992942,20.44931286526725,83.422,1057,0.659573759312468,0.07790800077187869
65522.77446579623,49977.775465796236,-61244.85974526793,20.44935548850809,83.428,1058,0.6598037639670269,0.0782838857337399
65525.34477240001,49980.3457724,-61242.187976400004,20.4494300273996,83.451,1059,0.6600491404309361,0.07868489206535102
65528.505653547545,49983.50665354755,-61239.91639853115,20.449521692952878,83.474,1060,0.6603094108951346,0.07911023890755504
65530.850079777054,49985.85107977706,-61238.55311984263,20.449589681313533,83.515,1061,0.6605838497192366,0.07955874038300832
65535.06368369033,49990.06468369033,-61236.725919948396,20.44971187582702,83.542,1062,0.6608720053451639,0.0800296585332062
65538.50836110968,49993.50936110968,-61233.96204898065,20.44981177147218,83.569,1063,0.6611729598184584,0.08052149319165344
65543.48163263622,49998.48263263622,-61232.113734274026,20.44995599634645,83.614,1064,0.6614859171730721,0.08103294355133761
65548.0935224,50003.0945224,-61229.39672640001,20.4500897411496,83.641,1065,0.6618100723921139,0.08156269401391097
65662.19535995295,50117.196359952955,-61216.352009223534,20.453398694438636,84.356,1066,0.6621445634002006,0.08210933573322184
65678.03540863449,50133.03640863449,-61222.391915917244,20.4538580558504,84.365,1067,0.6624883895765541,0.0826712334453937
65678.03540863449,50133.03640863449,-61222.391915917244,20.4538580558504,84.374,1068,0.6628406984601158,0.08324699401647838
65682.39759808194,50137.39859808194,-61223.67608293013,20.453984559344377,84.381,1069,0.6632005662263091,0.08383510768674315
65682.39759808194,50137.39859808194,-61223.67608293013,20.453984559344377,84.388,1070,0.663566872463833,0.08443374342472523
65685.82166921678,50140.82266921678,-61224.63774081917,20.454083857407287,84.393,1071,0.6639387234328026,0.08504144063658059
65690.12398066749,50145.12498066749,-61226.9739319951,20.454208624439357,84.434,1072,0.6643151016871558,0.08565653656172288
65692.71700701177,50147.718007011776,-61227.543773929414,20.45428382220334,84.46,1073,0.6646951031902121,0.08627755377877633
65696.93119853023,50151.93219853024,-61229.48341551628,20.454406033757376,84.486,1074,0.6650778363932939,0.0869030352748761
65700.18402305455,50155.18502305455,-61229.46858676364,20.454500365668583,84.53,1075,0.6654623593632616,0.08753144169638204
65702.88071113294,50157.88171113294,-61231.933668962876,20.454578569622853,84.555,1076,0.6658477111121875,0.08816120254937854
65706.83068514717,50161.831685147175,-61233.651440966045,20.45469311886927,84.582,1077,0.6662326406485993,0.08879027340183963
65709.25089865264,50164.25189865264,-61234.424134610534,20.454763305060926,84.635,1078,0.6666169709549941,0.08941836496302276
65713.51462045715,50168.515620457154,-61236.34723611429,20.454886952993256,84.661,1079,0.666999730813887,0.09004389002136506
65716.6722602087,50171.6732602087,-61238.578602573914,20.454978524546053,84.688,1080,0.6673800149537944,0.0906653691375145
65794.96193498182,50249.96293498183,-61306.02110094546,20.457248925114474,85.468,1081,0.66775732777235,0.09128199237361592
65823.09666852414,50278.09766852415,-61317.559646400005,20.4580648323872,85.477,1082,0.6681310245371671,0.09189270607617261
65823.09666852414,50278.09766852415,-61317.559646400005,20.4580648323872,85.485,1083,0.6685006842789435,0.0924968222763674
65834.41227064616,50289.41327064617,-61320.47703101539,20.45839298484874,85.493,1084,0.6688655425760975,0.09309309171871195
65834.41227064616,50289.41327064617,-61320.47703101539,20.45839298484874,85.511,1085,0.6692251215045775,0.09368073335612567
65843.53372263942,50298.53472263942,-61321.62475588906,20.458657506956545,85.517,1086,0.6695790440741063,0.09425913109248578
65853.11272748704,50308.11372748704,-61322.65735632367,20.458935298097124,85.539,1087,0.6699267083530108,0.09482730122133447
65863.17071055001,50318.171710550014,-61321.34949015001,20.45922697960595,85.563,1088,0.67026799924894,0.09538505565306947
65872.80602984349,50327.80702984349,-61318.810515965226,20.45950640386546,85.607,1089,0.6706027075521865,0.09593205248685849
65882.39456284317,50337.39556284317,-61316.97950251511,20.45978447132245,85.632,1090,0.6709306385169899,0.09646797345956488
65889.42018131613,50344.42118131614,-61314.38932381936,20.459988214258168,85.675,1091,0.6712515965947453,0.09699249899600464
65899.30211680001,50354.303116800016,-61312.389646400006,20.4602747903872,85.702,1092,0.6715653626387674,0.09750527095584507
65908.0746168,50363.07561680001,-61309.5271464,20.4605291928872,85.729,1093,0.6718720468796014,0.09800646948328533
65916.71827064616,50371.719270646165,-61305.93964640001,20.46077985884874,85.773,1094,0.672171719927127,0.09849620997247668
65926.34557134546,50381.346571345464,-61300.92764640001,20.46105905056902,85.8,1095,0.6724645179067367,0.09897471488625631
66025.18533222296,50480.18633222296,-61145.972626780334,20.463925403634466,86.684,1096,0.6727505536895337,0.0994421686841536
66061.50022293335,50516.50122293335,-61107.62391093334,20.464978535465068,86.691,1097,0.6730301598220256,0.09989911483008891
66061.50022293335,50516.50122293335,-61107.62391093334,20.464978535465068,86.697,1098,0.6733033056080822,0.1003455031589308
66068.80461687273,50523.805616872734,-61103.63794123637,20.46519036288931,86.703,1099,0.6735703992963962,0.10078200085084846
66068.80461687273,50523.805616872734,-61103.63794123637,20.46519036288931,86.709,1100,0.6738315909010201,0.10120885306621255
66068.80461687273,50523.805616872734,-61103.63794123637,20.46519036288931,86.714,1101,0.6740871047966153,0.10162642648917217
66068.80461687273,50523.805616872734,-61103.63794123637,20.46519036288931,86.72,1102,0.6743375034716066,0.10203564036608136
66074.7281191082,50529.729119108204,-61100.57131530492,20.465362144454136,86.725,1103,0.6745831575109913,0.10243710032523849
66081.69399486316,50536.694994863166,-61098.49505128422,20.46556415485103,86.748,1104,0.6748243176073393,0.10283121606081809
66088.13313960002,50543.13413960002,-61095.868077600004,20.4657508900484,86.773,1105,0.6750614620710736,0.10321876925132777
66094.47500435411,50549.47600435412,-61094.07508579673,20.46593480412627,86.818,1106,0.6752950574061093,0.10360052228049675
66101.66953665884,50556.67053665884,-61092.89675407059,20.466143445563105,86.845,1107,0.675525405290709,0.10397696816583603
66108.2797296,50563.28072960001,-61092.1829376,20.4663351411584,86.872,1108,0.6757529699205431,0.10434886551882737
66115.89138960002,50570.89238960002,-61091.707077600004,20.4665558792984,86.916,1109,0.6759783494872859,0.10471719193383777
66123.73049425117,50578.73149425117,-61091.206740390706,20.466783213333283,86.943,1110,0.6762020134830151,0.10508271467799983
66230.99028807273,50685.991288072735,-61149.01053207273,20.46989374735411,87.831,1111,0.6764244789328262,0.10544627869924993
66251.70959205,50706.71059205,-61184.7651798,20.47049460716945,87.838,1112,0.6766461151155284,0.10580848749124959
66251.70959205,50706.71059205,-61184.7651798,20.47049460716945,87.845,1113,0.6768674454660454,0.10617019647719314
66256.66400147797,50711.66500147797,-61192.114957342375,20.47063828504286,87.851,1114,0.6770890174534436,0.10653230035805775
66256.66400147797,50711.66500147797,-61192.114957342375,20.47063828504286,87.857,1115,0.6773112821062476,0.10689553622692538
66256.66400147797,50711.66500147797,-61192.114957342375,20.47063828504286,87.863,1116,0.6775346368527246,0.10726055358069178
66256.66400147797,50711.66500147797,-61192.114957342375,20.47063828504286,87.868,1117,0.6777595718591995,0.10762815347336446
66262.3100198164,50717.31101981641,-61199.02990316066,20.470802019574677,87.873,1118,0.6779865370747031,0.10799907123386368
66268.93298452882,50723.93398452882,-61205.17410988475,20.470994085551336,87.896,1119,0.678215992137917,0.10837405802641528
66275.00866316221,50730.009663162215,-61211.17092291024,20.471170280231703,87.937,1120,0.6784484083736223,0.10875388411324631
66281.8885608,50736.8895608,-61216.5408048,20.4713697972632,87.963,1121,0.6786842177821937,0.1091392554906967
66287.1875608,50742.1885608,-61220.388112492314,20.4715234682632,87.99,1122,0.6789239087814226,0.10953097035523465
66292.4022715438,50747.40327154381,-61225.290515543806,20.47167469487477,88.035,1123,0.6791677090071137,0.10992940072053041
66296.7813108,50751.7823108,-61229.00580480001,20.4718016870132,88.062,1124,0.6794160356394837,0.11033522836309073
66300.57292665367,50755.57392665367,-61232.815804800004,20.471911643872957,88.089,1125,0.6796691848486285,0.11074893729870797
66488.41316110345,50943.41416110346,-61180.54107914483,20.477359010672,88.89,1126,0.6799275365940652,0.11117114847598394
66500.98827709092,50955.98927709092,-61159.794132436364,20.477723689035635,88.898,1127,0.680191408238174,0.11160238054418839
66500.98827709092,50955.98927709092,-61159.794132436364,20.477723689035635,88.905,1128,0.6804610032614014,0.11204296604111283
66500.98827709092,50955.98927709092,-61159.794132436364,20.477723689035635,88.912,1129,0.6807366104761945,0.11249337695831738
66503.64573163637,50958.64673163637,-61152.06231425455,20.477800755217455,88.917,1130,0.6810183802167054,0.1129538589792951
66508.04255384071,50963.04355384072,-61145.63884844602,20.47792826306138,88.923,1131,0.6813064763056654,0.11342467983124174
66509.89056066055,50964.89156066056,-61138.27965870826,20.477981855259156,88.948,1132,0.6816011363164847,0.11390622776835292
66512.179368,50967.180368,-61131.39343546667,20.478048230672,88.992,1133,0.6819024027642993,0.11439857227096317
66513.19207828038,50968.19307828038,-61125.485413659815,20.47807759927013,89.019,1134,0.68221028751169,0.11490173272548769
66512.75322938614,50967.75422938615,-61121.014145037625,20.478064872652197,89.064,1135,0.6825250167961225,0.11541607886036225
66512.7231574737,50967.7241574737,-61118.64397932632,20.478064000566736,89.109,1136,0.6828464601406614,0.11594139744373722
66510.94407388236,50965.945073882365,-61114.14529821177,20.47801240714259,89.118,1137,0.6831747714304763,0.11647793996235428
66511.5818422268,50966.58284222681,-61109.481871892785,20.478030902424578,89.163,1138,0.6835098589090565,0.1170255564631934
66511.40590265347,50966.40690265347,-61104.60919454258,20.47802580017695,89.189,1139,0.683851470396493,0.11758383482139736
66512.9512598919,50967.9522598919,-61100.05393096217,20.478070615536865,89.234,1140,0.6841994212919905,0.1181524733532327
66588.24214080001,51043.24314080001,-61064.59900080001,20.4802540510832,90.064,1141,0.6845536127498689,0.11873131052020877
66597.6039408,51052.60494080001,-61064.16010080001,20.4805255432832,90.073,1142,0.6849136406902844,0.11931968595509533
66597.6039408,51052.60494080001,-61064.16010080001,20.4805255432832,90.082,1143,0.6852793490125326,0.11991734455041476
66602.28921713588,51057.29021713589,-61063.96234812825,20.48066141629694,90.088,1144,0.6856503750889815,0.12052369368218761
66602.28921713588,51057.29021713589,-61063.96234812825,20.48066141629694,90.094,1145,0.6860264501230215,0.12113829406972404
66604.94764080002,51059.94864080002,-61063.5385008,20.4807385105832,90.099,1146,0.6864069571965111,0.12176013751493969
66608.65670177562,51063.65770177562,-61064.882500800006,20.480846073351493,90.124,1147,0.6867916828976253,0.12238887524969401
66611.94778080001,51066.94878080001,-61065.37978080001,20.4809415146432,90.169,1148,0.687180032211508,0.12302353487133336
66614.47437156925,51069.47537156925,-61066.517270030774,20.481014785775507,90.196,1149,0.6875715177878741,0.12366331992796085
66618.18914080001,51073.19014080001,-61068.42250080001,20.4811225140832,90.241,1150,0.6879655450187678,0.12430725868189962
66620.38325844707,51075.38425844707,-61069.13191256471,20.481186143494966,90.268,1151,0.6883614873881133,0.124954327249647
66624.7972803349,51079.7982803349,-61070.89924498605,20.481314150129712,90.295,1152,0.6887587895503282,0.12560361805803485
66627.68714080002,51082.68814080002,-61071.6865008,20.4813979560832,90.541,1153,0.6891567677674431,0.12625401370871717
66631.64914080001,51086.65014080002,-61072.71156330001,20.4815128540832,90.546,1154,0.6895545981860277,0.12690416781974462
66636.48847413335,51091.489474133356,-61075.21450080001,20.481653194749867,90.551,1155,0.6899516382769839,0.12755303033834298
66685.88141556924,51140.88241556924,-61120.34957027693,20.48308559005151,91.326,1156,0.6903470764501686,0.12819927492383207
66694.87024931614,51149.871249316144,-61124.36684074839,20.483346266230168,91.332,1157,0.690740099141001,0.1288415720088082
66694.87024931614,51149.871249316144,-61124.36684074839,20.483346266230168,91.339,1158,0.6911300400635948,0.12947883271598123
66697.28681894635,51152.28781894635,-61125.24484232196,20.483416346749443,91.345,1159,0.691516194548718,0.13010990544010262
66697.28681894635,51152.28781894635,-61125.24484232196,20.483416346749443,91.351,1160,0.6918974943889311,0.13073304446383685
66697.28681894635,51152.28781894635,-61125.24484232196,20.483416346749443,91.356,1161,0.692273432385636,0.13134742089819462
66697.28681894635,51152.28781894635,-61125.24484232196,20.483416346749443,91.361,1162,0.6926430984259965,0.1319515473918465
66699.61574412204,51154.616744122046,-61124.43366414916,20.48348388557954,91.37,1163,0.693005717780075,0.13254415784287996
66700.31955322107,51155.32055322107,-61124.04738404211,20.48350429604341,91.412,1164,0.6933606062742343,0.13312413414095917
66702.5521848,51157.55318480001,-61123.8444504787,20.4835690423592,91.435,1165,0.6937070076929188,0.13369024044128855
66702.49438663488,51157.49538663488,-61123.16053710826,20.483567366212412,91.479,1166,0.6940441526133678,0.13424121931520613
66703.7793152348,51158.780315234806,-61124.173864591314,20.48360462914181,91.506,1167,0.6943711905515324,0.13477568085969055
66704.23218480001,51159.23318480002,-61123.84142768781,20.483617762359202,91.537,1168,0.6946875958329796,0.13529276599163076
66705.34141556924,51160.34241556925,-61124.31264720001,20.48364993005151,91.564,1169,0.6949929308002187,0.13579175946954836
66706.56710005425,51161.56810005425,-61126.5692573695,20.483685474901574,91.608,1170,0.695286450326545,0.13627144357059517
66761.95179278645,51216.952792786455,-61162.55841962034,20.485291630990808,92.312,1171,0.6955677514985656,0.13673115983381282
66763.7745216,51218.77552160001,-61162.07132640001,20.4853444901264,92.321,1172,0.6958363334866596,0.1371700897787086
66763.7745216,51218.77552160001,-61162.07132640001,20.4853444901264,92.33,1173,0.6960917883132056,0.13758756666811175
66764.28673899132,51219.28773899132,-61163.172913356524,20.485359344430748,92.338,1174,0.696333907628766,0.1379832500070851
66764.40017677241,51219.401176772415,-61164.60472295173,20.4853626341264,92.344,1175,0.6965622622782396,0.13835643844917472
66764.87782929231,51219.87882929231,-61167.562826400004,20.48537648604948,92.386,1176,0.696776243310333,0.1387061368161131
66766.84308257561,51221.84408257561,-61170.46185079025,20.485433478394693,92.411,1177,0.6969759950206394,0.13903258092288226
66767.3441656678,51222.34516566781,-61173.20435182373,20.485448009804365,92.456,1178,0.6971615257967718,0.13933578447693354
66770.31963924706,51225.32063924706,-61175.97694404706,20.485534298538166,92.483,1179,0.6973327518836038,0.13961561060150435
66771.27586642759,51226.27686642759,-61178.57334364139,20.4855620291264,92.527,1180,0.6974896830482452,0.13987207525848797
66773.2245216,51228.225521600005,-61181.5908264,20.4856185401264,92.554,1181,0.6976325358775791,0.14010553240486143
66777.41146754596,51232.41246754596,-61185.63417775136,20.48573996155883,92.581,1182,0.697761152187257,0.14031572352795288
66781.41402553701,51236.41502553702,-61190.84140907717,20.485856035740575,92.607,1183,0.6978760198781612,0.14050344597947198
66790.54316865883,51245.54416865883,-61196.49694404707,20.486120780891106,92.64,1184,0.6979774898685431,0.1406692732473502
66798.30320755042,51253.30420755042,-61201.190594995045,20.48634582201896,92.683,1185,0.6980660855211663,0.14081406063685417
66955.11951364529,51410.12051364529,-61133.225313237745,20.490893494895715,93.454,1186,0.6981421108649466,0.14093830500704801
66968.89683440002,51423.89783440002,-61111.96274720001,20.4912930371976,93.463,1187,0.6982059947862557,0.14104270726521473
66968.89683440002,51423.89783440002,-61111.96274720001,20.4912930371976,93.471,1188,0.698258533260004,0.1411285682328504
66973.43402588938,51428.43502588938,-61103.94283230639,20.49142461575079,93.479,1189,0.6983002000777567,0.141196662203522
66973.43402588938,51428.43502588938,-61103.94283230639,20.49142461575079,93.485,1190,0.6983317490163208,0.1412482210365015
66977.59906969413,51432.600069694134,-61097.05357072942,20.49154540202113,93.49,1191,0.6983539158520409,0.14128444717381689
66978.9208344,51433.92183440001,-61088.42641386668,20.4915837331976,93.516,1192,0.6983675155958745,0.1413066725466122
66979.85083440001,51434.85183440002,-61077.48474720001,20.4916107031976,93.561,1193,0.6983732413551783,0.1413160298651485
66982.01250106668,51437.013501066685,-61068.89641386668,20.491673391530934,93.588,1194,0.6983720931070108,0.14131415334130382
66984.71350766734,51439.71450766735,-61062.74969769506,20.491751720722352,93.632,1195,0.6983648061017963,0.14130224455762128
66986.52441930567,51441.525419305675,-61055.68776606793,20.491804237159865,93.659,1196,0.6983524221814054,0.1412820061435215
66989.78025747693,51444.781257476934,-61048.87686258463,20.49189865646683,93.686,1197,0.6983356581662283,0.14125460956227603
66991.91813169731,51446.919131697316,-61040.77123368649,20.491960654819223,93.731,1198,0.6983155643341388,0.1412217712298383
66996.48006516925,51451.48106516925,-61034.289939507704,20.49209295088991,93.758,1199,0.6982929995878441,0.14118489480741694
66999.5590522218,51454.5600522218,-61025.598410566345,20.49218224151443,93.785,1200,0.6982690108404571,0.14114569121210738
67121.59293559025,51576.59393559025,-60980.20910078049,20.49572122413212,94.598,1201,0.6982442839427081,0.1411052812950335
67131.7276816918,51586.728681691806,-60990.656789704924,20.496015131769063,94.607,1202,0.6982198627619951,0.14106537099583316
67131.7276816918,51586.728681691806,-60990.656789704924,20.496015131769063,94.615,1203,0.6981965175323762,0.1410272190690308
67134.61861708236,51589.61961708237,-60993.872228470595,20.49609896889539,94.621,1204,0.6981752866297649,0.140992522479809
67134.61861708236,51589.61961708237,-60993.872228470595,20.49609896889539,94.627,1205,0.6981569362185922,0.1409625333319067
67135.56165313549,51590.562653135494,-60997.06056812903,20.49612631694093,94.633,1206,0.6981421919626435,0.1409384375409081
67136.83391120001,51591.834911200014,-60999.611052,20.4961632124248,94.658,1207,0.698131885423904,0.14092159408646396
67135.43538660984,51590.43638660984,-61000.220396262295,20.496122655211686,94.702,1208,0.6981265920014653,0.14091294331417717
67133.70022698947,51588.70122698948,-61000.691052,20.496072335582696,94.729,1209,0.6981269636982758,0.14091355075945555
67130.8319112,51585.83291120001,-61000.020552,20.4959891544248,94.774,1210,0.6981334735302427,0.14092418944824775
67127.687040971,51582.688040971,-61000.38051764886,20.49589795318816,94.801,1211,0.6981467152011294,0.14094582964055502
67125.63441120001,51580.63541120001,-61000.713552,20.4958384269248,94.828,1212,0.6981669442134949,0.1409788888912736
67123.6551612,51578.65616120001,-61000.713552,20.4957810286748,94.873,1213,0.6981944424718333,0.1410238279026453
67123.0887912,51578.08979120001,-61000.790412,20.4957646039448,94.899,1214,0.6982297195883037,0.1410814795080204
67122.78374726558,51577.784747265585,-61000.71613396722,20.4957557576707,94.926,1215,0.6982728614129392,0.14115198400776124
67168.71095661176,51623.71195661176,-61057.43249110589,20.49708764674174,97.224,1216,0.6983239642566377,0.14123549879789205
67173.0549008842,51628.05590088421,-61075.435147452634,20.497213621125642,97.235,1217,0.6983829873557325,0.14133195726041628
67173.0549008842,51628.05590088421,-61075.435147452634,20.497213621125642,97.245,1218,0.6984499810604239,0.14144144168011716
67172.7094272,51627.7104272,-61076.486726400006,20.4972036023888,97.253,1219,0.6985247189897223,0.1415635820940049
67172.7094272,51627.7104272,-61076.486726400006,20.4972036023888,97.26,1220,0.6986069545055479,0.14169797543395274
67172.7094272,51627.7104272,-61076.486726400006,20.4972036023888,97.266,1221,0.6986964258261973,0.14184419388337705
67172.7094272,51627.7104272,-61076.486726400006,20.4972036023888,97.272,1222,0.6987928251719868,0.14200173445352346
67174.0516272,51629.0526272,-61077.1527264,20.4972425261888,97.277,1223,0.6988955688115746,0.14216964318181413
67173.51648380377,51628.51748380378,-61077.744688664156,20.49722700703031,97.301,1224,0.6990039937714512,0.1423468366042089
67173.85015447273,51628.85115447274,-61077.657999127274,20.49723668347971,97.324,1225,0.6991177239844575,0.14253270013318978
67175.1334272,51630.1344272,-61078.0347264,20.4972738983888,97.382,1226,0.6992356743234924,0.1427254604004752
67175.6266272,51630.62762720001,-61077.858326400004,20.497288201188802,97.39,1227,0.6993571924525083,0.14292405132629
67177.05470875339,51632.055708753396,-61077.5307264,20.49732961555385,97.417,1228,0.6994815657756216,0.14312730835126047
67176.78158561584,51631.782585615845,-61076.99429075644,20.49732169498286,97.462,1229,0.6996077859644041,0.14333358361528767
67178.6936772,51633.69467720001,-61077.005726400006,20.4973771456388,97.488,1230,0.6997351281408439,0.14354169248693727
67179.84788056217,51634.848880562175,-61096.43960957839,20.497410617536303,98.311,1231,0.6998621793580508,0.1437493258586437
67188.32879532309,51643.329795323094,-61098.4089235077,20.49765656406437,98.32,1232,0.6999880561455478,0.1439550399193363
67188.32879532309,51643.329795323094,-61098.4089235077,20.49765656406437,98.328,1233,0.7001117789804749,0.14415723388439813
67189.15986474146,51644.16086474147,-61098.36269461464,20.497680665077503,98.335,1234,0.700232170837286,0.14435398420057147
67189.15986474146,51644.16086474147,-61098.36269461464,20.497680665077503,98.342,1235,0.7003480876769984,0.14454342122286978
67189.15986474146,51644.16086474147,-61098.36269461464,20.497680665077503,98.348,1236,0.7004590084233807,0.1447246933827897
67189.15986474146,51644.16086474147,-61098.36269461464,20.497680665077503,98.353,1237,0.700563541608087,0.1448955266740633
67189.44954448697,51644.45054448697,-61098.02731815653,20.497689065790123,98.359,1238,0.700660053604541,0.14505325134348718
67190.24918947439,51645.25018947439,-61096.58304938183,20.497712255494758,98.382,1239,0.7007477448214496,0.14519656065949424
67190.04119666088,51645.042196660885,-61095.8360138087,20.497706223703165,98.407,1240,0.7008253994990176,0.14532346776740449
67190.97519208421,51645.976192084214,-61095.37228383159,20.497733309570442,98.451,1241,0.7008919348953611,0.14543220319697636
67191.00935476365,51646.01035476365,-61094.57329731571,20.497734300288148,98.46,1242,0.7009462629909551,0.14552098885298628
67191.07110970435,51646.07210970436,-61094.11583989566,20.497736091181427,98.505,1243,0.7009873412909332,0.14558812103885538
67192.52924781178,51647.53024781178,-61093.68476061177,20.497778377186542,98.55,1244,0.7010141689553219,0.14563196413248708
67193.03815083244,51648.03915083244,-61092.56879876758,20.497793135374142,98.576,1245,0.7010259474820015,0.14565121318229549
67198.4427310244,51653.44373102441,-61083.8182438244,20.497949868199708,99.316,1246,0.7010216896168984,0.14564425476893214
67197.56490738463,51652.56590738463,-61085.48868941539,20.497924411314155,99.325,1247,0.7010006776094393,0.145609915908975
67197.56490738463,51652.56590738463,-61085.48868941539,20.497924411314155,99.334,1248,0.7009619813237206,0.14554667652840922
67197.56490738463,51652.56590738463,-61085.48868941539,20.497924411314155,99.341,1249,0.7009049914979242,0.14545354094149238
67197.56490738463,51652.56590738463,-61085.48868941539,20.497924411314155,99.347,1250,0.7008291814619165,0.1453296484378903
67197.26202276924,51652.26302276924,-61085.6583048,20.49791562766031,99.353,1251,0.700734078063787,0.145174225769391
67197.26202276924,51652.26302276924,-61085.6583048,20.49791562766031,99.359,1252,0.7006191761350063,0.14498644736464392
67196.96362533334,51651.96462533335,-61085.2908048,20.49790697413467,99.364,1253,0.7004842263367757,0.1447659057418737
67197.01912695146,51652.020126951465,-61086.28065916894,20.497908583681593,99.405,1254,0.7003289454717785,0.14451213808604443
67196.57144584616,51651.57244584616,-61086.13080480001,20.49789560092954,99.43,1255,0.7001530415808307,0.14422466726304328
67196.45029200001,51651.45129200001,-61086.136532072735,20.497892087468,99.471,1256,0.6999566847343043,0.14390377121026854
67196.10165122332,51651.10265122332,-61086.42745528544,20.497881976885477,99.504,1257,0.6997397557157726,0.14354925509835015
67195.14362533334,51650.14462533334,-61087.16913813334,20.497854194134668,99.53,1258,0.6995023567458711,0.1431612859812971
67195.79651841511,51650.797518415115,-61088.02674819623,20.497873128034037,99.558,1259,0.699244569688861,0.14273999764572662
67194.63904200001,51649.64004200001,-61088.09955480001,20.497839561218,99.584,1260,0.6989668057617997,0.14228606212285616
67188.23751230769,51643.2385123077,-61086.66905649232,20.497653916856923,100.249,1261,0.6986692783465207,0.14179982813181244
67184.65982,51639.660820000005,-61078.02674880001,20.49755016378,100.259,1262,0.6983526606120305,0.14128239579862045
67184.65982,51639.660820000005,-61078.02674880001,20.49755016378,100.268,1263,0.6980174242565049,0.14073453599572702
67182.56009027027,51637.561090270276,-61075.25134339461,20.497489271617837,100.275,1264,0.6976643306964877,0.14015749306763914
67182.56009027027,51637.561090270276,-61075.25134339461,20.497489271617837,100.282,1265,0.6972941609708393,0.13955254342662268
67181.59403052632,51636.595030526325,-61072.423064589486,20.497461255885263,100.288,1266,0.6969073159881866,0.13892034225734862
67180.18566,51635.18666000001,-61069.43690880001,20.49742041314,100.311,1267,0.6965046217183617,0.138262239400495
67177.84152731707,51632.84252731707,-61066.661139043914,20.497352433292196,100.353,1268,0.6960870421677043,0.1375798102828153
67176.09915333333,51631.10015333333,-61062.71541546668,20.497301904446665,100.397,1269,0.6956553646059004,0.13687434149929786
67171.60127038168,51626.602270381685,-61059.21171063207,20.49717146584107,100.424,1270,0.6952104720771332,0.13614727616434322
67169.09907619834,51624.100076198345,-61054.99443475042,20.497098902209753,100.45,1271,0.6947534827643871,0.1354004416677894
67165.9230431405,51620.924043140505,-61053.17212070084,20.497006797251075,100.477,1272,0.694285237766356,0.13463521257464708
67162.46845636364,51617.469456363644,-61050.54538516365,20.496906614234547,100.504,1273,0.6938067969643649,0.13385332099530423
67158.61960723404,51613.62060723404,-61046.67419560852,20.496794997609786,100.557,1274,0.6933191568550644,0.13305639545378456
67152.26742,51607.26842000001,-61041.11714880001,20.49661078418,100.691,1275,0.692823241737456,0.13224594648514912
67023.05949132632,51478.06049132632,-61059.58599233685,20.492863754248464,101.366,1276,0.6923203029840356,0.13142401914411111
67011.7567857505,51466.75778575051,-61074.85451344158,20.492535975786765,101.375,1277,0.6918111770200056,0.13059198035803107
67011.7567857505,51466.75778575051,-61074.85451344158,20.492535975786765,101.384,1278,0.6912968292163952,0.12975140778390534
67007.70394746667,51462.70494746667,-61080.414430933335,20.492418443476534,101.392,1279,0.6907784586945479,0.12890426108503428
67007.70394746667,51462.70494746667,-61080.414430933335,20.492418443476534,101.399,1280,0.6902568213467952,0.12805177557798478
67002.4374532138,51457.43845321381,-61087.23178725518,20.4922657151432,101.404,1281,0.6897325926241109,0.12719505511808524
66998.99975786422,51454.000757864225,-61094.458849893585,20.49216602197806,101.427,1282,0.6892069624227579,0.12633604429255404
66993.90362695385,51448.90462695385,-61100.57667452308,20.49201823418166,101.469,1283,0.6886806310065978,0.12547588750716593
66989.7092808,51444.710280800005,-61108.202097600006,20.4918965981432,101.509,1284,0.6881542074725465,0.12461558017817213
66984.98154166956,51439.98254166957,-61115.38409760001,20.491759493708418,101.534,1285,0.6876286402799683,0.1237566723246914
66979.39290063472,51434.39390063472,-61123.21692404628,20.491597423118407,101.56,1286,0.6871046837570884,0.12290039670715089
66973.53025600662,51428.53125600662,-61131.453783550416,20.491427406424194,101.605,1287,0.6865829067347553,0.12204768293700624
66964.6856808,51419.686680800005,-61138.7495376,20.4911709137432,101.632,1288,0.686064066045459,0.12119976786727779
66957.75034649344,51412.751346493445,-61147.090112198544,20.49096978904831,101.658,1289,0.6855484221252707,0.12035707711545081
66948.59873241291,51403.59973241291,-61154.0660976,20.490704392239973,101.808,1290,0.6850364611556187,0.11952040522321837
66753.13131238356,51208.13231238356,-61118.78604361644,20.485035837059122,102.647,1291,0.6845286546098247,0.11869052269555957
66707.663148,51162.66414800001,-61079.01100800001,20.483717260292,102.656,1292,0.684025518967782,0.1178682735894146
66707.663148,51162.66414800001,-61079.01100800001,20.483717260292,102.665,1293,0.6835271081125205,0.11705374596309132
66697.08275536196,51152.083755361964,-61072.12527548467,20.483410428905497,102.672,1294,0.6830339054862721,0.11624772988175262
66697.08275536196,51152.083755361964,-61072.12527548467,20.483410428905497,102.679,1295,0.6825460829725261,0.1154505062458827
66697.08275536196,51152.083755361964,-61072.12527548467,20.483410428905497,102.685,1296,0.682064042508691,0.11466273192143837
66697.08275536196,51152.083755361964,-61072.12527548467,20.483410428905497,102.69,1297,0.6815878144568128,0.11388445652757402
66683.34002604878,51138.34102604879,-61065.46611043903,20.483011889755414,102.696,1298,0.6811173475877393,0.11311559634308
66670.63185852632,51125.632858526325,-61060.1074711579,20.482643352897263,102.701,1299,0.6806528471870071,0.11235648685571516
66656.82159536843,51111.82259536843,-61055.987602736845,20.482242855265685,102.742,1300,0.6801942939155929,0.1116070964606929
66644.60151163637,51099.602511636374,-61054.60584436364,20.481888472837454,102.786,1301,0.6797419320307573,0.11086782433528743
66632.795148,51087.79614800001,-61053.130779428575,20.481546088292,102.812,1302,0.6792955075635845,0.11013825543095823
66621.13224723664,51076.13324723665,-61053.93655914505,20.481207864169864,102.838,1303,0.6788551635521438,0.10941862350757996
66611.54478828778,51066.54578828778,-61055.84465404317,20.480929827860347,102.884,1304,0.6784207111080597,0.1087086198744437
66600.053148,51055.05414800001,-61058.21320800001,20.480596570292,103.022,1305,0.6779921394928564,0.1080082269822024
66451.0479952,50906.048995200006,-61258.669489600004,20.4762754208608,103.816,1306,0.6775693803828099,0.10731733317285293
66413.75431098948,50868.75531098948,-61277.1347527579,20.475193904018695,103.825,1307,0.6771523861204274,0.1066358605621678
66413.75431098948,50868.75531098948,-61277.1347527579,20.475193904018695,103.834,1308,0.6767410698670824,0.10596366723417633
66398.33337451034,50853.33437451035,-61280.28204132414,20.4747466968608,103.841,1309,0.6763354331612274,0.1053007557030935
66398.33337451034,50853.33437451035,-61280.28204132414,20.4747466968608,103.848,1310,0.6759353668248289,0.10464694754478701
66383.0590019114,50838.060001911406,-61281.42989228457,20.47430374005543,103.854,1311,0.675540411256658,0.10400149165623768
66367.77623049411,50822.77723049412,-61282.19654842353,20.47386053968433,103.877,1312,0.6751506263446443,0.10336448590925697
66354.40034419329,50809.40134419329,-61282.56304664699,20.473472638981605,103.919,1313,0.6747660809245155,0.10273604279858944
66339.92140837366,50794.92240837366,-61281.259549480244,20.473052749842836,103.944,1314,0.674386666129529,0.10211598440882957
66326.65914904616,50781.66014904616,-61278.93948960001,20.472668144322338,103.99,1315,0.6740123053118708,0.1015041854783356
66313.64243964445,50768.64343964445,-61274.38171182223,20.47229065974969,104.016,1316,0.6736429221768588,0.10090052132257131
66299.08764017042,50754.08864017042,-61267.99836533965,20.471868570564943,104.044,1317,0.6732785155133325,0.10030498996219843
66287.61209158554,50742.61309158555,-61262.088887190366,20.47153577965598,104.088,1318,0.6729191259625937,0.09971765781523893
66274.8251731141,50729.82617311411,-61254.678692053996,20.47116495902031,104.115,1319,0.672564710034699,0.09913845380828
66264.6929952,50719.69399520001,-61248.33948960001,20.4708711258608,104.292,1320,0.6722151452224739,0.09856717773404919
65930.49905340001,50385.500053400014,-61127.34870180001,20.4611795015486,105.068,1321,0.6718704177593741,0.0980038070945797
65917.97801623784,50372.97901623785,-61158.52454977298,20.460816391470896,105.076,1322,0.6715304637630747,0.09744823749022272
65917.97801623784,50372.97901623785,-61158.52454977298,20.460816391470896,105.085,1323,0.6711953819452396,0.0969006302404527
65917.9721784,50372.9731784,-61172.12257680001,20.4608162221736,105.092,1324,0.6708651794919908,0.09636099708918469
65920.0616300129,50375.06263001291,-61184.52806067098,20.460876816270375,105.098,1325,0.6705396644366249,0.09582902431495506
65926.0892209532,50381.09022095321,-61195.56636403405,20.461051616407644,105.141,1326,0.6702190113156399,0.09530499715392526
65930.56367155068,50385.56467155069,-61203.20685077261,20.461181375474972,105.185,1327,0.6699031993823408,0.09478888170082236
65937.46778113973,50392.46878113973,-61211.241508306855,20.46138159465305,105.212,1328,0.669592067673061,0.09428041490087556
65942.87266091749,50397.873660917496,-61216.06762575106,20.46153833616661,105.258,1329,0.6692857474613991,0.09377981128788061
65949.25699658183,50404.25799658183,-61221.69294043637,20.461723481900872,105.285,1330,0.6689842867219918,0.09328714926435736
65954.8451784,50409.84617840001,-61224.502576800005,20.4618855391736,105.31,1331,0.668687562717026,0.09280222824611196
65958.0807728056,50413.0817728056,-61226.790842534276,20.461979371411363,105.336,1332,0.6683954896262881,0.09232490798151459
65962.19604170937,50417.19704170937,-61229.217152339574,20.46209871420957,105.362,1333,0.6681079006747139,0.0918549159185214
65962.6851784,50417.68617840001,-61230.05657680001,20.4621128991736,105.405,1334,0.6678247897700115,0.09139224210080821
65963.47517840001,50418.476178400015,-61231.44657680001,20.4621358091736,105.58,1335,0.6675461874484988,0.09093693643233353
65975.24927456843,50430.25027456843,-61444.79989793684,20.462477257962483,106.315,1336,0.6672719553269123,0.09048877276033591
65989.11344646606,50444.11444646606,-61445.767691273395,20.462879318947515,106.324,1337,0.6670019332012324,0.09004748927149725
66000.63282720001,50455.633827200014,-61447.653253200006,20.4632133809888,106.333,1338,0.6667361181107554,0.08961308112728955
66008.50845804112,50463.509458041124,-61448.059199461684,20.463441774283194,106.358,1339,0.6664742053586219,0.08918505037706206
66016.02417335386,50471.02517335386,-61451.18046473846,20.463659730027263,106.382,1340,0.6662161269402058,0.08876328588429751
66023.40931025085,50478.41031025085,-61456.00590150509,20.463873898997274,106.424,1341,0.6659618544192799,0.08834774117710938
66027.44429271725,50482.44529271725,-61460.11010664828,20.4639909134888,106.493,1342,0.6657109791439605,0.08793774841641415
66029.78611667368,50484.78711667369,-61465.010424252636,20.464058826383535,106.502,1343,0.6654634461429735,0.08753321776544176
66031.15583178717,50486.15683178717,-61469.9620032,20.46409854812183,106.528,1344,0.6652189340986996,0.08713362411107527
66032.7209154353,50487.72191543531,-61474.075532611765,20.464143935547625,106.554,1345,0.6649773333256468,0.0867387881998684
66033.6691272,50488.67012720001,-61478.845003200004,20.4641714336888,106.599,1346,0.6647383250635146,0.08634818909800082
66033.84604148573,50488.84704148573,-61481.7520032,20.464176564203086,106.625,1347,0.6645017323911064,0.08596153767211845
66034.71282720001,50489.713827200016,-61485.1082532,20.464201700988802,106.652,1348,0.6642670398807525,0.08557799158487657
66034.19564634895,50489.19664634895,-61488.982641497874,20.46418670274412,106.676,1349,0.664034072929207,0.0851972654910306
66032.9846129143,50487.9856129143,-61494.94343177143,20.464151582774516,106.829,1350,0.6638025208523722,0.08481885165528957
65846.19699339132,50301.197993391324,-61647.509781286964,20.45873474180835,107.561,1351,0.6635720706866307,0.08444223861705875
65837.02235153958,50292.02335153958,-61647.39857390505,20.45846867719465,107.57,1352,0.6633422323269581,0.08406662542251075
65827.08406607635,50282.08506607635,-61645.4502758107,20.458180466916215,107.591,1353,0.6631126241922002,0.0836913884728846
65818.32177600001,50273.322776000015,-61642.004129113055,20.457926360504,107.6,1354,0.662882813788584,0.08331582096550427
65810.27861810528,50265.27961810528,-61639.91511309474,20.457693108925053,107.645,1355,0.6626524398975929,0.08293933257923626
65801.04927600002,50256.05027600002,-61634.983205200006,20.457425458004,107.671,1356,0.6624212321845805,0.08256148151985504
65792.43297600001,50247.433976000015,-61629.10355520001,20.457175585304,107.697,1357,0.6621886198761341,0.08218133500127044
65781.6148885828,50236.615888582804,-61620.88718698809,20.4568618607689,107.743,1358,0.6619541630372798,0.08179817406002844
65770.1166147097,50225.1176147097,-61614.80214874839,20.456528410826582,107.77,1359,0.6617172220884388,0.08141095346360491
65758.19694378525,50213.19794378526,-61610.014639763765,20.456182740369773,107.797,1360,0.6614773774613739,0.0810189875328729
65746.49320457144,50201.49420457144,-61606.12338377144,20.45584333193257,107.842,1361,0.6612342581038952,0.0806216698760244
65735.58769149297,50190.58869149297,-61603.37364534086,20.455527072053297,107.869,1362,0.6609870285465974,0.08021763512770996
65721.53802600001,50176.53902600001,-61601.365705200005,20.455119631754002,107.896,1363,0.6607354659236642,0.07980651906960971
65707.26555222379,50162.266552223795,-61602.12915799721,20.45470573001449,107.94,1364,0.6604789640209524,0.07938733099664208
65690.18150202741,50145.18250202741,-61604.23702369316,20.454210292558795,108.076,1365,0.6602169118634907,0.07895907242334482
65629.53110566155,50084.53210566155,-61847.88548160001,20.452451431064183,108.906,1366,0.6599489315173277,0.07852112571139579
65644.85203778825,50099.853037788256,-61863.82712865883,20.452895738095858,108.916,1367,0.6596744327180337,0.07807252622152269
65644.85203778825,50099.853037788256,-61863.82712865883,20.452895738095858,108.924,1368,0.6593928235893203,0.07761230668027375
65649.24671764248,50104.24771764249,-61868.30417186549,20.45302318381163,108.932,1369,0.6591038685402115,0.07714008207324508
65649.24671764248,50104.24771764249,-61868.30417186549,20.45302318381163,108.938,1370,0.658806909893004,0.07665477759106389
65650.42683992728,50105.42783992729,-61869.51166341819,20.453057407357893,108.965,1371,0.6585017425613904,0.07615605807156184
65651.36253967708,50106.363539677084,-61870.364343985326,20.453084542650636,108.991,1372,0.6581877530878847,0.07564292097222858
65651.00669927549,50106.00769927549,-61871.188349524535,20.45307422327899,109.018,1373,0.6578644691992175,0.07511459448077103
65650.89402873848,50105.89502873848,-61873.65409698462,20.453070955833415,109.063,1374,0.6575316434853626,0.0745706742675098
65652.52252372175,50107.52352372176,-61878.08165551305,20.453118182187932,109.09,1375,0.6571887774518377,0.07401034566815085
65652.3855672,50107.38656720001,-61883.51999007458,20.4531142104488,109.135,1376,0.6568354723789585,0.07343295707530145
65654.2150872,50109.21608720001,-61892.48948160001,20.4531672665288,109.144,1377,0.6564718840016642,0.07283876299868805
65653.56218484706,50108.563184847066,-61901.96727571765,20.453148332360566,109.189,1378,0.6560972595454678,0.07222653321707902
65653.67145761097,50108.67245761097,-61915.635508997264,20.453151501270717,109.216,1379,0.6557114167982157,0.07159596995037712
65652.5240778383,50107.525077838305,-61929.61033266383,20.45311822725731,109.358,1380,0.6553141248911418,0.0709466959014471
65527.20665760001,49982.20765760001,-62044.39601156923,20.4494840220704,110.188,1381,0.6549052996600528,0.07027857352500876
65500.44535325218,49955.44635325218,-62049.86069384348,20.448707944244312,110.197,1382,0.6544847134790911,0.06959123082364761
65500.44535325218,49955.44635325218,-62049.86069384348,20.448707944244312,110.206,1383,0.6540524234946142,0.06888476118876267
65489.931657600006,49944.9326576,-62050.59859898182,20.4484030470704,110.213,1384,0.6536083309938057,0.0681590032989956
65489.931657600006,49944.9326576,-62050.59859898182,20.4484030470704,110.22,1385,0.653152523219849,0.06741409973146421
65489.931657600006,49944.9326576,-62050.59859898182,20.4484030470704,110.226,1386,0.6526846128042636,0.06664941742947315
65479.193021236366,49934.19402123637,-62051.104508072734,20.448091626615856,110.231,1387,0.6522050953016548,0.06586576625282396
65465.490319571836,49920.49131957184,-62050.840865307044,20.447694248267585,110.256,1388,0.6517141406491078,0.06506342392109107
65456.46107620466,49911.462076204654,-62050.78817614884,20.447432400209934,110.283,1389,0.6512117958415666,0.0642424672357322
65447.2946576,49902.2956576,-62052.1907808,20.4471665740704,110.329,1390,0.6506983452957439,0.06340336100458081
65439.57938487273,49894.58038487274,-62053.73905352728,20.44694283116131,110.356,1391,0.6501740928584819,0.06254660178914771
65431.313863482355,49886.31486348236,-62053.796045505886,20.446703131040987,110.382,1392,0.6496393112556826,0.06167263529156623
65423.48532426667,49878.486324266676,-62052.6107808,20.446476103403732,110.426,1393,0.6490942752968767,0.06078191061913883
65418.35361412174,49873.35461412174,-62052.03373732174,20.44632728380953,110.454,1394,0.648539517480033,0.059875298006335904
65413.62711561527,49868.62811561527,-62050.85319301375,20.446190215352843,110.596,1395,0.6479753433211645,0.05895329674250899
65210.36310473426,49665.36410473425,-62129.72299038905,20.440295559037292,111.344,1396,0.6474022552399461,0.05801672790669569
65204.55831562106,49659.55931562107,-62155.71980185264,20.44012722015301,111.353,1397,0.6468206793624719,0.0570662878951967
65204.55831562106,49659.55931562107,-62155.71980185264,20.44012722015301,111.362,1398,0.6462311246114927,0.056102808414697065
65205.3872058207,49660.388205820695,-62168.80453597242,20.4401512579688,111.369,1399,0.6456339561656496,0.05512688625816103
65204.46638268388,49659.467382683884,-62180.36430015484,20.44012455409783,111.376,1400,0.6450298254450894,0.05413958600855327
65207.1840569561,49662.18505695611,-62192.072783239026,20.440203366651726,111.418,1401,0.644419624338639,0.05314236523462749
65209.28017133794,49664.281171337934,-62201.26908769656,20.4402641539688,111.443,1402,0.6438036800238652,0.05213575862611619
65213.2050923613,49668.2060923613,-62210.41733241291,20.440377976678477,111.488,1403,0.6431824028814614,0.05112043684740899
65218.20278930527,49673.20378930528,-62218.23072290527,20.440522909889854,111.516,1404,0.6425563696353763,0.05009734240925585
65219.7512058207,49674.752205820696,-62224.25322562759,20.4405678139688,111.559,1405,0.6419260580041692,0.04906725602291158
65223.2977902657,49678.298790265704,-62228.68647204088,20.440670664917704,111.586,1406,0.641292026339153,0.048031090173657566
65224.68444720001,49679.68544720001,-62233.23088080001,20.4407108779688,111.613,1407,0.6406548941391104,0.04698985727698914
65227.71238880585,49682.713388805845,-62238.499756712416,20.44079868827537,111.64,1408,0.6400152013757839,0.04594443978138685
65230.9075381091,49685.9085381091,-62243.33978989092,20.440891347605163,111.685,1409,0.6393734892953555,0.04489572221808238
65233.50874570747,49688.50974570747,-62249.27962706866,20.440966782625516,111.822,1410,0.6387303797525283,0.043844720852732756
65258.00013952295,49713.00113952295,-62379.57219324771,20.441677033046165,112.531,1411,0.6380863254759785,0.04279217555689197
65255.65767803774,49710.65867803774,-62376.264175245284,20.441609101663094,112.54,1412,0.6374418660540148,0.041738968152413514
65255.70398700001,49710.704987000005,-62375.416746,20.441610444623,112.548,1413,0.6367975677014889,0.04068602397556251
65255.939464941184,49710.94046494119,-62375.322554823535,20.441617273483295,112.571,1414,0.6361539355416785,0.03963416852373733
65255.75491200001,49710.75591200001,-62375.743296,20.441611921448,112.613,1415,0.635511273491155,0.038583898472403136
65255.481657454555,49710.48265745456,-62374.171859636364,20.44160399706618,112.639,1416,0.6348702123379778,0.037536244686549015
65254.46946494118,49709.47046494119,-62370.727260705884,20.441574643483293,112.666,1417,0.63423113168045,0.0364918275244626
65254.97560757523,49709.97660757523,-62366.47850484956,20.44158932161968,112.71,1418,0.6335944339811072,0.03545130471028929
65253.635592000006,49708.63659200001,-62359.491816,20.441550461168,112.737,1419,0.6329604437214834,0.03441520652777181
65253.53280543067,49708.53380543066,-62352.607028846716,20.44154748035749,112.779,1420,0.6323295564798115,0.033384179450387866
65254.788944061074,49709.78994406108,-62344.64312958779,20.441583908377773,112.806,1421,0.6317022640288754,0.03235902715750009
65253.437843707325,49708.43884370732,-62337.21403258537,20.441544726467512,112.832,1422,0.6310787103878086,0.03133998501228653
65253.502268250006,49708.50326825,-62331.969714750005,20.44154659477925,112.859,1423,0.6304594181122442,0.030327907000961482
65251.10551200001,49706.10651200001,-62325.048456000004,20.441477088848,112.904,1424,0.6298446851996908,0.029323280125766002
65249.78503200001,49704.786032,-62318.365416,20.441438794928,113.045,1425,0.6292349865033284,0.028326880415210087
65273.91386656553,49728.91486656552,-62322.63062590346,20.4421385311304,113.678,1426,0.6286304923758962,0.02733898626815057
65281.267534826286,49736.26853482629,-62329.79978170512,20.442351787509963,113.687,1427,0.6280316564940579,0.026360339105389537
65287.11089349042,49742.11189349042,-62339.84828485481,20.442521244911223,113.695,1428,0.6274386233374749,0.025391175042722553
65289.54087452309,49744.541874523085,-62349.56621741539,20.44259171436117,113.72,1429,0.626851634988888,0.02443188970371622
65289.72994685374,49744.73094685374,-62362.793758173146,20.44259719745876,113.763,1430,0.626271322499815,0.023483514383916288
65284.79001657811,49739.79101657811,-62377.72576710658,20.442453939480764,113.79,1431,0.6256975690576787,0.02254585818244191
65277.323461722146,49732.32446172215,-62391.40287860154,20.442237409389943,113.818,1432,0.6251311355608474,0.021620164596972306
65269.269797600005,49724.27079760001,-62402.48883280001,20.4420038531304,113.863,1433,0.6245720552380194,0.020706487931486644
65261.94624921291,49716.94724921291,-62410.82754247743,20.441791470227173,113.889,1434,0.6240206209998622,0.01980530687505899
65256.51012546886,49711.51112546887,-62416.44457050493,20.441633822638597,113.915,1435,0.6234771273369683,0.018917102698754445
65249.71348181053,49704.71448181053,-62420.99988543159,20.441436719972504,113.96,1436,0.6229416894022818,0.018042063591199697
65244.461070327285,49699.46207032728,-62426.81919643637,20.441284400039493,113.995,1437,0.6224141937051623,0.017180004080386894
65239.6003239158,49694.601323915806,-62431.99725385264,20.44114343839356,114.019,1438,0.6218953498721209,0.01633208387299509
65234.950264889725,49689.95126488972,-62435.82621597758,20.441008586681804,114.044,1439,0.6213859134766877,0.015499537764589788
65232.36507032728,49687.366070327276,-62439.20156007274,20.44093361603949,114.225,1440,0.6208858319221261,0.014682279798987454
65181.72391272728,49636.72491272728,-62466.26551316365,20.43946502246909,114.97,1441,0.6203953768531482,0.013880753911387687
65183.849367272735,49638.85036727274,-62467.84369498183,20.43952666065091,114.979,1442,0.6199149854979991,0.013095674641774796
65183.849367272735,49638.85036727274,-62467.84369498183,20.43952666065091,114.987,1443,0.6194448523659316,0.012327359866772695
65185.18653473685,49640.18753473685,-62468.767561010536,20.43956543850737,114.995,1444,0.618985298882197,0.011576334875395722
65185.18653473685,49640.18753473685,-62468.767561010536,20.43956543850737,115.001,1445,0.6185367260084136,0.010843254938916148
65185.206015,49640.20701500001,-62469.15937680001,20.439566003435,115.007,1446,0.6180995034509841,0.01012872424978978
65185.54464000001,49640.54564000001,-62470.81207680001,20.43957582356,115.03,1447,0.6176737522860849,0.009432940676681677
65187.41300363637,49642.41400363637,-62473.252785890916,20.439630006105453,115.053,1448,0.6172597484920992,0.00875635523709069
65188.39457814433,49643.39557814434,-62474.72600051135,20.439658471766187,115.095,1449,0.6168579788538043,0.008099763458732681
65190.709367272735,49645.71036727274,-62476.18005861819,20.43972560065091,115.121,1450,0.6164687219102551,0.0074636205438825725
65191.74733306931,49646.74833306931,-62477.963262938625,20.43975570165901,115.167,1451,0.6160922558177552,0.006848381069304259
65192.52899294118,49647.529992941185,-62481.07070032942,20.439778369795295,115.192,1452,0.6157288007988927,0.006254404933623939
65195.00337267327,49650.00437267327,-62484.051183730706,20.439850126807524,115.219,1453,0.615378827886027,0.005682461921178219
65195.48894769231,49650.48994769232,-62486.318799876935,20.439864208483076,115.246,1454,0.6150428844154371,0.005133446515936117
65198.362276363645,49653.36327636364,-62489.96751316365,20.439947535014547,115.43,1455,0.6147212175614014,0.004607762662306771
65214.91135753044,49669.91235753044,-62523.14307443479,20.440427458368383,116.118,1456,0.6144143654189287,0.004106289741719208
65217.89432428236,49672.89532428236,-62533.64217929412,20.44051396440419,116.125,1457,0.6141225361882348,0.003629368005245052
65217.89432428236,49672.89532428236,-62533.64217929412,20.44051396440419,116.132,1458,0.6138461208134713,0.003177636353118041
65217.79914860135,49672.80014860135,-62536.46119232215,20.440511204309438,116.139,1459,0.6135856176922444,0.002751909291311843
65217.79914860135,49672.80014860135,-62536.46119232215,20.440511204309438,116.145,1460,0.6133416050747448,0.00235313182483667
65219.56664542703,49674.56764542703,-62537.51326832433,20.440562461717384,116.15,1461,0.6131145060447745,0.0019819953781294807
65220.20654147693,49675.207541476935,-62540.64471323077,20.44058101870283,116.193,1462,0.6129050972720291,0.0016397692231512908
65221.264355242114,49676.26535524211,-62542.40341768421,20.44061169530202,116.218,1463,0.6127135564550522,0.0013267437636347997
65223.583571888375,49678.58457188838,-62544.84696725582,20.44067895258476,116.245,1464,0.6125406275607146,0.00104413482697022
65225.2964476683,49680.2974476683,-62546.15199278049,20.44072862598238,116.29,1465,0.6123866667236194,0.0007925244259084492
65227.630671031584,49682.63167103159,-62545.823417684216,20.440796318459917,116.316,1466,0.6122523264711062,0.0005729789528431112
65230.04334974329,49685.044349743286,-62546.99872011941,20.440866286142555,116.343,1467,0.6121385455161401,0.00038703249884648256
65231.283969545046,49686.28496954504,-62546.63150125191,20.440902264116808,116.388,1468,0.6120458847646875,0.0002356017241406278
65233.523302610534,49688.52430261053,-62547.20657557895,20.440967204775706,116.416,1469,0.6119750767396448,0.00011988375380792822
65233.447513136845,49688.44851313684,-62547.462365052634,20.44096500688097,116.558,1470,0.6119269764798067,4.1275934459884974e-05
65251.85516968422,49706.85616968422,-62568.31223520001,20.441498828920842,117.233,1471,0.6119023384159149,1.011194061289404e-06
65235.927696000006,49690.928696,-62581.11023520001,20.441036932184,117.242,1472,0.6119017196645299,0.0
65235.927696000006,49690.928696,-62581.11023520001,20.441036932184,117.25,1473,0.6119258901268714,3.950056285957116e-05
65231.82369600001,49686.82469600001,-62583.06623520001,20.440917916184,117.257,1474,0.611975776229381,0.00012102689446886302
65231.82369600001,49686.82469600001,-62583.06623520001,20.440917916184,117.264,1475,0.6120520836136232,0.00024573218910992187
65226.80275482354,49681.803754823544,-62583.60517637648,20.440772308889883,117.27,1476,0.6121557987402341,0.0004152285694563501
65223.473054490576,49678.47405449058,-62584.311857841516,20.440675747580226,117.311,1477,0.612287473548742,0.0006304180423346793
65218.53109423009,49673.53209423009,-62583.69427059824,20.440532430732674,117.337,1478,0.6124481325640674,0.0008929749369507616
65215.53551251377,49670.536512513776,-62583.3455379523,20.440445558862898,117.364,1479,0.6126385975800226,0.0012042422693250374
65212.92272302703,49667.92372302704,-62582.018991956764,20.440369787967786,117.409,1480,0.6128593297346474,0.0015649736540085594
65210.49325697562,49665.494256975624,-62581.34760105367,20.440299333452295,117.436,1481,0.6131114331957547,0.001976973576554096
65208.22178295653,49663.22278295652,-62580.29319172175,20.440233460705738,117.463,1482,0.6133959987657353,0.0024420246800819436
65204.738815266064,49659.73981526606,-62578.27085905322,20.440132454642715,117.489,1483,0.6137132139503476,0.002960433395759803
65204.27415753847,49659.275157538475,-62578.139158276936,20.440118979568616,117.534,1484,0.6140638754083471,0.0035335016626568032
65201.68963042623,49656.69063042624,-62576.491907331154,20.44004402828236,117.676,1485,0.6144487502095828,0.004162483064190907
65166.80084390944,49621.801843909445,-62572.9226536302,20.439032253473375,118.37,1486,0.6148684038318105,0.004848301732028292
65170.550479627724,49625.55147962773,-62575.10346812674,20.439140992909206,118.379,1487,0.615323243037134,0.00559162241688089
65170.550479627724,49625.55147962773,-62575.10346812674,20.439140992909206,118.387,1488,0.6158137446184108,0.006393224317175662
65170.339378870594,49625.34037887059,-62574.526671388245,20.439134870987246,118.394,1489,0.6163403497268989,0.007253828384078477
65170.339378870594,49625.34037887059,-62574.526671388245,20.439134870987246,118.401,1490,0.6169034195709066,0.008174024922039454
65170.570202400006,49625.57120240001,-62573.666200800006,20.4391415648696,118.406,1491,0.6175034555517551,0.00915463334585224
65171.458202400005,49626.4592024,-62573.21020080001,20.4391673168696,118.447,1492,0.6181403568865325,0.010195488951106162
65171.56830549279,49626.56930549278,-62571.98298430516,20.43917050985929,118.473,1493,0.6188142019229602,0.011296719777515974
65172.735849458826,49627.73684945883,-62571.62373021177,20.439204368634307,118.5,1494,0.6195250860312735,0.012458481683828416
65172.82097467723,49627.82197467724,-62571.01158693862,20.43920683726564,118.545,1495,0.620272742260565,0.01368033840569104
65173.926535733335,49628.92753573334,-62571.76853413334,20.439238898536267,118.572,1496,0.6210571607337563,0.01496227380149509
65175.32653573334,49630.32753573333,-62570.62520080001,20.439279498536266,118.599,1497,0.621877623734217,0.01630311494328906
65176.567354942374,49631.56835494237,-62570.57833639323,20.439315482293328,118.643,1498,0.622733899925072,0.01770248376893068
65178.74127932308,49633.74227932308,-62570.61173926155,20.43937852610037,118.67,1499,0.6236256223250409,0.01915978053949346
65180.52997810094,49635.53097810094,-62568.97823818319,20.439430398364927,118.813,1500,0.6245522056324031,0.02067404872600904
65262.03499226854,49717.035992268546,-62441.60798032448,20.441794043775786,119.428,1501,0.6255130654415298,0.022244333263946814
65262.26303974738,49717.26403974737,-62420.54297848422,20.441800657152672,119.436,1502,0.6265070720518829,0.023868787940913648
65262.26303974738,49717.26403974737,-62420.54297848422,20.441800657152672,119.444,1503,0.6275336866718411,0.025546532237041716
65260.17385210436,49715.17485210436,-62411.63263523479,20.441740070711027,119.452,1504,0.6285916293590699,0.027275474407377202
65260.19446080001,49715.19546080001,-62403.70350480001,20.4417406683632,119.476,1505,0.629679919769702,0.029054012325572174
65258.79666769656,49713.79766769656,-62394.65260824828,20.441700132363202,119.501,1506,0.6307973135649761,0.03088011243178989
65256.87979413335,49711.88079413335,-62387.83283813334,20.441644543029867,119.528,1507,0.6319426309558803,0.03275184665658025
65255.29966080001,49710.300660800014,-62380.358704800004,20.4415987191632,119.573,1508,0.6331144659811607,0.03466691730864975
65252.7407465143,49707.74174651429,-62373.27493337144,20.441524510648915,119.599,1509,0.634311421473161,0.036623041067635906
65252.064984289944,49707.06598428995,-62365.6546457396,20.44150491354441,119.642,1510,0.6355320178982276,0.03861780000659711
65249.02521080001,49704.02621080002,-62356.99725480001,20.4414167601132,119.666,1511,0.6367747107500313,0.040648670017037807
65246.8155517091,49701.8165517091,-62350.2925957091,20.441352679999564,119.693,1512,0.6380384371497448,0.04271391408990352
65244.15053974738,49699.151539747385,-62342.48100480001,20.441275394652674,119.72,1513,0.6393210519992159,0.04481002659988991
65240.97515645219,49695.97615645219,-62334.26263523479,20.441183308537113,119.765,1514,0.6406209277052275,0.04693434765380734
65238.435496944585,49693.43649694459,-62325.10856504097,20.441109658411392,119.94,1515,0.6419363932065654,0.04908414632091857
65620.1015772973,50075.10257729731,-61931.78110131893,20.452177974741623,122.188,1516,0.6432657934584805,0.05125671784538481
65616.86508,50071.86608000001,-61924.595582400005,20.452084116320002,122.198,1517,0.6446073873861637,0.053449216876795956
65616.86508,50071.86608000001,-61924.595582400005,20.452084116320002,122.208,1518,0.6459593611847074,0.05565867920562368
65616.79700727273,50071.79800727274,-61921.8462733091,20.45208214221091,122.217,1519,0.647320067135019,0.05788241204797876
65618.58240080538,50073.58340080538,-61918.354833406716,20.452133918623357,122.223,1520,0.6486877155107246,0.060117490544661825
65621.03619780822,50076.037197808226,-61914.11019609864,20.452205078736437,122.265,1521,0.6500607425188812,0.06236135906804074
65626.47570857144,50081.47670857144,-61910.221468114294,20.452362824548572,122.292,1522,0.6514374621452447,0.06461126225039854
65630.83874808511,50085.83974808511,-61905.025905804265,20.452489352694467,122.337,1523,0.6528162659456137,0.06686457149281241
65637.04561333334,50092.04661333334,-61898.78984906668,20.452669351786668,122.364,1524,0.6541954316698342,0.06911847220905258
65642.70963211269,50097.71063211269,-61891.179435921134,20.452833608331268,122.391,1525,0.6555733520640908,0.07137033774558367
65647.88442705883,50102.885427058834,-61883.14615298824,20.452983677384708,122.436,1526,0.6569486008561125,0.07361783721784473
65655.4385657143,50110.4395657143,-61874.11861097144,20.453202747405715,122.445,1527,0.6583196113791486,0.07585841030168533
65659.89730325581,50114.89830325582,-61863.0718335628,20.45333205079442,122.489,1528,0.6596848892571083,0.07808961481392009
65666.77735086615,50121.77835086615,-61851.73537137639,20.45353157217512,122.516,1529,0.6610433690596266,0.0803097095756459
65670.83550302159,50125.836503021594,-61838.68962844317,20.453649258587625,122.666,1530,0.662393622587813,0.08251636055372563
65608.32954687568,50063.33054687569,-61590.90281545947,20.451836585859397,123.436,1531,0.6637343527768989,0.0847074480208779
65613.0576212,50068.058621200005,-61587.33210600001,20.4519737000148,123.456,1532,0.6650645024837641,0.08688124434162453
65617.03887120001,50072.03987120002,-61583.76335600001,20.4520891562648,123.462,1533,0.6663830973270415,0.08903615713382955
65620.1468712,50075.14787120001,-61580.470356000005,20.4521792882648,123.474,1534,0.667689058771238,0.09117042380154289
65624.55201169588,50079.55301169588,-61577.65930641323,20.45230703733918,123.499,1535,0.6689813735694905,0.09328238844671669
65628.07988814916,50083.08088814917,-61574.68183057628,20.452409345756326,123.544,1536,0.6702591150434195,0.0953705366457927
65630.6015112,50085.602511200006,-61572.79191600001,20.4524824728248,123.571,1537,0.671521345185343,0.09743333546030741
65632.01187120001,50087.012871200015,-61569.350856000005,20.4525233732648,123.615,1538,0.6727674802510417,0.09946983090663805
65634.69952693771,50089.70052693771,-61565.072536327876,20.452601315281193,123.642,1539,0.6739966282362345,0.10147856522735
65637.9638712,50092.964871200005,-61560.49710600001,20.4526959812648,123.687,1540,0.6752083707556009,0.10345885467649672
65640.93201169587,50095.93301169587,-61554.479471702485,20.45278205733918,123.714,1541,0.676402150276244,0.10540978810629247
65643.9565635077,50098.957563507705,-61549.19489446154,20.452869769341724,123.741,1542,0.6775773129085477,0.10733029689804426
65646.8605512,50101.86155120001,-61543.126476000005,20.452953984984802,123.786,1543,0.6787336432887197,0.10922002909360971
65651.82668370001,50106.827683700016,-61536.46288725001,20.4530980028273,123.813,1544,0.6798708479797122,0.11107850514367869
65657.7788712,50112.77987120001,-61529.15639947827,20.4532706162648,123.951,1545,0.6809885006385857,0.11290502829757058
65842.4862696,50297.48726960001,-61564.360642800006,20.4586271308184,124.734,1546,0.6820863956884582,0.11469926259139536
65849.0247696,50304.025769600004,-61571.5403928,20.4588167473184,124.743,1547,0.6831641808666742,0.11646063234013031
65853.74947548236,50308.75047548236,-61577.295098682356,20.458953763788987,124.752,1548,0.6842218692931893,0.11818915898505455
65859.39645634699,50314.397456347,-61584.16750123374,20.459117526234063,124.776,1549,0.6852594820056979,0.11988487690700685
65867.3097696,50322.31076960001,-61592.427892800006,20.4593470123184,124.819,1550,0.6862767448450497,0.12154733806156871
65873.7267327902,50328.7277327902,-61598.67235599019,20.459533104250916,124.845,1551,0.687273618324783,0.1231764779180145
65880.7724129121,50335.77341291211,-61604.177144392364,20.45973742897445,124.872,1552,0.6882501610179139,0.12477239219925945
65886.85749687273,50341.85849687274,-61608.66948370909,20.459913896409308,124.917,1553,0.689206461894593,0.12633522630471575
65897.82935976394,50352.830359763946,-61614.80875345574,20.460232080433155,124.944,1554,0.6901426672941035,0.12786521938926487
65911.99101960001,50366.99201960002,-61620.65687007273,20.460642768568402,124.988,1555,0.6910588478075685,0.12936248681640558
65927.61660391954,50382.61760391954,-61625.76672416095,20.461095910513666,125.015,1556,0.6919551065524893,0.13082719710584895
65947.36513545367,50402.366135453674,-61630.65392938537,20.461668617928158,125.042,1557,0.6928314509611943,0.13225936240387334
65964.87699182222,50419.87799182223,-61632.18150391112,20.462176461762844,125.069,1558,0.693688177671132,0.13365946749004215
65983.59754068435,50438.598540684354,-61633.148103643376,20.462719357679845,125.114,1559,0.6945254788469377,0.13502782640928943
65999.61553883078,50454.616538830785,-61631.79770049231,20.463183879626094,125.249,1560,0.6953435946601277,0.13636483166176455
66127.44991904518,50582.45091904518,-61434.83552539355,20.46689107665231,125.982,1561,0.6961427200728115,0.13767080186417205
66124.5237384,50579.52473840001,-61426.6807512,20.466806217413602,125.991,1562,0.696922856188612,0.1389457388201071
66123.25361237262,50578.25461237262,-61418.798559419185,20.466769383758805,126.0,1563,0.6976844790263017,0.14019042046294872
66120.82773840001,50575.828738400014,-61411.3339512,20.4666990334136,126.025,1564,0.6984275265701513,0.14140474544353046
66117.7643910316,50572.7653910316,-61403.915093305266,20.466610196339918,126.07,1565,0.6991522455147197,0.14258911692227988
66116.06048125715,50571.06148125716,-61394.32789405715,20.466560782956456,126.095,1566,0.699858970155249,0.1437440812209859
66113.95207257723,50568.953072577235,-61383.080498035444,20.46649963910474,126.122,1567,0.7005476157186364,0.1448694997992585
66112.99585638562,50567.996856385624,-61372.816506595685,20.46647190883518,126.169,1568,0.701218459767393,0.14596582626345672
66111.73533840002,50566.73633840002,-61362.5347512,20.4664353538136,126.195,1569,0.7018716652229531,0.14703332686783177
66113.54515658184,50568.54615658184,-61348.29347847273,20.466487838540875,126.222,1570,0.702507274677672,0.14807207121891391
66118.17469323872,50573.17569323872,-61330.56442861936,20.466622095103922,126.268,1571,0.7031253237598579,0.14908211754224296
66124.55980898824,50579.560808988244,-61312.6013394353,20.46680726346066,126.295,1572,0.703725943967416,0.15006368073818774
66132.87484919137,50587.875849191376,-61296.60916846619,20.46704839962655,126.321,1573,0.7043092531231161,0.15101695335853588
66140.17958840002,50595.18058840002,-61283.4607512,20.467260237063602,126.348,1574,0.7048754771549608,0.1519423046259831
66149.02036965001,50604.021369650014,-61273.23309495,20.467516619719852,126.497,1575,0.7054245880750097,0.15283968880125554
66359.84318000001,50814.844180000015,-61269.03094213334,20.47363048122,127.23,1576,0.7059565601938599,0.15370906390146247
66368.22078,50823.22178000001,-61276.116808800005,20.47387343162,127.239,1577,0.7064716758211702,0.1545508912909863
66375.61651333334,50830.617513333345,-61279.7456088,20.474087907886666,127.248,1578,0.7069698270596351,0.1553649946387232
66384.87623660378,50839.87723660379,-61285.34666540378,20.47435643986151,127.273,1579,0.7074511033006686,0.15615152003253546
66393.03718,50848.03818,-61290.699831022226,20.47459310722,127.317,1580,0.7079154839402827,0.15691043380036843
66399.60631043478,50854.60731043479,-61294.9923914087,20.47478361200261,127.344,1581,0.7083629120269014,0.157641642869145
66408.08718,50863.088180000006,-61301.96440125284,20.47502955722,127.371,1582,0.7087933412391,0.15834507153810604
66418.53564625767,50873.53664625768,-61308.722516775466,20.47533256274147,127.416,1583,0.7092068452053014,0.15902084013445536
66431.6003691892,50886.6013691892,-61315.95187907027,20.475711439706487,127.443,1584,0.7096033405408132,0.15966881238681177
66448.01990727274,50903.020907272745,-61322.91124516364,20.47618760631091,127.469,1585,0.7099829441245125,0.16028917930440661
66466.29113209581,50921.29213209581,-61328.56419562635,20.476717471830778,127.514,1586,0.7103455303973756,0.1608817356924846
66487.05481636364,50942.055816363645,-61332.02415425455,20.477319618674546,127.541,1587,0.7106913580171679,0.1614469042623358
66507.13540784811,50962.13640784811,-61332.39127968608,20.477901955827594,127.568,1588,0.7110201566774369,0.16198424326581054
66526.96750258065,50981.968502580654,-61329.88954428388,20.478477086574838,127.595,1589,0.7113319012867493,0.16249371169724963
66545.83729764707,51000.838297647075,-61323.28231468236,20.479024310631765,127.744,1590,0.711626670984537,0.16297543889022004
66643.96169749642,51098.96269749642,-61024.63638949641,20.481869918227396,128.579,1591,0.7119044791294581,0.16342944667610004
66675.01710646154,51130.018106461546,-60980.527952307704,20.482770525087385,128.605,1592,0.7121653550436406,0.1638557829745592
66675.01710646154,51130.018106461546,-60980.527952307704,20.482770525087385,128.613,1593,0.7124094503059935,0.16425469550333363
66675.01710646154,51130.018106461546,-60980.527952307704,20.482770525087385,128.619,1594,0.7126368375557145,0.16462630297298694
66688.17279876924,51143.17379876925,-60969.26441384616,20.48315204016431,128.625,1595,0.7128475239658841,0.16497061710612115
66702.85600894489,51157.85700894489,-60959.54471669292,20.4835778532594,128.631,1596,0.7130416976874232,0.1652879453882602
66714.80255105086,51169.80355105086,-60954.13300576272,20.483924302980476,128.654,1597,0.7132196191837816,0.16557871348163306
66725.37935747369,51180.380357473696,-60948.68668105264,20.484231030366736,128.679,1598,0.7133814099854647,0.1658431199973915
66738.54856800001,51193.54956800002,-60945.80701000001,20.484612937472,128.724,1599,0.7135272815603348,0.1660815105267564
66749.954928,51204.95592800001,-60943.71618000001,20.484943721912,128.753,1600,0.7136575713718044,0.16629443656909698
66761.96679876924,51216.96779876924,-60943.6099523077,20.48529206616431,128.779,1601,0.7137724142226067,0.16648211842569527
66777.24584072728,51232.24684072728,-60944.21689636364,20.48573515838109,128.806,1602,0.7138718256994341,0.16664458156909326
66790.16263050001,51245.163630500014,-60945.90763500001,20.4861097452845,128.832,1603,0.7139565703531823,0.166783075466111
66804.9131332174,51259.914133217404,-60951.27347739131,20.486537509863304,128.876,1604,0.7140269477726853,0.16689808971961168
66817.2740943158,51272.2750943158,-60954.71194421053,20.48689597773516,129.022,1605,0.7140834152629946,0.1669903716800877
67054.45070757448,51509.45170757448,-60878.85468474894,20.49377409951966,129.862,1606,0.7141263656452422,0.16706056331522678
67057.69633659061,51512.697336590616,-60829.54513741209,20.49386822276113,129.872,1607,0.7141563391943997,0.1671095475690607
67057.69633659061,51512.697336590616,-60829.54513741209,20.49386822276113,129.881,1608,0.7141739273435862,0.16713829099079214
67055.84439028188,51510.84539028189,-60819.92178170739,20.493814516318174,129.888,1609,0.7141794113303418,0.16714725319269377
67055.84439028188,51510.84539028189,-60819.92178170739,20.493814516318174,129.894,1610,0.7141736299552788,0.16713780498413802
67055.84439028188,51510.84539028189,-60819.92178170739,20.493814516318174,129.9,1611,0.7141569111119677,0.16711048222498598
67053.37161942858,51508.372619428585,-60807.51650845715,20.49374280596343,129.906,1612,0.7141301114413263,0.1670666848801182
67048.38009025353,51503.38109025353,-60798.386548698596,20.49359805161735,129.93,1613,0.7140937910749032,0.16700732834416498
67046.01932706978,51501.02032706978,-60790.201226065125,20.493529589485025,129.955,1614,0.7140485476608871,0.1669333893233024
67043.31852245257,51498.31952245257,-60785.23323421314,20.493451266151126,129.999,1615,0.7139951319960058,0.16684609480661017
67041.20074584174,51496.20174584174,-60779.19922171511,20.49338985062941,130.026,1616,0.7139342529332172,0.1667466032365881
67037.13080919404,51492.13180919405,-60772.4074253015,20.493271822466628,130.052,1617,0.713866641552534,0.16663610938028664
67034.803048,51489.804048000005,-60767.879365600005,20.493204317392,130.096,1618,0.7137931021098217,0.1665159275923476
67034.103048,51489.10404800001,-60765.625059030666,20.493184017392,130.123,1619,0.7137144257166509,0.16638735074635677
67034.18522191305,51489.186221913056,-60764.17545255653,20.49318640043548,130.302,1620,0.7136313039944047,0.16625150912412404
67201.02474651429,51656.02574651429,-60707.8799184,20.498024746648916,131.079,1621,0.7135446445459361,0.16610988597504048
67215.94760365716,51670.94860365716,-60725.81134697143,20.498457509506057,131.088,1622,0.7134550513947102,0.16596346842407325
67215.94760365716,51670.94860365716,-60725.81134697143,20.498457509506057,131.096,1623,0.7133634032440865,0.1658136924916344
67215.94760365716,51670.94860365716,-60725.81134697143,20.498457509506057,131.104,1624,0.7132703958265771,0.16566169517814364
67218.79606080001,51673.79706080002,-60728.0795184,20.498540114763202,131.11,1625,0.713176855054313,0.1655088262299809
67220.12690816843,51675.12790816843,-60729.22965524211,20.498578709336883,131.116,1626,0.7130834610434539,0.16535619712655172
67221.06119250733,51676.062192507336,-60730.73955254634,20.498605803582713,131.141,1627,0.7129908717697595,0.1652048831643273
67221.3004608,51676.30146080001,-60730.27628203637,20.4986127423632,131.168,1628,0.7128998685084159,0.1650561611417883
67222.02796080001,51677.02896080002,-60730.62741840001,20.4986338398632,131.213,1629,0.7128110435758674,0.1649109990517109
67224.53823857779,51679.539238577796,-60730.06658506667,20.498706637918755,131.257,1630,0.7127252035872856,0.16477071510443114
67224.69521689757,51679.69621689757,-60728.926381814636,20.49871119029003,131.284,1631,0.712642554056133,0.1646356451601957
67225.79990865277,51680.800908652775,-60730.29304723436,20.498743226350932,131.311,1632,0.7125640664232663,0.1645073767956131
67226.10911110677,51681.11011110677,-60730.416728215954,20.498752193222096,131.337,1633,0.7124900826819298,0.16438646891292719
67227.05217859142,51682.05317859142,-60730.54040919755,20.49877954217915,131.382,1634,0.7124210991203233,0.16427373257081593
67228.36996080002,51683.37096080002,-60731.054168400005,20.4988177578632,131.524,1635,0.7123576538143539,0.16417004711949193
67380.56537387235,51835.56637387235,-60811.562351438304,20.503231424842298,132.192,1636,0.712300113642337,0.16407601212961084
67393.77110477698,51848.77210477699,-60808.591106987056,20.503614391038532,132.201,1637,0.7122488811646396,0.16399228548519884
67409.08904321311,51864.09004321312,-60805.722857193454,20.504058611253182,132.21,1638,0.7122041632037079,0.16391920518570866
67422.019076,51877.020076,-60800.80717413334,20.504433582204,132.235,1639,0.7121663443538189,0.16385739975409488
67433.66605410218,51888.66705410219,-60795.51749043504,20.504771344568965,132.278,1640,0.7121356324341988,0.16380720881879737
67445.79616690909,51900.79716690909,-60788.75338625455,20.505123117840363,132.305,1641,0.7121120864429299,0.16376872879739499
67455.97538585916,51910.97638585916,-60780.5272210817,20.505418315189914,132.332,1642,0.7120960983706636,0.16374260030036267
67466.81782226865,51921.81882226866,-60772.18518408359,20.50573274584579,132.377,1643,0.7120875634537949,0.1637286521178451
67474.46251224162,51929.46351224162,-60760.11478039732,20.505954441855007,132.404,1644,0.7120867347237819,0.16372729776634334
67479.5508170072,51934.5518170072,-60746.697006267634,20.506102002693208,132.431,1645,0.7120934980788113,0.16373835077504068
67484.30722984615,51939.30822984615,-60734.0695331077,20.506239938665537,132.475,1646,0.7121079218466644,0.16376192280857083
67487.0880135,51942.08901350001,-60723.22384080001,20.5063205813915,132.502,1647,0.7121297302463806,0.16379756317207264
67491.478326,51946.479326,-60712.67134080001,20.506447900454,132.529,1648,0.712159104309953,0.1638455677169667
67492.54424135434,51947.54524135434,-60701.39210851654,20.506478811999276,132.556,1649,0.7121959339059885,0.1639057564610932
67495.107076,51950.108076000004,-60692.40384080001,20.506553134204,132.739,1650,0.7122401169682742,0.16397796260280814
67552.08937167125,52007.09037167125,-60527.97523640548,20.508205620778465,133.435,1651,0.712291314244709,0.16406163171957897
67562.70983400001,52017.71083400001,-60521.032291200005,20.508513614186,133.444,1652,0.7123494047432095,0.1641565660801693
67572.23748260141,52027.23848260142,-60516.135473018185,20.50878991599544,133.452,1653,0.7124142871343643,0.1642626000870525
67580.57322685714,52035.57422685715,-60511.56300548572,20.50903165257886,133.478,1654,0.7124856064908032,0.16437915370039746
67591.39101550686,52046.39201550686,-60508.77318161096,20.5093453684497,133.505,1655,0.7125630268927964,0.16450567794359727
67600.13322685716,52055.13422685716,-60508.3572912,20.509598892578857,133.55,1656,0.7126465648484065,0.1646421997949428
67608.16069938462,52063.161699384626,-60508.813375116086,20.509831689282155,133.577,1657,0.7127357722200829,0.16478798688592416
67615.03894114286,52070.039941142866,-60509.094434057144,20.510031158293142,133.604,1658,0.7128305189429444,0.1649428266580912
67620.48904174649,52075.490041746496,-60508.117291200004,20.510189211210648,133.648,1659,0.7129305855960313,0.16510636052287883
67628.20853683019,52083.209536830196,-60507.80823459623,20.510413076568074,133.675,1660,0.7130356126007042,0.165278000839122
67635.73531476923,52090.73631476924,-60507.697291200006,20.510631353128307,133.72,1661,0.7131455211766304,0.16545761886011146
67642.51961341177,52097.520613411776,-60507.730232376474,20.51082809778894,133.747,1662,0.7132599133476778,0.16564456419360402
67647.26392183785,52102.26492183785,-60507.55539930811,20.510965682733296,133.774,1663,0.7133784304069377,0.1658382506230602
67651.71843694118,52106.71943694119,-60508.636114729416,20.511094863671296,133.801,1664,0.7135010336087195,0.1660386148283594
67655.56362891018,52110.564628910186,-60509.85262054132,20.511206374238395,133.949,1665,0.7136274390715357,0.16624519287635947
67805.5804687579,52260.5814687579,-60583.85889663159,20.51555686259398,134.639,1666,0.7137574447189987,0.1664576545238513
67835.14289790769,52290.14389790769,-60590.95938246155,20.516414173039323,134.649,1667,0.7138907531083357,0.16667551367517072
67835.14289790769,52290.14389790769,-60590.95938246155,20.516414173039323,134.657,1668,0.7140272107840234,0.16689851954572543
67849.51645560001,52304.51745560001,-60590.67284400001,20.5168310062124,134.681,1669,0.7141667038872426,0.16712648606181174
67863.3082056,52318.3092056,-60588.63134400001,20.5172309669624,134.725,1670,0.7143090146735238,0.16735905737466777
67874.20493532973,52329.20593532974,-60585.254600756765,20.517546972124563,134.754,1671,0.7144541641851079,0.16759626787256215
67886.0339556,52341.0349556,-60580.97534400001,20.5178900137124,134.779,1672,0.7146018241279831,0.16783758104121316
67898.9252056,52353.9262056,-60572.967844000006,20.5182638599624,134.824,1673,0.7147520190223187,0.1680830369526917
67909.73415296842,52364.735152968424,-60565.67889663159,20.518577319436083,134.851,1674,0.7149045707204148,0.16833234446923173
67918.5605181,52373.5615181,-60554.66581275001,20.5188332840249,134.88,1675,0.7150591949541912,0.16858503902590205
67924.72661055868,52379.72761055868,-60544.21833986778,20.519012100706203,134.924,1676,0.71521588261639,0.1688411057391721
67932.27059021538,52387.27159021539,-60534.63630553847,20.519230876116247,134.933,1677,0.7153743418637729,0.16910006766441357
67937.55133463226,52392.55233463226,-60524.07429561291,20.519384017704336,134.978,1678,0.7155345549618723,0.169361895819084
67942.6657938353,52397.666793835306,-60514.217844000006,20.519532337021225,135.005,1679,0.715696227178167,0.16962610853674617
67947.81272626115,52402.813726261156,-60505.16875309092,20.519681598061574,135.155,1680,0.7158593183714177,0.1698926402166049
67914.64118075397,52369.642180753974,-60343.37407139569,20.518719623241864,135.864,1681,0.7160235641828662,0.1701610588305263
67911.23130501818,52366.23230501819,-60340.56558872728,20.518620736845527,135.873,1682,0.7161887839611543,0.17043106914914197
67905.97393401082,52360.974934010825,-60337.714667351356,20.518468273086313,135.882,1683,0.7163546388112833,0.17070211733351368
67901.78736780433,52356.78836780433,-60335.279251251806,20.518346862666327,135.907,1684,0.7165210046150685,0.17097400054357634
67897.46298621371,52352.46398621371,-60332.40585024658,20.518221455600198,135.93,1685,0.7166874576610085,0.17124602632907543
67893.51038347399,52348.51138347399,-60329.08324750685,20.518106830120747,135.974,1686,0.7168539685316864,0.17151814661461598
67890.57259339868,52345.57359339869,-60326.15122990729,20.518021634208562,136.001,1687,0.7170197771741708,0.1717891192841736
67885.23513758849,52340.236137588494,-60321.64586995684,20.517866847990067,136.046,1688,0.7171848309298064,0.17205885828037412
67881.22376149788,52336.224761497884,-60316.16491174469,20.51775051808344,136.073,1689,0.7173485180521045,0.17232636385690334
67875.25764374796,52330.25864374796,-60309.16489134247,20.51757750066869,136.118,1690,0.7175102263183438,0.17259063548916473
67870.29577220663,52325.29677220664,-60301.51030275497,20.517433606393993,136.145,1691,0.7176695644741488,0.1728510337699414
67865.4231232,52320.424123200006,-60291.888316000004,20.5172922995728,136.171,1692,0.7178256975787617,0.17310619419782602
67860.77978986668,52315.78078986668,-60278.40942711112,20.517157642906135,136.198,1693,0.7179784981808071,0.17335590848548832
67858.13948683637,52313.140486836375,-60262.66649781819,20.517081074118256,136.242,1694,0.7181271982710222,0.17359892151427453
67856.31138406957,52311.31238406958,-60246.33701165218,20.517028059138017,136.379,1695,0.7182711535712718,0.17383418037304763
67974.71357844706,52429.71457844706,-60085.56298447059,20.520461722774964,137.174,1696,0.7184096973256726,0.17406059541642546
67986.97244093246,52441.97344093246,-60080.29811594703,20.520817229787042,137.184,1697,0.7185420147642116,0.17427683510702738
67986.97244093246,52441.97344093246,-60080.29811594703,20.520817229787042,137.192,1698,0.7186674705522854,0.17448186114967773
67991.60099926154,52446.60199926155,-60079.90406324476,20.520951457978583,137.2,1699,0.7187852996465441,0.17467442327276397
67991.60099926154,52446.60199926155,-60079.90406324476,20.520951457978583,137.206,1700,0.718894596529161,0.17485304163434787
67997.07274751329,52452.07374751329,-60079.630916391616,20.521110138677887,137.212,1701,0.718994408352311,0.17501615904347154
68001.16337384348,52456.16437384348,-60079.67452539131,20.52122876684146,137.255,1702,0.719083861122499,0.175162347176816
68007.1395858,52462.14058580001,-60080.30155800001,20.5214020769882,137.282,1703,0.7191624861242405,0.1752908400363958
68012.15309716364,52467.15409716364,-60081.68203527273,20.521547468817747,137.308,1704,0.7192293752081582,0.17540015347966312
68018.03350335319,52473.03450335319,-60083.59420161703,20.521718000597243,137.352,1705,0.719283750351303,0.1754890160231032
68023.72427831824,52478.72527831825,-60083.79288464234,20.52188303307123,137.379,1706,0.7193248951784292,0.17555625693092222
68029.90471627445,52484.90571627446,-60087.56368756205,20.52206226577196,137.406,1707,0.7193521093203312,0.1756007316251867
68037.60039103255,52492.60139103256,-60089.99977311629,20.522285440339942,137.433,1708,0.7193647336324603,0.1756213628993332
68044.00678904427,52499.00778904428,-60093.385720213744,20.522471225882285,137.478,1709,0.7193619831824785,0.1756168679781825
68050.94931995493,52505.950319954936,-60099.708885464795,20.522672559278693,137.617,1710,0.7193433377625582,0.17558639671242027
68196.70252179513,52651.703521795134,-60175.43430380489,20.52689940213206,138.322,1711,0.7193082225062306,0.17552900962688167
68210.43419070236,52665.43519070237,-60176.56798922836,20.52729762053037,138.331,1712,0.7192563045467302,0.17544416273426486
68210.43419070236,52665.43519070237,-60176.56798922836,20.52729762053037,138.34,1713,0.7191870211464967,0.17533093638106637
68217.91579648525,52672.91679648525,-60175.854471737715,20.52751458709807,138.347,1714,0.7191000275165738,0.17518876709615144
68225.7255096,52680.726509600005,-60175.11381600001,20.5277410687784,138.354,1715,0.7189950639924236,0.17501723052291274
68231.1030096,52686.10400960001,-60174.09006600001,20.527897016278402,138.397,1716,0.7188717029074305,0.17481562774745274
68240.11697511724,52695.117975117246,-60172.87933324139,20.5281584212784,138.424,1717,0.718730191384419,0.17458436263009183
68245.3361005091,52700.3371005091,-60168.85799781819,20.528309775914764,138.468,1718,0.7185704742436239,0.17432334499333363
68251.43967626667,52706.44067626668,-60166.162149333344,20.528486779611733,138.495,1719,0.7183927075077075,0.17403282981711568
68257.50356005871,52712.50456005872,-60162.25124719267,20.5286626322417,138.523,1720,0.7181969470803901,0.1737129084620577
68261.73477430589,52716.7357743059,-60157.36793364707,20.52878533745487,138.567,1721,0.7179835728734459,0.1733642017987375
68266.3705958069,52721.37159580691,-60152.67588496552,20.5289197762784,138.577,1722,0.7177529361128189,0.1729872838179325
68268.66796827769,52723.66896827769,-60149.1655515372,20.528986400080054,138.621,1723,0.717505538877372,0.17258297504170858
68271.99520472196,52726.99620472196,-60146.65918185367,20.529082889936937,138.648,1724,0.7172421217327458,0.17215248573899736
68275.76700960001,52730.76800960001,-60143.58981600001,20.5291922722784,138.834,1725,0.7169632697250952,0.1716967720211089
68308.94430760482,52763.94530760482,-60089.76684705543,20.53015441392054,139.567,1726,0.716669966734513,0.17121744179346554
68309.31161509566,52764.31261509567,-60092.55283972174,20.530165065837775,139.576,1727,0.7163629649273239,0.17071572428340945
68307.08675640001,52762.08775640001,-60092.573383200004,20.5301005449356,139.585,1728,0.7160432499339325,0.17019323025680888
68307.0345327158,52762.0355327158,-60094.96904109474,20.53009903044876,139.61,1729,0.7157118973657994,0.16965171753101566
68304.75592947693,52759.756929476935,-60096.32742166154,20.53003295095483,139.636,1730,0.7153699347747005,0.1690928653818724
68304.26864495422,52759.26964495423,-60097.630461513254,20.530018819703674,139.68,1731,0.71501856157045,0.16851863394411284
68303.5678952889,52758.5688952889,-60098.75477208889,20.52999849796338,139.706,1732,0.7146590991825219,0.16793118276302266
68302.1990064,52757.2000064,-60099.135883200004,20.5299588001856,139.751,1733,0.7142929463817462,0.1673327977789497
68301.84532218947,52756.84632218948,-60100.83798846316,20.529948543343494,139.778,1734,0.713921436283212,0.16672565763438876
68301.3852564,52756.3862564,-60101.393383200004,20.5299352014356,139.805,1735,0.7135460614646046,0.16611220157348214
68300.83746793847,52755.838467938476,-60101.644344738466,20.529919315570215,139.849,1736,0.713168254037122,0.1654947700230532
68300.33287003636,52755.33387003637,-60102.39565592728,20.529904682231056,139.858,1737,0.7127893118022604,0.16487548391437967
68299.51969605518,52754.52069605519,-60102.74933147586,20.5298811001856,139.903,1738,0.7124108697698615,0.16425701526126596
68299.77179709768,52754.772797097685,-60103.52146459535,20.529888411115834,139.93,1739,0.7120342281917456,0.16364148899943032
68298.07312404706,52753.07412404707,-60103.57058908236,20.529839149597365,140.081,1740,0.7116608418461309,0.16303128259925975
68288.64307676713,52743.64407676713,-60115.74666147946,20.52956567822625,140.755,1741,0.7112921351578787,0.1624287239261867
68284.72580682354,52739.72680682354,-60114.77886776472,20.529452077397885,140.764,1742,0.7109293749310769,0.16183588325399395
68284.45557558621,52739.45657558621,-60114.24283531035,20.529444240692,140.772,1743,0.7105738697480011,0.16125489913244137
68284.45557558621,52739.45657558621,-60114.24283531035,20.529444240692,140.779,1744,0.7102267731017454,0.16068765665689164
68284.45557558621,52739.45657558621,-60114.24283531035,20.529444240692,140.785,1745,0.7098890694015157,0.1601357645974694
68283.26552072728,52738.26652072728,-60115.129410545465,20.52940972910109,140.791,1746,0.7095618811680027,0.15960105743290634
68282.65051270589,52737.651512705896,-60116.40945600001,20.52939189386847,140.833,1747,0.7092461738583994,0.15908511296101244
68282.16744903094,52737.16844903094,-60117.03815703094,20.529377885021898,140.86,1748,0.7089428672595379,0.15858943434283868
68279.93614125843,52734.93714125843,-60117.142804314615,20.529313177096494,140.886,1749,0.70865267016701,0.15811517992713434
68279.15847077228,52734.15947077228,-60117.94640649506,20.529290624652397,140.931,1750,0.7083759851813121,0.15766300766350747
68278.04817374257,52733.04917374258,-60118.233337188125,20.529258426038535,140.958,1751,0.7081133205586856,0.15723374816940036
68278.811373,52733.81237300001,-60118.74833100001,20.529280558817,140.985,1752,0.7078650028230387,0.1568279350663042
68278.47495852632,52733.475958526324,-60119.49977178948,20.529270802797264,141.024,1753,0.7076310032794942,0.15644552145963433
68277.99839505884,52732.99939505884,-60120.379691294125,20.529256982456708,141.048,1754,0.7074112826177991,0.15608644310663405
68278.54529345455,52733.54629345455,-60120.91236509092,20.52927284251018,141.232,1755,0.7072055903572282,0.15575029065933638
68242.12642913686,52697.12742913686,-60139.75140138948,20.528216695444968,141.833,1756,0.7070135496629406,0.15543644827563977
68238.75537650527,52693.75637650528,-60142.53666454738,20.528118934918652,141.842,1757,0.7068347441903614,0.15514423554468482
68232.05876695814,52687.05976695815,-60144.11462048373,20.527924733241786,141.851,1758,0.706668251385358,0.15487214478296146
68226.57035258182,52681.57135258183,-60146.28099469092,20.527765569224872,141.876,1759,0.7065133415564278,0.1546189834925908
68219.91901827097,52674.920018270976,-60146.852182374205,20.527572680529858,141.902,1760,0.7063689152682423,0.1543829549220801
68214.13130363078,52669.13230363079,-60148.236931753854,20.527404836805292,141.947,1761,0.7062337078911192,0.15416199235116715
68210.50511976586,52665.506119765865,-60149.0531343805,20.52729967747321,141.973,1762,0.7061062538682755,0.15395370069460257
68204.5841441561,52659.58514415611,-60149.11459779513,20.527127969180526,142.009,1763,0.705985270881444,0.15375598432456553
68199.0719146817,52654.0729146817,-60150.48677574085,20.52696811452577,142.036,1764,0.7058688590432198,0.15356573835126114
68191.23763887762,52646.23863887762,-60151.37926470448,20.526740920527452,142.081,1765,0.705755254567581,0.15338008030849395
68183.10329950068,52638.10429950069,-60150.891192982555,20.52650502468552,142.108,1766,0.7056424767433386,0.15319577322025063
68176.37074129656,52631.37174129656,-60150.26763732415,20.5263097804976,142.135,1767,0.7055284098383293,0.153009359452576
68169.13753440001,52624.138534400015,-60149.807085600005,20.5261000174976,142.18,1768,0.7054109590190617,0.15281741552515574
68165.29988575136,52620.30088575136,-60148.97616668109,20.52598872568679,142.206,1769,0.7052878760853051,0.1526162673181788
68159.60238055386,52614.60338055386,-60147.528512173434,20.52582349803606,142.348,1770,0.7051568003590869,0.15240205689515524
68062.2445464,52517.24554640001,-60106.5549392,20.5230001208456,143.035,1771,0.7050152467387274,0.15217072298022996
68060.76597497144,52515.76697497144,-60106.78779634286,20.52295724227417,143.044,1772,0.7048609503798491,0.1519185642529054
68060.76597497144,52515.76697497144,-60106.78779634286,20.52295724227417,143.053,1773,0.7046912501172535,0.15164123170563198
68059.73137398621,52514.73237398622,-60107.68962885518,20.5229272388456,143.06,1774,0.704503639351428,0.15133462892973462
68062.29327251465,52517.29427251466,-60108.554111174526,20.523001533902924,143.085,1775,0.7042955786396388,0.15099460584252494
68063.88502915863,52518.88602915863,-60110.00107713104,20.5230476948456,143.109,1776,0.7040647103056245,0.15061730941305765
68066.04279814825,52521.043798148254,-60111.515568570634,20.5231102701463,143.153,1777,0.7038086181236526,0.15019879092595115
68069.1137355892,52524.1147355892,-60114.2295337946,20.523199327332087,143.18,1778,0.703524774803735,0.14973492015913387
68070.7483301838,52525.7493301838,-60116.443047308116,20.52324673057533,143.225,1779,0.7032109643287754,0.14922207558806183
68074.51579640001,52529.516796400014,-60119.62118920001,20.5233559870956,143.252,1780,0.7028648534386499,0.148656444083847
68077.0495464,52532.0505464,-60123.3049392,20.5234294658456,143.279,1781,0.7024842799413303,0.14803449208552902
68081.26938510968,52536.27038510969,-60128.344939200004,20.52355184116818,143.306,1782,0.7020672670797756,0.14735298907915845
68083.93582299574,52538.93682299575,-60136.217705157454,20.523629167866876,143.35,1783,0.7016119730182535,0.14660892504584974
68085.66603893731,52540.66703893732,-60143.82225263284,20.52367934412918,143.377,1784,0.701116564287889,0.14579930364024873
68086.04311782858,52541.044117828584,-60151.727796342864,20.52369027941703,143.556,1785,0.7005794698199486,0.14492155734426687
68104.4573893753,52559.4583893753,-60177.041433492144,20.524224293291883,144.189,1786,0.6999990785123263,0.1439730532153025
68106.7554953143,52561.7564953143,-60179.44875291429,20.524290938364114,144.196,1787,0.699374223373744,0.1429518840985938
68109.33120960002,52564.33220960002,-60181.87446720001,20.5243656340784,144.203,1788,0.698703881434554,0.14185637820663857
68114.5320096,52569.53300960001,-60185.319067200006,20.524516457278402,144.228,1789,0.6979871482011826,0.14068505737138362
68115.06120960001,52570.062209600015,-60188.05194088422,20.5245318040784,144.272,1790,0.6972233554043569,0.1394368294741905
68117.05130305796,52572.052303057964,-60192.838205517764,20.52458951678868,144.299,1791,0.6964119191838807,0.13811074034190135
68117.19720960001,52572.198209600014,-60196.13046720001,20.524593748078402,144.326,1792,0.695552541449765,0.13670630282113927
68116.30932280756,52571.31032280756,-60199.93673135095,20.52456799936142,144.37,1793,0.6946452411023611,0.13522354779979162
68116.81194644212,52571.81294644212,-60203.67594088422,20.52458257544682,144.397,1794,0.6936902165086638,0.13366279945899448
68114.44657545366,52569.44757545367,-60207.119833053664,20.524513979688155,144.443,1795,0.6926878942945396,0.13202475501180166
68114.46660285843,52569.467602858436,-60211.81177057079,20.524514560482896,144.469,1796,0.6916387500353869,0.1303101916670085
68112.89346766453,52567.89446766453,-60216.1751123613,20.524468939562272,144.496,1797,0.6905437380661293,0.12852066904586296
68114.7210096,52569.72200960001,-60217.323067200006,20.5245219382784,144.523,1798,0.6894037255966937,0.12665760438564166
68113.7362611464,52568.73726114641,-60216.34663214846,20.524493380573247,144.568,1799,0.6882200721633503,0.12472321950763822
68113.29485445982,52568.29585445982,-60215.306242900944,20.524480579779336,144.738,1800,0.6869940960336469,0.1227196687897622
67993.28399545532,52448.284995455324,-60088.32747140426,20.521000264868203,145.441,1801,0.6857274143403661,0.1206495950302453
67962.70941472941,52417.710414729416,-60090.89418917648,20.520113602027152,145.451,1802,0.6844218894650885,0.11851604182501274
67962.70941472941,52417.710414729416,-60090.89418917648,20.520113602027152,145.459,1803,0.6830793472300166,0.11632199302284897
67955.54992453333,52410.55092453334,-60093.842081333336,20.519905976811465,145.466,1804,0.6817018582081005,0.11407083245629371
67955.54992453333,52410.55092453334,-60093.842081333336,20.519905976811465,145.472,1805,0.6802917199649053,0.11176631492042499
67948.9395912,52403.94059120001,-60096.54874800001,20.5197142771448,145.477,1806,0.6788512798348434,0.10941227654502761
67944.41873073489,52399.419730734895,-60100.40688753489,20.51958317219131,145.518,1807,0.6773829815081555,0.10701271092933869
67942.12509120001,52397.126091200014,-60102.365748000004,20.5195166566448,145.545,1808,0.675889301071218,0.10457166461595958
67941.1385112,52396.1395112,-60104.76730800001,20.5194880458248,145.572,1809,0.6743730364742224,0.1020937101532284
67938.19033033044,52393.19133033045,-60105.8143132174,20.519402548579585,145.617,1810,0.6728369648699406,0.09958338610131373
67933.46686238644,52388.467862386446,-60109.09179884746,20.519265568009207,145.645,1811,0.6712837293613869,0.09704501194965219
67929.13591378066,52384.13691378066,-60113.677296387104,20.51913997049964,145.671,1812,0.66971647498854,0.09448372747784826
67923.6658543579,52378.6668543579,-60118.83716905264,20.518981338776378,145.698,1813,0.668137931039623,0.09190399302346168
67919.71191472941,52374.71291472942,-60125.26624800001,20.518866674527153,145.724,1814,0.6665510461931679,0.08931062746252619
67915.3374415937,52370.3384415937,-60131.38890548032,20.518739814806217,145.885,1815,0.6649590189014246,0.08670885786361732
67957.7214274435,52412.7224274435,-60105.82594476522,20.51996895039586,147.931,1816,0.6633646105296961,0.08410319698624202
67960.52373061623,52415.524730616235,-60098.367021145954,20.520050217187872,147.941,1817,0.6617707553850855,0.08149844021993574
67960.52373061623,52415.524730616235,-60098.367021145954,20.520050217187872,147.949,1818,0.6601803946019432,0.07889939411165853
67964.10596267588,52419.10696267588,-60096.40607520001,20.5201541019176,147.957,1819,0.6585963339442625,0.07631064397944917
67964.10596267588,52419.10696267588,-60096.40607520001,20.5201541019176,147.963,1820,0.657021508652729,0.07373698673854959
67964.10596267588,52419.10696267588,-60096.40607520001,20.5201541019176,147.969,1821,0.6554586827900563,0.07118293955670875
67964.10596267588,52419.10696267588,-60096.40607520001,20.5201541019176,147.98,1822,0.653910621023442,0.06865302058955342
67964.3537408151,52419.354740815106,-60093.51164123774,20.52016128748364,147.985,1823,0.6523800888751884,0.06615174939016423
67967.36265458693,52422.36365458694,-60091.28070136823,20.520248545983023,147.998,1824,0.6508696917681873,0.0636833838692614
67969.61646176843,52424.61746176843,-60087.72423309474,20.520313906391284,148.039,1825,0.649382063954779,0.06125222905207302
67969.48383018949,52424.484830189496,-60083.988443621056,20.520310060075495,148.061,1826,0.6479196034692569,0.058862203924632775
67971.74444988389,52426.74544988389,-60080.107365522585,20.520375618046632,148.086,1827,0.6464847605226268,0.05651731274273392
67971.38697385947,52426.38797385947,-60074.08648060541,20.520365251241923,148.13,1828,0.6450798375328631,0.054221318231501094
67973.69325210493,52428.694252104935,-60067.988944052464,20.520432133311044,148.157,1829,0.6437070357123201,0.051977817720837996
67974.4628990154,52429.463899015405,-60060.64415212308,20.520454453071448,148.301,1830,0.6423685862056288,0.049790457457452614
67953.74554067914,52408.746540679145,-59960.78572401152,20.519853649679696,148.961,1831,0.641066430545778,0.04766241039040956
67953.6163013647,52408.617301364706,-59961.051267811774,20.519849901739576,148.969,1832,0.6398025531736197,0.04559691959092089
67953.22096494246,52408.221964942466,-59960.10499867398,20.51983843698333,148.976,1833,0.6385786396657271,0.04359673971144036
67953.75984414546,52408.760844145465,-59959.51501112728,20.519854064480217,148.982,1834,0.6373965090031853,0.04166484342066037
67952.91711687273,52407.91811687274,-59959.26137476364,20.51982962538931,149.008,1835,0.6362578289833323,0.03980395631533022
67953.51438960001,52408.51538960001,-59959.889245249324,20.5198469462984,149.053,1836,0.6351639437980121,0.038016275140124706
67953.70257141818,52408.703571418184,-59959.45773840001,20.51985240357113,149.079,1837,0.6341163437729163,0.03630423545886643
67954.31818270346,52409.31918270346,-59959.896565986215,20.5198702562984,149.124,1838,0.6331163427184002,0.03466998436530148
67955.48481513192,52410.48581513192,-59962.22348308086,20.519904088638825,149.151,1839,0.632165054890831,0.03311534283219581
67955.56790105038,52410.568901050385,-59964.51216588092,20.51990649813046,149.178,1840,0.6312636289229419,0.03164218801187056
67956.92380136471,52411.924801364716,-59968.36112075295,20.519945819239577,149.222,1841,0.6304130041896427,0.030252055077180564
67956.7396134806,52411.74061348061,-59972.2081861612,20.51994047779094,149.249,1842,0.6296141025919778,0.02894645064432666
67956.67379258508,52411.67479258508,-59977.82176825075,20.51993856898497,149.276,1843,0.6288674900239404,0.027726299525211072
67956.06566619575,52411.06666619575,-59984.251142655325,20.51992093331968,149.303,1844,0.6281739592557406,0.026592897304050452
67954.99971806715,52410.00071806715,-59989.12292088176,20.519890020823947,149.455,1845,0.6275338848576628,0.025546856122096104
67935.60103509677,52390.602035096774,-60047.29809940646,20.519327459017806,150.152,1846,0.6269477564278054,0.024588976104731992
67934.894148,52389.89514800001,-60051.798873600004,20.519306959292,150.161,1847,0.6264156215827349,0.023719335069301874
67934.894148,52389.89514800001,-60051.798873600004,20.519306959292,150.17,1848,0.6259379005196067,0.022938619722742522
67933.46638845802,52388.467388458026,-60053.02456825649,20.51926555426528,150.177,1849,0.6255145302911649,0.022246727193540344
67932.90502088136,52387.90602088136,-60054.281144786444,20.51924927460556,150.183,1850,0.6251453514447146,0.021643396896229416
67930.53664800001,52385.53764800001,-60054.077373600005,20.519180591792,150.226,1851,0.6248302386312617,0.021128423979294937
67930.99066452893,52385.991664528934,-60053.389666988434,20.51919375827134,150.253,1852,0.6245689365317095,0.020701391187663832
67929.143898,52384.144898,-60053.1586236,20.519140202042,150.298,1853,0.6243609072449277,0.020361419456752655
67928.508648,52383.50964800001,-60053.2208736,20.519121779792002,150.325,1854,0.6242055876460206,0.0201075885000556
67929.25373890909,52384.25473890909,-60053.71560087273,20.519143387428365,150.351,1855,0.624102309969561,0.019938807022343297
67929.96633221053,52384.96733221054,-60053.439084126316,20.519164052634107,150.396,1856,0.6240501700045276,0.019853597317324036
67932.53034711504,52387.531347115044,-60054.794254130975,20.519238409066336,150.423,1857,0.6240481320012518,0.019850266711754036
67933.73459490265,52388.73559490265,-60056.02080280354,20.519273332252176,150.45,1858,0.6240953892391408,0.01992749682301262
67935.43118458537,52390.43218458537,-60057.6204833561,20.519322533352977,150.494,1859,0.6241906707283668,0.02008321053677409
67934.9811963871,52389.98219638711,-60059.09535747097,20.519309483695228,150.628,1860,0.6243327345689015,0.020315378278699392
67941.2306403661,52396.23164036611,-60091.588040908486,20.519490717570616,151.284,1861,0.6245201593529897,0.020621677114059635
67940.86151412415,52395.86251412415,-60090.683727641386,20.5194800129096,151.293,1862,0.6247513864252828,0.02099955981133321
67940.9656504734,52395.966650473405,-60090.84077920735,20.51948303286373,151.302,1863,0.6250247851367099,0.021446361483302614
67939.8604887158,52394.861488715804,-60091.32821040001,20.51945098317276,151.328,1864,0.6253387320409496,0.021959429013839724
67937.82496240002,52392.82596240002,-60091.42154373334,20.5193919529096,151.355,1865,0.6256912441790464,0.022535521753520374
67938.69996240002,52393.70096240002,-60092.5565122868,20.5194173279096,151.4,1866,0.6260804799196442,0.023171630017460518
67937.3037461838,52392.3047461838,-60093.70631850812,20.51937683763933,151.427,1867,0.6265045738245364,0.023864705214445878
67937.52466828236,52392.52566828237,-60095.353504517654,20.51938324438019,151.454,1868,0.6269613251295018,0.02461115074693396
67936.89996240001,52391.90096240002,-60096.19196040001,20.5193651279096,151.498,1869,0.6274486204535661,0.025407512823398603
67935.0177210207,52390.01872102071,-60096.90769315863,20.5193105429096,151.525,1870,0.6279641575197794,0.02625002894918423
67935.38979290848,52390.39079290848,-60098.18702395933,20.519321332994345,151.569,1871,0.6285056928471149,0.027135032716835622
67931.806408681,52386.80740868101,-60099.45920213555,20.51921741485175,151.594,1872,0.6290707226653989,0.02805843234152333
67931.3411388706,52386.342138870605,-60101.29350451766,20.51920392202725,151.621,1873,0.6296570512006295,0.029016639380967692
67929.08703136553,52384.088031365536,-60102.425624193114,20.519138552909602,151.648,1874,0.6302623527631166,0.03000585307825704
67927.50945392544,52382.51045392544,-60105.36261717967,20.519092803163836,151.838,1875,0.6308842686584198,0.031022218738487914
67932.47947836331,52387.480478363315,-60120.42403906789,20.519236933872538,152.471,1876,0.6315202844294964,0.03206162711182149
67936.12086785455,52391.121867854556,-60119.496641236365,20.519342534167784,152.48,1877,0.6321679843569633,0.03312013031037768
67938.92144861359,52393.92244861359,-60117.13066594952,20.519423751009793,152.489,1878,0.6328248206904395,0.03419356467470067
67942.6123224,52397.61332240001,-60116.56321877647,20.5195307863496,152.514,1879,0.6334884964829204,0.03527817642059459
67946.9970592421,52401.998059242105,-60114.54606707369,20.51965794371802,152.539,1880,0.6341567256809955,0.03637022956671326
67950.54718478532,52405.54818478532,-60113.16458952661,20.519760897358776,152.581,1881,0.6348266205137276,0.0374650047752213
67955.83702828236,52410.838028282364,-60111.3008658353,20.51991430282019,152.623,1882,0.6354964174433114,0.03855961998557078
67961.66450421818,52416.66550421818,-60109.24482305455,20.52008329962233,152.65,1883,0.6361636492289556,0.039650043111052455
67968.2210109246,52423.2220109246,-60109.90486776394,20.520273438316813,152.677,1884,0.6368262437268998,0.04073288775203076
67972.2673224,52427.26832240001,-60109.220277600005,20.5203907813496,152.704,1885,0.637481964810754,0.04180449952036138
67975.4223224,52430.423322400005,-60109.0302776,20.5204822763496,152.749,1886,0.6381289802261755,0.04286188405553832
67979.9670592421,52434.96805924211,-60109.08606707369,20.520614073718022,152.777,1887,0.6387650803540815,0.04390143028896742
67981.9085724,52436.90957240001,-60108.939027600005,20.5206703775996,152.803,1888,0.6393886372685947,0.0449204777838087
67984.66404653793,52439.665046537935,-60108.26131208276,20.5207502863496,152.847,1889,0.6399977570900474,0.04591593146840786
67986.78644004706,52441.78744004706,-60107.30910112942,20.520811835761364,152.986,1890,0.6405909194826278,0.046885306734922305
68006.71713653131,52461.718136531315,-60114.881943004584,20.521389825959407,153.644,1891,0.6411666991076136,0.04782627422444243
68004.05796683078,52459.05896683078,-60114.67411329231,20.521312710038092,153.652,1892,0.6417236356673881,0.04873644744650798
68004.05796683078,52459.05896683078,-60114.67411329231,20.521312710038092,153.66,1893,0.642260445886626,0.04961372920922668
68003.32967004096,52458.33067004096,-60115.58862449764,20.521291589431186,153.667,1894,0.6427758169989362,0.05045597412495056
68001.75119760001,52456.75219760001,-60115.20580560001,20.5212458137304,153.691,1895,0.6432688678024719,0.05126174209011676
68001.43237941818,52456.43337941819,-60115.869351054556,20.52123656800313,153.716,1896,0.6437387017905416,0.05202956798922886
68001.45591515726,52456.456915157265,-60115.593698729775,20.52123725053956,153.742,1897,0.6441846244038366,0.05275831673917433
68000.63108736378,52455.63208736379,-60114.81476622993,20.52121333053355,153.787,1898,0.6446058701855025,0.05344673739257086
68000.97263043583,52455.97363043584,-60115.52443246568,20.52122323528264,153.814,1899,0.6450020722340828,0.054094230340944134
68000.00412297314,52455.00512297315,-60114.45249216717,20.52119514856622,153.859,1900,0.6453728621610201,0.05470019354552635
68000.24400676032,52455.24500676032,-60114.12209567634,20.52120210519605,153.886,1901,0.6457180389589434,0.05526429851014809
67999.68856767875,52454.68956767875,-60113.782955206305,20.521185997462684,153.913,1902,0.6460376601701454,0.05578663927326479
68000.61507995294,52455.616079952946,-60114.04215854118,20.521212866318635,153.94,1903,0.646331628689394,0.05626705714071208
68002.15896137954,52457.15996137954,-60113.971459143315,20.521257638880005,153.984,1904,0.6466000012509425,0.056705644830407874
68003.26415943207,52458.26515943208,-60114.516446821384,20.52128968962353,154.124,1905,0.6468430075588395,0.057102777736048674
68054.28663253333,52509.287632533335,-60150.020778933336,20.522769341343466,154.727,1906,0.6470609789564318,0.057458997355290434
68057.94329920001,52512.94429920001,-60149.34744560001,20.5228753846768,154.736,1907,0.6472544791030548,0.0577752248480471
68059.28994042138,52514.290940421386,-60149.680575371,20.52291443727222,154.744,1908,0.6474240622757036,0.0580523660411488
68062.24380279712,52517.244802797126,-60150.46830890936,20.523000099281116,154.77,1909,0.6475702428645169,0.05829126157635577
68064.54396586667,52519.54496586668,-60149.64744560001,20.523066804010135,154.797,1910,0.6476940208729772,0.058493545708729465
68066.19589461984,52521.19689461985,-60150.12301811909,20.523114709943975,154.842,1911,0.6477960462814019,0.05866028066819414
68069.57959290629,52524.58059290629,-60150.538354690914,20.523212837194283,154.869,1912,0.6478771844022119,0.05879288059102896
68068.7006592,52523.7016592,-60149.69896560001,20.5231873481168,154.912,1913,0.6479383199558543,0.05889279133106728
68072.13119393685,52527.13219393685,-60150.01902454738,20.52328683362417,154.939,1914,0.6479805275892767,0.0589617691294065
68073.7372992,52528.738299200006,-60149.76877893334,20.5233334106768,154.966,1915,0.6480051098488364,0.05900194267161059
68075.08855099857,52530.08955099857,-60149.62528732663,20.52337259697896,155.011,1916,0.64801301914466,0.05901486843332924
68078.03063253334,52533.03163253334,-60150.16077893334,20.523457917343467,155.036,1917,0.6480055443613307,0.059002652773380786
68078.6442481051,52533.64524810511,-60149.581022242346,20.523475712195047,155.062,1918,0.6479835592668118,0.05896672364650899
68080.82260152558,52535.82360152558,-60149.4097711814,20.523538884444243,155.089,1919,0.6479483308476799,0.05890915162472866
68081.39284118473,52536.393841184734,-60148.82454483665,20.523555421394356,155.29,1920,0.6479008434333184,0.05883154534771495
68111.41333200001,52566.414332000015,-60129.53571720001,20.524426015628002,155.907,1921,0.6478423834340091,0.05873600713066049
68112.15070042106,52567.15170042106,-60128.05604614738,20.524447399312212,155.916,1922,0.6477742417427985,0.05862464661471363
68114.06039082354,52569.06139082354,-60127.07329072942,20.524502780333883,155.925,1923,0.6476974357630431,0.058499126490668935
68114.98046243479,52569.98146243479,-60125.209945460876,20.52452946241061,155.95,1924,0.6476131725944371,0.05836141946044161
68118.00165058408,52573.00265058408,-60124.50756454514,20.52461707686694,155.975,1925,0.6475223054553533,0.058212919895619976
68118.54133200001,52573.54233200001,-60122.82192174546,20.524632727628,156.019,1926,0.6474260372287357,0.05805559360689775
68119.03171037839,52574.03271037839,-60122.57662936217,20.524646948600974,156.045,1927,0.6473252083976839,0.05789081415325108
68120.7450967059,52575.7460967059,-60121.99270249413,20.52469663680447,156.09,1928,0.6472209781728782,0.05772047597400407
68120.98933200001,52575.990332000016,-60120.98646720001,20.524703719628,156.117,1929,0.6471141069636613,0.05754582176764654
68123.55333200001,52578.554332000014,-60120.02446720001,20.524778075628,156.143,1930,0.6470054356304513,0.057368225709786794
68124.03166533334,52579.03266533335,-60118.204467200005,20.524791947294666,156.188,1931,0.6468957688911888,0.05718900291021268
68125.97999866668,52580.98099866668,-60117.22446720001,20.524848448961333,156.215,1932,0.6467859908300154,0.05700959818287576
68127.3045084706,52582.3055084706,-60115.47034955295,20.524886859745646,156.242,1933,0.6466764958583224,0.05683065609434393
68128.63630229703,52583.63730229704,-60114.8936751208,20.524925481766616,156.287,1934,0.6465679501015071,0.05665326525962818
68130.798332,52585.79933200001,-60113.81780053334,20.524988180628,156.422,1935,0.6464607796899446,0.056478122082025656
68147.11921363299,52602.120213632996,-60084.39704939382,20.525461486195358,157.027,1936,0.6463554237517053,0.056305944206308765
68148.33252791288,52603.33352791288,-60082.57116187723,20.525496672309473,157.036,1937,0.6462524550666575,0.056137667697616765
68149.82539920001,52604.826399200014,-60080.37929869092,20.5255399655768,157.045,1938,0.6461520142226826,0.05597352231160619
68151.09355453981,52606.09455453981,-60078.328972124276,20.525576742081654,157.069,1939,0.6460543174418452,0.05581386140904974
68152.3803992,52607.38139920001,-60077.178389600005,20.5256140605768,157.094,1940,0.6459595425837861,0.05565897565695372
68153.07085374546,52608.07185374547,-60074.91929869092,20.525634083758618,157.138,1941,0.6458679438561309,0.055509280493970026
68153.7633808514,52608.7643808514,-60072.582151067894,20.525654167044692,157.165,1942,0.6457793235889084,0.05536445287807276
68154.4333992,52609.43439920001,-60070.144389600006,20.5256735975768,157.21,1943,0.645693680325717,0.05522449042913824
68153.82151570487,52608.82251570487,-60067.07460319224,20.525655852955442,157.237,1944,0.6456107950025923,0.055089035142021126
68154.0853992,52609.08639920001,-60065.58267531429,20.5256635055768,157.264,1945,0.6455305936194283,0.054957966082094356
68153.67739920001,52608.67839920001,-60062.8843896,20.5256516735768,157.308,1946,0.6454529770719825,0.05483112128831208
68152.37899920001,52607.37999920001,-60060.01578960001,20.5256140199768,157.335,1947,0.6453776030195886,0.05470794129065623
68152.85256901133,52607.853569011335,-60057.080465071704,20.52562775350133,157.376,1948,0.6453040915385628,0.054587805199085765
68151.0344901091,52606.035490109105,-60055.31929869091,20.525575029213165,157.402,1949,0.6452320611955479,0.05447008965637665
68151.58706586668,52606.58806586669,-60054.27672293334,20.525591053910134,157.574,1950,0.6451610739577449,0.05435407880770329
68156.4283908,52611.42939080001,-60028.44009840001,20.5257314523332,158.269,1951,0.6450908929087291,0.05423938547254766
68153.90714080002,52608.90814080002,-60015.0900984,20.5256583360832,158.278,1952,0.6450210274595382,0.05412520790620699
68153.90714080002,52608.90814080002,-60015.0900984,20.5256583360832,158.286,1953,0.6449510254126611,0.054010807105183925
68151.5423646806,52606.543364680605,-60010.515322280604,20.525589757575737,158.294,1954,0.6448805048375348,0.05389555889969593
68151.5423646806,52606.543364680605,-60010.515322280604,20.525589757575737,158.3,1955,0.6448090198043688,0.05377873452926403
68149.91986080002,52604.92086080002,-60006.851618400004,20.5255427049632,158.306,1956,0.6447360286859658,0.05365944883998211
68148.47596432942,52603.47696432943,-60004.722451341186,20.52550083196555,158.331,1957,0.6446609921079953,0.05353682035969018
68146.96991003078,52601.97091003078,-60001.78486763078,20.525457156390893,158.38,1958,0.644583451499366,0.05341009966887105
68146.53891499357,52601.53991499357,-60000.47187259355,20.525444657534813,158.406,1959,0.6445030818576604,0.053278755632528554
68144.06092032757,52599.06192032757,-59998.90167320316,20.5253727956895,158.45,1960,0.6444193806617726,0.053141967005862115
68142.92149563871,52597.92249563872,-59997.42348549678,20.525339752373522,158.477,1961,0.6443319269167611,0.052999045778153425
68141.76910930395,52596.77010930395,-59994.804192888194,20.525306333169816,158.504,1962,0.6442403749427764,0.05284942702232629
68140.04281009136,52595.04381009136,-59993.187027533866,20.525256270492648,158.531,1963,0.6441443395105928,0.05269248117776114
68139.79477859529,52594.79577859529,-59991.49049210079,20.525249077579264,158.575,1964,0.6440434535263808,0.0525276083215984
68138.13386211148,52593.13486211149,-59990.07354102295,20.52520091100123,158.712,1965,0.6439374362647912,0.052354349678612765
68099.88712602353,52554.888126023536,-59941.14472461177,20.524091755654684,159.364,1966,0.6438261235197991,0.05217243689521166
68095.80756720001,52550.808567200016,-59935.556422472735,20.5239734484488,159.369,1967,0.6437092349531977,0.05198141182885705
68095.80756720001,52550.808567200016,-59935.556422472735,20.5239734484488,159.375,1968,0.6435865445352869,0.05178090509065396
68095.80756720001,52550.808567200016,-59935.556422472735,20.5239734484488,159.38,1969,0.6434579922403796,0.05157081858366106
68095.12890866342,52550.129908663424,-59933.8005244683,20.52395376735124,159.403,1970,0.6433234010988247,0.0513508630953374
68095.30210208373,52550.30310208374,-59933.5136952,20.523958789960428,159.445,1971,0.6431827659890127,0.05112103025569594
68094.81991095001,52549.82091095002,-59933.536663950006,20.52394480641755,159.472,1972,0.6430360204561429,0.050881211461020544
68093.99477308236,52548.995773082366,-59933.02884225883,20.52392087741939,159.517,1973,0.6428831188389481,0.05063133208941384
68093.89380807593,52548.89480807593,-59932.0636222073,20.523917949434203,159.544,1974,0.6427242527324291,0.05037170525488533
68091.93600720001,52546.93700720002,-59931.0776952,20.5238611732088,159.57,1975,0.6425594617720181,0.05010239573161525
68090.60965381419,52545.61065381419,-59930.00818338898,20.523822708960612,159.615,1976,0.6423888119539419,0.0498235113738957
68088.55030442629,52543.55130442629,-59927.21676089343,20.523762987828363,159.642,1977,0.6422124129717037,0.04953523144826498
68085.64305500488,52540.64405500489,-59925.48247568781,20.523678677595143,159.669,1978,0.64203062687735,0.04923814763805217
68084.41878767245,52539.41978767245,-59922.93432512126,20.5236431738425,159.696,1979,0.6418435491054604,0.048932415907158834
68082.0622595077,52537.063259507704,-59919.8733875077,20.523574834525725,159.883,1980,0.6416515261148585,0.04861860245569949
68104.05834945454,52559.05934945455,-59851.814466763644,20.52421272113418,160.553,1981,0.6414549367028418,0.04829732633291869
68110.81485663158,52565.81585663158,-59845.12661987369,20.524408659842315,160.562,1982,0.6412540996858197,0.047969108564332875
68110.81485663158,52565.81585663158,-59845.12661987369,20.524408659842315,160.572,1983,0.6410492780489668,0.04763437893329807
68115.171804,52570.172804,-59840.59283040001,20.524535011316,160.579,1984,0.640840885122664,0.04729381292472881
68121.12696189474,52576.127961894745,-59836.18504092632,20.524707710894948,160.585,1985,0.6406293678103406,0.046948140890273105
68125.695804,52580.69680400001,-59832.89483040001,20.524840207316,160.627,1986,0.6404153895836887,0.046598447108125815
68131.17573060551,52586.17673060551,-59829.99688544588,20.52499912518756,160.652,1987,0.6401991703889006,0.04624509102521329
68137.11738198166,52592.118381981665,-59827.38440838166,20.525171433077467,160.695,1988,0.6399811605172291,0.04588880852973174
68140.91743231859,52595.91843231859,-59826.177910046026,20.52528163453724,160.722,1989,0.6397618577670005,0.04553041314828247
68146.63193959322,52601.632939593226,-59824.81150836611,20.525447355248204,160.766,1990,0.6395416748679092,0.045170579384108844
68151.33742468966,52606.33842468966,-59823.421347641386,20.525583814316,160.793,1991,0.6393210974802103,0.04481010092717639
68157.54733341177,52612.548333411774,-59822.021418635304,20.52576390166894,160.819,1992,0.6391007763114283,0.04445004119584764
68162.893804,52617.89480400001,-59821.12083040001,20.525918949316,160.862,1993,0.6388811764801398,0.04409116030986338
68169.40430400001,52624.405304000014,-59821.062830400006,20.526107753816,160.889,1994,0.6386626582230776,0.04373404698587729
68176.02657323077,52631.02757323078,-59819.30529193847,20.526299799623693,161.031,1995,0.6384455449025564,0.0433792296785487
68300.59292094546,52755.59392094547,-59854.42501745455,20.52991222370742,161.699,1996,0.6382303676614023,0.043027576407706235
68302.97177103577,52757.97277103577,-59857.20358458279,20.529981210360038,161.708,1997,0.6380178202342177,0.04268022090868737
68305.58409060384,52760.58509060384,-59860.893656713386,20.530056967627512,161.717,1998,0.6378080303018414,0.042337371843822316
68308.05667692632,52763.05767692633,-59862.81665621053,20.530128672630862,161.742,1999,0.6376016747588557,0.04200013542765586
68310.48318068573,52765.48418068573,-59864.9647577143,20.530199041239886,161.785,2000,0.6373991055227396,0.04166908678110668
68312.9037164,52767.90471640001,-59867.16172200001,20.5302692367756,161.813,2001,0.6372006165728085,0.04134470633968555
68313.69121640001,52768.69221640001,-59868.95547200001,20.5302920742756,161.839,2002,0.637006755729604,0.041027889378767744
68316.24473912729,52771.24573912729,-59870.4695629091,20.530366126434693,161.884,2003,0.6368177797630327,0.040719055524411345
68317.74707166317,52772.74807166317,-59871.893629894745,20.53040969407823,161.911,2004,0.6366340496857389,0.04041879476130301
68319.12318068572,52774.12418068573,-59874.00761485715,20.530449601239887,161.937,2005,0.636455855626009,0.04012758123141206
68321.29046640001,52776.29146640001,-59874.94747200001,20.5305124525256,161.982,2006,0.6362835132747003,0.0398459308523231
68322.27986640001,52777.28086640002,-59876.88367200001,20.5305411451256,162.009,2007,0.6361172883565986,0.03957427788460007
68324.86056317421,52779.861563174214,-59878.270213935495,20.53061598533205,162.036,2008,0.6359575241254735,0.03931318329049961
68327.03128218948,52782.03228218948,-59879.14691936843,20.530678936183495,162.062,2009,0.6358044122876307,0.03906296036593149
68330.05759885034,52785.058598850344,-59881.06014087418,20.53076669936666,162.232,2010,0.6356579720092904,0.03882364043327857
68439.37540126029,52894.37640126029,-59899.06577930959,20.53393691563655,162.918,2011,0.635518520217375,0.03859574143016433
68453.08345854546,52908.08445854546,-59890.626420654546,20.53433444929782,162.927,2012,0.6353862321064027,0.03837954966811985
68453.08345854546,52908.08445854546,-59890.626420654546,20.53433444929782,162.935,2013,0.6352610361092232,0.038174948188574975
68460.17365617392,52915.17465617393,-59886.097309982615,20.534540065029045,162.943,2014,0.6351431467386742,0.03798228755899928
68463.88891309092,52918.88991309093,-59880.575057018184,20.534647807479637,162.969,2015,0.6350325673206916,0.037801573214801536
68470.97333733334,52925.97433733335,-59874.096875200004,20.534853255782668,162.992,2016,0.6349288672686747,0.03763210147010088
68475.0515523871,52930.052552387104,-59866.33139132903,20.534971524019227,163.016,2017,0.6348323821526292,0.03747442072996759
68479.098004,52934.099004,-59858.886875200005,20.535088871116,163.06,2018,0.6347431125051679,0.03732853186482402
68483.08568995041,52938.08668995042,-59851.96299090248,20.535204514008562,163.088,2019,0.6346609361810495,0.03719423525888623
68485.91600400001,52940.91700400002,-59844.8076578087,20.535286593116002,163.133,2020,0.6345858017445549,0.037071446853362985
68491.58288003306,52946.58388003307,-59837.499023960336,20.53545093252096,163.16,2021,0.6345175693240502,0.03695993806312442
68495.7791667907,52950.780166790704,-59828.20292171163,20.53557262483693,163.187,2022,0.6344562107053444,0.03685966277914669
68499.50556497561,52954.506564975614,-59819.06321666342,20.535680690384293,163.214,2023,0.6344014624166274,0.036770190422790186
68504.43304337008,52959.434043370085,-59809.53041850709,20.53582358725773,163.241,2024,0.6343530483205587,0.036691069716779996
68506.22720400001,52961.228204000014,-59800.3907952,20.535875617916002,163.43,2025,0.6343109138176487,0.03662221143193465
68464.24122720001,52919.24222720001,-59608.48559565,20.5346580245888,164.13,2026,0.6342748592024191,0.03656328919970205
68465.72227983159,52920.723279831596,-59602.26520913685,20.534700975115115,164.137,2027,0.6342446728152645,0.03651395711550539
68468.8141582345,52923.8151582345,-59596.1574868138,20.5347906395888,164.145,2028,0.6342200528597864,0.03647372196877041
68470.9740098087,52925.97500980871,-59590.83044483479,20.53485327528445,164.17,2029,0.634200675160031,0.03644205397514868
68474.6055634832,52929.606563483205,-59585.99280112567,20.534958590341013,164.214,2030,0.6341863599220724,0.03641865930653027
68478.13012628257,52933.13112628258,-59580.963644675234,20.535060802662194,164.243,2031,0.6341768932694234,0.03640318843540052
68481.62815027693,52936.62915027693,-59576.67808363077,20.53516224535803,164.269,2032,0.6341719298227926,0.03639507692586998
68486.82968873848,52941.83068873848,-59572.55346824616,20.535313089973418,164.314,2033,0.6341713200388418,0.03639408038683245
68489.31068665948,52944.31168665948,-59569.37974683244,20.535385038913127,164.34,2034,0.6341747458886007,0.03639967907964337
68494.45950306208,52949.46050306209,-59565.41783164139,20.5355343545888,164.385,2035,0.6341819676437849,0.036411481228505044
68498.67209676522,52953.673096765226,-59560.141227443484,20.535656519806192,164.412,2036,0.634192746685207,0.03642909687016072
68505.21061181539,52960.21161181539,-59555.20531440001,20.535846136742645,164.439,2037,0.6342068651643927,0.036452169985878545
68513.12000768782,52968.12100768782,-59549.172680253665,20.536075509222947,164.466,2038,0.6342240458538548,0.03648024751681198
68520.37959929304,52975.38059929304,-59544.356616725585,20.536286037379497,164.511,2039,0.6342440366145878,0.03651291740495016
68529.16801552118,52984.16901552118,-59540.682204910954,20.536540901450113,164.679,2040,0.6342667800812557,0.0365500859010288
68657.08563546668,53112.08663546668,-59555.454695733344,20.540250512428536,165.48,2041,0.634291989398055,0.036591284211131773
68666.7097237669,53121.7107237669,-59566.63405114173,20.54052961098924,165.499,2042,0.6343192996822345,0.036635916025852845
68666.7097237669,53121.7107237669,-59566.63405114173,20.54052961098924,165.507,2043,0.6343487893575132,0.03668410950910497
68669.71479361753,53124.715793617535,-59570.13984415183,20.54061675801491,165.518,2044,0.6343801444932734,0.03673535161997441
68669.71479361753,53124.715793617535,-59570.13984415183,20.54061675801491,165.523,2045,0.634413220144105,0.036789405481515575
68672.87392770412,53127.87492770412,-59574.91955418083,20.54070837290342,165.529,2046,0.6344479246472186,0.03684612129387288
68675.3754688,53130.37646880001,-59579.19111240001,20.5407809175952,165.552,2047,0.6344841144062817,0.03690526438483037
68680.01968112878,53135.02068112878,-59582.33284185206,20.540915599752736,165.575,2048,0.6345217550177003,0.036966778530335906
68683.99421880001,53138.99521880002,-59583.732362400006,20.5410308613452,165.618,2049,0.6345606218510804,0.037030296628310005
68686.98162551643,53141.98262551644,-59585.056616131355,20.541117496139975,165.644,2050,0.6346006188296826,0.03709566166540135
68690.49360709789,53145.49460709789,-59586.696936868095,20.54121934360584,165.689,2051,0.6346416574499137,0.037162729004668986
68693.7711506182,53148.7721506182,-59588.77236240001,20.541314392367926,165.716,2052,0.6346834505094106,0.03723102928583133
68696.99832091268,53151.999320912684,-59590.699334230994,20.541407980306467,165.742,2053,0.6347259958038576,0.03730055890648733
68699.38509645959,53154.386096459595,-59592.95225601703,20.541477196797327,165.786,2054,0.6347692232466366,0.03737120332762536
68703.18296880001,53158.18396880002,-59594.83040587827,20.5415873350952,165.923,2055,0.6348130194119644,0.03744277718323048
68842.11237381819,53297.113373818196,-59564.83009069091,20.545616287840726,166.657,2056,0.6348571322108056,0.03751486849695548
68846.8326784865,53301.83367848651,-59561.376803221625,20.545753176676108,166.666,2057,0.6349014281075742,0.03758725903835298
68846.8326784865,53301.83367848651,-59561.376803221625,20.545753176676108,166.675,2058,0.6349458977154472,0.03765993346701343
68847.6953811892,53302.696381189206,-59559.549235654056,20.54577819505449,166.682,2059,0.6349902614967797,0.03773243494871684
68848.0639339355,53303.0649339355,-59557.52356869678,20.54578888308413,166.707,2060,0.6350343755638712,0.037804528335079066
68847.92503497523,53302.92603497523,-59557.453363418186,20.545784855014283,166.732,2061,0.6350775730232604,0.03787512375588107
68847.39849969232,53302.39949969233,-59557.8028739077,20.545769585491076,166.757,2062,0.6351199506069531,0.0379443792953425
68845.96495306196,53300.96595306197,-59557.351995759294,20.545728012638797,166.803,2063,0.6351612060443524,0.038011800967930574
68844.7329746087,53299.73397460871,-59558.0579642087,20.54569228526365,166.829,2064,0.6352010712886247,0.038076950718276256
68844.61744200002,53299.61844200002,-59558.59268160001,20.545688934818,166.874,2065,0.6352390476982102,0.03813901364172464
68844.68964654546,53299.69064654547,-59559.35481796364,20.54569102874982,166.901,2066,0.6352750080954458,0.03819778189825994
68844.77494200002,53299.77594200002,-59558.232681600006,20.545693502318002,166.928,2067,0.6353083885407493,0.03825233386997501
68845.42092884213,53300.42192884213,-59557.76886581053,20.54571223593642,166.955,2068,0.635338797186841,0.03830202918069973
68846.99040252632,53301.99140252633,-59558.332550021056,20.545757750673264,166.999,2069,0.6353658449437671,0.03834623196042211
68847.28003815385,53302.28103815386,-59557.98595083077,20.545766150106463,167.169,2070,0.6353891257601534,0.038384278619939614
68856.441684,53311.44268400001,-59521.48053257144,20.546031837836,167.849,2071,0.6354083061096466,0.03841562409401956
68857.4354734737,53312.4364734737,-59520.91184084211,20.546060657730738,167.858,2072,0.6354229441739938,0.03843954634146026
68858.65282036364,53313.653820363645,-59519.48183127274,20.546095960790545,167.867,2073,0.6354323545212885,0.03845492519560026
68859.87526890567,53314.876268905675,-59518.0057077736,20.546131411798264,167.891,2074,0.6354360801183411,0.03846101375023706
68860.83351886239,53315.83451886239,-59516.51625996331,20.546159201047008,167.916,2075,0.6354335339408191,0.038456852661225366
68860.26799467963,53315.26899467963,-59514.492987495156,20.546142800845708,167.961,2076,0.6354243952786087,0.03844191780826331
68860.55392699066,53315.55492699066,-59513.56293577571,20.54615109288273,167.988,2077,0.6354079465821758,0.038415036536476835
68859.76991929412,53314.770919294126,-59513.436751058834,20.54612835665953,168.033,2078,0.6353836420404787,0.038375316854514785
68859.65634419418,53314.65734419419,-59513.22075448545,20.54612506298163,168.06,2079,0.6353510381363096,0.03832203394465955
68859.7145686154,53314.7155686154,-59512.16083476924,20.546126751489847,168.087,2080,0.6353095252029224,0.03825419145941548
68860.24752558417,53315.248525584175,-59510.94989607922,20.546142207241942,168.131,2081,0.6352586500704697,0.03817104880624461
68860.17756635296,53315.17856635296,-59510.90439811766,20.546140178424235,168.159,2082,0.6351984110322412,0.03807260319595687
68860.08289895327,53315.08389895328,-59510.78387035515,20.546137433069646,168.185,2083,0.6351279243369821,0.03795741035862059
68860.50454114287,53315.50554114288,-59510.29481828572,20.546149660693143,168.23,2084,0.6350468293555986,0.0378248809363665
68860.78622945456,53315.78722945457,-59508.7781949091,20.54615782965418,168.33,2085,0.6349546367559428,0.03767421523843969
68864.24666676924,53319.24766676924,-59452.07462418462,20.54625818233631,168.966,2086,0.6348511825302329,0.037505145235226404
68863.38341730842,53318.38441730842,-59446.42489197757,20.546233148101944,168.983,2087,0.6347361667977037,0.03731718084677493
68863.07724908412,53318.07824908412,-59441.25535926729,20.54622426922344,168.99,2088,0.6346093521286602,0.03710993405375555
68862.78811561166,53317.78911561167,-59436.81100394564,20.546215884352737,169.016,2089,0.6344706982978358,0.036883339118051715
68861.84681100001,53316.847811000014,-59433.7662588,20.546188586519,169.052,2090,0.6343199743785662,0.036637018647908005
68860.86971322773,53315.870713227734,-59430.4772117703,20.546160250683606,169.089,2091,0.6341575472569746,0.03637157222673976
68860.2001283077,53315.2011283077,-59426.196162646156,20.546140832720923,169.119,2092,0.6339828727356799,0.0360861105003199
68859.90935907693,53314.91035907694,-59421.77404726154,20.54613240041323,169.148,2093,0.6337962662237158,0.03578114892566307
68859.32617386409,53314.32717386409,-59418.02110103302,20.54611548804206,169.207,2094,0.633597822966034,0.03545684315677161
68858.96289054546,53313.96389054546,-59415.067508800006,20.546104952825818,169.212,2095,0.6333878871400039,0.03511375566529485
68858.98364959224,53313.98464959224,-59412.675275790294,20.546105554838174,169.235,2096,0.6331666881961638,0.03475226143063023
68858.40869813593,53313.40969813593,-59410.42440200389,20.546088881245943,169.276,2097,0.632934588701074,0.03437295297695063
68858.429436,53313.43043600001,-59408.8715088,20.546089482644,169.302,2098,0.6326920390718512,0.03397656639814555
68858.43128215385,53313.43228215385,-59406.44808572308,20.54608953618246,169.329,2099,0.6324395813672192,0.033563987553342806
68858.25056100001,53313.25156100001,-59404.510633800004,20.546084295269,169.48,2100,0.6321776195991827,0.03313587669890671
68860.00809148623,53315.00909148624,-59393.38532882203,20.546135263653102,170.173,2101,0.6319067335544365,0.03269318135087804
68859.60636953847,53314.60736953847,-59394.02377624616,20.546123613716617,170.181,2102,0.6316275948345837,0.032236999073753894
68859.881658,53314.882658,-59394.341372400006,20.546131597082,170.19,2103,0.6313408657473292,0.03176841224348354
68859.881658,53314.882658,-59394.341372400006,20.546131597082,170.198,2104,0.6310474284787337,0.03128886257208156
68859.96185295413,53314.96285295414,-59395.37358570276,20.54613392273567,170.204,2105,0.6307479994233314,0.03079952082686384
68860.09051669565,53315.091516695655,-59398.12910066087,20.546137653984175,170.245,2106,0.6304433289862019,0.030301613356859533
68861.947428,53316.948428,-59400.87042240001,20.546191504412,170.288,2107,0.6301342935438877,0.029796572379881033
68863.36320211765,53318.36420211765,-59405.28232828236,20.546232561861412,170.314,2108,0.6298216591217549,0.02928564977240053
68865.58673152942,53320.58773152942,-59411.82585769412,20.546297044214352,170.341,2109,0.6295063243632386,0.0287703141418859
68867.08135932744,53322.08235932744,-59416.9533746124,20.546340388420496,170.386,2110,0.6291890709367529,0.028251842929450627
68868.99518072727,53323.99618072728,-59420.54016785455,20.54639588924109,170.412,2111,0.6288706711691235,0.02773149830972324
68870.234354281,53325.235354281,-59424.33266372232,20.546431825274148,170.439,2112,0.6285520503609251,0.027210792454585058
68871.76204593104,53326.763045931046,-59429.356415503455,20.546476128332,170.484,2113,0.6282339724656917,0.026690973854618057
68873.19841647458,53328.199416474585,-59435.25304612882,20.546517783077764,170.511,2114,0.6279171302614343,0.026173174681850354
68875.52032179311,53330.521321793116,-59440.50089826208,20.546585118332,170.65,2115,0.6276022984594901,0.02565866100779704
68511.58885103284,52966.58985103284,-59629.719496656726,20.536031105679953,172.857,2116,0.6272901647730091,0.02514855672724019
68502.76391048136,52957.76491048136,-59654.83136359323,20.53577518240396,172.867,2117,0.6269813548042988,0.024643884230356863
68502.76391048136,52957.76491048136,-59654.83136359323,20.53577518240396,172.876,2118,0.6266764581880825,0.024145607127322225
68501.04036112942,52956.04136112942,-59660.733228000005,20.535725199472754,172.884,2119,0.6263759050151136,0.023654428293679433
68501.04036112942,52956.04136112942,-59660.733228000005,20.535725199472754,172.89,2120,0.6260803430158592,0.02317140628253614
68501.04036112942,52956.04136112942,-59660.733228000005,20.535725199472754,172.896,2121,0.6257904148756674,0.022697591402017832
68500.18271407059,52955.18371407059,-59665.254404470594,20.535700327708046,172.902,2122,0.6255063360265392,0.02223333572173631
68499.02662234576,52954.02762234576,-59670.13288901695,20.535666801048027,172.925,2123,0.6252283134635488,0.021778977523261578
68498.52475793898,52953.52575793899,-59674.13712630509,20.53565224698023,172.966,2124,0.6249567612229985,0.021335193445159648
68497.7639966164,52952.7649966164,-59678.054539475415,20.535630184901876,172.992,2125,0.6246918301664162,0.020902230032787534
68496.58946863448,52951.59046863449,-59684.46529696552,20.535596123590402,173.037,2126,0.6244337679835821,0.020480492073012616
68496.46471941819,52951.46571941819,-59691.62504618183,20.53559250586313,173.064,2127,0.6241826316734373,0.020070072716318516
68497.66048496842,52952.66148496843,-59700.039543789484,20.535627183064083,173.091,2128,0.6239384814021658,0.01967107028925325
68498.14495223414,52953.14595223415,-59709.5644475122,20.53564123261479,173.136,2129,0.6237012399568418,0.019283358606641758
68497.69739966896,52952.69839966897,-59717.62719351725,20.5356282535904,173.264,2130,0.623471013108922,0.01890711052542037
68374.71690662189,52829.717906621896,-59854.74027430073,20.532061819292036,174.16,2131,0.6232476989669394,0.01854215952952361
68347.03115545075,52802.03215545075,-59847.66504279403,20.531258932508074,174.169,2132,0.6230311693854195,0.018188296197290007
68347.03115545075,52802.03215545075,-59847.66504279403,20.531258932508074,174.177,2133,0.622821098025111,0.017844987209004022
68347.03115545075,52802.03215545075,-59847.66504279403,20.531258932508074,174.185,2134,0.6226175009919082,0.017512258885713068
68343.01861496171,52798.01961496171,-59846.22345181277,20.53114256883389,174.191,2135,0.6224201180984643,0.017189686016409716
68343.01861496171,52798.01961496171,-59846.22345181277,20.53114256883389,174.197,2136,0.62222870634186,0.016876871473725887
68343.01861496171,52798.01961496171,-59846.22345181277,20.53114256883389,174.202,2137,0.6220431916097475,0.01657369413960402
68338.90572699861,52793.90672699861,-59844.40378509651,20.53102329508296,174.208,2138,0.6218632527820169,0.01627962922370666
68334.80157815474,52789.80257815475,-59843.29910641752,20.53090427476649,174.231,2139,0.6216890501807589,0.015994938732309606
68331.68929951305,52786.69029951305,-59842.02597725218,20.530814018685877,174.272,2140,0.6215205363019812,0.015719545032043352
68328.90840219575,52783.90940219576,-59840.53111138724,20.530733372663676,174.297,2141,0.6213574633392451,0.015453043145391516
68326.1652550964,52781.16625509641,-59838.06987152807,20.530653821397795,174.323,2142,0.6211996516024718,0.015195139413955958
68324.2301256,52779.23112560001,-59837.77928160001,20.5305977026424,174.35,2143,0.6210472095134728,0.014946011026013888
68322.37674392061,52777.37774392062,-59836.59155640916,20.530543954573698,174.395,2144,0.6209002205525848,0.01470579440925289
68321.76576196364,52776.76676196365,-59834.21364523637,20.530526236096946,174.539,2145,0.6207588523458288,0.0144747635063925
68143.26103478711,52598.26203478711,-59742.600626322586,20.525349599008827,175.365,2146,0.6206231651843861,0.01425301684825738
68130.98510178462,52585.98610178463,-59758.72972061539,20.524993596951756,175.371,2147,0.6204933273114929,0.014040829386250562
68130.98510178462,52585.98610178463,-59758.72972061539,20.524993596951756,175.376,2148,0.6203695986686004,0.013838625929525053
68124.85681475823,52579.85781475823,-59762.34553002986,20.52481587662799,175.382,2149,0.6202522545105793,0.01364685631317972
68124.85681475823,52579.85781475823,-59762.34553002986,20.52481587662799,175.387,2150,0.6201415742754037,0.013465977208547928
68124.85681475823,52579.85781475823,-59762.34553002986,20.52481587662799,175.393,2151,0.6200381450712847,0.013296948096853826
68124.85681475823,52579.85781475823,-59762.34553002986,20.52481587662799,175.398,2152,0.6199422001950529,0.013140150243295776
68115.53703185456,52570.538031854565,-59764.73160872728,20.524545602923784,175.404,2153,0.6198543160026279,0.012996525557172676
68105.30948640002,52560.31048640002,-59768.00733600001,20.5242490041056,175.429,2154,0.6197749404349713,0.012866806085718831
68095.7874864,52550.78848640001,-59771.508336000006,20.523972866105602,175.473,2155,0.6197046527115094,0.012751938417916912
68085.9365773091,52540.9375773091,-59774.71615418183,20.523687189741963,175.5,2156,0.6196441378360482,0.01265304202080531
68073.34944292175,52528.35044292176,-59778.91781426088,20.52332216284473,175.527,2157,0.619593875436349,0.01257090072575103
68061.2380183149,52516.23901831491,-59784.16412323405,20.522970931531134,175.554,2158,0.6195546267791883,0.012506758632503966
68047.37013345884,52502.371133458844,-59790.31080658824,20.522568762870307,175.599,2159,0.6195270223055539,0.012461646038851667
68033.65979409232,52488.66079409233,-59797.13548984616,20.522171163028677,175.738,2160,0.6195116777274535,0.012436569171754798
68093.93282066015,52548.93382066015,-59986.51173739301,20.523919080799146,176.522,2161,0.6195092640888124,0.012432624684325513
68115.66734746667,52570.66834746668,-59964.00939706667,20.524549382076533,176.532,2162,0.619520383759357,0.01245079699891024
68115.66734746667,52570.66834746668,-59964.00939706667,20.524549382076533,176.54,2163,0.6195456054022354,0.012492015452900128
68115.66734746667,52570.66834746668,-59964.00939706667,20.524549382076533,176.547,2164,0.619585649638603,0.012557457720964945
68121.29572080002,52576.29672080002,-59958.49265040001,20.5247126049032,176.553,2165,0.6196410254661293,0.012647955632225448
68124.49812197647,52579.49912197648,-59953.18108334119,20.524805474537317,176.559,2166,0.6197121322658221,0.012764161874841962
68126.29454126513,52581.295541265135,-59949.09082342326,20.52485757069669,176.601,2167,0.619799467601114,0.012906889591540991
68127.8833259613,52582.884325961306,-59945.68324652904,20.524903645452877,176.628,2168,0.6199034671692274,0.013076850820233684
68129.13740520946,52584.138405209465,-59941.98581701418,20.524940013751074,176.655,2169,0.6200245055533298,0.01327465772322578
68130.30361830001,52585.30461830001,-59936.21451165001,20.5249738339307,176.7,2170,0.6201627366161803,0.013500561750634422
68131.25738668237,52586.25838668237,-59931.39049510589,20.52500149321379,176.727,2171,0.6203183739364054,0.013754911943195563
68130.5726808,52585.57368080001,-59927.14575742703,20.5249816367432,176.754,2172,0.6204914626042188,0.01403778198956232
68129.52268080002,52584.52368080002,-59923.015200988244,20.524951186743202,176.781,2173,0.620682107459288,0.014349343223895283
68127.49268080002,52582.49368080002,-59919.83706373334,20.524892316743202,176.825,2174,0.6208901559175904,0.014689346285851914
68124.88652695385,52579.887526953855,-59917.54546116924,20.52481673828166,176.966,2175,0.6211152821576381,0.01505725870187044
68173.46801520001,52628.46901520001,-59935.64665440001,20.5262256014408,177.75,2176,0.6213573711844296,0.01545289254144223
68178.97755049414,52633.97855049414,-59933.53089204706,20.52638537796433,177.766,2177,0.6216159312515667,0.015875444168325786
68178.97755049414,52633.97855049414,-59933.53089204706,20.52638537796433,177.778,2178,0.621890632626394,0.016324374717136676
68180.70815378269,52635.70915378269,-59931.8569712504,20.5264355654597,177.788,2179,0.6221807949563538,0.01679857232213589
68180.70815378269,52635.70915378269,-59931.8569712504,20.5264355654597,177.801,2180,0.6224857748302012,0.017296985488901573
68184.47681520002,52639.47781520002,-59930.64177440001,20.5265448566408,177.811,2181,0.6228044855546493,0.017817838289614148
68189.40281520001,52644.403815200014,-59928.542774400004,20.5266877106408,177.823,2182,0.6231364483427693,0.018360348267036624
68194.65419224919,52649.65519224919,-59927.53374161312,20.526840000575227,177.851,2183,0.6234805989322284,0.018922776151122016
68200.26222503607,52655.26322503608,-59927.29620062951,20.527002633526045,177.879,2184,0.6238359803447341,0.019503558000698317
68204.23181520001,52659.23281520001,-59927.258024400006,20.5271177516408,177.951,2185,0.6242014636663868,0.020100848888936273
68206.35922899311,52661.360228993115,-59927.8519468138,20.5271794466408,177.957,2186,0.6245758967813361,0.0207127659712326
68207.1067282435,52662.1077282435,-59927.99768744349,20.52720112411906,177.98,2187,0.6249579627035968,0.021337156964070826
68206.4692742164,52661.47027421641,-59928.11210226886,20.527182637952276,178.005,2188,0.6253466939481135,0.0219724407556081
68205.65681520001,52660.657815200015,-59928.83124808422,20.5271590766408,178.032,2189,0.625740734199936,0.022616400788991527
68204.09386438034,52659.09486438034,-59929.7542334164,20.52711375106703,178.184,2190,0.6261387087020436,0.02326679036842551
68281.93090400001,52736.93190400001,-59956.597220400006,20.529371025216,178.979,2191,0.6265393567450563,0.023921549180400115
68320.4864922353,52775.487492235305,-59944.1315586353,20.530489137274824,178.988,2192,0.6269412994080584,0.024578423724276946
68320.4864922353,52775.487492235305,-59944.1315586353,20.530489137274824,178.997,2193,0.6273430887114002,0.025235047640225505
68324.50790400001,52779.50890400002,-59942.31647040001,20.530605758216,179.005,2194,0.6277433947884316,0.025889247594510334
68324.50790400001,52779.50890400002,-59942.31647040001,20.530605758216,179.011,2195,0.6281410263087934,0.026539076656242454
68324.50790400001,52779.50890400002,-59942.31647040001,20.530605758216,179.017,2196,0.6285345540674845,0.027182199148048505
68324.50790400001,52779.50890400002,-59942.31647040001,20.530605758216,179.022,2197,0.6289228689952893,0.02781680257426157
68327.50330126028,52782.504301260284,-59941.571073139734,20.53069262473655,179.028,2198,0.6293046132328515,0.028440667854083793
68329.08161828572,52784.08261828573,-59941.11561325715,20.530738395930285,179.051,2199,0.6296787734283582,0.029052138917953108
68330.14340400002,52785.14440400002,-59940.34847040001,20.530769187716,179.074,2200,0.6300440513708191,0.029649094165376085
68330.9916934737,52785.9926934737,-59939.823470400006,20.53079378811074,179.117,2201,0.6303996530540041,0.030230235992171412
68331.97381811045,52786.97481811045,-59938.36055628958,20.530822269725203,179.143,2202,0.6307445591933003,0.03079389863310214
68331.25002164707,52786.25102164707,-59936.51494098824,20.530801279627767,179.17,2203,0.6310776957844088,0.031338326897319295
68329.32590400001,52784.326904000016,-59936.283470400005,20.530745480216,179.215,2204,0.6313981846864987,0.031862085683723125
68323.87313291567,52778.87413291568,-59936.77594027953,20.530587349854553,179.35,2205,0.6317054104000067,0.032364169112539906
68312.88559094796,52767.886590947965,-59983.92544037261,20.53026871113749,180.138,2206,0.6319986675346791,0.03284342440019167
68332.91414732308,52787.91514732309,-60016.56439716923,20.53084953927237,180.148,2207,0.6322774330021339,0.03329899668981946
68332.91414732308,52787.91514732309,-60016.56439716923,20.53084953927237,180.156,2208,0.6325410404395424,0.03372979697839034
68335.05759213914,52790.05859213915,-60021.14255770435,20.530911699172034,180.163,2209,0.6327889463462402,0.034134937050285676
68335.05759213914,52790.05859213915,-60021.14255770435,20.530911699172034,180.17,2210,0.633021031360327,0.03451422183839514
68335.05759213914,52790.05859213915,-60021.14255770435,20.530911699172034,180.175,2211,0.6332368853758494,0.03486698112732283
68335.05759213914,52790.05859213915,-60021.14255770435,20.530911699172034,180.185,2212,0.6334362797809606,0.035192841308301734
68335.79871745883,52790.79971745884,-60025.802813458824,20.530933191806305,180.192,2213,0.6336191577479147,0.035491709510624005
68337.29738941841,52792.298389418414,-60028.32013572515,20.530976653293134,180.215,2214,0.6337855176499824,0.03576358307580847
68337.5661613091,52792.56716130911,-60027.42771185455,20.530984447677966,180.257,2215,0.6339353110372911,0.036008382824681245
68337.56552899873,52792.56652899874,-60026.647586782165,20.530984429340965,180.283,2216,0.6340686859962722,0.036226350767399655
68337.47948099603,52792.48048099603,-60026.19390812186,20.530981933948887,180.309,2217,0.6341860463798272,0.03641814690031357
68337.25755894963,52792.25855894963,-60026.82776181985,20.53097549820954,180.354,2218,0.6342872786426577,0.03658358566209043
68338.72843882107,52793.72943882107,-60027.40095587369,20.53101815372581,180.381,2219,0.6343726048066548,0.03672302989186629
68341.84091415002,52796.84191415002,-60029.241885150004,20.53110841551035,180.558,2220,0.6344422778892268,0.03683689308318106
68362.23046642337,52817.23146642337,-60056.74850839708,20.531699712526276,181.369,2221,0.6344965725415257,0.03692562408450699
68367.85931538463,52822.860315384634,-60084.506633046156,20.531862949146156,181.378,2222,0.6345358249737304,0.03698977234711724
68367.85931538463,52822.860315384634,-60084.506633046156,20.531862949146156,181.387,2223,0.6345604002846005,0.0370299345334297
68367.27226097562,52822.27326097562,-60088.00243041952,20.531845924568294,181.395,2224,0.6345706473245085,0.03704668075194606
68367.27226097562,52822.27326097562,-60088.00243041952,20.531845924568294,181.401,2225,0.6345669986416562,0.03704071789429255
68367.27226097562,52822.27326097562,-60088.00243041952,20.531845924568294,181.407,2226,0.6345506033255192,0.03701392385922095
68367.27226097562,52822.27326097562,-60088.00243041952,20.531845924568294,181.413,2227,0.6345210057545402,0.03696555404748843
68366.29777692308,52821.29877692308,-60090.92509458462,20.53181766453077,181.418,2228,0.6344783665212623,0.03689587090735732
68365.42360909091,52820.424609090915,-60093.33466101818,20.531792313663637,181.44,2229,0.634423310433642,0.036805895530836824
68364.4032,52819.404200000004,-60096.866479200005,20.5317627218,181.482,2230,0.6343562000435374,0.03669622041807307
68362.53046271187,52817.53146271188,-60099.894038522034,20.531708412418645,181.507,2231,0.634277340463107,0.03656734419841864
68360.25642413794,52815.25742413795,-60102.15703092414,20.5316424653,181.533,2232,0.6341869140109597,0.03641956482594544
68357.55035217392,52812.55135217392,-60105.082044417395,20.531563989213044,181.56,2233,0.6340851806439938,0.036253307135050684
68353.16724545455,52808.16824545455,-60107.32066101819,20.531436879118182,181.605,2234,0.6339723831423073,0.036068967888956874
68350.37705294118,52805.37805294119,-60107.494596847064,20.531355963535294,181.741,2235,0.6338489192649152,0.03586719712508349
68332.47717400001,52787.47817400002,-60066.07129000001,20.530836867046002,182.486,2236,0.6337147136939,0.03564787175517155
68359.0693181606,52814.07031816061,-60056.86303270074,20.531608039226658,182.505,2237,0.6335697501994226,0.03541096525561665
68359.0693181606,52814.07031816061,-60056.86303270074,20.531608039226658,182.517,2238,0.6334141232630064,0.0351566320327887
68359.0693181606,52814.07031816061,-60056.86303270074,20.531608039226658,182.529,2239,0.6332477930669639,0.0348848070146572
68365.5806887059,52820.581688705905,-60055.17239294118,20.53179686897247,182.541,2240,0.6330707735592129,0.03459551299559806
68365.5806887059,52820.581688705905,-60055.17239294118,20.53179686897247,182.552,2241,0.632882963501443,0.03428858452696608
68371.71276449082,52826.71376449082,-60052.71605226995,20.531974699170235,182.564,2242,0.6326845469801958,0.033964322452076055
68377.38314622223,52832.38414622223,-60051.115595555566,20.532139140240446,182.601,2243,0.6324753981177876,0.03362252105540266
68382.67399148467,52837.67499148467,-60050.77580687117,20.532292574753054,182.607,2244,0.632255344978961,0.03326289935185962
68385.39425733335,52840.39525733335,-60050.750040000006,20.532371462462667,182.613,2245,0.632024367511911,0.03288542457179763
68389.31531109678,52844.31631109679,-60050.62539483872,20.532485173021808,182.654,2246,0.6317822979935247,0.03248982261382462
68392.69611387343,52847.69711387344,-60049.87016658229,20.532583216302328,182.68,2247,0.6315289744443158,0.032075828763067325
68395.33562988236,52850.33662988237,-60050.29709882354,20.53265976226659,182.707,2248,0.631264271063021,0.03164323742889044
68399.82092400001,52854.82192400002,-60052.871858181825,20.532789835796002,182.752,2249,0.6309882653810106,0.0311921753168871
68404.63685503449,52859.637855034496,-60056.22741931035,20.532929497796,182.914,2250,0.6307008425632108,0.030722454757910102
68451.40216966155,52906.40316966156,-60155.5920251077,20.534285691920186,183.615,2251,0.6304019799392697,0.030234038702951268
68446.3572413695,52901.3582413695,-60181.27779042713,20.534139388999716,183.624,2252,0.6300916289651716,0.029726847818983337
68446.3572413695,52901.3582413695,-60181.27779042713,20.534139388999716,183.633,2253,0.6297697651356592,0.02920084205830523
68442.46188120001,52897.462881200016,-60188.43908280001,20.5340264235548,183.64,2254,0.6294365216712323,0.02865623913643476
68442.46188120001,52897.462881200016,-60188.43908280001,20.5340264235548,183.646,2255,0.6290919747694997,0.02809316357926608
68438.59156577944,52893.59256577944,-60194.826033734586,20.533914184407603,183.652,2256,0.628736355317333,0.02751199271352355
68434.82881301819,52889.829813018194,-60200.48669643637,20.53380506457753,183.677,2257,0.6283700170761904,0.02691330467364787
68431.18777405715,52886.188774057155,-60205.293189942866,20.53369947444766,183.721,2258,0.6279930416854658,0.026297232878766574
68425.89783120001,52880.898831200015,-60210.58133280001,20.5335460661048,183.748,2259,0.627605866216817,0.025664491612961644
68421.04348834287,52876.04448834287,-60215.19318994286,20.533405290161944,183.793,2260,0.6272090199272514,0.02501594581416381
68417.92938120001,52872.930381200014,-60219.065332800004,20.5333149810548,183.82,2261,0.6268030537198456,0.024352495795379066
68412.89722913815,52867.898229138154,-60223.21445651135,20.533169048645007,183.847,2262,0.6263889458945595,0.023675740342700997
68409.70176522063,52864.70276522063,-60227.1503328,20.5330763801914,183.874,2263,0.6259670124034981,0.022986195800657912
68406.94417958711,52861.945179587114,-60230.293558606456,20.532996410208025,183.919,2264,0.6255380183144531,0.022285112480806897
68403.66063120001,52858.66163120001,-60233.643189942864,20.5329011873048,184.091,2265,0.6251029940055786,0.02157417427799707
68377.04014168952,52832.04114168952,-60346.579919748256,20.532129193108997,184.751,2266,0.6246630797854089,0.020855244740732776
68379.06783120001,52834.06883120001,-60351.73246800001,20.5321879961048,184.76,2267,0.6242190122886526,0.02012952771382239
68380.84247833377,52835.84347833377,-60355.12542596179,20.53223946087168,184.769,2268,0.6237718383954642,0.019398734060499207
68383.01364489863,52838.014644898634,-60358.429339232884,20.53230242470206,184.795,2269,0.6233229942675225,0.018665210827082168
68385.59580602519,52840.59680602519,-60360.76593373427,20.53237730737473,184.822,2270,0.6228735134172456,0.01793064703059002
68386.80715293913,52841.808152939135,-60362.27775495653,20.532412436435234,184.867,2271,0.6224248208781386,0.017197371531130635
68389.09366568277,52844.09466568277,-60363.80008179311,20.5324787453048,184.894,2272,0.6219780614360294,0.01646725519422268
68390.22491691429,52845.22591691429,-60366.40023942858,20.532511551590513,184.921,2273,0.6215346241125191,0.015742568027542748
68391.94188120001,52846.94288120001,-60369.394168000006,20.5325613435548,184.965,2274,0.6210961497789923,0.015025991624117654
68392.67688120001,52847.67788120001,-60372.16791800001,20.5325826585548,184.992,2275,0.620664212082885,0.014320097716278856
68394.40617076836,52849.40717076836,-60374.55037303598,20.532632807952282,185.066,2276,0.6202404709892958,0.013627599100943149
68396.07795944429,52851.07895944429,-60377.07853822901,20.532681289823884,185.074,2277,0.6198261634053202,0.01295051719275242
68397.04230905235,52852.04330905236,-60380.338245181214,20.53270925596252,185.098,2278,0.6194230708495019,0.01229176343726491
68398.56314732904,52853.564147329045,-60384.08818412904,20.532753360272544,185.122,2279,0.6190326658763895,0.011653744355824159
68399.4546312,52854.455631200006,-60386.852868,20.5327792133048,185.266,2280,0.6186566030509856,0.011039163920243596
68396.37929085355,52851.38029085356,-60426.046298324414,20.532690028434754,186.082,2281,0.6182962564185832,0.01045026766317813
68387.5125192,52842.5135192,-60430.104093600006,20.5324328920568,186.09,2282,0.617953027535464,0.009889346077098278
68387.5125192,52842.5135192,-60430.104093600006,20.5324328920568,186.099,2283,0.6176285003051616,0.009358987655356423
68386.77070101819,52841.771701018195,-60431.00136632728,20.532411379329528,186.106,2284,0.6173241225189519,0.008861558449933363
68386.77070101819,52841.771701018195,-60431.00136632728,20.532411379329528,186.112,2285,0.6170413585968529,0.008399451688321482
68386.77070101819,52841.771701018195,-60431.00136632728,20.532411379329528,186.118,2286,0.6167815526497173,0.007974863982835003
68386.77070101819,52841.771701018195,-60431.00136632728,20.532411379329528,186.124,2287,0.616546435989544,0.007590624729017745
68386.98517545,52841.98617545,-60432.99815610001,20.53241759908805,186.129,2288,0.6163366567291618,0.007247793104852454
68387.31118586667,52842.31218586667,-60436.10542693334,20.532427053390133,186.152,2289,0.6161533489813835,0.0069482225334888004
68387.73787353071,52842.73887353072,-60437.30692824568,20.532439427332392,186.194,2290,0.6159974793815586,0.00669349273813801
68388.01462446316,52843.015624463165,-60438.16619886317,20.53244745310943,186.219,2291,0.6158700066846119,0.00648517056343229
68387.88507733954,52842.88607733954,-60439.22688429768,20.532443696242847,186.246,2292,0.6157713827124732,0.006323994399075803
68388.2713992,52843.27239920001,-60439.50873360001,20.532454899576802,186.292,2293,0.6157027552376655,0.006211839991591279
68388.35299164095,52843.35399164095,-60438.72566840316,20.532457265757586,186.318,2294,0.6156645102411726,0.0061493381301586615
68387.98620341053,52842.987203410536,-60439.32198833685,20.532446628898906,186.487,2295,0.6156570023637519,0.0061370683862120665
68381.3208714712,52836.3218714712,-60328.34749313899,20.532253334272664,187.231,2296,0.6156805230112048,0.006175506989499239
68401.93962853335,52856.94062853335,-60297.794272800005,20.53285127822747,187.24,2297,0.6157351543020406,0.006264788142142147
68401.93962853335,52856.94062853335,-60297.794272800005,20.53285127822747,187.249,2298,0.6158207906652651,0.006404739314809876
68401.93962853335,52856.94062853335,-60297.794272800005,20.53285127822747,187.257,2299,0.615937371454521,0.006595261396231432
68401.93962853335,52856.94062853335,-60297.794272800005,20.53285127822747,187.263,2300,0.6160846169589169,0.0068358972690586205
68405.92029520002,52860.92129520002,-60290.523606133334,20.5329667175608,187.269,2301,0.6162622623608441,0.00712621415528115
68405.92029520002,52860.92129520002,-60290.523606133334,20.5329667175608,187.275,2302,0.6164690659299873,0.007464182757913176
68411.5632719442,52866.5642719442,-60282.469156520936,20.533130363886382,187.28,2303,0.6167047531200427,0.007849354399830793
68416.72335402355,52871.72435402355,-60274.60250809412,20.533280006266683,187.305,2304,0.6169685116813185,0.008280401662486649
68421.55629520002,52876.55729520002,-60266.154272800006,20.5334201615608,187.331,2305,0.6172592895251522,0.008755605170646597
68426.75164403723,52881.75264403723,-60257.43520303256,20.533570826677078,187.377,2306,0.6175759670322435,0.009273135187174278
68432.45510117016,52887.45610117016,-60247.57919817314,20.533736226933936,187.385,2307,0.6179174319440887,0.009831174004310425
68437.5874716706,52892.588471670606,-60237.539713976475,20.533885065678447,187.43,2308,0.6182823065727729,0.010427470136447995
68442.4962952,52897.49729520001,-60228.044272800005,20.5340274215608,187.456,2309,0.6186691736183686,0.01105970736207264
68445.88242658688,52900.88342658688,-60218.40201002628,20.534125619371018,187.636,2310,0.6190765364250365,0.011725439772321787
68375.81403713685,52830.815037136854,-60047.51655966317,20.53209363607697,188.522,2311,0.6195027146582812,0.01242192128160469
68374.54574766317,52829.546747663175,-60033.374717557905,20.53205685568223,188.532,2312,0.6199460011933231,0.013146362022325137
68374.54574766317,52829.546747663175,-60033.374717557905,20.53205685568223,188.541,2313,0.62040471742696,0.013896018738257233
68374.54574766317,52829.546747663175,-60033.374717557905,20.53205685568223,188.549,2314,0.6208771535021987,0.014668097096686645
68374.43964240002,52829.44064240002,-60029.3391467077,20.5320537786296,188.558,2315,0.6213613486389501,0.015459392693987481
68374.43964240002,52829.44064240002,-60029.3391467077,20.5320537786296,188.565,2316,0.6218554131719036,0.016266817345816205
68374.43964240002,52829.44064240002,-60029.3391467077,20.5320537786296,188.571,2317,0.622357481232026,0.017087321756880262
68376.19387495815,52831.19487495815,-60026.06712881861,20.532104651373785,188.576,2318,0.6228655351988014,0.017917608632122044
68376.72080657912,52831.721806579124,-60022.709752907474,20.532119932390795,188.602,2319,0.623377704819641,0.01875462151242651
68377.42630906668,52832.42730906668,-60018.08278773334,20.532140391962933,188.647,2320,0.6238921133378992,0.019595293309427088
68378.60494674784,52833.60594674785,-60013.36945440001,20.532174572455688,188.674,2321,0.6244067288791668,0.020436303433650587
68380.04316995907,52835.044169959074,-60009.625832352765,20.532216280928814,188.701,2322,0.6249196391955144,0.02127452679512241
68380.71555416472,52835.71655416473,-60005.68592498825,20.532235780070778,188.725,2323,0.6254290919805913,0.02210709968829251
68380.82036115,52835.82136115001,-60001.07789190001,20.53223881947335,188.77,2324,0.625933443959166,0.0229313365916488
68381.58364240002,52836.58464240002,-59996.30945440001,20.5322609546296,188.894,2325,0.6264309244098902,0.023744343704943115
68377.66630560001,52832.667305600015,-59761.481457600006,20.5321473518624,189.826,2335,0.6269200312812659,0.024543666301460508
68192.28445643077,52647.28545643078,-59968.558618338466,20.52677127823649,190.857,2341,0.6273992144834283,0.025326771147815647
68160.26550809553,52615.266508095534,-59916.94982844179,20.52584272873477,190.866,2342,0.6278669035459045,0.026091091703627438
68160.26550809553,52615.266508095534,-59916.94982844179,20.52584272873477,190.875,2343,0.6283219832219265,0.02683480537756756
68156.87686423349,52611.877864233495,-59898.83898933589,20.52574445806277,190.883,2344,0.6287632222926766,0.027555900051058617
68156.87686423349,52611.877864233495,-59898.83898933589,20.52574445806277,190.909,2345,0.6291894247085039,0.02825242108071191
68155.48261172831,52610.48361172831,-59881.57094925283,20.525704024740122,190.915,2346,0.6295995607147238,0.02892268559058241
68157.128697101,52612.129697101,-59863.55257264159,20.52575176121593,190.92,2347,0.6299929812906265,0.029565632918984164
68160.70546184789,52615.70646184789,-59845.97486102535,20.52585548739359,190.963,2348,0.6303689734759141,0.03018009791099913
68167.21058883934,52622.211588839345,-59829.405468275414,20.52604413607634,190.986,2349,0.6307269384160626,0.030765101888998662
68174.89395992727,52629.894959927275,-59811.466429527274,20.52626695383789,191.031,2350,0.6310664041657481,0.031319873576634336
68185.70351698724,52640.70451698724,-59795.18330573617,20.52658043099263,191.058,2351,0.6313870925878553,0.03184395842850076
68197.45241447273,52652.45341447274,-59782.311429527275,20.52692114901971,191.085,2352,0.631688668537873,0.03233680873489148
68211.39589040856,52666.39689040856,-59773.903942896264,20.52732550982185,191.13,2353,0.6319709782827609,0.032798173257682396
68223.80796306206,52678.80896306207,-59767.54450162759,20.5276854599288,191.157,2354,0.6322339844857516,0.03322799097928462
68236.60532356364,52691.60632356364,-59761.049247709096,20.528056583383346,191.3,2355,0.6324777377907361,0.03362634466444526
68499.78552,52954.78652000001,-59719.51491224349,20.53568880908,192.096,2356,0.6327025330427574,0.033993716163490034
68578.79167384616,53033.79267384617,-59689.31946073847,20.53797998754154,192.104,2357,0.632908941217257,0.03433103859267498
68578.79167384616,53033.79267384617,-59689.31946073847,20.53797998754154,192.112,2358,0.6330973211290312,0.03463889834485445
68578.79167384616,53033.79267384617,-59689.31946073847,20.53797998754154,192.12,2359,0.6332682105550544,0.034918174281710734
68578.79167384616,53033.79267384617,-59689.31946073847,20.53797998754154,192.127,2360,0.6334221353947856,0.03516972585410309
68593.7030480899,53048.7040480899,-59677.63167335731,20.538412417394607,192.132,2361,0.633559929147068,0.03539491520699124
68593.7030480899,53048.7040480899,-59677.63167335731,20.538412417394607,192.138,2362,0.6336822276189777,0.035594781407688875
68608.21267025908,53063.21367025908,-59664.61146552125,20.538833196437512,192.143,2363,0.6337897885298058,0.035770562758470265
68619.41242355331,53074.41342355331,-59648.10079615432,20.539157989283048,192.166,2364,0.6338834025073776,0.03592355134236102
68628.06123428572,53083.062234285724,-59629.948142057154,20.539408804794284,192.208,2365,0.6339640045957043,0.0360552752544476
68634.15787602095,53089.158876020956,-59609.631365692156,20.539585607404607,192.251,2366,0.6340322316370517,0.036166775253801665
68633.79552,53088.79652,-59593.32457062858,20.53957509908,192.278,2367,0.6340891520172292,0.03625979734925953
68631.35167384616,53086.352673846166,-59577.47542227693,20.53950422754154,192.305,2368,0.6341357178496473,0.03633589753156276
68626.35763267607,53081.35863267607,-59563.20128089015,20.539359400347607,192.35,2369,0.6341726953131493,0.036396327928003444
68620.2413493839,53075.2423493839,-59551.47161531375,20.53918202813213,192.484,2370,0.6342008856599194,0.036442397984458745
68387.89335,52842.89435,-59494.36107990001,20.53244393615,193.363,2371,0.6342211511927681,0.03647551691875401
68342.1771,52797.178100000005,-59499.72264240001,20.5311181649,193.372,2372,0.6342344912128596,0.03649731783818723
68342.1771,52797.178100000005,-59499.72264240001,20.5311181649,193.381,2373,0.6342414855867508,0.03650874838931399
68340.28308425198,52795.28408425198,-59497.73012271497,20.53106323844331,193.389,2374,0.6342428104518005,0.03651091354918722
68340.28308425198,52795.28408425198,-59497.73012271497,20.53106323844331,193.396,2375,0.6342392344205118,0.03650506942230568
68340.28308425198,52795.28408425198,-59497.73012271497,20.53106323844331,193.401,2376,0.6342314819252408,0.03649239991179145
68340.28308425198,52795.28408425198,-59497.73012271497,20.53106323844331,193.407,2377,0.6342200076565648,0.036473648095433964
68341.863975,52796.864975000004,-59496.01482990001,20.531109084275002,193.413,2378,0.6342054508974191,0.036449858720967544
68346.83492608696,52801.83592608696,-59491.75177283479,20.531253241856522,193.438,2379,0.6341882306588363,0.036421716556908595
68356.2663,52811.26730000001,-59485.535042400006,20.5315267517,193.464,2380,0.6341687375507741,0.03638985995733416
68366.22822676056,52821.229226760566,-59477.08405085071,20.531815647576057,193.491,2381,0.6341474636106061,0.03635509303401256
68375.99499473684,52830.99599473685,-59466.31053713685,20.532098883847368,193.517,2382,0.6341245771546059,0.036317690857707544
68383.74619090909,52838.7471909091,-59454.32718785456,20.532323668536364,193.562,2383,0.6341003467495596,0.036278092333520404
68387.93430000001,52842.93530000001,-59441.89704240001,20.5324451237,193.589,2384,0.6340751392133116,0.03623689693328221
68391.381975,52846.382975,-59427.38026740001,20.532545106275,193.733,2385,0.6340491576729435,0.03619443661729815
68390.53174386805,52845.532743868054,-59350.65221826804,20.532520449572175,194.455,2386,0.6340222880577792,0.036150524965637774
68392.0442267309,52847.0452267309,-59338.21564353927,20.532564311575197,194.464,2387,0.6339947753137462,0.03610556228102873
68394.22778694032,52849.22878694032,-59326.064229926706,20.53262763482127,194.473,2388,0.633966839469276,0.03605990814479676
68398.03119514839,52853.03219514839,-59313.394572774196,20.532737933659302,194.5,2389,0.6339384853048218,0.03601357036939423
68405.00310329492,52860.00410329492,-59298.37561159323,20.53294011899555,194.526,2390,0.6339097142147906,0.03596655123363014
68410.86886600679,52865.86986600679,-59284.30917091526,20.533110226114196,194.553,2391,0.6338802392746936,0.0359183818313393
68417.7749326345,52872.7759326345,-59271.05609668966,20.5333105020464,194.598,2392,0.6338504869494875,0.03586975911260861
68424.64816182101,52879.64916182101,-59257.219741193374,20.53350982569281,194.625,2393,0.6338202334505092,0.03582031735095622
68432.74600160001,52887.747001600015,-59244.991476,20.5337446630464,194.651,2394,0.6337895947239433,0.0357702460313614
68440.77355332415,52895.774553324154,-59234.73333806897,20.5339774620464,194.696,2395,0.6337586161660208,0.03571961934258623
68446.63700160001,52901.63800160002,-59228.748276000006,20.5341475020464,194.741,2396,0.6337275421439461,0.03566883664158037
68452.95265377391,52907.95365377392,-59224.476171652175,20.534330655959444,194.751,2397,0.6336960556957971,0.03561737993352233
68455.88834306343,52910.889343063434,-59221.6230857561,20.534415790948838,194.795,2398,0.6336643719348798,0.03556560076719689
68457.75792265264,52912.75892265265,-59219.328923368426,20.534470008756927,194.822,2399,0.6336326956693996,0.03551383385028491
68458.50432554368,52913.50532554368,-59217.64592670423,20.534491654440767,194.965,2400,0.633600988475664,0.035462016388891016
68641.72751560232,53096.72851560233,-59221.77016923469,20.539805126952466,195.788,2401,0.633569345255949,0.035410303476999874
68662.41521040001,53117.41621040001,-59250.509191200006,20.5404050701016,195.797,2402,0.6335379668690978,0.03535902336804971
68662.41521040001,53117.41621040001,-59250.509191200006,20.5404050701016,195.806,2403,0.6335071649690063,0.03530868538222347
68665.34081040001,53120.341810400016,-59257.369591200004,20.5404899125016,195.813,2404,0.6334770168740568,0.03525941587703883
68665.34081040001,53120.341810400016,-59257.369591200004,20.5404899125016,195.82,2405,0.6334479017958355,0.0352118345787918
68665.34081040001,53120.341810400016,-59257.369591200004,20.5404899125016,195.826,2406,0.6334202514287595,0.03516664698381128
68665.34081040001,53120.341810400016,-59257.369591200004,20.5404899125016,195.831,2407,0.6333943888940281,0.03512438115271419
68669.5100604,53124.51106040001,-59264.319841200006,20.5406108207516,195.838,2408,0.63337062135322,0.035085539064116766
68673.55123984786,53128.552239847864,-59272.063333531296,20.540728014955587,195.861,2409,0.6333493785742844,0.035050823066019546
68678.63883365583,53133.639833655834,-59280.81668422326,20.54087555517602,195.903,2410,0.6333309398162882,0.03502068953737651
68684.68164872336,53139.68264872336,-59289.93773491258,20.54105079681298,195.946,2411,0.6333160571017835,0.03499636747057005
68690.53972606266,53145.54072606267,-59298.176458669885,20.54122068105582,195.973,2412,0.6333048281020212,0.03497801648478018
68696.32331040001,53151.324310400014,-59306.79459120001,20.5413884050016,196.0,2413,0.6332976810426271,0.03496633640746646
68702.55012074484,53157.55112074484,-59313.965108441385,20.5415689825016,196.027,2414,0.633295340360515,0.03496251114919899
68711.99353767274,53166.99453767274,-59323.07921686846,20.54184284159251,196.177,2415,0.6332980682860877,0.034966969259848116
69017.99777162034,53472.99877162035,-59107.88002254916,20.55071696437699,198.198,2416,0.6333064246603786,0.034980625659270306
69031.23004725247,53486.23104725247,-59097.200481009844,20.55110070037032,198.208,2417,0.633320916843216,0.03500430949994555
69031.23004725247,53486.23104725247,-59097.200481009844,20.55110070037032,198.217,2418,0.6333420015318169,0.03503876713901283
69034.16636444652,53489.16736444652,-59097.25412187908,20.55118585356895,198.224,2419,0.6333702569842606,0.03508494359437444
69034.16636444652,53489.16736444652,-59097.25412187908,20.55118585356895,198.231,2420,0.6334059224018991,0.035143229780688796
69034.16636444652,53489.16736444652,-59097.25412187908,20.55118585356895,198.237,2421,0.6334492661446114,0.035214064264919485
69034.16636444652,53489.16736444652,-59097.25412187908,20.55118585356895,198.242,2422,0.6335005865811396,0.035297934655995296
69036.32116145086,53491.322161450866,-59097.47968356611,20.551248342682076,198.249,2423,0.6335605342990877,0.03539590417629817
69038.24817840001,53493.249178400016,-59098.45600560001,20.5513042261736,198.272,2424,0.6336294495011324,0.035508528801838614
69039.35508162582,53494.356081625825,-59099.10497334194,20.55133632636715,198.314,2425,0.6337074044693145,0.03563592665949592
69040.32283955703,53495.32383955704,-59099.739088244634,20.551364391347153,198.341,2426,0.6337948114032074,0.035778771386163435
69040.3586784,53495.35967840001,-59101.24900560001,20.5513654306736,198.389,2427,0.6338917514041851,0.03593719552171065
69039.84717840001,53494.84817840002,-59102.35150560001,20.551350597173602,198.412,2428,0.6339983600241733,0.03611142059178675
69039.63959775485,53494.64059775486,-59103.47432818065,20.55134457733489,198.435,2429,0.6341146159333498,0.036301411738143156
69039.20923722353,53494.21023722354,-59104.4995938353,20.551332096879484,198.569,2430,0.6342406019354162,0.03650730428267701
69140.37868228967,53595.37968228967,-59129.4914808,20.5542660107864,199.386,2431,0.6343762945532042,0.03672905985784094
69144.50110507826,53599.50210507827,-59131.45087210435,20.55438556104727,199.395,2432,0.634521508446144,0.03696637557092534
69144.50110507826,53599.50210507827,-59131.45087210435,20.55438556104727,199.403,2433,0.6346761417295156,0.03721908491689089
69146.3720616,53601.37306160001,-59131.97548080001,20.5544398187864,199.411,2434,0.6348399952486556,0.03748686242735431
69146.3720616,53601.37306160001,-59131.97548080001,20.5544398187864,199.417,2435,0.6350128734236096,0.03776938847589803
69150.0800616,53605.08106160001,-59134.4684808,20.5545473507864,199.422,2436,0.6351943983536849,0.0380660454785533
69154.0424094261,53609.0434094261,-59135.42261123479,20.554662258873357,199.465,2437,0.6353843468500933,0.038376468689183506
69158.78496300845,53613.78596300846,-59135.857142771834,20.554799792927245,199.492,2438,0.6355821713710725,0.03869976328800851
69165.24468131832,53620.24568131832,-59137.57855122254,20.55498712475823,199.519,2439,0.6357874819678582,0.039035292001505496
69171.66408809007,53626.66508809007,-59140.91659338278,20.555173287554613,199.564,2440,0.6359997562486223,0.03938220111115871
69178.83012611614,53633.83112611614,-59146.17225499355,20.555381102657368,199.591,2441,0.6362176826268486,0.03973834715753009
69185.97206160001,53640.973061600016,-59151.8834808,20.5555882187864,199.618,2442,0.6364416274216468,0.04010432879739364
69192.19106160001,53647.19206160001,-59156.734480800005,20.5557685697864,199.662,2443,0.6366711870912628,0.04047948654289217
69197.51784883405,53652.51884883405,-59160.957523353194,20.555923046616186,199.689,2444,0.6369053393435572,0.04086214971374053
69203.68258214796,53658.68358214796,-59164.47115203288,20.55610182388229,199.829,2445,0.6371437646559761,0.04125179613040631
69398.22031920002,53853.22131920002,-59143.352940000004,20.5617434182568,200.662,2446,0.6373856039904212,0.04164702191041832
69423.20822267109,53878.209222671096,-59097.50976644629,20.562468067457463,200.672,2447,0.6376301270509106,0.042046633568028055
69423.20822267109,53878.209222671096,-59097.50976644629,20.562468067457463,200.68,2448,0.637876684963858,0.04244957068198573
69426.05623920001,53881.05723920002,-59089.108940000006,20.5625506599368,200.688,2449,0.6381244825211796,0.042854533683981344
69426.05623920001,53881.05723920002,-59089.108940000006,20.5625506599368,200.694,2450,0.6383727681454356,0.043260294309057166
69426.05623920001,53881.05723920002,-59089.108940000006,20.5625506599368,200.7,2451,0.6386207309898403,0.043665527431364114
69426.05623920001,53881.05723920002,-59089.108940000006,20.5625506599368,200.705,2452,0.6388681413883706,0.04406985771934877
69427.92451506208,53882.92551506209,-59078.87135379311,20.5626048399368,200.711,2453,0.6391141395633992,0.044471880081965356
69430.2974892,53885.29848920001,-59071.04019000001,20.5626736561868,200.735,2454,0.6393581336911103,0.04487062733151517
69431.74796333794,53886.748963337945,-59065.79342275863,20.5627157199368,200.762,2455,0.6395993641408512,0.04526485804208279
69432.97457253335,53887.97557253335,-59061.41560666668,20.56275129160347,200.807,2456,0.6398373596428071,0.04565380204127009
69435.01123920002,53890.01223920002,-59056.03269000001,20.5628103549368,200.834,2457,0.64007132638273,0.04603616203864222
69436.23234089493,53891.233340894934,-59050.62334677967,20.562845766885953,200.86,2458,0.6403009338538371,0.04641139790369748
69438.70873920001,53893.709739200014,-59044.957440000006,20.5629175824368,200.905,2459,0.6405257204911342,0.04677875532413473
69439.98871707612,53894.989717076125,-59039.328232035405,20.562954701795206,201.034,2460,0.6407451049199553,0.04713728418877226
69568.30744789788,54023.308447897885,-58962.33870842554,20.56667594498904,201.88,2461,0.6409587927914813,0.04748650345823784
69587.75078018825,54042.75178018825,-58967.23592682353,20.56723980162546,201.899,2462,0.6411665531724162,0.047826035729938036
69592.81159220872,54047.81259220872,-58967.703324521746,20.567386565174054,201.911,2463,0.6413680658936189,0.04815535776765547
69592.81159220872,54047.81259220872,-58967.703324521746,20.567386565174054,201.923,2464,0.6415630741665377,0.04847404991486115
69592.81159220872,54047.81259220872,-58967.703324521746,20.567386565174054,201.935,2465,0.6417513592707451,0.04878175472783448
69592.81159220872,54047.81259220872,-58967.703324521746,20.567386565174054,201.945,2466,0.6419326418260547,0.04907801562968154
69592.81159220872,54047.81259220872,-58967.703324521746,20.567386565174054,201.956,2467,0.6421071253588927,0.04936316523333629
69597.70790449053,54052.70890449053,-58968.86009062774,20.567528558230226,201.968,2468,0.6422748508360248,0.049637270488709674
69602.2005409433,54057.20154094331,-58970.196069492544,20.567658844687355,201.98,2469,0.6424358935615303,0.04990045446144607
69606.19680960002,54061.197809600024,-58971.891406167946,20.567774736478402,201.991,2470,0.6425902837803518,0.05015276657932361
69610.23274710002,54065.23374710002,-58973.13464925,20.5678917786659,202.018,2471,0.6427382704907819,0.050394613767645424
69614.18285276549,54069.18385276549,-58975.70953346763,20.5680063317302,202.045,2472,0.6428800325140012,0.05062628826481299
69616.61345082139,54071.61445082139,-58977.91247487023,20.56807681907382,202.073,2473,0.6430161193991096,0.050848688171097084
69619.63063312943,54074.63163312944,-58981.13298564706,20.568164317360754,202.239,2474,0.6431466683851196,0.051062037769267064
69621.55872960002,54076.55972960002,-58983.943008,20.5682202321584,202.245,2475,0.6432720887232514,0.05126700587787207
69728.88289318356,54183.88389318356,-59084.838000854805,20.571332632902323,203.002,2476,0.6433928145967212,0.051464302060559665
69759.60958594286,54214.610585942864,-59094.15426308572,20.572223706992343,203.01,2477,0.6435092325009699,0.051654557947260864
69759.60958594286,54214.610585942864,-59094.15426308572,20.572223706992343,203.018,2478,0.6436220325264872,0.0518389013179236
69770.46491061819,54225.46591061819,-59097.9876397091,20.572538511407927,203.025,2479,0.6437317103188585,0.05201814218103374
69770.46491061819,54225.46591061819,-59097.9876397091,20.572538511407927,203.031,2480,0.6438387855971873,0.05219312988720913
69781.64511806174,54236.64611806175,-59099.74398504162,20.57286273742379,203.037,2481,0.6439439546966357,0.052365002421749504
69794.02024992676,54249.021249926765,-59100.32545020846,20.573221616247878,203.062,2482,0.6440480229276238,0.052535075862701966
69806.5136405647,54261.51464056471,-59100.0972252706,20.573583924576376,203.107,2483,0.6441516466386756,0.05270442284722865
69816.8319288,54271.83292880001,-59097.45134880001,20.5738831549352,203.134,2484,0.6442552213312005,0.05287368972325843
69828.28112880001,54283.28212880001,-59092.94894880001,20.5742151817352,203.179,2485,0.6443595969176583,0.05304426545969375
69837.24452407559,54292.245524075595,-59086.14713147717,20.574475120198194,203.206,2486,0.6444652700848557,0.05321696176663545
69845.07239809135,54300.07339809135,-59080.888863760636,20.57470212854465,203.232,2487,0.6445730443998264,0.05339309187300263
69852.60555232942,54307.606552329424,-59075.60266644707,20.574920590017552,203.259,2488,0.6446834646251208,0.05357354605664986
69860.14279179212,54315.14379179213,-59071.08665903623,20.57513916996197,203.304,2489,0.644797247105903,0.05375949500421055
69869.0816088,54324.0826088,-59065.86902880001,20.5753983956552,203.444,2490,0.6449147451668724,0.05395151613635218
69916.16117025884,54371.162170258845,-58909.00092748236,20.576763702937505,204.269,2491,0.6450365592342101,0.05415059069918307
69916.5481177946,54371.54911779461,-58889.79243781623,20.576774924416043,204.279,2492,0.6451632600073204,0.05435765135784528
69916.5481177946,54371.54911779461,-58889.79243781623,20.576774924416043,204.287,2493,0.645295378062221,0.054573565205861735
69920.45352320002,54375.454523200024,-58880.68622160001,20.5768881811728,204.295,2494,0.6454332887543067,0.05479894566754976
69920.45352320002,54375.454523200024,-58880.68622160001,20.5768881811728,204.301,2495,0.6455774302298045,0.055034508783105014
69920.45352320002,54375.454523200024,-58880.68622160001,20.5768881811728,204.307,2496,0.6457282552384848,0.05528099445855455
69920.45352320002,54375.454523200024,-58880.68622160001,20.5768881811728,204.313,2497,0.6458860710976081,0.055538904926938026
69925.44502320001,54380.44602320001,-58871.596221600004,20.5770329346728,204.318,2498,0.6460508102095901,0.055808129716945674
69930.78233898949,54385.783338989495,-58863.317800547375,20.577187716830696,204.359,2499,0.6462225628816706,0.05608881641312727
69937.65443923055,54392.655439230555,-58854.4307254168,20.577387007737688,204.383,2500,0.6464014656984547,0.0563811882287878
69945.64988683639,54400.65088683639,-58847.600684409925,20.577618875718255,204.427,2501,0.6465874898646031,0.0566851981051621
69953.32168320002,54408.32268320002,-58842.08534160001,20.5778413578128,204.454,2502,0.64678002116967,0.056999842269215874
69960.53198473848,54415.532984738486,-58836.58437544616,20.578050456557417,204.48,2503,0.6469796162059809,0.05732603033160646
69967.65302733224,54422.654027332246,-58833.91770920331,20.578256966792637,204.524,2504,0.6471859942497101,0.057663303519598794
69972.73730698379,54427.738306983796,-58831.73027565406,20.57840441090253,204.658,2505,0.6473988728498641,0.05801120023783431
70102.3990784504,54557.4000784504,-58862.65935110551,20.58216460227506,205.395,2506,0.647617851994156,0.0583690667664853
70106.10656452684,54561.10756452684,-58862.699278126835,20.58227211937128,205.403,2507,0.6478425074532456,0.05873620980901953
70106.10656452684,54561.10756452684,-58862.699278126835,20.58227211937128,205.41,2508,0.6480723423315267,0.05911181731410565
70109.37311824123,54564.374118241234,-58862.91041199389,20.582366849428997,205.416,2509,0.6483068499378632,0.05949506122207367
70113.29016066977,54568.291160669774,-58862.47915333954,20.582480443659424,205.441,2510,0.6485455613829931,0.05988517525094215
70117.48739884139,54572.48839884139,-58866.15225037242,20.5826021635664,205.468,2511,0.6487879289288195,0.06028126426007139
70123.02352188778,54578.02452188778,-58870.89292613525,20.582762711134745,205.495,2512,0.6490332622618367,0.06068220010504929
70128.10343383881,54583.10443383882,-58874.90137131941,20.582910028581324,205.54,2513,0.64928089045216,0.06108688631913457
70134.65579336471,54589.65679336472,-58880.674389317646,20.583100047007576,205.567,2514,0.6495299395919338,0.061493894718964534
70140.5414016,54595.5424016,-58887.541315200004,20.5832707296464,205.594,2515,0.6497797372532981,0.061902126389732165
70145.97605551305,54600.97705551305,-58895.22789954783,20.583428334609877,205.637,2516,0.6500293319139284,0.06231002630667828
70151.80835921195,54606.809359211955,-58905.301222065675,20.583597471417146,205.664,2517,0.6502785052076303,0.06271723760498693
70157.46649698462,54612.467496984624,-58913.164287507694,20.583761557412554,205.69,2518,0.6505258611459966,0.06312147889148298
70164.27558372766,54619.27658372767,-58921.27042498723,20.583959020928102,205.717,2519,0.6507706325816266,0.06352149645600975
70169.7888816,54624.78988160001,-58930.5065952,20.5841189065664,205.906,2520,0.6510119219450382,0.06391582344620664
70407.51945840001,54862.52045840002,-58885.316175600004,20.5910130932936,206.736,2521,0.6512489360162432,0.06430316354280738
70412.99059476364,54867.99159476365,-58851.23015287273,20.591171756248144,206.742,2522,0.6514808550577894,0.0646821770903969
70412.99059476364,54867.99159476365,-58851.23015287273,20.591171756248144,206.748,2523,0.6517068482336108,0.06505150629565766
70413.57604930911,54868.57704930911,-58846.81378923637,20.591188734429963,206.754,2524,0.6519262760583534,0.06541010608005261
70413.57604930911,54868.57704930911,-58846.81378923637,20.591188734429963,206.76,2525,0.6521383129848086,0.06575662729357604
70413.57604930911,54868.57704930911,-58846.81378923637,20.591188734429963,206.764,2526,0.6523422439878096,0.06608990140679928
70413.57604930911,54868.57704930911,-58846.81378923637,20.591188734429963,206.77,2527,0.6525375241867705,0.06640903794896806
70414.00695840002,54869.00795840002,-58841.72542560001,20.5912012307936,206.775,2528,0.6527235322471827,0.06671302150455313
70414.16595840002,54869.16695840002,-58836.3368256,20.591205841793602,206.798,2529,0.65289957738372,0.0670007231580699
70414.01633340001,54869.017333400014,-58830.29617560001,20.5912015026686,206.84,2530,0.653065449684639,0.06727179986138422
70413.82101780595,54868.82201780596,-58824.45801965941,20.591195838516374,206.866,2531,0.6532207614372855,0.06752561799533495
70414.1427478737,54869.143747873706,-58818.479530863166,20.591205168688337,206.893,2532,0.6533652852896077,0.06776180600997471
70413.54656236041,54868.547562360414,-58811.321584015845,20.591187879308453,206.938,2533,0.6534988964945653,0.06798016003753135
70412.48485313686,54867.485853136866,-58805.26058349474,20.591157089740967,206.965,2534,0.6536214469384799,0.06818043802331936
70412.17943546423,54867.18043546424,-58799.24531550826,20.591148232628463,207.11,2535,0.6537329695236213,0.06836269373785223
70502.47538552727,54957.476385527276,-58654.75361214546,20.59376681518029,207.971,2536,0.6538336632443504,0.06852725238753929
70509.64941714783,54964.65041714783,-58655.854244556525,20.593974862097287,207.979,2537,0.6539237035816914,0.06867440075213338
70509.64941714783,54964.65041714783,-58655.854244556525,20.593974862097287,207.987,2538,0.6540035271359212,0.06880485234536247
70510.24558648422,54965.24658648422,-58656.08394707369,20.59399215100804,207.995,2539,0.6540734419093444,0.06891911051979846
70510.24558648422,54965.24658648422,-58656.08394707369,20.59399215100804,208.001,2540,0.6541341248425864,0.0690182815652325
70510.24558648422,54965.24658648422,-58656.08394707369,20.59399215100804,208.006,2541,0.6541861607629185,0.06910332123526419
70510.24558648422,54965.24658648422,-58656.08394707369,20.59399215100804,208.011,2542,0.6542304625258596,0.06917572136345047
70511.98503171893,54966.98603171893,-58655.75356300541,20.59404259491985,208.016,2543,0.6542681055326114,0.0692372394235279
70514.45705619623,54969.458056196236,-58654.34513873208,20.59411428362969,208.041,2544,0.6542999132227348,0.0692892211210804
70518.79340251963,54973.794402519634,-58652.70142862805,20.59424003767307,208.086,2545,0.6543270576856652,0.06933358194252942
70523.89577381696,54978.89677381696,-58651.83561522712,20.594388006440692,208.113,2546,0.6543509472668773,0.06937262347558006
70529.54247643637,54984.543476436374,-58651.179793963645,20.594551760816653,208.14,2547,0.6543728660247667,0.06940844419185702
70536.49850949422,54991.49950949423,-58651.28600883968,20.594753485775332,208.167,2548,0.6543942238396947,0.06944334818745236
70543.0155245647,54998.01652456471,-58651.78698112942,20.594942479212378,208.212,2549,0.6544165444994082,0.06947982571153215
70551.2161128,55006.217112800005,-58652.93815760001,20.5951802962712,208.376,2550,0.6544414019160786,0.06952044892907104
70671.14170393044,55126.14270393044,-58723.60692469566,20.59865813841398,209.079,2551,0.6544705281806086,0.06956804850853614
70674.05473403078,55129.055734030786,-58722.19662369231,20.59874261628689,209.099,2552,0.6545056375795032,0.06962542602156856
70676.82996480001,55131.830964800014,-58719.833316000004,20.5988230979792,209.106,2553,0.6545485128786178,0.06969549495214475
70679.88021480001,55134.881214800014,-58717.885566000004,20.5989115552292,209.115,2554,0.6546010648718076,0.06978137801391907
70683.9759648,55138.97696480001,-58716.236316,20.5990303319792,209.159,2555,0.6546652153177507,0.06988621583980109
70687.52982686897,55142.53082686897,-58712.84828151725,20.5991333939792,209.186,2556,0.6547429414806984,0.07001323977264831
70692.2238048,55147.224804800004,-58710.908316,20.5992695193392,209.231,2557,0.6548359097578041,0.070165173120959
70696.9339648,55151.934964800006,-58708.76431600001,20.5994061139792,209.258,2558,0.6549459738285179,0.07034504525920716
70702.25396480001,55157.25496480001,-58705.934316000006,20.5995603939792,209.285,2559,0.6550750381957267,0.07055596862003621
70708.83052217706,55163.83152217706,-58701.94579140984,20.599751114143135,209.33,2560,0.6552249425915705,0.07080094978453763
70715.67176967805,55170.67276967806,-58697.056511121955,20.599949510320663,209.357,2561,0.6553975598247429,0.07108304938913924
70719.44946480001,55174.450464800015,-58690.611816000004,20.6000590634792,209.383,2562,0.6555943913369131,0.0714047211639434
70723.7124648,55178.71346480001,-58683.954816000005,20.6001826904792,209.412,2563,0.6558172359566689,0.07176890484343677
70728.62379530848,55183.62479530848,-58674.504993966104,20.600325119063946,209.449,2564,0.6560679183157665,0.07217858233091806
70732.37607006317,55187.37707006317,-58667.166421263166,20.60043393503183,209.594,2565,0.6563477336444951,0.07263587035567139
70745.404356,55200.405356,-58650.99888960001,20.600811755324,210.297,2566,0.6566581406324712,0.07314315278028413
70745.86935600001,55200.870356000014,-58651.61388960001,20.600825240324,210.306,2567,0.657000355598018,0.07370241737220974
70746.33522978642,55201.33622978642,-58652.10626824079,20.600838750663804,210.313,2568,0.6573754202593353,0.07431536655876039
70747.52835600001,55202.529356000014,-58651.83888960001,20.600873351324,210.345,2569,0.6577842277427732,0.07498345993111125
70748.284356,55203.28535600001,-58651.958889600006,20.600895275324,210.368,2570,0.6582277045566064,0.07570821163482651
70747.87613170093,55202.87713170094,-58652.158515768235,20.600883436819327,210.411,2571,0.6587066306876991,0.07649089636294797
70748.24729717648,55203.248297176484,-58651.916536658835,20.600894200618118,210.438,2572,0.6592213109926358,0.07733201232715689
70749.04035600001,55204.041356000016,-58651.69488960001,20.600917199324,210.483,2573,0.6597720577836385,0.07823206992350518
70750.13485104952,55205.13585104952,-58650.774929203966,20.600948939680436,210.51,2574,0.6603591385203407,0.0791915062477307
70750.06641207477,55205.06741207477,-58649.12038492711,20.600946954950167,210.536,2575,0.6609824944219507,0.08021022523736152
70750.99102266667,55205.99202266667,-58647.75222293334,20.600973768657333,210.581,2576,0.6616418496611651,0.08128777612180084
70752.36267375702,55207.36367375702,-58646.28244100188,20.601013546538955,210.608,2577,0.662336716333558,0.08242336154354761
70751.95341260378,55206.95441260378,-58644.36888960001,20.60100167796551,210.635,2578,0.6630667408667673,0.0836164036771922
70752.19417418183,55207.195174181834,-58643.56707141819,20.601008660051274,210.662,2579,0.6638310389538452,0.08486545734466173
70752.25732897298,55207.25832897298,-58642.73997068109,20.601010491540215,210.81,2580,0.6646285613195831,0.08616880776860754
70694.11202972905,55149.11302972905,-58684.25295445162,20.59932427786214,211.535,2581,0.6654582414963209,0.08752471207492761
70668.32853054916,55123.32953054916,-58687.154605627125,20.598576556385925,211.545,2582,0.6663188369847103,0.08893113970984448
70668.32853054916,55123.32953054916,-58687.154605627125,20.598576556385925,211.554,2583,0.6672089289984351,0.09038577202271458
70662.53577806283,55117.53677806283,-58686.99028849588,20.598408566563823,211.561,2584,0.6681267993341318,0.09188580104077305
70662.53577806283,55117.53677806283,-58686.99028849588,20.598408566563823,211.568,2585,0.6690705432159653,0.09342811388531105
70662.53577806283,55117.53677806283,-58686.99028849588,20.598408566563823,211.573,2586,0.6700383428348139,0.09500973980291628
70662.53577806283,55117.53677806283,-58686.99028849588,20.598408566563823,211.579,2587,0.6710284220735905,0.09662777617535757
70655.79380392258,55110.79480392259,-58686.8542447742,20.598213049313756,211.584,2588,0.6720383879314773,0.09827831224255563
70646.15423235,55101.15523235001,-58685.67871050001,20.59793350173815,211.609,2589,0.6730659436931715,0.09995759459897322
70636.13825740166,55091.139257401665,-58685.17838766943,20.59764303846465,211.636,2590,0.6741088638693576,0.10166198624009802
70628.00019652683,55083.001196526835,-58684.38909921952,20.597407034699277,211.68,2591,0.675164827628177,0.10338769434792662
70621.16079360001,55076.16179360001,-58684.46170800001,20.5972086920144,211.707,2592,0.676231528147156,0.10513094899928446
70616.96751360002,55071.96851360002,-58684.82714800001,20.5970870868944,211.735,2593,0.6773060695792144,0.10688701765790407
70614.3050788174,55069.306078817404,-58685.44297408697,20.597009876285703,211.762,2594,0.6783860505424506,0.1086519758669255
70611.24024087274,55066.24124087274,-58685.55326370249,20.59692099598531,211.905,2595,0.6794687833270041,0.11042143123820164
70583.57363655652,55038.57463655653,-58706.72722737392,20.59611866446014,212.61,2596,0.6805516698219551,0.11219113781059813
70587.73978489412,55042.74078489412,-58712.07981049413,20.59623948276193,212.619,2597,0.6816321840543436,0.11395696751439566
70587.73978489412,55042.74078489412,-58712.07981049413,20.59623948276193,212.628,2598,0.6827079053872392,0.11571496442521566
70588.9990905836,55044.000090583606,-58715.40173913444,20.596276002626926,212.635,2599,0.683776031107583,0.11746054821100621
70590.5531121,55045.5541121,-58718.526887700005,20.5963210692509,212.642,2600,0.6848341346492006,0.1191897532575253
70591.63269714099,55046.63369714099,-58721.46419815083,20.596352377217087,212.683,2601,0.6858802426877122,0.12089935466064784
70592.45447642927,55047.45547642927,-58723.53791666342,20.596376208816448,212.727,2602,0.6869118838695897,0.12258531361242701
70593.1614696,55048.16246960001,-58725.33797520001,20.5963967116184,212.754,2603,0.687926701801481,0.12424377917851115
70593.7700496,55048.77104960001,-58727.21957520001,20.596414360438402,212.781,2604,0.6889223424937818,0.125870904352872
70594.7015496,55049.7025496,-58729.11157520001,20.5964413739384,212.825,2605,0.6898969995117706,0.12746373697070343
70595.6509044387,55050.65190443871,-58730.69947842581,20.596468905228722,212.852,2606,0.6908486213540019,0.1290189243670602
70596.4715496,55051.4725496,-58732.05157520001,20.5964927039384,212.879,2607,0.691775343924738,0.13053342014465694
70597.02267863226,55052.023678632264,-58734.7436719742,20.596508686680338,212.906,2608,0.6926755709218467,0.13200461554773935
70597.86791323636,55052.868913236365,-58736.99620329918,20.596533198483854,212.95,2609,0.6935478432708995,0.13343012608484153
70598.86596820466,55053.86696820466,-58738.899482176756,20.596562142077936,213.056,2610,0.6943908265809452,0.1348077710283921
70596.6494765434,55051.65047654341,-58748.36826353209,20.59649786381976,213.811,2611,0.6952032804060888,0.13613552318046812
70596.53759364125,55051.53859364125,-58752.6063339464,20.596494619215598,213.82,2612,0.6959839168616654,0.1374112778163671
70596.53759364125,55051.53859364125,-58752.6063339464,20.596494619215598,213.829,2613,0.696731932463511,0.13863372184260003
70596.53759364125,55051.53859364125,-58752.6063339464,20.596494619215598,213.836,2614,0.6974467693290813,0.1398019435399705
70597.07297265883,55052.073972658836,-58753.832458870595,20.596510145207105,213.843,2615,0.6981274611911223,0.14091436378682679
70597.07297265883,55052.073972658836,-58753.832458870595,20.596510145207105,213.848,2616,0.6987738341299848,0.14197069835509185
70597.07297265883,55052.073972658836,-58753.832458870595,20.596510145207105,213.854,2617,0.6993852174231374,0.1429698511168912
70596.4471702602,55051.448170260206,-58755.38701055535,20.596491996937544,213.859,2618,0.6999618282060399,0.14391217692571326
70596.7391093838,55051.7401093838,-58757.38209321082,20.59650046317213,213.883,2619,0.7005036855541514,0.1447977069556151
70596.45170491036,55051.45270491036,-58757.74386860691,20.5964921284424,213.906,2620,0.7010108975019537,0.14562661776188038
70595.49179618825,55050.49279618825,-58758.37834122354,20.59646429108946,213.948,2621,0.7014838152875016,0.14639948335507924
70596.41826677648,55051.41926677649,-58761.24422357648,20.59649115873652,213.975,2622,0.701923053185611,0.1471173076134425
70595.83551977477,55050.83651977478,-58761.79710764273,20.596474259073467,214.002,2623,0.7023291209809743,0.1477809236522828
70595.89132560001,55050.89232560001,-58762.47528240001,20.5964758774424,214.047,2624,0.7027025456446694,0.1483911926737521
70595.41881183854,55050.41981183854,-58763.283025519275,20.59646217454332,214.182,2625,0.7030441087661351,0.1489493919898988
70613.14274160001,55068.14374160001,-58786.999608000006,20.5969761685064,214.876,2626,0.7033546709429672,0.1494569280318017
70612.88900964125,55067.890009641254,-58798.14068016496,20.596968810279595,214.883,2627,0.7036354651774351,0.14991581583264307
70612.88900964125,55067.890009641254,-58798.14068016496,20.596968810279595,214.891,2628,0.7038876141274326,0.15032789009537878
70611.91368896843,55066.914688968434,-58800.10171326317,20.596940525980084,214.897,2629,0.7041120350049107,0.1506946497730622
70611.91368896843,55066.914688968434,-58800.10171326317,20.596940525980084,214.903,2630,0.7043101659111265,0.15101844508176704
70611.91368896843,55066.914688968434,-58800.10171326317,20.596940525980084,214.909,2631,0.704483107604471,0.1513010749352005
70611.7707416,55066.77174160001,-58801.91360800001,20.5969363805064,214.914,2632,0.704631979013623,0.1515443679418513
70610.9258720348,55065.926872034805,-58803.49073843479,20.59691187928901,214.937,2633,0.7047584463668148,0.15175104713415888
70610.11061256775,55065.11161256775,-58806.008382193555,20.596888236764464,214.98,2634,0.7048638271769151,0.15192326565669878
70610.44605194483,55065.44705194484,-58807.54402179311,20.5968979645064,215.007,2635,0.704949496804221,0.15206327119117075
70610.48996740647,55065.49096740647,-58808.569027354846,20.59689923805479,215.052,2636,0.705016856086297,0.15217335305548213
70609.76942452684,55064.77042452684,-58810.23233970733,20.59687834231128,215.078,2637,0.7050673538914708,0.15225587906178495
70610.55770934194,55065.558709341945,-58812.60644670969,20.596901202570916,215.105,2638,0.7051023962985552,0.15231314709349375
70611.44292137529,55066.44392137529,-58815.461046202254,20.596926873719884,215.15,2639,0.705123349587318,0.1523473899924585
70612.41144748236,55067.41244748236,-58818.83631388236,20.596954960976987,215.284,2640,0.7051313968868866,0.1523605412867105
70635.8421858207,55090.843185820704,-58882.65455437242,20.5976344523888,215.955,2641,0.7051280055842162,0.15235499905245706
70641.84303375738,55096.844033757385,-58893.21088280657,20.597808476978965,215.964,2642,0.7051143016598961,0.15233260342276736
70646.71862074839,55101.719620748394,-58898.47393145807,20.597949869001702,215.973,2643,0.7050915809087709,0.15229547204955002
70646.71862074839,55101.719620748394,-58898.47393145807,20.597949869001702,215.98,2644,0.705060848851563,0.1522452482044123
70652.49713712368,55107.49813712368,-58906.15501370383,20.598117445976587,215.986,2645,0.7050233158057598,0.152183909847946
70659.99055396057,55114.99155396057,-58912.745392157754,20.598334755064858,216.027,2646,0.7049796803504367,0.15211259863256477
70668.2594272,55123.2604272,-58920.66364920001,20.5985745523888,216.071,2647,0.704931047432422,0.15203312031692712
70676.79640561726,55131.79740561727,-58927.27241718562,20.5988221247629,216.097,2648,0.7048783718936984,0.15194703535094198
70686.9394272,55141.94042720001,-58933.74847062858,20.5991162723888,216.124,2649,0.7048223957088762,0.15185555630614878
70697.25245045582,55152.25345045583,-58939.721759665124,20.599415350063218,216.169,2650,0.7047639098041211,0.15175997575313585
70708.6846903579,55163.6856903579,-58944.66937288422,20.59974688502038,216.196,2651,0.7047034320034726,0.15166113994551367
70719.97152022326,55174.972520223266,-58948.61013175815,20.600074203086475,216.223,2652,0.7046418729467305,0.1515605370958014
70730.22893539672,55185.229935396725,-58950.08645657706,20.600371668126506,216.25,2653,0.7045793540858868,0.15145836568684046
70741.68766249412,55196.688662494125,-58951.38342861177,20.60070397121233,216.295,2654,0.7045164069704977,0.15135549440315843
70752.47707425883,55207.478074258834,-58951.49989920001,20.601016864153507,216.434,2655,0.7044534037957721,0.15125253150454124
70894.35925450435,55349.360254504354,-58851.817900069575,20.605131447380625,217.173,2656,0.7043907596589708,0.15115015536342546
70907.82157748572,55362.82257748573,-58823.55678205715,20.605521854747085,217.182,2657,0.7043284879143986,0.1510483878040757
70907.82157748572,55362.82257748573,-58823.55678205715,20.605521854747085,217.191,2658,0.7042667798973727,0.15094754151611348
70910.71576010722,55365.71676010723,-58817.84025775671,20.60560578604311,217.198,2659,0.7042058234216512,0.15084792343405448
70910.71576010722,55365.71676010723,-58817.84025775671,20.60560578604311,217.204,2660,0.7041455255654898,0.150749381700597
70913.8618632,55368.8628632,-58812.93703920001,20.6056970230328,217.21,2661,0.7040861860079972,0.15065240606613545
70916.86014891429,55371.86114891429,-58808.17963920001,20.605783973318516,217.251,2662,0.7040276218325789,0.1505566975993405
70921.04768138182,55376.04868138183,-58802.93963920001,20.605905411760073,217.277,2663,0.7039696879314191,0.1504620191578555
70927.4158632,55382.41686320001,-58796.51338920001,20.6060900890328,217.321,2664,0.703912345074685,0.15036830663035106
70933.6033632,55388.60436320001,-58789.72963920001,20.6062695265328,217.347,2665,0.7038553827596129,0.150275216002818
70943.7613951149,55398.7623951149,-58783.67474558299,20.606564109458333,217.374,2666,0.7037987205212676,0.15018261577548672
70955.09822683637,55410.09922683638,-58777.44054829092,20.606892877578254,217.401,2667,0.7037423506667077,0.15009049337617264
70965.87509396924,55420.876093969244,-58772.16117766155,20.607205406725107,217.445,2668,0.7036857344740634,0.14999796839899926
70976.92806658984,55431.929066589844,-58767.58963920001,20.607525942931105,217.472,2669,0.703628778434205,0.1499048880267304
70987.78468672941,55442.78568672942,-58764.820815670595,20.607840784915155,217.616,2670,0.7035711708768722,0.1498107429124391
71104.75942896449,55559.760428964495,-58795.98020142056,20.61123305243997,218.449,2671,0.7035126903225689,0.14971517110339874
71116.8619056,55571.862905600006,-58808.54280266667,20.6115840242624,218.459,2672,0.7034530795955003,0.14961775231022834
71116.8619056,55571.862905600006,-58808.54280266667,20.6115840242624,218.468,2673,0.7033920252034896,0.1495179742085356
71121.15120466542,55576.15220466543,-58811.14730422431,20.611708413935297,218.474,2674,0.7033292946132216,0.1494154567808963
71121.15120466542,55576.15220466543,-58811.14730422431,20.611708413935297,218.481,2675,0.7032646237681958,0.1493097684931411
71121.15120466542,55576.15220466543,-58811.14730422431,20.611708413935297,218.486,2676,0.7031979184920255,0.1492007554375693
71121.15120466542,55576.15220466543,-58811.14730422431,20.611708413935297,218.492,2677,0.7031287502583096,0.1490877172951796
71124.6874938353,55579.6884938353,-58813.43525364707,20.611810966321222,218.497,2678,0.7030570029821068,0.1489704643542301
71130.63064391776,55585.63164391776,-58817.15291170094,20.611983317673616,218.522,2679,0.7029821633473484,0.14884815772825846
71137.35424504954,55592.35524504955,-58819.45306260551,20.612178302106436,218.549,2680,0.7029041665761547,0.14872069155405576
71143.26111612632,55598.26211612632,-58823.0763991579,20.612349601367665,218.594,2681,0.7028226882159929,0.14858753559527454
71149.78085055413,55604.781850554136,-58826.06517269726,20.61253867366607,218.621,2682,0.7027374033736566,0.14844815889539692
71156.105915501,55611.106915501005,-58829.31697758417,20.61272210054953,218.648,2683,0.7026482026440027,0.14830238265913662
71160.98710560001,55615.988105600016,-58833.01713600001,20.6128636550624,218.674,2684,0.702554928268448,0.1481499490696284
71165.5105056,55620.51150560001,-58835.70093600001,20.612994833662402,218.816,2685,0.7024572716419659,0.14799035378930195
71258.4868946182,55713.4878946182,-58878.12672807274,20.615691148943927,219.628,2686,0.7023550726790496,0.14782333519851856
71282.67842082921,55737.67942082921,-58884.70473072702,20.61639270320405,219.637,2687,0.7022480734005943,0.14764847169508857
71289.53993417406,55744.54093417406,-58884.73407713589,20.61659168709105,219.646,2688,0.7021359976347363,0.14746531194531803
71289.53993417406,55744.54093417406,-58884.73407713589,20.61659168709105,219.654,2689,0.7020186377705507,0.1472735166611833
71289.53993417406,55744.54093417406,-58884.73407713589,20.61659168709105,219.66,2690,0.7018956473159156,0.14707251958815237
71289.53993417406,55744.54093417406,-58884.73407713589,20.61659168709105,219.666,2691,0.7017671037966836,0.1468624474228013
71289.53993417406,55744.54093417406,-58884.73407713589,20.61659168709105,219.671,2692,0.7016326221004734,0.14664267079546325
71295.59932818462,55750.60032818462,-58882.9816931077,20.616767409517355,219.677,2693,0.7014919895570614,0.14641284214995937
71302.45726118711,55757.458261187116,-58881.20190402582,20.616966289574428,219.7,2694,0.7013448763831007,0.14617242253806267
71308.74978718018,55763.75078718018,-58878.569290056206,20.617148772828227,219.742,2695,0.7011911455938078,0.14592118809247687
71314.51871280001,55769.519712800015,-58875.89961055611,20.6173160716712,219.768,2696,0.7010304640386209,0.14565859436210626
71319.86798552728,55774.86898552728,-58872.193273527286,20.61747120058029,219.778,2697,0.7008625633608566,0.14538420278521
71324.87262584349,55779.873625843495,-58867.51234862609,20.61761633514946,219.821,2698,0.7006872414441749,0.1450976830532867
71330.10834916364,55785.10934916364,-58862.90363716365,20.617768171125746,219.848,2699,0.7005043722675555,0.14479882921656317
71334.53989924068,55789.54089924069,-58858.504509274586,20.61789668607798,220.002,2700,0.7003138541648515,0.14448747512720314
71360.42861064742,55815.42961064742,-58679.44721299795,20.618647458708775,220.769,2701,0.7001153412896495,0.14416305558592316
71354.97807932307,55809.97907932308,-58672.60278793847,20.61848939330037,220.778,2702,0.6999087017335217,0.14382535502145824
71349.3943572387,55804.39535723871,-58665.376584464524,20.618327465359922,220.787,2703,0.6996938597909672,0.1434742497121411
71344.7310024,55799.73200240001,-58657.81432640001,20.6181922280696,220.812,2704,0.6994705131231643,0.1431092455609429
71341.4830024,55796.4840024,-58649.76432640001,20.6180980360696,220.838,2705,0.6992385630193019,0.14273018124978257
71338.60784450527,55793.608844505274,-58643.069379031585,20.618014656490654,220.882,2706,0.6989976552819532,0.14233647793173876
71335.3650024,55790.3660024,-58635.01666682554,20.6179206140696,220.909,2707,0.6987479809387306,0.14192844779356634
71332.87619051881,55787.87719051882,-58623.801950162386,20.617848438525044,220.953,2708,0.6984894519380542,0.14150594693702667
71331.79084398416,55786.79184398416,-58612.06274224159,20.61781696347554,220.98,2709,0.698222049051433,0.14106894393797023
71331.7710024,55786.7720024,-58597.63232640001,20.6178163880696,221.006,2710,0.6979457335192667,0.14061737545354464
71331.88630674782,55786.88730674783,-58583.05128292175,20.617819731895686,221.051,2711,0.6976604728584919,0.14015118839832402
71334.18451696311,55789.185516963116,-58567.017530283505,20.61788637999193,221.078,2712,0.6973662335297686,0.1396703279606632
71338.32214525715,55793.32314525715,-58552.160040685725,20.618006371212456,221.105,2713,0.6970632586477439,0.139175191450521
71343.41628680367,55798.41728680367,-58539.95295025322,20.618154101317305,221.131,2714,0.6967515923654574,0.1386658510249746
71347.9245436844,55802.92554368441,-58528.185243831205,20.618284840766847,221.283,2715,0.696431574841409,0.1381428625878384
71620.06483464743,56075.06583464744,-58065.67196543506,20.626176909204776,223.651,2716,0.6961033629483782,0.13760648250835303
71607.30616310886,56062.30716310887,-58084.67243000507,20.62580690773016,223.662,2717,0.6957671992039269,0.13705710712069188
71607.30616310886,56062.30716310887,-58084.67243000507,20.62580690773016,223.671,2718,0.6954233989423098,0.13649525175966157
71607.63509736775,56062.63609736775,-58082.31329566452,20.625816446823666,223.68,2719,0.6950724449776409,0.13592170546392426
71607.63509736775,56062.63609736775,-58082.31329566452,20.625816446823666,223.686,2720,0.694714608813078,0.13533691193734446
71607.63509736775,56062.63609736775,-58082.31329566452,20.625816446823666,223.692,2721,0.6943507363087814,0.13474225352635635
71607.63509736775,56062.63609736775,-58082.31329566452,20.625816446823666,223.698,2722,0.6939810269786127,0.13413805628636274
71607.44182880965,56062.44282880965,-58081.59670025061,20.62581084203548,223.71,2723,0.6936061371415693,0.13352539280627151
71607.11122640001,56062.112226400015,-58081.72303760001,20.6258012545656,223.733,2724,0.6932268440474469,0.13290553330607224
71607.01369831013,56062.01469831013,-58081.76283535281,20.625798426250995,223.755,2725,0.6928435844845763,0.132279191606819
71607.29734404707,56062.29834404707,-58080.55280230589,20.625806651977364,223.797,2726,0.6924570896895968,0.13164756273152947
71607.0260090087,56062.0270090087,-58081.30364629566,20.625798783261253,223.823,2727,0.6920682477137688,0.1310120979774164
71606.43455973334,56061.43555973335,-58089.71937093334,20.625781631232268,223.85,2728,0.691677659502243,0.13037377943871387
71608.25477780188,56063.25577780188,-58099.871878721504,20.625834417556256,223.877,2729,0.691286102451726,0.12973387757550003
71610.7152264,56065.71622640001,-58111.43303760001,20.625905770565602,224.055,2730,0.6908944704153763,0.1290938531667366
71672.3263314,56127.32733140001,-58337.42711700001,20.6276924926106,224.958,2731,0.6905036288408394,0.12845512056969272
71654.65411549092,56109.655115490925,-58367.611037454546,20.627179998349238,224.967,2732,0.6901143919484319,0.12781901042340837
71654.65411549092,56109.655115490925,-58367.611037454546,20.627179998349238,224.976,2733,0.6897276886989161,0.127187040881424
71652.64380984829,56107.644809848294,-58371.20769889656,20.6271216994856,224.984,2734,0.6893443565183802,0.1265605805067971
71652.64380984829,56107.644809848294,-58371.20769889656,20.6271216994856,224.99,2735,0.688965462658471,0.12594137345485923
71652.64380984829,56107.644809848294,-58371.20769889656,20.6271216994856,224.996,2736,0.6885921475863349,0.12533128353332612
71652.64380984829,56107.644809848294,-58371.20769889656,20.6271216994856,225.002,2737,0.6882251913604742,0.12473158555231395
71649.56244553045,56104.56344553045,-58375.33040504348,20.627032339920383,225.007,2738,0.6878655400090091,0.12414382555768234
71646.44470640001,56101.445706400016,-58379.291492000004,20.6269419254856,225.03,2739,0.6875140085296485,0.12356933545892375
71643.56621201799,56098.567212017995,-58382.99519986517,20.62685844914852,225.072,2740,0.6871716203500933,0.12300978779211388
71640.42470640001,56095.42570640001,-58386.380742,20.6267673454856,225.116,2741,0.6868392573515988,0.12246662377113893
71638.01605523721,56093.017055237215,-58389.50986409302,20.626697494601878,225.142,2742,0.6865178164173902,0.12194130912684469
71635.22905934119,56090.23005934119,-58391.72925670588,20.626616671720896,225.169,2743,0.6862080693661915,0.12143510520349488
71633.60038381936,56088.60138381936,-58393.88536296775,20.626569440130762,225.214,2744,0.6859108196987586,0.12094932512169365
71631.34301409232,56086.34401409232,-58395.870722769236,20.626503976408678,225.348,2745,0.6856268620289164,0.12048526747858422
71629.67667,56084.677670000005,-58408.7766036,20.62645565243,226.233,2746,0.6853569039938232,0.12004408872974655
71630.24346545455,56085.244465454554,-58412.32035360001,20.626472089498183,226.242,2747,0.6851015208101915,0.11962672892273092
71630.24346545455,56085.244465454554,-58412.32035360001,20.626472089498183,226.251,2748,0.6848615834405682,0.11923461142753122
71630.53842000001,56085.539420000016,-58412.509353600006,20.62648064318,226.258,2749,0.6846374858164934,0.1188683800265185
71630.53842000001,56085.539420000016,-58412.509353600006,20.62648064318,226.265,2750,0.6844298284740423,0.11852901614539567
71630.53842000001,56085.539420000016,-58412.509353600006,20.62648064318,226.27,2751,0.6842391623596842,0.11821742016808305
71630.53842000001,56085.539420000016,-58412.509353600006,20.62648064318,226.275,2752,0.6840656850831761,0.11793391503820178
71630.96072487805,56085.961724878056,-58411.89010969757,20.626492890021463,226.281,2753,0.6839098034231563,0.11767916553348515
71631.07701836067,56086.07801836067,-58411.969206059024,20.62649626253246,226.304,2754,0.6837717603038058,0.117453568652623
71631.84792,56086.848920000004,-58411.926603600004,20.62651861868,226.33,2755,0.683651649681578,0.1172572779438901
71632.21842,56087.21942000001,-58411.39635360001,20.62652936318,226.374,2756,0.6835495412961508,0.11709040737931117
71632.19705793104,56087.19805793105,-58411.560008772416,20.62652874368,226.381,2757,0.6834652773620286,0.11695269909803947
71631.88146545456,56086.88246545456,-58412.15998996364,20.626519591498184,226.424,2758,0.6833991502655881,0.11684463093232694
71630.61174352941,56085.61274352942,-58412.03447124706,20.626482769562354,226.451,2759,0.6833507123271243,0.11676547126189764
71630.48796424779,56085.488964247794,-58412.68831820178,20.626479179963187,226.604,2760,0.6833197143472147,0.11671481283275224
71607.49256631192,56062.493566311925,-58423.6477712367,20.625812313423047,227.337,2761,0.683305852698844,0.11669215944263218
71601.559392,56056.560392,-58426.9879272,20.625640251368,227.346,2762,0.6833086248068925,0.11669668975846455
71601.559392,56056.560392,-58426.9879272,20.625640251368,227.355,2763,0.6833275803340109,0.11672766781672002
71597.9047034754,56052.90570347541,-58428.23656654426,20.625534265400788,227.362,2764,0.683362090321675,0.11678406574232661
71597.9047034754,56052.90570347541,-58428.23656654426,20.625534265400788,227.369,2765,0.6834113979472843,0.11686464669842576
71597.9047034754,56052.90570347541,-58428.23656654426,20.625534265400788,227.374,2766,0.6834750311941773,0.11696863929208581
71597.9047034754,56052.90570347541,-58428.23656654426,20.625534265400788,227.38,2767,0.6835520155512219,0.11709445092910299
71593.3128134876,56048.313813487606,-58429.752117282645,20.62540110059114,227.385,2768,0.6836414701251288,0.11724064201017381
71589.00241639024,56044.003416390246,-58430.7305369561,20.625276099075318,227.409,2769,0.6837425079322573,0.11740576298284235
71585.62954584615,56040.63054584616,-58432.77800412308,20.625178285829538,227.431,2770,0.6838541285588848,0.11758817892161223
71582.43391831579,56037.43491831579,-58433.56755877895,20.625085612631157,227.473,2771,0.6839752768444713,0.11778616543103555
71579.69569969231,56034.696699692315,-58434.49031181539,20.625006204291076,227.5,2772,0.6841047587832032,0.11799777120786333
71576.55017166102,56031.55117166102,-58435.841028894916,20.62491498397817,227.527,2773,0.6842415599456281,0.11822133842140191
71573.91252993104,56028.913529931044,-58436.19027202759,20.624838492368,227.554,2774,0.6843843826769349,0.11845474638009361
71571.41434852174,56026.41534852174,-58436.703622852176,20.62476604510713,227.708,2775,0.6845321249387898,0.11869619407848522
71585.86095741538,56040.861957415385,-58451.08140664616,20.625184996765046,228.552,2776,0.6846835378442367,0.11894364052385552
71591.75093865367,56046.75193865367,-58458.64061865367,20.625355806220956,228.561,2777,0.6848373422643778,0.11919499530060845
71591.75093865367,56046.75193865367,-58458.64061865367,20.625355806220956,228.571,2778,0.6849924217477822,0.11944843384869662
71594.3500728,56049.35107280001,-58460.87225280001,20.6254311811112,228.578,2779,0.6851473143226151,0.11970156694156951
71594.3500728,56049.35107280001,-58460.87225280001,20.6254311811112,228.585,2780,0.6853009198229654,0.11995259663377968
71594.3500728,56049.35107280001,-58460.87225280001,20.6254311811112,228.59,2781,0.6854520723624686,0.12019961757627046
71594.3500728,56049.35107280001,-58460.87225280001,20.6254311811112,228.596,2782,0.6855995642847155,0.1204406561573153
71597.28399385263,56052.284993852634,-58464.00788437896,20.625516264821727,228.602,2783,0.6857421971901688,0.12067375389322549
71600.54432280001,56055.54532280001,-58467.43400280001,20.6256108143612,228.607,2784,0.6858788639810102,0.12089710151008833
71605.5555728,56060.55657280001,-58473.02525280001,20.6257561406112,228.648,2785,0.6860086014051816,0.12110912481383483
71610.33715174737,56065.338151747375,-58479.7910422737,20.625894806400673,228.69,2786,0.6861303401129302,0.12130807622030465
71614.64278591475,56069.643785914755,-58488.183613455745,20.62601966979153,228.717,2787,0.6862431517470043,0.12149243856224418
71617.28207280001,56072.28307280001,-58496.036752800006,20.6260962091112,228.744,2788,0.6863461483520064,0.12166076069910381
71618.97865691215,56073.97965691215,-58502.79001915515,20.62614541005045,228.789,2789,0.686438455452087,0.12181161351927774
71620.07230964211,56075.07330964212,-58508.196305431586,20.62617712597962,228.923,2790,0.6865192710125644,0.12194368629809205
71693.84427659017,56148.845276590175,-58670.25877333771,20.628316513021115,229.768,2791,0.6865880148165286,0.12205603081642737
71724.38098564486,56179.38198564487,-58682.27288395515,20.629202077583702,229.774,2792,0.6866441003563482,0.122147688574556
71724.38098564486,56179.38198564487,-58682.27288395515,20.629202077583702,229.781,2793,0.686686990115975,0.1222177811372152
71729.56593381819,56184.56693381819,-58683.3192085091,20.629352441080727,229.788,2794,0.6867163469637305,0.12226575754717137
71729.56593381819,56184.56693381819,-58683.3192085091,20.629352441080727,229.795,2795,0.6867317385786681,0.12229091128418981
71729.56593381819,56184.56693381819,-58683.3192085091,20.629352441080727,229.8,2796,0.6867330856190449,0.12229311268407726
71729.56593381819,56184.56693381819,-58683.3192085091,20.629352441080727,229.805,2797,0.6867202120435808,0.12227207405148255
71732.68516376472,56187.68616376472,-58683.90047054118,20.629442898749176,229.811,2798,0.6866929737674754,0.12222755991591135
71735.79087395122,56190.791873951224,-58685.16348345367,20.629532964344584,229.834,2799,0.6866512650068403,0.1221593974001106
71737.67575200001,56192.676752000014,-58685.260253522334,20.629587625808,229.857,2800,0.6865954738492321,0.12206822073592552
71739.8189295701,56194.819929570105,-58686.147089562626,20.629649777957532,229.9,2801,0.6865256743448509,0.12195415093984861
71742.42135947665,56197.42235947665,-58687.13624844113,20.629725248424823,229.926,2802,0.6864418620081432,0.1218171806813671
71746.37417305264,56201.37517305264,-58688.17653865264,20.629839880018526,229.953,2803,0.6863446005741574,0.12165823124412883
71750.78417305264,56205.785173052645,-58687.84495970527,20.629967770018528,229.998,2804,0.6862344329742646,0.12147818991338508
71756.08075200001,56211.08175200001,-58689.7118676,20.630121370808002,230.144,2805,0.6861117980409992,0.12127777385092885
71845.44594986916,56300.44694986916,-58755.078518220565,20.632712961546204,230.969,2806,0.6859771737290832,0.12105776415396341
71861.82000254546,56316.82100254546,-58771.31399825455,20.633187809073817,230.978,2807,0.6858313290959442,0.12081941765410573
71861.82000254546,56316.82100254546,-58771.31399825455,20.633187809073817,230.987,2808,0.685674711759063,0.12056346586994163
71861.82000254546,56316.82100254546,-58771.31399825455,20.633187809073817,230.994,2809,0.6855081981352201,0.12029134108504286
71861.91166338461,56316.91266338462,-58776.06983741539,20.633190467238155,231.001,2810,0.685332588366214,0.12000435093063966
71861.91166338461,56316.91266338462,-58776.06983741539,20.633190467238155,231.007,2811,0.6851486918813425,0.11970381821605224
71861.91166338461,56316.91266338462,-58776.06983741539,20.633190467238155,231.012,2812,0.6849572092524893,0.11939088785044018
71861.37858646153,56316.37958646154,-58782.80599126154,20.633175008007385,231.017,2813,0.6847591507317377,0.11906721083763461
71859.77949182023,56314.78049182023,-58788.08911572135,20.633128634262786,231.041,2814,0.6845552721670134,0.11873402242163207
71857.20052738144,56312.20152738145,-58793.22996826392,20.63305384429406,231.083,2815,0.6843463642032873,0.1183926147134782
71854.81042428866,56309.811424288666,-58798.166050738146,20.63298453130437,231.126,2816,0.6841334089222024,0.11804459267947959
71850.20517300001,56305.20617300001,-58802.3582028,20.632850979017,231.153,2817,0.6839172104996621,0.11769127054359997
71846.11619505883,56301.11719505883,-58805.76792338824,20.632732398656707,231.179,2818,0.6836987730612645,0.1173342892974655
71841.35295709092,56296.35395709092,-58809.54354370909,20.632594264755635,231.224,2819,0.6834786995529898,0.11697463430516489
71836.83050305619,56291.83150305619,-58812.51046403596,20.632463113588628,231.392,2820,0.683257704427691,0.11661347316082296
71841.03797976775,56296.03897976775,-58832.49944415485,20.632585130413265,232.203,2821,0.6830367894918686,0.11625244306608253
71880.47426505,56335.47526505,-58818.04405605001,20.63372878268645,232.212,2822,0.682816675705818,0.115892722249852
71880.47426505,56335.47526505,-58818.04405605001,20.63372878268645,232.221,2823,0.6825981337271195,0.1155355701587967
71892.00940291765,56347.01040291766,-58812.97452480001,20.634063301684613,232.229,2824,0.6823817207503509,0.11518189738780446
71892.00940291765,56347.01040291766,-58812.97452480001,20.634063301684613,232.235,2825,0.6821681995955398,0.11483295057502518
71892.00940291765,56347.01040291766,-58812.97452480001,20.634063301684613,232.241,2826,0.6819584377302218,0.11449014737873255
71892.00940291765,56347.01040291766,-58812.97452480001,20.634063301684613,232.246,2827,0.6817529877385742,0.11415439085927015
71902.77091731064,56357.771917310645,-58806.00542905532,20.63437538560201,232.252,2828,0.6815520742925079,0.11382604818656697
71911.07303187692,56366.074031876924,-58796.62602480001,20.63461614692443,232.277,2829,0.6813561313198868,0.11350582850696145
71919.39333956923,56374.39433956923,-58785.632794030775,20.634857435847508,232.302,2830,0.6811658594024577,0.11319487674573177
71924.01138152728,56379.01238152728,-58776.46185951075,20.63499135906429,232.347,2831,0.680981531062785,0.11289363827270756
71926.1816088,56381.18260880001,-58769.414524800006,20.635054295655202,232.374,2832,0.6808036002285873,0.11260285491897674
71927.78841914482,56382.78941914483,-58762.69943859311,20.6351008931552,232.401,2833,0.6806324557737307,0.11232316220141011
71928.38788238491,56383.38888238491,-58758.57164744152,20.63511827758916,232.428,2834,0.6804681705076692,0.11205467910881224
71930.00093122991,56385.00193122991,-58756.178847229916,20.63516505600567,232.607,2835,0.6803108903547733,0.11179764411799366
71977.30592160001,56432.306921600015,-58711.90667760001,20.6365369007264,233.41,2836,0.6801606928432107,0.11155218392931338
72012.79616578606,56467.79716578606,-58714.08677062326,20.637566117807797,233.443,2837,0.6800176082437162,0.11131834801270088
72012.79616578606,56467.79716578606,-58714.08677062326,20.637566117807797,233.451,2838,0.6798817798113945,0.1110963704827209
72022.61431521703,56477.61531521703,-58717.54361377022,20.637850844141294,233.459,2839,0.6797530393592677,0.1108859764799104
72022.61431521703,56477.61531521703,-58717.54361377022,20.637850844141294,233.465,2840,0.6796314532550446,0.11068727446565599
72022.61431521703,56477.61531521703,-58717.54361377022,20.637850844141294,233.471,2841,0.6795171056230289,0.1105004019200479
72022.61431521703,56477.61531521703,-58717.54361377022,20.637850844141294,233.477,2842,0.6794097216840291,0.11032490978536547
72029.8514216,56484.85242160001,-58720.577344266676,20.6380607202264,233.482,2843,0.6793091534369415,0.11016055619089815
72038.31594333914,56493.316943339145,-58725.74293846957,20.638306191356836,233.487,2844,0.6792151184319013,0.11000687954313224
72043.6203664819,56498.62136648191,-58730.39263035591,20.638460019627974,233.513,2845,0.6791274575667074,0.109863619829396
72048.54500299535,56503.546002995354,-58735.71188690233,20.638602834086864,233.54,2846,0.6790457947763511,0.10973016246568547
72051.89683539311,56506.897835393116,-58742.1372638069,20.6387000372264,233.567,2847,0.6789698259344941,0.10960601043372409
72052.96177454118,56507.962774541185,-58747.22408936471,20.638730920461693,233.611,2848,0.6788993011803892,0.10949075539874313
72054.51710755042,56509.51810755042,-58751.21104123637,20.63877602511896,233.638,2849,0.6788337461143424,0.10938362207334128
72054.80698916757,56509.80798916757,-58753.93846138379,20.63878443168586,233.782,2850,0.6787726672810854,0.10928380402855706
72077.99811382018,56532.99911382019,-58813.62990695781,20.639456974300785,234.557,2851,0.6787158178308782,0.10919089785035838
72078.78395869091,56533.784958690914,-58823.9817685091,20.639479763802036,234.566,2852,0.678662742594815,0.10910415967924761
72078.78395869091,56533.784958690914,-58823.9817685091,20.639479763802036,234.574,2853,0.6786129725267999,0.109022822976938
72078.84668066796,56533.84768066797,-58825.66225041554,20.63948158273937,234.582,2854,0.6785660206286867,0.1089460918670157
72078.84668066796,56533.84768066797,-58825.66225041554,20.63948158273937,234.588,2855,0.6785215363895737,0.10887339352726051
72078.84668066796,56533.84768066797,-58825.66225041554,20.63948158273937,234.594,2856,0.6784792049880108,0.10880421346091577
72078.84668066796,56533.84768066797,-58825.66225041554,20.63948158273937,234.599,2857,0.6784385611642609,0.10873779131754904
72079.99771626668,56534.99871626668,-58825.87134426668,20.639514962771734,234.605,2858,0.6783990401769139,0.10867320416886654
72080.7622260706,56535.7632260706,-58826.994089364714,20.639537133556047,234.628,2859,0.6783601968273126,0.10860972444924336
72082.38796548785,56537.38896548786,-58828.27336918879,20.63958427999915,234.671,2860,0.6783215676678771,0.10854659476976361
72082.78833931964,56537.78933931964,-58829.074116852345,20.63959589084027,234.697,2861,0.6782828829111631,0.10848337423046656
72084.6489000673,56539.64990006731,-58830.16925703926,20.639649847101953,234.723,2862,0.6782436043446145,0.10841918325782123
72086.48141323637,56541.48241323637,-58829.99540487274,20.639702989983856,234.75,2863,0.6782035228017845,0.1083536800216938
72087.6363127579,56542.6373127579,-58830.1499407579,20.639736482069978,234.796,2864,0.6781622488450718,0.10828622808392943
72088.3797996,56543.38079960001,-58829.359677600005,20.6397580431884,234.926,2865,0.6781193121757734,0.10821605885916898
72160.59835157383,56615.59935157384,-58788.994542325236,20.64185238119564,235.683,2866,0.6780747343592756,0.10814320759063153
72181.03767120001,56636.03867120002,-58762.5063984,20.6424451214648,235.692,2867,0.6780281285701555,0.10806704210911332
72181.03767120001,56636.03867120002,-58762.5063984,20.6424451214648,235.701,2868,0.6779792751965859,0.10798720351412387
72184.72217646317,56639.72317646317,-58756.91133524211,20.64255197211743,235.709,2869,0.6779281591530721,0.10790366715220331
72184.72217646317,56639.72317646317,-58756.91133524211,20.64255197211743,235.715,2870,0.6778744962463922,0.10781596858075726
72184.72217646317,56639.72317646317,-58756.91133524211,20.64255197211743,235.721,2871,0.6778179975904144,0.10772363568780713
72184.72217646317,56639.72317646317,-58756.91133524211,20.64255197211743,235.727,2872,0.6777588610083765,0.10762699176585451
72188.03343705367,56643.03443705368,-58750.83050083903,20.642647998674555,235.732,2873,0.6776970109755772,0.1075259133887041
72192.35216758554,56647.35316758555,-58745.57852611085,20.64277324185998,235.758,2874,0.6776327800313321,0.10742094400852269
72195.91730196924,56650.91830196924,-58740.47352147693,20.642876630757108,235.802,2875,0.6775661241878429,0.1073120117382788
72198.99489472942,56653.99589472942,-58734.837539576474,20.642965880947152,235.829,2876,0.677497195902479,0.10719936573133236
72203.41644329303,56658.41744329303,-58728.37241235349,20.643094105855496,235.855,2877,0.6774260853596193,0.10708315337144772
72205.70876085518,56660.709760855185,-58719.99935702069,20.6431605830648,235.899,2878,0.6773532713488876,0.10696415712026591
72208.77770975423,56663.77870975423,-58712.894429725304,20.64324958258287,235.926,2879,0.6772790520535023,0.10684286428352407
72210.55135887123,56665.55235887124,-58707.93303675617,20.643301018407264,236.105,2880,0.6772038660276472,0.10671999156812083
72230.47352268387,56685.47452268387,-58648.66598562581,20.643878761157833,236.906,2881,0.6771281638360203,0.1065962753091301
72239.06964545243,56694.07064545243,-58640.80686880777,20.64412804871812,236.917,2882,0.6770523894525758,0.10647244107070704
72244.60247828912,56699.60347828912,-58639.91882497426,20.644288500870385,236.927,2883,0.6769771488333189,0.10634947913607128
72244.60247828912,56699.60347828912,-58639.91882497426,20.644288500870385,236.935,2884,0.67690280215087,0.10622797811710086
72244.60247828912,56699.60347828912,-58639.91882497426,20.644288500870385,236.941,2885,0.6768301563751952,0.106109256803955
72244.60247828912,56699.60347828912,-58639.91882497426,20.644288500870385,236.946,2886,0.6767599816553296,0.1059945738122091
72244.60247828912,56699.60347828912,-58639.91882497426,20.644288500870385,236.953,2887,0.6766929623402211,0.10588504753870037
72249.96083248302,56704.96183248302,-58639.12817673963,20.644443893142007,236.958,2888,0.676629902523377,0.1057819920727364
72257.58805778823,56712.58905778824,-58639.62602357647,20.644665082675857,236.982,2889,0.6765716079235817,0.10568672415973367
72265.04865616551,56720.049656165516,-58640.3256686069,20.6448814400288,237.006,2890,0.6765189731566416,0.10560070582500986
72272.0340262244,56727.0350262244,-58641.63503361952,20.645084015760506,237.049,2891,0.6764728854805354,0.10552538706935836
72279.13111475906,56734.132114759064,-58644.03339736063,20.645289831328014,237.057,2892,0.6764340707729153,0.1054619541578748
72284.25982249412,56739.26082249412,-58647.065582400006,20.64543856385233,237.101,2893,0.6764035841663407,0.10541213144028007
72289.3225872,56744.32358720001,-58650.8140824,20.6455853840288,237.128,2894,0.6763825047904125,0.1053776824834447
72295.27601342951,56750.27701342951,-58655.092918465576,20.645758033389455,237.278,2895,0.6763717068624814,0.10536003597652355
72329.63333345455,56784.63433345455,-58742.52521083637,20.646754395670182,238.056,2896,0.6763721415855681,0.10536074642245429
72325.29283294383,56780.29383294383,-58769.95530787416,20.64662852115537,238.066,2897,0.6763848529904333,0.1053815200278498
72325.29283294383,56780.29383294383,-58769.95530787416,20.64662852115537,238.074,2898,0.6764107821203132,0.10542389469202657
72323.65191300001,56778.65291300001,-58775.72072220001,20.646580934477,238.082,2899,0.6764509643717228,0.10548956251108678
72323.65191300001,56778.65291300001,-58775.72072220001,20.646580934477,238.088,2900,0.6765062214628582,0.10557986637747516
72323.65191300001,56778.65291300001,-58775.72072220001,20.646580934477,238.094,2901,0.6765777553065103,0.10569677051641323
72323.65191300001,56778.65291300001,-58775.72072220001,20.646580934477,238.101,2902,0.6766660118936167,0.10584100378830992
72321.363788,56776.364788000006,-58783.375513866675,20.646514578852,238.106,2903,0.6767721271607096,0.10601442259672737
72320.63361558621,56775.63461558621,-58792.758329958626,20.646493403852,238.112,2904,0.6768968841118675,0.10621830656558823
72320.44571107693,56775.44671107693,-58800.99307796924,20.646487954621232,238.157,2905,0.6770411389252567,0.10645405490352113
72321.13406072729,56776.13506072729,-58805.74857447273,20.64650791676109,238.2,2906,0.6772056025457465,0.10672282947173102
72321.553788,56776.55478800001,-58810.83009720001,20.646520088852,238.227,2907,0.6773912425227322,0.10702621148720812
72321.85378800001,56776.85478800001,-58814.59551386667,20.646528788852,238.254,2908,0.6775984471985478,0.10736483559816695
72321.2812408302,56776.2822408302,-58819.10479059623,20.646512184984076,238.281,2909,0.6778278553250041,0.10773974568435221
72320.85765756523,56775.85865756523,-58824.05393415652,20.64649990106939,238.427,2910,0.6780799087504208,0.1081516638361019
72449.07080160001,56904.07180160002,-58959.78625440001,20.6502180822464,239.245,2911,0.678355103602921,0.10860140085048885
72503.31396418066,56958.31496418067,-58958.52446601291,20.65179113396124,239.254,2912,0.6786538583777176,0.10908964065305138
72503.31396418066,56958.31496418067,-58958.52446601291,20.65179113396124,239.262,2913,0.678976467690372,0.1096168647190848
72511.96664160001,56966.967641600015,-58955.787014400004,20.6520420616064,239.269,2914,0.679323125431945,0.11018338991493323
72511.96664160001,56966.967641600015,-58955.787014400004,20.6520420616064,239.275,2915,0.6796942336917562,0.11078987335481423
72511.96664160001,56966.967641600015,-58955.787014400004,20.6520420616064,239.28,2916,0.6800899214964545,0.11143652590044732
72511.96664160001,56966.967641600015,-58955.787014400004,20.6520420616064,239.286,2917,0.6805099381112738,0.11212293778869883
72517.99536291149,56972.99636291149,-58953.33621112132,20.652216894524432,239.291,2918,0.6809542944100306,0.11284912679009672
72523.65503504264,56978.656035042644,-58950.43407997378,20.652381025016236,239.314,2919,0.6814228114576882,0.1136148004801698
72527.41064160001,56982.41164160002,-58948.58401440001,20.6524899376064,239.339,2920,0.681915068270168,0.11441927086595274
72532.74155422137,56987.742554221375,-58946.93092702136,20.65264453407242,239.39,2921,0.6824307681808033,0.11526205312013238
72536.22414618716,56991.225146187164,-58944.922693299086,20.65274552923943,239.397,2922,0.6829691324385807,0.1161418745693556
72540.9347477947,56995.935747794705,-58943.29350112567,20.652882136686046,239.44,2923,0.6835299474026009,0.11705838607111706
72545.67600009058,57000.67700009058,-58941.488391758496,20.65301963300263,239.467,2924,0.6841125468262385,0.11801049881228895
72548.71534263094,57003.71634263094,-58939.47131336908,20.6531077739363,239.615,2925,0.6847160638624861,0.11899679614869534
72725.624238,57180.62523800001,-58913.418346800005,20.658238131902,240.48,2926,0.6853397585613342,0.12001606881749922
72757.60022937931,57212.60122937932,-58939.34338990345,20.659165435652,240.489,2927,0.6859827270544216,0.12106683967240045
72757.60022937931,57212.60122937932,-58939.34338990345,20.659165435652,240.498,2928,0.6866440095918606,0.12214754024274932
72763.41298800001,57218.413988000015,-58946.28224385883,20.659334005652,240.505,2929,0.6873224347193178,0.12325625608003955
72763.41298800001,57218.413988000015,-58946.28224385883,20.659334005652,240.512,2930,0.6880169329766617,0.12439123941972466
72763.41298800001,57218.413988000015,-58946.28224385883,20.659334005652,240.517,2931,0.6887260046950678,0.12555003942897275
72763.41298800001,57218.413988000015,-58946.28224385883,20.659334005652,240.523,2932,0.689448354338227,0.12673053887838634
72767.00260338462,57222.003603384626,-58952.72671218462,20.659438104498154,240.528,2933,0.6901827836734855,0.12793077955700563
72770.35392257945,57225.354922579456,-58958.50235380935,20.659535292754803,240.552,2934,0.6909276940249393,0.12914814882974135
72774.08923800002,57229.09023800002,-58964.84209680001,20.659643616902002,240.575,2935,0.691681828793243,0.13038059309990488
72777.4468863051,57232.447886305104,-58970.70696968136,20.659740988702847,240.617,2936,0.692443554276072,0.13162544249050073
72780.66943659814,57235.67043659814,-58975.63599866916,20.659834442661346,240.643,2937,0.6932110735002133,0.13287976029918755
72783.41132133335,57238.41232133335,-58980.27126346667,20.65991395731867,240.67,2938,0.693983052755989,0.13414136691176415
72785.15144953848,57240.15244953848,-58983.826904492314,20.659964421036616,240.714,2939,0.694757731755241,0.13540738557841653
72786.74592917648,57241.74692917649,-58986.24047915295,20.660010660946117,240.885,2940,0.6955336336092263,0.1366754026946466
72856.62635969033,57311.627359690334,-59123.765857548395,20.66203719343102,241.595,2941,0.69630904780835,0.1379426228612264
72874.47106594968,57329.47206594968,-59139.11189578808,20.66255468991254,241.604,2942,0.6970822681438792,0.13920625770760842
72874.47106594968,57329.47206594968,-59139.11189578808,20.66255468991254,241.611,2943,0.6978516821369692,0.14046367204125643
72885.62186506667,57340.622865066674,-59145.208664000005,20.662878063086932,241.619,2944,0.698615639278647,0.14171216851892052
72896.4141984,57351.415198400005,-59151.302664,20.6631910407536,241.643,2945,0.699372309744096,0.14294875675054677
72908.79206796522,57363.79306796522,-59155.207098782616,20.663549998970993,241.666,2946,0.7001205630837499,0.14417158929964324
72921.05445421395,57376.05545421396,-59157.71945469768,20.663905608172204,241.71,2947,0.7008585226115707,0.1453775991932342
72932.59904455385,57387.60004455385,-59158.670202461544,20.664240401292062,241.737,2948,0.7015846899099917,0.1465643376433551
72943.06938021819,57398.070380218196,-59157.99286234711,20.66454404102633,241.764,2949,0.7022975111771759,0.1477292653503323
72953.06607443307,57408.06707443307,-59154.087903669424,20.66483394515856,241.809,2950,0.7029955575580104,0.14887004720859734
72962.57735224615,57417.57835224616,-59150.858202461546,20.66510977221514,241.836,2951,0.7036775153940746,0.1499845363727039
72971.33716614194,57426.33816614194,-59145.61263174194,20.665363806818117,241.862,2952,0.70434205690262,0.15107056291453103
72977.2382893091,57432.2392893091,-59141.926300363644,20.665534939389964,241.889,2953,0.7049881652377673,0.15212646505434124
72982.8040424367,57437.80504243671,-59138.2199667523,20.665696346230664,241.933,2954,0.7056146127630593,0.15315023652802726
72988.83893424906,57443.83993424906,-59135.38251305661,20.665871358093224,242.073,2955,0.7062205199942515,0.1541404400390166
73103.43453958836,57558.43553958836,-58975.08402761943,20.66919463064806,242.895,2956,0.706804761750354,0.15509523676098497
73153.33195604211,57608.33295604211,-58932.033877389484,20.67064165572522,242.904,2957,0.7073666449377622,0.15601349400614567
73153.33195604211,57608.33295604211,-58932.033877389484,20.67064165572522,242.913,2958,0.70790553257124,0.15689417078177753
73165.0212192,57620.02221920001,-58926.89956160001,20.6709806443568,242.921,2959,0.7084207571263018,0.15773617618641061
73165.0212192,57620.02221920001,-58926.89956160001,20.6709806443568,242.927,2960,0.7089118308608235,0.15853871312778572
73165.0212192,57620.02221920001,-58926.89956160001,20.6709806443568,242.932,2961,0.7093784689578654,0.1593013161439983
73165.0212192,57620.02221920001,-58926.89956160001,20.6709806443568,242.938,2962,0.7098204500206818,0.1600236234175565
73176.7928054069,57631.79380540691,-58923.92094091036,20.6713220203568,242.944,2963,0.7102377440839378,0.16070558597763027
73188.10245324255,57643.103453242555,-58920.83934883405,20.671650000144034,242.969,2964,0.710630278697419,0.1613470854225026
73199.20299697778,57654.20399697778,-58918.188450488895,20.671971915912355,242.995,2965,0.7109981828141733,0.16194833249361057
73211.51065398261,57666.51165398261,-58917.55151812175,20.672328837965495,243.022,2966,0.7113417399400573,0.16250979051022219
73225.42501301444,57680.42601301444,-58917.775025517534,20.67273235437742,243.049,2967,0.7116612000564729,0.16303186800428565
73237.6208442,57692.62184420001,-58918.49081160001,20.673086033481802,243.094,2968,0.7119570630953841,0.16351538198929844
73249.1052192,57704.10621920001,-58921.806032188244,20.6734190803568,243.121,2969,0.7122300079103244,0.16396144188122025
73260.16236205715,57715.16336205715,-58924.51813302858,20.67373973749966,243.266,2970,0.7124807542790376,0.16437122397637535
73429.68639550189,57884.6873955019,-59064.95186427171,20.678655934469553,244.119,2971,0.7127101104062554,0.16474604908283788
73478.19263643077,57933.19363643078,-59068.91209649231,20.680062615456492,244.128,2972,0.7129188673495058,0.16508720998587448
73478.19263643077,57933.19363643078,-59068.91209649231,20.680062615456492,244.137,2973,0.7131080472293501,0.16539637708536872
73485.9618672,57940.96286720001,-59066.41478880001,20.6802879231488,244.144,2974,0.7132786040171691,0.1656751094084493
73485.9618672,57940.96286720001,-59066.41478880001,20.6802879231488,244.151,2975,0.7134317025639192,0.1659253106120576
73485.9618672,57940.96286720001,-59066.41478880001,20.6802879231488,244.156,2976,0.7135681458988633,0.1661482930462611
73485.9618672,57940.96286720001,-59066.41478880001,20.6802879231488,244.162,2977,0.7136894157012587,0.16634647814445275
73493.62545210567,57948.62645210567,-59063.8701661585,20.680510167111066,244.167,2978,0.7137967894230743,0.16652195358170852
73500.17459447273,57955.175594472734,-59061.85433425455,20.68070009223971,244.19,2979,0.7138914072870727,0.1666765827663596
73507.1058672,57962.10686720001,-59059.61978880001,20.6809010991488,244.233,2980,0.7139747521903984,0.16681278912213096
73514.23472434287,57969.23572434287,-59056.971217371436,20.681107836005943,244.258,2981,0.7140479963170334,0.16693248828995674
73520.20146720001,57975.20246720001,-59053.96418880001,20.6812808715488,244.284,2982,0.7141124777787813,0.16703786707820925
73527.83058007128,57982.83158007129,-59051.84414523565,20.681502115822067,244.311,2983,0.7141696424864583,0.1671312884657294
73533.34782464681,57988.34882464682,-59048.771916459584,20.681662115914758,244.355,2984,0.7142205735935477,0.16721452259541503
73537.8414672,57992.84246720001,-59043.74558880001,20.6817924315488,244.492,2985,0.714266607343653,0.16728975322253353
73581.17592080001,58036.17692080002,-58959.87384408889,20.6830491307032,245.304,2986,0.7143088743007183,0.16735882797049878
73580.03773898183,58035.038738981835,-58958.026773381825,20.683016123430473,245.313,2987,0.7143486699211239,0.16742386393808423
73580.03773898183,58035.038738981835,-58958.026773381825,20.683016123430473,245.322,2988,0.7143870857868725,0.16748664504249042
73581.8644139507,58036.8654139507,-58958.37646204932,20.68306909700457,245.329,2989,0.7144252168640274,0.16754896073131673
73581.8644139507,58036.8654139507,-58958.37646204932,20.68306909700457,245.336,2990,0.7144641669570581,0.16761261489632223
73581.8644139507,58036.8654139507,-58958.37646204932,20.68306909700457,245.342,2991,0.7145049270405128,0.16767922703703841
73581.8644139507,58036.8654139507,-58958.37646204932,20.68306909700457,245.347,2992,0.7145482545496659,0.16775003499158508
73583.80792080001,58038.80892080002,-58960.0281552,20.683125458703202,245.352,2993,0.714594995205955,0.16782642087968946
73585.98842080001,58040.98942080002,-58961.3924552,20.6831886932032,245.376,2994,0.7146459451840527,0.16790968584930838
73588.27648418029,58043.27748418029,-58962.612279143665,20.68325504704123,245.418,2995,0.7147017392859397,0.16800086732517944
73592.15153723837,58047.15253723838,-58962.95043465206,20.683367423579913,245.462,2996,0.7147630685890572,0.16810109470017548
73596.5820972706,58051.5830972706,-58963.02201402353,20.68349590982085,245.471,2997,0.7148303623550308,0.16821106949483772
73601.9134208,58056.91442080001,-58963.159955200004,20.6836505182032,245.515,2998,0.7149040786574177,0.16833154031558856
73605.84952080001,58060.85052080001,-58962.968155200004,20.6837646651032,245.542,2999,0.7149846154385068,0.16846315749936322
73610.03249974738,58065.033499747384,-58963.58179730527,20.683885971492675,245.69,3000,0.7150722874364858,0.16860643540684656
73728.4539580138,58183.4549580138,-59058.4096228138,20.6873201937824,246.439,3001,0.715167233853883,0.16876160152968295
73731.5064779077,58186.5074779077,-59083.867527323084,20.687408716859323,246.448,3002,0.7152697189351672,0.16892908770922885
73731.5064779077,58186.5074779077,-59083.867527323084,20.687408716859323,246.457,3003,0.7153797053588437,0.16910883295285511
73732.9764779077,58187.9774779077,-59084.836758092315,20.687451346859323,246.464,3004,0.7154973580200696,0.16930110674036872
73732.9764779077,58187.9774779077,-59084.836758092315,20.687451346859323,246.471,3005,0.7156224838152933,0.16950559349241154
73732.9764779077,58187.9774779077,-59084.836758092315,20.687451346859323,246.476,3006,0.7157552963415253,0.16972264227976405
73732.9764779077,58187.9774779077,-59084.836758092315,20.687451346859323,246.482,3007,0.7158953970664205,0.16995160180119165
73735.8412246244,58190.8422246244,-59086.62274308294,20.68753442451411,246.487,3008,0.7160426053509638,0.1701921768474981
73737.24109329231,58192.24209329231,-59088.988296553856,20.687575020705477,246.511,3009,0.7161968133972544,0.17044419125003182
73737.85415145366,58192.85515145367,-59091.34006015611,20.687592799392156,246.534,3010,0.7163576551640289,0.17070704680608867
73738.84359572659,58193.844595726594,-59093.44634913419,20.687621493276072,246.577,3011,0.7165248246859485,0.1709802434920061
73738.61158560001,58193.612585600014,-59096.77445040001,20.6876147649824,246.604,3012,0.7166979807893243,0.17126322374489836
73738.60707828293,58193.60807828294,-59099.59152357074,20.687614634270204,246.63,3013,0.716877045712887,0.17155586048345967
73739.24702089412,58194.24802089413,-59101.952803341184,20.68763319260593,246.675,3014,0.7170616740263395,0.17185758918844463
73738.75514923637,58193.756149236375,-59104.65422312728,20.687618928327854,246.811,3015,0.7172514587959542,0.17216774482866537
73741.60234912942,58196.60334912942,-59136.860592282355,20.687701497124753,249.075,3016,0.7174460199996419,0.17248570635326171
73748.06326244211,58203.064262442116,-59111.398254821055,20.687888863610823,249.085,3017,0.7176451831846772,0.17281118866297726
73748.06326244211,58203.064262442116,-59111.398254821055,20.687888863610823,249.095,3018,0.7178485582080535,0.17314355416684904
73746.50232306836,58201.50332306836,-59108.030000324055,20.68784359636898,249.102,3019,0.7180556047235916,0.17348191980447408
73746.50232306836,58201.50332306836,-59108.030000324055,20.68784359636898,249.107,3020,0.7182661186354325,0.17382595203232323
73746.50232306836,58201.50332306836,-59108.030000324055,20.68784359636898,249.113,3021,0.7184799588594047,0.17417542028367808
73746.50232306836,58201.50332306836,-59108.030000324055,20.68784359636898,249.119,3022,0.7186965285767116,0.17452934920779617
73746.5766077918,58201.5776077918,-59104.84253023562,20.68784575062596,249.125,3023,0.71891559574545,0.17488735959034343
73745.4437887579,58200.4447887579,-59102.62799166316,20.68781289887398,249.148,3024,0.7191368063343098,0.17524887285587404
73744.41948945542,58199.42048945543,-59100.2895610988,20.687783194194207,249.19,3025,0.7193600048205685,0.17561363484147705
73743.2885256,58198.289525600005,-59097.625886400005,20.6877503962424,249.216,3026,0.7195847961800371,0.17598099997912017
73742.99250150363,58197.99350150363,-59094.18691049639,20.687741811543606,249.242,3027,0.7198106667134322,0.17635012875607295
73744.1985256,58199.19952560001,-59088.7388864,20.6877767862424,249.269,3028,0.7200375633465146,0.17672093443579354
73741.64016943562,58196.64116943562,-59082.90472201644,20.687702593913635,249.296,3029,0.7202652199356357,0.17709298207319185
73740.15389145366,58195.15489145367,-59079.170398595124,20.687659491852155,249.445,3030,0.7204933414176187,0.17746578946145675
73624.97946960002,58079.98046960002,-59019.5485608,20.684319433618402,250.164,3031,0.7207216310018189,0.1778388715706643
73609.1963768165,58064.197376816504,-59021.90303502681,20.683861723927677,250.173,3032,0.720949783572644,0.17821172976585012
73609.1963768165,58064.197376816504,-59021.90303502681,20.683861723927677,250.181,3033,0.7211775277610039,0.178583920562249
73606.83464201381,58061.835642013815,-59020.92194011035,20.683793233618402,250.188,3034,0.7214045188853992,0.17895488066433834
73606.83464201381,58061.835642013815,-59020.92194011035,20.683793233618402,250.194,3035,0.7216304297458082,0.1793240753456881
73606.83464201381,58061.835642013815,-59020.92194011035,20.683793233618402,250.2,3036,0.7218552825280778,0.17969154086350517
73606.83464201381,58061.835642013815,-59020.92194011035,20.683793233618402,250.205,3037,0.7220785280356498,0.18005637969365965
73604.55990438262,58059.560904382626,-59019.06295210435,20.683727266227095,250.211,3038,0.7222998773658655,0.180418119697164
73602.32404791327,58057.32504791327,-59017.536464414465,20.683662426389485,250.254,3039,0.7225188377639876,0.18077595558989876
73601.28229312942,58056.283293129425,-59016.007854917654,20.683632215500754,250.28,3040,0.7227352029139607,0.18112955019998034
73599.4788174261,58054.47981742611,-59013.88599558261,20.68357991470536,250.325,3041,0.7229485350736897,0.18147818814766584
73597.7251514182,58052.7261514182,-59013.80942443637,20.683529058391127,250.334,3042,0.7231583798421788,0.18182112682841364
73594.55326270346,58049.55426270346,-59015.201250455175,20.6834370736184,250.379,3043,0.7233644482558574,0.18215789400369078
73591.06291787587,58046.06391787587,-59016.80883666207,20.6833358536184,250.405,3044,0.7235664287240957,0.1824879804567065
73587.97076371766,58042.971763717665,-59018.00903138824,20.683246181147812,250.554,3045,0.7237639153830321,0.18281072290470066
73572.11963209757,58027.120632097576,-58875.89072716098,20.68278649833083,251.392,3046,0.7239565811839528,0.1831255868685188
73568.4779247805,58023.4789247805,-58840.71828813659,20.682680888818634,251.401,3047,0.7241440386452237,0.18343193910654434
73568.4779247805,58023.4789247805,-58840.71828813659,20.682680888818634,251.41,3048,0.7243259169445254,0.18372917360263535
73568.4779247805,58023.4789247805,-58840.71828813659,20.682680888818634,251.417,3049,0.7245017803532956,0.18401657826766327
73568.4779247805,58023.4789247805,-58840.71828813659,20.682680888818634,251.424,3050,0.7246714426148547,0.18429384871176685
73567.90277922581,58022.90377922582,-58833.8581779871,20.682664209597547,251.43,3051,0.724834448500876,0.18456024097833967
73567.90277922581,58022.90377922582,-58833.8581779871,20.682664209597547,251.435,3052,0.7249904966567772,0.18481526257884565
73566.90668451064,58021.90768451065,-58826.396331727665,20.68263532285081,251.441,3053,0.7251392834661334,0.18505841732833356
73568.19601461387,58023.19701461388,-58815.30225336238,20.682672713423802,251.466,3054,0.725280688181777,0.18528950789582066
73569.86442145455,58024.86542145455,-58803.35008414546,20.68272109722218,251.49,3055,0.725414395533647,0.18550801905140824
73573.27869952942,58028.27969952942,-58792.15345312942,20.682820111286354,251.534,3056,0.725540223204776,0.18571365284370742
73576.8092238261,58031.810223826105,-58780.016151339136,20.682922496490956,251.543,3057,0.7256579169160594,0.18590599371725156
73582.91953117242,58037.92053117242,-58768.961870979314,20.683099695404,251.588,3058,0.7257672698770842,0.1860847037249383
73588.25866104674,58043.259661046744,-58758.6646296,20.683254530170355,251.615,3059,0.725868489172112,0.1862501212940919
73594.92130457144,58049.922304571446,-58749.61320102858,20.68344774683257,251.796,3060,0.7259615197913211,0.18640215652494577
73706.41013381054,58161.41113381054,-58709.76787970527,20.686680922880505,252.664,3061,0.726046399131663,0.18654087053344454
73710.77882460001,58165.77982460002,-58708.75891260001,20.686807614913402,252.684,3062,0.726123161702987,0.18666631971728737
73711.87412701937,58166.875127019375,-58708.734779535494,20.686839378683562,252.692,3063,0.7261919219300019,0.18677869107498293
73711.87412701937,58166.875127019375,-58708.734779535494,20.686839378683562,252.704,3064,0.7262527639054757,0.186878122035084
73711.87412701937,58166.875127019375,-58708.734779535494,20.686839378683562,252.709,3065,0.7263059290611614,0.18696500715728126
73711.87412701937,58166.875127019375,-58708.734779535494,20.686839378683562,252.715,3066,0.7263521781360919,0.18704058967885973
73711.87412701937,58166.875127019375,-58708.734779535494,20.686839378683562,252.72,3067,0.7263912935288038,0.18710451398476527
73713.05244960001,58168.05344960002,-58709.675037600005,20.6868735500384,252.726,3068,0.7264238270527273,0.18715768187574838
73714.27584960002,58169.27684960002,-58709.66243760001,20.6869090286384,252.736,3069,0.7264502333564309,0.1872008363609458
73714.97670766452,58169.977707664526,-58711.24123114839,20.68692935352227,252.76,3070,0.7264708668992602,0.1872345567153201
73717.82553068109,58172.82653068109,-58714.63784841082,20.68701196938975,252.801,3071,0.7264862720846885,0.1872597326299045
73719.10580882331,58174.106808823315,-58714.66121235729,20.687049097455876,252.825,3072,0.7264972040565711,0.18727759819806897
73721.52735282581,58176.528352825815,-58717.111069858074,20.68711932223195,252.87,3073,0.7265041091699795,0.18728888287530795
73722.12844960002,58177.12944960002,-58719.713037600006,20.687136754038402,252.896,3074,0.7265073782773477,0.18729422541196553
73722.93204960001,58177.93304960002,-58720.788237600005,20.6871600584384,253.034,3075,0.7265076463547259,0.187294663517252
73731.94244123637,58186.94344123638,-58730.27172945455,20.687421359795856,253.829,3076,0.7265057123400314,0.1872915028549555
73729.89252921291,58184.89352921292,-58730.12105496775,20.687361912347175,253.837,3077,0.7265021470628488,0.18728567630296516
73729.89252921291,58184.89352921292,-58730.12105496775,20.687361912347175,253.845,3078,0.7264976823013921,0.18727837976936643
73730.5286658353,58185.5296658353,-58730.129184000005,20.687380360309223,253.853,3079,0.7264929422952845,0.1872706334173702
73730.5286658353,58185.5296658353,-58730.129184000005,20.687380360309223,253.859,3080,0.7264887336388298,0.18726375542320967
73730.5286658353,58185.5296658353,-58730.129184000005,20.687380360309223,253.865,3081,0.7264855328468316,0.18725852453090236
73730.5286658353,58185.5296658353,-58730.129184000005,20.687380360309223,253.871,3082,0.7264839800259691,0.18725598683438582
73730.69724039071,58185.69824039072,-58729.54020725581,20.68738524897133,253.876,3083,0.7264851734251371,0.18725793714622446
73731.28801308387,58186.28901308388,-58728.6578291613,20.68740238137943,253.9,3084,0.72648942994696,0.18726489336433286
73732.34478727743,58187.34578727743,-58726.219119483874,20.687433027831045,253.925,3085,0.7264976531468268,0.18727833212353642
73733.36091630968,58188.36191630969,-58722.49331303226,20.68746249557298,253.97,3086,0.7265103056246789,0.18729900942749797
73733.38102496843,58188.382024968436,-58719.38602610527,20.687463078724086,253.997,3087,0.7265281272654489,0.18732813443270271
73735.13373717447,58190.13473717448,-58717.585481872346,20.68751390737806,254.024,3088,0.7265516838387674,0.18736663174781315
73737.17971396365,58192.18071396365,-58714.883184000006,20.687573240704946,254.05,3089,0.7265815315672728,0.18741541037932558
73740.92271476815,58195.923714768156,-58713.541785769914,20.687681787728277,254.234,3090,0.7266182355836933,0.18747539389504547
73823.12415164446,58278.12515164446,-58785.151127111116,20.69006562939769,254.951,3091,0.7266623468967063,0.1875474827805566
73845.35542148573,58300.35642148573,-58800.09715885715,20.690710336223088,254.96,3092,0.7267143747255566,0.18763250922708924
73845.35542148573,58300.35642148573,-58800.09715885715,20.690710336223088,254.969,3093,0.7267747763241501,0.1877312205015512
73845.35542148573,58300.35642148573,-58800.09715885715,20.690710336223088,254.977,3094,0.7268440788571597,0.187844478122477
73845.35542148573,58300.35642148573,-58800.09715885715,20.690710336223088,254.983,3095,0.7269226699284185,0.18797291553118675
73851.72557676522,58306.72657676523,-58803.762842086966,20.690895070726192,254.989,3096,0.7270112231549282,0.1881176335858414
73851.72557676522,58306.72657676523,-58803.762842086966,20.690895070726192,254.994,3097,0.7271097727856134,0.18827868825772442
73858.34370720001,58313.34470720001,-58806.644016000006,20.6910869965088,255.0,3098,0.7272187032068966,0.18845670773010467
73863.26812825265,58318.26912825265,-58808.260542315795,20.691229804719327,255.041,3099,0.7273383901793246,0.18865230608941888
73869.03760193686,58324.03860193686,-58809.95159494738,20.69139711945617,255.066,3100,0.7274690723407623,0.18886587332944785
73873.91002978066,58328.91102978066,-58810.21614503227,20.69153841986364,255.11,3101,0.7276111681064891,0.18909809324509816
73880.77263823448,58335.77363823449,-58812.03501600001,20.6917374355088,255.119,3102,0.727764611074639,0.18934885731916223
73885.79234870944,58340.79334870944,-58811.50605373586,20.691883007112573,255.164,3103,0.7279301360555945,0.189619366415045
73888.67737710293,58343.67837710293,-58811.05943347573,20.691966672935983,255.19,3104,0.728107672127829,0.18990950462928602
73890.92253328697,58345.92353328697,-58809.95327686957,20.69203178246532,255.34,3105,0.7282974005329895,0.190219568155933
73930.67590578114,58385.67690578115,-58816.489055456615,20.693184630267652,256.164,3106,0.728499558874976,0.19054994529900962
73952.62259066917,58407.62359066917,-58817.19348677384,20.693821084129407,256.171,3107,0.7287142610381334,0.19090082217393514
73952.62259066917,58407.62359066917,-58817.19348677384,20.693821084129407,256.179,3108,0.7289416287632664,0.19127239773554272
73955.96318880001,58410.96418880002,-58815.27920640001,20.6939179614752,256.187,3109,0.7291817743208703,0.19166485546181863
73955.96318880001,58410.96418880002,-58815.27920640001,20.6939179614752,256.194,3110,0.7294348483488271,0.19207844153262682
73955.96318880001,58410.96418880002,-58815.27920640001,20.6939179614752,256.199,3111,0.729700773819137,0.19251303006500697
73955.96318880001,58410.96418880002,-58815.27920640001,20.6939179614752,256.204,3112,0.7299797800179817,0.19296899576975718
73958.97345684125,58413.97445684126,-58813.78217547217,20.694005259248396,256.209,3113,0.7302719138609071,0.19344641531857873
73962.89833165715,58417.89933165716,-58813.49892068572,20.69411908061806,256.245,3114,0.7305772963665815,0.19394548648615428
73965.33673335446,58420.33773335446,-58812.05904798417,20.69418979426728,256.252,3115,0.730895918150739,0.1944661939362528
73968.49490014021,58423.49590014022,-58811.49598990516,20.694281381104066,256.295,3116,0.7312276954936996,0.19500840085004043
73969.63505976775,58424.636059767756,-58809.84127091614,20.694314445733266,256.322,3117,0.7315724631754552,0.19557183721682272
73970.93618880001,58425.93718880002,-58808.56820640001,20.6943521784752,256.349,3118,0.7319303786617756,0.19615676037493474
73974.37518880001,58429.376188800015,-58808.43720640001,20.6944519094752,256.394,3119,0.7323015073770593,0.19676327724415885
73976.72965033847,58431.730650338475,-58807.40166793847,20.694520188859816,256.536,3120,0.732685784378611,0.1973912816919357
74045.53842628966,58500.53942628966,-58695.50139177932,20.6965156433624,257.303,3121,0.7330831995446444,0.19804075717674283
74039.3398056,58494.340805600004,-58671.34415040001,20.6963358833624,257.312,3122,0.7334935938273414,0.19871144377478336
74039.3398056,58494.340805600004,-58671.34415040001,20.6963358833624,257.321,3123,0.733917008602011,0.1994034091036303
74039.88827618824,58494.889276188245,-58667.890268047064,20.69635178900946,257.328,3124,0.734352941778668,0.20011583262304106
74039.88827618824,58494.889276188245,-58667.890268047064,20.69635178900946,257.335,3125,0.7348014720797502,0.2008488429851106
74039.88827618824,58494.889276188245,-58667.890268047064,20.69635178900946,257.341,3126,0.7352625488198006,0.20160235735716228
74039.88827618824,58494.889276188245,-58667.890268047064,20.69635178900946,257.345,3127,0.7357359672664281,0.20237604115541516
74037.6948056,58492.6958056,-58665.58665040001,20.6962881783624,257.351,3128,0.7362215103133575,0.20316953957407555
74038.9775556,58493.9785556,-58663.97315040001,20.696325378112398,257.374,3129,0.7367189183032602,0.20398242826831786
74039.01629208648,58494.017292086486,-58662.40496121082,20.69632650147051,257.397,3130,0.7372280104805261,0.20481441183840002
74039.64629208649,58494.64729208649,-58660.58306931893,20.696344771470507,257.439,3131,0.7377484963540253,0.2056650155493759
74039.7748056,58494.7758056,-58659.14915040001,20.6963484983624,257.466,3132,0.7382803195266422,0.20653414723429497
74041.8274979077,58496.8284979077,-58656.11107347693,20.69640802643932,257.493,3133,0.7388228649158126,0.20742080169486402
74042.9354153561,58497.936415356104,-58654.395613814646,20.696440156045327,257.538,3134,0.7393757148192579,0.2083242963013972
74044.8523056,58499.8533056,-58653.25790040001,20.6964957458624,257.707,3135,0.7399386151786327,0.20924421585920364
74181.18688712727,58636.18788712728,-58639.12714080001,20.70044944872669,258.414,3136,0.7405110001914782,0.21017963570597137
74191.67795402264,58646.678954022645,-58640.2635181585,20.700753689666655,258.423,3137,0.7410925322736311,0.21113000414499417
74191.67795402264,58646.678954022645,-58640.2635181585,20.700753689666655,258.431,3138,0.7416826797467992,0.2120944522813577
74198.53457593847,58653.53557593847,-58641.385448492314,20.700952531702214,258.438,3139,0.742280877819112,0.21307205710430333
74205.43819383926,58660.439193839265,-58643.15678565982,20.70115273662134,258.445,3140,0.7428867676971495,0.2140622322559104
74211.9240144,58666.92501440001,-58645.33894080001,20.7013408254176,258.485,3141,0.7434995719857935,0.2150637072786968
74217.88725076364,58672.888250763644,-58648.48550443637,20.701513759272146,258.511,3142,0.7441187338658111,0.21607557219118143
74223.0530261647,58678.05402616471,-58650.35843491765,20.701663566758775,258.555,3143,0.744743753598704,0.21709701029603856
74227.87013613913,58682.87113613913,-58652.04487993044,20.701803262948033,258.582,3144,0.7453738738891083,0.21812678398379626
74231.99079886603,58686.99179886603,-58654.90527672234,20.701922762167115,258.627,3145,0.7460084338300752,0.2191638131676901
74234.53929621818,58689.54029621818,-58657.7522317091,20.701996668590326,258.654,3146,0.7466469115290031,0.2202072449450643
74237.75504297143,58692.756042971436,-58659.27171222858,20.70208992524617,258.696,3147,0.7472880818910281,0.22125507720540924
74240.3748144,58695.3758144,-58661.93314080001,20.7021658986176,258.722,3148,0.7479315195849338,0.22230661485145212
74242.31889529889,58697.31989529889,-58663.143590238215,20.702222276963667,258.749,3149,0.7485763865191961,0.22336048823264787
74243.74382058557,58698.744820585576,-58666.18726451135,20.702263599796982,258.924,3150,0.7492218971610799,0.22441541359261855
74315.0882192,58770.0892192,-58749.169714400006,20.7043325873568,259.608,3151,0.74986713136975,0.22546988719178393
74320.84430430639,58775.84530430639,-58753.545161208516,20.704499513824885,259.614,3152,0.750511275844796,0.22652257989446037
74328.18376636981,58783.18476636981,-58759.23412949435,20.704712358224725,259.621,3153,0.7511533988744932,0.22757196905134844
74337.37425658318,58792.37525658318,-58766.04481720374,20.704978882440912,259.645,3154,0.7517926326170337,0.2286166363925204
74345.68974861177,58800.69074861177,-58771.185949694125,20.705220031709743,259.69,3155,0.7524279977077268,0.22965498139184726
74354.23455253334,58809.23555253334,-58775.587714400004,20.705467831023466,259.716,3156,0.7530584106384697,0.23068523332689406
74363.84003738181,58818.84103738182,-58780.2128053091,20.705746390084073,259.76,3157,0.7536831152066245,0.2317061563739763
74374.03201359253,58829.03301359253,-58783.943882624306,20.706041957394184,259.787,3158,0.7543008549199968,0.2327156971115166
74384.0594230835,58839.0604230835,-58786.16994740971,20.70633275226942,259.814,3159,0.7549107390431115,0.23371239985562567
74396.72006535385,58851.72106535385,-58788.77463747693,20.70669991089526,259.859,3160,0.7555116837261092,0.2346944933253535
74409.5407823068,58864.5417823068,-58789.63188915729,20.707071711686897,259.886,3161,0.7561028098066319,0.23566054075016998
74422.58479062858,58877.58579062858,-58789.436285828575,20.70744998792823,259.912,3162,0.7566829022736279,0.23660855649902912
74434.7112192,58889.71221920001,-58787.98208940001,20.7078016543568,259.939,3163,0.7572507919461264,0.2375366298386659
74445.95976758709,58900.960767587094,-58786.333843432265,20.708127862260024,259.983,3164,0.7578055219609057,0.23844319701596256
74458.9662192,58913.9672192,-58783.26862349091,20.7085050493568,260.124,3165,0.7583463510793714,0.23932704666221336
74562.27552000001,59017.276520000014,-58549.07629256471,20.71150101908,261.001,3166,0.7588719893187655,0.2401860706239082
74616.39824727274,59071.39924727274,-58489.522426254545,20.71307057817091,261.011,3167,0.7593812870760838,0.2410183901630614
74616.39824727274,59071.39924727274,-58489.522426254545,20.71307057817091,261.019,3168,0.7598731206141855,0.24182216881295868
74628.8859046154,59083.8869046154,-58482.93826541539,20.713432720233847,261.026,3169,0.7603465125769616,0.242595809329994
74628.8859046154,59083.8869046154,-58482.93826541539,20.713432720233847,261.032,3170,0.7608004474728514,0.24333765214772396
74628.8859046154,59083.8869046154,-58482.93826541539,20.713432720233847,261.038,3171,0.7612336987552526,0.2440456927831364
74628.8859046154,59083.8869046154,-58482.93826541539,20.713432720233847,261.043,3172,0.7616452139627602,0.2447182112518428
74642.06197161291,59097.06297161292,-58477.54965499355,20.713814826176776,261.05,3173,0.7620341452314978,0.2453538219328372
74653.07841473685,59108.07941473686,-58472.19893343158,20.714134303027368,261.073,3174,0.7623992785514504,0.24595054083101706
74667.53952000002,59122.540520000024,-58469.670880800004,20.71455367508,261.129,3175,0.7627397487934079,0.2465069541095157
74678.73102,59133.73202000001,-58468.602130800005,20.71487822858,261.135,3176,0.7630545263889263,0.24702137919675196
74691.9935527869,59146.9945527869,-58469.93468407869,20.71526284203082,261.159,3177,0.7633429327371677,0.24749270708973364
74704.22934352943,59159.23034352943,-58471.8234690353,20.715617679962353,261.204,3178,0.7636036623165965,0.2479188042407136
74716.16352000002,59171.16452000002,-58481.9108808,20.715963771080002,261.231,3179,0.7638358957812086,0.24829833163400059
74730.16499368423,59185.16599368423,-58485.058670273684,20.716369813816844,261.372,3180,0.7640385778405454,0.24862956466182726
75002.40355646511,59457.40455646512,-58520.38152485582,20.724264732137488,262.107,3181,0.7642110996262864,0.2489115082815242
75012.82084493617,59467.821844936174,-58508.97637394043,20.72456683350315,262.116,3182,0.7643526622995092,0.24914285699108552
75019.51551043299,59474.51651043299,-58496.18747067217,20.724760978802557,262.125,3183,0.7644625163183639,0.24932238585221536
75024.781071,59479.78207100001,-58482.8922516,20.724913680059,262.149,3184,0.7645398673041677,0.24944879665205125
75028.83554215384,59483.83654215385,-58469.21773236924,20.72503125972246,262.174,3185,0.7645843410222241,0.24952147779777636
75031.45713078261,59486.458130782616,-58456.458501600006,20.725107285792696,262.217,3186,0.7645953031525907,0.2495393926524244
75031.897446,59486.89844600001,-58445.74850160001,20.725120054934,262.244,3187,0.7645722087840784,0.24950165069522742
75032.81653470968,59487.817534709684,-58433.66334030968,20.725146708506582,262.271,3188,0.7645146178994976,0.24940753282837066
75032.63284984615,59487.633849846155,-58421.84484775385,20.72514138164554,262.315,3189,0.7644223263274311,0.24925670538484418
75032.29225779776,59487.29325779776,-58410.41187238652,20.725131504476135,262.342,3190,0.7642948247998752,0.24904833609373347
75031.49066151724,59486.49166151724,-58400.93884642759,20.725108258184,262.387,3191,0.7641321057041001,0.24878241251393973
75031.85598171428,59486.856981714285,-58391.41421588572,20.725118852469713,262.414,3192,0.7639340658310586,0.24845876597614272
75029.56492180645,59484.565921806454,-58382.73495321291,20.72505241173239,262.441,3193,0.7637006814123133,0.24807735763678837
75026.02477292308,59481.02577292308,-58374.59311698462,20.72494974741477,262.486,3194,0.7634320374222978,0.24763832636529146
75023.35658961702,59478.35758961702,-58364.74658670639,20.724872370098893,262.622,3195,0.7631283511180654,0.2471420272138544
75161.96894469678,59616.969944696786,-58201.093358941944,20.728892128396208,263.487,3196,0.76278988920521,0.24658889604592593
75201.71389093334,59656.71489093335,-58224.0312800889,20.73004473183707,263.496,3197,0.7624170157507237,0.24597952783775903
75201.71389093334,59656.71489093335,-58224.0312800889,20.73004473183707,263.528,3198,0.7620102840304016,0.24531482677997296
75207.0594617096,59662.06046170961,-58227.77718572056,20.730199753389577,263.536,3199,0.7615703872949752,0.24459592581713924
75207.0594617096,59662.06046170961,-58227.77718572056,20.730199753389577,263.543,3200,0.7610979556075118,0.24382385462942896
75207.0594617096,59662.06046170961,-58227.77718572056,20.730199753389577,263.549,3201,0.7605939136582726,0.24300012439131885
75207.0594617096,59662.06046170961,-58227.77718572056,20.730199753389577,263.555,3202,0.7600591916408268,0.24212625527106385
75212.90419396365,59667.905193963656,-58231.65693665455,20.730369250624946,263.56,3203,0.7594948467245651,0.2412039749470748
75217.0485576,59672.04955760001,-58233.96879120001,20.7304894371704,263.566,3204,0.7589022931583511,0.24023559465466626
75220.86789937217,59675.86889937217,-58237.117834237986,20.73060019808179,263.571,3205,0.7582827094741071,0.23922304040889023
75224.15255760001,59679.15355760002,-58241.02839120001,20.7306954531704,263.613,3206,0.7576376734750828,0.2381688907337137
75229.1701228174,59684.17112281741,-58244.52065206957,20.730840962561704,263.656,3207,0.7569684892218347,0.23707527678927992
75234.53908701178,59689.54008701179,-58247.1335676706,20.730996662523342,263.682,3208,0.7562771444183537,0.23594544697958433
75241.73692123637,59696.737921236374,-58252.4714821091,20.731205399715854,263.709,3209,0.7555653736151865,0.23478223599276538
75249.74078487275,59704.74178487275,-58256.75875483637,20.73143751176131,263.859,3210,0.7548350467877833,0.23358869983502495
75361.23274173135,59816.233741731354,-58248.373747307465,20.73467077851021,264.715,3211,0.754088205256673,0.23236817453315162
75377.68348800001,59832.68448800001,-58224.7134488,20.735147850152,264.724,3212,0.7533269282663543,0.23112405809115819
75377.68348800001,59832.68448800001,-58224.7134488,20.735147850152,264.731,3213,0.7525534160238486,0.22985994619598368
75379.02421527274,59834.02521527275,-58218.77417607273,20.73518673124291,264.738,3214,0.7517699220350503,0.22857952163821674
75379.02421527274,59834.02521527275,-58218.77417607273,20.73518673124291,264.743,3215,0.7509787585363502,0.2272865631887228
75379.02421527274,59834.02521527275,-58218.77417607273,20.73518673124291,264.749,3216,0.7501824924986225,0.22598526591803644
75379.02421527274,59834.02521527275,-58218.77417607273,20.73518673124291,264.754,3217,0.7493835910687014,0.22467966175931794
75379.0363181887,59834.0373181887,-58215.862128045286,20.735187082227473,264.759,3218,0.7485844858833871,0.2233737246134762
75379.81648800001,59834.817488000015,-58210.3894488,20.735209707152002,264.828,3220,0.7477876473846807,0.22207149179879604
75378.30448800001,59833.30548800001,-58209.6544488,20.735165859152,264.855,3221,0.7469958997644748,0.22077757874909906
75378.92072937932,59833.92172937932,-58209.0034488,20.735183730152002,264.882,3222,0.7462117039894123,0.21949600729757182
75379.76661300001,59834.76761300002,-58207.881261300005,20.735208260777,264.909,3223,0.7454375235927544,0.21823080347189483
75380.723488,59835.72448800001,-58205.2534488,20.735236010152,265.121,3225,0.7446760022660257,0.21698628772327724
75387.36057054547,59842.36157054547,-58201.491416509096,20.735428485545818,265.904,3227,0.7439296613411058,0.21576658053675546
75387.36057054547,59842.36157054547,-58201.491416509096,20.735428485545818,265.913,3228,0.7432011290966416,0.21457597717505278
75387.20696215385,59842.20796215386,-58202.18632560001,20.73542403090246,265.92,3229,0.7424927412485756,0.21341829478047739
75387.20696215385,59842.20796215386,-58202.18632560001,20.73542403090246,265.926,3230,0.7418069982757313,0.2122976197589719
75387.20696215385,59842.20796215386,-58202.18632560001,20.73542403090246,265.932,3231,0.7411462310869916,0.21121776139691026
75387.20696215385,59842.20796215386,-58202.18632560001,20.73542403090246,265.937,3232,0.7405126258851593,0.2101822924948459
75387.22634676924,59842.22734676924,-58203.291248676935,20.735424593056308,265.943,3233,0.7399086005187294,0.20919516442015926
75387.42261600001,59842.423616000015,-58203.642325600005,20.735430284864,266.012,3235,0.7393361783518578,0.20825968385444782
75387.22693418183,59842.227934181836,-58204.374143781824,20.735424610091272,266.066,3237,0.7387969849532237,0.20737850738230162
75386.4182307541,59841.41923075411,-58204.65675182952,20.735401157691868,266.093,3238,0.7382930056672689,0.20655487955162466
75387.34640632258,59842.34740632259,-58204.42587398711,20.735428074783353,266.139,3239,0.73782575531107,0.20579127595127025
75387.139116,59842.14011600001,-58204.45432560001,20.735422063364002,266.279,3240,0.7373968799456361,0.20509038665540585
75387.303228,59842.30422800001,-58208.74505566452,20.735426822612,266.892,3241,0.737007626367711,0.20445424924082484
75389.27785486568,59844.27885486568,-58209.947424465674,20.735484086791104,266.903,3242,0.73665869911126,0.20388401509171625
75389.27785486568,59844.27885486568,-58209.947424465674,20.735484086791104,266.911,3243,0.7363516099232568,0.2033821547796197
75389.87722800001,59844.878228000016,-58210.6907976,20.735501468612,266.918,3244,0.7360870875897677,0.20294985932270534
75389.87722800001,59844.878228000016,-58210.6907976,20.735501468612,266.924,3245,0.7358658382552202,0.20258828273705892
75389.99504618182,59844.99604618183,-58211.1227976,20.735504885339274,266.93,3246,0.735688218713647,0.20229800811310358
75390.20935703228,59845.21035703228,-58211.549571793556,20.735511100353936,266.956,3247,0.7355545788832671,0.20207960730446864
75389.98580864517,59844.986808645175,-58211.468281470974,20.73550461745071,267.001,3248,0.7354650179651089,0.20193324243037192
75390.00322800002,59845.00422800002,-58212.076797600006,20.735505122612,267.028,3249,0.7354193312634758,0.20185857896700052
75390.36322800002,59845.36422800002,-58213.1327976,20.735515562612,267.073,3250,0.7354172779801466,0.2018552233900128
75392.20959163638,59847.21059163638,-58217.212797600005,20.735569107157456,267.099,3251,0.7354583459538838,0.20192233870022924
75389.8780106087,59844.87901060871,-58220.883232382614,20.73550149130765,267.126,3252,0.7355418085423162,0.20205873738281205
75388.311228,59843.31222800001,-58223.9567976,20.735456054612,267.153,3253,0.7356669086010879,0.20226318207507443
75385.24463645072,59840.24563645072,-58226.03871309296,20.73536712345707,267.198,3254,0.7358326235050506,0.20253400155251214
75382.89322800002,59837.89422800002,-58227.782797600004,20.735298932612,267.335,3255,0.7360377399846171,0.20286921303006591
75282.63901843903,59737.64001843904,-58256.885027004886,20.732391560534733,268.081,3256,0.7362808335728497,0.20326648857354024
75266.60067155557,59721.601671555574,-58253.81565031112,20.73192644847511,268.091,3257,0.7365605990178075,0.2037236950757726
75266.60067155557,59721.601671555574,-58253.81565031112,20.73192644847511,268.099,3258,0.7368752359465559,0.2042378902784286
75266.26116251164,59721.262162511644,-58253.10895780466,20.731916602712836,268.108,3259,0.7372229961202901,0.2048062171233422
75266.26116251164,59721.262162511644,-58253.10895780466,20.731916602712836,268.116,3260,0.7376018338867336,0.20542533250456918
75266.26116251164,59721.262162511644,-58253.10895780466,20.731916602712836,268.123,3261,0.7380097549362018,0.20609197722276318
75266.26116251164,59721.262162511644,-58253.10895780466,20.731916602712836,268.129,3262,0.7384445923475237,0.20680260998836528
75265.150116,59720.15111600001,-58252.0195392,20.731884382364,268.134,3263,0.7389040039031363,0.2075534030337982
75262.87853063416,59717.87953063416,-58251.15356359025,20.73181850638839,268.181,3265,0.7393858796125481,0.20834090810843015
75260.29147963638,59715.29247963638,-58249.96794829091,20.731743481909454,268.206,3266,0.7398876638777868,0.20916094872788424
75258.70614692784,59713.707146927845,-58250.153198993816,20.731697507260908,268.23,3267,0.740407011102097,0.21000969160214003
75257.60097806898,59712.60197806898,-58249.6521254069,20.731665457364002,268.272,3268,0.7409412568936744,0.21088278245056966
75255.85533339132,59710.85633339132,-58249.7793218087,20.73161483366835,268.317,3269,0.7414880074324555,0.2117763091742416
75254.50026163108,59709.501261631085,-58248.843762500976,20.7315755365873,268.452,3270,0.7420446124849235,0.21268594063070026
75286.68270786207,59741.683707862074,-58344.55101790345,20.732508827528,269.192,3271,0.742608294506478,0.21360713761943168
75291.024432,59746.02543200001,-58368.317224800005,20.732634737528,269.202,3272,0.7431765013976332,0.21453572937345836
75291.024432,59746.02543200001,-58368.317224800005,20.732634737528,269.21,3273,0.7437462528415696,0.21546684531189483
75291.390057,59746.391057,-58374.262849800005,20.732645340653,269.217,3274,0.7443153836674887,0.21639694700572756
75291.390057,59746.391057,-58374.262849800005,20.732645340653,269.224,3275,0.744881203367531,0.21732163749418137
75293.204432,59748.205432,-58380.29722480001,20.732697957528,269.229,3276,0.7454411256167246,0.21823669007729968
75294.264432,59749.265432,-58386.86830172308,20.732728697528,269.252,3277,0.7459927578462568,0.21913819470100734
75295.48625018181,59750.48725018182,-58392.868133890915,20.732764130255273,269.294,3278,0.7465335347960813,0.22002195909068897
75298.87797046154,59753.87897046155,-58398.9449171077,20.732862490143386,269.32,3279,0.7470610346945755,0.22088402546759572
75301.3853410909,59756.38634109091,-58404.666315709095,20.732935203891635,269.365,3280,0.7475728051440513,0.2217203860023502
75305.00350892308,59760.004508923084,-58410.30430172308,20.73304013075877,269.391,3281,0.7480667027859246,0.22252753791253607
75310.13636748386,59765.13736748387,-58414.81528931613,20.733188983657033,269.418,3282,0.748540454527734,0.22330176639823004
75314.984432,59769.985432,-58420.177224800005,20.733329577528,269.463,3283,0.7489918831859914,0.22403951339868777
75320.79541791549,59775.796417915495,-58426.277224800004,20.73349809611955,269.49,3284,0.7494190099639106,0.22473754506650756
75327.494832,59782.495832,-58430.712424800004,20.733692379128,269.634,3285,0.7498198879480769,0.22539267965966736
75487.99032686897,59942.99132686897,-58426.061245241384,20.7383467484792,270.432,3286,0.7501927576281721,0.22600204169953814
75503.86185610435,59958.86285610436,-58411.02877147827,20.738807022827025,270.441,3287,0.7505357391189148,0.22656255898478253
75503.86185610435,59958.86285610436,-58411.02877147827,20.738807022827025,270.45,3288,0.7508473251117171,0.22707176819729
75507.64185610435,59962.64285610436,-58406.189641043486,20.738916642827025,270.458,3289,0.751125942892263,0.2275270991296799
75507.64185610435,59962.64285610436,-58406.189641043486,20.738916642827025,270.464,3290,0.7513699308701711,0.22792583632891822
75507.64185610435,59962.64285610436,-58406.189641043486,20.738916642827025,270.47,3291,0.7515781981694605,0.22826619703161985
75510.89810116365,59965.89910116365,-58400.93300072728,20.739011073933746,270.475,3292,0.7517493058326823,0.22854582962248038
75513.87601409579,59968.87701409579,-58397.33826321128,20.739097433408777,270.499,3293,0.7518823244779391,0.22876321525971927
75515.53270009413,59970.533700094136,-58393.7913162353,20.73914547730273,270.521,3294,0.7519760981756503,0.22891646486614714
75516.05646480001,59971.05746480002,-58391.84572800001,20.7391606664792,270.564,3295,0.7520298159653721,0.22900425313016984
75517.43923403078,59972.440234030786,-58390.32403569231,20.739200766786894,270.609,3296,0.7520428799651118,0.22902560296351696
75516.70173752728,59971.70273752729,-58389.7648189091,20.73917937938829,270.636,3297,0.7520145599487025,0.22897932099453538
75516.05791307587,59971.058913075874,-58388.86952110346,20.7391607084792,270.663,3298,0.751944316329444,0.2288645254040001
75516.0044648,59971.00546480001,-58387.03572800001,20.7391591584792,270.69,3299,0.7518318202480452,0.2286806787538215
75516.06610414427,59971.06710414427,-58386.217039475414,20.739160946020185,270.839,3300,0.7516768586662574,0.22842743288637615
75537.60108564707,59992.60208564707,-58369.10283868235,20.739785460483766,271.59,3302,0.7514791072792482,0.22810425780669555
75537.60108564707,59992.60208564707,-58369.10283868235,20.739785460483766,271.599,3303,0.7512386690293504,0.22771132174822273
75539.78882165854,59994.789821658545,-58368.43071816586,20.739848904828097,271.606,3304,0.7509553593797944,0.22724832313185775
75539.78882165854,59994.789821658545,-58368.43071816586,20.739848904828097,271.612,3305,0.7506299050638034,0.22671644962091322
75542.94203776745,59997.94303776746,-58368.71087698605,20.739940348095256,271.617,3306,0.7502624787610754,0.2261159834170767
75551.1860059747,60006.1870059747,-58369.940461913924,20.740179423173267,271.686,3308,0.7498535532068118,0.22544769708755333
75555.90881069664,60010.90981069664,-58371.0139080809,20.7403163845102,271.713,3309,0.7494037437746099,0.22471259630625717
75559.36425832259,60014.36525832259,-58373.275423122584,20.740416592491357,271.758,3310,0.7489137911914673,0.22391189160581726
75562.41436040508,60017.41536040508,-58374.310588496206,20.740505045451748,271.785,3311,0.7483845566098657,0.22304699032413475
75565.3171452152,60020.318145215206,-58376.43185431899,20.74058922621124,271.812,3312,0.747817064263613,0.22211956631466512
75567.83436334885,60022.83536334886,-58378.732272334884,20.74066222553712,271.839,3313,0.7472124929979878,0.22113154610456218
75571.11375451686,60026.114754516864,-58381.41952605843,20.74075732788099,271.883,3314,0.7465719251566683,0.2200846985133008
75575.98158868967,60030.98258868967,-58385.92447762759,20.740898495072,272.022,3315,0.7458967112353541,0.21898123058762742
75596.86981159025,60051.870811590255,-58495.15875114147,20.741504253536117,274.166,3316,0.7451883278442498,0.21782355547683904
75575.73896901819,60030.73996901819,-58465.95005934546,20.740891459101526,274.176,3317,0.7444485051891182,0.21661450076861363
75575.73896901819,60030.73996901819,-58465.95005934546,20.740891459101526,274.185,3318,0.7436788914856696,0.21535676005843787
75568.98078720001,60023.98178720001,-58459.95558040976,20.7406954718288,274.193,3319,0.7428813545925235,0.21405338589308442
75568.98078720001,60023.98178720001,-58459.95558040976,20.7406954718288,274.199,3320,0.7420579182093103,0.21270768550239982
75568.98078720001,60023.98178720001,-58459.95558040976,20.7406954718288,274.205,3321,0.7412103723733051,0.21132258425367334
75568.98078720001,60023.98178720001,-58459.95558040976,20.7406954718288,274.211,3322,0.7403408802932934,0.20990161736950044
75563.43389064829,60018.43489064829,-58455.330811696556,20.7405346118288,274.216,3323,0.7394516670585816,0.2084484212006789
75556.48470472578,60011.48570472578,-58450.434295521656,20.740333085437047,274.239,3324,0.7385451183600212,0.2069668945609804
75548.61972337023,60003.62072337023,-58445.47375373617,20.740105000977735,274.281,3325,0.7376236152716449,0.205460928719143
75541.17949687743,59996.18049687744,-58441.72589512259,20.739889234409446,274.307,3326,0.7366896225860136,0.2039345517608573
75532.17771027693,59987.17871027693,-58439.00922018462,20.739628182598032,274.334,3327,0.7357457806982507,0.20239207875019097
75523.44260538183,59978.443605381835,-58435.03915025455,20.739374864556073,274.361,3328,0.7347946002382318,0.20083761268243694
75514.7867872,59969.78778720001,-58432.628604800004,20.7391238458288,274.406,3329,0.7338385681171571,0.19927521779065777
75507.06952506409,59962.07052506409,-58430.97334266408,20.73890004522686,274.539,3330,0.7328804694112708,0.19770944558395187
75322.32489487708,59777.32589487708,-58332.37376278899,20.733542450951436,275.317,3331,0.7319230108970919,0.1961447196101405
75286.04046785456,59741.041467854564,-58295.19997963637,20.73249020256778,275.326,3332,0.7309688216320214,0.19458533640462564
75286.04046785456,59741.041467854564,-58295.19997963637,20.73249020256778,275.335,3333,0.7300210103401857,0.1930363763978532
75279.3485106353,59734.34951063531,-58289.276439529414,20.732296135808426,275.342,3334,0.729081944475535,0.19150170859995
75279.3485106353,59734.34951063531,-58289.276439529414,20.732296135808426,275.348,3335,0.7281541995634531,0.18998554206165272
75279.3485106353,59734.34951063531,-58289.276439529414,20.732296135808426,275.354,3336,0.7272404740756667,0.18849228675868138
75279.3485106353,59734.34951063531,-58289.276439529414,20.732296135808426,275.36,3337,0.7263435005054241,0.18702640826640585
75272.77412929657,59727.77512929657,-58282.42658151725,20.732105478749602,275.365,3338,0.7254658828896777,0.18559216223057595
75264.4756824,59719.47668240001,-58274.723376,20.7318648237896,275.389,3339,0.7246101790254348,0.18419372872933973
75253.24346086154,59708.24446086155,-58266.61207753846,20.731539089364986,275.434,3340,0.7237786195654725,0.1828347532055936
75241.77841420329,59696.779414203294,-58260.220238950824,20.731206603011895,275.461,3341,0.7229736388643319,0.18151921400171295
75229.50655876365,59684.50755876365,-58254.03807054546,20.730850719204145,275.488,3342,0.7221975212754973,0.18025084432094127
75218.35448490002,59673.35548490002,-58251.051834750004,20.7305273090621,275.515,3343,0.721452507386501,0.17903330584204186
75205.8806424,59660.88164240001,-58247.336016,20.7301655676296,275.56,3344,0.720740279655417,0.17786934812106256
75194.49160661054,59649.49260661054,-58246.410247578955,20.729835285591705,275.694,3345,0.7200631078955382,0.17676268059894795
75139.36718211892,59594.368182118924,-58268.4932353946,20.728236677281448,276.548,3346,0.7194224946805036,0.17571575885572124
75136.99773688422,59591.99873688423,-58266.493903957904,20.728167963369643,276.557,3347,0.7188201118114194,0.1747313150312874
75136.99773688422,59591.99873688423,-58266.493903957904,20.728167963369643,276.566,3348,0.7182573930534066,0.17381169225539253
75137.64134012308,59592.642340123086,-58266.42248695385,20.72818662786357,276.573,3349,0.7177357363896558,0.17295917518118525
75137.64134012308,59592.642340123086,-58266.42248695385,20.72818662786357,276.58,3350,0.7172562883504076,0.17217563752498924
75137.64134012308,59592.642340123086,-58266.42248695385,20.72818662786357,276.585,3351,0.7168197133479034,0.17146216510209178
75137.64134012308,59592.642340123086,-58266.42248695385,20.72818662786357,276.591,3352,0.7164268209749373,0.17082008098900656
75138.3514632,59593.352463200004,-58266.4638408,20.7282072214328,276.596,3353,0.7160783485023233,0.17025059007009724
75139.3685263579,59594.3695263579,-58266.99127237895,20.72823671626438,276.639,3354,0.7157747697043501,0.16975446661069643
75139.48637130811,59594.48737130812,-58267.233235394604,20.728240133767937,276.666,3355,0.7155161816912368,0.1693318693131189
75140.03146320001,59595.03246320001,-58267.50544080001,20.7282559414328,276.694,3356,0.7153027000605349,0.16898298709259016
75140.21405267369,59595.215052673695,-58267.88653553685,20.728261236527537,276.721,3357,0.7151342217113708,0.16870765145657254
75140.19946320001,59595.20046320002,-58268.66464080001,20.7282608134328,276.746,3358,0.715010422804733,0.16850533317136557
75138.70426320001,59593.70526320001,-58268.950240800004,20.7282174526328,276.79,3359,0.7149308086346939,0.16837522376411837
75138.0007632,59593.00176320001,-58269.571140800006,20.7281970511328,276.937,3360,0.7148947988531718,0.16831637480134387
75091.78171389474,59546.78271389475,-58296.11481018948,20.726856698702946,277.628,3361,0.7149014382617253,0.1683272252505911
75086.20778676924,59541.208786769246,-58303.17234055385,20.726695054816307,277.665,3362,0.714949822818589,0.16840629768217416
75086.20778676924,59541.208786769246,-58303.17234055385,20.726695054816307,277.673,3363,0.7150387231494251,0.16855158299185563
75083.92329284211,59538.924292842115,-58305.94612597895,20.72662880449242,277.679,3364,0.7151668953005582,0.16876104824912508
75083.92329284211,59538.924292842115,-58305.94612597895,20.72662880449242,277.685,3365,0.7153329504626769,0.1690324237932397
75083.29539144305,59538.29639144306,-58307.938747564556,20.72661059535185,277.69,3366,0.7155354039855324,0.16936328333546574
75081.66855600002,59536.66955600002,-58309.6875853091,20.726563417124,277.696,3367,0.7157728100222251,0.16975126400141796
75079.6320443721,59534.63304437211,-58313.52733160931,20.726504358286792,277.72,3368,0.7160430702213908,0.17019293656170073
75077.36222688609,59532.3632268861,-58317.25317794431,20.726438533579696,277.764,3369,0.7163443547296499,0.17068531057958097
75074.42775600002,59529.42875600002,-58322.0296944,20.726353433924,277.809,3370,0.7166746744142822,0.17122513531616362
75069.74829284212,59524.74929284213,-58328.990862821054,20.726217729492422,277.835,3371,0.7170320883894398,0.17180923887997365
75065.03336612659,59520.034366126594,-58337.923557691145,20.72608099661767,277.861,3372,0.717414502340409,0.1724341986385096
75061.07240215386,59516.07340215387,-58345.52772516923,20.725966128662463,277.886,3373,0.71781974916578,0.1730964730076568
75057.50417243836,59512.50517243837,-58351.89411083836,20.725862650000714,277.929,3374,0.718245214287856,0.1737917891154614
75054.51464295654,59509.51564295654,-58356.77501613913,20.72577595364574,278.104,3375,0.7186890164381896,0.17451707250014756
75034.91876272942,59489.91976272942,-58373.23416296471,20.725207673119154,278.906,3376,0.7191491003263969,0.17526896430469996
75047.49730762106,59502.49830762106,-58363.44185646316,20.72557245092101,278.915,3377,0.7196230904415648,0.17604358235190495
75047.49730762106,59502.49830762106,-58363.44185646316,20.72557245092101,278.924,3378,0.7201088116488137,0.17683737192895527
75052.62384163903,59507.62484163903,-58360.31328778537,20.72572112040753,278.932,3379,0.7206039398797381,0.1776465349285231
75052.62384163903,59507.62484163903,-58360.31328778537,20.72572112040753,278.938,3380,0.7211063374344617,0.1784675778159316
75052.62384163903,59507.62484163903,-58360.31328778537,20.72572112040753,278.945,3381,0.7216140148934818,0.17929724938361138
75052.62384163903,59507.62484163903,-58360.31328778537,20.72572112040753,278.951,3382,0.7221245367151251,0.180131569349117
75058.23037398262,59513.23137398262,-58357.95062076522,20.725883709845498,278.957,3383,0.7226360821552955,0.18096756216255583
75064.51266647273,59519.51366647273,-58355.792933018194,20.72606589632771,278.981,3384,0.7231465057573482,0.18180172161275726
75071.04370390589,59526.04470390589,-58354.712162964715,20.72625529641327,279.004,3385,0.7236539319126313,0.18263098248746323
75075.97993920001,59530.98093920002,-58353.98655120001,20.7263984472368,279.047,3386,0.7241564050298834,0.18345214886288644
75080.69558276437,59535.69658276437,-58354.17455318021,20.726535200900166,279.073,3387,0.7246522652336742,0.18426250808865005
75085.66848288933,59540.66948288934,-58355.33475120001,20.72667941500379,279.1,3388,0.7251396911790864,0.18505908363297016
75090.21419662575,59545.21519662575,-58356.43257298219,20.726811240702148,279.145,3389,0.7256173212002953,0.18583965019433035
75093.48613389027,59548.487133890274,-58357.79899898762,20.726906126882817,279.277,3390,0.7260832917191429,0.18660116222129935
75162.12182094547,59617.12282094547,-58361.52213229091,20.728896561807417,279.936,3391,0.7265363086549066,0.18734150486327147
75171.91898178463,59626.91998178464,-58362.87310781539,20.729180679471753,279.947,3392,0.7269750999988686,0.18805859934080052
75171.91898178463,59626.91998178464,-58362.87310781539,20.729180679471753,279.956,3393,0.7273983273004454,0.1887502582918636
75176.7924852119,59631.79348521191,-58364.88126280397,20.729322011071144,279.962,3394,0.7278049006831016,0.18941470058641874
75181.6668927158,59636.66789271581,-58365.988802147374,20.72946336888876,279.968,3395,0.7281938314783243,0.19005031049357174
75185.82298708968,59640.82398708968,-58367.41832664828,20.729583895625602,280.012,3396,0.7285642966661886,0.19065574299352847
75189.97533414196,59644.97633414196,-58368.954900619356,20.729704313690117,280.039,3397,0.7289154161920695,0.19122955985757217
75192.88898178464,59647.88998178464,-58369.877530892314,20.729788809471756,280.065,3398,0.7292464676490206,0.19177058049260587
75195.9736346927,59650.9746346927,-58371.05985734634,20.72987826440609,280.11,3399,0.7295570295842482,0.19227811613966675
75197.78574571035,59652.78674571036,-58372.16867147587,20.7299308156256,280.137,3400,0.7298465074439288,0.1927511951495432
75200.36694704517,59655.367947045175,-58373.56135223226,20.73000567046431,280.186,3401,0.7301144607270489,0.1931890976337314
75202.69496640001,59657.69596640002,-58375.636423200005,20.7300731830256,280.192,3402,0.7303606963985717,0.19359150812484394
75205.98150925715,59660.982509257155,-58376.73236605715,20.730168492768456,280.235,3403,0.7305850132493922,0.19395809779702766
75210.93417772077,59665.93517772078,-58377.910128860385,20.730312120153904,280.26,3404,0.7307872141942799,0.19428854456386896
75214.1769437196,59669.17794371961,-58381.551408767016,20.73040616036787,280.415,3405,0.7309673324528327,0.19458290271447448
75254.2451027077,59709.24610270771,-58425.2037131077,20.731568136978524,281.226,3406,0.7311255159305885,0.19484141396337648
75259.16637591725,59714.167375917255,-58432.04291735173,20.7317108539016,281.235,3407,0.7312619266560426,0.1950643431055415
75259.16637591725,59714.167375917255,-58432.04291735173,20.7317108539016,281.244,3408,0.7313767564836775,0.1952520036790366
75259.89433347694,59714.89533347695,-58433.649866953856,20.731731964670832,281.251,3409,0.7314703564466,0.19540496935949553
75259.89433347694,59714.89533347695,-58433.649866953856,20.731731964670832,281.258,3410,0.7315430909534224,0.19552383568146356
75259.89433347694,59714.89533347695,-58433.649866953856,20.731731964670832,281.264,3411,0.7315955412450246,0.1956095525374824
75259.89433347694,59714.89533347695,-58433.649866953856,20.731731964670832,281.269,3412,0.7316282158127029,0.19566295092913297
75260.22941040002,59715.23041040002,-58433.96213844707,20.7317416819016,281.275,3413,0.7316415277418394,0.19568470594094084
75260.37692259514,59715.377922595144,-58434.94211836098,20.73174595975526,281.3,3414,0.7316361050200639,0.19567584386129433
75261.8142778699,59716.8152778699,-58436.56590031808,20.731787643058226,281.326,3415,0.7316127144481317,0.19563761783384492
75263.1991825519,59718.20018255191,-58437.47981826836,20.731827805294007,281.371,3416,0.7315721757356657,0.1955713674685277
75264.17741040002,59719.178410400025,-58438.21102080001,20.7318561739016,281.38,3417,0.7315152645220768,0.1954783603535615
75264.74415738796,59719.745157387966,-58440.011924414466,20.731872609564252,281.425,3418,0.7314428160508529,0.19535996148509024
75267.03644654459,59722.03744654459,-58442.000599113264,20.731939085949794,281.451,3419,0.731355579862365,0.1952173957989932
75268.65741040002,59723.65841040002,-58443.856020800005,20.7319860939016,281.597,3420,0.7312544923051753,0.1950521935223185
75286.46071310563,59741.46171310563,-58488.23653617978,20.732502389680064,282.374,3421,0.7311405682077619,0.19486601313786744
75296.11811760001,59751.119117600014,-58496.032680000004,20.7327824544104,282.383,3422,0.7310148648075078,0.19466058243516735
75296.11811760001,59751.119117600014,-58496.032680000004,20.7327824544104,282.393,3423,0.7308783556737134,0.19443749246923425
75297.47905308388,59752.480053083884,-58496.81631870968,20.732821921539433,282.4,3424,0.7307320831497094,0.1941984466889998
75297.47905308388,59752.480053083884,-58496.81631870968,20.732821921539433,282.407,3425,0.7305770430127561,0.19394507244282455
75297.47905308388,59752.480053083884,-58496.81631870968,20.732821921539433,282.412,3426,0.7304145349592162,0.19367949375867083
75297.47905308388,59752.480053083884,-58496.81631870968,20.732821921539433,282.418,3427,0.7302454500999809,0.19340316693395138
75298.91155058969,59753.912550589695,-58498.11570680413,20.7328634639671,282.424,3428,0.7300710876651019,0.19311821523455985
75301.82124131135,59756.822241311354,-58498.93405731959,20.73294784499803,282.448,3429,0.7298925136373412,0.19282638074215383
75302.70873050323,59757.70973050324,-58499.322770322586,20.732973582184595,282.492,3430,0.7297108770288001,0.19252954122903615
75303.99582727742,59758.99682727743,-58499.30922193549,20.733010907991044,282.519,3431,0.7295273153697369,0.19222955570331507
75306.3493176,59761.35031760001,-58500.619080000004,20.7330791592104,282.558,3432,0.7293429887160018,0.19192831998553314
75308.71480181054,59763.71580181054,-58502.31411157895,20.733147758252507,282.58,3433,0.729158915863414,0.1916274990421164
75312.84796866383,59767.848968663835,-58504.071480000006,20.73326762009125,282.603,3434,0.7289762249357407,0.19132893650862087
75316.48546711457,59771.48646711458,-58506.18167417476,20.733373107546324,282.747,3435,0.7287959467826165,0.1910343170504128
75412.47318480001,59867.47418480001,-58501.33482861177,20.7361567513592,283.406,3436,0.7286192449310309,0.19074554216074185
75413.95301458724,59868.954014587245,-58498.84589494469,20.73619966642303,283.415,3437,0.728447133529198,0.19046426921068824
75417.23570165395,59872.23670165395,-58496.62244526742,20.736294864347965,283.424,3438,0.7282806916487601,0.19019226167240388
75417.87201088696,59872.873010886964,-58493.90147311305,20.736313317315723,283.449,3439,0.7281207988533207,0.18993095697215392
75418.88453363722,59873.88553363722,-58492.13441547908,20.73634268047548,283.473,3440,0.7279684301452228,0.18968194850690331
75419.6691848,59874.67018480001,-58491.22152142223,20.7363654353592,283.516,3441,0.7278247047677705,0.18944706539931683
75421.1041848,59876.105184800006,-58490.454526472735,20.7364070503592,283.543,3442,0.727690587229757,0.1892278838972824
75422.22160585264,59877.22260585264,-58489.08435183159,20.736439455569727,283.588,3443,0.7275667474986457,0.1890254988947052
75423.47820919025,59878.47920919025,-58487.396372370735,20.736475897066516,283.615,3444,0.7274539737944935,0.1888411985397168
75425.05380018463,59880.05480018463,-58486.13006843078,20.736521589205353,283.642,3445,0.7273530136170012,0.18867620443323246
75426.5102658811,59881.5112658811,-58484.454434335144,20.73656382671055,283.687,3446,0.727264752527505,0.18853196380330808
75428.22474035557,59883.22574035557,-58483.39707697778,20.736613546470313,283.713,3447,0.7271895556615231,0.18840907337243443
75429.11418480001,59884.115184800015,-58482.149299200006,20.7366393403592,283.74,3448,0.7271280244600837,0.1883085160452331
75429.80303095386,59884.80403095386,-58480.831606892316,20.73665931689766,283.767,3449,0.7270805462390977,0.18823092479248735
75430.80014370412,59885.80114370413,-58480.44258687124,20.73668823316742,283.92,3450,0.7270475545939032,0.18817700821710573
75457.80576720001,59912.80676720002,-58445.250723822224,20.7374713962488,284.588,3451,0.7270293472635262,0.18814725289890358
75457.64186476098,59912.64286476099,-58444.918745502444,20.73746664307807,284.598,3452,0.7270262102624022,0.18814212625679233
75458.05997772633,59913.06097772633,-58444.45534370527,20.737478768354062,284.606,3453,0.7270383381379176,0.18816194622971555
75458.72019757975,59913.721197579755,-58443.75483071393,20.73749791472981,284.631,3454,0.7270659031415602,0.18820699431955853
75459.15501720001,59914.15601720002,-58444.3625016,20.737510524498802,284.656,3455,0.7271089355453948,0.18827731999842445
75459.06088347908,59914.06188347908,-58444.37129229768,20.737507794620893,284.7,3456,0.7271672595932845,0.18837263603695711
75460.21212014118,59915.21312014118,-58443.050619247064,20.737541180484094,284.727,3457,0.7272408844221286,0.18849295736712834
75460.80576720001,59915.80676720002,-58443.0335016,20.7375583962488,284.754,3458,0.7273295689926444,0.1886378900706423
75460.30015744391,59915.301157443915,-58441.81484306342,20.737543733565875,284.799,3459,0.7274329301416305,0.18880680796327817
75460.87021164445,59915.87121164445,-58440.02405715556,20.737560265137688,284.826,3460,0.7275507648030183,0.18899937918444165
75461.70576720001,59916.70676720001,-58439.0885016,20.7375844962488,284.87,3461,0.7276826263457574,0.1892148738276197
75461.91468286265,59916.91568286266,-58436.27573051567,20.737590554803017,284.897,3462,0.7278280414795856,0.18945251841849922
75463.69564955294,59918.69664955295,-58433.28191336471,20.737642202837037,284.924,3463,0.7279865565351439,0.1897115715482162
75463.61739510698,59918.61839510698,-58430.70175741396,20.7376399334581,284.968,3464,0.7281575212705174,0.18999097055933062
75465.45576720001,59920.45676720001,-58428.12350160001,20.7376932462488,285.103,3465,0.7283405969445286,0.19029016186428654
75488.01143771804,59943.01243771805,-58404.52258469509,20.738347360693822,285.875,3466,0.7285348436429231,0.19060760940880564
75516.94454361082,59971.945543610826,-58389.57480888649,20.739186420764714,285.884,3467,0.7287396709744334,0.19094234834633075
75516.94454361082,59971.945543610826,-58389.57480888649,20.739186420764714,285.893,3468,0.7289542307254528,0.19129299248430948
75524.25817724445,59979.25917724446,-58389.07387795556,20.73939851614009,285.9,3469,0.7291778622002709,0.19165846208119292
75524.25817724445,59979.25917724446,-58389.07387795556,20.73939851614009,285.906,3470,0.7294096938118815,0.1920373327464652
75524.25817724445,59979.25917724446,-58389.07387795556,20.73939851614009,285.912,3471,0.7296492656866741,0.19242885293196813
75524.25817724445,59979.25917724446,-58389.07387795556,20.73939851614009,285.917,3472,0.7298954199748875,0.1928311304224585
75529.86931174739,59984.87031174739,-58388.30674345264,20.739561239040675,285.922,3473,0.7301475101696199,0.19324310866443925
75535.50752590346,59990.50852590347,-58389.376943089665,20.739724747251202,285.948,3474,0.7304049530681137,0.1936638345591711
75538.85304314485,59993.85404314485,-58389.30452929656,20.7398217672512,285.993,3475,0.7306668879997212,0.19409190155619008
75542.64450203079,59997.64550203079,-58390.258322400005,20.739931719558893,286.019,3476,0.7309325318014044,0.19452602977179434
75547.91957549665,60002.92057549665,-58392.09270442248,20.740084696689404,286.046,3477,0.7312010564716848,0.19496486604508934
75552.34373280001,60007.34473280002,-58393.10432240001,20.740212997251202,286.073,3478,0.7314718311540173,0.1954073793991635
75557.42230422859,60012.42330422859,-58395.51689382858,20.740360275822628,286.118,3479,0.7317441555688364,0.19585242540257802
75560.89551497823,60015.89651497823,-58397.545649132684,20.740460998934367,286.246,3480,0.7320172117032996,0.1962986672183599
75612.20229498947,60067.20329498948,-58489.907253221056,20.741948895554696,287.012,3481,0.732290547625104,0.19674536627642808
75621.43937542642,60076.44037542642,-58509.52629989434,20.742216770887367,287.021,3482,0.7325636607043269,0.19719170115414764
75622.87270647273,60077.87370647273,-58514.03333934546,20.74225833748771,287.03,3483,0.7328360206347702,0.19763680519894847
75622.87270647273,60077.87370647273,-58514.03333934546,20.74225833748771,287.038,3484,0.7331069856681272,0.19807962963406453
75622.87270647273,60077.87370647273,-58514.03333934546,20.74225833748771,287.044,3485,0.7333763219984998,0.19851979236235412
75622.87270647273,60077.87370647273,-58514.03333934546,20.74225833748771,287.05,3486,0.7336432966914241,0.19895609558613117
75622.87270647273,60077.87370647273,-58514.03333934546,20.74225833748771,287.055,3487,0.7339077187444462,0.19938822715975543
75623.2869792,60078.2879792,-58519.1038848,20.7422703513968,287.061,3488,0.7341692210461145,0.1998155871315687
75623.8405075019,60078.8415075019,-58523.552714988684,20.742286403717554,287.104,3489,0.7344275095885073,0.20023769501931
75623.4959792,60078.496979200005,-58529.299884800006,20.7422764123968,287.13,3490,0.7346823395588159,0.20065415073780066
75622.2359792,60077.23697920001,-58533.079884800005,20.7422398723968,287.156,3491,0.7349335755535661,0.20106473300399844
75621.62513174237,60076.62613174238,-58538.25446107119,20.742222157820528,287.183,3492,0.7351809623799825,0.20146902476927095
75622.4159792,60077.4169792,-58539.9998848,20.7422450923968,287.21,3493,0.7354242726794706,0.20186665447297808
75622.15136381538,60077.15236381539,-58542.87911556924,20.742237418550648,287.255,3494,0.7356634322582868,0.20225750086404112
75622.2999792,60077.30097920001,-58545.395884800004,20.7422417283968,287.396,3495,0.7358984686680411,0.2026416089686615
75669.10663767272,60124.10763767273,-58587.38179985455,20.743599121492508,288.206,3496,0.7361290472811052,0.20301843192184835
75696.60879113394,60151.609791133946,-58577.9837131156,20.744396683942885,288.214,3497,0.7363552390672676,0.2033880857059339
75702.88344886154,60157.88444886154,-58574.91440824616,20.744578649016987,288.222,3498,0.7365769227516203,0.203750372127476
75702.88344886154,60157.88444886154,-58574.91440824616,20.744578649016987,288.229,3499,0.7367938449469891,0.2041048770886447
75702.88344886154,60157.88444886154,-58574.91440824616,20.744578649016987,288.236,3500,0.7370061365955756,0.2044518145816507
75702.88344886154,60157.88444886154,-58574.91440824616,20.744578649016987,288.241,3501,0.7372137723180794,0.20479114313038835
75702.88344886154,60157.88444886154,-58574.91440824616,20.744578649016987,288.247,3502,0.7374165244233368,0.20512249063071666
75710.4593241931,60165.4603241931,-58571.21963371035,20.7447983494016,288.252,3503,0.7376142073036104,0.20544555375330753
75716.12556424616,60171.126564246166,-58565.75517747693,20.74496267036314,288.274,3504,0.7378067845349436,0.20576027297233315
75721.55745495445,60176.55845495446,-58560.33444251882,20.745120195193678,288.316,3505,0.7379940021323543,0.20606623321299622
75727.30806424616,60182.30906424616,-58554.6332544,20.74528696286314,288.342,3506,0.7381758506172134,0.20636341898485305
75731.77786784682,60186.77886784682,-58549.25814801703,20.745416587167558,288.369,3507,0.7383519172292508,0.20665115573469242
75737.03233593192,60192.03333593192,-58543.0787863149,20.745568966742027,288.396,3508,0.7385219990274828,0.20692911180633955
75742.16077637939,60197.16177637939,-58535.577378111346,20.745717691515,288.441,3509,0.73868586287972,0.2071969062036605
75747.7346027077,60202.735602707704,-58527.55536978462,20.745879332478523,288.577,3510,0.7388433252198088,0.2074542389337843
75762.50706978462,60217.50806978463,-58396.78672264616,20.746307734023755,289.36,3511,0.7389939391365433,0.20770037963235452
75739.50279223784,60194.50379223784,-58347.13678501622,20.7456406099749,289.369,3512,0.7391373897187247,0.2079348136559425
75739.50279223784,60194.50379223784,-58347.13678501622,20.7456406099749,289.377,3513,0.7392732996976845,0.20815692445346462
75733.07121526956,60188.07221526957,-58338.86717749566,20.745454094242817,289.383,3514,0.7394011441127121,0.2083658541082099
75733.07121526956,60188.07221526957,-58338.86717749566,20.745454094242817,289.389,3515,0.7395206698147865,0.20856118891155043
75733.07121526956,60188.07221526957,-58338.86717749566,20.745454094242817,289.394,3516,0.739631165531339,0.20874176646673873
75733.07121526956,60188.07221526957,-58338.86717749566,20.745454094242817,289.399,3517,0.7397323357551785,0.2089071038413337
75726.6374544,60181.6384544,-58329.8645688,20.7452675151776,289.404,3518,0.7398235895556041,0.2090562353072097
75718.5705281705,60173.571528170505,-58321.71106060328,20.745033574316945,289.446,3519,0.7399044000360456,0.20918829978397865
75712.67017179131,60167.67117179131,-58314.839525321746,20.74486246398195,289.469,3520,0.7399742513049306,0.2093024541761631
75707.36721526957,60162.36821526957,-58309.021612278266,20.744708678242816,289.511,3521,0.7400327530450491,0.2093980606081088
75699.96105196099,60154.96205196099,-58302.49081270245,20.744493899506868,289.537,3522,0.7400793412599123,0.2094741973689087
75694.9274544,60149.92845440001,-58296.71606880001,20.7443479251776,289.564,3523,0.7401135200159208,0.20953005397939065
75689.75664931526,60144.75764931526,-58288.791416257634,20.744197971830143,289.607,3524,0.7401346997606705,0.2095646669639093
75685.75241202713,60140.75341202713,-58282.85446710509,20.744081848948788,289.782,3525,0.7401424100432767,0.20957726748840283
75835.57684033275,60290.57784033276,-58102.04244696638,20.74842675736965,290.626,3526,0.7401361496381449,0.20956703642525876
75883.97457994577,60338.97557994578,-58123.44902863729,20.749830291818427,290.635,3527,0.740115478268451,0.20953325425235492
75883.97457994577,60338.97557994578,-58123.44902863729,20.749830291818427,290.644,3528,0.7400799017660804,0.209475113375761
75896.37008343531,60351.37108343531,-58128.98200969412,20.750189761419623,290.651,3529,0.7400289504390917,0.20939184620171764
75896.37008343531,60351.37108343531,-58128.98200969412,20.750189761419623,290.658,3530,0.739962323834088,0.2092829617144503
75896.37008343531,60351.37108343531,-58128.98200969412,20.750189761419623,290.665,3531,0.7398798581089137,0.20914819215501917
75896.37008343531,60351.37108343531,-58128.98200969412,20.750189761419623,290.672,3532,0.7397809936150183,0.20898662291813322
75905.74499520002,60360.74599520002,-58133.6352744,20.7504616338608,290.678,3533,0.7396655475575539,0.20879795527142733
75915.57407463927,60370.57507463927,-58137.56629776449,20.75074667716454,290.684,3534,0.7395333140482654,0.2085818527421503
75924.07633730528,60379.07733730528,-58140.489563873685,20.750993242781853,290.727,3535,0.7393841433681543,0.208338070652123
75934.10001693915,60389.10101693915,-58144.40142657392,20.751283929491237,290.78,3536,0.739217982463654,0.20806652229858777
75945.18686362107,60400.187863621075,-58147.77324808421,20.751605448045012,290.788,3537,0.7390348157453859,0.20776718220461232
75957.1819342244,60412.1829342244,-58149.13865244878,20.751953305092506,290.815,3538,0.7388344593429345,0.20743974988008598
75974.64890696472,60429.649906964725,-58150.465539105884,20.752459847301978,290.842,3539,0.7386170563892516,0.20708445923994515
75993.49847825085,60448.49947825086,-58148.0724184678,20.753006484869275,290.997,3540,0.7383827338724598,0.20670151781444915
76117.13118240001,60572.13218240002,-57924.035297400005,20.7565918332896,291.817,3541,0.7381316201201309,0.2062911353228514
76122.97368240001,60577.97468240002,-57886.96092240001,20.7567612657896,291.826,3542,0.737863891233089,0.2058535995578128
76128.98771465807,60583.98871465807,-57877.36237401291,20.756935672725085,291.835,3543,0.7375799091908448,0.20538950208412057
76128.98771465807,60583.98871465807,-57877.36237401291,20.756935672725085,291.842,3544,0.7372799579098224,0.20489930689201213
76128.98771465807,60583.98871465807,-57877.36237401291,20.756935672725085,291.848,3545,0.7369644638142916,0.20438371086508195
76128.98771465807,60583.98871465807,-57877.36237401291,20.756935672725085,291.854,3546,0.736633472596018,0.203842788675069
76134.65868240001,60589.659682400015,-57867.13228603637,20.7571001307896,291.86,3547,0.7362877879262468,0.20327785372119986
76141.8162104899,60596.8172104899,-57858.44760779326,20.757307699104206,291.883,3548,0.7359278257975302,0.2026895858390407
76148.65109619312,60603.652096193124,-57851.56764653794,20.7575059107896,291.924,3549,0.7355539594733239,0.202078595034159
76155.62759806267,60610.62859806267,-57846.862669387956,20.757708229343816,291.949,3550,0.7351667751037116,0.20144583922196005
76163.31889516597,60618.31989516597,-57843.74464580426,20.757931276959813,291.994,3551,0.7347669039234506,0.20079234999744813
76169.99374122354,60624.99474122355,-57840.88039298824,20.758124847495484,292.021,3552,0.7343551396343146,0.20011942446724754
76178.26743240001,60633.268432400015,-57838.67029740001,20.7583647845396,292.048,3553,0.7339317750317192,0.1994275411320814
76185.6961824,60640.69718240001,-57836.57029740001,20.7585802182896,292.075,3554,0.7334975870503897,0.19871796969703526
76192.51847621445,60647.51947621445,-57835.71798425568,20.75877806481022,292.224,3555,0.7330532205679107,0.19799176405289579
76329.47798349474,60784.478983494744,-57895.85958404211,20.76274989052135,292.961,3556,0.7325994570528493,0.19725020131417673
76334.3194712693,60789.3204712693,-57896.98965034961,20.76289029366681,292.97,3557,0.7321367006683458,0.19649394198423523
76339.69695674755,60794.69795674755,-57896.913207855745,20.76304624074568,292.979,3558,0.731665834645994,0.1957244294837475
76342.00567305763,60797.00667305764,-57896.943491267804,20.76311319351867,293.005,3559,0.7311874134316978,0.1949425699155827
76345.81770695593,60800.818706955935,-57899.4741692339,20.763223742501722,293.029,3560,0.7307019954461573,0.19414927587841838
76351.02374451893,60806.02474451893,-57902.01052287568,20.76337471759105,293.073,3561,0.730210321420852,0.19334575791220818
76356.6453519158,60811.6463519158,-57903.33116298948,20.763537744205557,293.1,3562,0.729713012987942,0.1925330319189186
76367.51533407457,60822.51633407458,-57906.07315228475,20.763852973688163,293.145,3563,0.7292104638992372,0.19171174138719668
76376.8688256,60831.869825600006,-57906.570847200004,20.7641242249424,293.172,3564,0.728703310088104,0.19088292559074616
76388.11010861887,60843.111108618876,-57905.74918682265,20.764450222149947,293.2,3565,0.7281921160582747,0.19004750706943607
76397.08463692076,60852.08563692076,-57905.27371512453,20.7647104834707,293.245,3566,0.7276773271093643,0.18920621355388154
76404.1044716177,60859.1054716177,-57902.83555516461,20.764914058676915,293.271,3567,0.7271593341680498,0.18835968391575847
76412.5162017468,60867.5172017468,-57899.83741600734,20.765157998850658,293.298,3568,0.7266384139956434,0.18750837045206706
76417.51699951304,60872.517999513046,-57896.70736893913,20.76530302198588,293.343,3569,0.7261151717719451,0.18665326217751402
76423.85401478919,60878.855014789195,-57893.19052287568,20.765486795428888,293.475,3570,0.7255900211026188,0.18579503502689554
76475.12760658065,60930.12860658065,-57804.18542020646,20.766973729590838,294.313,3571,0.7250630843912522,0.18493388903819738
76466.195409,60921.19640900001,-57764.71219440001,20.766714695861,294.334,3572,0.7245345174608061,0.18407007886499524
76466.195409,60921.19640900001,-57764.71219440001,20.766714695861,294.341,3573,0.7240045917504964,0.18320404810665666
76465.00517873684,60920.00617873685,-57758.39008913685,20.766680179183368,294.346,3574,0.7234732959217461,0.1823357782331196
76465.00517873684,60920.00617873685,-57758.39008913685,20.766680179183368,294.357,3575,0.7229408991676274,0.18146570917299237
76465.00517873684,60920.00617873685,-57758.39008913685,20.766680179183368,294.362,3576,0.7224074185980816,0.18059386888818602
76465.00517873684,60920.00617873685,-57758.39008913685,20.766680179183368,294.368,3577,0.7218726112227781,0.1797198602719059
76462.71728400001,60917.71828400002,-57752.47714585632,20.766613830236,294.373,3578,0.7213365744433942,0.1788438425027814
76459.65270772882,60914.65370772882,-57747.534906264416,20.766524957524137,294.379,3579,0.7207990426758907,0.1779653815502641
76457.257284,60912.25828400001,-57744.02435656217,20.766455490236,294.404,3580,0.7202598151035453,0.1770841492297519
76453.44264482475,60908.44364482476,-57739.08136965774,20.766344865699917,294.448,3581,0.719718799969951,0.17619999558839444
76451.83328400001,60906.83428400001,-57736.722194400005,20.766298194236,294.457,3582,0.7191754583113773,0.17531203982505453
76449.75382246154,60904.754822461546,-57735.340463630775,20.766237889851386,294.501,3583,0.7186297177907239,0.1744201637228717
76449.12455672729,60904.12555672729,-57734.491285309094,20.766219641145092,294.528,3584,0.7180810423180286,0.17352349117716268
76448.577284,60903.578284,-57733.956739854555,20.766203770236,294.678,3585,0.7175290481158468,0.1726213949998805
76467.62170852684,60922.62270852685,-57713.71308860488,20.76675605854728,295.502,3586,0.7169732646606731,0.1717131062382826
76465.50849928422,60920.50949928422,-57718.224179747376,20.76669477547924,295.511,3587,0.7164132375631008,0.17079788230676737
76465.50849928422,60920.50949928422,-57718.224179747376,20.76669477547924,295.519,3588,0.7158483043377171,0.16987464053896603
76464.9050256,60919.90602560001,-57717.34135080001,20.7666772747424,295.526,3589,0.7152780715536338,0.1689427379706975
76464.9050256,60919.90602560001,-57717.34135080001,20.7666772747424,295.532,3590,0.714701830581392,0.16800101652471489
76464.9050256,60919.90602560001,-57717.34135080001,20.7666772747424,295.538,3591,0.7141192742161949,0.16704897415177225
76464.9050256,60919.90602560001,-57717.34135080001,20.7666772747424,295.543,3592,0.7135296561995413,0.16608539127938413
76463.3615256,60918.36252560001,-57716.59760080001,20.7666325132424,295.548,3593,0.7129322173280562,0.16510902717991296
76464.9540256,60919.95502560001,-57716.03760080001,20.7666786957424,295.559,3594,0.7123263546790058,0.16411889652726086
76464.1884006,60919.18940060001,-57714.09291330001,20.7666564926174,295.602,3595,0.7117114586240695,0.16311400303672863
76464.98357105456,60919.98457105456,-57713.17987352728,20.766679552560582,295.628,3596,0.7110868349849799,0.16209321224792025
76465.00652560001,60920.00752560001,-57712.502600800006,20.7666802182424,295.655,3597,0.7104519355998216,0.16105562832757037
76464.86902560001,60919.870025600016,-57712.99660080001,20.7666762307424,295.7,3598,0.7098062224708274,0.160000372053167
76465.71946038262,60920.720460382625,-57713.14477471305,20.766700893351096,295.727,3599,0.7091490065033059,0.15892631727214473
76464.95250386087,60919.953503860874,-57713.19955732175,20.766678651611965,295.873,3600,0.7084796831644944,0.15783247602721656
76511.38624260595,60966.38724260595,-57711.717317893075,20.768025230035573,296.624,3601,0.7077978849341001,0.1567182476985757
76538.24072688933,60993.24172688933,-57723.96922215146,20.76880401007979,296.633,3602,0.707102978758844,0.15558259771929944
76538.24072688933,60993.24172688933,-57723.96922215146,20.76880401007979,296.642,3603,0.7063946980937597,0.1544250904884444
76538.24072688933,60993.24172688933,-57723.96922215146,20.76880401007979,296.649,3604,0.705672666600118,0.15324511097467944
76538.24072688933,60993.24172688933,-57723.96922215146,20.76880401007979,296.657,3605,0.7049365753846213,0.15204215436932747
76541.14083184866,60996.14183184867,-57726.47092774054,20.768888113123612,296.662,3606,0.7041859257812267,0.15081540572772195
76541.14083184866,60996.14183184867,-57726.47092774054,20.768888113123612,296.668,3607,0.7034205086127434,0.14956452320217037
76544.61718320001,60999.618183200015,-57730.073720533335,20.7689889273128,296.673,3608,0.7026407077655894,0.14829013415880973
76547.4521832,61002.45318320001,-57732.30728375173,20.7690711423128,296.696,3609,0.701846280084992,0.1469918412221058
76548.33418320002,61003.33518320002,-57733.20547810909,20.7690967203128,296.739,3610,0.7010373138910321,0.14566978872909533
76549.30718320001,61004.30818320002,-57734.052053866675,20.7691249373128,296.783,3611,0.7002138497791057,0.14432404302277863
76550.37309229092,61005.37409229092,-57734.40820538182,20.769155848676437,296.81,3612,0.699376155334788,0.1429550414047133
76552.8725605585,61007.87356055851,-57735.02567021887,20.769228333256198,296.837,3613,0.698524525001367,0.14156326506865732
76555.02363774547,61010.024637745475,-57734.95802356364,20.76929071449462,296.864,3614,0.6976594017544536,0.1401494379472241
76555.45551653334,61010.45651653335,-57734.27372053334,20.769303238979468,297.013,3615,0.6967814536870534,0.1387146518709869
76323.72073129412,60778.72173129412,-57841.113189035306,20.76258293020753,299.041,3616,0.6958912962025924,0.13725991256260742
76275.87539922581,60730.87639922582,-57839.68582660646,20.76119541557755,299.051,3617,0.6949894852427279,0.13578612856938882
76275.87539922581,60730.87639922582,-57839.68582660646,20.76119541557755,299.06,3618,0.6940769267328627,0.13429478039935025
76268.09857292307,60723.09957292308,-57841.285370030775,20.76096988761477,299.067,3619,0.6931545147046205,0.13278732912310953
76268.09857292307,60723.09957292308,-57841.285370030775,20.76096988761477,299.074,3620,0.6922234193460178,0.13126568711969572
76268.09857292307,60723.09957292308,-57841.285370030775,20.76096988761477,299.079,3621,0.691284662079935,0.12973152364880777
76268.09857292307,60723.09957292308,-57841.285370030775,20.76096988761477,299.085,3622,0.6903394363696459,0.12818678912704945
76259.00704145455,60714.00804145455,-57843.26260080001,20.760706233202182,299.091,3623,0.689388973986395,0.12663349657580117
76248.92237972093,60703.92337972093,-57846.29539149768,20.760413778011905,299.113,3624,0.6884344690922155,0.1250735975536138
76238.459496,60693.460496,-57850.38644695385,20.760110354384,299.155,3625,0.6874775629060317,0.12350977422148059
76228.32592119685,60683.32692119686,-57856.3735456819,20.759816480714708,299.181,3626,0.6865198759055194,0.12194467484402291
76217.35826523077,60672.35926523077,-57864.69875464616,20.75949841869169,299.208,3627,0.6855627379552793,0.12038047275162668
76207.687496,60662.688496,-57874.08593413334,20.759217966384,299.235,3628,0.6846079896031243,0.11882017585839608
76200.08047309924,60655.08147309924,-57883.94328782291,20.758997362719878,299.28,3629,0.6836573169311535,0.11726653964293977
76192.97015086726,60647.97115086726,-57894.22569814514,20.75879116337515,299.412,3630,0.6827124230164718,0.11572234735794391
76057.26624848372,60512.267248483724,-58102.9924131907,20.754855750206026,300.302,3631,0.6817751913813774,0.11419067714853802
76055.82517513847,60510.82617513847,-58100.079711938466,20.754813959079016,300.312,3632,0.6808473402897767,0.11267433708642893
76055.82517513847,60510.82617513847,-58100.079711938466,20.754813959079016,300.321,3633,0.679930831146967,0.11117653259698873
76057.59067911725,60512.59167911725,-58097.71521591725,20.7548651586944,300.328,3634,0.6790275513066436,0.10970034808680536
76057.59067911725,60512.59167911725,-58097.71521591725,20.7548651586944,300.334,3635,0.67813934043702,0.10824879003249788
76057.59067911725,60512.59167911725,-58097.71521591725,20.7548651586944,300.34,3636,0.6772681519484505,0.10682505079370784
76057.59067911725,60512.59167911725,-58097.71521591725,20.7548651586944,300.345,3637,0.6764156871284183,0.10543191069843313
76059.07620512543,60514.07720512543,-58094.84413175594,20.754908238948637,300.351,3638,0.6755839697405233,0.10407267708106238
76061.74825206154,60516.74925206155,-58092.17509655385,20.754985728309784,300.376,3639,0.6747745978558131,0.1027499615881987
76065.00206243721,60520.003062437216,-58087.6770643535,20.75508008881068,300.403,3640,0.673989370131068,0.10146670367355255
76068.23132898462,60523.232328984624,-58083.085865784626,20.755173737540552,300.43,3641,0.6732301107658093,0.10022588453404283
76070.03179834576,60525.03279834577,-58078.827182603396,20.755225951152028,300.457,3642,0.6724984739663532,0.09903020755529988
76071.78517513846,60526.78617513846,-58073.652019630776,20.755276799079017,300.5,3643,0.6717957924741191,0.09788185076914914
76073.8067136,60528.80771360001,-58068.91125040001,20.7553354236944,300.526,3644,0.6711238730124818,0.09678376681212786
76074.74784263226,60529.74884263227,-58063.354637496785,20.755362716436334,300.673,3645,0.6704839981762785,0.09573805176404118
76021.2522536,60476.25325360001,-57958.076596000006,20.7538113443544,301.496,3646,0.6698775287461923,0.09474692947986355
76055.13271513846,60510.133715138465,-58007.573057538466,20.754793877739015,301.506,3647,0.6693056441241106,0.09381232739638645
76055.13271513846,60510.133715138465,-58007.573057538466,20.754793877739015,301.514,3648,0.6687695006116856,0.0929361351988568
76056.09773186086,60511.09873186087,-58016.31172643479,20.754821863223967,301.522,3649,0.6682701415094431,0.09212005790050194
76056.09773186086,60511.09873186087,-58016.31172643479,20.754821863223967,301.528,3650,0.6678085701994826,0.09136573527788609
76056.09773186086,60511.09873186087,-58016.31172643479,20.754821863223967,301.534,3651,0.6673854039919557,0.09067417616973567
76056.09773186086,60511.09873186087,-58016.31172643479,20.754821863223967,301.539,3652,0.6670012465514408,0.0900463671145078
76056.08079905454,60511.08179905455,-58020.59423236365,20.754821372172582,301.545,3653,0.6666564940260647,0.08948295551702931
76056.2422536,60511.2432536,-58021.98459600001,20.7548260543544,301.568,3654,0.6663513673926941,0.08898430250860508
76056.59149888302,60511.59249888302,-58019.84169033963,20.754836182467606,301.592,3655,0.6660861039518852,0.08855079589751999
76057.5395508973,60512.540550897305,-58013.00956897298,20.754863675976022,301.635,3656,0.6658608228413467,0.08818263038449947
76058.36688517896,60513.36788517896,-58007.10017494738,20.75488766867019,301.662,3657,0.6656755148724653,0.0878797909530578
76057.77653931429,60512.777539314295,-58003.148024571434,20.754870548640113,301.707,3658,0.6655297161172985,0.08764151942924711
76056.83679905455,60511.837799054556,-58000.66205054546,20.75484329617258,301.734,3659,0.6654230600468626,0.08746721681330677
76056.33931242353,60511.340312423534,-57998.87012541178,20.754828869060283,301.876,3660,0.6653550951706343,0.08735614525713342
76034.30899783177,60489.30999783178,-57997.609791835515,20.75418998993712,302.652,3661,0.6653249121831717,0.08730681872888123
76029.99436170491,60484.99536170492,-58022.69280700328,20.754064865489443,302.658,3662,0.6653316494206853,0.08731782905504495
76027.46237400001,60482.46337400001,-58028.054815200005,20.753991437846,302.664,3663,0.6653743646468716,0.08738763638653878
76027.46237400001,60482.46337400001,-58028.054815200005,20.753991437846,302.669,3664,0.6654518726411955,0.0875143037774499
76027.46237400001,60482.46337400001,-58028.054815200005,20.753991437846,302.675,3665,0.6655629150680035,0.08769577479352876
76027.46237400001,60482.46337400001,-58028.054815200005,20.753991437846,302.681,3666,0.6657058911562964,0.08792943337577842
76027.46237400001,60482.46337400001,-58028.054815200005,20.753991437846,302.686,3667,0.6658794773642005,0.08821311652672505
76025.718624,60480.719624000005,-58033.32898186667,20.753940869096,302.692,3668,0.6660819573263067,0.08854401927727984
76022.316624,60477.317624,-58038.709445634784,20.753842211096,302.717,3669,0.666311651683229,0.08891939713542388
76019.22274164706,60474.22374164706,-58045.232903435295,20.753752488507764,302.762,3670,0.6665665873910482,0.08933602565537473
76014.21283452632,60469.21383452632,-58050.77863098948,20.753607201201262,302.79,3671,0.6668446762294777,0.08979049216444412
76009.11321115597,60464.114211155975,-58055.60781978716,20.753459312123525,302.823,3672,0.6671437418007679,0.09027923988598031
76006.08915031579,60461.090150315795,-58060.17336783159,20.753371614359157,302.848,3673,0.6674619235383099,0.0907992281901748
76002.08526116815,60457.08626116815,-58063.75275767788,20.753255501573875,302.875,3674,0.6677969626736218,0.09134676568605819
75999.2307478938,60454.231747893806,-58066.473465642484,20.75317272068892,303.025,3675,0.6681464662541724,0.09191794169246367
75977.37417895386,60432.375178953866,-58074.13659600001,20.75253888018966,303.745,3676,0.6685083037932289,0.09250927446278973
75975.07321415594,60430.074214155946,-58076.670833288146,20.752472152210522,303.754,3677,0.6688801022425849,0.09311688584449954
75975.07321415594,60430.074214155946,-58076.670833288146,20.752472152210522,303.763,3678,0.6692595401360981,0.09373698198301222
75975.07321415594,60430.074214155946,-58076.670833288146,20.752472152210522,303.77,3679,0.6696442201849628,0.09436564511060666
75973.82033280001,60428.82133280001,-58078.483596000005,20.7524358186512,303.776,3680,0.6700320182596317,0.09499940386990778
75971.52248156034,60426.52348156035,-58080.24221583472,20.75236918096525,303.782,3681,0.6704204701925277,0.09563423119660498
75967.32676758262,60422.327767582625,-58082.67537860871,20.752247505259895,303.825,3682,0.6708072769832686,0.09626636995077116
75961.81752030001,60416.81852030002,-58085.29612725001,20.7520877370887,303.851,3683,0.6711902283953899,0.09689220805485632
75955.10739162355,60410.10839162355,-58087.63306658824,20.751893143357083,303.878,3684,0.6715670455226486,0.09750802120776798
75946.8544237091,60401.8554237091,-58090.49750509092,20.751653807287564,303.922,3685,0.6719357638206569,0.09811059885407772
75939.07069776351,60394.07169776352,-58091.718347824826,20.751428079235144,303.949,3686,0.6722940730402468,0.09869616547053753
75931.59124189091,60386.59224189092,-58093.819323272735,20.751211175014838,303.976,3687,0.6726403261489299,0.09926202939534054
75923.6365092706,60378.6375092706,-58095.89321364707,20.750980487768846,304.003,3688,0.6729724642771638,0.09980482592223387
75915.73250671306,60370.73350671306,-58097.12703078262,20.75075127169468,304.048,3689,0.6732885775838531,0.10032143389460979
75907.55725587693,60362.55825587694,-58097.52736523078,20.750514189420432,304.188,3690,0.6735870673916762,0.10080924067506261
75764.85672731708,60219.85772731708,-58231.177732331715,20.746375874092195,304.979,3691,0.6738664268227711,0.10126578364939529
75787.67502000001,60242.67602000001,-58278.19763852309,20.74703760458,304.988,3692,0.6741251648069715,0.1016886260371275
75787.67502000001,60242.67602000001,-58278.19763852309,20.74703760458,304.997,3693,0.6743619493735367,0.1020755910659151
75793.96036883722,60248.96136883722,-58286.74828253024,20.747219879696278,305.005,3694,0.6745755032027743,0.10242459127685531
75793.96036883722,60248.96136883722,-58286.74828253024,20.747219879696278,305.011,3695,0.6747649075789818,0.1027341252593899
75793.96036883722,60248.96136883722,-58286.74828253024,20.747219879696278,305.017,3696,0.6749293917164464,0.10300293335745307
75793.96036883722,60248.96136883722,-58286.74828253024,20.747219879696278,305.022,3697,0.6750681846701728,0.10322975565467185
75799.81554631579,60254.81654631579,-58295.54140370527,20.74738967984316,305.028,3698,0.6751805257600604,0.10341334901007074
75806.85449368421,60261.85549368421,-58305.20456160001,20.747593809316843,305.051,3699,0.6752659997509047,0.10355303482577854
75814.16550387097,60269.166503870976,-58312.33488418065,20.747805828612258,305.073,3700,0.6753243578059873,0.1036484064405447
75822.13195548387,60277.132955483874,-58321.601980954845,20.74803685570903,305.115,3701,0.6753553444348239,0.10369904631920625
75830.86502,60285.86602,-58329.48456160001,20.74829011458,305.141,3702,0.6753589252315975,0.10370489823407829
75839.72054238807,60294.72154238807,-58337.082024286574,20.748546924729254,305.186,3703,0.6753351177292038,0.10366599083828495
75848.57653079137,60303.57753079137,-58347.72600044893,20.748803748392948,305.213,3704,0.675284319065642,0.10358297315435086
75858.03950275862,60313.040502758624,-58356.27118228967,20.74907817458,305.35,3705,0.6752069365246365,0.10345651078544633
75764.95443397433,60219.95543397433,-58415.9049590312,20.746378707585254,306.205,3706,0.6751032831817905,0.10328711537517875
75738.11880941539,60193.119809415395,-58457.224041600006,20.745600474473047,306.276,3714,0.6749741173300974,0.10307602616339502
75830.23526880001,60285.236268800014,-58393.466232000006,20.748271851795202,307.338,3721,0.6748199270011623,0.10282404071543849
75856.63226880001,60311.63326880001,-58402.32877046154,20.7490373647952,307.347,3722,0.6746416811884923,0.10253274260833768
75856.63226880001,60311.63326880001,-58402.32877046154,20.7490373647952,307.356,3723,0.6744405095006321,0.10220397790414537
75863.68384774738,60318.68484774738,-58405.64512673685,20.749241860584675,307.364,3724,0.674216982106104,0.10183867840041042
75863.68384774738,60318.68484774738,-58405.64512673685,20.749241860584675,307.37,3725,0.6739723080182874,0.10143881992648632
75869.57922532175,60324.580225321755,-58410.3420146087,20.749412826534332,307.377,3726,0.6737074774887004,0.10100602080029294
75875.0660302679,60330.06703026791,-58415.65090172477,20.74957194387777,307.4,3727,0.6734236976205041,0.10054225372941127
75880.51551204325,60335.51651204325,-58420.99155632433,20.749729978849253,307.442,3728,0.6731221854016317,0.10004950757560453
75886.14520997649,60341.14620997649,-58425.82017317648,20.749893240089317,307.468,3729,0.6728041426324145,0.0995297463803074
75889.94876880001,60344.94976880001,-58431.61273200001,20.7500035432952,307.512,3730,0.6724709284673649,0.09898519134092576
75893.6132688,60348.61426880001,-58438.469232,20.7501098137952,307.539,3731,0.6721235947852252,0.09841756148963182
75896.23695630001,60351.237956300014,-58445.36051325001,20.7501859007327,307.566,3732,0.671763518768147,0.09782910748548942
75898.67820630001,60353.67920630002,-58451.95582575,20.7502566969827,307.611,3733,0.6713920409695469,0.0972220201270754
75900.62726880002,60355.62826880002,-58460.159143764715,20.7503132197952,307.638,3734,0.6710103015791153,0.09659816276867346
75902.23354539575,60357.23454539575,-58469.88255114894,20.750359801816476,307.78,3735,0.67061952406174,0.09595953485700554
75875.916436,60330.917436,-58534.683456000006,20.749596605644,308.605,3736,0.6702208787146445,0.09530804894957257
75910.92321019355,60365.92421019355,-58520.64393987097,20.750611802095612,308.615,3737,0.6698155667346007,0.09464566810144226
75910.92321019355,60365.92421019355,-58520.64393987097,20.750611802095612,308.624,3738,0.6694045298662777,0.09397393135824704
75912.74972067153,60367.75072067154,-58522.82535381022,20.750664770899476,308.631,3739,0.66898902667363,0.09329489552733695
75912.74972067153,60367.75072067154,-58522.82535381022,20.750664770899476,308.637,3740,0.6685700707836859,0.09261021712804465
75912.74972067153,60367.75072067154,-58522.82535381022,20.750664770899476,308.643,3741,0.6681485786858394,0.09192139393258517
75912.74972067153,60367.75072067154,-58522.82535381022,20.750664770899476,308.648,3742,0.6677255488016776,0.0912300576108082
75912.77685853522,60367.77785853522,-58525.22754050705,20.75066555789752,308.654,3743,0.6673017939619141,0.09053753653079596
75911.784436,60366.785436000006,-58527.32878933334,20.750636777644,308.66,3744,0.6668781382607525,0.08984517746798125
75910.72108716279,60365.722087162794,-58530.15136297675,20.75060594052772,308.703,3745,0.6664550990083719,0.08915382583619869
75908.42114188235,60363.42214188236,-58532.60198541177,20.750539242114588,308.747,3746,0.6660337210742265,0.08846518921269592
75905.82809067627,60360.82909067627,-58535.58388765468,20.750464043629613,308.774,3747,0.6656143703744926,0.08777986559575318
75901.69405837763,60356.695058377634,-58538.33716229371,20.75034415669295,308.801,3748,0.6651975961497819,0.08709875258149471
75897.88809162914,60352.88909162914,-58541.01127056954,20.750233783657244,308.827,3749,0.6647838090768263,0.08642252131811072
75893.432436,60348.43343600001,-58543.878456000006,20.750104569644,308.977,3750,0.6643733884941159,0.08575179173928968
75754.83218400001,60209.83318400002,-58592.6435988,20.746085162336,309.756,3751,0.6639667865795833,0.08508730281653346
75705.66919751352,60160.67019751352,-58571.355983935144,20.744659435727893,309.765,3752,0.6635641704994275,0.08442932774109728
75705.66919751352,60160.67019751352,-58571.355983935144,20.744659435727893,309.773,3753,0.6631661796118059,0.08377891138364726
75695.34857873686,60150.34957873686,-58565.66716458948,20.744360137783367,309.781,3754,0.6627724920662945,0.08313552776033072
75695.34857873686,60150.34957873686,-58565.66716458948,20.744360137783367,309.787,3755,0.6623834596854853,0.08249975183699697
75695.34857873686,60150.34957873686,-58565.66716458948,20.744360137783367,309.793,3756,0.6619991119286267,0.08187163175740428
75695.34857873686,60150.34957873686,-58565.66716458948,20.744360137783367,309.798,3757,0.6616194036201068,0.08125109369333736
75686.15711756644,60141.15811756645,-58559.28102362518,20.744093585409427,309.803,3758,0.6612442500107621,0.08063799914352897
75677.95868400001,60132.959684000016,-58553.33384880001,20.743855830836,309.829,3759,0.6608738274193826,0.08003263625685066
75670.53706697874,60125.53806697874,-58547.560955182984,20.743640603942385,309.856,3760,0.6605080112239455,0.07943480136984032
75664.22406331035,60119.225063310354,-58542.14095224828,20.743457526836,309.9,3761,0.660146625455345,0.07884420690509737
75659.29360370804,60114.29460370804,-58535.16081230366,20.743314543507534,309.909,3762,0.6597895449074266,0.07826064824454294
75653.52152907044,60108.52252907044,-58527.59232767324,20.743147153343042,309.953,3763,0.6594367476644253,0.07768408957235173
75647.28823795685,60102.28923795685,-58519.04203585036,20.742966387900747,309.98,3764,0.6590879878778343,0.07711412911075637
75641.21714069293,60096.21814069293,-58512.24183305197,20.742790326080094,310.126,3765,0.6587430354767891,0.07655039086659149
75408.0024593557,59863.00345935571,-58426.54465952216,20.736027100321316,310.864,3766,0.6584017166179812,0.07599259073653944
75389.93136159441,59844.932361594416,-58448.964404207,20.73550303848624,310.873,3767,0.6580639667256011,0.07544062318762443
75389.93136159441,59844.932361594416,-58448.964404207,20.73550303848624,310.882,3768,0.6577295023660131,0.07489402501860586
75381.96766022536,59836.968660225364,-58460.236706974654,20.735272091146534,310.89,3769,0.6573979414494338,0.0743521717994955
75375.5345616338,59830.535561633806,-58472.268819650715,20.735085531287382,310.896,3770,0.6570691561294559,0.07381485459738327
75368.605956,59823.606956,-58483.660411200006,20.734884601724,310.937,3771,0.6567432483974985,0.07328224009168115
75363.673956,59818.674956,-58495.97241120001,20.734741573724,310.962,3772,0.6564196700889019,0.07275343244463933
75358.98033437839,59813.98133437839,-58508.015384172984,20.734605458696972,311.006,3773,0.6560983733319984,0.07222835342201514
75353.63623657555,59808.63723657555,-58520.31741120001,20.73445047986069,311.033,3774,0.6557791898314856,0.07170672798731668
75349.48853494738,59804.48953494738,-58532.45320067369,20.734330196513476,311.078,3775,0.6554617539428195,0.07118795858617788
75345.39080215385,59800.391802153856,-58542.929565046164,20.73421136226246,311.105,3776,0.6551460202614419,0.07067197101622841
75342.17666188236,59797.177661882364,-58554.26329355295,20.73411815219459,311.132,3777,0.6548317692402422,0.07015840648274103
75338.76797962205,59793.76897962205,-58564.6952064756,20.734019300409038,311.159,3778,0.6545189249098294,0.06964714083278616
75334.5504443721,59789.551444372104,-58575.13229492094,20.73389699188679,311.203,3779,0.6542072735998266,0.06913782487568484
75331.05587907693,59786.05687907693,-58586.77756504616,20.73379564949323,311.343,3780,0.6538965684201156,0.0686300551314172
75129.97065470165,59584.97165470166,-58570.47070288525,20.727964177986347,312.095,3781,0.6535867554742322,0.0681237435197204
75091.57829015594,59546.57929015595,-58540.16249227119,20.72685079941452,312.119,3784,0.6532777154733361,0.06761869509288239
75078.54163521511,59533.54263521511,-58530.64338769812,20.72647273642124,312.143,3785,0.6529692641758065,0.06711460875415015
75069.88540880001,59524.88640880001,-58524.59262188236,20.7262217058552,312.166,3786,0.6526612117756339,0.06661117431317243
75064.4356074755,59519.43660747551,-58519.32579679471,20.72606366161679,312.209,3787,0.6523535141929462,0.06610831973244602
75059.4766746228,59514.4776746228,-58514.23715650634,20.72591985256406,312.237,3788,0.6520461493218516,0.06560600888543104
75056.26865880002,59511.269658800025,-58507.926291,20.7258268201052,312.263,3789,0.6517390535106252,0.06510413774933632
75053.17378380001,59508.174783800016,-58502.57129100001,20.7257370687302,312.308,3790,0.65143201464446,0.06460235967567188
75053.02693821178,59508.02793821179,-58495.93544541177,20.725732810208143,312.362,3792,0.6511250196109283,0.06410065323546116
75054.2822380683,59509.28323806831,-58493.3385257561,20.72576921390398,312.406,3793,0.6508178982218888,0.06359874029884151
75056.5009260414,59511.5019260414,-58490.53584703449,20.7258335558552,312.435,3794,0.6505106705870328,0.06309665373006303
75058.09803449834,59513.099034498344,-58487.19651935196,20.72587987200045,312.573,3795,0.6502034038771077,0.06259450330287751
75018.30405491765,59473.305054917655,-58410.72638112942,20.724725846592612,313.425,3796,0.6498960573870256,0.06209222249502061
75004.42086606316,59459.42186606316,-58394.621504968425,20.724323234115833,313.434,3797,0.6495886400820504,0.06158982595796932
75004.42086606316,59459.42186606316,-58394.621504968425,20.724323234115833,313.442,3798,0.6492811251744965,0.061087269913965285
75000.0391608,59455.04016080001,-58390.33595760001,20.7241961646632,313.45,3799,0.6489736460511489,0.0605847723502778
75000.0391608,59455.04016080001,-58390.33595760001,20.7241961646632,313.456,3800,0.6486661435575019,0.06008223659369312
75000.0391608,59455.04016080001,-58390.33595760001,20.7241961646632,313.462,3801,0.6483587321487689,0.059579849692572046
75000.0391608,59455.04016080001,-58390.33595760001,20.7241961646632,313.468,3802,0.6480516026973883,0.05907792358007631
74996.23800130632,59451.23900130633,-58383.11844367596,20.724085931037884,313.473,3803,0.6477448765173662,0.05857665651354447
74992.11976080001,59447.12076080001,-58373.794557600006,20.7239665020632,313.498,3804,0.6474387102969141,0.058076304560587134
74990.30922591628,59445.310225916284,-58361.97267387908,20.723913996551573,313.539,3805,0.6471333783732244,0.05757731605658824
74990.26194261818,59445.26294261818,-58352.174375781826,20.723912625335927,313.565,3806,0.6468289594355974,0.057079819599487415
74990.91480731162,59445.91580731163,-58342.34011573954,20.723931558412037,313.591,3807,0.6465257648240351,0.056584323996486864
74994.0387608,59449.039760800006,-58332.517557600004,20.7240221530632,313.618,3808,0.6462239331726116,0.0560910558102347
74997.15467384348,59452.15567384349,-58324.32547064348,20.72411251454146,313.645,3809,0.6459239362778751,0.05560078607394282
75001.95363036521,59456.95463036522,-58316.83120977392,20.724251684280592,313.795,3810,0.6456260977456026,0.05511404364014841
75039.47519760001,59494.476197600015,-58186.117668000006,20.7253398097304,314.621,3811,0.6453308432183982,0.05463152411500908
75021.85270946442,59476.85370946443,-58158.12516630509,20.724828757574468,314.63,3812,0.6450384701513301,0.05415371361428296
75021.85270946442,59476.85370946443,-58158.12516630509,20.724828757574468,314.639,3813,0.644749511467527,0.053681483067257375
75014.71845913847,59469.719459138476,-58151.420498769236,20.724621864315015,314.646,3814,0.6444644070645181,0.053215551376192355
75014.71845913847,59469.719459138476,-58151.420498769236,20.724621864315015,314.652,3815,0.6441836498178177,0.05275672402258674
75014.71845913847,59469.719459138476,-58151.420498769236,20.724621864315015,314.658,3816,0.6439076486783193,0.05230566933418065
75014.71845913847,59469.719459138476,-58151.420498769236,20.724621864315015,314.664,3817,0.6436371942313078,0.05186367932447822
75005.67149760001,59460.67249760001,-58143.791643000004,20.7243595024304,314.669,3818,0.6433726720000282,0.05143138403459961
74998.18424220433,59453.18524220433,-58138.8786061295,20.724142372023927,314.692,3819,0.6431147990840538,0.05100995538407084
74989.77545214546,59444.77645214547,-58132.35581345455,20.723898517112218,314.715,3820,0.6428640576550331,0.05060018136160499
74981.53824084326,59436.53924084327,-58127.47613286487,20.723659637984454,314.757,3821,0.6426211022069537,0.05020313157358904
74974.4919286345,59429.4929286345,-58123.69871627587,20.7234552949304,314.783,3822,0.6423866283644832,0.04981994284419801
74965.02115144617,59420.022151446174,-58119.59742184616,20.723180642391938,314.81,3823,0.6421614586525538,0.04945195938428409
74956.32253281127,59411.32353281128,-58118.093521521136,20.722928382451528,314.837,3824,0.641946125165589,0.04910005076882401
74947.04093285181,59402.04193285182,-58116.28925361152,20.7226592160527,314.989,3825,0.641740875572193,0.048764621750077994
74732.11776745264,59187.118767452645,-58104.833748884215,20.716426444256125,315.821,3826,0.6415465674257789,0.04844707378417163
74701.63258583663,59156.63358583664,-58065.17959210141,20.715542373989262,315.83,3827,0.6413640222958917,0.04814874952061634
74701.63258583663,59156.63358583664,-58065.17959210141,20.715542373989262,315.839,3828,0.6411937236634544,0.04787043908780582
74697.74207367274,59152.74307367274,-58057.18579617902,20.71542954913651,315.846,3829,0.6410361529592816,0.047612929263745905
74697.74207367274,59152.74307367274,-58057.18579617902,20.71542954913651,315.852,3830,0.6408921236182327,0.04737754940384305
74697.74207367274,59152.74307367274,-58057.18579617902,20.71542954913651,315.857,3831,0.6407620620933618,0.047164996438732676
74697.74207367274,59152.74307367274,-58057.18579617902,20.71542954913651,315.863,3832,0.640646402131192,0.046975979218396545
74696.36572435277,59151.366724352774,-58050.3719720504,20.71538963500623,315.868,3833,0.6405455898795115,0.04681122685957701
74695.40748199323,59150.40848199323,-58047.2360972339,20.715361845977803,315.892,3834,0.6404602026277956,0.046671682797235214
74696.63666347318,59151.637663473186,-58046.04823861464,20.715397492240722,315.918,3835,0.6403905676626124,0.046557881899239095
74697.66540939214,59152.66640939214,-58046.50268071182,20.715427325872373,315.945,3836,0.6403368667761495,0.046470121259356796
74699.37434640001,59154.37534640002,-58049.72859338182,20.7154768850456,315.972,3837,0.6402995219590975,0.046409090515608334
74702.11639558033,59157.11739558034,-58052.710217822954,20.71555640447183,316.017,3838,0.6402786656892123,0.04637500616968337
74703.93032200976,59158.93132200977,-58053.53653129756,20.715609008338284,316.044,3839,0.6402743328029121,0.046367925152976025
74705.74742640002,59160.74842640002,-58053.748375200004,20.7156617043656,316.192,3840,0.6402866961206419,0.04638812989718982
74702.53052400002,59157.53152400002,-57978.96284400001,20.715568414196,316.981,3841,0.6403159216033577,0.04643589162391254
74709.08197136843,59164.082971368436,-57966.03347557895,20.715758406169684,316.99,3842,0.6403618933612981,0.04651102094037469
74709.08197136843,59164.082971368436,-57966.03347557895,20.715758406169684,316.998,3843,0.6404242908483893,0.046612993994356866
74711.59148553848,59166.59248553848,-57961.620074769235,20.715831182080617,317.005,3844,0.6405030118040377,0.04674164366654864
74711.59148553848,59166.59248553848,-57961.620074769235,20.715831182080617,317.011,3845,0.6405978439155093,0.04689662298499809
74713.89886470798,59168.899864707986,-57958.22748116815,20.715898096076533,317.016,3846,0.6407083338679816,0.04707719112024191
74717.39852400002,59172.39952400002,-57955.15934400001,20.715999586196002,317.059,3847,0.6408341286378335,0.04728277114364964
74721.93356945456,59176.93456945456,-57951.51775309091,20.716131102514183,317.086,3848,0.6409746887011596,0.04751248133861876
74726.62052400001,59181.62152400002,-57948.61709400001,20.716267024196,317.112,3849,0.6411295524509019,0.04776556732410541
74730.3542004706,59185.3552004706,-57946.74496164706,20.71637530081365,317.157,3850,0.6412979925976434,0.04804084052783803
74733.24302400001,59188.244024000014,-57944.96715978948,20.716459076696,317.183,3851,0.6414793919803798,0.04833729235483383
74738.0222175484,59193.0232175484,-57942.17084400001,20.716597673308904,317.207,3852,0.6416729284173319,0.048653579155037936
74742.07302400001,59197.074024000016,-57938.370844000005,20.716715146696,317.266,3853,0.6418779350375362,0.04898861109499829
74744.75302400002,59199.75402400002,-57933.790844,20.716792866696,317.275,3854,0.6420934048256352,0.049340742460501026
74747.38652400002,59202.38752400002,-57928.646844,20.716869238196,317.39,3855,0.6423184807616822,0.049708572667238195
74780.99372109475,59235.99472109476,-57714.46868968422,20.717843846911748,318.189,3856,0.642552344074329,0.05009076363864953
74731.14556320001,59186.14656320002,-57665.28321600001,20.7163982503328,318.197,3857,0.6427940866713933,0.05048583132565776
74731.14556320001,59186.14656320002,-57665.28321600001,20.7163982503328,318.204,3858,0.6430425541443747,0.05089188913689856
74731.14556320001,59186.14656320002,-57665.28321600001,20.7163982503328,318.21,3859,0.643296846095033,0.0513074655971146
74721.1285632,59176.12956320001,-57658.82121600001,20.7161077573328,318.219,3860,0.643555732627364,0.05173055074953565
74721.1285632,59176.12956320001,-57658.82121600001,20.7161077573328,318.228,3861,0.64381815897695,0.05215942084607654
74721.1285632,59176.12956320001,-57658.82121600001,20.7161077573328,318.236,3862,0.6440831277504906,0.05259244589736388
74710.01251972176,59165.01351972176,-57653.48747686957,20.715785392071933,318.243,3863,0.6443495422525675,0.05302783362960122
74697.36856320001,59152.369563200016,-57650.19021600001,20.7154187173328,318.249,3864,0.6446163489274446,0.05346386226999037
74685.5781163915,59140.5791163915,-57647.84836493618,20.715076794375353,318.29,3865,0.6448824095669734,0.05389867170258144
74674.52656320001,59129.52756320001,-57644.82621600001,20.7147562993328,318.316,3866,0.645146650565233,0.05433050738757425
74663.80413462858,59118.80513462858,-57642.532073142866,20.714445348904228,318.342,3867,0.6454080063765815,0.054757627957674526
74654.37165015654,59109.37265015654,-57640.24834643479,20.71417180685454,318.386,3868,0.6456654777164363,0.05517840033268277
74646.12923226476,59101.13023226477,-57638.68763326619,20.71393277673568,318.413,3869,0.6459180980078232,0.055591244884787214
74635.81654911551,59090.81754911551,-57637.402737126766,20.71363370892435,318.593,3870,0.6461649776298278,0.05599470775156915
74543.66470714711,58998.66570714711,-57457.975526102484,20.710961305507265,319.467,3871,0.646405178166889,0.056387255327988585
74563.13626742069,59018.137267420694,-57431.294065572416,20.7115259807552,319.476,3872,0.6466377681135108,0.05676736530177539
74563.13626742069,59018.137267420694,-57431.294065572416,20.7115259807552,319.484,3873,0.6468618263077306,0.05713353226457232
74569.50108944517,59024.50208944517,-57422.45199104516,20.71171056059391,319.492,3874,0.6470767125239577,0.05748470992811105
74569.50108944517,59024.50208944517,-57422.45199104516,20.71171056059391,319.498,3875,0.6472816218866922,0.05781958292511272
74569.50108944517,59024.50208944517,-57422.45199104516,20.71171056059391,319.504,3876,0.6474756955405526,0.05813674767171087
74569.50108944517,59024.50208944517,-57422.45199104516,20.71171056059391,319.509,3877,0.6476583935062995,0.05843532170717369
74576.69179005,59031.69279005,-57414.05019165001,20.71191909091145,319.515,3878,0.647829152205359,0.05871438400357169
74585.13483232941,59040.13583232941,-57406.23367510589,20.712163939137554,319.538,3879,0.6479875006859412,0.058973164908239006
74594.56292740465,59049.563927404655,-57399.91220109768,20.712437353894735,319.58,3880,0.6481327346598622,0.0592105134386543
74601.90899660488,59056.90999660488,-57392.397703082934,20.71265038990154,319.606,3881,0.6482645180507732,0.05942588036225646
74610.71179005,59065.712790050005,-57387.196441650005,20.71290567091145,319.633,3882,0.6483825660649636,0.0596188002551031
74617.93046001952,59072.93146001952,-57382.94258113171,20.713115012340566,319.659,3883,0.6484866444343902,0.059788890264792345
74625.04989341539,59080.05089341539,-57378.48017963077,20.713321475909048,319.704,3884,0.6485764301449007,0.05993562250564921
74633.8285088,59088.8295088,-57374.81941040001,20.7135760557552,319.838,3885,0.6486515998434517,0.0600584685381659
74633.57127098183,59088.57227098184,-57114.97767512728,20.713568595858472,320.574,3886,0.6487121335790366,0.06015739575742276
74617.98917110986,59072.990171109865,-57105.9013883155,20.713116714962187,320.583,3887,0.6487580237630736,0.06023239176178463
74609.28259965316,59064.283599653165,-57103.92278002238,20.712864224389943,320.591,3888,0.6487893807937875,0.06028363696948086
74609.28259965316,59064.283599653165,-57103.92278002238,20.712864224389943,320.599,3889,0.648806198044453,0.06031112055078999
74597.09123362192,59052.09223362192,-57101.6793065096,20.712510674775036,320.605,3890,0.6488085579156574,0.06031497716881949
74585.40373851429,59040.40473851429,-57099.311830971434,20.712171737416913,320.645,3891,0.6487966903072012,0.06029558253717394
74574.76810144866,59029.76910144866,-57097.12107807568,20.71186330394201,320.689,3892,0.6487708043141268,0.060253278369294505
74565.18561718357,59020.18661718357,-57094.12793664658,20.711585411898323,320.716,3893,0.6487310977955156,0.06018838801626044
74555.7894528,59010.79045280001,-57089.840402400005,20.7113129231312,320.742,3894,0.6486780526354208,0.060101698996782055
74546.68918964211,59001.69018964212,-57086.49106029474,20.711049015499622,320.787,3895,0.6486118417411706,0.0599934938845518
74537.54713021936,58992.548130219366,-57080.61007981936,20.710783895776363,320.814,3896,0.6485329484857841,0.05986456263162166
74527.77381643637,58982.77481643637,-57073.142947854554,20.710500469676656,320.841,3897,0.6484416636778512,0.059715380491746295
74518.37396499513,58973.374964995135,-57063.54357313171,20.71022787398486,320.885,3898,0.6483388363295584,0.05954733496255709
74509.79018007274,58964.791180072745,-57051.11203876364,20.709978944222108,320.927,3899,0.6482248560977304,0.059361062840474405
74504.09082780001,58959.09182780002,-57039.34965240001,20.7098136630062,321.053,3900,0.6481002319212251,0.05915739585850613
74548.02168915399,59003.02268915399,-56929.22118439646,20.711087657985466,321.931,3901,0.6479657658235418,0.05893764472305087
74579.34261495384,59034.34361495385,-56912.650959753846,20.711995964833662,321.94,3902,0.647822138223591,0.058702921408284675
74579.34261495384,59034.34361495385,-56912.650959753846,20.711995964833662,321.949,3903,0.6476701063495678,0.058454463413908406
74584.69341996279,59039.69441996279,-56912.34641592558,20.71215113817892,321.956,3904,0.6475103738387977,0.05819342065877833
74584.69341996279,59039.69441996279,-56912.34641592558,20.71215113817892,321.963,3905,0.6473437753319621,0.057921157153902114
74584.69341996279,59039.69441996279,-56912.34641592558,20.71215113817892,321.968,3906,0.6471711612783947,0.05763906274556801
74584.69341996279,59039.69441996279,-56912.34641592558,20.71215113817892,321.974,3907,0.6469932542126807,0.05734831823546677
74590.31087406316,59045.31187406316,-56911.36027149474,20.71231404434783,321.979,3908,0.6468108701824556,0.05705025724893274
74599.78050793044,59054.78150793044,-56912.46320055652,20.71258866372998,322.003,3909,0.6466248593399365,0.05674626914669125
74605.93107095828,59060.93207095828,-56911.510351010074,20.71276703005779,322.03,3910,0.6464361920270332,0.05643793970939734
74613.5507688,59068.55176880001,-56910.7691136,20.7129880012952,322.075,3911,0.6462458286627232,0.05612683850116023
74620.94229397985,59075.94329397986,-56909.28042295252,20.713202355525414,322.102,3912,0.646054639098738,0.0558143870766242
74628.63923859865,59083.64023859866,-56908.20731494229,20.713425566919362,322.129,3913,0.6458633237424669,0.05550173007612431
74637.78137749566,59092.78237749566,-56907.14015707826,20.713690688947374,322.163,3914,0.6456728960947462,0.055190523812763743
74646.43256442044,59101.43356442044,-56904.0673325781,20.713941573368192,322.306,3915,0.6454842364156205,0.05488220685096608
74731.60861563872,59186.60961563872,-56438.88151966452,20.71641167885352,324.401,3916,0.6452982793292427,0.05457830659966468
74763.06687618463,59218.067876184636,-56419.40310775385,20.717323968409353,324.411,3917,0.6451159291461961,0.0542803009278608
74763.06687618463,59218.067876184636,-56419.40310775385,20.717323968409353,324.418,3918,0.644937956627157,0.053989449450704254
74768.16426080001,59223.165260800015,-56417.659261600005,20.7174717925632,324.425,3919,0.6447651293556811,0.05370700659113738
74768.16426080001,59223.165260800015,-56417.659261600005,20.7174717925632,324.431,3920,0.6445985538931754,0.05343478074644295
74768.16426080001,59223.165260800015,-56417.659261600005,20.7174717925632,324.437,3921,0.6444387576543498,0.05317363384377813
74768.16426080001,59223.165260800015,-56417.659261600005,20.7174717925632,324.442,3922,0.6442865796605486,0.05292493705324678
74772.52733166615,59227.52833166615,-56415.93028522206,20.71759832161832,324.448,3923,0.6441428702039329,0.05269007996427754
74777.48759413334,59232.48859413335,-56413.77259493334,20.71774216922987,324.471,3924,0.644008104868207,0.05246983979923967
74784.45085654469,59239.45185654469,-56411.12649564256,20.717944103839795,324.511,3925,0.643883114200845,0.05226557387981952
74791.94926080001,59246.95026080002,-56409.3632616,20.7181615575632,324.535,3926,0.6437683112725777,0.05207795726659901
74800.16469558261,59255.16569558262,-56407.38013116522,20.718399805171895,324.561,3927,0.6436640755901551,0.05190761016824518
74810.36379722385,59265.364797223854,-56405.67051987815,20.71869557911949,324.588,3928,0.6435712528167135,0.05175591460920576
74821.42866639442,59276.429666394426,-56404.1641567049,20.719016460325438,324.632,3929,0.6434901755453482,0.05162341412953763
74833.20967481275,59288.210674812755,-56402.45607688663,20.71935810956957,324.804,3930,0.6434212485965809,0.051510770306923366
74973.24658471234,59428.24758471234,-56168.08081032329,20.723419179956657,325.661,3931,0.6433647175658876,0.051418384505614874
74959.31979495652,59414.320794956526,-56153.60769537392,20.72301530305374,325.67,3932,0.643320927772035,0.05134682106258897
74959.31979495652,59414.320794956526,-56153.60769537392,20.72301530305374,325.678,3933,0.6432900129432644,0.05129629852314007
74959.31979495652,59414.320794956526,-56153.60769537392,20.72301530305374,325.686,3934,0.6432721605603833,0.05126712327765965
74955.06874449636,59410.06974449636,-56149.26547385694,20.722892022590393,325.692,3935,0.6432674522810583,0.051259428775137984
74949.38770800001,59404.38870800001,-56143.9776432,20.722727272532,325.716,3936,0.6432757943892453,0.051273061860188936
74945.02050045284,59400.02150045284,-56137.62185452076,20.72260062351313,325.739,3937,0.6432971205123686,0.051307914063472536
74938.89600099364,59393.897000993646,-56130.072807531214,20.722423013028816,325.783,3938,0.6433313342144674,0.05136382778458044
74934.973308,59389.974308000004,-56123.700043200006,20.722309254932,325.81,3939,0.6433782544722304,0.05144050718628029
74930.54788710449,59385.548887104494,-56119.43234170746,20.722180917726032,325.855,3940,0.6434375443194559,0.05153740158176913
74927.1831970511,59382.1841970511,-56115.0523351708,20.72208334171448,325.881,3941,0.6435089289143701,0.05165406181105124
74923.91158034043,59378.91258034043,-56109.57374532766,20.721988464829874,325.908,3942,0.6435922023265187,0.05179015133241146
74919.82115627587,59374.82215627587,-56101.260456993106,20.721869842532,325.935,3943,0.6436867436862845,0.051944655490068777
74917.26475695106,59372.26575695106,-56092.56071452868,20.721795706951582,325.98,3944,0.6437920917770414,0.05211682054104243
74914.93714358282,59369.938143582825,-56080.06590823068,20.721728206163903,326.087,3945,0.6439076304691631,0.052305639575878624
75024.38511549769,59479.38611549769,-55954.46890939535,20.724902197349433,326.972,3946,0.6440327785599717,0.05251016276446707
75028.9928511158,59483.99385111581,-55947.74964378947,20.725035821682358,326.981,3947,0.6441669505182295,0.052729433202751474
75028.9928511158,59483.99385111581,-55947.74964378947,20.725035821682358,326.989,3948,0.6443093621750232,0.05296216936317903
75030.49432480002,59485.495324800024,-55947.88999466667,20.7250793644192,326.997,3949,0.6444591940892119,0.05320703207458121
75030.49432480002,59485.495324800024,-55947.88999466667,20.7250793644192,327.003,3950,0.6446156886525672,0.05346278321618792
75030.49432480002,59485.495324800024,-55947.88999466667,20.7250793644192,327.007,3951,0.6447783331155623,0.05372858482740785
75030.49432480002,59485.495324800024,-55947.88999466667,20.7250793644192,327.013,3952,0.6449459661483742,0.05400253900570918
75031.56928132175,59486.57028132175,-55948.22984973913,20.72511053815833,327.018,3953,0.6451178539887744,0.05428344660063221
75034.1233248,59489.12432480001,-55948.457328000004,20.7251846054192,327.042,3954,0.6452930419768215,0.054569747459768704
75037.16357480001,59492.164574800016,-55947.755828,20.7252727726692,327.086,3955,0.6454705680919817,0.05485986940166736
75044.0766909972,59499.077690997205,-55946.761778704225,20.72547325303892,327.113,3956,0.6456497659469196,0.05515272338324492
75054.38587743159,59509.38687743159,-55944.465828,20.725772219445517,327.14,3957,0.6458291426771964,0.055445869691732395
75064.46715701478,59519.46815701478,-55941.663596456376,20.72606457655343,327.185,3958,0.6460082053435889,0.05573850274151485
75075.1704099064,59530.1714099064,-55940.137370553195,20.726374970887285,327.212,3959,0.646186109371331,0.05602924228681246
75084.11779925256,59539.11879925257,-55939.87763456935,20.726634445178323,327.378,3960,0.64636180939153,0.056316379934170734
75249.72997809232,59704.730978092324,-55753.807573846156,20.731437198364677,328.117,3961,0.6465344172087427,0.056598464150746174
75233.50089187652,59688.50189187653,-55727.432191812084,20.73096655486442,328.126,3962,0.6467030694515002,0.05687408397225933
75226.99247040002,59681.99347040002,-55719.641220000005,20.7307778106416,328.134,3963,0.6468668758994565,0.057141784556670204
75226.99247040002,59681.99347040002,-55719.641220000005,20.7307778106416,328.141,3964,0.6470250018690589,0.05740020182290881
75226.99247040002,59681.99347040002,-55719.641220000005,20.7307778106416,328.147,3965,0.6471766416260114,0.05764801900020923
75220.4810506817,59675.482050681705,-55713.6474059155,20.73058897946977,328.153,3966,0.6473209688734672,0.05788388571346991
75214.1788468706,59669.17984687061,-55707.000537647065,20.73040621555925,328.175,3967,0.6474572734426915,0.05810664136988323
75207.29435914174,59662.295359141746,-55699.77900278146,20.73020656541511,328.217,3968,0.6475848239584538,0.05831509071993936
75202.25554274044,59657.25654274045,-55694.26982425532,20.73006043973947,328.261,3969,0.6477030707549652,0.058508335472668975
75197.21606456059,59652.217064560595,-55687.930361605846,20.72991429487226,328.288,3970,0.6478113597474577,0.05868530669045189
75191.93267040001,59646.933670400016,-55683.97542,20.7297610764416,328.315,3971,0.6479091572370489,0.058845132176225605
75186.4832023149,59641.48420231491,-55678.97110085107,20.729603041867133,328.342,3972,0.6479958276197127,0.05898677319451098
75180.23945122193,59635.24045122194,-55672.61778986302,20.729421973085437,328.385,3973,0.6480710249065149,0.05910966431310988
75173.60984431306,59628.610844313065,-55663.579463478265,20.72922971448508,328.412,3974,0.6481343373921684,0.05921313270291635
75166.23658606266,59621.23758606266,-55652.610636867474,20.729015889995818,328.56,3975,0.6481854740447186,0.059296702745141795
75280.0337592,59735.0347592,-55436.96072640001,20.7323160080168,329.329,3976,0.6482241992821051,0.05935998943995235
75298.57142586667,59753.572425866674,-55433.94339306667,20.732853600350133,329.337,3977,0.6482502927612022,0.05940263269173371
75298.57142586667,59753.572425866674,-55433.94339306667,20.732853600350133,329.344,3978,0.6482635794020303,0.05942434637613943
75308.1392592,59763.14025920001,-55434.30972640001,20.7331310675168,329.351,3979,0.6482641325958393,0.05942525043277337
75317.50270514595,59772.50370514595,-55435.75229396758,20.733402607449232,329.374,3980,0.6482518670698448,0.059405205504641526
75325.97494101818,59780.97594101819,-55435.68109003637,20.733648302289527,329.397,3981,0.6482271224477881,0.059364766621628956
75334.98220037647,59789.983200376475,-55437.70163816471,20.733909512810918,329.441,3982,0.6481896347069078,0.05930350230470424
75344.38445150769,59799.3854515077,-55439.39060052588,20.73418217809372,329.468,3983,0.6481397064330369,0.05922190705457432
75354.3830092,59809.3840092,-55440.48722640001,20.7344721362668,329.513,3984,0.6480776942214211,0.0591205636367952
75364.3277592,59819.3287592,-55441.67672640001,20.7347605340168,329.539,3985,0.6480037785877938,0.05899976705909008
75371.8567592,59826.85775920001,-55441.31672640001,20.7349788750168,329.566,3986,0.6479183505377701,0.05886015632213957
75382.61961634285,59837.62061634286,-55440.164726400006,20.735290997873943,329.593,3987,0.6478218057206054,0.05870237801548988
75392.28143073285,59847.282430732856,-55438.875821290516,20.735571190491253,329.637,3988,0.6477145962625744,0.05852717102622079
75403.41618366043,59858.41718366044,-55437.17594942159,20.735894098326153,329.664,3989,0.6475973396443853,0.05833554447179068
75418.39478551579,59873.39578551579,-55434.11814745264,20.736328477779956,329.807,3990,0.6474705150111789,0.058128281394844473
75441.10919778228,59896.110197782284,-55159.87831552405,20.736987195735686,330.543,3991,0.6473347012956439,0.05790632791576368
75437.59621405715,59892.597214057154,-55146.527773028574,20.73688531920766,330.55,3992,0.64719061204466,0.057670850148087434
75435.46081033043,59890.46181033044,-55133.10267986087,20.736823392499584,330.559,3993,0.6470388610709706,0.05742285121490491
75435.00556801529,59890.00656801529,-55119.672450007645,20.736810190472443,330.584,3994,0.64688022067192,0.057163593242664464
75436.19907120001,59891.200071200015,-55105.00777302857,20.7368448020648,330.609,3995,0.6467153867136117,0.05689421345010789
75439.51658944818,59894.51758944818,-55091.20051546861,20.736941010093997,330.653,3996,0.6465448565170023,0.05661552458369501
75443.62371120001,59898.62471120001,-55080.007521600004,20.7370601166248,330.68,3997,0.6463695342496533,0.05632900427869377
75448.27291735385,59903.27391735386,-55069.45104775385,20.737194943603264,330.725,3998,0.6461902290616099,0.05603597488805629
75454.44639944428,59909.44739944428,-55058.558743584734,20.737373974583885,330.752,3999,0.6460076399591111,0.05573757876228809
75459.30161357288,59914.30261357289,-55050.19276092204,20.737514775793613,330.796,4000,0.6458225704872101,0.055435129094386415
75466.45769188966,59921.45869188967,-55043.90730504828,20.7377223020648,330.823,4001,0.6456359023423808,0.055130066796258356
75473.61439378065,59928.61539378065,-55037.02355643871,20.73792984641964,330.85,4002,0.6454482830155731,0.054823450029581305
75480.80000143257,59935.80100143257,-55030.45408532093,20.738138229041546,330.877,4003,0.6452603579533958,0.05451633361506889
75490.542063326,59945.543063326,-55024.392272466146,20.738420748836454,330.922,4004,0.6450729309955595,0.054210031227262236
75500.64701237647,59955.64801237648,-55018.74787807059,20.73871379235892,331.056,4005,0.6448866995185804,0.05390568255329338
75628.82325967884,60083.82425967885,-55011.86022061315,20.742430903530686,331.929,4006,0.6447024096684435,0.053604506981768774
75655.11162694737,60110.112626947375,-55020.22845726317,20.743193266181475,331.938,4007,0.6445206392606739,0.053307448807346225
75655.11162694737,60110.112626947375,-55020.22845726317,20.743193266181475,331.947,4008,0.6443420452245244,0.05301558161624335
75659.20425852633,60114.20525852633,-55021.30845726316,20.743311952497265,331.954,4009,0.6441671305889267,0.05272972748317504
75659.20425852633,60114.20525852633,-55021.30845726316,20.743311952497265,331.961,4010,0.6439964928572471,0.052450862877641447
75659.20425852633,60114.20525852633,-55021.30845726316,20.743311952497265,331.966,4011,0.6438310392536758,0.052180470430203886
75663.81371706475,60118.81471706476,-55022.00678365469,20.743445626794877,331.972,4012,0.6436709779998406,0.0519188904269267
75667.58846905263,60122.58946905263,-55020.730562526325,20.743555094602527,331.995,4013,0.6435167131979306,0.05166678327155765
75673.84019505883,60128.841195058834,-55019.55296964707,20.743736394656707,332.037,4014,0.6433685149268403,0.05142459034036031
75679.740048,60134.74104800001,-55017.31635200001,20.743907490392,332.062,4015,0.6432267394357158,0.05119289383327709
75684.89186618182,60139.89286618182,-55014.21453381819,20.74405689311927,332.106,4016,0.6430916071987142,0.0509720540600603
75691.58413559124,60146.585135591245,-55011.46474616059,20.744250968932146,332.115,4017,0.6429635435187829,0.05076276607178427
75698.16959345456,60153.17059345456,-55006.625897454556,20.74444194721018,332.159,4018,0.6428425439265973,0.05056502256445775
75707.06727876923,60162.068278769235,-55000.40681353847,20.74469998008431,332.186,4019,0.6427287871436579,0.050379115613580376
75717.4397740274,60172.440774027404,-54993.63374926028,20.745000782446795,332.337,4020,0.6426224375866885,0.05020531391707963
75749.98051821177,60204.981518211775,-54882.69823228236,20.745944464028142,333.038,4021,0.6425235416105111,0.05004369323029414
75747.51653078475,60202.51753078475,-54876.44526304123,20.745873008392756,333.047,4022,0.6424320257894491,0.049894133557358264
75745.23698880001,60200.237988800014,-54870.25865797896,20.745806901675202,333.056,4023,0.6423478669631829,0.049756597048533996
75742.67909406316,60197.680094063166,-54864.50813166317,20.745732722727833,333.081,4024,0.6422709503026536,0.04963089604450429
75740.85478291765,60195.85578291766,-54859.34190875295,20.745679817704612,333.125,4025,0.6422012139535509,0.049516929459901604
75738.89066527059,60193.891665270596,-54851.74484992942,20.745622858292847,333.152,4026,0.6421381510933871,0.049413869020394505
75735.88216865613,60190.88316865613,-54845.72372424173,20.74553561189103,333.179,4027,0.642081890147873,0.04932192460561988
75732.93296195437,60187.933961954375,-54837.50978478927,20.745450084896678,333.222,4028,0.6420320183097893,0.04924042158563975
75729.38050992678,60184.38150992678,-54831.19912499156,20.745347063787875,333.246,4029,0.6419885160865093,0.049169328104641155
75726.39998880001,60181.400988800015,-54824.02802640001,20.7452606286752,333.271,4030,0.6419510430836104,0.04910808787325325
75721.52291983449,60176.52391983449,-54817.692647089665,20.7451191936752,333.316,4031,0.6419190181623671,0.049055751165879916
75716.43828376404,60171.43928376405,-54812.7552350331,20.744971739229157,333.343,4032,0.6418922958843254,0.04901208029981938
75710.7129888,60165.71398880001,-54808.05302640001,20.7448057056752,333.387,4033,0.6418703657822465,0.0489762410443081
75704.71027005001,60159.711270050015,-54803.493682650005,20.74463162683145,333.414,4034,0.641852825255983,0.048947575450308485
75700.00481488697,60155.00581488697,-54800.05906987827,20.744495168631722,333.552,4035,0.641839217843161,0.04892533754447382
75596.58812843078,60051.58912843079,-54683.70909304616,20.741496084724492,334.395,4036,0.6418290964763878,0.04890879670719884
75607.80433480977,60062.805334809775,-54636.789183102446,20.741821354709483,334.403,4037,0.6418220254324954,0.04889724085817102
75607.80433480977,60062.805334809775,-54636.789183102446,20.741821354709483,334.409,4038,0.6418173847000543,0.04888965674410177
75607.80433480977,60062.805334809775,-54636.789183102446,20.741821354709483,334.415,4039,0.6418147893878002,0.04888541535668496
75610.81885920001,60065.81985920001,-54630.1534392,20.7419087759168,334.42,4040,0.6418138371940647,0.04888385923467235
75610.81885920001,60065.81985920001,-54630.1534392,20.7419087759168,334.426,4041,0.6418144125595802,0.04888479952540363
75610.81885920001,60065.81985920001,-54630.1534392,20.7419087759168,334.431,4042,0.6418155857591175,0.0488867168260086
75614.18431920001,60069.18531920001,-54623.312059200005,20.7420063742568,334.437,4043,0.6418167554596751,0.04888862840840826
75618.95579163244,60073.956791632445,-54616.23299325406,20.74214474695734,334.461,4044,0.6418175611303861,0.04888994507526038
75625.47271699818,60080.47371699818,-54610.13398507157,20.742333737792947,334.487,4045,0.6418175142755671,0.0488898685028019
75631.03701304617,60086.03801304617,-54604.58836227693,20.74249510237834,334.544,4046,0.6418160705725195,0.048887509132005645
75635.74585920002,60090.74685920002,-54602.037064200005,20.7426316589168,334.552,4047,0.6418127435786904,0.0488820719944357
75638.9735592,60093.97455920001,-54599.76013920001,20.7427252622168,334.596,4048,0.6418070963677389,0.048872843043494645
75640.27398420002,60095.27498420002,-54597.25956420001,20.7427629745418,334.623,4049,0.6417985579972262,0.04885888921686148
75642.78085920001,60097.78185920001,-54596.248939200006,20.7428356739168,334.8,4050,0.641786780290036,0.04883964150630325
75778.87707284672,60233.878072846725,-54548.66793533431,20.746782464112556,335.571,4051,0.6417712780135428,0.04881430692070728
75812.91147103449,60267.91247103449,-54546.826933572425,20.74776946166,335.579,4052,0.6417516895340928,0.04878229446050242
75812.91147103449,60267.91247103449,-54546.826933572425,20.74776946166,335.588,4053,0.6417276151305982,0.04874295088175286
75825.68252630137,60280.68352630138,-54545.28303182466,20.74813982226274,335.596,4054,0.6416985652983586,0.04869547621171019
75825.68252630137,60280.68352630138,-54545.28303182466,20.74813982226274,335.602,4055,0.6416643605372523,0.04863957710241364
75836.51906112676,60291.520061126765,-54541.88178544226,20.748454081772675,335.625,4056,0.6416244687371131,0.04857438395315912
75848.75988782609,60303.760887826094,-54537.65336535653,20.748809065746958,335.648,4057,0.6415786032088403,0.04849942824246437
75860.61662108108,60315.61762108108,-54532.72268380541,20.74915291101135,335.691,4058,0.6415264994426784,0.04841427769542799
75871.69982571428,60326.70082571429,-54526.98584982858,20.749474323945716,335.718,4059,0.6414680600332004,0.04831877312729251
75882.0352768421,60337.036276842104,-54519.22898892633,20.74977405202842,335.763,4060,0.6414029873782526,0.04821242818192532
75891.46143041096,60346.46243041096,-54510.891935934254,20.75004741048192,335.79,4061,0.6413312976467187,0.04809526928331455
75901.31891579618,60356.31991579618,-54502.21524018345,20.750333277558088,335.816,4062,0.6412528540994545,0.04796707296560005
75909.4632323077,60364.4642323077,-54492.51881686155,20.750569462736923,335.843,4063,0.6411674537568116,0.04782750750941904
75917.21547377484,60372.21647377484,-54481.245357870204,20.75079427773947,335.87,4064,0.6410750655735202,0.04767652217905907
75923.48568084507,60378.486680845075,-54470.56756009015,20.750976113744507,336.025,4065,0.6409757570570895,0.047514227298624444
75895.21158843873,60350.212588438735,-54320.496307432266,20.750156165064723,336.916,4066,0.6408695347962142,0.04734063363568533
75892.36197044211,60347.36297044212,-54311.5057047158,20.75007352614282,336.925,4067,0.6407564390306912,0.04715580695210452
75892.36197044211,60347.36297044212,-54311.5057047158,20.75007352614282,336.934,4068,0.6406366185654565,0.046959990432254864
75892.33033704829,60347.331337048294,-54311.10552322759,20.7500726087744,336.942,4069,0.6405104069094258,0.046753729112871976
75892.33033704829,60347.331337048294,-54311.10552322759,20.7500726087744,336.948,4070,0.6403779925900828,0.04653733109487707
75892.33033704829,60347.331337048294,-54311.10552322759,20.7500726087744,336.954,4071,0.6402397366957516,0.04631138648663682
75892.33033704829,60347.331337048294,-54311.10552322759,20.7500726087744,336.96,4072,0.6400959216706361,0.04607635687241322
75891.7426318301,60346.743631830104,-54308.048187249566,20.750055565323073,336.965,4073,0.6399469041169761,0.04583282502919216
75891.02073360002,60346.02173360002,-54303.877178400006,20.7500346302744,337.006,4074,0.6397932634598704,0.045581737882076624
75890.50657786231,60345.507577862314,-54299.89337512132,20.750019719758008,337.032,4075,0.6396353284075649,0.045323632622310185
75890.2971466435,60345.2981466435,-54294.66639579131,20.75001364625266,337.075,4076,0.6394737742639858,0.04505961286490916
75890.92623360001,60345.927233600014,-54290.43717840001,20.7500318897744,337.102,4077,0.6393093091475737,0.04479083585198906
75891.4894154182,60346.4904154182,-54286.18754203637,20.750048222047127,337.129,4078,0.6391423395711548,0.04451796592688024
75893.66673360001,60348.667733600014,-54281.83767840001,20.7501113642744,337.156,4079,0.6389735904605778,0.044242187799194
75896.61723360002,60351.61823360002,-54277.275704715794,20.7501969287744,337.338,4080,0.6388037847270339,0.04396468288608973
75955.89074721953,60410.89174721953,-54212.62807539513,20.751915860669367,338.173,4081,0.638633781654757,0.0436868554722853
75984.90725753848,60439.90825753848,-54194.653178584624,20.752757339468616,338.194,4082,0.6384642191262117,0.04340974801679662
75984.90725753848,60439.90825753848,-54194.653178584624,20.752757339468616,338.201,4083,0.6382958888149721,0.04313465431166401
75988.97199600001,60443.97299600001,-54193.37224320001,20.752875216884,338.213,4084,0.63812955920192,0.04286283024628426
75988.97199600001,60443.97299600001,-54193.37224320001,20.752875216884,338.22,4085,0.6379661479969855,0.04259577558753259
75988.97199600001,60443.97299600001,-54193.37224320001,20.752875216884,338.226,4086,0.6378066622003327,0.042335136024793246
75988.97199600001,60443.97299600001,-54193.37224320001,20.752875216884,338.233,4087,0.6376519160253512,0.042082242185785414
75991.44879600001,60446.449796000015,-54192.283857317656,20.752947044084,338.239,4088,0.6375025831165267,0.0418381949735855
75993.20202434646,60448.20302434647,-54191.76761831812,20.752997887706048,338.246,4089,0.6373595652361114,0.041604468092586076
75996.56133331344,60451.56233331344,-54192.01527961792,20.75309530766609,338.271,4090,0.6372235991188522,0.041382265551083604
76001.72112476714,60456.72212476714,-54193.17609744659,20.75324494161825,338.295,4091,0.6370955571023761,0.0411730129662955
76005.6078729231,60460.6088729231,-54194.71133243078,20.75335765731477,338.336,4092,0.6369761600844018,0.04097788846486459
76008.46011952942,60463.46111952943,-54195.660180847066,20.753440372466354,338.361,4093,0.6368663020765944,0.04079835308479144
76012.25858323406,60467.25958323406,-54197.62686107235,20.753550527913788,338.405,4094,0.6367665441931252,0.04063532382655702
76015.11279600002,60470.11379600002,-54199.311229866675,20.753633300084,338.545,4095,0.6366774389173098,0.040489703585672165
76016.64746652632,60471.64846652633,-54199.51695145264,20.753677805529264,339.284,4096,0.6365999209332208,0.04036301986899386
76011.61171753847,60466.612717538475,-54198.31929963078,20.753531768808617,339.294,4097,0.6365344007719443,0.040255943586690886
76011.61171753847,60466.612717538475,-54198.31929963078,20.753531768808617,339.303,4098,0.6364814384723458,0.040169389981926484
76009.75130909735,60464.752309097355,-54198.744636594696,20.753477816963823,339.31,4099,0.6364413230996137,0.04010383145930266
76009.75130909735,60464.752309097355,-54198.744636594696,20.753477816963823,339.317,4100,0.6364144942345644,0.040059986403492155
76008.60115073685,60463.60215073686,-54198.17958303159,20.75344446237137,339.323,4101,0.6364011808099677,0.04003822894772939
76007.33009810527,60462.33109810528,-54196.974846189485,20.753407601845055,339.366,4102,0.6364016029450507,0.04003891882172293
76006.97641389475,60461.977413894754,-54195.891688294745,20.75339734500295,339.393,4103,0.636415812942798,0.04006214150159244
76004.61190006782,60459.61290006782,-54194.63768294238,20.753328774101966,339.42,4104,0.6364438863521893,0.040108020453210116
76003.76429048277,60458.76529048277,-54193.32042695173,20.753304193424,339.464,4105,0.6364858047131714,0.040176525508245894
76002.31275600001,60457.31375600002,-54193.00253040001,20.753262098924,339.491,4106,0.6365414146130224,0.04026740595205552
76001.37463531036,60456.37563531037,-54192.592668331046,20.753234893424,339.517,4107,0.6366105727736705,0.040380427632540475
76001.02200600001,60456.02300600002,-54192.69353040001,20.753224667174,339.544,4108,0.636693036016453,0.04051519313512429
75999.47871054547,60454.47971054548,-54192.26770395372,20.75317991160582,339.589,4109,0.6367884544243352,0.040671130608113414
75999.33913835295,60454.340138352956,-54193.0297068706,20.753175864012235,339.761,4110,0.6368963656826316,0.04084748451402435
76043.20730428236,60498.208304282365,-54201.29250804707,20.75444804082419,340.496,4111,0.637016183360102,0.04104329647797187
76051.00509840001,60506.006098400016,-54210.625435854556,20.7546741768536,340.505,4112,0.6371472689255505,0.041257522980751374
76051.00509840001,60506.006098400016,-54210.625435854556,20.7546741768536,340.513,4113,0.6372888157177776,0.041488845736805585
76052.41970469922,60507.42070469922,-54210.21821323466,20.754715200436276,340.52,4114,0.6374401607903276,0.04173618132630673
76052.41970469922,60507.42070469922,-54210.21821323466,20.754715200436276,340.527,4115,0.6376005210440998,0.04199824997004271
76052.41970469922,60507.42070469922,-54210.21821323466,20.754715200436276,340.532,4116,0.6377688736053467,0.04227338003723588
76052.41970469922,60507.42070469922,-54210.21821323466,20.754715200436276,340.538,4117,0.6379443213715519,0.04256010543866364
76052.4120984,60507.41309840001,-54210.63689040001,20.7547149798536,340.543,4118,0.6381258195183556,0.04285671867077417
76052.29780331804,60507.298803318045,-54210.73810351476,20.754711665296224,340.567,4119,0.6383124421865822,0.04316170664879289
76052.30709840001,60507.30809840001,-54209.76539040001,20.7547119348536,340.592,4120,0.6385030588313185,0.04347322178040716
76053.44009840001,60508.44109840001,-54209.710890400005,20.7547447918536,340.637,4121,0.6386964566007873,0.043789281963364055
76054.09209840001,60509.093098400015,-54208.89389040001,20.7547636998536,340.647,4122,0.6388916376923891,0.044108256539393646
76054.76112202206,60509.76212202206,-54208.31333134489,20.75478310153864,340.691,4123,0.6390873380209621,0.044428079678116406
76055.54490154961,60510.545901549616,-54207.77758331339,20.75480583114494,340.718,4124,0.6392823786082037,0.04474682463498392
76056.21900465,60511.22000465001,-54207.59714040001,20.75482538013485,340.9,4125,0.6394756974642665,0.04506275585375669
76124.69291760001,60579.693917600016,-54190.735992,20.7568111236104,341.678,4126,0.639666074801043,0.0453738798964884
76154.12846554522,60609.12946554522,-54174.94937556164,20.757664754500812,341.687,4127,0.6398523859665313,0.04567835880135311
76154.12846554522,60609.12946554522,-54174.94937556164,20.757664754500812,341.695,4128,0.6400334384450908,0.04597424370041622
76161.94562030271,60616.94662030271,-54168.22918118919,20.75789145198878,341.703,4129,0.6402081409333958,0.04625975113190517
76161.94562030271,60616.94662030271,-54168.22918118919,20.75789145198878,341.709,4130,0.6403754585554847,0.046533189850431096
76161.94562030271,60616.94662030271,-54168.22918118919,20.75789145198878,341.716,4131,0.6405344909340455,0.046793088414939024
76161.94562030271,60616.94662030271,-54168.22918118919,20.75789145198878,341.722,4132,0.6406840655193359,0.04703753058675121
76169.09397393804,60624.094973938045,-54160.598794816906,20.7580987542442,341.727,4133,0.6408233475755131,0.047265152199342124
76174.86157957184,60629.86257957184,-54154.86668214085,20.75826601480758,341.75,4134,0.6409515582356735,0.047474680389965176
76177.45508177912,60632.45608177912,-54149.0454397612,20.758341226371595,341.773,4135,0.6410679308137319,0.04766486220236834
76177.86259501937,60632.86359501937,-54144.12934683871,20.75835304425556,341.816,4136,0.641171764543643,0.04783455241008339
76177.18487760001,60632.185877600015,-54139.918752000005,20.7583333904504,341.843,4137,0.6412624029785946,0.04798267821532103
76176.8320776,60631.83307760001,-54136.189152,20.758323159250402,341.87,4138,0.6413393203199479,0.04810838033198686
76174.52909407059,60629.53009407059,-54134.10852141176,20.75825637272805,341.914,4139,0.6414021395892394,0.04821104268326439
76174.2252729719,60629.22627297191,-54133.28036390083,20.758247561916185,342.053,4140,0.6414504864892965,0.04829005357423487
76169.79624189474,60624.79724189475,-54142.41575709474,20.758119120014946,342.813,4141,0.6414841996070006,0.04834514921561115
76173.01654856693,60628.01754856693,-54152.56393778269,20.758212508908443,342.822,4142,0.6415029492276481,0.04837579077134609
76173.01654856693,60628.01754856693,-54152.56393778269,20.758212508908443,342.831,4143,0.6415067981076845,0.048382080801121746
76173.01654856693,60628.01754856693,-54152.56393778269,20.758212508908443,342.838,4144,0.6414956328114704,0.04836383392281543
76172.64308400001,60627.644084000014,-54155.80159920001,20.758201678436002,342.845,4145,0.6414695873564102,0.048321269154286244
76172.65215376744,60627.653153767445,-54158.71027361861,20.758201941459255,342.851,4146,0.641428969763036,0.0482548898778944
76172.96089650001,60627.96189650001,-54161.39509920001,20.7582108949985,342.874,4147,0.641373881148287,0.04816486134393438
76172.44126581818,60627.44226581819,-54162.55487192728,20.75819582570873,342.915,4148,0.6413047691515026,0.04805191510671465
76172.63454385402,60627.63554385402,-54164.14617584235,20.758201430771766,342.959,4149,0.641222169712789,0.04791692702601623
76172.0888734737,60627.0898734737,-54164.89680972633,20.758185606330738,342.986,4150,0.6411266044920396,0.04776074962419134
76171.769724,60626.770724,-54164.28427920001,20.758176350996,343.013,4151,0.6410186582246319,0.04758433850466236
76171.543084,60626.54408400001,-54164.42259920001,20.758169778436,343.04,4152,0.6408988272916333,0.04738850487787617
76171.21633981395,60626.21733981396,-54165.33259920001,20.758160302854606,343.084,4153,0.6407680611381528,0.04717480037390419
76170.67338934352,60625.67438934352,-54167.00618698627,20.75814455729096,343.111,4154,0.6406270518750161,0.04694435607442754
76167.19041733333,60622.191417333335,-54168.272599200005,20.758043551102666,343.289,4155,0.6404768395248135,0.04669887163570921
76024.23799874453,60479.238998744535,-54152.02439936935,20.753897930963593,344.024,4156,0.640318297320644,0.046439774138391565
75987.15265711477,60442.15365711477,-54173.811076406564,20.75282245605633,344.033,4157,0.6401521015198308,0.04616816875557887
75987.15265711477,60442.15365711477,-54173.811076406564,20.75282245605633,344.042,4158,0.6399793160388864,0.04588579419216175
75980.89544400001,60435.89644400001,-54178.89009280001,20.752640996876,344.049,4159,0.6398011289943841,0.04559459212690212
75980.89544400001,60435.89644400001,-54178.89009280001,20.752640996876,344.055,4160,0.6396182234307822,0.04529567882477547
75980.89544400001,60435.89644400001,-54178.89009280001,20.752640996876,344.061,4161,0.6394315782124318,0.04499065399423118
75975.11036203279,60430.111362032796,-54184.29386329181,20.75247322949895,344.066,4162,0.639242151475969,0.044681083469463444
75970.13232924591,60425.13332924592,-54190.872715750826,20.752328866548133,344.089,4163,0.6390508331133915,0.04436842155590917
75966.69912821054,60421.70012821055,-54197.189566484216,20.752229303718106,344.131,4164,0.6388585626333696,0.04405420364502094
75964.24544400001,60419.24644400002,-54202.64891632942,20.752158146876,344.157,4165,0.6386661995827162,0.043739834450636485
75960.74996012905,60415.75096012905,-54209.08041538065,20.75205677784374,344.201,4166,0.6384744318794734,0.04342643820238286
75959.3078830244,60414.30888302441,-54215.66228792196,20.752014957607706,344.228,4167,0.6382841459649685,0.043115463566441
75957.04990680993,60412.050906809935,-54222.11306800662,20.751949476297487,344.255,4168,0.6380959328315992,0.04280787637176446
75955.5708286154,60410.5718286154,-54227.698400492314,20.751906583029847,344.282,4169,0.6379104952198504,0.0425048250715485
75955.44439136844,60410.44539136844,-54233.74377701053,20.751902916349685,344.43,4170,0.637728286828648,0.04220705112297664
75952.51466200376,60407.51566200376,-54396.3628782729,20.75181795419811,345.203,4171,0.6375497403062947,0.04191526158126533
75952.3615778916,60407.3625778916,-54402.49801845982,20.751813514758858,345.211,4172,0.637375319922879,0.04163021517951412
75952.3615778916,60407.3625778916,-54402.49801845982,20.751813514758858,345.218,4173,0.637205335009523,0.04135241744191477
75952.9385872374,60407.9395872374,-54406.11315864673,20.751830248029883,345.225,4174,0.6370399815846517,0.0410821887114546
75952.9385872374,60407.9395872374,-54406.11315864673,20.751830248029883,345.23,4175,0.6368793660592754,0.04081970289026042
75951.90524515042,60406.90624515043,-54411.813960376865,20.75180028110936,345.236,4176,0.6367233716719026,0.040564769160938145
75948.89552036507,60403.89652036507,-54418.197771658255,20.751712999090586,345.277,4177,0.636572114196874,0.040317576727631095
75946.16755920001,60401.168559200014,-54423.25685066422,20.7516338882168,345.3,4178,0.6364253498379081,0.04007772716641996
75942.26640535386,60397.267405353865,-54428.458796676925,20.751520754755262,345.343,4179,0.6362827959963143,0.03984475864057248
75940.96697096471,60395.96797096472,-54433.92378536471,20.751483071157978,345.369,4180,0.6361440392697277,0.039617995547534174
75939.2254438154,60394.22644381541,-54436.878988984616,20.751432566870648,345.413,4181,0.6360087468230693,0.039396893951786714
75937.24446829093,60392.24546829093,-54440.39200996364,20.751375118580437,345.439,4182,0.6358762732399773,0.03918039908204748
75936.15119556365,60391.152195563656,-54442.33164632728,20.751343413671346,345.466,4183,0.6357461529578081,0.03896775009285927
75934.64226508237,60389.64326508237,-54443.57143242353,20.75129965468739,345.492,4184,0.6356177514576137,0.03875791002203084
75934.6562970641,60389.6572970641,-54445.08592699806,20.75130006161486,345.76,4185,0.6354903829570479,0.03854975813019492
75891.6644016,60346.66540160001,-54397.63117440001,20.7500532966464,346.587,4186,0.6353632076447375,0.03834192195614389
75876.8056919226,60331.8066919226,-54390.8543195613,20.749622394065756,346.596,4187,0.6352353812322656,0.03813302172206387
75876.8056919226,60331.8066919226,-54390.8543195613,20.749622394065756,346.605,4188,0.6351062288221699,0.03792195447720221
75876.8056919226,60331.8066919226,-54390.8543195613,20.749622394065756,346.613,4189,0.6349747199692147,0.03770703621708144
75875.537294162,60330.538294162005,-54388.481112416535,20.749585610530698,346.619,4190,0.6348398421383469,0.037486612206928636
75875.537294162,60330.538294162005,-54388.481112416535,20.749585610530698,346.625,4191,0.6347001294971305,0.03725828691100862
75875.537294162,60330.538294162005,-54388.481112416535,20.749585610530698,346.63,4192,0.634555223422408,0.03702147424965191
75873.01224775385,60328.01324775386,-54386.6750590154,20.74951238418486,346.635,4193,0.6344041980345572,0.03677466110466903
75871.4462913638,60326.4472913638,-54384.811312195285,20.74946697144955,346.664,4194,0.6342462484720054,0.03651653213154183
75871.6654542316,60326.6664542316,-54383.40525334738,20.749473327172716,346.687,4195,0.6340803103515797,0.036245347862740265
75869.5844016,60324.58540160001,-54382.07003803637,20.7494129766464,346.729,4196,0.6339055950029783,0.03595981941432005
75869.14573493335,60324.146734933354,-54380.96700773334,20.749400255313066,346.756,4197,0.6337213807665034,0.035658767414374945
75868.41740160002,60323.41840160002,-54379.22167440001,20.7493791336464,346.787,4198,0.6335269187435538,0.03534096797583732
75867.5000732418,60322.5010732418,-54378.900092310454,20.74935253112401,346.814,4199,0.6333214745730884,0.03500522096963827
75868.20306826668,60323.204068266685,-54379.22167440001,20.749372917979734,346.958,4200,0.6331043973588437,0.03465046266896917
75863.9433026182,60318.9443026182,-54369.79484814546,20.74924938477593,347.751,4201,0.6328749595432642,0.03427550406335309
75865.05057534546,60320.05157534547,-54371.76121178182,20.74928149568502,347.76,4202,0.6326328666414813,0.033879863891078985
75865.51540080001,60320.516400800014,-54372.2462736,20.7492949756232,347.769,4203,0.6323777586183956,0.03346295376501239
75865.51540080001,60320.516400800014,-54372.2462736,20.7492949756232,347.776,4204,0.6321092775033136,0.033024188671772856
75865.51540080001,60320.516400800014,-54372.2462736,20.7492949756232,347.783,4205,0.6318272679788084,0.03256331478395342
75865.51540080001,60320.516400800014,-54372.2462736,20.7492949756232,347.788,4206,0.6315311786440988,0.032079430975174586
75865.51540080001,60320.516400800014,-54372.2462736,20.7492949756232,347.794,4207,0.6312214267016486,0.03157321905830006
75864.71337661397,60319.71437661398,-54372.45381220466,20.749271716921804,347.799,4208,0.6308981569375554,0.0310449156499186
75864.87791491766,60319.87891491766,-54372.370717129415,20.74927648853261,347.805,4209,0.6305615555906077,0.030494825110653205
75865.0757924418,60320.0767924418,-54372.7898413612,20.749282226980814,347.849,4210,0.6302120300483751,0.029923613213382876
75864.8005145008,60319.80151450081,-54373.08585029292,20.749274243920524,347.892,4211,0.6298498810064647,0.02933177136971393
75865.43090205001,60320.43190205001,-54372.344081100004,20.74929252515945,347.919,4212,0.6294755663252528,0.028720047837678318
75864.80947563873,60319.81047563873,-54371.9179419871,20.749274503793522,347.946,4213,0.6290900369001271,0.028089996617464273
75864.77545413334,60319.776454133345,-54371.407393600006,20.74927351716987,347.991,4214,0.6286941057692155,0.027442946416120346
75864.71945413334,60319.72045413335,-54370.007393600004,20.74927189316987,348.123,4215,0.6282886908282838,0.02678039730422378
75872.91890263784,60327.91990263785,-54450.882023870276,20.749509677176498,350.095,4216,0.6278747253474883,0.02610387447793989
75878.4863148,60333.487314800004,-54416.809878600005,20.7496711321292,350.105,4217,0.6274533446862555,0.025415233397696007
75878.4863148,60333.487314800004,-54416.809878600005,20.7496711321292,350.115,4218,0.6270256414196431,0.024716259603592552
75878.94606480001,60333.94706480001,-54408.53925360001,20.749684464879202,350.122,4219,0.6265930661703206,0.024009323774813292
75878.94606480001,60333.94706480001,-54408.53925360001,20.749684464879202,350.135,4220,0.626156923990237,0.023296558691684097
75878.94606480001,60333.94706480001,-54408.53925360001,20.749684464879202,350.141,4221,0.6257185421320007,0.022580133415944323
75878.94606480001,60333.94706480001,-54408.53925360001,20.749684464879202,350.146,4222,0.6252792845630544,0.021862277010528137
75878.00123239777,60333.002232397776,-54400.5440441028,20.749657064739537,350.152,4223,0.6248408715982351,0.021145800898874724
75877.37793226988,60332.37893226989,-54391.13500661205,20.749638989035827,350.175,4224,0.6244048800421295,0.020433281972886644
75875.65140378305,60330.65240378305,-54383.40497393899,20.74958891970971,350.198,4225,0.6239729660008222,0.019727426722889862
75872.79197389091,60327.792973890915,-54375.59141269091,20.749505996242835,350.24,4226,0.6235467629130688,0.019030904595141812
75868.82450742295,60323.82550742295,-54367.22126179672,20.749390939715266,350.267,4227,0.6231282366084986,0.01834692824547633
75862.8500648,60317.85106480001,-54361.13975360001,20.7492176808792,350.294,4228,0.6227188995423021,0.01767796940283585
75859.0910648,60314.0920648,-54356.38859570527,20.7491086698792,350.339,4229,0.622320425777476,0.01702676390361858
75854.38002185522,60309.381021855224,-54351.03261249571,20.748972049633803,350.465,4230,0.6219345337287254,0.016396120065973907
75812.13382825947,60267.13482825947,-54297.26271470271,20.747746910019526,351.179,4231,0.6215629886644058,0.01578892277860025
75825.80864466207,60280.80964466208,-54305.62263268966,20.7481434796952,351.188,4232,0.6212076155649876,0.015208154514681865
75825.80864466207,60280.80964466208,-54305.62263268966,20.7481434796952,351.197,4233,0.6208701189787335,0.01465660093114368
75825.1499688,60280.15096880001,-54306.051612,20.7481243780952,351.204,4234,0.6205522358819336,0.014137100680394123
75825.1499688,60280.15096880001,-54306.051612,20.7481243780952,351.211,4235,0.6202553870951706,0.013651975737575192
75825.1499688,60280.15096880001,-54306.051612,20.7481243780952,351.217,4236,0.6199813957176945,0.013204205501488434
75825.1499688,60280.15096880001,-54306.051612,20.7481243780952,351.222,4237,0.6197315655115664,0.012795920644460923
75825.80129187692,60280.80229187693,-54306.84714486713,20.74814326646443,351.228,4238,0.6195073912089865,0.012429563931649545
75825.5643688,60280.5653688,-54305.998762,20.7481363956952,351.251,4239,0.6193101530513808,0.012107227596798624
75827.14554527058,60282.14654527059,-54306.22471788235,20.748182249812846,351.292,4240,0.6191412164594522,0.011831143077831684
75830.17659102223,60285.177591022235,-54306.620012,20.748270150139646,351.336,4241,0.6190017754416847,0.011603261682361877
75834.50132001951,60289.502320019514,-54309.642816878055,20.748395567280568,351.345,4242,0.6188923519497666,0.01142443640960712
75841.67650752833,60296.67750752834,-54314.183248994224,20.748603647718323,351.389,4243,0.6188145728678703,0.011297325994001729
75846.70930997648,60301.71030997648,-54320.233776705885,20.748749598989317,351.416,4244,0.6187692492243714,0.011223255858157347
75851.81395459882,60306.81495459883,-54326.04604750296,20.748897633683367,351.561,4245,0.618757150344463,0.011203483271286669
75780.68697622446,60235.687976224464,-54305.232586946775,20.74683495131051,352.317,4246,0.6187789077992851,0.011239040378127394
75748.9052568,60203.90625680001,-54321.047270400006,20.7459132814472,352.326,4247,0.6188350607912124,0.0113308083698207
75748.9052568,60203.90625680001,-54321.047270400006,20.7459132814472,352.335,4248,0.6189262181009892,0.011479782145914679
75748.9052568,60203.90625680001,-54321.047270400006,20.7459132814472,352.342,4249,0.6190525119369155,0.011686177767740119
75748.9052568,60203.90625680001,-54321.047270400006,20.7459132814472,352.349,4250,0.6192141201849073,0.011950285945243574
75742.67604403404,60197.67704403405,-54323.26018529363,20.745732634276987,352.354,4251,0.6194108360357145,0.012271768700538017
75742.67604403404,60197.67704403405,-54323.26018529363,20.745732634276987,352.36,4252,0.6196427790464187,0.01265082141970907
75736.63271833846,60191.63371833846,-54324.87227040001,20.745557377831815,352.365,4253,0.6199096328788131,0.013086927127241042
75731.8277568,60186.82875680001,-54326.64677040001,20.7454180339472,352.388,4254,0.6202110877538116,0.013579579566858017
75726.92987884725,60181.930878847255,-54328.41614441576,20.74527599548657,352.431,4255,0.6205466611598085,0.014127990194271935
75721.9537977836,60176.954797783605,-54330.36876220329,20.745131689135725,352.458,4256,0.620915665411718,0.014731035160564657
75717.1752168,60172.1762168,-54333.16811040001,20.7449931102872,352.485,4257,0.6213174611433832,0.015387669581996551
75712.70451766957,60167.70551766957,-54334.68931387827,20.744863460012418,352.512,4258,0.6217511735754276,0.01609646385092305
75707.70526506446,60162.706265064466,-54336.26017122645,20.74471848168687,352.539,4259,0.622215632761867,0.016855505983855722
75702.1468818,60157.1478818,-54338.96655165001,20.7445572885722,352.688,4260,0.6227096722201073,0.0176628896573502
75664.18975934372,60119.19075934372,-54301.87012314252,20.743456532020968,353.488,4261,0.6232321858067056,0.018516807157181278
75710.39099249033,60165.39199249033,-54300.333784722585,20.744796367782218,353.498,4262,0.6237817421281279,0.0194149192293676
75710.39099249033,60165.39199249033,-54300.333784722585,20.744796367782218,353.507,4263,0.6243568946575339,0.02035486188833138
75719.46605342223,60174.46705342224,-54300.10004995557,20.745059544549246,353.514,4264,0.624956182472176,0.02133424762199248
75719.46605342223,60174.46705342224,-54300.10004995557,20.745059544549246,353.521,4265,0.6255779165185282,0.022350316095689694
75719.46605342223,60174.46705342224,-54300.10004995557,20.745059544549246,353.526,4266,0.6262204940480737,0.023400448018668647
75719.46605342223,60174.46705342224,-54300.10004995557,20.745059544549246,353.532,4267,0.626882207897124,0.02448185345974686
75729.04049786668,60184.04149786668,-54300.84671662223,20.745337203438133,353.536,4268,0.6275612036371749,0.025591501820309042
75740.6486138087,60195.64961380871,-54299.78449440001,20.745673838800453,353.542,4269,0.6282555883014744,0.026726299520632858
75753.54370620001,60208.54470620002,-54299.39411940001,20.7460477964798,353.584,4270,0.6289633725262832,0.027882995444280217
75765.7184562,60220.71945620001,-54301.15024440001,20.746400864229802,353.629,4271,0.6296826676643759,0.029058503070712456
75778.34255847274,60233.34355847274,-54303.85685803637,20.74676696319571,353.638,4272,0.6304114064329153,0.03024944394425491
75790.77076371535,60245.771763715355,-54306.86633489081,20.747127381147745,353.683,4273,0.6311477730915324,0.03145285069235296
75802.84990056416,60257.85090056417,-54312.03385856186,20.74747767611636,353.71,4274,0.6318898040016735,0.03266551423993695
75814.18990056418,60269.19090056418,-54317.569118677464,20.74780653611636,353.859,4275,0.6326352883819694,0.0338838216189464
75838.56219687274,60293.56319687274,-54465.70337904794,20.748513332709308,354.595,4276,0.6333825198596063,0.03510498419068513
75841.47870036925,60296.47970036925,-54472.55180880001,20.748597911310707,354.604,4277,0.6341295625498349,0.0363258382367208
75841.47870036925,60296.47970036925,-54472.55180880001,20.748597911310707,354.613,4278,0.6348744981910933,0.03754324883930391
75843.94188339311,60298.942883393116,-54474.3295674207,20.7486693436184,354.62,4279,0.6356156478963261,0.03875447227832136
75843.94188339311,60298.942883393116,-54474.3295674207,20.7486693436184,354.627,4280,0.6363512636993801,0.039956651941188345
75848.43946960001,60303.44046960001,-54477.11180880001,20.7487997736184,354.632,4281,0.6370792810587133,0.04114641385218979
75854.13613626668,60309.13713626668,-54480.41047546668,20.748964976951733,354.656,4282,0.6377983429158663,0.04232154023939346
75860.5652590737,60315.566259073705,-54482.46444037896,20.749151421513137,354.701,4283,0.6385070364851807,0.043479722258726386
75869.45185765972,60324.45285765972,-54487.30195805374,20.74940913287213,354.727,4284,0.6392038507448937,0.04461849052382465
75878.41446960001,60333.41546960002,-54492.06430880001,20.7496690486184,354.771,4285,0.6398874047479923,0.045735588222901816
75887.99280293335,60342.99380293336,-54499.159586577785,20.749946820285068,354.798,4286,0.6405564655964617,0.046829000493153666
75896.59562344616,60351.59662344617,-54507.137193415394,20.75019630207994,354.824,4287,0.6412098647361211,0.04789681762564605
75905.91293780811,60360.913937808116,-54516.68579723931,20.750466504196435,354.869,4288,0.6418464886665062,0.04893721988294667
75914.25884460002,60369.25984460002,-54526.891933800005,20.750708535493402,354.895,4289,0.64246562654675,0.04994904557381619
75919.7925465231,60374.7935465231,-54537.64373187693,20.75086901284917,355.071,4290,0.6430665622014908,0.05093112428912083
75938.65627200001,60393.65727200001,-54693.36174960001,20.751416060888,355.925,4291,0.6436484283927785,0.05188203874578659
75944.79162306384,60399.79262306384,-54721.32704747235,20.75159398606885,355.934,4292,0.6442107434330218,0.052801001746170986
75944.79162306384,60399.79262306384,-54721.32704747235,20.75159398606885,355.943,4293,0.6447530679694724,0.05368729527832182
75947.97658281082,60402.977582810825,-54730.25591176217,20.751686349901515,355.95,4294,0.645275094469054,0.05454041675650258
75947.97658281082,60402.977582810825,-54730.25591176217,20.751686349901515,355.957,4295,0.6457766864691533,0.05536014316677375
75947.97658281082,60402.977582810825,-54730.25591176217,20.751686349901515,355.962,4296,0.6462577691028198,0.056146352157868396
75947.97658281082,60402.977582810825,-54730.25591176217,20.751686349901515,355.968,4297,0.6467182605870241,0.056898910075922134
75951.6351198261,60406.6361198261,-54741.91048873044,20.75179244747496,355.973,4298,0.6471583126233499,0.05761806483915283
75956.52994359765,60411.53094359765,-54755.37798036924,20.75193439736433,355.996,4299,0.6475780714466228,0.05830405543173209
75964.81410533335,60419.81510533336,-54767.304305155565,20.75217463805467,356.019,4300,0.6479778486214981,0.058957391028001446
75972.01272321952,60427.01372321953,-54778.27192033171,20.752383397973368,356.061,4301,0.6483580358622302,0.05957871178673459
75980.01515069824,60435.01615069824,-54788.726974452075,20.752615468370248,356.087,4302,0.6487191224281228,0.06016881727964051
75989.20693479071,60444.20793479071,-54797.930028669776,20.752882030108932,356.114,4303,0.6490615567306772,0.060728440322932765
75998.47961815385,60453.48061815386,-54804.30798036924,20.753150937926463,356.154,4304,0.649385868039217,0.06125844587467011
76008.75247931709,60463.75347931709,-54811.515944721956,20.753448850900195,356.296,4305,0.6496927503889465,0.0617599681614479
76109.13393079025,60564.13493079026,-54812.38562569757,20.756359912992917,357.093,4306,0.6499828917734759,0.062234131536390694
76120.21783322928,60575.218833229286,-54806.270015941474,20.75668134616365,357.102,4307,0.650256946494883,0.06268200529225677
76120.21783322928,60575.218833229286,-54806.270015941474,20.75668134616365,357.111,4308,0.6505156278081371,0.06310475506553073
76123.11427647875,60578.115276478755,-54803.15586960001,20.756765343017882,357.119,4309,0.6507596441444619,0.06350353860949355
76123.11427647875,60578.115276478755,-54803.15586960001,20.756765343017882,357.125,4310,0.6509897429034118,0.06387957736139659
76125.7504236414,60580.7514236414,-54800.97259373794,20.756841791285602,357.131,4311,0.6512070804124916,0.06423476104873607
76127.3425987077,60582.34359870771,-54799.23586960001,20.756887964362523,357.174,4312,0.6514122973824805,0.06457013675269942
76128.26797091615,60583.26897091615,-54797.506192180655,20.75691480015657,357.199,4313,0.6516060938549162,0.0648868485157288
76129.1502512276,60584.15125122761,-54796.35621442759,20.7569403862856,357.224,4314,0.6517892462267751,0.0651861651640941
76129.00940640001,60584.01040640002,-54794.199369600006,20.7569363017856,357.269,4315,0.6519624690331594,0.06546925442633572
76129.32404433105,60584.32504433105,-54792.750007531045,20.7569454262856,357.296,4316,0.6521264510281539,0.06573724189838348
76128.8888887009,60583.8898887009,-54791.224896148684,20.756932806772326,357.323,4317,0.6522820227147653,0.06599148482925266
76126.50873817572,60581.50973817572,-54790.27325277758,20.756863782407095,357.35,4318,0.652429584353145,0.06623263734384371
76123.81381549092,60578.81481549093,-54790.71623323637,20.756785629649237,357.394,4319,0.6525698358147172,0.06646184320659083
76119.83382531893,60574.83482531893,-54789.71586960001,20.75667020993425,357.536,4320,0.6527031856977497,0.06667977016895596
76040.8280708,60495.8290708,-54786.76162800001,20.7543790430532,358.316,4321,0.6528303041777809,0.06688751346489065
76029.7943208,60484.79532080001,-54779.56037800001,20.7540590643032,358.324,4322,0.6529516408170738,0.06708580779124006
76029.7943208,60484.79532080001,-54779.56037800001,20.7540590643032,358.333,4323,0.6530677013099171,0.06727547957857696
76029.7943208,60484.79532080001,-54779.56037800001,20.7540590643032,358.341,4324,0.6531788300708542,0.06745709168615208
76026.64878888511,60481.649788885115,-54776.30072374469,20.753967843877668,358.347,4325,0.6532855486914619,0.0676314965246713
76026.64878888511,60481.649788885115,-54776.30072374469,20.753967843877668,358.353,4326,0.6533882697764583,0.06779936839313513
76026.64878888511,60481.649788885115,-54776.30072374469,20.753967843877668,358.359,4327,0.6534871294078616,0.06796092968349648
76020.1841958,60475.185195800004,-54773.37412800001,20.7537803706782,358.364,4328,0.6535823179255101,0.06811649145851607
76012.3475208,60467.348520800006,-54769.384128000005,20.7535531071032,358.387,4329,0.653673987970876,0.06826630317242345
76006.59418834967,60461.595188349675,-54765.534591576165,20.75338626046214,358.429,4330,0.6537623118634067,0.0684106464381675
76001.17966326575,60456.18066326575,-54760.42892252056,20.753229239234706,358.455,4331,0.6538474323752398,0.06854975458102373
75996.27474633191,60451.275746331914,-54756.194340765964,20.753086996643624,358.482,4332,0.6539293439219955,0.06868361847472328
75992.3154972706,60447.3164972706,-54751.60206917648,20.752972178420848,358.526,4333,0.6540083590571808,0.06881274890963786
75987.63198951166,60442.632989511665,-54744.96228750921,20.752836356695838,358.552,4334,0.6540841788518431,0.06893665736131517
75982.16470541539,60437.16570541539,-54736.914897230774,20.752677805457047,358.696,4335,0.6541569430325807,0.06905557217786028
75893.56944050861,60348.570440508614,-54580.98562970067,20.75010854277475,359.416,4336,0.6542264789916495,0.06916921127517645
75865.60576558612,60320.606765586126,-54557.9815497711,20.749297596202,359.425,4337,0.6542928484004077,0.0692776754396415
75865.60576558612,60320.606765586126,-54557.9815497711,20.749297596202,359.433,4338,0.6543559353731482,0.06938077528511191
75856.06947506087,60311.07047506087,-54553.42536480001,20.749021043776764,359.44,4339,0.6544156889478423,0.06947842752692435
75856.06947506087,60311.07047506087,-54553.42536480001,20.749021043776764,359.446,4340,0.6544719630673277,0.06957039347125318
75846.29397226013,60301.29497226013,-54548.813831057676,20.748737554195543,359.452,4341,0.6545247206679318,0.06965661254681486
75837.02523730633,60292.02623730633,-54545.95194707849,20.748468760881885,359.477,4342,0.654573665070899,0.06973659990653995
75827.73618547925,60282.73718547926,-54544.19781763019,20.7481993783789,359.522,4343,0.6546188024949594,0.06981036571338418
75817.44885394286,60272.44985394286,-54543.18250765715,20.747901045764344,359.549,4344,0.6546598409559726,0.06987743279244996
75809.95234162759,60264.953341627595,-54543.593640662075,20.747683646907202,359.594,4345,0.6546967473418664,0.06993774703035413
75803.64711568112,60258.64811568112,-54544.721168995806,20.747500795354753,359.621,4346,0.654729375464114,0.06999106951858879
75798.68782886108,60253.68882886108,-54546.51528846413,20.747356976036972,359.648,4347,0.6547575473584275,0.07003710941912858
75795.2459968,60250.24699680001,-54547.6053648,20.7472571629072,359.692,4348,0.6547811141762261,0.07007562347627407
75791.71849680001,60246.71949680001,-54548.5203648,20.7471548654072,359.719,4349,0.6547998038054248,0.07010616699102175
75790.24203128276,60245.243031282764,-54549.87191652414,20.7471120479072,359.859,4350,0.6548134821083061,0.07012852074889131
75769.31119380619,60224.312193806196,-54573.85379611547,20.74650505362038,360.626,4351,0.6548219765281522,0.07014240274917516
75772.12397124707,60227.124971247074,-54573.51721030589,20.746586624166167,360.635,4352,0.6548251633216688,0.07014761076447275
75772.12397124707,60227.124971247074,-54573.51721030589,20.746586624166167,360.643,4353,0.6548228027183144,0.07014375294992738
75772.0577781283,60227.05877812831,-54573.93884182642,20.74658470456572,360.651,4354,0.6548149576578317,0.0701309321647742
75772.24880096843,60227.249800968435,-54573.864392968426,20.746590244228084,360.657,4355,0.6548013166998642,0.07010863943780654
75771.31485360001,60226.31585360001,-54573.46992835863,20.746563159754402,360.699,4356,0.6547814270417981,0.07007613477663807
75771.25612478645,60226.257124786454,-54574.348835430515,20.746561456618807,360.743,4357,0.6547552084167317,0.07003328700513528
75770.62406412633,60225.62506412633,-54574.75965612632,20.746543126859663,360.77,4358,0.6547226521439008,0.06998008193676451
75770.37542882125,60225.376428821255,-54574.953321706205,20.746535916435818,360.796,4359,0.6546835675059991,0.06991620789188828
75770.2209445091,60225.2219445091,-54575.68144560001,20.746531436390764,360.84,4360,0.6546376497288652,0.06984116679352513
75770.06241360001,60225.063413600015,-54575.33368560001,20.7465268389944,360.867,4361,0.6545848740656015,0.0697549181990734
75770.86310941396,60225.86410941396,-54573.807073506985,20.746550059173003,360.894,4362,0.6545250799337416,0.0696571996767384
75769.53860360001,60224.53960360002,-54573.11419560001,20.746511648504402,360.921,4363,0.6544582410046423,0.06954796819895148
75766.97718693333,60221.97818693334,-54574.20211226668,20.746437367421066,360.966,4364,0.6543841233786344,0.06942684151532558
75764.48662283078,60219.487622830784,-54574.12098406155,20.746365141062093,361.106,4365,0.6543026048132353,0.0692936198511607
75791.8571161101,60246.8581161101,-54484.36124921836,20.74715888536719,361.78,4366,0.6542137271121348,0.06914837152411027
75813.04420383471,60268.045203834714,-54472.47565364629,20.747773310911207,361.788,4367,0.6541173226616267,0.06899082261158078
75813.04420383471,60268.045203834714,-54472.47565364629,20.747773310911207,361.795,4368,0.6540134039241652,0.06882099348032995
75821.44579711475,60276.44679711475,-54471.391056708206,20.748016957116327,361.801,4369,0.6539019877046468,0.06863891159374944
75821.44579711475,60276.44679711475,-54471.391056708206,20.748016957116327,361.807,4370,0.6537828986787286,0.06844429042814222
75828.358584,60283.359584000005,-54470.11482720001,20.748217427936,361.812,4371,0.653656199460951,0.0682372323112814
75835.13718865116,60290.138188651166,-54469.055757432565,20.748414007470885,361.853,4372,0.6535221868828296,0.06801822233988455
75842.07540218181,60297.07640218182,-54469.648463563644,20.74861521566327,361.897,4373,0.6533807824994095,0.06778713231533345
75848.62110368504,60303.62210368505,-54471.1452209008,20.748805041006868,361.924,4374,0.6532321077608432,0.06754416071746347
75855.00290054677,60310.00390054677,-54471.66619410648,20.748990113115855,361.951,4375,0.6530764011792197,0.06728969733450581
75860.306584,60315.30758400001,-54473.434827200006,20.749143919936,361.995,4376,0.6529138143836256,0.06702398996619958
75866.25257001398,60321.253570013985,-54476.66657545176,20.749316353530407,362.004,4377,0.6527446090929846,0.06674746632653114
75871.222584,60326.22358400001,-54477.10782720001,20.749460483936,362.049,4378,0.652568859591429,0.06646024781429688
75876.25725066666,60331.258250666666,-54479.96816053334,20.749606489269333,362.076,4379,0.6523871069921389,0.06616321874337068
75881.81475421277,60336.815754212774,-54484.39355060426,20.74976765687217,362.257,4380,0.6521996537680705,0.0658568734299908
76060.57639556131,60515.57739556131,-54508.60164015484,20.754951744471278,363.058,4381,0.6520068539341055,0.06554179042275439
76102.5572387721,60557.55823877211,-54477.1313835907,20.756169188924392,363.067,4382,0.6518090090893914,0.06521846260987858
76109.94575040002,60564.94675040002,-54467.454220800006,20.7563834557616,363.076,4383,0.6516066882337942,0.06488781987903586
76109.94575040002,60564.94675040002,-54467.454220800006,20.7563834557616,363.083,4384,0.6514005007952243,0.06455085818740511
76109.94575040002,60564.94675040002,-54467.454220800006,20.7563834557616,363.089,4385,0.6511907773700625,0.06420811781191349
76109.94575040002,60564.94675040002,-54467.454220800006,20.7563834557616,363.094,4386,0.650978205762447,0.06386072279604069
76109.94575040002,60564.94675040002,-54467.454220800006,20.7563834557616,363.1,4387,0.650763259232476,0.06350944656480399
76116.73669157649,60571.73769157649,-54455.060220800005,20.756580393055717,363.105,4388,0.6505465890602414,0.06315535347228356
76120.9828808348,60575.9838808348,-54442.23804688696,20.756703532544208,363.128,4389,0.6503287888821188,0.06279941366835216
76122.39540507627,60577.39640507627,-54428.8620913036,20.756744495747213,363.152,4390,0.6501105517348997,0.06244275974795025
76123.50667347694,60578.50767347694,-54416.58068233846,20.75677672253083,363.195,4391,0.6498925023316706,0.06208641264804562
76124.59853300871,60579.59953300872,-54407.843699060875,20.75680838645725,363.222,4392,0.6496757605659814,0.06173220255396707
76124.86742012478,60579.86842012478,-54401.957835478905,20.75681618418362,363.249,4393,0.6494602346433905,0.061379979450706224
76126.59261996523,60581.593619965235,-54396.16404688696,20.75686621497899,363.294,4394,0.6492466240912794,0.0610308865404457
76127.82208373335,60582.823083733354,-54391.83855413334,20.75690186942827,363.462,4395,0.6490354955608332,0.06068584987252786
76121.13887813334,60576.13987813334,-54352.07276933334,20.756708056465868,364.302,4396,0.6488277226485472,0.06034629712147508
76124.80554480001,60579.80654480001,-54370.27068600001,20.7568143897992,364.311,4397,0.6486238663347984,0.06001314506911524
76124.80554480001,60579.80654480001,-54370.27068600001,20.7568143897992,364.319,4398,0.6484244480502829,0.05968724586323483
76126.01236298183,60581.01336298183,-54377.43079963637,20.756849387526472,364.327,4399,0.6482298601415064,0.05936924069586392
76126.01236298183,60581.01336298183,-54377.43079963637,20.756849387526472,364.333,4400,0.648040677679302,0.0590600693761491
76126.01236298183,60581.01336298183,-54377.43079963637,20.756849387526472,364.339,4401,0.6478576518661343,0.05876095955624536
76126.01236298183,60581.01336298183,-54377.43079963637,20.756849387526472,364.344,4402,0.6476809284997431,0.05847214950601691
76126.42387813334,60581.424878133344,-54383.584436000005,20.756861321465866,364.35,4403,0.647510929718108,0.05819432910419103
76126.70387813334,60581.70487813334,-54389.03276933334,20.756869441465867,364.375,4404,0.6473479988029845,0.05792805935876074
76123.6985448,60578.69954480001,-54393.59316327274,20.7567822867992,364.402,4405,0.6471925833260971,0.057674071713534523
76121.74838263784,60576.74938263785,-54399.09227383784,20.7567257320965,364.428,4406,0.6470448160229322,0.05743258309139776
76121.22416548966,60576.22516548967,-54405.16857393104,20.7567105297992,364.455,4407,0.6469052783040283,0.057204543662156826
76119.07208326155,60574.07308326155,-54409.68366676924,20.756648119414585,364.5,4408,0.6467736947948253,0.05698950339511002
76118.71581752728,60573.71681752728,-54412.22970872728,20.756637787708293,364.526,4409,0.6466501361989277,0.05678757783757888
76118.88763570909,60573.888635709096,-54414.18843600001,20.756642770435565,364.673,4410,0.6465347185321109,0.056598956588270806
76131.2952648,60586.29626480001,-54319.964649600006,20.7570025916792,365.411,4411,0.6464273494381304,0.056423488714051846
76131.18846480001,60586.189464800016,-54283.726449600006,20.7569994944792,365.42,4412,0.6463280215766946,0.056261162219054736
76131.18846480001,60586.189464800016,-54283.726449600006,20.7569994944792,365.428,4413,0.6462365828337298,0.056111728510950545
76133.45350009413,60588.45450009413,-54274.048414305886,20.757065180502728,365.437,4414,0.6461528149163775,0.055974830844772824
76133.45350009413,60588.45450009413,-54274.048414305886,20.757065180502728,365.443,4415,0.646076526804116,0.05585015704535387
76133.45350009413,60588.45450009413,-54274.048414305886,20.757065180502728,365.448,4416,0.6460073844982885,0.05573716127559963
76133.45350009413,60588.45450009413,-54274.048414305886,20.757065180502728,365.453,4417,0.6459450022525709,0.05563521312982249
76139.26326480001,60594.26426480002,-54265.25664960001,20.7572336636792,365.459,4418,0.6458890153814737,0.05554371662099114
76143.3540766812,60598.3550766812,-54257.62536247129,20.757352297223754,365.482,4419,0.645839132086723,0.055462194877960086
76147.02666480001,60602.027664800014,-54253.08324960001,20.7574588022792,365.505,4420,0.6457946837100355,0.05538955514635113
76148.2152648,60603.21626480001,-54250.182531952945,20.757493271679202,365.548,4421,0.6457552704228416,0.05532514400657623
76149.36408832941,60604.36508832942,-54247.88488489412,20.757526587561554,365.574,4422,0.6457204490647279,0.05526823722400858
76151.3472648,60606.348264800006,-54248.036649600006,20.7575840996792,365.601,4423,0.6456897452512057,0.05521805953609646
76150.81681819807,60605.81781819808,-54247.04344571651,20.757568716727743,365.646,4424,0.6456625687642509,0.055173646379405666
76152.25825545422,60607.25925545422,-54244.635715020566,20.75761051840817,365.783,4425,0.6456383399264664,0.055134050416515076
76259.99581440001,60714.996814400016,-54196.267010400006,20.7607349076176,366.588,4426,0.6456164345345133,0.05509825154351138
76286.81581440002,60741.81681440002,-54211.39601040001,20.7615126876176,366.598,4427,0.645596460132094,0.055065608388937065
76286.81581440002,60741.81681440002,-54211.39601040001,20.7615126876176,366.606,4428,0.6455777199159266,0.0550349822024676
76291.20418850073,60746.20518850074,-54213.89697442878,20.76163995046652,366.613,4429,0.6455598004489566,0.055005697324857064
76291.20418850073,60746.20518850074,-54213.89697442878,20.76163995046652,366.619,4430,0.6455421545833008,0.05497685958002207
76291.20418850073,60746.20518850074,-54213.89697442878,20.76163995046652,366.625,4431,0.6455241988081012,0.054947515365710284
76291.20418850073,60746.20518850074,-54213.89697442878,20.76163995046652,366.644,4432,0.6455056353959192,0.054917178121042694
76294.7847640403,60749.78576404031,-54217.64978018418,20.76174378715717,366.65,4433,0.6454858687090563,0.05488487442548565
76297.48128808422,60752.482288084226,-54220.01990513685,20.76182198635444,366.675,4434,0.6454645647402962,0.05485005842795621
76299.77957559405,60754.78057559405,-54220.91559248956,20.761888636692227,366.702,4435,0.6454413316274334,0.05481208972789189
76301.32813440001,60756.32913440002,-54220.30169040001,20.7619335448976,366.729,4436,0.6454159308701483,0.054770578556295385
76302.80794343227,60757.808943432276,-54220.53507491614,20.761976459359538,366.773,4437,0.6453878655622416,0.05472471284452381
76305.93762085162,60760.93862085162,-54220.961849109684,20.762067220004695,366.8,4438,0.6453570939096221,0.05467442429060977
76307.79481440001,60762.795814400015,-54220.657010400006,20.7621210786176,366.827,4439,0.6453235507407602,0.05461960638802185
76309.4287609649,60764.42976096491,-54219.014682155735,20.762168463067983,366.978,4440,0.6452871871602898,0.054560179229539
76377.28215902159,60832.283159021594,-54233.63003012375,20.764136211611625,367.785,4441,0.6452478988787033,0.05449597238009912
76401.5189957015,60856.5199957015,-54249.02765494926,20.764839079875344,367.793,4442,0.6452056186515792,0.05442687594554877
76401.5189957015,60856.5199957015,-54249.02765494926,20.764839079875344,367.802,4443,0.6451605849607907,0.054353279664738754
76406.76693600001,60861.76793600002,-54252.24468480001,20.764991270144,367.809,4444,0.6451127899160901,0.05427517064303713
76406.76693600001,60861.76793600002,-54252.24468480001,20.764991270144,367.815,4445,0.6450623948934295,0.05419281260899172
76406.76693600001,60861.76793600002,-54252.24468480001,20.764991270144,367.821,4446,0.6450096563867177,0.05410662473761141
76406.76693600001,60861.76793600002,-54252.24468480001,20.764991270144,367.826,4447,0.6449549451297768,0.05401721290041165
76411.63843600001,60866.63943600001,-54255.24668480001,20.765132543644,367.832,4448,0.6448985507214252,0.05392505037407898
76415.820936,60870.82193600001,-54256.90668480001,20.765253836144,367.837,4449,0.6448408182623847,0.05383070113925062
76422.31867322628,60877.31967322629,-54258.58548042044,20.76544227052356,367.881,4450,0.6447822446466037,0.053734977244548864
76428.2222111678,60883.2232111678,-54258.83806063893,20.765613473123867,367.908,4451,0.6447232968967078,0.053638641921405446
76435.77950742858,60890.780507428586,-54260.1359705143,20.76583263471543,367.935,4452,0.6446646922227758,0.0535428672699399
76444.02995697902,60899.030956979026,-54259.38671976504,20.76607189775239,367.962,4453,0.6446068153863657,0.05344828208648617
76452.62485491893,60907.62585491894,-54259.227225340546,20.76632114979265,368.005,4454,0.6445501243183762,0.05335563474432716
76461.342936,60916.343936000005,-54258.90468480001,20.766573974144,368.183,4455,0.644495368019103,0.05326614929672419
76550.84244513488,61005.84344513489,-54139.21028427907,20.769169459908913,368.922,4456,0.6444432744827414,0.05318101546773257
76551.63959971766,61006.64059971766,-54119.865168000004,20.769192577391813,368.931,4457,0.6443944633104794,0.05310124584020363
76551.63959971766,61006.64059971766,-54119.865168000004,20.769192577391813,368.939,4458,0.6443495546763846,0.05302785393321647
76551.07842324706,61006.079423247065,-54114.61340329412,20.769176303274165,368.946,4459,0.6443094077383541,0.05296224382502383
76551.07842324706,61006.079423247065,-54114.61340329412,20.769176303274165,368.952,4460,0.6442747332780842,0.052905577110164866
76549.98678493885,61004.98778493886,-54109.00120105786,20.769144645763227,368.958,4461,0.6442461988342014,0.05285894471321985
76549.17511641081,61004.17611641082,-54103.078140972975,20.769121107375913,369.001,4462,0.6442244429224374,0.052823390128120894
76549.1214737416,61004.122473741605,-54097.997557380535,20.769119551738505,369.028,4463,0.6442102576886651,0.05280020791876208
76546.63136442353,61001.63236442354,-54093.945168000006,20.76904733856828,369.055,4464,0.6442043828704488,0.05279060700079185
76545.09805560001,61000.09905560002,-54089.838918,20.7690028726124,369.082,4465,0.6442073847916338,0.05279551288859784
76542.89305560001,60997.894055600016,-54085.451418000004,20.7689389276124,369.127,4466,0.6442198945995231,0.05281595703426263
76540.8293965091,60995.8303965091,-54083.248258909094,20.768879081498763,369.153,4467,0.6442424861543654,0.05285287726853601
76539.72763893334,60994.728638933346,-54080.57850133334,20.768847130529068,369.18,4468,0.6442756977858636,0.05290715335639596
76537.69763893334,60992.69863893335,-54076.565168,20.768788260529067,369.225,4469,0.6443202416271662,0.05297994910099202
76536.24959971766,60991.25059971766,-54073.855756235294,20.768746267391812,369.366,4470,0.6443765883611423,0.053072033715506645
76583.89289725714,61038.89389725715,-54004.51714937144,20.770127923020457,370.197,4471,0.6444452639645386,0.053184266777106706
76590.33498516923,61045.33598516924,-54011.109566953855,20.77031474356991,370.206,4472,0.6445266838136036,0.05331732711416475
76590.33498516923,61045.33598516924,-54011.109566953855,20.77031474356991,370.214,4473,0.6446211732475724,0.053471746412121025
76590.33498516923,61045.33598516924,-54011.109566953855,20.77031474356991,370.222,4474,0.6447291223588331,0.05364816217921488
76590.33498516923,61045.33598516924,-54011.109566953855,20.77031474356991,370.228,4475,0.6448506200391096,0.053846719686690414
76590.09059310968,61045.09159310968,-54014.91926918711,20.77030765620018,370.234,4476,0.6449860307365743,0.054068014533743526
76590.09059310968,61045.09159310968,-54014.91926918711,20.77030765620018,370.239,4477,0.6451355236960432,0.05431232330860826
76588.25337816238,61043.25437816238,-54018.52354258219,20.770254376966708,370.245,4478,0.6452992043563348,0.05457981832460746
76585.34259650526,61040.34359650526,-54023.57098395791,20.770169964298653,370.268,4479,0.6454773366125557,0.05487093085215279
76582.53388524112,61037.534885241126,-54029.0012348187,20.770088511671993,370.31,4480,0.6456697476744854,0.055185378508935276
76580.3065370087,61035.3075370087,-54033.43319906088,20.77002391857325,370.336,4481,0.6458763988639975,0.055523098085251264
76578.44392831305,61033.44492831305,-54038.297894713054,20.76996990292108,370.363,4482,0.6460974985018211,0.05588443002912093
76576.7597544,61031.760754400006,-54042.37372080001,20.7699210618776,370.408,4483,0.6463326613609366,0.05626874478353024
76575.39481100377,61030.39581100378,-54046.809871743404,20.76988147851911,370.435,4484,0.6465814420658426,0.05667531449384641
76573.56424496604,61028.56524496604,-54051.38628683775,20.769828392104014,370.581,4485,0.6468439162234044,0.05710426272054164
76549.19136,61004.19236,-54165.048673200006,20.76912157844,371.242,4486,0.6471197115516023,0.05755498106195942
76539.13081945946,60994.131819459464,-54175.85870698379,20.768829822764324,371.25,4487,0.6474083795737815,0.058026736595409224
76539.13081945946,60994.131819459464,-54175.85870698379,20.768829822764324,371.258,4488,0.6477096229190418,0.05851904334268463
76532.21841882353,60987.21941882353,-54181.91374672942,20.768629363145884,371.266,4489,0.6480229558777395,0.05903110753310645
76532.21841882353,60987.21941882353,-54181.91374672942,20.768629363145884,371.272,4490,0.6483479085576009,0.0595621612455222
76523.70599414634,60978.70699414634,-54190.264679297565,20.768382502830242,371.278,4491,0.6486838919711099,0.06011124192745448
76514.69456610687,60969.69556610688,-54196.84744228398,20.7681211714171,371.32,4492,0.6490305528102028,0.06067777218542305
76504.81623804878,60959.81723804878,-54202.39345978537,20.767834699903414,371.344,4493,0.6493870995461234,0.06126045846405622
76495.44830656488,60950.449306564886,-54206.5908010626,20.767563029890383,371.388,4494,0.649752862075595,0.06185820564749632
76487.65508093023,60942.65608093023,-54210.259109246515,20.767337026346976,371.415,4495,0.6501269799438815,0.06246960753813254
76481.05229023256,60936.053290232565,-54211.91957436279,20.767145545416746,371.441,4496,0.6505087545062762,0.06309352237629323
76475.4693127559,60930.470312755904,-54213.457600365364,20.76698363906992,371.467,4497,0.6508975443935415,0.06372890200470556
76470.392089927,60925.393089927005,-54214.99974071825,20.766836399607882,371.511,4498,0.6512924585612898,0.06437429023464025
76466.69651625,60921.69751625,-54216.02945445001,20.76672922797125,371.538,4499,0.6516927768817532,0.06502851019774619
76461.28245375,60916.28345375,-54216.236173200006,20.76657222015875,371.722,4500,0.652097352906171,0.06568968831085821
76258.1239776,60713.124977600004,-54189.02921280001,20.7606806243504,372.565,4501,0.6525054525824842,0.06635662494986112
76200.22928464225,60655.23028464225,-54210.71008603944,20.759001678254627,372.573,4502,0.6529161993205598,0.06702788754788228
76200.22928464225,60655.23028464225,-54210.71008603944,20.759001678254627,372.579,4503,0.6533286070997991,0.06770186470137915
76190.79611093334,60645.797110933345,-54217.76187946667,20.758728116217068,372.586,4504,0.6537417201616612,0.06837699446255807
76190.79611093334,60645.797110933345,-54217.76187946667,20.758728116217068,372.592,4505,0.6541545471909317,0.0690516567751543
76190.79611093334,60645.797110933345,-54217.76187946667,20.758728116217068,372.597,4506,0.6545663305476154,0.06972461346648283
76190.79611093334,60645.797110933345,-54217.76187946667,20.758728116217068,372.603,4507,0.6549758095130996,0.07039380420794497
76182.75435206809,60637.755352068096,-54226.33504258724,20.758494905209975,372.608,4508,0.6553820105705599,0.07105763803028323
76175.65744426668,60630.65844426668,-54235.14987946667,20.758289094883732,372.631,4509,0.6557837619141123,0.07171419991046983
76169.75603634126,60624.75703634127,-54244.32030370909,20.758117954053898,372.673,4510,0.6561801531781474,0.07236200208408104
76164.8210768126,60619.822076812605,-54253.685071067724,20.757974840227565,372.699,4511,0.6565701031256403,0.07299927754018985
76160.3920295084,60615.3930295084,-54263.31823570077,20.757846397855744,372.728,4512,0.6569522842896302,0.0736238568667512
76157.05250487273,60612.05350487273,-54273.720303709095,20.75774955164131,372.754,4513,0.6573257400879844,0.07423417677001766
76153.25161970526,60608.252619705265,-54284.37331806316,20.757639325971454,372.797,4514,0.6576896329698353,0.07482886848301105
76151.04260368696,60606.043603686965,-54296.755560626094,20.757575264506922,372.938,4515,0.6580429150716353,0.07540621953538863
75698.12449228611,60153.12549228611,-54714.244628821194,20.7444406392763,376.547,4531,0.6583845063894752,0.07596446493144214
75738.88130520002,60193.88230520002,-54718.771152,20.7456225868508,376.557,4532,0.6587133493225672,0.07650187628774995
75738.88130520002,60193.88230520002,-54718.771152,20.7456225868508,376.565,4533,0.6590284008105796,0.0770167489836219
75745.90683486103,60200.907834861035,-54718.71699945763,20.74582632721097,376.573,4534,0.6593287549102695,0.07750760248188408
75745.90683486103,60200.907834861035,-54718.71699945763,20.74582632721097,376.579,4535,0.6596134760706903,0.07797290785899084
75745.90683486103,60200.907834861035,-54718.71699945763,20.74582632721097,376.585,4536,0.659881389635827,0.07841074543408959
75745.90683486103,60200.907834861035,-54718.71699945763,20.74582632721097,376.59,4537,0.6601319223641233,0.07882017838752807
75752.9312316706,60207.93223167061,-54717.450269647066,20.746030034718448,376.595,4538,0.6603640247823495,0.07919949161834132
75759.95956339674,60214.960563396744,-54715.66467659017,20.746233856338506,376.621,4539,0.6605767805065513,0.07954718752662952
75766.23725520002,60221.23825520002,-54716.454552,20.7464159094008,376.648,4540,0.660769434953416,0.07986203293508873
75771.91457132905,60226.91557132905,-54716.91018425807,20.74658055156854,376.693,4541,0.6609411280590712,0.0801426222848774
75777.55599270001,60232.55699270002,-54717.53224575,20.7467441527883,376.702,4542,0.6610910527532424,0.0803876366219075
75785.27092476522,60240.27192476523,-54718.244847652175,20.74696788581819,376.746,4543,0.6612187018327556,0.08059624704971134
75795.2825384215,60250.2835384215,-54719.489037906045,20.747258222614224,376.773,4544,0.6613235896883983,0.08076765996173957
75804.98299637648,60259.98399637648,-54721.16806376471,20.74753953589492,376.919,4545,0.6614052220103723,0.0809010675325154
75843.6768085091,60298.67780850911,-54742.321085018186,20.748661656446764,377.654,4546,0.6614630239489387,0.08099553031421523
75846.43121760001,60301.43221760001,-54743.75515320001,20.7487415343104,377.661,4547,0.6614965949408776,0.08105039368664914
75846.43121760001,60301.43221760001,-54743.75515320001,20.7487415343104,377.668,4548,0.6615056015182009,0.08106511267996756
75844.91108602106,60299.91208602107,-54746.498376884214,20.74869745049461,377.675,4549,0.6614896908913654,0.08103911074808183
75844.91108602106,60299.91208602107,-54746.498376884214,20.74869745049461,377.682,4550,0.6614487983232213,0.08097228209434554
75843.58959995295,60298.59059995295,-54748.75478555295,20.748659127398636,377.687,4551,0.6613826734189673,0.0808642175112123
75843.46254112941,60298.463541129415,-54749.59125614118,20.74865544269275,377.73,4552,0.6612911957115447,0.08071472012546753
75842.4599676,60297.46096760001,-54750.111403200004,20.7486263680604,377.757,4553,0.6611743324203195,0.08052373636538063
75842.78078656552,60297.78178656552,-54751.62355837242,20.7486356718104,377.802,4554,0.66103219338932,0.08029144574348548
75842.28584149381,60297.28684149381,-54752.78253151859,20.74862131840332,377.829,4555,0.6608648737264777,0.08001800368985969
75841.35213865264,60296.353138652645,-54754.75469267369,20.74859424102093,377.855,4556,0.66067256522752,0.07970372364654961
75840.87506088358,60295.87606088359,-54755.867709170154,20.748580405765622,377.882,4557,0.660455483980967,0.07934895875608308
75839.81671030073,60294.81771030073,-54756.13401268906,20.74854971359872,377.927,4558,0.6602141072231643,0.07895448894165766
75840.0337176,60295.03471760001,-54755.978903200004,20.7485560068104,377.954,4559,0.6599487454257493,0.07852082159135103
75840.01904606716,60295.02004606716,-54755.49021706862,20.748555581335946,378.137,4560,0.6596598797942367,0.07804874311497248
75874.24534412309,60329.246344123094,-54871.30949464616,20.74954814397957,378.806,4561,0.6593479672140304,0.07753900017720586
75858.8138842213,60313.8148842213,-54904.249042927666,20.749100631642417,378.815,4562,0.6590134252323603,0.07699227515434832
75858.8138842213,60313.8148842213,-54904.249042927666,20.749100631642417,378.824,4563,0.6586569870048555,0.07640976620552535
75851.02813605247,60306.02913605247,-54914.444553914764,20.748874844945522,378.831,4564,0.6582792917726753,0.07579251801019866
75851.02813605247,60306.02913605247,-54914.444553914764,20.748874844945522,378.837,4565,0.657881055328983,0.07514170035289476
75841.68324592341,60296.68424592342,-54923.89074505532,20.74860384313178,378.843,4566,0.6574630466658609,0.07445856995843973
75832.48584859536,60287.48684859536,-54932.458038474426,20.748337118609264,378.885,4567,0.6570257443059057,0.073743908852086
75823.05042345001,60278.051423450015,-54940.126090800004,20.74806349128005,378.909,4568,0.656569987530374,0.0729990886286986
75812.69676720002,60267.69776720002,-54946.399840800004,20.7477632352488,378.934,4569,0.6560966438080985,0.07222552694867099
75801.30977539673,60256.310775396734,-54951.180783422955,20.747433012486507,378.978,4570,0.6556063943138613,0.07142433702146171
75791.11500404212,60246.116004042124,-54955.091551326324,20.747137364117222,379.004,4571,0.6551001912831939,0.07059707503738864
75782.08506720001,60237.08606720001,-54957.7881408,20.7468754959488,379.031,4572,0.6545789801220212,0.06974528602548916
75773.79320837648,60228.79420837648,-54960.228517270596,20.746635032042917,379.076,4573,0.6540433865897326,0.0688699926326511
75765.67482720001,60220.675827200015,-54961.53790080001,20.746399598988802,379.102,4574,0.6534943453910215,0.06797272239943107
75756.65826720001,60211.65926720001,-54962.93087926154,20.7461381187488,379.282,4575,0.6529326060048074,0.0670547001612814
75540.86453619311,59995.865536193116,-55107.86284849656,20.739880100549602,379.984,4576,0.6523591164332765,0.06611747519017766
75540.45586473131,59995.45686473131,-55121.73431031166,20.739868249077208,379.993,4577,0.6517745377620313,0.06516212786484957
75541.87541508295,59996.87641508295,-55134.43517818537,20.739909416037406,380.001,4578,0.6511798428061346,0.0641902480077007
75543.72462240001,59998.725622400016,-55147.2991416,20.7399630430496,380.026,4579,0.6505754527008791,0.06320252385881805
75548.34843818948,60003.349438189485,-55159.09979949474,20.740097133707494,380.051,4580,0.6499623042753534,0.062200486430549526
75552.63612240001,60007.63712240002,-55169.297841600004,20.7402214765496,380.095,4581,0.6493413210585833,0.061185644999624124
75558.03786433549,60013.038864335496,-55178.62915772904,20.74037812706573,380.121,4582,0.6487128614192091,0.060158585229766415
75562.83399336776,60017.83499336777,-55187.725544825815,20.740517214807664,380.166,4583,0.6480778274073182,0.05912078129576364
75568.28303149092,60023.284031490926,-55194.444823418184,20.740675236913237,380.193,4584,0.6474367087698503,0.05807303356624353
75575.11271063531,60030.11371063531,-55201.2272298353,20.740873297608424,380.22,4585,0.6467900982908907,0.05701631079822446
75583.46966956982,60038.470669569826,-55207.25173593963,20.741115649417527,380.277,4586,0.6461388398866748,0.05595199216128219
75592.15757694546,60047.15857694547,-55211.95391432728,20.74136759873142,380.286,4587,0.6454833992866004,0.05488083877339218
75597.98212240002,60052.98312240002,-55214.82164160001,20.7415365105496,380.311,4588,0.6448241435102625,0.05380345043609631
75604.01105857022,60059.012058570224,-55217.603024578726,20.741711349698537,380.353,4589,0.6441618550933602,0.05272110600786787
75610.30868490001,60065.309684900014,-55220.816485350006,20.741893980862102,380.499,4590,0.6434968413415328,0.0516343077027545
75657.6973137505,60112.6983137505,-55369.42229688713,20.743268251098765,381.338,4591,0.6428297296264712,0.0505440808025468
75639.47257944221,60094.473579442216,-55393.56098523303,20.742739733803823,381.368,4592,0.6421608357402566,0.04945094139025471
75639.47257944221,60094.473579442216,-55393.56098523303,20.742739733803823,381.375,4593,0.6414906516356597,0.0483556934393838
75635.41953293794,60090.42053293795,-55398.317873875865,20.7426221954552,381.386,4594,0.6408195078681319,0.04725887715997262
75635.41953293794,60090.42053293795,-55398.317873875865,20.7426221954552,381.392,4595,0.6401476397588987,0.046160877125585406
75635.41953293794,60090.42053293795,-55398.317873875865,20.7426221954552,381.397,4596,0.6394756349880525,0.045062653752043345
75635.41953293794,60090.42053293795,-55398.317873875865,20.7426221954552,381.403,4597,0.6388038246368165,0.04396474810862679
75627.34097953171,60082.34197953172,-55403.61918169757,20.74238791740642,381.408,4598,0.6381326782058925,0.04286792747656192
75619.90978899803,60074.91078899804,-55408.05813847129,20.742172412880944,381.414,4599,0.6374625882451622,0.041772833380245886
75613.8758088,60068.87680880001,-55410.493425600005,20.7419974274552,381.456,4600,0.6367938619100872,0.04067996778829821
75608.19877033847,60063.19977033847,-55412.03750252308,20.741832793339817,381.483,4601,0.6361269991752705,0.03959014778389888
75604.88256608156,60059.88356608157,-55413.85622171651,20.741736623416365,381.51,4602,0.6354622457700585,0.03850377495007773
75599.66074997648,60054.66174997648,-55414.27766089412,20.74158519074932,381.555,4603,0.6348002495334484,0.03742190801730779
75595.20380880001,60050.204808800016,-55414.763243781825,20.7414559394552,381.581,4604,0.6341414254537718,0.03634522518000879
75591.72530880001,60046.72630880002,-55415.84692560001,20.7413550629552,381.694,4605,0.633486140731568,0.035274326535430466
75510.87677718425,59965.87777718426,-55433.737931886615,20.73901045553834,382.451,4606,0.6328349168475476,0.0342100643130961
75478.56601483637,59933.56701483637,-55431.67280661818,20.738073443430256,382.46,4607,0.632188324503865,0.033153371182641965
75478.56601483637,59933.56701483637,-55431.67280661818,20.738073443430256,382.469,4608,0.6315468407737095,0.03210502680062719
75478.56601483637,59933.56701483637,-55431.67280661818,20.738073443430256,382.476,4609,0.630911050575771,0.031065987070052425
75468.58769467827,59923.58869467827,-55431.1141900174,20.73778407214567,382.482,4610,0.63028142119413,0.030037015649631828
75460.3115262,59915.31252620001,-55431.19165605,20.7375440632598,382.488,4611,0.6296586217536738,0.029019206056291214
75450.85098922817,59905.85198922818,-55430.667441701415,20.737269707687616,382.51,4612,0.629043216945646,0.028013481136339707
75439.19589207592,59894.196892075925,-55431.561048157666,20.736931709870202,382.553,4613,0.6284358559832214,0.02702090186599933
75426.20198453334,59881.202984533345,-55435.93729146667,20.736554886551467,382.598,4614,0.6278372059159822,0.02604255837062994
75413.9129712,59868.9139712,-55439.6683848,20.7361985051648,382.625,4615,0.6272480113412703,0.025079667507968233
75404.0546512,59859.055651200004,-55444.214624800006,20.7359126138848,382.652,4616,0.626668941226964,0.024133322538348413
75394.35665120001,59849.357651200015,-55449.890624800006,20.7356313718848,382.68,4617,0.6261005557350964,0.023204438906219916
75385.19097472941,59840.191974729416,-55456.01933068236,20.735365567267152,382.724,4618,0.6255439360596612,0.022294783552186347
75375.86465120001,59830.865651200016,-55461.814624800005,20.7350951038848,382.749,4619,0.624999628953429,0.021405250006618564
75367.41093219173,59822.41193219174,-55467.133302485956,20.73484994603356,382.861,4620,0.624468399414126,0.020537088466568966
75320.04132344901,59775.042323449015,-55651.72705565563,20.73347622738002,383.674,4621,0.6239508934862767,0.019691354729894733
75342.98899352728,59797.989993527284,-55677.73662218182,20.73414170981229,383.683,4622,0.6234479126548523,0.018869358622905247
75342.98899352728,59797.989993527284,-55677.73662218182,20.73414170981229,383.692,4623,0.6229601673672587,0.018072261193826183
75349.49905413334,59804.50005413334,-55680.311470666675,20.73433050156987,383.701,4624,0.6224883459612067,0.017301187358128148
75349.49905413334,59804.50005413334,-55680.311470666675,20.73433050156987,383.709,4625,0.6220332890139904,0.016557510828724288
75349.49905413334,59804.50005413334,-55680.311470666675,20.73433050156987,383.715,4626,0.6215955623358485,0.01584215628064117
75349.49905413334,59804.50005413334,-55680.311470666675,20.73433050156987,383.721,4627,0.6211759995335832,0.015156486035270204
75352.91468955002,59807.91568955002,-55683.90699150001,20.73442955499695,383.727,4628,0.6207752570607324,0.014501572901392402
75354.79825623309,59809.79925623309,-55686.7731504567,20.73448417843076,383.75,4629,0.6203939662431096,0.01387844862282055
75359.84538277185,59814.84638277185,-55691.09902935212,20.734630545100384,383.792,4630,0.6200328347936799,0.01328826977902237
75365.0341088597,59820.03510885971,-55695.35659504478,20.73478101815693,383.818,4631,0.619692424327667,0.01273195418932362
75370.08392668236,59825.084926682364,-55700.35068635295,20.734927462873788,383.845,4632,0.6193733510729138,0.01221050892368823
75372.8417208,59827.84272080001,-55707.301083069775,20.7350074389032,383.871,4633,0.6190762415878419,0.011724957934822278
75374.95907617192,59829.96007617192,-55711.79604366943,20.735068842208985,383.915,4634,0.6188016010952899,0.011276126882831508
75377.45869921727,59832.459699217274,-55718.26422846044,20.7351413312773,384.047,4635,0.6185497223025106,0.010864494124359421
75307.33529608422,59762.33629608422,-55842.215265473686,20.73310775258644,384.959,4636,0.6183210889972989,0.010490850289305208
75306.37845397895,59761.37945397895,-55845.98263389474,20.73308000416539,384.968,4637,0.6181161084353176,0.010155860934979418
75306.37845397895,59761.37945397895,-55845.98263389474,20.73308000416539,384.977,4638,0.6179351753064809,0.00986017108312558
75303.30074547692,59758.30174547693,-55849.18947600001,20.732990750618832,384.985,4639,0.6177784504089346,0.00960404351801238
75303.30074547692,59758.30174547693,-55849.18947600001,20.732990750618832,384.991,4640,0.6176461268269378,0.009387793787468348
75303.30074547692,59758.30174547693,-55849.18947600001,20.732990750618832,384.996,4641,0.6175385096599021,0.009211920500015148
75299.82347865001,59754.824478650014,-55853.31400725,20.73288990988085,385.001,4642,0.6174557929305781,0.009076740737210464
75294.65003292632,59749.651032926326,-55858.03316021053,20.732739879954863,385.025,4643,0.617397815649587,0.00898199140226352
75287.77264058182,59742.77364058183,-55861.579476000006,20.732540435576873,385.067,4644,0.6173647517495611,0.008927956744469105
75281.49846945882,59736.499469458824,-55864.8375642353,20.732358484614306,385.094,4645,0.6173563786849128,0.008914273068840798
75274.14751254085,59729.14851254085,-55865.70257459155,20.732145306863686,385.121,4646,0.6173727546657896,0.008941035505275459
75267.38027495475,59722.38127495475,-55865.868381109496,20.731949056973686,385.148,4647,0.6174137587735093,0.00900804644249307
75261.0445724,59716.045572400006,-55866.164476000005,20.7317653215996,385.193,4648,0.6174789525786644,0.009114589377510085
75255.8950224,59710.896022400004,-55864.947876000006,20.7316159846496,385.22,4649,0.6175682319825162,0.009260494187028819
75251.28697624616,59706.28797624617,-55863.590629846156,20.73148235131114,385.366,4650,0.6176812634026436,0.00944521571418744
75069.91647996522,59524.917479965225,-55955.344968000005,20.72622260691899,386.177,4651,0.6178176977375651,0.009668183440109663
75068.84169735653,59523.84269735654,-56004.82931582609,20.72619143822334,386.186,4652,0.6179771147495118,0.009928710591486293
75068.84169735653,59523.84269735654,-56004.82931582609,20.72619143822334,386.195,4653,0.6181590347400038,0.010226013221378774
75069.41151949091,59524.412519490914,-56011.21314981819,20.726207963065235,386.202,4654,0.6183628358735864,0.010559075095586908
75069.41151949091,59524.412519490914,-56011.21314981819,20.726207963065235,386.209,4655,0.6185880148139655,0.010927073637088888
75069.41151949091,59524.412519490914,-56011.21314981819,20.726207963065235,386.215,4656,0.6188336371471449,0.011328481780399932
75069.41151949091,59524.412519490914,-56011.21314981819,20.726207963065235,386.22,4657,0.6190992277366071,0.011762523033965603
75069.66924676365,59524.67024676365,-56016.9690589091,20.726215437156146,386.226,4658,0.6193840020902748,0.012227915342102635
75070.1611423149,59525.162142314904,-56023.63645736171,20.72622970212713,386.236,4659,0.6196871076892462,0.012723265476332644
75071.95780218083,59526.95880218083,-56029.46798169864,20.726281805263245,386.28,4660,0.6200077232375221,0.013247231234186157
75075.51846754286,59530.519467542865,-56036.97068228572,20.726385064558745,386.307,4661,0.6203449826706907,0.013798397250443711
75077.80929461053,59532.810294610535,-56041.70707326317,20.726451498543707,386.334,4662,0.6206979034556231,0.01437515782095807
75079.8868604,59534.887860400006,-56047.618718000005,20.7265117479516,386.378,4663,0.6210653773022721,0.01497570172341742
75082.37002900465,59537.37102900466,-56053.66822381396,20.726583759841134,386.405,4664,0.621446461612977,0.015598488518188751
75083.94531628236,59538.94631628237,-56059.363791529424,20.72662944317219,386.625,4665,0.6218400196631546,0.016241660513837606
75239.84314501192,59694.84414501193,-56191.454016683456,20.731150480205347,387.452,4666,0.622244944191592,0.01690340816942424
75254.56479471046,59709.56579471046,-56241.67019143882,20.731577408046604,387.461,4667,0.622660121778636,0.017581911879581538
75254.56479471046,59709.56579471046,-56241.67019143882,20.731577408046604,387.47,4668,0.6230842652491179,0.01827506807910054
75255.69512098606,59710.69612098606,-56248.4429647814,20.731610187508597,387.478,4669,0.6235161735690221,0.018980913978898045
75255.69512098606,59710.69612098606,-56248.4429647814,20.731610187508597,387.486,4670,0.62395471236712,0.01969759573350772
75255.69512098606,59710.69612098606,-56248.4429647814,20.731610187508597,387.493,4671,0.6243986553131455,0.020423109213464852
75255.69512098606,59710.69612098606,-56248.4429647814,20.731610187508597,387.499,4672,0.6248463759277867,0.021154796345977923
75255.92715728782,59710.928157287824,-56253.129907492694,20.731616916561347,387.505,4673,0.6252966593508048,0.02189067174646704
75257.6684568,59712.66945680001,-56257.03135920001,20.7316674142472,387.528,4674,0.6257481608514706,0.02262853778958469
75258.63721977522,59713.638219775225,-56262.824110274385,20.73169550837348,387.551,4675,0.6261994135642523,0.02336599725125966
75258.79040805002,59713.79140805002,-56271.05657670001,20.731699950833452,387.594,4676,0.6266489907338413,0.024100718457526916
75257.97578138016,59712.97678138016,-56277.67773843665,20.731676326660025,387.619,4677,0.6270957156056111,0.02483077829787953
75256.58540805001,59711.58640805002,-56284.522826700006,20.73163600583345,387.645,4678,0.6275380456159607,0.025553655838724095
75256.3983768,59711.39937680001,-56290.49397253334,20.7316305819272,387.69,4679,0.6279747245392068,0.026267298094028533
75253.88972815136,59708.89072815137,-56294.75199055136,20.73155783111639,387.824,4680,0.6284042566969505,0.026969260752311732
75174.05152839671,59629.052528396714,-56432.586133368604,20.729242523323506,388.525,4681,0.6288254513215096,0.02765759780223855
75169.34663668968,59624.34763668968,-56438.62095525518,20.729106081464,388.534,4682,0.6292371361662579,0.028330393500498718
75163.59564757896,59618.59664757896,-56445.246055073694,20.72893930277979,388.543,4683,0.6296379413323528,0.02898540909077147
75157.70901600001,59612.71001600001,-56453.11322212174,20.728768590464,388.569,4684,0.6300266325652302,0.02962062749331236
75151.72149600001,59606.72249600002,-56461.055385600004,20.728594952384,388.596,4685,0.6304019100255802,0.030233924446548224
75146.10965833579,59601.11065833579,-56469.60734589198,20.72843220909174,388.641,4686,0.630762603384677,0.030823387341495763
75140.93823339132,59595.93923339133,-56479.77591777392,20.728282237768347,388.668,4687,0.6311076677200214,0.03138730851421855
75136.83833974102,59591.839339741025,-56488.52004977267,20.72816334085249,388.694,4688,0.6314360945867707,0.031924039914367985
75132.56424887673,59587.56524887674,-56500.497251901375,20.728039392217426,388.739,4689,0.631746769823638,0.032431760724562074
75130.5477986087,59585.54879860871,-56515.0050482087,20.72798091515965,388.764,4690,0.6320388813104842,0.032909143737975426
75130.2496069091,59585.2506069091,-56531.120606509096,20.727972267600364,388.808,4691,0.6323117319399082,0.03335504970727641
75132.39783952943,59587.39883952943,-56548.43979501177,20.728034566346352,388.833,4692,0.6325645887861043,0.03376828084892897
75137.0635244746,59592.0645244746,-56563.644841871195,20.728169871209765,388.857,4693,0.6327965948728481,0.03414743665007785
75144.83947169622,59599.840471696225,-56575.173936486084,20.72839537367919,388.902,4694,0.6330073187195924,0.034491811963910574
75151.27438586303,59606.27538586303,-56583.56232039453,20.72858198619003,389.073,4695,0.6331960873416023,0.03480030696554807
75269.57930484088,59724.580304840885,-56720.35481082044,20.732012828840386,389.951,4696,0.6333625768847326,0.035072392396557545
75270.80066096842,59725.80166096843,-56752.01785730527,20.732048248168084,389.96,4697,0.6335066137637433,0.035307784575369566
75270.80066096842,59725.80166096843,-56752.01785730527,20.732048248168084,389.969,4698,0.6336279308450292,0.035506046939058365
75270.31597589508,59725.31697589508,-56757.86216274099,20.732034192300958,389.977,4699,0.633726445331444,0.03566704417643947
75270.31597589508,59725.31697589508,-56757.86216274099,20.732034192300958,389.983,4700,0.6338022033170212,0.035790851616658424
75270.31597589508,59725.31697589508,-56757.86216274099,20.732034192300958,389.989,4701,0.6338554233340262,0.035877826395932136
75270.31597589508,59725.31697589508,-56757.86216274099,20.732034192300958,389.994,4702,0.6338861037043779,0.035927965771857605
75268.64360549189,59723.64460549189,-56763.856420605414,20.731985693559263,390.0,4703,0.633894661352872,0.0359419511035196
75266.65078336744,59721.651783367444,-56772.46496868838,20.731927901717654,390.023,4704,0.6338813966037333,0.0359202731955936
75265.2169374806,59720.2179374806,-56781.55444803583,20.731886320186938,390.046,4705,0.6338468018211432,0.03586373669393264
75261.2659536,59716.2669536,-56790.26093520001,20.7317717416544,390.089,4706,0.6337914379371543,0.03577325830139076
75258.28400868196,59713.28500868197,-56797.614129954105,20.731685265251777,390.114,4707,0.6337159372993767,0.03564987143165128
75250.11484403479,59705.11584403479,-56806.27849346088,20.73144835947701,390.141,4708,0.6336209623261976,0.03549465864154638
75243.43534996363,59698.43634996364,-56812.53865156364,20.731254654148945,390.186,4709,0.6335074243080643,0.03530910920691569
75238.38329254737,59693.38429254737,-56816.04575204211,20.731108144483873,390.322,4710,0.6333761253848711,0.03509453402437629
75206.87255076364,59661.873550763645,-56845.82747723637,20.730194332972147,391.157,4711,0.6332280386671749,0.03485252339924296
75199.25723123169,59654.258231231695,-56845.82457894654,20.72997348870572,391.166,4712,0.6330641931025053,0.0345847588883678
75199.25723123169,59654.258231231695,-56845.82457894654,20.72997348870572,391.174,4713,0.6328855002195639,0.03429273015695758
75196.9792990154,59651.9802990154,-56845.42669052308,20.729907428671446,391.182,4714,0.6326931032936614,0.03397830560196852
75196.9792990154,59651.9802990154,-56845.42669052308,20.729907428671446,391.188,4715,0.6324880254237815,0.03364315722227068
75196.9792990154,59651.9802990154,-56845.42669052308,20.729907428671446,391.194,4716,0.6322715752950476,0.03328942373570277
75196.9792990154,59651.9802990154,-56845.42669052308,20.729907428671446,391.199,4717,0.6320447968397436,0.032918811187942015
75195.19030053863,59650.19130053863,-56845.43784627328,20.72985554771562,391.204,4718,0.6318088553542984,0.032533223963943855
75193.30891440001,59648.309914400015,-56845.24311360001,20.7298009875176,391.23,4719,0.6315649786225834,0.03213466856872663
75192.32699132308,59647.32799132308,-56844.78457513847,20.72977251174837,391.274,4720,0.6313143438487836,0.031725068847488325
75191.52172993399,59646.52272993399,-56844.92878350292,20.729749159168087,391.301,4721,0.6310582319190242,0.03130651808757251
75190.8489144,59645.84991440001,-56845.237780266674,20.7297296475176,391.328,4722,0.6307974566163543,0.0308803462134146
75190.78591440001,59645.786914400014,-56845.41651360001,20.7297278205176,391.355,4723,0.6305333826841978,0.030448783556095503
75189.56468363077,59644.565683630775,-56845.329767446165,20.729692404825293,391.4,4724,0.6302672763113327,0.030013899383828507
75189.7149144,59644.7159144,-56846.72691360001,20.7296967615176,391.536,4725,0.6300002827865668,0.02957756538412629
75202.3398965196,59657.3408965196,-56843.24064175671,20.730062885999068,392.159,4726,0.6297334147677621,0.029141436492462088
75203.566329101,59658.567329101,-56843.79546874456,20.730098452543928,392.168,4727,0.6294677215119722,0.028707227456514908
75206.93919420002,59661.940194200026,-56844.308773200006,20.7301962656318,392.177,4728,0.6292042034805606,0.02827657327963822
75208.70026037648,59663.70126037649,-56843.785317317655,20.730247336550917,392.202,4729,0.6289438608305,0.027851108467734576
75210.36004647275,59665.36104647275,-56842.79820501819,20.73029547034771,392.227,4730,0.6286875468914647,0.027432227574286722
75211.04311920001,59666.044119200014,-56842.78522320001,20.7303152794568,392.271,4731,0.6284363721481389,0.027021745408190644
75211.28850731882,59666.28950731883,-56842.78497369505,20.730322395712246,392.297,4732,0.6281908160594805,0.02662044552494629
75212.45431920001,59667.45531920002,-56842.470223200005,20.7303562042568,392.324,4733,0.6279518163077947,0.026229860331270484
75211.87377081292,59666.87477081292,-56842.52970061936,20.730339368353576,392.369,4734,0.6277201056026649,0.025851187257338162
75212.6831086737,59667.6841086737,-56842.64065477895,20.73036283915154,392.396,4735,0.6274963383944415,0.025485495838222613
75213.14731920001,59668.148319200016,-56842.35789554043,20.7303763012568,392.441,4736,0.6272810220450197,0.02513361522978129
75212.53721393686,59667.53821393686,-56841.55307583159,20.73035860820417,392.468,4737,0.6270750230462656,0.024796961495800934
75213.6266670261,59668.6276670261,-56841.2945884174,20.730390202343756,392.495,4738,0.6268783308589506,0.02447551741255366
75214.03306177427,59669.03406177428,-56840.61428062575,20.730401987791453,392.54,4739,0.6266916906194268,0.02417050071865356
75214.62814394229,59669.62914394229,-56840.33095103506,20.730419245174325,392.674,4740,0.6265154341643946,0.023882453718019545
75206.46310871754,59661.46410871754,-56837.247185096916,20.730182459152807,393.42,4741,0.6263499664733306,0.02361203824810605
75199.58844480001,59654.58944480002,-56839.464655200005,20.7299830938992,393.429,4742,0.6261953697566294,0.023359388661198504
75199.58844480001,59654.58944480002,-56839.464655200005,20.7299830938992,393.438,4743,0.6260520743939876,0.02312520830504531
75198.48219025457,59653.48319025457,-56839.31740065455,20.729951012517382,393.445,4744,0.6259203068183171,0.022909867227490076
75198.48219025457,59653.48319025457,-56839.31740065455,20.729951012517382,393.451,4745,0.6257999176424126,0.022713121292586486
75198.48219025457,59653.48319025457,-56839.31740065455,20.729951012517382,393.457,4746,0.6256911149743629,0.02253531060084772
75198.48219025457,59653.48319025457,-56839.31740065455,20.729951012517382,393.463,4747,0.6255939551166052,0.022376527164496243
75198.18699963872,59653.18799963873,-56839.112532619365,20.729942451989523,393.468,4748,0.6255084106277212,0.022236726137411567
75197.75017111581,59652.751171115815,-56838.61780256843,20.72992978396236,393.491,4749,0.6254343496937398,0.022115692102694297
75197.22786219131,59652.22886219132,-56838.99133346088,20.72991463700355,393.514,4750,0.6253717286944489,0.022013353774040442
75196.95438164212,59651.955381642125,-56838.85653941053,20.72990670606762,393.556,4751,0.6253204014432974,0.021929472246170784
75195.92441899356,59650.92541899356,-56838.516403587106,20.72987683715081,393.583,4752,0.6252801640254642,0.021863714271417468
75194.91679373618,59649.91779373618,-56838.65477009363,20.72984761601835,393.61,4753,0.625250916784156,0.021815916985728868
75193.13164480001,59648.13264480002,-56838.488855200005,20.7297958466992,393.637,4754,0.6252324273049239,0.021785700565938048
75192.91072172309,59647.911721723096,-56838.68747058463,20.72978943992997,393.793,4755,0.6252243328201809,0.02177247215934446
75199.25744316117,59654.258443161176,-56839.98983205437,20.729973494851674,394.539,4756,0.6252262587015711,0.021775619529793604
75194.99379788042,59649.99479788043,-56841.199512767016,20.72984984913853,394.547,4757,0.6252378546572738,0.021794570213097806
75194.99379788042,59649.99479788043,-56841.199512767016,20.72984984913853,394.557,4758,0.6252588453248258,0.021828874198325236
75194.69837520001,59649.69937520001,-56842.17732720001,20.7298412818808,394.564,4759,0.6252887885659396,0.02187780892125794
75194.69837520001,59649.69937520001,-56842.17732720001,20.7298412818808,394.57,4760,0.6253271504456833,0.02194050179906966
75194.69837520001,59649.69937520001,-56842.17732720001,20.7298412818808,394.576,4761,0.6253735048092862,0.02201625638859477
75194.69837520001,59649.69937520001,-56842.17732720001,20.7298412818808,394.581,4762,0.6254275150339104,0.02210452256417237
75195.42657321981,59650.427573219815,-56843.379465813865,20.729862399623375,394.586,4763,0.625488726019108,0.022204556578182304
75196.5269634353,59651.52796343531,-56843.718621317654,20.729894310939624,394.614,4764,0.6255565122104777,0.02231533611873806
75197.05721632151,59652.058216321515,-56843.588280471035,20.729909688273324,394.64,4765,0.6256303824313224,0.02243605848063174
75198.91964252674,59653.92064252675,-56843.49174304159,20.729963698633277,394.667,4766,0.6257097155844336,0.022565708636141425
75199.88791366154,59654.88891366155,-56842.80236566154,20.729991778496185,394.693,4767,0.6257938653186138,0.022703230286229913
75201.80166931766,59656.802669317665,-56841.346856611766,20.73004727741021,394.737,4768,0.6258825700800067,0.022848195986672003
75204.34637520001,59659.34737520001,-56840.27119127767,20.7301210738808,394.765,4769,0.625974942866692,0.022999156155138145
75206.25970853334,59661.260708533344,-56838.36499386667,20.730176560547466,394.91,4770,0.6260704881813448,0.023155301025437277
75250.63349986021,59705.634499860214,-56762.8661158602,20.731463400495947,395.54,4771,0.626168579991132,0.02331560750380594
75250.1762497946,59705.17724979461,-56759.65048741622,20.731450140244043,395.549,4772,0.626268618964357,0.02347909613279676
75250.1762497946,59705.17724979461,-56759.65048741622,20.731450140244043,395.558,4773,0.6263699652466057,0.023644721230736073
75250.4427078316,59705.4437078316,-56758.26532383158,20.731457867527116,395.565,4774,0.6264720454526211,0.023811545743129003
75250.4427078316,59705.4437078316,-56758.26532383158,20.731457867527116,395.571,4775,0.6265741046578681,0.02397833593502931
75249.93240991699,59704.933409916994,-56756.93483723774,20.731443068887593,395.577,4776,0.6266759118911657,0.024144714341929968
75248.58832186667,59703.589321866675,-56756.03760453334,20.731404090334134,395.62,4777,0.6267765563029989,0.024309192408584847
75247.9566552,59702.95765520001,-56755.54302120001,20.7313857720008,395.647,4778,0.6268755196100378,0.024470923130788427
75246.92165520001,59701.92265520002,-56755.5317712,20.7313557570008,395.674,4779,0.6269721486342513,0.024628839052754547
75245.9989524973,59700.99995249731,-56754.24724417298,20.731328998622423,395.7,4780,0.6270660562556563,0.024782307523894678
75245.60573286991,59700.606732869914,-56752.9329119767,20.731317595253227,395.745,4781,0.6271565660953635,0.02493022317243524
75243.72128822753,59698.72228822754,-56751.607482209176,20.731262946358598,395.772,4782,0.627242947374639,0.02507139172369029
75243.75607827693,59698.75707827693,-56748.36811735385,20.73126395527003,395.799,4783,0.6273250096784697,0.025205501992044604
75243.48892792728,59698.48992792728,-56744.71245301818,20.73125620790989,395.844,4784,0.6274020655649718,0.025331430526032598
75243.69184387925,59698.69284387925,-56742.33785610566,20.731262092472498,396.017,4785,0.6274736765155594,0.025448460676931454
75231.23695155,59686.23795155001,-56720.7053028,20.73090090059495,396.796,4786,0.62753934980747,0.02555578721287671
75243.53970130395,59698.54070130395,-56735.41667091024,20.731257680337816,396.804,4787,0.6275985920612791,0.0256526038288549
75243.53970130395,59698.54070130395,-56735.41667091024,20.731257680337816,396.812,4788,0.6276510749559858,0.025738373966476824
75248.41129212204,59703.41229212204,-56739.94833246102,20.73139895647154,396.819,4789,0.6276964897296085,0.02581259303166842
75248.41129212204,59703.41229212204,-56739.94833246102,20.73139895647154,396.825,4790,0.627734346433958,0.025874460326910344
75248.41129212204,59703.41229212204,-56739.94833246102,20.73139895647154,396.83,4791,0.6277647151908893,0.025924090448799765
75248.41129212204,59703.41229212204,-56739.94833246102,20.73139895647154,396.836,4792,0.6277868984030014,0.025960343349223508
75252.29273280001,59707.29373280001,-56742.3825528,20.7315115182512,396.842,4793,0.6278009419355751,0.025983293983487823
75256.72157895385,59711.72257895385,-56744.96770664616,20.73163995478966,396.847,4794,0.6278065690424061,0.025992490079282466
75261.65781975652,59716.65881975653,-56747.850770191304,20.73178310577294,396.89,4795,0.6278037473106545,0.025987878665944493
75266.1061675826,59721.10716758261,-56751.03911801739,20.731912107859895,396.935,4796,0.627792480401155,0.0259694657261906
75272.56419433847,59727.56519433847,-56754.913091261544,20.732099390635817,396.962,4797,0.6277723711794261,0.02593660224324447
75276.92260883306,59731.923608833065,-56757.158742882646,20.73222578465616,396.989,4798,0.6277433864189624,0.025889233916710698
75283.01163523903,59738.012635239036,-56759.33569914147,20.732402366421933,397.034,4799,0.6277055954159849,0.025827473993894606
75289.8754914207,59744.8764914207,-56760.577242455176,20.7326014182512,397.168,4800,0.6276588895627594,0.02575114498267507
75325.628328,59780.62932800001,-56855.6244384,20.733638250512,397.931,4801,0.6276033969466843,0.02566045620980237
75317.5891032809,59772.590103280905,-56854.49850806293,20.733405112995147,397.94,4802,0.6275392421472992,0.025555611269310417
75317.5891032809,59772.590103280905,-56854.49850806293,20.733405112995147,397.948,4803,0.6274664517210903,0.02543665356112029
75317.26332800002,59772.26432800002,-56854.3462384,20.733395665512,397.955,4804,0.6273852046943236,0.025303875658794325
75317.26332800002,59772.26432800002,-56854.3462384,20.733395665512,397.961,4805,0.6272957352285999,0.025157660240781306
75317.26332800002,59772.26432800002,-56854.3462384,20.733395665512,397.966,4806,0.6271979396591401,0.024997837892980917
75317.26332800002,59772.26432800002,-56854.3462384,20.733395665512,397.972,4807,0.6270924489344747,0.024825439742632193
75315.80166842554,59770.802668425546,-56853.689132017025,20.733353277384342,397.977,4808,0.6269793510120053,0.024640609534063093
75315.63296436364,59770.633964363646,-56853.29242021818,20.733348384966547,398.003,4809,0.6268589784305543,0.02444389071863465
75313.33210027724,59768.33310027725,-56853.61879285545,20.73328165990804,398.029,4810,0.6267315926853064,0.024235710644688
75312.1095260198,59767.11052601981,-56854.55443641981,20.733246205254574,398.074,4811,0.6265976147434621,0.024016757277605157
75312.67473340541,59767.67573340541,-56855.346670832434,20.73326259626876,398.101,4812,0.626457348538679,0.023787527320774778
75312.13263234784,59767.133632347846,-56855.69510796522,20.73324687533809,398.128,4813,0.6263111029742717,0.02354852559924438
75313.18344564707,59768.18444564707,-56855.25776781177,20.733277348923764,398.173,4814,0.6261592762617191,0.02330040288987222
75313.22163569232,59768.22263569232,-56854.41731532308,20.733278456435077,398.341,4815,0.6260023180823218,0.02304389408404084
75309.70533544617,59764.70633544617,-56860.01433433847,20.733176483727938,400.657,4816,0.6258406538988628,0.022779694494035427
75318.49796022597,59773.498960225974,-56861.45791478474,20.733431469846554,400.667,4817,0.6256746592292571,0.02250841780977205
75318.49796022597,59773.498960225974,-56861.45791478474,20.733431469846554,400.676,4818,0.6255047986714103,0.02223082330008515
75319.49456621539,59774.495566215395,-56862.53191126154,20.733460371420247,400.683,4819,0.6253316021465903,0.021947776988473368
75319.49456621539,59774.495566215395,-56862.53191126154,20.733460371420247,400.689,4820,0.6251554108535485,0.021659836478781058
75319.49456621539,59774.495566215395,-56862.53191126154,20.733460371420247,400.695,4821,0.6249766290792976,0.02136766247680421
75319.49456621539,59774.495566215395,-56862.53191126154,20.733460371420247,400.701,4822,0.6247959998327255,0.021072469244349874
75321.34579698463,59776.34679698464,-56863.86944972308,20.733514057112554,400.706,4823,0.6246137776597552,0.0207746727729326
75322.76018160001,59777.76118160001,-56863.3543728,20.733555074266402,400.73,4824,0.6244305685589953,0.02047526341539653
75324.3984463059,59779.399446305906,-56864.40366691765,20.733602583942872,400.753,4825,0.6242468814106231,0.020175072808851346
75326.21107349191,59781.212073491915,-56865.48688631352,20.733655150131266,400.795,4826,0.6240631928643334,0.019874879917760272
75327.00411310686,59782.00511310686,-56865.70275636165,20.7336781482801,400.822,4827,0.623880074048194,0.019575618107808487
75329.30489588573,59784.30589588573,-56866.57551565715,20.733744870980686,400.849,4828,0.6236979964776922,0.019278057952884203
75329.00918160002,59784.010181600024,-56868.57587280001,20.7337362952664,400.876,4829,0.6235173211125742,0.01898278935122532
75329.37190887274,59784.37290887274,-56870.958932240566,20.73374681435731,401.028,4830,0.6233386102366928,0.01869073121486419
75333.14954898463,59788.15054898463,-56899.715079323076,20.733856365920555,401.744,4831,0.6231625033482505,0.01840292864333551
75307.28880456775,59762.28980456776,-56922.01393788387,20.733106404332464,401.754,4832,0.6229893163073174,0.018119897830759735
75307.28880456775,59762.28980456776,-56922.01393788387,20.733106404332464,401.762,4833,0.622819592841064,0.017842527362923213
75303.77777570527,59758.77877570527,-56925.481897136844,20.733004584495454,401.77,4834,0.6226538188220752,0.017571611276791344
75303.77777570527,59758.77877570527,-56925.481897136844,20.733004584495454,401.777,4835,0.6224923450397072,0.017307722849648995
75303.77777570527,59758.77877570527,-56925.481897136844,20.733004584495454,401.783,4836,0.6223362664934194,0.017052651583672966
75303.77777570527,59758.77877570527,-56925.481897136844,20.733004584495454,401.789,4837,0.6221855746157412,0.016806383477479606
75301.16493360001,59756.165933600016,-56927.96251786392,20.7329288120744,401.795,4838,0.6220406731820297,0.01656957840069223
75300.3631154182,59755.3641154182,-56930.05813876364,20.732905559347127,401.818,4839,0.6219019206280779,0.016342822126779708
75298.3369336,59753.33793360001,-56931.6920024,20.7328468000744,401.86,4840,0.621769844235922,0.01612697636607754
75296.3259974298,59751.3269974298,-56933.357108782984,20.732788482925464,401.885,4841,0.6216447670993822,0.015922569134458178
75295.67297707827,59750.67397707827,-56934.870915443484,20.73276954533527,401.911,4842,0.6215269368005603,0.01573000504281524
75293.74893360001,59748.74993360002,-56937.8040024,20.7327137480744,401.955,4843,0.621416760844462,0.015549950055947897
75292.79809149474,59747.799091494744,-56942.79252871579,20.73268617365335,401.981,4844,0.6213143575521245,0.015382597539936663
75291.7801060138,59746.781106013805,-56948.04424377931,20.7326566520744,402.159,4845,0.621220155874667,0.01522864850787773
75434.87120279195,59889.87220279196,-57037.425050931546,20.736806293880967,402.946,4846,0.6211343428333497,0.015088408599148074
75479.60166525,59934.60266525,-57015.53155995,20.73810347729225,402.955,4847,0.6210570431122433,0.014962081578611588
75479.60166525,59934.60266525,-57015.53155995,20.73810347729225,402.965,4848,0.620988385230337,0.0148498774783453
75486.32706168595,59941.328061685956,-57010.776215166945,20.73829851378889,402.972,4849,0.6209286797044921,0.01475230376033447
75486.32706168595,59941.328061685956,-57010.776215166945,20.73829851378889,402.979,4850,0.620877851079416,0.014669237111814556
75486.32706168595,59941.328061685956,-57010.776215166945,20.73829851378889,402.985,4851,0.620836052871004,0.014600928416040817
75486.32706168595,59941.328061685956,-57010.776215166945,20.73829851378889,402.99,4852,0.6208031385510285,0.014547138209349659
75491.87133481968,59946.87233481968,-57007.04059939673,20.73845929770977,402.996,4853,0.6207791039574765,0.014507859689973666
75496.541184,59951.542184000005,-57002.8754112,20.738594723336,403.019,4854,0.6207637631947699,0.014482789058181676
75502.53611127273,59957.53711127273,-56997.82563665455,20.73876857622691,403.06,4855,0.6207570910054092,0.014471885036920979
75507.709824,59962.71082400001,-56992.64421120001,20.738918613896,403.086,4856,0.6207585823502275,0.01447432226625108
75513.208884,59968.20988400001,-56988.135091200005,20.739078086636,403.113,4857,0.6207682926131648,0.014490191257341025
75516.07179863415,59971.07279863415,-56983.123774126834,20.739161111160392,403.158,4858,0.6207857547305357,0.014518728711657108
75519.52886787098,59974.52986787098,-56978.2996395871,20.739261366168257,403.185,4859,0.6208109873966648,0.014559965180387784
75522.95544282353,59977.95644282353,-56974.34638531765,20.73936073684188,403.332,4860,0.6208435531062285,0.01461318567073307
75548.43713258184,60003.43813258184,-56910.00545170909,20.740099705844873,404.173,4861,0.6208831284248497,0.014677861610266131
75549.0885959534,60004.08959595341,-56889.357020994175,20.74011859828265,404.179,4862,0.6209293957490675,0.014753473955730886
75549.0885959534,60004.08959595341,-56889.357020994175,20.74011859828265,404.185,4863,0.6209817888262134,0.014839097309060582
75549.78331440002,60004.78431440002,-56886.8323608,20.7401387451176,404.19,4864,0.6210399946803591,0.014934220189541525
75549.78331440002,60004.78431440002,-56886.8323608,20.7401387451176,404.195,4865,0.6211035791769814,0.015038133113102549
75549.78331440002,60004.78431440002,-56886.8323608,20.7401387451176,404.2,4866,0.6211721593716998,0.015150210253130748
75549.78331440002,60004.78431440002,-56886.8323608,20.7401387451176,404.206,4867,0.6212450585109702,0.015269345625573255
75551.29313258184,60006.29413258184,-56883.61417898182,20.740182529844873,404.211,4868,0.6213220615023524,0.01539518771574478
75552.85858712728,60007.859587127285,-56880.72508807273,20.74022792802669,404.236,4869,0.6214027913573079,0.01552712043036407
75555.7094962182,60010.710496218206,-56879.108724436366,20.740310604390327,404.263,4870,0.6214867576223543,0.01566434224613605
75556.7826546062,60011.7836546062,-56877.14885564536,20.74034172598358,404.308,4871,0.6215736278325003,0.01580630983235823
75560.066420783,60015.067420783,-56876.88767994894,20.740436955202707,404.335,4872,0.6216628646883492,0.01595214510783002
75561.2266990154,60016.227699015406,-56877.038514646156,20.740470603271447,404.362,4873,0.6217544551403824,0.01610182674638373
75562.96082896313,60017.96182896313,-56877.2096423534,20.740520893039932,404.389,4874,0.6218480979778945,0.016254862494613786
75565.94650670771,60020.947506707715,-56877.40889926154,20.740607477694525,404.538,4875,0.621943561942967,0.016410874419412372
75708.75467258508,60163.75567258509,-56903.05531404179,20.744748914504967,405.339,4876,0.6220407649313576,0.01656972834197359
75717.81136335002,60172.81236335002,-56922.8912049,20.74501155853715,405.347,4877,0.6221397726927049,0.016731531713602588
75717.81136335002,60172.81236335002,-56922.8912049,20.74501155853715,405.355,4878,0.6222404007097261,0.016895982987046178
75718.90001536273,60173.90101536273,-56925.12523562034,20.74504312944552,405.362,4879,0.6223426397427678,0.017063067062406827
75718.90001536273,60173.90101536273,-56925.12523562034,20.74504312944552,405.367,4880,0.6224465923439524,0.017232951535425724
75718.90001536273,60173.90101536273,-56925.12523562034,20.74504312944552,405.373,4881,0.6225525997836334,0.01740619412696338
75718.90001536273,60173.90101536273,-56925.12523562034,20.74504312944552,405.379,4882,0.6226610338965283,0.017583402507672458
75718.58965984391,60173.59065984392,-56926.29330093659,20.745034129135473,405.384,4883,0.6227720041660997,0.017764755600832988
75717.94830960002,60172.94930960002,-56925.524762400004,20.7450155299784,405.409,4884,0.6228859956958596,0.01795104618655381
75716.20605700159,60171.20705700159,-56924.165311691344,20.744965004653046,405.436,4885,0.6230035435959189,0.01814314876819682
75715.1158296,60170.11682960001,-56924.3958024,20.7449333880584,405.481,4886,0.6231255151705691,0.018342480737254016
75714.21188377324,60169.212883773245,-56925.018540037796,20.744907173629425,405.507,4887,0.6232524469196544,0.01854991886825793
75714.0587579721,60169.05975797211,-56925.44615402791,20.744902732981192,405.534,4888,0.6233851419863486,0.018766775697434634
75714.32803883078,60169.32903883078,-56926.32379624616,20.744910542126092,405.561,4889,0.6235243769980383,0.01899432042760143
75714.75980085,60169.76080085001,-56926.70073615,20.74492306322465,405.742,4890,0.6236711892662815,0.019234248284518862
75731.37878283304,60186.37978283304,-57011.877567875235,20.745405013702158,406.446,4891,0.6238263428496548,0.019487807930434416
75728.8346232,60183.83562320001,-57020.65583760001,20.7453312330728,406.455,4892,0.6239908031659523,0.01975657709877037
75728.8346232,60183.83562320001,-57020.65583760001,20.7453312330728,406.463,4893,0.6241657252084586,0.020042443336574282
75726.7430232,60181.74402320001,-57025.67063760001,20.7452705766728,406.471,4894,0.6243521949032625,0.02034718131787329
75724.64722320001,60179.64822320001,-57029.96851032728,20.7452097984728,406.493,4895,0.6245514859097294,0.020672872519682844
75722.19963699311,60177.20063699312,-57034.186065186215,20.7451388184728,406.519,4896,0.6247647618384604,0.02102141857189515
75720.6572232,60175.65822320001,-57039.536237600005,20.7450940884728,406.546,4897,0.624993099833151,0.021394579795916156
75719.50909235889,60174.51009235889,-57043.98385442244,20.74506079267841,406.591,4898,0.6252377861111867,0.021794458191698247
75719.55327824588,60174.55427824588,-57047.34252200368,20.745062074069132,406.617,4899,0.6255000438760121,0.022223052778700125
75719.74856935386,60174.749569353866,-57050.15873760001,20.745067737511263,406.645,4900,0.6257810911346703,0.022682354084165104
75719.88458169058,60174.885581690585,-57053.50784137359,20.745071681869028,406.689,4901,0.6260821942555055,0.023174431669762147
75720.58722320001,60175.588223200015,-57056.44123760001,20.7450920584728,406.716,4902,0.6264041352533646,0.023700563542762267
75720.28791285519,60175.28891285519,-57058.45192725518,20.7450833784728,406.743,4903,0.6267483085547247,0.02426302854375761
75721.08126166154,60176.08226166155,-57061.28066067693,20.745106385588183,406.771,4904,0.6271156305644054,0.02486332430674727
75719.59235594337,60174.593355943376,-57063.983892467266,20.745063207322357,406.925,4905,0.6275071646064901,0.025503188568444968
75718.75580720001,60173.756807200014,-57158.1976736,20.7450389474088,407.69,4906,0.6279236414825768,0.026183815640902015
75721.7325001134,60176.733500113405,-57164.88468147402,20.745125271503287,407.699,4907,0.6283660992742366,0.02690690200827212
75721.7325001134,60176.733500113405,-57164.88468147402,20.745125271503287,407.707,4908,0.6288352095293253,0.027673545147215827
75721.7325001134,60176.733500113405,-57164.88468147402,20.745125271503287,407.714,4909,0.6293316518743007,0.028484855736843926
75721.7325001134,60176.733500113405,-57164.88468147402,20.745125271503287,407.72,4910,0.6298557043724472,0.02934128820190347
75722.14667676523,60177.147676765235,-57167.931586643484,20.745137282626192,407.725,4911,0.6304079536362679,0.030243801213508434
75725.0414187108,60180.0424187108,-57173.64493978705,20.74522123014261,407.765,4912,0.630988785735069,0.031193025705179327
75728.07255720001,60183.07355720001,-57179.7851736,20.745309133158802,407.79,4913,0.6315983939887678,0.03218927760986925
75732.33273027693,60187.333730276936,-57185.83075052308,20.74543267817803,407.834,4914,0.6322366995313682,0.0332324280408736
75736.7010703579,60191.702070357904,-57190.387410442105,20.745559360040378,407.861,4915,0.6329036037376927,0.0343223158200584
75741.35820720001,60196.35920720002,-57195.3104736,20.7456944170088,407.906,4916,0.6335990292730225,0.035458814563207895
75747.43657643077,60202.43757643078,-57200.83767360001,20.745870689716494,407.915,4917,0.6343227884718394,0.03664161757806745
75754.1889808527,60209.18998085271,-57206.321565815575,20.746066509444727,407.96,4918,0.6350743631849838,0.037869878079698986
75761.65126732271,60216.652267322715,-57210.354667465035,20.74628291575236,407.986,4919,0.6358532000224933,0.039142691690905305
75766.77836533955,60221.77936533955,-57213.149534065116,20.746431601594846,408.13,4920,0.6366585861507127,0.040458893463733936
75891.90929040001,60346.91029040002,-57216.52104320001,20.7500603984216,408.92,4921,0.637489725424926,0.04181718229918445
75921.54929040001,60376.55029040002,-57198.80104320001,20.7509199584216,408.93,4922,0.6383457113099331,0.04321607669267694
75926.07879859673,60381.07979859674,-57192.62645303607,20.751051314159305,408.939,4923,0.6392254682061382,0.04465381884624932
75926.07879859673,60381.07979859674,-57192.62645303607,20.751051314159305,408.947,4924,0.6401280078739685,0.046128793730002025
75926.07879859673,60381.07979859674,-57192.62645303607,20.751051314159305,408.953,4925,0.6410522161864123,0.04763918058256793
75926.07879859673,60381.07979859674,-57192.62645303607,20.751051314159305,408.959,4926,0.6419966772110769,0.04918266541732604
75926.07879859673,60381.07979859674,-57192.62645303607,20.751051314159305,408.964,4927,0.642959955889255,0.0507569029904877
75930.37081582374,60385.371815823746,-57186.866127945774,20.75117578265889,408.97,4928,0.6439406409335183,0.052359586906461905
75933.79334445407,60388.79434445407,-57182.65131347028,20.751275035989167,409.013,4929,0.644937343650736,0.053988447694374164
75936.43201767273,60391.43301767274,-57178.189406836376,20.75135155751251,409.039,4930,0.6459483626929716,0.05564070492743104
75939.51442553515,60394.51542553515,-57174.16050265947,20.75144094734052,409.066,4931,0.6469721160294171,0.05731377317278049
75942.26145256218,60397.26245256218,-57169.31347563244,20.751520611124302,409.092,4932,0.6480068671497984,0.05900481453960098
75945.7592904,60400.76029040001,-57164.20729320001,20.751622048421602,409.136,4933,0.6490511929640367,0.06071150334382733
75949.73044084248,60404.731440842486,-57158.94617594337,20.75173721178443,409.163,4934,0.6501034898600838,0.06243121888347975
75953.19822845311,60408.199228453115,-57155.667945854875,20.75183777762514,409.338,4935,0.651162249156082,0.06416149559618231
76088.07749109154,60543.07849109154,-57131.33135959323,20.755749276241655,410.173,4936,0.6522258468499357,0.06589967945753308
76112.4873216,60567.4883216,-57142.841645052635,20.7564571613264,410.182,4937,0.653292561270079,0.0676429568268598
76112.4873216,60567.4883216,-57142.841645052635,20.7564571613264,410.191,4938,0.6543608936703055,0.0693888783791186
76117.99715210848,60572.998152108485,-57148.13847823729,20.756616946411146,410.198,4939,0.655429281028115,0.07113488974577287
76117.99715210848,60572.998152108485,-57148.13847823729,20.756616946411146,410.204,4940,0.6564961825991288,0.0728784729662918
76117.99715210848,60572.998152108485,-57148.13847823729,20.756616946411146,410.21,4941,0.6575600448004746,0.074617089098845
76117.99715210848,60572.998152108485,-57148.13847823729,20.756616946411146,410.216,4942,0.6586195399006421,0.07634856829904797
76123.05282618717,60578.05382618717,-57154.7617561101,20.756763560959428,410.221,4943,0.659673490076311,0.07807098570988105
76126.8536767402,60581.8546767402,-57159.85350437384,20.756873785625466,410.245,4944,0.6607205458256897,0.07978213590889133
76130.0223216,60585.023321600005,-57165.57322400001,20.7569656763264,410.27,4945,0.6617595782735382,0.08148017403242866
76132.1981042087,60587.1991042087,-57171.87383269566,20.757028774022054,410.315,4946,0.6627896162929251,0.0831635130169173
76134.50097544616,60589.50197544617,-57176.55110861539,20.75709555728794,410.324,4947,0.6638094379579002,0.08483015593064233
76136.10296516436,60591.103965164366,-57180.20599627723,20.757142014989768,410.368,4948,0.6648183394515794,0.08647895256130451
76137.29277614546,60592.29377614547,-57184.87413309092,20.757176519508217,410.394,4949,0.665815220804902,0.08810810528515872
76139.11277614546,60594.11377614546,-57188.46322400001,20.757229299508218,410.545,4950,0.666799403893455,0.08971650587781052
76165.8836176421,60620.88461764211,-57274.786136968425,20.75800565391162,411.295,4951,0.6677701122868375,0.09130288545836572
76168.8286308,60623.8296308,-57301.61868960001,20.7580910592932,411.304,4952,0.6687266974995464,0.0928661842397997
76168.8286308,60623.8296308,-57301.61868960001,20.7580910592932,411.313,4953,0.669668573516112,0.09440544452669997
76172.55607482984,60627.55707482985,-57310.07029407762,20.758199155170065,411.32,4954,0.6705952715614,0.09591990022359857
76172.55607482984,60627.55707482985,-57310.07029407762,20.758199155170065,411.327,4955,0.6715062257235809,0.09740862648944454
76178.40746144517,60633.40846144517,-57319.16070572904,20.75836884538191,411.335,4956,0.6724006363677432,0.09887031652138732
76182.68924443636,60637.690244436366,-57325.29646232728,20.758493017088654,411.359,4957,0.6732786452141607,0.10030520192569521
76186.08017491765,60641.08117491765,-57330.975895482356,20.75859135407261,411.402,4958,0.6741398814804552,0.10171267675150007
76190.70277553685,60645.70377553685,-57337.645926442114,20.75872540949057,411.428,4959,0.6749839573945989,0.10309210728260965
76196.93192305352,60651.93292305352,-57344.97682340282,20.758906054768552,411.473,4960,0.6758107507959712,0.10444329387810662
76205.15885138823,60660.159851388235,-57352.61824842353,20.75914463569026,411.5,4961,0.6766198927465935,0.10576563360133198
76215.42388080001,60670.42488080001,-57359.9431896,20.7594423215432,411.527,4962,0.6774112467983957,0.10705890346211297
76225.6987043294,60680.69970432941,-57366.22810136471,20.75974029142555,411.572,4963,0.6781846001247528,0.10832275564867173
76237.16621413334,60692.16721413334,-57370.72985626667,20.760072849209866,411.599,4964,0.6789397155971917,0.10955680263395048
76245.77357645218,60700.77457645218,-57372.805102643484,20.760322462717113,411.738,4965,0.6796764069121999,0.11076073995155122
76378.83949498378,60833.840494983786,-57308.436582745955,20.76418137435453,412.553,4966,0.6803945154039528,0.11193430830195006
76393.28142548572,60848.282425485726,-57277.07777965715,20.764600190339085,412.56,4967,0.6810938339517186,0.1130771691982215
76393.28142548572,60848.282425485726,-57277.07777965715,20.764600190339085,412.567,4968,0.6817741422370819,0.11418896258513374
76394.59737786667,60849.59837786667,-57270.15730346667,20.764638352958134,412.574,4969,0.6824352320871883,0.11526934825633076
76394.59737786667,60849.59837786667,-57270.15730346667,20.764638352958134,412.581,4970,0.6830767919511755,0.11631781706001221
76394.59737786667,60849.59837786667,-57270.15730346667,20.764638352958134,412.587,4971,0.6836986965230369,0.11733416421491537
76394.59737786667,60849.59837786667,-57270.15730346667,20.764638352958134,412.592,4972,0.6843005376612669,0.11831772271604178
76395.89686504616,60850.897865046165,-57263.75679064616,20.76467603808634,412.599,4973,0.6848819096384863,0.11926782950367779
76396.66872090874,60851.66972090874,-57257.16131641166,20.764698421906353,412.622,4974,0.6854425275691108,0.12018401900373658
76396.6325112,60851.63351120001,-57250.06543680001,20.764697371824802,412.645,4975,0.685982043111143,0.12106572193852799
76397.12218178823,60852.123181788236,-57242.98769562354,20.76471157227186,412.697,4976,0.6865000280509194,0.12191223850014246
76396.8782112,60851.87921120001,-57235.409386800005,20.7647044971248,412.706,4977,0.686995826784476,0.12272249726821467
76395.28835270944,60850.28935270944,-57227.791014158494,20.764658391228572,412.75,4978,0.6874692529134278,0.12349619362130106
76392.58865237648,60847.58965237648,-57219.10946032942,20.764580099918916,412.777,4979,0.6879198455878487,0.12423257441570047
76389.69428262858,60844.695282628585,-57210.65777965715,20.764496163196227,412.964,4980,0.6883470841334631,0.12493078873980577
76450.08099701443,60905.08199701444,-57021.89209029279,20.76624737791342,413.722,4981,0.6887506251628911,0.1255902754130075
76474.38508669514,60929.38608669514,-57015.89324933593,20.766952196514158,413.731,4982,0.6891299468349504,0.12621018161668232
76474.38508669514,60929.38608669514,-57015.89324933593,20.766952196514158,413.74,4983,0.6894845740663879,0.1267897309463228
76474.38508669514,60929.38608669514,-57015.89324933593,20.766952196514158,413.748,4984,0.6898139802906366,0.1273280628608487
76484.3249532,60939.32595320001,-57014.32698720001,20.7672404526428,413.754,4985,0.6901176750005837,0.12782437574931987
76495.36469834563,60950.36569834563,-57013.69130758836,20.767560605252022,413.76,4986,0.6903955675371025,0.1282785214521153
76504.33092282616,60959.33192282617,-57013.15488439627,20.76782062576196,413.783,4987,0.6906470078718038,0.12868943766074942
76514.00581858461,60969.00681858462,-57014.96814104616,20.768101197738954,413.825,4988,0.6908715550030561,0.12905640366858384
76524.7660032,60979.7670032,-57018.25206720001,20.7684132430928,413.871,4989,0.6910689553072518,0.12937900499139743
76534.6117914353,60989.6127914353,-57022.0431636706,20.768698770951623,413.897,4990,0.6912387376612056,0.1296564716964214
76541.95628012308,60996.95728012308,-57024.13491027693,20.76891176112357,413.932,4991,0.6913806644025287,0.12988841538404639
76547.88608124878,61002.88708124879,-57025.61759695611,20.769083725356214,413.958,4992,0.6914943335132652,0.13007417905668134
76552.9172032,61007.91820320001,-57027.54732053334,20.769229627892802,413.984,4993,0.6915797786053499,0.13021381764460946
76556.64684836128,61011.64784836129,-57027.13311623227,20.769337787602478,414.028,4994,0.6916368439172272,0.13030707659460652
76561.1107032,61016.111703200004,-57026.106487200006,20.7694672393928,414.203,4995,0.6916654770259324,0.13035387023447545
