x_um_unsmoothed,x_Normalized_um_unsmoothed,y_um_unsmoothed,Temp_DegC,Time_s,frames,Soma_Ratio,Delta_R_25smoothed
49455.78419576269,33910.785195762684,-78863.65837553685,19.983412770677116,0.573,1,0.48145917066532923,0.08019691833090498
49469.633851303355,33924.63485130336,-78861.43378223541,19.9838144106878,0.733,2,0.48147949750952557,0.08024252343264171
49471.58980026667,33926.59080026667,-78857.18714746667,19.983871133207735,0.739,3,0.4815201268248437,0.080333678952932
49474.79003015173,33929.791030151726,-78855.45220493793,19.9839639398744,0.749,4,0.4815809454792158,0.08047013106981456
49479.13531964652,33934.136319646524,-78855.29024824186,19.98408995326975,0.755,5,0.481661904942354,0.08065177090122694
49481.01563360001,33936.01663360001,-78852.64381413333,19.9841444823744,0.76,6,0.4817627099281139,0.08087793594616674
49483.22006383257,33938.22106383256,-78850.87145754418,19.984208410851146,0.765,7,0.4818833585578552,0.08114862198973576
49484.094712547376,33939.09571254738,-78849.41705974737,19.984233775663874,0.771,8,0.48202368434621967,0.08146345550707057
49485.756566435826,33940.75756643583,-78848.84883900896,19.98428196942664,0.794,9,0.48218352795249114,0.08182207900295442
49487.59913360001,33942.600133600004,-78847.86048080001,19.9843354038744,0.819,10,0.4823625810726577,0.08222380076962925
49487.37744552661,33942.378445526614,-78848.00176520368,19.98432897492027,0.847,11,0.4825604701979354,0.08266778280657074
49500.15844651675,33955.15944651674,-78849.59515891159,19.984699623948984,0.872,12,0.48277716243931745,0.0831539513243365
49497.84570294979,33952.846702949784,-78851.16004027137,19.984632554385545,0.917,13,0.4830121518599084,0.0836811712080329
49496.303426618186,33951.30442661818,-78853.14038989092,19.98458782837193,0.944,14,0.4832650838460952,0.08424864685014952
49493.43916260823,33948.440162608225,-78854.93527532055,19.984504764715638,0.971,15,0.4835351556343182,0.08485457717849593
49542.2184859915,33997.2194859915,-78838.09565714042,19.985919365093753,1.611,16,0.48382252950883003,0.08549932629237722
49559.30563237082,34014.30663237082,-78843.17438565838,19.986414892338754,1.62,17,0.48412675084784823,0.08618187420696743
49559.30563237082,34014.30663237082,-78843.17438565838,19.986414892338754,1.629,18,0.4844470368612865,0.08690046466235826
49565.653331903144,34020.65433190315,-78845.5876861453,19.986598975625192,1.635,19,0.48478279451210793,0.08765376712666101
49568.42398709865,34023.42498709865,-78847.58346805791,19.98667932462586,1.642,20,0.48513353636597467,0.08844068799713267
49572.68431989678,34027.68531989679,-78849.31636544516,19.986802874277007,1.683,21,0.4854985494231061,0.08925962759468786
49576.564432800005,34031.56543280001,-78852.4050348,19.9869153975512,1.709,22,0.485876900767897,0.09010849283932476
49578.36371968525,34033.364719685254,-78854.01230939016,19.98696757687087,1.754,23,0.4862680980113242,0.09098617901201855
49577.51993280001,34032.520932800006,-78853.4917848,19.9869431070512,1.78,24,0.48667126419590695,0.09189071857984878
49579.09269169329,34034.093691693284,-78857.29220377233,19.986988717059106,1.825,25,0.48708550923739147,0.09282011455879977
49579.69050529072,34034.69150529071,-78857.36218628699,19.98700605365343,1.852,26,0.48751032399033445,0.09377322463531233
49577.38983523903,34032.39083523903,-78857.1550043122,19.986939334221933,1.879,27,0.4879444831291612,0.09474729968133919
49574.255132800005,34029.2561328,-78857.3473848,19.9868484278512,1.907,28,0.48838736410323913,0.09574094294858705
49574.14107565715,34029.142075657146,-78858.33892765714,19.986845120194058,1.952,29,0.4888378427296355,0.09675163223161565
49571.81203036098,34026.81303036098,-78857.21646772683,19.986777577880467,2.091,30,0.4892950214696908,0.09777735382178018
49544.21470142609,33999.21570142609,-78846.86291227827,19.985977255341357,2.721,31,0.48975785276059036,0.09881575741776104
49540.48512632728,33995.486126327276,-78844.40509607275,19.985869097663493,2.73,32,0.4902251582181771,0.09986419920879978
49538.20515697079,33993.20615697079,-78844.98776205844,19.985802978552154,2.739,33,0.4906958800837634,0.10092030601821972
49536.30862283077,33991.30962283077,-78846.84236880002,19.985747979062094,2.764,34,0.49116917627562573,0.10198218855999565
49532.28258732781,33987.28358732781,-78847.69976524972,19.985631224032506,2.806,35,0.4916436559152661,0.10304672627321859
49529.3241036,33984.3251036,-78847.45089152729,19.9855454280044,2.833,36,0.492118149472638,0.10411129521212299
49525.010246238046,33980.01124623805,-78848.90629518038,19.985420326140904,2.859,37,0.4925915517602459,0.10517341578923899
49521.47634416604,33976.477344166036,-78852.25482163021,19.985317842980816,2.904,38,0.49306271452153383,0.10623051178778899
49515.662853600006,33970.66385360001,-78854.14736880001,19.9851492517544,2.93,39,0.4935304402338743,0.1072798964581363
49512.78176421453,33967.78276421453,-78855.88058109052,19.98506570016222,2.957,40,0.4939932818785035,0.10831832328364001
49509.688463356106,33964.6894633561,-78858.2591980683,19.984975994437328,3.002,41,0.4944502193564154,0.10934350358050354
49504.15101815697,33959.152018156965,-78863.15059664812,19.98481540852655,3.029,42,0.4949000184966984,0.11035266837537107
49498.536101022684,33953.53710102268,-78867.1712347794,19.98465257592966,3.055,43,0.49534342405573883,0.11134748859612703
49490.95567178183,33945.95667178182,-78870.30700516365,19.984432743481673,3.082,44,0.4957780215259059,0.11232254707790883
49487.587075156895,33942.58807515689,-78876.19206939882,19.98433505417955,3.205,45,0.4962006211841568,0.11327068739040826
49369.62873975653,33824.629739756536,-78988.00691770435,19.980914262452938,3.889,46,0.4966122136403769,0.11419413205592949
49347.73642866208,33802.737428662076,-78993.47681950346,19.9802793854312,3.898,47,0.4970111663956852,0.11508921841651983
49347.73642866208,33802.737428662076,-78993.47681950346,19.9802793854312,3.907,48,0.4973971253854258,0.11595515209630365
49336.682455375114,33791.68345537511,-78993.65385258026,19.97995882020588,3.915,49,0.49776884745940714,0.11678914397610383
49325.727288314025,33780.72828831403,-78993.85795630654,19.97964112036111,3.921,50,0.49812543097417894,0.11758917113780858
49316.537231747374,33771.53823174737,-78992.81947376842,19.979374608720672,3.963,51,0.49846614727223487,0.11835359877281766
49307.41119334055,33762.412193340555,-78989.66066153513,19.979109953606876,3.988,52,0.49879056752430884,0.11908146476413352
49301.09069646813,33756.091696468124,-78989.57460936943,19.978926659197576,4.032,53,0.4990973864947888,0.11976984069835847
49293.76166197432,33748.762661974324,-78987.79341630825,19.978714117197256,4.059,54,0.4993862688951848,0.12041797432563273
49292.55107533522,33747.55207533522,-78988.90855456902,19.97867901018472,4.085,55,0.49965686842703794,0.12102508869424188
49284.34108198456,33739.34208198456,-78983.79556931846,19.97844092037755,4.131,56,0.49990887839828346,0.12159049571297598
49279.661241035305,33734.6622410353,-78981.47729110588,19.978305204990022,4.159,57,0.5001418734454116,0.1221132410405733
49276.05211621464,33731.053116214636,-78980.46869713171,19.978200540370224,4.185,58,0.5003551265765823,0.12259169360550563
49274.580873388244,33729.58187338825,-78981.62023228235,19.97815787432826,4.212,59,0.5005490846696906,0.12302685601849153
49267.55508828388,33722.556088283876,-78975.00254252904,19.97795412656023,4.335,60,0.5007236395041561,0.1234184854769331
49170.269429901644,33625.27042990165,-78850.7008875541,19.975132842467147,5.062,61,0.5008784060344016,0.12376571809647365
49166.40564951725,33621.406649517245,-78843.00475555862,19.975020792836,5.071,62,0.5010139041701865,0.12406972034138306
49163.76255404406,33618.76355404405,-78837.2936758837,19.974944143067276,5.08,63,0.5011302796910387,0.1243308192811332
49161.07963854546,33616.08063854546,-78831.65504552728,19.974866338517817,5.104,64,0.5012277392661895,0.12454947859671789
49158.314184,33613.31518400001,-78826.24413643638,19.974786140336,5.128,65,0.5013065479121694,0.12472629287654095
49156.557843574476,33611.55884357447,-78821.2487940766,19.97473520646366,5.172,66,0.5013672903799592,0.12486257406197904
49152.858247745025,33607.85924774503,-78816.47860945339,19.974627918184606,5.199,67,0.5014105577515804,0.12495964829866853
49150.574184000005,33605.575184,-78810.0040690963,19.974561680336,5.243,68,0.5014373429087131,0.1250197432058894
49146.62292186408,33601.623921864084,-78807.5782582369,19.97444709373406,5.27,69,0.5014479098047013,0.12504345098669048
49143.34488167442,33598.345881674424,-78800.95940070698,19.974352030568557,5.297,70,0.5014429916894038,0.12503241675302723
49140.088897375805,33595.0898973758,-78795.9793651567,19.974257607023898,5.323,71,0.5014236170428699,0.12498894799232059
49136.13085066667,33591.13185066667,-78789.7766616889,19.974142823669332,5.368,72,0.5013906303401532,0.12491493936024654
49132.99546059575,33587.99646059575,-78782.76096428937,19.974051897357278,5.396,73,0.5013451048347599,0.12481279879749993
49128.8168291613,33583.8178291613,-78774.86661150969,19.97393071704568,5.423,74,0.5012879560187535,0.12468458029280088
49126.13313136843,33581.134131368424,-78769.44514122106,19.973852889809685,5.543,75,0.5012202494082724,0.12453267442736411
48973.613373,33428.614373000004,-78659.856444,19.969429816817,6.318,76,0.501143169363238,0.12435973841911262
48957.77803371429,33412.779033714294,-78672.97522971428,19.968970591977715,6.327,77,0.5010578176827615,0.12416824425337122
48951.119748000005,33406.120748,-78676.774944,19.968777501692,6.337,78,0.5009654122022932,0.12396092425342024
48951.119748000005,33406.120748,-78676.774944,19.968777501692,6.344,79,0.5008669266721026,0.12373996311550071
48951.119748000005,33406.120748,-78676.774944,19.968777501692,6.351,80,0.5007637303193297,0.12350843282375401
48948.66055698877,33403.661556988765,-78680.2078204045,19.968706185152673,6.356,81,0.5006569870817381,0.1232689447771564
48945.578748,33400.579748000004,-78683.940944,19.968616812692,6.379,82,0.5005477521491419,0.12302386638888638
48943.746498,33398.747498,-78687.15175650001,19.968563677442,6.429,83,0.5004369874640513,0.12277535586341554
48943.03346228572,33398.03446228572,-78688.6982297143,19.968542999406285,6.455,84,0.5003260059287316,0.12252635881496726
48943.04659010527,33398.04759010527,-78690.84368084211,19.968543380113054,6.481,85,0.5002160333824655,0.12227962552413912
48942.373421076925,33397.37442107692,-78693.62894400001,19.96852385821123,6.526,86,0.500107910168894,0.12203704137741174
48940.11146659297,33395.11246659297,-78693.32502440202,19.968458261531197,6.553,87,0.5000027740133639,0.12180115896384835
48938.636731957224,33393.63773195722,-78691.75578891979,19.96841549422676,6.58,88,0.4999017574087968,0.12157451913309619
48937.2345772683,33392.23557726829,-78688.6073830244,19.968374831740782,6.607,89,0.499805756349187,0.12135913212820505
48935.08970452174,33390.09070452175,-78684.30905269565,19.968312630431132,6.759,90,0.49971551594000513,0.12115666966026103
48774.616204800004,33229.6172048,-78610.05696720001,19.9636588989392,7.534,91,0.4996320724880532,0.12096945677670787
48771.722984110354,33226.72398411036,-78611.79210513104,19.9635749955392,7.543,92,0.4995560665915004,0.12079893071710904
48771.722984110354,33226.72398411036,-78611.79210513104,19.9635749955392,7.552,93,0.4994883856862373,0.12064708252363913
48770.9113430199,33225.912343019896,-78611.55016615288,19.963551457947577,7.56,94,0.4994295023640094,0.12051497249835125
48771.69930480001,33226.700304800004,-78611.7075672,19.9635743088392,7.566,95,0.49938028826296027,0.12040455623975503
48770.00066730001,33225.00166730001,-78610.6095297,19.9635250483517,7.608,96,0.49934096743210976,0.1203163364219619
48771.40220181493,33226.40320181493,-78612.31901197613,19.963565692852633,7.634,97,0.49931181829582033,0.12025093771505112
48770.31330480001,33225.314304800006,-78611.38626720001,19.9635341148392,7.678,98,0.4992933466498061,0.12020949491716346
48769.612358568855,33224.61335856885,-78611.24193704926,19.963513787398497,7.705,99,0.4992855850720457,0.12019208111992155
48769.1392167403,33224.1402167403,-78612.72647466269,19.96350006628547,7.732,100,0.49928922981470397,0.12020025842763003
48766.69246774417,33221.693467744175,-78613.82705349442,19.96342911056458,7.777,101,0.49930418451073266,0.12023381063215538
48765.07002064159,33220.0710206416,-78614.5960860119,19.963382059598608,7.804,102,0.4993302535752558,0.12029229892125108
48761.607800452184,33216.60880045219,-78613.90133676522,19.963281655213112,7.831,103,0.4993676011780808,0.12037609162463421
48758.57549081037,33213.576490810374,-78612.55770813265,19.9631937182335,7.858,104,0.4994163781534495,0.1204855271524817
48756.98622018462,33211.987220184616,-78610.49473643077,19.963147629385354,8.011,105,0.4994762182391072,0.120619783762509
48699.85907781525,33154.86007781525,-78521.28136604126,19.961490942256642,8.67,106,0.4995468033325732,0.12077814776321269
48687.271201778145,33142.27220177815,-78482.3456938494,19.961125893851566,8.714,109,0.4996277091821814,0.12095966730785235
48684.81091971571,33139.81191971571,-78452.65997664795,19.961054545671754,8.782,111,0.499718744132922,0.12116391240118912
48684.273443763945,33139.27444376395,-78437.16578344919,19.961038958869153,8.808,112,0.4998194242511419,0.1213897972945811
48686.634087975006,33141.63508797501,-78421.58700015002,19.961107417551275,8.853,113,0.4999295427905695,0.12163685813418755
48689.90432871313,33144.905328713125,-78406.1446507439,19.96120225453268,8.88,114,0.5000483430081698,0.1219033970990006
48694.83628217143,33149.83728217143,-78391.44354925715,19.96134528118297,8.907,115,0.5001754042465576,0.12218847040637189
48701.97418693334,33156.97518693334,-78375.58307306668,19.961552280421067,8.952,116,0.5003100610964228,0.12249058515071372
48709.431292624395,33164.43229262439,-78362.9084064,19.961768536486108,8.978,117,0.5004519677836353,0.12280896555669008
48720.04896055188,33175.049960551885,-78352.86546522354,19.962076448856006,9.005,118,0.5006003393484717,0.12314185049661698
48727.29909553549,33182.300095535495,-78341.08703543227,19.96228670277053,9.049,119,0.5007545434326411,0.12348782121783865
48737.48782134194,33192.48882134195,-78332.77408381936,19.962582175818916,9.151,120,0.5009139966273607,0.12384556879031931
48891.87638526316,33346.87738526316,-78307.10328303158,19.96705944417263,9.958,121,0.5010780711847612,0.12421368480529861
48910.24243384616,33365.24343384616,-78319.72499963078,19.967592059581538,9.967,122,0.5012460753756584,0.1245906173061854
48910.24243384616,33365.24343384616,-78319.72499963078,19.967592059581538,9.976,123,0.5014174606999166,0.12497513568363165
48918.37428,33373.37528000001,-78321.29177585455,19.967827883120002,9.983,124,0.5015916141285435,0.12536586455199986
48918.37428,33373.37528000001,-78321.29177585455,19.967827883120002,9.989,125,0.5017679411774176,0.12576147013273695
48928.23008071175,33383.23108071175,-78323.12141189467,19.96811370134064,9.995,126,0.5019457123996326,0.1261603158461526
48936.19832494382,33391.199324943824,-78323.62526410788,19.968344780423372,10.036,127,0.5021243098725345,0.12656101532723998
48942.70382198474,33397.704821984735,-78323.33734490382,19.968533439837557,10.06,128,0.5023035116912034,0.12696307071236818
48951.092123866176,33406.09312386617,-78322.7537917383,19.96877670059212,10.085,129,0.5024826436254495,0.12736496930551353
48958.58889818182,33413.58989818182,-78319.55106676364,19.968994107047273,10.127,130,0.5026614008945031,0.12776602730362807
48967.17735692308,33422.178356923076,-78314.94299963077,19.96924317235077,10.153,131,0.5028395522503939,0.1281657258811083
48976.87428,33431.87528000001,-78310.35275671579,19.96952438312,10.18,132,0.5030166435797958,0.12856304619389564
48985.48995567568,33440.490955675676,-78304.50250067028,19.969774237714596,10.225,133,0.5031924045435767,0.1289573817118517
48992.68009395349,33447.68109395349,-78297.27385830699,19.96998275172465,10.252,134,0.5033666561810105,0.12934833092050418
49003.15282305883,33458.153823058834,-78176.21968221177,19.970286460868707,11.113,136,0.5035393719853937,0.1297358343496816
48999.406604571435,33454.40760457143,-78170.92972422858,19.970177820532573,11.122,137,0.5037102204183939,0.13011914816333986
48999.406604571435,33454.40760457143,-78170.92972422858,19.970177820532573,11.13,138,0.5038795658780174,0.13049908992115478
48997.845176,33452.84617600001,-78167.32789193044,19.970132539104,11.137,139,0.5040472940478449,0.13087540314396562
48996.57642600001,33451.577426,-78166.8299028,19.970095745354,11.143,140,0.5042133129316252,0.13124788142991542
48997.167051000004,33452.168051,-78168.1292778,19.970112873479,11.187,141,0.5043777941528098,0.13161690983164137
48996.007756645166,33451.00875664517,-78170.51518505807,19.97007925394271,11.214,142,0.5045411655146348,0.13198344816415045
48998.020176000005,33453.02117600001,-78174.73115280001,19.970137614104,11.258,143,0.5047035562827017,0.13234778644643688
48998.60244872728,33453.603448727285,-78180.94047098183,19.97015450001309,11.285,144,0.5048651903348705,0.13271042696859964
48998.63157600001,33453.632576,-78186.36215280001,19.970155344704,11.312,145,0.505026431694509,0.13307218644977903
48999.58324418183,33454.584244181824,-78190.31888007274,19.970182943081273,11.357,146,0.505188043638191,0.13343477736956472
48994.06434759764,33449.06534759764,-78116.02496936805,19.97002289508033,11.384,147,0.5053504057358342,0.13379905132717895
48994.897036465125,33449.89803646512,-78116.65150163721,19.970047043057487,11.411,148,0.5055135312027054,0.13416503797226037
48999.99417600001,33454.99517600001,-78200.66090280001,19.970194860104,11.456,149,0.5056782786453975,0.13453466366586386
48999.76194070589,33454.762940705885,-78203.59997632942,19.970188125280472,11.594,150,0.5058459385881711,0.1349108238151477
48909.95885524529,33364.959855245295,-78298.94173598492,19.967583835802113,12.241,151,0.5060163869174151,0.13529323996007162
48907.57877600001,33362.57977600001,-78299.50456240002,19.967514813504,12.25,152,0.5061902494913308,0.135683316269756
48904.43640887672,33359.43740887672,-78299.61556513974,19.967423684857426,12.26,153,0.5063683706162634,0.13608294702136445
48899.888301000006,33354.889301,-78299.83483740002,19.967291789729,12.286,154,0.5065512898497566,0.13649334276073688
48893.6630040543,33348.6640040543,-78301.09445561268,19.967111256117576,12.313,155,0.506739928913897,0.13691657145420977
48885.74665748149,33340.747657481494,-78301.39777721484,19.966881682066962,12.358,156,0.5069346908279428,0.13735353731170888
48877.05915658253,33332.060156582535,-78301.26975851652,19.966629744540892,12.386,157,0.5071363854872042,0.13780605740614768
48869.78190867327,33324.78290867327,-78304.32286339012,19.966418704351526,12.413,158,0.5073456675959518,0.13827560062539626
48862.258052712335,33317.25905271234,-78306.08816787947,19.96620051252866,12.458,159,0.50756322865113,0.13876371840499446
48857.312580255326,33312.31358025533,-78307.76074963405,19.966057093827406,12.485,160,0.5077894501425516,0.13927126665162176
48848.99112194595,33303.99212194595,-78309.5967461838,19.965815771536434,12.512,161,0.5080252622457954,0.1398003322977845
48841.69407600001,33296.695076,-78312.07866240002,19.965604157204,12.54,162,0.5082711083261513,0.1403519100733563
48834.2789204934,33289.2799204934,-78313.16234565992,19.965389117694308,12.567,163,0.508527490424126,0.14092712635133228
48825.908597052636,33280.90959705264,-78313.98269924211,19.965146378314525,12.611,164,0.5087948006715505,0.1415268609147162
48820.31784615707,33275.31884615707,-78316.50683674557,19.964984246538556,12.722,165,0.5090736586692374,0.14215250389361522
48905.75954007273,33360.76054007273,-78363.47790152728,19.96746205566211,13.463,166,0.5093644848463326,0.1428049985586022
48913.3243128,33368.32531280001,-78371.37079067051,19.9676814340712,13.472,167,0.5096674545293587,0.14348473827048736
48913.3243128,33368.32531280001,-78371.37079067051,19.9676814340712,13.481,168,0.5099829512179428,0.1441925834451492
48916.94741624828,33371.948416248284,-78375.68330121381,19.9677865040712,13.488,169,0.5103108136869622,0.14492817235953565
48921.08487459776,33376.08587459776,-78377.08183666518,19.967906490363337,13.495,170,0.5106514052054063,0.14569232004027163
48925.44704007273,33380.44804007273,-78379.83403789092,19.968032993162108,13.535,171,0.5110048731537271,0.14648535714864627
48905.224407228976,33360.22540722898,-78602.37897303845,19.96744653680964,14.652,181,0.5113711248008072,0.14730707563406378
48907.306412800004,33362.3074128,-78623.04471120001,19.9675069149712,14.661,182,0.5117502260966937,0.14815762346138223
48907.306412800004,33362.3074128,-78623.04471120001,19.9675069149712,14.669,183,0.5121417892773275,0.14903613064708582
48909.28746543158,33364.288465431586,-78633.1487112,19.967564365497516,14.677,184,0.5125459402076088,0.14994287958039038
48910.62456979659,33365.6255697966,-78641.30846546622,19.9676031415241,14.683,185,0.5129623174531206,0.15087705935069867
48913.819922733775,33368.82092273378,-78651.50159861722,19.96769580675928,14.724,186,0.513390416997728,0.15183753915251608
48916.98732534753,33371.98832534753,-78658.18326633309,19.96778766143508,14.768,187,0.5138298571580298,0.15282346264482966
48920.6243207498,33375.625320749794,-78663.57358149289,19.967893134301743,14.795,188,0.5142802433539299,0.15383394455173313
48925.127021165026,33380.12802116503,-78670.6682853445,19.968023712613785,14.821,189,0.5147408376145788,0.1548673291693038
48929.25175762759,33384.25275762759,-78675.09548706208,19.9681433299712,14.847,190,0.5152112871858644,0.15592282506198885
48933.896589791155,33388.89758979116,-78680.48196783717,19.968278030103942,14.892,191,0.5156905350419896,0.15699806069741715
48938.27004916364,33393.27104916364,-78685.70107483637,19.968404860425746,14.919,192,0.5161781450858849,0.15809205765262113
48943.380412800005,33398.38141280001,-78690.42096120001,19.9685530609712,14.946,193,0.5166729826218107,0.15920227013573343
48949.62033685064,33404.62133685064,-78695.73509094685,19.968734018768668,14.992,194,0.5171742904166629,0.16032699922623184
48954.79391280001,33409.794912800004,-78700.7571249931,19.9688840524712,15.132,195,0.5176811650416974,0.16146421800053787
49159.760164800005,33614.7611648,-78892.78630320002,19.9748280737792,17.481,200,0.5181922745402232,0.16261093809411156
49157.74263649812,33612.743636498126,-78901.3097560302,19.974769565458445,17.522,201,0.5187065131110974,0.16376467854270987
49157.282295804376,33612.28329580437,-78908.38221586376,19.974756215578328,17.546,202,0.5192229522595119,0.16492335618478668
49156.76527484785,33611.76627484785,-78914.19091564021,19.97474122197059,17.59,203,0.5197404621400216,0.16608443611054624
49156.296450514295,33611.29745051429,-78920.21230320001,19.974727626064915,17.618,204,0.5202577572902032,0.16724503426951687
49153.97178018462,33608.97278018462,-78925.89095704617,19.974660210625355,17.645,205,0.5207737222998714,0.1684026481387054
49152.90087293398,33607.90187293397,-78929.8776142048,19.974629154315085,17.687,206,0.5212873564826689,0.16955503258833698
49151.288164800004,33606.28916480001,-78933.94030320001,19.9745823857792,17.709,207,0.5217971902302826,0.17069889042008704
49148.06799813334,33603.06899813334,-78939.09896986668,19.974489000945866,17.735,208,0.5223022351077665,0.17183200399132312
49145.97300987043,33600.974009870435,-78943.44455672114,19.974428246286244,17.78,209,0.5228009712669011,0.1729509633859751
49143.42779798778,33598.428797987784,-78947.44221586378,19.974354435141645,17.924,210,0.52329252867257,0.17405381660206942
49051.051865806454,33506.05286580646,-79013.3702503742,19.97167553310839,18.697,211,0.5237756541064614,0.1751377519316958
49032.39524958905,33487.396249589045,-79025.13479743562,19.971134491238082,18.707,212,0.5242490249508857,0.17619980196320342
49032.39524958905,33487.396249589045,-79025.13479743562,19.971134491238082,18.716,213,0.5247116884002218,0.17723782899155263
49027.33802212928,33482.33902212928,-79031.81476956958,19.97098783164175,18.724,214,0.5251628026344757,0.178249944317932
49027.33802212928,33482.33902212928,-79031.81476956958,19.97098783164175,18.731,215,0.525601091190743,0.17923328408309938
49022.39413065421,33477.395130654215,-79038.92095733833,19.97084445878897,18.737,216,0.5260256423199416,0.18018580269604945
49010.23114,33465.23214000001,-79047.7334167579,19.97049173206,18.763,217,0.5264357260135073,0.18110586231696232
49005.45652083539,33460.45752083539,-79055.53174082359,19.970353268104226,18.806,218,0.5268304390556904,0.18199143650013136
49004.3192025,33459.32020250001,-79062.94121610001,19.9703202858725,18.832,219,0.5272090088547272,0.18284079186650154
49000.814721081086,33455.81572108109,-79075.61241035676,19.970218655911353,18.876,220,0.5275707848758666,0.18365246888289477
48996.313526058984,33451.31452605898,-79090.82949408257,19.97008812125571,18.903,221,0.5279151465897925,0.18442507533602331
48996.21237711341,33451.21337711341,-79101.44140102269,19.970085187936288,18.93,222,0.528241699246144,0.1851577255679757
48996.415983750005,33451.41698375001,-79112.76830985,19.97009109252875,18.957,223,0.5285499695876076,0.18584935778343784
48997.65162231512,33452.652622315116,-79120.38474523988,19.97012692604714,18.984,224,0.5288397644047041,0.18649953849957912
49000.45289675676,33455.453896756764,-79128.37491035675,19.970208163005946,19.141,225,0.5291105195674489,0.18710700204008024
49069.904053144775,33524.90505314477,-79225.57870556987,19.972222246541197,19.866,226,0.5293622079349204,0.18767168751184457
49078.11870734118,33533.119707341175,-79229.60349021177,19.972460471512893,19.875,227,0.5295945366569459,0.1881929378791912
49078.11870734118,33533.119707341175,-79229.60349021177,19.972460471512893,19.884,228,0.5298076607972124,0.18867110104143753
49082.6163544,33537.617354400005,-79230.9149608,19.9725909032776,19.89,229,0.5300016951462705,0.18910643454149992
49086.60327747693,33541.60427747693,-79231.63919156924,19.97270652404683,19.897,230,0.5301764585039811,0.18949853184058196
49090.929178827486,33545.93017882749,-79234.5247699603,19.972831975185997,19.938,231,0.5303321093899934,0.18984774859176284
49096.153283860585,33551.15428386058,-79235.83747117345,19.972983474231956,19.963,232,0.5304691757013622,0.1901552691795272
49099.21791690001,33554.218916900005,-79234.948163925,19.9730723485901,20.007,233,0.530588103993883,0.19042209549193453
49103.506586958145,33558.50758695815,-79235.25740266047,19.973196720021786,20.034,234,0.5306885398010301,0.19064743225147843
49107.5136516973,33562.5146516973,-79237.40482566487,19.973312924899222,20.079,235,0.5307709773611823,0.19083238832637883
49110.7969329124,33565.79793291241,-79237.17012608926,19.97340814005446,20.106,236,0.5308360920320031,0.19097847894224887
49115.68572148861,33570.686721488615,-79236.7741380152,19.97354991492317,20.133,237,0.5308844585407652,0.19108699355137554
49119.43521154286,33574.43621154287,-79236.67481794287,19.973658650134745,20.16,238,0.5309164823651362,0.19115884187934692
49125.623467370715,33580.62446737071,-79236.9028896703,19.97383810955375,20.205,239,0.5309321399348496,0.19119397104415134
49131.31521154286,33586.31621154286,-79236.2839608,19.974003170134743,20.312,240,0.5309322274177679,0.1911941673199408
49267.837262669666,33722.83826266967,-79346.4661614472,19.97796230961742,20.97,241,0.5309173098589917,0.19116069843617883
49270.29724038348,33725.298240383476,-79355.40035589422,19.97803364897112,20.978,242,0.530887710700863,0.19109429006482817
49273.23425467119,33728.23525467119,-79371.37185750509,19.978118822385465,21.01,244,0.5308438841338513,0.19099596122302487
49273.93621686154,33728.93721686154,-79378.5756515077,19.978139179288984,21.033,245,0.5307860985352265,0.1908663140392935
49274.52424921546,33729.525249215454,-79385.97688623863,19.97815623222725,21.076,246,0.5307146786684238,0.1907060771495874
49274.0518784,33729.052878400005,-79393.66075920001,19.9781425334736,21.103,247,0.530630090939652,0.19051629697815212
49273.0834284,33728.084428400005,-79399.91358420001,19.9781144484236,21.129,248,0.5305326138404637,0.19029759834581428
49272.55630002163,33727.557300021625,-79405.6525537946,19.978099161700626,21.156,249,0.5304225374046043,0.19005063196934704
49271.40429925308,33726.40529925308,-79410.58170327584,19.97806575367834,21.201,250,0.5303002141165537,0.18977618867935886
49270.1966784,33725.1976784,-79421.18995920001,19.9780307326736,21.255,252,0.5301658162072125,0.18947465489135376
49267.86989963894,33722.87089963895,-79429.940879554,19.97796325608953,21.327,254,0.5300196239522065,0.1891466594288868
49187.79794781177,33642.79894781177,-79524.73009905884,19.97564116948654,22.244,256,0.52986162658398,0.188792178133979
49168.21641840001,33623.2174184,-79532.05645200002,19.9750733051336,22.253,257,0.5296919185504588,0.18841142290904023
49168.21641840001,33623.2174184,-79532.05645200002,19.9750733051336,22.26,258,0.529510765779838,0.18800499038787485
49163.116771341185,33618.11777134119,-79532.45951082354,19.974925415368894,22.267,259,0.5293180597173422,0.18757263701808866
49163.116771341185,33618.11777134119,-79532.45951082354,19.974925415368894,22.273,260,0.5291139245593035,0.1871146414453141
49157.37647319453,33612.37747319453,-79535.02012323288,19.97475894672264,22.278,261,0.5288981904737059,0.18663062263616056
49152.44230301539,33607.44330301539,-79539.4917789231,19.974615855787448,22.305,262,0.5286712458414011,0.18612145195797286
49146.71172609231,33601.712726092315,-79542.39099046156,19.97444966905668,22.348,263,0.528432999340722,0.18558692452238343
49141.6094184,33596.6104184,-79547.49295200002,19.9743017021336,22.371,264,0.5281834768882343,0.18502709847553697
49139.198277321164,33594.19927732117,-79554.51950594192,19.974231779042313,22.413,265,0.5279210725108701,0.18443837067252578
49135.75813268572,33590.75913268572,-79562.02216628572,19.974132014847886,22.44,266,0.5276476773738158,0.1838249841124057
49128.72218435745,33583.723184357455,-79573.31213285108,19.973927972346367,22.466,267,0.5273650625635745,0.18319091238691454
49126.99480301539,33581.995803015394,-79579.30206738463,19.973877878287446,22.511,268,0.5270711212934608,0.18253142873078573
49126.5944184,33581.5954184,-79587.94120200002,19.9738662671336,22.539,269,0.5267664254108088,0.18184781613490555
49125.620018400004,33580.62101840001,-79599.82165200001,19.9738380095336,22.687,270,0.5264509606552625,0.18114004260488403
49231.328987552544,33686.32998755254,-79714.98924898983,19.976903569639024,23.381,271,0.5261250854314751,0.18040891225376998
49239.31557917254,33694.31657917253,-79715.92050053562,19.977135180796004,23.39,272,0.5257891706338542,0.17965525721649991
49244.77115604706,33699.77215604707,-79716.05439854118,19.977293392525365,23.399,273,0.5254435949795392,0.1788799271790111
49251.205459452634,33706.20645945263,-79717.4220456,19.977479987324127,23.423,274,0.525088640866695,0.17808355572696613
49257.93978518112,33712.94078518113,-79716.16925590043,19.977675282770253,23.447,275,0.5247251708941871,0.17726807817844148
49264.03927977932,33719.04027977932,-79715.48678697931,19.9778521681136,23.49,276,0.524354041645126,0.17643541635462723
49269.53026015733,33724.531260157324,-79715.63133430293,19.978011406544564,23.517,277,0.5239754322884054,0.17558597223703837
49274.75627568814,33729.75727568814,-79715.12806254916,19.978162960994958,23.561,278,0.5235900899231404,0.17472142200968185
49281.06321865752,33736.06421865751,-79713.97912714507,19.97834586234107,23.587,279,0.5231989751016898,0.17384392075809982
49285.56767131139,33740.5686713114,-79711.47293167595,19.97847649146803,23.614,280,0.5228029874004761,0.17295548676284161
49290.69824321928,33745.69924321928,-79710.5350576482,19.978625278053357,23.659,281,0.5224027840264305,0.17205759452672037
49295.13926062223,33750.140260622225,-79709.76871226667,19.978754067558043,23.685,282,0.5219995890514215,0.17115299036498155
49297.92840936775,33752.929409367745,-79708.28365850323,19.978834952871665,23.713,283,0.5215946185785465,0.17024440271421545
49300.42393796332,33755.424937963326,-79707.56580105852,19.978907323200936,23.738,284,0.5211886274229364,0.16933352507000393
49301.57854467616,33756.57954467616,-79708.09769413556,19.97894080679561,23.863,285,0.5207829991039219,0.16842346148230306
49385.004039600004,33840.0050396,-79729.120212,19.9813601461484,24.585,286,0.5203789821657367,0.16751701317230827
49399.620789600005,33854.6217896,-79749.593712,19.9817840318984,24.591,287,0.5199780544205738,0.1666174957444858
49399.620789600005,33854.6217896,-79749.593712,19.9817840318984,24.597,288,0.519581368681183,0.16572749563784417
49402.50713277343,33857.50813277344,-79755.79695369741,19.98186773585043,24.602,289,0.5191903106953185,0.16485012190200743
49402.50713277343,33857.50813277344,-79755.79695369741,19.98186773585043,24.607,290,0.5188058450353156,0.1639875386416962
49406.01265752453,33861.01365752453,-79761.92260822642,19.981969396068212,24.631,291,0.5184297545695664,0.16314374588237568
49409.29314624336,33864.29414624337,-79768.50784137064,19.982064530241058,24.674,292,0.518063456719846,0.16232192373718224
49412.30139543942,33867.302395439416,-79774.98129959124,19.982151769467745,24.701,293,0.5177083485846479,0.16152520672214404
49415.350921675476,33870.35192167548,-79783.03355162265,19.98224020572859,24.744,294,0.5173655544965671,0.16075611737848228
49417.47152544906,33872.47252544906,-79790.45091011321,19.982301703238022,24.771,295,0.5170365710071595,0.16001801335410837
49420.490983629854,33875.49198362985,-79796.92639110448,19.982389267525267,24.797,296,0.5167229628732429,0.15931440532156835
49421.32537099536,33876.32637099536,-79805.11628176745,19.982413464758867,24.823,297,0.5164257824401224,0.15864765431212874
49422.03865989289,33877.03965989289,-79815.60093584938,19.982434150136893,24.867,298,0.5161463621841754,0.15802074985629289
49421.06398047137,33876.064980471376,-79826.76820785062,19.98240588443367,24.894,299,0.5158853957600144,0.15743524823052246
49419.11032395115,33874.11132395115,-79835.68431123665,19.982349228394582,25.043,300,0.5156442916842412,0.15689430956839814
49350.98913062069,33805.99013062069,-79937.26508358622,19.980373713788,25.768,301,0.5154240682442891,0.15640021848929014
49342.44990141177,33797.450901411765,-79941.70849129412,19.98012607614094,25.777,302,0.5152256301675883,0.15595500483049632
49342.44990141177,33797.450901411765,-79941.70849129412,19.98012607614094,25.786,303,0.515049866652588,0.15556066358865037
49338.84999990698,33793.85099990698,-79943.2154187907,19.980021678997304,25.792,304,0.5148976052759163,0.15521905150629187
49333.90977005826,33788.91077005825,-79945.10083852427,19.97987841233169,25.799,305,0.5147698057034029,0.15493232167995535
49329.92359173094,33784.924591730945,-79946.02231878028,19.979762813160196,25.849,306,0.5146666134773057,0.15470080064677638
49327.53089373913,33782.53189373913,-79947.16295165218,19.979693424918434,25.876,307,0.5145886596325178,0.15452590419024903
49323.9436692973,33778.9446692973,-79947.99322897298,19.979589395409622,25.903,308,0.5145364589777726,0.15440878733003283
49321.71470533334,33776.715705333336,-79949.89442266666,19.979524755454666,25.948,309,0.5145102210587421,0.15434992020067492
49317.77005400837,33772.771054008364,-79950.70335223431,19.97941036056624,25.974,310,0.5145099891358857,0.15434939986090365
49314.491826545454,33769.49282654545,-79951.48207418183,19.97931529196982,26.002,311,0.514535935101378,0.15440761196626054
49309.47454591305,33764.475545913054,-79950.76764730435,19.979169790831477,26.028,312,0.514588208665472,0.15452489240515313
49304.91102953425,33759.91202953424,-79951.98299572602,19.97903744885649,26.073,313,0.5146663970329259,0.15470031503435847
49300.97944892308,33755.980448923074,-79952.50102523077,19.978923433018767,26.101,314,0.5147702685426319,0.15493336010136105
49296.376024173915,33751.37702417391,-79950.88269078262,19.978789933701044,26.213,315,0.5148996201752704,0.1552235721140725
49259.84759931101,33714.84859931101,-79975.7526408115,19.977730609380018,26.88,316,0.5150539961300487,0.15556992844245124
49260.43850050486,33715.43950050486,-79976.10968080777,19.97774774551464,26.886,317,0.5152326218662672,0.1559706913348294
49262.2428694369,33717.243869436905,-79976.72133129321,19.97780007221367,26.891,318,0.5154349504854285,0.15642463377527815
49261.66767811765,33716.668678117654,-79976.75089440001,19.97778339166541,26.914,319,0.5156605052033422,0.15693068605561714
49261.44544932664,33716.44644932664,-79976.95720093267,19.977776947030474,26.957,320,0.5159082579983016,0.15748654171675922
49262.19267811765,33717.19367811765,-79976.4420708706,19.97779861666541,27.0,321,0.5161778355827612,0.15809136325454798
49260.931514434786,33715.93251443478,-79976.32632918262,19.97776204291861,27.027,322,0.5164671731418897,0.15874051807134398
49261.83656310448,33716.83756310448,-79978.14723768359,19.97778828933003,27.054,323,0.5167755029551641,0.1594322837171582
49261.3005179713,33716.3015179713,-79978.700679089,19.977772744021166,27.099,324,0.517101957694128,0.16016471426265202
49260.1729722353,33715.173972235294,-79979.98118851766,19.977740045194825,27.137,325,0.5174451140286961,0.1609346163388632
49261.67412313044,33716.67512313044,-79982.91241613914,19.977783578570783,27.163,326,0.5178033670095759,0.1617383890978168
49261.09554189474,33716.096541894745,-79983.95168387369,19.97776679971495,27.19,327,0.5181754226228344,0.1625731293029608
49261.926384000006,33716.92738400001,-79984.3198944,19.977790894136,27.217,328,0.5185597782545427,0.16343546570490458
49260.31673182609,33715.317731826086,-79983.3506770087,19.977744214222955,27.243,329,0.5189551871829636,0.16432260117138783
49259.824544804025,33714.82554480403,-79983.307854199,19.977729940799318,27.397,330,0.5193601565222911,0.16523118627893804
49212.48829387827,33667.48929387827,-79959.77492817391,19.97635718952247,28.09,331,0.5197729409557684,0.1661573052525595
49204.57560483039,33659.57660483039,-79962.16261777215,19.97612772154008,28.099,332,0.5201917216119742,0.1670968772907554
49204.57560483039,33659.57660483039,-79962.16261777215,19.97612772154008,28.108,333,0.5206150228525176,0.16804659166617938
49201.73376416148,33656.734764161476,-79966.44041361468,19.976045308160682,28.115,334,0.5210409835587833,0.1690022727919587
49201.73376416148,33656.734764161476,-79966.44041361468,19.976045308160682,28.121,335,0.5214678834602119,0.16996006108649203
49198.609276831725,33653.61027683172,-79970.36452710132,19.97595469802812,28.127,336,0.5218940584725281,0.1709162230271556
49195.15788032127,33650.158880321265,-79972.55118151181,19.975854607529318,28.153,337,0.5223180907582899,0.17186757756822657
49194.41539854815,33649.41639854816,-79976.80564637037,19.975833075557897,28.179,338,0.5227381239391257,0.17280995975799457
49191.87266524717,33646.87366524717,-79981.2239222882,19.975759336292167,28.225,339,0.5231525393336313,0.17373973793925804
49189.102496301646,33644.10349630164,-79985.92625960655,19.97567900139275,28.249,340,0.5235595665496292,0.17465294007806081
49185.8007023573,33640.801702357305,-79990.78730446975,19.975583249368363,28.291,341,0.5239576950401661,0.1755461771265594
49178.164250400005,33633.16525040001,-80000.724776,19.9753617922616,28.318,342,0.5243455098431185,0.17641627449006655
49182.48676457005,33637.48776457005,-80002.4385148664,19.975487145172533,28.345,343,0.5247210871891141,0.1772589160191059
49178.95621591725,33633.95721591725,-80007.84631048277,19.9753847592616,28.391,344,0.5250830525529748,0.17807101784291066
49177.64888974427,33632.649889744265,-80013.21455468853,19.975346846802584,28.5,345,0.5254300865929338,0.17884961989965734
49217.01572823831,33672.016728238304,-80129.64800364256,19.97648848511891,29.166,346,0.5257611552451482,0.17959240217418296
49223.13414067693,33678.135140676924,-80135.81815421539,19.976665919079633,29.175,347,0.5260746061274887,0.18029565739867973
49223.13414067693,33678.135140676924,-80135.81815421539,19.976665919079633,29.184,348,0.5263691051652486,0.18095639245664957
49227.472672145464,33682.47367214547,-80139.88367869092,19.976791736492217,29.192,349,0.5266439113494746,0.18157294482791095
49231.24875606155,33686.249756061545,-80142.77507729232,19.976901242925784,29.198,350,0.5268979047916124,0.1821428019418471
49236.6401433642,33691.641143364206,-80146.18377396683,19.97705759315756,29.242,351,0.5271295847541635,0.18266259675900867
49241.4335431814,33696.4345431814,-80147.7550951814,19.97719660175226,29.267,352,0.5273381860231993,0.1831306124531764
49247.53159260001,33702.53259260001,-80150.48151960001,19.9773734451854,29.311,353,0.5275231651462544,0.18354562973990418
49252.01657539817,33707.017575398175,-80153.38020079267,19.977503509686546,29.338,354,0.5276839123537067,0.18390628054624422
49257.5759061246,33712.576906124596,-80155.77252369837,19.977664730277613,29.365,355,0.5278197584820582,0.1842110635437509
49263.79830193736,33718.79930193735,-80157.84168526267,19.977845179756184,29.411,356,0.5279301135707795,0.18445865510295648
49267.416629364714,33722.41762936472,-80159.98512254118,19.977950111251577,29.421,357,0.5280144181810789,0.18464780007265486
49272.49696336272,33727.49796336272,-80162.51539671866,19.978097440937518,29.467,358,0.5280727803701735,0.18477874088892368
49275.76378902858,33730.76478902857,-80164.30648388572,19.97819217888183,29.495,359,0.5281048844267304,0.18485076922501464
49280.313099952946,33735.31409995294,-80165.79276960001,19.978324108898637,29.645,360,0.5281107363593964,0.18486389856186652
49399.837770000006,33854.83877,-80180.57708520001,19.98179032433,30.36,361,0.5280902563067389,0.18481794972317817
49411.78550275863,33866.78650275862,-80187.71111106209,19.98213680858,30.369,362,0.5280436588560408,0.18471340415480395
49411.78550275863,33866.78650275862,-80187.71111106209,19.98213680858,30.378,363,0.5279714439723303,0.18455138357321682
49417.39576137932,33872.39676137932,-80193.58205933795,19.98229950608,30.386,364,0.527873618398421,0.18433190310652467
49421.90486042554,33876.90586042554,-80198.03802668938,19.982430269952342,30.392,365,0.5277505323357653,0.1840557484631592
49426.12656878049,33881.12756878049,-80201.73624983415,19.982552699494633,30.436,366,0.5276036352279251,0.18372617160001325
49429.338805714295,33884.33980571429,-80207.13169234287,19.982645854365714,30.461,367,0.5274327779029226,0.18334283783634883
49431.637912712555,33886.63891271256,-80210.44344248746,19.982712528468664,30.504,368,0.527238599122832,0.18290718029228475
49434.272520000006,33889.27352,-80212.88033520001,19.98278893208,30.531,369,0.5270222100032204,0.1824216918554526
49437.36925170732,33892.370251707325,-80216.1596644683,19.98287873729951,30.558,370,0.5267845787267251,0.18188854473061028
49440.271634754106,33895.2726347541,-80220.86980241313,19.98296290640787,30.591,371,0.5265266517010029,0.1813098622683894
49442.256755294125,33897.25775529412,-80223.96048225884,19.98302047490353,30.618,372,0.5262495366115448,0.18068812966073772
49444.934084516135,33899.93508451614,-80227.28057713549,19.983098117450968,30.663,373,0.5259542959590224,0.18002573072339897
49448.02332000001,33903.02432000001,-80231.82275520002,19.98318770528,30.689,374,0.5256420376725025,0.1793251511948047
49450.396945531924,33905.39794553192,-80236.0578564766,19.983256540420427,30.839,375,0.5253140919175409,0.17858937542092185
49351.51588080913,33806.516880809126,-80477.88024928975,19.980388989543464,33.075,376,0.5249717596956011,0.17782132231545553
49351.62756930371,33806.628569303706,-80477.55691454816,19.980392228509807,33.085,377,0.5246161069556895,0.17702338343079888
49351.62756930371,33806.628569303706,-80477.55691454816,19.980392228509807,33.094,378,0.5242487167761878,0.17619911054557297
49349.19747154796,33804.19847154796,-80477.71493740373,19.98032175567489,33.101,379,0.5238710861412561,0.17535186227827576
49349.19747154796,33804.19847154796,-80477.71493740373,19.98032175567489,33.108,380,0.5234846611570719,0.17448488309807864
49348.80709394647,33803.80809394647,-80478.7034120693,19.980310434724448,33.113,381,0.5230907652369348,0.17360114220165473
49347.32863832728,33802.32963832728,-80479.65626640001,19.980267559511493,33.136,382,0.522691207790085,0.1727046991612474
49348.08718510208,33803.08818510208,-80479.28876640002,19.98028955736796,33.179,383,0.5222872237486129,0.1717983246579847
49347.3645107613,33802.3655107613,-80479.22271801291,19.980268599812078,33.207,384,0.5218800169298377,0.17088471956421003
49348.170585600004,33803.17158560001,-80480.59412640001,19.9802919759824,33.252,385,0.5214713208923619,0.16996777327444415
49351.65338101851,33806.65438101851,-80481.96418490222,19.980392977049537,33.293,386,0.5210624553425566,0.1690504466685326
49349.693495229636,33804.69449522963,-80481.77247010372,19.980336140361658,33.301,387,0.5206550999611776,0.16813650826120524
49349.55268912942,33804.55368912942,-80482.00464875296,19.980332056984754,33.327,388,0.5202506519812187,0.16722909287025295
49349.36439657346,33804.365396573456,-80482.28266020532,19.980326596500632,33.371,389,0.519850128831756,0.16633048318924523
49348.35683857298,33803.35783857298,-80483.15390153514,19.980297377318617,33.516,390,0.5194548260277305,0.16544358582238072
49287.05780272942,33742.058802729414,-80487.82208597648,19.978519705279155,34.267,391,0.5190660767666437,0.16457139191806883
49286.307403857536,33741.30840385753,-80487.41756945754,19.97849794371187,34.276,392,0.5186850814822378,0.16371659475729364
49286.307403857536,33741.30840385753,-80487.41756945754,19.97849794371187,34.284,393,0.5183128856075405,0.16288153986300657
49286.4181301434,33741.419130143404,-80487.8353712151,19.978501154774158,34.292,394,0.5179505824761397,0.16206868022737017
49288.3171419907,33743.318141990705,-80489.74767968373,19.978556226117732,34.298,395,0.5175991885708909,0.16128029642102285
49294.42417337476,33749.425173374766,-80489.47084382913,19.978733330027868,34.359,396,0.5172592536252238,0.16051762182031862
49300.6479792,33755.64897920001,-80485.3241448,19.9789138203968,34.367,397,0.516931878986995,0.1597831273981523
49306.62043589292,33761.621435892914,-80480.4752471622,19.979087021640893,34.411,398,0.5166176680023663,0.1590781668158612
49312.34734603417,33767.34834603417,-80478.69248650855,19.979253102034992,34.438,399,0.5163172370325536,0.15840412293522563
49316.50972177426,33771.51072177426,-80475.01899628516,19.979373810931452,34.466,400,0.5160310255509338,0.1577619817542624
49319.61981253334,33774.620812533336,-80471.47331146667,19.979464003563468,34.51,401,0.515759425672545,0.1571526230182988
49321.13350750189,33776.13450750189,-80470.87886178114,19.979507900717554,34.537,402,0.5155028310229124,0.15657692986157634
49321.8159792,33776.8169792,-80469.5501448,19.9795276923968,34.564,403,0.5152612200170584,0.15603485385625773
49322.35213453981,33777.35313453981,-80467.77560111068,19.979543240901656,34.591,404,0.5150350387999799,0.1555273959687386
49324.133334038714,33779.13433403871,-80466.2576931871,19.97959489568712,34.745,405,0.5148242232760116,0.15505441239463372
49396.16628102858,33851.16728102858,-80424.78050262858,19.98168385114983,35.375,406,0.5146286031175382,0.15461552098863063
49404.6700068973,33859.671006897304,-80417.19085011893,19.981930459200022,35.384,407,0.5144478841788389,0.1542100618083698
49404.6700068973,33859.671006897304,-80417.19085011893,19.981930459200022,35.392,408,0.5142818247667786,0.15383749259358165
49406.21838401861,33861.21938401861,-80414.07337306047,19.981975362136538,35.399,409,0.5141302028603248,0.15349731522012644
49410.472411092545,33865.47341109255,-80411.98252821494,19.982098728921684,35.422,410,0.5139924500675589,0.15318825444965314
49414.389055753854,33869.39005575386,-80408.16548889232,19.982212311616863,35.446,411,0.5138678577432403,0.15290872037287845
49417.90060433685,33872.90160433685,-80404.3269312,19.98231414652577,35.488,412,0.5137558596332328,0.1526574425477582
49424.81012895484,33879.81112895484,-80401.34773765162,19.98251452273969,35.53,413,0.5136558896487755,0.1524331509032827
49429.61200608242,33884.61300608242,-80395.83248396382,19.98265377717639,35.557,414,0.5135672897131248,0.15223436898513595
49434.989901089364,33889.99090108936,-80389.30031417873,19.982809736131593,35.585,415,0.5134891241377145,0.152058997491929
49441.62937626667,33896.630376266665,-80380.83259786668,19.983002280911734,35.631,416,0.513420526912077,0.15190509345134887
49447.209632676924,33902.21063267693,-80370.75439273847,19.98316410834763,35.658,417,0.5133614288666015,0.1517725016751579
49452.7197096,33907.720709600006,-80360.87268120001,19.9833239005784,35.685,418,0.5133102390834297,0.15165765279616394
49455.86353312941,33910.86453312941,-80349.85416649413,19.983415071460755,35.712,419,0.5132657598280795,0.15155785958941612
49457.34785885373,33912.34885885373,-80340.78469239404,19.983458116906757,35.829,420,0.5132278152369726,0.1514727274891709
49461.011852420816,33916.01285242081,-80329.74506259886,19.983564372720203,36.587,421,0.5131952262680792,0.15139961120867396
49468.624878734336,33923.62587873434,-80335.83525102091,19.983785150483296,36.596,422,0.5131668760756827,0.15133600500418828
49468.624878734336,33923.62587873434,-80335.83525102091,19.983785150483296,36.605,423,0.5131419623916899,0.15128010891514687
49468.624878734336,33923.62587873434,-80335.83525102091,19.983785150483296,36.612,424,0.5131197946784702,0.15123037365831674
49471.747675812774,33926.74867581278,-80336.84224498725,19.98387571159857,36.619,425,0.5130993085354908,0.15118441115544384
49473.48781329231,33928.48881329231,-80336.66450750771,19.983926175585477,36.624,426,0.5130797633148989,0.15114055969650853
49476.45850560001,33931.45950560001,-80336.78947770002,19.984012325662402,36.665,427,0.5130604632433329,0.15109725825144438
49477.067505600004,33932.06850560001,-80333.02453284708,19.9840299866624,36.69,428,0.5130407156510054,0.15105295275333305
49479.7483348683,33934.749334868306,-80334.48597617562,19.98410773071118,36.716,429,0.5130199794205633,0.1510064291567623
49483.22842363279,33938.22942363279,-80338.65966110166,19.98420865328535,36.761,430,0.5129977948194469,0.15095665601041783
49485.05226031699,33940.053260316985,-80341.65313218115,19.98426154454919,36.787,431,0.5129734700385675,0.1509020811784365
49488.43954683712,33943.440546837126,-80346.51511623095,19.984359775858277,36.815,432,0.5129467747485819,0.15084218789623643
49490.343194789195,33945.3441947892,-80352.98186114596,19.984414981648886,36.841,433,0.5129172658456085,0.15077598202043785
49493.2277111336,33948.228711133605,-80360.34371164271,19.984498632622874,36.886,434,0.5128847483265591,0.150703026044087
49493.70834770527,33948.70934770527,-80372.78078362107,19.984512571083453,37.03,435,0.512848944282838,0.15062269645427398
49410.451923124536,33865.45292312454,-80470.55619242265,19.982098134770613,37.702,436,0.5128096570932772,0.15053455211373762
49400.90190135385,33855.90290135385,-80471.48839126155,19.98182118413926,37.711,437,0.5127667900945249,0.1504383761495611
49400.90190135385,33855.90290135385,-80471.48839126155,19.98182118413926,37.72,438,0.512720282876469,0.150334033026229
49395.58416856033,33850.58516856033,-80470.89920097814,19.98166696988825,37.727,439,0.5126703136385906,0.15022192255029193
49391.86636505916,33846.867365059166,-80472.7554443493,19.981559153586716,37.733,440,0.5126169068892129,0.15010209970837546
49387.922853406286,33842.92385340629,-80475.33945369687,19.981444791748782,37.776,441,0.5125601219042528,0.14997469749132641
49381.55646848414,33836.55746848414,-80474.92164984798,19.98126016658604,37.802,442,0.5125001726085252,0.14984019585869246
49376.6280552,33831.6290552,-80477.64919322553,19.9811172426008,37.829,443,0.5124372749839509,0.14969907938532329
49372.03380991699,33827.03480991699,-80480.9630792151,19.980984009487592,37.874,444,0.5123720831790897,0.14955281571230158
49368.22805520001,33823.229055200005,-80483.11938801127,19.980873642600802,37.901,445,0.5123047056380581,0.14940164814374857
49364.28415276098,33819.285152760975,-80483.78343816586,19.980759269430067,37.946,446,0.5122352640966329,0.1492458498048199
49357.79383833254,33812.79483833254,-80487.8460094265,19.980571050311642,37.973,447,0.5121644015913984,0.14908686340588245
49352.93894015576,33807.93994015576,-80494.62941917169,19.980430258264516,38.001,448,0.5120923403013886,0.14892518742556626
49344.68746696471,33799.68846696471,-80502.27097044706,19.980190965541976,38.026,449,0.5120195603097469,0.1487618989735489
49336.43467284706,33791.43567284706,-80512.05758809412,19.979951634512563,38.214,450,0.5119464984853512,0.1485979782044195
49342.54864397289,33797.54964397289,-80529.6155769356,19.980128939675215,38.955,451,0.5118734592973153,0.1484341082219976
49355.61989470346,33810.62089470346,-80515.76259914483,19.9805080059464,38.964,452,0.5118008391858057,0.14827117847542495
49355.61989470346,33810.62089470346,-80515.76259914483,19.9805080059464,38.973,453,0.511728998635117,0.14810999774361372
49358.49193493334,33813.49293493334,-80510.82828880001,19.980591295113065,38.98,454,0.5116582830917525,0.14795134106683916
49358.49193493334,33813.49293493334,-80510.82828880001,19.980591295113065,38.986,455,0.5115890615242548,0.14779603625918578
49362.328733178954,33817.32973317895,-80507.11092037895,19.980702562262188,38.992,456,0.5115215194412412,0.14764449952590883
49363.409086674634,33818.41008667463,-80503.57910969552,19.980733892513562,39.015,457,0.5114561310188264,0.14749779472373534
49364.957503469166,33819.95850346917,-80501.15226076262,19.980778796600607,39.057,458,0.5113931594888191,0.14735651243688558
49366.517458383925,33821.51845838393,-80498.79303754373,19.980824035293136,39.101,459,0.511332796193637,0.14722108195926914
49368.835332369235,33823.83633236923,-80496.6346010172,19.980891253638706,39.128,460,0.5112752662623822,0.14709200838825917
49373.64428341819,33828.645283418184,-80493.8023797091,19.981030713219127,39.154,461,0.5112206050878183,0.1469693711307018
49379.05865479149,33834.05965479149,-80489.07690582128,19.981187729988953,39.181,462,0.5111692635615341,0.14685418180239818
49385.31436246957,33840.31536246957,-80483.06294097392,19.981369145511618,39.226,463,0.5111212093596398,0.14674636788179635
49392.34034160001,33847.34134160001,-80476.84160880001,19.9815728989064,39.252,464,0.5110764967275389,0.14664605107333437
49400.729663243845,33855.73066324384,-80472.22904222466,19.98181618923407,39.398,465,0.5110351481155749,0.14655328174637575
49466.47203059528,33921.47303059528,-80322.76909782048,19.983722717887265,40.034,466,0.5109973758305575,0.14646853623032757
49463.2702902359,33918.271290235905,-80317.2024513436,19.98362986741684,40.043,467,0.5109631298590476,0.14639170231554485
49460.31155901254,33915.31255901254,-80310.1256190932,19.983544064211365,40.052,468,0.5109323615709395,0.14632267089601497
49454.933992800004,33909.9349928,-80301.76526160001,19.9833881147912,40.076,469,0.5109051180620686,0.14626154763547736
49452.544835277884,33907.54583527788,-80298.18240142302,19.98331882922306,40.1,470,0.510881356801588,0.1462082371121543
49449.22439280001,33904.225392800014,-80293.11086160001,19.9832225363912,40.144,471,0.5108609988933221,0.14616256231538594
49445.39759280001,33900.398592800004,-80287.2752616,19.9831115591912,40.171,472,0.5108440630858112,0.1461245653092068
49442.689686917656,33897.69068691766,-80283.75297924707,19.983033029920612,40.199,473,0.5108304448648003,0.14609401160649355
49439.138023569234,33894.13902356924,-80280.10876929232,19.98293003168351,40.244,474,0.5108201040320385,0.14607081101885722
49437.47735352508,33892.478353525075,-80275.50381628278,19.98288187225223,40.272,475,0.5108129862653152,0.14605484166953686
49434.73324630319,33889.7342463032,-80271.46924376562,19.982802293142793,40.316,476,0.5108092259150039,0.146046404985669
49428.5143928,33883.51539280001,-80265.33963083079,19.982621946391202,40.343,477,0.5108082281733703,0.14604416646264673
49427.799655957904,33882.80065595791,-80264.18123002106,19.98260121902278,40.37,478,0.510810278224095,0.14604876593568636
49426.85301940945,33881.85401940945,-80261.95834657855,19.982573766562876,40.397,479,0.510815334661342,0.14606011050707424
49430.28110560277,33885.282105602775,-80263.53380969689,19.98267318106248,40.548,480,0.5108232774800147,0.1460779309345909
49505.30897681861,33960.30997681861,-80155.96969345116,19.98484898932774,41.322,481,0.5108340110641758,0.14610201269528827
49506.226528206455,33961.22752820645,-80128.5126371871,19.984875598317988,41.331,482,0.5108475948382072,0.1461324891131073
49506.226528206455,33961.22752820645,-80128.5126371871,19.984875598317988,41.34,483,0.5108636642150446,0.14616854220420383
49503.25982413913,33958.26082413913,-80131.96256706087,19.984789563900033,41.347,484,0.5108822802015436,0.14621030884294106
49503.25982413913,33958.26082413913,-80131.96256706087,19.984789563900033,41.353,485,0.5109032008858729,0.14625724627838488
49503.048302400006,33958.0493024,-80128.1884638,19.9847834297696,41.358,486,0.5109264292091985,0.14630936110930523
49501.63689356023,33956.637893560226,-80125.47477940774,19.984742498913246,41.383,487,0.5109517587843262,0.14636619028748404
49498.006914734804,33953.0079147348,-80119.92393461498,19.98463722952731,41.428,488,0.5109785491389621,0.14642629685577047
49498.70962315472,33953.71062315472,-80116.25437181887,19.984657608071487,41.454,489,0.5110069222406661,0.1464899544593463
49500.55963747854,33955.56063747854,-80112.95762283141,19.98471125848688,41.499,490,0.5110368308073189,0.14655705701652752
49500.776020846606,33955.77702084661,-80108.59258394563,19.984717533604552,41.526,491,0.5110678863381302,0.14662673289087658
49501.76321390443,33956.76421390443,-80104.40607995045,19.98474616220323,41.553,492,0.5110999934059173,0.146698767982933
49501.61025892174,33956.61125892174,-80101.88995836522,19.98474172650873,41.58,493,0.5111324974009657,0.1467716936169721
49502.6425163738,33957.643516373806,-80098.783018931,19.98477166197484,41.845,494,0.5111649520656523,0.14684450857391118
49502.88153769412,33957.882537694124,-80093.45850056471,19.98477859359313,41.854,495,0.5111970590936499,0.14691654357669628
49690.472863200004,34145.47386320001,-80028.57376912532,19.990218742032802,42.587,496,0.5112282752972112,0.1469865799347997
49707.58014261177,34162.58114261177,-80042.10062414118,19.990714853135742,42.596,497,0.5112579395836786,0.14705313442743162
49707.58014261177,34162.58114261177,-80042.10062414118,19.990714853135742,42.604,498,0.5112854748033362,0.14711491216733547
49713.529518004274,34168.53051800428,-80049.21070892243,19.990887385022123,42.612,499,0.5113102032613099,0.14717039268515675
49719.65578454832,34174.65678454832,-80057.14338355955,19.991065046751903,42.618,500,0.5113321775984156,0.14721969408529656
49724.64265340979,34179.64365340979,-80062.69250196924,19.991209665948883,42.66,501,0.5113501729812611,0.14726006834396307
49729.79648022128,34184.797480221285,-80068.09922864681,19.99135912692642,42.685,502,0.511363516292748,0.1472900052624532
49733.37993544335,34188.38093544335,-80073.19502024943,19.99146304712786,42.73,503,0.5113712553081153,0.14730736843893844
49737.1828632,34192.1838632,-80079.37184262858,19.9915733320328,42.758,504,0.5113728940525959,0.14731104510945522
49740.72731864555,34195.728318645546,-80084.40950882377,19.991676121240722,42.784,505,0.5113672752923717,0.14729843891593183
49743.55197582799,34198.55297582799,-80089.74644526144,19.99175803629901,42.827,506,0.5113536207529882,0.1472678037296856
49747.08193536495,34202.082935364946,-80096.7846114062,19.991860405125582,42.855,507,0.5113314501044381,0.14721806188717784
49748.639863200005,34203.64086320001,-80101.11627120001,19.9919055850328,42.881,508,0.5112993657318288,0.14714607771379232
49751.01462790588,34206.01562790589,-80107.12444767059,19.99197445320927,42.908,509,0.5112564353304199,0.14704975950005775
49752.49143462857,34207.49243462857,-80113.96612834286,19.99201728060423,43.034,510,0.5112018156035574,0.14692721523414334
49747.5989767579,34202.599976757905,-80232.09353406317,19.99187539932598,43.771,511,0.5111345606882796,0.14677632278748934
49739.01482734408,34194.015827344076,-80241.65529135925,19.99162645899298,43.791,512,0.511053503523815,0.14659446375437069
49739.01482734408,34194.015827344076,-80241.65529135925,19.99162645899298,43.803,513,0.5109578489204096,0.1463798540551104
49734.152774735376,34189.15377473537,-80246.32987858167,19.991485459467327,43.808,514,0.510847001092759,0.14613115699183424
49726.31775360001,34181.318753600004,-80251.14866880002,19.9912582438544,43.813,515,0.5107198857590363,0.14584596231671734
49718.11293773794,34173.113937737944,-80257.90504948967,19.9910203041944,43.836,516,0.5105754734917286,0.14552196041661988
49703.29519028394,34158.296190283945,-80274.12093657203,19.990590589518234,43.906,518,0.5104130956947984,0.1451576512362444
49698.32887934586,34153.32987934587,-80284.77156692155,19.99044656650103,43.933,519,0.5102321535333536,0.1447516912356929
49698.89053178182,34153.89153178182,-80289.2439288,19.990462854421672,43.977,520,0.5100319705865928,0.14430256280410725
49693.264935822226,34148.26593582223,-80305.50220657779,19.990299712138846,44.004,521,0.5098118574996884,0.14380871931197922
49693.684699348225,34148.68569934822,-80317.372580819,19.9903118852811,44.031,522,0.5095712760791314,0.14326895327380373
49695.731054025535,34150.73205402553,-80331.57345007661,19.99037122956674,44.076,523,0.5093093840095408,0.14268137487932403
49698.48466779848,34153.48566779848,-80343.27123796032,19.990451084366157,44.103,524,0.5090264005791609,0.1420464761214238
49703.33545778605,34158.33645778605,-80354.43549856746,19.990591757275794,44.249,525,0.5087220534109449,0.1413636458977199
49814.41259234595,34269.413592345954,-80433.22457065945,19.993812994178032,44.996,526,0.5083960866321923,0.14063231013481345
49832.09643719498,34287.097437194985,-80432.93774718327,19.994325825678654,45.005,527,0.5080484210385872,0.1398522911307036
49832.09643719498,34287.097437194985,-80432.93774718327,19.994325825678654,45.014,528,0.5076792326324218,0.13902398376235028
49839.96630157242,34294.967301572426,-80431.00166292414,19.9945540517456,45.021,529,0.5072886283802364,0.13814762801879982
49848.09539640001,34303.09639640001,-80428.5926112,19.9947897954956,45.027,530,0.5068770481621785,0.13722421081069533
49856.385926400006,34311.38692640001,-80426.0907912,19.9950302208656,45.068,531,0.5064446608950758,0.1362541111181203
49861.25891912728,34316.259919127275,-80424.66492938182,19.99517153765469,45.093,532,0.5059917869943128,0.13523804782178583
49868.07868179824,34323.079681798234,-80422.97776606726,19.995369310772148,45.137,533,0.5055191850737826,0.1341777229401379
49875.04407129271,34330.04507129271,-80419.64562622146,19.99557130706749,45.163,534,0.5050278686103373,0.13307541029957612
49879.81737810732,34334.81837810732,-80416.85218437073,19.99570973296511,45.19,535,0.5045184053700668,0.13193238373434804
49887.10796798591,34342.108967985914,-80416.14713763172,19.995921160071592,45.235,536,0.5039917535994469,0.13075079315654078
49891.72638439127,34346.72738439127,-80413.22904133101,19.996055094147348,45.262,537,0.5034489666106252,0.12953300176661858
49897.17895409231,34352.17995409231,-80411.68741889231,19.99621321866868,45.289,538,0.5028911823971833,0.12828156275545397
49902.09605816471,34357.09705816471,-80409.63651391493,19.996355814686776,45.334,539,0.5023193134572149,0.12699852339452666
49906.90554548257,34361.906545482576,-80406.19768000735,19.996495289818995,45.508,540,0.5017350781913714,0.12568773907013153
50106.874468591304,34561.8754685913,-80341.94209805218,20.00229438858915,46.211,541,0.50113962783891,0.1243517926910044
50117.146527464596,34572.14752746459,-80344.64655415098,20.002592278296472,46.22,542,0.5005344736476594,0.12299407487746555
50126.98231393063,34581.98331393063,-80348.93318099779,20.00287751610399,46.229,543,0.4999208166952069,0.12161728035502356
50138.04083014737,34593.04183014737,-80355.32024450527,20.003198213074274,46.252,544,0.49930015064793354,0.12022476029844055
50147.383589435296,34602.3845894353,-80361.19744651766,20.003469153093622,46.275,545,0.49867401131293393,0.11881996042895694
50164.39439971485,34619.39539971485,-80378.85617467723,20.00396246659173,46.344,547,0.4980442024030279,0.11740692753838446
50108.49402584349,34563.495025843484,-80373.98930786087,20.00234135574946,48.989,556,0.4974123768572504,0.11598937014399854
50086.178512800005,34541.17951280001,-80372.7434296,20.0016942058712,48.999,557,0.4967799375065956,0.11457043562320735
50086.178512800005,34541.17951280001,-80372.7434296,20.0016942058712,49.007,558,0.49614870022022944,0.1131541980416778
50079.81153385264,34534.812533852644,-80373.83019802105,20.001509563481726,49.015,559,0.4955204045848659,0.11174456031854006
50079.81153385264,34534.812533852644,-80373.83019802105,20.001509563481726,49.021,560,0.49489632139228135,0.11034437358935104
50075.04643138408,34530.04743138408,-80372.7260596885,20.00137137551014,49.027,561,0.4942782833765096,0.10895774975762416
50071.010048283875,34526.01104828388,-80371.40750701935,20.001254320400232,49.05,562,0.4936683790628882,0.10758937461765093
50068.47843538065,34523.47943538065,-80371.43073282581,20.00118090362604,49.093,563,0.4930679777608282,0.10624232033815555
50067.44261923777,34522.443619237776,-80371.62443904206,20.001150864957896,49.12,564,0.4924785591849102,0.10491990679178188
50065.257043032565,34520.25804303256,-80371.1209923907,20.001087483247943,49.165,565,0.49190155198387214,0.10362533928036712
50064.07515505353,34519.076155053524,-80371.7992380507,20.00105320849655,49.192,566,0.491338524540501,0.10236213661164484
50062.39811280001,34517.399112800005,-80372.2128296,20.0010045742712,49.219,567,0.490790974129161,0.10113365805521207
50060.6656128,34515.66661280001,-80372.6503296,20.0009543317712,49.245,568,0.49026033852240003,0.09994312938299307
50059.184076925565,34514.18507692557,-80372.58652915157,20.00091136723084,49.273,569,0.4897478221474083,0.09879325283563156
50056.906468964386,34511.90746896439,-80371.87289809315,20.000845316599968,49.43,570,0.4892547210254975,0.09768693615341424
50019.01203754198,34474.01303754198,-80351.71581085182,19.999746378088716,50.183,571,0.48878210270517225,0.09662657447735234
50028.38763097571,34483.38863097571,-80350.3920817346,20.000018270298295,50.192,572,0.4883313439453425,0.09561525668979022
50028.38763097571,34483.38863097571,-80350.3920817346,20.000018270298295,50.201,573,0.48790355906521854,0.0946554828660205
50028.38763097571,34483.38863097571,-80350.3920817346,20.000018270298295,50.208,574,0.4874994400457942,0.09374880552759152
50030.813704413275,34485.81470441328,-80350.44306326447,20.000088626427985,50.215,575,0.48712013270080406,0.09289779541059151
50032.952713227154,34487.95371322715,-80350.44384686336,20.000150657683587,50.221,576,0.48676667472828417,0.09210478068382273
50035.84860096212,34490.849600962116,-80351.2191561304,20.0002346384279,50.244,577,0.48643893184007947,0.09136946005974084
50039.43979920001,34494.440799200005,-80353.0643808,20.0003387831768,50.286,578,0.48613869618412175,0.09069585438329186
50043.949855538034,34498.95085553803,-80353.94638080001,20.0004695748106,50.312,579,0.48586627565783536,0.09008465445001818
50048.47161910522,34503.47261910522,-80355.54277890427,20.000600705954053,50.359,580,0.48562223912660374,0.08953713656053178
50051.5685818087,34506.5695818087,-80357.7507286261,20.000690517872453,50.384,581,0.4854072051902079,0.08905468859903518
50054.250402973594,34509.25140297359,-80359.32911664907,20.000768290686235,50.411,582,0.48522158791825676,0.08863823956790849
50055.59884507157,34510.59984507157,-80360.68372024955,20.000807395507074,50.437,583,0.4850657808536786,0.08828867241607928
50055.65779920001,34510.65879920001,-80361.30478080001,20.0008091051768,50.482,584,0.48493995907207293,0.08800637994138927
50054.046171293034,34509.04717129303,-80362.88163661397,20.000762367967496,50.561,585,0.4848445203661361,0.08779225462750238
49985.08622834852,34440.08722834852,-80378.60146697822,19.998762529622105,51.185,586,0.48477954438323684,0.08764647517044824
49984.23454320001,34439.235543200004,-80378.7058848,19.998737830752802,51.194,587,0.4847451870226098,0.08756939134417072
49984.23454320001,34439.235543200004,-80378.7058848,19.998737830752802,51.204,588,0.48474165898984917,0.08756147588560637
49982.99494624569,34437.99594624569,-80379.30780662742,19.998701882441125,51.211,589,0.48476901457364135,0.08762285059630225
49980.59545748572,34435.59645748572,-80378.69611337144,19.998632297267086,51.217,590,0.4848268871969179,0.0877526930276608
49980.40705089231,34435.40805089231,-80378.76306941539,19.99862683347588,51.26,591,0.48491526989845496,0.08795098756155066
49980.85717563244,34435.85817563244,-80377.6834685838,19.99863988709334,51.283,592,0.48503417722421843,0.08821776683315365
49979.250625552944,34434.25162555295,-80378.10380244706,19.998593297141035,51.328,593,0.48518328439613007,0.08855230217366322
49979.46031282026,34434.46131282026,-80375.34753290127,19.998599378071788,51.355,594,0.4853623438757408,0.0889540382083225
49978.678379563644,34433.67937956365,-80372.86150298182,19.998576702007345,51.38,595,0.4855711059978478,0.08942241479081152
49977.69524952912,34432.69624952912,-80369.66955821772,19.998548191236345,51.424,596,0.48580885316611344,0.08995582192925598
49979.32388605715,34434.32488605715,-80363.78825622858,19.998595421695658,51.451,597,0.48607544608457093,0.09055394710063587
49976.87138990659,34431.872389906595,-80362.31237941078,19.99852429930729,51.478,598,0.4863705333221307,0.09121600183771848
49976.67776645582,34431.67876645582,-80356.78305689302,19.998518684227218,51.522,599,0.48669301419260114,0.09193951665211376
49975.57834320001,34430.57934320001,-80350.67088480001,19.9984868009528,51.629,600,0.4870427355169181,0.09272414787282511
49925.614440129735,34380.61544012974,-80245.22575615135,19.997037847763764,52.286,601,0.4874191121875854,0.09356858275860076
49923.981663525,34378.98266352501,-80230.2912798,19.996990497242226,52.291,602,0.4878212439876367,0.09447080159177416
49923.981663525,34378.98266352501,-80230.2912798,19.996990497242226,52.297,603,0.4882482822077802,0.09542890021677507
49924.2473029926,34379.24830299259,-80218.03625665186,19.996998200786784,52.302,604,0.4886995926694359,0.09644145579696539
49926.52578478017,34381.52678478017,-80204.8267188496,19.997064276758625,52.325,605,0.48917427815338793,0.09750645534040084
49929.30471040001,34384.3057104,-80192.40940480001,19.9971448656016,52.348,606,0.48967153249627077,0.09862209014712066
49933.667853257146,34388.66885325714,-80181.17811908571,19.997271396744456,52.39,607,0.49019053943674695,0.09978652886145647
49937.87126542393,34392.872265423925,-80172.02890240766,19.997393295697293,52.433,608,0.49072988014938135,0.1009965882210341
49943.06647510589,34398.06747510588,-80164.26558127059,19.99754395677807,52.46,609,0.4912888532488263,0.10225069460479234
49947.64886969204,34402.649869692046,-80159.16086497699,19.99767684622107,52.487,610,0.4918662167137092,0.10354606142616066
49951.368710400006,34406.3697104,-80154.9684048,19.9977847216016,52.532,611,0.49246078172837293,0.10488002147037288
49954.87254823784,34409.87354823784,-80151.38413452974,19.997886332898897,52.559,612,0.49307111913824764,0.10624936830071294
49958.370410400006,34413.37141040001,-80148.4338048,19.9979877709016,52.586,613,0.4936962102908698,0.10765181647883214
49961.61249763405,34416.613497634055,-80145.73606437448,19.99808179143139,52.613,614,0.49433472047017757,0.10908437144929421
49964.054122164714,34419.05512216472,-80144.54411068236,19.998152598542777,52.767,615,0.4949850311602115,0.11054340192608737
49990.47876677384,34445.479766773846,-80145.06994968225,19.99891891323644,53.53,616,0.49564583340479895,0.11202597114840199
49977.18372245151,34432.18472245151,-80174.93613435194,19.998533356951093,53.539,617,0.49631573229333614,0.11352894950893709
49977.18372245151,34432.18472245151,-80174.93613435194,19.998533356951093,53.547,618,0.49699333440368665,0.11504921073990225
49974.819807985914,34429.82080798592,-80187.45928271367,19.99846480343159,53.555,619,0.49767682253280987,0.11658267778296304
49974.819807985914,34429.82080798592,-80187.45928271367,19.99846480343159,53.561,620,0.498364655042378,0.11812589183398327
49972.25032496503,34427.25132496504,-80221.42198396413,19.998390288423987,53.635,623,0.4990553781380358,0.11967559117467398
49971.737796744834,34426.73879674483,-80275.8340328276,19.9983754251056,53.824,629,0.49974725428930217,0.12122787749924809
49961.51613516924,34416.51713516924,-80328.39484430771,19.998078996919908,54.62,631,0.5004387841186311,0.12277938681943139
49959.85331130377,34414.854311303774,-80318.85831308788,19.99803077502781,54.629,632,0.5011281321729975,0.1243260011314092
49957.92328597895,34412.92428597895,-80310.1157046316,19.99797480429339,54.638,633,0.5018136621065747,0.12586404914626054
49955.302854400004,34410.3038544,-80300.093252,19.9978988117776,54.664,634,0.5024935924489149,0.12738953397493366
49950.16561391418,34405.166613914174,-80292.00596778949,19.99774983180351,54.688,635,0.5031663862909868,0.12889900742389454
49944.37063415709,34399.37163415708,-80283.47673702026,19.997581777390554,54.73,636,0.5038298100051669,0.13038745814883293
49936.36925440001,34391.37025440001,-80275.06125200001,19.9973497373776,54.755,637,0.5044828167261758,0.13185253741341188
49927.192577476926,34382.19357747692,-80268.13965200001,19.99708361374683,54.782,638,0.5051239592290907,0.13329099823845464
49917.04887473899,34372.049874738994,-80262.13210962713,19.99678944636743,54.827,639,0.5057509993972608,0.1346978192081144
49907.53986492632,34362.540864926326,-80257.72623094739,19.996513685082864,54.852,640,0.5063627910591385,0.13607042878351755
49899.37301289057,34354.37401289058,-80255.1738029434,19.996276846373828,54.896,641,0.5069578340576086,0.1374054612273561
49891.41323287534,34346.41423287534,-80251.45014527356,19.996046012753386,54.923,642,0.507534549859111,0.13869937495772428
49884.84901888599,34339.85001888599,-80248.93479218693,19.995855650547693,54.95,643,0.5080915553438946,0.13994906682115946
49879.77363516924,34334.77463516923,-80248.44542123078,19.99570846441991,55.004,644,0.5086276897105536,0.14115193245538563
49875.72662214194,34330.727622141945,-80245.69707135485,19.995591101042116,55.135,645,0.5091416250599969,0.14230499259945315
49750.87414194496,34205.875141944955,-80154.31193533212,19.991970379116403,55.829,646,0.5096321003353316,0.14340541795889086
49727.64609456717,34182.647094567175,-80108.01241321792,19.991296765742447,55.902,651,0.5100981066776225,0.14445094506801134
49723.38582179311,34178.386821793116,-80094.04638645519,19.991173217832,55.927,652,0.5105387611227161,0.14543959291738395
49721.63697163637,34176.63797163637,-80079.9806786182,19.991122501177454,55.985,653,0.5109527147105337,0.1463683349938401
49722.04514231735,34177.046142317355,-80066.23772632031,19.991134338127203,55.993,654,0.5113397315345517,0.14723664201989328
49722.897324083926,34177.89832408393,-80050.40380868812,19.991159051398434,56.038,655,0.5116988331084018,0.14804231867343928
49724.52704734427,34179.52804734427,-80036.10248368526,19.991206313372984,56.065,656,0.512029575717878,0.14878436944178
49725.21155868494,34180.21255868494,-80023.45871049864,19.991226164201862,56.09,657,0.5123315753048923,0.1494619326560796
49730.15243239025,34185.153432390245,-80008.59301387318,19.991369449539317,56.132,658,0.5126046525932912,0.15007460609417636
49734.43508002573,34189.43608002573,-79994.71161319873,19.991493646320745,56.159,659,0.5128485297265961,0.15062176636008895
49738.915483471705,34193.91648347171,-79982.91362132832,19.99162357802068,56.308,660,0.5130632329411887,0.1511034723174979
49909.25708400001,34364.258084000016,-79821.9468502648,19.996563484436,57.028,661,0.5132487186793264,0.1515196262406931
49910.42149779311,34365.422497793115,-79780.12872107587,19.996597252436,57.037,662,0.5134054212691729,0.15187120258394293
49910.42149779311,34365.422497793115,-79780.12872107587,19.996597252436,57.046,663,0.513533595965223,0.1521587740336465
49912.16576196611,34367.16676196612,-79778.61883212204,19.99664783609702,57.053,664,0.5136336437263701,0.15238324017711555
49893.29033947446,34348.291339474454,-79730.96979834745,19.99610044884476,57.164,667,0.5137063857984316,0.15254644355314698
49898.71585890776,34353.71685890776,-79737.80940564134,19.996257788908324,57.191,668,0.5137524016439357,0.1526496842379991
49893.572417333344,34348.57341733335,-79727.96793946667,19.996108629102668,57.236,669,0.5137723775387192,0.15269450195318823
49887.822475304354,34342.82347530435,-79721.51809888697,19.995941880783825,57.262,670,0.5137671854453948,0.1526828530251993
49882.05585323078,34337.05685323078,-79714.92988818462,19.995774648743694,57.289,671,0.513738074125343,0.15261753916241622
49876.560084000004,34331.561084,-79707.01624294926,19.995615271436,57.316,672,0.5136861998695074,0.15250115460748723
49869.99528320319,34324.99628320319,-79702.74168714264,19.995424892212892,57.343,673,0.5136126540621654,0.15233614797912207
49864.026597944234,34319.02759794424,-79699.45363933388,19.995251800340384,57.387,674,0.5135186975845786,0.15212534817774692
49859.99210012904,34314.99310012904,-79697.58406312259,19.99513479990374,57.567,675,0.5134058074337216,0.15187206897881267
49869.20071341177,34324.20171341176,-79722.71981731766,19.995401849688943,58.292,676,0.5132753615764646,0.15157940197483122
49869.517620681225,34324.51862068122,-79723.03011271966,19.995411039999755,58.301,677,0.5131286886566786,0.15125032809773284
49869.72007761702,34324.721077617025,-79724.02699128512,19.995416911250892,58.309,678,0.5129676922608657,0.15088911821491108
49870.24755437037,34325.248554370366,-79726.01415282964,19.99543220807674,58.334,679,0.5127935423165123,0.15049839716382368
49871.077184,34326.078184,-79726.18132320001,19.995456267336,58.357,680,0.5126077680995513,0.15008159601246274
49870.62483105883,34325.62583105883,-79726.85452320002,19.995443149100705,58.401,681,0.5124117390294421,0.14964178717645576
49869.694059,34324.695059000005,-79726.24702320002,19.995416156711,58.428,682,0.5122070634882743,0.1491825792055665
49869.77367048649,34324.774670486484,-79725.98857725407,19.995418465444107,58.47,683,0.5119951642429702,0.1487071642052503
49870.21048632558,34325.211486325585,-79724.21103482792,19.99543113310344,58.494,684,0.5117774915242412,0.14821879589844078
49869.255230511626,34324.25623051163,-79725.11354645583,19.99540343068484,58.538,685,0.5115555172577458,0.14772077668263534
49868.471703230774,34323.47270323077,-79725.66981166156,19.995380708393693,58.566,686,0.5113305025884197,0.14721593604983682
49867.469294091745,34322.47029409175,-79719.71232136515,19.99535163852866,58.593,687,0.5111036566715081,0.14670698684850536
49865.219184,34320.220184000005,-79714.96252320001,19.995286385336,58.619,688,0.5108761615123548,0.14619658101385685
49863.00564553846,34318.006645538466,-79708.37375396924,19.995222192720615,58.663,689,0.5106490421871199,0.14568701839638068
49861.44662606009,34316.44762606009,-79701.20066053906,19.995176981155744,58.807,690,0.5104233242580539,0.14518059993715351
49928.444876307694,34383.4458763077,-79563.59139396924,19.99711993041292,59.413,691,0.5101996968128254,0.1446788716662884
49945.38142860432,34400.382428604324,-79555.68460924317,19.997611090429526,59.422,692,0.5099793575753616,0.14418452078505611
49945.38142860432,34400.382428604324,-79555.68460924317,19.997611090429526,59.43,693,0.5097625800893548,0.14369816101331376
49955.710780837944,34410.71178083794,-79553.98228177708,19.9979106416443,59.437,694,0.5095499337758876,0.14322106989843428
49966.73059309091,34421.73159309091,-79552.9287541091,19.998230216199637,59.452,695,0.5093418008607674,0.14275410499836722
49977.00333784615,34432.004337846156,-79551.61677858462,19.998528125797538,59.475,696,0.5091383405255376,0.14229762345121116
49987.71880164706,34442.719801647065,-79552.6178249647,19.998838874247763,59.517,697,0.5089396835585759,0.1418519186924452
49998.60096778379,34453.60196778379,-79556.13810914595,19.99915445706573,59.542,698,0.5087458200538635,0.1414169684970262
50008.79434817911,34463.795348179105,-79557.67932737911,19.999450065097193,59.587,699,0.5085565613802223,0.14099234965395366
50018.713061862596,34473.7140618626,-79560.24483495574,19.999737707794015,59.614,700,0.508371602360968,0.14057737747190982
50027.65952775,34482.660527750006,-79563.191460075,19.99999715530475,59.659,701,0.5081903460584076,0.14017071266753353
50036.632264645166,34491.63326464516,-79568.3700664258,20.00025736467471,59.668,702,0.5080124514187994,0.13977159005610443
50046.383240782336,34501.38424078234,-79577.1492609918,20.000540142982686,59.713,703,0.507837228710764,0.13937846216328673
50052.90514174648,34507.90614174648,-79582.49969841128,20.000729278110647,59.74,704,0.5076639173521547,0.1389896225546802
50059.99606250467,34514.99706250467,-79591.63160245234,20.000934914812635,59.925,705,0.5074915963970223,0.13860300500528233
50274.085659062075,34729.08665906207,-79627.74752259311,20.0071435131128,60.66,706,0.507319184438686,0.13821618328201762
50292.88727528634,34747.88827528634,-79612.18647570649,20.007688759983303,60.666,707,0.5071455990573221,0.13782672887873484
50292.88727528634,34747.88827528634,-79612.18647570649,20.007688759983303,60.671,708,0.5069697506510805,0.13743219717575966
50301.23598003795,34756.23698003795,-79603.91356729803,20.0079308724211,60.677,709,0.5067902226945986,0.13702941007113767
50307.07789539513,34762.07889539513,-79595.3443283122,20.00810028796646,60.701,710,0.5066058662562299,0.13661578983346495
50313.43392166155,34768.43492166155,-79587.11482033848,20.008284612728186,60.728,711,0.5064149898078035,0.1361875413672716
50317.45781177143,34772.45881177143,-79579.31768022859,20.008401305541373,60.755,712,0.5062163292485212,0.13574182854881162
50321.352634456285,34776.35363445629,-79572.86088769448,20.008514255399234,60.799,713,0.5060088168134061,0.13527625575139895
50325.82673102609,34780.82773102609,-79564.83641314784,20.008644004199756,60.826,714,0.5057906851781482,0.1347868578241136
50326.10550246606,34781.106502466064,-79557.58712714864,20.008652088571516,60.87,715,0.5055602805079893,0.13426992424004508
50327.66843583158,34782.66943583159,-79553.39037195791,20.008697413639116,60.897,716,0.5053163637120199,0.13372267498738022
50328.28420138182,34783.28520138182,-79549.48510880001,20.008715270840074,60.922,717,0.5050572651570686,0.1331413640940481
50327.72401781539,34782.72501781539,-79544.54135880001,20.008699025516645,60.947,718,0.5047817931791966,0.13252331795490677
50325.89595462858,34780.89695462858,-79540.47368022858,20.008646011684228,60.991,719,0.5044886766860232,0.13186568475996657
50324.23633668838,34779.237336688384,-79537.80585298606,20.008597882763965,61.146,720,0.5041765324588592,0.13116536113378793
50312.430551912046,34767.43155191204,-79598.09472017593,20.008255515005448,61.872,721,0.5038441184762911,0.13041956048970846
50309.89244720001,34764.89344720001,-79604.11592960001,20.0081819099688,61.882,722,0.5034902513762577,0.12962562784859472
50310.51176298948,34765.512762989485,-79607.81782433685,20.008199870126695,61.89,723,0.5031141080103568,0.12878171640302968
50305.46358769587,34760.46458769587,-79614.36641720332,20.00805347304318,61.915,724,0.5027145374979094,0.12788524404877963
50299.33811239825,34754.339112398244,-79620.25537012864,20.00787583425955,61.94,725,0.5022908336698589,0.12693462643210274
50294.69101058029,34749.692010580286,-79628.06056340283,20.007741068306828,61.984,726,0.5018423136608859,0.12592833148328525
50288.49233561203,34743.49333561203,-79634.12282659572,20.00756130673275,62.011,727,0.5013682933296362,0.12486482426971485
50279.698447200004,34734.69944720001,-79639.10978674286,20.007306283968802,62.055,728,0.500868484219305,0.12374345761262656
50272.025812006876,34727.02681200688,-79642.87252616654,20.0070837775482,62.082,729,0.5003423628930482,0.12256305713441916
50262.64881629872,34717.64981629873,-79648.70746178886,20.00681184467266,62.109,730,0.49979021101201165,0.121324254767186
50254.45890873847,34709.45990873847,-79651.99108344616,20.006574337353417,62.154,731,0.49921182707293205,0.12002659842024695
50246.747705264526,34701.74870526453,-79653.18468766453,20.006350712452672,62.163,732,0.4986072943011565,0.11867027481714772
50239.17144720001,34694.172447200006,-79654.0189296,20.0061310009688,62.208,733,0.49797741195677925,0.11725707716973946
50232.90429335385,34687.90529335385,-79655.55569883078,20.00594925350726,62.235,734,0.49732285809193916,0.11578852674893268
50225.532754892316,34680.53375489231,-79656.43339113847,20.00573547889188,62.387,735,0.49664429215208666,0.11426610307986004
50054.3278759751,34509.3288759751,-79632.23506545994,20.000770537403277,64.327,736,0.49594256409928966,0.11269171312880734
50063.7055608,34518.7065608,-79641.71376834628,20.0010424902632,64.337,737,0.4952184718182571,0.11106714702182535
50063.7055608,34518.7065608,-79641.71376834628,20.0010424902632,64.346,738,0.4944737906760364,0.1093963879544379
50066.27247569362,34521.273475693626,-79643.21827930215,20.001116930795114,64.354,739,0.4937097194357095,0.10768212545935271
50066.27247569362,34521.273475693626,-79643.21827930215,20.001116930795114,64.361,740,0.4929281612325751,0.10592862939164799
50068.91903906087,34523.920039060875,-79647.84935238262,20.001193681132765,64.367,741,0.49213084632211346,0.10413978173499254
50071.17291374118,34526.17391374118,-79652.44921171766,20.001259043498493,64.393,742,0.4913195771599261,0.10231962646051579
50072.94099558261,34527.941995582616,-79655.20391760001,20.001310317871894,64.42,743,0.49049636321963386,0.10047267200287846
50074.286388138134,34529.28738813814,-79655.70625572951,20.001349334256005,64.463,744,0.48966352746423103,0.09860413013832382
50075.24601534546,34530.24701534546,-79657.77751899861,20.001377163445017,64.49,745,0.48882339730077184,0.09671922261374315
50077.72919716364,34532.73019716363,-79662.56073578184,20.001449175717745,64.535,746,0.48797854444042066,0.09482371929425445
50080.06320596129,34535.06420596129,-79664.9675627613,20.001516861972878,64.562,747,0.4871315557317356,0.09292342400707915
50085.46690226342,34540.46790226342,-79666.20403955123,20.00167356916564,64.616,749,0.4862853178535251,0.09102481327555087
50087.665667182984,34542.66666718299,-79667.08678994044,20.001737333348306,64.768,750,0.4854420412290726,0.08913284638295789
50230.76201112559,34685.763011125586,-79641.4381923907,20.00588712732264,65.474,751,0.4846046981763855,0.08725419199187331
50234.98500129012,34689.98600129012,-79637.56426280158,20.006009594037412,65.483,752,0.48377605969942794,0.08539506709872181
50234.98500129012,34689.98600129012,-79637.56426280158,20.006009594037412,65.492,753,0.48296050535611473,0.08356529763527819
50235.71595204325,34690.71695204325,-79635.68648905946,20.006030791609255,65.5,754,0.48215960567475097,0.08176840722293892
50240.12902458948,34695.13002458948,-79632.48071381052,20.006158770713096,65.506,755,0.48137453310828887,0.0800070263652712
50242.65265698653,34697.65365698653,-79627.99480162073,20.00623195605261,65.573,757,0.4806095623054433,0.07829074562083137
50244.04012815485,34699.041128154844,-79626.94961024517,20.00627219271649,65.617,758,0.47986719136367556,0.07662516969577879
50245.070565942864,34700.07156594287,-79625.05774388571,20.006302075412343,65.645,759,0.4791503042418099,0.07501676901091842
50248.8827088,34703.8837088,-79620.76036293333,20.0064126275552,65.717,761,0.47846148847727216,0.07347134893900831
50247.83628392954,34702.83728392953,-79616.51770317514,20.006382281233957,65.744,762,0.477803133969264,0.07199427143368853
50251.36763187693,34706.36863187693,-79613.27595267692,20.00648469032443,65.771,763,0.4771779030815691,0.07059150974737559
50254.51117033847,34709.512170338465,-79610.62856806154,20.006575852939815,65.798,764,0.4765877594493766,0.06926746947208905
50256.20165616843,34711.20265616843,-79606.18492433685,20.006624877028884,65.953,765,0.4760347149825493,0.06802666450841734
50262.09003389475,34717.09103389474,-79546.59247692634,20.006795639982947,66.616,766,0.475520897154987,0.0668738680352517
50261.7678815866,34716.7688815866,-79543.23050103689,20.006786297566013,66.625,767,0.47504782810727764,0.06581249511179642
50261.489634620695,34716.4906346207,-79540.95792157242,20.006778228404002,66.657,768,0.4746172418629385,0.0648464361756502
50261.488901316465,34716.48990131647,-79538.14029171647,20.00677820713818,66.7,769,0.47423059467486034,0.06397895846104731
50261.63579907693,34716.636799076936,-79534.01288178463,20.00678246717323,66.725,770,0.4738892431261247,0.06321310558404801
50263.161876000006,34718.162876,-79529.27683782858,20.006826723404,66.769,771,0.4735939885121064,0.06255067532283849
50264.76408530233,34719.76508530234,-79526.44198733025,20.00687318747377,66.796,772,0.4733458419544074,0.061993936219602655
50266.345136869575,34721.34613686957,-79522.66826640001,20.00691903796922,66.823,773,0.47314510026640993,0.06154355420183835
50267.59411737932,34722.595117379315,-79519.77688708967,20.006955258404,66.849,774,0.4729918846911932,0.06119980128928978
50268.40739146392,34723.40839146392,-79515.92940042063,20.006978843352453,66.894,775,0.47288641629792466,0.06096317347050186
50272.52709699448,34727.52809699449,-79511.88318352708,20.00709831481284,66.921,776,0.472828590868721,0.060833436923287146
50275.774434139545,34730.77543413955,-79507.65919663258,20.007192487590046,66.948,777,0.47281791435966725,0.06080948321572263
50278.332620680856,34733.33362068086,-79504.63092597449,20.007266674999745,66.992,778,0.4728539456038283,0.06089032255014144
50278.36481717648,34733.365817176484,-79502.1950311059,20.00726760869812,67.019,779,0.47293571727785827,0.06107378464968324
50282.97670840224,34737.977708402235,-79499.96815466817,20.007401353543663,67.168,780,0.47306239304958475,0.06135799312795782
50426.766484700354,34881.76748470035,-79485.0586541315,20.01157125705631,67.871,781,0.47323256950614406,0.06173979930208015
50439.3045456,34894.3055456,-79492.181796,20.0119348608224,67.88,782,0.47344474366368344,0.06221583109270276
50439.3045456,34894.3055456,-79492.181796,20.0119348608224,67.889,783,0.47369748420919394,0.06278287722045736
50444.51995371809,34899.52095371809,-79495.4587258893,20.012086107657826,67.896,784,0.47398903196521025,0.06343699081260247
50448.38298658941,34903.38398658941,-79498.30993734275,20.012198135611094,67.903,785,0.4743173274488107,0.06417355123411678
50455.07877757026,34910.07977757027,-79506.9561157026,20.012392313549537,67.969,787,0.47468052626189416,0.0649884204121034
50458.98353021539,34913.984530215384,-79510.3221036923,20.012505551376247,68.011,788,0.4750766679481614,0.06587719988666806
50463.56143419061,34918.56243419061,-79516.29261479195,20.012638310591527,68.037,789,0.47550324373390307,0.06683426099852928
50465.62340107446,34920.624401074456,-79519.23132884673,20.01269810763116,68.083,790,0.47595755344656143,0.06785354566788807
50468.09429944616,34923.095299446155,-79522.51594984616,20.012769763683938,68.11,791,0.47643744220149803,0.06893021921739763
50470.72952491035,34925.73052491035,-79527.40965806897,20.0128461852224,68.136,792,0.47694048534884076,0.07005884172716556
50472.97338049934,34927.974380499334,-79531.5098631141,20.01291125703448,68.163,793,0.4774639696937109,0.07123332590064552
50476.478043210926,34931.47904321093,-79534.71389156315,20.013012892253116,68.208,794,0.47800563278963915,0.07244859573585646
50478.638691054555,34933.63969105456,-79538.67350509092,20.013075551040583,68.356,795,0.47856251435507585,0.07369800957510009
50524.26332734987,34979.26432734987,-79694.6835780855,20.014398665493147,69.034,796,0.4791324384667793,0.07497668553903235
50531.846055288894,34986.84705528889,-79701.37198471112,20.014618564603378,69.043,797,0.4797123093463722,0.07627767797064505
50541.270973739454,34996.27197373945,-79709.69110295782,20.014891887238445,69.052,798,0.4802996658014892,0.07759546496367785
50549.40555402215,35004.40655402215,-79714.78030356744,20.015127790066643,69.077,799,0.4808920146345565,0.07892445280530935
50555.700097434485,35010.70109743449,-79715.62690808278,20.0153103318256,69.101,800,0.48148684902022604,0.08025901720758166
50563.752398958146,35018.75339895814,-79718.7081991814,20.015543848569784,69.145,801,0.4820818148559634,0.08159387652989461
50570.07241030244,35025.073410302444,-79722.65758091709,20.01572712889877,69.162,802,0.482674598129071,0.08292383907679979
50576.1547589926,35031.155758992594,-79724.08698471113,20.015903517010784,69.206,803,0.4832629533862681,0.08424386697206218
50581.50403874043,35036.50503874043,-79726.06115019576,20.016058646123472,69.251,804,0.48384446034675654,0.0855485300981992
50586.80521724746,35041.80621724746,-79727.4461278373,20.016212380300175,69.278,805,0.4844173054820333,0.08683375964103193
50591.297647571555,35046.29864757156,-79728.47905351633,20.016342660779575,69.305,806,0.4849794817812977,0.08809505269145791
50595.03062793847,35050.03162793847,-79728.83741206155,20.016450917210214,69.332,807,0.48552921621027456,0.08932843128773767
50599.05838957597,35054.05938957597,-79728.85252596052,20.016567722297705,69.377,808,0.4860644945073497,0.09052937625291703
50603.34004775593,35058.34104775594,-79729.62443292205,20.016691890384923,69.404,809,0.48658393592064064,0.09169478974605906
50608.409271663164,35063.41027166316,-79730.95271570528,20.01683889787823,69.549,810,0.4870858928850587,0.0928209753068198
50684.31623882976,35139.31723882975,-79704.80167767273,20.019040199926064,70.243,811,0.48756902770877575,0.09390493170336388
50684.739214036366,35139.74021403637,-79703.74895040001,20.019052466207054,70.253,812,0.48803216030349134,0.09494401130153425
50685.01739585455,35140.01839585455,-79704.47440494546,20.01906053347978,70.262,813,0.488474110899623,0.09593556718224626
50685.58328708123,35140.584287081234,-79705.88510760525,20.019076944325356,70.287,814,0.48889404226011557,0.09687772092892374
50685.58393148109,35140.58493148109,-79706.36868012973,20.019076963012953,70.331,815,0.4892912980645094,0.09776900002763168
50683.81044655385,35138.81144655385,-79706.68837347694,20.019025531950064,70.356,816,0.4896646336259443,0.0986066119115388
50684.61238311028,35139.61338311028,-79710.33465133459,20.019048788110197,70.382,817,0.4900131761386255,0.09938859836240492
50683.46619803949,35138.46719803949,-79710.56139675193,20.019015548743145,70.426,818,0.4903366433498276,0.10011432612087451
50682.45441990673,35137.455419906735,-79709.76617013096,20.018986207177296,70.452,819,0.4906350873630144,0.10078391208575134
50683.639149959476,35138.64014995948,-79710.34022793305,20.019020564348825,70.496,820,0.49090759976316956,0.10139531814630627
50682.07739585455,35137.07839585455,-79710.32397432346,20.018975273479782,70.522,821,0.49115543524448596,0.10195135932172118
50682.64039756981,35137.64139756981,-79710.58838436227,20.018991600529525,70.549,822,0.4913756112711972,0.10244534402496233
50683.04370348057,35138.04470348057,-79709.78250490238,20.019003296400935,70.576,823,0.4915692575853906,0.10287980693393294
50683.995893878266,35138.99689387827,-79710.34025474783,20.01903090992247,70.621,824,0.4917362914093873,0.10325456232947128
50683.37073772395,35138.37173772395,-79710.55261237184,20.019012780393993,70.765,825,0.49187666058852947,0.1035694931979154
50600.60412220885,35055.60512220886,-79726.97066019823,20.016612548544057,71.43,826,0.4919904227284209,0.10382472878261442
50591.41072473192,35046.41172473192,-79724.00096522554,20.016345940017224,71.439,827,0.49207774673962174,0.10402064804958999
50591.41072473192,35046.41172473192,-79724.00096522554,20.016345940017224,71.447,828,0.49213862913415307,0.10415724317324809
50586.84209230346,35041.84309230346,-79722.35076273105,20.0162134496768,71.455,829,0.49217334105492944,0.10423512248708515
50580.4983901091,35035.49939010909,-79720.34726116364,20.016029482313165,71.478,830,0.492182235386675,0.10425507771969374
50573.25449721981,35028.25549721981,-79717.08189212673,20.015819409419375,71.522,831,0.49216567425540564,0.10421792133333493
50567.35020829092,35022.351208290915,-79712.93044298183,20.015648185040437,71.548,832,0.4921238340264651,0.10412404901950739
50563.69293556364,35018.69393556364,-79710.8686248,20.015542124131347,71.575,833,0.49205710565506783,0.10397433792137013
50560.109158134175,35015.11015813418,-79706.49727683763,20.01543819458589,71.619,834,0.4919658862232475,0.10376967892815155
50557.11206990064,35012.113069900646,-79702.7004082395,20.01535127902712,71.647,835,0.49185057573124935,0.10351096947635008
50554.840386156524,35009.84138615652,-79701.87645088696,20.01528540019854,71.674,836,0.4917115294075673,0.10319900655301634
50552.128839077304,35007.1298390773,-79699.25531191657,20.015206765333243,71.701,837,0.4915490430358932,0.10283445377544521
50548.73564817361,35003.73664817361,-79694.46223183813,20.015108362797037,71.746,838,0.4913638739245153,0.10241901023284104
50544.211442057145,34999.21244205715,-79688.71393092246,20.014977160819658,71.773,839,0.49115628253721333,0.1019532602991016
50540.239966952446,34995.24096695245,-79682.06686584235,20.01486198804162,71.886,840,0.4909268799890319,0.10143857506575063
50474.771169600004,34929.77216960001,-79544.1806352,20.0129633929184,72.636,841,0.4906761539300086,0.1008760486194728
50457.462076096825,34912.46307609683,-79524.05360386243,20.01246142920681,72.646,842,0.49040459149479654,0.10026677389064147
50457.462076096825,34912.46307609683,-79524.05360386243,20.01246142920681,72.655,843,0.49011285261048076,0.09961223148497972
50450.3358822814,34905.33688228139,-79517.24027709274,20.01225476958616,72.663,844,0.48980117741365875,0.09891296017052521
50450.3358822814,34905.33688228139,-79517.24027709274,20.01225476958616,72.669,845,0.4894702883482357,0.09817058081510562
50442.99054498462,34897.991544984616,-79510.48745981538,20.012041754804553,72.675,846,0.4891208852147336,0.09738666348408348
50430.00333923856,34885.004339238556,-79500.49231616386,20.01166512583792,72.716,847,0.4887538389679765,0.09656316224287938
50422.7080148018,34877.7090148018,-79497.55844291301,20.011453561429253,72.76,848,0.488369719506615,0.09570135571033332
50415.86771859083,34870.868718590835,-79492.84657061285,20.011255192839133,72.788,849,0.4879688951747869,0.09480207029962151
50408.79517617535,34863.796176175354,-79490.55317109042,20.011050089109084,72.814,850,0.4875522769589955,0.09386734989083478
50403.67462823015,34858.67562823015,-79490.61645876165,20.010901593218673,72.859,851,0.4871205153702968,0.09289865396398919
50402.13558713425,34857.13658713426,-79492.03323958356,20.010856961026892,72.868,852,0.4866744392215947,0.09189784203532017
50391.049044354106,34846.05004435411,-79488.97371454426,20.01053545128627,72.912,853,0.48621495472959814,0.09086694728345648
50384.576811952946,34839.57781195294,-79488.44560461177,20.010347756546636,72.939,854,0.4857426711076027,0.08980733653317705
50378.08581647783,34833.08681647784,-79488.57144171585,20.010159517677856,73.091,855,0.48525853500670696,0.08872113368129729
50328.518456044694,34783.5194560447,-79416.54921445811,20.008722064225296,73.848,857,0.48476351282976315,0.08761050693946741
50328.518456044694,34783.5194560447,-79416.54921445811,20.008722064225296,73.856,858,0.48425836430889657,0.08647716083498787
50293.66080241341,34748.66180241341,-79507.55781781007,20.007711192269987,73.911,861,0.4837440487154272,0.08532324757927522
50282.38373460551,34737.38473460551,-79518.49852612846,20.00738415730356,74.078,866,0.4832214937834069,0.08415084862705063
50281.15755268085,34736.15855268085,-79524.84144434043,20.007348598027743,74.105,867,0.48269213674302575,0.08296318853341009
50277.646308,34732.647308,-79532.87917200002,20.007246771932,74.132,868,0.4821565839130021,0.08176162762888829
50276.20022209692,34731.20122209692,-79538.85656759473,20.00720483544081,74.177,869,0.48161641950815387,0.08054972024180336
50274.74171497675,34729.742714976746,-79544.89664176745,20.007162538734327,74.352,870,0.4810720600098567,0.07932840078555084
50194.85024230589,34649.851242305886,-79690.33932049412,20.004845686026872,75.041,871,0.48052481243194317,0.07810060166312609
50176.59922872108,34631.60022872109,-79689.8919764556,20.00431640663291,75.05,872,0.4799759779905905,0.0768692422699635
50176.59922872108,34631.60022872109,-79689.8919764556,20.00431640663291,75.058,873,0.4794266636849924,0.07563680625824076
50167.08962013394,34622.09062013394,-79690.60835329955,20.004040627983883,75.065,874,0.4788775730640239,0.07440487210308704
50158.114716730444,34613.11571673045,-79690.1835525913,20.00378035578518,75.072,875,0.47833005619447994,0.07317646880068804
50149.17577760001,34604.176777600005,-79689.6027352,20.0035211265504,75.113,876,0.47778522236064186,0.07195408513002077
50141.54753868598,34596.54853868598,-79689.439575019,20.003299907621894,75.136,877,0.47724427436512173,0.0707404196868418
50133.57890863449,34588.57990863449,-79688.51561106207,20.0030688173504,75.179,878,0.4767081861613453,0.06953765762319138
50127.14369760001,34582.144697600015,-79689.0236952,20.002882196230402,75.206,879,0.4761776310355987,0.06834730951736094
50119.33261396365,34574.33361396365,-79685.66224429091,20.002655674804945,75.251,880,0.47565415554578977,0.0671728452110067
50112.01023685927,34567.01123685927,-79683.82789075555,20.002443325868917,75.278,881,0.4751389367856812,0.06601690561977101
50104.156127814604,34559.1571278146,-79682.30898756052,20.002215556706624,75.305,882,0.4746325844096288,0.06488085855799113
50095.150726553984,34550.15172655399,-79678.09752348452,20.001954400070066,75.332,883,0.4741358557052117,0.06376640306840858
50086.66597760001,34541.666977600005,-79674.9023352,20.0017083423504,75.377,884,0.47364974528727494,0.06267577065881458
50078.55740931807,34533.558409318066,-79672.1559475348,20.001473193870225,75.52,885,0.4731749956453501,0.06161062717120119
49892.53943224616,34347.540432246155,-79589.43389335385,19.996078672535138,76.258,886,0.4727123536855896,0.06057264835664618
49868.49194278356,34323.49294278356,-79581.9669992548,19.995381295340724,76.267,887,0.4722623382651302,0.059562998317765625
49868.49194278356,34323.49294278356,-79581.9669992548,19.995381295340724,76.276,888,0.47182570968489757,0.05858338285801496
49854.66721236227,34309.668212362274,-79580.98526418114,19.994980378158505,76.283,889,0.4714029781323012,0.05763494662869813
49841.472278400004,34296.47327840001,-79580.94504720002,19.9945977250736,76.289,890,0.4709939163076101,0.05671717966244114
49829.90771388388,34284.90871388388,-79580.76045042582,19.994262352702634,76.33,891,0.47059951080810697,0.05583229547891355
49820.664239938465,34275.66523993846,-79582.38408566156,19.993994291958217,76.354,892,0.4702202426518841,0.054981373285434856
49810.15030328688,34265.15130328688,-79584.26490014119,19.99368938779532,76.398,893,0.4698558815726923,0.05416389645898079
49798.2630756973,34253.2640756973,-79586.94281747028,19.993344658195223,76.437,894,0.469506212054905,0.053379381470874634
49785.537806869754,34240.53880686975,-79590.84923759146,19.99297562539922,76.464,895,0.46917180505109146,0.05262910930451735
49772.98077840001,34227.981778400004,-79596.2818950261,19.9926114715736,76.491,896,0.4688523914490775,0.051912476182560854
49764.39676849901,34219.39776849901,-79602.74918086338,19.99236253528647,76.518,897,0.46854754665845827,0.0512285294982739
49755.89494506667,34210.89594506667,-79608.80504720002,19.992115982406933,76.563,898,0.4682570747846469,0.05057682974454556
49749.755122662296,34204.75612266229,-79614.10697342952,19.991937927557206,76.59,899,0.4679807803709226,0.04995693839665704
49744.04445096638,34199.04545096638,-79620.18670649205,19.991772318078024,76.736,900,0.4677183233571401,0.04936809249911097
49721.885382752545,34176.88638275255,-79676.91737979662,19.991129705099823,77.601,901,0.46746918223573236,0.04880912200281274
49717.61808148733,34172.619081487326,-79679.56260777466,19.991005953363132,77.61,902,0.46723276982959416,0.04827870952315683
49714.292233600005,34169.29323360001,-79683.14771200002,19.9909095037744,77.62,903,0.4670084087114244,0.04777533519111256
49710.00128767726,34165.00228767726,-79685.11631629187,19.99078506634264,77.627,904,0.4667953244084581,0.04729726140742951
49706.16714049656,34161.168140496564,-79689.10029475864,19.9906738760744,77.634,905,0.46659328082221496,0.0468439584639488
49703.16964981622,34158.170649816224,-79694.09033902704,19.99058694884467,77.639,906,0.46640131844703414,0.04641327362348921
49699.63574129232,34154.636741292314,-79699.40408123078,19.990484465497477,77.645,907,0.4662187730423815,0.046003716602716835
49695.67143360001,34150.672433600004,-79702.28988342859,19.9903695005744,77.651,908,0.46604515600861207,0.0456141911844174
49673.67642572599,34128.677425726,-79739.8037057008,19.989731645346055,77.776,913,0.4658795735542143,0.045242692067009385
49696.72440049812,34151.72540049812,-80146.74154075472,19.990400036614446,80.234,916,0.46572105744268905,0.04488704692489125
49736.39244558239,34191.39344558239,-79968.98103878062,19.99155040992189,81.434,931,0.46556934653056314,0.044546669859211706
49766.04394744616,34221.044947446164,-79970.26149083077,19.99241030347594,81.443,932,0.465423592013678,0.04421965650155862
49766.04394744616,34221.044947446164,-79970.26149083077,19.99241030347594,81.452,933,0.46528297925877377,0.043904179149002055
49777.02406946207,34232.02506946208,-79968.2670664276,19.992728727014402,81.46,934,0.4651468700628141,0.043598805935674376
49777.02406946207,34232.02506946208,-79968.2670664276,19.992728727014402,81.466,935,0.465014662233785,0.04330218578967308
49786.37134915556,34241.37234915556,-79966.30635122964,19.99299979812551,81.472,936,0.4648855457487231,0.04301250135168248
49796.09079360001,34251.091793600004,-79963.96547160001,19.9932816620144,81.495,937,0.4647592330541182,0.04272910746956009
49804.59325838874,34259.59425838874,-79961.2057356845,19.993528233493272,81.538,938,0.4646349435091429,0.042450252705453044
49811.34322217143,34266.344222171436,-79958.49443588572,19.993723982442972,81.564,939,0.46451257600130735,0.04217571020440327
49819.790276358624,34274.79127635862,-79955.75258366896,19.9939689470144,81.607,940,0.4643920481244829,0.041905295080855415
49827.14033905455,34282.14133905455,-79951.09490341818,19.99418209883258,81.63,941,0.46427280269877824,0.041637757251649136
49834.992976698595,34289.99397669859,-79945.46460892394,19.994409825324258,81.672,942,0.4641544714565549,0.041372270475241356
49840.30762052308,34295.30862052308,-79941.18335621539,19.994563949995168,81.698,943,0.46403729152841644,0.041109366775452016
49846.14168833685,34301.142688336855,-79937.67493212632,19.99473313796177,81.725,944,0.4639203409595042,0.040846977663699324
49851.57579360001,34306.576793600005,-79934.6742216,19.9948907270144,81.878,945,0.4638040176037816,0.04058599576110556
49857.22732241097,34312.22832241097,-79943.52489557261,19.99505462134992,82.555,946,0.4636884857295299,0.04032678961832258
49859.83078683871,34314.83178683871,-79945.60591192258,19.995130121818324,82.564,947,0.46357401053333386,0.040069954227721485
49938.885225103455,34393.88622510346,-79982.89013884138,19.997422700528,82.573,948,0.4634607893872606,0.03981593241127291
49868.66333443903,34323.66433443903,-79949.34413379512,19.99538626569873,82.58,949,0.4633488743081604,0.03956484087345523
49877.395661074894,34332.39666107489,-79954.87272732687,19.995639503171173,82.623,950,0.4632387457494723,0.039317757554737466
49886.50979563637,34341.510795636364,-79959.60880341819,19.995903813073454,82.667,951,0.4631310116608529,0.039076046444810816
49896.523932000004,34351.524932,-79964.86298366898,19.996194223028,82.694,952,0.46302588242083575,0.03884017954682221
49906.96960591305,34361.970605913055,-79975.39366507827,19.99649714757148,82.738,953,0.4629236914528144,0.038610904926119995
49915.94698755556,34370.947987555555,-79985.29276974815,19.996757491639112,82.765,954,0.46282530201628463,0.038390159382964334
49911.31011185455,34366.31111185455,-80197.28949054546,19.99662302224378,83.741,961,0.4627310259934283,0.038178642653059335
49894.63469683479,34349.6356968348,-80207.84055773914,19.99613943520821,83.75,962,0.4626414370817991,0.03797764187842513
49894.63469683479,34349.6356968348,-80207.84055773914,19.99613943520821,83.759,963,0.4625569940019117,0.03778818623976171
49886.26742207011,34341.268422070105,-80211.0197061031,19.99589678424003,83.766,964,0.4624784292880585,0.037611919243587345
49881.17156640001,34336.17256640001,-80213.4277283077,19.9957490044256,83.772,965,0.46240692478905826,0.037451492473940175
49876.40958813914,34331.410588139144,-80214.79490556523,19.995610907056037,83.814,966,0.46234270729601035,0.0373074147570334
49873.77008252904,34328.77108252904,-80217.5746811613,19.995534361393343,83.838,967,0.462286404718315,0.037181094864036965
49870.546739584366,34325.54773958436,-80219.19878460336,19.995440884447948,83.882,968,0.46223859656940475,0.03707383298541785
49867.59236640001,34322.593366400004,-80220.021636,19.9953552076256,83.909,969,0.46219994768299244,0.03698712073535976
49865.52134674683,34320.52234674683,-80220.85883368787,19.995295148055657,83.953,970,0.46217100156027774,0.03692217750764879
49864.24200707798,34319.24300707798,-80221.83013769492,19.99525804720526,83.98,971,0.4621521266372865,0.03687982992162048
49863.64735018379,34318.648350183794,-80223.99409005407,19.99524080215533,84.029,973,0.4621439505990931,0.03686148624514946
49845.84650119322,34300.84750119322,-80265.66687303051,19.994724577534605,84.956,976,0.4621472065492695,0.036868791261983905
49860.64223352453,34315.64323352453,-80247.4326341434,19.99515365377221,85.152,985,0.462162225937232,0.03690248860867664
49864.7758656,34319.7768656,-80242.69160820001,19.9952735291024,85.198,986,0.4621894660797025,0.036963604316392604
49868.691859575905,34323.69285957591,-80235.50757958555,19.9953870929277,85.236,987,0.4622289763197974,0.03705224909084784
49873.9783656,34328.9793656,-80229.3899348129,19.9955404016024,85.262,988,0.4622814045284153,0.037169876488627795
49879.786827138465,34334.78782713847,-80222.89463704616,19.995708846987014,85.288,989,0.46234674534273035,0.037316474477750716
49883.07186074564,34338.07286074564,-80216.57746378252,19.995804112961622,85.435,990,0.4624251897975469,0.03749247166196858
49875.12418127408,34330.12518127408,-80045.49530571852,19.99557363025695,86.097,991,0.4625171099238075,0.03769870272613569
49850.52797954043,34305.528979540424,-80033.72912762553,19.99486034040667,86.106,992,0.46262276240638406,0.03793574356583033
49838.36109080656,34293.362090806564,-80027.42744293771,19.99450750063339,86.115,993,0.46274207817092633,0.03820343920654012
49838.36109080656,34293.362090806564,-80027.42744293771,19.99450750063339,86.124,994,0.46287488224839507,0.03850139708950093
49838.36109080656,34293.362090806564,-80027.42744293771,19.99450750063339,86.13,995,0.46302118430712597,0.03882963890649279
49829.38834249412,34284.38934249412,-80022.98090484706,19.99424729093233,86.137,996,0.4631809619699113,0.03918811445223917
49820.5206954353,34275.521695435295,-80019.40208131765,19.993990129167624,86.16,997,0.46335379324902204,0.039575876959345634
49813.263323059036,34268.26432305903,-80016.88550966696,19.993779665368713,86.204,998,0.4635398860708037,0.03999339292925493
49806.60709835045,34261.60809835045,-80013.26802613806,19.993586634852164,86.233,999,0.46373889765417026,0.04043989330179458
49800.80642298948,34255.807422989485,-80010.9715240421,19.993418415266696,86.26,1000,0.4639508564382629,0.040915441882733716
49795.5243153448,34250.5253153448,-80009.05126683801,19.993265234145,86.304,1001,0.46417371166671656,0.04141543761586498
49791.91240077798,34246.91340077798,-80007.18320921835,19.99316048862256,86.333,1002,0.46440839200484507,0.041941964045279466
49790.8981072,34245.899107200006,-80006.5607872,19.9931310741088,86.359,1003,0.46465621881416735,0.042497985764296205
49792.61708995862,34247.61808995862,-80005.89445961379,19.9931809246088,86.385,1004,0.46491515207790085,0.04307892581192635
49796.15326509474,34251.15426509474,-80004.48362930526,19.993283473687747,86.54,1005,0.4651849619549603,0.043684268519039164
49868.05160869008,34323.05260869008,-79838.78119888857,19.99536852565201,87.276,1006,0.46546500248262396,0.044312564610215564
49871.89560407442,34326.89660407443,-79820.91277495815,19.995480001518157,87.285,1007,0.46575491283558174,0.04496300454144475
49871.89560407442,34326.89660407443,-79820.91277495815,19.995480001518157,87.294,1008,0.466054426714794,0.045634990846898975
49877.59438788149,34332.59538788149,-79809.64580165927,19.995645266248562,87.301,1009,0.4663627998851236,0.0463268537681631
49882.853538811076,34337.85453881108,-79797.30559378341,19.995797781625523,87.308,1010,0.4666797444390381,0.04703794735881401
49888.11467110589,34343.11567110589,-79786.79507181178,19.99595035446207,87.35,1011,0.46700445700786347,0.0477664691890323
49893.92810640001,34348.92910640001,-79777.38174240002,19.9961189440856,87.375,1012,0.4673368999194808,0.04851233473803357
49899.36217469269,34354.363174692684,-79768.48605459514,19.996276532066087,87.419,1013,0.46767645013823733,0.0492741461693384
49903.95021983284,34358.951219832845,-79762.00594538508,19.99640958537515,87.448,1014,0.4680225590775491,0.05005067267964391
49907.617521784625,34362.61852178462,-79756.76731163079,19.996515937131754,87.474,1015,0.4683746856604494,0.05084070031414853
49910.53965486626,34365.54065486626,-79751.13451786013,19.996600678991122,87.517,1016,0.4687326127022582,0.051643741799504164
49913.677258731615,34368.67825873161,-79744.96913307358,19.996691669503218,87.543,1017,0.46909595708463564,0.05245893757528427
49918.2301678108,34373.231167810794,-79736.79567103072,19.996823703866514,87.587,1018,0.4694643892606218,0.05328554827326768
49924.74832490221,34379.74932490221,-79726.37332654098,19.997012730422163,87.615,1019,0.46983718456202994,0.05412194803525135
49934.0484327158,34389.049432715794,-79713.26548976844,19.997282433548758,87.755,1020,0.4702144145747969,0.0549682974707179
50177.10732201291,34632.10832201291,-79700.2961324129,20.004331141338376,88.56,1021,0.4705956335205168,0.05582359643575152
50203.540935973775,34658.54193597377,-79698.08230375082,20.00509771614324,88.582,1022,0.47098055704577224,0.05668720695790525
50203.540935973775,34658.54193597377,-79698.08230375082,20.00509771614324,88.589,1023,0.47136905455862915,0.0575588360424387
50203.540935973775,34658.54193597377,-79698.08230375082,20.00509771614324,88.595,1024,0.47176088514277104,0.05843794317194454
50212.24912846452,34667.250128464526,-79695.41871305807,20.00535025372547,88.605,1025,0.47215604305476716,0.05932451546051976
50221.84925501539,34676.85025501539,-79691.05998849231,20.005628657395448,88.611,1026,0.47255428078890893,0.06021799760686369
50232.08574540001,34687.08674540001,-79684.050102675,20.0059255156166,88.633,1027,0.4729556892815004,0.061118593634746914
50242.77291709261,34697.77391709261,-79677.79359519688,20.006235443595685,88.658,1028,0.4733603607905216,0.06202651053323892
50254.129670400005,34709.1306704,-79670.5892808,20.0065647894416,88.703,1029,0.47376827860567744,0.06294171081129102
50260.872974634534,34715.87397463454,-79661.20357656547,20.0067603452644,88.73,1030,0.4741795943639088,0.06386453468000754
50270.543870400004,34725.5448704,-79652.4608058,20.0070408012416,88.757,1031,0.47459443831788894,0.06479527437296705
50277.37156702922,34732.37256702922,-79640.69374821574,20.007238804443848,88.784,1032,0.4750129647808321,0.0657342761057337
50283.3282643394,34738.329264339394,-79629.1773777697,20.007411548665843,88.829,1033,0.475435199896057,0.06668159853319254
50287.785392139136,34742.78639213914,-79617.60072427827,20.007540805372034,88.855,1034,0.4758617627563556,0.06763863064566068
50292.07725467948,34747.07825467948,-79605.92724411878,20.007665269385704,89.004,1035,0.4762931739331052,0.06860654039180687
50200.80803065153,34655.80903065154,-79442.50381225154,20.005018461888895,89.772,1036,0.4767295235460585,0.06958552996339544
50178.74069772776,34633.74169772776,-79423.76134624792,20.004378509234105,89.781,1037,0.4771711098554759,0.07057626853412532
50178.74069772776,34633.74169772776,-79423.76134624792,20.004378509234105,89.79,1038,0.4776184963780344,0.07158002040430497
50167.42754097978,34622.428540979774,-79409.75568213036,20.004050427688412,89.797,1039,0.47807186786388084,0.07259720007749239
50136.1804848,34591.18148480001,-79343.74034640001,20.003144263059202,89.915,1043,0.47853218948755144,0.07362997300950015
50134.18453025455,34589.185530254545,-79326.2439482182,20.003086380377383,89.942,1044,0.47899986515557813,0.07467924540093195
50133.21515655573,34588.21615655573,-79309.25628166719,20.003058268540116,89.986,1045,0.4794753240745403,0.0757459802153216
50134.6080048,34589.609004800004,-79293.16898640002,20.0030986611392,90.013,1046,0.4799592760613099,0.07683176999061288
50137.57988905532,34592.580889055316,-79276.12188342129,20.003184845782606,90.051,1047,0.4804522969080188,0.07793790656820043
50142.0631098,34597.064109800005,-79259.57998515002,20.0033148591842,90.078,1048,0.48095498829637096,0.07906573987506023
50148.86389325071,34603.864893250706,-79243.94713963945,20.00351208190427,90.105,1049,0.4814677736714071,0.08021621994819651
50154.41114092649,34609.41214092649,-79230.49909643954,20.00367295208687,90.251,1050,0.48199132884379325,0.08139086302957395
50388.91946868425,34843.92046868426,-79161.06706962058,20.010473693591845,91.053,1051,0.4825261403775053,0.08259076076920002
50418.056354502136,34873.05735450213,-79147.36981710639,20.011318663280562,91.062,1052,0.4830729370868051,0.08381754832737014
50418.056354502136,34873.05735450213,-79147.36981710639,20.011318663280562,91.071,1053,0.48363201792721416,0.08507189643766404
50429.062199900596,34884.0631999006,-79138.63587401184,20.011637832797117,91.077,1054,0.48420386327472426,0.08635488286679084
50441.669032460064,34896.67003246007,-79129.42603794902,20.01200343094134,91.084,1055,0.48478865808218935,0.08766692257310026
50451.865838953854,34906.86683895385,-79118.08134738462,20.012299138329663,91.133,1056,0.4853870335232205,0.08900943165131248
50476.11380261595,34931.11480261595,-79080.40289764418,20.013002329275864,91.23,1059,0.48599943036710924,0.09038339900694528
50480.989008929035,34935.99000892903,-79068.47366748388,20.01314371025894,91.257,1060,0.4866261412019189,0.09178948108761362
50485.40988436627,34940.41088436627,-79052.57137055421,20.013271915646623,91.284,1061,0.48726739812198183,0.09322819861781072
50487.1367928,34942.1377928,-79036.616532,20.0133219959912,91.31,1062,0.48792317630447707,0.09469949590530677
50486.334730504925,34941.33573050493,-79023.31189593443,20.013298736184645,91.355,1063,0.4885939902327778,0.09620452723978634
50483.662121951296,34938.66312195129,-79009.06896447233,20.013221230536587,91.382,1064,0.4892797893223816,0.09774317913037235
50479.76838814884,34934.76938814884,-78993.42359246511,20.013108312256318,91.531,1065,0.4899803893923973,0.09931503835068294
50395.90340183301,34850.90440183302,-78738.99761270681,20.010676227653157,92.264,1066,0.49069587130618997,0.10092028632494485
50401.29350525218,34856.29450525218,-78729.30348438262,20.010832540652313,92.273,1067,0.49142633200870345,0.1025591405578521
50405.179509600006,34860.1805096,-78718.91724960001,20.0109452347784,92.282,1068,0.49217137723147253,0.10423071647266992
50411.338453667806,34866.33945366781,-78709.1676258712,20.011123844156366,92.307,1069,0.4929302247511327,0.10593325908098122
50419.13673267693,34874.13773267693,-78700.19766498463,20.01134999424763,92.332,1070,0.4937030433657581,0.10766714709643542
50428.885264145465,34883.88626414546,-78692.64998739905,20.01163270166022,92.376,1071,0.49448823277665116,0.10942879010508488
50440.33386620378,34895.334866203775,-78685.21795526039,20.01196471111991,92.403,1072,0.49528825553775263,0.11122371306800649
50448.963505252184,34903.96450525218,-78676.69391916523,20.012214970652312,92.448,1073,0.49610100707171456,0.11304719417678084
50463.16138263371,34918.162382633716,-78671.05192600451,20.012626709096377,92.474,1074,0.49692587981578584,0.1148978703097739
50476.78205097932,34931.78305097931,-78666.82037718622,20.0130217084784,92.501,1075,0.49776221744762733,0.11677426894883382
50489.4464005091,34944.4474005091,-78663.21532232729,20.013388974614763,92.546,1076,0.4986094144851241,0.11867503164042079
50502.98393173741,34957.98493173742,-78662.22427097405,20.013781563020384,92.573,1077,0.4994667392800904,0.12059851686607664
50514.87623545552,34969.877235455526,-78662.3791332502,20.01412643982821,92.598,1078,0.5003332549000757,0.12254262253364613
50527.57542498462,34982.576424984625,-78664.98828036925,20.014494716324553,92.643,1079,0.5012082097710782,0.12450566241931153
50536.948277341944,34991.94927734195,-78666.52482379356,20.014766529042916,92.78,1080,0.5020907133305165,0.12648563846588673
50756.66547590575,35211.666475905746,-78811.96950406767,20.021138327801268,93.55,1081,0.5029799879367546,0.1284808059644742
50790.268153107696,35245.2691531077,-78809.42592516924,20.022112805440123,93.56,1082,0.5038749033248971,0.1304886290642038
50790.268153107696,35245.2691531077,-78809.42592516924,20.022112805440123,93.568,1083,0.5047747451706656,0.13250750511435985
50805.93924406997,35260.94024406996,-78805.2066563772,20.022567267078028,93.576,1084,0.5056784452412606,0.13453503743865478
50820.12932443637,35275.130324436366,-78801.73601258182,20.022978779408653,93.582,1085,0.5065850586322684,0.13656910605911718
50833.29346080001,35288.29446080001,-78797.08230978462,20.0233605393632,93.624,1086,0.5074935380973566,0.1386073613844838
50845.61690147797,35300.61790147798,-78790.90847406103,20.02371791914286,93.649,1087,0.5084028816010363,0.1406475552580818
50857.69689915617,35312.69789915618,-78783.76957111234,20.02406823907553,93.691,1088,0.5093120056617925,0.14268725679175956
50869.149934484216,35324.15093448422,-78777.51722071579,20.024400377100044,93.714,1089,0.5102199861944857,0.1447243927174588
50879.04111773431,35334.04211773431,-78771.32917615183,20.024687221414297,93.758,1090,0.5111256915597661,0.1467564241005969
50887.90947070099,35342.910470701,-78764.51946667723,20.02494440365033,93.785,1091,0.5120282296221245,0.14878134935498274
50895.39534452093,35350.39634452094,-78755.49678742327,20.025161493991106,93.812,1092,0.5129264083737681,0.15079649410400695
50900.91192421464,35355.912924214645,-78747.6466944,20.025321474802226,93.856,1093,0.5138193405775795,0.1527998677514599
50906.63915645218,35361.64015645218,-78738.8102596174,20.025487564537112,93.883,1094,0.5147062225816083,0.15478966723196647
50913.28869046508,35368.289690465084,-78729.84090492631,20.025680401023486,94.029,1095,0.5155859380037915,0.1567633878420388
51323.07427754483,35778.075277544835,-78899.30627478621,20.0375641830488,96.353,1096,0.5164574605621828,0.15871872702589773
51353.99564901819,35808.99664901818,-78900.70508356365,20.038460902821527,96.363,1097,0.5173196289984091,0.16065307939602058
51353.99564901819,35808.99664901818,-78900.70508356365,20.038460902821527,96.372,1098,0.5181715379083887,0.1625644135969807
51362.19506335385,35817.196063353855,-78899.1230818154,20.03869868583726,96.38,1099,0.5190125503029286,0.16445130048627754
51362.19506335385,35817.196063353855,-78899.1230818154,20.03869868583726,96.386,1100,0.5198414954038475,0.1663111133178427
51370.10478427318,35825.10578427318,-78897.94856915124,20.03892806774392,96.392,1101,0.5206575488874154,0.16814200264730578
51378.762367200005,35833.76336720001,-78897.96024720001,20.0391791376488,96.414,1102,0.5214601517965514,0.1699427144042217
51386.15107976545,35841.15207976545,-78896.6634367288,20.0393934103132,96.456,1103,0.5222479278511126,0.17171016078040355
51394.367467200005,35849.36846720001,-78894.8140003915,20.0396316855488,96.482,1104,0.5230201766804473,0.17344277043135115
51402.8499672,35857.85096720001,-78891.92394720002,20.0398776780488,96.527,1105,0.523775939831614,0.17513839298175377
51410.9675150469,35865.9685150469,-78890.18068164977,20.04011308693636,96.554,1106,0.5245143377198501,0.17679505500414813
51590.6134773239,36045.61447732391,-78827.48874012745,20.045322819842394,97.644,1111,0.5252345985821294,0.1784110249788259
51617.57619910245,36072.57719910245,-78841.05406928781,20.04610473877397,97.653,1112,0.525935930962721,0.17998452720372649
51617.57619910245,36072.57719910245,-78841.05406928781,20.04610473877397,97.662,1113,0.5266174170968566,0.1815135025911125
51626.91851520001,36081.9195152,-78846.2847288,20.0463756659408,97.67,1114,0.5272782669403662,0.18299617860588654
51626.91851520001,36081.9195152,-78846.2847288,20.0463756659408,97.676,1115,0.527917761649543,0.1844309424575899
51659.503462082415,36114.50446208242,-79047.4823237186,20.04732062940039,98.861,1126,0.5285347964954998,0.18581531558768177
51656.16335914839,36111.16435914839,-79058.8138219355,20.047223766415303,98.87,1127,0.529129300691903,0.18714913918066073
51656.16335914839,36111.16435914839,-79058.8138219355,20.047223766415303,98.878,1128,0.5297002042886223,0.18843001270725282
51656.16335914839,36111.16435914839,-79058.8138219355,20.047223766415303,98.886,1129,0.530246713795067,0.1896561559000066
51655.41740089412,36110.41840089412,-79064.1103447059,20.04720213362593,98.891,1130,0.530768309273395,0.1908264022316459
51652.00522942979,36107.0062294298,-79075.01996297874,20.047103180653465,98.897,1131,0.5312646059121264,0.19193988834303272
51651.3474156,36106.348415600005,-79075.88733000001,20.0470841040524,98.92,1132,0.5317350103179578,0.1929952829029621
51650.0716656,36105.072665600004,-79081.56693365856,20.0470471073024,98.967,1133,0.5321787298419939,0.19399080753240203
51649.468210543826,36104.46921054383,-79087.16863617979,20.04702960710577,98.993,1134,0.5325952600725745,0.1949253305384611
51649.86252625574,36104.863526255736,-79094.66210459018,20.047041042261416,99.038,1135,0.5329843415598947,0.19579826982218496
51651.27014897951,36106.271148979504,-79103.51723650971,20.047081863320404,99.065,1136,0.5333459078199124,0.19660947622065036
51654.43813544925,36109.439135449255,-79116.39609256283,20.047173734928027,99.092,1137,0.5336790766693988,0.19735697047650128
51655.08392679403,36110.084926794036,-79118.77363970151,20.047192462877028,99.118,1138,0.5339836524564837,0.1980403136271835
51658.107655904714,36113.10865590471,-79128.61950797786,20.047280151021237,99.164,1139,0.5342596803290438,0.19865960696601595
51662.05341933134,36117.05441933134,-79134.37507253732,20.04739457816061,99.303,1140,0.534507105429066,0.19921472741411614
51712.584924,36167.585924,-79213.98271265454,20.048859991796,100.075,1141,0.534725639446334,0.19970502812160326
51737.52538174648,36192.52638174649,-79223.99475170704,20.04958326507065,100.084,1142,0.5349152397663581,0.2001304134790399
51737.52538174648,36192.52638174649,-79223.99475170704,20.04958326507065,100.093,1143,0.5350763839707492,0.20049195498369038
51737.52538174648,36192.52638174649,-79223.99475170704,20.04958326507065,100.1,1144,0.535209006272791,0.20078950503714463
51745.54565929412,36200.54665929412,-79225.09390249412,20.04981585311953,100.106,1145,0.5353133045350292,0.2010235075618059
51751.44289520419,36206.4438952042,-79227.66632165026,20.049986872960922,100.112,1146,0.5353897629175628,0.20119504881436776
51756.80688553846,36211.80788553847,-79231.59297489231,20.050142428680616,100.135,1147,0.5354391033734699,0.20130574856144337
51761.17567273097,36216.17667273097,-79232.36442354518,20.0502691235092,100.179,1148,0.5354614962859051,0.2013559890729525
51766.32345848276,36221.32445848276,-79234.16549478621,20.050418409296,100.203,1149,0.5354574244806056,0.2013468536118282
51770.56858980311,36225.56958980311,-79235.92387963523,20.05054151810429,100.247,1150,0.5354280658662134,0.20128098492196786
51774.95909066667,36229.960090666675,-79236.9206672,20.050668842629335,100.291,1151,0.535374240795799,0.20116022353921087
51780.57462295288,36235.57562295288,-79238.0233897131,20.050831693065632,100.3,1152,0.5352962878628406,0.20098532912845493
51784.998577846156,36239.99957784616,-79237.16282104615,20.050959987757537,100.345,1153,0.5351952094613468,0.2007585506507442
51789.89003269566,36244.891032695654,-79237.60273241739,20.051101839948174,100.372,1154,0.535072271167518,0.20048272754002178
51791.92930842211,36246.93030842212,-79236.41282800402,20.051160978944242,100.485,1155,0.5349285981101577,0.20016038412387435
51815.87059200001,36270.87159200001,-79221.4018776,20.051855276168,101.154,1156,0.534764952973715,0.1997932315534061
51818.11969200001,36273.12069200001,-79220.8627776,20.051920500068,101.162,1157,0.5345825047737874,0.1993838926201703
51818.11969200001,36273.12069200001,-79220.8627776,20.051920500068,101.17,1158,0.5343825985854453,0.1989353851209695
51818.569518086966,36273.57051808697,-79220.96242977392,20.05193354502452,101.195,1159,0.534166497905482,0.19845054382441044
51817.56959443903,36272.570594439036,-79221.12882638049,20.05190454723873,101.238,1160,0.5339356805673986,0.19793268438276668
51817.13767138145,36272.13867138146,-79221.50780852784,20.051892021470064,101.264,1161,0.5336910904748493,0.19738392452871525
51816.850782909096,36271.8517829091,-79221.99859578183,20.051883701704362,101.291,1162,0.5334342058254467,0.19680758073144622
51817.04239200001,36272.04339200001,-79222.80677760001,20.051889258368,101.336,1163,0.5331663529882186,0.19620662881907505
51817.24514027587,36272.24614027586,-79222.51505346208,20.051895138068,101.363,1164,0.5328889637840035,0.19558428121033122
51816.71908330436,36271.72008330436,-79220.7372123826,20.051879882415825,101.389,1165,0.5326033955634412,0.19494358324336047
51817.50926481554,36272.510264815544,-79221.1736708039,20.051902797679652,101.434,1166,0.532310932231682,0.19428741547475312
51818.97154845934,36273.97254845934,-79221.02830870048,20.05194520390532,101.461,1167,0.5320129400896212,0.19361884332335735
51820.43736507693,36275.43836507693,-79219.28725836924,20.05198771258723,101.485,1168,0.5317105692433387,0.1929404471555243
51822.78741927273,36277.788419272736,-79218.04741396364,20.05205586415891,101.529,1169,0.5314053985191345,0.19225576920994758
51824.815692000004,36279.81669200001,-79217.8567776,20.052114684068002,101.701,1170,0.5310986292094464,0.19156750469417222
51924.69782190769,36379.69882190769,-79273.14272830769,20.055011265835322,102.279,1171,0.5307914884344698,0.19087840676263831
51927.11043527686,36382.11143527686,-79278.27861678603,20.055081231623028,102.287,1172,0.5304851788494319,0.1901911736804314
51929.34293333832,36384.343933338314,-79282.24952198131,20.05514597406681,102.296,1173,0.5301810650117623,0.18950886695477798
51930.56171838505,36385.562718385045,-79285.93531637384,20.055181318833167,102.321,1174,0.5298801158917017,0.1888336605574948
51929.40515285582,36384.40615285582,-79289.53810576744,20.05514777843282,102.346,1175,0.5295836477344874,0.18816850760306342
51928.38980701935,36383.39080701936,-79292.64342309677,20.055118333403563,102.39,1176,0.5292919498081103,0.18751405709021807
51927.40903955261,36382.410039552604,-79293.0099175166,20.055089891147027,102.417,1177,0.529006148406854,0.18687283596140433
51926.5007178353,36381.5017178353,-79292.05856541176,20.055063549817223,102.462,1178,0.5287273388662826,0.18624730170039888
51925.383462933336,36380.38446293333,-79291.03670266666,20.055031149425066,102.489,1179,0.528456311771842,0.18563922805669958
51924.21175122162,36379.212751221625,-79290.47071167568,20.054997169785427,102.516,1180,0.5281936302614849,0.18504987848091276
51924.713975753846,36379.71497575384,-79290.14195907692,20.055011734296862,102.56,1181,0.5279406267111609,0.18448224227822277
51924.58099916522,36379.581999165224,-79287.41851426088,20.05500787797579,102.587,1182,0.5276973818287399,0.1839365005239888
51925.31238766452,36380.313387664515,-79287.15051987096,20.05502908824227,102.614,1183,0.527464171857674,0.18341327299522178
51925.0927296,36380.093729600005,-79286.359536,20.0550227181584,102.658,1184,0.5272414289396515,0.18291352924063625
51924.13671251458,36379.13771251458,-79287.03433248242,20.054994993662923,102.827,1185,0.5270295685062616,0.18243820131833743
51903.42145292308,36358.422452923085,-79260.22317341539,20.05439425113477,103.545,1186,0.5268292741130006,0.18198882284651297
51880.05055781819,36335.051557818195,-79256.79160698183,20.05371649517673,103.554,1187,0.5266405191457578,0.18156533411401346
51880.05055781819,36335.051557818195,-79256.79160698183,20.05371649517673,103.563,1188,0.5264632211989431,0.18116755023649164
51880.05055781819,36335.051557818195,-79256.79160698183,20.05371649517673,103.57,1189,0.5262978869562451,0.18079660800433917
51880.05055781819,36335.051557818195,-79256.79160698183,20.05371649517673,103.576,1190,0.526144596269913,0.18045268657325284
51876.11388819513,36331.11488819512,-79256.33774001952,20.05360233175766,103.582,1191,0.526003145577261,0.1801353292320535
51871.78789324139,36326.78889324139,-79255.27427155864,20.053476877904,103.605,1192,0.52587350725757,0.17984447401117498
51868.87208188236,36323.87308188235,-79255.54302409414,20.053392319374588,103.647,1193,0.525755606159569,0.17957995230198717
51866.45875790955,36321.45975790956,-79254.963708398,20.053322332979377,103.672,1194,0.5256492274855813,0.17934128218659856
51864.178793910454,36319.17979391046,-79253.7006843224,20.053256214023403,103.715,1195,0.5255541650108754,0.17912800098129023
51862.79675100001,36317.797751000006,-79251.7394763,20.053216134779,103.742,1196,0.5254696337854551,0.17893834758020213
51861.802973014936,36316.80397301493,-79251.38128133732,20.053187315217432,103.769,1197,0.5253958916681737,0.17877290051284545
51861.39541947827,36316.396419478275,-79250.13718010436,20.05317549616487,103.822,1198,0.5253324848546589,0.17863064162832734
51861.66383941464,36316.66483941465,-79248.68554489757,20.053183280343024,103.849,1199,0.5252787458891782,0.17851007342972747
51862.25453680403,36317.255536804034,-79245.94109533267,20.053200410567317,103.99,1200,0.5252342679318258,0.17841028313515414
51915.0979728,36370.0989728,-79287.5657112,20.0547328702112,104.593,1201,0.525198572532246,0.17833019729823588
51914.27180167701,36369.27280167701,-79287.91531547808,20.054708911248632,104.602,1202,0.5251711027062856,0.1782685662749687
51914.410567394596,36369.41156739459,-79288.38690038919,20.054712935454443,104.61,1203,0.5251510609328461,0.17822360075509436
51915.04263946667,36370.043639466676,-79287.64037786667,20.054731265544532,104.634,1204,0.5251376166114153,0.1781934372117174
51915.97793156289,36370.97893156289,-79288.72494831341,20.054758389015323,104.657,1205,0.5251302322461714,0.17817686972465652
51916.86923246851,36371.870232468515,-79289.65371120001,20.054784236741586,104.7,1206,0.5251286975487661,0.17817342649310386
51918.46651627827,36373.467516278266,-79290.20838511304,20.05483055797207,104.728,1207,0.5251316699086207,0.17818009524956488
51919.27628049231,36374.277280492315,-79291.57924966153,20.054854041134277,104.773,1208,0.5251381710761509,0.17819468120318163
51921.366285300006,36376.3672853,-79293.2105862,20.054914651273698,104.8,1209,0.5251476828068117,0.1782160216257424
51923.22320898091,36378.224208980915,-79296.49190215477,20.054968502060447,104.827,1210,0.5251591122576489,0.17824166462586535
51925.52307939899,36380.524079398994,-79301.9275183066,20.05503519830257,104.868,1211,0.5251714197935686,0.17826927768878487
51926.988031623536,36381.98903162354,-79306.51547590588,20.055077681917084,104.895,1212,0.5251837171252459,0.17829686785756935
51928.6759728,36383.67697280001,-79311.9797112,20.0551266322112,104.923,1213,0.5251950563962366,0.17832230853110223
51928.49079513503,36383.491795135036,-79318.18599546397,20.055121262058915,104.967,1214,0.5252045024704642,0.1783435016475546
51927.67628049231,36382.67728049231,-79321.78694196923,20.055097641134278,105.141,1215,0.5252110430766871,0.17835817608542265
51913.73446570787,36368.73546570787,-79293.02933986517,20.05469332850553,105.802,1216,0.5252136256291781,0.17836397027403125
51899.717206647896,36354.7182066479,-79279.82436439437,20.05428682799279,105.811,1217,0.5252112432235332,0.17835862513285916
51899.717206647896,36354.7182066479,-79279.82436439437,20.05428682799279,105.819,1218,0.5252027205970765,0.1783395038544715
51895.12513931708,36350.126139317086,-79278.14577834147,20.054153658040196,105.826,1219,0.5251871439189695,0.1783045561772556
51890.79479833664,36345.795798336636,-79275.72068150496,20.054028078151763,105.831,1220,0.5251632236705938,0.17825088895030164
51888.45163818557,36343.45263818557,-79273.3425392165,20.05396012650738,105.872,1221,0.5251303021263505,0.17817702650711845
51885.64457920813,36340.645579208125,-79271.70659646702,20.053878721797034,105.914,1222,0.5250873080092767,0.17808056534156363
51882.588619500006,36337.58961950001,-79271.4340695,20.0537900989655,105.941,1223,0.5250330579263961,0.17795885040514262
51878.963500965525,36333.96450096552,-79270.98804579311,20.053684970528,105.967,1224,0.5249667550645551,0.17781009397593567
51873.32514334022,36328.32614334022,-79268.23109591754,20.053521458156865,106.012,1225,0.5248871678125733,0.1776315328235737
51868.83428914286,36323.835289142866,-79267.78063200001,20.053391223385145,106.039,1226,0.5247933284405658,0.17742099575909012
51863.73823200001,36318.73923200001,-79267.580832,20.053243437728,106.067,1227,0.5246844322440711,0.1771766773557062
51859.69325018183,36314.69425018183,-79265.96472290909,20.053126133255272,106.112,1228,0.5245599276436713,0.1768973400954271
51856.73893200001,36311.73993200001,-79263.92000700001,20.053040458028,106.139,1229,0.5244188297246198,0.1765807742335043
51852.50384406031,36307.50484406031,-79264.63673752765,20.052917640477748,106.281,1230,0.5242605519360906,0.17622566379044574
51715.13831653334,36170.13931653334,-79207.23770213334,20.048934040179468,106.955,1231,0.5240846571709259,0.17583102807706044
51711.54765136144,36166.548651361445,-79197.17274323947,20.04882991088948,106.964,1232,0.523890200877999,0.17539474790800805
51711.54765136144,36166.548651361445,-79197.17274323947,20.04882991088948,106.973,1233,0.5236767773789066,0.17491591310733243
51709.57677745838,36164.577777458384,-79193.4339979866,20.048772755546292,106.981,1234,0.5234440853696867,0.1743938476725163
51709.49969193787,36164.500691937865,-79191.21716006214,20.0487705200662,106.987,1235,0.5231919526748987,0.17382816531248552
51708.840617002825,36163.84161700282,-79194.12560119436,20.048751406893082,107.012,1236,0.5229196325163009,0.17321719056314133
51707.48098320001,36162.48198320001,-79192.1783688,20.0487119775128,107.057,1237,0.5226272267831428,0.17256115202217173
51707.09920253086,36162.100202530855,-79192.71129259182,20.048700905873396,107.085,1238,0.5223148500743822,0.1718603068026378
51706.37738477481,36161.37838477481,-79191.67560895748,20.04867997315847,107.129,1239,0.5219826864802461,0.17111506792750825
51706.65809130811,36161.659091308116,-79191.63362555676,20.048688113647934,107.156,1240,0.5216307044107757,0.17032536452187108
51706.5139162544,36161.5149162544,-79190.16724536904,20.04868393257138,107.201,1241,0.5212594677242004,0.1694924616523382
51707.02593695723,36162.026936957234,-79187.13964336648,20.04869878117176,107.228,1242,0.5208691714248805,0.1686167968287174
51705.962222005975,36160.96322200597,-79188.87149566568,20.048667933438175,107.255,1243,0.52046054028161,0.16769999613493303
51705.45165917766,36160.45265917767,-79187.30748332514,20.048653127116154,107.3,1244,0.5200341104381769,0.16674326245775697
51704.869638372424,36159.87063837242,-79188.41031707586,20.0486362485128,107.433,1245,0.5195905738398917,0.16574814823867878
51680.40463724602,36135.40563724602,-79208.01996286726,20.047926763480135,108.085,1246,0.5191308365270432,0.16471668626051256
51681.45335199253,36136.454351992536,-79209.42814912151,20.047957176207785,108.094,1247,0.5186559131051848,0.16365115288200058
51681.891957600004,36136.89295760001,-79210.06730800001,20.0479698957704,108.102,1248,0.518166925400363,0.1625540650206971
51682.7216485091,36137.722648509094,-79209.54676254546,20.047993956806764,108.127,1249,0.5176649179154653,0.16142776611270002
51683.22155760001,36138.222557600006,-79210.56730800001,20.0480084541704,108.15,1250,0.5171513185682587,0.1602754598198472
51684.45727853024,36139.458278530234,-79211.59819172094,20.048044290077378,108.195,1251,0.5166277722148845,0.1591008365247158
51685.86335199253,36140.864351992524,-79211.08263510281,20.048085066207783,108.222,1252,0.5160954159808215,0.15790644747051116
51687.594322305886,36142.59532230589,-79211.37466094118,20.04813526434687,108.266,1253,0.5155559663290324,0.15669614369614956
51689.673092483725,36144.67409248372,-79214.43465683721,20.048195548682028,108.293,1254,0.5150110407086914,0.15547355409421404
51692.83080084325,36147.831800843254,-79216.6264971892,20.048287122224455,108.32,1255,0.5144625630539134,0.15424299518379617
51696.95284061888,36151.95384061888,-79217.37702498114,20.048406661377946,108.365,1256,0.5139122537843763,0.15300832688105853
51701.08927853024,36156.090278530246,-79220.10758706977,20.04852661807738,108.392,1257,0.51336187357342,0.15177349941487117
51707.21929673044,36162.22029673045,-79222.41165582609,20.048704388605184,108.42,1258,0.5128136695101094,0.15054355433149838
51713.11312321087,36168.114123210864,-79223.97228537557,20.048875309573116,108.466,1259,0.5122691958346304,0.14932197870847716
51720.26367113712,36175.26467113712,-79226.07927306551,20.049082675462977,108.603,1260,0.5117307261312053,0.1481138735363386
51829.51070143256,36284.511701432566,-79208.20928645582,20.052250839341543,109.208,1261,0.5112001420764806,0.14692346052574592
51829.913608409304,36284.91460840931,-79208.04079808372,20.05226252364387,109.217,1262,0.5106797670972629,0.14575595249354742
51831.211691729804,36286.2126917298,-79206.27450823311,20.052300168060164,109.225,1263,0.5101716237637571,0.14461588725776672
51834.149448619355,36289.15044861936,-79204.16268255484,20.05238536300996,109.251,1264,0.5096774774503899,0.1435072255945852
51835.52500375814,36290.52600375815,-79202.96417017675,20.052425254108986,109.274,1265,0.5091992211628076,0.14243421463229541
51838.9613712,36293.9623712,-79201.7188632,20.0525249087648,109.318,1266,0.508739049927901,0.1414017791109952
51842.17373093154,36297.17473093154,-79198.77280682417,20.052618067197013,109.345,1267,0.5082987872924905,0.1404140103218588
51844.257361561446,36299.25836156144,-79194.81150416385,20.05267849248528,109.378,1268,0.5078804536695459,0.1394754412429597
51845.88515980104,36300.88615980104,-79192.93172952125,20.05272569863423,109.423,1269,0.5074859281731992,0.13859028783572927
51848.54522574546,36303.546225745464,-79192.63399047274,20.05280284054662,109.45,1270,0.5071167737294902,0.13776205666519914
51849.243104533336,36304.24410453334,-79189.92237431112,20.052823079031466,109.494,1271,0.5067747636416428,0.13699472629651946
51851.18822757584,36306.189227575844,-79189.5046189047,20.0528794875997,109.503,1272,0.5064616556158705,0.1362922403015462
51852.388342628576,36307.38934262858,-79188.94983462857,20.05291429093623,109.547,1273,0.5061787774315759,0.13565757767269684
51854.369146200006,36309.3701462,-79188.5358882,20.0529717342398,109.574,1274,0.5059270898012772,0.13509289385484585
51854.23431665455,36309.23531665455,-79186.22708138182,20.052967824182982,109.755,1275,0.5057078300016751,0.13460096478946573
52018.983831240614,36473.98483124061,-79015.69614048731,20.057745560105978,111.927,1276,0.5055221393651409,0.13418435115830377
52036.8830952,36491.8840952,-79009.976058,20.0582646387608,111.937,1277,0.5053711252354061,0.1338455373865387
52036.8830952,36491.8840952,-79009.976058,20.0582646387608,111.946,1278,0.505255232911918,0.13358552254350012
52044.0675011406,36499.0685011406,-79009.82156542575,20.058472986533076,111.954,1279,0.5051752134325266,0.13340599165010042
52044.0675011406,36499.0685011406,-79009.82156542575,20.058472986533076,111.961,1280,0.5051315972115895,0.13330813473861952
52050.93472934634,36505.93572934634,-79009.15842995123,20.058672136151046,111.966,1281,0.5051246712634714,0.13329259575157854
52057.1328713194,36512.1338713194,-79009.24044232836,20.058851882268264,111.99,1282,0.5051544540932937,0.13335941620688074
52063.654991751726,36518.65599175173,-79011.69420455174,20.0590410237608,112.031,1283,0.5052210956880772,0.13350893261388622
52069.37977836832,36524.380778368315,-79013.00275354456,20.05920704257268,112.057,1284,0.5053241723919288,0.13374019446252527
52075.44078555533,36530.44178555533,-79014.05878008122,20.059382811781106,112.104,1285,0.5054633967679105,0.13405255686219486
52079.92136252674,36534.92236252673,-79014.67443671287,20.059512748513274,112.13,1286,0.505638285253995,0.13444493489802908
52085.360210584615,36540.36121058461,-79016.74682723077,20.059670475106955,112.157,1287,0.5058479799973281,0.13491540390005388
52089.590306255275,36544.59130625527,-79017.80509694474,20.059793147881404,112.184,1288,0.5060919799761551,0.13546283978093546
52094.31460682791,36549.315606827906,-79018.81233125582,20.05993015259801,112.229,1289,0.506369119139128,0.1360846263996812
52099.012478761644,36554.01347876164,-79021.18429430138,20.06006639088409,112.47,1290,0.5066782371696025,0.13677816048162142
52146.45447924707,36601.45547924707,-79065.32231110589,20.061442208898164,113.255,1291,0.5070181651142623,0.13754081937493678
52147.66506748236,36602.666067482365,-79065.58789934118,20.06147731595699,113.264,1292,0.5073874667646859,0.13836938081696065
52147.15206062913,36602.153060629134,-79064.39404154563,20.061462438758245,113.291,1293,0.5077847959213808,0.13926082448814822
52146.90128393011,36601.9022839301,-79064.42462406991,20.061455166233973,113.336,1294,0.508208490712414,0.14021142182946478
52146.67156849656,36601.672568496564,-79064.33778777931,20.0614485044864,113.363,1295,0.5086568144339039,0.14121727638967338
52146.657179781825,36601.65817978182,-79062.42236458183,20.061448087213673,113.408,1296,0.5091278861133797,0.14227416803799225
52147.936270690916,36602.93727069092,-79058.29872821819,20.06148518085004,113.435,1297,0.509620016712373,0.1433783072648229
52148.01369493334,36603.01469493334,-79057.70637973334,20.061487426153068,113.462,1298,0.5101312024880984,0.14452519849314888
52147.44777366031,36602.448773660304,-79058.07833534473,20.061471014436147,113.506,1299,0.5106595195771152,0.1457105253624426
52147.39536160001,36602.39636160001,-79056.75236458183,20.0614694944864,113.533,1300,0.5112030267853066,0.14692993262924717
52147.57267124468,36602.57367124468,-79055.84146010558,20.061474636466095,113.578,1301,0.5117598296231732,0.14817916983611204
52148.96698596549,36603.967985965486,-79057.4724245726,20.061515071593,113.605,1302,0.5123279700847261,0.14945384402063408
52149.98124395295,36604.98224395295,-79059.18289934118,20.061544485074634,113.632,1303,0.5129050920888073,0.15074866910299362
52151.175361600006,36606.17636160001,-79060.53872821819,20.0615791144864,113.659,1304,0.5134895108454469,0.15205986510548022
52152.73794224517,36607.73894224517,-79061.56183672258,20.06162442932511,113.807,1305,0.5140793229928843,0.1533831616649279
52175.76277815409,36630.76377815408,-79182.87881559222,20.062292149566467,114.491,1306,0.5146726365615488,0.15471431397757304
52174.077415800006,36629.0784158,-79193.0915296,20.0622432740582,114.5,1307,0.5152678029035799,0.15604962315377544
52174.077415800006,36629.0784158,-79193.0915296,20.0622432740582,114.509,1308,0.5158646147785615,0.15738862423103722
52174.58043244087,36629.58143244087,-79196.74675405821,20.062257861540786,114.517,1309,0.5164585052971389,0.15872107098266253
52175.36171101277,36630.36271101277,-79199.11934874894,20.06228051861937,114.523,1310,0.5170492647835024,0.16004649298212892
52175.961655907915,36630.96265590792,-79202.56935334101,20.06229791702133,114.564,1311,0.5176355312809685,0.16136183455721692
52176.08697915617,36631.087979156175,-79206.29108439453,20.062301551395528,114.588,1312,0.5182158979277821,0.16266393928714398
52176.70819814266,36631.709198142664,-79208.15878484477,20.062319566746137,114.63,1313,0.5187891921777414,0.16395017645912915
52177.49047037747,36632.49147037747,-79211.83649438874,20.062342252640946,114.657,1314,0.5193543660737707,0.16521819488729256
52178.8330970701,36633.834097070096,-79218.3489813685,20.06238118881503,114.702,1315,0.5199104781043627,0.1664658822059537
52181.682167306026,36636.68316730602,-79225.15469225061,20.062463811851874,114.729,1316,0.5204565777043847,0.16769110573680943
52186.69327993044,36641.69427993044,-79233.26072525218,20.062609134117984,114.754,1317,0.5209915565349444,0.16889137882194838
52189.827833793635,36644.82883379364,-79237.02555826242,20.062700036180015,114.778,1318,0.5215154189222049,0.17006671116750577
52193.8515408,36648.8525408,-79243.70693869091,20.0628167236832,114.82,1319,0.5220272819606737,0.17121512189566254
52197.57382300859,36652.57482300859,-79248.46378420123,20.06292466986725,114.97,1320,0.5225268293801367,0.17233590142576977
52359.27238193359,36814.273381933584,-79282.82368279263,20.067613928076074,115.649,1321,0.5230139472502858,0.17342879414494228
52367.518378838715,36822.51937883871,-79280.35409821937,20.067853061986323,115.658,1322,0.5234882722072995,0.17449298481379094
52373.96966620184,36828.97066620184,-79275.21799878166,20.068040149319852,115.667,1323,0.523949676189128,0.17552818611359788
52378.804881740594,36833.8058817406,-79268.88868858243,20.068180370570477,115.693,1324,0.5243981722831721,0.1765344274071231
52383.92652400001,36838.92752400001,-79264.87025413333,20.068328898196,115.72,1325,0.5248339488426632,0.1775121312817687
52388.84022881928,36843.84122881928,-79259.63213164338,20.068471395635758,115.765,1326,0.525257080064835,0.17846146420569636
52393.366265379314,36848.36726537932,-79253.4520070069,20.068602650696,115.792,1327,0.5256678789067832,0.17938312832627637
52397.414401358496,36852.41540135849,-79248.68253400756,20.068720046639395,115.819,1328,0.5260665526872748,0.18027758878179365
52401.52363938462,36856.52463938462,-79245.80749772309,20.068839214542155,115.864,1329,0.526453548223407,0.1811458480465619
52407.24497905619,36862.245979056184,-79240.9928477663,20.06900513339263,115.891,1330,0.5268292262275033,0.18198871541109618
52409.19838570213,36864.19938570213,-79236.53005909787,20.06906178218536,115.936,1331,0.5271939851403101,0.1828070848130191
52411.74682887806,36866.747828878055,-79233.12266470245,20.069135687037463,115.945,1332,0.5275483343699501,0.18360209915523437
52415.08077157282,36870.08177157282,-79228.49772177088,20.069232371375612,115.989,1333,0.5278923395594577,0.1843739057137894
52419.63527400001,36874.636274000004,-79223.08754580001,20.069364451946,116.016,1334,0.528226647364533,0.18512395531886233
52421.52440861539,36876.52540861539,-79218.95980541539,20.069419236849846,116.164,1335,0.5285518369421025,0.18585354736106716
52587.436216722585,37042.43721672258,-79106.89270049034,20.074230679284955,116.863,1336,0.5288683661587013,0.1865637091051236
52598.72007345883,37053.72107345883,-79109.2873921412,20.074557911130306,116.872,1337,0.5291766153971662,0.18725529397411167
52609.73922481898,37064.740224818976,-79111.84472299447,20.07487746651975,116.881,1338,0.5294770596341205,0.18792936762077175
52620.26699536552,37075.26799536552,-79114.08409092415,20.0751827718656,116.904,1339,0.5297699019384118,0.18858638564831337
52630.05530849608,37085.056308496074,-79118.33464618691,20.075466632946387,116.929,1340,0.530055708068078,0.18922761738573962
52640.26827147043,37095.26927147043,-79126.82736314368,20.075762808872643,116.973,1341,0.5303346172396951,0.1898533751779501
52648.21132470509,37103.21232470509,-79130.18986970848,20.07599315741645,117.0,1342,0.5306069074902106,0.19046428282582373
52656.63174715472,37111.63274715473,-79139.09990712455,20.076237349667487,117.045,1343,0.5308730061178831,0.19106129901140553
52662.92223772076,37117.923237720766,-79146.16066184152,20.076419773893903,117.072,1344,0.5311326633605116,0.19164386337075076
52668.586426400005,37123.5874264,-79154.53970586669,20.0765840353656,117.099,1345,0.5313863046822741,0.19221293047097995
52672.32584412152,37127.32684412152,-79160.3787100861,20.076692478479522,117.143,1346,0.5316338473014369,0.19276831458383364
52676.712095821495,37131.7130958215,-79165.54933672068,20.076819679778822,117.17,1347,0.5318752488430483,0.19330992063729932
52680.58410578932,37135.585105789316,-79172.00939034505,20.07693196806789,117.197,1348,0.5321103730027711,0.19383744282034707
52683.53346225658,37138.534462256575,-79177.94264876176,20.07701749940544,117.223,1349,0.5323393028409374,0.19435106748629655
52686.44334890923,37141.44434890924,-79185.32393218894,20.077101886118367,117.344,1350,0.532561944104125,0.19485058316912426
52694.257041535144,37149.25804153514,-79300.63544711353,20.077328483204518,118.069,1351,0.5327781352228466,0.195335627373165
52689.13748162125,37144.13848162125,-79318.13173448497,20.077180015967016,118.078,1352,0.532987760029428,0.19580593946580233
52689.13748162125,37144.13848162125,-79318.13173448497,20.077180015967016,118.086,1353,0.5331905441288968,0.19626090381725483
52689.13748162125,37144.13848162125,-79318.13173448497,20.077180015967016,118.093,1354,0.5333864656662317,0.1967004713938188
52686.06004593489,37141.0610459349,-79326.9440847628,20.077090770332113,118.099,1355,0.5335752520848677,0.1971240306903454
52681.664926534235,37136.66592653423,-79338.12990339867,20.07696331186949,118.142,1356,0.533756567222928,0.19753082749745332
52680.078233672735,37135.07923367273,-79346.95197905456,20.07691729777651,118.167,1357,0.5339303181862994,0.1979206533988512
52678.929970916135,37133.93097091613,-79356.25085295485,20.076883998156568,118.21,1358,0.5340962355895759,0.19829290400417043
52679.54113716924,37134.542137169236,-79358.25866436925,20.076901721977908,118.237,1359,0.5342540487243367,0.1986469719547408
52678.12602780576,37133.127027805764,-79368.45710133165,20.076860683806366,118.281,1360,0.5344037348998845,0.19898280634194335
52678.69685485362,37133.69785485361,-79376.4244851464,20.076877237790754,118.308,1361,0.5345450374477383,0.19929983130697432
52680.53055345883,37135.53155345883,-79390.63355124707,20.076930415050306,118.335,1362,0.5346779307521361,0.19959798937856935
52684.4630955892,37139.464095589195,-79401.2660281946,20.077044458772086,118.38,1363,0.5348022490365829,0.1998769086222636
52689.70393093988,37144.704930939886,-79412.3040961767,20.077196442997256,118.405,1364,0.5349179912368162,0.20013658665028833
52695.412669758785,37150.41366975878,-79421.57370840917,20.077361996423004,118.548,1365,0.5350249709704991,0.2003766052971207
52870.981461293624,37325.98246129362,-79463.67550289362,20.082453491377514,119.254,1366,0.5351230651341234,0.2005966883689768
52877.82991289216,37332.830912892154,-79461.14816915183,20.082652096473872,119.263,1367,0.5352123431662675,0.2007969916575473
52885.34535645587,37340.34635645588,-79459.27842040223,20.08287004433722,119.272,1368,0.5352931756508282,0.20097834660110947
52890.939546400004,37345.9405464,-79456.388588,20.0830322758456,119.296,1369,0.5353653246381135,0.2011402193381445
52896.75022821819,37351.751228218185,-79452.57495163636,20.083200785618327,119.32,1370,0.5354289708370802,0.20128301530543766
52904.52970024616,37359.53070024616,-79448.61843415385,20.08342639030714,119.365,1371,0.5354845382125114,0.20140768570608159
52908.82045549092,37363.82145549092,-79442.54586072727,20.083550822209236,119.391,1372,0.5355322604987508,0.2015147549440821
52912.854972408975,37367.85597240897,-79435.33791535426,20.08366782319986,119.418,1373,0.5355724864963199,0.20160500558475622
52918.19428866805,37373.19528866805,-79429.05652614433,20.08382266337137,119.463,1374,0.5356054701639564,0.20167900740735512
52925.95276673899,37380.953766738996,-79424.72519816949,20.08404765923543,119.491,1375,0.5356316609278897,0.20173776874001467
52929.41000094546,37384.41100094546,-79419.2851789091,20.08414791902742,119.534,1376,0.5356514628017902,0.2017821960237134
52933.989065630776,37388.99006563077,-79414.05243415384,20.084280711903293,119.561,1377,0.5356657365107684,0.2018142203725904
52940.246213066675,37395.24721306667,-79409.53525466667,20.084462169178934,119.589,1378,0.535674213952784,0.20183324027562377
52946.96746083851,37401.968460838514,-79404.61072703743,20.084657085364316,119.633,1379,0.5356777708524185,0.20184122049961384
52953.44637332309,37408.447373323084,-79397.96320338461,20.08484497382637,119.764,1380,0.5356770182762518,0.20183953202734947
53176.95690875857,37631.95790875857,-79498.13998772272,20.091326779354,120.51,1382,0.5356723694674932,0.20182910200710907
53176.95690875857,37631.95790875857,-79498.13998772272,20.091326779354,120.519,1383,0.535664529100722,0.20181151143964085
53178.77373840001,37633.77473840001,-79503.66651840002,20.0913794674136,120.527,1384,0.5356539461400608,0.2017877676163021
53181.14562743226,37636.14662743226,-79507.83764098065,20.091448252195537,120.533,1385,0.5356413440765118,0.20175949375417698
53182.53710403381,37637.53810403381,-79516.14844516058,20.09148860501698,120.574,1386,0.5356272554203554,0.20172788458793656
53183.786428632564,37638.78742863257,-79523.7104811907,20.091524835430345,120.599,1387,0.5356122411462554,0.2016941987146539
53184.123576069906,37639.12457606991,-79532.21518247768,20.091534612706027,120.643,1388,0.5355968063204177,0.20165956929575268
53160.99426277896,37615.99526277896,-79745.15745486316,20.09086386262059,121.685,1396,0.5355815297474349,0.20162529493135348
53167.54465445582,37622.545654455826,-79750.95046587907,20.09105382397922,121.694,1397,0.5355669595117898,0.20159260529825032
53173.999333327665,37629.00033332767,-79755.67364747234,20.091241009666504,121.703,1398,0.5355534959813192,0.20156239865766623
53182.161631200004,37637.1626312,-79761.24534960001,20.0914777163048,121.728,1399,0.5355417564667369,0.20153606000166555
53190.5459465527,37645.5469465527,-79763.9108682722,20.09172086145003,121.752,1400,0.5355319587334998,0.20151407790662168
53201.03416966154,37656.03516966154,-79766.79742652309,20.092025019920186,121.792,1401,0.535524703355423,0.20149779981386248
53211.75927825883,37666.76027825884,-79769.35770254118,20.092336048069505,121.816,1402,0.5355202351122671,0.20148777490877923
53221.28309461464,37676.284094614646,-79772.39583740488,20.092612238743826,121.859,1403,0.535518734272453,0.20148440763977518
53231.168240642066,37686.16924064206,-79773.22436247554,20.09289890797862,121.886,1404,0.5355204974289328,0.2014883634397933
53240.69665265924,37695.69765265923,-79772.91071440687,20.093175231927116,121.931,1405,0.5355256942102677,0.2015000228857552
53250.49104296471,37705.49204296472,-79773.85770254118,20.093459269245976,121.958,1406,0.5355342697483545,0.2015192628761401
53258.47225620001,37713.47325620001,-79775.8178496,20.093690724429802,121.985,1407,0.5355462046624927,0.20154603992860504
53265.93893352559,37720.93993352559,-79775.86818680931,20.093907258072242,122.012,1408,0.5355617425488343,0.2015809005730089
53274.34864541802,37729.34964541801,-79775.64776666161,20.094151139717123,122.055,1409,0.5355806369310653,0.20162329181759045
53280.43743120001,37735.438431200004,-79775.1158496,20.0943277145048,122.202,1410,0.5356025119362696,0.20167237035768254
53413.51112546087,37868.51212546087,-79698.2562381913,20.098186851638367,122.916,1411,0.5356271722059576,0.20172769788895653
53427.09747152433,37882.098471524325,-79695.6616153946,20.098580855674207,122.925,1412,0.5356543519457583,0.20178867807785436
53427.09747152433,37882.098471524325,-79695.6616153946,20.098580855674207,122.934,1413,0.5356836582676194,0.20185442944472162
53433.1441472,37888.145147200004,-79694.3350208,20.0987562092688,122.941,1414,0.5357145309967861,0.20192369518715259
53438.285147200004,37893.28614720001,-79694.07768746668,20.0989052982688,122.946,1415,0.5357461275561991,0.201994584907792
53516.14696538182,37971.147965381824,-79734.20192989091,20.101163290996073,122.988,1416,0.5357781006732869,0.20206631946941633
53447.8658472,37902.8668472,-79694.8712208,20.0991831385688,123.014,1417,0.5358097981346112,0.2021374355725618
53451.42695571064,37906.427955710635,-79695.24144633191,20.099286410715607,123.039,1418,0.5358402343116634,0.20220572187109084
53453.19597194227,37908.19697194226,-79695.49875275877,20.099337712186326,123.082,1419,0.5358689533423756,0.20227015559748537
53453.74803379794,37908.74903379794,-79695.86246409897,20.09935372198014,123.127,1420,0.535895049792971,0.20232870532969535
53452.2598347,37907.260834700006,-79698.6063333,20.0993105642063,123.154,1421,0.535917403422378,0.2023788577062004
53449.9133472,37904.9143472,-79701.2657208,20.0992425160688,123.18,1422,0.5359350706794805,0.20241849578527388
53445.96916730051,37900.970167300504,-79703.16740270956,20.099128134851714,123.207,1423,0.5359470292200499,0.2024453258457604
53439.73855034136,37894.73955034136,-79708.21290561676,20.0989474469599,123.251,1424,0.5359521848321265,0.2024568929247913
53431.79268818361,37886.79368818361,-79712.37757817705,20.098717016957323,123.395,1425,0.5359496052438871,0.20245110538674763
53331.84320430001,37786.84420430001,-79780.720809,20.0958184819247,124.075,1426,0.535938138515455,0.20242537875099037
53324.24251680001,37779.24351680001,-79785.81842084212,20.0955980619872,124.084,1427,0.5359168829714094,0.20237769002767905
53315.02836295385,37770.02936295385,-79790.82968400001,20.095330851525663,124.092,1428,0.5358846733999313,0.2023054249593799
53307.6790431158,37762.680043115804,-79792.63899978949,20.095117721250357,124.118,1429,0.5358403686162563,0.202206023195515
53299.76268741612,37754.763687416125,-79793.93569347868,20.094888146935066,124.145,1430,0.535783035973722,0.20207739225948007
53291.35593615485,37746.35693615484,-79794.82413561291,20.09464435114849,124.19,1431,0.5357118765784962,0.20191773976116537
53284.79144132831,37739.7924413283,-79795.91287267926,20.09445398079852,124.217,1432,0.5356256412067848,0.20172426295472085
53277.72700460489,37732.72800460488,-79795.84100107319,20.094249112133543,124.244,1433,0.5355232424046972,0.2014945220396128
53271.097170646164,37726.09817064616,-79795.28047246156,20.09405684694874,124.289,1434,0.535404114886119,0.20122724874564132
53265.09697134546,37720.09797134546,-79794.13050218183,20.09388284116902,124.315,1435,0.5352675296837119,0.20092080756906994
53259.94051680001,37714.94151680001,-79793.487684,20.0937333039872,124.342,1436,0.5351123856073968,0.20057272789099195
53255.28814982753,37710.28914982753,-79791.89355555964,20.093598385344997,124.369,1437,0.5349379065165875,0.20018126837025002
53250.17608436757,37705.17708436758,-79789.11335967568,20.09345013544666,124.414,1438,0.5347439085409175,0.19974601647715268
53244.86018346668,37699.86118346668,-79787.50351733335,20.093295974320533,124.441,1439,0.5345298502913748,0.1992657575567965
53239.3568646261,37694.3578646261,-79786.25898834784,20.093136378074156,124.622,1440,0.5342952533747607,0.19873941829104674
53191.71715321644,37646.71815321644,-79791.25920874522,20.091754826443278,125.326,1441,0.5340396490536263,0.19816594702531126
53191.05098257463,37646.05198257463,-79794.23378770356,20.091735507494665,125.335,1442,0.5337630830448621,0.19754544632954224
53191.05098257463,37646.05198257463,-79794.23378770356,20.091735507494665,125.344,1443,0.5334658693846658,0.19687862077217205
53191.011258776474,37646.01225877648,-79797.44160197648,20.091734355504517,125.352,1444,0.5331473567617045,0.19616400907769177
53191.4813930717,37646.482393071696,-79802.20167966794,20.091747989399078,125.358,1445,0.5328081187611087,0.19540289813588957
53192.222957887774,37647.22395788778,-79802.76189821008,20.091769494778745,125.4,1446,0.5324482614374159,0.1945955258896519
53193.18709353361,37648.18809353361,-79803.33600519835,20.091797454712474,125.425,1447,0.5320680756814753,0.19374254497874147
53193.11678049753,37648.11778049753,-79808.58862546433,20.09179541563443,125.45,1448,0.5316681993919754,0.1928453865861939
53193.88907102466,37648.89007102467,-79808.9279758685,20.091817812059716,125.495,1449,0.5312492062563975,0.19190533783143113
53194.39528840292,37649.39628840292,-79807.89128853724,20.091832492363686,125.539,1450,0.5308115695875391,0.19092346063425114
53196.10458520564,37651.105585205645,-79809.2342241803,20.091882061970963,125.563,1451,0.5303566131844718,0.18990272505684166
53196.26081760001,37651.26181760001,-79809.7606608,20.0918865927104,125.59,1452,0.529885006661656,0.188844633439423
53196.74933183488,37651.750331834875,-79809.07723731246,20.09190075962321,125.635,1453,0.5293977702356497,0.1877514747295301
53198.13465093334,37653.13565093334,-79807.36732746668,20.091940933877066,125.662,1454,0.5288960636874217,0.18662585099999676
53198.95862733452,37653.95962733452,-79804.37706787966,20.0919648291927,125.838,1455,0.5283811763305629,0.18547065494173534
53321.99295428572,37776.99395428572,-79740.43229040001,20.095532824674287,127.963,1456,0.5278542950142476,0.18428854935753095
53324.82253411766,37779.82353411766,-79737.11581981178,20.09561488248941,127.973,1457,0.5273166830229875,0.18308236853971743
53324.82253411766,37779.82353411766,-79737.11581981178,20.09561488248941,127.982,1458,0.5267699654397089,0.18185575850788693
53324.721240000006,37779.72224,-79736.65349040001,20.09561194496,127.99,1459,0.526215451321782,0.18061165624989522
53324.721240000006,37779.72224,-79736.65349040001,20.09561194496,127.996,1460,0.5256544048150422,0.17935289799053297
53325.15940216217,37780.160402162175,-79736.74350661623,20.095624651662703,128.002,1461,0.525088865904697,0.1780840606199479
53325.45204000001,37780.45304000001,-79735.2338904,20.09563313816,128.025,1462,0.5245203665090155,0.17680858113445044
53326.59635392406,37781.597353924066,-79732.5282397671,20.0956663232638,128.066,1463,0.5239504592250165,0.17552994292498544
53328.191086153856,37783.19208615385,-79729.98421347693,20.095712570498463,128.092,1464,0.5233806485321518,0.17425152142641095
53330.60837207548,37785.60937207549,-79728.48663002266,20.09578267179019,128.137,1465,0.5228126444911267,0.1729771533136031
53333.04912679246,37788.050126792456,-79725.79229040002,20.09585345367698,128.164,1466,0.5222481630400767,0.17171068844798099
53334.396564324335,37789.39756432433,-79724.33931742703,20.095892529365404,128.188,1467,0.5216886127087923,0.17045528699271492
53334.66982064517,37789.67082064517,-79725.08235491614,20.09590045379871,128.232,1468,0.5211359644158566,0.1692153708807734
53335.269660382175,37790.27066038217,-79726.9987872153,20.095917849151082,128.258,1469,0.5205913939432358,0.16799357808466547
53334.956666751605,37789.95766675161,-79727.55254517708,20.095908772335797,128.406,1470,0.5200566091095157,0.16679374024887075
53439.15643818182,37894.15743818182,-79732.04814923638,20.098930565707274,129.11,1471,0.519532806917247,0.16561854295618714
53438.37554783506,37893.376547835054,-79734.68157941443,20.098907919887218,129.119,1472,0.5190214551102281,0.1644712792217329
53438.37554783506,37893.376547835054,-79734.68157941443,20.098907919887218,129.128,1473,0.5185241039896649,0.1633554272855896
53435.400241621624,37890.40124162163,-79737.07800181622,20.098821636007028,129.135,1474,0.5180418843139765,0.16227352410589255
53432.91562,37887.91662,-79736.89278560001,20.09874958198,129.141,1475,0.5175760139871352,0.16122830215965692
53432.137863243246,37887.13886324325,-79736.79875857297,20.098727027034055,129.183,1476,0.5171276848207526,0.1602224353833421
53431.32565448276,37886.326654482764,-79737.47040628966,20.09870347298,129.209,1477,0.5166979633864843,0.15925831672631077
53431.246399141106,37886.24739914111,-79738.15540523191,20.09870117457509,129.253,1478,0.5162877124111848,0.15833788179379418
53429.19994544379,37884.200945443794,-79737.66498086628,20.09864182741787,129.279,1479,0.5158979228034847,0.15746335377835893
53425.12293325301,37880.12393325301,-79737.72359282892,20.098523594064336,129.322,1480,0.5155293945948888,0.15663652762258504
53421.332220000004,37876.33322,-79738.06498560001,20.09841366338,129.348,1481,0.5151829003924485,0.15585913673982696
53418.30102,37873.30202,-79737.83458560001,20.09832575858,129.375,1482,0.5148589177905444,0.15513225265599892
53416.79089659575,37871.79189659575,-79737.64550900426,20.098281965001277,129.42,1483,0.5145584908753799,0.15445821787233094
53415.9443952809,37870.9453952809,-79737.06920133035,20.098257416463145,129.447,1484,0.514281933018669,0.15383773546642626
53415.36542213904,37870.366422139035,-79736.49034174974,20.09824062624203,129.589,1485,0.5140295584124368,0.15327151035632972
53466.351767006905,37921.3527670069,-79756.97650311724,20.0997192302432,130.243,1486,0.5138015816316844,0.1527600239603402
53474.19104647165,37929.19204647165,-79765.34305998807,20.09994656934768,130.252,1487,0.5135985164473853,0.15230442896980942
53474.19104647165,37929.19204647165,-79765.34305998807,20.09994656934768,130.261,1488,0.513420478572714,0.1519049849976438
53476.53276718744,37931.533767187444,-79768.87717110786,20.100014479248436,130.268,1489,0.513267388154679,0.15156151288648037
53478.519310333686,37933.52031033368,-79772.75147542384,20.100072088999678,130.275,1490,0.5131394732809181,0.15127452437143304
53480.4717950132,37935.47279501321,-79776.21545638173,20.100128711055383,130.317,1491,0.5130366769334004,0.15104389152742492
53481.629459987824,37936.63045998782,-79779.24073556955,20.100162283339646,130.342,1492,0.5129588906408692,0.15086937098944353
53483.53433464616,37938.53533464616,-79782.07738375384,20.10021752470474,130.387,1493,0.5129060654650524,0.15075085296007712
53484.43866355863,37939.43966355863,-79784.67167553103,20.1002437502432,130.413,1494,0.5128779166366063,0.15068769853371108
53487.956758119595,37942.95775811959,-79791.16856852784,20.100345774985467,130.485,1496,0.5128741493781257,0.1506792463507447
53489.005480800006,37944.0064808,-79793.3558376,20.1003761879432,130.512,1497,0.5128944442757954,0.15072477977757798
53490.491720067024,37945.49272006702,-79796.54439623875,20.100419288881945,130.538,1498,0.512938199153215,0.1508229477773385
53491.75060937143,37946.75160937144,-79801.09468045714,20.10045579667177,130.583,1499,0.5130053124468955,0.1509735224832113
53493.799404680605,37948.8004046806,-79804.89201521194,20.100515211735736,130.722,1500,0.5130953465514396,0.15117552208815982
53483.27799920947,37938.27899920948,-79902.9796882225,20.100210090977075,131.372,1501,0.513207712423149,0.15142762501970913
53477.114685600005,37932.1156856,-79907.33760787369,20.1000313548824,131.381,1502,0.5133418418464628,0.15172855643518277
53477.114685600005,37932.1156856,-79907.33760787369,20.1000313548824,131.389,1503,0.5134971291588515,0.15207695747626448
53474.36487427925,37929.36587427925,-79910.80785613586,20.099951610354097,131.395,1504,0.5136730614041649,0.15247167727973188
53472.79873467976,37927.799734679764,-79912.43126625277,20.099906192305713,131.42,1505,0.5138688101716761,0.1529108572316693
53472.3498580138,37927.3508580138,-79912.55699081381,20.0998931748824,131.445,1506,0.5140839161016729,0.1533934667172799
53471.40732363681,37926.40832363682,-79913.88451778652,20.09986584138547,131.488,1507,0.5143175605091446,0.15391766894316616
53470.7442339871,37925.745233987094,-79916.35175388388,20.099846611785626,131.514,1508,0.5145688788365086,0.15448152419669378
53469.7294682087,37924.7304682087,-79918.10964448698,20.099817183578054,131.559,1509,0.5148373383434889,0.1550838372271757
53469.28205402105,37924.283054021056,-79919.2670815579,20.09980420856661,131.585,1510,0.5151220430181803,0.1557225977513778
53469.09579671112,37924.09679671112,-79920.25404062224,20.099798807104623,131.63,1511,0.5154221233095883,0.15639585485349666
53467.75115618824,37922.752156188246,-79923.35828898825,20.09975981252946,131.656,1512,0.515736709785624,0.15710165788450514
53466.883588039025,37921.88458803903,-79926.36206230245,20.099734653053133,131.681,1513,0.5160653040101754,0.1578388885581907
53464.72836981053,37919.729369810535,-79927.21023945264,20.099672151724505,131.725,1514,0.5164066122846038,0.15860464434539273
53464.59393088302,37919.59493088302,-79930.17540330568,20.099668252995606,131.895,1515,0.516759786153708,0.15939702166061578
53414.58882526316,37869.58982526316,-79965.86017987369,20.09821810493263,132.563,1516,0.5171237658101822,0.16021364273092423
53411.12702769231,37866.128027692306,-79966.94685193847,20.098117712803077,132.572,1517,0.5174975343627214,0.16105222606928696
53409.12956210526,37864.13056210526,-79969.11775882106,20.098059786301054,132.58,1518,0.5178787869198567,0.16190760044455166
53408.19177882353,37863.19277882353,-79972.44486098824,20.098032590585884,132.602,1519,0.5182696529207413,0.16278454344483242
53404.94534068966,37859.946340689654,-79974.75818350345,20.09793844388,132.625,1520,0.5186674238743724,0.16367697832715072
53402.835157500005,37857.8361575,-79977.77376540001,20.0978772485675,132.669,1521,0.5190708942499442,0.1645822003748028
53400.02287384616,37855.02387384616,-79980.71362116923,20.09779569234154,132.696,1522,0.5194790820743067,0.16549800644277576
53399.236345668454,37854.23734566846,-79984.02203745882,20.097772883024387,132.741,1523,0.5198907959512868,0.16642172352668433
53398.709220000004,37853.71022000001,-79986.16439040001,20.09775759638,132.769,1524,0.5203050218909482,0.16735107664897833
53398.630857931035,37853.63185793103,-79987.09025246897,20.09775532388,132.796,1525,0.520720623307548,0.16828351577739847
53398.64490181819,37853.64590181819,-79987.87802676363,20.097755731152727,132.84,1526,0.5211364397455347,0.16921643732562422
53399.15994580645,37854.16094580645,-79989.19632588388,20.097770667428385,132.867,1527,0.5215514163237632,0.17014747457300392
53399.43257106384,37854.43357106384,-79991.08726274043,20.097778573560852,132.894,1528,0.5219641888941114,0.171073566930629
53397.88931067358,37852.89031067358,-79992.62045257617,20.097733819009534,132.939,1529,0.522373872128259,0.171992728084848
53397.774658144335,37852.77565814434,-79995.28562751341,20.097730494086186,133.078,1530,0.5227792590320249,0.1729022500357426
53405.09743681326,37860.09843681326,-79999.7236617547,20.097942854667586,133.732,1531,0.5231789072452291,0.17379889671862334
53404.526532417396,37859.5275324174,-79999.10289307826,20.097926298440104,133.752,1532,0.5235718833254713,0.17468057387157657
53404.526532417396,37859.5275324174,-79999.10289307826,20.097926298440104,133.759,1533,0.5239570783962644,0.17554479363054784
53404.15765780774,37859.15865780774,-79998.57504297017,20.097915601076423,133.788,1535,0.5243332070307007,0.17638867202474837
53403.499659507695,37858.5006595077,-79998.80369575386,20.097896519125722,133.83,1536,0.5246989844479658,0.17720932653295673
53402.01338024348,37857.014380243476,-79999.36995829566,20.09785341702706,133.874,1537,0.5250534986264391,0.1780047109527037
53401.04480930527,37856.04580930527,-79999.96932328421,20.097825328469852,133.901,1538,0.5253954402548701,0.17877188772653005
53398.78351416133,37853.784514161336,-80001.0463136884,20.09775975091068,133.928,1539,0.5257237297393995,0.1795084346885894
53399.40977970001,37854.4107797,-80003.7942246,20.0977779126113,133.973,1540,0.5260372725448131,0.18021189615076197
53397.08021962719,37852.08121962719,-80004.06577193011,20.097710355369188,134.0,1541,0.5263348655296193,0.18087957275698438
53395.91504037073,37850.916040370736,-80006.12682520977,20.09767656517075,134.027,1542,0.526615592714126,0.1815094094244982
53395.969239927275,37850.97023992728,-80009.97680147167,20.097678136957892,134.054,1543,0.5268784367194342,0.18209912357231142
53394.63287629091,37849.633876290914,-80013.8698496,20.097639382412435,134.097,1544,0.527122711037822,0.18264717495865276
53391.97499045582,37846.975990455816,-80021.01775657675,20.09756230372322,134.239,1545,0.5273473626064811,0.18315120094247264
53432.73320843078,37887.734208430775,-80062.1727538154,20.098744292044493,134.851,1546,0.5275515247466794,0.18360925705214723
53433.75863638311,37888.75963638311,-80061.58999243945,20.09877402945511,134.86,1547,0.5277343206307651,0.1840193760460383
53434.612439200006,37889.61343920001,-80060.12329311305,20.0987987897368,134.869,1548,0.527894585449998,0.18437894457105575
53435.43185096471,37890.43285096472,-80060.79053096472,20.098822552677976,134.895,1549,0.5280322121402001,0.1846877224190942
53435.677246892315,37890.67824689232,-80059.90111920002,20.098829669159876,134.921,1550,0.5281466523899626,0.1849444794042309
53436.8524392,37891.8534392,-80059.4225615077,20.0988637497368,134.945,1551,0.5282371875088356,0.1851476030798527
53436.83189572175,37891.832895721745,-80059.77785833045,20.09886315397593,134.986,1552,0.5283034236196333,0.18529620974709518
53438.64418231927,37893.64518231928,-80060.58891736515,20.098915710287258,135.027,1553,0.5283450170373364,0.18538952831773034
53440.448576539064,37895.44957653906,-80060.53652692534,20.098968037719633,135.051,1554,0.5283617744178813,0.18542712500697597
53441.04676352433,37896.04776352433,-80059.75355163244,20.098985385142207,135.094,1555,0.5283535618460998,0.18540869936411677
53440.349822377575,37895.35082237757,-80061.53205377945,20.09896517384895,135.139,1556,0.5283200713285369,0.18533356037815701
53440.4924392,37895.4934392,-80062.03459746088,20.098969309736802,135.149,1557,0.528261480055702,0.18520210559192893
53440.55939572174,37895.56039572174,-80061.65720615654,20.09897125147593,135.193,1558,0.5281780337834875,0.18501488638086333
53441.94567863663,37896.946678636625,-80062.13421779156,20.09901145368046,135.22,1559,0.5280699576101376,0.18477240777310067
53442.90947955875,37897.91047955875,-80062.03407884127,20.099039403907202,135.399,1560,0.5279372932410298,0.18447476333840312
53438.951448988235,37893.95244898823,-80064.61012898825,20.098924621020657,136.07,1561,0.5277804054807205,0.18412277154857853
53435.69005532308,37890.691055323085,-80063.59458147694,20.09883004060437,136.079,1562,0.5275999736618535,0.18371795654746517
53435.69005532308,37890.691055323085,-80063.59458147694,20.09883004060437,136.097,1563,0.5273966034862997,0.1832616772816448
53436.149761008695,37891.1507610087,-80062.19626709566,20.098843372069254,136.103,1564,0.527170985761479,0.18275548363964744
53435.19311793488,37890.19411793488,-80062.97998398141,20.098815629420113,136.109,1565,0.5269238114744135,0.18220092591295614
53435.01150013913,37890.01250013913,-80063.64496274783,20.098810362504036,136.15,1566,0.526655999051318,0.18160006467332349
53435.3069784,37890.3079784,-80063.7916584,20.0988189313736,136.175,1567,0.5263684628393355,0.18095495134073739
53434.97968993847,37889.98068993847,-80063.84981224616,20.098809440008214,136.202,1568,0.5260622615721904,0.18026796127945746
53435.9849784,37890.9859784,-80066.48565840001,20.0988385933736,136.246,1569,0.525738615717958,0.17954183271929466
53437.758943157714,37892.75994315771,-80068.16502403877,20.098890038351573,136.273,1570,0.5253987332209659,0.17877927579190628
53439.44133433221,37894.44233433221,-80069.69230246781,20.098938827695633,136.318,1571,0.5250437442036733,0.17798282602859433
53441.55380685189,37896.554806851884,-80071.56411865105,20.099000089398704,136.345,1572,0.5246750708514168,0.17715567422997391
53443.25488665688,37898.25588665689,-80072.30301619817,20.09904942071305,136.371,1573,0.5242941824555621,0.17630111688326952
53446.39659274978,37901.39759274978,-80073.06989158386,20.099140530189743,136.398,1574,0.5239026683934477,0.1754227198993782
53449.372578400005,37904.3735784,-80074.8152584,20.0992268337736,136.549,1575,0.5235017791345083,0.17452328881885726
53525.87815031489,37980.8791503149,-80089.24228274042,20.101445495359133,137.208,1576,0.5230933138379129,0.1736068602169931
53535.11101619006,37990.11201619006,-80086.15156509614,20.101713248469512,137.213,1577,0.5226789465950405,0.1726771900682462
53535.11101619006,37990.11201619006,-80086.15156509614,20.101713248469512,137.219,1578,0.5222599865395662,0.17173721553166862
53538.0488479082,37993.0498479082,-80085.42203335083,20.10179844558934,137.224,1579,0.5218383414452309,0.17079121686910098
53538.0488479082,37993.0498479082,-80085.42203335083,20.10179844558934,137.235,1580,0.5214157349362699,0.16984306118641787
53541.5469759419,37996.547975941896,-80084.66600257877,20.101899891302317,137.24,1581,0.5209938263326114,0.16889647131700183
53544.97846109663,37999.979461096635,-80082.33570253484,20.101999404371803,137.281,1582,0.5205744994808221,0.1679556738399277
53547.709070012905,38002.71007001291,-80081.26812007742,20.102078592030374,137.306,1583,0.5201592776939143,0.1670240864448391
53549.768651919556,38004.76965191956,-80081.47728749497,20.102138319905666,137.348,1584,0.5197497932249603,0.1661053712381949
53551.689792313045,38006.69079231305,-80081.24897561739,20.102194032977078,137.373,1585,0.5193476862974205,0.16520320820873635
53553.53870535652,38008.539705356525,-80080.11223648697,20.10224765145534,137.415,1586,0.5189545484330276,0.16432116807850156
53555.169818400005,38010.1708184,-80080.7938104,20.1022949537336,137.441,1587,0.5185721324621462,0.16346318347994096
53555.68813564138,38010.68913564138,-80080.65423798621,20.1023099849336,137.468,1588,0.5182018128231768,0.16263233808912753
53557.28704953773,38012.28804953773,-80079.57761399282,20.102356353436594,137.513,1589,0.5178455792523422,0.16183309605809554
53558.69937515676,38013.70037515675,-80077.7408158054,20.102397310879546,137.686,1590,0.5175044834288464,0.1610678169236539
53617.13386820426,38072.13486820426,-80047.67463661278,20.104091911177925,138.427,1591,0.5171800546085298,0.16033993170871572
53628.32943051429,38083.330430514296,-80045.56989497144,20.104416582484916,138.436,1592,0.5168735282081414,0.15965221218178455
53628.32943051429,38083.330430514296,-80045.56989497144,20.104416582484916,138.445,1593,0.5165861650010518,0.15900748700122383
53632.848716228575,38087.84971622858,-80044.15560925716,20.10454764177063,138.452,1594,0.5163189018790845,0.1584078581680381
53632.848716228575,38087.84971622858,-80044.15560925716,20.10454764177063,138.459,1595,0.5160729112091031,0.15785595599264743
53635.67522017689,38090.67622017689,-80045.95444629951,20.10462961038513,138.464,1596,0.5158494018681263,0.15735449269928511
53638.07622135503,38093.07722135504,-80046.03521281149,20.104699239419297,138.489,1597,0.5156490958672141,0.15690508818465182
53639.038701501035,38094.03970150104,-80044.02743547218,20.104727151343532,138.534,1598,0.5154724667475602,0.15650880488097318
53641.07050012996,38096.071500129954,-80046.31339025788,20.104786073503767,138.561,1599,0.5153203010261178,0.1561674074097182
53640.3798371077,38095.3808371077,-80046.37600486155,20.104766044276122,138.588,1600,0.5151934455854761,0.15588279582808537
53641.6986940228,38096.6996940228,-80046.47908816166,20.104804291126662,138.633,1601,0.5150921797609227,0.15565559684989652
53643.24432390449,38098.245323904484,-80046.31727237016,20.10484911439323,138.66,1602,0.515016607214167,0.15548604304951272
53646.36431955729,38101.365319557284,-80046.50846640002,20.10493959426716,138.687,1603,0.5149672662503789,0.1553753421629605
53650.06245249231,38105.06345249231,-80046.93250486156,20.105046840122277,138.731,1604,0.5149440343995401,0.15532321941774707
53653.55732926603,38108.55832926603,-80047.21186445827,20.105148191548714,138.903,1605,0.5149469073625569,0.15532966516846974
53718.496732329186,38173.49773232918,-80115.4087084938,20.107031434237545,139.584,1606,0.5149757417925445,0.15539435780350952
53719.01817390968,38174.01917390968,-80119.35829021936,20.10704655604338,139.593,1607,0.5150299419465699,0.15551596072005686
53719.01817390968,38174.01917390968,-80119.35829021936,20.10704655604338,139.602,1608,0.515109315704146,0.15569404287853256
53718.96256596923,38173.96356596923,-80121.78351664616,20.107044943413108,139.61,1609,0.5152134197347297,0.15592760962702118
53719.58507433044,38174.58607433044,-80123.73383019131,20.107062996155584,139.616,1610,0.5153416549131057,0.15621531677425854
53720.33376998261,38175.33476998261,-80124.90252584348,20.107084708329495,139.657,1611,0.5154931557143732,0.15655522243734443
53721.61430607379,38176.615306073785,-80125.97832153787,20.10712184387614,139.682,1612,0.5156670835343372,0.15694544513240197
53722.03274696471,38177.033746964706,-80129.86008338824,20.107133978661977,139.727,1613,0.5158626916932341,0.1573843096162766
53723.414969815385,38178.41596981538,-80131.68784356923,20.107174063124646,139.754,1614,0.5160788621904701,0.15786930755416134
53724.9359352,38179.93693520001,-80134.2781128,20.1072181711208,139.781,1615,0.5163143569909912,0.1583976613031497
53725.625915845165,38180.62691584516,-80137.3757095742,20.10723818055951,139.826,1616,0.5165681506946163,0.15896707028578216
53727.201266234486,38182.20226623448,-80142.65757831724,20.1072838657208,139.919,1619,0.5168387633268923,0.15957421404636735
53727.7583352,38182.7593352,-80143.62020854469,20.1073000207208,140.062,1620,0.5171248167796217,0.16021600067531303
53728.27889255696,38183.279892556966,-80204.03236745317,20.107315116884152,140.833,1621,0.5174249162048246,0.16088930070582028
53725.45277345455,38180.453773454545,-80210.14831538183,20.10723315943018,140.842,1622,0.5177376801198563,0.16159101465742193
53725.45277345455,38180.453773454545,-80210.14831538183,20.10723315943018,140.851,1623,0.5180616162261097,0.16231779442407887
53724.768528,38179.769528000004,-80210.97594720002,20.107213316312,140.858,1624,0.5183950402630947,0.16306586121601666
53724.768528,38179.769528000004,-80210.97594720002,20.107213316312,140.865,1625,0.5187363758577085,0.16383167829850978
53723.80209163637,38178.803091636364,-80212.84729265455,20.107185289657455,140.87,1626,0.5190840959995986,0.1646118196865993
53724.173887509205,38179.1748875092,-80214.78121345768,20.107196071737768,140.911,1627,0.5194366259246312,0.1654027522554264
53722.763103000005,38177.76410300001,-80214.9613722,20.107155158987002,140.934,1628,0.5197924315707873,0.16620103419898422
53722.74663709091,38177.74763709091,-80215.69565629092,20.107154681475638,140.978,1629,0.5201498267176218,0.16700288233016342
53721.850728000005,38176.85172800001,-80216.9852472,20.107128700112,141.004,1630,0.5205071454302426,0.1678045589743149
53719.28626692216,38174.287266922154,-80218.738495703,20.10705433074074,141.07,1632,0.5208628320564035,0.16860257388581737
53717.65044498113,38172.65144498114,-80218.84255852076,20.107006891904454,141.112,1633,0.5212154767206979,0.1693937638824899
53717.350728000005,38172.35172800001,-80220.4352472,20.106998200112,141.136,1634,0.5215635980332344,0.17017480533297794
53717.5669475122,38172.5679475122,-80220.10067402928,20.107004470477854,141.276,1635,0.5219057367295231,0.17094242424625386
53777.90740440001,38232.908404400005,-80397.402321,20.1087543437276,143.235,1636,0.522240475141432,0.17169343995645686
53787.798641837195,38242.79964183719,-80399.03173368845,20.10904118961328,143.244,1637,0.5225666114907678,0.17242515616620596
53787.798641837195,38242.79964183719,-80399.03173368845,20.10904118961328,143.253,1638,0.5228830236511404,0.17313505528409914
53787.798641837195,38242.79964183719,-80399.03173368845,20.10904118961328,143.26,1639,0.5231884850085362,0.1738203852913606
53790.003788546346,38245.00478854634,-80398.51346429269,20.109105138867843,143.266,1640,0.5234824162811598,0.17447984651722173
53791.790189933,38246.79118993301,-80399.48439904569,20.109156944508058,143.272,1641,0.5237634717583783,0.1751104197389385
53793.36473648956,38248.36573648956,-80400.50628555224,20.109202606358195,143.297,1642,0.5240309911189744,0.17571062346651614
53794.668679152484,38249.66967915249,-80399.39251283169,20.10924042069542,143.341,1643,0.5242841586306859,0.1762786275313142
53796.40115440001,38251.40215440001,-80399.57086266667,20.1092906624776,143.368,1644,0.5245224398259073,0.17681323280722716
53798.72937222179,38253.73037222179,-80399.29894847525,20.10935818079443,143.426,1645,0.5247452116516057,0.17731304141878157
53799.988427127275,38254.98942712728,-80400.014196,20.10939469338669,143.456,1646,0.524952204476207,0.1777774484233091
53800.79182797513,38255.792827975136,-80400.22854833161,20.10941799201128,143.469,1647,0.5251432755201124,0.17820613348194786
53801.52301968498,38256.52401968498,-80399.99352242488,20.109439196570865,143.497,1648,0.5253181367226581,0.17859845030471086
53803.372081229274,38258.37308122928,-80400.04390331708,20.109492819355648,143.71,1649,0.5254763596130574,0.17895343757888094
53804.134197878266,38259.13519787826,-80400.46767426087,20.10951492073847,143.72,1650,0.5256187236145885,0.17927284401063018
53889.0343523493,38344.035352349296,-80436.13646765072,20.11197702521813,144.445,1651,0.5257451558340706,0.17955650605755624
53893.30472631724,38348.30572631724,-80447.92023161381,20.1121008660632,144.454,1652,0.5258559264661281,0.17980502992558184
53893.30472631724,38348.30572631724,-80447.92023161381,20.1121008660632,144.463,1653,0.5259513269751703,0.18001906954130292
53893.30472631724,38348.30572631724,-80447.92023161381,20.1121008660632,144.47,1654,0.5260315804153266,0.1801991253467048
53896.52792296217,38351.52892296217,-80452.6907348757,20.112194338765903,144.476,1655,0.5260974936763062,0.18034700767136572
53899.5157608,38354.516760800005,-80459.37505920001,20.1122809860632,144.518,1656,0.5261498441155157,0.1804644605864887
53901.60832960734,38356.60932960734,-80464.99799497983,20.112341670558614,144.544,1657,0.5261894775512064,0.18055338176133473
53903.59882462979,38358.5998246298,-80471.17846345533,20.112399394914263,144.589,1658,0.5262168549295887,0.18061480537015226
53904.0466019215,38359.0476019215,-80475.84001247105,20.112412380455723,144.616,1659,0.5262330622831364,0.18065116802439835
53904.43664315294,38359.43764315294,-80482.1962356706,20.112423691651436,144.661,1660,0.5262390162535998,0.18066452629221896
53904.18801886452,38359.18901886452,-80489.73118823227,20.112416481547072,144.687,1661,0.5262356857681514,0.18065705404880325
53902.6934531077,38357.6944531077,-80495.0404438154,20.112373139140125,144.714,1662,0.5262239942650944,0.1806308231109744
53901.68982778565,38356.69082778566,-80499.59343240576,20.112344034005783,144.741,1663,0.5262049927382452,0.18058819147781283
53900.29968039799,38355.300680397995,-80504.858978798,20.112303719731543,144.786,1664,0.5261797165155725,0.18053148200066163
53900.21566646038,38355.21666646039,-80508.41826674719,20.11230128332735,144.958,1665,0.5261493169872696,0.18046327792689545
53887.06594493914,38342.06694493914,-80557.19526873044,20.111919941403237,145.616,1666,0.5261151902921796,0.1803867116194801
53886.4155293947,38341.4165293947,-80557.20733490975,20.111901079352446,145.625,1667,0.5260779309789014,0.18030311700163004
53887.47597492415,38342.47697492415,-80557.03008132415,20.111931832272802,145.634,1668,0.5260386817882486,0.18021505791505882
53887.184100619364,38342.18510061936,-80556.3012715355,20.11192336791796,145.658,1669,0.5259983697316419,0.18012461419319978
53887.43701813672,38342.438018136716,-80556.01555491646,20.111930702525964,145.684,1670,0.5259583200894072,0.18003475922156761
53888.19213506442,38343.193135064415,-80555.43980078645,20.11195260091687,145.726,1671,0.525919361755222,0.1799473526976208
53887.768851771434,38342.76985177143,-80556.43067245715,20.111940325701372,145.75,1672,0.5258824939417165,0.17986463644469483
53889.398879266955,38344.39987926696,-80555.86097729875,20.111987596498743,145.794,1673,0.5258484708378511,0.1797883025535019
53889.26767320001,38344.268673200015,-80555.08902960001,20.1119837915228,145.82,1674,0.5258182040781713,0.17972039635807335
53890.498575742386,38345.49957574239,-80555.00734315933,20.11201948769653,145.867,1675,0.5257926859349201,0.1796631441103629
53890.924423200006,38345.92542320001,-80556.65352960001,20.1120318372728,145.893,1676,0.525772539413522,0.1796179435790296
53892.31872552559,38347.319725525595,-80559.23771564652,20.112072272040244,145.918,1677,0.5257583839140995,0.17958618444391433
53894.32019243078,38349.32119243078,-80553.08352960002,20.112130314580494,145.961,1678,0.525750844525949,0.17956926914903074
53895.862150472734,38350.86315047274,-80552.82989323637,20.11217503136371,145.989,1679,0.5257507833800751,0.1795691319627674
53898.73114265702,38353.73214265703,-80551.46909521086,20.112258232137055,146.132,1680,0.5257584355858798,0.1795863003741972
53887.867254294346,38342.86825429434,-80613.71757944151,20.111943179374535,146.91,1681,0.5257741241687084,0.17962149911971295
53866.00252594699,38321.00352594699,-80631.40398089639,20.111309102252463,146.919,1682,0.5257983059487638,0.17967575311649417
53866.00252594699,38321.00352594699,-80631.40398089639,20.111309102252463,146.928,1683,0.5258311500161726,0.1797494417334365
53866.00252594699,38321.00352594699,-80631.40398089639,20.111309102252463,146.935,1684,0.5258730496113311,0.17984344724070914
53859.19279796289,38314.193797962886,-80634.25795680001,20.111111620140925,146.941,1685,0.5259240346301468,0.17995783671246784
53859.19279796289,38314.193797962886,-80634.25795680001,20.111111620140925,146.946,1686,0.5259841405585342,0.18009268976455053
53859.19279796289,38314.193797962886,-80634.25795680001,20.111111620140925,146.951,1687,0.5260532608982251,0.18024776745852197
53853.354977131035,38308.35597713104,-80635.9379568,20.1109423233368,146.957,1688,0.5261315208255469,0.18042335063872184
53848.33251550058,38303.33351550058,-80638.26373714683,20.110796671949515,146.982,1689,0.5262187097573119,0.18061896684284343
53842.64050212135,38297.64150212135,-80640.48009163147,20.11063160356152,147.007,1690,0.5263147339685567,0.18083440579050833
53837.137110386444,38292.13811038644,-80640.0738890034,20.110472005201206,147.05,1691,0.5264193941910603,0.1810692204055546
53833.120223815386,38288.12122381538,-80639.44657218462,20.110355515490646,147.076,1692,0.5265324310288573,0.18132282870982142
53827.32237766154,38282.32337766154,-80641.31949526154,20.110187377952183,147.103,1693,0.5266535784168541,0.18159463376236032
53823.72154271759,38278.72254271759,-80643.3058964985,20.11008295373881,147.13,1694,0.5267824745443218,0.18188382380828463
53818.48825036752,38273.48925036752,-80641.42780451574,20.10993118826066,147.281,1695,0.5269188528005667,0.18218980068254279
53697.65999209295,38152.66099209295,-80642.2361897328,20.106427168770697,147.985,1696,0.5270622541132038,0.18251153441498197
53678.58913886512,38133.590138865125,-80652.25797415814,20.10587411402709,147.991,1697,0.5272123104528863,0.1828481992986875
53678.58913886512,38133.590138865125,-80652.25797415814,20.10587411402709,147.998,1698,0.5273685924043096,0.18319883190183192
53668.86398428236,38123.864984282365,-80655.95385924706,20.10559208454419,148.003,1699,0.5275308748195856,0.18356292708489436
53658.33053490558,38113.33153490558,-80661.66262635837,20.105286614512263,148.026,1700,0.5276985173270412,0.18393904811647543
53650.11970889328,38105.120708893286,-80669.88777747445,20.105048500557906,148.049,1701,0.5278710811886081,0.1843262106482895
53641.78544506667,38096.78644506667,-80678.30540826668,20.104806806906932,148.091,1702,0.5280484412010293,0.18472413377557723
53633.12369775485,38088.12469775484,-80687.48745127743,20.10455561623489,148.118,1703,0.5282298184024907,0.18513106982750313
53626.57582385455,38081.57682385456,-80696.45078705455,20.104365727891782,148.163,1704,0.5284147591282897,0.18554600096653595
53620.04883745512,38075.049837455124,-80706.86807230867,20.1041764452862,148.19,1705,0.5286028983988831,0.1859681083282695
53610.223170291894,38065.2241702919,-80726.52049835677,20.103891500938467,148.262,1707,0.5287939572876157,0.1863967661156858
53605.55573936655,38060.556739366555,-80735.23913193458,20.10375614544163,148.289,1708,0.528987166622625,0.18683024862258546
53600.672816861545,38055.67381686154,-80748.63604929231,20.103614540688984,148.316,1709,0.5291821758224577,0.18726776928797106
53598.146700086756,38053.14770008676,-80758.59554882892,20.103541283302516,148.465,1710,0.5293786994033409,0.18770868760334142
53631.90056836364,38086.90156836364,-80892.29210727275,20.104520145482546,149.204,1711,0.5295763115746868,0.18815204826924684
53635.24814276234,38090.249142762346,-80897.93677910315,20.104617225140107,149.213,1712,0.5297741441905818,0.1885959035223098
53635.24814276234,38090.249142762346,-80897.93677910315,20.104617225140107,149.222,1713,0.5299718957320289,0.1890395768775626
53636.36000176745,38091.36100176745,-80899.33072883723,20.104649469051257,149.229,1714,0.530169457252285,0.18948282390319635
53636.929044676064,38091.93004467606,-80900.83430957748,20.104665971295606,149.235,1715,0.530365716882413,0.1899231500213259
53638.286692765556,38093.28769276556,-80902.69191588518,20.104705343090203,149.276,1716,0.5305606026879504,0.19036039384052042
53639.48273845162,38094.483738451614,-80904.6542187097,20.104740028415097,149.302,1717,0.5307534196704338,0.1907929960692673
53641.15635783733,38096.157357837335,-80908.24435607657,20.104788563377284,149.347,1718,0.5309435807574686,0.19121963955788884
53641.44902956099,38096.45002956099,-80913.76777024391,20.104797050857268,149.374,1719,0.5311305499301766,0.1916391216998594
53642.14351427849,38097.144514278494,-80920.03862050634,20.104817190914076,149.419,1720,0.5313138047203885,0.1920502702908867
53641.67391830138,38096.674918301374,-80924.56896904111,20.10480357263074,149.446,1721,0.5314926692341309,0.19245156890209872
53640.190932000005,38095.191932,-80929.43538000001,20.104760566028,149.472,1722,0.5316665638650774,0.1928417171346127
53639.018222322586,38094.01922232259,-80935.76518645162,20.104726557447353,149.499,1723,0.5318348358780444,0.19321925051838248
53636.498967398235,38091.49996739824,-80940.26415876107,20.10465349905455,149.544,1724,0.5319967039229918,0.19358241602437307
53634.72953473973,38089.730534739734,-80944.44129780824,20.104602185507453,149.682,1725,0.5321513697454823,0.19392942269701455
53581.787614472734,38036.78861447274,-80991.90282720001,20.10306686981971,150.393,1726,0.5322982709120501,0.19425900866628057
53581.7534754353,38036.7544754353,-80991.93988602354,20.103065879787625,150.412,1727,0.5324368277265398,0.19456987333174888
53582.99783841952,38037.99883841952,-80991.75992476099,20.103101966314167,150.422,1728,0.5325661570584692,0.19486003531081542
53583.72003354147,38038.72103354147,-80992.03651012684,20.103122909972704,150.438,1729,0.5326855819614448,0.1951279758134086
53584.056404441384,38039.05740444138,-80993.81744788967,20.1031326647288,150.466,1730,0.5327937980955402,0.19537076843568224
53582.1316872,38037.132687200006,-80995.22202720001,20.1030768479288,150.495,1731,0.5328903629305337,0.1955874203213136
53582.04978222763,38037.05078222763,-80997.26722499006,20.1030744726846,150.524,1732,0.5329744798584591,0.19577614420873887
53582.69422053334,38037.69522053334,-80999.91549386668,20.103093161395467,150.553,1733,0.5330453629602022,0.19593517681779438
53582.46679081446,38037.467790814466,-81003.2170199711,20.10308656593362,150.622,1734,0.5331022756974705,0.196062865658628
53583.04188720001,38038.042887200005,-81004.71282720001,20.1031032437288,150.628,1735,0.5331444025917572,0.1961573811319224
53583.635137200006,38038.63613720001,-81005.97545220001,20.1031204479788,150.651,1736,0.5331709631884536,0.196216972217623
53585.45194602353,38040.452946023535,-81009.7800036706,20.103173135434684,150.693,1737,0.5331813596395052,0.1962402975898908
53585.85588720001,38040.8568872,-81011.25151012684,20.1031848497288,150.72,1738,0.5331748807480456,0.19622576161464053
53588.59065992728,38043.591659927275,-81012.83314538182,20.10326415813789,150.747,1739,0.5331508732847232,0.1961718987131156
53591.859308252635,38046.86030825264,-81012.68619562106,20.103358948939327,150.932,1740,0.5331089069898253,0.19607774355898305
53606.835333230774,38061.83633323078,-80905.74523107693,20.103793253663692,151.605,1741,0.5330484564220185,0.19594211727738992
53602.614764000005,38057.615764,-80892.02560800001,20.103670857156,151.614,1742,0.5329690043356414,0.19576385938120974
53602.614764000005,38057.615764,-80892.02560800001,20.103670857156,151.623,1743,0.5328702962351488,0.19554239888681502
53603.897237684214,38058.89823768422,-80884.2716343158,20.10370804889284,151.636,1745,0.532752152394454,0.19527733256257818
53604.223557103454,38059.22455710346,-80882.95179765517,20.103717512156,151.678,1746,0.5326140429648895,0.19496747164539627
53604.96572144681,38059.966721446806,-80882.5186399149,20.103739034921958,151.702,1747,0.5324562302079827,0.1946134045425755
53605.49094047059,38060.49194047059,-80882.71663741177,20.103754266273647,151.747,1748,0.5322786663500811,0.19421502406963287
53605.272705176474,38060.27370517647,-80881.13134329412,20.103747937450116,151.773,1749,0.5320815244635566,0.19377271852998873
53605.8259322243,38060.8269322243,-80881.43385566356,20.103763981034504,151.82,1750,0.531865065792384,0.19328707404797893
53605.70989913514,38060.71089913514,-80880.88283772973,20.10376061607492,151.848,1751,0.5316296517564547,0.19275890150161062
53606.6932523721,38061.69425237209,-80879.87264288373,20.10378913331879,151.874,1752,0.5313757069991516,0.19218915361647626
53607.026568123714,38062.02756812371,-80878.1693966598,20.103798799475587,151.897,1753,0.5311039821751808,0.1915795145538708
53607.18783970978,38062.18883970978,-80878.16345500316,20.103803476351583,151.941,1754,0.5308154807605128,0.19093223570231646
53606.99995817476,38062.00095817476,-80877.00805945632,20.103798027787068,152.084,1755,0.5305106628113467,0.19024834923924194
53599.75911626667,38054.76011626667,-80828.40546106666,20.103588043371733,152.777,1756,0.5301905976132453,0.18953025420290398
53601.60239435139,38056.60339435139,-80831.14862865415,20.10364149843619,152.787,1757,0.5298564612318812,0.18878058920233312
53604.349896408516,38059.35089640852,-80833.42624120851,20.103721175995847,152.795,1758,0.5295095242778212,0.1880022049665257
53608.118792883586,38063.11979288359,-80842.3244660418,20.103830473993625,152.82,1759,0.5291509787399247,0.18719777582961286
53611.484508423535,38066.48550842353,-80840.01732381177,20.103928079744282,152.845,1760,0.5287822504076769,0.1863705006784408
53614.648728669774,38069.64972866977,-80842.99544556279,20.10401984213142,152.889,1761,0.5284049985023214,0.18552410212498427
53617.93523806154,38072.936238061535,-80845.2487944,20.104115150903784,152.915,1762,0.5280206545161785,0.18466179185091305
53622.64505233973,38077.646052339725,-80847.90399987945,20.104251735517852,152.96,1763,0.5276308514883854,0.18378723372629302
53625.087228361066,38080.08822836107,-80851.84428112567,20.10432255862247,152.985,1764,0.5272372999001128,0.18290426536935256
53626.41354549042,38081.41454549042,-80855.34317796165,20.104361021819223,153.029,1765,0.5268416233854936,0.18201652954918532
53627.73551180096,38082.73651180096,-80858.1592728689,20.10439935884223,153.056,1766,0.5264458476183553,0.1811285710470719
53627.7084496,38082.709449600006,-80862.4491944,20.1043985740384,153.082,1767,0.5260518707391035,0.18024464851159847
53625.95890121291,38080.959901212904,-80870.55040730322,20.104347837135172,153.109,1768,0.5256611730857622,0.17936808321416067
53627.67778896652,38082.678788966514,-80869.27146408326,20.10439768488003,153.154,1769,0.5252757471367682,0.17850334545919633
53627.713157564605,38082.71415756461,-80875.40516608141,20.104398710569374,153.292,1770,0.5248975725130358,0.17765487670413632
53574.62306702609,38029.62406702609,-80981.67089092174,20.102859097943757,153.882,1771,0.5245283164509408,0.1768264175436246
53569.96063863129,38024.961638631285,-80985.54757184077,20.10272388752031,153.891,1772,0.52416978138412,0.17602201189951108
53564.80937137392,38019.810371373926,-80986.49860831305,20.102574500769844,153.898,1773,0.5238238184352323,0.17524581293184222
53561.53111920001,38016.53211920001,-80989.03093440001,20.1024794314568,153.921,1774,0.5234920199367452,0.17450139318161234
53557.85769710056,38012.85869710056,-80991.19538467625,20.102372902215915,153.946,1775,0.5231758556879157,0.17379205027554598
53554.57709129303,38009.578091293035,-80993.41969021397,20.102277764647496,153.991,1776,0.5228770834558375,0.17312172792208924
53551.264271963824,38006.26527196383,-80994.72673590755,20.10218169288695,154.018,1777,0.5225969570009505,0.1724932390454651
53548.46008283637,38003.461082836366,-80996.55370712728,20.102100371402255,154.062,1778,0.5223367713842219,0.17190948923134072
53545.113605563645,38000.11460556365,-80998.52961621819,20.102003323561345,154.09,1779,0.5220976447102365,0.17137298704783718
53540.10571920001,37995.106719200005,-81000.8776344,20.1018580948568,154.134,1780,0.5218805897970067,0.17088600484318758
53535.798854335146,37990.79985433514,-81002.20048845407,20.10173319577572,154.161,1781,0.5216867996539668,0.1704512192412739
53531.07161393685,37986.07261393685,-81004.61348703159,20.10159610580417,154.188,1782,0.5215167940877052,0.17006979647489254
53525.79294996924,37980.793949969244,-81009.10335747692,20.10144302454911,154.213,1783,0.5213712075219729,0.1697431599307445
53519.24279136496,37974.24379136496,-81012.45426945155,20.101253069949585,154.255,1784,0.5212509275917886,0.16947330109776693
53513.307355563644,37968.30835556364,-81014.65188894546,20.101080942311345,154.431,1785,0.5211559348824878,0.16926017641741484
53421.385406156835,37876.38640615683,-80999.994833889,20.098415205778547,155.283,1786,0.5210864686182946,0.16910432261073421
53406.41535073549,37861.4163507355,-80986.19773285162,20.09798107417133,155.292,1787,0.5210426243781509,0.16900595411767105
53406.41535073549,37861.4163507355,-80986.19773285162,20.09798107417133,155.3,1788,0.5210241897828395,0.16896459444636497
53403.756206085076,37858.75720608508,-80983.88450558552,20.097903958976467,155.308,1789,0.5210310722951682,0.1689800359813088
53403.756206085076,37858.75720608508,-80983.88450558552,20.097903958976467,155.314,1790,0.521062787491847,0.16905119187531603
53403.756206085076,37858.75720608508,-80983.88450558552,20.097903958976467,155.32,1791,0.5211185093200825,0.1691762088047072
53403.756206085076,37858.75720608508,-80983.88450558552,20.097903958976467,155.326,1792,0.5211978851583078,0.16935429563130638
53400.69061309185,37855.691613091854,-80979.96840708671,20.097815056779663,155.331,1793,0.5213002721639443,0.16958401008001614
53397.16406334546,37852.165063345456,-80977.82274458182,20.09771278683702,155.354,1794,0.5214245414521451,0.16986281939622927
53394.32623893699,37849.327238936996,-80975.32452913973,20.097630489929173,155.395,1795,0.5215695239512792,0.1701881006626763
53391.14405739814,37846.14505739814,-80973.34631892337,20.097538206664545,155.417,1796,0.5217343750128446,0.1705579588345342
53388.90293919648,37843.903939196476,-80970.6151863119,20.097473214236697,155.459,1797,0.5219176843578008,0.17096922982403343
53385.78397243637,37840.78497243638,-80968.89392640001,20.097382764200656,155.485,1798,0.5221182018525314,0.17141910884405523
53382.954057398136,37837.95505739814,-80967.27005724113,20.097300696664547,155.53,1799,0.5223344808452923,0.1719043502014006
53380.4338352151,37835.4348352151,-80964.85598300378,20.09722761022124,155.687,1800,0.5225652826604745,0.1724221748160205
53248.09617038492,37703.09717038492,-80960.88099187925,20.093389817941162,156.392,1801,0.5228089915390378,0.17296895758729924
53239.04463084256,37694.045630842564,-80970.16761171065,20.093127323294436,156.401,1802,0.5230637976136328,0.17354063791518476
53239.04463084256,37694.045630842564,-80970.16761171065,20.093127323294436,156.41,1803,0.5233282432666304,0.17413394550352984
53234.346614191316,37689.34761419131,-80972.80323798262,20.092991080811547,156.417,1804,0.5236011075573203,0.17474614106212397
53230.714553198115,37685.71555319811,-80977.9217510673,20.092885751042743,156.423,1805,0.5238804979287295,0.17537297846931368
53228.048344168434,37683.04934416844,-80983.9013295158,20.092808430980885,156.465,1806,0.5241646415203972,0.17601048015332732
53222.269205310644,37677.27020531065,-80988.50463298724,20.092640835954008,156.491,1807,0.524452044174062,0.17665529383582465
53216.89014789171,37671.891147891714,-80991.2801918463,20.092484843288858,156.535,1808,0.524741329643459,0.17730433178462665
53215.62419883047,37670.62519883047,-80997.61136157565,20.092448130766083,156.561,1809,0.5250308067540894,0.17795379969775876
53211.97339680001,37666.97439680001,-81003.8093295158,20.0923422575072,156.607,1810,0.5253190643234529,0.17860053146045773
53206.91721331377,37661.918213313766,-81008.76731696147,20.0921956281861,156.634,1811,0.525604808466246,0.17924162412476344
53203.763796800005,37658.76479680001,-81013.4288032,20.0921041791072,156.661,1812,0.5258867521717745,0.17987419016651895
53202.11134274596,37657.11234274595,-81018.08210049731,20.092056257939632,156.688,1813,0.526163836182588,0.18049585304643856
53198.72520428664,37653.726204286635,-81023.613316569,20.091958059924313,156.717,1814,0.5264346752477813,0.1811035048296233
53193.90224055001,37648.903240550004,-81031.72330320001,20.09181819397595,156.871,1815,0.526698237026102,0.18169482936569634
53018.283820145465,37473.28482014546,-81261.46191621819,20.086725259784217,158.887,1816,0.5269535904996419,0.18226773783230985
53009.63436560001,37464.635365600014,-81259.61173440001,20.0864744256024,158.897,1817,0.5271998493430726,0.1828202416789352
53009.63436560001,37464.635365600014,-81259.61173440001,20.0864744256024,158.907,1818,0.5274363941635338,0.1833509512420249
53007.49393456553,37462.49493456553,-81258.46526888276,20.0864123531024,158.916,1819,0.5276625518003203,0.18385835622503965
53007.49393456553,37462.49493456553,-81258.46526888276,20.0864123531024,158.922,1820,0.5278777993327605,0.18434128340845773
53005.86339785808,37460.86439785808,-81258.97350859355,20.086365067537884,158.928,1821,0.5280820019420427,0.18479943031415894
53004.54359484902,37459.54459484902,-81257.70258420239,20.08632679325062,158.95,1822,0.5282744819920142,0.18523127660453512
53004.453001963644,37459.45400196365,-81256.97309803637,20.086324166056947,158.992,1823,0.5284553438227336,0.18563705637588482
53004.27430177022,37459.27530177022,-81257.72371312341,20.086318983751337,159.036,1824,0.5286245998328739,0.18601679744574515
53003.35118378183,37458.352183781826,-81258.34218894546,20.086292213329674,159.063,1825,0.5287821736116946,0.1863703283797527
53004.009713426094,37459.01071342609,-81258.0975170087,20.086311310689357,159.09,1826,0.5289282216191473,0.18669800020987037
53004.22884386088,37459.229843860885,-81258.77682135653,20.086317665471967,159.117,1827,0.5290630552103563,0.1870005114893008
53006.694820145465,37461.69582014547,-81260.68218894546,20.08638917878422,159.162,1828,0.5291870761945231,0.18727876371309823
53010.264512043526,37465.26551204352,-81263.23614862595,20.086492699849263,159.188,1829,0.5293006224247168,0.18753351488498637
53014.97899522964,37469.979995229645,-81264.6004381037,20.08662941986166,159.362,1830,0.5294042587998378,0.18776603240641607
53059.21760987512,37514.218609875126,-81274.86832601267,20.08791233968638,160.156,1831,0.529498530564162,0.1879775395819215
53041.25096846699,37496.251968467,-81274.55319643636,20.087391307085543,160.172,1832,0.5295840473823685,0.18816940424900125
53041.25096846699,37496.251968467,-81274.55319643636,20.087391307085543,160.183,1833,0.5296614417641732,0.18834304550004644
53041.25096846699,37496.251968467,-81274.55319643636,20.087391307085543,160.193,1834,0.529731490214407,0.1885002054934305
53036.05014381177,37491.05114381177,-81274.22977397648,20.08724048317054,160.204,1835,0.5297949960834839,0.18864268661800432
53030.61332672877,37485.61432672877,-81273.76916156712,20.087082815475135,160.221,1836,0.5298525207374815,0.18877174834901328
53026.13828106668,37481.13928106667,-81273.0768328,20.086953039150934,160.239,1837,0.5299048716909079,0.18888920241782836
53022.06173067908,37477.062730679085,-81272.77534442791,20.086834819189693,160.276,1838,0.529952817908784,0.18899677406658058
53017.58757330412,37472.58857330412,-81272.06614786849,20.086705068625818,160.307,1839,0.5299971332483422,0.18909619951351803
53012.94141440001,37467.94241440001,-81271.7720328,20.0865703300176,160.372,1840,0.5300384699359307,0.18918894208706885
53005.94136849837,37460.94236849836,-81270.1718328,20.086367328686453,160.378,1841,0.5300774166675639,0.18927632257964747
52997.602879460246,37452.60387946025,-81268.75876051084,20.086125512504346,160.383,1842,0.5301146456902297,0.18935984923778648
52989.30000022678,37444.301000226784,-81265.60557295749,20.085884729006576,160.426,1843,0.5301502991412737,0.1894398409593946
52981.79279697262,37436.79379697262,-81263.96463362988,20.085667020112204,160.451,1844,0.5301852787649799,0.1895183208888134
52976.34779550237,37431.348795502374,-81259.63297453229,20.08550911506957,160.588,1845,0.530219811641916,0.1895957985017041
52913.352000535546,37368.35300053554,-81200.64112853554,20.08368223701553,161.216,1846,0.5302542954637888,0.1896731660551516
52904.46296001952,37359.46396001952,-81195.6857465561,20.083424454840568,161.225,1847,0.530288926496946,0.18975086389034582
52901.11670500254,37356.11770500254,-81195.19494692658,20.083327413445073,161.234,1848,0.5303239013162835,0.18982933304073146
52901.11670500254,37356.11770500254,-81195.19494692658,20.083327413445073,161.241,1849,0.5303592036198409,0.18990853693139578
52897.2787011077,37352.279701107705,-81193.98552141538,20.083216111332124,161.247,1850,0.5303947813918196,0.18998835886021972
52892.83453821178,37347.83553821177,-81192.5701368,20.083087230608143,161.288,1851,0.5304303916272252,0.19006825362365928
52889.08493893101,37344.085938931006,-81192.5614905118,20.082978492229,161.314,1852,0.5304659822487845,0.19014810438167215
52884.08720349027,37339.088203490275,-81192.72385361417,20.082833557901218,161.358,1853,0.5305010928731017,0.19022687822273462
52879.39990710509,37334.4009071051,-81192.38022154577,20.082697626306047,161.385,1854,0.5305352958094421,0.19030361558424716
52874.53036502319,37329.531365023184,-81192.29202521202,20.08255640958567,161.43,1855,0.530568000286845,0.19037699101846603
52869.82340880001,37324.82440880001,-81193.9717368,20.0824199078552,161.456,1856,0.530598725079286,0.1904459248515576
52865.71716600525,37320.718166005245,-81195.16952544628,20.08230082681415,161.483,1857,0.5306270415015026,0.19050945528960977
52861.78660202035,37316.787602020355,-81194.74005205424,20.08218684045859,161.528,1858,0.5306519427344524,0.19056532344361704
52858.282388110354,37313.28338811036,-81197.07401611035,20.0820852182552,161.554,1859,0.5306724545386242,0.19061134351968126
52853.41507659662,37308.41607659662,-81199.17674696949,20.0819440662213,161.694,1860,0.530687479113525,0.19064505250373617
52792.523191516986,37247.52419151699,-81254.92550658114,20.08017820155399,162.398,1861,0.5306967737188817,0.1906659057861641
52793.19774114783,37248.19874114783,-81255.63261568698,20.080197763493288,162.407,1862,0.5306992117898116,0.19067137581740587
52793.19774114783,37248.19874114783,-81255.63261568698,20.080197763493288,162.416,1863,0.5306936627581046,0.19065892606607732
52790.64459064616,37245.64559064616,-81259.10894344618,20.08012372212874,162.423,1864,0.5306792578175363,0.19062660728733422
52791.22867302048,37246.22967302048,-81260.06129353703,20.080140660517593,162.43,1865,0.5306553970204029,0.19057307344458516
52792.3684368,37247.3694368,-81262.26778960001,20.0801737136672,162.474,1866,0.5306206993586905,0.19049522612223962
52789.9432176765,37244.9442176765,-81264.36812824543,20.08010338231262,162.5,1867,0.5305742802037994,0.19039108057653192
52790.128781627594,37245.12978162759,-81264.97796201381,20.0801087636672,162.545,1868,0.530515226415283,0.19025858809480609
52789.14809197242,37244.14909197242,-81266.61037580691,20.0800803236672,162.572,1869,0.5304425506684345,0.19009553352535066
52785.54986537143,37240.550865371435,-81268.41250388573,20.07997597509577,162.599,1870,0.53035573390771,0.18990075232040549
52784.97386537143,37239.974865371434,-81270.38221817145,20.07995927109577,162.644,1871,0.530253811560327,0.18967208037424657
52783.65608385883,37238.65708385882,-81272.84867195296,20.079921055431907,162.671,1872,0.5301363248848202,0.18940848845916886
52782.17100822858,37237.172008228576,-81275.4170753143,20.07987798823863,162.698,1873,0.530002416972297,0.1891080540230612
52779.88301511326,37234.88401511326,-81277.98592213013,20.079811636438286,162.724,1874,0.5298518042274059,0.1887701407942656
52778.71137797648,37233.71237797648,-81281.08102489413,20.07977765896132,162.877,1875,0.5296839195261848,0.1883934763792056
52789.46070324325,37244.46170324324,-81382.44708207568,20.080089389394054,163.569,1876,0.5294986452208011,0.18797779682439575
52797.12222923077,37252.12322923077,-81389.64717563077,20.08031157364769,163.578,1877,0.5292956419506833,0.18752234074389507
52797.12222923077,37252.12322923077,-81389.64717563077,20.08031157364769,163.587,1878,0.5290747545465768,0.18702676000153584
52801.54855311741,37256.54955311741,-81393.51772218948,20.080439937040406,163.594,1879,0.5288360767378136,0.18649126488749804
52805.53438913386,37260.53538913386,-81397.57368986457,20.080555526284883,163.601,1880,0.5285798787032967,0.1859164615724315
52809.32447886793,37264.32547886793,-81400.71661394718,20.08066543888717,163.624,1881,0.5283062911707707,0.1853026433557798
52813.57938,37268.58038,-81403.3550064,20.08078883102,163.668,1882,0.5280155069848667,0.18465024290180404
52818.44070324325,37273.441703243254,-81406.4260009946,20.080929809394053,163.713,1883,0.5277083605282138,0.18396113222291885
52822.8465225,37277.8475225,-81412.30218765001,20.0810575781525,163.74,1884,0.5273852892170797,0.18323629270183156
52827.1632739535,37282.1642739535,-81418.85652267908,20.081182763944653,163.784,1885,0.5270468570278345,0.1824769896702131
52831.09955302326,37286.100553023265,-81424.91233663257,20.081296916037676,163.811,1886,0.5266940038568584,0.1816853318700616
52834.59820349443,37289.599203494436,-81432.87675955986,20.08139837690134,163.838,1887,0.52632764654478,0.18086337631572427
52836.295938260875,37291.29693826087,-81439.84771074784,20.081447611209565,163.865,1888,0.5259487209847005,0.1800132227674823
52839.54822923078,37294.549229230775,-81443.55602178462,20.08154192764769,163.91,1889,0.5255582620192897,0.17913719298786765
52842.079349763786,37297.08034976378,-81450.0323512819,20.08161533014315,164.047,1890,0.525157589925244,0.17823824913630226
52803.382648929735,37258.38364892974,-81595.54289967568,20.08049312581896,164.717,1891,0.5247479028568893,0.17731907937969515
52798.229135416215,37253.23013541622,-81600.78154832433,20.08034367392707,164.726,1892,0.5243304641126271,0.17638251804154287
52791.43575384567,37246.43675384567,-81603.57013738583,20.080146665861523,164.734,1893,0.5239064595020553,0.17543122559224789
52786.36626683949,37241.36726683949,-81608.37696648928,20.079999650738344,164.758,1894,0.523477331609992,0.17446843860049524
52781.42970819083,37236.430708190834,-81612.8843799633,20.079856490537534,164.783,1895,0.5230444299857664,0.1734971849014895
52776.02619353629,37231.02719353628,-81616.44244523894,20.07969978861255,164.827,1896,0.5226093436513545,0.17252102960883992
52770.364737381824,37225.36573738183,-81619.14995127273,20.079535606384074,164.854,1897,0.522173095761995,0.17154226826327604
52764.85631050435,37219.85731050435,-81621.76896313044,20.079375862004625,164.898,1898,0.521737471731154,0.17056490660036486
52758.1229192,37213.12391920001,-81623.44030092307,20.0791805936568,164.925,1899,0.5213037666695234,0.16959185031733562
52751.17564647273,37206.176646472726,-81625.20995127273,20.078979122747707,164.97,1900,0.5208734018664749,0.16862628820462597
52744.55346313306,37199.554463133056,-81625.7262616569,20.07878707943086,164.997,1901,0.5204480732478896,0.16767202522436342
52738.47434777143,37193.475347771426,-81625.83036685715,20.07861078508537,165.024,1902,0.5200285616427857,0.166730813236624
52732.66837374546,37187.66937374546,-81626.79722400001,20.07844241183862,165.051,1903,0.5196166038250555,0.16580654884971968
52726.740687440346,37181.74168744034,-81626.99035704721,20.07827050893577,165.095,1904,0.5192134364843354,0.1649020066879914
52722.96952789566,37177.97052789565,-81627.46087617392,20.078161145308975,165.232,1905,0.5188200584708179,0.1640194277616133
52648.68573120001,37103.68673120001,-81602.2057592,20.0760069152048,166.087,1906,0.5184374479856599,0.16316100675279213
52641.1689312,37096.1699312,-81592.35210758711,20.0757889280048,166.096,1907,0.5180672539289155,0.1623304431169865
52639.21325552433,37094.21425552433,-81591.23180244325,20.075732213410205,166.105,1908,0.5177104672787326,0.16152996020273108
52639.21325552433,37094.21425552433,-81591.23180244325,20.075732213410205,166.112,1909,0.5173678245329665,0.1607612104091535
52639.21325552433,37094.21425552433,-81591.23180244325,20.075732213410205,166.118,1910,0.5170404530731941,0.16002672311814
52639.21325552433,37094.21425552433,-81591.23180244325,20.075732213410205,166.123,1911,0.5167291851538938,0.15932836556740754
52639.21325552433,37094.21425552433,-81591.23180244325,20.075732213410205,166.129,1912,0.516434852684245,0.15866800421996471
52637.220181200006,37092.2211812,-81590.10355920001,20.0756744142548,166.134,1913,0.5161584101357867,0.1580477805184873
52635.93386512071,37090.93486512071,-81588.45124642468,20.0756371110885,166.157,1914,0.5159005542006704,0.15746925755442986
52634.75366804211,37089.75466804211,-81586.69619077895,20.075602885373222,166.198,1915,0.5156617739419983,0.15693353258481427
52633.01705347074,37088.01805347075,-81587.80659413451,20.075552523550652,166.224,1916,0.5154424701984139,0.15644150492716075
52631.939247942086,37086.94024794208,-81587.69575377014,20.07552126719032,166.251,1917,0.5152435105995541,0.15599512118653375
52631.120469661546,37086.12146966155,-81585.79086689232,20.075497522620186,166.278,1918,0.5150649740262014,0.15559455833905828
52630.13576664304,37085.136766643045,-81586.49045793418,20.07546896623265,166.305,1919,0.5149075494832659,0.15524136222917082
52628.612613208374,37083.61361320838,-81586.5323667314,20.075424794783043,166.455,1920,0.5147717418300067,0.15493666555399155
52622.8262109926,37077.827210992604,-81598.1239648889,20.075256989118785,167.079,1921,0.5146576587658929,0.15468070994695793
52622.777152882765,37077.77815288276,-81599.15498979311,20.0752555664336,167.088,1922,0.5145654191373666,0.15447376205074417
52623.59175999292,37078.59275999293,-81600.12003175222,20.075279190039794,167.095,1923,0.5144953577758479,0.15431657308973204
52623.28967103158,37078.29067103159,-81599.79270757895,20.075270429459916,167.119,1924,0.5144476575633039,0.154209553376051
52623.32252749091,37078.32352749091,-81599.0472578182,20.075271382297238,167.142,1925,0.51442242299159,0.15415293734656904
52622.443844644346,37077.44484464434,-81597.5919085792,20.075245900494686,167.184,1926,0.5144197837303717,0.15414701592683414
52621.19114133578,37076.19214133578,-81596.57654388991,20.07520957209874,167.225,1927,0.5144398851430715,0.15419211525274878
52620.815299815935,37075.81629981594,-81595.98321759293,20.07519867269466,167.25,1928,0.5144826253260437,0.15428800669432569
52620.509934189475,37075.51093418947,-81595.86349705263,20.075189817091495,167.294,1929,0.5145478246351428,0.15443428720377952
52620.26911135775,37075.27011135775,-81595.32549853523,20.075182833229373,167.321,1930,0.5146354698234447,0.15463092706044557
52619.2417434,37074.2427434,-81595.115076,20.0751530395586,167.366,1931,0.5147456405719829,0.15487810503588378
52618.363705356525,37073.36470535652,-81594.66116295653,20.07512757645534,167.375,1932,0.5148785775664101,0.15517636112998617
52618.30236840001,37073.30336840001,-81595.351326,20.0751257976836,167.418,1933,0.5150339330997759,0.15552491523096104
52618.1336184,37073.1346184,-81594.0723732973,20.075120903933602,167.445,1934,0.5152111981695698,0.15592262534593207
52616.59170059179,37071.59270059179,-81593.00192531508,20.075076188317162,167.628,1935,0.5154105064038432,0.15636979128144138
52581.87086013913,37036.87186013913,-81572.4765918261,20.074069283944034,168.196,1936,0.515631510652586,0.15686563417524277
52579.944153377975,37034.94515337798,-81572.70634091631,20.07401340944796,168.205,1937,0.5158738519984127,0.1574093487639264
52577.38765966697,37032.388659666976,-81572.58020780091,20.073939271130342,168.214,1938,0.5161372274340226,0.15800025522338101
52574.2859246069,37029.2869246069,-81575.13095089655,20.0738493208136,168.238,1939,0.5164211649163893,0.15863729448265482
52571.70075219311,37026.70175219311,-81576.07051986207,20.0737743508136,168.262,1940,0.5167255471688115,0.15932020342092812
52570.970221245196,37025.9712212452,-81576.99902224269,20.07375316541611,168.306,1941,0.5170497943587733,0.16004768113184223
52569.24537229831,37024.24637229831,-81578.58554908475,20.07370314479665,168.334,1942,0.517393358960701,0.16081849919256602
52568.62304428236,37023.62404428236,-81580.53400870589,20.073685097284187,168.379,1943,0.5177557924642527,0.16163165132983948
52568.34805268572,37023.34905268572,-81580.79281542858,20.073677122527886,168.406,1944,0.5181365026549728,0.1624858088573089
52566.64947764051,37021.650477640505,-81581.20667437975,20.073627863851573,168.433,1945,0.5185349016134294,0.16337965272489247
52566.421232017026,37021.42223201702,-81582.96594612766,20.073621244728493,168.477,1946,0.5189501434119634,0.16431128501786302
52566.02142852876,37021.022428528755,-81583.92803799143,20.073609650427333,168.504,1947,0.5193817736192777,0.16527968617876546
52565.753963400006,37020.7549634,-81584.203494,20.0736018939386,168.531,1948,0.5198288600732373,0.16628276481807602
52565.78996835595,37020.790968355956,-81586.22219994714,20.073602938082324,168.576,1949,0.5202903658548351,0.1673181945148144
52566.882338400006,37021.8833384,-81588.64935038298,20.0736346168136,168.742,1950,0.5207653015620511,0.1683837554566303
52660.38435386667,37115.38535386667,-81605.38588222222,20.076346175262135,169.378,1951,0.5212526554617887,0.16947717772939652
52670.51196139355,37125.51296139356,-81608.21906322581,20.076639875880414,169.387,1952,0.5217514044144508,0.1705961658274774
52680.952687200006,37135.9536872,-81608.84398258066,20.0769426569288,169.396,1953,0.5222604388965395,0.1717382304351918
52691.590758066144,37146.59175806615,-81609.97948677166,20.07725116098392,169.42,1954,0.5227783652979303,0.17290024486298106
52702.264327200006,37157.2653272,-81610.67838000001,20.0775606944888,169.443,1955,0.5233039630857342,0.17407947073561894
52713.438169127716,37168.43916912771,-81610.22028650602,20.077884735904703,169.487,1956,0.5238359850331019,0.17527310978758012
52723.18320444138,37178.18420444138,-81606.46297034483,20.0781673419288,169.513,1957,0.5243729225503436,0.17647777736231807
52733.37002762553,37188.37102762553,-81603.89089404256,20.07846275980114,169.558,1958,0.5249132329694335,0.17769001234547646
52743.056905950005,37198.05790595,-81601.278425625,20.07874367927255,169.585,1959,0.5254553808254595,0.1789063697835324
52752.30731682963,37207.30831682963,-81596.18217851853,20.07901194118806,169.61,1960,0.5259978955830941,0.1801235503983207
52758.182869681754,37213.18386968176,-81590.49847751825,20.07918233222077,169.652,1961,0.5265389634879802,0.18133748486893872
52764.57129014118,37219.57229014118,-81586.70417470588,20.079367596414095,169.679,1962,0.5270767468004106,0.1825440500611944
52770.35504890213,37225.35604890213,-81581.32348978725,20.079535325418163,169.706,1963,0.5276098088788825,0.18374002274076498
52774.43371958867,37229.434719588666,-81574.85977336032,20.07965360686807,169.75,1964,0.5281363191097448,0.18492129576140587
52773.34088246628,37228.34188246628,-81571.98170733728,20.079621914591524,169.893,1965,0.528654295271666,0.18608342183141702
52804.4938799554,37259.4948799554,-81492.81623066767,20.080525351518705,170.654,1966,0.5291619752848528,0.18722244756642326
52806.10928658168,37261.11028658168,-81490.92976700558,20.08057219831087,170.663,1967,0.5296575655670399,0.18833434890342246
52806.10928658168,37261.11028658168,-81490.92976700558,20.08057219831087,170.672,1968,0.5301393122760831,0.18941519093994535
52807.49687936843,37262.49787936843,-81491.60454997895,20.080612438501685,170.679,1969,0.5306054742071649,0.19046106712650093
52807.49687936843,37262.49787936843,-81491.60454997895,20.080612438501685,170.685,1970,0.5310538971117217,0.19146714421283392
52808.50747745456,37263.508477454554,-81490.99941840001,20.080641745846183,170.691,1971,0.5314827842855848,0.1924293911316711
52810.77087317648,37265.771873176476,-81492.13897722353,20.080707384322118,170.714,1972,0.5318903962387663,0.19334390518089578
52813.40177815386,37268.40277815386,-81494.58268763077,20.080783680566462,170.755,1973,0.5322748819137016,0.19420653334650653
52816.005980780494,37271.0069807805,-81496.80606474147,20.080859202442635,170.781,1974,0.5326340545794186,0.1950123695010448
52820.07656836365,37275.077568363646,-81498.96987294545,20.080977249482547,170.826,1975,0.5329664753600462,0.19575818539718162
52825.072603532855,37280.07360353286,-81503.46491110073,20.081122134502454,170.871,1976,0.5332709772988825,0.19644136286268152
52829.554500265695,37284.55550026569,-81505.9316969978,20.081252109507705,170.88,1977,0.5335454966656371,0.1970572717331693
52835.09115780646,37290.09215780646,-81510.87772485161,20.081412672576388,170.925,1978,0.5337884268118426,0.19760230734841824
52840.83958554332,37295.84058554332,-81514.43963493544,20.081579376980756,170.952,1979,0.5339987332307979,0.19807414869967313
52846.25527575001,37301.25627575001,-81517.897465275,20.08173643199675,171.13,1980,0.5341751103950221,0.1984698667187018
52942.374230173395,37397.37523017339,-81534.90371375796,20.08452388167503,171.792,1981,0.53431614232481,0.19878628452778122
52950.38987535738,37405.39087535738,-81534.29696254428,20.084756335385364,171.801,1982,0.5344207311181028,0.19902093888497374
52950.38987535738,37405.39087535738,-81534.29696254428,20.084756335385364,171.811,1983,0.5344886305822012,0.1991732774348325
52954.059007930446,37409.06000793044,-81535.58475798262,20.084862740229983,171.824,1984,0.5345184702981954,0.19924022551937373
52958.605198931014,37413.60619893101,-81535.65250660613,20.084994579769,171.834,1985,0.5345095399230515,0.19922018942016165
52963.35419983449,37418.35519983449,-81534.45170251036,20.085132300795202,171.862,1986,0.5344612826205083,0.19911191982500137
52967.86601588172,37422.867015881726,-81533.88129596267,20.08526314346057,171.899,1987,0.5343732670498506,0.19891444898223345
52972.425268800005,37427.4262688,-81532.97375177144,20.0853953617952,171.938,1988,0.5342451652821117,0.19862704115375035
52978.471531957905,37433.4725319579,-81531.79163898948,20.08557070342678,171.967,1989,0.5340769287851344,0.19824958745329505
52985.301792817474,37440.30279281747,-81529.61110922621,20.085768780991707,171.996,1990,0.5338684962789182,0.1977819503936799
52994.341815675005,37449.342815675,-81529.81563570001,20.086030941654574,172.044,1991,0.533620241248776,0.19722496792276942
53006.97183218029,37461.97283218028,-81532.00926686199,20.086397212133228,172.056,1992,0.5333326865589533,0.19657981313348807
53020.979021609,37475.98002160899,-81534.52964904271,20.086803420626662,172.104,1993,0.5330059572808785,0.19584676663482628
53034.85987345117,37489.860873451165,-81537.92520692095,20.087205965330085,172.132,1994,0.5326405134874446,0.19502686064166594
53048.320018800005,37503.32101880001,-81546.09719820002,20.0875963095452,172.272,1995,0.5322375459790109,0.19412276682163118
52794.39067475274,37249.39167475274,-81450.44956771642,20.08023235856783,174.464,1996,0.5317978277287984,0.19313621940961073
52786.13447600964,37241.135476009644,-81410.08153188434,20.07999292880428,174.475,1997,0.531322333834671,0.1920694061252947
52784.924498600005,37239.9254986,-81398.0625108,20.0799578394594,174.484,1998,0.5308121658112185,0.1909247983156588
52784.924498600005,37239.9254986,-81398.0625108,20.0799578394594,174.492,1999,0.5302689668226748,0.1897060825673337
52784.924498600005,37239.9254986,-81398.0625108,20.0799578394594,174.499,2000,0.529694344382674,0.18841686548162564
52783.37002744616,37238.37102744616,-81390.64183772307,20.07991275979594,174.505,2001,0.529089571203571,0.1870600025030817
52782.33940230091,37237.340402300906,-81381.0996973559,20.079882871666726,174.528,2002,0.5284565317750979,0.18563972165377582
52783.735473600005,37238.7364736,-81370.63876080001,20.0799233577344,174.57,2003,0.5277969823455108,0.1841599632345055
52786.020033600005,37241.0210336,-81359.1665208,20.0799896099744,174.597,2004,0.5271129608577352,0.182625299553375
52789.22945254737,37244.230452547374,-81348.08333974738,20.080082683123873,174.641,2005,0.5264062672605342,0.18103976895719634
52797.1426562087,37252.143656208704,-81333.33571732174,20.08031216603005,174.667,2006,0.5256791033870154,0.1794083114564261
52802.802428733085,37257.80342873308,-81322.28754406996,20.080476299433258,174.692,2007,0.5249335447611586,0.17773558367564127
52807.26648229566,37262.26748229566,-81312.52289123478,20.080605756986575,174.736,2008,0.5241718733119219,0.17602670532753728
52812.8640245434,37267.8650245434,-81304.31623249811,20.08076808571176,174.763,2009,0.5233961075740327,0.17428620517618135
52820.80820988319,37275.809209883184,-81297.39469000354,20.080998467086612,174.941,2010,0.5226085502833198,0.1725192496163537
52935.66124203872,37390.662242038714,-81222.86371873549,20.084329205019124,175.675,2011,0.5218115167301108,0.17073103320998043
52943.75419489232,37398.75519489232,-81221.3559768,20.084563900651876,175.684,2012,0.5210070317857414,0.16892609893787874
52952.63634503133,37407.637345031326,-81220.81959125784,20.084821483005907,175.692,2013,0.5201973561280915,0.1671095188340408
52964.060548287875,37419.06154828788,-81223.71957512636,20.085152784900348,175.719,2014,0.5193846976311233,0.16528624646212314
52974.06320298948,37429.06420298948,-81223.57202943158,20.085442861886694,175.746,2015,0.5185713078822464,0.1634613334608304
52982.73780209362,37437.73880209362,-81221.55793424681,20.085694425260716,175.791,2016,0.5177593222143497,0.16163957064140225
52989.22384068838,37444.224840688374,-81220.97700005582,20.08588252037996,175.817,2017,0.5169508434901993,0.15982567596543917
52995.39905701133,37450.40005701133,-81221.34607113962,20.086061601653327,175.844,2018,0.5161479432694561,0.15802429716321295
53001.28734174546,37456.28834174546,-81220.25473278086,20.086232361910618,175.887,2019,0.5153526047065867,0.1562398836199959
53007.54578100532,37462.54678100532,-81219.24110954336,20.086413856649155,175.911,2020,0.5145665969678561,0.15447640461929943
53015.499518778954,37470.50051877895,-81221.24545048422,20.08664451504459,175.954,2021,0.5137917323075792,0.15273792611654718
53022.65430099311,37477.65530099311,-81220.94218369655,20.0868520037288,175.982,2022,0.5130295730350006,0.15102795329293464
53028.75788720001,37483.758887200005,-81219.6143768,20.087029007728802,176.009,2023,0.5122820948336588,0.1493509187720361
53033.40002673489,37488.40102673489,-81219.2071395907,20.08716362977531,176.052,2024,0.5115508093859865,0.14771021414924482
53037.930166269776,37492.93116626977,-81218.61523261396,20.087295003821822,176.19,2025,0.510836978939251,0.14610867138974357
53179.988412000006,37634.98941200001,-81169.78229018183,20.091414692948,176.927,2026,0.510141989606869,0.14454940036355365
53194.233412,37649.234412000005,-81149.513472,20.091827797948,176.935,2027,0.5094672594525617,0.14303558262407534
53194.233412,37649.234412000005,-81149.513472,20.091827797948,176.944,2028,0.5088136563313799,0.14156916528210972
53199.49418123077,37654.49518123077,-81139.58854892309,20.091980360255693,176.952,2029,0.5081822972258907,0.14015265438842975
53203.73094141177,37658.73194141177,-81128.76900141178,20.092103226300942,176.958,2030,0.5075740597336222,0.1387880189119598
53205.57087656693,37660.57187656693,-81117.73964522836,20.09215658442044,176.999,2031,0.5069898656411402,0.1374773269637015
53206.46044570787,37661.46144570787,-81107.93535964045,20.09218238192553,177.025,2032,0.5064305499760663,0.13622245200316813
53203.626528719244,37658.62752871924,-81105.32761711042,20.092100198332858,177.07,2033,0.5058966699565643,0.135024644199388
53203.59361889656,37658.59461889656,-81094.91443751725,20.092099243948,177.095,2034,0.5053887279379036,0.13388503063155432
53200.43667245017,37655.43767245016,-81094.56450736978,20.092007692501056,177.137,2035,0.5049071528674045,0.13280457368153048
53198.19392087575,37653.19492087574,-81093.0207382722,20.091942652705395,177.162,2036,0.5044523770072629,0.1317842431684001
53195.685878453674,37650.68687845368,-81090.95205346966,20.091869919475158,177.188,2037,0.504024680723159,0.13082466811776358
53193.98454486713,37648.98554486713,-81088.90218528673,20.091820580801148,177.214,2038,0.5036242091312443,0.12992617411074833
53194.267412,37649.268412000005,-81089.79047200001,20.091828783948,177.259,2039,0.503251349121494,0.12908962916978386
53193.99273114894,37648.993731148934,-81095.24589753193,20.09182081820332,177.406,2040,0.5029059170563348,0.12831462128747048
53262.21296767408,37717.21396767408,-81132.20067777779,20.09379920506255,178.2,2041,0.5025880255253709,0.1276014030687039
53271.57284096842,37726.57384096843,-81131.1981631579,20.094070641388086,178.222,2042,0.5022976971272963,0.1269500252156854
53271.57284096842,37726.57384096843,-81131.1981631579,20.094070641388086,178.23,2043,0.5020348684595676,0.12636034547911026
53274.00985012174,37729.01085012175,-81128.77629130436,20.09414131465353,178.236,2044,0.5017993194629127,0.1258318701362251
53274.00985012174,37729.01085012175,-81128.77629130436,20.09414131465353,178.241,2045,0.501590837233496,0.12536412151814086
53276.43797616881,37731.43897616881,-81127.31666146789,20.094211730308896,178.247,2046,0.5014093614723443,0.12495696433869216
53277.48857101936,37732.48957101937,-81126.16677096776,20.094242197559563,178.27,2047,0.5012546367051687,0.12460982541835218
53278.29162087273,37733.29262087273,-81125.65562727273,20.09426548600531,178.295,2048,0.501126162106128,0.1243215811093369
53279.055047446156,37734.05604744615,-81124.2882846154,20.094287625375937,178.339,2049,0.5010235150113233,0.1240912831272037
53279.749075418185,37734.75007541818,-81123.74326363637,20.094307752187127,178.366,2050,0.5009464655590946,0.12391841575666127
53280.56807541819,37735.569075418185,-81124.47062727273,20.094331503187128,178.411,2051,0.5008946110681601,0.1238020755460643
53280.471496339735,37735.47249633973,-81125.71742054795,20.094328702393852,178.438,2052,0.5008675670641178,0.1237413998925391
53280.607133943355,37735.60813394336,-81126.35165536482,20.094332635884356,178.465,2053,0.5008646396428592,0.12373483195985677
53280.69740522791,37735.698405227915,-81127.1812255814,20.09433525375161,178.51,2054,0.5008854414133367,0.12378150260138707
53281.1332936,37736.1342936,-81128.93650000001,20.0943478945144,178.643,2055,0.5009292726414432,0.1238798419007753
53331.88950446699,37786.890504466995,-81105.52361874832,20.095819824629544,179.268,2056,0.500995523787487,0.12402848230094377
53332.360126009764,37787.36112600977,-81104.9874166244,20.095833472654284,179.277,2057,0.5010835579422013,0.12422599483871263
53333.550413557896,37788.5514135579,-81104.86287233685,20.095867990993177,179.294,2058,0.5011927387023327,0.12447095168618952
53333.303571452634,37788.30457145264,-81103.79739865263,20.095860832572125,179.3,2059,0.5013223201936295,0.12476167940745843
53335.19042312728,37790.19142312728,-81102.50243214545,20.095915551270693,179.341,2060,0.5014715365356864,0.12509645968100006
53343.69480156279,37798.69580156279,-81091.35804736745,20.096162178245322,179.438,2063,0.5016393471286054,0.12547295782742401
53347.18810494546,37802.18910494546,-81088.20238669091,20.09626348404342,179.482,2064,0.5018249744439308,0.1258894293917635
53348.45304513685,37803.45404513685,-81084.71318812632,20.096300167308968,179.509,2065,0.502027551628347,0.12634392951070014
53348.11945272559,37803.12045272559,-81079.1463031814,20.096290493129043,179.581,2067,0.5022460309780745,0.12683410756664718
53350.61981297669,37805.62081297669,-81077.04799600491,20.096363003576325,179.61,2068,0.5024794578364002,0.12735782170147333
53350.8351504,37805.836150400006,-81074.35183474286,20.0963692483616,179.636,2069,0.5027265091121582,0.127912103441241
53351.03213153208,37806.03313153208,-81070.83010967547,20.09637496081443,179.783,2070,0.5029864939905839,0.1284954028809422
53345.94947868388,37800.95047868388,-80984.41051323872,20.096227563881833,180.554,2071,0.5032581201929771,0.1291048206771752
53354.95314021493,37809.95414021493,-80952.2909345194,20.096488670066233,180.563,2072,0.5035401813087572,0.12973765013938196
53354.95314021493,37809.95414021493,-80952.2909345194,20.096488670066233,180.572,2073,0.5038315396543178,0.13039133877214729
53361.8211432,37816.8221432,-80943.0925584,20.0966878421528,180.579,2074,0.5041309735433641,0.13106314561247537
53361.8211432,37816.8221432,-80943.0925584,20.0966878421528,180.585,2075,0.5044372140060711,0.13175022361252092
53361.8211432,37816.8221432,-80943.0925584,20.0966878421528,180.59,2076,0.5047488527266814,0.13244941308931618
53368.387241692464,37823.38824169246,-80936.86151015881,20.09687825900908,180.595,2077,0.5050646873925797,0.13315801654645673
53376.900543200005,37831.9015432,-80929.7141584,20.097125144752802,180.637,2078,0.5053832870093059,0.13387282341926687
53381.92402320001,37836.925023200005,-80922.7435584,20.0972708256728,180.664,2079,0.505703591449108,0.13459145521586105
53390.729808825,37845.730808825,-80918.557799025,20.097526193455924,180.709,2080,0.5060241171224804,0.13531058336985244
53399.13575941622,37854.136759416215,-80914.21710434595,20.09776996602307,180.736,2081,0.5063435686919431,0.1360273016751922
53407.7955432,37862.796543200006,-80908.5391584,20.0980210997528,180.763,2082,0.5066606407020284,0.13673868122521693
53415.74217734635,37870.74317734635,-80904.13018279025,20.098251552143044,180.808,2083,0.5069741680641082,0.13744210803888213
53425.23481592728,37880.235815927284,-80901.33479476365,20.09852683866189,180.834,2084,0.5072827977956574,0.13813454657829985
53434.56670599071,37889.5677059907,-80899.50036770233,20.09879746347373,180.976,2085,0.5075853353915354,0.1388133168638362
53595.08315051163,38050.084150511626,-80972.72234003722,20.103452440364837,181.691,2086,0.5078806622111125,0.13947590912470603
53601.18786763636,38056.18886763636,-80986.45266392728,20.103629477161455,181.7,2087,0.5081676657755897,0.1401198274147447
53601.18786763636,38056.18886763636,-80986.45266392728,20.103629477161455,181.708,2088,0.5084453522377144,0.14074284194832348
53602.792729,38057.793729,-80993.7763662,20.103676018141,181.715,2089,0.5087127660616492,0.14134280889491685
53606.6869181264,38061.687918126394,-80998.68409157176,20.103788949625667,181.722,2090,0.5089688998416136,0.1419174680491204
53608.766620728624,38063.76762072863,-81003.48989082826,20.10384926100113,181.767,2091,0.509213044075231,0.14246522757858857
53611.191146553196,38066.19214655319,-81010.30911885959,20.103919572250042,181.792,2092,0.5094446000469254,0.1429847442111198
53613.349667176895,38068.3506671769,-81016.41168434081,20.10398216934813,181.837,2093,0.5096628563462084,0.14347442183334908
53614.68961236121,38069.69061236121,-81022.85254303948,20.104021027758474,181.863,2094,0.5098670952946118,0.1439326502691344
53617.462104000006,38072.46310400001,-81028.74136620002,20.104101430016,181.908,2095,0.5100568692685803,0.14435842523480152
53618.814107257334,38073.81510725734,-81036.05506937591,20.10414063811046,181.935,2096,0.5102317435481245,0.14475077139698586
53621.04899211189,38076.04999211189,-81040.02363455665,20.104205449771246,181.964,2097,0.5103916559418529,0.14510954922371122
53623.153104000005,38078.154104,-81049.14532966155,20.104266469016,181.99,2098,0.510536420963017,0.1454343425587878
53625.755726950825,38080.75672695083,-81054.5399092328,20.104341945081575,182.035,2099,0.5106660271151874,0.14572512560894282
53630.05807960976,38085.05907960975,-81061.69430827319,20.104466713308682,182.172,2100,0.5107802891922348,0.14598148284758092
53812.498537911866,38267.49953791186,-81104.26133056272,20.109757486599445,182.874,2101,0.5108798333880209,0.14620481919690673
53816.43361352335,38271.43461352335,-81100.81275246467,20.10987160379218,182.883,2102,0.5109643768061684,0.14639449995347398
53819.699217507696,38274.70021750769,-81098.82956556923,20.109966306307722,182.892,2103,0.5110344514345185,0.14655171867981467
53822.356680525445,38277.35768052544,-81097.6790700071,20.110043372735237,182.917,2104,0.5110903673495505,0.14667717106037625
53824.7376949861,38279.738694986096,-81094.72760084279,20.110112422154597,182.96,2105,0.5111324347610648,0.14677155307872514
53826.02518899311,38281.02618899311,-81093.0638261793,20.1101497594808,182.985,2106,0.5111614083642206,0.14683655796127534
53826.8627752,38281.86377520001,-81091.8525848,20.1101740494808,183.012,2107,0.5111780280643248,0.1468738457520786
53828.551236738465,38283.55223673847,-81090.34273864616,20.110223014865415,183.039,2108,0.511182899996899,0.14688477637065164
53829.813990669616,38284.81499066962,-81087.32741352929,20.11025963472942,183.083,2109,0.5111768618122585,0.14687122916075637
53831.321775200006,38286.32277520001,-81086.06358480001,20.1103033604808,183.109,2110,0.5111610148986155,0.1468356751858294
53831.218929046154,38286.21992904616,-81085.45135403077,20.110300377942337,183.151,2111,0.5111358223629295,0.1467791534679538
53831.1631752,38286.1641752,-81084.6901848,20.1102987610808,183.177,2112,0.5111022004508525,0.1467037196865933
53829.864910031465,38284.86591003147,-81083.64905671011,20.110261111390912,183.206,2113,0.5110611035313822,0.14661151505436382
53831.026646167746,38286.02764616774,-81085.33400415484,20.110294801738863,183.231,2114,0.5110135363362266,0.1465047937771478
53829.707923129,38284.708923129,-81087.74072681184,20.11025655877074,183.388,2115,0.5109605115354042,0.14638582787114113
53871.843126030464,38326.84412603047,-81054.76275328326,20.111478479654885,184.124,2116,0.510902782558575,0.14625630772349676
53875.679941021284,38330.68094102129,-81055.9345369532,20.111589747289617,184.133,2117,0.5108412465136225,0.1461182460763749
53875.679941021284,38330.68094102129,-81055.9345369532,20.111589747289617,184.142,2118,0.5107771506819838,0.14597444131777348
53876.26911587818,38331.270115878186,-81055.85645886701,20.11160683336047,184.149,2119,0.5107114218378662,0.1458269727489161
53875.80773761257,38330.80873761258,-81056.93680330053,20.111593453390764,184.155,2120,0.5106448913059658,0.1456777055214699
53874.10844835234,38329.109448352334,-81061.11305916685,20.11154417400222,184.198,2121,0.5105785468058979,0.1455288556731587
53872.6781686602,38327.679168660194,-81064.59908663301,20.111502695891147,184.223,2122,0.5105132584275021,0.14538237532873297
53869.20399390292,38324.204993902924,-81065.44928080776,20.111401944823186,184.273,2123,0.5104497719012322,0.14523993760148504
53866.33953643524,38321.34053643524,-81066.94953585078,20.111318875556623,184.299,2124,0.5103888002409045,0.14510314220199044
53864.75547293617,38319.75647293618,-81068.97687737872,20.11127293771515,184.365,2125,0.5103313226254401,0.14497418600615805
53862.56177854546,38317.562778545456,-81070.35731258182,20.111209320577817,184.374,2126,0.5102780902045975,0.14485475428597694
53861.25985341177,38316.260853411775,-81071.00078851765,20.111171564748943,184.4,2127,0.5102300207727136,0.14474690619552497
53857.42813747151,38312.42913747151,-81071.83938041037,20.111060444986673,184.429,2128,0.5101875031827083,0.14465151416127398
53852.9430597513,38307.9440597513,-81075.93274828601,20.11093037773279,184.456,2129,0.5101510752723654,0.1445697848706275
53845.896051272735,38300.89705127274,-81080.69122167272,20.11072601448691,184.603,2130,0.5101212718856285,0.14450291829404013
53703.75894923319,38158.759949233194,-81098.40843043495,20.106604038527763,185.174,2131,0.5100985147993297,0.14445186072573954
53699.738999243156,38154.73999924316,-81093.77543219255,20.10648745997805,185.183,2132,0.5100833539552477,0.14441784600953012
53694.333953600006,38149.3349536,-81089.31618240001,20.1063307136544,185.192,2133,0.5100761683704355,0.1444017245042322
53691.0187536,38146.019753600005,-81086.25298240001,20.1062345728544,185.217,2134,0.5100773949256497,0.14440447639108647
53687.08898194008,38142.08998194008,-81082.58584393848,20.106120609476264,185.259,2135,0.5100871503701556,0.14442636360756142
53682.3199536,38137.32095360001,-81079.05238240001,20.1059823076544,185.285,2136,0.51010558787256,0.14446772980119194
53677.58361875838,38132.58461875838,-81074.1991471059,20.105844953943993,185.313,2137,0.5101328940252762,0.1445289936088264
53674.103703600005,38129.10470360001,-81070.39863240001,20.1057440364044,185.359,2138,0.5101695494776698,0.1446112334105128
53672.7074536,38127.708453600004,-81068.85238240001,20.1057035451544,185.385,2139,0.5102152716199813,0.1447138151458572
53670.103224628045,38125.10422462804,-81068.51252258693,20.105628022514214,185.432,2140,0.5102701610830547,0.14483696458920212
53669.60358996364,38124.60458996364,-81068.45465512728,20.105613533108944,185.458,2141,0.5103343668981428,0.14498101610555666
53668.7318286,38123.7328286,-81069.19488240001,20.1055882520294,185.484,2142,0.5104077032932951,0.14514555289885425
53667.50860744616,38122.50960744616,-81070.22815163078,20.105552778615937,185.511,2143,0.5104902541390753,0.14533076314024232
53666.46029842759,38121.46129842759,-81072.6901410207,20.1055223776544,185.556,2144,0.5105816112336965,0.14553573099232636
53663.833431860876,38118.83443186087,-81075.58912153044,20.105446198523964,185.721,2145,0.5106817626654706,0.14576042973016393
53625.66496391352,38080.66596391352,-81032.33501461623,20.104339312953492,186.389,2146,0.510790385783149,0.1460041354566817
53624.35075809232,38079.35175809232,-81023.57956763079,20.10430120098468,186.398,2147,0.5109071235212922,0.14626604706347693
53622.60821388548,38077.60921388549,-81014.42958678176,20.104250667202678,186.407,2148,0.511031689726222,0.1465455225390556
53620.166637122,38075.167637121995,-81003.70128802657,20.10417986147654,186.433,2149,0.5111639381427147,0.14684223374667899
53617.700924084216,38072.70192408422,-80993.72616682107,20.10410835579844,186.46,2150,0.511303250462588,0.14715479345637297
53613.862359490915,38068.86335949092,-80984.74902567275,20.103997037425238,186.487,2151,0.5114494150035747,0.14748272673994695
53610.37068116924,38065.37168116924,-80975.88264455386,20.10389577875391,186.531,2152,0.5116014862855158,0.14782391232769362
53606.49160850277,38061.49260850277,-80967.5026719178,20.103783285646582,186.558,2153,0.5117590685232436,0.14817746224001954
53602.56658553514,38057.567585535144,-80960.34474434596,20.10366945998052,186.603,2154,0.5119217302070329,0.1485424083460765
53597.79545040001,38052.79645040001,-80953.27013173334,20.1035310970616,186.63,2155,0.5120888881053177,0.14891744211343086
53591.02491653547,38046.025916535466,-80942.09911712511,20.103334751579528,186.657,2156,0.5122596765448808,0.14930062132642133
53583.26743580147,38038.26843580147,-80933.05624365549,20.103109784638242,186.701,2157,0.5124334304422641,0.1496904538105384
53572.30145040001,38027.302450400006,-80923.02112398141,20.1027917710616,186.728,2158,0.5126095562430617,0.1500856078731295
53560.87557995466,38015.87657995467,-80914.6252761328,20.102460420818687,186.754,2159,0.5127872385009726,0.15048425398713378
53548.412082811075,38003.41308281108,-80909.07950986247,20.10209897940152,186.903,2160,0.5129655176998495,0.15088423939184262
53407.364396000004,37862.36539600001,-80988.67749253334,20.098008596484,187.594,2161,0.513143760878235,0.15128414398134163
53399.57659783487,37854.57759783487,-81001.99957204405,20.09778275033721,187.603,2162,0.5133210419367036,0.1516818899683411
53399.57659783487,37854.57759783487,-81001.99957204405,20.09778275033721,187.612,2163,0.5134963473966803,0.15207520352257603
53398.08087327273,37853.081873272735,-81010.13597738183,20.09773937432491,187.638,2164,0.5136686065750655,0.15246168247029
53393.43837658253,37848.43937658254,-81017.3100815301,20.097604741920893,187.665,2165,0.5138370655797572,0.15283963538679907
53389.115646000006,37844.11664600001,-81024.35853420002,20.097479382734,187.71,2166,0.514000707354555,0.15320678041511498
53386.44296742858,37841.44396742858,-81032.25201634287,20.09740187505543,187.737,2167,0.5141583705357767,0.1535605119314439
53383.51740570874,37838.518405708746,-81040.01454754952,20.097317033765552,187.763,2168,0.5143097299148373,0.15390010030109882
53378.318898369675,37833.31989836968,-81047.34614972134,20.09716627705272,187.808,2169,0.5144529588471413,0.15422144728276876
53374.995440776125,37829.99644077613,-81052.65371143882,20.097069896782507,187.837,2170,0.5145874731968246,0.154523242315146
53371.9240883077,37826.925088307704,-81056.52600535385,20.096980827560923,187.881,2171,0.5147125467671376,0.15480385611055889
53369.80204305883,37824.803043058826,-81061.55677952086,20.096919288248706,187.907,2172,0.5148269128491834,0.1550604466937576
53367.595323835056,37822.59632383505,-81062.8192107464,20.096855293391215,187.934,2173,0.5149301291315211,0.1552920216992742
53366.61652035234,37821.617520352345,-81061.99628355235,20.096826908090218,187.961,2174,0.5150199258859604,0.1554934887879316
53366.060646000005,37821.061646,-81063.29759670001,20.096810787734,188.142,2175,0.5150962678813624,0.15566476891550418
53198.195254800004,37653.1962548,-80863.37375280002,20.0919426913892,190.552,2176,0.5151584826066045,0.1558043532428489
53199.60996224682,37654.61096224682,-80864.06854003406,20.09198371790516,190.562,2177,0.5152058094372386,0.15591053524065923
53199.60996224682,37654.61096224682,-80864.06854003406,20.09198371790516,190.571,2178,0.5152379015348835,0.15598253674585616
53206.22839504391,37661.229395043905,-80864.11950889758,20.092175652456273,190.579,2179,0.5152538111686369,0.1560182314389876
53206.22839504391,37661.229395043905,-80864.11950889758,20.092175652456273,190.585,2180,0.5152526576268682,0.15601564336436033
53206.22839504391,37661.229395043905,-80864.11950889758,20.092175652456273,190.591,2181,0.5152343011955428,0.15597445906098134
53206.22839504391,37661.229395043905,-80864.11950889758,20.092175652456273,190.596,2182,0.5151986079555799,0.15589437806935774
53216.172004800006,37671.1730048,-80864.00975280002,20.0924640171392,190.602,2183,0.5151451096425438,0.1557743497961447
53227.636695155335,37682.63769515534,-80864.94502183555,20.092796493159504,190.624,2184,0.5150733774836332,0.15561341225102887
53238.868953253615,37693.86995325361,-80866.59952599589,20.093122228644354,190.666,2185,0.5149836420857917,0.15541208282141253
53248.69757622858,37703.69857622858,-80870.08732422859,20.093407258710627,190.71,2186,0.514875865192146,0.15517027567456246
53259.2454261198,37714.246426119804,-80874.020859399,20.093713146357473,190.719,2187,0.5147495493980331,0.15488687483841523
53269.42329051429,37724.42429051429,-80878.23875280001,20.094008304424914,190.764,2188,0.5146053585871916,0.154563369795802
53279.45219084652,37734.453190846514,-80882.17803186979,20.09429914253455,190.791,2189,0.5144436940315313,0.15420066083631492
53288.81097727707,37743.81197727707,-80886.99393628625,20.094570547341036,190.921,2190,0.5142651296673101,0.15380003563752814
53283.1653524825,37738.1663524825,-81110.5038911253,20.09440682422199,191.653,2191,0.5140703712699315,0.15336307766998813
53255.53075066667,37710.531750666676,-81111.63794560001,20.093605420769332,191.662,2192,0.5138596519926694,0.15289031003401826
53255.53075066667,37710.531750666676,-81111.63794560001,20.093605420769332,191.671,2193,0.5136339819058188,0.15238399891310095
53243.03389502363,37698.03489502364,-81108.86572512757,20.093243011955686,191.679,2194,0.5133943237504566,0.1518463043033641
53230.097904895534,37685.09890489554,-81105.54313962987,20.09286786824197,191.685,2195,0.5131414887614276,0.1512790462830882
53217.53708400001,37672.538084000014,-81103.02619560002,20.092503604436,191.727,2196,0.5128766511873485,0.15068485938457468
53206.00436248102,37661.005362481024,-81098.5654899038,20.09216915551195,191.753,2197,0.5126013510683681,0.15006719882630187
53197.10762616868,37652.10862616869,-81095.04676487712,20.091911150158893,191.798,2198,0.5123165107824995,0.14942813404623634
53187.46001503449,37642.461015034496,-81090.32608353105,20.091631369436,191.825,2199,0.5120234851661772,0.14877070474167886
53179.79663623882,37634.797636238814,-81084.9082888836,20.091409131450927,191.869,2200,0.5117239843542845,0.1480987477539303
53175.8646005563,37630.865600556295,-81081.8514157987,20.091295102416133,191.896,2201,0.5114190972878396,0.14741470622002922
53165.94927150001,37620.95027150001,-81072.66413310001,20.0910075578735,191.923,2202,0.5111104834055342,0.1467223032398144
53157.82679474381,37612.827794743804,-81063.43525138513,20.09077200604757,191.95,2203,0.5107998838519108,0.1460254452275444
53150.282965057275,37605.28396505727,-81056.39419229605,20.09055323498666,191.995,2204,0.5104886040495495,0.14532706101609694
53141.54572036365,37596.54672036365,-81047.10367287273,20.090299854890546,192.132,2205,0.5101781938220947,0.14463062777410107
52878.97798816272,37333.97898816272,-80933.06460292882,20.082685390656717,192.873,2206,0.5098704624153355,0.14394020470708258
52836.88812566849,37291.88912566849,-80952.89404301324,20.081464784644385,192.882,2207,0.5095673192873854,0.14326007585592293
52836.88812566849,37291.88912566849,-80952.89404301324,20.081464784644385,192.889,2208,0.5092699266524023,0.14259284875253408
52836.88812566849,37291.88912566849,-80952.89404301324,20.081464784644385,192.897,2209,0.5089800707516279,0.14194253098967183
52824.372163104854,37279.37316310486,-80963.04155805464,20.08110182173004,192.903,2210,0.5086994303699329,0.1413128890720671
52814.14750469509,37269.148504695084,-80975.2666382164,20.080805306636158,192.908,2211,0.508429731467769,0.1407077953471058
52804.65257075822,37259.65357075822,-80988.480298603,20.080529953551988,192.931,2212,0.5081722118593542,0.14013002696222898
52797.6529299,37252.6539299,-81003.05191357501,20.0803269639671,192.973,2213,0.5079284773406436,0.1395831866649754
52792.996663452635,37247.99766345264,-81018.94102130528,20.080191932240126,193.018,2214,0.5076998853030443,0.13907031988495644
52790.78547131567,37245.786471315674,-81033.68809486266,20.080127807668156,193.044,2215,0.507487597056897,0.13859403212628882
52792.38160177501,37247.38260177501,-81048.47097607501,20.080174095451476,193.071,2216,0.5072947505360059,0.1381613636254696
52795.6556697859,37250.656669785894,-81062.08996758175,20.08026904342379,193.098,2217,0.5071210025084554,0.1377715443108498
52801.02233878555,37256.023338785555,-81073.17821534458,20.08042467682478,193.142,2218,0.506967561308874,0.13742728518976222
52807.57077352034,37262.571773520336,-81083.99619164814,20.08061458143209,193.169,2219,0.5068352887760257,0.13713051987492747
52815.059683077976,37270.06068307797,-81091.44553513221,20.08083175980926,193.316,2220,0.5067232173966221,0.1368790776633323
52824.1413096,37279.14230960001,-81117.43961280001,20.0810951269784,194.037,2221,0.506633827418836,0.1366785232146534
52818.35898520976,37273.359985209754,-81117.8343615805,20.080927439571084,194.046,2222,0.5065676393859112,0.13653002441443957
52811.526183513044,37266.52718351304,-81115.63126932175,20.080729288321876,194.055,2223,0.5065252427759578,0.13643490380980744
52805.84506487638,37260.84606487639,-81114.97124747338,20.080564535881415,194.08,2224,0.5065072402491348,0.13639451352298534
52799.99400960001,37254.99500960001,-81115.57031280002,20.0803948552784,194.105,2225,0.5065161084259872,0.13641441007474037
52793.74863646567,37248.74963646567,-81115.7523725015,20.080213739457506,194.149,2226,0.5065483996994203,0.13648685844871838
52781.240964117074,37236.24196411707,-81252.18826800001,20.079851016959395,195.257,2236,0.5066061170220925,0.13661635244921397
52785.654441985185,37240.65544198519,-81257.32419392593,20.07997900781757,195.266,2237,0.5066890915507319,0.1368025132611733
52785.654441985185,37240.65544198519,-81257.32419392593,20.07997900781757,195.275,2238,0.5067971567217224,0.13704496718415396
52788.36315060531,37243.36415060531,-81260.65517065488,20.080057560367553,195.282,2239,0.506930035050014,0.13734309165550873
52791.43201830628,37246.433018306285,-81263.37977427617,20.08014655753088,195.288,2240,0.5070876522440267,0.1376967199954015
52795.444028584236,37250.44502858423,-81266.56150451454,20.080262905828942,195.331,2241,0.507269858496354,0.1381055160974521
52802.0628568,37257.0638568,-81273.017468,20.0804548518472,195.358,2242,0.50747558953737,0.13856709217710902
52805.85372031932,37260.854720319316,-81277.97140104722,20.08056478688926,195.403,2243,0.5077045485411043,0.13908078227863108
52811.6492568,37266.6502568,-81285.11712514288,20.0807328574472,195.43,2244,0.5079562088131582,0.1396454047158012
52816.27533609516,37271.276336095165,-81293.55641777975,20.08086701374676,195.457,2245,0.5082296964570716,0.14025899882337348
52821.021645463974,37276.02264546398,-81303.76749876924,20.081004656718456,195.502,2246,0.5085238135617333,0.14091887698011288
52825.97444198519,37280.975441985196,-81313.47456429631,20.08114828781757,195.526,2247,0.5088378811208001,0.14162351577426624
52829.626756800004,37284.62775680001,-81326.03667709092,20.0812542049472,195.549,2248,0.5091711350320253,0.1423712008737726
52833.30026894575,37288.301268945754,-81340.00142589475,20.081360736799425,195.592,2249,0.5095222963788328,0.14315906291435704
52834.544118460086,37289.54511846008,-81354.23415732807,20.081396808435343,195.741,2250,0.5098899877799722,0.1439840116173979
52676.42489805934,37131.425898059344,-81513.68438473494,20.07681135104372,196.48,2251,0.510273227778528,0.1448438449961018
52667.298633833016,37122.29963383301,-81514.35038139031,20.076546689381157,196.489,2252,0.5106704153807645,0.14573497107714045
52667.298633833016,37122.29963383301,-81514.35038139031,20.076546689381157,196.498,2253,0.5110802905828347,0.14665456292864593
52663.63540857248,37118.63640857248,-81513.70371531745,20.0764404558486,196.505,2254,0.5115013896994646,0.14759933664116429
52659.25278807888,37114.25378807887,-81514.43064256903,20.076313359854286,196.511,2255,0.51193220978494,0.1485659202209153
52657.49945336471,37112.500453364715,-81516.42555557648,20.076262513147576,196.553,2256,0.5123711213399065,0.1495506577396532
52655.11504160001,37110.116041600006,-81517.69928106667,20.0761933652064,196.579,2257,0.5128166274953566,0.15055019083723584
52651.61028389075,37106.61128389076,-81519.7273280564,20.076091727232832,196.623,2258,0.5132671517509545,0.1515609824934788
52647.96336695886,37102.964366958855,-81522.31146607465,20.075985966641806,196.649,2259,0.5137211013795635,0.15257945928191194
52634.84879160001,37089.849791600005,-81528.40636440001,20.0756056439564,196.723,2261,0.5141767239559364,0.15360168947900185
52615.96268865883,37070.96368865883,-81545.12761440001,20.075057946971107,196.96,2265,0.5146323873718421,0.15462401130325404
52609.0761672,37064.0771672,-81569.59908960001,20.0748582378488,197.672,2266,0.5150865083997559,0.15564287264143112
52609.77392582069,37064.77492582069,-81568.47641718622,20.0748784728488,197.682,2267,0.5155372134975157,0.15665407003331666
52609.131272463164,37064.13227246316,-81567.62422117895,20.07485983590143,197.689,2268,0.5159827778695658,0.15765373374507333
52608.589567200004,37063.59056720001,-81568.0063896,20.0748441264488,197.714,2269,0.5164217248933684,0.1586385508413326
52607.41954708827,37062.42054708827,-81566.67857284023,20.07481019586556,197.739,2270,0.5168521592915138,0.15960426909689696
52607.56774474011,37062.568744740114,-81564.68522596365,20.074814493597465,197.783,2271,0.5172724974257288,0.1605473354769775
52605.75688148572,37060.757881485726,-81564.34158960001,20.074761978563085,197.81,2272,0.5176813951078274,0.16146473417457674
52604.360397969234,37059.36139796923,-81563.31005113847,20.074721480541108,197.837,2273,0.5180772455596971,0.16235286023859727
52602.9364797,37057.937479700005,-81559.50502710001,20.0746801869113,197.883,2274,0.5184585251202443,0.16320829519844324
52601.99761881291,37056.99861881291,-81554.87126701936,20.074652959945574,197.91,2275,0.5188236950363874,0.16402758672328807
52605.539971027756,37060.54097102776,-81552.0249388823,20.074755688159804,197.954,2276,0.5191714923293698,0.16480790120678676
52610.52331379686,37065.524313796865,-81547.5855686576,20.07490020510011,197.981,2277,0.5195006574559533,0.16554641275048876
52616.214436430775,37071.21543643078,-81542.17043575385,20.075065247656493,198.006,2278,0.5198101982175207,0.16624089526762698
52620.32553339719,37075.326533397194,-81539.6325755155,20.075184469468518,198.032,2279,0.5200987335925822,0.16688825031237592
52625.85408177287,37080.85508177287,-81537.6599815598,20.075344797371415,198.186,2280,0.5203650749276606,0.16748581103383495
52580.13776880001,37035.13876880001,-81495.02379660001,20.0740190242952,198.818,2281,0.52060867804492,0.16803235652012347
52575.78246545273,37030.783465452725,-81474.8402374996,20.07389272049813,198.826,2282,0.5208284498734996,0.16852543436853096
52575.78246545273,37030.783465452725,-81474.8402374996,20.07389272049813,198.835,2283,0.521023680631738,0.16896345212011113
52570.24129289639,37025.24229289639,-81463.65791557591,20.073732026493996,198.842,2284,0.5211942844673091,0.16934621715745515
52565.9233938,37020.9243938,-81457.40214218825,20.0736068074202,198.848,2285,0.521339344659296,0.16967167273479974
52556.76639556057,37011.76739556057,-81450.43780188171,20.073341254471256,198.889,2286,0.5214584769610439,0.16993895676024243
52616.67518683279,37071.67618683279,-81496.92089700986,20.07507860941815,198.915,2287,0.5215512003321954,0.17014698997651018
52612.49286536653,37067.49386536653,-81492.31841301633,20.074957322095628,198.959,2288,0.5216173339198694,0.17029536662391095
52610.269148110354,37065.27014811036,-81488.71157677243,20.074892834295202,198.986,2289,0.5216569494786272,0.17038424769025132
52611.08988418462,37066.090884184625,-81489.89596006155,20.074916635641355,199.031,2290,0.5216701048768516,0.17041376300844915
52615.71163243637,37070.71263243636,-81495.68260341819,20.075050666340655,199.058,2291,0.5216566710041701,0.1703836229077803
52624.34762174118,37079.348621741185,-81502.57089218825,20.075301110030495,199.085,2292,0.5216170681948332,0.1702947704459114
52635.84404577842,37090.84504577842,-81512.88729929786,20.075634506327575,199.112,2293,0.5215515078538387,0.1701476799289542
52654.698479502345,37109.69947950235,-81521.92903698463,20.07618128490557,199.157,2294,0.5214604627051379,0.16994341195557708
52677.106043707754,37132.10704370776,-81526.39608211661,20.076831104267526,199.293,2295,0.5213443574551145,0.1696829193927208
52750.03267588025,37205.033675880244,-81293.60641527666,20.078945976600526,199.907,2296,0.5212039679234416,0.1693679428615448
52745.591027214956,37200.59202721495,-81279.40837509534,20.078817168789232,199.916,2297,0.5210398333810905,0.16899969226493805
52742.16973766173,37197.17073766173,-81265.4726541935,20.07871795139219,199.925,2298,0.5208525952318738,0.1685796066499971
52738.36477816217,37193.36577816217,-81249.6510373838,20.078607607566703,199.949,2299,0.5206432996587023,0.16811003322210344
52736.89667005406,37191.897670054066,-81232.74130765407,20.07856503243157,199.973,2300,0.5204125362887216,0.16759229486274835
52737.602616000004,37192.60361600001,-81213.35186898462,20.078585504864,200.015,2301,0.5201611842404152,0.16702836395325601
52739.297287532856,37194.29828753286,-81198.385793746,20.078634650338454,200.041,2302,0.5198899796239909,0.16641989202303212
52743.2798723177,37198.2808723177,-81182.09245215598,20.078750145297214,200.086,2303,0.5195999093113642,0.16576909320791022
52743.13079781819,37198.13179781819,-81173.2191854182,20.078745822136728,200.113,2304,0.5192920628908275,0.16507841209714558
52755.541869112036,37210.54286911203,-81156.7819423967,20.07910574320425,200.158,2305,0.5189668897279708,0.16434885688282413
52771.78609057628,37226.78709057628,-81134.7647959729,20.079576825626713,200.212,2307,0.5186254979325221,0.1635829137087072
52780.68821600001,37235.68921600001,-81125.57925360001,20.079834987264,200.238,2308,0.5182690874502244,0.16278327476090854
52791.73725714833,37246.73825714833,-81119.53165551389,20.0801554094573,200.265,2309,0.5178985398205479,0.16195191785245414
52801.515985565224,37256.51698556522,-81114.74964490437,20.080438992581392,200.454,2310,0.5175144806377829,0.1610902465603566
53074.6301462919,37529.6311462919,-81116.2827784865,20.088359303242466,201.219,2311,0.5171179974858088,0.16020070097679076
53090.03048147424,37545.031481474245,-81115.94170684717,20.088805912962755,201.225,2312,0.5167100573349944,0.15928545058668153
53103.72250440001,37558.72350440001,-81113.46304200002,20.0892029816276,201.23,2313,0.5162911999776753,0.1583457064626447
53117.20877343115,37572.209773431154,-81111.60459649828,20.089594083429503,201.252,2314,0.5158622352860441,0.1573832856257285
53134.07891555703,37589.07991555703,-81109.72092009918,20.090083317551155,201.297,2315,0.5154239840754429,0.15640002964891933
53148.10498425783,37603.105984257825,-81104.66700290049,20.090490073543478,201.322,2316,0.5149771333865765,0.1553974799697835
53160.909023630775,37615.91002363077,-81097.17783046154,20.09086139068529,201.367,2317,0.5145224880995781,0.15437744240923476
53175.3327807158,37630.333780715795,-81089.77587094739,20.091279679640756,201.394,2318,0.514060666701656,0.15334130459890824
53187.6676001944,37642.6686001944,-81080.59956302805,20.091637389405637,201.439,2319,0.5135923119952724,0.15229050872389743
53198.53610300559,37653.53710300558,-81068.62266650201,20.09195257598716,201.466,2320,0.5131178924426122,0.15122610582121443
53208.033879400005,37663.0348794,-81054.053167,20.0922280115026,201.51,2321,0.5126382263483844,0.15014993183101571
53216.5734268138,37671.57442681379,-81039.94318855174,20.0924756583776,201.519,2322,0.5121535247558424,0.14906246024780667
53220.70472498824,37675.705724988235,-81025.31982141177,20.092595466024658,201.562,2323,0.5116643230787389,0.14796489232045926
53222.60313812093,37677.604138120936,-81010.9609431628,20.092650520005506,201.588,2324,0.5111710527835893,0.14685819608287712
53221.269358500955,37676.27035850096,-81002.08058222083,20.09261184039653,201.735,2325,0.510674596147015,0.14574435100195077
53252.69230725312,37707.693307253125,-80957.16613592366,20.09352310591034,202.47,2326,0.5101749834512956,0.14462342501869593
53254.34431075863,37709.345310758625,-80953.98656946208,20.093571014012,202.48,2327,0.5096725979594947,0.1434962780182398
53258.159588869574,37713.16058886958,-80951.01716316523,20.09368165707722,202.49,2328,0.5091680226429349,0.14236421794913667
53258.866445647065,37713.86744564706,-80946.88682301178,20.093702155923765,202.515,2329,0.5086617182387884,0.1412282785166388
53293.618679351355,37748.61967935135,-80872.82342873515,20.09470997070119,202.539,2330,0.5081539953368169,0.1400891565567898
53291.6346252973,37746.635625297306,-80858.7647800865,20.09465243313362,202.585,2331,0.5076452056204496,0.13894764110296845
53290.59060233629,37745.591602336295,-80851.49112545841,20.094622156467754,202.61,2332,0.5071357530292881,0.13780463842997379
53290.14549533068,37745.146495330686,-80846.27578363985,20.09460924836459,202.637,2333,0.5066259636090775,0.13666088005073626
53272.76482800001,37727.765828,-80924.91579360001,20.094105209012,202.682,2334,0.5061161915606296,0.13551716064660957
53274.14674660466,37729.14774660466,-80920.91131685583,20.094145284651535,202.71,2335,0.5056068088088087,0.1343743146644519
53274.632055272734,37729.63305527273,-80913.7722936,20.09415935860291,202.765,2337,0.5050981964072907,0.13323319703243044
53275.5860026988,37730.5870026988,-80909.96901649158,20.094187023078266,202.808,2338,0.5045907108654825,0.13209460761143924
53276.085828,37731.086828,-80907.8292936,20.094201518012,202.836,2339,0.5040844340178211,0.1309587300043924
53285.77304228572,37740.77404228572,-80811.65400788572,20.094482447226287,202.984,2340,0.5035800479685403,0.12982709457343916
53244.8428084683,37699.8438084683,-80782.05167139514,20.093295470445582,203.689,2341,0.5030776439474863,0.12869990600093867
53249.98460570603,37704.985605706024,-80757.27090618796,20.093444582565475,203.697,2342,0.5025775336224444,0.12757786354157655
53249.98460570603,37704.985605706024,-80757.27090618796,20.093444582565475,203.704,2343,0.5020795178273633,0.12646052034841782
53254.76444978824,37709.76544978825,-80745.22162526335,20.09358319804386,203.71,2344,0.501584305706341,0.12534946744997766
53260.67895746088,37715.679957460874,-80734.07209398261,20.093754718766366,203.735,2345,0.5010920039010444,0.12424494410641905
53267.337979200005,37722.33897920001,-80723.7697842,20.0939478303968,203.761,2346,0.5006026068643993,0.12314693787238315
53274.395873936846,37729.39687393684,-80714.14836972633,20.09415250934417,203.788,2347,0.500116360573381,0.12205600061931993
53282.86252465455,37737.863524654545,-80706.36779556365,20.094398042214983,203.833,2348,0.49963332484724404,0.1209722665571026
53292.0256715077,37747.0266715077,-80699.03492843077,20.094663773473723,203.86,2349,0.4991534670002112,0.11989566235225278
53299.609579200005,37754.6105792,-80691.39135920002,20.0948837067968,203.887,2350,0.49867677925507475,0.11882617055590604
53306.75568829091,37761.756688290916,-80685.11783192729,20.095090943960436,203.932,2351,0.49820319965667503,0.11776365216609358
53317.97564910292,37772.976649102915,-80681.73415920002,20.095416322823986,203.959,2352,0.49773257424712386,0.11670776176445707
53327.84024724124,37782.841247241246,-80676.72663342682,20.095702396169997,203.985,2353,0.497264690809829,0.1156580232239998
53337.02494418055,37792.025944180554,-80671.48991795487,20.095968752381236,204.012,2354,0.49679912673283655,0.11461348837682295
53346.4434792,37801.4444792,-80668.0271592,20.0962418898968,204.168,2355,0.49633567729869166,0.11357369792091843
53487.80239483818,37942.80339483818,-80737.51682531452,20.100341298450306,206.463,2356,0.49587419016996503,0.11253831007357303
53498.68803080145,37953.689030801455,-80756.03171154369,20.10065698189324,206.473,2357,0.4954140073761973,0.11150584861892901
53498.68803080145,37953.689030801455,-80756.03171154369,20.10065698189324,206.482,2358,0.49495479935702885,0.11047557415870196
53502.31947776471,37957.320477764704,-80762.63594174119,20.100762293855176,206.489,2359,0.4944959159400253,0.10944602797260394
53502.31947776471,37957.320477764704,-80762.63594174119,20.100762293855176,206.495,2360,0.4940368463895924,0.10841606417942933
53504.022516000005,37959.023516,-80768.3229888,20.100811681964,206.501,2361,0.4935770110464651,0.10738438226152276
53505.69622374908,37960.697223749085,-80770.88952975941,20.100860219488723,206.525,2362,0.49311612514562647,0.10635034332297665
53506.484032981134,37961.48503298113,-80775.90272087547,20.100883065956452,206.566,2363,0.49265349353538546,0.10531238772849866
53506.690505189195,37961.6915051892,-80779.64007528649,20.100889053650487,206.592,2364,0.4921880452651725,0.1042681127042392
53507.572566,37962.57356600001,-80784.2579638,20.100914633414,206.637,2365,0.4917190462012922,0.10321587115527565
53507.32714124272,37962.32814124272,-80790.73300627574,20.10090751609604,206.665,2366,0.49124630254985674,0.10215522828760443
53507.97460547369,37962.97560547369,-80795.84089143158,20.100926292558736,206.692,2367,0.49076884733783244,0.10108401461032215
53508.16306357282,37963.164063572825,-80799.05553054757,20.10093175784361,206.718,2368,0.4902864390766589,0.10000168832214096
53507.98054180646,37962.98154180645,-80802.6075888,20.100926464712387,206.762,2369,0.48979839548190407,0.09890671865662018
53507.91432570874,37962.915325708746,-80804.04252083885,20.100924544445554,206.905,2370,0.489304195648738,0.09779793691696005
53571.86995183256,38026.87095183256,-80831.8582331721,20.102779257603146,207.574,2371,0.4888034124465943,0.09667438479734838
53577.85113924706,38032.85213924706,-80830.70874480001,20.102952712038164,207.583,2372,0.4882955799277501,0.09553501690219394
53581.475545205154,38036.47654520515,-80828.72302806181,20.10305781981095,207.592,2373,0.4877804550336541,0.09437928790779325
53587.20077160001,38042.20177160001,-80827.20699480001,20.1032238513764,207.619,2374,0.48725761608728213,0.09320625174384627
53589.5655022867,38044.5665022867,-80826.4950452292,20.103292428566313,207.645,2375,0.486726737636645,0.09201517822956658
53592.82550808649,38047.826508086495,-80825.86285290812,20.103386968734508,207.672,2376,0.48618791776463155,0.09080628742273025
53594.74735493334,38049.74835493334,-80824.82641146668,20.103442702293066,207.717,2377,0.48564128474594814,0.08957986711916897
53596.80379224221,38051.80479224221,-80824.66768057982,20.103502338975023,207.744,2378,0.485087169421247,0.08833665958961888
53600.27076073044,38055.27176073044,-80824.61691871306,20.10360288106118,207.789,2379,0.48452615904378976,0.08707798238954902
53603.58658916757,38058.58758916757,-80822.70150155676,20.10369904008586,207.816,2380,0.4839584534623796,0.08580428389770994
53606.856632219475,38061.85763221947,-80820.23067400354,20.103793871334364,207.86,2381,0.4833844522426447,0.08451646057549764
53608.67238793664,38063.67338793664,-80819.22028935446,20.103846528250163,207.87,2382,0.4828051665956494,0.0832167811658129
53609.205021600006,38064.20602160001,-80817.13074480002,20.1038619746264,207.914,2383,0.48222153422964026,0.08190734950137897
53610.08409697689,38065.085096976894,-80815.85087545328,20.10388746781233,207.94,2384,0.4816335815046779,0.08058822472336102
53611.309320107466,38066.31032010747,-80814.45161047165,20.103922999283117,208.088,2385,0.48104353421201895,0.07926440059447612
53597.98041490909,38052.981414909096,-80806.32011912728,20.103536461032363,208.722,2386,0.4804521811825461,0.07793764692770212
53606.124622642536,38061.12562264253,-80808.41282830045,20.103772643056633,208.731,2387,0.47986042547164226,0.07660998980894844
53606.124622642536,38061.12562264253,-80808.41282830045,20.103772643056633,208.74,2388,0.47926991152335485,0.07528511869622252
53611.650324,38066.651324000006,-80809.7968464,20.103932888396,208.766,2389,0.4786820584272436,0.07396621744448573
53618.31231452133,38073.313314521336,-80809.85832507299,20.10412608612112,208.79,2390,0.4781001345641959,0.07266061895998982
53623.50445244037,38078.50545244037,-80809.42902988625,20.10427665812077,208.833,2391,0.4775244332125901,0.07136898123913345
53627.689704530974,38082.69070453098,-80809.42176675398,20.104398030431398,208.86,2392,0.4769566329663989,0.0700950703583506
53631.7180163077,38086.7190163077,-80808.52721178462,20.104514851472924,208.904,2393,0.47639859681849583,0.06884306610958088
53634.870324,38089.87132400001,-80805.2008464,20.104606268396,208.913,2394,0.4758520362845289,0.06761680843199519
53637.991169070425,38092.99216907042,-80804.23560696338,20.104696772903043,208.985,2395,0.4753188255760727,0.06642050228769748
53642.41217765854,38097.41317765854,-80803.44474883903,20.1048249821521,209.011,2396,0.47480070348270037,0.06525804880736077
53642.936324,38097.937324,-80800.48084640001,20.104840182396,209.02,2397,0.4742994815724971,0.06413351240679051
53646.70486945455,38101.705869454556,-80800.54702821818,20.104949470214184,209.064,2398,0.4738169400230212,0.06305088707432434
53647.89211504478,38102.893115044775,-80799.14854789255,20.104983900336297,209.091,2399,0.4733545536253443,0.06201348163627124
53649.290662983054,38104.29166298306,-80798.63664301018,20.10502445822651,209.276,2400,0.4729144600931713,0.06102609224544563
53671.448863911566,38126.44986391156,-80765.8560405588,20.105667046053433,209.936,2401,0.4724979583826743,0.060091633226757306
53674.91174813466,38129.912748134666,-80760.87945117625,20.105767469695905,209.945,2402,0.4721065333658567,0.059213436023992
53674.91174813466,38129.912748134666,-80760.87945117625,20.105767469695905,209.952,2403,0.47174171606227405,0.058394935617116034
53677.40340160001,38132.40440160001,-80756.55968880001,20.1058397276464,209.958,2404,0.4714046116001484,0.057638611460613796
53678.63671410001,38133.63771410001,-80753.89006380002,20.1058754937089,209.982,2405,0.4710961876014889,0.056946634501423496
53680.235440061544,38135.23644006155,-80751.38722726156,20.105921856761785,210.005,2406,0.47081718091790803,0.05632065793235884
53682.065130881776,38137.06613088178,-80749.77541255692,20.10597491779557,210.05,2407,0.4705682579929266,0.055762176979352464
53685.22084604445,38140.22184604446,-80746.31013324446,20.10606643353529,210.076,2408,0.47035030451734705,0.05527317876931689
53686.9514016,38141.95240160001,-80742.02506380001,20.1061166196464,210.103,2409,0.470163327182564,0.054853678314997385
53687.92494528933,38142.92594528933,-80739.48403831458,20.10614485241339,210.147,2410,0.4700074192891474,0.05450388494460771
53691.06040160001,38146.0614016,-80738.75868880001,20.1062357806464,210.174,2411,0.4698826976478335,0.05422406073353233
53693.42881539311,38148.429815393116,-80734.9832750069,20.1063044646464,210.201,2412,0.46978876276098425,0.05401330937291719
53695.543228523085,38150.54422852308,-80732.47511187693,20.10636578262717,210.246,2413,0.46972474440850287,0.05386967844576829
53698.47474356892,38153.475743568924,-80731.331181028,20.1064507965635,210.273,2414,0.4696903623107816,0.05379253911959666
53701.27161436596,38156.27261436597,-80728.68866752341,20.106531905816613,210.415,2415,0.46968454267079357,0.05377948223426997
53774.69109692903,38229.69209692904,-80695.96202941936,20.108661070810943,211.122,2416,0.4697061115691629,0.053827873996167806
53792.27021716364,38247.27121716364,-80696.26871563637,20.109170865297745,211.131,2417,0.4697542402064665,0.05393585491929977
53792.27021716364,38247.27121716364,-80696.26871563637,20.109170865297745,211.14,2418,0.4698272489046212,0.054099656494932986
53799.71028450371,38254.711284503705,-80697.78864829631,20.109386627250608,211.148,2419,0.4699231854380995,0.05431489872964926
53799.71028450371,38254.711284503705,-80697.78864829631,20.109386627250608,211.154,2420,0.4700404100542291,0.05457790269096272
53806.097830800005,38261.09883080001,-80698.40672700001,20.1095718660932,211.159,2421,0.4701773950316371,0.054885240798676536
53814.030125103796,38269.03112510379,-80700.08095959494,20.10980190262801,211.184,2422,0.4703315454886304,0.055231091202509026
53821.24363962353,38276.24463962353,-80702.71646964707,20.110011094549083,211.228,2423,0.4705006455225552,0.055610482325712356
53826.72945036522,38281.73045036523,-80705.7031346087,20.110170183060593,211.255,2424,0.4706826644129141,0.05601885806434871
53832.333129472565,38287.33412947257,-80708.1259803186,20.110332689754706,211.3,2425,0.4708753066136079,0.05645106815444279
53840.83543325902,38295.83643325901,-80715.45982740984,20.110579256564513,211.327,2426,0.4710759195241881,0.056901161248498255
53843.6351808,38298.63618080001,-80718.13495200001,20.1106604492432,211.355,2427,0.4712820117042018,0.0573635475759521
53846.45974805979,38301.46074805979,-80721.03918474022,20.110742361693735,211.381,2428,0.47149133045488756,0.05783317300468195
53847.02260968087,38302.023609680866,-80721.08585380507,20.110758684680746,211.426,2429,0.4717014139459776,0.05830451419723635
53847.85502845343,38302.85602845343,-80723.01451806499,20.11078282482515,211.565,2430,0.4719098367809366,0.058772129558516975
53904.85420618379,38359.85520618378,-80777.20491372974,20.11243580097933,212.247,2431,0.4721143298471855,0.059230928130526335
53906.6366724,38361.6376724,-80785.29580900002,20.1124874924996,212.256,2432,0.47231119589341547,0.05967261479767975
53906.6366724,38361.6376724,-80785.29580900002,20.1124874924996,212.264,2433,0.472499878785785,0.06009594182372362
53906.43419862378,38361.435198623774,-80787.29469448952,20.11248162076009,212.27,2434,0.4726782120539289,0.060496048537692214
53907.582671534954,38362.58367153496,-80788.9412739654,20.112514926474514,212.293,2435,0.4728442237805176,0.0608685107658394
53907.443445655816,38362.44444565581,-80792.00123051164,20.112510888924017,212.335,2436,0.47299765520428233,0.06121274795400377
53907.12723595933,38362.12823595933,-80794.4190484068,20.11250171884282,212.361,2437,0.47313487270760535,0.06152060775450514
53906.89352366583,38361.89452366583,-80798.72910805064,20.11249494118631,212.388,2438,0.4732546316680539,0.061789297745060937
53906.97706174427,38361.978061744274,-80793.28305285246,20.112497363790585,212.432,2439,0.473355750160893,0.06201616617130791
53905.62102642685,38360.62202642685,-80799.88484842954,20.112458038766377,212.459,2440,0.47343698742805546,0.062198429281015134
53904.68911805218,38359.69011805218,-80803.58866226088,20.112431013423514,212.504,2441,0.47349574815697315,0.062330264257194026
53903.88631025047,38358.88731025047,-80804.94826811216,20.112407731997262,212.531,2442,0.47353512935255554,0.06241861950868814
53904.684361793945,38359.68536179395,-80802.99215369698,20.112430875492024,212.558,2443,0.47355269480216233,0.06245802917349551
53903.379132077425,38358.38013207742,-80804.0093775484,20.112393023830244,212.585,2444,0.47354844610250646,0.06244849683398509
53903.671817748844,38358.67281774884,-80804.88169562792,20.112401511714715,212.735,2445,0.473522505142623,0.06239029595916131
53901.90070877881,38356.90170877881,-80766.78217044238,20.112350149554587,213.394,2446,0.4734753523315284,0.06228450438982705
53894.96313296843,38349.964132968424,-80754.7319931158,20.112148959856086,213.403,2447,0.4734071315196546,0.062131444867354405
53894.96313296843,38349.964132968424,-80754.7319931158,20.112148959856086,213.412,2448,0.47331900089687146,0.061933715894803405
53891.76235633171,38346.76335633171,-80750.32350948293,20.11205613733362,213.419,2449,0.47321194410897993,0.06169352436992909
53887.8560606,38342.8570606,-80743.3689668,20.1119428547574,213.426,2450,0.47308694925632255,0.061413087184650966
53884.702095299006,38339.703095299,-80738.33742415786,20.11185138976367,213.467,2451,0.47294510773121823,0.0610948529757204
53879.61280183617,38334.61380183617,-80731.53396218746,20.11170380025325,213.493,2452,0.47278810045618336,0.06074259304386817
53875.04427585271,38330.04527585271,-80727.2846030816,20.11157131299973,213.538,2453,0.4726178522568229,0.06036062590832391
53867.705685600005,38322.7066856,-80720.0712168,20.1113584938824,213.565,2454,0.47243624610945134,0.05995317619567305
53862.4852765091,38317.486276509095,-80716.13085316365,20.111207102018763,213.609,2455,0.4722447951929111,0.05952363885863867
53859.16414560001,38314.16514560001,-80716.6742568,20.1111107892224,213.636,2456,0.4720459878962689,0.05907759682172436
53851.457769290995,38306.458769291,-80712.77186916053,20.11088730430944,213.663,2457,0.4718421544624696,0.05862027819439702
53847.224611608974,38302.22561160897,-80710.13925267445,20.11076454273666,213.69,2458,0.47163530790693897,0.058156199357674986
53842.80107239246,38297.80207239246,-80708.92616019624,20.11063626009938,213.735,2459,0.4714280566547811,0.05769121254769942
53838.59326326991,38293.594263269915,-80708.96609058641,20.110514233634827,213.873,2460,0.47122276570656413,0.057230623855788615
53794.54265980541,38249.54365980541,-80671.21434032434,20.109236766134355,214.549,2462,0.47102195670856073,0.05678009082197676
53792.96306572076,38247.964065720764,-80662.30650656605,20.109190957905902,214.557,2463,0.47082797601993154,0.05634487771390906
53790.81325440001,38245.814254400015,-80652.03287314287,20.1091286133776,214.583,2464,0.47064322450172713,0.05593037107911888
53786.34310805854,38241.34410805855,-80646.35704039026,20.1089989791337,214.61,2465,0.47047012568161395,0.05554200831972936
53783.31630008529,38238.317300085284,-80639.92319366499,20.108911201702472,214.654,2466,0.47031096616866275,0.055184919648689296
53781.03078864658,38236.03178864658,-80631.73828997262,20.10884492187075,214.681,2467,0.4701679293814921,0.054864003761894216
53778.03908773334,38233.040087733345,-80626.35468266669,20.108758162544266,214.706,2468,0.47004328647634774,0.05458435620249123
53775.60971373015,38230.610713730144,-80619.15227437322,20.108687710698174,214.75,2469,0.469938956013143,0.054350281432067694
53771.05959103367,38226.060591033674,-80611.66276847526,20.10855575713998,214.776,2470,0.46985684595103555,0.05416606012846294
53766.59948695815,38221.60048695815,-80604.38238809304,20.108426414121787,214.819,2471,0.4697988023679642,0.054035834133440465
53759.85470601291,38214.85570601291,-80596.35196761292,20.108230815474375,214.845,2472,0.4697663694962992,0.0539630680711039
53752.822797968474,38207.82379796848,-80591.60282927802,20.108026890141087,214.871,2473,0.4697608234335783,0.0539506249809625
53745.37742762835,38200.378427628355,-80585.55423647245,20.10781097440122,214.915,2474,0.46978355077635525,0.054001615816998735
53737.249865970254,38192.25086597026,-80580.15776806613,20.10757527511314,215.054,2475,0.46983551847501337,0.05411821001929771
53715.41538562656,38170.416385626566,-80421.66465047303,20.10694207518317,215.771,2476,0.4699172460754065,0.05430157323567443
53728.61005389474,38183.61105389474,-80408.41706715789,20.107324720562946,215.78,2477,0.4700294428876846,0.05455329686719621
53728.61005389474,38183.61105389474,-80408.41706715789,20.107324720562946,215.788,2478,0.4701726614463452,0.054874620574664794
53733.979530146345,38188.98053014635,-80400.66556009756,20.107480435374246,215.796,2479,0.47034655641749185,0.05526476957044838
53741.653422315794,38196.6544223158,-80394.96254084211,20.107702978247158,215.802,2480,0.47055129169034904,0.05572411155475073
53750.41761703005,38205.41861703005,-80390.85140915021,20.10795713989387,215.844,2481,0.47078667148575365,0.05625220727942467
53758.61703393104,38213.61803393104,-80385.60090744827,20.108194922984,215.87,2482,0.47105208469157694,0.056847685659488466
53767.723022582286,38222.72402258229,-80381.92679134177,20.108458996654885,215.914,2483,0.4713467828516365,0.05750886746623279
53774.46424735136,38229.465247351356,-80379.01320940541,20.10865449217319,215.941,2484,0.47167004528601747,0.058234135789500825
53783.25741212904,38238.25841212904,-80377.74457819355,20.108909493951742,215.986,2485,0.4720206107746699,0.05902066096876414
53792.1830281586,38247.184028158605,-80376.49194496917,20.109168336816598,216.013,2486,0.47239724804169597,0.05986568052589072
53798.3830684138,38253.3840684138,-80375.58297641379,20.109348137984,216.04,2487,0.47279850617203706,0.06076593920255211
53804.672985686106,38259.67398568611,-80376.41901476233,20.109530545584896,216.066,2488,0.47322225460367406,0.061716656891383975
53810.24549215385,38265.24649215385,-80376.70511169231,20.10969214827246,216.111,2489,0.47366717203667197,0.0627148691372363
53818.365866711305,38273.36686671131,-80377.96663245189,20.10992763913463,216.249,2490,0.47413162385923074,0.06375690854163245
53915.68711997648,38370.688119976476,-80424.82886378825,20.112749955479316,217.005,2491,0.47461337167366857,0.06483775305820749
53922.219595466675,38377.22059546667,-80432.33680986668,20.112939397268534,217.014,2492,0.4751103294325452,0.06595272245205529
53922.219595466675,38377.22059546667,-80432.33680986668,20.112939397268534,217.023,2493,0.4756203956871767,0.06709710193419517
53926.430942498635,38381.43194249863,-80436.90908840549,20.11306152633246,217.03,2494,0.47614126101641185,0.06826571011072599
53930.017706957005,38385.01870695701,-80442.06730360957,20.113165542501754,217.036,2495,0.47667068782653066,0.0694535267390432
53932.542617381325,38387.54361738132,-80446.85624700625,20.113238764904057,217.077,2496,0.4772061500371846,0.07065488433086502
53936.22234056472,38391.22334056471,-80452.89901517233,20.113345476876376,217.123,2497,0.47774541162263473,0.07186476616149359
53938.50118966957,38393.50218966957,-80456.68179537392,20.113411563500417,217.133,2498,0.4782863604347431,0.07307843343676168
53941.35545587582,38396.35645587582,-80462.71249699063,20.1134943372204,217.177,2499,0.47882674974670475,0.07429084542316809
53942.85355380001,38397.8545538,-80467.790752575,20.1135377820602,217.223,2500,0.4793640526702858,0.07549633281986759
53945.46023255427,38400.46123255427,-80480.2414333024,20.113613375744073,217.272,2502,0.4798962274008102,0.07669031465457159
53946.445428800005,38401.4464288,-80485.2705182,20.1136419464352,217.317,2503,0.4804216790864208,0.07786921273380844
53947.886774953855,38402.88777495385,-80496.61691243078,20.11368374547366,217.484,2505,0.4809378651869117,0.0790273226401271
53926.16415356337,38381.16515356337,-80625.86428669924,20.11305378945334,218.191,2506,0.4814431749217359,0.08016103044260893
53932.89604003405,38387.89704003405,-80646.91763938725,20.11324901416099,218.2,2507,0.48193615077567675,0.0812670660748778
53932.89604003405,38387.89704003405,-80646.91763938725,20.11324901416099,218.208,2508,0.48241538823525765,0.08234227838472465
53937.34108886558,38392.34208886558,-80657.86344074755,20.1133779205771,218.214,2509,0.4828791624229812,0.08338279745446858
53943.38430543159,38398.385305431584,-80667.75141486316,20.113553173857515,218.238,2510,0.4833259538030703,0.0843852140690325
53949.303091240115,38404.30409124012,-80674.73114246909,20.113724818645963,218.281,2511,0.48375535163368366,0.08534860669218172
53956.774210546486,38411.77521054649,-80683.31012650141,20.113941481105847,218.308,2512,0.4841663878386341,0.08627080335798894
53964.32125280001,38419.322252800004,-80692.8193096,20.1141603453312,218.335,2513,0.48455819244369946,0.0871498522011019
53971.53483078166,38426.535830781664,-80700.08433712294,20.114369539092667,218.379,2514,0.4849304952618812,0.0879851470327074
53980.180840428875,38435.18184042888,-80705.67522712579,20.114620273372438,218.406,2515,0.4852830666904797,0.08877617271851447
53987.78173061571,38442.78273061571,-80710.68011506076,20.114840699187855,218.433,2516,0.48561568657414805,0.08952243532021673
53993.91191456471,38448.91291456472,-80713.09425077648,20.115018474522376,218.46,2517,0.4859283001294004,0.09022381192614039
54000.14756049232,38455.14856049232,-80715.9033096,20.115199308254276,218.505,2518,0.4862213791529927,0.09088136105470786
54004.87680835556,38459.877808355566,-80715.71353182223,20.11533645644231,218.532,2519,0.48649540765143934,0.09149616861803221
54009.88348356924,38464.88448356924,-80716.13107883077,20.115481650023508,218.678,2520,0.486751023374113,0.09206966546414583
54100.262701894746,38555.26370189474,-80704.36944884212,20.11810264735495,219.438,2521,0.4869889347834482,0.09260344109219018
54098.74930009757,38553.75030009757,-80704.23007785367,20.11805875870283,219.447,2522,0.48721012269011355,0.09309969603904646
54098.74930009757,38553.75030009757,-80704.23007785367,20.11805875870283,219.456,2523,0.4874154945989985,0.0935604663734919
54098.05017392126,38553.05117392127,-80704.55699546458,20.118038484043716,219.463,2524,0.48760642702382473,0.09398884042776884
54097.920461030575,38552.92146103058,-80704.78418798254,20.118034722369888,219.47,2525,0.4877842400395743,0.09438777990873544
54097.12259839331,38552.123598393315,-80702.04002580755,20.118011584353408,219.513,2526,0.48795003426826095,0.09475975416079269
54095.706935304355,38550.70793530435,-80700.57166852175,20.117970530123827,219.54,2527,0.48810545690251317,0.09510845880863669
54094.80185169231,38549.80285169231,-80700.61778892309,20.117944282699078,219.584,2528,0.4882520652363726,0.0954373877814045
54094.328367529415,38549.32936752941,-80700.92177082354,20.117930551658354,219.611,2529,0.4883916653743237,0.0957505932368224
54092.42856039345,38547.429560393444,-80700.20749888525,20.117875457251408,219.656,2530,0.4885252705486906,0.09605034845266915
54091.61598467797,38546.61698467797,-80700.21581369493,20.11785189255566,219.683,2531,0.48865491028039487,0.09634120684152625
54090.645252154514,38545.64625215452,-80699.80471200001,20.11782374131248,219.71,2532,0.48878254068899507,0.09662755713342064
54088.02179069604,38543.022790696035,-80698.44480010575,20.117747660930185,219.737,2533,0.4889096021709455,0.09691263098724655
54085.997055312226,38540.99805531223,-80698.46489299549,20.117688943604055,219.762,2534,0.48903748695482985,0.09719955199295179
54082.444310355146,38537.44531035515,-80699.45144097198,20.117585914000298,219.917,2535,0.48916793244832607,0.09749221818080331
54137.93948631725,38592.94048631725,-80661.6500846069,20.119195274103202,221.748,2536,0.4893026766591974,0.09779452892741347
54142.18252080001,38597.18352080001,-80658.21249840001,20.1193183221032,221.758,2537,0.4894431295605894,0.09810964763424918
54147.1557131077,38602.1567131077,-80655.29413301538,20.119462544680122,221.767,2538,0.4895905367679576,0.09844036895152905
54151.718461976474,38606.71946197648,-80652.08985134118,20.119594864397317,221.793,2539,0.48974645936121985,0.09879019530234359
54158.182088367575,38613.18308836757,-80650.44801191351,20.11978230956266,221.816,2540,0.489911852135345,0.09916126885501325
54162.35374660646,38617.35474660646,-80646.1331435613,20.11990328765159,221.86,2541,0.49008810190403523,0.0995567010507125
54167.988520800005,38622.98952080001,-80642.0784984,20.1200666961032,221.887,2542,0.4902761030856705,0.09997849859745844
54172.60197808644,38627.602978086434,-80639.16249840001,20.120200486364507,221.933,2543,0.49047698119871264,0.10042918669707113
54175.58378283209,38630.584782832084,-80636.89180321284,20.12028695870213,221.959,2544,0.4906912514770477,0.10090992132307808
54180.11988922106,38635.120889221056,-80633.2670247158,20.12041850578741,221.986,2545,0.4909197397860709,0.10142255537871452
54183.80915716364,38638.810157163636,-80628.9564984,20.120525494557747,222.031,2546,0.4911630712608891,0.1019684914107737
54190.56798686335,38645.56898686335,-80626.52258889774,20.120721500619037,222.058,2547,0.4914216448982916,0.10254862460441048
54198.00828729747,38653.009287297464,-80622.78889433909,20.120937269331627,222.085,2548,0.4916957366965279,0.10316357418650167
54203.67943971892,38658.680439718926,-80619.15574164325,20.12110173275185,222.112,2549,0.4919856211426767,0.10381395599347666
54211.00769821936,38666.00869821936,-80616.92451452903,20.12131425224836,222.262,2550,0.4922913995751231,0.10449999738710969
54365.251394083025,38820.25239408303,-80648.00190076981,20.125787319428408,222.93,2551,0.49261282831303194,0.10522115164754747
54371.15409054758,38826.155090547574,-80651.80979049321,20.12595849762588,222.948,2552,0.49294966339428803,0.10597687142385949
54378.65103768889,38833.652037688895,-80655.65046471111,20.12617590909298,222.954,2553,0.4933019333327969,0.10676722068955545
54385.07430069874,38840.075300698736,-80661.68277132153,20.126362183720264,222.977,2554,0.493668858008198,0.10759044917449649
54392.04827187693,38847.049271876924,-80667.3021382154,20.126564428884432,223.0,2555,0.49405022562639483,0.10844608169959338
54397.36819120283,38852.36919120283,-80669.7995479463,20.12671870654488,223.043,2556,0.4944454362650163,0.10933277228509113
54403.53648316533,38858.53748316533,-80678.30553007059,20.126897587011793,223.069,2557,0.4948538194347117,0.11024901662787424
54408.65201457182,38863.65301457181,-80681.50502474095,20.127045937422583,223.114,2558,0.4952748375375415,0.1111936085786513
54412.55467307185,38867.55567307185,-80688.53736330874,20.127159114519085,223.141,2559,0.4957077172619326,0.1121648131434102
54415.80123970909,38870.8022397091,-80693.10011117577,20.127253264951563,223.168,2560,0.4961514497971734,0.11316036696465724
54419.76786308572,38874.768863085716,-80697.07721074286,20.127368297029484,223.213,2561,0.49660533345458185,0.11417869574077306
54422.68778019932,38877.688780199314,-80702.01179387304,20.12745297462578,223.24,2562,0.49706858732212883,0.11521804742543951
54425.72041735124,38880.72141735123,-80709.05099670954,20.127540921103186,223.267,2563,0.4975403467634736,0.11627648212932085
54428.67275486061,38883.6737548606,-80714.01950511515,20.127626538890958,223.311,2564,0.49801957711373734,0.11735167848877578
54432.14833301053,38887.14933301053,-80719.72876149474,20.127727330657304,223.446,2565,0.49850530433225493,0.11844145115603452
54487.49185964652,38942.49285964652,-80864.4307791628,20.12933229292975,224.182,2566,0.4989964604163673,0.11954340397114967
54505.24338788572,38960.244387885716,-80873.68698514286,20.129847087248685,224.191,2567,0.4994922402779073,0.12065573064646451
54505.24338788572,38960.244387885716,-80873.68698514286,20.129847087248685,224.2,2568,0.49999213195995007,0.12177728256060849
54513.970173600006,38968.9711736,-80877.003003,20.1301001640344,224.228,2569,0.5004950545803735,0.12290563465740109
54524.532219054556,38979.53321905456,-80879.89249163636,20.130406463352582,224.234,2570,0.5009997982142087,0.12403807236143843
54531.76300693334,38986.76400693334,-80881.28146133333,20.130616156201068,224.244,2571,0.5015058580144306,0.12517346300304866
54538.90849072063,38993.90949072063,-80882.0888128249,20.130823375230896,224.284,2572,0.5020123423391208,0.12630980610345585
54547.34034026667,39002.34134026668,-80882.770128,20.131067898867734,224.328,2573,0.502518470467742,0.12744535004597057
54554.946234751085,39009.94723475109,-80884.04886181295,20.13128846980778,224.355,2574,0.5030234858623852,0.12857839746980385
54564.90284213933,39019.903842139334,-80883.76444260674,20.13157721142204,224.381,2575,0.503526633418733,0.12970725423055804
54574.10060042928,39029.101600429276,-80883.7873475122,20.13184394641245,224.423,2576,0.504027545440874,0.1308310953694107
54582.0657618353,39037.0667618353,-80883.67127505882,20.132074936093225,224.449,2577,0.5045254783061079,0.13194825250200426
54592.13767360001,39047.13867360001,-80884.391128,20.1323670215344,224.476,2578,0.5050199723514908,0.13305769433321368
54601.59140853977,39056.59240853977,-80881.72721233736,20.132641179847653,224.52,2579,0.5055105950755255,0.1341584505070614
54612.25186714839,39067.25286714839,-80878.95354735485,20.132950333147303,224.66,2580,0.505996960431414,0.1352496548928613
54775.471523785076,39230.47252378508,-80759.30617318209,20.13768370318977,225.398,2581,0.5064783718745057,0.13632974473009163
54803.59475917638,39258.59575917639,-80757.7828896,20.138499277016116,225.407,2582,0.5069545130894305,0.13739801033679166
54803.59475917638,39258.59575917639,-80757.7828896,20.138499277016116,225.415,2583,0.5074248603944249,0.13845327678586167
54817.55239755277,39272.553397552765,-80759.18237299484,20.13890404852903,225.422,2584,0.5078894819320415,0.13949569696124245
54830.756374531346,39285.75737453134,-80760.81065079404,20.13928696386141,225.427,2585,0.5083482798692874,0.14052505136582205
54844.604620800004,39299.60562080001,-80763.9969805091,20.1396885630032,225.471,2586,0.5088006820818552,0.14154005638729983
54858.148993309966,39313.14999330997,-80769.33372625339,20.14008134980599,225.498,2587,0.5092467089042182,0.14254075764789392
54870.47778746667,39325.478787466665,-80775.34822293333,20.140438884836534,225.543,2588,0.5096865828491324,0.14352765437496995
54884.00142849231,39339.00242849231,-80783.40935113847,20.140831070426277,225.57,2589,0.5101199482368646,0.14449994856908138
54894.98552989091,39349.98652989091,-80793.81220778183,20.141149609366835,225.614,2590,0.5105468218277256,0.14545767783349173
54904.87790205,39359.87890205,-80804.9147646,20.14143648815945,225.64,2591,0.5109672622049946,0.1464009736050526
54918.130065585276,39373.13106558527,-80832.78767487608,20.14182080090197,225.712,2593,0.5113813997466653,0.14733012839851034
54923.5457208,39378.546720800005,-80843.7862896,20.1419778549032,225.739,2594,0.5117892221600391,0.14824511463409054
54927.04140651429,39382.04240651429,-80857.07003245715,20.142079229788916,225.911,2595,0.5121905582982056,0.14914554832831886
54975.81308985366,39430.814089853666,-81073.89888965855,20.143493608605755,226.688,2596,0.5125860748486767,0.15003292525454368
55013.018974000006,39468.01997400001,-81092.60616100002,20.144572579246,226.697,2597,0.5129759007345801,0.15090753466338844
55013.018974000006,39468.01997400001,-81092.60616100002,20.144572579246,226.706,2598,0.5133601667205926,0.15176966993715726
55025.422390666674,39480.42339066668,-81094.72570266668,20.144932278329335,226.714,2599,0.5137392532617369,0.15262018466088534
55025.422390666674,39480.42339066668,-81094.72570266668,20.144932278329335,226.731,2600,0.5141134890746596,0.15345981633991132
55037.70385303226,39492.704853032265,-81095.23045535486,20.145288440737936,226.736,2601,0.5144830733391563,0.15428901185200694
55049.09025031579,39504.09125031579,-81095.76145705265,20.14561864625916,226.759,2602,0.5148486167772447,0.15510914140690457
55060.93357015385,39515.934570153855,-81096.00903600002,20.14596210253446,226.782,2603,0.5152103419714782,0.1559207043885666
55072.24772400001,39527.248724000005,-81094.24604804821,20.146290212996,226.825,2604,0.5155687403683107,0.15672480340127873
55082.594996727275,39537.59599672728,-81091.75252690911,20.14659028390509,226.852,2605,0.5159239343988767,0.1575217131302943
55091.17951682869,39546.180516828696,-81089.10363360957,20.146839234988033,226.897,2606,0.51627662601823,0.1583130084748612
55101.61050881013,39556.611508810136,-81086.0289853671,20.147141733755493,226.923,2607,0.5166272315788422,0.1590996235591675
55110.70490047059,39565.705900470595,-81080.03421247061,20.147405471113647,226.95,2608,0.5169761547256603,0.1598824639969276
55119.07772400001,39574.078724000006,-81074.98053600002,20.147648282996002,226.976,2609,0.5173241195294801,0.1606631543060443
55125.69272400001,39580.69372400001,-81071.55978600001,20.147840117996,227.164,2610,0.5176715437520519,0.1614426317725489
55329.29280376506,39784.29380376506,-80912.52736329814,20.153744520309186,227.924,2611,0.5180191358190255,0.16222248581305296
55355.39608779575,39810.39708779575,-80915.01108709787,20.154501515546077,227.933,2612,0.518367246377713,0.16300350313631445
55355.39608779575,39810.39708779575,-80915.01108709787,20.154501515546077,227.942,2613,0.5187165753597898,0.16378725410194983
55366.769251633224,39821.77025163322,-80916.86687479279,20.154831337297363,227.95,2614,0.5190676878060319,0.1645750064297209
55380.301773657346,39835.30277365734,-80921.22700170103,20.155223780436064,227.956,2615,0.5194211364440302,0.16536800021365167
55393.36131120001,39848.362311200006,-80926.7164488,20.1556025070248,227.997,2616,0.5197767627422832,0.1661658797740711
55404.385706722394,39859.38670672239,-80934.08664282985,20.15592221449495,228.039,2617,0.5201358357768515,0.16697149239717346
55414.95344429353,39869.95444429353,-80942.29771498706,20.156228678884514,228.064,2618,0.5204988332593197,0.167785909871831
55424.5789021091,39879.57990210909,-80951.2204488,20.156507817161163,228.092,2619,0.5208662533602262,0.16861024988841763
55432.80849941294,39887.809499412935,-80962.15003054905,20.156746475482976,228.135,2620,0.5212386576470519,0.16944577237404496
55439.47841775738,39894.47941775738,-80974.4388750295,20.156939903114964,228.179,2621,0.5216165570811262,0.17029362371637569
55444.79685454366,39899.79785454366,-80985.11691938824,20.157094137781765,228.188,2622,0.5220003391045199,0.17115467317651542
55448.927588977785,39903.92858897778,-80995.31655991111,20.157213929080356,228.231,2623,0.5223905422841226,0.17203012907768206
55451.37625856843,39906.377258568435,-81004.97215932632,20.157284940498485,228.256,2624,0.5227875322927905,0.1729208118397917
55454.08096504616,39909.08196504616,-81012.64948726154,20.15736337698634,228.404,2625,0.5231917492481295,0.17382770890624677
55642.34886923077,40097.34986923078,-81048.64883575386,20.162823146207693,229.174,2626,0.5236034222956234,0.17475133438553359
55656.3962974249,40111.397297424905,-81040.99335869873,20.163230521625323,229.182,2627,0.5240229704242185,0.17569262831700794
55656.3962974249,40111.397297424905,-81040.99335869873,20.163230521625323,229.191,2628,0.5244504871819412,0.17665180058407412
55663.281956502244,40118.28295650224,-81034.54548287355,20.163430205738564,229.198,2629,0.5248862914486623,0.17762956662238016
55668.082801195225,40123.08380119523,-81028.57060712989,20.163569430234663,229.204,2630,0.5253303669911916,0.17862589001130522
55672.23636086957,40127.23736086956,-81023.47846786088,20.163689883465217,229.246,2631,0.5257827055961959,0.17964075232349774
55677.32294210527,40132.32394210527,-81017.30046328422,20.163837394321053,229.27,2632,0.5262434479090117,0.18067446910941024
55679.24842258065,40134.249422580644,-81009.07369927743,20.16389323325484,229.313,2633,0.5267126084002866,0.18172707283524106
55681.583802127665,40136.58480212766,-81003.40264917449,20.1639609592617,229.34,2634,0.527190076400424,0.18279831520380452
55686.0177923077,40141.0187923077,-80996.97314344617,20.164089544976925,229.384,2635,0.5276755640032175,0.18388755027165177
55687.5732724138,40142.574272413796,-80988.68464477242,20.1641346539,229.41,2636,0.5281688262188244,0.18499422838205398
55689.38034215247,40144.38134215247,-80982.21875641616,20.164187058922423,229.437,2637,0.5286693832777538,0.18611727312904072
55690.53455454546,40145.535554545466,-80974.97380778183,20.164220531081817,229.482,2638,0.529177047755595,0.187256264009103
55690.523100000006,40145.52410000001,-80966.56998960002,20.1642201989,229.509,2639,0.5296912338922315,0.18840988681677667
55689.739781415934,40144.74078141594,-80958.95888340533,20.164197482661063,229.686,2640,0.5302114856213163,0.18957711832622554
55860.85702475294,40315.858024752946,-80798.5799826353,20.169159882717835,230.431,2641,0.5307370160153256,0.19075619299482865
55882.72583531339,40337.726835313384,-80804.12048101418,20.169794078224086,230.44,2642,0.5312674189125721,0.1919461995623382
55882.72583531339,40337.726835313384,-80804.12048101418,20.169794078224086,230.449,2643,0.531801834501717,0.19314520896474419
55893.11847849959,40348.11947849959,-80807.95165166142,20.17009546487649,230.457,2644,0.5323391958635869,0.19435082747299653
55903.508642400004,40358.50964240001,-80812.3581444,20.1703967796296,230.463,2645,0.5328788147927102,0.1955615110362703
55912.99266240001,40367.99366240001,-80818.02163440001,20.1706718162096,230.505,2646,0.5334198453856493,0.19677536179418206
55921.49790152409,40376.498901524086,-80825.52748199124,20.170918468144198,230.529,2647,0.533961075589091,0.19798966039619514
55929.31001692472,40384.31101692472,-80831.41111303118,20.171145019490815,230.572,2648,0.5345013274165863,0.19920176392384545
55934.76810791725,40389.76910791725,-80834.94925646897,20.1713033041296,230.599,2649,0.5350396448131939,0.2004095273819511
55940.56284346762,40395.56384346762,-80841.5533944,20.17147135146056,230.644,2650,0.5355749577211955,0.20161054999985448
55946.295229356525,40401.29622935652,-80845.74426396523,20.17163759065134,230.669,2651,0.5361058749815201,0.20280171058715582
55949.62849491799,40404.62949491799,-80851.82375411224,20.17173425535262,230.693,2652,0.5366311054963335,0.2039801124498326
55953.829142400005,40408.83014240001,-80856.70339440001,20.1718560741296,230.737,2653,0.5371492147114876,0.20514253703672927
55958.483804562165,40413.48480456216,-80866.98751602163,20.171991059332303,230.763,2654,0.5376592915668634,0.2062869403025919
55962.03100286512,40417.03200286512,-80872.25246416745,20.17209392808309,230.909,2655,0.5381599330984442,0.20741017457156372
56151.15467018855,40606.15567018856,-80891.51959197885,20.177578514435467,231.628,2656,0.5386497939390924,0.20850922139156283
56155.326498573915,40610.32749857391,-80888.86456612175,20.177699497458644,231.633,2657,0.5391274528969333,0.20958089219089537
56155.326498573915,40610.32749857391,-80888.86456612175,20.177699497458644,231.639,2658,0.53959173376244,0.2106225480377811
56155.72329467587,40610.72429467586,-80886.97338546207,20.1777110045456,231.664,2659,0.5400410098643941,0.21163053934915213
56156.207573672735,40611.20857367273,-80885.36215505455,20.17772504863651,231.709,2660,0.5404740218609765,0.2126020406784596
56157.03621626302,40612.03721626302,-80884.76350001096,20.177749079271628,231.735,2661,0.5408894494304286,0.21353408976518018
56156.57310726957,40611.57410726957,-80883.23717481739,20.17773564911082,231.762,2662,0.5412859062712974,0.21442357631741643
56156.939846400004,40611.9408464,-80879.91906414546,20.1777462845456,231.807,2663,0.5416620722533024,0.2152675385042438
56155.91158648811,40610.912586488106,-80877.43201488635,20.177716465008157,231.834,2664,0.5420165953649368,0.21606294296634052
56156.757335670394,40611.7583356704,-80877.40924050129,20.177740991734442,231.879,2665,0.5423482883431379,0.21680712597232543
56156.8348464,40611.835846400005,-80875.97436635676,20.1777432395456,231.906,2666,0.5426557458645939,0.21749693455305197
56156.729846400005,40611.73084640001,-80875.03339907368,20.1777401945456,231.933,2667,0.5429377496579809,0.21812963540731833
56155.17210667398,40610.173106673974,-80875.48897946301,20.177695020093545,231.959,2668,0.5431933021004368,0.21870299027857631
56155.629221400006,40610.6302214,-80875.7957346,20.1777082764206,232.004,2669,0.5434211330945885,0.2192141495892253
56156.261278118065,40611.26227811807,-80874.28479021674,20.177726606065423,232.144,2670,0.5436200943991019,0.21966053715663922
56145.659174979315,40600.66017497932,-80894.01632077243,20.1774191450744,232.87,2671,0.5437890580213691,0.2200396222280294
56144.419636949286,40599.42063694929,-80894.38953641341,20.177383198471528,232.879,2672,0.5439270083454112,0.22034912617767288
56144.419636949286,40599.42063694929,-80894.38953641341,20.177383198471528,232.888,2673,0.5440331704591646,0.22058731042071347
56142.74752945493,40597.748529454926,-80894.13267596271,20.17733470735419,232.896,2674,0.5441067344534688,0.22075235785316294
56142.34316436924,40597.344164369235,-80894.0257425231,20.177322980766707,232.902,2675,0.5441466496767189,0.22084191124372282
56143.451983851264,40598.45298385127,-80894.6097811779,20.177355136531688,232.946,2676,0.5441523598812301,0.22085472260072234
56142.50607153104,40597.50707153104,-80894.35149318622,20.1773277050744,232.973,2677,0.5441229918400907,0.22078883276110756
56142.38807994147,40597.389079941466,-80894.45047047806,20.177324283318303,233.018,2678,0.5440581625128574,0.2206433823392201
56141.70538187587,40596.706381875876,-80894.36390697933,20.1773044850744,233.045,2679,0.5439573140770498,0.22041711981019335
56140.45877570527,40595.45977570527,-80894.13813928423,20.17726833349545,233.07,2680,0.5438201316684068,0.22010933874776054
56138.53829723637,40593.53929723638,-80895.2757565091,20.177212639619857,233.112,2681,0.5436460458920427,0.21971876166332382
56136.37876052308,40591.37976052308,-80897.11839636925,20.17715001305517,233.139,2682,0.5434346647450465,0.21924450906312315
56133.424379014854,40588.42537901485,-80898.48553022883,20.17706433599143,233.166,2683,0.5431864684543424,0.21868765837942072
56128.13333546917,40583.13433546916,-80901.04638522617,20.176910895728607,233.211,2684,0.5429008208865816,0.21804678238987946
56122.31483682581,40577.315836825815,-80903.44279463227,20.17674215926795,233.383,2685,0.5425776904128388,0.2173218101321623
56025.35787043903,40480.35887043903,-80902.91833715122,20.173930407242732,234.052,2686,0.5422172190073741,0.21651306013828167
56019.557553657374,40474.55855365738,-80899.35923113626,20.173762198056064,234.057,2687,0.5418196078508641,0.21562098377516556
56019.557553657374,40474.55855365738,-80899.35923113626,20.173762198056064,234.063,2688,0.5413849740440541,0.21464584376885953
56019.14493351725,40474.145933517255,-80900.35887037242,20.173750232072,234.068,2689,0.5409139233988247,0.21358899931276296
56014.96730133334,40469.96830133334,-80897.85254853334,20.173629080738667,234.091,2690,0.5404065892245128,0.21245074949835316
56012.82364541936,40467.82464541936,-80897.58579584517,20.17356691471716,234.114,2691,0.5398637284146292,0.2112327924842442
56010.3753368213,40465.3763368213,-80896.30055360304,20.173495913767816,234.157,2692,0.5392860854858096,0.20993679866041845
56008.70790500788,40463.70890500788,-80895.57620732598,20.17344755824523,234.202,2693,0.5386744997321593,0.2085646510586287
56008.326549818186,40463.32754981819,-80897.39419701819,20.173436498944728,234.229,2694,0.5380295841092697,0.20711772489983082
56007.52638179311,40462.527381793116,-80896.61218071725,20.173413294072,234.256,2695,0.5373526882880765,0.20559904829206452
56009.04811434147,40464.04911434147,-80898.80028837074,20.173457424315902,234.299,2696,0.536644778670827,0.20401078944562293
56007.704191880606,40462.70519188061,-80897.97015549851,20.173418450564537,234.326,2697,0.5359069746038008,0.20235545971447988
56005.22021335317,40460.22121335317,-80896.24596612937,20.173346415187243,234.351,2698,0.5351406038225154,0.20063603799259358
56002.49484449403,40457.49584449403,-80892.91365344702,20.173267379490326,234.395,2699,0.5343470953337088,0.1988557303850061
55998.96589527273,40453.96689527274,-80889.85710610909,20.17316503996291,234.534,2700,0.5335281567374633,0.19701836804596462
55990.632920912874,40445.63392091288,-80949.44556591536,20.172923383706472,235.239,2701,0.5326851359421374,0.19512697512900856
55986.70711611941,40441.70811611941,-80958.96965831642,20.172809535367463,235.248,2702,0.5318194878720469,0.19318481588759528
55986.70711611941,40441.70811611941,-80958.96965831642,20.172809535367463,235.257,2703,0.5309331576864126,0.19119625446124874
55984.892340000006,40439.89334000001,-80961.99195748236,20.172756906860002,235.264,2704,0.5300280477936308,0.18916555907417648
55984.22234000001,40439.22334000001,-80965.7860016,20.17273747686,235.27,2705,0.5291064039251349,0.1870977682266741
55981.97395764707,40436.974957647064,-80969.4546780706,20.172672273771767,235.311,2706,0.5281694785070851,0.18499569184938813
55982.070928235305,40437.07192823531,-80970.73135454119,20.172675085918826,235.336,2707,0.5272195871088979,0.18286452513040583
55981.21500666667,40436.21600666667,-80974.16300160001,20.172650264193333,235.381,2708,0.5262587053955669,0.18070870065169367
55981.02391894738,40436.02491894738,-80977.11847528422,20.172644722649473,235.408,2709,0.5252885440441764,0.17853205647103018
55981.10780762591,40436.108807625904,-80977.97654116835,20.172647155421153,235.452,2710,0.5243112187782415,0.17633933940426233
55980.21902730651,40435.22002730651,-80979.56149695604,20.172621380791888,235.479,2711,0.5233290712723966,0.17413580320887947
55980.6414309091,40435.642430909094,-80980.11554705455,20.172633630496364,235.506,2712,0.5223443524345277,0.17192649799901416
55980.173598278154,40435.17459827816,-80982.46398173246,20.172620063350067,235.551,2713,0.5213586529798135,0.16971499268712797
55980.75347924051,40435.75447924051,-80984.07872311899,20.172636879897976,235.578,2714,0.5203739951393729,0.1675058243304747
55982.62971804879,40437.63071804879,-80988.37795281952,20.172691290823415,235.718,2715,0.5193924421671764,0.16530362202476312
55837.79576325774,40292.796763257735,-80805.56548965775,20.168491106134475,237.903,2716,0.518415867648596,0.16311258932715508
55824.55188211765,40279.552882117656,-80812.29013792942,20.16810703358141,237.913,2717,0.5174462757106602,0.16093722267675042
55824.55188211765,40279.552882117656,-80812.29013792942,20.16810703358141,237.922,2718,0.5164853995477922,0.15878141065100107
55821.74430820726,40276.74530820726,-80813.545433571,20.16802561393801,237.93,2719,0.5155349944629054,0.1566490914297429
55821.74430820726,40276.74530820726,-80813.545433571,20.16802561393801,237.936,2720,0.5145967081064851,0.15454396166491446
55818.95079852632,40273.95179852632,-80814.71241966318,20.167944602157263,237.942,2721,0.5136721495827631,0.15246963152647108
55818.95421686598,40273.95521686599,-80815.52858244126,20.167944701289112,237.967,2722,0.512762665865943,0.1504291230720915
55818.952525500004,40273.95352550001,-80814.72443940002,20.167944652239502,238.011,2723,0.5118696304371018,0.14842551783000718
55819.29175873171,40274.29275873171,-80815.43299732685,20.16795449000322,238.038,2724,0.5109943065678731,0.14646165006365927
55819.682717032265,40274.68371703227,-80815.98534665808,20.167965827793935,238.065,2725,0.5101378557179957,0.14454012561235222
55819.946135511316,40274.94713551132,-80815.22491168509,20.16797346692983,238.11,2726,0.5093010680302045,0.14266271723232224
55818.972588000004,40273.97358800001,-80814.94231440002,20.167945234052,238.137,2727,0.5084849101328406,0.14083159364112424
55817.55882680597,40272.55982680597,-80814.57183678808,20.167904234977375,238.164,2728,0.507690131530105,0.13904843641879128
55817.49046234556,40272.491462345555,-80814.43149764609,20.16790225240802,238.209,2729,0.5069171379699097,0.13731415589722853
55816.66153645361,40271.662536453616,-80813.09301543095,20.167878213557156,238.345,2730,0.506166318294824,0.13562962447968582
55906.15994880001,40361.16094880001,-80794.72602480001,20.1704736675152,239.026,2731,0.5054376954497021,0.13399489364500566
55914.09089153128,40369.09189153128,-80798.66680894098,20.170703664854408,239.035,2732,0.5047318511770749,0.13241126858483743
55922.25471803078,40377.25571803078,-80805.8657171077,20.170940415822894,239.043,2733,0.5040484327477488,0.13087795791953552
55927.45455103049,40382.45555103049,-80810.14002480001,20.171091210979885,239.068,2734,0.5033871744584009,0.1293943655198159
55932.89504313963,40387.896043139626,-80815.29889272453,20.17124898525105,239.092,2735,0.5027478652175451,0.1279600177829589
55937.18990334546,40392.19090334546,-80818.28229752729,20.171373536197017,239.135,2736,0.5021304250080324,0.12657473518329931
55940.920303230385,40395.92130323038,-80822.10205011646,20.171481717793682,239.162,2737,0.5015339530553068,0.12523649675216786
55945.122454636585,40400.12345463659,-80829.86368238756,20.17160358018446,239.207,2738,0.5009576198849349,0.12394344148912807
55947.846002854065,40402.84700285406,-80835.30597074595,20.17168256308277,239.234,2739,0.5004009664327762,0.12269453944252426
55951.85895987012,40406.859959870126,-80840.36607646053,20.171798938836233,239.261,2740,0.49986323924960097,0.12148810018129683
55953.504448800006,40408.5054488,-80843.1756498,20.1718466580152,239.306,2741,0.49934327442942134,0.12032151237776126
55955.95491176297,40410.95591176297,-80849.23113591112,20.171917721441126,239.333,2742,0.4988404673293853,0.11919341946133957
55957.97824093484,40412.979240934845,-80856.08519333933,20.17197639798711,239.36,2743,0.4983535466042166,0.11810096905464809
55958.317041050934,40413.31804105094,-80860.31220192178,20.171986223190476,239.404,2744,0.497881415318458,0.11704170008440641
55959.27077692501,40414.271776925016,-80865.99346230002,20.172013881530827,239.573,2745,0.4974229993734179,0.11601320271367034
55962.37320579623,40417.37420579624,-80907.69856279246,20.172103851968092,240.252,2746,0.4969773716088911,0.11501339677519519
55963.759844489556,40418.76084448956,-80910.46149689553,20.172144064490197,240.262,2747,0.49654331994306294,0.11403956285449937
55963.759844489556,40418.76084448956,-80910.46149689553,20.172144064490197,240.27,2748,0.49611988140989416,0.11308954045073168
55964.54573608422,40419.546736084216,-80912.52014968422,20.172166855346443,240.294,2749,0.4957061239325936,0.11216123836584503
55966.44563740001,40421.446637400004,-80913.28317600001,20.1722219524846,240.318,2750,0.4953008699127911,0.11125201455206461
55967.67726240001,40422.678262400004,-80914.04967600001,20.1722576696096,240.361,2751,0.4949033317782204,0.11036010202023167
55971.89050268269,40426.89150268269,-80917.55608236043,20.172379853577798,240.388,2752,0.4945127650200128,0.10948383039778999
55973.0569890436,40428.057989043606,-80917.46192167475,20.172413681682265,240.432,2753,0.4941284041780281,0.10862148230612279
55974.11925209073,40429.120252090725,-80917.71861414434,20.17244448731063,240.459,2754,0.4937496955165914,0.1077718153894789
55976.0515255579,40431.0525255579,-80918.83021547369,20.17250052324118,240.504,2755,0.49337591422084476,0.10693320346058506
55976.431211552546,40431.43221155254,-80918.84087938984,20.172511534135023,240.531,2756,0.493006962852212,0.10610542790723894
55978.103988152514,40433.10498815251,-80920.0679669699,20.17256004465642,240.557,2757,0.49264230236321177,0.10528727932797152
55977.78020179395,40432.78120179394,-80919.06188812121,20.172550654852024,240.584,2758,0.4922818815938522,0.10447864294074345
55978.61117343204,40433.61217343203,-80919.31768667616,20.17257475302953,240.629,2759,0.4919256979386975,0.10367951290002518
55977.93980821674,40432.940808216736,-80918.13262819125,20.172555283438285,240.733,2760,0.49157376958789356,0.10288993001704393
56025.921430461545,40480.92243046155,-80932.29482381539,20.173946750483385,241.429,2761,0.4912263256827019,0.10211040839081291
56042.97742503965,40497.97842503965,-80935.43635549957,20.17444137432615,241.439,2762,0.4908836974522999,0.10134169116375927
56042.97742503965,40497.97842503965,-80935.43635549957,20.17444137432615,241.447,2763,0.4905466102300484,0.10058540568646403
56042.97742503965,40497.97842503965,-80935.43635549957,20.17444137432615,241.454,2764,0.49021540243710215,0.09984231123720193
56049.31354006867,40504.31454006868,-80935.33549070216,20.174625121661993,241.46,2765,0.48989084345817535,0.09911413399972428
56053.85602933906,40508.857029339066,-80934.98939628155,20.174756853850834,241.466,2766,0.48957377032859833,0.0984027519380194
56059.28258765218,40514.283587652186,-80934.01570006958,20.174914224041913,241.489,2767,0.4892653907237704,0.09771087458037989
56065.318017000005,40520.319017,-80932.77193920001,20.175089251493,241.531,2768,0.48896688624275847,0.09704115295050322
56070.331574243,40525.332574243,-80929.33700929346,20.175234644653045,241.557,2769,0.48867932656251256,0.09639598696475908
56076.903387145634,40531.90438714564,-80927.08293434564,20.175425227227223,241.602,2770,0.48840404141660765,0.09577835999992666
56081.68155003109,40536.682550031095,-80924.86907650571,20.1755637939509,241.629,2771,0.48814238275119776,0.09519130526870251
56086.971710181824,40541.97271018183,-80921.65580283638,20.175717208595273,241.656,2772,0.4878960437141209,0.09463862150042505
56091.13679807735,40546.137798077354,-80918.35093091271,20.175837996144242,241.699,2773,0.48766623093434236,0.09412301587561836
56093.80984123858,40548.81084123858,-80916.34613970762,20.175915514395918,241.726,2774,0.48745457263276104,0.09364814145419785
56098.65871552942,40553.659715529415,-80913.65259428023,20.176056131750354,241.872,2775,0.48726264832652366,0.09321754202483415
56163.520908000006,40618.52190800001,-80827.45617420001,20.177937135332,242.558,2776,0.48709192455010364,0.09283450788941644
56164.02237351725,40619.02337351725,-80819.18697161379,20.177951677832,242.567,2777,0.4869439223260792,0.09250245159879392
56164.02237351725,40619.02337351725,-80819.18697161379,20.177951677832,242.575,2778,0.4868201640980417,0.09222478889198646
56163.837531711346,40618.83853171134,-80814.83520126186,20.17794631741963,242.582,2779,0.4867221073887207,0.09200478985222604
56165.44514713044,40620.44614713044,-80812.18571224349,20.177992938266783,242.589,2780,0.4866512015443682,0.09184570621808244
56165.54269371429,40620.543693714295,-80809.43394205715,20.177995767117714,242.63,2781,0.4866087661447269,0.09175049858529957
56166.566460631584,40621.56746063159,-80804.97000972631,20.178025456358316,242.656,2782,0.48659586892767975,0.0917215625197758
56167.82965800001,40622.830658000006,-80800.80117420001,20.178062089082,242.701,2783,0.4866136392153661,0.09176143175722354
56168.33071569232,40623.331715692315,-80797.9259338154,20.17807661975508,242.727,2784,0.48666321622811837,0.09187266224084076
56169.083689690146,40624.08468969015,-80787.51236258028,20.178098456001013,242.798,2786,0.48674555444450274,0.0920573954290701
56168.06702790951,40623.06802790951,-80782.04872227693,20.178068972809378,242.822,2787,0.4868610728038127,0.09231657124986672
56167.756226181824,40622.75722618183,-80776.82589010909,20.178059959559274,242.867,2788,0.4870105733957633,0.0926519892635906
56166.68953703227,40621.690537032264,-80772.6982508129,20.178029025573935,242.894,2789,0.48719444376912224,0.09306451897073109
56168.00090800001,40623.001908000006,-80766.08513253334,20.178067055332,243.037,2790,0.48741292604428144,0.093554703590147
56262.20276342687,40717.20376342686,-80635.0888288836,20.18079890913938,243.727,2791,0.4876659725115637,0.09412243608088983
56262.854703725374,40717.85570372538,-80634.81927664479,20.180817815408037,243.736,2792,0.487953418541177,0.09476734708122596
56261.369996492314,40716.37099649232,-80635.68425483078,20.180774758898277,243.744,2793,0.4882752995043628,0.09548951594971425
56256.97470372538,40711.97570372537,-80637.96614231644,20.180647295408036,243.768,2794,0.4886307410893254,0.0962869810892663
56252.35859789091,40707.359597890914,-80641.80294014547,20.180513428338838,243.794,2795,0.48901907936274003,0.09715825290580003
56247.71589775523,40702.716897755236,-80645.03718709254,20.1803787900349,243.837,2796,0.48943936050040215,0.09810119140899205
56244.550745794826,40699.55174579483,-80647.15261513369,20.18028700062805,243.862,2797,0.4898907524898814,0.09911392990418144
56242.59626022857,40697.59726022858,-80648.2467713143,20.180230320546627,243.906,2798,0.4903719074389039,0.10019344427391616
56243.080416072735,40698.08141607273,-80648.26839469092,20.18024436106611,243.933,2799,0.4908814271083197,0.1013365974430029
56243.86853625763,40698.869536257625,-80645.79240085425,20.18026721655147,243.967,2800,0.4914178330336549,0.1025400723435241
56245.4826888,40700.4836888,-80641.18585098462,20.1803140269752,243.993,2801,0.4919791848376839,0.10379951556479179
56250.698392317594,40705.69939231759,-80638.06924439398,20.18046528237721,244.038,2802,0.4925635290410593,0.10511054430033008
56255.80994686452,40710.81094686453,-80634.62393721292,20.180613517459072,244.065,2803,0.4931689732465869,0.10646891278696292
56261.31334097392,40716.31434097391,-80630.27922473045,20.180773115888243,244.091,2804,0.49379307399722505,0.1078691389092232
56265.722870618185,40720.72387061818,-80627.60439469092,20.180900992247928,244.243,2805,0.49443381117848983,0.10930669035871746
56393.752796936344,40848.75379693635,-80656.98892741352,20.184613860111153,244.957,2806,0.49508856197290635,0.11077568260872708
56398.25612249098,40853.25712249098,-80661.55446097125,20.184744456552238,244.966,2807,0.49575503908561935,0.11227098390768417
56398.25612249098,40853.25712249098,-80661.55446097125,20.184744456552238,244.975,2808,0.49643058861415396,0.11378663998687893
56399.61829585575,40854.61929585575,-80664.17590205903,20.184783959579818,244.982,2809,0.49711254439954244,0.11531666907905845
56399.98602516541,40854.98702516541,-80664.52530565538,20.184794623729797,244.989,2810,0.4977982370791571,0.11685508222927067
56400.59835625264,40855.59935625264,-80665.67999696844,20.184812381331326,245.029,2811,0.4984853762251086,0.11839674065670411
56401.592124981034,40856.59312498104,-80665.35294741023,20.18484120062445,245.052,2812,0.49917105535607303,0.11993512340930197
56403.99878265764,40858.999782657644,-80669.71654112544,20.184910993697073,245.096,2813,0.49985237565563595,0.12146372673192044
56404.16993520001,40859.1709352,-80671.42104960002,20.1849159571208,245.122,2814,0.5005268924470564,0.12297706577258705
56404.093781353855,40859.09478135385,-80671.62643421539,20.184913748659262,245.167,2815,0.5011919757082339,0.12446923984035826
56405.88263182922,40860.883631829216,-80672.20408330788,20.18496562532305,245.194,2816,0.5018449418119474,0.12593422797638468
56406.41343700506,40861.41443700506,-80675.26115790325,20.184981018673145,245.22,2817,0.5024834168309864,0.12736670406162393
56407.13619817579,40862.137198175784,-80677.22994233358,20.1850019787471,245.265,2818,0.5031053996525051,0.12876217841956547
56407.25793520001,40862.25893520001,-80677.00571626668,20.1850055091208,245.292,2819,0.5037080006941105,0.13011416801242254
56408.42926853334,40863.43026853334,-80678.9330496,20.185039477787466,245.436,2820,0.5042890756289108,0.13141786185010193
56440.6475018888,40895.648501888805,-80693.80522777096,20.185973806554774,246.162,2821,0.5048465851806524,0.132668684633058
56440.284415526854,40895.28541552686,-80694.95590313464,20.185963277050277,246.171,2822,0.5053784583228691,0.13386198982728975
56440.284415526854,40895.28541552686,-80694.95590313464,20.185963277050277,246.179,2823,0.5058829746323507,0.1349939175087099
56440.07222881944,40895.07322881944,-80695.99307731823,20.185957123635763,246.187,2824,0.5063583848845764,0.13606054313490268
56439.72116490492,40894.72216490492,-80694.85579916066,20.18594694278224,246.193,2825,0.5068032827519385,0.13705871148349277
56439.87313804338,40894.87413804338,-80694.61917067952,20.185951350003258,246.237,2826,0.507216045879076,0.13798478265442582
56440.082431248586,40895.08343124858,-80694.74327974737,20.18595741950621,246.264,2827,0.5075958004666303,0.1388367962003125
56441.785639965965,40896.78663996597,-80694.32680718298,20.186006812559015,246.307,2828,0.5079415692155919,0.13961255946299425
56442.84904422128,40897.85004422128,-80695.27850931065,20.18603765128242,246.334,2829,0.5082524626137406,0.1403100767418646
56443.22725818592,40898.22825818592,-80696.54127826479,20.18604861948739,246.36,2830,0.5085278789030804,0.1409279979387791
56443.544053154204,40898.5450531542,-80696.77299850993,20.18605780654147,246.404,2831,0.5087674986806593,0.14146560644451014
56443.28427965902,40898.285279659016,-80695.97120899674,20.186050273110112,246.428,2832,0.5089709686671651,0.14192210964517124
56445.00322187681,40900.00422187681,-80700.69732817644,20.18610012243443,246.455,2833,0.5091383063942255,0.14229754687454507
56445.16237635255,40900.163376352546,-80702.67110757966,20.186104737914224,246.5,2834,0.5092693202507315,0.1425914882358879
56446.55409907501,40901.555099075005,-80705.82060705,20.186145097873176,246.674,2835,0.5093643359068611,0.1428046643995128
56444.54678569888,40899.54778569889,-80821.68816105169,20.18608688578527,247.335,2836,0.5094238584281257,0.14293820852528438
56449.18127224187,40904.18227224187,-80834.49945449302,20.186221285895016,247.344,2837,0.5094484660940442,0.1429934180352741
56449.18127224187,40904.18227224187,-80834.49945449302,20.186221285895016,247.352,2838,0.5094389172837112,0.1429719944211363
56451.669062051915,40906.67006205191,-80840.45925033893,20.186293431799506,247.359,2839,0.5093962539949808,0.14287627549870158
56455.96102204139,40910.96202204139,-80845.87887550345,20.1864178986392,247.365,2840,0.5093213973657083,0.1427083279235311
56460.91487113664,40915.91587113665,-80852.88375566732,20.186561560262962,247.408,2841,0.5092156499590805,0.1424710741131968
56466.740539282764,40921.74153928277,-80861.70273757241,20.1867305046392,247.434,2842,0.5090802633538188,0.1421673220970396
56472.969224669716,40927.97022466971,-80869.57407914268,20.186911136515423,247.479,2843,0.5089168686521142,0.14180073139941288
56478.47395641291,40933.474956412916,-80873.37630820645,20.187070773735975,247.506,2844,0.5087267202786413,0.14137411643481018
56485.30016459382,40940.301164593824,-80878.43520611135,20.18726873377322,247.55,2845,0.5085116589687613,0.14089160705844173
56490.893634077576,40945.89463407757,-80882.67769836959,20.18743094438825,247.575,2846,0.5082735475749005,0.14035738274714146
56497.80782058948,40952.808820589475,-80887.56739818948,20.187631455797096,247.6,2847,0.5080141851012225,0.1397754797284276
56504.99579629798,40959.996796297986,-80891.16557632713,20.18783990709264,247.625,2848,0.5077353052464411,0.1391497877111726
56512.28488883043,40967.28588883043,-80894.16142460532,20.188051290776084,247.668,2849,0.5074391762173326,0.13848539562112422
56519.63211548703,40974.63311548703,-80898.22688392672,20.188264360349123,247.813,2850,0.5071276909779059,0.13778655049315766
56626.29021459083,41081.291214590834,-80899.07666283303,20.191357445223133,248.561,2851,0.5068029559117444,0.13705797818814397
56626.60461371882,41081.60561371881,-80899.09629131881,20.191366562797846,248.57,2852,0.5064670478784717,0.136304338327297
56626.60461371882,41081.60561371881,-80899.09629131881,20.191366562797846,248.577,2853,0.5061221052827511,0.13553042861365802
56626.45109550292,41081.452095502915,-80897.98859834563,20.191362110769585,248.599,2854,0.505770247962221,0.13474100509347964
56626.962990817396,41081.9639908174,-80898.5903205913,20.191376955733706,248.605,2855,0.5054133052231841,0.13394017197985233
56627.3205612784,41082.3215612784,-80898.60289214473,20.191387325277073,248.628,2856,0.505053705211173,0.13313337703549738
56627.9925165091,41082.9935165091,-80898.76601229091,20.191406811978766,248.651,2857,0.5046934591750186,0.13232513267791848
56627.986338221366,41082.98733822137,-80897.18733620971,20.19140663280842,248.692,2858,0.5043344528382576,0.1315196696973409
56629.7801256,41084.7811256,-80896.7026032,20.1914586526424,248.736,2859,0.5039788542469528,0.13072185229994976
56631.413238684116,41086.41423868411,-80895.49117796635,20.191506012921838,248.763,2860,0.5036285790213245,0.12993597835186724
56632.86197105455,41087.86297105455,-80894.94719410909,20.191548026160582,248.808,2861,0.5032855461609842,0.12916635330118267
56633.923425600005,41088.92442560001,-80892.91676986667,20.1915788083424,248.835,2862,0.5029516773884313,0.12841728870502966
56634.99168646957,41089.99268646957,-80890.36684233043,20.191609787907616,248.862,2863,0.5026284266581643,0.12769204664099326
56635.38764578349,41090.38864578349,-80889.06024081468,20.191621270727723,248.889,2864,0.5023177291118168,0.1269949687732402
56636.734514708915,41091.73551470891,-80888.5858952792,20.19166032992656,249.073,2865,0.5020210795041821,0.1263294087184835
56730.20568354099,41185.20668354099,-80860.43434245246,20.194370993822687,249.756,2866,0.5017399505558772,0.12569867065778167
56745.88548194595,41200.886481945956,-80862.07363576216,20.194825707976435,249.765,2867,0.5014756789409813,0.1251057535395589
56745.88548194595,41200.886481945956,-80862.07363576216,20.194825707976435,249.774,2868,0.5012295740260768,0.12455359504541583
56751.27589963637,41206.276899636374,-80862.18965541819,20.194982030089456,249.781,2869,0.5010028500150594,0.12404491935091362
56756.49331978379,41211.494319783786,-80863.66850062703,20.19513333527373,249.787,2870,0.5007963898575215,0.12358170743281399
56760.58912876019,41215.59012876019,-80866.73590798915,20.195252113734046,249.829,2871,0.5006111543242302,0.12316611486667771
56762.90530523078,41217.906305230776,-80866.35926206154,20.195319282851692,249.853,2872,0.5004480565343116,0.12280019031732657
56764.549954604656,41219.55095460465,-80866.70477592558,20.195366977683534,249.898,2873,0.5003077232894101,0.12248534007058087
56765.70433600001,41220.70533600001,-80870.1810736,20.195400454744,249.925,2874,0.5001906745663944,0.12222273074127606
56766.51460326458,41221.515603264575,-80872.14376059551,20.19542395249467,249.969,2875,0.5000973531245166,0.122013355699585
56765.98217236364,41220.983172363645,-80871.09692814546,20.195408511998547,249.996,2876,0.5000278407860762,0.12185739852119007
56765.25283916743,41220.25383916743,-80872.81355504796,20.195387361335854,250.023,2877,0.49998268187176187,0.12175608043847476
56764.836042550225,41219.83704255022,-80873.9955784035,20.195375274233957,250.049,2878,0.4999616956085144,0.12170899587083452
56765.11372102203,41220.11472102204,-80872.5602841727,20.19538332690964,250.093,2879,0.49996500240901315,0.12171641497493706
56766.557467034494,41221.5584670345,-80871.43957704828,20.195425195544,250.236,2880,0.49999238986342703,0.12177786119023695
56881.04196763637,41336.04296763637,-80935.28707963637,20.198745246061456,250.889,2881,0.5000433674355844,0.12189223395474844
56885.43922953192,41340.440229531916,-80941.23959259575,20.198872766656425,250.898,2882,0.5001175619680104,0.1220586960561407
56888.48255400001,41343.483554000006,-80946.43206600001,20.198961023066,250.906,2883,0.5002147907183316,0.12227683749547615
56891.670131800834,41346.67113180083,-80953.7630047967,20.199053462822224,250.932,2884,0.5003343147802676,0.1225450004701084
56892.75547066667,41347.756470666674,-80961.48498266668,20.199084937649335,250.959,2885,0.5004748441353994,0.12286029070778047
56892.948189665534,41347.94918966554,-80967.47336719456,20.1990905265003,250.986,2886,0.5006362614551394,0.12322244497126118
56895.180804,41350.18180400001,-80971.78088742858,20.199155272316,251.031,2887,0.5008174274963467,0.12362890726618005
56893.791056559734,41348.79205655973,-80980.0045617338,20.19911496964023,251.058,2888,0.5010173905937175,0.1240775424459012
56894.68710788693,41349.688107886934,-80984.92245027564,20.199140955128723,251.102,2889,0.5012352647449729,0.12456636268468661
56893.802467366346,41348.80346736635,-80991.59168233664,20.199115300553625,251.129,2890,0.501470103037915,0.12509324349992065
56894.3660603177,41349.3670603177,-80995.98571672203,20.19913164474921,251.174,2891,0.5017202143662817,0.1256543907427243
56896.757604000006,41351.758604,-80997.82431600001,20.199200999516002,251.201,2892,0.5019846997295403,0.12624778742460865
56894.45622874917,41349.457228749176,-81006.887045097,20.199134259633727,251.228,2893,0.5022622240889012,0.12687043826606867
56897.21120400001,41352.21220400001,-81009.95055600001,20.199214153916,251.273,2894,0.5025513514020428,0.12751912137709806
56897.490753152546,41352.49175315254,-81015.71204481357,20.199222260841424,251.437,2895,0.5028505465498919,0.12819039258009457
57178.944216,41633.94521600001,-81194.1072696,20.207384411264,253.679,2896,0.5031585729499924,0.12888147749118548
57183.63150697473,41638.632506974725,-81204.4668895278,20.207520342702267,253.689,2897,0.5034738837546349,0.12958890561851868
57186.90046427587,41641.90146427587,-81210.11552615173,20.207615142464,253.698,2898,0.5037952197705637,0.13030985184886143
57186.90046427587,41641.90146427587,-81210.11552615173,20.207615142464,253.705,2899,0.5041207567202984,0.13104022325173723
57190.45965294268,41645.46065294268,-81217.54288437708,20.207718358935338,253.711,2900,0.5044495836148413,0.13177797594145885
57192.78317441585,41647.78417441585,-81224.42797613466,20.20778574105806,253.755,2901,0.5047798520655834,0.13251896289206688
57194.662938829584,41649.66393882959,-81231.65079680258,20.207840254226056,253.782,2902,0.5051098512584478,0.13325934573842782
57194.55389972093,41649.554899720926,-81237.0449551814,20.207837092091907,253.827,2903,0.5054381810358591,0.13399598310118888
57195.78186271533,41650.782862715336,-81241.94065879709,20.207872703018744,253.854,2904,0.505763530015891,0.13472593277714354
57195.088327475416,41650.08932747542,-81249.21876074755,20.20785259049679,253.88,2905,0.5060841969690478,0.13544537790502814
57193.57815996888,41648.57915996888,-81253.42410819922,20.207808795639096,253.923,2906,0.5063986012644747,0.13615077219746782
57193.221718702705,41648.2227187027,-81259.03776473514,20.20779845884238,253.95,2907,0.5067049495887505,0.13683809219463652
57190.63463864151,41645.635638641514,-81263.84489375095,20.207723433520606,253.977,2908,0.5070024306021025,0.13750551758283874
57190.20221272131,41645.20321272132,-81269.12262960001,20.20771089316892,254.008,2909,0.5072894560073417,0.13814948487458972
57188.37685832365,41643.377858323656,-81274.51814827221,20.207657957891385,254.19,2910,0.5075646787520242,0.13876697183667164
57175.09711668197,41630.09811668197,-81274.77048940328,20.207272845383777,254.958,2911,0.507826685874124,0.13935480836179578
57175.208975446156,41630.20997544615,-81274.55242836924,20.207276089287937,254.967,2912,0.5080740978955981,0.13990989946699783
57175.0917591,41630.09275910001,-81270.56549760001,20.2072726900139,254.976,2913,0.5083056276657837,0.14042935731408948
57176.250821600006,41631.2518216,-81266.2439976,20.2073063028264,255.002,2914,0.5085199946075647,0.14091030881322464
57175.93354887273,41630.93454887273,-81264.0621794182,20.20729710191731,255.026,2915,0.5087155937971035,0.1413491531735385
57174.0905979158,41629.0915979158,-81258.06248444211,20.207243656339557,255.07,2916,0.5088917999785311,0.14174448757729669
57171.49275708388,41626.49375708388,-81255.96270727743,20.207168318955432,255.097,2917,0.5090472640452343,0.142093285182568
57169.42868366897,41624.429683668975,-81255.30972173794,20.2071084608264,255.124,2918,0.5091806710823034,0.14239259585958047
57168.642543997485,41623.64354399749,-81254.20368214259,20.207085662775928,255.17,2919,0.5092914722217332,0.1426411881736375
57166.99326976054,41621.994269760544,-81251.34533539265,20.207037833823055,255.196,2920,0.5093785110636379,0.1428364676376688
57166.46588042354,41621.46688042354,-81249.58752701177,20.207022539532282,255.241,2921,0.5094408398014222,0.1429763077623985
57163.78143644099,41618.78243644099,-81247.20618841273,20.20694469065679,255.268,2922,0.5094775241776406,0.14305861245728518
57162.930957193224,41617.93195719323,-81245.99389590509,20.206920026758603,255.292,2923,0.5094877986703116,0.14308166420496565
57162.2628216,41617.263821600005,-81245.7074976,20.2069006508264,255.545,2924,0.5094709023702249,0.1430437558372433
57160.78588479703,41615.786884797024,-81242.88191581561,20.206857819659113,255.554,2925,0.509426173403251,0.14294340238002598
57214.9376721356,41669.9386721356,-81224.29603200001,20.208428221491932,256.203,2926,0.5093529829680634,0.14277919306102663
57226.26624337501,41681.26724337501,-81232.34821950001,20.208756750057876,256.213,2927,0.5092507834284093,0.14254989920909603
57226.26624337501,41681.26724337501,-81232.34821950001,20.208756750057876,256.222,2928,0.5091191973036518,0.14225467391250082
57230.81471470867,41685.815714708675,-81235.44256743309,20.20888865572655,256.229,2929,0.5089577547295321,0.14189246298854938
57235.09502400001,41690.09602400001,-81239.36563200002,20.209012784696,256.235,2930,0.5087665527023426,0.14146348405714118
57239.05507365518,41694.056073655185,-81245.98106648277,20.209127626136002,256.276,2931,0.5085450217515455,0.14096645945994576
57242.97393663159,41697.974936631595,-81251.38603200001,20.209241273162316,256.301,2932,0.5082929746255498,0.14040096908119054
57247.21914621499,41702.220146215,-81257.46645545278,20.209364384240235,256.345,2933,0.5080105465452814,0.13976731630117517
57250.9094749091,41705.910474909106,-81265.3245168485,20.209471403772366,256.372,2934,0.5076976712749599,0.13906535251397337
57254.63813144028,41709.639131440286,-81272.02552005462,20.20957953481177,256.416,2935,0.5073546703937137,0.1382957992112605
57256.53127508912,41711.53227508912,-81276.12236863367,20.209634435977584,256.443,2936,0.5069817470618705,0.1374591122014896
57259.39226518813,41714.39326518813,-81279.72355675249,20.209717404690455,256.47,2937,0.5065792117676754,0.13655598809294245
57261.29275858195,41716.293758581945,-81284.3082728027,20.209772518998875,256.497,2938,0.506147462573661,0.13558731997468482
57262.67496593981,41717.67596593981,-81289.08278785285,20.209812603012253,256.682,2940,0.5056872731735126,0.1345548436980322
57257.2107984,41712.21179840001,-81311.8946795077,20.2096541421536,257.339,2941,0.5051996290735065,0.13346077033488296
57256.23635012414,41711.23735012414,-81313.70378030346,20.2096258831536,257.346,2942,0.5046845114658618,0.13230505768829065
57256.35136556418,41711.35236556418,-81319.17700212539,20.20962921860136,257.351,2943,0.5041432408236117,0.13109066835817665
57256.35136556418,41711.35236556418,-81319.17700212539,20.20962921860136,257.357,2944,0.5035768925225024,0.12982001504667182
57256.11158944478,41711.112589444776,-81323.41774839404,20.2096222650939,257.38,2945,0.5029865017475441,0.1284954202843795
57256.559798400005,41711.56079840001,-81325.80332053335,20.2096352631536,257.403,2946,0.5023737270982573,0.1271206052883827
57257.0127137605,41712.013713760505,-81329.14678970784,20.209648397699056,257.445,2947,0.5017395698844873,0.12569781658730744
57256.96170609231,41711.96270609231,-81331.96260258462,20.209646918476675,257.489,2948,0.5010855317503324,0.12423042325464188
57257.10632013914,41712.10732013914,-81331.86303067827,20.209651112284035,257.516,2949,0.5004130458859858,0.12272164078138562
57257.00171144348,41712.00271144348,-81333.58894372176,20.20964807863186,257.543,2950,0.49972387822763165,0.12117543120407352
57257.24410874483,41712.24510874483,-81335.69826306208,20.2096551081536,257.588,2951,0.49901952255224696,0.11959514594559978
57258.32236250257,41713.323362502575,-81337.55255130258,20.209686377512575,257.615,2952,0.4983021010255574,0.11798554627548981
57258.90014522081,41713.90114522081,-81337.57842650637,20.209703133211402,257.638,2953,0.4975738228924204,0.1163515888331272
57260.67579840001,41715.6767984,-81339.47639815892,20.2097546271536,257.681,2954,0.49683634986027,0.11469700180847835
57261.03242997895,41716.033429978954,-81338.20682930527,20.20976496946939,257.819,2955,0.49609187736444066,0.11302671085802111
57247.64883871789,41702.64983871789,-81242.78390870465,20.20937684532282,258.5,2956,0.4953426980673472,0.11134585977592554
57236.43041367274,41691.43141367273,-81232.17641803637,20.20905151099651,258.509,2957,0.49459104701685974,0.10965946309295294
57236.43041367274,41691.43141367273,-81232.17641803637,20.20905151099651,258.519,2958,0.49383915538444,0.1079725266427941
57229.03865138055,41684.039651380546,-81222.2467236607,20.208837149890037,258.526,2959,0.49308947564485384,0.10629055277299111
57229.03865138055,41684.039651380546,-81222.2467236607,20.208837149890037,258.532,2960,0.4923443538682102,0.10461880510267577
57223.42771049639,41678.42871049639,-81219.28904235183,20.208674432604397,258.538,2961,0.4916062286792962,0.10296275490571831
57217.97119459673,41672.97219459673,-81216.58484128525,20.208516193643305,258.563,2962,0.4908772098504564,0.10132713564597977
57211.34735163606,41666.34835163606,-81212.41827757598,20.208324102197444,258.609,2963,0.49016024772321415,0.09971856667981628
57205.906010724335,41660.90701072433,-81211.00016250812,20.208166303311007,258.636,2964,0.48945773457732755,0.09814241530186041
57200.33441367273,41655.33541367273,-81209.9802362182,20.20800472699651,258.681,2965,0.4887723808978381,0.09660476272889514
57196.02381405958,41651.02481405958,-81209.71584163405,20.207879719607728,258.707,2966,0.488106238729926,0.0951102129087005
57192.84118007089,41647.84218007089,-81208.71243414684,20.207787423222054,258.734,2967,0.48746193381708497,0.09366465693278139
57189.24849137926,41644.24949137926,-81207.36205440002,20.20768323525,258.761,2968,0.4868417875467053,0.09227330304237197
57186.15275936138,41641.153759361376,-81208.44359946439,20.20759345902148,258.806,2969,0.48624820014952463,0.0909415363708418
57183.285047055746,41638.28604705575,-81208.03852980984,20.207510295364617,258.943,2970,0.4856832614687804,0.08967404566930927
57122.29442484325,41577.29542484325,-81208.38684823785,20.205741567320455,259.61,2971,0.48514901309845077,0.08847541143734342
57120.846181600005,41575.84718160001,-81209.13651040001,20.2056995682664,259.62,2972,0.4846477677874007,0.08735082253487039
57118.54602030968,41573.54702030968,-81210.47094588388,20.20563286358898,259.629,2973,0.4841813481081679,0.08630436806717388
57115.876015723225,41570.87701572322,-81211.05280186921,20.205555433455974,259.653,2974,0.4837515024301447,0.08533997065811248
57113.06385765634,41568.06485765634,-81210.8137991324,20.205473880872034,259.677,2975,0.4833598717521154,0.08446131203593592
57112.251276386734,41567.25227638673,-81211.54247011564,20.205450316015217,259.721,2976,0.4830082334792103,0.08367237996879007
57110.156257742135,41565.15725774213,-81211.05164999393,20.205389560474522,259.747,2977,0.4826978128117285,0.0829759233036555
57109.29053643871,41564.291536438715,-81210.40126846453,20.205364454556722,259.792,2978,0.48242993098157083,0.08237490634304116
57109.452557746794,41564.45355774679,-81211.3423131523,20.205369153174658,259.82,2979,0.48220580996389056,0.08187207069802299
57110.91653371268,41565.91753371268,-81210.43520758311,20.205411608477668,259.847,2980,0.48202627755700495,0.0814692736085203
57113.440901226175,41568.44190122618,-81207.5430290916,20.20548481513556,259.889,2981,0.4818920666616296,0.08116815940315467
57115.81897006154,41570.81997006154,-81205.5106450154,20.205553779131783,259.913,2982,0.48180369027210745,0.08096987903083752
57118.44451493334,41573.44551493334,-81201.85567706668,20.205629919933067,259.936,2983,0.48176154541649796,0.08087532325970127
57121.558074803885,41576.55907480388,-81196.29677739031,20.20572021316931,259.981,2984,0.48176588031530687,0.08088504899475829
57124.83797229768,41579.838972297686,-81191.94296388839,20.205815330196632,260.124,2985,0.48181650019287564,0.08099861923931405
57159.194629146274,41614.19562914627,-81050.16256921792,20.20681167324524,260.767,2986,0.48191352527461234,0.08121630372987626
57163.350456366104,41618.3514563661,-81044.64017483391,20.206932192234618,260.772,2987,0.4820560763732391,0.0815361299307741
57168.928778400004,41623.92977840001,-81040.23785280001,20.2070939635736,260.778,2988,0.48224369215574114,0.08195706279992868
57174.21811173334,41629.21911173334,-81036.52585280001,20.207247354240266,260.821,2989,0.4824757631880881,0.08247773501732282
57179.818778400004,41634.81977840001,-81032.07785280001,20.207409773573602,260.848,2990,0.4827512754276785,0.08309587148724759
57184.16060818724,41639.161608187234,-81028.65555492767,20.20753568663743,260.875,2991,0.4830687362486098,0.08380812336934783
57190.5167784,41645.5177784,-81026.5878528,20.2077200155736,260.901,2992,0.4834269518815413,0.08461181233482298
57196.338111733334,41651.33911173334,-81022.79918613334,20.207888834240265,260.945,2993,0.4838245290420915,0.08550381242494823
57202.9247784,41657.92577840001,-81019.16838801128,20.2080798475736,260.972,2994,0.4842598805292294,0.08648056261156797
57207.63212353275,41662.63312353275,-81017.49116253453,20.20821636058245,261.017,2995,0.4847308421411817,0.08753720731350598
57213.0467784,41668.047778399996,-81015.41255280001,20.2083733855736,261.044,2996,0.48523594539090803,0.08867045184811388
57219.73089490486,41674.731894904864,-81012.97653241166,20.20856722495224,261.071,2997,0.48577279862129624,0.0898749303177211
57225.5447784,41680.5457784,-81011.60585280001,20.2087358275736,261.106,2998,0.4863390827086999,0.09114543956000631
57231.214532498365,41686.21553249836,-81010.01634460328,20.208900250442454,261.129,2999,0.4869325656440726,0.09247697186208224
57238.46309698407,41693.46409698407,-81009.36248996815,20.20911045881254,261.284,3000,0.4875510121815556,0.0938645122489823
57363.559222133335,41818.56022213334,-81078.0202944889,20.212738246441866,261.965,3001,0.4881915455523938,0.09530160643146797
57366.586138800005,41821.58713880001,-81084.56271810002,20.2128260270252,261.975,3002,0.48885161387524206,0.09678252903440279
57369.645576300005,41824.6465763,-81089.57515560002,20.2129147507127,261.985,3003,0.48952907435960913,0.09830247251474611
57371.96766511579,41826.9686651158,-81095.02548454738,20.212982091288357,262.01,3004,0.49022114532388295,0.09985519591981035
57373.11318968496,41828.11418968496,-81102.62233480356,20.213015311500865,262.033,3005,0.49092489751065715,0.10143412719735072
57373.73781417314,41828.738814173135,-81108.86843545076,20.21303342561102,262.084,3006,0.49163829182800567,0.10303469146137698
57373.74862464906,41828.74962464906,-81114.01885843021,20.213033739114824,262.112,3007,0.4923582348878194,0.10464994841766222
57372.73935274985,41827.74035274985,-81121.27486954986,20.213004470229745,262.138,3008,0.49308221572411015,0.10627426448835045
57370.4540910472,41825.4550910472,-81131.43033818429,20.21293819764037,262.165,3009,0.4938073848985185,0.10790124670240192
57370.3232587422,41825.3242587422,-81136.08363103354,20.212934403503525,262.21,3010,0.49453134405461835,0.10952551413163342
57369.279034867424,41824.28003486742,-81140.9652820045,20.212904121011157,262.237,3011,0.49525164866853594,0.11114158226704372
57368.766538346834,41823.76753834683,-81144.33685877222,20.21288925861206,262.263,3012,0.4959658887777357,0.11274404414109987
57368.9930846457,41823.9940846457,-81148.4827260748,20.212895828454727,262.307,3013,0.49667121947156734,0.11432651694108475
57367.68229178508,41822.683291785084,-81151.32479365972,20.212857815461767,262.334,3014,0.49736581461286067,0.11588490356414115
57367.36610619131,41822.367106191305,-81155.1567860348,20.212848646079546,262.486,3015,0.4980476471683158,0.11741465617889042
57365.78752740675,41820.78852740675,-81187.17706613934,20.212802867294798,263.201,3016,0.4987145813554095,0.11891098296529816
57360.69710753685,41815.69810753685,-81196.45775286316,20.21265524511857,263.21,3017,0.49936457805020695,0.12036930896555938
57360.69710753685,41815.69810753685,-81196.45775286316,20.21265524511857,263.217,3018,0.49999588944206386,0.1217857128094173
57362.24827530001,41817.24927530001,-81195.019788225,20.2127002289837,263.225,3019,0.5006070416432619,0.12315688769731684
57357.83275387649,41812.83375387649,-81202.31036785497,20.21257217886242,263.231,3020,0.5011963218455756,0.12447899079007356
57357.94548845983,41812.94648845983,-81203.43623777597,20.212575448165335,263.272,3021,0.5017620223123503,0.12574819062702752
57357.927235722644,41812.92823572265,-81206.10685462007,20.212574918835955,263.296,3022,0.5023031828241401,0.12696233286955635
57357.59349025665,41812.594490256655,-81206.91334268672,20.212565240217444,263.34,3023,0.5028188203405298,0.1281192119781426
57357.182546133336,41812.18354613334,-81210.41856426669,20.212553322837866,263.367,3024,0.5033078745050478,0.12921644894774723
57357.063614973915,41812.06461497392,-81212.4789628174,20.212549873834245,263.412,3025,0.5037694415399526,0.1302520160717847
57357.40360304391,41812.404603043906,-81215.8143366244,20.212559733488273,263.438,3026,0.5042028039196342,0.13122430351706427
57357.84996146311,41812.850961463104,-81217.03628262675,20.21257267788243,263.465,3027,0.5046073368111478,0.13213190941472028
57357.77921280001,41812.780212800004,-81220.01474676203,20.2125706261712,263.51,3028,0.5049827835125119,0.13297425783078762
57359.3559531315,41814.3569531315,-81221.37996389835,20.212616351640815,263.537,3029,0.5053285503478758,0.13375001680014112
57359.627444844205,41814.6284448442,-81222.9010136221,20.21262422490048,263.682,3030,0.5056443400005418,0.13445851926604951
57370.49099927121,41825.49199927121,-81237.03581190786,20.212939267978864,264.313,3031,0.5059301672741473,0.13509979844180373
57370.846155955434,41825.84715595543,-81236.09497605397,20.212949567522706,264.322,3032,0.506185949932778,0.1356736698237395
57372.973097103255,41827.97409710326,-81232.66054663106,20.213011248815995,264.329,3033,0.5064118587553652,0.13618051656973718
57374.49983090527,41829.500830905265,-81233.54091524212,20.21305552409625,264.353,3034,0.5066078427063918,0.13662022417702754
57372.28901110484,41827.29001110484,-81235.52922672714,20.21299141032204,264.395,3035,0.5067743085026032,0.13699370515118064
57371.19270308572,41826.19370308572,-81237.52960697144,20.212959617389487,264.422,3036,0.5069121886164614,0.13730305157796674
57367.920945004385,41822.92194500439,-81241.06858715913,20.212864736405127,264.449,3037,0.5070214925442288,0.13754828476310407
57366.62259354309,41821.62359354309,-81243.41945903242,20.212827084212748,264.494,3038,0.5071027863933102,0.13773067481943146
57365.16527451429,41820.1662745143,-81246.12332125715,20.212784821960916,264.52,3039,0.507156559328255,0.13785131923157695
57362.28785572016,41817.288855720166,-81249.15682478785,20.212701376815886,264.547,3040,0.5071832525257962,0.13791120781918986
57356.82207189456,41811.823071894556,-81254.18898642293,20.212542869084942,264.592,3041,0.507183444026396,0.1379116374679958
57359.12335243637,41814.12435243637,-81253.25517840001,20.212609606220653,264.619,3042,0.5071579333255621,0.13785440191801726
57356.690488800006,41811.6914888,-81256.0755534,20.2125390531752,264.644,3043,0.5071075706151686,0.13774140865113096
57353.81979914483,41808.82079914483,-81258.56781633104,20.2124558031752,264.687,3044,0.5070330679884119,0.13757425531241893
57350.58708716066,41805.588087160664,-81259.71732594099,20.21236205452766,264.828,3045,0.506935036720194,0.1373543133520599
57322.73569337144,41777.73669337144,-81306.77943188572,20.211554364107773,265.453,3046,0.5068144650486829,0.13708379997119655
57324.43590273104,41779.436902731046,-81308.03957966897,20.2116036701792,265.462,3047,0.5066721774066854,0.13676456485892335
57326.259396378955,41781.26039637896,-81308.29766496843,20.21165655149499,265.471,3048,0.5065088212852324,0.1363980607195587
57327.44814015817,41782.449140158176,-81310.26951989227,20.21169102506459,265.497,3049,0.5063250543425322,0.13598576306839624
57328.49059578592,41783.49159578592,-81309.72054858592,20.21172125627779,265.525,3050,0.5061219811610774,0.1355301501355282
57330.470680883926,41785.47168088393,-81306.22095536224,20.211778678745635,265.549,3051,0.5059003126085769,0.13503281681654491
57330.53891497065,41785.53991497065,-81306.46052647372,20.21178065753415,265.592,3052,0.5056605546753676,0.13449489834624104
57332.2802531721,41787.2812531721,-81308.93098504186,20.21183115634199,265.638,3053,0.5054036815165232,0.13391858032907192
57334.12988406606,41789.130884066064,-81307.35825888441,20.211884795637914,265.663,3054,0.5051302916989353,0.1333052057036528
57335.43980827827,41790.440808278276,-81306.10008883747,20.21192278344007,265.691,3055,0.5048418966587835,0.13265816551288573
57337.33518252153,41792.336182521525,-81306.52814797976,20.211977749293123,265.736,3056,0.5045387064308666,0.13197793098871763
57338.40787591112,41793.40887591112,-81306.01038426667,20.212008857401422,265.763,3057,0.5042212958730413,0.13126579187641288
57339.18605512259,41794.18705512259,-81305.47078211613,20.212031424598557,265.79,3058,0.5038902901477055,0.13052315078399468
57339.0210411158,41794.02204111579,-81305.29180970528,20.21202663919236,265.835,3059,0.5035464799903512,0.12975178179760324
57338.722814956745,41793.72381495674,-81306.86219722383,20.212017990633747,265.968,3060,0.5031907224466611,0.12895360777625067
57338.36909790639,41793.37009790639,-81313.6682047149,20.212007732839286,266.61,3061,0.5028235417535911,0.12812980489266104
57339.2901037091,41794.291103709096,-81307.4626728,20.212034442007564,266.63,3062,0.5024457205975323,0.12728212917409298
57339.89599287968,41794.89699287969,-81306.19072060876,20.21205201279351,266.637,3063,0.5020578554683816,0.1264119188992368
57340.339492800005,41795.34049280001,-81302.0156328,20.2120648742912,266.648,3064,0.5016604688963516,0.12552034641158513
57341.31958422858,41796.32058422858,-81296.26838708571,20.21209329694263,266.689,3065,0.5012545499709345,0.12460963082230307
57345.182591747376,41800.18359174738,-81288.3084622737,20.212205324160674,266.714,3066,0.5008406601888684,0.12368103189978455
57348.364501172095,41803.3655011721,-81279.53406814885,20.21229759953399,266.759,3067,0.500419336412779,0.1227357541435786
57350.20781280001,41805.2088128,-81273.18179280001,20.2123510555712,266.785,3068,0.49999140864686625,0.12177565974270048
57351.99494722624,41806.99594722624,-81267.28185312788,20.21240288246956,266.812,3069,0.4995579167725056,0.12080308176447073
57353.45881767805,41808.45981767806,-81263.70950206829,20.212445334712662,266.857,3070,0.4991191699227493,0.1198187137766739
57357.01129851429,41812.012298514295,-81258.9466728,20.212548356656914,266.884,3071,0.498675980775904,0.11882437909612685
57361.07889515295,41816.07989515294,-81251.3118492706,20.212666316959435,266.911,3072,0.49822928248473247,0.11782217133491545
57364.69838122106,41819.69938122106,-81243.39846227369,20.21277128205541,266.938,3073,0.49777982966403606,0.11681378353916427
57367.7016528,41822.7026528,-81234.5653128,20.2128583769312,266.983,3074,0.49732833155570905,0.11580080695680298
57370.2782890646,41825.279289064594,-81225.51317863658,20.212933099382873,267.124,3075,0.4968757527446292,0.11478540572069246
57018.54207757242,41473.54307757242,-81170.5107844138,20.2027327492496,269.237,3076,0.4964229002159962,0.11376939037465239
57003.05800935652,41458.059009356526,-81164.33050330436,20.20228371127134,269.247,3077,0.4959706307334152,0.11275468314482845
57003.05800935652,41458.059009356526,-81164.33050330436,20.20228371127134,269.256,3078,0.4955198852545914,0.11174339515439677
56996.4949224,41451.495922400005,-81160.893112,20.2020933817496,269.263,3079,0.4950714207625291,0.11073722476275771
56990.55746086154,41445.558460861546,-81156.64134276923,20.201921195364985,269.27,3080,0.4946262772142831,0.10973850520702526
56984.9620733434,41439.9630733434,-81152.74677237736,20.20175892912696,269.312,3081,0.49418536057931645,0.1087492691111095
56980.56962719705,41435.570627197056,-81150.86853635425,20.201631548188715,269.337,3082,0.493749594827271,0.10777158948393951
56976.1294224,41431.130422400005,-81147.590112,20.2015027822496,269.381,3083,0.4933199907875425,0.10680773421210842
56972.30916897535,41427.31016897535,-81145.13126268494,20.201391994900284,269.41,3084,0.49289744081371867,0.1058597053710863
56965.88388934215,41420.88488934215,-81137.3380706777,20.201205661790922,269.461,3085,0.4924827425782083,0.10492929261060954
56963.368347057534,41418.36934705754,-81137.12681063014,20.20113271106467,269.489,3086,0.49207695146015273,0.10401886376862918
56956.26320303242,41411.26420303242,-81129.58338867985,20.20092666188794,269.498,3087,0.49168139471757943,0.10313139666781099
56951.02154004706,41406.022540047066,-81123.03811200001,20.200774653661366,269.544,3088,0.4912963542695075,0.10226752381881057
56945.68279125246,41400.683791252464,-81115.20958740984,20.200619829946323,269.571,3089,0.4909230093773502,0.10142989100058915
56942.34462828236,41397.34562828236,-81114.66899435295,20.20052302322019,269.715,3090,0.49056224876391075,0.10062049214262593
56823.59605337143,41278.59705337143,-80906.90985874286,20.19707931454777,270.544,3091,0.49021480907604525,0.09984097997834517
56791.965533890914,41246.96653389091,-80885.62904705455,20.196162029482835,270.553,3092,0.4898812316559505,0.099092569057616
56791.965533890914,41246.96653389091,-80885.62904705455,20.196162029482835,270.562,3093,0.48956261411837293,0.09837772197776527
56779.726733890915,41234.72773389092,-80881.75492887273,20.195807104282835,270.569,3094,0.48925960459941364,0.09769789289038401
56779.726733890915,41234.72773389092,-80881.75492887273,20.195807104282835,270.575,3095,0.48897280094449963,0.0970544231154163
56766.21176260919,41221.2127626092,-80877.3302524834,20.195415170115666,270.581,3096,0.48870259918402026,0.09644820118263213
56755.21221373281,41210.213213732815,-80876.63743638262,20.195096183198253,270.604,3097,0.4884500286715339,0.09588153653924818
56744.40631494085,41199.40731494085,-80878.86474807888,20.194782812133283,270.679,3098,0.48821524033005964,0.09535476779462117
56735.07735207273,41190.07835207273,-80881.51972887274,20.19451227221011,270.688,3099,0.4879981363280362,0.09486767545485127
56725.657170925464,41180.65817092547,-80883.95829311291,20.194239086956838,270.714,3100,0.48779920130716975,0.09442134685716135
56717.61336898605,41172.61436898605,-80887.27825741396,20.194005816700596,270.758,3101,0.4876191481896641,0.09401738150658616
56712.13868730001,41167.139687300005,-80892.8316891,20.1938470509317,270.766,3102,0.48745747755017693,0.09365465889748659
56706.63671782326,41161.637717823265,-80896.2916527628,20.193687493816874,270.81,3103,0.4873144663392222,0.09333380039323048
56704.09361158415,41159.09461158415,-80898.91634080705,20.19361374373594,270.838,3104,0.48719019704938776,0.09305499107335224
56702.19508633847,41157.196086338474,-80901.45592467692,20.193558686503817,271.021,3105,0.48708471464599934,0.09281833182160125
56635.78208193489,41090.78308193489,-80838.2637335442,20.191632709376112,271.743,3106,0.4869977435585245,0.09262320437072229
56620.5351315892,41075.53613158919,-80830.21918923245,20.19119054781609,271.752,3107,0.48692881690953554,0.09246856123924793
56620.5351315892,41075.53613158919,-80830.21918923245,20.19119054781609,271.761,3108,0.4868777403116432,0.09235396630160063
56612.17892747463,41067.17992747463,-80828.36392097911,20.190948217896764,271.788,3109,0.48684416524901697,0.09227863763119329
56604.74130125168,41059.74230125168,-80826.90929268517,20.190732526736298,271.815,3110,0.4868271997014534,0.09224057390053331
56596.1071619122,41051.1081619122,-80825.19461045855,20.190482136695454,271.86,3111,0.4868266475025661,0.09223933499270334
56588.76903657041,41043.77003657041,-80826.05846083589,20.19026933106054,271.886,3112,0.4868415829775772,0.09227284407314827
56581.989045848284,41036.99004584829,-80824.77123955863,20.1900727113296,271.911,3113,0.48687162809211926,0.09234025298779082
56575.282861831285,41030.28386183128,-80826.23742030712,20.189878231993106,271.954,3114,0.4869158082008888,0.09243937503230074
56569.26446257938,41024.26546257938,-80826.67998549956,20.189703698414803,271.981,3115,0.4869733432215105,0.09256846002176256
56563.45834240001,41018.459342400005,-80827.51915680002,20.1895353209296,272.026,3116,0.4870433221700444,0.09272546408183674
56558.6584424,41013.65944240001,-80829.04259013335,20.1893961238296,272.053,3117,0.4871252193862612,0.09290920784655718
56553.198799542864,41008.19979954287,-80829.76247108572,20.18923779418674,272.08,3118,0.48721754415019547,0.09311634675171007
56548.1740674,41003.17506740001,-80832.23425680002,20.1890920769546,272.124,3119,0.48731957997565467,0.09334527329613142
56543.55002690705,40998.55102690705,-80835.05478496903,20.188957979780305,272.258,3120,0.48743051412667476,0.09359416403364497
56383.05714802467,40838.05814802468,-80674.24019627842,20.184303686292715,272.974,3121,0.48754889066005924,0.09385975242484315
56383.326733527276,40838.32773352727,-80658.29511578183,20.18431150427229,273.043,3126,0.4876741170183047,0.09414070901371366
56385.09551343158,40840.09651343158,-80660.99287654737,20.184362798889516,273.066,3127,0.4878049046109162,0.09443414273167484
56385.695074518415,40840.69607451842,-80669.99822900795,20.184380186161036,273.11,3128,0.4879404553281773,0.09473826294785158
56387.050614646156,40842.05161464616,-80679.00052836924,20.184419496824738,273.155,3129,0.4880797520547781,0.09505078767263733
56391.379535426866,40846.38053542687,-80689.38540207762,20.18454503552738,273.182,3130,0.48822183773560524,0.09536956966687439
56396.25102683774,40851.25202683774,-80700.43076929812,20.184686308778293,273.226,3131,0.4883656673373157,0.09569226430434008
56401.11342631724,40856.11442631725,-80709.9464700138,20.1848273183632,273.236,3132,0.4885103892119413,0.0960169608362799
56406.584093152946,40861.58509315294,-80717.76298877648,20.184985967701436,273.28,3133,0.4886550637546056,0.09634155117471081
56411.431476929036,40866.43247692904,-80724.83420082582,20.185126541830943,273.307,3134,0.48879885807588036,0.09666416665734838
56417.78736402581,40872.78836402581,-80733.55258792259,20.185310862556747,273.452,3135,0.48894093208663447,0.09698292246872783
56483.449374374664,40938.45037437466,-80811.43807523622,20.187215060856865,274.113,3136,0.4890803119178195,0.0972956336461169
56475.26248528133,40930.263485281335,-80817.07861033695,20.18697764107316,274.122,3137,0.4892168885220088,0.09760205553181392
56451.599754164934,40906.60075416493,-80847.5664426313,20.186291421870784,274.236,3141,0.4893497070140783,0.09790004575522707
56443.41707778114,40898.41807778114,-80868.70603263397,20.18605412425565,274.329,3144,0.48947791383848893,0.09818768928779485
56438.399860800004,40893.4008608,-80884.73567704616,20.1859086249632,274.399,3146,0.4896007738606272,0.09846333678894528
56439.52834742208,40894.52934742208,-80894.52841952108,20.18594135107524,274.426,3147,0.4897180138424835,0.0987263752246475
56439.80023772308,40894.80123772308,-80906.50912320001,20.18594923589397,274.453,3148,0.4898290354638638,0.09897546220977524
56440.993572921216,40895.99457292122,-80913.81831107881,20.185983842614714,274.498,3149,0.48993336292519696,0.09920953024523009
56380.42514191602,40835.42614191602,-81003.78569825766,20.184227358115564,275.347,3151,0.49003045870039946,0.0994273733429361
56364.32223185455,40819.32323185455,-81010.56204021818,20.183760373723782,275.356,3152,0.49012002996020343,0.09962833451411403
56351.97882501387,40806.97982501387,-81015.73580889506,20.183402414925403,275.364,3153,0.49020157009528964,0.09981127713522704
56342.51171294868,40797.51271294868,-81019.72501769204,20.183127868675513,275.401,3154,0.49027515870011457,0.0999763797835914
56332.98562757648,40787.98662757648,-81022.7092746896,20.18285161219972,275.426,3155,0.490340135556114,0.10012216119952419
56324.34268640001,40779.34368640001,-81026.94267658182,20.1826009669056,275.453,3156,0.490396376008186,0.10024834170810135
56313.7839128151,40768.7849128151,-81029.57085840001,20.18229476247164,275.481,3157,0.49044370985910773,0.1003545394565579
56301.60421581177,40756.60521581177,-81029.95379957648,20.18194155125854,275.522,3158,0.4904817064355194,0.10043978819050621
56289.56705902358,40744.568059023586,-81030.62245535819,20.181592473711685,275.547,3159,0.49051072747160096,0.10050489949308818
56275.29078984829,40730.291789848285,-81030.55387564139,20.1811784619056,275.591,3160,0.4905305374108874,0.10054934487220514
56260.51497647635,40715.51597647635,-81027.96940801833,20.180749963317815,275.619,3161,0.4905412058702221,0.10057328051950153
56244.676030662304,40699.67703066231,-81022.02118626886,20.180290633889207,275.645,3162,0.4905427046936122,0.10057664326447717
56231.28871752841,40686.289717528416,-81017.46358213542,20.179902401808324,275.69,3163,0.490535085743838,0.10055954946594034
56219.22050927824,40674.22150927824,-81013.7371683631,20.17955242376907,275.718,3164,0.4905180545705488,0.10052133849806723
56207.55107349678,40662.55207349679,-81007.3633584,20.179214010131407,275.901,3165,0.4904916604363762,0.10046212088599878
56112.64901255173,40567.650012551734,-80810.96939830102,20.176461850364,276.606,3167,0.4904563250205842,0.10038284270506041
56108.08052509092,40563.08152509092,-80804.81503134547,20.176329364227637,276.613,3168,0.4904117890133758,0.1002829221704181
56108.359482771164,40563.36048277117,-80807.00956426082,20.176337454000365,276.637,3169,0.4903580933663551,0.10016245116067626
56097.347410117654,40552.34841011766,-80796.47357680001,20.176018103893412,276.679,3170,0.49029556042759553,0.100022152892707
56085.94080112111,40540.94180112111,-80785.46541071004,20.17568731223251,276.705,3171,0.4902245809674817,0.09986290409498699
56073.47721481424,40528.47821481424,-80778.59009853913,20.175325868229613,276.75,3172,0.4901449796483831,0.09968431138178437
56060.23922443374,40515.24022443374,-80771.98032378795,20.174941966508577,276.776,3173,0.49005692719935223,0.09948675779907204
56046.06826984616,40501.069269846164,-80765.11819218463,20.17453100882554,276.803,3174,0.48996058528150643,0.0992706060480953
56031.936881625006,40486.93788162501,-80760.856154925,20.174121198567125,276.846,3175,0.4898564781690672,0.09903703238518678
56017.572694512404,40472.57369451241,-80759.70390737851,20.173704637140858,276.873,3176,0.4897444314063454,0.09878564540332953
56002.34187977953,40457.342879779535,-80758.55066341418,20.173262943513606,276.9,3177,0.4896243356747259,0.09851619983638606
55988.02580021053,40443.02680021053,-80758.30199785264,20.172847777206105,276.945,3178,0.48949687417412197,0.09823022850476111
55975.329808307695,40430.3308083077,-80759.69665372308,20.172479593440922,276.972,3179,0.48936222717537026,0.09792813586227782
55962.89129781819,40417.892297818194,-80763.88794043637,20.172118876636727,277.083,3180,0.4892206518796587,0.09761049896291604
55746.461721600004,40201.46272160001,-80920.3107264,20.1658424189264,277.821,3181,0.4890723553576584,0.09727778238833608
55729.1246345771,40184.125634577096,-80922.57696304123,20.165339643402735,277.83,3182,0.48891766701591366,0.09693072519172376
55713.038088398425,40168.03908839842,-80925.6977659257,20.164873133563553,277.839,3183,0.4887567134797059,0.09656961146827794
55696.40218506864,40151.403185068644,-80925.15444226716,20.16439069236699,277.864,3184,0.4885898835538657,0.09619531353657805
55681.49952007329,40136.500520073285,-80922.23070349924,20.163958515082125,277.888,3185,0.48841742516397924,0.09580838763995797
55667.48847544616,40122.48947544616,-80918.95218793847,20.16355219478794,277.932,3186,0.48823960484977413,0.09540943178425051
55653.21153781622,40108.212537816216,-80915.13637504865,20.16313816359667,277.959,3187,0.4880568037989018,0.09499930119820922
55640.958112297674,40095.95911229767,-80908.67330779535,20.162782814256634,277.986,3188,0.4878696503130246,0.09457940553307921
55629.55839246615,40084.55939246615,-80900.22993112441,20.162452222381518,278.03,3189,0.4876779978852675,0.09414941608751987
55619.885009100006,40074.88600910001,-80893.76475765,20.1621716942639,278.057,3190,0.48748234211836095,0.09371044479079688
55610.47369997838,40065.47469997838,-80886.09799667027,20.161898766299373,278.102,3191,0.4872831712830536,0.09326358712221601
55601.39486705455,40056.395867054554,-80877.29795367274,20.161635480144582,278.111,3192,0.48708090704063706,0.09280978911677984
55594.15903069091,40049.16003069091,-80870.67550821819,20.161425640890037,278.155,3193,0.4868756302901616,0.09234923227877813
55587.40422670949,40042.405226709496,-80860.72575559709,20.161229751574574,278.182,3194,0.48666780270899923,0.09188295242288598
55581.10166306342,40036.102663063415,-80852.93065322927,20.16104697722884,278.364,3195,0.48645793858718855,0.09141210340502463
55430.70829789957,39885.709297899564,-80701.98711567225,20.156685569639087,279.135,3196,0.48624622158195085,0.09093709727667532
55414.89329940823,39869.89429940823,-80709.77590934795,20.156226934682838,279.144,3197,0.48603309602339784,0.09045893093237578
55414.89329940823,39869.89429940823,-80709.77590934795,20.156226934682838,279.152,3198,0.4858190128085678,0.08997861600015382
55408.11710847225,39863.11810847225,-80712.03936236829,20.156030425145694,279.159,3199,0.48560396134679923,0.08949612871890841
55403.01214715025,39858.013147150254,-80716.40913999618,20.155882381267357,279.165,3200,0.48538861733110183,0.08901298506663177
55398.19395585743,39853.19495585743,-80719.86505216635,20.155742653719866,279.207,3201,0.4851732033700537,0.08852968448567475
55391.65973022386,39846.660730223855,-80722.24313191927,20.155553161176492,279.249,3202,0.48495810626666047,0.08804709480334261
55385.70948077356,39840.71048077356,-80725.8766780562,20.155380603942433,279.274,3203,0.48474320511670016,0.08756494476014764
55380.58565432728,39835.586654327286,-80730.49129789091,20.155232012975492,279.301,3204,0.48452942347184086,0.08708530642725722
55377.30596103926,39832.306961039256,-80735.99531403366,20.15513690187014,279.346,3205,0.48431670210616834,0.08660804692601008
55373.70533508838,39828.706335088384,-80739.55943531163,20.155032483717562,279.373,3206,0.4841053071861022,0.08613376342468902
55371.05138160001,39826.052381600006,-80742.4013888,20.1549555190664,279.4,3207,0.4838954391296781,0.08566290557916888
55367.7547618817,39822.75576188169,-80745.16336063099,20.15485991709457,279.445,3208,0.48368735955599634,0.0851960603554129
55359.40165746208,39814.40265746208,-80752.54228535174,20.1546176770664,279.472,3209,0.483481221197894,0.08473357042326715
55354.44244410001,39809.443444100005,-80757.70407630001,20.1544738598789,279.647,3210,0.48327734995760013,0.08427616697367162
55271.30233072941,39726.30333072941,-80966.56385392942,20.152062796591153,280.348,3211,0.48307590621594754,0.0838242098354381
55260.54281154783,39715.54381154783,-80975.61372605218,20.151750770534886,280.357,3212,0.4828769377426489,0.08337780618421012
55248.27060072518,39703.27160072519,-80982.3546275223,20.15139487642103,280.365,3213,0.4826804749397327,0.08293702422967086
55235.365758948254,39690.36675894825,-80988.9582331972,20.1510206360095,280.39,3214,0.48248716700575495,0.08250332050712439
55223.3825072,39678.38350720001,-80995.11603040001,20.1506731217088,280.417,3215,0.482296930781468,0.08207650844132516
55209.5580072,39664.559007200005,-80999.8602804,20.1502722112088,280.462,3216,0.4821096628386421,0.08165635598174445
55196.11220869254,39651.113208692535,-81002.37879159403,20.149882283052083,280.489,3217,0.4819256901244876,0.08124359666383171
55182.102629151224,39637.10362915123,-81002.38688405853,20.149476005245386,280.515,3218,0.48174523860331725,0.08083873745883002
55168.48029789768,39623.481297897684,-81002.35451877209,20.149080957639033,280.542,3219,0.48156782372700513,0.08044069123947235
55156.33907346507,39611.340073465064,-81003.33597015904,20.148728862130486,280.587,3220,0.4813940636006414,0.08005084478007787
55142.82683805502,39597.82783805502,-80999.89671813234,20.148337007303596,280.614,3221,0.48122411955507494,0.07966956004090485
55132.349499231874,39587.35049923188,-80997.31043279044,20.148033164477724,280.641,3222,0.4810579357647976,0.07929671177240878
55121.812152869294,39576.81315286929,-80993.19984929764,20.14772758143321,280.686,3223,0.4808954997502294,0.07893227197553032
55112.02886178168,39567.02986178167,-80990.07672761116,20.14744386599167,280.713,3224,0.480737233101157,0.07857718652484447
55103.61534892662,39558.61634892662,-80983.12513111942,20.147199874118872,280.863,3225,0.48058304952173597,0.07823126180786862
55036.906748243484,39491.90774824348,-80896.74534650751,20.14526532469906,281.61,3226,0.4804333027193903,0.07789529139899636
55028.37815839392,39483.37915839392,-80892.365123781,20.145017995593424,281.619,3227,0.4802876901166583,0.07756859643849974
55028.37815839392,39483.37915839392,-80892.365123781,20.145017995593424,281.628,3228,0.4801463417307417,0.07725146863165555
55025.01067303785,39480.01167303785,-80891.26375907027,20.144920338518098,281.635,3229,0.48000949818292854,0.07694444783394805
55020.94954108236,39475.95054108236,-80888.53678291765,20.14480256569139,281.641,3230,0.47987730082143915,0.07664785117281271
55016.144352709736,39471.14535270973,-80887.43745767159,20.144663215228583,281.686,3231,0.4797497865522115,0.07636176145003816
55007.87488438033,39462.87588438034,-80883.95250519345,20.144423400647028,281.711,3232,0.4796267379176484,0.07608569077996205
54997.927052067476,39452.92805206748,-80880.95493458313,20.14413491350996,281.755,3233,0.4795085444326621,0.0758205130742958
54986.34320016351,39441.34420016351,-80878.45144500438,20.143798981804743,281.782,3234,0.4793954656525073,0.07556681066857973
54976.555831151425,39431.55683115142,-80880.58863050041,20.14351514810339,281.809,3235,0.4792871868928632,0.07532387754025942
54968.944585200006,39423.94558520001,-80884.2512388,20.1432944219708,281.854,3236,0.4791836622801563,0.0750916107678499
54958.15906596924,39413.160065969234,-80886.39202726154,20.142981641913106,281.88,3237,0.47908493343688685,0.07487010373517118
54949.34338207501,39404.34438207501,-80889.4369263,20.142725987080176,281.906,3238,0.4789911797131106,0.07465975883019162
54942.36449439283,39397.36549439283,-80892.38819732018,20.14252359933739,281.951,3239,0.47890250929245815,0.07446081877260886
54937.26083520001,39392.26183520001,-80896.2446888,20.1423755932208,282.089,3240,0.47881895901868726,0.07427336622470478
54851.89268689134,39306.893686891344,-81010.14620749607,20.13989991691985,282.861,3241,0.47874052898336594,0.0740974013919203
54850.984137600004,39305.9851376,-81027.51297600001,20.1398735689904,282.871,3242,0.4786671810928824,0.07393283880781398
54850.984137600004,39305.9851376,-81027.51297600001,20.1398735689904,282.88,3243,0.47859902102208435,0.07377991556340355
54850.984137600004,39305.9851376,-81027.51297600001,20.1398735689904,282.888,3244,0.4785355442320696,0.07363749968031903
54850.63704855976,39305.63804855976,-81039.23706144892,20.139863503408233,282.895,3245,0.4784768284375428,0.07350576551848434
54851.02235502331,39306.02335502331,-81046.64688765645,20.139874677295676,282.9,3246,0.47842269448361113,0.07338431112779686
54851.12320181053,39306.124201810526,-81054.12666284211,20.139877601852504,282.926,3247,0.4783732371049274,0.07327334905396397
54851.943859705265,39306.94485970527,-81060.31858085831,20.139901400931453,282.954,3248,0.47832780651439544,0.07317142144123875
54850.68859654737,39305.68959654737,-81068.668176,20.139864998299874,282.998,3249,0.4782859186866389,0.0730774423351898
54848.9894566244,39303.99045662439,-81077.2050052683,20.13981572324211,283.024,3250,0.47824773859253433,0.07299178186280471
54844.8005969358,39299.801596935795,-81087.98098042805,20.139694246311137,283.07,3251,0.47821251344513394,0.07291275107891274
54840.48137054118,39295.48237054118,-81100.34147011765,20.139568988745694,283.096,3252,0.4781801979878588,0.07284024844631194
54833.89245156227,39288.89345156227,-81110.40338354718,20.139377910095305,283.123,3253,0.4781506036622152,0.07277385091707561
54827.173850340216,39282.17485034022,-81119.46436817083,20.13918307065987,283.168,3254,0.4781233069566782,0.07271260830503673
54821.87397412174,39276.87497412175,-81129.12704556523,20.13902937424953,283.304,3255,0.47809753871900207,0.07265479494800768
54761.77482951017,39216.77582951017,-81165.56865801498,20.137286499055794,285.291,3256,0.4780728070074651,0.07259930713052486
54762.75447932904,39217.75547932905,-81165.49457659356,20.137314908900542,285.301,3257,0.4780485843300624,0.07254496137686954
54763.83496320001,39218.83596320001,-81165.0700850087,20.1373462429328,285.311,3258,0.47802456641561164,0.07249107502729889
54765.704385310564,39220.70538531056,-81164.34810390754,20.137400456174007,285.336,3259,0.4779997985522556,0.07243550609996106
54770.12307640756,39225.12407640756,-81162.74789673963,20.13752859821582,285.36,3260,0.4779734698688177,0.07237643533249805
54775.20419000413,39230.205190004126,-81159.35017353403,20.13767595051012,285.404,3261,0.47794541675418895,0.07231349564868288
54778.101710772826,39233.10271077283,-81155.05916162331,20.13775997861241,285.431,3262,0.4779151162124748,0.07224551366022441
54782.23181840363,39237.23281840363,-81151.19449923259,20.137879751733706,285.475,3263,0.4778817379723456,0.0721706265787778
54786.423326836375,39241.42432683638,-81147.87643876365,20.138001305478255,285.502,3264,0.4778444705242649,0.07208701370976701
54790.05336125826,39245.054361258255,-81144.03721987574,20.13810657647649,285.529,3265,0.47780346628715814,0.0719950170187496
54792.020808270434,39247.02180827044,-81137.9511826817,20.13816363243984,285.574,3266,0.4777578470534982,0.07189266616821337
54794.83174743238,39249.832747432374,-81133.29244970292,20.138245149675537,285.601,3267,0.4777071877546703,0.07177900747851991
54799.233637618614,39254.23463761862,-81130.4187791442,20.138372804490942,285.628,3268,0.47765030404960174,0.07165138377403547
54801.987763200006,39256.9887632,-81125.28750240001,20.1384526741328,285.672,3269,0.4775876659640227,0.07151084959972713
54803.29213711305,39258.293137113054,-81121.6945850087,20.13849050097628,285.805,3270,0.47751916493432395,0.07135716138338093
54817.20139524706,39272.20239524706,-81096.99746075294,20.138893869462166,286.445,3271,0.4774440127784751,0.07118855076777737
54821.743890503225,39276.74489050322,-81105.0365784,20.139025601824592,286.454,3272,0.4773620610553511,0.07100468471191206
54821.743890503225,39276.74489050322,-81105.0365784,20.139025601824592,286.462,3273,0.477273294408316,0.07080552876179194
54825.487450013796,39280.4884500138,-81111.60088874483,20.1391341650504,286.469,3274,0.4771777128918431,0.07059108303963282
54829.18055346207,39284.18155346207,-81116.65537150345,20.1392412650504,286.476,3275,0.4770752439085913,0.07036118466677575
54834.73325525363,39289.73425525363,-81122.48007002012,20.139402293402355,286.517,3276,0.47696610090507074,0.07011631252964862
54838.73818669091,39293.73918669092,-81120.40517523795,20.139518436414036,286.543,3277,0.47685055760238493,0.06985708074614656
54847.29878529231,39302.299785292314,-81128.97237840001,20.139766693773478,286.587,3278,0.47672889901393506,0.06958412876944949
54854.12362375385,39309.12462375384,-81133.28561686154,20.13996461408886,286.614,3279,0.4766015398593363,0.06929838706028502
54859.81700237065,39314.81800237065,-81133.68423895046,20.14012972206875,286.659,3280,0.47646926698499303,0.06900162097927567
54864.710171490675,39319.71117149068,-81134.13845942894,20.14027162397323,286.685,3281,0.4763325584684428,0.06869490313634191
54866.970566190605,39321.97156619061,-81134.77412873557,20.14033717541953,286.712,3282,0.47619191311273257,0.06837935264094724
54867.27909578182,39322.280095781825,-81133.93544203637,20.14034612277767,286.739,3283,0.4760486107080755,0.06805784081745028
54868.51402458795,39323.51502458795,-81133.99760249638,20.14038193571305,286.784,3284,0.47590350394274383,0.06773228074862107
54870.45295941819,39325.453959418184,-81133.54885112727,20.140438164823127,286.924,3285,0.4757574145154245,0.0674045159893104
54813.67412982858,39268.67512982858,-81009.13700914287,20.13879157876503,287.558,3286,0.47561126719213515,0.06707662133518771
54826.277501796234,39281.27850179623,-80974.321152,20.13915707655209,287.669,3291,0.47546642642011666,0.06675165804626161
54833.19219037027,39288.193190370264,-80959.95879140521,20.13935760252074,287.725,3293,0.4753242219817417,0.06643260960879316
54836.852327630775,39291.85332763077,-80952.27922892309,20.139463746501292,287.769,3294,0.47518578827771574,0.06612202115271429
54842.86357763078,39297.86457763078,-80946.61932507693,20.139638072751293,287.796,3295,0.47505254044094314,0.06582306765587444
54848.14574444652,39303.14674444652,-80938.9429892093,20.13979125558895,287.84,3296,0.47492598854651097,0.06553913710744255
54854.81009854599,39309.81109854599,-80932.34797681752,20.139984521857833,287.867,3297,0.47480743114247353,0.06527314291667954
54863.24018853699,39318.241188536995,-80928.50231638357,20.140228994467574,287.894,3298,0.4746982917419594,0.06502827886322106
54870.35604115863,39325.357041158626,-80923.69925544829,20.1404353541936,287.938,3299,0.4745998364528019,0.06480738557377698
54877.38825564771,39332.38925564771,-80918.49101438532,20.140639288413784,288.072,3300,0.4745135768231878,0.06461385434254761
54903.275840606904,39358.27684060691,-80882.41623492415,20.1413900283776,288.831,3301,0.474441069375143,0.06445117736658357
54904.49078961128,39359.491789611275,-80880.21095080565,20.14142526189873,288.841,3302,0.47438363163859953,0.0643223106426941
54904.49078961128,39359.491789611275,-80880.21095080565,20.14142526189873,288.85,3303,0.47434260005238194,0.06423025259148858
54906.45173266088,39361.45273266088,-80878.70490059131,20.141482129247166,288.858,3304,0.474319024693704,0.06417735915556702
54911.71797402618,39366.71897402618,-80878.27426263926,20.14163485024676,288.864,3305,0.4743144451029404,0.06416708443211906
54917.32746144847,39372.32846144847,-80876.63624707666,20.141797525382007,288.888,3306,0.47432998048018976,0.06420193944714904
54925.85653026208,39380.857530262074,-80877.04649354484,20.1420448683776,288.93,3307,0.47436678376611496,0.0642845109266494
54933.84962426302,39388.850624263025,-80878.49310785755,20.142276668103626,288.973,3308,0.4744256767164076,0.06441664255336581
54941.55795397083,39396.55895397083,-80880.62955444465,20.142500209665155,289.001,3309,0.474507503367702,0.06460022799934113
54948.56105440001,39403.56205440001,-80884.09088320001,20.1427032995776,289.045,3310,0.47461268914194954,0.06483622173695643
54955.724848286474,39410.72584828647,-80886.59418101661,20.142911049600308,289.072,3311,0.4747422696268257,0.06512694720023011
54963.94279985455,39418.94379985455,-80888.46513774547,20.143149370195783,289.107,3312,0.4748967437261931,0.06547352372481484
54970.00301422534,39425.00401422534,-80890.34667009958,20.143325116412534,289.133,3313,0.47507635288472905,0.0658764930135427
54976.84000440001,39431.841004400005,-80892.1909332,20.1435233891276,289.158,3314,0.4752816265219926,0.06633704286677371
54983.745926813805,39438.74692681381,-80893.87183837242,20.1437236608776,289.31,3315,0.47551233280484917,0.06685465314603559
55125.89450443637,39580.89550443637,-80957.34932269092,20.147845969628655,289.956,3316,0.4757685729719126,0.0674295509892567
55134.6081408,39589.60914080001,-80961.26130833685,20.1480986650832,289.964,3317,0.47605083241682944,0.06806282542070562
55143.32446991393,39598.325469913936,-80965.97385663798,20.148351438627504,289.971,3318,0.47635846359721057,0.06875302362083749
55152.484066725934,39607.48506672593,-80970.20582100742,20.148617066935053,289.994,3319,0.4766907117124178,0.06949845212658622
55162.81275618462,39617.81375618462,-80974.93610590769,20.148916598929354,290.036,3320,0.4770473829391927,0.07029867607805265
55173.36801204464,39628.36901204464,-80978.21995866438,20.149222701349295,290.063,3321,0.4774281884699304,0.07115304750941993
55184.14858614413,39639.149586144136,-80981.63258364049,20.14953533799818,290.121,3322,0.47783215540435375,0.07205938363148129
55195.927290597574,39650.92829059757,-80985.04019497652,20.149876920427328,290.13,3323,0.47825803654385174,0.07301488624206663
55209.24600690879,39664.24700690879,-80987.3554847297,20.150263163200353,290.156,3324,0.4787050268368472,0.07401774913561224
55221.122890800005,39676.12389080001,-80985.4439136,20.1506075928332,290.2,3325,0.47917254058406145,0.07506665824314947
55233.38795629816,39688.388956298164,-80984.38225123838,20.150963279732647,290.245,3326,0.4796597102227313,0.07615966710965073
55246.18416700088,39701.18516700088,-80983.67500748647,20.151334369843024,290.254,3327,0.4801646653652364,0.07729257935239726
55258.04103799627,39713.042037996274,-80979.6584136,20.151678219101893,290.298,3328,0.48068644863988513,0.07846324702195957
55266.64363698321,39721.64463698321,-80972.15612352367,20.151927694472512,290.325,3329,0.48122350920935797,0.0796681906754368
55275.49842960867,39730.499429608666,-80966.09408147004,20.15218448345865,290.438,3330,0.4817745814711054,0.08090457081976894
55316.748878912826,39771.74987891283,-80887.7120769641,20.153380746488473,291.212,3331,0.4823379215329643,0.08216847487616356
55319.1530677458,39774.154067745796,-80888.12741365234,20.15345046796463,291.217,3332,0.4829121713588444,0.08345685596860503
55319.1530677458,39774.154067745796,-80888.12741365234,20.15345046796463,291.223,3333,0.483495775167258,0.0847662235615068
55320.14052831404,39775.14152831404,-80890.9037910189,20.153479104321107,291.228,3334,0.48408718576873855,0.08609310639625414
55321.94864695586,39776.949646955865,-80892.8879199041,20.15353153976172,291.252,3335,0.4846849040013547,0.08743414096832379
55324.500842261674,39779.50184226167,-80895.17806085534,20.15360555342559,291.279,3336,0.4852874600505724,0.08878602961671553
55327.85755540599,39782.858555406,-80898.02581871138,20.153702898106772,291.306,3337,0.48589310724099843,0.0901448535182105
55331.02368035122,39786.02468035123,-80901.29212074146,20.153794715730186,291.334,3338,0.4865002482481028,0.09150702893167317
55335.17789816261,39790.178898162616,-80904.42999220415,20.153915188046717,291.378,3339,0.4871073812973277,0.0928691864909182
55338.7730796766,39793.7740796766,-80905.7909531234,20.15401944831062,291.423,3340,0.4877128196429361,0.09422754183029577
55342.588205639266,39797.58920563926,-80908.21674740614,20.154130086963537,291.45,3341,0.4883148434808272,0.0955782364147463
55343.89674805517,39798.89774805517,-80907.3479744,20.1541680346936,291.476,3342,0.4889121552244145,0.09691835899214832
55346.967074025,39801.968074025004,-80909.40313065,20.154257074146724,291.521,3343,0.489503327230362,0.09824470651637456
55350.50601887431,39805.50701887431,-80910.63935779921,20.154359703547357,291.548,3344,0.49008709640615494,0.09955444512585354
55353.69272506667,39808.69372506667,-80912.98064106666,20.154452118026935,291.72,3345,0.4906622360356389,0.10084482257264729
55453.70864080324,39908.70964080324,-80910.928724366,20.157352579583293,292.363,3346,0.4912272148664563,0.10211240335447724
55460.226158885394,39915.22715888539,-80906.3395036045,20.157541587607675,292.372,3347,0.49178090071364655,0.10335464731263433
55466.350297897676,39921.35129789768,-80901.52481324652,20.15771918763903,292.381,3348,0.4923221829625362,0.10456906268328736
55469.16750720001,39924.16850720001,-80899.11891291429,20.1578008867088,292.405,3349,0.4928498724289873,0.10575298142495025
55474.20668901819,39929.20768901819,-80895.5667181091,20.157947022981528,292.449,3350,0.4933627438800679,0.10690365461742797
55477.994914607414,39932.99591460741,-80890.7443309037,20.158056881523613,292.475,3351,0.49385969560251314,0.10801861046799942
55481.244997078546,39936.24599707854,-80887.74370412307,20.15815113391528,292.502,3352,0.49434054544925904,0.10909744031335687
55485.656730500974,39940.65773050097,-80883.73645244272,20.158279074184527,292.547,3353,0.49480428163044793,0.11013787411202468
55489.228196855176,39944.22919685517,-80878.81579961379,20.1583826467088,292.574,3354,0.4952498841578426,0.11113762342872588
55492.848657642484,39947.84965764248,-80875.00646790797,20.15848764007163,292.601,3355,0.4956769181889844,0.112095712655325
55494.67181659227,39949.67281659227,-80871.82957747624,20.158540511681174,292.646,3356,0.4960849679228142,0.11301120890477766
55499.1054733017,39954.1064733017,-80867.0399492339,20.158669087725748,292.673,3357,0.4964734471120155,0.11388279687854302
55506.1230954353,39961.1240954353,-80862.15268602353,20.158872598767623,292.7,3358,0.4968420861754727,0.1147098717471608
55512.06596873847,39967.066968738465,-80857.34216566154,20.159044942093416,292.744,3359,0.49719022822209763,0.11549095971643963
55520.999847625535,39976.00084762553,-80855.4881165617,20.15930402458114,292.916,3360,0.49751801075570645,0.11622636928854864
55743.039971325685,40198.04097132568,-81008.16581032025,20.165743188168445,293.609,3361,0.49782534204481316,0.11691589465565498
55744.25823497965,40199.25923497965,-81017.60616833533,20.16577851781441,293.618,3362,0.49811204816383414,0.11755914560008109
55744.48779288511,40199.48879288511,-81025.12105940426,20.16578517499367,293.627,3363,0.4983782792335847,0.11815645893136745
55745.581359990625,40200.58235999063,-81032.25908086804,20.16581688843973,293.653,3364,0.49862407202743236,0.11870791715386907
55745.71509529181,40200.716095291806,-81040.2241392787,20.165820766763463,293.676,3365,0.4988496656799891,0.11921405678757896
55745.8898521312,40200.8908521312,-81046.79651606432,20.165825834711804,293.72,3366,0.49905532520754103,0.11967547242035209
55747.794758024764,40202.79575802476,-81050.54797117916,20.165881076982718,293.748,3367,0.4992416285481886,0.12009346070825644
55745.7766101026,40200.777610102596,-81060.19026107206,20.165822550692976,293.773,3368,0.499408828642544,0.12046858914628733
55745.92627395255,40200.92727395255,-81066.26535294917,20.165826890944622,293.817,3369,0.4995575784371956,0.12080232267879643
55743.29173839774,40198.29273839774,-81076.23885158074,20.165750489413533,293.843,3370,0.49968861266303266,0.1210963097405642
55739.75951798182,40194.76051798182,-81084.33534736365,20.16564805502147,293.888,3371,0.49980253927797924,0.12135191433983086
55737.17483642791,40192.17583642791,-81092.76501041862,20.16557309925641,293.897,3372,0.49990009629097015,0.12157079226596679
55733.86154965208,40188.86254965208,-81099.08351943197,20.16547701393991,293.942,3373,0.49998203501645133,0.1217546291604524
55731.37537608206,40186.37637608206,-81106.95900266667,20.16540491490638,293.969,3374,0.5000495052596718,0.12190600471469747
55730.2357638244,40185.2367638244,-81111.09526282927,20.165371866150906,294.119,3375,0.5001033775286767,0.12202687199173397
55847.0322223742,40302.0332223742,-81235.06744683872,20.16875896344885,294.882,3376,0.5001445964670963,0.12211935038444205
55861.048643299124,40316.04964329912,-81233.59860084957,20.169165439655675,294.891,3377,0.5001739882439102,0.12218529347717577
55861.048643299124,40316.04964329912,-81233.59860084957,20.169165439655675,294.899,3378,0.500192761130082,0.12222741213442959
55867.97733148236,40322.97833148236,-81233.26970964707,20.169366371612988,294.906,3379,0.5002020923236195,0.12224834750572915
55871.96792680483,40326.968926804824,-81231.48812212049,20.16948209887734,294.912,3380,0.5002031657096575,0.12225075574377119
55875.25202319037,40330.253023190366,-81230.08137513253,20.16957733767252,294.953,3381,0.500196923605533,0.12223675102218733
55876.333534690915,40331.33453469092,-81227.81195563637,20.169608701506036,294.977,3382,0.5001845039204198,0.12220888634247334
55878.28515724558,40333.28615724557,-81225.93787048102,20.169665298560123,295.021,3383,0.5001675071368555,0.12217075253103866
55879.40486697932,40334.405866979316,-81223.99619544829,20.1696977701424,295.048,3384,0.5001461158361736,0.1221227592255134
55878.9494548683,40333.9504548683,-81223.54144565854,20.16968456319118,295.093,3385,0.500122173661655,0.12206904280528733
55879.56061723181,40334.56161723181,-81221.54529911297,20.16970228689972,295.12,3386,0.5000965697084057,0.12201159803513408
55879.26968442353,40334.270684423536,-81219.21382729412,20.169693849848283,295.147,3387,0.500070168468608,0.12195236448095716
55881.429684423536,40336.43068442354,-81219.68500376471,20.169756489848282,295.192,3388,0.5000439864853697,0.12189362284857606
55882.7532138353,40337.7542138353,-81220.19323905883,20.169794872201223,295.219,3389,0.5000190108988288,0.12183758787560481
55882.30446770527,40337.30546770527,-81217.45427621053,20.169781858563454,295.359,3390,0.49999607859337053,0.12178613718737294
55912.71192280181,40367.71292280182,-81208.30046200182,20.170663674761254,296.04,3391,0.49997596854210236,0.12174101848005381
55915.60295172175,40370.60395172174,-81207.54540396522,20.17074751459993,296.049,3392,0.4999594852102565,0.12170403664369353
55919.88520572632,40374.88620572632,-81208.75927124212,20.170871699966064,296.058,3393,0.4999473751486314,0.12167686663210114
55925.468995200004,40380.46999520001,-81210.34180712729,20.1710336298608,296.083,3394,0.4999399568099401,0.12166022292255785
55930.01736506302,40385.01836506302,-81210.98645220824,20.171165532586826,296.107,3395,0.49993798019216357,0.12165578820293675
55936.27281923434,40391.27381923434,-81212.31783912104,20.171346940757797,296.15,3396,0.4999419485847133,0.12166469164826323
55944.260420731924,40399.26142073193,-81216.12342801703,20.171578581201224,296.177,3397,0.4999519439867167,0.12168711723094898
55953.86535369057,40408.866353690566,-81222.0049117585,20.171857124257027,296.222,3398,0.49996806398295573,0.12172328389122222
55963.38099520001,40418.381995200005,-81228.51953440001,20.1721330778608,296.249,3399,0.49999110701129673,0.12177498299619215
55971.5985834353,40426.599583435294,-81235.30665204707,20.172371387919625,296.276,3400,0.5000207980166427,0.12184159743502922
55981.38183149894,40436.38283149894,-81248.37150948898,20.17265510211347,296.321,3401,0.500056722785666,0.12192219788290762
55987.49836808136,40442.499368081364,-81256.39626321357,20.17283248167436,296.348,3402,0.5000992377128709,0.12201758394292657
55993.03586097182,40448.03686097181,-81262.14325923222,20.172993068968182,296.374,3403,0.5001480552266914,0.1221271104224338
56001.66004100153,40456.66104100153,-81275.23705348399,20.173243170189043,296.555,3405,0.500202921090071,0.12225020691774485
55920.50643989292,40375.507439892914,-81481.69235315906,20.170889715756893,297.441,3415,0.5002636184718912,0.1223863869487582
55914.871483200004,40369.8724832,-81488.1353256,20.1707263020128,297.486,3416,0.5003297182087203,0.12253468764874621
55907.2367832,40362.237783200006,-81501.2924256,20.1705048957128,297.512,3417,0.5004007543331346,0.12269406357791678
55905.833168578596,40360.8341685786,-81511.28723813265,20.17046419088878,297.539,3418,0.5004761589098536,0.12286324052242781
55903.54743000851,40358.54843000851,-81523.59708091915,20.170397904470246,297.567,3419,0.500555335222741,0.12304087969599994
55907.57306012308,40362.57406012308,-81527.90667175385,20.17051464774357,297.717,3420,0.5006375567303148,0.12322535103752424
55972.51524010435,40427.51624010435,-81629.83705064349,20.172397970963026,298.485,3421,0.5007224652169392,0.12341585085802825
55992.66731221464,40447.668312214635,-81637.08318638049,20.172982381054226,298.494,3422,0.5008090200008662,0.12361004429448434
55992.66731221464,40447.668312214635,-81637.08318638049,20.172982381054226,298.503,3423,0.5008963579989693,0.12380599494233199
56002.44888381946,40457.449883819456,-81639.02735549884,20.173266046630765,298.511,3424,0.5009839881205098,0.12400260099536504
56013.32926343415,40468.33026343415,-81639.24464979513,20.17358157763959,298.517,3425,0.5010711935572029,0.1241982542297761
56023.9253381617,40478.926338161706,-81635.51998866384,20.173888863806688,298.558,3426,0.5011571316112635,0.12439106397735114
56032.700228965296,40487.70122896529,-81634.86555082315,20.174143335639993,298.584,3427,0.5012409588483897,0.12457913791743368
56039.372160275416,40494.37316027541,-81635.36120317377,20.174336821647987,298.626,3428,0.5013219281721594,0.12476079987205896
56047.781191265756,40502.78219126575,-81634.90691842193,20.174580683546708,298.649,3429,0.5013989281506185,0.12493355624375324
56055.17171418462,40510.17271418462,-81632.4017722154,20.174795008711353,298.693,3430,0.5014715271379159,0.12509643859625721
56061.7557130534,40516.7567130534,-81631.8847303602,20.17498594467855,298.719,3431,0.5015385941299328,0.1252469094201868
56068.67389964746,40523.67489964746,-81632.09488336272,20.17518657208978,298.764,3432,0.5015998092765229,0.12538425110299323
56075.24416458947,40530.245164589476,-81631.08176917896,20.175377109773095,298.791,3433,0.5016537104827443,0.1255051833032756
56082.13870594286,40537.13970594286,-81630.05299474287,20.17557705147234,298.817,3434,0.5017002525676286,0.12560960465347076
56087.39927345754,40542.40027345753,-81627.69787732603,20.17572960793027,298.998,3435,0.5017387996558673,0.1256960885101777
56443.105621500006,40898.1066215,-81839.45813400001,20.1860450920235,301.258,3436,0.5017686328400603,0.12576302194003589
56433.11008722582,40888.111087225814,-81812.09835174195,20.185755221529547,301.268,3437,0.5017891879397592,0.12580913915350603
56433.11008722582,40888.111087225814,-81812.09835174195,20.185755221529547,301.277,3438,0.5018002713475318,0.1258340057749144
56430.975899953315,40885.97689995331,-81803.56547738523,20.185693330098648,301.284,3439,0.5018013821056292,0.1258364978605302
56430.975899953315,40885.97689995331,-81803.56547738523,20.185693330098648,301.291,3440,0.5017918851530913,0.12581519059401614
56429.4958006008,40884.4968006008,-81798.56584249804,20.185650407217423,301.296,3441,0.5017716218042828,0.12576972794988847
56429.3329210518,40884.3339210518,-81791.47579037452,20.1856456837105,301.32,3442,0.5017402562509086,0.12569935651205758
56428.70218400001,40883.70318400001,-81784.002384,20.185627392336002,301.361,3443,0.5016979333984907,0.12560440138908502
56426.9332568745,40881.934256874505,-81778.06329493118,20.18557609344936,301.387,3444,0.5016443280602988,0.1254841329953167
56421.72669957094,40876.72769957094,-81776.27779922493,20.185425103287557,301.432,3445,0.501579282773923,0.1253381980496848
56417.254805776516,40872.25580577651,-81778.69973357022,20.18529541836752,301.459,3446,0.5015028310444997,0.12516667172397353
56414.82518400001,40869.826184000005,-81777.00938400002,20.185224959336,301.486,3447,0.5014150578529912,0.1249697446806098
56415.00557941548,40870.00657941548,-81773.83663901433,20.18523019080305,301.513,3448,0.5013161116586009,0.12474775000115795
56415.15328754224,40870.154287542246,-81773.20054476295,20.185234474338724,301.558,3449,0.5012057642601973,0.12450017569587109
56416.318093090915,40871.31909309092,-81771.15854102481,20.185268253699636,301.7,3450,0.5010845056059313,0.12422812100745793
56327.72268393044,40782.72368393044,-81838.35969547827,20.182698986833984,302.451,3451,0.5009525099004629,0.12393197677972861
56322.57406980001,40777.575069800005,-81840.83946450001,20.1825496770242,302.46,3452,0.5008099499677289,0.12361213075871717
56315.385065403025,40770.38606540303,-81842.57951632161,20.182341195896687,302.469,3453,0.5006573444846978,0.12326974664281638
56308.15613347926,40763.15713347925,-81842.1082557736,20.1821315568709,302.493,3454,0.5004948677330163,0.1229052154485633
56299.96828993275,40754.96928993275,-81840.28815642478,20.18189410940805,302.518,3455,0.5003228344552393,0.12251924332916567
56290.1140357091,40745.115035709096,-81838.35537927273,20.181608336035563,302.544,3456,0.5001415981688452,0.1221126234328573
56278.89449318711,40733.89549318711,-81836.54471651613,20.181282969302426,302.589,3457,0.4999514527921418,0.12168601519177631
56269.20499543292,40724.205995432916,-81835.33070263291,20.181001973867556,302.616,3458,0.49975283535967613,0.12124039913220526
56261.40234217992,40716.403342179925,-81835.20542929257,20.180775696923217,302.643,3459,0.49954641703557034,0.12077728107117015
56254.12427813334,40709.125278133346,-81840.09498533334,20.180564633065867,302.688,3460,0.499332805292852,0.12029802392900216
56244.42927813334,40699.43027813334,-81844.73248533334,20.180283478065867,302.714,3461,0.49911224888172906,0.11980318579914806
56235.551884397326,40690.55288439733,-81848.92477280537,20.180026033647522,302.759,3462,0.49888508148083593,0.11929351531961208
56225.514166276516,40680.51516627651,-81856.87799428188,20.17973493982202,302.786,3463,0.49865189018579154,0.11877032969217775
56220.19445831352,40675.19545831352,-81869.12259794596,20.17958066829109,302.813,3464,0.49841336246652174,0.11823517131740699
56212.55971403078,40667.560714030784,-81880.38519046154,20.179359260706892,302.959,3465,0.49816993724160535,0.11768902494857718
56226.503037671646,40681.50403767165,-82020.0787239403,20.179763617092476,303.671,3466,0.4979219266376739,0.117132590869837
56231.04549632433,40686.04649632433,-82025.50192281081,20.179895348393405,303.68,3467,0.4976700855920987,0.11656756285102572
56237.84271046155,40692.843710461544,-82031.50803507693,20.180092467603384,303.689,3468,0.4974149627403807,0.11599517180519578
56244.696172,40699.697172,-82036.456112,20.180291217988,303.696,3469,0.49715645929171665,0.11541519608630156
56250.87080435295,40705.87180435295,-82041.50743552942,20.180470282326237,303.738,3470,0.4968953869486817,0.1148294568220186
56256.37565475863,40711.37665475863,-82044.62559475863,20.180629922988,303.782,3471,0.49663159864328243,0.11423762405208665
56261.80199391781,40716.80299391781,-82047.45905720549,20.180787286823616,303.823,3472,0.496366051014322,0.11364184408163405
56269.4084601356,40724.409460135605,-82050.82568827119,20.181007874343933,303.848,3473,0.49609914208248984,0.11304300990584779
56275.261172000006,40730.262172,-82053.56572738462,20.181177602988,303.875,3474,0.4958312077845577,0.11244187522906615
56282.74391058922,40737.744910589216,-82057.80190038175,20.18139460240709,303.92,3475,0.4955628038380367,0.11183968685346789
56289.04719820088,40744.04819820088,-82059.13137400874,20.181577397747827,303.947,3476,0.4952943834298079,0.11123746154454882
56294.313672000004,40749.31467200001,-82062.20048700001,20.181730125488,303.974,3477,0.4950259511923601,0.11063520969571372
56299.767206482764,40754.76820648277,-82065.98766372414,20.181888277988,304.001,3478,0.49475810290878885,0.11003426799988093
56305.96944786207,40760.97044786207,-82067.62783613794,20.182068142988,304.046,3479,0.4944911569500452,0.10943535075089113
56312.30610090996,40767.307100909966,-82068.69442953555,20.18225190592639,304.186,3480,0.494225422514883,0.10883915166393647
56526.10431009231,40981.105310092316,-82212.30807673847,20.188452053992677,304.897,3482,0.4939607736831197,0.1082453882257709
56528.40927512728,40983.41027512727,-82223.68756974547,20.188518897978692,304.906,3483,0.4936979485448074,0.10765571640775883
56529.17261778462,40984.17361778462,-82236.8633075077,20.188541034915755,304.931,3484,0.4934371437732194,0.10707057746406384
56530.02538822677,40985.026388226775,-82248.84544197166,20.188565765258577,304.956,3485,0.4931786169731639,0.10649054935422433
56528.20087269289,40983.201872692895,-82261.22275327532,20.188512854308094,305.0,3486,0.49292242748018805,0.10591576520287284
56523.193197619126,40978.19419761913,-82282.2417267538,20.188367631730955,305.071,3488,0.4926692996288673,0.1053478501197256
56472.331953600005,40927.33295360001,-82390.6510392,20.1868926556544,306.207,3496,0.49241935550515104,0.10478707801558201
56476.0800336,40931.0810336,-82398.86619666836,20.187001349974402,306.216,3497,0.4921726808353524,0.10423364122512992
56476.0800336,40931.0810336,-82398.86619666836,20.187001349974402,306.225,3498,0.4919294274135707,0.10368788031207274
56476.65292062929,40931.653920629295,-82400.9393029657,20.18701796369825,306.232,3499,0.49168966860417695,0.10314995987597028
56476.65292062929,40931.653920629295,-82400.9393029657,20.18701796369825,306.238,3500,0.491453564477584,0.1026202390491793
56479.258143836225,40934.25914383623,-82401.87468266458,20.187093515171252,306.244,3501,0.49122127725481823,0.10209908178915149
56482.32196286046,40937.32296286046,-82407.63185257622,20.187182365922954,306.266,3502,0.49099308211857545,0.10158710549299553
56483.66473948235,40938.665739482356,-82400.86286978825,20.18722130644499,306.309,3503,0.4907689752627603,0.1010843016213945
56485.138477404034,40940.13947740404,-82407.46747124611,20.187264044844717,306.336,3504,0.4905491627075955,0.1005911323992332
56474.558996470594,40929.55999647059,-82508.66109035295,20.186957239897648,307.344,3511,0.4903338341806754,0.10010802349742033
56487.20482315458,40942.20582315458,-82519.30191777919,20.187323968871482,307.353,3512,0.4901229996020886,0.09963499717256641
56487.20482315458,40942.20582315458,-82519.30191777919,20.187323968871482,307.362,3513,0.4899167828403459,0.09917233133480736
56491.20908213593,40946.210082135934,-82522.9444604272,20.18744009238194,307.369,3514,0.48971530084893017,0.09872028837979274
56496.42442194175,40951.42542194175,-82527.05475168933,20.18759133723631,307.375,3515,0.4895185099631269,0.09827877034181137
56501.219761747576,40956.22076174758,-82530.67164489321,20.18773040209068,307.415,3516,0.48932632998031655,0.09784759727907845
56504.875345083616,40959.87634508361,-82534.30667622744,20.187836414007425,307.439,3517,0.489138998285927,0.09742730178713532
56510.828101690146,40965.82910169015,-82540.13494039438,20.188009043949016,307.483,3518,0.48895641892986225,0.09701766859331862
56516.04954413794,40971.050544137936,-82544.2389666207,20.18816046578,307.51,3519,0.48877849021198594,0.09661846952423253
56521.87005021583,40976.871050215836,-82549.21066843167,20.18832926045626,307.555,3520,0.48860538141989135,0.09623008439180655
56528.783673658545,40983.78467365855,-82553.90620800001,20.1885297555361,307.581,3521,0.48843701015115887,0.09585232831880672
56537.713921083036,40992.71492108304,-82556.48534157402,20.18878873271141,307.608,3522,0.48827331972508375,0.09548507413697803
56547.11758744187,41002.11858744187,-82558.04760334885,20.189061439035815,307.632,3523,0.4881141778830726,0.09512802511228005
56554.3259066426,41009.3269066426,-82558.77790475091,20.189270480292635,307.674,3524,0.4879594357068061,0.09478084713308009
56561.098506695285,41016.09950669529,-82558.83264576826,20.189466885694163,307.855,3525,0.487809165210527,0.09444370176980356
56734.12318962353,41189.12418962353,-82644.76151089412,20.19448460149908,308.63,3526,0.4876633006779727,0.09411644158210962
56739.803380800004,41194.80438080001,-82676.8371456,20.1946493270432,308.639,3527,0.48752145110925604,0.09379818932661191
56739.803380800004,41194.80438080001,-82676.8371456,20.1946493270432,308.647,3528,0.48738332295077846,0.09348828638943031
56738.396380800004,41193.3973808,-82688.15152560001,20.1946085240432,308.655,3529,0.4872490797580188,0.09318709972198036
56738.396380800004,41193.3973808,-82688.15152560001,20.1946085240432,308.661,3530,0.48711875504473223,0.0928947045153838
56737.27713286612,41192.27813286612,-82699.42392642645,20.194576065853116,308.667,3531,0.48699184196377043,0.09260996361251271
56734.61479115857,41189.615791158576,-82710.84955548048,20.1944988579436,308.69,3532,0.4868679545844,0.092332011143083
56730.62081953518,41185.62181953518,-82720.162539434,20.19438303276652,308.732,3533,0.48674681779874807,0.09206022987785768
56725.65326315295,41180.654263152945,-82731.4732020706,20.194238973631435,308.757,3534,0.48662836205974874,0.09179446378174436
56720.05001716364,41175.05101716364,-82742.0671165091,20.194076479497745,308.802,3535,0.48651235839053186,0.09153419912455653
56715.04413755676,41170.045137556765,-82750.06986343785,20.193931308989146,308.829,3536,0.48639901048768114,0.09127989291788603
56709.630445316136,41164.63144531613,-82756.86250947097,20.19377431191417,308.856,3537,0.4862874589654942,0.09102961705267622
56705.45374443637,41160.45474443637,-82764.66566196365,20.193653187588655,308.901,3538,0.4861775120721619,0.09078294131651057
56700.670580800004,41155.6715808,-82772.9096256,20.1935144758432,308.928,3539,0.4860688527838787,0.09053915443799003
56691.91355101277,41146.91455101277,-82777.1930894298,20.19326052197937,309.105,3540,0.4859612455654992,0.09029772797284853
56526.39019772308,40981.391197723075,-82871.6157670154,20.18846034473397,309.842,3542,0.4858543870072665,0.09005798119402884
56526.39019772308,40981.391197723075,-82871.6157670154,20.18846034473397,309.851,3543,0.4857480359793629,0.08981937310511433
56515.39177453962,40970.39277453962,-82886.18874805099,20.18814139046165,309.859,3544,0.485641763004514,0.08958094013524279
56512.47530871947,40967.47630871947,-82894.80333542015,20.188056812952865,309.865,3545,0.4855351862328668,0.08934182556995184
56505.498029890914,40960.49902989091,-82911.53674603638,20.187854471866835,309.909,3546,0.485428292125217,0.08910199903281997
56504.69760860488,40959.698608604886,-82919.61599215612,20.187831259649542,309.936,3547,0.48532062109767693,0.08886042940609218
56503.0595798164,40958.0605798164,-82930.26989059674,20.187783756814675,309.981,3548,0.4852118869571471,0.08861647458982946
56509.89738628673,40964.89838628673,-82911.33162133806,20.187982053202315,310.006,3549,0.4851017348075083,0.08836933834269357
56515.14926017627,40970.15026017628,-83013.19352294238,20.188134357545113,311.05,3556,0.4849902267981365,0.08811916010239515
56518.47683162511,40973.4778316251,-83021.03244571382,20.188230857117127,311.059,3557,0.48487680390741644,0.08786468565370055
56518.47683162511,40973.4778316251,-83021.03244571382,20.188230857117127,311.067,3558,0.4847608621767205,0.08760455996115085
56521.147785600006,40976.1487856,-83024.1058704,20.1883083147824,311.074,3559,0.48464199452280793,0.08733786969691072
56523.60744498865,40978.608444988655,-83027.22712149171,20.18837964490467,311.079,3560,0.48452057349421107,0.08706545070709348
56526.534285600006,40981.53528560001,-83033.2828704,20.1884645232824,311.12,3561,0.4843961500576074,0.08678629554508523
56529.71491423071,40984.71591423071,-83039.3878143834,20.18855676151269,311.142,3562,0.48426844081319387,0.08649976837795864
56534.005785600006,40989.00678560001,-83043.6149586353,20.1886811967824,311.183,3563,0.4841370892275557,0.08620506929095582
56538.508862523086,40993.50986252309,-83048.95129347693,20.18881178601317,311.227,3564,0.484002163582118,0.08590235147959038
56543.995785600004,40998.9967856,-83053.46201745883,20.1889709067824,311.254,3565,0.4838633246200036,0.08559085379056931
56550.5111020557,41005.5121020557,-83056.8343704,20.189159850959616,311.299,3566,0.48372016630155173,0.08526966523742278
56556.88065516522,41011.88165516523,-83061.00880518262,20.189344567999793,311.326,3567,0.48357242686235086,0.08493819852816852
56564.32561168696,41019.32661168696,-83064.8983704,20.189560471738922,311.353,3568,0.48341984985357506,0.08459587829681844
56571.42437590838,41026.42537590838,-83067.2307580652,20.189766335901343,311.379,3569,0.4832621600598036,0.08424208707284243
56580.53305832728,41035.53405832728,-83068.75255221818,20.19003048769149,311.532,3570,0.48309916878074455,0.08387640149017693
56744.10251268795,41199.10351268794,-83209.02130531985,20.194774001867952,312.298,3571,0.4829306777751984,0.08349837677687479
56747.3492902175,41202.350290217495,-83250.3078689156,20.19486815841631,312.319,3572,0.4827559297536444,0.08310631388583839
56747.3492902175,41202.350290217495,-83250.3078689156,20.19486815841631,312.326,3573,0.4825750207779132,0.08270042834041781
56745.73600065001,41200.73700065001,-83263.70682210001,20.19482137301885,312.336,3574,0.48238804236461386,0.08228092546635012
56745.73600065001,41200.73700065001,-83263.70682210001,20.19482137301885,312.342,3575,0.48219443520195066,0.08184655039735604
56743.0435243611,41198.0445243611,-83277.06130531986,20.19474329120647,312.347,3576,0.48199357705851753,0.08139590710135589
56738.98140542363,41193.98240542362,-83288.38704109607,20.194625489757286,312.37,3577,0.4817852455731693,0.08092849669113676
56734.33248413385,41189.33348413385,-83298.45136701447,20.194490671039883,312.393,3578,0.481569123984054,0.08044360848301614
56729.61870832406,41184.619708324055,-83308.63128808103,20.194353971541396,312.435,3579,0.48134504962560215,0.07994087752217023
56724.11239982987,41179.113399829876,-83318.22792362716,20.194194288595067,312.463,3580,0.48111255016598287,0.0794192440896877
56718.81302297144,41173.81402297143,-83326.00843817144,20.19404060666617,312.507,3581,0.4808712178246776,0.07887779329332782
56713.194615676606,41168.19561567661,-83332.28994577023,20.193877672854622,312.533,3582,0.4806208576086916,0.07831608764878266
56709.89709440001,41164.89809440001,-83340.10234293334,20.1937820447376,312.56,3583,0.48036123446903956,0.07773359980252978
56704.39380492632,41159.39480492633,-83346.3552296957,20.193622449342865,312.605,3584,0.4800919816138235,0.07712950682398237
56698.10651028786,41153.10751028785,-83351.43928997385,20.193440117798346,312.742,3585,0.4798124242500936,0.0765022947545136
56540.3905518,40995.3915518,-83392.5211752,20.1888663550022,313.456,3586,0.4795225593555842,0.07585195681339864
56530.86649300554,40985.86749300554,-83394.53034516049,20.18859015729716,313.465,3587,0.47922285790978,0.07517954968543875
56519.576529741185,40974.57752974119,-83399.19811637647,20.188262748362494,313.473,3588,0.4789121710616048,0.07448249581999669
56507.16245586977,40962.16345586977,-83406.43280310697,20.187902740220224,313.498,3589,0.4785902416769089,0.07376021831349888
56441.29605845681,40896.29705845681,-83489.8686899929,20.185992614695248,313.732,3596,0.47825690994887354,0.07301235862498547
56439.96633244203,40894.96733244203,-83496.27821800156,20.18595405264082,313.758,3597,0.4779123854109158,0.0722393868615085
56437.46202455087,40892.463024550874,-83508.1440817744,20.185881427711976,313.784,3598,0.4775567631979103,0.07144151646670906
56535.154641688896,40990.15564168889,-83669.19614862223,20.18871451360898,314.787,3601,0.4771896651015094,0.07061789889616946
56564.671592216066,41019.67259221607,-83697.64487530512,20.189570505174267,314.793,3602,0.4768115262163585,0.06976951032382885
56564.671592216066,41019.67259221607,-83697.64487530512,20.189570505174267,314.799,3603,0.4764222971724084,0.06889623998354479
56574.57406265916,41029.57506265916,-83709.86653203382,20.189857676817116,314.804,3604,0.4760221109466156,0.06799838622106999
56574.57406265916,41029.57506265916,-83709.86653203382,20.189857676817116,314.81,3605,0.4756112902068118,0.06707667297068315
56582.62768828388,41037.628688283876,-83724.25328123872,20.19009123196023,314.814,3606,0.4751902171417671,0.0661319577072375
56589.970552800005,41044.97155280001,-83739.00207185456,20.1903041750312,314.84,3607,0.4747593627454686,0.0651652971480714
56595.16897860646,41050.16997860646,-83753.6216683355,20.190454929379587,314.884,3608,0.47431905612018044,0.06417742966369118
56599.33750537733,41054.33850537732,-83766.9809367093,20.190575816655944,314.911,3609,0.4738699491253748,0.06316981775940543
56602.805752800006,41057.80675280001,-83781.40925973335,20.1906763958312,314.956,3610,0.47341291651449235,0.06214442402317294
56604.793752800004,41059.79475280001,-83793.42032640001,20.1907340478312,314.982,3611,0.4729485841893681,0.06110265272201039
56605.814390932304,41060.8153909323,-83806.56707815098,20.190763646337036,315.007,3612,0.4724780464998019,0.06004695912804365
56604.691667196894,41059.6926671969,-83819.1817863222,20.19073108734871,315.05,3613,0.4720023412356597,0.05897967161610344
56603.31353968525,41058.31453968525,-83830.81671328525,20.19069112165087,315.077,3614,0.47152249182318884,0.057903086334951476
56600.801806611664,41055.80280661167,-83843.0817290906,20.19061828139174,315.253,3615,0.471039497526169,0.05681944522268182
56287.68407629831,40742.68507629831,-84139.98168471866,20.18153786721265,317.503,3616,0.4705546362889763,0.055731615462351544
56294.890507130294,40749.89150713029,-84149.54094556681,20.181746853706777,317.512,3617,0.4700689767047987,0.054641994538812834
56294.890507130294,40749.89150713029,-84149.54094556681,20.181746853706777,317.522,3618,0.4695842110333863,0.053554379188899305
56296.862991016606,40751.86399101661,-84151.25571767906,20.18180405573948,317.529,3619,0.4691018373686233,0.05247213052087429
56296.862991016606,40751.86399101661,-84151.25571767906,20.18180405573948,317.534,3620,0.46862328502761386,0.051398455336114354
56299.81875126076,40754.81975126076,-84153.99734873926,20.181889772786562,317.54,3621,0.4681500262613766,0.050336656762091675
56302.31411288459,40757.31511288459,-84157.00824262203,20.181962138273654,317.563,3622,0.46768326558555245,0.04928943723789707
56304.47674828236,40759.477748282356,-84159.55699877649,20.182024854700188,317.605,3623,0.46722533638760455,0.0482620319280065
56306.01436998621,40761.01536998621,-84160.94483346208,20.1820694457296,317.631,3624,0.4667773355096868,0.047256901696366
56306.86010407401,40761.86110407401,-84161.77626024319,20.182093972018148,317.676,3625,0.4663407102421519,0.0462772936689504
56307.62614076066,40762.627140760655,-84163.42717235412,20.18211618708206,317.703,3626,0.4659170731941727,0.0453268258793649
56307.67233528703,40762.673335287036,-84164.59037559165,20.182117526723324,317.729,3627,0.46550812425513705,0.04440931218222097
56307.80940641674,40762.81040641674,-84163.15112872972,20.182121501786085,317.755,3628,0.46511561955789205,0.043528692619385446
56307.25678816272,40762.25778816272,-84161.49244743053,20.18210547585672,317.799,3629,0.46474074828395007,0.042687635226453614
56306.70281163077,40761.70381163077,-84161.77559606155,20.18208941053729,317.909,3630,0.46438509121260574,0.041889686623838275
56319.2897088,40774.29070880001,-84196.59437280001,20.1824544305552,318.726,3631,0.4640499015525643,0.04113765849789608
56322.30430930633,40777.305309306335,-84221.5369500152,20.182541853969884,318.735,3632,0.4637365056915057,0.04043452671858995
56321.792879958804,40776.7938799588,-84231.19959683435,20.182527022518805,318.744,3633,0.4634460366800796,0.03978283338688021
56321.792879958804,40776.7938799588,-84231.19959683435,20.182527022518805,318.752,3634,0.4631796725027486,0.039185221416774656
56321.792879958804,40776.7938799588,-84231.19959683435,20.182527022518805,318.758,3635,0.4629382804119954,0.03864363656715861
56319.63779607273,40774.63879607273,-84240.30459098183,20.18246452508611,318.764,3636,0.46272283224413246,0.03816025924013834
56317.61448056471,40772.61548056471,-84249.01630221178,20.182405848936376,318.789,3637,0.4625338225685955,0.0377361990466901
56314.58481563545,40769.58581563545,-84257.75796267344,20.182317988653427,318.834,3638,0.4623720196334623,0.03737317962041927
56311.66706880001,40766.668068800005,-84265.72277280001,20.1822333739952,318.861,3639,0.4622379081452018,0.03707228844384961
56308.669390408046,40763.67039040805,-84274.1170441568,20.182146441321834,318.904,3640,0.46213162886251036,0.03683384132176635
56304.14446535173,40759.14546535173,-84280.09587624829,20.1820152184952,318.931,3641,0.4620534774148365,0.03665850152540573
56300.39085827369,40755.391858273695,-84285.4935622737,20.181906363889937,318.958,3642,0.4620037488709676,0.03654693106811025
56296.435630597756,40751.43663059776,-84291.26794133933,20.181791662287335,319.003,3643,0.46198206858374474,0.03649828939530896
56291.72060179493,40746.721601794925,-84296.63952406905,20.181654926452055,319.03,3644,0.4619880496973273,0.03651170856115673
56287.19356195069,40742.19456195069,-84299.33592348495,20.18152364229657,319.168,3645,0.4620213235715123,0.0365863614882282
56220.241942336936,40675.24294233693,-84355.84205115685,20.17958204532777,319.837,3646,0.46208133051723693,0.03672099246381145
56213.28890171164,40668.28990171164,-84357.53677121861,20.179380407149637,319.846,3647,0.4621673564168542,0.03691399930078745
56207.46125520001,40662.46225520001,-84360.20899680001,20.1792114054008,319.854,3648,0.4622786423525801,0.03716367929890354
56202.48217558836,40657.483175588364,-84362.4415822369,20.179067012092062,319.878,3649,0.4624142805839171,0.03746799586077442
56197.22885520001,40652.229855200014,-84362.80909680002,20.1789146658008,319.92,3650,0.4625734276327305,0.037825056567401226
56192.84868044273,40647.84968044273,-84362.17245602331,20.17878764073284,319.947,3651,0.46275490041619183,0.03823220706613397
56190.00459433044,40645.00559433045,-84362.78587940871,20.178705162235584,319.974,3652,0.46295729524279394,0.03868629804892614
56186.643764290915,40641.64476429092,-84364.41682407274,20.178607698164438,320.019,3653,0.4631795436599617,0.03918493234640312
56184.19977108786,40639.20077108785,-84363.70455474393,20.178536822361547,320.045,3654,0.4634205075928152,0.03972555658529248
56181.48547202244,40636.48647202244,-84361.82633044488,20.178458107688652,320.072,3655,0.46367831971618834,0.04030398125376674
56179.17413960368,40634.175139603685,-84362.9777023046,20.178391079048506,320.115,3656,0.46395161678584207,0.040917147790860364
56177.550597135494,40632.55159713549,-84363.2381935742,20.17834399631693,320.14,3657,0.4642391204170016,0.041562188025442065
56174.84370027043,40629.844700270434,-84361.97982919437,20.178265496307844,320.166,3658,0.46453941081150574,0.04223591651273931
56173.98485520001,40628.98585520001,-84361.13509680002,20.1782405898008,320.211,3659,0.4648509273107353,0.04293483177488291
56173.06535520001,40628.066355200004,-84361.73359680001,20.1782139243008,320.353,3660,0.46517257757179714,0.0436564830424228
56080.61452080001,40535.61552080001,-84408.70014,20.1755328501032,321.117,3666,0.46550254710755,0.0443967993503888
56073.69501391476,40528.696013914756,-84416.42943442623,20.175332184403526,321.142,3667,0.46583986647479186,0.045153605665832854
56071.76928764211,40526.77028764211,-84427.27578947369,20.17527633834162,321.187,3668,0.46618283412716155,0.04592308441657503
56060.71856675745,40515.719566757456,-84469.23622340427,20.174955867435965,321.524,3675,0.4665307544718019,0.046703674977527074
56103.0106900838,40558.011690083804,-84565.98272236838,20.17618233901243,322.191,3676,0.46688183707489633,0.04749136034951429
56111.26851150236,40566.26951150237,-84572.4368352189,20.176421815833567,322.201,3677,0.4672350812024069,0.048283895295786326
56111.26851150236,40566.26951150237,-84572.4368352189,20.176421815833567,322.209,3678,0.46758939591415816,0.049078832194016125
56112.58151290951,40567.58251290952,-84573.9579567422,20.176459892874377,322.233,3679,0.4679439140934923,0.04987422559005386
56115.37382845448,40570.374828454485,-84575.43158873463,20.17654087002518,322.257,3680,0.46829761240143347,0.05066777953093934
56117.82272963955,40572.82372963955,-84576.89476282586,20.17661188815955,322.301,3681,0.468649686184341,0.051457688703915025
56119.6726830971,40574.673683097106,-84578.34846523817,20.176665536809814,322.327,3682,0.46899942466770694,0.05224235842249481
56123.92535959709,40578.926359597084,-84582.69110902774,20.176788864428314,322.372,3683,0.46934629183051346,0.053020586075352705
56125.66537387826,40580.666373878266,-84584.09999509566,20.17683932484247,322.4,3684,0.46968977217918506,0.05379121510632445
56128.99883040001,40583.999830400004,-84587.24438640001,20.1769359950816,322.426,3685,0.4700294134497786,0.0545532308206085
56130.52485981177,40585.525859811765,-84588.34715110589,20.17698024993454,322.471,3686,0.47036496134804884,0.055306062686212035
56134.327758415566,40589.32875841556,-84591.59096616654,20.17709053399405,322.498,3687,0.4706962609595318,0.05604936313861303
56138.25117655385,40593.252176553855,-84597.00430947692,20.17720431312006,322.525,3688,0.47102304317381877,0.05678252840442428
56141.488705864685,40596.48970586469,-84603.5863455078,20.177298201470077,322.569,3689,0.4713452778248656,0.05750549080341492
56145.455266343066,40600.45626634307,-84611.59777785907,20.17741323172395,322.707,3690,0.4716630436260706,0.0582184269361678
56077.43526794612,40532.43626794612,-84768.81952188187,20.175440651770437,323.374,3691,0.47197647631080514,0.05892164133270027
56071.82512344122,40526.82612344122,-84771.19251586734,20.175277957579794,323.383,3692,0.47228552385164335,0.05961501726480654
56067.441344765226,40522.44234476522,-84772.49219196523,20.17515082799819,323.392,3693,0.47259038258181085,0.06029899522372284
56062.771675200005,40517.7726752,-84772.14432240001,20.1750154075808,323.417,3694,0.4728914648396455,0.060974500327567197
56059.677088103235,40514.67808810323,-84773.12285465807,20.174925664554994,323.441,3695,0.47318893646592564,0.06164190465502998
56056.926244430775,40511.92724443077,-84773.67166855386,20.17484589008849,323.485,3696,0.4734829537780891,0.06230155891833126
56053.69765136581,40508.698651365805,-84773.8791073741,20.17475226088961,323.512,3697,0.4737737954654826,0.06295408838206645
56052.11885981539,40507.119859815386,-84773.97536086154,20.174706475934645,323.556,3698,0.4740621502231783,0.06360103819552322
56049.71224939355,40504.71324939355,-84773.60382240001,20.174636684232414,323.583,3699,0.47434821539775773,0.06424285112349269
56047.83536993685,40502.83636993685,-84773.97298029474,20.17458225472817,323.61,3700,0.47463218607906055,0.0648799648675631
56046.72816555534,40501.72916555534,-84774.44702036955,20.174550145801106,323.655,3701,0.4749142556109444,0.065512813212055
56044.66547520001,40499.66647520001,-84773.81382240001,20.174490327780802,323.681,3702,0.4751951123443505,0.06614294053416732
56043.122141866676,40498.12314186667,-84773.8938224,20.174445571114134,323.708,3703,0.4754748520846381,0.06677056178183352
56040.41297520001,40495.413975200005,-84774.4569474,20.1743670052808,323.735,3704,0.4757535888483335,0.06739593276137737
56038.53729338183,40493.53829338183,-84775.12772614333,20.174312610508075,323.893,3705,0.4760316461409445,0.06801977928647888
55935.4769817505,40390.477981750504,-84918.0316500594,20.171323861470764,324.889,3717,0.47630960434973546,0.06864340350812545
55937.22614812868,40392.22714812867,-84929.91042662937,20.17137458729573,324.96,3719,0.4765869020619222,0.06926554584628139
55938.38905160316,40393.39005160316,-84934.2183000945,20.171408311496492,325.098,3720,0.47686541635143986,0.0698904176850135
56066.49352498065,40521.49452498065,-85026.50368095485,20.175123341224438,325.79,3721,0.4771423547563888,0.07051175388509023
56075.116091505064,40530.11709150506,-85032.19346977121,20.175373395653647,325.799,3722,0.47741868990821584,0.07113173663257348
56084.43547163078,40539.436471630775,-85040.47537698463,20.17564365767729,325.807,3723,0.47769469835337597,0.07175098638428819
56093.217455388054,40548.21845538805,-85049.98943889084,20.175898335206252,325.833,3724,0.4779699739839655,0.07236859200065543
56101.49563019784,40556.49663019784,-85059.77139697908,20.176138402275736,325.861,3725,0.4782450357889831,0.07298571788013536
56109.577299358185,40564.57829935818,-85071.44476920458,20.176372770681386,325.907,3726,0.4785187059972168,0.0735997215871673
56115.52594630245,40570.526946302445,-85085.2524201366,20.17654528144277,325.934,3727,0.47879087865124087,0.07421036539674405
56120.08869209073,40575.089692090725,-85095.41690592992,20.17667760107063,325.961,3728,0.4790612637091859,0.07481699857386544
56123.0034693903,40578.004469390304,-85107.70944121166,20.176762129612317,326.006,3729,0.47932937708509665,0.07541853502818592
56125.61146189368,40580.612461893674,-85118.62034387849,20.176837761394918,326.033,3730,0.4795946705757235,0.07601374481644768
56127.477268236304,40582.4782682363,-85129.57541640429,20.176891869778853,326.06,3731,0.47985675008182777,0.07660174374159076
56128.15826053954,40583.15926053954,-85137.530389507,20.176911618555646,326.087,3732,0.4801149190499092,0.07718096902323796
56129.27401122353,40584.27501122354,-85148.57126160001,20.176943975325482,326.132,3733,0.48036860090127614,0.07775012705527701
56128.14242304778,40583.143423047775,-85161.03544176195,20.176911159268386,326.159,3734,0.4806173228630925,0.07830815712936194
56125.90070240001,40580.901702400006,-85173.48376160001,20.1768461493696,326.305,3735,0.48086050758960225,0.07885376391840278
55955.952409343125,40410.95340934313,-85291.19414124772,20.171917648870952,327.047,3736,0.4810971046955238,0.0793845907886217
55944.3931273166,40399.3941273166,-85291.81651282591,20.17158242969218,327.056,3737,0.48132662554320915,0.07989954143754131
55937.540779138464,40392.54177913847,-85293.29359784616,20.171383711595016,327.064,3738,0.4815484106831636,0.08039713633095531
55937.540779138464,40392.54177913847,-85293.29359784616,20.171383711595016,327.072,3739,0.4817617378733804,0.08087575505401319
55928.555953963645,40383.55695396365,-85297.12380763637,20.171123151664947,327.078,3740,0.48196548265381983,0.08133287477956033
55919.22698426667,40374.227984266676,-85298.74677733333,20.170852611543733,327.119,3741,0.48215936972690715,0.08176787785274658
55909.33481760001,40364.335817600004,-85301.83056900001,20.1705657387104,327.143,3742,0.48234274902492474,0.08217930578822563
55871.3563176,40326.357317600006,-85337.62344400001,20.1694643622104,327.286,3746,0.48251483383267607,0.08256539351975159
55859.63945273514,40314.64045273514,-85353.48766021623,20.16912457312932,327.313,3747,0.48267498884266324,0.08292471567785761
55858.06907435676,40313.07007435676,-85360.8112277838,20.169079032156347,327.34,3748,0.4828227175697825,0.08325615835359408
55849.614880414076,40304.61588041407,-85377.06920279398,20.168833860532008,327.366,3749,0.48295729275713695,0.08355808988075386
55846.60742871112,40301.608428711115,-85387.81944400001,20.168746644432623,327.522,3750,0.48307811981718213,0.08382917624874521
55904.79653258965,40359.797532589655,-85520.62795550918,20.170434128445102,328.253,3751,0.48318441363463815,0.08406765598087901
55908.34793454546,40363.34893454546,-85525.6416146182,20.17053711910182,328.261,3752,0.4832758315225548,0.08427276022818506
55911.455984347835,40366.45698434784,-85526.78819801741,20.170627252546087,328.271,3753,0.4833517468358699,0.08444308305614937
55914.73455804879,40369.73555804879,-85529.65814499513,20.170722331183416,328.296,3754,0.483411873671246,0.08457798301494025
55916.84884981133,40371.84984981133,-85531.12587808304,20.17078364564453,328.319,3755,0.4834557316500505,0.08467638233192365
55920.47079524164,40375.47179524164,-85535.3143948818,20.170888682062007,328.363,3756,0.4834828898701327,0.08473731423939902
55923.69862736843,40378.699627368434,-85539.25810648422,20.170982289193685,328.39,3757,0.4834931014730996,0.08476022488837638
55928.17381043479,40383.17481043479,-85545.35493714784,20.17111206950261,328.435,3758,0.48348631251751434,0.0847449932563945
55932.175197241384,40387.17619724138,-85552.1489776276,20.17122810972,328.464,3759,0.4834622655911919,0.0846910418160824
55934.67355096775,40389.67455096776,-85559.63734247744,20.171300561978065,328.49,3760,0.4834205485952157,0.08459744598648547
55937.43943088969,40392.44043088969,-85566.11379294236,20.1713807724958,328.535,3761,0.4833611039092062,0.08446407649110363
55939.28604986302,40394.28704986302,-85575.41013964934,20.17143432444603,328.561,3762,0.48328389852113907,0.08429085926449344
55940.02473882354,40395.02573882353,-85585.03392691766,20.17145574642588,328.586,3763,0.4831889114082672,0.08407774714023261
55939.118328648656,40394.11932864865,-85593.73268685407,20.17142946053081,328.629,3764,0.48307607727542984,0.08382459362275985
55937.48660307693,40392.48760307694,-85600.03555587694,20.171382140489232,328.77,3765,0.48294573828533627,0.08353216638486369
55806.16572450732,40261.16672450732,-85694.61682472196,20.167573835010714,329.472,3766,0.4827981002165866,0.08320092710932689
55799.41412143072,40254.41512143072,-85696.43554246309,20.16737803852149,329.481,3767,0.48263327124782984,0.08283111850467065
55793.26571860646,40248.266718606465,-85697.9134199226,20.16719973483959,329.49,3768,0.48245129793684255,0.08242284502745073
55785.37278691766,40240.373786917655,-85698.47602665884,20.16697083982061,329.514,3769,0.48225271300193445,0.08197730187907071
55777.035430756216,40232.03643075621,-85698.77827923505,20.16672905649193,329.539,3770,0.4820381199738799,0.08149584313506239
55769.42815485534,40224.429154855345,-85698.14775212966,20.166508445490805,329.582,3771,0.48180764138085497,0.08097874369840041
55761.309898460386,40216.31089846039,-85697.68413903398,20.166273016055353,329.609,3772,0.4815616379015895,0.08042681278422963
55755.279454338466,40210.28045433847,-85695.2273219077,20.166098133175815,329.653,3773,0.48130063478025825,0.0798412288250599
55749.23947555863,40204.24047555863,-85691.25876753105,20.1659229737912,329.68,3774,0.48102557139689167,0.07922409940441212
55743.22640456472,40198.22740456472,-85688.5878060706,20.165748594732378,329.707,3775,0.4807370396635079,0.07857675253009434
55737.41127186977,40192.412271869776,-85686.8327691349,20.165579955884223,329.752,3776,0.4804355784518012,0.07790039720918128
55732.54476466313,40187.545764663126,-85684.24101743271,20.16543882717523,329.779,3777,0.4801218488919823,0.07719651674671678
55728.59690119696,40183.59790119696,-85681.16959143207,20.165324339134713,329.806,3778,0.47979662964462966,0.0764668581376872
55724.41710217501,40179.41810217501,-85679.04533272501,20.165203124963075,329.851,3779,0.47946073575450227,0.07571325000825767
55720.42183490527,40175.42283490527,-85676.84673486317,20.165087262212253,329.986,3780,0.47911498376996425,0.07493752435806672
55658.49878370732,40113.49978370732,-85650.61799800977,20.163291493727513,330.725,3781,0.47876220824647214,0.07414604076702379
55655.46210158678,40110.46310158678,-85645.6966918215,20.163203429946016,330.731,3782,0.47839941915154105,0.07333209082853351
55655.46210158678,40110.46310158678,-85645.6966918215,20.163203429946016,330.736,3783,0.47803143772567525,0.07250649142895418
55653.138640235295,40108.1396402353,-85645.12584592943,20.163136049566823,330.747,3784,0.477657398135289,0.07166729999282342
55650.6315963038,40105.632596303796,-85643.78525024811,20.16306334529281,330.769,3785,0.4772782603690059,0.07081667034089273
55649.61694088889,40104.617940888886,-85643.34109647409,20.163033920285777,330.792,3786,0.47689287099642835,0.06995201464840595
55646.83168103226,40101.83268103226,-85642.64952240001,20.162953147749935,330.836,3787,0.4765037923316491,0.06907908169730631
55645.990330481014,40100.99133048102,-85643.22702240001,20.16292874858395,330.863,3788,0.4761118648096032,0.06819975707890102
55644.429552,40099.430552000005,-85642.65477240001,20.162883486008,330.89,3789,0.4757180155779006,0.06731612093217598
55642.44173621053,40097.442736210534,-85642.07244750122,20.162825839350106,330.935,3790,0.47532326712305534,0.0664304672975168
55641.2843482963,40096.2853482963,-85643.28924462224,20.162792275100593,330.962,3791,0.4749282482313166,0.06554420691338277
55638.59323718519,40093.594237185185,-85643.67813351113,20.162714232878372,330.989,3792,0.47453383308730396,0.06465930109153142
55638.66371157447,40093.66471157447,-85644.57638410214,20.16271627663566,331.031,3793,0.47414089242449664,0.06377770340077643
55638.053612165975,40093.05461216597,-85645.00287302241,20.162698583752814,331.056,3794,0.4737500062723131,0.06290071518924568
55637.81216964706,40092.81316964707,-85644.58055181178,20.162691581919766,331.204,3795,0.4733617213623841,0.06202956309848763
55615.89062164068,40070.89162164068,-85635.43915334239,20.16205585702758,333.083,3796,0.47297721720664615,0.06116689346953534
55622.34646222703,40077.34746222703,-85635.60432512434,20.162243076404582,333.094,3797,0.47259661978982537,0.06031298896044398
55622.34646222703,40077.34746222703,-85635.60432512434,20.162243076404582,333.103,3798,0.47222034798842477,0.05946878935829272
55624.771763967125,40079.77276396712,-85637.31013778632,20.162313410155047,333.11,3799,0.47184870647060717,0.05863497821348551
55627.44388974546,40082.44488974546,-85638.36481898183,20.162390901802617,333.116,3800,0.4714821127311459,0.057812492213066675
55629.614364777466,40084.61536477746,-85638.93746558875,20.162453845578547,333.157,3801,0.4711209053128417,0.05700209090823479
55632.90127730527,40087.90227730527,-85641.0755271158,20.162549166041853,333.183,3802,0.47076523637864554,0.0562041156902453
55637.69521995337,40092.696219953374,-85645.0204492305,20.16268819037865,333.228,3803,0.47041519565115547,0.055418767859810245
55642.217835200005,40097.21883520001,-85647.90480080001,20.1628193462208,333.255,3804,0.47007087993962104,0.05464626461718132
55646.285728303454,40101.28672830346,-85649.30706976553,20.1629373151208,333.283,3805,0.4697322785772033,0.053886582030346665
55649.11915482617,40104.120154826174,-85650.56514098693,20.163019484489958,333.329,3806,0.46939924697413227,0.05313939569916308
55650.711881551935,40105.71288155194,-85651.84128835367,20.163065673565008,333.363,3807,0.4690720524288657,0.05240530533174265
55651.7067324973,40106.70773249731,-85652.5291899892,20.16309452424242,333.388,3808,0.4687501129388661,0.0516830051530878
55652.286635200006,40107.2876352,-85651.43280080002,20.1631113414208,333.413,3809,0.46843318437598325,0.05097194743975356
55653.182174926034,40108.18317492603,-85652.1884939507,20.163137312072855,333.561,3810,0.4681207919978528,0.050271067064580156
55644.209519345466,40099.21051934546,-85542.72306043637,20.162877105061018,334.279,3816,0.4678128286064741,0.049580123519219345
55646.339428436375,40101.34042843638,-85535.7548786182,20.162938872424654,334.322,3817,0.4675088005433407,0.04889800923644645
55651.00650878341,40106.00750878341,-85527.32453912367,20.16307421775472,334.349,3818,0.46720834209960527,0.048223903715596116
55655.95939391393,40110.960393913934,-85519.844418319,20.163217851423504,334.376,3819,0.4669108529709479,0.04755646011997711
55661.46854556924,40116.46954556924,-85513.71111987694,20.163377616821506,334.419,3820,0.46661608147391154,0.04689511377513446
55667.43754241195,40122.438542411954,-85507.62371172539,20.163550717729947,334.446,3821,0.4663235549389021,0.046238804204354965
55675.57104867098,40130.572048670976,-85500.18605163872,20.16378658941146,334.473,3822,0.46603273503024045,0.04558632360316199
55683.42681480001,40138.427814800016,-85494.08419680002,20.1640144066292,334.519,3823,0.46574337500300733,0.04493711837715409
55686.94297046039,40141.94397046039,-85490.4795269887,20.16411637514335,334.546,3824,0.4654549103828762,0.04428992207745006
55695.14116824829,40150.14216824829,-85484.78626576554,20.1643541228792,334.723,3825,0.4651669027687899,0.04364375111187909
55707.98738047584,40162.98838047584,-85321.83606902901,20.1647266630338,335.412,3826,0.4648791761409595,0.04299821056422552
55706.23883587352,40161.23983587352,-85320.73203006167,20.164675955240334,335.421,3827,0.4645909916114306,0.04235164267295942
55671.70089120949,40126.70189120949,-85245.17685219606,20.163674354845075,335.43,3828,0.4643026749024907,0.04170477822530591
55703.75681018182,40158.75781018182,-85318.72084429092,20.164603976495272,335.455,3829,0.464013949411764,0.04105699663897617
55704.35016916536,40159.351169165355,-85322.23221866458,20.164621183905794,335.481,3830,0.4637248896708671,0.04040846513235048
55703.749251656656,40158.75025165666,-85325.12105107984,20.164603757298043,335.524,3831,0.4634350771001096,0.039758244584275355
55703.55133815385,40158.55233815385,-85325.7776275077,20.164598017806462,335.551,3832,0.4631446134422388,0.039106563263747986
55703.64255224097,40158.643552240974,-85325.62186291086,20.164600663014987,335.596,3833,0.4628538048974754,0.038454108158482055
55703.295892,40158.296892,-85329.60953520001,20.164590609868,335.623,3834,0.4625626037656788,0.03780077224892514
55703.31426619355,40158.315266193546,-85331.61283842582,20.164591142719612,335.648,3835,0.4622712149434257,0.03714701523896122
55703.5972180274,40158.5982180274,-85331.05226396714,20.164599348322795,335.691,3836,0.46198023366696284,0.03649417259460399
55704.608742000004,40159.609742,-85330.79993520002,20.164628682518,335.717,3837,0.4616899805325708,0.03584296360242118
55704.65301438806,40159.654014388056,-85332.74411430449,20.164629966417255,335.744,3838,0.4614010807522191,0.03519479098165425
55705.02370961658,40160.024709616584,-85332.77620463006,20.16464071657888,335.789,3839,0.4611142320551999,0.03455122015067567
55705.89199977202,40160.892999772026,-85332.38449478551,20.164665896993387,335.961,3840,0.46083024357184366,0.03391406646609847
55674.11924400001,40129.120244000005,-85299.18998160002,20.163744487076,336.64,3841,0.4605498640142615,0.033285009730831205
55673.933975707325,40128.93497570732,-85299.22188403904,20.163739114295513,336.649,3842,0.46027377503828193,0.032665579300985716
55672.721617205745,40127.72261720574,-85299.27702466221,20.163703955898967,336.657,3843,0.46000308834658515,0.032058269381434315
55671.749450896554,40126.75045089655,-85299.25867125519,20.163675763076,336.681,3844,0.4597386915692107,0.03146507144994238
55671.42564784616,40126.426647846165,-85298.45019313847,20.16366637278754,336.704,3845,0.45948143017829784,0.03088788239923725
55670.541164792085,40125.54216479209,-85297.44035783764,20.163640722778972,336.748,3846,0.4592323305059233,0.030329004897570063
55669.47453112872,40124.475531128715,-85297.83956575843,20.16360979040273,336.775,3847,0.45899269368893636,0.02979135816239575
55668.24274148744,40123.243741487444,-85296.71315747942,20.163574068503134,336.819,3848,0.45876364610971787,0.029277469333814376
55667.03715704348,40122.038157043484,-85297.45102507828,20.16353910655426,336.846,3849,0.4585464290780767,0.028790123401939104
55666.74574400001,40121.746744000004,-85296.21714826669,20.163530655576,336.891,3850,0.4583417190155774,0.028330837979340395
55665.67241066667,40120.67341066667,-85296.17631493334,20.163499528909334,336.918,3851,0.45815095281602886,0.02790283686641262
55664.389330956525,40119.39033095652,-85297.23798160002,20.163462319597738,336.945,3852,0.45797502410169927,0.027508124985024782
55663.22011603792,40118.22111603792,-85297.6705882351,20.1634284123651,336.972,3853,0.4578149050597699,0.027148883524488927
55660.43550815095,40115.436508150946,-85297.76430235473,20.163347658736377,336.999,3854,0.4576718855343695,0.026828006366026697
55658.934444000006,40113.935444,-85298.31878160001,20.163304127876,337.156,3855,0.45754607985485857,0.026545750017833276
55621.295339695935,40076.29633969594,-85292.46435366517,20.162212593851184,337.828,3856,0.45743870087455674,0.026304835625330866
55619.18013607602,40074.18113607602,-85291.40960253395,20.162151252946206,337.837,3857,0.45735096854433843,0.02610800025794376
55619.18013607602,40074.18113607602,-85291.40960253395,20.162151252946206,337.846,3858,0.45728287543042956,0.025955227237331697
55618.5447768,40073.545776800005,-85292.09336000001,20.162132827527202,337.853,3859,0.45723495058928565,0.0258477035491992
55617.723451478116,40072.72445147812,-85291.76271965666,20.162109009092866,337.859,3860,0.4572076815449201,0.025786522997484285
55617.26222943158,40072.263229431584,-85290.10359157895,20.162095633653514,337.901,3861,0.45720148171435876,0.025772613120438506
55616.960709510284,40071.96170951029,-85290.06909084113,20.162086889575797,337.927,3862,0.4572163302727965,0.02580592719573995
55616.749886477424,40071.75088647743,-85290.89225032259,20.162080775707846,337.972,3863,0.45725235113256324,0.0258867432318368
55616.76902433364,40071.770024333644,-85290.53974923768,20.162081330705675,337.999,3864,0.4573094010155757,0.026014739771472863
55615.916944241864,40070.91794424187,-85290.48277395351,20.162056620383016,338.025,3865,0.45738734264897174,0.02618960883064505
55615.062552946794,40070.0635529468,-85290.56820770644,20.162031843035457,338.07,3866,0.45748546696710346,0.02640975955684834
55614.2215768,40069.222576800006,-85290.63176000002,20.1620074547272,338.096,3867,0.4576035345305976,0.026674654746330274
55614.01699177798,40069.017991777975,-85290.22814061676,20.16200152176156,338.123,3868,0.4577409437009632,0.026982944569066854
55613.517843466674,40068.51884346668,-85289.37012666668,20.161987046460535,338.168,3869,0.4578969514939615,0.027332962073146137
55613.23117680001,40068.23217680001,-85289.62971000001,20.1619787331272,338.307,3870,0.4580706411745725,0.027722650481163496
55605.82802085992,40060.82902085992,-85282.36989018503,20.161764041604936,338.929,3871,0.45826101993425084,0.028149782337922997
55605.332045671756,40060.33304567175,-85283.12388398207,20.16174965832448,338.939,3872,0.4584669646142138,0.028611837735757137
55604.298183054554,40059.29918305455,-85283.53555418183,20.161719676308582,338.948,3873,0.4586873905545142,0.029106383142595286
55603.56646565431,40058.56746565431,-85283.55672695024,20.161698456503974,338.973,3874,0.4589209519098159,0.029630399033474402
55603.26154669092,40058.26254669092,-85284.53209963637,20.161689613854037,338.999,3875,0.45916613966524444,0.030180499797907604
55602.377545896954,40057.37854589695,-85285.28757442796,20.16166397783101,339.043,3876,0.4594216626797895,0.030753788645002944
55601.86034065678,40056.861340656775,-85285.52967049782,20.161648978879047,339.069,3877,0.45968599128378324,0.03134683362338846
55600.975097777,40055.976097777006,-85285.2208421947,20.161623306835533,339.092,3878,0.45995735999171394,0.03195567370765379
55600.434405041866,40055.43540504186,-85285.16143367442,20.161607626746214,339.134,3879,0.4602341625807663,0.03257670519256082
55599.61900123637,40054.62000123637,-85285.28237236364,20.161583980035854,339.177,3880,0.4605148037614057,0.03320634890266913
55598.20734727743,40053.208347277425,-85283.85409083872,20.161543042071045,339.204,3881,0.4607976324365738,0.03384090045334374
55597.68639460935,40052.687394609355,-85284.02847431776,20.161527934443672,339.23,3882,0.46108074688664746,0.03447609316570171
55595.10395467318,40050.10495467318,-85284.26878478049,20.161453043685523,339.276,3883,0.461362418630146,0.035108049036201676
55591.880464523085,40046.88146452309,-85285.92492830771,20.16135956247117,339.302,3884,0.4616409766058314,0.035733018888777314
55587.42476663227,40042.42576663227,-85284.05151019356,20.161230347232337,339.478,3885,0.4619147034573528,0.036347149680115695
55406.74258146836,39861.743581468356,-85231.68817731646,20.15599056386258,340.077,3886,0.4621817896035893,0.036946381452344385
55466.036784,39921.037784,-85287.20215200001,20.157710095736,340.082,3887,0.46244079042566033,0.03752747307317628
55403.97525458824,39858.97625458824,-85224.43438729412,20.15591031138306,340.088,3888,0.462689871894036,0.03808630973253602
55404.85825768422,39859.85925768422,-85223.06878357896,20.155935918472842,340.113,3889,0.46292741259487036,0.03861925364274312
55402.34396918519,39857.344969185186,-85219.18689274075,20.155863004106372,340.158,3890,0.46315202696541774,0.0391231961692565
55450.21422586047,39905.21522586048,-85281.76894269769,20.157251241549954,340.183,3891,0.46336213004907295,0.03959458131949167
55447.073578520554,39902.07457852055,-85279.03245336987,20.157160162777096,340.225,3892,0.4635562942398902,0.0400302061312097
55443.39790164706,39898.39890164706,-85276.04321082354,20.157053568147766,340.251,3893,0.4637334755507385,0.0404277283254587
55441.420219406704,39896.42121940671,-85274.11514721533,20.156996215362796,340.295,3894,0.46389224084829633,0.0407839325388354
55439.66538865117,39894.66638865117,-85272.56215200001,20.156945325270883,340.322,3895,0.46403147409392714,0.04109631483835994
55439.6952263077,39894.6962263077,-85271.22461353848,20.156946190562923,340.349,3896,0.46415018611587605,0.041362655928302905
55439.98242885982,39894.98342885982,-85271.16437629907,20.156954519436933,340.376,3897,0.46424741482781157,0.04158079728151649
55439.82329104226,39894.824291042256,-85270.5047435493,20.156949904440225,340.421,3898,0.4643222372778002,0.041748668172391826
55441.20921462202,39896.21021462201,-85271.95686970335,20.15699009622404,340.448,3899,0.46437385502606965,0.04186447722954363
55440.04390248342,39895.04490248342,-85270.24160223697,20.15695630217202,340.594,3900,0.46440165104388165,0.04192684009354495
55352.198360603776,39807.19936060377,-85011.32216581133,20.15440878145751,342.677,3925,0.4644051550308699,0.041934701603257865
55355.93818250467,39810.93918250468,-84995.79705207478,20.154517236292637,342.821,3929,0.4643838063724154,0.04188680396940208
55292.60315195295,39747.60415195295,-84895.92575816471,20.152680520406637,343.694,3931,0.4643390540740685,0.0417863981661525
55291.00600377723,39746.007003777224,-84896.38027045064,20.15263420310954,343.703,3932,0.4642691806458624,0.041629630850417036
55290.73990117895,39745.74090117896,-84896.72660955791,20.15262648613419,343.725,3933,0.464174065939045,0.04141623245767239
55290.37678179513,39745.377781795134,-84895.84927322928,20.152615955672058,343.734,3934,0.46405377752450605,0.04114635458928263
55290.35305907369,39745.354059073696,-84895.7318727158,20.152615267713138,343.759,3935,0.4639064396382042,0.040815788800045105
55289.61925197887,39744.620251978864,-84896.0168309815,20.152593987307387,343.802,3936,0.46373378000642196,0.04042841139914607
55289.007016435455,39744.00801643546,-84896.31115652659,20.15257623247663,343.829,3937,0.4635363992128883,0.039985569850156305
55289.06494594856,39744.06594594856,-84895.66709328798,20.15257791243251,343.874,3938,0.46331431699333975,0.039487308431974295
55288.82589028966,39743.82689028967,-84894.9967774345,20.1525709798184,343.901,3939,0.46306842582413177,0.038935629495510805
55288.43696122996,39743.43796122997,-84896.3443199683,20.15255970087567,343.927,3940,0.46279874616920996,0.03833057895346688
55288.17492177392,39743.175921773916,-84895.87608553044,20.152552101731445,343.97,3941,0.4625063987526621,0.03767467125105335
55287.91272414546,39742.91372414546,-84896.26089185456,20.152544498000218,343.997,3942,0.46219187338293555,0.03696900531754129
55288.28240234337,39743.28340234337,-84896.55519595752,20.152555218667956,344.022,3943,0.46185601157617984,0.036215469170039476
55288.07031892736,39743.07131892737,-84896.65109976324,20.152549068248895,344.066,3944,0.46149955619538297,0.03541572948842295
55288.09277178341,39743.09377178342,-84896.4673070987,20.152549719381717,344.208,3945,0.46112359250624246,0.0345722211638174
55288.144310400006,39743.14531040001,-84895.52879400001,20.1525512140016,344.911,3946,0.46072913077462,0.033687210818476566
55291.88237378029,39746.88337378029,-84895.75912850705,20.15265961783963,344.92,3947,0.4603169901746826,0.03276253634326352
55291.88237378029,39746.88337378029,-84895.75912850705,20.15265961783963,344.929,3948,0.4598885256821337,0.03180123774794138
55294.10044053699,39749.10144053699,-84896.54175632878,20.152723941775573,344.936,3949,0.45944496265200896,0.030806064226655824
55294.861810400005,39749.86281040001,-84897.865044,20.1527460215016,344.963,3950,0.4589874830303463,0.02977966758156484
55295.478534537935,39750.47953453794,-84898.67607848276,20.1527639065016,344.986,3951,0.458517131713916,0.02872439213247786
55298.489192374254,39753.49019237426,-84898.32289807727,20.152851215578853,345.01,3952,0.4580355749833049,0.027643976329640815
55299.98135585455,39754.98235585455,-84899.31595309092,20.15289448831978,345.054,3953,0.4575442453829652,0.026541634215275674
55302.74066502556,39757.74166502556,-84900.59966955068,20.15297450828574,345.08,3954,0.457044270900183,0.02541989653023157
55304.51989259179,39759.52089259178,-84903.45161934248,20.15302610588516,345.124,3955,0.45653681334943885,0.02428136990970818
55305.80981040001,39760.81081040001,-84904.20704400001,20.1530635135016,345.151,3956,0.4560239362523608,0.02313068404992778
55306.87031040001,39761.871310400005,-84905.92379400002,20.1530942680016,345.178,3957,0.4555057654264877,0.021968121233845887
55306.98164511075,39761.98264511075,-84908.17760598348,20.153097496708213,345.205,3958,0.4549866367767991,0.020803409453954043
55308.39850531526,39763.39950531526,-84909.05377281357,20.153138585654144,345.249,3959,0.4544664500310513,0.019636323740461675
55309.01749504731,39764.018495047305,-84910.16355022408,20.15315653635637,345.39,3960,0.4539470141710867,0.01847092270670639
55275.56518546614,39730.566185466145,-84878.75564571156,20.15218641937852,346.023,3962,0.45342975919424644,0.017310414680237533
55270.829461090914,39725.83046109091,-84872.7127645091,20.152049083371637,346.032,3963,0.45291622301202633,0.016158250103708624
55250.44733578379,39705.44833578379,-84835.85002495136,20.15145800173773,346.349,3973,0.4524082177016057,0.015018494535123716
55335.39585997242,39790.39685997242,-84989.36566452414,20.1539215089392,348.726,3976,0.4519072566341419,0.013894543358681493
55334.6543298,39789.65532980001,-84996.4628628,20.1539000045642,348.736,3977,0.45141485887113775,0.01278980472538246
55334.6543298,39789.65532980001,-84996.4628628,20.1539000045642,348.745,3978,0.45093272350179814,0.011708090694555542
55335.59691908572,39790.59791908572,-84997.92054137144,20.153927339653485,348.753,3979,0.45046253899831973,0.010653189505317693
55335.59691908572,39790.59791908572,-84997.92054137144,20.153927339653485,348.759,3980,0.45000580796478135,0.009628472384959437
55335.40901730001,39790.410017300004,-84999.3438003,20.1539218905017,348.765,3981,0.4495640938150293,0.008637446992949693
55335.8632260766,39790.86422607661,-85000.5327298213,20.153935062556222,348.788,3982,0.4491389822740359,0.007683671045773544
55336.8265173,39791.8275173,-85001.12223780001,20.1539629980017,348.83,3983,0.44873203168260667,0.006770640821076908
55338.36816356289,39793.36916356289,-85001.47931898558,20.154007705743325,348.856,3984,0.44834468010403977,0.005901582743108711
55339.78400584713,39794.78500584712,-85001.39277772148,20.154048765169566,348.901,3985,0.44797842044612635,0.005079846284666578
55341.51547854302,39796.516478543024,-85000.27145916873,20.154098977877748,348.927,3986,0.4476347692371554,0.004308833913257939
55344.754133794086,39799.75513379408,-84999.99076960474,20.154192898880027,348.954,3987,0.44731507709927015,0.0035915758710421395
55346.718564350565,39801.71956435057,-84999.88450605844,20.15424986736617,348.999,3988,0.4470208266674772,0.0029313985829015343
55348.64102345285,39803.64202345285,-84999.29419052022,20.154305618680134,349.026,3989,0.44675321623449676,0.002330990526244889
55351.77466633847,39806.775666338464,-84999.26757433848,20.154396494323816,349.168,3990,0.44651349632950244,0.0017931573756589003
55435.26572113549,39890.266721135486,-84992.91607130323,20.15681773491293,349.891,3991,0.44630293334327353,0.0013207403926680074
55436.45023726452,39891.451237264526,-84992.56187775485,20.156852085880672,349.9,3992,0.44612276386100125,0.0009165139672810868
55436.45023726452,39891.451237264526,-84992.56187775485,20.156852085880672,349.909,3993,0.4459741611996329,0.0005831105415159569
55437.780669782966,39892.78166978297,-84992.05934629239,20.156890668423706,349.917,3994,0.44585797984519593,0.00032244723156819616
55438.18304470219,39893.1840447022,-84992.22140163145,20.156902337296366,349.923,3995,0.44577542310081136,0.00013722375613121324
55438.79637920001,39893.79737920001,-84991.96685840002,20.1569201239968,349.964,3996,0.4457271549725967,2.8929872604088274e-05
55439.751166972936,39894.75216697293,-84990.98341036508,20.156947812842215,349.989,3997,0.44571426051582214,0.0
55440.21461636815,39895.21561636815,-84991.0877327363,20.156961252874677,350.033,3998,0.4457372346340445,5.1544498925830805e-05
55440.532354200004,39895.5333542,-84991.1663334,20.1569704672718,350.06,3999,0.4457967531030449,0.0001850795330786407
55441.39833162291,39896.39933162292,-84990.24410597711,20.156995580617064,350.105,4000,0.44589338886231006,0.00040189054368738007
55441.89789109428,39896.898891094286,-84989.86666104318,20.157010067841735,350.132,4001,0.4460273484262704,0.0007024408644361692
55442.147070109095,39897.14807010909,-84989.7135493091,20.157017294033164,350.158,4002,0.4461991570088607,0.0010879088599889072
55442.76117920001,39897.76217920001,-84989.6764584,20.1570351031968,350.185,4003,0.44640898737596696,0.001558682146137349
55442.66037920001,39897.66137920001,-84989.3348584,20.1570321799968,350.23,4004,0.4466566958426324,0.002114438352767961
55443.704854200005,39898.7058542,-84988.9332084,20.1570624697718,350.402,4005,0.446942217119902,0.002755030998242609
55440.23610450001,39895.2371045,-84987.1337064,20.1569618760305,351.071,4006,0.44726542400795105,0.003480174698323011
55439.98056472728,39894.98156472728,-84987.72234276363,20.15695446537709,351.08,4007,0.4476259638263523,0.004289078182775087
55438.235592000005,39893.236592,-84988.34750640001,20.156903861168,351.089,4008,0.4480233582315,0.005180668244730569
55435.43790738462,39890.438907384625,-84987.58762947693,20.156822728314154,351.114,4009,0.4484569524946625,0.006153475941438944
55432.73995866667,39887.740958666676,-84987.99203973333,20.156744487801333,351.137,4010,0.44892606116883027,0.007205963410933137
55428.564648783926,39883.56564878393,-84990.58182197789,20.156623403814734,351.182,4011,0.44942962601976744,0.008335756409600924
55423.394720571436,39878.39572057144,-84992.52299211429,20.156473475896572,351.206,4012,0.449966595821263,0.009540496416963844
55418.36757771429,39873.3685777143,-84994.02727782857,20.156327688753713,351.248,4013,0.45053578829737845,0.010817530890702016
55412.61467131035,39867.615671310356,-84996.5862926069,20.156160854468,351.273,4014,0.45113589009947797,0.01216391321511996
55408.29067893468,39863.29167893468,-85000.66815363619,20.156035458689107,351.316,4015,0.45176532750054804,0.01357611259223128
55403.12300073787,39858.124000737866,-85003.58812387573,20.1558855960214,351.343,4016,0.4524223126589451,0.01505011783863454
55397.692426615395,39852.6934266154,-85006.22957178461,20.155728109371847,351.37,4017,0.45310489751539845,0.016581558308282937
55393.137463123,39848.138463123,-85009.13710212192,20.155596015430568,351.43,4018,0.4538112497117751,0.018166322941030388
55387.27995866667,39842.28095866667,-85013.00537306667,20.155426147801332,351.438,4019,0.45453924764797043,0.019799651736372985
55382.229974926835,39837.23097492683,-85017.45412103414,20.155279698272878,351.619,4020,0.4552865452928976,0.02147628116272857
55307.79373811508,39762.79473811507,-85146.68788997261,20.153121047405335,352.326,4021,0.4560509351520956,0.02319125850788553
55311.99959908038,39767.00059908038,-85162.17191506544,20.15324301737333,352.349,4022,0.4568298619271062,0.02493885073010683
55311.99959908038,39767.00059908038,-85162.17191506544,20.15324301737333,352.358,4023,0.4576206757573846,0.026713112629116298
55314.01423393275,39769.01523393275,-85166.66080184073,20.15330144178405,352.366,4024,0.45842081544226687,0.02850829792104817
55314.01423393275,39769.01523393275,-85166.66080184073,20.15330144178405,352.373,4025,0.45922769053688717,0.030318594710041426
55318.266888800004,39773.26788880001,-85173.86011600001,20.1534247687752,352.384,4027,0.4600382401772836,0.0321371356727165
55325.769101565966,39780.77010156597,-85188.28480748937,20.153642332945413,352.5,4030,0.46084815893669384,0.03395426119720142
55328.85446589252,39783.85546589251,-85192.62003890751,20.153731808510884,352.526,4031,0.4616583895789874,0.035772086458964195
55331.68441173578,39786.68541173579,-85197.30385453212,20.153813876940337,352.553,4032,0.46246200756339007,0.03757507562846626
55335.071654757456,39790.07265475746,-85200.55774365959,20.153912106987967,352.599,4033,0.4632582487840636,0.039361514365589066
55338.47197354577,39793.472973545766,-85203.09312447459,20.154010716232825,352.625,4034,0.46404426678439564,0.04112501638911062
55341.621323582614,39796.62232358262,-85204.91074643479,20.154102047383894,352.769,4035,0.46481915637280574,0.04286355082037007
55336.15027979017,39791.15127979017,-85207.90210280656,20.153943387113916,353.466,4036,0.4655779433223022,0.04456595753407561
55333.929566358805,39788.9305663588,-85208.11041104549,20.153878986424406,353.471,4037,0.46631799896852005,0.0462263388854854
55330.006940385196,39785.0079403852,-85206.83797105185,20.15376523027117,353.477,4038,0.4670366686334146,0.04783873886582891
55324.36760885855,39779.36860885855,-85205.38953383415,20.1536016896569,353.502,4039,0.46773157568869517,0.049397825295947544
55316.914347792605,39771.9153477926,-85201.72019327407,20.153385545085985,353.545,4040,0.4684004285845419,0.050898456877877786
55309.21007520001,39764.211075200015,-85197.40555920001,20.1531621211808,353.568,4041,0.46904101591018066,0.052335672112807485
55302.68929757289,39757.69029757289,-85193.53594970847,20.152973018629613,353.609,4042,0.4696511494638868,0.05370456157351275
55297.09475520001,39752.0957552,-85187.57461920001,20.1528107769008,353.634,4043,0.4702289826923649,0.05500098235172472
55293.00454001014,39748.00554001014,-85180.37573945317,20.152692160660294,353.677,4044,0.47077283260300345,0.05622115850226825
55287.35546209656,39742.35646209656,-85167.79551575173,20.1525283374008,353.749,4046,0.4712805584820594,0.057360287141473926
55342.05552678027,39797.056526780274,-84988.8418259193,20.154114639276628,354.663,4052,0.47175136770391973,0.05841658994254531
55342.05552678027,39797.056526780274,-84988.8418259193,20.154114639276628,354.672,4053,0.4721841588200125,0.05938759570662368
55341.085232488746,39796.08623248874,-84999.6712709325,20.154086500742174,354.68,4054,0.4725778772151788,0.06027093830982114
55337.10582763637,39792.106827636366,-84985.48538727274,20.153971098001456,354.867,4060,0.47293169495729814,0.06106476021201891
55332.578948667964,39787.57994866796,-85064.04357718835,20.153839818511372,355.89,4071,0.47324490539098024,0.06176747596834141
55335.966394523086,39790.96739452309,-85062.15856449232,20.15393805444117,355.956,4073,0.4735178269839599,0.06237980008977247
55339.16281127089,39794.16381127089,-85057.1266618633,20.154030750526857,356.0,4074,0.47374976013744813,0.06290016296355583
55338.78675510001,39793.78775510001,-85057.3855068,20.1540198448979,356.027,4075,0.4739406613046426,0.06332846688852678
55342.22379705206,39797.224797052055,-85047.86466775891,20.15411951911451,356.071,4076,0.4740908098311237,0.06366533860160005
55339.185108644786,39794.18610864479,-85052.8223165015,20.1540313971507,356.098,4077,0.47420073925876927,0.06391197515192787
55342.150317600004,39797.1513176,-85042.95775680001,20.154117388210402,356.125,4078,0.47427099887179164,0.06406960890800528
55341.63901571321,39796.640015713216,-85044.95380396981,20.154102560455684,356.17,4079,0.4743022651352709,0.0641397575800336
55341.94754578792,39796.94854578792,-85040.02861921611,20.15411150782785,356.338,4080,0.47429552358849697,0.06412463231398055
55303.762387200004,39758.7633872,-85003.04694720001,20.153004138228802,356.964,4081,0.4742519619837489,0.0640268979388281
55302.20305072942,39757.204050729415,-85002.57358249412,20.152958917471153,356.983,4082,0.4741728489244208,0.0638494006803007
55300.31451291429,39755.31551291428,-85000.42306148572,20.152904149874516,356.991,4083,0.47405944680269424,0.0635949728287096
55299.01343201928,39754.01443201928,-84999.05522671808,20.15286641852856,356.997,4084,0.4739132220947877,0.06326690455524374
55296.485560533336,39751.48656053333,-84998.67127312593,20.152793110255466,357.042,4085,0.47373590992395126,0.06286908876485095
55294.10116162623,39749.10216162623,-84997.91378982295,20.152723962687162,357.067,4086,0.47352915054600214,0.06240520551886767
55290.9442272,39745.945227200005,-84996.3653472,20.1526324115888,357.093,4087,0.4732948404717228,0.061879509809674625
55287.478493294424,39742.47949329442,-84994.344402994,20.152531905305537,357.132,4088,0.4730345127598283,0.0612954411922755
55283.47504877677,39738.47604877676,-84993.77439284316,20.152415805414527,357.16,4089,0.47275016391561486,0.060657479005729494
55278.897872361296,39733.8988723613,-84992.52147623226,20.152283067298477,357.204,4090,0.47244367702764906,0.05996984812846945
55275.10872720001,39730.109727200004,-84991.57884720001,20.1521731820888,357.232,4091,0.4721170365043419,0.05923700075910517
55271.084914424675,39726.08591442468,-84991.15010490926,20.152056491518316,357.258,4092,0.4717724008869236,0.05846377977887577
55267.01824489912,39722.019244899115,-84991.46632065134,20.151938558102074,357.303,4093,0.471411536478825,0.05765414804826657
55263.65516837648,39718.656168376474,-84991.7965236706,20.151841028882917,357.33,4094,0.4710362777048881,0.05681222126427132
55259.35779682026,39714.35879682026,-84992.41446112406,20.151716405107788,357.511,4095,0.47064857316644915,0.055942371289109526
55230.43306640001,39685.434066400005,-85001.155528,20.1508775879256,358.264,4096,0.47025030571777093,0.05504882247553263
55230.56993912728,39685.57093912728,-85003.05298254546,20.15088155723469,358.273,4097,0.46984324446641523,0.054135543975345965
55230.56993912728,39685.57093912728,-85003.05298254546,20.15088155723469,358.282,4098,0.4694290265152229,0.05320620877590009
55230.07204140001,39685.07304140001,-85001.791278,20.1508671182006,358.29,4099,0.469009270242604,0.05226444785460248
55230.07204140001,39685.07304140001,-85001.791278,20.1508671182006,358.296,4100,0.46858582595726217,0.05131441254531754
55229.74945539083,39684.75045539084,-85001.83266561468,20.150857763206336,358.302,4101,0.46816053768905425,0.050360240094753046
55229.49915288649,39684.500152886496,-85003.3240144865,20.15085050443371,358.327,4102,0.46773440657476695,0.049404176643262535
55229.086228043845,39684.08722804385,-85002.42204854796,20.15083852961327,358.372,4103,0.46730909227743894,0.048449945794027886
55230.105144276116,39685.10614427611,-85003.02867844248,20.150868078184008,358.397,4104,0.4668859826870424,0.04750066140293194
55228.870666400006,39683.87166640001,-85003.02032800001,20.150832278325602,358.424,4105,0.4664662490239993,0.046558951208249495
55229.176214787105,39684.17721478711,-85003.92623767743,20.150841139228827,358.469,4106,0.4660512787969876,0.04562792821039553
55228.80402386607,39683.805023866065,-85003.4479804887,20.150830345692114,358.496,4107,0.46564213190288134,0.04470997038326037
55228.456290854156,39683.45729085416,-85003.15233149346,20.15082026143477,358.541,4108,0.46524000458056436,0.043807761596286396
55229.26826640001,39684.269266400006,-85003.62512800001,20.1508438087256,358.568,4109,0.4648460859616434,0.0429239697731011
55228.098840313054,39683.09984031305,-85003.59822365218,20.15080989536908,358.74,4110,0.4644610906807988,0.04206019826083444
55240.37657580001,39695.37757580001,-84997.24203000001,20.1511659496982,359.353,4111,0.4640860747116933,0.04121881623129931
55243.959700800006,39698.9607008,-84997.21775368422,20.1512698603232,359.362,4112,0.4637221998594848,0.040402430298779796
55248.06520080001,39703.06620080001,-84997.24953,20.1513889198232,359.37,4113,0.463370229255183,0.03961275261627873
55252.871409660765,39707.87240966076,-84997.95960911392,20.151528299880162,359.394,4114,0.46303089881575443,0.03885143427964783
55257.15232791865,39712.153327918655,-84997.59344949153,20.15165244650964,359.436,4115,0.46270490537738274,0.03812003870349008
55263.34955794286,39718.35055794286,-85000.35956571429,20.15183216618034,359.461,4116,0.46239337029255645,0.03742108174288992
55267.41107875276,39722.412078752765,-85001.65477606299,20.15194995028383,359.486,4117,0.46209659140708303,0.03675523164168393
55272.967494917655,39727.96849491766,-85003.45997117647,20.152111086352612,359.531,4118,0.461815628765439,0.03612486670492185
55276.99158292929,39731.99258292929,-85006.78027619772,20.152227784904948,359.558,4119,0.4615513760113035,0.03553199190250993
55279.89009648346,39734.891096483465,-85008.22486273381,20.15231184179802,359.586,4120,0.46130445833751965,0.034978009910778006
55283.45920672886,39738.460206728865,-85011.80126418972,20.152415345995138,359.631,4121,0.46107588139360445,0.034465176994795746
55285.61332148966,39740.61432148966,-85013.48017655173,20.1524778153232,359.658,4122,0.4608666099416629,0.03399565768504927
55288.797906906875,39743.79890690687,-85014.83282198473,20.1525701683003,359.684,4123,0.4606770494440837,0.033570361672846744
55290.025053741185,39745.02605374118,-85016.97563294118,20.152605755558493,359.728,4124,0.4605082060665798,0.033191546381389506
55291.381838346475,39746.38283834647,-85018.4645067658,20.152645102312047,359.867,4125,0.4603608245492238,0.03286088270196083
55313.40516,39768.40616,-85077.76081260001,20.15328377864,360.491,4126,0.46023577073225114,0.032580313224942266
55314.13354983051,39769.134549830516,-85080.27728505763,20.153304901945084,360.501,4127,0.460133820579794,0.03235157889560056
55315.62846508475,39770.629465084756,-85084.33491217627,20.153348254487458,360.51,4128,0.4600560407404593,0.03217707283594544
55316.37537126761,39771.376371267615,-85088.03615590987,20.15336991476676,360.536,4129,0.46000326450214424,0.032058664602262296
55378.36401244717,39833.365012447175,-85224.46607868998,20.155167585360967,361.723,4141,0.4599762179305046,0.031997983188101674
55390.66975144616,39845.67075144616,-85231.13163000002,20.15552445179194,361.733,4142,0.4599756494274805,0.03199670770047549
55390.66975144616,39845.67075144616,-85231.13163000002,20.15552445179194,361.741,4143,0.4600026623450625,0.03205731360873327
55395.879145545216,39850.88014554522,-85234.33880465754,20.15567552422081,361.748,4144,0.4600580755566732,0.032181638128991163
55401.38873844508,39856.38973844508,-85236.13946450705,20.155835302414907,361.758,4145,0.4601427948266108,0.03237171342485345
55405.43950669091,39860.44050669091,-85236.68565272729,20.155952774694036,361.801,4146,0.4602577208669317,0.03262956032476612
55410.395090491,39865.396090491005,-85237.87315251186,20.15609648662424,361.827,4147,0.46040333581735005,0.0329562605525081
55415.82443093334,39870.82543093334,-85240.19954666668,20.156253937497066,361.854,4148,0.46058055161499256,0.033353860120979226
55421.16536230589,39876.166362305885,-85240.75302705883,20.15640882450687,361.899,4149,0.4607901338416502,0.03382407668173067
55427.572764266675,39882.57376426668,-85240.96954666667,20.156594639163735,361.926,4150,0.4610327706024285,0.03436845406040707
55433.66735866195,39888.66835866195,-85241.5886543363,20.156771382401196,361.954,4151,0.4613090764017658,0.03498837095294172
55440.708463070856,39895.70946307086,-85242.88798089688,20.156975574429055,361.98,4152,0.4616194827649961,0.03568479552520251
55447.022521044986,39902.02352104499,-85241.99724602872,20.157158682110303,362.023,4153,0.46196459044538213,0.036459075621124604
55452.60665585243,39907.60765585244,-85241.648195534,20.15732062201972,362.05,4154,0.46234479987767724,0.03731210965206428
55457.40395645168,39912.404956451675,-85243.6611694737,20.1574597437371,362.242,4155,0.46276052442689475,0.03824482503957824
55665.66692160001,40120.667921600005,-85453.244937998,20.1634993697264,364.347,4156,0.4632119701019255,0.039257683983127165
55662.4160125091,40117.417012509104,-85467.89738203638,20.163405093362766,364.357,4157,0.46369922759294224,0.04035088995426402
55662.4160125091,40117.417012509104,-85467.89738203638,20.163405093362766,364.366,4158,0.4642222493027405,0.04152433616438291
55661.14132526973,40116.14232526973,-85474.50551381285,20.163368127432822,364.374,4159,0.46478105751279775,0.04277807260398116
55658.9506716,40113.95167160001,-85487.32664340001,20.1633045984764,364.422,4161,0.4653754445486252,0.044111633336679154
55656.856961440644,40111.85796144065,-85493.64253234422,20.16324388088178,364.447,4162,0.4660051343338508,0.045524398960325375
55654.34846006154,40109.34946006154,-85510.33024916923,20.163171134341784,364.519,4164,0.46666952685142876,0.047015023282753476
55653.407174764565,40108.40817476457,-85517.80177789368,20.163143837068173,364.546,4165,0.4673680963924311,0.04858232682873804
55653.843433227914,40108.84443322792,-85525.2591579349,20.163156488563608,364.591,4166,0.46810005077014144,0.050224532256186685
55653.3976716,40108.39867160001,-85533.99576840001,20.1631435614764,364.618,4167,0.46886449882961817,0.05193964017889941
55653.884816336846,40108.88581633684,-85543.22996576843,20.163157688673767,364.644,4168,0.46966081104391577,0.05372623819659809
55655.33384467693,40110.33484467692,-85551.01101840001,20.163199710495633,364.671,4169,0.4704874910339911,0.055580969048419256
55656.02385708388,40111.024857083874,-85558.5066635613,20.163219720855434,364.858,4170,0.47134310967420984,0.05750062636256602
55752.4591067077,40207.4601067077,-85625.68882098462,20.166016343094523,365.642,4171,0.4722265674181305,0.059482743207780395
55754.79464020646,40209.79564020646,-85625.88568947098,20.166084073565987,365.651,4172,0.47313609562410247,0.061523351477570466
55754.79464020646,40209.79564020646,-85625.88568947098,20.166084073565987,365.66,4173,0.47407027957738584,0.06361927713227636
55756.691414400004,40211.69241440001,-85626.0520806,20.1661390800176,365.668,4174,0.47502702336032054,0.0657658177922666
55756.691414400004,40211.69241440001,-85626.0520806,20.1661390800176,365.674,4175,0.4760047585372113,0.0679594545311029
55756.853785534026,40211.85478553403,-85626.45597879587,20.166143788780488,365.68,4176,0.47700161096544025,0.07019598254139203
55759.3461737583,40214.3471737583,-85626.97539276577,20.16621606803899,365.703,4177,0.47801523591411327,0.0724701412086511
55760.693383311926,40215.69438331193,-85626.42808124766,20.166255137116046,365.744,4178,0.47904331226314445,0.07477672289136728
55761.74407771659,40216.745077716594,-85626.3569895196,20.16628560725378,365.788,4179,0.48008356603074104,0.0771106257070248
55764.01013780426,40219.011137804264,-85626.94765240852,20.166351322996324,365.812,4180,0.4811336500771511,0.07946658363665171
55766.32094807876,40221.32194807877,-85627.20497243939,20.166418336494285,365.856,4181,0.48219119433969226,0.08183927923162165
55768.920826164715,40223.92182616472,-85627.00908260535,20.166493732958777,365.865,4182,0.483254019169333,0.08422382225344636
55770.80987593847,40225.81087593846,-85625.7922056,20.166548515402216,365.91,4183,0.4843178806473311,0.08661069108902476
55773.90053357099,40228.901533570985,-85625.55326259483,20.16663814447356,365.936,4184,0.4853835495798344,0.08900161511122223
55776.49833747693,40231.499337476926,-85625.31866713846,20.166713480786832,366.085,4185,0.4864468585986761,0.09138724445503357
55804.89905280001,40259.9000528,-85740.3147528,20.1675371015312,366.742,4186,0.4875069435078355,0.09376564021902058
55808.85916818462,40263.86016818462,-85743.57120664616,20.167651944877353,366.752,4187,0.48855930888762955,0.09612671652511887
55814.5244329917,40269.52543299169,-85749.60429401406,20.16781623755676,366.761,4188,0.48960128686935084,0.09846448777012101
55820.00625809802,40275.00725809802,-85753.67642697219,20.167975210484844,366.784,4189,0.4906288101808036,0.10076982866332833
55825.9910659579,40280.99206595791,-85756.53360543158,20.16814876991278,366.809,4190,0.49164239097786105,0.1030438882724699
55835.64780751699,40290.64880751699,-85761.31887355472,20.168428815417993,366.852,4191,0.4926369378921189,0.10527524365496728
55842.86705280001,40297.86805280001,-85765.3018385143,20.1686381735312,367.052,4192,0.4936109678150633,0.10746056732358222
55850.909384955485,40305.91038495548,-85767.81320651025,20.16887140116371,367.061,4193,0.4945626123160017,0.10959566728613905
55859.671736814875,40314.67273681487,-85769.94732975168,20.169125509367632,367.069,4194,0.49548952357260195,0.111675275992236
55867.88136858948,40322.882368589475,-85771.72986858948,20.169363588689095,367.076,4195,0.49638961690961325,0.1136947162855971
55875.009405741184,40330.01040574118,-85773.49240574118,20.169570301766495,367.083,4196,0.4972611202302356,0.11565001230779252
55880.46429417932,40335.46529417932,-85774.9578976276,20.1697284935312,367.088,4197,0.49810220275368483,0.11753705653759985
55888.036437415394,40343.03743741539,-85775.95239895384,20.169948085685046,367.094,4198,0.4989109162838594,0.11935147802198015
55892.965601187105,40347.9666011871,-85774.18456892903,20.170091031434424,367.119,4199,0.49968553787546816,0.12108941117833076
55899.64560241833,40354.64660241833,-85773.93732379237,20.17028475147013,367.257,4200,0.5004250544142653,0.12274858299379238
56074.80148080001,40529.802480800005,-85850.58849040001,20.1753642719432,367.924,4201,0.5011280315024295,0.1243257752679426
56077.81234892228,40532.81334892228,-85854.07660568386,20.175451587118747,367.933,4202,0.5017931033770838,0.1258179237890258
56082.22493611916,40537.22593611915,-85857.11034571916,20.175579552147454,367.942,4203,0.5024193354508893,0.12722293172635493
56083.005739623535,40538.00673962354,-85859.34809040002,20.175602195449084,367.977,4204,0.5030062000874626,0.12853961528028482
56079.91268080001,40534.913680800004,-85862.06209040001,20.1755124967432,368.003,4205,0.5035531756146476,0.12976680403245097
56067.13446858135,40522.13546858136,-85855.16439265081,20.17514192858886,368.028,4206,0.5040597074538901,0.13090325373602615
56056.59300512433,40511.59400512432,-85849.54673904866,20.174836226148606,368.072,4207,0.5045251965690302,0.13194762039955044
56039.91672813729,40494.91772813728,-85843.72323832901,20.174352614115982,368.098,4208,0.5049495955305205,0.13289979761057175
56021.83862055904,40476.83962055904,-85837.9541144964,20.173828348996214,368.125,4209,0.5053329986873284,0.13375999704947714
56002.25709578559,40457.2580957856,-85831.36172152394,20.17326048477778,368.169,4210,0.5056757125536318,0.13452890640837165
55983.414662108415,40438.41566210841,-85827.16201563366,20.172714054201144,368.214,4211,0.5059779786450007,0.13520706754914186
55965.99384209033,40420.994842090324,-85822.30776781937,20.17220885042062,368.223,4212,0.5062405918204934,0.13579626380951904
55953.78401648905,40408.785016489055,-85819.76430948128,20.171854765478184,368.267,4213,0.5064640404620483,0.13629759091827315
55946.08341764211,40401.08441764211,-85817.89598513686,20.171631448111622,368.294,4214,0.5066490644031814,0.13671270875838656
55937.37728545117,40392.37828545117,-85813.4250671442,20.171378970278084,368.44,4215,0.5067967061986284,0.13704395639510375
55904.62483283479,40359.62583283479,-85803.29559652174,20.17042914915221,369.03,4216,0.5069081614388875,0.1372940162431556
55909.420702400006,40364.42170240001,-85803.93964000001,20.1705682293696,369.053,4217,0.5069846224174325,0.13746556332010235
55912.65841733213,40367.659417332135,-85804.2339160181,20.17066212310263,369.062,4218,0.50702735182606,0.13756143058846848
55918.6907024,40373.6917024,-85804.19464,20.1708370593696,369.07,4219,0.5070378409409435,0.137584963860371
55923.79010240001,40378.791102400006,-85804.67624,20.1709849419696,369.093,4220,0.5070179177651699,0.13754026442501854
55931.56031778462,40386.561317784624,-85804.34002461539,20.171210278215753,369.136,4221,0.5069688687550279,0.13743021856270923
55940.75070240001,40395.75170240001,-85801.58964,20.1714767993696,369.163,4222,0.5068925541750784,0.13725899994416832
55949.79968580249,40404.80068580249,-85801.3475860581,20.171739219888273,369.209,4223,0.5067910021941414,0.13703115894841592
55958.80871124956,40413.80971124956,-85801.86295858407,20.172000481626238,369.235,4224,0.5066661961230854,0.1367511453116263
55970.94416089803,40425.94516089803,-85801.45440284585,20.172352409666043,369.28,4225,0.506520023913831,0.1364231948236046
55982.68259895173,40437.68359895173,-85802.66912275863,20.1726928243696,369.307,4226,0.5063545175000606,0.13605186631017785
55996.366611490914,40451.36761149092,-85806.90714000001,20.173089660733236,369.334,4227,0.5061716480592497,0.13564158228516332
56009.84903573334,40464.85003573334,-85811.50575111111,20.173480651036268,369.361,4228,0.5059737211928409,0.13519751557260226
56022.74314426047,40477.744144260476,-85816.77836093024,20.173854580183555,369.405,4229,0.5057628072633056,0.13472431121676398
56033.64148963405,40488.64248963405,-85823.5116612766,20.174170632199388,369.545,4230,0.5055410236310718,0.13422671970605682
56097.703166191306,40552.70416619131,-85983.67782052176,20.17602842081955,370.221,4233,0.5053105410007025,0.13370961121124997
56069.80641033847,40524.80741033847,-86041.92624861539,20.175219414899814,370.484,4241,0.5050734531056972,0.1331776832116142
56067.2325119068,40522.2335119068,-86047.34824264079,20.175144771845297,370.493,4242,0.5048318862365623,0.13263570623099136
56062.917303638715,40517.91830363871,-86051.92054141937,20.175019630805522,370.537,4243,0.5045877958156901,0.13208806743525336
56058.391698800006,40513.3926988,-86055.518364,20.1748883882652,370.565,4244,0.5043433900471408,0.13153972112866114
56053.00752078444,40508.00852078444,-86059.95226477821,20.17473224710275,370.717,4245,0.5041004134902557,0.13099458138688147
55991.38220229042,40446.383202290424,-86113.76849664657,20.172945112866422,371.43,4246,0.5038607383085163,0.13045684857693723
56000.79159820329,40455.79259820329,-86105.11129026886,20.173217985347897,371.493,4250,0.5036264232932604,0.12993114178221907
56008.65110640001,40463.65210640001,-86103.97443697628,20.1734459110856,371.536,4251,0.5033991564149004,0.1294212481160462
56017.698366673976,40472.69936667397,-86102.58959253698,20.173708281633544,371.563,4252,0.5031805912180813,0.12893087745443416
56028.49956793847,40483.50056793846,-86096.59250086154,20.174021516470216,371.608,4253,0.5029720164642061,0.12846292124941197
56044.023623882524,40499.02462388252,-86088.28480855384,20.174471714092594,371.635,4254,0.5027749400551713,0.12802076261440062
56061.82951317967,40516.830513179666,-86075.63191155254,20.17498808488221,371.679,4255,0.5025909025926728,0.12760785802775912
56077.689345836625,40532.69034583663,-86059.89180747043,20.17544802002926,371.707,4256,0.5024207386645589,0.12722607996233007
56090.61434060075,40545.61534060075,-86043.61624121042,20.175822844877423,371.734,4257,0.5022655590388091,0.12687792052590044
56100.53485640001,40555.535856400005,-86026.06221240001,20.1761105398356,371.76,4258,0.5021262469780146,0.1265653613974729
56108.37081131804,40563.37181131804,-86008.02519190821,20.176337782528222,371.805,4259,0.5020036021495222,0.12629019670260674
56110.52514254458,40565.52614254458,-85995.01035999037,20.176400258133793,371.944,4260,0.5018979171011847,0.12605308279870064
55976.20183308899,40431.20283308899,-85859.94628512424,20.17250488215958,372.64,4261,0.5018098183201457,0.12585542526596424
55958.548130620926,40413.54913062093,-85855.69032176737,20.171992924788007,372.649,4262,0.5017395562886305,0.1256977860837809
55958.548130620926,40413.54913062093,-85855.69032176737,20.171992924788007,372.658,4263,0.501687260021247,0.12558045470801776
55954.00578274286,40409.00678274286,-85855.67039588573,20.171861196699542,372.665,4264,0.5016527149481121,0.12550294973185916
55954.00578274286,40409.00678274286,-85855.67039588573,20.171861196699542,372.671,4265,0.5016356933385137,0.12546476022098557
55949.59196524758,40404.592965247575,-85853.2854921727,20.17173319599218,372.677,4266,0.5016356759564732,0.12546472122281563
55947.50127854118,40402.502278541186,-85852.86315218825,20.171672566077696,372.718,4267,0.501652179626206,0.12550174868905314
55945.32207912697,40400.323079126974,-85852.56406749212,20.171609369294682,372.745,4268,0.5016844106615338,0.12557406191342807
55945.47351787468,40400.47451787468,-85851.35264726524,20.171613761018367,372.771,4269,0.5017314847525217,0.12567967686712833
55945.96314047604,40400.96414047603,-85848.46907829422,20.171627960073806,372.815,4270,0.5017923076709414,0.1258161385507848
55947.97460127568,40402.975601275684,-85847.13992484324,20.171686292436995,372.842,4271,0.501865686127533,0.1259807697127016
55950.11613871476,40405.11713871476,-85845.90004225574,20.17174839702273,372.87,4272,0.5019499845873938,0.12616990088333824
55953.7697256,40408.7707256,-85844.0843616,20.1718543510424,372.914,4273,0.5020438271657199,0.12638044514148586
55959.58990120976,40414.590901209755,-85842.82985233172,20.17202313613508,372.95,4274,0.5021455168186633,0.12660859501675717
55966.10158185,40421.102581850006,-85840.7541816,20.17221197487365,373.083,4275,0.5022534080050136,0.12685065858956163
56086.82787286957,40541.82887286958,-85676.32099513045,20.17571303731322,373.789,4276,0.5023653337382249,0.12710177403083503
56102.083584332024,40557.08458433203,-85657.98417694862,20.17615545294563,373.843,4277,0.5024796324239803,0.12735821340439946
56102.083584332024,40557.08458433203,-85657.98417694862,20.17615545294563,373.852,4278,0.5025938491800332,0.12761446896131334
56108.400237,40563.401237,-85647.85050600002,20.176338635873,373.86,4279,0.5027061649527151,0.12786645949119207
56115.261368756765,40570.26236875677,-85641.4334451892,20.176537608693945,373.866,4280,0.5028145353684396,0.1281095982581658
56120.66314858537,40575.664148585376,-85636.0166950244,20.176694260308977,373.872,4281,0.5029165639348984,0.12833850851636738
56130.123367980865,40585.12436798087,-85631.67305982776,20.176968606671444,373.897,4282,0.5030099549938359,0.12854803975018855
56137.65724357895,40592.658243578946,-85626.18241389476,20.17718708906379,373.921,4283,0.5030927303525471,0.12873375370651421
56143.3835241339,40598.3845241339,-85621.74584595817,20.177353151199885,373.964,4284,0.5031627884744216,0.12889093539909338
56153.176612,40608.177612,-85620.23145600001,20.177637150748,373.991,4285,0.5032178408343386,0.12901445031614645
56160.5393946087,40615.5403946087,-85616.14686469566,20.177850671443654,374.036,4286,0.5032556517799442,0.12909928257069864
56169.79049435294,40624.79149435295,-85611.12719717648,20.178118953336234,374.063,4287,0.503274450597397,0.1291414594071116
56179.202939759205,40634.2039397592,-85606.39696503012,20.178391914253016,374.09,4288,0.5032722141353116,0.12913644170343141
56187.90412419513,40642.905124195124,-85601.74279258538,20.178644248601657,374.117,4289,0.503247086230851,0.1290800649915184
56199.53049909678,40654.531499096774,-85597.2099011613,20.178981413473807,374.267,4290,0.5031974853497336,0.12896878095707898
56332.46203713268,40787.46303713268,-85551.42298310496,20.182836428076847,374.969,4291,0.5031218899325337,0.1287991758447982
56337.66307578462,40792.66407578462,-85540.03524129232,20.182987258197755,374.978,4292,0.5030187387935504,0.12856774699425186
56337.66307578462,40792.66407578462,-85540.03524129232,20.182987258197755,374.986,4293,0.502887058034656,0.12827230937746578
56328.48471040001,40783.48571040001,-85454.26793360001,20.1827210856016,375.012,4294,0.50272577512537,0.12791045667591788
56340.558652707696,40795.5596527077,-85527.6472605231,20.183071229928522,375.036,4295,0.5025339305939212,0.12748003622846169
56319.11281166583,40774.113811665826,-85436.90489562532,20.18244930053831,375.079,4296,0.5023109182982044,0.12697968810080998
56316.56813897144,40771.569138971434,-85429.5159336,20.182375505030173,375.106,4297,0.5020563123435229,0.1264084567599351
56316.09898626208,40771.09998626208,-85428.12000256553,20.1823618996016,375.151,4298,0.501769969618931,0.12576602112356922
56314.235862816364,40769.23686281637,-85422.20191129518,20.182307869021674,375.178,4299,0.5014513909312418,0.12505126120693436
56314.08260513685,40769.08360513685,-85421.19930202106,20.18230342454897,375.205,4300,0.5011012904277445,0.12426577926365506
56335.65584162172,40790.65684162172,-85494.3146304326,20.18292904840703,375.249,4301,0.5007200181452104,0.12341036063268529
56310.62768749924,40765.62868749924,-85411.81396413436,20.18220323193748,375.275,4302,0.5003084741402102,0.12248702467183016
56333.7787911175,40788.7797911175,-85484.24981700808,20.182874613942406,375.3,4303,0.4998672866725917,0.12149718093852024
56332.55471040001,40787.5557104,-85480.39855860002,20.1828391156016,375.345,4304,0.49939753933814673,0.12044326057729743
56331.81073660088,40786.81173660088,-85476.35963665678,20.182817540361427,375.517,4305,0.4989005239972463,0.1193281619930044
56247.23958906667,40702.24058906667,-85374.81810053333,20.180364977082935,376.22,4306,0.49837767803137717,0.11815511008018459
56229.09032665532,40684.091326655325,-85322.7737459234,20.179838648473005,376.252,4310,0.4978306164771518,0.11692772831862228
56228.72362828236,40683.72462828236,-85310.11476720001,20.17982801422019,376.294,4311,0.4972610690866596,0.11564989756258351
56228.543630887085,40683.54463088709,-85296.95125428487,20.179822794295724,376.319,4312,0.4966711740576985,0.11432641505098866
56229.164531775,40684.165531775,-85285.65698595,20.179840800421474,376.363,4313,0.49606280484670695,0.11296148405172583
56230.68477885933,40685.68577885933,-85273.69051839618,20.179884887586923,376.389,4314,0.4954383278519983,0.11156041379208027
56233.579493828576,40688.58049382857,-85262.21419577143,20.179968834321027,376.434,4315,0.4948001769236874,0.11012866483351563
56237.23589254926,40692.23689254926,-85250.50642391642,20.180074869883928,376.461,4316,0.49415052577320884,0.10867111409298803
56241.19950955597,40696.20050955597,-85240.89221674128,20.180189814777123,376.488,4317,0.4934921109367776,0.10719390123542931
56247.10739764752,40702.10839764752,-85230.3018761109,20.180361143531776,376.515,4318,0.4928275420396034,0.10570288118952569
56253.39998264096,40708.40098264096,-85220.88855033253,20.180543628496586,376.56,4319,0.4921597019543009,0.10420452193907322
56259.06048578028,40714.06148578029,-85212.54551367888,20.180707783087627,376.699,4320,0.491491125802819,0.10270451125799657
56462.14384905763,40917.14484905763,-85188.95132367458,20.18659720062267,377.439,4321,0.4908238729173747,0.10120746944319783
56471.48625461205,40926.487254612046,-85190.9063091759,20.18686813038375,377.448,4322,0.49016134265592004,0.09972102325974402
56471.48625461205,40926.487254612046,-85190.9063091759,20.18686813038375,377.457,4323,0.48950626302625433,0.09825129323830026
56477.95166826667,40932.95266826668,-85194.5748152,20.187055627379735,377.464,4324,0.4888610728821413,0.09680375116646629
56484.20165831642,40939.202658316426,-85196.30162117015,20.187236877091177,377.47,4325,0.48822789115623805,0.09538315106008763
56490.80638341819,40945.807383418185,-85196.71579701819,20.18742841411913,377.511,4326,0.4876098038976081,0.09399641674758294
56502.53589316627,40957.53689316627,-85197.27335736869,20.18776856990182,377.537,4327,0.48700924624508124,0.09264901168176376
56517.86530929231,40972.86630929231,-85199.46153314871,20.188213122969476,377.581,4328,0.48642849389997944,0.09134604160306425
56530.77137150596,40985.772371505955,-85199.9897430997,20.188587398773674,377.607,4329,0.4858697220655463,0.09009238677544781
56545.6790016,41000.680001600005,-85197.5680152,20.1890197200464,377.652,4330,0.48533521989111095,0.08889318311116126
56558.158301284544,41013.15930128454,-85194.7902915407,20.18938161973725,377.688,4331,0.4848267831465373,0.08775245958128089
56568.95550963859,41023.95650963859,-85191.24889237042,20.18969473877952,377.698,4332,0.48434627934758734,0.08667440612525304
56580.7501846986,41035.7511846986,-85184.769787031,20.19003678435626,377.742,4333,0.48389525253614946,0.08566248693981815
56590.1654016,41045.1664016,-85177.6146552,20.1903098256464,377.769,4334,0.4834753917451781,0.08472049152220366
56600.455285337026,41055.45628533703,-85170.37433769135,20.190608232274773,377.917,4335,0.48308792080390783,0.08385116564328324
56692.59642114628,41147.597421146274,-85025.98977976119,20.19328032521324,379.981,4336,0.4827342207991033,0.08305760789533229
56725.21110886155,41180.21210886155,-85009.68225507693,20.194226151156986,379.991,4337,0.48241518085285356,0.08234181310366354
56725.21110886155,41180.21210886155,-85009.68225507693,20.194226151156986,380.0,4338,0.4821314108903868,0.0817051496903405
56735.21404231012,41190.21504231013,-85007.36169155057,20.194516236226995,380.007,4339,0.4818839785334599,0.08115001296072234
56735.21404231012,41190.21504231013,-85007.36169155057,20.194516236226995,380.013,4340,0.48167318812183846,0.08067708572842452
56744.195981046396,41199.19698104639,-85006.38119511788,20.194776712450345,380.019,4341,0.48149915587849373,0.08028662875012789
56752.367272879346,41207.36827287935,-85003.97156340496,20.1950136799135,380.042,4342,0.4813622363723681,0.07997943753311994
56760.371570400006,41215.37257040001,-85004.40856276923,20.1952458045416,380.083,4343,0.48126227917931713,0.0797551745873141
56766.220070400006,41221.2210704,-85006.004832,20.1954154110416,380.109,4344,0.4811988270098703,0.07961281394268636
56767.77384114236,41222.77484114237,-85006.68348047162,20.19546047039313,380.154,4345,0.4811717022090626,0.07955195701435665
56768.86530430559,41223.866304305586,-85008.08306590558,20.195492122824863,380.181,4346,0.48118063083611023,0.07957198919155763
56768.65718742128,41223.658187421286,-85007.79988519149,20.195486087435217,380.208,4347,0.48122443120087244,0.0796702592462593
56768.09957040001,41223.10057040001,-85007.47072330434,20.1954699165416,380.253,4348,0.48130223605906847,0.07984482143797823
56766.84407040001,41221.84507040001,-85007.468082,20.1954335070416,380.279,4349,0.48141336509094446,0.08009414940820603
56766.55079786782,41221.551797867825,-85007.58014745064,20.195425002138165,380.441,4350,0.48155637917914956,0.08041501436783194
56757.46856803541,41212.469568035405,-85001.67416332036,20.195161617473026,381.144,4351,0.48173005062007074,0.08080466185346587
56757.445141384625,41212.44614138463,-84997.95747424617,20.195160938100155,381.152,4352,0.4819332971940913,0.08126066380813819
56759.33408451065,41214.33508451065,-84991.54469805959,20.195215717450807,381.159,4353,0.482164311313093,0.08177896474545704
56760.51171694489,41215.5127169449,-84984.53997197482,20.1952498687914,381.183,4354,0.4824215736579569,0.08235615593643704
56765.93531048277,41220.936310482764,-84977.72248419312,20.195407153004002,381.205,4355,0.48270328801352724,0.08298820741094969
56771.76046866056,41226.76146866057,-84970.39302911561,20.195576082591156,381.247,4356,0.48300821889321033,0.0836723472437883
56777.90597165218,41232.90697165218,-84964.35935300871,20.195754302177914,381.291,4357,0.4833344287088255,0.08440422828173767
56785.985739878335,41240.98673987834,-84960.32766545705,20.19598861545647,381.318,4358,0.4836797813272336,0.085179057918125
56794.43502600001,41249.43602600001,-84956.92832040001,20.196233644754,381.344,4359,0.48404261698293266,0.08599311231988264
56804.903460100424,41259.90446010043,-84953.97520638327,20.196537229342912,381.388,4360,0.4844213235112709,0.0868427744507284
56813.50333974503,41268.504339745035,-84951.57555844782,20.196786625852607,381.417,4361,0.48481398750679866,0.08772375141357755
56824.40727600001,41279.40827600002,-84951.43057040001,20.197102840004,381.439,4362,0.4852184767011459,0.0886312592727138
56832.342519243255,41287.34351924325,-84950.62311094055,20.197332962058056,381.481,4363,0.48563274982551513,0.08956071825814052
56843.1579108123,41298.1589108123,-84949.91949872766,20.197646608413557,381.507,4364,0.486055219810722,0.09050856763751179
56854.44404110068,41309.445041100684,-84951.10585899062,20.19797390619192,381.691,4365,0.48648415523189364,0.09147092280352166
56952.926986017395,41407.9279860174,-85038.58261450437,20.200829911594504,382.327,4366,0.4869174771350007,0.09244311943596864
56954.75754387693,41409.75854387693,-85043.59522320001,20.200882997772432,382.345,4367,0.4873534382889847,0.09342123746494856
56958.19261141584,41413.193611415845,-85050.36449006219,20.20098261473106,382.354,4368,0.48779048893110694,0.09440179985847942
56962.97874610121,41417.979746101206,-85057.8005846458,20.201121412636937,382.363,4369,0.48822658537307384,0.09538022141820743
56967.282527182986,41422.28352718298,-85064.10373383832,20.201246222288308,382.408,4370,0.4886604449273579,0.09635362431938888
56972.04034617314,41427.04134617314,-85069.7392829015,20.201384199039023,382.435,4371,0.489090224509927,0.09731787343735908
56976.74007140241,41431.741071402415,-85073.88076536868,20.20152049107067,382.462,4372,0.4895148059217489,0.09827045999209602
56983.31063180918,41438.31163180918,-85080.52825072294,20.201711037322465,382.508,4373,0.4899329393395242,0.09920857989270543
56990.79742080001,41445.79842080001,-85085.58355653335,20.201928154203202,382.535,4374,0.4903429184154781,0.10012840479460434
56999.08024211662,41454.08124211662,-85088.7182326044,20.20216835602138,382.561,4375,0.49074344765002725,0.10102702812805034
57008.54751788738,41463.54851788738,-85091.38551446215,20.202442907018735,382.607,4376,0.4911332300060258,0.1019015398736415
57016.12726812825,41471.12826812825,-85092.9852995359,20.20266271977572,382.633,4377,0.4915114242636594,0.10275005267912342
57026.88607751642,41481.887077516425,-85096.59514857315,20.202974725247977,382.661,4378,0.4918770741579699,0.10357042107812263
57036.79212229254,41491.79312229254,-85097.38970081195,20.203262000546484,382.688,4379,0.49222934106906885,0.10436076355155234
57047.57929805632,41502.58029805632,-85097.97081886788,20.20357482864363,382.841,4380,0.49256743383722934,0.10511930506146323
57179.09892533334,41634.09992533334,-84973.82514880001,20.20738889783467,383.533,4381,0.4928903154039127,0.10584371887382296
57180.40036472728,41635.40136472728,-84966.1167397091,20.20742663957709,383.542,4382,0.4931977418409788,0.10653345771392721
57180.543010032794,41635.5440100328,-84958.3382225705,20.207430776290952,383.551,4383,0.49348924538961286,0.1071874721228373
57180.259956406786,41635.26095640678,-84951.17391998645,20.207422567735797,383.578,4384,0.4937639338955239,0.10780376047222322
57178.56580228038,41633.56680228037,-84943.79334973458,20.20737343726613,383.605,4385,0.49402136991822715,0.10838134132504425
57177.15266827119,41632.15366827119,-84935.060869139,20.207332456379863,383.632,4386,0.4942616133365624,0.10892034902485892
57175.30208076405,41630.303080764046,-84927.93798587866,20.20727878934216,383.676,4387,0.49448442348234667,0.10942024361096984
57172.27020043374,41627.27120043374,-84921.14572108917,20.207190864812578,383.703,4388,0.4946893213317554,0.10987995035037643
57168.889245846156,41623.89024584615,-84912.36918726155,20.20709281712954,383.747,4389,0.4948759182594941,0.11029859732730454
57165.42919887023,41620.430198870235,-84904.85070223513,20.206992475767237,383.774,4390,0.4950445851241241,0.1106770165962657
57163.10930821622,41618.110308216215,-84897.22170285406,20.206925198938272,383.802,4391,0.4951952925237359,0.1110151421914338
57161.0871829091,41616.088182909094,-84889.5642397091,20.206866557304362,383.828,4392,0.4953276868356803,0.11131218072861494
57159.86736619355,41614.86836619355,-84879.27547138065,20.206831182619613,383.871,4393,0.49544216275442937,0.11156901774032867
57158.00085670589,41613.00185670589,-84861.4996488,20.20677705384447,384.046,4395,0.49553892290196694,0.11178610782720538
57323.38654494546,41778.387544945464,-84693.65394894546,20.211573238803417,384.781,4396,0.495617847790275,0.11196318290713828
57330.84793250527,41785.848932505265,-84693.19770492632,20.21178961904265,384.79,4397,0.49567907258138183,0.1121005462282848
57337.96208213554,41792.96308213554,-84692.5764282843,20.21199592938193,384.799,4398,0.49572286920302955,0.11219880788497273
57345.387816063725,41800.38881606373,-84694.64114926726,20.212211275665847,384.824,4399,0.4957480513085969,0.11225530620193974
57352.263875210134,41807.26487521014,-84696.16393743797,20.212410681381094,384.851,4400,0.49575808131344484,0.11227780941921699
57359.55825778198,41814.55925778198,-84698.46343002233,20.212622218475676,384.895,4401,0.4957498823699878,0.11225941435272851
57365.61018130909,41820.6111813091,-84700.08485803637,20.212797724257964,384.924,4402,0.4957256235956422,0.11220498761233767
57372.56735546025,41827.568355460244,-84704.04439801446,20.212999482308348,384.953,4403,0.4956855255453141,0.11211502403279747
57378.481090400004,41833.48209040001,-84706.6534944,20.2131709806216,384.979,4404,0.49562994483579165,0.11199032371592155
57384.96416732308,41839.965167323084,-84709.3553769911,20.21335898985237,385.023,4405,0.4955593093429794,0.11183184663975514
57394.67517400129,41849.67617400129,-84717.55704745467,20.21364060904604,385.05,4406,0.49547557820493016,0.11164398830658813
57399.63812987369,41854.639129873685,-84722.1887575579,20.213784534766337,385.077,4407,0.4953751165307187,0.11141859351196073
57406.86266768707,41861.86366768707,-84729.83227988897,20.213994046362924,385.121,4408,0.4952622253631014,0.1111653120318334
57412.27789551183,41867.27889551183,-84734.4299001508,20.214151087969842,385.148,4409,0.49513552049524406,0.1108810382737744
57417.253261452635,41872.25426145263,-84740.22665229475,20.214295373582125,385.327,4410,0.4949955373664064,0.11056697354388294
57622.847956407975,42077.84895640798,-84826.32987271076,20.220257619735833,386.061,4411,0.4948427103797323,0.11022409246465248
57631.86514132683,42086.86614132683,-84819.88862113171,20.22051911809848,386.07,4412,0.49467763763078104,0.10985373691722117
57642.43747698737,42097.43847698737,-84815.6787961249,20.220825715832635,386.079,4413,0.494500548579512,0.10945642171562964
57651.809692442555,42106.81069244255,-84810.00966316597,20.221097510080835,386.106,4414,0.49431199818217453,0.10903339195409757
57660.32295840001,42115.32395840001,-84803.5224504,20.2213443947936,386.133,4415,0.49411263792861443,0.10858610930864356
57668.15657604706,42123.15757604706,-84796.3194504,20.221571569705365,386.177,4416,0.49390322225848776,0.10811626643243782
57674.8280681561,42129.829068156105,-84790.78569430244,20.22176504297653,386.202,4417,0.49368379671771934,0.1076239655118559
57682.65625150345,42137.65725150345,-84785.52855384829,20.2219920602936,386.243,4418,0.4934550024011035,0.10711064490068443
57690.295990314895,42145.29699031489,-84778.08608869788,20.22221361271913,386.269,4419,0.49321767983072706,0.10657819038576315
57693.40268740764,42148.40368740764,-84770.68438169772,20.22230370693482,386.297,4420,0.49297234043328586,0.10602774939884639
57699.93977183284,42154.940771832844,-84762.58216681791,20.22249328238315,386.343,4421,0.4927193075884381,0.10546004747125964
57704.49463231305,42159.49563231305,-84754.41805909565,20.222625373337078,386.364,4422,0.49245929845833114,0.104876693620732
57706.04609476364,42161.047094763635,-84745.36090494545,20.222670365748144,386.392,4423,0.4921929367658113,0.10427908722552354
57708.617458400004,42163.6184584,-84737.42545040001,20.2227449352936,386.437,4424,0.4919209966373551,0.10366896510795555
57711.69539957648,42166.69639957648,-84729.69368569412,20.22283419558772,386.576,4425,0.49164392834626264,0.10304733749664281
57802.562607965665,42257.56360796567,-84495.91999955023,20.225469344631005,387.342,4426,0.4913623013294263,0.10241548197442911
57841.104432,42296.105432,-84482.78639440001,20.226587057528,387.351,4427,0.49107666177841397,0.10177462397118331
57841.104432,42296.105432,-84482.78639440001,20.226587057528,387.359,4428,0.49078764205391745,0.10112618224494813
57854.49250892308,42309.493508923086,-84479.87024055386,20.22697531175877,387.365,4429,0.4904957759446005,0.10047135439856242
57854.49250892308,42309.493508923086,-84479.87024055386,20.22697531175877,387.371,4430,0.4902019228369489,0.09981206854284065
57867.55847611765,42322.55947611765,-84477.64485028236,20.227354224807414,387.376,4431,0.48990675070016726,0.09914982332672383
57881.02297530709,42336.02397530709,-84479.91174873072,20.227744695283906,387.399,4432,0.48961091842259485,0.09848609702541582
57893.11795051852,42348.11895051852,-84483.26972773335,20.228095449565036,387.441,4433,0.4893150335672941,0.09782225276124908
57905.223830340256,42360.22483034026,-84486.70079274026,20.228446520079867,387.467,4434,0.48901977376993117,0.09715981087074003
57914.59802121162,42369.599021211616,-84490.96178859088,20.228718371615138,387.494,4435,0.48872588693225727,0.09650044933868183
57923.63974696063,42378.640746960635,-84496.44552825828,20.228980581661858,387.538,4436,0.48843398485032286,0.09584554078449603
57934.73798870103,42389.738988701036,-84506.45103357527,20.22930243067233,387.565,4437,0.48814472263007747,0.09519655499725506
57941.66191522148,42396.662915221474,-84510.77142795706,20.22950322454142,387.59,4438,0.48785897833830816,0.09455546199870792
57948.02616884211,42403.027168842105,-84515.25849966316,20.22968778789642,387.635,4439,0.48757728399842887,0.09392345543119696
57955.738504847686,42410.73950484769,-84525.02851360531,20.22991144564058,387.778,4440,0.4873003189420032,0.09330205943613697
58140.44895387541,42595.44995387542,-84582.8146543869,20.235268048662387,388.488,4441,0.487028801247493,0.092692885087091
58150.431819615194,42605.43281961519,-84575.71003932152,20.235557551768842,388.496,4442,0.4867631800341311,0.09209694002342067
58158.040288314405,42613.0412883144,-84568.11942315643,20.235778197361117,388.502,4443,0.48650426061744806,0.09151603104289266
58168.50564240001,42623.50664240001,-84560.84265796364,20.2360816926296,388.508,4444,0.486252875884575,0.09095202680263761
58176.631135222975,42631.63213522297,-84555.94638236555,20.236317331921466,388.531,4445,0.4860096618846968,0.09040635433616385
58182.88525301948,42637.886253019475,-84548.69494018407,20.236498701337563,388.573,4446,0.4857751285296416,0.0898801576764838
58187.64276051024,42642.64376051024,-84542.4375664819,20.236636669054796,388.617,4447,0.48555003874071107,0.08937514850610176
58195.01051911234,42650.01151911233,-84536.23360790138,20.236850334054257,388.644,4448,0.48533517012271565,0.08889307145129371
58200.54341559589,42655.54441559588,-84529.82672469279,20.23701078805228,388.671,4449,0.4851311226983073,0.08843527271680363
58204.79851196522,42659.79951196522,-84520.83836073044,20.23713418584699,388.716,4450,0.48493854768843103,0.088003213375347
58210.37330277736,42665.37430277736,-84504.44756499623,20.237295854780545,388.769,4452,0.48475798612532217,0.08759810728136674
58212.76369503159,42667.76469503158,-84486.51425317895,20.237365176155915,388.841,4454,0.48459024558083236,0.0872217662948888
58213.908513769304,42668.90951376931,-84478.3123062473,20.23739837589931,389.023,4455,0.4844358968018037,0.08687547093774672
58240.04910259673,42695.050102596724,-84252.94352502296,20.238156452975304,389.736,4456,0.48429566093811344,0.08656083917450005
58249.5027668138,42704.503766813796,-84242.84028929655,20.2384306092376,389.745,4457,0.4841699143983088,0.08627871551155263
58261.89231138114,42716.893311381136,-84235.70502579623,20.238789906030053,389.754,4458,0.4840591640650454,0.08603023718569597
58271.24546325246,42726.246463252464,-84226.57441026886,20.23906114743432,389.779,4459,0.4839640927631626,0.08581693617582302
58283.06684097535,42738.067840975345,-84219.53483582467,20.239403967388284,389.803,4460,0.4838853895693284,0.08564035848736608
58295.65835711187,42750.65935711187,-84216.71365867119,20.239769121356243,389.846,4461,0.4838232154399005,0.08550086524037867
58306.5313858692,42761.5323858692,-84214.283561073,20.240084439190206,389.873,4462,0.48377805306150506,0.08539953938568615
58318.10821386903,42773.10921386903,-84210.87540983364,20.240420167202203,389.918,4463,0.48375041271651886,0.08533752578765988
58328.184412581824,42783.18541258182,-84208.64726421819,20.240712376964872,389.945,4464,0.48374056679945376,0.08531543558786753
58337.29525065001,42792.296250650004,-84207.98892615,20.24097659126885,389.971,4465,0.48374879575772195,0.08533389799528222
58347.433087962236,42802.43408796223,-84207.06112102662,20.241270588550904,390.012,4466,0.48377504752735323,0.08539279619970785
58357.506019596854,42812.50701959686,-84205.68975169135,20.24156270356831,390.038,4467,0.48381985424077745,0.08549332408807374
58365.75700616471,42820.75800616472,-84207.55784710588,20.241801982178778,390.064,4468,0.4838830447391295,0.08563509765008395
58372.12166847408,42827.12266847408,-84208.67778610371,20.241986557385747,390.107,4469,0.4839648636445199,0.08581866571742758
58378.91898680507,42833.919986805064,-84207.5976267038,20.242183679617348,390.251,4470,0.48406512143546465,0.08604360308162301
58519.20516593309,42974.206165933094,-84206.0028619093,20.246251978812058,390.985,4471,0.48418380040082887,0.08630987000614741
58533.523744000006,42988.52474400001,-84189.1649344,20.246667217576,390.995,4472,0.48432060160700713,0.08661679580659172
58533.523744000006,42988.52474400001,-84189.1649344,20.246667217576,391.004,4473,0.4844753241321027,0.08696392969662367
58540.15263575258,42995.15363575258,-84180.6586715134,20.246859455436823,391.029,4474,0.48464761277480833,0.08735047475018835
58560.33088036364,43015.331880363636,-84117.0124344,20.247444624530544,391.287,4482,0.48483708362742456,0.08777556963586007
58561.33056658065,43016.331566580644,-84103.73975698065,20.247473615430838,391.331,4483,0.48504306796564084,0.08823771401054958
58561.31458882759,43016.315588827594,-84096.98495164138,20.247473152076,391.358,4484,0.48526507649681544,0.0887358101022422
58561.42118423905,43016.422184239054,-84089.97639854343,20.247476243342934,391.534,4485,0.4855024362552136,0.08926834805183231
58468.10945731765,42923.110457317656,-83922.07143741177,20.244770203262213,392.25,4486,0.4857543575827709,0.08983355619048544
58468.53778145727,42923.538781457275,-83895.04281256432,20.24478262466226,392.259,4487,0.486020156091843,0.0904298990330153
58468.53778145727,42923.538781457275,-83895.04281256432,20.24478262466226,392.268,4488,0.486298940368977,0.09105537661322853
58470.933754440885,42925.93475444088,-83881.42311967883,20.244852107878785,392.275,4489,0.4865895873406984,0.0917074692148542
58474.829766141185,42929.83076614118,-83867.54895211765,20.244965092218095,392.281,4490,0.4868913353656711,0.09238446802710552
58477.859282466066,42932.86028246606,-83855.39871533946,20.245052948191514,392.322,4491,0.487202520389301,0.09308263959395148
58483.810835331155,42938.81183533116,-83843.04539980328,20.245225543224603,392.348,4492,0.4875225695484258,0.09380069864540391
58491.084760985985,42946.08576098598,-83831.87821058303,20.245436487068595,392.393,4493,0.48784998429765547,0.09453528306020531
58497.970622659464,42952.97162265946,-83820.21369178379,20.245636177057126,392.42,4494,0.48818364250915464,0.095283875243711
58507.2134604973,42962.2144604973,-83811.35396205405,20.245904219354422,392.447,4495,0.48852250423499,0.09604414197927202
58515.84218215736,42970.84318215736,-83803.2145051564,20.246154452282564,392.491,4496,0.4888652447805084,0.09681311119538318
58523.301521561785,42978.30252156178,-83794.15437898977,20.246370773125292,392.517,4497,0.48921030883099703,0.09758729340370939
58532.02947305916,42987.03047305916,-83786.84899250705,20.246623883718716,392.561,4498,0.4895564596001114,0.09836391376293634
58542.404224874015,42997.40522487402,-83781.79779346255,20.246924751521348,392.588,4499,0.4899026012119521,0.09914051357699685
58552.43911972175,43007.44011972175,-83774.39825582609,20.24721576347193,392.729,4500,0.4902474981807258,0.09991432092247995
58724.61955282082,43179.62055282082,-83808.6253935435,20.252208996031804,393.441,4501,0.49058949498657617,0.1006816214918056
58730.43157584516,43185.43257584516,-83814.46087021935,20.25237754469951,393.45,4502,0.4909274226784319,0.10143979263819133
58736.5886130344,43191.589613034404,-83818.92463229045,20.252556098777998,393.459,4503,0.491260277211794,0.10218658169756956
58743.02426792728,43198.02526792728,-83822.36573825455,20.252742732769892,393.483,4504,0.49158666342222845,0.1029188584931487
58748.57501461748,43203.57601461749,-83826.64284328544,20.252903704423908,393.508,4505,0.491905276083186,0.1036336946318642
58756.386442008516,43211.38744200852,-83829.53417152341,20.253130235818247,393.552,4506,0.4922153888615694,0.10432946052013642
58767.038387091896,43222.03938709189,-83836.3963955027,20.253439142225666,393.579,4507,0.49251576350225895,0.10500337802132188
58780.65282618592,43235.653826185924,-83843.45823505352,20.25383396095939,393.623,4508,0.4928052796134171,0.10565293343564287
58794.239199281634,43249.24019928163,-83846.81568259592,20.25422796577917,393.649,4509,0.4930831605927732,0.10627638438611171
58808.0643702,43263.0653702,-83847.9118803,20.2546288957358,393.676,4510,0.49334844263723643,0.1068715684938767
58823.24862136823,43278.24962136823,-83849.28820214579,20.25506923901968,393.721,4511,0.49360048959431013,0.10743705849364026
58838.14696988355,43293.14796988355,-83849.68809153418,20.255501291126624,393.747,4512,0.493838428622117,0.10797089608620802
58852.70360046316,43307.704600463156,-83848.88527174738,20.255923433413432,393.772,4513,0.4940617613297028,0.10847196308668346
58868.929985299015,43323.93098529901,-83847.16426210693,20.25639399857367,393.816,4514,0.4942699067873655,0.10893895612707169
58884.059477958624,43339.06047795863,-83843.35836521379,20.2568327538608,393.959,4515,0.4944624887352889,0.1093710310346606
59195.09086981132,43650.091869811324,-83591.52679344907,20.26585266422453,396.226,4516,0.4946388967809276,0.10976681833891809
59190.2217,43645.2227,-83589.64205760001,20.2657114583,396.236,4517,0.49479916432936455,0.11012639298715007
59190.2217,43645.2227,-83589.64205760001,20.2657114583,396.246,4518,0.4949430912090865,0.11044930587657706
59188.79526398105,43643.79626398104,-83589.15870214978,20.26567009165545,396.254,4519,0.4950705368341711,0.11073524159004763
59188.79526398105,43643.79626398104,-83589.15870214978,20.26567009165545,396.261,4520,0.4951815231562191,0.11098424937795089
59187.82248504673,43642.82348504673,-83588.9780762916,20.265641881066355,396.266,4521,0.49527614706065776,0.11119654661145008
59187.469950000006,43642.47095,-83589.25367298463,20.26563165755,396.289,4522,0.4953545072746123,0.11137235479372326
59187.53500434783,43642.53600434783,-83589.23318803479,20.265633544126086,396.331,4523,0.4954167658174722,0.11151203742983154
59187.59059655172,43642.59159655172,-83588.38578173795,20.2656351563,396.357,4524,0.49546339583301235,0.11161665606035552
59188.291624528305,43643.2926245283,-83588.37085005284,20.26565548611132,396.403,4525,0.4954945503050304,0.11168655391819389
59189.18285492958,43644.18385492958,-83588.25293083944,20.26568133179296,396.429,4526,0.4955105009926499,0.11172234071936342
59190.0624,43645.0634,-83586.80345760002,20.2657068386,396.456,4527,0.4955117894818511,0.11172523156068331
59189.692938578686,43644.69393857868,-83584.1623824731,20.26569612421878,396.5,4528,0.49549915037190423,0.11169687458163527
59189.10431538462,43644.105315384615,-83583.3171345231,20.265679054146155,396.528,4529,0.49547280773709634,0.11163777251301983
59189.123700000004,43644.1247,-83582.53088002992,20.265679616299998,396.702,4530,0.49543310209036007,0.1115486893262034
59199.67990644325,43654.680906443245,-83586.07761911352,20.265985746286855,397.56,4531,0.4953808623279234,0.11143148472436674
59191.10512473847,43646.106124738464,-83587.68718252309,20.265737077617416,397.569,4532,0.49531679368688936,0.11128774097033049
59191.10512473847,43646.106124738464,-83587.68718252309,20.265737077617416,397.578,4533,0.4952411743852127,0.11111808227107968
59188.67142090926,43643.672420909264,-83587.83837872777,20.26566650020637,397.585,4534,0.49515450371453273,0.11092362883227863
59186.85287941622,43641.853879416216,-83588.34221370812,20.26561376250307,397.591,4535,0.49505771259887277,0.11070646926563621
59185.82511774546,43640.826117745455,-83590.27292378183,20.26558395741462,397.632,4536,0.49495158962384556,0.11046837283384514
59183.997863200006,43638.9988632,-83590.38810560001,20.2655309670328,397.658,4537,0.49483606556212,0.11020918421916664
59182.1442632,43637.1452632,-83589.32970560002,20.2654772126328,397.702,4538,0.49471183477705116,0.10993046128819046
59180.716390472735,43635.71739047274,-83590.39892378183,20.265435804323708,397.73,4539,0.49457936651345474,0.10963325683383195
59179.515128316285,43634.51612831629,-83590.93182653024,20.265400967721174,397.774,4540,0.4944390783853465,0.10931850781066656
59178.48954692094,43633.49054692093,-83590.515733507,20.265371225860708,397.801,4541,0.4942910839620034,0.10898646902157363
59177.14666320001,43632.14766320001,-83589.0724926968,20.2653322822328,397.828,4542,0.4941362027608139,0.10863897912746466
59175.35507441496,43630.35607441496,-83588.66270373085,20.265280326158035,397.859,4543,0.4939746819593792,0.10827659269350191
59173.07920051344,43628.08020051345,-83588.15813545077,20.26521432581489,397.886,4544,0.4938067225271743,0.10789976061276356
59171.16166320001,43626.16266320001,-83588.24839131431,20.2651587172328,398.072,4545,0.4936325124284409,0.10750890459991859
59069.263551059725,43524.26455105972,-83633.61065748626,20.262203671980732,398.741,4546,0.49345226834942746,0.1071045108100388
59065.08372634373,43520.08472634373,-83639.33594696685,20.26208245706397,398.749,4547,0.49326608702676505,0.10668679628044996
59059.92085260001,43514.921852600004,-83645.38564860001,20.2619327337254,398.763,4548,0.4930740170478198,0.10625587002127443
59056.03487312239,43511.0358731224,-83652.14306464478,20.26182004032055,398.79,4549,0.492876294845392,0.10581226249074818
59051.83890910685,43506.83990910686,-83657.05305442194,20.2616983573641,398.816,4550,0.4926730468545364,0.10535625735727899
59048.7389522193,43503.7399522193,-83662.93670507209,20.26160845861436,398.841,4551,0.49246411276558,0.10488749495170868
59046.2757653095,43501.27676530951,-83667.904849019,20.261537026193977,398.883,4552,0.4922494076608644,0.10440578475363889
59042.91125032728,43497.91225032728,-83672.43309178183,20.26143945525949,398.908,4553,0.49202870175123264,0.10391061121044481
59039.916036423536,43494.91703642353,-83675.95068536472,20.261352594056284,398.953,4554,0.49180202694862907,0.10340204591944145
59037.69376817592,43492.69476817592,-83678.59938878326,20.261288148277103,398.98,4555,0.4915694052735685,0.10288013828563287
59035.75772760001,43490.75872760001,-83682.54252360002,20.2612320031004,399.024,4556,0.4913302911832207,0.10234366433465114
59033.96579107151,43488.96679107151,-83686.82997826322,20.261180036941074,399.051,4557,0.49108438178110214,0.1017919444910142
59033.15136890436,43488.15236890435,-83691.33779533915,20.261156418698228,399.078,4558,0.4908317850337461,0.10122522098734228
59031.60824895679,43486.6092489568,-83696.2955449568,20.261111668219748,399.105,4559,0.49057223882913364,0.10064290575176497
59030.07027817804,43485.071278178046,-83702.12821001619,20.261067067067163,399.288,4560,0.4903052379571384,0.10004386529996011
58961.481712003595,43416.48271200359,-83821.58662396413,20.259077998648102,399.968,4561,0.4900306545568035,0.09942781276438026
58954.26580246957,43409.266802469574,-83824.45180626087,20.25886873727162,399.977,4562,0.4897481839732522,0.09879406462442979
58949.4587916,43404.459791600006,-83827.892703,20.2587293339564,399.986,4563,0.489457733739335,0.09814241342174877
58944.430041600004,43399.43104160001,-83829.535203,20.2585835002064,400.009,4564,0.4891592407524174,0.09747271757990575
58939.27675212632,43394.27775212632,-83831.86227536843,20.258434054811662,400.034,4565,0.4888524969706683,0.09678451033835571
58934.00469756331,43389.005697563305,-83834.95878671561,20.258281165229334,400.078,4566,0.48853727025708715,0.09607727087687577
58928.7475416,43383.7485416,-83837.14105527273,20.2581287077064,400.106,4567,0.48821318345671844,0.09535015301442808
58924.49200671628,43379.49300671628,-83838.2793047442,20.25800529719477,400.149,4568,0.4878802002886762,0.09460307535158441
58921.22616820945,43376.22716820944,-83839.33914345065,20.257910587878072,400.176,4569,0.48753877785385685,0.09383706343528583
58916.75721901936,43371.758219019364,-83841.81929574194,20.257780988351563,400.204,4570,0.48718880964452616,0.09305187830585855
58912.4370299721,43367.438029972094,-83844.26283962792,20.25765570286919,400.248,4571,0.4868302669367141,0.0922474555184945
58906.38711787119,43361.38811787119,-83845.313328,20.257480255418265,400.273,4572,0.48646321020370076,0.0914239307504322
58901.813228803796,43356.81422880379,-83846.23742752607,20.25734761263531,400.299,4573,0.48608805501650587,0.09058223637260206
58896.92058507827,43351.921585078264,-83847.58224104349,20.25720572596727,400.343,4574,0.4857051455532039,0.08972314457944548
58892.85027744906,43347.85127744907,-83848.18398837736,20.257087687046024,400.482,4575,0.48531468486330065,0.08884711093077706
58887.929171501,43342.93017150099,-83817.1916976,20.25694497497353,401.208,4576,0.48491716096529325,0.08795523033995335
58886.76381544616,43341.764815446164,-83818.10035144616,20.25691117964794,401.217,4577,0.48451321363085825,0.08704893819222734
58886.76381544616,43341.764815446164,-83818.10035144616,20.25691117964794,401.225,4578,0.48410325290028833,0.08612915444984612
58886.47598684272,43341.476986842725,-83817.39965876506,20.25690283261844,401.232,4579,0.48368788398602214,0.08519723696130652
58885.403609875866,43340.40460987587,-83816.92790449655,20.2568717336864,401.251,4580,0.4832682187025736,0.08425568018238973
58883.81146594783,43338.812465947834,-83818.51561064349,20.256825561512485,401.274,4581,0.4828446990854118,0.08330547585939663
58882.59639478386,43337.597394783865,-83819.99138369867,20.256790324448733,401.316,4582,0.48241825231902724,0.08234870421405817
58881.21182826667,43336.21282826667,-83820.57503093334,20.256750172019732,401.341,4583,0.48198956070323207,0.08138689604732137
58880.86791279617,43335.86891279617,-83821.72830047082,20.25674019847109,401.386,4584,0.4815594979523465,0.08042201161578473
58878.78310277648,43333.78410277648,-83823.04699171765,20.25667973898052,401.413,4585,0.4811294750614489,0.07945721661371334
58877.90567884138,43332.90667884138,-83824.65549070346,20.2566542936864,401.44,4586,0.4807006391804198,0.07849508477495905
58876.783161600004,43331.78416160001,-83826.22933396364,20.2566217406864,401.466,4587,0.48027427398917455,0.07753849615077682
58874.39910896843,43329.40010896843,-83828.76983157129,20.256552603160085,401.511,4588,0.47985124545343044,0.07658939361307802
58870.961961600005,43325.9629616,-83830.42799760001,20.2564529258864,401.538,4589,0.4794327229736223,0.07565040081683283
58867.92932826667,43322.930328266666,-83831.79253093334,20.256364979519734,401.687,4590,0.4790198995162099,0.0747241942895059
58893.280834315796,43348.2818343158,-83768.3352734737,20.25710017319516,402.29,4591,0.47861412939895015,0.07381381256469832
58892.002235710854,43347.00323571086,-83765.1190020723,20.257063093835615,402.31,4592,0.47821700464814226,0.07292282749648826
58891.87291669566,43346.873916695666,-83761.92209269566,20.257059343584174,402.318,4593,0.47782934631394763,0.07205308118470098
58892.05286897562,43347.05386897562,-83757.2793620488,20.25706456220029,402.328,4594,0.4774525730064927,0.07120775640864624
58891.487126181826,43346.48812618182,-83753.26346127274,20.257048155659273,402.371,4595,0.47708818859205465,0.07039022722747008
58891.722330471915,43346.72333047191,-83748.88330422473,20.257054976583685,402.397,4596,0.47673775800197193,0.0696040047052713
58891.34170464805,43346.34270464805,-83743.85445606704,20.257043938434794,402.424,4597,0.4764022464614533,0.06885125441155093
58890.62646184616,43345.62746184616,-83738.74333015385,20.25702319639354,402.469,4598,0.4760826547807579,0.06813422175406868
58890.28079980329,43345.281799803284,-83732.95718891804,20.257013172194295,402.496,4599,0.47578056754453585,0.06745646189089435
58889.92341144828,43344.924411448286,-83727.83327710346,20.257002807932,402.541,4600,0.4754974965478356,0.06682136667008477
58888.653313181356,43343.65431318135,-83724.31502804146,20.25696597508226,402.568,4601,0.47523415051220264,0.06623052617212051
58886.92079980329,43341.921799803284,-83719.79259875411,20.256915732194294,402.595,4602,0.4749913642827795,0.06568581344710658
58886.12161234783,43341.122612347826,-83714.15078834783,20.256892555758085,402.621,4603,0.4747706180295319,0.06519054938938468
58883.95738347171,43338.958383471705,-83712.33061607549,20.25682979312068,402.664,4604,0.47457283821922797,0.06474681261041096
58882.09307723078,43337.09407723078,-83709.42225323078,20.256775728239692,402.805,4605,0.47439920206170194,0.064357244286245
58855.47296670639,43310.473966706384,-83652.06907046809,20.256003745034484,403.516,4606,0.47425048988301044,0.06402359514852299
58846.633770488894,43301.63477048889,-83643.99216266668,20.255747408344178,403.525,4607,0.4741275611315781,0.06374779344702468
58846.633770488894,43301.63477048889,-83643.99216266668,20.255747408344178,403.533,4608,0.4740309895150228,0.06353112634635005
58842.172263574255,43297.17326357425,-83638.50472346782,20.255618024643653,403.541,4609,0.47396122543066727,0.06337460435337004
58838.6831316,43293.68413160001,-83631.67974600001,20.2555168398164,403.548,4610,0.47391920464759574,0.06328032695012317
58836.0673406164,43291.0683406164,-83624.555496,20.255440981877875,403.572,4611,0.4739051578604366,0.06324881172074077
58832.320407915795,43287.32140791579,-83609.9107591579,20.25533232082956,403.66,4613,0.4739193117591693,0.06328056726456462
58831.18645836349,43286.18745836349,-83600.95794413278,20.255299436292542,403.687,4614,0.47396197393611095,0.06337628369260144
58831.43358452887,43286.43458452888,-83592.31478470293,20.255306602951336,403.715,4615,0.47403337912923155,0.06353648766058301
58831.74149029566,43286.742490295655,-83584.46558295653,20.255315532218575,403.761,4616,0.47413321699900945,0.06376048289390214
58832.569483369916,43287.57048336991,-83575.87823936284,20.255339544017726,403.788,4617,0.474261412834057,0.06404810177084623
58834.4848816,43289.485881600005,-83566.73011138462,20.2553950905664,403.815,4618,0.4744183637024684,0.06440023514936952
58836.3628732318,43291.36387323181,-83558.6374625272,20.25544955232372,403.842,4619,0.4746033240654582,0.0648152103462046
58839.284611329735,43294.28561132973,-83550.45387437838,20.25553428272856,404.112,4620,0.4748156701702761,0.06529162791599957
58952.066692517656,43407.06769251765,-83447.1875508706,20.258804963083012,404.841,4621,0.4750547899200775,0.06582811456447402
58965.044942703804,43420.0459427038,-83448.53650098229,20.25918133233841,404.851,4622,0.47532007407972554,0.0664233034178462
58965.044942703804,43420.0459427038,-83448.53650098229,20.25918133233841,404.86,4623,0.4756108237000031,0.0670756263207327
58968.15139840001,43423.15239840001,-83448.24637440001,20.2592714195536,404.868,4624,0.47592603786114307,0.06778283761968272
58968.15139840001,43423.15239840001,-83448.24637440001,20.2592714195536,404.874,4625,0.4762647500662515,0.06854276889205543
58969.39695395556,43424.39795395556,-83448.3715595852,20.25930754066471,404.88,4626,0.4766257888280116,0.06935279180077335
58970.545833182616,43425.54683318261,-83447.47707005218,20.259340858162297,404.903,4627,0.4770079149610222,0.0702101261220229
58970.97126141371,43425.97226141371,-83446.30664837261,20.259353195581,404.944,4628,0.47740994024924616,0.07111210598633937
58971.963689148906,43426.96468914891,-83446.71042726345,20.259381975985317,404.987,4629,0.47783058390585204,0.07205585783336144
58973.84922448696,43428.85022448696,-83447.69570246324,20.259436656510122,405.014,4630,0.478268380347896,0.07303809349604203
58972.34190049206,43427.34290049206,-83447.92704385608,20.25939294411427,405.04,4631,0.4787216604180227,0.07405506806984669
58972.00597671326,43427.006976713266,-83449.13553102652,20.259383202324685,405.067,4632,0.47918884750779517,0.07510324429205634
58971.84919501018,43426.85019501018,-83449.05866253561,20.259378655655297,405.112,4633,0.4796682014217687,0.07617871787779885
58973.38442165582,43428.385421655825,-83450.1586999814,20.25942317722802,405.139,4634,0.48015820115423513,0.07727807631407452
58973.52288277501,43428.523882775014,-83450.97168690001,20.259427192600477,405.317,4635,0.48065708570932275,0.07839736864838365
58982.66094054085,43437.66194054086,-83451.31680405635,20.259692196275687,405.987,4636,0.4811631141772791,0.07953268899324026
58981.61972886891,43436.620728868904,-83450.53015670813,20.259662001137198,405.996,4637,0.48167455713482615,0.0806801572320962
58979.259532090146,43434.26053209015,-83449.16356461972,20.259593555430616,406.005,4638,0.48218965986428824,0.08183583649814878
58978.417853020095,43433.41885302009,-83448.20220660263,20.259569146737583,406.029,4639,0.4827064938231659,0.08299539993298147
58977.76416565424,43432.765165654244,-83448.82099240678,20.259550189803974,406.052,4640,0.483223208260871,0.0841546952113222
58974.72754308293,43429.728543082936,-83445.7965670244,20.259462127749405,406.094,4641,0.48373817053447954,0.08531005935204448
58970.67473427097,43425.675734270975,-83442.7783215484,20.259344596293857,406.121,4642,0.4842496128492637,0.0864575261488041
58968.395614036366,43423.39661403636,-83444.27321890909,20.259278501807053,406.165,4643,0.48475583281770096,0.08759327614219987
58966.30754734324,43421.308547343244,-83445.52264328385,20.259217947872955,406.192,4644,0.48525517906863896,0.08871360433264215
58967.0998386353,43422.100838635306,-83446.36824564707,20.259240924320423,406.237,4645,0.4857459018487761,0.08981458499134759
58967.12725040001,43422.12825040001,-83446.00492800001,20.2592417192616,406.264,4646,0.4862263730579195,0.09089256532921554
58965.9349384734,43420.9359384734,-83446.39733900919,20.25920714221573,406.291,4647,0.4866952690973032,0.09194457573346211
58967.167033205435,43422.16803320544,-83447.49100582807,20.259242872962957,406.318,4648,0.48715101326901383,0.0929670787406201
58966.867250400006,43421.8682504,-83445.94612800001,20.2592341792616,406.363,4649,0.4875925643227203,0.09395773821199413
58967.49046535328,43422.491465353276,-83444.99543641122,20.259252252495244,406.501,4650,0.48801856307764024,0.09491350470334878
59024.440151325274,43479.44115132527,-83448.56238610676,20.260903793388433,407.093,4651,0.4884274223200231,0.09583081715799115
59034.772098204885,43489.77309820488,-83451.14894282927,20.26120341984794,407.102,4652,0.48881842364197103,0.09670806376323866
59034.772098204885,43489.77309820488,-83451.14894282927,20.26120341984794,407.111,4653,0.4891908936537176,0.09754373370863262
59038.754467542865,43493.75546754287,-83452.95458742857,20.261318908558742,407.118,4654,0.48954384946487567,0.09833562179125667
59043.31558434138,43498.31658434137,-83456.18269352443,20.2614511809459,407.124,4655,0.4898763972076105,0.09908172253829128
59046.11697122475,43501.117971224754,-83457.83818094846,20.26153242116552,407.168,4656,0.49018781225620783,0.09978041018682407
59050.16652565424,43505.16752565424,-83458.6653380339,20.261649858243974,407.195,4657,0.49047782816589325,0.10043108694405814
59054.332674229794,43509.3336742298,-83460.776016,20.261770676552665,407.222,4658,0.4907458368401737,0.10103238849086144
59057.50464488276,43512.50564488277,-83464.03753324138,20.2618626637016,407.267,4659,0.49099148321303354,0.10158351820471792
59061.036177874055,43516.03717787405,-83468.07805752249,20.261965078158347,407.293,4660,0.49121454397127207,0.10208397506239257
59063.55563866856,43518.55663866855,-83469.47060963958,20.262038142521387,407.338,4661,0.4914150429761025,0.10253381259866165
59066.47902298742,43521.48002298742,-83472.95895306295,20.262122920666634,407.365,4662,0.49159287682168074,0.10293279881322079
59070.41662806785,43525.41762806785,-83477.92106900354,20.262237111213967,407.392,4663,0.49174781502315396,0.10328041659258892
59072.713772562165,43527.71477256216,-83483.67169167568,20.2623037284043,407.417,4664,0.49188034364085764,0.10357775645681115
59074.89563866856,43529.896638668564,-83486.67428455123,20.262367002521387,407.571,4665,0.49199045741371766,0.10382480660219486
59116.77357605582,43571.77457605582,-83549.75837955349,20.26358146270562,408.198,4666,0.4920783724235889,0.10402205182780075
59117.48301433847,43572.484014338464,-83548.24779636924,20.263602036415815,408.207,4667,0.4921444841926674,0.10417037952322156
59120.252818425004,43575.253818425,-83548.88506560001,20.263682360734325,408.217,4668,0.4921893267973593,0.10427098793687205
59122.367781715664,43577.36878171566,-83549.87750535904,20.263743694669753,408.24,4669,0.49221317815905874,0.10432450061037696
59123.840392800004,43578.84139280001,-83551.40632560001,20.2637864003912,408.267,4670,0.4922165241433426,0.10433200762682286
59124.24007087229,43579.24107087229,-83551.21846921447,20.263797991055295,408.31,4671,0.4921997727707385,0.1042944244169325
59125.323311420696,43580.3243114207,-83551.36946215174,20.2638294050312,408.334,4672,0.4921636440557439,0.10421336639793895
59126.59480381215,43581.595803812146,-83551.82272754333,20.26386627831055,408.377,4673,0.49210866312865204,0.10409001174684868
59127.44477590757,43582.445775907574,-83552.67196799045,20.26389092750132,408.422,4674,0.4920353459484357,0.10392551806398669
59129.43829338578,43584.439293385774,-83553.23377898913,20.263948739508187,408.448,4675,0.49194447822870924,0.10372164816845927
59131.11571409032,43586.11671409033,-83553.30014624516,20.26399738470862,408.475,4676,0.4918365720236118,0.10347955089974602
59133.688552800006,43588.6895528,-83553.33192730213,20.2640719970312,408.502,4677,0.4917121687727045,0.10320044102616172
59136.09758983704,43591.09858983704,-83552.94182485927,20.264141859105273,408.547,4678,0.49157183210619115,0.10288558310272226
59137.94257923172,43592.94357923172,-83554.09921758239,20.264195363797718,408.574,4679,0.4914162412675471,0.10253650107320864
59140.36030486612,43595.36130486612,-83554.67611931902,20.264265477841118,408.753,4680,0.4912461410885245,0.10215486603459493
59158.14749348149,43613.148493481494,-83546.08734773334,20.264781306310965,409.379,4681,0.49106209980658905,0.10174195287870341
59158.80415359293,43613.805153592926,-83545.72020909027,20.264800349454195,409.388,4682,0.49086468003917294,0.10129902388830576
59158.84933038566,43613.850330385656,-83545.98396955695,20.264801659581185,409.397,4683,0.4906546010442785,0.10082769278337023
59160.073316347836,43615.07431634783,-83547.90288396522,20.26483715517409,409.422,4684,0.4904323791731192,0.10032911804424902
59161.41453217938,43616.41553217938,-83548.67912650763,20.2648760504332,409.455,4685,0.49019875915830763,0.09980497054548777
59162.612739272736,43617.61373927274,-83549.22165076363,20.26491079843891,409.48,4686,0.4899536062300689,0.09925494791898481
59163.241356827595,43618.2423568276,-83549.3190144,20.264929028348,409.524,4687,0.48969807037491697,0.09868163026283401
59164.287550461544,43619.28855046154,-83550.17247593847,20.264959367963385,409.55,4688,0.4894328141107568,0.09808650399549582
59165.790593497804,43620.79159349781,-83550.3500496423,20.265002956211436,409.577,4689,0.4891583913925976,0.09747081196481767
59167.62033632433,43622.62133632433,-83550.7294198054,20.265056018753405,409.622,4690,0.48887559780616885,0.09683633913888325
59169.704656067806,43624.7056560678,-83550.34943812882,20.265116464025965,409.667,4691,0.48858498966820024,0.09618433366427204
59172.50361200001,43627.504612000004,-83550.5356144,20.265197633748,409.676,4692,0.48828716357688284,0.09551613406264223
59175.30759094738,43630.308590947374,-83550.28611966316,20.265278949137475,409.721,4693,0.48798325731936715,0.09483429306171937
59179.22940183052,43634.230401830515,-83550.10918389153,20.265392681653086,409.748,4694,0.4876737206833489,0.09413981980062153
59180.37065930291,43635.37165930291,-83548.59882767801,20.265425778119784,409.894,4695,0.48735937812424096,0.09343456401916153
59189.13924653946,43644.140246539464,-83639.17920515231,20.265680067149646,411.996,4696,0.48704099685905633,0.09272024703765824
59193.054870337735,43648.05587033773,-83647.26476467546,20.265793620239794,412.006,4697,0.48671939783283263,0.09199871072008226
59193.054870337735,43648.05587033773,-83647.26476467546,20.265793620239794,412.015,4698,0.4863956391457005,0.09127232900916851
59198.01873331766,43653.01973331766,-83654.96154945884,20.26593757226621,412.023,4699,0.4860706746327853,0.09054324191974239
59202.88521664808,43657.88621664808,-83660.59928518932,20.266078700282794,412.029,4700,0.4857455196779679,0.08981372755679362
59208.860580843066,43663.86158084306,-83666.35471259832,20.26625198584445,412.07,4701,0.4854218260825981,0.08908749188509844
59216.61682217873,43671.61782217873,-83671.70866835746,20.26647691684318,412.095,4702,0.4851005184936629,0.08836660943327085
59222.43668920001,43677.437689200015,-83673.0365274,20.2666456929868,412.14,4703,0.48478269915596023,0.08765355318657395
59230.62965179843,43685.630651798434,-83675.73976066773,20.266883288902154,412.167,4704,0.484469466828598,0.08695078830981245
59239.37188600852,43694.372886008525,-83679.23649814469,20.267136813694247,412.194,4705,0.4841619709445314,0.08626089365912139
59247.45741594419,43702.45841594419,-83680.28915821397,20.267371294062382,412.239,4706,0.4838619308196884,0.0855877266743008
59254.70001547119,43709.70101547119,-83680.57717358645,20.267581329448664,412.265,4707,0.48357067999474523,0.08493427927370355
59260.278731882936,43715.27973188294,-83681.51687800977,20.267743112224604,412.292,4708,0.48328950335093535,0.08430343420384986
59265.4414015431,43720.4424015431,-83682.20694842511,20.26789282964475,412.337,4709,0.48301999948174723,0.08369877805289741
59269.7465453947,43724.7475453947,-83682.83253956816,20.268017678816445,412.474,4710,0.4827637964123807,0.08312396344169332
59378.10012065754,43833.101120657535,-83638.85667724932,20.271159932499067,413.209,4711,0.48252231990031663,0.08258218918527932
59381.19280998965,43836.19380998965,-83634.83667299068,20.2712496204897,413.218,4712,0.48229701224264027,0.08207669120678605
59385.29707033156,43840.298070331555,-83629.76238965134,20.271368644039615,413.227,4713,0.48208947059698437,0.08161105287289988
59387.30515753847,43842.30615753846,-83623.42793963077,20.271426878568615,413.253,4714,0.48190130811998494,0.08118889344550873
59387.164760516134,43842.16576051613,-83618.54000910968,20.271422807054968,413.28,4715,0.48173374932104746,0.080812960221511
59390.174355574476,43845.17535557448,-83616.53378742129,20.27151008531166,413.325,4716,0.4815884854357797,0.08048704763998478
59393.125100907986,43848.12610090799,-83612.79486365154,20.271595656926333,413.352,4717,0.4814668239834388,0.08021408923789083
59394.11454876074,43849.11554876075,-83609.48639739386,20.271624350914063,413.379,4718,0.48137000797726387,0.07999687382714113
59396.580478383425,43851.58147838342,-83608.42890096996,20.27169586287312,413.423,4719,0.4812992904860869,0.07983821278027414
59397.37642572974,43852.377425729734,-83606.73219742703,20.271718945346162,413.45,4720,0.4812559306502003,0.0797409310916954
59398.49332812436,43853.49432812436,-83604.25066262798,20.271751335515606,413.477,4721,0.48124089578435836,0.07970719901898918
59399.6042491915,43854.6052491915,-83602.9016597617,20.271783552226555,413.504,4722,0.481255198167797,0.07973928770159512
59401.038337791055,43856.03933779105,-83601.40875248956,20.27182514079594,413.549,4723,0.48129964705353284,0.07983901277138401
59400.72701685562,43855.72801685562,-83599.81886023958,20.271816112488814,413.576,4724,0.48137506229221644,0.08000821363697068
59403.09900369232,43858.10000369232,-83598.13055501539,20.27188490010708,413.757,4725,0.4814819953155184,0.0802481274848655
59487.67821682193,43942.679216821925,-83593.6076956274,20.274337697287837,414.411,4726,0.4816208779852648,0.08055972323588703
59487.19666855815,43942.19766855815,-83593.55224866979,20.274323732388186,414.42,4727,0.4817920157818611,0.08094368626277834
59487.40205243837,43942.40305243837,-83594.18303809316,20.274329688520712,414.428,4728,0.48199550695094817,0.0814002369884643
59487.27581100001,43942.276811,-83594.25921960002,20.274326027519,414.454,4729,0.4822312776552302,0.0819292097523359
59486.731414165944,43941.73241416595,-83595.36098270045,20.274310240010813,414.498,4730,0.4824990383911571,0.08252995502716064
59485.04182061539,43940.04282061539,-83595.82968905703,20.274261241797845,414.525,4731,0.48279857699375145,0.08320199680174442
59482.8516991579,43937.8526991579,-83597.02454854739,20.274197728275578,414.57,4732,0.48312929937683663,0.08394400219035918
59480.14331100001,43935.14431100001,-83597.65671960001,20.274119185019,414.595,4733,0.4834903648250802,0.08475408497260108
59479.199853721526,43934.20085372153,-83598.32113415697,20.274091824757924,414.617,4734,0.48388090593253236,0.08563029904526774
59477.70997582302,43932.71097582302,-83599.0187660602,20.274048618298867,414.659,4735,0.4842996622714596,0.08656981652546372
59475.27206100001,43930.273061000014,-83599.40046960002,20.273977918769,414.703,4736,0.48474554496272737,0.08757019441499267
59472.86564652633,43927.86664652632,-83598.76533802107,20.273908132749263,414.729,4737,0.48521702513456405,0.08862800255263457
59469.99593826245,43924.996938262455,-83597.40326371766,20.273824911209612,414.754,4738,0.48571249944627204,0.08973964369944146
59468.489563962095,43923.4905639621,-83597.81811178011,20.273781226354902,414.797,4739,0.4862305852117506,0.09090201567488373
59466.71643600001,43921.717436000006,-83598.06396960001,20.273729805644,414.936,4740,0.48676915995395315,0.09211035651095939
59510.31236720001,43965.31336720001,-83560.04382621539,20.2749940876488,415.598,4741,0.4873262237888122,0.09336017928803265
59519.40373706302,43974.404737063014,-83555.91323612056,20.275257737374826,415.607,4742,0.48789976114350103,0.09464696188732642
59529.8629554353,43984.8639554353,-83551.34020630589,20.275561054707623,415.615,4743,0.4884877393199776,0.09596614376810376
59541.48486720001,43996.48586720001,-83547.99644160001,20.2758980901488,415.64,4744,0.4890876538385664,0.0973121059051342
59552.87534017298,44007.87634017298,-83548.20709024866,20.276228413865017,415.665,4745,0.48969711786283693,0.09867949321637975
59563.24541804747,44018.24641804746,-83548.18589922713,20.276529146123377,415.691,4746,0.49031343517010023,0.1000622564839271
59573.47456232196,44028.47556232195,-83548.09917330733,20.27682579130734,415.736,4747,0.49093447161271514,0.1014556075557465
59582.78184088422,44037.78284088422,-83549.79265212633,20.277095702385644,415.762,4748,0.4915577959530915,0.1028540917318081
59594.62792630544,44049.628926305435,-83554.37447993866,20.277439238862858,415.789,4749,0.4921809554997062,0.10425220617825524
59604.442430491144,44059.44343049114,-83556.95622641014,20.277723859484244,415.834,4750,0.4928015954358324,0.10564466765213304
59608.28526081703,44063.286260817025,-83555.6364841532,20.277835301563695,415.861,4751,0.49341725158207955,0.10702594754552179
59617.27559796924,44072.276597969234,-83559.4181339077,20.278096021341106,415.888,4752,0.49402530354667873,0.10839016677399226
59629.25565833925,44084.25665833925,-83567.77787197975,20.278443443091838,415.933,4753,0.49462361252086423,0.10973252672786289
59636.96666131765,44091.967661317656,-83574.66185336471,20.27866706217821,415.96,4754,0.49521018811816697,0.1110485617962134
59643.33975850436,44098.34075850436,-83579.3840068174,20.278851881996626,416.137,4755,0.4957828678280545,0.11233342019231844
59674.403504260474,44129.40450426047,-83699.40090669769,20.279752730623553,416.843,4756,0.49633993071545124,0.11358324084367494
59673.964742751916,44128.96574275191,-83706.77776409386,20.279740006539804,416.852,4757,0.49687928787478897,0.11479333710290958
59673.964742751916,44128.96574275191,-83706.77776409386,20.279740006539804,416.861,4758,0.49739928210485773,0.11595999089017449
59673.913420890574,44128.91442089058,-83712.66151222642,20.279738518205825,416.868,4759,0.49789839776130873,0.11707980172116154
59674.398501424395,44129.3995014244,-83716.23518917074,20.279752585541306,416.892,4760,0.498375332992969,0.11814984877576622
59674.72490450527,44129.72590450526,-83719.81501073686,20.27976205123065,416.92,4761,0.49882871131314765,0.11916704378239215
59675.65212622979,44130.653126229794,-83725.48455217022,20.279788940660666,416.964,4762,0.4992573914060535,0.12012882609649123
59675.94988676261,44130.950886762614,-83730.8197590595,20.279797575716117,416.991,4763,0.499660707389059,0.12103370175054527
59677.68966240001,44132.69066240001,-83738.07267600001,20.2798480292096,417.018,4764,0.5000380332220857,0.12188026616737606
59680.355097252555,44135.35609725256,-83744.66288811798,20.279925326820326,417.063,4765,0.5003889044701844,0.12266747734543566
59682.5068934992,44137.507893499205,-83750.77034120109,20.279987728911475,417.09,4766,0.500713128488962,0.12339490306971564
59685.7601533091,44140.7611533091,-83756.53771827274,20.280082073445964,417.116,4767,0.5010106187998316,0.124062349317734
59689.69293390839,44144.69393390839,-83762.79666348605,20.280196124083343,417.161,4768,0.5012815396880582,0.12467018467824754
59695.52327551476,44150.52427551476,-83770.50942747542,20.280365203989927,417.188,4769,0.5015261494135284,0.12521898858052127
59701.615153309096,44156.61615330909,-83777.35611600001,20.280541868445965,417.332,4770,0.5017448901518929,0.1257097530853667
59771.840166356764,44226.84116635677,-83809.70450166488,20.282578393824345,418.027,4771,0.5019383799036143,0.12614386473236106
59771.355065229145,44226.35606522915,-83810.87962024372,20.282564325891645,418.036,4772,0.5021074627521924,0.12652321729869448
59771.22101233973,44226.22201233973,-83811.35816419727,20.28256043835785,418.045,4773,0.5022528571882731,0.12684942278270206
59770.564993758424,44225.56599375843,-83812.0606516515,20.282541413818993,418.07,4774,0.5023757296781235,0.12712509825628512
59769.90295505455,44224.90395505456,-83813.66168225455,20.28252221469658,418.096,4775,0.5024774029410721,0.12735321135913036
59769.5639978353,44224.5649978353,-83815.3021368,20.282512384937224,418.139,4776,0.5025594374180783,0.12753726308076752
59768.88811927743,44223.88911927743,-83814.85504002581,20.282492784459045,418.164,4777,0.5026231245683146,0.1276801509259143
59769.86665800765,44224.86765800766,-83814.47149985733,20.282521162082222,418.208,4778,0.5026699049395589,0.12778510689297298
59770.35540960001,44225.356409600005,-83814.8103303484,20.2825353358784,418.235,4779,0.502701307310986,0.12785556093541428
59771.476887860874,44226.47788786088,-83816.56604984349,20.282567858747967,418.28,4780,0.5027190835947855,0.12789544362568075
59771.159409600004,44226.16040960001,-83816.31213680001,20.2825586518784,418.307,4781,0.5027250565523657,0.1279088444928042
59769.45825496083,44224.459254960835,-83815.12244607836,20.282509318393863,418.334,4782,0.5027206105420099,0.1278988694690062
59770.733409600005,44225.7344096,-83818.22796502087,20.2825462978784,418.361,4783,0.502707280100633,0.1278689614257647
59769.40920577835,44224.410205778346,-83818.93366546243,20.282507895967573,418.406,4784,0.5026868930074982,0.12782322115011996
59769.465864689824,44224.46686468982,-83819.82908290779,20.282509539076006,418.542,4785,0.5026611191331755,0.12776539514676757
59718.69566305837,44173.69666305838,-83875.32681617227,20.281037203228692,419.144,4786,0.5026312741757238,0.12769843530254568
59711.23060793044,44166.231607930444,-83879.18431565218,20.280820716629982,419.153,4787,0.502598751269564,0.12762546723972845
59702.49630335498,44157.497303354976,-83882.20462523561,20.280567421797294,419.179,4788,0.5025652113315264,0.1275502173744925
59694.12815451429,44149.12915451429,-83884.8299057143,20.280324745480915,419.224,4789,0.5025315070459093,0.12747459878069184
59687.1716688,44142.172668800005,-83888.09562000001,20.2801230073952,419.252,4790,0.50249887799422,0.1274013925708399
59678.67409956923,44133.67509956923,-83888.96146615385,20.279876577887507,419.277,4791,0.5024683240843273,0.12733284212810256
59670.92957231759,44125.93057231759,-83889.38727829147,20.27965198659721,419.321,4792,0.5024406880414612,0.1272708381822695
59663.78962966957,44118.79062966957,-83889.75279391305,20.279444928260418,419.348,4793,0.5024167962410089,0.1272172347807882
59656.2722912599,44111.2732912599,-83889.09957721927,20.279226925446537,419.391,4794,0.502397107865707,0.1271730621413957
59649.208213062295,44104.20921306229,-83888.99758721313,20.279022067178808,419.419,4795,0.5023819803669359,0.12713912223838794
59641.687330338464,44096.68833033847,-83888.31715846155,20.278803961579815,419.464,4796,0.5023717361614329,0.1271161384426908
59636.918049127875,44091.91904912787,-83887.5998822951,20.278665652424706,419.491,4797,0.5023662880743428,0.12710391516968214
59632.5209543615,44087.521954361495,-83887.44877508022,20.278538136676485,419.517,4798,0.502365651327884,0.1271024865717772
59627.458124119155,44082.45912411915,-83887.6666838298,20.278391314599457,419.544,4799,0.5023696039869457,0.12711135471760934
59623.7166174911,44078.7176174911,-83887.60085560211,20.278282810907243,419.695,4800,0.502377811968322,0.12712977006148177
59578.78527638182,44033.78627638183,-83940.6263257091,20.276979802015074,420.405,4801,0.5023896395093319,0.12715630621268373
59582.81933743729,44037.8203374373,-83960.93611191865,20.27709678978568,420.414,4802,0.5024043711254372,0.12718935791735272
59582.81933743729,44037.8203374373,-83960.93611191865,20.27709678978568,420.423,4803,0.5024214141248393,0.127227595418173
59585.7416832,44040.742683200006,-83970.6412848,20.2771815378128,420.43,4804,0.5024396656448465,0.1272685443435812
59589.605600441384,44044.60660044139,-83977.01489859312,20.2772935914128,420.436,4805,0.5024578610903654,0.12730936746083524
59595.2585127302,44050.259512730205,-83986.8285519141,20.277457525869178,420.477,4806,0.502474796463935,0.127347363493428
59598.78150255484,44053.78250255484,-83990.20816221937,20.27755969257409,420.502,4807,0.5024889718480237,0.12737916724157877
59604.17380733793,44059.17480733793,-83997.05758824828,20.2777160694128,420.547,4808,0.5024992311125438,0.12740218482353424
59609.15694034286,44064.15794034286,-84002.72277051429,20.277860580269945,420.575,4809,0.5025037332841787,0.12741228585020936
59613.86447923961,44068.86547923961,-84007.88442539406,20.27799709889795,420.619,4810,0.5025010645936931,0.12740629840326856
59618.35564029343,44073.35664029342,-84011.6196612706,20.27812734256851,420.646,4811,0.5024898117886335,0.12738105172382277
59622.301704017846,44077.30270401784,-84013.56242532046,20.27824177841652,420.673,4812,0.502467787954004,0.1273316392715401
59628.35295643944,44083.353956439445,-84020.1332735324,20.278417264736746,420.699,4813,0.5024335765617609,0.12725488293845005
59633.5775832,44088.5785832,-84024.5719848,20.2785687789128,420.743,4814,0.5023856049118182,0.12714725423057063
59638.328704713946,44093.32970471395,-84026.97234934184,20.278706561436703,420.918,4815,0.5023217792208202,0.12700405555677438
59709.73702631074,44164.73802631073,-84039.31760547297,20.28077740276301,421.574,4816,0.5022403377237493,0.12682133423891337
59709.96282689129,44164.9638268913,-84039.58363863236,20.28078395097985,421.584,4817,0.5021398500068712,0.12659588101522293
59709.44309907524,44164.444099075234,-84038.99735898717,20.280768878873182,421.593,4818,0.5020186776941324,0.12632402004178547
59709.57204152728,44164.573041527285,-84038.60349076365,20.280772618204292,421.617,4819,0.5018753203007931,0.12600238484623785
59709.258883337454,44164.25988333745,-84038.672823563,20.280763536616785,421.643,4820,0.5017079644008446,0.12562690684435668
59708.245549287814,44163.24654928781,-84038.9666836683,20.280734149929348,421.695,4821,0.5015154155998024,0.12519490630477462
59708.101323255454,44163.10232325546,-84038.49314152871,20.28072996737441,421.722,4822,0.5012964266770175,0.12470358497587772
59708.03057161691,44163.03157161691,-84038.233826231,20.28072791557689,421.748,4823,0.5010497473487145,0.12415013773365255
59708.3658098959,44163.3668098959,-84038.29897768768,20.280737637486983,421.775,4824,0.5007741381238263,0.12353178366849595
59708.06322619911,44163.064226199116,-84037.6586705435,20.280728862559773,421.82,4825,0.5004687619875953,0.12284664486257656
59708.343643800006,44163.34464380001,-84037.2631044,20.2807369946702,421.847,4826,0.5001327954511365,0.12209287374457392
59709.21413722106,44164.215137221065,-84036.93132808422,20.28076223897941,421.874,4827,0.49976548765247686,0.1212687856881707
59709.46448180449,44164.465481804495,-84036.6190292879,20.28076949897233,421.901,4828,0.49936617323321847,0.1203728879020055
59710.188695405515,44165.18969540551,-84036.8761663266,20.28079050116676,421.946,4829,0.4989344260643135,0.11940422432726296
59710.00267188371,44165.00367188371,-84036.86885880529,20.28078510648463,422.094,4830,0.4984699228528292,0.1183620696271941
59651.10833685773,44106.10933685773,-84030.72843617322,20.279077170768876,422.722,4831,0.49797249369386265,0.11724604260487966
59645.618289116785,44100.61928911679,-84027.31775603759,20.278917959384387,422.731,4832,0.4974422442974771,0.11605638043034677
59642.76574863072,44097.76674863072,-84026.12872609968,20.27883523571029,422.739,4833,0.49687906347672073,0.11479283364567673
59639.954161600006,44094.95516160001,-84022.91216040001,20.2787536996864,422.763,4834,0.4962834838733838,0.11345659728059457
59635.915954052834,44090.91695405284,-84017.60064624908,20.27863659166753,422.789,4835,0.4956558822902896,0.11204851672609796
59633.383981743886,44088.38498174389,-84017.23328450073,20.278563164470572,422.832,4836,0.4949969464256021,0.11057013489482127
59628.90462551753,44083.905625517524,-84014.85070421445,20.27843326314001,422.855,4837,0.494307381224267,0.109023033394104
59623.22529063226,44078.22629063226,-84007.52316846453,20.278268562428334,422.897,4838,0.49358806833018154,0.1074091902712634
59619.919001172195,44074.9200011722,-84005.30262162996,20.278172680033993,422.924,4839,0.4928400320288645,0.10573090360291373
59614.738761600005,44069.73976160001,-83997.03491040002,20.2780224530864,422.969,4840,0.49206452119593636,0.10399097535374653
59612.61606767735,44067.61706767735,-83992.22417006853,20.277960894962643,422.996,4841,0.4912627883588909,0.10219221568175939
59610.92062689563,44065.92162689564,-83986.1971828936,20.277911727179973,423.023,4842,0.49043618158577346,0.10033764909876328
59610.53287294021,44065.533872940214,-83979.04462174022,20.277900482315268,423.068,4843,0.48958623838196236,0.09843072513625091
59610.2811616,44065.2821616,-83973.00041040001,20.277893182686398,423.094,4844,0.4887145258340087,0.09647495969373439
59610.15433807059,44065.15533807059,-83971.49520451766,20.277889504804048,423.237,4845,0.4878229434907494,0.09447461457974254
59627.8646592,44082.865659200004,-83896.6049896,20.2784031041168,423.911,4848,0.48691351150279133,0.09243422218371379
59626.49771285854,44081.498712858534,-83893.55913594147,20.278363462672896,423.936,4849,0.4859880495516414,0.09035786512464433
59629.22372126897,44084.22472126897,-83892.01864477243,20.2784425169168,423.961,4850,0.4850485520520611,0.08825001805129064
59629.33950868454,44084.340508684545,-83889.30146382682,20.278445874751853,424.005,4851,0.4840971081707888,0.0861153681969845
59642.36142017561,44097.36242017562,-83872.24362374636,20.27882351018509,424.175,4856,0.4831357826462288,0.08395854798789473
59644.94954934085,44099.95054934085,-83867.28110227607,20.278898565930884,424.202,4857,0.4821669538242616,0.08178489345674742
59649.06681654597,44104.06781654597,-83862.5283260929,20.279017966679834,424.229,4858,0.4811931525813616,0.07960008285236367
59653.79943814737,44108.80043814737,-83854.88425275791,20.279155212706275,424.256,4859,0.48021644379260414,0.07740874890754641
59657.76738526636,44112.76838526636,-83847.25903699338,20.279270283172725,424.441,4860,0.4792390487136558,0.07521587520900869
59713.54985785947,44168.550857859474,-83689.68767552433,20.280887974877924,425.15,4861,0.47826345330970127,0.07302703924305713
59711.19265095973,44166.19365095973,-83667.01478464711,20.28081961587783,425.175,4864,0.47729196105849264,0.07084740906904312
59701.764015421286,44156.76501542129,-83623.86058524255,20.280546185447218,425.292,4868,0.47632715802753645,0.06868278676182855
59697.81318909768,44152.814189097684,-83616.6956767814,20.280431611483834,425.319,4869,0.4753713285580209,0.06653829744616388
59693.40528212094,44148.40628212094,-83608.00125817675,20.280303782181505,425.346,4870,0.47442692004330755,0.06441943206900413
59688.85839840001,44143.8593984,-83602.09280574546,20.2801719225536,425.391,4871,0.47349617218834,0.06233121560967344
59681.59130749092,44136.59230749092,-83592.40062392727,20.279961176917237,425.417,4872,0.4725815300475987,0.06027913376763675
59671.942898400004,44126.9438984,-83582.1681012,20.2796813730536,425.444,4873,0.4716852548369999,0.05826825978401884
59663.68651410249,44118.687514102494,-83575.87855781158,20.279441937908974,425.489,4874,0.4708095402299881,0.05630351536233859
59655.64196466507,44110.642964665065,-83571.63792951325,20.279208645975288,425.625,4875,0.46995676640291023,0.05439024064213787
59821.49211390001,44276.49311390001,-83537.71217520001,20.2840183003031,427.862,4876,0.4691288965650239,0.052532840259820586
59821.41371950346,44276.41471950346,-83529.27338209657,20.2840160268656,427.872,4877,0.4683282139102598,0.050736436766162005
59821.41371950346,44276.41471950346,-83529.27338209657,20.2840160268656,427.88,4878,0.46755670317405407,0.04900548309348195
59820.123048351226,44275.12404835122,-83516.56619959026,20.283978597402186,427.965,4883,0.4668161967963296,0.04734409048542963
59817.57859896638,44272.579598966375,-83505.31363537701,20.283904808370025,428.062,4886,0.466108419587847,0.04575612870995608
59815.05212370942,44270.053123709426,-83498.3079823749,20.283831540587574,428.13,4888,0.4654352057725116,0.044245713013235245
59813.53387376843,44268.534873768425,-83492.12006993685,20.283787511339284,428.157,4889,0.46479830629430385,0.04281677179544554
59811.1670945416,44266.1680945416,-83488.78310440356,20.283718874741705,428.305,4890,0.4641991298494905,0.041472465593261405
59803.16467452632,44258.16567452632,-83345.0090304,20.283486804561264,429.031,4891,0.4636389404608052,0.040215630355284075
59814.44077650001,44269.44177650001,-83329.56090540001,20.2838138115185,429.04,4892,0.4631191034920831,0.039049329397983425
59814.44077650001,44269.44177650001,-83329.56090540001,20.2838138115185,429.049,4893,0.46264064838579955,0.03797587236806966
59820.25879733334,44275.25979733335,-83322.16569706667,20.283982534122668,429.056,4894,0.4622046255718744,0.03699761599947036
59825.2669504865,44280.267950486494,-83315.21173310271,20.28412777056411,429.063,4895,0.4618119666619439,0.03611665044661574
59831.99546400001,44286.99646400001,-83309.96373628236,20.284322897456,429.111,4896,0.4614633384405101,0.03533447170046037
59837.30932997939,44292.31032997939,-83305.00727782269,20.284476999569403,429.135,4897,0.4611591536547137,0.0346520057963084
59843.10175432259,44298.102754322594,-83300.45515943225,20.284644979875356,429.161,4898,0.46089993159582354,0.0340704178107901
59849.26983158894,44304.27083158895,-83294.42974186245,20.28482385411608,429.206,4899,0.46068587947779943,0.033590172647046876
59858.16925432259,44313.170254322584,-83289.72144975484,20.285081937375356,429.233,4900,0.4605170790144625,0.03321145363738002
59866.77504936586,44321.77604936586,-83286.32990844878,20.28533150543161,429.278,4901,0.460393592137479,0.03293439973104868
59875.172569263166,44330.17356926316,-83282.43103996938,20.285575033508632,429.305,4902,0.46031503482046543,0.03275814933034881
59883.11546400001,44338.116464000006,-83279.23403040001,20.285805377456,429.331,4903,0.46028112075655964,0.032682060080104616
59891.24634635295,44346.247346352946,-83276.9902068706,20.286041173044236,429.358,4904,0.4602912148434998,0.03270470707131476
59900.26646400001,44355.267464000004,-83276.2186304,20.286302756456,429.51,4905,0.4603453169895843,0.03282609009823861
59879.67292739716,44334.67392739716,-83280.51417877537,20.28570554389452,430.225,4906,0.4604420637579251,0.03304315016768501
59873.21604096754,44328.217040967545,-83284.28245450053,20.28551829418806,430.234,4907,0.46058043316743225,0.03335359437323272
59870.00702330848,44325.008023308474,-83286.91012865085,20.285425232675944,430.242,4908,0.4607592170075539,0.033754711985926444
59866.59970777006,44321.60070777006,-83288.67090607905,20.285326420525333,430.267,4909,0.46097725385165617,0.03424389724073506
59864.90955643637,44319.91055643637,-83290.04750923638,20.285277406136654,430.294,4910,0.46123324388424786,0.034818233884789114
59864.5496928,44319.550692799996,-83288.91364560001,20.2852669700912,430.321,4911,0.4615259011869861,0.03547483684472035
59863.61137461819,44318.612374618184,-83287.71078196364,20.285239758863927,430.366,4912,0.4618535514291388,0.036209949609058455
59863.39706376774,44318.398063767745,-83288.12314560001,20.285233543849266,430.393,4913,0.4622144653361573,0.037019692394942835
59863.793001183236,44318.79400118324,-83288.31629530061,20.285245026034314,430.42,4914,0.4626068588597312,0.03790006252965601
59862.98414932174,44317.98514932174,-83287.88679777391,20.285221569330332,430.465,4915,0.4630288307942682,0.03884679448758951
59863.03487572683,44318.035875726826,-83287.87882852684,20.28522304039608,430.491,4916,0.46347850086930326,0.03985566971297414
59862.539834309435,44317.54083430943,-83288.20397578868,20.285208684194973,430.518,4917,0.46395381221704163,0.040922073438060924
59862.48666025562,44317.48766025562,-83288.81800950532,20.285207142147414,430.563,4918,0.4644528443153468,0.04204169679883835
59861.56207652093,44316.563076520935,-83289.05788978605,20.285180329219106,430.59,4919,0.46497340326150954,0.04320961757741144
59862.019947291024,44317.02094729102,-83288.95761266588,20.285193607471438,430.737,4920,0.46551288774834676,0.04441999950733415
59960.068038812904,44415.0690388129,-83271.3365375226,20.288037002125574,431.346,4921,0.4660692789427893,0.045668313155182556
59967.58394527861,44422.584945278606,-83273.8491336629,20.28825496341308,431.355,4922,0.46664076648542047,0.04695049681690737
59975.88674003843,44430.88774003844,-83278.45996335722,20.288495744461116,431.363,4923,0.46722531977540105,0.048261994657035
59983.93511661177,44438.936116611774,-83284.66524720001,20.28872914738174,431.388,4924,0.4678206509674923,0.049597673689162645
59989.87728340254,44444.87828340253,-83287.95271555445,20.288901470218672,431.412,4925,0.4684243838373651,0.05095220264045559
59988.83275508322,44443.83375508322,-83285.99948077666,20.288871178897413,431.455,4926,0.4690344708233274,0.052320987622242396
59977.81768678506,44432.81868678506,-83277.75840072699,20.288551741916766,431.481,4927,0.4696488501828508,0.053699402929871076
59965.869808543874,44420.87080854387,-83271.0524804016,20.28820525344777,431.508,4928,0.47026527456655964,0.055082406433047
59949.94041456157,44404.941414561574,-83265.29062179285,20.287743301022285,431.536,4929,0.4708815976143294,0.056465182579936476
59931.0806883236,44386.0816883236,-83264.54603371686,20.287196368961386,431.58,4930,0.47149613618714936,0.057843955096904535
59912.929695308114,44367.93069530811,-83268.55524720001,20.286669990163936,431.625,4931,0.47210699686781943,0.05921447593230056
59899.44538030345,44354.446380303445,-83273.4444196138,20.2862789450288,431.651,4932,0.47271213844998883,0.060572165456232493
59889.897773246514,44344.89877324652,-83279.60892161862,20.28600206442415,431.678,4933,0.47330985100220757,0.061913187283820004
59883.44825386667,44338.44925386667,-83285.18858053334,20.285815028362133,431.705,4934,0.47389851789188864,0.06323391435456664
59879.063125661545,44334.06412566155,-83287.76412293965,20.285687859644185,431.856,4935,0.47447647109337887,0.06453060430301337
59912.147206338464,44367.14820633846,-83282.74847796925,20.286647297983816,432.448,4936,0.47504221754435083,0.06579990730964642
59915.718911466676,44370.71991146667,-83282.56441386668,20.286750877432535,432.458,4937,0.4755944628694315,0.06703891932699041
59920.819956067615,44375.82095606762,-83282.78369790423,20.28689880772596,432.465,4938,0.47613175204093,0.06824437586965673
59925.84060686897,44380.84160686897,-83282.77524720001,20.2870444065992,432.489,4939,0.47665285462955764,0.06941351635895715
59929.31913732337,44384.320137323375,-83282.66085467665,20.287145283982376,432.512,4940,0.47715680863319726,0.0705441824566862
59931.896372706986,44386.89737270698,-83283.71710766513,20.2872200238085,432.556,4941,0.4776426598109374,0.07163423323760101
59934.49641146667,44389.49741146667,-83285.13108053335,20.287295424932534,432.583,4942,0.4781092667211754,0.0726811077748841
59936.808108436366,44391.80910843637,-83286.9414290182,20.287362464144653,432.628,4943,0.4785557899142581,0.07368292268779712
59939.9253330353,44394.9263330353,-83288.30230602354,20.287452863658025,432.656,4944,0.4789815409378045,0.07463813337155142
59938.82731360735,44393.828313607344,-83287.76405453947,20.287421021094612,432.699,4945,0.47938589346917077,0.075545334615008
59939.23354480001,44394.23454480001,-83288.87444720001,20.2874328017992,432.727,4946,0.4797683450810088,0.07640339917725786
59941.974744800005,44396.9757448,-83290.80601643078,20.2875122965992,432.755,4947,0.4801284686594662,0.07721136878998826
59943.765163210046,44398.76616321005,-83291.7119836017,20.287564218733092,432.782,4948,0.48046589538023,0.07796841596270673
59942.49408977817,44397.49508977817,-83291.90729960176,20.287527357603565,432.828,4949,0.480780353258291,0.07867393047260167
59942.013701321746,44397.01470132175,-83292.10942111305,20.287513426338332,432.964,4950,0.48107163918872464,0.07932745663552171
59926.087620000006,44381.08862000001,-83295.47830320001,20.28705156998,433.644,4951,0.4813397724173927,0.0799290376312873
59926.8140053211,44381.8150053211,-83295.86907384222,20.287072635154313,433.653,4952,0.48158475420059454,0.08047867627851917
59926.8140053211,44381.8150053211,-83295.86907384222,20.287072635154313,433.661,4953,0.4818068311174323,0.08097692579959288
59927.04825461539,44382.049254615384,-83295.22295704616,20.287079428383848,433.669,4954,0.4820062341727462,0.08142430447462819
59927.04825461539,44382.049254615384,-83295.22295704616,20.287079428383848,433.675,4955,0.4821829127708046,0.08182069878755403
59926.544120000006,44381.54512000001,-83295.7143032,20.28706480848,433.681,4956,0.48233744025276887,0.08216739508079228
59925.106691770336,44380.10769177033,-83294.11535583159,20.28702312306134,433.722,4957,0.48247039727344404,0.0824656961055818
59924.36664512563,44379.36764512563,-83292.57309716986,20.287001661708643,433.747,4958,0.48258196094825645,0.08271599923629899
59923.61947714286,44378.62047714286,-83290.83644605715,20.286979993837143,433.79,4959,0.4826730616227952,0.08292039178688362
59924.800604771575,44379.80160477158,-83289.78597832691,20.287014246538376,433.799,4960,0.48274405349759814,0.08307966843807435
59927.814953333334,44382.81595333334,-83288.60763653334,20.287101662646666,433.842,4961,0.48279568917638616,0.08319551772395599
59933.51495333334,44388.515953333335,-83286.71430320002,20.287266962646665,433.869,4962,0.48282877820858355,0.08326975594141645
59941.61508534654,44396.61608534654,-83285.66271904159,20.28750186647505,433.896,4963,0.4828438668606737,0.08330360868840438
59949.34242,44404.343420000005,-83285.85270320001,20.28772595918,433.941,4964,0.4828420261257449,0.08329947883416394
59956.04191411765,44411.04291411766,-83288.17489143531,20.28792024450941,434.087,4965,0.48282459842912784,0.08326037823056896
59844.96798575095,44299.96898575095,-83363.49222833209,20.284699100586778,434.737,4966,0.48279196942812497,0.08318717213443663
59838.10993212632,44293.11093212632,-83382.39945772634,20.284500217031663,434.745,4967,0.48274516669396045,0.08308216599415665
59838.10993212632,44293.11093212632,-83382.39945772634,20.284500217031663,434.754,4968,0.4826852406508891,0.0829477165309467
59835.14020435863,44290.14120435863,-83388.06386788966,20.2844140949264,434.761,4969,0.48261333138964413,0.08278638164082734
59835.14020435863,44290.14120435863,-83388.06386788966,20.2844140949264,434.767,4970,0.4825304354328337,0.08260039711182775
59834.48612769137,44289.48712769138,-83392.90783603251,20.28439512670305,434.773,4971,0.48243762187157835,0.08239216154595662
59832.71072160001,44287.711721600004,-83398.33055970001,20.2843436399264,434.796,4972,0.482336214830967,0.0821646457368506
59831.899357963644,44286.90035796365,-83404.06797447274,20.284320110380946,434.837,4973,0.48222729158275857,0.0819202666405157
59830.45381148765,44285.45481148765,-83409.84715731237,20.284278189533143,434.881,4974,0.4821119917750862,0.08166158115995928
59828.5623317695,44283.5633317695,-83414.5291455051,20.284223336621316,434.908,4975,0.4819913823536924,0.08139098308384159
59828.15418313847,44283.15518313847,-83419.21524720002,20.284211500311017,434.935,4976,0.4818669693022984,0.0811118512219846
59825.738721600006,44280.73972160001,-83421.12824720002,20.284141451926402,434.962,4977,0.4817398825165982,0.08082672059692204
59824.592121600006,44279.5931216,-83423.87364720002,20.2841082005264,435.007,4978,0.4816112345295881,0.08053808727641479
59823.29453515933,44278.29553515933,-83426.74473872544,20.28407057051962,435.034,4979,0.48148222780710986,0.08024864910064511
59822.31928092204,44277.32028092204,-83428.66677262375,20.28404228814674,435.187,4980,0.48135406293156147,0.07996109968411966
59805.0928577227,44260.093857722706,-83466.38291019386,20.283542721873957,435.89,4981,0.4812279885237098,0.07967824041974304
59804.11919400719,44259.12019400719,-83468.85916822994,20.28351448562621,435.899,4982,0.4811048671517453,0.07940200655676986
59804.11919400719,44259.12019400719,-83468.85916822994,20.28351448562621,435.907,4983,0.4809857361642459,0.07913472547996178
59803.99527995295,44258.996279952946,-83469.48921261176,20.283510892118635,435.914,4984,0.48087161210127355,0.07887867788830459
59803.420993105625,44258.42199310563,-83469.89044724495,20.283494237800063,435.92,4985,0.48076358182729817,0.07863630225991354
59803.900391611984,44258.90139161199,-83469.97581493654,20.283508140356748,435.967,4986,0.4806621439520769,0.07840871727058904
59804.12012487273,44259.121124872734,-83470.91804683636,20.28351451262131,435.99,4987,0.4805684792641354,0.07819857212550634
59804.013049773916,44259.01404977392,-83470.14255276522,20.283511407443445,436.033,4988,0.480483265671742,0.07800738777278948
59804.319802663296,44259.32080266329,-83469.56079712405,20.283520303277236,436.06,4989,0.4804070175644487,0.07783631829162672
59805.309502863165,44260.31050286317,-83469.2899726737,20.283549004583033,436.105,4990,0.480340454561138,0.07768697821165335
59806.23103396364,44261.232033963635,-83469.47804683636,20.283575728984946,436.132,4991,0.48028437336795676,0.07756115501471024
59807.24327995295,44262.24427995295,-83469.01815378823,20.283605084118637,436.159,4992,0.4802392295778283,0.0774598708644651
59808.04739760001,44263.04839760001,-83468.49622865455,20.2836284035304,436.186,4993,0.4802050008595366,0.07738307565882806
59808.519750541185,44263.52075054118,-83468.90285967059,20.283642101765693,436.23,4994,0.48018203191912934,0.07733154277679578
59809.663211553496,44264.66421155349,-83469.91900878139,20.283675262135052,436.371,4995,0.48017043191684605,0.07730551712917604
