3271.375,3686.762,2959.167,3190.061,3069.082
3309.625,3702,2946.875,3163.572,3051.204
3274.5,3713.572,2953.562,3195.939,3053.184
3286.438,3699.643,2978.854,3240.837,3063.041
3299.062,3671.667,2936.667,3173.326,3074.837
3293.875,3682.881,2941.729,3202,3072
3299.75,3680.167,2972.438,3235.204,3052.898
3393.75,3689.595,2986.938,3266.572,3071.612
3436.625,3703.286,2966.104,3220.735,3085.653
3407.875,3681.952,2953.542,3187.388,3080.408
3420.312,3675.572,2942.75,3195.694,3063.979
3388.812,3689.072,2943.062,3240.531,3070.245
3366.312,3684.5,2936.708,3155.918,3063.51
3338.062,3688.072,2923.104,3160.184,3059.735
3342.188,3694.381,2930.938,3138.51,3054.143
3332.312,3667.214,2937.5,3163.51,3046.735
3298.25,3677.452,2914.917,3166.592,3066.326
3306.812,3676.024,2926.5,3241.551,3053.959
3265.75,3699.428,2946.521,3217.306,3045.877
3274.438,3677.643,2914.292,3234.592,3048.898
3311.625,3663.762,2939.521,3134.102,3053.551
3288.812,3672.976,2908.229,3137.531,3037.592
3306.5,3673.548,2922.958,3138.061,3060.184
3313.812,3670.619,2916.833,3162.592,3044.837
3331.5,3686.262,2909.646,3130.796,3045.796
3333.875,3677.405,2933.312,3146.939,3041.367
3348.312,3669.024,2950.458,3183.877,3045.531
3320.812,3681.619,2943.312,3166.347,3057.612
3318.812,3662.167,2941.521,3164.245,3053.306
3322.875,3640.667,2967.583,3212.286,3043.021
3282.375,3675.952,2936.125,3200.286,3054.674
3272.562,3694.905,2939.188,3210.898,3056.082
3268.875,3672.905,2942.146,3201.041,3046.061
3322.438,3662.357,2958.125,3200.367,3056.959
3303.312,3668.405,2938.792,3185.918,3031.082
3286.875,3654.286,2884.583,3110.816,3048.51
3298.875,3672.167,2907.625,3135.755,3042.939
3302.312,3671.952,2909.833,3107.694,3045.612
3260.375,3670.214,2920.604,3100.674,3049.51
3282.25,3667.5,2888.021,3110.245,3051.184
3272.812,3648.428,2885.354,3158.204,3046.163
3310.125,3644.238,2847.625,3138.694,3062.979
3297.312,3642.928,2896.271,3161.735,3054.857
3262.812,3638.762,2905.646,3201.265,3036.408
3257.125,3655.357,2909.125,3250.694,3045.979
3311.125,3662.31,2918.438,3206.979,3051.347
3265.25,3662.452,2914.104,3181.979,3047.286
3284.375,3650.143,2901.438,3145.428,3041.388
3263.438,3655.548,2907.979,3141.837,3033.326
3268.25,3653.476,2942.396,3236.123,3043.551
3288.75,3654.857,2919.229,3209.939,3032.959
3244.25,3675.833,2911.771,3175.082,3048.408
3270.625,3666.69,2903.5,3152.143,3038.612
3260.188,3666.262,2915.146,3154.306,3057.918
3265.438,3638.5,2925.229,3174.531,3046.572
3288.562,3676.428,2898.146,3128.347,3052.204
3244.812,3644.381,2896.208,3148.551,3048.592
3238.188,3638.786,2903.75,3165.102,3040.633
3251.875,3659.238,2904.708,3154.408,3030.428
3267.125,3639.024,2894,3207.939,3051.286
3293.562,3662.833,2913.021,3176.551,3032.735
3252.062,3648.333,2895.833,3153.959,3049.796
3269.812,3651.928,2905.271,3196.428,3036.245
3278.062,3653.31,2924.229,3175.551,3045.286
3301.125,3670.238,2912.208,3181.837,3037.633
3281.688,3671.357,2919.854,3219.612,3042.939
3276.125,3652.19,2915.417,3186.898,3029.633
3306.062,3677.167,2905.5,3135.612,3054.204
3265.562,3660.857,2908.812,3126.082,3027.469
3283,3669.095,2918.708,3143.816,3044.959
3272.312,3671.762,2903.688,3136.326,3045.265
3267.312,3681.976,2899.25,3146.714,3051.286
3257.688,3648.619,2907.396,3209.428,3045
3268.875,3653.786,2909.208,3183.143,3042.469
3291.25,3659.69,2906.083,3161.918,3026.898
3288.312,3678.143,2910.458,3194.531,3040.428
3288.562,3663.548,2917.104,3160.898,3049.653
3308.375,3659.286,2916.438,3183.286,3049.551
3271.875,3674.952,2907.604,3134.775,3044.735
3321.812,3665.595,2924.542,3138.816,3057.959
3331.875,3663.833,2934.375,3168.592,3064.837
3305.75,3669.381,2928.958,3198.204,3058.959
3318.125,3670.119,2920.646,3176.388,3050.184
3345.75,3677.595,2927.625,3196.979,3051.959
3314.75,3649.857,2914.042,3180.592,3060
3322,3671.143,2933.333,3201.714,3058.286
3315.938,3674.238,2939.188,3206.143,3068.775
3332.188,3678.738,2945.938,3213,3054.796
3294.062,3672.167,2942.542,3211.51,3050.388
3323.438,3659.786,2947.188,3179.449,3049.837
3294.688,3655.572,2932.312,3178.49,3051.082
3271.688,3666.976,2920.125,3199.326,3035.755
3292.25,3668.357,2936.708,3198.286,3050.612
3296,3671.19,2936.021,3210.469,3043.653
3278.75,3677.81,2956.333,3229.572,3050.877
3252,3691.738,2939.438,3188.572,3051.531
3267.062,3667.786,2946.917,3185.225,3040.143
3249.688,3676.048,2950.833,3229.837,3049.979
3275.188,3686.619,2954.75,3212.286,3043.245
3264.125,3691.976,2948.771,3143.755,3044.408
3253.562,3683.667,2951.542,3160.469,3034.674
3297.875,3679.119,2957.208,3173.918,3045.572
3283.562,3664.595,2953.938,3209.694,3038.286
3271.625,3674.928,2952.792,3222.612,3040.041
3267.812,3684.452,2973.896,3259.225,3049.061
3255.688,3692.548,2988,3257.633,3050.816
3261.5,3675.262,2960.083,3233.959,3032.979
3278.562,3679.19,2943.896,3193.612,3042.061
3265.875,3673.143,2954.75,3182.939,3050.102
3247.562,3692.667,2964.208,3238.837,3040.694
3244.125,3683.833,2984.458,3269.306,3023.428
3234.188,3668.095,2962.833,3208.796,3038.857
3214.125,3677.143,2966.542,3193.775,3031.572
3231.188,3679.905,2958.083,3190.286,3031.572
3240.938,3681.048,2953.833,3175.082,3037.021
3238.688,3677.619,2954.562,3192.714,3044.102
3258.438,3693.69,2965.375,3193.041,3037.265
3221.625,3704.643,2942.688,3212.265,3046.061
3235.562,3690.976,2948.438,3201.082,3033.674
3229.688,3679.143,2968.583,3218.837,3057.408
3239.875,3695.786,2962.708,3229.796,3031.939
3247.875,3699.881,2967.958,3251.755,3051.061
3276.562,3702.905,2981.875,3219.408,3028.428
3251.688,3703.952,2971.333,3213.653,3024.184
3289.938,3699.143,2987.667,3153,3037.041
3287.125,3675.167,2977.375,3161.082,3039.021
3326.562,3703.81,2987.312,3202.633,3047.306
3276.812,3701.31,2983.896,3179.204,3028.51
3341.625,3694.357,3000.208,3172.979,3042.347
3258,3699.262,2980.479,3192.939,3031.694
3283.312,3703.619,3013.396,3207.286,3031.225
3304.188,3676.881,2995.667,3210.959,3040.367
3271.125,3706.167,3003.625,3248.714,3036.939
3254.062,3677.595,3007.438,3252.755,3040.51
3274.125,3684.405,3024.583,3221.326,3038.449
3260.562,3694.119,3005.25,3176.775,3027.184
3254.188,3714.643,3016.417,3191.775,3045.123
3272.125,3691,2998.125,3162.531,3019.286
3297.5,3707.857,3005.479,3184.857,3032.245
3276.688,3726.857,3009.125,3216.735,3044.49
3286.688,3701.072,3003.396,3200.918,3041.735
3268.75,3725.214,3012.604,3174.347,3036.388
3279.688,3730.524,3024,3170.204,3023.674
3261.938,3712.31,3013.604,3209.021,3039.653
3248.625,3695.024,3025.083,3177.225,3029.918
3273.938,3696.428,3003.625,3177.857,3023.265
3284.625,3708.024,3036.167,3189.592,3020.939
3270.625,3709.928,3021.729,3188.49,3019
3261,3715.69,3025.021,3168.572,3030.021
3287.75,3710.81,3027.562,3198.653,3024.551
3246.375,3707.095,3030.188,3173.449,3045.674
3247.562,3700.333,3015.188,3179.694,3035.714
3304.062,3714.19,3041.854,3175.857,3023.388
3289.812,3726.976,3006.896,3181.408,3013.714
3267.625,3715.905,3005.062,3155.531,3026.265
3266.875,3710.072,3007.562,3195.898,3033.367
3316.188,3698.738,3015.729,3168.082,3047.49
3281.875,3710.572,3020.188,3169.408,3023.143
3292.625,3703.667,3008.5,3165.775,3027.755
3273.188,3686.428,3016.646,3182.633,3026.857
3287.125,3715.286,3010.333,3204.816,3033
3259.438,3703.667,3022.104,3200.143,3046.245
3266.562,3713,3016.312,3192.633,3018.123
3296.375,3722.119,3024.25,3165.245,3021.347
3303.875,3707.833,3024.542,3186.123,3037.857
3299.312,3706.548,3027.75,3178.326,3011.572
3283.562,3728.238,3036.729,3186.204,3047.204
3301.875,3723.833,3042.812,3184.755,3029.735
3314.25,3721.167,3033.542,3202.694,3032.306
3282.688,3733.19,3046.729,3203.428,3031.428
3306.625,3745.072,3039.188,3221.041,3033.408
3286.375,3730.119,3029.479,3205.959,3021.225
3251,3706.572,3037.875,3194.531,3043.061
3269.625,3711.476,3042.688,3172.225,3035.408
3276.125,3721.714,3033.896,3188.449,3028.959
3265.125,3728.881,3027.188,3187.021,3030.898
3250,3716.81,3037.625,3191.939,3018.163
3266.938,3709.762,3043.375,3218.837,3031.408
3283.812,3721.095,3032.625,3165.796,3022.408
3261.125,3703.19,3036.917,3162.653,3033.021
3262.188,3691.286,3035.188,3171.388,3027.796
3270.562,3732.643,3038.104,3180.796,3030.041
3272.625,3720.976,3046.438,3209.531,3030.51
3255.25,3719.333,3040.812,3194.184,3021
3275.375,3726.476,3057.583,3188.714,3014.796
3270.5,3721.786,3043.167,3172.225,3036.449
3265.75,3718.262,3047.979,3188.551,3024.204
3251.5,3745.619,3047.292,3179.796,3021.061
3256.625,3730.952,3046.292,3161.959,3024.837
3293.938,3735.762,3046.521,3176.653,3023.633
3273.188,3731.833,3039.5,3154.204,3030.51
3261.75,3742.333,3042.521,3171.326,3013.286
3245.375,3728.667,3041.125,3237,3014.674
3274.438,3720.476,3037.958,3208.857,3012.959
3264.625,3725.572,3067.812,3211.021,3008.633
3238.938,3729.81,3051,3173.347,3015.918
3280.312,3727.238,3049.333,3143.102,3033.816
3282.125,3731.524,3052.875,3145.857,3000.225
3314.312,3731.524,3054.042,3138.653,3018.021
3286.875,3727.048,3044.958,3172.755,3017.959
3292.062,3743.643,3041.438,3179.245,3011.918
3276.188,3735.214,3041.188,3151.163,3001.163
3289.375,3741.595,3044.375,3142.572,3001.837
3297.125,3744.072,3044.854,3160.184,3012.123
3301.188,3736.643,3035.312,3161.041,3005.245
3305.562,3713.881,3063.583,3158.123,3010.755
3273.062,3731.762,3042.729,3160.857,3034.041
3270.438,3706.572,3048.083,3163.939,3000.714
3320.562,3730.119,3051.562,3119.367,3018.735
3298.5,3736.595,3050.104,3158.857,3003.572
3282.562,3737.167,3037.354,3168.735,3030.225
3333.938,3742.333,3052.354,3188.592,3018.592
3263.875,3713.69,3043.688,3183.755,3009.694
3247,3711.952,3043.583,3169.041,3003.102
3275.562,3735.238,3037.458,3145.245,3001.49
3266.75,3742.738,3026.042,3141.469,3013.837
3299.188,3726.81,3034.5,3174.286,3007.123
3276.625,3728.476,3046.875,3151.714,2997.347
3271.938,3733.095,3038.604,3144.021,2999.877
3290.75,3734.643,3037.438,3183.184,3029.735
3286.438,3773.214,3040.729,3169.49,3012.714
3293.062,3747.643,3041.938,3146,3010.265
3281.5,3738.286,3035.125,3124.021,3011.143
3291.375,3737.714,3050.354,3147.123,3013.633
3277.125,3744.167,3056.354,3178,3002.674
3292.375,3717.31,3043.146,3155.306,3022.102
3274.75,3737.928,3065.292,3141.572,2986.877
3285.375,3728.357,3052,3168.143,3009.796
3289.688,3740.786,3045.333,3141,2995.714
3323.188,3725.214,3044.146,3165.326,2989.408
3303.438,3727.81,3056.604,3166.939,2997.021
3325.562,3740.452,3066.979,3170.939,3006.898
3308.875,3735.786,3076.729,3181.061,3007.979
3332,3744.119,3067.625,3147.225,3014.592
3358,3743.738,3047.104,3136.163,3008.939
3334.875,3720.619,3067.417,3137.674,3004.163
3348.312,3738.976,3065.104,3175.837,3017.204
3362.688,3730.714,3073.458,3198.775,3009.021
3359.625,3736.214,3056.208,3146.633,3010.265
3336,3752.286,3054.021,3174.633,3012.021
3317.562,3748.786,3044.396,3151.531,3021.49
3322.438,3734.714,3042.542,3170.877,2999.245
3316.938,3754.095,3053.333,3170.755,3009.49
3354.438,3722.928,3060.354,3174.265,3009.775
3363.188,3728.905,3067.292,3181.653,3026.49
3341.812,3725.333,3051.792,3182.816,3020.612
3306.125,3748.476,3047.271,3179.959,3016.286
3308.188,3738.262,3064.438,3144.388,3010.898
3313.625,3749.333,3055.458,3143.041,3013.877
3282.562,3722.428,3061.146,3152.979,3003.204
3290.438,3761.738,3068.167,3172.428,3023.531
3290.25,3727.19,3051.312,3161.449,3005.061
3290.875,3735.976,3052.188,3142.775,3012.469
3289.375,3724.952,3047.5,3135.184,3003.408
3296.875,3751.81,3046.667,3141.021,2995.959
3308.812,3738.762,3055.896,3136.939,2995.796
3300.25,3745.072,3047.521,3140.061,3004.918
3277.812,3745.119,3043.854,3139.633,3013.592
3290,3733.19,3047.917,3135,3007.021
3278.062,3732.69,3064.583,3130.877,2997.469
3276.562,3738.857,3048.542,3152.347,3014.143
3272.562,3747.19,3065.896,3149.531,2992.102
3274.188,3725.714,3040.729,3133.735,3007.755
3299.125,3728.762,3049.229,3146.674,3009.755
3308.438,3711.143,3048.542,3138.714,3001
3340.688,3730.524,3057.458,3157.939,3010.102
3306.188,3739.19,3038.062,3150.612,3003.775
3329.312,3733.762,3036.938,3134.286,3012.082
3308.562,3729.857,3060.25,3136.979,3004.163
3308.25,3724.762,3041.688,3147.021,3020.939
3321.625,3732.143,3050.688,3149.286,3015.592
3286.062,3732.167,3061.917,3152.796,3013.755
3284.125,3721.833,3051.479,3153.551,3021.816
3312.312,3725.167,3051.562,3135.388,3002.306
3310.812,3698.69,3038.104,3145.184,3016.979
3288.688,3735.262,3043.208,3150.653,3002.653
3299.875,3723.333,3037.375,3148.143,3010.123
3334.375,3705.333,3033.396,3131.061,2992.367
3294.25,3730.643,3029.083,3127.245,3003.286
3305.5,3746.048,3036.25,3118.959,2999.714
3280.438,3697.048,3055.417,3131.469,2998.408
3282.125,3715.262,3046.125,3128.572,3008.326
3261.375,3715.643,3036.479,3141.286,3005.347
3301.062,3706.881,3023.938,3139.531,2989.51
3276.75,3716.214,3030.062,3125.49,3009
3315.188,3711.762,3050.25,3132.347,3014.877
3281.062,3698.214,3054.979,3116.898,3002.245
3287.812,3707.833,3043.312,3114.204,2984.572
3283.562,3716.952,3045.875,3092.245,2995.306
3317.125,3724.714,3045.75,3132.939,3002.918
3301.938,3706.952,3037.604,3156.653,3003.959
3351.5,3722.31,3042.521,3142.633,2998.204
3321.688,3689.524,3043.479,3134.123,3005.306
3358.375,3704.786,3048.646,3130.021,3010.592
3319.938,3705.238,3052.625,3129.306,3003.796
3330,3745.976,3048.833,3156.367,3017
3343,3728.714,3061.792,3157.959,3023.714
3324.562,3733.952,3047.938,3147.143,3036.021
3297.125,3695.5,3016.479,3124.612,3009.551
3303.5,3706.524,3023.208,3116.469,2988.775
3339,3724.357,3039.583,3126.816,2990.959
3313.688,3721.405,3039.292,3123.674,2998.837
3308.875,3715.381,3030.25,3115.163,2993.204
3306.688,3690.238,3042.375,3113.286,2993.531
3309.375,3725.762,3037.042,3110,3006.572
3365.688,3706.572,3029.5,3103.204,2989.51
3333.625,3696.072,3033.521,3091.918,2997.428
3400.125,3702.762,3049,3124.531,3010.388
3528.438,3734.072,3098.958,3157.898,3036.939
3600.375,3780.928,3148.812,3234.694,3073.286
3682.688,3810.619,3189.542,3297.694,3078.918
3743,3801.262,3210.896,3316.918,3101.184
3876.938,3820.572,3266.188,3382.204,3119.877
3971.812,3819.857,3328.646,3460.796,3157.184
3986.062,3839.452,3340.708,3504.286,3173.469
3943,3836.714,3331.25,3531.388,3186.572
4007.562,3840.405,3338.896,3506.775,3176.633
4065.875,3854.167,3345.042,3485.204,3208.388
4090.062,3849.619,3374.792,3531.123,3205.204
4134.938,3852.167,3381.042,3529.021,3245.49
4066.812,3868.572,3379.854,3529.306,3280.326
4087.812,3839.238,3373.875,3537.572,3271.714
4093.5,3849.524,3373.562,3564.939,3250.918
4152.5,3870.072,3362.812,3524.633,3279.326
4099.5,3881.214,3354.917,3528.469,3291.306
4121.688,3875.238,3360.458,3570.816,3289.898
4100.25,3864.881,3354.521,3570.204,3282.041
4127.312,3869.5,3349.771,3544.102,3283.265
4143.75,3864.452,3366.625,3507.469,3278.51
4135.812,3859.572,3341.667,3507,3298.449
4106.312,3846.667,3328.583,3460.918,3297.041
4074.812,3828.333,3323.333,3470.102,3303.102
4056.875,3848.476,3323.688,3471.367,3310.531
4101.438,3846.857,3315.083,3505.531,3303.428
4083.375,3850.357,3334.438,3520.225,3321.286
4119.938,3862.31,3333.188,3502.306,3308.469
4074.062,3806.286,3299.417,3454.408,3288.857
4079.875,3853.667,3310.333,3459.469,3296.306
4088.812,3870.905,3320.479,3460.245,3299.388
4104.25,3856.81,3314.271,3479.837,3298.49
4104.75,3846.524,3311.021,3534.531,3293.837
4050.938,3860.119,3320.958,3515.694,3317.877
4070.375,3828.262,3311.521,3460.775,3286.061
4070.438,3833.428,3295.792,3464.775,3300.816
4067.312,3841.333,3300.208,3465.979,3300.816
4063.688,3832.262,3288.479,3452.796,3299.653
4016.812,3845.952,3289.229,3430.061,3298.143
4030,3836.833,3284.25,3416.408,3298.286
4003.312,3843.452,3288.896,3392.898,3295.775
4010.75,3820.5,3279.312,3477.775,3309.061
4028.312,3855.572,3279.458,3430.694,3293.082
4010.062,3818.381,3269.25,3452.428,3297.347
4006.812,3839.928,3249.583,3406.918,3291.531
4020.188,3833.381,3277.667,3431.572,3282.082
3977.062,3828.881,3262.125,3378.837,3272.877
4003.062,3834.333,3259.271,3360.714,3303.755
3992.125,3816.286,3246.292,3361.592,3282.082
3971.625,3816.428,3242.042,3356.735,3284.286
3998.312,3826.762,3241.583,3397.306,3275.286
4007.562,3817.619,3216.688,3411.796,3277.061
4042.375,3820.524,3233.021,3423.102,3290.326
3964.25,3785.214,3238.375,3413.021,3288.061
4039,3800.048,3250.625,3408.735,3307.755
4016.812,3812.595,3223.771,3424.449,3279.51
3942.5,3822.428,3244.417,3387.735,3294.714
3918.938,3824.31,3241.792,3399.163,3296.572
3868.25,3796.286,3205.812,3429.204,3270.163
3860.438,3820.619,3195.021,3456.572,3253.061
3779.5,3824.69,3193.583,3451.306,3255.428
3760.562,3799.952,3178.146,3439.163,3241.286
3679.625,3791.5,3157.833,3401.469,3236.898
3663.938,3766.286,3148.646,3362,3218.204
3638.5,3787.643,3131.771,3342.551,3199.857
3607.188,3762.405,3127.771,3323.796,3215.694
3595.375,3757.428,3117.958,3313.306,3206.102
3582.625,3764.81,3108.146,3311.143,3209.531
3532.875,3757.214,3085.583,3319.694,3194.612
3507.625,3767.214,3096.688,3306.306,3188.306
3491.375,3757.976,3091.542,3300.469,3184.51
3479,3755.952,3083.167,3291.245,3176.061
3484.562,3764.69,3090.875,3322.265,3167.51
3466.562,3750.286,3062.688,3319.326,3165.877
3469.312,3730.738,3054.625,3304.265,3154.694
3464.938,3741.119,3034.875,3320.102,3151.082
3442.312,3732.405,3031.771,3283.49,3152.837
3433,3741.143,3041.979,3252.714,3146.245
3444.812,3735.786,3015.979,3231.428,3148.51
3418.375,3730.881,3002.25,3223.184,3142.184
3424.562,3724.643,3014.042,3252.612,3133.469
3411.625,3727.881,3020.917,3207.857,3136.49
3413.625,3720.095,3002.75,3233.428,3107.286
3395,3705.643,2997.5,3235.633,3120.979
3377.375,3718.667,3008.021,3230.612,3112.021
3358.062,3722.286,3010.604,3190.612,3115.592
3370.875,3718.428,3003.625,3214.572,3124.979
3399.938,3718.857,3004.604,3222.326,3112.245
3340.062,3716.095,2984.667,3194.918,3099.939
3343.125,3696.428,3002.625,3232.143,3106.694
3338.5,3712.167,3014.333,3218.796,3111.449
3298.688,3702.976,3016.375,3197.775,3101.653
3324.312,3707.881,3005.646,3180.286,3107.714
3343.375,3717.143,3001.958,3196.184,3079.388
3301.75,3706.524,2985.104,3199.735,3072.633
3310.688,3678.952,2986.896,3166.184,3087.653
3320,3704.19,2988.042,3192.367,3101.572
3293.875,3680.548,2988.167,3167.531,3080.694
3303.188,3685.286,2974.875,3163.775,3100.469
3290.188,3693.214,2977.812,3170.572,3079.061
3329.812,3682.905,2982.542,3220.388,3080.755
3280.062,3715.095,2986.021,3199.51,3079.061
3293.875,3703.572,2991.458,3165.612,3071.979
3273.562,3700.857,2980.167,3176.694,3080.143
3283.875,3702.5,2972,3180.306,3076.143
3283.312,3699.833,2969.104,3197.775,3075.347
3272,3687.333,2957,3168.061,3080.265
3263.125,3688.738,2966.479,3176.837,3086.592
3277.5,3685.048,2968.792,3188.653,3070.796
3297.25,3686.452,2955.146,3186.428,3066.674
3264.5,3683.214,2962.125,3176.755,3067.592
3280.688,3691.476,2951.438,3168.796,3046.612
3296.562,3689.19,2951.896,3175.367,3049.959
3232.812,3688.333,2959.688,3149.857,3058.245
3278.875,3673.548,2980.146,3153.143,3054.021
3263.75,3695.762,2956.833,3140.939,3060.245
3263.562,3662.048,2960.104,3149.347,3033.633
3268.312,3697.786,2955.292,3159.184,3058.694
3255.688,3677.357,2967.396,3150.918,3054.898
3259.125,3683.048,2975.604,3148.286,3048.286
3259.812,3665.428,2956.271,3140.714,3049.796
3298.062,3689.524,2961.354,3125.735,3049.286
3309.438,3679.119,2962.604,3104.51,3042.367
3285.812,3686.452,2977.208,3115.755,3036.755
3252.125,3685.619,2952.854,3126.592,3049.959
3274.062,3671.119,2968.458,3113.143,3038.898
3275.688,3689.143,2978.958,3135.041,3050.082
3280.438,3670.262,2969.729,3104.755,3037.49
3246.812,3674.31,2981.583,3116.428,3035.857
3259.5,3655.095,2974.708,3097.102,3041.347
3257.375,3686.881,2960.708,3121.939,3024.775
3302.312,3654.952,2917.854,3107.959,3041.306
3267.125,3683.595,2974.979,3095.306,3056.408
3263.5,3680.69,2961.562,3114,3039.184
3282.188,3680.214,2978.146,3095.918,3028.939
3271,3667.572,2960.833,3127.469,3055.347
3276,3660.952,2967.917,3094.877,3020.572
3264.25,3689.452,2943.771,3088.531,3022.918
3272.438,3675.381,2981.562,3105.102,3033
3269.688,3674.857,2959.688,3086.939,3029.592
3271.562,3654.095,2957.312,3084.612,3021.265
3252.562,3680.952,2950.292,3092.694,3022.041
3315.188,3679.238,2971.896,3107.082,3036.102
3271.875,3646.738,2960.688,3121.428,3028.939
3271.625,3681.428,2953.708,3105.326,3019.714
3294.562,3658.928,2964.083,3125.918,3022.286
3275.562,3684.643,2960.062,3123.347,3006
3310.688,3675.357,2972.312,3122.286,3000.51
3293.5,3678.119,2949.354,3101.694,3026.51
3266.812,3659.81,2965.812,3099.531,3028.061
3255.938,3669.714,2971.688,3134.877,3017.796
3296.125,3664.333,2968.854,3110.408,3010.551
3305.938,3676.167,2967.104,3088.245,3003.857
3301.625,3678.095,2969.104,3102.939,3026.775
3272.875,3663.024,2967.354,3102.898,3020.857
3303.188,3666.143,2952.604,3104.123,3011.979
3295.125,3658.19,2961.083,3106.408,2996.877
3292.562,3664.238,2964.979,3113.245,3019.51
3286.188,3661.667,2962.854,3080.755,3015.572
3274.312,3649.286,2944.854,3088.49,3020.123
3279.125,3655.5,2964.333,3106.061,3019.286
3309.188,3669.024,2979.354,3093.837,2994.184
3320.875,3660.214,2953.417,3095.959,3014.633
3296.938,3653.19,2974.792,3087.326,2996.163
3286.375,3677.81,2968.354,3114.755,3025.49
3320,3658.476,2954.812,3082.143,2981.653
3301.688,3667.548,2978.667,3116.123,3004.245
3319.938,3667.31,2966.458,3116.306,2998.143
3306.312,3656.167,2959.5,3127.225,2996.877
3304.438,3653.476,2970.729,3093.775,3014.367
3281,3654.428,2972.542,3069.694,3020.123
3321.875,3666.714,2952.896,3101.306,3003.061
3317.812,3668.167,2973.062,3114.612,3017.225
3280.375,3652.262,2984.833,3094.163,2997.531
3310.312,3658.262,2983.854,3082.388,3013.163
3305.562,3651.714,2970.625,3092.163,3001.653
3304.062,3650.714,2965.75,3102.163,3005
3308.188,3640.048,2972.083,3104.735,2994.225
3312.25,3642.833,2973.188,3100.898,3016.082
3314.938,3667,2967.312,3073.979,2994.225
3315.688,3663.428,2966.479,3089.592,3003.123
3314.812,3667.428,2956.646,3065.592,3003.796
3289.5,3665.452,2952.604,3074.857,2983.898
3304.688,3620.905,2969.312,3073.163,2994.959
3300.562,3643.381,2977.75,3087.061,3006.531
3296.062,3661.024,2959.417,3105.918,2988.877
3268.812,3648.786,2958.604,3114.877,2986.408
3282.375,3658.548,2979.625,3108.735,2996
3297,3651.857,2971.354,3074.204,2998.102
3331.375,3643.428,2984.25,3087.449,2983.326
3339.188,3661.214,2986.5,3090.428,3003.633
3285.75,3644.81,2971.812,3077.184,3007.265
3325.25,3662.143,2978.771,3087.061,3000.755
3310.688,3658.238,2975.167,3071.184,3017.102
3308,3668.857,2978.083,3070.714,3002.265
3289.75,3649.119,2969.729,3075.061,2990.775
3293.375,3659.5,2956.75,3066.428,2989.408
3295.938,3644.738,2983.521,3037.796,2985.326
3299.062,3648.357,2969.292,3072.653,3010.49
3311.188,3664.976,2981.438,3099.898,2989.347
3308,3651.476,2976.375,3105.633,2987.326
3311.188,3654.095,2968.75,3067.877,2990.184
3295.125,3637.976,2973.583,3087.184,2982.939
3295.938,3657.595,2981.938,3077.143,2999.428
3285.688,3641.405,2973.396,3065.143,2990.51
3309.375,3655.714,2976.333,3073.388,2987.265
3282.625,3657.738,2983.417,3076.775,2995.898
3332.812,3647.69,2982.396,3109.694,2988.347
3305.25,3648.333,2975.646,3093.469,3002.898
3288.312,3649.857,2974.417,3091.225,2975.184
3266.25,3661.833,2966.333,3089.633,2987.469
3277.688,3671.881,2973.062,3086.204,2990.225
3292.562,3643.69,2968.688,3081.469,3014.674
3347.625,3648.548,2956.354,3081.245,2985.898
3305.688,3649.286,2972.708,3081.612,2993.265
3302.062,3644.881,2968.646,3099.123,2996.428
3291.25,3644.69,2964.479,3079.061,2978.735
3288.125,3652.072,2963.688,3070.939,2990.694
3278.25,3631.595,2984,3079.286,2986.245
3310.75,3657.214,2966.375,3075.163,2975.979
3336.188,3638.952,2981.354,3111.592,2988.49
3304.5,3639.952,2982.25,3090.347,2975.245
3293.562,3652.048,2967.792,3084.898,2973.898
3300,3651.786,2979.896,3072.653,2973.939
3316.812,3645.405,2974.125,3090.837,2983.082
3301.25,3664.286,2974.854,3072.918,2996.306
3298.312,3673.714,2957.542,3069.51,2997.102
3335.5,3659.357,2978.583,3070.428,2995.979
3321.188,3664.5,2960.771,3088.367,3000.408
3331.125,3652.214,2961.417,3064.694,2982.816
3304.562,3652.548,2955.5,3071.204,2996.245
3323.938,3673.667,2977.938,3081.306,2990.347
3335.938,3675.31,2957.833,3082.612,3003.898
3337.75,3657.738,2966.854,3052.531,2989.061
3331.375,3660.928,2963.708,3071.449,2977.572
3342.812,3656.643,2968.25,3072.572,2987.102
3334,3670.238,2965.396,3069.061,2995.572
3349.375,3647.762,2990.208,3079.021,2995.775
3330.625,3648.762,2978.979,3080.408,3006.245
3329.688,3666.81,2996.667,3086.225,2986.143
3360.062,3667.905,2985.625,3079.347,2994.551
3353.812,3652.381,3008.042,3080.021,2985.735
3298.562,3672.31,2976.604,3081.306,2984.123
3319.438,3660.833,2980.708,3078.735,2973.796
3357.188,3647.405,2980.333,3097.347,2988.225
3331.75,3654.286,2963.312,3069.775,3006.51
3314.438,3678.976,2976.188,3060.367,2980.694
3314.875,3672.928,2996.083,3087.531,2991.531
3294,3656.19,2980.125,3101.163,2967.612
3296.25,3675.381,2977.833,3079.714,2983.898
3326.812,3648.667,2993.542,3073.265,2974.469
3298.75,3654.405,2968.25,3057.735,2972.572
3323.875,3666.762,2983.354,3072.163,2992.306
3317.25,3676.214,2985.896,3077.061,2982.367
3325.5,3686.976,2994.896,3059.469,2972.225
3330.625,3664.238,2983.042,3050.939,2981.51
3303.062,3685.286,2986.188,3067.388,2979.041
3310.5,3676.405,2970.917,3062.898,2987.592
3314.938,3654.405,2992.625,3052.388,2994.857
3289,3671.69,2965.792,3093,2981.143
3326.25,3676.31,2994.104,3067.898,2983.286
3341.375,3681.143,2962.458,3069.408,2979.979
3298.5,3666.19,3002.146,3075.061,2985.49
3337.5,3656.19,2952.979,3080.674,2982.184
3315.062,3664.905,3012.812,3095.286,2980.775
3329.938,3680.357,2995.896,3065.857,2986.51
3310.25,3666.428,3015.917,3067.816,2976.531
3343.812,3666.572,3012.854,3058.041,2981.388
3314.188,3678.286,2967.521,3098.021,2987.551
3328.688,3692.643,2997.75,3091.918,2986.428
3354.312,3665.381,2976.521,3096.428,2990.388
3332.5,3673.381,3000.438,3071,2977.816
3323.812,3667.072,3019.333,3068.347,2982.674
3347.312,3683.952,2978.25,3099.837,2970.572
3341.312,3674.286,3014.208,3083.939,2994.265
3347.938,3699.357,3014.708,3071.347,2985.796
3331.812,3679.262,2999.375,3068.041,2985.204
3328.688,3676.714,3022.708,3084.714,2981.388
3320.5,3683.428,3010.104,3069.326,2976.061
3337.625,3688.786,2991.375,3070.204,2981.021
3321.438,3675.857,3011.104,3081.082,2990.306
3321,3678.167,2996.812,3074.102,2983.612
3350.125,3664.333,2995.833,3075.572,2977.021
3308.875,3675.333,3010.333,3088.469,2967.918
3275.438,3691.381,3005.854,3084.163,2976.163
3277,3688.928,3016.375,3089.592,2981.245
3345.312,3665.19,3012.271,3085.857,2987.184
3308.625,3675.762,3003.562,3101.041,2986.021
3329.812,3672.333,2997.208,3091.326,2976.225
3315.25,3702.643,3004.375,3116.51,2980.021
3318.125,3686.31,3003.354,3121.531,2992.082
3333.062,3708.5,3015.208,3107.592,2980.367
3323.562,3684.238,3011.354,3106.408,2974.469
3351.125,3685.905,3004.854,3088.979,2997.265
3302.562,3695.928,3016.312,3073.49,2980.449
3315.5,3697.452,3003.854,3078.572,2970.286
3319.5,3690.548,3019.646,3081.755,2977.306
3329.5,3707.952,3006.521,3074.775,2983.612
3321.875,3686.738,3003.979,3087.388,2972.714
3327.5,3694.548,2998.708,3085.959,2970.877
3324.75,3697.667,3014.667,3068.653,2960.245
3338.812,3681.667,3003.375,3105.592,2971.51
3330.312,3688.476,3012.646,3075.286,2975.816
3344.188,3689.643,3007.646,3068.694,2982.551
3321.25,3699.595,3002.917,3075.572,2984
3357.062,3692.928,3008.812,3091.061,2978.694
3323.812,3694.976,3000.062,3133.225,2986.714
3325.375,3682.572,3017.292,3112.775,2961.979
3319.25,3701.905,3020.125,3115.184,2967.592
3353.562,3698.595,3021.125,3094.102,2980.551
3340.75,3699.381,3010.792,3058.49,2975.163
3349,3694.31,3020.396,3091.572,2979.061
3358.5,3707.5,3007.125,3099.061,2976.633
3348.312,3697.667,3009.021,3101,2977.326
3331.625,3691.405,3015.625,3082.653,2981.204
3334.75,3716.452,3016.688,3109.633,2991.633
3340.5,3684.572,3020.604,3119.898,2981.306
3344.75,3714.357,3011.521,3105.204,2979.918
3329.5,3715.762,3026.021,3098.367,2965.367
3370.125,3713.928,3016.688,3092.102,2980.531
3343.562,3716.833,3015.458,3086.877,2982.428
3355.562,3702.762,3025.833,3079.959,2971.857
3326.25,3714.119,3016.333,3090.021,2973.082
3321.312,3714.5,3023.729,3089.326,2975.021
3341.875,3712.31,3016.667,3079.551,2968.939
3340.875,3721.31,3013.167,3107.877,2975.674
3310,3709.262,3023.979,3091.49,2978.184
3349.312,3689.857,3025.875,3076.572,2975.286
3330.812,3712.119,3037.062,3067.082,2979.633
3310.375,3713.928,3020.812,3081.592,2961.816
3362.688,3714.214,3025.708,3121.877,2968.265
3332,3732.667,3021.104,3095.816,2966.143
3315.062,3712.905,3015,3115.959,2969.469
3316.625,3722.976,3018.812,3098.469,2978.306
3303.625,3690.095,3007.146,3083.796,2967.551
3332.562,3712.333,3013.271,3081.367,2975.49
3332.5,3712.095,3023.25,3077.184,2967.082
3321.438,3713.5,3019.167,3106.082,2976.469
3314.812,3705.119,3009.979,3091.143,2966.898
3334.312,3702.31,3034.125,3082.612,2967.184
3316.812,3732,3032.438,3083.959,2978.245
3320.312,3723.81,3010.667,3073.551,2973.428
3311.438,3710.548,3009.542,3085.551,2957.796
3328.062,3722.572,3005.979,3080.877,2976.653
3323.688,3723.667,3010.583,3087.959,2963.082
3288.438,3735.572,3026.417,3109.918,2986.714
3299.5,3727.714,3011.271,3109.796,2972.143
3280.312,3722.072,3033.458,3118.163,2967.959
3289.25,3711.286,3023.75,3093.572,2970.163
3319.375,3740.214,3012.896,3096.531,2954.367
3286.562,3726.595,3014.229,3118.816,2969.531
3314.562,3704.167,3011.312,3100.225,2966.694
3318.062,3718.238,3004.917,3081.49,2972.143
3326.5,3720.667,3031.167,3102.265,2978.347
3306.562,3717.476,3010.5,3104.021,2977.898
3351.375,3738.072,3031.021,3106.347,2959.796
3334.375,3721.833,3019.25,3089.286,2958.184
3318.875,3705.667,3024.667,3102.326,2973.061
3343.188,3745.738,3010.625,3094.041,2968.204
3345.125,3724.19,3026.104,3110.286,2971.837
3433.25,3728.905,3044.062,3155.184,2988.469
3499.938,3720.714,3073.833,3187.408,3025.979
3583.062,3754.357,3091.417,3219.816,3026.49
3536.625,3734,3118.354,3223.714,3042
3506.5,3730.976,3100.542,3233.326,3007.653
3545.25,3729.452,3124.271,3242.245,3021.286
3595.75,3761,3163.917,3280.286,3030.428
3662.688,3797.286,3200.667,3308.837,3036.388
3693.188,3818.5,3213.208,3338.021,3038.898
3690.625,3818.357,3202.375,3362.143,3061
3671.688,3798.5,3189.833,3357.102,3065.428
3690.875,3799.31,3217.875,3360.082,3071.653
3748.938,3821.262,3244.542,3398.51,3066.286
3776.875,3834.833,3265.875,3421.082,3088.408
3785.25,3828.428,3262.021,3443.306,3080.551
3834.062,3825,3284.562,3450.653,3103.51
3852.125,3847.643,3299.708,3459.265,3106.123
3858.438,3849.143,3297.938,3426.388,3114.898
3875.438,3829.643,3306.438,3447.408,3115.347
3902.375,3816.714,3304.104,3464.612,3112.939
3872.625,3831.69,3323.292,3451.469,3113.184
3998.438,3838.214,3337.562,3473.775,3116.163
3999.562,3856.786,3341.333,3518.775,3145.326
3986.125,3869.072,3350.917,3487.143,3154.531
3968.875,3850.928,3354.333,3482.551,3146.551
4031.125,3853.214,3370.271,3479.694,3142.286
3965.062,3856.976,3337.625,3460.551,3147.755
4000.938,3831.333,3311.604,3452.123,3132.572
3983.438,3852.333,3348.229,3453.959,3149.796
4022.5,3848.643,3346.083,3483.633,3144.857
4069.562,3843.667,3359.479,3496.449,3166.123
4107.125,3834.286,3368.5,3500.326,3158.225
4089,3859.286,3365.562,3490.245,3145.082
4129.5,3872.143,3368.792,3510.572,3140.918
4125.812,3846.238,3369.708,3511.592,3160.061
4125.812,3862.072,3357.542,3516.265,3154.347
4104.188,3849.619,3380.25,3483.531,3169.184
4146.938,3861.143,3364.646,3492.939,3165.592
4145.5,3866.833,3364.708,3492.551,3160.49
4113.875,3853.428,3351.5,3493.367,3170.551
4080.062,3839.072,3345.854,3467.775,3148.388
4092.562,3834.881,3360.792,3493.816,3152.51
4187.625,3834.905,3355.438,3475.898,3161.612
4211.375,3867.881,3376.167,3515.857,3190.428
4181.812,3872.024,3380.208,3519.286,3176.326
4175.125,3847.714,3385.583,3535.796,3180.714
4156.688,3851.667,3345.75,3508.837,3180.837
4093.375,3866.833,3350.958,3497.469,3184.021
4157.5,3852.238,3368.375,3485.306,3194.735
4182.438,3864.833,3353.521,3480.674,3209.572
4168.375,3891.667,3370.979,3498.755,3215.225
4117.438,3869.952,3361.229,3513.775,3200.469
4136.438,3861.833,3341.875,3471.367,3168.245
4154.438,3879.405,3375,3516.184,3188.49
4150.938,3874.643,3360.146,3497.959,3190.837
4142.875,3876.69,3333.271,3483.347,3208.979
4151.25,3880.595,3369.938,3492.918,3204.469
4166.25,3862.381,3359.854,3521.49,3211.286
4125.125,3858.238,3367.438,3491.367,3210.041
4115.938,3894.19,3355.125,3486.796,3209.061
4103.312,3883.928,3344.625,3472.469,3192.041
4110,3885.643,3339.333,3501.306,3210.837
4140.938,3879.738,3367.146,3474.572,3220.531
4111.312,3879.524,3365.688,3482.388,3210.449
4112.812,3881.69,3360.125,3472.225,3218.816
4110.938,3886.024,3345.229,3453.49,3202.123
4115,3873.595,3354.021,3454.286,3229.347
4096.938,3861.286,3351.646,3481.204,3211.367
4029,3873.143,3336.104,3442.755,3218.082
4107.875,3876.619,3349.083,3466.102,3212.877
4053.812,3869.905,3356.958,3443.877,3226.755
4073.75,3870.238,3350.396,3482.612,3211.653
4019.875,3863.167,3342.5,3447.184,3213.245
4105.688,3872.333,3353.458,3438.102,3220.735
4079.875,3881.119,3362.438,3449.898,3225.143
4075.312,3880.5,3353.708,3449.653,3214.837
4067.375,3865.5,3348.062,3460.979,3223.551
4097.25,3875.524,3331.438,3459.408,3217.612
4105,3866.69,3344.417,3435.775,3239.265
4121.312,3881.286,3371.688,3425.041,3241.612
4124.625,3883.048,3372.125,3432.347,3249.388
4156.25,3879.786,3353.875,3442.939,3248.449
4081.438,3871.952,3354.396,3438.367,3236.021
4121.312,3854.572,3367.604,3437.959,3242.225
4074.25,3860.452,3365.458,3434.428,3254.612
4069.125,3870.072,3342.167,3457.225,3238.714
4061.375,3858.762,3358.125,3452.775,3244.306
4074.062,3830.048,3356.146,3436.51,3236.857
4086.75,3822.714,3362.062,3421.531,3240.674
4108.938,3843.69,3345.708,3425.612,3246.306
4111.812,3844.667,3338.312,3399.49,3246.163
4102.375,3851.31,3340.979,3430,3241.021
4112.188,3838.333,3336.062,3416.837,3231.551
4071.438,3842.857,3342.875,3406.102,3242.428
4010.5,3803.619,3328.229,3385.816,3240.531
4064.5,3828.619,3338.125,3409.877,3230.816
4075.75,3827.452,3332.979,3412.163,3221.225
4044.688,3800.31,3346.667,3390.102,3242.245
3990.75,3815.214,3331.875,3383.204,3225.388
4025.5,3812.762,3332.812,3391.592,3219.367
4044.5,3819.69,3329.312,3392.877,3221.674
4055.438,3806.786,3343.75,3362.49,3209.49
4108.25,3822.286,3330.646,3370.531,3233.367
4053.688,3818,3324.021,3387.51,3235.796
4069.562,3813.381,3332.75,3380.714,3242.286
4090.75,3800.381,3307.938,3380.306,3241.102
4095.625,3813.928,3324.312,3362.837,3237.816
4069.625,3813.762,3329.354,3384.449,3244.286
4081.062,3796.072,3331.271,3363.367,3248.326
4075.125,3810.095,3326.396,3354.51,3228.674
4077.75,3821.31,3326.104,3379.572,3233.979
4065.812,3813.69,3336.896,3364.816,3227.959
4083.438,3803.786,3324.833,3330.694,3237.551
4037.625,3796.19,3326.25,3345.959,3245.306
4046.938,3786.5,3317.771,3335.979,3245.857
4059.438,3786.952,3298.979,3365.163,3233.633
3973,3786.5,3348.021,3363.245,3209.633
3910.688,3798.405,3315.688,3378.531,3215.428
3883.375,3811.738,3345.479,3308.775,3240.143
3872,3781.81,3298.792,3307.633,3223.755
3830.438,3803.405,3294.75,3308.837,3224.877
3756.938,3810.167,3274.208,3356.388,3194.877
3748.062,3803.905,3291.896,3335,3176.123
3726.25,3790.667,3258.688,3336.388,3180.633
3711.438,3776.381,3230.604,3331.837,3189.388
3689.312,3801.262,3259.479,3324.796,3164.837
3665.875,3772,3226.896,3305.612,3179.918
3709.688,3778.952,3195.688,3304.449,3180.449
3686.25,3778.833,3226.271,3279.286,3151.572
3644.188,3772.381,3222.354,3282.388,3148.143
3642.625,3778.238,3209.979,3270.123,3152.306
3670.812,3772.286,3192.25,3250.408,3146.898
3598.125,3770.952,3185.542,3221.531,3152.898
3576.688,3765.69,3189.292,3263.367,3125.816
3555.562,3776.69,3160.917,3272.082,3147.898
3515.375,3778.381,3178.5,3290.408,3117.163
3507.812,3743.167,3165.104,3268.898,3148.082
3543.312,3752.643,3141.875,3269.041,3125.898
3501.875,3755.928,3158.062,3266.388,3116.143
3483.938,3741.833,3148.25,3252.469,3111.428
3505.625,3747.024,3137.208,3258.918,3122.143
3485.688,3759.5,3147.125,3272.694,3109.326
3518.375,3745.619,3122.229,3269.898,3092.837
3492.375,3735.476,3124.167,3237.612,3097.612
3472.812,3738.524,3127.979,3245.592,3096.021
3431.188,3748,3120.688,3229.061,3102.143
3456.438,3762.428,3137.562,3257.674,3085.898
3454.812,3708.214,3103.75,3247,3088.633
3378.188,3740.524,3115.5,3233.326,3092.123
3431.062,3722.786,3106.667,3230.49,3090.326
3389.625,3736.5,3091.375,3238.857,3094.326
3410.875,3729.381,3105.417,3222.326,3082.184
3394.5,3728.19,3098.688,3256.408,3079.388
3391.938,3726.19,3099.729,3239.816,3095.816
3376.75,3742.476,3086.083,3222.449,3084.979
3400.375,3715.286,3091.042,3225.428,3091.755
3384.375,3739.024,3082.208,3213.939,3062.775
3409.688,3718.119,3094.417,3227.694,3082.184
3392.875,3705.69,3088.125,3204.775,3066.347
3403.688,3736.905,3091.5,3207.612,3072.49
3407,3702,3083.562,3198.184,3060.694
3378.625,3732.857,3075.521,3208.123,3065.286
3403.25,3723.048,3073.75,3212.204,3061.204
3413.312,3721.952,3074.208,3220.347,3059.225
3409.812,3722.143,3083.042,3223.694,3051.163
3389.938,3718.595,3078.833,3237.469,3060.775
3410.562,3712.333,3067.479,3245.551,3063.061
3375.562,3717.31,3083.708,3186.265,3054.939
3399.75,3695.214,3058.271,3178.674,3050.877
3327.688,3739.381,3059.042,3187.694,3049.428
3355.125,3734.881,3062.75,3207.225,3053.898
3345.188,3716.643,3049.833,3193.877,3056.061
3372.938,3702.881,3048.792,3191.49,3030.082
3358.562,3701.667,3052.646,3189.612,3053.286
3367.875,3725.143,3058.625,3183.531,3049.265
3349,3727.5,3045.167,3181.49,3034.857
3358.438,3712.524,3061.417,3172.449,3037.326
3316.125,3708.833,3050.083,3174.123,3044.306
3362.188,3706.976,3028.875,3180.857,3026.612
3356.5,3679.524,3044.917,3168.653,3049.245
3339,3674.167,3046.271,3153.653,3035.877
3354.5,3690.81,3035.604,3157.347,3021.694
3356.875,3682.572,3033.812,3186.877,3041.674
3330.625,3692.952,3025.396,3164.531,3024
3358.438,3676.072,3028.708,3178.102,3012.612
3320,3690.262,3023.792,3161.877,3043.347
3344.062,3711.143,3020.812,3164.49,3026.021
3323.438,3672.428,3006.083,3157.408,3035.51
3345.562,3668.452,3011.292,3164.979,3033.469
3338.688,3679.928,3025.292,3150.49,3029.449
3323.562,3692.31,3014.958,3147.51,3014.694
3347.812,3706.405,3010.604,3155.102,3022.469
3359.562,3693.119,3003.292,3126.816,3043.184
3338,3702.572,3033.312,3156.163,3020.326
3348.812,3686.619,2994.292,3145.837,3009.918
3352.125,3686.524,3016.812,3134.184,3027.816
3342.062,3678.952,2997.312,3147.939,3026.082
3325.875,3674.667,3005.146,3145.551,3023.326
3333.125,3670.881,2999.729,3151.714,3031.326
3315.75,3648.881,3006.812,3147.857,3004.633
3307.125,3657.524,3005.208,3126.51,3000.572
3321.125,3687.286,2994.583,3140.959,3030.653
3326.938,3663.69,3002.771,3142.102,3013.204
3309.062,3684.833,3005.354,3134.082,3024.735
3326.438,3670.405,3002.146,3153.857,3004.245
3312.812,3673.095,3014.562,3147.592,3012.225
3317.75,3678.357,2992.896,3132.837,3015.633
3341.562,3670.667,2989.625,3132.367,3007.857
3346.562,3663.905,2995.875,3115.469,3017
3344.875,3666.167,2985,3130.612,2999.979
3346.812,3665.476,2992.667,3142.082,3019.082
3353.562,3644.857,2983.979,3137.796,3013.755
3327.5,3659.905,2974.938,3106,3009.959
3333.125,3625.833,2986.479,3117.408,2998.021
3351.812,3630.357,2989.271,3106.857,3013.959
3323.812,3659.81,2984.708,3119.061,3013.877
3346.562,3644.786,2997.208,3090.572,3002.143
3318.438,3644.524,2976.396,3096.306,3002.735
3332.438,3636.5,2976.542,3112.388,2999.939
3309.438,3637.333,2965.021,3115.388,3015.796
3328.062,3653.286,2970.292,3114.714,3006.796
3350,3648.31,2954.688,3113.102,2991.674
3338.875,3652.119,2979.562,3126.163,2994.082
3370.75,3647.762,2973.271,3128.347,2979.837
3343.438,3630.952,2968.375,3101.979,3006.755
3345.688,3635.714,2967.062,3097.694,3003.021
3294.812,3635.095,2963.146,3124.102,2997.796
3323,3637.643,2974.062,3104.796,2992
3317.5,3647.881,2956.562,3103.735,2986.572
3297,3609.595,2943.208,3117.326,3001.347
3317.188,3631.5,2968.042,3093.306,2996.204
3305.438,3609.857,2969.771,3105.939,2996.939
3310.938,3611.143,2969.25,3122.816,3012.225
3303.125,3637.405,2954.333,3114.204,2996.326
3299.812,3620.643,2955.417,3092.755,2993.428
3307.125,3614.19,2961.729,3088.796,3001.469
3317.125,3639.476,2951.479,3090.796,2986.551
3309.062,3621.262,2962.083,3078.898,2985.816
3312.562,3622.881,2953.354,3104.428,2992.633
3312.625,3619.69,2955.833,3081.796,3005.898
3330.5,3612.572,2971.25,3102.755,2985.265
3323.812,3622,2931.375,3119.041,2985.612
3302.25,3624.833,2958.208,3104.326,2983.163
3313.688,3609.714,2946.979,3108.735,2988.653
3326.875,3606.738,2949.438,3096.633,2992.184
3287.188,3613.857,2943.417,3093.816,2983.959
3336.938,3609.143,2962.958,3088.449,2980.572
3327.062,3601.333,2945.354,3088.265,2986.775
3315.938,3600.857,2935.583,3096.714,2989
3300.375,3597.619,2950.188,3090.857,2990.551
3321.812,3598.405,2955.292,3109.979,2991.653
3315.875,3617.667,2949.833,3085.123,2998.551
3312.5,3610.167,2953.167,3085.674,3000.367
3330.375,3611.428,2958.396,3070.979,2981.674
3327,3610.548,2948.75,3080.694,2975.408
3309.5,3602.857,2949.333,3059.449,2987.755
3331.812,3601.238,2950.438,3111.531,2982.123
3307.188,3598.333,2950.979,3107.49,2982.347
3315.688,3595.548,2948.188,3085.51,2985.531
3336.562,3592.667,2939.396,3076.816,2979.326
3344.812,3604.738,2954.417,3072.286,2979.021
3324.5,3600.714,2942.438,3084.163,2979.572
3315,3568.643,2938.583,3096.082,2982.674
3313.5,3554.072,2932.083,3092.041,2988.939
3324.812,3590.714,2939.771,3079.408,2978.469
3309.188,3602.905,2924.542,3087.755,2992.021
3296.25,3572.167,2925.479,3086.367,2992.898
3256.375,3599.69,2934.125,3117.245,2981.918
3260.938,3605.167,2938.958,3117.735,2989.714
3258,3612.405,2923.292,3098.735,2996.123
3271,3577.119,2938.562,3093.939,2991.837
3261.625,3584.119,2920.896,3098.877,2982
3277.75,3596.857,2934.792,3101.367,2982.551
3259.375,3579.643,2946.646,3103.633,2981.449
3285.125,3599.238,2934.958,3092.857,2978.775
3274,3594.072,2958.438,3090.592,2998
3272.375,3578.714,2930.583,3087.449,2985.469
3288.062,3604.452,2937.021,3085.653,2977.612
3286.375,3609.786,2936.833,3096.551,2988.674
3316.75,3586.357,2954.688,3101.286,2970.714
3298.75,3606.524,2932.417,3109.388,2977.877
3304.25,3595.048,2937.875,3105.388,2989.225
3288.5,3587.357,2957.146,3106.51,2979.633
3324.625,3592.5,2949.938,3093.204,2994.428
3331.312,3584.667,2938.562,3090.184,2975.184
3321,3592.881,2945,3099.265,2980.653
3295.125,3593.952,2952.729,3086.714,2974.714
3290.5,3591,2942.271,3098.735,2976.592
3323.5,3583.119,2958.125,3084.837,2980.653
3302.75,3570.976,2947.042,3086.469,2978.123
3321.125,3595.452,2939.458,3085.102,2983.918
3310.375,3593.619,2933.979,3084.286,2966.225
3320.438,3585.833,2961.062,3106.572,2966.061
3303.75,3606.881,2948.5,3098.775,2982.796
3311.75,3583.667,2948.854,3086.367,2983.306
3287.875,3592.048,2967.312,3109.326,2975.714
3315.625,3594.976,2952.188,3092.225,2974.898
3304.875,3601.738,2958.104,3088.674,2971.755
3327.625,3567.214,2951.854,3110.225,2968.306
3294.938,3585.238,2954.062,3099.918,2984.061
3325.375,3607.357,2947.792,3109.653,2983.367
3315.875,3597.69,2981.729,3102.469,2973.143
3291.875,3581.714,2961.333,3103.265,2984.265
3291.125,3597.619,2961.729,3089.49,2969.163
3304,3596.69,2943.562,3098.347,2977.49
3286.5,3579.333,2964.375,3080.775,2965.245
3314.125,3568.452,2948.312,3089.184,2969.714
3304.625,3585.286,2951.167,3114.653,2970.592
3285.375,3607.167,2948.896,3107.265,2970.918
3265.812,3593.048,2950.083,3085.837,2970.469
3310.75,3578.762,2945.875,3082.041,2979.102
3297.562,3591.024,2954.25,3096.979,2992.572
3334.938,3573.976,2948.667,3103.367,2977.326
3294.938,3594.048,2954.5,3105.143,2955.082
3277.188,3577.024,2958,3088.408,2964.959
3292.938,3574.5,2939.458,3095.612,2979.755
3300.75,3576.286,2958.938,3073.572,2964.367
3324.625,3570.905,2952.354,3088.204,2972.796
3337.188,3586.548,2953.646,3089.572,2983.265
3326.125,3576.714,2950.312,3092.184,2970.225
3318.062,3564.19,2960.729,3115.102,2967.367
3307.875,3591.905,2963.396,3109.388,2968.204
3302.875,3600.714,2944.562,3096.265,2972.877
3332.312,3576.452,2967.625,3081.877,2964.51
3313.625,3592.072,2958.125,3105.612,2969.367
3336.688,3601.667,2954.833,3083.204,2970.102
3325.125,3585.928,2962.562,3072.021,2970.163
3342.812,3595.19,2945.083,3108.286,2964.612
3306,3590.738,2953.458,3093.347,2963.633
3321.938,3560.5,2942.521,3074.653,2959.592
3330.5,3595.881,2950.208,3072.898,2965.225
3322.5,3572.31,2941.625,3062.265,2967.612
3326.875,3584.595,2947.521,3084.633,2956.123
3313.688,3580.333,2949.479,3097.388,2967.837
3340.5,3593.738,2947.875,3075.123,2955.796
3342.625,3580.095,2951.458,3097.653,2970.367
3311.5,3590.905,2944.812,3074.714,2965.204
3328.25,3595.81,2946.458,3065.163,2970.021
3322.562,3601.238,2950.771,3088.225,2953.286
3325.438,3607.262,2948.188,3093.041,2973.572
3304.062,3585.31,2952.792,3090.939,2965.021
3322.875,3606.214,2957.333,3107.082,2980.653
3347.375,3591.762,2951.25,3101.021,2972.959
3330.5,3587.31,2955.229,3113.592,2956.653
3327.625,3603.762,2943.125,3114.531,2970.143
3301.688,3600.357,2951.208,3098.245,2964.653
3310.562,3591.167,2956.146,3112.898,2970.041
3316.812,3587.524,2947.438,3120.857,2966.367
3325.188,3596.881,2956.083,3093.184,2970.837
3336.062,3575.833,2952.354,3090.204,2983.367
3319.812,3589.881,2948.333,3103.184,2960.347
3310.438,3608.167,2957.396,3103.265,2955.204
3327.812,3591.976,2938.375,3095.102,2966.572
3334.875,3614.214,2936.604,3101.877,2964.898
3339.75,3594.595,2944.875,3111.143,2971.286
3359.375,3585,2952.208,3120.979,2963.204
3344.75,3584.548,2946.854,3090.877,2976.979
3328.875,3591.333,2946.729,3101.918,2986.959
3342.688,3585.572,2960.062,3107.979,2981.653
3336.938,3563.81,2954.854,3097.306,2960
3377.938,3577,2944.604,3101.265,2958.796
3317.562,3590.238,2953.792,3076.775,2982.775
3339.25,3594.19,2939.375,3095.326,2974.735
3333.688,3591.167,2950.146,3092.388,2959
3316,3583.738,2957.167,3091.469,2962.775
3312.188,3580.381,2962.812,3109.367,2960.469
3342.375,3587.833,2963.708,3118.939,2968.082
3309.125,3573.81,2957.208,3099.612,2962.041
3301.188,3593.738,2960.958,3095.877,2952.979
3287.812,3593.786,2963.917,3113.143,2960.796
3309.375,3582.786,2950.146,3102.449,2956.469
3306.688,3586.928,2950.229,3093.592,2962.286
3300.125,3595.976,2964,3104.837,2966.939
3320,3600.881,2966.417,3101.592,2974.184
3311.312,3621.381,2944.312,3089.123,2957.551
3339.5,3587.428,2959.75,3086.286,2975.979
3349.688,3588.262,2946.5,3119.572,2974.347
3343.688,3595.976,2965.729,3117.245,2962.163
3337.812,3628.881,2966.667,3120.653,2961.367
3313.188,3573.381,2981.146,3108.898,2980.225
3302.75,3622.714,2966.333,3078.572,2961.163
3318.062,3601.905,2952.958,3080.449,2964.286
3296.938,3596.881,2953.458,3087.837,2959
3317,3591.786,2955.708,3069.572,2964.061
3277.625,3596.786,2956.812,3067,2957.796
3284.75,3601.81,2941.271,3074.816,2972.898
3283.375,3578.119,2943.792,3106.918,2969.592
3288.688,3594.167,2965.792,3089.612,2965.674
3330.125,3590.167,2948.75,3102.816,2952.326
3289.5,3580.786,2943.812,3107.612,2952.163
3307.312,3594.69,2944.479,3100.857,2949.898
3301.875,3620.952,2958.5,3106.326,2953.367
3306.062,3594.119,2962.667,3095.735,2957.959
3295.938,3599.119,2970.146,3090.143,2954.816
3309.062,3597.024,2972.75,3090.388,2960.286
3324.438,3611.167,2970.396,3094.143,2948.225
3294.375,3597.286,2959.396,3071.51,2950.204
3274.438,3600.976,2949.708,3082.612,2966.653
3290.375,3577.952,2960.458,3105.245,2950.021
3272.938,3580.357,2952.417,3089.592,2959.592
3255.562,3600.167,2955.604,3094.959,2950.755
3253.438,3584.738,2953.646,3093.653,2953.633
3286.688,3588.286,2941.729,3087.918,2960.816
3258.375,3605.572,2963.75,3090.469,2958.184
3240.062,3585.524,2964.521,3095.184,2955.857
3288.812,3581.167,2950.646,3103.735,2958.265
3229.438,3601.714,2949.542,3109.102,2959.367
3248.562,3580,2943.021,3083.816,2956.572
3225.812,3595.452,2951.604,3105.51,2954.469
3271.812,3585.286,2949.667,3095.123,2947.837
3227.25,3567.214,2951.708,3081.204,2941.694
3257.875,3598.095,2946.188,3098.939,2965.021
3233.5,3586.69,2953.938,3097.633,2950.612
3255.062,3573.286,2955.583,3085.123,2966.755
3260.688,3589.81,2966.292,3075.102,2952.326
3240.125,3611.286,2958.792,3086.367,2943.714
3231.875,3598.595,2949.021,3087.735,2956.388
3257.5,3593.572,2950.188,3091.163,2964.326
3269.938,3571.857,2962.354,3086.163,2959.123
3293.625,3595.476,2956.771,3076.796,2959.061
3374.625,3596.976,2963.708,3101.49,2968.877
3382.812,3604.048,3011.333,3123.816,2974.347
3357.938,3600.048,2999.229,3139.51,2996.041
3347.125,3594.524,2997.542,3119.775,2983.041
3354.625,3585.428,3004.042,3107,2985.694
3366.562,3583.714,2985.229,3155.143,2960.225
3379.25,3596.595,2995.271,3137.877,2986.572
3373.812,3610.333,2995.354,3139.714,2988.531
3352.688,3606.024,3029.833,3158.041,2996.347
3366.312,3609.381,3009.208,3150.755,2986.918
3385.188,3598.643,3026.583,3141.49,2983.837
3396.812,3605.381,3052.417,3173.204,3000.49
3433.5,3617.714,3063.646,3199.041,2997.123
3416.625,3624.548,3070.792,3206.51,3000.428
3400.875,3622.048,3054.396,3204.653,2977.674
3466.438,3603.786,3078.458,3215.49,2996.633
3464.5,3618.19,3084.312,3221.877,3019.041
3465.812,3616.905,3087.417,3216.225,3002.837
3453,3618.381,3106.938,3213.755,3000.021
3491.625,3624.952,3107.812,3264.694,3008.082
3489.062,3627.238,3113.896,3253.102,3010.123
3467.312,3635.072,3097.417,3259.653,3012.694
3453.625,3636.548,3103.875,3270.388,3001.408
3489.938,3629.786,3123.125,3258.898,2999.735
3526.75,3626.857,3131.229,3282.633,3014.959
3551.438,3649.738,3138.5,3309.551,3029.082
3506.438,3637.595,3128.292,3305.123,3007.449
3505.25,3644.405,3145.688,3297.225,2999.367
3593.5,3653.833,3146.979,3290.979,3014.408
3564.75,3673.738,3167.396,3322.347,3031.694
3598.25,3665.381,3173.854,3339.653,3038.143
3590.938,3678.214,3173.75,3338.123,3037
3624.125,3659.548,3184.646,3325.163,3025.837
3615.688,3671.405,3154.521,3321.755,3033.306
3569.938,3660.119,3191.333,3327.388,3039.306
3617.25,3669.952,3188.083,3337.796,3039.572
3683.062,3663.786,3188.25,3356.225,3045
3643.75,3665.857,3188.229,3349.102,3023.388
3603.375,3655.095,3188.938,3350.633,3039.286
3632.375,3653.881,3202.75,3358.816,3014.163
3706.312,3649.833,3210.396,3369.184,3043.143
3638.812,3677.595,3215.312,3381.551,3040.225
3656.688,3663.428,3214.646,3351.49,3047.775
3711.25,3662.452,3241.854,3380.694,3041.163
3713,3668.024,3251.521,3397.082,3052.592
3699.5,3672.976,3237.438,3394.245,3068.796
3731.812,3675.619,3242.396,3385.531,3040.326
3750.688,3682.595,3251.604,3379.735,3052.245
3748.062,3676.714,3237.896,3400.959,3049.592
3739.375,3687.333,3231.333,3374.653,3052.082
3704.5,3673.667,3222.542,3383.918,3047.326
3717.625,3667.167,3237.792,3388.979,3037.061
3742.875,3667.167,3242.188,3395.367,3048.061
3784,3650.476,3241.021,3412.694,3051.143
3751.688,3678.357,3225.375,3405.592,3037.857
3767.312,3664.572,3240.542,3413.775,3030.51
3813.625,3680.762,3241.208,3397.449,3039.939
3829.625,3686.976,3265.958,3429.265,3068.653
3864.062,3677.786,3256.729,3435.572,3078.367
3859,3685.619,3279.104,3438.633,3067.265
3814.5,3698.667,3249.5,3432.184,3083.469
3841.625,3692.381,3278.542,3422.959,3082.163
3894.688,3676.786,3265.479,3432.714,3073.735
3907.438,3684.952,3265,3432.674,3073.225
3896.625,3704,3290.167,3462.306,3067.388
3891.75,3693.548,3284.75,3454.163,3075.204
3945.938,3698.048,3274.583,3446.204,3082.755
3916.812,3695.81,3291.042,3453.572,3073.877
3922.25,3697.714,3277.542,3443.612,3074.633
3946.375,3691.405,3284.104,3432.653,3069.428
3940.312,3677.333,3276.188,3428.837,3073.102
3954.25,3697.548,3294.833,3451.388,3069.428
4034.375,3702.5,3296.646,3451.265,3092.102
3996.125,3693.952,3306.875,3441.959,3108.102
3976.625,3688.048,3291.521,3442.245,3106.306
3947.188,3698.333,3272.229,3430.428,3096.959
3961.125,3689.833,3282.312,3445.265,3097.408
3980.25,3704.69,3294.375,3439.49,3089.674
3979.938,3694.238,3269.896,3443.816,3084.469
3967,3709.119,3306.292,3457.857,3091.592
3985.188,3698.31,3276.375,3437.102,3071.592
3961.5,3682.286,3273.021,3383.694,3080.612
3998.625,3690.095,3291.5,3395.408,3097.796
4004.688,3690.31,3276.021,3385.939,3099.653
3999.25,3682,3293.646,3364.469,3115
4000.125,3680.452,3297.521,3416.796,3082.347
4030.562,3676.286,3303.146,3433.428,3091.082
4041.938,3687.428,3301.875,3456.592,3111.674
3974.25,3702.5,3296.521,3453.082,3102
3947.375,3685.714,3279.25,3428.592,3113.653
3996.125,3692.857,3279.917,3428.551,3104.674
4004.438,3687.928,3268.479,3438.469,3112.612
4014.188,3691.881,3297.042,3463.612,3102.102
4053.062,3691.619,3293.646,3447.572,3114.674
4010.5,3701.714,3281.542,3440.021,3120.49
3987.875,3699.976,3293.542,3451.714,3107.877
4025.062,3679.548,3286.125,3427.041,3104.367
3968.5,3691.643,3268.125,3449.551,3119.388
3994.75,3694.976,3289.25,3436.102,3120.347
3966.438,3708.714,3298.125,3447.735,3128.428
3994.438,3686.5,3280.75,3432.123,3113.347
4011.188,3698.262,3295.354,3442.449,3115.775
4026.812,3671.762,3273.812,3436.082,3122.49
3992.5,3699.048,3304.625,3422.735,3130.204
3954.312,3710.214,3270.938,3434.143,3127.061
3941.375,3679.667,3280.25,3431.592,3119.306
3997.688,3681.048,3294.396,3440.408,3122.225
3941,3680.238,3288.854,3435.918,3128.347
3931.312,3673.31,3286.271,3434.796,3118.163
3986.625,3683.048,3295.688,3432.857,3122.857
3950.25,3692.428,3301.625,3403.326,3127.572
3969,3690.452,3291.229,3397,3148.959
3966.062,3682.548,3298.458,3432.286,3149.143
3945.75,3689.262,3298.312,3435.816,3140
3920.125,3697.976,3286.188,3418.694,3138.653
3933.562,3664.619,3278.979,3413.204,3135.408
3967.812,3674.738,3285.542,3411.408,3132.898
3937.875,3668.881,3280.729,3403.714,3141.551
3941.875,3681.5,3274.854,3417.143,3145.347
3914.688,3685.524,3276.042,3436.061,3142.021
3896.812,3691.833,3273.375,3418.143,3137.939
3883.688,3689.69,3281.5,3428.184,3128
3915.938,3658.952,3281.688,3407.877,3131.204
3908.5,3674.357,3275.729,3413.347,3129.531
3899.25,3652.238,3275.958,3406.428,3150.939
3918.062,3680.833,3278.542,3403.082,3134.306
3941.812,3668.238,3266.208,3387.326,3157.225
3946.375,3682.572,3284.104,3380.775,3153.551
3966.062,3667.881,3302.5,3319.816,3131.653
3908.062,3681.952,3297.125,3294.061,3139.123
3952.438,3675.214,3279.938,3367.796,3156.306
3938.25,3666.214,3274.917,3393.408,3156.204
3964.625,3666.5,3279.812,3395.469,3148.184
3946.688,3677.286,3277.542,3406.184,3153
3954.188,3662.833,3283.812,3386.592,3145.041
3944.375,3677.548,3256.479,3379.51,3133.612
3962.188,3688.952,3286.917,3382.163,3151.388
3970.75,3657.786,3273.521,3404.531,3168.265
3937.688,3656.095,3265.167,3397.572,3149.204
3941.625,3641,3257.792,3387.021,3139.061
3981.125,3666.881,3271.833,3392.123,3152.857
3990.562,3643.667,3298.479,3392.775,3145.102
3985.75,3659.928,3273.042,3377,3147.837
3952.188,3671.119,3272.167,3365.755,3145.163
3970.438,3650.381,3258.25,3378.796,3133.918
3954.312,3661.857,3266.354,3372.612,3143.694
3948.938,3664.857,3281,3366.816,3163.755
3955.688,3649.572,3273.021,3360.939,3157.714
3957.562,3659.524,3257.812,3369.469,3164.633
3960.5,3656.286,3261.75,3371.735,3140.143
3972.375,3658.786,3261.792,3367.163,3148.796
3959.688,3664.381,3259.646,3368.837,3174.388
3989.188,3662.238,3266.292,3361.857,3158.245
3959.5,3652.262,3263.667,3371.816,3174.143
3982.188,3671.31,3271.708,3360.449,3160.082
3935.062,3660.619,3266.562,3349.694,3158.979
3944.812,3652.667,3268.062,3354.102,3161.469
3971.938,3642.024,3247.688,3353.306,3148.102
3946.125,3660.428,3259.604,3363.653,3138.653
3957.062,3660.762,3287.708,3358.775,3159.163
3962.875,3662.952,3281.271,3337.184,3157.551
3973.062,3656.381,3263.875,3353.306,3138.367
3955.438,3627.905,3271.042,3344.082,3145.265
3937,3655.262,3253.042,3330.061,3138.755
3928.5,3648.572,3263.854,3338.102,3135.592
3961.812,3648.167,3254.458,3325.306,3160.408
3954.562,3653.167,3238.75,3331.326,3133.102
3900.312,3641.31,3237.521,3347.612,3146.531
3889.562,3649.167,3238.188,3321.326,3125.959
3921.812,3636.167,3242,3331.694,3120.857
3929.562,3656.928,3255.771,3336.877,3132.877
3904.75,3655,3226.854,3309.082,3144.082
3928.5,3642.714,3246.25,3314.531,3144.857
3922.875,3658,3235.938,3308.959,3133.531
3980.75,3669.714,3255.479,3289.653,3146.551
3971.438,3632.548,3255.833,3321.061,3136.572
3949.812,3642.19,3238.75,3330.041,3143.265
3864.062,3635.119,3255.688,3329.816,3145.347
3864.812,3670.262,3253.479,3324.735,3148.816
3801.688,3661.19,3246.917,3298.877,3146.326
3797.062,3656.214,3229.896,3306.123,3138.674
3779.312,3667.357,3239.208,3314.633,3138.796
3759.375,3646.928,3214.438,3313.877,3130.979
3753.188,3640.476,3213.167,3314.123,3103.245
3692.875,3643.428,3188.375,3243.796,3100.367
3706.5,3652.595,3195.688,3189.123,3111.041
3653.188,3648.262,3201.896,3220.816,3102.347
3642.562,3651.524,3184.396,3257.061,3088.796
3660.688,3644.167,3181,3286.306,3103.469
3599.625,3639.214,3173.167,3277.388,3087.857
3589.188,3607.714,3153.583,3283.041,3102.694
3570.375,3642.048,3151.146,3250.163,3089.898
3547.875,3615.167,3157.917,3248.694,3095.469
3551.125,3634.595,3137.458,3238.714,3091.714
3507.75,3611.048,3140.583,3240.918,3096.694
3493.875,3612.357,3148.438,3244.245,3085.51
3515.875,3630.357,3147.292,3248.021,3080.51
3533.5,3621.548,3139.125,3256.796,3066.082
3486.75,3608.952,3114.167,3258.796,3065.857
3516.75,3603.357,3120.542,3249.225,3075.898
3475.062,3628.928,3111.792,3237.347,3069.735
3494.062,3622.548,3125.833,3250.021,3053.796
3467.625,3628.69,3104.771,3247.592,3047.612
3441.812,3633.19,3120.854,3237.572,3075.531
3467.562,3628.119,3089.312,3233.245,3060.184
3427.062,3628.928,3106.354,3247.714,3052.021
3433.25,3617.881,3099,3228.225,3060.49
3432.625,3594.738,3096.458,3235.572,3057.612
3429.625,3620.881,3097.667,3220.572,3026.877
3433.875,3612.572,3096.875,3214.347,3034.531
3428.562,3609.381,3095.208,3224.612,3031.021
3432.438,3615.833,3103.938,3221.735,3046.49
3419.125,3632.786,3093.625,3191.979,3058.551
3381.25,3619.31,3086.688,3185.143,3032.204
3374.625,3602.357,3075.708,3207.225,3046.326
3349.312,3604.333,3085.375,3182.837,3036.857
3378.625,3618.976,3069.771,3193.204,3034.694
3357.688,3642.833,3076.125,3188.245,3041.184
3352.062,3603.5,3064.729,3204.592,3017.469
3335.25,3616.048,3065.521,3209.428,3034.326
3317.25,3611.476,3063.083,3205.531,3027.959
3351.625,3606.143,3067.229,3210.347,3041.143
3307.562,3618.357,3063.25,3154.286,3017.245
3292.375,3632.238,3057.417,3143.837,3048.898
3336.688,3621.619,3048.583,3207.326,3014.694
3309.688,3610.262,3062.979,3165.653,3014.143
3335.438,3598.643,3057.771,3198.816,3028.347
3318.75,3602.595,3053.729,3192.551,3018.163
3288.688,3604.167,3060.875,3187.898,3014
3314.875,3600.405,3036.625,3187.102,3023.204
3319,3606.428,3056.458,3179.123,3005.408
3271.875,3634.572,3040.812,3176.061,3023.572
3268.312,3629.619,3034.562,3163.796,3014.633
3304.5,3625.881,3036.625,3127.021,3010.796
3279.375,3614.881,3038.271,3145.041,3021.755
3308.688,3595.714,3040.271,3169,3015.755
3286.125,3605.214,3057.438,3160.837,3008.306
3273.75,3598.81,3031.938,3170.225,3011.306
3233.125,3607.738,3045.521,3160.265,3006.061
3269.938,3589.119,3040.667,3161.572,3010.388
3273.062,3606.928,3019.125,3141.082,3009.347
3265.562,3616.381,3018.417,3146.939,3008.837
3271.625,3609.667,3024.875,3141.898,3008
3289.875,3608.786,3024,3174.735,3000.877
3274.75,3613.357,3019.438,3159.714,3003.367
3277.5,3609.428,3032.396,3146.755,2985.49
3279.375,3608.786,3031.521,3150.123,2995.49
3254.562,3599.286,3021.833,3148.674,3004.551
3284.5,3614.476,3021.354,3141.041,3000.286
3273.188,3624.072,3031.438,3145.857,2991.857
3254.312,3604.5,3029.875,3160.775,2993.612
3269.375,3609.69,3034.438,3160.918,2990.388
3260.875,3630.476,3029.625,3139.021,2985.102
3266.438,3620.19,3028.979,3152.49,2982.163
3249.625,3609.952,3027.417,3140.674,2984.061
3265.375,3602.976,3014.812,3130.143,2992.428
3272.188,3612.19,3001.812,3160.898,2973.531
3270.125,3613.452,3031.062,3149.674,2980.49
3227.188,3626.095,3010.667,3151.388,2998.021
3265.938,3600.048,3015.042,3145.449,2980.939
3256.75,3621.619,3034.833,3125.245,2983.939
3267.062,3611.024,3008.979,3138.204,2991.245
3290.125,3615.238,3012.188,3125.837,2988.959
3287.312,3610.928,3027.042,3123.184,2983.225
3273.625,3644.5,3010.062,3084,2977.674
3282.5,3644.81,3027.125,3075.979,2983.286
3257.5,3621.238,3010.188,3078.531,2977.959
3255.438,3612.476,3024.583,3085.612,2987.306
3268.25,3607.381,3002.896,3092.653,2986.428
3253.438,3619.572,3019.896,3117.796,2985.143
3235.438,3620.024,3011.938,3106.102,2971.755
3270.375,3630,3018.583,3117.694,2979.674
3259.438,3635.333,3014.229,3112.306,2976.694
3263.312,3626.738,3035.312,3126.408,2959.388
3259.312,3612.095,3009.229,3103.265,2961
3233.812,3627.738,3027.958,3119.123,2981.245
3248.5,3614.024,3017.479,3134.021,2965.286
3244.5,3617.19,3017.729,3133.428,2964.653
3231,3601.881,3014.771,3131.326,2961.061
3261.812,3606.881,3000.896,3139.469,2969.939
3240.438,3623.524,3014.771,3124.469,2970.388
3260.25,3610.643,2992.646,3111.796,2967.653
3258.438,3617.857,2993.542,3112.898,2972.918
3251.5,3618.976,3008.604,3124.306,2952.408
3260.438,3605.357,3003.792,3126.51,2967.592
3273.938,3626.333,3006.25,3116.694,2968
3241.375,3620.357,3024.438,3112.939,2970.102
3257.125,3614.786,3023.938,3099.857,2958.653
3242.938,3626.405,3011.042,3101.694,2955.49
3256.875,3616,3008.833,3104.857,2952.633
3271.375,3624.357,3011.604,3093.347,2955.592
3280.125,3631.024,3015.688,3082.755,2955.918
3256.312,3604.31,2999.875,3102.082,2973.367
3251.25,3609.833,3025.979,3080.572,2968.918
3289.25,3648.548,3004.771,3071.428,2960.837
3255.938,3616.762,3022.333,3103.225,2963.204
3275.938,3614.143,2999.75,3097.469,2959.612
3249.812,3624.072,2998.708,3094.388,2953.735
3240.875,3619.476,3003.688,3095.286,2964.123
3250.938,3625.595,3008.938,3106.633,2961.041
3239.188,3616.857,3011.375,3084.123,2955.837
3248.438,3600.214,3005.646,3113.674,2953.735
3244.062,3636.357,2986.125,3094.286,2943.796
3231.562,3612.976,2992.375,3081.694,2949.694
3265.188,3630.024,3009.896,3076.021,2974.939
3293.75,3631.072,3000.354,3098.49,2964.143
3259.562,3647.69,3010.208,3089.816,2941.306
3242.562,3618.381,3008.042,3064.694,2948.877
3245.875,3644.262,3007.125,3101.653,2963.102
3270.25,3628.81,3000.375,3090.306,2951.306
3270.375,3626.19,3001.146,3117.816,2956.306
3235.812,3625.69,3003.958,3107.102,2960.326
3244.312,3618.286,2999.062,3108.326,2955.694
3227,3624.905,2994.896,3106.449,2947.041
3252.625,3625.262,3007.771,3073.674,2965.408
3268.375,3606.214,3003.75,3095.531,2948.163
3236.25,3632.572,3001.208,3107.796,2942.633
3266.062,3606.476,3015.354,3091.633,2952.735
3253.625,3619.428,2995,3092.755,2945.245
3270.75,3614.833,3015.521,3081.572,2963.347
3286.062,3622.5,2997.896,3099.326,2943.123
3244.312,3606.738,3006.604,3111.633,2957.225
3259.938,3605.572,3009.854,3114.857,2938.265
3250.312,3624.214,3003.229,3091.428,2946.674
3271.625,3608.452,3012.479,3106.102,2946.428
3257,3618.428,3017.458,3069.184,2938.572
3289.25,3611.048,3025.146,3101.653,2949.49
3270.5,3610.738,3021.854,3096.755,2934.592
3264.5,3612.619,3012.167,3086.775,2938.633
3270.375,3596.31,3017,3093.959,2944.959
3271.438,3621.857,3017.104,3091.061,2939.633
3246.562,3638.667,2996.104,3097.979,2937.51
3266.062,3609.619,3005.875,3105.49,2938.877
3270.062,3612.238,3000.417,3080.898,2937.837
3241.938,3614.905,3009.25,3098.428,2926.877
3287.875,3622.143,3014.979,3089.204,2943.408
3283.375,3617.905,3007.854,3076.735,2956.021
3246.25,3621.81,3019.917,3103.898,2942.245
3246.125,3619.928,3031.958,3094.796,2940.572
3255.125,3627.31,3022.625,3086.755,2929.225
3271.875,3609.857,3010.979,3088.755,2940.286
3267.375,3599.738,3008.521,3078.857,2935.531
3242.375,3605.476,3020.25,3082.306,2930.592
3246.5,3629.667,3014.042,3084.265,2925.755
3240,3613.667,3028.938,3062.286,2939.49
3244.188,3618.714,3013.708,3044.51,2955.612
3254.875,3621.143,3015.75,3032.755,2934.816
3278.5,3594.881,3014.354,3062.306,2954.551
3263.312,3620.905,3009.833,3095.714,2939.428
3287.188,3607.595,3013.771,3084.388,2927.347
3294.062,3616.048,3019.083,3088.551,2937.633
3238.062,3628.072,3016.583,3091.061,2933.061
3300.188,3621.381,3006.646,3073.592,2939.796
3267.875,3623.024,3011.271,3077.367,2944.796
3253.938,3631.762,3003.917,3092.143,2943.735
3266.188,3625.31,3019.833,3087.51,2936.755
3255.688,3634.452,3007.062,3094.857,2923.225
3266.438,3638.143,3004.333,3077.49,2932.123
3276.312,3627.095,3002.938,3098.408,2927.469
3302.688,3609.405,3020.375,3093.306,2930.735
3284.625,3614.572,3005.083,3085.408,2923.979
3300.875,3633.857,2999.625,3081.428,2925.633
3248.812,3622.548,3008.75,3087.286,2923.572
3256.062,3614.048,2996.042,3100.204,2953.326
3281.5,3620.262,3005.917,3094.775,2926.469
3251.938,3627.619,3001.521,3090.857,2947.245
3295.25,3619.619,3014.083,3078.735,2924.225
3316.688,3614.952,3012.5,3051.388,2935.204
3256,3619.333,3013.958,3071.551,2944
3253.812,3646.31,2997.833,3072.612,2913.286
3281.438,3633.119,3013.583,3078.184,2925.572
3271.312,3621.452,3023.646,3103.51,2942.225
3251.875,3604.928,3022.625,3071.347,2925.469
3251.5,3629.643,3008.583,3097.898,2929.612
3271.375,3613.928,3013.562,3078.939,2927
3274.375,3631.714,3026.812,3087.877,2918.735
3274.938,3614.572,3005.042,3095.428,2930.286
3231.375,3618.976,2997.25,3094.633,2919.612
3253.875,3622.524,3005.208,3071.347,2924.326
3258.312,3618.833,3012.292,3096.572,2932.306
3281.438,3636.738,3015.812,3071.326,2921.021
3261.375,3610.643,3009.438,3088.592,2928.612
3279.438,3623.643,3000.562,3098.388,2934.306
3269.625,3610.548,3016.312,3087,2924.49
3286.25,3601.19,3009.625,3062.163,2930.245
3261.688,3618.643,3011.458,3090.245,2923.082
3287.812,3628.238,3011.479,3037.184,2942.694
3276.812,3614.69,3012.354,3039.326,2927.918
3295.062,3624.595,3007.812,3052.388,2925.082
3291.812,3627.833,3015.417,3051.592,2931.326
3294,3647.238,3023.604,3046.633,2936.082
3299,3613.881,3004.979,3077.837,2926.347
3306.25,3637.833,3028.229,3095.123,2946.877
3268.562,3630.548,3011.292,3102.143,2929.225
3295.875,3594.976,3005.312,3092.939,2922.347
3293.75,3630.357,3012.271,3113.326,2928.184
3270.625,3623.428,3011.812,3083.428,2926.674
3286,3614.619,3014.042,3091.347,2921.163
3294.188,3623.69,3013,3095.367,2921.653
3291.562,3615.357,3014.646,3095.531,2926.49
3288.312,3619.714,3029.125,3094.633,2925.286
3303.562,3625.31,3019.875,3037.469,2923.204
3295.812,3641.31,3026.354,3067.326,2926.286
3288.125,3616.428,3023.188,3055.775,2934.469
3268.375,3625.31,3012.208,3073.428,2929.082
3287,3626.167,3022.583,3099.877,2934.184
3276.438,3615.333,3008.104,3084,2929.592
3283.625,3629.786,3025.896,3073.653,2918.612
3259.562,3624.143,3011.417,3074.796,2933.204
3280.688,3617.024,3015.521,3090.898,2934.898
3279.062,3635.881,3009.875,3071.735,2926.837
3258,3632.667,3013.625,3079.225,2951.021
3269.875,3636,3013.917,3083.286,2922.694
3282.438,3628.143,3012.792,3068.857,2923.408
3297.188,3631.572,3014.75,3080.306,2930.531
3269.812,3624.619,3011.583,3081.653,2912.898
3272.062,3616.119,2997.583,3080.306,2920.612
3276.25,3628.405,3021.771,3105.816,2924.204
3271.875,3611.072,3025.812,3085.184,2930.061
3262.312,3610.5,3003.75,3071.265,2922.021
3241.938,3629.619,3014.875,3082.979,2930.367
3274.438,3614.595,2998.125,3100.469,2932.633
3289.75,3630.452,3022.958,3073.041,2928.245
3297.438,3635.214,3009.854,3057.102,2917.306
3280.312,3627.572,3030.104,3079.143,2947.857
3276.625,3618.167,3014.729,3088.286,2931.245
3284.5,3617.238,3013.354,3078.857,2926.306
3290.688,3648.738,3026.25,3083.898,2931.326
3273.812,3630.238,3019.562,3056.816,2935.51
3296,3628.81,3020.5,3049.775,2930.572
3280.125,3645.69,3013.104,3091.674,2927.918
3287.562,3620.452,3009.292,3066.449,2942.877
3268.25,3643.19,3024.438,3091.653,2912.449
3266.812,3626.5,3009.771,3076.286,2923.021
3256.25,3625.095,3020.729,3075.347,2924.653
3264.125,3627.238,2995.542,3051.837,2940.49
3268.625,3614.595,3024.646,3060.877,2918.592
3242.312,3633.143,3017.583,3079.021,2934.592
3304.438,3657.452,3015.625,3075.755,2924.469
3239.562,3624.881,3008.5,3083.469,2932.225
3265.938,3642.857,3011.938,3080.306,2934.326
3252.938,3623.119,3002.354,3093.837,2921.857
3243.875,3631.786,3010.562,3091.551,2928.735
3273.062,3621.548,3016.604,3081.306,2933.286
3273.75,3633.714,3011.688,3086.51,2931.857
3265.188,3637.381,2995.521,3081.633,2937.204
3259.688,3639.548,3010.521,3089.939,2938.816
3305.062,3635.857,3025.5,3084.184,2916.592
3284.25,3637.119,3009.521,3072.347,2933.041
3283.25,3642.952,3012.312,3054.572,2929.51
3268.625,3614.928,3009.333,3079.755,2923.674
3293.312,3619,3017.875,3072.082,2944.021
3290,3621.738,3015.917,3068.694,2927.898
3264.688,3625.595,3011.5,3063.551,2935.143
3272.688,3622.524,3006.854,3070.326,2935.245
3277.688,3634.024,3006.562,3081.694,2924.449
3266.75,3625.881,2992.146,3073.877,2928.796
3284.25,3636.238,3022.146,3076.714,2937.877
3292.125,3626.595,3021.979,3066.633,2924.49
3280.875,3637.976,3020.771,3062.184,2935.694
3267.625,3633.833,3031.375,3062.837,2929.918
3281.938,3636.167,3035.167,3059.021,2931.204
3288.812,3630.881,3028.354,3024.061,2922.592
3277.438,3652.167,3026.458,3065.837,2931.898
3307.875,3623.048,3012.021,3044.918,2929.592
3294.438,3642.072,3022.417,3033.286,2934.796
3293.75,3635.262,3013.396,3063.592,2915.347
3274.625,3631.333,3017.417,3075.326,2933.551
3292.438,3632.548,3005.354,3062.123,2928.184
3281.75,3621.548,3030.479,3058.347,2922.816
3280.188,3648.333,3016.938,3098.163,2928.51
3301.312,3641.643,3009.188,3081.123,2926.592
3304.312,3634.31,3035.396,3057.898,2929.714
3290.438,3638.476,3017.417,3076.979,2928.551
3286.938,3607.667,3013.75,3076.531,2927.367
3296.812,3628.357,3020.979,3092.204,2946.674
3256.875,3640.976,3030.396,3047.102,2936.041
3295.688,3642.333,3004.917,3032.041,2927.184
3297.312,3645.619,3020.542,3057.959,2924.714
3272.312,3627.524,3012.833,3061.225,2930.041
3314.438,3622.452,3016.542,3079.898,2921.939
3272.688,3630.095,3023.354,3091.531,2921.306
3278.125,3633.31,3024.021,3083.184,2941.163
3290,3623.143,3029.292,3092.959,2930.143
3274,3623.072,3022.083,3084.877,2946.775
3248,3634.357,3022.354,3107.918,2944.428
3337.312,3626.214,3036.25,3112.796,2942.367
3340.062,3629.262,3070.646,3137.653,2973.061
3330.938,3629.405,3059.438,3144.612,2955.551
3364.188,3617.786,3036.896,3151.367,2966.592
3360.5,3635.976,3061.125,3145.714,2965.204
3375.625,3635.976,3076.958,3167.184,2962.572
3372.562,3634.19,3066.979,3162.674,2954.326
3344.938,3646.357,3085.188,3185.612,2979.857
3335.188,3636.357,3072.333,3176.51,2970.408
3351.562,3648.833,3077.646,3179.347,2977.306
3361.75,3627.619,3083.271,3188.286,2966.633
3380.812,3618.928,3110.75,3198.939,2975.449
3397.312,3629.572,3129.146,3193.572,2975.633
3385.875,3639.333,3116.208,3219.837,2979.245
3358.625,3635.095,3127.604,3218.326,2971.408
3364.375,3637.905,3156.312,3222.061,2979.551
3370.438,3646.738,3164.083,3234.755,2981.347
3365.188,3640.31,3158.438,3238.877,2974.531
3377.375,3636.214,3163.312,3201.163,2988.306
3361.312,3655,3149.708,3244.775,2959.388
3363,3645.976,3181.333,3232.714,2982.184
3335.375,3645.881,3170.583,3212.959,2957.225
3341.75,3642.428,3183.521,3208.347,2969.388
3354.75,3635.119,3155.25,3209.021,2964.775
3360.375,3663.857,3183.854,3227.939,2956.592
3351.438,3667.238,3189.375,3236.714,2977.021
3363.188,3633.095,3184.771,3254.306,2974.102
3339,3652.452,3196.042,3241.918,2970.306
3356.562,3650.143,3199,3266.694,2971.694
3370.062,3655.905,3225.208,3277.388,2974.572
3353.875,3676.238,3209.646,3287.592,2970.225
3343.062,3650.524,3206.208,3282.653,2970.102
3344.375,3651.952,3219.021,3270.021,2971.592
3366.125,3648.69,3241.833,3299.347,2980.714
3366.688,3648.405,3244.042,3279.531,2967.531
3365.25,3662.048,3233.271,3272.347,2981.408
3314.812,3645.69,3224.104,3285.959,2979.857
3336.375,3661.143,3211.104,3274.306,2968.775
3355.562,3655.595,3217.188,3278.428,2957.245
3376.375,3645.786,3230.708,3294.021,2968.286
3418.125,3651.167,3241.271,3289.225,2975.837
3406.875,3677.286,3253.292,3319.837,2954.572
3406.688,3658.024,3258.625,3311.428,2980.959
3426.562,3674.833,3260.875,3314.082,2989.204
3386.688,3665.619,3265.271,3322.979,2990.367
3437.125,3668.119,3257.646,3323.551,2974.898
3421.938,3677.643,3269.271,3341.918,2979.123
3413.812,3681.476,3266.104,3333.612,2990.551
3454.188,3687.69,3302.917,3352.816,2986.265
3444.125,3693.095,3295,3317.143,2976.428
3441.312,3710.214,3304.562,3268.408,2986.408
3445.312,3669.262,3281.646,3249.204,2984.326
3486.375,3704.643,3287.708,3339.755,2995.531
3452.562,3680.048,3291.667,3330.816,2988.633
3419.625,3684.428,3288.188,3323.857,2981.674
3421.75,3682.024,3304.917,3343.612,2977.306
3469.062,3672.024,3293.958,3348.265,2981
3453.75,3684.405,3306.146,3347.082,2989.877
3452.375,3686.5,3295.271,3347.735,2998.572
3465.25,3677.619,3309.438,3381.469,2984.041
3471.562,3703.238,3322.646,3327.021,3002.939
3480.938,3699.548,3294.354,3330,2985.939
3479.812,3686.762,3310.438,3373.061,2987.714
3485.562,3698.262,3321.771,3391.428,2999.041
3500.25,3715.381,3329.479,3405.939,2998.306
3492.5,3702.428,3320.042,3415.428,2973.572
3510.625,3700.667,3316.688,3353.837,3001.979
3504.062,3702.214,3322.125,3381.674,3003.551
3552,3704.072,3341.854,3397.857,3000.735
3543.875,3692.357,3333.146,3401.572,2985.775
3503.688,3687.405,3333.771,3388.653,2992.347
3545.938,3703.762,3320.771,3390.367,3002.898
3549,3698.714,3327.542,3388.428,3003.979
3514.125,3690.357,3344.312,3374.428,2994.877
3552.5,3712.238,3329.458,3414.796,3014.51
3549.438,3682.619,3311.812,3396.326,2996.653
3554.688,3677.667,3331.104,3395.551,2995.347
3553.5,3672.833,3320.958,3400.102,2994.735
3579.562,3695.405,3339.083,3391.674,2999.714
3561.75,3701.619,3338.083,3370.184,2996.877
3553,3701.572,3321.208,3385.041,3004.796
3514.062,3686.928,3310.208,3386.857,3006.572
3540.625,3712.167,3309.646,3405.796,3004.245
3564.625,3689.69,3306.146,3394.49,2999.979
3593.562,3707.524,3342.958,3288.082,3002.939
3620.375,3708.095,3325.646,3287.714,3015.755
3564.5,3695.5,3334.167,3260.102,3006.163
3627.75,3704.548,3322.375,3346.225,3010.204
3605,3696.452,3333.583,3371.388,3006.918
3648.25,3718.81,3351.667,3374.326,3023.694
3634.25,3709.595,3330.333,3395.857,3009.918
3623.812,3701.952,3309.688,3409.857,3004.123
3601.438,3717.619,3328.104,3389.449,3013.041
3643.562,3706.857,3303.958,3356.306,3015.449
3650,3699.714,3313.562,3392.184,3015.449
3720.938,3689.572,3316.104,3398.775,2996.612
3681.312,3726.643,3332.875,3385.306,3026.653
3690.5,3730.262,3333.771,3384.653,3026.735
3729.375,3745.857,3322.25,3399.265,3031.082
3674.75,3717.286,3335.771,3403.265,3032.347
3733.375,3709.857,3333.292,3385.735,3032.51
3731,3715.428,3339.854,3399.102,3040.388
3747.438,3720.048,3343.917,3391.714,3029.755
3729.688,3720.405,3325.583,3385.918,3033.857
3715.875,3735.619,3324.479,3400.061,3025.918
3729.562,3709.976,3334.729,3407.531,3027.388
3751.062,3714.119,3325.917,3375.531,3020.592
3768.188,3708.381,3324.146,3400,3037.225
3755.875,3721.69,3340.167,3401.939,3036.837
3756.5,3700.072,3323.604,3389.428,3031.612
3795.375,3732.072,3338.625,3402.755,3040.633
3790.25,3725.952,3326.229,3391.531,3049.531
3724.812,3713.19,3314.771,3364.143,3040.714
3755.125,3704.786,3301.729,3403.347,3019.408
3770.875,3697.786,3325.271,3390.49,3037.551
3822.5,3700.357,3320.521,3369.388,3025.939
3811.062,3717.143,3330.125,3366.898,3046.102
3788.375,3703,3332.167,3383.204,3058.755
3747.938,3715.095,3338.146,3372.021,3058.102
3754.812,3693.452,3332.562,3313.714,3046.347
3809.875,3710.81,3334.833,3316.551,3051.428
3843.375,3709.69,3329.479,3412.347,3056.265
3823.625,3700.048,3337.771,3383.735,3064.469
3848.25,3703.619,3333.542,3382.245,3050.775
3831.375,3699.976,3313.875,3346.898,3065.388
3878.438,3700.857,3339.792,3407.531,3058.837
3871.312,3722.238,3348.604,3386.326,3079.816
3817.625,3705.833,3315.271,3348.041,3061.286
3842.25,3688.81,3327.708,3360.755,3063.51
3833.062,3699.452,3322.479,3382.123,3068.163
3857.688,3687.476,3315.771,3391.408,3076.959
3873.125,3712.976,3330.479,3352.204,3074.633
3833.75,3678.167,3317.083,3373.428,3062.184
3831.938,3689.952,3321.479,3371.428,3072.918
3895.625,3715.357,3340.333,3376.49,3077.184
3897.312,3697.786,3327.333,3358.184,3075.837
3900.625,3702.738,3341.042,3353.837,3081.428
3874.25,3704.238,3322.146,3348.49,3049.959
3891.312,3704.476,3329.833,3325.49,3063.959
3918.562,3707.762,3316.771,3339.367,3071.816
3893.625,3702.524,3326.833,3341.572,3077.265
3873.562,3675.333,3334.125,3335.428,3063.021
3903.812,3709.69,3319.812,3353.877,3060.612
3922.812,3702.572,3323.333,3362.857,3056.612
3855.062,3694.31,3315.896,3338.102,3066.061
3890.125,3691.048,3328.292,3361.123,3068.163
3878.438,3717.548,3307.271,3353.061,3056.653
3906.812,3686.428,3311.583,3277.694,3073.694
3852.625,3705.214,3316.083,3290.326,3084.551
3886.938,3689.738,3315.479,3350.592,3074.265
3899.062,3704.476,3314.438,3338.449,3080.796
3851.625,3699.238,3317.75,3332.531,3049.837
3913.812,3701.072,3321.979,3352.694,3073.979
3924,3697.643,3304.208,3326.898,3068.265
3909.625,3684.357,3304.146,3324.51,3071.265
3899.438,3711.548,3317.521,3314.898,3098.633
3920.125,3689.595,3319.062,3296.265,3096.694
3954.125,3679.405,3321.229,3301.918,3095.082
3942,3698,3314.771,3326.082,3085.388
3913.5,3697.31,3322.792,3294.163,3092.612
3876.25,3666.357,3321.625,3306.286,3085.796
3878.5,3688.667,3318.875,3331.449,3081.796
3895.188,3687.167,3305.062,3302.163,3078.388
3905.562,3676.095,3285.708,3326.857,3079.123
3904.938,3694.19,3303.792,3304.612,3084.49
3939.812,3686.024,3303.438,3304.857,3069.857
3946.625,3695.5,3305.5,3317.939,3092.612
3939.25,3703.524,3308.083,3270.572,3098.837
3949.312,3685.952,3293.083,3257.102,3100.694
3978.375,3692.167,3291.875,3299.551,3090.102
3942.75,3676.024,3311.021,3311.674,3075.775
3937.125,3689.405,3298.854,3300.918,3091.245
3943.875,3679.5,3290.354,3209.367,3085.612
3924.562,3681.833,3286.229,3233.775,3091.551
3895.562,3661.405,3299.104,3255.633,3092.796
3878.875,3667.048,3280.188,3249.123,3088.408
3908,3677.119,3274.167,3279.612,3096.653
3910.062,3690.881,3273.833,3271.959,3091.102
3897.25,3675.167,3277.104,3276.184,3089.531
3913.875,3695.81,3258.042,3273.143,3090.918
3902.812,3677.833,3280.854,3264.102,3091.449
3941.75,3678.667,3249.479,3277.408,3113.347
3950.875,3684.595,3245.896,3270.388,3104.306
3934.75,3685.381,3260.938,3261.428,3100.469
3915.312,3692.452,3246.354,3277.245,3106.428
3901.438,3675.262,3245.375,3276.694,3100.592
3933.75,3678.095,3249.667,3273.163,3091.837
3914.812,3685.048,3244.229,3250.939,3108.347
3906.75,3677.738,3231.917,3250.572,3110.959
3916.312,3666.357,3243.292,3255.123,3091.408
3909.812,3656.524,3225.729,3226.653,3085.612
3913.5,3660.595,3255.229,3238.837,3073.449
3927.875,3671.119,3240.375,3221.755,3107.775
3955.688,3669.072,3229.979,3259.877,3099.347
3919.125,3654.905,3214.438,3252.245,3093.857
3871.75,3664.928,3219.188,3250.184,3079.775
3908.5,3649.714,3231.771,3220.877,3108.061
3910.875,3679.167,3213.333,3237.388,3094.163
3894.375,3651.69,3199.604,3203.633,3084.449
3897.812,3656.786,3212.771,3225.469,3091.775
3902.562,3663.048,3202.25,3225.367,3091.021
3932.625,3668.31,3200.979,3217.408,3090.367
3892,3668.428,3195.375,3220.735,3101
3882.062,3673.81,3192.062,3186.694,3106.469
3888.688,3675.5,3198.417,3213.347,3086.49
3930,3642.643,3195.042,3238.367,3090.796
3845.375,3669.881,3201.062,3231.837,3094.531
3895.812,3647.714,3215.375,3210.123,3094.877
3880.5,3647.69,3193.042,3229.612,3092.306
3885.438,3654.476,3197.229,3229.959,3091.633
3849.562,3648.833,3203.229,3236.184,3085.49
3868.562,3665.714,3205.083,3182.796,3077.735
3875.812,3659.643,3213.25,3189.857,3071.388
3884.75,3643.048,3197.896,3228.939,3082.204
3887.938,3649.167,3214.958,3217.51,3086.347
3873,3646.5,3209.708,3205.021,3099.592
3891.938,3642.024,3209.396,3188.979,3082.551
3852.062,3649.643,3185.667,3163.633,3100.877
3896.312,3648.905,3209.417,3214.633,3091.184
3868.625,3641.381,3208.167,3237.143,3095.51
3862.562,3654.69,3194.917,3199.592,3095.572
3846.5,3626.786,3206.438,3212.082,3076.367
3849.812,3621.619,3194,3203.245,3100.184
3890.125,3642.238,3207.646,3224.816,3099.49
3878.5,3637.833,3210.354,3212.469,3091.592
3906.5,3638.762,3214.312,3195.633,3094.837
3842.875,3614.714,3215.521,3172.918,3092.388
3847.438,3640.976,3204.75,3108.857,3082.388
3832.75,3621.452,3198.229,3102.061,3068.653
3886.062,3639.095,3198.396,3178.816,3086.775
3876.75,3628.619,3202.208,3196.184,3088.041
3842.688,3627.69,3198.438,3173.082,3077.959
3773.812,3621.167,3203.167,3185.286,3078.286
3773.125,3650.476,3203.938,3192.898,3070.775
3751.062,3653.738,3212.542,3139.592,3081.714
3741.25,3628.19,3211.792,3124.755,3082.245
3695.875,3669,3207.417,3101.755,3065.163
3665.562,3645.5,3181.542,3059.531,3063.959
3658.375,3663.976,3181.875,3055.306,3065.572
3627.25,3638.167,3171.333,3154.388,3075.102
3611.625,3644.095,3172.562,3149.612,3047.225
3634.75,3655.428,3176.938,3122.041,3044.694
3623.688,3606.476,3160.167,3141.49,3045.857
3544.375,3640.595,3165.458,3172.347,3054.184
3556.562,3636.952,3148.917,3151.572,3042.735
3560.438,3626.976,3150.771,3171.857,3038.592
3511.25,3620.714,3146.354,3124.102,3043.796
3555.688,3633.072,3148.146,3140.143,3029.388
3467.938,3612,3132.438,3129.572,3026.694
3493.812,3617.738,3143.667,3107.225,3030.714
3473.125,3616.024,3122.542,3085.653,3019.408
3497.938,3608.667,3108.667,3123.449,3018.775
3478.625,3629.095,3121.917,3126.041,3030.918
3504.25,3620.738,3127.5,3112.939,3022.592
3461.625,3594.572,3106.312,3108.877,3013.347
3452.75,3640.238,3109.75,3143.265,3014.714
3442.062,3610.095,3100.688,3132.653,3023.163
3475,3622.595,3116.458,3086.898,3019.694
3429.375,3623.5,3097.708,3074.898,3022.286
3402.875,3634.476,3116.042,3098.653,2997.367
3413.75,3596.786,3100.042,3107.143,3007.021
3403.938,3607.095,3094.896,3123.102,3019.775
3391.812,3618.905,3108.167,3105.163,3019.245
3396.375,3606.262,3082.083,3075.959,3002.979
3413.5,3603.405,3084.542,3074.306,3007.061
3392.062,3613.286,3072.208,3096.633,2996.857
3383.75,3623.357,3086.021,3110.449,3014.939
3387.25,3600.167,3073.542,3115.326,2996.49
3424.875,3615.214,3073.958,3115.163,2991.102
3381.875,3611.5,3075.896,3080.551,3002.021
3376.5,3624.119,3078.917,3043.694,2985
3351.375,3597,3067.875,3026.714,2997.633
3361.25,3603.095,3068.667,3008.428,2987.143
3335.125,3606.833,3066.021,2984.449,2985.653
3351.938,3599.072,3085.354,3073.837,2992.837
3367.188,3600.5,3065.479,3105.918,2984.918
3358.312,3629.595,3063.812,3114.735,2983.939
3327.375,3603.072,3069.438,3102.367,2986.225
3379.688,3613.405,3058.938,3113.857,2997.367
3322.688,3599.072,3078.833,3095.531,2975.979
3334.188,3586.405,3069.833,3095.245,2991.184
3327.062,3606,3065.688,3109.612,2980.735
3337.5,3606.5,3068.104,3094.531,2994.082
3325.062,3598.595,3050.812,3110.612,2985.979
3302.375,3607.286,3065.833,3095.633,2981.469
3314.875,3604.072,3066.667,3092.674,2967.245
3292.375,3586.667,3051.896,3071.143,2993.898
3323.938,3591.095,3040,3065.714,2974.184
3310.75,3597.095,3042.125,3040.796,2965.021
3282.688,3591.857,3035.354,3058.674,2978.143
3300.25,3592.762,3034.375,2957.286,2976.796
3314.625,3602.19,3052.625,2942.061,2969.694
3292.625,3608.143,3052.271,3054.572,2966.265
3305.625,3578.19,3042.062,3074.959,2981.184
3272.75,3599.619,3046.542,3086.49,2966.775
3284.062,3603.072,3045.438,3082.326,2967.592
3290.938,3604.548,3039.833,3072.449,2975.326
3279.125,3596.762,3042.125,3089.51,2969.428
3278.125,3594.238,3055.021,3104.816,2964.326
3265.875,3618.286,3040.354,3070.123,2969.653
3258.188,3599.048,3050.25,3041.735,2975.061
3266.688,3598.81,3035.354,3040.388,2967.041
3250.875,3588.738,3041.75,3071.388,2965.857
3275.438,3588.286,3045.708,3066.265,2960.837
3281.562,3593.786,3033.583,3086.572,2969.367
3272,3586.548,3031.396,3083.082,2962.674
3275.625,3600.024,3042.375,3075.531,2958.225
3264.125,3580.928,3029.833,3042,2961.265
3236.875,3588.19,3017.146,3056.082,2958.979
3269.625,3567.333,3032.438,3057.877,2953.714
3245.938,3595.262,3032.562,3052.143,2964.633
3217.938,3588.119,3042.917,3044.592,2977.469
3251.375,3593.167,3024.5,3067.755,2967.796
3255.125,3612.286,3037.75,3096.184,2945.735
3219.625,3591.428,3020.938,3091.184,2948.816
3241.625,3592.81,3015.146,3093.959,2953.837
3254.938,3584.833,3036.729,3061.898,2949.367
3221,3591.81,3021.25,3059.123,2972.143
3214.75,3590.31,3030.688,3075.408,2953.428
3212,3597.667,3013.875,3055.612,2957.592
3228.625,3578.524,3016.833,3011.714,2939.714
3231.062,3602.667,3026.854,3035.592,2945.225
3252.688,3590.095,3011.542,3035.592,2956.367
3238.438,3594.19,3017.833,3023.857,2956.143
3213.875,3597.81,3014.521,3050.653,2959.837
3233.875,3595.333,3027.271,3026.572,2956.245
3254.688,3570.31,3022.438,3037.306,2950.286
3210.438,3590.238,3020.771,3047.449,2937.939
3215.562,3583.452,3021.896,3030.714,2941.061
3203.062,3597.762,3018.125,3036.714,2942.612
3216.625,3593.524,3016.438,3042.082,2959.49
3214.5,3571.786,3028.417,3075.204,2942.755
3214.062,3565.738,3019.729,3054.245,2943.367
3188.688,3580.714,3010.75,3058.612,2940.775
3200.188,3582.928,3005.188,3050.939,2940.612
3236.75,3584.548,2998.125,3041,2936.531
3218.812,3586.595,3011.354,2960.633,2948.755
3178.312,3564.238,2996.354,2881.449,2935.572
3212.125,3580.952,2996.604,2905.898,2944.326
3192.25,3596.167,3008.146,3002.306,2935.612
3177.125,3584.357,2997.5,3035.367,2937.347
3209.625,3589.143,3000.396,3012.653,2945.184
3216.812,3587.643,3007.938,3044.388,2942.204
3200.75,3575.952,3001.667,3064.857,2928.979
3202.188,3577.476,3014.479,3038,2936.775
3198.188,3573.167,2995.667,3020,2936.184
3211.25,3584.405,2997.167,3020.347,2927.837
3196.375,3596.572,3001.646,3032.163,2945.51
3199.125,3570.786,2995.396,3041.245,2934.428
3211.562,3583.095,2998.812,3058,2935.837
3208.625,3560.643,2998.688,3049.286,2944.816
3213.875,3584.095,2999.604,3050.49,2926.49
3217,3579.619,2991.917,3050.428,2940.592
3221.812,3584.238,3001.396,3041,2946.694
3199.062,3577.262,3009.292,3054.449,2934.225
3189.562,3567.072,3000.542,3047.143,2927.918
3184.375,3580.548,2990.583,3005.694,2935.428
3203.438,3584.214,3000.646,3000.469,2935.755
3208.625,3566.881,2994.083,3013.184,2931.653
3189.25,3579.428,3018.167,3046.469,2924.041
3205.312,3580.952,2995.812,2990.041,2931.857
3204.188,3579.833,3007.438,3020.306,2935.796
3184.188,3580.643,2996.792,3023.388,2937.041
3215.188,3600.262,3001.729,3011.694,2942.531
3214.312,3583.333,3007.104,2986.449,2933.449
3235.562,3586.619,2992.938,3017.572,2941.755
3253.125,3585.69,2998.542,3042.184,2930.918
3223.188,3576.548,2989.417,3046.857,2933.694
3233.938,3581.238,2992.917,3057.796,2939.837
3237.375,3559.524,2990.729,3020.612,2939.653
3238.312,3592.714,2997.167,3012.143,2932.755
3258.75,3583.286,3007.167,3030.816,2924.592
3208.5,3564.048,2997.604,3038.265,2913.674
3237.75,3575.928,2992.438,3025.592,2922.408
3248.75,3592.238,3002.062,3057.428,2920.347
3211,3568.286,2995.188,3052.306,2919.939
3206.938,3577.095,3001.562,3041.163,2927.612
3221.188,3584.143,3000.062,3036.714,2913.021
3210.938,3581.31,3000.917,3019.286,2910.041
3227.312,3574.952,3000.958,3032.877,2922.837
3242.5,3567.572,2994.167,3006.551,2923.204
3233,3570.143,3011.958,2964.469,2914.592
3226.625,3571.643,2999.833,2925.306,2919.163
3211.938,3570,2991.021,2874.755,2912.837
3190.562,3596.762,2982.896,2905,2916.102
3220.812,3578.905,2988.875,2928.531,2935.755
3223.25,3561.238,2986.021,3013.755,2926.225
3221.688,3588.238,2985.521,2989.265,2928.898
3250.375,3566.452,2992.062,3006.041,2907.735
3229.812,3585.119,2995.25,3041.306,2924.755
3212.312,3592.405,2983.479,3019.918,2917.469
3251.5,3573.428,2995.312,2987.674,2912.755
3233.25,3581.976,2979.625,2987.123,2919.041
3268.375,3594.667,2999.333,3012.143,2924.449
3229.188,3562.333,2998.604,3014.428,2911.041
3248.062,3585.143,2987.75,3018.143,2906.326
3233.875,3582.524,2989.771,3039.265,2910
3240.25,3579.81,3001.062,3049.245,2911.775
3237.188,3570.095,2998.125,3026.592,2908.592
3224.375,3547.381,3005.25,3028.694,2916.674
3253.125,3572.428,2989.458,3018.735,2923.551
3231.938,3583.167,3003.396,3026.326,2919.653
3242.75,3574.762,2994.688,3038.306,2916.021
3253.062,3568.286,3004.312,3021.551,2919.816
3242.125,3587.119,3001.625,2990.796,2912.021
3201.688,3551.81,2988.271,3016.367,2919.286
3229.938,3600.643,2987.083,3030.714,2925.775
3235.188,3562.024,2992.083,3011.653,2926.857
3214,3566.476,3000.708,3031.225,2908.837
3207.688,3568.238,3001.021,3017.021,2932.979
3220.562,3585.405,2987.729,3030.449,2920.531
3223.875,3577.952,2988.25,3031.857,2919.572
3206.875,3590.69,2998.458,3018.184,2919.796
3214,3570.214,2999.021,2945.123,2918.714
3229,3573.857,2978.917,2875.225,2933.49
3222.562,3570.619,2977.667,2852.653,2919.123
3203.562,3578.143,2995.417,2946.367,2922.408
3202.938,3582.69,2993.729,2989.714,2918.857
3191.812,3573.476,2994.958,2988.755,2914.714
3216.875,3567.024,2989.792,2993.918,2908.347
3214.125,3567.667,2989.729,3013.857,2903.755
3189.25,3571.072,2996.375,3007.021,2906.959
3219.688,3586.976,2979.708,2979.347,2910.837
3238.188,3562.548,3015.146,2980.837,2918.979
3195.5,3568.333,2993.146,2988.306,2914.388
3199.812,3598.19,2995.646,3010.694,2917.816
3192.625,3584.952,2977.688,3018.041,2913.163
3206.312,3589.857,2985.146,3004.979,2917.143
3247.875,3564.357,2977.896,2971.286,2911.694
3206.188,3574.214,2991.229,3008.061,2914.408
3203.375,3591.452,2979.854,3011.021,2920.592
3159.938,3583.619,2982.042,3013.469,2920.612
3232.375,3570.667,2975.188,2986.837,2912.123
3188.312,3582.619,2986.542,2935.204,2905.49
3221.125,3583.452,2998.229,2969.286,2920.347
3211.438,3590.262,3001.521,3005.388,2914.245
3200.312,3580.19,2963.688,3003.388,2920.592
3208.5,3557.928,2996.479,3011.367,2921.123
3188.062,3580.714,2991.292,3030.735,2913.225
3185.562,3568.833,2985.583,2977.388,2902.225
3183.875,3581.69,2988.188,3003.245,2922.469
3222.688,3564.405,2987.062,2997.531,2912.653
3191.438,3559.524,2982.125,2988.143,2898.449
3199.75,3579.238,2972.042,2974.449,2904.592
3174.5,3590.405,2998.417,2990.551,2918.796
3200.5,3574.048,2982.208,3016.123,2919.939
3209.438,3579.738,2980.646,2995.714,2925.572
3178.188,3579.095,2989.521,3018.674,2915.674
3191.688,3586.214,2991.625,2986.735,2900.225
3205.562,3573.381,3014.521,2983.592,2911.388
3175.938,3573.881,2993.021,2988.082,2912.163
3157.375,3585.238,2983.875,2982.082,2911.143
3178.875,3570.667,2992.979,2989.49,2917.143
3180.312,3582.667,2993.312,3011.102,2909.082
3194.312,3584.548,2993.104,2997.633,2907.306
3216.438,3574.738,3003.646,2985.021,2905.694
3181.062,3595.048,2994.292,2996.51,2906.653
3184.938,3578.595,2979.792,2993.061,2917.102
3167.812,3583.976,2992.167,2985.163,2900.367
3186.25,3582.119,2994.729,3002.245,2901
3191.875,3565.238,3004.833,2967.449,2890.633
3157.125,3583.976,2995.604,2987.449,2903.469
3163.438,3576.262,3016.729,3011.816,2902.531
3187.062,3589.928,2991.625,3009.143,2907.449
3172.375,3573.214,2990.271,3035.061,2919.061
3192.188,3578.405,2995.479,2966.286,2916.633
3184.938,3584.762,2992.5,2896.225,2904.408
3213.188,3604.595,3003.312,2975.551,2917.367
3174.062,3602.905,3003.208,2981.163,2905.959
3161.625,3580.262,3002.188,3000.694,2899.612
3153.875,3594.119,2991.812,3010.265,2912.755
3185.562,3584.928,2984.729,3003.061,2926.531
3191.75,3604.952,2985.792,2987.775,2908.551
3163.938,3582.143,2984.396,2985.674,2915.877
3194.438,3581.857,2977.792,2969.572,2916.898
3156.812,3595.905,2988.25,2999.326,2902.877
3196.812,3592.452,2997.312,2992.49,2911.877
3163.5,3597.333,3000.438,3007.837,2890.816
3176.188,3564.905,2998.354,2947.49,2912.775
3152.625,3586.452,2984.167,2902.959,2911.918
3176.938,3588.072,2992.188,2886.408,2913.326
3160.062,3584.452,2999.479,2967.061,2902.367
3166.25,3597.667,2989.75,2971.959,2918.714
3173.562,3590.19,2986.604,2956.918,2898.979
3146.875,3585.167,2971.688,2982.551,2904.775
3154.812,3572.31,2990.521,2961.898,2906.775
3144.125,3592.405,2990.292,2959.469,2908.49
3124.125,3578.524,2983.854,2958.592,2913.959
3168.625,3579.143,2997.5,2945.082,2906.775
3154.125,3591.262,2980.021,3018.979,2908.979
3172.438,3588.548,3004.646,2996.163,2914.633
3174.875,3575.69,2977.583,3004.021,2899.123
3171.5,3585.119,2984.562,2972.653,2903.857
3194.062,3582.857,2979.021,2993.694,2907.102
3203,3592.048,2995.312,2993.021,2907.326
3165.625,3588.714,3001.229,2981.755,2904.245
3160.125,3594.928,3008.833,2990.204,2901.959
3170.188,3594.786,2992.062,2964.551,2889.592
3155.062,3592.833,3000.667,2922.286,2913.326
3167.125,3608.452,2978.854,2958.816,2908.245
3146.938,3595.048,2994.625,2952.898,2906.469
3168.562,3611.262,2986.958,2972.816,2911.837
3166.125,3586.976,2991.271,2966.877,2909.939
3165.938,3587.833,2980.708,2953.428,2891.449
3180.5,3586.667,2992.417,2883.469,2921.469
3194.688,3609.714,2980.812,2858.388,2908.959
3185.812,3601.928,3002.25,2913.041,2901.51
3183.438,3593.714,2989.417,2962.898,2891.714
3173.625,3603.072,2990.333,2945.959,2907.428
3162,3579.952,2994.083,2920.714,2902.674
3167.688,3571.024,2999.458,2972.816,2903.939
3186.875,3596.095,3003.604,2987.245,2899.775
3183.25,3608.81,2997.917,2963.449,2894.265
3206.688,3598.286,2982.188,2940.979,2916.021
3188.188,3584.857,2997.042,2956.51,2911.225
3184.75,3618.095,3008.771,2985.449,2898.184
3169.875,3597.762,2977.854,2979.898,2897.021
3193,3603.714,2997.917,2992.51,2884.816
3194,3595.31,2993.188,2986.898,2900.102
3176.125,3573.095,2992.438,2942.041,2891.428
3182.125,3590.119,2965.292,2974.061,2890.041
3170.25,3600.976,2981.521,2997.143,2896.612
3170.75,3573.738,2972.604,2972.449,2925.326
3189.75,3581.143,2983.833,2967.367,2905.918
3202.25,3608.428,2986.646,2962.347,2907.816
3170,3618.572,2982.146,2926.674,2891.163
3192.25,3597.786,2996.458,2914.245,2902.061
3184.5,3572.643,2990.917,2926.326,2899.388
3184.25,3585.405,3008.917,2898.551,2902.021
3189.188,3608.476,2988.708,2866.796,2897.572
3172.062,3610.738,2986.958,2908.367,2906.918
3198.938,3598.214,2991.396,2908.633,2909.857
3159.375,3595.928,2991.875,2899.551,2904.572
3164.312,3614.69,2994.792,2867,2895.225
3174.938,3582.428,2982.458,2885.694,2895.245
3163.875,3595.857,2989.5,2931.837,2912.021
3188.062,3595.428,2997.083,2959.592,2903.265
3196.875,3597.905,3011.521,2970.163,2907.816
3186.938,3602.405,3012.646,2952.653,2900.979
3181.062,3588.976,3017.167,2984.796,2919.041
3212.875,3592.048,3010.271,2971.408,2921.265
3175.125,3596.143,3018.708,2974.755,2908.898
3178.5,3598.31,3024.125,2953.612,2911.531
3182.812,3609.476,3023.229,2885.286,2909.837
3184.375,3585.81,3026.125,2882.143,2920.163
3190,3592.262,3054.458,2978.245,2932.633
3187,3603.024,3021.646,2963.959,2909.163
3201.938,3629.428,3044.188,2928.306,2907.714
3179.062,3602.167,3061.083,2979.143,2906.796
3207.75,3599.786,3058.812,3011.816,2929.877
3204.125,3594.881,3031.333,2977.837,2920.306
3203.625,3620.072,3062.312,3013.388,2921.837
3212.312,3595.643,3081.979,3003.918,2924.551
3232.375,3603.786,3102.833,3046.959,2929.143
3244.625,3591.952,3091.896,3037.388,2944.225
3240.875,3604.262,3098.333,3049.041,2945.306
3204.688,3622.428,3117.583,3065.674,2942.306
3191.625,3614.786,3096.354,3064.041,2955.245
3207.75,3597.119,3084.771,3026.633,2936.163
3200.312,3597.024,3086.458,2992.898,2926.837
3188.562,3621.024,3103.479,2981.367,2946
3236.312,3614.5,3117.5,2979.898,2945.572
3221.5,3614.262,3103.562,2990.388,2922.735
3214.625,3616.905,3109.042,3033.306,2940.082
3206.5,3597.072,3108.583,3024.408,2939.102
3217.062,3603.095,3135.271,3031.551,2925.755
3189.438,3625.333,3126.646,3067.979,2930.163
3223.562,3604.238,3139.792,3042.123,2933.735
3235.562,3616.81,3141.25,3053.979,2938.898
3242.438,3601.548,3139.125,2999.775,2947.939
3206.75,3607.357,3137.583,3020.572,2932.082
3227.875,3602.452,3129.146,3033.041,2925.735
3204.875,3606.19,3140.708,3049.979,2936.592
3203.25,3600.524,3164.271,3050.918,2925.572
3219.25,3616.667,3142.208,3058.531,2942.551
3207.875,3620.286,3155.688,3065.979,2927.531
3226.188,3612.976,3125.771,3074.592,2926.979
3222.562,3616.595,3140.833,3055.755,2926.857
3216.25,3625.095,3150.333,3069.979,2955.041
3207,3610.524,3161.625,3052.939,2937.102
3211.562,3622.857,3173.25,3078.592,2926.347
3199.062,3599.881,3164.646,3090.755,2934.877
3202.75,3604.572,3155.146,3094.469,2943.388
3183.875,3598.548,3162.521,3075.265,2936.979
3182,3607.452,3139.417,3079.082,2934.082
3187.125,3633.619,3147.625,3035.694,2914.633
3145.625,3602,3158.042,3032.061,2920.714
3239.188,3621.262,3168.458,3042.674,2934.184
3232.812,3624.357,3192.792,3012.918,2935.837
3254,3630.238,3199.958,3072.286,2937.592
3253.562,3629.119,3184.646,3078.531,2937.163
3249.25,3625.333,3190.875,3084.816,2931.837
3218.812,3611.024,3189.542,3097.163,2938.225
3245.312,3609.143,3183.896,3081.061,2941.959
3238.938,3631.857,3196.646,3104.775,2948.939
3243.562,3607.857,3206.479,3068.388,2933.163
3234.375,3627.738,3192.021,3050.898,2934.857
3211.062,3624.31,3195.812,3031.469,2933.469
3214.312,3627.048,3181.75,3054.021,2921.612
3215.062,3615.31,3165.792,3059.102,2947.653
3218.688,3618.095,3180.979,3051.755,2920.612
3257.312,3607.572,3198.958,3055.021,2924.755
3239.688,3622.19,3213.708,2965.796,2933.857
3311.375,3627.714,3225.854,3089.326,2929
3260,3641.048,3227.188,3121.531,2932.714
3263.438,3617.667,3214.562,3092.592,2950.531
3262.938,3636.786,3211.708,3084.225,2950.265
3290.812,3636.5,3225.875,3131.225,2937.572
3254.688,3618.238,3210.833,3118.572,2932.755
3231.188,3614.167,3218.229,3113.265,2933.123
3268.25,3622.048,3212.667,3079.735,2953.857
3297,3626.786,3237.958,3123.367,2940.245
3294.688,3622.738,3238.812,3118.674,2944.531
3272.062,3609.072,3228,3123.082,2954.449
3272.062,3608.19,3232.333,3097.082,2940.082
3263.75,3636.167,3223.146,3062.939,2946.367
3255.562,3631.595,3238.125,3051.898,2951.082
3280,3630.238,3240.792,3089.082,2947.551
3272.75,3648.5,3221.875,3090.245,2940
3206.188,3595.69,3230,3109.082,2939.041
3251.562,3632.667,3246.438,3133.612,2936.592
3261.5,3618.643,3255.354,3136.408,2946.225
3266.688,3624.928,3244.917,3101.592,2956.082
3319.125,3632.405,3260.875,3153.857,2958.306
3268.812,3627.976,3258.25,3155.102,2954.061
3262.188,3632.619,3257.792,3122.428,2942.082
3240.125,3631.143,3228.812,3112.184,2954.408
3202.5,3633.238,3242.438,3110.877,2956.877
3216.938,3621.905,3231.5,3096.225,2956.735
3247.062,3631.572,3223.688,3118.612,2934.531
3217.438,3638,3243.979,3118.49,2947
3232.75,3640.548,3241.979,3110.021,2947.143
3281.25,3627,3252.771,3107.326,2957.959
3245.562,3610.667,3270.062,3129.755,2958.939
3299.75,3635.452,3269.771,3148.347,2953.49
3291.625,3650.024,3270.854,3118.021,2948.796
3302.562,3633.19,3269.396,3075.612,2969.837
3297.5,3672.833,3250.667,3125.102,2969.877
3304.875,3650.119,3252.062,3117.694,2956.959
3329.562,3638.286,3267.375,3074.857,2967.898
3320.875,3658.667,3259.625,3087.428,2962.245
3309,3640.595,3266.104,3164.796,2973.735
3304.562,3647.786,3249,3178.326,2969.204
3312.562,3642.857,3255.667,3123.388,2963.061
3324.562,3661.476,3257.229,3141.979,2955.428
3311.312,3660.167,3275.042,3118.857,2959.979
3281.5,3655.524,3261,3149.877,2972.694
3315.438,3627.976,3288.833,3146.367,2960.837
3300.062,3635.262,3257.438,3113.816,2951.388
3321.375,3650.667,3241.958,3106.041,2961.143
3321.062,3627.857,3242.5,3129.163,2982.306
3337.75,3647.714,3266.708,3079.939,2967.286
3320.312,3622.548,3269.854,3107.265,2957.102
3273.688,3651.119,3242.417,3155.408,2958.286
3317.75,3672.262,3245.312,3146.367,2971.653
3299.938,3655.572,3252.042,3115.143,2960.979
3320.062,3645.095,3258.792,3110.714,2952.633
3319.438,3650.167,3264.25,3119.061,2950.082
3313.625,3648.5,3249.146,3069.143,2948.653
3338.5,3680.643,3247.042,3138.021,2965.286
3349.562,3657.405,3263.604,3134.572,2975.694
3315.375,3656.5,3263.521,3088.551,2968.367
3344.688,3683.643,3231.896,3071.572,2960.898
3367.812,3683.095,3233.833,3073.041,2962.877
3330.062,3662.024,3268.479,3073.51,2971.816
3370.5,3652.548,3262.292,3045.388,2978.204
3375,3672.452,3248.438,3100.225,2985.735
3355.438,3666.81,3238.812,3089.265,2958.816
3323.562,3654.786,3249.979,3058.225,2951.653
3306.125,3670.881,3225.125,3046.347,2963.388
3327.875,3669,3257.854,2977.51,2962.245
3356.625,3642.072,3229.042,2950.572,2975.775
3352.75,3661.31,3258.792,2961.225,2977.979
3351.938,3658.167,3243.583,3028.633,2974.061
3326.812,3670.31,3228,3052.775,2960.286
3329.562,3654.881,3261.312,3074.775,2969.653
3387,3669.762,3267.646,3071.082,2983.367
3404.812,3681.857,3266.854,3053.021,2982.469
3416.562,3650.476,3276.792,3051.735,2975.653
3419.688,3672.595,3270.021,3078.857,2988.694
3381.562,3653.976,3248.104,3114.061,2975
3404.062,3634.452,3259.604,3161.347,2986.49
3416.875,3666.31,3277.167,3082.265,2983.674
3395.312,3664.524,3268.792,3045.918,2990.245
3387.812,3648.143,3254.583,3060.592,2981.123
3443.5,3631.548,3272.688,3136.347,2984.959
3421,3661.667,3281.375,3124.877,2990.877
3461.812,3661.595,3265.521,3099.245,2997.449
3420.125,3663.428,3266.854,3090.286,2988.082
3404.688,3666.048,3267.854,3077.49,2993
3391.688,3665.833,3239.542,3125.674,2985.265
3411.625,3667.428,3244.479,3131.531,2976.021
3446.438,3665.738,3253.562,3123.898,2974.041
3455.75,3676.5,3278.521,3094.939,2989.694
3439.875,3677.357,3259.333,3087.469,2983.796
3425.688,3690.476,3254.5,3084.286,2977.306
3438,3673.572,3243.562,3061.469,2979.245
3456.25,3649.69,3271.646,3078.918,2983.51
3479.688,3666.262,3251.729,3035.347,2978.061
3484.812,3667.833,3245.625,3036.265,2976.184
3491.438,3665.333,3258.771,3068.694,2987.265
3440,3631.405,3257.938,3070.898,2990.163
3446.625,3648.072,3252.771,3079.816,2979.041
3467.375,3680.262,3248.208,3046.49,2979.816
3440.625,3651.5,3246.458,2992.674,2973.939
3441.625,3658.881,3252.708,2966.102,2968.735
3478.312,3652.119,3243.479,3072.939,2988.775
3477.938,3648.238,3259.188,3091.347,2992.796
3468.375,3658.238,3242.646,3065.857,2968.49
3451.062,3677.762,3257.083,3088.592,2980.347
3476.812,3660,3256.708,3052.837,2982.531
3444.938,3663.905,3259.021,3024.123,2977.021
3495.125,3647.643,3242.979,3024.633,2988.796
3486.875,3668.976,3251,3035.225,2975.49
3515.75,3663.976,3236.188,3086.225,2985.204
3487.438,3662,3239.958,3091.572,2974.082
3494.5,3666.572,3232.583,3088.796,2991.674
3524.812,3662.643,3248.479,3085.265,2979.306
3496.938,3680.619,3239.5,3107.102,2971.653
3460.625,3667.643,3235.958,3097.265,2980.347
3499.125,3651.619,3237,3052.592,2989.775
3481.938,3662.738,3245.229,3082.204,2980.469
3540.562,3659.905,3245.083,3121.877,2986.918
3548.688,3669.786,3253.521,3137.653,2994.51
3567.312,3672.405,3263.646,3123.408,3005.184
3529.75,3657.381,3241.729,3065.796,2994.877
3535.75,3661.857,3250.521,3048.245,2995.061
3549,3656.286,3269.958,3042.49,3001.959
3574.312,3665.905,3254.146,3076.021,2987.816
3535.25,3651.286,3243.188,3078.714,2989.531
3570.062,3645.048,3224.854,3100.123,2991.775
3505.062,3673.643,3233.917,3102.184,2989.265
3528.562,3634.714,3230.375,3040.633,2978.551
3505.75,3641.905,3231.125,3085.877,2976.674
3550.25,3643.833,3244.062,3102.388,2977.367
3576.062,3658.405,3233.875,3068.653,2968.898
3609.438,3638.024,3272.625,3046.755,2987.306
3608.938,3664.667,3251.562,3103.143,3012.041
3594.625,3658.452,3242.229,3114.041,3002.061
3579.375,3679.19,3239.542,3045.918,3002.021
3604.438,3657.048,3236.854,3025.959,2982.918
3605.688,3652.476,3247.521,3060.449,3002.49
3580.375,3634.095,3229.188,3053.123,2989.857
3609.375,3658.738,3236.771,3064.204,2982.898
3597.25,3638.333,3225.708,3074.653,2995.775
3582.5,3658.31,3233.354,3049.184,2989.837
3569.438,3644.548,3226.167,3050.286,2982.572
3570.812,3648.476,3220.021,3011.572,2987.061
3595.438,3635.548,3215.271,3028.633,2996.163
3616.312,3634.072,3225.854,3074.204,2986.225
3595.438,3641.095,3221.75,3055.449,3004.694
3571.625,3635.405,3215.396,2986.877,2991.225
3600.5,3627.333,3229.104,2907.408,3003.674
3641.25,3646.81,3219.146,2967.428,2998.877
3598.688,3657.524,3232.917,3014.531,2987.633
3601.25,3653.476,3214.688,3017.469,2981.694
3588.812,3636.905,3200.479,3052,2984.163
3617.125,3663.524,3211.854,3061.674,2982.204
3617.312,3653.524,3228.167,3069.102,2992.469
3552.375,3646.786,3215.562,3066.061,2993.388
3588.688,3643.119,3208.083,3069.265,2981.939
3597.438,3651.881,3227.896,3028.163,3000.347
3614.625,3628.786,3217.438,3043.428,2997.306
3578,3645.452,3220.062,3076.51,2982.061
3630.5,3643.476,3216.542,3064.653,2998.612
3600.625,3634.476,3236.875,3069.939,2988.184
3634.188,3646.167,3215.604,3029.531,2990.265
3616.375,3649.024,3197.604,3015.449,3004.061
3623.438,3652.595,3205.271,3019.694,3001.245
3600.875,3645.214,3209.208,3065.225,3002.021
3584.875,3633.024,3199.25,3059.898,3008.49
3629.5,3625.976,3218.208,3042.877,2979.837
3605.188,3624.881,3219.542,3025.735,2999.021
3578.5,3650.5,3205.958,3060.082,2986.306
3547.125,3634.81,3202.188,3069.041,2992.204
3551.312,3642.928,3200.333,3033.735,2991.796
3574.688,3648,3206.875,3027.347,2966.347
3558.75,3635.857,3211.146,3011.428,2980.531
3553.062,3635.333,3216.688,3005.163,2993.918
3523.188,3641.738,3194.729,3051.061,2995.408
3534.062,3660.881,3204,3048.755,2995.694
3550.25,3631.667,3210.417,3049.531,2985.225
3558.125,3640.738,3202.083,3037.449,3000.531
3544.625,3634.69,3210.562,3019.265,2985.531
3602.5,3638.095,3200.042,2963.449,2989.714
3597.062,3635.857,3185.625,2992.041,3003.796
3571.25,3622.143,3194.646,3033.225,2996.428
3573.938,3645.952,3209.25,3042.163,2995.551
3589.875,3639.333,3187.479,3026.694,2996.388
3578.875,3640.5,3198.729,3014.265,3003.877
3567.812,3627.572,3191.938,2982.021,3000.837
3539.5,3656.024,3205.312,3003.633,3010.714
3570.625,3635.476,3191.396,3016.225,3001.428
3534.688,3625.976,3194.604,3047.837,2975.082
3566.312,3621.143,3191.104,3028.388,2989.592
3583.188,3628.405,3174.521,2977.572,2992.347
3615.375,3642.143,3167.938,2984.735,2999.49
3591.938,3630.19,3185.125,3034.714,2990.102
3563.938,3635.31,3185.062,3030.816,3003.326
3553.25,3655.928,3187.125,2962.204,2996.143
3556.312,3646.905,3194.604,2949.877,2996.898
3556.062,3635,3197.229,2961.918,3002.469
3568.938,3644.238,3164.771,2983.796,2994.123
3567.625,3627.31,3179.792,3008.877,3008.877
3579.688,3630.19,3178.396,2995.163,2992.674
3554.625,3645,3183.812,2944.449,2995.918
3552.938,3644.952,3175.688,2926.449,2987.979
3547.5,3617.095,3185.25,2983.082,2982.714
3535.062,3622.5,3166.479,3024.877,2992.041
3582.875,3616.357,3188.125,3025.265,2996.367
3592.812,3615.405,3188,2995.551,3004.775
3556.688,3628.524,3192.125,2968.347,2988.163
3577.938,3636.738,3191,2943.469,2985.408
3612.812,3627.119,3189.417,2988.674,2997.428
3569.375,3642.072,3177,2991.857,3000.184
3547.875,3618.786,3174.146,2980.857,2974.286
3555.625,3629.738,3184.208,2978.837,2998.592
3553.438,3619.714,3179.583,2969.245,2991.572
3634.562,3605.072,3162.771,2963.49,2977.674
3564.062,3624.476,3177.646,2992,2983.102
3552.625,3622.286,3170.667,2974.898,2984.653
3540.438,3629.524,3167.333,2991.347,2973.388
3488.125,3610.405,3172.542,2979.714,2974.551
3548.375,3612.405,3142.604,2941.592,2991.449
3542.562,3607.762,3161.708,2931.49,2973.959
3536.625,3604.905,3169.021,2922.837,2992.918
3497.125,3619.833,3164.583,2951.021,2976.918
3516.875,3608.524,3136.562,2943.347,2973.592
3529.438,3579.572,3166.083,2953.326,2978.735
3501.75,3619.952,3154.438,2951.49,2982.837
3488.75,3590.405,3155.875,2988.877,2975.775
3523.875,3610,3155.396,2982.388,2989.204
3514.75,3612.262,3144.417,2977.551,2979.245
3469.312,3633.833,3140,2960.735,2989.572
3475.188,3633.381,3145.938,2942.877,2983.979
3434.688,3634.81,3155.25,2904.49,3000.918
3434.188,3645.714,3143.208,2834.428,2983.531
3446.875,3603.595,3163.354,2726.163,2967.775
3414.938,3609.905,3147.917,2698.082,2976.469
3408.562,3616.262,3111.917,2687.347,2970.694
3379.062,3605.452,3125.146,2855.102,2966.347
3348.938,3614.714,3112.125,2893.184,2957.816
3362.188,3612.143,3113.021,2921.877,2978.775
3372.5,3633.643,3101.479,2939.49,2968.775
3346.75,3626.405,3141.146,2892.653,2964.633
3378.562,3605.881,3121.854,2886.653,2970.653
3355.625,3627.19,3109.188,2917.245,2959.694
3351.188,3626.5,3103.375,2904.286,2949.755
3322.812,3601.714,3089.375,2899.184,2962.469
3335.375,3623.024,3106.875,2940.837,2947.306
3334.688,3630.69,3095.083,2941.449,2949.653
3344.688,3610.714,3102.646,2926.49,2956.551
3300.188,3609.595,3096.146,2935.612,2938.449
3305.812,3622.072,3102.854,2916.061,2943.755
3290.375,3625.572,3090.521,2905.572,2946.347
3303.75,3601.428,3076.521,2904.326,2930.939
3281.125,3593,3080.167,2934.082,2931.837
3284.438,3576.428,3061.25,2903.979,2929.796
3277,3607.428,3067.5,2911.184,2949.979
3280.438,3611.619,3066.833,2919.49,2939.612
3283.938,3607.548,3039.792,2878.184,2927.531
3253.625,3606.928,3053.167,2833.939,2946.123
3247.375,3615.119,3051.604,2882.184,2932
3242.188,3583.452,3051.667,2896.225,2926.449
3263.562,3594.762,3040.708,2901.816,2947.857
3246.812,3622.952,3048.771,2901.674,2951.163
3226,3622.762,3046.979,2873.959,2940.51
3238.062,3599.643,3052.333,2832.428,2934.306
3215.812,3611.119,3042.438,2824.082,2915.796
3202.75,3600.524,3049.812,2826.265,2931.674
3216.875,3608.31,3043.521,2804.898,2920.796
3214.188,3609.905,3051.604,2803.592,2931.735
3205.312,3616.31,3035,2895.265,2932.694
3219.5,3625.381,3051.75,2892.592,2928.347
3237.188,3604.952,3035.104,2895.082,2937.857
3226.062,3618.738,3052.583,2903.225,2928.49
3200.625,3618.428,3050.083,2894.326,2947.306
3203.938,3608.738,3033.875,2869.225,2930.979
3172,3606.452,3036.875,2901.877,2930.898
3200.125,3599.5,3036.208,2894.163,2920.694
3181.75,3600.357,3034.271,2875.021,2920.796
3161.875,3610.476,3037.458,2901.245,2915.959
3174.938,3617.143,3018.292,2903.204,2909.816
3192.5,3618.976,3026.167,2889.367,2930
3192.625,3610.738,3021.854,2898.612,2911.796
3193.562,3619.69,3030.354,2910.49,2936.306
3211.938,3601.667,3029.604,2911.245,2926.408
3178.875,3614.143,3046.354,2909.857,2915.551
3191.438,3624.357,3017.979,2890.592,2920.347
3219.688,3605.048,3025.396,2885.082,2903.061
3232.562,3608.428,3032.188,2914.469,2918.143
3187.25,3606.976,3026.417,2913.653,2919.184
3196.812,3616.428,3023.75,2908.837,2908.388
3175.312,3606.928,3018.375,2892.347,2906.123
3173,3621.572,3025.292,2917.326,2919.775
3171,3603.81,3030.979,2887.143,2920.225
3145.625,3610.881,3017.25,2880,2917.816
3186.125,3603.857,3028.417,2887.735,2908.306
3165.5,3608.048,3012.542,2799.551,2920.898
3187.188,3616.286,3024.417,2817.939,2918.612
3184.812,3606.095,3008.542,2839.612,2920.265
3159.688,3619.786,3002.292,2864.959,2919.225
3171.812,3633.452,3026.417,2859.082,2916.674
3195.188,3631.881,3020.75,2850.857,2917.633
3166.375,3611.095,3014.875,2909.714,2918.082
3189.062,3615.619,3018.646,2898.633,2906.592
3179.25,3618.905,3021.625,2907.286,2911.551
3141.375,3611.405,3015.979,2863.286,2896.939
3162.125,3622.524,3013.854,2861.877,2914.123
3160.812,3633.072,3020.479,2900.816,2905.041
3157.938,3606.595,3009.521,2893.388,2905.918
3139.875,3641.476,3010.25,2870.551,2912.877
3142.812,3621.024,3001.833,2864.837,2891.857
3137.562,3610.452,3006.688,2864.694,2908.816
3146.625,3633.952,2999.812,2874.225,2906.021
3128.625,3591.262,3002.188,2876.918,2916.061
3151.688,3620.119,2987.979,2861.061,2914.326
3145.188,3608.69,3002.25,2764.347,2897.857
3145.938,3622.428,2983.396,2693.469,2900.184
3165.312,3615.976,2994.188,2687.428,2908.286
3133.312,3624.072,3003.875,2722.388,2904.49
3145,3629.238,2992.271,2752,2911.204
3128.688,3620.19,2989.354,2774.979,2903.918
3157.812,3616.833,3002.958,2789.061,2910.347
3128.125,3614.976,3013.167,2827.551,2906.061
3141.25,3639.643,2990.208,2818.796,2905.184
3151.812,3609.428,2987.729,2815.347,2909.021
3115,3637.928,2994.646,2817.755,2903.551
3143.125,3605.072,2996.875,2845.877,2900.469
3131.938,3602.405,2992.021,2846.816,2900.939
3144.875,3617.31,2997,2837.694,2912.959
3144.375,3618.928,2975.188,2843.877,2889.857
3134.875,3622.19,2983.271,2839.102,2888.143
3096.875,3625.81,2977.438,2815.184,2903.286
3128.688,3609.786,2971.604,2812.204,2914.816
3118.375,3623.595,2976.458,2838.449,2907.735
3108.5,3611.857,2967.625,2855.979,2888.021
3127,3600.667,2966.521,2827.163,2903.286
3159.75,3631.19,2964.771,2829.061,2905.286
3129.625,3620.428,2974,2766.408,2898.959
3117.375,3621.786,2956.521,2758.082,2910.041
3123.438,3619.357,2969.812,2752.735,2902.857
3096.25,3622.167,2949.229,2744.918,2893.694
3104.625,3609.214,2970.146,2766.225,2898.306
3141.688,3621.524,2961.75,2764.225,2906.163
3096.875,3603.428,2946.458,2785.694,2902.449
3136.938,3622.428,2968.479,2841.51,2892.531
3142.062,3604.072,2977.271,2855.775,2906.633
3124.062,3609.5,2951.188,2823.306,2908.449
3103.5,3605.333,2952.396,2798.449,2898.653
3124.125,3602.286,2962.271,2815.326,2884.286
3105.125,3605.19,2967.979,2817.061,2893.102
3149.938,3601.214,2958.042,2792.653,2896.286
3139.188,3611.095,2974.083,2817.674,2910.245
3149.062,3614.143,2951.375,2826.755,2898.347
3137.438,3607.81,2949.583,2791.877,2889.082
3139.312,3630.81,2971.75,2798.816,2905.694
3159.438,3608.857,2954.375,2814.184,2885.143
3138.25,3607.5,2960.208,2819.184,2903.102
3134.938,3622.976,2948.312,2826.245,2890.918
3103.812,3606.381,2973,2845.857,2886.265
3097.625,3596.095,2942.25,2846.204,2886.245
3133.875,3603.572,2952.917,2805.674,2907.531
3088.562,3594.428,2956.958,2779.918,2886.021
3126.5,3620.286,2940.521,2803.572,2898.49
3124.562,3591.786,2948.833,2803.082,2897.326
3104.938,3586.857,2953.083,2774.469,2882.388
3119,3598.928,2943.312,2784.775,2893.694
3087.5,3589.072,2959.083,2810.061,2907.939
3094.875,3599.262,2958.417,2807.877,2908.082
3125.312,3602.095,2954.562,2836.143,2891.939
3119.188,3585.738,2959.771,2840.633,2881.551
3144,3601.143,2959.562,2798,2896.979
3124.188,3616.119,2968.938,2807.877,2905.979
3142.188,3598.095,2953.167,2799.633,2885.49
3123.625,3603.833,2964.708,2767.265,2895.979
3134.312,3596.381,2955,2750.021,2894.347
3128.875,3614.952,2954.104,2826.326,2897.286
3123.812,3609.095,2951.438,2823.939,2888.735
3123.688,3601.119,2940.562,2841,2895.714
3118.062,3621.643,2951.938,2847.204,2902.021
3122.875,3596.952,2962.604,2830.388,2895.694
3118.688,3599,2962.583,2741.612,2886.449
3124.312,3622.19,2949.104,2715.265,2898.551
3104.562,3596.238,2959.271,2736.245,2896.286
3101,3614.286,2950.062,2768.143,2888.245
3132.562,3607.881,2950.458,2786.102,2878.612
3132.188,3620.238,2942.917,2812.735,2889
3118.688,3619.381,2956.521,2814.326,2883.469
3119.062,3603.928,2953.104,2826.572,2889.49
3091.375,3608.31,2948.021,2836.102,2886.51
3133.312,3588.548,2952.833,2837.837,2884.123
3139.188,3611.976,2952.938,2832.123,2889.551
3104.312,3590.095,2940.479,2790.082,2892.225
3090.812,3599.833,2965.417,2774.102,2886.572
3114.938,3610.048,2937.125,2826.694,2871.265
3092.75,3609.976,2952.458,2858.204,2890.653
3116.5,3611.452,2963.229,2855.143,2886.572
3126.938,3610.286,2965.854,2814.082,2894.572
3145.312,3617.072,2956.021,2781.857,2877.347
3130.438,3629.143,2969.271,2791.265,2884.572
3133.938,3607.072,2961.583,2825.979,2889.979
3109.75,3602.5,2943.042,2791.877,2872.755
3087.812,3617.643,2958.854,2774,2889.082
3114.375,3606.786,2943.479,2739.735,2894.918
3139.25,3602,2950,2724.857,2892.796
3094.688,3608.214,2944.646,2728.408,2898.408
3097.062,3613.524,2943.062,2823.572,2897.592
3117.562,3595.643,2955.458,2817.592,2882.225
3094.312,3611.405,2956.854,2798.469,2879.367
3123.312,3610.238,2963.042,2783.082,2906.163
3118.875,3608.524,2962.125,2769.694,2880.367
3109.062,3609.167,2969.417,2770.837,2889.041
3120.188,3620.214,2938.854,2775.184,2883.51
3108.688,3600.69,2942.896,2761.816,2884
3117.312,3595.572,2960.958,2818.123,2877.245
3118.188,3603.072,2940.792,2767.898,2892.163
3119.125,3602.81,2964.375,2716.163,2880.428
3109,3590.881,2951.688,2665.123,2876.735
3135.312,3617.333,2971.562,2676.694,2897.225
3130,3609.762,2951.688,2722.123,2896.959
3114.312,3613.786,2945.729,2760.572,2883.653
3125.438,3610.762,2941.688,2803.796,2887.469
3141.062,3594.476,2938.208,2768.123,2896.918
3091.75,3596.857,2942.562,2752,2878.796
3108.812,3602.524,2945.271,2797.347,2888.51
3100.625,3599.072,2929.958,2802.51,2896.449
3098.25,3609.5,2937.146,2824.408,2886.469
3103.312,3603.357,2939.583,2809.572,2895.877
3083.75,3598.238,2945.292,2793.286,2900.021
3105.562,3598.31,2941.729,2788.286,2897.979
3100.125,3624.119,2938.354,2800.816,2889.796
3122.812,3604.643,2936.958,2751.714,2886.918
3105.562,3598.381,2943.938,2731.408,2882.469
3117.062,3611,2938.062,2734.959,2873.653
3123.625,3623,2935.042,2756.449,2874.898
3133,3612.024,2929.542,2813.979,2872.592
3127,3591.333,2948.542,2780.143,2893.939
3113.062,3598.048,2921.562,2797,2872.306
3076.75,3601.476,2931.417,2799.49,2893.265
3097.812,3610.619,2942.75,2800.245,2885.755
3097.938,3614.024,2929.729,2783.653,2891.163
3092.188,3602.452,2925,2808.408,2877.51
3090.688,3597.048,2927.021,2827.755,2877.633
3107.125,3588.833,2930.688,2790.694,2893.163
3087.875,3612.143,2921.625,2798.123,2892.082
3098,3591.548,2908.188,2787.837,2898.633
3099.25,3605.976,2921.729,2799.469,2876.714
3099.312,3611.143,2918.312,2767.898,2879.959
3096.75,3595,2923.917,2793.469,2891.592
3115.188,3602.262,2930.188,2779.531,2883.898
3110.312,3609.762,2922.625,2761.469,2882.245
3112.812,3596.786,2919.854,2787.531,2889.796
3077.5,3586.357,2928.438,2797.449,2887.469
3092.438,3587.524,2932.167,2815.857,2883.837
3103,3601.833,2915.312,2777.735,2868.041
3108.375,3598.69,2933.854,2749.735,2871.857
3098.5,3577.262,2926.062,2749.918,2887.163
3089.25,3593.619,2931.021,2761.979,2884.306
3086.25,3593.119,2941.167,2779.714,2890.612
3074.25,3581.714,2918.479,2794.796,2869.082
3084.625,3592.143,2930,2777.877,2892.082
3101.312,3580.952,2940.021,2811.082,2884.551
3085.812,3566.048,2930.229,2794.469,2874
3080.938,3583.5,2937.833,2813.898,2896.326
3094.188,3584.738,2930.5,2818.49,2879.51
3099.312,3589.19,2923.188,2766.326,2873.225
3069.625,3597.643,2918.083,2764.061,2888.326
3069.438,3577.072,2929.646,2757.061,2884.204
3079.188,3596.333,2921.833,2762.245,2880.306
3086.5,3580.524,2925.792,2789.469,2881.592
3076.062,3593.381,2935.229,2797.021,2888.898
3081.625,3609.762,2924.062,2777.714,2878.572
3063.562,3586.167,2935,2786.041,2891.959
3071.938,3579.5,2922.083,2785.551,2880.735
3077.875,3598.928,2933.917,2784.163,2873.694
3074.938,3588.19,2915.646,2775,2886.143
3079.75,3585.19,2923.479,2774.326,2880.939
3072.125,3580.143,2921.417,2770.286,2888.163
3073.75,3575.405,2917.729,2782.979,2865.592
3061.625,3574.072,2918.979,2787.653,2884.245
3049.688,3585.976,2925.333,2783.572,2876.347
3075.938,3575.905,2932.542,2818.857,2888.428
3089.812,3581.738,2932.125,2830.816,2880.612
3085.812,3570.976,2939.271,2823.469,2890.735
3073.5,3567.143,2927.104,2788.959,2883.51
3064.125,3593.19,2925.479,2754.408,2889.367
3079.125,3579.738,2938.708,2772.979,2877.694
3078.688,3582.714,2930.625,2762.184,2875.449
3077.75,3590.167,2919.625,2758.143,2882.775
3041.625,3568.119,2927.167,2721.143,2872.123
3058.5,3573.976,2922.042,2724.837,2886.694
3047.062,3572.238,2920.792,2754.082,2889.714
3087.188,3588.762,2911.042,2763.674,2898.877
3053.188,3583.905,2911.604,2747.572,2876.245
3061.75,3594.976,2930.458,2728.143,2890.49
3071.188,3592.476,2933.708,2783.551,2885.061
3075.875,3568.286,2901.188,2811.306,2876.612
3081.562,3593.31,2919.771,2815,2894.694
3078.125,3574.833,2922.708,2761.388,2879.775
3076,3599.095,2927.5,2748.347,2881.979
3075.5,3578.19,2909.062,2744.796,2882.286
3051.062,3587.881,2913.104,2775.265,2884.633
3051.375,3590.19,2932.875,2794.428,2891.755
3096,3581.072,2918.292,2745.408,2884.877
3060.875,3592.19,2923.208,2802.898,2877.877
3075.688,3570.095,2922.833,2815.653,2885.653
3075.125,3578.833,2934.292,2815.633,2875.041
3079.562,3590.262,2925.562,2754.551,2880.755
3082.5,3582.428,2935.5,2749.959,2896.735
3053.125,3592.476,2925.333,2712.939,2877.531
3063.312,3583.5,2920.458,2689.367,2885.49
3071.812,3592.81,2919.979,2731.143,2884.979
3098.062,3590.548,2927.542,2744.102,2898.898
3063.25,3594.643,2922.771,2733.347,2879.857
3081.625,3579.405,2916.521,2762.082,2892.041
3073.25,3581.762,2927.729,2765.163,2874.225
3083.625,3594.167,2922.583,2756.245,2879.204
3054.625,3590.19,2917.667,2728.959,2877.061
3061.875,3590.81,2925.396,2754.367,2881.204
3058.25,3586.452,2926.021,2775.939,2889.551
3052.812,3564.905,2912.938,2779.388,2901.775
3061.062,3581.19,2919.438,2804.857,2896.347
3077.875,3598.833,2932.396,2815.633,2885.939
3058.812,3590.428,2943.958,2808.653,2891.694
3053.375,3586.214,2924.417,2783.531,2889.428
3085.562,3572.333,2930.688,2735.469,2882.265
3054.938,3595.69,2933.438,2720.837,2884.857
3058.938,3601.524,2926.188,2751.918,2888.796
