100.00	0.00	7.23	30.00	150.00	2.70	97.30	0.50	

19.99	20.00	0.000000	16.911
19.99	20.00	0.000017	17.011
19.99	20.00	0.000033	17.111
19.99	20.00	0.000050	17.212
19.96	20.00	0.000067	17.312
19.96	20.00	0.000083	17.412
19.93	20.00	0.000100	17.536
19.93	20.00	0.000117	17.635
19.93	20.00	0.000133	17.741
19.91	20.00	0.000150	17.836
19.91	20.00	0.000167	17.935
19.91	20.00	0.000183	18.040
19.91	20.00	0.000200	18.134
19.91	20.00	0.000217	18.234
19.91	20.00	0.000233	18.338
19.91	20.00	0.000250	18.433
19.91	20.00	0.000267	18.533
19.91	20.00	0.000283	18.637
19.93	20.00	0.000300	18.732
19.93	20.00	0.000317	18.832
19.93	20.00	0.000333	18.936
19.96	20.00	0.000350	19.030
19.96	20.00	0.000367	19.130
19.99	20.00	0.000383	19.234
19.99	20.00	0.000400	19.329
20.01	20.00	0.000416	19.430
20.01	20.00	0.000433	19.533
20.01	20.00	0.000450	19.628
20.04	20.00	0.000466	19.729
20.04	20.00	0.000483	19.832
20.04	20.00	0.000500	19.926
20.04	20.00	0.000516	20.029
20.06	20.00	0.000533	20.131
20.06	20.00	0.000550	20.226
20.06	20.00	0.000566	20.329
20.06	20.00	0.000583	20.430
20.06	20.00	0.000600	20.524
20.06	20.00	0.000616	20.629
20.06	20.00	0.000633	20.728
20.06	20.00	0.000650	20.823
20.06	20.00	0.000666	20.928
20.06	20.00	0.000683	21.027
20.06	20.00	0.000700	21.122
20.06	20.00	0.000716	21.226
20.06	20.00	0.000733	21.326
20.06	20.00	0.000750	21.420
20.06	20.00	0.000766	21.525
20.04	20.00	0.000783	21.625
20.04	20.00	0.000800	21.719
20.04	20.00	0.000816	21.825
20.04	20.00	0.000833	21.918
20.04	20.00	0.000850	22.018
20.04	20.00	0.000866	22.123
20.01	20.00	0.000883	22.218
20.01	20.00	0.000900	22.318
20.01	20.00	0.000916	22.422
20.01	20.00	0.000933	22.517
20.01	20.00	0.000950	22.616
20.01	20.00	0.000966	22.721
20.01	20.00	0.000983	22.815
19.99	20.00	0.001000	22.915
19.99	20.00	0.001016	23.019
19.99	20.00	0.001033	23.114
19.99	20.00	0.001050	23.215
19.99	20.00	0.001066	23.318
19.99	20.00	0.001083	23.414
19.99	20.00	0.001100	23.514
19.99	20.00	0.001116	23.617
19.99	20.00	0.001133	23.714
19.99	20.00	0.001150	23.814
19.99	20.00	0.001166	23.915
19.99	20.00	0.001183	24.014
19.99	20.00	0.001200	24.115
20.01	20.00	0.001216	24.214
20.01	20.00	0.001233	24.314
20.01	20.00	0.001250	24.414
20.01	20.00	0.001266	24.514
20.01	20.00	0.001283	24.614
20.01	20.00	0.001299	24.714
20.01	20.00	0.001316	24.815
20.01	20.00	0.001333	24.914
20.01	20.00	0.001349	25.014
20.01	20.00	0.001366	25.114
20.01	20.00	0.001383	25.214
20.01	20.00	0.001399	25.314
20.01	20.00	0.001416	25.414
20.01	20.00	0.001433	25.514
20.01	20.00	0.001449	25.614
20.01	20.00	0.001466	25.715
20.01	20.00	0.001483	25.814
20.01	20.00	0.001499	25.914
20.01	20.00	0.001516	26.014
20.01	20.00	0.001533	26.114
20.01	20.00	0.001549	26.214
20.01	20.00	0.001566	26.314
20.01	20.00	0.001583	26.414
20.01	20.00	0.001599	26.514
19.99	20.00	0.001616	26.615
19.99	20.00	0.001633	26.714
19.99	20.00	0.001649	26.814
19.99	20.00	0.001666	26.914
19.99	20.00	0.001683	27.013
19.99	20.00	0.001699	27.114
19.99	20.00	0.001716	27.214
19.99	20.00	0.001733	27.315
19.99	20.00	0.001749	27.414
19.99	20.00	0.001766	27.514
19.99	20.00	0.001783	27.614
19.99	20.00	0.001799	27.714
19.99	20.00	0.001816	27.814
19.99	20.00	0.001833	27.914
19.99	20.00	0.001849	28.015
19.99	20.00	0.001866	28.114
19.99	20.00	0.001883	28.215
19.99	20.00	0.001899	28.314
20.01	20.00	0.001916	28.414
20.01	20.00	0.001933	28.514
20.01	20.00	0.001949	28.614
20.01	20.00	0.001966	28.714
20.01	20.00	0.001983	28.814
20.01	20.00	0.001999	28.915
20.01	20.00	0.002016	29.014
20.01	20.00	0.002033	29.114
20.01	20.00	0.002049	29.214
20.01	20.00	0.002066	29.314
20.01	20.00	0.002082	29.413
20.01	20.00	0.002099	29.513
20.01	20.00	0.002116	29.637
20.01	20.00	0.002132	29.742
20.01	20.00	0.002149	29.842
20.01	20.00	0.002166	29.937
20.01	20.00	0.002182	30.042
20.01	20.00	0.002199	30.136
19.99	20.00	0.002216	30.236
19.99	20.00	0.002232	30.340
19.99	20.00	0.002249	30.435
19.99	20.00	0.002266	30.534
19.99	20.00	0.002282	30.639
19.99	20.00	0.002299	30.734
19.99	20.00	0.002316	30.833
19.99	20.00	0.002332	30.938
19.99	20.00	0.002349	31.032
19.99	20.00	0.002366	31.131
19.99	20.00	0.002382	31.236
19.99	20.00	0.002399	31.330
19.99	20.00	0.002416	31.430
19.99	20.00	0.002432	31.535
19.99	20.00	0.002449	31.629
19.99	20.00	0.002466	31.729
19.99	20.00	0.002482	31.834
20.01	20.00	0.002499	31.929
20.01	20.00	0.002516	32.028
20.01	20.00	0.002532	32.133
20.01	20.00	0.002549	32.228
20.01	20.00	0.002566	32.327
20.01	20.00	0.002582	32.432
20.01	20.00	0.002599	32.526
20.01	20.00	0.002616	32.626
20.01	20.00	0.002632	32.730
20.01	20.00	0.002649	32.825
20.01	20.00	0.002666	32.925
20.01	20.00	0.002682	33.029
20.01	20.00	0.002699	33.124
20.01	20.00	0.002716	33.225
20.01	20.00	0.002732	33.328
20.01	20.00	0.002749	33.422
20.01	20.00	0.002766	33.526
20.01	20.00	0.002782	33.626
20.01	20.00	0.002799	33.721
20.01	20.00	0.002816	33.826
19.99	20.00	0.002832	33.925
19.99	20.00	0.002849	34.020
19.99	20.00	0.002866	34.124
19.99	20.00	0.002882	34.225
19.99	20.00	0.002899	34.318
19.99	20.00	0.002915	34.423
19.99	20.00	0.002932	34.523
19.99	20.00	0.002949	34.618
19.99	20.00	0.002965	34.723
19.99	20.00	0.002982	34.822
19.99	20.00	0.002999	34.917
19.99	20.00	0.003015	35.021
19.99	20.00	0.003032	35.121
19.99	20.00	0.003049	35.215
19.99	20.00	0.003065	35.320
19.99	20.00	0.003082	35.414
20.01	20.00	0.003099	35.515
20.01	20.00	0.003115	35.619
20.01	20.00	0.003132	35.714
20.01	20.00	0.003149	35.814
20.01	20.00	0.003165	35.918
20.01	20.00	0.003182	36.014
20.01	20.00	0.003199	36.114
20.01	20.00	0.003215	36.217
20.01	20.00	0.003232	36.314
20.01	20.00	0.003249	36.415
20.01	20.00	0.003265	36.515
20.01	20.00	0.003282	36.615
20.01	20.00	0.003299	36.715
20.01	20.00	0.003315	36.815
20.01	20.00	0.003332	36.915
20.01	20.00	0.003349	37.016
20.01	20.00	0.003365	37.115
20.01	20.00	0.003382	37.220
20.01	20.00	0.003399	37.315
20.01	20.00	0.003415	37.415
20.01	20.00	0.003432	37.520
20.01	20.00	0.003449	37.616
19.99	20.00	0.003465	37.716
19.99	20.00	0.003482	37.820
19.99	20.00	0.003499	37.918
19.99	20.00	0.003515	38.017
19.99	20.00	0.003532	38.120
19.99	20.00	0.003549	38.217
19.99	20.00	0.003565	38.317
19.99	20.00	0.003582	38.419
19.99	20.00	0.003599	38.517
19.99	20.00	0.003615	38.617
19.99	20.00	0.003632	38.720
19.99	20.00	0.003649	38.818
19.99	20.00	0.003665	38.917
19.99	20.00	0.003682	39.020
19.99	20.00	0.003699	39.117
19.99	20.00	0.003715	39.217
19.99	20.00	0.003732	39.319
19.99	20.00	0.003748	39.417
19.99	20.00	0.003765	39.517
19.99	20.00	0.003782	39.619
19.99	20.00	0.003798	39.718
20.01	20.00	0.003815	39.817
20.01	20.00	0.003832	39.920
20.01	20.00	0.003848	40.017
20.01	20.00	0.003865	40.117
20.01	20.00	0.003882	40.219
20.01	20.00	0.003898	40.317
20.01	20.00	0.003915	40.418
20.01	20.00	0.003932	40.519
20.01	20.00	0.003948	40.619
20.01	20.00	0.003965	40.718
20.01	20.00	0.003982	40.819
20.01	20.00	0.003998	40.917
20.01	20.00	0.004015	41.017
19.99	20.00	0.004032	41.119
19.99	20.00	0.004048	41.246
19.99	20.00	0.004065	41.340
19.99	20.00	0.004082	41.419
19.99	20.00	0.004098	41.545
19.99	20.00	0.004115	41.639
19.99	20.00	0.004132	41.719
19.99	20.00	0.004148	41.843
19.99	20.00	0.004165	41.938
19.99	20.00	0.004182	42.043
19.99	20.00	0.004198	42.143
19.99	20.00	0.004215	42.238
19.99	20.00	0.004232	42.342
19.99	20.00	0.004248	42.442
19.99	20.00	0.004265	42.536
19.99	20.00	0.004282	42.641
20.01	20.00	0.004298	42.740
20.01	20.00	0.004315	42.835
20.01	20.00	0.004332	42.939
20.01	20.00	0.004348	43.039
20.01	20.00	0.004365	43.134
20.01	20.00	0.004382	43.238
20.01	20.00	0.004398	43.333
20.01	20.00	0.004415	43.432
20.01	20.00	0.004432	43.537
20.01	20.00	0.004448	43.631
20.01	20.00	0.004465	43.731
20.01	20.00	0.004482	43.835
20.01	20.00	0.004498	43.930
20.01	20.00	0.004515	44.030
20.01	20.00	0.004532	44.135
20.01	20.00	0.004548	44.229
20.01	20.00	0.004565	44.329
20.01	20.00	0.004581	44.433
20.01	20.00	0.004598	44.528
19.99	20.00	0.004615	44.628
19.99	20.00	0.004631	44.732
19.99	20.00	0.004648	44.827
19.99	20.00	0.004665	44.926
19.99	20.00	0.004681	45.031
19.99	20.00	0.004698	45.125
19.99	20.00	0.004715	45.225
19.99	20.00	0.004731	45.329
19.99	20.00	0.004748	45.425
19.99	20.00	0.004765	45.524
19.99	20.00	0.004781	45.629
19.99	20.00	0.004798	45.723
19.99	20.00	0.004815	45.823
19.99	20.00	0.004831	45.927
19.99	20.00	0.004848	46.022
20.01	20.00	0.004865	46.122
20.01	20.00	0.004881	46.226
20.01	20.00	0.004898	46.321
20.01	20.00	0.004915	46.422
20.01	20.00	0.004931	46.525
20.01	20.00	0.004948	46.619
20.01	20.00	0.004965	46.722
20.01	20.00	0.004981	46.823
20.01	20.00	0.004998	46.918
20.01	20.00	0.005015	47.021
20.01	20.00	0.005031	47.122
20.01	20.00	0.005048	47.219
20.01	20.00	0.005065	47.321
20.01	20.00	0.005081	47.421
20.01	20.00	0.005098	47.518
20.01	20.00	0.005115	47.621
20.01	20.00	0.005131	47.720
20.01	20.00	0.005148	47.818
20.01	20.00	0.005165	47.920
20.01	20.00	0.005181	48.019
20.01	20.00	0.005198	48.119
20.01	20.00	0.005215	48.218
19.99	20.00	0.005231	48.324
19.99	20.00	0.005248	48.425
19.99	20.00	0.005265	48.532
19.99	20.00	0.005281	48.632
19.99	20.00	0.005298	48.737
19.99	20.00	0.005315	48.834
19.99	20.00	0.005331	48.933
19.99	20.00	0.005348	49.037
19.99	20.00	0.005365	49.133
19.99	20.00	0.005381	49.233
19.99	20.00	0.005398	49.337
19.99	20.00	0.005414	49.433
19.99	20.00	0.005431	49.533
19.99	20.00	0.005448	49.637
19.99	20.00	0.005464	49.762
19.99	20.00	0.005481	49.857
19.99	20.00	0.005498	49.962
19.99	20.00	0.005514	50.061
19.99	20.00	0.005531	50.156
19.99	20.00	0.005548	50.260
19.99	20.00	0.005564	50.360
19.99	20.00	0.005581	50.454
20.01	20.00	0.005598	50.559
20.01	20.00	0.005614	50.659
20.01	20.00	0.005631	50.753
20.01	20.00	0.005648	50.858
20.01	20.00	0.005664	50.957
20.01	20.00	0.005681	51.052
20.01	20.00	0.005698	51.156
20.01	20.00	0.005714	51.251
20.01	20.00	0.005731	51.350
20.01	20.00	0.005748	51.455
20.01	20.00	0.005764	51.550
20.01	20.00	0.005781	51.649
20.01	20.00	0.005798	51.754
20.01	20.00	0.005814	51.848
20.01	20.00	0.005831	51.948
20.01	20.00	0.005848	52.052
20.01	20.00	0.005864	52.147
20.01	20.00	0.005881	52.247
20.01	20.00	0.005898	52.351
20.01	20.00	0.005914	52.446
20.01	20.00	0.005931	52.545
20.01	20.00	0.005948	52.651
20.01	20.00	0.005964	52.744
19.99	20.00	0.005981	52.845
19.99	20.00	0.005998	52.950
19.99	20.00	0.006014	53.043
19.99	20.00	0.006031	53.144
19.99	20.00	0.006048	53.248
19.99	20.00	0.006064	53.343
19.99	20.00	0.006081	53.442
19.99	20.00	0.006098	53.547
19.99	20.00	0.006114	53.641
19.99	20.00	0.006131	53.741
19.99	20.00	0.006148	53.846
19.99	20.00	0.006164	53.940
19.99	20.00	0.006181	54.040
19.99	20.00	0.006198	54.144
19.99	20.00	0.006214	54.239
20.01	20.00	0.006231	54.340
20.01	20.00	0.006247	54.443
20.01	20.00	0.006264	54.538
20.01	20.00	0.006281	54.640
20.01	20.00	0.006297	54.742
20.01	20.00	0.006314	54.836
20.01	20.00	0.006331	54.940
20.01	20.00	0.006347	55.040
20.01	20.00	0.006364	55.135
20.01	20.00	0.006381	55.239
20.01	20.00	0.006397	55.339
20.01	20.00	0.006414	55.435
20.01	20.00	0.006431	55.538
20.01	20.00	0.006447	55.639
20.01	20.00	0.006464	55.734
20.01	20.00	0.006481	55.838
20.01	20.00	0.006497	55.937
20.01	20.00	0.006514	56.037
20.01	20.00	0.006531	56.138
19.99	20.00	0.006547	56.237
19.99	20.00	0.006564	56.338
19.99	20.00	0.006581	56.437
19.99	20.00	0.006597	56.537
19.99	20.00	0.006614	56.637
19.99	20.00	0.006631	56.737
19.99	20.00	0.006647	56.838
19.99	20.00	0.006664	56.937
19.99	20.00	0.006681	57.038
19.99	20.00	0.006697	57.137
19.99	20.00	0.006714	57.237
19.99	20.00	0.006731	57.337
20.01	20.00	0.006747	57.437
20.01	20.00	0.006764	57.537
20.01	20.00	0.006781	57.637
20.01	20.00	0.006797	57.738
20.01	20.00	0.006814	57.837
20.01	20.00	0.006831	57.937
20.01	20.00	0.006847	58.037
20.01	20.00	0.006864	58.137
20.01	20.00	0.006881	58.237
20.01	20.00	0.006897	58.337
20.01	20.00	0.006914	58.437
20.01	20.00	0.006931	58.537
20.01	20.00	0.006947	58.638
20.01	20.00	0.006964	58.737
19.99	20.00	0.006981	58.837
19.99	20.00	0.006997	58.937
19.99	20.00	0.007014	59.037
19.99	20.00	0.007031	59.137
19.99	20.00	0.007047	59.237
19.99	20.00	0.007064	59.338
19.99	20.00	0.007080	59.437
19.99	20.00	0.007097	59.538
19.99	20.00	0.007114	59.637
19.99	20.00	0.007130	59.737
20.01	20.00	0.007147	59.837
20.01	20.00	0.007164	59.937
20.01	20.00	0.007180	00.037
20.01	20.00	0.007197	00.137
20.01	20.00	0.007214	00.238
20.01	20.00	0.007230	00.337
20.01	20.00	0.007247	00.437
20.01	20.00	0.007264	00.537
20.01	20.00	0.007280	00.637
20.01	20.00	0.007297	00.737
20.01	20.00	0.007314	00.837
20.01	20.00	0.007330	00.938
20.01	20.00	0.007347	01.037
20.01	20.00	0.007364	01.167
20.01	20.00	0.007380	01.261
19.99	20.00	0.007397	01.361
19.99	20.00	0.007414	01.465
19.99	20.00	0.007430	01.560
19.99	20.00	0.007447	01.659
19.99	20.00	0.007464	01.764
19.99	20.00	0.007480	01.859
19.99	20.00	0.007497	01.958
19.99	20.00	0.007514	02.063
19.99	20.00	0.007530	02.157
19.99	20.00	0.007547	02.258
19.99	20.00	0.007564	02.361
19.99	20.00	0.007580	02.456
19.99	20.00	0.007597	02.558
19.99	20.00	0.007614	02.660
19.99	20.00	0.007630	02.755
19.99	20.00	0.007647	02.858
19.99	20.00	0.007664	02.959
19.99	20.00	0.007680	03.053
19.99	20.00	0.007697	03.158
19.99	20.00	0.007714	03.257
19.99	20.00	0.007730	03.352
20.01	20.00	0.007747	03.457
20.01	20.00	0.007764	03.557
20.01	20.00	0.007780	03.652
20.01	20.00	0.007797	03.756
20.01	20.00	0.007814	03.856
20.01	20.00	0.007830	03.950
20.01	20.00	0.007847	04.055
20.01	20.00	0.007864	04.154
20.01	20.00	0.007880	04.249
20.01	20.00	0.007897	04.354
20.01	20.00	0.007913	04.453
20.01	20.00	0.007930	04.548
20.01	20.00	0.007947	04.652
20.01	20.00	0.007963	04.747
20.01	20.00	0.007980	04.846
20.01	20.00	0.007997	04.951
20.01	20.00	0.008013	05.046
20.01	20.00	0.008030	05.145
20.01	20.00	0.008047	05.250
20.01	20.00	0.008063	05.345
19.99	20.00	0.008080	05.444
19.99	20.00	0.008097	05.549
19.99	20.00	0.008113	05.643
19.99	20.00	0.008130	05.743
19.99	20.00	0.008147	05.847
19.99	20.00	0.008163	05.942
19.99	20.00	0.008180	06.042
19.99	20.00	0.008197	06.146
19.99	20.00	0.008213	06.241
19.99	20.00	0.008230	06.340
19.99	20.00	0.008247	06.445
19.99	20.00	0.008263	06.539
19.99	20.00	0.008280	06.639
19.99	20.00	0.008297	06.744
19.99	20.00	0.008313	06.838
19.99	20.00	0.008330	06.938
19.99	20.00	0.008347	07.042
19.99	20.00	0.008363	07.138
19.99	20.00	0.008380	07.238
19.99	20.00	0.008397	07.341
19.99	20.00	0.008413	07.438
20.01	20.00	0.008430	07.538
20.01	20.00	0.008447	07.640
20.01	20.00	0.008463	07.738
20.01	20.00	0.008480	07.838
20.01	20.00	0.008497	07.939
20.01	20.00	0.008513	08.039
20.01	20.00	0.008530	08.139
20.01	20.00	0.008547	08.239
20.01	20.00	0.008563	08.339
20.01	20.00	0.008580	08.440
20.01	20.00	0.008597	08.539
20.01	20.00	0.008613	08.638
20.01	20.00	0.008630	08.739
20.01	20.00	0.008647	08.839
20.01	20.00	0.008663	08.939
20.01	20.00	0.008680	09.039
20.01	20.00	0.008697	09.140
20.01	20.00	0.008713	09.239
20.01	20.00	0.008730	09.340
20.01	20.00	0.008746	09.439
19.99	20.00	0.008763	09.539
19.99	20.00	0.008780	09.639
19.99	20.00	0.008796	09.739
19.99	20.00	0.008813	09.839
19.99	20.00	0.008830	09.939
19.99	20.00	0.008846	10.040
19.99	20.00	0.008863	10.139
19.99	20.00	0.008880	10.239
19.99	20.00	0.008896	10.339
19.99	20.00	0.008913	10.439
19.99	20.00	0.008930	10.539
19.99	20.00	0.008946	10.639
20.01	20.00	0.008963	10.739
20.01	20.00	0.008980	10.840
20.01	20.00	0.008996	10.939
20.01	20.00	0.009013	11.040
20.01	20.00	0.009030	11.139
20.01	20.00	0.009046	11.239
20.01	20.00	0.009063	11.339
20.01	20.00	0.009080	11.439
20.01	20.00	0.009096	11.539
20.01	20.00	0.009113	11.640
20.01	20.00	0.009130	11.739
20.01	20.00	0.009146	11.840
20.01	20.00	0.009163	11.939
20.01	20.00	0.009180	12.039
20.01	20.00	0.009196	12.139
19.99	20.00	0.009213	12.239
19.99	20.00	0.009230	12.339
19.99	20.00	0.009246	12.439
19.99	20.00	0.009263	12.540
19.99	20.00	0.009280	12.639
19.99	20.00	0.009296	12.739
19.99	20.00	0.009313	12.839
19.99	20.00	0.009330	12.939
19.99	20.00	0.009346	13.038
19.99	20.00	0.009363	13.168
19.99	20.00	0.009380	13.262
19.99	20.00	0.009396	13.362
19.99	20.00	0.009413	13.467
19.99	20.00	0.009430	13.561
19.99	20.00	0.009446	13.661
20.01	20.00	0.009463	13.766
20.01	20.00	0.009480	13.860
20.01	20.00	0.009496	13.960
20.01	20.00	0.009513	14.064
20.01	20.00	0.009530	14.159
20.01	20.00	0.009546	14.259
20.01	20.00	0.009563	14.363
20.01	20.00	0.009579	14.458
20.01	20.00	0.009596	14.557
20.01	20.00	0.009613	14.662
20.01	20.00	0.009629	14.756
20.01	20.00	0.009646	14.856
20.01	20.00	0.009663	14.961
19.99	20.00	0.009679	15.055
19.99	20.00	0.009696	15.155
19.99	20.00	0.009713	15.259
19.99	20.00	0.009729	15.354
19.99	20.00	0.009746	15.454
19.99	20.00	0.009763	15.558
19.99	20.00	0.009779	15.652
19.99	20.00	0.009796	15.754
19.99	20.00	0.009813	15.858
19.99	20.00	0.009829	15.952
19.99	20.00	0.009846	16.055
19.99	20.00	0.009863	16.156
19.99	20.00	0.009879	16.251
19.99	20.00	0.009896	16.354
19.99	20.00	0.009913	16.455
19.99	20.00	0.009929	16.550
19.99	20.00	0.009946	16.654
20.01	20.00	0.009963	16.754
20.01	20.00	0.009979	16.848
20.01	20.00	0.009996	16.953
20.01	20.00	0.010013	17.052
20.01	20.00	0.010029	17.147
20.01	20.00	0.010046	17.251
20.01	20.00	0.010063	17.351
20.01	20.00	0.010079	17.446
20.01	20.00	0.010096	17.550
20.01	20.00	0.010113	17.650
20.01	20.00	0.010129	17.744
20.01	20.00	0.010146	17.849
20.01	20.00	0.010163	17.943
20.01	20.00	0.010179	18.043
20.01	20.00	0.010196	18.148
20.01	20.00	0.010213	18.242
20.01	20.00	0.010229	18.342
20.01	20.00	0.010246	18.447
20.01	20.00	0.010263	18.542
19.99	20.00	0.010279	18.641
19.99	20.00	0.010296	18.745
19.99	20.00	0.010313	18.840
19.99	20.00	0.010329	18.941
19.99	20.00	0.010346	19.044
19.99	20.00	0.010363	19.140
19.99	20.00	0.010379	19.240
19.99	20.00	0.010396	19.343
19.99	20.00	0.010412	19.440
19.99	20.00	0.010429	19.540
19.99	20.00	0.010446	19.641
19.99	20.00	0.010462	19.740
19.99	20.00	0.010479	19.841
19.99	20.00	0.010496	19.940
20.01	20.00	0.010512	20.040
20.01	20.00	0.010529	20.140
20.01	20.00	0.010546	20.240
20.01	20.00	0.010562	20.340
20.01	20.00	0.010579	20.440
20.01	20.00	0.010596	20.541
20.01	20.00	0.010612	20.640
20.01	20.00	0.010629	20.741
20.01	20.00	0.010646	20.840
20.01	20.00	0.010662	20.940
20.01	20.00	0.010679	21.040
20.01	20.00	0.010696	21.140
20.01	20.00	0.010712	21.240
20.01	20.00	0.010729	21.340
20.01	20.00	0.010746	21.441
20.01	20.00	0.010762	21.540
20.01	20.00	0.010779	21.640
19.99	20.00	0.010796	21.740
19.99	20.00	0.010812	21.840
19.99	20.00	0.010829	21.940
19.99	20.00	0.010846	22.040
19.99	20.00	0.010862	22.140
19.99	20.00	0.010879	22.240
19.99	20.00	0.010896	22.341
19.99	20.00	0.010912	22.440
19.99	20.00	0.010929	22.540
19.99	20.00	0.010946	22.640
19.99	20.00	0.010962	22.740
19.99	20.00	0.010979	22.840
19.99	20.00	0.010996	22.940
19.99	20.00	0.011012	23.041
19.99	20.00	0.011029	23.140
19.99	20.00	0.011046	23.241
19.99	20.00	0.011062	23.340
20.01	20.00	0.011079	23.440
20.01	20.00	0.011096	23.540
20.01	20.00	0.011112	23.640
20.01	20.00	0.011129	23.740
20.01	20.00	0.011146	23.840
20.01	20.00	0.011162	23.941
20.01	20.00	0.011179	24.040
20.01	20.00	0.011196	24.140
20.01	20.00	0.011212	24.240
20.01	20.00	0.011229	24.340
20.01	20.00	0.011245	24.440
20.01	20.00	0.011262	24.540
20.01	20.00	0.011279	24.641
20.01	20.00	0.011295	24.740
19.99	20.00	0.011312	24.841
19.99	20.00	0.011329	24.940
19.99	20.00	0.011345	25.040
19.99	20.00	0.011362	25.140
19.99	20.00	0.011379	25.240
19.99	20.00	0.011395	25.364
19.99	20.00	0.011412	25.469
19.99	20.00	0.011429	25.568
19.99	20.00	0.011445	25.663
19.99	20.00	0.011462	25.768
19.99	20.00	0.011479	25.862
19.99	20.00	0.011495	25.962
19.99	20.00	0.011512	26.066
19.99	20.00	0.011529	26.161
19.99	20.00	0.011545	26.260
19.99	20.00	0.011562	26.365
19.99	20.00	0.011579	26.460
19.99	20.00	0.011595	26.559
19.99	20.00	0.011612	26.664
19.99	20.00	0.011629	26.758
19.99	20.00	0.011645	26.858
19.99	20.00	0.011662	26.962
20.01	20.00	0.011679	27.057
20.01	20.00	0.011695	27.156
20.01	20.00	0.011712	27.261
20.01	20.00	0.011729	27.357
20.01	20.00	0.011745	27.456
20.01	20.00	0.011762	27.561
20.01	20.00	0.011779	27.655
20.01	20.00	0.011795	27.755
20.01	20.00	0.011812	27.859
20.01	20.00	0.011829	27.954
20.01	20.00	0.011845	28.054
20.01	20.00	0.011862	28.158
20.01	20.00	0.011879	28.253
20.01	20.00	0.011895	28.352
20.01	20.00	0.011912	28.457
20.01	20.00	0.011929	28.551
20.01	20.00	0.011945	28.652
20.01	20.00	0.011962	28.755
20.01	20.00	0.011979	28.850
20.01	20.00	0.011995	28.951
20.01	20.00	0.012012	29.055
20.01	20.00	0.012029	29.149
20.01	20.00	0.012045	29.251
20.01	20.00	0.012062	29.353
20.01	20.00	0.012078	29.448
20.01	20.00	0.012095	29.551
20.01	20.00	0.012112	29.652
20.01	20.00	0.012128	29.747
19.99	20.00	0.012145	29.851
19.99	20.00	0.012162	29.951
19.99	20.00	0.012178	30.045
19.99	20.00	0.012195	30.150
19.99	20.00	0.012212	30.249
19.99	20.00	0.012228	30.343
19.99	20.00	0.012245	30.449
19.99	20.00	0.012262	30.549
19.99	20.00	0.012278	30.642
19.99	20.00	0.012295	30.748
19.99	20.00	0.012312	30.847
19.99	20.00	0.012328	30.941
19.99	20.00	0.012345	31.046
19.99	20.00	0.012362	31.142
20.01	20.00	0.012378	31.241
20.01	20.00	0.012395	31.345
20.01	20.00	0.012412	31.441
20.01	20.00	0.012428	31.541
20.01	20.00	0.012445	31.643
20.01	20.00	0.012462	31.741
20.01	20.00	0.012478	31.841
20.01	20.00	0.012495	31.943
20.01	20.00	0.012512	32.046
20.01	20.00	0.012528	32.141
20.01	20.00	0.012545	32.242
20.01	20.00	0.012562	32.346
20.01	20.00	0.012578	32.441
20.01	20.00	0.012595	32.541
20.01	20.00	0.012612	32.641
20.01	20.00	0.012628	32.741
20.01	20.00	0.012645	32.841
20.01	20.00	0.012662	32.946
20.01	20.00	0.012678	33.041
20.01	20.00	0.012695	33.141
19.99	20.00	0.012712	33.245
19.99	20.00	0.012728	33.341
19.99	20.00	0.012745	33.441
19.99	20.00	0.012762	33.546
19.99	20.00	0.012778	33.642
19.99	20.00	0.012795	33.741
19.99	20.00	0.012812	33.846
19.99	20.00	0.012828	33.941
19.99	20.00	0.012845	34.041
19.99	20.00	0.012862	34.145
19.99	20.00	0.012878	34.241
19.99	20.00	0.012895	34.341
19.99	20.00	0.012911	34.445
19.99	20.00	0.012928	34.542
19.99	20.00	0.012945	34.642
19.99	20.00	0.012961	34.746
19.99	20.00	0.012978	34.842
19.99	20.00	0.012995	34.943
19.99	20.00	0.013011	35.045
19.99	20.00	0.013028	35.143
19.99	20.00	0.013045	35.243
20.01	20.00	0.013061	35.345
20.01	20.00	0.013078	35.444
20.01	20.00	0.013095	35.543
20.01	20.00	0.013111	35.645
20.01	20.00	0.013128	35.744
20.01	20.00	0.013145	35.844
20.01	20.00	0.013161	35.945
20.01	20.00	0.013178	36.044
20.01	20.00	0.013195	36.145
20.01	20.00	0.013211	36.245
20.01	20.00	0.013228	36.345
20.01	20.00	0.013245	36.444
20.01	20.00	0.013261	36.545
20.01	20.00	0.013278	36.644
19.99	20.00	0.013295	36.744
19.99	20.00	0.013311	36.844
19.99	20.00	0.013328	36.973
19.99	20.00	0.013345	37.067
19.99	20.00	0.013361	37.145
19.99	20.00	0.013378	37.272
19.99	20.00	0.013395	37.366
19.99	20.00	0.013411	37.445
19.99	20.00	0.013428	37.570
19.99	20.00	0.013445	37.665
19.99	20.00	0.013461	37.744
19.99	20.00	0.013478	37.869
20.01	20.00	0.013495	37.964
20.01	20.00	0.013511	38.068
20.01	20.00	0.013528	38.168
20.01	20.00	0.013545	38.262
20.01	20.00	0.013561	38.367
20.01	20.00	0.013578	38.466
20.01	20.00	0.013595	38.561
20.01	20.00	0.013611	38.665
20.01	20.00	0.013628	38.765
20.01	20.00	0.013645	38.860
20.01	20.00	0.013661	38.964
20.01	20.00	0.013678	39.064
20.01	20.00	0.013695	39.158
20.01	20.00	0.013711	39.263
20.01	20.00	0.013728	39.357
20.01	20.00	0.013744	39.458
20.01	20.00	0.013761	39.562
20.01	20.00	0.013778	39.657
20.01	20.00	0.013794	39.757
20.01	20.00	0.013811	39.861
20.01	20.00	0.013828	39.956
20.01	20.00	0.013844	40.055
19.99	20.00	0.013861	40.160
19.99	20.00	0.013878	40.254
19.99	20.00	0.013894	40.354
19.99	20.00	0.013911	40.459
19.99	20.00	0.013928	40.553
19.99	20.00	0.013944	40.653
19.99	20.00	0.013961	40.757
19.99	20.00	0.013978	40.852
19.99	20.00	0.013994	40.951
19.99	20.00	0.014011	41.056
19.99	20.00	0.014028	41.150
19.99	20.00	0.014044	41.250
19.99	20.00	0.014061	41.355
19.99	20.00	0.014078	41.449
19.99	20.00	0.014094	41.549
19.99	20.00	0.014111	41.653
19.99	20.00	0.014128	41.748
19.99	20.00	0.014144	41.847
20.01	20.00	0.014161	41.952
20.01	20.00	0.014178	42.048
20.01	20.00	0.014194	42.148
20.01	20.00	0.014211	42.252
20.01	20.00	0.014228	42.346
20.01	20.00	0.014244	42.448
20.01	20.00	0.014261	42.550
20.01	20.00	0.014278	42.645
20.01	20.00	0.014294	42.748
20.01	20.00	0.014311	42.849
20.01	20.00	0.014328	42.945
20.01	20.00	0.014344	43.047
20.01	20.00	0.014361	43.148
19.99	20.00	0.014378	43.244
19.99	20.00	0.014394	43.346
19.99	20.00	0.014411	43.446
19.99	20.00	0.014428	43.545
19.99	20.00	0.014444	43.645
19.99	20.00	0.014461	43.745
19.99	20.00	0.014478	43.844
19.99	20.00	0.014494	43.944
19.99	20.00	0.014511	44.044
19.99	20.00	0.014528	44.144
19.99	20.00	0.014544	44.244
19.99	20.00	0.014561	44.345
20.01	20.00	0.014577	44.444
20.01	20.00	0.014594	44.545
20.01	20.00	0.014611	44.644
20.01	20.00	0.014627	44.744
20.01	20.00	0.014644	44.844
20.01	20.00	0.014661	44.944
20.01	20.00	0.014677	45.044
20.01	20.00	0.014694	45.144
20.01	20.00	0.014711	45.245
20.01	20.00	0.014727	45.344
20.01	20.00	0.014744	45.444
20.01	20.00	0.014761	45.544
20.01	20.00	0.014777	45.644
19.99	20.00	0.014794	45.744
19.99	20.00	0.014811	45.844
19.99	20.00	0.014827	45.944
19.99	20.00	0.014844	46.044
19.99	20.00	0.014861	46.145
19.99	20.00	0.014877	46.244
19.99	20.00	0.014894	46.344
19.99	20.00	0.014911	46.444
19.99	20.00	0.014927	46.544
19.99	20.00	0.014944	46.644
19.99	20.00	0.014961	46.744
19.99	20.00	0.014977	46.845
19.99	20.00	0.014994	46.944
19.99	20.00	0.015011	47.045
19.99	20.00	0.015027	47.144
19.99	20.00	0.015044	47.244
19.99	20.00	0.015061	47.344
19.99	20.00	0.015077	47.444
20.01	20.00	0.015094	47.544
20.01	20.00	0.015111	47.644
20.01	20.00	0.015127	47.745
20.01	20.00	0.015144	47.844
20.01	20.00	0.015161	47.944
20.01	20.00	0.015177	48.044
20.01	20.00	0.015194	48.145
20.01	20.00	0.015211	48.245
20.01	20.00	0.015227	48.345
20.01	20.00	0.015244	48.445
20.01	20.00	0.015261	48.545
20.01	20.00	0.015277	48.646
20.01	20.00	0.015294	48.745
20.01	20.00	0.015311	48.845
20.01	20.00	0.015327	48.944
20.01	20.00	0.015344	49.044
20.01	20.00	0.015361	49.168
20.01	20.00	0.015377	49.273
20.01	20.00	0.015394	49.367
20.01	20.00	0.015410	49.467
20.01	20.00	0.015427	49.572
19.99	20.00	0.015444	49.666
19.99	20.00	0.015460	49.766
19.99	20.00	0.015477	49.871
19.99	20.00	0.015494	49.965
19.99	20.00	0.015510	50.066
19.99	20.00	0.015527	50.170
19.99	20.00	0.015544	50.264
19.99	20.00	0.015560	50.366
19.99	20.00	0.015577	50.469
19.99	20.00	0.015594	50.563
19.99	20.00	0.015610	50.666
19.99	20.00	0.015627	50.767
19.99	20.00	0.015644	50.862
19.99	20.00	0.015660	50.965
19.99	20.00	0.015677	51.066
19.99	20.00	0.015694	51.161
20.01	20.00	0.015710	51.265
20.01	20.00	0.015727	51.365
20.01	20.00	0.015744	51.459
20.01	20.00	0.015760	51.564
20.01	20.00	0.015777	51.663
20.01	20.00	0.015794	51.758
20.01	20.00	0.015810	51.863
20.01	20.00	0.015827	51.963
20.01	20.00	0.015844	52.057
20.01	20.00	0.015860	52.162
20.01	20.00	0.015877	52.261
20.01	20.00	0.015894	52.356
20.01	20.00	0.015910	52.460
20.01	20.00	0.015927	52.555
20.01	20.00	0.015944	52.655
20.01	20.00	0.015960	52.759
20.01	20.00	0.015977	52.854
20.01	20.00	0.015994	52.954
20.01	20.00	0.016010	53.058
20.01	20.00	0.016027	53.153
20.01	20.00	0.016044	53.252
20.01	20.00	0.016060	53.357
20.01	20.00	0.016077	53.452
20.01	20.00	0.016094	53.551
19.99	20.00	0.016110	53.656
19.99	20.00	0.016127	53.750
19.99	20.00	0.016144	53.850
19.99	20.00	0.016160	53.954
19.99	20.00	0.016177	54.049
19.99	20.00	0.016194	54.149
19.99	20.00	0.016210	54.253
19.99	20.00	0.016227	54.348
19.99	20.00	0.016244	54.447
19.99	20.00	0.016260	54.552
19.99	20.00	0.016277	54.646
19.99	20.00	0.016293	54.746
19.99	20.00	0.016310	54.851
19.99	20.00	0.016327	54.945
19.99	20.00	0.016343	55.045
19.99	20.00	0.016360	55.149
19.99	20.00	0.016377	55.245
19.99	20.00	0.016393	55.345
19.99	20.00	0.016410	55.448
19.99	20.00	0.016427	55.546
19.99	20.00	0.016443	55.646
19.99	20.00	0.016460	55.748
19.99	20.00	0.016477	55.847
19.99	20.00	0.016493	55.947
20.01	20.00	0.016510	56.047
20.01	20.00	0.016527	56.147
20.01	20.00	0.016543	56.247
20.01	20.00	0.016560	56.347
20.01	20.00	0.016577	56.448
20.01	20.00	0.016593	56.547
20.01	20.00	0.016610	56.648
20.01	20.00	0.016627	56.747
20.01	20.00	0.016643	56.847
20.01	20.00	0.016660	56.947
20.01	20.00	0.016677	57.047
20.01	20.00	0.016693	57.147
20.01	20.00	0.016710	57.247
20.01	20.00	0.016727	57.348
20.01	20.00	0.016743	57.447
20.01	20.00	0.016760	57.548
20.01	20.00	0.016777	57.648
20.01	20.00	0.016793	57.748
20.01	20.00	0.016810	57.848
20.01	20.00	0.016827	57.948
20.01	20.00	0.016843	58.048
20.01	20.00	0.016860	58.148
20.01	20.00	0.016877	58.250
20.01	20.00	0.016893	58.349
19.99	20.00	0.016910	58.449
19.99	20.00	0.016927	58.549
19.99	20.00	0.016943	58.649
19.99	20.00	0.016960	58.749
19.99	20.00	0.016977	58.849
19.99	20.00	0.016993	58.949
19.99	20.00	0.017010	59.050
19.99	20.00	0.017027	59.149
19.99	20.00	0.017043	59.249
19.99	20.00	0.017060	59.349
19.99	20.00	0.017077	59.449
19.99	20.00	0.017093	59.549
19.99	20.00	0.017110	59.649
20.01	20.00	0.017126	59.750
20.01	20.00	0.017143	59.850
20.01	20.00	0.017160	59.949
20.01	20.00	0.017176	00.049
20.01	20.00	0.017193	00.149
20.01	20.00	0.017210	00.249
20.01	20.00	0.017226	00.378
20.01	20.00	0.017243	00.473
20.01	20.00	0.017260	00.573
20.01	20.00	0.017276	00.678
20.01	20.00	0.017293	00.772
20.01	20.00	0.017310	00.872
20.01	20.00	0.017326	00.976
20.01	20.00	0.017343	01.071
20.01	20.00	0.017360	01.170
20.01	20.00	0.017376	01.275
20.01	20.00	0.017393	01.370
20.01	20.00	0.017410	01.469
20.01	20.00	0.017426	01.574
20.01	20.00	0.017443	01.668
19.99	20.00	0.017460	01.768
19.99	20.00	0.017476	01.872
19.99	20.00	0.017493	01.967
19.99	20.00	0.017510	02.066
19.99	20.00	0.017526	02.171
19.99	20.00	0.017543	02.266
19.99	20.00	0.017560	02.365
19.99	20.00	0.017576	02.470
19.99	20.00	0.017593	02.564
19.99	20.00	0.017610	02.664
19.99	20.00	0.017626	02.768
19.99	20.00	0.017643	02.863
19.99	20.00	0.017660	02.963
19.99	20.00	0.017676	03.068
19.99	20.00	0.017693	03.163
19.99	20.00	0.017710	03.262
19.99	20.00	0.017726	03.367
19.99	20.00	0.017743	03.461
19.99	20.00	0.017760	03.563
19.99	20.00	0.017776	03.665
19.99	20.00	0.017793	03.760
19.99	20.00	0.017810	03.863
19.99	20.00	0.017826	03.964
19.99	20.00	0.017843	04.059
19.99	20.00	0.017860	04.162
19.99	20.00	0.017876	04.263
19.99	20.00	0.017893	04.357
19.99	20.00	0.017910	04.462
20.01	20.00	0.017926	04.562
20.01	20.00	0.017943	04.656
20.01	20.00	0.017959	04.761
20.01	20.00	0.017976	04.860
20.01	20.00	0.017993	04.955
20.01	20.00	0.018009	05.059
20.01	20.00	0.018026	05.159
20.01	20.00	0.018043	05.253
20.01	20.00	0.018059	05.359
20.01	20.00	0.018076	05.459
20.01	20.00	0.018093	05.553
20.01	20.00	0.018109	05.658
20.01	20.00	0.018126	05.752
20.01	20.00	0.018143	05.852
20.01	20.00	0.018159	05.956
20.01	20.00	0.018176	06.051
20.01	20.00	0.018193	06.151
20.01	20.00	0.018209	06.255
20.01	20.00	0.018226	06.350
19.99	20.00	0.018243	06.450
19.99	20.00	0.018259	06.554
19.99	20.00	0.018276	06.650
19.99	20.00	0.018293	06.750
19.99	20.00	0.018309	06.853
19.99	20.00	0.018326	06.950
19.99	20.00	0.018343	07.051
19.99	20.00	0.018359	07.151
19.99	20.00	0.018376	07.250
19.99	20.00	0.018393	07.350
19.99	20.00	0.018409	07.450
19.99	20.00	0.018426	07.550
20.01	20.00	0.018443	07.650
20.01	20.00	0.018459	07.751
20.01	20.00	0.018476	07.850
20.01	20.00	0.018493	07.950
20.01	20.00	0.018509	08.050
20.01	20.00	0.018526	08.150
20.01	20.00	0.018543	08.250
20.01	20.00	0.018559	08.350
20.01	20.00	0.018576	08.450
20.01	20.00	0.018593	08.552
20.01	20.00	0.018609	08.651
20.01	20.00	0.018626	08.751
20.01	20.00	0.018643	08.851
20.01	20.00	0.018659	08.951
20.01	20.00	0.018676	09.051
20.01	20.00	0.018693	09.151
20.01	20.00	0.018709	09.252
20.01	20.00	0.018726	09.351
20.01	20.00	0.018743	09.452
19.99	20.00	0.018759	09.551
19.99	20.00	0.018776	09.651
19.99	20.00	0.018792	09.751
19.99	20.00	0.018809	09.851
19.99	20.00	0.018826	09.951
19.99	20.00	0.018842	10.051
19.99	20.00	0.018859	10.152
19.99	20.00	0.018876	10.251
19.99	20.00	0.018892	10.351
19.99	20.00	0.018909	10.451
19.99	20.00	0.018926	10.551
19.99	20.00	0.018942	10.651
19.99	20.00	0.018959	10.751
19.99	20.00	0.018976	10.852
19.99	20.00	0.018992	10.951
19.99	20.00	0.019009	11.052
19.99	20.00	0.019026	11.151
19.99	20.00	0.019042	11.251
19.99	20.00	0.019059	11.351
19.99	20.00	0.019076	11.456
20.01	20.00	0.019092	11.552
20.01	20.00	0.019109	11.652
20.01	20.00	0.019126	11.757
20.01	20.00	0.019142	11.852
20.01	20.00	0.019159	11.952
20.01	20.00	0.019176	12.056
20.01	20.00	0.019192	12.152
20.01	20.00	0.019209	12.276
20.01	20.00	0.019226	12.355
20.01	20.00	0.019242	12.480
20.01	20.00	0.019259	12.574
20.01	20.00	0.019276	12.679
20.01	20.00	0.019292	12.779
20.01	20.00	0.019309	12.873
20.01	20.00	0.019326	12.978
20.01	20.00	0.019342	13.077
20.01	20.00	0.019359	13.172
20.01	20.00	0.019376	13.276
19.99	20.00	0.019392	13.376
19.99	20.00	0.019409	13.471
19.99	20.00	0.019426	13.575
19.99	20.00	0.019442	13.670
19.99	20.00	0.019459	13.769
19.99	20.00	0.019476	13.875
19.99	20.00	0.019492	13.968
19.99	20.00	0.019509	14.069
19.99	20.00	0.019526	14.173
19.99	20.00	0.019542	14.268
19.99	20.00	0.019559	14.368
19.99	20.00	0.019576	14.472
19.99	20.00	0.019592	14.566
19.99	20.00	0.019609	14.666
19.99	20.00	0.019625	14.770
20.01	20.00	0.019642	14.865
20.01	20.00	0.019659	14.966
20.01	20.00	0.019675	15.070
20.01	20.00	0.019692	15.165
20.01	20.00	0.019709	15.264
20.01	20.00	0.019725	15.369
20.01	20.00	0.019742	15.463
20.01	20.00	0.019759	15.562
20.01	20.00	0.019775	15.667
20.01	20.00	0.019792	15.762
20.01	20.00	0.019809	15.861
20.01	20.00	0.019825	15.966
20.01	20.00	0.019842	16.061
20.01	20.00	0.019859	16.160
20.01	20.00	0.019875	16.264
20.01	20.00	0.019892	16.359
20.01	20.00	0.019909	16.459
20.01	20.00	0.019925	16.564
19.99	20.00	0.019942	16.658
19.99	20.00	0.019959	16.759
19.99	20.00	0.019975	16.863
19.99	20.00	0.019992	16.957
19.99	20.00	0.020009	17.059
19.99	20.00	0.020025	17.161
19.99	20.00	0.020042	17.256
19.99	20.00	0.020059	17.359
19.99	20.00	0.020075	17.460
19.99	20.00	0.020092	17.555
19.99	20.00	0.020109	17.659
19.99	20.00	0.020125	17.759
19.99	20.00	0.020142	17.853
19.99	20.00	0.020159	17.958
19.99	20.00	0.020175	18.057
20.01	20.00	0.020192	18.152
20.01	20.00	0.020209	18.257
20.01	20.00	0.020225	18.356
20.01	20.00	0.020242	18.452
20.01	20.00	0.020259	18.555
20.01	20.00	0.020275	18.655
20.01	20.00	0.020292	18.752
20.01	20.00	0.020309	18.854
20.01	20.00	0.020325	18.955
20.01	20.00	0.020342	19.052
20.01	20.00	0.020359	19.153
20.01	20.00	0.020375	19.254
20.01	20.00	0.020392	19.352
20.01	20.00	0.020409	19.452
20.01	20.00	0.020425	19.554
19.99	20.00	0.020442	19.652
19.99	20.00	0.020458	19.753
19.99	20.00	0.020475	19.854
19.99	20.00	0.020492	19.953
19.99	20.00	0.020508	20.052
19.99	20.00	0.020525	20.154
19.99	20.00	0.020542	20.252
19.99	20.00	0.020558	20.352
19.99	20.00	0.020575	20.453
19.99	20.00	0.020592	20.552
19.99	20.00	0.020608	20.654
19.99	20.00	0.020625	20.754
19.99	20.00	0.020642	20.853
19.99	20.00	0.020658	20.953
19.99	20.00	0.020675	21.054
19.99	20.00	0.020692	21.153
19.99	20.00	0.020708	21.253
19.99	20.00	0.020725	21.354
19.99	20.00	0.020742	21.453
19.99	20.00	0.020758	21.554
19.99	20.00	0.020775	21.653
20.01	20.00	0.020792	21.753
20.01	20.00	0.020808	21.853
20.01	20.00	0.020825	21.954
20.01	20.00	0.020842	22.053
20.01	20.00	0.020858	22.153
20.01	20.00	0.020875	22.254
20.01	20.00	0.020892	22.353
20.01	20.00	0.020908	22.454
20.01	20.00	0.020925	22.553
20.01	20.00	0.020942	22.653
20.01	20.00	0.020958	22.753
20.01	20.00	0.020975	22.853
20.01	20.00	0.020992	22.953
20.01	20.00	0.021008	23.053
20.01	20.00	0.021025	23.154
20.01	20.00	0.021042	23.253
20.01	20.00	0.021058	23.353
20.01	20.00	0.021075	23.453
20.01	20.00	0.021092	23.553
20.01	20.00	0.021108	23.653
20.01	20.00	0.021125	23.753
20.01	20.00	0.021142	23.854
20.01	20.00	0.021158	23.953
20.01	20.00	0.021175	24.054
20.01	20.00	0.021192	24.153
20.01	20.00	0.021208	24.253
19.99	20.00	0.021225	24.353
19.99	20.00	0.021242	24.482
19.99	20.00	0.021258	24.576
19.99	20.00	0.021275	24.653
19.99	20.00	0.021291	24.780
19.99	20.00	0.021308	24.875
19.99	20.00	0.021325	24.953
19.99	20.00	0.021341	25.079
19.99	20.00	0.021358	25.174
19.99	20.00	0.021375	25.277
19.99	20.00	0.021391	25.378
19.99	20.00	0.021408	25.472
19.99	20.00	0.021425	25.552
19.99	20.00	0.021441	25.677
19.99	20.00	0.021458	25.771
19.99	20.00	0.021475	25.876
19.99	20.00	0.021491	25.975
19.99	20.00	0.021508	26.070
19.99	20.00	0.021525	26.174
19.99	20.00	0.021541	26.275
20.01	20.00	0.021558	26.370
20.01	20.00	0.021575	26.474
20.01	20.00	0.021591	26.574
20.01	20.00	0.021608	26.668
20.01	20.00	0.021625	26.773
20.01	20.00	0.021641	26.872
20.01	20.00	0.021658	26.967
20.01	20.00	0.021675	27.071
20.01	20.00	0.021691	27.166
20.01	20.00	0.021708	27.266
20.01	20.00	0.021725	27.370
20.01	20.00	0.021741	27.465
20.01	20.00	0.021758	27.564
20.01	20.00	0.021775	27.669
20.01	20.00	0.021791	27.763
20.01	20.00	0.021808	27.863
20.01	20.00	0.021825	27.968
20.01	20.00	0.021841	28.062
20.01	20.00	0.021858	28.162
20.01	20.00	0.021875	28.266
20.01	20.00	0.021891	28.361
20.01	20.00	0.021908	28.460
20.01	20.00	0.021925	28.565
20.01	20.00	0.021941	28.659
20.01	20.00	0.021958	28.759
20.01	20.00	0.021975	28.864
19.99	20.00	0.021991	28.959
19.99	20.00	0.022008	29.058
19.99	20.00	0.022025	29.163
19.99	20.00	0.022041	29.258
19.99	20.00	0.022058	29.357
19.99	20.00	0.022075	29.462
19.99	20.00	0.022091	29.557
19.99	20.00	0.022108	29.656
19.99	20.00	0.022124	29.761
19.99	20.00	0.022141	29.856
19.99	20.00	0.022158	29.957
19.99	20.00	0.022174	30.059
19.99	20.00	0.022191	30.157
20.01	20.00	0.022208	30.257
20.01	20.00	0.022224	30.358
20.01	20.00	0.022241	30.459
20.01	20.00	0.022258	30.558
20.01	20.00	0.022274	30.658
20.01	20.00	0.022291	30.758
20.01	20.00	0.022308	30.858
20.01	20.00	0.022324	30.958
20.01	20.00	0.022341	31.058
20.01	20.00	0.022358	31.159
20.01	20.00	0.022374	31.258
20.01	20.00	0.022391	31.359
20.01	20.00	0.022408	31.458
20.01	20.00	0.022424	31.558
20.01	20.00	0.022441	31.658
20.01	20.00	0.022458	31.758
20.01	20.00	0.022474	31.858
19.99	20.00	0.022491	31.958
19.99	20.00	0.022508	32.059
19.99	20.00	0.022524	32.158
19.99	20.00	0.022541	32.259
19.99	20.00	0.022558	32.358
19.99	20.00	0.022574	32.458
19.99	20.00	0.022591	32.558
19.99	20.00	0.022608	32.658
19.99	20.00	0.022624	32.758
19.99	20.00	0.022641	32.858
19.99	20.00	0.022658	32.959
19.99	20.00	0.022674	33.058
19.99	20.00	0.022691	33.158
19.99	20.00	0.022708	33.258
19.99	20.00	0.022724	33.358
19.99	20.00	0.022741	33.458
19.99	20.00	0.022758	33.558
19.99	20.00	0.022774	33.659
19.99	20.00	0.022791	33.758
19.99	20.00	0.022808	33.859
19.99	20.00	0.022824	33.958
19.99	20.00	0.022841	34.058
19.99	20.00	0.022858	34.158
20.01	20.00	0.022874	34.258
20.01	20.00	0.022891	34.359
20.01	20.00	0.022908	34.458
20.01	20.00	0.022924	34.559
20.01	20.00	0.022941	34.658
20.01	20.00	0.022957	34.758
20.01	20.00	0.022974	34.858
20.01	20.00	0.022991	34.958
20.01	20.00	0.023007	35.058
20.01	20.00	0.023024	35.158
20.01	20.00	0.023041	35.259
20.01	20.00	0.023057	35.358
20.01	20.00	0.023074	35.483
20.01	20.00	0.023091	35.587
20.01	20.00	0.023107	35.682
19.99	20.00	0.023124	35.781
19.99	20.00	0.023141	35.886
19.99	20.00	0.023157	35.980
19.99	20.00	0.023174	36.080
19.99	20.00	0.023191	36.184
19.99	20.00	0.023207	36.279
19.99	20.00	0.023224	36.379
19.99	20.00	0.023241	36.483
19.99	20.00	0.023257	36.579
19.99	20.00	0.023274	36.677
19.99	20.00	0.023291	36.783
19.99	20.00	0.023307	36.877
19.99	20.00	0.023324	36.977
19.99	20.00	0.023341	37.082
19.99	20.00	0.023357	37.176
20.01	20.00	0.023374	37.276
20.01	20.00	0.023391	37.380
20.01	20.00	0.023407	37.475
20.01	20.00	0.023424	37.574
20.01	20.00	0.023441	37.679
20.01	20.00	0.023457	37.773
20.01	20.00	0.023474	37.874
20.01	20.00	0.023491	37.978
20.01	20.00	0.023507	38.072
20.01	20.00	0.023524	38.175
20.01	20.00	0.023541	38.276
20.01	20.00	0.023557	38.371
20.01	20.00	0.023574	38.474
20.01	20.00	0.023591	38.575
20.01	20.00	0.023607	38.670
20.01	20.00	0.023624	38.774
20.01	20.00	0.023641	38.874
20.01	20.00	0.023657	38.968
20.01	20.00	0.023674	39.073
20.01	20.00	0.023691	39.173
20.01	20.00	0.023707	39.267
20.01	20.00	0.023724	39.372
20.01	20.00	0.023741	39.472
20.01	20.00	0.023757	39.566
20.01	20.00	0.023774	39.671
20.01	20.00	0.023790	39.770
20.01	20.00	0.023807	39.865
20.01	20.00	0.023824	39.969
19.99	20.00	0.023840	40.069
19.99	20.00	0.023857	40.165
19.99	20.00	0.023874	40.268
19.99	20.00	0.023890	40.370
19.99	20.00	0.023907	40.466
19.99	20.00	0.023924	40.567
19.99	20.00	0.023940	40.669
19.99	20.00	0.023957	40.765
19.99	20.00	0.023974	40.866
19.99	20.00	0.023990	40.969
19.99	20.00	0.024007	41.065
19.99	20.00	0.024024	41.166
19.99	20.00	0.024040	41.269
19.99	20.00	0.024057	41.365
19.99	20.00	0.024074	41.465
19.99	20.00	0.024090	41.569
19.99	20.00	0.024107	41.665
19.99	20.00	0.024124	41.765
20.01	20.00	0.024140	41.868
20.01	20.00	0.024157	41.965
20.01	20.00	0.024174	42.066
20.01	20.00	0.024190	42.168
20.01	20.00	0.024207	42.265
20.01	20.00	0.024224	42.365
20.01	20.00	0.024240	42.469
20.01	20.00	0.024257	42.565
20.01	20.00	0.024274	42.665
20.01	20.00	0.024290	42.769
20.01	20.00	0.024307	42.865
20.01	20.00	0.024324	42.965
20.01	20.00	0.024340	43.068
20.01	20.00	0.024357	43.165
19.99	20.00	0.024374	43.265
19.99	20.00	0.024390	43.369
19.99	20.00	0.024407	43.465
19.99	20.00	0.024424	43.565
19.99	20.00	0.024440	43.669
19.99	20.00	0.024457	43.765
19.99	20.00	0.024474	43.865
19.99	20.00	0.024490	43.968
19.99	20.00	0.024507	44.065
19.99	20.00	0.024524	44.165
19.99	20.00	0.024540	44.268
19.99	20.00	0.024557	44.366
19.99	20.00	0.024574	44.465
19.99	20.00	0.024590	44.569
19.99	20.00	0.024607	44.665
20.01	20.00	0.024623	44.765
20.01	20.00	0.024640	44.868
20.01	20.00	0.024657	44.965
20.01	20.00	0.024673	45.065
20.01	20.00	0.024690	45.168
20.01	20.00	0.024707	45.266
20.01	20.00	0.024723	45.365
20.01	20.00	0.024740	45.468
20.01	20.00	0.024757	45.565
20.01	20.00	0.024773	45.665
20.01	20.00	0.024790	45.768
20.01	20.00	0.024807	45.866
20.01	20.00	0.024823	45.965
20.01	20.00	0.024840	46.068
20.01	20.00	0.024857	46.165
20.01	20.00	0.024873	46.265
20.01	20.00	0.024890	46.367
20.01	20.00	0.024907	46.494
19.99	20.00	0.024923	46.588
19.99	20.00	0.024940	46.668
19.99	20.00	0.024957	46.792
19.99	20.00	0.024973	46.887
19.99	20.00	0.024990	46.992
19.99	20.00	0.025007	47.091
19.99	20.00	0.025023	47.186
19.99	20.00	0.025040	47.290
19.99	20.00	0.025057	47.390
19.99	20.00	0.025073	47.484
19.99	20.00	0.025090	47.589
19.99	20.00	0.025107	47.688
19.99	20.00	0.025123	47.784
19.99	20.00	0.025140	47.888
19.99	20.00	0.025157	47.988
19.99	20.00	0.025173	48.082
19.99	20.00	0.025190	48.187
19.99	20.00	0.025207	48.281
19.99	20.00	0.025223	48.381
19.99	20.00	0.025240	48.485
19.99	20.00	0.025257	48.580
19.99	20.00	0.025273	48.680
19.99	20.00	0.025290	48.784
19.99	20.00	0.025307	48.879
19.99	20.00	0.025323	48.978
19.99	20.00	0.025340	49.083
19.99	20.00	0.025357	49.177
20.01	20.00	0.025373	49.277
20.01	20.00	0.025390	49.382
20.01	20.00	0.025407	49.476
20.01	20.00	0.025423	49.576
20.01	20.00	0.025440	49.680
20.01	20.00	0.025456	49.775
20.01	20.00	0.025473	49.874
20.01	20.00	0.025490	49.979
20.01	20.00	0.025506	50.074
20.01	20.00	0.025523	50.174
20.01	20.00	0.025540	50.279
20.01	20.00	0.025556	50.372
20.01	20.00	0.025573	50.473
20.01	20.00	0.025590	50.577
20.01	20.00	0.025606	50.672
20.01	20.00	0.025623	50.771
20.01	20.00	0.025640	50.876
20.01	20.00	0.025656	50.971
20.01	20.00	0.025673	51.071
20.01	20.00	0.025690	51.175
20.01	20.00	0.025706	51.269
20.01	20.00	0.025723	51.371
20.01	20.00	0.025740	51.473
20.01	20.00	0.025756	51.568
20.01	20.00	0.025773	51.671
20.01	20.00	0.025790	51.773
20.01	20.00	0.025806	51.866
19.99	20.00	0.025823	51.971
19.99	20.00	0.025840	52.071
19.99	20.00	0.025856	52.165
19.99	20.00	0.025873	52.270
19.99	20.00	0.025890	52.370
19.99	20.00	0.025906	52.466
19.99	20.00	0.025923	52.569
19.99	20.00	0.025940	52.668
19.99	20.00	0.025956	52.765
19.99	20.00	0.025973	52.868
19.99	20.00	0.025990	52.967
19.99	20.00	0.026006	53.065
19.99	20.00	0.026023	53.166
19.99	20.00	0.026040	53.267
19.99	20.00	0.026056	53.366
19.99	20.00	0.026073	53.466
19.99	20.00	0.026090	53.566
19.99	20.00	0.026106	53.666
20.01	20.00	0.026123	53.766
20.01	20.00	0.026140	53.866
20.01	20.00	0.026156	53.967
20.01	20.00	0.026173	54.066
20.01	20.00	0.026190	54.167
20.01	20.00	0.026206	54.266
20.01	20.00	0.026223	54.366
20.01	20.00	0.026240	54.466
20.01	20.00	0.026256	54.566
20.01	20.00	0.026273	54.666
20.01	20.00	0.026289	54.766
19.99	20.00	0.026306	54.867
19.99	20.00	0.026323	54.966
19.99	20.00	0.026339	55.066
19.99	20.00	0.026356	55.166
19.99	20.00	0.026373	55.266
19.99	20.00	0.026389	55.366
19.99	20.00	0.026406	55.466
19.99	20.00	0.026423	55.566
19.99	20.00	0.026439	55.666
19.99	20.00	0.026456	55.767
19.99	20.00	0.026473	55.866
19.99	20.00	0.026489	55.966
20.01	20.00	0.026506	56.066
20.01	20.00	0.026523	56.166
20.01	20.00	0.026539	56.266
20.01	20.00	0.026556	56.366
20.01	20.00	0.026573	56.467
20.01	20.00	0.026589	56.566
20.01	20.00	0.026606	56.667
20.01	20.00	0.026623	56.766
20.01	20.00	0.026639	56.866
20.01	20.00	0.026656	56.965
20.01	20.00	0.026673	57.066
20.01	20.00	0.026689	57.166
20.01	20.00	0.026706	57.266
20.01	20.00	0.026723	57.368
20.01	20.00	0.026739	57.467
20.01	20.00	0.026756	57.567
20.01	20.00	0.026773	57.667
19.99	20.00	0.026789	57.767
19.99	20.00	0.026806	57.867
19.99	20.00	0.026823	57.967
19.99	20.00	0.026839	58.068
19.99	20.00	0.026856	58.167
19.99	20.00	0.026873	58.292
19.99	20.00	0.026889	58.390
19.99	20.00	0.026906	58.496
19.99	20.00	0.026923	58.590
19.99	20.00	0.026939	58.690
19.99	20.00	0.026956	58.794
20.01	20.00	0.026973	58.888
20.01	20.00	0.026989	58.989
20.01	20.00	0.027006	59.093
20.01	20.00	0.027023	59.187
20.01	20.00	0.027039	59.290
20.01	20.00	0.027056	59.391
20.01	20.00	0.027073	59.486
20.01	20.00	0.027089	59.589
20.01	20.00	0.027106	59.690
20.01	20.00	0.027122	59.785
20.01	20.00	0.027139	59.889
20.01	20.00	0.027156	59.989
20.01	20.00	0.027172	00.084
20.01	20.00	0.027189	00.188
20.01	20.00	0.027206	00.288
19.99	20.00	0.027222	00.382
19.99	20.00	0.027239	00.487
19.99	20.00	0.027256	00.587
19.99	20.00	0.027272	00.681
19.99	20.00	0.027289	00.786
19.99	20.00	0.027306	00.885
19.99	20.00	0.027322	00.980
19.99	20.00	0.027339	01.084
19.99	20.00	0.027356	01.184
19.99	20.00	0.027372	01.278
19.99	20.00	0.027389	01.383
19.99	20.00	0.027406	01.479
19.99	20.00	0.027422	01.578
19.99	20.00	0.027439	01.683
19.99	20.00	0.027456	01.777
19.99	20.00	0.027472	01.877
19.99	20.00	0.027489	01.981
19.99	20.00	0.027506	02.076
19.99	20.00	0.027522	02.176
19.99	20.00	0.027539	02.280
19.99	20.00	0.027556	02.375
20.01	20.00	0.027572	02.474
20.01	20.00	0.027589	02.579
20.01	20.00	0.027606	02.673
20.01	20.00	0.027622	02.773
20.01	20.00	0.027639	02.877
20.01	20.00	0.027656	02.972
20.01	20.00	0.027672	03.072
20.01	20.00	0.027689	03.176
20.01	20.00	0.027706	03.271
20.01	20.00	0.027722	03.370
20.01	20.00	0.027739	03.475
20.01	20.00	0.027756	03.569
20.01	20.00	0.027772	03.669
20.01	20.00	0.027789	03.773
20.01	20.00	0.027806	03.869
20.01	20.00	0.027822	03.970
20.01	20.00	0.027839	04.073
19.99	20.00	0.027856	04.169
19.99	20.00	0.027872	04.269
19.99	20.00	0.027889	04.371
19.99	20.00	0.027906	04.469
19.99	20.00	0.027922	04.570
19.99	20.00	0.027939	04.670
19.99	20.00	0.027955	04.769
19.99	20.00	0.027972	04.869
19.99	20.00	0.027989	04.969
19.99	20.00	0.028005	05.069
19.99	20.00	0.028022	05.169
19.99	20.00	0.028039	05.269
19.99	20.00	0.028055	05.370
19.99	20.00	0.028072	05.469
19.99	20.00	0.028089	05.569
19.99	20.00	0.028105	05.669
19.99	20.00	0.028122	05.769
20.01	20.00	0.028139	05.869
20.01	20.00	0.028155	05.969
20.01	20.00	0.028172	06.069
20.01	20.00	0.028189	06.170
20.01	20.00	0.028205	06.270
20.01	20.00	0.028222	06.369
20.01	20.00	0.028239	06.469
20.01	20.00	0.028255	06.569
20.01	20.00	0.028272	06.669
20.01	20.00	0.028289	06.769
20.01	20.00	0.028305	06.870
20.01	20.00	0.028322	06.969
20.01	20.00	0.028339	07.070
20.01	20.00	0.028355	07.169
20.01	20.00	0.028372	07.269
20.01	20.00	0.028389	07.369
20.01	20.00	0.028405	07.469
20.01	20.00	0.028422	07.569
20.01	20.00	0.028439	07.670
20.01	20.00	0.028455	07.769
20.01	20.00	0.028472	07.870
20.01	20.00	0.028489	07.969
19.99	20.00	0.028505	08.069
19.99	20.00	0.028522	08.169
19.99	20.00	0.028539	08.269
19.99	20.00	0.028555	08.369
19.99	20.00	0.028572	08.470
19.99	20.00	0.028589	08.569
19.99	20.00	0.028605	08.670
19.99	20.00	0.028622	08.769
19.99	20.00	0.028639	08.869
19.99	20.00	0.028655	08.969
19.99	20.00	0.028672	09.069
19.99	20.00	0.028689	09.169
19.99	20.00	0.028705	09.270
19.99	20.00	0.028722	09.369
19.99	20.00	0.028739	09.470
19.99	20.00	0.028755	09.569
19.99	20.00	0.028772	09.669
19.99	20.00	0.028788	09.769
20.01	20.00	0.028805	09.869
20.01	20.00	0.028822	09.970
20.01	20.00	0.028838	10.069
20.01	20.00	0.028855	10.198
20.01	20.00	0.028872	10.293
20.01	20.00	0.028888	10.393
20.01	20.00	0.028905	10.497
20.01	20.00	0.028922	10.592
20.01	20.00	0.028938	10.691
20.01	20.00	0.028955	10.796
20.01	20.00	0.028972	10.890
20.01	20.00	0.028988	10.990
20.01	20.00	0.029005	11.095
20.01	20.00	0.029022	11.189
20.01	20.00	0.029038	11.289
20.01	20.00	0.029055	11.393
20.01	20.00	0.029072	11.488
20.01	20.00	0.029088	11.587
20.01	20.00	0.029105	11.692
20.01	20.00	0.029122	11.787
20.01	20.00	0.029138	11.886
20.01	20.00	0.029155	11.991
20.01	20.00	0.029172	12.085
19.99	20.00	0.029188	12.187
19.99	20.00	0.029205	12.289
19.99	20.00	0.029222	12.384
19.99	20.00	0.029238	12.486
19.99	20.00	0.029255	12.589
19.99	20.00	0.029272	12.683
19.99	20.00	0.029288	12.786
19.99	20.00	0.029305	12.887
19.99	20.00	0.029322	12.982
19.99	20.00	0.029338	13.086
19.99	20.00	0.029355	13.186
19.99	20.00	0.029372	13.281
19.99	20.00	0.029388	13.385
19.99	20.00	0.029405	13.485
19.99	20.00	0.029422	13.580
19.99	20.00	0.029438	13.684
19.99	20.00	0.029455	13.784
19.99	20.00	0.029472	13.878
20.01	20.00	0.029488	13.983
20.01	20.00	0.029505	14.083
20.01	20.00	0.029522	14.178
20.01	20.00	0.029538	14.282
20.01	20.00	0.029555	14.381
20.01	20.00	0.029572	14.476
20.01	20.00	0.029588	14.580
20.01	20.00	0.029605	14.675
20.01	20.00	0.029621	14.775
20.01	20.00	0.029638	14.879
20.01	20.00	0.029655	14.974
20.01	20.00	0.029671	15.073
20.01	20.00	0.029688	15.178
20.01	20.00	0.029705	15.272
20.01	20.00	0.029721	15.372
20.01	20.00	0.029738	15.477
20.01	20.00	0.029755	15.571
20.01	20.00	0.029771	15.672
20.01	20.00	0.029788	15.776
20.01	20.00	0.029805	15.871
20.01	20.00	0.029821	15.970
20.01	20.00	0.029838	16.075
20.01	20.00	0.029855	16.169
19.99	20.00	0.029871	16.269
19.99	20.00	0.029888	16.374
19.99	20.00	0.029905	16.469
19.99	20.00	0.029921	16.570
19.99	20.00	0.029938	16.672
19.99	20.00	0.029955	16.769
19.99	20.00	0.029971	16.869
19.99	20.00	0.029988	16.970
19.99	20.00	0.030005	17.069
19.99	20.00	0.030021	17.170
19.99	20.00	0.030038	17.270
19.99	20.00	0.030055	17.369
20.01	20.00	0.030071	17.469
20.01	20.00	0.030088	17.569
20.01	20.00	0.030105	17.669
20.01	20.00	0.030121	17.769
20.01	20.00	0.030138	17.869
20.01	20.00	0.030155	17.969
20.01	20.00	0.030171	18.070
20.01	20.00	0.030188	18.170
20.01	20.00	0.030205	18.269
20.01	20.00	0.030221	18.369
20.01	20.00	0.030238	18.469
20.01	20.00	0.030255	18.569
20.01	20.00	0.030271	18.669
20.01	20.00	0.030288	18.770
20.01	20.00	0.030305	18.869
20.01	20.00	0.030321	18.970
20.01	20.00	0.030338	19.069
19.99	20.00	0.030355	19.169
19.99	20.00	0.030371	19.269
19.99	20.00	0.030388	19.369
19.99	20.00	0.030405	19.469
19.99	20.00	0.030421	19.570
19.99	20.00	0.030438	19.669
19.99	20.00	0.030454	19.770
19.99	20.00	0.030471	19.869
19.99	20.00	0.030488	19.969
19.99	20.00	0.030504	20.069
19.99	20.00	0.030521	20.169
19.99	20.00	0.030538	20.269
19.99	20.00	0.030554	20.369
19.99	20.00	0.030571	20.470
19.99	20.00	0.030588	20.569
19.99	20.00	0.030604	20.669
19.99	20.00	0.030621	20.769
19.99	20.00	0.030638	20.869
19.99	20.00	0.030654	20.969
19.99	20.00	0.030671	21.069
20.01	20.00	0.030688	21.170
20.01	20.00	0.030704	21.269
20.01	20.00	0.030721	21.370
20.01	20.00	0.030738	21.469
20.01	20.00	0.030754	21.569
20.01	20.00	0.030771	21.669
20.01	20.00	0.030788	21.769
20.01	20.00	0.030804	21.869
20.01	20.00	0.030821	21.969
20.01	20.00	0.030838	22.070
20.01	20.00	0.030854	22.169
20.01	20.00	0.030871	22.269
20.01	20.00	0.030888	22.369
19.99	20.00	0.030904	22.469
19.99	20.00	0.030921	22.569
19.99	20.00	0.030938	22.693
19.99	20.00	0.030954	22.798
19.99	20.00	0.030971	22.892
19.99	20.00	0.030988	22.992
19.99	20.00	0.031004	23.097
19.99	20.00	0.031021	23.191
19.99	20.00	0.031038	23.291
19.99	20.00	0.031054	23.395
19.99	20.00	0.031071	23.490
19.99	20.00	0.031088	23.589
20.01	20.00	0.031104	23.694
20.01	20.00	0.031121	23.789
20.01	20.00	0.031138	23.888
20.01	20.00	0.031154	23.993
20.01	20.00	0.031171	24.087
20.01	20.00	0.031188	24.187
20.01	20.00	0.031204	24.292
20.01	20.00	0.031221	24.386
20.01	20.00	0.031238	24.486
20.01	20.00	0.031254	24.590
20.01	20.00	0.031271	24.685
20.01	20.00	0.031287	24.784
20.01	20.00	0.031304	24.890
20.01	20.00	0.031321	24.984
20.01	20.00	0.031337	25.083
20.01	20.00	0.031354	25.188
20.01	20.00	0.031371	25.283
19.99	20.00	0.031387	25.383
19.99	20.00	0.031404	25.487
19.99	20.00	0.031421	25.581
19.99	20.00	0.031437	25.683
19.99	20.00	0.031454	25.785
19.99	20.00	0.031471	25.880
19.99	20.00	0.031487	25.982
19.99	20.00	0.031504	26.084
19.99	20.00	0.031521	26.179
19.99	20.00	0.031537	26.283
19.99	20.00	0.031554	26.383
19.99	20.00	0.031571	26.478
19.99	20.00	0.031587	26.582
19.99	20.00	0.031604	26.682
19.99	20.00	0.031621	26.776
19.99	20.00	0.031637	26.881
19.99	20.00	0.031654	26.981
20.01	20.00	0.031671	27.075
20.01	20.00	0.031687	27.180
20.01	20.00	0.031704	27.279
20.01	20.00	0.031721	27.374
20.01	20.00	0.031737	27.479
20.01	20.00	0.031754	27.579
20.01	20.00	0.031771	27.674
20.01	20.00	0.031787	27.778
20.01	20.00	0.031804	27.873
20.01	20.00	0.031821	27.972
20.01	20.00	0.031837	28.077
20.01	20.00	0.031854	28.171
20.01	20.00	0.031871	28.271
20.01	20.00	0.031887	28.375
20.01	20.00	0.031904	28.470
20.01	20.00	0.031921	28.570
20.01	20.00	0.031937	28.674
20.01	20.00	0.031954	28.769
20.01	20.00	0.031971	28.869
20.01	20.00	0.031987	28.973
19.99	20.00	0.032004	29.069
19.99	20.00	0.032021	29.169
19.99	20.00	0.032037	29.272
19.99	20.00	0.032054	29.369
19.99	20.00	0.032071	29.470
19.99	20.00	0.032087	29.571
19.99	20.00	0.032104	29.669
19.99	20.00	0.032120	29.769
19.99	20.00	0.032137	29.869
19.99	20.00	0.032154	29.969
19.99	20.00	0.032170	30.070
19.99	20.00	0.032187	30.171
19.99	20.00	0.032204	30.270
19.99	20.00	0.032220	30.370
19.99	20.00	0.032237	30.470
19.99	20.00	0.032254	30.570
19.99	20.00	0.032270	30.670
19.99	20.00	0.032287	30.770
19.99	20.00	0.032304	30.871
19.99	20.00	0.032320	30.970
19.99	20.00	0.032337	31.071
19.99	20.00	0.032354	31.170
19.99	20.00	0.032370	31.270
19.99	20.00	0.032387	31.370
19.99	20.00	0.032404	31.470
19.99	20.00	0.032420	31.570
20.01	20.00	0.032437	31.670
20.01	20.00	0.032454	31.771
20.01	20.00	0.032470	31.870
20.01	20.00	0.032487	31.970
20.01	20.00	0.032504	32.070
20.01	20.00	0.032520	32.170
20.01	20.00	0.032537	32.270
20.01	20.00	0.032554	32.370
20.01	20.00	0.032570	32.471
20.01	20.00	0.032587	32.570
20.01	20.00	0.032604	32.671
20.01	20.00	0.032620	32.770
20.01	20.00	0.032637	32.870
20.01	20.00	0.032654	32.970
20.01	20.00	0.032670	33.070
20.01	20.00	0.032687	33.170
20.01	20.00	0.032704	33.271
20.01	20.00	0.032720	33.370
20.01	20.00	0.032737	33.471
20.01	20.00	0.032754	33.570
20.01	20.00	0.032770	33.670
20.01	20.00	0.032787	33.770
19.99	20.00	0.032804	33.870
19.99	20.00	0.032820	33.970
19.99	20.00	0.032837	34.071
19.99	20.00	0.032854	34.170
19.99	20.00	0.032870	34.270
19.99	20.00	0.032887	34.370
19.99	20.00	0.032904	34.470
19.99	20.00	0.032920	34.600
19.99	20.00	0.032937	34.670
19.99	20.00	0.032953	34.799
19.99	20.00	0.032970	34.899
19.99	20.00	0.032987	34.994
19.99	20.00	0.033003	35.098
20.01	20.00	0.033020	35.198
20.01	20.00	0.033037	35.292
20.01	20.00	0.033053	35.398
20.01	20.00	0.033070	35.497
20.01	20.00	0.033087	35.591
20.01	20.00	0.033103	35.696
20.01	20.00	0.033120	35.791
20.01	20.00	0.033137	35.890
20.01	20.00	0.033153	35.995
20.01	20.00	0.033170	36.089
20.01	20.00	0.033187	36.189
20.01	20.00	0.033203	36.293
20.01	20.00	0.033220	36.388
20.01	20.00	0.033237	36.487
20.01	20.00	0.033253	36.592
20.01	20.00	0.033270	36.687
20.01	20.00	0.033287	36.786
20.01	20.00	0.033303	36.891
20.01	20.00	0.033320	36.985
20.01	20.00	0.033337	37.086
20.01	20.00	0.033353	37.190
20.01	20.00	0.033370	37.284
20.01	20.00	0.033387	37.385
20.01	20.00	0.033403	37.489
20.01	20.00	0.033420	37.584
20.01	20.00	0.033437	37.683
20.01	20.00	0.033453	37.788
19.99	20.00	0.033470	37.882
19.99	20.00	0.033487	37.982
19.99	20.00	0.033503	38.086
19.99	20.00	0.033520	38.181
19.99	20.00	0.033537	38.281
19.99	20.00	0.033553	38.385
19.99	20.00	0.033570	38.480
19.99	20.00	0.033587	38.579
19.99	20.00	0.033603	38.684
19.99	20.00	0.033620	38.778
19.99	20.00	0.033637	38.880
19.99	20.00	0.033653	38.983
19.99	20.00	0.033670	39.077
19.99	20.00	0.033687	39.180
19.99	20.00	0.033703	39.281
19.99	20.00	0.033720	39.376
19.99	20.00	0.033737	39.479
19.99	20.00	0.033753	39.580
20.01	20.00	0.033770	39.674
20.01	20.00	0.033786	39.779
20.01	20.00	0.033803	39.879
20.01	20.00	0.033820	39.973
20.01	20.00	0.033836	40.079
20.01	20.00	0.033853	40.178
20.01	20.00	0.033870	40.273
20.01	20.00	0.033886	40.377
20.01	20.00	0.033903	40.477
20.01	20.00	0.033920	40.574
20.01	20.00	0.033936	40.676
19.99	20.00	0.033953	40.776
19.99	20.00	0.033970	40.873
19.99	20.00	0.033986	40.975
19.99	20.00	0.034003	41.074
19.99	20.00	0.034020	41.173
19.99	20.00	0.034036	41.273
19.99	20.00	0.034053	41.375
19.99	20.00	0.034070	41.474
19.99	20.00	0.034086	41.573
19.99	20.00	0.034103	41.675
19.99	20.00	0.034120	41.773
19.99	20.00	0.034136	41.873
19.99	20.00	0.034153	41.975
19.99	20.00	0.034170	42.073
20.01	20.00	0.034186	42.173
20.01	20.00	0.034203	42.275
20.01	20.00	0.034220	42.373
20.01	20.00	0.034236	42.474
20.01	20.00	0.034253	42.574
20.01	20.00	0.034270	42.673
20.01	20.00	0.034286	42.773
20.01	20.00	0.034303	42.874
20.01	20.00	0.034320	42.973
20.01	20.00	0.034336	43.073
20.01	20.00	0.034353	43.175
20.01	20.00	0.034370	43.273
20.01	20.00	0.034386	43.373
20.01	20.00	0.034403	43.474
20.01	20.00	0.034420	43.573
20.01	20.00	0.034436	43.673
20.01	20.00	0.034453	43.774
19.99	20.00	0.034470	43.874
19.99	20.00	0.034486	43.973
19.99	20.00	0.034503	44.074
19.99	20.00	0.034520	44.173
19.99	20.00	0.034536	44.273
19.99	20.00	0.034553	44.374
19.99	20.00	0.034570	44.473
19.99	20.00	0.034586	44.573
19.99	20.00	0.034603	44.674
19.99	20.00	0.034619	44.774
19.99	20.00	0.034636	44.873
19.99	20.00	0.034653	44.974
19.99	20.00	0.034669	45.073
20.01	20.00	0.034686	45.173
20.01	20.00	0.034703	45.273
20.01	20.00	0.034719	45.373
20.01	20.00	0.034736	45.473
20.01	20.00	0.034753	45.574
20.01	20.00	0.034769	45.674
20.01	20.00	0.034786	45.773
20.01	20.00	0.034803	45.874
20.01	20.00	0.034819	45.973
20.01	20.00	0.034836	46.073
20.01	20.00	0.034853	46.173
20.01	20.00	0.034869	46.273
20.01	20.00	0.034886	46.374
20.01	20.00	0.034903	46.473
20.01	20.00	0.034919	46.603
20.01	20.00	0.034936	46.697
20.01	20.00	0.034953	46.774
20.01	20.00	0.034969	46.901
19.99	20.00	0.034986	46.996
19.99	20.00	0.035003	47.073
19.99	20.00	0.035019	47.200
19.99	20.00	0.035036	47.294
19.99	20.00	0.035053	47.373
19.99	20.00	0.035069	47.499
19.99	20.00	0.035086	47.593
19.99	20.00	0.035103	47.698
19.99	20.00	0.035119	47.797
19.99	20.00	0.035136	47.892
19.99	20.00	0.035153	47.996
19.99	20.00	0.035169	48.096
19.99	20.00	0.035186	48.191
20.01	20.00	0.035203	48.295
20.01	20.00	0.035219	48.395
20.01	20.00	0.035236	48.489
20.01	20.00	0.035253	48.595
20.01	20.00	0.035269	48.693
20.01	20.00	0.035286	48.789
20.01	20.00	0.035303	48.893
20.01	20.00	0.035319	48.988
20.01	20.00	0.035336	49.088
20.01	20.00	0.035353	49.192
20.01	20.00	0.035369	49.287
20.01	20.00	0.035386	49.386
20.01	20.00	0.035403	49.491
20.01	20.00	0.035419	49.585
20.01	20.00	0.035436	49.685
20.01	20.00	0.035452	49.790
20.01	20.00	0.035469	49.884
19.99	20.00	0.035486	49.984
19.99	20.00	0.035502	50.088
19.99	20.00	0.035519	50.183
19.99	20.00	0.035536	50.282
19.99	20.00	0.035552	50.387
19.99	20.00	0.035569	50.481
19.99	20.00	0.035586	50.581
19.99	20.00	0.035602	50.686
19.99	20.00	0.035619	50.780
19.99	20.00	0.035636	50.880
19.99	20.00	0.035652	50.984
19.99	20.00	0.035669	51.079
19.99	20.00	0.035686	51.178
19.99	20.00	0.035702	51.283
19.99	20.00	0.035719	51.378
19.99	20.00	0.035736	51.477
19.99	20.00	0.035752	51.582
19.99	20.00	0.035769	51.676
19.99	20.00	0.035786	51.777
19.99	20.00	0.035802	51.880
20.01	20.00	0.035819	51.976
20.01	20.00	0.035836	52.076
20.01	20.00	0.035852	52.180
20.01	20.00	0.035869	52.275
20.01	20.00	0.035886	52.377
20.01	20.00	0.035902	52.479
20.01	20.00	0.035919	52.573
20.01	20.00	0.035936	52.677
20.01	20.00	0.035952	52.777
20.01	20.00	0.035969	52.873
20.01	20.00	0.035986	52.976
20.01	20.00	0.036002	53.076
20.01	20.00	0.036019	53.173
20.01	20.00	0.036036	53.276
20.01	20.00	0.036052	53.375
19.99	20.00	0.036069	53.473
19.99	20.00	0.036086	53.573
19.99	20.00	0.036102	53.674
19.99	20.00	0.036119	53.774
19.99	20.00	0.036136	53.873
19.99	20.00	0.036152	53.974
19.99	20.00	0.036169	54.073
19.99	20.00	0.036186	54.173
19.99	20.00	0.036202	54.274
19.99	20.00	0.036219	54.374
19.99	20.00	0.036236	54.474
19.99	20.00	0.036252	54.574
19.99	20.00	0.036269	54.674
19.99	20.00	0.036285	54.775
19.99	20.00	0.036302	54.874
19.99	20.00	0.036319	54.974
19.99	20.00	0.036335	55.074
19.99	20.00	0.036352	55.174
19.99	20.00	0.036369	55.274
19.99	20.00	0.036385	55.374
19.99	20.00	0.036402	55.475
20.01	20.00	0.036419	55.574
20.01	20.00	0.036435	55.675
20.01	20.00	0.036452	55.774
20.01	20.00	0.036469	55.874
20.01	20.00	0.036485	55.974
20.01	20.00	0.036502	56.074
20.01	20.00	0.036519	56.174
20.01	20.00	0.036535	56.274
20.01	20.00	0.036552	56.375
20.01	20.00	0.036569	56.474
20.01	20.00	0.036585	56.574
20.01	20.00	0.036602	56.674
20.01	20.00	0.036619	56.774
20.01	20.00	0.036635	56.874
20.01	20.00	0.036652	56.974
20.01	20.00	0.036669	57.075
20.01	20.00	0.036685	57.174
20.01	20.00	0.036702	57.275
20.01	20.00	0.036719	57.374
20.01	20.00	0.036735	57.474
20.01	20.00	0.036752	57.574
20.01	20.00	0.036769	57.674
20.01	20.00	0.036785	57.774
20.01	20.00	0.036802	57.874
20.01	20.00	0.036819	57.975
20.01	20.00	0.036835	58.074
19.99	20.00	0.036852	58.174
19.99	20.00	0.036869	58.274
19.99	20.00	0.036885	58.374
19.99	20.00	0.036902	58.474
19.99	20.00	0.036919	58.574
19.99	20.00	0.036935	58.698
19.99	20.00	0.036952	58.798
19.99	20.00	0.036969	58.902
19.99	20.00	0.036985	58.997
19.99	20.00	0.037002	59.097
19.99	20.00	0.037019	59.201
19.99	20.00	0.037035	59.296
19.99	20.00	0.037052	59.395
19.99	20.00	0.037069	59.501
20.01	20.00	0.037085	59.595
20.01	20.00	0.037102	59.695
20.01	20.00	0.037118	59.800
20.01	20.00	0.037135	59.894
20.01	20.00	0.037152	59.996
20.01	20.00	0.037168	00.098
20.01	20.00	0.037185	00.193
20.01	20.00	0.037202	00.295
20.01	20.00	0.037218	00.397
20.01	20.00	0.037235	00.492
20.01	20.00	0.037252	00.595
20.01	20.00	0.037268	00.696
20.01	20.00	0.037285	00.790
20.01	20.00	0.037302	00.895
20.01	20.00	0.037318	00.994
19.99	20.00	0.037335	01.089
19.99	20.00	0.037352	01.193
19.99	20.00	0.037368	01.293
19.99	20.00	0.037385	01.388
19.99	20.00	0.037402	01.492
19.99	20.00	0.037418	01.592
19.99	20.00	0.037435	01.686
19.99	20.00	0.037452	01.791
19.99	20.00	0.037468	01.890
19.99	20.00	0.037485	01.985
19.99	20.00	0.037502	02.090
20.01	20.00	0.037518	02.185
20.01	20.00	0.037535	02.285
20.01	20.00	0.037552	02.389
20.01	20.00	0.037568	02.484
20.01	20.00	0.037585	02.583
20.01	20.00	0.037602	02.688
20.01	20.00	0.037618	02.782
20.01	20.00	0.037635	02.882
20.01	20.00	0.037652	02.987
20.01	20.00	0.037668	03.081
20.01	20.00	0.037685	03.181
20.01	20.00	0.037702	03.285
20.01	20.00	0.037718	03.380
20.01	20.00	0.037735	03.479
20.01	20.00	0.037752	03.584
20.01	20.00	0.037768	03.679
20.01	20.00	0.037785	03.778
20.01	20.00	0.037802	03.883
19.99	20.00	0.037818	03.977
19.99	20.00	0.037835	04.077
19.99	20.00	0.037852	04.181
19.99	20.00	0.037868	04.276
19.99	20.00	0.037885	04.376
19.99	20.00	0.037902	04.481
19.99	20.00	0.037918	04.575
19.99	20.00	0.037935	04.675
19.99	20.00	0.037951	04.779
19.99	20.00	0.037968	04.874
19.99	20.00	0.037985	04.974
19.99	20.00	0.038001	05.078
19.99	20.00	0.038018	05.174
19.99	20.00	0.038035	05.274
19.99	20.00	0.038051	05.377
19.99	20.00	0.038068	05.474
20.01	20.00	0.038085	05.574
20.01	20.00	0.038101	05.676
20.01	20.00	0.038118	05.774
20.01	20.00	0.038135	05.874
20.01	20.00	0.038151	05.974
20.01	20.00	0.038168	06.074
20.01	20.00	0.038185	06.175
20.01	20.00	0.038201	06.274
20.01	20.00	0.038218	06.374
20.01	20.00	0.038235	06.474
20.01	20.00	0.038251	06.574
20.01	20.00	0.038268	06.674
20.01	20.00	0.038285	06.774
20.01	20.00	0.038301	06.875
20.01	20.00	0.038318	06.974
20.01	20.00	0.038335	07.075
19.99	20.00	0.038351	07.174
19.99	20.00	0.038368	07.274
19.99	20.00	0.038385	07.374
19.99	20.00	0.038401	07.474
19.99	20.00	0.038418	07.574
19.99	20.00	0.038435	07.674
19.99	20.00	0.038451	07.775
19.99	20.00	0.038468	07.874
19.99	20.00	0.038485	07.975
19.99	20.00	0.038501	08.074
19.99	20.00	0.038518	08.174
19.99	20.00	0.038535	08.274
19.99	20.00	0.038551	08.374
19.99	20.00	0.038568	08.474
19.99	20.00	0.038585	08.574
19.99	20.00	0.038601	08.676
19.99	20.00	0.038618	08.775
20.01	20.00	0.038635	08.875
20.01	20.00	0.038651	08.975
20.01	20.00	0.038668	09.075
20.01	20.00	0.038685	09.175
20.01	20.00	0.038701	09.275
20.01	20.00	0.038718	09.376
20.01	20.00	0.038735	09.475
20.01	20.00	0.038751	09.576
20.01	20.00	0.038768	09.675
20.01	20.00	0.038784	09.775
20.01	20.00	0.038801	09.875
20.01	20.00	0.038818	09.975
20.01	20.00	0.038834	10.075
20.01	20.00	0.038851	10.175
20.01	20.00	0.038868	10.276
20.01	20.00	0.038884	10.375
20.01	20.00	0.038901	10.475
20.01	20.00	0.038918	10.575
19.99	20.00	0.038934	10.675
19.99	20.00	0.038951	10.775
19.99	20.00	0.038968	10.875
19.99	20.00	0.038984	10.999
19.99	20.00	0.039001	11.099
19.99	20.00	0.039018	11.204
19.99	20.00	0.039034	11.298
19.99	20.00	0.039051	11.397
19.99	20.00	0.039068	11.503
19.99	20.00	0.039084	11.597
19.99	20.00	0.039101	11.697
19.99	20.00	0.039118	11.801
19.99	20.00	0.039134	11.896
20.01	20.00	0.039151	11.996
20.01	20.00	0.039168	12.100
20.01	20.00	0.039184	12.195
20.01	20.00	0.039201	12.294
20.01	20.00	0.039218	12.399
20.01	20.00	0.039234	12.493
20.01	20.00	0.039251	12.593
20.01	20.00	0.039268	12.697
20.01	20.00	0.039284	12.792
20.01	20.00	0.039301	12.893
20.01	20.00	0.039318	12.996
20.01	20.00	0.039334	13.091
20.01	20.00	0.039351	13.192
20.01	20.00	0.039368	13.295
20.01	20.00	0.039384	13.389
20.01	20.00	0.039401	13.492
20.01	20.00	0.039418	13.594
19.99	20.00	0.039434	13.688
19.99	20.00	0.039451	13.793
19.99	20.00	0.039468	13.892
19.99	20.00	0.039484	13.987
19.99	20.00	0.039501	14.091
19.99	20.00	0.039518	14.191
19.99	20.00	0.039534	14.285
19.99	20.00	0.039551	14.391
19.99	20.00	0.039568	14.490
19.99	20.00	0.039584	14.585
19.99	20.00	0.039601	14.689
19.99	20.00	0.039617	14.789
19.99	20.00	0.039634	14.884
19.99	20.00	0.039651	14.988
19.99	20.00	0.039667	15.088
19.99	20.00	0.039684	15.183
19.99	20.00	0.039701	15.287
19.99	20.00	0.039717	15.382
19.99	20.00	0.039734	15.481
19.99	20.00	0.039751	15.586
20.01	20.00	0.039767	15.680
20.01	20.00	0.039784	15.780
20.01	20.00	0.039801	15.885
20.01	20.00	0.039817	15.979
20.01	20.00	0.039834	16.079
20.01	20.00	0.039851	16.183
20.01	20.00	0.039867	16.278
20.01	20.00	0.039884	16.378
20.01	20.00	0.039901	16.482
20.01	20.00	0.039917	16.579
20.01	20.00	0.039934	16.680
20.01	20.00	0.039951	16.781
20.01	20.00	0.039967	16.880
20.01	20.00	0.039984	16.979
20.01	20.00	0.040001	17.080
20.01	20.00	0.040017	17.179
19.99	20.00	0.040034	17.279
19.99	20.00	0.040051	17.379
19.99	20.00	0.040067	17.479
19.99	20.00	0.040084	17.580
19.99	20.00	0.040101	17.679
19.99	20.00	0.040117	17.779
19.99	20.00	0.040134	17.879
19.99	20.00	0.040151	17.979
19.99	20.00	0.040167	18.079
19.99	20.00	0.040184	18.179
19.99	20.00	0.040201	18.279
19.99	20.00	0.040217	18.379
19.99	20.00	0.040234	18.480
20.01	20.00	0.040251	18.578
20.01	20.00	0.040267	18.679
20.01	20.00	0.040284	18.779
20.01	20.00	0.040301	18.879
20.01	20.00	0.040317	18.979
20.01	20.00	0.040334	19.079
20.01	20.00	0.040351	19.180
20.01	20.00	0.040367	19.279
20.01	20.00	0.040384	19.380
20.01	20.00	0.040401	19.479
20.01	20.00	0.040417	19.579
20.01	20.00	0.040434	19.679
20.01	20.00	0.040450	19.779
20.01	20.00	0.040467	19.879
20.01	20.00	0.040484	19.980
20.01	20.00	0.040500	20.079
20.01	20.00	0.040517	20.180
20.01	20.00	0.040534	20.279
20.01	20.00	0.040550	20.379
20.01	20.00	0.040567	20.479
20.01	20.00	0.040584	20.579
19.99	20.00	0.040600	20.679
19.99	20.00	0.040617	20.780
19.99	20.00	0.040634	20.879
19.99	20.00	0.040650	20.980
19.99	20.00	0.040667	21.079
19.99	20.00	0.040684	21.179
19.99	20.00	0.040700	21.279
19.99	20.00	0.040717	21.379
19.99	20.00	0.040734	21.479
19.99	20.00	0.040750	21.579
19.99	20.00	0.040767	21.680
19.99	20.00	0.040784	21.779
19.99	20.00	0.040800	21.879
19.99	20.00	0.040817	21.979
19.99	20.00	0.040834	22.079
19.99	20.00	0.040850	22.179
19.99	20.00	0.040867	22.279
19.99	20.00	0.040884	22.408
20.01	20.00	0.040900	22.503
20.01	20.00	0.040917	22.607
20.01	20.00	0.040934	22.707
20.01	20.00	0.040950	22.802
20.01	20.00	0.040967	22.906
20.01	20.00	0.040984	23.006
20.01	20.00	0.041000	23.100
20.01	20.00	0.041017	23.206
20.01	20.00	0.041034	23.300
20.01	20.00	0.041050	23.400
20.01	20.00	0.041067	23.505
20.01	20.00	0.041084	23.599
20.01	20.00	0.041100	23.699
20.01	20.00	0.041117	23.803
20.01	20.00	0.041134	23.898
19.99	20.00	0.041150	23.997
19.99	20.00	0.041167	24.102
19.99	20.00	0.041184	24.196
19.99	20.00	0.041200	24.296
19.99	20.00	0.041217	24.401
19.99	20.00	0.041234	24.495
19.99	20.00	0.041250	24.595
19.99	20.00	0.041267	24.699
19.99	20.00	0.041283	24.794
19.99	20.00	0.041300	24.894
19.99	20.00	0.041317	24.998
19.99	20.00	0.041333	25.093
19.99	20.00	0.041350	25.192
19.99	20.00	0.041367	25.297
19.99	20.00	0.041383	25.391
20.01	20.00	0.041400	25.491
20.01	20.00	0.041417	25.595
20.01	20.00	0.041433	25.690
20.01	20.00	0.041450	25.790
20.01	20.00	0.041467	25.894
20.01	20.00	0.041483	25.989
20.01	20.00	0.041500	26.090
20.01	20.00	0.041517	26.194
20.01	20.00	0.041533	26.288
20.01	20.00	0.041550	26.390
20.01	20.00	0.041567	26.492
20.01	20.00	0.041583	26.587
20.01	20.00	0.041600	26.690
20.01	20.00	0.041617	26.791
20.01	20.00	0.041633	26.886
19.99	20.00	0.041650	26.989
19.99	20.00	0.041667	27.090
19.99	20.00	0.041683	27.184
19.99	20.00	0.041700	27.289
19.99	20.00	0.041717	27.389
19.99	20.00	0.041733	27.483
19.99	20.00	0.041750	27.587
19.99	20.00	0.041767	27.687
19.99	20.00	0.041783	27.781
19.99	20.00	0.041800	27.886
19.99	20.00	0.041817	27.985
19.99	20.00	0.041833	28.080
20.01	20.00	0.041850	28.186
20.01	20.00	0.041867	28.285
20.01	20.00	0.041883	28.380
20.01	20.00	0.041900	28.484
20.01	20.00	0.041917	28.579
20.01	20.00	0.041933	28.679
20.01	20.00	0.041950	28.783
20.01	20.00	0.041967	28.880
20.01	20.00	0.041983	28.979
20.01	20.00	0.042000	29.082
20.01	20.00	0.042017	29.179
20.01	20.00	0.042033	29.279
20.01	20.00	0.042050	29.380
20.01	20.00	0.042067	29.479
19.99	20.00	0.042083	29.579
19.99	20.00	0.042100	29.679
19.99	20.00	0.042116	29.780
19.99	20.00	0.042133	29.879
19.99	20.00	0.042150	29.979
19.99	20.00	0.042166	30.079
19.99	20.00	0.042183	30.179
19.99	20.00	0.042200	30.279
19.99	20.00	0.042216	30.379
19.99	20.00	0.042233	30.479
19.99	20.00	0.042250	30.579
19.99	20.00	0.042266	30.685
19.99	20.00	0.042283	30.779
19.99	20.00	0.042300	30.879
19.99	20.00	0.042316	30.979
20.01	20.00	0.042333	31.079
20.01	20.00	0.042350	31.179
20.01	20.00	0.042366	31.279
20.01	20.00	0.042383	31.380
20.01	20.00	0.042400	31.479
20.01	20.00	0.042416	31.584
20.01	20.00	0.042433	31.679
20.01	20.00	0.042450	31.779
20.01	20.00	0.042466	31.884
20.01	20.00	0.042483	31.979
20.01	20.00	0.042500	32.079
20.01	20.00	0.042516	32.179
20.01	20.00	0.042533	32.281
20.01	20.00	0.042550	32.380
19.99	20.00	0.042566	32.484
19.99	20.00	0.042583	32.579
19.99	20.00	0.042600	32.680
19.99	20.00	0.042616	32.784
19.99	20.00	0.042633	32.880
19.99	20.00	0.042650	32.981
19.99	20.00	0.042666	33.084
19.99	20.00	0.042683	33.181
19.99	20.00	0.042700	33.280
19.99	20.00	0.042716	33.384
19.99	20.00	0.042733	33.480
19.99	20.00	0.042750	33.580
19.99	20.00	0.042766	33.683
19.99	20.00	0.042783	33.780
19.99	20.00	0.042800	33.881
19.99	20.00	0.042816	33.984
19.99	20.00	0.042833	34.080
19.99	20.00	0.042850	34.180
20.01	20.00	0.042866	34.284
20.01	20.00	0.042883	34.380
20.01	20.00	0.042900	34.480
20.01	20.00	0.042916	34.584
20.01	20.00	0.042933	34.679
20.01	20.00	0.042949	34.804
20.01	20.00	0.042966	34.883
20.01	20.00	0.042983	35.008
20.01	20.00	0.042999	35.102
20.01	20.00	0.043016	35.208
20.01	20.00	0.043033	35.306
20.01	20.00	0.043049	35.401
20.01	20.00	0.043066	35.506
20.01	20.00	0.043083	35.606
20.01	20.00	0.043099	35.701
20.01	20.00	0.043116	35.805
20.01	20.00	0.043133	35.905
20.01	20.00	0.043149	35.999
20.01	20.00	0.043166	36.104
20.01	20.00	0.043183	36.203
20.01	20.00	0.043199	36.298
20.01	20.00	0.043216	36.403
20.01	20.00	0.043233	36.497
19.99	20.00	0.043249	36.597
19.99	20.00	0.043266	36.701
19.99	20.00	0.043283	36.796
19.99	20.00	0.043299	36.895
19.99	20.00	0.043316	37.000
19.99	20.00	0.043333	37.094
19.99	20.00	0.043349	37.194
19.99	20.00	0.043366	37.299
19.99	20.00	0.043383	37.393
19.99	20.00	0.043399	37.493
19.99	20.00	0.043416	37.597
19.99	20.00	0.043433	37.692
19.99	20.00	0.043449	37.791
19.99	20.00	0.043466	37.896
20.01	20.00	0.043483	37.991
20.01	20.00	0.043499	38.091
20.01	20.00	0.043516	38.196
20.01	20.00	0.043533	38.290
20.01	20.00	0.043549	38.390
20.01	20.00	0.043566	38.494
20.01	20.00	0.043583	38.589
20.01	20.00	0.043599	38.688
20.01	20.00	0.043616	38.793
20.01	20.00	0.043633	38.888
20.01	20.00	0.043649	38.987
20.01	20.00	0.043666	39.092
20.01	20.00	0.043683	39.186
20.01	20.00	0.043699	39.287
20.01	20.00	0.043716	39.390
20.01	20.00	0.043733	39.485
20.01	20.00	0.043749	39.587
20.01	20.00	0.043766	39.689
20.01	20.00	0.043782	39.784
19.99	20.00	0.043799	39.887
19.99	20.00	0.043816	39.988
19.99	20.00	0.043832	40.082
19.99	20.00	0.043849	40.187
19.99	20.00	0.043866	40.286
19.99	20.00	0.043882	40.381
19.99	20.00	0.043899	40.486
19.99	20.00	0.043916	40.585
19.99	20.00	0.043932	40.681
19.99	20.00	0.043949	40.784
19.99	20.00	0.043966	40.884
19.99	20.00	0.043982	40.981
19.99	20.00	0.043999	41.083
19.99	20.00	0.044016	41.182
20.01	20.00	0.044032	41.281
20.01	20.00	0.044049	41.383
20.01	20.00	0.044066	41.482
20.01	20.00	0.044082	41.581
20.01	20.00	0.044099	41.681
20.01	20.00	0.044116	41.782
20.01	20.00	0.044132	41.881
20.01	20.00	0.044149	41.981
20.01	20.00	0.044166	42.082
20.01	20.00	0.044182	42.181
20.01	20.00	0.044199	42.282
20.01	20.00	0.044216	42.382
20.01	20.00	0.044232	42.481
20.01	20.00	0.044249	42.581
20.01	20.00	0.044266	42.682
19.99	20.00	0.044282	42.781
19.99	20.00	0.044299	42.881
19.99	20.00	0.044316	42.982
19.99	20.00	0.044332	43.081
19.99	20.00	0.044349	43.181
19.99	20.00	0.044366	43.282
19.99	20.00	0.044382	43.381
19.99	20.00	0.044399	43.481
19.99	20.00	0.044416	43.581
19.99	20.00	0.044432	43.681
19.99	20.00	0.044449	43.782
19.99	20.00	0.044466	43.882
19.99	20.00	0.044482	43.981
19.99	20.00	0.044499	44.081
19.99	20.00	0.044516	44.182
19.99	20.00	0.044532	44.281
19.99	20.00	0.044549	44.381
19.99	20.00	0.044566	44.482
19.99	20.00	0.044582	44.581
19.99	20.00	0.044599	44.682
20.01	20.00	0.044615	44.781
20.01	20.00	0.044632	44.881
20.01	20.00	0.044649	44.981
20.01	20.00	0.044665	45.082
20.01	20.00	0.044682	45.181
20.01	20.00	0.044699	45.281
20.01	20.00	0.044715	45.382
20.01	20.00	0.044732	45.481
20.01	20.00	0.044749	45.581
20.01	20.00	0.044765	45.681
20.01	20.00	0.044782	45.782
20.01	20.00	0.044799	45.882
20.01	20.00	0.044815	45.982
20.01	20.00	0.044832	46.082
20.01	20.00	0.044849	46.182
20.01	20.00	0.044865	46.283
20.01	20.00	0.044882	46.382
20.01	20.00	0.044899	46.482
20.01	20.00	0.044915	46.581
20.01	20.00	0.044932	46.681
20.01	20.00	0.044949	46.805
20.01	20.00	0.044965	46.906
19.99	20.00	0.044982	47.009
19.99	20.00	0.044999	47.105
19.99	20.00	0.045015	47.206
19.99	20.00	0.045032	47.309
19.99	20.00	0.045049	47.403
19.99	20.00	0.045065	47.506
19.99	20.00	0.045082	47.607
19.99	20.00	0.045099	47.702
19.99	20.00	0.045115	47.805
19.99	20.00	0.045132	47.906
19.99	20.00	0.045149	48.001
19.99	20.00	0.045165	48.105
19.99	20.00	0.045182	48.205
19.99	20.00	0.045199	48.299
19.99	20.00	0.045215	48.404
19.99	20.00	0.045232	48.503
19.99	20.00	0.045249	48.598
19.99	20.00	0.045265	48.703
19.99	20.00	0.045282	48.802
19.99	20.00	0.045299	48.897
19.99	20.00	0.045315	49.002
19.99	20.00	0.045332	49.102
19.99	20.00	0.045349	49.196
19.99	20.00	0.045365	49.301
20.01	20.00	0.045382	49.395
20.01	20.00	0.045399	49.495
20.01	20.00	0.045415	49.600
20.01	20.00	0.045432	49.694
20.01	20.00	0.045448	49.794
20.01	20.00	0.045465	49.898
20.01	20.00	0.045482	49.993
20.01	20.00	0.045498	50.092
20.01	20.00	0.045515	50.197
20.01	20.00	0.045532	50.292
20.01	20.00	0.045548	50.391
20.01	20.00	0.045565	50.496
19.99	20.00	0.045582	50.590
19.99	20.00	0.045598	50.690
19.99	20.00	0.045615	50.794
19.99	20.00	0.045632	50.889
19.99	20.00	0.045648	50.988
19.99	20.00	0.045665	51.093
19.99	20.00	0.045682	51.188
19.99	20.00	0.045698	51.287
19.99	20.00	0.045715	51.392
19.99	20.00	0.045732	51.486
19.99	20.00	0.045748	51.586
19.99	20.00	0.045765	51.690
19.99	20.00	0.045782	51.785
19.99	20.00	0.045798	51.885
20.01	20.00	0.045815	51.990
20.01	20.00	0.045832	52.085
20.01	20.00	0.045848	52.184
20.01	20.00	0.045865	52.289
20.01	20.00	0.045882	52.384
20.01	20.00	0.045898	52.485
20.01	20.00	0.045915	52.587
20.01	20.00	0.045932	52.684
20.01	20.00	0.045948	52.785
20.01	20.00	0.045965	52.886
20.01	20.00	0.045982	52.984
20.01	20.00	0.045998	53.084
20.01	20.00	0.046015	53.184
20.01	20.00	0.046032	53.284
20.01	20.00	0.046048	53.384
19.99	20.00	0.046065	53.484
19.99	20.00	0.046082	53.585
19.99	20.00	0.046098	53.684
19.99	20.00	0.046115	53.784
19.99	20.00	0.046132	53.884
19.99	20.00	0.046148	53.984
19.99	20.00	0.046165	54.084
19.99	20.00	0.046182	54.184
19.99	20.00	0.046198	54.285
19.99	20.00	0.046215	54.384
19.99	20.00	0.046232	54.485
19.99	20.00	0.046248	54.584
19.99	20.00	0.046265	54.684
19.99	20.00	0.046281	54.784
19.99	20.00	0.046298	54.884
20.01	20.00	0.046315	54.984
20.01	20.00	0.046331	55.084
20.01	20.00	0.046348	55.185
20.01	20.00	0.046365	55.284
20.01	20.00	0.046381	55.384
20.01	20.00	0.046398	55.484
20.01	20.00	0.046415	55.584
20.01	20.00	0.046431	55.684
20.01	20.00	0.046448	55.784
20.01	20.00	0.046465	55.885
20.01	20.00	0.046481	55.985
20.01	20.00	0.046498	56.084
20.01	20.00	0.046515	56.183
20.01	20.00	0.046531	56.284
20.01	20.00	0.046548	56.384
20.01	20.00	0.046565	56.484
20.01	20.00	0.046581	56.583
20.01	20.00	0.046598	56.685
20.01	20.00	0.046615	56.784
19.99	20.00	0.046631	56.884
19.99	20.00	0.046648	56.984
19.99	20.00	0.046665	57.084
19.99	20.00	0.046681	57.184
19.99	20.00	0.046698	57.284
19.99	20.00	0.046715	57.384
19.99	20.00	0.046731	57.485
19.99	20.00	0.046748	57.584
19.99	20.00	0.046765	57.685
19.99	20.00	0.046781	57.784
19.99	20.00	0.046798	57.884
19.99	20.00	0.046815	57.983
20.01	20.00	0.046831	58.084
20.01	20.00	0.046848	58.185
20.01	20.00	0.046865	58.284
20.01	20.00	0.046881	58.385
20.01	20.00	0.046898	58.484
20.01	20.00	0.046915	58.608
20.01	20.00	0.046931	58.713
20.01	20.00	0.046948	58.807
20.01	20.00	0.046965	58.907
20.01	20.00	0.046981	59.011
20.01	20.00	0.046998	59.106
20.01	20.00	0.047015	59.206
20.01	20.00	0.047031	59.310
20.01	20.00	0.047048	59.405
19.99	20.00	0.047065	59.504
19.99	20.00	0.047081	59.609
19.99	20.00	0.047098	59.703
19.99	20.00	0.047114	59.803
19.99	20.00	0.047131	59.908
19.99	20.00	0.047148	00.002
19.99	20.00	0.047164	00.103
19.99	20.00	0.047181	00.206
19.99	20.00	0.047198	00.302
19.99	20.00	0.047214	00.402
19.99	20.00	0.047231	00.506
19.99	20.00	0.047248	00.601
20.01	20.00	0.047264	00.703
20.01	20.00	0.047281	00.805
20.01	20.00	0.047298	00.899
20.01	20.00	0.047314	01.003
20.01	20.00	0.047331	01.103
20.01	20.00	0.047348	01.198
20.01	20.00	0.047364	01.302
20.01	20.00	0.047381	01.402
20.01	20.00	0.047398	01.497
20.01	20.00	0.047414	01.601
20.01	20.00	0.047431	01.701
20.01	20.00	0.047448	01.795
20.01	20.00	0.047464	01.900
20.01	20.00	0.047481	02.000
20.01	20.00	0.047498	02.095
20.01	20.00	0.047514	02.199
20.01	20.00	0.047531	02.299
20.01	20.00	0.047548	02.393
20.01	20.00	0.047564	02.498
19.99	20.00	0.047581	02.592
19.99	20.00	0.047598	02.692
19.99	20.00	0.047614	02.797
19.99	20.00	0.047631	02.891
19.99	20.00	0.047648	02.991
19.99	20.00	0.047664	03.095
19.99	20.00	0.047681	03.190
19.99	20.00	0.047698	03.289
19.99	20.00	0.047714	03.394
19.99	20.00	0.047731	03.489
19.99	20.00	0.047748	03.588
19.99	20.00	0.047764	03.693
19.99	20.00	0.047781	03.787
19.99	20.00	0.047798	03.887
20.01	20.00	0.047814	03.991
20.01	20.00	0.047831	04.086
20.01	20.00	0.047848	04.186
20.01	20.00	0.047864	04.290
20.01	20.00	0.047881	04.387
20.01	20.00	0.047898	04.486
20.01	20.00	0.047914	04.589
20.01	20.00	0.047931	04.686
20.01	20.00	0.047947	04.786
20.01	20.00	0.047964	04.887
20.01	20.00	0.047981	04.986
20.01	20.00	0.047997	05.087
20.01	20.00	0.048014	05.187
20.01	20.00	0.048031	05.287
20.01	20.00	0.048047	05.387
20.01	20.00	0.048064	05.487
19.99	20.00	0.048081	05.587
19.99	20.00	0.048097	05.687
19.99	20.00	0.048114	05.788
19.99	20.00	0.048131	05.887
19.99	20.00	0.048147	05.988
19.99	20.00	0.048164	06.087
19.99	20.00	0.048181	06.187
19.99	20.00	0.048197	06.287
19.99	20.00	0.048214	06.387
19.99	20.00	0.048231	06.487
19.99	20.00	0.048247	06.587
19.99	20.00	0.048264	06.688
19.99	20.00	0.048281	06.787
19.99	20.00	0.048297	06.887
19.99	20.00	0.048314	06.987
20.01	20.00	0.048331	07.087
20.01	20.00	0.048347	07.187
20.01	20.00	0.048364	07.287
20.01	20.00	0.048381	07.388
20.01	20.00	0.048397	07.487
20.01	20.00	0.048414	07.588
20.01	20.00	0.048431	07.687
20.01	20.00	0.048447	07.787
20.01	20.00	0.048464	07.887
20.01	20.00	0.048481	07.987
20.01	20.00	0.048497	08.087
20.01	20.00	0.048514	08.187
20.01	20.00	0.048531	08.288
20.01	20.00	0.048547	08.387
20.01	20.00	0.048564	08.488
20.01	20.00	0.048581	08.587
20.01	20.00	0.048597	08.687
19.99	20.00	0.048614	08.787
19.99	20.00	0.048631	08.887
19.99	20.00	0.048647	08.987
19.99	20.00	0.048664	09.087
19.99	20.00	0.048681	09.189
19.99	20.00	0.048697	09.288
19.99	20.00	0.048714	09.388
19.99	20.00	0.048731	09.488
19.99	20.00	0.048747	09.588
19.99	20.00	0.048764	09.688
19.99	20.00	0.048780	09.788
19.99	20.00	0.048797	09.888
19.99	20.00	0.048814	10.012
19.99	20.00	0.048830	10.087
19.99	20.00	0.048847	10.187
19.99	20.00	0.048864	10.311
19.99	20.00	0.048880	10.416
19.99	20.00	0.048897	10.510
19.99	20.00	0.048914	10.610
20.01	20.00	0.048930	10.714
20.01	20.00	0.048947	10.809
20.01	20.00	0.048964	10.909
20.01	20.00	0.048980	11.013
20.01	20.00	0.048997	11.109
20.01	20.00	0.049014	11.208
20.01	20.00	0.049030	11.312
20.01	20.00	0.049047	11.407
20.01	20.00	0.049064	11.506
20.01	20.00	0.049080	11.611
20.01	20.00	0.049097	11.706
20.01	20.00	0.049114	11.806
20.01	20.00	0.049130	11.910
20.01	20.00	0.049147	12.005
20.01	20.00	0.049164	12.104
20.01	20.00	0.049180	12.209
19.99	20.00	0.049197	12.303
19.99	20.00	0.049214	12.403
19.99	20.00	0.049230	12.508
19.99	20.00	0.049247	12.602
19.99	20.00	0.049264	12.702
19.99	20.00	0.049280	12.806
19.99	20.00	0.049297	12.901
19.99	20.00	0.049314	13.000
19.99	20.00	0.049330	13.105
19.99	20.00	0.049347	13.199
19.99	20.00	0.049364	13.300
19.99	20.00	0.049380	13.404
19.99	20.00	0.049397	13.498
19.99	20.00	0.049414	13.600
19.99	20.00	0.049430	13.702
20.01	20.00	0.049447	13.797
20.01	20.00	0.049464	13.900
20.01	20.00	0.049480	14.002
20.01	20.00	0.049497	14.097
20.01	20.00	0.049514	14.200
20.01	20.00	0.049530	14.301
20.01	20.00	0.049547	14.395
20.01	20.00	0.049564	14.500
20.01	20.00	0.049580	14.599
20.01	20.00	0.049597	14.694
20.01	20.00	0.049613	14.798
20.01	20.00	0.049630	14.898
20.01	20.00	0.049647	14.993
20.01	20.00	0.049663	15.097
20.01	20.00	0.049680	15.197
20.01	20.00	0.049697	15.291
20.01	20.00	0.049713	15.396
19.99	20.00	0.049730	15.495
19.99	20.00	0.049747	15.591
19.99	20.00	0.049763	15.694
19.99	20.00	0.049780	15.795
19.99	20.00	0.049797	15.892
19.99	20.00	0.049813	15.993
19.99	20.00	0.049830	16.095
19.99	20.00	0.049847	16.191
19.99	20.00	0.049863	16.292
19.99	20.00	0.049880	16.395
19.99	20.00	0.049897	16.491
19.99	20.00	0.049913	16.591
19.99	20.00	0.049930	16.695
19.99	20.00	0.049947	16.792
19.99	20.00	0.049963	16.891
19.99	20.00	0.049980	16.995
19.99	20.00	0.049997	17.091
19.99	20.00	0.050013	17.191
19.99	20.00	0.050030	17.295
20.01	20.00	0.050047	17.391
20.01	20.00	0.050063	17.492
20.01	20.00	0.050080	17.595
20.01	20.00	0.050097	17.691
20.01	20.00	0.050113	17.791
20.01	20.00	0.050130	17.895
20.01	20.00	0.050147	17.991
20.01	20.00	0.050163	18.091
20.01	19.99	0.050180	18.194
20.01	19.99	0.050197	18.291
20.01	19.99	0.050213	18.392
20.01	19.99	0.050230	18.495
20.01	19.99	0.050247	18.591
20.01	19.99	0.050263	18.691
20.01	19.99	0.050280	18.795
19.99	19.99	0.050297	18.891
19.99	19.99	0.050313	18.991
19.99	19.99	0.050330	19.095
19.99	19.99	0.050347	19.192
19.99	19.99	0.050363	19.291
19.99	19.99	0.050380	19.395
19.99	19.99	0.050397	19.491
19.99	19.99	0.050413	19.591
19.99	19.99	0.050430	19.694
19.99	19.99	0.050446	19.791
19.99	19.99	0.050463	19.892
19.99	19.99	0.050480	19.994
19.99	19.99	0.050496	20.092
19.99	19.99	0.050513	20.191
19.99	19.98	0.050530	20.295
19.99	19.98	0.050546	20.391
19.99	19.98	0.050563	20.491
19.99	19.98	0.050580	20.594
19.99	19.98	0.050596	20.691
19.99	19.98	0.050613	20.792
19.99	19.98	0.050630	20.894
19.96	19.98	0.050646	20.991
19.96	19.98	0.050663	21.091
19.96	19.98	0.050680	21.194
19.96	19.98	0.050696	21.291
19.96	19.98	0.050713	21.391
19.96	19.98	0.050730	21.494
19.96	19.98	0.050746	21.591
19.96	19.98	0.050763	21.715
19.96	19.98	0.050780	21.794
19.96	19.98	0.050796	21.890
19.96	19.98	0.050813	22.014
19.96	19.98	0.050830	22.094
19.99	19.98	0.050846	22.218
19.99	19.98	0.050863	22.313
19.99	19.98	0.050880	22.417
19.99	19.98	0.050896	22.517
19.99	19.97	0.050913	22.613
19.99	19.97	0.050930	22.717
19.99	19.97	0.050946	22.817
19.99	19.97	0.050963	22.911
19.99	19.97	0.050980	23.016
19.99	19.97	0.050996	23.115
19.99	19.97	0.051013	23.210
19.99	19.97	0.051030	23.314
19.99	19.97	0.051046	23.414
19.99	19.97	0.051063	23.509
19.99	19.97	0.051080	23.613
19.99	19.97	0.051096	23.708
19.99	19.97	0.051113	23.807
19.99	19.97	0.051130	23.912
19.96	19.97	0.051146	24.006
19.96	19.97	0.051163	24.106
19.96	19.97	0.051180	24.211
19.96	19.97	0.051196	24.305
19.96	19.97	0.051213	24.405
19.96	19.97	0.051230	24.509
19.96	19.97	0.051246	24.604
19.96	19.97	0.051263	24.704
19.96	19.97	0.051279	24.808
19.96	19.97	0.051296	24.902
19.96	19.97	0.051313	25.002
19.96	19.97	0.051329	25.107
19.96	19.97	0.051346	25.201
19.96	19.97	0.051363	25.301
19.96	19.97	0.051379	25.405
19.96	19.97	0.051396	25.500
19.96	19.97	0.051413	25.599
19.96	19.96	0.051429	25.705
19.96	19.96	0.051446	25.799
19.96	19.96	0.051463	25.899
19.96	19.96	0.051479	26.004
19.99	19.96	0.051496	26.098
19.99	19.96	0.051513	26.198
19.99	19.96	0.051529	26.302
19.99	19.96	0.051546	26.397
19.99	19.96	0.051563	26.497
19.99	19.96	0.051579	26.601
19.96	19.96	0.051596	26.696
19.96	19.96	0.051613	26.797
19.96	19.96	0.051629	26.900
19.96	19.96	0.051646	26.994
19.96	19.96	0.051663	27.098
19.96	19.96	0.051679	27.198
19.96	19.96	0.051696	27.293
19.96	19.96	0.051713	27.398
19.96	19.96	0.051729	27.497
19.96	19.96	0.051746	27.593
19.96	19.96	0.051763	27.696
19.96	19.96	0.051779	27.796
19.96	19.96	0.051796	27.892
19.96	19.96	0.051813	27.995
19.96	19.95	0.051829	28.094
19.96	19.95	0.051846	28.192
19.96	19.95	0.051863	28.295
19.96	19.95	0.051879	28.393
19.96	19.95	0.051896	28.492
19.96	19.95	0.051913	28.593
19.96	19.95	0.051929	28.693
19.96	19.95	0.051946	28.792
19.96	19.95	0.051963	28.892
19.96	19.95	0.051979	28.992
19.93	19.95	0.051996	29.092
19.93	19.95	0.052013	29.194
19.93	19.95	0.052029	29.293
19.93	19.95	0.052046	29.393
19.93	19.95	0.052063	29.493
19.93	19.95	0.052079	29.593
19.93	19.95	0.052096	29.693
19.93	19.95	0.052112	29.793
19.93	19.95	0.052129	29.894
19.93	19.95	0.052146	29.993
19.93	19.95	0.052162	30.094
19.93	19.95	0.052179	30.193
19.93	19.95	0.052196	30.293
19.93	19.95	0.052212	30.393
19.93	19.95	0.052229	30.493
19.93	19.95	0.052246	30.593
19.96	19.95	0.052262	30.693
19.96	19.95	0.052279	30.794
19.96	19.95	0.052296	30.893
19.96	19.95	0.052312	30.994
19.96	19.95	0.052329	31.093
19.96	19.95	0.052346	31.193
19.96	19.95	0.052362	31.293
19.96	19.95	0.052379	31.393
19.96	19.95	0.052396	31.493
19.96	19.95	0.052412	31.593
19.96	19.95	0.052429	31.694
19.96	19.95	0.052446	31.793
19.96	19.95	0.052462	31.893
19.96	19.95	0.052479	31.993
19.96	19.95	0.052496	32.093
19.96	19.95	0.052512	32.193
19.96	19.95	0.052529	32.293
19.96	19.95	0.052546	32.393
19.96	19.95	0.052562	32.494
19.93	19.95	0.052579	32.593
19.93	19.95	0.052596	32.693
19.93	19.95	0.052612	32.793
19.93	19.95	0.052629	32.893
19.93	19.95	0.052646	32.993
19.93	19.95	0.052662	33.093
19.93	19.95	0.052679	33.193
19.93	19.95	0.052696	33.293
19.93	19.95	0.052712	33.394
19.93	19.95	0.052729	33.493
19.93	19.94	0.052746	33.593
19.96	19.94	0.052762	33.692
19.96	19.94	0.052779	33.792
19.96	19.94	0.052796	33.921
19.96	19.94	0.052812	34.016
19.96	19.94	0.052829	34.116
19.96	19.94	0.052846	34.221
19.96	19.94	0.052862	34.316
19.96	19.94	0.052879	34.416
19.96	19.94	0.052896	34.520
19.96	19.94	0.052912	34.614
19.96	19.94	0.052929	34.716
19.96	19.94	0.052945	34.818
19.96	19.94	0.052962	34.913
19.96	19.94	0.052979	35.015
19.96	19.94	0.052995	35.117
19.93	19.94	0.053012	35.212
19.93	19.94	0.053029	35.316
19.93	19.94	0.053045	35.416
19.93	19.94	0.053062	35.510
19.93	19.94	0.053079	35.615
19.93	19.93	0.053095	35.714
19.93	19.93	0.053112	35.809
19.93	19.93	0.053129	35.914
19.93	19.93	0.053145	36.013
19.93	19.93	0.053162	36.108
19.93	19.93	0.053179	36.212
19.93	19.93	0.053195	36.312
19.93	19.93	0.053212	36.406
19.93	19.93	0.053229	36.511
19.93	19.93	0.053245	36.606
19.93	19.93	0.053262	36.705
19.93	19.92	0.053279	36.810
19.93	19.92	0.053295	36.904
19.93	19.92	0.053312	37.004
19.93	19.92	0.053329	37.109
19.93	19.92	0.053345	37.203
19.93	19.92	0.053362	37.303
19.93	19.92	0.053379	37.408
19.93	19.92	0.053395	37.503
19.91	19.92	0.053412	37.602
19.91	19.92	0.053429	37.707
19.91	19.92	0.053445	37.801
19.91	19.92	0.053462	37.901
19.91	19.92	0.053479	38.005
19.91	19.91	0.053495	38.100
19.91	19.91	0.053512	38.200
19.91	19.91	0.053529	38.304
19.91	19.91	0.053545	38.399
19.91	19.91	0.053562	38.498
19.91	19.91	0.053579	38.603
19.91	19.91	0.053595	38.697
19.91	19.91	0.053612	38.797
19.91	19.91	0.053629	38.901
19.91	19.91	0.053645	38.996
19.91	19.91	0.053662	39.096
19.91	19.91	0.053679	39.200
19.91	19.91	0.053695	39.295
19.91	19.91	0.053712	39.395
19.91	19.91	0.053729	39.499
19.91	19.91	0.053745	39.594
19.91	19.91	0.053762	39.695
19.91	19.91	0.053778	39.798
19.91	19.91	0.053795	39.894
19.91	19.91	0.053812	39.995
19.91	19.90	0.053828	40.096
19.91	19.90	0.053845	40.194
19.91	19.90	0.053862	40.294
19.91	19.90	0.053878	40.396
19.91	19.90	0.053895	40.494
19.91	19.90	0.053912	40.595
19.91	19.90	0.053928	40.695
19.91	19.90	0.053945	40.794
19.91	19.90	0.053962	40.894
19.91	19.90	0.053978	40.994
19.91	19.90	0.053995	41.094
19.91	19.90	0.054012	41.194
19.91	19.90	0.054028	41.294
19.91	19.90	0.054045	41.394
19.91	19.90	0.054062	41.494
19.91	19.90	0.054078	41.595
19.91	19.90	0.054095	41.694
19.91	19.90	0.054112	41.794
19.91	19.90	0.054128	41.894
19.88	19.90	0.054145	41.994
19.88	19.90	0.054162	42.094
19.88	19.90	0.054178	42.194
19.88	19.90	0.054195	42.295
19.88	19.89	0.054212	42.394
19.88	19.89	0.054228	42.495
19.88	19.89	0.054245	42.594
19.88	19.89	0.054262	42.694
19.88	19.89	0.054278	42.794
19.88	19.89	0.054295	42.894
19.88	19.89	0.054312	42.994
19.88	19.89	0.054328	43.094
19.88	19.89	0.054345	43.195
19.88	19.89	0.054362	43.294
19.88	19.89	0.054378	43.394
19.88	19.88	0.054395	43.494
19.88	19.88	0.054412	43.594
19.88	19.88	0.054428	43.694
19.88	19.88	0.054445	43.794
19.88	19.88	0.054462	43.894
19.88	19.88	0.054478	43.994
19.88	19.88	0.054495	44.095
19.88	19.88	0.054512	44.194
19.88	19.88	0.054528	44.294
19.88	19.88	0.054545	44.394
19.88	19.88	0.054562	44.494
19.88	19.87	0.054578	44.594
19.88	19.87	0.054595	44.694
19.88	19.86	0.054611	44.795
19.88	19.86	0.054628	44.894
19.91	19.86	0.054645	44.994
19.91	19.86	0.054661	45.094
19.91	19.86	0.054678	45.194
19.88	19.86	0.054695	45.294
19.88	19.86	0.054711	45.394
19.88	19.86	0.054728	45.494
19.88	19.86	0.054745	45.594
19.88	19.86	0.054761	45.695
19.88	19.85	0.054778	45.794
19.88	19.85	0.054795	45.894
19.86	19.85	0.054811	46.018
19.86	19.85	0.054828	46.118
19.86	19.85	0.054845	46.222
19.86	19.85	0.054861	46.317
19.86	19.85	0.054878	46.416
19.86	19.85	0.054895	46.521
19.86	19.85	0.054911	46.616
19.83	19.85	0.054928	46.715
19.83	19.85	0.054945	46.820
19.83	19.85	0.054961	46.914
19.83	19.84	0.054978	47.014
19.83	19.84	0.054995	47.118
19.83	19.84	0.055011	47.213
19.83	19.84	0.055028	47.313
19.83	19.84	0.055045	47.417
19.83	19.84	0.055061	47.512
19.83	19.84	0.055078	47.613
19.83	19.84	0.055095	47.716
19.83	19.84	0.055111	47.810
19.83	19.84	0.055128	47.913
19.83	19.84	0.055145	48.015
19.83	19.84	0.055161	48.110
19.83	19.84	0.055178	48.214
19.83	19.84	0.055195	48.314
19.83	19.84	0.055211	48.409
19.83	19.84	0.055228	48.513
19.83	19.84	0.055245	48.613
19.83	19.84	0.055261	48.707
19.83	19.84	0.055278	48.812
19.83	19.84	0.055295	48.911
19.83	19.84	0.055311	49.006
19.83	19.84	0.055328	49.111
19.83	19.84	0.055345	49.210
19.83	19.84	0.055361	49.305
19.83	19.84	0.055378	49.409
19.83	19.84	0.055395	49.509
19.83	19.84	0.055411	49.603
19.83	19.84	0.055428	49.708
19.83	19.84	0.055444	49.803
19.83	19.84	0.055461	49.903
19.83	19.84	0.055478	50.007
19.83	19.84	0.055494	50.102
19.83	19.84	0.055511	50.201
19.83	19.84	0.055528	50.306
19.83	19.84	0.055544	50.400
19.83	19.84	0.055561	50.500
19.83	19.84	0.055578	50.605
19.83	19.84	0.055594	50.699
19.83	19.84	0.055611	50.799
19.86	19.84	0.055628	50.903
19.86	19.84	0.055644	50.998
19.86	19.84	0.055661	51.097
19.86	19.84	0.055678	51.202
19.86	19.84	0.055694	51.296
19.86	19.83	0.055711	51.396
19.86	19.83	0.055728	51.501
19.86	19.83	0.055744	51.595
19.86	19.83	0.055761	51.695
19.83	19.83	0.055778	51.800
19.83	19.83	0.055794	51.894
19.83	19.83	0.055811	51.994
19.83	19.83	0.055828	52.099
19.83	19.83	0.055844	52.194
19.83	19.83	0.055861	52.294
19.83	19.83	0.055878	52.398
19.83	19.82	0.055894	52.494
19.83	19.82	0.055911	52.594
19.83	19.82	0.055928	52.696
19.83	19.82	0.055944	52.794
19.83	19.82	0.055961	52.894
19.83	19.82	0.055978	52.995
19.83	19.82	0.055994	53.095
19.83	19.82	0.056011	53.194
19.80	19.82	0.056028	53.295
19.80	19.82	0.056044	53.394
19.80	19.81	0.056061	53.494
19.80	19.81	0.056078	53.594
19.80	19.81	0.056094	53.694
19.80	19.81	0.056111	53.794
19.80	19.81	0.056128	53.894
19.80	19.81	0.056144	53.995
19.80	19.81	0.056161	54.094
19.80	19.81	0.056178	54.194
19.80	19.81	0.056194	54.294
19.80	19.81	0.056211	54.394
19.80	19.80	0.056228	54.494
19.80	19.80	0.056244	54.594
19.80	19.80	0.056261	54.695
19.80	19.80	0.056277	54.794
19.80	19.80	0.056294	54.895
19.80	19.80	0.056311	54.994
19.80	19.80	0.056327	55.094
19.80	19.80	0.056344	55.194
19.80	19.80	0.056361	55.294
19.80	19.80	0.056377	55.394
19.80	19.80	0.056394	55.494
19.80	19.80	0.056411	55.595
19.80	19.80	0.056427	55.694
19.80	19.80	0.056444	55.794
19.80	19.80	0.056461	55.894
19.80	19.80	0.056477	55.994
19.80	19.80	0.056494	56.093
19.80	19.80	0.056511	56.194
19.80	19.80	0.056527	56.295
19.80	19.80	0.056544	56.394
19.80	19.80	0.056561	56.495
19.80	19.80	0.056577	56.594
19.80	19.80	0.056594	56.694
19.80	19.80	0.056611	56.794
19.80	19.80	0.056627	56.894
19.80	19.80	0.056644	56.994
19.80	19.79	0.056661	57.094
19.80	19.79	0.056677	57.195
19.83	19.79	0.056694	57.294
19.83	19.79	0.056711	57.394
19.83	19.79	0.056727	57.494
19.80	19.79	0.056744	57.594
19.80	19.79	0.056761	57.694
19.80	19.79	0.056777	57.794
19.80	19.79	0.056794	57.894
19.80	19.79	0.056811	57.995
19.80	19.79	0.056827	58.094
19.80	19.78	0.056844	58.195
19.80	19.78	0.056861	58.294
19.80	19.78	0.056877	58.394
19.80	19.78	0.056894	58.523
19.78	19.78	0.056911	58.618
19.78	19.78	0.056927	58.717
19.78	19.78	0.056944	58.822
19.78	19.78	0.056961	58.917
19.78	19.78	0.056977	59.016
19.78	19.78	0.056994	59.121
19.78	19.78	0.057011	59.215
19.78	19.77	0.057027	59.315
19.78	19.77	0.057044	59.419
19.78	19.77	0.057061	59.514
19.78	19.77	0.057077	59.613
19.75	19.77	0.057094	59.719
19.75	19.77	0.057110	59.812
19.75	19.77	0.057127	59.912
19.75	19.77	0.057144	00.016
19.75	19.77	0.057160	00.112
19.75	19.77	0.057177	00.210
19.75	19.77	0.057194	00.316
19.75	19.76	0.057210	00.411
19.75	19.76	0.057227	00.511
19.75	19.76	0.057244	00.615
19.75	19.76	0.057260	00.709
19.75	19.76	0.057277	00.811
19.75	19.76	0.057294	00.913
19.75	19.76	0.057310	01.008
19.75	19.76	0.057327	01.110
19.75	19.76	0.057344	01.212
19.75	19.76	0.057360	01.307
19.78	19.75	0.057377	01.411
19.78	19.75	0.057394	01.511
19.78	19.75	0.057410	01.605
19.78	19.75	0.057427	01.710
19.78	19.75	0.057444	01.810
19.78	19.75	0.057460	01.904
19.78	19.75	0.057477	02.009
19.75	19.75	0.057494	02.109
19.75	19.75	0.057510	02.203
19.75	19.75	0.057527	02.308
19.75	19.75	0.057544	02.407
19.75	19.74	0.057560	02.502
19.75	19.74	0.057577	02.606
19.75	19.74	0.057594	02.706
19.75	19.74	0.057610	02.800
19.75	19.74	0.057627	02.905
19.73	19.74	0.057644	03.000
19.73	19.74	0.057660	03.099
19.73	19.74	0.057677	03.204
19.73	19.74	0.057694	03.298
19.73	19.74	0.057710	03.398
19.73	19.74	0.057727	03.502
19.73	19.74	0.057744	03.597
19.73	19.73	0.057760	03.698
19.73	19.72	0.057777	03.802
19.73	19.72	0.057794	03.897
19.73	19.72	0.057810	03.997
19.73	19.72	0.057827	04.101
19.73	19.72	0.057844	04.197
19.73	19.72	0.057860	04.297
19.73	19.72	0.057877	04.399
19.70	19.72	0.057894	04.498
19.70	19.72	0.057910	04.600
19.70	19.72	0.057927	04.699
19.70	19.71	0.057943	04.799
19.70	19.71	0.057960	04.899
19.70	19.70	0.057977	04.999
19.70	19.70	0.057993	05.099
19.70	19.70	0.058010	05.199
19.70	19.70	0.058027	05.299
19.70	19.70	0.058043	05.400
19.70	19.70	0.058060	05.499
19.70	19.70	0.058077	05.599
19.70	19.70	0.058093	05.699
19.70	19.70	0.058110	05.799
19.70	19.70	0.058127	05.899
19.70	19.69	0.058143	05.999
19.70	19.69	0.058160	06.100
19.70	19.69	0.058177	06.199
19.70	19.69	0.058193	06.300
19.70	19.69	0.058210	06.399
19.70	19.69	0.058227	06.499
19.70	19.69	0.058243	06.599
19.70	19.69	0.058260	06.699
19.70	19.69	0.058277	06.799
19.70	19.69	0.058293	06.899
19.70	19.69	0.058310	07.000
19.70	19.68	0.058327	07.099
19.70	19.67	0.058343	07.199
19.70	19.67	0.058360	07.299
19.70	19.67	0.058377	07.399
19.70	19.67	0.058393	07.499
19.70	19.67	0.058410	07.599
19.70	19.67	0.058427	07.699
19.67	19.67	0.058443	07.799
19.67	19.67	0.058460	07.901
19.67	19.67	0.058477	08.000
19.67	19.67	0.058493	08.100
19.67	19.66	0.058510	08.200
19.67	19.65	0.058527	08.300
19.67	19.65	0.058543	08.404
19.67	19.65	0.058560	08.500
19.67	19.65	0.058577	08.601
19.67	19.65	0.058593	08.705
19.67	19.65	0.058610	08.801
19.65	19.65	0.058627	08.900
19.65	19.65	0.058643	09.000
19.65	19.65	0.058660	09.100
19.65	19.65	0.058677	09.200
19.65	19.65	0.058693	09.305
19.65	19.64	0.058710	09.429
19.65	19.63	0.058727	09.524
19.65	19.63	0.058743	09.628
19.65	19.63	0.058760	09.728
19.62	19.63	0.058776	09.822
19.62	19.63	0.058793	09.927
19.62	19.63	0.058810	10.026
19.62	19.63	0.058826	10.121
19.62	19.63	0.058843	10.225
19.62	19.63	0.058860	10.325
19.62	19.63	0.058876	10.420
19.62	19.63	0.058893	10.524
19.62	19.63	0.058910	10.624
19.62	19.63	0.058926	10.719
19.62	19.63	0.058943	10.824
19.62	19.63	0.058960	10.918
19.62	19.63	0.058976	11.018
19.62	19.63	0.058993	11.123
19.62	19.63	0.059010	11.217
19.62	19.63	0.059026	11.317
19.60	19.63	0.059043	11.421
19.60	19.63	0.059060	11.516
19.60	19.63	0.059076	11.615
19.60	19.63	0.059093	11.720
19.60	19.63	0.059110	11.814
19.60	19.63	0.059126	11.914
19.60	19.62	0.059143	12.019
19.62	19.61	0.059160	12.113
19.62	19.61	0.059176	12.213
19.62	19.60	0.059193	12.317
19.62	19.60	0.059210	12.412
19.62	19.60	0.059226	12.511
19.62	19.60	0.059243	12.616
19.62	19.60	0.059260	12.711
19.62	19.60	0.059276	12.810
19.62	19.60	0.059293	12.916
19.62	19.60	0.059310	13.010
19.62	19.60	0.059326	13.110
19.62	19.59	0.059343	13.214
19.62	19.58	0.059360	13.309
19.60	19.58	0.059376	13.408
19.60	19.58	0.059393	13.513
19.60	19.58	0.059410	13.608
19.60	19.58	0.059426	13.708
19.60	19.58	0.059443	13.812
19.60	19.58	0.059460	13.906
19.60	19.58	0.059476	14.008
19.60	19.58	0.059493	14.110
19.57	19.57	0.059510	14.205
19.57	19.57	0.059526	14.308
19.57	19.56	0.059543	14.410
19.57	19.56	0.059560	14.503
19.57	19.56	0.059576	14.608
19.57	19.56	0.059593	14.708
19.57	19.56	0.059609	14.803
19.54	19.56	0.059626	14.907
19.54	19.56	0.059643	15.007
19.54	19.56	0.059659	15.102
19.54	19.56	0.059676	15.206
19.54	19.56	0.059693	15.306
19.54	19.56	0.059709	15.401
19.54	19.54	0.059726	15.505
19.54	19.54	0.059743	15.604
19.54	19.53	0.059759	15.701
19.54	19.53	0.059776	15.803
19.54	19.53	0.059793	15.903
19.54	19.53	0.059809	16.002
19.54	19.53	0.059826	16.102
19.54	19.53	0.059843	16.203
19.54	19.53	0.059859	16.301
19.54	19.53	0.059876	16.401
19.54	19.53	0.059893	16.503
19.52	19.53	0.059909	16.601
19.52	19.52	0.059926	16.701
19.52	19.51	0.059943	16.803
19.52	19.51	0.059959	16.902
19.52	19.51	0.059976	17.001
19.52	19.51	0.059993	17.103
19.52	19.51	0.060009	17.201
19.52	19.51	0.060026	17.301
19.52	19.51	0.060043	17.403
19.52	19.51	0.060059	17.501
19.52	19.51	0.060076	17.602
19.52	19.51	0.060093	17.703
19.52	19.50	0.060109	17.802
19.49	19.50	0.060126	17.901
19.49	19.49	0.060143	18.003
19.49	19.49	0.060159	18.101
19.49	19.49	0.060176	18.201
19.49	19.49	0.060193	18.302
19.49	19.49	0.060209	18.401
19.49	19.49	0.060226	18.502
19.49	19.49	0.060243	18.602
19.49	19.49	0.060259	18.701
19.49	19.49	0.060276	18.801
19.49	19.49	0.060293	18.903
19.49	19.48	0.060309	19.001
19.47	19.48	0.060326	19.101
19.47	19.48	0.060343	19.202
19.47	19.48	0.060359	19.301
19.47	19.48	0.060376	19.402
19.47	19.48	0.060393	19.502
19.47	19.48	0.060409	19.601
19.47	19.48	0.060426	19.701
19.47	19.48	0.060442	19.803
19.47	19.48	0.060459	19.901
19.47	19.48	0.060476	20.001
19.47	19.48	0.060492	20.103
19.47	19.47	0.060509	20.201
19.47	19.47	0.060526	20.301
19.47	19.47	0.060542	20.402
19.47	19.47	0.060559	20.501
19.47	19.47	0.060576	20.601
19.47	19.47	0.060592	20.702
19.47	19.47	0.060609	20.801
19.47	19.47	0.060626	20.901
19.47	19.47	0.060642	21.003
19.47	19.47	0.060659	21.101
19.47	19.47	0.060676	21.201
19.47	19.47	0.060692	21.302
19.47	19.47	0.060709	21.401
19.47	19.47	0.060726	21.500
19.47	19.47	0.060742	21.602
19.47	19.47	0.060759	21.729
19.47	19.47	0.060776	21.824
19.47	19.47	0.060792	21.902
19.44	19.47	0.060809	22.029
19.44	19.47	0.060826	22.123
19.44	19.47	0.060842	22.202
19.44	19.47	0.060859	22.327
19.44	19.47	0.060876	22.422
19.44	19.47	0.060892	22.526
19.44	19.47	0.060909	22.626
19.44	19.47	0.060926	22.721
19.47	19.47	0.060942	22.825
19.47	19.47	0.060959	22.925
19.47	19.47	0.060976	23.019
19.47	19.47	0.060992	23.124
19.47	19.47	0.061009	23.223
19.47	19.47	0.061026	23.318
19.47	19.47	0.061042	23.423
19.47	19.46	0.061059	23.523
19.47	19.46	0.061076	23.618
19.47	19.46	0.061092	23.722
19.47	19.46	0.061109	23.817
19.47	19.46	0.061126	23.916
19.47	19.46	0.061142	24.021
19.47	19.46	0.061159	24.115
19.47	19.46	0.061176	24.215
19.47	19.46	0.061192	24.320
19.47	19.46	0.061209	24.414
19.47	19.46	0.061226	24.514
19.47	19.46	0.061242	24.618
19.47	19.46	0.061259	24.713
19.47	19.46	0.061275	24.812
19.47	19.46	0.061292	24.917
19.47	19.46	0.061309	25.012
19.47	19.46	0.061325	25.111
19.47	19.46	0.061342	25.216
19.47	19.46	0.061359	25.310
19.47	19.46	0.061375	25.410
19.47	19.46	0.061392	25.515
19.47	19.46	0.061409	25.609
19.47	19.46	0.061425	25.709
19.47	19.46	0.061442	25.813
19.47	19.46	0.061459	25.908
19.44	19.46	0.061475	26.007
19.44	19.46	0.061492	26.112
19.44	19.46	0.061509	26.206
19.44	19.46	0.061525	26.306
19.44	19.46	0.061542	26.410
19.44	19.46	0.061559	26.505
19.44	19.46	0.061575	26.606
19.44	19.46	0.061592	26.709
19.44	19.46	0.061609	26.805
19.44	19.46	0.061625	26.905
19.44	19.46	0.061642	27.008
19.44	19.45	0.061659	27.105
19.47	19.45	0.061675	27.206
19.47	19.45	0.061692	27.308
19.47	19.45	0.061709	27.405
19.47	19.45	0.061725	27.506
19.47	19.45	0.061742	27.606
19.47	19.45	0.061759	27.705
19.47	19.45	0.061775	27.805
19.47	19.45	0.061792	27.905
19.47	19.45	0.061809	28.005
19.47	19.45	0.061825	28.105
19.47	19.45	0.061842	28.206
19.47	19.45	0.061859	28.305
19.47	19.45	0.061875	28.405
19.47	19.45	0.061892	28.505
19.47	19.45	0.061909	28.606
19.44	19.45	0.061925	28.706
19.44	19.45	0.061942	28.806
19.44	19.45	0.061959	28.906
19.44	19.45	0.061975	29.006
19.44	19.45	0.061992	29.107
19.44	19.45	0.062009	29.206
19.44	19.45	0.062025	29.306
19.44	19.45	0.062042	29.406
19.44	19.45	0.062059	29.506
19.44	19.45	0.062075	29.606
19.44	19.45	0.062092	29.706
19.44	19.45	0.062108	29.807
19.44	19.45	0.062125	29.906
19.44	19.45	0.062142	30.006
19.44	19.44	0.062158	30.106
19.44	19.44	0.062175	30.206
19.44	19.44	0.062192	30.306
19.44	19.44	0.062208	30.406
19.44	19.44	0.062225	30.506
19.44	19.44	0.062242	30.607
19.44	19.44	0.062258	30.706
19.44	19.44	0.062275	30.807
19.44	19.44	0.062292	30.906
19.44	19.44	0.062308	31.006
19.44	19.44	0.062325	31.105
19.44	19.44	0.062342	31.206
19.44	19.44	0.062358	31.306
19.44	19.44	0.062375	31.406
19.44	19.44	0.062392	31.507
19.44	19.44	0.062408	31.606
19.44	19.44	0.062425	31.706
19.44	19.44	0.062442	31.806
19.44	19.44	0.062458	31.906
19.44	19.44	0.062475	32.006
19.44	19.44	0.062492	32.106
19.44	19.44	0.062508	32.206
19.44	19.43	0.062525	32.306
19.44	19.43	0.062542	32.407
19.44	19.43	0.062558	32.506
19.44	19.43	0.062575	32.606
19.44	19.43	0.062592	32.731
19.44	19.43	0.062608	32.806
19.44	19.43	0.062625	32.930
19.44	19.43	0.062642	33.030
19.44	19.43	0.062658	33.134
19.44	19.43	0.062675	33.229
19.44	19.43	0.062692	33.329
19.44	19.43	0.062708	33.433
19.44	19.43	0.062725	33.528
19.44	19.42	0.062742	33.627
19.44	19.42	0.062758	33.732
19.44	19.42	0.062775	33.826
19.44	19.42	0.062792	33.926
19.44	19.42	0.062808	34.030
19.44	19.42	0.062825	34.125
19.44	19.42	0.062842	34.225
19.44	19.42	0.062858	34.329
19.41	19.42	0.062875	34.424
19.41	19.42	0.062892	34.524
19.41	19.42	0.062908	34.628
19.41	19.42	0.062925	34.722
19.41	19.42	0.062941	34.824
19.41	19.42	0.062958	34.927
19.41	19.42	0.062975	35.021
19.41	19.42	0.062991	35.124
19.41	19.42	0.063008	35.225
19.41	19.42	0.063025	35.320
19.39	19.42	0.063041	35.424
19.39	19.41	0.063058	35.524
19.39	19.41	0.063075	35.619
19.39	19.41	0.063091	35.724
19.39	19.41	0.063108	35.823
19.39	19.41	0.063125	35.918
19.39	19.41	0.063141	36.023
19.39	19.41	0.063158	36.122
19.39	19.41	0.063175	36.217
19.41	19.41	0.063191	36.321
19.41	19.41	0.063208	36.421
19.41	19.41	0.063225	36.516
19.41	19.41	0.063241	36.620
19.41	19.40	0.063258	36.720
19.41	19.40	0.063275	36.814
19.41	19.40	0.063291	36.919
19.41	19.40	0.063308	37.013
19.41	19.40	0.063325	37.113
19.41	19.40	0.063341	37.217
19.41	19.40	0.063358	37.312
19.41	19.40	0.063375	37.412
19.41	19.40	0.063391	37.517
19.41	19.40	0.063408	37.611
19.41	19.39	0.063425	37.711
19.41	19.39	0.063441	37.815
19.41	19.39	0.063458	37.910
19.41	19.39	0.063475	38.009
19.41	19.39	0.063491	38.114
19.41	19.39	0.063508	38.209
19.41	19.39	0.063525	38.308
19.41	19.39	0.063541	38.413
19.41	19.39	0.063558	38.507
19.41	19.39	0.063575	38.607
19.41	19.39	0.063591	38.711
19.39	19.39	0.063608	38.807
19.39	19.39	0.063625	38.908
19.39	19.39	0.063641	39.010
19.39	19.39	0.063658	39.108
19.39	19.39	0.063675	39.207
19.39	19.39	0.063691	39.309
19.39	19.39	0.063708	39.407
19.39	19.39	0.063725	39.507
19.39	19.39	0.063741	39.607
19.39	19.39	0.063758	39.708
19.39	19.39	0.063774	39.807
19.39	19.39	0.063791	39.908
19.36	19.39	0.063808	40.007
19.36	19.39	0.063824	40.107
19.36	19.39	0.063841	40.207
19.36	19.39	0.063858	40.307
19.36	19.39	0.063874	40.407
19.36	19.39	0.063891	40.507
19.36	19.39	0.063908	40.608
19.36	19.39	0.063924	40.708
19.36	19.39	0.063941	40.807
19.36	19.39	0.063958	40.907
19.36	19.39	0.063974	41.007
19.39	19.39	0.063991	41.107
19.39	19.38	0.064008	41.207
19.39	19.38	0.064024	41.307
19.39	19.38	0.064041	41.408
19.39	19.38	0.064058	41.508
19.39	19.38	0.064074	41.609
19.39	19.38	0.064091	41.708
19.39	19.38	0.064108	41.808
19.39	19.38	0.064124	41.908
19.39	19.38	0.064141	42.008
19.39	19.38	0.064158	42.108
19.39	19.38	0.064174	42.208
19.39	19.38	0.064191	42.309
19.39	19.38	0.064208	42.408
19.39	19.38	0.064224	42.508
19.39	19.38	0.064241	42.608
19.39	19.38	0.064258	42.708
19.39	19.38	0.064274	42.808
19.39	19.38	0.064291	42.908
19.39	19.38	0.064308	43.008
19.39	19.38	0.064324	43.109
19.39	19.38	0.064341	43.208
19.39	19.38	0.064358	43.308
19.39	19.38	0.064374	43.408
19.39	19.37	0.064391	43.508
19.39	19.37	0.064408	43.608
19.39	19.37	0.064424	43.708
19.36	19.37	0.064441	43.808
19.36	19.37	0.064458	43.909
19.36	19.37	0.064474	44.008
19.36	19.37	0.064491	44.108
19.36	19.37	0.064508	44.208
19.36	19.37	0.064524	44.308
19.36	19.37	0.064541	44.408
19.36	19.37	0.064558	44.508
19.36	19.37	0.064574	44.608
19.36	19.37	0.064591	44.708
19.36	19.37	0.064607	44.837
19.36	19.37	0.064624	44.931
19.36	19.37	0.064641	45.032
19.36	19.37	0.064657	45.136
19.36	19.37	0.064674	45.231
19.36	19.37	0.064691	45.330
19.36	19.37	0.064707	45.435
19.36	19.37	0.064724	45.529
19.36	19.37	0.064741	45.629
19.36	19.38	0.064757	45.734
19.36	19.38	0.064774	45.828
19.36	19.38	0.064791	45.928
19.36	19.38	0.064807	46.032
19.36	19.38	0.064824	46.127
19.39	19.38	0.064841	46.226
19.39	19.38	0.064857	46.331
19.39	19.38	0.064874	46.426
19.39	19.38	0.064891	46.525
19.39	19.38	0.064907	46.630
19.39	19.38	0.064924	46.724
19.39	19.39	0.064941	46.824
19.39	19.39	0.064957	46.928
19.39	19.39	0.064974	47.023
19.39	19.39	0.064991	47.123
19.39	19.39	0.065007	47.227
19.39	19.39	0.065024	47.322
19.39	19.39	0.065041	47.422
19.39	19.39	0.065057	47.526
19.39	19.39	0.065074	47.621
19.39	19.39	0.065091	47.721
19.39	19.39	0.065107	47.825
19.39	19.39	0.065124	47.920
19.39	19.40	0.065141	48.021
19.39	19.40	0.065157	48.124
19.39	19.40	0.065174	48.218
19.39	19.40	0.065191	48.322
19.39	19.40	0.065207	48.422
19.39	19.40	0.065224	48.517
19.39	19.40	0.065241	48.621
19.39	19.40	0.065257	48.721
19.39	19.40	0.065274	48.816
19.39	19.40	0.065291	48.920
19.39	19.40	0.065307	49.020
19.39	19.40	0.065324	49.114
19.41	19.40	0.065341	49.220
19.41	19.40	0.065357	49.319
19.41	19.40	0.065374	49.414
19.41	19.40	0.065391	49.518
19.41	19.40	0.065407	49.618
19.41	19.40	0.065424	49.714
19.41	19.40	0.065440	49.817
19.41	19.40	0.065457	49.917
19.41	19.41	0.065474	50.013
19.41	19.41	0.065490	50.115
19.41	19.41	0.065507	50.217
19.41	19.41	0.065524	50.314
19.41	19.41	0.065540	50.414
19.41	19.41	0.065557	50.517
19.41	19.41	0.065574	50.613
19.41	19.41	0.065590	50.713
19.41	19.41	0.065607	50.816
19.41	19.41	0.065624	50.913
19.41	19.41	0.065640	51.013
19.41	19.41	0.065657	51.116
19.41	19.41	0.065674	51.215
19.41	19.41	0.065690	51.314
19.41	19.41	0.065707	51.417
19.41	19.41	0.065724	51.514
19.41	19.41	0.065740	51.614
19.41	19.41	0.065757	51.716
19.41	19.41	0.065774	51.814
19.41	19.41	0.065790	51.915
19.41	19.40	0.065807	52.016
19.41	19.40	0.065824	52.115
19.41	19.40	0.065840	52.214
19.41	19.40	0.065857	52.316
19.41	19.40	0.065874	52.414
19.41	19.40	0.065890	52.514
19.41	19.40	0.065907	52.616
19.41	19.40	0.065924	52.714
19.41	19.40	0.065940	52.815
19.41	19.40	0.065957	52.916
19.41	19.40	0.065974	53.014
19.41	19.40	0.065990	53.114
19.41	19.40	0.066007	53.216
19.41	19.40	0.066024	53.314
19.41	19.40	0.066040	53.414
19.41	19.40	0.066057	53.515
19.41	19.40	0.066074	53.615
19.41	19.40	0.066090	53.716
19.41	19.40	0.066107	53.816
19.41	19.40	0.066124	53.915
19.41	19.40	0.066140	54.015
19.41	19.40	0.066157	54.116
19.41	19.40	0.066174	54.215
19.41	19.40	0.066190	54.315
19.41	19.40	0.066207	54.416
19.41	19.40	0.066224	54.515
19.41	19.40	0.066240	54.616
19.41	19.40	0.066257	54.716
19.41	19.40	0.066273	54.815
19.39	19.40	0.066290	54.915
19.39	19.40	0.066307	55.016
19.39	19.40	0.066323	55.115
19.39	19.40	0.066340	55.215
19.39	19.40	0.066357	55.316
19.39	19.40	0.066373	55.415
19.39	19.40	0.066390	55.515
19.39	19.40	0.066407	55.615
19.39	19.40	0.066423	55.744
19.39	19.40	0.066440	55.838
19.39	19.40	0.066457	55.915
19.39	19.40	0.066473	56.042
19.39	19.40	0.066490	56.137
19.39	19.40	0.066507	56.216
19.39	19.40	0.066523	56.341
19.39	19.40	0.066540	56.436
19.39	19.40	0.066557	56.515
19.39	19.40	0.066573	56.640
19.41	19.40	0.066590	56.734
19.41	19.40	0.066607	56.839
19.41	19.40	0.066623	56.938
19.41	19.40	0.066640	57.033
19.41	19.40	0.066657	57.138
19.41	19.40	0.066673	57.237
19.41	19.40	0.066690	57.332
19.41	19.40	0.066707	57.436
19.41	19.40	0.066723	57.536
19.41	19.40	0.066740	57.630
19.41	19.40	0.066757	57.735
19.41	19.40	0.066773	57.830
19.41	19.40	0.066790	57.929
19.41	19.40	0.066807	58.035
19.41	19.40	0.066823	58.128
19.39	19.40	0.066840	58.229
19.39	19.40	0.066857	58.332
19.39	19.40	0.066873	58.427
19.39	19.40	0.066890	58.527
19.39	19.40	0.066907	58.632
19.39	19.40	0.066923	58.727
19.39	19.40	0.066940	58.826
19.39	19.40	0.066957	58.931
19.39	19.40	0.066973	59.025
19.39	19.41	0.066990	59.125
19.39	19.41	0.067007	59.229
19.39	19.41	0.067023	59.324
19.39	19.41	0.067040	59.424
19.39	19.41	0.067057	59.528
19.39	19.41	0.067073	59.623
19.41	19.41	0.067090	59.722
19.41	19.41	0.067106	59.827
19.41	19.41	0.067123	59.921
19.41	19.41	0.067140	00.021
19.41	19.41	0.067156	00.125
19.41	19.41	0.067173	00.220
19.41	19.41	0.067190	00.320
19.41	19.41	0.067206	00.424
19.41	19.41	0.067223	00.519
19.41	19.41	0.067240	00.619
19.41	19.41	0.067256	00.723
19.41	19.41	0.067273	00.817
19.41	19.41	0.067290	00.919
19.41	19.41	0.067306	01.022
19.44	19.41	0.067323	01.117
19.44	19.41	0.067340	01.219
19.44	19.41	0.067356	01.321
19.44	19.41	0.067373	01.416
19.44	19.41	0.067390	01.518
19.44	19.41	0.067406	01.620
19.44	19.41	0.067423	01.716
19.44	19.41	0.067440	01.819
19.44	19.41	0.067456	01.919
19.41	19.41	0.067473	02.017
19.41	19.42	0.067490	02.118
19.41	19.42	0.067506	02.217
19.41	19.42	0.067523	02.317
19.41	19.42	0.067540	02.417
19.41	19.42	0.067556	02.517
19.41	19.42	0.067573	02.617
19.41	19.42	0.067590	02.717
19.41	19.42	0.067606	02.818
19.41	19.42	0.067623	02.917
19.41	19.42	0.067640	03.017
19.41	19.42	0.067656	03.117
19.41	19.42	0.067673	03.217
19.41	19.42	0.067690	03.317
19.41	19.42	0.067706	03.417
19.41	19.42	0.067723	03.518
19.41	19.42	0.067740	03.617
19.41	19.42	0.067756	03.718
19.41	19.42	0.067773	03.817
19.41	19.42	0.067790	03.917
19.41	19.42	0.067806	04.017
19.41	19.42	0.067823	04.117
19.41	19.42	0.067840	04.217
19.41	19.42	0.067856	04.317
19.41	19.42	0.067873	04.418
19.41	19.42	0.067890	04.517
19.44	19.42	0.067906	04.619
19.44	19.42	0.067923	04.718
19.44	19.42	0.067939	04.818
19.44	19.42	0.067956	04.918
19.44	19.42	0.067973	05.018
19.44	19.42	0.067989	05.118
19.44	19.42	0.068006	05.218
19.44	19.42	0.068023	05.319
19.44	19.42	0.068039	05.418
19.44	19.42	0.068056	05.518
19.44	19.42	0.068073	05.618
19.44	19.42	0.068089	05.718
19.44	19.42	0.068106	05.818
19.41	19.42	0.068123	05.918
19.41	19.42	0.068139	06.019
19.41	19.42	0.068156	06.118
19.41	19.42	0.068173	06.219
19.41	19.42	0.068189	06.318
19.41	19.42	0.068206	06.418
19.41	19.42	0.068223	06.518
19.41	19.42	0.068239	06.618
19.41	19.42	0.068256	06.718
19.41	19.42	0.068273	06.818
19.41	19.42	0.068289	06.919
19.41	19.42	0.068306	07.018
19.41	19.42	0.068323	07.118
19.41	19.42	0.068339	07.242
19.41	19.42	0.068356	07.342
19.41	19.42	0.068373	07.446
19.41	19.42	0.068389	07.541
19.41	19.42	0.068406	07.640
19.41	19.42	0.068423	07.745
19.41	19.42	0.068439	07.840
19.41	19.42	0.068456	07.939
19.41	19.42	0.068473	08.044
19.41	19.42	0.068489	08.138
19.41	19.42	0.068506	08.238
19.44	19.42	0.068523	08.343
19.44	19.42	0.068539	08.438
19.44	19.42	0.068556	08.537
19.44	19.42	0.068573	08.642
19.44	19.42	0.068589	08.737
19.44	19.42	0.068606	08.837
19.44	19.42	0.068623	08.941
19.44	19.42	0.068639	09.035
19.44	19.42	0.068656	09.138
19.44	19.42	0.068673	09.239
19.44	19.42	0.068689	09.334
19.44	19.42	0.068706	09.437
19.44	19.42	0.068723	09.538
19.44	19.42	0.068739	09.633
19.41	19.42	0.068756	09.737
19.41	19.42	0.068772	09.837
19.41	19.42	0.068789	09.931
19.41	19.42	0.068806	10.036
19.41	19.42	0.068822	10.135
19.41	19.42	0.068839	10.230
19.41	19.42	0.068856	10.335
19.41	19.42	0.068872	10.434
19.41	19.42	0.068889	10.529
19.41	19.42	0.068906	10.633
19.41	19.42	0.068922	10.733
19.41	19.42	0.068939	10.827
19.41	19.42	0.068956	10.932
19.41	19.42	0.068972	11.026
19.41	19.42	0.068989	11.126
19.41	19.42	0.069006	11.231
19.41	19.42	0.069022	11.325
19.41	19.42	0.069039	11.426
19.41	19.42	0.069056	11.530
19.41	19.42	0.069072	11.625
19.41	19.42	0.069089	11.724
19.44	19.42	0.069106	11.829
19.44	19.42	0.069122	11.924
19.44	19.42	0.069139	12.023
19.44	19.42	0.069156	12.128
19.44	19.42	0.069172	12.222
19.44	19.42	0.069189	12.322
19.44	19.42	0.069206	12.426
19.44	19.42	0.069222	12.521
19.44	19.42	0.069239	12.620
19.44	19.42	0.069256	12.725
19.41	19.42	0.069272	12.820
19.41	19.42	0.069289	12.919
19.41	19.43	0.069306	13.024
19.41	19.43	0.069322	13.118
19.41	19.43	0.069339	13.218
19.41	19.43	0.069356	13.322
19.41	19.43	0.069372	13.418
19.41	19.43	0.069389	13.519
19.41	19.43	0.069406	13.621
19.41	19.43	0.069422	13.719
19.41	19.43	0.069439	13.818
19.41	19.43	0.069456	13.920
19.41	19.43	0.069472	14.018
19.41	19.43	0.069489	14.118
19.41	19.43	0.069506	14.218
19.44	19.43	0.069522	14.318
19.44	19.43	0.069539	14.419
19.44	19.43	0.069556	14.518
19.44	19.43	0.069572	14.618
19.44	19.43	0.069589	14.718
19.44	19.43	0.069605	14.818
19.44	19.43	0.069622	14.918
19.44	19.43	0.069639	15.018
19.44	19.43	0.069655	15.118
19.44	19.44	0.069672	15.219
19.44	19.44	0.069689	15.318
19.44	19.44	0.069705	15.419
19.44	19.44	0.069722	15.518
19.44	19.44	0.069739	15.618
19.44	19.44	0.069755	15.718
19.44	19.44	0.069772	15.818
19.44	19.44	0.069789	15.918
19.44	19.44	0.069805	16.018
19.44	19.44	0.069822	16.119
19.44	19.44	0.069839	16.218
19.44	19.44	0.069855	16.318
19.44	19.44	0.069872	16.418
19.44	19.44	0.069889	16.518
19.44	19.44	0.069905	16.618
19.44	19.44	0.069922	16.718
19.44	19.44	0.069939	16.819
19.44	19.44	0.069955	16.918
19.44	19.44	0.069972	17.019
19.44	19.44	0.069989	17.118
19.44	19.44	0.070005	17.218
19.44	19.44	0.070022	17.319
19.44	19.44	0.070039	17.419
19.44	19.44	0.070055	17.519
19.47	19.44	0.070072	17.619
19.47	19.44	0.070089	17.719
19.47	19.44	0.070105	17.820
19.47	19.44	0.070122	17.919
19.47	19.44	0.070139	18.019
19.47	19.44	0.070155	18.119
19.47	19.44	0.070172	18.219
19.44	19.44	0.070189	18.319
19.44	19.44	0.070205	18.419
19.44	19.44	0.070222	18.520
19.44	19.44	0.070239	18.619
19.44	19.44	0.070255	18.720
19.44	19.44	0.070272	18.819
19.44	19.44	0.070289	18.919
19.44	19.44	0.070305	19.019
19.44	19.44	0.070322	19.119
19.44	19.44	0.070339	19.219
19.44	19.44	0.070355	19.319
19.44	19.44	0.070372	19.448
19.44	19.44	0.070389	19.543
19.44	19.44	0.070405	19.643
19.44	19.44	0.070422	19.747
19.44	19.44	0.070438	19.842
19.44	19.44	0.070455	19.941
19.44	19.44	0.070472	20.046
19.44	19.44	0.070488	20.140
19.44	19.44	0.070505	20.240
19.44	19.44	0.070522	20.345
19.44	19.45	0.070538	20.439
19.44	19.45	0.070555	20.539
19.44	19.45	0.070572	20.643
19.44	19.45	0.070588	20.738
19.44	19.45	0.070605	20.837
19.44	19.45	0.070622	20.942
19.44	19.45	0.070638	21.036
19.44	19.45	0.070655	21.136
19.44	19.45	0.070672	21.241
19.44	19.45	0.070688	21.335
19.44	19.45	0.070705	21.436
19.44	19.45	0.070722	21.539
19.44	19.45	0.070738	21.634
19.44	19.45	0.070755	21.735
19.44	19.45	0.070772	21.838
19.44	19.45	0.070788	21.934
19.44	19.45	0.070805	22.035
19.44	19.45	0.070822	22.138
19.44	19.45	0.070838	22.232
19.44	19.45	0.070855	22.335
19.44	19.45	0.070872	22.436
19.44	19.45	0.070888	22.531
19.44	19.45	0.070905	22.635
19.44	19.45	0.070922	22.735
19.44	19.45	0.070938	22.830
19.44	19.45	0.070955	22.934
19.44	19.45	0.070972	23.034
19.44	19.45	0.070988	23.128
19.47	19.45	0.071005	23.233
19.47	19.45	0.071022	23.332
19.47	19.45	0.071038	23.427
19.47	19.45	0.071055	23.532
19.47	19.45	0.071072	23.631
19.47	19.45	0.071088	23.726
19.47	19.45	0.071105	23.830
19.47	19.45	0.071122	23.925
19.47	19.45	0.071138	24.024
19.47	19.45	0.071155	24.130
19.47	19.45	0.071172	24.224
19.47	19.45	0.071188	24.324
19.47	19.45	0.071205	24.429
19.47	19.45	0.071222	24.523
19.44	19.45	0.071238	24.623
19.44	19.45	0.071255	24.727
19.44	19.45	0.071271	24.822
19.44	19.45	0.071288	24.922
19.44	19.45	0.071305	25.026
19.44	19.45	0.071321	25.123
19.44	19.45	0.071338	25.222
19.44	19.45	0.071355	25.325
19.44	19.45	0.071371	25.422
19.44	19.45	0.071388	25.522
19.44	19.45	0.071405	25.623
19.44	19.45	0.071421	25.722
19.44	19.45	0.071438	25.822
19.44	19.45	0.071455	25.922
19.44	19.45	0.071471	26.023
19.44	19.45	0.071488	26.122
19.44	19.44	0.071505	26.222
19.44	19.44	0.071521	26.322
19.44	19.44	0.071538	26.422
19.44	19.44	0.071555	26.522
19.47	19.44	0.071571	26.622
19.47	19.44	0.071588	26.722
19.47	19.44	0.071605	26.822
19.47	19.44	0.071621	26.923
19.47	19.44	0.071638	27.022
19.47	19.44	0.071655	27.122
19.44	19.44	0.071671	27.222
19.44	19.44	0.071688	27.322
19.44	19.44	0.071705	27.422
19.44	19.44	0.071721	27.522
19.44	19.44	0.071738	27.623
19.44	19.44	0.071755	27.722
19.44	19.44	0.071771	27.823
19.44	19.44	0.071788	27.922
19.44	19.44	0.071805	28.022
19.44	19.44	0.071821	28.122
19.44	19.44	0.071838	28.222
19.44	19.44	0.071855	28.322
19.44	19.44	0.071871	28.422
19.44	19.44	0.071888	28.523
19.44	19.44	0.071905	28.622
19.44	19.44	0.071921	28.722
19.44	19.44	0.071938	28.822
19.44	19.44	0.071955	28.922
19.44	19.44	0.071971	29.022
19.44	19.44	0.071988	29.122
19.44	19.44	0.072005	29.222
19.44	19.44	0.072021	29.322
19.44	19.44	0.072038	29.423
19.44	19.44	0.072055	29.523
19.44	19.44	0.072071	29.623
19.44	19.44	0.072088	29.723
19.41	19.44	0.072104	29.823
19.41	19.44	0.072121	29.923
19.41	19.44	0.072138	30.023
19.41	19.44	0.072154	30.124
19.41	19.44	0.072171	30.223
19.41	19.44	0.072188	30.324
19.44	19.44	0.072204	30.423
19.44	19.43	0.072221	30.523
19.44	19.43	0.072238	30.623
19.44	19.43	0.072254	30.723
19.44	19.43	0.072271	30.852
19.44	19.43	0.072288	30.952
19.44	19.43	0.072304	31.046
19.44	19.43	0.072321	31.151
19.44	19.43	0.072338	31.251
19.44	19.43	0.072354	31.345
19.44	19.43	0.072371	31.450
19.44	19.43	0.072388	31.550
19.44	19.43	0.072404	31.645
19.44	19.43	0.072421	31.748
19.44	19.43	0.072438	31.843
19.44	19.43	0.072454	31.944
19.44	19.43	0.072471	32.048
19.44	19.43	0.072488	32.143
19.44	19.43	0.072504	32.242
19.44	19.43	0.072521	32.347
19.44	19.43	0.072538	32.441
19.44	19.43	0.072554	32.541
19.44	19.43	0.072571	32.645
19.44	19.43	0.072588	32.740
19.44	19.42	0.072604	32.840
19.44	19.42	0.072621	32.944
19.44	19.42	0.072638	33.039
19.44	19.42	0.072654	33.138
19.44	19.42	0.072671	33.243
19.44	19.42	0.072688	33.337
19.41	19.42	0.072704	33.437
19.41	19.42	0.072721	33.541
19.41	19.42	0.072738	33.636
19.41	19.42	0.072754	33.736
19.41	19.42	0.072771	33.840
19.41	19.42	0.072788	33.935
19.41	19.41	0.072804	34.034
19.41	19.41	0.072821	34.139
19.41	19.41	0.072838	34.233
19.41	19.41	0.072854	34.333
19.41	19.41	0.072871	34.439
19.41	19.41	0.072888	34.532
19.41	19.41	0.072904	34.633
19.41	19.41	0.072921	34.736
19.41	19.41	0.072937	34.831
19.41	19.41	0.072954	34.932
19.41	19.40	0.072971	35.036
19.41	19.40	0.072987	35.131
19.41	19.40	0.073004	35.233
19.41	19.40	0.073021	35.335
19.41	19.40	0.073037	35.429
19.41	19.40	0.073054	35.533
19.41	19.40	0.073071	35.633
19.41	19.40	0.073087	35.728
19.41	19.40	0.073104	35.832
19.41	19.40	0.073121	35.932
19.41	19.40	0.073137	36.027
19.41	19.39	0.073154	36.131
19.39	19.39	0.073171	36.231
19.39	19.39	0.073187	36.325
19.39	19.39	0.073204	36.430
19.39	19.39	0.073221	36.529
19.39	19.39	0.073237	36.626
19.39	19.39	0.073254	36.729
19.39	19.39	0.073271	36.829
19.39	19.39	0.073287	36.925
19.39	19.39	0.073304	37.028
19.39	19.39	0.073321	37.128
19.39	19.39	0.073337	37.225
19.39	19.39	0.073354	37.326
19.39	19.39	0.073371	37.428
19.39	19.39	0.073387	37.526
19.39	19.39	0.073404	37.625
19.39	19.39	0.073421	37.728
19.39	19.39	0.073437	37.825
19.39	19.39	0.073454	37.925
19.39	19.39	0.073471	38.028
19.39	19.39	0.073487	38.125
19.39	19.39	0.073504	38.225
19.39	19.39	0.073521	38.328
19.39	19.39	0.073537	38.425
19.39	19.39	0.073554	38.525
19.39	19.39	0.073571	38.627
19.36	19.39	0.073587	38.725
19.36	19.39	0.073604	38.825
19.36	19.39	0.073621	38.928
19.36	19.39	0.073637	39.025
19.36	19.39	0.073654	39.125
19.36	19.39	0.073671	39.228
19.36	19.39	0.073687	39.325
19.39	19.39	0.073704	39.425
19.39	19.39	0.073721	39.527
19.39	19.39	0.073737	39.625
19.39	19.39	0.073754	39.725
19.39	19.39	0.073770	39.827
19.39	19.39	0.073787	39.926
19.39	19.39	0.073804	40.025
19.39	19.39	0.073820	40.127
19.39	19.39	0.073837	40.225
19.39	19.39	0.073854	40.325
19.39	19.39	0.073870	40.427
19.39	19.39	0.073887	40.525
19.39	19.39	0.073904	40.625
19.39	19.39	0.073920	40.727
19.39	19.40	0.073937	40.827
19.39	19.40	0.073954	40.926
19.39	19.40	0.073970	41.027
19.39	19.40	0.073987	41.126
19.39	19.40	0.074004	41.226
19.39	19.40	0.074020	41.327
19.39	19.40	0.074037	41.426
19.39	19.40	0.074054	41.526
19.39	19.40	0.074070	41.627
19.41	19.40	0.074087	41.727
19.41	19.40	0.074104	41.826
19.41	19.40	0.074120	41.927
19.41	19.40	0.074137	42.026
19.41	19.40	0.074154	42.126
19.41	19.40	0.074170	42.226
19.41	19.40	0.074187	42.326
19.41	19.40	0.074204	42.427
19.41	19.40	0.074220	42.527
19.41	19.40	0.074237	42.656
19.41	19.40	0.074254	42.750
19.41	19.40	0.074270	42.827
19.41	19.41	0.074287	42.954
19.41	19.41	0.074304	43.049
19.41	19.41	0.074320	43.126
19.41	19.41	0.074337	43.253
19.41	19.41	0.074354	43.347
19.41	19.41	0.074370	43.426
19.41	19.41	0.074387	43.552
19.41	19.41	0.074404	43.646
19.41	19.41	0.074420	43.751
19.39	19.41	0.074437	43.850
19.39	19.41	0.074454	43.945
19.39	19.41	0.074470	44.049
19.39	19.41	0.074487	44.149
19.39	19.41	0.074504	44.244
19.39	19.41	0.074520	44.348
19.39	19.41	0.074537	44.448
19.39	19.41	0.074554	44.542
19.39	19.41	0.074570	44.647
19.41	19.41	0.074587	44.746
19.41	19.41	0.074603	44.841
19.41	19.41	0.074620	44.945
19.41	19.41	0.074637	45.040
19.41	19.40	0.074653	45.141
19.41	19.40	0.074670	45.245
19.41	19.40	0.074687	45.340
19.41	19.40	0.074703	45.439
19.41	19.40	0.074720	45.544
19.41	19.40	0.074737	45.638
19.41	19.40	0.074753	45.738
19.41	19.40	0.074770	45.843
19.41	19.40	0.074787	45.937
19.41	19.40	0.074803	46.037
19.41	19.40	0.074820	46.141
19.41	19.40	0.074837	46.236
19.41	19.40	0.074853	46.335
19.41	19.40	0.074870	46.440
19.41	19.40	0.074887	46.535
19.41	19.40	0.074903	46.634
19.41	19.40	0.074920	46.739
19.41	19.40	0.074937	46.833
19.41	19.40	0.074953	46.933
19.41	19.40	0.074970	47.037
19.41	19.40	0.074987	47.132
19.41	19.40	0.075003	47.231
19.41	19.40	0.075020	47.336
19.41	19.40	0.075037	47.431
19.41	19.40	0.075053	47.530
19.41	19.40	0.075070	47.635
19.41	19.40	0.075087	47.729
19.41	19.40	0.075103	47.830
19.41	19.40	0.075120	47.933
19.41	19.40	0.075137	48.028
19.41	19.40	0.075153	48.129
19.41	19.40	0.075170	48.233
19.41	19.40	0.075187	48.328
19.39	19.40	0.075203	48.430
19.39	19.40	0.075220	48.532
19.39	19.40	0.075237	48.626
19.39	19.40	0.075253	48.730
19.39	19.40	0.075270	48.830
19.39	19.40	0.075287	48.926
19.39	19.40	0.075303	49.030
19.39	19.40	0.075320	49.129
19.39	19.40	0.075337	49.227
19.39	19.40	0.075353	49.328
19.39	19.41	0.075370	49.427
19.39	19.41	0.075387	49.527
19.39	19.41	0.075403	49.627
19.39	19.41	0.075420	49.727
19.39	19.41	0.075436	49.828
19.39	19.41	0.075453	49.927
19.39	19.41	0.075470	50.028
19.39	19.41	0.075486	50.127
19.39	19.41	0.075503	50.226
19.39	19.41	0.075520	50.327
19.41	19.41	0.075536	50.427
19.41	19.41	0.075553	50.528
19.41	19.41	0.075570	50.629
19.41	19.41	0.075586	50.728
19.41	19.41	0.075603	50.829
19.41	19.41	0.075620	50.928
19.41	19.41	0.075636	51.028
19.41	19.41	0.075653	51.128
19.41	19.41	0.075670	51.228
19.41	19.41	0.075686	51.328
19.41	19.41	0.075703	51.428
19.41	19.41	0.075720	51.529
19.41	19.41	0.075736	51.628
19.41	19.41	0.075753	51.728
19.41	19.41	0.075770	51.828
19.41	19.41	0.075786	51.928
19.41	19.41	0.075803	52.028
19.44	19.41	0.075820	52.128
19.44	19.41	0.075836	52.228
19.44	19.41	0.075853	52.328
19.44	19.41	0.075870	52.429
19.44	19.41	0.075886	52.528
19.44	19.41	0.075903	52.628
19.44	19.41	0.075920	52.728
19.44	19.41	0.075936	52.828
19.44	19.41	0.075953	52.928
19.41	19.41	0.075970	53.028
19.41	19.41	0.075986	53.129
19.41	19.41	0.076003	53.228
19.41	19.40	0.076020	53.329
19.41	19.40	0.076036	53.428
19.41	19.40	0.076053	53.528
19.41	19.40	0.076070	53.628
19.41	19.40	0.076086	53.728
19.41	19.40	0.076103	53.828
19.41	19.40	0.076120	53.929
19.41	19.40	0.076136	54.028
19.41	19.40	0.076153	54.129
19.41	19.40	0.076170	54.228
19.39	19.40	0.076186	54.328
19.39	19.39	0.076203	54.428
19.39	19.39	0.076220	54.552
19.39	19.39	0.076236	54.627
19.39	19.39	0.076253	54.751
19.39	19.39	0.076269	54.851
19.39	19.39	0.076286	54.956
19.39	19.39	0.076303	55.050
19.39	19.39	0.076319	55.150
19.39	19.39	0.076336	55.255
19.39	19.39	0.076353	55.349
19.39	19.39	0.076369	55.449
19.39	19.38	0.076386	55.553
19.39	19.38	0.076403	55.648
19.39	19.38	0.076419	55.749
19.39	19.38	0.076436	55.852
19.39	19.38	0.076453	55.947
19.39	19.38	0.076469	56.048
19.39	19.38	0.076486	56.151
19.39	19.38	0.076503	56.245
19.39	19.38	0.076519	56.348
19.39	19.38	0.076536	56.449
19.39	19.38	0.076553	56.545
19.36	19.37	0.076569	56.648
19.36	19.37	0.076586	56.749
19.36	19.37	0.076603	56.843
19.36	19.37	0.076619	56.948
19.36	19.37	0.076636	57.047
19.36	19.37	0.076653	57.142
19.36	19.37	0.076669	57.246
19.36	19.37	0.076686	57.346
19.36	19.37	0.076703	57.441
19.36	19.37	0.076719	57.545
19.36	19.37	0.076736	57.645
19.36	19.36	0.076753	57.739
19.36	19.36	0.076769	57.844
19.36	19.36	0.076786	57.943
19.36	19.36	0.076803	58.038
19.36	19.36	0.076819	58.143
19.36	19.36	0.076836	58.237
19.36	19.36	0.076853	58.337
19.36	19.36	0.076869	58.442
19.36	19.36	0.076886	58.536
19.36	19.36	0.076903	58.636
19.36	19.36	0.076919	58.740
19.36	19.36	0.076936	58.835
19.36	19.36	0.076953	58.935
19.36	19.36	0.076969	59.039
19.36	19.36	0.076986	59.134
19.36	19.36	0.077003	59.233
19.36	19.36	0.077019	59.338
19.36	19.36	0.077036	59.432
19.36	19.36	0.077053	59.532
19.36	19.36	0.077069	59.637
19.36	19.36	0.077086	59.731
19.36	19.36	0.077102	59.831
19.36	19.36	0.077119	59.935
19.36	19.36	0.077136	00.030
19.36	19.36	0.077152	00.129
19.36	19.36	0.077169	00.234
19.36	19.36	0.077186	00.329
19.36	19.36	0.077202	00.428
19.36	19.36	0.077219	00.534
19.36	19.36	0.077236	00.628
19.36	19.36	0.077252	00.728
19.36	19.36	0.077269	00.832
19.36	19.36	0.077286	00.928
19.36	19.36	0.077302	01.029
19.36	19.37	0.077319	01.131
19.36	19.37	0.077336	01.228
19.36	19.37	0.077352	01.328
19.36	19.37	0.077369	01.429
19.36	19.37	0.077386	01.528
19.36	19.37	0.077402	01.629
19.36	19.37	0.077419	01.729
19.36	19.37	0.077436	01.830
19.36	19.37	0.077452	01.929
19.36	19.37	0.077469	02.029
19.36	19.38	0.077486	02.129
19.36	19.38	0.077502	02.229
19.36	19.38	0.077519	02.329
19.36	19.38	0.077536	02.429
19.36	19.38	0.077552	02.529
19.36	19.38	0.077569	02.630
19.36	19.38	0.077586	02.730
19.36	19.38	0.077602	02.831
19.39	19.38	0.077619	02.930
19.39	19.38	0.077636	03.030
19.39	19.38	0.077652	03.130
19.39	19.39	0.077669	03.230
19.39	19.40	0.077686	03.330
19.39	19.40	0.077702	03.430
19.39	19.40	0.077719	03.532
19.39	19.40	0.077736	03.631
19.39	19.40	0.077752	03.733
19.39	19.40	0.077769	03.832
19.39	19.40	0.077786	03.932
19.39	19.40	0.077802	04.032
19.39	19.40	0.077819	04.132
19.39	19.40	0.077836	04.232
19.41	19.40	0.077852	04.332
19.41	19.41	0.077869	04.432
19.41	19.42	0.077886	04.532
19.41	19.42	0.077902	04.632
19.41	19.42	0.077919	04.732
19.41	19.42	0.077935	04.833
19.41	19.42	0.077952	04.933
19.41	19.42	0.077969	05.033
19.41	19.42	0.077985	05.133
19.41	19.42	0.078002	05.233
19.41	19.42	0.078019	05.334
19.41	19.42	0.078035	05.433
19.41	19.42	0.078052	05.533
19.41	19.43	0.078069	05.633
19.44	19.43	0.078085	05.733
19.44	19.43	0.078102	05.862
19.44	19.43	0.078119	05.957
19.44	19.43	0.078135	06.061
19.44	19.43	0.078152	06.156
19.44	19.43	0.078169	06.256
19.44	19.43	0.078185	06.360
19.44	19.43	0.078202	06.455
19.44	19.43	0.078219	06.554
19.44	19.43	0.078235	06.659
19.44	19.43	0.078252	06.753
19.44	19.43	0.078269	06.853
19.44	19.43	0.078285	06.957
19.44	19.43	0.078302	07.052
19.44	19.43	0.078319	07.152
19.44	19.43	0.078335	07.256
19.44	19.43	0.078352	07.351
19.44	19.43	0.078369	07.450
19.44	19.43	0.078385	07.555
19.44	19.43	0.078402	07.649
19.44	19.43	0.078419	07.749
19.44	19.43	0.078435	07.854
19.44	19.43	0.078452	07.948
19.44	19.44	0.078469	08.048
19.44	19.44	0.078485	08.152
19.44	19.44	0.078502	08.247
19.44	19.44	0.078519	08.347
19.44	19.44	0.078535	08.452
19.44	19.44	0.078552	08.547
19.44	19.44	0.078569	08.646
19.44	19.44	0.078585	08.751
19.44	19.44	0.078602	08.845
19.44	19.44	0.078619	08.945
19.44	19.44	0.078635	09.049
19.44	19.44	0.078652	09.144
19.44	19.44	0.078669	09.245
19.44	19.44	0.078685	09.348
19.44	19.44	0.078702	09.443
19.44	19.44	0.078719	09.545
19.44	19.44	0.078735	09.647
19.44	19.44	0.078752	09.741
19.44	19.44	0.078768	09.845
19.44	19.44	0.078785	09.945
19.44	19.44	0.078802	10.040
19.44	19.44	0.078818	10.145
19.44	19.44	0.078835	10.245
19.44	19.45	0.078852	10.339
19.44	19.45	0.078868	10.444
19.44	19.45	0.078885	10.543
19.44	19.45	0.078902	10.637
19.44	19.45	0.078918	10.742
19.44	19.45	0.078935	10.842
19.44	19.45	0.078952	10.937
19.44	19.45	0.078968	11.041
19.44	19.45	0.078985	11.141
19.44	19.45	0.079002	11.235
19.44	19.45	0.079018	11.340
19.44	19.45	0.079035	11.434
19.44	19.45	0.079052	11.534
19.44	19.45	0.079068	11.638
19.44	19.45	0.079085	11.733
19.47	19.45	0.079102	11.835
19.47	19.45	0.079118	11.937
19.47	19.45	0.079135	12.034
19.47	19.45	0.079152	12.134
19.47	19.45	0.079168	12.236
19.47	19.45	0.079185	12.334
19.47	19.45	0.079202	12.434
19.47	19.45	0.079218	12.535
19.47	19.45	0.079235	12.634
19.47	19.45	0.079252	12.735
19.47	19.45	0.079268	12.834
19.47	19.45	0.079285	12.934
19.47	19.45	0.079302	13.034
19.47	19.45	0.079318	13.134
19.44	19.45	0.079335	13.234
19.44	19.45	0.079352	13.334
19.44	19.45	0.079368	13.435
19.44	19.45	0.079385	13.534
19.44	19.46	0.079402	13.635
19.44	19.46	0.079418	13.734
19.44	19.46	0.079435	13.834
19.44	19.46	0.079452	13.934
19.44	19.46	0.079468	14.034
19.44	19.46	0.079485	14.134
19.44	19.46	0.079502	14.234
19.44	19.46	0.079518	14.335
19.44	19.46	0.079535	14.434
19.44	19.46	0.079552	14.534
19.44	19.46	0.079568	14.634
19.47	19.46	0.079585	14.739
19.47	19.47	0.079601	14.835
19.47	19.47	0.079618	14.935
19.47	19.47	0.079635	15.039
19.47	19.47	0.079651	15.135
19.47	19.47	0.079668	15.236
19.47	19.47	0.079685	15.339
19.47	19.47	0.079701	15.435
19.47	19.47	0.079718	15.535
19.47	19.47	0.079735	15.639
19.47	19.47	0.079751	15.735
19.47	19.48	0.079768	15.835
19.47	19.48	0.079785	15.939
19.47	19.48	0.079801	16.035
19.49	19.48	0.079818	16.136
19.49	19.48	0.079835	16.239
19.49	19.48	0.079851	16.335
19.49	19.48	0.079868	16.435
19.49	19.48	0.079885	16.539
19.49	19.48	0.079901	16.635
19.49	19.48	0.079918	16.735
19.49	19.49	0.079935	16.839
19.49	19.49	0.079951	16.935
19.49	19.49	0.079968	17.035
19.49	19.49	0.079985	17.139
19.49	19.49	0.080001	17.235
19.49	19.49	0.080018	17.335
19.49	19.49	0.080035	17.438
19.49	19.49	0.080051	17.535
19.49	19.49	0.080068	17.659
19.49	19.49	0.080085	17.738
19.49	19.49	0.080101	17.834
19.49	19.50	0.080118	17.958
19.49	19.50	0.080135	18.039
19.49	19.51	0.080151	18.162
19.49	19.51	0.080168	18.257
19.49	19.51	0.080185	18.361
19.49	19.51	0.080201	18.461
19.49	19.51	0.080218	18.556
19.49	19.51	0.080235	18.660
19.49	19.51	0.080251	18.761
19.49	19.51	0.080268	18.855
19.49	19.51	0.080285	18.960
19.49	19.52	0.080301	19.059
19.49	19.52	0.080318	19.154
19.49	19.52	0.080335	19.258
19.52	19.52	0.080351	19.353
19.52	19.52	0.080368	19.453
19.52	19.52	0.080385	19.557
19.52	19.52	0.080401	19.651
19.52	19.52	0.080418	19.751
19.52	19.52	0.080434	19.855
19.52	19.52	0.080451	19.950
19.52	19.52	0.080468	20.050
19.52	19.53	0.080484	20.155
19.52	19.53	0.080501	20.249
19.54	19.54	0.080518	20.349
19.54	19.54	0.080534	20.454
19.54	19.54	0.080551	20.548
19.54	19.54	0.080568	20.648
19.54	19.54	0.080584	20.752
19.54	19.54	0.080601	20.847
19.54	19.54	0.080618	20.947
19.54	19.54	0.080634	21.051
19.54	19.54	0.080651	21.146
19.54	19.54	0.080668	21.245
19.54	19.54	0.080684	21.350
19.54	19.54	0.080701	21.444
19.54	19.54	0.080718	21.544
19.54	19.54	0.080734	21.648
19.54	19.54	0.080751	21.743
19.57	19.54	0.080768	21.843
19.57	19.54	0.080784	21.947
19.57	19.54	0.080801	22.042
19.57	19.54	0.080818	22.142
19.57	19.54	0.080834	22.246
19.57	19.54	0.080851	22.340
19.57	19.54	0.080868	22.442
19.57	19.54	0.080884	22.546
19.57	19.54	0.080901	22.640
19.57	19.54	0.080918	22.742
19.57	19.55	0.080934	22.844
19.54	19.55	0.080951	22.939
19.54	19.55	0.080968	23.041
19.54	19.55	0.080984	23.143
19.54	19.55	0.081001	23.237
19.54	19.55	0.081018	23.342
19.54	19.55	0.081034	23.442
19.54	19.55	0.081051	23.536
19.54	19.55	0.081068	23.641
19.54	19.55	0.081084	23.740
19.54	19.55	0.081101	23.835
19.54	19.55	0.081118	23.939
19.54	19.56	0.081134	24.038
19.54	19.56	0.081151	24.135
19.54	19.57	0.081168	24.239
19.54	19.57	0.081184	24.337
19.54	19.57	0.081201	24.435
19.54	19.57	0.081218	24.537
19.54	19.57	0.081234	24.637
19.54	19.57	0.081251	24.736
19.54	19.57	0.081267	24.836
19.57	19.57	0.081284	24.936
19.57	19.57	0.081301	25.036
19.57	19.57	0.081317	25.137
19.57	19.57	0.081334	25.236
19.57	19.58	0.081351	25.336
19.57	19.58	0.081367	25.436
19.57	19.58	0.081384	25.537
19.57	19.58	0.081401	25.636
19.60	19.58	0.081417	25.738
19.60	19.58	0.081434	25.839
19.60	19.58	0.081451	25.938
19.60	19.58	0.081467	26.039
19.60	19.58	0.081484	26.138
19.60	19.58	0.081501	26.238
19.60	19.59	0.081517	26.338
19.60	19.59	0.081534	26.438
19.60	19.59	0.081551	26.538
19.60	19.59	0.081567	26.638
19.60	19.59	0.081584	26.739
19.60	19.59	0.081601	26.838
19.60	19.59	0.081617	26.938
19.60	19.59	0.081634	27.038
19.60	19.59	0.081651	27.138
19.60	19.59	0.081667	27.238
19.60	19.59	0.081684	27.338
19.60	19.59	0.081701	27.439
19.60	19.60	0.081717	27.538
19.60	19.60	0.081734	27.639
19.60	19.60	0.081751	27.738
19.60	19.60	0.081767	27.838
19.57	19.60	0.081784	27.938
19.57	19.60	0.081801	28.038
19.57	19.60	0.081817	28.138
19.57	19.60	0.081834	28.238
19.57	19.60	0.081851	28.339
19.57	19.60	0.081867	28.438
19.57	19.60	0.081884	28.539
19.60	19.60	0.081901	28.638
19.60	19.60	0.081917	28.738
19.60	19.60	0.081934	28.838
19.60	19.60	0.081951	28.938
19.60	19.60	0.081967	29.038
19.60	19.60	0.081984	29.138
19.60	19.60	0.082001	29.239
19.60	19.60	0.082017	29.338
19.60	19.61	0.082034	29.438
19.60	19.61	0.082051	29.567
19.60	19.61	0.082067	29.662
19.60	19.62	0.082084	29.761
19.62	19.62	0.082100	29.866
19.62	19.62	0.082117	29.960
19.62	19.62	0.082134	30.060
19.62	19.62	0.082150	30.165
19.62	19.62	0.082167	30.259
19.62	19.62	0.082184	30.360
19.62	19.62	0.082200	30.463
19.62	19.62	0.082217	30.558
19.62	19.63	0.082234	30.659
19.62	19.63	0.082250	30.762
19.62	19.63	0.082267	30.857
19.62	19.63	0.082284	30.960
19.62	19.63	0.082300	31.061
19.62	19.63	0.082317	31.155
19.62	19.63	0.082334	31.260
19.62	19.63	0.082350	31.359
19.65	19.63	0.082367	31.455
19.65	19.63	0.082384	31.559
19.65	19.64	0.082400	31.659
19.65	19.64	0.082417	31.754
19.65	19.65	0.082434	31.858
19.65	19.65	0.082450	31.958
19.65	19.65	0.082467	32.052
19.65	19.65	0.082484	32.157
19.65	19.65	0.082500	32.256
19.65	19.65	0.082517	32.351
19.65	19.65	0.082534	32.455
19.65	19.65	0.082550	32.555
19.65	19.65	0.082567	32.650
19.65	19.66	0.082584	32.754
19.65	19.66	0.082600	32.849
19.65	19.67	0.082617	32.948
19.65	19.67	0.082634	33.053
19.65	19.67	0.082650	33.147
19.65	19.67	0.082667	33.247
19.65	19.67	0.082684	33.352
19.65	19.67	0.082700	33.446
19.67	19.67	0.082717	33.546
19.67	19.67	0.082734	33.650
19.67	19.67	0.082750	33.745
19.67	19.67	0.082767	33.844
19.67	19.68	0.082784	33.949
19.67	19.69	0.082800	34.043
19.67	19.70	0.082817	34.143
19.67	19.70	0.082834	34.248
19.67	19.70	0.082850	34.342
19.67	19.70	0.082867	34.442
19.67	19.70	0.082884	34.547
19.70	19.70	0.082900	34.642
19.70	19.70	0.082917	34.741
19.70	19.70	0.082933	34.846
19.70	19.70	0.082950	34.941
19.70	19.70	0.082967	35.040
19.70	19.71	0.082983	35.145
19.70	19.72	0.083000	35.239
19.73	19.72	0.083017	35.339
19.73	19.73	0.083033	35.443
19.73	19.73	0.083050	35.538
19.73	19.73	0.083067	35.638
19.73	19.73	0.083083	35.742
19.73	19.73	0.083100	35.839
19.73	19.73	0.083117	35.938
19.73	19.73	0.083133	36.041
19.73	19.73	0.083150	36.138
19.73	19.73	0.083167	36.238
19.73	19.73	0.083183	36.339
19.75	19.73	0.083200	36.438
19.75	19.73	0.083217	36.539
19.75	19.73	0.083233	36.638
19.75	19.73	0.083250	36.739
19.75	19.73	0.083267	36.838
19.75	19.73	0.083283	36.938
19.75	19.73	0.083300	37.038
19.75	19.73	0.083317	37.138
19.75	19.73	0.083333	37.238
19.75	19.73	0.083350	37.338
19.75	19.73	0.083367	37.439
19.75	19.73	0.083383	37.538
19.75	19.73	0.083400	37.638
19.75	19.74	0.083417	37.738
19.75	19.74	0.083433	37.839
19.75	19.75	0.083450	37.939
19.75	19.75	0.083467	38.039
19.75	19.75	0.083483	38.139
19.75	19.75	0.083500	38.239
19.75	19.75	0.083517	38.340
19.75	19.75	0.083533	38.439
19.75	19.75	0.083550	38.539
19.75	19.75	0.083567	38.639
19.75	19.75	0.083583	38.739
19.75	19.75	0.083600	38.839
19.75	19.76	0.083617	38.939
19.75	19.76	0.083633	39.040
19.75	19.76	0.083650	39.139
19.75	19.76	0.083667	39.240
19.75	19.76	0.083683	39.339
19.75	19.76	0.083700	39.439
19.75	19.76	0.083717	39.539
19.75	19.76	0.083733	39.639
19.75	19.76	0.083750	39.739
19.75	19.76	0.083766	39.839
19.75	19.77	0.083783	39.940
19.75	19.77	0.083800	40.039
19.75	19.78	0.083816	40.139
19.75	19.78	0.083833	40.239
19.75	19.78	0.083850	40.339
19.75	19.78	0.083866	40.439
19.75	19.78	0.083883	40.539
19.78	19.78	0.083900	40.639
19.78	19.78	0.083916	40.741
19.78	19.78	0.083933	40.840
19.78	19.78	0.083950	40.940
19.78	19.78	0.083966	41.040
19.78	19.79	0.083983	41.140
19.78	19.79	0.084000	41.240
19.78	19.80	0.084016	41.340
19.80	19.80	0.084033	41.464
19.80	19.80	0.084050	41.569
19.80	19.80	0.084066	41.664
19.80	19.80	0.084083	41.763
19.80	19.80	0.084100	41.868
19.80	19.80	0.084116	41.962
19.80	19.80	0.084133	42.062
19.80	19.80	0.084150	42.166
19.80	19.80	0.084166	42.261
19.83	19.81	0.084183	42.360
19.83	19.82	0.084200	42.465
19.83	19.82	0.084216	42.560
19.83	19.82	0.084233	42.659
19.83	19.82	0.084250	42.764
19.83	19.82	0.084266	42.858
19.83	19.82	0.084283	42.958
19.83	19.82	0.084300	43.062
19.83	19.82	0.084316	43.157
19.83	19.82	0.084333	43.256
19.83	19.82	0.084350	43.361
19.83	19.83	0.084366	43.457
19.83	19.84	0.084383	43.556
19.83	19.84	0.084400	43.661
19.83	19.84	0.084416	43.755
19.83	19.84	0.084433	43.857
19.83	19.84	0.084450	43.959
19.83	19.84	0.084466	44.054
19.83	19.84	0.084483	44.157
19.83	19.84	0.084500	44.258
19.83	19.84	0.084516	44.353
19.83	19.84	0.084533	44.456
19.83	19.85	0.084550	44.557
19.86	19.86	0.084566	44.652
19.86	19.87	0.084583	44.756
19.86	19.87	0.084599	44.855
19.86	19.87	0.084616	44.950
19.86	19.87	0.084633	45.054
19.86	19.87	0.084649	45.154
19.86	19.87	0.084666	45.249
19.86	19.87	0.084683	45.353
19.86	19.87	0.084699	45.453
19.86	19.87	0.084716	45.548
19.86	19.87	0.084733	45.652
19.88	19.89	0.084749	45.752
19.88	19.89	0.084766	45.846
19.88	19.90	0.084783	45.951
19.88	19.90	0.084799	46.046
19.88	19.90	0.084816	46.145
19.88	19.90	0.084833	46.250
19.88	19.90	0.084849	46.345
19.88	19.90	0.084866	46.444
19.88	19.90	0.084883	46.549
19.91	19.90	0.084899	46.643
19.91	19.90	0.084916	46.743
19.91	19.91	0.084933	46.848
19.91	19.91	0.084949	46.942
19.91	19.92	0.084966	47.042
19.91	19.93	0.084983	47.146
19.91	19.93	0.084999	47.241
19.91	19.93	0.085016	47.341
19.93	19.93	0.085033	47.445
19.93	19.93	0.085049	47.541
19.93	19.93	0.085066	47.641
19.93	19.93	0.085083	47.744
19.93	19.93	0.085099	47.841
19.93	19.93	0.085116	47.941
19.93	19.93	0.085133	48.042
19.93	19.95	0.085149	48.141
19.93	19.96	0.085166	48.241
19.93	19.96	0.085183	48.341
19.96	19.96	0.085199	48.442
19.96	19.96	0.085216	48.541
19.96	19.96	0.085233	48.642
19.96	19.96	0.085249	48.741
19.96	19.96	0.085266	48.841
19.96	19.96	0.085283	48.941
19.96	19.96	0.085299	49.041
19.99	19.96	0.085316	49.141
19.99	19.97	0.085333	49.241
19.99	19.99	0.085349	49.342
19.99	20.00	0.085366	49.441
19.99	20.00	0.085383	49.541
19.99	20.00	0.085399	49.641
19.99	20.00	0.085416	49.741
19.99	20.00	0.085432	49.841
19.99	20.00	0.085449	49.941
19.99	20.00	0.085466	50.041
20.01	20.00	0.085482	50.141
20.01	20.00	0.085499	50.242
20.01	20.00	0.085516	50.341
20.01	20.02	0.085532	50.441
20.01	20.03	0.085549	50.541
20.01	20.04	0.085566	50.641
20.01	20.04	0.085582	50.741
20.01	20.04	0.085599	50.841
20.01	20.04	0.085616	50.942
20.01	20.04	0.085632	51.041
20.04	20.04	0.085649	51.142
20.04	20.04	0.085666	51.241
20.04	20.04	0.085682	51.341
20.04	20.04	0.085699	51.441
20.04	20.04	0.085716	51.541
20.06	20.04	0.085732	51.641
20.06	20.04	0.085749	51.741
20.06	20.04	0.085766	51.842
20.06	20.04	0.085782	51.941
20.06	20.04	0.085799	52.041
20.06	20.04	0.085816	52.141
20.06	20.04	0.085832	52.241
20.06	20.04	0.085849	52.341
20.06	20.04	0.085866	52.441
20.06	20.04	0.085882	52.542
20.06	20.04	0.085899	52.641
20.06	20.04	0.085916	52.742
20.06	20.04	0.085932	52.841
20.06	20.04	0.085949	52.941
20.06	20.04	0.085966	53.041
20.06	20.06	0.085982	53.141
20.06	20.07	0.085999	53.241
20.06	20.08	0.086016	53.341
20.06	20.08	0.086032	53.442
20.06	20.08	0.086049	53.541
20.06	20.08	0.086066	53.641
20.06	20.08	0.086082	53.765
20.06	20.08	0.086099	53.870
20.06	20.08	0.086116	53.964
20.06	20.08	0.086132	54.063
20.06	20.08	0.086149	54.168
20.09	20.08	0.086166	54.263
20.09	20.10	0.086182	54.362
20.09	20.11	0.086199	54.468
20.09	20.11	0.086216	54.561
20.09	20.11	0.086232	54.661
20.09	20.11	0.086249	54.766
20.09	20.11	0.086265	54.861
20.09	20.11	0.086282	54.960
20.09	20.11	0.086299	55.065
20.12	20.11	0.086315	55.160
20.12	20.11	0.086332	55.259
20.12	20.11	0.086349	55.364
20.12	20.11	0.086365	55.458
20.12	20.13	0.086382	55.558
20.12	20.14	0.086399	55.662
20.12	20.14	0.086415	55.757
20.14	20.14	0.086432	55.856
20.14	20.14	0.086449	55.961
20.14	20.14	0.086465	56.056
20.14	20.14	0.086482	56.155
20.14	20.14	0.086499	56.260
20.14	20.14	0.086515	56.354
20.14	20.14	0.086532	56.454
20.14	20.14	0.086549	56.558
20.14	20.15	0.086565	56.653
20.17	20.16	0.086582	56.754
20.17	20.17	0.086599	56.857
20.17	20.17	0.086615	56.952
20.17	20.17	0.086632	57.053
20.17	20.17	0.086649	57.156
20.17	20.17	0.086665	57.250
20.17	20.17	0.086682	57.353
20.17	20.17	0.086699	57.455
20.17	20.17	0.086715	57.549
20.17	20.17	0.086732	57.653
20.17	20.17	0.086749	57.754
20.17	20.19	0.086765	57.849
20.17	20.19	0.086782	57.953
20.19	20.20	0.086799	58.053
20.19	20.20	0.086815	58.147
20.19	20.20	0.086832	58.252
20.19	20.20	0.086849	58.351
20.19	20.20	0.086865	58.446
20.19	20.20	0.086882	58.551
20.19	20.20	0.086899	58.650
20.19	20.20	0.086915	58.745
20.19	20.20	0.086932	58.849
20.22	20.21	0.086949	58.949
20.22	20.21	0.086965	59.043
20.22	20.22	0.086982	59.148
20.22	20.22	0.086999	59.249
20.22	20.22	0.087015	59.343
20.22	20.22	0.087032	59.447
20.22	20.22	0.087049	59.543
20.22	20.22	0.087065	59.643
20.22	20.22	0.087082	59.746
20.22	20.22	0.087098	59.848
20.22	20.22	0.087115	59.943
20.22	20.22	0.087132	00.045
20.25	20.23	0.087148	00.143
20.25	20.24	0.087165	00.243
20.25	20.24	0.087182	00.343
20.25	20.24	0.087198	00.443
20.25	20.24	0.087215	00.543
20.25	20.24	0.087232	00.643
20.25	20.24	0.087248	00.748
20.25	20.24	0.087265	00.843
20.25	20.24	0.087282	00.944
20.25	20.24	0.087298	01.048
20.25	20.25	0.087315	01.143
20.25	20.25	0.087332	01.243
20.25	20.26	0.087348	01.343
20.25	20.26	0.087365	01.443
20.25	20.26	0.087382	01.543
20.25	20.26	0.087398	01.648
20.25	20.26	0.087415	01.743
20.25	20.26	0.087432	01.843
20.25	20.26	0.087448	01.947
20.25	20.26	0.087465	02.043
20.25	20.26	0.087482	02.143
20.27	20.26	0.087498	02.247
20.27	20.28	0.087515	02.343
20.27	20.28	0.087532	02.444
20.27	20.28	0.087548	02.547
20.27	20.28	0.087565	02.643
20.27	20.28	0.087582	02.743
20.27	20.28	0.087598	02.848
20.27	20.28	0.087615	02.943
20.27	20.28	0.087632	03.043
20.27	20.28	0.087648	03.147
20.27	20.28	0.087665	03.243
20.30	20.28	0.087682	03.344
20.30	20.30	0.087698	03.447
20.30	20.30	0.087715	03.543
20.30	20.31	0.087732	03.643
20.30	20.31	0.087748	03.747
20.30	20.31	0.087765	03.843
20.30	20.31	0.087782	03.943
20.30	20.31	0.087798	04.048
20.30	20.31	0.087815	04.144
20.30	20.31	0.087832	04.243
20.30	20.31	0.087848	04.347
20.32	20.31	0.087865	04.443
20.32	20.31	0.087882	04.543
20.32	20.33	0.087898	04.647
20.32	20.34	0.087915	04.743
20.32	20.34	0.087931	04.844
20.32	20.34	0.087948	04.947
20.32	20.34	0.087965	05.044
20.32	20.34	0.087981	05.143
20.32	20.34	0.087998	05.247
20.32	20.34	0.088015	05.343
20.32	20.34	0.088031	05.443
20.35	20.34	0.088048	05.546
20.35	20.34	0.088065	05.642
20.35	20.36	0.088081	05.766
20.35	20.36	0.088098	05.847
20.35	20.37	0.088115	05.970
20.35	20.38	0.088131	06.065
20.35	20.38	0.088148	06.170
20.35	20.38	0.088165	06.270
20.38	20.38	0.088181	06.365
20.38	20.38	0.088198	06.469
20.38	20.38	0.088215	06.569
20.38	20.38	0.088231	06.663
20.38	20.38	0.088248	06.768
20.38	20.38	0.088265	06.867
20.38	20.38	0.088281	06.962
20.38	20.38	0.088298	07.067
20.40	20.38	0.088315	07.166
20.40	20.38	0.088331	07.261
20.40	20.38	0.088348	07.365
20.40	20.38	0.088365	07.460
20.40	20.38	0.088381	07.559
20.40	20.38	0.088398	07.664
20.40	20.38	0.088415	07.759
20.40	20.38	0.088431	07.858
20.40	20.38	0.088448	07.963
20.40	20.38	0.088465	08.057
20.40	20.38	0.088481	08.157
20.40	20.38	0.088498	08.261
20.40	20.38	0.088515	08.356
20.40	20.38	0.088531	08.456
20.40	20.40	0.088548	08.560
20.40	20.41	0.088565	08.655
20.40	20.41	0.088581	08.754
20.40	20.41	0.088598	08.860
20.40	20.41	0.088615	08.953
20.40	20.41	0.088631	09.054
20.40	20.41	0.088648	09.158
20.40	20.41	0.088665	09.253
20.40	20.41	0.088681	09.353
20.40	20.41	0.088698	09.457
20.40	20.41	0.088715	09.552
20.40	20.41	0.088731	09.651
20.40	20.42	0.088748	09.756
20.40	20.43	0.088764	09.850
20.43	20.43	0.088781	09.950
20.43	20.43	0.088798	10.055
20.43	20.43	0.088814	10.149
20.43	20.44	0.088831	10.250
20.43	20.44	0.088848	10.353
20.43	20.44	0.088864	10.447
20.43	20.44	0.088881	10.550
20.43	20.44	0.088898	10.652
20.43	20.44	0.088914	10.747
20.43	20.44	0.088931	10.850
20.43	20.44	0.088948	10.951
20.45	20.44	0.088964	11.045
20.45	20.45	0.088981	11.150
20.45	20.45	0.088998	11.250
20.45	20.45	0.089014	11.344
20.45	20.45	0.089031	11.449
20.45	20.45	0.089048	11.549
20.45	20.45	0.089064	11.644
20.45	20.45	0.089081	11.748
20.45	20.45	0.089098	11.847
20.45	20.45	0.089114	11.944
20.45	20.45	0.089131	12.046
20.45	20.45	0.089148	12.146
20.45	20.45	0.089164	12.244
20.48	20.45	0.089181	12.345
20.48	20.45	0.089198	12.445
20.48	20.45	0.089214	12.544
20.48	20.45	0.089231	12.644
20.48	20.45	0.089248	12.745
20.48	20.45	0.089264	12.844
20.48	20.45	0.089281	12.944
20.48	20.45	0.089298	13.045
20.48	20.45	0.089314	13.145
20.48	20.46	0.089331	13.244
20.45	20.46	0.089348	13.345
20.45	20.46	0.089364	13.444
20.45	20.46	0.089381	13.544
20.45	20.46	0.089398	13.645
20.45	20.46	0.089414	13.744
20.45	20.46	0.089431	13.844
20.45	20.46	0.089448	13.945
20.45	20.46	0.089464	14.045
20.45	20.46	0.089481	14.144
20.45	20.46	0.089498	14.245
20.45	20.46	0.089514	14.344
20.45	20.47	0.089531	14.444
20.45	20.47	0.089548	14.544
20.45	20.47	0.089564	14.644
20.45	20.47	0.089581	14.744
20.45	20.47	0.089597	14.844
20.45	20.47	0.089614	14.945
20.45	20.47	0.089631	15.044
20.48	20.47	0.089647	15.145
20.48	20.47	0.089664	15.244
20.48	20.47	0.089681	15.344
20.48	20.48	0.089697	15.444
20.48	20.48	0.089714	15.544
20.48	20.48	0.089731	15.645
20.48	20.48	0.089747	15.744
20.48	20.48	0.089764	15.845
20.48	20.48	0.089781	15.944
20.48	20.48	0.089797	16.044
20.48	20.48	0.089814	16.144
20.48	20.48	0.089831	16.244
20.48	20.48	0.089847	16.344
20.48	20.48	0.089864	16.444
20.48	20.49	0.089881	16.545
20.48	20.49	0.089897	16.644
20.48	20.49	0.089914	16.743
20.50	20.50	0.089931	16.844
20.50	20.50	0.089947	16.944
20.50	20.50	0.089964	17.044
20.50	20.50	0.089981	17.144
20.50	20.50	0.089997	17.244
20.50	20.50	0.090014	17.345
20.50	20.50	0.090031	17.444
20.50	20.50	0.090047	17.544
20.50	20.50	0.090064	17.644
20.50	20.51	0.090081	17.744
20.50	20.51	0.090097	17.843
20.50	20.51	0.090114	17.973
20.50	20.51	0.090131	18.067
20.50	20.51	0.090147	18.144
20.50	20.51	0.090164	18.271
20.50	20.51	0.090181	18.366
20.53	20.51	0.090197	18.468
20.53	20.51	0.090214	18.571
20.53	20.52	0.090231	18.665
20.53	20.52	0.090247	18.768
20.53	20.53	0.090264	18.869
20.53	20.53	0.090281	18.964
20.53	20.53	0.090297	19.068
20.53	20.53	0.090314	19.168
20.53	20.53	0.090331	19.263
20.53	20.53	0.090347	19.367
20.53	20.53	0.090364	19.467
20.53	20.53	0.090381	19.561
20.53	20.53	0.090397	19.666
20.53	20.53	0.090414	19.765
20.53	20.54	0.090430	19.860
20.53	20.55	0.090447	19.965
20.53	20.55	0.090464	20.064
20.53	20.55	0.090480	20.159
20.56	20.55	0.090497	20.263
20.56	20.55	0.090514	20.363
20.56	20.55	0.090530	20.457
20.56	20.55	0.090547	20.563
20.56	20.55	0.090564	20.657
20.56	20.55	0.090580	20.757
20.56	20.55	0.090597	20.861
20.56	20.57	0.090614	20.956
20.56	20.57	0.090630	21.055
20.56	20.58	0.090647	21.160
20.56	20.58	0.090664	21.254
20.56	20.58	0.090680	21.354
20.56	20.58	0.090697	21.459
20.56	20.58	0.090714	21.553
20.56	20.58	0.090730	21.653
20.56	20.58	0.090747	21.757
20.56	20.58	0.090764	21.852
20.58	20.58	0.090780	21.951
20.58	20.58	0.090797	22.056
20.58	20.58	0.090814	22.150
20.58	20.58	0.090830	22.250
20.58	20.58	0.090847	22.356
20.58	20.58	0.090864	22.449
20.58	20.58	0.090880	22.549
20.58	20.58	0.090897	22.654
20.58	20.58	0.090914	22.749
20.58	20.58	0.090930	22.848
20.58	20.58	0.090947	22.953
20.61	20.58	0.090964	23.048
20.61	20.58	0.090980	23.147
20.61	20.58	0.090997	23.252
20.61	20.58	0.091014	23.347
20.61	20.58	0.091030	23.447
20.61	20.58	0.091047	23.550
20.61	20.60	0.091064	23.647
20.61	20.60	0.091080	23.747
20.61	20.61	0.091097	23.849
20.61	20.61	0.091114	23.948
20.61	20.61	0.091130	24.047
20.61	20.61	0.091147	24.148
20.61	20.61	0.091164	24.247
20.61	20.61	0.091180	24.347
20.61	20.61	0.091197	24.447
20.61	20.61	0.091214	24.547
20.61	20.61	0.091230	24.647
20.61	20.61	0.091247	24.748
20.61	20.62	0.091263	24.847
20.61	20.62	0.091280	24.947
20.61	20.62	0.091297	25.047
20.61	20.62	0.091313	25.147
20.61	20.62	0.091330	25.247
20.61	20.62	0.091347	25.347
20.61	20.62	0.091363	25.448
20.61	20.62	0.091380	25.547
20.61	20.62	0.091397	25.647
20.61	20.62	0.091413	25.747
20.61	20.62	0.091430	25.847
20.61	20.63	0.091447	25.947
20.61	20.63	0.091463	26.047
20.61	20.63	0.091480	26.147
20.61	20.64	0.091497	26.247
20.61	20.64	0.091513	26.348
20.61	20.64	0.091530	26.447
20.61	20.64	0.091547	26.547
20.63	20.64	0.091563	26.647
20.63	20.64	0.091580	26.748
20.63	20.64	0.091597	26.848
20.63	20.64	0.091613	26.948
20.63	20.64	0.091630	27.048
20.63	20.64	0.091647	27.148
20.63	20.64	0.091663	27.249
20.63	20.64	0.091680	27.348
20.63	20.64	0.091697	27.448
20.66	20.64	0.091713	27.548
20.66	20.64	0.091730	27.648
20.66	20.64	0.091747	27.748
20.66	20.64	0.091763	27.848
20.66	20.64	0.091780	27.949
20.66	20.64	0.091797	28.048
20.66	20.64	0.091813	28.149
20.66	20.65	0.091830	28.248
20.66	20.65	0.091847	28.348
20.66	20.65	0.091863	28.448
20.66	20.65	0.091880	28.548
20.66	20.65	0.091897	28.648
20.66	20.65	0.091913	28.748
20.66	20.65	0.091930	28.849
20.66	20.65	0.091947	28.948
20.66	20.65	0.091963	29.048
20.66	20.65	0.091980	29.148
20.66	20.65	0.091997	29.248
20.66	20.66	0.092013	29.377
20.66	20.66	0.092030	29.472
20.66	20.66	0.092047	29.571
20.66	20.66	0.092063	29.676
20.66	20.66	0.092080	29.770
20.66	20.66	0.092096	29.870
20.66	20.66	0.092113	29.975
20.66	20.66	0.092130	30.069
20.66	20.66	0.092146	30.169
20.66	20.66	0.092163	30.274
20.66	20.66	0.092180	30.368
20.66	20.66	0.092196	30.468
20.66	20.67	0.092213	30.572
20.66	20.67	0.092230	30.667
20.66	20.68	0.092246	30.766
20.66	20.68	0.092263	30.871
20.66	20.68	0.092280	30.965
20.66	20.68	0.092296	31.065
20.66	20.68	0.092313	31.169
20.68	20.68	0.092330	31.264
20.68	20.68	0.092346	31.366
20.68	20.68	0.092363	31.469
20.68	20.68	0.092380	31.564
20.68	20.68	0.092396	31.665
20.68	20.69	0.092413	31.768
20.68	20.69	0.092430	31.862
20.68	20.69	0.092446	31.965
20.68	20.69	0.092463	32.066
20.68	20.69	0.092480	32.161
20.68	20.69	0.092496	32.265
20.68	20.69	0.092513	32.365
20.68	20.69	0.092530	32.460
20.68	20.69	0.092546	32.564
20.68	20.69	0.092563	32.663
20.71	20.69	0.092580	32.759
20.71	20.70	0.092596	32.863
20.71	20.71	0.092613	32.963
20.71	20.71	0.092630	33.058
20.71	20.71	0.092646	33.162
20.71	20.71	0.092663	33.262
20.71	20.71	0.092680	33.356
20.71	20.71	0.092696	33.461
20.71	20.71	0.092713	33.560
20.71	20.71	0.092730	33.655
20.71	20.71	0.092746	33.760
20.71	20.71	0.092763	33.854
20.71	20.71	0.092780	33.954
20.71	20.72	0.092796	34.058
20.71	20.72	0.092813	34.153
20.71	20.73	0.092830	34.252
20.71	20.73	0.092846	34.357
20.71	20.73	0.092863	34.452
20.74	20.73	0.092880	34.551
20.74	20.73	0.092896	34.656
20.74	20.73	0.092913	34.750
20.74	20.73	0.092929	34.850
20.74	20.73	0.092946	34.954
20.74	20.73	0.092963	35.049
20.74	20.74	0.092979	35.149
20.74	20.74	0.092996	35.254
20.74	20.74	0.093013	35.349
20.74	20.74	0.093029	35.450
20.74	20.74	0.093046	35.552
20.74	20.74	0.093063	35.649
20.74	20.74	0.093079	35.749
20.74	20.74	0.093096	35.850
20.74	20.74	0.093113	35.949
20.74	20.74	0.093129	36.050
20.74	20.74	0.093146	36.150
20.74	20.75	0.093163	36.249
20.74	20.76	0.093179	36.349
20.74	20.76	0.093196	36.449
20.76	20.76	0.093213	36.549
20.76	20.76	0.093229	36.649
20.76	20.76	0.093246	36.749
20.76	20.76	0.093263	36.850
20.76	20.76	0.093279	36.950
20.76	20.76	0.093296	37.049
20.76	20.76	0.093313	37.149
20.76	20.76	0.093329	37.249
20.76	20.76	0.093346	37.349
20.76	20.76	0.093363	37.449
20.76	20.76	0.093379	37.550
20.76	20.76	0.093396	37.649
20.76	20.76	0.093413	37.750
20.76	20.76	0.093429	37.849
20.76	20.76	0.093446	37.949
20.76	20.76	0.093463	38.049
20.76	20.76	0.093479	38.149
20.79	20.76	0.093496	38.249
20.79	20.76	0.093513	38.349
20.79	20.76	0.093529	38.450
20.79	20.76	0.093546	38.549
20.79	20.77	0.093563	38.649
20.79	20.77	0.093579	38.749
20.79	20.77	0.093596	38.849
20.79	20.78	0.093613	38.949
20.79	20.78	0.093629	39.049
20.76	20.78	0.093646	39.150
20.76	20.78	0.093663	39.249
20.76	20.78	0.093679	39.350
20.76	20.78	0.093696	39.449
20.76	20.78	0.093713	39.549
20.76	20.78	0.093729	39.649
20.76	20.78	0.093746	39.749
20.76	20.78	0.093762	39.849
20.76	20.78	0.093779	39.950
20.76	20.78	0.093796	40.049
20.79	20.78	0.093812	40.150
20.79	20.78	0.093829	40.249
20.79	20.78	0.093846	40.349
20.79	20.78	0.093862	40.450
20.79	20.78	0.093879	40.550
20.79	20.78	0.093896	40.650
20.79	20.78	0.093912	40.750
20.79	20.78	0.093929	40.851
20.79	20.77	0.093946	40.950
20.79	20.77	0.093962	41.050
20.79	20.77	0.093979	41.150
20.79	20.77	0.093996	41.250
20.79	20.77	0.094012	41.379
20.79	20.77	0.094029	41.479
20.79	20.77	0.094046	41.573
20.79	20.77	0.094062	41.678
20.79	20.77	0.094079	41.773
20.79	20.77	0.094096	41.872
20.79	20.77	0.094112	41.977
20.79	20.77	0.094129	42.071
20.79	20.76	0.094146	42.171
20.79	20.76	0.094162	42.275
20.76	20.76	0.094179	42.370
20.76	20.76	0.094196	42.469
20.76	20.76	0.094212	42.574
20.76	20.76	0.094229	42.669
20.76	20.76	0.094246	42.768
20.76	20.76	0.094262	42.873
20.76	20.76	0.094279	42.967
20.76	20.76	0.094296	43.067
20.76	20.76	0.094312	43.171
20.76	20.76	0.094329	43.266
20.76	20.76	0.094346	43.366
20.76	20.76	0.094362	43.470
20.76	20.76	0.094379	43.565
20.76	20.76	0.094396	43.664
20.76	20.76	0.094412	43.769
20.76	20.76	0.094429	43.864
20.76	20.76	0.094446	43.963
20.74	20.76	0.094462	44.068
20.74	20.76	0.094479	44.163
20.74	20.76	0.094496	44.262
20.74	20.76	0.094512	44.367
20.74	20.77	0.094529	44.461
20.74	20.77	0.094546	44.562
20.74	20.77	0.094562	44.665
20.74	20.77	0.094579	44.760
20.74	20.77	0.094595	44.862
20.74	20.77	0.094612	44.964
20.76	20.77	0.094629	45.059
20.76	20.77	0.094645	45.162
20.76	20.77	0.094662	45.263
20.76	20.77	0.094679	45.358
20.76	20.77	0.094695	45.462
20.76	20.78	0.094712	45.562
20.76	20.78	0.094729	45.657
20.76	20.78	0.094745	45.761
20.76	20.78	0.094762	45.861
20.76	20.78	0.094779	45.955
20.79	20.78	0.094795	46.060
20.79	20.78	0.094812	46.159
20.79	20.78	0.094829	46.254
20.79	20.78	0.094845	46.359
20.79	20.78	0.094862	46.458
20.79	20.79	0.094879	46.553
20.79	20.79	0.094895	46.658
20.79	20.80	0.094912	46.757
20.79	20.80	0.094929	46.852
20.79	20.80	0.094945	46.956
20.79	20.80	0.094962	47.051
20.79	20.80	0.094979	47.151
20.79	20.80	0.094995	47.255
20.79	20.80	0.095012	47.352
20.79	20.80	0.095029	47.451
20.79	20.80	0.095045	47.554
20.79	20.81	0.095062	47.651
20.81	20.81	0.095079	47.751
20.81	20.82	0.095095	47.852
20.81	20.82	0.095112	47.951
20.81	20.82	0.095129	48.051
20.81	20.82	0.095145	48.151
20.81	20.82	0.095162	48.252
20.81	20.82	0.095179	48.351
20.81	20.82	0.095195	48.452
20.81	20.82	0.095212	48.551
20.81	20.82	0.095229	48.651
20.81	20.83	0.095245	48.751
20.81	20.84	0.095262	48.851
20.84	20.84	0.095279	48.951
20.84	20.84	0.095295	49.051
20.84	20.84	0.095312	49.152
20.84	20.84	0.095329	49.251
20.84	20.84	0.095345	49.351
20.84	20.84	0.095362	49.451
20.84	20.84	0.095379	49.551
20.84	20.84	0.095395	49.651
20.84	20.84	0.095412	49.751
20.84	20.85	0.095428	49.852
20.84	20.86	0.095445	49.951
20.84	20.86	0.095462	50.052
20.86	20.86	0.095478	50.151
20.86	20.86	0.095495	50.251
20.86	20.86	0.095512	50.351
20.86	20.86	0.095528	50.451
20.86	20.86	0.095545	50.551
20.86	20.86	0.095562	50.651
20.86	20.86	0.095578	50.752
20.86	20.86	0.095595	50.852
20.86	20.86	0.095612	50.951
20.86	20.88	0.095628	51.051
20.86	20.88	0.095645	51.151
20.86	20.88	0.095662	51.251
20.89	20.88	0.095678	51.351
20.89	20.88	0.095695	51.451
20.89	20.88	0.095712	51.557
20.89	20.88	0.095728	51.651
20.89	20.88	0.095745	51.752
20.89	20.88	0.095762	51.851
20.89	20.88	0.095778	51.951
20.89	20.88	0.095795	52.051
20.89	20.88	0.095812	52.151
20.89	20.88	0.095828	52.251
20.89	20.88	0.095845	52.351
20.92	20.88	0.095862	52.456
20.92	20.88	0.095878	52.551
20.92	20.88	0.095895	52.651
20.92	20.88	0.095912	52.755
20.92	20.88	0.095928	52.851
20.92	20.88	0.095945	52.951
20.92	20.88	0.095962	53.051
20.92	20.88	0.095978	53.151
20.89	20.88	0.095995	53.251
20.89	20.88	0.096012	53.356
20.89	20.88	0.096028	53.450
20.89	20.88	0.096045	53.550
20.89	20.88	0.096062	53.679
20.89	20.89	0.096078	53.779
20.89	20.89	0.096095	53.873
20.89	20.89	0.096112	53.978
20.89	20.89	0.096128	54.078
20.89	20.89	0.096145	54.172
20.89	20.89	0.096162	54.278
20.86	20.89	0.096178	54.377
20.86	20.89	0.096195	54.472
20.86	20.89	0.096212	54.576
20.86	20.89	0.096228	54.676
20.86	20.89	0.096245	54.770
20.86	20.89	0.096261	54.875
20.86	20.89	0.096278	54.970
20.86	20.89	0.096295	55.069
20.86	20.89	0.096311	55.174
20.89	20.89	0.096328	55.268
20.89	20.89	0.096345	55.368
20.89	20.89	0.096361	55.472
20.89	20.89	0.096378	55.567
20.89	20.89	0.096395	55.666
20.89	20.89	0.096411	55.771
20.89	20.89	0.096428	55.866
20.89	20.89	0.096445	55.965
20.89	20.89	0.096461	56.070
20.89	20.89	0.096478	56.164
20.89	20.89	0.096495	56.264
20.89	20.89	0.096511	56.368
20.92	20.89	0.096528	56.463
20.92	20.89	0.096545	56.563
20.92	20.89	0.096561	56.667
20.92	20.89	0.096578	56.763
20.92	20.89	0.096595	56.862
20.92	20.89	0.096611	56.967
20.92	20.89	0.096628	57.061
20.92	20.88	0.096645	57.161
20.89	20.88	0.096661	57.265
20.89	20.88	0.096678	57.360
20.89	20.88	0.096695	57.460
20.89	20.88	0.096711	57.564
20.89	20.88	0.096728	57.659
20.89	20.88	0.096745	57.759
20.89	20.88	0.096761	57.863
20.89	20.88	0.096778	57.957
20.89	20.88	0.096795	58.059
20.89	20.88	0.096811	58.162
20.89	20.88	0.096828	58.256
20.86	20.88	0.096845	58.359
20.86	20.88	0.096861	58.460
20.86	20.88	0.096878	58.555
20.86	20.88	0.096895	58.659
20.86	20.88	0.096911	58.759
20.86	20.88	0.096928	58.853
20.86	20.88	0.096945	58.958
20.86	20.88	0.096961	59.058
20.86	20.88	0.096978	59.152
20.86	20.88	0.096995	59.257
20.86	20.88	0.097011	59.356
20.89	20.87	0.097028	59.452
20.89	20.87	0.097045	59.555
20.89	20.87	0.097061	59.656
20.89	20.87	0.097078	59.753
20.89	20.87	0.097094	59.855
20.89	20.87	0.097111	59.954
20.89	20.87	0.097128	00.052
20.89	20.87	0.097144	00.153
20.89	20.87	0.097161	00.254
20.89	20.87	0.097178	00.352
20.89	20.87	0.097194	00.452
20.89	20.87	0.097211	00.554
20.89	20.87	0.097228	00.652
20.89	20.87	0.097244	00.753
20.86	20.87	0.097261	00.854
20.86	20.87	0.097278	00.953
20.86	20.87	0.097294	01.053
20.86	20.87	0.097311	01.154
20.86	20.87	0.097328	01.253
20.86	20.87	0.097344	01.353
20.86	20.87	0.097361	01.454
20.86	20.87	0.097378	01.553
20.86	20.87	0.097394	01.654
20.86	20.87	0.097411	01.754
20.86	20.87	0.097428	01.853
20.86	20.87	0.097444	01.953
20.86	20.87	0.097461	02.054
20.86	20.87	0.097478	02.153
20.86	20.87	0.097494	02.253
20.86	20.87	0.097511	02.354
20.86	20.87	0.097528	02.453
20.86	20.87	0.097544	02.553
20.86	20.87	0.097561	02.653
20.86	20.87	0.097578	02.754
20.86	20.87	0.097594	02.854
20.86	20.87	0.097611	02.954
20.86	20.87	0.097628	03.054
20.86	20.87	0.097644	03.154
20.86	20.87	0.097661	03.255
20.86	20.87	0.097678	03.354
20.86	20.87	0.097694	03.454
20.86	20.87	0.097711	03.554
20.86	20.87	0.097728	03.654
20.86	20.87	0.097744	03.754
20.86	20.87	0.097761	03.854
20.86	20.88	0.097778	03.955
20.86	20.88	0.097794	04.054
20.89	20.88	0.097811	04.155
20.89	20.88	0.097828	04.254
20.89	20.88	0.097844	04.354
20.89	20.88	0.097861	04.454
20.89	20.88	0.097878	04.554
20.89	20.88	0.097894	04.654
20.89	20.88	0.097911	04.754
20.89	20.88	0.097927	04.855
20.89	20.88	0.097944	04.954
20.89	20.88	0.097961	05.079
20.89	20.88	0.097977	05.183
20.89	20.88	0.097994	05.278
20.89	20.88	0.098011	05.377
20.89	20.88	0.098027	05.482
20.89	20.88	0.098044	05.576
20.89	20.88	0.098061	05.678
20.89	20.88	0.098077	05.781
20.86	20.88	0.098094	05.875
20.86	20.89	0.098111	05.978
20.86	20.89	0.098127	06.080
20.86	20.89	0.098144	06.174
20.86	20.90	0.098161	06.278
20.86	20.90	0.098177	06.378
20.86	20.90	0.098194	06.473
20.86	20.90	0.098211	06.578
20.86	20.90	0.098227	06.677
20.89	20.90	0.098244	06.772
20.89	20.90	0.098261	06.876
20.89	20.90	0.098277	06.976
20.89	20.90	0.098294	07.070
20.89	20.90	0.098311	07.175
20.89	20.90	0.098327	07.274
20.89	20.90	0.098344	07.369
20.89	20.90	0.098361	07.474
20.92	20.90	0.098377	07.574
20.92	20.90	0.098394	07.669
20.92	20.90	0.098411	07.773
20.92	20.90	0.098427	07.873
20.92	20.90	0.098444	07.967
20.92	20.90	0.098461	08.072
20.92	20.90	0.098477	08.167
20.92	20.90	0.098494	08.266
20.92	20.90	0.098511	08.371
20.92	20.90	0.098527	08.465
20.92	20.90	0.098544	08.565
20.92	20.91	0.098561	08.669
20.92	20.91	0.098577	08.764
20.92	20.91	0.098594	08.863
20.92	20.91	0.098611	08.969
20.92	20.91	0.098627	09.063
20.92	20.91	0.098644	09.163
20.92	20.91	0.098661	09.267
20.92	20.91	0.098677	09.362
20.92	20.91	0.098694	09.461
20.92	20.91	0.098711	09.566
20.92	20.91	0.098727	09.660
20.92	20.92	0.098744	09.760
20.92	20.92	0.098760	09.865
20.92	20.92	0.098777	09.959
20.92	20.92	0.098794	10.059
20.92	20.92	0.098810	10.163
20.92	20.92	0.098827	10.258
20.92	20.92	0.098844	10.357
20.92	20.92	0.098860	10.462
20.92	20.92	0.098877	10.557
20.92	20.92	0.098894	10.656
20.92	20.92	0.098910	10.761
20.92	20.93	0.098927	10.856
20.92	20.94	0.098944	10.956
20.92	20.94	0.098960	11.059
20.92	20.94	0.098977	11.157
20.92	20.94	0.098994	11.257
20.92	20.94	0.099010	11.358
20.92	20.94	0.099027	11.459
20.92	20.94	0.099044	11.558
20.92	20.94	0.099060	11.658
20.92	20.94	0.099077	11.758
20.92	20.94	0.099094	11.858
20.92	20.94	0.099110	11.958
20.92	20.95	0.099127	12.058
20.92	20.95	0.099144	12.159
20.92	20.96	0.099160	12.258
20.94	20.96	0.099177	12.359
20.94	20.96	0.099194	12.458
20.94	20.96	0.099210	12.558
20.94	20.96	0.099227	12.658
20.94	20.96	0.099244	12.758
20.94	20.96	0.099260	12.858
20.94	20.96	0.099277	12.958
20.94	20.96	0.099294	13.059
20.97	20.96	0.099310	13.158
20.97	20.96	0.099327	13.259
20.97	20.97	0.099344	13.358
20.97	20.97	0.099360	13.458
20.97	20.97	0.099377	13.558
20.97	20.97	0.099394	13.658
20.97	20.97	0.099410	13.758
20.99	20.97	0.099427	13.858
20.99	20.97	0.099444	13.959
20.99	20.97	0.099460	14.058
20.99	20.97	0.099477	14.158
20.99	20.97	0.099494	14.258
20.99	20.97	0.099510	14.358
20.99	20.98	0.099527	14.458
20.99	20.98	0.099544	14.558
20.99	20.99	0.099560	14.659
20.99	20.99	0.099577	14.758
20.99	20.99	0.099593	14.859
20.99	20.99	0.099610	14.958
20.99	20.99	0.099627	15.058
20.99	20.99	0.099643	15.158
20.99	20.99	0.099660	15.258
20.99	20.99	0.099677	15.358
20.99	20.99	0.099693	15.457
20.99	20.99	0.099710	15.559
20.99	21.00	0.099727	15.658
20.99	21.00	0.099743	15.758
20.99	21.00	0.099760	15.858
20.99	21.00	0.099777	15.958
20.99	21.00	0.099793	16.058
20.99	21.00	0.099810	16.158
20.99	21.00	0.099827	16.259
21.02	21.00	0.099843	16.358
21.02	21.00	0.099860	16.459
21.02	21.00	0.099877	16.588
21.02	21.01	0.099893	16.658
21.02	21.02	0.099910	16.782
21.02	21.02	0.099927	16.887
21.02	21.02	0.099943	16.981
21.02	21.02	0.099960	17.081
21.02	21.02	0.099977	17.185
21.02	21.02	0.099993	17.280
21.02	21.02	0.100010	17.380
21.02	21.02	0.100027	17.484
21.02	21.02	0.100043	17.579
21.02	21.02	0.100060	17.678
21.02	21.02	0.100077	17.783
21.02	21.03	0.100093	17.877
21.02	21.04	0.100110	17.977
21.02	21.04	0.100127	18.082
21.02	21.04	0.100143	18.176
21.02	21.04	0.100160	18.276
21.02	21.04	0.100177	18.380
21.02	21.04	0.100193	18.475
21.02	21.04	0.100210	18.574
21.02	21.04	0.100227	18.679
21.02	21.04	0.100243	18.774
21.02	21.04	0.100260	18.874
21.02	21.05	0.100277	18.978
21.04	21.05	0.100293	19.072
21.04	21.06	0.100310	19.175
21.04	21.06	0.100327	19.276
21.04	21.06	0.100343	19.371
21.04	21.06	0.100360	19.474
21.04	21.06	0.100377	19.575
21.04	21.06	0.100393	19.671
21.07	21.06	0.100410	19.774
21.07	21.06	0.100426	19.875
21.07	21.06	0.100443	19.969
21.07	21.06	0.100460	20.074
21.07	21.07	0.100476	20.173
21.07	21.07	0.100493	20.268
21.07	21.08	0.100510	20.372
21.07	21.08	0.100526	20.472
21.09	21.08	0.100543	20.567
21.09	21.08	0.100560	20.671
21.09	21.08	0.100576	20.771
21.09	21.08	0.100593	20.865
21.09	21.08	0.100610	20.970
21.09	21.08	0.100626	21.070
21.09	21.08	0.100643	21.164
21.09	21.09	0.100660	21.269
21.09	21.09	0.100676	21.363
21.09	21.10	0.100693	21.463
21.09	21.10	0.100710	21.567
21.09	21.10	0.100726	21.662
21.09	21.10	0.100743	21.761
21.09	21.10	0.100760	21.866
21.09	21.10	0.100776	21.961
21.09	21.10	0.100793	22.060
21.09	21.10	0.100810	22.165
21.12	21.10	0.100826	22.259
21.12	21.10	0.100843	22.360
21.12	21.10	0.100860	22.464
21.12	21.10	0.100876	22.559
21.12	21.10	0.100893	22.659
21.12	21.10	0.100910	22.763
21.12	21.10	0.100926	22.861
21.12	21.10	0.100943	22.960
21.12	21.10	0.100960	23.062
21.12	21.10	0.100976	23.160
21.12	21.10	0.100993	23.260
21.12	21.10	0.101010	23.360
21.12	21.10	0.101026	23.460
21.12	21.10	0.101043	23.561
21.12	21.10	0.101060	23.660
21.12	21.10	0.101076	23.761
21.09	21.11	0.101093	23.860
21.09	21.12	0.101110	23.960
21.09	21.12	0.101126	24.060
21.09	21.13	0.101143	24.160
21.09	21.13	0.101160	24.260
21.09	21.13	0.101176	24.360
21.09	21.13	0.101193	24.461
21.09	21.13	0.101210	24.560
21.12	21.13	0.101226	24.661
21.12	21.13	0.101243	24.760
21.12	21.13	0.101259	24.860
21.12	21.13	0.101276	24.960
21.12	21.13	0.101293	25.060
21.12	21.14	0.101309	25.160
21.12	21.15	0.101326	25.260
21.12	21.15	0.101343	25.361
21.15	21.15	0.101359	25.460
21.15	21.15	0.101376	25.560
21.15	21.15	0.101393	25.660
21.15	21.15	0.101409	25.760
21.15	21.15	0.101426	25.860
21.15	21.15	0.101443	25.960
21.15	21.15	0.101459	26.060
21.17	21.15	0.101476	26.161
21.17	21.15	0.101493	26.260
21.17	21.16	0.101509	26.360
21.17	21.16	0.101526	26.460
21.17	21.16	0.101543	26.560
21.17	21.16	0.101559	26.660
21.17	21.16	0.101576	26.760
21.17	21.16	0.101593	26.860
21.17	21.16	0.101609	26.960
21.17	21.16	0.101626	27.061
21.17	21.16	0.101643	27.160
21.17	21.16	0.101659	27.260
21.17	21.16	0.101676	27.360
21.17	21.17	0.101693	27.460
21.17	21.18	0.101709	27.560
21.17	21.18	0.101726	27.660
21.17	21.18	0.101743	27.761
21.17	21.18	0.101759	27.860
21.17	21.18	0.101776	27.961
21.17	21.18	0.101793	28.060
21.17	21.18	0.101809	28.160
21.17	21.18	0.101826	28.260
21.17	21.18	0.101843	28.360
21.20	21.18	0.101859	28.485
21.20	21.19	0.101876	28.590
21.20	21.19	0.101893	28.689
21.20	21.20	0.101909	28.784
21.20	21.20	0.101926	28.889
21.20	21.20	0.101943	28.988
21.20	21.20	0.101959	29.083
21.20	21.20	0.101976	29.187
21.20	21.20	0.101993	29.282
21.20	21.20	0.102009	29.381
21.20	21.20	0.102026	29.486
21.20	21.20	0.102043	29.581
21.20	21.20	0.102059	29.680
21.20	21.21	0.102076	29.785
21.20	21.21	0.102092	29.879
21.20	21.21	0.102109	29.979
21.20	21.21	0.102126	30.083
21.20	21.21	0.102142	30.178
21.20	21.21	0.102159	30.277
21.20	21.21	0.102176	30.382
21.20	21.21	0.102192	30.477
21.22	21.21	0.102209	30.576
21.22	21.21	0.102226	30.681
21.22	21.21	0.102242	30.775
21.22	21.22	0.102259	30.875
21.22	21.22	0.102276	30.979
21.22	21.23	0.102292	31.074
21.22	21.23	0.102309	31.174
21.22	21.23	0.102326	31.278
21.22	21.23	0.102342	31.373
21.22	21.23	0.102359	31.473
21.22	21.23	0.102376	31.577
21.22	21.23	0.102392	31.672
21.22	21.23	0.102409	31.771
21.22	21.23	0.102426	31.876
21.22	21.23	0.102442	31.970
21.22	21.23	0.102459	32.071
21.22	21.23	0.102476	32.175
21.25	21.23	0.102492	32.270
21.25	21.23	0.102509	32.372
21.25	21.23	0.102526	32.474
21.25	21.23	0.102542	32.569
21.25	21.23	0.102559	32.671
21.25	21.23	0.102576	32.772
21.25	21.23	0.102592	32.867
21.25	21.23	0.102609	32.972
21.25	21.24	0.102626	33.071
21.25	21.24	0.102642	33.166
21.25	21.25	0.102659	33.270
21.25	21.25	0.102676	33.370
21.25	21.25	0.102692	33.464
21.25	21.25	0.102709	33.569
21.25	21.25	0.102726	33.669
21.25	21.25	0.102742	33.763
21.25	21.25	0.102759	33.868
21.25	21.25	0.102776	33.967
21.25	21.25	0.102792	34.062
21.25	21.25	0.102809	34.167
21.25	21.25	0.102826	34.267
21.25	21.25	0.102842	34.362
21.25	21.25	0.102859	34.466
21.25	21.25	0.102876	34.567
21.25	21.25	0.102892	34.662
21.25	21.25	0.102909	34.765
21.25	21.25	0.102925	34.866
21.25	21.25	0.102942	34.962
21.25	21.25	0.102959	35.063
21.25	21.25	0.102975	35.166
21.25	21.25	0.102992	35.262
21.25	21.25	0.103009	35.362
21.25	21.25	0.103025	35.467
21.25	21.25	0.103042	35.562
21.25	21.25	0.103059	35.662
21.25	21.25	0.103075	35.766
21.25	21.25	0.103092	35.862
21.25	21.25	0.103109	35.962
21.25	21.25	0.103125	36.066
21.25	21.25	0.103142	36.163
21.25	21.25	0.103159	36.262
21.25	21.26	0.103175	36.366
21.25	21.26	0.103192	36.462
21.25	21.26	0.103209	36.562
21.25	21.26	0.103225	36.666
21.25	21.26	0.103242	36.762
21.25	21.26	0.103259	36.862
21.25	21.26	0.103275	36.966
21.25	21.26	0.103292	37.063
21.25	21.26	0.103309	37.162
21.25	21.26	0.103325	37.266
21.25	21.26	0.103342	37.362
21.25	21.26	0.103359	37.462
21.27	21.26	0.103375	37.565
21.27	21.26	0.103392	37.662
21.27	21.26	0.103409	37.763
21.27	21.26	0.103425	37.866
21.27	21.26	0.103442	37.963
21.27	21.26	0.103459	38.062
21.27	21.26	0.103475	38.166
21.27	21.26	0.103492	38.262
21.27	21.26	0.103509	38.362
21.27	21.26	0.103525	38.465
21.27	21.26	0.103542	38.562
21.27	21.26	0.103559	38.663
21.27	21.26	0.103575	38.765
21.27	21.26	0.103592	38.862
21.27	21.27	0.103609	38.962
21.27	21.27	0.103625	39.066
21.27	21.27	0.103642	39.162
21.27	21.27	0.103659	39.262
21.27	21.27	0.103675	39.365
21.27	21.27	0.103692	39.462
21.27	21.27	0.103709	39.563
21.27	21.27	0.103725	39.665
21.27	21.27	0.103742	39.762
21.27	21.27	0.103758	39.863
21.27	21.27	0.103775	39.965
21.27	21.28	0.103792	40.063
21.27	21.28	0.103808	40.163
21.27	21.29	0.103825	40.266
21.27	21.29	0.103842	40.362
21.27	21.29	0.103858	40.462
21.27	21.29	0.103875	40.565
21.27	21.29	0.103892	40.691
21.27	21.29	0.103908	40.785
21.27	21.29	0.103925	40.865
21.27	21.29	0.103942	40.989
21.27	21.29	0.103958	41.085
21.27	21.29	0.103975	41.189
21.27	21.30	0.103992	41.289
21.27	21.30	0.104008	41.383
21.30	21.30	0.104025	41.488
21.30	21.30	0.104042	41.587
21.30	21.30	0.104058	41.682
21.30	21.30	0.104075	41.786
21.30	21.30	0.104092	41.886
21.30	21.30	0.104108	41.981
21.30	21.30	0.104125	42.085
21.30	21.30	0.104142	42.185
21.30	21.30	0.104158	42.279
21.33	21.31	0.104175	42.384
21.33	21.31	0.104192	42.478
21.33	21.31	0.104208	42.578
21.33	21.31	0.104225	42.683
21.33	21.31	0.104242	42.777
21.33	21.31	0.104258	42.878
21.33	21.31	0.104275	42.982
21.33	21.31	0.104292	43.077
21.33	21.31	0.104308	43.176
21.33	21.31	0.104325	43.281
21.33	21.31	0.104342	43.375
21.33	21.32	0.104358	43.475
21.33	21.32	0.104375	43.580
21.33	21.32	0.104392	43.674
21.33	21.32	0.104408	43.774
21.33	21.32	0.104425	43.878
21.33	21.32	0.104442	43.973
21.33	21.32	0.104458	44.072
21.33	21.32	0.104475	44.177
21.30	21.32	0.104492	44.272
21.30	21.32	0.104508	44.371
21.30	21.32	0.104525	44.476
21.30	21.32	0.104542	44.570
21.30	21.33	0.104558	44.670
21.30	21.33	0.104575	44.774
21.30	21.33	0.104591	44.869
21.30	21.33	0.104608	44.968
21.30	21.33	0.104625	45.073
21.33	21.33	0.104641	45.168
21.33	21.33	0.104658	45.268
21.33	21.33	0.104675	45.372
21.33	21.33	0.104691	45.466
21.33	21.33	0.104708	45.568
21.33	21.33	0.104725	45.670
21.33	21.33	0.104741	45.765
21.33	21.34	0.104758	45.868
21.33	21.34	0.104775	45.969
21.33	21.34	0.104791	46.064
21.33	21.34	0.104808	46.168
21.33	21.34	0.104825	46.269
21.33	21.34	0.104841	46.363
21.35	21.34	0.104858	46.468
21.35	21.34	0.104875	46.567
21.35	21.34	0.104891	46.663
21.35	21.34	0.104908	46.767
21.35	21.34	0.104925	46.866
21.35	21.35	0.104941	46.963
21.35	21.35	0.104958	47.065
21.35	21.35	0.104975	47.165
21.35	21.35	0.104991	47.263
21.35	21.35	0.105008	47.364
21.35	21.35	0.105025	47.463
21.35	21.35	0.105041	47.563
21.35	21.35	0.105058	47.664
21.35	21.35	0.105075	47.763
21.35	21.35	0.105091	47.863
21.35	21.35	0.105108	47.963
21.35	21.34	0.105125	48.063
21.35	21.34	0.105141	48.163
21.35	21.34	0.105158	48.263
21.35	21.34	0.105175	48.364
21.35	21.34	0.105191	48.463
21.35	21.34	0.105208	48.564
21.35	21.34	0.105225	48.663
21.35	21.34	0.105241	48.763
21.35	21.34	0.105258	48.863
21.35	21.34	0.105275	48.963
21.35	21.34	0.105291	49.063
21.35	21.34	0.105308	49.207
21.35	21.34	0.105325	49.301
21.35	21.34	0.105341	49.406
21.35	21.34	0.105358	49.506
21.35	21.34	0.105375	49.600
21.35	21.34	0.105391	49.705
21.35	21.34	0.105408	49.804
21.35	21.34	0.105424	49.899
21.35	21.34	0.105441	50.003
21.35	21.34	0.105458	50.103
21.35	21.34	0.105474	50.197
21.35	21.33	0.105491	50.302
21.35	21.33	0.105508	50.397
21.35	21.33	0.105524	50.496
21.35	21.33	0.105541	50.601
21.35	21.33	0.105558	50.695
21.35	21.33	0.105574	50.795
21.35	21.33	0.105591	50.900
21.35	21.33	0.105608	50.995
21.35	21.33	0.105624	51.095
21.35	21.33	0.105641	51.199
21.35	21.33	0.105658	51.294
21.33	21.33	0.105674	51.393
21.33	21.33	0.105691	51.498
21.33	21.33	0.105708	51.592
21.33	21.33	0.105724	51.692
21.33	21.33	0.105741	51.796
21.33	21.33	0.105758	51.891
21.33	21.33	0.105774	51.991
21.33	21.33	0.105791	52.095
21.33	21.33	0.105808	52.190
21.33	21.33	0.105824	52.289
21.33	21.33	0.105841	52.394
21.33	21.33	0.105858	52.488
21.33	21.32	0.105874	52.588
21.33	21.32	0.105891	52.693
21.33	21.32	0.105908	52.787
21.30	21.32	0.105924	52.887
21.30	21.32	0.105941	52.991
21.30	21.32	0.105958	53.086
21.30	21.32	0.105974	53.186
21.30	21.32	0.105991	53.290
21.30	21.32	0.106008	53.385
21.30	21.32	0.106024	53.486
21.30	21.32	0.106041	53.589
21.30	21.32	0.106058	53.683
21.33	21.32	0.106074	53.787
21.33	21.32	0.106091	53.888
21.33	21.32	0.106108	53.983
21.33	21.32	0.106124	54.086
21.33	21.32	0.106141	54.187
21.33	21.32	0.106158	54.282
21.33	21.32	0.106174	54.386
21.33	21.32	0.106191	54.486
21.33	21.32	0.106208	54.580
21.33	21.32	0.106224	54.685
21.33	21.31	0.106241	54.784
21.33	21.31	0.106257	54.880
21.33	21.31	0.106274	54.983
21.33	21.31	0.106291	55.083
21.33	21.31	0.106307	55.181
21.33	21.31	0.106324	55.282
21.33	21.31	0.106341	55.382
21.33	21.31	0.106357	55.481
21.33	21.31	0.106374	55.581
21.30	21.31	0.106391	55.681
21.30	21.31	0.106407	55.781
21.30	21.31	0.106424	55.882
21.30	21.31	0.106441	55.981
21.30	21.31	0.106457	56.081
21.30	21.31	0.106474	56.181
21.30	21.31	0.106491	56.282
21.30	21.31	0.106507	56.382
21.30	21.31	0.106524	56.482
21.30	21.31	0.106541	56.582
21.30	21.31	0.106557	56.682
21.30	21.31	0.106574	56.783
21.30	21.31	0.106591	56.882
21.30	21.30	0.106607	56.982
21.30	21.30	0.106624	57.082
21.30	21.30	0.106641	57.182
21.30	21.30	0.106657	57.282
21.30	21.30	0.106674	57.382
21.30	21.30	0.106691	57.483
21.30	21.30	0.106707	57.582
21.30	21.30	0.106724	57.683
21.30	21.30	0.106741	57.782
21.30	21.30	0.106757	57.882
21.30	21.30	0.106774	57.982
21.30	21.30	0.106791	58.082
21.30	21.30	0.106807	58.182
21.30	21.30	0.106824	58.282
21.30	21.30	0.106841	58.383
21.30	21.30	0.106857	58.482
21.30	21.30	0.106874	58.583
21.30	21.30	0.106891	58.682
21.30	21.30	0.106907	58.782
21.30	21.30	0.106924	58.882
21.30	21.30	0.106941	58.982
21.30	21.30	0.106957	59.082
21.30	21.29	0.106974	59.182
21.30	21.29	0.106991	59.284
21.30	21.29	0.107007	59.383
21.30	21.29	0.107024	59.483
21.30	21.29	0.107041	59.583
21.30	21.29	0.107057	59.683
21.30	21.29	0.107074	59.783
21.30	21.29	0.107090	59.883
21.30	21.29	0.107107	59.984
21.30	21.29	0.107124	00.083
21.30	21.29	0.107140	00.208
21.30	21.29	0.107157	00.282
21.27	21.29	0.107174	00.382
21.27	21.29	0.107190	00.506
21.27	21.29	0.107207	00.611
21.27	21.29	0.107224	00.705
21.27	21.29	0.107240	00.805
21.27	21.29	0.107257	00.909
21.27	21.29	0.107274	01.004
21.27	21.29	0.107290	01.105
21.27	21.29	0.107307	01.208
21.27	21.29	0.107324	01.303
21.27	21.29	0.107340	01.404
21.27	21.28	0.107357	01.508
21.27	21.28	0.107374	01.602
21.27	21.28	0.107390	01.705
21.30	21.28	0.107407	01.807
21.30	21.28	0.107424	01.901
21.30	21.28	0.107440	02.005
21.30	21.28	0.107457	02.105
21.30	21.28	0.107474	02.200
21.30	21.28	0.107490	02.304
21.30	21.28	0.107507	02.404
21.30	21.28	0.107524	02.499
21.30	21.28	0.107540	02.603
21.30	21.28	0.107557	02.703
21.30	21.28	0.107574	02.797
21.30	21.28	0.107590	02.902
21.30	21.28	0.107607	03.001
21.27	21.28	0.107624	03.096
21.27	21.28	0.107640	03.200
21.27	21.28	0.107657	03.300
21.27	21.28	0.107674	03.395
21.27	21.28	0.107690	03.499
21.27	21.28	0.107707	03.594
21.27	21.27	0.107724	03.693
21.27	21.27	0.107740	03.798
21.27	21.27	0.107757	03.892
21.27	21.27	0.107774	03.992
21.27	21.27	0.107790	04.096
21.27	21.27	0.107807	04.191
21.27	21.27	0.107824	04.291
21.27	21.27	0.107840	04.395
21.27	21.27	0.107857	04.491
21.27	21.27	0.107874	04.589
21.27	21.27	0.107890	04.695
21.27	21.27	0.107907	04.789
21.27	21.27	0.107923	04.889
21.27	21.27	0.107940	04.994
21.27	21.27	0.107957	05.088
21.27	21.27	0.107973	05.188
21.27	21.27	0.107990	05.292
21.27	21.27	0.108007	05.387
21.27	21.27	0.108023	05.486
21.27	21.27	0.108040	05.591
21.27	21.27	0.108057	05.686
21.27	21.27	0.108073	05.785
21.27	21.26	0.108090	05.890
21.27	21.26	0.108107	05.984
21.27	21.26	0.108123	06.084
21.27	21.26	0.108140	06.188
21.27	21.26	0.108157	06.284
21.27	21.26	0.108173	06.384
21.27	21.26	0.108190	06.488
21.27	21.26	0.108207	06.584
21.27	21.26	0.108223	06.685
21.27	21.26	0.108240	06.786
21.27	21.26	0.108257	06.884
21.27	21.26	0.108273	06.984
21.27	21.26	0.108290	07.085
21.27	21.26	0.108307	07.184
21.27	21.26	0.108323	07.284
21.27	21.26	0.108340	07.385
21.27	21.26	0.108357	07.484
21.27	21.26	0.108373	07.584
21.27	21.26	0.108390	07.684
21.25	21.26	0.108407	07.784
21.25	21.26	0.108423	07.884
21.25	21.26	0.108440	07.984
21.25	21.25	0.108457	08.085
21.25	21.25	0.108473	08.184
21.25	21.25	0.108490	08.285
21.25	21.25	0.108507	08.384
21.25	21.25	0.108523	08.484
21.25	21.25	0.108540	08.584
21.25	21.25	0.108557	08.684
21.25	21.25	0.108573	08.784
21.25	21.25	0.108590	08.884
21.25	21.25	0.108607	08.985
21.25	21.25	0.108623	09.084
21.25	21.25	0.108640	09.185
21.25	21.25	0.108657	09.284
21.25	21.25	0.108673	09.384
21.25	21.25	0.108690	09.484
21.25	21.25	0.108707	09.584
21.25	21.25	0.108723	09.684
21.25	21.25	0.108740	09.784
21.25	21.25	0.108756	09.885
21.25	21.25	0.108773	09.984
21.25	21.25	0.108790	10.084
21.25	21.25	0.108806	10.184
21.25	21.25	0.108823	10.285
21.25	21.24	0.108840	10.385
21.25	21.24	0.108856	10.485
21.25	21.24	0.108873	10.585
21.25	21.24	0.108890	10.685
21.25	21.24	0.108906	10.786
21.25	21.24	0.108923	10.885
21.22	21.24	0.108940	10.985
21.22	21.24	0.108956	11.085
21.22	21.24	0.108973	11.185
21.22	21.24	0.108990	11.285
21.22	21.24	0.109006	11.385
21.22	21.24	0.109023	11.486
21.22	21.24	0.109040	11.585
21.22	21.24	0.109056	11.686
21.22	21.24	0.109073	11.785
21.22	21.24	0.109090	11.885
21.22	21.24	0.109106	11.985
21.22	21.24	0.109123	12.085
21.25	21.24	0.109140	12.209
21.25	21.24	0.109156	12.314
21.25	21.24	0.109173	12.408
21.25	21.24	0.109190	12.508
21.25	21.23	0.109206	12.613
21.25	21.23	0.109223	12.707
21.25	21.23	0.109240	12.807
21.25	21.23	0.109256	12.911
21.25	21.23	0.109273	13.006
21.25	21.23	0.109290	13.106
21.25	21.23	0.109306	13.211
21.25	21.23	0.109323	13.306
21.25	21.23	0.109340	13.405
21.25	21.23	0.109356	13.510
21.25	21.23	0.109373	13.604
21.25	21.23	0.109390	13.704
21.25	21.23	0.109406	13.808
21.25	21.23	0.109423	13.903
21.22	21.23	0.109440	14.002
21.22	21.23	0.109456	14.107
21.22	21.23	0.109473	14.202
21.22	21.23	0.109490	14.302
21.22	21.23	0.109506	14.406
21.22	21.23	0.109523	14.500
21.22	21.23	0.109540	14.602
21.22	21.23	0.109556	14.704
21.22	21.22	0.109573	14.799
21.22	21.22	0.109589	14.901
21.22	21.22	0.109606	15.003
21.22	21.22	0.109623	15.098
21.22	21.22	0.109639	15.201
21.22	21.22	0.109656	15.302
21.22	21.22	0.109673	15.396
21.22	21.22	0.109689	15.501
21.22	21.22	0.109706	15.600
21.22	21.22	0.109723	15.695
21.22	21.22	0.109739	15.800
21.22	21.22	0.109756	15.899
21.22	21.22	0.109773	15.994
21.22	21.22	0.109789	16.098
21.22	21.22	0.109806	16.198
21.22	21.22	0.109823	16.292
21.22	21.22	0.109839	16.397
21.22	21.22	0.109856	16.497
21.22	21.22	0.109873	16.592
21.22	21.22	0.109889	16.697
21.22	21.22	0.109906	16.791
21.22	21.22	0.109923	16.891
21.22	21.22	0.109939	16.995
21.22	21.21	0.109956	17.090
21.22	21.21	0.109973	17.189
21.22	21.21	0.109989	17.294
21.22	21.21	0.110006	17.389
21.22	21.21	0.110023	17.488
21.22	21.21	0.110039	17.593
21.22	21.21	0.110056	17.687
21.22	21.21	0.110073	17.787
21.22	21.21	0.110089	17.891
21.22	21.21	0.110106	17.986
21.20	21.21	0.110123	18.085
21.20	21.21	0.110139	18.190
21.20	21.21	0.110156	18.286
21.20	21.21	0.110173	18.385
21.20	21.21	0.110189	18.489
21.20	21.21	0.110206	18.585
21.20	21.21	0.110223	18.685
21.20	21.21	0.110239	18.787
21.20	21.21	0.110256	18.885
21.20	21.21	0.110273	18.986
21.20	21.21	0.110289	19.086
21.20	21.21	0.110306	19.186
21.20	21.20	0.110323	19.285
21.20	21.20	0.110339	19.386
21.20	21.20	0.110356	19.485
21.20	21.20	0.110373	19.585
21.20	21.20	0.110389	19.685
21.20	21.20	0.110406	19.785
21.20	21.20	0.110422	19.886
21.20	21.20	0.110439	19.985
21.20	21.20	0.110456	20.085
21.20	21.20	0.110472	20.185
21.20	21.20	0.110489	20.285
21.20	21.20	0.110506	20.385
21.20	21.20	0.110522	20.485
21.20	21.20	0.110539	20.585
21.20	21.20	0.110556	20.685
21.20	21.20	0.110572	20.786
21.20	21.20	0.110589	20.885
21.20	21.20	0.110606	20.985
21.20	21.20	0.110622	21.085
21.20	21.20	0.110639	21.185
21.20	21.20	0.110656	21.285
21.20	21.20	0.110672	21.385
21.20	21.19	0.110689	21.486
21.20	21.19	0.110706	21.585
21.20	21.19	0.110722	21.686
21.20	21.19	0.110739	21.785
21.20	21.19	0.110756	21.885
21.20	21.19	0.110772	21.985
21.20	21.19	0.110789	22.085
21.20	21.19	0.110806	22.185
21.20	21.19	0.110822	22.285
21.20	21.19	0.110839	22.386
21.20	21.19	0.110856	22.485
21.20	21.19	0.110872	22.585
21.20	21.19	0.110889	22.685
21.20	21.19	0.110906	22.786
21.20	21.19	0.110922	22.886
21.20	21.19	0.110939	22.986
21.20	21.19	0.110956	23.086
21.20	21.19	0.110972	23.186
21.20	21.19	0.110989	23.287
21.17	21.19	0.111006	23.386
21.17	21.19	0.111022	23.486
21.17	21.19	0.111039	23.586
21.17	21.18	0.111056	23.686
21.17	21.18	0.111072	23.786
21.17	21.18	0.111089	23.886
21.17	21.18	0.111106	23.987
21.17	21.18	0.111122	24.086
21.17	21.18	0.111139	24.187
21.17	21.18	0.111156	24.286
21.17	21.18	0.111172	24.386
21.17	21.18	0.111189	24.510
21.17	21.18	0.111206	24.615
21.17	21.18	0.111222	24.709
21.17	21.18	0.111239	24.809
21.17	21.18	0.111255	24.913
21.17	21.18	0.111272	25.008
21.17	21.18	0.111289	25.108
21.17	21.18	0.111305	25.212
21.17	21.18	0.111322	25.307
21.17	21.18	0.111339	25.406
21.17	21.18	0.111355	25.511
21.17	21.18	0.111372	25.605
21.17	21.18	0.111389	25.705
21.17	21.18	0.111405	25.809
21.20	21.18	0.111422	25.904
21.20	21.17	0.111439	26.005
21.20	21.17	0.111455	26.109
21.20	21.17	0.111472	26.204
21.20	21.17	0.111489	26.303
21.20	21.17	0.111505	26.408
21.20	21.17	0.111522	26.502
21.20	21.17	0.111539	26.602
21.20	21.17	0.111555	26.707
21.17	21.17	0.111572	26.801
21.17	21.17	0.111589	26.901
21.17	21.17	0.111605	27.005
21.17	21.17	0.111622	27.100
21.17	21.17	0.111639	27.199
21.17	21.17	0.111655	27.304
21.17	21.17	0.111672	27.399
21.17	21.17	0.111689	27.499
21.17	21.17	0.111705	27.603
21.17	21.17	0.111722	27.697
21.17	21.17	0.111739	27.799
21.15	21.17	0.111755	27.901
21.15	21.17	0.111772	27.996
21.15	21.17	0.111789	28.098
21.15	21.16	0.111805	28.200
21.15	21.16	0.111822	28.295
21.15	21.16	0.111839	28.398
21.15	21.16	0.111855	28.499
21.15	21.16	0.111872	28.593
21.15	21.16	0.111889	28.698
21.15	21.16	0.111905	28.797
21.15	21.16	0.111922	28.892
21.15	21.16	0.111939	28.996
21.15	21.16	0.111955	29.097
21.15	21.16	0.111972	29.191
21.15	21.16	0.111989	29.296
21.17	21.16	0.112005	29.396
21.17	21.16	0.112022	29.490
21.17	21.16	0.112039	29.595
21.17	21.16	0.112055	29.694
21.17	21.16	0.112072	29.789
21.17	21.16	0.112088	29.894
21.17	21.16	0.112105	29.988
21.17	21.16	0.112122	30.088
21.17	21.16	0.112138	30.192
21.17	21.16	0.112155	30.287
21.17	21.15	0.112172	30.387
21.17	21.15	0.112188	30.491
21.17	21.15	0.112205	30.587
21.17	21.15	0.112222	30.687
21.15	21.15	0.112238	30.790
21.15	21.15	0.112255	30.887
21.15	21.15	0.112272	30.987
21.15	21.15	0.112288	31.088
21.15	21.15	0.112305	31.187
21.15	21.15	0.112322	31.287
21.15	21.15	0.112338	31.387
21.15	21.15	0.112355	31.488
21.15	21.15	0.112372	31.587
21.15	21.15	0.112388	31.687
21.15	21.15	0.112405	31.787
21.15	21.15	0.112422	31.887
21.15	21.15	0.112438	31.987
21.15	21.15	0.112455	32.087
21.15	21.15	0.112472	32.187
21.15	21.15	0.112488	32.287
21.15	21.15	0.112505	32.388
21.15	21.15	0.112522	32.487
21.15	21.14	0.112538	32.587
21.15	21.14	0.112555	32.687
21.15	21.14	0.112572	32.787
21.15	21.14	0.112588	32.887
21.15	21.14	0.112605	32.987
21.15	21.14	0.112622	33.088
21.15	21.14	0.112638	33.187
21.15	21.14	0.112655	33.288
21.15	21.14	0.112672	33.387
21.15	21.14	0.112688	33.487
21.15	21.14	0.112705	33.587
21.15	21.14	0.112722	33.687
21.12	21.14	0.112738	33.787
21.12	21.14	0.112755	33.887
21.12	21.14	0.112772	33.988
21.12	21.14	0.112788	34.087
21.12	21.14	0.112805	34.187
21.12	21.14	0.112822	34.287
21.12	21.14	0.112838	34.387
21.12	21.14	0.112855	34.487
21.12	21.14	0.112872	34.587
21.15	21.14	0.112888	34.688
21.15	21.14	0.112905	34.787
21.15	21.13	0.112921	34.888
21.15	21.13	0.112938	34.987
21.15	21.13	0.112955	35.087
21.15	21.13	0.112971	35.187
21.15	21.13	0.112988	35.287
21.15	21.13	0.113005	35.387
21.15	21.13	0.113021	35.487
21.15	21.13	0.113038	35.588
21.15	21.13	0.113055	35.687
21.15	21.13	0.113071	35.788
21.15	21.13	0.113088	35.887
21.15	21.13	0.113105	35.987
21.15	21.13	0.113121	36.087
21.12	21.13	0.113138	36.187
21.12	21.13	0.113155	36.292
21.12	21.13	0.113171	36.387
21.12	21.13	0.113188	36.488
21.12	21.13	0.113205	36.586
21.12	21.13	0.113221	36.687
21.12	21.13	0.113238	36.810
21.12	21.13	0.113255	36.916
21.12	21.13	0.113271	37.015
21.12	21.12	0.113288	37.110
21.12	21.12	0.113305	37.214
21.12	21.12	0.113321	37.314
21.12	21.12	0.113338	37.409
21.12	21.12	0.113355	37.513
21.12	21.12	0.113371	37.613
21.12	21.12	0.113388	37.707
21.12	21.12	0.113405	37.812
21.12	21.12	0.113421	37.906
21.12	21.12	0.113438	38.006
21.12	21.12	0.113455	38.110
21.12	21.12	0.113471	38.205
21.12	21.12	0.113488	38.305
21.12	21.12	0.113505	38.409
21.12	21.12	0.113521	38.504
21.12	21.12	0.113538	38.603
21.12	21.12	0.113555	38.708
21.12	21.12	0.113571	38.802
21.12	21.12	0.113588	38.902
21.12	21.12	0.113605	39.007
21.12	21.12	0.113621	39.101
21.12	21.12	0.113638	39.201
21.12	21.11	0.113655	39.306
21.12	21.11	0.113671	39.401
21.09	21.11	0.113688	39.500
21.09	21.11	0.113705	39.605
21.09	21.11	0.113721	39.699
21.09	21.11	0.113738	39.799
21.09	21.11	0.113754	39.904
21.09	21.11	0.113771	39.998
21.09	21.11	0.113788	40.098
21.09	21.11	0.113804	40.202
21.12	21.11	0.113821	40.297
21.12	21.11	0.113838	40.396
21.12	21.11	0.113854	40.501
21.12	21.11	0.113871	40.596
21.12	21.11	0.113888	40.696
21.12	21.11	0.113904	40.800
21.12	21.11	0.113921	40.894
21.12	21.11	0.113938	40.996
21.12	21.11	0.113954	41.098
21.12	21.11	0.113971	41.193
21.12	21.11	0.113988	41.295
21.12	21.11	0.114004	41.397
21.12	21.11	0.114021	41.492
21.12	21.10	0.114038	41.595
21.09	21.10	0.114054	41.696
21.09	21.10	0.114071	41.790
21.09	21.10	0.114088	41.895
21.09	21.10	0.114104	41.994
21.09	21.10	0.114121	42.089
21.09	21.10	0.114138	42.193
21.09	21.10	0.114154	42.294
21.09	21.10	0.114171	42.388
21.09	21.10	0.114188	42.493
21.09	21.10	0.114204	42.593
21.09	21.10	0.114221	42.687
21.09	21.10	0.114238	42.792
21.09	21.10	0.114254	42.891
21.09	21.10	0.114271	42.987
21.09	21.10	0.114288	43.091
21.09	21.10	0.114304	43.190
21.09	21.10	0.114321	43.287
21.09	21.10	0.114338	43.389
21.12	21.10	0.114354	43.491
21.12	21.10	0.114371	43.588
21.12	21.10	0.114388	43.688
21.12	21.09	0.114404	43.790
21.12	21.09	0.114421	43.888
21.12	21.09	0.114438	43.989
21.12	21.09	0.114454	44.090
21.12	21.09	0.114471	44.188
21.12	21.09	0.114488	44.288
21.09	21.09	0.114504	44.390
21.09	21.09	0.114521	44.488
21.09	21.09	0.114538	44.588
21.09	21.09	0.114554	44.691
21.09	21.09	0.114571	44.788
21.09	21.09	0.114587	44.889
21.09	21.09	0.114604	44.990
21.09	21.09	0.114621	45.088
21.09	21.09	0.114637	45.188
21.09	21.09	0.114654	45.290
21.09	21.09	0.114671	45.388
21.09	21.09	0.114687	45.488
21.07	21.09	0.114704	45.590
21.07	21.09	0.114721	45.688
21.07	21.09	0.114737	45.788
21.07	21.09	0.114754	45.890
21.07	21.08	0.114771	45.988
21.07	21.08	0.114787	46.088
21.07	21.08	0.114804	46.190
21.07	21.08	0.114821	46.289
21.07	21.08	0.114837	46.388
21.07	21.08	0.114854	46.490
21.07	21.08	0.114871	46.588
21.07	21.08	0.114887	46.688
21.07	21.08	0.114904	46.789
21.07	21.08	0.114921	46.888
21.07	21.08	0.114937	46.988
21.07	21.08	0.114954	47.090
21.07	21.08	0.114971	47.189
21.09	21.08	0.114987	47.288
21.09	21.08	0.115004	47.390
21.09	21.08	0.115021	47.488
21.09	21.08	0.115037	47.588
21.09	21.08	0.115054	47.689
21.09	21.08	0.115071	47.788
21.09	21.08	0.115087	47.888
21.09	21.08	0.115104	47.989
21.09	21.08	0.115121	48.089
21.09	21.08	0.115137	48.188
21.09	21.08	0.115154	48.290
21.09	21.08	0.115171	48.388
21.09	21.08	0.115187	48.488
21.09	21.08	0.115204	48.589
21.09	21.08	0.115221	48.688
21.09	21.08	0.115237	48.812
21.09	21.08	0.115254	48.889
21.09	21.08	0.115271	49.017
21.09	21.08	0.115287	49.111
21.09	21.08	0.115304	49.189
21.09	21.08	0.115321	49.315
21.09	21.08	0.115337	49.410
21.09	21.08	0.115354	49.489
21.09	21.08	0.115371	49.615
21.07	21.08	0.115387	49.709
21.07	21.08	0.115404	49.814
21.07	21.08	0.115420	49.914
21.07	21.08	0.115437	50.008
21.07	21.08	0.115454	50.113
21.07	21.08	0.115470	50.212
21.07	21.08	0.115487	50.307
21.07	21.08	0.115504	50.411
21.07	21.08	0.115520	50.511
21.07	21.08	0.115537	50.606
21.07	21.08	0.115554	50.710
21.07	21.08	0.115570	50.810
21.07	21.08	0.115587	50.904
21.07	21.08	0.115604	51.009
21.07	21.08	0.115620	51.103
21.07	21.08	0.115637	51.203
21.07	21.09	0.115654	51.307
21.07	21.09	0.115670	51.402
21.07	21.09	0.115687	51.502
21.07	21.09	0.115704	51.606
21.07	21.09	0.115720	51.701
21.07	21.09	0.115737	51.800
21.09	21.09	0.115754	51.905
21.09	21.09	0.115770	51.999
21.09	21.09	0.115787	52.099
21.09	21.09	0.115804	52.204
21.09	21.09	0.115820	52.298
21.09	21.10	0.115837	52.399
21.09	21.10	0.115854	52.502
21.09	21.10	0.115870	52.597
21.09	21.10	0.115887	52.696
21.09	21.10	0.115904	52.802
21.09	21.10	0.115920	52.896
21.09	21.10	0.115937	52.996
21.09	21.10	0.115954	53.101
21.09	21.10	0.115970	53.195
21.09	21.10	0.115987	53.295
21.12	21.11	0.116004	53.399
21.12	21.11	0.116020	53.494
21.12	21.12	0.116037	53.593
21.12	21.12	0.116054	53.698
21.12	21.12	0.116070	53.793
21.12	21.12	0.116087	53.892
21.12	21.12	0.116104	53.997
21.12	21.12	0.116120	54.091
21.12	21.12	0.116137	54.193
21.12	21.12	0.116154	54.295
21.12	21.12	0.116170	54.390
21.12	21.12	0.116187	54.492
21.12	21.12	0.116204	54.594
21.12	21.13	0.116220	54.690
21.12	21.13	0.116237	54.792
21.12	21.13	0.116253	54.893
21.12	21.13	0.116270	54.989
21.12	21.13	0.116287	55.092
21.12	21.13	0.116303	55.191
21.12	21.13	0.116320	55.289
21.12	21.13	0.116337	55.391
21.12	21.13	0.116353	55.491
21.12	21.13	0.116370	55.590
21.12	21.14	0.116387	55.690
21.12	21.14	0.116403	55.790
21.12	21.14	0.116420	55.889
21.15	21.14	0.116437	55.989
21.15	21.14	0.116453	56.089
21.15	21.14	0.116470	56.189
21.15	21.14	0.116487	56.290
21.15	21.14	0.116503	56.389
21.15	21.14	0.116520	56.489
21.15	21.14	0.116537	56.589
21.15	21.14	0.116553	56.689
21.15	21.14	0.116570	56.789
21.15	21.14	0.116587	56.889
21.15	21.14	0.116603	56.989
21.15	21.14	0.116620	57.089
21.15	21.14	0.116637	57.190
21.15	21.14	0.116653	57.289
21.15	21.14	0.116670	57.389
21.15	21.14	0.116687	57.489
21.15	21.14	0.116703	57.589
21.15	21.14	0.116720	57.689
21.15	21.14	0.116737	57.789
21.15	21.14	0.116753	57.890
21.15	21.14	0.116770	57.989
21.15	21.14	0.116787	58.090
21.15	21.14	0.116803	58.189
21.15	21.14	0.116820	58.289
21.15	21.14	0.116837	58.389
21.15	21.14	0.116853	58.489
21.15	21.14	0.116870	58.589
21.15	21.14	0.116887	58.689
21.15	21.14	0.116903	58.790
21.15	21.13	0.116920	58.889
21.15	21.13	0.116937	58.990
21.15	21.13	0.116953	59.089
21.15	21.13	0.116970	59.189
21.12	21.13	0.116987	59.289
21.12	21.13	0.117003	59.389
21.12	21.13	0.117020	59.489
21.12	21.13	0.117037	59.589
21.12	21.13	0.117053	59.690
21.12	21.13	0.117070	59.789
21.12	21.13	0.117086	59.889
21.12	21.12	0.117103	59.989
21.12	21.12	0.117120	00.089
21.12	21.12	0.117136	00.189
21.12	21.12	0.117153	00.289
21.12	21.12	0.117170	00.390
21.12	21.12	0.117186	00.489
21.12	21.12	0.117203	00.590
21.12	21.12	0.117220	00.689
21.12	21.12	0.117236	00.789
21.12	21.12	0.117253	00.889
21.12	21.12	0.117270	01.019
21.12	21.11	0.117286	01.113
21.12	21.11	0.117303	01.213
21.12	21.11	0.117320	01.317
21.12	21.11	0.117336	01.412
21.12	21.11	0.117353	01.512
21.12	21.11	0.117370	01.616
21.12	21.11	0.117386	01.711
21.12	21.11	0.117403	01.811
21.12	21.11	0.117420	01.915
21.12	21.11	0.117436	02.009
21.12	21.11	0.117453	02.111
21.12	21.11	0.117470	02.214
21.12	21.11	0.117486	02.308
21.12	21.11	0.117503	02.411
21.12	21.11	0.117520	02.512
21.12	21.11	0.117536	02.607
21.12	21.11	0.117553	02.710
21.12	21.11	0.117570	02.812
21.12	21.11	0.117586	02.906
21.12	21.11	0.117603	03.011
21.12	21.11	0.117620	03.111
21.12	21.11	0.117636	03.205
21.12	21.11	0.117653	03.310
21.12	21.11	0.117670	03.409
21.09	21.11	0.117686	03.504
21.09	21.11	0.117703	03.608
21.09	21.11	0.117720	03.708
21.09	21.11	0.117736	03.803
21.09	21.11	0.117753	03.907
21.09	21.11	0.117770	04.007
21.09	21.11	0.117786	04.101
21.09	21.11	0.117803	04.206
21.09	21.11	0.117820	04.300
21.09	21.11	0.117836	04.400
21.09	21.11	0.117853	04.504
21.12	21.11	0.117870	04.599
21.12	21.11	0.117886	04.699
21.12	21.12	0.117903	04.803
21.12	21.12	0.117919	04.898
21.12	21.12	0.117936	04.997
21.12	21.12	0.117953	05.102
21.12	21.12	0.117969	05.196
21.12	21.12	0.117986	05.296
21.12	21.12	0.118003	05.401
21.12	21.12	0.118019	05.495
21.12	21.12	0.118036	05.595
21.12	21.12	0.118053	05.699
21.12	21.12	0.118069	05.795
21.12	21.13	0.118086	05.893
21.12	21.13	0.118103	05.999
21.12	21.13	0.118119	06.093
21.12	21.13	0.118136	06.193
21.12	21.13	0.118153	06.298
21.12	21.13	0.118169	06.392
21.12	21.13	0.118186	06.492
21.12	21.13	0.118203	06.596
21.12	21.13	0.118219	06.692
21.12	21.13	0.118236	06.792
21.12	21.13	0.118253	06.895
21.12	21.13	0.118269	06.993
21.15	21.14	0.118286	07.092
21.15	21.14	0.118303	07.194
21.15	21.14	0.118319	07.292
21.15	21.14	0.118336	07.392
21.15	21.14	0.118353	07.492
21.15	21.14	0.118369	07.592
21.15	21.14	0.118386	07.692
21.15	21.14	0.118403	07.792
21.15	21.14	0.118419	07.893
21.15	21.14	0.118436	07.992
21.15	21.14	0.118453	08.092
21.15	21.14	0.118469	08.192
21.15	21.14	0.118486	08.293
21.15	21.14	0.118503	08.393
21.15	21.14	0.118519	08.493
21.15	21.14	0.118536	08.593
21.15	21.14	0.118553	08.693
21.15	21.14	0.118569	08.794
21.15	21.15	0.118586	08.893
21.15	21.15	0.118603	08.993
21.15	21.15	0.118619	09.093
21.15	21.15	0.118636	09.193
21.15	21.15	0.118653	09.293
21.15	21.15	0.118669	09.393
21.15	21.15	0.118686	09.494
21.15	21.15	0.118703	09.594
21.15	21.15	0.118719	09.695
21.15	21.15	0.118736	09.794
21.15	21.15	0.118752	09.894
21.15	21.15	0.118769	09.994
21.15	21.15	0.118786	10.094
21.15	21.15	0.118802	10.194
21.15	21.16	0.118819	10.294
21.15	21.16	0.118836	10.395
21.15	21.16	0.118852	10.494
21.15	21.16	0.118869	10.595
21.15	21.16	0.118886	10.694
21.12	21.16	0.118902	10.794
21.12	21.16	0.118919	10.894
21.12	21.16	0.118936	10.994
21.12	21.16	0.118952	11.094
21.15	21.16	0.118969	11.194
21.15	21.16	0.118986	11.295
21.15	21.16	0.119002	11.394
21.15	21.16	0.119019	11.494
21.15	21.16	0.119036	11.594
21.15	21.16	0.119052	11.694
21.15	21.16	0.119069	11.794
21.15	21.16	0.119086	11.894
21.15	21.16	0.119102	11.995
21.15	21.16	0.119119	12.094
21.15	21.16	0.119136	12.219
21.17	21.16	0.119152	12.318
21.17	21.16	0.119169	12.423
21.17	21.16	0.119186	12.517
21.17	21.16	0.119202	12.617
21.17	21.16	0.119219	12.722
21.17	21.16	0.119236	12.817
21.17	21.16	0.119252	12.916
21.17	21.16	0.119269	13.021
21.17	21.16	0.119286	13.116
21.17	21.16	0.119302	13.215
21.17	21.16	0.119319	13.320
21.17	21.16	0.119336	13.414
21.17	21.16	0.119352	13.514
21.17	21.16	0.119369	13.618
21.17	21.16	0.119386	13.713
21.17	21.16	0.119402	13.813
21.17	21.16	0.119419	13.917
21.17	21.16	0.119436	14.012
21.17	21.16	0.119452	14.111
21.17	21.16	0.119469	14.216
21.17	21.16	0.119486	14.310
21.17	21.16	0.119502	14.410
21.17	21.17	0.119519	14.514
21.17	21.17	0.119536	14.609
21.17	21.17	0.119552	14.709
21.17	21.17	0.119569	14.813
21.17	21.17	0.119585	14.908
21.17	21.17	0.119602	15.008
21.17	21.17	0.119619	15.112
21.17	21.17	0.119635	15.206
21.17	21.17	0.119652	15.308
21.17	21.17	0.119669	15.410
21.17	21.17	0.119685	15.506
21.17	21.18	0.119702	15.608
21.17	21.18	0.119719	15.709
21.17	21.18	0.119735	15.805
21.17	21.19	0.119752	15.907
21.17	21.19	0.119769	16.009
21.17	21.19	0.119785	16.103
21.17	21.19	0.119802	16.208
21.17	21.19	0.119819	16.308
21.17	21.19	0.119835	16.402
21.17	21.19	0.119852	16.507
21.17	21.19	0.119869	16.606
21.17	21.19	0.119885	16.701
21.17	21.19	0.119902	16.805
21.17	21.19	0.119919	16.905
21.20	21.19	0.119935	17.000
21.20	21.19	0.119952	17.104
21.20	21.19	0.119969	17.204
21.20	21.19	0.119985	17.298
21.20	21.19	0.120002	17.403
21.20	21.19	0.120019	17.497
21.20	21.19	0.120035	17.597
21.20	21.19	0.120052	17.701
21.20	21.19	0.120069	17.796
21.20	21.19	0.120085	17.896
21.20	21.19	0.120102	18.000
21.20	21.19	0.120119	18.095
21.20	21.19	0.120135	18.194
21.20	21.20	0.120152	18.299
21.20	21.20	0.120169	18.394
21.20	21.20	0.120185	18.494
21.20	21.20	0.120202	18.598
21.20	21.20	0.120219	18.694
21.20	21.20	0.120235	18.794
21.20	21.20	0.120252	18.897
21.20	21.20	0.120269	18.994
21.20	21.20	0.120285	19.094
21.20	21.20	0.120302	19.196
21.20	21.20	0.120319	19.294
21.20	21.21	0.120335	19.394
21.20	21.21	0.120352	19.495
21.20	21.22	0.120369	19.594
21.20	21.22	0.120385	19.694
21.20	21.22	0.120402	19.794
21.20	21.22	0.120418	19.894
21.20	21.22	0.120435	19.994
21.20	21.22	0.120452	20.094
21.20	21.22	0.120468	20.195
21.20	21.22	0.120485	20.294
21.20	21.22	0.120502	20.395
21.20	21.22	0.120518	20.494
21.20	21.23	0.120535	20.594
21.20	21.23	0.120552	20.694
21.20	21.24	0.120568	20.794
21.22	21.24	0.120585	20.894
21.22	21.24	0.120602	20.994
21.22	21.24	0.120618	21.095
21.22	21.24	0.120635	21.194
21.22	21.24	0.120652	21.295
21.22	21.24	0.120668	21.394
21.22	21.24	0.120685	21.495
21.22	21.24	0.120702	21.595
21.25	21.25	0.120718	21.695
21.25	21.25	0.120735	21.795
21.25	21.25	0.120752	21.895
21.25	21.26	0.120768	21.996
21.25	21.26	0.120785	22.095
21.25	21.26	0.120802	22.195
21.25	21.26	0.120818	22.295
21.27	21.26	0.120835	22.395
21.27	21.26	0.120852	22.495
21.27	21.26	0.120868	22.595
21.27	21.26	0.120885	22.696
21.27	21.26	0.120902	22.795
21.27	21.26	0.120918	22.896
21.27	21.27	0.120935	22.995
21.27	21.27	0.120952	23.095
21.27	21.27	0.120968	23.195
21.27	21.27	0.120985	23.295
21.27	21.27	0.121002	23.395
21.27	21.27	0.121018	23.495
21.27	21.27	0.121035	23.596
21.30	21.27	0.121052	23.695
21.30	21.27	0.121068	23.796
21.30	21.27	0.121085	23.895
21.30	21.28	0.121102	23.995
21.30	21.28	0.121118	24.095
21.30	21.28	0.121135	24.195
21.30	21.29	0.121152	24.295
21.30	21.29	0.121168	24.395
21.30	21.29	0.121185	24.524
21.30	21.29	0.121202	24.619
21.30	21.29	0.121218	24.724
21.30	21.29	0.121235	24.823
21.30	21.29	0.121251	24.918
21.27	21.29	0.121268	25.022
21.27	21.29	0.121285	25.122
21.27	21.29	0.121301	25.216
21.27	21.29	0.121318	25.321
21.27	21.30	0.121335	25.416
21.27	21.30	0.121351	25.515
21.27	21.30	0.121368	25.620
21.30	21.30	0.121385	25.714
21.30	21.30	0.121401	25.814
21.30	21.30	0.121418	25.918
21.30	21.30	0.121435	26.014
21.30	21.30	0.121451	26.113
21.30	21.30	0.121468	26.218
21.30	21.30	0.121485	26.313
21.30	21.30	0.121501	26.412
21.30	21.31	0.121518	26.517
21.30	21.31	0.121535	26.611
21.30	21.31	0.121551	26.711
21.33	21.31	0.121568	26.815
21.33	21.31	0.121585	26.910
21.33	21.31	0.121601	27.010
21.33	21.31	0.121618	27.114
21.33	21.31	0.121635	27.209
21.33	21.31	0.121651	27.308
21.33	21.31	0.121668	27.413
21.33	21.32	0.121685	27.507
21.33	21.32	0.121701	27.607
21.33	21.32	0.121718	27.712
21.33	21.32	0.121735	27.806
21.33	21.32	0.121751	27.906
21.33	21.32	0.121768	28.010
21.33	21.32	0.121785	28.105
21.33	21.32	0.121801	28.205
21.33	21.32	0.121818	28.309
21.33	21.32	0.121835	28.403
21.33	21.32	0.121851	28.505
21.33	21.32	0.121868	28.608
21.33	21.33	0.121885	28.702
21.33	21.33	0.121901	28.805
21.33	21.33	0.121918	28.907
21.33	21.33	0.121935	29.001
21.33	21.33	0.121951	29.105
21.33	21.33	0.121968	29.206
21.33	21.33	0.121985	29.301
21.33	21.33	0.122001	29.405
21.33	21.33	0.122018	29.505
21.33	21.33	0.122035	29.599
21.33	21.33	0.122051	29.704
21.33	21.33	0.122068	29.803
21.33	21.34	0.122084	29.898
21.33	21.34	0.122101	30.002
21.33	21.34	0.122118	30.102
21.33	21.34	0.122134	30.197
21.33	21.34	0.122151	30.301
21.33	21.34	0.122168	30.401
21.33	21.34	0.122184	30.496
21.33	21.34	0.122201	30.600
21.33	21.34	0.122218	30.700
21.33	21.34	0.122234	30.796
21.33	21.34	0.122251	30.898
21.33	21.34	0.122268	31.000
21.33	21.34	0.122284	31.097
21.33	21.34	0.122301	31.197
21.33	21.34	0.122318	31.300
21.33	21.34	0.122334	31.396
21.33	21.34	0.122351	31.496
21.33	21.34	0.122368	31.600
21.33	21.34	0.122384	31.696
21.33	21.34	0.122401	31.797
21.33	21.34	0.122418	31.900
21.33	21.34	0.122434	31.997
21.33	21.34	0.122451	32.096
21.33	21.34	0.122468	32.200
21.35	21.34	0.122484	32.296
21.35	21.34	0.122501	32.396
21.35	21.34	0.122518	32.499
21.35	21.34	0.122534	32.596
21.35	21.34	0.122551	32.697
21.35	21.34	0.122568	32.800
21.35	21.34	0.122584	32.896
21.35	21.34	0.122601	32.996
21.35	21.34	0.122618	33.100
21.35	21.34	0.122634	33.196
21.35	21.34	0.122651	33.296
21.35	21.34	0.122668	33.399
21.35	21.34	0.122684	33.496
21.35	21.34	0.122701	33.597
21.35	21.34	0.122718	33.700
21.35	21.34	0.122734	33.796
21.35	21.34	0.122751	33.896
21.35	21.34	0.122768	34.000
21.35	21.34	0.122784	34.096
21.35	21.34	0.122801	34.196
21.35	21.34	0.122818	34.300
21.35	21.34	0.122834	34.396
21.35	21.34	0.122851	34.498
21.35	21.34	0.122868	34.599
21.35	21.34	0.122884	34.697
21.35	21.34	0.122901	34.797
21.35	21.34	0.122917	34.900
21.35	21.34	0.122934	34.997
21.35	21.34	0.122951	35.097
21.35	21.34	0.122967	35.200
21.35	21.34	0.122984	35.297
21.35	21.34	0.123001	35.397
21.35	21.34	0.123017	35.499
21.35	21.34	0.123034	35.597
21.35	21.34	0.123051	35.698
21.33	21.34	0.123067	35.799
21.33	21.34	0.123084	35.898
21.33	21.34	0.123101	35.998
21.33	21.34	0.123117	36.100
21.33	21.34	0.123134	36.198
21.33	21.34	0.123151	36.322
21.33	21.34	0.123167	36.399
21.33	21.34	0.123184	36.527
21.33	21.34	0.123201	36.621
21.33	21.34	0.123217	36.699
21.33	21.34	0.123234	36.825
21.33	21.34	0.123251	36.920
21.33	21.34	0.123267	36.999
21.33	21.34	0.123284	37.124
21.33	21.34	0.123301	37.219
21.33	21.34	0.123317	37.323
21.35	21.34	0.123334	37.423
21.35	21.34	0.123351	37.517
21.35	21.34	0.123367	37.622
21.35	21.34	0.123384	37.722
21.35	21.34	0.123401	37.816
21.35	21.34	0.123417	37.921
21.35	21.34	0.123434	38.020
21.35	21.34	0.123451	38.115
21.35	21.35	0.123467	38.219
21.35	21.35	0.123484	38.319
21.35	21.35	0.123501	38.413
21.35	21.35	0.123517	38.518
21.35	21.35	0.123534	38.613
21.35	21.35	0.123551	38.712
21.35	21.35	0.123567	38.817
21.35	21.35	0.123584	38.911
21.35	21.35	0.123601	39.011
21.35	21.35	0.123617	39.115
21.35	21.35	0.123634	39.211
21.35	21.35	0.123651	39.311
21.35	21.35	0.123667	39.415
21.35	21.35	0.123684	39.510
21.35	21.35	0.123701	39.609
21.35	21.35	0.123717	39.714
21.35	21.35	0.123734	39.808
21.35	21.35	0.123750	39.908
21.35	21.35	0.123767	40.012
21.35	21.35	0.123784	40.107
21.35	21.35	0.123800	40.207
21.35	21.35	0.123817	40.311
21.35	21.36	0.123834	40.406
21.35	21.36	0.123850	40.505
21.35	21.36	0.123867	40.610
21.35	21.36	0.123884	40.704
21.35	21.36	0.123900	40.804
21.35	21.36	0.123917	40.908
21.35	21.36	0.123934	41.003
21.35	21.36	0.123950	41.103
21.35	21.36	0.123967	41.207
21.35	21.36	0.123984	41.302
21.35	21.36	0.124000	41.402
21.35	21.36	0.124017	41.506
21.35	21.36	0.124034	41.600
21.35	21.37	0.124050	41.702
21.35	21.37	0.124067	41.805
21.35	21.37	0.124084	41.899
21.35	21.37	0.124100	42.003
21.35	21.37	0.124117	42.103
21.35	21.37	0.124134	42.199
21.35	21.37	0.124150	42.302
21.35	21.37	0.124167	42.403
21.38	21.37	0.124184	42.499
21.38	21.37	0.124200	42.602
21.38	21.37	0.124217	42.702
21.38	21.38	0.124234	42.799
21.38	21.38	0.124250	42.901
21.38	21.38	0.124267	43.000
21.38	21.38	0.124284	43.099
21.38	21.38	0.124300	43.199
21.38	21.38	0.124317	43.299
21.38	21.38	0.124334	43.400
21.38	21.38	0.124350	43.499
21.38	21.38	0.124367	43.600
21.38	21.38	0.124384	43.699
21.38	21.38	0.124400	43.799
21.38	21.38	0.124417	43.899
21.38	21.39	0.124434	43.999
21.38	21.39	0.124450	44.099
21.38	21.39	0.124467	44.199
21.38	21.39	0.124484	44.300
21.38	21.39	0.124500	44.399
21.40	21.39	0.124517	44.500
21.40	21.39	0.124534	44.599
21.40	21.39	0.124550	44.699
21.40	21.39	0.124567	44.799
21.40	21.39	0.124583	44.899
21.40	21.39	0.124600	44.999
21.40	21.39	0.124617	45.099
21.40	21.40	0.124633	45.200
21.40	21.40	0.124650	45.299
21.40	21.40	0.124667	45.399
21.40	21.40	0.124683	45.499
21.40	21.40	0.124700	45.599
21.40	21.40	0.124717	45.699
21.40	21.40	0.124733	45.799
21.40	21.40	0.124750	45.900
21.40	21.40	0.124767	45.999
21.40	21.40	0.124783	46.100
21.40	21.40	0.124800	46.199
21.40	21.40	0.124817	46.299
21.40	21.41	0.124833	46.399
21.40	21.41	0.124850	46.499
21.40	21.41	0.124867	46.599
21.40	21.41	0.124883	46.699
21.40	21.41	0.124900	46.800
21.40	21.41	0.124917	46.899
21.40	21.41	0.124933	46.999
21.40	21.41	0.124950	47.099
21.40	21.41	0.124967	47.199
21.40	21.41	0.124983	47.299
21.40	21.41	0.125000	47.399
21.40	21.41	0.125017	47.500
21.43	21.41	0.125033	47.599
21.43	21.41	0.125050	47.700
21.43	21.41	0.125067	47.799
21.43	21.41	0.125083	47.899
21.43	21.41	0.125100	47.999
21.43	21.41	0.125117	48.099
21.43	21.41	0.125133	48.199
21.43	21.41	0.125150	48.299
21.43	21.41	0.125167	48.423
21.43	21.41	0.125183	48.528
21.43	21.41	0.125200	48.598
21.43	21.41	0.125217	48.722
21.43	21.41	0.125233	48.827
21.40	21.41	0.125250	48.921
21.40	21.41	0.125267	49.021
21.40	21.41	0.125283	49.125
21.40	21.41	0.125300	49.220
21.40	21.41	0.125317	49.321
21.40	21.41	0.125333	49.425
21.40	21.41	0.125350	49.520
21.40	21.41	0.125367	49.621
21.40	21.41	0.125383	49.724
21.40	21.41	0.125400	49.818
21.40	21.42	0.125416	49.921
21.40	21.42	0.125433	50.022
21.40	21.42	0.125450	50.117
21.40	21.42	0.125466	50.221
21.40	21.42	0.125483	50.321
21.40	21.42	0.125500	50.416
21.40	21.42	0.125516	50.520
21.43	21.42	0.125533	50.620
21.43	21.42	0.125550	50.714
21.43	21.42	0.125566	50.819
21.43	21.43	0.125583	50.918
21.43	21.43	0.125600	51.013
21.43	21.43	0.125616	51.118
21.43	21.43	0.125633	51.217
21.43	21.43	0.125650	51.312
21.43	21.43	0.125666	51.416
21.43	21.43	0.125683	51.516
21.43	21.43	0.125700	51.611
21.43	21.43	0.125716	51.715
21.43	21.43	0.125733	51.810
21.43	21.44	0.125750	51.909
21.43	21.44	0.125766	52.014
21.43	21.45	0.125783	52.108
21.43	21.45	0.125800	52.208
21.43	21.45	0.125816	52.312
21.43	21.45	0.125833	52.408
21.43	21.45	0.125850	52.508
21.43	21.45	0.125866	52.612
21.45	21.45	0.125883	52.707
21.45	21.45	0.125900	52.806
21.45	21.45	0.125916	52.911
21.45	21.45	0.125933	53.005
21.45	21.46	0.125950	53.105
21.45	21.46	0.125966	53.209
21.45	21.46	0.125983	53.304
21.45	21.46	0.126000	53.404
21.45	21.46	0.126016	53.508
21.45	21.46	0.126033	53.603
21.45	21.46	0.126050	53.702
21.45	21.46	0.126066	53.807
21.48	21.46	0.126083	53.901
21.48	21.46	0.126100	54.001
21.48	21.46	0.126116	54.106
21.48	21.47	0.126133	54.200
21.48	21.47	0.126150	54.300
21.48	21.47	0.126166	54.404
21.48	21.47	0.126183	54.499
21.48	21.47	0.126200	54.599
21.48	21.47	0.126216	54.703
21.48	21.47	0.126233	54.799
21.48	21.47	0.126249	54.900
21.48	21.47	0.126266	55.002
21.48	21.47	0.126283	55.100
21.48	21.47	0.126299	55.200
21.48	21.47	0.126316	55.301
21.48	21.47	0.126333	55.400
21.48	21.47	0.126349	55.500
21.48	21.47	0.126366	55.600
21.48	21.47	0.126383	55.701
21.48	21.47	0.126399	55.800
21.45	21.47	0.126416	55.901
21.45	21.47	0.126433	56.000
21.45	21.47	0.126449	56.100
21.45	21.47	0.126466	56.200
21.45	21.47	0.126483	56.300
21.45	21.47	0.126499	56.400
21.45	21.47	0.126516	56.500
21.45	21.47	0.126533	56.602
21.45	21.47	0.126549	56.701
21.45	21.47	0.126566	56.801
21.48	21.47	0.126583	56.901
21.48	21.47	0.126599	57.001
21.48	21.47	0.126616	57.101
21.48	21.47	0.126633	57.201
21.48	21.47	0.126649	57.302
21.48	21.47	0.126666	57.401
21.48	21.47	0.126683	57.502
21.48	21.47	0.126699	57.601
21.48	21.47	0.126716	57.701
21.48	21.47	0.126733	57.801
21.48	21.47	0.126749	57.901
21.48	21.47	0.126766	58.001
21.48	21.47	0.126783	58.101
21.48	21.47	0.126799	58.202
21.48	21.47	0.126816	58.301
21.48	21.47	0.126833	58.401
21.48	21.47	0.126849	58.502
21.48	21.47	0.126866	58.602
21.48	21.47	0.126883	58.702
21.48	21.47	0.126899	58.802
21.48	21.47	0.126916	58.902
21.48	21.47	0.126933	59.002
21.48	21.47	0.126949	59.104
21.48	21.47	0.126966	59.203
21.48	21.47	0.126983	59.303
21.48	21.47	0.126999	59.403
21.48	21.47	0.127016	59.503
21.48	21.47	0.127033	59.634
21.48	21.47	0.127049	59.704
21.48	21.47	0.127066	59.828
21.48	21.47	0.127082	59.933
21.45	21.47	0.127099	00.028
21.45	21.47	0.127116	00.127
21.45	21.47	0.127132	00.232
21.45	21.47	0.127149	00.326
21.45	21.47	0.127166	00.426
21.45	21.46	0.127182	00.530
21.45	21.46	0.127199	00.625
21.45	21.46	0.127216	00.724
21.45	21.45	0.127232	00.829
21.45	21.45	0.127249	00.924
21.45	21.45	0.127266	01.023
21.45	21.45	0.127282	01.128
21.45	21.45	0.127299	01.222
21.45	21.45	0.127316	01.322
21.45	21.45	0.127332	01.426
21.45	21.45	0.127349	01.521
21.45	21.45	0.127366	01.621
21.45	21.45	0.127382	01.725
21.45	21.45	0.127399	01.820
21.45	21.45	0.127416	01.919
21.45	21.45	0.127432	02.024
21.48	21.45	0.127449	02.118
21.48	21.45	0.127466	02.218
21.48	21.45	0.127482	02.322
21.48	21.45	0.127499	02.417
21.48	21.45	0.127516	02.519
21.48	21.45	0.127532	02.622
21.45	21.45	0.127549	02.717
21.45	21.45	0.127566	02.818
21.45	21.45	0.127582	02.921
21.45	21.45	0.127599	03.015
21.45	21.45	0.127616	03.118
21.45	21.45	0.127632	03.220
21.45	21.45	0.127649	03.314
21.45	21.45	0.127666	03.418
21.45	21.45	0.127682	03.518
21.45	21.45	0.127699	03.613
21.45	21.45	0.127716	03.717
21.43	21.45	0.127732	03.817
21.43	21.45	0.127749	03.911
21.43	21.45	0.127766	04.016
21.43	21.45	0.127782	04.116
21.43	21.45	0.127799	04.210
21.43	21.44	0.127816	04.315
21.43	21.44	0.127832	04.414
21.43	21.44	0.127849	04.509
21.43	21.44	0.127866	04.613
21.43	21.44	0.127882	04.713
21.43	21.44	0.127899	04.808
21.43	21.44	0.127915	04.912
21.43	21.44	0.127932	05.007
21.43	21.44	0.127949	05.106
21.45	21.44	0.127965	05.211
21.45	21.44	0.127982	05.306
21.45	21.44	0.127999	05.406
21.45	21.44	0.128015	05.510
21.45	21.44	0.128032	05.605
21.45	21.44	0.128049	05.706
21.45	21.43	0.128065	05.809
21.45	21.43	0.128082	05.905
21.45	21.43	0.128099	06.005
21.45	21.43	0.128115	06.108
21.45	21.43	0.128132	06.205
21.43	21.43	0.128149	06.305
21.43	21.43	0.128165	06.407
21.43	21.43	0.128182	06.505
21.43	21.43	0.128199	06.606
21.43	21.42	0.128215	06.705
21.43	21.42	0.128232	06.805
21.43	21.42	0.128249	06.905
21.43	21.42	0.128265	07.005
21.43	21.42	0.128282	07.105
21.43	21.42	0.128299	07.205
21.43	21.42	0.128315	07.306
21.43	21.42	0.128332	07.405
21.43	21.42	0.128349	07.505
21.43	21.42	0.128365	07.605
21.40	21.41	0.128382	07.705
21.40	21.41	0.128399	07.805
21.40	21.41	0.128415	07.905
21.40	21.41	0.128432	08.005
21.40	21.41	0.128449	08.105
21.40	21.41	0.128465	08.206
21.40	21.41	0.128482	08.305
21.40	21.41	0.128499	08.405
21.40	21.41	0.128515	08.505
21.40	21.41	0.128532	08.605
21.40	21.41	0.128549	08.705
21.40	21.41	0.128565	08.805
21.40	21.41	0.128582	08.906
21.40	21.41	0.128599	09.005
21.40	21.41	0.128615	09.106
21.40	21.41	0.128632	09.205
21.40	21.41	0.128649	09.305
21.40	21.41	0.128665	09.405
21.40	21.41	0.128682	09.505
21.40	21.41	0.128699	09.605
21.40	21.41	0.128715	09.705
21.40	21.41	0.128732	09.807
21.40	21.41	0.128748	09.906
21.40	21.41	0.128765	10.006
21.40	21.41	0.128782	10.106
21.40	21.41	0.128798	10.206
21.40	21.41	0.128815	10.306
21.40	21.41	0.128832	10.406
21.40	21.41	0.128848	10.507
21.40	21.41	0.128865	10.606
21.40	21.41	0.128882	10.707
21.40	21.41	0.128898	10.806
21.40	21.41	0.128915	10.906
21.40	21.41	0.128932	11.006
21.40	21.41	0.128948	11.106
21.40	21.41	0.128965	11.206
21.40	21.41	0.128982	11.306
21.40	21.41	0.128998	11.407
21.40	21.41	0.129015	11.506
21.40	21.41	0.129032	11.636
21.40	21.41	0.129048	11.735
21.40	21.41	0.129065	11.830
21.40	21.41	0.129082	11.934
21.40	21.41	0.129098	12.034
21.40	21.41	0.129115	12.128
21.40	21.41	0.129132	12.233
21.40	21.41	0.129148	12.332
21.40	21.41	0.129165	12.427
21.40	21.41	0.129182	12.532
21.40	21.41	0.129198	12.631
21.40	21.41	0.129215	12.726
21.40	21.41	0.129232	12.830
21.43	21.41	0.129248	12.926
21.43	21.41	0.129265	13.025
21.43	21.41	0.129282	13.129
21.43	21.41	0.129298	13.224
21.43	21.41	0.129315	13.324
21.43	21.41	0.129332	13.428
21.43	21.41	0.129348	13.523
21.43	21.41	0.129365	13.622
21.43	21.41	0.129382	13.727
21.43	21.41	0.129398	13.821
21.43	21.41	0.129415	13.921
21.43	21.41	0.129432	14.026
21.43	21.41	0.129448	14.120
21.43	21.41	0.129465	14.220
21.40	21.41	0.129482	14.325
21.40	21.41	0.129498	14.419
21.40	21.41	0.129515	14.518
21.40	21.41	0.129532	14.624
21.40	21.41	0.129548	14.718
21.40	21.41	0.129565	14.818
21.40	21.41	0.129581	14.923
21.40	21.41	0.129598	15.017
21.40	21.41	0.129615	15.117
21.40	21.41	0.129631	15.221
21.40	21.41	0.129648	15.316
21.40	21.41	0.129665	15.415
21.40	21.40	0.129681	15.520
21.40	21.40	0.129698	15.615
21.40	21.40	0.129715	15.715
21.40	21.40	0.129731	15.819
21.40	21.40	0.129748	15.913
21.40	21.40	0.129765	16.016
21.40	21.40	0.129781	16.117
21.40	21.40	0.129798	16.212
21.40	21.40	0.129815	16.316
21.40	21.40	0.129831	16.416
21.40	21.40	0.129848	16.511
21.40	21.40	0.129865	16.615
21.40	21.40	0.129881	16.715
21.40	21.40	0.129898	16.809
21.40	21.40	0.129915	16.914
21.40	21.40	0.129931	17.013
21.40	21.40	0.129948	17.108
21.40	21.40	0.129965	17.213
21.40	21.40	0.129981	17.312
21.40	21.40	0.129998	17.407
21.40	21.40	0.130015	17.512
21.40	21.40	0.130031	17.611
21.40	21.40	0.130048	17.707
21.40	21.40	0.130065	17.811
21.40	21.40	0.130081	17.911
21.40	21.40	0.130098	18.007
21.40	21.40	0.130115	18.110
21.40	21.40	0.130131	18.210
21.40	21.40	0.130148	18.307
21.40	21.40	0.130165	18.408
21.40	21.40	0.130181	18.511
21.40	21.40	0.130198	18.607
21.40	21.40	0.130215	18.707
21.40	21.40	0.130231	18.811
21.40	21.40	0.130248	18.907
21.40	21.40	0.130265	19.007
21.40	21.39	0.130281	19.110
21.40	21.39	0.130298	19.207
21.40	21.39	0.130315	19.307
21.40	21.39	0.130331	19.410
21.40	21.39	0.130348	19.507
21.40	21.39	0.130365	19.607
21.40	21.39	0.130381	19.711
21.40	21.39	0.130398	19.807
21.40	21.39	0.130414	19.907
21.40	21.39	0.130431	20.010
21.40	21.39	0.130448	20.107
21.38	21.39	0.130464	20.207
21.38	21.39	0.130481	20.310
21.38	21.39	0.130498	20.408
21.38	21.39	0.130514	20.507
21.38	21.39	0.130531	20.610
21.38	21.39	0.130548	20.707
21.38	21.39	0.130564	20.807
21.38	21.39	0.130581	20.910
21.38	21.39	0.130598	21.007
21.38	21.39	0.130614	21.107
21.38	21.39	0.130631	21.210
21.38	21.39	0.130648	21.308
21.38	21.39	0.130664	21.407
21.38	21.39	0.130681	21.510
21.38	21.39	0.130698	21.607
21.38	21.39	0.130714	21.707
21.38	21.39	0.130731	21.809
21.38	21.39	0.130748	21.907
21.38	21.39	0.130764	22.008
21.38	21.39	0.130781	22.110
21.38	21.39	0.130798	22.208
21.38	21.39	0.130814	22.307
21.38	21.39	0.130831	22.410
21.38	21.39	0.130848	22.507
21.38	21.39	0.130864	22.607
21.38	21.39	0.130881	22.709
21.38	21.40	0.130898	22.807
21.38	21.40	0.130914	22.908
21.38	21.40	0.130931	23.009
21.38	21.40	0.130948	23.107
21.38	21.40	0.130964	23.207
21.40	21.40	0.130981	23.310
21.40	21.40	0.130998	23.407
21.40	21.40	0.131014	23.507
21.40	21.40	0.131031	23.609
21.40	21.40	0.131048	23.707
21.40	21.40	0.131064	23.832
21.40	21.40	0.131081	23.909
21.40	21.40	0.131098	24.006
21.40	21.40	0.131114	24.130
21.40	21.40	0.131131	24.209
21.40	21.40	0.131148	24.334
21.40	21.40	0.131164	24.429
21.40	21.40	0.131181	24.510
21.40	21.40	0.131198	24.633
21.40	21.40	0.131214	24.728
21.40	21.40	0.131231	24.832
21.40	21.40	0.131247	24.933
21.40	21.40	0.131264	25.027
21.43	21.40	0.131281	25.132
21.43	21.40	0.131297	25.231
21.43	21.40	0.131314	25.326
21.43	21.40	0.131331	25.431
21.43	21.40	0.131347	25.530
21.43	21.40	0.131364	25.625
21.43	21.40	0.131381	25.729
21.40	21.40	0.131397	25.824
21.40	21.40	0.131414	25.923
21.40	21.40	0.131431	26.028
21.40	21.40	0.131447	26.122
21.40	21.40	0.131464	26.222
21.40	21.40	0.131481	26.327
21.40	21.40	0.131497	26.421
21.40	21.40	0.131514	26.521
21.40	21.40	0.131531	26.625
21.40	21.40	0.131547	26.720
21.40	21.40	0.131564	26.819
21.40	21.40	0.131581	26.924
21.40	21.40	0.131597	27.019
21.40	21.40	0.131614	27.118
21.40	21.40	0.131631	27.223
21.40	21.40	0.131647	27.317
21.40	21.40	0.131664	27.417
21.38	21.40	0.131681	27.521
21.38	21.40	0.131697	27.616
21.38	21.40	0.131714	27.715
21.38	21.40	0.131731	27.821
21.38	21.40	0.131747	27.916
21.38	21.41	0.131764	28.015
21.38	21.41	0.131781	28.120
21.38	21.41	0.131797	28.214
21.38	21.41	0.131814	28.314
21.38	21.41	0.131831	28.418
21.40	21.41	0.131847	28.513
21.40	21.41	0.131864	28.613
21.40	21.41	0.131881	28.717
21.40	21.41	0.131897	28.812
21.40	21.41	0.131914	28.913
21.40	21.41	0.131931	29.016
21.40	21.42	0.131947	29.110
21.40	21.42	0.131964	29.213
21.40	21.42	0.131981	29.314
21.40	21.42	0.131997	29.409
21.43	21.42	0.132014	29.513
21.43	21.42	0.132031	29.613
21.43	21.42	0.132047	29.708
21.43	21.42	0.132064	29.812
21.43	21.42	0.132080	29.912
21.43	21.42	0.132097	30.009
21.43	21.42	0.132114	30.111
21.43	21.43	0.132130	30.210
21.43	21.43	0.132147	30.309
21.43	21.43	0.132164	30.410
21.43	21.43	0.132180	30.509
21.43	21.43	0.132197	30.609
21.43	21.43	0.132214	30.709
21.43	21.43	0.132230	30.809
21.43	21.43	0.132247	30.909
21.43	21.43	0.132264	31.009
21.43	21.43	0.132280	31.110
21.43	21.43	0.132297	31.209
21.43	21.43	0.132314	31.310
21.43	21.43	0.132330	31.409
21.43	21.43	0.132347	31.509
21.43	21.43	0.132364	31.609
21.43	21.43	0.132380	31.709
21.43	21.43	0.132397	31.809
21.43	21.43	0.132414	31.909
21.43	21.43	0.132430	32.010
21.43	21.43	0.132447	32.109
21.43	21.43	0.132464	32.209
21.43	21.43	0.132480	32.309
21.43	21.43	0.132497	32.409
21.43	21.43	0.132514	32.509
21.43	21.43	0.132530	32.609
21.43	21.43	0.132547	32.709
21.43	21.43	0.132564	32.809
21.43	21.43	0.132580	32.910
21.43	21.44	0.132597	33.009
21.43	21.44	0.132614	33.109
21.43	21.44	0.132630	33.209
21.43	21.44	0.132647	33.309
21.43	21.44	0.132664	33.409
21.43	21.44	0.132680	33.509
21.43	21.44	0.132697	33.610
21.43	21.44	0.132714	33.709
21.43	21.44	0.132730	33.810
21.43	21.44	0.132747	33.909
21.43	21.44	0.132764	34.009
21.45	21.44	0.132780	34.109
21.45	21.44	0.132797	34.209
21.45	21.44	0.132814	34.309
21.45	21.44	0.132830	34.409
21.45	21.44	0.132847	34.510
21.45	21.44	0.132864	34.609
21.45	21.44	0.132880	34.709
21.45	21.44	0.132897	34.809
21.45	21.44	0.132913	34.909
21.45	21.44	0.132930	35.009
21.45	21.45	0.132947	35.109
21.45	21.45	0.132963	35.210
21.45	21.45	0.132980	35.309
21.45	21.45	0.132997	35.410
21.45	21.45	0.133013	35.509
21.45	21.45	0.133030	35.609
21.45	21.45	0.133047	35.709
21.45	21.45	0.133063	35.809
21.45	21.45	0.133080	35.933
21.45	21.45	0.133097	36.038
21.45	21.46	0.133113	36.132
21.45	21.46	0.133130	36.232
21.45	21.46	0.133147	36.337
21.45	21.46	0.133163	36.431
21.45	21.46	0.133180	36.532
21.45	21.46	0.133197	36.635
21.45	21.46	0.133213	36.730
21.45	21.46	0.133230	36.831
21.45	21.46	0.133247	36.934
21.45	21.47	0.133263	37.029
21.45	21.47	0.133280	37.131
21.45	21.47	0.133297	37.233
21.45	21.48	0.133313	37.327
21.45	21.48	0.133330	37.431
21.45	21.48	0.133347	37.531
21.45	21.48	0.133363	37.626
21.45	21.48	0.133380	37.730
21.45	21.48	0.133397	37.830
21.48	21.48	0.133413	37.926
21.48	21.48	0.133430	38.030
21.48	21.48	0.133447	38.130
21.48	21.48	0.133463	38.224
21.48	21.49	0.133480	38.329
21.48	21.49	0.133497	38.428
21.48	21.49	0.133513	38.523
21.48	21.49	0.133530	38.627
21.48	21.49	0.133547	38.727
21.50	21.49	0.133563	38.822
21.50	21.49	0.133580	38.926
21.50	21.49	0.133597	39.021
21.50	21.49	0.133613	39.120
21.50	21.49	0.133630	39.225
21.50	21.49	0.133647	39.319
21.50	21.49	0.133663	39.419
21.50	21.50	0.133680	39.524
21.50	21.50	0.133697	39.618
21.50	21.50	0.133713	39.718
21.50	21.50	0.133730	39.822
21.50	21.50	0.133746	39.917
21.50	21.50	0.133763	40.016
21.50	21.50	0.133780	40.121
21.53	21.50	0.133796	40.215
21.53	21.50	0.133813	40.316
21.53	21.50	0.133830	40.421
21.53	21.50	0.133846	40.515
21.53	21.50	0.133863	40.615
21.53	21.50	0.133880	40.719
21.53	21.50	0.133896	40.814
21.53	21.50	0.133913	40.913
21.50	21.50	0.133930	41.018
21.50	21.50	0.133946	41.113
21.50	21.50	0.133963	41.212
21.50	21.50	0.133980	41.317
21.50	21.50	0.133996	41.411
21.50	21.50	0.134013	41.511
21.50	21.50	0.134030	41.615
21.50	21.50	0.134046	41.710
21.50	21.50	0.134063	41.810
21.50	21.50	0.134080	41.914
21.50	21.50	0.134096	42.011
21.50	21.50	0.134113	42.110
21.50	21.50	0.134130	42.213
21.50	21.50	0.134146	42.310
21.50	21.50	0.134163	42.410
21.50	21.50	0.134180	42.511
21.50	21.51	0.134196	42.610
21.48	21.51	0.134213	42.711
21.48	21.51	0.134230	42.810
21.48	21.51	0.134246	42.911
21.48	21.51	0.134263	43.010
21.48	21.51	0.134280	43.110
21.50	21.51	0.134296	43.210
21.50	21.51	0.134313	43.310
21.50	21.51	0.134330	43.410
21.50	21.51	0.134346	43.510
21.50	21.51	0.134363	43.610
21.50	21.51	0.134380	43.710
21.50	21.52	0.134396	43.811
21.50	21.52	0.134413	43.910
21.50	21.52	0.134430	44.010
21.50	21.52	0.134446	44.110
21.50	21.52	0.134463	44.210
21.50	21.52	0.134480	44.310
21.53	21.52	0.134496	44.410
21.53	21.52	0.134513	44.511
21.53	21.52	0.134530	44.610
21.53	21.52	0.134546	44.711
21.53	21.52	0.134563	44.811
21.53	21.52	0.134579	44.911
21.53	21.52	0.134596	45.011
21.53	21.52	0.134613	45.111
21.53	21.52	0.134629	45.211
21.53	21.52	0.134646	45.311
21.53	21.52	0.134663	45.412
21.53	21.52	0.134679	45.511
21.53	21.52	0.134696	45.611
21.53	21.52	0.134713	45.712
21.53	21.52	0.134729	45.812
21.53	21.52	0.134746	45.912
21.53	21.52	0.134763	46.012
21.53	21.52	0.134779	46.113
21.53	21.52	0.134796	46.212
21.53	21.52	0.134813	46.313
21.53	21.52	0.134829	46.412
21.53	21.52	0.134846	46.512
21.53	21.52	0.134863	46.612
21.53	21.52	0.134879	46.712
21.53	21.52	0.134896	46.812
21.53	21.53	0.134913	46.912
21.53	21.53	0.134929	47.013
21.53	21.53	0.134946	47.112
21.53	21.53	0.134963	47.212
21.53	21.53	0.134979	47.312
21.53	21.53	0.134996	47.412
21.53	21.53	0.135013	47.511
21.53	21.53	0.135029	47.611
21.53	21.53	0.135046	47.740
21.53	21.53	0.135063	47.835
21.53	21.53	0.135079	47.935
21.53	21.53	0.135096	48.039
21.53	21.53	0.135113	48.134
21.53	21.53	0.135129	48.233
21.53	21.53	0.135146	48.339
21.53	21.53	0.135163	48.433
21.53	21.53	0.135179	48.533
21.53	21.53	0.135196	48.637
21.53	21.53	0.135213	48.732
21.53	21.53	0.135229	48.832
21.53	21.53	0.135246	48.936
21.53	21.53	0.135263	49.031
21.53	21.53	0.135279	49.130
21.53	21.53	0.135296	49.235
21.53	21.53	0.135313	49.329
21.53	21.53	0.135329	49.429
21.53	21.54	0.135346	49.534
21.53	21.54	0.135363	49.628
21.53	21.54	0.135379	49.728
21.53	21.54	0.135396	49.832
21.53	21.54	0.135412	49.927
21.53	21.54	0.135429	50.028
21.53	21.54	0.135446	50.131
21.53	21.54	0.135462	50.226
21.53	21.54	0.135479	50.328
21.53	21.54	0.135496	50.430
21.53	21.54	0.135512	50.524
21.53	21.55	0.135529	50.628
21.53	21.55	0.135546	50.728
21.53	21.55	0.135562	50.823
21.53	21.55	0.135579	50.927
21.53	21.55	0.135596	51.027
21.53	21.55	0.135612	51.123
21.53	21.55	0.135629	51.227
21.53	21.55	0.135646	51.327
21.53	21.55	0.135662	51.421
21.53	21.55	0.135679	51.526
21.56	21.56	0.135696	51.625
21.56	21.56	0.135712	51.720
21.56	21.56	0.135729	51.824
21.56	21.56	0.135746	51.924
21.56	21.56	0.135762	52.019
21.56	21.56	0.135779	52.123
21.56	21.56	0.135796	52.218
21.56	21.56	0.135812	52.317
21.56	21.56	0.135829	52.422
21.56	21.56	0.135846	52.516
21.56	21.56	0.135862	52.616
21.56	21.56	0.135879	52.721
21.56	21.56	0.135896	52.815
21.56	21.56	0.135912	52.915
21.58	21.56	0.135929	53.019
21.58	21.56	0.135946	53.114
21.58	21.56	0.135962	53.213
21.58	21.56	0.135979	53.318
21.58	21.56	0.135996	53.413
21.58	21.56	0.136012	53.513
21.58	21.57	0.136029	53.618
21.58	21.57	0.136046	53.713
21.58	21.57	0.136062	53.813
21.58	21.57	0.136079	53.916
21.58	21.57	0.136096	54.013
21.58	21.57	0.136112	54.113
21.58	21.57	0.136129	54.215
21.56	21.57	0.136146	54.314
21.56	21.57	0.136162	54.413
21.56	21.57	0.136179	54.514
21.56	21.57	0.136196	54.613
21.56	21.57	0.136212	54.713
21.56	21.57	0.136229	54.813
21.56	21.57	0.136245	54.913
21.56	21.57	0.136262	55.013
21.56	21.57	0.136279	55.113
21.56	21.57	0.136295	55.214
21.56	21.57	0.136312	55.313
21.56	21.57	0.136329	55.413
21.56	21.57	0.136345	55.513
21.56	21.58	0.136362	55.613
21.56	21.58	0.136379	55.713
21.56	21.58	0.136395	55.813
21.58	21.58	0.136412	55.914
21.58	21.58	0.136429	56.013
21.58	21.58	0.136445	56.114
21.58	21.58	0.136462	56.213
21.58	21.58	0.136479	56.313
21.58	21.58	0.136495	56.413
21.58	21.58	0.136512	56.513
21.58	21.58	0.136529	56.613
21.58	21.58	0.136545	56.713
21.58	21.58	0.136562	56.814
21.58	21.58	0.136579	56.913
21.58	21.59	0.136595	57.013
21.58	21.59	0.136612	57.113
21.58	21.59	0.136629	57.213
21.58	21.59	0.136645	57.313
21.58	21.59	0.136662	57.413
21.58	21.59	0.136679	57.513
21.58	21.59	0.136695	57.613
21.58	21.59	0.136712	57.715
21.58	21.59	0.136729	57.814
21.61	21.59	0.136745	57.914
21.61	21.59	0.136762	58.014
21.61	21.59	0.136779	58.114
21.61	21.59	0.136795	58.214
21.61	21.59	0.136812	58.314
21.61	21.59	0.136829	58.415
21.61	21.59	0.136845	58.514
21.61	21.59	0.136862	58.615
21.61	21.59	0.136879	58.714
21.61	21.59	0.136895	58.814
21.61	21.59	0.136912	58.914
21.61	21.60	0.136929	59.014
21.61	21.60	0.136945	59.114
21.61	21.60	0.136962	59.214
21.58	21.60	0.136979	59.315
21.58	21.60	0.136995	59.414
21.58	21.60	0.137012	59.514
21.58	21.60	0.137029	59.638
21.58	21.60	0.137045	59.743
21.58	21.60	0.137062	59.842
21.58	21.60	0.137078	59.937
21.58	21.60	0.137095	00.041
21.58	21.60	0.137112	00.136
21.58	21.60	0.137128	00.236
21.58	21.60	0.137145	00.340
21.61	21.60	0.137162	00.435
21.61	21.60	0.137178	00.534
21.61	21.60	0.137195	00.639
21.61	21.60	0.137212	00.733
21.61	21.60	0.137228	00.833
21.61	21.60	0.137245	00.937
21.61	21.60	0.137262	01.032
21.61	21.60	0.137278	01.133
21.61	21.60	0.137295	01.237
21.61	21.60	0.137312	01.332
21.61	21.60	0.137328	01.431
21.61	21.60	0.137345	01.536
21.61	21.60	0.137362	01.630
21.61	21.60	0.137378	01.730
21.61	21.60	0.137395	01.834
21.61	21.60	0.137412	01.929
21.61	21.60	0.137428	02.029
21.61	21.60	0.137445	02.133
21.61	21.60	0.137462	02.228
21.61	21.60	0.137478	02.327
21.61	21.60	0.137495	02.432
21.61	21.60	0.137512	02.526
21.61	21.60	0.137528	02.626
21.61	21.60	0.137545	02.731
21.61	21.60	0.137562	02.825
21.61	21.60	0.137578	02.926
21.61	21.60	0.137595	03.029
21.58	21.60	0.137612	03.124
21.58	21.60	0.137628	03.225
21.58	21.60	0.137645	03.328
21.58	21.60	0.137662	03.423
21.58	21.60	0.137678	03.525
21.58	21.60	0.137695	03.627
21.58	21.60	0.137712	03.721
21.58	21.60	0.137728	03.825
21.58	21.60	0.137745	03.925
21.58	21.60	0.137762	04.020
21.58	21.60	0.137778	04.124
21.58	21.60	0.137795	04.224
21.58	21.60	0.137812	04.320
21.58	21.60	0.137828	04.424
21.61	21.60	0.137845	04.524
21.61	21.60	0.137862	04.618
21.61	21.60	0.137878	04.723
21.61	21.61	0.137895	04.822
21.61	21.61	0.137911	04.917
21.61	21.61	0.137928	05.022
21.61	21.61	0.137945	05.121
21.61	21.61	0.137961	05.216
21.61	21.61	0.137978	05.320
21.61	21.61	0.137995	05.415
21.61	21.61	0.138011	05.515
21.61	21.61	0.138028	05.619
21.61	21.61	0.138045	05.720
21.61	21.61	0.138061	05.815
21.61	21.62	0.138078	05.918
21.61	21.62	0.138095	06.015
21.61	21.62	0.138111	06.115
21.61	21.62	0.138128	06.216
21.61	21.63	0.138145	06.315
21.63	21.63	0.138161	06.415
21.63	21.63	0.138178	06.515
21.63	21.63	0.138195	06.620
21.63	21.63	0.138211	06.715
21.63	21.63	0.138228	06.816
21.63	21.63	0.138245	06.920
21.63	21.63	0.138261	07.015
21.63	21.63	0.138278	07.115
21.63	21.63	0.138295	07.214
21.63	21.63	0.138311	07.315
21.63	21.63	0.138328	07.415
21.63	21.63	0.138345	07.520
21.63	21.63	0.138361	07.615
21.63	21.63	0.138378	07.715
21.63	21.63	0.138395	07.819
21.63	21.63	0.138411	07.915
21.63	21.63	0.138428	08.015
21.63	21.63	0.138445	08.120
21.63	21.63	0.138461	08.216
21.63	21.63	0.138478	08.315
21.63	21.63	0.138495	08.420
21.63	21.64	0.138511	08.515
21.63	21.64	0.138528	08.615
21.63	21.64	0.138545	08.719
21.63	21.64	0.138561	08.815
21.63	21.64	0.138578	08.915
21.63	21.64	0.138595	09.019
21.63	21.64	0.138611	09.116
21.66	21.64	0.138628	09.215
21.66	21.64	0.138645	09.320
21.66	21.64	0.138661	09.415
21.66	21.64	0.138678	09.515
21.66	21.64	0.138695	09.619
21.66	21.64	0.138711	09.715
21.66	21.64	0.138728	09.815
21.66	21.64	0.138744	09.919
21.66	21.64	0.138761	10.016
21.66	21.64	0.138778	10.115
21.66	21.64	0.138794	10.219
21.66	21.64	0.138811	10.315
21.63	21.65	0.138828	10.416
21.63	21.65	0.138844	10.519
21.63	21.65	0.138861	10.616
21.63	21.65	0.138878	10.716
21.63	21.65	0.138894	10.819
21.63	21.65	0.138911	10.917
21.63	21.65	0.138928	11.016
21.63	21.65	0.138944	11.119
21.63	21.65	0.138961	11.216
21.63	21.65	0.138978	11.316
21.63	21.66	0.138994	11.418
21.63	21.66	0.139011	11.516
21.63	21.66	0.139028	11.640
21.66	21.66	0.139044	11.718
21.66	21.66	0.139061	11.845
21.66	21.66	0.139078	11.939
21.66	21.66	0.139094	12.019
21.66	21.66	0.139111	12.143
21.66	21.66	0.139128	12.238
21.66	21.66	0.139144	12.342
21.66	21.66	0.139161	12.442
21.66	21.66	0.139178	12.536
21.66	21.66	0.139194	12.641
21.66	21.66	0.139211	12.741
21.66	21.66	0.139228	12.835
21.66	21.66	0.139244	12.940
21.66	21.66	0.139261	13.039
21.66	21.66	0.139278	13.134
21.66	21.66	0.139294	13.238
21.66	21.66	0.139311	13.333
21.66	21.66	0.139328	13.433
21.66	21.66	0.139344	13.537
21.66	21.66	0.139361	13.632
21.66	21.66	0.139378	13.731
21.66	21.66	0.139394	13.836
21.66	21.66	0.139411	13.930
21.68	21.66	0.139428	14.030
21.68	21.66	0.139444	14.134
21.68	21.66	0.139461	14.229
21.68	21.66	0.139478	14.330
21.68	21.66	0.139494	14.434
21.68	21.66	0.139511	14.529
21.68	21.66	0.139528	14.628
21.68	21.66	0.139544	14.733
21.68	21.66	0.139561	14.827
21.68	21.66	0.139577	14.927
21.68	21.66	0.139594	15.032
21.66	21.66	0.139611	15.126
21.66	21.66	0.139627	15.226
21.66	21.66	0.139644	15.330
21.66	21.66	0.139661	15.425
21.66	21.66	0.139677	15.524
21.66	21.66	0.139694	15.629
21.66	21.66	0.139711	15.723
21.66	21.66	0.139727	15.823
21.66	21.66	0.139744	15.928
21.66	21.66	0.139761	16.022
21.66	21.66	0.139777	16.122
21.66	21.66	0.139794	16.226
21.66	21.65	0.139811	16.321
21.66	21.65	0.139827	16.422
21.66	21.65	0.139844	16.525
21.66	21.65	0.139861	16.620
21.66	21.65	0.139877	16.722
21.66	21.65	0.139894	16.824
21.66	21.65	0.139911	16.918
21.66	21.65	0.139927	17.022
21.66	21.65	0.139944	17.122
21.63	21.65	0.139961	17.217
21.63	21.65	0.139977	17.321
21.63	21.65	0.139994	17.421
21.63	21.65	0.140011	17.518
21.63	21.65	0.140027	17.621
21.63	21.65	0.140044	17.721
21.63	21.65	0.140061	17.817
21.63	21.65	0.140077	17.920
21.63	21.65	0.140094	18.019
21.63	21.65	0.140111	18.117
21.63	21.65	0.140127	18.219
21.63	21.65	0.140144	18.318
21.66	21.65	0.140161	18.418
21.66	21.65	0.140177	18.517
21.66	21.65	0.140194	18.617
21.66	21.65	0.140211	18.717
21.66	21.65	0.140227	18.817
21.66	21.65	0.140244	18.917
21.66	21.65	0.140261	19.017
21.66	21.65	0.140277	19.118
21.66	21.65	0.140294	19.217
21.66	21.65	0.140311	19.317
21.66	21.65	0.140327	19.417
21.66	21.65	0.140344	19.518
21.66	21.65	0.140361	19.618
21.66	21.64	0.140377	19.718
21.66	21.64	0.140394	19.819
21.66	21.64	0.140410	19.919
21.66	21.64	0.140427	20.020
21.63	21.64	0.140444	20.119
21.63	21.64	0.140460	20.219
21.63	21.64	0.140477	20.319
21.63	21.64	0.140494	20.419
21.63	21.64	0.140510	20.520
21.63	21.64	0.140527	20.620
21.63	21.64	0.140544	20.721
21.63	21.64	0.140560	20.820
21.63	21.64	0.140577	20.921
21.63	21.64	0.140594	21.020
21.63	21.64	0.140610	21.120
21.63	21.64	0.140627	21.220
21.63	21.64	0.140644	21.320
21.63	21.64	0.140660	21.420
21.63	21.64	0.140677	21.520
21.63	21.64	0.140694	21.621
21.63	21.63	0.140710	21.720
21.63	21.63	0.140727	21.820
21.63	21.63	0.140744	21.920
21.63	21.63	0.140760	22.020
21.63	21.63	0.140777	22.120
21.63	21.63	0.140794	22.220
21.63	21.63	0.140810	22.321
21.63	21.63	0.140827	22.420
21.63	21.63	0.140844	22.521
21.63	21.63	0.140860	22.620
21.63	21.63	0.140877	22.720
21.63	21.63	0.140894	22.820
21.63	21.63	0.140910	22.920
21.63	21.63	0.140927	23.044
21.63	21.64	0.140944	23.144
21.63	21.64	0.140960	23.248
21.63	21.64	0.140977	23.343
21.63	21.64	0.140994	23.443
21.63	21.64	0.141010	23.547
21.63	21.64	0.141027	23.642
21.63	21.64	0.141044	23.741
21.63	21.64	0.141060	23.846
21.63	21.64	0.141077	23.940
21.63	21.64	0.141094	24.040
21.63	21.64	0.141110	24.144
21.66	21.64	0.141127	24.239
21.66	21.64	0.141144	24.340
21.66	21.64	0.141160	24.443
21.66	21.64	0.141177	24.538
21.66	21.64	0.141194	24.640
21.66	21.64	0.141210	24.743
21.66	21.64	0.141227	24.837
21.66	21.64	0.141243	24.940
21.66	21.64	0.141260	25.042
21.66	21.64	0.141277	25.136
21.66	21.65	0.141293	25.240
21.63	21.65	0.141310	25.340
21.63	21.65	0.141327	25.435
21.63	21.65	0.141343	25.539
21.63	21.65	0.141360	25.639
21.63	21.65	0.141377	25.733
21.63	21.65	0.141393	25.838
21.63	21.65	0.141410	25.938
21.63	21.65	0.141427	26.032
21.63	21.65	0.141443	26.137
21.63	21.65	0.141460	26.236
21.63	21.65	0.141477	26.331
21.63	21.65	0.141493	26.435
21.63	21.65	0.141510	26.535
21.66	21.65	0.141527	26.630
21.66	21.65	0.141543	26.734
21.66	21.65	0.141560	26.829
21.66	21.65	0.141577	26.928
21.66	21.65	0.141593	27.033
21.66	21.65	0.141610	27.127
21.66	21.66	0.141627	27.227
21.66	21.66	0.141643	27.331
21.66	21.66	0.141660	27.426
21.66	21.66	0.141677	27.526
21.66	21.66	0.141693	27.630
21.66	21.66	0.141710	27.725
21.66	21.66	0.141727	27.824
21.66	21.66	0.141743	27.930
21.66	21.66	0.141760	28.024
21.66	21.66	0.141777	28.124
21.66	21.67	0.141793	28.229
21.66	21.67	0.141810	28.323
21.66	21.67	0.141827	28.423
21.66	21.67	0.141843	28.527
21.66	21.67	0.141860	28.622
21.66	21.67	0.141877	28.722
21.66	21.67	0.141893	28.826
21.66	21.67	0.141910	28.922
21.66	21.67	0.141927	29.022
21.66	21.67	0.141943	29.125
21.66	21.67	0.141960	29.223
21.66	21.67	0.141977	29.323
21.66	21.67	0.141993	29.423
21.66	21.67	0.142010	29.523
21.66	21.67	0.142027	29.623
21.66	21.67	0.142043	29.723
21.66	21.67	0.142060	29.824
21.68	21.67	0.142076	29.923
21.68	21.67	0.142093	30.024
21.68	21.67	0.142110	30.123
21.68	21.67	0.142126	30.223
21.68	21.67	0.142143	30.323
21.68	21.67	0.142160	30.423
21.68	21.67	0.142176	30.523
21.68	21.67	0.142193	30.623
21.68	21.67	0.142210	30.724
21.68	21.67	0.142226	30.823
21.68	21.68	0.142243	30.923
21.68	21.68	0.142260	31.023
21.68	21.68	0.142276	31.123
21.68	21.68	0.142293	31.223
21.68	21.68	0.142310	31.323
21.68	21.68	0.142326	31.423
21.68	21.68	0.142343	31.524
21.68	21.68	0.142360	31.625
21.68	21.68	0.142376	31.724
21.68	21.68	0.142393	31.824
21.68	21.68	0.142410	31.924
21.68	21.68	0.142426	32.024
21.68	21.68	0.142443	32.124
21.68	21.68	0.142460	32.224
21.68	21.69	0.142476	32.325
21.68	21.69	0.142493	32.424
21.68	21.69	0.142510	32.525
21.68	21.69	0.142526	32.624
21.68	21.69	0.142543	32.724
21.68	21.69	0.142560	32.824
21.68	21.69	0.142576	32.924
21.68	21.69	0.142593	33.024
21.68	21.69	0.142610	33.124
21.68	21.69	0.142626	33.225
21.68	21.69	0.142643	33.324
21.68	21.69	0.142660	33.424
21.68	21.69	0.142676	33.524
21.68	21.69	0.142693	33.625
21.68	21.69	0.142710	33.725
21.68	21.69	0.142726	33.825
21.68	21.69	0.142743	33.926
21.68	21.69	0.142760	34.025
21.68	21.69	0.142776	34.155
21.68	21.69	0.142793	34.249
21.68	21.70	0.142810	34.354
21.71	21.70	0.142826	34.453
21.71	21.70	0.142843	34.548
21.71	21.70	0.142860	34.652
21.71	21.70	0.142876	34.747
21.71	21.70	0.142893	34.847
21.71	21.70	0.142909	34.951
21.71	21.70	0.142926	35.047
21.71	21.70	0.142943	35.146
21.71	21.70	0.142959	35.251
21.71	21.71	0.142976	35.345
21.71	21.71	0.142993	35.445
21.71	21.71	0.143009	35.549
21.71	21.72	0.143026	35.644
21.71	21.72	0.143043	35.744
21.71	21.72	0.143059	35.848
21.71	21.72	0.143076	35.943
21.71	21.72	0.143093	36.042
21.71	21.72	0.143109	36.147
21.71	21.72	0.143126	36.241
21.71	21.72	0.143143	36.341
21.71	21.72	0.143159	36.445
21.71	21.72	0.143176	36.540
21.71	21.72	0.143193	36.640
21.71	21.73	0.143209	36.744
21.71	21.73	0.143226	36.839
21.71	21.73	0.143243	36.938
21.71	21.73	0.143259	37.043
21.71	21.73	0.143276	37.137
21.74	21.73	0.143293	37.237
21.74	21.73	0.143309	37.342
21.74	21.73	0.143326	37.436
21.74	21.73	0.143343	37.537
21.74	21.73	0.143359	37.640
21.74	21.73	0.143376	37.736
21.74	21.73	0.143393	37.836
21.74	21.73	0.143409	37.940
21.74	21.73	0.143426	38.034
21.74	21.73	0.143443	38.137
21.74	21.73	0.143459	38.239
21.74	21.73	0.143476	38.333
21.74	21.73	0.143493	38.437
21.74	21.73	0.143509	38.537
21.74	21.73	0.143526	38.632
21.74	21.74	0.143543	38.736
21.74	21.74	0.143559	38.836
21.74	21.74	0.143576	38.931
21.74	21.74	0.143593	39.035
21.74	21.74	0.143609	39.135
21.74	21.74	0.143626	39.229
21.74	21.74	0.143643	39.334
21.74	21.74	0.143659	39.433
21.74	21.74	0.143676	39.528
21.74	21.74	0.143693	39.632
21.74	21.74	0.143709	39.732
21.74	21.75	0.143726	39.827
21.74	21.75	0.143742	39.931
21.74	21.75	0.143759	40.026
21.74	21.75	0.143776	40.126
21.74	21.75	0.143792	40.230
21.74	21.75	0.143809	40.326
21.76	21.75	0.143826	40.426
21.76	21.75	0.143842	40.528
21.76	21.75	0.143859	40.626
21.76	21.75	0.143876	40.727
21.76	21.75	0.143892	40.828
21.76	21.75	0.143909	40.926
21.76	21.76	0.143926	41.026
21.76	21.76	0.143942	41.126
21.76	21.76	0.143959	41.226
21.76	21.76	0.143976	41.326
21.76	21.76	0.143992	41.427
21.76	21.76	0.144009	41.526
21.76	21.76	0.144026	41.627
21.76	21.76	0.144042	41.726
21.76	21.76	0.144059	41.826
21.76	21.76	0.144076	41.926
21.76	21.76	0.144092	42.026
21.76	21.76	0.144109	42.131
21.76	21.76	0.144126	42.226
21.76	21.76	0.144142	42.327
21.76	21.76	0.144159	42.426
21.76	21.76	0.144176	42.526
21.76	21.76	0.144192	42.626
21.76	21.76	0.144209	42.726
21.76	21.76	0.144226	42.826
21.76	21.76	0.144242	42.926
21.76	21.76	0.144259	43.030
21.76	21.76	0.144276	43.126
21.76	21.76	0.144292	43.227
21.76	21.76	0.144309	43.331
21.76	21.76	0.144326	43.426
21.76	21.76	0.144342	43.526
21.76	21.76	0.144359	43.626
21.76	21.76	0.144376	43.726
21.76	21.76	0.144392	43.826
21.76	21.76	0.144409	43.931
21.76	21.76	0.144426	44.026
21.76	21.76	0.144442	44.127
21.76	21.76	0.144459	44.230
21.76	21.76	0.144476	44.326
21.76	21.76	0.144492	44.426
21.76	21.76	0.144509	44.531
21.76	21.76	0.144526	44.626
21.76	21.76	0.144542	44.726
21.76	21.76	0.144559	44.831
21.76	21.76	0.144575	44.926
21.76	21.76	0.144592	45.026
21.76	21.76	0.144609	45.130
21.76	21.76	0.144625	45.226
21.76	21.76	0.144642	45.326
21.76	21.76	0.144659	45.430
21.76	21.76	0.144675	45.526
21.76	21.76	0.144692	45.626
21.76	21.76	0.144709	45.731
21.76	21.76	0.144725	45.826
21.76	21.76	0.144742	45.926
21.76	21.76	0.144759	46.030
21.76	21.76	0.144775	46.126
21.76	21.76	0.144792	46.226
21.76	21.76	0.144809	46.330
21.76	21.76	0.144825	46.455
21.76	21.76	0.144842	46.550
21.76	21.76	0.144859	46.655
21.76	21.76	0.144875	46.754
21.76	21.76	0.144892	46.849
21.76	21.76	0.144909	46.953
21.76	21.76	0.144925	47.053
21.76	21.76	0.144942	47.147
21.76	21.76	0.144959	47.252
21.76	21.76	0.144975	47.351
21.76	21.76	0.144992	47.446
21.76	21.76	0.145009	47.551
21.76	21.76	0.145025	47.650
21.76	21.76	0.145042	47.745
21.76	21.76	0.145059	47.849
21.76	21.76	0.145075	47.944
21.76	21.76	0.145092	48.043
21.76	21.76	0.145109	48.148
21.76	21.76	0.145125	48.243
21.76	21.76	0.145142	48.342
21.76	21.76	0.145159	48.448
21.76	21.76	0.145175	48.542
21.76	21.76	0.145192	48.642
21.76	21.76	0.145209	48.746
21.76	21.76	0.145225	48.841
21.76	21.76	0.145242	48.940
21.76	21.76	0.145259	49.045
21.76	21.76	0.145275	49.140
21.76	21.76	0.145292	49.239
21.76	21.76	0.145309	49.344
21.76	21.76	0.145325	49.438
21.76	21.76	0.145342	49.538
21.76	21.76	0.145359	49.642
21.76	21.76	0.145375	49.737
21.76	21.76	0.145392	49.837
21.76	21.76	0.145408	49.941
21.76	21.76	0.145425	50.036
21.76	21.76	0.145442	50.135
21.76	21.76	0.145458	50.240
21.76	21.76	0.145475	50.334
21.76	21.76	0.145492	50.434
21.76	21.76	0.145508	50.538
21.76	21.76	0.145525	50.633
21.76	21.76	0.145542	50.734
21.76	21.76	0.145558	50.837
21.76	21.76	0.145575	50.932
21.76	21.76	0.145592	51.033
21.76	21.76	0.145608	51.136
21.76	21.75	0.145625	51.231
21.76	21.75	0.145642	51.333
21.76	21.75	0.145658	51.436
21.76	21.75	0.145675	51.530
21.76	21.75	0.145692	51.634
21.76	21.75	0.145708	51.734
21.76	21.75	0.145725	51.829
21.76	21.75	0.145742	51.933
21.76	21.75	0.145758	52.033
21.76	21.75	0.145775	52.128
21.76	21.75	0.145792	52.232
21.76	21.75	0.145808	52.332
21.76	21.75	0.145825	52.426
21.76	21.75	0.145842	52.531
21.74	21.75	0.145858	52.630
21.74	21.75	0.145875	52.727
21.74	21.75	0.145892	52.829
21.74	21.75	0.145908	52.929
21.74	21.75	0.145925	53.028
21.74	21.75	0.145942	53.128
21.74	21.74	0.145958	53.229
21.74	21.74	0.145975	53.327
21.74	21.74	0.145992	53.427
21.74	21.74	0.146008	53.528
21.74	21.74	0.146025	53.627
21.74	21.74	0.146042	53.727
21.74	21.74	0.146058	53.828
21.74	21.74	0.146075	53.928
21.74	21.74	0.146092	54.027
21.74	21.74	0.146108	54.129
21.74	21.74	0.146125	54.227
21.74	21.74	0.146142	54.328
21.74	21.73	0.146158	54.428
21.74	21.73	0.146175	54.528
21.74	21.73	0.146192	54.628
21.74	21.73	0.146208	54.728
21.74	21.73	0.146225	54.829
21.74	21.73	0.146241	54.928
21.74	21.73	0.146258	55.028
21.74	21.73	0.146275	55.128
21.74	21.73	0.146291	55.228
21.74	21.73	0.146308	55.328
21.74	21.72	0.146325	55.428
21.74	21.72	0.146341	55.529
21.74	21.72	0.146358	55.628
21.74	21.72	0.146375	55.729
21.74	21.72	0.146391	55.828
21.74	21.72	0.146408	55.928
21.74	21.72	0.146425	56.028
21.74	21.72	0.146441	56.128
21.71	21.72	0.146458	56.228
21.71	21.72	0.146475	56.328
21.71	21.72	0.146491	56.429
21.71	21.72	0.146508	56.528
21.71	21.72	0.146525	56.628
21.71	21.71	0.146541	56.728
21.71	21.71	0.146558	56.828
21.71	21.71	0.146575	56.928
21.71	21.71	0.146591	57.028
21.71	21.71	0.146608	57.129
21.71	21.71	0.146625	57.228
21.71	21.71	0.146641	57.329
21.71	21.71	0.146658	57.428
21.71	21.71	0.146675	57.528
21.71	21.71	0.146691	57.628
21.68	21.71	0.146708	57.728
21.68	21.70	0.146725	57.828
21.68	21.70	0.146741	57.928
21.68	21.70	0.146758	58.029
21.68	21.70	0.146775	58.128
21.68	21.70	0.146791	58.228
21.68	21.70	0.146808	58.327
21.68	21.70	0.146825	58.457
21.68	21.70	0.146841	58.551
21.71	21.70	0.146858	58.627
21.71	21.70	0.146875	58.756
21.71	21.70	0.146891	58.851
21.71	21.70	0.146908	58.952
21.71	21.70	0.146925	59.055
21.71	21.70	0.146941	59.150
21.71	21.70	0.146958	59.251
21.71	21.70	0.146975	59.354
21.71	21.70	0.146991	59.448
21.71	21.70	0.147008	59.552
21.71	21.70	0.147025	59.652
21.71	21.70	0.147041	59.747
21.71	21.70	0.147058	59.852
21.71	21.70	0.147074	59.951
21.71	21.70	0.147091	00.046
21.68	21.70	0.147108	00.150
21.68	21.70	0.147124	00.250
21.68	21.69	0.147141	00.344
21.68	21.69	0.147158	00.449
21.68	21.69	0.147174	00.549
21.68	21.69	0.147191	00.643
21.68	21.69	0.147208	00.748
21.68	21.69	0.147224	00.847
21.68	21.69	0.147241	00.942
21.68	21.69	0.147258	01.046
21.68	21.69	0.147274	01.141
21.68	21.69	0.147291	01.241
21.68	21.68	0.147308	01.346
21.68	21.68	0.147324	01.440
21.68	21.68	0.147341	01.540
21.68	21.68	0.147358	01.645
21.68	21.68	0.147374	01.739
21.68	21.68	0.147391	01.839
21.68	21.68	0.147408	01.943
21.68	21.68	0.147424	02.038
21.68	21.68	0.147441	02.138
21.68	21.68	0.147458	02.242
21.68	21.67	0.147474	02.337
21.68	21.67	0.147491	02.436
21.68	21.67	0.147508	02.541
21.68	21.67	0.147524	02.635
21.68	21.67	0.147541	02.735
21.68	21.67	0.147558	02.840
21.68	21.67	0.147574	02.934
21.68	21.67	0.147591	03.034
21.68	21.67	0.147608	03.138
21.68	21.67	0.147624	03.233
21.68	21.67	0.147641	03.332
21.68	21.67	0.147658	03.437
21.68	21.66	0.147674	03.531
21.68	21.66	0.147691	03.631
21.68	21.66	0.147708	03.736
21.68	21.66	0.147724	03.830
21.68	21.66	0.147741	03.931
21.68	21.66	0.147758	04.035
21.68	21.66	0.147774	04.129
21.68	21.66	0.147791	04.230
21.68	21.66	0.147808	04.333
21.66	21.66	0.147824	04.430
21.66	21.66	0.147841	04.530
21.66	21.66	0.147858	04.633
21.66	21.66	0.147874	04.729
21.66	21.66	0.147891	04.830
21.66	21.66	0.147907	04.931
21.66	21.66	0.147924	05.029
21.66	21.66	0.147941	05.129
21.66	21.66	0.147957	05.230
21.66	21.66	0.147974	05.331
21.66	21.66	0.147991	05.430
21.66	21.66	0.148007	05.530
21.63	21.66	0.148024	05.630
21.63	21.66	0.148041	05.730
21.63	21.66	0.148057	05.830
21.63	21.66	0.148074	05.930
21.63	21.66	0.148091	06.031
21.63	21.66	0.148107	06.130
21.63	21.66	0.148124	06.231
21.63	21.66	0.148141	06.330
21.63	21.66	0.148157	06.430
21.63	21.66	0.148174	06.530
21.63	21.66	0.148191	06.630
21.66	21.66	0.148207	06.730
21.66	21.66	0.148224	06.830
21.66	21.66	0.148241	06.931
21.66	21.66	0.148257	07.030
21.66	21.66	0.148274	07.131
21.66	21.66	0.148291	07.230
21.66	21.66	0.148307	07.330
21.66	21.66	0.148324	07.430
21.66	21.66	0.148341	07.530
21.66	21.66	0.148357	07.631
21.66	21.66	0.148374	07.730
21.66	21.66	0.148391	07.831
21.66	21.66	0.148407	07.930
21.66	21.66	0.148424	08.030
21.66	21.66	0.148441	08.130
21.66	21.66	0.148457	08.230
21.66	21.66	0.148474	08.330
21.66	21.65	0.148491	08.430
21.66	21.65	0.148507	08.531
21.66	21.65	0.148524	08.630
21.66	21.65	0.148541	08.731
21.66	21.65	0.148557	08.830
21.66	21.65	0.148574	08.930
21.66	21.65	0.148591	09.030
21.66	21.65	0.148607	09.130
21.66	21.65	0.148624	09.230
21.66	21.65	0.148641	09.330
21.66	21.65	0.148657	09.431
21.66	21.65	0.148674	09.530
21.66	21.65	0.148691	09.630
21.66	21.65	0.148707	09.730
21.66	21.65	0.148724	09.830
21.66	21.65	0.148740	09.930
21.66	21.65	0.148757	10.030
21.66	21.65	0.148774	10.131
21.66	21.65	0.148790	10.230
21.66	21.65	0.148807	10.355
21.66	21.65	0.148824	10.459
21.66	21.65	0.148840	10.554
21.63	21.65	0.148857	10.653
21.63	21.65	0.148874	10.758
21.63	21.64	0.148890	10.852
21.63	21.64	0.148907	10.952
21.63	21.64	0.148924	11.056
21.63	21.64	0.148940	11.151
21.63	21.64	0.148957	11.251
21.63	21.64	0.148974	11.355
21.63	21.64	0.148990	11.450
21.63	21.64	0.149007	11.549
21.63	21.64	0.149024	11.654
21.63	21.64	0.149040	11.748
21.63	21.64	0.149057	11.849
21.63	21.64	0.149074	11.952
21.63	21.64	0.149090	12.047
21.63	21.64	0.149107	12.149
21.63	21.64	0.149124	12.251
21.63	21.64	0.149140	12.346
21.63	21.64	0.149157	12.448
21.63	21.64	0.149174	12.551
21.63	21.64	0.149190	12.645
21.63	21.64	0.149207	12.748
21.63	21.64	0.149224	12.850
21.63	21.64	0.149240	12.944
21.63	21.64	0.149257	13.048
21.66	21.64	0.149274	13.148
21.66	21.64	0.149290	13.243
21.66	21.64	0.149307	13.347
21.66	21.64	0.149324	13.447
21.66	21.64	0.149340	13.542
21.66	21.64	0.149357	13.646
21.66	21.64	0.149374	13.746
21.66	21.64	0.149390	13.840
21.66	21.64	0.149407	13.945
21.66	21.64	0.149424	14.044
21.66	21.64	0.149440	14.139
21.63	21.64	0.149457	14.243
21.63	21.64	0.149474	14.343
21.63	21.64	0.149490	14.438
21.63	21.64	0.149507	14.543
21.63	21.64	0.149524	14.637
21.63	21.64	0.149540	14.736
21.63	21.64	0.149557	14.842
21.63	21.64	0.149573	14.935
21.63	21.64	0.149590	15.036
21.63	21.64	0.149607	15.140
21.63	21.64	0.149623	15.235
21.63	21.64	0.149640	15.335
21.63	21.64	0.149657	15.439
21.63	21.64	0.149673	15.534
21.63	21.64	0.149690	15.633
21.63	21.64	0.149707	15.738
21.63	21.64	0.149723	15.832
21.63	21.64	0.149740	15.932
21.63	21.64	0.149757	16.037
21.63	21.64	0.149773	16.131
21.63	21.64	0.149790	16.231
21.63	21.64	0.149807	16.335
21.63	21.64	0.149823	16.430
21.63	21.64	0.149840	16.530
21.63	21.64	0.149857	16.634
21.63	21.64	0.149873	16.730
21.63	21.64	0.149890	16.830
21.63	21.64	0.149907	16.933
21.63	21.64	0.149923	17.030
21.66	21.64	0.149940	17.130
21.66	21.64	0.149957	17.231
21.66	21.64	0.149973	17.330
21.66	21.64	0.149990	17.430
21.66	21.64	0.150007	17.530
21.66	21.64	0.150023	17.631
21.66	21.64	0.150040	17.730
21.66	21.64	0.150057	17.831
21.66	21.63	0.150073	17.930
21.66	21.63	0.150090	18.030
21.66	21.63	0.150107	18.130
21.63	21.63	0.150123	18.230
21.63	21.63	0.150140	18.330
21.63	21.63	0.150157	18.430
21.63	21.63	0.150173	18.531
21.63	21.63	0.150190	18.630
21.63	21.63	0.150207	18.730
21.63	21.63	0.150223	18.830
21.63	21.63	0.150240	18.930
21.63	21.63	0.150257	19.030
21.63	21.63	0.150273	19.129
21.63	21.63	0.150290	19.231
21.63	21.63	0.150307	19.330
21.63	21.63	0.150323	19.431
21.63	21.63	0.150340	19.530
21.63	21.63	0.150357	19.630
21.63	21.63	0.150373	19.730
21.63	21.63	0.150390	19.830
21.61	21.63	0.150406	19.930
21.61	21.63	0.150423	20.030
21.61	21.63	0.150440	20.131
21.61	21.63	0.150456	20.230
21.61	21.62	0.150473	20.330
21.61	21.62	0.150490	20.430
21.61	21.62	0.150506	20.530
21.61	21.62	0.150523	20.630
21.61	21.62	0.150540	20.730
21.61	21.62	0.150556	20.830
21.61	21.62	0.150573	20.930
21.61	21.62	0.150590	21.031
21.63	21.62	0.150606	21.130
21.63	21.62	0.150623	21.230
21.63	21.62	0.150640	21.330
21.63	21.62	0.150656	21.430
21.63	21.62	0.150673	21.530
21.63	21.62	0.150690	21.631
21.63	21.61	0.150706	21.732
21.63	21.61	0.150723	21.831
21.63	21.61	0.150740	21.932
21.63	21.61	0.150756	22.031
21.63	21.61	0.150773	22.131
21.61	21.61	0.150790	22.231
21.61	21.61	0.150806	22.331
21.61	21.61	0.150823	22.431
21.61	21.61	0.150840	22.531
21.61	21.61	0.150856	22.655
21.61	21.61	0.150873	22.760
21.61	21.61	0.150890	22.855
21.61	21.61	0.150906	22.954
21.61	21.61	0.150923	23.059
21.61	21.61	0.150940	23.153
21.61	21.61	0.150956	23.253
21.61	21.61	0.150973	23.357
21.61	21.61	0.150990	23.452
21.61	21.61	0.151006	23.552
21.61	21.61	0.151023	23.656
21.61	21.61	0.151040	23.751
21.61	21.60	0.151056	23.850
21.61	21.60	0.151073	23.955
21.61	21.60	0.151090	24.049
21.61	21.60	0.151106	24.149
21.61	21.60	0.151123	24.253
21.61	21.60	0.151140	24.348
21.58	21.60	0.151156	24.448
21.58	21.60	0.151173	24.552
21.58	21.60	0.151190	24.647
21.58	21.60	0.151206	24.746
21.58	21.60	0.151223	24.851
21.58	21.60	0.151239	24.945
21.58	21.60	0.151256	25.045
21.58	21.60	0.151273	25.150
21.58	21.59	0.151289	25.245
21.58	21.59	0.151306	25.346
21.58	21.59	0.151323	25.449
21.58	21.59	0.151339	25.544
21.58	21.59	0.151356	25.645
21.58	21.59	0.151373	25.748
21.61	21.59	0.151389	25.842
21.61	21.59	0.151406	25.945
21.61	21.59	0.151423	26.047
21.61	21.59	0.151439	26.141
21.61	21.59	0.151456	26.245
21.61	21.59	0.151473	26.345
21.61	21.59	0.151489	26.440
21.61	21.59	0.151506	26.544
21.61	21.59	0.151523	26.644
21.61	21.59	0.151539	26.739
21.61	21.59	0.151556	26.843
21.58	21.59	0.151573	26.943
21.58	21.59	0.151589	27.037
21.58	21.59	0.151606	27.142
21.58	21.59	0.151623	27.241
21.58	21.59	0.151639	27.336
21.58	21.59	0.151656	27.440
21.58	21.58	0.151673	27.540
21.58	21.58	0.151689	27.635
21.58	21.58	0.151706	27.739
21.58	21.58	0.151723	27.834
21.58	21.58	0.151739	27.933
21.58	21.58	0.151756	28.038
21.58	21.58	0.151773	28.132
21.58	21.58	0.151789	28.232
21.58	21.58	0.151806	28.338
21.58	21.58	0.151823	28.432
21.58	21.58	0.151839	28.532
21.58	21.58	0.151856	28.636
21.58	21.58	0.151873	28.731
21.58	21.58	0.151889	28.831
21.58	21.58	0.151906	28.935
21.58	21.57	0.151923	29.031
21.58	21.57	0.151939	29.131
21.58	21.57	0.151956	29.234
21.58	21.57	0.151973	29.331
21.58	21.57	0.151989	29.431
21.58	21.57	0.152006	29.532
21.58	21.57	0.152023	29.631
21.56	21.57	0.152039	29.731
21.56	21.57	0.152056	29.831
21.56	21.57	0.152072	29.931
21.56	21.57	0.152089	30.031
21.56	21.57	0.152106	30.132
21.56	21.57	0.152122	30.231
21.56	21.57	0.152139	30.331
21.56	21.57	0.152156	30.431
21.56	21.57	0.152172	30.531
21.56	21.57	0.152189	30.631
21.56	21.57	0.152206	30.731
21.56	21.57	0.152222	30.832
21.56	21.57	0.152239	30.931
21.56	21.57	0.152256	31.032
21.56	21.57	0.152272	31.131
21.56	21.57	0.152289	31.231
21.56	21.57	0.152306	31.331
21.56	21.57	0.152322	31.431
21.56	21.57	0.152339	31.531
21.56	21.57	0.152356	31.631
21.56	21.57	0.152372	31.732
21.56	21.57	0.152389	31.831
21.58	21.57	0.152406	31.931
21.58	21.57	0.152422	32.031
21.58	21.57	0.152439	32.131
21.58	21.57	0.152456	32.231
21.58	21.57	0.152472	32.331
21.58	21.56	0.152489	32.432
21.58	21.56	0.152506	32.531
21.58	21.56	0.152522	32.632
21.58	21.56	0.152539	32.731
21.58	21.56	0.152556	32.831
21.58	21.56	0.152572	32.931
21.58	21.56	0.152589	33.031
21.56	21.56	0.152606	33.131
21.56	21.56	0.152622	33.231
21.56	21.56	0.152639	33.332
21.56	21.56	0.152656	33.431
21.56	21.56	0.152672	33.532
21.56	21.55	0.152689	33.631
21.56	21.55	0.152706	33.731
21.56	21.55	0.152722	33.831
21.56	21.54	0.152739	33.931
21.56	21.54	0.152756	34.031
21.56	21.54	0.152772	34.131
21.56	21.54	0.152789	34.232
21.56	21.54	0.152806	34.331
21.53	21.54	0.152822	34.431
21.53	21.54	0.152839	34.531
21.53	21.54	0.152856	34.631
21.53	21.54	0.152872	34.731
21.53	21.54	0.152889	34.831
21.53	21.54	0.152905	34.955
21.53	21.53	0.152922	35.031
21.53	21.53	0.152939	35.159
21.53	21.53	0.152955	35.254
21.53	21.53	0.152972	35.360
21.53	21.53	0.152989	35.459
21.53	21.53	0.153005	35.553
21.53	21.53	0.153022	35.658
21.53	21.53	0.153039	35.753
21.53	21.53	0.153055	35.852
21.53	21.53	0.153072	35.957
21.53	21.53	0.153089	36.052
21.53	21.52	0.153105	36.151
21.53	21.52	0.153122	36.256
21.53	21.52	0.153139	36.350
21.53	21.52	0.153155	36.450
21.53	21.52	0.153172	36.554
21.53	21.52	0.153189	36.649
21.53	21.52	0.153205	36.749
21.50	21.52	0.153222	36.853
21.50	21.52	0.153239	36.948
21.50	21.52	0.153255	37.047
21.50	21.52	0.153272	37.152
21.50	21.52	0.153289	37.246
21.50	21.51	0.153305	37.346
21.50	21.51	0.153322	37.450
21.50	21.51	0.153339	37.545
21.50	21.51	0.153355	37.645
21.50	21.51	0.153372	37.749
21.50	21.51	0.153389	37.844
21.50	21.51	0.153405	37.943
21.50	21.51	0.153422	38.048
21.50	21.51	0.153439	38.142
21.50	21.51	0.153455	38.242
21.53	21.51	0.153472	38.347
21.53	21.51	0.153489	38.442
21.53	21.51	0.153505	38.543
21.53	21.51	0.153522	38.646
21.53	21.51	0.153539	38.741
21.53	21.51	0.153555	38.842
21.53	21.51	0.153572	38.945
21.53	21.51	0.153589	39.039
21.53	21.51	0.153605	39.142
21.53	21.51	0.153622	39.244
21.53	21.51	0.153639	39.338
21.50	21.51	0.153655	39.442
21.50	21.51	0.153672	39.542
21.50	21.51	0.153689	39.637
21.50	21.51	0.153705	39.741
21.50	21.51	0.153722	39.841
21.50	21.51	0.153738	39.935
21.50	21.51	0.153755	40.040
21.50	21.51	0.153772	40.140
21.50	21.51	0.153788	40.234
21.50	21.51	0.153805	40.339
21.50	21.51	0.153822	40.438
21.50	21.51	0.153838	40.533
21.50	21.51	0.153855	40.637
21.50	21.51	0.153872	40.737
21.50	21.51	0.153888	40.833
21.50	21.51	0.153905	40.936
21.50	21.51	0.153922	41.037
21.50	21.51	0.153938	41.132
21.50	21.51	0.153955	41.235
21.50	21.51	0.153972	41.332
21.50	21.51	0.153988	41.432
21.50	21.51	0.154005	41.534
21.50	21.51	0.154022	41.632
21.50	21.51	0.154038	41.733
21.50	21.51	0.154055	41.833
21.50	21.51	0.154072	41.932
21.50	21.51	0.154088	42.032
21.50	21.51	0.154105	42.133
21.50	21.51	0.154122	42.236
21.53	21.51	0.154138	42.333
21.53	21.51	0.154155	42.434
21.53	21.51	0.154172	42.537
21.53	21.51	0.154188	42.635
21.53	21.51	0.154205	42.734
21.53	21.51	0.154222	42.837
21.53	21.51	0.154238	42.934
21.53	21.51	0.154255	43.034
21.53	21.51	0.154272	43.136
21.53	21.51	0.154288	43.234
21.53	21.51	0.154305	43.335
21.50	21.51	0.154322	43.436
21.50	21.51	0.154338	43.535
21.50	21.51	0.154355	43.634
21.50	21.51	0.154372	43.737
21.50	21.51	0.154388	43.834
21.50	21.51	0.154405	43.934
21.50	21.51	0.154422	44.036
21.50	21.51	0.154438	44.134
21.50	21.51	0.154455	44.235
21.50	21.52	0.154472	44.336
21.50	21.52	0.154488	44.434
21.50	21.52	0.154505	44.534
21.50	21.52	0.154522	44.637
21.50	21.52	0.154538	44.734
21.50	21.52	0.154555	44.834
21.50	21.52	0.154571	44.936
21.50	21.52	0.154588	45.034
21.50	21.52	0.154605	45.135
21.50	21.52	0.154621	45.236
21.50	21.52	0.154638	45.334
21.50	21.52	0.154655	45.434
21.50	21.52	0.154671	45.536
21.53	21.52	0.154688	45.634
21.53	21.52	0.154705	45.734
21.53	21.52	0.154721	45.836
21.53	21.52	0.154738	45.934
21.53	21.52	0.154755	46.035
21.53	21.52	0.154771	46.136
21.53	21.52	0.154788	46.234
21.53	21.52	0.154805	46.334
21.53	21.52	0.154821	46.436
21.53	21.52	0.154838	46.534
21.53	21.52	0.154855	46.634
21.53	21.52	0.154871	46.736
21.53	21.52	0.154888	46.863
21.53	21.52	0.154905	46.958
21.53	21.52	0.154921	47.035
21.53	21.52	0.154938	47.162
21.53	21.52	0.154955	47.256
21.53	21.52	0.154971	47.336
21.53	21.52	0.154988	47.460
21.53	21.52	0.155005	47.555
21.53	21.52	0.155021	47.660
21.50	21.52	0.155038	47.759
21.50	21.52	0.155055	47.854
21.50	21.52	0.155071	47.958
21.50	21.52	0.155088	48.058
21.50	21.52	0.155105	48.152
21.50	21.52	0.155121	48.257
21.50	21.52	0.155138	48.356
21.50	21.52	0.155155	48.451
21.50	21.52	0.155171	48.556
21.53	21.52	0.155188	48.656
21.53	21.52	0.155205	48.751
21.53	21.52	0.155221	48.855
21.53	21.52	0.155238	48.950
21.53	21.52	0.155255	49.049
21.53	21.52	0.155271	49.154
21.53	21.52	0.155288	49.249
21.53	21.52	0.155305	49.348
21.53	21.52	0.155321	49.453
21.53	21.52	0.155338	49.547
21.53	21.52	0.155355	49.647
21.53	21.52	0.155371	49.751
21.53	21.52	0.155388	49.846
21.53	21.52	0.155404	49.945
21.53	21.53	0.155421	50.050
21.53	21.53	0.155438	50.145
21.53	21.53	0.155454	50.244
21.53	21.53	0.155471	50.349
21.53	21.53	0.155488	50.443
21.53	21.53	0.155504	50.543
21.53	21.53	0.155521	50.647
21.53	21.53	0.155538	50.742
21.53	21.53	0.155554	50.842
21.53	21.53	0.155571	50.946
21.53	21.53	0.155588	51.041
21.53	21.53	0.155604	51.140
21.53	21.53	0.155621	51.245
21.53	21.53	0.155638	51.340
21.53	21.53	0.155654	51.440
21.53	21.53	0.155671	51.544
21.53	21.53	0.155688	51.639
21.53	21.53	0.155704	51.739
21.53	21.53	0.155721	51.843
21.53	21.53	0.155738	51.938
21.53	21.53	0.155754	52.039
21.53	21.53	0.155771	52.142
21.53	21.53	0.155788	52.236
21.53	21.53	0.155804	52.339
21.53	21.53	0.155821	52.441
21.53	21.53	0.155838	52.535
21.53	21.53	0.155854	52.639
21.53	21.53	0.155871	52.739
21.53	21.53	0.155888	52.834
21.53	21.53	0.155904	52.938
21.53	21.53	0.155921	53.038
21.53	21.53	0.155938	53.134
21.53	21.53	0.155954	53.237
21.53	21.53	0.155971	53.337
21.53	21.53	0.155988	53.435
21.53	21.53	0.156004	53.536
21.53	21.53	0.156021	53.635
21.53	21.53	0.156038	53.735
21.53	21.53	0.156054	53.835
21.53	21.53	0.156071	53.935
21.53	21.53	0.156088	54.036
21.53	21.53	0.156104	54.135
21.53	21.53	0.156121	54.236
21.53	21.53	0.156138	54.335
21.53	21.53	0.156154	54.435
21.50	21.53	0.156171	54.535
21.50	21.53	0.156188	54.635
21.50	21.53	0.156204	54.735
21.50	21.52	0.156221	54.835
21.50	21.52	0.156237	54.936
21.50	21.52	0.156254	55.035
21.53	21.52	0.156271	55.136
21.53	21.52	0.156287	55.235
21.53	21.52	0.156304	55.335
21.53	21.52	0.156321	55.435
21.53	21.52	0.156337	55.535
21.53	21.52	0.156354	55.635
21.53	21.52	0.156371	55.735
21.53	21.52	0.156387	55.836
21.53	21.53	0.156404	55.935
21.53	21.53	0.156421	56.035
21.53	21.53	0.156437	56.135
21.53	21.53	0.156454	56.235
21.53	21.53	0.156471	56.335
21.53	21.53	0.156487	56.435
21.53	21.53	0.156504	56.536
21.53	21.53	0.156521	56.635
21.53	21.53	0.156537	56.736
21.53	21.53	0.156554	56.835
21.53	21.53	0.156571	56.935
21.53	21.53	0.156587	57.035
21.53	21.53	0.156604	57.135
21.53	21.53	0.156621	57.235
21.53	21.53	0.156637	57.335
21.53	21.53	0.156654	57.436
21.53	21.53	0.156671	57.535
21.53	21.53	0.156687	57.635
21.53	21.53	0.156704	57.735
21.53	21.53	0.156721	57.836
21.53	21.53	0.156737	57.936
21.53	21.53	0.156754	58.036
21.53	21.54	0.156771	58.136
21.53	21.54	0.156787	58.236
21.53	21.54	0.156804	58.337
21.53	21.54	0.156821	58.436
21.53	21.54	0.156837	58.536
21.53	21.54	0.156854	58.636
21.53	21.54	0.156871	58.736
21.53	21.54	0.156887	58.864
21.53	21.54	0.156904	58.959
21.53	21.54	0.156921	59.059
21.53	21.54	0.156937	59.164
21.53	21.54	0.156954	59.259
21.53	21.54	0.156971	59.358
21.53	21.54	0.156987	59.463
21.53	21.54	0.157004	59.557
21.53	21.54	0.157021	59.657
21.53	21.54	0.157037	59.761
21.53	21.54	0.157054	59.856
21.53	21.54	0.157070	59.957
21.53	21.54	0.157087	00.060
21.56	21.54	0.157104	00.155
21.56	21.54	0.157120	00.257
21.56	21.54	0.157137	00.359
21.56	21.54	0.157154	00.453
21.56	21.54	0.157170	00.557
21.56	21.54	0.157187	00.657
21.56	21.54	0.157204	00.752
21.56	21.54	0.157220	00.857
21.56	21.54	0.157237	00.956
21.56	21.54	0.157254	01.051
21.56	21.54	0.157270	01.155
21.56	21.54	0.157287	01.255
21.53	21.54	0.157304	01.349
21.53	21.54	0.157320	01.454
21.53	21.54	0.157337	01.553
21.53	21.54	0.157354	01.649
21.53	21.54	0.157370	01.754
21.53	21.54	0.157387	01.853
21.53	21.55	0.157404	01.948
21.53	21.55	0.157420	02.052
21.53	21.55	0.157437	02.147
21.53	21.55	0.157454	02.246
21.53	21.55	0.157470	02.351
21.53	21.55	0.157487	02.446
21.53	21.55	0.157504	02.545
21.53	21.55	0.157520	02.650
21.53	21.55	0.157537	02.744
21.53	21.55	0.157554	02.844
21.53	21.55	0.157570	02.948
21.53	21.55	0.157587	03.043
21.53	21.55	0.157604	03.143
21.53	21.55	0.157620	03.247
21.56	21.55	0.157637	03.342
21.56	21.55	0.157654	03.441
21.56	21.55	0.157670	03.546
21.56	21.55	0.157687	03.640
21.56	21.55	0.157704	03.740
21.56	21.55	0.157720	03.844
21.56	21.55	0.157737	03.939
21.56	21.55	0.157754	04.039
21.56	21.55	0.157770	04.143
21.56	21.55	0.157787	04.238
21.56	21.55	0.157804	04.337
21.56	21.55	0.157820	04.443
21.56	21.55	0.157837	04.537
21.56	21.55	0.157854	04.637
21.56	21.55	0.157870	04.741
21.56	21.55	0.157887	04.837
21.56	21.55	0.157903	04.938
21.56	21.55	0.157920	05.040
21.56	21.55	0.157937	05.137
21.56	21.55	0.157953	05.237
21.56	21.55	0.157970	05.339
21.56	21.55	0.157987	05.437
21.56	21.55	0.158003	05.537
21.56	21.55	0.158020	05.638
21.56	21.55	0.158037	05.737
21.56	21.55	0.158053	05.838
21.56	21.55	0.158070	05.937
21.56	21.55	0.158087	06.037
21.56	21.55	0.158103	06.137
21.53	21.55	0.158120	06.237
21.53	21.55	0.158137	06.337
21.53	21.55	0.158153	06.437
21.53	21.55	0.158170	06.538
21.53	21.55	0.158187	06.637
21.53	21.55	0.158203	06.737
21.53	21.55	0.158220	06.837
21.53	21.54	0.158237	06.937
21.53	21.54	0.158253	07.037
21.53	21.54	0.158270	07.137
21.53	21.54	0.158287	07.237
21.53	21.54	0.158303	07.337
21.56	21.54	0.158320	07.437
21.56	21.54	0.158337	07.537
21.56	21.54	0.158353	07.637
21.56	21.54	0.158370	07.737
21.56	21.54	0.158387	07.837
21.56	21.54	0.158403	07.937
21.56	21.54	0.158420	08.037
21.56	21.54	0.158437	08.138
21.56	21.54	0.158453	08.237
21.56	21.54	0.158470	08.338
21.56	21.54	0.158487	08.437
21.56	21.54	0.158503	08.537
21.53	21.54	0.158520	08.637
21.53	21.54	0.158537	08.737
21.53	21.54	0.158553	08.837
21.53	21.54	0.158570	08.937
21.53	21.54	0.158587	09.038
21.53	21.54	0.158603	09.137
21.53	21.54	0.158620	09.237
21.53	21.54	0.158637	09.337
21.53	21.54	0.158653	09.437
21.53	21.54	0.158670	09.537
21.53	21.54	0.158687	09.637
21.53	21.54	0.158703	09.738
21.53	21.54	0.158720	09.837
21.53	21.54	0.158736	09.938
21.53	21.54	0.158753	10.037
21.53	21.54	0.158770	10.137
21.53	21.54	0.158786	10.237
21.53	21.54	0.158803	10.337
21.53	21.54	0.158820	10.437
21.53	21.54	0.158836	10.537
21.53	21.54	0.158853	10.662
21.53	21.54	0.158870	10.762
21.53	21.54	0.158886	10.867
21.53	21.54	0.158903	10.961
21.53	21.54	0.158920	11.061
21.53	21.54	0.158936	11.165
21.53	21.54	0.158953	11.260
21.53	21.54	0.158970	11.359
21.53	21.54	0.158986	11.464
21.56	21.54	0.159003	11.559
21.56	21.54	0.159020	11.658
21.56	21.54	0.159036	11.763
21.56	21.54	0.159053	11.858
21.56	21.54	0.159070	11.958
21.56	21.54	0.159086	12.062
21.56	21.54	0.159103	12.157
21.56	21.54	0.159120	12.256
21.56	21.54	0.159136	12.361
21.56	21.54	0.159153	12.456
21.56	21.54	0.159170	12.555
21.56	21.54	0.159186	12.660
21.56	21.54	0.159203	12.754
21.53	21.54	0.159220	12.854
21.53	21.54	0.159236	12.958
21.53	21.54	0.159253	13.053
21.53	21.54	0.159270	13.155
21.53	21.54	0.159286	13.257
21.53	21.54	0.159303	13.352
21.53	21.55	0.159320	13.454
21.53	21.55	0.159336	13.556
21.53	21.55	0.159353	13.650
21.53	21.55	0.159370	13.754
21.53	21.55	0.159386	13.854
21.53	21.55	0.159403	13.949
21.53	21.55	0.159420	14.054
21.53	21.55	0.159436	14.153
21.53	21.55	0.159453	14.248
21.53	21.55	0.159470	14.352
21.53	21.55	0.159486	14.452
21.56	21.55	0.159503	14.546
21.56	21.55	0.159520	14.651
21.56	21.56	0.159536	14.751
21.56	21.56	0.159553	14.846
21.56	21.56	0.159569	14.950
21.56	21.56	0.159586	15.050
21.56	21.56	0.159603	15.145
21.56	21.56	0.159619	15.249
21.56	21.56	0.159636	15.344
21.56	21.56	0.159653	15.443
21.56	21.56	0.159669	15.548
21.56	21.56	0.159686	15.643
21.56	21.56	0.159703	15.742
21.56	21.56	0.159719	15.847
21.56	21.56	0.159736	15.941
21.56	21.56	0.159753	16.041
21.56	21.56	0.159769	16.145
21.56	21.56	0.159786	16.240
21.56	21.56	0.159803	16.340
21.56	21.56	0.159819	16.444
21.56	21.56	0.159836	16.539
21.56	21.56	0.159853	16.638
21.56	21.56	0.159869	16.743
21.56	21.56	0.159886	16.838
21.56	21.56	0.159903	16.938
21.56	21.56	0.159919	17.041
21.56	21.56	0.159936	17.138
21.56	21.56	0.159953	17.240
21.56	21.56	0.159969	17.340
21.56	21.56	0.159986	17.439
21.56	21.56	0.160003	17.539
21.56	21.56	0.160019	17.639
21.56	21.56	0.160036	17.739
21.56	21.56	0.160053	17.839
21.56	21.56	0.160069	17.940
21.56	21.56	0.160086	18.039
21.56	21.56	0.160103	18.140
21.56	21.56	0.160119	18.239
21.56	21.56	0.160136	18.339
21.56	21.56	0.160153	18.439
21.56	21.56	0.160169	18.539
21.56	21.56	0.160186	18.639
21.56	21.56	0.160203	18.739
21.56	21.56	0.160219	18.840
21.56	21.56	0.160236	18.939
21.56	21.56	0.160253	19.039
21.56	21.56	0.160269	19.139
21.56	21.56	0.160286	19.239
21.56	21.56	0.160303	19.339
21.56	21.56	0.160319	19.439
21.56	21.56	0.160336	19.539
21.56	21.56	0.160353	19.639
21.56	21.56	0.160369	19.740
21.56	21.56	0.160386	19.839
21.56	21.56	0.160402	19.939
21.56	21.56	0.160419	20.039
21.56	21.56	0.160436	20.139
21.56	21.56	0.160452	20.239
21.56	21.56	0.160469	20.339
21.56	21.56	0.160486	20.440
21.56	21.56	0.160502	20.539
21.56	21.57	0.160519	20.640
21.56	21.57	0.160536	20.739
21.58	21.57	0.160552	20.839
21.58	21.57	0.160569	20.939
21.58	21.57	0.160586	21.039
21.58	21.57	0.160602	21.139
21.58	21.57	0.160619	21.239
21.58	21.57	0.160636	21.340
21.58	21.57	0.160652	21.439
21.58	21.57	0.160669	21.540
21.58	21.57	0.160686	21.639
21.58	21.57	0.160702	21.739
21.58	21.58	0.160719	21.839
21.58	21.58	0.160736	21.939
21.58	21.58	0.160752	22.039
21.56	21.58	0.160769	22.139
21.56	21.58	0.160786	22.240
21.56	21.58	0.160802	22.339
21.56	21.58	0.160819	22.439
21.56	21.58	0.160836	22.539
21.56	21.58	0.160852	22.639
21.56	21.58	0.160869	22.739
21.56	21.58	0.160886	22.839
21.58	21.58	0.160902	22.968
21.58	21.59	0.160919	23.063
21.58	21.59	0.160936	23.168
21.58	21.59	0.160952	23.262
21.58	21.59	0.160969	23.362
21.58	21.59	0.160986	23.466
21.58	21.59	0.161002	23.561
21.58	21.59	0.161019	23.660
21.58	21.59	0.161036	23.765
21.58	21.59	0.161052	23.859
21.58	21.59	0.161069	23.959
21.58	21.59	0.161086	24.064
21.58	21.59	0.161102	24.158
21.58	21.60	0.161119	24.258
21.58	21.60	0.161136	24.362
21.61	21.60	0.161152	24.457
21.61	21.60	0.161169	24.556
21.61	21.60	0.161186	24.661
21.61	21.60	0.161202	24.756
21.61	21.60	0.161219	24.855
21.61	21.60	0.161235	24.960
21.61	21.60	0.161252	25.054
21.61	21.60	0.161269	25.154
21.61	21.60	0.161285	25.259
21.61	21.60	0.161302	25.354
21.61	21.60	0.161319	25.454
21.61	21.61	0.161335	25.558
21.61	21.61	0.161352	25.653
21.61	21.61	0.161369	25.752
21.61	21.61	0.161385	25.857
21.61	21.61	0.161402	25.951
21.61	21.61	0.161419	26.051
21.61	21.61	0.161435	26.155
21.61	21.61	0.161452	26.250
21.61	21.61	0.161469	26.352
21.61	21.61	0.161485	26.454
21.61	21.61	0.161502	26.549
21.61	21.61	0.161519	26.651
21.61	21.61	0.161535	26.753
21.61	21.61	0.161552	26.847
21.61	21.61	0.161569	26.951
21.61	21.61	0.161585	27.051
21.61	21.61	0.161602	27.146
21.61	21.61	0.161619	27.251
21.61	21.61	0.161635	27.350
21.61	21.61	0.161652	27.445
21.61	21.61	0.161669	27.549
21.61	21.61	0.161685	27.649
21.61	21.62	0.161702	27.743
21.61	21.62	0.161719	27.848
21.61	21.62	0.161735	27.948
21.61	21.62	0.161752	28.043
21.61	21.62	0.161769	28.147
21.61	21.62	0.161785	28.246
21.61	21.62	0.161802	28.341
21.61	21.62	0.161819	28.446
21.61	21.62	0.161835	28.541
21.61	21.62	0.161852	28.641
21.61	21.62	0.161869	28.745
21.61	21.62	0.161885	28.840
21.63	21.62	0.161902	28.939
21.63	21.63	0.161919	29.044
21.63	21.63	0.161935	29.139
21.63	21.63	0.161952	29.239
21.63	21.63	0.161969	29.342
21.63	21.63	0.161985	29.439
21.63	21.63	0.162002	29.540
21.63	21.63	0.162019	29.641
21.63	21.63	0.162035	29.740
21.63	21.63	0.162052	29.839
21.63	21.63	0.162068	29.940
21.63	21.63	0.162085	30.039
21.63	21.63	0.162102	30.139
21.63	21.64	0.162118	30.239
21.63	21.64	0.162135	30.339
21.63	21.64	0.162152	30.440
21.63	21.64	0.162168	30.539
21.63	21.64	0.162185	30.639
21.63	21.64	0.162202	30.739
21.66	21.64	0.162218	30.839
21.66	21.64	0.162235	30.939
21.66	21.64	0.162252	31.039
21.66	21.64	0.162268	31.140
21.66	21.64	0.162285	31.239
21.66	21.64	0.162302	31.340
21.66	21.64	0.162318	31.439
21.66	21.64	0.162335	31.539
21.66	21.64	0.162352	31.639
21.66	21.64	0.162368	31.739
21.66	21.64	0.162385	31.839
21.66	21.64	0.162402	31.939
21.66	21.64	0.162418	32.040
21.66	21.64	0.162435	32.139
21.66	21.64	0.162452	32.239
21.66	21.64	0.162468	32.339
21.66	21.64	0.162485	32.439
21.63	21.64	0.162502	32.539
21.63	21.64	0.162518	32.639
21.63	21.64	0.162535	32.740
21.63	21.64	0.162552	32.839
21.63	21.65	0.162568	32.940
21.63	21.65	0.162585	33.039
21.63	21.65	0.162602	33.139
21.63	21.65	0.162618	33.239
21.63	21.65	0.162635	33.339
21.63	21.66	0.162652	33.439
21.63	21.66	0.162668	33.539
21.63	21.66	0.162685	33.640
21.63	21.66	0.162702	33.739
21.63	21.66	0.162718	33.840
21.63	21.66	0.162735	33.939
21.63	21.66	0.162752	34.039
21.63	21.66	0.162768	34.139
21.66	21.66	0.162785	34.239
21.66	21.66	0.162802	34.339
21.66	21.66	0.162818	34.439
21.66	21.66	0.162835	34.540
21.66	21.66	0.162852	34.639
21.66	21.66	0.162868	34.739
21.66	21.66	0.162885	34.839
21.66	21.66	0.162901	34.940
21.66	21.66	0.162918	35.039
21.66	21.66	0.162935	35.139
21.66	21.66	0.162951	35.268
21.66	21.67	0.162968	35.363
21.68	21.67	0.162985	35.468
21.68	21.67	0.163001	35.568
21.68	21.67	0.163018	35.663
21.68	21.67	0.163035	35.767
21.68	21.68	0.163051	35.867
21.68	21.68	0.163068	35.961
21.68	21.68	0.163085	36.066
21.68	21.68	0.163101	36.165
21.68	21.68	0.163118	36.260
21.68	21.68	0.163135	36.364
21.68	21.68	0.163151	36.459
21.68	21.68	0.163168	36.558
21.68	21.68	0.163185	36.663
21.68	21.68	0.163201	36.757
21.68	21.69	0.163218	36.857
21.68	21.69	0.163235	36.961
21.68	21.69	0.163251	37.056
21.68	21.69	0.163268	37.156
21.68	21.69	0.163285	37.261
21.68	21.69	0.163301	37.355
21.68	21.69	0.163318	37.455
21.68	21.69	0.163335	37.560
21.68	21.69	0.163351	37.654
21.68	21.69	0.163368	37.754
21.68	21.69	0.163385	37.858
21.68	21.69	0.163401	37.953
21.68	21.70	0.163418	38.053
21.68	21.70	0.163435	38.157
21.68	21.70	0.163451	38.252
21.68	21.70	0.163468	38.351
21.68	21.70	0.163485	38.456
21.71	21.70	0.163501	38.550
21.71	21.70	0.163518	38.650
21.71	21.70	0.163535	38.755
21.71	21.70	0.163551	38.849
21.71	21.70	0.163568	38.949
21.71	21.70	0.163585	39.053
21.71	21.70	0.163601	39.148
21.71	21.71	0.163618	39.248
21.71	21.71	0.163635	39.352
21.71	21.71	0.163651	39.446
21.71	21.71	0.163668	39.548
21.71	21.71	0.163685	39.651
21.71	21.71	0.163701	39.745
21.71	21.71	0.163718	39.848
21.71	21.71	0.163734	39.949
21.71	21.71	0.163751	40.045
21.71	21.71	0.163768	40.148
21.71	21.71	0.163784	40.249
21.71	21.72	0.163801	40.344
21.71	21.72	0.163818	40.448
21.74	21.72	0.163834	40.548
21.74	21.72	0.163851	40.642
21.74	21.72	0.163868	40.747
21.74	21.72	0.163884	40.846
21.74	21.72	0.163901	40.941
21.74	21.72	0.163918	41.045
21.74	21.72	0.163934	41.145
21.74	21.72	0.163951	41.242
21.74	21.72	0.163968	41.344
21.74	21.73	0.163984	41.444
21.71	21.73	0.164001	41.541
21.71	21.73	0.164018	41.643
21.71	21.73	0.164034	41.743
21.71	21.73	0.164051	41.841
21.71	21.73	0.164068	41.942
21.71	21.73	0.164084	42.043
21.71	21.73	0.164101	42.142
21.71	21.73	0.164118	42.241
21.71	21.73	0.164134	42.343
21.71	21.73	0.164151	42.441
21.71	21.74	0.164168	42.541
21.74	21.74	0.164184	42.643
21.74	21.74	0.164201	42.741
21.74	21.74	0.164218	42.842
21.74	21.74	0.164234	42.943
21.74	21.74	0.164251	43.042
21.74	21.74	0.164268	43.141
21.74	21.74	0.164284	43.243
21.74	21.74	0.164301	43.341
21.74	21.74	0.164318	43.441
21.74	21.74	0.164334	43.542
21.74	21.75	0.164351	43.641
21.76	21.75	0.164368	43.742
21.76	21.75	0.164384	43.843
21.76	21.75	0.164401	43.941
21.76	21.75	0.164418	44.041
21.76	21.75	0.164434	44.143
21.76	21.75	0.164451	44.241
21.76	21.75	0.164468	44.341
21.76	21.75	0.164484	44.443
21.76	21.75	0.164501	44.541
21.76	21.75	0.164518	44.642
21.76	21.75	0.164534	44.742
21.76	21.75	0.164551	44.841
21.76	21.75	0.164567	44.941
21.76	21.75	0.164584	45.043
21.76	21.75	0.164601	45.141
21.76	21.75	0.164617	45.241
21.76	21.75	0.164634	45.343
21.76	21.75	0.164651	45.441
21.76	21.75	0.164667	45.542
21.76	21.75	0.164684	45.642
21.76	21.75	0.164701	45.741
21.76	21.75	0.164717	45.841
21.76	21.75	0.164734	45.942
21.76	21.75	0.164751	46.041
21.76	21.75	0.164767	46.141
21.74	21.75	0.164784	46.243
21.74	21.75	0.164801	46.341
21.74	21.75	0.164817	46.441
21.74	21.75	0.164834	46.542
21.74	21.75	0.164851	46.641
21.74	21.75	0.164867	46.741
21.74	21.75	0.164884	46.842
21.74	21.75	0.164901	46.942
21.74	21.75	0.164917	47.041
21.74	21.75	0.164934	47.142
21.74	21.75	0.164951	47.241
21.74	21.75	0.164967	47.341
21.74	21.75	0.164984	47.441
21.74	21.75	0.165001	47.570
21.74	21.75	0.165017	47.664
21.76	21.75	0.165034	47.742
21.76	21.75	0.165051	47.868
21.76	21.75	0.165067	47.963
21.76	21.75	0.165084	48.042
21.76	21.75	0.165101	48.167
21.76	21.75	0.165117	48.262
21.76	21.75	0.165134	48.366
21.76	21.75	0.165151	48.466
21.76	21.75	0.165167	48.560
21.76	21.75	0.165184	48.665
21.76	21.75	0.165201	48.765
21.76	21.75	0.165217	48.859
21.76	21.75	0.165234	48.964
21.76	21.75	0.165251	49.063
21.74	21.75	0.165267	49.158
21.74	21.75	0.165284	49.262
21.74	21.75	0.165301	49.362
21.74	21.75	0.165317	49.456
21.74	21.75	0.165334	49.561
21.74	21.75	0.165351	49.656
21.74	21.75	0.165367	49.755
21.74	21.75	0.165384	49.860
21.74	21.75	0.165400	49.954
21.74	21.75	0.165417	50.054
21.74	21.75	0.165434	50.158
21.74	21.75	0.165450	50.253
21.74	21.75	0.165467	50.354
21.74	21.75	0.165484	50.458
21.74	21.75	0.165500	50.553
21.74	21.75	0.165517	50.652
21.74	21.75	0.165534	50.757
21.74	21.75	0.165550	50.851
21.74	21.75	0.165567	50.951
21.74	21.75	0.165584	51.055
21.76	21.75	0.165600	51.150
21.76	21.75	0.165617	51.250
21.76	21.76	0.165634	51.354
21.76	21.76	0.165650	51.449
21.76	21.76	0.165667	51.548
21.76	21.76	0.165684	51.653
21.76	21.76	0.165700	51.747
21.76	21.76	0.165717	51.847
21.76	21.76	0.165734	51.952
21.76	21.76	0.165750	52.046
21.76	21.76	0.165767	52.146
21.76	21.76	0.165784	52.250
21.76	21.76	0.165800	52.345
21.76	21.76	0.165817	52.445
21.76	21.76	0.165834	52.549
21.76	21.76	0.165850	52.643
21.76	21.76	0.165867	52.745
21.76	21.76	0.165884	52.848
21.76	21.76	0.165900	52.942
21.76	21.76	0.165917	53.045
21.76	21.76	0.165934	53.147
21.76	21.76	0.165950	53.242
21.76	21.76	0.165967	53.344
21.76	21.76	0.165984	53.446
21.76	21.76	0.166000	53.543
21.76	21.76	0.166017	53.645
21.76	21.76	0.166034	53.745
21.76	21.76	0.166050	53.842
21.76	21.76	0.166067	53.944
21.76	21.76	0.166084	54.043
21.76	21.76	0.166100	54.142
21.76	21.76	0.166117	54.242
21.76	21.76	0.166134	54.342
21.76	21.76	0.166150	54.443
21.76	21.76	0.166167	54.542
21.76	21.76	0.166184	54.642
21.76	21.76	0.166200	54.742
21.76	21.76	0.166217	54.842
21.76	21.76	0.166233	54.942
21.76	21.76	0.166250	55.042
21.76	21.76	0.166267	55.142
21.76	21.76	0.166283	55.242
21.76	21.76	0.166300	55.343
21.76	21.76	0.166317	55.442
21.76	21.77	0.166333	55.542
21.76	21.77	0.166350	55.642
21.76	21.77	0.166367	55.742
21.76	21.77	0.166383	55.842
21.76	21.77	0.166400	55.942
21.76	21.77	0.166417	56.043
21.76	21.77	0.166433	56.142
21.76	21.77	0.166450	56.243
21.76	21.77	0.166467	56.342
21.76	21.77	0.166483	56.442
21.76	21.77	0.166500	56.542
21.76	21.77	0.166517	56.642
21.76	21.77	0.166533	56.742
21.76	21.77	0.166550	56.842
21.76	21.77	0.166567	56.943
21.76	21.77	0.166583	57.042
21.76	21.77	0.166600	57.142
21.76	21.77	0.166617	57.242
21.76	21.77	0.166633	57.343
21.76	21.77	0.166650	57.443
21.76	21.77	0.166667	57.543
21.76	21.77	0.166683	57.643
21.76	21.77	0.166700	57.743
21.76	21.77	0.166717	57.844
21.76	21.77	0.166733	57.943
21.79	21.78	0.166750	58.043
21.79	21.78	0.166767	58.143
21.79	21.78	0.166783	58.243
21.79	21.78	0.166800	58.343
21.79	21.78	0.166817	58.443
21.79	21.78	0.166833	58.544
21.79	21.78	0.166850	58.643
21.79	21.78	0.166867	58.744
21.79	21.78	0.166883	58.843
21.79	21.78	0.166900	58.943
21.79	21.78	0.166917	59.043
21.79	21.78	0.166933	59.143
21.79	21.78	0.166950	59.272
21.79	21.78	0.166967	59.367
21.79	21.78	0.166983	59.466
21.79	21.78	0.167000	59.571
21.79	21.78	0.167017	59.666
21.79	21.78	0.167033	59.765
21.79	21.78	0.167050	59.870
21.79	21.78	0.167066	59.964
21.79	21.78	0.167083	00.064
21.79	21.78	0.167100	00.168
21.79	21.78	0.167116	00.263
21.79	21.78	0.167133	00.364
21.79	21.78	0.167150	00.468
21.79	21.78	0.167166	00.563
21.79	21.78	0.167183	00.663
21.76	21.78	0.167200	00.767
21.76	21.78	0.167216	00.861
21.76	21.78	0.167233	00.963
21.76	21.78	0.167250	01.065
21.76	21.78	0.167266	01.160
21.76	21.78	0.167283	01.264
21.76	21.78	0.167300	01.364
21.76	21.78	0.167316	01.459
21.76	21.78	0.167333	01.563
21.76	21.78	0.167350	01.663
21.76	21.78	0.167366	01.757
21.76	21.78	0.167383	01.862
21.76	21.78	0.167400	01.962
21.79	21.78	0.167416	02.056
21.79	21.78	0.167433	02.161
21.79	21.78	0.167450	02.260
21.79	21.78	0.167466	02.355
21.79	21.78	0.167483	02.459
21.79	21.78	0.167500	02.559
21.79	21.78	0.167516	02.653
21.79	21.78	0.167533	02.758
21.79	21.78	0.167550	02.854
21.79	21.78	0.167566	02.953
21.79	21.78	0.167583	03.058
21.79	21.78	0.167600	03.152
21.79	21.78	0.167616	03.252
21.79	21.78	0.167633	03.356
21.79	21.78	0.167650	03.451
21.79	21.78	0.167666	03.551
21.79	21.78	0.167683	03.655
21.79	21.78	0.167700	03.750
21.79	21.78	0.167716	03.849
21.79	21.78	0.167733	03.954
21.79	21.78	0.167750	04.048
21.79	21.78	0.167766	04.148
21.79	21.79	0.167783	04.252
21.79	21.79	0.167800	04.347
21.76	21.79	0.167816	04.447
21.76	21.79	0.167833	04.551
21.76	21.79	0.167850	04.646
21.76	21.79	0.167866	04.745
21.76	21.79	0.167883	04.850
21.76	21.79	0.167899	04.944
21.76	21.79	0.167916	05.044
21.76	21.79	0.167933	05.149
21.76	21.80	0.167949	05.243
21.76	21.80	0.167966	05.344
21.79	21.80	0.167983	05.447
21.79	21.80	0.167999	05.543
21.79	21.80	0.168016	05.643
21.79	21.80	0.168033	05.746
21.79	21.80	0.168049	05.843
21.79	21.80	0.168066	05.943
21.79	21.80	0.168083	06.046
21.79	21.80	0.168099	06.143
21.79	21.80	0.168116	06.243
21.79	21.81	0.168133	06.344
21.81	21.81	0.168149	06.443
21.81	21.81	0.168166	06.543
21.81	21.81	0.168183	06.643
21.81	21.81	0.168199	06.744
21.81	21.81	0.168216	06.843
21.81	21.81	0.168233	06.944
21.81	21.81	0.168249	07.043
21.81	21.81	0.168266	07.143
21.81	21.81	0.168283	07.243
21.81	21.81	0.168299	07.343
21.81	21.81	0.168316	07.443
21.81	21.81	0.168333	07.543
21.81	21.82	0.168349	07.644
21.81	21.82	0.168366	07.743
21.81	21.82	0.168383	07.844
21.81	21.82	0.168399	07.943
21.84	21.82	0.168416	08.043
21.84	21.82	0.168433	08.143
21.84	21.82	0.168449	08.243
21.84	21.82	0.168466	08.343
21.84	21.82	0.168483	08.443
21.84	21.82	0.168499	08.544
21.84	21.82	0.168516	08.643
21.84	21.82	0.168533	08.743
21.84	21.82	0.168549	08.843
21.84	21.82	0.168566	08.943
21.84	21.82	0.168583	09.043
21.84	21.82	0.168599	09.143
21.84	21.82	0.168616	09.244
21.84	21.82	0.168633	09.343
21.81	21.82	0.168649	09.444
21.81	21.82	0.168666	09.543
21.81	21.82	0.168683	09.643
21.81	21.82	0.168699	09.743
21.81	21.82	0.168716	09.843
21.81	21.82	0.168732	09.943
21.81	21.82	0.168749	10.043
21.81	21.82	0.168766	10.144
21.81	21.82	0.168782	10.243
21.81	21.82	0.168799	10.344
21.81	21.82	0.168816	10.443
21.81	21.82	0.168832	10.543
21.81	21.82	0.168849	10.643
21.81	21.82	0.168866	10.743
21.81	21.82	0.168882	10.843
21.81	21.82	0.168899	10.943
21.84	21.82	0.168916	11.044
21.84	21.82	0.168932	11.143
21.84	21.82	0.168949	11.243
21.84	21.82	0.168966	11.343
21.84	21.82	0.168982	11.443
21.84	21.82	0.168999	11.543
21.84	21.82	0.169016	11.643
21.84	21.82	0.169032	11.767
21.84	21.82	0.169049	11.872
21.84	21.82	0.169066	11.967
21.81	21.82	0.169082	12.066
21.81	21.82	0.169099	12.171
21.81	21.82	0.169116	12.265
21.81	21.82	0.169132	12.365
21.81	21.82	0.169149	12.469
21.81	21.82	0.169166	12.564
21.81	21.82	0.169182	12.663
21.81	21.82	0.169199	12.768
21.81	21.82	0.169216	12.863
21.81	21.82	0.169232	12.962
21.81	21.82	0.169249	13.067
21.81	21.82	0.169266	13.161
21.81	21.82	0.169282	13.261
21.81	21.82	0.169299	13.365
21.81	21.82	0.169316	13.460
21.81	21.82	0.169332	13.561
21.81	21.82	0.169349	13.664
21.81	21.82	0.169366	13.759
21.81	21.82	0.169382	13.860
21.81	21.82	0.169399	13.964
21.81	21.82	0.169416	14.058
21.81	21.82	0.169432	14.160
21.81	21.82	0.169449	14.262
21.81	21.82	0.169466	14.357
21.84	21.82	0.169482	14.461
21.84	21.82	0.169499	14.561
21.84	21.82	0.169516	14.656
21.84	21.82	0.169532	14.760
21.84	21.82	0.169549	14.860
21.84	21.82	0.169565	14.954
21.84	21.82	0.169582	15.059
21.84	21.82	0.169599	15.159
21.84	21.82	0.169615	15.253
21.84	21.82	0.169632	15.358
21.84	21.82	0.169649	15.457
21.84	21.82	0.169665	15.552
21.84	21.82	0.169682	15.656
21.81	21.82	0.169699	15.756
21.81	21.82	0.169715	15.850
21.81	21.82	0.169732	15.955
21.81	21.82	0.169749	16.050
21.81	21.82	0.169765	16.149
21.81	21.82	0.169782	16.254
21.81	21.82	0.169799	16.348
21.81	21.82	0.169815	16.448
21.81	21.82	0.169832	16.553
21.81	21.82	0.169849	16.647
21.81	21.82	0.169865	16.748
21.81	21.82	0.169882	16.852
21.81	21.81	0.169899	16.947
21.81	21.81	0.169915	17.046
21.81	21.81	0.169932	17.151
21.81	21.81	0.169949	17.245
21.81	21.81	0.169965	17.345
21.81	21.81	0.169982	17.449
21.81	21.81	0.169999	17.544
21.81	21.81	0.170015	17.645
21.81	21.81	0.170032	17.748
21.81	21.81	0.170049	17.844
21.81	21.81	0.170065	17.944
21.81	21.81	0.170082	18.047
21.81	21.81	0.170099	18.144
21.81	21.81	0.170115	18.244
21.81	21.81	0.170132	18.345
21.81	21.81	0.170149	18.444
21.81	21.81	0.170165	18.544
21.81	21.81	0.170182	18.644
21.81	21.81	0.170199	18.744
21.81	21.81	0.170215	18.844
21.81	21.81	0.170232	18.945
21.81	21.81	0.170249	19.044
21.81	21.81	0.170265	19.144
21.81	21.81	0.170282	19.244
21.81	21.81	0.170299	19.344
21.81	21.80	0.170315	19.444
21.81	21.80	0.170332	19.544
21.81	21.80	0.170349	19.645
21.81	21.80	0.170365	19.744
21.81	21.79	0.170382	19.845
21.81	21.79	0.170398	19.944
21.81	21.79	0.170415	20.044
21.81	21.79	0.170432	20.144
21.81	21.79	0.170448	20.244
21.81	21.79	0.170465	20.344
21.81	21.79	0.170482	20.444
21.81	21.79	0.170498	20.545
21.81	21.79	0.170515	20.644
21.81	21.78	0.170532	20.745
21.81	21.78	0.170548	20.844
21.81	21.78	0.170565	20.944
21.79	21.78	0.170582	21.044
21.79	21.78	0.170598	21.144
21.79	21.78	0.170615	21.244
21.79	21.78	0.170632	21.344
21.79	21.78	0.170648	21.445
21.79	21.78	0.170665	21.544
21.79	21.78	0.170682	21.644
21.79	21.77	0.170698	21.744
21.76	21.77	0.170715	21.844
21.76	21.77	0.170732	21.944
21.76	21.77	0.170748	22.044
21.76	21.77	0.170765	22.144
21.76	21.77	0.170782	22.244
21.76	21.77	0.170798	22.345
21.76	21.77	0.170815	22.444
21.76	21.77	0.170832	22.544
21.76	21.77	0.170848	22.644
21.76	21.77	0.170865	22.744
21.76	21.77	0.170882	22.844
21.76	21.76	0.170898	22.944
21.76	21.76	0.170915	23.045
21.76	21.76	0.170932	23.144
21.76	21.76	0.170948	23.245
21.76	21.76	0.170965	23.344
21.74	21.76	0.170982	23.444
21.74	21.76	0.170998	23.545
21.74	21.76	0.171015	23.645
21.74	21.76	0.171032	23.769
21.74	21.76	0.171048	23.874
21.74	21.76	0.171065	23.969
21.74	21.76	0.171082	24.068
21.74	21.75	0.171098	24.173
21.74	21.75	0.171115	24.267
21.76	21.75	0.171132	24.367
21.76	21.75	0.171148	24.471
21.76	21.75	0.171165	24.566
21.76	21.75	0.171182	24.665
21.76	21.75	0.171198	24.770
21.76	21.75	0.171215	24.865
21.76	21.75	0.171231	24.964
21.76	21.75	0.171248	25.069
21.76	21.75	0.171265	25.163
21.76	21.75	0.171281	25.263
21.76	21.74	0.171298	25.368
21.76	21.74	0.171315	25.462
21.74	21.73	0.171331	25.563
21.74	21.73	0.171348	25.667
21.74	21.73	0.171365	25.761
21.74	21.73	0.171381	25.860
21.74	21.73	0.171398	25.966
21.74	21.73	0.171415	26.060
21.74	21.73	0.171431	26.160
21.74	21.73	0.171448	26.264
21.74	21.73	0.171465	26.359
21.74	21.73	0.171481	26.459
21.74	21.73	0.171498	26.563
21.74	21.72	0.171515	26.658
21.74	21.72	0.171531	26.758
21.74	21.72	0.171548	26.862
21.74	21.72	0.171565	26.956
21.71	21.72	0.171581	27.058
21.71	21.72	0.171598	27.160
21.71	21.72	0.171615	27.255
21.71	21.72	0.171631	27.358
21.71	21.72	0.171648	27.459
21.71	21.72	0.171665	27.554
21.71	21.72	0.171681	27.657
21.71	21.71	0.171698	27.758
21.71	21.71	0.171715	27.852
21.71	21.71	0.171731	27.957
21.71	21.71	0.171748	28.057
21.71	21.71	0.171765	28.151
21.71	21.71	0.171781	28.256
21.71	21.71	0.171798	28.355
21.71	21.71	0.171815	28.450
21.71	21.71	0.171831	28.554
21.71	21.71	0.171848	28.654
21.71	21.71	0.171865	28.749
21.71	21.71	0.171881	28.854
21.71	21.71	0.171898	28.954
21.71	21.70	0.171915	29.048
21.71	21.70	0.171931	29.153
21.71	21.70	0.171948	29.247
21.68	21.70	0.171965	29.347
21.68	21.70	0.171981	29.451
21.68	21.70	0.171998	29.546
21.68	21.70	0.172015	29.647
21.68	21.70	0.172031	29.750
21.68	21.70	0.172048	29.846
21.68	21.70	0.172064	29.946
21.68	21.70	0.172081	30.049
21.68	21.70	0.172098	30.146
21.68	21.70	0.172114	30.246
21.68	21.69	0.172131	30.347
21.71	21.69	0.172148	30.446
21.71	21.69	0.172164	30.547
21.71	21.69	0.172181	30.646
21.71	21.69	0.172198	30.746
21.71	21.69	0.172214	30.846
21.71	21.69	0.172231	30.946
21.71	21.69	0.172248	31.046
21.71	21.69	0.172264	31.146
21.71	21.69	0.172281	31.247
21.71	21.69	0.172298	31.346
21.71	21.68	0.172314	31.447
21.68	21.68	0.172331	31.546
21.68	21.68	0.172348	31.646
21.68	21.68	0.172364	31.746
21.68	21.68	0.172381	31.846
21.68	21.68	0.172398	31.946
21.68	21.68	0.172414	32.046
21.68	21.68	0.172431	32.148
21.68	21.68	0.172448	32.247
21.68	21.67	0.172464	32.347
21.68	21.67	0.172481	32.447
21.68	21.67	0.172498	32.547
21.68	21.66	0.172514	32.647
21.68	21.66	0.172531	32.747
21.66	21.66	0.172548	32.851
21.66	21.66	0.172564	32.947
21.66	21.66	0.172581	33.048
21.66	21.66	0.172598	33.152
21.66	21.66	0.172614	33.247
21.66	21.66	0.172631	33.347
21.66	21.66	0.172648	33.452
21.66	21.66	0.172664	33.547
21.66	21.66	0.172681	33.647
21.66	21.66	0.172698	33.752
21.66	21.66	0.172714	33.847
21.66	21.66	0.172731	33.947
21.66	21.66	0.172748	34.051
21.66	21.66	0.172764	34.147
21.66	21.66	0.172781	34.247
21.66	21.66	0.172798	34.352
21.66	21.66	0.172814	34.447
21.66	21.66	0.172831	34.547
21.66	21.66	0.172848	34.652
21.66	21.66	0.172864	34.747
21.66	21.66	0.172881	34.847
21.66	21.66	0.172897	34.951
21.66	21.66	0.172914	35.047
21.66	21.65	0.172931	35.147
21.63	21.65	0.172947	35.251
21.63	21.65	0.172964	35.348
21.63	21.65	0.172981	35.447
21.63	21.65	0.172997	35.552
21.63	21.65	0.173014	35.646
21.63	21.65	0.173031	35.771
21.63	21.65	0.173047	35.851
21.63	21.65	0.173064	35.975
21.63	21.65	0.173081	36.069
21.63	21.65	0.173097	36.175
21.63	21.65	0.173114	36.274
21.66	21.64	0.173131	36.369
21.66	21.64	0.173147	36.474
21.66	21.64	0.173164	36.573
21.66	21.64	0.173181	36.668
21.66	21.64	0.173197	36.772
21.66	21.64	0.173214	36.872
21.66	21.64	0.173231	36.966
21.66	21.64	0.173247	37.071
21.66	21.64	0.173264	37.166
21.66	21.64	0.173281	37.265
21.66	21.64	0.173297	37.370
21.66	21.64	0.173314	37.464
21.66	21.64	0.173331	37.564
21.63	21.64	0.173347	37.668
21.63	21.64	0.173364	37.763
21.63	21.64	0.173381	37.862
21.63	21.64	0.173397	37.967
21.63	21.64	0.173414	38.062
21.63	21.64	0.173431	38.161
21.63	21.64	0.173447	38.266
21.63	21.64	0.173464	38.360
21.63	21.63	0.173481	38.460
21.63	21.63	0.173497	38.564
21.63	21.63	0.173514	38.659
21.63	21.63	0.173531	38.759
21.63	21.63	0.173547	38.863
21.63	21.63	0.173564	38.958
21.63	21.63	0.173581	39.057
21.63	21.63	0.173597	39.162
21.63	21.63	0.173614	39.257
21.63	21.63	0.173631	39.357
21.63	21.63	0.173647	39.461
21.63	21.63	0.173664	39.556
21.63	21.63	0.173681	39.656
21.63	21.63	0.173697	39.760
21.63	21.63	0.173714	39.855
21.63	21.62	0.173730	39.954
21.63	21.62	0.173747	40.059
21.63	21.62	0.173764	40.153
21.63	21.62	0.173780	40.255
21.63	21.62	0.173797	40.358
21.63	21.62	0.173814	40.452
21.63	21.62	0.173830	40.555
21.63	21.62	0.173847	40.656
21.63	21.62	0.173864	40.751
21.63	21.62	0.173880	40.854
21.63	21.62	0.173897	40.955
21.63	21.62	0.173914	41.049
21.63	21.62	0.173930	41.154
21.63	21.62	0.173947	41.254
21.61	21.62	0.173964	41.348
21.61	21.62	0.173980	41.453
21.61	21.62	0.173997	41.552
21.61	21.62	0.174014	41.648
21.61	21.62	0.174030	41.751
21.61	21.62	0.174047	41.851
21.61	21.62	0.174064	41.949
21.61	21.62	0.174080	42.051
21.61	21.62	0.174097	42.151
21.61	21.62	0.174114	42.248
21.61	21.62	0.174130	42.350
21.61	21.62	0.174147	42.449
21.61	21.62	0.174164	42.548
21.61	21.62	0.174180	42.648
21.61	21.62	0.174197	42.749
21.61	21.62	0.174214	42.849
21.61	21.62	0.174230	42.948
21.61	21.62	0.174247	43.050
21.61	21.62	0.174264	43.148
21.61	21.62	0.174280	43.248
21.61	21.62	0.174297	43.349
21.61	21.62	0.174314	43.448
21.61	21.62	0.174330	43.548
21.61	21.62	0.174347	43.649
21.61	21.62	0.174364	43.749
21.61	21.62	0.174380	43.848
21.61	21.62	0.174397	43.949
21.61	21.62	0.174414	44.048
21.61	21.62	0.174430	44.147
21.63	21.62	0.174447	44.248
21.63	21.62	0.174464	44.348
21.63	21.62	0.174480	44.449
21.63	21.62	0.174497	44.549
21.63	21.62	0.174514	44.651
21.63	21.62	0.174530	44.750
21.63	21.62	0.174547	44.850
21.63	21.62	0.174563	44.950
21.63	21.62	0.174580	45.050
21.63	21.62	0.174597	45.150
21.63	21.62	0.174613	45.250
21.63	21.62	0.174630	45.351
21.61	21.62	0.174647	45.450
21.61	21.62	0.174663	45.552
21.61	21.62	0.174680	45.651
21.61	21.62	0.174697	45.751
21.61	21.62	0.174713	45.851
21.61	21.62	0.174730	45.951
21.61	21.62	0.174747	46.051
21.61	21.62	0.174763	46.151
21.61	21.62	0.174780	46.252
21.61	21.62	0.174797	46.351
21.61	21.62	0.174813	46.451
21.61	21.62	0.174830	46.551
21.61	21.62	0.174847	46.651
21.61	21.62	0.174863	46.751
21.61	21.62	0.174880	46.851
21.63	21.62	0.174897	46.951
21.63	21.62	0.174913	47.051
21.63	21.62	0.174930	47.176
21.63	21.62	0.174947	47.275
21.63	21.62	0.174963	47.380
21.63	21.62	0.174980	47.474
21.63	21.62	0.174997	47.574
21.63	21.62	0.175013	47.678
21.63	21.62	0.175030	47.773
21.63	21.62	0.175047	47.872
21.63	21.62	0.175063	47.977
21.63	21.62	0.175080	48.072
21.63	21.62	0.175097	48.173
21.63	21.62	0.175113	48.276
21.63	21.62	0.175130	48.370
21.63	21.62	0.175147	48.472
21.61	21.62	0.175163	48.574
21.61	21.62	0.175180	48.669
21.61	21.62	0.175197	48.773
21.61	21.62	0.175213	48.873
21.61	21.62	0.175230	48.968
21.61	21.62	0.175247	49.072
21.61	21.62	0.175263	49.172
21.61	21.62	0.175280	49.266
21.61	21.62	0.175297	49.372
21.61	21.62	0.175313	49.471
21.61	21.62	0.175330	49.566
21.61	21.62	0.175347	49.671
21.61	21.62	0.175363	49.770
21.61	21.62	0.175380	49.865
21.61	21.62	0.175396	49.969
21.63	21.62	0.175413	50.069
21.63	21.62	0.175430	50.163
21.63	21.62	0.175446	50.268
21.63	21.62	0.175463	50.367
21.63	21.62	0.175480	50.462
21.63	21.62	0.175496	50.567
21.63	21.62	0.175513	50.661
21.63	21.62	0.175530	50.761
21.63	21.62	0.175546	50.865
21.63	21.62	0.175563	50.960
21.63	21.62	0.175580	51.059
21.63	21.62	0.175596	51.164
21.63	21.62	0.175613	51.259
21.63	21.62	0.175630	51.358
21.63	21.62	0.175646	51.463
21.61	21.62	0.175663	51.557
21.61	21.62	0.175680	51.657
21.61	21.62	0.175696	51.761
21.61	21.62	0.175713	51.856
21.61	21.62	0.175730	51.956
21.61	21.62	0.175746	52.061
21.61	21.62	0.175763	52.155
21.61	21.62	0.175780	52.254
21.61	21.62	0.175796	52.360
21.61	21.62	0.175813	52.454
21.61	21.62	0.175830	52.554
21.61	21.62	0.175846	52.658
21.61	21.62	0.175863	52.753
21.61	21.62	0.175880	52.853
21.61	21.62	0.175896	52.957
21.61	21.62	0.175913	53.052
21.61	21.62	0.175930	53.151
21.61	21.62	0.175946	53.256
21.61	21.62	0.175963	53.351
21.63	21.62	0.175980	53.451
21.63	21.62	0.175996	53.554
21.63	21.62	0.176013	53.651
21.63	21.62	0.176030	53.752
21.63	21.62	0.176046	53.853
21.63	21.62	0.176063	53.951
21.63	21.62	0.176080	54.051
21.63	21.62	0.176096	54.152
21.63	21.62	0.176113	54.251
21.63	21.62	0.176130	54.351
21.63	21.62	0.176146	54.452
21.63	21.62	0.176163	54.551
21.63	21.62	0.176180	54.652
21.63	21.62	0.176196	54.751
21.61	21.62	0.176213	54.851
21.61	21.62	0.176229	54.951
21.61	21.62	0.176246	55.051
21.61	21.62	0.176263	55.151
21.61	21.62	0.176279	55.251
21.61	21.62	0.176296	55.352
21.61	21.62	0.176313	55.451
21.61	21.62	0.176329	55.551
21.61	21.62	0.176346	55.651
21.61	21.62	0.176363	55.751
21.61	21.62	0.176379	55.851
21.61	21.62	0.176396	55.951
21.61	21.62	0.176413	56.051
21.61	21.62	0.176429	56.151
21.61	21.62	0.176446	56.252
21.61	21.62	0.176463	56.351
21.61	21.62	0.176479	56.451
21.63	21.62	0.176496	56.551
21.63	21.62	0.176513	56.651
21.63	21.62	0.176529	56.751
21.63	21.62	0.176546	56.851
21.63	21.62	0.176563	56.952
21.63	21.63	0.176579	57.051
21.63	21.63	0.176596	57.152
21.63	21.63	0.176613	57.251
21.63	21.63	0.176629	57.351
21.63	21.63	0.176646	57.451
21.63	21.63	0.176663	57.551
21.63	21.63	0.176679	57.651
21.63	21.63	0.176696	57.751
21.63	21.63	0.176713	57.852
21.63	21.63	0.176729	57.951
21.63	21.63	0.176746	58.051
21.63	21.63	0.176763	58.151
21.63	21.63	0.176779	58.252
21.63	21.63	0.176796	58.352
21.63	21.63	0.176813	58.452
21.63	21.63	0.176829	58.553
21.63	21.63	0.176846	58.652
21.63	21.63	0.176863	58.753
21.63	21.63	0.176879	58.852
21.63	21.63	0.176896	58.952
21.63	21.63	0.176913	59.052
21.63	21.63	0.176929	59.152
21.63	21.63	0.176946	59.252
21.63	21.63	0.176963	59.352
21.63	21.63	0.176979	59.475
21.63	21.63	0.176996	59.576
21.63	21.63	0.177013	59.681
21.63	21.63	0.177029	59.775
21.63	21.63	0.177046	59.875
21.63	21.63	0.177062	59.979
21.63	21.63	0.177079	00.074
21.63	21.63	0.177096	00.173
21.63	21.63	0.177112	00.278
21.63	21.63	0.177129	00.373
21.63	21.63	0.177146	00.472
21.63	21.63	0.177162	00.577
21.63	21.63	0.177179	00.671
21.63	21.63	0.177196	00.771
21.63	21.63	0.177212	00.875
21.63	21.63	0.177229	00.970
21.63	21.63	0.177246	01.069
21.63	21.63	0.177262	01.174
21.63	21.63	0.177279	01.269
21.63	21.63	0.177296	01.369
21.63	21.63	0.177312	01.473
21.63	21.63	0.177329	01.567
21.63	21.63	0.177346	01.670
21.63	21.63	0.177362	01.771
21.63	21.63	0.177379	01.866
21.63	21.63	0.177396	01.970
21.63	21.63	0.177412	02.070
21.63	21.63	0.177429	02.165
21.63	21.63	0.177446	02.269
21.63	21.63	0.177462	02.369
21.63	21.63	0.177479	02.464
21.63	21.63	0.177496	02.569
21.63	21.63	0.177512	02.668
21.63	21.63	0.177529	02.763
21.63	21.63	0.177546	02.868
21.63	21.63	0.177562	02.967
21.63	21.64	0.177579	03.062
21.63	21.64	0.177596	03.166
21.63	21.64	0.177612	03.266
21.63	21.64	0.177629	03.360
21.63	21.64	0.177646	03.465
21.66	21.64	0.177662	03.565
21.66	21.64	0.177679	03.659
21.66	21.64	0.177696	03.764
21.66	21.64	0.177712	03.858
21.66	21.64	0.177729	03.958
21.66	21.64	0.177746	04.062
21.66	21.64	0.177762	04.157
21.66	21.64	0.177779	04.256
21.66	21.64	0.177796	04.361
21.66	21.64	0.177812	04.456
21.63	21.64	0.177829	04.555
21.63	21.64	0.177846	04.660
21.63	21.64	0.177862	04.754
21.63	21.64	0.177879	04.854
21.63	21.64	0.177895	04.958
21.63	21.64	0.177912	05.053
21.63	21.64	0.177929	05.154
21.63	21.64	0.177945	05.257
21.63	21.64	0.177962	05.354
21.63	21.64	0.177979	05.453
21.63	21.64	0.177995	05.557
21.63	21.64	0.178012	05.653
21.63	21.64	0.178029	05.752
21.63	21.64	0.178045	05.855
21.63	21.64	0.178062	05.953
21.63	21.64	0.178079	06.054
21.63	21.64	0.178095	06.154
21.63	21.64	0.178112	06.253
21.66	21.64	0.178129	06.353
21.66	21.64	0.178145	06.453
21.66	21.64	0.178162	06.553
21.66	21.64	0.178179	06.653
21.66	21.64	0.178195	06.754
21.66	21.65	0.178212	06.853
21.66	21.65	0.178229	06.954
21.66	21.65	0.178245	07.053
21.66	21.65	0.178262	07.153
21.66	21.65	0.178279	07.253
21.66	21.65	0.178295	07.353
21.63	21.65	0.178312	07.453
21.63	21.65	0.178329	07.553
21.63	21.65	0.178345	07.654
21.63	21.65	0.178362	07.753
21.63	21.65	0.178379	07.854
21.63	21.65	0.178395	07.953
21.63	21.65	0.178412	08.053
21.63	21.66	0.178429	08.153
21.63	21.66	0.178445	08.253
21.63	21.66	0.178462	08.353
21.63	21.66	0.178479	08.453
21.66	21.66	0.178495	08.554
21.66	21.66	0.178512	08.653
21.66	21.66	0.178529	08.753
21.66	21.66	0.178545	08.853
21.66	21.66	0.178562	08.953
21.66	21.66	0.178579	09.053
21.66	21.66	0.178595	09.153
21.66	21.66	0.178612	09.254
21.66	21.66	0.178629	09.353
21.66	21.66	0.178645	09.454
21.66	21.66	0.178662	09.553
21.66	21.66	0.178679	09.653
21.66	21.66	0.178695	09.753
21.66	21.66	0.178712	09.853
21.66	21.66	0.178728	09.953
21.68	21.66	0.178745	10.053
21.68	21.66	0.178762	10.154
21.68	21.66	0.178778	10.253
21.68	21.66	0.178795	10.353
21.68	21.66	0.178812	10.453
21.68	21.67	0.178828	10.553
21.68	21.67	0.178845	10.653
21.68	21.67	0.178862	10.753
21.68	21.67	0.178878	10.853
21.66	21.67	0.178895	10.953
21.66	21.67	0.178912	11.054
21.66	21.67	0.178928	11.153
21.66	21.67	0.178945	11.253
21.66	21.67	0.178962	11.353
21.66	21.67	0.178978	11.453
21.66	21.67	0.178995	11.577
21.66	21.67	0.179012	11.682
21.66	21.67	0.179028	11.776
21.66	21.67	0.179045	11.876
21.66	21.67	0.179062	11.981
21.66	21.67	0.179078	12.075
21.66	21.67	0.179095	12.175
21.66	21.67	0.179112	12.279
21.66	21.67	0.179128	12.374
21.68	21.67	0.179145	12.474
21.68	21.67	0.179162	12.579
21.68	21.67	0.179178	12.673
21.68	21.67	0.179195	12.773
21.68	21.67	0.179212	12.878
21.68	21.67	0.179228	12.972
21.68	21.67	0.179245	13.072
21.68	21.67	0.179262	13.176
21.68	21.67	0.179278	13.271
21.68	21.67	0.179295	13.370
21.68	21.67	0.179312	13.475
21.68	21.67	0.179328	13.570
21.68	21.67	0.179345	13.669
21.68	21.66	0.179362	13.774
21.68	21.66	0.179378	13.868
21.68	21.66	0.179395	13.968
21.68	21.66	0.179412	14.072
21.68	21.66	0.179428	14.167
21.68	21.66	0.179445	14.266
21.68	21.66	0.179462	14.371
21.66	21.66	0.179478	14.466
21.66	21.66	0.179495	14.566
21.66	21.66	0.179512	14.670
21.66	21.66	0.179528	14.764
21.66	21.66	0.179545	14.866
21.66	21.66	0.179561	14.968
21.66	21.66	0.179578	15.063
21.66	21.66	0.179595	15.167
21.66	21.66	0.179611	15.267
21.66	21.66	0.179628	15.363
21.66	21.66	0.179645	15.466
21.66	21.66	0.179661	15.567
21.66	21.66	0.179678	15.661
21.66	21.66	0.179695	15.766
21.66	21.66	0.179711	15.865
21.66	21.66	0.179728	15.960
21.66	21.66	0.179745	16.065
21.66	21.66	0.179761	16.164
21.66	21.66	0.179778	16.259
21.66	21.66	0.179795	16.363
21.66	21.66	0.179811	16.463
21.66	21.66	0.179828	16.557
21.66	21.66	0.179845	16.662
21.66	21.66	0.179861	16.761
21.66	21.66	0.179878	16.856
21.66	21.66	0.179895	16.961
21.66	21.66	0.179911	17.055
21.66	21.66	0.179928	17.155
21.66	21.66	0.179945	17.259
21.66	21.66	0.179961	17.354
21.63	21.67	0.179978	17.453
21.63	21.67	0.179995	17.558
21.63	21.67	0.180011	17.654
21.63	21.67	0.180028	17.753
21.66	21.67	0.180045	17.857
21.66	21.67	0.180061	17.953
21.66	21.67	0.180078	18.053
21.66	21.67	0.180095	18.156
21.66	21.67	0.180111	18.253
21.66	21.67	0.180128	18.353
21.66	21.67	0.180145	18.455
21.66	21.67	0.180161	18.554
21.66	21.67	0.180178	18.653
21.66	21.67	0.180195	18.754
21.66	21.67	0.180211	18.853
21.66	21.67	0.180228	18.953
21.66	21.67	0.180245	19.053
21.68	21.67	0.180261	19.153
21.68	21.67	0.180278	19.254
21.68	21.67	0.180295	19.353
21.68	21.67	0.180311	19.454
21.68	21.67	0.180328	19.553
21.68	21.67	0.180345	19.653
21.68	21.67	0.180361	19.753
21.68	21.67	0.180378	19.853
21.68	21.67	0.180394	19.953
21.68	21.67	0.180411	20.053
21.68	21.67	0.180428	20.154
21.68	21.67	0.180444	20.253
21.68	21.67	0.180461	20.353
21.68	21.67	0.180478	20.453
21.68	21.67	0.180494	20.553
21.68	21.67	0.180511	20.653
21.68	21.67	0.180528	20.753
21.68	21.67	0.180544	20.853
21.68	21.67	0.180561	20.953
21.68	21.68	0.180578	21.054
21.68	21.68	0.180594	21.153
21.68	21.68	0.180611	21.253
21.68	21.68	0.180628	21.353
21.68	21.68	0.180644	21.453
21.68	21.68	0.180661	21.553
21.68	21.68	0.180678	21.653
21.68	21.68	0.180694	21.754
21.68	21.68	0.180711	21.853
21.68	21.68	0.180728	21.954
21.68	21.68	0.180744	22.053
21.68	21.68	0.180761	22.153
21.68	21.68	0.180778	22.253
21.68	21.68	0.180794	22.353
21.68	21.68	0.180811	22.453
21.68	21.68	0.180828	22.553
21.68	21.68	0.180844	22.654
21.68	21.68	0.180861	22.753
21.68	21.68	0.180878	22.853
21.68	21.68	0.180894	22.953
21.68	21.68	0.180911	23.053
21.68	21.68	0.180928	23.153
21.68	21.68	0.180944	23.253
21.68	21.68	0.180961	23.353
21.68	21.68	0.180978	23.453
21.68	21.68	0.180994	23.554
21.68	21.67	0.181011	23.653
21.68	21.67	0.181028	23.753
21.68	21.67	0.181044	23.853
21.68	21.67	0.181061	23.953
21.68	21.67	0.181078	24.052
21.68	21.67	0.181094	24.177
21.66	21.67	0.181111	24.281
21.66	21.67	0.181128	24.381
21.66	21.67	0.181144	24.476
21.66	21.67	0.181161	24.580
21.66	21.67	0.181178	24.680
21.66	21.67	0.181194	24.774
21.66	21.67	0.181211	24.879
21.66	21.67	0.181227	24.973
21.66	21.67	0.181244	25.073
21.66	21.67	0.181261	25.177
21.66	21.67	0.181277	25.272
21.66	21.67	0.181294	25.372
21.66	21.67	0.181311	25.476
21.66	21.67	0.181327	25.571
21.66	21.67	0.181344	25.670
21.66	21.67	0.181361	25.776
21.66	21.67	0.181377	25.870
21.66	21.67	0.181394	25.970
21.66	21.67	0.181411	26.075
21.68	21.67	0.181427	26.169
21.68	21.67	0.181444	26.269
21.68	21.67	0.181461	26.373
21.68	21.67	0.181477	26.468
21.68	21.67	0.181494	26.567
21.68	21.67	0.181511	26.672
21.68	21.67	0.181527	26.766
21.68	21.67	0.181544	26.866
21.68	21.67	0.181561	26.971
21.68	21.67	0.181577	27.065
21.68	21.67	0.181594	27.165
21.68	21.67	0.181611	27.269
21.68	21.67	0.181627	27.364
21.68	21.67	0.181644	27.463
21.68	21.67	0.181661	27.568
21.68	21.67	0.181677	27.663
21.68	21.67	0.181694	27.763
21.68	21.67	0.181711	27.867
21.68	21.67	0.181727	27.961
21.68	21.67	0.181744	28.064
21.68	21.67	0.181761	28.166
21.68	21.68	0.181777	28.260
21.68	21.68	0.181794	28.363
21.66	21.68	0.181811	28.465
21.66	21.68	0.181827	28.560
21.66	21.68	0.181844	28.663
21.66	21.68	0.181861	28.764
21.66	21.68	0.181877	28.858
21.66	21.68	0.181894	28.963
21.66	21.68	0.181911	29.062
21.66	21.68	0.181927	29.157
21.68	21.68	0.181944	29.262
21.68	21.68	0.181961	29.361
21.68	21.68	0.181977	29.456
21.68	21.68	0.181994	29.560
21.68	21.68	0.182011	29.660
21.68	21.68	0.182027	29.754
21.68	21.68	0.182044	29.859
21.68	21.68	0.182060	29.958
21.68	21.68	0.182077	30.054
21.68	21.68	0.182094	30.158
21.68	21.68	0.182110	30.258
21.68	21.68	0.182127	30.354
21.68	21.68	0.182144	30.456
21.68	21.68	0.182160	30.558
21.68	21.68	0.182177	30.654
21.68	21.69	0.182194	30.755
21.68	21.69	0.182210	30.859
21.68	21.69	0.182227	30.954
21.68	21.69	0.182244	31.055
21.68	21.69	0.182260	31.158
21.68	21.69	0.182277	31.254
21.68	21.69	0.182294	31.354
21.68	21.69	0.182310	31.458
21.68	21.69	0.182327	31.554
21.68	21.69	0.182344	31.654
21.71	21.69	0.182360	31.758
21.71	21.69	0.182377	31.854
21.71	21.69	0.182394	31.954
21.71	21.69	0.182410	32.058
21.71	21.69	0.182427	32.154
21.71	21.69	0.182444	32.254
21.71	21.69	0.182460	32.358
21.71	21.69	0.182477	32.454
21.71	21.69	0.182494	32.554
21.71	21.70	0.182510	32.658
21.71	21.70	0.182527	32.754
21.71	21.70	0.182544	32.854
21.71	21.70	0.182560	32.957
21.71	21.70	0.182577	33.054
21.71	21.70	0.182594	33.154
21.68	21.70	0.182610	33.258
21.68	21.70	0.182627	33.355
21.68	21.70	0.182644	33.454
21.68	21.70	0.182660	33.558
21.68	21.70	0.182677	33.654
21.68	21.70	0.182694	33.755
21.68	21.70	0.182710	33.857
21.68	21.70	0.182727	33.955
21.68	21.70	0.182744	34.055
21.68	21.70	0.182760	34.157
21.68	21.70	0.182777	34.256
21.71	21.70	0.182794	34.355
21.71	21.70	0.182810	34.458
21.71	21.70	0.182827	34.555
21.71	21.70	0.182844	34.655
21.71	21.70	0.182860	34.757
21.71	21.70	0.182877	34.855
21.71	21.70	0.182893	34.956
21.71	21.70	0.182910	35.057
21.71	21.70	0.182927	35.156
21.71	21.70	0.182943	35.255
21.71	21.70	0.182960	35.357
21.71	21.70	0.182977	35.455
21.71	21.70	0.182993	35.555
21.71	21.71	0.183010	35.657
21.71	21.71	0.183027	35.755
21.71	21.71	0.183043	35.856
21.71	21.72	0.183060	35.957
21.71	21.72	0.183077	36.055
21.71	21.72	0.183093	36.179
21.71	21.72	0.183110	36.257
21.71	21.73	0.183127	36.383
21.71	21.73	0.183143	36.478
21.71	21.73	0.183160	36.556
21.71	21.73	0.183177	36.682
21.71	21.74	0.183193	36.777
21.71	21.74	0.183210	36.881
21.71	21.74	0.183227	36.981
21.71	21.75	0.183243	37.075
21.71	21.75	0.183260	37.180
21.71	21.75	0.183277	37.279
21.71	21.75	0.183293	37.374
21.74	21.76	0.183310	37.478
21.74	21.76	0.183327	37.578
21.74	21.76	0.183343	37.673
21.74	21.76	0.183360	37.777
21.74	21.77	0.183377	37.877
21.74	21.77	0.183393	37.971
21.74	21.77	0.183410	38.076
21.76	21.78	0.183427	38.170
21.76	21.78	0.183443	38.270
21.76	21.78	0.183460	38.374
21.76	21.78	0.183477	38.469
21.76	21.79	0.183493	38.570
21.79	21.79	0.183510	38.674
21.79	21.79	0.183527	38.769
21.79	21.79	0.183543	38.868
21.79	21.80	0.183560	38.973
21.79	21.80	0.183577	39.067
21.79	21.80	0.183593	39.167
21.81	21.81	0.183610	39.272
21.81	21.81	0.183627	39.366
21.81	21.81	0.183643	39.466
21.81	21.81	0.183660	39.570
21.81	21.82	0.183677	39.665
21.81	21.82	0.183693	39.764
21.81	21.82	0.183710	39.869
21.81	21.83	0.183726	39.964
21.84	21.83	0.183743	40.063
21.84	21.83	0.183760	40.168
21.84	21.83	0.183776	40.262
21.84	21.84	0.183793	40.362
21.84	21.84	0.183810	40.466
21.84	21.84	0.183826	40.561
21.84	21.84	0.183843	40.660
21.84	21.85	0.183860	40.765
21.84	21.85	0.183876	40.860
21.86	21.85	0.183893	40.960
21.86	21.86	0.183910	41.064
21.86	21.86	0.183926	41.158
21.86	21.86	0.183943	41.260
21.86	21.86	0.183960	41.362
21.86	21.87	0.183976	41.457
21.86	21.87	0.183993	41.560
21.86	21.87	0.184010	41.662
21.86	21.87	0.184026	41.757
21.86	21.88	0.184043	41.860
21.86	21.88	0.184060	41.961
21.89	21.88	0.184076	42.055
21.89	21.89	0.184093	42.160
21.89	21.89	0.184110	42.259
21.89	21.89	0.184126	42.355
21.89	21.89	0.184143	42.459
21.89	21.90	0.184160	42.558
21.89	21.90	0.184176	42.656
21.89	21.90	0.184193	42.757
21.89	21.91	0.184210	42.857
21.92	21.91	0.184226	42.955
21.92	21.91	0.184243	43.056
21.92	21.91	0.184260	43.155
21.92	21.92	0.184276	43.255
21.92	21.92	0.184293	43.356
21.92	21.92	0.184310	43.455
21.92	21.92	0.184326	43.555
21.92	21.93	0.184343	43.655
21.92	21.93	0.184360	43.755
21.94	21.93	0.184376	43.855
21.94	21.94	0.184393	43.955
21.94	21.94	0.184410	44.056
21.94	21.94	0.184426	44.155
21.94	21.94	0.184443	44.256
21.94	21.95	0.184460	44.355
21.94	21.95	0.184476	44.455
21.94	21.95	0.184493	44.555
21.94	21.95	0.184510	44.655
21.94	21.96	0.184526	44.755
21.97	21.96	0.184543	44.855
21.97	21.96	0.184559	44.956
21.97	21.97	0.184576	45.055
21.97	21.97	0.184593	45.156
21.97	21.97	0.184609	45.255
21.97	21.97	0.184626	45.355
21.97	21.98	0.184643	45.455
21.97	21.98	0.184659	45.555
21.97	21.98	0.184676	45.655
21.97	21.99	0.184693	45.755
21.97	21.99	0.184709	45.856
21.99	21.99	0.184726	45.955
21.99	21.99	0.184743	46.055
21.99	22.00	0.184759	46.155
21.99	22.00	0.184776	46.255
21.99	22.00	0.184793	46.355
21.99	22.00	0.184809	46.455
21.99	22.01	0.184826	46.555
21.99	22.01	0.184843	46.655
21.99	22.01	0.184859	46.756
22.02	22.02	0.184876	46.855
22.02	22.02	0.184893	46.955
22.02	22.02	0.184909	47.055
22.02	22.02	0.184926	47.155
22.02	22.03	0.184943	47.255
22.02	22.03	0.184959	47.355
22.02	22.03	0.184976	47.456
22.02	22.03	0.184993	47.555
22.04	22.04	0.185009	47.656
22.04	22.04	0.185026	47.755
22.04	22.04	0.185043	47.855
22.04	22.05	0.185059	47.955
22.04	22.05	0.185076	48.054
22.04	22.05	0.185093	48.155
22.04	22.05	0.185109	48.255
22.04	22.06	0.185126	48.384
22.07	22.06	0.185143	48.480
22.07	22.06	0.185159	48.580
22.07	22.06	0.185176	48.684
22.07	22.07	0.185193	48.779
22.07	22.07	0.185209	48.878
22.07	22.07	0.185226	48.983
22.07	22.08	0.185243	49.077
22.07	22.08	0.185259	49.179
22.07	22.08	0.185276	49.282
22.09	22.08	0.185293	49.376
22.09	22.09	0.185309	49.479
22.09	22.09	0.185326	49.580
22.09	22.09	0.185343	49.675
22.09	22.10	0.185359	49.778
22.09	22.10	0.185376	49.879
22.09	22.10	0.185392	49.974
22.09	22.10	0.185409	50.078
22.09	22.11	0.185426	50.178
22.09	22.11	0.185442	50.272
22.12	22.11	0.185459	50.377
22.12	22.11	0.185476	50.476
22.12	22.12	0.185492	50.571
22.12	22.12	0.185509	50.675
22.12	22.12	0.185526	50.775
22.12	22.13	0.185542	50.870
22.12	22.13	0.185559	50.974
22.12	22.13	0.185576	51.074
22.12	22.13	0.185592	51.168
22.12	22.14	0.185609	51.273
22.15	22.14	0.185626	51.367
22.15	22.14	0.185642	51.468
22.15	22.14	0.185659	51.572
22.15	22.15	0.185676	51.667
22.15	22.15	0.185692	51.766
22.15	22.15	0.185709	51.871
22.15	22.16	0.185726	51.966
22.15	22.16	0.185742	52.065
22.15	22.16	0.185759	52.170
22.15	22.16	0.185776	52.264
22.17	22.17	0.185792	52.364
22.17	22.17	0.185809	52.469
22.17	22.17	0.185826	52.563
22.17	22.18	0.185842	52.663
22.17	22.18	0.185859	52.767
22.17	22.18	0.185876	52.862
22.17	22.18	0.185892	52.961
22.17	22.19	0.185909	53.066
22.17	22.19	0.185926	53.161
22.17	22.19	0.185942	53.260
22.17	22.19	0.185959	53.365
22.20	22.20	0.185976	53.459
22.20	22.20	0.185992	53.559
22.20	22.20	0.186009	53.663
22.20	22.21	0.186026	53.758
22.20	22.21	0.186042	53.857
22.20	22.21	0.186059	53.962
22.20	22.21	0.186076	54.057
22.22	22.22	0.186092	54.157
22.22	22.22	0.186109	54.261
22.22	22.22	0.186126	54.356
22.22	22.22	0.186142	54.458
22.22	22.23	0.186159	54.560
22.22	22.23	0.186176	54.656
22.22	22.23	0.186192	54.758
22.22	22.24	0.186209	54.859
22.22	22.24	0.186225	54.957
22.25	22.24	0.186242	55.057
22.25	22.24	0.186259	55.158
22.25	22.25	0.186275	55.256
22.25	22.25	0.186292	55.357
22.25	22.25	0.186309	55.456
22.25	22.26	0.186325	55.556
22.25	22.26	0.186342	55.657
22.25	22.26	0.186359	55.756
22.27	22.26	0.186375	55.857
22.27	22.27	0.186392	55.956
22.27	22.27	0.186409	56.056
22.27	22.27	0.186425	56.156
22.27	22.27	0.186442	56.256
22.27	22.28	0.186459	56.356
22.27	22.28	0.186475	56.456
22.27	22.28	0.186492	56.557
22.27	22.29	0.186509	56.656
22.27	22.29	0.186525	56.756
22.27	22.29	0.186542	56.856
22.30	22.29	0.186559	56.956
22.30	22.30	0.186575	57.056
22.30	22.30	0.186592	57.156
22.30	22.30	0.186609	57.257
22.30	22.30	0.186625	57.356
22.30	22.31	0.186642	57.457
22.30	22.31	0.186659	57.556
22.33	22.31	0.186675	57.656
22.33	22.32	0.186692	57.756
22.33	22.32	0.186709	57.856
22.33	22.32	0.186725	57.956
22.33	22.32	0.186742	58.056
22.33	22.33	0.186759	58.157
22.33	22.33	0.186775	58.256
22.33	22.33	0.186792	58.356
22.33	22.33	0.186809	58.456
22.33	22.34	0.186825	58.556
22.33	22.34	0.186842	58.656
22.33	22.34	0.186859	58.756
22.33	22.35	0.186875	58.857
22.35	22.35	0.186892	58.956
22.35	22.35	0.186909	59.057
22.35	22.35	0.186925	59.156
22.35	22.36	0.186942	59.256
22.35	22.36	0.186959	59.356
22.35	22.36	0.186975	59.456
22.35	22.37	0.186992	59.556
22.35	22.37	0.187009	59.656
22.35	22.37	0.187025	59.757
22.35	22.37	0.187042	59.856
22.38	22.38	0.187058	59.956
22.38	22.38	0.187075	00.056
22.38	22.38	0.187092	00.156
22.38	22.38	0.187108	00.256
22.38	22.39	0.187125	00.356
22.38	22.39	0.187142	00.457
22.38	22.39	0.187158	00.556
22.38	22.40	0.187175	00.686
22.40	22.40	0.187192	00.780
22.40	22.40	0.187208	00.855
22.40	22.40	0.187225	00.984
22.40	22.41	0.187242	01.079
22.40	22.41	0.187258	01.178
22.40	22.41	0.187275	01.283
22.40	22.41	0.187292	01.377
22.43	22.42	0.187308	01.477
22.43	22.42	0.187325	01.582
22.43	22.42	0.187342	01.676
22.43	22.43	0.187358	01.776
22.43	22.43	0.187375	01.880
22.43	22.43	0.187392	01.975
22.43	22.43	0.187408	02.075
22.43	22.44	0.187425	02.179
22.45	22.44	0.187442	02.275
22.45	22.44	0.187458	02.376
22.45	22.45	0.187475	02.479
22.45	22.45	0.187492	02.573
22.45	22.45	0.187508	02.676
22.45	22.45	0.187525	02.777
22.45	22.46	0.187542	02.872
22.45	22.46	0.187558	02.975
22.45	22.46	0.187575	03.076
22.45	22.46	0.187592	03.171
22.45	22.47	0.187608	03.275
22.45	22.47	0.187625	03.375
22.48	22.47	0.187642	03.469
22.48	22.48	0.187658	03.574
22.48	22.48	0.187675	03.673
22.48	22.48	0.187692	03.768
22.48	22.48	0.187708	03.873
22.48	22.49	0.187725	03.972
22.48	22.49	0.187742	04.067
22.48	22.49	0.187758	04.171
22.48	22.49	0.187775	04.271
22.48	22.50	0.187792	04.365
22.48	22.50	0.187808	04.470
22.50	22.50	0.187825	04.564
22.50	22.51	0.187842	04.664
22.50	22.51	0.187858	04.769
22.50	22.51	0.187875	04.863
22.50	22.51	0.187891	04.963
22.50	22.52	0.187908	05.068
22.50	22.52	0.187925	05.163
22.53	22.52	0.187941	05.262
22.53	22.52	0.187958	05.367
22.53	22.53	0.187975	05.462
22.53	22.53	0.187991	05.561
22.53	22.53	0.188008	05.666
22.53	22.54	0.188025	05.760
22.53	22.54	0.188041	05.860
22.53	22.54	0.188058	05.964
22.53	22.54	0.188075	06.059
22.53	22.55	0.188091	06.158
22.53	22.55	0.188108	06.263
22.56	22.55	0.188125	06.358
22.56	22.56	0.188141	06.457
22.56	22.56	0.188158	06.562
22.56	22.56	0.188175	06.656
22.56	22.56	0.188191	06.756
22.56	22.57	0.188208	06.860
22.56	22.57	0.188225	06.956
22.56	22.57	0.188241	07.057
22.56	22.57	0.188258	07.159
22.56	22.58	0.188275	07.257
22.58	22.58	0.188291	07.356
22.58	22.58	0.188308	07.458
22.58	22.59	0.188325	07.556
22.58	22.59	0.188341	07.656
22.58	22.59	0.188358	07.756
22.58	22.59	0.188375	07.856
22.58	22.60	0.188391	07.957
22.58	22.60	0.188408	08.056
22.58	22.60	0.188425	08.157
22.61	22.60	0.188441	08.256
22.61	22.61	0.188458	08.356
22.61	22.61	0.188475	08.456
22.61	22.61	0.188491	08.556
22.61	22.62	0.188508	08.656
22.61	22.62	0.188525	08.756
22.61	22.62	0.188541	08.857
22.61	22.62	0.188558	08.956
22.63	22.63	0.188575	09.056
22.63	22.63	0.188591	09.156
22.63	22.63	0.188608	09.256
22.63	22.64	0.188625	09.356
22.63	22.64	0.188641	09.456
22.63	22.64	0.188658	09.557
22.63	22.64	0.188675	09.656
22.63	22.65	0.188691	09.757
22.63	22.65	0.188708	09.856
22.66	22.65	0.188724	09.956
22.66	22.65	0.188741	10.056
22.66	22.66	0.188758	10.156
22.66	22.66	0.188774	10.256
22.66	22.66	0.188791	10.356
22.66	22.67	0.188808	10.457
22.66	22.67	0.188824	10.556
22.66	22.67	0.188841	10.656
22.68	22.67	0.188858	10.756
22.68	22.68	0.188874	10.856
22.68	22.68	0.188891	10.956
22.68	22.68	0.188908	11.056
22.68	22.68	0.188924	11.157
22.68	22.69	0.188941	11.256
22.68	22.69	0.188958	11.357
22.68	22.69	0.188974	11.456
22.71	22.70	0.188991	11.556
22.71	22.70	0.189008	11.656
22.71	22.70	0.189024	11.756
22.71	22.70	0.189041	11.856
22.71	22.71	0.189058	11.956
22.71	22.71	0.189074	12.057
22.71	22.71	0.189091	12.156
22.71	22.72	0.189108	12.257
22.71	22.72	0.189124	12.356
22.71	22.72	0.189141	12.456
22.74	22.72	0.189158	12.556
22.74	22.73	0.189174	12.656
22.74	22.73	0.189191	12.756
22.74	22.73	0.189208	12.856
22.74	22.73	0.189224	12.957
22.74	22.74	0.189241	13.056
22.74	22.74	0.189258	13.156
22.74	22.74	0.189274	13.285
22.74	22.75	0.189291	13.380
22.74	22.75	0.189308	13.479
22.74	22.75	0.189324	13.584
22.74	22.75	0.189341	13.678
22.76	22.76	0.189358	13.778
22.76	22.76	0.189374	13.883
22.76	22.76	0.189391	13.977
22.76	22.76	0.189408	14.077
22.76	22.77	0.189424	14.181
22.76	22.77	0.189441	14.276
22.76	22.77	0.189458	14.375
22.76	22.78	0.189474	14.480
22.76	22.78	0.189491	14.574
22.76	22.78	0.189508	14.674
22.76	22.78	0.189524	14.779
22.76	22.79	0.189541	14.873
22.79	22.79	0.189557	14.974
22.79	22.79	0.189574	15.077
22.79	22.79	0.189591	15.173
22.79	22.80	0.189607	15.273
22.79	22.80	0.189624	15.376
22.79	22.80	0.189641	15.472
22.79	22.81	0.189657	15.573
22.79	22.81	0.189674	15.676
22.81	22.81	0.189691	15.770
22.81	22.81	0.189707	15.874
22.81	22.82	0.189724	15.974
22.81	22.82	0.189741	16.069
22.81	22.82	0.189757	16.173
22.81	22.83	0.189774	16.273
22.81	22.83	0.189791	16.368
22.84	22.83	0.189807	16.472
22.84	22.83	0.189824	16.572
22.84	22.84	0.189841	16.666
22.84	22.84	0.189857	16.771
22.84	22.84	0.189874	16.870
22.84	22.84	0.189891	16.965
22.84	22.85	0.189907	17.069
22.84	22.85	0.189924	17.169
22.84	22.85	0.189941	17.264
22.84	22.86	0.189957	17.368
22.84	22.86	0.189974	17.463
22.86	22.86	0.189991	17.562
22.86	22.86	0.190007	17.667
22.86	22.87	0.190024	17.761
22.86	22.87	0.190041	17.861
22.86	22.87	0.190057	17.967
22.86	22.87	0.190074	18.060
22.86	22.88	0.190091	18.161
22.86	22.88	0.190107	18.265
22.89	22.88	0.190124	18.360
22.89	22.89	0.190141	18.459
22.89	22.89	0.190157	18.564
22.89	22.89	0.190174	18.658
22.89	22.89	0.190191	18.758
22.89	22.90	0.190207	18.863
22.89	22.90	0.190224	18.957
22.89	22.90	0.190241	19.057
22.92	22.91	0.190257	19.161
22.92	22.91	0.190274	19.257
22.92	22.91	0.190291	19.357
22.92	22.91	0.190307	19.460
22.92	22.92	0.190324	19.558
22.92	22.92	0.190341	19.657
22.92	22.92	0.190357	19.759
22.92	22.92	0.190374	19.857
22.92	22.93	0.190390	19.957
22.92	22.93	0.190407	20.057
22.94	22.93	0.190424	20.157
22.94	22.94	0.190440	20.257
22.94	22.94	0.190457	20.357
22.94	22.94	0.190474	20.458
22.94	22.94	0.190490	20.557
22.94	22.95	0.190507	20.658
22.94	22.95	0.190524	20.757
22.94	22.95	0.190540	20.857
22.94	22.95	0.190557	20.957
22.94	22.96	0.190574	21.057
22.97	22.96	0.190590	21.157
22.97	22.96	0.190607	21.257
22.97	22.97	0.190624	21.358
22.97	22.97	0.190640	21.457
22.97	22.97	0.190657	21.557
22.97	22.97	0.190674	21.657
22.97	22.98	0.190690	21.757
22.97	22.98	0.190707	21.857
22.97	22.98	0.190724	21.957
22.97	22.98	0.190740	22.058
22.97	22.99	0.190757	22.157
22.99	22.99	0.190774	22.258
22.99	22.99	0.190790	22.357
22.99	23.00	0.190807	22.457
22.99	23.00	0.190824	22.557
22.99	23.00	0.190840	22.657
22.99	23.00	0.190857	22.757
22.99	23.01	0.190874	22.857
22.99	23.01	0.190890	22.958
23.02	23.01	0.190907	23.057
23.02	23.02	0.190924	23.157
23.02	23.02	0.190940	23.257
23.02	23.02	0.190957	23.357
23.02	23.02	0.190974	23.457
23.02	23.03	0.190990	23.557
23.02	23.03	0.191007	23.657
23.04	23.03	0.191024	23.757
23.04	23.03	0.191040	23.858
23.04	23.04	0.191057	23.957
23.04	23.04	0.191074	24.057
23.04	23.04	0.191090	24.157
23.04	23.05	0.191107	24.257
23.04	23.05	0.191124	24.357
23.04	23.05	0.191140	24.457
23.04	23.05	0.191157	24.558
23.07	23.06	0.191174	24.657
23.07	23.06	0.191190	24.757
23.07	23.06	0.191207	24.857
23.07	23.06	0.191223	24.957
23.07	23.07	0.191240	25.057
23.07	23.07	0.191257	25.156
23.07	23.07	0.191273	25.258
23.07	23.08	0.191290	25.357
23.07	23.08	0.191307	25.482
23.07	23.08	0.191323	25.586
23.07	23.08	0.191340	25.681
23.09	23.09	0.191357	25.780
23.09	23.09	0.191373	25.885
23.09	23.09	0.191390	25.979
23.09	23.10	0.191407	26.079
23.09	23.10	0.191423	26.183
23.09	23.10	0.191440	26.278
23.09	23.10	0.191457	26.378
23.09	23.11	0.191473	26.482
23.09	23.11	0.191490	26.577
23.12	23.11	0.191507	26.676
23.12	23.11	0.191523	26.781
23.12	23.12	0.191540	26.875
23.12	23.12	0.191557	26.975
23.12	23.12	0.191573	27.079
23.12	23.13	0.191590	27.174
23.12	23.13	0.191607	27.274
23.12	23.13	0.191623	27.378
23.12	23.13	0.191640	27.473
23.15	23.14	0.191657	27.572
23.15	23.14	0.191673	27.677
23.15	23.14	0.191690	27.771
23.15	23.14	0.191707	27.872
23.15	23.15	0.191723	27.976
23.15	23.15	0.191740	28.070
23.15	23.15	0.191757	28.171
23.15	23.16	0.191773	28.275
23.15	23.16	0.191790	28.369
23.17	23.16	0.191807	28.471
23.17	23.16	0.191823	28.574
23.17	23.17	0.191840	28.669
23.17	23.17	0.191857	28.771
23.17	23.17	0.191873	28.873
23.17	23.18	0.191890	28.967
23.17	23.18	0.191907	29.071
23.17	23.18	0.191923	29.171
23.17	23.18	0.191940	29.266
23.17	23.19	0.191957	29.370
23.17	23.19	0.191973	29.470
23.17	23.19	0.191990	29.565
23.17	23.19	0.192007	29.669
23.20	23.20	0.192023	29.769
23.20	23.20	0.192040	29.863
23.20	23.20	0.192056	29.968
23.20	23.21	0.192073	30.067
23.20	23.21	0.192090	30.162
23.20	23.21	0.192106	30.266
23.20	23.21	0.192123	30.366
23.22	23.22	0.192140	30.461
23.22	23.22	0.192156	30.565
23.22	23.22	0.192173	30.660
23.22	23.22	0.192190	30.759
23.22	23.23	0.192206	30.864
23.22	23.23	0.192223	30.958
23.22	23.23	0.192240	31.058
23.22	23.24	0.192256	31.163
23.22	23.24	0.192273	31.258
23.22	23.24	0.192290	31.358
23.22	23.24	0.192306	31.462
23.25	23.25	0.192323	31.558
23.25	23.25	0.192340	31.658
23.25	23.25	0.192356	31.761
23.25	23.25	0.192373	31.858
23.25	23.26	0.192390	31.958
23.25	23.26	0.192406	32.060
23.25	23.26	0.192423	32.158
23.25	23.27	0.192440	32.258
23.27	23.27	0.192456	32.358
23.27	23.27	0.192473	32.458
23.27	23.27	0.192490	32.558
23.27	23.28	0.192506	32.658
23.27	23.28	0.192523	32.759
23.27	23.28	0.192540	32.858
23.27	23.29	0.192556	32.959
23.27	23.29	0.192573	33.058
23.30	23.29	0.192590	33.158
23.30	23.29	0.192606	33.258
23.30	23.30	0.192623	33.358
23.30	23.30	0.192640	33.458
23.30	23.30	0.192656	33.558
23.30	23.30	0.192673	33.659
23.30	23.31	0.192690	33.758
23.30	23.31	0.192706	33.858
23.33	23.31	0.192723	33.958
23.33	23.32	0.192740	34.058
23.33	23.32	0.192756	34.158
23.33	23.32	0.192773	34.258
23.33	23.32	0.192790	34.358
23.33	23.33	0.192806	34.458
23.33	23.33	0.192823	34.559
23.33	23.33	0.192840	34.658
23.33	23.33	0.192856	34.758
23.33	23.34	0.192873	34.858
23.33	23.34	0.192889	34.958
23.35	23.34	0.192906	35.058
23.35	23.35	0.192923	35.158
23.35	23.35	0.192939	35.259
23.35	23.35	0.192956	35.358
23.35	23.35	0.192973	35.459
23.35	23.36	0.192989	35.558
23.35	23.36	0.193006	35.658
23.35	23.36	0.193023	35.758
23.35	23.37	0.193039	35.858
23.35	23.37	0.193056	35.958
23.35	23.37	0.193073	36.058
23.35	23.37	0.193089	36.159
23.38	23.38	0.193106	36.258
23.38	23.38	0.193123	36.358
23.38	23.38	0.193139	36.458
23.38	23.38	0.193156	36.558
23.38	23.39	0.193173	36.658
23.38	23.39	0.193189	36.758
23.38	23.39	0.193206	36.859
23.38	23.40	0.193223	36.958
23.40	23.40	0.193239	37.059
23.40	23.40	0.193256	37.158
23.40	23.40	0.193273	37.258
23.40	23.41	0.193289	37.358
23.40	23.41	0.193306	37.458
23.40	23.41	0.193323	37.587
23.40	23.41	0.193339	37.687
23.43	23.42	0.193356	37.782
23.43	23.42	0.193373	37.886
23.43	23.42	0.193389	37.987
23.43	23.43	0.193406	38.080
23.43	23.43	0.193423	38.185
23.43	23.43	0.193439	38.284
23.43	23.43	0.193456	38.379
23.43	23.44	0.193473	38.484
23.43	23.44	0.193489	38.578
23.43	23.44	0.193506	38.679
23.43	23.44	0.193523	38.783
23.45	23.45	0.193539	38.878
23.45	23.45	0.193556	38.977
23.45	23.45	0.193573	39.082
23.45	23.46	0.193589	39.176
23.45	23.46	0.193606	39.276
23.45	23.46	0.193623	39.380
23.45	23.46	0.193639	39.475
23.45	23.47	0.193656	39.575
23.45	23.47	0.193673	39.679
23.48	23.47	0.193689	39.774
23.48	23.48	0.193706	39.873
23.48	23.48	0.193722	39.978
23.48	23.48	0.193739	40.072
23.48	23.48	0.193756	40.172
23.48	23.49	0.193772	40.277
23.48	23.49	0.193789	40.371
23.48	23.49	0.193806	40.471
23.48	23.49	0.193822	40.575
23.50	23.50	0.193839	40.670
23.50	23.50	0.193856	40.769
23.50	23.50	0.193872	40.874
23.50	23.51	0.193889	40.968
23.50	23.51	0.193906	41.068
23.50	23.51	0.193922	41.173
23.50	23.51	0.193939	41.267
23.50	23.52	0.193956	41.368
23.50	23.52	0.193972	41.472
23.50	23.52	0.193989	41.567
23.53	23.52	0.194006	41.667
23.53	23.53	0.194022	41.771
23.53	23.53	0.194039	41.866
23.53	23.53	0.194056	41.968
23.53	23.54	0.194072	42.070
23.53	23.54	0.194089	42.164
23.53	23.54	0.194106	42.268
23.53	23.54	0.194122	42.368
23.56	23.55	0.194139	42.463
23.56	23.55	0.194156	42.567
23.56	23.55	0.194172	42.667
23.56	23.56	0.194189	42.762
23.56	23.56	0.194206	42.866
23.56	23.56	0.194222	42.966
23.56	23.56	0.194239	43.060
23.56	23.57	0.194256	43.165
23.56	23.57	0.194272	43.264
23.58	23.57	0.194289	43.359
23.58	23.57	0.194306	43.463
23.58	23.58	0.194322	43.563
23.58	23.58	0.194339	43.659
23.58	23.58	0.194356	43.762
23.58	23.59	0.194372	43.858
23.58	23.59	0.194389	43.958
23.58	23.59	0.194406	44.061
23.58	23.59	0.194422	44.162
23.58	23.60	0.194439	44.258
23.58	23.60	0.194456	44.361
23.61	23.60	0.194472	44.462
23.61	23.60	0.194489	44.558
23.61	23.61	0.194506	44.659
23.61	23.61	0.194522	44.763
23.61	23.61	0.194539	44.858
23.61	23.62	0.194555	44.958
23.61	23.62	0.194572	45.062
23.61	23.62	0.194589	45.158
23.61	23.62	0.194605	45.259
23.63	23.63	0.194622	45.362
23.63	23.63	0.194639	45.458
23.63	23.63	0.194655	45.558
23.63	23.64	0.194672	45.662
23.63	23.64	0.194689	45.758
23.63	23.64	0.194705	45.858
23.63	23.64	0.194722	45.962
23.63	23.65	0.194739	46.058
23.63	23.65	0.194755	46.159
23.66	23.65	0.194772	46.262
23.66	23.65	0.194789	46.358
23.66	23.66	0.194805	46.458
23.66	23.66	0.194822	46.562
23.66	23.66	0.194839	46.658
23.66	23.67	0.194855	46.758
23.66	23.67	0.194872	46.862
23.66	23.67	0.194889	46.958
23.66	23.67	0.194905	47.058
23.68	23.68	0.194922	47.162
23.68	23.68	0.194939	47.259
23.68	23.68	0.194955	47.359
23.68	23.68	0.194972	47.462
23.68	23.69	0.194989	47.559
23.68	23.69	0.195005	47.659
23.68	23.69	0.195022	47.762
23.68	23.70	0.195039	47.859
23.68	23.70	0.195055	47.959
23.71	23.70	0.195072	48.061
23.71	23.70	0.195089	48.159
23.71	23.71	0.195105	48.259
23.71	23.71	0.195122	48.362
23.71	23.71	0.195139	48.460
23.71	23.71	0.195155	48.559
23.71	23.72	0.195172	48.662
23.71	23.72	0.195189	48.759
23.71	23.72	0.195205	48.859
23.71	23.73	0.195222	48.961
23.71	23.73	0.195239	49.059
23.74	23.73	0.195255	49.159
23.74	23.73	0.195272	49.261
23.74	23.74	0.195289	49.360
23.74	23.74	0.195305	49.459
23.74	23.74	0.195322	49.562
23.74	23.75	0.195339	49.659
23.74	23.75	0.195355	49.759
23.74	23.75	0.195372	49.861
23.76	23.75	0.195388	49.988
23.76	23.76	0.195405	50.082
23.76	23.76	0.195422	50.161
23.76	23.76	0.195438	50.287
23.76	23.76	0.195455	50.381
23.76	23.77	0.195472	50.461
23.76	23.77	0.195488	50.585
23.76	23.77	0.195505	50.680
23.76	23.78	0.195522	50.784
23.76	23.78	0.195538	50.884
23.79	23.78	0.195555	50.978
23.79	23.78	0.195572	51.083
23.79	23.79	0.195588	51.183
23.79	23.79	0.195605	51.278
23.79	23.79	0.195622	51.383
23.79	23.79	0.195638	51.482
23.79	23.80	0.195655	51.577
23.79	23.80	0.195672	51.681
23.81	23.80	0.195688	51.776
23.81	23.81	0.195705	51.875
23.81	23.81	0.195722	51.980
23.81	23.81	0.195738	52.075
23.81	23.81	0.195755	52.174
23.81	23.82	0.195772	52.279
23.81	23.82	0.195788	52.373
23.81	23.82	0.195805	52.473
23.81	23.83	0.195822	52.577
23.81	23.83	0.195838	52.672
23.81	23.83	0.195855	52.772
23.81	23.83	0.195872	52.876
23.84	23.84	0.195888	52.971
23.84	23.84	0.195905	53.070
23.84	23.84	0.195922	53.175
23.84	23.84	0.195938	53.269
23.84	23.85	0.195955	53.369
23.84	23.85	0.195972	53.473
23.84	23.85	0.195988	53.568
23.86	23.86	0.196005	53.668
23.86	23.86	0.196022	53.772
23.86	23.86	0.196038	53.867
23.86	23.86	0.196055	53.966
23.86	23.87	0.196072	54.072
23.86	23.87	0.196088	54.165
23.86	23.87	0.196105	54.265
23.86	23.87	0.196122	54.371
23.86	23.88	0.196138	54.465
23.89	23.88	0.196155	54.565
23.89	23.88	0.196172	54.669
23.89	23.89	0.196188	54.764
23.89	23.89	0.196205	54.864
23.89	23.89	0.196221	54.968
23.89	23.89	0.196238	55.062
23.89	23.90	0.196255	55.164
23.89	23.90	0.196271	55.267
23.92	23.90	0.196288	55.361
23.92	23.91	0.196305	55.465
23.92	23.91	0.196321	55.565
23.92	23.91	0.196338	55.660
23.92	23.91	0.196355	55.764
23.92	23.92	0.196371	55.864
23.92	23.92	0.196388	55.960
23.92	23.92	0.196405	56.063
23.92	23.92	0.196421	56.163
23.92	23.93	0.196438	56.259
23.92	23.93	0.196455	56.362
23.92	23.93	0.196471	56.461
23.92	23.94	0.196488	56.559
23.92	23.94	0.196505	56.660
23.92	23.94	0.196521	56.760
23.94	23.94	0.196538	56.860
23.94	23.95	0.196555	56.959
23.94	23.95	0.196571	57.060
23.94	23.95	0.196588	57.159
23.94	23.95	0.196605	57.259
23.94	23.96	0.196621	57.359
23.94	23.96	0.196638	57.459
23.94	23.96	0.196655	57.559
23.94	23.97	0.196671	57.659
23.97	23.97	0.196688	57.760
23.97	23.97	0.196705	57.859
23.97	23.97	0.196721	57.960
23.97	23.98	0.196738	58.059
23.97	23.98	0.196755	58.159
23.97	23.98	0.196771	58.259
23.97	23.98	0.196788	58.359
23.97	23.99	0.196805	58.460
23.99	23.99	0.196821	58.559
23.99	23.99	0.196838	58.660
23.99	24.00	0.196855	58.759
23.99	24.00	0.196871	58.859
23.99	24.00	0.196888	58.959
23.99	24.00	0.196905	59.059
23.99	24.01	0.196921	59.159
24.02	24.01	0.196938	59.259
24.02	24.01	0.196955	59.360
24.02	24.02	0.196971	59.459
24.02	24.02	0.196988	59.559
24.02	24.02	0.197005	59.659
24.02	24.02	0.197021	59.759
24.02	24.03	0.197038	59.859
24.02	24.03	0.197054	59.959
24.04	24.03	0.197071	00.060
24.04	24.03	0.197088	00.159
24.04	24.04	0.197104	00.259
24.04	24.04	0.197121	00.359
24.04	24.04	0.197138	00.459
24.04	24.05	0.197154	00.559
24.04	24.05	0.197171	00.659
24.04	24.05	0.197188	00.760
24.04	24.05	0.197204	00.859
24.04	24.06	0.197221	00.960
24.04	24.06	0.197238	01.059
24.07	24.06	0.197254	01.159
24.07	24.06	0.197271	01.259
24.07	24.07	0.197288	01.359
24.07	24.07	0.197304	01.459
24.07	24.07	0.197321	01.559
24.07	24.08	0.197338	01.660
24.07	24.08	0.197354	01.759
24.07	24.08	0.197371	01.859
24.09	24.08	0.197388	01.959
24.09	24.09	0.197404	02.059
24.09	24.09	0.197421	02.159
24.09	24.09	0.197438	02.259
24.09	24.10	0.197454	02.383
24.09	24.10	0.197471	02.483
24.09	24.10	0.197488	02.588
24.09	24.10	0.197504	02.682
24.09	24.11	0.197521	02.758
24.09	24.11	0.197538	02.886
24.12	24.11	0.197554	02.981
24.12	24.11	0.197571	03.082
24.12	24.12	0.197588	03.185
24.12	24.12	0.197604	03.279
24.12	24.12	0.197621	03.383
24.12	24.13	0.197638	03.484
24.12	24.13	0.197654	03.578
24.12	24.13	0.197671	03.683
24.15	24.13	0.197688	03.782
24.15	24.14	0.197704	03.877
24.15	24.14	0.197721	03.981
24.15	24.14	0.197738	04.081
24.15	24.14	0.197754	04.176
24.15	24.15	0.197771	04.280
24.15	24.15	0.197788	04.380
24.15	24.15	0.197804	04.474
24.15	24.16	0.197821	04.579
24.15	24.16	0.197838	04.678
24.15	24.16	0.197854	04.773
24.15	24.16	0.197871	04.877
24.17	24.17	0.197887	04.978
24.17	24.17	0.197904	05.073
24.17	24.17	0.197921	05.177
24.17	24.17	0.197937	05.272
24.17	24.18	0.197954	05.371
24.17	24.18	0.197971	05.476
24.17	24.18	0.197987	05.570
24.17	24.19	0.198004	05.670
24.17	24.19	0.198021	05.775
24.17	24.19	0.198037	05.869
24.17	24.19	0.198054	05.969
24.20	24.20	0.198071	06.073
24.20	24.20	0.198087	06.168
24.20	24.20	0.198104	06.267
24.20	24.21	0.198121	06.372
24.20	24.21	0.198137	06.466
24.20	24.21	0.198154	06.566
24.20	24.21	0.198171	06.671
24.20	24.22	0.198187	06.765
24.22	24.22	0.198204	06.865
24.22	24.22	0.198221	06.969
24.22	24.22	0.198237	07.064
24.22	24.23	0.198254	07.163
24.22	24.23	0.198271	07.268
24.22	24.23	0.198287	07.363
24.22	24.24	0.198304	07.462
24.22	24.24	0.198321	07.567
24.22	24.24	0.198337	07.661
24.25	24.24	0.198354	07.762
24.25	24.25	0.198371	07.866
24.25	24.25	0.198387	07.961
24.25	24.25	0.198404	08.061
24.25	24.25	0.198421	08.165
24.25	24.26	0.198437	08.260
24.25	24.26	0.198454	08.361
24.25	24.26	0.198471	08.464
24.25	24.27	0.198487	08.559
24.27	24.27	0.198504	08.661
24.27	24.27	0.198521	08.762
24.27	24.27	0.198537	08.859
24.27	24.28	0.198554	08.961
24.27	24.28	0.198571	09.061
24.27	24.28	0.198587	09.159
24.27	24.29	0.198604	09.260
24.27	24.29	0.198621	09.360
24.27	24.29	0.198637	09.459
24.27	24.29	0.198654	09.559
24.30	24.30	0.198671	09.659
24.30	24.30	0.198687	09.759
24.30	24.30	0.198704	09.860
24.30	24.30	0.198720	09.959
24.30	24.31	0.198737	10.059
24.30	24.31	0.198754	10.159
24.30	24.31	0.198770	10.259
24.30	24.32	0.198787	10.359
24.33	24.32	0.198804	10.459
24.33	24.32	0.198820	10.560
24.33	24.32	0.198837	10.659
24.33	24.33	0.198854	10.760
24.33	24.33	0.198870	10.859
24.33	24.33	0.198887	10.959
24.33	24.33	0.198904	11.059
24.33	24.34	0.198920	11.159
24.33	24.34	0.198937	11.259
24.33	24.34	0.198954	11.359
24.35	24.35	0.198970	11.460
24.35	24.35	0.198987	11.559
24.35	24.35	0.199004	11.659
24.35	24.35	0.199020	11.759
24.35	24.36	0.199037	11.859
24.35	24.36	0.199054	11.959
24.35	24.36	0.199070	12.059
24.35	24.37	0.199087	12.159
24.35	24.37	0.199104	12.259
24.38	24.37	0.199120	12.360
24.38	24.37	0.199137	12.459
24.38	24.38	0.199154	12.559
24.38	24.38	0.199170	12.659
24.38	24.38	0.199187	12.759
24.38	24.38	0.199204	12.859
24.38	24.39	0.199220	12.959
24.38	24.39	0.199237	13.060
24.40	24.39	0.199254	13.159
24.40	24.40	0.199270	13.260
24.40	24.40	0.199287	13.359
24.40	24.40	0.199304	13.459
24.40	24.40	0.199320	13.559
24.40	24.41	0.199337	13.659
24.40	24.41	0.199354	13.759
24.40	24.41	0.199370	13.859
24.40	24.41	0.199387	13.960
24.40	24.42	0.199404	14.059
24.43	24.42	0.199420	14.159
24.43	24.42	0.199437	14.259
24.43	24.43	0.199454	14.359
24.43	24.43	0.199470	14.459
24.43	24.43	0.199487	14.559
24.43	24.43	0.199504	14.684
24.43	24.44	0.199520	14.783
24.43	24.44	0.199537	14.888
24.45	24.44	0.199553	14.983
24.45	24.44	0.199570	15.083
24.45	24.45	0.199587	15.187
24.45	24.45	0.199603	15.282
24.45	24.45	0.199620	15.380
24.45	24.46	0.199637	15.486
24.45	24.46	0.199653	15.580
24.45	24.46	0.199670	15.680
24.45	24.46	0.199687	15.785
24.48	24.47	0.199703	15.879
24.48	24.47	0.199720	15.980
24.48	24.47	0.199737	16.083
24.48	24.48	0.199753	16.178
24.48	24.48	0.199770	16.279
24.48	24.48	0.199787	16.382
24.48	24.48	0.199803	16.477
24.48	24.49	0.199820	16.579
24.48	24.49	0.199837	16.681
24.48	24.49	0.199853	16.775
24.50	24.49	0.199870	16.880
24.50	24.50	0.199887	16.979
24.50	24.50	0.199903	17.074
24.50	24.50	0.199920	17.178
24.50	24.50	0.199937	17.278
24.50	24.50	0.199953	17.373
24.50	24.50	0.199970	17.477
24.50	24.50	0.199987	17.577
24.50	24.50	0.200003	17.671
24.50	24.50	0.200020	17.776
24.50	24.50	0.200037	17.875
24.53	24.50	0.200053	17.971
24.53	24.50	0.200070	18.075
24.53	24.50	0.200087	18.175
24.53	24.50	0.200103	18.270
24.53	24.50	0.200120	18.374
24.53	24.50	0.200137	18.469
24.53	24.50	0.200153	18.568
24.53	24.50	0.200170	18.673
24.53	24.50	0.200187	18.767
24.53	24.50	0.200203	18.867
24.53	24.50	0.200220	18.972
24.53	24.50	0.200237	19.066
24.53	24.50	0.200253	19.166
24.53	24.50	0.200270	19.270
24.53	24.50	0.200287	19.365
24.50	24.50	0.200303	19.464
24.50	24.50	0.200320	19.569
24.50	24.50	0.200337	19.663
24.50	24.50	0.200353	19.763
24.50	24.50	0.200370	19.868
24.50	24.50	0.200386	19.962
24.50	24.50	0.200403	20.062
24.50	24.50	0.200420	20.166
24.50	24.50	0.200436	20.261
24.50	24.50	0.200453	20.360
24.50	24.50	0.200470	20.465
24.50	24.50	0.200486	20.561
24.50	24.50	0.200503	20.660
24.50	24.50	0.200520	20.764
24.50	24.50	0.200536	20.860
24.50	24.50	0.200553	20.961
24.50	24.50	0.200570	21.062
24.50	24.50	0.200586	21.161
24.50	24.50	0.200603	21.261
24.50	24.50	0.200620	21.362
24.50	24.50	0.200636	21.462
24.50	24.50	0.200653	21.561
24.50	24.50	0.200670	21.661
24.50	24.50	0.200686	21.761
24.50	24.50	0.200703	21.861
24.50	24.50	0.200720	21.961
24.50	24.50	0.200736	22.061
24.50	24.50	0.200753	22.162
24.50	24.50	0.200770	22.261
24.50	24.50	0.200786	22.362
24.50	24.50	0.200803	22.461
24.50	24.50	0.200820	22.561
24.50	24.50	0.200836	22.661
24.50	24.50	0.200853	22.761
24.50	24.50	0.200870	22.861
24.50	24.50	0.200886	22.961
24.50	24.50	0.200903	23.062
24.50	24.50	0.200920	23.161
24.50	24.50	0.200936	23.261
24.50	24.50	0.200953	23.361
24.50	24.50	0.200970	23.461
24.50	24.50	0.200986	23.561
24.50	24.50	0.201003	23.661
24.50	24.50	0.201020	23.761
24.50	24.50	0.201036	23.861
24.50	24.50	0.201053	23.962
24.50	24.50	0.201070	24.061
24.50	24.50	0.201086	24.161
24.50	24.50	0.201103	24.261
24.50	24.50	0.201120	24.361
24.50	24.50	0.201136	24.461
24.50	24.50	0.201153	24.561
24.50	24.50	0.201170	24.662
24.50	24.50	0.201186	24.761
24.50	24.50	0.201203	24.861
24.50	24.50	0.201219	24.961
24.50	24.50	0.201236	25.061
24.50	24.50	0.201253	25.161
24.50	24.50	0.201269	25.261
24.50	24.50	0.201286	25.362
24.50	24.50	0.201303	25.460
24.50	24.50	0.201319	25.563
24.50	24.50	0.201336	25.662
24.50	24.50	0.201353	25.762
24.50	24.50	0.201369	25.862
24.50	24.50	0.201386	25.962
24.50	24.50	0.201403	26.062
24.50	24.50	0.201419	26.162
24.50	24.50	0.201436	26.263
24.50	24.50	0.201453	26.362
24.50	24.50	0.201469	26.487
24.50	24.50	0.201486	26.591
24.50	24.50	0.201503	26.686
24.50	24.50	0.201519	26.785
24.50	24.50	0.201536	26.890
24.50	24.50	0.201553	26.984
24.50	24.50	0.201569	27.084
24.50	24.50	0.201586	27.188
24.50	24.50	0.201603	27.283
24.50	24.50	0.201619	27.383
24.50	24.50	0.201636	27.487
24.50	24.50	0.201653	27.582
24.50	24.50	0.201669	27.681
24.50	24.50	0.201686	27.786
24.50	24.50	0.201703	27.880
24.50	24.50	0.201719	27.980
24.50	24.50	0.201736	28.085
24.50	24.50	0.201753	28.179
24.50	24.50	0.201769	28.279
24.50	24.50	0.201786	28.383
24.50	24.50	0.201803	28.478
24.50	24.50	0.201819	28.578
24.50	24.50	0.201836	28.683
24.50	24.50	0.201853	28.777
24.50	24.50	0.201869	28.877
24.50	24.50	0.201886	28.982
24.50	24.50	0.201903	29.076
24.50	24.50	0.201919	29.177
24.50	24.50	0.201936	29.280
24.50	24.50	0.201953	29.375
24.50	24.50	0.201969	29.476
24.50	24.50	0.201986	29.579
24.50	24.50	0.202003	29.674
24.50	24.50	0.202019	29.776
24.50	24.50	0.202036	29.878
24.50	24.50	0.202052	29.972
24.50	24.50	0.202069	30.076
24.50	24.50	0.202086	30.176
24.50	24.50	0.202102	30.271
24.50	24.50	0.202119	30.375
24.50	24.50	0.202136	30.475
24.50	24.50	0.202152	30.570
24.50	24.50	0.202169	30.674
24.50	24.50	0.202186	30.774
24.50	24.50	0.202202	30.868
24.50	24.50	0.202219	30.973
24.50	24.50	0.202236	31.072
24.50	24.50	0.202252	31.167
24.50	24.50	0.202269	31.272
24.50	24.50	0.202286	31.371
24.50	24.50	0.202302	31.467
24.50	24.50	0.202319	31.571
24.50	24.50	0.202336	31.666
24.50	24.50	0.202352	31.765
24.50	24.50	0.202369	31.870
24.50	24.50	0.202386	31.964
24.50	24.50	0.202402	32.064
24.50	24.50	0.202419	32.169
24.50	24.50	0.202436	32.263
24.50	24.50	0.202452	32.363
24.50	24.50	0.202469	32.467
24.50	24.50	0.202486	32.563
24.53	24.50	0.202502	32.663
24.53	24.50	0.202519	32.766
24.53	24.50	0.202536	32.864
24.53	24.50	0.202552	32.963
24.53	24.50	0.202569	33.065
24.53	24.50	0.202586	33.163
24.53	24.50	0.202602	33.263
24.50	24.50	0.202619	33.363
24.50	24.50	0.202636	33.463
24.50	24.50	0.202652	33.564
24.50	24.50	0.202669	33.663
24.50	24.50	0.202686	33.764
24.50	24.50	0.202702	33.863
24.50	24.50	0.202719	33.963
24.50	24.50	0.202736	34.063
24.50	24.50	0.202752	34.163
24.50	24.50	0.202769	34.263
24.50	24.50	0.202786	34.363
24.50	24.50	0.202802	34.464
24.50	24.50	0.202819	34.563
24.50	24.50	0.202836	34.664
24.50	24.50	0.202852	34.763
24.50	24.50	0.202869	34.863
24.50	24.50	0.202885	34.963
24.50	24.50	0.202902	35.063
24.50	24.50	0.202919	35.163
24.50	24.50	0.202935	35.263
24.50	24.50	0.202952	35.364
24.50	24.50	0.202969	35.463
24.50	24.50	0.202985	35.563
24.50	24.50	0.203002	35.663
24.50	24.50	0.203019	35.763
24.50	24.50	0.203035	35.863
24.48	24.50	0.203052	35.963
24.48	24.50	0.203069	36.064
24.48	24.50	0.203085	36.163
24.48	24.50	0.203102	36.264
24.48	24.50	0.203119	36.363
24.48	24.50	0.203135	36.463
24.48	24.50	0.203152	36.563
24.48	24.50	0.203169	36.663
24.50	24.50	0.203185	36.763
24.50	24.50	0.203202	36.863
24.50	24.50	0.203219	36.964
24.50	24.50	0.203235	37.063
24.50	24.50	0.203252	37.164
24.50	24.50	0.203269	37.263
24.50	24.50	0.203285	37.363
24.50	24.50	0.203302	37.463
24.50	24.50	0.203319	37.563
24.50	24.50	0.203335	37.663
24.50	24.50	0.203352	37.763
24.50	24.50	0.203369	37.864
24.50	24.50	0.203385	37.963
24.50	24.50	0.203402	38.063
24.50	24.50	0.203419	38.163
24.50	24.50	0.203435	38.263
24.50	24.50	0.203452	38.363
24.50	24.50	0.203469	38.463
24.50	24.50	0.203485	38.592
24.50	24.50	0.203502	38.663
24.50	24.50	0.203519	38.787
24.50	24.50	0.203535	38.891
24.50	24.50	0.203552	38.991
24.50	24.50	0.203569	39.086
24.50	24.50	0.203585	39.190
24.50	24.50	0.203602	39.289
24.50	24.50	0.203619	39.385
24.50	24.50	0.203635	39.489
24.50	24.50	0.203652	39.584
24.50	24.50	0.203669	39.684
24.50	24.50	0.203685	39.788
24.50	24.50	0.203702	39.883
24.50	24.50	0.203718	39.982
24.50	24.50	0.203735	40.087
24.50	24.50	0.203752	40.181
24.50	24.50	0.203768	40.281
24.50	24.50	0.203785	40.386
24.50	24.50	0.203802	40.480
24.50	24.50	0.203818	40.580
24.50	24.50	0.203835	40.684
24.50	24.50	0.203852	40.779
24.50	24.50	0.203868	40.878
24.50	24.50	0.203885	40.983
24.50	24.50	0.203902	41.077
24.50	24.50	0.203918	41.177
24.50	24.50	0.203935	41.282
24.50	24.50	0.203952	41.376
24.50	24.50	0.203968	41.476
24.50	24.50	0.203985	41.580
24.50	24.50	0.204002	41.675
24.50	24.50	0.204018	41.774
24.50	24.50	0.204035	41.880
24.50	24.50	0.204052	41.974
24.50	24.50	0.204068	42.074
24.50	24.50	0.204085	42.179
24.50	24.50	0.204102	42.273
24.50	24.50	0.204118	42.373
24.50	24.50	0.204135	42.477
24.50	24.50	0.204152	42.572
24.50	24.50	0.204168	42.673
24.50	24.50	0.204185	42.776
24.53	24.50	0.204202	42.871
24.53	24.50	0.204218	42.973
24.53	24.50	0.204235	43.075
24.53	24.50	0.204252	43.169
24.53	24.50	0.204268	43.273
24.53	24.50	0.204285	43.373
24.53	24.50	0.204302	43.468
24.53	24.50	0.204318	43.573
24.50	24.50	0.204335	43.672
24.50	24.50	0.204352	43.767
24.50	24.50	0.204368	43.871
24.50	24.50	0.204385	43.971
24.50	24.50	0.204402	44.065
24.50	24.50	0.204418	44.170
24.50	24.50	0.204435	44.269
24.50	24.50	0.204452	44.364
24.50	24.50	0.204468	44.469
24.50	24.50	0.204485	44.568
24.50	24.50	0.204502	44.664
24.50	24.50	0.204518	44.767
24.50	24.50	0.204535	44.868
24.50	24.50	0.204551	44.964
24.50	24.50	0.204568	45.067
24.50	24.50	0.204585	45.168
24.50	24.50	0.204601	45.264
24.50	24.50	0.204618	45.366
24.50	24.50	0.204635	45.468
24.50	24.50	0.204651	45.565
24.50	24.50	0.204668	45.665
24.50	24.50	0.204685	45.768
24.50	24.50	0.204701	45.865
24.50	24.50	0.204718	45.965
24.50	24.50	0.204735	46.068
24.50	24.50	0.204751	46.165
24.50	24.50	0.204768	46.265
24.50	24.50	0.204785	46.367
24.50	24.50	0.204801	46.466
24.50	24.50	0.204818	46.566
24.50	24.50	0.204835	46.668
24.50	24.50	0.204851	46.766
24.50	24.50	0.204868	46.866
24.50	24.50	0.204885	46.968
24.50	24.50	0.204901	47.066
24.50	24.50	0.204918	47.166
24.50	24.50	0.204935	47.267
24.50	24.50	0.204951	47.366
24.50	24.50	0.204968	47.466
24.50	24.50	0.204985	47.567
24.50	24.50	0.205001	47.667
24.50	24.50	0.205018	47.766
24.50	24.50	0.205035	47.868
24.50	24.50	0.205051	47.966
24.50	24.50	0.205068	48.066
24.50	24.50	0.205085	48.167
24.50	24.50	0.205101	48.266
24.50	24.50	0.205118	48.366
24.50	24.50	0.205135	48.467
24.53	24.50	0.205151	48.567
24.53	24.50	0.205168	48.666
24.53	24.50	0.205185	48.767
24.53	24.50	0.205201	48.866
24.53	24.50	0.205218	48.966
24.53	24.50	0.205235	49.067
24.53	24.50	0.205251	49.166
24.53	24.50	0.205268	49.267
24.50	24.50	0.205285	49.367
24.50	24.50	0.205301	49.467
24.50	24.50	0.205318	49.566
24.50	24.50	0.205335	49.667
24.50	24.50	0.205351	49.766
24.50	24.50	0.205368	49.866
24.50	24.50	0.205384	49.966
24.50	24.50	0.205401	50.066
24.50	24.50	0.205418	50.167
24.50	24.50	0.205434	50.267
24.50	24.50	0.205451	50.366
24.50	24.50	0.205468	50.490
24.50	24.50	0.205484	50.567
24.50	24.50	0.205501	50.694
24.50	24.50	0.205518	50.789
24.50	24.50	0.205534	50.867
24.50	24.50	0.205551	50.993
24.50	24.50	0.205568	51.088
24.50	24.50	0.205584	51.166
24.48	24.50	0.205601	51.292
24.48	24.50	0.205618	51.386
24.48	24.50	0.205634	51.466
24.48	24.50	0.205651	51.590
24.48	24.50	0.205668	51.685
24.48	24.50	0.205684	51.789
24.48	24.50	0.205701	51.889
24.50	24.50	0.205718	51.984
24.50	24.50	0.205734	52.088
24.50	24.50	0.205751	52.188
24.50	24.50	0.205768	52.282
24.50	24.50	0.205784	52.388
24.50	24.50	0.205801	52.487
24.50	24.50	0.205818	52.582
24.50	24.50	0.205834	52.686
24.50	24.50	0.205851	52.786
24.50	24.50	0.205868	52.881
24.50	24.50	0.205884	52.985
24.50	24.50	0.205901	53.080
24.50	24.50	0.205918	53.179
24.50	24.50	0.205934	53.284
24.50	24.50	0.205951	53.378
24.50	24.50	0.205968	53.478
24.50	24.50	0.205984	53.583
24.50	24.50	0.206001	53.677
24.50	24.50	0.206018	53.777
24.50	24.50	0.206034	53.881
24.50	24.50	0.206051	53.976
24.50	24.50	0.206068	54.075
24.50	24.50	0.206084	54.180
24.50	24.50	0.206101	54.274
24.50	24.50	0.206118	54.374
24.50	24.50	0.206134	54.479
24.50	24.50	0.206151	54.573
24.50	24.50	0.206168	54.673
24.50	24.50	0.206184	54.777
24.50	24.50	0.206201	54.872
24.50	24.50	0.206217	54.971
24.50	24.50	0.206234	55.076
24.50	24.50	0.206251	55.171
24.50	24.50	0.206267	55.271
24.53	24.50	0.206284	55.376
24.53	24.50	0.206301	55.470
24.53	24.50	0.206317	55.570
24.53	24.50	0.206334	55.674
24.53	24.50	0.206351	55.769
24.53	24.50	0.206367	55.870
24.50	24.50	0.206384	55.973
24.50	24.50	0.206401	56.068
24.50	24.50	0.206417	56.169
24.50	24.50	0.206434	56.272
24.50	24.50	0.206451	56.367
24.50	24.50	0.206467	56.469
24.50	24.50	0.206484	56.570
24.50	24.50	0.206501	56.667
24.50	24.50	0.206517	56.770
24.50	24.50	0.206534	56.869
24.50	24.50	0.206551	56.968
24.50	24.50	0.206567	57.068
24.50	24.50	0.206584	57.168
24.50	24.50	0.206601	57.267
24.50	24.50	0.206617	57.367
24.50	24.50	0.206634	57.467
24.50	24.50	0.206651	57.567
24.50	24.50	0.206667	57.669
24.48	24.50	0.206684	57.768
24.48	24.50	0.206701	57.868
24.48	24.50	0.206717	57.968
24.48	24.50	0.206734	58.068
24.48	24.50	0.206751	58.168
24.48	24.50	0.206767	58.268
24.48	24.50	0.206784	58.369
24.48	24.50	0.206801	58.468
24.48	24.50	0.206817	58.569
24.48	24.50	0.206834	58.668
24.50	24.50	0.206851	58.768
24.50	24.50	0.206867	58.868
24.50	24.50	0.206884	58.968
24.50	24.50	0.206901	59.068
24.50	24.50	0.206917	59.168
24.50	24.50	0.206934	59.269
24.50	24.50	0.206951	59.368
24.50	24.50	0.206967	59.468
24.50	24.50	0.206984	59.568
24.50	24.50	0.207001	59.668
24.50	24.50	0.207017	59.768
24.50	24.50	0.207034	59.868
24.50	24.50	0.207050	59.969
24.50	24.50	0.207067	00.068
24.50	24.50	0.207084	00.169
24.50	24.50	0.207100	00.268
24.50	24.50	0.207117	00.368
24.50	24.50	0.207134	00.468
24.50	24.50	0.207150	00.568
24.50	24.50	0.207167	00.668
24.50	24.50	0.207184	00.768
24.50	24.50	0.207200	00.869
24.50	24.50	0.207217	00.968
24.50	24.50	0.207234	01.069
24.50	24.50	0.207250	01.168
24.50	24.50	0.207267	01.268
24.50	24.50	0.207284	01.368
24.50	24.50	0.207300	01.468
24.50	24.50	0.207317	01.568
24.50	24.50	0.207334	01.668
24.53	24.50	0.207350	01.769
24.53	24.50	0.207367	01.868
24.53	24.50	0.207384	01.968
24.53	24.50	0.207400	02.068
24.53	24.50	0.207417	02.168
24.53	24.50	0.207434	02.268
24.53	24.50	0.207450	02.368
24.50	24.50	0.207467	02.492
24.50	24.50	0.207484	02.592
24.50	24.50	0.207500	02.696
24.50	24.50	0.207517	02.791
24.50	24.50	0.207534	02.891
24.50	24.50	0.207550	02.995
24.50	24.50	0.207567	03.090
24.50	24.50	0.207584	03.189
24.50	24.50	0.207600	03.294
24.50	24.50	0.207617	03.388
24.50	24.50	0.207634	03.488
24.50	24.50	0.207650	03.593
24.50	24.50	0.207667	03.687
24.50	24.50	0.207684	03.788
24.50	24.50	0.207700	03.891
24.50	24.50	0.207717	03.986
24.50	24.50	0.207734	04.087
24.50	24.50	0.207750	04.190
24.50	24.50	0.207767	04.285
24.50	24.50	0.207784	04.387
24.50	24.50	0.207800	04.489
24.50	24.50	0.207817	04.583
24.50	24.50	0.207834	04.688
24.50	24.50	0.207850	04.787
24.50	24.50	0.207867	04.882
24.50	24.50	0.207883	04.986
24.50	24.50	0.207900	05.086
24.50	24.50	0.207917	05.181
24.50	24.50	0.207933	05.286
24.48	24.50	0.207950	05.385
24.48	24.50	0.207967	05.479
24.48	24.50	0.207983	05.585
24.48	24.50	0.208000	05.684
24.48	24.50	0.208017	05.779
24.48	24.50	0.208033	05.883
24.48	24.50	0.208050	05.983
24.50	24.50	0.208067	06.078
24.50	24.50	0.208083	06.182
24.50	24.50	0.208100	06.277
24.50	24.50	0.208117	06.376
24.50	24.50	0.208133	06.481
24.50	24.50	0.208150	06.575
24.50	24.50	0.208167	06.675
24.50	24.50	0.208183	06.780
24.50	24.50	0.208200	06.874
24.50	24.50	0.208217	06.974
24.50	24.50	0.208233	07.078
24.50	24.50	0.208250	07.173
24.50	24.50	0.208267	07.272
24.50	24.50	0.208283	07.377
24.50	24.50	0.208300	07.472
24.50	24.50	0.208317	07.571
24.50	24.50	0.208333	07.676
24.50	24.50	0.208350	07.770
24.50	24.50	0.208367	07.870
24.50	24.50	0.208383	07.974
24.50	24.50	0.208400	08.069
24.50	24.50	0.208417	08.169
24.50	24.50	0.208433	08.273
24.50	24.50	0.208450	08.370
24.50	24.50	0.208467	08.469
24.50	24.50	0.208483	08.573
24.50	24.50	0.208500	08.669
24.50	24.50	0.208517	08.769
24.50	24.50	0.208533	08.871
24.50	24.50	0.208550	08.969
24.50	24.50	0.208567	09.070
24.50	24.50	0.208583	09.170
24.50	24.50	0.208600	09.270
24.50	24.50	0.208617	09.369
24.50	24.50	0.208633	09.469
24.50	24.50	0.208650	09.569
24.50	24.50	0.208667	09.669
24.50	24.50	0.208683	09.769
24.50	24.50	0.208700	09.869
24.50	24.50	0.208716	09.970
24.50	24.50	0.208733	10.069
24.50	24.50	0.208750	10.169
24.50	24.50	0.208766	10.269
24.50	24.50	0.208783	10.369
24.50	24.50	0.208800	10.469
24.50	24.50	0.208816	10.571
24.50	24.50	0.208833	10.671
24.50	24.50	0.208850	10.771
24.50	24.50	0.208866	10.873
24.50	24.50	0.208883	10.972
24.50	24.50	0.208900	11.072
24.50	24.50	0.208916	11.172
24.50	24.50	0.208933	11.272
24.50	24.50	0.208950	11.372
24.50	24.50	0.208966	11.472
24.50	24.50	0.208983	11.573
24.50	24.50	0.209000	11.672
24.50	24.50	0.209016	11.773
24.50	24.50	0.209033	11.872
24.50	24.50	0.209050	11.972
24.50	24.50	0.209066	12.072
24.50	24.50	0.209083	12.172
24.50	24.50	0.209100	12.272
24.50	24.50	0.209116	12.372
24.50	24.50	0.209133	12.473
24.50	24.50	0.209150	12.572
24.50	24.50	0.209166	12.673
24.50	24.50	0.209183	12.772
24.50	24.50	0.209200	12.872
24.50	24.50	0.209216	12.972
24.50	24.50	0.209233	13.072
24.50	24.50	0.209250	13.172
24.50	24.50	0.209266	13.272
24.50	24.50	0.209283	13.373
24.50	24.50	0.209300	13.472
24.50	24.50	0.209316	13.572
24.50	24.50	0.209333	13.672
24.50	24.50	0.209350	13.802
24.50	24.50	0.209366	13.901
24.50	24.50	0.209383	13.996
24.50	24.50	0.209400	14.100
24.50	24.50	0.209416	14.195
24.50	24.50	0.209433	14.295
24.53	24.50	0.209450	14.399
24.53	24.50	0.209466	14.494
24.53	24.50	0.209483	14.593
24.53	24.50	0.209500	14.698
24.53	24.50	0.209516	14.792
24.50	24.50	0.209533	14.892
24.50	24.50	0.209549	14.996
24.50	24.50	0.209566	15.091
24.50	24.50	0.209583	15.191
24.50	24.50	0.209599	15.295
24.50	24.50	0.209616	15.390
24.50	24.50	0.209633	15.489
24.50	24.50	0.209649	15.594
24.50	24.50	0.209666	15.688
24.50	24.50	0.209683	15.788
24.50	24.50	0.209699	15.894
24.50	24.50	0.209716	15.988
24.50	24.50	0.209733	16.088
24.50	24.50	0.209749	16.192
24.50	24.50	0.209766	16.287
24.50	24.50	0.209783	16.386
24.50	24.50	0.209799	16.491
24.50	24.50	0.209816	16.585
24.50	24.50	0.209833	16.685
24.50	24.50	0.209849	16.790
24.50	24.50	0.209866	16.884
24.50	24.50	0.209883	16.984
24.50	24.50	0.209899	17.088
24.50	24.50	0.209916	17.183
24.50	24.50	0.209933	17.284
24.50	24.50	0.209949	17.387
24.48	24.50	0.209966	17.482
24.48	24.50	0.209983	17.584
24.48	24.50	0.209999	17.686
24.48	24.50	0.210016	17.780
24.48	24.50	0.210033	17.884
24.48	24.50	0.210049	17.984
24.48	24.50	0.210066	18.079
24.48	24.50	0.210083	18.183
24.48	24.50	0.210099	18.283
24.50	24.50	0.210116	18.378
24.50	24.50	0.210133	18.482
24.50	24.50	0.210149	18.582
24.50	24.50	0.210166	18.676
24.50	24.50	0.210183	18.782
24.50	24.50	0.210199	18.881
24.50	24.50	0.210216	18.976
24.50	24.50	0.210233	19.080
24.50	24.50	0.210249	19.180
24.50	24.50	0.210266	19.275
24.50	24.50	0.210283	19.379
24.50	24.50	0.210299	19.474
24.50	24.50	0.210316	19.573
24.50	24.50	0.210333	19.678
24.50	24.50	0.210349	19.773
24.50	24.50	0.210366	19.873
24.50	24.50	0.210382	19.977
24.50	24.50	0.210399	20.073
24.50	24.50	0.210416	20.173
24.50	24.50	0.210432	20.275
24.50	24.50	0.210449	20.373
24.53	24.50	0.210466	20.473
24.53	24.50	0.210482	20.574
24.53	24.50	0.210499	20.673
24.53	24.50	0.210516	20.773
24.53	24.50	0.210532	20.874
24.53	24.50	0.210549	20.973
24.50	24.50	0.210566	21.073
24.50	24.50	0.210582	21.173
24.50	24.50	0.210599	21.273
24.50	24.50	0.210616	21.373
24.50	24.50	0.210632	21.473
24.50	24.50	0.210649	21.573
24.50	24.50	0.210666	21.673
24.50	24.50	0.210682	21.773
24.50	24.50	0.210699	21.873
24.50	24.50	0.210716	21.973
24.50	24.50	0.210732	22.073
24.50	24.50	0.210749	22.173
24.50	24.50	0.210766	22.273
24.50	24.50	0.210782	22.373
24.50	24.50	0.210799	22.479
24.50	24.50	0.210816	22.574
24.50	24.50	0.210832	22.674
24.50	24.50	0.210849	22.778
24.50	24.50	0.210866	22.874
24.50	24.50	0.210882	22.974
24.50	24.50	0.210899	23.078
24.48	24.50	0.210916	23.175
24.48	24.50	0.210932	23.274
24.48	24.50	0.210949	23.378
24.48	24.50	0.210966	23.474
24.48	24.50	0.210982	23.574
24.50	24.50	0.210999	23.678
24.50	24.50	0.211016	23.774
24.50	24.50	0.211032	23.874
24.50	24.50	0.211049	23.978
24.50	24.50	0.211066	24.075
24.50	24.50	0.211082	24.174
24.50	24.50	0.211099	24.278
24.50	24.50	0.211116	24.374
24.50	24.50	0.211132	24.474
24.50	24.50	0.211149	24.577
24.50	24.50	0.211166	24.674
24.50	24.50	0.211182	24.774
24.50	24.50	0.211199	24.878
24.50	24.50	0.211215	24.975
24.50	24.50	0.211232	25.074
24.50	24.50	0.211249	25.178
24.50	24.50	0.211265	25.274
24.50	24.50	0.211282	25.374
24.50	24.50	0.211299	25.477
24.50	24.50	0.211315	25.574
24.50	24.50	0.211332	25.698
24.50	24.50	0.211349	25.777
24.50	24.50	0.211365	25.903
24.50	24.50	0.211382	25.997
24.50	24.50	0.211399	26.077
24.50	24.50	0.211415	26.201
24.50	24.50	0.211432	26.296
24.50	24.50	0.211449	26.401
24.50	24.50	0.211465	26.501
24.50	24.50	0.211482	26.595
24.50	24.50	0.211499	26.700
24.50	24.50	0.211515	26.800
24.50	24.50	0.211532	26.894
24.50	24.50	0.211549	26.999
24.50	24.50	0.211565	27.098
24.50	24.50	0.211582	27.193
24.50	24.50	0.211599	27.297
24.50	24.50	0.211615	27.397
24.53	24.50	0.211632	27.492
24.53	24.50	0.211649	27.596
24.53	24.50	0.211665	27.691
24.53	24.50	0.211682	27.790
24.53	24.50	0.211699	27.895
24.53	24.50	0.211715	27.989
24.50	24.50	0.211732	28.089
24.50	24.50	0.211749	28.193
24.50	24.50	0.211765	28.288
24.50	24.50	0.211782	28.388
24.50	24.50	0.211799	28.492
24.50	24.50	0.211815	28.587
24.50	24.50	0.211832	28.686
24.50	24.50	0.211849	28.791
24.50	24.50	0.211865	28.885
24.50	24.50	0.211882	28.985
24.50	24.50	0.211899	29.091
24.50	24.50	0.211915	29.185
24.50	24.50	0.211932	29.285
24.50	24.50	0.211949	29.389
24.50	24.50	0.211965	29.484
24.50	24.50	0.211982	29.583
24.50	24.50	0.211999	29.688
24.50	24.50	0.212015	29.782
24.50	24.50	0.212032	29.882
24.50	24.50	0.212048	29.987
24.50	24.50	0.212065	30.081
24.50	24.50	0.212082	30.181
24.48	24.50	0.212098	30.285
24.48	24.50	0.212115	30.380
24.48	24.50	0.212132	30.480
24.48	24.50	0.212148	30.584
24.48	24.50	0.212165	30.679
24.48	24.50	0.212182	30.780
24.48	24.50	0.212198	30.883
24.48	24.50	0.212215	30.977
24.50	24.50	0.212232	31.080
24.50	24.50	0.212248	31.181
24.50	24.50	0.212265	31.276
24.50	24.50	0.212282	31.380
24.50	24.50	0.212298	31.480
24.50	24.50	0.212315	31.576
24.50	24.50	0.212332	31.679
24.50	24.50	0.212348	31.779
24.50	24.50	0.212365	31.875
24.50	24.50	0.212382	31.978
24.50	24.50	0.212398	32.077
24.50	24.50	0.212415	32.175
24.50	24.50	0.212432	32.278
24.50	24.50	0.212448	32.377
24.50	24.50	0.212465	32.476
24.50	24.50	0.212482	32.576
24.50	24.50	0.212498	32.676
24.50	24.50	0.212515	32.775
24.50	24.50	0.212532	32.875
24.50	24.50	0.212548	32.975
24.50	24.50	0.212565	33.075
24.50	24.50	0.212582	33.176
24.50	24.50	0.212598	33.275
24.53	24.50	0.212615	33.376
24.53	24.50	0.212632	33.475
24.53	24.50	0.212648	33.575
24.53	24.50	0.212665	33.675
24.53	24.50	0.212682	33.775
24.53	24.50	0.212698	33.875
24.53	24.50	0.212715	33.975
24.50	24.50	0.212732	34.076
24.50	24.50	0.212748	34.175
24.50	24.50	0.212765	34.275
24.50	24.50	0.212782	34.375
24.50	24.50	0.212798	34.475
24.50	24.50	0.212815	34.575
24.50	24.50	0.212832	34.675
24.50	24.50	0.212848	34.776
24.50	24.50	0.212865	34.875
24.50	24.50	0.212881	34.976
24.50	24.50	0.212898	35.075
24.50	24.50	0.212915	35.175
24.50	24.50	0.212931	35.275
24.50	24.50	0.212948	35.375
24.50	24.50	0.212965	35.475
24.50	24.50	0.212981	35.575
24.50	24.50	0.212998	35.676
24.50	24.50	0.213015	35.775
24.50	24.50	0.213031	35.875
24.48	24.50	0.213048	35.975
24.48	24.50	0.213065	36.075
24.48	24.50	0.213081	36.175
24.48	24.50	0.213098	36.275
24.48	24.50	0.213115	36.376
24.48	24.50	0.213131	36.475
24.48	24.50	0.213148	36.576
24.48	24.50	0.213165	36.675
24.48	24.50	0.213181	36.775
24.50	24.50	0.213198	36.875
24.50	24.50	0.213215	36.975
24.50	24.50	0.213231	37.075
24.50	24.50	0.213248	37.175
24.50	24.50	0.213265	37.276
24.50	24.50	0.213281	37.375
24.50	24.50	0.213298	37.475
24.50	24.50	0.213315	37.575
24.50	24.50	0.213331	37.675
24.50	24.50	0.213348	37.775
24.50	24.50	0.213365	37.875
24.50	24.50	0.213381	37.999
24.50	24.50	0.213398	38.099
24.50	24.50	0.213415	38.203
24.50	24.50	0.213431	38.298
24.50	24.50	0.213448	38.399
24.50	24.50	0.213465	38.502
24.50	24.50	0.213481	38.597
24.50	24.50	0.213498	38.698
24.50	24.50	0.213515	38.801
24.50	24.50	0.213531	38.895
24.50	24.50	0.213548	38.998
24.50	24.50	0.213565	39.100
24.50	24.50	0.213581	39.194
24.50	24.50	0.213598	39.298
24.50	24.50	0.213615	39.398
24.50	24.50	0.213631	39.493
24.50	24.50	0.213648	39.598
24.50	24.50	0.213665	39.698
24.50	24.50	0.213681	39.793
24.53	24.50	0.213698	39.897
24.53	24.50	0.213714	39.997
24.53	24.50	0.213731	40.091
24.53	24.50	0.213748	40.196
24.53	24.50	0.213764	40.295
24.53	24.50	0.213781	40.390
24.50	24.50	0.213798	40.494
24.50	24.50	0.213814	40.594
24.50	24.50	0.213831	40.689
24.50	24.50	0.213848	40.793
24.50	24.50	0.213864	40.888
24.50	24.50	0.213881	40.987
24.50	24.50	0.213898	41.092
24.50	24.50	0.213914	41.186
24.50	24.50	0.213931	41.286
24.50	24.50	0.213948	41.390
24.50	24.50	0.213964	41.485
24.50	24.50	0.213981	41.585
24.50	24.50	0.213998	41.689
24.50	24.50	0.214014	41.784
24.50	24.50	0.214031	41.883
24.50	24.50	0.214048	41.988
24.50	24.50	0.214064	42.082
24.50	24.50	0.214081	42.182
24.50	24.50	0.214098	42.288
24.50	24.50	0.214114	42.381
24.50	24.50	0.214131	42.482
24.50	24.50	0.214148	42.586
24.48	24.50	0.214164	42.681
24.48	24.50	0.214181	42.780
24.48	24.50	0.214198	42.885
24.48	24.50	0.214214	42.979
24.48	24.50	0.214231	43.079
24.48	24.50	0.214248	43.184
24.48	24.50	0.214264	43.278
24.48	24.50	0.214281	43.378
24.50	24.50	0.214298	43.482
24.50	24.50	0.214314	43.577
24.50	24.50	0.214331	43.677
24.50	24.50	0.214348	43.781
24.50	24.50	0.214364	43.878
24.50	24.50	0.214381	43.977
24.50	24.50	0.214398	44.080
24.50	24.50	0.214414	44.177
24.50	24.50	0.214431	44.277
24.50	24.50	0.214448	44.378
24.50	24.50	0.214464	44.477
24.50	24.50	0.214481	44.576
24.50	24.50	0.214498	44.677
24.50	24.50	0.214514	44.778
24.50	24.50	0.214531	44.877
24.50	24.50	0.214547	44.977
24.50	24.50	0.214564	45.077
24.50	24.50	0.214581	45.177
24.50	24.50	0.214597	45.277
24.50	24.50	0.214614	45.377
24.50	24.50	0.214631	45.478
24.50	24.50	0.214647	45.577
24.53	24.50	0.214664	45.678
24.53	24.50	0.214681	45.777
24.53	24.50	0.214697	45.877
24.53	24.50	0.214714	45.977
24.53	24.50	0.214731	46.077
24.53	24.50	0.214747	46.177
24.53	24.50	0.214764	46.277
24.53	24.50	0.214781	46.378
24.53	24.50	0.214797	46.477
24.50	24.50	0.214814	46.578
24.50	24.50	0.214831	46.677
24.50	24.50	0.214847	46.777
24.50	24.50	0.214864	46.877
24.50	24.50	0.214881	46.977
24.50	24.50	0.214897	47.077
24.50	24.50	0.214914	47.177
24.50	24.50	0.214931	47.278
24.50	24.50	0.214947	47.377
24.50	24.50	0.214964	47.477
24.50	24.50	0.214981	47.577
24.50	24.50	0.214997	47.677
24.48	24.50	0.215014	47.777
24.48	24.50	0.215031	47.877
24.48	24.50	0.215047	47.978
24.48	24.50	0.215064	48.077
24.48	24.50	0.215081	48.178
24.48	24.50	0.215097	48.277
24.48	24.50	0.215114	48.377
24.48	24.50	0.215131	48.477
24.48	24.50	0.215147	48.577
24.50	24.50	0.215164	48.677
24.50	24.50	0.215181	48.777
24.50	24.50	0.215197	48.878
24.50	24.50	0.215214	48.977
24.50	24.50	0.215231	49.078
24.50	24.50	0.215247	49.177
24.50	24.50	0.215264	49.277
24.50	24.50	0.215281	49.377
24.50	24.50	0.215297	49.477
24.50	24.50	0.215314	49.577
24.50	24.50	0.215331	49.677
24.50	24.50	0.215347	49.778
24.50	24.50	0.215364	49.877
24.50	24.50	0.215380	49.977
24.50	24.50	0.215397	50.101
24.50	24.50	0.215414	50.206
24.50	24.50	0.215430	50.300
24.50	24.50	0.215447	50.400
24.50	24.50	0.215464	50.504
24.50	24.50	0.215480	50.599
24.50	24.50	0.215497	50.699
24.50	24.50	0.215514	50.803
24.50	24.50	0.215530	50.898
24.50	24.50	0.215547	50.997
24.50	24.50	0.215564	51.102
24.50	24.50	0.215580	51.196
24.50	24.50	0.215597	51.296
24.50	24.50	0.215614	51.400
24.50	24.50	0.215630	51.495
24.50	24.50	0.215647	51.595
24.50	24.50	0.215664	51.699
24.50	24.50	0.215680	51.794
24.50	24.50	0.215697	51.895
24.50	24.50	0.215714	51.998
24.50	24.50	0.215730	52.092
24.50	24.50	0.215747	52.195
24.50	24.50	0.215764	52.297
24.50	24.50	0.215780	52.391
24.50	24.50	0.215797	52.495
24.50	24.50	0.215814	52.595
24.50	24.50	0.215830	52.690
24.50	24.50	0.215847	52.794
24.50	24.50	0.215864	52.895
24.50	24.50	0.215880	52.989
24.50	24.50	0.215897	53.094
24.50	24.50	0.215914	53.194
24.50	24.50	0.215930	53.288
24.50	24.50	0.215947	53.393
24.50	24.50	0.215964	53.492
24.50	24.50	0.215980	53.587
24.50	24.50	0.215997	53.691
24.50	24.50	0.216014	53.791
24.50	24.50	0.216030	53.886
24.50	24.50	0.216047	53.990
24.50	24.50	0.216064	54.085
24.50	24.50	0.216080	54.184
24.50	24.50	0.216097	54.289
24.50	24.50	0.216114	54.383
24.50	24.50	0.216130	54.483
24.50	24.50	0.216147	54.587
24.50	24.50	0.216164	54.682
24.50	24.50	0.216180	54.782
24.50	24.50	0.216197	54.886
24.50	24.50	0.216213	54.981
24.50	24.50	0.216230	55.080
24.50	24.50	0.216247	55.185
24.50	24.50	0.216263	55.279
24.50	24.50	0.216280	55.379
24.50	24.50	0.216297	55.484
24.50	24.50	0.216313	55.579
24.53	24.50	0.216330	55.679
24.53	24.50	0.216347	55.783
24.53	24.50	0.216363	55.878
24.53	24.50	0.216380	55.978
24.53	24.50	0.216397	56.082
24.50	24.50	0.216413	56.178
24.50	24.50	0.216430	56.278
24.50	24.50	0.216447	56.381
24.50	24.50	0.216463	56.478
24.50	24.50	0.216480	56.578
24.50	24.50	0.216497	56.679
24.50	24.50	0.216513	56.779
24.50	24.50	0.216530	56.879
24.50	24.50	0.216547	56.979
24.50	24.50	0.216563	57.079
24.50	24.50	0.216580	57.179
24.50	24.50	0.216597	57.280
24.50	24.50	0.216613	57.379
24.50	24.50	0.216630	57.479
24.50	24.50	0.216647	57.579
24.50	24.50	0.216663	57.679
24.50	24.50	0.216680	57.779
24.50	24.50	0.216697	57.879
24.50	24.50	0.216713	57.980
24.50	24.50	0.216730	58.079
24.50	24.50	0.216747	58.180
24.50	24.50	0.216763	58.279
24.50	24.50	0.216780	58.379
24.50	24.50	0.216797	58.479
24.50	24.50	0.216813	58.579
24.50	24.50	0.216830	58.679
24.50	24.50	0.216847	58.779
24.50	24.50	0.216863	58.880
24.50	24.50	0.216880	58.979
24.50	24.50	0.216897	59.079
24.50	24.50	0.216913	59.179
24.50	24.50	0.216930	59.279
24.50	24.50	0.216947	59.379
24.50	24.50	0.216963	59.479
24.50	24.50	0.216980	59.579
24.50	24.50	0.216997	59.679
24.50	24.50	0.217013	59.780
24.50	24.50	0.217030	59.879
24.50	24.50	0.217046	59.979
24.50	24.50	0.217063	00.079
24.50	24.50	0.217080	00.179
24.50	24.50	0.217096	00.279
24.50	24.50	0.217113	00.379
24.50	24.50	0.217130	00.480
24.50	24.50	0.217146	00.579
24.50	24.50	0.217163	00.679
24.50	24.50	0.217180	00.779
24.50	24.50	0.217196	00.879
24.50	24.50	0.217213	00.979
24.50	24.50	0.217230	01.079
24.50	24.50	0.217246	01.179
24.50	24.50	0.217263	01.279
24.50	24.50	0.217280	01.381
24.50	24.50	0.217296	01.480
24.50	24.50	0.217313	01.580
24.50	24.50	0.217330	01.679
24.50	24.50	0.217346	01.779
24.50	24.50	0.217363	01.908
24.50	24.50	0.217380	02.008
24.50	24.50	0.217396	02.102
24.50	24.50	0.217413	02.207
24.50	24.50	0.217430	02.302
24.50	24.50	0.217446	02.401
24.50	24.50	0.217463	02.506
24.50	24.50	0.217480	02.600
24.50	24.50	0.217496	02.701
24.50	24.50	0.217513	02.805
24.50	24.50	0.217530	02.900
24.50	24.50	0.217546	02.999
24.50	24.50	0.217563	03.104
24.50	24.50	0.217580	03.199
24.50	24.50	0.217596	03.298
24.50	24.50	0.217613	03.403
24.50	24.50	0.217630	03.497
24.50	24.50	0.217646	03.597
24.50	24.50	0.217663	03.701
24.50	24.50	0.217680	03.796
24.50	24.50	0.217696	03.896
24.50	24.50	0.217713	04.000
24.50	24.50	0.217730	04.095
24.50	24.50	0.217746	04.194
24.50	24.50	0.217763	04.299
24.50	24.50	0.217780	04.393
24.50	24.50	0.217796	04.493
24.50	24.50	0.217813	04.597
24.50	24.50	0.217830	04.692
24.50	24.50	0.217846	04.792
24.50	24.50	0.217863	04.896
24.53	24.50	0.217879	04.992
24.53	24.50	0.217896	05.091
24.53	24.50	0.217913	05.196
24.53	24.50	0.217929	05.290
24.53	24.50	0.217946	05.392
24.53	24.50	0.217963	05.494
24.53	24.50	0.217979	05.589
24.50	24.50	0.217996	05.692
24.50	24.50	0.218013	05.793
24.50	24.50	0.218029	05.888
24.50	24.50	0.218046	05.991
24.50	24.50	0.218063	06.092
24.50	24.50	0.218079	06.186
24.50	24.50	0.218096	06.291
24.50	24.50	0.218113	06.391
24.50	24.50	0.218129	06.485
24.50	24.50	0.218146	06.590
24.50	24.50	0.218163	06.689
24.50	24.50	0.218179	06.784
24.50	24.50	0.218196	06.888
24.50	24.50	0.218213	06.988
24.50	24.50	0.218229	07.083
24.50	24.50	0.218246	07.187
24.50	24.50	0.218263	07.287
24.50	24.50	0.218279	07.381
24.50	24.50	0.218296	07.486
24.50	24.50	0.218313	07.581
24.48	24.50	0.218329	07.681
24.48	24.50	0.218346	07.784
24.48	24.50	0.218363	07.881
24.48	24.50	0.218379	07.982
24.48	24.50	0.218396	08.083
24.48	24.50	0.218413	08.181
24.48	24.50	0.218429	08.281
24.48	24.50	0.218446	08.383
24.48	24.50	0.218463	08.486
24.50	24.50	0.218479	08.581
24.50	24.50	0.218496	08.681
24.50	24.50	0.218513	08.781
24.50	24.50	0.218529	08.882
24.50	24.50	0.218546	08.981
24.50	24.50	0.218563	09.081
24.50	24.50	0.218579	09.181
24.50	24.50	0.218596	09.281
24.50	24.50	0.218613	09.385
24.50	24.50	0.218629	09.481
24.50	24.50	0.218646	09.582
24.50	24.50	0.218663	09.686
24.50	24.50	0.218679	09.782
24.50	24.50	0.218696	09.881
24.50	24.50	0.218712	09.981
24.50	24.50	0.218729	10.081
24.50	24.50	0.218746	10.181
24.50	24.50	0.218762	10.285
24.50	24.50	0.218779	10.381
24.50	24.50	0.218796	10.483
24.50	24.50	0.218812	10.585
24.50	24.50	0.218829	10.682
24.50	24.50	0.218846	10.782
24.50	24.50	0.218862	10.886
24.50	24.50	0.218879	10.982
24.50	24.50	0.218896	11.082
24.50	24.50	0.218912	11.185
24.50	24.50	0.218929	11.282
24.50	24.50	0.218946	11.383
24.50	24.50	0.218962	11.485
24.50	24.50	0.218979	11.581
24.50	24.50	0.218996	11.682
24.50	24.50	0.219012	11.785
24.50	24.50	0.219029	11.882
24.50	24.50	0.219046	11.982
24.50	24.50	0.219062	12.086
24.50	24.50	0.219079	12.182
24.50	24.50	0.219096	12.283
24.50	24.50	0.219112	12.385
24.50	24.50	0.219129	12.482
24.50	24.50	0.219146	12.582
24.50	24.50	0.219162	12.685
24.50	24.50	0.219179	12.782
24.50	24.50	0.219196	12.882
24.50	24.50	0.219212	12.985
24.50	24.50	0.219229	13.082
24.50	24.50	0.219246	13.182
24.50	24.50	0.219262	13.285
24.50	24.50	0.219279	13.383
24.50	24.50	0.219296	13.507
24.50	24.50	0.219312	13.585
24.50	24.50	0.219329	13.711
24.50	24.50	0.219346	13.806
24.50	24.50	0.219362	13.885
24.50	24.50	0.219379	14.010
24.50	24.50	0.219396	14.105
24.53	24.50	0.219412	14.184
24.53	24.50	0.219429	14.309
24.53	24.50	0.219446	14.403
24.53	24.50	0.219462	14.508
24.53	24.50	0.219479	14.607
24.53	24.50	0.219496	14.702
24.50	24.50	0.219512	14.807
24.50	24.50	0.219529	14.906
24.50	24.50	0.219545	15.001
24.50	24.50	0.219562	15.105
24.50	24.50	0.219579	15.205
24.50	24.50	0.219595	15.299
24.50	24.50	0.219612	15.404
24.50	24.50	0.219629	15.499
24.50	24.50	0.219645	15.598
24.50	24.50	0.219662	15.704
24.50	24.50	0.219679	15.797
24.50	24.50	0.219695	15.898
24.50	24.50	0.219712	16.002
24.50	24.50	0.219729	16.097
24.50	24.50	0.219745	16.196
24.50	24.50	0.219762	16.301
24.50	24.50	0.219779	16.396
24.50	24.50	0.219795	16.495
24.50	24.50	0.219812	16.600
24.50	24.50	0.219829	16.694
24.48	24.50	0.219845	16.794
24.48	24.50	0.219862	16.898
24.48	24.50	0.219879	16.993
24.48	24.50	0.219895	17.093
24.48	24.50	0.219912	17.197
24.48	24.50	0.219929	17.292
24.48	24.50	0.219945	17.391
24.48	24.50	0.219962	17.496
24.50	24.50	0.219979	17.590
24.50	24.50	0.219995	17.690
24.50	24.50	0.220012	17.794
24.50	24.50	0.220029	17.889
24.50	24.50	0.220045	17.989
24.50	24.50	0.220062	18.093
24.50	24.50	0.220079	18.188
24.50	24.50	0.220095	18.288
24.50	24.50	0.220112	18.393
24.50	24.50	0.220129	18.487
24.50	24.50	0.220145	18.588
24.50	24.50	0.220162	18.691
24.50	24.50	0.220179	18.786
24.50	24.50	0.220195	18.888
24.50	24.50	0.220212	18.990
24.50	24.50	0.220229	19.085
24.50	24.50	0.220245	19.187
24.50	24.50	0.220262	19.289
24.50	24.50	0.220279	19.384
24.50	24.50	0.220295	19.487
24.50	24.50	0.220312	19.588
24.50	24.50	0.220329	19.684
24.50	24.50	0.220345	19.787
24.50	24.50	0.220362	19.886
24.50	24.50	0.220378	19.984
24.50	24.50	0.220395	20.085
24.50	24.50	0.220412	20.185
24.50	24.50	0.220428	20.284
24.50	24.50	0.220445	20.384
24.50	24.50	0.220462	20.485
24.50	24.50	0.220478	20.584
24.50	24.50	0.220495	20.684
24.50	24.50	0.220512	20.784
24.50	24.50	0.220528	20.884
24.50	24.50	0.220545	20.984
24.50	24.50	0.220562	21.084
24.50	24.50	0.220578	21.185
24.50	24.50	0.220595	21.284
24.50	24.50	0.220612	21.385
24.50	24.50	0.220628	21.484
24.50	24.50	0.220645	21.584
24.53	24.50	0.220662	21.684
24.53	24.50	0.220678	21.784
24.53	24.50	0.220695	21.884
24.53	24.50	0.220712	21.984
24.53	24.50	0.220728	22.085
24.53	24.50	0.220745	22.184
24.53	24.50	0.220762	22.285
24.53	24.50	0.220778	22.384
24.50	24.50	0.220795	22.484
24.50	24.50	0.220812	22.584
24.50	24.50	0.220828	22.684
24.50	24.50	0.220845	22.784
24.50	24.50	0.220862	22.884
24.50	24.50	0.220878	22.985
24.50	24.50	0.220895	23.084
24.50	24.50	0.220912	23.184
24.50	24.50	0.220928	23.284
24.50	24.50	0.220945	23.384
24.50	24.50	0.220962	23.484
24.50	24.50	0.220978	23.584
24.50	24.50	0.220995	23.685
24.50	24.50	0.221012	23.784
24.50	24.50	0.221028	23.885
24.50	24.50	0.221045	23.984
24.50	24.50	0.221062	24.084
24.50	24.50	0.221078	24.184
24.50	24.50	0.221095	24.284
24.50	24.50	0.221112	24.384
24.50	24.50	0.221128	24.484
24.50	24.50	0.221145	24.585
24.50	24.50	0.221162	24.684
24.50	24.50	0.221178	24.785
24.50	24.50	0.221195	24.884
24.50	24.50	0.221211	24.984
24.50	24.50	0.221228	25.084
24.50	24.50	0.221245	25.184
24.50	24.50	0.221261	25.284
24.50	24.50	0.221278	25.384
24.50	24.50	0.221295	25.508
24.50	24.50	0.221311	25.608
24.50	24.50	0.221328	25.684
24.50	24.50	0.221345	25.808
24.50	24.50	0.221361	25.907
24.50	24.50	0.221378	26.012
24.50	24.50	0.221395	26.107
24.50	24.50	0.221411	26.206
24.50	24.50	0.221428	26.311
24.48	24.50	0.221445	26.406
24.48	24.50	0.221461	26.506
24.48	24.50	0.221478	26.610
24.48	24.50	0.221495	26.704
24.48	24.50	0.221511	26.806
24.48	24.50	0.221528	26.908
24.48	24.50	0.221545	27.003
24.48	24.50	0.221561	27.105
24.50	24.50	0.221578	27.207
24.50	24.50	0.221595	27.302
24.50	24.50	0.221611	27.405
24.50	24.50	0.221628	27.506
24.50	24.50	0.221645	27.600
24.50	24.50	0.221661	27.705
24.50	24.50	0.221678	27.804
24.50	24.50	0.221695	27.899
24.50	24.50	0.221711	28.004
24.50	24.50	0.221728	28.103
24.50	24.50	0.221745	28.198
24.50	24.50	0.221761	28.302
24.50	24.50	0.221778	28.402
24.50	24.50	0.221795	28.496
24.50	24.50	0.221811	28.601
24.50	24.50	0.221828	28.700
24.50	24.50	0.221845	28.795
24.50	24.50	0.221861	28.901
24.50	24.50	0.221878	28.995
24.50	24.50	0.221895	29.094
24.50	24.50	0.221911	29.199
24.50	24.50	0.221928	29.293
24.50	24.50	0.221945	29.393
24.50	24.50	0.221961	29.497
24.50	24.50	0.221978	29.592
24.50	24.50	0.221995	29.692
24.50	24.50	0.222011	29.796
24.50	24.50	0.222028	29.891
24.50	24.50	0.222044	29.990
24.50	24.50	0.222061	30.095
24.50	24.50	0.222078	30.189
24.50	24.50	0.222094	30.289
24.50	24.50	0.222111	30.394
24.50	24.50	0.222128	30.489
24.50	24.50	0.222144	30.589
24.50	24.50	0.222161	30.693
24.50	24.50	0.222178	30.788
24.50	24.50	0.222194	30.887
24.50	24.50	0.222211	30.992
24.53	24.50	0.222228	31.087
24.53	24.50	0.222244	31.186
24.53	24.50	0.222261	31.291
24.53	24.50	0.222278	31.385
24.53	24.50	0.222294	31.485
24.53	24.50	0.222311	31.589
24.53	24.50	0.222328	31.684
24.50	24.50	0.222344	31.784
24.50	24.50	0.222361	31.888
24.50	24.50	0.222378	31.985
24.50	24.50	0.222394	32.084
24.50	24.50	0.222411	32.187
24.50	24.50	0.222428	32.284
24.50	24.50	0.222444	32.384
24.50	24.50	0.222461	32.485
24.50	24.50	0.222478	32.584
24.50	24.50	0.222494	32.684
24.50	24.50	0.222511	32.784
24.50	24.50	0.222528	32.885
24.50	24.50	0.222544	32.984
24.50	24.50	0.222561	33.084
24.50	24.50	0.222578	33.184
24.50	24.50	0.222594	33.284
24.50	24.50	0.222611	33.384
24.50	24.50	0.222628	33.484
24.50	24.50	0.222644	33.585
24.50	24.50	0.222661	33.684
24.50	24.50	0.222678	33.785
24.50	24.50	0.222694	33.884
24.50	24.50	0.222711	33.984
24.50	24.50	0.222728	34.084
24.50	24.50	0.222744	34.184
24.50	24.50	0.222761	34.284
24.50	24.50	0.222778	34.384
24.50	24.50	0.222794	34.485
24.50	24.50	0.222811	34.584
24.48	24.50	0.222828	34.685
24.48	24.50	0.222844	34.784
24.48	24.50	0.222861	34.884
24.48	24.50	0.222877	34.984
24.48	24.50	0.222894	35.084
24.48	24.50	0.222911	35.184
24.50	24.50	0.222927	35.284
24.50	24.50	0.222944	35.385
24.50	24.50	0.222961	35.484
24.50	24.50	0.222977	35.583
24.50	24.50	0.222994	35.684
24.50	24.50	0.223011	35.784
24.50	24.50	0.223027	35.884
24.50	24.50	0.223044	35.984
24.50	24.50	0.223061	36.085
24.50	24.50	0.223077	36.184
24.50	24.50	0.223094	36.285
24.50	24.50	0.223111	36.384
24.50	24.50	0.223127	36.484
24.50	24.50	0.223144	36.584
24.50	24.50	0.223161	36.684
24.50	24.50	0.223177	36.784
24.50	24.50	0.223194	36.884
24.50	24.50	0.223211	36.985
24.50	24.50	0.223227	37.084
24.50	24.50	0.223244	37.184
24.50	24.50	0.223261	37.284
24.50	24.50	0.223277	37.384
24.50	24.50	0.223294	37.484
24.50	24.50	0.223311	37.584
24.50	24.50	0.223327	37.685
24.50	24.50	0.223344	37.784
24.50	24.50	0.223361	37.885
24.53	24.50	0.223377	37.984
24.53	24.50	0.223394	38.084
24.53	24.50	0.223411	38.208
24.53	24.50	0.223427	38.313
24.53	24.50	0.223444	38.407
24.53	24.50	0.223461	38.507
24.53	24.50	0.223477	38.611
24.50	24.50	0.223494	38.706
24.50	24.50	0.223511	38.806
24.50	24.50	0.223527	38.910
24.50	24.50	0.223544	39.005
24.50	24.50	0.223561	39.104
24.50	24.50	0.223577	39.209
24.50	24.50	0.223594	39.303
24.50	24.50	0.223611	39.403
24.50	24.50	0.223627	39.508
24.50	24.50	0.223644	39.602
24.50	24.50	0.223661	39.703
24.50	24.50	0.223677	39.806
24.50	24.50	0.223694	39.901
24.48	24.50	0.223710	40.002
24.48	24.50	0.223727	40.105
24.48	24.50	0.223744	40.199
24.48	24.50	0.223760	40.302
24.48	24.50	0.223777	40.405
24.48	24.50	0.223794	40.499
24.48	24.50	0.223810	40.602
24.48	24.50	0.223827	40.702
24.48	24.50	0.223844	40.798
24.48	24.50	0.223860	40.901
24.48	24.50	0.223877	41.002
24.48	24.50	0.223894	41.097
24.48	24.50	0.223910	41.201
24.50	24.50	0.223927	41.301
24.50	24.50	0.223944	41.395
24.50	24.50	0.223960	41.500
24.50	24.50	0.223977	41.599
24.50	24.50	0.223994	41.694
24.50	24.50	0.224010	41.798
24.50	24.50	0.224027	41.898
24.50	24.50	0.224044	41.993
24.50	24.50	0.224060	42.097
24.50	24.50	0.224077	42.197
24.50	24.50	0.224094	42.291
24.50	24.50	0.224110	42.396
24.50	24.50	0.224127	42.490
24.50	24.50	0.224144	42.590
24.50	24.50	0.224160	42.695
24.50	24.50	0.224177	42.789
24.50	24.50	0.224194	42.889
24.50	24.50	0.224210	42.993
24.50	24.50	0.224227	43.088
24.50	24.50	0.224244	43.187
24.50	24.50	0.224260	43.292
24.53	24.50	0.224277	43.387
24.53	24.50	0.224294	43.487
24.53	24.50	0.224310	43.592
24.53	24.50	0.224327	43.686
24.53	24.50	0.224344	43.786
24.53	24.50	0.224360	43.890
24.53	24.50	0.224377	43.986
24.50	24.50	0.224394	44.086
24.50	24.50	0.224410	44.189
24.50	24.50	0.224427	44.287
24.50	24.50	0.224444	44.386
24.50	24.50	0.224460	44.488
24.50	24.50	0.224477	44.586
24.50	24.50	0.224494	44.686
24.50	24.50	0.224510	44.786
24.50	24.50	0.224527	44.886
24.50	24.50	0.224543	44.986
24.50	24.50	0.224560	45.086
24.50	24.50	0.224577	45.187
24.50	24.50	0.224593	45.286
24.50	24.50	0.224610	45.386
24.50	24.50	0.224627	45.486
24.50	24.50	0.224643	45.586
24.50	24.50	0.224660	45.686
24.50	24.50	0.224677	45.786
24.50	24.50	0.224693	45.886
24.50	24.50	0.224710	45.986
24.50	24.50	0.224727	46.087
24.50	24.50	0.224743	46.186
24.50	24.50	0.224760	46.286
24.50	24.50	0.224777	46.386
24.50	24.50	0.224793	46.486
24.50	24.50	0.224810	46.586
24.50	24.50	0.224827	46.686
24.50	24.50	0.224843	46.787
24.50	24.50	0.224860	46.886
24.50	24.50	0.224877	46.987
24.50	24.50	0.224893	47.086
24.50	24.50	0.224910	47.186
24.50	24.50	0.224927	47.286
24.50	24.50	0.224943	47.386
24.50	24.50	0.224960	47.486
24.50	24.50	0.224977	47.586
24.50	24.50	0.224993	47.687
24.50	24.50	0.225010	47.786
24.50	24.50	0.225027	47.886
24.50	24.50	0.225043	47.986
24.50	24.50	0.225060	48.086
24.50	24.50	0.225077	48.186
24.50	24.50	0.225093	48.286
24.50	24.50	0.225110	48.386
24.50	24.50	0.225127	48.486
24.50	24.50	0.225143	48.587
24.50	24.50	0.225160	48.686
24.50	24.50	0.225177	48.786
24.50	24.50	0.225193	48.886
24.50	24.50	0.225210	48.986
24.50	24.50	0.225227	49.086
24.50	24.50	0.225243	49.186
24.50	24.50	0.225260	49.287
24.50	24.50	0.225277	49.386
24.50	24.50	0.225293	49.487
24.50	24.50	0.225310	49.587
24.50	24.50	0.225327	49.687
24.50	24.50	0.225343	49.786
24.50	24.50	0.225360	49.886
24.50	24.50	0.225376	50.015
24.50	24.50	0.225393	50.115
24.48	24.50	0.225410	50.209
24.48	24.50	0.225426	50.314
24.48	24.50	0.225443	50.409
24.48	24.50	0.225460	50.508
24.50	24.50	0.225476	50.613
24.50	24.50	0.225493	50.708
24.50	24.50	0.225510	50.808
24.50	24.50	0.225526	50.912
24.50	24.50	0.225543	51.007
24.50	24.50	0.225560	51.107
24.50	24.50	0.225576	51.211
24.50	24.50	0.225593	51.306
24.50	24.50	0.225610	51.405
24.50	24.50	0.225626	51.510
24.50	24.50	0.225643	51.604
24.50	24.50	0.225660	51.704
24.50	24.50	0.225676	51.808
24.50	24.50	0.225693	51.903
24.50	24.50	0.225710	52.003
24.50	24.50	0.225726	52.107
24.50	24.50	0.225743	52.202
24.50	24.50	0.225760	52.301
24.50	24.50	0.225776	52.406
24.50	24.50	0.225793	52.500
24.50	24.50	0.225810	52.600
24.50	24.50	0.225826	52.705
24.50	24.50	0.225843	52.799
24.50	24.50	0.225860	52.899
24.50	24.50	0.225876	53.003
24.50	24.50	0.225893	53.098
24.50	24.50	0.225910	53.198
24.50	24.50	0.225926	53.302
24.50	24.50	0.225943	53.396
24.50	24.50	0.225960	53.498
24.50	24.50	0.225976	53.601
24.50	24.50	0.225993	53.695
24.50	24.50	0.226010	53.799
24.50	24.50	0.226026	53.900
24.50	24.50	0.226043	53.995
24.50	24.50	0.226060	54.098
24.50	24.50	0.226076	54.199
24.50	24.50	0.226093	54.294
24.50	24.50	0.226110	54.398
24.50	24.50	0.226126	54.498
24.50	24.50	0.226143	54.592
24.50	24.50	0.226160	54.697
24.50	24.50	0.226176	54.796
24.50	24.50	0.226193	54.891
24.50	24.50	0.226209	54.995
24.53	24.50	0.226226	55.095
24.53	24.50	0.226243	55.190
24.53	24.50	0.226259	55.294
24.53	24.50	0.226276	55.394
24.53	24.50	0.226293	55.488
24.50	24.50	0.226309	55.593
24.50	24.50	0.226326	55.688
24.50	24.50	0.226343	55.788
24.50	24.50	0.226359	55.891
24.50	24.50	0.226376	55.988
24.50	24.50	0.226393	56.089
24.50	24.50	0.226409	56.190
24.50	24.50	0.226426	56.288
24.50	24.50	0.226443	56.388
24.50	24.50	0.226459	56.490
24.50	24.50	0.226476	56.588
24.50	24.50	0.226493	56.688
24.50	24.50	0.226509	56.789
24.50	24.50	0.226526	56.888
24.50	24.50	0.226543	56.989
24.50	24.50	0.226559	57.088
24.50	24.50	0.226576	57.188
24.50	24.50	0.226593	57.288
24.50	24.50	0.226609	57.388
24.50	24.50	0.226626	57.493
24.50	24.50	0.226643	57.588
24.50	24.50	0.226659	57.689
24.50	24.50	0.226676	57.788
24.50	24.50	0.226693	57.888
24.50	24.50	0.226709	57.988
24.50	24.50	0.226726	58.088
24.50	24.50	0.226743	58.188
24.50	24.50	0.226759	58.288
24.50	24.50	0.226776	58.392
24.50	24.50	0.226793	58.488
24.50	24.50	0.226809	58.589
24.50	24.50	0.226826	58.693
24.50	24.50	0.226843	58.788
24.50	24.50	0.226859	58.888
24.50	24.50	0.226876	58.988
24.50	24.50	0.226893	59.088
24.50	24.50	0.226909	59.188
24.50	24.50	0.226926	59.293
24.50	24.50	0.226943	59.388
24.50	24.50	0.226959	59.488
24.50	24.50	0.226976	59.592
24.50	24.50	0.226993	59.688
24.50	24.50	0.227009	59.788
24.50	24.50	0.227026	59.893
24.50	24.50	0.227042	59.988
24.50	24.50	0.227059	00.088
24.50	24.50	0.227076	00.193
24.50	24.50	0.227092	00.288
24.50	24.50	0.227109	00.387
24.50	24.50	0.227126	00.492
24.50	24.50	0.227142	00.588
24.50	24.50	0.227159	00.688
24.50	24.50	0.227176	00.792
24.50	24.50	0.227192	00.889
24.50	24.50	0.227209	00.988
24.50	24.50	0.227226	01.093
24.50	24.50	0.227242	01.188
24.50	24.50	0.227259	01.289
24.50	24.50	0.227276	01.392
24.50	24.50	0.227292	01.489
24.50	24.50	0.227309	01.589
24.50	24.50	0.227326	01.692
24.50	24.50	0.227342	01.818
24.50	24.50	0.227359	01.913
24.50	24.50	0.227376	01.992
24.50	24.50	0.227392	02.117
24.50	24.50	0.227409	02.212
24.50	24.50	0.227426	02.316
24.50	24.50	0.227442	02.416
24.50	24.50	0.227459	02.510
24.50	24.50	0.227476	02.615
24.50	24.50	0.227492	02.715
24.50	24.50	0.227509	02.809
24.50	24.50	0.227526	02.914
24.50	24.50	0.227542	03.013
24.50	24.50	0.227559	03.108
24.50	24.50	0.227576	03.212
24.50	24.50	0.227592	03.312
24.50	24.50	0.227609	03.407
24.50	24.50	0.227626	03.511
24.50	24.50	0.227642	03.606
24.50	24.50	0.227659	03.705
24.50	24.50	0.227676	03.810
24.50	24.50	0.227692	03.904
24.50	24.50	0.227709	04.004
24.50	24.50	0.227726	04.109
24.50	24.50	0.227742	04.204
24.50	24.50	0.227759	04.304
24.50	24.50	0.227776	04.408
24.50	24.50	0.227792	04.503
24.50	24.50	0.227809	04.602
24.50	24.50	0.227826	04.707
24.50	24.50	0.227842	04.801
24.50	24.50	0.227859	04.901
24.50	24.50	0.227875	05.005
24.50	24.50	0.227892	05.100
24.50	24.50	0.227909	05.200
24.50	24.50	0.227925	05.304
24.50	24.50	0.227942	05.399
24.50	24.50	0.227959	05.498
24.50	24.50	0.227975	05.603
24.50	24.50	0.227992	05.697
24.50	24.50	0.228009	05.797
24.50	24.50	0.228025	05.902
24.50	24.50	0.228042	05.996
24.50	24.50	0.228059	06.096
24.50	24.50	0.228075	06.200
24.50	24.50	0.228092	06.295
24.50	24.50	0.228109	06.395
24.50	24.50	0.228125	06.499
24.50	24.50	0.228142	06.594
24.50	24.50	0.228159	06.695
24.50	24.50	0.228175	06.799
24.50	24.50	0.228192	06.893
24.50	24.50	0.228209	06.995
24.50	24.50	0.228225	07.097
24.50	24.50	0.228242	07.192
24.50	24.50	0.228259	07.295
24.50	24.50	0.228275	07.396
24.50	24.50	0.228292	07.491
24.50	24.50	0.228309	07.595
24.50	24.50	0.228325	07.695
24.50	24.50	0.228342	07.789
24.50	24.50	0.228359	07.894
24.50	24.50	0.228375	07.993
24.50	24.50	0.228392	08.090
24.50	24.50	0.228409	08.192
24.50	24.50	0.228425	08.292
24.50	24.50	0.228442	08.391
24.50	24.50	0.228459	08.491
24.50	24.50	0.228475	08.591
24.50	24.50	0.228492	08.690
24.50	24.50	0.228509	08.790
24.50	24.50	0.228525	08.890
24.50	24.50	0.228542	08.990
24.50	24.50	0.228559	09.091
24.50	24.50	0.228575	09.190
24.50	24.50	0.228592	09.291
24.50	24.50	0.228609	09.390
24.50	24.50	0.228625	09.490
24.50	24.50	0.228642	09.590
24.50	24.50	0.228659	09.690
24.50	24.50	0.228675	09.790
24.50	24.50	0.228692	09.890
24.50	24.50	0.228708	09.991
24.50	24.50	0.228725	10.090
24.50	24.50	0.228742	10.190
24.50	24.50	0.228758	10.290
24.50	24.50	0.228775	10.390
24.50	24.50	0.228792	10.490
24.50	24.50	0.228808	10.590
24.50	24.50	0.228825	10.691
24.50	24.50	0.228842	10.790
24.50	24.50	0.228858	10.891
24.50	24.50	0.228875	10.990
24.50	24.50	0.228892	11.090
24.50	24.50	0.228908	11.190
24.50	24.50	0.228925	11.290
24.50	24.50	0.228942	11.390
24.50	24.50	0.228958	11.490
24.50	24.50	0.228975	11.591
24.50	24.50	0.228992	11.690
24.50	24.50	0.229008	11.790
24.50	24.50	0.229025	11.890
24.50	24.50	0.229042	11.990
24.50	24.50	0.229058	12.090
24.50	24.50	0.229075	12.190
24.50	24.50	0.229092	12.290
24.50	24.50	0.229108	12.390
24.50	24.50	0.229125	12.491
24.50	24.50	0.229142	12.590
24.50	24.50	0.229158	12.690
24.50	24.50	0.229175	12.790
24.50	24.50	0.229192	12.890
24.50	24.50	0.229208	12.990
24.50	24.50	0.229225	13.090
24.50	24.50	0.229242	13.191
24.50	24.50	0.229258	13.290
24.50	24.50	0.229275	13.391
24.50	24.50	0.229292	13.490
24.50	24.50	0.229308	13.590
24.50	24.50	0.229325	13.690
24.50	24.50	0.229342	13.790
24.50	24.50	0.229358	13.890
24.50	24.50	0.229375	13.990
24.53	24.50	0.229392	14.119
24.53	24.50	0.229408	14.214
24.53	24.50	0.229425	14.289
24.53	24.50	0.229442	14.418
24.53	24.50	0.229458	14.513
24.53	24.50	0.229475	14.613
24.50	24.50	0.229492	14.717
24.50	24.50	0.229508	14.811
24.50	24.50	0.229525	14.913
24.50	24.50	0.229541	15.016
24.50	24.50	0.229558	15.110
24.50	24.50	0.229575	15.214
24.50	24.50	0.229591	15.314
24.50	24.50	0.229608	15.409
24.50	24.50	0.229625	15.513
24.50	24.50	0.229641	15.613
24.50	24.50	0.229658	15.707
24.50	24.50	0.229675	15.812
24.50	24.50	0.229691	15.912
24.50	24.50	0.229708	16.006
24.50	24.50	0.229725	16.111
24.48	24.50	0.229741	16.210
24.48	24.50	0.229758	16.305
24.48	24.50	0.229775	16.409
24.48	24.50	0.229791	16.509
24.48	24.50	0.229808	16.604
24.48	24.50	0.229825	16.708
24.48	24.50	0.229841	16.803
24.48	24.50	0.229858	16.902
24.48	24.50	0.229875	17.008
24.48	24.50	0.229891	17.101
24.50	24.50	0.229908	17.202
24.50	24.50	0.229925	17.306
24.50	24.50	0.229941	17.401
24.50	24.50	0.229958	17.501
24.50	24.50	0.229975	17.605
24.50	24.50	0.229991	17.700
24.50	24.50	0.230008	17.799
24.50	24.50	0.230025	17.904
24.50	24.50	0.230041	17.998
24.50	24.50	0.230058	18.098
24.50	24.50	0.230075	18.203
24.50	24.50	0.230091	18.297
24.50	24.50	0.230108	18.397
24.50	24.50	0.230125	18.501
24.50	24.50	0.230141	18.596
24.50	24.50	0.230158	18.695
24.50	24.50	0.230175	18.800
24.50	24.50	0.230191	18.894
24.50	24.50	0.230208	18.994
24.50	24.50	0.230225	19.099
24.50	24.50	0.230241	19.193
24.50	24.50	0.230258	19.293
24.50	24.50	0.230275	19.397
24.50	24.50	0.230291	19.492
24.50	24.50	0.230308	19.592
24.50	24.50	0.230325	19.696
24.50	24.50	0.230341	19.792
24.50	24.50	0.230358	19.892
24.50	24.50	0.230374	19.996
24.50	24.50	0.230391	20.091
24.50	24.50	0.230408	20.192
24.50	24.50	0.230424	20.294
24.50	24.50	0.230441	20.391
24.50	24.50	0.230458	20.491
24.50	24.50	0.230474	20.593
24.50	24.50	0.230491	20.692
24.50	24.50	0.230508	20.792
24.50	24.50	0.230524	20.892
24.50	24.50	0.230541	20.991
24.50	24.50	0.230558	21.092
24.50	24.50	0.230574	21.192
24.50	24.50	0.230591	21.292
24.50	24.50	0.230608	21.392
24.50	24.50	0.230624	21.492
24.50	24.50	0.230641	21.593
24.53	24.50	0.230658	21.692
24.53	24.50	0.230674	21.792
24.53	24.50	0.230691	21.892
24.53	24.50	0.230708	21.992
24.53	24.50	0.230724	22.092
24.50	24.50	0.230741	22.192
24.50	24.50	0.230758	22.293
24.50	24.50	0.230774	22.392
24.50	24.50	0.230791	22.493
24.50	24.50	0.230808	22.592
24.50	24.50	0.230824	22.693
24.50	24.50	0.230841	22.793
24.50	24.50	0.230858	22.893
24.50	24.50	0.230874	22.993
24.50	24.50	0.230891	23.093
24.50	24.50	0.230908	23.194
24.50	24.50	0.230924	23.293
24.50	24.50	0.230941	23.394
24.50	24.50	0.230958	23.493
24.50	24.50	0.230974	23.593
24.50	24.50	0.230991	23.693
24.50	24.50	0.231008	23.793
24.50	24.50	0.231024	23.893
24.50	24.50	0.231041	23.993
24.50	24.50	0.231058	24.094
24.50	24.50	0.231074	24.193
24.50	24.50	0.231091	24.293
24.48	24.50	0.231108	24.393
24.48	24.50	0.231124	24.493
24.48	24.50	0.231141	24.593
24.48	24.50	0.231158	24.693
24.48	24.50	0.231174	24.794
24.48	24.50	0.231191	24.893
24.48	24.50	0.231207	24.994
24.50	24.50	0.231224	25.093
24.50	24.50	0.231241	25.193
24.50	24.50	0.231257	25.293
24.50	24.50	0.231274	25.393
24.50	24.50	0.231291	25.493
24.50	24.50	0.231307	25.593
24.50	24.50	0.231324	25.717
24.50	24.50	0.231341	25.822
24.50	24.50	0.231357	25.892
24.50	24.50	0.231374	26.016
24.50	24.50	0.231391	26.121
24.50	24.50	0.231407	26.215
24.50	24.50	0.231424	26.315
24.50	24.50	0.231441	26.419
24.50	24.50	0.231457	26.514
24.50	24.50	0.231474	26.614
24.50	24.50	0.231491	26.718
24.50	24.50	0.231507	26.813
24.50	24.50	0.231524	26.912
24.50	24.50	0.231541	27.017
24.50	24.50	0.231557	27.111
24.50	24.50	0.231574	27.211
24.50	24.50	0.231591	27.315
24.50	24.50	0.231607	27.411
24.50	24.50	0.231624	27.511
24.50	24.50	0.231641	27.615
24.50	24.50	0.231657	27.710
24.50	24.50	0.231674	27.810
24.50	24.50	0.231691	27.914
24.50	24.50	0.231707	28.008
24.50	24.50	0.231724	28.110
24.50	24.50	0.231741	28.212
24.50	24.50	0.231757	28.307
24.50	24.50	0.231774	28.411
24.50	24.50	0.231791	28.511
24.50	24.50	0.231807	28.606
24.50	24.50	0.231824	28.710
24.50	24.50	0.231841	28.810
24.50	24.50	0.231857	28.904
24.50	24.50	0.231874	29.009
24.50	24.50	0.231891	29.109
24.50	24.50	0.231907	29.203
24.50	24.50	0.231924	29.308
24.50	24.50	0.231941	29.407
24.50	24.50	0.231957	29.502
24.50	24.50	0.231974	29.606
24.50	24.50	0.231991	29.706
24.50	24.50	0.232007	29.800
24.50	24.50	0.232024	29.905
24.50	24.50	0.232040	30.000
24.50	24.50	0.232057	30.099
24.50	24.50	0.232074	30.205
24.50	24.50	0.232090	30.299
24.50	24.50	0.232107	30.399
24.50	24.50	0.232124	30.503
24.50	24.50	0.232140	30.598
24.50	24.50	0.232157	30.698
24.50	24.50	0.232174	30.802
24.50	24.50	0.232190	30.897
24.50	24.50	0.232207	30.996
24.50	24.50	0.232224	31.101
24.50	24.50	0.232240	31.195
24.50	24.50	0.232257	31.295
24.50	24.50	0.232274	31.399
24.50	24.50	0.232290	31.494
24.50	24.50	0.232307	31.595
24.50	24.50	0.232324	31.698
24.50	24.50	0.232340	31.794
24.50	24.50	0.232357	31.894
24.50	24.50	0.232374	31.997
24.50	24.50	0.232390	32.094
24.50	24.50	0.232407	32.194
24.50	24.50	0.232424	32.296
24.50	24.50	0.232440	32.394
24.50	24.50	0.232457	32.494
24.50	24.50	0.232474	32.594
24.50	24.50	0.232490	32.694
24.50	24.50	0.232507	32.794
24.50	24.50	0.232524	32.894
24.50	24.50	0.232540	32.994
24.50	24.50	0.232557	33.094
24.50	24.50	0.232574	33.195
24.50	24.50	0.232590	33.294
24.50	24.50	0.232607	33.394
24.50	24.50	0.232624	33.494
24.50	24.50	0.232640	33.594
24.50	24.50	0.232657	33.694
24.50	24.50	0.232674	33.794
24.50	24.50	0.232690	33.895
24.50	24.50	0.232707	33.994
24.50	24.50	0.232724	34.095
24.50	24.50	0.232740	34.194
24.50	24.50	0.232757	34.294
24.50	24.50	0.232774	34.394
24.50	24.50	0.232790	34.494
24.50	24.50	0.232807	34.594
24.50	24.50	0.232824	34.694
24.50	24.50	0.232840	34.795
24.50	24.50	0.232857	34.894
24.50	24.50	0.232873	34.995
24.50	24.50	0.232890	35.094
24.50	24.50	0.232907	35.194
24.50	24.50	0.232923	35.294
24.50	24.50	0.232940	35.394
24.50	24.50	0.232957	35.494
24.50	24.50	0.232973	35.594
24.50	24.50	0.232990	35.695
24.50	24.50	0.233007	35.794
24.50	24.50	0.233023	35.894
24.50	24.50	0.233040	35.994
24.50	24.50	0.233057	36.094
24.50	24.50	0.233073	36.194
24.50	24.50	0.233090	36.294
24.50	24.50	0.233107	36.395
24.50	24.50	0.233123	36.494
24.50	24.50	0.233140	36.595
24.50	24.50	0.233157	36.694
24.50	24.50	0.233173	36.794
24.50	24.50	0.233190	36.894
24.50	24.50	0.233207	36.994
24.50	24.50	0.233223	37.094
24.50	24.50	0.233240	37.194
24.50	24.50	0.233257	37.295
24.50	24.50	0.233273	37.394
24.53	24.50	0.233290	37.494
24.53	24.50	0.233307	37.594
24.53	24.50	0.233323	37.694
24.53	24.50	0.233340	37.794
24.53	24.50	0.233357	37.894
24.53	24.50	0.233373	38.018
24.50	24.50	0.233390	38.123
24.50	24.50	0.233407	38.217
24.50	24.50	0.233423	38.317
24.50	24.50	0.233440	38.422
24.50	24.50	0.233457	38.516
24.50	24.50	0.233473	38.616
24.50	24.50	0.233490	38.720
24.50	24.50	0.233507	38.815
24.50	24.50	0.233523	38.914
24.50	24.50	0.233540	39.019
24.50	24.50	0.233557	39.114
24.50	24.50	0.233573	39.213
24.50	24.50	0.233590	39.318
24.50	24.50	0.233607	39.412
24.50	24.50	0.233623	39.512
24.50	24.50	0.233640	39.616
24.50	24.50	0.233657	39.711
24.50	24.50	0.233673	39.811
24.50	24.50	0.233690	39.915
24.50	24.50	0.233706	40.010
24.50	24.50	0.233723	40.110
24.50	24.50	0.233740	40.215
24.50	24.50	0.233756	40.308
24.48	24.50	0.233773	40.409
24.48	24.50	0.233790	40.513
24.48	24.50	0.233806	40.608
24.48	24.50	0.233823	40.708
24.48	24.50	0.233840	40.812
24.50	24.50	0.233856	40.907
24.50	24.50	0.233873	41.007
24.50	24.50	0.233890	41.111
24.50	24.50	0.233906	41.205
24.50	24.50	0.233923	41.308
24.50	24.50	0.233940	41.409
24.50	24.50	0.233956	41.504
24.50	24.50	0.233973	41.608
24.50	24.50	0.233990	41.708
24.50	24.50	0.234006	41.803
24.50	24.50	0.234023	41.907
24.50	24.50	0.234040	42.007
24.50	24.50	0.234056	42.101
24.50	24.50	0.234073	42.206
24.50	24.50	0.234090	42.306
24.50	24.50	0.234106	42.400
24.50	24.50	0.234123	42.505
24.50	24.50	0.234140	42.604
24.50	24.50	0.234156	42.699
24.50	24.50	0.234173	42.803
24.50	24.50	0.234190	42.903
24.50	24.50	0.234206	42.997
24.50	24.50	0.234223	43.103
24.50	24.50	0.234240	43.197
24.50	24.50	0.234256	43.297
24.50	24.50	0.234273	43.402
24.50	24.50	0.234290	43.496
24.50	24.50	0.234306	43.596
24.50	24.50	0.234323	43.700
24.50	24.50	0.234340	43.795
24.50	24.50	0.234356	43.896
24.50	24.50	0.234373	43.999
24.50	24.50	0.234390	44.096
24.50	24.50	0.234406	44.195
24.50	24.50	0.234423	44.298
24.50	24.50	0.234440	44.395
24.50	24.50	0.234456	44.495
24.50	24.50	0.234473	44.596
24.50	24.50	0.234490	44.695
24.50	24.50	0.234506	44.796
24.50	24.50	0.234523	44.895
24.50	24.50	0.234539	44.995
24.50	24.50	0.234556	45.095
24.50	24.50	0.234573	45.196
24.50	24.50	0.234589	45.296
24.50	24.50	0.234606	45.396
24.50	24.50	0.234623	45.496
24.50	24.50	0.234639	45.596
24.50	24.50	0.234656	45.697
24.50	24.50	0.234673	45.796
24.53	24.50	0.234689	45.896
24.53	24.50	0.234706	45.996
24.53	24.50	0.234723	46.096
24.53	24.50	0.234739	46.196
24.50	24.50	0.234756	46.296
24.50	24.50	0.234773	46.397
24.50	24.50	0.234789	46.496
24.50	24.50	0.234806	46.597
24.50	24.50	0.234823	46.696
24.50	24.50	0.234839	46.796
24.50	24.50	0.234856	46.896
24.50	24.50	0.234873	46.996
24.50	24.50	0.234889	47.096
24.50	24.50	0.234906	47.196
24.50	24.50	0.234923	47.297
24.50	24.50	0.234939	47.396
24.50	24.50	0.234956	47.496
24.50	24.50	0.234973	47.596
24.50	24.50	0.234989	47.696
24.50	24.50	0.235006	47.796
24.50	24.50	0.235023	47.896
24.50	24.50	0.235039	47.997
24.50	24.50	0.235056	48.096
24.50	24.50	0.235073	48.197
24.50	24.50	0.235089	48.296
24.50	24.50	0.235106	48.396
24.50	24.50	0.235123	48.496
24.50	24.50	0.235139	48.596
24.50	24.50	0.235156	48.696
24.50	24.50	0.235173	48.796
24.50	24.50	0.235189	48.897
24.50	24.50	0.235206	48.996
24.50	24.50	0.235223	49.096
24.50	24.50	0.235239	49.196
24.50	24.50	0.235256	49.296
24.50	24.50	0.235273	49.396
24.50	24.50	0.235289	49.496
24.50	24.50	0.235306	49.596
24.50	24.50	0.235323	49.696
24.50	24.50	0.235339	49.801
24.50	24.50	0.235356	49.895
24.50	24.50	0.235372	49.996
24.50	24.50	0.235389	50.125
24.50	24.50	0.235406	50.224
24.50	24.50	0.235422	50.318
24.50	24.50	0.235439	50.424
24.50	24.50	0.235456	50.523
24.50	24.50	0.235472	50.618
24.50	24.50	0.235489	50.723
24.50	24.50	0.235506	50.822
24.50	24.50	0.235522	50.917
24.50	24.50	0.235539	51.021
24.50	24.50	0.235556	51.116
24.50	24.50	0.235572	51.215
24.50	24.50	0.235589	51.320
24.50	24.50	0.235606	51.414
24.50	24.50	0.235622	51.514
24.50	24.50	0.235639	51.619
24.50	24.50	0.235656	51.713
24.50	24.50	0.235672	51.813
24.50	24.50	0.235689	51.917
24.50	24.50	0.235706	52.012
24.50	24.50	0.235722	52.111
24.50	24.50	0.235739	52.216
24.50	24.50	0.235756	52.311
24.50	24.50	0.235772	52.410
24.50	24.50	0.235789	52.515
24.50	24.50	0.235806	52.609
24.50	24.50	0.235822	52.709
24.50	24.50	0.235839	52.813
24.50	24.50	0.235856	52.908
24.50	24.50	0.235872	53.007
24.50	24.50	0.235889	53.112
24.50	24.50	0.235906	53.207
24.50	24.50	0.235922	53.307
24.50	24.50	0.235939	53.412
24.50	24.50	0.235956	53.506
24.50	24.50	0.235972	53.606
24.50	24.50	0.235989	53.710
24.50	24.50	0.236006	53.805
24.50	24.50	0.236022	53.905
24.50	24.50	0.236039	54.009
24.50	24.50	0.236056	54.104
24.50	24.50	0.236072	54.204
24.50	24.50	0.236089	54.308
24.50	24.50	0.236106	54.402
24.50	24.50	0.236122	54.505
24.50	24.50	0.236139	54.606
24.50	24.50	0.236156	54.701
24.50	24.50	0.236172	54.805
24.50	24.50	0.236189	54.905
24.50	24.50	0.236205	55.000
24.50	24.50	0.236222	55.104
24.50	24.50	0.236239	55.204
24.50	24.50	0.236255	55.298
24.50	24.50	0.236272	55.403
24.50	24.50	0.236289	55.502
24.50	24.50	0.236305	55.598
24.50	24.50	0.236322	55.702
24.50	24.50	0.236339	55.801
24.50	24.50	0.236355	55.898
24.50	24.50	0.236372	56.000
24.50	24.50	0.236389	56.100
24.50	24.50	0.236405	56.198
24.50	24.50	0.236422	56.300
24.50	24.50	0.236439	56.400
24.50	24.50	0.236455	56.498
24.50	24.50	0.236472	56.599
24.50	24.50	0.236489	56.699
24.50	24.50	0.236505	56.798
24.50	24.50	0.236522	56.898
24.50	24.50	0.236539	57.000
24.53	24.50	0.236555	57.098
24.53	24.50	0.236572	57.198
24.53	24.50	0.236589	57.300
24.53	24.50	0.236605	57.398
24.50	24.50	0.236622	57.498
24.50	24.50	0.236639	57.599
24.50	24.50	0.236655	57.699
24.50	24.50	0.236672	57.799
24.50	24.50	0.236689	57.899
24.50	24.50	0.236705	58.000
24.50	24.50	0.236722	58.099
24.50	24.50	0.236739	58.200
24.50	24.50	0.236755	58.299
24.50	24.50	0.236772	58.399
24.50	24.50	0.236789	58.499
24.50	24.50	0.236805	58.599
24.50	24.50	0.236822	58.700
24.50	24.50	0.236839	58.800
24.50	24.50	0.236855	58.901
24.50	24.50	0.236872	59.000
24.50	24.50	0.236889	59.100
24.50	24.50	0.236905	59.200
24.50	24.50	0.236922	59.300
24.50	24.50	0.236939	59.400
24.50	24.50	0.236955	59.500
24.50	24.50	0.236972	59.600
24.50	24.50	0.236989	59.700
24.50	24.50	0.237005	59.801
24.50	24.50	0.237022	59.900
24.50	24.50	0.237038	00.000
24.50	24.50	0.237055	00.100
24.50	24.50	0.237072	00.200
24.50	24.50	0.237088	00.300
24.50	24.50	0.237105	00.399
24.50	24.50	0.237122	00.501
24.50	24.50	0.237138	00.600
24.50	24.50	0.237155	00.700
24.50	24.50	0.237172	00.800
24.50	24.50	0.237188	00.901
24.50	24.50	0.237205	01.001
24.50	24.50	0.237222	01.101
24.50	24.50	0.237238	01.225
24.50	24.50	0.237255	01.330
24.50	24.50	0.237272	01.425
24.50	24.50	0.237288	01.524
24.50	24.50	0.237305	01.629
24.50	24.50	0.237322	01.723
24.50	24.50	0.237338	01.823
24.50	24.50	0.237355	01.927
24.50	24.50	0.237372	02.022
24.50	24.50	0.237388	02.123
24.50	24.50	0.237405	02.226
24.50	24.50	0.237422	02.321
24.50	24.50	0.237438	02.423
24.50	24.50	0.237455	02.525
24.50	24.50	0.237472	02.619
24.50	24.50	0.237488	02.723
24.50	24.50	0.237505	02.823
24.50	24.50	0.237522	02.918
24.50	24.50	0.237538	03.022
24.50	24.50	0.237555	03.122
24.50	24.50	0.237572	03.217
24.50	24.50	0.237588	03.322
24.50	24.50	0.237605	03.422
24.50	24.50	0.237622	03.515
24.50	24.50	0.237638	03.621
24.50	24.50	0.237655	03.720
24.50	24.50	0.237672	03.815
24.50	24.50	0.237688	03.920
24.50	24.50	0.237705	04.019
24.50	24.50	0.237722	04.114
24.50	24.50	0.237738	04.218
24.50	24.50	0.237755	04.313
24.50	24.50	0.237772	04.412
24.50	24.50	0.237788	04.517
24.50	24.50	0.237805	04.611
24.50	24.50	0.237822	04.711
24.50	24.50	0.237838	04.816
24.50	24.50	0.237855	04.910
24.50	24.50	0.237871	05.010
24.50	24.50	0.237888	05.114
24.50	24.50	0.237905	05.209
24.50	24.50	0.237921	05.308
24.50	24.50	0.237938	05.413
24.50	24.50	0.237955	05.508
24.50	24.50	0.237971	05.607
24.50	24.50	0.237988	05.712
24.50	24.50	0.238005	05.806
24.50	24.50	0.238021	05.906
24.50	24.50	0.238038	06.010
24.50	24.50	0.238055	06.105
24.50	24.50	0.238071	06.204
24.50	24.50	0.238088	06.310
24.50	24.50	0.238105	06.405
24.50	24.50	0.238121	06.504
24.50	24.50	0.238138	06.609
24.50	24.50	0.238155	06.703
24.50	24.50	0.238171	06.803
24.50	24.50	0.238188	06.907
24.50	24.50	0.238205	07.002
24.50	24.50	0.238221	07.102
24.50	24.50	0.238238	07.206
24.50	24.50	0.238255	07.302
24.50	24.50	0.238271	07.402
24.50	24.50	0.238288	07.505
24.50	24.50	0.238305	07.601
24.50	24.50	0.238321	07.702
24.50	24.50	0.238338	07.803
24.50	24.50	0.238355	07.901
24.50	24.50	0.238371	08.002
24.50	24.50	0.238388	08.102
24.50	24.50	0.238405	08.201
24.50	24.50	0.238421	08.301
24.50	24.50	0.238438	08.401
24.50	24.50	0.238455	08.501
24.50	24.50	0.238471	08.601
24.50	24.50	0.238488	08.701
24.50	24.50	0.238505	08.801
24.50	24.50	0.238521	08.902
24.50	24.50	0.238538	09.001
24.50	24.50	0.238555	09.101
24.50	24.50	0.238571	09.201
24.50	24.50	0.238588	09.301
24.50	24.50	0.238605	09.401
24.50	24.50	0.238621	09.501
24.50	24.50	0.238638	09.602
24.50	24.50	0.238655	09.701
24.50	24.50	0.238671	09.802
24.50	24.50	0.238688	09.901
24.50	24.50	0.238704	10.001
24.50	24.50	0.238721	10.101
24.53	24.50	0.238738	10.201
24.53	24.50	0.238754	10.301
24.53	24.50	0.238771	10.401
24.53	24.50	0.238788	10.502
24.53	24.50	0.238804	10.601
24.53	24.50	0.238821	10.700
24.50	24.50	0.238838	10.801
24.50	24.50	0.238854	10.901
24.50	24.50	0.238871	11.001
24.50	24.50	0.238888	11.101
24.50	24.50	0.238904	11.202
24.50	24.50	0.238921	11.301
24.50	24.50	0.238938	11.402
24.50	24.50	0.238954	11.501
24.50	24.50	0.238971	11.601
24.50	24.50	0.238988	11.701
24.50	24.50	0.239004	11.801
24.50	24.50	0.239021	11.901
24.50	24.50	0.239038	12.001
24.50	24.50	0.239054	12.102
24.50	24.50	0.239071	12.201
24.50	24.50	0.239088	12.302
24.50	24.50	0.239104	12.401
24.50	24.50	0.239121	12.501
24.50	24.50	0.239138	12.601
24.50	24.50	0.239154	12.701
24.50	24.50	0.239171	12.801
24.50	24.50	0.239188	12.901
24.50	24.50	0.239204	13.003
24.50	24.50	0.239221	13.102
24.50	24.50	0.239238	13.202
24.50	24.50	0.239254	13.302
24.50	24.50	0.239271	13.402
24.50	24.50	0.239288	13.525
24.50	24.50	0.239304	13.631
24.48	24.50	0.239321	13.725
24.48	24.50	0.239338	13.825
24.48	24.50	0.239354	13.930
24.48	24.50	0.239371	14.024
24.48	24.50	0.239388	14.124
24.48	24.50	0.239404	14.228
24.48	24.50	0.239421	14.323
24.48	24.50	0.239438	14.422
24.50	24.50	0.239454	14.527
24.50	24.50	0.239471	14.621
24.50	24.50	0.239488	14.721
24.50	24.50	0.239504	14.826
24.50	24.50	0.239521	14.920
24.50	24.50	0.239537	15.021
24.50	24.50	0.239554	15.124
24.50	24.50	0.239571	15.219
24.50	24.50	0.239587	15.320
24.50	24.50	0.239604	15.423
24.50	24.50	0.239621	15.518
24.50	24.50	0.239637	15.620
24.50	24.50	0.239654	15.722
24.50	24.50	0.239671	15.816
24.50	24.50	0.239687	15.920
24.50	24.50	0.239704	16.020
24.50	24.50	0.239721	16.115
24.50	24.50	0.239737	16.219
24.50	24.50	0.239754	16.319
24.50	24.50	0.239771	16.414
24.50	24.50	0.239787	16.518
24.50	24.50	0.239804	16.618
24.50	24.50	0.239821	16.713
24.50	24.50	0.239837	16.818
24.50	24.50	0.239854	16.917
24.50	24.50	0.239871	17.012
24.50	24.50	0.239887	17.117
24.50	24.50	0.239904	17.216
24.50	24.50	0.239921	17.311
24.50	24.50	0.239937	17.415
24.50	24.50	0.239954	17.510
24.50	24.50	0.239971	17.609
24.50	24.50	0.239987	17.714
24.50	24.50	0.240004	17.808
24.50	24.50	0.240021	17.908
24.50	24.50	0.240037	18.013
24.50	24.50	0.240054	18.107
24.50	24.50	0.240071	18.207
24.50	24.50	0.240087	18.311
24.50	24.50	0.240104	18.406
24.50	24.50	0.240121	18.505
24.50	24.50	0.240137	18.610
24.50	24.50	0.240154	18.705
24.53	24.50	0.240171	18.804
24.53	24.50	0.240187	18.909
24.53	24.50	0.240204	19.004
24.53	24.50	0.240221	19.104
24.53	24.50	0.240237	19.208
24.50	24.50	0.240254	19.304
24.50	24.50	0.240271	19.404
24.50	24.50	0.240287	19.507
24.50	24.50	0.240304	19.605
24.50	24.50	0.240321	19.704
24.50	24.50	0.240337	19.806
24.50	24.50	0.240354	19.904
24.50	24.50	0.240370	20.004
24.50	24.50	0.240387	20.104
24.50	24.50	0.240404	20.204
24.50	24.50	0.240420	20.305
24.50	24.50	0.240437	20.404
24.50	24.50	0.240454	20.505
24.50	24.50	0.240470	20.604
24.50	24.50	0.240487	20.704
24.50	24.50	0.240504	20.804
24.50	24.50	0.240520	20.904
24.50	24.50	0.240537	21.004
24.50	24.50	0.240554	21.104
24.50	24.50	0.240570	21.205
24.50	24.50	0.240587	21.304
24.50	24.50	0.240604	21.404
24.50	24.50	0.240620	21.504
24.50	24.50	0.240637	21.604
24.50	24.50	0.240654	21.704
24.50	24.50	0.240670	21.804
24.50	24.50	0.240687	21.905
24.50	24.50	0.240704	22.004
24.50	24.50	0.240720	22.105
24.50	24.50	0.240737	22.204
24.50	24.50	0.240754	22.304
24.50	24.50	0.240770	22.404
24.50	24.50	0.240787	22.504
24.50	24.50	0.240804	22.603
24.50	24.50	0.240820	22.704
24.50	24.50	0.240837	22.805
24.50	24.50	0.240854	22.904
24.50	24.50	0.240870	23.004
24.50	24.50	0.240887	23.104
24.50	24.50	0.240904	23.204
24.50	24.50	0.240920	23.304
24.50	24.50	0.240937	23.404
24.50	24.50	0.240954	23.504
24.50	24.50	0.240970	23.605
24.50	24.50	0.240987	23.706
24.50	24.50	0.241004	23.805
24.50	24.50	0.241020	23.905
24.50	24.50	0.241037	24.005
24.50	24.50	0.241054	24.105
24.50	24.50	0.241070	24.205
24.50	24.50	0.241087	24.305
24.50	24.50	0.241104	24.406
24.50	24.50	0.241120	24.505
24.50	24.50	0.241137	24.605
24.50	24.50	0.241154	24.704
24.50	24.50	0.241170	24.805
24.50	24.50	0.241187	24.905
24.50	24.50	0.241203	25.005
24.50	24.50	0.241220	25.135
24.50	24.50	0.241237	25.229
24.50	24.50	0.241253	25.333
24.50	24.50	0.241270	25.428
24.50	24.50	0.241287	25.528
24.50	24.50	0.241303	25.632
24.50	24.50	0.241320	25.727
24.50	24.50	0.241337	25.826
24.50	24.50	0.241353	25.931
24.50	24.50	0.241370	26.025
24.50	24.50	0.241387	26.125
24.50	24.50	0.241403	26.230
24.50	24.50	0.241420	26.324
24.48	24.50	0.241437	26.424
24.48	24.50	0.241453	26.528
24.48	24.50	0.241470	26.623
24.48	24.50	0.241487	26.722
24.48	24.50	0.241503	26.827
24.50	24.50	0.241520	26.922
24.50	24.50	0.241537	27.022
24.50	24.50	0.241553	27.127
24.50	24.50	0.241570	27.221
24.50	24.50	0.241587	27.321
24.50	24.50	0.241603	27.425
24.50	24.50	0.241620	27.520
24.50	24.50	0.241637	27.619
24.50	24.50	0.241653	27.724
24.50	24.50	0.241670	27.819
24.50	24.50	0.241687	27.918
24.50	24.50	0.241703	28.023
24.50	24.50	0.241720	28.117
24.50	24.50	0.241737	28.218
24.50	24.50	0.241753	28.321
24.50	24.50	0.241770	28.416
24.50	24.50	0.241787	28.517
24.50	24.50	0.241803	28.620
24.50	24.50	0.241820	28.715
24.50	24.50	0.241837	28.817
24.50	24.50	0.241853	28.919
24.50	24.50	0.241870	29.013
24.50	24.50	0.241887	29.117
24.50	24.50	0.241903	29.217
24.50	24.50	0.241920	29.312
24.50	24.50	0.241937	29.417
24.50	24.50	0.241953	29.516
24.50	24.50	0.241970	29.611
24.50	24.50	0.241987	29.715
24.50	24.50	0.242003	29.815
24.50	24.50	0.242020	29.909
24.50	24.50	0.242036	30.015
24.50	24.50	0.242053	30.114
24.50	24.50	0.242070	30.209
24.50	24.50	0.242086	30.314
24.50	24.50	0.242103	30.413
24.50	24.50	0.242120	30.508
24.50	24.50	0.242136	30.612
24.50	24.50	0.242153	30.707
24.50	24.50	0.242170	30.806
24.50	24.50	0.242186	30.911
24.50	24.50	0.242203	31.008
24.50	24.50	0.242220	31.107
24.50	24.50	0.242236	31.210
24.50	24.50	0.242253	31.307
24.50	24.50	0.242270	31.407
24.50	24.50	0.242286	31.508
24.50	24.50	0.242303	31.607
24.50	24.50	0.242320	31.707
24.50	24.50	0.242336	31.807
24.50	24.50	0.242353	31.912
24.53	24.50	0.242370	32.007
24.53	24.50	0.242386	32.107
24.53	24.50	0.242403	32.207
24.53	24.50	0.242420	32.308
24.53	24.50	0.242436	32.409
24.53	24.50	0.242453	32.512
24.50	24.50	0.242470	32.609
24.50	24.50	0.242486	32.709
24.50	24.50	0.242503	32.812
24.50	24.50	0.242520	32.910
24.50	24.50	0.242536	33.010
24.50	24.50	0.242553	33.112
24.50	24.50	0.242570	33.210
24.50	24.50	0.242586	33.310
24.50	24.50	0.242603	33.412
24.50	24.50	0.242620	33.510
24.50	24.50	0.242636	33.610
24.50	24.50	0.242653	33.712
24.50	24.50	0.242670	33.811
24.50	24.50	0.242686	33.912
24.50	24.50	0.242703	34.012
24.50	24.50	0.242720	34.112
24.50	24.50	0.242736	34.212
24.50	24.50	0.242753	34.312
24.50	24.50	0.242770	34.413
24.50	24.50	0.242786	34.512
24.50	24.50	0.242803	34.613
24.50	24.50	0.242820	34.712
24.50	24.50	0.242836	34.812
24.50	24.50	0.242853	34.912
24.50	24.50	0.242869	35.012
24.50	24.50	0.242886	35.112
24.50	24.50	0.242903	35.212
24.50	24.50	0.242919	35.313
24.50	24.50	0.242936	35.412
24.50	24.50	0.242953	35.513
24.48	24.50	0.242969	35.612
24.48	24.50	0.242986	35.712
24.48	24.50	0.243003	35.836
24.48	24.50	0.243019	35.941
24.48	24.50	0.243036	36.035
24.50	24.50	0.243053	36.136
24.50	24.50	0.243069	36.240
24.50	24.50	0.243086	36.334
24.50	24.50	0.243103	36.411
24.50	24.50	0.243119	36.538
24.50	24.50	0.243136	36.633
24.50	24.50	0.243153	36.735
24.50	24.50	0.243169	36.837
24.50	24.50	0.243186	36.931
24.50	24.50	0.243203	37.035
24.50	24.50	0.243219	37.136
24.50	24.50	0.243236	37.230
24.50	24.50	0.243253	37.335
24.50	24.50	0.243269	37.434
24.50	24.50	0.243286	37.529
24.50	24.50	0.243303	37.634
24.50	24.50	0.243319	37.734
24.50	24.50	0.243336	37.829
24.50	24.50	0.243353	37.933
24.50	24.50	0.243369	38.033
24.50	24.50	0.243386	38.127
24.50	24.50	0.243403	38.232
24.50	24.50	0.243419	38.331
24.50	24.50	0.243436	38.426
24.50	24.50	0.243453	38.530
24.50	24.50	0.243469	38.625
24.50	24.50	0.243486	38.725
24.50	24.50	0.243503	38.829
24.50	24.50	0.243519	38.924
24.50	24.50	0.243536	39.023
24.50	24.50	0.243553	39.128
24.50	24.50	0.243569	39.222
24.50	24.50	0.243586	39.322
24.50	24.50	0.243603	39.426
24.50	24.50	0.243619	39.521
24.50	24.50	0.243636	39.621
24.50	24.50	0.243653	39.725
24.50	24.50	0.243669	39.820
24.50	24.50	0.243686	39.919
24.50	24.50	0.243702	40.024
24.50	24.50	0.243719	40.118
24.50	24.50	0.243736	40.219
24.50	24.50	0.243752	40.324
24.50	24.50	0.243769	40.418
24.50	24.50	0.243786	40.518
24.50	24.50	0.243802	40.622
24.50	24.50	0.243819	40.717
24.50	24.50	0.243836	40.816
24.50	24.50	0.243852	40.921
24.50	24.50	0.243869	41.016
24.50	24.50	0.243886	41.115
24.50	24.50	0.243902	41.220
24.50	24.50	0.243919	41.314
24.50	24.50	0.243936	41.415
24.50	24.50	0.243952	41.518
24.50	24.50	0.243969	41.613
24.50	24.50	0.243986	41.714
24.50	24.50	0.244002	41.817
24.50	24.50	0.244019	41.913
24.50	24.50	0.244036	42.014
24.50	24.50	0.244052	42.116
24.50	24.50	0.244069	42.212
24.50	24.50	0.244086	42.314
24.50	24.50	0.244102	42.414
24.50	24.50	0.244119	42.512
24.50	24.50	0.244136	42.614
24.50	24.50	0.244152	42.713
24.50	24.50	0.244169	42.813
24.50	24.50	0.244186	42.912
24.50	24.50	0.244202	43.012
24.50	24.50	0.244219	43.112
24.50	24.50	0.244236	43.212
24.50	24.50	0.244252	43.312
24.50	24.50	0.244269	43.412
24.50	24.50	0.244286	43.513
24.50	24.50	0.244302	43.612
24.50	24.50	0.244319	43.713
24.50	24.50	0.244336	43.812
24.50	24.50	0.244352	43.912
24.50	24.50	0.244369	44.012
24.50	24.50	0.244386	44.112
24.50	24.50	0.244402	44.212
24.50	24.50	0.244419	44.312
24.50	24.50	0.244436	44.413
24.50	24.50	0.244452	44.512
24.50	24.50	0.244469	44.612
24.50	24.50	0.244486	44.712
24.48	24.50	0.244502	44.813
24.48	24.50	0.244519	44.913
24.48	24.50	0.244535	45.013
24.48	24.50	0.244552	45.113
24.48	24.50	0.244569	45.213
24.48	24.50	0.244585	45.314
24.48	24.50	0.244602	45.413
24.48	24.50	0.244619	45.513
24.48	24.50	0.244635	45.613
24.48	24.50	0.244652	45.713
24.48	24.50	0.244669	45.813
24.50	24.50	0.244685	45.913
24.50	24.50	0.244702	46.014
24.50	24.50	0.244719	46.113
24.50	24.50	0.244735	46.214
24.50	24.50	0.244752	46.313
24.50	24.50	0.244769	46.413
24.50	24.50	0.244785	46.513
24.50	24.50	0.244802	46.613
24.50	24.50	0.244819	46.713
24.50	24.50	0.244835	46.813
24.50	24.50	0.244852	46.914
24.50	24.50	0.244869	47.013
24.50	24.50	0.244885	47.113
24.50	24.50	0.244902	47.213
24.50	24.50	0.244919	47.313
24.50	24.50	0.244935	47.413
24.50	24.50	0.244952	47.513
24.50	24.50	0.244969	47.614
24.50	24.50	0.244985	47.713
24.50	24.50	0.245002	47.814
24.50	24.50	0.245019	47.913
24.50	24.50	0.245035	48.013
24.50	24.50	0.245052	48.137
24.50	24.50	0.245069	48.242
24.50	24.50	0.245085	48.336
24.50	24.50	0.245102	48.436
24.50	24.50	0.245119	48.540
24.50	24.50	0.245135	48.635
24.50	24.50	0.245152	48.735
24.50	24.50	0.245169	48.839
24.50	24.50	0.245185	48.934
24.50	24.50	0.245202	49.033
24.50	24.50	0.245219	49.138
24.50	24.50	0.245235	49.232
24.50	24.50	0.245252	49.333
24.50	24.50	0.245269	49.437
24.50	24.50	0.245285	49.531
24.50	24.50	0.245302	49.633
24.50	24.50	0.245319	49.735
24.50	24.50	0.245335	49.830
24.50	24.50	0.245352	49.932
24.50	24.50	0.245368	50.034
24.50	24.50	0.245385	50.128
24.50	24.50	0.245402	50.232
24.50	24.50	0.245418	50.333
24.50	24.50	0.245435	50.427
24.50	24.50	0.245452	50.532
24.50	24.50	0.245468	50.632
24.50	24.50	0.245485	50.727
24.50	24.50	0.245502	50.831
24.50	24.50	0.245518	50.931
24.50	24.50	0.245535	51.026
24.50	24.50	0.245552	51.130
24.50	24.50	0.245568	51.230
24.50	24.50	0.245585	51.324
24.50	24.50	0.245602	51.429
24.50	24.50	0.245618	51.528
24.50	24.50	0.245635	51.623
24.50	24.50	0.245652	51.727
24.50	24.50	0.245668	51.822
24.50	24.50	0.245685	51.922
24.50	24.50	0.245702	52.026
24.50	24.50	0.245718	52.121
24.48	24.50	0.245735	52.220
24.48	24.50	0.245752	52.325
24.48	24.50	0.245768	52.419
24.48	24.50	0.245785	52.519
24.48	24.50	0.245802	52.624
24.48	24.50	0.245818	52.718
24.48	24.50	0.245835	52.818
24.48	24.50	0.245852	52.922
24.48	24.50	0.245868	53.017
24.48	24.50	0.245885	53.117
24.48	24.50	0.245902	53.221
24.50	24.50	0.245918	53.316
24.50	24.50	0.245935	53.416
24.50	24.50	0.245952	53.521
24.50	24.50	0.245968	53.615
24.50	24.50	0.245985	53.715
24.50	24.50	0.246002	53.819
24.50	24.50	0.246018	53.914
24.50	24.50	0.246035	54.013
24.50	24.50	0.246052	54.118
24.50	24.50	0.246068	54.214
24.50	24.50	0.246085	54.313
24.50	24.50	0.246102	54.417
24.50	24.50	0.246118	54.513
24.50	24.50	0.246135	54.613
24.50	24.50	0.246152	54.715
24.50	24.50	0.246168	54.813
24.50	24.50	0.246185	54.913
24.50	24.50	0.246201	55.014
24.50	24.50	0.246218	55.114
24.50	24.50	0.246235	55.213
24.50	24.50	0.246251	55.314
24.50	24.50	0.246268	55.413
24.50	24.50	0.246285	55.513
24.50	24.50	0.246301	55.613
24.50	24.50	0.246318	55.713
24.50	24.50	0.246335	55.813
24.50	24.50	0.246351	55.913
24.50	24.50	0.246368	56.014
24.50	24.50	0.246385	56.113
24.50	24.50	0.246401	56.213
24.50	24.50	0.246418	56.313
24.50	24.50	0.246435	56.413
24.50	24.50	0.246451	56.513
24.50	24.50	0.246468	56.613
24.50	24.50	0.246485	56.714
24.50	24.50	0.246501	56.813
24.50	24.50	0.246518	56.914
24.50	24.50	0.246535	57.013
24.50	24.50	0.246551	57.113
24.50	24.50	0.246568	57.213
24.50	24.50	0.246585	57.313
24.50	24.50	0.246601	57.413
24.50	24.50	0.246618	57.513
24.50	24.50	0.246635	57.614
24.50	24.50	0.246651	57.713
24.50	24.50	0.246668	57.813
24.50	24.50	0.246685	57.913
24.50	24.50	0.246701	58.013
24.50	24.50	0.246718	58.113
24.50	24.50	0.246735	58.213
24.50	24.50	0.246751	58.313
24.50	24.50	0.246768	58.413
24.50	24.50	0.246785	58.514
24.50	24.50	0.246801	58.613
24.50	24.50	0.246818	58.713
24.50	24.50	0.246835	58.813
24.50	24.50	0.246851	58.913
24.50	24.50	0.246868	59.013
24.50	24.50	0.246885	59.113
24.50	24.50	0.246901	59.214
24.50	24.50	0.246918	59.313
24.50	24.50	0.246935	59.414
24.50	24.50	0.246951	59.513
24.50	24.50	0.246968	59.613
24.50	24.50	0.246985	59.713
24.50	24.50	0.247001	59.813
24.50	24.50	0.247018	59.913
24.50	24.50	0.247034	00.013
24.50	24.50	0.247051	00.114
24.48	24.50	0.247068	00.213
24.48	24.50	0.247084	00.313
24.48	24.50	0.247101	00.413
24.48	24.50	0.247118	00.513
24.48	24.50	0.247134	00.636
24.48	24.50	0.247151	00.737
24.48	24.50	0.247168	00.841
24.48	24.50	0.247184	00.936
24.50	24.50	0.247201	01.036
24.50	24.50	0.247218	01.140
24.50	24.50	0.247234	01.235
24.50	24.50	0.247251	01.334
24.50	24.50	0.247268	01.439
24.50	24.50	0.247284	01.533
24.50	24.50	0.247301	01.633
24.50	24.50	0.247318	01.737
24.50	24.50	0.247334	01.832
24.50	24.50	0.247351	01.932
24.50	24.50	0.247368	02.036
24.50	24.50	0.247384	02.131
24.50	24.50	0.247401	02.230
24.50	24.50	0.247418	02.335
24.50	24.50	0.247434	02.429
24.50	24.50	0.247451	02.530
24.50	24.50	0.247468	02.634
24.50	24.50	0.247484	02.728
24.50	24.50	0.247501	02.830
24.50	24.50	0.247518	02.932
24.50	24.50	0.247534	03.027
24.50	24.50	0.247551	03.129
24.50	24.50	0.247568	03.231
24.50	24.50	0.247584	03.325
24.50	24.50	0.247601	03.429
24.50	24.50	0.247618	03.530
24.50	24.50	0.247634	03.625
24.50	24.50	0.247651	03.730
24.50	24.50	0.247668	03.829
24.50	24.50	0.247684	03.924
24.50	24.50	0.247701	04.028
24.50	24.50	0.247718	04.128
24.50	24.50	0.247734	04.223
24.50	24.50	0.247751	04.327
24.50	24.50	0.247768	04.427
24.50	24.50	0.247784	04.521
24.50	24.50	0.247801	04.626
24.50	24.50	0.247818	04.725
24.50	24.50	0.247834	04.820
24.50	24.50	0.247851	04.924
24.50	24.50	0.247867	05.019
24.50	24.50	0.247884	05.119
24.50	24.50	0.247901	05.223
24.50	24.50	0.247917	05.318
24.50	24.50	0.247934	05.417
24.50	24.50	0.247951	05.522
24.50	24.50	0.247967	05.616
24.50	24.50	0.247984	05.716
24.50	24.50	0.248001	05.820
24.50	24.50	0.248017	05.915
24.50	24.50	0.248034	06.016
24.50	24.50	0.248051	06.119
24.50	24.50	0.248067	06.215
24.50	24.50	0.248084	06.315
24.50	24.50	0.248101	06.418
24.50	24.50	0.248117	06.515
24.50	24.50	0.248134	06.615
24.50	24.50	0.248151	06.718
24.50	24.50	0.248167	06.815
24.50	24.50	0.248184	06.915
24.50	24.50	0.248201	07.016
24.50	24.50	0.248217	07.115
24.50	24.50	0.248234	07.215
24.50	24.50	0.248251	07.315
24.50	24.50	0.248267	07.415
24.50	24.50	0.248284	07.515
24.50	24.50	0.248301	07.616
24.50	24.50	0.248317	07.715
24.50	24.50	0.248334	07.815
24.50	24.50	0.248351	07.916
24.50	24.50	0.248367	08.016
24.50	24.50	0.248384	08.116
24.50	24.50	0.248401	08.216
24.50	24.50	0.248417	08.317
24.50	24.50	0.248434	08.416
24.50	24.50	0.248451	08.517
24.50	24.50	0.248467	08.616
24.50	24.50	0.248484	08.716
24.50	24.50	0.248501	08.816
24.50	24.50	0.248517	08.916
24.50	24.50	0.248534	09.016
24.50	24.50	0.248551	09.116
24.50	24.50	0.248567	09.217
24.50	24.50	0.248584	09.316
24.50	24.50	0.248601	09.416
24.50	24.50	0.248617	09.516
24.50	24.50	0.248634	09.616
24.50	24.50	0.248651	09.716
24.50	24.50	0.248667	09.816
24.50	24.50	0.248684	09.916
24.50	24.50	0.248700	10.016
24.50	24.50	0.248717	10.116
24.50	24.50	0.248734	10.216
24.50	24.50	0.248750	10.316
24.50	24.50	0.248767	10.416
24.50	24.50	0.248784	10.516
24.50	24.50	0.248800	10.616
24.50	24.50	0.248817	10.716
24.50	24.50	0.248834	10.817
24.50	24.50	0.248850	10.916
24.50	24.50	0.248867	11.016
24.50	24.50	0.248884	11.116
24.50	24.50	0.248900	11.217
24.50	24.50	0.248917	11.317
24.50	24.50	0.248934	11.417
24.48	24.50	0.248950	11.518
24.48	24.50	0.248967	11.617
24.48	24.50	0.248984	11.718
24.48	24.50	0.249000	11.817
24.48	24.50	0.249017	11.917
24.48	24.50	0.249034	12.046
24.50	24.50	0.249050	12.141
24.50	24.50	0.249067	12.245
24.50	24.50	0.249084	12.345
24.50	24.50	0.249100	12.439
24.50	24.50	0.249117	12.544
24.50	24.50	0.249134	12.644
24.50	24.50	0.249150	12.738
24.50	24.50	0.249167	12.843
24.50	24.50	0.249184	12.942
24.50	24.50	0.249200	13.037
24.50	24.50	0.249217	13.141
24.50	24.50	0.249234	13.236
24.50	24.50	0.249250	13.336
24.50	24.50	0.249267	13.440
24.50	24.50	0.249284	13.535
24.50	24.50	0.249300	13.634
24.50	24.50	0.249317	13.739
24.50	24.50	0.249334	13.833
24.50	24.50	0.249350	13.933
24.50	24.50	0.249367	14.038
24.50	24.50	0.249384	14.133
24.50	24.50	0.249400	14.233
24.50	24.50	0.249417	14.337
24.50	24.50	0.249434	14.432
24.50	24.50	0.249450	14.531
24.50	24.50	0.249467	14.636
24.50	24.50	0.249484	14.730
24.50	24.50	0.249500	14.830
24.50	24.50	0.249517	14.934
24.50	24.50	0.249533	15.029
24.50	24.50	0.249550	15.129
24.50	24.50	0.249567	15.233
24.50	24.50	0.249583	15.328
24.50	24.50	0.249600	15.427
24.50	24.50	0.249617	15.532
24.50	24.50	0.249633	15.626
24.50	24.50	0.249650	15.726
24.50	24.50	0.249667	15.831
24.50	24.50	0.249683	15.925
24.50	24.50	0.249700	16.026
24.50	24.50	0.249717	16.129
24.50	24.50	0.249733	16.224
24.50	24.50	0.249750	16.326
24.50	24.50	0.249767	16.428
24.50	24.50	0.249783	16.522
24.50	24.50	0.249800	16.626
24.50	24.50	0.249817	16.728
24.50	24.50	0.249833	16.822
24.50	24.50	0.249850	16.926
24.50	24.50	0.249867	17.026
24.50	24.50	0.249883	17.121
